airfoil,Re_requested,status,error,Re_actual,Re_clamped,alpha_deg,CL,CD,L_over_D,CL_max,alpha_stall_deg,t_over_c
sa7038,1000000,ok,,1000000.0,False,-1.2567881639362848,0.2544560172325832,0.0023781225554106913,51.360035974126134,1.483369899665552,13.983277591973245,0.09199457829660668
e471,1000000,ok,,1000000.0,False,-2.6610169491525424,0.3791677966101695,0.0032352542372881357,42.33857904599416,1.3209,7.0,0.06259673617717289
goe165,1000000,ok,,1000000.0,False,-3.9837310810044784,0.27572159174649963,0.0036510810044782034,41.30093760617871,1.5405234113712374,9.989966555183948,0.12115619654737259
goe574,1000000,ok,,1000000.0,False,0.10679666685562061,0.4552495663511139,0.002824660166657219,41.1210489469372,1.1879892976588629,12.963210702341136,0.10249280080993702
ah21-9,1000000,ok,,1000000.0,False,0.4043988436029702,0.3296662774219148,0.003845516127203673,40.352063619015006,1.2876585284280937,11.993311036789297,0.06999736928370706
naca64206,1000000,ok,,1000000.0,False,0.898305084745763,0.26457796610169493,0.003876610169491526,39.71520231352556,0.6889,5.0,0.05989905600022401
naca65206,1000000,ok,,1000000.0,False,0.8813559322033901,0.2632050847457627,0.003873389830508474,39.70012119555994,0.681,5.0,0.059960151004744555
naca66206,1000000,ok,,1000000.0,False,0.9322033898305087,0.26911694915254236,0.00399593220338983,39.12954854790984,0.6549,5.0,0.059999760099116534
mh30,1000000,ok,,1000000.0,False,0.8644067796610173,0.31601355932203395,0.004126949152542373,39.011928782016675,1.0783,9.0,0.07838249994010468
s6063,1000000,ok,,1000000.0,False,1.0257921886514367,0.281120486366986,0.004063728813559322,39.00019269284142,1.0199702341137122,9.943143812709028,0.06962312325380104
ag18,1000000,ok,,1000000.0,False,0.5282580352587729,0.31183761691514095,0.004173661357065926,38.77214789416453,1.2937428093645484,10.531772575250837,0.05866731461245367
fg1,1000000,ok,,1000000.0,False,1.0,0.4933,0.0031,38.592170361751144,1.3665397993311037,12.00334448160535,0.0817
sd2030,1000000,ok,,1000000.0,False,0.10679666685562061,0.31452626835213426,0.004232815600022675,38.50248189742514,1.3317033444816053,12.963210702341136,0.08558270399789653
ag14,1000000,ok,,1000000.0,False,0.16064848931466447,0.2563103168754606,0.004056750184229918,38.42347235241193,1.2692739130434783,10.521739130434781,0.05369695874003098
supermarine371ii,1000000,ok,,1000000.0,False,4.084745762711865,0.5019203389830509,0.0030415254237288144,38.416394851239346,0.5799,5.0,0.08360000000000001
ag19,1000000,ok,,1000000.0,False,0.3265121024885218,0.29775307522249317,0.004224483872796328,38.40969278818386,1.2284090301003343,10.96655518394649,0.05402066943051563
s2062,1000000,ok,,1000000.0,False,0.6232073011734025,0.3046917861799217,0.004246088657105606,38.37447908736675,1.2122872909698996,10.989966555183944,0.07983643996547574
goe610b,1000000,ok,,1000000.0,False,0.04965704892012823,0.5006841959072614,0.003099572019726773,38.29618151488562,1.3283147157190636,10.996655518394647,0.0779302418307185
goe795sm,1000000,ok,,1000000.0,False,0.1187007539255136,0.33498349866787586,0.004300033444816053,38.21881525396163,1.2803083612040134,12.050167224080266,0.08027693664271718
s2060,1000000,ok,,1000000.0,False,0.7457627118644068,0.33374406779661014,0.004312542372881356,38.166541221049286,1.2406,11.0,0.07997058170457635
ah21-7,1000000,ok,,1000000.0,False,0.05084745762711851,0.3736237288135593,0.0042574576271186436,38.07919898181772,1.4969,15.0,0.08976669058288961
s2055,1000000,ok,,1000000.0,False,0.9111728360070286,0.3023439317499007,0.004304011110481266,38.07295533650754,1.263902675585284,10.989966555183944,0.07985652767071658
ag17,1000000,ok,,1000000.0,False,0.6369536874326851,0.3126744685675415,0.004324911286208264,38.06201099690154,1.2953060200668898,10.95819397993311,0.06488084486268997
naca001034a08cli0.2,1000000,ok,,1000000.0,False,1.101694915254238,0.30039322033898314,0.004306440677966102,38.03976810320341,0.8663,7.0,0.09999415990695912
ag13,1000000,ok,,1000000.0,False,0.5139164446459947,0.2865009126466753,0.0042915883453318975,37.90919083783462,1.2608648829431441,10.013377926421402,0.05833934249936804
mh32,1000000,ok,,1000000.0,False,0.419193923246981,0.3291497590839521,0.004382879088487048,37.861273501440856,1.275628093645485,10.986622073578594,0.08695496183776313
rg14a147,1000000,ok,,1000000.0,False,1.06910039113429,0.2816928292046937,0.004284915254237289,37.850821955059985,1.0545979933110368,9.003344481605351,0.06995851509375645
raf25,1000000,ok,,1000000.0,False,0.8305084745762707,0.2658796610169491,0.0042122033898305085,37.84791622353122,0.8295,7.0,0.06475189438134218
goe346,1000000,ok,,1000000.0,False,1.0,0.506,0.00319,37.8251333180192,1.5668983277591972,13.96989966555184,0.05738206952871148
goe134,1000000,ok,,1000000.0,False,0.6140241482909135,0.46629058254445144,0.003708140506018177,37.727966093338566,1.4489394648829432,12.013377926421406,0.0945
naca2408,1000000,ok,,1000000.0,False,0.4282070177427588,0.28715408423558764,0.004375539368516524,37.505017689052515,1.3693749163879598,12.963210702341136,0.08004388468765333
s6062,1000000,ok,,1000000.0,False,1.288135593220339,0.30689152542372883,0.004435423728813559,37.504359686524026,1.0571,9.0,0.0793935398707134
pfcm,1000000,ok,,1000000.0,False,1.1186440677966099,0.30337288135593216,0.004433898305084746,37.47260042406765,1.0596,9.0,0.08193
ag12,1000000,ok,,1000000.0,False,0.5193299699563516,0.274645626665155,0.004342371180772065,37.399091794811184,1.2805003344481605,10.506688963210701,0.06235503237490464
ag08,1000000,ok,,1000000.0,False,0.7118644067796609,0.26915084745762713,0.0043152542372881355,37.39433505132603,1.2131,10.5,0.05828949218493054
jx-gs-15,1000000,ok,,1000000.0,False,0.7515446970126409,0.2773012981123519,0.0043783804772972055,37.281824626199125,1.1049826086956522,10.020066889632107,0.07599343407396254
mh33,1000000,ok,,1000000.0,False,1.0677966101694916,0.25658813559322036,0.004295084745762712,37.10776779561106,0.9971,9.0,0.0726772819840604
ag03,1000000,ok,,1000000.0,False,0.5712261209681988,0.2655209115129527,0.004351311150161555,37.10221346560436,1.3752093645484949,12.050167224080267,0.06236584658633721
giiif,1000000,ok,,1000000.0,False,1.8813559322033893,0.30321016949152535,0.004529322033898305,37.03395704365706,1.0171,9.0,0.08262167613797747
giiig,1000000,ok,,1000000.0,False,1.8305084745762716,0.2992254237288136,0.0045213559322033895,37.015100650910306,0.9424,8.0,0.08286101078872055
c141e,1000000,ok,,1000000.0,False,0.7627118644067794,0.33649830508474576,0.0045866101694915255,37.010645621487114,1.4629,15.0,0.1050811628674076
ag53,1000000,ok,,1000000.0,False,0.7043818377642985,0.30255322260642814,0.004533139277818718,37.00803578074046,1.3683822742474916,11.979933110367892,0.08077419359962494
ag52,1000000,ok,,1000000.0,False,0.730570829318065,0.30577783572359835,0.004543419874156794,37.00266759233839,1.3695548494983276,12.050167224080266,0.08350729115371155
goe598,1000000,ok,,1000000.0,False,1.4576271186440675,0.27581694915254235,0.004427966101694915,36.99810596911511,0.6418,5.0,0.06537364900104413
c141c,1000000,ok,,1000000.0,False,1.1186440677966099,0.3018016949152542,0.004537457627118644,36.978317779790515,1.3824,15.0,0.10984653127297939
giiih,1000000,ok,,1000000.0,False,1.929255711127487,0.3125313190862196,0.0045672660280029476,36.969926001273556,1.2229010033444816,11.993311036789297,0.08321936350016676
sd2083,1000000,ok,,1000000.0,False,0.33263420441018,0.3525842242503258,0.004593494132985659,36.95907158090272,1.2499073578595317,11.97658862876254,0.08960840436075321
goe563,1000000,ok,,1000000.0,False,0.7853296298395787,0.362518627061958,0.004585188481378606,36.9381198293644,1.3709832775919732,14.016722408026755,0.08891878556803798
s2048,1000000,ok,,1000000.0,False,0.39963720877501174,0.3435807097103338,0.004617974604614251,36.88489461072504,1.3125692307692307,11.979933110367892,0.0862730560254881
c141d,1000000,ok,,1000000.0,False,0.7627118644067794,0.29907627118644065,0.004555254237288135,36.85828055285785,1.4559,15.0,0.10762492447002964
ag54,1000000,ok,,1000000.0,False,0.9111728360070286,0.32006107363528136,0.0046171339493226,36.81801641292617,1.3182585284280934,10.989966555183944,0.0753248999254249
goe622,1000000,ok,,1000000.0,False,0.3401167734255428,0.3024648886117567,0.004576250212572983,36.81268208756032,1.2154795986622073,10.033444816053512,0.08
hq208,1000000,ok,,1000000.0,False,0.4745762711864412,0.3294813559322034,0.004634745762711864,36.79657983975209,1.0712,8.0,0.07976
ag09,1000000,ok,,1000000.0,False,0.5404172099087354,0.2330458930899609,0.004173950456323337,36.787665477944984,1.1837471571906353,9.994983277591972,0.0486233395661265
ag16,1000000,ok,,1000000.0,False,1.0030327078963772,0.3421096366419137,0.004643744685675415,36.78369365667504,1.2612759197324415,10.486622073578594,0.07113552915255875
naca001034,1000000,ok,,1000000.0,False,5.0,0.5005,0.00364,36.78229982040398,0.5005,5.0,0.1
goe173,1000000,ok,,1000000.0,False,-1.7335751941499922,0.4346399410464259,0.004314852899495494,36.736082829562015,1.5470117056856187,11.979933110367892,0.07761725909411152
s7075,1000000,ok,,1000000.0,False,0.05084745762711851,0.4160627118644068,0.004442711864406779,36.72070120840247,1.613,15.0,0.0899875828449966
ag11,1000000,ok,,1000000.0,False,0.6026018933167054,0.28456828977949095,0.004527717249589026,36.71956111026296,1.5691822742474917,14.006688963210701,0.05812335113571157
ag04,1000000,ok,,1000000.0,False,0.8155149934810959,0.2739066492829206,0.004479308996088658,36.694805125247214,1.3073591973244147,11.483277591973245,0.06422892855279998
c5c,1000000,ok,,1000000.0,False,0.7627118644067794,0.3148491525423729,0.004648983050847457,36.6391667293194,1.4999,15.0,0.11103254796464197
s3024,1000000,ok,,1000000.0,False,-0.03758290346352222,0.35841401281106516,0.004672132532169379,36.63484765897327,1.3769347826086957,13.983277591973245,0.09845021759087254
hq258,1000000,ok,,1000000.0,False,0.05084745762711895,0.35259661016949156,0.004681016949152543,36.62303997317293,0.9537,6.0,0.07969
mh22,1000000,ok,,1000000.0,False,1.3389830508474576,0.3198830508474576,0.004664406779661017,36.61750558918123,0.6812,5.0,0.0719334266831357
ag26,1000000,ok,,1000000.0,False,0.575250836120401,0.37193678929765883,0.004653444816053512,36.616247404453205,1.3873565217391304,10.996655518394649,0.06843191505189189
mh43,1000000,ok,,1000000.0,False,1.4563233376792697,0.32283559322033895,0.004673207301173403,36.60225351279825,1.1125615384615384,9.996655518394649,0.08493396101837623
hq108,1000000,ok,,1000000.0,False,1.8813559322033893,0.3412118644067796,0.004695762711864407,36.5785807921375,1.0025,9.0,0.07972
m20,1000000,ok,,1000000.0,False,1.0,0.4755,0.00401,36.559365847977254,1.3823,15.0,0.08149999999999999
s4053,1000000,ok,,1000000.0,False,0.17635054702114417,0.3578026302363812,0.004696452582053171,36.546590764791624,1.4116638795986622,14.036789297658864,0.08919412885035355
ag55,1000000,ok,,1000000.0,False,0.8886684428320395,0.31419269315798426,0.004669522702794625,36.54529828727421,1.4237882943143811,12.96655518394649,0.06565847036159636
ag25,1000000,ok,,1000000.0,False,0.575250836120401,0.36963143812709026,0.0046907023411371235,36.499837284914726,1.3739769230769232,10.996655518394649,0.07581896265030844
s3016,1000000,ok,,1000000.0,False,1.0994274700980666,0.33239709767020004,0.004719713735049033,36.46350341740127,1.3281625418060201,12.993311036789297,0.09515851527029161
kc135d,1000000,ok,,1000000.0,False,1.050847457627119,0.32182372881355936,0.004705084745762712,36.46304503961242,1.1113,10.0,0.08992
giiii,1000000,ok,,1000000.0,False,1.7424182302590552,0.2995190578765376,0.004644998015985488,36.46218612627307,1.3531675585284282,13.03344481605351,0.0845133108995201
sg6041,1000000,ok,,1000000.0,False,0.40677966101694896,0.32733050847457623,0.004716610169491525,36.45193288588916,1.4821,15.0,0.09993292494279836
s6061,1000000,ok,,1000000.0,False,1.4043988436029702,0.33127794909585623,0.004724923757156624,36.438038666340354,1.2563916387959866,12.993311036789297,0.08999204378806239
sd8000,1000000,ok,,1000000.0,False,1.1186440677966099,0.3409135593220338,0.004741694915254237,36.39896456675326,1.4333,15.0,0.08859289418941894
naca64208,1000000,ok,,1000000.0,False,1.0847457627118644,0.2940423728813559,0.004643898305084746,36.3730662053391,0.9888,8.0,0.07983705213691218
giiie,1000000,ok,,1000000.0,False,2.0508474576271185,0.2969203389830508,0.004662372881355932,36.34180248132285,1.1193,11.0,0.08775098007429986
m10,1000000,ok,,1000000.0,False,1.2203389830508475,0.292464406779661,0.004646949152542373,36.329647509207526,1.0721,9.0,0.061889764
sd7080,1000000,ok,,1000000.0,False,0.10679666685562061,0.31672626835213424,0.004741747633354118,36.26702115620365,1.4056270903010033,12.963210702341136,0.09151171597061275
s3014,1000000,ok,,1000000.0,False,0.7746159514766733,0.34877531885947505,0.004778599852616065,36.26024488588463,1.3123688963210702,13.03344481605351,0.09452629642539583
fx80080,1000000,ok,,1000000.0,False,-0.02890992574117046,0.3453500028343065,0.004778843602970354,36.259837951743314,1.213108026755853,10.013377926421406,0.08059064725921337
sa7035,1000000,ok,,1000000.0,False,0.509891729493793,0.3565445666345446,0.004775296751884814,36.25851956662311,1.4369735785953177,13.060200668896321,0.09194744427226388
jx-gs-10,1000000,ok,,1000000.0,False,0.8886684428320395,0.28547720650756764,0.004637674168131058,36.22648061563449,1.302833110367893,12.96655518394649,0.07408397344028882
c5d,1000000,ok,,1000000.0,False,0.7627118644067794,0.31314237288135593,0.004743389830508475,36.222370355166134,1.493,15.0,0.11054232491681759
hq158,1000000,ok,,1000000.0,False,1.1694915254237284,0.3247949152542372,0.004770508474576271,36.217534707419944,0.9973,8.0,0.079572
sa7036,1000000,ok,,1000000.0,False,0.10679666685562061,0.3440253046879429,0.004792135933337112,36.208355190395615,1.444546153846154,12.963210702341136,0.0919835718791955
rg14,1000000,ok,,1000000.0,False,1.0091264667535844,0.3027650983504336,0.004717394422084915,36.195585873303585,1.2123899665551838,11.979933110367892,0.08466553957988404
s8065,1000000,ok,,1000000.0,False,1.7274530922283313,0.32749238705288813,0.0047836471855337,36.18284857068574,1.183223076923077,12.996655518394647,0.10994390041861887
ds19,1000000,ok,,1000000.0,False,0.4246357916217889,0.3183224136953686,0.004767941726659486,36.17423122270351,1.3963588628762542,12.050167224080266,0.08497850619710808
mh23,1000000,ok,,1000000.0,False,1.101694915254237,0.29599999999999993,0.004710338983050847,36.11311226589664,0.9542,8.0,0.07984080083775905
ag46c03,1000000,ok,,1000000.0,False,2.089167280766396,0.28941540162122326,0.0046843920412675015,36.09954912160052,1.3753408026755851,13.020066889632107,0.06024662136272416
ys915,1000000,ok,,1000000.0,False,1.491525423728814,0.40813728813559325,0.004679661016949152,36.09435157310921,0.7138,5.0,0.0909431223883159
mh120,1000000,ok,,1000000.0,False,-0.8210985771781649,0.36855805793322366,0.004808210985771782,36.0874477936195,1.0220484949832775,7.976588628762542,0.11559991120618512
mh42,1000000,ok,,1000000.0,False,1.201972677285867,0.3070963720877499,0.00476059180318576,36.07383388204655,1.245191304347826,10.996655518394647,0.0893488267195358
ag44ct02r,1000000,ok,,1000000.0,False,1.0711977779037474,0.3206534380137181,0.004812006688963211,36.016214952450724,1.4161083612040135,13.013377926421406,0.07288244929396161
e180,1000000,ok,,1000000.0,False,1.3265121024885218,0.3368511195510459,0.0048389768153732785,36.0124064749677,1.1417759197324413,11.96655518394649,0.0857782699192283
s8066,1000000,ok,,1000000.0,False,1.6242843376225835,0.30249842412561645,0.004768556771158098,35.97130579665087,1.150115050167224,11.993311036789297,0.09992758646546587
mh64,1000000,ok,,1000000.0,False,1.591973244147157,0.2966792642140468,0.004746387959866221,35.96750459944242,1.1750505016722408,10.996655518394649,0.08582480108010852
ag38,1000000,ok,,1000000.0,False,-0.8574343858057931,0.2518251913156851,0.004481201179071481,35.95221954306906,1.5001364548494982,12.963210702341136,0.07039610803973541
e178,1000000,ok,,1000000.0,False,1.0508474576271185,0.3727101694915254,0.004840169491525424,35.9504248666881,1.1829,10.0,0.08680656763962458
sd7084,1000000,ok,,1000000.0,False,0.730570829318065,0.33411980613343906,0.004853005498554504,35.94671819011673,1.2869096989966555,12.050167224080266,0.09620761472732023
c5b,1000000,ok,,1000000.0,False,1.1186440677966099,0.33887627118644065,0.004858813559322034,35.943457490447905,1.4687,15.0,0.11549868031407406
ag24,1000000,ok,,1000000.0,False,0.7043818377642985,0.3687261493112635,0.00484956181622357,35.941032440762456,1.4181060200668896,11.979933110367892,0.08414066448321955
ag47c03,1000000,ok,,1000000.0,False,2.1374638625928233,0.2586485176577291,0.004535847174196474,35.93500412938896,1.2786648829431437,12.953177257525084,0.05059264283555285
s9000,1000000,ok,,1000000.0,False,-0.1703418173572926,0.31822452808797685,0.004838296581826427,35.88630185592689,1.5020946488294313,13.996655518394647,0.09005290521020123
ag47ct02r,1000000,ok,,1000000.0,False,1.010430247718383,0.24023322374015077,0.004401994784876141,35.86489943120245,1.2806394648829433,11.983277591973245,0.04991365017618022
naca66209,1000000,ok,,1000000.0,False,1.2711864406779663,0.31445593220338985,0.004835084745762712,35.85792634834347,0.8325,7.0,0.08997904773434784
sc20606,1000000,ok,,1000000.0,False,-0.20338983050847403,0.35091694915254246,0.004887966101694915,35.85300236691264,0.6935,3.0,0.06
s9037,1000000,ok,,1000000.0,False,-0.10447253557054625,0.3770751431324754,0.004865367042684656,35.83426097311192,1.495374247491639,13.97658862876254,0.08996351315749306
ds21,1000000,ok,,1000000.0,False,0.7496173686298961,0.32005959412731705,0.004857434952667082,35.82762323293892,1.397244481605351,12.963210702341136,0.08598970284501835
naca65209,1000000,ok,,1000000.0,False,1.3220338983050848,0.32174745762711865,0.004869830508474576,35.7941930163187,1.1157,10.0,0.089918430331873
ag45ct02r,1000000,ok,,1000000.0,False,1.0710277195170343,0.2994343574627289,0.004799065245734369,35.789421275482745,1.399569230769231,12.963210702341136,0.06894343319610685
e182,1000000,ok,,1000000.0,False,1.9830508474576272,0.34089322033898306,0.0049084745762711865,35.7620885389028,0.9976,9.0,0.08462681807180253
sd7037,1000000,ok,,1000000.0,False,0.1187007539255136,0.38169448443965753,0.00488,35.749734964161235,1.4582742474916388,12.050167224080266,0.09198855960130205
hq259,1000000,ok,,1000000.0,False,-0.06779661016949134,0.34026949152542374,0.004915423728813559,35.73397572268904,1.102,8.0,0.08967
hq209,1000000,ok,,1000000.0,False,0.6271186440677967,0.34688305084745763,0.004920169491525424,35.73217571981979,1.2219,11.0,0.08972999999999999
c141b,1000000,ok,,1000000.0,False,1.4745762711864403,0.3276559322033898,0.004903389830508475,35.71164215529714,1.3817,15.0,0.1264130864760384
rg15,1000000,ok,,1000000.0,False,0.39963720877501174,0.31743152599059,0.004885912930106003,35.685965339707735,1.272351839464883,11.979933110367892,0.08918106043107019
naca2410,1000000,ok,,1000000.0,False,0.7627118644067794,0.3185508474576271,0.004889491525423729,35.683818360575444,1.5283,15.0,0.10005485862659336
fx84w097,1000000,ok,,1000000.0,False,0.7853296298395787,0.3325748200215408,0.004920733518508021,35.677842346202965,1.3514120401337792,14.016722408026755,0.09739090790333116
sc20706,1000000,ok,,1000000.0,False,-1.0169491525423728,0.34868813559322037,0.004937796610169492,35.669789308087445,0.5733,1.0,0.06
e64,1000000,ok,,1000000.0,False,-0.9389490391701152,0.3906446630009636,0.004881074202142736,35.665655243855745,1.407644481605351,11.050167224080267,0.08442298213129726
hq1585,1000000,ok,,1000000.0,False,0.9274984411314549,0.3087233263420441,0.004867099937645258,35.65194663748834,1.2024160535117057,11.03010033444816,0.08560000000000001
giiij,1000000,ok,,1000000.0,False,1.8305084745762707,0.3142847457627118,0.00488864406779661,35.63815088793119,1.4017,15.0,0.084860013329
hq159,1000000,ok,,1000000.0,False,1.201972677285867,0.33941502182415956,0.004942315628365739,35.63008408662147,1.123783779264214,10.996655518394647,0.08967
ag46ct02r,1000000,ok,,1000000.0,False,1.1762371747633358,0.2969447026812539,0.004830475029760218,35.609607783946615,1.374108026755853,12.96655518394649,0.06083293485389402
hq308,1000000,ok,,1000000.0,False,0.07737656595431064,0.4239179808400884,0.0047615475313190865,35.58795072442886,1.2610448160535117,10.966555183946488,0.07979
hq2090sm,1000000,ok,,1000000.0,False,0.7043818377642985,0.35737506944050784,0.004966350547021143,35.566623060825805,1.2843458193979933,11.979933110367892,0.0897
ag27,1000000,ok,,1000000.0,False,0.20679099824273006,0.3350058046595998,0.004955154469701264,35.560983545296125,1.4169304347826086,11.020066889632107,0.06113226341409845
raf28,1000000,ok,,1000000.0,False,1.0472762315061503,0.34159030667195733,0.004966474689643444,35.54832662790517,1.2219478260869563,11.989966555183944,0.09820000000000001
mh62,1000000,ok,,1000000.0,False,1.6483759424068918,0.3096537101071366,0.004898801655234964,35.53535519913021,1.25329364548495,12.050167224080266,0.09287121023889292
rg149,1000000,ok,,1000000.0,False,1.0972167110708009,0.3122313927781872,0.004922775352871152,35.47391768458398,1.3237361204013378,13.03344481605351,0.08999969545181327
jx-gs-06,1000000,ok,,1000000.0,False,1.0650756759820874,0.29442058273340516,0.004851887081231222,35.46845721805101,1.2953762541806022,11.989966555183948,0.07099357922983782
naca1408,1000000,ok,,1000000.0,False,1.2189785159571453,0.2610766963324075,0.004650511308882717,35.46007713067385,1.2519016722408027,11.986622073578594,0.08002533906372403
rg12a,1000000,ok,,1000000.0,False,0.4282070177427588,0.31480455756476394,0.004945564877274531,35.416247122803256,1.3451862876254181,12.963210702341136,0.0898716617507608
naca64a210,1000000,ok,,1000000.0,False,1.4900515843773015,0.34168850405305806,0.005003308769344141,35.412961556501436,1.2093759197324414,10.996655518394647,0.09989661378582058
rc08n1,1000000,ok,,1000000.0,False,2.454736126069951,0.34452303724278677,0.005008231392778188,35.40468960668127,1.1395976588628762,10.989966555183948,0.08015168854923553
rg12a189,1000000,ok,,1000000.0,False,0.4282070177427588,0.31480455756476394,0.004949846947451959,35.39919381306836,1.3451862876254181,12.963210702341136,0.0898716617507608
ag23,1000000,ok,,1000000.0,False,0.730570829318065,0.37487626268352126,0.004998860041947736,35.39754593664501,1.4195892976588629,12.050167224080266,0.08897400463574368
s3025,1000000,ok,,1000000.0,False,-0.03758290346352222,0.37981443228841905,0.004991875744005442,35.39162861210001,1.397643143812709,13.983277591973245,0.09380899302783284
goe515,1000000,ok,,1000000.0,False,1.1245961113315568,0.4026630633184059,0.004928657105606258,35.383693031603464,1.333770568561873,14.016722408026755,0.0845
hq109,1000000,ok,,1000000.0,False,1.7643557621450041,0.33293834249759097,0.005002296921943201,35.37082195323315,1.107372575250836,10.96655518394649,0.08979999999999999
s4158,1000000,ok,,1000000.0,False,0.1864406779661012,0.37577796610169484,0.005009661016949153,35.35671672133488,1.4458,15.0,0.10855023784413854
ag455ct02r,1000000,ok,,1000000.0,False,1.0710277195170343,0.29579005725299023,0.0048848035825633475,35.35625269086004,1.4205822742474916,12.963210702341136,0.0647310605166749
e851,1000000,ok,,1000000.0,False,-0.25423728813559343,0.35667966101694915,0.005027627118644068,35.35134101481727,0.816,5.0,0.09015026566225273
hq309,1000000,ok,,1000000.0,False,-0.5135763278725687,0.36090660393401747,0.005031086106229805,35.335500965732045,1.3425872909698997,11.036789297658864,0.08979000000000001
naca63209,1000000,ok,,1000000.0,False,1.3138710957428703,0.32245720764129004,0.004991022617765432,35.32538160144152,1.1785494983277591,11.979933110367892,0.08999894715852444
fx69h083,1000000,ok,,1000000.0,False,0.9491525423728815,0.32710338983050846,0.005002542372881356,35.325091981569045,0.9818,8.0,0.08398794964028777
mh61,1000000,ok,,1000000.0,False,2.1003344481605346,0.32942207357859526,0.00501010033444816,35.31566637757397,1.0922260869565217,10.996655518394649,0.10234123333996005
ag45c03,1000000,ok,,1000000.0,False,2.0960263023638115,0.3182029590159288,0.004983211836063715,35.30901907295355,1.446720066889632,13.983277591973245,0.06928139148981188
hq159b,1000000,ok,,1000000.0,False,1.201972677285867,0.3423918655405021,0.005032611529958618,35.30856962661348,1.25988762541806,10.996655518394647,0.08951704666559018
c141a,1000000,ok,,1000000.0,False,1.4745762711864403,0.325528813559322,0.005003898305084746,35.3057743214192,1.3709,15.0,0.1298976612811732
vr1,1000000,ok,,1000000.0,False,1.4745762711864403,0.3251016949152542,0.005003898305084746,35.30178511034541,1.3128,15.0,0.10966168947499377
bacnlf,1000000,ok,,1000000.0,False,0.9661016949152543,0.3477491525423729,0.0050422033898305085,35.290745105354596,0.8155,6.0,0.10077286969618841
usa46,1000000,ok,,1000000.0,False,0.8305084745762712,0.3637949152542373,0.005043389830508475,35.288035025322095,0.9808,7.0,0.06540302616563312
goe595,1000000,ok,,1000000.0,False,0.09489257978572585,0.3750279972790657,0.005036715038829998,35.2707219948129,1.2979979933110368,11.979933110367892,0.0955
goe566,1000000,ok,,1000000.0,False,0.7853296298395787,0.37462326965591525,0.0050374967405475875,35.2701093092217,1.3947729096989967,14.016722408026755,0.08650000000000001
s8064,1000000,ok,,1000000.0,False,1.8305084745762707,0.34478474576271184,0.005046779661016949,35.26586924756137,1.1836,15.0,0.1233003116694576
hq2590sm,1000000,ok,,1000000.0,False,0.05084745762711851,0.3799542372881356,0.005031016949152542,35.26215978756348,1.5267,15.0,0.09032008398320336
hq259b,1000000,ok,,1000000.0,False,0.05084745762711851,0.3799542372881356,0.005031016949152542,35.26215978756348,1.5267,15.0,0.09032
naca001264a08cli0.2,1000000,ok,,1000000.0,False,1.249475653307635,0.31691695482115523,0.004992180148517657,35.25837725401146,1.3303341137123745,13.97658862876254,0.10960326198692547
goe795,1000000,ok,,1000000.0,False,0.5593220338983051,0.3681949152542373,0.005056610169491525,35.23170622198703,1.2091,11.0,0.08005956237753102
naca66210,1000000,ok,,1000000.0,False,1.5305254804149426,0.3453803299132702,0.005061831528824896,35.21366625387178,1.078981939799331,10.033444816053512,0.09999859178077983
sd5060,1000000,ok,,1000000.0,False,1.1245961113315568,0.3696649623037242,0.00506121365001984,35.21144745579162,1.489671237458194,14.016722408026755,0.09458506160767981
e904,1000000,ok,,1000000.0,False,1.6101694915254239,0.34371694915254236,0.005068813559322034,35.182625709136865,0.5739,5.0,0.08997828852430997
hq2195,1000000,ok,,1000000.0,False,0.40677966101694896,0.3563593220338983,0.005082203389830509,35.16107073992562,1.4846,15.0,0.09492
sd6060,1000000,ok,,1000000.0,False,1.4745762711864403,0.3240372881355932,0.005041694915254237,35.14687682190271,1.2838,15.0,0.10364941485229906
naca65410,1000000,ok,,1000000.0,False,0.09489257978572585,0.36047541522589416,0.005088540332180716,35.13820304283717,1.3130508361204012,11.979933110367892,0.0999230674438576
vr8,1000000,ok,,1000000.0,False,1.7781304914687368,0.3320423955558074,0.00506784479337906,35.1195229312739,1.1433384615384614,10.996655518394647,0.0815
s4110,1000000,ok,,1000000.0,False,0.05084745762711851,0.41275593220338985,0.004976101694915254,35.11379758617158,1.5972,15.0,0.08375300906959243
mh20,1000000,ok,,1000000.0,False,1.6271186440677967,0.35760000000000003,0.005098813559322035,35.1038805191683,0.969,8.0,0.08999762396415019
df101,1000000,ok,,1000000.0,False,1.1245961113315568,0.3609361657502409,0.005104822288985885,35.08220881072818,1.368033110367893,14.016722408026755,0.1099854841830119
s8055,1000000,ok,,1000000.0,False,1.1186440677966099,0.3460898305084745,0.005104406779661016,35.06401306742743,1.4579,15.0,0.11999234152050856
mh60,1000000,ok,,1000000.0,False,1.7093702171078728,0.3245843036109063,0.005065029193356386,35.06377296107448,1.3134484949832774,12.993311036789297,0.10075977134401726
e224,1000000,ok,,1000000.0,False,0.7746159514766733,0.33327406042741337,0.005086476957088601,35.059796573272386,1.3739876254180603,13.03344481605351,0.10172412057856328
goe11k,1000000,ok,,1000000.0,False,0.08474576271186418,0.3765677966101695,0.005100451977401129,35.053606871118795,1.1942,10.0,0.0745
goe587,1000000,ok,,1000000.0,False,1.0677966101694913,0.3330372881355932,0.005088813559322034,35.049418203927445,0.9197,7.0,0.05799987
sd8040,1000000,ok,,1000000.0,False,0.40677966101694896,0.35366610169491525,0.00511593220338983,35.041787536382934,1.5697,15.0,0.09994277055711982
rg1495,1000000,ok,,1000000.0,False,1.1245961113315568,0.3150838841335525,0.0050460682500992,35.024075118998006,1.3697147157190637,14.016722408026755,0.09499967942296134
ma409sm,1000000,ok,,1000000.0,False,-0.408026755852843,0.40710267558528423,0.0050313712374581935,35.01759265668694,1.2974304347826087,8.996655518394649,0.06692857142857143
s2046,1000000,ok,,1000000.0,False,-0.2324698146363584,0.35878662774219144,0.005124649396292728,35.01529902803074,1.6298110367892975,14.016722408026755,0.090138260536275
naca65210,1000000,ok,,1000000.0,False,1.4915254237288136,0.3422661016949153,0.005123389830508474,34.98049429198172,0.9636,8.0,0.09991743506870729
e222,1000000,ok,,1000000.0,False,-0.2146136840315176,0.3647646448614024,0.005138584547361261,34.963908323816206,1.3560632107023411,12.963210702341136,0.1016583051499997
kc135c,1000000,ok,,1000000.0,False,2.035258772178448,0.3780044215180545,0.005132115526330707,34.944038680245924,1.168743143812709,12.963210702341136,0.10592
tempest3,1000000,ok,,1000000.0,False,1.7750694405079068,0.29867581202879645,0.005003036109064112,34.922716177865496,1.0550314381270902,10.989966555183944,0.09997765471138037
goe673,1000000,ok,,1000000.0,False,-0.016949152542372836,0.3661659883226574,0.005152161442095119,34.91639092929134,1.1911,9.0,0.10789178850301687
mh45,1000000,ok,,1000000.0,False,1.8031290743155148,0.3237915254237288,0.005105345501955671,34.90323424784017,1.3945515050167225,14.016722408026755,0.09844055698731638
ag36,1000000,ok,,1000000.0,False,-0.814579672354176,0.30617040417209895,0.005044897114676038,34.89238401047418,1.4005066889632107,10.996655518394647,0.08174253961069017
mh121,1000000,ok,,1000000.0,False,-1.101694915254237,0.3633305084745763,0.005160593220338984,34.89178708849885,0.9116,5.0,0.08751927894250934
mh46,1000000,ok,,1000000.0,False,2.820928518791451,0.367187472365512,0.00517030213706706,34.85444009827048,1.2944063545150502,14.016722408026755,0.09098221426762587
ag37,1000000,ok,,1000000.0,False,-0.5145966781928468,0.31857684938495545,0.005104161328722861,34.84620631417157,1.5123207357859532,11.979933110367892,0.0773968750059376
rg12,1000000,ok,,1000000.0,False,1.0472762315061503,0.32357345955444705,0.005129856017232583,34.808834542265465,1.2255357859531772,11.989966555183944,0.09256916920234055
hq2510,1000000,ok,,1000000.0,False,0.0,0.3473,0.00518,34.80235590255526,1.2366,10.0,0.09965
goe257,1000000,ok,,1000000.0,False,-1.0,0.2851,0.00496,34.79329115775513,1.3169357859531772,12.003344481605351,0.08829667601320132
l188tip,1000000,ok,,1000000.0,False,0.05084745762711851,0.3610118644067796,0.0051905084745762714,34.79244379355633,1.5436,15.0,0.1198895342297214
e176,1000000,ok,,1000000.0,False,0.9111728360070286,0.4253097896944617,0.005029743211836064,34.78429221713199,1.2204642140468225,10.989966555183944,0.08822317336853061
hq2010,1000000,ok,,1000000.0,False,0.730570829318065,0.3587203049713734,0.005195751374638626,34.77395210375461,1.304499331103679,12.050167224080266,0.0997
naca2411,1000000,ok,,1000000.0,False,0.7627118644067794,0.3590372881355932,0.005204576271186441,34.74446702172612,1.4166,15.0,0.11006034626491962
goe564,1000000,ok,,1000000.0,False,0.44606314834759964,0.3870246641346863,0.005182653477694008,34.733995455649726,1.359967558528428,14.016722408026755,0.082
goe548,1000000,ok,,1000000.0,False,1.0352020860495443,0.3750477070460859,0.005207497874270166,34.71309955157334,1.1496709030100334,12.046822742474916,0.11900000000000001
giiik,1000000,ok,,1000000.0,False,1.4745762711864403,0.2822152542372881,0.004961525423728813,34.7106153332568,1.4639,15.0,0.08533823625521893
mh117,1000000,ok,,1000000.0,False,0.7746159514766733,0.40721782778754034,0.00513691514086503,34.7013239951378,1.4437461538461538,13.03344481605351,0.09792209975638146
s3021,1000000,ok,,1000000.0,False,0.625814863102998,0.3832225554106909,0.005202320730117341,34.69435168458323,1.2799257525083612,10.996655518394647,0.09470101255820713
mh24,1000000,ok,,1000000.0,False,1.5248568675245167,0.2996436256448047,0.00506590839521569,34.68743148078861,1.0212240802675585,8.996655518394649,0.08998362867586804
sc20710,1000000,ok,,1000000.0,False,-1.4254293974264503,0.38142647809081115,0.005209780057819851,34.67989382596293,1.5520852842809365,11.993311036789297,0.0998
goe281,1000000,ok,,1000000.0,False,1.0855393685165242,0.6021382517997846,0.0029425661810554954,34.667835609281326,1.3355896321070233,11.003344481605351,0.08039323353323234
hor04,1000000,ok,,1000000.0,False,1.0338983050847457,0.2972101694915254,0.005061694915254237,34.65446660002044,0.9567,7.0,0.0405557075590231
hq1510,1000000,ok,,1000000.0,False,1.3424409047106156,0.3583739640609941,0.00523163936284791,34.65301786226246,1.2779889632107024,12.050167224080266,0.09963
ys920,1000000,ok,,1000000.0,False,0.9491525423728815,0.39898305084745767,0.0051832203389830505,34.6427001416047,0.6584,4.0,0.09050190959305696
ag35,1000000,ok,,1000000.0,False,-0.8193413071821336,0.33099052207924706,0.005196004194773538,34.640382147853664,1.4507933110367894,11.979933110367892,0.08722612124722226
e212,1000000,ok,,1000000.0,False,-1.1609886060880905,0.3741565840938722,0.005231269202426166,34.639574865688736,1.4705060200668896,13.03344481605351,0.10553657973534236
e226,1000000,ok,,1000000.0,False,1.923360353721443,0.3121371407516579,0.005134672070744289,34.63851990413792,1.1488434782608696,11.979933110367892,0.10177398980746438
rg8,1000000,ok,,1000000.0,False,-0.5157870868998353,0.33317499007992746,0.005205895357406043,34.6239765562609,1.3897090301003343,13.03344481605351,0.10793665367692677
goe565,1000000,ok,,1000000.0,False,0.7615214556997909,0.4228391247661698,0.0051007828354401675,34.61715634392672,1.4267933110367894,13.946488294314381,0.08399999999999999
b737d,1000000,ok,,1000000.0,False,1.7729153676095457,0.3493573550252253,0.005236812538971714,34.613655157982045,1.340669899665552,13.03010033444816,0.108
jx-gs-04,1000000,ok,,1000000.0,False,1.6140241482909135,0.3270760727849895,0.005195609659316365,34.6033183413167,1.335475585284281,13.013377926421406,0.06898946705198625
sc20610,1000000,ok,,1000000.0,False,-1.1204580239215467,0.31320755626098296,0.00515,34.596206375091086,1.5225040133779264,11.993311036789297,0.0998
s7055,1000000,ok,,1000000.0,False,0.08536931012981164,0.3541639759650814,0.005246585227594808,34.59520842808548,1.3584732441471572,13.946488294314381,0.10496821158656211
ssca07,1000000,ok,,1000000.0,False,1.8356102261776541,0.25145947508644634,0.004753693101298112,34.59050810909474,1.2660565217391304,12.03344481605351,0.06998020888226932
giiid,1000000,ok,,1000000.0,False,2.5328496117000157,0.3028798820928517,0.005108468340797007,34.58110563910542,1.1347745819397992,11.979933110367892,0.0971012251912958
df102,1000000,ok,,1000000.0,False,1.1186440677966099,0.3619474576271186,0.00525593220338983,34.574931607101675,1.4576,15.0,0.1099848752930178
rg1410,1000000,ok,,1000000.0,False,1.1186440677966099,0.3145610169491525,0.005161016949152542,34.57452323461471,1.3772,15.0,0.0999996633941094
n64108,1000000,ok,,1000000.0,False,1.8417323280993134,0.2871286661753868,0.005026118133892636,34.567095494744024,0.8967217391304348,8.020066889632107,0.07983768981747205
mh70,1000000,ok,,1000000.0,False,0.7627118644067794,0.3819898305084745,0.005245084745762712,34.56637788897139,1.5646,15.0,0.11074277414869481
s2050,1000000,ok,,1000000.0,False,0.730570829318065,0.32854776373221467,0.005216839748313587,34.54114250501325,1.3460197324414716,12.050167224080266,0.08928535306413438
rc1064c,1000000,ok,,1000000.0,False,1.8305084745762707,0.30845254237288133,0.005145762711864407,34.53581635718371,1.3935,15.0,0.09999859093781616
sd7090,1000000,ok,,1000000.0,False,1.1186440677966099,0.3417966101694915,0.005249322033898305,34.53314918393917,1.4896,15.0,0.09985369870886428
dh4009sm,1000000,ok,,1000000.0,False,4.983050847457626,0.5182101694915254,0.004323220338983055,34.52856510319061,0.6419,6.0,0.08943855938899131
eh1070,1000000,ok,,1000000.0,False,2.2711864406779654,0.3274457627118643,0.0052174576271186435,34.52745374516022,0.6796,6.0,0.06999083509513743
goe599,1000000,ok,,1000000.0,False,1.0972167110708009,0.334968907658296,0.005242493055949209,34.50813406013401,1.3320090301003344,13.03344481605351,0.09970389865016702
k2,1000000,ok,,1000000.0,False,0.9016495663511144,0.2741045462275382,0.0049545876084122215,34.50439755612799,1.2051685618729095,10.96655518394649,0.10278912973993796
sd6080,1000000,ok,,1000000.0,False,0.10679666685562061,0.4027806473555921,0.005222621166600533,34.49162166242733,1.415696321070234,14.016722408026755,0.09184556030466136
rc10n1,1000000,ok,,1000000.0,False,2.186440677966102,0.3235118644067797,0.005222203389830508,34.465692712642074,1.3067,15.0,0.100100048977105
mh44,1000000,ok,,1000000.0,False,1.4395442435236099,0.3051646391927895,0.005150540218808458,34.458968146232564,1.3194916387959865,13.996655518394647,0.09654679504433064
clarkv,1000000,ok,,1000000.0,False,0.05084745762711851,0.4412372881355932,0.0050584745762711865,34.45831794379236,1.4993,15.0,0.1164
goe407,1000000,ok,,1000000.0,False,-0.9110027776203165,0.35050231279405925,0.005284678306218468,34.45485499745392,1.502143143812709,14.016722408026755,0.09459788821117888
hq1010,1000000,ok,,1000000.0,False,1.923360353721443,0.3523466470154752,0.005286971260132645,34.45370403353286,1.1762916387959865,11.979933110367892,0.0996
s3002,1000000,ok,,1000000.0,False,-0.30508474576271194,0.37962203389830507,0.0052918644067796615,34.42992059019415,1.6837,15.0,0.09938548364487167
naca64210,1000000,ok,,1000000.0,False,1.31931296411768,0.3237479451278272,0.00523982824102942,34.40395952068569,1.203991304347826,11.993311036789297,0.09975440144568071
k1,1000000,ok,,1000000.0,False,0.40677966101694896,0.3453864406779661,0.005292881355932203,34.40326377222437,1.6192,15.0,0.11591770650530944
goe06k,1000000,ok,,1000000.0,False,-0.30508474576271105,0.46335762711864426,0.004949322033898303,34.34320189388836,0.9188,6.0,0.07500000000000001
m4,1000000,ok,,1000000.0,False,2.1355932203389827,0.3177203389830508,0.005235084745762712,34.34217859377924,1.0892,10.0,0.06277355031294392
ah80129,1000000,ok,,1000000.0,False,0.3220338983050848,0.3655220338983051,0.0053315254237288135,34.32920387858018,1.1318,11.0,0.1285969397363465
lds2,1000000,ok,,1000000.0,False,1.1186440677966099,0.35411525423728807,0.005326440677966102,34.327287145008135,1.4604,15.0,0.11970047619047619
rc510,1000000,ok,,1000000.0,False,1.8305084745762707,0.3489423728813559,0.005325423728813559,34.31050843759714,1.5057,15.0,0.09961103962133702
goe610bm,1000000,ok,,1000000.0,False,-2.101694915254237,0.31526440677966105,0.005241186440677966,34.2833187059208,1.5294,12.0,0.077
e374,1000000,ok,,1000000.0,False,1.4395442435236099,0.34902211892749846,0.005333840485233264,34.28251225578,1.2368334448160536,13.996655518394647,0.1090648773539003
usa49,1000000,ok,,1000000.0,False,1.0449521002210753,0.2773525423728813,0.005030906411201179,34.27646372096178,1.1540421404682273,9.986622073578594,0.0725
ag10,1000000,ok,,1000000.0,False,0.6166883963494136,0.22360573663624517,0.00453535853976532,34.270252545025166,1.2347826086956524,10.973244147157192,0.04727162740815382
hq3010,1000000,ok,,1000000.0,False,-0.085312624000907,0.406888127090301,0.005287159458080608,34.265703489386894,1.3763829431438128,12.056856187290968,0.09985
e211,1000000,ok,,1000000.0,False,-0.8574343858057931,0.3415979026132306,0.00532847230882603,34.25781848345469,1.3501695652173913,12.963210702341136,0.10948880165590483
s5010,1000000,ok,,1000000.0,False,1.8915594354061565,0.35959065245734373,0.005356143075789355,34.243327445396034,1.3635010033444814,13.976588628762542,0.0981807181187205
s7012,1000000,ok,,1000000.0,False,0.6996768890652465,0.348724522419364,0.005350925684485007,34.22362099098304,1.282330100334448,11.013377926421406,0.08748765941757279
naca64a410,1000000,ok,,1000000.0,False,0.09489257978572585,0.3663819738110084,0.0053675914063828585,34.21360821365678,1.3608474916387958,11.979933110367892,0.099926212821397
hh02,1000000,ok,,1000000.0,False,2.820928518791451,0.3618265291083271,0.005375070007369196,34.18569837718392,1.4448297658862876,14.016722408026755,0.09572
vr8b,1000000,ok,,1000000.0,False,2.3444249192222664,0.33097541522589424,0.005331214216881129,34.15688184532995,1.1969103678929767,10.976588628762542,0.0815
rc12n1,1000000,ok,,1000000.0,False,2.5423728813559325,0.3258491525423729,0.005321864406779661,34.13269768342691,1.3295,15.0,0.12019302658056448
giiil,1000000,ok,,1000000.0,False,1.7796610169491522,0.31624067796610167,0.005291864406779661,34.11050932038656,1.4812,15.0,0.08545399104394796
s3010,1000000,ok,,1000000.0,False,0.7627118644067794,0.37252711864406773,0.005401186440677966,34.10506626614062,1.5471,15.0,0.10317580577661166
e818,1000000,ok,,1000000.0,False,-0.7288135593220337,0.3894169491525424,0.005387457627118644,34.09584731309343,0.8085,4.0,0.09368717052253689
sd7043,1000000,ok,,1000000.0,False,0.05084745762711851,0.4534830508474576,0.005126779661016948,34.07287790568768,1.7114,15.0,0.0913040613615346
sc21006,1000000,ok,,1000000.0,False,-3.152542372881356,0.4731152542372881,0.004983898305084745,34.061251929608105,0.9838,2.0,0.06
sd7003,1000000,ok,,1000000.0,False,1.4638625928235358,0.344441176804036,0.005393797403775296,34.054796284201416,1.4550173913043478,14.016722408026755,0.0850152477637511
mh122,1000000,ok,,1000000.0,False,-1.6646448614024152,0.3654274530922283,0.005419818037526217,34.046790937624834,1.326892642140468,9.986622073578594,0.0931516303977727
n9,1000000,ok,,1000000.0,False,-0.20985204920356093,0.4345781474973073,0.005263320106569922,34.01054355321598,1.4700949832775918,11.979933110367892,0.0846
e193,1000000,ok,,1000000.0,False,0.10679666685562061,0.3810661016949153,0.005427184399977325,34.00869387904772,1.3282197324414715,14.016722408026755,0.10223691852512377
hq2511,1000000,ok,,1000000.0,False,0.04965704892012823,0.3548913837084064,0.005434965704892013,33.97301384593764,1.3292545150501671,10.996655518394647,0.10999057170233152
giiic,1000000,ok,,1000000.0,False,2.8721160931919947,0.330358347032481,0.005383731081004478,33.96602866376739,1.1349829431438128,12.050167224080266,0.09929403484434812
naca1410,1000000,ok,,1000000.0,False,1.8031290743155148,0.3133307692307692,0.005321877444589309,33.953679014873,1.445577591973244,14.016722408026755,0.1000316745217622
goe585,1000000,ok,,1000000.0,False,0.7853296298395787,0.43734853088449266,0.005274544715908017,33.94223117084432,1.4592307692307693,14.016722408026755,0.082
amsoil1,1000000,ok,,1000000.0,False,1.1186440677966099,0.3625779661016949,0.00545542372881356,33.92967273658921,1.5564,15.0,0.11624
e852,1000000,ok,,1000000.0,False,-0.491525423728814,0.37329999999999997,0.005460169491525424,33.921423374280124,1.0369,7.0,0.10071713374645808
naca651212a06,1000000,ok,,1000000.0,False,1.7138484212913099,0.3543790261323054,0.005454276968425826,33.90821739691292,1.171872575250836,12.963210702341136,0.11993480015786293
m11,1000000,ok,,1000000.0,False,1.7274530922283313,0.3491244118814125,0.005447373731647866,33.90499696747253,1.2484645484949832,12.996655518394647,0.0815
hq358,1000000,ok,,1000000.0,False,0.0,0.4851,0.00495,33.89187441048338,1.243,8.0,0.07969
tempest2,1000000,ok,,1000000.0,False,2.0650189898531828,0.2967025452071878,0.005253809874723655,33.883661419426204,1.1460247491638798,13.03344481605351,0.11996259024427547
e908,1000000,ok,,1000000.0,False,-0.6610169491525424,0.3820932203389831,0.005469661016949153,33.87763719720022,0.6473,3.0,0.09003927381329163
eh2070,1000000,ok,,1000000.0,False,2.0169491525423737,0.34789859418400326,0.0054540672297488805,33.87577426326503,0.6611,5.0,0.06999105868109257
c141f,1000000,ok,,1000000.0,False,1.1186440677966099,0.44617118644067794,0.005256101694915254,33.860373228192174,1.5765,15.0,0.09993627692102444
mh25,1000000,ok,,1000000.0,False,1.3377926421404682,0.3122959866220736,0.0053453846153846156,33.84980510019723,1.105890635451505,10.996655518394649,0.09976406169340198
goe602,1000000,ok,,1000000.0,False,0.04965704892012823,0.4332680913780397,0.005333048013151182,33.84315028433076,1.279093311036789,10.996655518394647,0.0995
fx60100sm,1000000,ok,,1000000.0,False,-1.2502692591122955,0.3716695198684882,0.005490010770364491,33.83009861446816,1.6543494983277593,14.016722408026755,0.09978475167785235
goe492,1000000,ok,,1000000.0,False,0.7627118644067794,0.49671355932203387,0.004873050847457627,33.81326749516317,0.8756,5.0,0.06201594543018248
e174,1000000,ok,,1000000.0,False,0.025962247038150643,0.4013882546340911,0.0054611728360070295,33.810692050982425,1.380981939799331,12.96655518394649,0.08920135673198479
rg15a111,1000000,ok,,1000000.0,False,0.7627118644067794,0.35776779661016944,0.005493559322033898,33.794943409099005,1.4295,15.0,0.10989988863908418
rc08b3,1000000,ok,,1000000.0,False,1.7093702171078728,0.2936902329799897,0.0052610906411201174,33.784578580042314,1.2427759197324415,12.993311036789297,0.07999618239660658
naca661212,1000000,ok,,1000000.0,False,1.923360353721443,0.39284701547531303,0.005487663964627855,33.78396025531919,1.1247622073578594,11.979933110367892,0.11999787168046706
hq3510,1000000,ok,,1000000.0,False,-0.8135593220338988,0.3958338983050847,0.00548271186440678,33.782902492537275,1.2524,8.0,0.09963999999999999
hq3011,1000000,ok,,1000000.0,False,-0.2146136840315176,0.3887061901252763,0.005494292273680631,33.78270123272772,1.4101314381270904,12.963210702341136,0.10985
mh201,1000000,ok,,1000000.0,False,-0.9322033898305087,0.3645406779661017,0.0055035593220338986,33.7816655220363,1.5866,15.0,0.13068802368882515
e387,1000000,ok,,1000000.0,False,0.2569582223229978,0.42113841618955844,0.00541263420441018,33.773568562306146,1.3719153846153846,13.013377926421406,0.09068898678469445
cast102,1000000,ok,,1000000.0,False,0.7627118644067794,0.365664406779661,0.005508983050847458,33.76666686001028,1.422,15.0,0.12172777395480526
e231,1000000,ok,,1000000.0,False,1.101694915254237,0.3388779661016949,0.005468305084745763,33.76094020980335,1.2546,15.0,0.12330154439790524
p51htip,1000000,ok,,1000000.0,False,2.0316308599285753,0.37500153619409327,0.005516836914007142,33.74691086445294,1.046410033444816,11.986622073578594,0.11998340846748284
s8052,1000000,ok,,1000000.0,False,1.8305084745762707,0.37521694915254233,0.0055179661016949155,33.74334147584867,1.4578,15.0,0.11886787848185781
hq1511,1000000,ok,,1000000.0,False,1.4745762711864403,0.3755525423728813,0.005521186440677966,33.733340080894095,1.3625,15.0,0.1099903417438518
naca2412,1000000,ok,,1000000.0,False,1.1186440677966099,0.3612474576271186,0.00552457627118644,33.70790459892907,1.5599,15.0,0.12006583441072505
du8608418,1000000,ok,,1000000.0,False,2.030213706705969,0.30359277818717756,0.005359019896831245,33.6342778116359,0.9929431438127091,10.953177257525084,0.08451997621088375
naca001234,1000000,ok,,1000000.0,False,2.7796610169491522,0.29554406779661013,0.005312203389830509,33.63193565452808,0.8142,8.0,0.12
sg6051,1000000,ok,,1000000.0,False,0.40677966101694896,0.4152677966101695,0.005486101694915254,33.6315580055459,1.5254,15.0,0.12002984377490834
fx60157,1000000,ok,,1000000.0,False,-1.7288135593220337,0.3533915254237288,0.005540677966101694,33.6252182657947,1.5311,15.0,0.15672161280200816
sc21010,1000000,ok,,1000000.0,False,-3.9842412561646166,0.39899492092285016,0.005538581713054816,33.605721866474234,1.652995652173913,10.989966555183944,0.1
vr7,1000000,ok,,1000000.0,False,1.1186440677966099,0.40313898305084744,0.00553271186440678,33.59710307295326,1.4231,15.0,0.12029999999999999
n64110,1000000,ok,,1000000.0,False,1.87098237061391,0.2975661413752054,0.005337745592653477,33.582070675432426,1.0827507246376815,10.013377926421402,0.09975616754887232
e205,1000000,ok,,1000000.0,False,0.7043818377642985,0.36441240859361707,0.005567920185930502,33.58106994725384,1.2779772575250836,11.979933110367892,0.10473386445699974
naca651212,1000000,ok,,1000000.0,False,1.618615724732157,0.35976543846720693,0.00556711694348393,33.569541909381165,1.1898397993311036,11.979933110367892,0.11993469036682022
k3311sm,1000000,ok,,1000000.0,False,0.40677966101694896,0.4070338983050847,0.005535423728813559,33.56292470245405,1.4237,15.0,0.11025280945757998
hq359,1000000,ok,,1000000.0,False,-0.2372881355932197,0.4594118644067798,0.005293559322033898,33.55492214354576,1.3633,11.0,0.08969999999999999
mh49,1000000,ok,,1000000.0,False,3.678022787823819,0.3589067569865653,0.0055714562666515505,33.55270674505874,1.1510127090301003,13.03344481605351,0.10486431204916805
goe474,1000000,ok,,1000000.0,False,1.0091264667535844,0.4283270619579388,0.00546886911172836,33.54515191127488,1.3313759197324415,11.979933110367892,0.0695
fx60100,1000000,ok,,1000000.0,False,-1.0353721444362565,0.3962782778754039,0.005565659543109801,33.54327183891031,1.6051224080267559,12.993311036789297,0.09992819463087249
sc20712,1000000,ok,,1000000.0,False,-1.9288022220962535,0.33854502579218865,0.005533527577801711,33.53982062357323,1.7129066889632107,14.016722408026755,0.1199
r140sm,1000000,ok,,1000000.0,False,2.983050847457627,0.33324745762711866,0.005517966101694915,33.53717319344569,0.8776,8.0,0.12037902730261549
e874,1000000,ok,,1000000.0,False,1.6101694915254239,0.3378389830508475,0.005533389830508475,33.53345607261504,0.6543,5.0,0.07900775473076416
fx38153,1000000,ok,,1000000.0,False,-0.6610169491525424,0.3722694915254237,0.00559406779661017,33.51311669447975,1.4664,15.0,0.15536330130192189
naca651412,1000000,ok,,1000000.0,False,0.18451334958335686,0.3702267785272944,0.005598451334958335,33.497990790411144,1.3229622073578595,12.993311036789297,0.11990187806873978
mrc-16,1000000,ok,,1000000.0,False,0.4237288135593218,0.37370338983050844,0.005600847457627119,33.49343244815787,1.4848,15.0,0.1390057258749029
psu-90-125wl,1000000,ok,,1000000.0,False,0.44606314834759964,0.3892252536704269,0.005593381894450428,33.49260950119396,1.3456799331103677,14.016722408026755,0.12533874145436028
ah79100a,1000000,ok,,1000000.0,False,-0.9110027776203165,0.384443092795193,0.005601779944447593,33.48102957099811,1.5043996655518395,14.016722408026755,0.0999843154362416
e221,1000000,ok,,1000000.0,False,1.775749674054759,0.36844784876140807,0.005603754889178618,33.479348209689356,1.2160448160535116,13.946488294314381,0.09377771535395789
rae2822,1000000,ok,,1000000.0,False,1.0710277195170343,0.3431076299529506,0.00557130831585511,33.45644752528281,1.2585715719063546,12.963210702341136,0.12108702547504699
rae69ck,1000000,ok,,1000000.0,False,1.0710277195170343,0.3431076299529506,0.00557130831585511,33.45644752528281,1.2585715719063546,12.963210702341136,0.12108702547504699
sg6042,1000000,ok,,1000000.0,False,-1.0169491525423728,0.43139322033898303,0.0055015254237288135,33.42523495919577,1.6479,15.0,0.09998609075406414
mh18,1000000,ok,,1000000.0,False,1.0091264667535844,0.3347958959242672,0.005570194433422142,33.37929860519966,1.1558076923076923,11.979933110367892,0.11140181071658434
hq2512,1000000,ok,,1000000.0,False,0.12941443228841898,0.36159441641630297,0.005636823876197494,33.35981323209025,1.3539260869565217,13.03344481605351,0.11961
nacacyh,1000000,ok,,1000000.0,False,0.08536931012981164,0.31035650473329185,0.00547097726886231,33.35920426782871,1.4178591973244146,13.946488294314381,0.117
sc20612,1000000,ok,,1000000.0,False,-1.0169491525423728,0.3467694915254238,0.005616610169491525,33.33947269177161,1.6541,15.0,0.12
fx84w127,1000000,ok,,1000000.0,False,0.05084745762711851,0.3974593220338983,0.005642033898305084,33.32261169499736,1.4348,15.0,0.12753586074736506
s4061,1000000,ok,,1000000.0,False,0.44606314834759964,0.4625590726149312,0.005371925060937589,33.31320050463203,1.5016297658862876,14.016722408026755,0.09614904114442833
e67,1000000,ok,,1000000.0,False,-1.2502692591122955,0.40489551612720365,0.005632578085142565,33.309495067422475,1.509509364548495,14.016722408026755,0.1162050772675504
dfvlrr4,1000000,ok,,1000000.0,False,-0.6610169491525424,0.37559322033898307,0.005671016949152543,33.285395576822104,1.7466,15.0,0.13381410907677332
n63412,1000000,ok,,1000000.0,False,0.05084745762711851,0.3488118644067797,0.005647627118644068,33.25593139439847,1.4249,15.0,0.11999086204417966
e195,1000000,ok,,1000000.0,False,0.7627118644067794,0.4120305084745763,0.0056391525423728816,33.244213330204026,1.2953,15.0,0.11807589828510437
hq3512,1000000,ok,,1000000.0,False,-0.9110027776203165,0.3826142905730967,0.005687119777790375,33.23630038551016,1.4833678929765888,14.016722408026755,0.11957000000000001
hq3012,1000000,ok,,1000000.0,False,-0.2324698146363584,0.39024013377926425,0.005683025905560909,33.2335704855115,1.4576581939799331,14.016722408026755,0.11979999999999999
rae102,1000000,ok,,1000000.0,False,2.839238138427527,0.2994289949549346,0.005444986678759707,33.22428198402409,1.0620428093645484,11.983277591973245,0.099994
e66,1000000,ok,,1000000.0,False,-1.7288135593220337,0.4103118644067797,0.0056550847457627115,33.21354705465138,1.5942,15.0,0.10125872043899736
e836,1000000,ok,,1000000.0,False,2.91463068987019,0.327275228161669,0.005595487217277933,33.201568502690755,0.9375147157190636,10.96655518394649,0.12636795422031474
mh200,1000000,ok,,1000000.0,False,0.05084745762711851,0.3491762711864407,0.005666610169491525,33.19855700257019,1.4019,15.0,0.12950614431553148
hq2012,1000000,ok,,1000000.0,False,0.7853296298395787,0.36378205317158896,0.005693872796326739,33.19358026541272,1.3981859531772576,14.016722408026755,0.11973
waspsm,1000000,ok,,1000000.0,False,0.44606314834759964,0.40114762768550544,0.0056917204240122445,33.16777091159494,1.5110531772575253,14.016722408026755,0.09353107142857142
clarkx,1000000,ok,,1000000.0,False,0.7627118644067794,0.4489101694915254,0.005524915254237288,33.14664679324892,1.4924,15.0,0.11699999999999999
naca64209,1000000,ok,,1000000.0,False,2.063034975341534,0.40650264157360694,0.005691400714245224,33.139883701896785,1.160771237458194,10.989966555183944,0.08979584693062237
boe106,1000000,ok,,1000000.0,False,0.7627118644067794,0.4070694915254237,0.005693728813559322,33.130247180196946,1.5336,15.0,0.1306
hq1512,1000000,ok,,1000000.0,False,1.4745762711864403,0.3750050847457627,0.005731186440677966,33.108269008889245,1.381,15.0,0.11959
n5h10,1000000,ok,,1000000.0,False,2.9994898248398627,0.378266379456947,0.005732377416246245,33.107012399887346,1.1479314381270904,12.963210702341136,0.09899999999999999
fx601001,1000000,ok,,1000000.0,False,-1.4288305651607054,0.3479425089280653,0.00569419760784536,33.10213370982517,1.4661953177257525,11.979933110367892,0.10104827586206896
rae103,1000000,ok,,1000000.0,False,2.9304461198344747,0.30908896887931503,0.005537309676322204,33.09811913210197,0.9895969899665552,10.996655518394647,0.09997
hq1012,1000000,ok,,1000000.0,False,1.8031290743155148,0.3423110821382008,0.005696375488917862,33.045771955620936,1.3111739130434783,14.016722408026755,0.11957999999999999
gm15sm,1000000,ok,,1000000.0,False,-1.5572813332577518,0.4209182756079588,0.005688330026642481,33.04484942984165,1.487619397993311,12.013377926421406,0.06731345812807882
supermarine371i,1000000,ok,,1000000.0,False,2.5423728813559325,0.3887627118644068,0.00575542372881356,33.03290869282324,1.2374,15.0,0.13
dae51,1000000,ok,,1000000.0,False,0.10679666685562061,0.4875874383538348,0.005304465733235077,33.02565331835633,1.5940933110367894,14.016722408026755,0.09378006999536195
raf31,1000000,ok,,1000000.0,False,1.1186440677966099,0.37033898305084745,0.005763559322033898,33.00520765542217,1.3456,15.0,0.1274
mh38,1000000,ok,,1000000.0,False,0.3377359560115636,0.4714893515106853,0.005440339549912136,33.00483426167459,1.336930100334448,10.996655518394647,0.09685058004088934
n63212,1000000,ok,,1000000.0,False,1.4638625928235358,0.3439194943597302,0.005714218014851766,33.00427069777447,1.2948361204013377,14.016722408026755,0.11999387677758636
e297,1000000,ok,,1000000.0,False,2.9491525423728806,0.3314525423728813,0.005673559322033898,32.997487589449925,0.9351,10.0,0.11382235914065666
eh1090,1000000,ok,,1000000.0,False,2.6779661016949152,0.33649491525423725,0.005692542372881356,32.9968977178576,1.0374,10.0,0.08990077452476758
naca000834,1000000,ok,,1000000.0,False,1.9661016949152543,0.2055813559322034,0.004548983050847458,32.995424184646986,0.4447,4.0,0.08
e68,1000000,ok,,1000000.0,False,-0.6610169491525424,0.4076813559322034,0.005746101694915255,32.98619097462234,1.4342,15.0,0.1309417725839656
e207,1000000,ok,,1000000.0,False,1.0995975284847797,0.3664098520492035,0.005771951703418174,32.968803306561036,1.3054287625418062,13.946488294314381,0.12020446433960726
s4062,1000000,ok,,1000000.0,False,0.10679666685562061,0.47667190635451506,0.005426698599852616,32.948136920937316,1.5275652173913044,14.016722408026755,0.09540864754955213
bacxxx,1000000,ok,,1000000.0,False,0.7955898191712487,0.29307382234567203,0.0054830451788447365,32.92746075905696,1.4113274247491638,13.996655518394647,0.1131
e433,1000000,ok,,1000000.0,False,-1.7288135593220337,0.4111983050847458,0.005760677966101695,32.926635269433035,1.5325,15.0,0.14213177172960864
n64212,1000000,ok,,1000000.0,False,1.8031290743155148,0.38103546284224243,0.005800469361147328,32.91224154270436,1.2676926421404682,14.016722408026755,0.11961505004880077
e434,1000000,ok,,1000000.0,False,-0.9322033898305087,0.39102542372881355,0.005800847457627119,32.90191285414297,1.4703,15.0,0.1333359815603337
m665,1000000,ok,,1000000.0,False,1.7138484212913099,0.32493579162179015,0.0056795408423558754,32.88635530189594,1.1340944816053513,12.963210702341136,0.078065
goe546,1000000,ok,,1000000.0,False,-0.30508474576271194,0.4142033898305085,0.005774067796610169,32.872240582265775,1.5362,15.0,0.104
sd7032,1000000,ok,,1000000.0,False,-0.2372881355932206,0.42559491525423726,0.0057421186440677965,32.8667731172667,1.6155,14.0,0.09955229948750516
s5020,1000000,ok,,1000000.0,False,2.5139164446459956,0.422431404115413,0.0057733946488294306,32.813706556029224,1.2997809364548496,12.013377926421406,0.08399531869145913
goe676,1000000,ok,,1000000.0,False,1.7796610169491522,0.33163220338983046,0.005731694915254237,32.80999831161595,1.4156,15.0,0.119
eh1590,1000000,ok,,1000000.0,False,2.642367212743041,0.3626473612606994,0.005820523212969786,32.80907578589936,1.0945792642140468,10.996655518394647,0.08991997502428195
vr14,1000000,ok,,1000000.0,False,1.1186440677966099,0.2791966101694915,0.005408983050847457,32.80596236443873,1.4938,15.0,0.07958599999999999
l188root,1000000,ok,,1000000.0,False,0.7627118644067794,0.35309999999999997,0.005803898305084746,32.801528180763924,1.4966,15.0,0.13984920889357588
clarkysm,1000000,ok,,1000000.0,False,0.40677966101694896,0.44054067796610163,0.005715084745762712,32.78533268285935,1.5491,15.0,0.1172196577181208
naca1412,1000000,ok,,1000000.0,False,1.8305084745762707,0.3144033898305084,0.005657627118644068,32.78203072956013,1.4789,15.0,0.12003801044123691
apex16,1000000,ok,,1000000.0,False,0.08474576271186418,0.4177508474576271,0.005802203389830508,32.775144018175496,1.3503,15.0,0.12918326747864356
psu94097,1000000,ok,,1000000.0,False,-0.42542939742645025,0.45510764695878914,0.005649731874610283,32.76302297672945,1.5713478260869564,12.993311036789297,0.09696090228881422
mh26,1000000,ok,,1000000.0,False,1.4282637038716626,0.3530536874326852,0.005819892296355082,32.75252216368149,1.1416371237458194,12.013377926421406,0.10978946847614088
b29tip,1000000,ok,,1000000.0,False,1.463805906694633,0.33135987755796176,0.005750884303610907,32.744163359216294,1.160366220735786,12.96655518394649,0.08999289664516896
e361,1000000,ok,,1000000.0,False,2.5423728813559325,0.3556406779661017,0.00583135593220339,32.73616455295922,1.3828,15.0,0.12107430052371641
ys930,1000000,ok,,1000000.0,False,0.593220338983051,0.470364406779661,0.005568813559322033,32.72833357792634,0.8813,6.0,0.09090531585712024
rg15a213,1000000,ok,,1000000.0,False,-0.30508474576271194,0.34188135593220337,0.005796779661016949,32.72405810835715,1.516,15.0,0.12988422017993126
sd7034,1000000,ok,,1000000.0,False,0.7627118644067794,0.4878203389830508,0.00544271186440678,32.715061989747085,1.6223,15.0,0.10508449986522966
rae5212,1000000,ok,,1000000.0,False,0.7627118644067794,0.3763101694915254,0.005875423728813559,32.694533181579956,1.5373,15.0,0.11938871611683127
tsagi8,1000000,ok,,1000000.0,False,1.9152542372881358,0.3490474576271187,0.005830169491525424,32.68909399022579,0.847,7.0,0.0795
hq3513,1000000,ok,,1000000.0,False,-1.0169491525423728,0.3697033898305085,0.005873728813559322,32.6821848391845,1.4931,15.0,0.13
doa5,1000000,ok,,1000000.0,False,-0.30508474576271194,0.38820169491525425,0.005882203389830509,32.681344911182684,1.3989,15.0,0.1620459519038076
s2091,1000000,ok,,1000000.0,False,0.7627118644067794,0.49338474576271185,0.005413559322033899,32.67606210834158,1.6341,15.0,0.10108287677635414
naca641112,1000000,ok,,1000000.0,False,2.315911796383425,0.3517348506320503,0.005842137067059691,32.674851545811194,1.1448464882943143,10.986622073578594,0.11961420034080136
clarky,1000000,ok,,1000000.0,False,0.7627118644067794,0.46382881355932204,0.005636271186440678,32.672497805175674,1.5232,15.0,0.1170712
e817,1000000,ok,,1000000.0,False,-0.5423728813559316,0.4122152542372882,0.0058559322033898305,32.67169938492668,1.1415,8.0,0.10980978654728982
rc1264c,1000000,ok,,1000000.0,False,1.8305084745762707,0.27823050847457625,0.005436949152542373,32.6673459558816,1.4021,15.0,0.11999726963764856
hq3013,1000000,ok,,1000000.0,False,-0.30508474576271194,0.38401694915254236,0.005887796610169491,32.66727390611146,1.4637,15.0,0.12986999999999999
ht22,1000000,ok,,1000000.0,False,2.010430247718383,0.30225816563686864,0.005619500595204353,32.66031852413458,1.3882829431438126,12.983277591973245,0.05078891332390381
prandtl-d-centerline,1000000,ok,,1000000.0,False,2.186440677966102,0.3510271186440679,0.005846779661016949,32.65505485372978,1.2038,15.0,0.12029474853037231
goe402,1000000,ok,,1000000.0,False,1.0,0.6537,0.00302,32.6479944924686,1.4888635451505017,12.00334448160535,0.068
tempest1,1000000,ok,,1000000.0,False,2.5423728813559325,0.3278406779661017,0.005765254237288135,32.647834693812875,1.2059,15.0,0.14496858045339123
rae101,1000000,ok,,1000000.0,False,2.844169831642196,0.3013859248341929,0.005618576044441924,32.643224838429845,1.1107732441471572,11.993311036789297,0.099938
vr7b,1000000,ok,,1000000.0,False,1.4395442435236099,0.37399382121194946,0.005895163539481889,32.63337879169066,1.5537919732441472,13.996655518394647,0.12029999999999999
c5a,1000000,ok,,1000000.0,False,1.1186440677966099,0.26823898305084737,0.005359152542372882,32.624392223238736,1.4143,15.0,0.13121441845711163
c5e,1000000,ok,,1000000.0,False,1.1186440677966099,0.3213389830508474,0.00574457627118644,32.612946371727254,1.5683,15.0,0.10781224506400294
mh116,1000000,ok,,1000000.0,False,-0.8193413071821336,0.434227929255711,0.005815090414375603,32.60603076988398,1.414901337792642,11.979933110367892,0.09848824450926127
as6092,1000000,ok,,1000000.0,False,-1.2858681480641687,0.441112000453489,0.005797227481435293,32.58009071648179,1.740892976588629,12.013377926421406,0.05050577030537938
m12,1000000,ok,,1000000.0,False,1.8305084745762707,0.3384728813559321,0.005833559322033898,32.57080027820021,1.4713,15.0,0.1193
as6093,1000000,ok,,1000000.0,False,-1.780227878238195,0.37122329799897963,0.005921536194093305,32.55005016496496,1.80068127090301,13.996655518394647,0.06059791930051625
ls413,1000000,ok,,1000000.0,False,-1.3728813559322033,0.35363898305084746,0.005888983050847458,32.548506377987046,1.7382,15.0,0.1293
oa206,1000000,ok,,1000000.0,False,2.406779661016949,0.27896271186440674,0.005477966101694915,32.534624362297436,1.0369,10.0,0.0600707846762119
e214,1000000,ok,,1000000.0,False,-1.5895357406042745,0.4374733971997052,0.005840442151805453,32.51302192256181,1.5659795986622074,14.016722408026755,0.1110151474104881
fx60177,1000000,ok,,1000000.0,False,-1.7288135593220337,0.3659016949152542,0.0059298305084745755,32.50463693364403,1.5067,15.0,0.17720153057957092
ht23,1000000,ok,,1000000.0,False,2.08349866787597,0.30720195000283423,0.005696759254010543,32.502147568089825,1.4047702341137125,13.996655518394647,0.06507682131415135
goe600,1000000,ok,,1000000.0,False,1.8305084745762707,0.42933220338983047,0.005878983050847457,32.49295172278297,1.4575,15.0,0.13074367630221662
ah85l120,1000000,ok,,1000000.0,False,2.898305084745763,0.3086440677966102,0.005709661016949153,32.488910235628715,0.7617,9.0,0.12103861179361179
e220,1000000,ok,,1000000.0,False,1.4395442435236099,0.35229707216144207,0.0059082359276685,32.48012100544193,1.2859976588628763,13.996655518394647,0.11459179802287382
m5,1000000,ok,,1000000.0,False,2.228104982710729,0.33216483192562757,0.00583949039170115,32.47120443948266,1.2300418060200669,11.979933110367892,0.08208276727672767
goe450,1000000,ok,,1000000.0,False,-3.0,0.2584,0.00531,32.434944902049004,1.6420903010033445,13.976588628762542,0.08900823013687498
m15,1000000,ok,,1000000.0,False,1.1245961113315568,0.4243843886400997,0.0059185924834193075,32.43381451978831,1.4677628762541806,14.016722408026755,0.11998776505250525
defcnd3,1000000,ok,,1000000.0,False,1.101694915254237,0.3629610169491525,0.005950847457627119,32.42853412599906,1.5199,15.0,0.11476411896857514
e71,1000000,ok,,1000000.0,False,-0.05084745762711862,0.6992983050847458,0.0021081355932203393,32.42664151753556,1.256,6.0,0.0516307190224511
vr5,1000000,ok,,1000000.0,False,0.7627118644067794,0.3900779661016949,0.005977966101694916,32.41936271038705,1.4775,15.0,0.12
nasasc2-0714,1000000,ok,,1000000.0,False,-1.7288135593220337,0.38782203389830505,0.005979661016949152,32.41541729551334,1.756,15.0,0.1393333333333333
fx66h80,1000000,ok,,1000000.0,False,2.0502239102091715,0.37646257014908446,0.0059760268692251005,32.411623267713985,1.0736939799331104,10.996655518394649,0.07999819463087249
e392,1000000,ok,,1000000.0,False,-0.19318632730570862,0.43624381270903007,0.005887615214556998,32.410973930014116,1.439095652173913,13.03344481605351,0.10143389272101934
eh0009,1000000,ok,,1000000.0,False,2.9566351113882448,0.3120599569185422,0.0057574763335411835,32.397713871839464,0.9305230769230768,10.013377926421406,0.08998997571973638
ls413mod,1000000,ok,,1000000.0,False,-1.0169491525423728,0.38387966101694915,0.005986440677966102,32.39531328234128,1.7572,15.0,0.1302
a18sm,1000000,ok,,1000000.0,False,-0.8574343858057931,0.40633883566691237,0.00597578425259339,32.389591902601985,1.5364234113712374,12.963210702341136,0.07282035714285715
kc135b,1000000,ok,,1000000.0,False,2.186440677966102,0.38858644067796616,0.005989322033898305,32.38922609496592,1.2807,15.0,0.1298
e228,1000000,ok,,1000000.0,False,3.063034975341534,0.3285492545774049,0.005849252876821042,32.38778813385302,1.0810458193979933,11.989966555183944,0.10063157125112185
mb253515sm,1000000,ok,,1000000.0,False,1.4638625928235358,0.3657519585057536,0.005977831755569412,32.36585521050638,1.165389297658863,14.016722408026755,0.14958
ms313,1000000,ok,,1000000.0,False,-0.30508474576271194,0.3582949152542373,0.005968135593220339,32.348693357775204,1.757,15.0,0.13134880000000002
cr001sm,1000000,ok,,1000000.0,False,-0.2476050110537953,0.4960623434045689,0.005547413411938099,32.34091030857962,1.5046698996655519,13.03010033444816,0.073315
n64012a,1000000,ok,,1000000.0,False,2.789977892409727,0.30828658806190123,0.0057532940309506266,32.33264352572039,1.1472090301003344,13.946488294314381,0.11986
fx74130wp2mod,1000000,ok,,1000000.0,False,-0.7796610169491527,0.38903728813559324,0.006016101694915255,32.317093679483435,1.3276,15.0,0.12907275007742336
usa51,1000000,ok,,1000000.0,False,0.76152145569979,0.3521474576271186,0.005963686865823933,32.31362311029563,1.2107832775919734,12.996655518394647,0.09330000000000001
mrc-20,1000000,ok,,1000000.0,False,0.08474576271186418,0.4028271186440678,0.006011864406779662,32.30792112617017,1.4762,15.0,0.15583858813640117
goe602m,1000000,ok,,1000000.0,False,-0.8000680233546849,0.39467310243183495,0.00602400204070064,32.292634742160885,1.3271892976588628,12.046822742474916,0.096
rae5213,1000000,ok,,1000000.0,False,0.7627118644067794,0.31981186440677967,0.005838474576271186,32.27797697036998,1.4953,15.0,0.09948527272727273
e360,1000000,ok,,1000000.0,False,2.5423728813559325,0.3764525423728814,0.006024745762711865,32.27621331370261,1.389,15.0,0.12228681849418063
davis,1000000,ok,,1000000.0,False,0.7496173686298961,0.492013190862196,0.005615283147213877,32.26904224703981,1.3046555183946487,12.963210702341136,0.11249999999999999
n63012a,1000000,ok,,1000000.0,False,2.789977892409727,0.3087285924834193,0.0057769933677229175,32.26209465940469,1.172098662207358,13.946488294314381,0.1199
e407,1000000,ok,,1000000.0,False,-2.0847457627118646,0.38450169491525416,0.006043389830508475,32.241116217236645,1.5756,15.0,0.14426852091972503
hq3014,1000000,ok,,1000000.0,False,-0.30508474576271194,0.38052542372881354,0.00604864406779661,32.22051067137699,1.4698,15.0,0.13986
p51dtip,1000000,ok,,1000000.0,False,2.413808741001075,0.4197569582223228,0.006017928688849839,32.21826293719012,1.0566879598662207,10.013377926421402,0.11405037761322084
e853,1000000,ok,,1000000.0,False,-0.8193413071821336,0.3798602346805735,0.0060490329346408935,32.218027622431016,1.3175588628762542,11.979933110367892,0.11602263108390248
goe593,1000000,ok,,1000000.0,False,0.05084745762711851,0.44808474576271184,0.005920338983050848,32.215178236898915,1.5328,15.0,0.11900000000000001
ah79k135,1000000,ok,,1000000.0,False,0.40677966101694896,0.3708084745762712,0.006044745762711865,32.2003830353754,1.2103,15.0,0.13484539234149404
nlr1t,1000000,ok,,1000000.0,False,0.9069780624681139,0.27839557281333255,0.005565350036845983,32.18765947262252,1.3542351170568563,13.03010033444816,0.08699888941736028
s4233,1000000,ok,,1000000.0,False,0.05084745762711851,0.3730762711864407,0.006053050847457627,32.18649224184765,1.3681,15.0,0.13640096861463877
ah79k132,1000000,ok,,1000000.0,False,0.05084745762711851,0.38930508474576275,0.006071186440677966,32.16997125055101,1.2373,15.0,0.13196385750156936
n63010a,1000000,ok,,1000000.0,False,2.642367212743041,0.28337840258488745,0.0056138937701944325,32.16896698703057,0.9643839464882943,10.996655518394647,0.0999
goe14k,1000000,ok,,1000000.0,False,-0.6610169491525424,0.34270169491525426,0.0059805084745762705,32.16806756130097,1.2805,15.0,0.12
e201,1000000,ok,,1000000.0,False,0.4237288135593218,0.4073864406779661,0.006061016949152543,32.16758155410377,1.3102,15.0,0.11861728889534007
n11h9,1000000,ok,,1000000.0,False,2.0338983050847457,0.4784864406779661,0.005767627118644068,32.162335576825335,1.4027,15.0,0.08979567322851041
goe100,1000000,ok,,1000000.0,False,0.8813559322033897,0.4869813559322034,0.0057061016949152546,32.16089468948535,1.1712,8.0,0.06571810349647511
hq09,1000000,ok,,1000000.0,False,2.0677966101694913,0.22468983050847455,0.004980338983050847,32.14863480660603,0.8154,8.0,0.08111356388088377
n64012,1000000,ok,,1000000.0,False,2.9304461198344747,0.3340404115412956,0.005951915991156963,32.14504090435752,1.08616254180602,10.996655518394647,0.11962
rae104,1000000,ok,,1000000.0,False,2.413808741001075,0.254211785046199,0.005337256391361032,32.143922377407314,0.9462678929765888,10.013377926421402,0.1
lwk80120k25,1000000,ok,,1000000.0,False,2.898305084745763,0.3101576271186441,0.0058233898305084745,32.1374335977499,1.2258,15.0,0.12058258903685352
be50sm,1000000,ok,,1000000.0,False,-0.5145966781928468,0.43616809137803975,0.00601069270449521,32.117930352393984,1.599685618729097,11.979933110367892,0.07315526627218935
raf48,1000000,ok,,1000000.0,False,1.4745762711864403,0.38514915254237286,0.0060911864406779665,32.113311777901686,1.3991,15.0,0.1496
fx74080,1000000,ok,,1000000.0,False,-0.03389830508474567,0.5360305084745763,0.005271525423728813,32.090003990299934,0.9361,5.0,0.08149707616707616
amsoil2,1000000,ok,,1000000.0,False,1.4745762711864403,0.3005203389830508,0.0057727118644067795,32.08585678098416,1.5124,15.0,0.11761908272181454
s8025,1000000,ok,,1000000.0,False,2.3876197494473104,0.3091095062638173,0.005832571849668387,32.08416155926184,1.323071237458194,13.03344481605351,0.07980275510204081
sc20714,1000000,ok,,1000000.0,False,-1.7288135593220337,0.3928135593220339,0.006109661016949152,32.068606457575584,1.7695,15.0,0.1396
hq17,1000000,ok,,1000000.0,False,-1.0169491525423728,0.4595440677966102,0.005930169491525424,32.06244158366046,1.2846,15.0,0.15217
fx79w151a,1000000,ok,,1000000.0,False,1.1186440677966099,0.402093220338983,0.00610864406779661,32.060643358061256,1.3084,15.0,0.15161723411050781
raf32md,1000000,ok,,1000000.0,False,-0.6610169491525424,0.436735593220339,0.006038135593220338,32.048440603388435,1.4331,15.0,0.1016
ah80136,1000000,ok,,1000000.0,False,2.186440677966102,0.39552881355932207,0.006122372881355933,32.03429268887149,1.3204,15.0,0.1354874704567231
e585,1000000,ok,,1000000.0,False,-1.7288135593220337,0.38608813559322036,0.0061255932203389835,32.02280161243085,1.5007,15.0,0.14616149546225193
goe364,1000000,ok,,1000000.0,False,-1.1609886060880905,0.5153791621790149,0.005529966555183947,32.01415313275841,1.7018531772575252,13.03344481605351,0.108
e582,1000000,ok,,1000000.0,False,-1.7288135593220337,0.37167966101694916,0.006114915254237289,32.009448777347274,1.4741,15.0,0.14734536017467248
raf34,1000000,ok,,1000000.0,False,2.186440677966102,0.3595559322033899,0.006090000000000001,32.00631369838867,1.3093,15.0,0.1264
giiib,1000000,ok,,1000000.0,False,2.8375942406893024,0.30742769684258253,0.005845804659599795,32.00268581916377,1.1508153846153846,11.979933110367892,0.10444867260883381
e485,1000000,ok,,1000000.0,False,2.186440677966102,0.3315118644067797,0.005986949152542373,32.000030652763606,1.3168,15.0,0.12516919862470885
fg3,1000000,ok,,1000000.0,False,-2.0383198231392785,0.24656741114449288,0.005287555127260359,31.99460552407423,1.3622792642140469,11.979933110367892,0.1014
hobiesm,1000000,ok,,1000000.0,False,-0.5329629839578249,0.3967136273453886,0.006138625928235361,31.991370681285836,1.318824414715719,10.976588628762542,0.085743
sc20614,1000000,ok,,1000000.0,False,-1.0169491525423728,0.3676067796610169,0.006115762711864407,31.986380142187564,1.7318,15.0,0.13990000000000002
s4310,1000000,ok,,1000000.0,False,0.44606314834759964,0.49197112030686097,0.005750389622659335,31.986305975493707,1.5130899665551838,14.016722408026755,0.10852895109235901
eh2010,1000000,ok,,1000000.0,False,2.5328496117000157,0.35232591122952195,0.006077811348563006,31.98041253341037,1.1841755852842808,11.979933110367892,0.10076657152768143
p51hroot,1000000,ok,,1000000.0,False,1.8305084745762707,0.3544271186440678,0.006103559322033898,31.92529778403891,1.1361,15.0,0.15498071054363832
e431,1000000,ok,,1000000.0,False,-1.7288135593220337,0.3931779661016949,0.006166101694915254,31.921571368824306,1.5149,15.0,0.15119797843556693
aquilasm,1000000,ok,,1000000.0,False,1.0283430644521285,0.5264346182189218,0.005466019500028343,31.919042341421996,1.4701157190635452,13.976588628762542,0.09381503499999999
goe415,1000000,ok,,1000000.0,False,1.0169491525423728,0.4863610169491525,0.005828135593220338,31.91336205448347,1.2415,10.0,0.08470724526545309
fx05191,1000000,ok,,1000000.0,False,-0.6610169491525424,0.4062796610169491,0.0061633898305084745,31.91251621010811,1.382,15.0,0.19077186126266563
goe617,1000000,ok,,1000000.0,False,1.8305084745762707,0.3583338983050847,0.006123728813559322,31.900875952065636,1.3756,15.0,0.1385
fx84w140,1000000,ok,,1000000.0,False,-0.30508474576271194,0.4261050847457627,0.006134745762711865,31.896458692116706,1.4454,15.0,0.14081868093260938
naca64a010,1000000,ok,,1000000.0,False,2.8832832605861345,0.2960901479507964,0.00580429227368063,31.86318917964348,0.9454488294314382,10.006688963210703,0.099908002
n6h10,1000000,ok,,1000000.0,False,2.1427356725809195,0.36578724562099657,0.006158538631596848,31.85666308079124,1.19748127090301,14.046822742474916,0.10017000000000001
n2414,1000000,ok,,1000000.0,False,1.4745762711864403,0.40046779661016946,0.006198474576271187,31.834772643820312,1.5263,15.0,0.13999151621078038
ssca09,1000000,ok,,1000000.0,False,1.4745762711864403,0.23484745762711862,0.005182711864406779,31.834256646704493,1.4595,15.0,0.08997457836752194
s4083,1000000,ok,,1000000.0,False,0.09064112011790693,0.42409358879882086,0.0061664627855563744,31.832451708794277,1.4226652173913044,11.02675585284281,0.0799870192236414
sc20406,1000000,ok,,1000000.0,False,0.10169491525423702,0.1862694915254237,0.00447186440677966,31.827950449826183,0.5932,4.0,0.0602
goe443,1000000,ok,,1000000.0,False,1.0508474576271185,0.16217457627118642,0.004052542372881355,31.80511216641615,0.2681,2.0,0.05
e171,1000000,ok,,1000000.0,False,2.9994898248398627,0.33570327078963785,0.006073055949209229,31.79877107874547,1.049634448160535,12.963210702341136,0.12252962868661149
geminism,1000000,ok,,1000000.0,False,1.8305084745762707,0.37444067796610164,0.006218305084745763,31.74055249122283,1.3131,15.0,0.15376389707927676
rcsc2,1000000,ok,,1000000.0,False,1.0710277195170343,0.1885745535967349,0.004526429340740322,31.739444795275958,1.2180635451505015,12.963210702341136,0.0997
npl9615,1000000,ok,,1000000.0,False,2.186440677966102,0.29579661016949155,0.005841271186440678,31.728941869505096,1.3217,15.0,0.11300131212956485
hq3015,1000000,ok,,1000000.0,False,-0.30508474576271194,0.37942542372881355,0.006236440677966102,31.712409871236204,1.486,15.0,0.14983
goe693,1000000,ok,,1000000.0,False,1.1186440677966099,0.5079169491525424,0.00576135593220339,31.693230263333735,1.5343,15.0,0.12
fx75141,1000000,ok,,1000000.0,False,-1.0169491525423728,0.41379661016949154,0.0062449152542372885,31.689499067325702,1.5057,15.0,0.14133415841584157
fx60126,1000000,ok,,1000000.0,False,-1.0169491525423728,0.39497118644067797,0.006257457627118644,31.68746052333071,1.7273,15.0,0.12590283892617452
hq3514,1000000,ok,,1000000.0,False,-0.6610169491525424,0.41114406779661017,0.006249830508474576,31.68570366339253,1.5375,15.0,0.14
fx63100,1000000,ok,,1000000.0,False,-1.9288022220962535,0.46351622357009237,0.006093624511082138,31.656345964791008,1.8136983277591974,14.016722408026755,0.0992448275862069
s8037,1000000,ok,,1000000.0,False,1.8305084745762707,0.40435084745762706,0.006271694915254237,31.646434419163718,1.3982,15.0,0.16000098670057666
bqm34,1000000,ok,,1000000.0,False,2.789977892409727,0.2908197494473102,0.005826182756079587,31.640557241412836,1.1985645484949834,13.946488294314381,0.09894883011372252
naca652415a05,1000000,ok,,1000000.0,False,0.7627118644067794,0.389193220338983,0.006276271186440678,31.633687660163876,1.2604,15.0,0.1499491833174475
naca652215,1000000,ok,,1000000.0,False,1.8305084745762707,0.38685593220338976,0.006276440677966102,31.628813154461596,1.2195,15.0,0.14994962412700447
boe103,1000000,ok,,1000000.0,False,0.40677966101694896,0.46217627118644067,0.006120677966101695,31.612978789252598,1.5563,15.0,0.1272
a18,1000000,ok,,1000000.0,False,-1.9356045575647638,0.39016077319879827,0.006286136273453886,31.60989825196655,1.4662521739130434,9.986622073578594,0.07345
e393,1000000,ok,,1000000.0,False,-1.1609886060880905,0.4102794966271753,0.006282197721217618,31.609061376942464,1.494752508361204,13.03344481605351,0.1152321722789957
fx83w108,1000000,ok,,1000000.0,False,-1.3728813559322033,0.39988135593220336,0.006288474576271187,31.608934765131995,1.569,15.0,0.10865855649902023
fx84w150,1000000,ok,,1000000.0,False,-0.30508474576271194,0.43470847457627115,0.00623457627118644,31.60708950463243,1.4352,15.0,0.14988830405621206
ht35,1000000,ok,,1000000.0,False,2.3707272830338404,0.2866345105152767,0.005802287285301285,31.597940192263316,1.0700909698996655,11.03010033444816,0.07499279342554431
fx79l100,1000000,ok,,1000000.0,False,3.0328212686355656,0.31788196814239567,0.0060406195793889245,31.594744158443625,1.234764882943144,13.03344481605351,0.10064252315554136
naca662215,1000000,ok,,1000000.0,False,2.186440677966102,0.4263457627118644,0.006263898305084745,31.589766970051517,1.1542,15.0,0.149896254992115
s8021,1000000,ok,,1000000.0,False,2.54407346522306,0.2908356272320164,0.005848480811745366,31.564448062045212,0.9525217391304347,10.006688963210703,0.07594060354182504
naca652415,1000000,ok,,1000000.0,False,0.4237288135593218,0.39629491525423727,0.006306610169491526,31.56365867187663,1.3244,15.0,0.14993185585710256
rae5214,1000000,ok,,1000000.0,False,0.40677966101694896,0.27580169491525425,0.00571457627118644,31.55203738464643,1.5012,15.0,0.09666158441558442
prandtl-d-wingtip,1000000,ok,,1000000.0,False,2.9304461198344747,0.32457387336318777,0.006096010430247717,31.549757307907058,1.0955936454849498,10.996655518394647,0.09631756214915799
raf27,1000000,ok,,1000000.0,False,2.685221926194659,0.292949294257695,0.005872074145456606,31.54498541327712,1.037323745819398,10.013377926421402,0.0976
avistar,1000000,ok,,1000000.0,False,2.186440677966102,0.39360847457627124,0.0063152542372881355,31.540078652236012,1.3052,15.0,0.14517053936022253
e197,1000000,ok,,1000000.0,False,1.1186440677966099,0.42166610169491525,0.006295084745762712,31.539139157752196,1.2873,15.0,0.13477724199249397
m685,1000000,ok,,1000000.0,False,1.4638625928235358,0.2900739980726716,0.005852719233603536,31.52752126578916,1.2340745819397994,14.016722408026755,0.10208500000000001
fx78k140,1000000,ok,,1000000.0,False,0.4745762711864407,0.37327118644067797,0.006296440677966102,31.52559012191479,1.2168,14.0,0.14089862186435428
v13009,1000000,ok,,1000000.0,False,1.8305084745762707,0.3116372881355931,0.006024067796610169,31.515880154541136,1.553,15.0,0.08999546127798719
lwk80150k25,1000000,ok,,1000000.0,False,2.898305084745763,0.32242372881355935,0.00609593220338983,31.51053370493682,1.2509,15.0,0.1503732362960669
ah81131,1000000,ok,,1000000.0,False,1.8813559322033901,0.3906474576271187,0.006325762711864407,31.50956987663775,1.1503,15.0,0.1304896035924435
npl9660,1000000,ok,,1000000.0,False,2.186440677966102,0.318871186440678,0.006074237288135593,31.509292203310608,1.3944,15.0,0.11300131212956485
n8h12,1000000,ok,,1000000.0,False,1.4745762711864403,0.37081016949152534,0.006297796610169491,31.508020100539827,1.2792,15.0,0.11978358227109079
e521,1000000,ok,,1000000.0,False,2.898305084745763,0.3319813559322034,0.0061581355932203395,31.487374136726615,1.173,15.0,0.13767840436699558
k3311,1000000,ok,,1000000.0,False,1.1245961113315568,0.49644848364605176,0.005963867127713849,31.48007906513193,1.3479866220735788,14.016722408026755,0.11
kc135winglet,1000000,ok,,1000000.0,False,-0.19318632730570862,0.5369141942066775,0.005590460858227992,31.470943351088902,1.7380755852842809,13.03344481605351,0.07959999999999999
rc10b3,1000000,ok,,1000000.0,False,1.8305084745762707,0.3537847457627118,0.006262372881355932,31.468578768076107,1.3743,15.0,0.09972366130308626
npl9627,1000000,ok,,1000000.0,False,2.186440677966102,0.31329661016949156,0.006050508474576272,31.468239207488377,1.4884,15.0,0.12155189800512892
goe738,1000000,ok,,1000000.0,False,2.898305084745763,0.39046101694915253,0.006343898305084745,31.463212016001414,1.3648,15.0,0.15439999999999998
goe377,1000000,ok,,1000000.0,False,0.9830508474576272,0.48708996797233717,0.0060478684598378775,31.449486729361478,1.2448,10.0,0.0645
hq010,1000000,ok,,1000000.0,False,2.5328496117000157,0.27951563403435165,0.005780221642764015,31.445556657381967,1.1433618729096988,11.979933110367892,0.09999184758245278
ah88k130,1000000,ok,,1000000.0,False,-1.1362734538858343,0.4251782552009523,0.006332145569979027,31.436432928812586,1.3497441471571907,13.996655518394647,0.12996445945945945
goe704,1000000,ok,,1000000.0,False,2.142395555807493,0.3354936058046595,0.006193819511365568,31.435985760580053,1.3405163879598663,14.016722408026755,0.12945400686319383
nacam18,1000000,ok,,1000000.0,False,2.11864406779661,0.4302779661016949,0.006330508474576271,31.41412079136403,1.3938,15.0,0.11960000000000001
goe677,1000000,ok,,1000000.0,False,2.142395555807493,0.31845607958732486,0.006103884133552519,31.408929888360376,1.3300779264214047,14.016722408026755,0.11950000000000001
s8038,1000000,ok,,1000000.0,False,2.186440677966102,0.35011694915254243,0.00627271186440678,31.400370287639873,1.4043,15.0,0.1299851362014936
rae100,1000000,ok,,1000000.0,False,2.9994898248398627,0.3256270336148746,0.006153872229465451,31.392425574567163,1.2671508361204014,12.963210702341136,0.099956
n10,1000000,ok,,1000000.0,False,-1.1788447366929313,0.4667041834363131,0.006200709710333881,31.391520413218757,1.517908026755853,12.963210702341136,0.1122
e186,1000000,ok,,1000000.0,False,2.9304461198344747,0.3806990703474857,0.006362349073181792,31.38750305546527,1.0735421404682275,10.996655518394647,0.10268239951714138
goe391,1000000,ok,,1000000.0,False,0.4915254237288136,0.4320728813559322,0.006352033898305085,31.354905997435463,1.1844,10.0,0.051
ncambre,1000000,ok,,1000000.0,False,2.186440677966102,0.3269440677966102,0.0061742372881355935,31.354468304079358,1.4591,15.0,0.1151911445380828
goe493,1000000,ok,,1000000.0,False,-0.25423728813559343,0.3892949152542373,0.006389830508474577,31.344613639000762,1.3877,15.0,0.14961839313023073
e668,1000000,ok,,1000000.0,False,-1.3728813559322033,0.4277440677966102,0.006367966101694916,31.341356749495482,1.5259,15.0,0.1389881211098359
n63415,1000000,ok,,1000000.0,False,0.40677966101694896,0.3967084745762712,0.006396949152542373,31.3385395100092,1.4476,15.0,0.1499810962264027
e216,1000000,ok,,1000000.0,False,-2.957315344935094,0.4848496230372428,0.0061360965931636525,31.301625129925345,1.7464715719063544,13.946488294314381,0.1041877885665622
oa213,1000000,ok,,1000000.0,False,1.4745762711864403,0.32963050847457626,0.006211016949152542,31.291126380126585,1.5407,15.0,0.125635066427779
eh2012,1000000,ok,,1000000.0,False,2.710220509041438,0.3658719913837084,0.00636727056289326,31.288538872387136,1.2519959866220736,13.03344481605351,0.11988596600763095
naca632615,1000000,ok,,1000000.0,False,-1.0169491525423728,0.40251864406779664,0.006418813559322035,31.286828317550906,1.5513,15.0,0.1499863033601802
ht34,1000000,ok,,1000000.0,False,2.2048636698599853,0.2603058216654385,0.005625350036845984,31.281494487184133,1.0334812709030101,10.006688963210703,0.0697351646424462
sm701,1000000,ok,,1000000.0,False,-1.7288135593220337,0.3614322033898305,0.006359661016949152,31.2728157964967,1.677,15.0,0.1598852176267367
e598,1000000,ok,,1000000.0,False,1.0365058670143403,0.4319803129074314,0.0063886831812255546,31.272239466428157,1.541928762541806,12.050167224080266,0.1114238956421263
goe113,1000000,ok,,1000000.0,False,1.8813559322033893,0.5253830508474576,0.005819152542372883,31.26920498058662,1.1801,9.0,0.06649999999999999
sc20410,1000000,ok,,1000000.0,False,0.11756703134742885,0.25642075279179183,0.005586958789184287,31.258884423472313,1.447851839464883,12.996655518394647,0.09970000000000001
n63215,1000000,ok,,1000000.0,False,1.8305084745762707,0.3891372881355932,0.006424576271186441,31.25676490221654,1.3285,15.0,0.14998597887046866
fx66h60,1000000,ok,,1000000.0,False,3.1186440677966103,0.3751118644067797,0.006402372881355933,31.256710653390844,0.8275,8.0,0.06015037783375315
fx60160,1000000,ok,,1000000.0,False,-0.6610169491525424,0.3886,0.006427627118644068,31.247681863432977,1.4195,15.0,0.15595
fx63110,1000000,ok,,1000000.0,False,-2.0847457627118646,0.44309830508474574,0.006370338983050848,31.243039867460155,1.8434,15.0,0.10993931034482758
ah93157,1000000,ok,,1000000.0,False,-0.5762711864406782,0.33190338983050843,0.006241864406779661,31.2380073320175,1.2628,14.0,0.1568382147623286
v13006,1000000,ok,,1000000.0,False,1.6345445269542536,0.26223117737089724,0.005658762541806019,31.237176439939105,0.9409866220735785,8.979933110367892,0.059767160562244286
goe547,1000000,ok,,1000000.0,False,-0.30508474576271194,0.4586016949152542,0.006331186440677966,31.198720944481913,1.3888,15.0,0.10504743315859986
nl722343,1000000,ok,,1000000.0,False,0.4894847230882604,0.2809136670256788,0.005864589875857378,31.197315174820233,1.3435648829431437,12.993311036789297,0.0861154422885594
e403,1000000,ok,,1000000.0,False,-1.3728813559322033,0.42415932203389833,0.006440677966101695,31.190216479653895,1.4527,15.0,0.14956934995838878
naca642415,1000000,ok,,1000000.0,False,0.40677966101694896,0.3943864406779661,0.006460677966101695,31.178163174349763,1.398,15.0,0.14962892530698893
e520,1000000,ok,,1000000.0,False,2.898305084745763,0.3388338983050848,0.006299661016949153,31.1779467809024,1.2117,15.0,0.14998860306643952
npl9626,1000000,ok,,1000000.0,False,2.898305084745763,0.3667847457627119,0.006413220338983051,31.173166419203575,1.3697,15.0,0.12061904190382244
fx83w160,1000000,ok,,1000000.0,False,-1.3728813559322033,0.41068305084745765,0.006465084745762711,31.16931773310721,1.4885,15.0,0.16049830405621207
n642415,1000000,ok,,1000000.0,False,0.40677966101694896,0.3943271186440678,0.006464745762711865,31.16803754101779,1.398,15.0,0.14962892530698893
curtisc72,1000000,ok,,1000000.0,False,-2.143075789354345,0.4470902783288929,0.006405799557848195,31.13624467632552,1.6289548494983277,12.963210702341136,0.1173
goe07k,1000000,ok,,1000000.0,False,-0.19318632730570862,0.4935474576271186,0.006160120174593278,31.134275715712416,1.266110033444816,13.03344481605351,0.11
e417,1000000,ok,,1000000.0,False,-1.1609886060880905,0.42578297148687716,0.006463714075165807,31.13117829625292,1.4005775919732442,13.03344481605351,0.14183703013933205
n64215,1000000,ok,,1000000.0,False,1.8305084745762707,0.3871711864406779,0.006473050847457627,31.129483983056893,1.2829,15.0,0.1496289446660281
naca642215,1000000,ok,,1000000.0,False,1.8305084745762707,0.3871711864406779,0.006473050847457627,31.129483983056893,1.2829,15.0,0.1496289446660281
goe796,1000000,ok,,1000000.0,False,1.1186440677966099,0.5118694915254237,0.006020338983050847,31.125389002545827,1.5774,15.0,0.12000000000000001
n64015a,1000000,ok,,1000000.0,False,3.2542372881355934,0.3657898305084746,0.00642864406779661,31.124521325214882,1.2109,15.0,0.14974
vr9,1000000,ok,,1000000.0,False,1.5374978742701657,0.2232647525650473,0.00519062127997279,31.12147875524957,0.6815983277591973,7.053511705685619,0.0606
n64008a,1000000,ok,,1000000.0,False,1.9322033898305087,0.20013220338983054,0.0048379661016949155,31.116918246621513,0.717,7.0,0.07996
k3,1000000,ok,,1000000.0,False,-1.7288135593220337,0.3962491525423729,0.006488135593220338,31.113749373815935,1.6794,15.0,0.1731130003945731
n2415,1000000,ok,,1000000.0,False,1.4745762711864403,0.4018847457627119,0.006493728813559322,31.105483139192344,1.5213,15.0,0.1499911151768592
s2027,1000000,ok,,1000000.0,False,0.7627118644067794,0.39110169491525426,0.006499152542372881,31.076174000964798,1.3931,15.0,0.1450066757695081
naca2415,1000000,ok,,1000000.0,False,1.4745762711864403,0.40233728813559316,0.0065105084745762706,31.065345747305415,1.5068,15.0,0.1500823023551126
goe495,1000000,ok,,1000000.0,False,-1.5002550875800686,0.45322176180488644,0.00642014795079644,31.057156085305614,1.5457976588628763,12.963210702341136,0.069
fx69h098,1000000,ok,,1000000.0,False,1.4198174706649285,0.3389895697522816,0.006342881355932204,31.056762310231008,1.360138795986622,13.03344481605351,0.09885287958115184
vr13,1000000,ok,,1000000.0,False,1.4745762711864403,0.3327067796610169,0.006309830508474576,31.0528901256402,1.5422,15.0,0.09450800000000001
as6091,1000000,ok,,1000000.0,False,-0.9862252706762655,0.48157252423332014,0.006282507794342724,31.049169582361,1.7369361204013378,12.953177257525082,0.04051138397753505
m18,1000000,ok,,1000000.0,False,2.142395555807493,0.45134929425769504,0.00643249248908792,31.04595740104946,1.3932531772575252,14.016722408026755,0.1202
s8036,1000000,ok,,1000000.0,False,2.186440677966102,0.4053118644067797,0.006522372881355932,31.037509946800334,1.3569,15.0,0.1599644639837
goe324,1000000,ok,,1000000.0,False,1.0365058670143403,0.5891616688396348,0.005173129074315517,31.034225284896145,1.6642384615384616,12.050167224080266,0.13125260252072857
goe623,1000000,ok,,1000000.0,False,0.7627118644067794,0.48536779661016943,0.0062737288135593225,31.019397724109396,1.555,15.0,0.12
nl722362,1000000,ok,,1000000.0,False,1.0472762315061503,0.3113487897511479,0.006183678929765886,31.008605302343213,1.252278260869565,11.989966555183944,0.08614358920411244
du84132v,1000000,ok,,1000000.0,False,0.05084745762711851,0.4683847457627119,0.006376440677966101,31.007638253751466,1.534,15.0,0.13628601404741
ultimate,1000000,ok,,1000000.0,False,3.9637208775012756,0.3818251062864917,0.006513153449350943,31.00747508701723,1.1810973244147156,12.963210702341136,0.12844975577190543
mh106,1000000,ok,,1000000.0,False,3.16019500028343,0.35509089053908505,0.0064372819001190405,31.000864820592728,1.2733645484949834,14.016722408026755,0.1305309058379489
goe372,1000000,ok,,1000000.0,False,-0.22033898305084776,0.42903559322033896,0.006518644067796611,30.993818863608094,0.9315,5.0,0.06199887856146031
lwk80100,1000000,ok,,1000000.0,False,2.229635508191146,0.23456866957655467,0.005379488124255996,30.991681467530142,1.0620541806020067,11.983277591973245,0.10059194177764014
goe479,1000000,ok,,1000000.0,False,0.7627118644067794,0.5234338983050847,0.005988983050847458,30.98998332478491,1.4678,15.0,0.116
oaf095,1000000,ok,,1000000.0,False,-1.0169491525423728,0.40819661016949155,0.006542372881355932,30.989368507261386,1.7178,15.0,0.09476436584553928
n63015a,1000000,ok,,1000000.0,False,3.2542372881355934,0.36609152542372886,0.00648135593220339,30.988040219103677,1.2287,15.0,0.14992
s9032,1000000,ok,,1000000.0,False,2.820928518791451,0.31873581429624165,0.006245998526160648,30.98060744912633,1.3580107023411372,14.016722408026755,0.08999911724137931
naca632a015,1000000,ok,,1000000.0,False,2.4576271186440675,0.37883389830508474,0.006520677966101695,30.973349392896644,1.3549,15.0,0.1498673618652188
nplx,1000000,ok,,1000000.0,False,1.1186440677966099,0.26118305084745763,0.005722542372881356,30.957618266367543,1.3631,15.0,0.10663869932432432
hs1606,1000000,ok,,1000000.0,False,-1.1243126806870354,0.4369407856697467,0.006519835043364889,30.9531646070138,1.6013260869565216,12.96655518394649,0.06014
sg6040,1000000,ok,,1000000.0,False,-0.30508474576271194,0.36388305084745765,0.006489830508474576,30.94693145638538,1.4341,15.0,0.15994218945971542
j5012,1000000,ok,,1000000.0,False,2.898305084745763,0.28317288135593227,0.0059608474576271185,30.943182052948604,1.2011,15.0,0.11994381907490789
goe629,1000000,ok,,1000000.0,False,1.8305084745762707,0.48043559322033896,0.006346949152542374,30.93413639134295,1.4031,15.0,0.13616906662120767
naca001035,1000000,ok,,1000000.0,False,1.9491525423728806,0.2180084745762711,0.005156440677966102,30.934124189920503,0.4718,5.0,0.1
n64015,1000000,ok,,1000000.0,False,3.2542372881355934,0.377435593220339,0.006533559322033898,30.9328604632067,1.1688,15.0,0.14964
goe458,1000000,ok,,1000000.0,False,-1.0508474576271185,0.4630101694915254,0.006439322033898305,30.930921646328176,1.111,6.0,0.07201575220506287
e587,1000000,ok,,1000000.0,False,-2.440677966101695,0.3968372881355932,0.006563898305084745,30.93084962046839,1.5431,15.0,0.16650871706520204
e62,1000000,ok,,1000000.0,False,0.0,0.7563,0.0017,30.92145362651706,1.3547,7.0,0.056396824529609306
e435,1000000,ok,,1000000.0,False,-2.610169491525424,0.3916593220338983,0.006569491525423729,30.905105139850374,1.5715,14.0,0.16231843864133333
s4320,1000000,ok,,1000000.0,False,0.6183322940876366,0.5533562213026473,0.005729068080040815,30.892178102512254,1.5848277591973243,13.03010033444816,0.09410817405098693
mh27,1000000,ok,,1000000.0,False,1.3138710957428703,0.3706193413071819,0.006534745195850575,30.884754490487627,1.1814866220735785,11.979933110367892,0.11981200851640836
ah63k127,1000000,ok,,1000000.0,False,-0.30508474576271194,0.4242898305084746,0.006575254237288135,30.884179002852267,1.325,15.0,0.12701847771500313
sd8020,1000000,ok,,1000000.0,False,2.789977892409727,0.29716536477523947,0.006108879882092852,30.88230045760156,1.1912127090301003,13.946488294314381,0.1009853306227263
s9026,1000000,ok,,1000000.0,False,2.898305084745763,0.31000000000000005,0.006216779661016949,30.87502663352585,1.3163,15.0,0.094992697280428
eh2510,1000000,ok,,1000000.0,False,2.0338983050847457,0.32285932203389833,0.006316440677966102,30.854456478433175,0.9861,8.0,0.09994
m6,1000000,ok,,1000000.0,False,2.5423728813559325,0.37521016949152547,0.006560508474576272,30.85084014764021,1.4052,15.0,0.1201
ah82150a,1000000,ok,,1000000.0,False,-0.6610169491525424,0.3835050847457627,0.006582203389830508,30.84281899036464,1.2799,15.0,0.1499783090740167
e837,1000000,ok,,1000000.0,False,3.2542372881355934,0.37510677966101696,0.006568135593220338,30.83082898132201,1.0716,15.0,0.1610412048192771
fx67k170,1000000,ok,,1000000.0,False,-1.0169491525423728,0.4236457627118644,0.006603220338983052,30.82330499582477,1.298,15.0,0.17006
naca662415,1000000,ok,,1000000.0,False,0.7627118644067794,0.4374355932203389,0.006578474576271187,30.82259037560965,1.2642,15.0,0.14989549772267013
ah93156,1000000,ok,,1000000.0,False,-0.5254237288135597,0.33558474576271186,0.00640728813559322,30.821010859225204,1.1997,13.0,0.1566299106699752
e854,1000000,ok,,1000000.0,False,-0.9110027776203165,0.38916979196190693,0.006609789694461765,30.798695233296204,1.4235347826086957,14.016722408026755,0.13399092140321908
ah81k144,1000000,ok,,1000000.0,False,-0.30508474576271194,0.3797813559322034,0.0065955932203389835,30.790228008344723,1.397,15.0,0.14458309165097302
w1011,1000000,ok,,1000000.0,False,3.2542372881355934,0.3615305084745763,0.006547966101694915,30.772416049213053,1.4108,15.0,0.10998391227110715
ah93k131,1000000,ok,,1000000.0,False,0.7627118644067794,0.34364576271186437,0.006469830508474576,30.768980264879318,1.3029,15.0,0.13093057455509297
mh95,1000000,ok,,1000000.0,False,1.1186440677966099,0.3316016949152542,0.006403050847457627,30.76594043229711,1.3701,15.0,0.15843908570632156
goe392,1000000,ok,,1000000.0,False,-0.9644011110481263,0.45380228445099485,0.006561067966668556,30.75578608716205,0.991353177257525,5.006688963210703,0.1015
clarym15,1000000,ok,,1000000.0,False,0.7627118644067794,0.4765508474576271,0.006460508474576271,30.752043658575886,1.6282,15.0,0.149857592877502
pmc19sm,1000000,ok,,1000000.0,False,2.7605011053795128,0.3760479734708916,0.006602940309506263,30.74913066853206,1.2377217391304347,12.043478260869565,0.09190254798331016
vr15,1000000,ok,,1000000.0,False,1.4745762711864403,0.2809661016949152,0.0059986440677966095,30.741469498599493,1.3722,15.0,0.079557
n22,1000000,ok,,1000000.0,False,-1.1609886060880905,0.5179122952213594,0.006177087466696899,30.737099490411513,1.6222795986622074,13.03344481605351,0.1237
goe601,1000000,ok,,1000000.0,False,1.1186440677966099,0.400145197740113,0.006647627118644067,30.736783222415177,1.2854,15.0,0.16034689929648455
tsagi_r3a,1000000,ok,,1000000.0,False,1.1245961113315568,0.37851627458760834,0.006618495550138881,30.725694909494155,1.7135120401337793,14.016722408026755,0.12088806074273223
giiim,1000000,ok,,1000000.0,False,3.1355932203389827,0.4829593220338983,0.006440847457627119,30.71955778771907,1.5379,15.0,0.08507209350491757
e203,1000000,ok,,1000000.0,False,0.4520151918825466,0.4033065075675982,0.006662600759594127,30.705929628197683,1.3179023411371238,13.03344481605351,0.13624446953084624
falcon,1000000,ok,,1000000.0,False,2.481662037299472,0.35309136670256774,0.0065430315741738,30.69390036666672,1.3710739130434781,14.016722408026755,0.13672153129346315
naca16015,1000000,ok,,1000000.0,False,2.898305084745763,0.29696610169491533,0.006167457627118645,30.68978978017985,1.2038,15.0,0.15
s4022,1000000,ok,,1000000.0,False,-1.6453148914460636,0.514485822799161,0.006235955444702681,30.682853157209784,1.585574247491639,12.993311036789297,0.11264133404393203
fx79l120,1000000,ok,,1000000.0,False,2.898305084745763,0.3156813559322034,0.006325762711864407,30.675783272365674,1.3284,15.0,0.12065884381986586
goe344,1000000,ok,,1000000.0,False,1.775749674054759,0.45323194263363753,0.006608552803129075,30.661230469185462,1.5086411371237458,13.946488294314381,0.07201614045077977
s9033,1000000,ok,,1000000.0,False,2.820928518791451,0.32922306558585107,0.006425475313190862,30.659369409366242,1.3440304347826086,14.016722408026755,0.0749604918032787
clarkw,1000000,ok,,1000000.0,False,0.05084745762711851,0.4052203389830508,0.006684576271186441,30.656643619850563,1.5881,15.0,0.1122
mh82,1000000,ok,,1000000.0,False,1.1186440677966099,0.37323389830508474,0.006635084745762712,30.648721639486105,1.7613,15.0,0.13302375096168664
e432,1000000,ok,,1000000.0,False,-1.3728813559322033,0.4065186440677966,0.00669406779661017,30.635678889005746,1.5243,15.0,0.15976408938599676
s9027,1000000,ok,,1000000.0,False,2.789977892409727,0.320296168017686,0.006375180545320561,30.629562663085046,1.3076217391304348,13.946488294314381,0.0799989516864175
e638,1000000,ok,,1000000.0,False,1.071084405645938,0.4062316988832832,0.006701084405645938,30.619275606594048,1.5094464882943144,12.056856187290968,0.1234292839272848
e1200,1000000,ok,,1000000.0,False,-1.0169491525423728,0.4077203389830509,0.0067094915254237286,30.60088939663437,1.5379,15.0,0.1694668488035797
hq300gd2,1000000,ok,,1000000.0,False,-1.7335751941499922,0.39327754662434095,0.006701241426223003,30.592745849484817,1.6363973244147159,11.979933110367892,0.1657503780551411
e209,1000000,ok,,1000000.0,False,1.4745762711864403,0.40564067796610165,0.006714237288135594,30.588421021862867,1.3395,15.0,0.13684803066465545
fx61147,1000000,ok,,1000000.0,False,-1.8216654384672069,0.3724983050847458,0.0066613338246131176,30.577212111238097,1.511738127090301,12.963210702341136,0.14764262247838617
sc20412,1000000,ok,,1000000.0,False,0.05084745762711851,0.28005423728813555,0.006043389830508474,30.56014377746263,1.6257,15.0,0.12
be50,1000000,ok,,1000000.0,False,-1.1026585794456105,0.4445098463805906,0.006683877331217051,30.559548885099534,1.478081939799331,10.996655518394647,0.07275
e662,1000000,ok,,1000000.0,False,-1.7288135593220337,0.4283423728813559,0.006721525423728813,30.548205025674935,1.4906,15.0,0.15012856523392987
fx74130wp1,1000000,ok,,1000000.0,False,-0.9322033898305087,0.4292237288135593,0.0067218644067796604,30.544811943942896,1.4214,15.0,0.13009412776412776
naca66-018,1000000,ok,,1000000.0,False,3.9661016949152543,0.4534084745762712,0.006668474576271187,30.536232192139984,0.941,15.0,0.17996
vr11x,1000000,ok,,1000000.0,False,0.8305084745762707,0.3257525423728812,0.00645050847457627,30.522096919642983,1.5189,15.0,0.10971
du-80-141,1000000,ok,,1000000.0,False,-1.3728813559322033,0.35043389830508476,0.006595932203389831,30.519898855318345,1.5569,15.0,0.1404247346387626
mh104,1000000,ok,,1000000.0,False,2.710220509041438,0.38081507851028856,0.0067078396916274595,30.518902243198852,1.3434933110367893,13.03344481605351,0.1525891750069398
fx68h120,1000000,ok,,1000000.0,False,1.31931296411768,0.3094372881355931,0.006329733575194149,30.517815666291188,1.1694505016722407,11.993311036789297,0.11807000000000001
e583,1000000,ok,,1000000.0,False,-1.0169491525423728,0.409171186440678,0.006748135593220339,30.513284902929566,1.4179,15.0,0.16483221063369916
e580,1000000,ok,,1000000.0,False,-2.0847457627118646,0.4288474576271186,0.006737627118644068,30.511703387671197,1.5906,15.0,0.16071571805420776
goe780,1000000,ok,,1000000.0,False,1.9661016949152543,0.2508169491525423,0.005717966101694916,30.509145872499655,0.3834,4.0,0.12000000000000001
n0012,1000000,ok,,1000000.0,False,2.898305084745763,0.30915084745762716,0.006331016949152542,30.506916272181165,1.381,15.0,0.12003129744677939
fx84w175,1000000,ok,,1000000.0,False,-0.6610169491525424,0.4159389830508474,0.006752372881355932,30.502932650244208,1.4238,15.0,0.1760883040562121
raf30,1000000,ok,,1000000.0,False,3.2542372881355934,0.33133559322033895,0.006495084745762712,30.500672688956584,1.2915,15.0,0.1264
sc20414,1000000,ok,,1000000.0,False,0.05084745762711851,0.314271186440678,0.006374745762711864,30.498337211123857,1.6855,15.0,0.14
e694,1000000,ok,,1000000.0,False,-2.440677966101695,0.5206559322033898,0.006285932203389831,30.497713504350468,1.5206,15.0,0.15433628985763112
goe488,1000000,ok,,1000000.0,False,0.39963720877501174,0.3802675301853635,0.006715949209228501,30.495725461525726,1.267175585284281,11.979933110367892,0.06802614199892738
lrn1015,1000000,ok,,1000000.0,False,-1.0169491525423728,0.4587677966101695,0.006680508474576271,30.47327244782102,1.5055,15.0,0.15187363857088942
fx73k170,1000000,ok,,1000000.0,False,-2.0847457627118646,0.3799084745762712,0.006728305084745762,30.463276765527862,1.4904,15.0,0.17076385122410545
naca671215,1000000,ok,,1000000.0,False,2.898305084745763,0.4834949152542373,0.006580847457627119,30.442653561623622,1.0805,15.0,0.14994
oa212,1000000,ok,,1000000.0,False,2.186440677966102,0.3294220338983051,0.006503559322033899,30.441753602608117,1.5021,15.0,0.1200831123974014
eh3012,1000000,ok,,1000000.0,False,2.142395555807493,0.3409900515843772,0.006576699733575194,30.43710553895771,1.15508127090301,10.013377926421402,0.11976
rae5215,1000000,ok,,1000000.0,False,0.05084745762711851,0.24316949152542372,0.005641186440677966,30.419190363358922,1.5886,15.0,0.09647792207792208
goe670,1000000,ok,,1000000.0,False,0.7746159514766733,0.45129420667762593,0.006746346012130831,30.39022930842483,1.3802585284280937,13.03344481605351,0.09000000000000001
davis_corrected,1000000,ok,,1000000.0,False,2.481662037299472,0.41810140581599675,0.006802982824102942,30.38880265177068,1.3221414715719064,14.016722408026755,0.158983882498703
e502,1000000,ok,,1000000.0,False,2.5423728813559325,0.4186474576271187,0.006802881355932203,30.38856114777824,1.0988,15.0,0.15660519642318121
s1020,1000000,ok,,1000000.0,False,-2.0847457627118646,0.46367457627118647,0.0067040677966101695,30.388128476860132,1.4896,15.0,0.15093519775497663
sc1095,1000000,ok,,1000000.0,False,2.481662037299472,0.35412291253330297,0.006671613287228615,30.367513573436533,1.4269468227424749,14.016722408026755,0.09494985889449872
naca0008,1000000,ok,,1000000.0,False,2.5328496117000157,0.2962588005215122,0.0062686174253160235,30.351754423144783,1.1622926421404682,11.979933110367892,0.08001915623852546
naca0010,1000000,ok,,1000000.0,False,2.898305084745763,0.3111050847457627,0.006399322033898305,30.350739962201626,1.3663,15.0,0.10002394529815684
goe483,1000000,ok,,1000000.0,False,-0.9661016949152543,0.4528779661016949,0.006762881355932203,30.34665362910418,0.8777,3.0,0.05450000000000001
b540ols,1000000,ok,,1000000.0,False,2.898305084745763,0.3299796610169492,0.006542372881355932,30.34342578076299,1.4315,15.0,0.09708834285714286
e334,1000000,ok,,1000000.0,False,1.0283430644521285,0.3850296298395782,0.006792368346465621,30.338885609270136,1.4839836120401337,13.976588628762542,0.11933239151056146
mh81,1000000,ok,,1000000.0,False,1.796610169491525,0.3767796610169491,0.006776779661016949,30.323575667157808,1.693,15.0,0.1298316584350984
ah80140,1000000,ok,,1000000.0,False,1.0091264667535844,0.42307087466696885,0.006839102658579447,30.30409729372434,1.507609364548495,11.979933110367892,0.13960680600914435
n0009sm,1000000,ok,,1000000.0,False,2.710220509041438,0.3156704495210023,0.006455446970126411,30.293772676548684,1.2014354515050167,13.03344481605351,0.09015811887655127
raf33,1000000,ok,,1000000.0,False,1.87098237061391,0.488053693101298,0.006633195963947624,30.293704679755617,1.4011695652173914,10.013377926421402,0.12637712465826834
mh108,1000000,ok,,1000000.0,False,3.0328212686355656,0.3576816563686867,0.00671702794626155,30.292888673280547,1.312092976588629,13.03344481605351,0.11958051999182909
e657,1000000,ok,,1000000.0,False,-1.3728813559322033,0.4501440677966102,0.006800169491525424,30.287138982727637,1.511,15.0,0.15567320394662
ls417,1000000,ok,,1000000.0,False,-1.0169491525423728,0.4112220338983051,0.006849152542372882,30.286866529223214,1.7235,15.0,0.16982999999999998
ht33,1000000,ok,,1000000.0,False,2.40677966101695,0.2682389830508475,0.005995932203389831,30.279321932692177,0.9686,10.0,0.05946530695473251
kc135a,1000000,ok,,1000000.0,False,2.186440677966102,0.3872220338983051,0.00682864406779661,30.264481991152234,1.3072,15.0,0.15493
naca4412,1000000,ok,,1000000.0,False,-0.30508474576271194,0.4496016949152542,0.006827966101694916,30.233600091518827,1.6586,15.0,0.12017706615475723
s3,1000000,ok,,1000000.0,False,2.228104982710729,0.3626247491638794,0.006763523042911399,30.229786042694776,1.2120899665551839,11.979933110367892,0.10999999999999999
ah93w145,1000000,ok,,1000000.0,False,-0.2324698146363584,0.43118700753925515,0.006866715038829999,30.228348355876072,1.5218448160535116,14.016722408026755,0.1448191919514532
lwk79100,1000000,ok,,1000000.0,False,3.1280539651947166,0.34773530412108156,0.006696529108327192,30.217418355942353,1.2732357859531773,13.946488294314381,0.09993387919463087
n13,1000000,ok,,1000000.0,False,2.898305084745763,0.2903033898305085,0.006255254237288136,30.213210190923153,1.2101,15.0,0.118
clarkz,1000000,ok,,1000000.0,False,0.7627118644067794,0.5253237288135593,0.006414576271186441,30.199913055116102,1.6384,15.0,0.11750000000000001
e477,1000000,ok,,1000000.0,False,3.2542372881355934,0.3612177966101695,0.006769491525423729,30.199485433282184,1.2202,15.0,0.15345213569447408
fx67k150,1000000,ok,,1000000.0,False,0.0,0.5225,0.00644,30.19781991519136,1.14,12.0,0.14980194177764014
nlf0115,1000000,ok,,1000000.0,False,1.1186440677966099,0.3879525423728813,0.006860677966101695,30.192813780121945,1.4001,15.0,0.1496080807315409
goe142,1000000,ok,,1000000.0,False,0.2569582223229978,0.4254167960999944,0.00688972167110708,30.191391957296265,1.5573578595317725,13.013377926421406,0.06162531999999999
e557,1000000,ok,,1000000.0,False,-1.7288135593220337,0.403628813559322,0.006891610169491525,30.18047146393766,1.6366,15.0,0.15997928790571767
ah93k130,1000000,ok,,1000000.0,False,0.7627118644067794,0.35766779661016945,0.006763050847457627,30.17510689714058,1.3376,15.0,0.1305256731181721
fx76100,1000000,ok,,1000000.0,False,3.16019500028343,0.34141418853806466,0.00667898135026359,30.168521580827438,1.2838836120401338,14.016722408026755,0.10064622818791946
tsagi12,1000000,ok,,1000000.0,False,1.5995691854203269,0.3051518451334957,0.0064114959469417825,30.163688670792283,1.1701344481605351,10.013377926421402,0.119
nacam6,1000000,ok,,1000000.0,False,1.4745762711864403,0.2918067796610169,0.006290508474576271,30.149791957606073,1.3385,15.0,0.1201
hq3518,1000000,ok,,1000000.0,False,-0.6610169491525424,0.4049762711864407,0.0069066101694915255,30.14967671256254,1.5139,15.0,0.18
e556,1000000,ok,,1000000.0,False,-1.0169491525423728,0.4043135593220339,0.006907796610169492,30.14556871437078,1.5859,15.0,0.16006139228847976
e168,1000000,ok,,1000000.0,False,3.678022787823819,0.4042772291820191,0.006908142962417096,30.144708561038485,1.2619515050167225,13.03344481605351,0.12431959319036039
s8023,1000000,ok,,1000000.0,False,3.1280539651947166,0.3531371577574967,0.0067545156170285125,30.140405128505,1.3879872909698996,13.946488294314381,0.07593374662983442
e210,1000000,ok,,1000000.0,False,-1.4835893656822172,0.3909568108383879,0.006891312850745422,30.136398558181014,1.5429030100334447,13.03344481605351,0.1363752728987367
n5h15,1000000,ok,,1000000.0,False,2.898305084745763,0.375977966101695,0.0068522033898305084,30.134368120804385,1.0558,15.0,0.1542
ah93k132,1000000,ok,,1000000.0,False,1.4745762711864403,0.4149322033898305,0.006921864406779661,30.12815517612417,1.3112,15.0,0.13226274058577406
goe650,1000000,ok,,1000000.0,False,-1.0169491525423728,0.42319152542372884,0.006923728813559322,30.121388099146106,1.6008,15.0,0.1341641556541305
m17,1000000,ok,,1000000.0,False,3.0396802902329796,0.5681591519755115,0.0060186497364095,30.12086251900997,1.3142117056856188,13.020066889632107,0.08080256025602561
goe500,1000000,ok,,1000000.0,False,-2.7966101694915255,0.41601525423728813,0.006929830508474576,30.111088876196696,1.6738,15.0,0.1
sd7062,1000000,ok,,1000000.0,False,-0.30508474576271194,0.4251779661016949,0.006929322033898305,30.107100203705652,1.7088,15.0,0.1397735328659243
goe766,1000000,ok,,1000000.0,False,2.5423728813559325,0.34105423728813566,0.006711694915254238,30.07575180678031,1.4451,15.0,0.12010000000000001
e395,1000000,ok,,1000000.0,False,-2.440677966101695,0.44538644067796607,0.006916949152542373,30.073756341756184,1.6385,15.0,0.12285352265060547
fx77080,1000000,ok,,1000000.0,False,2.6780794739527245,0.3259105833002665,0.0066140377529618505,30.06470304424462,1.1631290969899666,12.963210702341136,0.08046469798657718
e655,1000000,ok,,1000000.0,False,-1.0169491525423728,0.4114,0.0069496610169491515,30.064521895079118,1.4745,15.0,0.17328277550151183
ht13,1000000,ok,,1000000.0,False,2.8474576271186454,0.31688474576271203,0.006546440677966102,30.05965015247334,1.1981,12.0,0.06500711897213415
wb13535sm,1000000,ok,,1000000.0,False,0.35593220338983045,0.43758474576271184,0.00693864406779661,30.059249621371137,1.1832,9.0,0.1355
naca16009,1000000,ok,,1000000.0,False,1.9322033898305087,0.21014237288135595,0.005236271186440678,30.04895214444827,0.6299,6.0,0.09
nlf1015,1000000,ok,,1000000.0,False,-2.0847457627118646,0.5222508474576271,0.006532033898305084,30.041608763346737,1.4989,15.0,0.14990643382132168
s1048,1000000,ok,,1000000.0,False,3.678022787823819,0.40883761691514076,0.006960774899382121,30.03643320443097,1.17263745819398,13.03344481605351,0.13969973202322464
s4180,1000000,ok,,1000000.0,False,0.7627118644067794,0.5484135593220338,0.006296101694915254,30.028898464847735,1.7511,15.0,0.09783180045011253
goe362,1000000,ok,,1000000.0,False,-1.1243126806870354,0.433399642877388,0.006965995691854202,30.014401776154074,1.5667060200668896,12.96655518394649,0.066
raf30md,1000000,ok,,1000000.0,False,2.1138257468397477,0.2375778583980499,0.005672937475199817,30.00196757214394,0.872585618729097,8.959866220735785,0.076
goe496,1000000,ok,,1000000.0,False,-1.7288135593220337,0.4356576271186441,0.006973728813559322,29.992537563706982,1.6197,15.0,0.0995
e555,1000000,ok,,1000000.0,False,-0.30508474576271194,0.40587457627118645,0.006978135593220338,29.992135760196486,1.5282,15.0,0.16022038564520633
hsnlf213,1000000,ok,,1000000.0,False,2.898305084745763,0.44486949152542377,0.006958474576271187,29.99183906796855,1.3938,15.0,0.13251878921157953
goe497,1000000,ok,,1000000.0,False,-1.9288022220962535,0.44065311490278325,0.006967864066662888,29.98895181857421,1.6633648829431438,14.016722408026755,0.127
naca0006,1000000,ok,,1000000.0,False,1.9322033898305087,0.23186440677966103,0.005593050847457627,29.98710466945408,0.7343,7.0,0.0600143671788941
e476,1000000,ok,,1000000.0,False,3.2542372881355934,0.3598627118644068,0.006848983050847458,29.984384142488842,1.1979,15.0,0.1672531675953708
nn7mk20,1000000,ok,,1000000.0,False,-0.6610169491525424,0.38045084745762714,0.0069410169491525425,29.956401447171547,1.3548,15.0,0.16856038965186843
ht14,1000000,ok,,1000000.0,False,3.0328212686355656,0.34008700187064234,0.006752818434329119,29.951076475027293,1.3203759197324416,13.03344481605351,0.07489598956598957
mh94,1000000,ok,,1000000.0,False,1.1186440677966099,0.3556322033898305,0.00684593220338983,29.939949151200636,1.4098,15.0,0.16016579758954022
goe399,1000000,ok,,1000000.0,False,0.16949152542372925,0.4411830508474577,0.006992542372881356,29.93685525412003,1.2103,8.0,0.06899435028894349
ms317,1000000,ok,,1000000.0,False,0.05084745762711851,0.41042203389830506,0.0070096610169491525,29.931760728084225,1.7067,15.0,0.170014
naca653218,1000000,ok,,1000000.0,False,2.186440677966102,0.428871186440678,0.007013050847457627,29.925255488497623,1.1481,15.0,0.17996306478233215
naca23012,1000000,ok,,1000000.0,False,2.186440677966102,0.3566372881355933,0.00685864406779661,29.920792995510876,1.5304,15.0,0.11999794414735143
naca747a315,1000000,ok,,1000000.0,False,2.5423728813559325,0.42312372881355936,0.007029661016949153,29.89600735712484,1.1797,15.0,0.1498359839427072
ah94156,1000000,ok,,1000000.0,False,-0.30508474576271194,0.34081694915254235,0.006778644067796611,29.895300178953637,1.272,15.0,0.156056859375
naca747a415,1000000,ok,,1000000.0,False,1.4745762711864403,0.38509152542372876,0.006984406779661017,29.887048251804572,1.2122,15.0,0.14984225065374426
goe55,1000000,ok,,1000000.0,False,2.186440677966102,0.43099152542372887,0.007031016949152542,29.88447283562397,1.6303,15.0,0.061621737042225344
s102s,1000000,ok,,1000000.0,False,0.40677966101694896,0.40825423728813554,0.00703,29.8832324340886,1.5234,15.0,0.1498357687078881
sc1094r8,1000000,ok,,1000000.0,False,1.4745762711864403,0.34765423728813555,0.006825762711864406,29.880635112451642,1.7171,15.0,0.09403390887767075
m3,1000000,ok,,1000000.0,False,2.898305084745763,0.30817457627118644,0.006537457627118644,29.872714190260155,1.3632,15.0,0.119
nacam3,1000000,ok,,1000000.0,False,2.898305084745763,0.30817457627118644,0.006537457627118644,29.872714190260155,1.3632,15.0,0.119
fx78k140a20,1000000,ok,,1000000.0,False,-0.2372881355932197,0.38164915254237297,0.006983220338983051,29.86605898961027,1.1602,11.0,0.14089862186435428
joukowsk,1000000,ok,,1000000.0,False,3.2542372881355934,0.3720491525423729,0.006959491525423729,29.842546814576977,1.417,15.0,0.118
usa48,1000000,ok,,1000000.0,False,1.1186440677966099,0.43735423728813555,0.007047457627118644,29.83683834491062,1.3686,15.0,0.14900000000000002
ah79k143,1000000,ok,,1000000.0,False,0.40677966101694896,0.3535322033898305,0.006877118644067797,29.833652862583396,1.1672,15.0,0.1427353236296067
goe319,1000000,ok,,1000000.0,False,-1.0169491525423728,0.41927966101694913,0.007060847457627119,29.830237220135654,1.855,15.0,0.10244473059432171
e838,1000000,ok,,1000000.0,False,3.610169491525424,0.41912542372881356,0.0070622033898305086,29.827305047277623,1.0305,15.0,0.183672906701142
sc1095r8,1000000,ok,,1000000.0,False,2.4576271186440675,0.34300593220338976,0.006822033898305084,29.818044257776553,1.6322,15.0,0.09338296666666666
s1010,1000000,ok,,1000000.0,False,2.9566351113882448,0.3642656935547874,0.006940537951363303,29.808768659738153,1.0247879598662206,10.013377926421406,0.06019133754977747
clarkyh,1000000,ok,,1000000.0,False,2.0650189898531828,0.516107601609886,0.006721923927215011,29.797788578546257,1.3633678929765887,13.03344481605351,0.119
s8035,1000000,ok,,1000000.0,False,3.610169491525424,0.3718542372881356,0.006977966101694916,29.79654652713355,1.3003,15.0,0.1400242343541944
fx05188,1000000,ok,,1000000.0,False,-0.6610169491525424,0.4103,0.007074237288135593,29.791217408940692,1.3736,15.0,0.18810341353140644
naca633418,1000000,ok,,1000000.0,False,0.40677966101694896,0.3931966101694915,0.0070547457627118644,29.77357758737723,1.3912,15.0,0.1799629830725008
naca633618,1000000,ok,,1000000.0,False,-1.0169491525423728,0.39849152542372884,0.007067966101694916,29.76874620273349,1.4977,15.0,0.1799498818174217
ah83159,1000000,ok,,1000000.0,False,-0.6610169491525424,0.36107457627118644,0.006943898305084746,29.763761949213723,1.2832,15.0,0.15942
mh110,1000000,ok,,1000000.0,False,3.3712374581939795,0.3896618729096989,0.007053344481605351,29.757170563064445,1.0967792642140468,10.996655518394649,0.09995116175319824
fx74130wp2,1000000,ok,,1000000.0,False,-0.6610169491525424,0.4044542372881356,0.007085762711864407,29.751242525746992,1.3331,15.0,0.12989515356265358
e654,1000000,ok,,1000000.0,False,-1.7288135593220337,0.4536084745762712,0.007064406779661017,29.742160043408226,1.5752,15.0,0.17207160820270748
fx79k144,1000000,ok,,1000000.0,False,1.1186440677966099,0.4491152542372881,0.0070767796610169496,29.73810951228943,1.3624,15.0,0.1438706410653453
naca4415,1000000,ok,,1000000.0,False,0.7627118644067794,0.46453559322033894,0.007041525423728814,29.725200977718224,1.5296,15.0,0.1502208651018468
s102b,1000000,ok,,1000000.0,False,0.40677966101694896,0.4108559322033898,0.007107796610169492,29.719968371723937,1.6334,15.0,0.1498357687078881
mh80,1000000,ok,,1000000.0,False,2.5423728813559325,0.393864406779661,0.007083728813559322,29.711886682094843,1.6245,15.0,0.12702528738651936
ah83150q,1000000,ok,,1000000.0,False,0.05084745762711851,0.4054389830508474,0.0071089830508474575,29.703608036637203,1.4302,15.0,0.15002846202134337
as5045,1000000,ok,,1000000.0,False,1.4745762711864403,0.42356440677966095,0.0071272881355932205,29.691192789256327,1.5726,15.0,0.14992657411916854
goe491,1000000,ok,,1000000.0,False,1.3059350376962762,0.41406668745158065,0.007125296751884814,29.688320275545014,1.2261685618729097,11.003344481605351,0.0485
vr12,1000000,ok,,1000000.0,False,1.1186440677966099,0.29145084745762706,0.00643864406779661,29.684020750142228,1.5612,15.0,0.10565
fx73170a,1000000,ok,,1000000.0,False,-0.8431494813219214,0.4916438240462558,0.0069476441244827394,29.67945209942206,1.4985939799331105,10.013377926421402,0.17108036543821617
fx78k150,1000000,ok,,1000000.0,False,0.05084745762711851,0.3785152542372881,0.007055254237288136,29.67365226894547,1.291,15.0,0.15101100650356147
fx05h126,1000000,ok,,1000000.0,False,1.8305084745762707,0.49713220338983044,0.006927796610169492,29.659699213529024,1.369,15.0,0.12607799612465687
usa45m,1000000,ok,,1000000.0,False,2.061561135990023,0.5040074258828864,0.006895705458874213,29.64230161599424,1.333956856187291,13.03010033444816,0.11629999999999999
defcnd2,1000000,ok,,1000000.0,False,0.9138937701944325,0.4022371294144322,0.007133639816336942,29.63892248846859,1.3635872909698996,10.996655518394647,0.14731131493984165
e396,1000000,ok,,1000000.0,False,-2.440677966101695,0.44935423728813556,0.007126949152542373,29.638708332917798,1.6329,15.0,0.13058133485601392
e397,1000000,ok,,1000000.0,False,-2.440677966101695,0.4344338983050847,0.007154915254237289,29.62516190601041,1.611,15.0,0.13513886250988316
naca633018,1000000,ok,,1000000.0,False,3.610169491525424,0.4252847457627119,0.007163728813559323,29.61551140947187,1.2059,15.0,0.18012252315554136
goe632,1000000,ok,,1000000.0,False,1.0972167110708009,0.4012852502692591,0.007142916501332123,29.614949305112695,1.3700836120401338,13.03344481605351,0.13999999999999999
naca16012,1000000,ok,,1000000.0,False,1.954310980103167,0.2173550422311659,0.005460587268295447,29.611051944347253,1.0864280936454849,12.050167224080266,0.12
goe682,1000000,ok,,1000000.0,False,0.40677966101694896,0.5163661016949153,0.006835254237288135,29.600880098799156,1.4995,15.0,0.1065
n6409,1000000,ok,,1000000.0,False,-2.0847457627118646,0.46205084745762703,0.007115593220338983,29.59942410348243,1.5401,15.0,0.09027010539595125
goe398,1000000,ok,,1000000.0,False,0.7627118644067794,0.5432237288135593,0.006616610169491525,29.59065534593813,1.5548,15.0,0.1385
e656,1000000,ok,,1000000.0,False,-1.0169491525423728,0.479735593220339,0.007055762711864407,29.589580629930428,1.5059,15.0,0.16206429663366337
as5046,1000000,ok,,1000000.0,False,1.4576271186440675,0.4344745762711864,0.007175423728813559,29.58372509080971,1.5126,14.0,0.15992197950029252
goe437,1000000,ok,,1000000.0,False,0.0,0.5076,0.00691,29.57718516613557,1.241381939799331,8.006688963210703,0.07050000000000001
e637,1000000,ok,,1000000.0,False,1.3424409047106156,0.3491542996428771,0.006956411768040359,29.571790269897043,1.461194314381271,12.050167224080266,0.12095411595959596
n11,1000000,ok,,1000000.0,False,-1.1240859361714195,0.5172052888158267,0.006848611756703135,29.567849991277612,1.549996321070234,11.979933110367892,0.1094
goe767,1000000,ok,,1000000.0,False,2.898305084745763,0.40251864406779664,0.007182372881355932,29.533995384540457,1.5341,15.0,0.12
goe439,1000000,ok,,1000000.0,False,-1.1240859361714195,0.4296739017062524,0.007203503202766284,29.532301270759348,1.4279220735785954,11.979933110367892,0.07899999999999999
v23010,1000000,ok,,1000000.0,False,2.898305084745763,0.4348271186440678,0.007201864406779662,29.530046520399605,1.4524,15.0,0.10179771656744835
e562,1000000,ok,,1000000.0,False,-1.3728813559322033,0.421906779661017,0.007210338983050848,29.51853159485433,1.645,15.0,0.15016587524848649
mh115,1000000,ok,,1000000.0,False,-2.440677966101695,0.4735,0.007120338983050848,29.51799378835229,1.7376,15.0,0.11077616154630406
hs1708,1000000,ok,,1000000.0,False,-1.7288135593220337,0.46032203389830506,0.007165762711864406,29.513779202673224,1.7919,15.0,0.07916000000000001
lg10sc,1000000,ok,,1000000.0,False,2.5423728813559325,0.3841,0.007144237288135593,29.513504456770853,1.5056,15.0,0.09999
fxlv152,1000000,ok,,1000000.0,False,2.796610169491525,0.33398983050847453,0.006883050847457627,29.500615991350866,1.3081,15.0,0.1528
nlf0215f,1000000,ok,,1000000.0,False,-1.7288135593220337,0.4395983050847458,0.007217118644067797,29.491051006497973,1.6347,15.0,0.14971437260684486
hobie,1000000,ok,,1000000.0,False,-0.16949152542372925,0.43880847457627115,0.007218474576271186,29.48999493742904,0.6677,2.0,0.08495
naca001264,1000000,ok,,1000000.0,False,2.186440677966102,0.2249203389830509,0.005614406779661018,29.488910607987865,1.3284,15.0,0.12
rc410,1000000,ok,,1000000.0,False,2.186440677966102,0.3462016949152543,0.0069715254237288134,29.487994170728935,1.5999,15.0,0.0997972300521294
naca643418,1000000,ok,,1000000.0,False,0.7627118644067794,0.4328423728813559,0.007225762711864407,29.484607631354788,1.3455,15.0,0.17953270872356863
fx76120,1000000,ok,,1000000.0,False,3.610169491525424,0.3606559322033898,0.007057118644067797,29.48330649529865,1.3424,15.0,0.1206831677852349
ls013,1000000,ok,,1000000.0,False,2.5423728813559325,0.30169491525423736,0.006612881355932204,29.478385518416037,1.4229,15.0,0.1286396015936255
r1082t,1000000,ok,,1000000.0,False,0.7627118644067794,0.4027728813559322,0.007213050847457627,29.4687037603071,1.2727,15.0,0.1599599176041198
naca643218,1000000,ok,,1000000.0,False,2.186440677966102,0.42913220338983055,0.007236779661016949,29.46516488456494,1.2382,15.0,0.17955889526915786
goe416a,1000000,ok,,1000000.0,False,1.6996768890652465,0.38524335921999897,0.007171851368970013,29.459624352663788,1.269179264214047,12.013377926421406,0.11666475624595207
e593,1000000,ok,,1000000.0,False,1.6483759424068918,0.5023252650076525,0.007014042854713453,29.45504898327894,1.5596966555183946,12.050167224080266,0.11297553008494468
arad6,1000000,ok,,1000000.0,False,-1.2367779604330822,0.48015466810271523,0.007129698996655519,29.452042841137924,1.7469588628762542,13.010033444816052,0.060239
naca0015,1000000,ok,,1000000.0,False,3.2542372881355934,0.35307796610169495,0.007032203389830508,29.441740742356554,1.3764,15.0,0.15003591794723525
naca643618,1000000,ok,,1000000.0,False,-0.6610169491525424,0.4344271186440678,0.0072572881355932204,29.419788214275567,1.4481,15.0,0.17954074698860717
ht12,1000000,ok,,1000000.0,False,2.7141318519358313,0.2989685278612324,0.00660696899268749,29.416270464091333,0.8679585284280936,8.006688963210703,0.05018653189516628
fauvel,1000000,ok,,1000000.0,False,3.678022787823819,0.40184416416302926,0.007241379456946885,29.403774988501212,1.4120969899665552,13.03344481605351,0.13978282538444634
goe427,1000000,ok,,1000000.0,False,-1.2350206904370502,0.47096337509211494,0.007203731931296412,29.381713858110135,1.3995682274247492,10.016722408026755,0.046000000000000006
whitcomb,1000000,ok,,1000000.0,False,-0.8383878464939629,0.3309874723655122,0.006906356782495323,29.38109685263019,1.6174789297658863,13.03344481605351,0.1096
fx61184,1000000,ok,,1000000.0,False,-1.0169491525423728,0.4313,0.0072896610169491515,29.357812031706008,1.5149,15.0,0.18371691002241436
naca663218,1000000,ok,,1000000.0,False,2.5423728813559325,0.46846440677966106,0.007226949152542373,29.35435354875426,1.0557,15.0,0.17995396510578618
usa41,1000000,ok,,1000000.0,False,-0.35593220338983045,0.4457966101694915,0.007280508474576271,29.352075349021913,0.7967,3.0,0.06599380061993801
sc20518,1000000,ok,,1000000.0,False,-0.30508474576271194,0.3901322033898305,0.007237966101694916,29.34662763805556,1.7309,15.0,0.17980000000000002
fx711530,1000000,ok,,1000000.0,False,2.898305084745763,0.33245932203389833,0.006933220338983051,29.340589675416187,1.1544,15.0,0.14999356116256787
fx71l150,1000000,ok,,1000000.0,False,2.898305084745763,0.33245932203389833,0.006933220338983051,29.340589675416187,1.1544,15.0,0.14999356116256787
goe627,1000000,ok,,1000000.0,False,1.1186440677966099,0.40156101694915247,0.007278644067796609,29.322522143174655,1.5846,15.0,0.1575
rc12b3,1000000,ok,,1000000.0,False,1.4745762711864403,0.3343661016949152,0.006955593220338983,29.320068627319102,1.3794,15.0,0.11996507709707824
usa45,1000000,ok,,1000000.0,False,1.0567428150331608,0.42048091378039787,0.0073100736919675755,29.312245402305717,1.3548197324414717,10.013377926421402,0.1451994439884951
e399,1000000,ok,,1000000.0,False,-2.0847457627118646,0.4540372881355932,0.007299322033898305,29.289394370352557,1.608,15.0,0.1483124497629352
e604,1000000,ok,,1000000.0,False,-1.0169491525423728,0.41333050847457625,0.007315762711864408,29.286482929728173,1.4352,15.0,0.18798287210142473
goe115,1000000,ok,,1000000.0,False,0.5593220338983051,0.45299830508474576,0.007304576271186441,29.28327775359793,1.2507,11.0,0.09695842576803088
fx61168,1000000,ok,,1000000.0,False,-1.3728813559322033,0.3923491525423729,0.0072754237288135595,29.27887752795591,1.4848,15.0,0.16805533781620235
oaf102,1000000,ok,,1000000.0,False,-0.2324698146363584,0.44205232696559155,0.007327675301853636,29.269556236355594,1.6396765886287625,14.016722408026755,0.1016650823239361
fxl142k,1000000,ok,,1000000.0,False,3.2542372881355934,0.366606779661017,0.007180169491525424,29.263468138294805,1.3273,15.0,0.14198190104166666
marske7,1000000,ok,,1000000.0,False,2.898305084745763,0.4896525423728814,0.007194745762711865,29.260103206387896,1.3373,15.0,0.12047390431175792
e678,1000000,ok,,1000000.0,False,-2.0847457627118646,0.5122796610169491,0.007069830508474577,29.253721773580025,1.5616,15.0,0.1507755373095807
b737b,1000000,ok,,1000000.0,False,2.5423728813559325,0.4102949152542373,0.0073281355932203395,29.251937152466247,1.5665,15.0,0.1254468594217348
e546,1000000,ok,,1000000.0,False,1.4745762711864403,0.41446271186440675,0.007334915254237288,29.249726191723585,1.2669,15.0,0.16264572788009363
goe144,1000000,ok,,1000000.0,False,-0.8574343858057931,0.4048981066832946,0.007321384842129131,29.246242626388334,1.390111705685619,12.963210702341136,0.07304989841118034
goe379,1000000,ok,,1000000.0,False,-0.234567201405816,0.4446050110537951,0.007337037016042174,29.246057659559284,1.3533484949832777,11.020066889632107,0.0644956053449655
e333,1000000,ok,,1000000.0,False,1.4638625928235358,0.35789254010543614,0.007143981066832946,29.238622352962047,1.4232361204013377,14.016722408026755,0.1174652739514568
e855,1000000,ok,,1000000.0,False,-0.9152542372881358,0.42304745762711865,0.007360169491525423,29.213713380881384,1.4558,14.0,0.15712157941362867
fx78k161,1000000,ok,,1000000.0,False,1.8305084745762707,0.3855627118644067,0.007287627118644067,29.203621415774712,1.0597,15.0,0.161496183301946
e398,1000000,ok,,1000000.0,False,-2.0847457627118646,0.4591542372881356,0.007334406779661017,29.203135165230904,1.6189,15.0,0.14157834633968647
goe117,1000000,ok,,1000000.0,False,-0.2372881355932197,0.4438728813559323,0.007360847457627119,29.201877165771343,1.2839,11.0,0.08992062831556032
sc2110,1000000,ok,,1000000.0,False,1.8305084745762707,0.33996779661016946,0.00704457627118644,29.19862040986263,1.6558,15.0,0.09922361586718527
oa209,1000000,ok,,1000000.0,False,2.820928518791451,0.40262910832719223,0.007341952837140751,29.192707230914028,1.5370076923076923,14.016722408026755,0.09009014116816867
fx711525,1000000,ok,,1000000.0,False,2.898305084745763,0.33004237288135596,0.006973898305084746,29.186615082263362,1.1601,15.0,0.1500117214947301
ist-mt1-12,1000000,ok,,1000000.0,False,-3.5084745762711864,0.49713728813559316,0.00720135593220339,29.183351302040474,1.6693,15.0,0.1199763000854029
usa28,1000000,ok,,1000000.0,False,0.7853296298395787,0.4323900289099258,0.007396386259282354,29.14595938479453,1.312514381270903,14.016722408026755,0.13161464351490895
goe397,1000000,ok,,1000000.0,False,0.9901932996995635,0.4797462105322827,0.007305692421064566,29.140297675710162,1.2621414715719064,10.020066889632107,0.051000000000000004
s1014,1000000,ok,,1000000.0,False,2.898305084745763,0.34171186440677975,0.007080677966101695,29.13967091304533,1.1567,15.0,0.16502685331710287
naca2418,1000000,ok,,1000000.0,False,1.8305084745762707,0.4415423728813559,0.007399830508474576,29.131195000738714,1.4858,15.0,0.1800987765311582
mh91,1000000,ok,,1000000.0,False,3.2542372881355934,0.37565084745762717,0.007286779661016949,29.11681297847075,1.425,15.0,0.1496584176212845
goe15k,1000000,ok,,1000000.0,False,-0.6610169491525424,0.42584237288135596,0.007410508474576271,29.115702129496743,1.335,15.0,0.15
e59,1000000,ok,,1000000.0,False,-1.966895300719914,0.5655056686128904,0.006704577971770308,29.10644290040498,1.6507484949832776,10.996655518394647,0.05600000000000001
ah93w174,1000000,ok,,1000000.0,False,0.04965704892012823,0.4459403548551668,0.007412979422935207,29.09797206212898,1.5165695652173912,10.996655518394647,0.1742373458958799
goe430,1000000,ok,,1000000.0,False,-1.9491525423728815,0.4322093220338983,0.007423305084745763,29.093179865169976,1.7174,15.0,0.1335871982697197
dsma523b,1000000,ok,,1000000.0,False,-1.0169491525423728,0.43079661016949156,0.00742406779661017,29.091585917085805,1.7745,15.0,0.10997599999999999
goe550,1000000,ok,,1000000.0,False,-0.6610169491525424,0.4285762711864407,0.007423898305084746,29.091127720884195,1.5322,15.0,0.1295
fxs03182,1000000,ok,,1000000.0,False,-0.6610169491525424,0.4011949152542373,0.007387796610169492,29.088776079416995,1.3109,15.0,0.18208245505269682
goe210,1000000,ok,,1000000.0,False,0.04965704892012823,0.4966020010203502,0.007264537724618787,29.080202124494352,1.480176923076923,10.996655518394647,0.06630275593359337
e545,1000000,ok,,1000000.0,False,0.7627118644067794,0.40336779661016947,0.007401525423728813,29.07076778029084,1.2897,15.0,0.17440417332645491
goe389,1000000,ok,,1000000.0,False,0.4520151918825466,0.4961136103395499,0.007273311036789297,29.06950645281592,1.4342595317725753,13.03344481605351,0.10313147956502229
la2573a,1000000,ok,,1000000.0,False,3.142338869678589,0.402240865030327,0.007399854883510006,29.06872629841896,1.3417076923076923,11.979933110367892,0.1369863596873591
usa5,1000000,ok,,1000000.0,False,-0.028909925741172238,0.40150298735899315,0.007400031177370897,29.064595821042374,1.3067605351170568,10.013377926421402,0.0638
fx73170,1000000,ok,,1000000.0,False,-2.0847457627118646,0.3702813559322034,0.007284745762711865,29.064217434190144,1.3933,15.0,0.1708750449055435
e169,1000000,ok,,1000000.0,False,3.838727963267388,0.43231816790431377,0.0074390346352247606,29.062410807157974,1.2741929765886288,14.016722408026755,0.14385571815718157
clarym18,1000000,ok,,1000000.0,False,0.7627118644067794,0.46900169491525423,0.007386271186440679,29.061398201244817,1.5791,15.0,0.17980603246149918
e544,1000000,ok,,1000000.0,False,1.1186440677966099,0.40719491525423723,0.007420677966101695,29.04809340101637,1.2429,15.0,0.17503378986065715
daytonwrightt1,1000000,ok,,1000000.0,False,-2.1287908848704724,0.43907392438070403,0.00744742418230259,29.04286908498875,1.5601026755852843,13.03344481605351,0.1337
e584,1000000,ok,,1000000.0,False,-1.0169491525423728,0.38453050847457626,0.007367966101694916,29.018375342318453,1.3772,15.0,0.16606247094646182
goe459,1000000,ok,,1000000.0,False,3.2542372881355934,0.30954406779661015,0.006854915254237288,29.017833106090098,1.2628,15.0,0.127
goe358,1000000,ok,,1000000.0,False,-1.5895357406042745,0.49612652910832716,0.00730551215917465,29.01465126247061,1.774863210702341,14.016722408026755,0.10869999999999999
e329,1000000,ok,,1000000.0,False,1.4638625928235358,0.41860320276628304,0.00745957938892353,29.00580272812392,1.465623076923077,14.016722408026755,0.13537765036968813
e540,1000000,ok,,1000000.0,False,1.4745762711864403,0.44349491525423723,0.007481016949152542,28.973390227064296,1.193,15.0,0.16875245947878686
goe400,1000000,ok,,1000000.0,False,0.041040757326682,0.42919246074485573,0.007490820815146534,28.960059169582355,1.553981939799331,13.03010033444816,0.061200000000000004
goe484,1000000,ok,,1000000.0,False,-1.0169491525423728,0.4999779661016949,0.007318135593220338,28.959982682673964,1.6361,15.0,0.0625
fx84w218,1000000,ok,,1000000.0,False,0.7627118644067794,0.4264525423728813,0.007491016949152543,28.957058816298346,1.3484,15.0,0.21962631427658896
w1015,1000000,ok,,1000000.0,False,3.610169491525424,0.3983033898305085,0.007446949152542373,28.94803117518659,1.4501,15.0,0.14994750110497237
naca23015,1000000,ok,,1000000.0,False,2.186440677966102,0.36188644067796616,0.007292542372881356,28.9431662004307,1.5254,15.0,0.14976156951778835
goe619,1000000,ok,,1000000.0,False,-0.5717362961283374,0.4480955217958166,0.007495717362961283,28.93761374701654,1.48157491638796,14.016722408026755,0.13763539626981464
goe526,1000000,ok,,1000000.0,False,0.40677966101694896,0.4614067796610169,0.007477118644067797,28.9319708210224,1.54,15.0,0.12290778563650506
fx601261,1000000,ok,,1000000.0,False,-0.5717362961283374,0.5137507567598208,0.007257410577631653,28.928640307354986,1.628622408026756,14.016722408026755,0.12593394276094277
gs1,1000000,ok,,1000000.0,False,-0.30508474576271194,0.43760169491525425,0.007508305084745762,28.927258529876518,1.5218,15.0,0.139
ames02,1000000,ok,,1000000.0,False,2.820928518791451,0.31596352247605003,0.0069515327929255705,28.92443033272351,1.4235277591973243,14.016722408026755,0.077352
usa35b,1000000,ok,,1000000.0,False,-0.2324698146363584,0.5981541579275551,0.006444055325661811,28.924277679239825,1.6791414715719064,14.016722408026755,0.1161
e426,1000000,ok,,1000000.0,False,2.820928518791451,0.4102065585851141,0.007488511422254974,28.92090444414379,1.4573314381270903,14.016722408026755,0.10824243902439024
stcyr172,1000000,ok,,1000000.0,False,3.9661016949152543,0.3863542372881356,0.007421694915254238,28.91668829803404,1.297,15.0,0.1356
marske1,1000000,ok,,1000000.0,False,4.000623547417947,0.4922375318859475,0.007383518508021087,28.91391910590625,1.461059866220736,13.03344481605351,0.13995273151456708
e328,1000000,ok,,1000000.0,False,2.08349866787597,0.40379360013604665,0.007489204693611473,28.89042192548233,1.3840782608695652,13.996655518394647,0.13334874486621573
n14,1000000,ok,,1000000.0,False,3.610169491525424,0.3485254237288136,0.007236949152542373,28.8751406953486,1.285,15.0,0.1148
naca663418,1000000,ok,,1000000.0,False,0.7627118644067794,0.4339474576271186,0.007536101694915255,28.87451793540196,1.1734,15.0,0.17995168524670635
e553,1000000,ok,,1000000.0,False,-0.30508474576271194,0.4199559322033899,0.0075286440677966105,28.87107767126404,1.4499,15.0,0.18119828916259811
mh92,1000000,ok,,1000000.0,False,3.610169491525424,0.40066101694915257,0.007490677966101695,28.87036499009818,1.4082,15.0,0.15470607417272753
a63a108c,1000000,ok,,1000000.0,False,2.820928518791451,0.31576352247605005,0.006970184229918938,28.8701142827457,1.4152695652173912,14.016722408026755,0.07735
e547,1000000,ok,,1000000.0,False,1.4745762711864403,0.41848474576271183,0.007536440677966102,28.851821414678952,1.2419,15.0,0.17387355458839576
sg6050,1000000,ok,,1000000.0,False,0.40677966101694896,0.441028813559322,0.007547796610169492,28.84999937755108,1.5342,15.0,0.16006737886538
ht08,1000000,ok,,1000000.0,False,2.7922453375658964,0.3078938042061106,0.00690108213820078,28.84792009166565,0.8638866220735787,8.020066889632107,0.04998922135991456
goe432,1000000,ok,,1000000.0,False,0.18451334958335686,0.48318345898758575,0.007468723428377076,28.832915690214314,1.514673244147157,12.993311036789297,0.07700000000000001
e549,1000000,ok,,1000000.0,False,0.7627118644067794,0.4245389830508474,0.007556271186440678,28.826220922322044,1.325,15.0,0.18092460947959235
e551,1000000,ok,,1000000.0,False,0.05084745762711851,0.4251508474576271,0.007558135593220339,28.823632628008184,1.3893,15.0,0.18235899524847277
e327,1000000,ok,,1000000.0,False,3.010430247718383,0.42035744005441866,0.007553120004534891,28.823578665120355,1.319713043478261,13.983277591973245,0.13117305463210008
raf15,1000000,ok,,1000000.0,False,1.7424182302590552,0.4603337055722464,0.007557120911512953,28.79130321561404,1.4143729096989968,13.03344481605351,0.0649
s4094,1000000,ok,,1000000.0,False,1.4198174706649285,0.40617431551499356,0.007547926988265971,28.78183437448074,1.6262725752508362,13.03344481605351,0.09902286548517905
goe741,1000000,ok,,1000000.0,False,2.898305084745763,0.5281,0.007255932203389831,28.775218792548824,1.5484,15.0,0.1533
cr1,1000000,ok,,1000000.0,False,0.05084745762711851,0.4677033898305084,0.007566440677966102,28.74621531085064,1.5018,15.0,0.1220726
ls421,1000000,ok,,1000000.0,False,-0.6610169491525424,0.44230677966101695,0.007603389830508475,28.74460602122238,1.6338,15.0,0.20894000000000001
ht05,1000000,ok,,1000000.0,False,2.9661016949152543,0.3337,0.007178813559322034,28.74366244367699,0.7584,7.0,0.04811058297971067
fx63120,1000000,ok,,1000000.0,False,-2.7966101694915255,0.48539830508474574,0.0075161016949152545,28.737461079039445,1.8995,15.0,0.11992765957446809
e428,1000000,ok,,1000000.0,False,3.16019500028343,0.4259753415339266,0.007608009750014171,28.72801105320756,1.4388498327759198,14.016722408026755,0.11123348968105065
goe121,1000000,ok,,1000000.0,False,-0.7304007709313538,0.4243392778187177,0.0076097517147553995,28.721518034804884,1.5312565217391305,12.993311036789297,0.06643645254460954
e543,1000000,ok,,1000000.0,False,1.7796610169491522,0.4447338983050847,0.0076155932203389835,28.719677915150076,1.2048,15.0,0.17218946239879504
e793,1000000,ok,,1000000.0,False,-1.0169491525423728,0.43699661016949154,0.007618305084745762,28.718409142849026,1.7128,15.0,0.15624559431603113
lwk80080,1000000,ok,,1000000.0,False,3.0169491525423737,0.28590067739924047,0.006705365625531434,28.71161851852216,0.8167,8.0,0.08060597088882007
goe190,1000000,ok,,1000000.0,False,-2.0847457627118646,0.42691355932203384,0.007618474576271187,28.709377761929026,1.7159,15.0,0.12669416033148284
e339,1000000,ok,,1000000.0,False,1.0711977779037474,0.3939003571226122,0.0075484468000680234,28.70582261479376,1.4959371237458194,13.013377926421406,0.13537417787499936
sg6043,1000000,ok,,1000000.0,False,-2.440677966101695,0.5099084745762712,0.00742,28.702439107681286,1.795,15.0,0.1001385754854271
goe567,1000000,ok,,1000000.0,False,-1.2542372881355934,0.4964271186440678,0.007491525423728814,28.700091740751212,1.5546,14.0,0.14740031914355506
goe361,1000000,ok,,1000000.0,False,2.0,0.7766,0.00307,28.6918842949657,1.4394,11.0,0.068
ames01,1000000,ok,,1000000.0,False,2.5423728813559325,0.3963847457627119,0.0075666101694915255,28.685594941363846,1.5115,15.0,0.10275
as5048,1000000,ok,,1000000.0,False,1.4745762711864403,0.4516033898305084,0.007637288135593221,28.669542122605876,1.4547,15.0,0.17982365642829512
goe428,1000000,ok,,1000000.0,False,-0.8474576271186445,0.4608305084745762,0.007624915254237288,28.668168912489797,1.3942,13.0,0.07899999999999999
naca6412,1000000,ok,,1000000.0,False,-2.0847457627118646,0.4350067796610169,0.007646949152542373,28.66373456411989,1.6744,15.0,0.12037967053259345
goe478,1000000,ok,,1000000.0,False,-0.30508474576271194,0.44598983050847457,0.007645423728813559,28.663176885402706,1.5464,15.0,0.1333364775944105
ames03,1000000,ok,,1000000.0,False,2.898305084745763,0.38116779661016953,0.007518305084745762,28.66102940721153,1.4898,15.0,0.0999798
goe371,1000000,ok,,1000000.0,False,0.04965704892012823,0.5019295731534492,0.007490068590215974,28.658474968561233,1.4334742474916387,10.996655518394647,0.06949338978475865
p51droot,1000000,ok,,1000000.0,False,2.186440677966102,0.41485423728813564,0.007634915254237288,28.644778953119623,1.2992,15.0,0.16501756316394883
usa22,1000000,ok,,1000000.0,False,0.10679666685562061,0.4385291876877728,0.007658155433365455,28.643613635690752,1.397833779264214,12.963210702341136,0.0910411715935342
goe394,1000000,ok,,1000000.0,False,-0.4923190295334736,0.5026740944390907,0.007496313134176067,28.642104068391415,1.6343923076923077,13.996655518394647,0.061039854857357204
goe442,1000000,ok,,1000000.0,False,-0.5360240349186549,0.4128480301570206,0.007635273510571963,28.636186064943796,1.5279267558528427,12.963210702341136,0.07702052232700163
mh93,1000000,ok,,1000000.0,False,3.813559322033898,0.40719491525423723,0.007623559322033899,28.633679246452758,1.3912,15.0,0.1597011816205216
goe393,1000000,ok,,1000000.0,False,1.0995975284847797,0.43937484269599225,0.007664939629272717,28.630921110884337,1.5243411371237459,13.946488294314381,0.06071680404910694
goe612,1000000,ok,,1000000.0,False,-0.6610169491525424,0.4565694915254237,0.007658813559322034,28.61965926495379,1.649,15.0,0.15004437003719137
e326,1000000,ok,,1000000.0,False,3.877047786406667,0.43017853296298403,0.007672950513009467,28.6099086645531,1.2663170568561872,13.060200668896321,0.12866767251571398
goe591,1000000,ok,,1000000.0,False,-0.5157870868998353,0.48155182812765723,0.007613788900855961,28.5948908671476,1.4373394648829432,13.03344481605351,0.112
naca634421,1000000,ok,,1000000.0,False,0.7627118644067794,0.43538644067796606,0.007683898305084745,28.594359831034534,1.3343,15.0,0.2099193274598962
goe621,1000000,ok,,1000000.0,False,-0.6610169491525424,0.45607118644067796,0.00767542372881356,28.591084323446466,1.6378,15.0,0.15004437003719137
goe118,1000000,ok,,1000000.0,False,-1.0,0.4938,0.00757,28.589586324295887,1.235,7.0,0.08641319324162923
naca001064,1000000,ok,,1000000.0,False,2.142395555807493,0.2141437560229011,0.005666215067173061,28.58745778491366,1.3010491638795987,14.016722408026755,0.1
s1012,1000000,ok,,1000000.0,False,2.186440677966102,0.2390661016949153,0.006089830508474578,28.58322528330077,1.2833,15.0,0.12017432432432432
sc20010,1000000,ok,,1000000.0,False,2.4519018196247373,0.2738049486990533,0.006598769911002777,28.57582861394982,1.278318060200669,13.946488294314381,0.1
goe685,1000000,ok,,1000000.0,False,-0.30508474576271194,0.4197779661016949,0.007681525423728813,28.5702411598769,1.5146,15.0,0.13072457469736917
m13,1000000,ok,,1000000.0,False,1.3728813559322035,0.44326101694915254,0.007697627118644068,28.569227197775184,1.1471,9.0,0.062099999999999995
isa571,1000000,ok,,1000000.0,False,-1.1026585794456105,0.3729828127657161,0.00752304291139958,28.56289248443781,1.426433779264214,10.996655518394647,0.07400766928804754
s1046,1000000,ok,,1000000.0,False,3.610169491525424,0.40555084745762715,0.007655254237288135,28.561192241721418,1.2452,15.0,0.16988897348742352
n6h15,1000000,ok,,1000000.0,False,2.186440677966102,0.3902406779661018,0.0076044067796610165,28.560300982611622,1.1914,15.0,0.1558
naca654421,1000000,ok,,1000000.0,False,0.7627118644067794,0.4272711864406779,0.007699152542372881,28.555161506535995,1.161,15.0,0.20992585626366686
sc1012r8,1000000,ok,,1000000.0,False,1.4745762711864403,0.4037694915254237,0.00765406779661017,28.553475841909258,1.6867,15.0,0.1200203727107361
clarkys,1000000,ok,,1000000.0,False,3.0328212686355656,0.3469925854543394,0.007367416246244545,28.539955454160697,1.245752508361204,13.03344481605351,0.117
goe701,1000000,ok,,1000000.0,False,-0.6610169491525424,0.442006779661017,0.007716440677966102,28.53503924461208,1.5168,15.0,0.12449278790123583
goe285,1000000,ok,,1000000.0,False,1.4638625928235358,0.5390749447310244,0.00733035542202823,28.533001052476443,1.5571558528428093,14.016722408026755,0.1173
goe655,1000000,ok,,1000000.0,False,0.4282070177427588,0.4951968312453943,0.0076001530525480416,28.529858476122428,1.5356448160535117,12.963210702341136,0.139
naca654221,1000000,ok,,1000000.0,False,2.186440677966102,0.4274508474576272,0.0077149152542372885,28.5254704597799,1.0747,15.0,0.20995377683161087
goe282,1000000,ok,,1000000.0,False,-1.1186440677966099,0.459206779661017,0.00771728813559322,28.508749916042774,0.8074,2.0,0.09117217213397125
b29root,1000000,ok,,1000000.0,False,4.095856243977098,0.43575037696275715,0.007737254123915878,28.494803405250824,1.2975096989966555,12.050167224080266,0.21979186911872667
bw3,1000000,ok,,1000000.0,False,-1.7484836460518114,0.39653618842469246,0.007660788504053058,28.492511935082376,1.6833438127090299,10.986622073578594,0.05001312425492893
fx66s161,1000000,ok,,1000000.0,False,-0.3955558074939072,0.4173088600419476,0.0077243999773255485,28.47848856259135,1.4033117056856188,9.030100334448159,0.16112745768125197
naca634221,1000000,ok,,1000000.0,False,2.186440677966102,0.433,0.007745423728813559,28.47677404783896,1.2227,15.0,0.20994105603942873
e642,1000000,ok,,1000000.0,False,1.4745762711864403,0.4573406779661016,0.007745254237288135,28.463736006699087,1.2371,15.0,0.15068785123700165
goe12k,1000000,ok,,1000000.0,False,0.05084745762711851,0.5087881355932203,0.007580084745762712,28.455695680858668,1.4446,15.0,0.111
naca654421a05,1000000,ok,,1000000.0,False,1.106739980726716,0.44335655575080773,0.007761741397879939,28.45163322611172,1.1318856187290969,7.97658862876254,0.2099255374923069
e325,1000000,ok,,1000000.0,False,4.517260926251346,0.41371251062864917,0.00773448784082535,28.444308573265076,1.209699331103679,14.016722408026755,0.1262458880203516
goe176,1000000,ok,,1000000.0,False,-1.966895300719914,0.4291580692704495,0.007762579785726433,28.43851190408174,1.612291304347826,10.996655518394647,0.1032631235641689
goe449,1000000,ok,,1000000.0,False,-0.30508474576271194,0.5135406779661016,0.007566440677966102,28.435747345685794,1.5256,15.0,0.1695
r1082,1000000,ok,,1000000.0,False,0.40677966101694896,0.39497966101694915,0.007684915254237288,28.431525272690486,1.2549,15.0,0.18000596420215487
goe648,1000000,ok,,1000000.0,False,0.05084745762711851,0.42498983050847455,0.007762881355932203,28.428596531189434,1.6713,15.0,0.15165028481264267
goe804,1000000,ok,,1000000.0,False,-3.3389830508474576,0.5615661016949153,0.007206440677966101,28.42785887517793,1.5942,9.0,0.060000000000000005
e715,1000000,ok,,1000000.0,False,1.4745762711864403,0.4199033898305084,0.007761694915254237,28.415627395967228,1.3667,15.0,0.1503598374407602
naca16018,1000000,ok,,1000000.0,False,2.898305084745763,0.2689169491525424,0.006587966101694916,28.41069766643102,1.0713,15.0,0.18
m14,1000000,ok,,1000000.0,False,2.998526160648489,0.6570939685958846,0.005949991497080664,28.409133817966516,1.3686260869565217,12.043478260869565,0.0806
ah6407,1000000,ok,,1000000.0,False,-1.5444135819964857,0.5166657899212063,0.007565645371577575,28.408535621719704,1.633056856187291,11.989966555183944,0.06851859978353686
nlf416,1000000,ok,,1000000.0,False,-0.5717362961283374,0.38596445779717703,0.007659892296355083,28.40655224750621,1.6476548494983276,14.016722408026755,0.1594441005350745
goe116,1000000,ok,,1000000.0,False,0.2372881355932197,0.4562694915254236,0.0077872881355932205,28.39159950988411,1.0213,6.0,0.09322132749147186
naca63206,1000000,ok,,1000000.0,False,1.9491525423728815,0.33763898305084744,0.007361864406779661,28.378309347456593,0.6635,5.0,0.06000143986236292
goe195,1000000,ok,,1000000.0,False,-1.1362734538858343,0.46898286378323223,0.007776773992404059,28.374872758454842,1.717678260869565,13.996655518394647,0.086
e636,1000000,ok,,1000000.0,False,1.618615724732157,0.32465651040190446,0.007248434329119663,28.373508259392576,1.3774411371237458,11.979933110367892,0.1188196838488878
ste87391,1000000,ok,,1000000.0,False,-1.2502692591122955,0.5962414772405192,0.006870366192392722,28.371622603859613,1.5452090301003345,14.016722408026755,0.145566646795915
atr72sm,1000000,ok,,1000000.0,False,1.8305084745762707,0.3853779661016949,0.007675762711864407,28.367833064473974,1.6124,15.0,0.14517145454545455
e332,1000000,ok,,1000000.0,False,2.58947905447537,0.4251701320786803,0.007795580182529335,28.367036880900194,1.3772622073578595,11.989966555183948,0.11528349917089345
n66021,1000000,ok,,1000000.0,False,4.322033898305085,0.49809491525423727,0.007690169491525424,28.362573234589284,0.8625,15.0,0.21
ah93w215,1000000,ok,,1000000.0,False,1.1245961113315568,0.4330232016325605,0.007808721727793209,28.358755043289175,1.4459715719063544,14.016722408026755,0.2121707952730757
goe613,1000000,ok,,1000000.0,False,-0.01445496287058523,0.4642443852389321,0.007796836347145853,28.355619493762976,1.3477371237458196,13.013377926421406,0.103
goe164,1000000,ok,,1000000.0,False,-2.6347145853409675,0.4701047106173119,0.007788497250722748,28.350736880872184,1.694784949832776,12.050167224080266,0.08860569607377448
n12,1000000,ok,,1000000.0,False,3.16019500028343,0.3386418570375828,0.007385923700470494,28.341008915886746,1.2506113712374582,14.016722408026755,0.1046
goe133,1000000,ok,,1000000.0,False,-0.19318632730570862,0.43603018536364146,0.00783227254690777,28.319166218159445,1.627931772575251,13.03344481605351,0.079
goe723,1000000,ok,,1000000.0,False,0.8305084745762707,0.5633644067796609,0.007269322033898305,28.31339827714283,1.5963,15.0,0.11548359591988283
goe498,1000000,ok,,1000000.0,False,-2.1287908848704724,0.440290584433989,0.00784189445042798,28.305093355816673,1.6121160535117058,13.03344481605351,0.15918141834898206
goe420,1000000,ok,,1000000.0,False,-0.5263873930049323,0.43212918768777275,0.007838416756419704,28.30220754518825,1.4657799331103678,12.996655518394647,0.1875
e558,1000000,ok,,1000000.0,False,-0.5717362961283374,0.4202372711297545,0.007832804829658183,28.280770692432746,1.607286287625418,14.016722408026755,0.16025793109933728
goe457,1000000,ok,,1000000.0,False,-0.49316932146703785,0.4219351170568561,0.007836161215350603,28.280364834537227,1.4704287625418062,12.050167224080266,0.07832924619415392
e541,1000000,ok,,1000000.0,False,1.8305084745762707,0.4610305084745762,0.007853728813559323,28.26536968230995,1.1598,15.0,0.16628316963385475
e559,1000000,ok,,1000000.0,False,-1.2502692591122955,0.44229497760897907,0.00786496230372428,28.264138377491676,1.6873063545150502,14.016722408026755,0.16031710252431758
goe414,1000000,ok,,1000000.0,False,-0.8383878464939629,0.47545714528654837,0.007833838784649395,28.253157719290446,1.4003926421404682,13.03344481605351,0.1359225261153846
ah88k136,1000000,ok,,1000000.0,False,1.1186440677966099,0.42608305084745757,0.007862372881355932,28.24381416297111,1.1786,15.0,0.13540826503207648
e1233,1000000,ok,,1000000.0,False,-0.9322033898305087,0.41567288135593217,0.007843050847457627,28.242665361884644,1.7167,15.0,0.1892732357731854
e560,1000000,ok,,1000000.0,False,-2.268068703588232,0.4196979876424239,0.007855151068533529,28.23626302954548,1.745166220735786,14.016722408026755,0.16065213034396025
naca0018,1000000,ok,,1000000.0,False,3.610169491525424,0.39191016949152546,0.007769661016949153,28.233659533427666,1.3599,15.0,0.18004310153668227
goe596,1000000,ok,,1000000.0,False,1.4406779661016946,0.5859474576271186,0.007097457627118644,28.227140469938647,1.5182,15.0,0.0975
goe137,1000000,ok,,1000000.0,False,0.4520151918825466,0.49935852275948084,0.007770834986678759,28.224286650711424,1.4453197324414715,13.03344481605351,0.08588649796759312
eiffel371,1000000,ok,,1000000.0,False,1.201972677285867,0.4280031857604443,0.007882315628365739,28.211773686461058,1.1987140468227424,10.996655518394647,0.14426710239651416
marske3,1000000,ok,,1000000.0,False,3.2542372881355934,0.4021949152542373,0.007831864406779661,28.188360573961937,1.5405,15.0,0.12060000000000001
goe412,1000000,ok,,1000000.0,False,-1.0169491525423728,0.4565983050847458,0.007907457627118645,28.18039544095149,1.5689,15.0,0.13123033103062662
v43015,1000000,ok,,1000000.0,False,2.186440677966102,0.4309254237288136,0.007914237288135593,28.15976882886245,1.5652,15.0,0.1503
arad13,1000000,ok,,1000000.0,False,1.1186440677966099,0.4843305084745762,0.007870169491525423,28.15277028284593,1.8524,15.0,0.13
ah82150f,1000000,ok,,1000000.0,False,-0.5762711864406782,0.3555372881355932,0.007599661016949153,28.151945267797156,1.1403,14.0,0.14994899877149878
goe499,1000000,ok,,1000000.0,False,-1.4745762711864407,0.5726915254237287,0.0073006779661016945,28.141520247446664,1.3281,7.0,0.068
fxs21158,1000000,ok,,1000000.0,False,-0.153335978686016,0.43795102885323955,0.007936999603197098,28.130544418232606,1.3073096989966555,10.050167224080267,0.15777013671875
usa40,1000000,ok,,1000000.0,False,-0.799104359163314,0.4624400430814578,0.007935982087183265,28.12068644274641,1.5691,12.050167224080266,0.13319832606379362
e682,1000000,ok,,1000000.0,False,0.7627118644067794,0.42412203389830505,0.00793593220338983,28.100373713355374,1.2259,15.0,0.15298031153758085
e625,1000000,ok,,1000000.0,False,2.898305084745763,0.38455254237288133,0.007801016949152543,28.100292573818823,1.4773,15.0,0.13
e478,1000000,ok,,1000000.0,False,3.9661016949152543,0.4402593220338983,0.007956610169491524,28.097847083935175,1.3888,15.0,0.15689043790702895
fx66s171,1000000,ok,,1000000.0,False,-0.055098917294938765,0.45335260472762307,0.007958347032481152,28.09560301797625,1.4321973244147157,9.943143812709028,0.17104515809645482
goe553,1000000,ok,,1000000.0,False,-0.18723428377076257,0.5320476333541181,0.007674681140524915,28.094383114926586,1.6472678929765885,12.050167224080266,0.13675548533903803
r1080,1000000,ok,,1000000.0,False,0.7627118644067794,0.4199694915254237,0.007933559322033898,28.08921357723674,1.2596,15.0,0.17995394125
naca644421,1000000,ok,,1000000.0,False,0.7627118644067794,0.42813389830508475,0.007955254237288135,28.07716135723747,1.2693,15.0,0.2095524480420232
naca644221,1000000,ok,,1000000.0,False,2.186440677966102,0.42864406779661024,0.007962372881355931,28.065505981789027,1.1671,15.0,0.20956640971147944
goe408,1000000,ok,,1000000.0,False,1.0091264667535844,0.4639684428320389,0.00796874553596735,28.061584509845193,1.4428505016722408,11.979933110367892,0.07749803999999999
e472,1000000,ok,,1000000.0,False,3.2542372881355934,0.36220508474576274,0.007688644067796611,28.059144985577866,1.4992,15.0,0.12088404756006936
goe501,1000000,ok,,1000000.0,False,-2.440677966101695,0.500535593220339,0.007870677966101695,28.058211408018334,1.7373,15.0,0.128
goe438,1000000,ok,,1000000.0,False,1.8305084745762707,0.5824966101694915,0.007263220338983052,28.053698317315884,1.5286,15.0,0.10989482969241815
goe310,1000000,ok,,1000000.0,False,0.39963720877501174,0.44236317669066366,0.007992025395385748,28.036545593381042,1.3603581939799332,11.979933110367892,0.08141819419419419
goe368,1000000,ok,,1000000.0,False,0.5762711864406782,0.4155288135593221,0.00795271186440678,28.03308150297559,0.8907,5.0,0.07708440188883711
goe549,1000000,ok,,1000000.0,False,0.7627118644067794,0.5670661016949152,0.007444237288135594,28.018676803869585,1.472,15.0,0.13849999999999998
e474,1000000,ok,,1000000.0,False,3.9661016949152543,0.4044305084745763,0.007926610169491524,28.018098827531674,1.4213,15.0,0.14073467787114846
goe735,1000000,ok,,1000000.0,False,2.11864406779661,0.4381796610169491,0.00800050847457627,28.016598681777175,1.5624,15.0,0.20099999999999998
hor12,1000000,ok,,1000000.0,False,-0.30508474576271194,0.4474033898305085,0.008005254237288135,28.015666289025365,1.8133,15.0,0.11939245076175183
goe309,1000000,ok,,1000000.0,False,0.8305084745762707,0.4529525423728813,0.008018813559322035,27.99094525011232,1.0929,7.0,0.084295902
ah79100c,1000000,ok,,1000000.0,False,-3.7417946828411086,0.49949273850688736,0.00791798707556261,27.99063017707516,1.647728762541806,13.03344481605351,0.09942299804049641
august160,1000000,ok,,1000000.0,False,1.101694915254237,0.4629491525423729,0.008018474576271188,27.979397887430256,1.8241,15.0,0.16038000000000002
ls421mod,1000000,ok,,1000000.0,False,-1.0169491525423728,0.40936779661016953,0.007965423728813559,27.9750852086233,1.74,15.0,0.20954
goe533,1000000,ok,,1000000.0,False,0.08474576271186418,0.564413559322034,0.0075015254237288135,27.973488602912692,1.6385,15.0,0.13699999999999998
hs1712,1000000,ok,,1000000.0,False,-2.7966101694915255,0.4397966101694915,0.008027966101694916,27.969863582744534,1.8462,15.0,0.11976
oaf117,1000000,ok,,1000000.0,False,1.4638625928235358,0.429612000453489,0.008019066946318236,27.96455466141077,1.7058478260869565,14.016722408026755,0.1146310506543495
e344,1000000,ok,,1000000.0,False,0.44606314834759964,0.351663477127147,0.007662098520492036,27.94826165810377,1.5623842809364548,14.016722408026755,0.14717904858886735
goe143,1000000,ok,,1000000.0,False,0.2372881355932206,0.42463559322033906,0.008020338983050847,27.94600184408842,0.6225,2.0,0.07442492565093833
goe184,1000000,ok,,1000000.0,False,-0.6610169491525424,0.45630677966101696,0.008046610169491526,27.940702196415153,0.8668,3.0,0.08295755276333708
goe405,1000000,ok,,1000000.0,False,-1.7169094722521407,0.5082112692024261,0.007916377472932374,27.934501251804278,1.453014381270903,12.050167224080266,0.111
sp4721la,1000000,ok,,1000000.0,False,-2.952553710107137,0.4050420894507114,0.007972774219148574,27.933016048752062,1.594496989966555,11.979933110367892,0.21376291193506342
goe177,1000000,ok,,1000000.0,False,-0.6271186440677965,0.4266822033898305,0.008039661016949152,27.917820675939076,1.2118,7.0,0.077
sc20012,1000000,ok,,1000000.0,False,2.186440677966102,0.25046949152542375,0.006479152542372882,27.90653909031863,1.3883,15.0,0.12
ec863914,1000000,ok,,1000000.0,False,-1.7288135593220337,0.5937677966101695,0.007249152542372882,27.906455176465233,1.4057,8.0,0.1426764120493679
e385,1000000,ok,,1000000.0,False,-1.7292103622243638,0.5216115979819739,0.00787127883906808,27.89822646776345,1.6184602006688964,13.97658862876254,0.08418983433141783
naca23018,1000000,ok,,1000000.0,False,2.5423728813559325,0.40369661016949154,0.00798949152542373,27.891350507108406,1.4947,15.0,0.1802
e542,1000000,ok,,1000000.0,False,2.186440677966102,0.4485644067796611,0.008077627118644067,27.889691722753433,1.1609,15.0,0.16860064332588026
e548,1000000,ok,,1000000.0,False,1.8102715265574503,0.43886225270676255,0.008076205430531148,27.88282492983637,1.277553177257525,11.06688963210702,0.17388862690146972
goe269,1000000,ok,,1000000.0,False,-0.01445496287058523,0.5090290913213537,0.007951470438183774,27.874968027087338,1.6749508361204013,13.013377926421406,0.06586922316446983
mh102,1000000,ok,,1000000.0,False,1.1186440677966099,0.4460033898305084,0.008086440677966102,27.8731611770796,1.5458,15.0,0.16977364823424201
goe620,1000000,ok,,1000000.0,False,-1.3728813559322033,0.48769830508474576,0.00803593220338983,27.869002407169827,1.5658,15.0,0.175
fx63137sm,1000000,ok,,1000000.0,False,-3.5084745762711864,0.5141372881355932,0.007932033898305085,27.867010630193874,1.9436,15.0,0.13672105100671142
e856,1000000,ok,,1000000.0,False,-1.1050393968595893,0.4238662490788503,0.008065294484439657,27.86056583192487,1.599132441471572,12.050167224080266,0.18148669571518633
stcyr24,1000000,ok,,1000000.0,False,-3.0338983050847457,0.5051254237288135,0.007985254237288136,27.84990873493766,0.8858,1.0,0.12350000000000001
goe436,1000000,ok,,1000000.0,False,1.4745762711864403,0.5626016949152541,0.007611525423728814,27.84401172933008,1.5142,15.0,0.11
e266,1000000,ok,,1000000.0,False,1.1186440677966099,0.4417084745762711,0.008106101694915255,27.834434442722973,1.1365,15.0,0.17316292640253544
e550,1000000,ok,,1000000.0,False,0.9424635791621778,0.4271315288248964,0.008093670993707839,27.821117113771283,1.3637598662207358,11.06688963210702,0.18197360054347828
fx66182,1000000,ok,,1000000.0,False,-0.16818774445893148,0.43063318122555405,0.008101316818774447,27.818795236814722,1.3607909698996656,8.959866220735785,0.1819477004152028
eiffel385,1000000,ok,,1000000.0,False,-3.152542372881356,0.4589508474576271,0.008126949152542372,27.801917702258816,1.6025,15.0,0.1361606396404081
giiin,1000000,ok,,1000000.0,False,3.9661016949152543,0.5735033898305084,0.007542542372881355,27.800426570605346,1.5917,15.0,0.08424492777743181
fx6617a2,1000000,ok,,1000000.0,False,0.11393911909755605,0.43529790828184334,0.008120254520718781,27.79752191609558,1.323661872909699,9.030100334448159,0.1819477004152028
stf86361,1000000,ok,,1000000.0,False,-1.9491525423728815,0.5200152542372881,0.007950508474576271,27.793418972624146,1.2805,10.0,0.14659998422457296
goe335,1000000,ok,,1000000.0,False,-0.11456266651550351,0.4830849980159855,0.008100815146533644,27.7852918719547,1.3729367892976587,11.013377926421406,0.0685
goe101,1000000,ok,,1000000.0,False,0.9322033898305084,0.4934440677966102,0.008073050847457627,27.782303547991617,1.3359,11.0,0.069
uag8814320,1000000,ok,,1000000.0,False,0.05084745762711851,0.6733084745762712,0.0061996610169491526,27.779436610460934,1.3171,15.0,0.14304532053267266
fx77w153,1000000,ok,,1000000.0,False,1.954310980103167,0.4676057026245676,0.008133407970069726,27.77841737617118,1.5778491638795986,12.050167224080266,0.15245934228187918
usnps4,1000000,ok,,1000000.0,False,-1.9288022220962535,0.45474825690153614,0.008145016155546737,27.773995503549575,1.7852578595317727,14.016722408026755,0.11941016912378302
e331,1000000,ok,,1000000.0,False,3.320900175726999,0.45010950059520427,0.00815097103338813,27.763779868130285,1.3253411371237458,12.963210702341136,0.11271217568412692
e479,1000000,ok,,1000000.0,False,3.9661016949152543,0.4446305084745763,0.008155254237288136,27.752392639571244,1.3865,15.0,0.16553295876755778
goe505,1000000,ok,,1000000.0,False,-0.508474576271186,0.47257118644067797,0.008145593220338983,27.7471295873814,0.6591,3.0,0.13969583925289714
goe431,1000000,ok,,1000000.0,False,-4.303667592540105,0.4182426279689361,0.008115863046312568,27.742312100903497,1.7175846153846155,14.016722408026755,0.118
e552,1000000,ok,,1000000.0,False,0.3639249475653301,0.44150611643330867,0.008160031744232186,27.739841797166957,1.4373866220735787,11.06688963210702,0.18427535479690837
e635,1000000,ok,,1000000.0,False,2.8375942406893024,0.4387600306105095,0.008161022617765433,27.73317124983129,1.3839849498327759,11.979933110367892,0.11630237615887834
naca4418,1000000,ok,,1000000.0,False,-0.30508474576271194,0.4464983050847458,0.008173898305084746,27.7221212122701,1.6012,15.0,0.18026164549264234
e664,1000000,ok,,1000000.0,False,0.7627118644067794,0.4766457627118644,0.008154237288135593,27.721815083370135,1.3019,15.0,0.16605888729417922
fx77w121,1000000,ok,,1000000.0,False,1.3488464372767979,0.5147296496797233,0.008035342100787938,27.707552240853758,1.343866220735786,9.983277591973243,0.12099623775310256
goe380,1000000,ok,,1000000.0,False,-0.04262796893600296,0.5155604727623149,0.008033941953404004,27.703572323762973,1.3491635451505015,9.97658862876254,0.065496
goe633,1000000,ok,,1000000.0,False,1.4745762711864403,0.4430372881355932,0.00818271186440678,27.702771098993185,1.5224,15.0,0.13760317875604874
nlr7301,1000000,ok,,1000000.0,False,0.05084745762711851,0.2939542372881356,0.007178135593220339,27.68909909123216,1.5602,15.0,0.16518
naca2421,1000000,ok,,1000000.0,False,1.8305084745762707,0.4346796610169491,0.008186440677966103,27.678881845380776,1.4605,15.0,0.2101152581890503
sp4721bs,1000000,ok,,1000000.0,False,-3.107306842015759,0.38658802222096256,0.008024931126353382,27.67001616891886,1.6293210702341137,12.963210702341136,0.214074681616539
fx711520,1000000,ok,,1000000.0,False,2.898305084745763,0.32932711864406783,0.007591016949152542,27.65976946104605,1.1732,15.0,0.15001126157777067
e554,1000000,ok,,1000000.0,False,0.10679666685562061,0.4437816166883964,0.00821174763335412,27.653691152267097,1.5152209030100334,12.963210702341136,0.18235
usa29,1000000,ok,,1000000.0,False,0.40677966101694896,0.47686271186440676,0.008201525423728814,27.64516683137796,1.3014,15.0,0.13168971072224472
e561,1000000,ok,,1000000.0,False,-2.2811631993651154,0.4272378379910436,0.00819469531205714,27.639661015445835,1.7937678929765888,13.946488294314381,0.16891349035896983
e1098,1000000,ok,,1000000.0,False,-0.6610169491525424,0.447335593220339,0.008223728813559324,27.637502586733675,1.3573,15.0,0.18954288324449198
goe758,1000000,ok,,1000000.0,False,1.1245961113315568,0.6061736862989626,0.00731278272206791,27.63749810726079,1.4333598662207359,14.016722408026755,0.13849999999999998
b707d,1000000,ok,,1000000.0,False,1.8644067796610173,0.4045881355932204,0.008134915254237289,27.620716885370086,1.1064,10.0,0.0897
marske2,1000000,ok,,1000000.0,False,3.2542372881355934,0.3979525423728814,0.008107118644067796,27.619653295080465,1.5553,15.0,0.1205
cootie,1000000,ok,,1000000.0,False,-1.0206337509211494,0.510774394875574,0.008115479848081173,27.61542404333969,1.5097759197324414,13.060200668896321,0.0846
mh114,1000000,ok,,1000000.0,False,-3.152542372881356,0.5259135593220339,0.008040338983050847,27.613810324541145,1.8465,15.0,0.1305617088251963
coanda1,1000000,ok,,1000000.0,False,1.1525423728813564,0.3918406779661017,0.008081694915254237,27.612260272522814,0.6347,4.0,0.05650000000000001
e338,1000000,ok,,1000000.0,False,2.326512102488522,0.44329186554050226,0.008235916331273737,27.611330844474008,1.427285618729097,12.96655518394649,0.13301747438373662
fx6617ai,1000000,ok,,1000000.0,False,0.11393911909755605,0.44078784649396285,0.008233672694291707,27.61070465944799,1.4455,9.030100334448159,0.18833912182468907
goe646,1000000,ok,,1000000.0,False,-0.5717362961283374,0.4514261549798764,0.008252826370387165,27.591267504844787,1.561947491638796,14.016722408026755,0.18335557243667827
naca63a210,1000000,ok,,1000000.0,False,2.844169831642196,0.4479937701944333,0.008259742078113485,27.576860116731893,1.212421404682274,11.993311036789297,0.09990271202681744
goe122,1000000,ok,,1000000.0,False,0.9152542372881358,0.47993389830508476,0.008247796610169491,27.56245430404449,0.6011,2.0,0.07301137141142343
ah95160,1000000,ok,,1000000.0,False,-1.0169491525423728,0.5294779661016948,0.00806593220338983,27.547447696136057,1.6292,15.0,0.1599531173149262
goe318,1000000,ok,,1000000.0,False,1.0528881582676712,0.4500191599115696,0.00828,27.544483612763617,1.5236956521739131,13.010033444816052,0.09125938156960593
goe692,1000000,ok,,1000000.0,False,-1.0169491525423728,0.45947966101694915,0.008281186440677966,27.544353829467926,1.6699,15.0,0.161
marske4,1000000,ok,,1000000.0,False,2.898305084745763,0.38373559322033907,0.008075084745762712,27.53932527884917,1.5461,15.0,0.10189999999999999
goe426,1000000,ok,,1000000.0,False,0.7853296298395787,0.5817590726149312,0.00766053851822459,27.53656786153823,1.4523879598662206,14.016722408026755,0.136
isa962,1000000,ok,,1000000.0,False,-1.0169491525423728,0.48690000000000005,0.008252033898305085,27.532096885391375,1.6985,15.0,0.09731371231766613
goe502,1000000,ok,,1000000.0,False,-2.0847457627118646,0.4879525423728814,0.008253389830508476,27.52595825930007,1.6833,15.0,0.15898037361209846
goe683,1000000,ok,,1000000.0,False,1.618615724732157,0.41059555580749374,0.008212520265291083,27.518975833890035,1.4629217391304348,11.979933110367892,0.199
goe308,1000000,ok,,1000000.0,False,0.18337962700527122,0.459552865483816,0.008299340740320843,27.51438325425547,1.3546254180602006,11.989966555183944,0.08088417514217157
goe433,1000000,ok,,1000000.0,False,-1.2711864406779663,0.47227457627118646,0.008292372881355932,27.51063369122547,1.6242,15.0,0.17408951385873353
giiia,1000000,ok,,1000000.0,False,3.678022787823819,0.37185251402981684,0.008018517090867865,27.50332196883251,1.1549130434782608,13.03344481605351,0.11007808378159073
fx83w227,1000000,ok,,1000000.0,False,2.186440677966102,0.41421525423728817,0.008237118644067797,27.49731764583353,1.4098,15.0,0.22643988182689234
fx78pk188,1000000,ok,,1000000.0,False,1.4745762711864403,0.4535830508474576,0.00831,27.496483743650277,1.0997,15.0,0.1881109213759214
goe529,1000000,ok,,1000000.0,False,-0.8193413071821336,0.4845917975171474,0.00828489909869055,27.489179079778577,1.4698063545150502,11.979933110367892,0.09697642971387135
e230,1000000,ok,,1000000.0,False,3.7627118644067803,0.2975584745762713,0.007303220338983053,27.485144096481168,0.9396,10.0,0.0995312099272195
goe628,1000000,ok,,1000000.0,False,-1.0169491525423728,0.4828983050847458,0.008291694915254237,27.484156482848203,1.7868,15.0,0.16711678739234226
e330,1000000,ok,,1000000.0,False,3.7853296298395787,0.40834042854713454,0.008230571963040643,27.469884666219162,1.3170210702341136,13.013377926421406,0.11028070765409029
b707e,1000000,ok,,1000000.0,False,2.2542372881355934,0.41640508474576277,0.008260169491525424,27.468684735758817,1.1184,11.0,0.0900887
goe703,1000000,ok,,1000000.0,False,3.610169491525424,0.3712694915254237,0.008034915254237288,27.46190723847904,1.3159,15.0,0.194
stcyr234,1000000,ok,,1000000.0,False,-4.220338983050848,0.49241694915254236,0.008290677966101697,27.450392981373863,1.6706,15.0,0.16
goe383,1000000,ok,,1000000.0,False,0.05084745762711851,0.5066694915254237,0.00824915254237288,27.441715949927723,1.6389,15.0,0.2016982452376845
e1230,1000000,ok,,1000000.0,False,0.40677966101694896,0.4081237288135593,0.008246779661016949,27.438384266462176,1.7562,15.0,0.17446212291453864
mh84,1000000,ok,,1000000.0,False,0.05084745762711851,0.4700542372881356,0.008342033898305085,27.434974593604338,1.8729,15.0,0.13714505305037455
mh78,1000000,ok,,1000000.0,False,3.610169491525424,0.3978881355932204,0.008207796610169491,27.42741661164244,1.571,15.0,0.14447753908181007
ah94145,1000000,ok,,1000000.0,False,-1.0169491525423728,0.5482440677966103,0.008031694915254238,27.424465948557817,1.6621,15.0,0.1456851370193597
e639,1000000,ok,,1000000.0,False,1.8651436993367723,0.5961429624170965,0.007606787030213707,27.412446347674358,1.53298762541806,12.003344481605351,0.12554984416762235
goe770,1000000,ok,,1000000.0,False,0.7853296298395787,0.4370118303951024,0.008343899722237967,27.411361424578036,1.6814648829431438,14.016722408026755,0.20989999999999998
m2,1000000,ok,,1000000.0,False,3.448840768663908,0.3843944617652061,0.008148445099484156,27.402738474951114,1.1971451505016721,11.983277591973245,0.08
e475,1000000,ok,,1000000.0,False,3.9661016949152543,0.3826525423728814,0.008142372881355933,27.394239989838756,1.3905,15.0,0.1499362520268705
goe256,1000000,ok,,1000000.0,False,0.7627118644067794,0.562893220338983,0.007954745762711865,27.37573406653819,1.5925,15.0,0.15988538637665498
goe675,1000000,ok,,1000000.0,False,-1.7288135593220337,0.49744406779661016,0.008328474576271186,27.370860295399726,1.6432,15.0,0.14901261419703632
oaf128,1000000,ok,,1000000.0,False,2.5423728813559325,0.4462101694915254,0.00838135593220339,27.369092562133414,1.7465,15.0,0.12780753643290427
nlf415,1000000,ok,,1000000.0,False,0.40677966101694896,0.4841457627118644,0.008363220338983051,27.368971737166227,1.3215,15.0,0.15013838018090525
s1016,1000000,ok,,1000000.0,False,2.898305084745763,0.32679322033898306,0.007691186440677966,27.368752096481543,1.1322,15.0,0.17481940497874923
fx63137,1000000,ok,,1000000.0,False,-3.5084745762711864,0.5031915254237288,0.008312542372881357,27.366524519403818,1.8319,15.0,0.13706573481384715
goe410,1000000,ok,,1000000.0,False,3.2542372881355934,0.3712889830508475,0.00808228813559322,27.366290203780615,1.4025,15.0,0.161
nacam2,1000000,ok,,1000000.0,False,2.5328496117000157,0.2913201065699222,0.007273216370954026,27.35404401345371,1.1860565217391303,11.979933110367892,0.0806
fx66196v,1000000,ok,,1000000.0,False,-0.3955558074939072,0.45361108213820067,0.008398799954651098,27.349281357088845,1.4507919732441472,9.030100334448159,0.1956807793037368
goe504,1000000,ok,,1000000.0,False,-0.5717362961283383,0.45185187631086665,0.008403576044441925,27.33981517302972,1.34951872909699,10.013377926421402,0.17963050259654453
fx66s196,1000000,ok,,1000000.0,False,-0.15906127770534617,0.4494807040417209,0.00840295958279009,27.33802578517565,1.3985632107023411,8.983277591973243,0.19630626956244013
goe367,1000000,ok,,1000000.0,False,0.7627118644067794,0.5486745762711864,0.008091864406779661,27.338023520593485,1.5181,15.0,0.16283851370274055
goe624,1000000,ok,,1000000.0,False,-0.30508474576271194,0.49477627118644074,0.008358474576271186,27.33736896680272,1.7661,15.0,0.16
fx08s176,1000000,ok,,1000000.0,False,-0.07771668272773713,0.5306299132702228,0.008210667195737206,27.332465189425253,1.3350561872909699,7.97658862876254,0.176010749233005
goe363,1000000,ok,,1000000.0,False,-1.8061901252763448,0.42217641857037586,0.008354885777450256,27.331440022580356,1.6290655518394648,13.03344481605351,0.11065482272722464
goe326,1000000,ok,,1000000.0,False,0.10679666685562061,0.48523307068760274,0.008395048466640213,27.316527173887476,1.5220535117056857,12.963210702341136,0.08177522732684633
e343,1000000,ok,,1000000.0,False,1.4282070177427588,0.35081942633637553,0.007946847684371636,27.31426478780577,1.4940545150501672,13.060200668896321,0.14467780544763326
isa961,1000000,ok,,1000000.0,False,-1.966895300719914,0.3645197154356329,0.008059463182359278,27.312260891490965,1.5110926421404682,10.996655518394647,0.09439890821865389
mh83,1000000,ok,,1000000.0,False,0.40677966101694896,0.5097457627118644,0.008326949152542373,27.309246641665496,1.9347,15.0,0.13291105784736967
goe395,1000000,ok,,1000000.0,False,-1.2567881639362848,0.56521800351454,0.007987998412788392,27.30606022863327,1.6994732441471572,13.983277591973245,0.0610520184752542
e603,1000000,ok,,1000000.0,False,0.10169491525423702,0.45599999999999996,0.008433898305084744,27.29328070176406,1.386,14.0,0.18980839758971266
arad10,1000000,ok,,1000000.0,False,0.05084745762711851,0.4515135593220339,0.008431525423728815,27.293270807899066,1.8703,15.0,0.09999999999999999
goe385,1000000,ok,,1000000.0,False,1.016098860608809,0.5356336602233434,0.008230643954424351,27.264026937281706,1.49442508361204,11.989966555183948,0.09888097102190971
goe222,1000000,ok,,1000000.0,False,-3.9644011110481268,0.49154146023468054,0.008422181849101526,27.253869064383345,1.8617431438127092,14.016722408026755,0.18523468846737218
s1091,1000000,ok,,1000000.0,False,-0.5265574513916444,0.6056747463295731,0.007655541069100391,27.219237138962146,1.690095652173913,12.966555183946488,0.05057141930073871
naca664221,1000000,ok,,1000000.0,False,2.5423728813559325,0.4641754237288136,0.00848406779661017,27.21334878604654,0.9688,15.0,0.20999181127554514
goe425,1000000,ok,,1000000.0,False,0.7746159514766733,0.541681061164333,0.008232430134346125,27.210341409397643,1.5705127090301003,13.03344481605351,0.16014546175535108
goe147,1000000,ok,,1000000.0,False,0.730570829318065,0.4270275607958732,0.008441865540502238,27.203639149921113,1.5122678929765885,12.050167224080266,0.07547662632611567
n64212mb,1000000,ok,,1000000.0,False,2.186440677966102,0.42448135593220343,0.008443898305084746,27.187323606144513,1.5698,15.0,0.12046523607577722
spicasm,1000000,ok,,1000000.0,False,0.10679666685562061,0.48060200102035033,0.00848902896661187,27.184350759852983,1.490318060200669,14.016722408026755,0.1172
goe239,1000000,ok,,1000000.0,False,-1.9430871265801262,0.4892864435122725,0.008480487217277932,27.173583844305547,1.765555518394649,13.946488294314381,0.11221278133104519
esa40,1000000,ok,,1000000.0,False,4.322033898305085,0.4259983050847458,0.008467118644067797,27.154817272484607,1.5688,15.0,0.10715835339638866
goe681,1000000,ok,,1000000.0,False,0.05084745762711851,0.4440152542372881,0.008509661016949152,27.150266951762553,1.6273,15.0,0.168368106585232
e337,1000000,ok,,1000000.0,False,2.927498441131455,0.4410033388129925,0.008509274984411315,27.1427671854384,1.3995394648829431,13.03010033444816,0.13104202601089096
goe626,1000000,ok,,1000000.0,False,-1.7288135593220337,0.4205118644067797,0.00846322033898305,27.131422855234145,1.585,15.0,0.16557169856471876
goe429,1000000,ok,,1000000.0,False,3.2542372881355934,0.3816974576271187,0.008275169491525425,27.124398449692876,1.4954,15.0,0.1138
goe178,1000000,ok,,1000000.0,False,0.12941443228841898,0.45610501105379514,0.008552235134062695,27.10142750933122,1.4640996655518395,13.03344481605351,0.08499999999999999
n63215b,1000000,ok,,1000000.0,False,1.8305084745762707,0.39629491525423727,0.008380169491525424,27.089721835711998,1.5568,15.0,0.1504
fx76mp160,1000000,ok,,1000000.0,False,-2.7966101694915255,0.4991033898305085,0.008530677966101696,27.063087812005158,1.7352,15.0,0.16143941552219737
goe255,1000000,ok,,1000000.0,False,-1.0169491525423728,0.45713050847457626,0.008577118644067797,27.062428422681748,1.4374,15.0,0.18555421310393705
goe329,1000000,ok,,1000000.0,False,2.0,0.8048,0.00397,27.060027729444126,1.6237,13.0,0.10156648453025938
goe645,1000000,ok,,1000000.0,False,-0.30508474576271194,0.45955932203389827,0.008584661016949153,27.052261269574217,1.6004,15.0,0.15457721321659293
goe155,1000000,ok,,1000000.0,False,0.44045122158607786,0.5424114392608129,0.008346088657105606,27.049783557621446,1.5130525083612039,12.993311036789297,0.07019485200214853
fx66a175,1000000,ok,,1000000.0,False,-0.31460801541862793,0.453529068646902,0.008582808797687205,27.049072948925758,1.3227759197324414,7.97658862876254,0.1750933120408815
e473,1000000,ok,,1000000.0,False,5.033898305084746,0.5222677966101694,0.008456271186440677,27.047625583785283,1.4478,15.0,0.1617542682926829
goe277,1000000,ok,,1000000.0,False,0.14222549742078083,0.48332969786293295,0.008581466470154753,27.037279709696378,1.5265521739130434,12.043478260869565,0.08337155568519296
goe476,1000000,ok,,1000000.0,False,0.05084745762711851,0.4951864406779661,0.00856050847457627,27.034123351440996,1.4984,15.0,0.14439359643358765
naca0021,1000000,ok,,1000000.0,False,3.9661016949152543,0.42462372881355936,0.008540508474576271,27.02091998000237,1.3294,15.0,0.21005028512612933
ht21,1000000,ok,,1000000.0,False,3.1280539651947166,0.35031095742871715,0.008084456663454453,27.015071661327802,0.9750565217391304,8.959866220735785,0.051035691326688545
goe797,1000000,ok,,1000000.0,False,-0.6610169491525424,0.47009152542372884,0.008612542372881355,27.00853129477547,1.7,15.0,0.16
daytonwright6,1000000,ok,,1000000.0,False,-0.6753018536364159,0.4974240405872682,0.008602331500481833,26.964620138021658,1.409508695652174,8.959866220735785,0.13599999999999998
defcnd1,1000000,ok,,1000000.0,False,0.7627118644067794,0.4699796610169491,0.008647118644067796,26.95503702337742,1.5766,15.0,0.20908979889833415
sc20503,1000000,ok,,1000000.0,False,0.6440677966101696,0.2758372881355932,0.007212542372881356,26.937454931566464,0.312,1.0,0.030100000000000002
goe775,1000000,ok,,1000000.0,False,4.322033898305085,0.44727288135593224,0.008656610169491525,26.91744715033131,1.3241,15.0,0.21000000000000002
l7769,1000000,ok,,1000000.0,False,1.618615724732157,0.4587552236267784,0.008679069213763392,26.901949741085478,1.4708254180602007,11.979933110367892,0.1098
coanda2,1000000,ok,,1000000.0,False,1.101694915254238,0.4213983050847458,0.00860050847457627,26.898815782944016,0.6736,4.0,0.06
goe509,1000000,ok,,1000000.0,False,0.40677966101694896,0.4536474576271186,0.008688813559322033,26.87934489927282,1.5025,15.0,0.11054193800156854
goe303,1000000,ok,,1000000.0,False,-1.2502692591122955,0.5030700583867128,0.008657648092511763,26.862837953750656,1.7208,14.016722408026755,0.09839061180592236
goe328,1000000,ok,,1000000.0,False,0.9786860155319985,0.5206602063375091,0.008596481491978912,26.86211969530213,1.5558103678929767,13.97658862876254,0.082
goe647,1000000,ok,,1000000.0,False,-1.0169491525423728,0.4276694915254238,0.008648305084745763,26.854025850356162,1.7786,15.0,0.1625272135064058
mh113,1000000,ok,,1000000.0,False,-3.152542372881356,0.5403711864406779,0.00851457627118644,26.840169267900265,1.8748,15.0,0.1465760955526004
fx75193,1000000,ok,,1000000.0,False,-1.3728813559322033,0.41392203389830506,0.008605762711864405,26.838276840525754,1.2216,15.0,0.19269025085165686
usa26,1000000,ok,,1000000.0,False,1.0710277195170343,0.5000601468170738,0.00868839266481492,26.830183170280765,1.336442474916388,12.963210702341136,0.09824736600687395
dae21,1000000,ok,,1000000.0,False,-1.0169491525423728,0.5582440677966102,0.008415423728813558,26.819259989983106,1.6939,15.0,0.11783669674141589
goe325,1000000,ok,,1000000.0,False,0.1482342270846324,0.4893949379286889,0.008718870812312228,26.818265773528296,1.500096989966555,10.986622073578594,0.082
pt40,1000000,ok,,1000000.0,False,1.1186440677966099,0.4713966101694915,0.008738474576271188,26.814187506052484,1.5953,15.0,0.11594382142857143
trainer60,1000000,ok,,1000000.0,False,3.610169491525424,0.423735593220339,0.00865915254237288,26.81311878324039,1.5164,15.0,0.1830265113212955
dae31,1000000,ok,,1000000.0,False,-1.7288135593220337,0.5469966101694915,0.008498474576271186,26.808992773995556,1.7528,15.0,0.11056416022591219
goe290,1000000,ok,,1000000.0,False,0.7615214556997909,0.4893503146080155,0.008727154356329007,26.806205060071886,1.419414381270903,13.946488294314381,0.17552685903858306
goe315,1000000,ok,,1000000.0,False,1.271186440677966,0.5112627118644067,0.008674237288135593,26.803329050652923,1.5332,15.0,0.0807673568037578
fx71089a,1000000,ok,,1000000.0,False,3.2542372881355934,0.3767966101694916,0.008408813559322032,26.80329506151526,1.3289,15.0,0.08935439366678662
goe446,1000000,ok,,1000000.0,False,-2.0847457627118646,0.502664406779661,0.00870186440677966,26.801129410577897,1.6425,15.0,0.12872317607961153
v43012,1000000,ok,,1000000.0,False,3.1355932203389827,0.5652457627118643,0.00838050847457627,26.79763669351638,1.6352,15.0,0.1204
goe288,1000000,ok,,1000000.0,False,-1.7288135593220337,0.458771186440678,0.008748305084745762,26.793187887531335,1.9635,15.0,0.17380807500367648
e63,1000000,ok,,1000000.0,False,0.0,0.7653,0.00526,26.792813564106368,1.6846,10.0,0.04269836203904307
goe225,1000000,ok,,1000000.0,False,-3.6271186440677967,0.5509542372881355,0.008507627118644069,26.764163406624558,1.9099,14.0,0.12831656397575167
ste87151,1000000,ok,,1000000.0,False,0.7627118644067794,0.5629203389830507,0.008425762711864408,26.7624138406618,1.5459,15.0,0.13928368167917782
dae11,1000000,ok,,1000000.0,False,-1.0169491525423728,0.5450406779661018,0.008549830508474578,26.75723376750525,1.6335,15.0,0.12827340600586576
goe604,1000000,ok,,1000000.0,False,0.05084745762711851,0.49217288135593223,0.00875677966101695,26.75584030980031,1.5866,15.0,0.1782428046418889
goe777,1000000,ok,,1000000.0,False,0.05084745762711851,0.5209033898305085,0.008673050847457628,26.755061537399776,1.7197,15.0,0.22
marske5,1000000,ok,,1000000.0,False,3.2542372881355934,0.41511864406779664,0.008664745762711866,26.745130356540205,1.6139,15.0,0.1222
goe413,1000000,ok,,1000000.0,False,-0.2324698146363584,0.5121966101694915,0.008716455983220905,26.739791959064462,1.6174615384615385,14.016722408026755,0.1635
goe508,1000000,ok,,1000000.0,False,-0.6610169491525424,0.4807474576271187,0.008786101694915255,26.73492787236173,1.582,15.0,0.165
goe424,1000000,ok,,1000000.0,False,0.10679666685562061,0.48636316535343804,0.008796116433308769,26.711352243848093,1.6002163879598663,14.016722408026755,0.19985281920736286
goe182,1000000,ok,,1000000.0,False,-0.8383878464939629,0.43670359390057256,0.008764241823025905,26.705856946538834,1.7149923076923077,13.03344481605351,0.09440905396774249
e591,1000000,ok,,1000000.0,False,-3.152542372881356,0.548842372881356,0.008570847457627118,26.699438026993956,2.0449,15.0,0.1566109103314158
naca16021,1000000,ok,,1000000.0,False,4.677966101694915,0.3187559322033898,0.007896101694915255,26.699048489653283,0.9042,15.0,0.21
e857,1000000,ok,,1000000.0,False,-1.0169491525423728,0.43052881355932204,0.008756271186440678,26.68900969896436,1.7379,15.0,0.20334491126861018
goe503,1000000,ok,,1000000.0,False,-1.1026585794456105,0.4607048183209568,0.008819239272150106,26.6853175580613,1.5000882943143812,10.996655518394647,0.15594368632752229
goe228,1000000,ok,,1000000.0,False,-3.6251346295561477,0.4997218695085313,0.008795059237004705,26.67861154022725,1.8866832775919733,14.016722408026755,0.1785586245349515
miley,1000000,ok,,1000000.0,False,1.3281560002267438,0.4836999376452581,0.00883312624000907,26.661411628406388,1.4076719063545153,10.013377926421402,0.1285567808619881
goe365,1000000,ok,,1000000.0,False,0.0847457627118644,0.5692779661016949,0.00846135593220339,26.6565994203342,1.5283,15.0,0.1169856650840084
naca4421,1000000,ok,,1000000.0,False,0.05084745762711851,0.4699186440677966,0.008846949152542373,26.649594107539077,1.5631,15.0,0.21029608713884695
m1,1000000,ok,,1000000.0,False,3.2542372881355934,0.3618322033898305,0.008374067796610169,26.63799882718622,0.8457,8.0,0.0616
goe187,1000000,ok,,1000000.0,False,1.5995691854203287,0.6630932996995637,0.007406684995181677,26.628646067116044,1.4368321070234111,10.013377926421406,0.08279629798380161
du-80-176-v1,1000000,ok,,1000000.0,False,-0.30508474576271194,0.46361694915254237,0.00885949152542373,26.626733879241616,1.4226,15.0,0.1758095580753307
goe279,1000000,ok,,1000000.0,False,0.041040757326682,0.5538611303214104,0.008611381440961395,26.606117286356376,1.6993909698996656,13.03010033444816,0.074298292
ls417mod,1000000,ok,,1000000.0,False,-0.30508474576271194,0.41645084745762717,0.008754915254237288,26.60088206065353,1.8698,15.0,0.170003765234147
goe336,1000000,ok,,1000000.0,False,0.5440734652230597,0.49125841505583584,0.008868540899042005,26.59627413349365,1.411625752508361,13.010033444816052,0.08948755123887611
goe615,1000000,ok,,1000000.0,False,-0.6610169491525424,0.5117271186440678,0.00882271186440678,26.594313675294934,1.5679,15.0,0.13643562383061464
goe532,1000000,ok,,1000000.0,False,0.44606314834759964,0.5907611189841847,0.008328397483135876,26.59335448591734,1.636338127090301,14.016722408026755,0.125
goe265,1000000,ok,,1000000.0,False,-1.34034351794116,0.52470294201009,0.008783364888611755,26.58375562941841,1.786285618729097,12.993311036789297,0.07652241461794693
goe369,1000000,ok,,1000000.0,False,1.016098860608809,0.6287322374015079,0.007923560455756477,26.58238200235808,1.5492033444816056,11.989966555183948,0.0585
m9,1000000,ok,,1000000.0,False,0.0710844056459381,0.4949756703134742,0.008880759027266028,26.570117700777594,1.6266351170568563,11.056856187290968,0.104
goe418,1000000,ok,,1000000.0,False,-0.30508474576271194,0.47552711864406777,0.0089,26.56981415537165,1.6702,15.0,0.127
drgnfly,1000000,ok,,1000000.0,False,0.3377359560115636,0.5769790658125957,0.008486962190352023,26.548737486744304,1.684981939799331,10.996655518394647,0.19335490074190845
ah79100b,1000000,ok,,1000000.0,False,-2.9466016665721897,0.5691323139277819,0.008550266708236495,26.54745617326905,1.7671615384615387,14.016722408026755,0.10035599608099281
goe311,1000000,ok,,1000000.0,False,-0.18723428377076257,0.4815114619352643,0.008914936228104983,26.544056999605324,1.4838297658862876,12.050167224080266,0.08437985829401688
goe226,1000000,ok,,1000000.0,False,-3.866787597074996,0.5109123122271979,0.008866715038829999,26.537006219480208,1.9590441471571907,11.979933110367892,0.13890042381339118
sokolov,1000000,ok,,1000000.0,False,-1.1231789581089506,0.5687619692761181,0.008562384218581713,26.535936929076744,1.5938591973244147,11.983277591973245,0.071
r1046,1000000,ok,,1000000.0,False,-0.8193413071821336,0.541835581883113,0.008748958675812029,26.52108978292497,1.7271953177257524,11.979933110367892,0.18096099999999998
us1000root,1000000,ok,,1000000.0,False,4.102601893316706,0.3725439884360297,0.008528743268522194,26.513731261893426,0.9729779264214047,11.03010033444816,0.18562335714285713
fx76mp140,1000000,ok,,1000000.0,False,-3.2858681480641687,0.5341255937872003,0.008801520888838501,26.50371802291617,1.7767715719063544,14.016722408026755,0.1410714915362504
e1213,1000000,ok,,1000000.0,False,2.5423728813559325,0.4622118644067797,0.008945423728813559,26.49403884710582,1.5833,15.0,0.1738316107890765
goe278,1000000,ok,,1000000.0,False,1.0,0.5752,0.00855,26.48945166310817,1.629281939799331,13.96989966555184,0.07439234273652634
goe528,1000000,ok,,1000000.0,False,-1.0169491525423728,0.5317203389830508,0.00882728813559322,26.48455608250766,1.6536,15.0,0.12444420989897605
usa40b,1000000,ok,,1000000.0,False,0.40677966101694896,0.5392593220338983,0.008791016949152542,26.484125384388687,1.8584,15.0,0.136291556
goe421,1000000,ok,,1000000.0,False,-4.064395442435236,0.47232219261946595,0.008958637265461143,26.482826851469174,1.769092976588629,13.03344481605351,0.18991218401745977
goe575,1000000,ok,,1000000.0,False,1.8305084745762707,0.40917118644067796,0.008792372881355932,26.47698235151445,1.5317,15.0,0.13345405396161394
goe289,1000000,ok,,1000000.0,False,-0.8574343858057931,0.5068296808570943,0.008931486877161159,26.463163445245495,1.641985618729097,12.963210702341136,0.16799999999999998
goe506,1000000,ok,,1000000.0,False,-1.9288022220962535,0.3067200668896321,0.007849061844566633,26.459006147391325,1.3686765886287626,14.016722408026755,0.16463623591452803
goe287,1000000,ok,,1000000.0,False,1.1568505186780795,0.5603417153222607,0.008689807834023013,26.452689564102737,1.4659933110367893,12.013377926421406,0.08869190195769577
goe530,1000000,ok,,1000000.0,False,0.05084745762711851,0.441964406779661,0.008947627118644068,26.433812576661325,1.5337,15.0,0.12893699010869936
e748,1000000,ok,,1000000.0,False,-1.9288022220962535,0.44955214556997897,0.008982815600022674,26.406955730064723,1.8750247491638796,14.016722408026755,0.19717966893454128
goe527,1000000,ok,,1000000.0,False,-0.6610169491525424,0.5161762711864406,0.008957796610169492,26.39069470091579,1.6534,15.0,0.16523851975934534
fx76mp120,1000000,ok,,1000000.0,False,-3.7501275437900343,0.540635638569242,0.008857557394705515,26.38883977941458,1.7295926421404682,12.963210702341136,0.12111310124560842
e336,1000000,ok,,1000000.0,False,3.620032877954765,0.45690171192109297,0.009014006575590953,26.37959492162922,1.356563879598662,13.983277591973245,0.12798253496021855
goe13k,1000000,ok,,1000000.0,False,0.40677966101694896,0.49068474576271187,0.009055932203389832,26.33004286467838,1.4449,15.0,0.148
goe534,1000000,ok,,1000000.0,False,-0.6610169491525424,0.4781627118644068,0.009063389830508474,26.329574937375526,1.8224,15.0,0.14099604482626987
goe08k,1000000,ok,,1000000.0,False,-0.30508474576271194,0.4937983050847457,0.00907135593220339,26.30320582502302,1.3374,15.0,0.1485
goe423,1000000,ok,,1000000.0,False,0.7627118644067794,0.5785262711864406,0.008695593220338983,26.281607851303228,1.3465,15.0,0.16925228553369687
usa27,1000000,ok,,1000000.0,False,-3.0,0.1949,0.00591,26.26183709287027,1.4318210702341136,13.013377926421406,0.1107
nacam12,1000000,ok,,1000000.0,False,2.5423728813559325,0.46837796610169496,0.009106271186440678,26.26166991512133,1.4737,15.0,0.1193
naca23021,1000000,ok,,1000000.0,False,2.898305084745763,0.43398305084745764,0.009032372881355933,26.260249854871176,1.1802,15.0,0.2101
goe233,1000000,ok,,1000000.0,False,-3.152542372881356,0.570506779661017,0.008786440677966101,26.24612756392596,1.9249,15.0,0.11627042019892975
goe57,1000000,ok,,1000000.0,False,-0.11864406779661019,0.5460644067796611,0.008948644067796609,26.236570699636896,1.5112,12.0,0.06282839210310937
goe422,1000000,ok,,1000000.0,False,-2.0847457627118646,0.506071186440678,0.009117118644067796,26.211344678387697,1.6207,15.0,0.17048506554040152
goe434,1000000,ok,,1000000.0,False,-1.7288135593220337,0.46916779661016955,0.009146440677966102,26.203648640874068,1.6983,15.0,0.2272911477935476
s1221,1000000,ok,,1000000.0,False,-1.2711864406779663,0.5675406779661016,0.008844237288135593,26.20190210301567,2.1021,15.0,0.12131975080562682
goe702,1000000,ok,,1000000.0,False,0.40677966101694896,0.46220508474576266,0.009156271186440678,26.177646576240445,1.7401,15.0,0.1666405232050446
mh112,1000000,ok,,1000000.0,False,-3.5084745762711864,0.5362881355932203,0.009045593220338984,26.174401880542735,1.8667,15.0,0.09995116175319824
hor07,1000000,ok,,1000000.0,False,0.42344538291480127,0.49490794172665953,0.009164593277025112,26.171477847597643,1.7010127090301004,13.946488294314381,0.07173035383073026
ist-mt1-15,1000000,ok,,1000000.0,False,-4.341760671163766,0.6062027606144776,0.008543277591973243,26.169006219089326,1.8937010033444817,7.97658862876254,0.1499673339561207
e58,1000000,ok,,1000000.0,False,-3.389830508474576,0.5641220338983051,0.008902033898305085,26.160180341316668,1.5857,8.0,0.05600000000000001
e342,1000000,ok,,1000000.0,False,3.0494303044045115,0.4653692704495209,0.009173460121308315,26.158376552265807,1.426824414715719,13.996655518394647,0.14249671710268014
goe592,1000000,ok,,1000000.0,False,-2.7966101694915255,0.4896779661016949,0.009181525423728812,26.154870254242415,1.6192,15.0,0.14253484917073928
as6096,1000000,ok,,1000000.0,False,-2.0,0.6194,0.00842,26.151350203519215,2.051,15.0,0.061476557310034846
goe323,1000000,ok,,1000000.0,False,1.1568505186780795,0.5510123292330368,0.008990985771781645,26.149740416033847,1.6443404682274247,12.013377926421406,0.11040920712038563
e1212,1000000,ok,,1000000.0,False,1.1186440677966099,0.46748305084745756,0.009186610169491525,26.142577644643815,1.6657,15.0,0.17698976711309522
goe512,1000000,ok,,1000000.0,False,-0.2146136840315176,0.3918459781191542,0.00887981633694235,26.14204614718692,1.5462785953177258,12.963210702341136,0.13908445542308195
oaf139,1000000,ok,,1000000.0,False,5.033898305084746,0.43575254237288136,0.009124237288135594,26.125297047033374,1.502,15.0,0.1366486465742879
goe321,1000000,ok,,1000000.0,False,0.7043818377642985,0.5430082931806587,0.009057115809761353,26.119801574327784,1.6898869565217391,11.979933110367892,0.11154596307173668
goe460,1000000,ok,,1000000.0,False,5.033898305084746,0.3513915254237288,0.008544406779661017,26.111473749367587,1.2137,15.0,0.205
goe264,1000000,ok,,1000000.0,False,-0.39255144266198094,0.5318654668102715,0.009143983334278103,26.07253223841102,1.5620555183946487,11.989966555183944,0.06426986967503248
e1212mod,1000000,ok,,1000000.0,False,2.186440677966102,0.4723655367231639,0.009242316384180792,26.0682416419712,1.6522,15.0,0.1771529211461148
fx71120,1000000,ok,,1000000.0,False,3.9661016949152543,0.4073728813559322,0.009028983050847459,26.060139815554983,1.3619,15.0,0.11986
goe654,1000000,ok,,1000000.0,False,0.3377359560115636,0.5710205770647923,0.008956301796950287,26.03833474526419,1.5242849498327757,10.996655518394647,0.145
e335,1000000,ok,,1000000.0,False,4.016949152542374,0.4491480471628594,0.009224723655121591,26.03535952653608,1.276,15.0,0.12577973906569176
e422,1000000,ok,,1000000.0,False,-1.5895357406042745,0.508833161385409,0.009246860722181283,26.029123017679154,1.8863903010033445,14.016722408026755,0.13993697399053187
sp4621hp,1000000,ok,,1000000.0,False,-2.440677966101695,0.4470711864406779,0.009228474576271187,26.021021306992495,1.7067,15.0,0.21062359969937394
usa25,1000000,ok,,1000000.0,False,0.7944560965931631,0.5113633920979536,0.009260831585511026,26.003350865276808,1.3394003344481604,12.993311036789297,0.0827511909527622
goe387,1000000,ok,,1000000.0,False,-0.30508474576271194,0.5136677966101696,0.009258135593220338,25.999838065120155,1.6567,15.0,0.14850000000000002
hor20,1000000,ok,,1000000.0,False,0.7627118644067794,0.46550338983050843,0.009285254237288135,25.995303912304948,1.8016,15.0,0.2038392801026306
m16,1000000,ok,,500000.0,True,3.915254237288136,0.6716186440677967,0.007909152542372882,25.974625105251185,0.9485,7.0,0.06149754524547545
goe769,1000000,ok,,1000000.0,False,0.40677966101694896,0.4774338983050847,0.009312542372881356,25.97274557959818,1.7424,15.0,0.1382
goe298,1000000,ok,,1000000.0,False,0.05084745762711851,0.46919491525423723,0.009311016949152543,25.965029450381397,1.8262,15.0,0.12811066485213432
ah93w257,1000000,ok,,1000000.0,False,0.9138937701944325,0.4818300663227707,0.009323111501615555,25.96001027537739,1.5752110367892975,10.996655518394647,0.2567242455911169
e1210,1000000,ok,,1000000.0,False,-0.6610169491525424,0.4664050847457627,0.00932677966101695,25.937084719680218,1.8284,15.0,0.15844454635931257
n24,1000000,ok,,1000000.0,False,-2.0847457627118646,0.48783050847457626,0.009340338983050847,25.93572994448211,1.7482,15.0,0.1702
rhodesg30,1000000,ok,,1000000.0,False,0.10679666685562061,0.4921204466866958,0.009339611700017006,25.93417831360736,1.4249123745819399,12.963210702341136,0.0974
goe174,1000000,ok,,1000000.0,False,-0.11841732328099308,0.5827491015248568,0.008987890709143473,25.899952324315286,1.6237772575250835,12.003344481605351,0.08583047457649
goe535,1000000,ok,,1000000.0,False,-1.7288135593220337,0.4756881355932204,0.009369152542372881,25.891289862898326,1.8681,15.0,0.16050000000000003
e1211,1000000,ok,,1000000.0,False,-0.30508474576271194,0.4733254237288136,0.00936728813559322,25.891042638994147,1.7775,15.0,0.18019918301966986
usa33,1000000,ok,,1000000.0,False,1.4638625928235358,0.5167494699846947,0.009334336488861176,25.890389327593777,1.3119361204013378,14.016722408026755,0.14193432518469204
e1214,1000000,ok,,1000000.0,False,2.5423728813559325,0.47149830508474583,0.00936677966101695,25.889089950404564,1.5749,15.0,0.1981554963493984
m21,1000000,ok,,1000000.0,False,0.7389603763958963,0.47896317102205094,0.009380441584944164,25.878423522786843,1.477619397993311,9.979933110367893,0.1195
n0011sc,1000000,ok,,1000000.0,False,1.0995975284847797,0.17491921092908563,0.005543812709030101,25.870961826436464,1.2267304347826087,13.946488294314381,0.109566
nlf414f,1000000,ok,,1000000.0,False,2.898305084745763,0.6615254237288136,0.008173050847457626,25.855750668338974,1.4658,15.0,0.14168440929419407
goe404,1000000,ok,,1000000.0,False,-0.20338983050847403,0.46362203389830514,0.009383220338983051,25.84922556776251,0.8212,3.0,0.13184007757213922
e378,1000000,ok,,1000000.0,False,0.0,0.5728,0.00912,25.8312659200448,1.708515719063545,12.040133779264215,0.04076385032137765
goe223,1000000,ok,,1000000.0,False,-1.6788163936284795,0.5466952629291612,0.009288094590253764,25.811886049269646,1.5807401337792641,10.996655518394647,0.18817127485661253
goe167,1000000,ok,,1000000.0,False,0.8294314381270906,0.5343117056856188,0.00935675585284281,25.79222094568056,1.4846030100334446,10.996655518394649,0.10088066703490667
goe314,1000000,ok,,1000000.0,False,1.1245961113315568,0.5503576724675472,0.009295080777733689,25.781701427943602,1.5302939799331103,14.016722408026755,0.0803329760444448
naca0024,1000000,ok,,1000000.0,False,4.152542372881356,0.4281016949152543,0.009314915254237287,25.778327658686,1.2768,15.0,0.2400574687155764
goe679,1000000,ok,,1000000.0,False,1.1186440677966099,0.45583559322033895,0.009420169491525424,25.77131002380959,1.589,15.0,0.18285233163421855
goe238,1000000,ok,,1000000.0,False,0.9491525423728806,0.5541338983050846,0.00929813559322034,25.7546963057272,0.884,4.0,0.09801818004744492
goe322,1000000,ok,,1000000.0,False,0.08536931012981164,0.5807199138370841,0.009165487217277932,25.714155998520035,1.5569785953177258,13.946488294314381,0.13063476722265963
goe614,1000000,ok,,1000000.0,False,-0.6610169491525424,0.5151491525423729,0.009482881355932204,25.703528648432602,1.4796,15.0,0.18758199443627044
ist-mt1-18,1000000,ok,,1000000.0,False,-5.082194886911173,0.5082722011223854,0.009533563290062922,25.65397449061493,2.210998662207358,12.050167224080266,0.17999214546650763
n6h20,1000000,ok,,1000000.0,False,1.8174139787993875,0.4564806360183663,0.009534606881696049,25.608196353551595,1.3721210702341136,7.97658862876254,0.1995
goe447,1000000,ok,,1000000.0,False,-2.952553710107137,0.5419661753868827,0.009481532226064281,25.602397114882113,1.719712040133779,11.979933110367892,0.12664439091609758
mue139,1000000,ok,,1000000.0,False,0.7627118644067794,0.4992305084745763,0.009582881355932204,25.60225807766405,1.759,15.0,0.13893420834900339
goe406,1000000,ok,,1000000.0,False,1.0338983050847457,0.575028813559322,0.009308305084745764,25.596910332797833,0.7881,4.0,0.11689772205280528
ist-mt1-21,1000000,ok,,1000000.0,False,-3.119210929085653,0.4794774502579218,0.009584768437163426,25.596506617243104,2.0244030100334447,10.996655518394647,0.2099818753956264
zv15_35,1000000,ok,,1000000.0,False,4.322033898305085,0.43718813559322034,0.00947593220338983,25.59515959084419,1.5002,15.0,0.15648753445845848
th25816,1000000,ok,,1000000.0,False,1.7781304914687368,0.4395105096082988,0.009489001757269997,25.5901740622099,1.0340317725752508,10.996655518394647,0.2572297436182324
goe332,1000000,ok,,1000000.0,False,-1.0169491525423728,0.6097084745762712,0.009036610169491525,25.588059910581656,1.6587,15.0,0.11779386915089413
fg2,1000000,ok,,500000.0,True,1.305084745762712,0.47045254237288137,0.009581864406779661,25.584577773189793,1.2301,11.0,0.0816
goe227,1000000,ok,,1000000.0,False,-3.8286945184513352,0.5273737883339947,0.009554304177767701,25.57525396741268,1.862240468227425,10.013377926421402,0.14600000000000002
goe510,1000000,ok,,1000000.0,False,-0.03389830508474567,0.45937966101694916,0.009586101694915253,25.545636537061053,0.8552,5.0,0.13722114698381632
goe286,1000000,ok,,1000000.0,False,0.7615214556997909,0.47002807663964635,0.009635610793038943,25.5089690550788,1.5704073578595317,13.946488294314381,0.09345447339679712
ea61012,1000000,ok,,1000000.0,False,3.9661016949152543,0.4213322033898305,0.009464915254237288,25.49164879132291,1.3614,15.0,0.12
hs1620,1000000,ok,,1000000.0,False,-1.0169491525423728,0.47547966101694916,0.009658644067796611,25.48926042460089,1.7254,15.0,0.20016
n5h20,1000000,ok,,1000000.0,False,1.5805226461084967,0.3514166373788333,0.00888981010146817,25.45857876539063,0.8982200668896321,7.97658862876254,0.19899999999999998
usa27m2,1000000,ok,,1000000.0,False,0.10679666685562061,0.48217189501728924,0.009713495266708238,25.425686023871005,1.4344428093645485,14.016722408026755,0.13288
as6095,1000000,ok,,1000000.0,False,-1.0,0.7338,0.00748,25.386839887727508,1.4648,6.0,0.05122501882856367
e858,1000000,ok,,1000000.0,False,-0.6610169491525424,0.43560677966101696,0.009612033898305086,25.381939076743258,1.6893,15.0,0.2269730786249149
mi-vawt1,1000000,ok,,1000000.0,False,2.898305084745763,0.43930084745762715,0.009637796610169492,25.36901183722544,1.6004,15.0,0.2099847631000045
goe776,1000000,ok,,1000000.0,False,4.677966101694915,0.4551016949152542,0.009713050847457627,25.34821128998556,1.2478,15.0,0.25
arad20,1000000,ok,,1000000.0,False,1.1186440677966099,0.49916440677966095,0.009784915254237287,25.339735677116824,1.8971,15.0,0.2
goe300,1000000,ok,,1000000.0,False,-0.2324698146363584,0.6120958505753643,0.009255716796099994,25.33192931302092,1.7133565217391304,14.016722408026755,0.0843
goe316,1000000,ok,,1000000.0,False,1.5415792755512725,0.5464941953404002,0.009690447253557055,25.331631953451193,1.5722558528428094,12.993311036789297,0.0907581295836249
ea61009,1000000,ok,,1000000.0,False,3.804206110764696,0.40947383935151066,0.009495743438580579,25.327640541885113,1.3312919732441473,13.946488294314381,0.09
usa34,1000000,ok,,1000000.0,False,-1.7335751941499922,0.4183920582733405,0.009554562666515503,25.326921579376158,1.5983384615384615,11.979933110367892,0.18014322478154643
rhodesg32,1000000,ok,,1000000.0,False,0.44606314834759964,0.630629590159288,0.009089972223796837,25.31256158147678,1.5509090301003343,14.016722408026755,0.119
goe276,1000000,ok,,1000000.0,False,0.6096593163652855,0.5486524686809138,0.009702494189671788,25.307220806453618,1.541242474916388,11.989966555183948,0.07258661725266617
goe652,1000000,ok,,1000000.0,False,-4.932203389830509,0.5508406779661017,0.009699322033898306,25.300141329136064,2.1264,15.0,0.17049999999999998
m24,1000000,ok,,1000000.0,False,1.8971713621676765,0.5421140411541294,0.009736555750807778,25.297000482274377,1.438364882943144,9.030100334448159,0.11943157459563142
goe522,1000000,ok,,1000000.0,False,0.05084745762711851,0.46869830508474575,0.00978728813559322,25.29675372412926,1.5789,15.0,0.21818208606749145
goe301,1000000,ok,,1000000.0,False,-1.0,0.6194,0.00923,25.286585174580292,1.797479264214047,12.003344481605351,0.0994367082615961
fx75vg166,1000000,ok,,1000000.0,False,2.186440677966102,0.5494322033898306,0.009724237288135594,25.278112583492444,1.1714,15.0,0.1671631155156395
goe562,1000000,ok,,1000000.0,False,0.5139164446459947,0.5319816053511706,0.009785546737713282,25.27716640893098,1.465941806020067,10.013377926421402,0.14098590303091496
goe284,1000000,ok,,1000000.0,False,0.10169491525423702,0.5138203389830509,0.009829830508474576,25.268392985846592,1.7354,14.0,0.17632549964918343
r140,1000000,ok,,1000000.0,False,4.0,0.3975,0.00945,25.259154265342215,0.3975,4.0,0.11997731204705107
fx73cl1152,1000000,ok,,1000000.0,False,-0.6610169491525424,0.536871186440678,0.009828644067796611,25.20879650848326,2.0136,15.0,0.15210992083483268
goe390,1000000,ok,,1000000.0,False,-2.0847457627118646,0.510086440677966,0.009922881355932205,25.15784817352568,1.8051,15.0,0.20300407430163414
goe409,1000000,ok,,1000000.0,False,4.322033898305085,0.3959406779661017,0.00955186440677966,25.076192346467735,1.2881,15.0,0.127
ist-mt1-24,1000000,ok,,1000000.0,False,-2.143075789354345,0.48614352927838556,0.009985738336828979,25.072863690623205,2.069523745819398,12.963210702341136,0.23998690377767173
goe798,1000000,ok,,1000000.0,False,-1.0169491525423728,0.5325101694915254,0.009956101694915254,25.07242548579973,1.716,15.0,0.2
goe382,1000000,ok,,1000000.0,False,-1.0169491525423728,0.49892372881355934,0.010004406779661017,25.06044535276905,1.7669,15.0,0.20029065707316576
mh126,1000000,ok,,1000000.0,False,-2.0847457627118646,0.5282423728813559,0.009992203389830508,25.04129267573537,1.509,15.0,0.17851286987106482
goe611,1000000,ok,,1000000.0,False,-0.8142962417096538,0.5597274134119381,0.00988743551952837,25.040327741912837,1.5291979933110367,13.996655518394647,0.128990028
goe481a,1000000,ok,,1000000.0,False,1.1186440677966107,0.4683694915254238,0.010007457627118644,24.99848931773193,0.8832,6.0,0.15315942245336298
n64212ma,1000000,ok,,1000000.0,False,2.186440677966102,0.5154847457627119,0.010050847457627118,24.994786983268757,1.4992,15.0,0.11962848305476545
s1210,1000000,ok,,1000000.0,False,-4.034068363471459,0.5855610056119267,0.009802096253046878,24.97602354819959,2.1772729096989965,13.996655518394647,0.11996494893942536
goe16k,1000000,ok,,1000000.0,False,-0.30508474576271194,0.46305197740112997,0.010011581920903954,24.97183635171509,1.304,15.0,0.1815
goe386,1000000,ok,,1000000.0,False,-0.30508474576271194,0.5328101694915255,0.010069830508474577,24.938082261462014,1.7572,15.0,0.20260365162397287
gu255118,1000000,ok,,1000000.0,False,-0.028909925741172238,0.6298070517544355,0.00948319142905731,24.927384825416294,1.6716983277591972,10.013377926421402,0.19988
e421,1000000,ok,,1000000.0,False,-3.2858681480641687,0.5464545037129414,0.010045803525877217,24.92128707671096,2.049730769230769,14.016722408026755,0.14526918474044317
ea81006,1000000,ok,,1000000.0,False,3.28297715549005,0.3698429624170963,0.009398614591009576,24.920236138963496,0.8399847826086956,8.043478260869565,0.06
rhodesg34,1000000,ok,,1000000.0,False,-1.4835893656822172,0.49561480641686984,0.010154507680970466,24.87030394366569,1.5141688963210702,13.03344481605351,0.1407
goe573,1000000,ok,,1000000.0,False,0.23779831075335878,0.5480585454339324,0.010119148574343859,24.832268157715713,1.5116471571906356,9.046822742474916,0.140975884940012
naca2424,1000000,ok,,1000000.0,False,4.677966101694915,0.4398830508474576,0.010021186440677966,24.82383185625843,1.2876,15.0,0.24013174858108471
goe384,1000000,ok,,1000000.0,False,-1.3728813559322033,0.547793220338983,0.010133050847457628,24.81762253364972,1.8371,15.0,0.19534220544653585
goe744,1000000,ok,,1000000.0,False,1.4745762711864403,0.5325271186440678,0.010203389830508475,24.78382279965546,1.6533,15.0,0.1448
glennmartin2,1000000,ok,,1000000.0,False,0.1187007539255136,0.4994672807663964,0.010239496060314041,24.768411537803306,1.3906140468227426,12.050167224080266,0.13470000000000001
goe630,1000000,ok,,1000000.0,False,-1.7169094722521407,0.5869469247775069,0.009992976588628763,24.765209899298195,1.7752494983277594,12.050167224080266,0.12542822445289234
goe140,1000000,ok,,1000000.0,False,0.8162802562213027,0.6304722294654498,0.009691068533529846,24.71771157764624,1.4948628762541807,12.040133779264215,0.0877516267612367
wb140,1000000,ok,,1000000.0,False,0.39963720877501174,0.49893748086843137,0.010281916558018252,24.715941720005688,1.353941806020067,11.979933110367892,0.13925
ua79sf18,1000000,ok,,1000000.0,False,0.08536931012981164,0.5040967178731366,0.0103,24.697481766219834,0.9063160535117057,3.9732441471571907,0.1876949656750572
goe29b,1000000,ok,,1000000.0,False,-0.3752621733461825,0.573932481151862,0.010141404682274247,24.687652588351007,1.7638220735785952,13.97658862876254,0.09421001993631095
s4095,1000000,ok,,1000000.0,False,1.775749674054759,0.45444693611473275,0.010221512385919165,24.646281931433435,1.6824759197324415,13.946488294314381,0.09696697546781775
usa35a,1000000,ok,,1000000.0,False,-1.5895357406042745,0.5216212969786292,0.010343058216654386,24.64066206511414,1.8251247491638796,14.016722408026755,0.1817331035554247
fx73cl2152,1000000,ok,,1000000.0,False,-3.2858681480641687,0.5502956068250099,0.010331467037016042,24.58817184791455,2.19996889632107,14.016722408026755,0.15210272400143937
goe513,1000000,ok,,1000000.0,False,2.186440677966102,0.4878694915254238,0.010390338983050848,24.564541785035154,1.6139,15.0,0.16616117301811537
naca633218,1000000,ok,,1000000.0,False,3.2542372881355934,0.5213440677966102,0.010409830508474577,24.563436617306827,1.2727,15.0,0.17997446372837506
usa35,1000000,ok,,1000000.0,False,-1.2502692591122955,0.5597188197947962,0.010345070007369197,24.53799628169416,1.825918060200669,14.016722408026755,0.18175556465002168
goe235,1000000,ok,,1000000.0,False,1.8305084745762707,0.5340491525423728,0.010416101694915254,24.53797822842131,1.5603,15.0,0.065432783465543
goe304,1000000,ok,,1000000.0,False,0.0847457627118644,0.6882474576271186,0.00922,24.52131891983524,1.8197,15.0,0.08978282249137462
naca001065,1000000,ok,,1000000.0,False,3.9637208775012756,0.38623924947565336,0.009829730174026417,24.49910393844122,1.253246822742475,12.963210702341136,0.1
la5055,1000000,ok,,1000000.0,False,1.1186440677966099,0.5809864406779661,0.010356949152542372,24.42407644193718,1.372,14.0,0.1593
2032c,1000000,ok,,1000000.0,False,-0.8776713338246127,0.6087188651436994,0.01021213706705969,24.39226868080909,1.6221608695652174,9.521739130434783,0.0796
e61,1000000,ok,,1000000.0,False,-1.0,0.8371,0.00646,24.375815001783838,1.5694,8.0,0.05672532265168199
goe441,1000000,ok,,1000000.0,False,-3.4287171929028966,0.5633255257638455,0.010510051017516014,24.347982707009844,2.057534113712374,12.963210702341136,0.15974954138686787
npl9510,1000000,ok,,1000000.0,False,1.7781304914687368,0.42987311943767353,0.010333597868601553,24.30557510831741,1.320834448160535,10.996655518394647,0.110759030251595
goe124,1000000,ok,,1000000.0,False,0.47446289892863214,0.6332307748993822,0.010128090811178504,24.27787621090896,1.711486287625418,13.996655518394649,0.07918304350555166
naca4424,1000000,ok,,1000000.0,False,3.610169491525424,0.5046644067796611,0.01065915254237288,24.271121567974966,1.3721,15.0,0.24032807275841217
b707a,1000000,ok,,1000000.0,False,4.645825066606202,0.4519970296468454,0.010500621279972791,24.262418792970024,1.1752789297658863,13.03344481605351,0.1142907
goe625,1000000,ok,,1000000.0,False,-1.0169491525423728,0.5113457627118644,0.010681016949152543,24.251917134505256,1.7779,15.0,0.2
fx72ls160,1000000,ok,,1000000.0,False,-2.7430417776770026,0.5971182869451845,0.010472142168811292,24.215195475264064,1.8602371237458195,10.013377926421402,0.16009795273075694
goe803h,1000000,ok,,1000000.0,False,0.0,0.7572,0.00847,24.204882348075227,1.9368,15.0,0.063
goe234,1000000,ok,,1000000.0,False,-3.557281333257752,0.6551763392097953,0.010006912306558586,24.188327419235122,1.922579264214047,10.013377926421402,0.14265973333095297
fx73cl3152,1000000,ok,,1000000.0,False,-2.7966101694915255,0.5576627118644069,0.010687118644067796,24.182147326758038,2.1701,15.0,0.15210552716804607
bambino6,1000000,ok,,1000000.0,False,4.067796610169491,0.41032881355932205,0.01028677966101695,24.156884972285273,0.4726,5.0,0.12
ua2-180sm,1000000,ok,,1000000.0,False,-2.952553710107137,0.2980614307578935,0.008810516410634316,24.14357585053645,1.712705016722408,11.979933110367892,0.18166485259472587
glennmartin3,1000000,ok,,1000000.0,False,0.7627118644067794,0.46334406779661014,0.010666440677966101,24.12170674540207,1.6698,15.0,0.13770000000000002
ah93w300,1000000,ok,,1000000.0,False,0.7627118644067794,0.4758813559322033,0.01072593220338983,24.111604051983797,1.5575,15.0,0.29982737583892616
naca23024,1000000,ok,,1000000.0,False,5.389830508474576,0.44004915254237287,0.010555084745762713,24.099202579399677,1.2969,15.0,0.23994757543415804
fx77w258,1000000,ok,,1000000.0,False,0.39963720877501174,0.502013961793549,0.010855858511422253,24.038972593571778,1.7748177257525084,11.979933110367892,0.2612412475506205
ah94w301,1000000,ok,,1000000.0,False,1.775749674054759,0.4852668839634941,0.010819452411994784,24.03612943541049,1.645538127090301,13.946488294314381,0.30091422599608103
lnv109a,1000000,ok,,1000000.0,False,1.4043988436029702,0.561291145626665,0.010846108497250723,24.005820902756493,1.822615719063545,12.993311036789297,0.12977523031526636
rhodesg36,1000000,ok,,1000000.0,False,-2.0228445099484165,0.5146026188991554,0.010909272716966158,23.995316569685233,1.6918120401337793,12.050167224080266,0.1617045165585831
e423,1000000,ok,,1000000.0,False,-4.171532226064283,0.6401369310129811,0.010410108837367496,23.962108315945823,2.0191347826086954,11.979933110367892,0.12520251857552783
goe381,1000000,ok,,500000.0,True,1.0,0.6668,0.01018,23.9245464071914,1.3323946488294314,8.010033444816052,0.063794774
goe711,1000000,ok,,1000000.0,False,-1.1001077036449178,0.5672583356952553,0.01091710447253557,23.914362101275785,1.6058866220735788,13.013377926421406,0.1485
goe514,1000000,ok,,1000000.0,False,0.6101694915254239,0.4263618644067797,0.010599237288135593,23.909647590195842,0.9284,7.0,0.1657303249814287
goe242,1000000,ok,,1000000.0,False,-3.4644294541125786,0.6071522249305595,0.010738362337735955,23.898139818415654,1.8489200668896322,8.959866220735785,0.16171513451977457
fx74cl6140,1000000,ok,,1000000.0,False,-1.4109744345558646,0.6284283090527748,0.010582889291990251,23.897936454426056,2.0529799331103677,12.050167224080266,0.14049798824297846
eiffel430,1000000,ok,,1000000.0,False,0.05084745762711851,0.4690372881355932,0.010898305084745763,23.867557406649215,1.6734,15.0,0.0970602869473576
as6094,1000000,ok,,1000000.0,False,0.0,0.8444,0.0071,23.806153670062436,2.009020401337793,14.046822742474916,0.041289551191150235
goe448,1000000,ok,,1000000.0,False,-3.962020293634148,0.6939689189955218,0.010126585794456097,23.69419982080729,1.7990488294314382,9.030100334448159,0.12879036091767804
goe572,1000000,ok,,1000000.0,False,0.04965704892012823,0.5437208491582108,0.011192979422935208,23.685536472059653,1.582938795986622,10.996655518394647,0.1858893366582571
goe435,1000000,ok,,1000000.0,False,-0.6610169491525424,0.5437050847457627,0.01122,23.657705934141106,1.7152,15.0,0.260438669171041
ui1720,1000000,ok,,1000000.0,False,0.40677966101694896,0.5518406779661017,0.01129,23.576094408932402,2.0763,15.0,0.13810598866816293
goe802,1000000,ok,,1000000.0,False,0.44606314834759964,0.6856436199761918,0.01040813559322034,23.551029794845313,1.710466220735786,14.016722408026755,0.098
goe801,1000000,ok,,1000000.0,False,0.44606314834759964,0.6856436199761918,0.01040813559322034,23.551029794845313,1.710466220735786,14.016722408026755,0.098
goe217,1000000,ok,,1000000.0,False,-2.6073351850802107,0.5619150331613854,0.011329007425882887,23.518724236592856,1.9915565217391304,14.016722408026755,0.18987180445890167
usa32,1000000,ok,,1000000.0,False,-0.12317895810895063,0.5950899212062809,0.011244053058216656,23.489293003155872,1.6900448160535118,12.983277591973245,0.14720906404980066
goe243,1000000,ok,,1000000.0,False,-4.220338983050848,0.6041661016949152,0.011215593220338983,23.47265585191602,1.9583,15.0,0.19001821028174468
fxm2,1000000,ok,,1000000.0,False,0.7627118644067796,0.6447152542372881,0.01097864406779661,23.42958734644992,1.9681,15.0,0.08382222222222221
goe482,1000000,ok,,1000000.0,False,-3.107306842015759,0.6483528654838161,0.010946964457797177,23.429403895041162,1.9192622073578596,12.963210702341136,0.16516730423034587
goe241,1000000,ok,,1000000.0,False,-4.576271186440678,0.5560898305084745,0.01153322033898305,23.328532497859612,2.0379,15.0,0.18854650161069644
isa960,1000000,ok,,1000000.0,False,-0.5717362961283383,0.5063520492035598,0.011532740207471233,23.29740355225566,1.4956765886287626,10.013377926421402,0.09444794868529474
goe523,1000000,ok,,1000000.0,False,-5.321467037016042,0.6484103622243638,0.011123958959242673,23.280086092899342,2.1058983277591974,14.016722408026755,0.16469328199672845
goe525,1000000,ok,,1000000.0,False,-5.321467037016042,0.6484103622243638,0.011123958959242673,23.280086092899342,2.1058983277591974,14.016722408026755,0.16469328199672845
fx69pr281,1000000,ok,,1000000.0,False,-1.0169491525423728,0.4906881355932204,0.011513389830508475,23.26250977851571,1.5247,15.0,0.2812301579541181
goe320,1000000,ok,,1000000.0,False,-0.30508474576271194,0.5807220338983051,0.011578983050847457,23.231427581156,1.8723,15.0,0.12328413926638611
usa31,1000000,ok,,1000000.0,False,-1.0169491525423728,0.6284661016949152,0.011414915254237289,23.164766923419048,1.6525,15.0,0.14855131463021404
as6099,1000000,ok,,1000000.0,False,-2.067796610169492,0.8365593220338983,0.008286949152542375,23.152634577963813,2.1561,15.0,0.061962502156307574
fx63143,1000000,ok,,1000000.0,False,1.8305084745762707,0.5024338983050847,0.011722372881355933,23.082755570245464,1.318,15.0,0.14317455331412104
fx63158,1000000,ok,,1000000.0,False,-0.25423728813559343,0.5633237288135593,0.011795254237288137,23.066658170330737,1.5742,15.0,0.15813356388088376
goe511,1000000,ok,,1000000.0,False,0.7118644067796618,0.528077966101695,0.011848305084745762,23.01590613246228,0.9549,6.0,0.1661327145596357
raf19,1000000,ok,,1000000.0,False,-1.9349243240179126,0.6715513859758517,0.011242082648375942,23.00932208708087,1.5831140468227427,8.989966555183948,0.10500000000000001
fx63145,1000000,ok,,1000000.0,False,-0.7133949322600759,0.5151583356952553,0.011837321013547985,23.00144805372775,1.5769789297658863,11.989966555183948,0.14465875405580791
e862,1000000,ok,,1000000.0,False,4.322033898305085,0.5309389830508474,0.011900508474576271,22.96766577548348,1.3894,15.0,0.32340490664145594
ua2-180,1000000,ok,,1000000.0,False,0.09489257978572585,0.6256257638455869,0.011750217674734992,22.896707324727284,1.6243628762541806,11.979933110367892,0.18122924965893586
goe199,1000000,ok,,500000.0,True,1.9661016949152543,0.7156847457627119,0.010904406779661018,22.876741978475625,0.9347,4.0,0.07329777821057894
fx72150a,1000000,ok,,1000000.0,False,-1.9526103962360413,0.7732251459667819,0.010110618445666344,22.809409468820427,1.8167107023411373,8.046822742474916,0.15010792717981478
goe92,1000000,ok,,500000.0,True,1.0,0.6431,0.01176,22.792250790435077,1.3734448160535115,9.02675585284281,0.08768358927114578
glennmartin4,1000000,ok,,1000000.0,False,1.7781304914687368,0.49376059747179857,0.011975689586758119,22.77896515397088,1.4283023411371236,10.996655518394647,0.1549
goe198,1000000,ok,,1000000.0,False,1.0316308599285753,0.8177962247038151,0.009593184059860552,22.588859992747572,1.797342474916388,13.983277591973243,0.07765030356691581
goe518,1000000,ok,,1000000.0,False,1.1186440677966099,0.5420576271186441,0.01251271186440678,22.395655363248093,1.727,15.0,0.1799083868266887
ch10sm,1000000,ok,,1000000.0,False,-4.271526557451391,0.7525870188764809,0.01110073408536931,22.374074350593677,2.0543953177257523,10.996655518394647,0.128353685674548
e420,1000000,ok,,1000000.0,False,-4.067796610169491,0.6742050847457627,0.012139830508474577,22.305542330092354,2.1764,13.0,0.14337464517572923
fx77w270s,1000000,ok,,1000000.0,False,1.8305084745762707,0.5307813559322033,0.012744576271186442,22.158164879829055,1.8278,15.0,0.2710560715426381
naca001066,1000000,ok,,1000000.0,False,3.9661016949152543,0.4768728813559322,0.01248186440677966,22.149093263315,1.2926,15.0,0.1
e863,1000000,ok,,1000000.0,False,4.677966101694915,0.5519864406779661,0.01305949152542373,21.91928650868122,1.2955,15.0,0.3571895443645084
fx2,1000000,ok,,1000000.0,False,2.898305084745763,0.7261983050847458,0.012225593220338983,21.867686710574745,1.213,15.0,0.20435360711002146
fx77w270,1000000,ok,,1000000.0,False,0.09489257978572585,0.5024316535343801,0.013086862989626438,21.7211059410974,1.9167397993311035,11.979933110367892,0.27115572341105076
goe14,1000000,ok,,1000000.0,False,1.8305084745762707,0.8406237288135593,0.010769745762711867,21.617429814437227,1.9411,15.0,0.09891046441797617
fxs02196,1000000,ok,,1000000.0,False,0.7627118644067794,0.5371423728813559,0.013409830508474576,21.580863678854506,1.2995,15.0,0.19585995837335896
fx72150b,1000000,ok,,1000000.0,False,-3.6953687432685225,0.6709210362224364,0.013178943370557224,21.580484959736513,2.0872478260869562,10.996655518394647,0.15010792717981478
fg4,1000000,ok,,1000000.0,False,2.5423728813559325,0.5494559322033898,0.013627627118644068,21.42970630661737,1.5124,15.0,0.127
l1003,1000000,ok,,1000000.0,False,2.35780284564367,0.6271427583470325,0.013728254634091037,21.34773529878367,1.1457672240802674,6.976588628762542,0.17685
s1223rtl,1000000,ok,,1000000.0,False,-3.5084745762711864,0.6890542372881356,0.013505423728813559,21.26911086669674,2.4321,15.0,0.13502623438621442
mi-strut1,1000000,ok,,1000000.0,False,6.101694915254237,0.4691745762711864,0.013451694915254239,21.124301533473503,1.0533,15.0,0.3295513535911602
s4096,1000000,ok,,1000000.0,False,2.481662037299472,0.549629272716966,0.014024498611189842,21.103572701009593,1.7566083612040135,14.016722408026755,0.12469455562857362
fx77w343,1000000,ok,,1000000.0,False,0.10679666685562061,0.5434787143585965,0.014065534266764922,21.050463416915328,1.8318844481605352,12.963210702341136,0.34365663685723413
e864,1000000,ok,,1000000.0,False,5.195793889235304,0.5378410294201009,0.01420139221132589,20.918551806978133,1.1581739130434783,14.016722408026755,0.3881694548097892
goe244,1000000,ok,,1000000.0,False,-3.7417946828411086,0.8320329969956353,0.012421138257468397,20.818499407936518,2.1730772575250836,13.03344481605351,0.1767768137156607
s1223,1000000,ok,,1000000.0,False,-2.9466016665721897,0.7893539255144266,0.013234320049883792,20.758339444031165,2.397191304347826,14.016722408026755,0.12140038664098121
m27,1000000,ok,,500000.0,True,2.288135593220339,0.764564406779661,0.013871186440677965,20.59153234462579,1.0518,5.0,0.11945161335237348
jn153,1000000,ok,,1000000.0,False,-1.8061901252763448,0.6677695652173914,0.014914023581429623,20.448311308005287,2.222333110367893,13.03344481605351,0.17567131914613282
goe464,1000000,ok,,1000000.0,False,-1.084745762711865,0.7808779661016948,0.014312372881355933,20.243442588914853,1.3049,4.0,0.07649574161386823
as6098,1000000,ok,,1000000.0,False,0.0,1.0737,0.00744,20.140794034382008,2.1678,15.0,0.052233296017197714
goe571,1000000,ok,,1000000.0,False,1.8305084745762707,0.5957745762711864,0.01727305084745763,18.976155951221198,1.6007,15.0,0.2489443468926519
hs1430,1000000,ok,,1000000.0,False,2.898305084745763,0.48506610169491526,0.016238813559322034,18.947398482653313,1.3789,15.0,0.29996
goe531,1000000,ok,,1000000.0,False,-1.9288022220962535,0.9756780284564367,0.01421576044441925,18.729702811859905,1.8381528428093645,14.016722408026755,0.13770040933023225
goe561,1000000,ok,,1000000.0,False,2.898305084745763,0.7432457627118645,0.018038305084745763,18.572707292987516,1.5056,15.0,0.24936761727147227
m26,1000000,ok,,500000.0,True,2.0,0.6869,0.01912,18.12707959798163,0.6869,2.0,0.08300127412741275
goe462,1000000,ok,,1000000.0,False,-1.950399637208775,0.9214504449861118,0.0187767513179525,17.53133114559088,1.8633896321070234,6.993311036789297,0.10984160465873241
fx74modsm,1000000,ok,,1000000.0,False,0.0,1.2261,0.01105,17.30185094902105,2.213992976588629,10.986622073578596,0.13077678571428572
goe570,1000000,ok,,1000000.0,False,5.033898305084746,0.5589677966101696,0.03303491525423728,12.294002294583137,1.3017,15.0,0.337
ah93w480b,1000000,ok,,1000000.0,False,2.898305084745763,0.8489559322033899,0.04217864406779661,11.981522987374415,1.7734,15.0,0.47833595193454176
fx79w660a,1000000,ok,,1000000.0,False,15.0,0.7913,0.12773,5.183959368984888,0.7913,15.0,0.663885515970516
ah7476,1000000,failed,too few converged polar points,,,,,,,,,
ah81k144wfKlappe,1000000,failed,'NoneType' object is not subscriptable,1000000.0,False,3.9661016949152543,0.5448779661016949,0.01197864406779661,22.90211401120921,1.6742,15.0,
apex16_NASA_CR-201062,1000000,failed,'NoneType' object is not subscriptable,1000000.0,False,-0.4576271186440679,0.40449322033898305,0.005891016949152543,32.61768107241312,1.4423,15.0,
b707b,1000000,failed,'NoneType' object is not subscriptable,1000000.0,False,4.677966101694915,0.4171915254237288,0.009289661016949152,25.728991898241542,1.1372,15.0,
b707c,1000000,failed,'NoneType' object is not subscriptable,1000000.0,False,3.064395442435236,0.4911422028229692,0.009393219772121762,25.861724200677184,1.201108695652174,10.989966555183948,
b737a,1000000,failed,'NoneType' object is not subscriptable,1000000.0,False,3.2542372881355934,0.49940000000000007,0.009636101694915255,25.532445665854574,1.526,15.0,
b737c,1000000,failed,'NoneType' object is not subscriptable,1000000.0,False,2.5139164446459956,0.4008222606428208,0.005683190862196021,33.192771416729926,1.299051839464883,12.013377926421406,
bte-fk,1000000,failed,'NoneType' object is not subscriptable,1000000.0,False,1.8305084745762707,0.4205983050847457,0.006653050847457627,30.71900407906461,1.576,15.0,
cal1215j,1000000,failed,'NoneType' object is not subscriptable,1000000.0,False,1.1186440677966099,0.3554033898305084,0.00521864406779661,34.69238177949432,1.3563,15.0,
cal2263m,1000000,failed,'NoneType' object is not subscriptable,1000000.0,False,0.05084745762711851,0.38769830508474573,0.005198644067796611,34.68005349378481,1.5133,15.0,
cal4014l,1000000,failed,'NoneType' object is not subscriptable,1000000.0,False,2.186440677966102,0.3323406779661017,0.005304576271186441,34.26455680725886,1.401,15.0,
cap21c,1000000,failed,'NoneType' object is not subscriptable,1000000.0,False,3.9661016949152543,0.5456508474576272,0.011116440677966102,23.762244452283284,1.7056,15.0,
chen,1000000,failed,too few converged polar points,,,,,,,,,
clarkk,1000000,failed,'NoneType' object is not subscriptable,1000000.0,False,0.7627118644067794,0.46908813559322027,0.008115084745762714,27.805486385230743,1.509,15.0,
coanda3,1000000,failed,too few converged polar points,,,,,,,,,
dae41,1000000,failed,'NoneType' object is not subscriptable,1000000.0,False,0.7627118644067794,0.39884745762711865,0.005309322033898305,34.26852501039629,1.502,15.0,
dai1238,1000000,failed,'NoneType' object is not subscriptable,1000000.0,False,-1.0169491525423728,0.5058491525423728,0.006942542372881356,29.54067563858022,1.688,15.0,
dai1335,1000000,failed,'NoneType' object is not subscriptable,1000000.0,False,-0.5717362961283383,0.5230077149821438,0.008055911229522136,27.6144989894128,1.6161876254180603,10.013377926421402,
dai1336,1000000,failed,'NoneType' object is not subscriptable,1000000.0,False,-0.6610169491525424,0.5096779661016949,0.007736101694915254,28.202497188453368,1.636,15.0,
davissm,1000000,failed,too few converged polar points,,,,,,,,,
dbln526,1000000,failed,too few converged polar points,,,,,,,,,
dga1138,1000000,failed,too few converged polar points,,,,,,,,,
dga1182,1000000,failed,'NoneType' object is not subscriptable,1000000.0,False,3.2711864406779663,0.43104067796610174,0.010621525423728814,23.927939504365227,0.929,8.0,
dormoy,1000000,failed,too few converged polar points,,,,,,,,,
du861372,1000000,failed,'NoneType' object is not subscriptable,1000000.0,False,5.338983050847458,0.5635050847457627,0.011946101694915253,22.924848883561097,1.1479,15.0,
e184,1000000,failed,too few converged polar points,,,,,,,,,
e377m,1000000,failed,too few converged polar points,,,,,,,,,
e49,1000000,failed,too few converged polar points,,,,,,,,,
e664ex,1000000,failed,'NoneType' object is not subscriptable,1000000.0,False,-6.0,0.8436,0.00892,22.65543998644543,2.086897993311037,10.013377926421402,
e850,1000000,failed,too few converged polar points,,,,,,,,,
ebambino7,1000000,failed,too few converged polar points,,,,,,,,,
eiffel10,1000000,failed,too few converged polar points,,,,,,,,,
eiffel428,1000000,failed,'NoneType' object is not subscriptable,1000000.0,False,-1.9430871265801262,0.2710303214103509,0.005337737656595429,32.81033739742705,1.4233966555183946,13.946488294314381,
fx049915,1000000,failed,'NoneType' object is not subscriptable,1000000.0,False,0.7853296298395778,0.5295020066889632,0.010464401111048127,24.49123276779776,1.565115384615385,10.013377926421402,
fx057816,1000000,failed,'NoneType' object is not subscriptable,1000000.0,False,1.8602686922510054,0.6650920129244373,0.009745405022391022,24.32149869167519,1.3976882943143814,8.959866220735785,
fx082512,1000000,failed,'NoneType' object is not subscriptable,1000000.0,False,-1.9288022220962535,0.4283884020180262,0.0060978640666628885,31.969859933337407,1.6254722408026756,14.016722408026755,
goe05k,1000000,failed,too few converged polar points,,,,,,,,,
goe09k,1000000,failed,too few converged polar points,,,,,,,,,
goe10k,1000000,failed,too few converged polar points,,,,,,,,,
goe114,1000000,failed,too few converged polar points,,,,,,,,,
goe123,1000000,failed,too few converged polar points,,,,,,,,,
goe15,1000000,failed,too few converged polar points,,,,,,,,,
goe180,1000000,failed,too few converged polar points,,,,,,,,,
goe188,1000000,failed,too few converged polar points,,,,,,,,,
goe207,1000000,failed,too few converged polar points,,,,,,,,,
goe229,1000000,failed,'NoneType' object is not subscriptable,1000000.0,False,-2.9466016665721897,0.42097283600702906,0.009479515333597869,25.4659677687945,1.488511371237458,14.016722408026755,
goe240,1000000,failed,too few converged polar points,,,,,,,,,
goe274,1000000,failed,too few converged polar points,,,,,,,,,
goe275,1000000,failed,too few converged polar points,,,,,,,,,
goe280,1000000,failed,too few converged polar points,,,,,,,,,
goe330,1000000,failed,too few converged polar points,,,,,,,,,
goe331,1000000,failed,too few converged polar points,,,,,,,,,
goe359,1000000,failed,too few converged polar points,,,,,,,,,
goe360,1000000,failed,too few converged polar points,,,,,,,,,
goe366,1000000,failed,too few converged polar points,,,,,,,,,
goe370,1000000,failed,too few converged polar points,,,,,,,,,
goe373,1000000,failed,too few converged polar points,,,,,,,,,
goe374,1000000,failed,too few converged polar points,,,,,,,,,
goe375,1000000,failed,too few converged polar points,,,,,,,,,
goe376,1000000,failed,too few converged polar points,,,,,,,,,
goe388,1000000,failed,too few converged polar points,,,,,,,,,
goe396,1000000,failed,too few converged polar points,,,,,,,,,
goe401,1000000,failed,too few converged polar points,,,,,,,,,
goe403,1000000,failed,too few converged polar points,,,,,,,,,
goe411,1000000,failed,too few converged polar points,,,,,,,,,
goe417,1000000,failed,too few converged polar points,,,,,,,,,
goe417a,1000000,failed,too few converged polar points,,,,,,,,,
goe419,1000000,failed,too few converged polar points,,,,,,,,,
goe440,1000000,failed,'NoneType' object is not subscriptable,1000000.0,False,0.0,1.1793,0.01154,17.63409608721565,1.5000317725752508,5.969899665551839,
goe444,1000000,failed,too few converged polar points,,,,,,,,,
goe445,1000000,failed,too few converged polar points,,,,,,,,,
goe456,1000000,failed,too few converged polar points,,,,,,,,,
goe477,1000000,failed,'NoneType' object is not subscriptable,1000000.0,False,-0.5907828354401676,0.47767729720537383,0.007138561872909698,29.454651814872427,1.4384752508361205,13.946488294314381,
goe480,1000000,failed,'NoneType' object is not subscriptable,1000000.0,False,-0.6610169491525424,0.5036661016949153,0.008781016949152542,26.684854910251666,1.5838,15.0,
goe481,1000000,failed,'NoneType' object is not subscriptable,1000000.0,False,1.1186440677966099,0.8218864406779661,0.023054406779661016,16.460249326699014,1.6925,15.0,
goe490,1000000,failed,too few converged polar points,,,,,,,,,
goe494,1000000,failed,too few converged polar points,,,,,,,,,
goe507,1000000,failed,'NoneType' object is not subscriptable,1000000.0,False,1.8305084745762707,0.5209101694915254,0.005531694915254238,31.902358653168914,1.3829,15.0,
goe517,1000000,failed,'NoneType' object is not subscriptable,1000000.0,False,-0.47162859248341915,0.40686374355195287,0.006925106853352985,30.112049852029795,1.336068227424749,12.013377926421406,
goe54,1000000,failed,too few converged polar points,,,,,,,,,
goe559,1000000,failed,too few converged polar points,,,,,,,,,
goe584,1000000,failed,'NoneType' object is not subscriptable,1000000.0,False,-0.30508474576271194,0.46731525423728815,0.008224915254237287,27.62870551428069,1.5065,15.0,
goe590,1000000,failed,too few converged polar points,,,,,,,,,
goe63,1000000,failed,too few converged polar points,,,,,,,,,
goe746,1000000,failed,too few converged polar points,,,,,,,,,
goe765,1000000,failed,'NoneType' object is not subscriptable,1000000.0,False,2.8721160931919947,0.36945492319029516,0.007912116093191994,27.68871933289639,1.3373645484949832,12.050167224080266,
goe79,1000000,failed,too few converged polar points,,,,,,,,,
goe802a,1000000,failed,'NoneType' object is not subscriptable,1000000.0,False,1.7796610169491522,0.8543542372881356,0.010161355932203391,21.7925293291439,1.7085,15.0,
goe802b,1000000,failed,'NoneType' object is not subscriptable,1000000.0,False,1.9925741171135423,0.8631403321807154,0.0045073150615044496,25.27469916486279,1.5898421404682275,11.02675585284281,
goe81,1000000,failed,too few converged polar points,,,,,,,,,
griffith30SymSuction,1000000,failed,'NoneType' object is not subscriptable,1000000.0,False,7.169491525423728,0.607064406779661,0.03649474576271187,11.866466257226536,0.8149,15.0,
gw19,1000000,failed,'NoneType' object is not subscriptable,1000000.0,False,-2.9049373618275607,0.5598303610906411,0.00811539425202653,27.195263512768893,1.7681130434782608,8.046822742474916,
gw25,1000000,failed,'NoneType' object is not subscriptable,1000000.0,False,-2.943030440451222,0.5520683464656199,0.007930436483192563,27.524661212310377,1.7671127090301004,9.030100334448159,
gw27,1000000,failed,'NoneType' object is not subscriptable,1000000.0,False,-2.7966101694915255,0.5227118644067796,0.007152203389830508,29.001543304492664,1.8037,15.0,
gw30,1000000,failed,'NoneType' object is not subscriptable,1000000.0,False,-2.0847457627118646,0.46535762711864403,0.006617118644067797,30.54795238650938,1.7509,15.0,
gw31,1000000,failed,'NoneType' object is not subscriptable,1000000.0,False,-1.3728813559322033,0.43396101694915257,0.006996101694915254,29.950648844818048,1.8102,15.0,
hq07,1000000,failed,too few converged polar points,,,,,,,,,
hs1404,1000000,failed,too few converged polar points,,,,,,,,,
legionair140_sm,1000000,failed,'NoneType' object is not subscriptable,1000000.0,False,0.18337962700527122,0.3528703191429056,0.005442349073181792,33.940472604497444,1.375900668896321,11.989966555183944,
m19,1000000,failed,too few converged polar points,,,,,,,,,
m22,1000000,failed,too few converged polar points,,,,,,,,,
m23,1000000,failed,too few converged polar points,,,,,,,,,
m25,1000000,failed,too few converged polar points,,,,,,,,,
m8,1000000,failed,'NoneType' object is not subscriptable,1000000.0,False,1.4745762711864403,0.7119440677966101,0.006551186440677967,26.64593129091423,1.7698,15.0,
ma409,1000000,failed,'NoneType' object is not subscriptable,1000000.0,False,-0.4237288135593218,0.48665932203389833,0.005903559322033899,31.751733352574814,1.0176,5.0,
mrc12,1000000,failed,'NoneType' object is not subscriptable,1000000.0,False,0.05084745762711851,0.37466610169491527,0.005346610169491525,34.272603879938046,1.4948,15.0,
mrc15,1000000,failed,'NoneType' object is not subscriptable,1000000.0,False,1.8305084745762707,0.32602711864406775,0.005316271186440678,34.15483597341697,1.2928,15.0,
mrc16-85,1000000,failed,'NoneType' object is not subscriptable,1000000.0,False,0.10679666685562061,0.3405155943540616,0.005085631200045349,35.10770549091819,1.4595605351170569,14.016722408026755,
mrc16-95,1000000,failed,'NoneType' object is not subscriptable,1000000.0,False,0.40677966101694896,0.37183389830508473,0.005446949152542373,33.96314818132954,1.4832,15.0,
mrc20-700,1000000,failed,'NoneType' object is not subscriptable,1000000.0,False,0.5881752735105721,0.46717094269032367,0.004974159061277705,34.20493437642816,1.4731501672240803,14.046822742474916,
mrc20-846,1000000,failed,'NoneType' object is not subscriptable,1000000.0,False,0.1864406779661012,0.4240440677966101,0.005498813559322034,33.512368121029596,1.4915,15.0,
n1h15,1000000,failed,'NoneType' object is not subscriptable,1000000.0,False,1.8305084745762707,0.5393423728813559,0.007908644067796611,27.683005053951675,1.303,15.0,
n2h15,1000000,failed,too few converged polar points,,,,,,,,,
n63210,1000000,failed,too few converged polar points,,,,,,,,,
naca16006,1000000,failed,too few converged polar points,,,,,,,,,
naca653618,1000000,failed,'NoneType' object is not subscriptable,1000000.0,False,-0.6610169491525424,0.4345271186440678,0.007040338983050848,29.858246230384495,1.36,15.0,
r1145ms,1000000,failed,'NoneType' object is not subscriptable,1000000.0,False,0.05084745762711851,0.5053949152542373,0.007588983050847457,28.469774129774052,1.5619,15.0,
r1145msf,1000000,failed,'NoneType' object is not subscriptable,1000000.0,False,3.16019500028343,0.3262762315061504,0.009440874100107704,23.856477095089737,0.46487391304347825,14.016722408026755,
r1145msm,1000000,failed,'NoneType' object is not subscriptable,1000000.0,False,11.084745762711865,0.7619627118644068,0.029918983050847458,14.371282597171959,0.8634,15.0,
raf26,1000000,failed,too few converged polar points,,,,,,,,,
raf32,1000000,failed,'NoneType' object is not subscriptable,1000000.0,False,-1.7288135593220337,0.43226440677966105,0.006810169491525424,30.345428543831943,1.4977,15.0,
raf38,1000000,failed,'NoneType' object is not subscriptable,1000000.0,False,1.1186440677966099,0.35052203389830505,0.005474915254237288,33.82246595420757,1.3686,15.0,
raf69,1000000,failed,'NoneType' object is not subscriptable,1000000.0,False,2.5423728813559325,0.4103694915254238,0.007672203389830508,28.551910656075524,1.3345,15.0,
raf6,1000000,failed,'NoneType' object is not subscriptable,1000000.0,False,-0.21914857434385837,0.5709508871379173,0.006555446403265121,29.24058410623335,1.5745966555183946,13.010033444816052,
raf6prop_sm,1000000,failed,'NoneType' object is not subscriptable,1000000.0,False,-0.5907828354401676,0.5445781304914687,0.009441760104302477,25.637195519795615,1.6632879598662207,13.946488294314381,
raf89,1000000,failed,'NoneType' object is not subscriptable,1000000.0,False,3.610169491525424,0.38091864406779663,0.009378305084745762,25.14047082311239,1.2598,15.0,
rc0864c,1000000,failed,too few converged polar points,,,,,,,,,
s1221-4deg-flap,1000000,failed,'NoneType' object is not subscriptable,1000000.0,False,-3.2858681480641687,0.5419807210475597,0.009770064622186951,25.25806263788394,2.1688628762541806,14.016722408026755,
s9104BTE,1000000,failed,'NoneType' object is not subscriptable,1000000.0,False,1.1186440677966099,1.4323101694915252,0.03527610169491526,12.252105367394906,2.8719,15.0,
s9104,1000000,failed,too few converged polar points,,,,,,,,,
sa7024,1000000,failed,'NoneType' object is not subscriptable,1000000.0,False,0.2372881355932206,0.4457271186440678,0.005075254237288136,34.3390331109882,1.2765,9.0,
sa7025,1000000,failed,'NoneType' object is not subscriptable,1000000.0,False,0.08474576271186418,0.4366050847457627,0.002046101694915254,45.33429759980223,1.2916,10.0,
sa7026,1000000,failed,'NoneType' object is not subscriptable,1000000.0,False,0.06184456663454352,0.4617471345161838,0.004904643727679838,34.48958473985491,1.3514959866220737,11.97658862876254,
saratov,1000000,failed,'NoneType' object is not subscriptable,1000000.0,False,-2.0847457627118646,0.5747000000000001,0.010553898305084746,24.253728825059557,1.6013,15.0,
sc20402,1000000,failed,too few converged polar points,,,,,,,,,
sc20403,1000000,failed,too few converged polar points,,,,,,,,,
sc20404,1000000,failed,too few converged polar points,,,,,,,,,
stcyr171,1000000,failed,'NoneType' object is not subscriptable,1000000.0,False,3.2542372881355934,0.3516728813559323,0.007558474576271186,28.180498896970338,1.2976,15.0,
t16,1000000,failed,too few converged polar points,,,,,,,,,
ua79sff,1000000,failed,'NoneType' object is not subscriptable,1000000.0,False,6.101694915254237,0.4258627118644068,0.007850508474576271,28.2654322846388,0.4558,8.0,
ua79sfm,1000000,failed,'NoneType' object is not subscriptable,1000000.0,False,-1.2653477694008277,0.3563650870132079,0.004466739413865427,37.434279901804764,0.8044026755852842,3.976588628762542,
usa50,1000000,failed,too few converged polar points,,,,,,,,,
usa98,1000000,failed,'NoneType' object is not subscriptable,1000000.0,False,-2.0847457627118646,0.549950847457627,0.010297966101694915,24.62623705356267,1.8243,15.0,
ys900,1000000,failed,too few converged polar points,,,,,,,,,
