airfoil,Re_requested,status,error,Re_actual,Re_clamped,alpha_deg,CL,CD,L_over_D,CL_max,alpha_stall_deg,t_over_c
sa7038,1000000,ok,,1000000.0,False,-1.2567881639362848,0.2544560172325832,0.0023781225554106913,45.45142138076541,1.483369899665552,13.983277591973245,0.09199457829660668
goe165,1000000,ok,,1000000.0,False,-3.9837310810044784,0.27572159174649963,0.0036510810044782034,37.09862244027142,1.5405234113712374,9.989966555183948,0.12115619654737259
e471,1000000,ok,,1000000.0,False,-3.0,0.3391,0.00352,36.70281154111734,1.3209,7.0,0.06259673617717289
naca65206,1000000,ok,,1000000.0,False,0.8813559322033901,0.2632050847457627,0.003873389830508474,35.9621815428462,0.681,5.0,0.059960151004744555
naca64206,1000000,ok,,1000000.0,False,0.898305084745763,0.26457796610169493,0.003876610169491526,35.956891125134675,0.6889,5.0,0.05989905600022401
ah21-9,1000000,ok,,1000000.0,False,0.09942747009806663,0.2973393118303951,0.0038790629782892126,35.926821395476516,1.2876585284280937,11.993311036789297,0.06999736928370706
naca66206,1000000,ok,,1000000.0,False,0.9322033898305087,0.26911694915254236,0.00399593220338983,35.41943140538658,0.6549,5.0,0.059999760099116534
s6063,1000000,ok,,1000000.0,False,1.0257921886514367,0.281120486366986,0.004063728813559322,35.16513671446198,1.0199702341137122,9.943143812709028,0.06962312325380104
mh30,1000000,ok,,1000000.0,False,0.4576271186440679,0.2608542372881356,0.004057796610169491,35.05128266318079,1.0783,9.0,0.07838249994010468
ag14,1000000,ok,,1000000.0,False,0.16064848931466447,0.2563103168754606,0.004056750184229918,34.995228687270625,1.2692739130434783,10.521739130434781,0.05369695874003098
ag19,1000000,ok,,1000000.0,False,0.03894337055722552,0.2662642990760162,0.004132461878578312,34.766827739878366,1.2284090301003343,10.96655518394649,0.05402066943051563
goe574,1000000,ok,,1000000.0,False,0.10679666685562061,0.4552495663511139,0.002824660166657219,34.665773613659965,1.1879892976588629,12.963210702341136,0.10249280080993702
ag18,1000000,ok,,1000000.0,False,0.5282580352587729,0.31183761691514095,0.004173661357065926,34.60972106933132,1.2937428093645484,10.531772575250837,0.05866731461245367
s2062,1000000,ok,,1000000.0,False,0.3352417663397764,0.27526170851992515,0.00422017175897058,34.456758166057604,1.2122872909698996,10.989966555183944,0.07983643996547574
raf25,1000000,ok,,1000000.0,False,0.8305084745762707,0.2658796610169491,0.0042122033898305085,34.404118216266674,0.8295,7.0,0.06475189438134218
rg14a147,1000000,ok,,1000000.0,False,0.8487047219545385,0.2579309903066721,0.004191585511025452,34.3887974564292,1.0545979933110368,9.003344481605351,0.06995851509375645
sd2030,1000000,ok,,1000000.0,False,0.10679666685562061,0.31452626835213426,0.004232815600022675,34.36307757164263,1.3317033444816053,12.963210702341136,0.08558270399789653
s2055,1000000,ok,,1000000.0,False,0.6232073011734025,0.2736337679269882,0.004252177314211213,34.30638482793919,1.263902675585284,10.989966555183944,0.07985652767071658
naca001034a08cli0.2,1000000,ok,,1000000.0,False,0.898305084745763,0.27780677966101697,0.004278983050847458,34.22347856917299,0.8663,7.0,0.09999415990695912
ag13,1000000,ok,,1000000.0,False,0.5139164446459947,0.2865009126466753,0.0042915883453318975,34.212942817952836,1.2608648829431441,10.013377926421402,0.05833934249936804
ag08,1000000,ok,,1000000.0,False,0.43220338983050777,0.2383305084745762,0.0041418644067796615,34.20879913574044,1.2131,10.5,0.05828949218493054
s2060,1000000,ok,,1000000.0,False,0.3728813559322034,0.2958220338983051,0.004316271186440678,34.125324455919326,1.2406,11.0,0.07997058170457635
naca2408,1000000,ok,,1000000.0,False,0.10679666685562061,0.24665638002380819,0.0042212624000906975,34.03488122924509,1.3693749163879598,12.963210702341136,0.08004388468765333
ag17,1000000,ok,,1000000.0,False,0.6369536874326851,0.3126744685675415,0.004324911286208264,34.03311546061323,1.2953060200668898,10.95819397993311,0.06488084486268997
mh32,1000000,ok,,1000000.0,False,0.1482342270846324,0.29343727112975454,0.004342235134062695,34.02262778756245,1.275628093645485,10.986622073578594,0.08695496183776313
s6062,1000000,ok,,1000000.0,False,1.0677966101694913,0.27646271186440674,0.004331864406779661,33.9916156884194,1.0571,9.0,0.0793935398707134
mh33,1000000,ok,,1000000.0,False,0.9152542372881356,0.23711186440677967,0.0041833898305084745,33.971911323183484,0.9971,9.0,0.0726772819840604
ag12,1000000,ok,,1000000.0,False,0.5193299699563516,0.274645626665155,0.004342371180772065,33.932159267990116,1.2805003344481605,10.506688963210701,0.06235503237490464
goe795sm,1000000,ok,,1000000.0,False,0.1187007539255136,0.33498349866787586,0.004300033444816053,33.901447661632275,1.2803083612040134,12.050167224080266,0.08027693664271718
ag09,1000000,ok,,1000000.0,False,0.5404172099087354,0.2330458930899609,0.004173950456323337,33.89695548033518,1.1837471571906353,9.994983277591972,0.0486233395661265
jx-gs-15,1000000,ok,,1000000.0,False,0.530865597188368,0.2449718099880959,0.0042525933903973705,33.8484850195219,1.1049826086956522,10.020066889632107,0.07599343407396254
ag03,1000000,ok,,1000000.0,False,0.3161385408990416,0.23794296241709648,0.0042143920412675015,33.84543008639362,1.3752093645484949,12.050167224080267,0.06236584658633721
goe598,1000000,ok,,1000000.0,False,1.2711864406779663,0.2549915254237288,0.004331016949152542,33.70727885017088,0.6418,5.0,0.06537364900104413
pfcm,1000000,ok,,1000000.0,False,0.8644067796610164,0.27512881355932195,0.0044022033898305085,33.68783938323359,1.0596,9.0,0.08193
ag04,1000000,ok,,1000000.0,False,0.5191882546340914,0.24131070800975005,0.004301512952780455,33.52618727722985,1.3073591973244147,11.483277591973245,0.06422892855279998
ah21-7,1000000,ok,,1000000.0,False,-0.30508474576271194,0.3350152542372881,0.004421694915254237,33.48874332317092,1.4969,15.0,0.08976669058288961
goe622,1000000,ok,,1000000.0,False,0.0,0.2591,0.00443,33.350873118786,1.2154795986622073,10.033444816053512,0.08
giiig,1000000,ok,,1000000.0,False,1.8305084745762716,0.2992254237288136,0.0045213559322033895,33.341722740951575,0.9424,8.0,0.08286101078872055
ag54,1000000,ok,,1000000.0,False,0.6232073011734025,0.2839501955671446,0.004510586701434159,33.32482727112574,1.3182585284280934,10.989966555183944,0.0753248999254249
giiif,1000000,ok,,1000000.0,False,1.8813559322033893,0.30321016949152535,0.004529322033898305,33.31297596104932,1.0171,9.0,0.08262167613797747
ag53,1000000,ok,,1000000.0,False,0.39963720877501174,0.26199171248795405,0.004453905674281503,33.29939403401065,1.3683822742474916,11.979933110367892,0.08077419359962494
c141c,1000000,ok,,1000000.0,False,1.1186440677966099,0.3018016949152542,0.004537457627118644,33.28346218571037,1.3824,15.0,0.10984653127297939
giiih,1000000,ok,,1000000.0,False,1.6242843376225835,0.27947242219828805,0.004512371180772065,33.28246466498881,1.2229010033444816,11.993311036789297,0.08321936350016676
ag11,1000000,ok,,1000000.0,False,0.6026018933167054,0.28456828977949095,0.004527717249589026,33.26226949855243,1.5691822742474917,14.006688963210701,0.05812335113571157
ag52,1000000,ok,,1000000.0,False,0.730570829318065,0.30577783572359835,0.004543419874156794,33.25937891451218,1.3695548494983276,12.050167224080266,0.08350729115371155
c141d,1000000,ok,,1000000.0,False,0.7627118644067794,0.29907627118644065,0.004555254237288135,33.21606715486356,1.4559,15.0,0.10762492447002964
s2048,1000000,ok,,1000000.0,False,0.09489257978572585,0.3105768663907941,0.004596642480585001,33.060951082669014,1.3125692307692307,11.979933110367892,0.0862730560254881
ag47ct02r,1000000,ok,,1000000.0,False,1.010430247718383,0.24023322374015077,0.004401994784876141,33.0337624844173,1.2806394648829433,11.983277591973245,0.04991365017618022
c141e,1000000,ok,,1000000.0,False,0.40677966101694896,0.3015457627118644,0.004611525423728813,33.013531621313156,1.4629,15.0,0.1050811628674076
giiii,1000000,ok,,1000000.0,False,1.4198174706649285,0.2652265971316819,0.004538539765319426,32.999791502666135,1.3531675585284282,13.03344481605351,0.0845133108995201
mh43,1000000,ok,,1000000.0,False,1.2190918882149537,0.2926123065585851,0.004609154809818038,32.997758817260134,1.1125615384615384,9.996655518394649,0.08493396101837623
ag38,1000000,ok,,1000000.0,False,-0.8574343858057931,0.2518251913156851,0.004481201179071481,32.98191551901973,1.5001364548494982,12.963210702341136,0.07039610803973541
m10,1000000,ok,,1000000.0,False,1.0677966101694916,0.2760813559322034,0.004579830508474577,32.98168357171202,1.0721,9.0,0.061889764
mh22,1000000,ok,,1000000.0,False,1.0677966101694913,0.2918966101694915,0.004612881355932203,32.9805723073648,0.6812,5.0,0.0719334266831357
hq208,1000000,ok,,1000000.0,False,0.27118644067796627,0.3073322033898305,0.004632711864406779,32.938721964597,1.0712,8.0,0.07976
naca64208,1000000,ok,,1000000.0,False,0.9491525423728814,0.27942203389830506,0.004602372881355933,32.92901247953689,0.9888,8.0,0.07983705213691218
ag47c03,1000000,ok,,1000000.0,False,2.1374638625928233,0.2586485176577291,0.004535847174196474,32.8938236024692,1.2786648829431437,12.953177257525084,0.05059264283555285
hq108,1000000,ok,,1000000.0,False,1.3728813559322033,0.2872627118644068,0.004634745762711864,32.87154689532079,1.0025,9.0,0.07972
c5c,1000000,ok,,1000000.0,False,0.7627118644067794,0.3148491525423729,0.004648983050847457,32.867643137144896,1.4999,15.0,0.11103254796464197
sd2083,1000000,ok,,1000000.0,False,0.06184456663454352,0.3077414602346804,0.004655775749674055,32.85727633092639,1.2499073578595317,11.97658862876254,0.08960840436075321
jx-gs-10,1000000,ok,,1000000.0,False,0.8886684428320395,0.28547720650756764,0.004637674168131058,32.84739874326163,1.302833110367893,12.96655518394649,0.07408397344028882
s6061,1000000,ok,,1000000.0,False,1.0994274700980666,0.2967551896151011,0.004660879768720595,32.82397485232152,1.2563916387959866,12.993311036789297,0.08999204378806239
giiie,1000000,ok,,1000000.0,False,2.0508474576271185,0.2969203389830508,0.004662372881355932,32.81912005427367,1.1193,11.0,0.08775098007429986
ag46c03,1000000,ok,,1000000.0,False,1.8515390283997504,0.26291690947225216,0.004575069440507907,32.81096826093186,1.3753408026755851,13.020066889632107,0.06024662136272416
ag55,1000000,ok,,1000000.0,False,0.8886684428320395,0.31419269315798426,0.004669522702794625,32.79910846285595,1.4237882943143811,12.96655518394649,0.06565847036159636
rg14,1000000,ok,,1000000.0,False,0.7043818377642985,0.27142870018706416,0.004612446006462219,32.79444397909904,1.2123899665551838,11.979933110367892,0.08466553957988404
mh23,1000000,ok,,1000000.0,False,0.9152542372881358,0.27009661016949155,0.004609661016949152,32.786653947073944,0.9542,8.0,0.07984080083775905
sd8000,1000000,ok,,1000000.0,False,0.7627118644067794,0.3022830508474576,0.004677627118644068,32.77758534852696,1.4333,15.0,0.08859289418941894
s3016,1000000,ok,,1000000.0,False,0.7944560965931631,0.2891005271809987,0.004663833682897795,32.77517009833623,1.3281625418060201,12.993311036789297,0.09515851527029161
sg6041,1000000,ok,,1000000.0,False,0.05084745762711851,0.29002881355932203,0.004684576271186441,32.704367045206865,1.4821,15.0,0.09993292494279836
ag16,1000000,ok,,1000000.0,False,1.0030327078963772,0.3421096366419137,0.004643744685675415,32.69150448986671,1.2612759197324415,10.486622073578594,0.07113552915255875
kc135d,1000000,ok,,1000000.0,False,1.050847457627119,0.32182372881355936,0.004705084745762712,32.65171040559679,1.1113,10.0,0.08992
mh64,1000000,ok,,1000000.0,False,1.3377926421404682,0.2668892976588629,0.00463200668896321,32.64824238151294,1.1750505016722408,10.996655518394649,0.08582480108010852
ag44ct02r,1000000,ok,,1000000.0,False,0.7997845927101643,0.28809331103678937,0.004697922453375658,32.64183442341018,1.4161083612040135,13.013377926421406,0.07288244929396161
hq258,1000000,ok,,1000000.0,False,-0.254237288135593,0.31948983050847457,0.004713050847457627,32.635027553541825,0.9537,6.0,0.07969
goe563,1000000,ok,,1000000.0,False,0.7853296298395787,0.362518627061958,0.004585188481378606,32.59628438631511,1.3709832775919732,14.016722408026755,0.08891878556803798
hq158,1000000,ok,,1000000.0,False,0.9491525423728815,0.3015983050847458,0.004736949152542373,32.56647726869801,0.9973,8.0,0.079572
ds19,1000000,ok,,1000000.0,False,0.1187007539255136,0.28674991780511305,0.004718992120628082,32.55357529766105,1.3963588628762542,12.050167224080266,0.08497850619710808
c5d,1000000,ok,,1000000.0,False,0.7627118644067794,0.31314237288135593,0.004743389830508475,32.549822386678244,1.493,15.0,0.11054232491681759
sd7080,1000000,ok,,1000000.0,False,0.10679666685562061,0.31672626835213424,0.004741747633354118,32.54806319498295,1.4056270903010033,12.963210702341136,0.09151171597061275
naca1408,1000000,ok,,1000000.0,False,1.0158154299642876,0.23464911286208265,0.0044761062298055675,32.52430989706467,1.2519016722408027,11.986622073578594,0.08002533906372403
goe134,1000000,ok,,1000000.0,False,0.07119777790374737,0.4052407100882415,0.00429620240727094,32.51331968776411,1.4489394648829432,12.013377926421406,0.0945
sd7084,1000000,ok,,1000000.0,False,0.4246357916217889,0.2934916331273736,0.004742868884983845,32.51268441497325,1.2869096989966555,12.050167224080266,0.09620761472732023
mh42,1000000,ok,,1000000.0,False,1.201972677285867,0.3070963720877499,0.00476059180318576,32.49320220761151,1.245191304347826,10.996655518394647,0.0893488267195358
s8066,1000000,ok,,1000000.0,False,1.31931296411768,0.26986648716059175,0.004686214500311774,32.481247607924324,1.150115050167224,11.993311036789297,0.09992758646546587
ag26,1000000,ok,,1000000.0,False,0.06688963210702337,0.3176438127090301,0.004765284280936455,32.46723587659823,1.3873565217391304,10.996655518394649,0.06843191505189189
fx80080,1000000,ok,,1000000.0,False,-0.3003231109347535,0.3167159117963835,0.00476798707556261,32.46055837978418,1.213108026755853,10.013377926421406,0.08059064725921337
giiij,1000000,ok,,1000000.0,False,1.4745762711864403,0.2766627118644068,0.004717796610169491,32.45426090166756,1.4017,15.0,0.084860013329
fg1,1000000,ok,,1000000.0,False,1.0,0.4933,0.0031,32.447581852210085,1.3665397993311037,12.00334448160535,0.0817
sa7035,1000000,ok,,1000000.0,False,0.20378663341080472,0.32421986848818096,0.004766113599002324,32.44054275586987,1.4369735785953177,13.060200668896321,0.09194744427226388
s8065,1000000,ok,,1000000.0,False,1.4054758800521512,0.2923968709256845,0.00476432855280313,32.428917875168366,1.183223076923077,12.996655518394647,0.10994390041861887
ag45ct02r,1000000,ok,,1000000.0,False,0.7496173686298961,0.2618044668669577,0.004664854600079362,32.426291798443515,1.399569230769231,12.963210702341136,0.06894343319610685
s3024,1000000,ok,,1000000.0,False,-0.03758290346352222,0.35841401281106516,0.004672132532169379,32.402700794099786,1.3769347826086957,13.983277591973245,0.09845021759087254
ag25,1000000,ok,,1000000.0,False,0.06688963210702337,0.31605016722408025,0.004787290969899665,32.39779728305057,1.3739769230769232,10.996655518394649,0.07581896265030844
ag46ct02r,1000000,ok,,1000000.0,False,0.8886684428320395,0.26505333031007317,0.00469100419477354,32.38235840107851,1.374108026755853,12.96655518394649,0.06083293485389402
e180,1000000,ok,,1000000.0,False,1.0389433705572255,0.3066851595714529,0.004795841505583584,32.37195209063033,1.1417759197324413,11.96655518394649,0.0857782699192283
c5b,1000000,ok,,1000000.0,False,0.7627118644067794,0.30228644067796606,0.004794745762711865,32.36655370612147,1.4687,15.0,0.11549868031407406
supermarine371ii,1000000,ok,,1000000.0,False,3.9322033898305087,0.4881440677966102,0.0032328813559322025,32.36131186886594,0.5799,5.0,0.08360000000000001
naca66209,1000000,ok,,1000000.0,False,1.0508474576271185,0.2912542372881356,0.004782203389830509,32.35707619000985,0.8325,7.0,0.08997904773434784
naca65209,1000000,ok,,1000000.0,False,1.0508474576271185,0.2924864406779661,0.004785762711864407,32.35259404119186,1.1157,10.0,0.089918430331873
s4053,1000000,ok,,1000000.0,False,0.17635054702114417,0.3578026302363812,0.004696452582053171,32.33999743314148,1.4116638795986622,14.036789297658864,0.08919412885035355
c141b,1000000,ok,,1000000.0,False,1.1186440677966099,0.29273898305084745,0.0048108474576271185,32.2647701831946,1.3817,15.0,0.1264130864760384
ds21,1000000,ok,,1000000.0,False,0.4282070177427588,0.2861186610736353,0.004802795193016269,32.241007526602104,1.397244481605351,12.963210702341136,0.08598970284501835
s9000,1000000,ok,,1000000.0,False,-0.1703418173572926,0.31822452808797685,0.004838296581826427,32.22560636829468,1.5020946488294313,13.996655518394647,0.09005290521020123
sa7036,1000000,ok,,1000000.0,False,0.10679666685562061,0.3440253046879429,0.004792135933337112,32.216476179779775,1.444546153846154,12.963210702341136,0.0919835718791955
s3014,1000000,ok,,1000000.0,False,0.7746159514766733,0.34877531885947505,0.004778599852616065,32.20845829036291,1.3123688963210702,13.03344481605351,0.09452629642539583
rg15,1000000,ok,,1000000.0,False,0.09489257978572585,0.28511335808627625,0.004812774219148574,32.19514056048821,1.272351839464883,11.979933110367892,0.08918106043107019
mh62,1000000,ok,,1000000.0,False,1.3424409047106156,0.2698515617028511,0.004767249589025565,32.16726159128848,1.25329364548495,12.050167224080266,0.09287121023889292
rg149,1000000,ok,,1000000.0,False,0.7746159514766733,0.27928544300209734,0.0048033694235020685,32.16540710510066,1.3237361204013378,13.03344481605351,0.08999969545181327
goe610b,1000000,ok,,1000000.0,False,0.04965704892012823,0.5006841959072614,0.003099572019726773,32.16192966118375,1.3283147157190636,10.996655518394647,0.0779302418307185
jx-gs-06,1000000,ok,,1000000.0,False,0.811008446233207,0.2622727453092229,0.004736843716342611,32.14903686522927,1.2953762541806022,11.989966555183948,0.07099357922983782
rg12a,1000000,ok,,1000000.0,False,0.10679666685562061,0.2810243296865257,0.004813786633410804,32.14769042301558,1.3451862876254181,12.963210702341136,0.0898716617507608
rg12a189,1000000,ok,,1000000.0,False,0.10679666685562061,0.2810243296865257,0.004814854600079361,32.143763428646864,1.3451862876254181,12.963210702341136,0.0898716617507608
hq1585,1000000,ok,,1000000.0,False,0.9274984411314549,0.3087233263420441,0.004867099937645258,32.13379276437268,1.2024160535117057,11.03010033444816,0.08560000000000001
ag455ct02r,1000000,ok,,1000000.0,False,0.7496173686298961,0.2591814182869452,0.00472731251062865,32.12333081065476,1.4205822742474916,12.963210702341136,0.0647310605166749
e182,1000000,ok,,1000000.0,False,1.6779661016949154,0.30477118644067797,0.004881016949152542,32.078606063581724,0.9976,9.0,0.08462681807180253
sc20606,1000000,ok,,1000000.0,False,-0.508474576271186,0.307442372881356,0.004884915254237288,32.0720362558184,0.6935,3.0,0.06
s7075,1000000,ok,,1000000.0,False,-0.30508474576271194,0.3789796610169492,0.0046771186440677966,32.06130457008918,1.613,15.0,0.0899875828449966
naca2410,1000000,ok,,1000000.0,False,0.7627118644067794,0.3185508474576271,0.004889491525423729,32.05889534555033,1.5283,15.0,0.10005485862659336
hq209,1000000,ok,,1000000.0,False,0.3389830508474576,0.31518813559322034,0.004897118644067796,32.03762441181906,1.2219,11.0,0.08972999999999999
ag24,1000000,ok,,1000000.0,False,0.39963720877501174,0.33700223343347874,0.004880036279122499,32.00835814943529,1.4181060200668896,11.979933110367892,0.08414066448321955
mh120,1000000,ok,,1000000.0,False,-1.041040757326682,0.34400081061164334,0.0048617816450314605,32.007938406313755,1.0220484949832775,7.976588628762542,0.11559991120618512
hq159,1000000,ok,,1000000.0,False,0.9138937701944325,0.307919704098407,0.004904833626211667,32.00654790234541,1.123783779264214,10.996655518394647,0.08967
ag45c03,1000000,ok,,1000000.0,False,1.791224987245621,0.28357877104472534,0.004864840995408424,31.990564209715576,1.446720066889632,13.983277591973245,0.06928139148981188
fx69h083,1000000,ok,,1000000.0,False,0.7288135593220337,0.2889847457627118,0.004883559322033899,31.977545894696124,0.9818,8.0,0.08398794964028777
ag27,1000000,ok,,1000000.0,False,-0.013888101581543078,0.3110917521682444,0.00492819397993311,31.93455341408705,1.4169304347826086,11.020066889632107,0.06113226341409845
naca001264a08cli0.2,1000000,ok,,1000000.0,False,0.9786860155319985,0.28795660676832374,0.004893055949209229,31.934470946955503,1.3303341137123745,13.97658862876254,0.10960326198692547
hq259,1000000,ok,,1000000.0,False,-0.30508474576271194,0.31426271186440674,0.004934406779661017,31.91657833404631,1.102,8.0,0.08967
fx84w097,1000000,ok,,1000000.0,False,0.7853296298395787,0.3325748200215408,0.004920733518508021,31.91137960222832,1.3514120401337792,14.016722408026755,0.09739090790333116
naca63209,1000000,ok,,1000000.0,False,1.0091264667535844,0.28888292046936104,0.004904646561986282,31.90216884181376,1.1785494983277591,11.979933110367892,0.08999894715852444
goe173,1000000,ok,,1000000.0,False,-2.0383198231392785,0.40092597925287676,0.0045741080437616925,31.89865770072744,1.5470117056856187,11.979933110367892,0.07761725909411152
hq2090sm,1000000,ok,,1000000.0,False,0.39963720877501174,0.32363983901139376,0.004941970976702001,31.881151033892664,1.2843458193979933,11.979933110367892,0.0897
c141a,1000000,ok,,1000000.0,False,1.1186440677966099,0.29093220338983045,0.004918474576271186,31.871805066440754,1.3709,15.0,0.1298976612811732
vr1,1000000,ok,,1000000.0,False,1.1186440677966099,0.28872542372881355,0.004918474576271186,31.85205095856049,1.3128,15.0,0.10966168947499377
mh61,1000000,ok,,1000000.0,False,1.8461538461538458,0.29367692307692306,0.004930769230769231,31.85112419240323,1.0922260869565217,10.996655518394649,0.10234123333996005
naca64a210,1000000,ok,,1000000.0,False,1.201972677285867,0.310950484666402,0.004954335355138597,31.848874462113663,1.2093759197324414,10.996655518394647,0.09989661378582058
rc08n1,1000000,ok,,1000000.0,False,2.251516353948189,0.3102805056402699,0.004955394252026529,31.84431657444993,1.1395976588628762,10.989966555183948,0.08015168854923553
ag10,1000000,ok,,1000000.0,False,0.6166883963494136,0.22360573663624517,0.00453535853976532,31.84300308055353,1.2347826086956524,10.973244147157192,0.04727162740815382
ssca07,1000000,ok,,1000000.0,False,1.8356102261776541,0.25145947508644634,0.004753693101298112,31.836002708915657,1.2660565217391304,12.03344481605351,0.06998020888226932
raf28,1000000,ok,,1000000.0,False,0.7593106966725234,0.30245880619012516,0.004952034465166373,31.83126034444325,1.2219478260869563,11.989966555183944,0.09820000000000001
hq109,1000000,ok,,1000000.0,False,1.4767870302137078,0.30162210759027275,0.004956285924834193,31.81313503325535,1.107372575250836,10.96655518394649,0.08979999999999999
hq159b,1000000,ok,,1000000.0,False,0.9138937701944325,0.3111163766226403,0.004965694688509721,31.812129784418275,1.25988762541806,10.996655518394647,0.08951704666559018
ys915,1000000,ok,,1000000.0,False,1.186440677966102,0.3662796610169492,0.004847457627118645,31.794922029623255,0.7138,5.0,0.0909431223883159
goe346,1000000,ok,,1000000.0,False,1.0,0.506,0.00319,31.77556465943517,1.5668983277591972,13.96989966555184,0.05738206952871148
rg1495,1000000,ok,,1000000.0,False,0.7853296298395787,0.2801386826143643,0.004917012074145456,31.761136954415175,1.3697147157190637,14.016722408026755,0.09499967942296134
sc20706,1000000,ok,,1000000.0,False,-1.0169491525423728,0.34868813559322037,0.004937796610169492,31.742611884014817,0.5733,1.0,0.06
tempest3,1000000,ok,,1000000.0,False,1.4871039056742807,0.2642063375092114,0.004853294030950626,31.73608014533611,1.0550314381270902,10.989966555183944,0.09997765471138037
e178,1000000,ok,,1000000.0,False,1.0508474576271185,0.3727101694915254,0.004840169491525424,31.72236629837531,1.1829,10.0,0.08680656763962458
mh60,1000000,ok,,1000000.0,False,1.4043988436029702,0.28018047162859244,0.004933891502749278,31.701021983800928,1.3134484949832774,12.993311036789297,0.10075977134401726
mh24,1000000,ok,,1000000.0,False,1.2198854940196133,0.26475490051584377,0.004870726716172552,31.680714306331208,1.0212240802675585,8.996655518394649,0.08998362867586804
goe257,1000000,ok,,1000000.0,False,-1.0,0.2851,0.00496,31.668504100651266,1.3169357859531772,12.003344481605351,0.08829667601320132
giiik,1000000,ok,,1000000.0,False,1.4745762711864403,0.2822152542372881,0.004961525423728813,31.628676821314862,1.4639,15.0,0.08533823625521893
s9037,1000000,ok,,1000000.0,False,-0.10447253557054625,0.3770751431324754,0.004865367042684656,31.588500269442555,1.495374247491639,13.97658862876254,0.08996351315749306
e851,1000000,ok,,1000000.0,False,-0.593220338983051,0.31905254237288133,0.005037796610169492,31.58735616958713,0.816,5.0,0.09015026566225273
ag37,1000000,ok,,1000000.0,False,-0.8193413071821336,0.2846892466413467,0.004982263477127147,31.58560707447311,1.5123207357859532,11.979933110367892,0.0773968750059376
rg12,1000000,ok,,1000000.0,False,0.7593106966725234,0.29327948528994946,0.00500891049260246,31.580119428432404,1.2255357859531772,11.989966555183944,0.09256916920234055
sd6060,1000000,ok,,1000000.0,False,1.4745762711864403,0.3240372881355932,0.005041694915254237,31.570351571640494,1.2838,15.0,0.10364941485229906
ag23,1000000,ok,,1000000.0,False,0.4246357916217889,0.34123870528881567,0.005020275494586475,31.56193268907554,1.4195892976588629,12.050167224080266,0.08897400463574368
naca66210,1000000,ok,,1000000.0,False,1.1904087069893998,0.3082735899325435,0.005041424522419364,31.55967409793887,1.078981939799331,10.033444816053512,0.09999859178077983
e904,1000000,ok,,1000000.0,False,1.3389830508474576,0.31499830508474574,0.005047118644067797,31.55627784117052,0.5739,5.0,0.08997828852430997
ag36,1000000,ok,,1000000.0,False,-0.814579672354176,0.30617040417209895,0.005044897114676038,31.540684233245077,1.4005066889632107,10.996655518394647,0.08174253961069017
usa46,1000000,ok,,1000000.0,False,0.3559322033898305,0.3153406779661017,0.005052881355932203,31.538456564153506,0.9808,7.0,0.06540302616563312
k2,1000000,ok,,1000000.0,False,0.9016495663511144,0.2741045462275382,0.0049545876084122215,31.537402906098798,1.2051685618729095,10.96655518394649,0.10278912973993796
mh45,1000000,ok,,1000000.0,False,1.4638625928235358,0.2748353721444362,0.004959460914914121,31.53142184691285,1.3945515050167225,14.016722408026755,0.09844055698731638
sd7037,1000000,ok,,1000000.0,False,-0.18723428377076257,0.34889018763108653,0.005012936341477241,31.525245189000298,1.4582742474916388,12.050167224080266,0.09198855960130205
hq309,1000000,ok,,1000000.0,False,-0.8023354685108552,0.32914309846380596,0.005054186837480868,31.52006208669681,1.3425872909698997,11.036789297658864,0.08979000000000001
vr8,1000000,ok,,1000000.0,False,1.4900515843773015,0.28834082535003663,0.005013109801031687,31.518942901616455,1.1433384615384614,10.996655518394647,0.0815
n64108,1000000,ok,,1000000.0,False,1.6041040757326677,0.26179749447310235,0.004900175160138314,31.507807811816573,0.8967217391304348,8.020066889632107,0.07983768981747205
s8055,1000000,ok,,1000000.0,False,0.7627118644067794,0.3068186440677966,0.005060508474576271,31.49269877622076,1.4579,15.0,0.11999234152050856
naca65210,1000000,ok,,1000000.0,False,1.0847457627118644,0.2974389830508475,0.005046101694915254,31.487566516772045,0.9636,8.0,0.09991743506870729
s8064,1000000,ok,,1000000.0,False,1.4745762711864403,0.30506271186440675,0.005061016949152543,31.48350765927372,1.1836,15.0,0.1233003116694576
naca65410,1000000,ok,,1000000.0,False,-0.20985204920356093,0.32621262966951975,0.005069507397539822,31.481204617256804,1.3130508361204012,11.979933110367892,0.0999230674438576
hq2195,1000000,ok,,1000000.0,False,0.05084745762711851,0.3164949152542373,0.005071525423728814,31.480991637661557,1.4846,15.0,0.09492
bacnlf,1000000,ok,,1000000.0,False,0.9661016949152543,0.3477491525423729,0.0050422033898305085,31.45132209461835,0.8155,6.0,0.10077286969618841
hor04,1000000,ok,,1000000.0,False,1.0338983050847457,0.2972101694915254,0.005061694915254237,31.43397388570508,0.9567,7.0,0.0405557075590231
e224,1000000,ok,,1000000.0,False,0.4520151918825466,0.29888481945467943,0.005067120911512953,31.42802517814465,1.3739876254180603,13.03344481605351,0.10172412057856328
hq259b,1000000,ok,,1000000.0,False,-0.30508474576271194,0.3403135593220339,0.005069661016949152,31.42397389661287,1.5267,15.0,0.09032
hq2590sm,1000000,ok,,1000000.0,False,-0.30508474576271194,0.3403135593220339,0.005069661016949152,31.42397389661287,1.5267,15.0,0.09032008398320336
mh20,1000000,ok,,1000000.0,False,1.3559322033898304,0.3176,0.005090677966101695,31.422123401984063,0.969,8.0,0.08999762396415019
jx-gs-04,1000000,ok,,1000000.0,False,1.0711977779037474,0.2714906524573437,0.004978479111161499,31.406632453703235,1.335475585284281,13.013377926421406,0.06898946705198625
goe587,1000000,ok,,1000000.0,False,1.0677966101694913,0.3330372881355932,0.005088813559322034,31.40316183141704,0.9197,7.0,0.05799987
usa49,1000000,ok,,1000000.0,False,0.7739924040587258,0.24248278442265164,0.004802413695368742,31.382120566498248,1.1540421404682273,9.986622073578594,0.0725
giiid,1000000,ok,,1000000.0,False,2.228104982710729,0.2692056005895356,0.004983523042911399,31.346835128289825,1.1347745819397992,11.979933110367892,0.0971012251912958
sd8040,1000000,ok,,1000000.0,False,0.05084745762711851,0.3176457627118644,0.005119491525423729,31.33284828018488,1.5697,15.0,0.09994277055711982
s2050,1000000,ok,,1000000.0,False,0.4246357916217889,0.2954455926534776,0.0050883470324811515,31.331385426413892,1.3460197324414716,12.050167224080266,0.08928535306413438
goe795,1000000,ok,,1000000.0,False,0.3728813559322034,0.3337966101694915,0.0051144067796610165,31.32478119548235,1.2091,11.0,0.08005956237753102
e64,1000000,ok,,1000000.0,False,-0.9389490391701152,0.3906446630009636,0.004881074202142736,31.324402706360317,1.407644481605351,11.050167224080267,0.08442298213129726
rg1410,1000000,ok,,1000000.0,False,0.7627118644067794,0.27757966101694914,0.005031694915254238,31.315851366856485,1.3772,15.0,0.0999996633941094
s2046,1000000,ok,,1000000.0,False,-0.5717362961283374,0.320822708463239,0.005131434725922567,31.29790102761711,1.6298110367892975,14.016722408026755,0.090138260536275
mh46,1000000,ok,,1000000.0,False,2.481662037299472,0.3271879541976077,0.0051329828241029425,31.287964329613192,1.2944063545150502,14.016722408026755,0.09098221426762587
eh1070,1000000,ok,,1000000.0,False,1.9322033898305087,0.2825169491525424,0.005060847457627119,31.284540259527393,0.6796,6.0,0.06999083509513743
e226,1000000,ok,,1000000.0,False,1.923360353721443,0.3121371407516579,0.005134672070744289,31.274942382274794,1.1488434782608696,11.979933110367892,0.10177398980746438
goe599,1000000,ok,,1000000.0,False,0.7746159514766733,0.30208259735842635,0.0051267615214557,31.254155198304566,1.3320090301003344,13.03344481605351,0.09970389865016702
rg8,1000000,ok,,1000000.0,False,-0.8383878464939629,0.2989470494869905,0.0051220191599115695,31.248106045269793,1.3897090301003343,13.03344481605351,0.10793665367692677
rc1064c,1000000,ok,,1000000.0,False,1.4745762711864403,0.27307288135593216,0.005031864406779661,31.24184846672587,1.3935,15.0,0.09999859093781616
sc20610,1000000,ok,,1000000.0,False,-1.1204580239215467,0.31320755626098296,0.00515,31.23005523773977,1.5225040133779264,11.993311036789297,0.0998
s4158,1000000,ok,,1000000.0,False,0.1864406779661012,0.37577796610169484,0.005009661016949153,31.229406439910292,1.4458,15.0,0.10855023784413854
e222,1000000,ok,,1000000.0,False,-0.5360240349186549,0.330116609035769,0.005151440961396746,31.22700311114104,1.3560632107023411,12.963210702341136,0.1016583051499997
sd5060,1000000,ok,,1000000.0,False,0.7853296298395787,0.3314291933563857,0.005150895073975398,31.225214647849135,1.489671237458194,14.016722408026755,0.09458506160767981
s3025,1000000,ok,,1000000.0,False,-0.03758290346352222,0.37981443228841905,0.004991875744005442,31.217462238391555,1.397643143812709,13.983277591973245,0.09380899302783284
df101,1000000,ok,,1000000.0,False,0.7853296298395787,0.3245345785386316,0.005161628592483419,31.205399224750753,1.368033110367893,14.016722408026755,0.1099854841830119
mh44,1000000,ok,,1000000.0,False,1.4395442435236099,0.3051646391927895,0.005150540218808458,31.19584557049582,1.3194916387959865,13.996655518394647,0.09654679504433064
hq2010,1000000,ok,,1000000.0,False,0.4246357916217889,0.3247921092908564,0.005168217221245961,31.185465886041495,1.304499331103679,12.050167224080266,0.0997
goe566,1000000,ok,,1000000.0,False,0.7853296298395787,0.37462326965591525,0.0050374967405475875,31.172977043142815,1.3947729096989967,14.016722408026755,0.08650000000000001
goe595,1000000,ok,,1000000.0,False,0.09489257978572585,0.3750279972790657,0.005036715038829998,31.16954383516926,1.2979979933110368,11.979933110367892,0.0955
m20,1000000,ok,,1000000.0,False,1.0,0.4755,0.00401,31.169487260543228,1.3823,15.0,0.08149999999999999
hq1510,1000000,ok,,1000000.0,False,1.0365058670143403,0.32453754889178604,0.005176571056062581,31.160626493145283,1.2779889632107024,12.050167224080266,0.09963
mh121,1000000,ok,,1000000.0,False,-1.406779661016949,0.3292220338983051,0.005177372881355932,31.15241196041136,0.9116,5.0,0.08751927894250934
kc135c,1000000,ok,,1000000.0,False,1.7138484212913099,0.34398239328836233,0.005161476673657956,31.13970574499838,1.168743143812709,12.963210702341136,0.10592
goe673,1000000,ok,,1000000.0,False,-0.25423728813559343,0.33959999999999996,0.005180508474576271,31.108984223331202,1.1911,9.0,0.10789178850301687
sd7090,1000000,ok,,1000000.0,False,0.7627118644067794,0.30367627118644064,0.005178135593220339,31.09924881357048,1.4896,15.0,0.09985369870886428
ag35,1000000,ok,,1000000.0,False,-0.8193413071821336,0.33099052207924706,0.005196004194773538,31.094077376953994,1.4507933110367894,11.979933110367892,0.08722612124722226
naca001034,1000000,ok,,1000000.0,False,5.0,0.5005,0.00364,31.089157242286017,0.5005,5.0,0.1
hq308,1000000,ok,,1000000.0,False,-0.15934470834986714,0.3983589025565444,0.0049273119437673605,31.073489759496255,1.2610448160535117,10.966555183946488,0.07979
hq2510,1000000,ok,,1000000.0,False,0.0,0.3473,0.00518,31.06714659607581,1.2366,10.0,0.09965
rc510,1000000,ok,,1000000.0,False,1.4745762711864403,0.2954813559322033,0.0051688135593220335,31.06661423035627,1.5057,15.0,0.09961103962133702
rc10n1,1000000,ok,,1000000.0,False,2.186440677966102,0.3235118644067797,0.005222203389830508,31.024691363248543,1.3067,15.0,0.100100048977105
naca64210,1000000,ok,,1000000.0,False,1.0143415906127764,0.2899728756873192,0.005164528654838161,31.024632216730712,1.203991304347826,11.993311036789297,0.09975440144568071
goe515,1000000,ok,,1000000.0,False,1.1245961113315568,0.4026630633184059,0.004928657105606258,30.991444379963163,1.333770568561873,14.016722408026755,0.0845
e374,1000000,ok,,1000000.0,False,1.1175670313474289,0.30813101298112344,0.0052211484609715995,30.98877202910079,1.2368334448160536,13.996655518394647,0.1090648773539003
goe11k,1000000,ok,,1000000.0,False,0.08474576271186418,0.3765677966101695,0.005100451977401129,30.985150626637708,1.1942,10.0,0.0745
hq1010,1000000,ok,,1000000.0,False,1.618615724732157,0.31873331443795694,0.005235164673204467,30.981429381998915,1.1762916387959865,11.979933110367892,0.0996
m4,1000000,ok,,1000000.0,False,2.1355932203389827,0.3177203389830508,0.005235084745762712,30.979765035721062,1.0892,10.0,0.06277355031294392
naca1410,1000000,ok,,1000000.0,False,1.4638625928235358,0.2752989966555183,0.005118317555694122,30.975001565034166,1.445577591973244,14.016722408026755,0.1000316745217622
l188tip,1000000,ok,,1000000.0,False,-0.30508474576271194,0.3212694915254237,0.005241864406779662,30.964803206461017,1.5436,15.0,0.1198895342297214
goe548,1000000,ok,,1000000.0,False,0.7293237344821728,0.3451000396802903,0.005224360863896604,30.957305382245956,1.1496709030100334,12.046822742474916,0.11900000000000001
goe610bm,1000000,ok,,1000000.0,False,-2.101694915254237,0.31526440677966105,0.005241186440677966,30.955250143935324,1.5294,12.0,0.077
b737d,1000000,ok,,1000000.0,False,1.4842695992290684,0.31714448727396405,0.005245471912023128,30.947139645842732,1.340669899665552,13.03010033444816,0.108
giiil,1000000,ok,,1000000.0,False,1.4406779661016946,0.2809186440677966,0.0051562711864406785,30.93410397024441,1.4812,15.0,0.08545399104394796
vr8b,1000000,ok,,1000000.0,False,2.056686128904257,0.29615902159741514,0.005213241312850746,30.92854973627471,1.1969103678929767,10.976588628762542,0.0815
sc20710,1000000,ok,,1000000.0,False,-1.7304007709313538,0.346964712884757,0.005231128053965195,30.92773370819794,1.5520852842809365,11.993311036789297,0.0998
e211,1000000,ok,,1000000.0,False,-1.1788447366929313,0.3075351510685335,0.005242442605294484,30.91936686307873,1.3501695652173913,12.963210702341136,0.10948880165590483
naca000834,1000000,ok,,1000000.0,False,1.9661016949152543,0.2055813559322034,0.004548983050847458,30.909810203667437,0.4447,4.0,0.08
naca2411,1000000,ok,,1000000.0,False,0.7627118644067794,0.3590372881355932,0.005204576271186441,30.909062384109202,1.4166,15.0,0.11006034626491962
e212,1000000,ok,,1000000.0,False,-1.4835893656822172,0.3377994784876141,0.005253851255597755,30.90814297426048,1.4705060200668896,13.03344481605351,0.10553657973534236
k1,1000000,ok,,1000000.0,False,0.05084745762711851,0.3040983050847458,0.005246610169491525,30.885535401442286,1.6192,15.0,0.11591770650530944
s3021,1000000,ok,,1000000.0,False,0.3377359560115636,0.3398954877841392,0.005265698089677456,30.866937336497255,1.2799257525083612,10.996655518394647,0.09470101255820713
ma409sm,1000000,ok,,1000000.0,False,-0.9163879598662206,0.3515387959866221,0.005244882943143812,30.860492894029733,1.2974304347826087,8.996655518394649,0.06692857142857143
s7055,1000000,ok,,1000000.0,False,0.08536931012981164,0.3541639759650814,0.005246585227594808,30.836909414403735,1.3584732441471572,13.946488294314381,0.10496821158656211
ah80129,1000000,ok,,1000000.0,False,0.06779661016949134,0.32776779661016947,0.005290847457627119,30.82244180316169,1.1318,11.0,0.1285969397363465
s7012,1000000,ok,,1000000.0,False,0.42826370387166257,0.3189233546851085,0.005288500651890483,30.822052641317764,1.282330100334448,11.013377926421406,0.08748765941757279
giiic,1000000,ok,,1000000.0,False,2.5661810554957185,0.29676667989342986,0.005249119664418117,30.818860873410177,1.1349829431438128,12.050167224080266,0.09929403484434812
s5010,1000000,ok,,1000000.0,False,1.6038206450881471,0.3210912023127941,0.005292840541919392,30.813144070130967,1.3635010033444814,13.976588628762542,0.0981807181187205
tempest2,1000000,ok,,1000000.0,False,2.0650189898531828,0.2967025452071878,0.005253809874723655,30.80325277156869,1.1460247491638798,13.03344481605351,0.11996259024427547
df102,1000000,ok,,1000000.0,False,0.7627118644067794,0.32465762711864404,0.00529864406779661,30.799690218936984,1.4576,15.0,0.1099848752930178
sd7003,1000000,ok,,1000000.0,False,1.1245961113315568,0.305866577858398,0.005288624794512782,30.76621834537274,1.4550173913043478,14.016722408026755,0.0850152477637511
goe407,1000000,ok,,1000000.0,False,-0.9110027776203165,0.35050231279405925,0.005284678306218468,30.759769130509753,1.502143143812709,14.016722408026755,0.09459788821117888
rc08b3,1000000,ok,,1000000.0,False,1.7093702171078728,0.2936902329799897,0.0052610906411201174,30.749650888836587,1.2427759197324415,12.993311036789297,0.07999618239660658
dh4009sm,1000000,ok,,1000000.0,False,1.9322033898305087,0.25750000000000006,0.005080847457627119,30.73287541892273,0.6419,6.0,0.08943855938899131
rc12n1,1000000,ok,,1000000.0,False,2.5423728813559325,0.3258491525423729,0.005321864406779661,30.732633355641248,1.3295,15.0,0.12019302658056448
s4110,1000000,ok,,1000000.0,False,-0.30508474576271194,0.37435084745762714,0.005216610169491525,30.718411364479614,1.5972,15.0,0.08375300906959243
mh70,1000000,ok,,1000000.0,False,0.40677966101694896,0.3444745762711864,0.005312711864406779,30.716858156752394,1.5646,15.0,0.11074277414869481
naca001234,1000000,ok,,1000000.0,False,2.5423728813559325,0.27179152542372886,0.005174576271186441,30.71576527031449,0.8142,8.0,0.12
mh25,1000000,ok,,1000000.0,False,1.0836120401337794,0.28212474916387964,0.005228461538461539,30.708588982455176,1.105890635451505,10.996655518394649,0.09976406169340198
m11,1000000,ok,,1000000.0,False,1.4054758800521512,0.28931714471968706,0.0052670664928292045,30.679909985450838,1.2484645484949832,12.996655518394647,0.0815
goe564,1000000,ok,,1000000.0,False,0.10679666685562061,0.34692336602233437,0.005325145399920639,30.67091120107842,1.359967558528428,14.016722408026755,0.082
s3002,1000000,ok,,1000000.0,False,-0.6610169491525424,0.339864406779661,0.005352372881355932,30.625974137574897,1.6837,15.0,0.09938548364487167
lds2,1000000,ok,,1000000.0,False,1.1186440677966099,0.35411525423728807,0.005326440677966102,30.62431343882721,1.4604,15.0,0.11970047619047619
mh117,1000000,ok,,1000000.0,False,0.4520151918825466,0.37389316932146704,0.005275633467490505,30.575501642960923,1.4437461538461538,13.03344481605351,0.09792209975638146
e176,1000000,ok,,1000000.0,False,0.6232073011734025,0.3900052151238591,0.005191003911342895,30.57416148189783,1.2204642140468225,10.989966555183944,0.08822317336853061
n64110,1000000,ok,,1000000.0,False,1.87098237061391,0.2975661413752054,0.005337745592653477,30.545786312521646,1.0827507246376815,10.013377926421402,0.09975616754887232
du8608418,1000000,ok,,1000000.0,False,2.030213706705969,0.30359277818717756,0.005359019896831245,30.53298380534272,0.9929431438127091,10.953177257525084,0.08451997621088375
eh2070,1000000,ok,,1000000.0,False,1.8305084745762716,0.31957966101694923,0.00538728813559322,30.53248003410455,0.6611,5.0,0.06999105868109257
rg15a111,1000000,ok,,1000000.0,False,0.40677966101694896,0.3194694915254237,0.005393898305084746,30.512892418687734,1.4295,15.0,0.10989988863908418
hq2511,1000000,ok,,1000000.0,False,-0.23842185817130623,0.32252522532736233,0.005415694688509721,30.457507960138138,1.3292545150501671,10.996655518394647,0.10999057170233152
ys920,1000000,ok,,1000000.0,False,0.9491525423728815,0.39898305084745767,0.0051832203389830505,30.455429271544322,0.6584,4.0,0.09050190959305696
hh02,1000000,ok,,1000000.0,False,2.820928518791451,0.3618265291083271,0.005375070007369196,30.440331316608486,1.4448297658862876,14.016722408026755,0.09572
naca64a410,1000000,ok,,1000000.0,False,0.09489257978572585,0.3663819738110084,0.0053675914063828585,30.420467073769196,1.3608474916387958,11.979933110367892,0.099926212821397
e818,1000000,ok,,1000000.0,False,-1.1864406779661016,0.33765762711864405,0.005442372881355933,30.384299928603962,0.8085,4.0,0.09368717052253689
mh122,1000000,ok,,1000000.0,False,-1.9356045575647638,0.3349444872739641,0.005444204410180829,30.38329557728196,1.326892642140468,9.986622073578594,0.0931516303977727
e231,1000000,ok,,1000000.0,False,0.7627118644067794,0.3025728813559322,0.00540728813559322,30.376885212851178,1.2546,15.0,0.12330154439790524
mh201,1000000,ok,,1000000.0,False,-1.2711864406779663,0.32601186440677965,0.005452033898305084,30.360142655902848,1.5866,15.0,0.13068802368882515
e852,1000000,ok,,1000000.0,False,-0.9322033898305087,0.3239,0.00545135593220339,30.35838229610943,1.0369,7.0,0.10071713374645808
naca651212a06,1000000,ok,,1000000.0,False,1.3924380704041726,0.3179632333767928,0.005447848761408084,30.351063452489733,1.171872575250836,12.963210702341136,0.11993480015786293
e874,1000000,ok,,1000000.0,False,1.4406779661016946,0.31085593220338975,0.005443559322033898,30.328557839069017,0.6543,5.0,0.07900775473076416
hq1511,1000000,ok,,1000000.0,False,1.1186440677966099,0.3356881355932203,0.005467796610169492,30.317655672238946,1.3625,15.0,0.1099903417438518
s8052,1000000,ok,,1000000.0,False,1.4745762711864403,0.3353525423728813,0.005471694915254237,30.30733382548631,1.4578,15.0,0.11886787848185781
sd6080,1000000,ok,,1000000.0,False,0.10679666685562061,0.4027806473555921,0.005222621166600533,30.30387395803947,1.415696321070234,14.016722408026755,0.09184556030466136
s3010,1000000,ok,,1000000.0,False,0.7627118644067794,0.37252711864406773,0.005401186440677966,30.278483903014976,1.5471,15.0,0.10317580577661166
amsoil1,1000000,ok,,1000000.0,False,0.7627118644067794,0.3219779661016949,0.005485084745762712,30.257679850005978,1.5564,15.0,0.11624
goe443,1000000,ok,,1000000.0,False,1.0508474576271185,0.16217457627118642,0.004052542372881355,30.252914342901356,0.2681,2.0,0.05
nacacyh,1000000,ok,,1000000.0,False,0.08536931012981164,0.31035650473329185,0.00547097726886231,30.244459197939985,1.4178591973244146,13.946488294314381,0.117
mh49,1000000,ok,,1000000.0,False,3.3554220282296914,0.3156298650870131,0.005482741057763165,30.23986138485539,1.1510127090301003,13.03344481605351,0.10486431204916805
rae102,1000000,ok,,1000000.0,False,2.839238138427527,0.2994289949549346,0.005444986678759707,30.232539337103525,1.0620428093645484,11.983277591973245,0.099994
e908,1000000,ok,,1000000.0,False,-1.0677966101694913,0.33637796610169496,0.005502881355932203,30.221260613709283,0.6473,3.0,0.09003927381329163
fx60100sm,1000000,ok,,1000000.0,False,-1.5895357406042745,0.3332645541635961,0.00550358142962417,30.22118502603214,1.6543494983277593,14.016722408026755,0.09978475167785235
e221,1000000,ok,,1000000.0,False,1.4376736012697693,0.3153022901196077,0.005488809024431721,30.220670502754587,1.2160448160535116,13.946488294314381,0.09377771535395789
goe565,1000000,ok,,1000000.0,False,0.7615214556997909,0.4228391247661698,0.0051007828354401675,30.21744270287156,1.4267933110367894,13.946488294314381,0.08399999999999999
bacxxx,1000000,ok,,1000000.0,False,0.4736126069950677,0.2634197211042457,0.005267320446686696,30.213903818469685,1.4113274247491638,13.996655518394647,0.1131
r140sm,1000000,ok,,1000000.0,False,2.847457627118644,0.31922711864406783,0.005501694915254237,30.20100903825881,0.8776,8.0,0.12037902730261549
e205,1000000,ok,,1000000.0,False,0.39963720877501174,0.3155618445666344,0.005503923813842753,30.178272372841565,1.2779772575250836,11.979933110367892,0.10473386445699974
hq3011,1000000,ok,,1000000.0,False,-0.5360240349186549,0.3527725128960944,0.005500720480698373,30.176570741108442,1.4101314381270904,12.963210702341136,0.10985
naca2412,1000000,ok,,1000000.0,False,0.7627118644067794,0.32217796610169486,0.005517457627118644,30.16653682986506,1.5599,15.0,0.12006583441072505
mh18,1000000,ok,,1000000.0,False,0.7043818377642985,0.29097441188141254,0.005442884190238648,30.140823174054507,1.1558076923076923,11.979933110367892,0.11140181071658434
sc20712,1000000,ok,,1000000.0,False,-1.9288022220962535,0.33854502579218865,0.005533527577801711,30.136026312380228,1.7129066889632107,14.016722408026755,0.1199
e193,1000000,ok,,1000000.0,False,0.10679666685562061,0.3810661016949153,0.005427184399977325,30.125217956854325,1.3282197324414715,14.016722408026755,0.10223691852512377
cast102,1000000,ok,,1000000.0,False,0.40677966101694896,0.3246610169491525,0.005537457627118644,30.117365514109654,1.422,15.0,0.12172777395480526
rae103,1000000,ok,,1000000.0,False,2.642367212743041,0.2800506150444986,0.00540191258998923,30.10449297284407,0.9895969899665552,10.996655518394647,0.09997
naca661212,1000000,ok,,1000000.0,False,1.618615724732157,0.35883751488010873,0.005518138427526784,30.097878570044507,1.1247622073578594,11.979933110367892,0.11999787168046706
hq3010,1000000,ok,,1000000.0,False,-0.085312624000907,0.406888127090301,0.005287159458080608,30.092301461124027,1.3763829431438128,12.056856187290968,0.09985
naca651212,1000000,ok,,1000000.0,False,1.3138710957428703,0.32529882092851864,0.005548832265744572,30.087238742611618,1.1898397993311036,11.979933110367892,0.11993469036682022
rae69ck,1000000,ok,,1000000.0,False,0.7496173686298961,0.30810798707556264,0.0055224579105492885,30.077170754099463,1.2585715719063546,12.963210702341136,0.12108702547504699
rae2822,1000000,ok,,1000000.0,False,0.7496173686298961,0.30810798707556264,0.0055224579105492885,30.077170754099463,1.2585715719063546,12.963210702341136,0.12108702547504699
fx60157,1000000,ok,,1000000.0,False,-1.7288135593220337,0.3533915254237288,0.005540677966101694,30.070815796149564,1.5311,15.0,0.15672161280200816
p51htip,1000000,ok,,1000000.0,False,1.8284677739357178,0.3519624794512783,0.005544014511648999,30.068950030934946,1.046410033444816,11.986622073578594,0.11998340846748284
vr14,1000000,ok,,1000000.0,False,1.1186440677966099,0.2791966101694915,0.005408983050847457,30.066612096836863,1.4938,15.0,0.07958599999999999
mrc-16,1000000,ok,,1000000.0,False,0.08474576271186418,0.33794067796610167,0.005560169491525424,30.06534670942238,1.4848,15.0,0.1390057258749029
sc20406,1000000,ok,,1000000.0,False,0.10169491525423702,0.1862694915254237,0.00447186440677966,30.055498437069414,0.5932,4.0,0.0602
naca651412,1000000,ok,,1000000.0,False,-0.1204580239215467,0.3353316478657672,0.0055667496173686295,30.049199851108252,1.3229622073578595,12.993311036789297,0.11990187806873978
m665,1000000,ok,,1000000.0,False,1.3924380704041726,0.26724263363754897,0.005342059973924382,30.047076447918897,1.1340944816053513,12.963210702341136,0.078065
clarkv,1000000,ok,,1000000.0,False,-0.30508474576271194,0.4058576271186441,0.005316271186440678,30.043960531509455,1.4993,15.0,0.1164
c5a,1000000,ok,,1000000.0,False,1.1186440677966099,0.26823898305084737,0.005359152542372882,30.01188363651718,1.4143,15.0,0.13121441845711163
sc20612,1000000,ok,,1000000.0,False,-1.3728813559322033,0.306228813559322,0.00554542372881356,29.99460351454997,1.6541,15.0,0.12
hq09,1000000,ok,,1000000.0,False,2.0677966101694913,0.22468983050847455,0.004980338983050847,29.99350552199972,0.8154,8.0,0.08111356388088377
e297,1000000,ok,,1000000.0,False,2.6779661016949152,0.30186610169491523,0.005532542372881356,29.99274988627025,0.9351,10.0,0.11382235914065666
fx38153,1000000,ok,,1000000.0,False,-1.0169491525423728,0.33422033898305087,0.005590338983050847,29.98566980950293,1.4664,15.0,0.15536330130192189
psu-90-125wl,1000000,ok,,1000000.0,False,0.10679666685562061,0.3513291876877728,0.005583203900005669,29.9712216405586,1.3456799331103677,14.016722408026755,0.12533874145436028
e836,1000000,ok,,1000000.0,False,2.91463068987019,0.327275228161669,0.005595487217277933,29.962972469555844,0.9375147157190636,10.96655518394649,0.12636795422031474
rc1264c,1000000,ok,,1000000.0,False,1.8305084745762707,0.27823050847457625,0.005436949152542373,29.958760218399085,1.4021,15.0,0.11999726963764856
rcsc2,1000000,ok,,1000000.0,False,1.0710277195170343,0.1885745535967349,0.004526429340740322,29.95597397770003,1.2180635451505015,12.963210702341136,0.0997
goe450,1000000,ok,,1000000.0,False,-3.0,0.2584,0.00531,29.93895692925341,1.6420903010033445,13.976588628762542,0.08900823013687498
dfvlrr4,1000000,ok,,1000000.0,False,-1.0169491525423728,0.33403389830508473,0.005609152542372882,29.935057001474387,1.7466,15.0,0.13381410907677332
vr7,1000000,ok,,1000000.0,False,0.7627118644067794,0.3605101694915254,0.005582542372881356,29.92630128806768,1.4231,15.0,0.12029999999999999
eh1090,1000000,ok,,1000000.0,False,2.40677966101695,0.30061694915254245,0.005551525423728814,29.92348477532765,1.0374,10.0,0.08990077452476758
hq2512,1000000,ok,,1000000.0,False,-0.19318632730570862,0.3254438127090301,0.005608408820361657,29.922778240415234,1.3539260869565217,13.03344481605351,0.11961
fx601001,1000000,ok,,1000000.0,False,-1.7335751941499922,0.31393300833286086,0.005590584433989002,29.920451728719165,1.4661953177257525,11.979933110367892,0.10104827586206896
n9,1000000,ok,,1000000.0,False,-0.5145966781928468,0.39925824499744905,0.005427882206224137,29.893228761473726,1.4700949832775918,11.979933110367892,0.0846
goe06k,1000000,ok,,1000000.0,False,-0.7118644067796609,0.40156779661016956,0.005415084745762712,29.888931144520527,0.9188,6.0,0.07500000000000001
hq3510,1000000,ok,,1000000.0,False,-1.0338983050847457,0.3717084745762712,0.0055684745762711865,29.87926937127222,1.2524,8.0,0.09963999999999999
fx60100,1000000,ok,,1000000.0,False,-1.34034351794116,0.3617050450654724,0.00560084122215294,29.873675999950745,1.6051224080267559,12.993311036789297,0.09992819463087249
oa206,1000000,ok,,1000000.0,False,2.1694915254237293,0.25086779661016956,0.005269152542372882,29.86782621263004,1.0369,10.0,0.0600707846762119
sd7043,1000000,ok,,1000000.0,False,-0.6610169491525424,0.37462881355932204,0.0055630508474576274,29.86678576383451,1.7114,15.0,0.0913040613615346
goe492,1000000,ok,,1000000.0,False,-0.7627118644067803,0.33875593220338973,0.005635762711864407,29.864132174437117,0.8756,5.0,0.06201594543018248
sc21010,1000000,ok,,1000000.0,False,-4.272206790998243,0.36527014341590613,0.005605329629839578,29.839383826718546,1.652995652173913,10.989966555183944,0.1
ah79100a,1000000,ok,,1000000.0,False,-1.2502692591122955,0.34666995068306783,0.005645048466640213,29.827962840772543,1.5043996655518395,14.016722408026755,0.0999843154362416
hq2012,1000000,ok,,1000000.0,False,0.44606314834759964,0.32590295051300955,0.005644679156510402,29.82474453780877,1.3981859531772576,14.016722408026755,0.11973
sg6051,1000000,ok,,1000000.0,False,0.05084745762711851,0.37390847457627113,0.005585762711864407,29.81911830424211,1.5254,15.0,0.12002984377490834
n63412,1000000,ok,,1000000.0,False,0.05084745762711851,0.3488118644067797,0.005647627118644068,29.815573097854827,1.4249,15.0,0.11999086204417966
rae104,1000000,ok,,1000000.0,False,2.142395555807493,0.2292146306898701,0.005076699733575193,29.80764844610975,0.9462678929765888,10.013377926421402,0.1
ht22,1000000,ok,,1000000.0,False,1.7056289326001925,0.2682187517714415,0.005424546227538122,29.793433870558218,1.3882829431438126,12.983277591973245,0.05078891332390381
e387,1000000,ok,,1000000.0,False,-0.01445496287058523,0.3896142849044839,0.00552756646448614,29.79284716680431,1.3719153846153846,13.013377926421406,0.09068898678469445
e174,1000000,ok,,1000000.0,False,0.025962247038150643,0.4013882546340911,0.0054611728360070295,29.789277546510096,1.380981939799331,12.96655518394649,0.08920135673198479
mh200,1000000,ok,,1000000.0,False,0.05084745762711851,0.3491762711864407,0.005666610169491525,29.766235277253074,1.4019,15.0,0.12950614431553148
n5h10,1000000,ok,,1000000.0,False,2.3566691230655863,0.3101712601326456,0.005639933677229182,29.753101085152352,1.1479314381270904,12.963210702341136,0.09899999999999999
hq1512,1000000,ok,,1000000.0,False,1.1186440677966099,0.33517627118644067,0.005677796610169492,29.753020192719003,1.381,15.0,0.11959
hq3012,1000000,ok,,1000000.0,False,-0.5717362961283374,0.3522083612040134,0.0056728479111161495,29.740733991499994,1.4576581939799331,14.016722408026755,0.11979999999999999
naca1412,1000000,ok,,1000000.0,False,1.8305084745762707,0.3144033898305084,0.005657627118644068,29.73363574347782,1.4789,15.0,0.12003801044123691
rae101,1000000,ok,,1000000.0,False,2.844169831642196,0.3013859248341929,0.005618576044441924,29.73343723778633,1.1107732441471572,11.993311036789297,0.099938
hq1012,1000000,ok,,1000000.0,False,1.8031290743155148,0.3423110821382008,0.005696375488917862,29.703480279288716,1.3111739130434783,14.016722408026755,0.11957999999999999
eh0009,1000000,ok,,1000000.0,False,2.413808741001077,0.25397753528711525,0.005350356555750808,29.675294084248737,0.9305230769230768,10.013377926421406,0.08998997571973638
fg3,1000000,ok,,1000000.0,False,-2.0383198231392785,0.24656741114449288,0.005287555127260359,29.66661812365176,1.3622792642140469,11.979933110367892,0.1014
n63212,1000000,ok,,1000000.0,False,1.4638625928235358,0.3439194943597302,0.005714218014851766,29.65586772376478,1.2948361204013377,14.016722408026755,0.11999387677758636
goe585,1000000,ok,,1000000.0,False,0.44606314834759964,0.40455277100693465,0.005502984146779283,29.652965161881944,1.4592307692307693,14.016722408026755,0.082
k3311sm,1000000,ok,,1000000.0,False,0.05084745762711851,0.3695542372881356,0.005670677966101694,29.651801958355975,1.4237,15.0,0.11025280945757998
goe676,1000000,ok,,1000000.0,False,1.4406779661016946,0.295835593220339,0.005626610169491525,29.644528875858843,1.4156,15.0,0.119
goe602,1000000,ok,,1000000.0,False,-0.23842185817130623,0.4050267671900685,0.005504511082138201,29.6429220044169,1.279093311036789,10.996655518394647,0.0995
eh1590,1000000,ok,,1000000.0,False,2.3542883056516057,0.3232957825520093,0.005708172439204127,29.64227245196224,1.0945792642140468,10.996655518394647,0.08991997502428195
ssca09,1000000,ok,,1000000.0,False,1.4745762711864403,0.23484745762711862,0.005182711864406779,29.63070747452664,1.4595,15.0,0.08997457836752194
m12,1000000,ok,,1000000.0,False,1.4745762711864403,0.2993559322033898,0.005652033898305085,29.612616344571855,1.4713,15.0,0.1193
sc21006,1000000,ok,,1000000.0,False,-3.559322033898305,0.4155559322033899,0.005447627118644068,29.605675156325503,0.9838,2.0,0.06
e228,1000000,ok,,1000000.0,False,2.775069440507907,0.29031160365058656,0.005625800691570772,29.570571509041265,1.0810458193979933,11.989966555183944,0.10063157125112185
tempest1,1000000,ok,,1000000.0,False,2.186440677966102,0.2926389830508475,0.005637118644067797,29.570299332469485,1.2059,15.0,0.14496858045339123
n64212,1000000,ok,,1000000.0,False,1.4638625928235358,0.3424947905447537,0.00574957938892353,29.566867405787583,1.2676926421404682,14.016722408026755,0.11961505004880077
ht23,1000000,ok,,1000000.0,False,2.08349866787597,0.30720195000283423,0.005696759254010543,29.565687145026136,1.4047702341137125,13.996655518394647,0.06507682131415135
n63010a,1000000,ok,,1000000.0,False,2.3542883056516057,0.2538791224987244,0.005383430644521285,29.558154320164032,0.9643839464882943,10.996655518394647,0.0999
b29tip,1000000,ok,,1000000.0,False,1.463805906694633,0.33135987755796176,0.005750884303610907,29.554415576639343,1.160366220735786,12.96655518394649,0.08999289664516896
tsagi8,1000000,ok,,1000000.0,False,1.7118644067796618,0.3198813559322035,0.005734576271186441,29.55362993415081,0.847,7.0,0.0795
nlr1t,1000000,ok,,1000000.0,False,0.9069780624681139,0.27839557281333255,0.005565350036845983,29.553395693869962,1.3542351170568563,13.03010033444816,0.08699888941736028
supermarine371i,1000000,ok,,1000000.0,False,2.186440677966102,0.34875593220338985,0.005751864406779661,29.552383923079983,1.2374,15.0,0.13
ah85l120,1000000,ok,,1000000.0,False,2.898305084745763,0.3086440677966102,0.005709661016949153,29.54220845452734,0.7617,9.0,0.12103861179361179
c5e,1000000,ok,,1000000.0,False,1.1186440677966099,0.3213389830508474,0.00574457627118644,29.534168550892616,1.5683,15.0,0.10781224506400294
mh26,1000000,ok,,1000000.0,False,1.1568505186780795,0.31220600306105095,0.005724897681537328,29.529207154841448,1.1416371237458194,12.013377926421406,0.10978946847614088
boe106,1000000,ok,,1000000.0,False,0.05084745762711851,0.3331779661016949,0.005764915254237288,29.521407904842427,1.5336,15.0,0.1306
e67,1000000,ok,,1000000.0,False,-1.5895357406042745,0.36774583640383196,0.00573096536477524,29.52097830693506,1.509509364548495,14.016722408026755,0.1162050772675504
hq3512,1000000,ok,,1000000.0,False,-0.9110027776203165,0.3826142905730967,0.005687119777790375,29.50416538375966,1.4833678929765888,14.016722408026755,0.11957000000000001
c141f,1000000,ok,,1000000.0,False,0.7627118644067794,0.4136745762711864,0.005514745762711865,29.493647442833154,1.5765,15.0,0.09993627692102444
rg15a213,1000000,ok,,1000000.0,False,-0.6610169491525424,0.3034762711864407,0.0057113559322033896,29.486826836461383,1.516,15.0,0.12988422017993126
naca641112,1000000,ok,,1000000.0,False,2.0449521002210753,0.32117059690493727,0.00577168754605748,29.459854103079856,1.1448464882943143,10.986622073578594,0.11961420034080136
rae5212,1000000,ok,,1000000.0,False,0.40677966101694896,0.3382254237288136,0.005793559322033898,29.454008276785576,1.5373,15.0,0.11938871611683127
waspsm,1000000,ok,,1000000.0,False,0.10679666685562061,0.33760301570205775,0.005796893033274758,29.444903395375228,1.5110531772575253,14.016722408026755,0.09353107142857142
fx84w127,1000000,ok,,1000000.0,False,0.05084745762711851,0.3974593220338983,0.005642033898305084,29.443586671465432,1.4348,15.0,0.12753586074736506
e207,1000000,ok,,1000000.0,False,1.0995975284847797,0.3664098520492035,0.005771951703418174,29.432150184671546,1.3054287625418062,13.946488294314381,0.12020446433960726
raf31,1000000,ok,,1000000.0,False,1.1186440677966099,0.37033898305084745,0.005763559322033898,29.427275484733794,1.3456,15.0,0.1274
l188root,1000000,ok,,1000000.0,False,0.40677966101694896,0.3132,0.005764745762711865,29.42626393322974,1.4966,15.0,0.13984920889357588
n64012a,1000000,ok,,1000000.0,False,2.789977892409727,0.30828658806190123,0.0057532940309506266,29.41602285976572,1.1472090301003344,13.946488294314381,0.11986
e361,1000000,ok,,1000000.0,False,2.186440677966102,0.31623898305084747,0.005777966101694915,29.412351479421265,1.3828,15.0,0.12107430052371641
e68,1000000,ok,,1000000.0,False,-1.0169491525423728,0.3689457627118644,0.005783559322033898,29.38949486089889,1.4342,15.0,0.1309417725839656
n63012a,1000000,ok,,1000000.0,False,2.789977892409727,0.3087285924834193,0.0057769933677229175,29.35382749037393,1.172098662207358,13.946488294314381,0.1199
goe474,1000000,ok,,1000000.0,False,1.0091264667535844,0.4283270619579388,0.00546886911172836,29.350288699915087,1.3313759197324415,11.979933110367892,0.0695
e66,1000000,ok,,1000000.0,False,-2.0847457627118646,0.37092542372881354,0.005795762711864406,29.348355090309628,1.5942,15.0,0.10125872043899736
naca64a010,1000000,ok,,1000000.0,False,2.54407346522306,0.2632207187801145,0.005526140241482909,29.337690960855394,0.9454488294314382,10.006688963210703,0.099908002
m5,1000000,ok,,1000000.0,False,2.228104982710729,0.33216483192562757,0.00583949039170115,29.324978555611047,1.2300418060200669,11.979933110367892,0.08208276727672767
as6093,1000000,ok,,1000000.0,False,-2.1022050904143756,0.3365560399070347,0.005847735389150274,29.313354054418003,1.80068127090301,13.996655518394647,0.06059791930051625
prandtl-d-centerline,1000000,ok,,1000000.0,False,2.186440677966102,0.3510271186440679,0.005846779661016949,29.312737977867943,1.2038,15.0,0.12029474853037231
n64008a,1000000,ok,,1000000.0,False,1.9322033898305087,0.20013220338983054,0.0048379661016949155,29.301787870920887,0.717,7.0,0.07996
e195,1000000,ok,,1000000.0,False,0.40677966101694896,0.37547627118644067,0.005802881355932203,29.30026891689062,1.2953,15.0,0.11807589828510437
vr9,1000000,ok,,1000000.0,False,1.3332010656992228,0.19948460404738955,0.00483310186497364,29.283010325274617,0.6815983277591973,7.053511705685619,0.0606
amsoil2,1000000,ok,,1000000.0,False,1.4745762711864403,0.3005203389830508,0.0057727118644067795,29.277680735957183,1.5124,15.0,0.11761908272181454
rae5213,1000000,ok,,1000000.0,False,0.40677966101694896,0.28097966101694916,0.005671186440677965,29.275375108165594,1.4953,15.0,0.09948527272727273
e220,1000000,ok,,1000000.0,False,1.1175670313474289,0.3050147185533699,0.0057923241312850746,29.273578101735,1.2859976588628763,13.996655518394647,0.11459179802287382
vr7b,1000000,ok,,1000000.0,False,1.1175670313474289,0.33854413015135193,0.005869405362507794,29.26115754991817,1.5537919732441472,13.996655518394647,0.12029999999999999
hq3013,1000000,ok,,1000000.0,False,-0.6610169491525424,0.3439033898305085,0.005873559322033897,29.253924044367306,1.4637,15.0,0.12986999999999999
lwk80120k25,1000000,ok,,1000000.0,False,2.898305084745763,0.3101576271186441,0.0058233898305084745,29.238435458311933,1.2258,15.0,0.12058258903685352
sg6042,1000000,ok,,1000000.0,False,-1.0169491525423728,0.43139322033898303,0.0055015254237288135,29.23236083777825,1.6479,15.0,0.09998609075406414
naca64209,1000000,ok,,1000000.0,False,2.063034975341534,0.40650264157360694,0.005691400714245224,29.22380618362226,1.160771237458194,10.989966555183944,0.08979584693062237
s8025,1000000,ok,,1000000.0,False,2.0650189898531828,0.27339760217674736,0.005639011393911909,29.219806930514245,1.323071237458194,13.03344481605351,0.07980275510204081
gm15sm,1000000,ok,,1000000.0,False,-1.8286945184513348,0.3923384672070745,0.005775182245904427,29.211398076843153,1.487619397993311,12.013377926421406,0.06731345812807882
ls413,1000000,ok,,1000000.0,False,-1.3728813559322033,0.35363898305084746,0.005888983050847458,29.20467945747009,1.7382,15.0,0.1293
hq359,1000000,ok,,1000000.0,False,-0.5254237288135588,0.4279762711864407,0.005552881355932203,29.188102578356876,1.3633,11.0,0.08969999999999999
doa5,1000000,ok,,1000000.0,False,-0.6610169491525424,0.3533203389830509,0.005896440677966103,29.187394833763026,1.3989,15.0,0.1620459519038076
goe546,1000000,ok,,1000000.0,False,-0.6610169491525424,0.3780406779661017,0.0058488135593220344,29.176986403548785,1.5362,15.0,0.104
hq3513,1000000,ok,,1000000.0,False,-1.0169491525423728,0.3697033898305085,0.005873728813559322,29.175599215261425,1.4931,15.0,0.13
e434,1000000,ok,,1000000.0,False,-0.9322033898305087,0.39102542372881355,0.005800847457627119,29.169000143398065,1.4703,15.0,0.1333359815603337
ls413mod,1000000,ok,,1000000.0,False,-1.3728813559322033,0.3414525423728814,0.005911694915254237,29.158065252330495,1.7572,15.0,0.1302
fx60177,1000000,ok,,1000000.0,False,-2.0847457627118646,0.3257406779661017,0.005894915254237288,29.156244644592807,1.5067,15.0,0.17720153057957092
giiib,1000000,ok,,1000000.0,False,2.8375942406893024,0.30742769684258253,0.005845804659599795,29.14991513387049,1.1508153846153846,11.979933110367892,0.10444867260883381
e433,1000000,ok,,1000000.0,False,-2.0847457627118646,0.37125423728813556,0.005890338983050848,29.128428368543965,1.5325,15.0,0.14213177172960864
hq358,1000000,ok,,1000000.0,False,0.0,0.4851,0.00495,29.128213297533165,1.243,8.0,0.07969
e817,1000000,ok,,1000000.0,False,-1.0169491525423728,0.358038540899042,0.00592110084462332,29.116333613531854,1.1415,8.0,0.10980978654728982
nasasc2-0714,1000000,ok,,1000000.0,False,-2.0847457627118646,0.34677118644067795,0.005929322033898305,29.115775264242238,1.756,15.0,0.1393333333333333
rae5214,1000000,ok,,1000000.0,False,0.05084745762711851,0.23896271186440676,0.005369322033898305,29.108422056540963,1.5012,15.0,0.09666158441558442
ht35,1000000,ok,,1000000.0,False,2.082081514653364,0.2467436653250949,0.005450139447877104,29.103364863285694,1.0700909698996655,11.03010033444816,0.07499279342554431
s5020,1000000,ok,,1000000.0,False,1.9710900742588295,0.35099545377246194,0.005933528428093644,29.10196566952278,1.2997809364548496,12.013377926421406,0.08399531869145913
e360,1000000,ok,,1000000.0,False,2.186440677966102,0.33737118644067804,0.005942881355932203,29.074224243758376,1.389,15.0,0.12228681849418063
usa51,1000000,ok,,1000000.0,False,0.4395442435236099,0.3040118644067797,0.0058606541579275554,29.07143656345275,1.2107832775919734,12.996655518394647,0.09330000000000001
sd7032,1000000,ok,,1000000.0,False,-0.5762711864406782,0.38973050847457624,0.00585228813559322,29.06989540209306,1.6155,14.0,0.09955229948750516
s8021,1000000,ok,,1000000.0,False,2.2048636698599853,0.24823087693441415,0.005475350036845984,29.066826310308475,0.9525217391304347,10.006688963210703,0.07594060354182504
ms313,1000000,ok,,1000000.0,False,-0.6610169491525424,0.3159389830508475,0.005907627118644068,29.05950456017414,1.757,15.0,0.13134880000000002
raf34,1000000,ok,,1000000.0,False,1.8305084745762707,0.31045423728813554,0.005895254237288135,29.044563043488104,1.3093,15.0,0.1264
n64012,1000000,ok,,1000000.0,False,2.9304461198344747,0.3340404115412956,0.005951915991156963,29.04295420362269,1.08616254180602,10.996655518394647,0.11962
v13006,1000000,ok,,1000000.0,False,1.397596508134459,0.2378729210362224,0.005379163879598662,29.032268692889573,0.9409866220735785,8.979933110367892,0.059767160562244286
clarkysm,1000000,ok,,1000000.0,False,0.05084745762711851,0.3901050847457627,0.005868135593220339,29.032056540429533,1.5491,15.0,0.1172196577181208
bqm34,1000000,ok,,1000000.0,False,2.4519018196247373,0.25640360523779826,0.005562483419307295,29.03034254897223,1.1985645484949834,13.946488294314381,0.09894883011372252
defcnd3,1000000,ok,,1000000.0,False,1.101694915254237,0.3629610169491525,0.005950847457627119,29.02969980887945,1.5199,15.0,0.11476411896857514
e485,1000000,ok,,1000000.0,False,1.8305084745762707,0.2932440677966101,0.005825593220338983,29.026914083787148,1.3168,15.0,0.12516919862470885
fx66h80,1000000,ok,,1000000.0,False,1.8638399183719743,0.3545161498781248,0.005964553596734879,29.021951017688956,1.0736939799331104,10.996655518394649,0.07999819463087249
npl9615,1000000,ok,,1000000.0,False,2.186440677966102,0.29579661016949155,0.005841271186440678,29.01973383143569,1.3217,15.0,0.11300131212956485
s4061,1000000,ok,,1000000.0,False,0.10679666685562061,0.4245612266878295,0.0056670868998356105,29.01574595321781,1.5016297658862876,14.016722408026755,0.09614904114442833
mb253515sm,1000000,ok,,1000000.0,False,1.1245961113315568,0.33009505130094663,0.005957475766679894,29.014656912732057,1.165389297658863,14.016722408026755,0.14958
kc135b,1000000,ok,,1000000.0,False,1.8305084745762707,0.3500067796610169,0.005973220338983051,29.007433214742452,1.2807,15.0,0.1298
ht34,1000000,ok,,1000000.0,False,2.035258772178448,0.2426669123065586,0.005438784649396293,29.000794880262955,1.0334812709030101,10.006688963210703,0.0697351646424462
naca001035,1000000,ok,,1000000.0,False,1.9491525423728806,0.2180084745762711,0.005156440677966102,28.989431219578293,0.4718,5.0,0.1
goe14k,1000000,ok,,1000000.0,False,-0.6610169491525424,0.34270169491525426,0.0059805084745762705,28.989165900602593,1.2805,15.0,0.12
hq010,1000000,ok,,1000000.0,False,2.228104982710729,0.2473650756759819,0.0054998565840938705,28.95471200707615,1.1433618729096988,11.979933110367892,0.09999184758245278
sc20410,1000000,ok,,1000000.0,False,0.11756703134742885,0.25642075279179183,0.005586958789184287,28.950624403240973,1.447851839464883,12.996655518394647,0.09970000000000001
raf27,1000000,ok,,1000000.0,False,2.413808741001075,0.25712275381214195,0.005597946828411086,28.93540961074215,1.037323745819398,10.013377926421402,0.0976
mh38,1000000,ok,,1000000.0,False,-0.23842185817130623,0.4074494104642593,0.005832126863556488,28.91960748615961,1.336930100334448,10.996655518394647,0.09685058004088934
goe617,1000000,ok,,1000000.0,False,1.4745762711864403,0.3164050847457627,0.005963559322033898,28.914637277295427,1.3756,15.0,0.1385
eh2010,1000000,ok,,1000000.0,False,2.228104982710729,0.31404998582846755,0.005958960943257184,28.906640769742925,1.1841755852842808,11.979933110367892,0.10076657152768143
nl722343,1000000,ok,,1000000.0,False,0.18451334958335686,0.2523073521909189,0.0055626682160875235,28.905135432268803,1.3435648829431437,12.993311036789297,0.0861154422885594
lwk80100,1000000,ok,,1000000.0,False,2.229635508191146,0.23456866957655467,0.005379488124255996,28.901716842929915,1.0620541806020067,11.983277591973245,0.10059194177764014
m685,1000000,ok,,1000000.0,False,1.4638625928235358,0.2900739980726716,0.005852719233603536,28.898611089410977,1.2340745819397994,14.016722408026755,0.10208500000000001
ah79k135,1000000,ok,,1000000.0,False,0.05084745762711851,0.3315135593220339,0.006005593220338983,28.898551289649024,1.2103,15.0,0.13484539234149404
hq3014,1000000,ok,,1000000.0,False,-0.6610169491525424,0.3403050847457627,0.006023728813559322,28.879738255693287,1.4698,15.0,0.13986
clarkx,1000000,ok,,1000000.0,False,0.7627118644067794,0.4489101694915254,0.005524915254237288,28.873064472692988,1.4924,15.0,0.11699999999999999
e853,1000000,ok,,1000000.0,False,-1.1240859361714195,0.3455775579615667,0.006031313984468001,28.867968834578853,1.3175588628762542,11.979933110367892,0.11602263108390248
vr5,1000000,ok,,1000000.0,False,0.40677966101694896,0.34939491525423727,0.006034915254237288,28.860067709103728,1.4775,15.0,0.12
mrc-20,1000000,ok,,1000000.0,False,-0.25423728813559343,0.36887796610169493,0.006015254237288136,28.857214059292748,1.4762,15.0,0.15583858813640117
raf48,1000000,ok,,1000000.0,False,1.1186440677966099,0.3487372881355932,0.006037796610169492,28.8533011833683,1.3991,15.0,0.1496
apex16,1000000,ok,,1000000.0,False,0.08474576271186418,0.4177508474576271,0.005802203389830508,28.846400112351922,1.3503,15.0,0.12918326747864356
goe600,1000000,ok,,1000000.0,False,1.1186440677966099,0.34924745762711856,0.00604271186440678,28.841520221331795,1.4575,15.0,0.13074367630221662
sc20614,1000000,ok,,1000000.0,False,-1.3728813559322033,0.3257491525423729,0.006026779661016949,28.816181630168195,1.7318,15.0,0.13990000000000002
sc20714,1000000,ok,,1000000.0,False,-2.0847457627118646,0.35181186440677964,0.006055084745762712,28.811111592543025,1.7695,15.0,0.1396
prandtl-d-wingtip,1000000,ok,,1000000.0,False,2.642367212743041,0.28139084519018187,0.005830977835723598,28.804148889355123,1.0955936454849498,10.996655518394647,0.09631756214915799
e407,1000000,ok,,1000000.0,False,-2.440677966101695,0.342928813559322,0.006057627118644068,28.80162226201193,1.5756,15.0,0.14426852091972503
psu94097,1000000,ok,,1000000.0,False,-0.7304007709313538,0.4197004704948698,0.0058144164163029316,28.795276869601043,1.5713478260869564,12.993311036789297,0.09696090228881422
s4062,1000000,ok,,1000000.0,False,-0.5717362961283374,0.40072270846323904,0.00593308485913497,28.788349922494753,1.5275652173913044,14.016722408026755,0.09540864754955213
ah80136,1000000,ok,,1000000.0,False,1.8305084745762707,0.3430898305084745,0.0060694915254237295,28.77319798469765,1.3204,15.0,0.1354874704567231
s4233,1000000,ok,,1000000.0,False,-0.30508474576271194,0.3324288135593221,0.0060622033898305085,28.760634367556015,1.3681,15.0,0.13640096861463877
v13009,1000000,ok,,1000000.0,False,1.4745762711864403,0.26173559322033896,0.005696610169491525,28.75016254555234,1.553,15.0,0.08999546127798719
a18sm,1000000,ok,,1000000.0,False,-1.1788447366929313,0.3704051584377303,0.006060076526274021,28.749584719189127,1.5364234113712374,12.963210702341136,0.07282035714285715
mh116,1000000,ok,,1000000.0,False,-1.1240859361714195,0.400776095459441,0.005952116093191996,28.74848429667903,1.414901337792642,11.979933110367892,0.09848824450926127
e171,1000000,ok,,1000000.0,False,2.9994898248398627,0.33570327078963785,0.006073055949209229,28.746322533130538,1.049634448160535,12.963210702341136,0.12252962868661149
goe704,1000000,ok,,1000000.0,False,1.8031290743155148,0.29897887874837026,0.005957470664928292,28.738895755481252,1.3405163879598663,14.016722408026755,0.12945400686319383
e214,1000000,ok,,1000000.0,False,-1.9288022220962535,0.4013754435689586,0.005955792755512726,28.734612376569622,1.5659795986622074,14.016722408026755,0.1110151474104881
fx79l100,1000000,ok,,1000000.0,False,3.0328212686355656,0.31788196814239567,0.0060406195793889245,28.725013564919635,1.234764882943144,13.03344481605351,0.10064252315554136
fx74130wp2mod,1000000,ok,,1000000.0,False,-0.7796610169491527,0.38903728813559324,0.006016101694915255,28.724734898323444,1.3276,15.0,0.12907275007742336
dae51,1000000,ok,,1000000.0,False,-0.2324698146363584,0.4496611700017006,0.005604093305368176,28.713159550993286,1.5940933110367894,14.016722408026755,0.09378006999536195
npl9660,1000000,ok,,1000000.0,False,1.8305084745762707,0.2813305084745762,0.005862033898305085,28.71166109225327,1.3944,15.0,0.11300131212956485
goe281,1000000,ok,,1000000.0,False,1.0855393685165242,0.6021382517997846,0.0029425661810554954,28.70695727364194,1.3355896321070233,11.003344481605351,0.08039323353323234
p51hroot,1000000,ok,,1000000.0,False,1.8305084745762707,0.3544271186440678,0.006103559322033898,28.69549656317013,1.1361,15.0,0.15498071054363832
p51dtip,1000000,ok,,1000000.0,False,1.87098237061391,0.35771457967235404,0.006101932996995636,28.694924147370532,1.0566879598662207,10.013377926421402,0.11405037761322084
goe602m,1000000,ok,,1000000.0,False,-1.1059463749220564,0.36329152258942243,0.00610469219432005,28.675909795863795,1.3271892976588628,12.046822742474916,0.096
npl9627,1000000,ok,,1000000.0,False,2.186440677966102,0.31329661016949156,0.006050508474576272,28.6578180356796,1.4884,15.0,0.12155189800512892
e392,1000000,ok,,1000000.0,False,-0.5157870868998353,0.40008026755852844,0.006000525480414943,28.656034222737528,1.439095652173913,13.03344481605351,0.10143389272101934
nplx,1000000,ok,,1000000.0,False,1.1186440677966099,0.26118305084745763,0.005722542372881356,28.653079662708777,1.3631,15.0,0.10663869932432432
as6092,1000000,ok,,1000000.0,False,-1.5572813332577518,0.4118808004081401,0.005946504733291764,28.634660963958833,1.740892976588629,12.013377926421406,0.05050577030537938
e582,1000000,ok,,1000000.0,False,-1.7288135593220337,0.37167966101694916,0.006114915254237289,28.622178672347122,1.4741,15.0,0.14734536017467248
lwk80150k25,1000000,ok,,1000000.0,False,2.898305084745763,0.32242372881355935,0.00609593220338983,28.618340200914282,1.2509,15.0,0.1503732362960669
ys930,1000000,ok,,1000000.0,False,-0.15254237288135553,0.3930406779661017,0.006052542372881356,28.614336291508344,0.8813,6.0,0.09090531585712024
ah79k132,1000000,ok,,1000000.0,False,-0.30508474576271194,0.35192711864406784,0.006142372881355932,28.60661010853081,1.2373,15.0,0.13196385750156936
e201,1000000,ok,,1000000.0,False,0.08474576271186418,0.37043728813559323,0.006132203389830508,28.589401143547096,1.3102,15.0,0.11861728889534007
e521,1000000,ok,,1000000.0,False,2.5423728813559325,0.29236610169491534,0.005976610169491526,28.5850594677739,1.173,15.0,0.13767840436699558
goe677,1000000,ok,,1000000.0,False,2.142395555807493,0.31845607958732486,0.006103884133552519,28.56667794501309,1.3300779264214047,14.016722408026755,0.11950000000000001
vr15,1000000,ok,,1000000.0,False,1.1186440677966099,0.23569152542372876,0.005489661016949152,28.55995988053666,1.3722,15.0,0.079557
n6h10,1000000,ok,,1000000.0,False,2.1427356725809195,0.36578724562099657,0.006158538631596848,28.547644064546567,1.19748127090301,14.046822742474916,0.10017000000000001
fx05191,1000000,ok,,1000000.0,False,-1.0169491525423728,0.36552033898305086,0.006162711864406779,28.539141187171477,1.382,15.0,0.19077186126266563
nl722362,1000000,ok,,1000000.0,False,0.7593106966725234,0.27387714982143857,0.0058665313757723485,28.537318845287707,1.252278260869565,11.989966555183944,0.08614358920411244
rae100,1000000,ok,,1000000.0,False,2.6780794739527245,0.28770653024204984,0.005966505300153053,28.532694859232063,1.2671508361204014,12.963210702341136,0.099956
m15,1000000,ok,,1000000.0,False,1.1245961113315568,0.4243843886400997,0.0059185924834193075,28.527863245181674,1.4677628762541806,14.016722408026755,0.11998776505250525
ncambre,1000000,ok,,1000000.0,False,1.8305084745762707,0.2882525423728813,0.005972203389830509,28.5264750891633,1.4591,15.0,0.1151911445380828
hobiesm,1000000,ok,,1000000.0,False,-0.8207017742758342,0.36540764695878925,0.006170277195170342,28.52261787035545,1.318824414715719,10.976588628762542,0.085743
e585,1000000,ok,,1000000.0,False,-1.7288135593220337,0.38608813559322036,0.0061255932203389835,28.515832183351062,1.5007,15.0,0.14616149546225193
n2414,1000000,ok,,1000000.0,False,1.1186440677966099,0.36291694915254236,0.006177118644067797,28.51378331762999,1.5263,15.0,0.13999151621078038
sd7034,1000000,ok,,1000000.0,False,0.05084745762711851,0.4152813559322034,0.005990847457627118,28.50594890177572,1.6223,15.0,0.10508449986522966
vr13,1000000,ok,,1000000.0,False,1.1186440677966099,0.2838016949152542,0.005957457627118644,28.484543111293704,1.5422,15.0,0.09450800000000001
fx79w151a,1000000,ok,,1000000.0,False,0.7627118644067794,0.357328813559322,0.006200000000000001,28.471337245371025,1.3084,15.0,0.15161723411050781
fx60126,1000000,ok,,1000000.0,False,-1.3728813559322033,0.35446610169491527,0.00620406779661017,28.46386145440345,1.7273,15.0,0.12590283892617452
j5012,1000000,ok,,1000000.0,False,2.898305084745763,0.28317288135593227,0.0059608474576271185,28.462401640558344,1.2011,15.0,0.11994381907490789
hq3015,1000000,ok,,1000000.0,False,-0.6610169491525424,0.3392050847457627,0.00619728813559322,28.45702321520966,1.486,15.0,0.14983
oa213,1000000,ok,,1000000.0,False,1.1186440677966099,0.290157627118644,0.006015254237288136,28.439595380792074,1.5407,15.0,0.125635066427779
geminism,1000000,ok,,1000000.0,False,1.4745762711864403,0.33966610169491523,0.006214745762711865,28.416971572944053,1.3131,15.0,0.15376389707927676
clarky,1000000,ok,,1000000.0,False,0.7627118644067794,0.46382881355932204,0.005636271186440678,28.3924974428151,1.5232,15.0,0.1170712
e431,1000000,ok,,1000000.0,False,-1.7288135593220337,0.3931779661016949,0.006166101694915254,28.37862243674173,1.5149,15.0,0.15119797843556693
naca652415a05,1000000,ok,,1000000.0,False,0.40677966101694896,0.3480830508474576,0.006240677966101694,28.376091921168882,1.2604,15.0,0.1499491833174475
be50sm,1000000,ok,,1000000.0,False,-0.8193413071821336,0.4020976418570375,0.006129543109801031,28.374740455016138,1.599685618729097,11.979933110367892,0.07315526627218935
s8038,1000000,ok,,1000000.0,False,1.8305084745762707,0.31326949152542366,0.00616271186440678,28.366393151849323,1.4043,15.0,0.1299851362014936
s2091,1000000,ok,,1000000.0,False,0.40677966101694896,0.4560118644067796,0.005733898305084746,28.365430137932,1.6341,15.0,0.10108287677635414
naca652215,1000000,ok,,1000000.0,False,1.4745762711864403,0.3456033898305084,0.006247966101694915,28.35485359558259,1.2195,15.0,0.14994962412700447
goe780,1000000,ok,,1000000.0,False,1.9661016949152543,0.2508169491525423,0.005717966101694916,28.35111698746672,0.3834,4.0,0.12000000000000001
ah93157,1000000,ok,,1000000.0,False,-0.9152542372881358,0.29414067796610166,0.006072372881355932,28.34964655216584,1.2628,14.0,0.1568382147623286
n8h12,1000000,ok,,1000000.0,False,1.1186440677966099,0.3037525423728813,0.006126949152542372,28.346061791029406,1.2792,15.0,0.11978358227109079
raf32md,1000000,ok,,1000000.0,False,-1.0169491525423728,0.3988050847457627,0.006162203389830509,28.339365817428117,1.4331,15.0,0.1016
rae5215,1000000,ok,,1000000.0,False,0.05084745762711851,0.24316949152542372,0.005641186440677966,28.334361921003186,1.5886,15.0,0.09647792207792208
rc10b3,1000000,ok,,1000000.0,False,1.4745762711864403,0.30566271186440674,0.006141355932203389,28.33314436700392,1.3743,15.0,0.09972366130308626
naca652415,1000000,ok,,1000000.0,False,0.08474576271186418,0.3569389830508475,0.006269322033898305,28.315122720013356,1.3244,15.0,0.14993185585710256
sd8020,1000000,ok,,1000000.0,False,2.789977892409727,0.29716536477523947,0.006108879882092852,28.298977372114518,1.1912127090301003,13.946488294314381,0.1009853306227263
hq3514,1000000,ok,,1000000.0,False,-1.0169491525423728,0.37060000000000004,0.006268474576271187,28.29132323015091,1.5375,15.0,0.14
s8037,1000000,ok,,1000000.0,False,1.4745762711864403,0.368757627118644,0.006275254237288135,28.282313537587317,1.3982,15.0,0.16000098670057666
fx78k140,1000000,ok,,1000000.0,False,0.23728813559322035,0.334735593220339,0.006263220338983052,28.281078238405925,1.2168,14.0,0.14089862186435428
npl9626,1000000,ok,,1000000.0,False,2.5423728813559325,0.32788135593220347,0.006249491525423729,28.274383492944523,1.3697,15.0,0.12061904190382244
naca16009,1000000,ok,,1000000.0,False,1.9322033898305087,0.21014237288135595,0.005236271186440678,28.27306253314428,0.6299,6.0,0.09
ah81131,1000000,ok,,1000000.0,False,1.5762711864406782,0.34576949152542374,0.006289152542372881,28.259745609616786,1.1503,15.0,0.1304896035924435
eh2012,1000000,ok,,1000000.0,False,2.3876197494473104,0.3307730287398674,0.006264038319823139,28.257469016673557,1.2519959866220736,13.03344481605351,0.11988596600763095
s9032,1000000,ok,,1000000.0,False,2.481662037299472,0.27276520605407845,0.005954229352077546,28.252285514991822,1.3580107023411372,14.016722408026755,0.08999911724137931
e520,1000000,ok,,1000000.0,False,2.898305084745763,0.3388338983050848,0.006299661016949153,28.21320460754309,1.2117,15.0,0.14998860306643952
avistar,1000000,ok,,1000000.0,False,1.8305084745762707,0.3389067796610169,0.006300847457627119,28.210715471489795,1.3052,15.0,0.14517053936022253
fx66h60,1000000,ok,,1000000.0,False,2.711864406779661,0.325871186440678,0.006274237288135593,28.199805400303816,0.8275,8.0,0.06015037783375315
s9026,1000000,ok,,1000000.0,False,2.898305084745763,0.31000000000000005,0.006216779661016949,28.19104037901751,1.3163,15.0,0.094992697280428
goe738,1000000,ok,,1000000.0,False,2.5423728813559325,0.3486745762711865,0.006322542372881356,28.18908303812154,1.3648,15.0,0.15439999999999998
goe593,1000000,ok,,1000000.0,False,0.05084745762711851,0.44808474576271184,0.005920338983050848,28.170244078196745,1.5328,15.0,0.11900000000000001
fx83w108,1000000,ok,,1000000.0,False,-1.7288135593220337,0.3610135593220339,0.006334745762711864,28.16706657278941,1.569,15.0,0.10865855649902023
sc20412,1000000,ok,,1000000.0,False,0.05084745762711851,0.28005423728813555,0.006043389830508474,28.162580203792057,1.6257,15.0,0.12
ultimate,1000000,ok,,1000000.0,False,3.6423105266141373,0.320917844793379,0.0062753097896944615,28.156799214192763,1.1810973244147156,12.963210702341136,0.12844975577190543
a18,1000000,ok,,1000000.0,False,-1.9356045575647638,0.39016077319879827,0.006286136273453886,28.15579975339986,1.4662521739130434,9.986622073578594,0.07345
fx69h098,1000000,ok,,1000000.0,False,1.0972167110708009,0.29227697976305195,0.0061331908621960205,28.15248902509835,1.360138795986622,13.03344481605351,0.09885287958115184
davis,1000000,ok,,1000000.0,False,-0.2146136840315176,0.3984815543336545,0.006262283884133553,28.141891933845795,1.3046555183946487,12.963210702341136,0.11249999999999999
n63415,1000000,ok,,1000000.0,False,0.05084745762711851,0.3553135593220339,0.006347118644067797,28.141050636166202,1.4476,15.0,0.1499810962264027
eh2510,1000000,ok,,1000000.0,False,1.8474576271186445,0.2999966101694916,0.006184576271186441,28.14040243007752,0.9861,8.0,0.09994
naca16015,1000000,ok,,1000000.0,False,2.898305084745763,0.29696610169491533,0.006167457627118645,28.13881187789711,1.2038,15.0,0.15
e186,1000000,ok,,1000000.0,False,2.642367212743041,0.3380345842072444,0.006330660393401735,28.137065292638464,1.0735421404682275,10.996655518394647,0.10268239951714138
naca662215,1000000,ok,,1000000.0,False,1.8305084745762707,0.386393220338983,0.006312033898305084,28.12670497290142,1.1542,15.0,0.149896254992115
naca0008,1000000,ok,,1000000.0,False,2.228104982710729,0.25350312907431527,0.005817595374411878,28.123839920090116,1.1622926421404682,11.979933110367892,0.08001915623852546
s9033,1000000,ok,,1000000.0,False,2.481662037299472,0.2915644861402414,0.0061421878011450595,28.115525123891818,1.3440304347826086,14.016722408026755,0.0749604918032787
e393,1000000,ok,,1000000.0,False,-1.4835893656822172,0.3735675301853637,0.006346717873136443,28.114207908010737,1.494752508361204,13.03344481605351,0.1152321722789957
sm701,1000000,ok,,1000000.0,False,-1.7288135593220337,0.3614322033898305,0.006359661016949152,28.11208807242298,1.677,15.0,0.1598852176267367
fx75141,1000000,ok,,1000000.0,False,-1.3728813559322033,0.37382542372881356,0.006348135593220339,28.11033671273274,1.5057,15.0,0.14133415841584157
fx84w140,1000000,ok,,1000000.0,False,-0.30508474576271194,0.4261050847457627,0.006134745762711865,28.09778939345649,1.4454,15.0,0.14081868093260938
fx60160,1000000,ok,,1000000.0,False,-1.0169491525423728,0.3487118644067797,0.00637,28.081419217326907,1.4195,15.0,0.15595
n63215,1000000,ok,,1000000.0,False,1.4745762711864403,0.34763559322033893,0.006371186440677966,28.076342998054386,1.3285,15.0,0.14998597887046866
goe493,1000000,ok,,1000000.0,False,-0.593220338983051,0.3548881355932203,0.006376271186440678,28.075946906165896,1.3877,15.0,0.14961839313023073
m6,1000000,ok,,1000000.0,False,2.186440677966102,0.31968474576271194,0.006304237288135593,28.07412820943593,1.4052,15.0,0.1201
s4083,1000000,ok,,1000000.0,False,0.09064112011790693,0.42409358879882086,0.0061664627855563744,28.063857996843822,1.4226652173913044,11.02675585284281,0.0799870192236414
e197,1000000,ok,,1000000.0,False,0.7627118644067794,0.3824898305084745,0.006353220338983051,28.06336028259726,1.2873,15.0,0.13477724199249397
naca0006,1000000,ok,,1000000.0,False,1.9322033898305087,0.23186440677966103,0.005593050847457627,28.047292356182574,0.7343,7.0,0.0600143671788941
ht33,1000000,ok,,1000000.0,False,2.1355932203389827,0.2386796610169491,0.0056786440677966095,28.04037708140848,0.9686,10.0,0.05946530695473251
naca632615,1000000,ok,,1000000.0,False,-1.3728813559322033,0.36091016949152543,0.006393898305084746,28.037720711174856,1.5513,15.0,0.1499863033601802
n64015a,1000000,ok,,1000000.0,False,2.898305084745763,0.32655084745762714,0.006343728813559322,28.036514025238972,1.2109,15.0,0.14974
n13,1000000,ok,,1000000.0,False,2.5423728813559325,0.25741525423728817,0.0058886440677966105,28.027821917391414,1.2101,15.0,0.118
mh95,1000000,ok,,1000000.0,False,0.7627118644067794,0.297835593220339,0.006217966101694916,28.018814954658183,1.3701,15.0,0.15843908570632156
raf30md,1000000,ok,,1000000.0,False,2.1138257468397477,0.2375778583980499,0.005672937475199817,28.015616396943834,0.872585618729097,8.959866220735785,0.076
fx84w150,1000000,ok,,1000000.0,False,-0.6610169491525424,0.39470169491525425,0.006344915254237288,28.006443817095082,1.4352,15.0,0.14988830405621206
s9027,1000000,ok,,1000000.0,False,2.4519018196247373,0.27698862309392885,0.006077673601269769,27.996896224802544,1.3076217391304348,13.946488294314381,0.0799989516864175
fx79l120,1000000,ok,,1000000.0,False,2.898305084745763,0.3156813559322034,0.006325762711864407,27.98052378669984,1.3284,15.0,0.12065884381986586
ah93156,1000000,ok,,1000000.0,False,-0.8474576271186445,0.2992915254237288,0.006246271186440678,27.96754542000042,1.1997,13.0,0.1566299106699752
naca642415,1000000,ok,,1000000.0,False,0.05084745762711851,0.35309830508474577,0.006425084745762712,27.965789622562827,1.398,15.0,0.14962892530698893
ah93k131,1000000,ok,,1000000.0,False,0.40677966101694896,0.281464406779661,0.006124576271186441,27.965320869329346,1.3029,15.0,0.13093057455509297
n642415,1000000,ok,,1000000.0,False,0.05084745762711851,0.35300338983050844,0.0064255932203389834,27.96452869656544,1.398,15.0,0.14962892530698893
hq17,1000000,ok,,1000000.0,False,-1.0169491525423728,0.4595440677966102,0.005930169491525424,27.963963385427643,1.2846,15.0,0.15217
goe100,1000000,ok,,1000000.0,False,0.3728813559322033,0.43847288135593215,0.006117966101694915,27.963621608148056,1.1712,8.0,0.06571810349647511
n63015a,1000000,ok,,1000000.0,False,2.898305084745763,0.32672033898305086,0.006381694915254238,27.94675625056859,1.2287,15.0,0.14992
cr001sm,1000000,ok,,1000000.0,False,-0.5362507794342726,0.4674575477580636,0.005859150841789014,27.945831413166797,1.5046698996655519,13.03010033444816,0.073315
mh106,1000000,ok,,1000000.0,False,3.16019500028343,0.35509089053908505,0.0064372819001190405,27.941297212169736,1.2733645484949834,14.016722408026755,0.1305309058379489
naca642215,1000000,ok,,1000000.0,False,1.4745762711864403,0.34574067796610164,0.006437457627118644,27.92121964476773,1.2829,15.0,0.1496289446660281
n64215,1000000,ok,,1000000.0,False,1.4745762711864403,0.34574067796610164,0.006437457627118644,27.92121964476773,1.2829,15.0,0.1496289446660281
naca0010,1000000,ok,,1000000.0,False,2.5423728813559325,0.2701728813559322,0.006046949152542373,27.918086614761563,1.3663,15.0,0.10002394529815684
w1011,1000000,ok,,1000000.0,False,2.898305084745763,0.3161033898305085,0.006358813559322034,27.903390436304022,1.4108,15.0,0.10998391227110715
fx83w160,1000000,ok,,1000000.0,False,-1.7288135593220337,0.3715305084745763,0.0064508474576271185,27.90076388243641,1.4885,15.0,0.16049830405621207
s2027,1000000,ok,,1000000.0,False,0.40677966101694896,0.3504542372881356,0.006452881355932204,27.89939509292035,1.3931,15.0,0.1450066757695081
n0009sm,1000000,ok,,1000000.0,False,2.3876197494473104,0.2747808032424466,0.006094134119380987,27.89817278489947,1.2014354515050167,13.03344481605351,0.09015811887655127
fx68h120,1000000,ok,,1000000.0,False,1.31931296411768,0.3094372881355931,0.006329733575194149,27.897290881646363,1.1694505016722407,11.993311036789297,0.11807000000000001
ah82150a,1000000,ok,,1000000.0,False,-1.0169491525423728,0.3432389830508475,0.006444745762711864,27.89589324397003,1.2799,15.0,0.1499783090740167
n11h9,1000000,ok,,1000000.0,False,2.0338983050847457,0.4784864406779661,0.005767627118644068,27.89255411266498,1.4027,15.0,0.08979567322851041
naca632a015,1000000,ok,,1000000.0,False,2.11864406779661,0.3431050847457627,0.006446101694915255,27.89229858121572,1.3549,15.0,0.1498673618652188
n0012,1000000,ok,,1000000.0,False,2.898305084745763,0.30915084745762716,0.006331016949152542,27.890398879852608,1.381,15.0,0.12003129744677939
vr11x,1000000,ok,,1000000.0,False,0.508474576271186,0.25764237288135583,0.005938474576271186,27.883601072903193,1.5189,15.0,0.10971
sg6040,1000000,ok,,1000000.0,False,-0.6610169491525424,0.3241966101694915,0.006407966101694916,27.86299559667014,1.4341,15.0,0.15994218945971542
n2415,1000000,ok,,1000000.0,False,1.1186440677966099,0.36387118644067795,0.00647593220338983,27.85919718768488,1.5213,15.0,0.1499911151768592
s4310,1000000,ok,,1000000.0,False,0.10679666685562061,0.453000710466149,0.006056860344273757,27.8544249275072,1.5130899665551838,14.016722408026755,0.10852895109235901
sc20414,1000000,ok,,1000000.0,False,0.05084745762711851,0.314271186440678,0.006374745762711864,27.843685244502534,1.6855,15.0,0.14
naca16012,1000000,ok,,1000000.0,False,1.954310980103167,0.2173550422311659,0.005460587268295447,27.829381949921885,1.0864280936454849,12.050167224080266,0.12
s8036,1000000,ok,,1000000.0,False,1.8305084745762707,0.36894067796610164,0.006488135593220338,27.827670933095177,1.3569,15.0,0.1599644639837
n64015,1000000,ok,,1000000.0,False,2.898305084745763,0.3365949152542373,0.006460847457627119,27.827570164939367,1.1688,15.0,0.14964
goe391,1000000,ok,,1000000.0,False,0.1186440677966103,0.3956796610169492,0.006441525423728813,27.809341842060956,1.1844,10.0,0.051
k3,1000000,ok,,1000000.0,False,-2.0847457627118646,0.3529694915254237,0.0064977966101694914,27.805421661034973,1.6794,15.0,0.1731130003945731
raf30,1000000,ok,,1000000.0,False,2.898305084745763,0.29665254237288136,0.0062952542372881354,27.796883916404937,1.2915,15.0,0.1264
boe103,1000000,ok,,1000000.0,False,0.05084745762711851,0.4277220338983051,0.006295084745762712,27.78484042926299,1.5563,15.0,0.1272
e587,1000000,ok,,1000000.0,False,-2.7966101694915255,0.3555135593220339,0.0065105084745762706,27.78182006765072,1.5431,15.0,0.16650871706520204
oa212,1000000,ok,,1000000.0,False,1.8305084745762707,0.2908440677966101,0.006263389830508475,27.77730461143265,1.5021,15.0,0.1200831123974014
mh27,1000000,ok,,1000000.0,False,1.0091264667535844,0.32605234397143,0.006453035542202823,27.771665726806457,1.1814866220735785,11.979933110367892,0.11981200851640836
naca2415,1000000,ok,,1000000.0,False,1.1186440677966099,0.3643593220338983,0.0065176271186440675,27.77032840855812,1.5068,15.0,0.1500823023551126
fx63100,1000000,ok,,1000000.0,False,-2.268068703588232,0.42358747236551214,0.006337858398049997,27.754765027787137,1.8136983277591974,14.016722408026755,0.0992448275862069
ah88k130,1000000,ok,,1000000.0,False,-1.1362734538858343,0.4251782552009523,0.006332145569979027,27.74729339515448,1.3497441471571907,13.996655518394647,0.12996445945945945
e668,1000000,ok,,1000000.0,False,-1.7288135593220337,0.38674067796610173,0.0064996610169491525,27.746058947399742,1.5259,15.0,0.1389881211098359
nacam6,1000000,ok,,1000000.0,False,1.4745762711864403,0.2918067796610169,0.006290508474576271,27.72357784988142,1.3385,15.0,0.1201
pmc19sm,1000000,ok,,1000000.0,False,2.522476050110537,0.349460574797347,0.00653629329403095,27.712581162505842,1.2377217391304347,12.043478260869565,0.09190254798331016
falcon,1000000,ok,,1000000.0,False,2.481662037299472,0.35309136670256774,0.0065430315741738,27.706949740273522,1.3710739130434781,14.016722408026755,0.13672153129346315
fx77080,1000000,ok,,1000000.0,False,2.3566691230655863,0.281491672807664,0.006218703021370672,27.706811312798873,1.1631290969899666,12.963210702341136,0.08046469798657718
nacam18,1000000,ok,,1000000.0,False,2.11864406779661,0.4302779661016949,0.006330508474576271,27.69095708867643,1.3938,15.0,0.11960000000000001
e403,1000000,ok,,1000000.0,False,-1.7288135593220337,0.3826932203389831,0.006536779661016949,27.689639480195737,1.4527,15.0,0.14956934995838878
e435,1000000,ok,,1000000.0,False,-2.9491525423728815,0.3523033898305084,0.006552542372881357,27.684512002670594,1.5715,14.0,0.16231843864133333
sc1095,1000000,ok,,1000000.0,False,2.142395555807493,0.31106999603197083,0.00642394875573947,27.683585740606127,1.4269468227424749,14.016722408026755,0.09494985889449872
e837,1000000,ok,,1000000.0,False,2.898305084745763,0.3345254237288136,0.006520847457627119,27.677247601340298,1.0716,15.0,0.1610412048192771
naca001264,1000000,ok,,1000000.0,False,2.186440677966102,0.2249203389830509,0.005614406779661018,27.663759573986493,1.3284,15.0,0.12
e854,1000000,ok,,1000000.0,False,-1.2502692591122955,0.3515951930162689,0.006564962303724278,27.6557510189851,1.4235347826086957,14.016722408026755,0.13399092140321908
du-80-141,1000000,ok,,1000000.0,False,-1.7288135593220337,0.3111389830508475,0.006439322033898305,27.64664804673912,1.5569,15.0,0.1404247346387626
goe415,1000000,ok,,1000000.0,False,1.0169491525423728,0.4863610169491525,0.005828135593220338,27.64511229499173,1.2415,10.0,0.08470724526545309
tsagi12,1000000,ok,,1000000.0,False,1.5995691854203269,0.3051518451334957,0.0064114959469417825,27.63358759753879,1.1701344481605351,10.013377926421402,0.119
fx76100,1000000,ok,,1000000.0,False,2.820928518791451,0.29710420044215174,0.006363463522476049,27.62809542988469,1.2838836120401338,14.016722408026755,0.10064622818791946
oaf095,1000000,ok,,1000000.0,False,-1.3728813559322033,0.36612542372881357,0.006592203389830509,27.612944490896567,1.7178,15.0,0.09476436584553928
goe372,1000000,ok,,1000000.0,False,-0.7796610169491522,0.368964406779661,0.00659135593220339,27.612668974348477,0.9315,5.0,0.06199887856146031
ah81k144,1000000,ok,,1000000.0,False,-0.6610169491525424,0.3413762711864407,0.006567118644067797,27.61222081742312,1.397,15.0,0.14458309165097302
fx61147,1000000,ok,,1000000.0,False,-2.143075789354345,0.33613228275041096,0.006554231052661414,27.611486411410493,1.511738127090301,12.963210702341136,0.14764262247838617
lwk79100,1000000,ok,,1000000.0,False,2.789977892409727,0.31124458364038315,0.006456086956521739,27.606887583397548,1.2732357859531773,13.946488294314381,0.09993387919463087
goe693,1000000,ok,,1000000.0,False,0.7627118644067794,0.46601186440677966,0.0060840677966101705,27.599046539770185,1.5343,15.0,0.12
b540ols,1000000,ok,,1000000.0,False,2.898305084745763,0.3299796610169492,0.006542372881355932,27.59500968625865,1.4315,15.0,0.09708834285714286
eh3012,1000000,ok,,1000000.0,False,2.142395555807493,0.3409900515843772,0.006576699733575194,27.588850861391045,1.15508127090301,10.013377926421402,0.11976
goe364,1000000,ok,,1000000.0,False,-1.4835893656822172,0.48247388470041386,0.005910635451505016,27.588515104878084,1.7018531772575252,13.03344481605351,0.108
ah63k127,1000000,ok,,1000000.0,False,-0.6610169491525424,0.3836779661016949,0.006593050847457627,27.573739285004095,1.325,15.0,0.12701847771500313
e598,1000000,ok,,1000000.0,False,1.0365058670143403,0.4319803129074314,0.0063886831812255546,27.567779745342573,1.541928762541806,12.050167224080266,0.1114238956421263
tsagi_r3a,1000000,ok,,1000000.0,False,1.1245961113315568,0.37851627458760834,0.006618495550138881,27.53969640058556,1.7135120401337793,14.016722408026755,0.12088806074273223
k3311,1000000,ok,,1000000.0,False,0.7853296298395787,0.4556837707612948,0.0062318439997732554,27.518144111087967,1.3479866220735788,14.016722408026755,0.11
mh82,1000000,ok,,1000000.0,False,1.1186440677966099,0.37323389830508474,0.006635084745762712,27.517572758429733,1.7613,15.0,0.13302375096168664
curtisc72,1000000,ok,,1000000.0,False,-2.464486140241483,0.41179942180148515,0.006531149594694178,27.516940780244912,1.6289548494983277,12.963210702341136,0.1173
ht13,1000000,ok,,1000000.0,False,2.5423728813559325,0.2826542372881356,0.006299322033898306,27.514565943717685,1.1981,12.0,0.06500711897213415
e417,1000000,ok,,1000000.0,False,-1.4835893656822172,0.3784574400544187,0.006631466470154753,27.513884386740028,1.4005775919732442,13.03344481605351,0.14183703013933205
e432,1000000,ok,,1000000.0,False,-1.7288135593220337,0.3655864406779661,0.0066406779661016945,27.512411748399987,1.5243,15.0,0.15976408938599676
e203,1000000,ok,,1000000.0,False,0.12941443228841898,0.36704618218921825,0.006646470721614421,27.5001974769602,1.3179023411371238,13.03344481605351,0.13624446953084624
goe547,1000000,ok,,1000000.0,False,-0.6610169491525424,0.4237203389830509,0.006484237288135593,27.48972605417803,1.3888,15.0,0.10504743315859986
goe601,1000000,ok,,1000000.0,False,0.7627118644067794,0.365109604519774,0.006654745762711864,27.483272436591008,1.2854,15.0,0.16034689929648455
m3,1000000,ok,,1000000.0,False,2.5423728813559325,0.271335593220339,0.006213559322033898,27.4762787901655,1.3632,15.0,0.119
nacam3,1000000,ok,,1000000.0,False,2.5423728813559325,0.271335593220339,0.006213559322033898,27.4762787901655,1.3632,15.0,0.119
hs1606,1000000,ok,,1000000.0,False,-1.6994501445496284,0.37143262853579734,0.006657868034691911,27.473752526854856,1.6013260869565216,12.96655518394649,0.06014
s8023,1000000,ok,,1000000.0,False,2.789977892409727,0.31587656595431096,0.00653978629329403,27.461946405858612,1.3879872909698996,13.946488294314381,0.07593374662983442
fx63110,1000000,ok,,1000000.0,False,-2.0847457627118646,0.44309830508474574,0.006370338983050848,27.461430407265524,1.8434,15.0,0.10993931034482758
naca662415,1000000,ok,,1000000.0,False,0.40677966101694896,0.39653898305084745,0.006621186440677966,27.45768791494798,1.2642,15.0,0.14989549772267013
goe377,1000000,ok,,1000000.0,False,0.5084745762711869,0.4426915254237288,0.006383898305084745,27.443638245026143,1.2448,10.0,0.0645
mh104,1000000,ok,,1000000.0,False,2.3876197494473104,0.3411997052321297,0.006649771554900516,27.427871567468706,1.3434933110367893,13.03344481605351,0.1525891750069398
goe488,1000000,ok,,1000000.0,False,0.09489257978572585,0.35299288589082245,0.006673284961170002,27.426342112717055,1.267175585284281,11.979933110367892,0.06802614199892738
mh108,1000000,ok,,1000000.0,False,2.710220509041438,0.31286554050223914,0.006546416869791963,27.408738981015404,1.312092976588629,13.03344481605351,0.11958051999182909
fx74080,1000000,ok,,1000000.0,False,-0.03389830508474567,0.5360305084745763,0.005271525423728813,27.40150483002557,0.9361,5.0,0.08149707616707616
n10,1000000,ok,,1000000.0,False,-1.1788447366929313,0.4667041834363131,0.006200709710333881,27.398664904941032,1.517908026755853,12.963210702341136,0.1122
e1200,1000000,ok,,1000000.0,False,-1.3728813559322033,0.36614745762711864,0.0066988135593220345,27.39269821352856,1.5379,15.0,0.1694668488035797
mh81,1000000,ok,,1000000.0,False,1.4745762711864403,0.3387474576271186,0.006660847457627119,27.38894434745449,1.693,15.0,0.1298316584350984
hq300gd2,1000000,ok,,1000000.0,False,-2.0383198231392785,0.355336364151692,0.006696146476957089,27.384123365165177,1.6363973244147159,11.979933110367892,0.1657503780551411
e209,1000000,ok,,1000000.0,False,1.1186440677966099,0.3663101694915254,0.006703559322033898,27.38300583159069,1.3395,15.0,0.13684803066465545
e583,1000000,ok,,1000000.0,False,-1.3728813559322033,0.36866610169491526,0.006708983050847457,27.371807942453792,1.4179,15.0,0.16483221063369916
s3,1000000,ok,,1000000.0,False,1.923360353721443,0.33016890198968296,0.0066416433308769335,27.369403386837824,1.2120899665551839,11.979933110367892,0.10999999999999999
ht14,1000000,ok,,1000000.0,False,2.710220509041438,0.30394469701264104,0.006515563176690663,27.35705487177965,1.3203759197324416,13.03344481605351,0.07489598956598957
aquilasm,1000000,ok,,1000000.0,False,1.0283430644521285,0.5264346182189218,0.005466019500028343,27.347956988371525,1.4701157190635452,13.976588628762542,0.09381503499999999
e477,1000000,ok,,1000000.0,False,2.898305084745763,0.32268305084745763,0.0066225423728813555,27.343095199835375,1.2202,15.0,0.15345213569447408
vr12,1000000,ok,,1000000.0,False,1.1186440677966099,0.29145084745762706,0.00643864406779661,27.33190793990237,1.5612,15.0,0.10565
clarkw,1000000,ok,,1000000.0,False,-0.30508474576271194,0.36700338983050845,0.006728813559322034,27.331571922137343,1.5881,15.0,0.1122
goe495,1000000,ok,,1000000.0,False,-1.8216654384672069,0.4176416359616802,0.00660656595431098,27.32947234631633,1.5457976588628763,12.963210702341136,0.069
fx73k170,1000000,ok,,1000000.0,False,-2.0847457627118646,0.3799084745762712,0.006728305084745762,27.31835211213496,1.4904,15.0,0.17076385122410545
n5h15,1000000,ok,,1000000.0,False,2.5423728813559325,0.3356508474576272,0.006684915254237288,27.314806523234175,1.0558,15.0,0.1542
ah93k130,1000000,ok,,1000000.0,False,0.40677966101694896,0.2941694915254237,0.006467627118644068,27.309833708435132,1.3376,15.0,0.1305256731181721
mh94,1000000,ok,,1000000.0,False,0.7627118644067794,0.32155762711864405,0.006632372881355932,27.308427896480154,1.4098,15.0,0.16016579758954022
goe766,1000000,ok,,1000000.0,False,2.5423728813559325,0.34105423728813566,0.006711694915254238,27.291156826393497,1.4451,15.0,0.12010000000000001
du84132v,1000000,ok,,1000000.0,False,-0.30508474576271194,0.432735593220339,0.006548305084745762,27.281519691037833,1.534,15.0,0.13628601404741
fx67k170,1000000,ok,,1000000.0,False,-1.0169491525423728,0.4236457627118644,0.006603220338983052,27.279869668316906,1.298,15.0,0.17006
davis_corrected,1000000,ok,,1000000.0,False,1.8031290743155148,0.34322529335071705,0.0067283441981747065,27.267338196310764,1.3221414715719064,14.016722408026755,0.158983882498703
naca23012,1000000,ok,,1000000.0,False,1.8305084745762707,0.31649830508474575,0.006626610169491525,27.26385163845137,1.5304,15.0,0.11999794414735143
e216,1000000,ok,,1000000.0,False,-3.295391417720084,0.4336097216711071,0.006561732328099314,27.248858119008755,1.7464715719063544,13.946488294314381,0.1041877885665622
m18,1000000,ok,,1000000.0,False,2.142395555807493,0.45134929425769504,0.00643249248908792,27.24798069420862,1.3932531772575252,14.016722408026755,0.1202
e638,1000000,ok,,1000000.0,False,1.071084405645938,0.4062316988832832,0.006701084405645938,27.24793615334255,1.5094464882943144,12.056856187290968,0.1234292839272848
ah94156,1000000,ok,,1000000.0,False,-0.6610169491525424,0.3007033898305085,0.006543728813559322,27.23521705561334,1.272,15.0,0.156056859375
e580,1000000,ok,,1000000.0,False,-2.440677966101695,0.38830677966101695,0.006769661016949152,27.213409170628214,1.5906,15.0,0.16071571805420776
e334,1000000,ok,,1000000.0,False,1.0283430644521285,0.3850296298395782,0.006792368346465621,27.180589815599664,1.4839836120401337,13.976588628762542,0.11933239151056146
sc1095r8,1000000,ok,,1000000.0,False,2.11864406779661,0.3048533898305084,0.006598305084745762,27.169221176400228,1.6322,15.0,0.09338296666666666
s1010,1000000,ok,,1000000.0,False,2.685221926194661,0.32149097556827855,0.0066935519528371415,27.16653746649404,1.0247879598662206,10.013377926421406,0.06019133754977747
ls013,1000000,ok,,1000000.0,False,2.186440677966102,0.2601576271186441,0.0062106779661016956,27.16510744929943,1.4229,15.0,0.1286396015936255
ht12,1000000,ok,,1000000.0,False,2.4427186667422482,0.2686516750751092,0.006300272093418741,27.164249803174908,0.8679585284280936,8.006688963210703,0.05018653189516628
kc135winglet,1000000,ok,,1000000.0,False,-0.5157870868998353,0.4955245167507511,0.00604210192165977,27.145356086033985,1.7380755852842809,13.03344481605351,0.07959999999999999
e502,1000000,ok,,1000000.0,False,2.186440677966102,0.37792881355932206,0.006820677966101695,27.141345263556637,1.0988,15.0,0.15660519642318121
ah83159,1000000,ok,,1000000.0,False,-1.0169491525423728,0.32065593220338984,0.006700508474576271,27.141185946391825,1.2832,15.0,0.15942
kc135a,1000000,ok,,1000000.0,False,1.8305084745762707,0.3482220338983051,0.0067998305084745764,27.139673543359443,1.3072,15.0,0.15493
sc1094r8,1000000,ok,,1000000.0,False,1.1186440677966099,0.3071135593220339,0.006626440677966102,27.13623828653004,1.7171,15.0,0.09403390887767075
fx84w175,1000000,ok,,1000000.0,False,-1.0169491525423728,0.3757423728813559,0.00682542372881356,27.134787660042665,1.4238,15.0,0.1760883040562121
ls417,1000000,ok,,1000000.0,False,-1.3728813559322033,0.3675847457627119,0.00683135593220339,27.124820476213905,1.7235,15.0,0.16982999999999998
e557,1000000,ok,,1000000.0,False,-2.0847457627118646,0.3640847457627118,0.006843559322033898,27.09681917366764,1.6366,15.0,0.15997928790571767
goe796,1000000,ok,,1000000.0,False,0.7627118644067794,0.47077118644067795,0.00635135593220339,27.09614106088034,1.5774,15.0,0.12000000000000001
naca66-018,1000000,ok,,1000000.0,False,3.2542372881355934,0.3758864406779661,0.006846440677966102,27.09353236451374,0.941,15.0,0.17996
e476,1000000,ok,,1000000.0,False,2.898305084745763,0.3209949152542373,0.006724406779661017,27.09027410970841,1.1979,15.0,0.1672531675953708
e662,1000000,ok,,1000000.0,False,-2.0847457627118646,0.38766271186440676,0.006842881355932203,27.076497819656318,1.4906,15.0,0.15012856523392987
goe458,1000000,ok,,1000000.0,False,-1.0508474576271185,0.4630101694915254,0.006439322033898305,27.07403771621834,1.111,6.0,0.07201575220506287
fx78k140a20,1000000,ok,,1000000.0,False,-0.8135593220338979,0.31935423728813567,0.006723898305084746,27.0723568246381,1.1602,11.0,0.14089862186435428
be50,1000000,ok,,1000000.0,False,-1.390737486537045,0.4119857377699676,0.006778943370557225,27.067404847902377,1.478081939799331,10.996655518394647,0.07275
e556,1000000,ok,,1000000.0,False,-1.3728813559322033,0.36469830508474577,0.006861525423728814,27.061507375575154,1.5859,15.0,0.16006139228847976
e168,1000000,ok,,1000000.0,False,3.3554220282296914,0.3698879882092851,0.0068662048636698595,27.056533735691474,1.2619515050167225,13.03344481605351,0.12431959319036039
ah79k143,1000000,ok,,1000000.0,False,0.05084745762711851,0.3150915254237288,0.006713389830508474,27.04345422335558,1.1672,15.0,0.1427353236296067
nlf0115,1000000,ok,,1000000.0,False,1.1186440677966099,0.3879525423728813,0.006860677966101695,27.042010319012604,1.4001,15.0,0.1496080807315409
e210,1000000,ok,,1000000.0,False,-1.8061901252763448,0.35543846720707445,0.006865504789977893,27.031664690645226,1.5429030100334447,13.03344481605351,0.1363752728987367
as6091,1000000,ok,,1000000.0,False,-0.9862252706762655,0.48157252423332014,0.006282507794342724,27.029020597192126,1.7369361204013378,12.953177257525082,0.04051138397753505
s1048,1000000,ok,,1000000.0,False,3.0328212686355656,0.33757510912079824,0.006822056572756647,27.02804090138192,1.17263745819398,13.03344481605351,0.13969973202322464
fx74130wp1,1000000,ok,,1000000.0,False,-0.9322033898305087,0.4292237288135593,0.0067218644067796604,27.020928063831978,1.4214,15.0,0.13009412776412776
joukowsk,1000000,ok,,1000000.0,False,2.898305084745763,0.33202711864406786,0.006807457627118645,27.015060199980315,1.417,15.0,0.118
goe392,1000000,ok,,1000000.0,False,-0.9644011110481263,0.45380228445099485,0.006561067966668556,27.00639855401979,0.991353177257525,5.006688963210703,0.1015
goe07k,1000000,ok,,1000000.0,False,-0.19318632730570862,0.4935474576271186,0.006160120174593278,27.00633471743963,1.266110033444816,13.03344481605351,0.11
clarym15,1000000,ok,,1000000.0,False,0.40677966101694896,0.4415271186440678,0.006656271186440678,27.001249405541873,1.6282,15.0,0.149857592877502
giiim,1000000,ok,,1000000.0,False,2.796610169491525,0.44450508474576267,0.006640169491525424,26.99331284136289,1.5379,15.0,0.08507209350491757
goe629,1000000,ok,,1000000.0,False,1.4745762711864403,0.4513203389830508,0.006592542372881356,26.987590561138074,1.4031,15.0,0.13616906662120767
goe623,1000000,ok,,1000000.0,False,0.7627118644067794,0.48536779661016943,0.0062737288135593225,26.978949842072826,1.555,15.0,0.12
s8035,1000000,ok,,1000000.0,False,3.2542372881355934,0.33565593220338985,0.006839152542372881,26.97625197164208,1.3003,15.0,0.1400242343541944
ms317,1000000,ok,,1000000.0,False,-0.30508474576271194,0.3672322033898305,0.006911525423728813,26.96492184546223,1.7067,15.0,0.170014
hq3518,1000000,ok,,1000000.0,False,-1.0169491525423728,0.3644542372881356,0.006910169491525424,26.963780104847707,1.5139,15.0,0.18
goe142,1000000,ok,,1000000.0,False,-0.2858681480641687,0.3655401564537158,0.006911434725922566,26.96294797842477,1.5573578595317725,13.013377926421406,0.06162531999999999
e555,1000000,ok,,1000000.0,False,-0.6610169491525424,0.3662949152542373,0.006917627118644068,26.951695165643663,1.5282,15.0,0.16022038564520633
usa5,1000000,ok,,1000000.0,False,-3.014454962870586,0.10560398503486192,0.003363660223343348,26.95130670600149,1.3067605351170568,10.013377926421402,0.0638
naca001064,1000000,ok,,1000000.0,False,2.142395555807493,0.2141437560229011,0.005666215067173061,26.94654965993036,1.3010491638795987,14.016722408026755,0.1
goe670,1000000,ok,,1000000.0,False,0.12941443228841898,0.39116142508928065,0.0069076463919278954,26.943939663791642,1.3802585284280937,13.03344481605351,0.09000000000000001
goe344,1000000,ok,,1000000.0,False,1.775749674054759,0.45323194263363753,0.006608552803129075,26.937580691976688,1.5086411371237458,13.946488294314381,0.07201614045077977
goe402,1000000,ok,,1000000.0,False,1.0,0.6537,0.00302,26.93078446682522,1.4888635451505017,12.00334448160535,0.068
mh80,1000000,ok,,1000000.0,False,2.186440677966102,0.3425033898305085,0.006884406779661017,26.92878796182197,1.6245,15.0,0.12702528738651936
nn7mk20,1000000,ok,,1000000.0,False,-1.0169491525423728,0.3394440677966102,0.006876949152542373,26.923690949778134,1.3548,15.0,0.16856038965186843
e655,1000000,ok,,1000000.0,False,-1.3728813559322033,0.3694,0.006942542372881356,26.905911372321036,1.4745,15.0,0.17328277550151183
naca747a415,1000000,ok,,1000000.0,False,1.1186440677966099,0.34437288135593214,0.006906101694915254,26.894848900093617,1.2122,15.0,0.14984225065374426
lg10sc,1000000,ok,,1000000.0,False,1.8305084745762707,0.29080508474576267,0.006612372881355932,26.88055018535716,1.5056,15.0,0.09999
goe113,1000000,ok,,1000000.0,False,1.8813559322033893,0.5253830508474576,0.005819152542372883,26.87707616833299,1.1801,9.0,0.06649999999999999
ah80140,1000000,ok,,1000000.0,False,1.0091264667535844,0.42307087466696885,0.006839102658579447,26.87651715127955,1.507609364548495,11.979933110367892,0.13960680600914435
fx76120,1000000,ok,,1000000.0,False,3.2542372881355934,0.31879830508474577,0.006807966101694915,26.873907009542254,1.3424,15.0,0.1206831677852349
e637,1000000,ok,,1000000.0,False,1.0365058670143403,0.2924645371577573,0.006629061277705344,26.87290860012363,1.461194314381271,12.050167224080266,0.12095411595959596
naca653218,1000000,ok,,1000000.0,False,1.4745762711864403,0.3457203389830508,0.0069211864406779665,26.871369701097002,1.1481,15.0,0.17996306478233215
mh110,1000000,ok,,1000000.0,False,3.1170568561872907,0.3541528428093645,0.006941505016722408,26.87129987405714,1.0967792642140468,10.996655518394649,0.09995116175319824
naca4412,1000000,ok,,1000000.0,False,-0.6610169491525424,0.41052033898305085,0.006895593220338983,26.871023296386415,1.6586,15.0,0.12017706615475723
fxlv152,1000000,ok,,1000000.0,False,2.796610169491525,0.33398983050847453,0.006883050847457627,26.867379932750733,1.3081,15.0,0.1528
wb13535sm,1000000,ok,,1000000.0,False,-0.15254237288135641,0.382964406779661,0.0069737288135593226,26.840630810308443,1.1832,9.0,0.1355
fx74130wp2,1000000,ok,,1000000.0,False,-1.0169491525423728,0.3654508474576272,0.0069769491525423725,26.833116718383486,1.3331,15.0,0.12989515356265358
ah93w145,1000000,ok,,1000000.0,False,-0.5717362961283374,0.3917642423898872,0.006978672977722351,26.810941343313658,1.5218448160535116,14.016722408026755,0.1448191919514532
naca747a315,1000000,ok,,1000000.0,False,2.186440677966102,0.381764406779661,0.006990508474576271,26.810760290007913,1.1797,15.0,0.1498359839427072
naca671215,1000000,ok,,1000000.0,False,2.186440677966102,0.40995932203389834,0.006936779661016949,26.802209021598582,1.0805,15.0,0.14994
goe479,1000000,ok,,1000000.0,False,0.40677966101694896,0.48118474576271186,0.006437457627118644,26.80209570760722,1.4678,15.0,0.116
fx78k150,1000000,ok,,1000000.0,False,-0.30508474576271194,0.3398457627118644,0.006936271186440679,26.80059964271807,1.291,15.0,0.15101100650356147
ah93k132,1000000,ok,,1000000.0,False,1.4745762711864403,0.4149322033898305,0.006921864406779661,26.796036972913104,1.3112,15.0,0.13226274058577406
whitcomb,1000000,ok,,1000000.0,False,-0.8383878464939629,0.3309874723655122,0.006906356782495323,26.789625824464938,1.6174789297658863,13.03344481605351,0.1096
goe650,1000000,ok,,1000000.0,False,-1.3728813559322033,0.3852135593220339,0.007002033898305084,26.78382345947412,1.6008,15.0,0.1341641556541305
goe500,1000000,ok,,1000000.0,False,-2.7966101694915255,0.41601525423728813,0.006929830508474576,26.774810566435804,1.6738,15.0,0.1
rc410,1000000,ok,,1000000.0,False,2.186440677966102,0.3462016949152543,0.0069715254237288134,26.769577143501508,1.5999,15.0,0.0997972300521294
s1020,1000000,ok,,1000000.0,False,-2.440677966101695,0.4257677966101695,0.006889152542372882,26.769108694070475,1.4896,15.0,0.15093519775497663
s1012,1000000,ok,,1000000.0,False,2.186440677966102,0.2390661016949153,0.006089830508474578,26.764023850785716,1.2833,15.0,0.12017432432432432
s4022,1000000,ok,,1000000.0,False,-2.25525763845587,0.4455835156737146,0.006773995805226461,26.763705575761083,1.585574247491639,12.993311036789297,0.11264133404393203
fx05188,1000000,ok,,1000000.0,False,-1.0169491525423728,0.3682813559322034,0.007017627118644068,26.758084966342054,1.3736,15.0,0.18810341353140644
lrn1015,1000000,ok,,1000000.0,False,-1.0169491525423728,0.4587677966101695,0.006680508474576271,26.75292545657734,1.5055,15.0,0.15187363857088942
sd7062,1000000,ok,,1000000.0,False,-0.6610169491525424,0.38513559322033897,0.007021864406779661,26.74707865917337,1.7088,15.0,0.1397735328659243
fx711530,1000000,ok,,1000000.0,False,2.898305084745763,0.33245932203389833,0.006933220338983051,26.745468117684787,1.1544,15.0,0.14999356116256787
fx71l150,1000000,ok,,1000000.0,False,2.898305084745763,0.33245932203389833,0.006933220338983051,26.745468117684787,1.1544,15.0,0.14999356116256787
ames02,1000000,ok,,1000000.0,False,2.481662037299472,0.27667646391927886,0.0065376276855053555,26.745189663731516,1.4235277591973243,14.016722408026755,0.077352
s102s,1000000,ok,,1000000.0,False,0.05084745762711851,0.36760677966101696,0.00703,26.732995534784926,1.5234,15.0,0.1498357687078881
e395,1000000,ok,,1000000.0,False,-2.7966101694915255,0.4046677966101695,0.0069952542372881356,26.728722206907765,1.6385,15.0,0.12285352265060547
e657,1000000,ok,,1000000.0,False,-1.7288135593220337,0.4091406779661017,0.006981694915254237,26.728479114369186,1.511,15.0,0.15567320394662
rc12b3,1000000,ok,,1000000.0,False,1.4745762711864403,0.3343661016949152,0.006955593220338983,26.71487219809192,1.3794,15.0,0.11996507709707824
naca633618,1000000,ok,,1000000.0,False,-1.3728813559322033,0.3563135593220339,0.007025254237288135,26.7107737666473,1.4977,15.0,0.1799498818174217
goe496,1000000,ok,,1000000.0,False,-2.0847457627118646,0.3964186440677966,0.007025593220338983,26.71018161355063,1.6197,15.0,0.0995
naca633418,1000000,ok,,1000000.0,False,0.05084745762711851,0.3513745762711864,0.007015593220338983,26.707921112344067,1.3912,15.0,0.1799629830725008
goe483,1000000,ok,,1000000.0,False,-0.9661016949152543,0.4528779661016949,0.006762881355932203,26.69697811649326,0.8777,3.0,0.05450000000000001
naca0015,1000000,ok,,1000000.0,False,2.898305084745763,0.314906779661017,0.006865423728813559,26.692557633554166,1.3764,15.0,0.15003591794723525
e838,1000000,ok,,1000000.0,False,3.2542372881355934,0.378335593220339,0.007055084745762712,26.69189342951169,1.0305,15.0,0.183672906701142
goe416a,1000000,ok,,1000000.0,False,1.1568505186780795,0.32368684881809423,0.006922151238591917,26.677909299952358,1.269179264214047,12.013377926421406,0.11666475624595207
defcnd2,1000000,ok,,1000000.0,False,0.3377359560115636,0.34761736862989623,0.007024169831642197,26.669736823124182,1.3635872909698996,10.996655518394647,0.14731131493984165
goe497,1000000,ok,,1000000.0,False,-2.268068703588232,0.40301756703134745,0.0070396978629329405,26.65819231154994,1.6633648829431438,14.016722408026755,0.127
sc2110,1000000,ok,,1000000.0,False,1.4745762711864403,0.3002101694915254,0.006781186440677966,26.652907201277163,1.6558,15.0,0.09922361586718527
goe767,1000000,ok,,1000000.0,False,2.5423728813559325,0.35393389830508476,0.007050677966101695,26.649527727486092,1.5341,15.0,0.12
goe459,1000000,ok,,1000000.0,False,3.2542372881355934,0.30954406779661015,0.006854915254237288,26.63778506483753,1.2628,15.0,0.127
fx711525,1000000,ok,,1000000.0,False,2.898305084745763,0.33004237288135596,0.006973898305084746,26.63451139706694,1.1601,15.0,0.1500117214947301
ht08,1000000,ok,,1000000.0,False,2.5546170851992507,0.28135072841675635,0.006627809647979138,26.630913221431275,0.8638866220735787,8.020066889632107,0.04998922135991456
hsnlf213,1000000,ok,,1000000.0,False,2.5423728813559325,0.4027627118644068,0.007058135593220339,26.626849664519135,1.3938,15.0,0.13251878921157953
n22,1000000,ok,,1000000.0,False,-1.4835893656822172,0.4840714755399354,0.006531948302250439,26.61733000193595,1.6222795986622074,13.03344481605351,0.1237
lwk80080,1000000,ok,,1000000.0,False,2.7796610169491522,0.26430423728813557,0.0064563559322033896,26.61474510527808,0.8167,8.0,0.08060597088882007
goe362,1000000,ok,,1000000.0,False,-1.411881412618332,0.40216967858964914,0.007072396122668783,26.60431934496418,1.5667060200668896,12.96655518394649,0.066
naca633018,1000000,ok,,1000000.0,False,3.2542372881355934,0.38381864406779664,0.007103220338983051,26.598373909896438,1.2059,15.0,0.18012252315554136
usa48,1000000,ok,,1000000.0,False,0.7627118644067794,0.40547457627118644,0.007073559322033898,26.587409632633676,1.3686,15.0,0.14900000000000002
goe491,1000000,ok,,1000000.0,False,1.0855393685165242,0.38609113051036414,0.007114276968425827,26.575236135640967,1.2261685618729097,11.003344481605351,0.0485
fauvel,1000000,ok,,1000000.0,False,3.3554220282296914,0.36271269202426154,0.007107500141715322,26.570835275575938,1.4120969899665552,13.03344481605351,0.13978282538444634
e333,1000000,ok,,1000000.0,False,1.1245961113315568,0.31182015191882545,0.006899709200158721,26.570397137618464,1.4232361204013377,14.016722408026755,0.1174652739514568
a63a108c,1000000,ok,,1000000.0,False,2.481662037299472,0.2764764639192789,0.006605060370727282,26.566812727566468,1.4152695652173912,14.016722408026755,0.07735
s102b,1000000,ok,,1000000.0,False,0.05084745762711851,0.3690694915254237,0.007118474576271186,26.564914336363234,1.6334,15.0,0.1498357687078881
s4320,1000000,ok,,1000000.0,False,-0.2476050110537953,0.45859683124539424,0.0068077008106116445,26.558050373689838,1.5848277591973243,13.03010033444816,0.09410817405098693
fxl142k,1000000,ok,,1000000.0,False,2.898305084745763,0.32780000000000004,0.006999661016949153,26.555568923604664,1.3273,15.0,0.14198190104166666
sc20010,1000000,ok,,1000000.0,False,2.1138257468397477,0.23781675075109115,0.006150819114562666,26.5310213447043,1.278318060200669,13.946488294314381,0.1
r1082t,1000000,ok,,1000000.0,False,0.40677966101694896,0.36223220338983053,0.007127627118644068,26.530189879299776,1.2727,15.0,0.1599599176041198
goe399,1000000,ok,,1000000.0,False,-0.06779661016949134,0.4159932203389831,0.007073220338983051,26.530113679693105,1.2103,8.0,0.06899435028894349
goe319,1000000,ok,,1000000.0,False,-1.0169491525423728,0.41927966101694913,0.007060847457627119,26.529643522809057,1.855,15.0,0.10244473059432171
e694,1000000,ok,,1000000.0,False,-2.7966101694915255,0.47652033898305085,0.006670338983050848,26.52647066446656,1.5206,15.0,0.15433628985763112
ah83150q,1000000,ok,,1000000.0,False,0.05084745762711851,0.4054389830508474,0.0071089830508474575,26.52595884654189,1.4302,15.0,0.15002846202134337
sc20518,1000000,ok,,1000000.0,False,-0.6610169491525424,0.34688644067796615,0.007095593220338983,26.519708057707945,1.7309,15.0,0.17980000000000002
s1014,1000000,ok,,1000000.0,False,2.898305084745763,0.34171186440677975,0.007080677966101695,26.513560934905577,1.1567,15.0,0.16502685331710287
e562,1000000,ok,,1000000.0,False,-1.7288135593220337,0.3829677966101695,0.007153389830508475,26.506859158353702,1.645,15.0,0.15016587524848649
as5045,1000000,ok,,1000000.0,False,1.1186440677966099,0.3810661016949152,0.007159322033898305,26.496885253782313,1.5726,15.0,0.14992657411916854
b737b,1000000,ok,,1000000.0,False,1.8305084745762707,0.33502711864406776,0.007061694915254236,26.496480196505694,1.5665,15.0,0.1254468594217348
goe627,1000000,ok,,1000000.0,False,0.7627118644067794,0.3660033898305085,0.007152881355932203,26.49236394514505,1.5846,15.0,0.1575
goe55,1000000,ok,,1000000.0,False,2.186440677966102,0.43099152542372887,0.007031016949152542,26.49052582184881,1.6303,15.0,0.061621737042225344
e654,1000000,ok,,1000000.0,False,-2.0847457627118646,0.41133898305084743,0.007112881355932204,26.489826755903533,1.5752,15.0,0.17207160820270748
goe632,1000000,ok,,1000000.0,False,1.0972167110708009,0.4012852502692591,0.007142916501332123,26.484181268629225,1.3700836120401338,13.03344481605351,0.13999999999999999
fx79k144,1000000,ok,,1000000.0,False,0.7627118644067794,0.4079457627118644,0.00713135593220339,26.475551935608436,1.3624,15.0,0.1438706410653453
v23010,1000000,ok,,1000000.0,False,2.5423728813559325,0.38802203389830514,0.007173389830508475,26.465037664196743,1.4524,15.0,0.10179771656744835
e71,1000000,ok,,1000000.0,False,-0.05084745762711862,0.6992983050847458,0.0021081355932203393,26.458604260982977,1.256,6.0,0.0516307190224511
as5046,1000000,ok,,1000000.0,False,1.1186440677966099,0.39427118644067793,0.007178813559322034,26.442961470053035,1.5126,14.0,0.15992197950029252
naca643218,1000000,ok,,1000000.0,False,1.8305084745762707,0.38745254237288135,0.007197966101694916,26.421489222390143,1.2382,15.0,0.17955889526915786
n14,1000000,ok,,1000000.0,False,3.2542372881355934,0.305635593220339,0.006923728813559323,26.4168620966324,1.285,15.0,0.1148
goe439,1000000,ok,,1000000.0,False,-3.866787597074996,0.13035993424409043,0.004090787937191768,26.410110980455418,1.4279220735785954,11.979933110367892,0.07899999999999999
raf33,1000000,ok,,1000000.0,False,1.87098237061391,0.488053693101298,0.006633195963947624,26.409669880475732,1.4011695652173914,10.013377926421402,0.12637712465826834
naca643618,1000000,ok,,1000000.0,False,-1.3728813559322033,0.351135593220339,0.00716406779661017,26.408483519588366,1.4481,15.0,0.17954074698860717
ht05,1000000,ok,,1000000.0,False,2.610169491525424,0.2959,0.006851355932203389,26.40532173057199,0.7584,7.0,0.04811058297971067
naca643418,1000000,ok,,1000000.0,False,0.40677966101694896,0.3910559322033898,0.007204406779661016,26.404394388814136,1.3455,15.0,0.17953270872356863
naca16018,1000000,ok,,1000000.0,False,2.898305084745763,0.2689169491525424,0.006587966101694916,26.40405152335143,1.0713,15.0,0.18
e397,1000000,ok,,1000000.0,False,-2.7966101694915255,0.3934305084745762,0.00721542372881356,26.38007712472987,1.611,15.0,0.13513886250988316
oa209,1000000,ok,,1000000.0,False,2.481662037299472,0.36422414262230024,0.0072130315741738,26.372108642020645,1.5370076923076923,14.016722408026755,0.09009014116816867
e604,1000000,ok,,1000000.0,False,-1.3728813559322033,0.371971186440678,0.007226779661016949,26.365286171344255,1.4352,15.0,0.18798287210142473
e396,1000000,ok,,1000000.0,False,-2.7966101694915255,0.408528813559322,0.007205254237288136,26.346550105723896,1.6329,15.0,0.13058133485601392
hobie,1000000,ok,,1000000.0,False,-0.7118644067796609,0.37963559322033896,0.007245593220338983,26.33853873293804,0.6677,2.0,0.08495
mh91,1000000,ok,,1000000.0,False,2.898305084745763,0.33560847457627124,0.007140338983050848,26.33824855392634,1.425,15.0,0.1496584176212845
fx61168,1000000,ok,,1000000.0,False,-1.7288135593220337,0.35049152542372886,0.007204237288135594,26.325011986106094,1.4848,15.0,0.16805533781620235
e546,1000000,ok,,1000000.0,False,1.1186440677966099,0.37474067796610167,0.007263728813559322,26.300964136393905,1.2669,15.0,0.16264572788009363
fx78k161,1000000,ok,,1000000.0,False,1.4745762711864403,0.345164406779661,0.00719864406779661,26.300033261443367,1.0597,15.0,0.161496183301946
nlf1015,1000000,ok,,1000000.0,False,-2.7966101694915255,0.43447796610169487,0.007137118644067796,26.290851855761378,1.4989,15.0,0.14990643382132168
goe144,1000000,ok,,1000000.0,False,-1.1788447366929313,0.3715253386996202,0.007269596394762202,26.28463042590163,1.390111705685619,12.963210702341136,0.07304989841118034
la2573a,1000000,ok,,1000000.0,False,2.5328496117000157,0.33736964457797164,0.007177811348563007,26.277620352245602,1.3417076923076923,11.979933110367892,0.1369863596873591
fx61184,1000000,ok,,1000000.0,False,-1.3728813559322033,0.38930000000000003,0.007282542372881356,26.268122953317473,1.5149,15.0,0.18371691002241436
goe324,1000000,ok,,1000000.0,False,1.0365058670143403,0.5891616688396348,0.005173129074315517,26.2584430763916,1.6642384615384616,12.050167224080266,0.13125260252072857
fx73170,1000000,ok,,1000000.0,False,-2.0847457627118646,0.3702813559322034,0.007284745762711865,26.253730029609333,1.3933,15.0,0.1708750449055435
stcyr172,1000000,ok,,1000000.0,False,3.610169491525424,0.3470237288135593,0.007229491525423729,26.251963189965807,1.297,15.0,0.1356
naca23015,1000000,ok,,1000000.0,False,1.8305084745762707,0.32351016949152533,0.007122203389830509,26.242952564771457,1.5254,15.0,0.14976156951778835
e855,1000000,ok,,1000000.0,False,-1.2542372881355934,0.3857847457627118,0.007306779661016949,26.22785567968968,1.4558,14.0,0.15712157941362867
clarkys,1000000,ok,,1000000.0,False,2.710220509041438,0.3042968425826201,0.00699965138030724,26.22112347734733,1.245752508361204,13.03344481605351,0.117
hs1708,1000000,ok,,1000000.0,False,-2.0847457627118646,0.41919491525423724,0.007252203389830509,26.21276090440873,1.7919,15.0,0.07916000000000001
goe682,1000000,ok,,1000000.0,False,-0.6610169491525424,0.40493389830508475,0.007305084745762712,26.1917573349579,1.4995,15.0,0.1065
e329,1000000,ok,,1000000.0,False,0.44606314834759964,0.3088596621506718,0.0070520985204920355,26.18204432628919,1.465623076923077,14.016722408026755,0.13537765036968813
oaf102,1000000,ok,,1000000.0,False,-0.5717362961283374,0.40184924890879203,0.007324282637038717,26.169251651866293,1.6396765886287625,14.016722408026755,0.1016650823239361
usa28,1000000,ok,,1000000.0,False,0.10679666685562061,0.3644010260189332,0.007321747633354118,26.166793610178274,1.312514381270903,14.016722408026755,0.13161464351490895
n6409,1000000,ok,,1000000.0,False,-2.440677966101695,0.42446440677966096,0.007265084745762712,26.159510849672913,1.5401,15.0,0.09027010539595125
fxs03182,1000000,ok,,1000000.0,False,-1.0169491525423728,0.3594847457627119,0.007316101694915254,26.15682640181925,1.3109,15.0,0.18208245505269682
fx05h126,1000000,ok,,1000000.0,False,1.4745762711864403,0.4213898305084745,0.007280169491525424,26.154199587051533,1.369,15.0,0.12607799612465687
naca663218,1000000,ok,,1000000.0,False,1.8305084745762707,0.3865559322033898,0.007352033898305084,26.14717981205833,1.0557,15.0,0.17995396510578618
naca4415,1000000,ok,,1000000.0,False,0.40677966101694896,0.4383389830508474,0.0072088135593220345,26.145880475259563,1.5296,15.0,0.1502208651018468
mh92,1000000,ok,,1000000.0,False,3.2542372881355934,0.36072542372881355,0.007326949152542373,26.141933357403442,1.4082,15.0,0.15470607417272753
goe379,1000000,ok,,1000000.0,False,-0.675925401054362,0.3987037582903463,0.007350277762031631,26.133313972111768,1.3533484949832777,11.020066889632107,0.0644956053449655
nlf0215f,1000000,ok,,1000000.0,False,-1.7288135593220337,0.4395983050847458,0.007217118644067797,26.12237620272056,1.6347,15.0,0.14971437260684486
usa41,1000000,ok,,1000000.0,False,-0.8135593220338979,0.39847796610169495,0.007358305084745762,26.12009794583013,0.7967,3.0,0.06599380061993801
e584,1000000,ok,,1000000.0,False,-1.0169491525423728,0.38453050847457626,0.007367966101694916,26.11926348894751,1.3772,15.0,0.16606247094646182
usa45,1000000,ok,,1000000.0,False,1.0567428150331608,0.42048091378039787,0.0073100736919675755,26.110999597613965,1.3548197324414717,10.013377926421402,0.1451994439884951
w1015,1000000,ok,,1000000.0,False,3.2542372881355934,0.3596847457627119,0.007343728813559322,26.105313496511453,1.4501,15.0,0.14994750110497237
e399,1000000,ok,,1000000.0,False,-2.440677966101695,0.41303389830508475,0.007338474576271186,26.102936460155412,1.608,15.0,0.1483124497629352
fx67k150,1000000,ok,,1000000.0,False,0.0,0.5225,0.00644,26.101225787202555,1.14,12.0,0.14980194177764014
naca2418,1000000,ok,,1000000.0,False,1.1186440677966099,0.36402033898305086,0.007357118644067797,26.09901554245854,1.4858,15.0,0.1800987765311582
sc20012,1000000,ok,,1000000.0,False,2.186440677966102,0.25046949152542375,0.006479152542372882,26.092382780168563,1.3883,15.0,0.12
e545,1000000,ok,,1000000.0,False,0.40677966101694896,0.36296949152542374,0.007358813559322034,26.09158102905324,1.2897,15.0,0.17440417332645491
clarkz,1000000,ok,,1000000.0,False,0.7627118644067794,0.5253237288135593,0.006414576271186441,26.08366553061331,1.6384,15.0,0.11750000000000001
goe550,1000000,ok,,1000000.0,False,-1.0169491525423728,0.3901525423728814,0.007389830508474576,26.078699469892722,1.5322,15.0,0.1295
e169,1000000,ok,,1000000.0,False,3.16019500028343,0.35666174253160243,0.007350825350036846,26.07631622657917,1.2741929765886288,14.016722408026755,0.14385571815718157
goe15k,1000000,ok,,1000000.0,False,-1.0169491525423728,0.3675525423728814,0.007391694915254238,26.04767388984442,1.335,15.0,0.15
mh115,1000000,ok,,1000000.0,False,-2.7966101694915255,0.4336,0.007298305084745763,26.043444125291323,1.7376,15.0,0.11077616154630406
goe430,1000000,ok,,1000000.0,False,-2.288135593220339,0.39337966101694916,0.007408474576271187,26.043032628096878,1.7174,15.0,0.1335871982697197
e544,1000000,ok,,1000000.0,False,0.7627118644067794,0.3667966101694915,0.007400508474576271,26.02877329582776,1.2429,15.0,0.17503378986065715
fx73170a,1000000,ok,,1000000.0,False,-1.1145626665155044,0.46662760614477633,0.007103610906411203,26.020355226983042,1.4985939799331105,10.013377926421402,0.17108036543821617
goe427,1000000,ok,,1000000.0,False,-1.6762655178277877,0.4256475313190862,0.007351548948472308,26.013607978623906,1.3995682274247492,10.016722408026755,0.046000000000000006
goe117,1000000,ok,,1000000.0,False,-0.5254237288135588,0.41275423728813565,0.0073983050847457625,26.005807525350296,1.2839,11.0,0.08992062831556032
goe115,1000000,ok,,1000000.0,False,0.1864406779661017,0.41246610169491527,0.007401525423728813,26.00175160850581,1.2507,11.0,0.09695842576803088
s4094,1000000,ok,,1000000.0,False,1.0972167110708009,0.3678493452752111,0.007418886684428321,25.99860626182884,1.6262725752508362,13.03344481605351,0.09902286548517905
n12,1000000,ok,,1000000.0,False,2.820928518791451,0.29204347826086946,0.00699285924834193,25.99452870615891,1.2506113712374582,14.016722408026755,0.1046
clarkyh,1000000,ok,,1000000.0,False,1.7424182302590552,0.47817053455019554,0.007023796836914008,25.99350662297091,1.3633678929765887,13.03344481605351,0.119
e636,1000000,ok,,1000000.0,False,1.618615724732157,0.32465651040190446,0.007248434329119663,25.99187486865488,1.3774411371237458,11.979933110367892,0.1188196838488878
e398,1000000,ok,,1000000.0,False,-2.440677966101695,0.41822203389830503,0.0073949152542372885,25.98587142911201,1.6189,15.0,0.14157834633968647
e328,1000000,ok,,1000000.0,False,1.76152145569979,0.36759501162065633,0.007427073862025962,25.982679752182037,1.3840782608695652,13.996655518394647,0.13334874486621573
daytonwrightt1,1000000,ok,,1000000.0,False,-2.7739924040587267,0.3708116036505867,0.007434520151918826,25.979441029661352,1.5601026755852843,13.03344481605351,0.1337
s4180,1000000,ok,,1000000.0,False,-0.30508474576271194,0.42860677966101696,0.007365423728813559,25.972863199833824,1.7511,15.0,0.09783180045011253
n6h15,1000000,ok,,1000000.0,False,1.4745762711864403,0.30958474576271183,0.00715322033898305,25.971774618098255,1.1914,15.0,0.1558
e426,1000000,ok,,1000000.0,False,2.481662037299472,0.3734639986395328,0.007447799444475937,25.962522584110836,1.4573314381270903,14.016722408026755,0.10824243902439024
fx84w218,1000000,ok,,1000000.0,False,0.40677966101694896,0.3864813559322034,0.007462542372881356,25.9531703544789,1.3484,15.0,0.21962631427658896
ames01,1000000,ok,,1000000.0,False,2.186440677966102,0.34737288135593225,0.007385084745762712,25.949270230792155,1.5115,15.0,0.10275
e656,1000000,ok,,1000000.0,False,-1.0169491525423728,0.479735593220339,0.007055762711864407,25.928433519414885,1.5059,15.0,0.16206429663366337
arad6,1000000,ok,,1000000.0,False,-1.491185306955388,0.45120311206847685,0.007279799331103678,25.92339287233368,1.7469588628762542,13.010033444816052,0.060239
ah93w174,1000000,ok,,1000000.0,False,-0.23842185817130623,0.41278148631029976,0.007450531715889122,25.920404358408895,1.5165695652173912,10.996655518394647,0.1742373458958799
marske7,1000000,ok,,1000000.0,False,2.3220338983050848,0.4157169491525424,0.007448305084745763,25.911545430597904,1.3373,15.0,0.12047390431175792
naca63206,1000000,ok,,1000000.0,False,1.9491525423728815,0.33763898305084744,0.007361864406779661,25.90892523910382,0.6635,5.0,0.06000143986236292
e327,1000000,ok,,1000000.0,False,2.7056289326001925,0.3864365001984014,0.007491125786520039,25.903437369129154,1.319713043478261,13.983277591973245,0.13117305463210008
e547,1000000,ok,,1000000.0,False,1.1186440677966099,0.3783711864406779,0.007486610169491525,25.903342682083547,1.2419,15.0,0.17387355458839576
ames03,1000000,ok,,1000000.0,False,2.5423728813559325,0.3387050847457628,0.007372372881355932,25.898578834150634,1.4898,15.0,0.0999798
mh93,1000000,ok,,1000000.0,False,3.4745762711864394,0.368822033898305,0.00748457627118644,25.881997081373186,1.3912,15.0,0.1597011816205216
e540,1000000,ok,,1000000.0,False,1.1186440677966099,0.40352372881355925,0.007495254237288135,25.877150953512615,1.193,15.0,0.16875245947878686
e553,1000000,ok,,1000000.0,False,-0.6610169491525424,0.379771186440678,0.007503728813559322,25.875349190579758,1.4499,15.0,0.18119828916259811
dsma523b,1000000,ok,,1000000.0,False,-1.0169491525423728,0.43079661016949156,0.00742406779661017,25.866921214085913,1.7745,15.0,0.10997599999999999
isa571,1000000,ok,,1000000.0,False,-1.390737486537045,0.34403088260302694,0.007419334504846663,25.855434054542336,1.426433779264214,10.996655518394647,0.07400766928804754
e549,1000000,ok,,1000000.0,False,0.40677966101694896,0.38424745762711865,0.007520677966101694,25.850890691838334,1.325,15.0,0.18092460947959235
sc1012r8,1000000,ok,,1000000.0,False,1.1186440677966099,0.3676423728813559,0.007501016949152542,25.847769558881943,1.6867,15.0,0.1200203727107361
goe442,1000000,ok,,1000000.0,False,-1.1788447366929313,0.34978782948812426,0.007447404342157474,25.847658259794272,1.5279267558528427,12.963210702341136,0.07702052232700163
goe619,1000000,ok,,1000000.0,False,-0.9110027776203165,0.41165830168357803,0.007499110027776203,25.84577987800038,1.48157491638796,14.016722408026755,0.13763539626981464
goe398,1000000,ok,,1000000.0,False,-0.6610169491525424,0.4280898305084746,0.007457118644067796,25.832477578088234,1.5548,15.0,0.1385
gs1,1000000,ok,,1000000.0,False,-0.6610169491525424,0.3985203389830509,0.007529661016949152,25.829901777471466,1.5218,15.0,0.139
e551,1000000,ok,,1000000.0,False,-0.30508474576271194,0.3847728813559322,0.007537796610169492,25.8215898737852,1.3893,15.0,0.18235899524847277
goe121,1000000,ok,,1000000.0,False,-1.0353721444362565,0.39168112918768777,0.007540397369763619,25.818452217050343,1.5312565217391305,12.993311036789297,0.06643645254460954
raf15,1000000,ok,,1000000.0,False,1.4198174706649285,0.3990073011734029,0.007540990873533247,25.810197745830603,1.4143729096989968,13.03344481605351,0.0649
n11,1000000,ok,,1000000.0,False,-1.7335751941499922,0.45116712771384837,0.007357535287115243,25.808453473245724,1.549996321070234,11.979933110367892,0.1094
usa45m,1000000,ok,,1000000.0,False,2.061561135990023,0.5040074258828864,0.006895705458874213,25.807099913815644,1.333956856187291,13.03010033444816,0.11629999999999999
e339,1000000,ok,,1000000.0,False,1.0711977779037474,0.3939003571226122,0.0075484468000680234,25.80356336056121,1.4959371237458194,13.013377926421406,0.13537417787499936
m17,1000000,ok,,1000000.0,False,2.802052037866334,0.5412311546964458,0.006411731761238026,25.796334515512836,1.3142117056856188,13.020066889632107,0.08080256025602561
e593,1000000,ok,,1000000.0,False,1.3424409047106156,0.4609322544073463,0.007304681140524915,25.791466750531736,1.5596966555183946,12.050167224080266,0.11297553008494468
e642,1000000,ok,,1000000.0,False,0.40677966101694896,0.33952711864406776,0.007435593220338983,25.782137059010047,1.2371,15.0,0.15068785123700165
sg6050,1000000,ok,,1000000.0,False,0.05084745762711851,0.39856610169491524,0.007558474576271186,25.781688020359926,1.5342,15.0,0.16006737886538
bw3,1000000,ok,,1000000.0,False,-2.0194433422141604,0.3675953687432685,0.007537428150331614,25.781580727633052,1.6833438127090299,10.986622073578594,0.05001312425492893
goe526,1000000,ok,,1000000.0,False,-0.30508474576271194,0.3879525423728814,0.007563559322033898,25.778995665957094,1.54,15.0,0.12290778563650506
goe400,1000000,ok,,1000000.0,False,0.041040757326682,0.42919246074485573,0.007490820815146534,25.773479820425454,1.553981939799331,13.03010033444816,0.061200000000000004
s1046,1000000,ok,,1000000.0,False,3.2542372881355934,0.365971186440678,0.00754135593220339,25.76766152157382,1.2452,15.0,0.16988897348742352
e428,1000000,ok,,1000000.0,False,2.820928518791451,0.3874960943257184,0.007571348563006632,25.765469151015168,1.4388498327759198,14.016722408026755,0.11123348968105065
naca663418,1000000,ok,,1000000.0,False,0.40677966101694896,0.3920186440677966,0.007575254237288135,25.75917644294588,1.1734,15.0,0.17995168524670635
e326,1000000,ok,,1000000.0,False,3.2648375942406904,0.361855875517261,0.007538264270732952,25.7536395447066,1.2663170568561872,13.060200668896321,0.12866767251571398
goe685,1000000,ok,,1000000.0,False,-0.6610169491525424,0.381835593220339,0.007578305084745762,25.747991215924213,1.5146,15.0,0.13072457469736917
e793,1000000,ok,,1000000.0,False,-1.3728813559322033,0.39702542372881355,0.0075827118644067795,25.74318555555402,1.7128,15.0,0.15624559431603113
goe397,1000000,ok,,1000000.0,False,0.5149367949662711,0.42875271809988086,0.007513427810214841,25.741132543070215,1.2621414715719064,10.020066889632107,0.051000000000000004
goe437,1000000,ok,,1000000.0,False,0.0,0.5076,0.00691,25.73404165512567,1.241381939799331,8.006688963210703,0.07050000000000001
r1082,1000000,ok,,1000000.0,False,0.05084745762711851,0.35404745762711864,0.007531864406779661,25.718526050183865,1.2549,15.0,0.18000596420215487
ls421,1000000,ok,,1000000.0,False,-1.0169491525423728,0.39777457627118645,0.007597457627118644,25.717788672339672,1.6338,15.0,0.20894000000000001
p51droot,1000000,ok,,1000000.0,False,1.8305084745762707,0.3740237288135593,0.007596271186440678,25.699005820240842,1.2992,15.0,0.16501756316394883
e543,1000000,ok,,1000000.0,False,1.4406779661016946,0.40663220338983047,0.007608813559322034,25.683166024575048,1.2048,15.0,0.17218946239879504
goe389,1000000,ok,,1000000.0,False,-0.5157870868998353,0.39352656878861747,0.00763284167564197,25.66181387223616,1.4342595317725753,13.03344481605351,0.10313147956502229
goe358,1000000,ok,,1000000.0,False,-2.268068703588232,0.41802571282807094,0.007600210305538235,25.65938446994768,1.774863210702341,14.016722408026755,0.10869999999999999
nlf416,1000000,ok,,1000000.0,False,-0.9110027776203165,0.34677917918485346,0.007541149027832889,25.64520906190194,1.6476548494983276,14.016722408026755,0.1594441005350745
naca634421,1000000,ok,,1000000.0,False,0.40677966101694896,0.39306610169491524,0.007644745762711865,25.642003920859896,1.3343,15.0,0.2099193274598962
ah82150f,1000000,ok,,1000000.0,False,-0.9152542372881358,0.31814745762711866,0.00737593220338983,25.636186798214236,1.1403,14.0,0.14994899877149878
ist-mt1-12,1000000,ok,,1000000.0,False,-3.864406779661017,0.4525033898305085,0.007468305084745763,25.634393398041432,1.6693,15.0,0.1199763000854029
clarym18,1000000,ok,,1000000.0,False,0.40677966101694896,0.43465423728813557,0.007560677966101695,25.63272889877184,1.5791,15.0,0.17980603246149918
atr72sm,1000000,ok,,1000000.0,False,1.4745762711864403,0.3490016949152542,0.007561864406779661,25.624567894240446,1.6124,15.0,0.14517145454545455
ah88k136,1000000,ok,,1000000.0,False,0.7627118644067794,0.358693220338983,0.007598983050847458,25.624517870084993,1.1786,15.0,0.13540826503207648
naca654421,1000000,ok,,1000000.0,False,0.40677966101694896,0.3853779661016949,0.007652881355932203,25.62443796957989,1.161,15.0,0.20992585626366686
e325,1000000,ok,,1000000.0,False,4.177994444759367,0.37612178447933786,0.007646278555637436,25.617362059673802,1.209699331103679,14.016722408026755,0.1262458880203516
nlr7301,1000000,ok,,1000000.0,False,0.05084745762711851,0.2939542372881356,0.007178135593220339,25.615205172299248,1.5602,15.0,0.16518
goe190,1000000,ok,,1000000.0,False,-2.0847457627118646,0.42691355932203384,0.007618474576271187,25.5895762010429,1.7159,15.0,0.12669416033148284
naca654221,1000000,ok,,1000000.0,False,1.8305084745762707,0.3856677966101694,0.007677966101694916,25.582134192569047,1.0747,15.0,0.20995377683161087
as5048,1000000,ok,,1000000.0,False,1.1186440677966099,0.41035084745762707,0.007669322033898305,25.57620172526724,1.4547,15.0,0.17982365642829512
goe393,1000000,ok,,1000000.0,False,0.7615214556997909,0.40139501162065655,0.007683386996202029,25.571876472518145,1.5243411371237459,13.946488294314381,0.06071680404910694
naca634221,1000000,ok,,1000000.0,False,1.8305084745762707,0.39088135593220336,0.007687966101694916,25.56947750376933,1.2227,15.0,0.20994105603942873
e344,1000000,ok,,1000000.0,False,0.10679666685562061,0.32438645201519195,0.007455145966781929,25.56501488591709,1.5623842809364548,14.016722408026755,0.14717904858886735
goe432,1000000,ok,,1000000.0,False,-0.42542939742645025,0.42109128734198736,0.007654755966215067,25.561235934982523,1.514673244147157,12.993311036789297,0.07700000000000001
fx711520,1000000,ok,,1000000.0,False,2.5423728813559325,0.2909220338983051,0.007174576271186442,25.555327732896675,1.1732,15.0,0.15001126157777067
b29root,1000000,ok,,1000000.0,False,3.4839861685845452,0.3838548381611018,0.007694199308429227,25.55196842566243,1.2975096989966555,12.050167224080266,0.21979186911872667
usa22,1000000,ok,,1000000.0,False,-0.2146136840315176,0.40312126296695194,0.007695799557848195,25.549219280612235,1.397833779264214,12.963210702341136,0.0910411715935342
fx66s161,1000000,ok,,1000000.0,False,-0.6503032707896388,0.38814027549458635,0.007701472705628932,25.545070188529966,1.4033117056856188,9.030100334448159,0.16112745768125197
cr1,1000000,ok,,1000000.0,False,-0.30508474576271194,0.43051864406779655,0.007643220338983051,25.53250701887883,1.5018,15.0,0.1220726
goe648,1000000,ok,,1000000.0,False,-0.30508474576271194,0.39325593220338984,0.007715593220338984,25.52405917374674,1.6713,15.0,0.15165028481264267
naca6412,1000000,ok,,1000000.0,False,-2.440677966101695,0.3968152542372881,0.007718135593220338,25.51920711746547,1.6744,15.0,0.12037967053259345
naca0018,1000000,ok,,1000000.0,False,3.2542372881355934,0.3537542372881356,0.007641525423728814,25.513120584080266,1.3599,15.0,0.18004310153668227
e625,1000000,ok,,1000000.0,False,2.5423728813559325,0.3430864406779661,0.007594576271186441,25.510358402132784,1.4773,15.0,0.13
m13,1000000,ok,,1000000.0,False,1.0677966101694916,0.40884745762711866,0.007715932203389831,25.505777678213448,1.1471,9.0,0.062099999999999995
e715,1000000,ok,,1000000.0,False,1.1186440677966099,0.37865084745762706,0.00771542372881356,25.504583897213628,1.3667,15.0,0.1503598374407602
e332,1000000,ok,,1000000.0,False,2.081344594977609,0.36287284734425485,0.007678709256844851,25.504546156658627,1.3772622073578595,11.989966555183948,0.11528349917089345
e678,1000000,ok,,1000000.0,False,-2.440677966101695,0.4693542372881355,0.0074471186440677965,25.503373954216322,1.5616,15.0,0.1507755373095807
marske3,1000000,ok,,1000000.0,False,2.898305084745763,0.36312881355932203,0.007680338983050847,25.503048436847898,1.5405,15.0,0.12060000000000001
naca654421a05,1000000,ok,,1000000.0,False,0.6329573153449344,0.3877724845530298,0.0077316478657672464,25.494049012132617,1.1318856187290969,7.97658862876254,0.2099255374923069
goe701,1000000,ok,,1000000.0,False,-1.0169491525423728,0.40585423728813563,0.007732372881355932,25.48574084237193,1.5168,15.0,0.12449278790123583
e472,1000000,ok,,1000000.0,False,3.2542372881355934,0.36220508474576274,0.007688644067796611,25.48294948049157,1.4992,15.0,0.12088404756006936
goe428,1000000,ok,,1000000.0,False,-1.1694915254237293,0.4264305084745762,0.007697288135593221,25.471591564330375,1.3942,13.0,0.07899999999999999
goe655,1000000,ok,,1000000.0,False,-0.8574343858057931,0.3743001473839352,0.007728553936851653,25.468509736649423,1.5356448160535117,12.963210702341136,0.139
goe478,1000000,ok,,1000000.0,False,-0.6610169491525424,0.4095779661016949,0.007745084745762711,25.45782565812757,1.5464,15.0,0.1333364775944105
goe210,1000000,ok,,1000000.0,False,-0.23842185817130623,0.4645398049997164,0.007517958732498159,25.453074867414998,1.480176923076923,10.996655518394647,0.06630275593359337
fx601261,1000000,ok,,1000000.0,False,-1.5895357406042745,0.39883618275607957,0.00775969786293294,25.45025531456911,1.628622408026756,14.016722408026755,0.12593394276094277
goe612,1000000,ok,,1000000.0,False,-1.0169491525423728,0.4185949152542373,0.007737118644067797,25.44351238431701,1.649,15.0,0.15004437003719137
e230,1000000,ok,,1000000.0,False,3.491525423728813,0.2603110169491525,0.006861186440677966,25.44240724688759,0.9396,10.0,0.0995312099272195
goe567,1000000,ok,,1000000.0,False,-1.9322033898305087,0.42076610169491524,0.007735593220338983,25.437697694582024,1.5546,14.0,0.14740031914355506
goe457,1000000,ok,,1000000.0,False,-1.1050393968595893,0.36205610793038934,0.007715336999036335,25.43430587119302,1.4704287625418062,12.050167224080266,0.07832924619415392
e1233,1000000,ok,,1000000.0,False,-1.2711864406779663,0.379157627118644,0.0077657627118644075,25.41982491709695,1.7167,15.0,0.1892732357731854
goe621,1000000,ok,,1000000.0,False,-1.0169491525423728,0.41797627118644065,0.0077561864406779655,25.416217484605603,1.6378,15.0,0.15004437003719137
e558,1000000,ok,,1000000.0,False,-0.9110027776203165,0.3825786916841449,0.007775129527804546,25.412406460721428,1.607286287625418,14.016722408026755,0.16025793109933728
goe591,1000000,ok,,1000000.0,False,-1.1609886060880905,0.4141927895244033,0.007768637265461141,25.408860714976786,1.4373394648829432,13.03344481605351,0.112
ah93w215,1000000,ok,,1000000.0,False,0.7853296298395787,0.3989606881696049,0.007795706592596791,25.391851033465134,1.4459715719063544,14.016722408026755,0.2121707952730757
e559,1000000,ok,,1000000.0,False,-1.9288022220962535,0.36663855223626773,0.007769967688906525,25.362974914328042,1.6873063545150502,14.016722408026755,0.16031710252431758
goe176,1000000,ok,,1000000.0,False,-1.966895300719914,0.4291580692704495,0.007762579785726433,25.35979322062665,1.612291304347826,10.996655518394647,0.1032631235641689
fx63120,1000000,ok,,1000000.0,False,-3.152542372881356,0.44274745762711865,0.0077093220338983045,25.35952760887086,1.8995,15.0,0.11992765957446809
goe420,1000000,ok,,1000000.0,False,-0.8483646051811125,0.39770982370613905,0.007819098123689134,25.354472573127527,1.4657799331103678,12.996655518394647,0.1875
goe133,1000000,ok,,1000000.0,False,-0.5157870868998353,0.4005118417323281,0.007819368516524006,25.35287152107423,1.627931772575251,13.03344481605351,0.079
e560,1000000,ok,,1000000.0,False,-2.6073351850802107,0.38210726149311264,0.007811046425939573,25.350803344007996,1.745166220735786,14.016722408026755,0.16065213034396025
nacam2,1000000,ok,,1000000.0,False,2.5328496117000157,0.2913201065699222,0.007273216370954026,25.34502145313835,1.1860565217391303,11.979933110367892,0.0806
goe282,1000000,ok,,1000000.0,False,-1.5254237288135597,0.4139728813559322,0.007810847457627119,25.34382753008567,0.8074,2.0,0.09117217213397125
marske1,1000000,ok,,1000000.0,False,4.000623547417947,0.4922375318859475,0.007383518508021087,25.328128421261994,1.461059866220736,13.03344481605351,0.13995273151456708
v43015,1000000,ok,,1000000.0,False,1.8305084745762707,0.3938338983050847,0.007835932203389831,25.326565875301153,1.5652,15.0,0.1503
goe484,1000000,ok,,1000000.0,False,-1.0169491525423728,0.4999779661016949,0.007318135593220338,25.314033120803725,1.6361,15.0,0.0625
eiffel371,1000000,ok,,1000000.0,False,0.9138937701944325,0.39827939459214323,0.007845694688509722,25.311480477870983,1.1987140468227424,10.996655518394647,0.14426710239651416
e682,1000000,ok,,1000000.0,False,0.40677966101694896,0.38500508474576267,0.007839830508474577,25.309081350536612,1.2259,15.0,0.15298031153758085
r1080,1000000,ok,,1000000.0,False,0.40677966101694896,0.3788237288135593,0.007833898305084746,25.303207773831986,1.2596,15.0,0.17995394125
goe116,1000000,ok,,1000000.0,False,-0.10169491525423746,0.41744576271186434,0.007846271186440679,25.279365663910692,1.0213,6.0,0.09322132749147186
fxs21158,1000000,ok,,1000000.0,False,-0.6635111388243304,0.3792298679213196,0.00786047332917635,25.259663030057823,1.3073096989966555,10.050167224080267,0.15777013671875
naca23018,1000000,ok,,1000000.0,False,2.186440677966102,0.36550508474576276,0.007825762711864408,25.25919139583159,1.4947,15.0,0.1802
goe394,1000000,ok,,1000000.0,False,-0.8142962417096538,0.46603308769344143,0.007650862196020634,25.25534556840112,1.6343923076923077,13.996655518394647,0.061039854857357204
goe368,1000000,ok,,1000000.0,False,0.11864406779661074,0.3655559322033899,0.007831440677966102,25.249571579127526,0.8907,5.0,0.07708440188883711
sg6043,1000000,ok,,1000000.0,False,-2.7966101694915255,0.47025762711864405,0.00763,25.243699874716995,1.795,15.0,0.1001385754854271
goe498,1000000,ok,,1000000.0,False,-2.4513916444645996,0.40544970239782324,0.007896736579558982,25.2258326095364,1.6121160535117058,13.03344481605351,0.15918141834898206
e478,1000000,ok,,1000000.0,False,3.610169491525424,0.40098220338983054,0.007921016949152542,25.190658747118167,1.3888,15.0,0.15689043790702895
e59,1000000,ok,,1000000.0,False,-2.2549742078113493,0.5245287398673544,0.007140309506263818,25.1884548492919,1.6507484949832776,10.996655518394647,0.05600000000000001
goe613,1000000,ok,,1000000.0,False,-0.5572813332577518,0.41114215747406613,0.007918174706649283,25.184156693010504,1.3477371237458196,13.013377926421406,0.103
e541,1000000,ok,,1000000.0,False,1.4745762711864403,0.4207745762711864,0.007903559322033899,25.181959733490665,1.1598,15.0,0.16628316963385475
e474,1000000,ok,,1000000.0,False,3.9661016949152543,0.4044305084745763,0.007926610169491524,25.179935791265965,1.4213,15.0,0.14073467787114846
ls421mod,1000000,ok,,1000000.0,False,-1.3728813559322033,0.36459152542372886,0.007869322033898304,25.17798569718151,1.74,15.0,0.20954
naca644221,1000000,ok,,1000000.0,False,1.8305084745762707,0.38659830508474574,0.007921355932203389,25.177685117126277,1.1671,15.0,0.20956640971147944
sp4721la,1000000,ok,,1000000.0,False,-3.2572983390964234,0.3693931749900799,0.007888248398616859,25.17197330382073,1.594496989966555,11.979933110367892,0.21376291193506342
sc20503,1000000,ok,,1000000.0,False,0.40677966101694896,0.25172881355932203,0.006854237288135593,25.15810603264146,0.312,1.0,0.030100000000000002
fx66s171,1000000,ok,,1000000.0,False,-0.5955444702681261,0.3910932770251119,0.007942133665891957,25.15160027736226,1.4321973244147157,9.943143812709028,0.17104515809645482
s1016,1000000,ok,,1000000.0,False,2.898305084745763,0.32679322033898306,0.007691186440677966,25.132768969871577,1.1322,15.0,0.17481940497874923
naca644421,1000000,ok,,1000000.0,False,0.40677966101694896,0.38588474576271187,0.00794813559322034,25.132253698567798,1.2693,15.0,0.2095524480420232
goe164,1000000,ok,,1000000.0,False,-2.940649623037243,0.43718610056119267,0.007898633864293408,25.118789367993532,1.694784949832776,12.050167224080266,0.08860569607377448
goe285,1000000,ok,,1000000.0,False,0.44606314834759964,0.4255934810951761,0.007936035372144436,25.116623720341224,1.5571558528428093,14.016722408026755,0.1173
goe12k,1000000,ok,,1000000.0,False,-0.6610169491525424,0.4555152542372881,0.007818305084745762,25.113562505012485,1.4446,15.0,0.111
goe414,1000000,ok,,1000000.0,False,-1.1609886060880905,0.44058443965761573,0.007893466923643785,25.10747714754636,1.4003926421404682,13.03344481605351,0.1359225261153846
goe143,1000000,ok,,1000000.0,False,-0.03389830508474567,0.3942372881355932,0.007983050847457627,25.089626903981333,0.6225,2.0,0.07442492565093833
goe195,1000000,ok,,1000000.0,False,-1.458250666062015,0.4327926251346295,0.007934542826370388,25.088626292544824,1.717678260869565,13.996655518394647,0.086
n66021,1000000,ok,,1000000.0,False,3.9661016949152543,0.460835593220339,0.007806949152542373,25.087217293412948,0.8625,15.0,0.21
e62,1000000,ok,,1000000.0,False,0.0,0.7563,0.0017,25.08588066469676,1.3547,7.0,0.056396824529609306
goe371,1000000,ok,,1000000.0,False,-0.23842185817130623,0.4714795986622073,0.007745574513916445,25.07667203324558,1.4334742474916387,10.996655518394647,0.06949338978475865
oaf117,1000000,ok,,1000000.0,False,1.1245961113315568,0.3891205458874213,0.007986836630576498,25.076092524123425,1.7058478260869565,14.016722408026755,0.1146310506543495
goe177,1000000,ok,,1000000.0,False,-0.9322033898305084,0.3926194915254237,0.007990847457627119,25.075261871932526,1.2118,7.0,0.077
goe118,1000000,ok,,1000000.0,False,-1.0,0.4938,0.00757,25.069134209960243,1.235,7.0,0.08641319324162923
usa40,1000000,ok,,1000000.0,False,-1.1050393968595893,0.4281935717929822,0.007964159061277705,25.06514593943868,1.5691,12.050167224080266,0.13319832606379362
giiia,1000000,ok,,1000000.0,False,3.3554220282296914,0.3334307635621563,0.007776566521172268,25.05865718594764,1.1549130434782608,13.03344481605351,0.11007808378159073
goe703,1000000,ok,,1000000.0,False,3.2542372881355934,0.33453728813559325,0.007792881355932204,25.041928219912304,1.3159,15.0,0.194
goe310,1000000,ok,,1000000.0,False,0.09489257978572585,0.41143159684825115,0.008013357519414998,25.03774672821079,1.3603581939799332,11.979933110367892,0.08141819419419419
hor12,1000000,ok,,1000000.0,False,-0.6610169491525424,0.40494067796610167,0.008023050847457627,25.029408791875863,1.8133,15.0,0.11939245076175183
sp4721bs,1000000,ok,,1000000.0,False,-3.4287171929028966,0.34911157530752224,0.007889938778980785,25.022874358055105,1.6293210702341137,12.963210702341136,0.214074681616539
fx66182,1000000,ok,,1000000.0,False,-0.6753018536364159,0.3722389915537667,0.007984680573663624,25.02248090864556,1.3607909698996656,8.959866220735785,0.1819477004152028
e856,1000000,ok,,1000000.0,False,-1.4109744345558646,0.3908558585114222,0.008022463579162179,25.021924266235352,1.599132441471572,12.050167224080266,0.18148669571518633
goe137,1000000,ok,,1000000.0,False,-0.19318632730570862,0.42613471458534097,0.008001138257468399,25.018589402202128,1.4453197324414715,13.03344481605351,0.08588649796759312
usa35b,1000000,ok,,1000000.0,False,-1.5895357406042745,0.4447645541635961,0.007939616801768606,25.01747806475712,1.6791414715719064,14.016722408026755,0.1161
e338,1000000,ok,,1000000.0,False,1.463805906694633,0.3520358142962418,0.007910455189615103,25.012867379423998,1.427285618729097,12.96655518394649,0.13301747438373662
goe431,1000000,ok,,1000000.0,False,-4.642934074032084,0.37963410237514883,0.008010690437050053,25.010921309860358,1.7175846153846155,14.016722408026755,0.118
marske2,1000000,ok,,1000000.0,False,2.898305084745763,0.35635932203389836,0.007933220338983051,25.008930795015253,1.5553,15.0,0.1205
e266,1000000,ok,,1000000.0,False,0.7627118644067794,0.4008830508474576,0.00803728813559322,25.00797320183964,1.1365,15.0,0.17316292640253544
fx6617a2,1000000,ok,,1000000.0,False,-0.3955558074939072,0.37766263817243906,0.008011111048126523,25.002659054579226,1.323661872909699,9.030100334448159,0.1819477004152028
e343,1000000,ok,,1000000.0,False,1.1221019216597705,0.31913754889178625,0.007698902556544414,25.00207000171958,1.4940545150501672,13.060200668896321,0.14467780544763326
goe741,1000000,ok,,1000000.0,False,2.898305084745763,0.5281,0.007255932203389831,24.996729910803975,1.5484,15.0,0.1533
coanda1,1000000,ok,,1000000.0,False,1.0338983050847457,0.3808423728813559,0.00802593220338983,24.990189273047836,0.6347,4.0,0.05650000000000001
usa27,1000000,ok,,1000000.0,False,-3.0,0.1949,0.00591,24.9895209934444,1.4318210702341136,13.013377926421406,0.1107
goe412,1000000,ok,,1000000.0,False,-1.0169491525423728,0.4565983050847458,0.007907457627118645,24.982805729285587,1.5689,15.0,0.13123033103062662
goe184,1000000,ok,,1000000.0,False,-1.1186440677966099,0.4046,0.008054745762711864,24.980592324184038,0.8668,3.0,0.08295755276333708
m14,1000000,ok,,1000000.0,False,1.0943257184966835,0.4365588061901252,0.00799773765659543,24.979636180479776,1.3686260869565217,12.043478260869565,0.0806
goe735,1000000,ok,,1000000.0,False,1.7796610169491522,0.403064406779661,0.008058983050847457,24.974363767655532,1.5624,15.0,0.20099999999999998
m2,1000000,ok,,1000000.0,False,3.1440394535457177,0.3408688339663285,0.007871075902726603,24.972130448305897,1.1971451505016721,11.983277591973245,0.08
b707e,1000000,ok,,1000000.0,False,1.2372881355932206,0.33138813559322033,0.007810169491525423,24.968829108905478,1.1184,11.0,0.0900887
e550,1000000,ok,,1000000.0,False,0.653194263363754,0.3936052151238591,0.008061851368970013,24.963558226715907,1.3637598662207358,11.06688963210702,0.18197360054347828
e548,1000000,ok,,1000000.0,False,1.5210022107590255,0.40556735445836384,0.00807042004421518,24.956107002169176,1.277553177257525,11.06688963210702,0.17388862690146972
b707d,1000000,ok,,1000000.0,False,1.593220338983051,0.365564406779661,0.008004745762711865,24.95095104365344,1.1064,10.0,0.0897
e331,1000000,ok,,1000000.0,False,2.6780794739527245,0.3724208945071142,0.00803205430531149,24.943977272414696,1.3253411371237458,12.963210702341136,0.11271217568412692
e635,1000000,ok,,1000000.0,False,2.228104982710729,0.36580416643047425,0.008014745195850576,24.93545408040953,1.3839849498327759,11.979933110367892,0.11630237615887834
ah6407,1000000,ok,,1000000.0,False,-1.8323791168301118,0.4833769740944391,0.007764341590612777,24.935228829381693,1.633056856187291,11.989966555183944,0.06851859978353686
goe309,1000000,ok,,1000000.0,False,0.6101694915254239,0.42845084745762707,0.00805627118644068,24.929789323794015,1.0929,7.0,0.084295902
goe410,1000000,ok,,1000000.0,False,2.898305084745763,0.3326677966101695,0.007840508474576272,24.928876966720555,1.4025,15.0,0.161
marske4,1000000,ok,,1000000.0,False,2.5423728813559325,0.3387101694915255,0.007882881355932203,24.92566123991701,1.5461,15.0,0.10189999999999999
goe449,1000000,ok,,1000000.0,False,-1.0169491525423728,0.4643203389830508,0.007906949152542374,24.923682961426582,1.5256,15.0,0.1695
e664,1000000,ok,,1000000.0,False,-0.30508474576271194,0.3544440677966102,0.007974237288135594,24.921203046560194,1.3019,15.0,0.16605888729417922
hs1712,1000000,ok,,1000000.0,False,-2.7966101694915255,0.4397966101694915,0.008027966101694916,24.92056307743695,1.8462,15.0,0.11976
mh102,1000000,ok,,1000000.0,False,0.7627118644067794,0.4067559322033898,0.008094745762711865,24.918314899249307,1.5458,15.0,0.16977364823424201
goe683,1000000,ok,,1000000.0,False,1.3138710957428703,0.35369973357519385,0.00797481945467944,24.913770571607547,1.4629217391304348,11.979933110367892,0.199
e542,1000000,ok,,1000000.0,False,1.8305084745762707,0.40901694915254233,0.0081,24.9088247008364,1.1609,15.0,0.16860064332588026
e479,1000000,ok,,1000000.0,False,3.610169491525424,0.40505084745762715,0.008105423728813559,24.902595985036534,1.3865,15.0,0.16553295876755778
mh78,1000000,ok,,1000000.0,False,3.2542372881355934,0.35770338983050853,0.008004915254237289,24.89460451853335,1.571,15.0,0.14447753908181007
e475,1000000,ok,,1000000.0,False,3.610169491525424,0.34645423728813557,0.00795728813559322,24.876234488563288,1.3905,15.0,0.1499362520268705
e552,1000000,ok,,1000000.0,False,0.07465563176690537,0.40803765659543095,0.00812821211949436,24.866727948483756,1.4373866220735787,11.06688963210702,0.18427535479690837
eiffel385,1000000,ok,,1000000.0,False,-3.5084745762711864,0.41986949152542374,0.008119830508474576,24.862303625315484,1.6025,15.0,0.1361606396404081
isa961,1000000,ok,,1000000.0,False,-1.966895300719914,0.3645197154356329,0.008059463182359278,24.851180255928007,1.5110926421404682,10.996655518394647,0.09439890821865389
goe408,1000000,ok,,1000000.0,False,1.0091264667535844,0.4639684428320389,0.00796874553596735,24.844050244953408,1.4428505016722408,11.979933110367892,0.07749803999999999
fx83w227,1000000,ok,,1000000.0,False,1.8305084745762707,0.38555423728813554,0.008127627118644069,24.84085238872625,1.4098,15.0,0.22643988182689234
goe596,1000000,ok,,1000000.0,False,0.08474576271186418,0.41966949152542365,0.008134745762711863,24.84080525045156,1.5182,15.0,0.0975
fx6617ai,1000000,ok,,1000000.0,False,-0.3955558074939072,0.38104085936171406,0.008121111048126524,24.835844980050513,1.4455,9.030100334448159,0.18833912182468907
goe633,1000000,ok,,1000000.0,False,1.1186440677966099,0.40505932203389833,0.008150677966101695,24.833502958903644,1.5224,15.0,0.13760317875604874
e554,1000000,ok,,1000000.0,False,-0.2146136840315176,0.40681942633637547,0.008159223400034011,24.820258778079637,1.5152209030100334,12.963210702341136,0.18235
naca2421,1000000,ok,,1000000.0,False,1.4745762711864403,0.39641694915254233,0.008157966101694916,24.81671730193893,1.4605,15.0,0.2101152581890503
e1230,1000000,ok,,1000000.0,False,0.05084745762711851,0.3690779661016949,0.00810084745762712,24.81062628755218,1.7562,15.0,0.17446212291453864
naca4418,1000000,ok,,1000000.0,False,-0.6610169491525424,0.40787966101694917,0.00816677966101695,24.80848315964528,1.6012,15.0,0.18026164549264234
goe501,1000000,ok,,1000000.0,False,-2.7966101694915255,0.4604220338983051,0.008016610169491525,24.8071539360942,1.7373,15.0,0.128
e561,1000000,ok,,1000000.0,False,-2.6192392721501045,0.38940712544640327,0.00816426846550649,24.793337981777817,1.7937678929765888,13.946488294314381,0.16891349035896983
arad13,1000000,ok,,1000000.0,False,1.1186440677966099,0.4843305084745762,0.007870169491525423,24.79039244742018,1.8524,15.0,0.13
ht21,1000000,ok,,1000000.0,False,2.8744969106059735,0.32135499688226277,0.007828262003287794,24.787413700599213,0.9750565217391304,8.959866220735785,0.051035691326688545
august160,1000000,ok,,1000000.0,False,1.101694915254237,0.4629491525423729,0.008018474576271188,24.78583572761757,1.8241,15.0,0.16038000000000002
goe620,1000000,ok,,1000000.0,False,-2.0847457627118646,0.4206186440677966,0.008172372881355932,24.783597682356916,1.5658,15.0,0.175
goe429,1000000,ok,,1000000.0,False,2.898305084745763,0.3407525423728814,0.00797491525423729,24.782242715917747,1.4954,15.0,0.1138
goe723,1000000,ok,,1000000.0,False,-0.4576271186440679,0.43057118644067793,0.008155254237288136,24.779829977030513,1.5963,15.0,0.11548359591988283
e330,1000000,ok,,1000000.0,False,3.5139164446459956,0.37134681140524917,0.008130149084519016,24.77519150725585,1.3170210702341136,13.013377926421406,0.11028070765409029
e1098,1000000,ok,,1000000.0,False,-1.0169491525423728,0.4051949152542373,0.008198813559322034,24.76045026318334,1.3573,15.0,0.18954288324449198
goe436,1000000,ok,,1000000.0,False,0.05084745762711851,0.4026220338983051,0.0082,24.757823276001112,1.5142,15.0,0.11
n0011sc,1000000,ok,,1000000.0,False,1.0995975284847797,0.17491921092908563,0.005543812709030101,24.75656315166384,1.2267304347826087,13.946488294314381,0.109566
goe804,1000000,ok,,1000000.0,False,-3.8135593220338984,0.5027186440677966,0.0077474576271186445,24.74372021343797,1.5942,9.0,0.060000000000000005
naca63a210,1000000,ok,,1000000.0,False,2.2342270846323906,0.37986316535343806,0.00818044952100221,24.735272423109308,1.212421404682274,11.993311036789297,0.09990271202681744
goe505,1000000,ok,,1000000.0,False,-1.4237288135593218,0.4208593220338983,0.008209661016949152,24.728771016267896,0.6591,3.0,0.13969583925289714
goe646,1000000,ok,,1000000.0,False,-1.2502692591122955,0.38274750864463464,0.008192481151862139,24.727563849734757,1.561947491638796,14.016722408026755,0.18335557243667827
goe438,1000000,ok,,1000000.0,False,0.05084745762711851,0.408528813559322,0.008228983050847457,24.714837216809407,1.5286,15.0,0.10989482969241815
naca16021,1000000,ok,,1000000.0,False,3.9661016949152543,0.2872101694915254,0.007523898305084746,24.702854407191314,0.9042,15.0,0.21
usnps4,1000000,ok,,1000000.0,False,-1.9288022220962535,0.45474825690153614,0.008145016155546737,24.674075781603207,1.7852578595317727,14.016722408026755,0.11941016912378302
ah79100c,1000000,ok,,1000000.0,False,-4.064395442435236,0.4641490731817924,0.00811151635394819,24.654235061780305,1.647728762541806,13.03344481605351,0.09942299804049641
usa29,1000000,ok,,1000000.0,False,0.05084745762711851,0.4431203389830508,0.008226440677966101,24.628237933311407,1.3014,15.0,0.13168971072224472
goe101,1000000,ok,,1000000.0,False,0.3728813559322034,0.4327576271186441,0.00826322033898305,24.619665287000217,1.3359,11.0,0.069
stcyr24,1000000,ok,,1000000.0,False,-3.5084745762711864,0.4536813559322034,0.008198813559322034,24.608718897257784,0.8858,1.0,0.12350000000000001
goe405,1000000,ok,,1000000.0,False,-2.328779547644692,0.44420965931636525,0.008237609262513464,24.60775655086312,1.453014381270903,12.050167224080266,0.111
fx77w153,1000000,ok,,1000000.0,False,1.954310980103167,0.4676057026245676,0.008133407970069726,24.59992463819209,1.5778491638795986,12.050167224080266,0.15245934228187918
goe269,1000000,ok,,1000000.0,False,-0.5572813332577518,0.44655691854203283,0.008235359106626608,24.59914376311422,1.6749508361204013,13.013377926421406,0.06586922316446983
goe308,1000000,ok,,1000000.0,False,-0.10458590782835486,0.43149700130378094,0.008282550308939401,24.596724431254785,1.3546254180602006,11.989966555183944,0.08088417514217157
e603,1000000,ok,,1000000.0,False,-0.5762711864406782,0.37594237288135596,0.008255593220338983,24.59566555080591,1.386,14.0,0.18980839758971266
fx78pk188,1000000,ok,,1000000.0,False,1.1186440677966099,0.4120457627118644,0.00831,24.59350757962554,1.0997,15.0,0.1881109213759214
goe692,1000000,ok,,1000000.0,False,-1.3728813559322033,0.41915254237288135,0.008306101694915254,24.59216688384124,1.6699,15.0,0.161
fx66196v,1000000,ok,,1000000.0,False,-0.9050507340853695,0.39501916558018246,0.008307090867864634,24.584382010727225,1.4507919732441472,9.030100334448159,0.1956807793037368
esa40,1000000,ok,,1000000.0,False,3.9661016949152543,0.3787694915254237,0.008272881355932205,24.58215496491743,1.5688,15.0,0.10715835339638866
ste87391,1000000,ok,,1000000.0,False,-1.9288022220962535,0.5117641233490164,0.007793171022050904,24.581432277139225,1.5452090301003345,14.016722408026755,0.145566646795915
goe770,1000000,ok,,1000000.0,False,0.44606314834759964,0.3970462388753472,0.00831845473612607,24.571047142640097,1.6814648829431438,14.016722408026755,0.20989999999999998
n64212mb,1000000,ok,,1000000.0,False,1.8305084745762707,0.38441355932203386,0.00829728813559322,24.567949674556463,1.5698,15.0,0.12046523607577722
oaf128,1000000,ok,,1000000.0,False,2.186440677966102,0.4032847457627119,0.008327966101694914,24.56515063838032,1.7465,15.0,0.12780753643290427
fx66s196,1000000,ok,,1000000.0,False,-0.6669689926874902,0.3906649906467886,0.008316615271243126,24.55889867253036,1.3985632107023411,8.983277591973243,0.19630626956244013
n63215b,1000000,ok,,1000000.0,False,1.4745762711864403,0.3557542372881356,0.008191525423728814,24.558220454362523,1.5568,15.0,0.1504
mh84,1000000,ok,,1000000.0,False,-0.30508474576271194,0.42825254237288135,0.008343050847457628,24.521133916538737,1.8729,15.0,0.13714505305037455
goe318,1000000,ok,,1000000.0,False,1.0528881582676712,0.4500191599115696,0.00828,24.521022641627717,1.5236956521739131,13.010033444816052,0.09125938156960593
goe363,1000000,ok,,1000000.0,False,-1.8061901252763448,0.42217641857037586,0.008354885777450256,24.51739548259845,1.6290655518394648,13.03344481605351,0.11065482272722464
goe122,1000000,ok,,1000000.0,False,0.5084745762711869,0.43449661016949154,0.00833322033898305,24.516346904246276,0.6011,2.0,0.07301137141142343
goe628,1000000,ok,,1000000.0,False,-1.7288135593220337,0.40722711864406785,0.008362881355932205,24.515827422570084,1.7868,15.0,0.16711678739234226
goe335,1000000,ok,,1000000.0,False,-0.11456266651550351,0.4830849980159855,0.008100815146533644,24.51244759925954,1.3729367892976587,11.013377926421406,0.0685
e385,1000000,ok,,1000000.0,False,-2.0,0.4902,0.00805,24.508352360373152,1.6184602006688964,13.97658862876254,0.08418983433141783
goe147,1000000,ok,,1000000.0,False,0.4246357916217889,0.39242630803242434,0.00835314437957032,24.50765572300182,1.5122678929765885,12.050167224080266,0.07547662632611567
fx77w121,1000000,ok,,1000000.0,False,1.0948925797857259,0.4667704636925344,0.00822072841675642,24.49348235856933,1.343866220735786,9.983277591973243,0.12099623775310256
goe499,1000000,ok,,1000000.0,False,-2.152542372881356,0.4962508474576271,0.00801593220338983,24.489110191184196,1.3281,7.0,0.068
goe506,1000000,ok,,1000000.0,False,-1.9288022220962535,0.3067200668896321,0.007849061844566633,24.482611759112938,1.3686765886287626,14.016722408026755,0.16463623591452803
goe433,1000000,ok,,1000000.0,False,-1.6101694915254239,0.4318677966101695,0.008370338983050847,24.473179293312317,1.6242,15.0,0.17408951385873353
fx63137sm,1000000,ok,,1000000.0,False,-3.864406779661017,0.4695033898305085,0.008227457627118644,24.46487502381563,1.9436,15.0,0.13672105100671142
goe553,1000000,ok,,1000000.0,False,-0.18723428377076257,0.5320476333541181,0.007674681140524915,24.45784347129931,1.6472678929765885,12.050167224080266,0.13675548533903803
arad10,1000000,ok,,1000000.0,False,-0.30508474576271194,0.40996610169491526,0.008405593220338983,24.45395350468592,1.8703,15.0,0.09999999999999999
goe626,1000000,ok,,1000000.0,False,-2.0847457627118646,0.38120169491525424,0.00837135593220339,24.43801472181853,1.585,15.0,0.16557169856471876
goe504,1000000,ok,,1000000.0,False,-0.8431494813219214,0.42830678249532333,0.00840764724221983,24.430645657101728,1.34951872909699,10.013377926421402,0.17963050259654453
m1,1000000,ok,,1000000.0,False,3.0169491525423737,0.3362402925004252,0.008146781361600818,24.418673348974664,0.8457,8.0,0.0616
stcyr234,1000000,ok,,1000000.0,False,-4.932203389830509,0.4188101694915254,0.008454406779661017,24.380351129360093,1.6706,15.0,0.16
goe533,1000000,ok,,1000000.0,False,-0.25423728813559343,0.5271847457627119,0.007804915254237288,24.37543193939152,1.6385,15.0,0.13699999999999998
fx71089a,1000000,ok,,1000000.0,False,3.2542372881355934,0.3767966101694916,0.008408813559322032,24.356435446270616,1.3289,15.0,0.08935439366678662
goe681,1000000,ok,,1000000.0,False,-0.30508474576271194,0.40875254237288133,0.008472542372881357,24.35609361902101,1.6273,15.0,0.168368106585232
naca0021,1000000,ok,,1000000.0,False,3.610169491525424,0.3870728813559322,0.008440847457627118,24.355614769032798,1.3294,15.0,0.21005028512612933
goe675,1000000,ok,,1000000.0,False,-2.440677966101695,0.41643050847457624,0.008476949152542374,24.349995265579732,1.6432,15.0,0.14901261419703632
nlf415,1000000,ok,,1000000.0,False,-0.30508474576271194,0.40292203389830505,0.008481186440677966,24.337474415508687,1.3215,15.0,0.15013838018090525
cootie,1000000,ok,,1000000.0,False,-1.3267388470041377,0.4762111841732329,0.008299310696672524,24.32344590097802,1.5097759197324414,13.060200668896321,0.0846
e337,1000000,ok,,1000000.0,False,2.6388526727509776,0.4111573663624511,0.00850638852672751,24.308320513316147,1.3995394648829431,13.03010033444816,0.13104202601089096
goe529,1000000,ok,,1000000.0,False,-1.1240859361714195,0.4513994501445495,0.00844050960829885,24.301747340761334,1.4698063545150502,11.979933110367892,0.09697642971387135
stf86361,1000000,ok,,1000000.0,False,-1.9491525423728815,0.5200152542372881,0.007950508474576271,24.299902904930324,1.2805,10.0,0.14659998422457296
goe255,1000000,ok,,1000000.0,False,-1.3728813559322033,0.41577118644067795,0.008516610169491526,24.29386849392833,1.4374,15.0,0.18555421310393705
goe645,1000000,ok,,1000000.0,False,-1.0169491525423728,0.3824474576271186,0.008468474576271185,24.29294147080788,1.6004,15.0,0.15457721321659293
isa962,1000000,ok,,1000000.0,False,-1.0169491525423728,0.48690000000000005,0.008252033898305085,24.292760289225413,1.6985,15.0,0.09731371231766613
mh114,1000000,ok,,1000000.0,False,-3.5084745762711864,0.4854618644067797,0.00826279661016949,24.292258538751376,1.8465,15.0,0.1305617088251963
fx66a175,1000000,ok,,1000000.0,False,-0.7883906808004086,0.39965997959299354,0.008511741397879937,24.286632343286847,1.3227759197324414,7.97658862876254,0.1750933120408815
goe502,1000000,ok,,1000000.0,False,-2.0847457627118646,0.4879525423728814,0.008253389830508476,24.281806414336728,1.6833,15.0,0.15898037361209846
fx63137,1000000,ok,,1000000.0,False,-3.864406779661017,0.46083559322033896,0.008419322033898304,24.277873445892787,1.8319,15.0,0.13706573481384715
naca664221,1000000,ok,,1000000.0,False,2.186440677966102,0.42301186440677974,0.008533898305084745,24.264177437520456,0.9688,15.0,0.20999181127554514
goe624,1000000,ok,,1000000.0,False,-0.6610169491525424,0.4539152542372882,0.008461694915254237,24.2615588821417,1.7661,15.0,0.16
goe380,1000000,ok,,1000000.0,False,-0.04262796893600296,0.5155604727623149,0.008033941953404004,24.25724161122994,1.3491635451505015,9.97658862876254,0.065496
goe775,1000000,ok,,1000000.0,False,3.610169491525424,0.37283898305084745,0.00845864406779661,24.25382308956131,1.3241,15.0,0.21000000000000002
marske5,1000000,ok,,1000000.0,False,2.898305084745763,0.3747025423728814,0.008476101694915254,24.238277727639613,1.6139,15.0,0.1222
giiin,1000000,ok,,1000000.0,False,2.186440677966102,0.383135593220339,0.008511186440677967,24.23058479278051,1.5917,15.0,0.08424492777743181
goe549,1000000,ok,,1000000.0,False,0.40677966101694896,0.5316152542372882,0.007885593220338983,24.228536288375697,1.472,15.0,0.13849999999999998
fx75193,1000000,ok,,1000000.0,False,-1.7288135593220337,0.3724203389830508,0.008477627118644068,24.221129195106197,1.2216,15.0,0.19269025085165686
coanda2,1000000,ok,,1000000.0,False,0.9491525423728815,0.40729830508474574,0.008567457627118644,24.217647071605843,0.6736,4.0,0.06
goe256,1000000,ok,,1000000.0,False,-0.6610169491525424,0.43014576271186444,0.008572033898305085,24.200241110018453,1.5925,15.0,0.15988538637665498
goe367,1000000,ok,,1000000.0,False,-0.6610169491525424,0.40224406779661015,0.00858,24.191805088003075,1.5181,15.0,0.16283851370274055
goe383,1000000,ok,,1000000.0,False,-0.30508474576271194,0.4678016949152542,0.008462203389830508,24.180379632078303,1.6389,15.0,0.2016982452376845
goe178,1000000,ok,,1000000.0,False,-0.19318632730570862,0.4191028909925741,0.008604432855280312,24.169146056259375,1.4640996655518395,13.03344481605351,0.08499999999999999
goe326,1000000,ok,,1000000.0,False,-0.2146136840315176,0.44972811065132356,0.008549498894620488,24.1674239801343,1.5220535117056857,12.963210702341136,0.08177522732684633
trainer60,1000000,ok,,1000000.0,False,3.2542372881355934,0.3804898305084746,0.008548813559322034,24.159300035389744,1.5164,15.0,0.1830265113212955
mh83,1000000,ok,,1000000.0,False,0.05084745762711851,0.46849322033898305,0.008487118644067797,24.14483925263899,1.9347,15.0,0.13291105784736967
goe239,1000000,ok,,1000000.0,False,-2.2811631993651154,0.45045840655291647,0.008566696615838105,24.141938920526847,1.765555518394649,13.946488294314381,0.11221278133104519
us1000root,1000000,ok,,1000000.0,False,4.102601893316706,0.3725439884360297,0.008528743268522194,24.141719896778138,0.9729779264214047,11.03010033444816,0.18562335714285713
ah94145,1000000,ok,,1000000.0,False,-1.7288135593220337,0.4618949152542373,0.008522881355932203,24.14015158790324,1.6621,15.0,0.1456851370193597
ah95160,1000000,ok,,1000000.0,False,-1.3728813559322033,0.48701525423728814,0.008400508474576272,24.113168683589823,1.6292,15.0,0.1599531173149262
goe647,1000000,ok,,1000000.0,False,-1.3728813559322033,0.39132881355932203,0.008612711864406779,24.112662441255083,1.7786,15.0,0.1625272135064058
goe509,1000000,ok,,1000000.0,False,0.05084745762711851,0.4196559322033898,0.008646101694915254,24.11102168925489,1.5025,15.0,0.11054193800156854
ec863914,1000000,ok,,1000000.0,False,-1.9661016949152543,0.5580084745762711,0.0076786440677966104,24.088336801304585,1.4057,8.0,0.1426764120493679
defcnd1,1000000,ok,,1000000.0,False,0.40677966101694896,0.43064915254237285,0.008657796610169492,24.083158861898653,1.5766,15.0,0.20908979889833415
goe476,1000000,ok,,1000000.0,False,-0.6610169491525424,0.4215847457627118,0.008665762711864406,24.08297194877544,1.4984,15.0,0.14439359643358765
goe797,1000000,ok,,1000000.0,False,-1.0169491525423728,0.4286169491525424,0.008662881355932203,24.079616107790564,1.7,15.0,0.16
spicasm,1000000,ok,,1000000.0,False,-0.2324698146363584,0.44415598888951874,0.008636234907318178,24.076280464516053,1.490318060200669,14.016722408026755,0.1172
goe222,1000000,ok,,1000000.0,False,-3.9644011110481268,0.49154146023468054,0.008422181849101526,24.049161481985823,1.8617431438127092,14.016722408026755,0.18523468846737218
l7769,1000000,ok,,1000000.0,False,1.3138710957428703,0.4238010146817072,0.008694306445212857,24.042391085329907,1.4708254180602007,11.979933110367892,0.1098
goe460,1000000,ok,,1000000.0,False,4.322033898305085,0.3078762711864407,0.008099661016949153,24.026518367690738,1.2137,15.0,0.205
ls417mod,1000000,ok,,1000000.0,False,-0.6610169491525424,0.3738101694915254,0.008608983050847459,24.025667110258286,1.8698,15.0,0.170003765234147
e857,1000000,ok,,1000000.0,False,-1.3728813559322033,0.39333389830508475,0.008677966101694915,24.02378324943199,1.7379,15.0,0.20334491126861018
du-80-176-v1,1000000,ok,,1000000.0,False,-1.3728813559322033,0.34484237288135594,0.008443220338983051,24.018056792823852,1.4226,15.0,0.1758095580753307
pt40,1000000,ok,,1000000.0,False,0.7627118644067794,0.43246949152542374,0.008721864406779661,23.99413525396065,1.5953,15.0,0.11594382142857143
goe290,1000000,ok,,1000000.0,False,0.08536931012981164,0.4101052831472139,0.008747438920696106,23.96546877366116,1.419414381270903,13.946488294314381,0.17552685903858306
fx76mp160,1000000,ok,,1000000.0,False,-3.152542372881356,0.45880169491525424,0.00868322033898305,23.95508384576511,1.7352,15.0,0.16143941552219737
goe277,1000000,ok,,1000000.0,False,-0.09579955784819472,0.45694288872512895,0.008690589535740605,23.954701317033145,1.5265521739130434,12.043478260869565,0.08337155568519296
goe395,1000000,ok,,1000000.0,False,-1.8663907941726658,0.49499178051130893,0.00848177654327986,23.94976789462551,1.6994732441471572,13.983277591973245,0.0610520184752542
daytonwright6,1000000,ok,,1000000.0,False,-1.4359730174026417,0.42886731477807377,0.008759755682784424,23.948976078169636,1.409508695652174,8.959866220735785,0.13599999999999998
goe385,1000000,ok,,1000000.0,False,0.6096593163652855,0.48906695765546176,0.008526658919562384,23.94708385556633,1.49442508361204,11.989966555183948,0.09888097102190971
goe182,1000000,ok,,1000000.0,False,-0.8383878464939629,0.43670359390057256,0.008764241823025905,23.929776336424574,1.7149923076923077,13.03344481605351,0.09440905396774249
goe575,1000000,ok,,1000000.0,False,1.8305084745762707,0.40917118644067796,0.008792372881355932,23.901284478594015,1.5317,15.0,0.13345405396161394
goe758,1000000,ok,,1000000.0,False,0.44606314834759964,0.538363165353438,0.008114578538631597,23.89562063258817,1.4333598662207359,14.016722408026755,0.13849999999999998
e473,1000000,ok,,1000000.0,False,4.677966101694915,0.48661186440677967,0.00859135593220339,23.890553827712882,1.4478,15.0,0.1617542682926829
goe288,1000000,ok,,1000000.0,False,-2.0847457627118646,0.41643220338983045,0.00880728813559322,23.88856585566797,1.9635,15.0,0.17380807500367648
fx08s176,1000000,ok,,1000000.0,False,-0.07771668272773713,0.5306299132702228,0.008210667195737206,23.886414607692288,1.3350561872909699,7.97658862876254,0.176010749233005
ea61012,1000000,ok,,1000000.0,False,2.186440677966102,0.2364203389830509,0.007122881355932205,23.873970634345387,1.3614,15.0,0.12
usa26,1000000,ok,,1000000.0,False,0.4282070177427588,0.4356360807210476,0.00881148687716116,23.870064999515446,1.336442474916388,12.963210702341136,0.09824736600687395
miley,1000000,ok,,1000000.0,False,1.0567428150331608,0.4295258658806189,0.008822269712601326,23.864971245026766,1.4076719063545153,10.013377926421402,0.1285567808619881
goe512,1000000,ok,,1000000.0,False,-0.8574343858057931,0.3419630916614705,0.008519836743948754,23.85362975723951,1.5462785953177258,12.963210702341136,0.13908445542308195
goe508,1000000,ok,,1000000.0,False,-1.0169491525423728,0.4441491525423729,0.008822881355932203,23.835147800694443,1.582,15.0,0.165
goe503,1000000,ok,,1000000.0,False,-1.390737486537045,0.4363045348903123,0.008845166373788335,23.824881758891593,1.5000882943143812,10.996655518394647,0.15594368632752229
naca4421,1000000,ok,,1000000.0,False,-0.30508474576271194,0.4329322033898305,0.008862203389830509,23.80812432417075,1.5631,15.0,0.21029608713884695
goe604,1000000,ok,,1000000.0,False,-0.30508474576271194,0.45553220338983047,0.008831016949152542,23.78547442770736,1.5866,15.0,0.1782428046418889
goe426,1000000,ok,,1000000.0,False,0.44606314834759964,0.5456611189841847,0.008135511592313361,23.782108864755426,1.4523879598662206,14.016722408026755,0.136
goe155,1000000,ok,,1000000.0,False,0.0,0.4922,0.00865,23.77885105560699,1.5130525083612039,12.993311036789297,0.07019485200214853
goe418,1000000,ok,,1000000.0,False,-0.6610169491525424,0.4361254237288136,0.0089,23.7540565933081,1.6702,15.0,0.127
goe325,1000000,ok,,1000000.0,False,-0.12272546907771709,0.4587074769004025,0.008855543903406838,23.741878862770847,1.500096989966555,10.986622073578594,0.082
goe425,1000000,ok,,1000000.0,False,0.7746159514766733,0.541681061164333,0.008232430134346125,23.731022463637537,1.5705127090301003,13.03344481605351,0.16014546175535108
goe777,1000000,ok,,1000000.0,False,-0.6610169491525424,0.4399084745762712,0.008914576271186442,23.72824413280295,1.7197,15.0,0.22
goe303,1000000,ok,,1000000.0,False,-1.5895357406042745,0.4653436256448047,0.008844244657332351,23.72471965306809,1.7208,14.016722408026755,0.09839061180592236
naca23021,1000000,ok,,1000000.0,False,2.5423728813559325,0.3968237288135594,0.008900677966101696,23.715679806616453,1.1802,15.0,0.2101
e748,1000000,ok,,1000000.0,False,-2.268068703588232,0.4105452922169945,0.008929789694461766,23.713599994322678,1.8750247491638796,14.016722408026755,0.19717966893454128
e1213,1000000,ok,,1000000.0,False,2.186440677966102,0.42263220338983054,0.008941864406779661,23.709291598581217,1.5833,15.0,0.1738316107890765
goe315,1000000,ok,,1000000.0,False,1.0169491525423728,0.48411016949152547,0.008773389830508474,23.696470279097205,1.5332,15.0,0.0807673568037578
e336,1000000,ok,,1000000.0,False,3.3152315628365745,0.4224896434442493,0.008953046312567315,23.694395788627492,1.356563879598662,13.983277591973245,0.12798253496021855
goe530,1000000,ok,,1000000.0,False,0.05084745762711851,0.441964406779661,0.008947627118644068,23.68173445591565,1.5337,15.0,0.12893699010869936
usa40b,1000000,ok,,1000000.0,False,-0.6610169491525424,0.42424745762711863,0.00897,23.67219236532663,1.8584,15.0,0.136291556
goe424,1000000,ok,,1000000.0,False,0.10679666685562061,0.48636316535343804,0.008796116433308769,23.654524776253712,1.6002163879598663,14.016722408026755,0.19985281920736286
goe446,1000000,ok,,1000000.0,False,-2.0847457627118646,0.502664406779661,0.00870186440677966,23.633981987164017,1.6425,15.0,0.12872317607961153
fx71120,1000000,ok,,1000000.0,False,3.610169491525424,0.3629881355932204,0.008808305084745763,23.629687733749925,1.3619,15.0,0.11986
goe228,1000000,ok,,1000000.0,False,-4.303667592540105,0.4211567598208719,0.009002513462955615,23.628204364558098,1.8866832775919733,14.016722408026755,0.1785586245349515
goe336,1000000,ok,,1000000.0,False,0.28966611870075365,0.4635025735502522,0.008934686809137804,23.624363668623875,1.411625752508361,13.010033444816052,0.08948755123887611
m9,1000000,ok,,1000000.0,False,-0.5071141091774845,0.42969610566294425,0.00900663624511082,23.622897229065746,1.6266351170568563,11.056856187290968,0.104
mh113,1000000,ok,,1000000.0,False,-3.5084745762711864,0.49993728813559324,0.008735254237288135,23.619699710996972,1.8748,15.0,0.1465760955526004
goe311,1000000,ok,,1000000.0,False,-0.49316932146703785,0.4467266481491978,0.008988360637152089,23.618966970922937,1.4838297658862876,12.050167224080266,0.08437985829401688
goe532,1000000,ok,,1000000.0,False,-0.9110027776203165,0.44245199251743095,0.008997750694405079,23.617288669014098,1.636338127090301,14.016722408026755,0.125
goe289,1000000,ok,,1000000.0,False,-1.5002550875800686,0.44452507794342727,0.009000020407006403,23.609831685336985,1.641985618729097,12.963210702341136,0.16799999999999998
e639,1000000,ok,,1000000.0,False,1.6447480301570208,0.5685935037696276,0.008010111104812652,23.603215407835496,1.53298762541806,12.003344481605351,0.12554984416762235
dae11,1000000,ok,,1000000.0,False,-1.7288135593220337,0.4627491525423729,0.008962711864406779,23.593999786238353,1.6335,15.0,0.12827340600586576
e591,1000000,ok,,1000000.0,False,-3.864406779661017,0.46690677966101696,0.00894813559322034,23.592276243807316,2.0449,15.0,0.1566109103314158
goe413,1000000,ok,,1000000.0,False,-0.5717362961283374,0.4716203389830509,0.008930193866560852,23.58957663928154,1.6174615384615385,14.016722408026755,0.1635
s1091,1000000,ok,,1000000.0,False,-1.0,0.5562,0.0082,23.581559312415685,1.690095652173913,12.966555183946488,0.05057141930073871
goe328,1000000,ok,,1000000.0,False,0.9786860155319985,0.5206602063375091,0.008596481491978912,23.581431338439724,1.5558103678929767,13.97658862876254,0.082
goe421,1000000,ok,,1000000.0,False,-4.064395442435236,0.47232219261946595,0.008958637265461143,23.5523572411061,1.769092976588629,13.03344481605351,0.18991218401745977
oaf139,1000000,ok,,1000000.0,False,4.677966101694915,0.3930593220338983,0.009006949152542373,23.54927426175142,1.502,15.0,0.1366486465742879
goe615,1000000,ok,,1000000.0,False,-1.3728813559322033,0.4382457627118644,0.009060677966101695,23.545237085069164,1.5679,15.0,0.13643562383061464
goe225,1000000,ok,,1000000.0,False,-3.9661016949152543,0.5096322033898305,0.008727966101694917,23.544349332003115,1.9099,14.0,0.12831656397575167
goe534,1000000,ok,,1000000.0,False,-1.0169491525423728,0.4385050847457628,0.009063050847457628,23.541865695942185,1.8224,15.0,0.14099604482626987
n5h20,1000000,ok,,1000000.0,False,1.106739980726716,0.2910093475426563,0.00815544697012641,23.530348385709765,0.8982200668896321,7.97658862876254,0.19899999999999998
sp4621hp,1000000,ok,,1000000.0,False,-2.7966101694915255,0.40464406779661016,0.009057627118644067,23.524137652875968,1.7067,15.0,0.21062359969937394
nacam12,1000000,ok,,1000000.0,False,2.186440677966102,0.4290830508474577,0.009095593220338984,23.50806894984098,1.4737,15.0,0.1193
uag8814320,1000000,ok,,1000000.0,False,-0.30508474576271194,0.6428661016949152,0.006800169491525424,23.500972358717142,1.3171,15.0,0.14304532053267266
goe361,1000000,ok,,1000000.0,False,2.0,0.7766,0.00307,23.486283060067404,1.4394,11.0,0.068
goe265,1000000,ok,,1000000.0,False,-1.9502862649509667,0.45535245167507504,0.009076137407176464,23.48548676272889,1.786285618729097,12.993311036789297,0.07652241461794693
goe226,1000000,ok,,1000000.0,False,-4.171532226064283,0.4746362054305311,0.009017773368856641,23.470979781584152,1.9590441471571907,11.979933110367892,0.13890042381339118
goe13k,1000000,ok,,1000000.0,False,0.05084745762711851,0.46523559322033897,0.00905949152542373,23.467660566044284,1.4449,15.0,0.148
dae21,1000000,ok,,1000000.0,False,-1.3728813559322033,0.5171694915254238,0.008739322033898305,23.463013371190883,1.6939,15.0,0.11783669674141589
dae31,1000000,ok,,1000000.0,False,-2.0847457627118646,0.5063474576271186,0.008829491525423729,23.46246340868327,1.7528,15.0,0.11056416022591219
goe527,1000000,ok,,1000000.0,False,-1.3728813559322033,0.4421864406779661,0.009127288135593221,23.455559453732427,1.6534,15.0,0.16523851975934534
goe702,1000000,ok,,1000000.0,False,0.05084745762711851,0.4230881355932203,0.009142033898305086,23.44635723923388,1.7401,15.0,0.1666405232050446
goe08k,1000000,ok,,1000000.0,False,-1.0169491525423728,0.4454610169491526,0.00913237288135593,23.443162557659335,1.3374,15.0,0.1485
e1212,1000000,ok,,1000000.0,False,0.7627118644067794,0.4272152542372881,0.00914864406779661,23.439764728819462,1.6657,15.0,0.17698976711309522
e1212mod,1000000,ok,,1000000.0,False,1.4745762711864403,0.39309999999999995,0.00908915254237288,23.43406475289519,1.6522,15.0,0.1771529211461148
goe434,1000000,ok,,1000000.0,False,-2.0847457627118646,0.42602881355932204,0.009158305084745763,23.426967227443257,1.6983,15.0,0.2272911477935476
e342,1000000,ok,,1000000.0,False,2.7274530922283313,0.4322184513349583,0.009164549061844567,23.419042467167124,1.426824414715719,13.996655518394647,0.14249671710268014
goe528,1000000,ok,,1000000.0,False,-1.7288135593220337,0.45697457627118643,0.009133389830508475,23.41114501418293,1.6536,15.0,0.12444420989897605
v43012,1000000,ok,,1000000.0,False,2.796610169491525,0.5290966101694915,0.00868220338983051,23.405723544692865,1.6352,15.0,0.1204
ste87151,1000000,ok,,1000000.0,False,0.40677966101694896,0.5161508474576271,0.008824406779661016,23.382075734222735,1.5459,15.0,0.13928368167917782
hor07,1000000,ok,,1000000.0,False,-0.252706762655178,0.41678709823706145,0.00919,23.376001105509832,1.7010127090301004,13.946488294314381,0.07173035383073026
fx76mp140,1000000,ok,,1000000.0,False,-3.6251346295561477,0.4960598945638003,0.00900508077773369,23.350733168730425,1.7767715719063544,14.016722408026755,0.1410714915362504
e335,1000000,ok,,1000000.0,False,4.016949152542374,0.4491480471628594,0.009224723655121591,23.32249418339717,1.276,15.0,0.12577973906569176
sokolov,1000000,ok,,1000000.0,False,-1.7327815883453317,0.4978042231166034,0.009019586191259,23.322259239995294,1.5938591973244147,11.983277591973245,0.071
goe279,1000000,ok,,1000000.0,False,-0.2476050110537953,0.523104347826087,0.008832940309506264,23.308559558446998,1.6993909698996656,13.03010033444816,0.074298292
goe592,1000000,ok,,1000000.0,False,-3.152542372881356,0.45189322033898305,0.00923593220338983,23.302618855791447,1.6192,15.0,0.14253484917073928
goe365,1000000,ok,,1000000.0,False,-0.18644067796610164,0.5423813559322034,0.00866084745762712,23.28612730803326,1.5283,15.0,0.1169856650840084
hor20,1000000,ok,,1000000.0,False,0.40677966101694896,0.42200847457627116,0.009278135593220339,23.269536812187493,1.8016,15.0,0.2038392801026306
goe769,1000000,ok,,1000000.0,False,0.05084745762711851,0.43785423728813555,0.009284067796610168,23.266288448703673,1.7424,15.0,0.1382
goe422,1000000,ok,,1000000.0,False,-2.440677966101695,0.46731016949152543,0.009231016949152543,23.25818689632421,1.6207,15.0,0.17048506554040152
naca0024,1000000,ok,,1000000.0,False,3.813559322033898,0.3939457627118643,0.009220847457627118,23.256007009917234,1.2768,15.0,0.2400574687155764
fx76mp120,1000000,ok,,1000000.0,False,-4.0715378946771725,0.5044806020066889,0.009037960999943315,23.252469190302918,1.7295926421404682,12.963210702341136,0.12111310124560842
goe404,1000000,ok,,1000000.0,False,-0.6610169491525424,0.41259661016949156,0.009277966101694915,23.251680364195213,0.8212,3.0,0.13184007757213922
r1046,1000000,ok,,1000000.0,False,-1.1240859361714195,0.5104819227934924,0.008999049373618275,23.24617773598283,1.7271953177257524,11.979933110367892,0.18096099999999998
ah93w257,1000000,ok,,1000000.0,False,0.3377359560115636,0.4084275607958732,0.009277018876480924,23.240945818089948,1.5752110367892975,10.996655518394647,0.2567242455911169
e1214,1000000,ok,,1000000.0,False,2.186440677966102,0.4324525423728814,0.009309830508474577,23.236140595739972,1.5749,15.0,0.1981554963493984
e1211,1000000,ok,,1000000.0,False,-0.6610169491525424,0.4331050847457627,0.009317457627118645,23.226625869204486,1.7775,15.0,0.18019918301966986
e1210,1000000,ok,,1000000.0,False,-1.0169491525423728,0.42618474576271187,0.00932050847457627,23.219993686637117,1.8284,15.0,0.15844454635931257
rhodesg30,1000000,ok,,1000000.0,False,-0.5360240349186549,0.4250535003684599,0.009335360240349188,23.200125274046286,1.4249123745819399,12.963210702341136,0.0974
goe287,1000000,ok,,1000000.0,False,0.8854373334844965,0.5287649056175954,0.00889465959979593,23.19099461553225,1.4659933110367893,12.013377926421406,0.08869190195769577
ah79100b,1000000,ok,,1000000.0,False,-3.2858681480641687,0.5292176123802506,0.008898014851765773,23.1832169873524,1.7671615384615387,14.016722408026755,0.10035599608099281
goe679,1000000,ok,,1000000.0,False,0.7627118644067794,0.4255694915254237,0.009359661016949152,23.169949710014517,1.589,15.0,0.18285233163421855
usa25,1000000,ok,,1000000.0,False,0.18451334958335686,0.450125140298169,0.009352322997562498,23.167159203175384,1.3394003344481604,12.993311036789297,0.0827511909527622
ea61009,1000000,ok,,1000000.0,False,3.1280539651947166,0.3365170228445099,0.008893968029023296,23.16613515196351,1.3312919732441473,13.946488294314381,0.09
goe298,1000000,ok,,1000000.0,False,0.05084745762711851,0.46919491525423723,0.009311016949152543,23.158597476265314,1.8262,15.0,0.12811066485213432
drgnfly,1000000,ok,,1000000.0,False,0.04965704892012823,0.5521754719120231,0.008685736636245112,23.151907784736515,1.684981939799331,10.996655518394647,0.19335490074190845
goe535,1000000,ok,,1000000.0,False,-2.0847457627118646,0.43729830508474576,0.009386779661016949,23.140206733752358,1.8681,15.0,0.16050000000000003
goe321,1000000,ok,,1000000.0,False,0.09489257978572585,0.4723075392551442,0.009319196190692138,23.13644421680388,1.6898869565217391,11.979933110367892,0.11154596307173668
m21,1000000,ok,,1000000.0,False,0.5020123575761009,0.45188001247094833,0.009389919505696957,23.119066089208143,1.477619397993311,9.979933110367893,0.1195
e422,1000000,ok,,1000000.0,False,-1.9288022220962535,0.47144599512499286,0.009348640666628875,23.1066859978486,1.8863903010033445,14.016722408026755,0.13993697399053187
th25816,1000000,ok,,1000000.0,False,1.4900515843773015,0.4127767870302136,0.009396816507000737,23.097505180129126,1.0340317725752508,10.996655518394647,0.2572297436182324
goe264,1000000,ok,,1000000.0,False,-0.9684825123292331,0.46571978345898757,0.00937723541749334,23.095791196460155,1.5620555183946487,11.989966555183944,0.06426986967503248
goe423,1000000,ok,,1000000.0,False,-0.30508474576271194,0.4667203389830508,0.009375932203389831,23.093761203209404,1.3465,15.0,0.16925228553369687
zv15_35,1000000,ok,,1000000.0,False,3.9661016949152543,0.3978762711864407,0.009355593220338984,23.093318727367926,1.5002,15.0,0.15648753445845848
n24,1000000,ok,,1000000.0,False,-2.440677966101695,0.44511864406779655,0.009425762711864407,23.0871016990481,1.7482,15.0,0.1702
usa33,1000000,ok,,1000000.0,False,0.7853296298395787,0.45219110594637496,0.009441520888838503,23.05760795281658,1.3119361204013378,14.016722408026755,0.14193432518469204
mh112,1000000,ok,,1000000.0,False,-3.864406779661017,0.49588983050847457,0.00928050847457627,23.05295001132117,1.8667,15.0,0.09995116175319824
goe323,1000000,ok,,1000000.0,False,0.6140241482909135,0.4891373504903351,0.009326323337679271,23.04435448369194,1.6443404682274247,12.013377926421406,0.11040920712038563
goe654,1000000,ok,,1000000.0,False,-0.814579672354176,0.4478995635168074,0.009459936511535627,23.042875567207677,1.5242849498327757,10.996655518394647,0.145
mi-vawt1,1000000,ok,,1000000.0,False,2.5423728813559325,0.3943288135593221,0.009385084745762712,23.034863653115632,1.6004,15.0,0.2099847631000045
s1221,1000000,ok,,1000000.0,False,-1.9491525423728815,0.4816423728813559,0.009379830508474575,23.025767690694625,2.1021,15.0,0.12131975080562682
goe387,1000000,ok,,1000000.0,False,-0.6610169491525424,0.4771135593220339,0.009407627118644069,23.016296635468724,1.6567,15.0,0.14850000000000002
goe187,1000000,ok,,1000000.0,False,0.5139164446459956,0.5443391587778471,0.008918996088657104,23.010613492388742,1.4368321070234111,10.013377926421406,0.08279629798380161
goe278,1000000,ok,,1000000.0,False,1.0,0.5752,0.00855,23.003050013098715,1.629281939799331,13.96989966555184,0.07439234273652634
usa34,1000000,ok,,1000000.0,False,-2.0383198231392785,0.39987834589875854,0.009437410577631655,22.994309004255378,1.5983384615384615,11.979933110367892,0.18014322478154643
goe233,1000000,ok,,1000000.0,False,-3.5084745762711864,0.5266559322033899,0.009128135593220338,22.974787711895964,1.9249,15.0,0.11627042019892975
goe57,1000000,ok,,1000000.0,False,-0.3389830508474576,0.5225983050847458,0.009168983050847459,22.969022057118217,1.5112,12.0,0.06282839210310937
r140,1000000,ok,,1000000.0,False,4.0,0.3975,0.00945,22.96548061282944,0.3975,4.0,0.11997731204705107
fg2,1000000,ok,,500000.0,True,0.9322033898305084,0.43534406779661017,0.00953677966101695,22.95760956026991,1.2301,11.0,0.0816
goe286,1000000,ok,,1000000.0,False,0.42344538291480127,0.43179167280766406,0.009544330253386996,22.946530762539115,1.5704073578595317,13.946488294314381,0.09345447339679712
n6h20,1000000,ok,,1000000.0,False,1.8174139787993875,0.4564806360183663,0.009534606881696049,22.940676170791196,1.3721210702341136,7.97658862876254,0.1995
e858,1000000,ok,,1000000.0,False,-1.0169491525423728,0.3994542372881356,0.009485593220338984,22.92862427008597,1.6893,15.0,0.2269730786249149
ea81006,1000000,ok,,1000000.0,False,3.0449521002210744,0.335067501842299,0.009029675755342664,22.928566667326482,0.8399847826086956,8.043478260869565,0.06
e58,1000000,ok,,1000000.0,False,-3.7966101694915255,0.5112406779661016,0.009300677966101695,22.925583099432355,1.5857,8.0,0.05600000000000001
mue139,1000000,ok,,1000000.0,False,0.05084745762711851,0.42192203389830507,0.009561525423728815,22.911339067909463,1.759,15.0,0.13893420834900339
goe409,1000000,ok,,1000000.0,False,3.9661016949152543,0.36150169491525425,0.00929322033898305,22.890164561549213,1.2881,15.0,0.127
ist-mt1-21,1000000,ok,,1000000.0,False,-3.407289836177088,0.44389970523212957,0.009596291593447083,22.88543565752192,2.0244030100334447,10.996655518394647,0.2099818753956264
goe510,1000000,ok,,1000000.0,False,-0.03389830508474567,0.45937966101694916,0.009586101694915253,22.875358136781244,0.8552,5.0,0.13722114698381632
goe614,1000000,ok,,1000000.0,False,-1.0169491525423728,0.4847677966101695,0.009516949152542373,22.861141867289042,1.4796,15.0,0.18758199443627044
hs1620,1000000,ok,,1000000.0,False,-1.3728813559322033,0.43725254237288136,0.009630169491525424,22.845951924651473,1.7254,15.0,0.20016
ist-mt1-15,1000000,ok,,1000000.0,False,-5.052434669236438,0.5139351794115979,0.009359850348619693,22.84504874787016,1.8937010033444817,7.97658862876254,0.1499673339561207
goe776,1000000,ok,,1000000.0,False,4.322033898305085,0.4203983050847458,0.009616949152542372,22.83902815711308,1.2478,15.0,0.25
goe223,1000000,ok,,1000000.0,False,-2.2549742078113493,0.4795536723163841,0.009566570867108819,22.831077127452065,1.5807401337792641,10.996655518394647,0.18817127485661253
goe167,1000000,ok,,1000000.0,False,0.32107023411371216,0.47503678929765886,0.00958551839464883,22.82851329556932,1.4846030100334446,10.996655518394649,0.10088066703490667
goe369,1000000,ok,,1000000.0,False,0.8128790884870473,0.6069406382858115,0.00828178731364435,22.814441282047145,1.5492033444816056,11.989966555183948,0.0585
m16,1000000,ok,,500000.0,True,2.016949152542373,0.45862542372881354,0.009657627118644069,22.795699287459463,0.9485,7.0,0.06149754524547545
goe522,1000000,ok,,1000000.0,False,-0.6610169491525424,0.4046762711864407,0.009637796610169492,22.75674679652899,1.5789,15.0,0.21818208606749145
usa27m2,1000000,ok,,1000000.0,False,-0.2324698146363584,0.451779927441755,0.009706272887024546,22.75095141368455,1.4344428093645485,14.016722408026755,0.13288
goe227,1000000,ok,,1000000.0,False,-4.371520888838502,0.46188312453942515,0.009702601893316705,22.738228938946197,1.862240468227425,10.013377926421402,0.14600000000000002
ist-mt1-18,1000000,ok,,1000000.0,False,-5.3881299246074486,0.4687148007482569,0.009695708860041948,22.728463942181293,2.210998662207358,12.050167224080266,0.17999214546650763
arad20,1000000,ok,,1000000.0,False,0.7627118644067794,0.4549101694915254,0.009741016949152541,22.707438966011537,1.8971,15.0,0.2
goe314,1000000,ok,,1000000.0,False,0.7853296298395787,0.5149313474292841,0.009547550592370046,22.649036251944967,1.5302939799331103,14.016722408026755,0.0803329760444448
goe16k,1000000,ok,,1000000.0,False,-0.6610169491525424,0.4181570621468927,0.009795649717514125,22.61256912496632,1.304,15.0,0.1815
goe322,1000000,ok,,1000000.0,False,-0.5907828354401676,0.5023873476560285,0.009682165410124144,22.594270427362698,1.5569785953177258,13.946488294314381,0.13063476722265963
goe174,1000000,ok,,1000000.0,False,-0.5592086616404965,0.5334245507624285,0.009463945354571736,22.587525895131222,1.6237772575250835,12.003344481605351,0.08583047457649
goe238,1000000,ok,,1000000.0,False,0.9491525423728806,0.5541338983050846,0.00929813559322034,22.553029144702567,0.884,4.0,0.09801818004744492
ua2-180sm,1000000,ok,,1000000.0,False,-2.952553710107137,0.2980614307578935,0.008810516410634316,22.530764913528337,1.712705016722408,11.979933110367892,0.18166485259472587
as6096,1000000,ok,,1000000.0,False,-2.0,0.6194,0.00842,22.522406296621124,2.051,15.0,0.061476557310034846
e378,1000000,ok,,1000000.0,False,0.0,0.5728,0.00912,22.517186089925197,1.708515719063545,12.040133779264215,0.04076385032137765
goe447,1000000,ok,,1000000.0,False,-3.2572983390964234,0.5075510175160137,0.00972870358823196,22.516716329046098,1.719712040133779,11.979933110367892,0.12664439091609758
rhodesg32,1000000,ok,,1000000.0,False,-0.9110027776203165,0.4707400147383935,0.009901310583300266,22.499117052396024,1.5509090301003343,14.016722408026755,0.119
goe284,1000000,ok,,1000000.0,False,-0.2372881355932206,0.47375254237288134,0.009896949152542373,22.495637122358673,1.7354,14.0,0.17632549964918343
goe481a,1000000,ok,,1000000.0,False,0.7118644067796618,0.43385423728813566,0.009942711864406779,22.474278351051144,0.8832,6.0,0.15315942245336298
goe316,1000000,ok,,1000000.0,False,1.1011280539651946,0.4962387109574287,0.009844605181112182,22.462150275600862,1.5722558528428094,12.993311036789297,0.0907581295836249
naca001065,1000000,ok,,1000000.0,False,3.6423105266141373,0.3476057252990193,0.009472964684541693,22.451462044906798,1.253246822742475,12.963210702341136,0.1
fx75vg166,1000000,ok,,1000000.0,False,1.4745762711864403,0.46622711864406774,0.009962372881355932,22.4435138869676,1.1714,15.0,0.1671631155156395
fx73cl1152,1000000,ok,,1000000.0,False,-1.3728813559322033,0.4567627118644068,0.009977118644067796,22.441337129849206,2.0136,15.0,0.15210992083483268
naca2424,1000000,ok,,1000000.0,False,4.322033898305085,0.4026169491525424,0.009878813559322033,22.44113238660727,1.2876,15.0,0.24013174858108471
ist-mt1-24,1000000,ok,,1000000.0,False,-2.464486140241483,0.44513156850518676,0.010021093475426564,22.395572386511713,2.069523745819398,12.963210702341136,0.23998690377767173
goe406,1000000,ok,,1000000.0,False,0.6779661016949152,0.5445220338983051,0.009570847457627119,22.39194978135272,0.7881,4.0,0.11689772205280528
goe562,1000000,ok,,1000000.0,False,-0.028909925741172238,0.48395034861969266,0.009969015928802222,22.386905663689113,1.465941806020067,10.013377926421402,0.14098590303091496
goe390,1000000,ok,,1000000.0,False,-2.440677966101695,0.47096949152542367,0.010018983050847459,22.37276358543146,1.8051,15.0,0.20300407430163414
goe332,1000000,ok,,1000000.0,False,-1.7288135593220337,0.530264406779661,0.009734237288135593,22.356102838694405,1.6587,15.0,0.11779386915089413
goe276,1000000,ok,,1000000.0,False,0.20321977212176182,0.5026841562269713,0.009934164729890595,22.339530362877383,1.541242474916388,11.989966555183948,0.07258661725266617
m24,1000000,ok,,1000000.0,False,1.6424238988719448,0.5136587495039963,0.00987666685562043,22.333711499436326,1.438364882943144,9.030100334448159,0.11943157459563142
goe382,1000000,ok,,1000000.0,False,-1.3728813559322033,0.4595220338983051,0.010096949152542374,22.307749463888403,1.7669,15.0,0.20029065707316576
e63,1000000,ok,,1000000.0,False,0.0,0.7653,0.00526,22.253861768651095,1.6846,10.0,0.04269836203904307
goe329,1000000,ok,,1000000.0,False,2.0,0.8048,0.00397,22.241809460798343,1.6237,13.0,0.10156648453025938
goe798,1000000,ok,,1000000.0,False,-1.3728813559322033,0.49282372881355935,0.010084237288135595,22.23546468427238,1.716,15.0,0.2
rhodesg34,1000000,ok,,1000000.0,False,-1.8061901252763448,0.46387089167280765,0.01016418570375829,22.230761303733825,1.5141688963210702,13.03344481605351,0.1407
s4095,1000000,ok,,1000000.0,False,1.4376736012697693,0.4141144606314835,0.01010318576044442,22.225457891554054,1.6824759197324415,13.946488294314381,0.09696697546781775
goe652,1000000,ok,,1000000.0,False,-4.932203389830509,0.5508406779661017,0.009699322033898306,22.219859780924576,2.1264,15.0,0.17049999999999998
glennmartin2,1000000,ok,,1000000.0,False,-0.49316932146703785,0.44960806643614304,0.010180683067853295,22.2196879557227,1.3906140468227426,12.050167224080266,0.13470000000000001
nlf414f,1000000,ok,,1000000.0,False,2.5423728813559325,0.6185644067796611,0.008813728813559322,22.21553102669417,1.4658,15.0,0.14168440929419407
wb140,1000000,ok,,1000000.0,False,0.09489257978572585,0.4632214103508871,0.010211825293350716,22.18082844053157,1.353941806020067,11.979933110367892,0.13925
mh126,1000000,ok,,1000000.0,False,-2.440677966101695,0.49902033898305087,0.010127457627118645,22.16611015146529,1.509,15.0,0.17851286987106482
n64212ma,1000000,ok,,1000000.0,False,2.186440677966102,0.5154847457627119,0.010050847457627118,22.155281686759093,1.4992,15.0,0.11962848305476545
goe513,1000000,ok,,1000000.0,False,1.4745762711864403,0.4293050847457627,0.010229661016949151,22.133539892105304,1.6139,15.0,0.16616117301811537
goe386,1000000,ok,,1000000.0,False,-0.6610169491525424,0.4936220338983051,0.010197966101694914,22.118898085907873,1.7572,15.0,0.20260365162397287
npl9510,1000000,ok,,1000000.0,False,1.4900515843773015,0.3973778187177596,0.010117538688282976,22.11180824057418,1.320834448160535,10.996655518394647,0.110759030251595
goe300,1000000,ok,,1000000.0,False,-1.2502692591122955,0.49886984297942294,0.010187594240689303,22.107705487697555,1.7133565217391304,14.016722408026755,0.0843
naca633218,1000000,ok,,1000000.0,False,2.5423728813559325,0.4392559322033899,0.010310169491525424,22.065949389898655,1.2727,15.0,0.17997446372837506
ua79sf18,1000000,ok,,1000000.0,False,-0.252706762655178,0.464930060654158,0.010325270676265519,22.059497825786977,0.9063160535117057,3.9732441471571907,0.1876949656750572
goe384,1000000,ok,,1000000.0,False,-1.7288135593220337,0.5069322033898305,0.01025050847457627,22.010234932504552,1.8371,15.0,0.19534220544653585
e421,1000000,ok,,1000000.0,False,-3.6251346295561477,0.5091351907488237,0.010242578085142565,22.007087334987776,2.049730769230769,14.016722408026755,0.14526918474044317
goe744,1000000,ok,,1000000.0,False,1.1186440677966099,0.4923067796610169,0.010320847457627118,22.002398347574537,1.6533,15.0,0.1448
bambino6,1000000,ok,,1000000.0,False,4.067796610169491,0.41032881355932205,0.01028677966101695,21.988807612604568,0.4726,5.0,0.12
usa35a,1000000,ok,,1000000.0,False,-1.9288022220962535,0.4826735049033501,0.010373592199988662,21.97891309856408,1.8251247491638796,14.016722408026755,0.1817331035554247
goe611,1000000,ok,,1000000.0,False,-0.8142962417096538,0.5597274134119381,0.00988743551952837,21.976432396339924,1.5291979933110367,13.996655518394647,0.128990028
goe573,1000000,ok,,1000000.0,False,-0.2383651720424016,0.504465750240916,0.010326333541182472,21.949122102511364,1.5116471571906356,9.046822742474916,0.140975884940012
b707a,1000000,ok,,1000000.0,False,4.323224307012074,0.41738196814239553,0.010355450938155432,21.944567095453927,1.1752789297658863,13.03344481605351,0.1142907
naca23024,1000000,ok,,1000000.0,False,5.033898305084746,0.40676949152542374,0.010313050847457627,21.93723064795087,1.2969,15.0,0.23994757543415804
s1210,1000000,ok,,1000000.0,False,-4.356045575647639,0.5435360523779831,0.010101122385352303,21.9214816645281,2.1772729096989965,13.996655518394647,0.11996494893942536
goe301,1000000,ok,,1000000.0,False,-1.0,0.6194,0.00923,21.87803394392553,1.797479264214047,12.003344481605351,0.0994367082615961
fx73cl2152,1000000,ok,,1000000.0,False,-3.9644011110481268,0.46792113825746834,0.010501185306955388,21.87480175907167,2.19996889632107,14.016722408026755,0.15210272400143937
naca4424,1000000,ok,,1000000.0,False,2.898305084745763,0.42172203389830515,0.010452711864406779,21.852899145301325,1.3721,15.0,0.24032807275841217
usa35,1000000,ok,,1000000.0,False,-1.9288022220962535,0.4811447026812538,0.010521488577745026,21.835113635843037,1.825918060200669,14.016722408026755,0.18175556465002168
goe514,1000000,ok,,1000000.0,False,-0.05084745762711851,0.38204067796610175,0.010258813559322033,21.80843483898272,0.9284,7.0,0.1657303249814287
goe29b,1000000,ok,,1000000.0,False,-0.916841448897455,0.5119216541012414,0.010460936454849499,21.788610617754976,1.7638220735785952,13.97658862876254,0.09421001993631095
goe235,1000000,ok,,1000000.0,False,1.4745762711864403,0.4940423728813559,0.010554915254237287,21.76939724511627,1.5603,15.0,0.065432783465543
goe630,1000000,ok,,1000000.0,False,-2.0228445099484165,0.5557372257808514,0.010185949209228504,21.753877192270274,1.7752494983277594,12.050167224080266,0.12542822445289234
glennmartin3,1000000,ok,,1000000.0,False,0.40677966101694896,0.3942101694915254,0.010416101694915254,21.72537867832961,1.6698,15.0,0.13770000000000002
ah93w300,1000000,ok,,1000000.0,False,0.40677966101694896,0.4316033898305084,0.010629830508474577,21.694377866374527,1.5575,15.0,0.29982737583892616
goe625,1000000,ok,,1000000.0,False,-1.3728813559322033,0.47240677966101696,0.010702372881355931,21.66820008765912,1.7779,15.0,0.2
fx77w258,1000000,ok,,1000000.0,False,0.09489257978572585,0.4633418683748086,0.010737008106116433,21.636729490861153,1.7748177257525084,11.979933110367892,0.2612412475506205
ah94w301,1000000,ok,,1000000.0,False,1.4376736012697693,0.44270310639986393,0.010728171872342838,21.620883320097686,1.645538127090301,13.946488294314381,0.30091422599608103
goe441,1000000,ok,,1000000.0,False,-4.0715378946771725,0.48686552916501336,0.010745768947338587,21.60478941084979,2.057534113712374,12.963210702341136,0.15974954138686787
goe140,1000000,ok,,1000000.0,False,0.20407006405532568,0.5600680573663624,0.010327767133382461,21.600278122833803,1.4948628762541807,12.040133779264215,0.0877516267612367
gu255118,1000000,ok,,1000000.0,False,-0.028909925741172238,0.6298070517544355,0.00948319142905731,21.560399724658183,1.6716983277591972,10.013377926421402,0.19988
la5055,1000000,ok,,1000000.0,False,0.7796610169491522,0.5416186440677966,0.010609661016949152,21.4930330673321,1.372,14.0,0.1593
rhodesg36,1000000,ok,,1000000.0,False,-2.6347145853409675,0.4561847570999376,0.010890958562439771,21.47638253348532,1.6918120401337793,12.050167224080266,0.1617045165585831
eiffel430,1000000,ok,,1000000.0,False,0.05084745762711851,0.4690372881355932,0.010898305084745763,21.476059061735004,1.6734,15.0,0.0970602869473576
fx73cl3152,1000000,ok,,1000000.0,False,-3.152542372881356,0.519364406779661,0.010811694915254237,21.437039607260655,2.1701,15.0,0.15210552716804607
2032c,1000000,ok,,1000000.0,False,-1.9388356669123064,0.486848268238762,0.010927339719970522,21.432134352061325,1.6221608695652174,9.521739130434783,0.0796
as6095,1000000,ok,,1000000.0,False,-1.0,0.7338,0.00748,21.417985846103797,1.4648,6.0,0.05122501882856367
lnv109a,1000000,ok,,1000000.0,False,1.0994274700980666,0.5258534720253953,0.010977246187857831,21.263516157008244,1.822615719063545,12.993311036789297,0.12977523031526636
fx72ls160,1000000,ok,,1000000.0,False,-3.014454962870586,0.5652370840655291,0.010693212969786295,21.262712317540696,1.8602371237458195,10.013377926421402,0.16009795273075694
goe124,1000000,ok,,1000000.0,False,0.0,0.5776,0.01065,21.2017882216607,1.711486287625418,13.996655518394649,0.07918304350555166
goe572,1000000,ok,,1000000.0,False,-0.5265007652627407,0.4959057366362451,0.011237385068873647,21.130635780339173,1.582938795986622,10.996655518394647,0.1858893366582571
goe435,1000000,ok,,1000000.0,False,-1.0169491525423728,0.5013474576271186,0.011225084745762713,21.1305665813391,1.7152,15.0,0.260438669171041
goe304,1000000,ok,,1000000.0,False,-0.18644067796610164,0.6581118644067797,0.009624237288135593,21.116731702569588,1.8197,15.0,0.08978282249137462
ui1720,1000000,ok,,1000000.0,False,-0.30508474576271194,0.47175593220338985,0.011286949152542372,21.102115067262076,2.0763,15.0,0.13810598866816293
goe711,1000000,ok,,1000000.0,False,-1.1001077036449178,0.5672583356952553,0.01091710447253557,21.071041459564782,1.6058866220735788,13.013377926421406,0.1485
fx69pr281,1000000,ok,,1000000.0,False,-1.7288135593220337,0.4229898305084746,0.011235762711864406,21.008176665450534,1.5247,15.0,0.2812301579541181
goe234,1000000,ok,,1000000.0,False,-3.8286945184513352,0.6200011904087069,0.010395033161385408,21.00730897002859,1.922579264214047,10.013377926421402,0.14265973333095297
isa960,1000000,ok,,1000000.0,False,-1.1145626665155044,0.4468293690833852,0.011348233093362053,20.99926671693773,1.4956765886287626,10.013377926421402,0.09444794868529474
fx74cl6140,1000000,ok,,1000000.0,False,-2.0228445099484165,0.5564236721274304,0.011120157020577066,20.982265065802697,2.0529799331103677,12.050167224080266,0.14049798824297846
goe242,1000000,ok,,1000000.0,False,-3.717986508701321,0.5732770024375036,0.01099952610396236,20.964552177423492,1.8489200668896322,8.959866220735785,0.16171513451977457
e423,1000000,ok,,1000000.0,False,-4.781021484042855,0.5716912873419874,0.011050072558244998,20.937000929232735,2.0191347826086954,11.979933110367892,0.12520251857552783
goe448,1000000,ok,,1000000.0,False,-6.0,0.4626,0.01149,20.900515710210517,1.7990488294314382,9.030100334448159,0.12879036091767804
goe217,1000000,ok,,1000000.0,False,-2.9466016665721897,0.5191335298452469,0.011468106683294597,20.872275507463087,1.9915565217391304,14.016722408026755,0.18987180445890167
fx63143,1000000,ok,,1000000.0,False,1.4745762711864403,0.46470508474576266,0.01160135593220339,20.799741412509583,1.318,15.0,0.14317455331412104
goe241,1000000,ok,,1000000.0,False,-4.932203389830509,0.5133423728813559,0.011664915254237289,20.723234337956224,2.0379,15.0,0.18854650161069644
usa32,1000000,ok,,1000000.0,False,-0.7327815883453317,0.5440661810554958,0.011561046425939574,20.70008929023739,1.6900448160535118,12.983277591973245,0.14720906404980066
goe511,1000000,ok,,1000000.0,False,0.1016949152542379,0.47932542372881365,0.011781186440677965,20.653317604596182,0.9549,6.0,0.1661327145596357
fx63145,1000000,ok,,1000000.0,False,-0.9674621620089563,0.48628994954934524,0.011787142452241937,20.65049199075803,1.5769789297658863,11.989966555183948,0.14465875405580791
goe381,1000000,ok,,500000.0,True,1.0,0.6668,0.01018,20.647992701892242,1.3323946488294314,8.010033444816052,0.063794774
e862,1000000,ok,,1000000.0,False,3.9661016949152543,0.48889999999999995,0.011815593220338984,20.62553079138033,1.3894,15.0,0.32340490664145594
fx63158,1000000,ok,,1000000.0,False,-0.9322033898305087,0.48312033898305085,0.011835932203389831,20.606929240968505,1.5742,15.0,0.15813356388088376
goe243,1000000,ok,,1000000.0,False,-4.576271186440678,0.5559728813559321,0.011628474576271187,20.58995773511807,1.9583,15.0,0.19001821028174468
goe320,1000000,ok,,1000000.0,False,-0.6610169491525424,0.543064406779661,0.01171779661016949,20.58164369867454,1.8723,15.0,0.12328413926638611
glennmartin4,1000000,ok,,1000000.0,False,1.4900515843773015,0.4624176123802504,0.011866219602063374,20.550748782860442,1.4283023411371236,10.996655518394647,0.1549
fxm2,1000000,ok,,1000000.0,False,0.2542372881355932,0.5871050847457627,0.011532881355932202,20.473405704047963,1.9681,15.0,0.08382222222222221
goe803h,1000000,ok,,1000000.0,False,0.0,0.7572,0.00847,20.472511024939024,1.9368,15.0,0.063
goe482,1000000,ok,,1000000.0,False,-3.7501275437900343,0.5755855620429681,0.011647639022731138,20.465201472305733,1.9192622073578596,12.963210702341136,0.16516730423034587
goe525,1000000,ok,,1000000.0,False,-6.0,0.5792,0.01166,20.43390992122801,2.1058983277591974,14.016722408026755,0.16469328199672845
goe523,1000000,ok,,1000000.0,False,-6.0,0.5792,0.01166,20.43390992122801,2.1058983277591974,14.016722408026755,0.16469328199672845
goe802,1000000,ok,,1000000.0,False,-0.2324698146363584,0.6091390283997505,0.011422542372881355,20.38817613274533,1.710466220735786,14.016722408026755,0.098
goe801,1000000,ok,,1000000.0,False,-0.2324698146363584,0.6091390283997505,0.011422542372881355,20.38817613274533,1.710466220735786,14.016722408026755,0.098
e61,1000000,ok,,1000000.0,False,-1.0,0.8371,0.00646,20.26299050960306,1.5694,8.0,0.05672532265168199
usa31,1000000,ok,,1000000.0,False,-1.0169491525423728,0.6284661016949152,0.011414915254237289,20.234528077989964,1.6525,15.0,0.14855131463021404
naca001066,1000000,ok,,1000000.0,False,3.610169491525424,0.43878813559322033,0.012186440677966101,20.162720874390544,1.2926,15.0,0.1
goe518,1000000,ok,,1000000.0,False,0.40677966101694896,0.4898542372881356,0.012428474576271185,20.106511301553468,1.727,15.0,0.1799083868266887
ua2-180,1000000,ok,,1000000.0,False,-0.20985204920356093,0.5939383424975907,0.012011457967235418,20.095058214733303,1.6243628762541806,11.979933110367892,0.18122924965893586
raf19,1000000,ok,,1000000.0,False,-1.9349243240179126,0.6715513859758517,0.011242082648375942,19.94388147555196,1.5831140468227427,8.989966555183948,0.10500000000000001
goe92,1000000,ok,,500000.0,True,1.0,0.6431,0.01176,19.891948883954875,1.3734448160535115,9.02675585284281,0.08768358927114578
fx77w270s,1000000,ok,,1000000.0,False,1.4745762711864403,0.48643220338983045,0.012691186440677966,19.88723815794735,1.8278,15.0,0.2710560715426381
as6094,1000000,ok,,1000000.0,False,0.0,0.8444,0.0071,19.839164729038767,2.009020401337793,14.046822742474916,0.041289551191150235
goe199,1000000,ok,,500000.0,True,1.4576271186440675,0.6584559322033898,0.011720508474576272,19.782823933485187,0.9347,4.0,0.07329777821057894
e863,1000000,ok,,1000000.0,False,3.9661016949152543,0.47278644067796616,0.012884576271186441,19.69787715830667,1.2955,15.0,0.3571895443645084
fx77w270,1000000,ok,,1000000.0,False,0.09489257978572585,0.5024316535343801,0.013086862989626438,19.594030669480937,1.9167397993311035,11.979933110367892,0.27115572341105076
as6099,1000000,ok,,1000000.0,False,-2.711864406779661,0.7525728813559323,0.010347966101694915,19.538873730350314,2.1561,15.0,0.061962502156307574
fx72150a,1000000,ok,,1000000.0,False,-2.4287738790318008,0.7154182189218299,0.011220510175160138,19.50616990273635,1.8167107023411373,8.046822742474916,0.15010792717981478
fxs02196,1000000,ok,,1000000.0,False,0.05084745762711851,0.4619694915254237,0.013139322033898304,19.448273217376645,1.2995,15.0,0.19585995837335896
e420,1000000,ok,,1000000.0,False,-4.067796610169491,0.6742050847457627,0.012139830508474577,19.403027433846635,2.1764,13.0,0.14337464517572923
ch10sm,1000000,ok,,1000000.0,False,-4.847684371634261,0.6846580125843206,0.012057156056912873,19.35637135343246,2.0543953177257523,10.996655518394647,0.128353685674548
mi-strut1,1000000,ok,,1000000.0,False,5.745762711864407,0.4384322033898305,0.013164406779661016,19.293129303651458,1.0533,15.0,0.3295513535911602
fg4,1000000,ok,,1000000.0,False,2.186440677966102,0.5191661016949153,0.013563559322033899,19.25043876741346,1.5124,15.0,0.127
goe198,1000000,ok,,1000000.0,False,0.5237231449464315,0.7576421234623888,0.01093595657842526,19.187882088862867,1.797342474916388,13.983277591973243,0.07765030356691581
fx2,1000000,ok,,1000000.0,False,1.4745762711864403,0.543828813559322,0.013915254237288135,18.998624455764446,1.213,15.0,0.20435360711002146
s4096,1000000,ok,,1000000.0,False,2.142395555807493,0.5085441018082875,0.013922718666742247,18.985955595315357,1.7566083612040135,14.016722408026755,0.12469455562857362
fx72150b,1000000,ok,,1000000.0,False,-3.983447650359957,0.6189036789297659,0.013573372257808514,18.970630861048605,2.0872478260869562,10.996655518394647,0.15010792717981478
fx77w343,1000000,ok,,1000000.0,False,-0.2146136840315176,0.5000340003401167,0.013958492715832436,18.94486998167486,1.8318844481605352,12.963210702341136,0.34365663685723413
l1003,1000000,ok,,1000000.0,False,1.917918485346636,0.5748322997562497,0.013959919505696956,18.91252352986945,1.1457672240802674,6.976588628762542,0.17685
e864,1000000,ok,,1000000.0,False,4.856527407743325,0.5080622186950853,0.014055609659316367,18.89142249658993,1.1581739130434783,14.016722408026755,0.3881694548097892
s1223rtl,1000000,ok,,1000000.0,False,-3.864406779661017,0.6388322033898306,0.013943220338983051,18.657059391225907,2.4321,15.0,0.13502623438621442
goe14,1000000,ok,,1000000.0,False,1.8305084745762707,0.8406237288135593,0.010769745762711867,18.3080414309922,1.9411,15.0,0.09891046441797617
jn153,1000000,ok,,1000000.0,False,-2.4513916444645996,0.5923128734198742,0.015274723655121591,18.10036835944335,2.222333110367893,13.03344481605351,0.17567131914613282
m27,1000000,ok,,500000.0,True,2.11864406779661,0.7460559322033897,0.014088135593220339,17.860567494648873,1.0518,5.0,0.11945161335237348
s1223,1000000,ok,,1000000.0,False,-2.9466016665721897,0.7893539255144266,0.013234320049883792,17.849092011432262,2.397191304347826,14.016722408026755,0.12140038664098121
goe244,1000000,ok,,1000000.0,False,-4.064395442435236,0.7896537101071368,0.013263460121308315,17.834624673768335,2.1730772575250836,13.03344481605351,0.1767768137156607
goe464,1000000,ok,,1000000.0,False,-1.593220338983051,0.7249457627118644,0.015166610169491525,17.550981141771917,1.3049,4.0,0.07649574161386823
hs1430,1000000,ok,,1000000.0,False,2.186440677966102,0.437228813559322,0.015530508474576273,17.462277209420392,1.3789,15.0,0.29996
goe571,1000000,ok,,1000000.0,False,1.4745762711864403,0.5652711864406779,0.017237457627118646,17.062394656980516,1.6007,15.0,0.2489443468926519
as6098,1000000,ok,,1000000.0,False,0.0,1.0737,0.00744,16.57529071826453,2.1678,15.0,0.052233296017197714
goe561,1000000,ok,,1000000.0,False,2.898305084745763,0.7432457627118645,0.018038305084745763,16.33035687957904,1.5056,15.0,0.24936761727147227
m26,1000000,ok,,500000.0,True,2.0,0.6869,0.01912,16.129343168432367,0.6869,2.0,0.08300127412741275
goe531,1000000,ok,,1000000.0,False,-1.9288022220962535,0.9756780284564367,0.01421576044441925,15.848770036745444,1.8381528428093645,14.016722408026755,0.13770040933023225
goe462,1000000,ok,,1000000.0,False,-1.950399637208775,0.9214504449861118,0.0187767513179525,15.104240875880256,1.8633896321070234,6.993311036789297,0.10984160465873241
fx74modsm,1000000,ok,,1000000.0,False,0.0,1.2261,0.01105,14.287035502615309,2.213992976588629,10.986622073578596,0.13077678571428572
goe570,1000000,ok,,1000000.0,False,4.677966101694915,0.5335525423728814,0.03220694915254237,11.507487043615319,1.3017,15.0,0.337
ah93w480b,1000000,ok,,1000000.0,False,2.5423728813559325,0.7998016949152543,0.04168389830508475,10.881787736298733,1.7734,15.0,0.47833595193454176
fx79w660a,1000000,ok,,1000000.0,False,15.0,0.7913,0.12773,4.980725758048288,0.7913,15.0,0.663885515970516
ah7476,1000000,failed,too few converged polar points,,,,,,,,,
ah81k144wfKlappe,1000000,failed,'NoneType' object is not subscriptable,1000000.0,False,3.610169491525424,0.5036966101694915,0.011964406779661017,20.489697594474897,1.6742,15.0,
apex16_NASA_CR-201062,1000000,failed,'NoneType' object is not subscriptable,1000000.0,False,-0.7796610169491527,0.3676847457627119,0.005997288135593221,28.90332903805451,1.4423,15.0,
b707b,1000000,failed,'NoneType' object is not subscriptable,1000000.0,False,4.322033898305085,0.3765084745762712,0.009090338983050847,23.32645597515211,1.1372,15.0,
b707c,1000000,failed,'NoneType' object is not subscriptable,1000000.0,False,3.064395442435236,0.4911422028229692,0.009393219772121762,22.96070799964394,1.201108695652174,10.989966555183948,
b737a,1000000,failed,'NoneType' object is not subscriptable,1000000.0,False,2.898305084745763,0.4599474576271187,0.009641186440677968,22.81156922129244,1.526,15.0,
b737c,1000000,failed,'NoneType' object is not subscriptable,1000000.0,False,2.2425032594524126,0.37308383311603655,0.0057184745762711865,29.513104307211307,1.299051839464883,12.013377926421406,
bte-fk,1000000,failed,'NoneType' object is not subscriptable,1000000.0,False,1.8305084745762707,0.4205983050847457,0.006653050847457627,27.220581998846118,1.576,15.0,
cal1215j,1000000,failed,'NoneType' object is not subscriptable,1000000.0,False,0.7627118644067794,0.3139016949152542,0.0052411864406779664,30.951038676816314,1.3563,15.0,
cal2263m,1000000,failed,'NoneType' object is not subscriptable,1000000.0,False,0.05084745762711851,0.38769830508474573,0.005198644067796611,30.58896733582884,1.5133,15.0,
cal4014l,1000000,failed,'NoneType' object is not subscriptable,1000000.0,False,1.8305084745762707,0.2870677966101694,0.0051689830508474584,30.97536343718267,1.401,15.0,
cap21c,1000000,failed,'NoneType' object is not subscriptable,1000000.0,False,3.610169491525424,0.5041847457627119,0.011184067796610169,21.160182524969436,1.7056,15.0,
chen,1000000,failed,too few converged polar points,,,,,,,,,
clarkk,1000000,failed,'NoneType' object is not subscriptable,1000000.0,False,0.40677966101694896,0.4302203389830508,0.00818271186440678,24.741928906930823,1.509,15.0,
coanda3,1000000,failed,too few converged polar points,,,,,,,,,
dae41,1000000,failed,'NoneType' object is not subscriptable,1000000.0,False,0.40677966101694896,0.3611186440677966,0.0053983050847457624,30.386447000971845,1.502,15.0,
dai1238,1000000,failed,'NoneType' object is not subscriptable,1000000.0,False,-1.3728813559322033,0.4648813559322034,0.00720593220338983,25.892055665620205,1.688,15.0,
dai1335,1000000,failed,'NoneType' object is not subscriptable,1000000.0,False,-1.1145626665155044,0.4608221869508531,0.008394155093248683,24.310185929014587,1.6161876254180603,10.013377926421402,
dai1336,1000000,failed,'NoneType' object is not subscriptable,1000000.0,False,-1.0169491525423728,0.4690440677966102,0.007979830508474577,24.788490024484453,1.636,15.0,
davissm,1000000,failed,too few converged polar points,,,,,,,,,
dbln526,1000000,failed,too few converged polar points,,,,,,,,,
dga1138,1000000,failed,too few converged polar points,,,,,,,,,
dga1182,1000000,failed,'NoneType' object is not subscriptable,1000000.0,False,3.1186440677966107,0.41436779661016954,0.010502542372881356,21.760462297198995,0.929,8.0,
dormoy,1000000,failed,too few converged polar points,,,,,,,,,
du861372,1000000,failed,'NoneType' object is not subscriptable,1000000.0,False,5.084745762711864,0.5362762711864406,0.011971525423728813,20.40998647403296,1.1479,15.0,
e184,1000000,failed,too few converged polar points,,,,,,,,,
e377m,1000000,failed,too few converged polar points,,,,,,,,,
e49,1000000,failed,too few converged polar points,,,,,,,,,
e664ex,1000000,failed,'NoneType' object is not subscriptable,1000000.0,False,-6.0,0.8436,0.00892,19.036395370583165,2.086897993311037,10.013377926421402,
e850,1000000,failed,too few converged polar points,,,,,,,,,
ebambino7,1000000,failed,too few converged polar points,,,,,,,,,
eiffel10,1000000,failed,too few converged polar points,,,,,,,,,
eiffel428,1000000,failed,'NoneType' object is not subscriptable,1000000.0,False,-1.9430871265801262,0.2710303214103509,0.005337737656595429,30.14391819653859,1.4233966555183946,13.946488294314381,
fx049915,1000000,failed,'NoneType' object is not subscriptable,1000000.0,False,0.5139164446459947,0.5006779264214046,0.0105458250666062,21.755793086672472,1.565115384615385,10.013377926421402,
fx057816,1000000,failed,'NoneType' object is not subscriptable,1000000.0,False,0.08536931012981075,0.46372600759594124,0.010900244317215577,21.47322398831782,1.3976882943143814,8.959866220735785,
fx082512,1000000,failed,'NoneType' object is not subscriptable,1000000.0,False,-2.268068703588232,0.37922281049827106,0.0061562944277535284,28.494109906625695,1.6254722408026756,14.016722408026755,
goe05k,1000000,failed,too few converged polar points,,,,,,,,,
goe09k,1000000,failed,too few converged polar points,,,,,,,,,
goe10k,1000000,failed,too few converged polar points,,,,,,,,,
goe114,1000000,failed,too few converged polar points,,,,,,,,,
goe123,1000000,failed,too few converged polar points,,,,,,,,,
goe15,1000000,failed,too few converged polar points,,,,,,,,,
goe180,1000000,failed,too few converged polar points,,,,,,,,,
goe188,1000000,failed,too few converged polar points,,,,,,,,,
goe207,1000000,failed,too few converged polar points,,,,,,,,,
goe229,1000000,failed,'NoneType' object is not subscriptable,1000000.0,False,-2.9466016665721897,0.42097283600702906,0.009479515333597869,23.0120004171909,1.488511371237458,14.016722408026755,
goe240,1000000,failed,too few converged polar points,,,,,,,,,
goe274,1000000,failed,too few converged polar points,,,,,,,,,
goe275,1000000,failed,too few converged polar points,,,,,,,,,
goe280,1000000,failed,too few converged polar points,,,,,,,,,
goe330,1000000,failed,too few converged polar points,,,,,,,,,
goe331,1000000,failed,too few converged polar points,,,,,,,,,
goe359,1000000,failed,too few converged polar points,,,,,,,,,
goe360,1000000,failed,too few converged polar points,,,,,,,,,
goe366,1000000,failed,too few converged polar points,,,,,,,,,
goe370,1000000,failed,too few converged polar points,,,,,,,,,
goe373,1000000,failed,too few converged polar points,,,,,,,,,
goe374,1000000,failed,too few converged polar points,,,,,,,,,
goe375,1000000,failed,too few converged polar points,,,,,,,,,
goe376,1000000,failed,too few converged polar points,,,,,,,,,
goe388,1000000,failed,too few converged polar points,,,,,,,,,
goe396,1000000,failed,too few converged polar points,,,,,,,,,
goe401,1000000,failed,too few converged polar points,,,,,,,,,
goe403,1000000,failed,too few converged polar points,,,,,,,,,
goe411,1000000,failed,too few converged polar points,,,,,,,,,
goe417,1000000,failed,too few converged polar points,,,,,,,,,
goe417a,1000000,failed,too few converged polar points,,,,,,,,,
goe419,1000000,failed,too few converged polar points,,,,,,,,,
goe440,1000000,failed,'NoneType' object is not subscriptable,1000000.0,False,0.0,1.1793,0.01154,14.611544190857545,1.5000317725752508,5.969899665551839,
goe444,1000000,failed,too few converged polar points,,,,,,,,,
goe445,1000000,failed,too few converged polar points,,,,,,,,,
goe456,1000000,failed,too few converged polar points,,,,,,,,,
goe477,1000000,failed,'NoneType' object is not subscriptable,1000000.0,False,-0.9288589082251573,0.441097466130038,0.007338026755852843,25.924044482555914,1.4384752508361205,13.946488294314381,
goe480,1000000,failed,'NoneType' object is not subscriptable,1000000.0,False,-1.0169491525423728,0.4658779661016949,0.008931355932203391,23.617273919035817,1.5838,15.0,
goe481,1000000,failed,'NoneType' object is not subscriptable,1000000.0,False,0.7627118644067794,0.7908016949152542,0.02330949152542373,14.53340018156166,1.6925,15.0,
goe490,1000000,failed,too few converged polar points,,,,,,,,,
goe494,1000000,failed,too few converged polar points,,,,,,,,,
goe507,1000000,failed,'NoneType' object is not subscriptable,1000000.0,False,1.4745762711864403,0.4780915254237288,0.005955254237288135,27.597910300442628,1.3829,15.0,
goe517,1000000,failed,'NoneType' object is not subscriptable,1000000.0,False,-1.0144549628705852,0.35108511989116264,0.006837372031063999,27.0734829873233,1.336068227424749,12.013377926421406,
goe54,1000000,failed,too few converged polar points,,,,,,,,,
goe559,1000000,failed,too few converged polar points,,,,,,,,,
goe584,1000000,failed,'NoneType' object is not subscriptable,1000000.0,False,-0.6610169491525424,0.42848305084745764,0.008288983050847458,24.59664679512017,1.5065,15.0,
goe590,1000000,failed,too few converged polar points,,,,,,,,,
goe63,1000000,failed,too few converged polar points,,,,,,,,,
goe746,1000000,failed,too few converged polar points,,,,,,,,,
goe765,1000000,failed,'NoneType' object is not subscriptable,1000000.0,False,2.5661810554957185,0.3195875120458021,0.007606181055495718,25.192106549793962,1.3373645484949832,12.050167224080266,
goe79,1000000,failed,too few converged polar points,,,,,,,,,
goe802a,1000000,failed,'NoneType' object is not subscriptable,1000000.0,False,1.7796610169491522,0.8543542372881356,0.010161355932203391,18.387185134533112,1.7085,15.0,
goe802b,1000000,failed,'NoneType' object is not subscriptable,1000000.0,False,1.9925741171135423,0.8631403321807154,0.0045073150615044496,20.767968783526165,1.5898421404682275,11.02675585284281,
goe81,1000000,failed,too few converged polar points,,,,,,,,,
griffith30SymSuction,1000000,failed,'NoneType' object is not subscriptable,1000000.0,False,6.813559322033898,0.5938016949152541,0.0360471186440678,11.081692327687527,0.8149,15.0,
gw19,1000000,failed,'NoneType' object is not subscriptable,1000000.0,False,-3.143019103225441,0.5296936681594013,0.008377343687999547,23.719023488204485,1.7681130434782608,8.046822742474916,
gw25,1000000,failed,'NoneType' object is not subscriptable,1000000.0,False,-3.4525253670426848,0.48840695538801654,0.008373697069327135,24.133436558867384,1.7671127090301004,9.030100334448159,
gw27,1000000,failed,'NoneType' object is not subscriptable,1000000.0,False,-3.152542372881356,0.4790237288135593,0.007424745762711864,25.429484305593764,1.8037,15.0,
gw30,1000000,failed,'NoneType' object is not subscriptable,1000000.0,False,-2.7966101694915255,0.3810016949152542,0.006844915254237288,27.089224895021502,1.7509,15.0,
gw31,1000000,failed,'NoneType' object is not subscriptable,1000000.0,False,-1.7288135593220337,0.39221016949152543,0.007021016949152543,26.732183057196153,1.8102,15.0,
hq07,1000000,failed,too few converged polar points,,,,,,,,,
hs1404,1000000,failed,too few converged polar points,,,,,,,,,
legionair140_sm,1000000,failed,'NoneType' object is not subscriptable,1000000.0,False,0.18337962700527122,0.3528703191429056,0.005442349073181792,30.32746203302271,1.375900668896321,11.989966555183944,
m19,1000000,failed,too few converged polar points,,,,,,,,,
m22,1000000,failed,too few converged polar points,,,,,,,,,
m23,1000000,failed,too few converged polar points,,,,,,,,,
m25,1000000,failed,too few converged polar points,,,,,,,,,
m8,1000000,failed,'NoneType' object is not subscriptable,1000000.0,False,0.7627118644067794,0.6347779661016949,0.008124406779661017,22.537708788514202,1.7698,15.0,
ma409,1000000,failed,'NoneType' object is not subscriptable,1000000.0,False,-0.9322033898305087,0.43693050847457626,0.006279830508474576,27.6979555431359,1.0176,5.0,
mrc12,1000000,failed,'NoneType' object is not subscriptable,1000000.0,False,-0.30508474576271194,0.3340898305084746,0.00534,30.674855979170417,1.4948,15.0,
mrc15,1000000,failed,'NoneType' object is not subscriptable,1000000.0,False,1.8305084745762707,0.32602711864406775,0.005316271186440678,30.74890576640567,1.2928,15.0,
mrc16-85,1000000,failed,'NoneType' object is not subscriptable,1000000.0,False,0.10679666685562061,0.3405155943540616,0.005085631200045349,31.376538925078762,1.4595605351170569,14.016722408026755,
mrc16-95,1000000,failed,'NoneType' object is not subscriptable,1000000.0,False,0.05084745762711851,0.33435423728813557,0.005397118644067797,30.514473978197724,1.4832,15.0,
mrc20-700,1000000,failed,'NoneType' object is not subscriptable,1000000.0,False,0.28229692194320055,0.4389995465109688,0.005185215123859192,29.721672255254056,1.4731501672240803,14.046822742474916,
mrc20-846,1000000,failed,'NoneType' object is not subscriptable,1000000.0,False,0.1864406779661012,0.4240440677966101,0.005498813559322034,29.36187210321061,1.4915,15.0,
n1h15,1000000,failed,'NoneType' object is not subscriptable,1000000.0,False,1.8305084745762707,0.5393423728813559,0.007908644067796611,24.103248443110544,1.303,15.0,
n2h15,1000000,failed,too few converged polar points,,,,,,,,,
n63210,1000000,failed,too few converged polar points,,,,,,,,,
naca16006,1000000,failed,too few converged polar points,,,,,,,,,
naca653618,1000000,failed,'NoneType' object is not subscriptable,1000000.0,False,-1.3728813559322033,0.35119830508474575,0.006952881355932203,26.835001257892642,1.36,15.0,
r1145ms,1000000,failed,'NoneType' object is not subscriptable,1000000.0,False,0.05084745762711851,0.5053949152542373,0.007588983050847457,24.905218512996782,1.5619,15.0,
r1145msf,1000000,failed,'NoneType' object is not subscriptable,1000000.0,False,3.16019500028343,0.3262762315061504,0.009440874100107704,22.142084061757828,0.46487391304347825,14.016722408026755,
r1145msm,1000000,failed,'NoneType' object is not subscriptable,1000000.0,False,10.728813559322035,0.7418627118644069,0.029831186440677965,12.968752370170503,0.8634,15.0,
raf26,1000000,failed,too few converged polar points,,,,,,,,,
raf32,1000000,failed,'NoneType' object is not subscriptable,1000000.0,False,-2.0847457627118646,0.3948372881355932,0.006897627118644068,26.948992209054655,1.4977,15.0,
raf38,1000000,failed,'NoneType' object is not subscriptable,1000000.0,False,1.1186440677966099,0.35052203389830505,0.005474915254237288,30.254573351353155,1.3686,15.0,
raf69,1000000,failed,'NoneType' object is not subscriptable,1000000.0,False,2.186440677966102,0.37954576271186447,0.007611694915254237,25.685938923964038,1.3345,15.0,
raf6,1000000,failed,'NoneType' object is not subscriptable,1000000.0,False,-0.7279632673884702,0.5202220622413695,0.007125318859475086,25.271408662230254,1.5745966555183946,13.010033444816052,
raf6prop_sm,1000000,failed,'NoneType' object is not subscriptable,1000000.0,False,-0.9288589082251573,0.5057669973357519,0.009597275097783572,22.66007965652455,1.6632879598662207,13.946488294314381,
raf89,1000000,failed,'NoneType' object is not subscriptable,1000000.0,False,2.898305084745763,0.33614237288135596,0.00894406779661017,23.080655982478607,1.2598,15.0,
rc0864c,1000000,failed,too few converged polar points,,,,,,,,,
s1221-4deg-flap,1000000,failed,'NoneType' object is not subscriptable,1000000.0,False,-3.6251346295561477,0.4994706309166147,0.009912556544413583,22.377494114889004,2.1688628762541806,14.016722408026755,
s9104BTE,1000000,failed,'NoneType' object is not subscriptable,1000000.0,False,0.7627118644067794,1.2323296610169487,0.040867796610169496,10.587154248944225,2.8719,15.0,
s9104,1000000,failed,too few converged polar points,,,,,,,,,
sa7024,1000000,failed,'NoneType' object is not subscriptable,1000000.0,False,0.05084745762711851,0.4266915254237288,0.005188983050847458,29.95548679393051,1.2765,9.0,
sa7025,1000000,failed,'NoneType' object is not subscriptable,1000000.0,False,0.08474576271186418,0.4366050847457627,0.002046101694915254,37.876857559553045,1.2916,10.0,
sa7026,1000000,failed,'NoneType' object is not subscriptable,1000000.0,False,0.06184456663454352,0.4617471345161838,0.004904643727679838,29.77311925716373,1.3514959866220737,11.97658862876254,
saratov,1000000,failed,'NoneType' object is not subscriptable,1000000.0,False,-2.0847457627118646,0.5747000000000001,0.010553898305084746,21.30042497247887,1.6013,15.0,
sc20402,1000000,failed,too few converged polar points,,,,,,,,,
sc20403,1000000,failed,too few converged polar points,,,,,,,,,
sc20404,1000000,failed,too few converged polar points,,,,,,,,,
stcyr171,1000000,failed,'NoneType' object is not subscriptable,1000000.0,False,3.2542372881355934,0.3516728813559323,0.007558474576271186,25.651755308220658,1.2976,15.0,
t16,1000000,failed,too few converged polar points,,,,,,,,,
ua79sff,1000000,failed,'NoneType' object is not subscriptable,1000000.0,False,6.101694915254237,0.4258627118644068,0.007850508474576271,25.242939190530784,0.4558,8.0,
ua79sfm,1000000,failed,'NoneType' object is not subscriptable,1000000.0,False,-1.7726319369650252,0.3039795419760784,0.004524231619522703,33.33106177685903,0.8044026755852842,3.976588628762542,
usa50,1000000,failed,too few converged polar points,,,,,,,,,
usa98,1000000,failed,'NoneType' object is not subscriptable,1000000.0,False,-2.0847457627118646,0.549950847457627,0.010297966101694915,21.702538365058615,1.8243,15.0,
ys900,1000000,failed,too few converged polar points,,,,,,,,,
