airfoil,status,error,time_s,score,wing_area_m2,aspect_ratio,span_m,root_chord_m,mean_aero_chord_m,empty,wing,tail,sensor,container,total_M2,total_M3,M2_score,M3_score,velocity_mps_M2,CL_M2,drag_N_M2,alpha_deg_M2,CD_profile_M2,L_over_D_M2,Re_assumed_M2,Re_actual_M2,velocity_mps_M3,CL_M3,drag_N_M3,alpha_deg_M3,CD_profile_M3,L_over_D_M3,Re_assumed_M3,Re_actual_M3,t_over_c,CL_max_polar,Re_clamped
2032c,failed,Maximum_Iterations_Exceeded,2.1,,,,,,,,,,,,,,,,,,,,,,,,,,,,,,,,,,
a18,ok,,0.33,1.9820991415036908,0.8018899180585033,3.897365704714054,1.7678399999992007,0.45359869561660887,0.45359869561660887,5.485397977971032,0.6980000482394716,0.07992321177200581,3.000000029871969,16.46218259079993,24.947580598642933,8.485398007843001,0.06766957715285037,28.163520560871053,31.292800311552504,0.5666712006231647,25.05134890896228,-0.34906300783192834,0.006280697988594375,15.998028368764663,1000000.0,939340.4409708973,31.29280031159754,0.19274136254690202,17.35059317414646,-3.693361720652612,0.006996676855349989,18.59021928252699,1000000.0,939340.440972249,0.07345,1.4662521739130434,False
a18sm,ok,,0.33,1.9850267924182297,0.7797052906075255,4.008255815687592,1.7678399999999994,0.44104969375482267,0.44104969375482267,5.427380949126352,0.6702422770773604,0.08039220873758926,3.00000002997,16.520199620163243,24.947580599259595,8.427380979096352,0.06787130107932281,28.163520562707127,31.29280031261031,0.5827944584832606,24.47168115553965,0.778092880831214,0.0050560155446118605,16.639024776736292,1000000.0,913353.1860636355,31.292800312615068,0.19687002972500106,17.173114418385456,-2.732498167767965,0.006663782959598105,19.523654112066186,1000000.0,913353.1860637744,0.07282035714285715,1.5364234113712374,False
a63a108c,ok,,0.32,1.975692510622073,0.8188165749788143,3.816798976841488,1.7678399999999972,0.4631734630842246,0.4631734630842246,5.612357688485972,0.7673398308649482,0.0795824748771163,3.00000002997,16.335222880800846,24.947580599256817,8.612357718455971,0.06722814106072221,28.163520562707138,31.292800312607206,0.5549569177052106,26.50453209129809,4.898285981272111,0.008971213981282304,14.79512939997479,1000000.0,959168.4660441654,31.292800312615082,0.1915812026176563,16.931415582004057,1.7468977612013465,0.00552625350846482,21.460121395516843,1000000.0,959168.4660444069,0.07735,1.4152695652173912,False
ag03,ok,,0.32,1.9855227829578155,0.832626707611229,3.753492696103603,1.7678399999998695,0.4709853310318188,0.4709853310318188,5.4175519430346375,0.6549985310021279,0.07931473062088006,3.0000000299700007,16.530028626270127,24.947580599274765,8.417551973004638,0.06790547631547056,28.163520562707678,31.292800312608037,0.5457522782567051,25.480556455063724,3.1487250013250807,0.006253682442224058,15.902539979456588,1000000.0,975345.7689197472,31.29280031261567,0.18414203126131096,16.573316733738356,-0.1613187102257006,0.004163125009210764,25.025496989831943,1000000.0,975345.768919985,0.06236584658633721,1.3752093645484949,False
ag04,ok,,0.33,1.9809861300107088,0.8567571815782759,3.6477759776028966,1.7678399999999994,0.4846350244243122,0.4846350244243122,5.497158466978369,0.6656578248225378,0.1062380619680581,3.00000002997,16.440126126205186,24.937284623153555,8.49715849694837,0.06759288731745737,28.163520562707138,31.292800312608957,0.5301623333154926,25.566630599135802,3.1447520978039836,0.006240803150076549,15.829176984786619,1000000.0,1003612.4044607483,31.29280031261508,0.1806481115874701,16.730074929642104,0.018659035361707998,0.004253460725572676,24.354205979065323,1000000.0,1003612.4044609446,0.06422892855279998,1.3073591973244147,False
ag08,ok,,0.33,1.9332276798242645,0.8567571815810311,3.6477759775895855,1.7678399999996164,0.4846350244259758,0.4846350244259758,5.424857270311555,0.6287941419527437,0.10623806207348321,3.0000000299663294,15.493700618101672,23.918557918379555,8.424857300277884,0.0643021868244226,28.163520562641,31.292800312535665,0.5085043807775108,24.160630983377818,2.8952717415269564,0.00611135056457905,16.30752678933307,1000000.0,1003612.4044618427,31.292800312579878,0.1791110007226578,16.342125027916712,-0.10368214838045149,0.004294773750185208,24.18709764288753,1000000.0,1003612.4044632607,0.05828949218493054,1.2131,False
ag09,ok,,0.35,1.8306461844422297,0.8567571815997141,3.6477759775116105,1.767839999999997,0.48463502443643974,0.48463502443643974,5.306086851885205,0.5682075434242075,0.10623806205460595,3.0000000299700007,13.460851069539546,21.766937951394752,8.306086881855204,0.05723401404795199,28.163520562707326,31.292800312549794,0.46276131453723107,21.579702871982235,2.6208106177065043,0.005931584456683577,17.33529354618363,1000000.0,1003612.4044839652,31.292800312615277,0.17658596228254048,16.12743274772908,-0.008944552870833001,0.004988333800606917,22.040990042390863,1000000.0,1003612.4044860654,0.0486233395661265,1.1837471571906353,False
ag10,ok,,0.33,1.7150943309075082,0.856757181597558,3.6477759775207943,1.7678399999999979,0.48463502443521983,0.48463502443521983,5.278047546641158,0.5537999602873103,0.10623806205513986,3.00000002997,11.170968938174989,19.449016514786145,8.278047576611158,0.04927214468384934,28.163520562707216,31.292800312489327,0.4134827079947445,19.267026306828487,2.315337692724628,0.006046863870131932,18.276759646074098,1000000.0,1003612.4044794997,31.29280031261517,0.1759898515308803,15.651787846691526,0.14478764542428466,0.004908290441084008,22.245416059901668,1000000.0,1003612.4044835358,0.04727162740815382,1.2347826086956524,False
ag11,ok,,0.33,1.9952025878119275,0.7697635052718019,4.060023947870123,1.7678399999999903,0.4354260030725666,0.4354260030725666,5.225727999986008,0.564268361144062,0.0806111458630809,3.00000002997,16.7218525693083,24.947580599264306,8.225728029956008,0.06857244390933467,28.16352056270717,31.292800312613434,0.5903214682224546,25.310720222502546,3.370374329786764,0.006775287085528233,15.897874463236057,1000000.0,901707.2970067654,31.292800312615118,0.19464107264912525,17.307132673998396,-0.25459397013345586,0.006883046053263951,19.113743028968216,1000000.0,901707.2970068138,0.05812335113571157,1.5691822742474917,False
ag12,ok,,0.31,1.9697621651124961,0.8567571805499375,3.6477759818861335,1.7678399999769616,0.48463502384893586,0.48463502384893586,5.429299872900271,0.6241872412399592,0.10623806464174877,3.0000000289640623,16.21770170463767,24.647001606502002,8.429299901864333,0.06681952250972649,28.163520544047813,31.292800300675193,0.5239909679033549,24.969647634760918,2.7697732140067894,0.005965194753530228,16.080070576327916,1000000.0,1003612.4028864873,31.292800302375362,0.1792054499831678,16.84957993480412,-0.39487698957296286,0.004980928746160937,22.138709903417826,1000000.0,1003612.4029410145,0.06235503237490464,1.2805003344481605,False
ag13,ok,,0.27,1.961490803927624,0.856757181538373,3.6477759777676457,1.767839999998753,0.4846350244020824,0.4846350244020824,5.380998452027418,0.5994374250765164,0.10623806206711979,3.0000000299343803,16.053788760009,24.434787241970795,8.380998481961798,0.06624960086596114,28.163520562050476,31.292800312153673,0.5194793264389171,24.68748541698851,2.625542118358487,0.005876425641033966,16.212885306663196,1000000.0,1003612.4044001116,31.292800312257004,0.1781785698865432,16.77609268072661,-0.527197469369437,0.004900511530739997,22.331875029376757,1000000.0,1003612.4044034256,0.05833934249936804,1.2608648829431441,False
ag14,ok,,0.25,1.9690226140745284,0.8567571815773614,3.6477759776067904,1.7678399999999994,0.4846350244237949,0.4846350244237949,5.322623571142534,0.5695232974822959,0.1062380619635375,3.00000002997,16.203046057538675,24.52566965865121,8.322623601112534,0.06676856517890677,28.163520562707127,31.292800312605063,0.5214114707701614,24.793419092145985,2.5576827452410376,0.005892483782612983,16.16669802041024,1000000.0,1003612.4044595521,31.292800312615068,0.17693753006206064,16.796261536501966,-0.6531094771440135,0.004981439115410222,22.07066841529013,1000000.0,1003612.404459873,0.05369695874003098,1.2692739130434783,False
ag16,ok,,0.22,1.9531474959721307,0.8567571815761319,3.6477759776120253,1.7678399999999994,0.48463502442309947,0.48463502442309947,5.5507795107318065,0.6888115191980105,0.10623806195623414,3.00000002997,15.888450071719582,24.43922961242139,8.550779540701807,0.06567472191629725,28.163520562707127,31.292800312599685,0.5195737704242479,24.512108447189732,2.598355636176428,0.005733481803446049,16.283643016920156,1000000.0,1003612.4044579394,31.292800312615068,0.1817880856508884,16.81496940137532,-0.49401340597075477,0.005180276610590271,21.68168458329648,1000000.0,1003612.4044584328,0.07113552915255875,1.2612759197324415,False
ag17,ok,,0.2,1.9756772986989066,0.8567571815775289,3.647775977606076,1.7678399999999992,0.4846350244238898,0.4846350244238898,5.4720958402456725,0.6479080495063625,0.10623806196365375,3.00000002997,16.33492142729773,24.8070172975134,8.472095870215671,0.06722709291358023,28.163520562707152,31.292800312607135,0.527392872632548,25.061891460981503,2.579035577178739,0.005791330218321452,16.09903611898683,1000000.0,1003612.404459815,31.292800312615093,0.18011528450286227,16.91234212416265,-0.6167445090568869,0.0050569070204818725,21.95900914842337,1000000.0,1003612.4044600702,0.06488084486268997,1.2953060200668898,False
ag18,ok,,0.2,1.9787934740784396,0.8567571815777504,3.647775977605134,1.7678399999999994,0.484635024424015,0.484635024424015,5.393448095644438,0.6070238160221444,0.10623806196562259,3.00000002997,16.396674433428796,24.790122559043233,8.393448125614437,0.06744180674575624,28.163520562707138,31.292800312608247,0.5270336934312942,25.075180379993554,2.4867828391829176,0.005788556540429227,16.107490843777963,1000000.0,1003612.4044601101,31.29280031261508,0.1784432471331572,16.926085483374173,-0.7417194091634095,0.005043372905195316,21.94690585723878,1000000.0,1003612.4044603291,0.05866731461245367,1.2937428093645484,False
ag19,ok,,0.2,1.9460639674170546,0.8567571815761437,3.647775977611975,1.7678399999999994,0.48463502442310613,0.48463502442310613,5.33593721417861,0.5775374280325729,0.1062380619562994,3.00000002997,15.748076335002297,24.08401357915091,8.33593724414861,0.06518664554826685,28.163520562707127,31.292800312597215,0.5120219393458296,24.11389171488239,2.2863143294771073,0.0056575075879028046,16.476231548810695,1000000.0,1003612.4044578741,31.292800312615068,0.17722057579738765,16.722834420427475,-0.8286952095470494,0.005106025139259526,21.741738682563003,1000000.0,1003612.4044584465,0.05402066943051563,1.2284090301003343,False
ag23,ok,,0.2,1.9724213019554542,0.8173547283206318,3.823625357892362,1.7678399999999972,0.46234655190550794,0.46234655190550794,5.677182977258152,0.7903050988582607,0.07961134588123603,3.00000002997,16.270397592027752,24.947580599255904,8.677183007228152,0.06700274496996615,28.16352056270714,31.29280031260612,0.555949463398638,25.012503930655765,2.390098938371705,0.005528442778748582,16.295043828398594,1000000.0,957456.0468533545,31.292800312615086,0.19336845981855708,16.988034613182467,-0.9198604654848372,0.005122932984092671,22.533023142063342,1000000.0,957456.0468536288,0.08897400463574368,1.4195892976588629,False
ag24,ok,,0.2,1.9758578779496339,0.8178560975806306,3.8212813658074243,1.767839999999107,0.46263015746959213,0.46263015746959213,5.609080617109633,0.7526325196400445,0.07960142175884263,3.000000029970008,16.33849995233107,24.94758059941071,8.60908064707964,0.06723953536568202,28.163520562711675,31.292800312588206,0.55560865042246,24.876883800316303,2.39008445558285,0.005540829080152577,16.287508165927594,1000000.0,958043.3549253646,31.292800312620038,0.19173320878115568,16.76445906421154,-0.9332402953324704,0.005155152013232385,22.404984459699712,1000000.0,958043.3549263391,0.08414066448321955,1.4181060200668896,False
ag25,ok,,0.2,1.9793322478969042,0.8330589710916558,3.751545057493389,1.7678399999998387,0.471229846078679,0.471229846078679,5.5402291932391,0.7129568481759287,0.07930647869721084,3.0000000261433346,16.407351352120667,24.947580571503103,8.540229219382436,0.06747893005394466,28.163520490860684,31.29280027184349,0.5454690953007745,24.8663078876068,2.175789080735106,0.005398981826975086,16.307340924373527,1000000.0,975852.1246424229,31.292800272701378,0.18672877284977152,16.851259612568963,-1.1114603686564573,0.005265063595643084,21.833961722514122,1000000.0,975852.1246691757,0.07581896265030844,1.3739769230769232,False
ag26,ok,,0.2,1.984965409261021,0.8283902027464928,3.772688589553849,1.7678399999999697,0.46858890100150863,0.46858890100150863,5.428597374401176,0.653968886409701,0.07939591719587841,3.00000002997,16.51898319489155,24.947580599262725,8.428597404371175,0.06786707159564132,28.163520562707266,31.29280031260974,0.5485433327308668,24.833305385226012,2.184090990222836,0.0053812943343013,16.330700554169496,1000000.0,970383.0923000108,31.292800312615224,0.18532662484212417,16.873049089189415,-1.1456337821961762,0.005456375441978259,21.36034341943999,1000000.0,970383.0923001809,0.06843191505189189,1.3873565217391304,False
ag27,ok,,0.2,1.9911583907344332,0.8182538995088424,3.819423613472,1.7678399999998917,0.46285517892393685,0.46285517892393685,5.305871540232537,0.5903697690889919,0.07959357353984653,3.000000029969998,16.641709029069666,24.9475805992722,8.305871570202534,0.06829378659810303,28.1635205627076,31.29280031261083,0.5553385359836378,24.836290254341854,2.2379954507254256,0.005482575136560688,16.314092371345378,1000000.0,958509.3433739999,31.292800312615615,0.18489049627502419,16.863554912743915,-1.1778642537211097,0.005640776861197184,20.995366397967302,1000000.0,958509.3433741464,0.06113226341409845,1.4169304347826086,False
ag35,ok,,0.2,1.9731778325263256,0.8069479968531854,3.8729363946465996,1.7678399999999637,0.45645985884084644,0.45645985884084644,5.662190869539055,0.7890152295971975,0.07981989597361216,3.0000000299700007,16.285389699753612,24.947580599262665,8.662190899509056,0.06705487219589036,28.16352056270737,31.292800312605465,0.563119215102153,24.74334520430651,1.2719556186848777,0.005914813971692369,16.14781874724746,1000000.0,945265.5160761488,31.292800312615327,0.19552381526472357,16.490281935391632,-1.9657332138678072,0.005473409681517776,21.810792781486615,1000000.0,945265.5160764469,0.08722612124722226,1.4507933110367894,False
ag36,ok,,0.2,1.9739355212075236,0.8238522150887809,3.793469518393188,1.7678399999999996,0.4660219335962424,0.4660219335962424,5.647175811624687,0.7792077230080672,0.07948380695313494,3.00000002997,16.30040475766128,24.947580599255968,8.647175841594688,0.06710707921909154,28.163520562707127,31.292800312606694,0.5515648490029452,25.06836442975119,1.3939173365067339,0.005870656502346615,16.111402103256648,1000000.0,965067.2562584919,31.292800312615068,0.19117999111748654,16.879606948927947,-1.8192884241195546,0.005283827307990735,21.996241496235086,1000000.0,965067.2562587501,0.08174253961069017,1.4005066889632107,False
ag37,ok,,0.2,1.9816172221161934,0.7871856188133726,3.9701668715837393,1.7678399999999992,0.4452810315488805,0.4452810315488805,5.494948139710646,0.7039262393690766,0.08023111804354566,3.00000002997,16.452632429577967,24.947580599258615,8.494948169680645,0.0676363714568016,28.16352056270713,31.292800312609195,0.5772563824287689,25.19647386963374,1.8031566293187025,0.006201703186242952,16.085544548451484,1000000.0,922115.7040071307,31.29280031261507,0.19656266986842036,16.92134693181039,-1.6237563317133203,0.005412277236267691,22.1999391655727,1000000.0,922115.7040073038,0.0773968750059376,1.5123207357859532,False
ag38,ok,,0.21,1.9843975173480846,0.7910219257181174,3.9509123122758574,1.7678399999999628,0.44745108478037265,0.44745108478037265,5.439851244456885,0.6771612770664837,0.08014967509995923,3.00000002997,16.50772932483932,24.947580599266207,8.439851274426886,0.06782794213916418,28.163520562707298,31.29280031260945,0.5744567980257157,25.127813938175112,2.0444744595615507,0.006288853261353954,16.032916268342408,1000000.0,926609.585447203,31.292800312615256,0.19434068644955566,16.515070598832995,-1.4030422232964277,0.0049469989135017935,23.335983491256695,1000000.0,926609.5854473748,0.07039610803973541,1.5001364548494982,False
ag44ct02r,ok,,0.2,1.9828013701764482,0.818532332800852,3.818124392107256,1.7678399999986956,0.4630126780712372,0.4630126780712372,5.471481674325649,0.6797800631118437,0.07958795942615224,3.0000000190424023,16.47609882747116,24.94758052083921,8.471481693368052,0.06771796331253169,28.163520357545696,31.292800196579694,0.5551496334806548,25.365363383737904,3.222879358525902,0.006223739836604633,15.965481372333764,1000000.0,958835.4988661573,31.29280019864296,0.18851286811045825,16.614527911816662,-0.006805663199887209,0.004436067316693422,24.393759813128305,1000000.0,958835.4989293774,0.07288244929396161,1.4161083612040135,False
ag455ct02r,ok,,0.2,1.988682260083793,0.8170194413206927,3.82519449052622,1.7678399999979422,0.46215689277403144,0.46215689277403144,5.354940723014388,0.617155635425857,0.07961794022993524,3.000000026017519,16.59263982204941,24.947580571081318,8.354940749031908,0.06812317394942578,28.1635204885031,31.29280027087944,0.5561776138117106,24.975000541837822,3.397311542969093,0.006375001853033196,15.901695516337053,1000000.0,957063.2876307333,31.292800271394213,0.1862637940345525,15.871196665187101,0.10950628508932378,0.004411982832898318,24.44467637901616,1000000.0,957063.2876464772,0.0647310605166749,1.4205822742474916,False
ag45c03,ok,,0.2,1.9879315369420791,0.8082913856209851,3.866499533702847,1.7678399999998775,0.45721976288637045,0.45721976288637045,5.369817851901526,0.6235410916024662,0.07979267062213916,3.0000000299700007,16.577762717404642,24.94758059927617,8.369817881871526,0.0680714466912485,28.163520562707582,31.292800312609327,0.5621833050553455,25.30201419499223,4.272577824602793,0.006167162237175365,16.02712382487191,1000000.0,946839.1727206522,31.29280031261556,0.18861034883971553,16.676444859286534,0.9537329695216039,0.00470245899052723,23.70524258195049,1000000.0,946839.1727208409,0.06928139148981188,1.446720066889632,False
ag45ct02r,ok,,0.2,1.9851698239128162,0.8241740758938811,3.791988072675437,1.7678399999994054,0.4662039980395049,0.4662039980395049,5.424546504259419,0.6525052127413677,0.079477536747835,3.000000029937186,16.523034064900795,24.9475805990974,8.424546534196605,0.06788115637989615,28.163520562093257,31.29280031225266,0.5513494489974688,25.415195790162258,3.3574905773857333,0.006235958976245879,15.940176288228132,1000000.0,965444.2866404644,31.292800312275265,0.18618515215172587,16.639137095897773,0.11443150848916707,0.004419472309284274,24.32947283243172,1000000.0,965444.2866411619,0.06894343319610685,1.399569230769231,False
ag46c03,ok,,0.2,1.989502099318134,0.8325806346855361,3.753700404982699,1.7678399999999574,0.47095926932615856,0.47095926932615856,5.3386941389328175,0.6063087769590852,0.07931561007847988,3.00000002997,16.608886430361572,24.94758059926439,8.338694168902817,0.06817966315064655,28.163520562707276,31.292800312611075,0.5457824788199268,25.592499980908748,4.404221026321024,0.006466651287263,15.804626846031457,1000000.0,975291.7987159485,31.292800312615235,0.1824270355802496,16.629265124490228,1.1309141027885798,0.004310676476693348,24.498958355008416,1000000.0,975291.7987160782,0.06024662136272416,1.3753408026755851,False
ag46ct02r,ok,,0.2,1.9889092118091796,0.8330129593054721,3.7517522755056474,1.7678399999999996,0.47120381895729946,0.47120381895729946,5.350443344772008,0.6130021524688544,0.0793073710120513,3.00000002997,16.59713722451874,24.947580599260746,8.350443374742007,0.06813881142261743,28.163520562707127,31.29280031261156,0.5454992236795395,25.510051775953492,3.430906685225196,0.006460636041910971,15.80584456314651,1000000.0,975798.2273291472,31.292800312615068,0.18258926392388033,16.499624365269828,0.14565782685702883,0.004283294891478691,24.587348597822146,1000000.0,975798.2273292565,0.06083293485389402,1.374108026755853,False
ag47c03,ok,,0.2,1.9749097398502249,0.8567571815776809,3.6477759776054306,1.7678399999999994,0.48463502442397566,0.48463502442397566,5.3074537982355645,0.563574302378654,0.10623806196541467,3.00000002997,16.319710773045045,24.62716460125061,8.307453828205563,0.06717420580622958,28.163520562707127,31.292800312607014,0.5235692355947982,25.508338190464276,4.552736321533976,0.007031124988860879,15.57803382543598,1000000.0,1003612.4044599889,31.292800312615068,0.17661502332873322,16.793996359719696,1.3883322508127895,0.004871976975397729,22.366678082125286,1000000.0,1003612.4044602473,0.05059264283555285,1.2786648829431437,False
ag47ct02r,ok,,0.2,1.9508298059226619,0.8567571816015063,3.647775977503991,1.7678399999999996,0.4846350244374527,0.4846350244374527,5.308930939694637,0.5659272686204787,0.10623806207761888,3.00000002997,15.842520587527233,24.15145155719187,8.308930969664637,0.06551502611881871,28.163520562707127,31.292800312598885,0.5134556590130777,24.99750074660734,3.5147131705222536,0.006940174845977261,15.797849779714065,1000000.0,1003612.4044876375,31.292800312615068,0.17664642709429593,16.508382054653758,0.43367003656170783,0.004173612726679435,24.537439319986436,1000000.0,1003612.4044881564,0.04991365017618022,1.2806394648829433,False
ag52,ok,,0.2,1.971429350475189,0.8346136285296235,3.7445569527846123,1.767839999999829,0.4721092567934339,0.4721092567934339,5.6968402963943205,0.8037953226038123,0.07927692374731095,3.0000000260474433,16.25074024803504,24.947580570476802,8.696840322441764,0.06693439671730077,28.163520489060364,31.29280027047784,0.5444530352502582,25.148144969195386,2.900444317440333,0.00580139539504789,16.10833492683546,1000000.0,977673.2630984489,31.29280027170126,0.18979881022437903,16.658101935238165,-0.20174688566002905,0.004483823489988301,24.066925716708248,1000000.0,977673.2631366719,0.08350729115371155,1.3695548494983276,False
ag53,ok,,0.2,1.973522989201542,0.8350268343674245,3.7427039910250812,1.7678399999999999,0.47234299165502797,0.47234299165502797,5.655350926434184,0.7804587651420107,0.079269102840452,3.00000002997,16.29222964285164,24.947580599255826,8.655350956404185,0.0670786545262834,28.163520562707127,31.292800312606555,0.5441836165186521,25.204047360388,2.9313161196232302,0.005845710316175591,16.085867171884498,1000000.0,978157.297129242,31.292800312615068,0.18879987848730068,16.682046690287414,-0.2017959733435218,0.0044614104257501295,24.112911158990233,1000000.0,978157.297129508,0.08077419359962494,1.3683822742474916,False
ag54,ok,,0.2,1.9753374744922105,0.8530812396603893,3.6634943077771176,1.7678399999907468,0.48255568358270795,0.48255568358270795,5.619392839563932,0.7561019169545957,0.07893399833777391,3.000000008834076,16.32818759736797,24.94758044576598,8.619392848398007,0.06720367897707888,28.163520165895672,31.292800086420442,0.5326666503117528,25.298446849574344,2.862791513340518,0.005811055082013153,16.042719227380353,1000000.0,999306.3686665104,31.292800092180862,0.18403640883837183,16.78415188355178,-0.2223672932705342,0.004448330272360079,23.8447251114727,1000000.0,999306.368850464,0.0753248999254249,1.3182585284280934,False
ag55,ok,,0.2,1.9873064695145342,0.8159387343001326,3.8302609426682737,1.7678399999999956,0.46154557782386113,0.46154557782386113,5.382204764683567,0.6340136366967031,0.07963940994329773,3.00000002997,16.565375804607093,24.94758059926066,8.382204794653568,0.06802837767028945,28.16352056270714,31.292800312610968,0.5569142675962123,25.30823765334884,3.097564487747444,0.006114799364191011,16.02461575308529,1000000.0,955797.3398193853,31.292800312615086,0.1871191246574422,16.888670160019362,-0.2798122789781309,0.005084486934669316,22.496875220593516,1000000.0,955797.3398195112,0.06565847036159636,1.4237882943143811,False
ah21-7,ok,,0.2,1.9705505537033998,0.7920472397898983,3.945797811793411,1.7678399999999976,0.4480310660409875,0.4480310660409875,5.714255450468639,0.8319249933633406,0.08012805311256259,3.00000002997,16.23332511881663,24.947580599255268,8.714255480438638,0.06687384480315486,28.163520562707138,31.292800312605515,0.5737131572313025,24.56862693427637,2.153386044260395,0.005013979303501719,16.621309999744867,1000000.0,927810.646778135,31.292800312615082,0.20039951388106658,16.926464970402886,-1.5173629783506717,0.005530953141489388,21.947997083344475,1000000.0,927810.6467784186,0.08976669058288961,1.4969,False
ah21-9,ok,,0.2,1.9607264464820924,0.8567571814491908,3.6477759781429637,1.7678399999976895,0.48463502435192696,0.48463502435192696,5.6857237915316405,0.7847796655632248,0.10623806133664677,3.000000029889548,16.038641548683433,24.72436537010462,8.685723821421188,0.06619693434691284,28.163520561224335,31.292800311589826,0.5256357071455056,24.381580339637424,2.126213722085261,0.005174441523789621,16.445135797802934,1000000.0,1003612.4042781631,31.292800311806705,0.18465697762191896,16.51214529344294,-0.9480466115402166,0.004946491748002904,22.375739490225207,1000000.0,1003612.4042851188,0.06999736928370706,1.2876585284280937,False
ah63k127,ok,,0.2,1.9404239021893628,0.8506076356951259,3.674147908448893,1.767839999999973,0.4811564596881725,0.4811564596881725,6.311272970043297,1.1486662348988015,0.0789791564283467,3.0000000299700007,15.636307599240359,24.94758059925366,9.311273000013298,0.06479802813388148,28.163520562707824,31.292800312593005,0.5342156636591281,24.710645090861096,0.6659676974792896,0.006486363755684788,15.731667694851039,1000000.0,996408.7758676586,31.29280031261583,0.19938718567975416,17.908051207459597,-2.4064661698182737,0.008954885390924646,15.59933965896074,1000000.0,996408.7758683854,0.12701847771500313,1.325,False
ah6407,ok,,0.2,1.9928010462019694,0.7510900299958896,4.160963587304043,1.7678399999999994,0.4248631267512274,0.4248631267512274,5.273319164055615,0.5907192898400325,0.08103805973249015,3.00000002997,16.674261405236457,24.94758059926207,8.273319194025614,0.06840697048778384,28.163520562707127,31.292800312612798,0.6049979422821067,24.9737833726202,-0.7779838101836596,0.007119469680077557,15.824796680166632,1000000.0,879833.0345852993,31.292800312615068,0.20063432878039814,17.938259957802405,-4.317146400979411,0.009879969683922487,15.08355280037619,1000000.0,879833.0345853632,0.06851859978353686,1.633056856187291,False
ah7476,failed,too few converged polar points,0.01,,,,,,,,,,,,,,,,,,,,,,,,,,,,,,,,,,
ah79100a,ok,,0.2,1.9722465261502302,0.7896753874095362,3.9576493270826685,1.7678399999986132,0.4466893991595143,0.4466893991595143,5.680646362603822,0.7897521254731507,0.08017796083174575,3.0000000250554337,16.266934175757182,24.947580563416437,8.680646387659255,0.066990702618384,28.16352047044387,31.292800259837236,0.5754363511092924,24.826881382020684,0.8264657842957243,0.00576964807588215,16.273189509422185,1000000.0,925032.2378456348,31.29280026136385,0.2002262090844311,17.121271525204932,-2.5662951679546966,0.0062670223311143015,20.328077786896223,1000000.0,925032.2378907624,0.0999843154362416,1.5043996655518395,False
ah79100b,failed,Maximum_Iterations_Exceeded,1.2,,,,,,,,,,,,,,,,,,,,,,,,,,,,,,,,,,
ah79100c,failed,Maximum_Iterations_Exceeded,1.19,,,,,,,,,,,,,,,,,,,,,,,,,,,,,,,,,,
ah79k132,ok,,0.2,1.8925568065708782,0.8567571811629673,3.647775979351506,1.7678399999952423,0.48463502419069204,0.48463502419069204,6.492375544069992,1.2249852052714423,0.10623806023936885,3.0000000297913036,14.687729076723514,24.18010465058481,9.492375573861295,0.06149984165259727,28.16352055939039,31.292800310329753,0.5140648191326654,23.763298737702033,1.217734254390204,0.006273818396648329,16.116931771050723,1000000.0,1003612.4039038551,31.29280031079377,0.2018062536477578,17.571763745254096,-1.8434299144457778,0.008190592527213344,16.62428642823451,1000000.0,1003612.4039187368,0.13196385750156936,1.2373,False
ah79k135,ok,,0.2,1.8761866687608817,0.8567571815648685,3.6477759776579486,1.767839999999507,0.4846350244168632,0.4846350244168632,6.524972961183989,1.2414281193003012,0.10623806189679118,3.000000029970005,14.363323319924131,23.88829631107813,9.524972991153994,0.060371890038954074,28.16352056270978,31.292800312556487,0.5078610242791278,23.603812701061994,1.6445539246622816,0.006110102640209382,16.320730649277266,1000000.0,1003612.4044436396,31.292800312617963,0.2024992689518519,16.874034448822286,-1.1157171809063011,0.00607577769874721,20.145984444276454,1000000.0,1003612.4044456112,0.13484539234149404,1.2103,False
ah79k143,ok,,0.2,1.8466197911033602,0.8567571815659865,3.6477759776552148,1.7678399999999979,0.484635024417361,0.484635024417361,6.645084894146685,1.3130191658864048,0.10623806189121932,3.00000002997,13.777398795497941,23.422483719614625,9.645084924116684,0.05833464346772435,28.16352056270713,31.29280031255834,0.4979579296105012,23.497170317171673,1.7364987570302728,0.007119665902007091,15.979989242352575,1000000.0,1003612.4044447299,31.29280031261507,0.2050528277533245,16.866173814683382,-0.924387433593556,0.006345789344039234,19.674034576616755,1000000.0,1003612.4044465494,0.1427353236296067,1.1672,False
ah80129,ok,,0.2,1.8383032437689866,0.856757181566049,3.6477759776549195,1.7678399999999908,0.4846350244173983,0.4846350244173983,6.427300095917024,1.1913125589513478,0.1062380618922861,3.00000002997,13.612590421135515,23.039890547022537,9.427300125887024,0.057761608406743964,28.163520562707152,31.292800312554565,0.48982406531217343,22.19678617469543,1.157912241902885,0.005487086204278949,17.037498956933597,1000000.0,1003612.404444686,31.2928003126151,0.20042276082595434,17.05540247738686,-1.37914606475048,0.0072042380168026035,18.057839121647973,1000000.0,1003612.4044466276,0.1285969397363465,1.1318,False
ah80136,ok,,0.2,1.9402108749220508,0.8522938945817654,3.666878626572351,1.7678399999999954,0.4821103123482711,0.4821103123482711,6.3154945148922454,1.1242433862676415,0.07894841240556255,3.00000002997,15.632086054383477,24.94758059924572,9.315494544862245,0.06478334991608346,28.163520562707184,31.292800312594885,0.5331587208416002,25.025609999022063,3.1896277527130663,0.006231050296888114,15.84503498664344,1000000.0,998384.0733874129,31.292800312615135,0.19908291851311513,17.08825394275985,0.8251266670997546,0.005963349881244102,20.34337998705874,1000000.0,998384.0733880589,0.1354874704567231,1.3204,False
ah80140,ok,,0.2,1.950699773772064,0.7886646179858969,3.9627215350105454,1.767839999998184,0.4461176452544954,0.4461176452544954,6.1076365960868975,1.0121475552703028,0.0801993326217526,3.000000021821343,15.839943920146911,24.947580538055153,9.107636617908241,0.06550606688777542,28.16352040974403,31.29280022307681,0.5761738433919462,24.70697200377897,1.9850719984091623,0.006703924639374057,15.858050606209604,1000000.0,923848.2131519009,31.292800227654173,0.2103443251600369,17.794469382634695,-1.1773176239907999,0.009163359084738146,16.041811932649804,1000000.0,923848.213287037,0.13960680600914435,1.507609364548495,False
ah81131,ok,,0.2,1.8480941762604899,0.8567571815667598,3.6477759776519294,1.7678399999999996,0.484635024417798,0.484635024417798,6.433216704803222,1.1915205816880416,0.10623806189629874,3.00000002997,13.806616571957436,23.23983330673066,9.433216734773222,0.05843623302820606,28.163520562707127,31.29280031255902,0.49407481360359407,23.003858673916422,2.634761514802142,0.006365643328075596,16.450612517238728,1000000.0,1003612.4044456566,31.292800312615068,0.20054854690153326,16.71245343168154,0.6054908902836873,0.0060080266412309916,20.241864006466166,1000000.0,1003612.4044474543,0.1304896035924435,1.1503,False
ah81k144,ok,,0.2,1.9334509966705324,0.8250574689261729,3.787927972662788,1.7678399999999461,0.46670369995372774,0.46670369995372774,6.449454498455652,1.2250169680969363,0.07946036251662206,3.0000000299627505,15.498126070817072,24.947580599235472,9.449454528418403,0.0643175740252467,28.163520562573275,31.29280031250395,0.55075911646421,24.709342044676067,1.2503032960859435,0.006764771945551114,15.696901780691128,1000000.0,966479.1005068335,31.292800312541964,0.20861234244368382,17.257712953897652,-2.0997130366744763,0.007879484469494758,17.467550908277847,1000000.0,966479.1005080076,0.14458309165097302,1.397,False
ah81k144wfKlappe,failed,airfoil 'ah81k144wfKlappe' not found in the aerosandbox UIUC database,0.0,,,,,,,,,,,,,,,,,,,,,,,,,,,,,,,,,,
ah82150a,ok,,0.2,1.905140270865819,0.8567571815705499,3.6477759776357614,1.767839999999992,0.484635024419944,0.484635024419944,6.703418756152931,1.3397064988297622,0.10623806191813606,3.00000002997,14.937094610214348,24.64051339633728,9.703418786122931,0.06236688008479687,28.163520562707205,31.292800312581896,0.5238530286615564,24.782164208420987,0.5702521587163858,0.006848940135020037,15.657926797850825,1000000.0,1003612.4044508344,31.292800312615157,0.2062929955114768,17.182113884450906,-2.214079655891803,0.006504666536791593,19.405129032088837,1000000.0,1003612.4044519012,0.1499783090740167,1.2799,False
ah82150f,ok,,0.2,1.8246615626915428,0.8567571813755267,3.6477759784519144,1.7678399999965542,0.4846350243105692,0.4846350243105692,6.789501818532025,1.4014994467466646,0.10623806124849487,3.0000000299022007,13.342254285295322,23.131756133729546,9.789501848434226,0.05682165565853973,28.16352056145032,31.292800311599883,0.491777111845485,23.453089722862792,0.6881490214919839,0.00816591653211717,15.555443111677459,1000000.0,1003612.4041928394,31.29280031192582,0.20812310649889232,17.17008631782492,-1.9805190609886372,0.007645004767234923,17.570957357230963,1000000.0,1003612.4042032928,0.14994899877149878,1.1403,False
ah83150q,ok,,0.2,1.933802705522516,0.8137860159461889,3.840393179975934,1.7678399999998673,0.4603278667448695,0.4603278667448695,6.442484489283673,1.2150113655090315,0.07968215056581014,3.000000021908722,15.505096025564175,24.94758053675657,9.442484511192394,0.06434180819022155,28.16352041136071,31.29280022251352,0.5583874817036979,25.002661227163802,1.408914849185383,0.00763397589391753,15.362004038975858,1000000.0,953275.6251011201,31.292800228539036,0.21134575103803221,17.82611948043089,-1.77568254296946,0.009429271524471903,15.605716060356645,1000000.0,953275.625284676,0.15002846202134337,1.4302,False
ah83159,ok,,0.2,1.9006933810501538,0.8567571815700129,3.647775977638061,1.7678399999999954,0.4846350244196393,0.4846350244196393,6.827207892420227,1.4086949694525934,0.10623806191406855,3.00000002997,14.848970939173629,24.676178861563855,9.827207922390226,0.062060476035828115,28.163520562707195,31.29280031258022,0.5246112702487549,25.272218458096766,0.7723676582319202,0.007762693815660042,15.229553090906224,1000000.0,1003612.4044501496,31.292800312615142,0.20892473101589035,17.118870795180936,-1.9981285178873178,0.006283027112957291,19.868908973580403,1000000.0,1003612.4044512697,0.15942,1.2832,False
ah85l120,ok,,0.2,1.6397205294006476,0.856757181525305,3.6477759778281795,1.767839999999939,0.4846350243943652,0.4846350243943652,6.362662398863403,1.1639063505762106,0.10623806157150284,3.00000002997,9.677292151833132,19.039954580666535,9.362662428833403,0.04407866363862229,28.163520562707152,31.2928003124383,0.4047861224661467,19.88427946147389,4.366986392947009,0.0088050604311699,16.393643788961366,1000000.0,1003612.4043932589,31.2928003126151,0.1990485746395794,15.77447007116398,1.8016818403228945,0.005560449911235745,21.171053053290844,1000000.0,1003612.404398929,0.12103861179361179,0.7617,False
ah88k130,ok,,0.2,1.938924079566903,0.8416502517425664,3.7132505564269884,1.7678399999999999,0.4760896075111811,0.4760896075111811,6.340994838774079,1.1743671413603396,0.07914453457537184,3.00000002997,15.606585730499836,24.947580599243913,9.34099486874408,0.06469468585572785,28.163520562707127,31.29280031259471,0.5399011307553229,24.72352245979018,-0.12087344726031295,0.00647704473869875,15.767665240252187,1000000.0,985916.0226820847,31.292800312615068,0.20215241602068934,17.987617356435084,-3.1368783223200523,0.009031001539585479,15.642421123280291,1000000.0,985916.022682726,0.12996445945945945,1.3497441471571907,False
ah88k136,ok,,0.2,1.8563161717613816,0.8567571815670827,3.6477759776505057,1.7678399999999879,0.48463502441798384,0.48463502441798384,6.576140440550556,1.2808512359372901,0.10623806189637487,3.0000000299700007,13.969551219959582,23.54569169048014,9.576140470520556,0.059002753184203796,28.163520562707216,31.29280031256205,0.5005773096386986,23.967924108026217,1.6197768597700717,0.007868422128297135,15.56342677356787,1000000.0,1003612.4044461387,31.292800312615157,0.2035870806622908,17.01348544389151,0.015820174397396275,0.006786048287253125,18.84246340397638,1000000.0,1003612.4044478419,0.13540826503207648,1.1786,False
ah93156,ok,,0.2,1.8534747630685073,0.8567571815658113,3.6477759776559315,1.7678399999999908,0.48463502441726386,0.48463502441726386,6.8604912397121005,1.428214280216151,0.10623806188675658,3.00000002997,13.913243243975774,23.773734513657875,9.8604912696821,0.05880697160103867,28.163520562707216,31.29280031256085,0.5054254603928953,23.927928489063557,1.0357201086573145,0.007313702709006407,15.754244518079485,1000000.0,1003612.4044446092,31.29280031261517,0.20963232919080055,17.323738318789996,-1.8215083395045921,0.007164041994116873,18.348740397805685,1000000.0,1003612.4044463513,0.1566299106699752,1.1997,False
ah93157,ok,,0.2,1.8877722022492005,0.8567571815683261,3.647775977645178,1.7678399999999796,0.4846350244186895,0.4846350244186895,6.862788470357477,1.428115731365929,0.10623806190201034,3.00000002997,14.592912939692415,24.45570144001989,9.862788500327476,0.061170168052905816,28.163520562707287,31.292800312574744,0.5199239586193314,24.6291449031844,1.1775946464881712,0.007289563966752831,15.520541090274394,1000000.0,1003612.4044480072,31.29280031261525,0.20968116791410785,17.263784316858985,-1.8648308734235461,0.007056971290430638,18.5233917202977,1000000.0,1003612.4044493062,0.1568382147623286,1.2628,False
ah93k130,ok,,0.2,1.9350550404795368,0.8460227382706607,3.6940594197128567,1.7678399999999996,0.47856295720803965,0.47856295720803965,6.4176672866884426,1.2150166103354503,0.07906336892174097,3.00000002997,15.529913282584078,24.94758059924252,9.417667316658441,0.06442809745549105,28.163520562707127,31.29280031259333,0.5371107679034414,25.084874510926657,1.8833625671794283,0.0066693060917479945,15.663863571189207,1000000.0,991037.9893399067,31.292800312615068,0.20275835984095794,17.18649173504693,-0.16036938614804788,0.006529695472244944,19.373511630932835,1000000.0,991037.9893405952,0.1305256731181721,1.3376,False
ah93k131,ok,,0.2,1.9278769792400474,0.8567571815746086,3.647775977618485,1.767839999999993,0.48463502442223955,0.48463502442223955,6.501424652535172,1.235187923573477,0.10623806191901664,3.0000000299700007,15.387666198982474,24.889090881487647,9.501424682505172,0.06393350750190581,28.16352056270742,31.29280031258933,0.5291377427537618,25.09980391511178,1.8986182052305556,0.0065654151216729935,15.695777107164231,1000000.0,1003612.4044558265,31.292800312615384,0.20199863600388723,17.097134474218436,-0.07508629338258845,0.005932092923202333,20.428095349631388,1000000.0,1003612.4044566622,0.13093057455509297,1.3029,False
ah93k132,ok,,0.2,1.9302303511394263,0.8556865439517938,3.6523400860848456,1.7678399999995866,0.4840294053488969,0.4840294053488969,6.5132772861660655,1.2514026600778356,0.0964087097892424,3.0000000184396294,15.434303027815561,24.947580332421257,9.513277304605694,0.0640956624153693,28.16352034628669,31.292800182945307,0.5310448373063054,25.047871315750406,2.2582557259064457,0.006710363363288103,15.610277885228392,1000000.0,1002358.2465920766,31.29280019242044,0.20250367883416545,17.447589961123136,-0.17588186936265432,0.007187199564849819,18.148383775184985,1000000.0,1002358.2468955801,0.13226274058577406,1.3112,False
ah93w145,ok,,0.2,1.9452514757188655,0.7842127082548663,3.985217572608212,1.7678399999999916,0.44359936886532153,0.44359936886532153,6.215605319329468,1.0846238948938463,0.08029476313901124,3.00000002997,15.73197524995146,24.947580599250927,9.215605349299468,0.06513066243278622,28.163520562707255,31.292800312596487,0.5794447320645049,24.863837572023403,1.0595555467923796,0.006922705338563744,15.780003229272662,1000000.0,918633.2121432293,31.29280031261521,0.21404616576686458,17.471751176969512,-2.105507906426019,0.00816843350291041,17.49534671426382,1000000.0,918633.2121437789,0.1448191919514532,1.5218448160535116,False
ah93w174,ok,,0.2,1.9305942703337804,0.7858565804469878,3.9768812062658827,1.7678399999999996,0.4445292449808738,0.4445292449808738,6.506066023154338,1.2270074714028096,0.08025951518665486,3.00000002997,15.441514546117066,24.947580599241405,9.506066053124338,0.064120737010138,28.16352056270713,31.292800312591712,0.5782326367463777,25.020411784343306,1.1952384414955586,0.007499323717615277,15.529494786245982,1000000.0,920558.8575404438,31.29280031261507,0.22033068966784836,17.41604379957055,-1.9214309200983526,0.008142524239748726,17.683251413964946,1000000.0,920558.857541131,0.1742373458958799,1.5165695652173912,False
ah93w215,ok,,0.2,1.8985949052053361,0.8085387318766536,3.8653167033150506,1.7678399999999994,0.45735967727659393,0.45735967727659393,7.140194963363453,1.5708936913854024,0.07978767228818455,3.00000002997,14.807385605895368,24.947580599228818,10.140194993333452,0.06191588475469278,28.163520562707138,31.2928003125797,0.5620113232692899,25.174090884637614,2.4803840846001766,0.007850800736185217,15.29208147001735,1000000.0,947128.9161565978,31.292800312615082,0.22843515361065497,17.496550667610723,-0.8832338670803972,0.007859403379478982,18.08079968110858,1000000.0,947128.9161576687,0.2121707952730757,1.4459715719063544,False
ah93w257,ok,,0.2,1.8960002371887343,0.7679614310059198,4.069551073035473,1.7678399999999996,0.4344066380475156,0.4344066380475156,7.191613298476448,1.5656963476510004,0.0806514464442527,3.00000002997,14.755967270781806,24.947580599228253,10.191613328446447,0.061737104344344894,28.163520562707127,31.292800312578745,0.5917066981101937,25.58373892719191,1.785597143078382,0.009518528912997447,14.812450807021492,1000000.0,899596.3323988868,31.292800312615068,0.24172467734860983,17.705001131523446,-0.9653345323859293,0.009193992159630593,16.93685196542084,1000000.0,899596.332399931,0.2567242455911169,1.5752110367892975,False
ah93w300,ok,,0.2,1.8607818700731489,0.773279668793164,4.041562699401501,1.7678399999999996,0.4374149633412323,0.4374149633412323,7.889532951732179,1.9482192554359106,0.080533073590232,3.00000002997,14.058047617510512,24.947580599212692,10.889532981702178,0.05931045319497971,28.16352056270713,31.29280031256444,0.5876372300409809,25.815816454519133,1.6700392655879348,0.011003950321161159,14.255175461287665,1000000.0,905826.1598547335,31.29280031261507,0.2565016263736843,17.890823011784324,-0.9864977821379335,0.01038190306876684,15.892821856748249,1000000.0,905826.1598561992,0.29982737583892616,1.5575,False
ah93w480b,ok,,0.2,1.6395549152808475,0.713082408912078,4.382744864465361,1.7678399999999996,0.40336365786048406,0.40336365786048406,10.21829348799527,3.339042512878444,0.08177787272613661,3.0000000299665164,11.729287080963829,24.947580598925615,13.218293517961786,0.05121340447865846,25.242591096397767,31.29280031250698,0.6372446114697126,34.806374006986104,1.3445505448230222,0.04022885055113908,8.729539780943645,1000000.0,835310.594848158,28.047323160281774,0.4202997671291648,23.76935092949205,-0.3228518079920068,0.04137940184804291,7.554618224909323,1000000.0,748677.8415145476,0.47833595193454176,1.7734,False
ah94145,ok,,0.2,1.9521555091266136,0.7428957413330612,4.20685984818273,1.7678399999999996,0.4202279286208375,0.4202279286208375,6.07878862404226,1.022585686854553,0.08123216934368409,3.00000002997,15.868791945236863,24.94758059924912,9.07878865401226,0.06560637104668059,28.163520562707127,31.292800312599343,0.6116711906315131,24.927428135569368,-0.5030168674068931,0.0074881881687575685,15.706875631364184,1000000.0,870234.1774938203,31.292800312615068,0.22259607272911708,17.731627800902984,-3.7236552787087156,0.009400592993077375,16.408064544882276,1000000.0,870234.1774942576,0.1456851370193597,1.6621,False
ah94156,ok,,0.2,1.8945255445421567,0.8567571815694702,3.6477759776403893,1.7678399999999996,0.48463502441933115,0.48463502441933115,6.828389003262244,1.409363013595807,0.10623806191436348,3.00000002997,14.726743400827718,24.555132434059963,9.828389033232245,0.06163549359691776,28.163520562707127,31.29280031257817,0.5220378442560882,24.9304679049971,1.331534836043185,0.007460333920441233,15.406884640192057,1000000.0,1003612.4044494457,31.292800312615068,0.20894984122707544,17.20130980748385,-1.5305245034066504,0.006630816885546454,19.233293295736427,1000000.0,1003612.4044506291,0.156056859375,1.272,False
ah94w301,ok,,0.2,1.8745064831262772,0.747546494489422,4.18068747380665,1.7678399999999994,0.42285868318932834,0.42285868318932834,7.617553357912415,1.7942689309253412,0.08112147842142797,3.00000002997,14.330027211336793,24.947580599219208,10.617553387882415,0.060256120208179414,28.163520562707127,31.29280031257016,0.607865766164738,25.779751958115746,2.737633787932707,0.010893029431073765,14.420789734578245,1000000.0,875682.1079663836,31.292800312615068,0.25870433404286197,17.97543715014758,0.002099814871201565,0.010617505575789572,15.8914445756715,1000000.0,875682.10796764,0.30091422599608103,1.645538127090301,False
ah95160,ok,,0.2,1.942270865082688,0.7521918275485212,4.154868679955712,1.7678399999999996,0.42548637181448623,0.42548637181448623,6.274671849436635,1.1263599863571765,0.08101228238892805,3.00000002997,15.672908719839006,24.94758059924564,9.274671879406636,0.06492528941812199,28.163520562707127,31.292800312595897,0.6041117517818263,24.909283069284502,-0.3892612642055937,0.007569639913123562,15.636139599365038,1000000.0,881123.689294001,31.292800312615068,0.2245884427138614,17.77452861900928,-3.578859117006624,0.009526219067857397,16.25114429176609,1000000.0,881123.6892945408,0.1599531173149262,1.6292,False
ames01,ok,,0.21,1.9628035663186707,0.787442864032281,3.968869880408084,1.7678399999999996,0.44542654540698323,0.44542654540698323,5.867776899421752,0.9120401828480416,0.08022563268341859,3.00000002997,16.079803669860663,24.947580599252415,8.867776929391752,0.06634005413138491,28.163520562707127,31.29280031260297,0.5770678018330475,25.749291520461146,4.138785704690564,0.008199890006211076,15.236055698864364,1000000.0,922417.0431707569,31.292800312615068,0.20512243740137645,17.002216173824625,1.2739931092965777,0.006468320240617694,20.075076506088323,1000000.0,922417.0431711135,0.10275,1.5115,False
ames02,ok,,0.2,1.976105347423907,0.8160264496833204,3.8298492246332616,1.767839999999971,0.46159519508741387,0.46159519508741387,5.604176533564223,0.7633310991494837,0.07963766790656118,3.0000000299700007,16.34340403572661,24.94758059926083,8.604176563534224,0.06725658675487863,28.163520562707284,31.292800312606648,0.5568544044038563,26.404837017553994,4.913430236654111,0.008987438803301592,14.800811467046893,1000000.0,955900.0903400934,31.292800312615235,0.1920536380914959,16.831675003776873,1.7651034854546093,0.005634877656364154,21.24232308127127,1000000.0,955900.0903403558,0.077352,1.4235277591973243,False
ames03,ok,,0.2,1.9640791331110234,0.7943058691540036,3.9345778332579027,1.7678399999999985,0.4493086869592295,0.4493086869592295,5.84249909109814,0.9001022746583662,0.0800806002339832,3.00000002997,16.105081478184996,24.947580599253136,8.84249912106814,0.06642794451007836,28.163520562707138,31.292800312603358,0.5720817889715514,26.017196068254542,4.48753585023903,0.00828286886891933,15.173890578975472,1000000.0,930456.4237795764,31.29280031261508,0.20277047291341802,17.10602337057361,1.4391453371735252,0.006019237464443865,20.871624903776084,1000000.0,930456.423779925,0.0999798,1.4898,False
amsoil1,ok,,0.2,1.9586336856504785,0.7736124053398372,4.039824392716553,1.7678399999999999,0.43760317977862095,0.43760317977862095,5.95041110164155,0.9636158123204276,0.08052572241202294,3.00000002997,15.997169467639521,24.94758059925107,8.950411131611549,0.06605273684370445,28.163520562707127,31.292800312601564,0.5873844828233195,25.146393156409935,3.206961749418703,0.0066776539718250375,15.925427852767909,1000000.0,906215.9301814485,31.292800312615068,0.21073516899474448,17.015029145278945,-0.2124090676103502,0.0060474519942923044,21.21056139351788,1000000.0,906215.9301818396,0.11624,1.5564,False
amsoil2,ok,,0.2,1.9551229689810867,0.787160783715024,3.970292131234312,1.7678399999999983,0.44526698327621544,0.44526698327621544,6.019982701953504,1.0001475161463322,0.08023164731428625,3.00000002997,15.927597867326725,24.94758059925023,9.019982731923504,0.06581083793303331,28.163520562707138,31.292800312600306,0.5772745949965518,26.51363413872079,4.065605657296974,0.009501611862623622,14.731090175143178,1000000.0,922086.6119685362,31.292800312615082,0.20871790984807906,16.840809523124204,0.6643360820765347,0.0054323966159573476,22.41134353404983,1000000.0,922086.6119689717,0.11761908272181454,1.5124,False
apex16_NASA_CR-201062,failed,airfoil 'apex16_NASA_CR-201062' not found in the aerosandbox UIUC database,0.0,,,,,,,,,,,,,,,,,,,,,,,,,,,,,,,,,,
apex16,ok,,0.2,1.9411688348402452,0.8414511989925721,3.7141289588054995,1.7678399999999777,0.4759770109243952,0.4759770109243952,6.296510697397474,1.13924397966374,0.07914824933591745,3.00000002997,15.651069871883513,24.947580599250983,9.296510727367473,0.06484935622832586,28.16352056270758,31.292800312593926,0.5400288491601342,24.373911501621738,1.2956045321814773,0.005632788445108917,16.166909999743456,1000000.0,985682.8506546514,31.29280031261557,0.20123730913801122,17.662887853978564,-2.156177430073376,0.008209434400732256,16.678452548123254,1000000.0,985682.8506553331,0.12918326747864356,1.3503,False
aquilasm,ok,,0.2,1.9705357464103141,0.8006356844919627,3.9034711119350676,1.7678399999996424,0.45288922328498316,0.45288922328498316,5.7145486672231085,0.8180257797589536,0.07994879231814726,3.0000000219298535,16.233031851213827,24.94758054036679,8.714548689152963,0.06687282490553056,28.16352041176248,31.292800226166342,0.5675589195567957,23.966053334194534,1.374715892505912,0.0055931753367496504,16.318804369642283,1000000.0,937871.2189028271,31.29280022876503,0.1982564934313177,18.370455307168562,-1.793074849128784,0.011462359950559015,13.196263564937787,1000000.0,937871.218980712,0.09381503499999999,1.4701157190635452,False
arad10,ok,,0.2,1.9805755152114268,0.6890090767708363,4.535873867216782,1.7678399999999996,0.3897462874303311,0.3897462874303311,5.5155915647561145,0.7319578247443574,0.07881050028984798,3.00000002997,16.43198900453219,24.947580599258306,8.515591594726114,0.06756459472594248,28.163520562707127,31.29280031260887,0.6595093416560319,25.133516883112364,1.9166883496055898,0.0075890669413137745,15.89033190582535,1000000.0,807110.8957142485,31.292800312615068,0.2251165071539723,17.42888079220994,-1.8863013378528302,0.008421878630573447,18.193625376417533,1000000.0,807110.8957144085,0.09999999999999999,1.8703,False
arad13,ok,,0.2,1.96638514766023,0.6933328961662517,4.5075868790893265,1.7678399999999996,0.3921921079771087,0.3921921079771087,5.796800979390861,0.8733892742647211,0.07934231781151288,3.00000002997,16.150779589892956,24.94758059925382,8.79680100936086,0.06658683583056237,28.163520562707127,31.292800312604182,0.655396455481694,25.302723204450604,2.6056481821062842,0.00851811074450729,15.522867015326703,1000000.0,812175.8532927642,31.292800312615068,0.23110025351642038,17.607632204559042,-1.0492122279030005,0.00938416572436267,17.02439698082833,1000000.0,812175.8532930467,0.13,1.8524,False
arad20,ok,,0.2,1.939339059565988,0.6826353087529158,4.578225335735169,1.7678399999999996,0.38614088874158065,0.38614088874158065,6.332771212275808,1.1361968802668014,0.07802745917998874,3.00000002997,15.614809356999196,24.947580599245004,9.332771242245808,0.0647232792226048,28.163520562707127,31.292800312594856,0.665667182446904,25.652293275500117,2.4722711420324885,0.01011644335894146,15.010134224021733,1000000.0,799644.6114696704,31.292800312615068,0.2490229267934368,17.56044610299082,-0.8841281476534883,0.009754649769215789,17.120577509647596,1000000.0,799644.611470187,0.2,1.8971,False
arad6,ok,,1.14,1.7225024056910612,0.7203595524764319,4.338469941650767,1.7678399999999994,0.40748006181353075,0.40748006181353075,5.2111744321305835,0.573580285638146,0.08175333995511025,3.000000007778997,16.736406013429008,24.94758045333859,8.21117443990958,0.06862304539675963,20.462640444407995,31.292800113008358,0.6308071076353738,27.145438179551657,0.1041279536726118,0.006899514793811011,16.035456227215292,1000000.0,843835.0952529355,22.736267101498207,0.393300004616786,12.76112598740577,-1.9999999594160631,0.00757999997651771,19.47983320008432,1000000.0,613101.4177703286,0.060239,1.7469588628762542,False
as5045,ok,,0.2,1.9466126893993974,0.768740866438472,4.0654249071980555,1.7678399999999936,0.4348475350928108,0.4348475350928108,6.188630253258134,1.0722976862482003,0.08063394608670914,3.00000002997,15.75895031602493,24.947580599253065,9.188630283228134,0.06522445413901602,28.163520562707205,31.292800312597127,0.5911067597089832,25.024989217790477,2.885645470933009,0.0069866562255390344,15.811820402604104,1000000.0,900509.3694715373,31.292800312615157,0.2177149584211619,17.267926244236563,-0.24862735364246377,0.007247592164867217,19.146158964685686,1000000.0,900509.3694720562,0.14992657411916854,1.5726,False
as5046,ok,,0.2,1.9352353695196784,0.7870981266376464,3.970608187000151,1.7678399999999774,0.44523154054533015,0.44523154054533015,6.41409372008396,1.1957665248649514,0.08023295696905663,3.000000029970001,15.533486849205747,24.94758059925971,9.414093750053961,0.06444052266734297,28.16352056270752,31.292800312591794,0.5773205490369769,25.00633759414559,2.670463580908957,0.007162677751758776,15.666377087625476,1000000.0,922013.2149528577,31.292800312615498,0.2178547835863167,17.197446929350786,-0.366642755881476,0.007294109950906695,18.90834435317461,1000000.0,922013.2149535562,0.15992197950029252,1.5126,False
as5048,ok,,0.2,1.9163405252398427,0.8056637377377692,3.879110004845212,1.7678399999998782,0.45573340219580094,0.45573340219580094,6.788531103444239,1.4052045769256318,0.07984575233821455,3.0000000198120707,15.15904939509994,24.94758051835625,9.788531123256309,0.06313861167851124,28.16352037199615,31.292800196906928,0.5640168512132959,25.118065065737795,2.4496663236672362,0.007537680144603009,15.43484067730124,1000000.0,943761.1209033038,31.29280020667067,0.2212998769362182,17.43701528581928,-0.49572380344990186,0.007754628173622705,18.109947333334425,1000000.0,943761.121197769,0.17982365642829512,1.4547,False
as6091,failed,Maximum_Iterations_Exceeded,1.36,,,,,,,,,,,,,,,,,,,,,,,,,,,,,,,,,,
as6092,ok,,0.2,1.312413093241796,0.8567571815852597,3.647775977572007,1.7678399999997194,0.4846350244283395,0.4846350244283395,5.015476001513355,0.39657932880244173,0.10623806205492856,3.000000029970022,3.1910660412700604,11.206542072753438,8.015476031483377,0.02152619936495756,28.163520562711803,31.292800311822933,0.2382491351293981,13.727544396870455,-3.114536305135241,0.007795389435608719,17.91491089020832,1000000.0,1003612.4044438791,31.29280031262003,0.17040762615745358,16.31707143098325,-3.646677085155591,0.009117544813190602,14.280298572547318,1000000.0,1003612.4044694434,0.05050577030537938,1.740892976588629,False
as6093,ok,,0.2,1.7607329979295967,0.8567571815987471,3.647775977515618,1.7678399999999705,0.48463502443589995,0.48463502443589995,5.111515188911243,0.44138777861977785,0.106238062029583,3.000000029969997,12.075386867587591,20.186902086468834,8.111515218881241,0.052416785757667984,28.16352056270899,31.292800312504205,0.42917002689416417,19.7635623620631,-1.2455272188891242,0.006072258301699027,17.934032893657246,1000000.0,1003612.4044813854,31.292800312617164,0.17244940257301503,16.18920824358486,-3.5721945996971693,0.006572357038928638,18.2375297619803,1000000.0,1003612.4044850081,0.06059791930051625,1.80068127090301,False
as6094,failed,Maximum_Iterations_Exceeded,1.41,,,,,,,,,,,,,,,,,,,,,,,,,,,,,,,,,,
as6095,failed,Maximum_Iterations_Exceeded,1.34,,,,,,,,,,,,,,,,,,,,,,,,,,,,,,,,,,
as6096,failed,Maximum_Iterations_Exceeded,1.31,,,,,,,,,,,,,,,,,,,,,,,,,,,,,,,,,,
as6098,failed,Maximum_Iterations_Exceeded,1.41,,,,,,,,,,,,,,,,,,,,,,,,,,,,,,,,,,
as6099,failed,Maximum_Iterations_Exceeded,1.24,,,,,,,,,,,,,,,,,,,,,,,,,,,,,,,,,,
atr72sm,ok,,0.2,1.948333224283158,0.7570290740306393,4.128319998279893,1.7678399999999994,0.4282226185800975,0.4282226185800975,6.154534546726652,1.050380535246639,0.08089999373998652,3.00000002997,15.793046022551314,24.947580599247964,9.154534576696651,0.06534300415411196,28.16352056270713,31.292800312598004,0.6002516127906291,25.579417032356165,3.7264019284803878,0.008601094907974291,15.20834925717851,1000000.0,886790.0795820801,31.29280031261507,0.22026280753530572,17.178562380778047,0.1927662277167855,0.007558681400875383,18.801656723301058,1000000.0,886790.0795825637,0.14517145454545455,1.6124,False
august160,ok,,0.2,1.9579575786093548,0.7002807099649012,4.4628649927493225,1.7678399999999999,0.3961222225794762,0.3961222225794762,5.96380946250747,0.9358978281641387,0.08019795922803352,3.00000002997,15.983771106773819,24.94758059925129,8.96380949247747,0.06600615104024991,28.163520562707127,31.292800312601333,0.6488939594509622,25.13012098553764,2.502908197014838,0.008607890576060205,15.458414387979532,1000000.0,820314.5794827192,31.292800312615068,0.23315133947326674,17.89659325994061,-1.446307500489786,0.010738478629243077,15.495470193767199,1000000.0,820314.5794830791,0.16038000000000002,1.8241,False
avistar,ok,,0.21,1.9200436579426952,0.8567571815716808,3.647775977630978,1.7678399999999999,0.48463502442058154,0.48463502442058154,6.6815147223551525,1.319065644210836,0.10623806192866894,3.00000002997,15.232433877566487,24.913948629891642,9.681514752325153,0.06339376816455505,28.163520562707127,31.29280031258787,0.5296662141627682,24.748498477064317,2.847931219591274,0.006539283425391313,15.698358592462569,1000000.0,1003612.4044523464,31.292800312615068,0.20582731956280997,17.657381722908767,0.32228814159415997,0.008004498408357085,16.99356614137098,1000000.0,1003612.4044532184,0.14517053936022253,1.3052,False
b29root,ok,,0.2,1.867573331133563,0.8567571815646412,3.6477759776609497,1.7678399999999996,0.48463502441659956,0.48463502441659956,7.638200529519725,1.8222754460682624,0.10623806188179455,3.00000002997,14.19263347530833,24.830834034798055,10.638200559489725,0.05977840523642542,28.163520562707127,31.2928003125673,0.5278992123336516,25.105077043501634,5.111773951043431,0.007952952719178468,15.094602949286596,1000000.0,1003612.4044434405,31.292800312615068,0.22616629341224484,17.51481063254977,1.6111144922649576,0.007641961233926316,17.947667924759642,1000000.0,1003612.4044449724,0.21979186911872667,1.2975096989966555,False
b29tip,ok,,0.2,1.881054016408788,0.8567571654786402,3.647776046125301,1.7678399999941155,0.48463501531897235,0.48463501531897235,5.888846248979573,0.883945784662477,0.10623803780533082,3.000000019356267,14.459779392262469,23.34862566059831,8.88884626833584,0.06070726538144382,28.163520363445794,31.29280018677736,0.4963877334337865,23.185998942406478,2.5851927974638054,0.005983430293927269,16.61619735652651,1000000.0,1003612.3815692136,31.292800201924727,0.1889753303614531,16.572544099342704,0.6311832695660592,0.005375987098763451,21.380961031497623,1000000.0,1003612.382055015,0.08999289664516896,1.160366220735786,False
b540ols,ok,,0.2,1.9704245789388617,0.8133509163195944,3.842447586758439,1.7678399999999974,0.46008174739772584,0.46008174739772584,5.716751882619988,0.8051306775722474,0.07969095127407198,3.00000002997,16.23082868666523,24.947580599255218,8.716751912589988,0.06686516476395388,28.16352056270714,31.292800312605454,0.5586861875958694,25.96695180509648,4.912303208736089,0.008389107077251016,15.051177753065359,1000000.0,952765.9485667143,31.292800312615086,0.19520645999661462,16.99527109185451,1.7378416412140252,0.0063557026325285265,19.791543228053452,1000000.0,952765.9485670074,0.09708834285714286,1.4315,False
b707a,ok,,0.2,1.8754130286125932,0.8567571815697583,3.647775977639162,1.7678399999999994,0.4846350244194942,0.4846350244194942,6.161806321197541,1.0180138331953554,0.10623806191625934,3.00000002997,14.347992153022137,23.50979850418968,9.161806351167542,0.06031858391182305,28.163520562707127,31.29280031257053,0.49981422673984044,25.095506415793434,5.096153986443116,0.010735258271140505,14.298170627046739,1000000.0,1003612.4044495384,31.292800312615068,0.19477840935641655,17.580007081613182,2.2408849024298547,0.009058349262777786,15.292609506158561,1000000.0,1003612.4044509667,0.1142907,1.1752789297658863,False
b707b,failed,airfoil 'b707b' not found in the aerosandbox UIUC database,0.0,,,,,,,,,,,,,,,,,,,,,,,,,,,,,,,,,,
b707c,failed,airfoil 'b707c' not found in the aerosandbox UIUC database,0.0,,,,,,,,,,,,,,,,,,,,,,,,,,,,,,,,,,
b707d,ok,,0.2,1.8516668391731532,0.8567571560596232,3.647776086201323,1.7678399999875973,0.48463500999277875,0.48463500999277875,5.887957653897993,0.8954498623236399,0.10623801863526737,3.000000013920423,13.87741609040521,22.765373758223625,8.887957667818416,0.058682400958016225,28.163520261407808,31.29280011569928,0.48398790662957564,23.386734107416054,2.4955534762064198,0.008490142884561732,15.51154728273194,1000000.0,1003612.3682598072,31.292800145250112,0.1889564416289551,17.067959763499925,-0.34914156850984207,0.0077586749446428875,16.840314243525004,1000000.0,1003612.3692075519,0.0897,1.1064,False
b707e,ok,,0.2,1.8577584090389234,0.856757181569048,3.647775977642163,1.7678399999999939,0.4846350244190939,0.4846350244190939,5.896935188438316,0.9017793667071646,0.10623806190922075,3.000000029969999,13.998131924379265,22.895067142787582,8.896935218408315,0.05910212765933825,28.16352056270722,31.29280031256279,0.4867451449277599,23.461454464003175,2.6366121018095225,0.008501063405362639,15.465870062209692,1000000.0,1003612.4044484611,31.292800312615185,0.1891472951476666,17.106847774766237,-0.3291173768207286,0.008010455899327522,16.47730786069398,1000000.0,1003612.4044501416,0.0900887,1.1184,False
b737a,failed,airfoil 'b737a' not found in the aerosandbox UIUC database,0.0,,,,,,,,,,,,,,,,,,,,,,,,,,,,,,,,,,
b737b,ok,,0.2,1.9580828614077923,0.7705679926009963,4.05578520728705,1.7678399999999994,0.4358810710250908,0.4358810710250908,5.961326742994421,0.9450579490313659,0.0805932256358202,3.00000002997,15.98625382628661,24.947580599251033,8.961326772964421,0.06601478340091065,28.163520562707127,31.292800312601372,0.5897051616203622,25.7011860093845,4.151779974322494,0.00814274429772016,15.329812849392688,1000000.0,902649.6800761685,31.292800312615068,0.21182577733160504,17.07047141420711,0.7013500653802265,0.006486900798976107,20.3684026282938,1000000.0,902649.6800765636,0.1254468594217348,1.5665,False
b737c,failed,airfoil 'b737c' not found in the aerosandbox UIUC database,0.0,,,,,,,,,,,,,,,,,,,,,,,,,,,,,,,,,,
b737d,ok,,0.2,1.9537234741780876,0.8449131393049936,3.6989107166338524,1.7678399999999976,0.47793529918148403,0.47793529918148403,6.047716382065437,1.0065971377808949,0.07908388664446103,3.00000002997,15.899864187214394,24.947580599249832,9.047716412035438,0.06571440854262219,28.16352056270717,31.292800312599695,0.5378161392898335,25.010737818543568,3.5378533607153564,0.00587314194200385,16.03989201970718,1000000.0,989738.1959915804,31.292800312615114,0.19504929108241909,16.929235871154823,0.3914297385943551,0.0053372703179719065,21.732671813866332,1000000.0,989738.1959920682,0.108,1.340669899665552,False
bacnlf,ok,,0.2,1.6841951395590375,0.8567571815359201,3.6477759777824468,1.767839999999809,0.4846350244004054,0.4846350244004054,6.062767654984408,0.9976130805836796,0.10623806166230101,3.000000029970001,10.558642056537103,19.62140974149151,9.062767684954409,0.04714309770236536,28.163520562707347,31.292800312467776,0.4171477580376778,18.734763968181763,1.619544901353094,0.0051271119490662155,18.96227093550688,1000000.0,1003612.4044067126,31.2928003126153,0.19267286454778998,15.893822505659694,-0.45479208917479286,0.005462839919826123,21.261249774671853,1000000.0,1003612.404411444,0.10077286969618841,0.8155,False
bacxxx,ok,,0.2,1.9522453810359135,0.8201552110803395,3.8105692963682287,1.7678399999997583,0.4639306787268371,0.4639306787268371,6.077007639455178,1.0216008642759689,0.07955611882932122,3.0000000299700065,15.87057292990838,24.947580599333566,9.077007669425184,0.06561256349083994,28.163520562710048,31.292800312586003,0.5540511313927158,25.670785448443482,3.4485700911361445,0.0073931459536138,15.439722400376766,1000000.0,960736.5553756471,31.292800312618244,0.20158773909336034,16.718213979423535,-0.1698795813648423,0.004970442286633123,23.059104060038873,1000000.0,960736.555376637,0.1131,1.4113274247491638,False
bambino6,ok,,0.2,1.4789298650999023,0.856691860402613,3.648054113799219,1.7678400000000167,0.4845980747141172,0.4845980747141172,6.423314200067669,1.1943522489252785,0.10561859535157905,3.00000002997,6.49091601151561,15.914230241553279,9.423314230037668,0.03299970449630811,28.163520562707127,31.292800312274608,0.338359564031861,18.24044211598426,2.20258313053787,0.011883482496912736,14.722180761913425,1000000.0,1003535.8866879492,31.292800312615068,0.2003532967756114,17.48587501745059,0.5780157181062904,0.011327755117686621,13.164288593101036,1000000.0,1003535.8866988675,0.12,0.4726,False
be50,ok,,0.2,1.9860295383720312,0.7980618886396926,3.9160600325456376,1.76783999999994,0.4514333246446057,0.4514333246446057,5.407509610236892,0.6477276248048928,0.08000227693030836,3.00000002997,16.540070959061854,24.947580599268747,8.407509640206893,0.06794039328377678,28.16352056270746,31.292800312609664,0.5693893281769064,24.911914029647114,0.009943615841954252,0.006378460900657357,15.967683829803317,1000000.0,934856.2558772509,31.292800312615444,0.19188819719916222,17.602831666935444,-3.3750826339641704,0.008187526167579284,16.667075083213472,1000000.0,934856.2558774236,0.07275,1.478081939799331,False
be50sm,ok,,0.2,1.9903410677700109,0.7607315049337516,4.108227732558725,1.7678399999999925,0.4303169432379372,0.4303169432379372,5.322068366103959,0.6089550996335177,0.08081499577416408,3.00000002997,16.625512203189377,24.947580599263336,8.32206839607396,0.06823747059388652,28.16352056270716,31.29280031261191,0.597330227115689,24.49596538114879,0.998570378154684,0.005161822115071454,16.648438059867537,1000000.0,891127.1375738416,31.292800312615103,0.19925872111399795,17.237151812093682,-2.6359328884976967,0.0069489969146487715,19.22025672087132,1000000.0,891127.1375739326,0.07315526627218935,1.599685618729097,False
boe103,ok,,0.2,1.9530963005925606,0.7736426683109855,4.039666364864605,1.7678399999999976,0.43762029839294647,0.43762029839294647,6.060145032431804,1.011311796041179,0.08052505272102353,3.00000002997,15.88743553684805,24.947580599249854,9.060145062401805,0.06567119440105867,28.163520562707152,31.292800312599574,0.5873615058077543,24.632847152083023,1.5110118737049716,0.006122435569341891,16.16871582487619,1000000.0,906251.3804745361,31.292800312615093,0.21331048217331194,17.5505786746282,-2.027337097545625,0.008020773825709546,17.769250314969504,1000000.0,906251.3804749855,0.1272,1.5563,False
boe106,ok,,0.2,1.9504190574863833,0.780574184164621,4.003794039056881,1.7678399999999994,0.44154119386631213,0.44154119386631213,6.113199751698078,1.0384860750864577,0.08037333835248349,3.00000002997,15.834380817580254,24.947580599248333,9.113199781668078,0.0654867243193138,28.16352056270713,31.29280031259873,0.5821457227702047,24.76533565775029,2.1298534435008096,0.006223550832553663,16.099192620880636,1000000.0,914371.0151177916,31.29280031261507,0.21265429938335262,17.207485124857474,-1.194819112304438,0.006943038661078918,19.44225366611611,1000000.0,914371.0151182691,0.1306,1.5336,False
bqm34,ok,,0.2,1.8953006278892557,0.8567571800484727,3.647775984035423,1.7678399999804089,0.4846350235643312,0.4846350235643312,6.019359617252342,0.9542138495886638,0.1062380568060761,3.000000029270963,14.742103182379696,23.761462828903,9.019359646523306,0.06168889919663424,28.163520549688165,31.29280030369378,0.5051645676922835,24.741978996128907,4.496704377066897,0.008145566640887508,15.360073797254845,1000000.0,1003612.4023939214,31.292800305441162,0.1917500176187202,16.60299849506354,1.820954121211888,0.005172913937876902,21.94478973199594,1000000.0,1003612.4024499628,0.09894883011372252,1.1985645484949834,False
bte-fk,failed,airfoil 'bte-fk' not found in the aerosandbox UIUC database,0.0,,,,,,,,,,,,,,,,,,,,,,,,,,,,,,,,,,
bw3,ok,,0.2,1.6678593465716518,0.8567571815965658,3.6477759775250256,1.7678399999999996,0.4846350244346581,0.4846350244346581,5.378782279441064,0.6225629076670186,0.10623806205883435,3.00000002997,10.234916912202959,18.613699221614024,8.378782309411065,0.04601751255815605,28.163520562707127,31.292800312459423,0.3957240076445568,18.803239770373416,-1.756151677754963,0.007656406289887189,17.32619341644843,1000000.0,1003612.4044773774,31.292800312615068,0.17813145442784087,16.524587566652137,-3.4847763427020415,0.008306452185666217,15.648931305102764,1000000.0,1003612.4044823691,0.05001312425492893,1.6833438127090299,False
c141a,ok,,0.2,1.9349981577657567,0.8341400957362801,3.7466826994347886,1.7678399999999996,0.47184139726235425,0.47184139726235425,6.418794527021336,1.2180277367697738,0.0792859301071721,3.00000002997,15.528786042250976,24.94758059924231,9.418794556991337,0.06442417806586347,28.163520562707127,31.29280031259331,0.5447621148282383,26.13933762646914,4.112782459868454,0.008412275876257508,14.955213141820348,1000000.0,977118.5642079191,31.292800312615068,0.20567134442479765,16.793867367330755,0.2893454966412814,0.005024558452302428,22.807666310246837,1000000.0,977118.5642085983,0.1298976612811732,1.3709,False
c141b,ok,,0.2,1.9382889218094692,0.8303576304401625,3.7637496796928454,1.767839999999907,0.4697018001856538,0.4697018001856538,6.353581567187585,1.1824109724438927,0.07935808624729263,3.0000000247524,15.593998967038946,24.94758055897893,9.353581591939985,0.0646509218204321,28.163520464746195,31.292800254574647,0.5472436296212512,26.104404664806445,4.045419314708163,0.008351584353643172,14.995788831175137,1000000.0,972687.7514673944,31.292800258194028,0.20517772964020775,16.72781782889139,0.26598117098324997,0.004926021364637162,23.10055402097897,1000000.0,972687.7515798972,0.1264130864760384,1.3817,False
c141c,ok,,0.2,1.949795669929514,0.8301136471615371,3.764855904111921,1.767839999999998,0.46956378810386573,0.46956378810386573,6.1255533746274615,1.057737823546343,0.07936279053988607,3.00000002997,15.822027194650651,24.947580599248113,9.125553404597461,0.0654437710464828,28.16352056270714,31.292800312598427,0.5474044718696802,25.608119029813817,3.419175981379503,0.007099303053883346,15.529582113147338,1000000.0,972401.9492529648,31.292800312615086,0.2002345967811951,16.616333524205363,0.12467543066559272,0.004546799115560436,24.086069048634148,1000000.0,972401.9492534825,0.10984653127297939,1.3824,False
c141d,ok,,0.2,1.95572366376103,0.8052700651515287,3.881006386362957,1.7678399999999992,0.45551071655326786,0.45551071655326786,6.008078780026253,0.9966991754198351,0.07985402912074555,3.00000002997,15.9395017892537,24.947580599249953,9.008078809996253,0.06585222760545578,28.16352056270713,31.29280031260054,0.5642925799442772,25.755238622370566,3.201704073761019,0.007481048053112901,15.460347579621278,1000000.0,943299.9730892064,31.29280031261507,0.2037549096918133,16.646914550699105,-0.18252685189153653,0.004624632932916606,24.233433632686776,1000000.0,943299.9730896443,0.10762492447002964,1.4559,False
c141e,ok,,0.2,1.9574513153804982,0.8029813443535059,3.892068337049839,1.7678399999999983,0.4542160740528027,0.4542160740528027,5.9738420417002835,0.9786281813139127,0.07990081366892607,3.00000002997,15.973738527580501,24.947580599250784,8.973842071670283,0.06597126798499196,28.16352056270714,31.292800312601088,0.5659009711889375,25.581541248714384,2.807852951446977,0.007295965458906399,15.548022543261233,1000000.0,940618.9467346955,31.292800312615086,0.20355905549423242,16.869658758846892,-0.5950578054054467,0.00539172241288701,22.229652986256223,1000000.0,940618.9467351162,0.1050811628674076,1.4629,False
c141f,ok,,0.2,1.9664823188576022,0.767577237734721,4.071587993963032,1.7678399999999994,0.43418931449380105,0.43418931449380105,5.794875345298913,0.8855680239133776,0.08066006004771553,3.00000002997,16.15270522398483,24.947580599253744,8.794875375268912,0.06659353121757489,28.16352056270713,31.292800312604207,0.5920028633955665,25.32154510605132,2.519780644263574,0.007402680035452435,15.642433190883132,1000000.0,899146.2852439298,31.29280031261507,0.20870125600549982,17.343537840283112,-1.241938602454342,0.007386122008212443,18.684717043786293,1000000.0,899146.285244242,0.09993627692102444,1.5765,False
c5a,ok,,0.2,1.9398351825982576,0.8191454208311827,3.81526672324851,1.7678399999996064,0.46335947870359595,0.46335947870359595,6.32293924893957,1.1645307260556228,0.07957585746760881,3.000000017901697,15.62464123995992,24.947580506801188,9.322939266841267,0.06475746414222784,28.16352033612918,31.292800178582688,0.5547341329831814,26.60091677914884,4.231534220905935,0.009616000858455126,14.54362714075286,1000000.0,959553.6746690404,31.29280018674546,0.2073047775804187,16.713409657834692,0.5293305490327332,0.005151499689307747,22.69263099735869,1000000.0,959553.6749193412,0.13121441845711163,1.4143,False
c5b,ok,,0.2,1.9521197448526286,0.8010948081990178,3.901233953351976,1.7678399999999992,0.45314893214262497,0.45314893214262497,6.079497361889288,1.0350872508002842,0.07993957814512274,3.00000002997,15.868083207389454,24.94758059924874,9.079497391859288,0.06560390678091019,28.16352056270713,31.292800312599308,0.5672336382229766,26.17529962463011,3.8113412493306265,0.008522824608783999,15.049033056454903,1000000.0,938409.0427772336,31.29280031261507,0.20644071349228313,16.692538356721446,-0.12801199596400292,0.004838072244741478,23.724156462526206,1000000.0,938409.0427777064,0.11549868031407406,1.4687,False
c5c,ok,,0.2,1.956399665936304,0.7910967450735775,3.950538647848038,1.7678399999999872,0.4474934072504204,0.4474934072504204,5.99468249728317,0.9902937531626089,0.0801480998404463,3.00000002997,15.952898072001233,24.9475805992544,8.99468252725317,0.06589880618333842,28.163520562707237,31.292800312600235,0.5744024677715082,25.95213089840064,3.6190822787115713,0.008292439945444144,15.18352854667342,1000000.0,926697.2294548673,31.292800312615196,0.20709694953842042,16.505936858239366,-0.23169550886282508,0.00478678353934885,24.00707642354463,1000000.0,926697.2294553104,0.11103254796464197,1.4999,False
c5d,ok,,0.2,1.956913147576714,0.7932863028510654,3.939634725026564,1.767839999999999,0.4487319569933172,0.4487319569933172,5.984506871383517,0.9839230667605261,0.08010198755037945,3.00000002997,15.96307369789698,24.947580599250497,8.984506901353516,0.06593418660880784,28.163520562707138,31.292800312600946,0.5728170535443639,26.102251868493212,3.603877652635962,0.008150492859880494,15.23159749128097,1000000.0,929262.0954321031,31.29280031261508,0.20629169831932517,16.800241457424356,-0.24383345547745297,0.004753443950347233,24.060428475538107,1000000.0,929262.0954325228,0.11054232491681759,1.493,False
c5e,ok,,0.2,1.9665035961697284,0.7700279379451783,4.058629708864526,1.7678399999999974,0.4355755826009025,0.4355755826009025,5.794453694453248,0.8786141269400073,0.08060525382494764,3.00000002997,16.153126874831223,24.947580599254472,8.794453724423247,0.06659499728821228,28.16352056270715,31.292800312604143,0.5901187479363513,26.100752583325132,3.6997773795840425,0.008983352802217731,15.004389286095671,1000000.0,902017.0556135434,31.29280031261509,0.20802706699310425,17.159672047585488,0.08472672224401297,0.006749287990470542,19.773709510060097,1000000.0,902017.055613859,0.10781224506400294,1.5683,False
cal1215j,failed,airfoil 'cal1215j' not found in the aerosandbox UIUC database,0.0,,,,,,,,,,,,,,,,,,,,,,,,,,,,,,,,,,
cal2263m,failed,airfoil 'cal2263m' not found in the aerosandbox UIUC database,0.0,,,,,,,,,,,,,,,,,,,,,,,,,,,,,,,,,,
cal4014l,failed,airfoil 'cal4014l' not found in the aerosandbox UIUC database,0.0,,,,,,,,,,,,,,,,,,,,,,,,,,,,,,,,,,
cap21c,failed,airfoil 'cap21c' not found in the aerosandbox UIUC database,0.0,,,,,,,,,,,,,,,,,,,,,,,,,,,,,,,,,,
cast102,ok,,0.21,1.947123122332918,0.8165411862136204,3.8274349394325142,1.76783999999991,0.4618863620088141,0.4618863620088141,6.178515043374154,1.0924118334615756,0.07962745312711295,3.0000000299700034,15.769065525935032,24.947580599279192,9.178515073344158,0.06525962449943168,28.16352056270831,31.292800312592014,0.5565033709121847,25.19320344099023,2.602106996604299,0.006861400814080042,15.685365828038762,1000000.0,956503.0569420558,31.292800312616347,0.20474428604172248,16.76674519321598,-0.6409689780774303,0.005671008281439536,21.451130600928195,1000000.0,956503.0569427996,0.12172777395480526,1.422,False
ch10sm,failed,Maximum_Iterations_Exceeded,1.24,,,,,,,,,,,,,,,,,,,,,,,,,,,,,,,,,,
chen,failed,too few converged polar points,0.01,,,,,,,,,,,,,,,,,,,,,,,,,,,,,,,,,,
clarkk,failed,airfoil 'clarkk' not found in the aerosandbox UIUC database,0.0,,,,,,,,,,,,,,,,,,,,,,,,,,,,,,,,,,
clarkv,ok,,0.2,1.9541373571117573,0.7912866614673351,3.9495904806541295,1.7678399999999925,0.4476008357472047,0.4476008357472047,6.039514496028393,1.0058501084772118,0.08014409172126002,3.00000002997,15.90806607325346,24.947580599251854,9.039514525998392,0.06574292631840072,28.163520562707216,31.29280031259967,0.5742646056659644,24.375198527843093,1.2399999083331286,0.005147885774315754,16.55943978849646,1000000.0,926919.6990794786,31.29280031261517,0.20807922531911055,17.2665855362773,-2.2365470068507856,0.006825249689031311,19.442289897065393,1000000.0,926919.6990799378,0.1164,1.4993,False
clarkw,ok,,0.21,1.9624179071022043,0.7641369162775721,4.089919226549638,1.7678399999999979,0.432243255202718,0.432243255202718,5.875419478243947,0.9138390584658022,0.08073758160118376,3.00000002997,16.07216109103941,24.947580599253357,8.875419508213946,0.06631348105439266,28.16352056270715,31.292800312602786,0.5946681974610614,24.62703131459993,1.9583106521428049,0.005901093308805535,16.300570983225786,1000000.0,895116.2644118894,31.29280031261509,0.2115607844078417,17.269329496297026,-1.7531582968670123,0.007223943036701633,19.069135568506013,1000000.0,895116.2644122413,0.1122,1.5881,False
clarkx,ok,,0.21,1.9553916270989973,0.7934772721095859,3.938686557827923,1.7678399999999985,0.448839981055744,0.448839981055744,6.014658724839854,0.9845760895696607,0.08009797739165295,3.00000002997,15.93292184444029,24.947580599250145,9.014658754809854,0.06582934928333171,28.163520562707138,31.29280031260041,0.5726791914381383,24.511417761308028,1.690710118354686,0.0055636913098559265,16.35606395363658,1000000.0,929485.7983911553,31.292800312615082,0.2069341941296505,17.278158443348335,-1.5562898730926835,0.007055030953806781,18.9843586999865,1000000.0,929485.7983915912,0.11699999999999999,1.4924,False
clarky,ok,,0.2,1.9567948432519597,0.7837915159353345,3.9873591408685813,1.7678399999999994,0.4433611163540449,0.4433611163540449,5.986851299023814,0.968609447346028,0.08030382980473048,3.00000002997,15.960729270256643,24.947580599250458,8.986851328993815,0.06592603508591932,28.163520562707127,31.292800312600928,0.5797561129173303,24.478839612717692,1.579070734736917,0.005658225184053895,16.344176671816435,1000000.0,918139.8239983424,31.292800312615068,0.20884518132452573,17.345662383557002,-1.6862272059438266,0.007460115171319183,18.434776428990034,1000000.0,918139.8239987574,0.1170712,1.5232,False
clarkyh,ok,,0.2,1.9463446256165646,0.8367985191265399,3.73477987133888,1.7678399999999954,0.47334516648935543,0.47334516648935543,6.193942452474172,1.0759580043093036,0.07923558907675021,3.00000002997,15.753638116803554,24.947580599247726,9.193942482444172,0.06520598374018755,28.163520562707184,31.292800312597077,0.5430314612537929,25.371733759039735,2.264325746852297,0.006930104900650286,15.579699265612126,1000000.0,980232.6632178159,31.292800312615135,0.20012361523623962,18.06146729812128,-0.7720042232595413,0.007983024464892022,16.99470650659146,1000000.0,980232.6632183816,0.119,1.3633678929765887,False
clarkys,ok,,0.2,1.9064769345985955,0.8567571815716413,3.6477759776311465,1.7678399999999999,0.48463502442055917,0.48463502442055917,6.307873777509732,1.1137527315809097,0.10623806192841696,3.00000002997,14.963583171874584,24.27145697935432,9.307873807479732,0.06245898022597657,28.163520562707127,31.292800312582784,0.5160069534320858,25.291959329649824,4.487642374022749,0.008456536951486406,15.055947251338898,1000000.0,1003612.4044521368,31.292800312615068,0.19788377806917234,16.975625298937054,1.8803747250026734,0.006110217767637518,19.97441652764479,1000000.0,1003612.4044531721,0.117,1.245752508361204,False
clarkysm,ok,,0.2,1.9582466783909105,0.7758278423815534,4.028288358415159,1.7678399999999894,0.43885636843920156,0.43885636843920156,5.9580803945341465,0.9543036682810075,0.08047690817560456,3.00000002997,15.989500174752695,24.947580599256842,8.958080424504146,0.06602607088249816,28.163520562707237,31.29280031260102,0.5857071605233721,24.509573206632226,1.4116139313642087,0.005741260307186957,16.332803044788594,1000000.0,908811.111341486,31.292800312615196,0.21031345417624267,17.16174399830879,-1.809792794465273,0.007089399717648648,19.166658285910408,1000000.0,908811.1113418976,0.1172196577181208,1.5491,False
clarkz,ok,,0.2,1.963369392198819,0.7495689633940805,4.16940724366267,1.7678399999999994,0.42400271709774684,0.42400271709774684,5.856563971781563,0.9040070696988183,0.08107377068178528,3.00000002997,16.091016597501188,24.947580599252753,8.856564001751563,0.06637904123200475,28.163520562707127,31.29280031260317,0.6062256374098659,24.54372680883659,1.396140918942601,0.006074273436544598,16.274974315146455,1000000.0,878051.2446655394,31.292800312615068,0.21521430247948964,17.556930424595922,-2.1326552231460476,0.008415058236246022,17.434730015619195,1000000.0,878051.2446658732,0.11750000000000001,1.6384,False
clarym15,ok,,0.2,1.9444540204364915,0.7524780279250769,4.153288401280968,1.7678399999999996,0.4256482645064469,0.4256482645064469,6.231408428888486,1.1004516164378229,0.08100559888354283,3.00000002997,15.716172140387817,24.9475805992463,9.231408458858485,0.06507571537146511,28.163520562707127,31.292800312596665,0.6038819816032492,24.804777011229376,2.022794911165858,0.006684563987219921,16.001656892952784,1000000.0,881458.9467674919,31.292800312615068,0.22345578606072608,17.34595356491765,-1.6706824621317091,0.007618228460338212,18.82480833918319,1000000.0,881458.9467680102,0.149857592877502,1.6282,False
clarym18,ok,,0.2,1.923607912037911,0.7668034403369235,4.075696718609919,1.7678399999999987,0.4337516066708096,0.4337516066708096,6.644514144369367,1.3189196565051797,0.08067743338938183,3.00000002997,15.303066424900127,24.947580599239494,9.644514174339367,0.06363935596447767,28.16352056270715,31.292800312589108,0.5926002658735106,25.2910297785195,2.06553882095315,0.00756361927684628,15.579321214461888,1000000.0,898239.8526116298,31.29280031261509,0.22909402541819496,17.81269616285911,-1.5768468889671694,0.008011165865763314,18.2318586917626,1000000.0,898239.8526123755,0.17980603246149918,1.5791,False
coanda1,ok,,0.2,1.61206403778381,0.856757181372087,3.647775978473762,1.7678399999982992,0.48463502430814515,0.48463502430814515,5.538148922043394,0.7073695282827722,0.10623806016333334,3.000000029970005,9.129225599615218,17.66737455162862,8.5381489520134,0.04217304839674511,28.16352056270806,31.292800312404236,0.3756053098706566,18.316310610638816,0.9774700083032696,0.00801604969772119,17.31323761993696,1000000.0,1003612.4042136165,31.29280031261605,0.1815195615751521,16.703302026998646,-1.1025208235349861,0.00829512372224617,15.798327490122972,1000000.0,1003612.4042204097,0.05650000000000001,0.6347,False
coanda2,ok,,0.2,1.6325327807933356,0.8567571815350526,3.647775977786776,1.767839999999963,0.4846350243998725,0.4846350243998725,5.552941611745728,0.7101917570382578,0.10623806165224636,3.00000002997,9.53485309441301,18.08779473612874,8.552941641715728,0.04358340619633269,28.16352056270715,31.292800312432988,0.3845433697911732,18.754163645073618,0.6976778458415851,0.00855526644296824,16.79767318268306,1000000.0,1003612.4044044933,31.29280031261509,0.1818340515510619,16.493890021710335,-1.558756463023425,0.008342871376008395,15.74508487513072,1000000.0,1003612.4044103336,0.06,0.6736,False
coanda3,failed,too few converged polar points,0.01,,,,,,,,,,,,,,,,,,,,,,,,,,,,,,,,,,
cootie,ok,,0.2,1.9750823019944672,0.7879837946853924,3.9661453530878497,1.7678399999999996,0.44573252934959756,0.44573252934959756,5.624450145594812,0.7810302670517941,0.08021410978473822,3.00000002997,16.323130423691598,24.947580599256412,8.624450175564812,0.06718609585565431,28.163520562707127,31.29280031260707,0.5766716595962581,24.319047366391697,-0.4398994535948072,0.008005463523065416,15.312436535809585,1000000.0,923050.6937840135,31.292800312615068,0.19935704691115003,19.354473487867345,-3.7686708137530722,0.016196231671110697,10.09898733065872,1000000.0,923050.6937842492,0.0846,1.5097759197324414,False
cr001sm,ok,,0.2,1.984609456218143,0.7895901784652815,3.9580764184205197,1.767839999999966,0.4466411996930133,0.4466411996930133,5.435651268283994,0.670194668936893,0.08017997600950233,3.0000000299699985,16.511929301011303,24.947580599265297,8.435651298253992,0.0678425453631276,28.16352056270739,31.29280031260961,0.5754984484475144,24.29237618982105,0.521887196245552,0.005276027639296017,16.503839879519667,1000000.0,924932.4249472476,31.292800312615373,0.1945961939864065,18.112027116565304,-3.117613152965331,0.009628614139070821,14.954769753016022,1000000.0,924932.4249474179,0.073315,1.5046698996655519,False
cr1,ok,,0.2,1.951166159792263,0.7904959441202939,3.9535411773401954,1.7678399999999987,0.4471535569510218,0.4471535569510218,6.098394483170064,1.0299568088842765,0.0801608023715572,3.00000002997,15.849186086108661,24.947580599248727,9.098394513140065,0.06553820190949579,28.16352056270714,31.29280031259895,0.5748390311122495,25.216249423895157,1.08274931890417,0.00751049897799571,15.506375841338077,1000000.0,925993.4462799728,31.292800312615086,0.20964406812107717,17.513715387513518,-2.380891418166242,0.008111301523269374,17.407877986935656,1000000.0,925993.4462804503,0.1220726,1.5018,False
curtisc72,ok,,0.25,1.9658795912715723,0.7522619695811478,4.154481273777686,1.7678399999999994,0.4255260485005136,0.4255260485005136,5.8068195511865355,0.8689233525772165,0.08101064392487867,3.00000002997,16.14076101809708,24.947580599253616,8.806819581156535,0.06655200147871469,28.163520562707127,31.292800312604015,0.6040554234972562,24.74424255046718,-0.719966421436846,0.006239431793065615,16.1934288506383,1000000.0,881205.8542477682,31.292800312615068,0.21323940053388737,17.384712568842854,-4.269376653915756,0.007628184087659738,18.543835629473786,1000000.0,881205.8542480794,0.1173,1.6289548494983277,False
dae11,ok,,0.23,1.9618877991075099,0.7509636426877067,4.1616638781801285,1.7678399999999994,0.4247916342472774,0.4247916342472774,5.885924587314802,0.9073815841616715,0.08104097966386369,3.00000002997,16.06165598196834,24.947580599253143,8.885924617284802,0.06627695502323429,28.16352056270713,31.292800312602665,0.6050997635383649,24.95079205956729,-0.4955646276322466,0.008134680228379498,15.41598281801183,1000000.0,879684.9834533916,31.29280031261507,0.2155267467056612,18.33551033082798,-3.885286655734534,0.011865481083133228,13.629572158594376,1000000.0,879684.9834537402,0.12827340600586576,1.6335,False
dae21,ok,,0.21,1.969799748871484,0.7341262678763,4.257112709835093,1.7678399999999996,0.4152673702802856,0.4152673702802856,5.729134091668542,0.8264368540507486,0.08144469994628853,3.00000002997,16.218446477616535,24.947580599255076,8.729134121638541,0.0668221120978214,28.163520562707127,31.292800312605323,0.6189778822800226,24.514593941652162,-0.491959754474464,0.00812187580275671,15.492913712301217,1000000.0,859961.5442076442,31.292800312615068,0.216579757353628,18.808035297808143,-3.992706266638832,0.014618623433742248,11.69714809662909,1000000.0,859961.544207912,0.11783669674141589,1.6939,False
dae31,ok,,0.21,1.974522105909554,0.7184186112474933,4.350191123491587,1.7678399999999996,0.40638214501736214,0.40638214501736214,5.635551508019425,0.7820904669087189,0.08183827998082821,3.00000002997,16.312029061267175,24.9475805992566,8.635551537989425,0.06714749666481554,28.163520562707127,31.292800312606886,0.6325113457558362,21.931218778535854,-0.9806030587102529,0.007920252866969502,15.638165153380307,1000000.0,841561.4661264753,31.292800312615068,0.21894244625859544,20.931686668965103,-4.688930396260741,0.028809441272880213,6.694116123442486,1000000.0,841561.4661266952,0.11056416022591219,1.7528,False
dae41,failed,airfoil 'dae41' not found in the aerosandbox UIUC database,0.0,,,,,,,,,,,,,,,,,,,,,,,,,,,,,,,,,,
dae51,ok,,0.2,1.9764491950675254,0.7623714785552752,4.0993903280884645,1.7678399999999992,0.43124461408005,0.43124461408005,5.59736253144025,0.7604352001767116,0.0807776439883684,3.00000002997,16.35021803784693,24.94758059925718,8.59736256141025,0.06728027888906724,28.163520562707127,31.292800312607515,0.5960452815959256,24.276040417018997,1.1013104058938614,0.004883566868022332,16.773601654881702,1000000.0,893048.216153431,31.292800312615068,0.20540738884507723,17.53509716943177,-2.365410524924127,0.007719732902011527,18.0818068598997,1000000.0,893048.2161536466,0.09378006999536195,1.5940933110367894,False
dai1238,failed,airfoil 'dai1238' not found in the aerosandbox UIUC database,0.0,,,,,,,,,,,,,,,,,,,,,,,,,,,,,,,,,,
dai1335,failed,airfoil 'dai1335' not found in the aerosandbox UIUC database,0.0,,,,,,,,,,,,,,,,,,,,,,,,,,,,,,,,,,
dai1336,failed,airfoil 'dai1336' not found in the aerosandbox UIUC database,0.0,,,,,,,,,,,,,,,,,,,,,,,,,,,,,,,,,,
davis,ok,,0.2,1.9422235011751166,0.856757181574134,3.6477759776205314,1.7678399999999994,0.4846350244219694,0.4846350244219694,6.2360938840809155,1.0715852697729478,0.10623806194407312,3.00000002997,15.671970112951259,24.908064027002176,9.236093914050915,0.0649220259027986,28.163520562707127,31.29280031259588,0.5295411085271603,24.533982913981863,1.081139799381417,0.005484167387769025,16.20766450226617,1000000.0,1003612.4044554771,31.292800312615068,0.19635775002021014,17.38232437942139,-2.1871047231457066,0.006865556795541575,18.51755736520263,1000000.0,1003612.4044560925,0.11249999999999999,1.3046555183946487,False
davis_corrected,ok,,0.2,1.921382210292487,0.8516547235303558,3.6696306369850173,1.7678399999999994,0.4817487575404765,0.4817487575404765,6.688620703463409,1.3222531413262744,0.07896005158170327,3.00000002997,15.258959865803995,24.947580599237405,9.688620733433408,0.06348599843711275,28.163520562707127,31.292800312588362,0.5335588590793302,25.168498277804954,3.4437713446710045,0.007058660766535114,15.46704249711165,1000000.0,997635.3431640314,31.292800312615068,0.20721245509202846,17.221949216187532,0.5419189970272521,0.006726842859402434,19.071388678958225,1000000.0,997635.3431648829,0.158983882498703,1.3221414715719064,False
davissm,failed,too few converged polar points,0.01,,,,,,,,,,,,,,,,,,,,,,,,,,,,,,,,,,
daytonwright6,ok,,0.19,1.936958828996354,0.8207742750930325,3.8076951976171842,1.7678399999998486,0.4642808597458496,0.4642808597458496,6.379940057180911,1.1783190919126754,0.07954396411188798,3.0000000299700007,15.567640512167255,24.947580599318165,9.379940087150912,0.064559274195655,28.16352056271134,31.292800312581576,0.5536332416918762,25.32063096587387,-0.055893961903741206,0.008434397931004084,15.001761828610348,1000000.0,961461.7320482142,31.29280031261974,0.20815832688124597,17.67070685879764,-3.8658504931507975,0.009376413175726192,15.532918453980429,1000000.0,961461.7320493868,0.13599999999999998,1.409508695652174,False
daytonwrightt1,ok,,0.2,1.9473782076734767,0.7724935299885015,4.04567565199739,1.7678399999999992,0.436970274452723,0.436970274452723,6.173460036909039,1.0729584288532958,0.08055046725027691,3.00000002997,15.77412053236861,24.947580599247647,9.173460066879038,0.06527720064465506,28.163520562707138,31.292800312597645,0.5882352472557961,25.314897972289685,-0.7098640010269259,0.0076841326634204095,15.506945335727115,1000000.0,904905.2703983885,31.292800312615082,0.21629963391273116,17.428317862102944,-4.226633377654893,0.0077122084659547886,18.326976951872297,1000000.0,904905.2703988928,0.1337,1.5601026755852843,False
dbln526,failed,too few converged polar points,0.01,,,,,,,,,,,,,,,,,,,,,,,,,,,,,,,,,,
defcnd1,ok,,0.2,1.916364079411243,0.7675474473987148,4.071746021945315,1.7678399999999994,0.43417246323123987,0.43417246323123987,6.788064614453698,1.3656710528895468,0.08066072867631142,3.00000002997,15.15951595481252,24.94758059923622,9.788064644423699,0.06314023416500242,28.16352056270713,31.292800312586493,0.5920258404303712,25.43923991092522,1.8936416093468622,0.008729871984801886,15.112596012159706,1000000.0,899111.3885989671,31.29280031261507,0.2322785239330398,17.68064612392844,-1.4257776148161063,0.008833596926545065,17.180289970535508,1000000.0,899111.3885997882,0.20908979889833415,1.5766,False
defcnd2,ok,,0.2,1.9283346135048955,0.8367208440032678,3.7351265813425734,1.7678399999999996,0.4733012286198231,0.4733012286198231,6.55084546750805,1.2637750762066151,0.07923705548209087,3.00000002997,15.396735101762031,24.94758059924008,9.55084549747805,0.06396503987565735,28.163520562707127,31.29280031259091,0.5430818723748436,25.306382341605367,2.1512464228232786,0.007478159100560645,15.338820161367725,1000000.0,980141.673939783,31.292800312615068,0.20791158625150255,17.424222202423664,-1.1841055675766512,0.007396764373105012,18.09510806975777,1000000.0,980141.6739405397,0.14731131493984165,1.3635872909698996,False
defcnd3,ok,,0.2,1.9611891029434922,0.7848179503219197,3.9821442212401594,1.767839999999994,0.4439417313342397,0.4439417313342397,5.899770595079782,0.914478245359915,0.08028177130430743,3.00000002997,16.047809974203993,24.947580599253776,8.899770625049783,0.06622881276144485,28.16352056270718,31.292800312602218,0.5789978713278083,25.09827038697362,2.561932609632268,0.00693077663360558,15.774238122800192,1000000.0,919342.1976754196,31.292800312615125,0.20655102111821455,16.857968894002138,-0.4426603242861489,0.006341123153003056,20.389419951583005,1000000.0,919342.1976757988,0.11476411896857514,1.5199,False
df101,ok,,0.2,1.9533854774813282,0.8351499581420923,3.742152214857995,1.7678399999999979,0.4724126381019172,0.4724126381019172,6.054414436425091,0.9952248883599515,0.07926676917212731,3.00000002997,15.893166132854406,24.9475805992495,9.054414466395091,0.06569111955622545,28.16352056270715,31.292800312599667,0.5441033890813556,24.86044193823628,2.4977390557883803,0.005833437255971275,16.091295761969846,1000000.0,978301.5253306669,31.29280031261509,0.19747556592546184,16.98496521006992,-0.5021337578627674,0.00581047577564793,20.795404378050133,1000000.0,978301.525331149,0.1099854841830119,1.368033110367893,False
df102,ok,,0.2,1.9587252907811505,0.8047130342653525,3.883692860092845,1.7678399999999994,0.45519562531979857,0.45519562531979857,5.948595769862265,0.9426495579981886,0.07986539112222872,3.00000002997,15.998984799418723,24.94758059925099,8.948595799832265,0.06605904871202316,28.163520562707127,31.292800312601592,0.5646831892453261,25.157672028097807,2.6737420246678627,0.006930659354079635,15.699143509486627,1000000.0,942647.4625307571,31.292800312615068,0.20254956569471802,16.70849202642162,-0.4816884863130808,0.005890839585219018,21.03974147604173,1000000.0,942647.462531163,0.1099848752930178,1.4576,False
dfvlrr4,ok,,0.2,1.9612753284239857,0.720040323678982,4.340393395791738,1.7678399999999996,0.4072994861972702,0.4072994861972702,5.898061871410105,0.932119659178454,0.08179689652530946,3.00000002997,16.049518697872198,24.947580599252305,8.898061901380105,0.06623475395572742,28.163520562707127,31.29280031260246,0.6310867706609603,26.07517444698018,1.8009893284852532,0.009087191697694017,15.192146960353327,1000000.0,843461.1533979721,31.292800312615068,0.2250899291872443,16.795317306331814,-1.9552525421952502,0.005564200061880767,23.22266127174643,1000000.0,843461.153398312,0.13381410907677332,1.7466,False
dga1138,failed,too few converged polar points,0.01,,,,,,,,,,,,,,,,,,,,,,,,,,,,,,,,,,
dga1182,failed,airfoil 'dga1182' not found in the aerosandbox UIUC database,0.0,,,,,,,,,,,,,,,,,,,,,,,,,,,,,,,,,,
dh4009sm,ok,,0.2,1.5978457321535735,0.8567571815047179,3.6477759779138217,1.7678399999994518,0.4846350243828534,0.4846350243828534,5.897727546673908,0.9077659059081665,0.10623806143009053,3.000000029970001,8.847462538224262,17.745190114868173,8.89772757664391,0.041193364483906945,28.163520562707234,31.292800312402175,0.3772596551517311,18.821602855920784,3.441173617408618,0.008545731883140771,16.883304458935186,1000000.0,1003612.4043682609,31.292800312615174,0.18916414055992897,15.354420802378302,1.2080021400779686,0.004768433659275774,22.962789932862936,1000000.0,1003612.4043750921,0.08943855938899131,0.6419,False
doa5,ok,,0.2,1.9216591928347486,0.8244039989047066,3.7909305022199646,1.7678399999999905,0.46633405676119505,0.46633405676119505,6.6831317618819375,1.3522704652440307,0.07947306792159807,3.0000000299700007,15.264448807390599,24.94758059924254,9.683131791851938,0.06350508336522168,28.163520562707347,31.29280031258744,0.5511956798125075,25.1769481625764,1.9107893561364706,0.006947391880810359,15.618062867708652,1000000.0,965713.6203551646,31.292800312615302,0.21394060195461786,16.993580398686387,-2.007584432646244,0.0059344846817724305,20.964939871904768,1000000.0,965713.6203560245,0.1620459519038076,1.3989,False
dormoy,failed,too few converged polar points,0.01,,,,,,,,,,,,,,,,,,,,,,,,,,,,,,,,,,
drgnfly,ok,,0.2,1.9318015926982073,0.7365646389145732,4.243019689630344,1.7678399999999996,0.41664666424256347,0.41664666424256347,6.482140609373029,1.2297795115015115,0.08138507113838879,3.00000002997,15.465439959899074,24.947580599242105,9.48214063934303,0.06420392514301411,28.163520562707127,31.292800312592167,0.6169287780173432,24.783981234600734,0.8238743616069972,0.008132932564810654,15.478164799819242,1000000.0,862817.8720832622,31.292800312615068,0.23448387767860804,18.18447746065341,-3.2218518183293896,0.011529551981830694,14.552787394094024,1000000.0,862817.8720838935,0.19335490074190845,1.684981939799331,False
ds19,ok,,0.2,1.9731641290207742,0.8252782379687519,3.786914669270692,1.7678399999982282,0.46682858062357396,0.46682858062357396,5.66246204724171,0.783235821976539,0.07945595614260985,3.000000015805516,16.28511843334439,24.947580496391616,8.662462063047226,0.06705392863385543,28.1635202967768,31.292800160701148,0.5506117867036058,25.002880768112174,2.532864073525484,0.005619370885919864,16.225892277469473,1000000.0,966737.7064891313,31.292800164885715,0.19118702564735998,16.817534247040232,-0.7904507437628124,0.004976259518240302,22.78730818490643,1000000.0,966737.7066184065,0.08497850619710808,1.3963588628762542,False
ds21,ok,,0.2,1.972338144351189,0.8249733259205763,3.788314321693452,1.7678399999999996,0.4666561034486019,0.4666561034486019,5.678830905060497,0.7926457264937211,0.07946200393097608,3.00000002997,16.26874966422501,24.947580599255506,8.678830935030497,0.06699701516155951,28.163520562707127,31.292800312606165,0.5508152910388038,25.092311656811194,2.8156834351388853,0.0057237973176675104,16.17711821307224,1000000.0,966380.5347016072,31.292800312615068,0.19161909381687042,16.82611892453851,-0.4666700720628378,0.004857041676662075,23.128355918621658,1000000.0,966380.5347018822,0.08598970284501835,1.397244481605351,False
dsma523b,ok,,0.2,1.9736177807847723,0.7127996947341799,4.384483170640921,1.7678399999999994,0.40320373717880587,0.40320373717880587,5.653472448971908,0.8010784385143193,0.0817426981330425,3.00000002997,16.294108120314384,24.94758059925629,8.653472478941907,0.06708518595074271,28.163520562707127,31.292800312606587,0.637497358617211,26.72313202971736,0.9952899360050105,0.011807352281547829,14.296820816124018,1000000.0,834979.4211391093,31.292800312615068,0.22112628622407016,17.693180518172472,-2.0907194997213536,0.00960996575120257,16.314147004096412,1000000.0,834979.4211393356,0.10997599999999999,1.7745,False
du-80-141,ok,,0.2,1.9521927451507568,0.7734611259738218,4.040614532068641,1.7678399999999994,0.4375176067821873,0.4375176067821873,6.078050720635878,1.0023748203140255,0.08052906434836282,3.00000002997,15.869529848643175,24.947580599249054,9.078050750605879,0.06560893672045214,28.163520562707127,31.292800312599354,0.5874993679147773,25.38008240483749,0.785741511873532,0.007462964892418014,15.59402168189424,1000000.0,906038.720288621,31.292800312615068,0.21378221654224888,17.018603312056374,-2.625873745724853,0.006341742881757737,20.670980133803596,1000000.0,906038.720289076,0.1404247346387626,1.5569,False
du-80-176-v1,ok,,0.2,1.917538567871993,0.8163389552413758,3.8283831067156644,1.7678399999999994,0.46177196762228256,0.46177196762228256,6.764789867597719,1.3895278331035519,0.07963146799781262,3.00000002997,15.18279070166853,24.94758059923625,9.76478989756772,0.06322115994341346,28.163520562707127,31.292800312586945,0.556641233030512,25.863775902833883,0.5289006492914583,0.00892170500767084,14.825367422541921,1000000.0,956266.1619187647,31.292800312615068,0.21787622520087643,17.33586517835261,-2.5104156167722156,0.007329766108593306,18.597748961020116,1000000.0,956266.161919624,0.1758095580753307,1.4226,False
du84132v,ok,,0.21,1.948177366157002,0.780450968033923,4.0044261505280705,1.7678399999999967,0.4414714951771226,0.4414714951771226,6.15762317514171,1.0580203857079038,0.08037600787715234,3.00000002997,15.789957394137407,24.947580599249115,9.15762320511171,0.06533226506164534,28.16352056270717,31.29280031259782,0.5822376308418429,24.846850253360635,1.127131886606982,0.0069537199373991936,15.781009417876556,1000000.0,914226.6787295142,31.292800312615114,0.21372464627855384,17.32997338357922,-2.4343439960712265,0.007999344830020447,17.760476665375805,1000000.0,914226.6787300195,0.13628601404741,1.534,False
du8608418,ok,,0.2,1.790063001495826,0.8567571815624735,3.647775977670118,1.767839999999985,0.48463502441537737,0.48463502441537737,5.882547671408622,0.89093938417687,0.10623806186058646,3.0000000299700007,12.65661727648345,21.53916497786207,8.882547701378623,0.054437710993396206,28.163520562707227,31.292800312531064,0.4579189007609809,21.60137353197224,3.738066758882576,0.006958846972069272,16.779888290247587,1000000.0,1003612.4044397472,31.29280031261517,0.1888414190397289,16.34999593569821,0.9096920719866194,0.005827983869985517,20.337067436650766,1000000.0,1003612.4044424447,0.08451997621088375,0.9929431438127091,False
du861372,failed,airfoil 'du861372' not found in the aerosandbox UIUC database,0.0,,,,,,,,,,,,,,,,,,,,,,,,,,,,,,,,,,
e1098,ok,,0.2,1.9075770736779318,0.8389525104833091,3.7251909095540583,1.767839999999994,0.4745635976577699,0.4745635976577699,6.962196026467859,1.4845300917489244,0.07919503395764746,3.0000000299700007,14.985384542798242,24.9475805992361,9.96219605643786,0.06253478310895956,28.163520562707337,31.292800312582358,0.5416372404138803,25.51331873349168,0.13574935141262245,0.00829310176426962,14.984555389495759,1000000.0,982755.8663970134,31.29280031261529,0.2162893655757571,17.613113344079725,-2.6122773450590397,0.00802111748596871,17.355054836027527,1000000.0,982755.8663980478,0.18954288324449198,1.3573,False
e1200,ok,,0.2,1.9291078453690584,0.7792516462340668,4.010589237383851,1.767839999999999,0.4407930843481691,0.4407930843481691,6.535522391548014,1.2655897352050496,0.08040207720314888,3.00000002997,15.412058177723065,24.94758059924108,9.535522421518014,0.06401831787079373,28.163520562707138,31.292800312591133,0.5831337345418565,24.94289804690274,0.5085450947567032,0.006820773400190725,15.84259725691042,1000000.0,912821.7833153595,31.292800312615082,0.22288673558300734,17.20559378419218,-2.5994731886012326,0.006863564071810504,19.82182753899783,1000000.0,912821.7833160581,0.1694668488035797,1.5379,False
e1210,ok,,0.2,1.960958205237386,0.6992160772933316,4.469660191021189,1.7678399999999996,0.39552000027905904,0.39552000027905904,5.904346277035939,0.900831547917786,0.0800667465539181,3.00000002997,16.04323429224631,24.947580599252248,8.90434630700594,0.06621290321680115,28.163520562707127,31.292800312602353,0.6498819712144758,25.616201818540194,0.9701847822312657,0.009353356080311523,15.193735637344187,1000000.0,819067.4600207148,31.292800312615068,0.23195732777959643,17.61693613288257,-2.729905958855275,0.009430092348691237,16.94660470400392,1000000.0,819067.4600210476,0.15844454635931257,1.8284,False
e1211,ok,,0.2,1.9495046226467987,0.7120297940594595,4.389224006740114,1.7678399999999996,0.4027682335841816,0.4027682335841816,6.131321036086182,1.0124336116563635,0.08164672359431735,3.00000002997,15.816259533192264,24.947580599248443,9.13132106605618,0.0654237170155619,28.163520562707127,31.292800312598423,0.638186669163934,25.71332476680522,1.1581332452411444,0.009601272395657008,15.044647754433438,1000000.0,834077.5531604654,31.292800312615068,0.23358927945029728,17.60006758929202,-2.4142831080861167,0.009276405990189845,17.08386361294601,1000000.0,834077.5531609091,0.18019918301966986,1.7775,False
e1212,ok,,0.2,1.9440591393661732,0.7418924683921699,4.212548851416514,1.7678399999999994,0.4196604151915163,0.4196604151915163,6.239233756473358,1.0687139236295387,0.08125622809744552,3.00000002997,15.70834681280305,24.947580599246407,9.239233786443357,0.06504850688107697,28.163520562707127,31.292800312596523,0.6124983632750708,25.723381349605656,2.4103917315071706,0.009359083204103584,14.991518555593816,1000000.0,869058.9353245628,31.292800312615068,0.22683624769114974,17.60289572229037,-1.0013822728605593,0.008990706094327176,17.04159019339798,1000000.0,869058.9353250779,0.17698976711309522,1.6657,False
e1212mod,ok,,0.2,1.9429766155843073,0.7456687855334267,4.191215089370131,1.7678399999999996,0.4217965344903537,0.4217965344903537,6.260686046410714,1.0789534981332343,0.08116600290870561,3.00000002997,15.686894522865298,24.947580599246013,9.260686076380715,0.06497391774493506,28.163520562707127,31.292800312596146,0.6093964658735739,25.77014896862999,3.440952320731551,0.009459797603947806,14.93709312734357,1000000.0,873482.5442625711,31.292800312615068,0.2262114894890752,17.632746388120893,-0.018051487127120305,0.00905444303002253,16.916062046238597,1000000.0,873482.5442630992,0.1771529211461148,1.6522,False
e1213,ok,,0.19,1.939977706072669,0.7655567502765332,4.082333888991366,1.7678399999999976,0.4330464014144573,0.4330464014144573,6.320115203921375,1.1109652181594023,0.08070549190949577,3.00000002997,15.62746536535542,24.947580599246795,9.320115233891375,0.06476728388285456,28.163520562707163,31.29280031259496,0.5935653006157805,25.528497102142843,3.7431701986966104,0.008909951419775108,15.052281825539676,1000000.0,896779.4696281154,31.292800312615107,0.22174883767036835,17.49973275081185,0.40395390824536953,0.008824226415971085,16.947643853800603,1000000.0,896779.4696286928,0.1738316107890765,1.5833,False
e1214,ok,,0.2,1.9257051497974746,0.7680541974347967,4.069059548190692,1.7678399999999996,0.4344591124959255,0.4344591124959255,6.602953346131136,1.2569239492306474,0.08064936715409596,3.00000002997,15.344627223138652,24.947580599239785,9.602953376101135,0.06378386193782493,28.16352056270713,31.292800312589936,0.5916352311256681,25.61743246599257,3.6516593201408534,0.009564500429159654,14.794996449578553,1000000.0,899704.9997564717,31.29280031261507,0.22773533159053416,17.412186989751937,0.34939989218261885,0.009064614383235857,16.779154043560403,1000000.0,899704.9997571943,0.1981554963493984,1.5749,False
e1230,ok,,0.2,1.9430171187803476,0.7175323826253763,4.355564071080671,1.7678399999999994,0.40588083911744083,0.40588083911744083,6.259883397712088,1.1034881570783892,0.08186100737576493,3.00000002997,15.687697171564027,24.947580599246116,9.259883427682087,0.06497670853665183,28.163520562707127,31.292800312596157,0.633292564376928,25.62384964540018,2.4535180832912493,0.008912676982839362,15.267697602600991,1000000.0,840523.3306340443,31.292800312615068,0.2350614841552343,17.24269510546392,-1.1616285971129314,0.007624412951062941,19.408757897581594,1000000.0,840523.3306345522,0.17446212291453864,1.7562,False
e1233,ok,,0.2,1.9329334434843242,0.7279650874155039,4.293143063626321,1.7678399999999996,0.4117822243050865,0.4117822243050865,6.4597108100131,1.208980930657183,0.08159708679520532,3.00000002997,15.487869759259425,24.947580599242524,9.4597108399831,0.06428191305772993,28.163520562707127,31.29280031259257,0.6242166423525006,25.41935902755946,1.069376437440139,0.008644580972966694,15.320295189319992,1000000.0,852744.2867748179,31.292800312615068,0.2366926489990217,17.380631000224806,-2.608188719135169,0.008161823529478286,18.52469235637674,1000000.0,852744.286775431,0.1892732357731854,1.7167,False
e168,ok,,0.2,1.9186752091200119,0.856757181495169,3.6477759779516186,1.767839999998759,0.4846350243776419,0.4846350243776419,6.2412156801421865,1.053230831873601,0.10623806163556258,3.000000029926368,15.205315434173498,24.44653114424205,9.241215710068555,0.06329947793730642,28.163520561897524,31.292800312039276,0.5197289997884884,24.79315403441423,4.62217794213827,0.007163051325483398,15.582712504199673,1000000.0,1003612.4043458299,31.292800312170627,0.19646663853602447,17.17368066369381,1.7665747038874564,0.006683635064117892,18.843742569072646,1000000.0,1003612.4043500425,0.12431959319036039,1.2619515050167225,False
e169,ok,,0.21,1.914056793900085,0.8567571815709052,3.647775977634213,1.7678399999999834,0.48463502442014733,0.48463502442014733,6.465040817368719,1.167544322650387,0.10623806191790602,3.0000000299700007,15.113792656550277,24.578833503888994,9.46504084733872,0.06298125527142674,28.16352056270727,31.292800312584944,0.5225417248768235,25.044918677368077,4.662101519257492,0.007612934852850578,15.329627158221722,1000000.0,1003612.4044513532,31.29280031261522,0.2012251219979893,17.365681830305235,1.7780876021205763,0.007228817808559593,18.03939564611565,1000000.0,1003612.4044523243,0.14385571815718157,1.2741929765886288,False
e171,ok,,0.2,1.801046837631345,0.8567571815481231,3.647775977730118,1.7678399999997185,0.48463502440733297,0.48463502440733297,6.277585400105778,1.089463651408705,0.10623806175349228,3.0000000299700034,12.874283106423658,22.15186853649944,9.277585430075781,0.05519453025464056,28.163520562707756,31.292800312532254,0.4709448718476312,22.126926332931035,4.304705032166642,0.006976789596728187,16.535517111518867,1000000.0,1003612.4044231266,31.292800312615732,0.19723985243951442,16.47668032348423,1.7561234765660285,0.005972518005581623,20.241161226511263,1000000.0,1003612.4044258038,0.12252962868661149,1.049634448160535,False
e174,ok,,0.2,1.9708680375920684,0.8306080445105624,3.762614973758849,1.7678399999999994,0.4698434499222569,0.4698434499222569,5.707963896837561,0.8058042582519296,0.07935331293612127,3.00000002997,16.239616672447458,24.94758059925502,8.707963926807562,0.06689572039553582,28.163520562707127,31.292800312605674,0.5470786439155647,24.250029354448845,1.300193405657897,0.005207644833193361,16.408718194051048,1000000.0,972981.0903714466,31.292800312615068,0.19095804009479525,17.675814086216818,-1.901203337614331,0.008458946025069749,16.065018640229635,1000000.0,972981.0903717387,0.08920135673198479,1.380981939799331,False
e176,ok,,0.2,1.9173319437427356,0.8567571757637824,3.647776002029204,1.7678399999200838,0.484635021157182,0.484635021157182,5.819451935558482,0.8399815304539165,0.10623804688146588,3.0000000268717155,15.178696113134936,23.998148075565133,8.819451962430197,0.06320692306172292,28.16352050520223,31.29280027424993,0.5101964583927203,23.313342500560296,1.673371260253967,0.005135327391802683,16.797535494841394,1000000.0,1003612.3964647333,31.292800281038737,0.18750001623164944,17.34506985601984,-1.1732901746199487,0.007346063975344361,17.43422116887317,1000000.0,1003612.3966824617,0.08822317336853061,1.2204642140468225,False
e178,ok,,0.2,1.897738444301541,0.8567571815722792,3.647775977628429,1.7678399999999994,0.48463502442092016,0.48463502442092016,5.801751656132434,0.8306182510341784,0.10623806193247401,3.00000002997,14.790413186502494,23.59216487260493,8.801751686102435,0.06185687202903862,28.163520562707127,31.29280031257942,0.5015653214032041,22.96686655883224,2.259746514384869,0.005101884385074144,17.00615908833348,1000000.0,1003612.4044527764,31.292800312615068,0.18712370980703724,16.878273746837326,-0.3831182167622908,0.0061457159330222475,19.6132158528058,1000000.0,1003612.4044539199,0.08680656763962458,1.1829,False
e180,ok,,0.2,1.8758960553828194,0.8567571815706453,3.6477759776353613,1.7678399999999936,0.4846350244199975,0.4846350244199975,5.790143174750622,0.824790864382648,0.10623806191842397,3.00000002997,14.357564257114788,23.14770746183541,8.790143204720621,0.06035186590537182,28.16352056270718,31.292800312570325,0.49211623416354017,22.75292462647476,2.7990184276288836,0.00513160437351899,17.199338133319976,1000000.0,1003612.4044505741,31.292800312615128,0.18687691551247482,16.47428696598986,0.2840448478090811,0.004666996138710585,23.205800824741353,1000000.0,1003612.404452011,0.0857782699192283,1.1417759197324413,False
e182,ok,,0.2,1.798019392593745,0.8567571815641583,3.647775977663004,1.7678399999999992,0.4846350244163265,0.4846350244163265,5.775206467901235,0.8171714135351312,0.10623806187848149,3.00000002997,12.814288462603853,21.589494960475086,8.775206497871235,0.05498593020921636,28.163520562707127,31.292800312535856,0.45898890743555165,20.960246356120408,3.1013742829192688,0.0052798690314120565,17.85539627711531,1000000.0,1003612.4044418666,31.292800312615068,0.18655936372446977,16.000279123074996,0.7636004212747562,0.004763269433565877,22.925032410552458,1000000.0,1003612.4044444069,0.08462681807180253,0.9976,False
e184,failed,too few converged polar points,0.01,,,,,,,,,,,,,,,,,,,,,,,,,,,,,,,,,,
e186,ok,,0.25,1.8279849951858955,0.8567571714230088,3.6477760203833416,1.7678399998892182,0.48463501871023257,0.48463501871023257,6.002141221846556,0.9362652420212715,0.10623801946935331,3.000000026310115,13.408114565928102,22.410255814084774,9.002141248156672,0.05705065029169792,28.163520494416783,31.292800262875367,0.4764381475765135,22.178695119576503,3.633830499541967,0.006381192601906169,16.7820200942333,1000000.0,1003612.3910326369,31.29280027491292,0.19138395975406608,16.586122861674053,1.6509358484715675,0.0061204412727453375,19.787899855790716,1000000.0,1003612.3914187012,0.10268239951714138,1.0735421404682275,False
e193,ok,,0.2,1.957934274976546,0.8494313167598325,3.679235982869055,1.767839999999609,0.4804910607068628,0.4804910607068628,5.96427126881421,0.9441538667678464,0.07900067538835102,3.000000029970001,15.98330930048892,24.94758059927313,8.964271298784212,0.06600454535003614,28.163520562708086,31.29280031259778,0.5349554621428685,24.56656716699499,1.1822079266493657,0.0053582788087602464,16.27590527228219,1000000.0,995030.8261986736,31.29280031261612,0.19222248331160802,17.52296752839959,-1.66370852046825,0.007200012130710278,17.87801372481357,1000000.0,995030.8261992567,0.10223691852512377,1.3282197324414715,False
e195,ok,,0.2,1.9374304239121782,0.8567571815740656,3.647775977620812,1.7678399999999967,0.48463502442193135,0.48463502442193135,6.229966132183496,1.0627754037442894,0.10623806193895456,3.00000002997,15.57698607208223,24.806952234235727,9.229966162153495,0.06459176850015017,28.163520562707202,31.292800312593837,0.5273914894011635,24.5247260569253,1.6297520196406439,0.00563958925460185,16.173981604082687,1000000.0,1003612.4044553329,31.292800312615153,0.19622747508078675,17.28595871648415,-1.2641845950325434,0.006607710861964653,18.975559194688977,1000000.0,1003612.4044560165,0.11807589828510437,1.2953,False
e197,ok,,0.2,1.9227692752524055,0.856757181575399,3.6477759776149465,1.7678399999999512,0.4846350244226981,0.4846350244226981,6.434043245708004,1.1709636896899236,0.10623806194764399,3.000000029970001,15.286447224680005,24.72049050035801,9.434043275678006,0.06358157137404463,28.1635205627077,31.292800312586138,0.525553327978139,24.528271542462722,2.0802824348393933,0.006106674288861676,15.980664145256057,1000000.0,1003612.4044566739,31.292800312615693,0.2005661190153459,17.138287927731042,-0.8632065225596414,0.006552942196699643,19.18703338371445,1000000.0,1003612.4044576217,0.13477724199249397,1.2873,False
e201,ok,,0.2,1.9450640783807622,0.8560569443661903,3.6507597843434008,1.7678399999999954,0.4842389268068335,0.4842389268068335,6.219318957511604,1.061524294841212,0.09973225492050558,3.0000000299700007,15.728261611417704,24.947580598899307,9.219318987481604,0.06511775019399835,28.163520562707475,31.292800312595375,0.5308150650497101,24.82285678805898,1.5721294913394457,0.005789034413231862,16.043602332056103,1000000.0,1002792.1408346058,31.292800312615448,0.1961614429361975,17.33029535322047,-1.4914401166931661,0.006490239183222947,19.197577520015447,1000000.0,1002792.1408352491,0.11861728889534007,1.3102,False
e203,ok,,0.2,1.936737971707571,0.8532122830667022,3.662931638029024,1.7678399999999996,0.4826298098621495,0.4826298098621495,6.384316626556077,1.1643031927001026,0.07893496486310972,3.000000026179388,15.56326387928658,24.947580532022048,9.384316652735466,0.06454405664001925,28.163520491535838,31.292800270383903,0.5325848345554954,25.172016036337276,1.6054332728453804,0.006714179097380398,15.617438907052685,1000000.0,999459.8798590169,31.292800273075475,0.20033785338976692,17.295362605318036,-1.3489543684984493,0.006609864384752998,19.10679984566265,1000000.0,999459.8799449828,0.13624446953084624,1.3179023411371238,False
e205,ok,,0.2,1.9367849428047124,0.8567571815740493,3.6477759776208663,1.7678399999999932,0.4846350244219232,0.4846350244219232,6.055538287463242,0.9672432384512737,0.10623806194069953,3.00000002997,15.564194622971664,24.61973294040491,9.055538317433243,0.06454729291540245,28.163520562707195,31.292800312593634,0.523411239780602,24.431777567556924,1.70756713861629,0.005771264686704935,16.187864626206213,1000000.0,1003612.4044553095,31.29280031261515,0.19251916944327177,17.20705106023292,-0.6382697172959969,0.006458149594372214,19.15283850027182,1000000.0,1003612.4044559996,0.10473386445699974,1.2779772575250836,False
e207,ok,,0.2,1.9421070852045683,0.8567571617522255,3.647776062009317,1.7678399999985328,0.48463501320986996,0.48463501320986996,6.246756916062845,1.0682636199190347,0.10623803929975296,3.0000000142099887,15.66966343506692,24.916420365339754,9.246756930272834,0.0649140052167964,28.16352026693498,31.29280013742268,0.5297187810053353,24.860957184573596,2.3397850933754176,0.0059898822995569385,15.957198581770081,1000000.0,1003612.3756186661,31.292800148370972,0.19658445049202275,17.182799206581297,-0.4919031329806986,0.006258314498480423,19.64810339710587,1000000.0,1003612.375969796,0.12020446433960726,1.3054287625418062,False
e209,ok,,0.2,1.9380538744355973,0.8453356499189928,3.6970619491789765,1.7678399999999967,0.47817429740191103,0.47817429740191103,6.358239626459665,1.1488814280755126,0.07907606760416822,3.00000002997,15.589340942815143,24.94758059924481,9.358239656429664,0.06463472611156523,28.163520562707234,31.292800312593982,0.5375473312404132,25.09749695560648,2.678981563318206,0.006717499182877772,15.644365010627395,1000000.0,990233.1283973879,31.29280031261519,0.2016426696129081,17.225411740666495,-0.35503069499038903,0.006689366621500491,19.06054048221274,1000000.0,990233.128398059,0.13684803066465545,1.3395,False
e210,ok,,0.2,1.952609136834856,0.7777185151013599,4.018495387360851,1.7678399999999843,0.43992585024740183,0.43992585024740183,6.0697991188944505,1.0003308876357617,0.08043546907662484,3.00000002997,15.877781450395373,24.947580599259823,9.069799148864451,0.0656376273566611,28.16352056270734,31.29280031259883,0.5842832770377021,25.18209213918558,0.27163536661578663,0.007151202428950989,15.707592622621402,1000000.0,911025.8609054465,31.292800312615302,0.21241867313262086,17.48348878350535,-3.135673738393348,0.007592054283220964,18.37003348697225,1000000.0,911025.8609059261,0.1363752728987367,1.5429030100334447,False
e211,ok,,0.2,1.9543444012743505,0.841497899676069,3.7139228354615437,1.767839999999966,0.4760034277288019,0.4760034277288019,6.035411517906832,0.9848126412662205,0.07914737663121721,3.000000029970001,15.912169051388375,24.94758059926521,9.035411547876834,0.06575719228233398,28.163520562707998,31.29280031259632,0.5399988791312674,24.965502848441965,1.0206286615897437,0.00593816849910745,16.020291228260913,1000000.0,985737.5562192292,31.292800312616016,0.1955745603834602,16.796565374319712,-2.1819824703785704,0.005298220719181469,21.874587479174206,1000000.0,985737.5562198495,0.10948880165590483,1.3501695652173913,False
e212,ok,,0.2,1.9648955674477224,0.8005091819074313,3.904087968301895,1.7678399999999987,0.4528176655734862,0.4528176655734862,5.826319875085334,0.8717103559996566,0.07995164869715296,3.00000002997,16.121260694197968,24.9475805992533,8.826319905055334,0.06648419928517993,28.163520562707138,31.292800312603653,0.5676486077692096,24.852605777956846,0.6440681924181532,0.0055695826352893125,16.330295289986978,1000000.0,937723.0353259511,31.29280031261508,0.2008310259142558,17.039453223457695,-2.61319466437149,0.005621036568240876,21.65322678450793,1000000.0,937723.0353262933,0.10553657973534236,1.4705060200668896,False
e214,ok,,0.2,1.9663526036671664,0.7707242700040281,4.0549628281248555,1.7678399999999996,0.4359694712213935,0.4359694712213935,5.79744590118061,0.8638251398708521,0.08058974798712044,3.00000002997,16.150134668103124,24.947580599253733,8.797445931150609,0.0665845934518083,28.163520562707127,31.29280031260417,0.5895855889082652,24.628405927637022,-0.16149169143996753,0.005832424723111396,16.308791810258594,1000000.0,902832.7447106544,31.292800312615068,0.20790983396432433,17.453147007373456,-3.6920149183461053,0.007607409035754311,18.2735068256448,1000000.0,902832.7447109687,0.1110151474104881,1.5659795986622074,False
e216,ok,,0.21,1.978842624549587,0.720073993585793,4.340190443536189,1.7678399999999994,0.4073185319858094,0.4073185319858094,5.54993212477944,0.7331815882043049,0.08179605232115046,3.00000002997,16.39764844450852,24.94758059925796,8.54993215474944,0.06744519336066972,28.163520562707127,31.292800312608303,0.6310572617035286,24.341935556973556,-1.8562849833248054,0.0055789492427257125,16.593421832812506,1000000.0,843500.5946037121,31.292800312615068,0.21627334770431722,17.57745785795458,-4.800713182426501,0.008693527010140987,17.294804295467127,1000000.0,843500.5946038944,0.1041877885665622,1.7464715719063544,False
e220,ok,,0.2,1.9327077263548658,0.8567571815735855,3.6477759776228678,1.7678399999999996,0.484635024421659,0.484635024421659,6.22301839583351,1.0661718280087007,0.10623806194067348,3.00000002997,15.48339674038799,24.7064151661915,9.22301842580351,0.06426636047035884,28.163520562707127,31.29280031259249,0.5252540888230213,24.809167409077215,2.598811152527212,0.006156504113598923,15.962176935265571,1000000.0,1003612.4044547258,31.292800312615068,0.19607976741464014,16.9441640484444,0.37619265113758177,0.005519475283135606,21.204207814826606,1000000.0,1003612.4044554499,0.11459179802287382,1.2859976588628763,False
e221,ok,,0.2,1.9099592221117794,0.8567571815726954,3.6477759776266394,1.7678399999999954,0.4846350244211567,0.4846350244211567,5.917793232152076,0.8937462815701367,0.10623806193136454,3.00000002997,15.032591393800985,23.95038465592306,8.917793262122075,0.06269892028249735,28.16352056270718,31.29280031258378,0.5091810116848694,23.873671835551583,2.861951279652877,0.005914408262192378,16.397682330063727,1000000.0,1003612.4044534061,31.292800312615125,0.18959073352801917,16.62764377618263,0.6229967008596978,0.0051615354446796265,21.92656452854346,1000000.0,1003612.4044544114,0.09377771535395789,1.2160448160535116,False
e222,ok,,0.2,1.959400011751302,0.8393929093803753,3.723236437518242,1.7678399999998475,0.47481271460112207,0.47481271460112207,5.935224876082924,0.9293127452089174,0.0791867672120278,3.000000029947876,16.012355693086576,24.947580599117376,8.9352249060308,0.06610553901204246,28.163520562293087,31.292800312355272,0.5413530630796509,24.8183412056715,1.4595646275349827,0.005413298605911512,16.280340157471326,1000000.0,983271.7532777612,31.292800312385793,0.19389100089085665,17.037646595574653,-1.7989970457701492,0.005528275642907102,21.30815968152377,1000000.0,983271.7532787201,0.1016583051499997,1.3560632107023411,False
e224,ok,,0.2,1.960583675670982,0.8330552071295024,3.751562007959584,1.7678399999999839,0.47122771694808924,0.47122771694808924,5.911768300445882,0.917243484879704,0.07930656610566279,3.00000002997,16.035812268838587,24.94758059925447,8.911768330415882,0.0661870970060869,28.16352056270726,31.292800312601564,0.5454715590603355,24.97976466160899,2.8155484000025988,0.0057037329662949915,16.16012114030462,1000000.0,975847.7167771616,31.29280031261522,0.1948532101472331,16.885042238010904,-0.5163824403787022,0.005148445575042792,22.32545679349086,1000000.0,975847.7167775874,0.10172412057856328,1.3739876254180603,False
e226,ok,,0.2,1.8671486520571068,0.856757181569424,3.6477759776405776,1.7678399999999976,0.48463502441930556,0.48463502441930556,6.039873959506792,0.9611761238156386,0.1062380619132088,3.00000002997,14.184217642944004,23.224091632420794,9.039873989476792,0.059749143574020336,28.163520562707138,31.29280031256702,0.4937401483441944,23.151310447251255,3.390939393049284,0.006185165207430436,16.556630660974026,1000000.0,1003612.4044490352,31.292800312615082,0.19218614855672306,16.40681995167639,0.7734787218324594,0.0049505428990796515,22.526120426546623,1000000.0,1003612.4044505765,0.10177398980746438,1.1488434782608696,False
e228,failed,Infeasible_Problem_Detected,0.23,,,,,,,,,,,,,,,,,,,,,,,,,,,,,,,,,,
e230,ok,,0.2,1.7546335301432983,0.8567571815581565,3.6477759776885588,1.7678399999999996,0.48463502441293144,0.48463502441293144,6.008133172543667,0.9436609249895245,0.10623806183552487,3.00000002997,11.954514186899507,20.962647389413174,9.008133202513667,0.05199651412879322,28.163520562707127,31.292800312513318,0.4456622371166853,21.948056262705027,4.840998470773184,0.00906109117364111,15.737660052161557,1000000.0,1003612.404434113,31.292800312615068,0.19151134494962316,16.26741119676941,2.988756126238197,0.006062993720983782,19.90959295222716,1000000.0,1003612.4044373762,0.0995312099272195,0.9396,False
e231,ok,,0.21,1.9053037534594781,0.85675718157127,3.647775977632727,1.7678399999999999,0.48463502442034917,0.48463502442034917,6.426743800755377,1.193322114526706,0.10623806192604118,3.00000002997,14.940334332110092,24.36707816283547,9.426743830725377,0.062378144525947955,28.163520562707127,31.292800312582333,0.5180398431601088,24.191942128154047,2.8151532994722035,0.005793489835882138,16.2836996496769,1000000.0,1003612.4044516875,31.292800312615068,0.20041093408636326,16.776809544844816,-0.1820004576021258,0.005235814528409481,21.95069241922437,1000000.0,1003612.4044527373,0.12330154439790524,1.2546,False
e266,ok,,0.2,1.8122178926971664,0.8567571815456221,3.6477759777413334,1.767839999999856,0.4846350244058806,0.4846350244058806,6.9950277457780174,1.4976292788234251,0.10623806171927438,3.0000000299700016,13.095659039402005,23.090686815150022,9.995027775748019,0.05596424946184119,28.163520562707618,31.292800312539324,0.4909039851489022,23.364922627885534,1.5474720626610186,0.008201601641418017,15.551192703486992,1000000.0,1003612.4044203456,31.29280031261559,0.21249255191253927,17.038629039165016,-0.879394251478203,0.007397146713934387,18.04598884288058,1000000.0,1003612.4044227917,0.17316292640253544,1.1365,False
e297,ok,,0.2,1.7406213811113518,0.8567571815550332,3.6477759777018566,1.7678399999999996,0.4846350244111647,0.4846350244111647,6.237176119185426,1.0807289549672237,0.106238061812308,3.00000002997,11.676836514852237,20.914012664007664,9.237176149155426,0.05103103502404501,28.163520562707127,31.292800312505477,0.44462827131625526,21.19254075516738,4.084414587097577,0.007489301914894575,16.67950585010102,1000000.0,1003612.4044302027,31.292800312615068,0.19638075815465844,16.019597487630463,1.7222252100265847,0.005165087077057069,22.05465938795666,1000000.0,1003612.4044337176,0.11382235914065666,0.9351,False
e325,ok,,0.2,1.8807593643246103,0.8567571815694273,3.647775977640565,1.7678399999999979,0.48463502441930734,0.48463502441930734,6.4278643482221565,1.1788585901801305,0.10623806191324982,3.00000002997,14.453940073723809,23.88180445191597,9.427864378192156,0.06068696248138812,28.16352056270714,31.292800312572602,0.5077230084793065,24.334814157202963,5.369066317560299,0.007985350222111866,15.395249566280269,1000000.0,1003612.4044492178,31.292800312615086,0.20043475673102132,17.18959973871925,2.5974548682249794,0.007381868659304439,17.77371744935318,1000000.0,1003612.4044505805,0.1262458880203516,1.209699331103679,False
e326,ok,,0.22,1.9102935217411496,0.8567571815715731,3.6477759776314356,1.7678399999999996,0.4846350244205207,0.4846350244205207,6.45449658073963,1.192725097427011,0.10623806192799658,3.00000002997,15.039216183662699,24.49371279437233,9.45449661070963,0.06272195452985997,28.163520562707127,31.292800312584227,0.5207320733986127,25.074061166703203,4.69719330289544,0.007895188718630068,15.232208149316552,1000000.0,1003612.4044521033,31.292800312615068,0.20100095336124146,17.343452510560844,1.8254654864652595,0.007254040806072036,17.99271587997819,1000000.0,1003612.4044530926,0.12866767251571398,1.2663170568561872,False
e327,ok,,0.2,1.9348452339078412,0.852546291681019,3.665793043844843,1.767839999999999,0.4822530838090662,0.4822530838090662,6.421825007269137,1.1970057063771153,0.07894382111823231,3.00000002997,15.525755562003496,24.947580599242634,9.421825037239138,0.06441364115328149,28.163520562707138,31.292800312593204,0.5330008787210203,25.58663031809067,4.024443499143063,0.007817911763489118,15.130439287298111,1000000.0,998679.7334239549,31.292800312615082,0.20129571298587365,17.427237927449752,1.052182309527992,0.007243497569817105,18.048756949112207,1000000.0,998679.7334246531,0.13117305463210008,1.319713043478261,False
e328,ok,,0.21,1.9386710804403056,0.8295292925610162,3.76750802367794,1.7678399999998624,0.4692332408821391,0.4692332408821391,6.346008501570108,1.1573125915734792,0.07937400419840064,3.0000000299209955,15.601572067428835,24.947580598919938,9.346008531491105,0.06467725345915376,28.163520561789156,31.29280031204003,0.5477900861375273,25.548181718713685,3.370715391442571,0.00777784981603729,15.238605615509682,1000000.0,971717.4314536534,31.29280031210626,0.20521632541371082,17.25046001551468,0.2776349452918308,0.006876562573956262,18.948837994973736,1000000.0,971717.43145571,0.13334874486621573,1.3840782608695652,False
e329,ok,,0.2,1.9435892873852136,0.8020945178122624,3.8963715574621185,1.7678399999999976,0.4537144299327221,0.4537144299327221,6.2485447767874005,1.106179843546214,0.07991901329230061,3.00000002997,15.699035792489068,24.947580599246468,9.248544806757401,0.0650161326700328,28.16352056270717,31.292800312596224,0.5665266530629297,25.334847126227462,2.8013086484481806,0.007740220674264736,15.364099496504554,1000000.0,939580.1108350278,31.292800312615114,0.21002225503287977,17.636693254618034,-0.7086342788221132,0.00825483702765375,17.132523285321003,1000000.0,939580.1108355949,0.13537765036968813,1.465623076923077,False
e330,ok,,0.2,1.949276001396052,0.8535368013223327,3.66153897612642,1.7678399999999983,0.4828133775241727,0.4828133775241727,6.135851605333155,1.0379401867640534,0.08077471118083257,3.00000002997,15.81172896357433,24.947580598877483,9.135851635303155,0.06540796432552157,28.163520562707184,31.29280031259807,0.5323823435680262,25.978404121183562,4.708051127798493,0.00857962364062479,14.806098596909804,1000000.0,999840.024559259,31.292800312615135,0.19495943042692984,17.56116388053088,1.9186149612762133,0.007710800486330614,17.12843860087044,1000000.0,999840.0245598041,0.11028070765409029,1.3170210702341136,False
e331,ok,,0.2,1.9485231048306964,0.8504828480555118,3.6746870001497856,1.7678399999999872,0.481085872056022,0.481085872056022,6.150771698629156,1.0475454556747734,0.07898143595902625,3.000000029970001,15.796808870655356,24.947580599254515,9.150771728599157,0.06535608749347793,28.163520562707564,31.292800312596263,0.534294046793838,25.800081015143164,4.0570711927566085,0.008291983492222172,14.93792103498872,1000000.0,996262.598601041,31.29280031261554,0.19597903847627815,17.53144250617235,1.1656226320591676,0.00772939400911631,17.151982306125575,1000000.0,996262.5986016548,0.11271217568412692,1.3253411371237458,False
e332,ok,,0.2,1.9505779235722311,0.8319077074794526,3.756736759981453,1.7678399999999879,0.47057861994267486,0.47057861994267486,6.110051514782267,1.0271525142247557,0.07932845179035729,3.0000000299700007,15.837529054498724,24.94758059925099,9.110051544752267,0.0654976706692266,28.16352056270728,31.292800312598136,0.5462239603393985,25.81929410275151,3.6213253734543907,0.008001844342579487,15.134639969370676,1000000.0,974503.5262553197,31.29280031261523,0.19946336735410528,17.399009457308257,0.8151881330333522,0.00688937003885451,18.755396914796563,1000000.0,974503.526255852,0.11528349917089345,1.3772622073578595,False
e333,ok,,0.2,1.9523993838124944,0.8161246592336012,3.829388354145264,1.7678399999999788,0.46165074850303817,0.46165074850303817,6.073955778287562,1.0089358701881175,0.07963571818368767,3.00000002997,15.87362479099796,24.947580599255524,9.073955808257562,0.06562317474416114,28.163520562707415,31.292800312598352,0.5567873945176806,25.586497737079934,3.1474185672381862,0.007738044329434899,15.308808288701844,1000000.0,956015.1338142502,31.292800312615388,0.2025151975094516,17.220760807689263,-0.13666380658765898,0.006785080816543753,19.154110492019555,1000000.0,956015.1338147708,0.1174652739514568,1.4232361204013377,False
e334,ok,,0.2,1.9553611283043595,0.7961657812155345,3.925386319452896,1.7678399999999963,0.45036076863038293,0.45036076863038293,6.015263117091623,0.9786862580912976,0.08004172590539221,3.00000002997,15.93231745218929,24.947580599250912,9.015263147061622,0.06582724782488468,28.16352056270718,31.292800312600285,0.5707453564790261,25.01423429159262,2.6966260203020727,0.007492344086213001,15.491505793324214,1000000.0,932635.1400555723,31.292800312615128,0.20624924161067856,17.963168046795193,-1.1358308513880604,0.009802394853252608,15.126301801229667,1000000.0,932635.1400560146,0.11933239151056146,1.4839836120401337,False
e335,ok,,0.2,1.917868906485813,0.8567571813512794,3.6477759785582022,1.7678399999972936,0.48463502429665073,0.48463502429665073,6.409026266994806,1.1655780866315213,0.10623806038037172,3.000000029914288,15.189336997595733,24.59836329450483,9.409026296909094,0.06324392126742302,28.163520561684656,31.292800311849827,0.5229569249865895,25.515713030655814,4.654497460448795,0.009330972674845341,14.588512221820446,1000000.0,1003612.4041720324,31.292800312060116,0.20003426245727135,17.65091006358809,1.556015815160259,0.009070620249572014,15.446384776588582,1000000.0,1003612.4041787767,0.12577973906569176,1.276,False
e336,ok,,0.2,1.939838814554101,0.8392145742841282,3.7240276341312972,1.7678399999999508,0.47471183720481014,0.47471183720481014,6.322867606397752,1.1423978875559406,0.07919011402880852,3.0000000299700025,15.624712962891243,24.947580599259,9.322867636367754,0.06475771384054861,28.16352056270801,31.292800312591616,0.5414681018904484,26.005442476114474,4.411704644004565,0.009196299077933179,14.618127250771089,1000000.0,983062.8500875933,31.292800312616016,0.2023456913243798,17.750913313053218,1.1666547384838504,0.008698964393787305,16.07516867665591,1000000.0,983062.8500883599,0.12798253496021855,1.356563879598662,False
e337,ok,,0.2,1.941570613416554,0.8241842995320021,3.7919410347591516,1.7678399999998944,0.4662097811634828,0.4662097811634828,6.288548681941984,1.1247541160867636,0.07947733974516462,3.0000000299497547,15.659031887234443,24.947580599126184,9.288548711891739,0.06487703997849635,28.16352056232863,31.292800312363767,0.5513426097515659,25.840424389241758,3.9522050327402356,0.008653042302146424,14.898977738080795,1000000.0,965456.2626973514,31.292800312405696,0.2052773280859384,17.446725458555544,0.8102749722009951,0.007702061532871895,17.647057995410563,1000000.0,965456.262698645,0.13104202601089096,1.3995394648829431,False
e338,ok,,0.2,1.942482771967368,0.8147630990481871,3.8357876900057506,1.767839999999992,0.4608805655761781,0.4608805655761781,6.270472507118208,1.115124749649235,0.07966278395476122,3.00000002997,15.677108062159556,24.947580599247765,9.270472537088207,0.06493989043819678,28.163520562707255,31.29280031259546,0.5577178484729685,25.778692324640357,3.3954665466679064,0.00837710964857314,15.050144915662214,1000000.0,954420.1910218649,31.292800312615213,0.20724687017796684,17.096737435499264,-0.03958242688252063,0.006699491015610988,19.44191069040246,1000000.0,954420.1910224673,0.13301747438373662,1.427285618729097,False
e339,ok,,0.2,1.946015988694495,0.7923527937378231,3.9442761990615223,1.7678399999999996,0.44820390631381984,0.44820390631381984,6.200455024903137,1.0785850293876147,0.08012161795567826,3.00000002997,15.74712554437355,24.947580599246685,9.200455054873137,0.06518333967034633,28.163520562707127,31.292800312597212,0.5734919169940453,25.240633814284728,2.8898167445520424,0.008173547896497343,15.226157314799043,1000000.0,928168.5751839319,31.292800312615068,0.21149893015237134,17.927540737981396,-1.1952354247972232,0.0098433007722561,15.265899848475206,1000000.0,928168.5751844614,0.13537417787499936,1.4959371237458194,False
e342,ok,,0.2,1.9364382881292836,0.8149179505547869,3.8350588098737637,1.7678399999998324,0.46096815919702244,0.46096815919702244,6.390255335683187,1.1788639445542615,0.07965959109209049,3.000000021273614,15.55732517516726,24.94758053212406,9.3902553569568,0.06452340776775212,28.163520399435082,31.29280021568755,0.5576118723278454,25.995372123632567,3.913923393933225,0.009233861092483957,14.709372940584112,1000000.0,954601.5823933345,31.29280022191311,0.2098847967361407,17.549345129224623,0.7000723541949825,0.008151916025263394,17.183312305955226,1000000.0,954601.582583248,0.14249671710268014,1.426824414715719,False
e343,ok,,0.2,1.940258228390368,0.7929508922334008,3.941301152707566,1.7678399999999987,0.4485422279354474,0.4485422279354474,6.314556114877893,1.1389870207533626,0.08010903514397191,3.00000002997,15.633024454397226,24.947580599245118,9.314556144847892,0.064786612712111,28.16352056270715,31.292800312595105,0.5730593496609171,25.9292218128247,3.5209636166292735,0.008638210322323843,15.038033591776712,1000000.0,928869.1926775511,31.29280031261509,0.21396036643735206,17.41933548336837,-0.004482564223583417,0.007100864598917459,19.088427827248168,1000000.0,928869.1926781442,0.14467780544763326,1.4940545150501672,False
e344,ok,,0.2,1.9437407250666512,0.771805684145482,4.049281224276266,1.7678399999999994,0.43658118616248204,0.43658118616248204,6.245543747983699,1.1024516586264541,0.08056571829156856,3.00000002997,15.702036821292388,24.947580599246088,9.2455437779537,0.065026567180597,28.16352056270713,31.292800312596402,0.5887594921245086,25.4184199947251,2.966259240520275,0.008804620511936725,15.065065648999374,1000000.0,904099.5221242158,31.29280031261507,0.21819356941093165,17.91633823559349,-1.228160705567532,0.01006612387265348,15.339383955035977,1000000.0,904099.5221247552,0.14717904858886735,1.5623842809364548,False
e360,ok,,0.2,1.9464068509184216,0.8278203235638272,3.775285743342865,1.7678399999999983,0.4682665419742895,0.4682665419742895,6.1927093384863,1.0791529166414768,0.07940690176283688,3.00000002997,15.754871230790688,24.947580599246987,9.192709368456299,0.06521027125016149,28.16352056270714,31.292800312597258,0.5489209550449674,25.354875697833062,4.184681025354312,0.00691428478957079,15.620034322565969,1000000.0,969715.5311410155,31.292800312615086,0.20226694071209178,16.98187978448814,0.9698908983647566,0.00574462106885069,21.119311141233137,1000000.0,969715.531141568,0.12228681849418063,1.389,False
e361,ok,,0.2,1.9472796378626045,0.8299742962731309,3.765488015270942,1.7678399999998327,0.46948496259458405,0.46948496259458405,6.175413386063327,1.067734464716065,0.07936546143045568,3.000000029926111,15.77216718297939,24.947580598968827,9.175413415989437,0.06527040889098804,28.16352056188496,31.292800312104774,0.5474963799059883,25.341883070554893,4.332968179910128,0.006826900530684818,15.651040938444725,1000000.0,972238.7124616703,31.292800312159347,0.2013624371082515,16.95771502660863,1.1488046916956183,0.005630238369868943,21.333829784657343,1000000.0,972238.7124633658,0.12107430052371641,1.3828,False
e374,ok,,0.2,1.9086569538604792,0.8567571815323917,3.6477759777921577,1.7678399999985217,0.4846350243987624,0.4846350243987624,6.168277790243351,1.0410673244346897,0.10623806208028011,3.0000000299353937,15.006784445477814,24.17506226565656,9.168277820178744,0.06260919009474579,28.16352056206636,31.292800312132446,0.5139576186249396,24.007833450147977,2.654555497571678,0.005778661011993523,16.37323636424629,1000000.0,1003612.4043925556,31.292800312264077,0.19491599167459006,16.693134005389926,0.09589949936088535,0.005197744142541092,21.946636427601675,1000000.0,1003612.4043967772,0.1090648773539003,1.2368334448160536,False
e377m,failed,too few converged polar points,0.01,,,,,,,,,,,,,,,,,,,,,,,,,,,,,,,,,,
e378,failed,Maximum_Iterations_Exceeded,1.37,,,,,,,,,,,,,,,,,,,,,,,,,,,,,,,,,,
e385,failed,Maximum_Iterations_Exceeded,1.29,,,,,,,,,,,,,,,,,,,,,,,,,,,,,,,,,,
e387,ok,,0.2,1.9694035198365745,0.8337830117729705,3.7482872899435615,1.7678399999998553,0.47163940841537627,0.47163940841537627,5.736986131783441,0.8209081443286221,0.07929271544864938,3.000000029969998,16.21059443752364,24.947580599277074,8.736986161753439,0.06679481072862535,28.16352056270863,31.292800312600598,0.5449954199116062,24.1581425503209,1.332344795788889,0.005242497941917899,16.381747198369364,1000000.0,976700.2731186186,31.29280031261676,0.1908648986232744,17.202064554353505,-1.8378690408144958,0.007793323233117461,16.994927590470528,1000000.0,976700.2731191231,0.09068898678469445,1.3719153846153846,False
e392,ok,,0.2,1.9667404617238753,0.8108180387521924,3.854450833888206,1.7678399999999965,0.4586489946783612,0.4586489946783612,5.789759748113092,0.8515921450751534,0.07974171689707865,3.00000002997,16.15782082117121,24.9475805992543,8.789759778083091,0.06661131803548963,28.16352056270716,31.292800312604186,0.5604314419490832,24.64457306197686,0.9884429195260712,0.0054746361557553086,16.341787420168963,1000000.0,949798.914965695,31.292800312615103,0.19745633157552858,17.65573531664476,-2.321033830351553,0.007511550435142388,17.80632335406326,1000000.0,949798.9149660263,0.10143389272101934,1.439095652173913,False
e393,ok,,0.2,1.9620223626211875,0.7927290368037224,3.942404176591045,1.7678399999999976,0.44841673273810045,0.44841673273810045,5.883257952586585,0.9027250793363787,0.08011370016271652,3.00000002997,16.064322616696227,24.947580599252813,8.883257982556586,0.06628622685301715,28.163520562707152,31.29280031260263,0.5732197276996508,24.813396935075776,0.27355351370556824,0.006275777192524114,16.032706970171475,1000000.0,928609.3094039495,31.292800312615093,0.20411032250538746,17.33268661506777,-2.972112145875686,0.007369229124194862,18.377244827629063,1000000.0,928609.3094043193,0.1152321722789957,1.494752508361204,False
e395,ok,,0.2,1.963987909213494,0.7495405544895528,4.169565271526024,1.7678399999999996,0.42398664725854884,0.42398664725854884,5.844306868009662,0.885933531574522,0.08107443903600356,3.00000002997,16.103273701273427,24.947580599253087,8.844306897979662,0.06642165890986691,28.163520562707127,31.292800312603376,0.6062486144271232,24.93734150787049,-1.0298753889540098,0.006718142555148888,15.998539855882965,1000000.0,878017.9662412795,31.292800312615068,0.2149246008498693,17.36141189086891,-4.456427172965711,0.007589020741681933,18.677331795352362,1000000.0,878017.9662416076,0.12285352265060547,1.6385,False
e396,ok,,0.2,1.9594061963381506,0.7511347764872038,4.160715710988306,1.7678399999999996,0.42488843814327315,0.42488843814327315,5.935102317179694,0.9340280956333723,0.08103701138215684,3.00000002997,16.01247825210187,24.947580599251566,8.935102347149694,0.06610596514761712,28.163520562707127,31.292800312601827,0.6049619014331279,24.96969938757356,-1.0792103266318653,0.006933332340395848,15.902048015211275,1000000.0,879885.4509927019,31.292800312615068,0.21667016903390107,17.415663426633987,-4.468004939802864,0.007849476133861685,18.29973306680931,1000000.0,879885.4509930742,0.13058133485601392,1.6329,False
e397,ok,,0.2,1.9553915577131613,0.7574349877468648,4.126107608121824,1.7678399999999999,0.42845222856529147,0.42845222856529147,6.014660099853663,0.9765881419984894,0.08089064229774746,3.00000002997,15.932920469426534,24.947580599250198,9.014660129823664,0.06582934450243949,28.163520562707127,31.292800312600455,0.5999299345386517,24.954378433852554,-1.001415376823291,0.006960718240178902,15.86627683816092,1000000.0,887265.5702456698,31.292800312615068,0.21678111991873047,17.36740929609924,-4.33121084584472,0.007783620038394551,18.35291236301868,1000000.0,887265.570246084,0.13513886250988316,1.611,False
e398,ok,,0.2,1.9538434115793146,0.7551501596109821,4.138591809620996,1.7678399999999994,0.4271597879960756,0.4271597879960756,6.045339591875273,0.9878761836935263,0.08094343957520543,3.00000002997,15.902240977404619,24.947580599249893,9.045339621845272,0.06572267258937904,28.16352056270713,31.292800312599912,0.6017451189447647,25.221932199697907,-0.8412015910405716,0.007247191289525748,15.756013835629664,1000000.0,884589.1037875526,31.29280031261507,0.21817702702607603,17.638538803660726,-4.183938731069735,0.007881322012969325,18.258640504563523,1000000.0,884589.1037879812,0.14157834633968647,1.6189,False
e399,ok,,0.2,1.949798986231935,0.7583062703224425,4.121366772123737,1.7678399999999985,0.4289450800538754,0.4289450800538754,6.125487655720939,1.0288883158625017,0.08087056095059483,3.00000002997,15.822092913558832,24.94758059924977,9.125487685690938,0.0654439995496685,28.16352056270715,31.292800312598473,0.5992406240068007,25.21884398310896,-0.8195036414064831,0.007265883602755008,15.73580005963863,1000000.0,888286.1978159942,31.29280031261509,0.2191941183786801,17.58007007918263,-4.123611784137668,0.0077276402778435555,18.496234370507278,1000000.0,888286.1978164659,0.1483124497629352,1.608,False
e403,ok,,0.2,1.9360565297042105,0.8063206886220542,3.87594949466179,1.7678399999999994,0.45610501438029144,0.45610501438029144,6.397820852294685,1.1927110307950934,0.07983264186580516,3.00000002997,15.549759716978546,24.94758059924323,9.397820882264686,0.06449710306753875,28.16352056270713,31.292800312593663,0.5635573153814037,24.809055943785847,-0.16930144401694894,0.006240213655631859,16.000740802464737,1000000.0,944530.6820577804,31.29280031261507,0.21229356032214863,17.27175944255095,-3.117363538992482,0.006796308322789272,19.460793783053845,1000000.0,944530.6820584267,0.14956934995838878,1.4527,False
e407,ok,,0.2,1.947595972423541,0.7678454546499838,4.070165743215375,1.7678399999999996,0.43434103462416507,0.43434103462416507,6.169144609723913,1.071954670936056,0.08065404604371676,3.00000002997,15.778435959553537,24.947580599247452,9.169144639693913,0.06529220528922879,28.163520562707127,31.292800312597755,0.591796070243624,24.783981297139803,-0.2997903523207639,0.005997981372567416,16.244466681310413,1000000.0,899460.4767428433,31.292800312615068,0.21750661326348902,17.050326663114642,-3.5024400554380173,0.006100518852567384,21.30026219132459,1000000.0,899460.476743341,0.14426852091972503,1.5756,False
e417,ok,,0.2,1.9367059817589647,0.8238278819219034,3.793581565009773,1.7678399999999945,0.4660081692471637,0.4660081692471637,6.3849507112309105,1.1862406690943363,0.07948428064203211,3.00000002997,15.562629858044085,24.947580599244997,9.38495074120091,0.06454185226246725,28.163520562707216,31.292800312593535,0.5515811404152219,24.787990744690845,-0.07719472851479552,0.006167515405425789,15.972979760326377,1000000.0,965038.7521864063,31.29280031261517,0.20749754919005417,17.35706633763449,-2.791651316202548,0.006996726710409308,18.844929682535483,1000000.0,965038.7521870736,0.14183703013933205,1.4005775919732442,False
e420,failed,Maximum_Iterations_Exceeded,1.26,,,,,,,,,,,,,,,,,,,,,,,,,,,,,,,,,,
e421,failed,Maximum_Iterations_Exceeded,1.24,,,,,,,,,,,,,,,,,,,,,,,,,,,,,,,,,,
e422,ok,,0.2,1.970653859694062,0.6851681674326592,4.561301026739777,1.7678399999999999,0.38757363077691376,0.38757363077691376,5.712208243653442,0.8074585978786155,0.07833851387749557,3.00000002997,16.235372325631932,24.947580599255375,8.712208273623443,0.06688096289582948,28.163520562707127,31.292800312605603,0.6632064129874613,25.292909081932653,-0.1864785726596255,0.009158906032609767,15.329371859083583,1000000.0,802611.6229457677,31.292800312615068,0.23160532041806275,18.000230110136016,-4.13131109078157,0.011408115404185673,14.87760986772003,1000000.0,802611.6229460106,0.13993697399053187,1.8863903010033445,False
e423,failed,Restoration_Failed,1.18,,,,,,,,,,,,,,,,,,,,,,,,,,,,,,,,,,
e426,ok,,0.2,1.9647897976607789,0.8048009813972554,3.883268457468859,1.767839999999984,0.4552453736748024,0.4552453736748024,5.828415906763668,0.8653071250519397,0.07986359500508186,3.0000000299700007,16.11916466252281,24.947580599256476,8.82841593673367,0.06647691142954985,28.163520562707262,31.292800312603077,0.564621481732435,25.39205678924018,4.06585513679199,0.007700285877585621,15.369915158836042,1000000.0,942750.4845239866,31.292800312615213,0.19980748304277246,16.956378146286443,0.8764780270153822,0.006923938490311752,18.92112597149711,1000000.0,942750.4845243522,0.10824243902439024,1.4573314381270903,False
e428,ok,,0.21,1.9627684236802638,0.8108997636669172,3.854062370751561,1.7678399999999999,0.45869522336123025,0.45869522336123025,5.868473318365044,0.8838153201939166,0.07974007404601356,3.00000002997,16.07910725091734,24.947580599252383,8.868473348335044,0.06633763269817076,28.163520562707127,31.292800312602967,0.5603749599844244,25.679366750846718,4.278523003563451,0.007817482670924653,15.296447534635966,1000000.0,949894.6482024878,31.292800312615068,0.1992045031349161,17.39645282623613,1.072473734948708,0.0071210208308244635,18.508994344895864,1000000.0,949894.6482028553,0.11123348968105065,1.4388498327759198,False
e431,ok,,0.2,1.9375264543373178,0.7863782866059215,3.97424282795102,1.7678399999999985,0.44482435435668505,0.44482435435668505,6.368691469695202,1.1825226175586676,0.08024835622096128,3.00000002997,15.578889099579012,24.947580599244212,9.368691499665202,0.06459838528453368,28.163520562707152,31.29280031259414,0.57784902044739,24.619500675080648,-0.10411224433439589,0.0065228549128012745,15.945817051770883,1000000.0,921169.9884231592,31.292800312615093,0.21700257403365053,17.67906680650183,-3.3272268997161905,0.008693422741802724,16.84267998954506,1000000.0,921169.9884237761,0.15119797843556693,1.5149,False
e432,ok,,0.2,1.9350557919726483,0.78344996750899,3.9890974474565057,1.7678399999999983,0.4431679153707297,0.4431679153707297,6.417652394408553,1.200777758811369,0.08031118120276234,3.00000002997,15.529928174864898,24.947580599243448,9.417652424378552,0.06442814923562086,28.163520562707152,31.292800312593236,0.5800088601205096,24.83022107024287,0.14801696334105305,0.0070903253785673396,15.711235334551805,1000000.0,917739.7313642025,31.2928003126151,0.218951967143172,17.69707685837926,-3.0435454366702013,0.008842389115839507,16.723084932971112,1000000.0,917739.7313648437,0.15976408938599676,1.5243,False
e433,ok,,0.2,1.9429723974897333,0.7809132292164904,4.002055732537207,1.7678399999999994,0.441732978785688,0.441732978785688,6.260769636063862,1.128776739318824,0.08036598650415913,3.00000002997,15.686810933211842,24.947580599245704,9.260769666033863,0.06497362710556463,28.163520562707127,31.292800312596142,0.5818929755770985,24.470275521740238,-0.20627842267239233,0.006084627901937267,16.160097016709393,1000000.0,914768.1752781948,31.292800312615068,0.21600398466130183,17.566851549903248,-3.5172259133907096,0.008370850483732527,17.28836865583665,1000000.0,914768.1752787482,0.14213177172960864,1.5325,False
e434,ok,,0.2,1.9442362939878102,0.8005759434043873,3.9037623992423214,1.7678399999999987,0.4528554300187731,0.4528554300187731,6.235723097057736,1.1106306668841837,0.07995027176638157,3.00000002997,15.711857472218428,24.947580599246166,9.235723127027736,0.06506071336597159,28.163520562707138,31.292800312596555,0.5676012705102833,24.487472231618046,0.6807453794303825,0.006106796666524442,16.08152383873283,1000000.0,937801.2402920065,31.29280031261508,0.2101289205228305,17.72838478638333,-2.699616302725771,0.00873589067686833,16.49852915924215,1000000.0,937801.2402925616,0.1333359815603337,1.4703,False
e435,ok,,0.2,1.9380375802456697,0.7690697075582311,4.063686600688749,1.7678399999999996,0.43503354803502087,0.43503354803502087,6.358562527158914,1.1688562386440893,0.08062664341091133,3.00000002997,15.589018042115251,24.947580599244166,9.358562557128913,0.06463360339299691,28.16352056270713,31.292800312594387,0.5908540125173508,24.7071952609037,-0.8836329473091101,0.006802018629475671,15.889059252457784,1000000.0,900894.5766619911,31.29280031261507,0.22164651262553522,17.59837188179028,-4.048201575539511,0.008622439722182611,17.184352216277258,1000000.0,900894.5766625864,0.16231843864133333,1.5715,False
e471,failed,Maximum_Iterations_Exceeded,1.3,,,,,,,,,,,,,,,,,,,,,,,,,,,,,,,,,,
e472,ok,,0.2,1.9590561567418967,0.7913183356742151,3.949432389855864,1.7678399999995982,0.4476187526441278,0.4476187526441278,5.942038802050879,0.9316609565641936,0.08014305759833351,3.0000000218031584,16.005541714561918,24.947580538415956,8.942038823854038,0.06608184674443432,28.163520409380858,31.292800223733895,0.574241621352367,25.85140835162789,4.662498189707494,0.008773597522837618,14.991876992319002,1000000.0,926956.7998735788,31.292800227440324,0.2058272089024431,17.495909727486342,1.933678828433384,0.008034488116635909,17.40121545125735,1000000.0,926956.7999833709,0.12088404756006936,1.4992,False
e473,ok,,0.2,1.9342069987901245,0.8079347793861656,3.8682061291809164,1.7678399999999994,0.45701804427219994,0.45701804427219994,6.434472863162026,1.178759434734081,0.07979989262049375,3.00000002997,15.513107706110548,24.947580599242574,9.434472893132025,0.06436966483896545,28.163520562707138,31.292800312592988,0.5624314415101384,25.506402324430372,5.274147551004223,0.00855518411310116,15.007066051734679,1000000.0,946421.4412455651,31.29280031261508,0.21269574290206464,17.766749064046945,1.9709107469505551,0.009069281290111988,16.106462102688468,1000000.0,946421.4412462333,0.1617542682926829,1.4478,False
e474,ok,,0.2,1.9412250158562319,0.8167772666845325,3.8263286615265715,1.7678399999995358,0.4620199037722571,0.4620199037722571,6.295396981650171,1.115538794006779,0.07962257162718712,3.0000000160949414,15.652183495597868,24.94758049334298,9.295396997745112,0.06485322790617797,28.163520302213474,31.292800158742864,0.5563425228322608,25.734051905682943,5.301981961035779,0.008679406866579564,14.919797127339848,1000000.0,956779.5988423566,31.292800167907483,0.2072916295225088,17.590107316959365,1.9656694160051618,0.008325542849832794,16.85660063296624,1000000.0,956779.5991225654,0.14073467787114846,1.4213,False
e475,ok,,0.2,1.9297841160199622,0.8273008797225669,3.777656161381148,1.7678399999999996,0.46797271230573306,0.46797271230573306,6.522120788439461,1.2423564328322483,0.07941692706554339,3.00000002997,15.42545978083108,24.947580599240542,9.522120818409462,0.06406491494745299,28.163520562707127,31.29280031259143,0.5492656103166864,25.97649308073129,5.5982448017064925,0.009061706944578009,14.72275587243727,1000000.0,969107.050355708,31.292800312615068,0.20964652191500346,17.63932359964428,2.1371959678614565,0.008111634802703114,17.146830687239248,1000000.0,969107.05035644,0.1499362520268705,1.3905,False
e476,ok,,0.2,1.849654972784251,0.856757181565321,3.64777597765805,1.7678399999999983,0.4846350244169845,0.4846350244169845,6.916733837765804,1.435178697065065,0.10623806188594424,3.00000002997,13.837546755776474,23.75428062351228,9.916733867735804,0.058543776591082744,28.163520562707138,31.29280031255963,0.5050118740726719,23.926944333754513,4.605277539681146,0.0074499899469945355,15.694502762067478,1000000.0,1003612.4044439916,31.29280031261508,0.21082803704231695,16.890740031938634,1.891717962929057,0.006393045535598555,19.698698559599706,1000000.0,1003612.4044457697,0.1672531675953708,1.1979,False
e477,ok,,0.2,1.8722500428988327,0.8567571804101377,3.647775982516686,1.7678399999855234,0.4846350237675093,0.4846350237675093,6.709981121756955,1.3193841635167387,0.10623805748777523,3.000000029496551,14.28531152018755,23.995292671441057,9.709981151253505,0.060100644728765654,28.163520553887366,31.292800306441467,0.5101357491772052,24.283441284520432,4.640291408071666,0.007421699728955338,15.622621280053453,1000000.0,1003612.4029027981,31.29280030775385,0.20643251059479614,16.96322390560839,1.8464877249658402,0.006357331698201379,19.680675089336553,1000000.0,1003612.4029448883,0.15345213569447408,1.2202,False
e478,ok,,0.2,1.9320057229796785,0.8278896529208173,3.7749695923504225,1.7678399999993297,0.46830575896072674,0.46830575896072674,6.478094882719205,1.1997100379806507,0.07940542023370871,3.000000012086642,15.469485566210276,24.947580461016123,9.478094894805846,0.0642179911532101,28.163520226961992,31.29280011231288,0.5488749911136835,25.564495462077744,4.975097629486363,0.008125892110165801,15.099162528021266,1000000.0,969796.7379129771,31.29280012610504,0.20852880920730202,17.50551032717351,1.8676108501135027,0.007755199672530143,17.628237313630027,1000000.0,969796.7383404106,0.15689043790702895,1.3888,False
e479,ok,,0.2,1.9270657008352927,0.828687525222501,3.7713349971813805,1.7678399999997867,0.468757085043104,0.468757085043104,6.575991140324848,1.2492698995658769,0.07939012426796382,3.0000000201564405,15.371589361982066,24.947580522463355,9.575991160481289,0.0638776084367472,28.16352037846135,31.2928002021241,0.5483465245797888,25.630777411994433,4.9133915861687605,0.00833323796381771,15.010228938561546,1000000.0,970731.3748649294,31.29280021026212,0.21047978839730877,17.579751882699387,1.869947867665262,0.007933733711916073,17.411755225860123,1000000.0,970731.3751173782,0.16553295876755778,1.3865,False
e485,ok,,0.2,1.938295161854216,0.8536182460914132,3.661189624179282,1.7678399999999996,0.48285944773928263,0.48285944773928263,6.353457958049878,1.1595737122154495,0.0812365508007149,3.000000027181997,15.594122574948669,24.947580560180548,9.353457985231875,0.06465135166662973,28.163520510364027,31.29280028157892,0.5323315485416007,25.533849498240528,4.105008760108569,0.0071833869657508135,15.403952324678974,1000000.0,999935.4286399884,31.292800283537538,0.19958411441362062,16.926996262497603,0.9666793048416147,0.00550575965410724,21.337268844756192,1000000.0,999935.4287025745,0.12516919862470885,1.3168,False
e49,failed,airfoil 'e49' not found in the aerosandbox UIUC database,0.0,,,,,,,,,,,,,,,,,,,,,,,,,,,,,,,,,,
e502,ok,,0.2,1.801683776668408,0.8567571814979369,3.6477759779415146,1.7678399999991663,0.48463502437909595,0.48463502437909595,6.796330584853754,1.3961948458350728,0.10623806135958908,3.0000000299700065,12.886905277988912,22.683235892812675,9.796330614823761,0.055238417265109085,28.163520562708662,31.292800312526875,0.4822416494416453,22.33545881541698,3.0999702086710097,0.006780696608742501,16.44263014981662,1000000.0,1003612.404364479,31.292800312616702,0.208268284845378,16.85323803215611,0.7110363410647018,0.006938756788051947,18.688264501730018,1000000.0,1003612.40436736,0.15660519642318121,1.0988,False
e520,ok,,0.2,1.8698038803925146,0.8567571815679721,3.6477759776467673,1.7678399999999996,0.4846350244184837,0.4846350244184837,6.666590987422716,1.3018805139721796,0.1062380619044695,3.00000002997,14.236836097204543,23.903427114597257,9.666591017392715,0.05993209677201497,28.163520562707127,31.29280031256822,0.5081827025277191,24.265781491709806,4.434077887520933,0.007449440178381536,15.641892424084094,1000000.0,1003612.4044473718,31.292800312615068,0.20551004355497676,16.920147470537405,1.7495235354455116,0.006113257345596888,20.131901126975254,1000000.0,1003612.4044488743,0.14998860306643952,1.2117,False
e521,ok,,0.2,1.8546448187063238,0.8567571815669596,3.6477759776510723,1.767839999999998,0.4846350244179114,0.4846350244179114,6.548738300840045,1.2438686567902777,0.10623806189704108,3.00000002997,13.936430145922905,23.48516847673295,9.548738330810044,0.05888759194465133,28.163520562707138,31.292800312561766,0.499290596642341,23.940488724835756,4.474206550504447,0.0077174495792490215,15.657641271277242,1000000.0,1003612.4044459796,31.292800312615082,0.2030045159385933,16.611254918436806,1.7486104581516275,0.0056708978851235416,21.000656897991238,1000000.0,1003612.4044476894,0.13767840436699558,1.173,False
e540,ok,,0.2,1.844479843308775,0.856757181565126,3.6477759776588177,1.7678399999999832,0.48463502441687833,0.48463502441687833,6.9663311657077,1.4937791255395916,0.10623806188678173,3.00000002997,13.734991615803605,23.701322811481305,9.9663311956777,0.05818719464483394,28.16352056270718,31.292800312557148,0.5038860002009351,23.74941458681341,2.0133727356002273,0.007460118292595622,15.708333126347307,1000000.0,1003612.4044436922,31.292800312615125,0.21188246760710386,17.293254115108287,-0.5633426154868284,0.007541873870447235,17.813210250516985,1000000.0,1003612.4044455515,0.16875245947878686,1.193,False
e541,ok,,0.2,1.8264302916715036,0.8567571815630765,3.6477759776675787,1.7678399999999916,0.48463502441571665,0.48463502441571665,6.965201536644,1.5000729241699269,0.10623806187174542,3.00000002997,13.377305049045827,23.342506615659826,9.965201566613999,0.056943526388371093,28.163520562707152,31.292800312549183,0.49625763029416786,23.41145780476093,2.143572972480288,0.007808335486287715,15.661677128362456,1000000.0,1003612.4044410309,31.2928003126151,0.2118584518902129,17.397244236560418,-0.36395461236422844,0.008181490474755663,16.903629038113056,1000000.0,1003612.404443145,0.16628316963385475,1.1598,False
e542,ok,,0.2,1.8261751543387776,0.8567571815626485,3.647775977669429,1.7678399999999985,0.4846350244154727,0.4846350244154727,6.982146061807075,1.4989643512967272,0.106238061867408,3.00000002997,13.372249012284954,23.35439510406203,9.982146091777075,0.0569259466607343,28.163520562707138,31.292800312549176,0.4965103774898821,23.498457449052243,2.6210299538525796,0.008023699858744621,15.552008982332394,1000000.0,1003612.4044405255,31.29280031261508,0.21221868954783868,17.34748095337833,0.07749489250645375,0.008164497301170977,16.935318721796236,1000000.0,1003612.4044426391,0.16860064332588026,1.1609,False
e543,ok,,0.2,1.8491098699277526,0.856757181565053,3.647775977659188,1.7678399999999976,0.48463502441683304,0.48463502441683304,7.002109344349852,1.5057182442622254,0.10623806188481341,3.00000002997,13.826744494690486,23.828853869010334,10.00210937431985,0.058506217368961465,28.16352056270713,31.29280031255943,0.5065972883003415,23.92725970372239,2.332941992208964,0.007655665859994013,15.569019120807244,1000000.0,1003612.4044436715,31.29280031261507,0.2126431054615504,17.307335640190207,-0.2721162513262136,0.007695291151934199,17.60376951157505,1000000.0,1003612.404445456,0.17218946239879504,1.2048,False
e544,ok,,0.21,1.8697085050958546,0.8567571815672747,3.647775977649676,1.7678399999999848,0.4846350244180933,0.4846350244180933,7.005681794556448,1.5023503793081932,0.1062380618965323,3.0000000299700007,14.234946052338405,24.240627876864853,10.005681824526448,0.059925525127948714,28.163520562707326,31.292800312567152,0.5153515320789335,24.402134279080098,2.077822658778367,0.007512276760410481,15.493314831747776,1000000.0,1003612.4044465291,31.292800312615277,0.21271905513096542,17.349774773412463,-0.5875819130482672,0.007434013025470609,17.994615202677767,1000000.0,1003612.4044480724,0.17503378986065715,1.2429,False
e545,ok,,0.2,1.8978774496899606,0.8567571815694355,3.647775977640536,1.7678399999999994,0.48463502441931156,0.48463502441931156,6.953261144868591,1.463791635237134,0.10623806191416005,3.00000002997,14.79316784551807,24.74642902035666,9.953261174838591,0.061866449917316886,28.163520562707127,31.292800312579466,0.5261047764052634,25.022149585524296,1.860822845560968,0.0074911023263742405,15.326051492761732,1000000.0,1003612.4044494467,31.292800312615068,0.2116046012364922,17.373957335280878,-0.9243893674398515,0.0072591545108392245,18.2409060335049,1000000.0,1003612.4044505885,0.17440417332645491,1.2897,False
e546,ok,,0.2,1.890909285307163,0.8567571815691624,3.6477759776417003,1.7678399999999996,0.484635024419157,0.484635024419157,6.844932777040022,1.4093328018471805,0.10623806191233945,3.00000002997,14.655080271667224,24.500013078677245,9.844932807010021,0.06138632248684899,28.163520562707127,31.292800312576748,0.5208660163487339,24.75449635639555,2.4281119454105022,0.007500792145776326,15.40778459525274,1000000.0,1003612.4044490396,31.292800312615068,0.20930155897992542,17.242771226706243,-0.34453970758270946,0.0071123657187270465,18.42479359730987,1000000.0,1003612.4044502686,0.16264572788009363,1.2669,False
e547,ok,,0.2,1.8700238955675421,0.8567571813831587,3.6477759784255888,1.7678399999980488,0.48463502431447664,0.48463502431447664,6.988624003052087,1.4863532651212579,0.10623806067713978,3.0000000299316003,14.241196121714264,24.229820154697954,9.988624032983687,0.0599472564793566,28.16352056199726,31.29280031204248,0.5151217619135214,24.471474172549758,2.3361323755168546,0.007680054301418887,15.419274172530628,1000000.0,1003612.404215126,31.292800312226873,0.21235640950054754,17.332168009796977,-0.3445667150092974,0.007422151016870521,18.004768790787743,1000000.0,1003612.4042210398,0.17387355458839576,1.2419,False
e548,ok,,0.2,1.891363692583019,0.856757181568171,3.64777597764588,1.7678399999999899,0.48463502441859896,0.48463502441859896,6.951064345402626,1.4555473829302397,0.1062380618996709,3.0000000299700007,14.664085225456727,24.615149600829355,9.951064375372628,0.06141763251137703,28.16352056270724,31.29280031257638,0.523313798782653,25.104820220496972,2.550717200741416,0.00820677438220332,15.05541377899988,1000000.0,1003612.404447872,31.29280031261519,0.21155789766228159,17.50071682165052,-0.15953308689833914,0.00791413722878065,17.264930841867997,1000000.0,1003612.4044491168,0.17388862690146972,1.277553177257525,False
e549,ok,,0.2,1.909001746354364,0.8506076356822914,3.674147908504441,1.7678399999999996,0.48115645968090526,0.48115645968090526,6.933963398384618,1.4674144001096594,0.07897915660989668,3.00000002997,15.013617170877948,24.947580599232566,9.933963428354618,0.06263294733038428,28.163520562707127,31.292800312583744,0.5342156636672262,25.33037086917279,1.7367292131748684,0.0076972502222217715,15.190016365455275,1000000.0,996408.7758523142,31.292800312615068,0.21272118330693132,17.42313673232763,-1.0981869746883561,0.007383352689641556,18.12058887405739,1000000.0,996408.7758533115,0.18092460947959235,1.325,False
e550,ok,,0.2,1.9145174238276021,0.8366597560220866,3.735399298346878,1.7678399999999923,0.47326667346710694,0.47326667346710694,6.824659645123095,1.3984700426321348,0.07923820863054208,3.0000000299700007,15.122920924145628,24.947580599238723,9.824659675093095,0.06301299405532228,28.163520562707344,31.29280031258487,0.543121525023437,25.491580564241477,1.9524821898442732,0.008217894189662994,15.025152765733925,1000000.0,980070.1149763408,31.2928003126153,0.2138878407200924,17.51037785171392,-0.8997137566973594,0.007874220447263373,17.52350976830658,1000000.0,980070.1149772938,0.18197360054347828,1.3637598662207358,False
e551,ok,,0.2,1.9164461489673679,0.8277163826256649,3.7757598269179256,1.7678399999999468,0.46820774653005354,0.46820774653005354,6.786438248050398,1.3765275997229982,0.07940890499943289,3.000000029955883,15.16114232114621,24.94758059915249,9.786438278006282,0.06314588900427297,28.163520562443537,31.292800312419175,0.5489898860981894,25.30289669341016,1.14716637855135,0.00773080457375036,15.265759167883537,1000000.0,969593.773866239,31.292800312469442,0.21535778245796366,17.384034523521418,-1.7907886755028648,0.0074549108564476805,18.25180913765268,1000000.0,969593.7738677964,0.18235899524847277,1.3893,False
e552,ok,,0.2,1.9223418352760975,0.8113865626554022,3.8517500898355035,1.7678399999997922,0.4589705870754692,0.4589705870754692,6.669603888024515,1.3048314557016742,0.07973027373214131,3.000000029912541,15.277976680981439,24.947580598918496,9.669603917937057,0.06355211947998468,28.163520561633693,31.292800311916306,0.5600387577786871,25.50884445133171,1.3931629500482507,0.008316424933121978,15.088887652938325,1000000.0,950464.8885180103,31.29280031202171,0.21706926428668497,17.52061930437949,-1.5767332048886504,0.007990026287756198,17.624092644181875,1000000.0,950464.8885212118,0.18427535479690837,1.4373866220735787,False
e553,ok,,0.2,1.9230304309719457,0.807242235642741,3.8715247141537827,1.7678399999998935,0.45662629855800846,0.45662629855800846,6.655958040735675,1.3019263978604967,0.07981391426126089,3.0000000299250322,15.291622528285886,24.947580598946594,9.655958070660708,0.06359956578864881,28.163520561865404,31.292800312069456,0.5629139588605486,25.349137012963904,0.9697458282439835,0.007726401925044045,15.349210390068302,1000000.0,945610.1897965169,31.292800312148877,0.21787578007991845,17.400308127572067,-2.086479508462222,0.007348201671001519,18.646176441712864,1000000.0,945610.1897989169,0.18119828916259811,1.4499,False
e554,ok,,0.2,1.9303873765335338,0.7862779569826235,3.974749944146107,1.7678399999999994,0.44476760169620766,0.44476760169620766,6.510166021568765,1.2154421171114174,0.0802505013578973,3.00000002997,15.437414547702659,24.947580599241423,9.510166051538764,0.0641064814066196,28.16352056270713,31.292800312591634,0.5779227543910385,25.424887178655226,1.2739042771740858,0.008355561539994703,15.178623333734082,1000000.0,921052.4614777128,31.29280031261507,0.2203075900426309,17.35277452491468,-1.8342674432838764,0.007959909344400391,17.942335789728507,1000000.0,921052.4614784027,0.18235,1.5152209030100334,False
e555,ok,,0.2,1.9410105039185677,0.7822414180005618,3.995260534258432,1.7678399999999994,0.4424842847772208,0.4424842847772208,6.299648329003525,1.1139438418080432,0.08033724741362551,3.00000002997,15.647932240271615,24.94758059924514,9.299648358973524,0.06483844675283061,28.163520562707127,31.292800312595446,0.5809049638125756,25.220607977755943,1.2742629869980056,0.007338771278059368,15.610962580594423,1000000.0,916324.0265366414,31.292800312615068,0.21654251689624274,17.11849062211234,-2.002307588584911,0.006759719757209134,19.846834486457908,1000000.0,916324.0265372159,0.16022038564520633,1.5282,False
e556,ok,,0.2,1.9451742517576305,0.76478701921737,4.0864426135241825,1.7678399999999996,0.43261099376491663,0.43261099376491663,6.2171356605840336,1.0699754516597242,0.08072288315707014,3.00000002997,15.730444908692915,24.947580599246947,9.217135690554034,0.06512534147018553,28.16352056270713,31.292800312596903,0.594162703076879,25.19679957897424,0.6968358324217198,0.007273057841334343,15.707202948826819,1000000.0,895877.8003388022,31.29280031261507,0.2195194133047454,17.131165396042828,-2.675442869315424,0.006747968250461147,20.10497769697042,1000000.0,895877.8003393224,0.16006139228847976,1.5859,False
e557,ok,,0.2,1.9484783980738927,0.7500806921786655,4.166562742099723,1.7678399999999996,0.4242921826515214,0.4242921826515214,6.151657648960159,1.0348892048542833,0.081061740367223,3.00000002997,15.795922920317778,24.947580599247935,9.151657678930158,0.06535300706381496,28.163520562707127,31.292800312598068,0.6058120510960329,25.1744768282124,0.09684347480393161,0.007206619468777755,15.792796637216076,1000000.0,878650.6879697205,31.292800312615068,0.22223335394545427,17.11181644124246,-3.3608929952834967,0.0066593185264291685,20.47935796129311,1000000.0,878650.6879701978,0.15997928790571767,1.6366,False
e558,ok,,0.2,1.9466760947847384,0.7585138472833319,4.120238907692089,1.7678399999999999,0.429062498463284,0.429062498463284,6.187373753642232,1.0478806480256677,0.08086582183424232,3.00000002997,15.760206815635012,24.947580599247246,9.187373783612232,0.06522882296028236,28.163520562707127,31.292800312597443,0.5990766341890624,25.463879795438295,1.0487260167103878,0.008150168944421228,15.377811728973255,1000000.0,888529.3551740913,31.292800312615068,0.22062022974216272,17.35808183987747,-2.3686175382439063,0.007662625117874355,18.632368851910712,1000000.0,888529.3551745916,0.16025793109933728,1.607286287625418,False
e559,ok,,0.2,1.9515263278014432,0.7359275393665752,4.246692912579354,1.7678399999999994,0.4162862812056382,0.4162862812056382,6.0912570616295465,0.9979580215185476,0.08140060843239763,3.00000002997,15.85632350764955,24.9475805992491,9.091257091599546,0.06556301856583238,28.163520562707127,31.292800312599127,0.6174628591931689,25.42932890905616,0.330475123603042,0.008160202555548196,15.470319901237739,1000000.0,862071.5684364055,31.292800312615068,0.22501234438751344,17.33129540099481,-3.2040114096526158,0.007685771829929634,18.904723735861957,1000000.0,862071.5684368446,0.16031710252431758,1.6873063545150502,False
e560,ok,,0.21,1.9548572811405107,0.7204163952145737,4.338127625023235,1.7678399999999996,0.4075122155933647,0.4075122155933647,6.025247817311237,0.9636346317696849,0.08178733805846289,3.00000002997,15.922332751969007,24.94758059925024,9.025247847281236,0.06579253124375414,28.163520562707127,31.292800312600274,0.6307573309473662,25.38494082384849,-0.358513047221943,0.00816479792849117,15.53551478716827,1000000.0,843901.686685757,31.292800312615068,0.22818810908883397,17.300052797147544,-3.999346128018896,0.007741259534691639,19.03726299244843,1000000.0,843901.686686156,0.16065213034396025,1.745166220735786,False
e561,ok,,0.2,1.9536671376558783,0.7078836999943975,4.414931811008974,1.7678399999999996,0.4004229455122622,0.4004229455122622,6.048832798562616,0.975160972366458,0.0811341456191688,3.00000002997,15.898747770717272,24.94758059924989,9.048832828532616,0.06571052678723252,28.163520562707127,31.292800312599862,0.6419245458256339,25.404367942304347,-0.35714317264913503,0.008455357126013101,15.480812458116409,1000000.0,829220.7844946249,31.292800312615068,0.2328349188248295,17.353659523746483,-4.015827053690157,0.008134133074981408,18.66108030176786,1000000.0,829220.7844950277,0.16891349035896983,1.7937678929765888,False
e562,ok,,0.2,1.953337942287261,0.7476985833665469,4.179837082916997,1.7678399999999996,0.42294471409547646,0.42294471409547646,6.055356437684176,0.9828719034685522,0.08111788181285132,3.00000002997,15.892224131595396,24.94758059924957,9.055356467654175,0.06568784423874868,28.163520562707127,31.292800312599752,0.6077421205885906,25.32155746663028,0.3278882041377022,0.007591344643300189,15.64571373977607,1000000.0,875860.2661279425,31.292800312615068,0.22059540084211252,17.191675530475163,-3.225616295593667,0.006987571300709778,19.864255759071916,1000000.0,875860.2661283711,0.15016587524848649,1.645,False
e580,ok,,0.2,1.9432863965384635,0.7633995032020416,4.093869923272471,1.7678399999999956,0.43182612861007985,0.43182612861007985,6.254547141241387,1.100539149413849,0.08075423458167866,3.00000002997,15.693033428039621,24.947580599251012,9.254547171211387,0.0649952625820191,28.163520562707202,31.292800312596047,0.595242622912826,24.933540277006482,-0.5903684069295559,0.007250793971020456,15.721923733675405,1000000.0,894252.452673989,31.292800312615153,0.2208110285539996,17.603261173479826,-3.8738344229298036,0.008625490808545666,17.2001344743773,1000000.0,894252.452674535,0.16071571805420776,1.5906,False
e582,ok,,0.2,1.9360644259231266,0.7993463291635254,3.909767458206027,1.7678399999999985,0.45215988390551526,0.45215988390551526,6.397664373536357,1.2004900031577292,0.07997566900965443,3.00000002997,15.549916195737213,24.947580599243572,9.397664403506358,0.06449764714071066,28.163520562707152,31.292800312593606,0.5684743971888215,24.721992797242386,0.028157896082796376,0.0067124048017845085,15.814787631236104,1000000.0,936360.8600635827,31.292800312615093,0.21414227265471406,17.733545665322332,-3.199844694764037,0.008756424647964046,16.59420481674196,1000000.0,936360.8600642255,0.14734536017467248,1.4741,False
e583,ok,,0.2,1.9219055899879383,0.8179257839326337,3.820955796959449,1.7678399999999996,0.46266957639414985,0.46266957639414985,6.678248928577671,1.3472947578465284,0.07960005546282697,3.00000002997,15.269331640690083,24.947580599237753,9.67824895854767,0.06352206086826845,28.163520562707127,31.29280031258856,0.5555613131934303,24.927411778494292,0.2782806205984687,0.007189560359190056,15.536326138287729,1000000.0,958124.9860904024,31.292800312615068,0.2155263384930749,17.747292475861684,-2.840645589916787,0.008637513153626847,16.65943359409899,1000000.0,958124.9860912139,0.16483221063369916,1.4179,False
e584,ok,,0.2,1.9163226892364729,0.8319294883178888,3.756638404437786,1.76783999999979,0.4705909405364669,0.4705909405364669,6.788884525801481,1.4104703057443797,0.0793279759512294,3.000000018648443,15.158695964626462,24.947580509076385,9.788884544449925,0.06313738277780677,28.163520350154748,31.292800183649533,0.5462096621050775,25.301369754671057,0.4992157169438861,0.008203124286952542,15.050612865829711,1000000.0,974529.0364928434,31.292800194540167,0.21432071593347035,17.894264262808196,-2.738598559123871,0.009241331473291045,15.798561114127532,1000000.0,974529.0368320026,0.16606247094646182,1.3772,False
e585,ok,,0.2,1.9396311669310324,0.7908436649687649,3.9518028708283683,1.7678399999999983,0.44735024943929635,0.44735024943929635,6.326982543248107,1.1596315252184901,0.0801534503215842,3.00000002997,15.620598026026986,24.947580599245093,9.326982573218107,0.0647434062963784,28.16352056270716,31.292800312594856,0.57458628392031,24.615407947593454,-0.07375884914181292,0.006465012479813455,15.955120878456281,1000000.0,926400.7693397789,31.292800312615103,0.21481667272737304,17.69068542470354,-3.290686515808098,0.008688441435743552,16.758429666823712,1000000.0,926400.7693403783,0.14616149546225193,1.5007,False
e587,ok,,0.2,1.933010174263151,0.7776582725732348,4.0188066864622485,1.7678399999999994,0.4398917733353896,0.4398917733353896,6.458190242112188,1.2251907453258621,0.08043683126062437,3.00000002997,15.48939032716022,24.947580599242407,9.458190272082188,0.06428720003858342,28.16352056270713,31.29280031259258,0.5843285394659667,24.796048258421155,-0.8076946690568131,0.006871695439382603,15.826743344340601,1000000.0,910955.2923126585,31.29280031261507,0.2215321235533694,17.481883248270602,-3.922511206156479,0.008101731833390887,17.835663713946367,1000000.0,910955.2923133133,0.16650871706520204,1.5431,False
e58,failed,Restoration_Failed,0.97,,,,,,,,,,,,,,,,,,,,,,,,,,,,,,,,,,
e591,ok,,0.2,1.9710589636296985,0.6495000666803769,4.8117905230916,1.7678399999999999,0.36739753975494216,0.36739753975494216,5.704180330338668,0.8004435043869614,0.07397526223520366,3.00000002997,16.24340023894689,24.94758059925556,8.704180360308667,0.06690887577230664,28.163520562707127,31.292800312605742,0.6996272147264034,25.072921232882663,-1.8215757741196124,0.008412556115124805,15.760802089084628,1000000.0,760829.7165570799,31.292800312615068,0.24409907957716365,17.628015876571315,-5.8500295843762125,0.010056917523723983,16.908461038880976,1000000.0,760829.7165573067,0.1566109103314158,2.0449,False
e593,ok,,0.2,1.9720750194111187,0.7726160632246413,4.045034027064121,1.7678399999999994,0.4370395868543768,0.4370395868543768,5.68404523161761,0.779492278082407,0.08054775567705126,3.00000002997,16.263535337668134,24.947580599255744,8.68404526158761,0.06697888506381384,28.16352056270713,31.292800312606065,0.5881419559407701,24.77081352254078,2.350617649501613,0.0067906595201184345,15.880537736794274,1000000.0,905048.8068385858,31.29280031261507,0.20472732196635224,17.51115813318304,-0.8671741511645121,0.00879765596565246,16.427673358003908,1000000.0,905048.8068388463,0.11297553008494468,1.5596966555183946,False
e598,ok,,0.2,1.9686414302270576,0.7780165920350284,4.016955804792517,1.7678399999999996,0.4400944610570123,0.4400944610570123,5.752088402526359,0.8240042355485915,0.08042900374557047,3.00000002997,16.19549216675815,24.947580599254508,8.752088432496357,0.06674230046826449,28.163520562707127,31.29280031260494,0.5840594240125806,24.63608647732228,2.026689205207225,0.0061068495765842085,16.160290192060963,1000000.0,911375.0306757049,31.292800312615068,0.20489921691806987,17.546577089504762,-1.0245806508946789,0.008249152318707431,17.15261298488789,1000000.0,911375.0306759998,0.1114238956421263,1.541928762541806,False
e59,ok,,0.2,1.9955643687558162,0.7718137952827115,4.04923866961361,1.7678399999999994,0.4365857743250022,0.4365857743250022,5.218558615049819,0.561981946439242,0.08056553726851051,3.00000002997,16.729021954251348,24.947580599271166,8.218558645019819,0.06859737170171154,28.163520562707127,31.29280031261367,0.5887533047395337,22.644452240300605,-1.7776345387004016,0.006494556732171735,16.011467042640103,1000000.0,904109.0235775335,31.292800312615068,0.19395482232020483,20.378013428499788,-4.518654597294433,0.022225251934712243,7.602789245407768,1000000.0,904109.023577574,0.05600000000000001,1.6507484949832776,False
e603,ok,,0.2,1.906300124238245,0.8288611705618069,3.7705449073958577,1.7678399999999972,0.468855309621803,0.468855309621803,6.987501234604532,1.5089204925557045,0.07938685109750462,3.00000002997,14.960079334658612,24.947580599233145,9.987501264574533,0.062446797461717135,28.163520562707202,31.29280031258236,0.5482316445207047,25.533474742340157,0.8834304178279287,0.008390337166265346,14.986084316553358,1000000.0,970934.7878690396,31.292800312615153,0.21947876753575093,17.367782505393965,-1.9074664862217112,0.007518741091597211,18.233402380868153,1000000.0,970934.787870057,0.18980839758971266,1.386,False
e604,ok,,0.2,1.9119532241846504,0.8121151253655688,3.8482946173332913,1.7678399999997936,0.4593827073522851,0.4593827073522851,6.875474187369344,1.4493317335751186,0.07971565656732289,3.0000000298402316,15.072106381145174,24.947580598354747,9.875474217209575,0.06283631301327039,28.16352056027679,31.29280031107328,0.5595363372120876,25.15006692630063,0.24326324759623047,0.007410108415705283,15.46371630644102,1000000.0,951318.3328393403,31.292800311268294,0.22149188574943335,17.21013997395534,-2.662807022385297,0.00693054825662174,19.36238778743929,1000000.0,951318.3328452689,0.18798287210142473,1.4352,False
e61,failed,Maximum_Iterations_Exceeded,1.39,,,,,,,,,,,,,,,,,,,,,,,,,,,,,,,,,,
e625,ok,,0.2,1.945642474426268,0.798313790414274,3.914824349931606,1.7678399999999992,0.45157581591901663,0.45157581591901663,6.207856928225739,1.087148652558941,0.07999705637931136,3.00000002997,15.739723641050862,24.9475805992466,9.20785695819574,0.06515760341672266,28.16352056270713,31.292800312597052,0.5692096617552899,25.840989745220085,4.45878782575783,0.008499098326087605,15.070316127562403,1000000.0,935151.3356860481,31.29280031261507,0.2100885544315227,17.216616278552458,1.3774998770035027,0.006872940981772221,19.344394638265324,1000000.0,935151.3356865866,0.13,1.4773,False
e62,failed,Maximum_Iterations_Exceeded,1.37,,,,,,,,,,,,,,,,,,,,,,,,,,,,,,,,,,
e635,ok,,0.2,1.9520701296051541,0.8295617609269054,3.767360566509148,1.7678399999999754,0.46925160700454616,0.46925160700454616,6.080480583412646,1.005305453167469,0.0793733825726938,3.000000029970001,15.867099985873786,24.947580599256433,9.080480613382647,0.06560048814151276,28.163520562707422,31.29280031259804,0.5477686460723478,25.89758324507333,3.706392173193837,0.00837665703358633,14.988788411778295,1000000.0,971755.4651815892,31.292800312615384,0.19937815418541385,17.35034633516363,1.211659984819324,0.007117253226150003,18.377365394113585,1000000.0,971755.4651821279,0.11630237615887834,1.3839849498327759,False
e636,ok,,0.2,1.9501621382585657,0.8318450968636718,3.757019518878268,1.7678399999999996,0.4705432034933433,0.4705432034933433,6.118291100135556,1.0252666824427388,0.07932964791689955,3.00000002997,15.829289469142408,24.947580599247964,9.118291130105556,0.06546902181375948,28.163520562707127,31.292800312598654,0.5462650730641312,25.87571054233155,3.1609330537652816,0.008078071542835161,15.102995580841373,1000000.0,974430.1836653871,31.292800312615068,0.1996587985991738,17.26991061456075,0.9194028680956194,0.006554839711129884,19.370215244851668,1000000.0,974430.1836658983,0.1188196838488878,1.3774411371237458,False
e637,ok,,0.2,1.9545015636051235,0.8035378471546899,3.8893728237764944,1.767839999999808,0.4545308665686811,0.4545308665686811,6.0322968353040585,0.981815087520878,0.07988921872106265,3.0000000223267445,15.915283684242162,24.947580541872966,9.032296857630802,0.06576802158948813,28.16352041920827,31.292800229046193,0.565509049265676,25.364204311000375,2.795978362720776,0.007900360125549202,15.291792285806805,1000000.0,941270.8361768902,31.292800232898188,0.20474312523862948,17.74077671321826,0.12554369098901377,0.008814260628701704,16.215727897328755,1000000.0,941270.8362927561,0.12095411595959596,1.461194314381271,False
e638,ok,,0.2,1.9561075976003497,0.7880872384537385,3.96562475968002,1.7678399999999992,0.4457910435637495,0.4457910435637495,6.0004703928706515,0.9658750100285738,0.08021190796343969,3.00000002997,15.947110176409685,24.947580599250337,9.000470422840651,0.06587868179878642,28.16352056270713,31.292800312600683,0.576595966085967,25.071477368256968,2.0393509322570504,0.007630918474397619,15.465838207804335,1000000.0,923171.8686643031,31.29280031261507,0.20802157219354286,17.830042251600478,-0.9380560455391467,0.009530509181089879,15.535769643886864,1000000.0,923171.8686647275,0.1234292839272848,1.5094464882943144,False
e639,ok,,0.27,1.8252001222427654,0.7807629005754336,4.00282629117833,1.7678399999999994,0.4416479435782842,0.4416479435782842,5.9943260568934145,0.9630207695567323,0.0803629883213958,3.00000001189599,15.953254344296942,24.947580413086346,8.994326068789405,0.06590004445056194,24.46797338471318,31.292800112781855,0.5820050167476116,27.458402659837233,1.7537103068489193,0.007801382192939481,15.425307794341034,1000000.0,914592.0732325065,27.18663698632177,0.27800000287752885,17.341043369769555,-0.9999999722596846,0.010279999978524395,16.249155949442997,1000000.0,794581.5841319788,0.12554984416762235,1.53298762541806,False
e63,failed,Restoration_Failed,1.03,,,,,,,,,,,,,,,,,,,,,,,,,,,,,,,,,,
e642,ok,,0.21,1.87965516959281,0.8567571815685086,3.647775977644482,1.7678399999999992,0.4846350244187873,0.4846350244187873,6.745884757587751,1.3627666899547664,0.10623806190805105,3.00000002997,14.432058332249706,24.17794311980746,9.74588478755775,0.06061088015178293,28.16352056270713,31.29280031257224,0.5140188650468077,24.628865292213657,1.985758527631088,0.0077370604054809765,15.410729556324942,1000000.0,1003612.4044481294,31.29280031261507,0.20719581531563985,17.094523085279974,-0.7868357056167191,0.006601907788400878,19.24845155895366,1000000.0,1003612.404449503,0.15068785123700165,1.2371,False
e64,ok,,0.2,1.9726567979164198,0.8214098083172653,3.8047491446413373,1.7678399999986196,0.4646403567731846,0.4646403567731846,5.6725159461394785,0.7938556268068377,0.0795314348548068,3.0000000216354947,16.275064570768034,24.947580538543008,8.672515967774974,0.06701897173095925,28.163520406243048,31.292800223162324,0.5532048917589276,24.32009688517482,0.6416352784901257,0.004556811899212427,16.761278202292996,1000000.0,962206.1981418922,31.29280022570276,0.19231036247850633,17.427326747233863,-2.733500675404853,0.006778054787442569,18.82460346514215,1000000.0,962206.1982200068,0.08442298213129726,1.407644481605351,False
e654,ok,,0.2,1.9321788381727327,0.767964722344113,4.069533631780052,1.7678399999999992,0.43440849983262814,0.43440849983262814,6.4746647650243325,1.2297568285174043,0.08065137115758526,3.00000002997,15.472915804248009,24.94758059924234,9.474664794994332,0.0642299184879453,28.163520562707138,31.292800312592263,0.5917041621773068,24.838565695332683,-0.559429251552362,0.0071920390357504554,15.728464969084767,1000000.0,899600.1878998877,31.292800312615082,0.22471912946119285,17.65104014064387,-3.6615259549941146,0.008775064594483514,17.070944345439695,1000000.0,899600.1879005436,0.17207160820270748,1.5752,False
e655,ok,,0.2,1.9227243928022562,0.7992171157695789,3.9103995696971987,1.7678399999999994,0.45208679279209607,0.45208679279209607,6.662022776627809,1.3320426953513562,0.07997834253608181,3.00000002997,15.285557792640603,24.94758059923841,9.662022806597808,0.06357847883858335,28.163520562707138,31.292800312588827,0.568566305263402,25.06063874052329,0.3186097478843875,0.007138680189687427,15.629936267782062,1000000.0,936209.4984317243,31.29280031261508,0.22020173806659607,17.384266044502592,-2.6441481935136952,0.007314899787741833,18.81987452859425,1000000.0,936209.4984325096,0.17328277550151183,1.4745,False
e656,ok,,0.2,1.9313658118112136,0.7892025830955711,3.9600203199303703,1.7678399999999994,0.44642195170126897,0.44642195170126897,6.490776445456425,1.2433505461631555,0.08018820495299997,3.00000002997,15.456804123815184,24.94758059924161,9.490776475426426,0.06417389853255757,28.16352056270713,31.292800312591993,0.5757810888479076,24.72178956442187,-0.18612499005582273,0.00692317540071595,15.760893844157907,1000000.0,924478.3925448612,31.29280031261507,0.21904367003793432,17.67712429333853,-3.28301816281427,0.008849800935978437,16.6763280198924,1000000.0,924478.3925455429,0.16206429663366337,1.5059,False
e657,ok,,0.2,1.9340035319162532,0.7875996711354363,3.9680796985242957,1.7678399999991337,0.4455152452347623,0.4455152452347623,6.438504747321557,1.2192550847139083,0.08022193642172243,3.000000022593982,15.50907577240891,24.94758054232445,9.43850476991554,0.0643556456997103,28.163520424243803,31.292800230131764,0.5769529122734852,24.683350223242712,-0.27338010075821806,0.006652957700803482,15.884259963525972,1000000.0,922600.7258692066,31.292800235705688,0.2182805985217742,17.69089616841417,-3.4097470625447905,0.008644440136945772,16.932530078747124,1000000.0,922600.7260335416,0.15567320394662,1.511,False
e662,ok,,0.2,1.9342144013868412,0.7940507319447574,3.9358420562698058,1.7678399999999994,0.44916436552219524,0.44916436552219524,6.434326166476299,1.2255725059829463,0.08008594713211484,3.00000002997,15.513254402796305,24.947580599242603,9.4343261964463,0.06437017490008702,28.163520562707138,31.292800312593005,0.572265605125027,24.69749704061673,-0.47290619968890824,0.00696006949332364,15.726605473604632,1000000.0,930157.5539553034,31.29280031261508,0.21641138178795957,17.85387434301873,-3.616806979375433,0.00942660157605227,15.871605121882956,1000000.0,930157.5539559596,0.15012856523392987,1.4906,False
e664,ok,,0.2,1.903269181042314,0.8567571815697423,3.6477759776392307,1.7678399999999996,0.4846350244194851,0.4846350244194851,6.97826776651523,1.498312653505034,0.10623806191614557,3.00000002997,14.900015368108095,24.878283164593327,9.97826779648523,0.0622379563826881,28.163520562707127,31.292800312581555,0.5289079725758395,25.549843540310526,1.2132713154380133,0.008122682112828534,15.006267497714424,1000000.0,1003612.4044498731,31.292800312615068,0.21213623766279535,17.360315914124374,-1.5602346995858227,0.006999092700681944,18.67012945469092,1000000.0,1003612.4044509479,0.16605888729417922,1.3019,False
e664ex,failed,airfoil 'e664ex' not found in the aerosandbox UIUC database,0.0,,,,,,,,,,,,,,,,,,,,,,,,,,,,,,,,,,
e668,ok,,0.2,1.9440934385187663,0.7829537008559614,3.991625893310575,1.7678399999999994,0.44288719615800165,0.44288719615800165,6.2385540528228525,1.1137747915416314,0.0803218752967331,3.00000002997,15.709026516453335,24.947580599246187,9.238554082792852,0.06505087019558807,28.16352056270713,31.29280031259652,0.5803764924024516,24.668835005786026,-0.04544313940692825,0.006248320011761115,16.07970809051744,1000000.0,917158.400527967,31.29280031261507,0.21492423251645063,17.56596328120128,-3.2452121491209565,0.007982127187799705,17.79910402028892,1000000.0,917158.4005285108,0.1389881211098359,1.5259,False
e66,ok,,0.2,1.9715775138369356,0.7623401252927746,4.099558926404079,1.7678399999999994,0.43122687872928256,0.43122687872928256,5.693904261046453,0.8125756633428107,0.0807783569264911,3.00000002997,16.25367630823911,24.947580599255563,8.693904291016452,0.0669446054372359,28.163520562707127,31.292800312605912,0.5960697955413073,24.456116253484442,-0.0247706562093251,0.0052368784599236325,16.60856807132391,1000000.0,893011.4886839895,31.292800312615068,0.20772249768193718,17.12706964759452,-3.5368963056903473,0.00663818975593395,20.049052021563945,1000000.0,893011.4886842507,0.10125872043899736,1.5942,False
e678,ok,,0.2,1.9406330613577818,0.7720419866444751,4.048041841847621,1.7678399999999994,0.43671485351868683,0.43671485351868683,6.307128078995621,1.1515631309886476,0.08056047515386712,3.00000002997,15.64045249027954,24.94758059924516,9.307128108965621,0.06481243982806474,28.163520562707138,31.292800312595297,0.5885792877552007,24.67136825846714,-1.4367572864186442,0.006981158939118321,15.801472669329593,1000000.0,904376.3288137498,31.29280031261508,0.21957972283613544,17.82359152561204,-4.889892895615192,0.00956511633075016,15.937344182427045,1000000.0,904376.3288143214,0.1507755373095807,1.5616,False
e67,ok,,0.2,1.9583140661277976,0.7880674927731894,3.9657241216768018,1.7678399999999987,0.4457798741815945,0.4457798741815945,5.9567449769663305,0.9512319797846724,0.08021232802436024,3.00000002997,15.990835592314873,24.947580599251204,8.95674500693633,0.06603071409973314,28.163520562707138,31.292800312601422,0.5766104131731123,24.527647526270837,0.33735387290210694,0.005472212975497869,16.416447431248457,1000000.0,923148.738411834,31.29280031261508,0.20701616409593684,17.040712441680864,-3.053480456114652,0.006387436097535396,20.276892439074082,1000000.0,923148.7384122368,0.1162050772675504,1.509509364548495,False
e682,ok,,0.21,1.8697864734850729,0.8567571815674508,3.6477759776489855,1.7678399999999992,0.484635024418189,0.484635024418189,6.820405516452073,1.4131603801016577,0.1062380619009854,3.00000002997,14.236491145868031,24.056896692290106,9.820405546422073,0.05993089738387151,28.163520562707127,31.29280031256821,0.5114454390542129,24.531820940692835,1.5498432763275607,0.007966797822072231,15.345596869358214,1000000.0,1003612.4044467611,31.292800312615068,0.20878011368668753,17.150718048003302,-1.1933069426167677,0.006903678412912051,18.758400168107954,1000000.0,1003612.4044482639,0.15298031153758085,1.2259,False
e68,ok,,0.2,1.944297661093779,0.8124487523889661,3.846714339099799,1.7678399999995411,0.4595714274986294,0.4595714274986294,6.234506989803972,1.0992518502834399,0.07970897643290314,3.0000000299614213,15.71307357959402,24.947580599359412,9.234507019765394,0.0650649417440527,28.163520562552414,31.292800312475542,0.559306567069711,24.59371598595875,0.7449022731171789,0.0057097306692472155,16.225128125524222,1000000.0,951709.1463194984,31.292800312532645,0.20703091424705708,16.974372518331062,-2.498788660342632,0.006214764569507283,20.385890986751285,1000000.0,951709.1463212351,0.1309417725839656,1.4342,False
e694,ok,,0.2,1.933469301235031,0.7845999972153148,3.9832504163804434,1.7678399999999994,0.443818443532964,0.443818443532964,6.449091758472275,1.2378723964452216,0.08028645259805231,3.00000002997,15.498488810800026,24.9475805992423,9.449091788442274,0.06431883526432687,28.16352056270713,31.292800312592753,0.5791587104628019,24.140869655436394,-1.9621921104754645,0.005851051976724808,16.253058509471483,1000000.0,919086.8856146361,31.29280031261507,0.21936090329325383,17.95772686416741,-5.175850630536941,0.009794582683183789,15.593846163321437,1000000.0,919086.8856152915,0.15433628985763112,1.5206,False
e715,ok,,0.2,1.9381763422584175,0.8356203822297359,3.7400455183494064,1.767839999999927,0.4726787391561286,0.4726787391561286,6.355812639163221,1.1301049607533307,0.07925785314346549,3.00000002808373,15.591767917443015,24.947580584689966,9.355812667246951,0.0646431645986039,28.16352052729268,31.29280029161594,0.5437970789408952,25.505365317570288,2.543077982519421,0.007824559838105484,15.19457658999739,1000000.0,978852.5833171569,31.292800292941237,0.2039341483178094,17.50018496051938,-0.37962883309647066,0.007619221786861014,17.6534245811961,1000000.0,978852.5833586127,0.1503598374407602,1.3667,False
e71,failed,Maximum_Iterations_Exceeded,1.37,,,,,,,,,,,,,,,,,,,,,,,,,,,,,,,,,,
e748,ok,,0.2,1.948232975783283,0.6878767751735857,4.54334028767193,1.7678399999999996,0.3891057873866333,0.3891057873866333,6.156521163484192,1.021891004880004,0.07867128108738437,3.00000002997,15.791059405794087,24.94758059924828,9.156521193454193,0.06533609673172508,28.163520562707127,31.292800312597983,0.6605949481309733,25.62273823429324,-0.07824746880945227,0.009359181289459933,15.245758666214998,1000000.0,805784.5083162016,31.292800312615068,0.2424584467732167,17.39758795037183,-3.7297968655654925,0.008541694969216728,18.48300045654031,1000000.0,805784.5083166417,0.19717966893454128,1.8750247491638796,False
e793,ok,,0.2,1.9542900517567423,0.7290116311583177,4.286979976758826,1.7678399999999996,0.41237421438496574,0.41237421438496574,6.036488558074073,0.9728880685189295,0.0815710211579041,3.00000002997,15.911092011205932,24.947580599250006,9.036488588044072,0.06575344743752434,28.163520562707127,31.29280031260008,0.6233205386507559,25.329369227341918,0.6510001286580369,0.007907028094122043,15.598302818197604,1000000.0,853970.2167172304,31.292800312615068,0.22577856445025282,17.274155834432165,-2.898705586950925,0.007532780873850525,19.234318294023424,1000000.0,853970.2167176395,0.15624559431603113,1.7128,False
e817,ok,,0.2,1.8568121178010712,0.8567571815682969,3.6477759776453835,1.7678399999999994,0.48463502441866757,0.48463502441866757,6.165346025276505,1.034411642579307,0.10623806190664084,3.00000002997,13.979379344214125,23.144725399460633,9.165346055246506,0.05903692535417675,28.163520562707127,31.29280031256276,0.4920528360377606,22.677318589816085,0.16116765978956563,0.005746126615702227,16.839024271671914,1000000.0,1003612.4044475774,31.292800312615068,0.1948536628497466,16.752132060114512,-2.4348473574195357,0.006069575596608032,19.983276450406912,1000000.0,1003612.4044492549,0.10980978654728982,1.1415,False
e818,ok,,0.2,1.68644745140797,0.8567571815472101,3.647775977735165,1.7678399999999996,0.4846350244067395,0.4846350244067395,5.942479748608298,0.9141725622229863,0.10623806175196626,3.00000002997,10.603275945992243,19.54575572457054,8.942479778578297,0.047298288745692876,28.163520562707127,31.292800312472128,0.4155393667920889,18.723331984063158,-0.49743732266849877,0.005359693079429846,18.80136172408711,1000000.0,1003612.4044199693,31.292800312615068,0.19011556457938833,15.951287160532535,-2.4799021304630045,0.005861563218327151,20.298539972791307,1000000.0,1003612.4044245535,0.09368717052253689,0.8085,False
e836,ok,,0.2,1.7334303545163317,0.8567571807492276,3.647775981101314,1.7678399999923946,0.48463502395743585,0.48463502395743585,6.405777675286826,1.1779652824501154,0.10623805715760594,3.000000029792325,11.534332501573664,20.940110206652815,9.405777705079151,0.05053555172669725,28.1635205593845,31.292800309800647,0.44518310102909364,20.99435734952962,4.157774926355831,0.007208782513903893,16.847355912584284,1000000.0,1003612.4034038445,31.29280031077657,0.19996519811695312,16.098396844497422,1.766948007966143,0.0054330054554088715,21.478681025103555,1000000.0,1003612.403435144,0.12636795422031474,0.9375147157190636,False
e837,ok,,0.2,1.7876485593614382,0.8567571815413804,3.6477759777592382,1.7678399999998184,0.4846350244034915,0.4846350244034915,6.780495504944276,1.3653571315025548,0.10623806168682425,3.0000000299700025,12.60877046371957,22.38926599863385,9.780495534914278,0.054271348687009544,28.163520562707603,31.29280031252665,0.47599190060211627,22.063393151601826,4.146961703039136,0.006741374174052198,16.580016940834657,1000000.0,1003612.4044149917,31.29280031261557,0.20793163379056798,16.6510444130795,1.797119958307237,0.006435559832716393,19.56533447703437,1000000.0,1003612.4044178434,0.1610412048192771,1.0716,False
e838,ok,,0.2,1.7509224469144655,0.8567571815469881,3.6477759777354537,1.7678399999998406,0.48463502440665746,0.48463502440665746,7.0640968728108655,1.5259990899118603,0.1062380617535818,3.0000000299700016,11.88097193799879,21.94506884077966,10.064096902780868,0.05174080936107621,28.163520562707433,31.292800312508625,0.4665483462900248,21.59857784281347,4.024832121846344,0.00707456148097063,16.556626520708257,1000000.0,1003612.4044209699,31.292800312615388,0.21396094953857744,16.75657525155236,1.8338593403610979,0.007005025287404611,18.696913753196572,1000000.0,1003612.4044243939,0.183672906701142,1.0305,False
e850,failed,too few converged polar points,0.01,,,,,,,,,,,,,,,,,,,,,,,,,,,,,,,,,,
e851,ok,,0.2,1.6928531435978393,0.8567571815478024,3.647775977732551,1.7678399999999774,0.4846350244070806,0.4846350244070806,5.896596518199297,0.8945307649310594,0.10623806175646053,3.00000002997,10.730217051962608,19.626813600131904,8.896596548169297,0.04773966015465137,28.163520562707163,31.292800312475876,0.4172626431264166,18.7512562378024,0.3008117059065399,0.005001917744695814,19.067951849693035,1000000.0,1003612.4044207959,31.292800312615107,0.18914009508198812,15.76095754094657,-1.7561257801406014,0.00510352010386446,22.064719594524746,1000000.0,1003612.4044252612,0.09015026566225273,0.816,False
e852,ok,,0.21,1.8071848363898488,0.85675718135913,3.6477759785186956,1.7678399999958199,0.4846350243014955,0.4846350243014955,6.018318838558873,0.9574061778150358,0.1062380613279549,3.000000029889959,12.995919354113273,22.014238222562106,9.018318868448832,0.055617456786741175,28.163520561218537,31.292800311387804,0.4680188754514886,21.389849378826394,0.35984185124764895,0.0054807940572048795,17.51670492908124,1000000.0,1003612.4041672474,31.292800311795975,0.191727890489894,16.335315368006547,-2.1097078627679595,0.005471720164160989,21.21864513999834,1000000.0,1003612.4041803381,0.10071713374645808,1.0369,False
e853,ok,,0.21,1.9496055385392643,0.8533387369546577,3.6623888384034036,1.767839999999999,0.48270134002775034,0.48270134002775034,6.129321193077511,1.0328006187898473,0.07965178745368388,3.00000002997,15.818259375616877,24.94758059866439,9.129321223047512,0.06543067042330032,28.163520562707184,31.29280031259819,0.5325059122797072,25.064715355953556,0.5375718372029094,0.006144000057172559,15.8825689111368,1000000.0,999608.0103310138,31.292800312615135,0.19486528992828692,17.138160472210473,-2.467873266274658,0.005970372572825762,20.21973085504065,1000000.0,999608.0103315552,0.11602263108390248,1.3175588628762542,False
e854,ok,,0.21,1.9467295302460972,0.8160240983708523,3.8298602600565226,1.767839999999712,0.4615938650392486,0.4615938650392486,6.186314554639688,1.0626600677824278,0.07963758888541282,3.0000000200237285,15.76126594910419,24.947580523767606,9.186314574663417,0.06523250528073524,28.163520375969917,31.29280020296557,0.5568560111464748,25.23195109549461,0.6038051336124659,0.0068252952490102945,15.703259347172567,1000000.0,955897.3326442896,31.292800208878173,0.20504812016735685,17.205508574901575,-2.5778075585042086,0.006409264742524046,19.923084756313898,1000000.0,955897.3328249012,0.13399092140321908,1.4235347826086957,False
e855,ok,,0.2,1.9357412335550994,0.805302855687431,3.8808483585121336,1.7678399999999153,0.45552926491507695,0.45552926491507695,6.404069051697326,1.1748856942692099,0.07985335117124058,3.0000000299700025,15.543511517615752,24.947580599283082,9.404069081667329,0.06447537821697254,28.163520562708772,31.292800312587037,0.5642696029293276,25.329311011191173,0.3677111039530509,0.0075321823702260236,15.438588919514613,1000000.0,943338.3841921159,31.292800312616865,0.21270320404393525,17.288287290892203,-2.8272942332028714,0.007094835410115033,18.960911340402173,1000000.0,943338.3841930152,0.15712157941362867,1.4558,False
e856,ok,,0.21,1.9331495333844848,0.7608934125196172,4.1073535585635295,1.7678399999999992,0.43040852821500675,0.43040852821500675,6.455428573199434,1.1975124302706006,0.0808113188395265,3.00000002997,15.492151996073561,24.947580599242997,9.455428603169434,0.06429680230012066,28.163520562707138,31.29280031259261,0.5972031235119071,25.52489991881785,0.5133365847677603,0.008347648888683556,15.290026053527596,1000000.0,891316.7974501416,31.292800312615082,0.2263470589256141,17.486740208837126,-2.921857353605621,0.007810417249608304,18.519629054924906,1000000.0,891316.7974507816,0.18148669571518633,1.599132441471572,False
e857,ok,,0.21,1.9320813926500784,0.7223283366745004,4.326644971438133,1.7678399999999994,0.4085937283207194,0.4085937283207194,6.476595835399049,1.202568033319133,0.08173876068245119,3.00000002997,15.470984733873252,24.9475805992423,9.476595865369049,0.06422320419909788,28.163520562707127,31.292800312592263,0.6290877701245756,25.588139336969974,0.9049435435343252,0.009181119848419544,15.147258977782403,1000000.0,846141.3506265533,31.292800312615068,0.23896547954189853,17.41351899883028,-2.8468327947542353,0.008388227634955787,18.30285923789141,1000000.0,846141.3506271698,0.20334491126861018,1.7379,False
e858,ok,,0.2,1.9172981274826233,0.735381977826461,4.249843428087808,1.7678399999999999,0.4159776777459844,0.4159776777459844,6.769554656170931,1.349313076546229,0.08141394395116333,3.00000002997,15.178025913095835,24.947580599236765,9.769554686140932,0.06320459287926472,28.163520562707127,31.292800312586856,0.6179209394816644,25.889147976319133,1.1840714605365887,0.010217277125533102,14.714725726529071,1000000.0,861432.4931638339,31.292800312615068,0.24197987399834242,17.593909774928505,-2.5410759815459665,0.009116320024477669,17.29751701293631,1000000.0,861432.4931646106,0.2269730786249149,1.6893,False
e862,ok,,0.2,1.8291128660080045,0.827681741411773,3.7759178549344847,1.7678399999999945,0.46818815130994634,0.46818815130994634,8.517115152344312,2.2739827533793924,0.07940957397589654,3.0000000299700043,13.43046541689335,24.94758059920767,11.517115182314317,0.0571283638078767,28.163520562708097,31.29280031254651,0.549012863134839,26.202358484743282,4.4760057838735055,0.011939419679257626,13.666565394320134,1000000.0,969553.1948674781,31.292800312616098,0.25345320986622344,18.450681223182574,2.0461242799232098,0.011508297212403968,14.462127204773353,1000000.0,969553.1948696341,0.32340490664145594,1.3894,False
e863,ok,,0.21,1.7826684622325324,0.8567571815427609,3.6477759777541072,1.7678399999999994,0.4846350244042228,0.4846350244042228,9.299033482055561,2.680480044013164,0.10623806171648859,3.00000002997,12.510080264650567,24.809113776676128,12.299033512025561,0.053928205054537715,28.163520562707127,31.29280031252817,0.5274374434389395,26.336469434495516,4.456895334330647,0.013004369349958517,13.1935619454124,1000000.0,1003612.4044165548,31.292800312615068,0.26147531309301303,18.968639749339328,2.1930041805029523,0.012689665663185903,13.534930430372567,1000000.0,1003612.4044193418,0.3571895443645084,1.2955,False
e864,ok,,0.22,1.6851489227917318,0.8567571814831292,3.6477759780079797,1.7678399999999947,0.48463502437049266,0.48463502437049266,9.747389191310386,2.9277143585472505,0.10623806119632816,3.00000002997,10.577543104982519,23.324932326262903,12.747389221280386,0.04720881622844824,28.163520562707127,31.292800312471257,0.4958840040073196,24.949243826207578,4.7139245752814585,0.014025599530198723,13.095263121273566,1000000.0,1003612.4043448792,31.292800312615068,0.27100727750076686,19.28785894382645,2.4393272585406924,0.013849403528431664,12.923318173132031,1000000.0,1003612.4043494913,0.3881694548097892,1.1581739130434783,False
e874,ok,,0.21,1.6134496910042382,0.8567571814787356,3.647775978024429,1.7678399999994479,0.4846350243681573,0.4846350243681573,5.722520789765097,0.7895813895090706,0.10623806116850176,3.0000000299700016,9.15668498215503,17.87920580189013,8.722520819735099,0.042268524060594094,28.16352056270732,31.292800312414172,0.3801088053577041,17.542762438147115,1.8720695055965746,0.005661079949331718,19.324586968976153,1000000.0,1003612.4043382121,31.29280031261526,0.18543927539011681,15.493165974613142,0.6957254830288326,0.0050182198312864424,22.2020408140792,1000000.0,1003612.4043446613,0.07900775473076416,0.6543,False
e904,ok,,0.21,1.5565747574192126,0.8567571814297529,3.647775978234532,1.7678399999998238,0.48463502434034655,0.48463502434034655,5.980666516563325,0.9582965850903764,0.10623806070137773,3.00000002997,8.02959882857897,17.010265375112297,8.980666546533325,0.03834967051178554,28.163520562707127,31.292800312365724,0.36163528305369774,16.387446333948745,1.7794728248352432,0.005082363357678459,20.359577578491464,1000000.0,1003612.404279066,31.292800312615068,0.19092740864969807,15.230778490141594,0.13811618674623122,0.004907946548678906,22.61543627405507,1000000.0,1003612.4042870628,0.08997828852430997,0.5739,False
e908,ok,,0.21,1.5984938769631412,0.8567571815054198,3.6477759779122283,1.76783999999979,0.48463502438315775,0.48463502438315775,5.9432449815842565,0.9337167358416032,0.10623806140738862,3.0000000299700007,8.860306773712518,17.803551785266777,8.943245011554257,0.0412380236057207,28.163520562707188,31.29280031240423,0.37850041411246854,17.163292159752217,-0.6933710117601459,0.005471671331351742,19.548632884731912,1000000.0,1003612.404368957,31.292800312615128,0.19013183330854497,15.818231864741959,-2.3254197294333907,0.0061802491320925934,19.63105493102181,1000000.0,1003612.404375721,0.09003927381329163,0.6473,False
ea61009,ok,,0.21,1.965866897381193,0.8483119230397066,3.6840909348464375,1.7678399999979444,0.4798578621598634,0.4798578621598634,5.80707096102447,0.8627887210756753,0.07902115639694407,3.000000024665106,16.140509574716212,24.94758056040579,8.807070985689576,0.0665511270752308,28.163520463119323,31.292800255246988,0.5356613660945275,27.038130553000506,4.997006521648944,0.010788472714655958,13.973373715761362,1000000.0,993719.5573739957,31.29280025729695,0.1891008093308038,17.51083485259052,1.7859378262315782,0.007929929925983169,16.642018687995513,1000000.0,993719.5574390932,0.09,1.3312919732441473,False
ea61012,ok,,0.22,1.9472966450213698,0.8374958844537064,3.731669998161192,1.7678399999998213,0.47373963959056875,0.47373963959056875,6.1750761212748175,1.0633059214268126,0.07922240745293635,3.0000000213494245,15.772504391080822,24.947580533705064,9.175076142624242,0.06527158112920793,28.163520400857337,31.29280021763607,0.5425792921636199,26.865372269855776,5.103139690250236,0.010398871258799788,14.166346258920179,1000000.0,981049.5597169336,31.292800222702613,0.1995466578656791,17.064787124684425,1.8251907808913361,0.0065585927527823645,19.31249054412928,1000000.0,981049.559875773,0.12,1.3614,False
ea81006,ok,,0.21,1.723867885922457,0.8567571815559503,3.6477759776979344,1.7678399999999952,0.48463502441168466,0.48463502441168466,5.54120050850396,0.704349872325841,0.1062380618181341,3.00000002997,11.344833798345306,19.886034336819264,8.541200538473959,0.049876668945044535,28.16352056270715,31.292800312495473,0.4227736308933411,21.249632932089085,3.6469187396152267,0.009954391746012821,15.495147840150434,1000000.0,1003612.4044309587,31.29280031261509,0.18158443773404295,16.779650145521448,1.9141290577729602,0.008001265456740906,16.215470675188143,1000000.0,1003612.4044347949,0.06,0.8399847826086956,False
ebambino7,failed,airfoil 'ebambino7' not found in the aerosandbox UIUC database,0.0,,,,,,,,,,,,,,,,,,,,,,,,,,,,,,,,,,
ec863914,ok,,0.21,1.9341591859830776,0.8220737219858002,3.8016763971613523,1.7678399999999999,0.46501590754016214,0.46501590754016214,6.435420365855694,1.2069357354324164,0.07951851654213246,3.00000002997,15.512160203416654,24.947580599242347,9.435420395825695,0.06436637039312153,28.163520562707127,31.29280031259301,0.552758117019806,24.80054423721089,-2.000300491496118,0.007745229795416097,15.282066609712565,1000000.0,962983.9148192381,31.292800312615068,0.2090585574233168,18.293059896974604,-4.406284132941164,0.011233159037159423,13.664700754985095,1000000.0,962983.914819917,0.1426764120493679,1.4057,False
eh0009,ok,,0.21,1.7561058620378358,0.8567571813771315,3.647775978448354,1.767839999997347,0.48463502431125965,0.48463502431125965,5.8808552661962326,0.876127127284559,0.10623806095831964,3.0000000299203395,11.983691275077149,20.86454657119372,8.880855296116572,0.05209796221558996,28.163520561780338,31.292800311757908,0.4435766309009866,21.005866080512767,3.9594476114444275,0.007031847705276188,16.989322526199313,1000000.0,1003612.4041993375,31.292800312103303,0.18880543884509962,15.907253397882348,1.7995308442245779,0.004962417448319859,22.426927890494508,1000000.0,1003612.4042104147,0.08998997571973638,0.9305230769230768,False
eh1070,ok,,0.23,1.6328041260613206,0.8567571815365614,3.6477759777805003,1.7678399999999987,0.48463502440071615,0.48463502440071615,5.612410684056084,0.7329194560833568,0.10623806166564925,3.00000002997,9.540230322571373,18.15264103659746,8.612410714026083,0.04360210269933271,28.163520562707127,31.292800312433467,0.3859219908587048,17.69865098115162,2.723099388064526,0.005431793141493214,19.420224406683726,1000000.0,1003612.4044062558,31.292800312615068,0.1830983536836472,15.40757902674348,1.2433349614270406,0.004764615670292456,22.844170261508012,1000000.0,1003612.4044120801,0.06999083509513743,0.6796,False
eh1090,ok,,0.21,1.8144633628643616,0.8567571815654249,3.64777597765761,1.767839999999999,0.48463502441704304,0.48463502441704304,5.8794847090064675,0.8753807113724821,0.10623806188727712,3.00000002997,13.140157347779782,22.01964208675625,8.879484738976467,0.05611896909277265,28.163520562707127,31.29280031254376,0.4681337605166326,21.839624561731025,3.6537152023932102,0.006240722650003207,17.02998941372185,1000000.0,1003612.4044436038,31.292800312615068,0.18877630099120746,16.21634780071372,1.466087841020169,0.0051436252396288825,21.953706939331177,1000000.0,1003612.4044458908,0.08990077452476758,1.0374,False
eh1590,ok,,0.21,1.8456241477308097,0.8567571815682181,3.6477759776457157,1.7678399999999985,0.4846350244186232,0.4846350244186232,5.87995113998091,0.875658588196022,0.10623806190623303,3.00000002997,13.757668207902226,22.637619377853134,8.87995116995091,0.058266040652425515,28.16352056270713,31.292800312557905,0.4812718502281333,22.48010798395955,3.5234184519071414,0.006195461729533877,16.79661419531278,1000000.0,1003612.4044473298,31.29280031261507,0.18878621723197433,16.372309733807217,1.2809058640767814,0.005274583095955945,21.624610460486075,1000000.0,1003612.4044491632,0.08991997502428195,1.0945792642140468,False
eh2010,ok,,0.22,1.8871435765828037,0.8567571815710231,3.6477759776337715,1.7678399999999983,0.48463502442020995,0.48463502442020995,6.025495493478889,0.9532966967121319,0.10623806192458284,3.00000002997,14.58045551355168,23.60595103700057,9.025495523448889,0.06112685385861446,28.16352056270713,31.29280031257523,0.5018584128610624,23.696915417393008,3.654478960071187,0.0065152983838444685,16.22295209739675,1000000.0,1003612.4044511714,31.29280031261507,0.1918804648697042,16.69103104594228,1.1255963311604489,0.005560680076695265,21.01543014388009,1000000.0,1003612.4044524491,0.10076657152768143,1.1841755852842808,False
eh2012,ok,,0.21,1.911194186352336,0.8567571814832808,3.6477759779986583,1.7678399999978927,0.4846350243711547,0.4846350243711547,6.281870105520572,1.090074752748726,0.10623806179307646,3.0000000299181444,15.057064585616212,24.33893472105493,9.281870135438716,0.06278401302591478,28.163520561746488,31.29280031191335,0.5174415185588311,24.62383913146913,4.042446575393692,0.006871145816487142,15.7607672236331,1000000.0,1003612.4043283571,31.29280031208859,0.19733094455142489,16.933899594260815,1.1337716369188036,0.00589620583963306,20.40299492168916,1000000.0,1003612.4043339774,0.11988596600763095,1.2519959866220736,False
eh2070,ok,,0.21,1.6227147856913033,0.856757181536435,3.6477759777803103,1.7678399999998224,0.48463502440069295,0.48463502440069295,5.612407601009651,0.7329054407565807,0.10623806167996967,3.000000029970001,9.340290645934976,17.952698276914628,8.612407630979652,0.04290691687981715,28.163520562707234,31.29280031242336,0.38167124256736235,17.525717494026345,2.285074512787746,0.005520871537809103,19.42852338325597,1000000.0,1003612.4044058836,31.292800312615174,0.18309828813861023,15.466261641195539,0.9307928055497735,0.005061975745593334,22.02696851674263,1000000.0,1003612.4044120355,0.06999105868109257,0.6611,False
eh2510,ok,,0.2,1.7796668468626249,0.8567571815612842,3.647775977675238,1.7678399999999985,0.48463502441470097,0.48463502441470097,6.014608702567156,0.947429790902153,0.10623806185829612,3.00000002997,12.450597485356907,21.465206217894064,9.014608732537155,0.05372138475070497,28.16352056270713,31.29280031252661,0.456346550389712,21.886516734866927,3.073577824943767,0.007773540873440785,16.318453964589498,1000000.0,1003612.4044382037,31.29280031261507,0.19164901359082523,16.27014298050903,0.9446985519898168,0.005718878928240526,20.65172576519201,1000000.0,1003612.4044410408,0.09994,0.9861,False
eh3012,ok,,0.2,1.8583312117343525,0.8567571815679914,3.647775977646673,1.7678399999999967,0.48463502441849543,0.48463502441849543,6.2820247873430946,1.0902566658722748,0.10623806190320284,3.00000002997,14.009483111027759,23.291507928340852,9.282024817313093,0.059141595483461554,28.163520562707152,31.29280031256325,0.49517340706953983,24.038729954597166,3.486345806503648,0.008694087939455166,15.251290175406403,1000000.0,1003612.4044472367,31.2928003126151,0.19733423303542647,17.065154970293477,0.6883122488300356,0.007375588465809488,17.696274092760362,1000000.0,1003612.4044488996,0.11976,1.15508127090301,False
eiffel10,failed,airfoil 'eiffel10' not found in the aerosandbox UIUC database,0.0,,,,,,,,,,,,,,,,,,,,,,,,,,,,,,,,,,
eiffel371,ok,,0.2,1.8633852485543465,0.8567571815676515,3.6477759776480956,1.7678399999999905,0.48463502441830486,0.48463502441830486,6.653440013853835,1.2976468835993604,0.10623806190328561,3.00000002997,14.109638567226353,23.763078611050187,9.653440043823835,0.0594898337824696,28.16352056270716,31.292800312565365,0.5051989177557863,24.154546631023877,1.952471405767217,0.008005172026911101,15.425388624276595,1000000.0,1003612.4044469098,31.292800312615103,0.20523045614455082,17.273723615482588,-0.9313672969228475,0.0075625404617907736,17.621903320845927,1000000.0,1003612.404448505,0.14426710239651416,1.1987140468227424,False
eiffel385,ok,,0.2,1.9557156270778897,0.7599088388117013,4.112675239423566,1.7678399999999994,0.4298515922321599,0.4298515922321599,6.008238042354293,0.9656902333283666,0.08083381833763738,3.00000002997,15.939342526926383,24.947580599250678,9.008238072324293,0.06585167385387737,28.16352056270713,31.292800312600562,0.597976888026246,25.51565173843877,-1.8755269195304982,0.008108043745153979,15.388561425997569,1000000.0,890163.4597163909,31.29280031261507,0.2159214657169878,17.55335180705649,-5.364681770502384,0.00803493859619522,17.92727896737856,1000000.0,890163.4597168036,0.1361606396404081,1.6025,False
eiffel428,failed,airfoil 'eiffel428' not found in the aerosandbox UIUC database,0.0,,,,,,,,,,,,,,,,,,,,,,,,,,,,,,,,,,
eiffel430,ok,,0.2,1.9744442073037245,0.7397556493753684,4.224716997077197,1.7678399999999994,0.4184516977641465,0.4184516977641465,5.637095218657356,0.7947489373864546,0.08130763990795033,3.00000002997,16.310485350629133,24.94758059925649,8.637095248627356,0.06714212921717808,28.163520562707127,31.29280031260686,0.6142675936302446,26.3797572793656,1.4582061739275154,0.011318166895366475,14.316459289641516,1000000.0,866555.8479653733,31.292800312615068,0.2126654203287677,18.112502590886734,-2.464886689788199,0.01135726459926044,14.043377865314586,1000000.0,866555.8479656006,0.0970602869473576,1.6734,False
esa40,ok,,0.21,1.967229442078318,0.7698780570794046,4.059419848197676,1.7678399999999994,0.4354908006829831,0.4354908006829831,5.7800696623031325,0.8550496300672559,0.08060859770012285,3.00000002997,16.16751090698091,24.947580599254046,8.780069692273132,0.06664501024885187,28.163520562707127,31.29280031260446,0.5902336330250111,26.06195169293965,5.575581987758643,0.009197014376051388,14.92399293188648,1000000.0,901841.4839354656,31.292800312615068,0.20772725483586899,17.339189989060962,2.65682976937213,0.007611643450661294,18.267922945478393,1000000.0,901841.4839357714,0.10715835339638866,1.5688,False
falcon,ok,,0.2,1.9345334898186444,0.8340789308834456,3.746957451962153,1.767839999999534,0.4718067986263833,0.4718067986263833,6.428002414841721,1.2020221436620462,0.07928702165911189,3.0000000154178874,15.519578056502931,24.94758048676254,9.428002430259609,0.0643921617187206,28.163520289497303,31.292800150083423,0.5448020666240471,25.363916513924494,3.734864878484339,0.007186947725878996,15.476029194490359,1000000.0,977046.9101228289,31.292800160840713,0.2058875090954996,17.104593134862085,1.2503883309766084,0.006216094429796057,20.15090896723481,1000000.0,977046.9104587008,0.13672153129346315,1.3710739130434781,False
fauvel,ok,,0.2,1.9423144699358628,0.8198935454154358,3.811785423943597,1.7678399999999987,0.4637826643901238,0.4637826643901238,6.2738077354385515,1.0983999897881251,0.07956127092055798,3.00000002997,15.673772833836953,24.947580599245505,9.273807765408552,0.06492829392332025,28.163520562707138,31.29280031259586,0.5542279545401958,25.516724782978695,4.9352644130563315,0.0077622635458500944,15.283567536901202,1000000.0,960430.0380652377,31.292800312615082,0.20602412679530288,17.11868546557376,1.9838103485917298,0.006681078321418799,19.40066260699749,1000000.0,960430.0380658277,0.13978282538444634,1.4120969899665552,False
fg1,failed,Restoration_Failed,4.08,,,,,,,,,,,,,,,,,,,,,,,,,,,,,,,,,,
fg2,ok,,0.43,1.6537134669099038,0.8567571600464521,3.647776069277734,1.767839999999944,0.4846350122445919,0.4846350122445919,5.826976422940343,0.856509514096955,0.10623837369766893,3.0000000124331665,15.27531196272405,24.10228839809756,8.82697643537351,0.06354285390994109,20.60178720894877,31.292800142994555,0.5124104772478736,29.15574853553427,1.7485810070552295,0.009658292918046358,14.59203090900189,500000.0,1003612.3737984073,22.89087458174106,0.3507000038972893,14.95381568742244,4.293233805915703e-08,0.009629999995642255,16.270160479963995,500000.0,734148.586010952,0.0816,1.2301,True
fg3,ok,,0.2,1.955147427597503,0.8371841479400275,3.7330595345001214,1.767839999999966,0.473563302074873,0.473563302074873,6.019498007452326,0.9885278780478718,0.07922831307823867,3.0000000299700007,15.928082561834467,24.947580599256796,9.019498037422327,0.06581252320507944,28.163520562707475,31.292800312598807,0.5427813268256632,26.77847071126546,1.7255502349600682,0.009591192323430232,14.472898409034963,1000000.0,980684.3919796115,31.292800312615448,0.1962360675644876,16.8743348012536,-2.655800828696958,0.005347238514818549,21.81462144479284,1000000.0,980684.391980133,0.1014,1.3622792642140469,False
fg4,ok,,0.21,1.9477134012374224,0.7871607837109461,3.9702921312548862,1.7678399999999996,0.4452669832739084,0.4452669832739084,6.1668175320144085,1.0737131645257771,0.08023164786843916,3.00000002997,15.780763037262703,24.947580599247114,9.16681756198441,0.06530029648679166,28.163520562707127,31.2928003125978,0.5772745949995719,26.812669462962983,2.8683202571042727,0.013681453017849503,13.31127481515198,1000000.0,922086.6119636848,31.292800312615068,0.2121155947155602,19.231278554699717,-2.4277996860186897,0.015816013766292245,10.699918620388052,1000000.0,922086.6119641935,0.127,1.5124,False
fx049915,failed,airfoil 'fx049915' not found in the aerosandbox UIUC database,0.0,,,,,,,,,,,,,,,,,,,,,,,,,,,,,,,,,,
fx05188,ok,,0.2,1.9068676891848488,0.8331912508265245,3.750949451881221,1.7678399999999947,0.47130467170475093,0.47130467170475093,6.976253844022953,1.5009301586562307,0.07930397478083868,3.0000000299700007,14.971326725244777,24.94758059923773,9.976253873992952,0.06248590438923234,28.163520562707472,31.292800312581598,0.5453824943141468,25.105742879993695,0.4913256460000011,0.00724383230548891,15.45444084581024,1000000.0,976007.0794814107,31.29280031261544,0.2180922594899835,17.21636324169873,-2.2743028982849007,0.006846860340729505,19.246208568403578,1000000.0,976007.0794824662,0.18810341353140644,1.3736,False
fx05191,ok,,0.2,1.9037640315644504,0.8302530449072164,3.764223792698112,1.7678399999999428,0.46964264011858725,0.46964264011858725,7.037758786730432,1.5438811149271154,0.07936011445418936,3.0000000299700043,14.909821782580329,24.947580599280766,10.037758816700435,0.06227205306820965,28.163520562709262,31.29280031257216,0.5473125638071387,24.786291040719245,0.5937119777413562,0.006331096377229917,15.875078842488115,1000000.0,972565.240917222,31.292800312617395,0.220213398688267,17.21020529202041,-2.2559446766914975,0.006387343286745084,20.122352419190335,1000000.0,972565.2409186278,0.19077186126266563,1.382,False
fx057816,failed,airfoil 'fx057816' not found in the aerosandbox UIUC database,0.0,,,,,,,,,,,,,,,,,,,,,,,,,,,,,,,,,,
fx05h126,ok,,0.2,1.9501766289534952,0.8348091170299838,3.7436800842752986,1.7678399999990377,0.47221983721967953,0.47221983721967953,6.118003580149304,1.021923431031974,0.07927317259978492,3.000000016841034,15.829576903455617,24.947580500445955,9.118003596990338,0.06547002086914251,28.163520316223575,31.292800168395893,0.5443255418731848,24.757808606328304,2.119097815922834,0.006794756584436831,15.647714070360262,1000000.0,977902.2567446145,31.292800175691827,0.1989436308691172,18.005599143930567,-0.1699493636999689,0.009618203411813051,14.89397841745622,1000000.0,977902.2569726129,0.12607799612465687,1.369,False
fx082512,failed,airfoil 'fx082512' not found in the aerosandbox UIUC database,0.0,,,,,,,,,,,,,,,,,,,,,,,,,,,,,,,,,,
fx08s176,ok,,0.2,1.9125625199853875,0.8469444020549928,3.690039461877726,1.7678399999998184,0.47908430743454145,0.47908430743454145,6.863399659368515,1.4318559076264237,0.079046353986003,3.0000000240910696,15.084180868513428,24.94758055197301,9.863399683459583,0.06287829558591038,28.16352045233559,31.292800245358052,0.5365262732753532,24.961128164324695,-0.023012040616638828,0.008162731210585979,15.0063976165123,1000000.0,992117.6317407724,31.29280025130275,0.21212369916710577,18.327049876505523,-2.984762533032404,0.011084607695073107,13.776623663050438,1000000.0,992117.6319292451,0.176010749233005,1.3350561872909699,False
fx2,ok,,0.2,1.8312837344590562,0.8567571815614479,3.647775977674541,1.7678399999999985,0.4846350244147935,0.4846350244147935,7.443991767366508,1.7606616435304168,0.1062380618588919,3.00000002997,13.473485348840589,23.917477146177095,10.443991797336508,0.05727794315676185,28.16352056270714,31.29280031255151,0.5084814037595612,26.08061644727906,1.2743155296927031,0.014030944910962757,13.004799924558375,1000000.0,1003612.4044391939,31.292800312615086,0.22203744891171534,18.901186944870865,-1.0661716007154578,0.013857218289072376,11.913629938441849,1000000.0,1003612.4044412329,0.20435360711002146,1.213,False
fx38153,ok,,0.21,1.9279485434028003,0.8018418557313294,3.8975993124598958,1.767839999999999,0.45357150858184553,0.45357150858184553,6.558496188818278,1.2992026552974654,0.07992420596923153,3.00000002997,15.389084380452111,24.94758059924039,9.558496218788278,0.06393843848741262,28.16352056270715,31.292800312590693,0.566705166821098,25.24614770236253,2.0826596137124938,0.00777408590335103,15.35102033177735,1000000.0,939284.140396546,31.29280031261509,0.2171292391529005,17.5243993863612,-2.085365181570888,0.008076128682363685,17.575351484039555,1000000.0,939284.1403972784,0.15536330130192189,1.4664,False
fx601001,ok,,0.2,1.9720527838137332,0.8019084047482844,3.897275857310666,1.7678399999999996,0.45360915283525916,0.45360915283525916,5.684485872728557,0.7842389524803729,0.07992283807977289,3.00000002997,16.263094696557012,24.94758059925557,8.684485902698558,0.06697735296444719,28.163520562707127,31.29280031260607,0.5666581369213018,25.238473985876226,0.5405433073070485,0.006487677662158444,15.905022358524445,1000000.0,939362.0964624559,31.292800312615068,0.1972589919956603,17.073806077344475,-2.7674888773186663,0.005951999134089648,20.800930751081623,1000000.0,939362.0964627261,0.10104827586206896,1.4661953177257525,False
fx60100,ok,,0.21,1.9782706918376864,0.7591438878102029,4.116819374802577,1.7678399999999992,0.42941888847984166,0.42941888847984166,5.561266071031849,0.7265101588154369,0.08085135182372853,3.00000002997,16.386314498256166,24.947580599258014,8.561266101001848,0.06740578548102165,28.163520562707127,31.292800312608108,0.5985794391718596,24.878788484467727,0.7979957984070932,0.006173160797315184,16.19768298364745,1000000.0,889267.3898260748,31.292800312615068,0.2054146229109203,17.156453101306838,-2.7060562600953064,0.006781419766858927,19.73921328487412,1000000.0,889267.3898262725,0.09992819463087249,1.6051224080267559,False
fx60100sm,ok,,0.21,1.9804014515373476,0.7450649412607289,4.194611895590913,1.7678399999999994,0.4214549627006568,0.4214549627006568,5.519040971103853,0.7060203815266284,0.08118028903483665,3.00000002997,16.428539598185164,24.947580599259016,8.519041001073852,0.0675526012166074,28.163520562707127,31.29280031260881,0.6098903564664623,24.80638090412583,0.8804095347613322,0.005860275005062017,16.38459442121395,1000000.0,872775.1961186982,31.292800312615068,0.20826392091301155,17.13310222080218,-2.682953010331782,0.006498337263973709,20.50750677372676,1000000.0,872775.1961188726,0.09978475167785235,1.6543494983277593,False
fx601261,ok,,0.2,1.9660850389406876,0.75235710803714,4.153955923608715,1.7678399999999999,0.42557986471464615,0.42557986471464615,5.802748210640946,0.8500503284551443,0.08100842201168322,3.00000002997,16.144832358642876,24.947580599253822,8.802748240610946,0.06656615743945975,28.163520562707127,31.29280031260408,0.6039790383608499,24.879965609647005,0.23021520813114596,0.006830024245757594,15.940678679260992,1000000.0,881317.3002170922,31.292800312615068,0.21311386874333424,17.627040197025515,-3.224195235011189,0.00860640026929766,17.085528134704383,1000000.0,881317.3002174017,0.12593394276094277,1.628622408026756,False
fx60126,ok,,0.2,1.9710341499715227,0.7251357580885798,4.309894017415466,1.7678399999999996,0.410181780075448,0.410181780075448,5.704672060680769,0.800560770561469,0.08166792580159463,3.00000002997,16.242908508604778,24.947580599255545,8.704672090650769,0.06690716603681737,28.163520562707127,31.292800312605735,0.6266522062213578,25.19097610903206,1.0379410879031767,0.00691597216347504,16.01009607281958,1000000.0,849429.98714646,31.292800312615068,0.21865054001265777,16.98318454110297,-2.5644189151786225,0.0061301807113482735,21.748923552555816,1000000.0,849429.9871467133,0.12590283892617452,1.7273,False
fx60157,ok,,0.2,1.9349054356069297,0.7813451673117007,3.9998433424152005,1.7678399999999992,0.44197730977447114,0.44197730977447114,6.420631994861695,1.2083840145736158,0.08035662931370466,3.00000002997,15.52694857441136,24.947580599243054,9.420632024831693,0.06441778923095379,28.163520562707138,31.29280031259325,0.5815712973304422,24.841967291799385,0.4263597020905976,0.006247631239424063,16.085735351298137,1000000.0,915274.1511130763,31.29280031261508,0.21961124312441815,16.99501294026735,-2.8606094591514903,0.005987301852846445,21.42160531465783,1000000.0,915274.1511137147,0.15672161280200816,1.5311,False
fx60160,ok,,0.2,1.9308361094158495,0.8173848948045483,3.8234842428147426,1.7678399999999934,0.4623636159406685,0.4623636159406685,6.501273516799031,1.2390819628468441,0.07961074854525393,3.00000002997,15.446307052474873,24.947580599243906,9.501273546769031,0.0641374004484095,28.163520562707255,31.292800312591265,0.5559289454755946,24.911705900493125,0.8400188703469631,0.006699814228630421,15.75404225665139,1000000.0,957491.3841201097,31.292800312615213,0.21172525979059753,17.086344988670668,-2.2678277233698183,0.0067167758435503514,19.48979582791899,1000000.0,957491.3841208426,0.15595,1.4195,False
fx60177,ok,,0.21,1.920343145834936,0.7889507132764103,3.961284542885074,1.7678399999999994,0.4462794785028117,0.4462794785028117,6.7092117633374215,1.36419422116591,0.08019355178131109,3.00000002997,15.238368805930037,24.947580599237458,9.709211793307421,0.06341440377879413,28.16352056270713,31.292800312587964,0.5759649049929789,24.36720877665981,0.21059658165664405,0.0062851299023251985,16.041951535659617,1000000.0,924183.3501683793,31.29280031261507,0.22415661614297935,16.299256906962135,-2.9399347756542453,0.0058491560146613965,21.688415570193794,1000000.0,924183.3501691798,0.17720153057957092,1.5067,False
fx61147,ok,,0.2,1.9444797551970572,0.7873682099514402,3.969246187616254,1.7678399999999967,0.4453843164265101,0.4453843164265101,6.23089844513356,1.0868273836628946,0.08022722015589526,3.00000002997,15.716682124144706,24.94758059924827,9.23089847510356,0.06507748857367225,28.16352056270717,31.29280031259651,0.5771225163438279,25.26403257453317,-0.005732723308896522,0.007338473583981941,15.590935808456138,1000000.0,922329.5927666653,31.292800312615118,0.21354212424990837,17.120280624507213,-3.20569766223564,0.006709369137054433,19.822792493506977,1000000.0,922329.5927672137,0.14764262247838617,1.511738127090301,False
fx61168,ok,,0.2,1.9314564175731013,0.7959041987200086,3.9266764399862573,1.7678399999999994,0.45021280133949276,0.45021280133949276,6.488980918091202,1.2250588062548862,0.08004718273927881,3.00000002997,15.458599651180592,24.947580599241792,9.4889809480612,0.06418014154136889,28.163520562707138,31.292800312592007,0.5709329380937302,25.366193334834083,0.15522730893949774,0.007620670740539646,15.438779920035424,1000000.0,932328.7201700351,31.29280031261508,0.21715820300220343,17.273944850491283,-2.8576395245495987,0.006951771160044113,19.390360138957767,1000000.0,932328.7201707227,0.16805533781620235,1.4848,False
fx61184,ok,,0.2,1.92548528347813,0.7863782866016558,3.9742428279725814,1.7678399999999994,0.44482435435427187,0.44482435435427187,6.607310419951629,1.2892795106396084,0.08024835650013795,3.00000002997,15.340270149318075,24.947580599239707,9.607310449921629,0.0637687124888231,28.163520562707138,31.292800312589833,0.5778490204505838,25.16386619354379,0.2323497781118485,0.0073926954849283764,15.572035854053244,1000000.0,921169.9884180352,31.29280031261508,0.22252959202032008,17.31100343310517,-2.7809048471813793,0.007192176383286082,19.185187491645753,1000000.0,921169.9884187784,0.18371691002241436,1.5149,False
fx63100,ok,,0.21,1.9860623462606666,0.7028695057897959,4.446427451832938,1.7678399999999996,0.39758660613505525,0.39758660613505525,5.406859458840854,0.6539773151869032,0.08051697755900997,3.00000002997,16.540721110449418,24.94758059926027,8.406859488810854,0.06794265384572824,28.163520562707127,31.292800312610645,0.6465039653492187,24.62255795863434,-0.33747201744272565,0.005832639519183927,16.543685824456528,1000000.0,823347.116190382,31.292800312615068,0.2178595224504273,17.28284720138317,-4.029139262403549,0.007461418119893401,19.38821028747406,1000000.0,823347.1161904985,0.0992448275862069,1.8136983277591974,False
fx63110,ok,,0.2,1.9823048814377917,0.695527450609278,4.4933643709709665,1.7678399999999996,0.3934334841440844,0.3934334841440844,5.481320848198077,0.6917546702463526,0.07961243945166807,3.00000002997,16.46625972109104,24.947580599259116,8.481320878168077,0.0676837532470377,28.163520562707127,31.292800312609433,0.6533285238678994,24.65617614341395,-0.27017195346694073,0.00608552502329406,16.46392595514335,1000000.0,814746.5724052031,31.292800312615068,0.2221092673790624,17.3035526329263,-3.9567351731865976,0.007685806732144491,19.19894920280444,1000000.0,814746.5724053498,0.10993931034482758,1.8434,False
fx63120,ok,,0.21,1.980362977168188,0.6820702717906734,4.582018004384066,1.7678399999999996,0.38582126877470446,0.38582126877470446,5.519803414696924,0.711454090366829,0.07795813089036907,3.00000002997,16.427777154591585,24.947580599258508,8.519803444666923,0.0675499502171492,28.163520562707127,31.292800312608797,0.6662186308504405,24.68107621002424,-1.295988276017733,0.006667675274968929,16.278043141944313,1000000.0,798982.7225282374,31.292800312615068,0.22751912809482194,17.53487533512455,-4.9597596710990395,0.008983476222262459,17.529627996122645,1000000.0,798982.7225283975,0.11992765957446809,1.8995,False
fx63137,ok,,0.2,1.9697995309209944,0.6983519026211209,4.475191166330301,1.7678399999999996,0.3950311694616713,0.3950311694616713,5.72913841077663,0.8172046393744492,0.0799602873937242,3.00000002997,16.218442158508562,24.947580599255193,8.729138440746631,0.06682209708037881,28.163520562707127,31.292800312605323,0.6506861668317703,25.112801618243576,-2.2647213516151132,0.008024925998233618,15.68449634860627,1000000.0,818055.1587068384,31.292800312615068,0.22767456784644347,17.67714243423542,-5.808997079449873,0.00960496746801424,16.616663175927457,1000000.0,818055.1587070932,0.13706573481384715,1.8319,False
fx63137sm,ok,,0.2,1.9746280964146803,0.6718517302089131,4.651708293775169,1.7678399999999994,0.38004102758672353,0.38004102758672353,5.6334511023890075,0.7692908932494754,0.07670532286047003,3.00000002997,16.314129466897707,24.947580599256714,8.633451132359006,0.06715479972859026,28.163520562707127,31.29280031260692,0.6763514957011325,24.597280819713983,-2.2165415395562493,0.006952815541255993,16.20638072686461,1000000.0,787012.6389298708,31.292800312615068,0.2340606762727358,17.71166927869639,-5.779634042239081,0.010060792425718017,16.45285007023266,1000000.0,787012.6389300758,0.13672105100671142,1.9436,False
fx63143,ok,,0.2,1.9298184533989085,0.8531763509318733,3.6630859050255484,1.7678399999999084,0.48260948441709517,0.48260948441709517,6.521440045711565,1.245829824137816,0.07893230192156607,3.0000000197783563,15.42614045417058,24.9475805196605,9.521440065489921,0.06406728136402756,28.163520371353517,31.29280019825415,0.5326072669393521,26.986427982399892,2.113191258973964,0.011811852567376914,13.586657067189885,1000000.0,999417.7863573958,31.2928002063083,0.2032737468868438,18.283696140690637,-1.033104037106891,0.010649490017745072,13.88573638510543,1000000.0,999417.7866146263,0.14317455331412104,1.318,False
fx63145,failed,Maximum_Iterations_Exceeded,1.24,,,,,,,,,,,,,,,,,,,,,,,,,,,,,,,,,,
fx63158,ok,,0.2,1.9438767202564733,0.7682630537613875,4.067953353085053,1.7678399999999996,0.4345772545939608,0.4345772545939608,6.242848741840759,1.0939877070969204,0.08064468916251992,3.00000002997,15.7047318274355,24.94758059924626,9.24284877181076,0.06503593765716131,28.163520562707127,31.292800312596462,0.5914743919957379,26.573726462153253,-0.01707500601463271,0.011779232759235491,14.017530717790004,1000000.0,899949.6557742842,31.292800312615068,0.21913581302444984,18.18134830525699,-3.2745353370095143,0.01123106596068688,14.22397870962671,1000000.0,899949.6557748193,0.15813356388088376,1.5742,False
fx6617a2,ok,,0.2,1.9118558438944349,0.8510974750761404,3.6720332948002268,1.7678399999999983,0.4814335432370244,0.4814335432370244,6.877403968500925,1.4244933901376928,0.07897021310336738,3.00000002997,15.070176600763887,24.94758059923481,9.877403998470925,0.06282960321318769,28.163520562707163,31.292800312584646,0.5339082019668516,25.550281590301168,0.9853436140809971,0.008206204231115163,14.971343540047311,1000000.0,996982.5777444439,31.292800312615107,0.2113883143071259,17.49861501769594,-1.860764251089275,0.007684753819638127,17.632353060705242,1000000.0,996982.5777454143,0.1819477004152028,1.323661872909699,False
fx6617ai,ok,,0.2,1.9200177176335709,0.8086946503960603,3.8645714597830296,1.7678399999999517,0.4574478744660616,0.4574478744660616,6.715660584935375,1.3366439918639228,0.07978441175666542,3.000000024063829,15.231919943425295,24.947580552424498,9.715660608999205,0.06339198107072692,28.16352045181903,31.292800245607634,0.5619029673114612,25.50619741258907,1.1455612124232215,0.008361768203275246,15.08173534847091,1000000.0,947311.5583643877,31.29280025101294,0.2188291771294319,17.464757075965107,-1.774151216880482,0.007891346223299163,17.828976159904546,1000000.0,947311.55852802,0.18833912182468907,1.4455,False
fx66182,ok,,0.2,1.9154951734140457,0.8377119271392157,3.7307076148154126,1.7678399999999903,0.4738618467390829,0.4738618467390829,6.805283657300961,1.3862078840082248,0.07921836602118035,3.0000000299700007,15.142296911968144,24.947580599239107,9.805283687270961,0.06308036393507685,28.1635205627074,31.29280031258499,0.5424393611873898,25.550806908394264,0.8059037540083366,0.008268963259402115,14.999646201584186,1000000.0,981302.636871079,31.292800312615363,0.21319790103155248,17.463357946072325,-2.0571295780148007,0.007694646118927133,17.7610106093422,1000000.0,981302.6368720314,0.1819477004152028,1.3607909698996656,False
fx66196v,ok,,0.21,1.9161257508156015,0.8069484373041483,3.872934280709252,1.7678399999999992,0.4564601079872323,0.4564601079872323,6.792787553773423,1.3839430206673824,0.07981988950656058,3.00000002997,15.154793015492583,24.947580599236005,9.792787583743422,0.0631238126097769,28.163520562707138,31.29280031258636,0.5631189077390043,25.53484107648726,0.5596090072127791,0.00855955504631358,15.009500528099435,1000000.0,945266.032023431,31.292800312615082,0.22104363290588472,17.523342899105927,-2.4095033817862648,0.008141233389206597,17.53873132221025,1000000.0,945266.0320242987,0.1956807793037368,1.4507919732441472,False
fx66a175,ok,,0.2,1.9206291523722734,0.85142210279401,3.6706332327340214,1.767839999999993,0.48161717281768335,0.48161717281768335,6.703543938368744,1.3134423066810748,0.07896428946100348,3.0000000279686505,15.244036616990243,24.947580583327635,9.703543966337396,0.06343411057916805,28.1635205251308,31.292800289910772,0.5337046354492275,25.761175930279816,0.3929607834309669,0.008653579017511116,14.784505667669873,1000000.0,997362.8485987167,31.292800291739535,0.2075883221306692,17.65611756821918,-2.4664557452553133,0.008186973561589874,16.823594723902424,1000000.0,997362.8486570029,0.1750933120408815,1.3227759197324414,False
fx66h60,ok,,0.21,1.7213719051739007,0.8567571815552011,3.647775977700888,1.7678399999999381,0.48463502441127654,0.48463502441127654,5.455731171660921,0.64502379360926,0.10623806180867396,3.00000002997,11.295371141178913,19.751102342809833,8.455731201630922,0.04970468838352668,28.163520562707184,31.29280031249356,0.41990500017206284,19.461098699024667,3.488681770174903,0.00651894722500365,17.781706910368193,1000000.0,1003612.4044300523,31.292800312615135,0.17976737450001534,15.747023270111317,1.584647372853409,0.005871481094251665,19.96355972687303,1000000.0,1003612.4044339512,0.06015037783375315,0.8275,False
fx66h80,ok,,0.2,1.8444677247161572,0.8567571775105108,3.647775994740572,1.7678399999560277,0.48463502213538634,0.48463502213538634,5.677145500798222,0.7572550392703106,0.10623804524242732,3.0000000284040667,13.734751495776734,22.411897024979023,8.677145529202289,0.0581863597087174,28.16352053357592,31.29280029176242,0.476473035163441,22.16086873170629,3.0420640973484745,0.006098378097827218,16.950179299580103,1000000.0,1003612.3990521146,31.2928002965812,0.18447460564404708,16.651668690629887,0.6871634529304441,0.006138029201545981,19.546846704083023,1000000.0,1003612.3992066609,0.07999819463087249,1.0736939799331104,False
fx66s161,ok,,0.2,1.9326109451935167,0.8228906588776685,3.7979022266001956,1.7678399999999999,0.46547801773784314,0.46547801773784314,6.466101733662097,1.1968134675149062,0.07950255433382684,3.00000002997,15.48147883560978,24.947580599241878,9.466101763632096,0.06425969195799842,28.163520562707127,31.292800312592455,0.5522093582106083,25.47318634351927,0.7839158559321925,0.007853545446318385,15.233162593980593,1000000.0,963940.8814090195,31.292800312615068,0.20953013695455838,17.45838053048351,-2.2096559678816874,0.007517794088253339,18.053252315136092,1000000.0,963940.8814097161,0.16112745768125197,1.4033117056856188,False
fx66s171,ok,,0.2,1.929256375837689,0.8131177298105773,3.8435495267430193,1.7678399999999441,0.45994984263881517,0.45994984263881517,6.532578833351956,1.2315514481739336,0.07969555117757145,3.000000024853116,15.415001701039198,24.94758055924427,9.532578858205072,0.06402855230071049,28.163520466637873,31.29280025513934,0.5588464091916104,25.550104364455464,0.8720541495053575,0.00814434595862509,15.152042529579372,1000000.0,952492.7902242879,31.29280025924533,0.21353763949834567,17.518996813397933,-2.1429049545188636,0.007728663845419479,17.907391469098656,1000000.0,952492.7903492664,0.17104515809645482,1.4321973244147157,False
fx66s196,ok,,0.2,1.9097354466579974,0.824519755885117,3.7903982812940833,1.7678399999999899,0.46639953609213597,0.46639953609213597,6.919423716302559,1.4569612206816411,0.07947081750320993,3.000000029970001,15.02815685296653,24.94758059923909,9.91942374627256,0.06268350148240462,28.1635205627075,31.29280031258244,0.5511182956782898,25.62629097184617,0.7204504827828653,0.008611246662701718,14.914410176797695,1000000.0,965849.2190333067,31.292800312615473,0.21913050395396408,17.574173642556296,-2.144818920067833,0.008025186418745276,17.52244070673731,1000000.0,965849.2190343263,0.19630626956244013,1.3985632107023411,False
fx67k150,ok,,0.54,1.4330979485557003,0.856757173943883,3.647776010107504,1.7678399999999994,0.4846350201058259,0.4846350201058259,6.660907455840237,1.3150296549324585,0.10623810083743516,3.000000023606228,13.467606116022543,23.12851359546901,9.660907479446465,0.05554474273988714,17.65763805710596,30.35673068813471,0.5225000008621373,26.682937111659083,7.56924731540307e-09,0.006440000001058649,15.876688995693284,1000000.0,973591.0785117667,19.61959768684728,0.5225000014339756,13.384973620183558,1.2589802020300592e-08,0.006440000001760899,15.876688984779044,1000000.0,629233.2816778139,0.14980194177764014,1.14,False
fx67k170,ok,,0.2,1.902898325117448,0.8567571815698365,3.6477759776388297,1.7678399999999996,0.4846350244195383,0.4846350244195383,6.943466894370228,1.4705334316096583,0.10623806191676083,3.00000002997,14.89266614496988,24.836133069310108,9.943466924340228,0.06221240329689706,28.163520562707127,31.292800312581413,0.528011868881949,24.491848020619987,-0.09802877910569628,0.00681946160065726,15.59823013275049,1000000.0,1003612.4044499788,31.292800312615068,0.21139637717447918,18.044214276622384,-3.0728307466610127,0.009493735993512286,15.28911347060896,1000000.0,1003612.4044510581,0.17006,1.298,False
fx68h120,ok,,0.2,1.8645480752762174,0.8567571558686637,3.6477760870143046,1.7678399999875833,0.48463500988476405,0.48463500988476405,6.314123129949195,1.1126482368994073,0.10623801833904459,3.000000013817756,14.132682550675787,23.446805694442737,9.31412314376695,0.059569956773954436,28.163520259474957,31.29280011740172,0.4984750317307324,23.797118949708477,2.60115480634198,0.0074954316933039805,15.78098545581697,1000000.0,1003612.3680907238,31.292800144173416,0.19801664594164342,16.761687146771692,0.3924963254946244,0.006146855180799166,19.903973051137907,1000000.0,1003612.3689493369,0.11807000000000001,1.1694505016722407,False
fx69h083,ok,,0.2,1.785519068074605,0.8567571815624643,3.647775977670214,1.7678399999999985,0.4846350244153685,0.4846350244153685,5.852162506144414,0.8728500260542766,0.10623806186620721,3.00000002997,12.566570499827671,21.418733035942086,8.852162536114413,0.054124620348874025,28.16352056270713,31.29280031252957,0.45535853862455816,20.83920502190795,2.1041482428137805,0.0053659432478009965,17.87814220986333,1000000.0,1003612.404439681,31.29280031261507,0.18819543571162486,15.910760654090168,0.15175808539652838,0.0045348694348367555,23.616390485472827,1000000.0,1003612.4044424231,0.08398794964028777,0.9818,False
fx69h098,ok,,0.2,1.958179188207789,0.8379434109434263,3.72967699821319,1.7678399999999999,0.47399278834251196,0.47399278834251196,5.959417842259534,0.9505644060367564,0.07921400740218322,3.00000002997,15.988162727021093,24.947580599250628,8.959417872229533,0.06602142060641082,28.163520562707127,31.292800312601408,0.5422895110597399,25.592543233705722,2.916233972844933,0.007096035026507491,15.501584954000505,1000000.0,981573.7989024798,31.292800312615068,0.1947522854161237,16.947879245435228,0.42437505977038814,0.005461700891879913,21.49968491601372,1000000.0,981573.7989029082,0.09885287958115184,1.360138795986622,False
fx69pr281,ok,,0.2,1.875760009775504,0.7833258418602278,3.989729559002155,1.7678399999999996,0.44309770220168565,0.44309770220168565,7.592712317397425,1.7707771074306158,0.08031385491606448,3.00000002997,14.354868251851927,24.947580599219354,10.592712347367424,0.060342491954891095,28.16352056270713,31.29280031257066,0.5801007682032338,26.393874258035474,-0.08151406150908139,0.011951678476391154,13.88368841822127,1000000.0,917594.3295583515,31.29280031261507,0.24631007987357828,18.235594968130034,-3.473718904330322,0.011041317508124092,15.001149923479712,1000000.0,917594.3295596538,0.2812301579541181,1.5247,False
fx71089a,ok,,0.21,1.9642630079057328,0.8491831994187371,3.680310995011215,1.767839999999881,0.48035071014276987,0.48035071014276987,5.838855258000725,0.8793064251747277,0.0790052216932109,3.0000000299496787,16.10872531117487,24.947580599125274,8.838855287950404,0.06644061403598894,28.163520562326706,31.292800312378674,0.5351117673207499,26.570147849720804,4.399311355107626,0.009489088924175739,14.459827790555776,1000000.0,994740.1794988409,31.292800312404342,0.18958854368355257,17.47622602105467,1.9678745122042416,0.007315622079413135,17.60368651258012,1000000.0,994740.1794996569,0.08935439366678662,1.3289,False
fx71120,ok,,0.21,1.9459024792531356,0.8373185795303755,3.732460191380028,1.7678399999999996,0.47363934492396126,0.47363934492396126,6.2027044327102665,1.074671494594038,0.07922577844173297,3.00000002997,15.744876136566067,24.947580599246333,9.202704462680266,0.06517551852930835,28.163520562707127,31.292800312597173,0.5426941832237243,26.488583879410385,4.954181728676927,0.010051758748898689,14.296709597978888,1000000.0,980841.8662494114,31.292800312615068,0.2001899206999156,17.578174130925905,2.1305906748963643,0.008227775379964584,16.64744052335769,1000000.0,980841.8662499723,0.11986,1.3619,False
fx711520,ok,,0.21,1.853545971170101,0.856757170301178,3.6477760251092,1.767839999876979,0.48463501807901077,0.48463501807901077,6.57267519951835,1.237706920680723,0.10623801550542669,3.0000000257632227,13.914654458689729,23.487329683971303,9.572675225281571,0.05881187824479532,28.16352048425641,31.29280025729574,0.49933655187439185,25.191724462209944,4.559233112589168,0.010444609316754241,14.423525092053334,1000000.0,1003612.3895465155,31.292800269328218,0.2035134133753775,16.870403815399236,1.7494710091003085,0.006502120488309417,19.349317638995846,1000000.0,1003612.3899324171,0.15001126157777067,1.1732,False
fx711525,ok,,0.21,1.8446491006926387,0.8567571815661872,3.6477759776543133,1.7678399999999865,0.4846350244174777,0.4846350244174777,6.60740312452677,1.2612198492131608,0.1062380618904902,3.0000000299700007,13.738345776269954,23.345748930766725,9.60740315449677,0.05819885698635412,28.163520562707248,31.292800312556658,0.49632656134731074,24.8847266136843,4.579633350978592,0.01008975272901695,14.608942226726768,1000000.0,1003612.4044449176,31.292800312615196,0.2042517198857808,16.829857090640896,1.770979909053399,0.006347469690193669,19.65395342484717,1000000.0,1003612.404446795,0.1500117214947301,1.1601,False
fx711530,ok,,0.21,1.841780116678661,0.8567571647525061,3.6477760492138716,1.7678399999933745,0.4846350149084289,0.4846350149084289,6.602652853986124,1.257150452050425,0.10623802778989239,3.0000000200467976,13.68149154891327,23.28414442294619,9.602652874032922,0.05800117583662535,28.163520376408425,31.29280018945995,0.4950168738347454,24.545949239925395,4.515022120973486,0.009621868316927212,14.829570277273548,1000000.0,1003612.3808050698,31.292800209124778,0.20415073510494264,16.827293455677683,1.7636753072307483,0.00647536990046119,19.4127909601217,1000000.0,1003612.3814357538,0.14999356116256787,1.1544,False
fx71l150,ok,,0.21,1.841780116678661,0.8567571647525061,3.6477760492138716,1.7678399999933745,0.4846350149084289,0.4846350149084289,6.602652853986124,1.257150452050425,0.10623802778989239,3.0000000200467976,13.68149154891327,23.28414442294619,9.602652874032922,0.05800117583662535,28.163520376408425,31.29280018945995,0.4950168738347454,24.545949239925395,4.515022120973486,0.009621868316927212,14.829570277273548,1000000.0,1003612.3808050698,31.292800209124778,0.20415073510494264,16.827293455677683,1.7636753072307483,0.00647536990046119,19.4127909601217,1000000.0,1003612.3814357538,0.14999356116256787,1.1544,False
fx72150a,failed,Maximum_Iterations_Exceeded,1.16,,,,,,,,,,,,,,,,,,,,,,,,,,,,,,,,,,
fx72150b,ok,,0.49,1.7282964367093232,0.6405908672655952,4.878711866343602,1.7678399999999996,0.3623579437424175,0.3623579437424175,5.604684650649633,0.7588168995758985,0.07288699280729916,3.0000000183576554,16.34289583183219,24.94758050083948,8.604684669007288,0.06725481946532381,21.1850715747519,31.292800203025102,0.7093574810794889,28.794537526317136,-3.4832087138495917,0.013088558539195704,14.311168972694265,1000000.0,750393.4045073444,23.538968272350907,0.4324000024017345,23.02729967010735,-5.999999906389901,0.05484999817570217,6.321249674269244,1000000.0,564458.4832894633,0.15010792717981478,2.0872478260869562,False
fx72ls160,failed,Maximum_Iterations_Exceeded,1.15,,,,,,,,,,,,,,,,,,,,,,,,,,,,,,,,,,
fx73170,ok,,0.2,1.9202367223394283,0.8263330131857043,3.7820808508543724,1.7678399999995604,0.4674252269356445,0.4674252269356445,6.7113202165077634,1.3640791735951925,0.0794354716626779,3.0000000107306706,15.23626022031751,24.947580447555943,9.711320227238435,0.06340707176435703,28.163520201512885,31.292800094376187,0.5499089579099182,25.35169480334911,-0.5130641630539122,0.00789996334089483,15.199842648322493,1000000.0,967973.2767894611,31.292800111972294,0.21406252164936634,17.582636967053368,-3.5245465893182395,0.008029170076609747,17.38332957957025,1000000.0,967973.2773337576,0.1708750449055435,1.3933,False
fx73170a,ok,,0.2,1.9266983197822185,0.7915102529105612,3.9484747722568163,1.7678399999999896,0.4477273129415365,0.4477273129415365,6.583271773476877,1.3026732404095542,0.08013936682343067,3.00000002997,15.364308795800097,24.947580599246972,9.583271803446877,0.06385229432928298,28.163520562707436,31.292800312589403,0.5741023833177812,24.646947958892447,-0.05154467047350127,0.007137038251176683,15.66027139306641,1000000.0,927181.6159335403,31.29280031261541,0.2205335768108917,18.059311183150694,-3.7757789767924064,0.0101653469979295,15.186436276637387,1000000.0,927181.6159343108,0.17108036543821617,1.4985939799331105,False
fx73cl1152,ok,,0.2,1.974483274668348,0.656245936103777,4.7623278006947976,1.7678399999999996,0.3712134220878457,0.3712134220878457,5.636321023719183,0.7574259452367195,0.07479769486233943,3.00000002997,16.311259545567893,24.947580599257076,8.636321053689183,0.06714482107580272,28.163520562707127,31.292800312606865,0.6924354081551728,25.49984282902003,0.7338357880640021,0.0096409453802753,15.30281639686772,1000000.0,768731.8834461254,31.292800312615068,0.23970639036416705,17.774886689731012,-3.3041711490221424,0.010700287561397764,16.01509084944397,1000000.0,768731.883446327,0.15210992083483268,2.0136,False
fx73cl2152,ok,,0.21,1.9813835499885784,0.6180256174780582,5.056842592307195,1.7678399999999996,0.3495936382693334,0.3495936382693334,5.499578802164555,0.689921185464554,0.07015445650948322,3.00000002997,16.44800176712422,24.947580599258778,8.499578832134555,0.06762027074619255,28.163520562707127,31.29280031260913,0.7352574226137129,25.40026837241696,-1.781025200909326,0.009832547628037704,15.432780194212992,1000000.0,723960.2880630507,31.292800312615068,0.2505003802092389,17.78412993988769,-5.727393254156557,0.011338642930188146,15.92760595229139,1000000.0,723960.288063188,0.15210272400143937,2.19996889632107,False
fx73cl3152,ok,,0.2,1.9803269740064227,0.6238486965889403,5.009641412554335,1.7678399999999999,0.35288753314154014,0.35288753314154014,5.520516886564934,0.700269539106045,0.07085971598292515,3.00000002997,16.42706368272352,24.947580599258455,8.520516916534934,0.06754746949129407,28.163520562707127,31.29280031260879,0.7283944409930909,25.465999096724904,-1.2121345596321011,0.010302725141536049,15.25119373205377,1000000.0,730781.4907952704,31.292800312615068,0.24877350858518232,17.976677538648744,-5.654486518230114,0.012313202961403334,14.912264840754382,1000000.0,730781.490795417,0.15210552716804607,2.1701,False
fx73k170,ok,,0.2,1.9285466828124176,0.7941145008740711,3.935526000545348,1.7678399999999996,0.4492004371855322,0.4492004371855322,6.546642906467343,1.2684393931367433,0.08008461046983247,3.00000002997,15.400937662803251,24.947580599240595,9.546642936437344,0.06397965208715353,28.16352056270713,31.29280031259097,0.572219651090869,24.885099049349428,-0.3704229462439461,0.006955463754239912,15.72835479940689,1000000.0,930232.2534031781,31.29280031261507,0.21897019907153406,17.471079730730782,-3.61045515477062,0.007881046170329352,17.963056706431658,1000000.0,930232.2534038945,0.17076385122410545,1.4904,False
fx74080,ok,,0.21,1.7635817126393123,0.8567571812526961,3.647775978970863,1.7678399999955794,0.4846350242413558,0.4846350242413558,5.792980714616694,0.8505070516428965,0.10623806046543686,3.000000029877947,12.131839628267299,20.92482037276194,8.79298074449464,0.05261307075140889,28.163520561034215,31.29280031115004,0.4448580415201576,19.403166938408432,-1.0619549552036556,0.0068108002718348685,17.110928232233256,1000000.0,1003612.4040350808,31.29280031171647,0.18693724119429422,19.105187166671442,-3.5685315182769277,0.01610557439939572,9.589578797640964,1000000.0,1003612.4040532471,0.08149707616707616,0.9361,False
fx74130wp1,ok,,0.2,1.9430929057885937,0.8167435173829349,3.8264867722662164,1.7678399999999952,0.46200081307298013,0.46200081307298013,6.258381532440662,1.1355876365968909,0.07962344757305799,3.00000002997,15.689199036836428,24.94758059924709,9.258381562410662,0.06498193048888076,28.163520562707227,31.292800312595883,0.5563655088103516,24.990749078231396,0.2247582246300303,0.007202263967528128,15.535329893282617,1000000.0,956740.0693368873,31.292800312615178,0.20647469794645068,17.90705994266373,-2.9706781874121595,0.009155278494458277,15.766620101563568,1000000.0,956740.0693374772,0.13009412776412776,1.4214,False
fx74130wp2,ok,,0.2,1.937895910171976,0.8476545167307447,3.6869481656908683,1.7678399999999996,0.479485992358327,0.479485992358327,6.3613699920356455,1.1854344396961083,0.07903329310820179,3.00000002997,15.586210577238,24.947580599243647,9.361370022005644,0.06462384189990916,28.163520562707138,31.292800312594323,0.5360768021019818,25.001319702796106,0.5256476980313616,0.007473633498604126,15.2985773425602,1000000.0,992949.4680401862,31.29280031261508,0.2011583161228715,18.01882636747229,-2.5696937329711638,0.009732019667098833,14.77619886613939,1000000.0,992949.4680408448,0.12989515356265358,1.3331,False
fx74130wp2mod,ok,,0.2,1.9384420790847872,0.8496574810901271,3.6782566330025435,1.767839999999998,0.4806189932856639,0.4806189932856639,6.350546604995104,1.1769909452471692,0.07899653371159997,3.00000002997,15.597033964279428,24.94758059924453,9.350546634965104,0.06466147457650846,28.16352056270719,31.292800312594345,0.5348130661231965,24.41201001957183,0.5377715767676894,0.006249756167645439,15.845330055955587,1000000.0,995295.756953769,31.29280031261514,0.2004520837550967,17.69941325926393,-2.563598073789187,0.009050949177209423,15.521473405196906,1000000.0,995295.7569544304,0.12907275007742336,1.3276,False
fx74cl6140,ok,,0.2,1.979279748475347,0.647781117591396,4.8245590689961,1.7678399999999996,0.3664251954879379,0.3664251954879379,5.541269673800555,0.7183588633663509,0.07376589819633707,3.00000002997,16.406310895487632,24.94758059925819,8.541269703770555,0.06747531251052637,28.163520562707127,31.292800312608446,0.7014837423878163,22.99548201279006,-0.7904604388923236,0.01015330813437264,15.174909140715318,1000000.0,758816.1254657239,31.292800312615068,0.24016604787400786,20.587272803216834,-4.6040688393216485,0.028948070131807762,7.239053699428033,1000000.0,758816.1254658846,0.14049798824297846,2.0529799331103677,False
fx74modsm,failed,Maximum_Iterations_Exceeded,1.36,,,,,,,,,,,,,,,,,,,,,,,,,,,,,,,,,,
fx75141,ok,,0.2,1.9458507814494173,0.7892655756857755,3.959704264162929,1.7678399999999928,0.4464575842190349,0.4464575842190349,6.203728924085538,1.0815493613242624,0.08018686508063985,3.00000002997,15.74385164519423,24.94758059924977,9.203728954055538,0.06517195639553847,28.163520562707234,31.29280031259674,0.5757351348074301,24.819016946209043,0.4170578246770584,0.006250929749444641,16.056130229968296,1000000.0,924552.1825829265,31.29280031261519,0.21240176413125028,17.312736721694066,-2.8103913240998395,0.006985436116876788,19.282906635577298,1000000.0,924552.1825834714,0.14133415841584157,1.5057,False
fx75193,ok,,0.21,1.8472668887494135,0.8567571815647548,3.647775977660225,1.7678399999999412,0.4846350244166798,0.4846350244166798,7.220201200834083,1.6182367425958966,0.10623806188823491,3.0000000299700007,13.790222279428994,24.01042351023308,10.220201230804083,0.05837923043682963,28.16352056270743,31.292800312557254,0.5104574272895175,24.573216507852507,-0.5538145379203917,0.008764578945379789,15.00093697390457,1000000.0,1003612.4044432845,31.292800312615398,0.21727970039405908,17.497745179685438,-3.019390388652857,0.008174153198238627,17.039484866451325,1000000.0,1003612.4044451492,0.19269025085165686,1.2216,False
fx75vg166,ok,,0.2,1.8344625153530987,0.8567571815641186,3.6477759776631284,1.7678399999999885,0.484635024416307,0.484635024416307,6.931397096297619,1.469201559235243,0.1062380618792518,3.00000002997,13.536479003603638,23.467876129871257,9.931397126267619,0.057496970696704,28.163520562707163,31.292800312552803,0.49892296435795225,24.336545068873384,1.7487774335093549,0.009883963511127246,14.66604536617666,1000000.0,1003612.4044423697,31.292800312615107,0.21113977536836942,17.84356105975447,-0.7286454230729987,0.009821306129756109,14.928235467585354,1000000.0,1003612.4044443679,0.1671631155156395,1.1714,False
fx76100,ok,,0.2,1.9393192911471324,0.8567571815742993,3.647775977619829,1.7678399999999996,0.48463502442206274,0.48463502442206274,6.069149509232794,0.9811911055021363,0.10623806194507637,3.00000002997,15.61441760777391,24.683567146976706,9.069149539202794,0.0647219171192404,28.163520562707127,31.292800312594842,0.5247683439083461,25.740062371873357,4.506285117536906,0.008042238036041875,15.10452881197001,1000000.0,1003612.4044556372,31.292800312615068,0.1928085416504055,16.95034280510586,1.9894066384310607,0.005607698983906939,20.929943617710773,1000000.0,1003612.4044562859,0.10064622818791946,1.2838836120401338,False
fx76120,ok,,0.2,1.943450162388885,0.8442890959436596,3.701644709859536,1.7678399999977197,0.477582301534499,0.477582301534499,6.251301594196303,1.1017337487103123,0.07909537508331428,3.000000022238452,15.696278924227448,24.9475805406622,9.251301616434755,0.06500654689549716,28.1635204175686,31.292800226970638,0.5382136595275399,25.889076624962957,4.951083126846221,0.00813843099078075,15.027335454199582,1000000.0,989007.183763876,31.292800231997298,0.19958556255778925,17.054080203577453,2.1346578664824363,0.006138393591836166,20.070117694404694,1000000.0,989007.1839227432,0.1206831677852349,1.3424,False
fx76mp120,failed,Maximum_Iterations_Exceeded,1.21,,,,,,,,,,,,,,,,,,,,,,,,,,,,,,,,,,
fx76mp140,failed,Maximum_Iterations_Exceeded,1.2,,,,,,,,,,,,,,,,,,,,,,,,,,,,,,,,,,
fx76mp160,ok,,0.21,1.9460520742461918,0.723041369185291,4.322378218996622,1.7678399999999994,0.40899706375310624,0.40899706375310624,6.19973992032071,1.0817367619235987,0.0817204963820922,3.00000002997,15.747840648956492,24.947580599247203,9.19973995029071,0.06518582607311488,28.163520562707127,31.292800312597223,0.6284673906395122,25.0728401823002,-1.6490282975980595,0.00810434000445453,15.547358146266436,1000000.0,846976.6027704685,31.292800312615068,0.2317554016155434,17.703910513204303,-5.15044767567637,0.009575193766867982,16.589447913090055,1000000.0,846976.6027709515,0.16143941552219737,1.7352,False
fx77080,ok,,0.2,1.8873499892467445,0.8567571815715491,3.6477759776315386,1.7678399999999999,0.48463502442050704,0.48463502442050704,5.793940545863045,0.8338187838770101,0.10623806192782792,3.00000002997,14.584545977325165,23.37848655315821,8.793940575833044,0.06114107631039796,28.163520562707127,31.292800312575338,0.4970225575010415,24.06387165286889,3.8878889356980215,0.00771617033332283,15.694980671158435,1000000.0,1003612.40445179,31.292800312615068,0.18695764696158967,16.520554282178427,1.6688421586280044,0.005393689002273326,21.28716891890214,1000000.0,1003612.4044530642,0.08046469798657718,1.1631290969899666,False
fx77w121,ok,,0.2,1.9510475603414459,0.8437609346060194,3.703961794651335,1.7678399999999999,0.4772835407084462,0.4772835407084462,6.100744759300286,1.004803929665266,0.0791052493454894,3.00000002997,15.846835809977984,24.947580599248273,9.100744789270287,0.06553003005153618,28.163520562707127,31.29280031259896,0.5385505585518107,25.391719897154747,1.4756708245063967,0.007944097726495921,15.111425840581878,1000000.0,988388.4939368409,31.292800312615068,0.19646038099749172,18.030823573099937,-0.6083362750723991,0.009476265887610235,14.926648756724333,1000000.0,988388.4939373496,0.12099623775310256,1.343866220735786,False
fx77w153,ok,,0.2,1.9472059012328389,0.7671755123253906,4.073720048919448,1.7678399999999979,0.43396207367487527,0.43396207367487527,6.176874620297869,1.047741199597434,0.08066907057563585,3.00000002997,15.770705948980604,24.94758059924847,9.17687465026787,0.06526532821397577,28.163520562707152,31.29280031259754,0.5923128610282915,25.097242208708334,2.710190226346407,0.008245882175606959,15.303224736796443,1000000.0,898675.7007973405,31.2928003126151,0.21788008090674324,17.92989732983263,-0.41805561795885876,0.010380966488908088,15.023694378533952,1000000.0,898675.7007978449,0.15245934228187918,1.5778491638795986,False
fx77w258,ok,,0.2,1.9069584784232771,0.7127180767975559,4.384985266043298,1.7678399999999996,0.40315756900938776,0.40315756900938776,6.974454680712988,1.4605036822627604,0.08173286491677287,3.00000002997,14.973125888550054,24.947580599233042,9.974454710682988,0.0624921600401286,28.163520562707127,31.292800312582965,0.6375703625453701,25.66457502468965,1.4720647106780584,0.011298070730279107,14.462421386058892,1000000.0,834883.8132166738,31.292800312615068,0.25491115985271073,18.346393884773374,-1.4444222688926245,0.012954609683955528,14.009459099163047,1000000.0,834883.8132175303,0.2612412475506205,1.7748177257525084,False
fx77w270,ok,,0.2,1.9090196634729626,0.6780387998328996,4.609261691764848,1.7678399999999994,0.38354081807906815,0.38354081807906815,6.933608336234335,1.4516562622056235,0.07746351284033008,3.00000002997,15.013972233029437,24.947580599233774,9.933608366204336,0.06263418187360709,28.163520562707127,31.292800312583747,0.670179822642059,26.459288145168816,1.3938195650976335,0.013911741925869843,13.853787009149434,1000000.0,794260.2231403143,31.292800312615068,0.266851683936423,18.824022058220105,-1.6065623742998674,0.014904448927161149,13.1011833775942,1000000.0,794260.2231411093,0.27115572341105076,1.9167397993311035,False
fx77w270s,ok,,0.2,1.9023690770038229,0.6993644362964379,4.4687120239487035,1.7678399999999996,0.3956039213370203,0.3956039213370203,7.065402493165761,1.5207833631375394,0.08008503758764142,3.00000002997,14.882178076095373,24.947580599231138,10.065402523135761,0.06217593651412394,28.163520562707127,31.29280031258121,0.6497441091269102,26.323996526007587,2.791509664545449,0.012904755056330612,14.028099284267832,1000000.0,819241.2489758098,31.292800312615068,0.26214710357869353,18.14681246077057,-0.32217089600470733,0.012268435823209247,14.804390024885592,1000000.0,819241.2489766963,0.2710560715426381,1.8278,False
fx77w343,ok,,0.2,1.8691355009055364,0.6983557377234269,4.475166590294,1.7678399999999996,0.395033338833507,0.395033338833507,7.72398969656652,1.857949461185288,0.07996075934285615,3.00000002997,14.223590872680797,24.947580599217318,10.72398972653652,0.05988604342022371,28.163520562707127,31.292800312567948,0.6506825935130611,26.521605426755517,0.9088505720931536,0.014487836868240919,13.570398360021798,1000000.0,818059.6511762245,31.292800312615068,0.2797030124944504,18.540816152522307,-1.8046512872503468,0.014136968029586942,13.764996835639899,1000000.0,818059.6511774563,0.34365663685723413,1.8318844481605352,False
fx78k140,ok,,0.21,1.7061534573384436,0.8567571678459167,3.647776036064454,1.7678399999985255,0.4846350166568419,0.4846350166568419,6.58305776269046,1.278453868319379,0.10623824083732286,3.0000000206374944,14.375488249090065,23.95854603241802,9.583057783327956,0.06041418698978768,23.357498194186853,31.29280020610405,0.509354532645787,26.388365535700405,1.3465963660998241,0.0064393748413657526,16.121817738171245,1000000.0,1003612.3849595964,25.952775592785304,0.2962000005183989,15.840170578002853,3.2009419164455513e-09,0.006230000000453359,20.099788269498813,1000000.0,832348.8737807416,0.14089862186435428,1.2168,False
fx78k140a20,ok,,0.2,1.8459630265965479,0.8567571815413597,3.647775977757291,1.7678399999993253,0.484635024403615,0.484635024403615,6.582445927657969,1.2780467155283506,0.1062380616976762,3.000000029970005,13.764383744141666,23.34682970176964,9.582445957627975,0.05828939042290464,28.163520562709916,31.292800312544742,0.4963495383655622,23.213756300921016,0.8660283853679713,0.007405844466990059,15.86163136552092,1000000.0,1003612.4044158276,31.29280031261811,0.2037211342273823,17.467751410302373,-2.2368696343757786,0.008655453696040661,16.06710220180922,1000000.0,1003612.4044181807,0.14089862186435428,1.1602,False
fx78k150,ok,,0.2,1.911171150164442,0.8567571815710533,3.6477759776336485,1.7678399999999994,0.4846350244202267,0.4846350244202267,6.7038709440454864,1.34446634701317,0.10623806192464931,3.00000002997,15.056608078149884,24.76047905216537,9.703870974015487,0.06278242576111008,28.163520562707127,31.29280031258456,0.5264034776363902,25.00309192846205,1.43736083006431,0.007410210556432725,15.35730519800381,1000000.0,1003612.4044515054,31.292800312615068,0.20630260894729718,17.639469257597725,-1.797919047770821,0.007988517628484376,17.028573511730816,1000000.0,1003612.4044524838,0.15101100650356147,1.291,False
fx78k161,ok,,0.2,1.7779636386034583,0.8567571815573999,3.647775977691775,1.7678399999999983,0.4846350244125038,0.4846350244125038,6.843809000670242,1.4158996407418472,0.10623806182957012,3.00000002997,12.416845139207956,22.2606541698482,9.84380903064024,0.05360402859202359,28.163520562707138,31.2928003125257,0.47325763548484945,22.201747616421112,2.6156825652924995,0.007460049982343462,16.22089982984082,1000000.0,1003612.4044336244,31.29280031261508,0.2092776676926544,16.73835622478621,0.28688266184735417,0.0068404098978018186,18.87620246600013,1000000.0,1003612.4044364908,0.161496183301946,1.0597,False
fx78pk188,ok,,0.2,1.781387904731023,0.8567571814970322,3.6477759779467833,1.7678399999995096,0.48463502437849004,0.48463502437849004,7.208259252040556,1.626123484834342,0.10623806129599761,3.0000000299700065,12.484703555833727,22.69296283784429,10.208259282010562,0.053839970801007414,28.163520562708676,31.292800312516647,0.4824484426020821,22.867086028109433,1.7217167668622728,0.008309689125177587,15.624809833630563,1000000.0,1003612.4043628963,31.292800312616723,0.21702581665707815,17.25921137633807,-0.5674274076717861,0.008114609798574543,17.113836082963413,1000000.0,1003612.404366106,0.1881109213759214,1.0997,False
fx79k144,ok,,0.2,1.9294367642686376,0.8371413617424871,3.733250330738418,1.7678399999999859,0.4735390995466184,0.4735390995466184,6.529004231196643,1.2746072575964427,0.07922911962597028,3.0000000299700007,15.418576338079928,24.94758059924657,9.529004261166644,0.06404098136973078,28.16352056270741,31.29280031259008,0.542809068316221,25.067387761207236,1.928285913337463,0.0068496727352763305,15.614474298747055,1000000.0,980634.271875855,31.292800312615373,0.20733192561092206,17.327132167643025,-0.9729221425712643,0.007011471200131673,18.705693524779036,1000000.0,980634.2718766476,0.1438706410653453,1.3624,False
fx79l100,ok,,0.2,1.9169932220292696,0.8567571600583306,3.64777606918878,1.7678399999906438,0.48463501225386063,0.48463501225386063,5.980721180234208,0.9273289386505084,0.10623803532560468,3.000000015050429,15.171983936035423,24.15270513132006,8.980721195284637,0.06318358466406214,28.16352028261703,31.292800142638242,0.5134823282690472,25.18352139618094,4.580382689446208,0.008234341835659945,15.19248671455241,1000000.0,1003612.373806174,31.292800157028896,0.1909285771326568,16.81997668334143,1.7881951518768284,0.0056751856479549875,20.731402689208924,1000000.0,1003612.3742677064,0.10064252315554136,1.234764882943144,False
fx79l120,ok,,0.2,1.947621824953628,0.8493655527381349,3.6795208559200088,1.767839999999998,0.4804538604953705,0.4804538604953705,6.168632292137751,1.0494876203646293,0.0790018805470517,3.00000002997,15.778948277139923,24.947580599247672,9.16863232210775,0.06529398660610929,28.16352056270716,31.292800312597606,0.5349968822627603,26.270122796597715,5.167862361915299,0.00884805087291264,14.713949957272145,1000000.0,994953.789682897,31.292800312615103,0.19661985607868904,17.065272920827926,1.7994730351784503,0.0061721570499963,19.884457658439175,1000000.0,994953.7896834533,0.12065884381986586,1.3284,False
fx79w151a,ok,,0.2,1.9197568289389397,0.8567244640805382,3.647915282720586,1.7678399999999996,0.4846165173774427,0.4846165173774427,6.720830759607826,1.3309807955341215,0.10592746097154271,3.00000002997,15.226749809415578,24.9475805989934,9.720830789577825,0.06337400478570926,28.163520562707138,31.292800312587726,0.5304014787293793,24.80869937738165,1.8478694183614424,0.006408256184985157,15.746517869102515,1000000.0,1003574.0789143018,31.29280031261508,0.2066710639455414,17.486802805884402,-0.8124530286049677,0.007361184965187012,17.967729877543917,1000000.0,1003574.078915179,0.15161723411050781,1.3084,False
fx79w660a,failed,Maximum_Iterations_Exceeded,1.39,,,,,,,,,,,,,,,,,,,,,,,,,,,,,,,,,,
fx80080,ok,,0.2,1.9140256127886133,0.8567571815733341,3.647775977623936,1.7678399999999992,0.48463502442151696,0.48463502442151696,5.805469896237404,0.8524795149109781,0.106238061939182,3.00000002997,15.1131747428791,23.918644669086504,8.805469926207405,0.06297910679930335,28.16352056270713,31.292800312585612,0.5085062250853651,23.435504126741062,1.5774096674820917,0.005018107498794821,16.899998906922995,1000000.0,1003612.404454211,31.29280031261507,0.18720275894466107,16.772837837639194,-1.5694735463007135,0.005414660034785455,21.242846863446452,1000000.0,1003612.4044551557,0.08059064725921337,1.213108026755853,False
fx83w108,ok,,0.2,1.9669048699413656,0.7698181210690674,4.059735903929953,1.7678399999999967,0.4354568971564558,0.4354568971564558,5.786501683202269,0.8587821996868332,0.08060992843836297,3.00000002997,16.161078886082876,24.947580599255147,8.78650171317227,0.06662264625489939,28.163520562707152,31.292800312604268,0.5902795870603472,24.830462884265916,0.3730361275256118,0.006167621164940193,16.162177637517416,1000000.0,901771.2744003193,31.2928003126151,0.20789561465961537,17.312879265611755,-3.1554032275439337,0.007128129413775389,19.08448263071223,1000000.0,901771.2744006314,0.10865855649902023,1.569,False
fx83w160,ok,,0.19,1.9307475925986797,0.7947208169495493,3.9325234710674355,1.767839999999997,0.4495434071802599,0.4495434071802599,6.5030276477079205,1.2436403080629292,0.08007191008927697,3.00000002997,15.444552921564991,24.94758059924291,9.50302767767792,0.06413130137415624,28.163520562707173,31.292800312591584,0.5717830877521929,24.941173504168837,0.09431358229768766,0.006600385802206776,15.88115303729338,1000000.0,930942.4970375174,31.29280031261512,0.2178035055108115,17.19346762119414,-3.1109071457990005,0.0066071237992063195,20.030546948729196,1000000.0,930942.4970382175,0.16049830405621207,1.4885,False
fx83w227,ok,,0.2,1.8804968441225294,0.820675057285714,3.808155539582435,1.767839999999922,0.46422473599746034,0.46422473599746034,7.498842836706731,1.7795662880955045,0.07954590703082522,3.000000029919307,14.448737732277285,24.947580598903325,10.498842866626038,0.06066887405422203,28.163520561759725,31.29280031194994,0.5537001747438952,25.61390964264614,3.979235145277072,0.008942131277024657,14.798595973939955,1000000.0,961345.5074737744,31.292800312091174,0.23301702971692262,17.456113642908708,-0.0323422802526341,0.0077489351035024325,18.216275122118788,1000000.0,961345.5074781133,0.22643988182689234,1.4098,False
fx84w097,ok,,0.2,1.9621790665414287,0.8410532561989824,3.7158862920571383,1.7678399999999488,0.4757519097876543,0.4757519097876543,5.8801525631432146,0.9012588374692537,0.07915568178109769,3.0000000299700007,16.067428006146898,24.947580599260114,8.880152593113216,0.0662970242232325,28.16352056270758,31.29280031260082,0.5402843628118358,24.675785464036277,2.48309321957734,0.005258513837560551,16.35133928874955,1000000.0,985216.6971956553,31.292800312615555,0.1923155460444901,16.951895762385778,-0.5531668201996232,0.005606826953000278,21.070871336021874,1000000.0,985216.6971961191,0.09739090790333116,1.3514120401337792,False
fx84w127,ok,,0.2,1.9477990628861606,0.81224854320517,3.847662506438714,1.7678399999999996,0.45945817676100226,0.45945817676100226,6.165119981756502,1.060415157366189,0.07971300691671744,3.00000002997,15.782460587520776,24.947580599247278,9.1651200117265,0.06530619883137466,28.163520562707127,31.292800312597834,0.5594444291930272,24.584705067492674,1.5215335731686779,0.005742646249455645,16.210315015055215,1000000.0,951474.6196394892,31.292800312615068,0.20552595523411113,17.338376825522968,-1.68659040144195,0.007121627406779576,18.67667608428833,1000000.0,951474.6196400133,0.12753586074736506,1.4348,False
fx84w140,ok,,0.19,1.9400700106537008,0.808727714480423,3.8644134603545766,1.767839999999983,0.4574665775638241,0.4574665775638241,6.318286011193424,1.1445100125291963,0.07978384992610926,3.0000000299700007,15.629294558088649,24.94758059925207,9.318286041163425,0.06477364394540071,28.163520562707443,31.292800312593943,0.5618799930806165,24.624688069242872,0.9037106945835172,0.0060164191818063055,16.094800874981324,1000000.0,947350.2919324014,31.292800312615412,0.20987039105827812,17.567758936422408,-2.2520206349707186,0.007754485215536897,17.80734039624221,1000000.0,947350.2919330513,0.14081868093260938,1.4454,False
fx84w150,ok,,0.2,1.9336638071322565,0.8121151421420247,3.8482945378356073,1.7678399999996441,0.4593827168421284,0.4593827168421284,6.445236851581335,1.212183530134122,0.07971544241775086,3.000000015499902,15.502343620359003,24.94758048744024,9.445236867081237,0.06433223796879785,28.163520291043397,31.292800150844403,0.5595363288803887,24.661013365296853,0.7991592777538304,0.006203922915637509,15.996974377791304,1000000.0,951318.3476204532,31.29280016170311,0.21184231315473268,17.550492292577527,-2.312907316255723,0.007779013297080258,17.796714218362244,1000000.0,951318.3479505638,0.14988830405621206,1.4352,False
fx84w175,ok,,0.19,1.9161509408155057,0.8159347936985878,3.830279441122215,1.7678399999999992,0.4615433487751087,0.4615433487751087,6.792288365496297,1.3979092215754423,0.07963948818731739,3.00000002997,15.155292203769584,24.94758059923588,9.792288395466297,0.06312554827634029,28.16352056270714,31.29280031258635,0.5569169572443399,24.727306938111848,0.5843901417339177,0.0067114194918193705,15.754176766265893,1000000.0,955792.7237655928,31.292800312615086,0.2185980093724641,17.548759788954243,-2.445058642407898,0.008027016068001575,17.5730883637612,1000000.0,955792.7237664704,0.1760883040562121,1.4238,False
fx84w218,ok,,0.2,1.8810769106518395,0.8421319847326875,3.7111264294183393,1.7678399999999994,0.47636210558234215,0.47636210558234215,7.487347704556214,1.7624667265569358,0.0791355509432174,3.00000002997,14.460232864694735,24.94758059922095,10.487347734526214,0.060708842375973224,28.163520562707127,31.29280031257283,0.5395922858348274,25.0888922994116,1.7839421495256969,0.0076587307096327075,15.239777064595526,1000000.0,986480.3286655395,31.292800312615068,0.2268312918720116,17.430887374797244,-1.0141492854185095,0.007535128531932472,18.236010312092553,1000000.0,986480.3286668711,0.21962631427658896,1.3484,False
fxl142k,ok,,0.2,1.936211206731587,0.8497670059702866,3.677782549384021,1.7678399999999512,0.48068094735400835,0.48068094735400835,6.3947556296398576,1.1610275290363417,0.07899452714822008,3.0000000299700025,15.552824939651085,24.947580599260945,9.39475565960986,0.06450776077875416,28.163520562707912,31.292800312590057,0.5347441350674667,26.121413568651487,4.879329051939112,0.008831745363309197,14.718860790974901,1000000.0,995424.0552984976,31.292800312615917,0.20137385544730374,17.255149371020753,1.7726734962133694,0.006801022980307466,18.818769555257354,1000000.0,995424.0552993203,0.14198190104166666,1.3273,False
fxlv152,ok,,0.2,1.9240790148197484,0.8567571801562827,3.6477759836571875,1.7678399999999836,0.484635023619949,0.484635023619949,6.632888664451384,1.273297053810661,0.10623806661586016,3.0000000284144477,15.312402264623254,24.945290957489085,9.632888692865832,0.06367181643090661,28.16352053350175,31.29280029502352,0.5303325480670281,26.361700583854674,4.638516149604326,0.009311723898146797,14.497426308217479,1000000.0,1003612.4022310284,31.292800296390514,0.20479353854771554,17.263922581216523,1.6785448930219984,0.0066618676091313115,19.089121680118026,1000000.0,1003612.4022748701,0.1528,1.3081,False
fxm2,ok,,0.37,1.630636174922978,0.6663059722773185,4.690425113433108,1.7678399999999996,0.3769040027815405,0.3769040027815405,5.158236623669108,0.5318173052578958,0.07602614049263444,3.000000026355056,16.789343924903537,24.947580574927702,8.158236650024165,0.0688071097807592,17.80012919936348,31.292800284440347,0.6819808644938091,30.5023688200751,1.0928606788240594,0.01069556478400651,14.90151003093044,1000000.0,780516.2918039107,19.77792115887668,0.5583000004735823,13.003977654307786,4.181775489971034e-09,0.0118099999955565,15.809863141906321,1000000.0,493308.03067158663,0.08382222222222221,1.9681,False
fxs02196,ok,,0.19,1.895286934383727,0.856757181569718,3.6477759776393155,1.767839999999995,0.4846350244194726,0.4846350244194726,7.110512810106648,1.5272161773987902,0.10623806190528656,3.0000000299700007,14.741831804344525,24.852344644421173,10.110512840076648,0.06168795564117092,28.163520562707358,31.292800312577683,0.5283565241490497,27.336420938933923,0.6794262169103731,0.013377991863060445,13.063714548499416,1000000.0,1003612.404449723,31.292800312615313,0.2149477442859074,18.635261113304132,-2.295498246847376,0.011861689221177077,13.153609021484137,1000000.0,1003612.40445093,0.19585995837335896,1.2995,False
fxs03182,ok,,0.2,1.9044062097149594,0.8557976341598084,3.651865979587706,1.7678399999999574,0.48409224486369185,0.48409224486369185,7.025032789804241,1.5158607046946064,0.09739703796352782,3.000000029939679,14.922547777882134,24.947580597626057,10.02503281974392,0.062316301070704926,28.163520562140796,31.292800312217764,0.5309759041853803,25.284876665615208,0.4542875625340621,0.007555935984156641,15.231251447486555,1000000.0,1002488.3827154215,31.292800312302084,0.213369422541403,17.428868168402268,-2.245074643322875,0.007265483490529677,18.276291093323344,1000000.0,1002488.3827181228,0.18208245505269682,1.3109,False
fxs21158,ok,,0.2,1.9292950730200618,0.8567571815727771,3.64777597762631,1.7678399999999996,0.48463502442120177,0.48463502442120177,6.520981175534935,1.1885288279120176,0.10623806193561562,3.00000002997,15.415768453581146,24.936749659086082,9.520981205504935,0.06403121841763085,28.163520562707127,31.29280031259126,0.5301509600764762,25.370386258006956,0.649946777306009,0.008070311851806216,15.00948257149374,1000000.0,1003612.4044537394,31.292800312615068,0.20241440428150148,17.965251321319684,-2.217458379029934,0.009256780552006948,15.300501783064744,1000000.0,1003612.404454503,0.15777013671875,1.3073096989966555,False
geminism,ok,,0.2,1.9179480414458525,0.8549836780998374,3.655342605537445,1.7678399999992782,0.48363182080968103,0.48363182080968103,6.756675150621675,1.3691271542243273,0.09031670923095372,3.000000025898138,15.190905292558222,24.947580469078034,9.756675176519813,0.06324937408808934,28.163520486265817,31.292800266254638,0.5314813992720477,25.04044339596341,3.099511678021926,0.0065686840024453555,15.678059255270279,1000000.0,1001534.9064259415,31.292800270153602,0.20785548242595545,17.16362053204358,0.12859707256538236,0.0062177491361122125,19.98994548546616,1000000.0,1001534.906550729,0.15376389707927676,1.3131,False
giiia,ok,,0.23,1.8599014667805214,0.856757181568244,3.6477759776456082,1.7678399999999992,0.48463502441863765,0.48463502441863765,6.249089010370461,1.0924547275605279,0.10623806190629524,3.00000002997,14.040600733652644,23.289689773993103,9.249089040340461,0.0592497907669078,28.163520562707127,31.292800312564072,0.4951347534241971,24.197031500341655,4.620995190923695,0.0086820671843739,15.257492656376913,1000000.0,1003612.4044475574,31.292800312615068,0.196634024146012,16.727718772930395,2.108029352985486,0.006225149189414006,19.714683808971184,1000000.0,1003612.4044491929,0.11007808378159073,1.1549130434782608,False
giiib,ok,,0.2,1.8624718485659382,0.8567571815687102,3.6477759776436205,1.7678399999999985,0.48463502441890155,0.48463502441890155,6.153865617344867,1.0396102511137626,0.10623806190880769,3.00000002997,14.091537790403915,23.24540343771878,9.153865647314866,0.05942689778306835,28.163520562707138,31.292800312565102,0.4941932336181774,23.839100244327177,4.44587613061009,0.007748944666644936,15.724379377757625,1000000.0,1003612.404448137,31.29280031261508,0.19460959137400866,16.44317310133137,1.7954677558574488,0.005273165832809079,21.755731083978137,1000000.0,1003612.4044497398,0.10444867260883381,1.1508153846153846,False
giiic,ok,,0.2,1.8579818706294025,0.8567571588035281,3.6477760745264787,1.7678399999894767,0.4846350115443864,0.4846350115443864,6.071729629387462,0.9948319073617315,0.10623802255239619,3.000000015696704,14.00256054264688,23.074290187731044,9.071729645084165,0.05911752548889243,28.16352029474221,31.29280013879661,0.4905554141690565,23.37409649205391,4.239097564574981,0.007032325127509837,16.155546509485468,1000000.0,1003612.372213743,31.29280016376007,0.19286340121161374,16.316727440832068,1.6142051936583022,0.004888741221657675,22.702673991243447,1000000.0,1003612.3730143629,0.09929403484434812,1.1349829431438128,False
giiid,ok,,0.2,1.8595567238483037,0.8567571815688773,3.6477759776429073,1.767839999999998,0.4846350244189962,0.4846350244189962,6.038269966486607,0.9769651579495255,0.10623806191061107,3.00000002997,14.033768989667152,23.072038986123758,9.038269996456606,0.0592260369446492,28.16352056270713,31.292800312563905,0.490507535533432,23.306709004831614,4.107102997153651,0.006810993977989431,16.275041424287352,1000000.0,1003612.4044482947,31.29280031261507,0.19215204794424703,16.31775527801273,1.5215711714910438,0.004781365136453233,22.981248685246968,1000000.0,1003612.4044499357,0.0971012251912958,1.1347745819397992,False
giiie,ok,,0.2,1.858167466415425,0.8567571815691171,3.647775977641893,1.7678399999999996,0.48463502441913137,0.48463502441913137,5.898555875159798,0.9038261877738258,0.10623806191205368,3.00000002997,14.006238182725495,22.90479408785529,8.898555905129797,0.05913031293975157,28.163520562707127,31.292800312563344,0.48695193808787074,22.9644756748488,3.6751089229246574,0.006350016978920144,16.596472789162164,1000000.0,1003612.4044485565,31.292800312615068,0.1891817506654406,16.243715493767365,1.0604868715315872,0.004575798284330158,23.512913673946272,1000000.0,1003612.4044502154,0.08775098007429986,1.1193,False
giiif,ok,,0.2,1.8064718115563165,0.8567571815650498,3.6477759776591774,1.7678399999999916,0.48463502441683287,0.48463502441683287,5.818456012457749,0.8621582849800276,0.1062380618854747,3.00000002997,12.981789394498378,21.800245436926126,8.818456042427748,0.055568327232994374,28.16352056270714,31.292800312539804,0.46346942590492524,21.45246968602229,3.224786214211872,0.005694965879088149,17.475087772391113,1000000.0,1003612.4044430418,31.292800312615086,0.18747884151841973,15.99650714915877,0.8046246958927058,0.004464535009756703,23.814661659117544,1000000.0,1003612.4044454561,0.08262167613797747,1.0171,False
giiig,ok,,0.2,1.7654276566707012,0.8567571815602149,3.647775977679787,1.7678399999999976,0.4846350244140963,0.4846350244140963,5.824488410137164,0.8649325518824517,0.1062380618497277,3.00000002997,12.168420556228009,20.992908996335174,8.824488440107164,0.05274026182891084,28.163520562707138,31.292800312519056,0.4463055936147062,20.449403404349887,3.075723287536603,0.005373400311294511,18.079189662363834,1000000.0,1003612.4044367092,31.29280031261508,0.18760708924482575,15.85549180391291,0.7992101979955879,0.004442719416884136,23.882986156548352,1000000.0,1003612.4044397888,0.08286101078872055,0.9424,False
giiih,ok,,0.2,1.917829856451157,0.8567571815709475,3.647775977632223,1.7678399999995449,0.48463502442029144,0.48463502442029144,5.835921211141342,0.8700597689255116,0.10623806195070638,3.0000000299685623,15.18856314491719,24.02448438602709,8.835921241109904,0.06324123060044384,28.163520562682503,31.292800312555183,0.5107563590594602,24.323772372169646,3.5422726153644177,0.006548428297565988,16.040427400125715,1000000.0,1003612.4044506971,31.292800312602704,0.1878501486031983,16.310411163915983,0.7716923117298119,0.00441859794610743,23.960515865135697,1000000.0,1003612.4044522212,0.08321936350016676,1.2229010033444816,False
giiii,ok,,0.2,1.9679616878769786,0.8404258220723424,3.7186604498705815,1.767839999997282,0.47539699411351394,0.47539699411351394,5.765558640169242,0.8539029367337947,0.07916736259768531,3.000000023933574,16.182021890955422,24.947580555058238,8.765558664102816,0.06669546445836518,28.16352044938427,31.29280024747382,0.5406877225357013,25.71838064158528,3.6619708350431077,0.006922093797666692,15.569874287313286,1000000.0,984481.7136551968,31.292800249666342,0.1899755344866355,16.674030714458816,0.707320849851533,0.004423289760203307,24.182725497219955,1000000.0,984481.7137241743,0.0845133108995201,1.3531675585284282,False
giiij,ok,,0.2,1.9701939646184226,0.8234428750600025,3.7953552823834062,1.7678399999999885,0.4657903854760656,0.4657903854760656,5.721321948747179,0.8306670539165163,0.07949178229488378,3.00000002997,16.226258620539582,24.94758059925676,8.721321978717178,0.06684927474543252,28.163520562707202,31.292800312605095,0.5518390362939251,25.626824490032202,3.6766785958215458,0.006982114706949811,15.60630788159568,1000000.0,964587.7519842415,31.292800312615153,0.19291513647155528,16.651546629905923,0.6554539842950226,0.004665459726832919,23.718502926938363,1000000.0,964587.7519845515,0.084860013329,1.4017,False
giiik,ok,,0.2,1.9733055103572485,0.8026554607845352,3.893648543229271,1.7678399999996393,0.4540317340849279,0.4540317340849279,5.659660476250661,0.7985167972494525,0.07990730014202313,3.0000000221663954,16.287920043898097,24.947580542315155,8.659660498417056,0.06706366993991834,28.163520416196445,31.292800228947556,0.5661307325555621,25.683268238488992,3.7432748980348522,0.007212715417353154,15.584923000777412,1000000.0,940237.2015301627,31.292800231224298,0.1965120398166614,17.096319681075165,0.5923517787897083,0.005682390563618379,21.382909326737046,1000000.0,940237.2015985707,0.08533823625521893,1.4639,False
giiil,ok,,0.19,1.9742564558710638,0.7970589847827141,3.9209874366473665,1.7678399999999792,0.45086601999203746,0.45086601999203746,5.640815874259739,0.7883059831231896,0.08002311890008733,3.00000002997,16.306764695030726,24.947580599260466,8.64081590422974,0.06712919258021309,28.16352056270727,31.292800312606243,0.5701057654347581,25.387375843619846,3.7502914530942464,0.007220643519943501,15.603142883727552,1000000.0,933681.4460558774,31.292800312615228,0.19746119049331576,16.78045095236975,0.5745693926128661,0.005949594044085842,20.858677576700277,1000000.0,933681.4460561455,0.08545399104394796,1.4812,False
giiim,ok,,0.2,1.9777225216048373,0.7792516462637498,4.010589237231014,1.767839999999984,0.44079308436496334,0.44079308436496334,5.572129118081201,0.7510130915225484,0.08040206325089795,3.00000002997,16.37545145121076,24.94758059926196,8.5721291480512,0.0673680149074674,28.163520562707227,31.292800312607593,0.5831337345194179,25.279534363201275,3.8792619028467863,0.0073719037091617345,15.608883460912134,1000000.0,912821.7833506181,31.292800312615185,0.20036803420649593,17.55456800220236,0.49411192455546593,0.008186647628519603,17.085927053092067,1000000.0,912821.7833508395,0.08507209350491757,1.5379,False
giiin,ok,,0.2,1.980927231297362,0.7630754921696512,4.095608229683746,1.7678399999999996,0.4316428478649942,0.4316428478649942,5.508621634323599,0.7174348918698785,0.08076165063036747,3.00000002997,16.438958934964806,24.947580599258405,8.5086216642936,0.06758882901941167,28.163520562707127,31.292800312608982,0.5954953700899837,25.070742338773886,4.155059485428671,0.007600531171182668,15.579337355344546,1000000.0,893872.9034878645,31.292800312615068,0.20309964674822284,17.310890591081048,0.5524284946510586,0.008678702069789414,16.592005138520438,1000000.0,893872.9034880383,0.08424492777743181,1.5917,False
glennmartin2,ok,,0.2,1.9341554902657514,0.8272614124439364,3.7778363871308276,1.7678399999999848,0.46795038716396475,0.46795038716396475,6.435493603604888,1.213180552782065,0.07941768860493623,3.00000002997,15.512086965673092,24.947580599247978,9.435493633574888,0.0643661157471097,28.1635205627075,31.29280031259183,0.5492918148737813,26.34177827700297,0.7368715187138632,0.010288797700343064,14.25410483575067,1000000.0,969060.8180611464,31.292800312615483,0.20774918038999088,17.893013548835945,-3.7506683507012033,0.009415065517647038,15.43956149683097,1000000.0,969060.8180618789,0.13470000000000001,1.3906140468227426,False
glennmartin3,ok,,0.2,1.9469357402815604,0.7407531474249076,4.219027993960451,1.7678399999999996,0.4190159445565819,0.4190159445565819,6.182228378942475,1.0953365945520448,0.08128362844955923,3.00000002997,15.765352190334548,24.947580599247026,9.182228408912476,0.06524671331394989,28.163520562707127,31.29280031259753,0.6134404210038847,26.55070435195791,1.5356210677499644,0.01121006899276212,14.347551745923317,1000000.0,867724.3253790985,31.292800312615068,0.22578341969885327,17.633513558292144,-1.8940250928212834,0.009003540564345117,17.005608713053253,1000000.0,867724.3253795847,0.13770000000000002,1.6698,False
glennmartin4,ok,,0.2,1.9211890602069914,0.8144219603409859,3.8373943947821605,1.7678399999999996,0.46068759635543155,0.46068759635543155,6.692448343746868,1.3626751231314826,0.07966957969731207,3.00000002997,15.255132225520281,24.94758059923715,9.692448373716868,0.06347268981677187,28.163520562707127,31.292800312588295,0.557951460967633,26.808099217612636,2.242875131573753,0.012204328260349567,13.64299933711328,1000000.0,954020.5783360995,31.292800312615068,0.21677114976932052,18.298848360797425,-0.7906891013493554,0.011347030002551496,13.82655127401904,1000000.0,954020.5783369157,0.1549,1.4283023411371236,False
gm15sm,ok,,0.2,1.9920956688744242,0.7950021432916943,3.9311318742610513,1.7678399999999523,0.44970254281593114,0.44970254281593114,5.287297571925082,0.5801814516714975,0.08006602294374864,3.000000029969997,16.660282997372036,24.947580599267113,8.28729760189508,0.06835836787378322,28.163520562707443,31.29280031261199,0.5715807516375467,24.809676595023795,-0.08463052309537096,0.005695299252529666,16.289741933614305,1000000.0,931272.0450276473,31.292800312615448,0.18987251182473672,17.6370236037371,-3.6948730195710637,0.007657825039522778,17.417375675297606,1000000.0,931272.0450277501,0.06731345812807882,1.487619397993311,False
goe05k,failed,too few converged polar points,0.01,,,,,,,,,,,,,,,,,,,,,,,,,,,,,,,,,,
goe06k,ok,,0.21,1.7552086902225055,0.8567571815591987,3.6477759776841188,1.7678399999999987,0.4846350244135212,0.4846350244135212,5.771934761639931,0.8481548687562261,0.10623806184320213,3.00000002997,11.965912089639819,20.737846881249748,8.77193479160993,0.05203614438373084,28.163520562707127,31.29280031251362,0.4408830174158809,19.689453491969893,-0.453208975695091,0.00512002517425369,18.395934075805318,1000000.0,1003612.4044353439,31.292800312615068,0.1864898078195371,16.54851890061683,-2.1733509322051265,0.007081566853452767,17.83979766358106,1000000.0,1003612.4044385975,0.07500000000000001,0.9188,False
goe07k,ok,,0.2,1.9187762190710904,0.8567571815720938,3.6477759776292094,1.7678399999999974,0.48463502442081585,0.48463502442081585,6.284158174410484,1.135576913741462,0.1062380619303046,3.00000002997,15.207317139618084,24.491475343998566,9.284158204380484,0.06330643782398486,28.16352056270713,31.29280031258739,0.5206845055924432,23.99259574380834,0.04984412617474792,0.005923447993258498,16.1654534986982,1000000.0,1003612.4044528161,31.29280031261507,0.1973795884724385,17.65991637794081,-3.708294114960744,0.008319277424062008,16.316949219609594,1000000.0,1003612.4044537039,0.11,1.266110033444816,False
goe08k,ok,,0.2,1.9182151940273742,0.8460951283335393,3.693743364006216,1.7678399999999994,0.47860390551946985,0.47860390551946985,6.751381219484479,1.421636827836873,0.07906203223989092,3.00000002997,15.196199349781267,24.947580599235746,9.751381249454479,0.0632677815153977,28.163520562707127,31.292800312587197,0.5370648138719112,25.594475330350825,0.24625381203951247,0.009033843212540513,14.65309335558639,1000000.0,991122.7876543656,31.292800312615068,0.2099251161807419,18.297189579681476,-3.7742503405955863,0.010496578323328449,14.264935533114187,1000000.0,991122.7876552484,0.1485,1.3374,False
goe09k,failed,too few converged polar points,0.01,,,,,,,,,,,,,,,,,,,,,,,,,,,,,,,,,,
goe100,ok,,0.2,1.897159428965332,0.8567571815724405,3.6477759776277416,1.7678399999999994,0.4846350244210114,0.4846350244210114,5.686775672348363,0.7889132318978445,0.10623806193348324,3.000000029969998,14.778938884432781,23.46571458675114,8.68677570231836,0.06181697613532773,28.163520562707152,31.29280031257919,0.4988770103215251,22.95874466660439,1.0032867520164555,0.005649460362353923,16.752100834805066,1000000.0,1003612.4044529581,31.292800312615114,0.18467934039149564,16.992075320550114,-1.985694215055408,0.006916851631539992,18.063821497411134,1000000.0,1003612.4044541102,0.06571810349647511,1.1712,False
goe101,ok,,0.2,1.6641278032042486,0.8466384518136268,3.691372933635505,1.7678399999999688,0.47891124299350724,0.47891124299350724,5.498239404068053,0.6930598961859153,0.0790518198698566,3.0000000222755268,16.449341119297394,24.94758054564097,8.498239426343579,0.06762492747549458,19.22657841548008,31.292800247023184,0.5367201578230368,29.86863744676482,1.3298439207705444,0.008013866529308378,15.070366016558841,1000000.0,991759.2391667926,21.362864747465956,0.3923000012921053,13.798922396383537,1.19090139474248e-08,0.008389999995935597,16.956704541543836,1000000.0,677050.8973668915,0.069,1.3359,False
goe10k,failed,too few converged polar points,0.01,,,,,,,,,,,,,,,,,,,,,,,,,,,,,,,,,,
goe113,ok,,0.2,1.906711899206795,0.8567571815730308,3.647775977625182,1.767839999999988,0.4846350244213484,0.4846350244213484,5.593663788467708,0.729307553215024,0.10623806192698647,3.0000000299700007,14.968239447316323,23.561903265754033,8.593663818437708,0.06247516999237481,28.163520562707344,31.292800312581974,0.5009219649049476,23.307807118168704,1.6494878318413855,0.006301940879952315,16.35360224496053,1000000.0,1003612.4044537452,31.2928003126153,0.182699797936601,17.72394328139446,-1.2731182108052825,0.008681362201991808,15.330105499223148,1000000.0,1003612.404454814,0.06649999999999999,1.1801,False
goe114,failed,too few converged polar points,0.01,,,,,,,,,,,,,,,,,,,,,,,,,,,,,,,,,,
goe115,ok,,0.73,1.6239375681709405,0.8567571438328839,3.647776138308953,1.7678399999998093,0.48463500307322854,0.48463500307322854,5.9346475385188295,0.8988596783238503,0.10623847193793517,2.99999999715963,15.390279284338256,24.324926820016714,8.93464753567846,0.06394259241517104,19.59980332734719,31.292800012859093,0.5171437456278932,28.643705114231064,1.1475629671240823,0.007198184215143689,15.610400810107107,1000000.0,1003612.3506321152,21.777559273226764,0.3922000089429681,14.077527248301598,8.227787410794337e-08,0.007449999978461396,17.537100183955964,1000000.0,698442.6911063244,0.09695842576803088,1.2507,False
goe116,ok,,0.2,1.8018120877115134,0.8567571745364557,3.6477760072953056,1.7678399999299144,0.48463502046023493,0.48463502046023493,5.956189568347428,0.9248183366347671,0.10623802910998162,3.0000000276623084,12.889448056845815,21.84563765285555,8.956189596009736,0.055247258386095795,28.163520519715746,31.292800280435568,0.46443446128933485,21.95945356231882,0.3086000767225413,0.007774429266582598,16.18915058784765,1000000.0,1003612.3952198357,31.29280028891824,0.19040703475257328,17.013051024629796,-2.0819635402998524,0.008120509517118292,16.3640768425743,1000000.0,1003612.3954918892,0.09322132749147186,1.0213,False
goe117,ok,,0.2,1.9488395335612563,0.8567571815807112,3.6477759775921004,1.767839999999896,0.4846350244257182,0.4846350244257182,5.880664719326247,0.877444260468201,0.1062380620035279,3.000000029970001,15.803079514300807,24.683744263597056,8.880664749296248,0.06537789038229752,28.16352056270846,31.29280031259348,0.5247721093730081,25.03944086327423,0.5097917837095712,0.007326376887803401,15.422239214430125,1000000.0,1003612.4044631636,31.292800312616535,0.188801387801931,17.744949828339518,-2.6395687550965405,0.008386057284280426,15.943120516604353,1000000.0,1003612.4044639029,0.08992062831556032,1.2839,False
goe118,ok,,0.32,1.5414629422239203,0.8567571439766296,3.6477761376974733,1.7678399999999401,0.48463500315450414,0.48463500315450414,5.819534770908437,0.8464240647517998,0.10623833574474408,2.999999992810402,15.335710914164665,24.155245677883503,8.819534763718838,0.06375285938498403,17.35457928063723,31.292800010638633,0.5135363538216449,29.034562255484552,-0.8237825359397868,0.007580572473680025,15.491270120853718,1000000.0,1003612.3507292119,19.28286591358672,0.49380001320503236,12.92767411071458,-0.9999998820980734,0.007570000007077727,15.820909715336079,1000000.0,618433.7094076487,0.08641319324162923,1.235,False
goe11k,ok,,0.2,1.9034185685503275,0.8567571815725586,3.6477759776272407,1.7678399999999999,0.4846350244210781,0.4846350244210781,5.811316273021349,0.8667378914518737,0.10623806193423994,3.00000002997,14.902975768783506,23.714292071774857,8.811316302991349,0.06224824963015276,28.163520562707127,31.292800312581615,0.5041617244136509,23.71657770880337,1.2148936974724636,0.006573434762588886,16.149770012400165,1000000.0,1003612.4044531739,31.292800312615068,0.18732705189829676,17.156899921895064,-1.7697619367691002,0.007027942750828956,17.959883754190418,1000000.0,1003612.4044542469,0.0745,1.1942,False
goe121,ok,,0.2,1.9898872992995238,0.7812968524123703,4.000090690177872,1.7678399999999994,0.4419499798694286,0.4419499798694286,5.331060660734588,0.6197038830289812,0.08035767569834656,3.00000002997,16.616519908556587,24.947580599261173,8.331060690704588,0.06820620458496462,28.16352056270713,31.29280031261186,0.5816072613284907,25.698429072490292,0.7284635887883121,0.008185564249500692,15.267584115507931,1000000.0,915217.5546434292,31.29280031261507,0.19422345878400063,17.839510249830113,-2.82401532417063,0.00885484195501759,15.932767266049906,1000000.0,915217.5546435232,0.06643645254460954,1.5312565217391305,False
goe122,ok,,0.2,1.5874957483328673,0.8567571815016948,3.6477759779267824,1.7678399999994736,0.48463502438113737,0.48463502438113737,5.661877531365782,0.7592216905935865,0.10623806140054358,3.000000029970001,8.642357710512947,17.304235271848732,8.661877561335784,0.0404802195487086,28.16352056270733,31.29280031239313,0.3678850318926227,17.723942943715965,-0.08765471650768873,0.00854138694967542,16.981793012154927,1000000.0,1003612.4043644172,31.292800312615277,0.18415001026017316,17.369999785287707,-1.7262145874313555,0.01127588291856044,12.64435171475995,1000000.0,1003612.4043715418,0.07301137141142343,0.6011,False
goe123,failed,too few converged polar points,0.01,,,,,,,,,,,,,,,,,,,,,,,,,,,,,,,,,,
goe124,failed,Maximum_Iterations_Exceeded,1.19,,,,,,,,,,,,,,,,,,,,,,,,,,,,,,,,,,
goe12k,ok,,0.2,1.9496443648695072,0.8089923721661215,3.8631492374049774,1.7678399999999987,0.45761628437308927,0.45761628437308927,6.128551775281959,1.0727161221079715,0.07977850536194882,3.00000002997,15.819028793995884,24.947580599247843,9.12855180525196,0.06543334567393315,28.16352056270714,31.292800312598423,0.5616961769362194,25.023159859044455,0.3671250459999372,0.00733422991110545,15.508324888593517,1000000.0,947660.3141208614,31.292800312615086,0.20552985607443391,17.823372013662503,-3.439718532022689,0.00916706515658571,15.768218514097422,1000000.0,947660.314121366,0.111,1.4446,False
goe133,ok,,0.2,1.9855832331504915,0.7525548317918237,4.152864527038908,1.7678399999999992,0.4256917095392253,0.4256917095392253,5.416354006235324,0.6683780497395581,0.08100378584932598,3.00000002997,16.53122656305505,24.947580599260373,8.416354036205323,0.06790964151509783,28.16352056270713,31.29280031261048,0.603820350916103,25.122472168130628,1.3249860970941323,0.007164560988914293,15.800386333406045,1000000.0,881548.9154486639,31.29280031261507,0.2037057592560576,17.422239276675523,-2.313495486274211,0.00814171265760005,17.446966707139815,1000000.0,881548.9154487932,0.079,1.627931772575251,False
goe134,ok,,0.2,1.9661142430750727,0.8075588561421476,3.870006801151205,1.7678399999999996,0.45680539875902104,0.45680539875902104,5.802169474571422,0.8730419833664804,0.07980750828232785,3.00000002997,16.14541109471196,24.94758059925338,8.802169504541421,0.06656816969193127,28.163520562707127,31.29280031260409,0.5626932565472703,23.63834067983428,1.4710736198617211,0.0032113769878566066,17.503521561421575,1000000.0,945981.0816680252,31.292800312615068,0.19853313644916085,17.172013058336386,-1.7666748088096675,0.006287117134262514,20.075614962441286,1000000.0,945981.0816683571,0.0945,1.4489394648829432,False
goe137,ok,,0.2,1.973285721308242,0.8087542609662451,3.8642866151532145,1.7678399999999974,0.45748159390343374,0.45748159390343374,5.660052845898279,0.7902392972280896,0.0797833156839363,3.00000002997,16.287527723387853,24.94758059925613,8.660052875868278,0.06706230605663127,28.163520562707152,31.29280031260641,0.5618615499760011,25.08419671830711,1.005324707477097,0.007531350090966582,15.425317431253458,1000000.0,947381.3887044571,31.292800312615093,0.19503898233128802,17.896722090444744,-2.2322688067105108,0.009810398711975834,14.673392688884167,1000000.0,947381.38870472,0.08588649796759312,1.4453197324414715,False
goe13k,ok,,0.2,1.9237333401520198,0.8088931114460949,3.8636232913522255,1.767839999999294,0.4575601363508111,0.4575601363508111,6.642028379077163,1.3569777821874187,0.07978043838652452,3.000000023970486,15.30555214904174,24.947580552089388,9.64202840304765,0.06364799861335121,28.163520450087763,31.292800244763118,0.5617651050449146,25.05903725226928,1.1153689426249758,0.008998816404558576,14.82732889290707,1000000.0,947544.0372438957,31.29280025006297,0.21711745094108345,17.385347351013568,-3.081764349621664,0.010171011686799666,14.987855394597583,1000000.0,947544.0374043749,0.148,1.4449,False
goe140,ok,,0.33,1.5829547975927434,0.7926939692955632,3.9425785822204436,1.7678399999999994,0.44839689637951596,0.44839689637951596,5.613767847505251,0.7642460480168877,0.08011435837427593,3.0000000261754343,16.333812701115924,24.94758057479661,8.613767873680686,0.06722323782210254,17.10464806330488,31.29280028376916,0.5732450865141911,30.83204596175812,0.31865441168580283,0.010208804445103458,14.443978600742204,1000000.0,928568.2301810686,19.00516434896039,0.5366000004563892,13.016516262659767,3.968415148671828e-09,0.010539999995852173,14.753816967212712,1000000.0,563950.5465724614,0.0877516267612367,1.4948628762541807,False
goe142,ok,,0.2,1.9918369906297815,0.7733226484981364,4.0413380775405106,1.7678399999999985,0.43743927532929283,0.43743927532929283,5.292423778658039,0.6013768800776348,0.08053212401115728,3.00000002997,16.655156790633875,24.94758059926191,8.292423808628039,0.06834054416669334,28.163520562707138,31.292800312612474,0.5876045703544623,24.903631007228384,1.763753559681124,0.0059634597688054646,16.240892704359474,1000000.0,905876.506635793,31.29280031261508,0.19531617945386257,17.477687688958586,-1.8313567730773137,0.0073635932895731076,18.250179903036056,1000000.0,905876.5066358685,0.06162531999999999,1.5573578595317725,False
goe143,ok,,0.2,1.598299638803464,0.856757181521553,3.6477759778443692,1.7678399999999912,0.4846350243922285,0.4846350243922285,5.67906280934434,0.7685969763610728,0.10623806153783462,3.00000002997,8.856457571146752,17.535520410461093,8.67906283931434,0.04122464001380458,28.163520562707138,31.292800312404854,0.3728021136999233,17.984620741712366,-0.2270313629964006,0.008000981846513591,17.35883935361834,1000000.0,1003612.4043877614,31.29280031261508,0.18451536627661907,16.583326856646764,-1.9109487168540482,0.008618709576611823,15.479863927813234,1000000.0,1003612.4043945036,0.07442492565093833,0.6225,False
goe144,ok,,0.2,1.979738716239081,0.8274352819353802,3.7770425480165475,1.7678399999999996,0.4680487385370737,0.4680487385370737,5.532174345175839,0.7183341012788258,0.07941433189303199,3.00000002997,16.415406224111944,24.947580599257783,8.53217437514584,0.06750693676635093,28.163520562707127,31.2928003126086,0.5491763918421485,25.664631106446254,0.5138059339041305,0.007521872432955549,15.356065240631544,1000000.0,969264.4902130235,31.292800312615068,0.18782056717949214,17.37610540727654,-3.0246399058274314,0.007038814717455574,18.160830595681993,1000000.0,969264.490213224,0.07304989841118034,1.390111705685619,False
goe147,ok,,0.2,1.9880973362235008,0.7872021764106811,3.970083365178014,1.7678399999999925,0.44529039755333316,0.44529039755333316,5.36653222036978,0.6306527195306523,0.08023076403652903,3.00000002997,16.581048348921673,24.947580599261453,8.36653225033978,0.06808287075913734,28.163520562707163,31.29280031261118,0.5772442407210441,26.037382358966948,2.062443432415171,0.008873075290707601,14.971035515931323,1000000.0,922135.0997127723,31.292800312615107,0.1935872112767946,17.654995592752602,-1.322912341749093,0.008370199978676088,16.533513413318655,1000000.0,922135.099712888,0.07547662632611567,1.5122678929765885,False
goe14,ok,,0.2,1.9382475777932475,0.672422818988555,4.64775759737147,1.7678399999999994,0.3803640708370414,0.3803640708370414,5.405009661640547,0.6691631790518298,0.07677525973574775,3.0000000299689544,16.542570907586086,24.94758059919559,8.405009691609502,0.06794908554932652,26.81425944310592,31.292800312610673,0.6757770702940753,25.329007325387657,0.40326452040384947,0.01843045845198484,12.706933614633737,1000000.0,787681.6170203983,29.79362130582313,0.251162910329092,22.376154277648112,-3.241731221221648,0.04166081863725861,5.405864354042607,1000000.0,749945.2772721921,0.09891046441797617,1.9411,False
goe14k,ok,,0.2,1.9158039330854377,0.8567571815719401,3.6477759776298435,1.7678399999999925,0.48463502442073025,0.48463502442073025,6.498582417991544,1.2548806994692163,0.10623806192776157,3.00000002997,15.148415578460758,24.646998026422303,9.498582447961544,0.06310163840271509,28.163520562707276,31.292800312585612,0.5239908907682029,24.77616902195276,0.4491059270436746,0.0067625427010099765,15.696010006730868,1000000.0,1003612.4044525818,31.292800312615235,0.20193821059251738,17.23621199081089,-1.7388240335664882,0.006695045981689634,18.963360493386528,1000000.0,1003612.4044535318,0.12,1.2805,False
goe155,ok,,0.54,1.6145412938258539,0.7869564022275076,3.971323261052132,1.7678399999999996,0.44515137242482794,0.44515137242482794,5.427730051464728,0.672822851850827,0.08023575953940225,3.000000021423621,16.51985046882602,24.94758054171437,8.427730072888348,0.06787008691270535,17.729840885087,31.292800245548204,0.5774245208875745,28.53364164837136,0.747523071497783,0.008131037104945983,15.265831919487793,1000000.0,921847.1958389105,19.69982306497171,0.4922000021794802,12.041891258192063,1.9121249720378684e-08,0.00864999998696535,16.284404370434654,1000000.0,580332.4249816979,0.07019485200214853,1.5130525083612039,False
goe15,failed,too few converged polar points,0.01,,,,,,,,,,,,,,,,,,,,,,,,,,,,,,,,,,
goe15k,ok,,0.2,1.9127000497565267,0.8469647764294586,3.689950695204965,1.7678399999999996,0.47909583244493775,0.47909583244493775,6.860674406319006,1.4817182670251627,0.07904599179526553,3.00000002997,15.086906162944457,24.94758059923346,9.860674436289006,0.0628877715297035,28.163520562707127,31.292800312585136,0.536513365446016,25.10591753975371,0.010418685833506016,0.007496899330793607,15.291086672863328,1000000.0,992141.5005817738,31.292800312615068,0.2120599873934606,17.68876525691312,-2.7859474336988876,0.00835181589593376,16.747634018619706,1000000.0,992141.5005827228,0.15,1.335,False
goe164,ok,,0.2,1.987592150318464,0.7338851856061618,4.258511177083718,1.7678399999999996,0.4151309991889322,0.4151309991889322,5.376543450319738,0.6396502527691685,0.08145053086056231,3.00000002997,16.57103711897096,24.947580599260696,8.376543480289737,0.06804806193472265,28.163520562707127,31.29280031261114,0.6191812173464378,25.21891030580133,-1.2386000276044962,0.007854391491682659,15.598353091026604,1000000.0,859679.1384550323,31.292800312615068,0.20789985500371447,17.93566870532576,-5.052460542971704,0.010008270098222976,15.289035636193594,1000000.0,859679.1384551402,0.08860569607377448,1.694784949832776,False
goe165,ok,,0.2,1.969317298862457,0.7784469704857058,4.014734958310671,1.7678399999999994,0.4403379098140703,0.4403379098140703,5.738694766128664,0.8015819206902745,0.08041961114216219,3.00000002997,16.208885803156086,24.94758059925475,8.738694796098663,0.06678886984484941,28.163520562707127,31.29280031260516,0.5837365162236845,26.248798719429367,-1.2811423193001465,0.008507783880768493,15.151766443841302,1000000.0,911879.1795302522,31.292800312615068,0.20447254339227694,16.565419328462152,-4.612004942112935,0.004352987057383495,25.44409769268783,1000000.0,911879.179530541,0.12115619654737259,1.5405234113712374,False
goe167,ok,,0.2,1.9675770467885767,0.7959673014328675,3.9263651408468467,1.7678399999999845,0.45024849614946744,0.45024849614946744,5.773181206687314,0.8529587417485683,0.08004586373496189,3.00000002997,16.17439936260032,24.947580599257634,8.773181236657313,0.06666896125620225,28.163520562707365,31.2928003126041,0.570887675659819,25.347394103554976,1.143455233514051,0.00925386883492583,14.785502155398412,1000000.0,932402.6392069076,31.292800312615334,0.20076099261032707,18.83590474576175,-2.0541110804073233,0.013453076524281073,11.751643015230982,1000000.0,932402.6392072423,0.10088066703490667,1.4846030100334446,False
goe16k,ok,,0.2,1.881418020596535,0.8567571815673176,3.6477759776495478,1.767839999999998,0.48463502441811396,0.48463502441811396,7.433986725663109,1.7791174388281834,0.10623806189280768,3.00000002997,14.466992614048047,24.90097936968116,10.433986755633109,0.06073234587449235,28.163520562707223,31.292800312572588,0.529390489949869,26.159512418935286,0.22056970413193314,0.010330726798824361,14.115814880900228,1000000.0,1003612.4044467461,31.292800312615174,0.22182474346392428,18.239619127944604,-3.0574166274347276,0.009907142982215565,15.112701989352008,1000000.0,1003612.4044481119,0.1815,1.304,False
goe173,ok,,0.21,1.983413623324242,0.7764639434706557,4.024988271355719,1.7678399999999996,0.43921618668581763,0.43921618668581763,5.459348996112522,0.6858543775695812,0.08046297576278656,3.00000002997,16.48823157317661,24.94758059925913,8.45934902608252,0.0677601488892398,28.163520562707127,31.29280031260979,0.5852273327529289,22.805569086175026,-0.42475293655897156,0.006901569705400907,15.81848506214319,1000000.0,909556.2453858271,31.292800312615068,0.19844177865911825,20.289308224683356,-3.7128320291384203,0.021835318769992073,7.84491827375552,1000000.0,909556.2453859806,0.07761725909411152,1.5470117056856187,False
goe174,ok,,0.93,1.6330632236665354,0.7537464390222097,4.146299211249621,1.7678399999999996,0.4263657565289901,0.4263657565289901,5.473955457652253,0.6943187645180666,0.08097490276941785,3.0000000166898726,16.47362503168391,24.947580506026036,8.473955474342127,0.06770936198890909,18.317178595102874,31.292800204709224,0.6028657656295096,31.571106927625905,0.06226821781423405,0.008851110687563654,15.12723503334493,1000000.0,882944.7709080395,20.35242054799898,0.4841000039454684,14.377868403284372,-0.9999999647357815,0.009939999962259524,16.174298723983703,1000000.0,574255.5214177585,0.08583047457649,1.6237772575250835,False
goe176,ok,,0.2,1.977193599351724,0.7570605735109228,4.128148228755841,1.7678399999999994,0.4282404366407158,0.4282404366407158,5.582610729398708,0.7419944942841242,0.08089927176737297,3.00000002997,16.364969839888644,24.947580599257353,8.582610759368709,0.06733157057746138,28.163520562707127,31.29280031260776,0.6002266377561161,25.921913840374618,-0.38889731030503727,0.008759461694963423,15.147430619304425,1000000.0,886826.9783324647,31.292800312615068,0.20649343445417184,18.06783697533057,-3.9536519208778715,0.00915232839353366,16.125426237423458,1000000.0,886826.9783326719,0.1032631235641689,1.612291304347826,False
goe177,ok,,0.51,1.7412526507073698,0.8567571507947753,3.6477761086655462,1.767839999999306,0.4846350070114443,0.4846350070114443,5.664987737568011,0.7567264352825832,0.10623951311251421,3.000000008202749,15.239519148579303,23.904506894350064,8.66498774577076,0.06341840293764345,23.118067098022834,31.29280007508102,0.5082056843163886,27.505801874253073,0.10419194114585338,0.008179077146413758,15.297967960250446,1000000.0,1003612.3607831787,25.686741149791406,0.27340000242771423,15.938404509127022,-1.9999999782560096,0.00782000000347912,18.145250444998595,1000000.0,823816.6883217731,0.077,1.2118,False
goe178,ok,,0.2,1.977917614383009,0.8025904068326368,3.8939641428478033,1.767839999999977,0.4539949355329935,0.4539949355329935,5.568262979606448,0.7327522459702269,0.07990883010927698,3.00000002997,16.379317589684828,24.947580599261276,8.568263009576448,0.06738145738516156,28.16352056270731,31.29280031260747,0.5661766185437914,25.564124053145964,1.0918241719301969,0.00848419929324692,15.058136003969707,1000000.0,940160.9993097127,31.292800312615267,0.1944537330283687,17.785698210153992,-2.1498755311793487,0.009522367045343759,15.007914024202627,1000000.0,940160.9993099469,0.08499999999999999,1.4640996655518395,False
goe180,failed,too few converged polar points,0.01,,,,,,,,,,,,,,,,,,,,,,,,,,,,,,,,,,
goe182,ok,,0.2,1.9873866257004331,0.7284229673407634,4.29044443369119,1.7678399999999994,0.41204122960265843,0.41204122960265843,5.38061631575613,0.6357502102209701,0.08158556749270357,3.00000002997,16.56696425353447,24.947580599260597,8.38061634572613,0.06803390067196648,28.163520562707127,31.29280031261107,0.6238242655569164,25.71672134005664,0.8436165865672778,0.009033050989896641,15.173510337938604,1000000.0,853280.651083232,31.292800312615068,0.2095606752720735,17.808521306706552,-2.864534761058098,0.009696987030073625,15.736181988008756,1000000.0,853280.6510833411,0.09440905396774249,1.7149923076923077,False
goe184,ok,,0.2,1.726683895266453,0.8567571814940481,3.6477759779560683,1.767839999998681,0.48463502437702927,0.48463502437702927,5.775207141597656,0.818829748472313,0.10623806145234489,3.0000000299597773,11.40063843762312,20.175845609180556,8.775207171557433,0.0500707004373347,28.163520562518798,31.292800312321862,0.42893496816779886,20.330573093384,-0.9025059534757257,0.008048749643630166,16.569246643958763,1000000.0,1003612.4043536242,31.29280031251244,0.18655937806330064,16.962882390122694,-3.051710705276938,0.00886241951129621,15.245575549118929,1000000.0,1003612.4043597364,0.08295755276333708,0.8668,False
goe187,ok,,0.2,1.9748240761195524,0.8115711982537847,3.850873801737232,1.7678399999999979,0.4590750284266594,0.4590750284266594,5.629567387757152,0.7751015371928874,0.07972658850880127,3.00000002997,16.318013181529395,24.947580599256547,8.629567417727152,0.06716830331819482,28.163520562707227,31.292800312606943,0.5599113467726677,23.252537473229022,0.6546863137039458,0.008753768090380068,14.912372572598583,1000000.0,950681.1721964007,31.292800312615178,0.19367780758133055,20.643713640373775,-2.539701418252729,0.02331281201312693,7.238137653685624,1000000.0,950681.1721966508,0.08279629798380161,1.4368321070234111,False
goe188,failed,too few converged polar points,0.01,,,,,,,,,,,,,,,,,,,,,,,,,,,,,,,,,,
goe190,ok,,0.2,1.9741528239167316,0.7281795180386523,4.291878840560999,1.7678399999999994,0.4119035195711448,0.4119035195711448,5.64286954066811,0.759059369796512,0.08159174033715376,3.00000002997,16.304711028618353,24.94758059925646,8.64286957063811,0.0671220520276641,28.163520562707127,31.292800312606765,0.6240328261911805,25.379529690600794,-0.22728843362652854,0.008111033493112896,15.522653813493184,1000000.0,852995.4725696344,31.292800312615068,0.21619067641071943,17.576386668451743,-4.180450209807287,0.008728562051983167,17.185132951558604,1000000.0,852995.4725698608,0.12669416033148284,1.7159,False
goe195,ok,,0.2,1.9894686464064013,0.7277030476929055,4.294688988191339,1.7678399999999994,0.4116339983781936,0.4116339983781936,5.3393570726906034,0.6190432036112582,0.08160362432401515,3.00000002997,16.608223496600562,24.947580599261165,8.339357102660603,0.0681773581446698,28.163520562707127,31.29280031261174,0.6244414174940982,25.120687680221682,0.2845724381187995,0.007773683894546351,15.656011882052537,1000000.0,852437.3312905007,31.292800312615068,0.20873526991743543,17.942811151488314,-3.4649429951365343,0.01026916426050378,15.063210752613523,1000000.0,852437.3312905914,0.086,1.717678260869565,False
goe198,ok,,1.01,1.5998419192564155,0.7069791439228726,4.420580567990485,1.7678399999999999,0.39991127246972163,0.39991127246972163,5.33947895876239,0.6394146110640248,0.08100510095885034,2.999999991597562,16.608101401344847,24.9475803517048,8.339478950359952,0.06817693285436299,17.190434054455224,31.292800021429855,0.6427458722984152,31.423458996908856,-0.4438240447019852,0.013649937894345918,13.762518454631664,1000000.0,828161.1723718182,19.100482336224896,0.5767000162326145,13.130756055909028,-0.99999986330389,0.015209999616594472,13.790389315106074,1000000.0,505492.5680540758,0.07765030356691581,1.797342474916388,False
goe199,ok,,0.2,1.7615246853929625,0.8567571814871849,3.6477759779907277,1.7678399999999987,0.4846350243727857,0.4846350243727857,5.775725160575892,0.8359501529391872,0.10623806127345939,3.000000029970341,12.133964385109634,20.909689575655868,8.775725190546233,0.052620458486428275,28.102567757454164,31.292800312518235,0.4445363632447237,21.676073176835843,-0.434361541328696,0.015249496503555619,12.919026471790511,500000.0,1003612.4043511343,31.225074974118137,0.18738058900046675,21.35036240529931,-2.6386565868840237,0.026555880746676606,6.254319682484743,500000.0,1001440.3395621604,0.07329777821057894,0.9347,True
goe207,failed,too few converged polar points,0.01,,,,,,,,,,,,,,,,,,,,,,,,,,,,,,,,,,
goe210,ok,,0.2,1.9855566172677137,0.7973877728911684,3.919370689957325,1.767839999999998,0.45105200294776066,0.45105200294776066,5.416881451122287,0.6672992755948735,0.08001628432698067,3.00000002997,16.530699118167604,24.94758059925989,8.416881481092286,0.06790780760092678,28.163520562707138,31.292800312610453,0.5698706928607044,25.14189062723912,0.7102338864383698,0.007201219076962788,15.610172537954357,1000000.0,934066.5911486503,31.29280031261508,0.19226449884672717,17.97765088606566,-2.687287881143583,0.009477439268751555,15.005238568200156,1000000.0,934066.5911487885,0.06630275593359337,1.480176923076923,False
goe217,ok,,0.2,1.9600716137422167,0.6610815268386457,4.727492962245185,1.7678399999999996,0.3739487322600721,0.3739487322600721,5.921915792024062,0.8936041964717908,0.07538806309815531,3.00000002997,16.02566477725798,24.947580599252042,8.921915821994062,0.0661518144030095,28.163520562707127,31.29280031260205,0.6873704742428216,25.55230390275284,-1.6052815145058137,0.011008473588226944,14.828094383081652,1000000.0,774396.3341780904,31.292800312615068,0.24582189384317893,18.35324305169178,-5.025058286696143,0.013793712565001209,13.42222656846831,1000000.0,774396.3341784126,0.18987180445890167,1.9915565217391304,False
goe222,failed,Maximum_Iterations_Exceeded,1.18,,,,,,,,,,,,,,,,,,,,,,,,,,,,,,,,,,
goe223,ok,,0.2,1.930607697808139,0.7663161149367476,4.07828858702516,1.7678399999999994,0.43347594518550764,0.43347594518550764,6.5057999319350985,1.218655051546722,0.08068840023095586,3.00000002997,15.441780637336393,24.94758059924149,9.505799961905097,0.06412166220340373,28.163520562707127,31.29280031259173,0.5929771197019174,25.45155479921726,-1.2817508706721257,0.00908916229224205,14.98077476587732,1000000.0,897668.9956324564,31.292800312615068,0.22594262635776596,18.092372255556036,-4.4495922020976275,0.010514755042024529,15.121388639815358,1000000.0,897668.9956331259,0.18817127485661253,1.5807401337792641,False
goe225,failed,Maximum_Iterations_Exceeded,1.18,,,,,,,,,,,,,,,,,,,,,,,,,,,,,,,,,,
goe226,failed,Maximum_Iterations_Exceeded,1.18,,,,,,,,,,,,,,,,,,,,,,,,,,,,,,,,,,
goe227,failed,Maximum_Iterations_Exceeded,1.25,,,,,,,,,,,,,,,,,,,,,,,,,,,,,,,,,,
goe228,ok,,0.2,1.9533993002913546,0.6850986280196127,4.561764011459281,1.7678399999999994,0.3875342949699141,0.3875342949699141,6.054140510869794,0.9836897915150628,0.0783299700837897,3.00000002997,15.89344005841,24.947580599249793,9.054140540839793,0.06569207198930474,28.163520562707127,31.292800312599773,0.6632737302799926,25.273088446590595,-2.1967351663448325,0.008775992028894364,15.466580109785097,1000000.0,802530.1639056092,31.292800312615068,0.24071967809082218,17.59992083866264,-5.844706915298253,0.0095706535208503,17.116923585954837,1000000.0,802530.1639060015,0.1785586245349515,1.8866832775919733,False
goe229,failed,airfoil 'goe229' not found in the aerosandbox UIUC database,0.0,,,,,,,,,,,,,,,,,,,,,,,,,,,,,,,,,,
goe233,ok,,0.2,1.9904147463906012,0.6761471342911274,4.622157082535771,1.7678399999999999,0.3824707746691598,0.3824707746691598,5.32060828258481,0.5897918855052768,0.07723158793379717,3.00000002997,16.62697228670676,24.94758059926157,8.32060831255481,0.06824254727188114,28.163520562707127,31.292800312612037,0.6720547933587457,25.036889894727985,-2.3026761727251746,0.008435138249521449,15.630990507251765,1000000.0,792044.3105771987,31.292800312615068,0.22414617232572492,18.178740265208894,-5.9607279483052995,0.012092080902630508,14.064996337802242,1000000.0,792044.3105772756,0.11627042019892975,1.9249,False
goe234,failed,Maximum_Iterations_Exceeded,1.21,,,,,,,,,,,,,,,,,,,,,,,,,,,,,,,,,,
goe235,ok,,0.2,1.9894465286257317,0.7724339933140847,4.045987479384806,1.7678399999999983,0.436936596815371,0.436936596815371,5.339795379037142,0.627590825803815,0.08055178672838433,3.00000002997,16.607785190254184,24.947580599261325,8.339795409007142,0.0681758341632283,28.163520562707138,31.29280031261171,0.588280586495837,25.73180411263008,2.3206724145898563,0.010599559684678826,14.400492222427376,1000000.0,904835.528649033,31.292800312615082,0.19665793702697293,19.045525736549266,-1.1620099511542257,0.015002261013344158,10.697840581648125,1000000.0,904835.5286491305,0.065432783465543,1.5603,False
goe238,ok,,0.2,1.7267663592619884,0.8567571814951643,3.6477759779518344,1.7678399999988066,0.4846350243776262,0.4846350243776262,5.9594656869797635,0.9174302550935577,0.10623806142908687,3.0000000299613596,11.40227262018854,20.361738337129665,8.959465716941123,0.05007638245390501,28.163520562565417,31.29280031234892,0.4328870152275956,20.077302586196566,-0.1806892750749396,0.011212360692612484,14.733440315187186,1000000.0,1003612.4043557281,31.29280031254774,0.19047668268662069,20.339729007742363,-2.4867675741776205,0.02149838769105924,7.614156936865732,1000000.0,1003612.4043621046,0.09801818004744492,0.884,False
goe239,ok,,0.21,1.9770423415237501,0.7151050629407875,4.370348397126058,1.7678399999999999,0.40450779648655283,0.40450779648655283,5.585608194059932,0.748056211604077,0.08192334411467522,3.00000002997,16.36197237522744,24.947580599257375,8.585608224029933,0.0673211484593405,28.163520562707127,31.292800312607714,0.6354421834848722,25.381989825578206,-0.6689676171499042,0.008266479624753314,15.519943099717567,1000000.0,837679.9484049141,31.292800312615068,0.2186848385844315,17.611442316072292,-4.342641984143101,0.009026075553075327,16.95726164583912,1000000.0,837679.9484051111,0.11221278133104519,1.765555518394649,False
goe240,failed,too few converged polar points,0.01,,,,,,,,,,,,,,,,,,,,,,,,,,,,,,,,,,
goe241,failed,Maximum_Iterations_Exceeded,1.22,,,,,,,,,,,,,,,,,,,,,,,,,,,,,,,,,,
goe242,failed,Maximum_Iterations_Exceeded,1.2,,,,,,,,,,,,,,,,,,,,,,,,,,,,,,,,,,
goe243,failed,Maximum_Iterations_Exceeded,1.22,,,,,,,,,,,,,,,,,,,,,,,,,,,,,,,,,,
goe244,failed,Maximum_Iterations_Exceeded,1.19,,,,,,,,,,,,,,,,,,,,,,,,,,,,,,,,,,
goe255,ok,,0.2,1.9126256817811833,0.8113821091999942,3.8517712310435797,1.7678399999999994,0.45896806792469597,0.45896806792469597,6.862148150727114,1.426874713833956,0.07973038402640131,3.00000002997,15.08543241853731,24.947580599234428,9.862148180697114,0.06288264735309837,28.16352056270714,31.292800312585044,0.5600418316648049,25.738811783447577,-0.13136236093814221,0.008727650310689608,14.923561735422009,1000000.0,950459.6717239415,31.292800312615086,0.22139283243466748,17.75975374848589,-3.050167032648054,0.008208609289689328,17.419820225151767,1000000.0,950459.6717248539,0.18555421310393705,1.4374,False
goe256,ok,,0.2,1.9345327906061516,0.7628400204367717,4.096872452772731,1.7678399999999992,0.4315096504416531,0.4315096504416531,6.428016671978755,1.2130176110379431,0.08076699336408541,3.00000002997,15.519563897294368,24.947580599243125,9.428016701948755,0.06439211287246517,28.163520562707138,31.292800312593112,0.5956791862547578,25.01144634426395,1.1714010488703492,0.0077069023400127175,15.537066257817715,1000000.0,893597.0699640994,31.292800312615082,0.22511494830787226,17.729507525247516,-2.525121258527787,0.00916965032673672,16.620386846395608,1000000.0,893597.0699647268,0.15988538637665498,1.5925,False
goe257,ok,,0.41,1.777519170830248,0.8535682265025774,3.661404171996275,1.7678399999999994,0.4828311535560784,0.4828311535560784,5.864593249089775,0.9000832584043048,0.08095791437121438,3.0000000022295445,16.08298707521347,24.94758032653279,8.86459325131932,0.06635112205794658,22.94073575861343,31.292800026437707,0.5323627471718388,29.40040216759761,1.0893138794701376,0.009186778849279612,14.56010534048038,1000000.0,999876.8271302098,25.48970637951589,0.2851000049619918,15.228390392695465,-0.9999999589710098,0.004960000199043757,22.253388928023984,1000000.0,814454.6578669439,0.08829667601320132,1.3169357859531772,False
goe264,ok,,0.2,1.9898927109039755,0.7719047221592774,4.048761687656991,1.7678399999999992,0.4366372082084791,0.4366372082084791,5.3309534193883845,0.6244526717200328,0.08056352091987407,3.00000002997,16.61662714990283,24.947580599261215,8.330953449358384,0.0682065774607461,28.163520562707152,31.292800312611867,0.58868395226939,22.961257353844967,0.1021714353440121,0.00894394184172503,15.011111295929638,1000000.0,904215.5360680476,31.292800312615093,0.1965841370158677,20.80282478587702,-3.099338429548218,0.02569514186232687,6.762210930491889,1000000.0,904215.5360681409,0.06426986967503248,1.5620555183946487,False
goe265,ok,,0.2,1.996246335470522,0.7097846465619712,4.403107732377715,1.7678399999999996,0.40149823884625946,0.40149823884625946,5.205044133478637,0.555126036519579,0.08136415362010249,3.00000002997,16.742536435814564,24.9475805992632,8.205044163448637,0.06864436125425491,28.163520562707127,31.292800312613885,0.6402053423065045,24.76058542915271,-0.32275933769715104,0.008405688598766774,15.490935048430744,1000000.0,831447.5689287374,31.292800312615068,0.2105580172954874,18.739604113498253,-4.058675768777488,0.01453785286457497,11.633672078605636,1000000.0,831447.568928769,0.07652241461794693,1.786285618729097,False
goe269,ok,,0.2,1.9940403741487642,0.7393267668306056,4.227167750191921,1.7678399999999994,0.418209095184296,0.418209095184296,5.2487594981272006,0.5816883829175119,0.0813180583769465,3.00000002997,16.698821071165256,24.947580599262455,8.2487595280972,0.06849236390130184,28.163520562707127,31.29280031261319,0.6146239295029181,25.278602187194046,0.9125452776584072,0.00804222846391764,15.501712413934031,1000000.0,866053.451427491,31.292800312615068,0.2032215097777063,18.005218576667083,-2.6714030418965775,0.010364484768878732,14.705014711374508,1000000.0,866053.451427543,0.06586922316446983,1.6749508361204013,False
goe274,failed,too few converged polar points,0.01,,,,,,,,,,,,,,,,,,,,,,,,,,,,,,,,,,
goe275,failed,too few converged polar points,0.01,,,,,,,,,,,,,,,,,,,,,,,,,,,,,,,,,,
goe276,ok,,0.53,1.6260281532823555,0.7782267074838151,4.0158712564679755,1.7678399999999899,0.44021331539269365,0.44021331539269365,5.446151802986452,0.6845772042828198,0.08042373726972066,3.000000017307431,16.50142869194427,24.947580512238154,8.446151820293883,0.06780603471467447,18.07953208373633,31.292800211225483,0.5839017340327182,30.47072468452276,0.9213382991216345,0.009521641948603221,14.76425935273863,1000000.0,911621.1586860402,20.088368866036568,0.4797000036490003,13.309074313285405,3.2263821966777614e-08,0.01004999998152622,15.823346216618155,1000000.0,585213.9143239576,0.07258661725266617,1.541242474916388,False
goe277,failed,Infeasible_Problem_Detected,0.38,,,,,,,,,,,,,,,,,,,,,,,,,,,,,,,,,,
goe278,failed,Restoration_Failed,0.91,,,,,,,,,,,,,,,,,,,,,,,,,,,,,,,,,,
goe279,ok,,0.2,1.9882675921133792,0.7326329439236839,4.265789972346026,1.7678399999999996,0.414422653590644,0.414422653590644,5.36315827258682,0.649222274693081,0.08148126000511481,3.00000002997,16.58442229670408,24.9475805992609,8.363158302556819,0.06809460190071771,28.163520562707127,31.29280031261135,0.6202395433960595,24.814550120268517,0.6516371115136974,0.008480435064474521,15.36168038266566,1000000.0,858212.2522556105,31.292800312615068,0.20792242623636126,18.850323750816308,-3.0912517811202473,0.014525417359647626,11.4812290818633,1000000.0,858212.2522557125,0.074298292,1.6993909698996656,False
goe280,failed,too few converged polar points,0.01,,,,,,,,,,,,,,,,,,,,,,,,,,,,,,,,,,
goe281,failed,Maximum_Iterations_Exceeded,1.22,,,,,,,,,,,,,,,,,,,,,,,,,,,,,,,,,,
goe282,ok,,0.2,1.6836698248061972,0.8567571815459323,3.6477759777406,1.7678399999999983,0.484635024406017,0.484635024406017,5.985635271390252,0.942580384587547,0.10623806174173188,3.00000002997,10.548231934767529,19.53386723612778,8.98563530136025,0.04710690193995093,28.163520562707127,31.292800312470277,0.41528661959642243,19.47285364901686,-1.5136102206283826,0.007808136156965359,16.92999235643751,1000000.0,1003612.4044184138,31.292800312615068,0.19103304348726396,16.62605719004735,-3.548004432767152,0.008567778026564369,15.77990924575933,1000000.0,1003612.4044230575,0.09117217213397125,0.8074,False
goe284,ok,,0.2,1.9402816681006458,0.7229885036882135,4.322694274745697,1.7678399999999996,0.40896715974760933,0.40896715974760933,6.314091611954807,1.1341464762813636,0.08172205330172466,3.00000002997,15.633488957320235,24.947580599245043,9.314091641924808,0.06478822777846834,28.163520562707127,31.292800312595194,0.6285133446773065,25.58616794117171,1.0734922890543732,0.009691062536414649,14.960377978429836,1000000.0,846914.6756926185,31.292800312615068,0.23465325093154807,17.845525395494597,-2.257805785059544,0.010350930568105886,15.795131338316619,1000000.0,846914.6756931564,0.17632549964918343,1.7354,False
goe285,ok,,0.21,1.9590777045958045,0.7733837383485741,4.041018850840389,1.7678399999999996,0.43747383153937813,0.43747383153937813,5.9416120125939,0.9439313484190257,0.08053077430924602,3.00000002997,16.005968556687318,24.947580599251218,8.9416120425639,0.06608333108109427,28.163520562707127,31.292800312601713,0.5875581552652656,24.98463344585129,1.872477679546352,0.007006062410447629,15.785758487534133,1000000.0,905948.0677884006,31.292800312615068,0.21059024364790427,17.539611387262273,-1.5082384355541447,0.008252029624424076,17.356139221770718,1000000.0,905948.0677887872,0.1173,1.5571558528428093,False
goe286,ok,,0.2,1.9751005924026126,0.7693966277347344,4.061959921505522,1.7678399999999987,0.43521847437253086,0.43521847437253086,5.624087685993579,0.7739618983021386,0.08061934011128317,3.00000002997,16.323492883293127,24.947580599256707,8.62408771596358,0.06718735611964674,28.16352056270713,31.292800312607056,0.5906029559215213,26.314606423845166,1.8557009052485751,0.010514675318729834,14.445127413832685,1000000.0,901277.5336441732,31.29280031261507,0.20416455523240842,17.88266643299673,-1.5835922965962224,0.01008429801223573,14.887656373395412,1000000.0,901277.5336444039,0.09345447339679712,1.5704073578595317,False
goe287,ok,,0.2,1.9730517523606927,0.8019740946519651,3.8969566304461134,1.7678399999999985,0.4536463111208966,0.4536463111208966,5.664689390409498,0.7931355336107001,0.07992148791757037,3.00000002997,16.282891178876444,24.947580599255943,8.664689420379498,0.06704618489423829,28.163520562707152,31.292800312606367,0.5666117218080361,24.426784815633848,1.2107281326391626,0.008668366539256279,14.987378957973156,1000000.0,939439.0461555633,31.292800312615093,0.1967932149523447,19.534893958290223,-1.9536947691443536,0.017125288732146377,9.53450775887241,1000000.0,939439.0461558253,0.08869190195769577,1.4659933110367893,False
goe288,ok,,0.2,1.958587436441567,0.6673402237262754,4.683155839384699,1.7678399999999994,0.377489039577267,0.377489039577267,5.951327618633548,0.9308004126051606,0.07615310101188945,3.00000002997,15.996252950648783,24.947580599252333,8.951327648603549,0.06604955013446281,28.163520562707127,31.292800312601535,0.6809239222520461,25.349702909285273,0.1452371574377196,0.008827109034821303,15.530932106291518,1000000.0,781727.8231544672,31.292800312615068,0.24431920793262554,17.60114674929477,-3.531709322918825,0.00936295669245576,17.613720097589145,1000000.0,781727.8231548052,0.17380807500367648,1.9635,False
goe289,ok,,0.2,1.9403134952753662,0.7485516722607582,4.1750735205241964,1.7678399999999996,0.4234272741089456,0.4234272741089456,6.3134608952985065,1.130800614100506,0.08109773437290581,3.00000002997,15.634119673976478,24.947580599244986,9.313460925268506,0.06479042076628809,28.163520562707127,31.292800312595205,0.6070495056726363,25.327551870751822,0.21297444312040817,0.008741078415709714,15.192144718356827,1000000.0,876859.581470303,31.292800312615068,0.22662445475572818,17.842318972353056,-3.7464150071548796,0.009953063130868788,15.843717941712066,1000000.0,876859.5814708596,0.16799999999999998,1.641985618729097,False
goe290,ok,,0.2,1.9186629828716741,0.8174138205831645,3.823348941384854,1.7678399999999974,0.4623799781559223,0.4623799781559223,6.74250742264242,1.3566074028053838,0.07961017673386364,3.00000002997,15.205073146625125,24.947580599237547,9.74250745261242,0.06329863551013636,28.163520562707184,31.29280031258712,0.5559092728481334,25.575484389172004,1.3342473282964047,0.008628715603851271,14.93740953904318,1000000.0,957525.2680148018,31.292800312615135,0.21709320517657096,17.84370272782062,-1.5496067530760094,0.008895802198207417,16.37759761781327,1000000.0,957525.2680156592,0.17552685903858306,1.419414381270903,False
goe298,ok,,0.2,1.9696820188874335,0.6997603683501975,4.466183577912993,1.7678399999999996,0.3958278850745529,0.3958278850745529,5.731467137643514,0.8316671570716421,0.08013364411520224,3.00000002997,16.21611343164145,24.947580599254962,8.731467167613513,0.06681400014873037,28.163520562707127,31.292800312605284,0.6493764768181293,25.750599043255377,1.5984834581542868,0.009587046851322308,15.108553848027805,1000000.0,819705.0470385056,31.292800312615068,0.22727692427713092,17.690184774177062,-1.9902130539251395,0.009632464746521931,16.561733989167934,1000000.0,819705.0470387618,0.12811066485213432,1.8262,False
goe29b,failed,Maximum_Iterations_Exceeded,1.23,,,,,,,,,,,,,,,,,,,,,,,,,,,,,,,,,,
goe300,ok,,0.2,1.983473799245135,0.7288621075847921,4.28785943606819,1.7678399999999996,0.4122896345737127,0.4122896345737127,5.458156494549274,0.6982905469362115,0.08157474213273837,3.00000002997,16.489424074739983,24.947580599259258,8.458156524519275,0.06776429519071707,28.163520562707127,31.29280031260981,0.6234484107315059,25.750667675579372,-0.13021736048825175,0.009154874189876917,15.126657099504683,1000000.0,853795.0635744862,31.292800312615068,0.21137216981612472,17.79149245810142,-3.8081204822473933,0.009654512096329029,15.845315818923538,1000000.0,853795.0635746296,0.0843,1.7133565217391304,False
goe301,failed,Maximum_Iterations_Exceeded,1.2,,,,,,,,,,,,,,,,,,,,,,,,,,,,,,,,,,
goe303,ok,,0.2,1.9770844045833336,0.7268681097643577,4.299622206032909,1.7678399999999996,0.41116170567718674,0.41116170567718674,5.584774633666067,0.7635680358003238,0.08162448081327052,3.00000002997,16.362805935621182,24.94758059925725,8.584774663636066,0.06732404673033496,28.163520562707127,31.292800312607728,0.6251587000611325,24.973689425323634,-0.15462543516161034,0.008301365277103004,15.455229302022,1000000.0,851459.2781382699,31.292800312615068,0.21512493156124865,18.329024598561322,-3.871266530478848,0.012279542209399112,13.373150666861866,1000000.0,851459.2781384696,0.09839061180592236,1.7208,False
goe304,ok,,0.57,1.6062041800013862,0.7013734639352139,4.455911759285891,1.7678399999999994,0.39674035203141356,0.39674035203141356,5.418978725772454,0.677581914876783,0.08033000418017357,3.000000026270918,16.52860182279837,24.947580574841744,8.418978752043373,0.06790051527664998,17.48260107112908,31.292800284059986,0.6478829701525781,30.319912464669546,-0.27821203904706066,0.00979468735565102,15.02805845190859,1000000.0,821594.639715881,19.425112131149355,0.5674000005466898,13.024271649393944,-0.9999999950979747,0.01116999999056695,15.450614204798146,1000000.0,510007.66495677835,0.08978282249137462,1.8197,False
goe308,ok,,0.2,1.967583926743827,0.8399054714085769,3.7209642894111052,1.7678399999978263,0.475102651489733,0.475102651489733,5.7730447509953855,0.8567471715606515,0.07917712270274724,3.0000000256909063,16.174535791232852,24.947580567919143,8.773044776686291,0.06666943550228122,28.163520482380513,31.29280026643144,0.5410226970170235,25.63458753539148,1.0146947077707604,0.008432039969927854,14.923239630207535,1000000.0,983872.1712077428,31.292800267998217,0.19025557739605656,18.210858084106203,-2.6107218829435648,0.01008163529615706,14.069891858484075,1000000.0,983872.1712570037,0.08088417514217157,1.3546254180602006,False
goe309,ok,,0.2,1.8417976530931242,0.8567571815672421,3.647775977649834,1.7678399999999896,0.48463502441807355,0.48463502441807355,5.9376314758498125,0.924692440429447,0.10623806189455487,3.00000002997,13.681838860050675,22.619470365870487,8.937631505819812,0.0580023836924048,28.163520562707237,31.29280031255572,0.4808860053909629,22.70884347534238,1.0813142614738975,0.007997247839526178,15.808894074007904,1000000.0,1003612.4044461214,31.292800312615192,0.19001249113943597,17.650268865277877,-1.5382166655339842,0.009754140941692645,14.335424944747466,1000000.0,1003612.4044480288,0.084295902,1.0929,False
goe310,ok,,0.2,1.9673102855815086,0.83786552315259,3.7300237081491385,1.7678399999999834,0.4739487301750146,0.4739487301750146,5.778467592864366,0.8597187765101819,0.07921547363664035,3.00000002997,16.169112976422067,24.947580599256433,8.778467622834366,0.06665058060875179,28.1635205627073,31.292800312603948,0.5423399221708656,25.42237117789293,1.4038576138112182,0.007929050004272539,15.141356445801552,1000000.0,981482.5605041983,31.29280031261526,0.1908366796692627,17.80880599608073,-2.1229486461179214,0.009144838573886658,15.148145468500136,1000000.0,981482.5605045531,0.08141819419419419,1.3603581939799332,False
goe311,ok,,0.19,1.972907403565093,0.796215095010826,3.9251431995992228,1.7678399999999979,0.45038866357296303,0.45038866357296303,5.66754993931125,0.8034298183848322,0.08004069809137473,3.00000002997,16.28003062997468,24.94758059925593,8.66754996928125,0.06703623882917512,28.16352056270714,31.292800312606307,0.570710007212325,25.59189232942188,0.5978018237889604,0.008813619835687255,14.954956932813982,1000000.0,932692.9066408812,31.292800312615086,0.19828205327559426,17.976784559165505,-2.6825779546302155,0.010232807046598397,14.393943298109747,1000000.0,932692.9066411427,0.08437985829401688,1.4838297658862876,False
goe314,ok,,0.2,1.9799495511094305,0.7815940632736539,3.9985696059538447,1.7678399999999996,0.4421181007747613,0.4421181007747613,5.527996246880665,0.7243471689636466,0.08035124257974766,3.00000002997,16.419584322407335,24.947580599258,8.527996276850665,0.06752146392142264,28.163520562707127,31.292800312608662,0.5813860979354273,23.99512895889158,1.420686988231522,0.009233109509947967,14.857647171364107,1000000.0,915565.7098891139,31.292800312615068,0.19873905042124584,20.178555504823322,-2.3969297358347252,0.021032797654233024,8.1030773848338,1000000.0,915565.7098893013,0.0803329760444448,1.5302939799331103,False
goe315,failed,Infeasible_Problem_Detected,0.62,,,,,,,,,,,,,,,,,,,,,,,,,,,,,,,,,,
goe316,ok,,0.61,1.7172272460007063,0.7688437251263495,4.064881019984138,1.7678399999999999,0.4349057183491433,0.4349057183491433,5.579234711276781,0.749247000668434,0.08062938686037568,3.0000000069524253,16.368345690220835,24.947580408450044,8.579234718229205,0.0673433077947009,20.837155335722368,31.292800099120733,0.5910276828573939,29.813968656683752,1.931840603881147,0.009548865199440464,14.797149763579112,1000000.0,900629.8528399342,23.1523947638142,0.37130000556842985,15.169460600219809,4.910067060324241e-08,0.010509999969231862,16.498365028924784,1000000.0,666342.9869803162,0.0907581295836249,1.5722558528428094,False
goe318,ok,,0.2,1.9761392352819769,0.78363757980893,3.9881424093546065,1.7678399999999996,0.44327404052908076,0.44327404052908076,5.603504980502027,0.756785677290494,0.08030714253010157,3.00000002997,16.34407558878482,24.947580599256845,8.603505010472027,0.06725892172996359,28.163520562707127,31.292800312607415,0.5798699989949128,25.1951635683358,2.180972921160364,0.008213071870432052,15.24672633670535,1000000.0,917959.5019548124,31.292800312615068,0.19997588230745372,18.179838320188043,-1.1075679839911967,0.011088054219288285,13.664696944161424,1000000.0,917959.5019550369,0.09125938156960593,1.5236956521739131,False
goe319,ok,,0.21,1.980749010808243,0.6927014896870758,4.511695603559072,1.7678399999999999,0.391834945293169,0.391834945293169,5.512153415952355,0.7250541967549688,0.07926459345071961,3.00000002997,16.4354271533361,24.947580599258455,8.512153445922355,0.0675765490930499,28.163520562707127,31.292800312608925,0.6559938579335841,24.173536923599755,1.0594297328679432,0.009449212716763208,15.19095889719847,1000000.0,811436.2185534498,31.292800312615068,0.22382612839326965,19.806242738350125,-2.861199249128401,0.020705169366113548,9.086645356521396,1000000.0,811436.2185536091,0.10244473059432171,1.855,False
goe320,ok,,0.2,1.9703020080279614,0.6885293155424722,4.539034424609354,1.7678399999999994,0.3894749047099695,0.3894749047099695,5.719180860867793,0.8346194545588348,0.07875143776516129,3.00000002997,16.22839970841767,24.94758059925546,8.719180890837793,0.0668567192604801,28.16352056270715,31.29280031260549,0.6599688820194836,22.67987189298716,0.42079297749810085,0.011295555822716151,14.590128541864168,1000000.0,806548.8994679456,31.29280031261509,0.23065916319035573,21.27883074469353,-3.436433507413418,0.03259096058370867,6.278738924046317,1000000.0,806548.8994681931,0.12328413926638611,1.8723,False
goe321,ok,,0.2,1.9703654119725034,0.7352215111633442,4.250770982822427,1.7678399999999996,0.41588690784423044,0.41588690784423044,5.717924389809646,0.8282749054484201,0.08141778999040708,3.00000002997,16.229656179475686,24.947580599255332,8.717924419779646,0.06686108798247094,28.163520562707127,31.29280031260551,0.6180558045658824,25.115789669662266,1.351087669374348,0.008851562308333437,15.210090186108358,1000000.0,861244.521196246,31.292800312615068,0.21597941211056512,18.654191328433836,-2.133829050156606,0.013251079167152076,12.60658713510975,1000000.0,861244.5211965091,0.11154596307173668,1.6898869565217391,False
goe322,ok,,0.2,1.95261347951798,0.773437351655562,4.040738734572753,1.7678399999999992,0.4375041585525627,0.4375041585525627,6.069713060268942,1.0109997902902947,0.08052958911246355,3.00000002997,15.877867509010215,24.947580599249157,9.069713090238942,0.06563792658055687,28.163520562707138,31.29280031259949,0.5875174267748988,25.042478914229044,0.14391871259511266,0.009145837181614725,14.927349937085847,1000000.0,906010.870856807,31.29280031261508,0.21359243535298322,18.9007356159167,-3.090954110881982,0.014182478337368822,11.751567088136508,1000000.0,906010.8708572583,0.13063476722265963,1.5569785953177258,False
goe323,ok,,0.2,1.9715796412899704,0.747885068808994,4.178794838860692,1.7678399999999994,0.42305020183330744,0.42305020183330744,5.693862101474384,0.8058365270680667,0.08111347376236874,3.00000002997,16.253718467811115,24.9475805992555,8.693862131444384,0.06694475202513236,28.163520562707127,31.292800312605916,0.607590579846504,24.40338391676686,1.652276804727189,0.008774211894480428,15.18252417184261,1000000.0,876078.7167081807,31.292800312615068,0.21173631296753498,19.340494000888807,-1.8527930123940173,0.01719061594066317,10.089863538642147,1000000.0,876078.716708437,0.11040920712038563,1.6443404682274247,False
goe324,ok,,0.2,1.9626959981931074,0.7422994531339535,4.210239213305769,1.7678399999999996,0.41989063101522406,0.41989063101522406,5.869908568634545,0.8957600734534177,0.08124646001375752,3.00000002997,16.077672000648118,24.947580599252664,8.869908598604546,0.06633264236482922,28.163520562707127,31.29280031260294,0.6121625453147579,22.001639758526274,1.2385490674287778,0.0049069611319688235,16.82369114721937,1000000.0,869535.6805964033,31.292800312615068,0.2176493950114529,20.01408580852394,-2.2530713004048684,0.021167521859204994,8.655116544471104,1000000.0,869535.6805967403,0.13125260252072857,1.6642384615384616,False
goe325,ok,,0.2,1.9780036962336243,0.7910344122586612,3.9508499468137765,1.7678399999999996,0.44745814794249555,0.44745814794249555,5.566557102236623,0.7418551376061807,0.08014942049363022,3.00000002997,16.38102346705075,24.94758059925737,8.566557132206622,0.06738738868291494,28.163520562707127,31.29280031260803,0.574447730179891,25.076706797999726,0.8983995592931387,0.00855805058983631,15.077934415715637,1000000.0,926624.2122833654,31.292800312615068,0.19725517191822295,18.82048879008434,-2.4655168781716017,0.013425677469720053,11.665800774857724,1000000.0,926624.2122835738,0.082,1.500096989966555,False
goe326,ok,,0.2,1.9789862750420424,0.784147816004482,3.9855473697858717,1.7678399999999996,0.443562661781882,0.443562661781882,5.5470854140967285,0.7344381115094144,0.0802961672783393,3.00000002997,16.40049515519098,24.94758059925771,8.547085444066727,0.06745509131055137,28.163520562707127,31.29280031260835,0.5794926840854345,24.980081679637312,0.9573086285076134,0.008276830420386546,15.219056193386493,1000000.0,918557.1968281033,31.292800312615068,0.19853522330077247,18.709554827514474,-2.4624566998086355,0.01309952270483101,11.961883580256213,1000000.0,918557.1968283004,0.08177522732684633,1.5220535117056857,False
goe328,ok,,0.2,1.9800180944158488,0.7737908797532778,4.038892609585259,1.767839999999997,0.43770413598135527,0.43770413598135527,5.526637929487351,0.7265318108463168,0.08052177830127635,3.000000029969999,16.420942639801563,24.947580599258913,8.52663795945735,0.06752618676086465,28.163520562707173,31.292800312608634,0.5872490029361109,24.706550129191726,1.5671813163758934,0.00853537052276035,15.161000783719716,1000000.0,906424.996576497,31.292800312615128,0.2007112321038042,19.113230456802437,-1.7997100128350065,0.015321900193061753,10.648050235676557,1000000.0,906424.9965766851,0.082,1.5558103678929767,False
goe329,failed,Restoration_Failed,1.01,,,,,,,,,,,,,,,,,,,,,,,,,,,,,,,,,,
goe330,failed,too few converged polar points,0.01,,,,,,,,,,,,,,,,,,,,,,,,,,,,,,,,,,
goe331,failed,too few converged polar points,0.01,,,,,,,,,,,,,,,,,,,,,,,,,,,,,,,,,,
goe332,ok,,0.2,1.9641852121268806,0.7438457716253821,4.201486900666219,1.7678399999999996,0.420765324704375,0.420765324704375,5.840396931457223,0.8968028807612397,0.08120944579723324,3.00000002997,16.10718363782581,24.94758059925303,8.840396961427222,0.066435253672508,28.163520562707127,31.29280031260344,0.6108899720210772,23.798927918797744,-1.0063998636714493,0.009029594096546776,15.104541221697263,1000000.0,871347.0507869602,31.292800312615068,0.21647429220367678,19.967021194807057,-4.661926019851021,0.021009473377346433,8.67486293534708,1000000.0,871347.0507872839,0.11779386915089413,1.6587,False
goe335,ok,,0.2,1.98114167058826,0.8334241191430984,3.749901393316343,1.767839999999477,0.4714363964744236,0.4714363964744236,5.504372106078632,0.7030281365119031,0.0792995407746476,3.00000002991508,16.443208462929288,24.947580598923004,8.504372135993712,0.06760360453238451,28.163520561680325,31.292800312015395,0.5452301081630299,25.225700197398236,0.5045996514712706,0.00809269323798067,15.09048597876043,1000000.0,976279.8633240855,31.292800312047046,0.18586330330333284,18.52230848846541,-2.9232487349430922,0.011669421097788847,12.450982721297056,1000000.0,976279.863325073,0.0685,1.3729367892976587,False
goe336,failed,Maximum_Iterations_Exceeded,1.26,,,,,,,,,,,,,,,,,,,,,,,,,,,,,,,,,,
goe344,ok,,0.2,1.981099433332219,0.7883402550392771,3.9643519985241515,1.7678399999949084,0.44593416544571207,0.44593416544571207,5.505208914976507,0.7216805610107828,0.08020618477940807,3.0000000223735475,16.442371607537577,24.947580544887632,8.505208937350055,0.0676006946050988,28.16352042010562,31.292800231731313,0.5764109102068709,25.189545332307798,2.682643681177821,0.007104859400112312,15.686215724061038,1000000.0,923468.2519883852,31.292800233407036,0.19651185074002847,16.860132368124397,-0.7352260029611961,0.006653570954438124,19.459010312478064,1000000.0,923468.2520378367,0.07201614045077977,1.5086411371237458,False
goe346,ok,,0.68,1.6059300408458397,0.7905067664531598,3.9534870518848146,1.7678399999999719,0.4471596787340327,0.4471596787340327,5.32264413422424,0.6250251406316408,0.08016011753924596,3.0000000148291104,16.62493636782452,24.94758051687787,8.32264414905335,0.06823546812198203,17.33797119470293,31.292800196827887,0.5748311636991954,28.342301722192854,1.6499743197288623,0.003021205495929798,17.642901163953557,1000000.0,926006.1202237994,19.26441234333411,0.5060000049814076,12.036719237815381,1.0000000470548267,0.00318999998806877,19.390764758806313,1000000.0,570066.0733535315,0.05738206952871148,1.5668983277591972,False
goe358,ok,,0.2,1.9846477449732007,0.7127063941174872,4.385057144702438,1.7678399999999996,0.4031509605606205,0.4031509605606205,5.43489250298536,0.6565903599123321,0.08173066702085435,3.00000002997,16.51268806630444,24.9475805992598,8.43489253295536,0.06784518357321799,28.163520562707127,31.292800312610186,0.6375808135955153,25.071500630497297,-0.3415357535126199,0.007165725444274739,15.958346024311298,1000000.0,834870.1280299439,31.292800312615068,0.21556902571587658,17.4690588740891,-4.036546202545162,0.008278714824678271,17.924111336985646,1000000.0,834870.1280300742,0.10869999999999999,1.774863210702341,False
goe359,failed,too few converged polar points,0.01,,,,,,,,,,,,,,,,,,,,,,,,,,,,,,,,,,
goe360,failed,too few converged polar points,0.01,,,,,,,,,,,,,,,,,,,,,,,,,,,,,,,,,,
goe361,failed,Maximum_Iterations_Exceeded,1.33,,,,,,,,,,,,,,,,,,,,,,,,,,,,,,,,,,
goe362,ok,,0.2,1.9935161217944066,0.7705061419718284,4.056110776225668,1.7678399999999994,0.4358460844713485,0.4358460844713485,5.259148566427131,0.5750236232993962,0.08059460284378826,3.00000002997,16.68843200286521,24.947580599262338,8.25914859639713,0.06845624134132954,28.163520562707127,31.29280031261302,0.589752498861626,25.057859543292274,0.3143760307904134,0.006936857118720198,15.826158939969874,1000000.0,902577.2277411274,31.292800312615068,0.19524352286642468,17.974874774079993,-3.3250402638545493,0.009437910903573243,15.299016549118727,1000000.0,902577.2277411864,0.066,1.5667060200668896,False
goe363,ok,,0.2,1.9680573521860092,0.7522302940083327,4.154656214318031,1.7678399999999996,0.4255081308310327,0.4255081308310327,5.763663031825518,0.849668337153313,0.08101138380750766,3.00000002997,16.183917537458782,24.9475805992543,8.76366306179552,0.06670205573900212,28.163520562707127,31.292800312604744,0.604080859592685,25.4441516397798,-0.12488510624547197,0.008511523365050035,15.263855638660068,1000000.0,881168.7492214413,31.292800312615068,0.21220338759842877,17.85063108502698,-3.7401116115518853,0.009739511957110559,15.63440127326391,1000000.0,881168.7492217321,0.11065482272722464,1.6290655518394648,False
goe364,ok,,0.2,1.9727626331023314,0.7319652931861867,4.269680946204426,1.7678399999999994,0.4140449889052103,0.4140449889052103,5.67041884435852,0.802966992976945,0.08149785998935954,3.00000002997,16.277161724927385,24.947580599255904,8.670418874328519,0.06702626370997947,28.163520562707127,31.292800312606307,0.620805285231754,22.426457950144563,-0.17953126380623513,0.00910413640408938,15.131053851362738,1000000.0,857430.1606939342,31.292800312615068,0.215758070845308,20.974650706583766,-4.456204412438625,0.028597136417124972,6.648279564713019,1000000.0,857430.1606941742,0.108,1.7018531772575252,False
goe365,failed,Maximum_Iterations_Exceeded,1.29,,,,,,,,,,,,,,,,,,,,,,,,,,,,,,,,,,
goe366,failed,too few converged polar points,0.01,,,,,,,,,,,,,,,,,,,,,,,,,,,,,,,,,,
goe367,ok,,0.2,1.927171305652463,0.7853789575374925,3.979299719716267,1.7678399999999994,0.444259071826349,0.444259071826349,6.573898649114928,1.2922992291160553,0.08026974367556579,3.00000002997,15.373681920155041,24.947580599239966,9.573898679084927,0.06388488447470117,28.163520562707138,31.292800312590465,0.5785842850197191,25.12291591009165,1.0850060350458537,0.007889178345006593,15.370540573976019,1000000.0,919999.3661384901,31.29280031261508,0.22203785653866498,17.626090798132417,-2.2951639728532296,0.008786765582395882,16.86117104480442,1000000.0,919999.3661392137,0.16283851370274055,1.5181,False
goe368,ok,,0.2,1.7492317721495099,0.8567571815587791,3.6477759776858116,1.7678399999999763,0.48463502441329,0.48463502441329,5.586682043746831,0.7131232452089187,0.10623806183536988,3.00000002997,11.847467967133078,20.434150040849907,8.58668207371683,0.051624316797746976,28.163520562707223,31.292800312509556,0.43442647541636303,20.549994386801185,0.7493267083787843,0.007998571664628008,16.52004796013319,1000000.0,1003612.4044347347,31.292800312615174,0.1825513672613358,16.345531939473414,-1.5734464671124118,0.007720885214111087,16.668344412346666,1000000.0,1003612.4044381221,0.07708440188883711,0.8907,False
goe369,ok,,0.47,1.6045353043221589,0.7757963917282337,4.028451664537769,1.7678399999999994,0.4388385779981412,0.4388385779981412,5.241339127965514,0.5725343532300288,0.08047747941088607,3.0000000262291646,16.70624142090127,24.94758057509595,8.241339154194678,0.06851816421786311,17.183140857195447,31.29280028437714,0.5857309054810217,30.36423182429752,0.6150266368952869,0.00865393694764802,15.106013609786507,1000000.0,908774.2689680294,19.09237856329145,0.5198000004770553,12.712925798520867,4.450213416042515e-09,0.009809999991591089,15.501844998399575,1000000.0,554461.7999680375,0.0585,1.5492033444816056,False
goe370,failed,too few converged polar points,0.01,,,,,,,,,,,,,,,,,,,,,,,,,,,,,,,,,,
goe371,ok,,0.2,1.9833777549269649,0.812691054816526,3.8455674478975617,1.76783999999999,0.45970848878661563,0.45970848878661563,5.4600597973641,0.6830137639065333,0.07970414606349045,3.00000002997,16.48752077192601,24.94758059926011,8.4600598273341,0.06775767744906193,28.163520562707237,31.292800312609593,0.5591398107842388,24.286773845271455,0.6035403763196081,0.007381078566283569,15.473892329172225,1000000.0,951992.9813785381,31.292800312615196,0.18961182356966796,19.29340826687967,-2.9099246261214,0.015235310557759946,10.226136453585417,1000000.0,951992.9813787086,0.06949338978475865,1.4334742474916387,False
goe372,ok,,0.2,1.7743381843522834,0.856757181562524,3.6477759776699603,1.7678399999999987,0.4846350244154022,0.4846350244154022,5.530105060832902,0.6928820001518462,0.1062380618670867,3.00000002997,12.344999793123996,20.8751048839269,8.530105090802902,0.05335422391775492,28.16352056270713,31.292800312523852,0.4438010986752114,20.552905101500293,-0.08308738655567989,0.006501932294324564,17.336969811499277,1000000.0,1003612.4044395672,31.29280031261507,0.18134855044518125,16.59665943856839,-2.5238845687132554,0.0072109021466685,17.438101900260843,1000000.0,1003612.4044424929,0.06199887856146031,0.9315,False
goe373,failed,too few converged polar points,0.01,,,,,,,,,,,,,,,,,,,,,,,,,,,,,,,,,,
goe374,failed,too few converged polar points,0.01,,,,,,,,,,,,,,,,,,,,,,,,,,,,,,,,,,
goe375,failed,too few converged polar points,0.01,,,,,,,,,,,,,,,,,,,,,,,,,,,,,,,,,,
goe376,failed,too few converged polar points,0.01,,,,,,,,,,,,,,,,,,,,,,,,,,,,,,,,,,
goe377,ok,,0.21,1.9406032244333227,0.8567571552232289,3.647776089724866,1.767839999978502,0.48463500952215566,0.48463500952215566,5.621300052025612,0.7492658744220796,0.1062380282836177,3.0000000111786167,15.639861605683599,24.26116166888783,8.62130006320423,0.0648103848372313,28.163520210056127,31.29280010359174,0.5157880996754219,24.035161433862637,1.2456394635227543,0.006182517207384496,16.130113632206122,1000000.0,1003612.3668969028,31.292800116792286,0.18328734762244417,17.634126827262293,-2.0915512332550352,0.008310045241846845,15.845375859481011,1000000.0,1003612.3673202663,0.0645,1.2448,False
goe379,failed,Maximum_Iterations_Exceeded,1.24,,,,,,,,,,,,,,,,,,,,,,,,,,,,,,,,,,
goe380,ok,,0.2,1.9796920306212504,0.8418582678643919,3.7123330433376722,1.7678399999999996,0.47620727433726584,0.47620727433726584,5.533099510448263,0.7231730400611377,0.0791406541106245,3.00000002997,16.41448105883946,24.947580599257723,8.533099540418263,0.06750371998722555,28.163520562707127,31.29280031260858,0.5397677257109974,24.256524622263413,0.18926428175953489,0.007945224322682172,15.118548354708789,1000000.0,986159.694477379,31.292800312615068,0.18462278191145537,19.660615271597297,-3.2111026796983215,0.01672446694583187,9.244158030734212,1000000.0,986159.6944775834,0.065496,1.3491635451505015,False
goe381,failed,Maximum_Iterations_Exceeded,1.35,,,,,,,,,,,,,,,,,,,,,,,,,,,,,,,,,,
goe382,ok,,0.2,1.9296732973761273,0.7147575817625174,4.372473052882404,1.7678399999999996,0.4043112395706158,0.4043112395706158,6.524316872921611,1.2480650248360674,0.08192975150172221,3.00000002997,15.423263696349727,24.947580599241334,9.524316902891611,0.06405727921043683,28.163520562707127,31.292800312591392,0.6357511052850126,25.525796171848025,0.25662519175794324,0.009948910737581881,14.909068353856968,1000000.0,837272.9060961936,31.292800312615068,0.24271271412479353,17.94473431625764,-3.3402883231124467,0.010937913667949087,15.456511710562538,1000000.0,837272.906096827,0.20029065707316576,1.7669,False
goe383,ok,,0.2,1.918661868726102,0.7494269403801374,4.170197383102815,1.7678399999999994,0.4239223800684098,0.4239223800684098,6.742529501578521,1.3652660582383729,0.08107710517960513,3.00000002997,15.205051067688515,24.947580599237035,9.74252953154852,0.06329855874216413,28.163520562707127,31.29280031258736,0.60634052251432,24.828832393838322,0.9952978578609918,0.007899015211424604,15.515527075914314,1000000.0,877884.8777392305,31.292800312615068,0.23678810950271062,17.877784919844597,-2.4131206160584617,0.010081493876724888,15.959604083344923,1000000.0,877884.8777400078,0.2016982452376845,1.6389,False
goe384,ok,,0.2,1.9363679812421013,0.6970719230852098,4.483408615523837,1.7678399999999999,0.39430713361232345,0.39430713361232345,6.391648841292511,1.179238472617301,0.07980262350521856,3.00000002997,15.555931727981259,24.947580599243768,9.391648871262511,0.06451856301285404,28.163520562707127,31.2928003125938,0.6518809717728234,25.420359932659505,-0.45430143446149573,0.00991767926174133,15.006419316772739,1000000.0,816555.7801576124,31.292800312615068,0.24540404502891988,18.000553395927763,-4.01501190413818,0.011452842268406965,15.14503385330947,1000000.0,816555.7801581672,0.19534220544653585,1.8371,False
goe385,ok,,0.42,1.6609800630636378,0.7928330989644554,3.941886722037546,1.7678399999999623,0.448475596753367,0.448475596753367,5.773183633006623,0.8544716702003049,0.08011050261041118,3.0000000101159046,16.174396806076967,24.947580449199492,8.773183643122527,0.0666689519280908,19.52867391972639,31.29280013888609,0.5731444934506447,29.680506045289295,1.345454227333435,0.00824630843698386,15.194787617400511,1000000.0,928731.2035186808,21.698526504307026,0.4192000053610859,14.215253392283005,4.677898866607932e-08,0.008989999964206671,16.93266021429713,1000000.0,643985.1513922205,0.09888097102190971,1.49442508361204,False
goe386,ok,,0.21,1.9277192352718426,0.717272143107798,4.3571443497845515,1.7678399999999994,0.4057336314982115,0.4057336314982115,6.563040370288469,1.2635316380755457,0.081866750140598,3.00000002997,15.384540198982082,24.947580599240553,9.563040400258469,0.06392263846926531,28.163520562707127,31.292800312590686,0.6335223345598086,25.476764265871466,0.5942602509926379,0.009884015069619917,14.919607861915512,1000000.0,840218.4839240148,31.292800312615068,0.24284517914480644,17.983436924468634,-2.898105947354573,0.01108490004309894,15.30030894484491,1000000.0,840218.4839246694,0.20260365162397287,1.7572,False
goe387,ok,,0.2,1.9494936165701693,0.7444057488610131,4.198326343370988,1.7678399999999999,0.4210820825759193,0.4210820825759193,6.131539142654037,1.0413047757545697,0.08119606668488374,3.00000002997,15.81604142662418,24.947580599248216,9.131539172624038,0.06542295866386391,28.163520562707127,31.292800312598423,0.6104304316719147,25.099126668008537,0.6550004425822523,0.008988569318043847,15.117346319012551,1000000.0,872003.0127232693,31.292800312615068,0.2234352696764473,18.208048390252326,-3.1703711170612445,0.01211191374847551,13.692916456580802,1000000.0,872003.0127237331,0.14850000000000002,1.6567,False
goe388,failed,airfoil 'goe388' not found in the aerosandbox UIUC database,0.0,,,,,,,,,,,,,,,,,,,,,,,,,,,,,,,,,,
goe389,ok,,0.2,1.962455706750506,0.8124289075982015,3.8468083008469818,1.767839999999097,0.45956020205370196,0.45956020205370196,5.8746700063015656,0.901926223923844,0.0797091431394946,3.0000000152944764,16.072910469275783,24.94758049087182,8.874670021596042,0.06631608623762524,28.1635202871885,31.292800153467244,0.5593202322030123,25.074483256972385,1.0441351121716647,0.006942948301258904,15.664799138481905,1000000.0,951685.8951329179,31.292800159562674,0.19896849302782457,17.61948123423867,-2.2781981276028134,0.008204764650405668,16.798316863328566,1000000.0,951685.895318294,0.10313147956502229,1.4342595317725753,False
goe390,ok,,0.2,1.930946927623478,0.7050239752521567,4.43283969808577,1.7678399999999999,0.3988053077496587,0.3988053077496587,6.499077440960062,1.2310586971697572,0.08078246903425339,3.00000002997,15.448503128311732,24.947580599241792,9.499077470930061,0.06414503615537004,28.163520562707127,31.292800312591854,0.6445283260811603,25.449947901454294,-0.8281076730239404,0.009717935199405711,15.037187250767094,1000000.0,825870.8794263657,31.292800312615068,0.24541155312795362,17.842809397878632,-4.461015446217671,0.010590886302693043,15.939818714701488,1000000.0,825870.8794269783,0.20300407430163414,1.8051,False
goe391,ok,,1.02,1.6207192467580787,0.8567571765163455,3.6477759991547,1.7678399999999639,0.4846350215609801,0.4846350215609801,5.435745787916363,0.6548024471817755,0.1062387098750243,3.0000000206525224,13.243648636156562,21.67939444472545,8.435745808568885,0.05647880577187242,22.55992395471568,31.29280020063574,0.46090016081154306,24.270015192666204,0.7872137576605528,0.006281680333042504,17.147751777323545,1000000.0,1003612.3949400135,25.066581999343597,0.2795000010058793,15.008906781154074,-0.9999999903871207,0.0071899999930531465,18.930786368350645,1000000.0,803927.1727689736,0.051,1.1844,False
goe392,failed,Restoration_Failed,0.76,,,,,,,,,,,,,,,,,,,,,,,,,,,,,,,,,,
goe393,ok,,0.22,1.9943972821049853,0.7834372003129089,3.9891624553336364,1.767839999999987,0.4431606934524135,0.4431606934524135,5.2416866808049365,0.566715919193734,0.08031145367355465,3.00000002997,16.705893888489246,24.94758059926418,8.241686710774935,0.06851695593020922,28.16352056270718,31.292800312613146,0.5800183121692749,25.615929882040323,2.3556626717773907,0.007878865706583612,15.382715272278206,1000000.0,917724.7757663651,31.292800312615125,0.19161494223418155,17.651972216101235,-1.1047678289642102,0.008335150102520011,16.532208059661567,1000000.0,917724.7757664232,0.06071680404910694,1.5243411371237459,False
goe394,ok,,0.2,1.9979777157054972,0.7507092802171296,4.163073972784874,1.7678399999999996,0.4246477510505078,0.4246477510505078,5.170733505467606,0.533940982404072,0.08104698521625919,3.00000002997,16.776847063826043,24.94758059926365,8.170733535437606,0.06876365854658541,28.163520562707127,31.292800312614432,0.6053047892050445,24.946482227737565,0.41170492679954585,0.0072216597245243295,15.784117763017637,1000000.0,879387.021165002,31.292800312615068,0.19824704526516002,18.092821479919415,-3.167627995023555,0.010564961182423796,14.258388827019598,1000000.0,879387.02116502,0.061039854857357204,1.6343923076923077,False
goe395,failed,Maximum_Iterations_Exceeded,1.29,,,,,,,,,,,,,,,,,,,,,,,,,,,,,,,,,,
goe396,failed,too few converged polar points,0.01,,,,,,,,,,,,,,,,,,,,,,,,,,,,,,,,,,
goe397,ok,,0.23,1.9490775886520537,0.8567571816013129,3.64777597750477,1.767839999999989,0.48463502443734624,0.48463502443734624,5.395455067254637,0.6235216395988454,0.1062380620717386,3.000000029969998,15.807797033596644,24.20325213082128,8.395455097224634,0.06539429309221623,28.163520562709483,31.292800312592046,0.5145569301981391,24.009401565339004,1.3151909448009635,0.007218461972133074,15.64494003790085,1000000.0,1003612.4044871975,31.2928003126177,0.1784859149954673,18.420790714802553,-1.8618383700837133,0.011503970907563518,12.231133312017175,1000000.0,1003612.4044880203,0.051000000000000004,1.2621414715719064,False
goe398,ok,,0.21,1.9480876715794038,0.7740968972118341,4.037295946872604,1.767839999999999,0.437877238444562,0.437877238444562,6.1594006456373345,1.0577058393070606,0.08051502795442599,3.00000002997,15.788179923640444,24.94758059924778,9.159400675607333,0.06532608483616516,28.163520562707138,31.292800312597898,0.5870168505428552,24.719416068272405,1.0957919768158182,0.0065701768729415095,15.970182797892333,1000000.0,906783.4679423926,31.29280031261508,0.2155208003461162,17.498794499164067,-2.780243266643372,0.008201957995856922,17.563382524225847,1000000.0,906783.4679428905,0.1385,1.5548,False
goe399,ok,,0.24,1.9217868778868876,0.8567571815741793,3.647775977620339,1.7678399999999996,0.4846350244219949,0.4846350244219949,5.621317149185905,0.7419839621262636,0.10623806194436253,3.00000002997,15.26697913217848,23.888296311334386,8.621317179155906,0.06351388124836976,28.163520562707127,31.29280031258851,0.5078610242779695,23.86926666443571,0.7999703458142056,0.006823151262112793,15.955124035933999,1000000.0,1003612.4044552938,31.292800312615068,0.1832877035750132,17.570146549539768,-2.2566868587794495,0.008461791967020283,15.640210825160093,1000000.0,1003612.4044561455,0.06899435028894349,1.2103,False
goe400,ok,,0.23,1.9952222293975423,0.7743448464870291,4.03600318356653,1.7678399999999959,0.43801749394007994,0.43801749394007994,5.2253387642040945,0.559481765043744,0.08050956074479503,3.00000002997,16.722241805089045,24.94758059926314,8.225338794174094,0.06857379727350835,28.16352056270714,31.29280031261352,0.5868288846727951,25.067100863177448,1.4530004468207056,0.0076185603046458605,15.526311085728505,1000000.0,907073.9177617843,31.292800312615086,0.19348034056589247,17.363758415411773,-2.0622042289610962,0.009104713610196167,15.621979140252822,1000000.0,907073.9177618298,0.061200000000000004,1.553981939799331,False
goe401,failed,too few converged polar points,0.01,,,,,,,,,,,,,,,,,,,,,,,,,,,,,,,,,,
goe402,failed,Maximum_Iterations_Exceeded,1.42,,,,,,,,,,,,,,,,,,,,,,,,,,,,,,,,,,
goe403,failed,too few converged polar points,0.01,,,,,,,,,,,,,,,,,,,,,,,,,,,,,,,,,,
goe404,ok,,0.21,1.6666341990172855,0.85675718153084,3.6477759778044305,1.7678399999998946,0.48463502439750833,0.48463502439750833,6.472375438807014,1.1944538875532125,0.10623806161863598,3.0000000299700007,10.210638258012933,19.683013726789948,9.472375468777015,0.045933096216217294,28.163520562707237,31.292800312457523,0.4184574480521112,20.2389643698559,-0.6084541549570625,0.009290053553384253,15.930385876109495,1000000.0,1003612.4044003844,31.292800312615185,0.20138105478332924,16.902435800283584,-2.5470667096926136,0.009030062133853932,15.536155165389847,1000000.0,1003612.4044054408,0.13184007757213922,0.8212,False
goe405,ok,,0.23,1.9552163697880398,0.8062173496030642,3.8764463046332036,1.7678399999999928,0.456046559418877,0.456046559418877,6.0181317853978085,0.987856228757516,0.0798347425272458,3.00000002997,15.92944878388378,24.94758059925159,9.01813181536781,0.06581727352883454,28.163520562707248,31.29280031260008,0.5636295508152882,25.093966982531658,-1.187134657571638,0.007630692769632552,15.393449768100973,1000000.0,944409.6298817567,31.292800312615206,0.2037426260258654,18.060516730055653,-4.626839907284052,0.009977966596940918,14.801137356146992,1000000.0,944409.6298822133,0.111,1.453014381270903,False
goe406,failed,Maximum_Iterations_Exceeded,1.24,,,,,,,,,,,,,,,,,,,,,,,,,,,,,,,,,,
goe407,ok,,0.2,1.967116446209698,0.7903875355471135,3.9540834401401135,1.7678399999999992,0.44709223433518525,0.44709223433518525,5.782308892679203,0.8683845883817433,0.08016309593465343,3.00000002997,16.16527167660463,24.947580599253833,8.782308922649204,0.06663722449451633,28.163520562707138,31.29280031260441,0.5749178753200673,24.53763829324029,1.3454148759718314,0.00841015762408731,15.139436398177114,1000000.0,925866.4555864661,31.292800312615082,0.2023886190535646,19.23048124004757,-2.68860443703467,0.01567711484615899,10.464263251634051,1000000.0,925866.4555867818,0.09459788821117888,1.502143143812709,False
goe408,ok,,0.2,1.975026144302754,0.8095717489441491,3.8603845424149172,1.7678399999999443,0.45794401582958555,0.45794401582958555,5.625563018231121,0.7838436632584476,0.0797668100000919,3.0000000299700007,16.322017551065148,24.947580599266267,8.625563048201123,0.06718222642222091,28.163520562707646,31.292800312605635,0.561294194379779,25.21824463282904,2.072823104116069,0.008022694398263756,15.21666689175792,1000000.0,948339.0008409724,31.292800312615636,0.1940660515332182,17.95975588007671,-1.8849785409900932,0.010283429791073204,14.130457223520063,1000000.0,948339.0008412756,0.07749803999999999,1.4428505016722408,False
goe409,ok,,0.2,1.9222742050448813,0.8567571815723687,3.6477759776280476,1.7678399999999994,0.4846350244209708,0.4846350244209708,6.4525001869651,1.1978059780730503,0.1062380619330176,3.00000002997,15.276636456722244,24.729136673657344,9.4525002169351,0.06354745955153698,28.163520562707127,31.29280031258869,0.5257371441202784,26.737476697752566,5.66693796614394,0.010692791627843727,14.022768303403193,1000000.0,1003612.4044531786,31.292800312615068,0.20095851037667528,17.546434693809104,2.278790728291234,0.007614365059574009,17.42932098039297,1000000.0,1003612.4044540246,0.127,1.2881,False
goe410,ok,,0.19,1.9311194644317569,0.8231687006367386,3.7966194088535405,1.7678399999994885,0.4656352954096393,0.4656352954096393,6.495657790698403,1.2116948853020963,0.0794969466941131,3.00000001177182,15.451922655765921,24.947580458236143,9.495657802470223,0.06415692529494581,28.16352022105029,31.292800108595035,0.5520228424604129,26.217742887099575,4.9504619014914155,0.009498374420614979,14.570739809503419,1000000.0,964266.5755251434,31.292800122820367,0.21011336208574713,17.428134973028474,1.820094112048119,0.007565230418161909,17.992479028950267,1000000.0,964266.5759634875,0.161,1.4025,False
goe411,failed,too few converged polar points,0.01,,,,,,,,,,,,,,,,,,,,,,,,,,,,,,,,,,
goe412,ok,,0.19,1.9502635873951046,0.7698480878988249,4.059577876110413,1.7678399999999925,0.43547384825483537,0.43547384825483537,6.116280690460358,1.0444954203753936,0.0806092258862423,3.00000002997,15.831299878823515,24.94758059925387,9.116280720430357,0.06547601196361418,28.163520562707234,31.29280031259838,0.5902566100495692,25.112253922760484,0.17945909190482817,0.007590776440266021,15.55588904462593,1000000.0,901806.3777908366,31.29280031261519,0.2156900519024711,17.70670327583232,-3.154818724686416,0.008910554872004418,16.63806296191124,1000000.0,901806.377791321,0.13123033103062662,1.5689,False
goe413,ok,,0.2,1.9435060918080307,0.7555651626324795,4.136318639561444,1.7678399999999996,0.4273945394563307,0.4273945394563307,6.250193457096123,1.0877336820667693,0.0809338282518448,3.00000002997,15.697387112179946,24.94758059924607,9.250193487066124,0.06501040024517828,28.163520562707127,31.29280031259633,0.6014146033852252,25.25210757336803,0.5169605136499515,0.008441718160553956,15.27635454508143,1000000.0,885075.2417378752,31.292800312615068,0.22299562978150772,17.86184744819285,-2.657700369434465,0.009893634177347042,15.764347869542886,1000000.0,885075.2417384051,0.1635,1.6174615384615385,False
goe414,ok,,0.2,1.9381355590137863,0.8238913577171861,3.7932892927282587,1.7678399999999859,0.4660440750957059,0.4660440750957059,6.356620889504254,1.164295136220194,0.07948304398276367,3.00000002997,15.590959679774404,24.947580599248656,9.356620919474253,0.06464035442405577,28.163520562707404,31.292800312593453,0.5515386444584375,25.45980514486104,-0.12926925948592954,0.0077621912624527434,15.267662747157528,1000000.0,965113.1082547305,31.292800312615373,0.20685524987482484,17.85513075752032,-3.300855005141917,0.00834962105915787,16.7641019178865,1000000.0,965113.1082554065,0.1359225261153846,1.4003926421404682,False
goe415,ok,,0.19,1.640212573530056,0.8567571704193198,3.6477760251065163,1.767839999998216,0.4846350181126032,0.4846350181126032,5.75095028762437,0.7988601757967811,0.10623818713924454,3.000000020455239,15.474546400197877,24.225496708277486,8.75095030807961,0.06423558781963722,19.938405373117433,31.292800224336823,0.5150298556285762,27.985705514352006,1.2781444464361666,0.005960823710494532,16.25764428461876,1000000.0,1003612.388559033,22.153783596854613,0.3712000016337383,14.315478328014963,1.4420198429183147e-08,0.007799999971499682,17.542815403594958,1000000.0,710508.8554512823,0.08470724526545309,1.2415,False
goe416a,ok,,0.2,1.9280526374775313,0.8567571815736701,3.6477759776224175,1.7678399999999777,0.4846350244217129,0.4846350244217129,6.1334994861693355,1.0026280014691842,0.10623806193759401,3.0000000299700007,15.391147204668812,24.524646720808146,9.133499516139336,0.06394561088144331,28.163520562707355,31.292800312589762,0.5213897232923121,25.16801646651141,2.897985863004046,0.007661722552248405,15.326321976518962,1000000.0,1003612.4044547499,31.292800312615306,0.19417661096671154,17.17021214806788,0.02432053457851582,0.006634563385506868,18.86989359148342,1000000.0,1003612.4044555691,0.11666475624595207,1.269179264214047,False
goe417,failed,too few converged polar points,0.01,,,,,,,,,,,,,,,,,,,,,,,,,,,,,,,,,,
goe417a,failed,too few converged polar points,0.01,,,,,,,,,,,,,,,,,,,,,,,,,,,,,,,,,,
goe418,ok,,0.2,1.9632017797807384,0.740642181491604,4.219660105377656,1.7678399999999996,0.4189531753391733,0.4189531753391733,5.859885534088134,0.8949417542267462,0.0812863056253954,3.00000002997,16.087695035194606,24.94758059925274,8.859885564058134,0.06636749223356175,28.163520562707127,31.292800312603113,0.613532329067571,25.570459281642933,0.965268708606663,0.008763423085515205,15.21890211050239,1000000.0,867594.338972917,31.292800312615068,0.21788991536707986,17.666127303270397,-2.6263711286021474,0.009115969079219454,16.6388533643561,1000000.0,867594.3389732485,0.127,1.6702,False
goe419,failed,too few converged polar points,0.01,,,,,,,,,,,,,,,,,,,,,,,,,,,,,,,,,,
goe420,ok,,0.19,1.9156132758223245,0.80204350424472,3.896619384184871,1.7678399999998688,0.45368557349351724,0.45368557349351724,6.802942932767983,1.3892985501140978,0.07991974566296009,3.000000019235114,15.144637561733639,24.947580513736735,9.802942952003097,0.06308850203839367,28.163520361165446,31.292800190238246,0.566562689179402,25.253727612441143,0.7544502235708775,0.00793030649776876,15.285510315033713,1000000.0,939520.3494491618,31.292800200654746,0.2226260664375468,17.457755921434742,-2.453646607913345,0.007922583523595783,17.923181661685508,1000000.0,939520.3497619019,0.1875,1.4657799331103678,False
goe421,failed,Maximum_Iterations_Exceeded,1.19,,,,,,,,,,,,,,,,,,,,,,,,,,,,,,,,,,
goe422,ok,,0.2,1.932644478661464,0.7546314927235254,4.141436311279154,1.7678399999999996,0.4268663978208014,0.4268663978208014,6.465437203525334,1.223928439505594,0.08095547254651292,3.00000002997,15.482143365746738,24.947580599242073,9.465437233495333,0.0642620025145404,28.163520562707127,31.29280031259247,0.6021587052726235,25.336760684683405,-1.1901163809562507,0.00900255444568558,15.065987228476235,1000000.0,883981.5331322874,31.292800312615068,0.22846686101199581,17.987330473315,-4.627599828515598,0.01052762586570804,15.246120108289366,1000000.0,883981.5331329257,0.17048506554040152,1.6207,False
goe423,ok,,0.2,1.9111939781164105,0.8428138729899084,3.708123899898511,1.7678399999999739,0.47674782389238896,0.47674782389238896,6.890520111336365,1.4575922931876175,0.079122851647662,3.0000000299687084,15.057060457934115,24.94758059923919,9.890520141305075,0.0627839986755413,28.16352056268394,31.29280031256617,0.5391557224904129,25.54743842455542,0.38163978496323037,0.00897866182041624,14.689163704079848,1000000.0,987279.098174508,31.292800312602775,0.21374940593388253,18.208661443489042,-2.641600554553928,0.01024350765199118,14.639100171999331,1000000.0,987279.0981756629,0.16925228553369687,1.3465,False
goe424,ok,,0.2,1.9175680434414883,0.7605762205512271,4.109066496103393,1.7678399999999979,0.43022910475564985,0.43022910475564985,6.764205752523836,1.380032457633253,0.08081851280091111,3.00000002997,15.183374816746225,24.947580599240062,9.764205782493836,0.06322319089857828,28.16352056270718,31.2928003125868,0.597452182093061,25.054984850164274,1.1496431271089151,0.008657934747329952,15.170907770287872,1000000.0,890945.2361711031,31.292800312615128,0.23383614406772701,18.08686068016264,-2.3793784132030416,0.010930707745135004,14.953936939954794,1000000.0,890945.2361719096,0.19985281920736286,1.6002163879598663,False
goe425,ok,,0.2,1.9413115763575575,0.7693650943806277,4.062126405820328,1.767839999999999,0.43520063715077617,0.43520063715077617,6.293681999800397,1.1204459540250837,0.08062004249481595,3.00000002997,15.653898569475352,24.94758059924575,9.293682029770398,0.06485919154709427,28.16352056270714,31.292800312595507,0.5906271624944643,24.91893111432949,1.220517905503488,0.007950692570974319,15.411728787138996,1000000.0,901240.5952136571,31.292800312615086,0.22002538580947703,17.71878506412704,-2.121976832394459,0.00996447981588414,15.517145848607843,1000000.0,901240.595214221,0.16014546175535108,1.5705127090301003,False
goe426,ok,,0.2,1.9479256133566987,0.8064232984170348,3.8754563164623184,1.7678399999979282,0.4561630568478934,0.4561630568478934,6.162611860582594,1.0471031271679596,0.0798303398532306,3.0000000197185246,15.78496864185227,24.947580522153388,9.162611880301117,0.06531491900922202,28.163520370281454,31.29280019963811,0.563485610309139,25.136948152573833,0.6138496596962637,0.007889315901583857,15.28464791462981,1000000.0,944650.8766062661,31.29280020574122,0.20695393449167054,18.10021474373752,-2.6308284750452913,0.010191165451023932,14.677725868488235,1000000.0,944650.8767905036,0.136,1.4523879598662206,False
goe427,failed,Maximum_Iterations_Exceeded,1.2,,,,,,,,,,,,,,,,,,,,,,,,,,,,,,,,,,
goe428,ok,,0.2,1.9762237790109132,0.8260223678254954,3.7835031923252833,1.7678399999999581,0.4672495066439921,0.4672495066439921,5.601829583979197,0.7530456807808366,0.07944165549684827,3.00000002997,16.345750985313114,24.94758059926231,8.601829613949196,0.0672647470465176,28.163520562707493,31.29280031260647,0.5501157599550607,25.20395994784988,-0.008002763971621661,0.007441796774967384,15.396008666067429,1000000.0,967609.3910114708,31.292800312615476,0.18967779325332723,18.01978602873029,-3.396956629274677,0.009635067969461304,14.592597632558707,1000000.0,967609.3910117493,0.07899999999999999,1.3942,False
goe429,ok,,0.2,1.9634809343685282,0.7925233441607855,3.9434273938130873,1.7678399999999996,0.44830038021584856,0.44830038021584856,5.85435354924397,0.8807708067697518,0.08011802808063198,3.00000002997,16.09322702003876,24.94758059925273,8.85435357921397,0.06638672682212424,28.163520562707127,31.292800312603205,0.5733685019681111,26.460449729896695,4.9287189976943555,0.009825339658309248,14.585684341546159,1000000.0,928368.359351376,31.292800312615068,0.2034989897079686,17.257993979330998,1.7215432576550065,0.007195961468073285,18.65234600184608,1000000.0,928368.3593517279,0.1138,1.4954,False
goe430,ok,,0.2,1.9646461711370646,0.7277775642239634,4.294249258607598,1.7678399999999996,0.41167614955197507,0.41167614955197507,5.831262142456591,0.8732654959460329,0.08160176598060649,3.00000002997,16.116318426826783,24.947580599253374,8.831262172426591,0.0664670151311867,28.163520562707127,31.292800312603596,0.624377481464089,25.216539090252613,-0.26716127649845184,0.007532556379468414,15.750930401230672,1000000.0,852524.6205672352,31.292800312615068,0.2210250894441355,17.330563869456594,-3.7787882196731,0.00768595830592157,18.875781343663352,1000000.0,852524.6205675476,0.1335871982697197,1.7174,False
goe431,failed,Infeasible_Problem_Detected,0.62,,,,,,,,,,,,,,,,,,,,,,,,,,,,,,,,,,
goe432,ok,,0.2,1.983123822027839,0.7864491968020971,3.9738844903241795,1.7678399999999326,0.4448644655636976,0.4448644655636976,5.465091965971062,0.6865198019589582,0.08024681275208306,3.00000002997,16.482488603332964,24.947580599274026,8.465091995941062,0.0677401807105128,28.163520562707504,31.292800312608534,0.5777969186871619,25.293684286806272,1.0875771582848488,0.007164623055639267,15.668061470774921,1000000.0,921253.053210251,31.29280031261549,0.19605524680792638,17.34378698453953,-2.688391852872146,0.007481894524569238,17.981993544499165,1000000.0,921253.0532104558,0.07700000000000001,1.514673244147157,False
goe433,ok,,0.2,1.9401156566969657,0.7536250106657352,4.146967286607454,1.7678399999999994,0.4262970691158337,0.4262970691158337,6.317381447083829,1.1178140581139333,0.0809788222642858,3.00000002997,15.630199122192016,24.947580599245843,9.317381477053829,0.06477678909472055,28.16352056270713,31.292800312595123,0.6029629008927263,25.309897309867278,-0.17271089919991126,0.008147079989810069,15.399790097344246,1000000.0,882802.5317772713,31.29280031261507,0.22519359509719133,17.66906249359012,-3.3383876592262203,0.008744862663516656,17.229950467961498,1000000.0,882802.5317778339,0.17408951385873353,1.6242,False
goe434,ok,,0.2,1.9175704131060851,0.7329291602004379,4.264065936120373,1.7678399999999996,0.41459021189725204,0.41459021189725204,6.764158793060909,1.347577675991969,0.08147408164126616,3.00000002997,15.183421776205943,24.94758059923685,9.764158823030908,0.06322335417557812,28.163520562707127,31.292800312586955,0.6199888710829027,25.40560120932953,-0.48004001403995866,0.00913155958153187,15.116519742286906,1000000.0,858559.2424362267,31.292800312615068,0.2426555866479248,17.681093751317754,-3.5967402657603857,0.009378210088171062,17.014036303992103,1000000.0,858559.2424369979,0.2272911477935476,1.6983,False
goe435,ok,,0.2,1.903406986181753,0.7283672484382632,4.290772645668866,1.7678399999999996,0.4120097115339982,0.4120097115339982,7.044834327378873,1.4882730583326547,0.0815870618930352,3.00000002997,14.902746241882586,24.947580599231458,10.044834357348872,0.062247451570210874,28.163520562707127,31.292800312581612,0.6238719870927626,25.86151051023007,0.013107026641144751,0.011219579827298593,14.407562778421024,1000000.0,853215.3815020686,31.292800312615068,0.25119432906919026,18.119220453561,-3.094061713250181,0.01161656777262437,14.936372015092225,1000000.0,853215.3815029807,0.260438669171041,1.7152,False
goe436,ok,,0.2,1.9619853319439264,0.7865972289460436,3.973136632819707,1.7678399999999987,0.4449482017298195,0.4449482017298195,5.88399178664924,0.9114385839202347,0.0802436778954219,3.00000002997,16.063588782633158,24.947580599252397,8.88399181661924,0.06628367532826188,28.163520562707138,31.29280031260267,0.577688181313696,25.340117610767333,1.5777328209195944,0.007466033964009851,15.540452020302208,1000000.0,921426.4592801861,31.29280031261508,0.20571842848352945,17.717609396314234,-1.8900244557733936,0.008252537729648044,17.115028673386554,1000000.0,921426.4592805515,0.11,1.5142,False
goe437,ok,,0.4,1.5395463543127113,0.8567571778593582,3.6477759934360314,1.767839999999822,0.4846350223207103,0.4846350223207103,5.627526801222666,0.7421357056374497,0.10623808818734393,3.000000026134712,15.596694162268346,24.22422098962572,8.627526827357379,0.06466029301723605,16.929695567890988,31.292800282645146,0.5150027277225478,28.994226966735887,0.07173254169387211,0.006922199482509147,15.779280583048157,1000000.0,1003612.3991434888,18.81077268934083,0.5076000005034514,12.541322815688636,4.878515454836193e-09,0.00691000000083029,15.916346988389217,1000000.0,603292.9152384688,0.07050000000000001,1.241381939799331,False
goe438,ok,,0.22,1.96280876794783,0.7821176750051637,3.9958926456678725,1.7678399999999967,0.4424142880606645,0.4424142880606645,5.867673819140462,0.9034112046786048,0.08033991951996786,3.00000002997,16.079906750142854,24.947580599253314,8.867673849110462,0.0663404125392388,28.16352056270716,31.292800312602868,0.5809968718751148,25.088245856660127,1.8164195459170347,0.007275638237786367,15.637977763604281,1000000.0,916179.0729749678,31.292800312615103,0.20651664984667265,17.718331807216586,-1.8870651213832963,0.008796030432500972,16.428128813445962,1000000.0,916179.072975326,0.10989482969241815,1.5286,False
goe439,ok,,0.2,1.9780020223719452,0.8145495172886437,3.836793465918319,1.7678399999999967,0.46075975048004636,0.46075975048004636,5.566590273024126,0.7360048534339202,0.07966703813387387,3.00000002997,16.380990296263533,24.94758059925766,8.566590302994125,0.06738727334882363,28.16352056270714,31.292800312607962,0.557864086800691,25.525618585888886,0.0737710228360471,0.007170347933671989,15.557562049243536,1000000.0,954169.999593618,31.292800312615086,0.1915613843738992,17.247044180140108,-3.314517083631212,0.006584969117764525,19.21839825766795,1000000.0,954169.9995938352,0.07899999999999999,1.4279220735785954,False
goe440,failed,airfoil 'goe440' not found in the aerosandbox UIUC database,0.0,,,,,,,,,,,,,,,,,,,,,,,,,,,,,,,,,,
goe441,failed,Maximum_Iterations_Exceeded,1.18,,,,,,,,,,,,,,,,,,,,,,,,,,,,,,,,,,
goe442,ok,,0.2,1.983745128044603,0.7823259706746234,3.9948287322034677,1.7678399999999868,0.44253211301623974,0.44253211301623974,5.452779592748719,0.6803462476307596,0.08033541512473824,3.00000002997,16.49480097654321,24.94758059926193,8.452779622718719,0.06778299055898665,28.163520562707195,31.292800312609664,0.580842180433202,25.45867284522858,1.102885359949797,0.0071671302660696315,15.682975349255083,1000000.0,916423.0722344253,31.29280031261515,0.19680188735111245,17.50328134530691,-2.697400630633386,0.007285085466524891,18.368512877477453,1000000.0,916423.0722345861,0.07702052232700163,1.5279267558528427,False
goe443,ok,,0.2,1.3025024500406095,0.8544824463788786,3.657486796650069,1.7678399999999996,0.4833482930462478,0.4833482930462478,5.324774586774317,0.6034901161582117,0.08613824835776443,3.00000002997,2.9946675924127146,11.319442209157032,8.324774616744318,0.020843326316477645,28.163520562707127,31.29280031271142,0.24129000999577566,13.402861370991983,1.7597704202414852,0.0061793326225399224,20.432255175055968,1000000.0,1000947.7609546791,31.292800312615068,0.17745441103751833,14.7522458368133,1.1878013436010189,0.004463648332146904,23.633090168194446,1000000.0,1000947.7609515971,0.05,0.2681,False
goe444,failed,too few converged polar points,0.01,,,,,,,,,,,,,,,,,,,,,,,,,,,,,,,,,,
goe445,failed,too few converged polar points,0.01,,,,,,,,,,,,,,,,,,,,,,,,,,,,,,,,,,
goe446,ok,,0.2,1.9561943123062,0.7484059614033065,4.175886386233414,1.7678399999999994,0.42334485100648633,0.42334485100648633,5.9987519742619195,0.9840517444472046,0.0811011345638939,3.00000002997,15.948828595018977,24.947580599250898,8.99875200423192,0.06588465670216362,28.16352056270713,31.292800312600725,0.6071676951426412,25.12496534692707,-1.167243229383674,0.008307425356392551,15.359457745083706,1000000.0,876688.894574395,31.29280031261507,0.21900927393851602,18.082557750846785,-4.586047226678531,0.010840999190812823,14.69524478523209,1000000.0,876688.8945747969,0.12872317607961153,1.6425,False
goe447,ok,,0.2,1.9607828185426714,0.7271588770544369,4.2979029263312345,1.7678399999999996,0.41132618169881724,0.41132618169881724,5.907821901580159,0.9367179489702213,0.08161721320065364,3.00000002997,16.039758667701822,24.94758059925198,8.90782193155016,0.06620081854737522,28.163520562707127,31.292800312602296,0.6249087193392294,24.802308079119374,-2.219118936408053,0.009037187443815892,15.177773011358859,1000000.0,851799.8853316298,31.292800312615068,0.22313087929293113,18.807712343430026,-5.824628971643955,0.01483109770447234,11.7883155958211,1000000.0,851799.8853319774,0.12664439091609758,1.719712040133779,False
goe448,failed,Maximum_Iterations_Exceeded,1.17,,,,,,,,,,,,,,,,,,,,,,,,,,,,,,,,,,
goe449,ok,,0.2,1.9246144323340046,0.7830467029510393,3.9911518097476852,1.7678399999999996,0.442939803913838,0.442939803913838,6.6245680096217745,1.316446889714544,0.08031987022949426,3.00000002997,15.323012559647196,24.94758059923897,9.624568039591775,0.06370870823243946,28.16352056270713,31.29280031258954,0.5803075613547216,24.878835942717668,0.7156001676304148,0.007342021363742176,15.606429544361758,1000000.0,917267.3439463504,31.29280031261507,0.22387780594280723,17.67517920339002,-3.588756472732636,0.008821909888856288,16.879331868808556,1000000.0,917267.3439470987,0.1695,1.5256,False
goe450,failed,Maximum_Iterations_Exceeded,1.2,,,,,,,,,,,,,,,,,,,,,,,,,,,,,,,,,,
goe456,failed,too few converged polar points,0.01,,,,,,,,,,,,,,,,,,,,,,,,,,,,,,,,,,
goe457,ok,,0.2,1.980221297847546,0.8005342161812848,3.9039658798197685,1.7678399999999996,0.4528318265121759,0.4528318265121759,5.522611062819778,0.7154149042975372,0.0799511323817423,3.00000002997,16.424969506468262,24.94758059925804,8.522611092789777,0.06754018808691899,28.163520562707127,31.292800312608755,0.567630856284674,25.46218706024889,0.9272410169578098,0.007697902458737284,15.388008936733481,1000000.0,937752.3606802602,31.292800312615068,0.1939144765213604,17.616684738190326,-2.874770334145789,0.008336692770496689,16.51277544258576,1000000.0,937752.3606804494,0.07832924619415392,1.4704287625418062,False
goe458,ok,,0.5,1.5782873291076767,0.8567571630969412,3.647776056290036,1.7678399999999999,0.48463501397012243,0.48463501397012243,5.676478969693196,0.7719617122606302,0.10623829622539574,3.0000000156533355,14.138610482557917,22.81508946790445,8.676478985346531,0.05959056816444814,20.092985116146014,31.292800168135457,0.485044848406733,26.451480247914315,-0.8393828617948075,0.006402285338432773,16.60360300484759,1000000.0,1003612.3781780542,22.3255389014503,0.3624000019453715,14.034842688405048,-1.9999999816476286,0.007359999982190691,18.035471715171862,1000000.0,716017.3289256091,0.07201575220506287,1.111,False
goe459,ok,,0.24,1.9083730495298998,0.8567571720273031,3.647776018259567,1.7678399999980436,0.48463501902222555,0.48463501902222555,6.4545426318715435,1.196460044620635,0.1062380493682695,3.000000023489002,15.001158469546999,24.455701124907545,9.454542655360545,0.0625896285307722,28.163520441031316,31.292800238099833,0.5199239601848511,25.114553552086083,4.87460398968526,0.009229882083919639,14.670786888520965,1000000.0,1003612.3908841385,31.292800245022583,0.20100193536985592,15.834489689709876,2.213382734600157,0.005983927482480075,20.300836360236868,1000000.0,1003612.3911061627,0.127,1.2628,False
goe460,ok,,0.2,1.8287474002437931,0.8567571815607462,3.6477759776773615,1.7678399999999581,0.4846350244144077,0.4846350244144077,7.501819507755071,1.759268465722197,0.10623806184220297,3.0000000299700016,13.423223010150817,23.92504254787589,10.501819537725073,0.05710318212032678,28.163520562707465,31.292800312548174,0.5086422428842324,25.121393986546355,7.181951237463737,0.010073287809932501,14.467440248347927,1000000.0,1003612.404438288,31.292800312615423,0.22326685661359402,17.343543518427868,3.004487891426921,0.007653037772798747,17.881143403546854,1000000.0,1003612.4044404447,0.205,1.2137,False
goe462,failed,Maximum_Iterations_Exceeded,1.21,,,,,,,,,,,,,,,,,,,,,,,,,,,,,,,,,,
goe464,ok,,0.2,1.741001287697026,0.8567571741881116,3.647776009061834,1.767839999998587,0.48463502024436395,0.48463502024436395,5.372148200426328,0.6089193413721793,0.10623811034054188,3.0000000138147564,15.285439733404518,23.657587947645602,8.372148214241085,0.06357806798023602,23.045726090145177,31.29280015861477,0.5029562138789173,33.411154304392866,-3.1975762713815548,0.03343063833482652,8.678036104079816,1000000.0,1003612.3908658001,25.60636220446831,0.2658212571620483,26.035195833118195,-5.33596930052158,0.058103501705528054,4.092417517848809,1000000.0,821238.8237275505,0.07649574161386823,1.3049,False
goe474,ok,,0.2,1.974577286076661,0.848281385300404,3.6842235604071227,1.7678399999939307,0.4798405881207102,0.4798405881207102,5.6344577715672814,0.780345871867231,0.07902174908698015,3.0000000212755094,16.31312274341929,24.947580536262077,8.634457792842792,0.06715129914316867,28.163520399497045,31.292800219409195,0.5356806503558467,24.630028093039602,1.6641865999360448,0.0051214864399896035,16.397497616222218,1000000.0,993683.7840794915,31.29280022196218,0.18540122391014335,17.318936818764378,-1.3427482961350365,0.00649416291143526,18.9301652566153,1000000.0,993683.7841605601,0.0695,1.3313759197324415,False
goe476,ok,,0.2,1.9393277432120193,0.7915717178148993,3.9481681763802934,1.7678399999998493,0.4477620813054161,0.4477620813054161,6.332995223768646,1.1529527386145797,0.08013766590162183,3.0000000211037197,15.614585286270435,24.9475805311428,9.332995244872365,0.0647224998991168,28.16352039624733,31.29280021410379,0.5740578067704273,25.35034359381224,0.8244144103779611,0.008567348348024582,15.071954005897934,1000000.0,927253.6135094755,31.292800220143313,0.21475745000623125,17.60802852831381,-2.651042613085721,0.009263751056446626,16.03234931585392,1000000.0,927253.6136884358,0.14439359643358765,1.4984,False
goe477,failed,airfoil 'goe477' not found in the aerosandbox UIUC database,0.0,,,,,,,,,,,,,,,,,,,,,,,,,,,,,,,,,,
goe478,ok,,0.2,1.9489065682031494,0.7766504685035838,4.024021606040629,1.7678399999999994,0.4393216968184813,0.4393216968184813,6.143172634672665,1.053859453715771,0.08045888726358111,3.00000002997,15.804407934605111,24.94758059924778,9.143172664642666,0.06538250927023115,28.163520562707127,31.29280031259821,0.5850867810481267,25.17038149389305,1.2565108766572053,0.007753655971017431,15.461601427716952,1000000.0,909774.7423421711,31.292800312615068,0.21443159354212188,17.599929936434926,-2.528217416460361,0.008723459051915019,16.79867230309612,1000000.0,909774.7423426614,0.1333364775944105,1.5464,False
goe479,ok,,0.2,1.9558644809477679,0.8013869653157872,3.8998117025380967,1.7678399999999996,0.4533141943364713,0.4533141943364713,6.005288216743815,0.9749314492640018,0.0799335630020021,3.00000002997,15.942292352536196,24.94758059925001,9.005288246713814,0.06586193033207358,28.163520562707127,31.29280031260062,0.5670268450612909,24.49093586797312,1.08675496050132,0.00575614061936738,16.24018598747383,1000000.0,938751.2780251887,31.292800312615068,0.20467877288070377,17.506848317410217,-2.1870385308813387,0.007920864118850124,17.463736340091025,1000000.0,938751.2780256222,0.116,1.4678,False
goe480,failed,airfoil 'goe480' not found in the aerosandbox UIUC database,0.0,,,,,,,,,,,,,,,,,,,,,,,,,,,,,,,,,,
goe481,failed,airfoil 'goe481' not found in the aerosandbox UIUC database,0.0,,,,,,,,,,,,,,,,,,,,,,,,,,,,,,,,,,
goe481a,ok,,0.2,1.6799471898046865,0.8567571815224094,3.6477759778399363,1.7678399999998007,0.4846350243927652,0.4846350243927652,6.878631369186781,1.4274714127954986,0.10623806154722909,3.000000029970001,10.474460765282137,20.35309216443892,9.878631399156783,0.046850401220441144,28.16352056270741,31.292800312465502,0.4327031990831641,21.08126729148622,0.6980970097210948,0.00994214644512009,15.401092465847393,1000000.0,1003612.4043908179,31.29280031261537,0.21001798519861842,17.4064818786759,-2.0976501060197608,0.009903309067595688,14.811018042348483,1000000.0,1003612.4043956243,0.15315942245336298,0.8832,False
goe482,failed,Maximum_Iterations_Exceeded,1.22,,,,,,,,,,,,,,,,,,,,,,,,,,,,,,,,,,
goe483,ok,,0.2,1.7518699616096944,0.85675718156138,3.647775977674696,1.767839999999966,0.484635024414764,0.484635024414764,5.3939009300010845,0.6202292783166942,0.10623806185931413,3.0000000299699905,11.899748763322505,20.29364972329358,8.393900959971075,0.051806095966119035,28.163520562708467,31.292800312510497,0.43143946310334164,17.99829759366693,-1.1619028175686565,0.006977053921383244,17.240584178810746,1000000.0,1003612.4044378175,31.292800312616652,0.1784528743161987,20.29953219049685,-3.3630557701868447,0.02157058570401028,7.237052732221522,1000000.0,1003612.4044412221,0.05450000000000001,0.8777,False
goe484,ok,,0.2,1.9946486523039475,0.7502229631281413,4.16577260254588,1.7678399999999996,0.4243726599285803,0.4243726599285803,5.236705297040636,0.5754327154094634,0.08105839856922589,3.00000002997,16.710875272251997,24.947580599262633,8.236705327010636,0.06853427609102844,28.163520562707127,31.292800312613384,0.60569716597504,23.848939748291887,-0.008933560907209292,0.006711140669261581,15.998916384978447,1000000.0,878817.3453297367,31.292800312615068,0.19997727048885766,19.16181875621005,-3.81765183445911,0.015967181011879727,10.328101018502485,1000000.0,878817.345329784,0.0625,1.6361,False
goe488,ok,,0.21,1.9496500039621798,0.856757181506663,3.647775977902427,1.7678399999986976,0.48463502438416045,0.48463502438416045,5.683850950016989,0.7846163825898556,0.10623806173929325,3.000000029926161,15.819140544394674,24.502991524337823,8.68385097994315,0.06543373422631567,28.163520561897794,31.292800312061754,0.5209293376405698,24.81809947200356,1.7185249523231534,0.006897067358758885,15.686838423241985,1000000.0,1003612.4043600498,31.29280031217309,0.18461716132151684,17.50024085021971,-1.5276836174931347,0.007484352931861836,17.11162804676346,1000000.0,1003612.4043636204,0.06802614199892738,1.267175585284281,False
goe490,failed,too few converged polar points,0.02,,,,,,,,,,,,,,,,,,,,,,,,,,,,,,,,,,
goe491,ok,,0.21,1.8826868283616476,0.8567571816005719,3.647775977507968,1.7678399999999994,0.48463502443692424,0.48463502443692424,5.406073826822029,0.6328570827076718,0.10623806207418632,3.00000002997,14.492136479252942,22.89821033604497,8.406073856792029,0.060819770535932106,28.163520562707138,31.29280031257344,0.48681196865141985,23.197594804093015,1.8790296150784127,0.0071539322459363425,16.15630703947946,1000000.0,1003612.404485727,31.29280031261508,0.17871166797702076,16.890582036094877,-0.7748612234433916,0.006731660733403151,18.18344581064519,1000000.0,1003612.4044870624,0.0485,1.2261685618729097,False
goe492,ok,,0.2,1.7430642732640542,0.8567571815587137,3.6477759776861616,1.7678399999999936,0.48463502441324824,0.48463502441324824,5.545706368679814,0.7032681584623046,0.10623806183927667,3.00000002997,11.725247119426841,20.270953518076656,8.545706398649813,0.051199357622042606,28.16352056270715,31.29280031250667,0.4309569457298043,19.44209899065816,0.10096757937312889,0.005497268068808507,18.33507373343578,1000000.0,1003612.4044345559,31.29280031261509,0.18168023153701499,16.231652543387487,-2.2343349582623904,0.006669215148968487,18.408165989884964,1000000.0,1003612.404438033,0.06201594543018248,0.8756,False
goe493,ok,,0.2,1.9291786656830894,0.8282710361343117,3.7732313811021423,1.7678399999999919,0.46852149297126183,0.46852149297126183,6.5341189508723705,1.258815630119755,0.07939821286311025,3.00000002997,15.413461618401078,24.947580599243445,9.53411898084237,0.06402319760289102,28.163520562707298,31.292800312590472,0.5486222538182489,25.01256078076694,1.3248232299970235,0.006489673207800535,15.80946580666134,1000000.0,970243.499550424,31.292800312615256,0.20966481389344555,17.251818575466203,-2.0061139402748456,0.006446484512692516,19.84158164537673,1000000.0,970243.4995511925,0.14961839313023073,1.3877,False
goe494,failed,too few converged polar points,0.01,,,,,,,,,,,,,,,,,,,,,,,,,,,,,,,,,,
goe495,ok,,0.2,1.9897620731638903,0.7768342256896265,4.023069739010994,1.7678399999999925,0.439425641285201,0.439425641285201,5.333542257366084,0.6154917083703048,0.08045485849046458,3.00000002997,16.614038311926237,24.94758059926232,8.333542287336083,0.068197576128541,28.163520562707163,31.29280031261173,0.5849483809917586,24.784121766588523,-0.2976170282209707,0.005912437405880286,16.25175156522653,1000000.0,909989.9970206569,31.292800312615107,0.19539738731403827,17.571696897278112,-3.8273255033475815,0.007865942314094898,17.41129598826589,1000000.0,909989.9970207552,0.069,1.5457976588628763,False
goe496,ok,,0.2,1.9767536014612448,0.7549195530204158,4.1398560324685025,1.7678399999999983,0.42702934259911335,0.42702934259911335,5.59133013351471,0.7492810663984084,0.08094876947261939,3.00000002997,16.3562504357733,24.94758059925801,8.59133016348471,0.06730125340281365,28.163520562707138,31.292800312607593,0.6019289350740855,25.203256717234822,-0.20934768540075546,0.006771150380752739,15.955759741630914,1000000.0,884318.969332152,31.29280031261508,0.20728944819311748,17.694611294653676,-3.7930574033762356,0.007756070691132381,18.14031096031433,1000000.0,884318.9693323636,0.0995,1.6197,False
goe497,ok,,0.2,1.9645534890765297,0.742542925938204,4.208858715677927,1.7678399999999999,0.42002835434100605,0.42002835434100605,5.833098815671369,0.8748020811987376,0.08124062356074621,3.00000002997,16.1144817536119,24.94758059925327,8.83309884564137,0.06646062905916966,28.163520562707127,31.292800312603568,0.6119618230044839,25.044115177138604,-0.3785779178225165,0.0069710737626117155,15.919622303361828,1000000.0,869820.8866405,31.292800312615068,0.2166750900291838,17.337660564465445,-3.938561219078108,0.0075291802031732915,18.88349707999367,1000000.0,869820.8866408197,0.127,1.6633648829431438,False
goe498,ok,,0.2,1.9444212377795804,0.7571113658346353,4.127871283710991,1.7678399999999994,0.42826916793071523,0.42826916793071523,6.2320580802613454,1.0812740319032843,0.08089810148958804,3.00000002997,15.715522489015004,24.94758059924635,9.232058110231346,0.06507345654805596,28.163520562707127,31.29280031259665,0.6001863703569749,25.212859104663014,-0.6378918439946528,0.007826488165805811,15.512461192726896,1000000.0,886886.4768776251,31.292800312615068,0.22210392009978278,17.570970726602972,-4.1474424797831,0.008466248043960251,17.498314606684307,1000000.0,886886.476878147,0.15918141834898206,1.6121160535117058,False
goe499,failed,Maximum_Iterations_Exceeded,1.22,,,,,,,,,,,,,,,,,,,,,,,,,,,,,,,,,,
goe500,ok,,0.2,1.9788758954224719,0.7396449820674119,4.225349108520227,1.7678399999999994,0.41838909746776415,0.41838909746776415,5.549272798468429,0.7297419576608188,0.08131036236022315,3.00000002997,16.39830777081947,24.9475805992579,8.54927282843843,0.06744748582362411,28.163520562707127,31.292800312608314,0.6143595016977453,24.930891656899345,-0.9976400798019712,0.006774720680746408,16.01242638581449,1000000.0,866426.2113712634,31.292800312615068,0.2105345235325734,17.44058427765371,-4.635358839319042,0.008107602731966283,17.815103979204217,1000000.0,866426.2113714503,0.1,1.6738,False
goe501,ok,,0.2,1.9677289918266645,0.7224866667986612,4.325696804133452,1.7678399999999996,0.4086832896634658,0.4086832896634658,5.770170123633437,0.8437213384327579,0.08173451010116331,3.00000002997,16.17741044565099,24.94758059925443,8.770170153603438,0.0666794307251622,28.163520562707127,31.292800312604633,0.6289499080027293,25.008267355274153,-1.2955210394683627,0.0074249147282662775,15.815411947726401,1000000.0,846326.8198356953,31.292800312615068,0.221103512997101,17.601366790427004,-4.907628385723968,0.00894169715252825,17.08843984017857,1000000.0,846326.8198359776,0.128,1.7373,False
goe502,ok,,0.2,1.948573534663991,0.7370263306369722,4.240361756002674,1.7678399999999996,0.41690782572912277,0.41690782572912277,6.1497723345230115,1.0398901868585346,0.08137385987149814,3.00000002997,15.7978082347549,24.94758059924791,9.14977236449301,0.0653595622602825,28.163520562707127,31.292800312598104,0.6165423184047817,25.070759923102358,-0.8337256668509314,0.008018003145942218,15.520961960960582,1000000.0,863358.701561835,31.292800312615068,0.22612300395351648,17.779720333206296,-4.543930493956,0.009725489255039582,16.162904783760663,1000000.0,863358.701562303,0.15898037361209846,1.6833,False
goe503,ok,,0.2,1.9298798041115501,0.791037163557404,3.95083620540061,1.7678399999999987,0.4474597042477852,0.4474597042477852,6.520224544940611,1.258231036384514,0.08014936218767844,3.00000002997,15.427356024330534,24.947580599241142,9.52022457491061,0.06407150814402762,28.16352056270715,31.292800312591396,0.574445732199001,25.647136978408387,0.19423735288865365,0.00895547673206002,14.922260298742156,1000000.0,926627.4351768345,31.29280031261509,0.21921373717463463,17.858085519453912,-3.9093002502378718,0.009251888590461919,16.17368654728402,1000000.0,926627.4351775361,0.15594368632752229,1.5000882943143812,False
goe504,ok,,0.2,1.9063302342228785,0.8417310015321798,3.712894333119662,1.767839999999991,0.47613528460278315,0.47613528460278315,6.986904547374884,1.4955153432258494,0.07914302775998672,3.0000000299700007,14.960676021892255,24.94758059923714,9.986904577344884,0.06244887212998758,28.163520562707514,31.29280031258139,0.5398493364143043,25.299065619222848,0.4426160954782935,0.008388383853489502,14.93371236220438,1000000.0,986010.6136489314,31.29280031261549,0.21611008680594554,17.9821908797765,-3.194334471392541,0.009566863642780954,15.419158263865897,1000000.0,986010.6136500059,0.17963050259654453,1.34951872909699,False
goe505,ok,,0.2,1.5648021906705214,0.8567571814608089,3.647775978103025,1.767839999999998,0.48463502435786604,0.48463502435786604,6.738441575821249,1.3565013479212582,0.10623806099218049,3.00000002997,8.192641236059714,17.931082841850962,9.738441605791248,0.03891656534510046,28.163520562707127,31.292800312373945,0.38121170221271194,18.22644047866999,-2.079587834056268,0.008288054456555083,17.03504645945403,1000000.0,1003612.4043156101,31.292800312615068,0.2070375745920285,17.059318773060838,-3.8958251660191703,0.009343763961092988,15.33636018525687,1000000.0,1003612.4043233434,0.13969583925289714,0.6591,False
goe506,ok,,0.2,1.914259840266269,0.834923080048743,3.7431690898009107,1.7678399999999508,0.47228430177434966,0.47228430177434966,6.8297641580761885,1.419315790545138,0.07927106873210378,3.0000000299501446,15.11781641107736,24.94758059910369,9.829764188026333,0.06299524577610435,28.163520562335954,31.292800312352963,0.5442512411967265,26.309656778520917,2.4086136908017286,0.009989040955833169,14.331177331230691,1000000.0,978035.7584596499,31.29280031240976,0.21444409563992933,17.510899423911926,-3.0596510371159353,0.007991485676021022,17.38282338778357,1000000.0,978035.7584614251,0.16463623591452803,1.3686765886287626,False
goe507,failed,airfoil 'goe507' not found in the aerosandbox UIUC database,0.0,,,,,,,,,,,,,,,,,,,,,,,,,,,,,,,,,,
goe508,ok,,0.2,1.9340594810161247,0.7659421971269266,4.080279526735753,1.7678399999999996,0.43326443407034954,0.43326443407034954,6.437396211463295,1.2077518624993329,0.08069682041093681,3.00000002997,15.510184357809251,24.947580599242546,9.437396241433294,0.06435950042178357,28.163520562707127,31.292800312592973,0.5932665993867907,25.33122249977917,0.46267083703042694,0.008515960830714372,15.202520973921343,1000000.0,897230.9852367184,31.292800312615068,0.22442625059132587,17.81861773777582,-3.1470684626255494,0.009507630124958484,16.176681456900422,1000000.0,897230.9852373519,0.165,1.582,False
goe509,ok,,0.2,1.9565400319995212,0.790274826377841,3.954647372388552,1.7678399999999852,0.44702847903534687,0.44702847903534687,5.991900873881739,0.9782900471398647,0.08016547520038927,3.00000002997,15.955679695403859,24.9475805992556,8.99190090385174,0.06590847782619208,28.16352056270732,31.292800312600217,0.5749998702337759,25.736332863380483,1.4183552390007892,0.008792347379256691,14.989076935606027,1000000.0,925734.427139071,31.29280031261528,0.20724822722960562,17.631338607166896,-2.4255488479830594,0.008683486829923528,16.54700799271909,1000000.0,925734.4271395167,0.11054193800156854,1.5025,False
goe510,ok,,0.2,1.673903312783057,0.8567571815367837,3.647775977779529,1.7678399999999928,0.48463502440084355,0.48463502440084355,6.69578634362497,1.3334165931626643,0.10623806166702625,3.00000002997,10.354689722475634,20.050476096070604,9.69578637359497,0.04643395996202046,28.16352056270714,31.292800312463523,0.4262696341013507,20.612745074171904,-0.49765413752229326,0.009668970246542816,15.621922282255806,1000000.0,1003612.4044074835,31.292800312615086,0.20613073175689403,17.847324022993366,-3.4149829280491573,0.011141506569047646,13.506849092274335,1000000.0,1003612.4044123444,0.13722114698381632,0.8552,False
goe511,ok,,0.2,1.7073517222522407,0.8567571815424938,3.647775977755245,1.7678399999999994,0.4846350244040717,0.4846350244040717,7.1104711630152595,1.5576971490464013,0.10623806171429273,3.00000002997,11.017534262161206,21.128005455146464,10.110471192985258,0.04873865571967568,28.163520562707127,31.292800312485603,0.44917772083970103,22.437390783028896,-0.27025040206925344,0.01179126034121025,14.326294175643936,1000000.0,1003612.4044148767,31.292800312615068,0.21494685888282844,18.516844054456215,-3.1059393741875687,0.01273309501700771,12.487675278215175,1000000.0,1003612.4044190289,0.1661327145596357,0.9549,False
goe512,ok,,0.2,1.941954419815002,0.7766874986221293,4.023829752821167,1.7678399999999925,0.43934264335128326,0.43934264335128326,6.280942820800997,1.1340955168678835,0.08045805333668701,3.00000002997,15.666637748479886,24.947580599250884,9.280942850770998,0.06490348538984227,28.16352056270727,31.292800312595332,0.5850588858742697,26.077082914011317,2.0657204462913548,0.009859163437865585,14.64648199719178,1000000.0,909818.1197273177,31.292800312615228,0.21765229147268575,17.698813176999295,-2.6100991000442244,0.008967566706356893,16.574935256289464,1000000.0,909818.1197278961,0.13908445542308195,1.5462785953177258,False
goe513,ok,,0.21,1.9299616653262075,0.75659464898364,4.13069041632566,1.7678399999999996,0.42797688081706503,0.42797688081706503,6.518602307590969,1.2599102068058856,0.08090999972924941,3.00000002997,15.428978261680772,24.94758059924174,9.518602337560969,0.06407714862730121,28.16352056270713,31.29280031259148,0.6005962680634597,26.258414298729235,3.5917751253746126,0.010864509960674026,14.385643914010695,1000000.0,886281.1905111627,31.29280031261507,0.2291539661879791,17.84443899349826,-0.9733745559596488,0.00981212770592103,16.015494479756892,1000000.0,886281.1905118308,0.16616117301811537,1.6139,False
goe514,ok,,0.2,1.6938419048961055,0.8567571815374511,3.647775977776597,1.7678399999999708,0.4846350244012271,0.4846350244012271,7.09178967342827,1.5459229843640176,0.1062380616732135,3.00000002997,10.749811258025252,20.841600961423524,10.09178970339827,0.047807788774385795,28.16352056270717,31.292800312476608,0.44308881112498966,21.987320974254942,0.8595532009040614,0.010727605729628541,14.887254859402319,1000000.0,1003612.4044086974,31.292800312615118,0.21454969366504476,17.13425143328293,-2.8723242031695495,0.008944345377527583,16.0022965962173,1000000.0,1003612.4044131397,0.1657303249814287,0.9284,False
goe515,ok,,0.2,1.9654437424667472,0.8474109578988387,3.6880078508178435,1.767839999999996,0.47934822036996594,0.47934822036996594,5.815456733193052,0.8751297899714046,0.0790377748348117,3.00000002997,16.132123836090862,24.947580599253914,8.815456763163052,0.06652197018851569,28.16352056270718,31.292800312603653,0.5362308787497005,24.40857792796424,1.8534049691924888,0.005101143157284202,16.410346058136902,1000000.0,992664.1612229022,31.292800312615125,0.18948210660670725,17.216045427472825,-0.9771551908371584,0.0067876527048857755,18.520800681158114,1000000.0,992664.161223266,0.0845,1.333770568561873,False
goe517,failed,airfoil 'goe517' not found in the aerosandbox UIUC database,0.0,,,,,,,,,,,,,,,,,,,,,,,,,,,,,,,,,,
goe518,ok,,0.2,1.9331201775476798,0.7252155309795874,4.3094199339312915,1.7678399999999999,0.41022690457257865,0.41022690457257865,6.456010315543032,1.2231961835994094,0.08166591724310457,3.00000002997,15.491570253729355,24.947580599242386,9.456010345513032,0.06429477959489731,28.163520562707127,31.292800312592636,0.6265832751851754,26.50545120165424,2.2444646113841498,0.012927910563113876,13.877979885948884,1000000.0,849523.4337663092,31.292800312615068,0.2374970955158632,18.442822664075262,-3.3451014163611443,0.01322822259025506,13.29963327474652,1000000.0,849523.4337669183,0.1799083868266887,1.727,False
goe522,ok,,0.2,1.9078560808184977,0.7668629078140752,4.075380662899024,1.7678399999999996,0.43378524516589473,0.43378524516589473,6.956666963571381,1.465281134662126,0.08067609529695197,3.00000002997,14.990913605691853,24.947580599233234,9.956666993541381,0.06255400753796647,28.16352056270713,31.29280031258329,0.5925543118413725,25.850307488069145,1.4810409393301565,0.01024947792991489,14.551525334961166,1000000.0,898309.5133029799,31.29280031261507,0.23649050596757382,17.829625620983784,-2.6291800618479484,0.009897875696314628,16.03161578438339,1000000.0,898309.5133038923,0.21818208606749145,1.5789,False
goe523,failed,Maximum_Iterations_Exceeded,1.26,,,,,,,,,,,,,,,,,,,,,,,,,,,,,,,,,,
goe525,failed,Maximum_Iterations_Exceeded,1.24,,,,,,,,,,,,,,,,,,,,,,,,,,,,,,,,,,
goe526,ok,,0.2,1.9539182620458413,0.7786073830724641,4.013907822537475,1.767839999999999,0.44042864912688057,0.44042864912688057,6.043856285977509,1.002205268210329,0.08041611239992714,3.00000002997,15.9037242833022,24.947580599249708,9.043856315947508,0.0657278300110741,28.163520562707138,31.292800312599912,0.5836162519075069,24.88662799933105,1.6665354606492462,0.0066161644469633005,15.933536862849826,1000000.0,912067.0881527102,31.292800312615082,0.21156927441921375,17.557252282277094,-1.9624329486545342,0.007957201794296544,17.777019851573634,1000000.0,912067.0881531525,0.12290778563650506,1.54,False
goe527,ok,,0.2,1.9412869842823066,0.7453315568664637,4.1931114237793246,1.7678399999999994,0.42160577703098917,0.42160577703098917,6.2941693390503985,1.1242240129133683,0.08117402328663789,3.00000002997,15.653411230224886,24.947580599245285,9.294169369020398,0.06485749707933332,28.163520562707127,31.29280031259555,0.6096721900877833,25.319569275151416,0.2691463885910638,0.008534897316203709,15.2850591794203,1000000.0,873087.5118302844,31.292800312615068,0.2271321089317098,17.713203054619203,-3.395777940808004,0.009378026519213253,16.543460787337466,1000000.0,873087.511830829,0.16523851975934534,1.6534,False
goe528,ok,,0.2,1.963405607652749,0.7452753817528824,4.193427479449829,1.7678399999999996,0.42157400090103325,0.42157400090103325,5.855846292936207,0.8940163004493364,0.08117535991457416,3.00000002997,16.09173427634664,24.947580599252845,8.855846322906206,0.0663815365854269,28.163520562707127,31.29280031260318,0.6097181441140138,25.228240828781804,-0.2830073502574943,0.008719964918325886,15.214716327483494,1000000.0,873021.7078407272,31.292800312615068,0.2164366265127486,18.206319977887567,-4.068363322758649,0.011509684583972501,13.999219856725645,1000000.0,873021.7078410587,0.12444420989897605,1.6536,False
goe529,ok,,0.2,1.9684064557490792,0.8007359562467956,3.902982301742373,1.7678399999999996,0.4529459432113742,0.4529459432113742,5.756744873556101,0.8410853548298722,0.07994697250747246,3.00000002997,16.190835695728136,24.947580599254238,8.756744903526101,0.06672611002180834,28.163520562707127,31.292800312604857,0.5674878454891733,25.201609952361586,-0.058869943963956534,0.008052355893437117,15.240723281841314,1000000.0,937988.6806510484,31.292800312615068,0.19919151193946366,18.368125839262305,-3.448229594260186,0.01113203673084313,13.525157310188906,1000000.0,937988.6806513545,0.09697642971387135,1.4698063545150502,False
goe530,ok,,0.2,1.9493706142506322,0.7805433764841064,4.0039520669273605,1.7678399999999996,0.44152376713056984,0.44152376713056984,6.133976670092671,1.0501458790938734,0.08037400675202011,3.00000002997,15.813603899185125,24.947580599247797,9.133976700062671,0.06541448343504085,28.163520562707127,31.29280031259838,0.5821686997884999,25.725508956241136,1.5470497144535764,0.00921402821102454,14.869604892425844,1000000.0,914334.9267476085,31.292800312615068,0.21314753621954807,17.740656480376742,-2.23853673047295,0.009412507399515718,15.876199701741415,1000000.0,914334.926748096,0.12893699010869936,1.5337,False
goe531,failed,Infeasible_Problem_Detected,0.47,,,,,,,,,,,,,,,,,,,,,,,,,,,,,,,,,,
goe532,ok,,0.2,1.965776014997464,0.7501551992522305,4.166148909872675,1.7678399999999999,0.4243343284755581,0.4243343284755581,5.808872114188051,0.8581312298225141,0.08105998799680363,3.00000002997,16.138708455095625,24.947580599253676,8.808872144158052,0.06654486476269979,28.163520562707127,31.29280031260398,0.6057518805031072,25.308595765827146,0.5874281976140444,0.008180788801434274,15.401346542795144,1000000.0,878737.9661682578,31.292800312615068,0.21388811011962486,18.08749583469527,-2.9967395993532646,0.010204112625961907,15.182488298209973,1000000.0,878737.9661685692,0.125,1.636338127090301,False
goe533,ok,,0.2,1.960003635255562,0.7495405544871359,4.169565271539469,1.7678399999999996,0.42398664725718166,0.42398664725718166,5.9232629164287065,0.918169759648254,0.08107443123232044,3.00000002997,16.024317652853252,24.947580599251957,8.923262946398706,0.06614713048134353,28.163520562707127,31.292800312602026,0.6062486144290993,24.93083916766087,0.46539731701140313,0.00746651822602471,15.68870075173535,1000000.0,878017.9662384104,31.292800312615068,0.21684330373897595,17.849889311849434,-3.0365372694858435,0.009784087172031459,15.744566056656822,1000000.0,878017.9662387763,0.13699999999999998,1.6385,False
goe534,ok,,0.2,1.972314258375856,0.7007025060364485,4.460178518952565,1.7678399999999994,0.39636081661035427,0.39636081661035427,5.679304251583953,0.7804471039345021,0.08024993569623295,3.00000002997,16.26827631770194,24.947580599255893,8.679304281553954,0.06699536934620114,28.163520562707127,31.292800312606154,0.6485033501400984,25.476499680102567,0.8823981258699377,0.00879607079887246,15.387490701387696,1000000.0,820808.6748679322,31.292800312615068,0.22561538106174975,17.632771496996032,-2.922402672251736,0.009368948829691885,16.830267161438815,1000000.0,820808.6748681661,0.14099604482626987,1.8224,False
goe535,ok,,0.2,1.9629753595269714,0.6895375869111366,4.532397254223595,1.7678399999999996,0.39004524556019593,0.39004524556019593,5.864372486719928,0.8763177212577384,0.07887540419273978,3.00000002997,16.08320808256321,24.947580599253136,8.864372516689928,0.06635189119881645,28.163520562707127,31.292800312603035,0.6590038472765625,25.384448742455998,-0.011397247840224192,0.008923763787777742,15.392785632578374,1000000.0,807729.9968364388,31.292800312615068,0.2341571988893216,17.62562729887295,-3.9714453570089585,0.009648211847679502,16.813493449154628,1000000.0,807729.9968367495,0.16050000000000003,1.8681,False
goe546,ok,,0.2,1.9681580794244997,0.7797739740664404,4.007902763543258,1.7678399999999985,0.4410885453810532,0.4410885453810532,5.761666927942419,0.8465074884845818,0.08039071517477096,3.00000002997,16.185913641342083,24.9475805992545,8.761666957912418,0.06670899614791581,28.163520562707138,31.292800312604744,0.5827431252245068,24.274272064282368,1.1927273636160114,0.005217451978020707,16.562469741395304,1000000.0,913433.6424317778,31.29280031261508,0.20466117605726128,17.163890378479508,-2.354821440568042,0.007261866240768765,18.676674535125176,1000000.0,913433.6424320794,0.104,1.5362,False
goe547,ok,,0.2,1.9566386539542906,0.8278896455333323,3.7749696260367855,1.7678399999996297,0.4683057547818274,0.4683057547818274,5.989946253114884,0.9694883825096583,0.07940551048290859,3.0000000212846025,15.957634259859617,24.947580534259103,8.989946274399486,0.0659152735736845,28.163520399642753,31.292800217863185,0.5488749939432885,24.754096544562717,0.6244984983819131,0.006078493751780783,16.000341498701196,1000000.0,969796.7325301669,31.292800222029232,0.19778898794293662,17.507959713265958,-2.86984312942993,0.0076223401096763115,17.5227625558259,1000000.0,969796.732659277,0.10504743315859986,1.3888,False
goe548,ok,,0.2,1.852306602912085,0.8567571815672909,3.6477759776496597,1.7678399999999976,0.4846350244180989,0.4846350244180989,6.342940270069268,1.1414624317913515,0.10623806189880923,3.00000002997,13.8900939046363,23.233034204675565,9.342940300039267,0.058726481861780866,28.16352056270715,31.29280031256071,0.4939302658762261,22.618375278107873,1.938588695578071,0.005374255922456195,17.01530307319664,1000000.0,1003612.404446334,31.29280031261509,0.19862928560228021,16.57749043073707,-0.864703987723881,0.005463918974875006,21.38276514642297,1000000.0,1003612.4044480781,0.11900000000000001,1.1496709030100334,False
goe549,ok,,0.2,1.9464429800847616,0.8000253855158859,3.906448872975075,1.767839999999995,0.4525440003144448,0.4525440003144448,6.191993369596714,1.0648091770913783,0.07996163307168937,3.00000002997,15.755587199681711,24.947580599248425,9.191993399566714,0.06521276065810964,28.163520562707212,31.29280031259708,0.5679918798117676,24.94569773959217,0.7717312449418001,0.007434066741144359,15.500862454906725,1000000.0,937156.3122562234,31.292800312615164,0.20927791332150655,17.957524863612353,-2.601680915414286,0.009779689229932713,15.225798716605805,1000000.0,937156.3122567649,0.13849999999999998,1.472,False
goe54,failed,too few converged polar points,0.01,,,,,,,,,,,,,,,,,,,,,,,,,,,,,,,,,,
goe550,ok,,0.2,1.9554657097191965,0.781005747181959,4.001581648888687,1.7678399999999785,0.441785312687782,0.441785312687782,6.013190635304151,0.9686723919713083,0.08036394753678171,3.0000000299700007,15.934389933987003,24.947580599261155,9.013190665274152,0.0658344537981107,28.163520562707387,31.2928003125996,0.581824044516848,25.338258330938046,0.7677999131368501,0.007628215910292017,15.495450621600936,1000000.0,914876.5515834913,31.29280031261535,0.2102043934079265,17.261616194953586,-2.6634712294777696,0.007365937850001217,18.649551984900803,1000000.0,914876.5515839516,0.1295,1.5322,False
goe553,ok,,0.2,1.9607088630377765,0.7470580360461989,4.183420985791697,1.7678399999999996,0.4225823807845727,0.4225823807845727,5.909287472092431,0.9101200159312128,0.08113303879997166,3.00000002997,16.038293097189584,24.947580599252014,8.90928750206243,0.06619572279122145,28.163520562707127,31.292800312602267,0.6082632147579771,24.940640857178508,0.5101515808487889,0.007454527003465286,15.703607296603105,1000000.0,875109.9237320949,31.292800312615068,0.2172231425666024,17.88788521034654,-3.0239975563773043,0.0098275256835114,15.72172726363372,1000000.0,875109.923732453,0.13675548533903803,1.6472678929765885,False
goe559,failed,too few converged polar points,0.01,,,,,,,,,,,,,,,,,,,,,,,,,,,,,,,,,,
goe55,ok,,0.2,1.9998078475151995,0.7587913267609634,4.118732193395927,1.7678399999999967,0.4292194580736745,0.4292194580736745,5.134465925157182,0.5102338667944334,0.080859439498253,3.00000002997,16.813114644145042,24.94758059927222,8.134465955127181,0.0688897601186693,28.163520562707138,31.292800312614983,0.5988575601620959,25.792480127487043,3.661000965969666,0.008752331638377877,15.142509019460709,1000000.0,888854.3969153805,31.29280031261508,0.1952648841327331,17.790547351179793,0.09052936381976427,0.009333050747444819,15.488419153952398,1000000.0,888854.3969153833,0.061621737042225344,1.6303,False
goe561,ok,,0.23,1.6955665086085814,0.7892970757152878,3.9595462364633542,1.7678399999999996,0.4464754025903295,0.4464754025903295,7.556078549605721,1.8021462692969177,0.08018619623077793,3.0000000299678855,14.391502019585014,24.94758059915862,10.556078579573606,0.06046986675248172,23.03657381217674,31.292800312571426,0.575712157812845,31.211134563057254,2.21643894547788,0.01977996432403788,11.657512755949325,1000000.0,924589.0819756545,25.596192868952897,0.36409749473064595,21.578319800481495,-2.9753251446843962,0.03112248956673868,8.47452971792312,1000000.0,756274.9332238414,0.24936761727147227,1.5056,False
goe562,ok,,0.2,1.940635474779672,0.801990845104176,3.8968752382628926,1.7678399999999983,0.45365578621604713,0.45365578621604713,6.307080252400808,1.1372465979426325,0.07992114364001995,3.00000002997,15.640500316874213,24.947580599245022,9.307080282370809,0.06481260612007314,28.16352056270718,31.29280031259524,0.5665998875053074,24.52728422950805,0.9044863292081456,0.009661789481431232,14.603564435713565,1000000.0,939458.6677726265,31.292800312615125,0.2113788397239197,19.782050332135718,-3.271811607914627,0.018281523870227495,9.46328014946037,1000000.0,939458.6677732235,0.14098590303091496,1.465941806020067,False
goe563,ok,,0.2,1.9659514149479986,0.8341107977067772,3.746814301160324,1.7678399999999996,0.47182482447889934,0.47182482447889934,5.805396226953603,0.8699617481371789,0.07928648669416398,3.00000002997,16.142184342329674,24.94758059925328,8.805396256923602,0.06655695034549149,28.163520562707127,31.292800312604037,0.5447812495240655,24.73164593804605,2.0996919034708053,0.00536783625256213,16.31922964128378,1000000.0,977084.2442556843,31.292800312615068,0.19228376700951802,17.140429308497758,-0.8008589912162465,0.006027223555050787,20.203677159488176,1000000.0,977084.2442560288,0.08891878556803798,1.3709832775919732,False
goe564,ok,,0.2,1.9684168674504143,0.8380042445089608,3.7294062483242683,1.7678399999982963,0.4740271995824104,0.4740271995824104,5.756538060550416,0.8467327182356744,0.07921279059668032,3.000000012104114,16.19104239556189,24.94758046821642,8.75653807265453,0.0667268282398859,28.163520227285424,31.292800120074894,0.5422501482293826,24.78593062318237,1.6012108391550937,0.005424460363780942,16.279269039207506,1000000.0,981645.0538026086,31.292800126282152,0.1903284397354858,17.37894729164598,-1.4708670675989999,0.006482286381407499,19.190841287943222,1000000.0,981645.0539973283,0.082,1.359967558528428,False
goe565,ok,,0.2,1.9733442477834968,0.8149283847299581,3.8350097065714706,1.7678399999999996,0.46097406141390523,0.46097406141390523,5.658893031271045,0.788757944459199,0.07965949406682853,3.00000002997,16.288687538014756,24.9475805992558,8.658893061241045,0.06706633870635581,28.163520562707127,31.292800312606495,0.5576047308338198,24.63703313296973,1.8301236286756621,0.005376623099278299,16.37557385805528,1000000.0,954613.8080283594,31.292800312615068,0.19353538975533066,17.24352735610864,-1.494537471108436,0.006627522032589439,19.196441078592642,1000000.0,954613.808028621,0.08399999999999999,1.4267933110367894,False
goe566,ok,,0.2,1.9682494260789642,0.825824755666599,3.784408549338352,1.767839999999981,0.46713772494490896,0.46713772494490896,5.759856718369362,0.8480623287657522,0.07944548477309381,3.00000002997,16.18772385091856,24.947580599257922,8.759856748339363,0.06671529020644802,28.163520562707287,31.292800312604182,0.5502473975237244,24.806226884603337,2.015770955194318,0.0058708720712751985,16.10468815435777,1000000.0,967377.906504219,31.29280031261525,0.19320865040489996,17.337449882411512,-0.857903093219997,0.006975093780309268,18.464505919061196,1000000.0,967377.9065045612,0.08650000000000001,1.3947729096989967,False
goe567,ok,,0.2,1.949309183776935,0.7741575013695288,4.036979891134864,1.7678399999999996,0.43791151991669436,0.43791151991669436,6.135194033032093,1.027628645724165,0.08051369188874245,3.00000002997,15.812386536246006,24.9475805992481,9.135194063002093,0.06541025069111168,28.16352056270713,31.29280031259835,0.5869708965067305,25.076584270933704,-0.43937633959845857,0.0074298373910680875,15.604972453993621,1000000.0,906854.4601508538,31.29280031261507,0.214934391236285,17.65323281294751,-3.7657164662524725,0.008666261059502314,16.9059471780344,1000000.0,906854.4601513384,0.14740031914355506,1.5546,False
goe570,ok,,0.2,1.777769059425102,0.8532117169662833,3.662934068355166,1.7678399999987569,0.4826294896409648,0.4826294896409648,9.246667067309133,2.7270985981115925,0.07893173502535837,3.0000000299680414,12.526511227379903,24.773178324657078,12.246667097277175,0.053985335147376884,28.00218468701383,31.29280031252701,0.5288620185421806,33.84326507428125,4.604647775271707,0.03206271824841853,8.953306566951792,1000000.0,999459.2180710433,31.11353823032254,0.26446525045687697,21.426899824222428,0.5203382806151408,0.02379772739531097,8.656510523292665,1000000.0,993733.7751985451,0.337,1.3017,False
goe571,ok,,0.2,1.8018452119222654,0.7604347879073452,4.109830738018254,1.7678399999999996,0.43014910167625203,0.43014910167625203,7.312629584642083,1.6637917760290228,0.08082179773041971,3.0000000299712806,14.634950984538614,24.947580599151976,10.312629614613364,0.06131633340212487,25.683770149025857,31.292800312576347,0.5975633017338229,28.6961890636616,1.8511554659008167,0.017277487355396373,12.447496419331248,1000000.0,890779.5608092815,28.537522102704482,0.2970169538303392,20.57554937616773,-3.3321842241571544,0.02366950296618657,9.501098567527158,1000000.0,812347.9251237191,0.2489443468926519,1.6007,False
goe572,ok,,0.21,1.9254920866733052,0.7656638074611565,4.081763086024605,1.7678399999999996,0.4331069596010706,0.4331069596010706,6.607175601559516,1.2870535681822808,0.08070309503419389,3.00000002997,15.340404967709905,24.94758059923942,9.607175631529515,0.06376918124938029,28.163520562707127,31.292800312589875,0.5934823067099526,25.78695573978877,0.641254795127497,0.011229226021731181,14.215627622199102,1000000.0,896904.8772939733,31.292800312615068,0.22854676156181775,18.331805351309367,-3.818321700213367,0.013035149854422013,13.01437462135687,1000000.0,896904.8772946956,0.1858893366582571,1.582938795986622,False
goe573,ok,,0.2,1.9444500584767794,0.7873967278127886,3.9691024298275437,1.767839999999999,0.44540044789844613,0.44540044789844613,6.23148694273729,1.0981441250148385,0.08022661602378646,3.00000002997,15.716093626539081,24.947580599246372,9.231486972707291,0.06507544238055499,28.163520562707163,31.292800312596615,0.5771016141742702,24.92195893299445,0.5553886110251953,0.010011710969822075,14.540702051649092,1000000.0,922362.9988238481,31.292800312615107,0.21354800366223467,19.414385492224493,-3.5150262350387202,0.016848105516772,10.211909491460686,1000000.0,922362.998824393,0.140975884940012,1.5116471571906356,False
goe574,ok,,0.21,1.8852225970897272,0.8567571815722879,3.647775977627769,1.7678399999998484,0.48463502442096645,0.48463502442096645,6.104780918409196,1.009210569844284,0.10623806194427136,3.000000029970001,14.542387611729618,23.647168560108817,9.104780948379197,0.060994492608599654,28.1635205627085,31.292800312569714,0.5027346902321271,21.127343974939865,0.6120904610592517,0.002821747195884281,18.397072038931856,1000000.0,1003612.4044525612,31.292800312616574,0.19356605921193457,18.0666987385193,-2.688489725353338,0.010580103090966934,13.6190663927597,1000000.0,1003612.404454064,0.10249280080993702,1.1879892976588629,False
goe575,ok,,0.2,1.9404173400857292,0.7811599924899877,4.000791509608776,1.7678399999999994,0.4418725634050525,0.4418725634050525,6.311403010734378,1.1623347797457833,0.08036063967672963,3.00000002997,15.636177558540085,24.947580599244464,9.311403040704377,0.06479757598525653,28.16352056270713,31.29280031259523,0.5817091594359037,25.84518852309524,2.402418065441317,0.009724988809510011,14.675201730855646,1000000.0,915057.2358049686,31.29280031261507,0.21711638186406818,17.57013222626804,-0.18445975467941517,0.009254747245223103,16.176191404556597,1000000.0,915057.235805549,0.13345405396161394,1.5317,False
goe57,ok,,0.5,1.642435067071073,0.7875369409720442,3.9683957704161443,1.7678399999999799,0.44547976116167365,0.44547976116167365,5.350438963126768,0.6318890547160003,0.08022293924694279,3.000000015231895,16.59714151776352,24.947580496122185,8.350438978358664,0.0681388260380034,18.40558288882497,31.292800192799124,0.5769988689597911,30.268578493033573,0.17772869753909512,0.008871753860416103,14.970083736181953,1000000.0,922527.2421393772,20.45064755041593,0.45220000418926887,13.44928177328616,-0.9999999606475043,0.009829999961265658,16.11867121756126,1000000.0,602895.2145033985,0.06282839210310937,1.5112,False
goe584,failed,airfoil 'goe584' not found in the aerosandbox UIUC database,0.0,,,,,,,,,,,,,,,,,,,,,,,,,,,,,,,,,,
goe585,ok,,0.2,1.9758911150732228,0.8041794116222815,3.8862699298597425,1.7678399999999923,0.4548937752411332,0.4548937752411332,5.608421959461441,0.7641906552479854,0.07987629005495053,3.00000002997,16.339158609826306,24.947580599257748,8.608421989431442,0.06724182550321967,28.16352056270718,31.292800312607145,0.56505789137215,24.710165067999885,1.659384670758264,0.005870885163811545,16.177541596538944,1000000.0,942022.3725808206,31.292800312615125,0.19497909859570767,17.152981672813354,-1.723142909001198,0.00696230520872127,18.708229076572547,1000000.0,942022.3725810607,0.082,1.4592307692307693,False
goe587,ok,,0.2,1.76853518306019,0.8567571815615276,3.6477759776741463,1.7678399999999852,0.48463502441484224,0.48463502441484224,5.517571630408537,0.6968389723794466,0.1062380618559131,3.00000002997,12.230002165993517,20.747573826372054,8.517571660378536,0.05295437971972562,28.163520562707202,31.29280031252021,0.44108981057582775,19.9007989210758,1.7828093318454028,0.0055992228944949885,18.030740682736,1000000.0,1003612.404438291,31.292800312615153,0.18108209189471816,16.29343264622699,-0.6718284998717001,0.006871611863040778,18.016497630714408,1000000.0,1003612.404441336,0.05799987,0.9197,False
goe590,failed,too few converged polar points,0.01,,,,,,,,,,,,,,,,,,,,,,,,,,,,,,,,,,
goe591,ok,,0.2,1.95614437912956,0.8114022611543672,3.8516755686060646,1.7678399999999983,0.4589794671205358,0.4589794671205358,5.999741496155275,0.9729904790736306,0.07972997942941583,3.00000002997,15.947839073125133,24.947580599250408,8.999741526125275,0.06588121615649356,28.16352056270715,31.292800312600644,0.5600279224878867,25.176056920861374,0.2507673320137539,0.0073799477926811555,15.479390271026054,1000000.0,950483.2778894036,31.29280031261509,0.20202786918546348,17.715318365682066,-3.1805687461565224,0.008634261537156473,16.316127510499403,1000000.0,950483.2778898425,0.112,1.4373394648829432,False
goe592,ok,,0.2,1.947502651258966,0.7550636656216222,4.139065893241021,1.7678399999999999,0.42711086162866674,0.42711086162866674,6.170993948013971,1.072165763773332,0.08094544575172816,3.00000002997,15.776586621263395,24.947580599247367,9.17099397798397,0.06528577518102607,28.163520562707127,31.29280031259773,0.601814050000919,25.48428187793361,-1.729855313264583,0.009029476687517678,15.053899326290523,1000000.0,884487.784017433,31.292800312615068,0.2212331976025344,17.856302302647034,-5.32076246001451,0.010040401844105463,15.555032710116375,1000000.0,884487.7840179229,0.14253484917073928,1.6192,False
goe593,ok,,0.2,1.9559019588652522,0.7808207331849815,4.002529816097447,1.767839999999988,0.4416806572908107,0.4416806572908107,6.004545519761924,0.9819396414764662,0.080367973739706,3.00000002997,15.943035049524312,24.947580599256234,9.004545549731924,0.06586451267302165,28.16352056270727,31.29280031260013,0.5819619066245164,24.467083939074637,0.9962890118264373,0.0057851611747439975,16.295935027095567,1000000.0,914659.8246667534,31.29280031261523,0.2100525329722265,17.316423465479538,-2.5005894583170933,0.007605750963486863,18.258241702387053,1000000.0,914659.8246671949,0.11900000000000001,1.5328,False
goe595,ok,,0.2,1.94961545201462,0.8567571815750065,3.647775977616818,1.7678399999999996,0.4846350244224628,0.4846350244224628,6.017655521574059,0.9611575073503438,0.10623806194940917,3.00000002997,15.818455830190029,24.83611138173409,9.01765555154406,0.0654313534914929,28.163520562707127,31.292800312598462,0.5280114078040941,24.369194026677462,1.2445121440266964,0.005180459208584039,16.391910919610098,1000000.0,1003612.4044565818,31.292800312615068,0.19171378842985684,17.384601445270512,-1.8271948818736137,0.0068500270025826475,18.40993635173533,1000000.0,1003612.4044571144,0.0955,1.2979979933110368,False
goe596,ok,,0.2,1.9704720973810392,0.7853477694552018,3.979457747448463,1.7678399999999639,0.4442414299117668,0.4442414299117668,5.715810213344083,0.8219541544479835,0.0802703870290238,3.00000002997,16.231770355953607,24.94758059926769,8.715810243314083,0.06686843892717442,28.16352056270748,31.292800312604584,0.5786072620177825,24.976101139867634,1.3942063399512694,0.007199703787312803,15.65744799644224,1000000.0,919962.8321629835,31.292800312615462,0.20214509703966366,17.842729188291678,-1.9684451054843783,0.009459055158646607,15.44181917499702,1000000.0,919962.8321633033,0.0975,1.5182,False
goe598,ok,,0.2,1.6139007511364762,0.8567571815305164,3.647775977806237,1.7678399999999985,0.4846350243972968,0.4846350243972968,5.578485707889485,0.7221587100546764,0.10623806161515087,3.00000002997,9.165623605857174,17.74410934371666,8.578485737859484,0.042299603456886166,28.163520562707127,31.29280031241825,0.37723667813354234,17.604793576474222,2.4099521795493595,0.005852651168269747,19.19743409592834,1000000.0,1003612.4043986867,31.292800312615068,0.18237711459275413,15.243063690893434,0.6166232011942838,0.004409857731620508,23.887650590585633,1000000.0,1003612.404404999,0.06537364900104413,0.6418,False
goe599,ok,,0.2,1.9558683572948479,0.8480510699119336,3.685224129160482,1.7678399999999492,0.47971030744408877,0.47971030744408877,6.005211399489955,0.9782332762005128,0.07902599966910803,3.0000000299700016,15.942369169807833,24.94758059926779,9.005211429459957,0.06586219742401446,28.163520562707937,31.29280031259671,0.5358261297442257,26.369829689019603,2.9681638529334244,0.008631862809171175,14.807432170274986,1000000.0,993413.9936961316,31.292800312615952,0.19341465071396222,16.828882452923764,-0.2579161188866966,0.005185948464487588,22.038592248476913,1000000.0,993413.9936967425,0.09970389865016702,1.3320090301003344,False
goe600,ok,,0.2,1.9454007025680489,0.8047457794477609,3.8835348322604912,1.7678399999999996,0.45521414802683563,0.45521414802683563,6.212648102413269,1.0901824954357968,0.07986472277072779,3.00000002997,15.734932466863093,24.94758059924636,9.212648132383269,0.0651409446103758,28.163520562707127,31.292800312596995,0.5646602122326374,24.769953658876343,3.076757667678951,0.005941895040569707,16.142789178808485,1000000.0,942685.8205064349,31.292800312615068,0.20851784921409514,17.07600524531574,-0.10121160424645534,0.006211701762841495,20.50031979234721,1000000.0,942685.8205069792,0.13074367630221662,1.4575,False
goe601,ok,,0.21,1.89797638877965,0.8567571662031107,3.6477760430451145,1.7678399999951717,0.48463501572848827,0.48463501572848827,6.904826585908232,1.4380997972628442,0.10623803925625704,3.000000019909592,14.795128723276394,24.699955329094216,9.904826605817824,0.061873267579490694,28.16352037383707,31.292800195595433,0.5251167671567143,24.719565395244633,2.5391126814891885,0.006743383777813992,15.684930207732295,1000000.0,1003612.382700075,31.292800207698896,0.21057489591219586,17.246126186800577,-0.8081299138116899,0.00668292382851705,19.174246418214427,1000000.0,1003612.3830882533,0.16034689929648455,1.2854,False
goe602,ok,,0.2,1.9382153470692347,0.8567571815743004,3.647775977619825,1.7678399999999999,0.48463502442206335,0.48463502442206335,6.039254067174214,0.9674339656194771,0.10623806194509743,3.00000002997,15.592540833488812,24.631794930633028,9.039254097144214,0.06464585206044102,28.163520562707127,31.29280031259446,0.5236676755945219,24.071335562595934,0.7894584798305877,0.005218034661824178,16.46424384081622,1000000.0,1003612.4044556263,31.292800312615068,0.1921729697524679,17.402532486504867,-2.3920230447686466,0.00715743631802061,17.896358894016625,1000000.0,1003612.4044562873,0.0995,1.279093311036789,False
goe602m,ok,,0.2,1.9616781520671118,0.8498074286453328,3.677607608799012,1.7678399999999999,0.4807038129272631,0.4807038129272631,5.89007914647473,0.9034185366767593,0.07899378882126185,3.00000002997,16.057501422807103,24.947580599251832,8.89007917644473,0.06626250971320975,28.163520562707127,31.292800312602598,0.5347186989652406,24.967343154431795,0.5976357551690482,0.006035030580370338,15.946274590638088,1000000.0,995471.406752665,31.292800312615068,0.19054719763347616,17.62457978358216,-2.753732414148752,0.007263422507973947,17.716740159178304,1000000.0,995471.4067530617,0.096,1.3271892976588628,False
goe604,ok,,0.2,1.9316109063916482,0.7645800483185591,4.087548808621107,1.7678399999999985,0.43249391818182625,0.43249391818182625,6.4859194251420895,1.2161490983377046,0.08072753795376682,3.00000002997,15.461661144131739,24.947580599243828,9.48591945511209,0.06419078628443321,28.163520562707152,31.29280031259202,0.5943235422055279,25.282586435413364,1.1107009804494332,0.00844488962853498,15.23613271143517,1000000.0,895635.3529266362,31.2928003126151,0.2259820437978886,17.700451725556405,-2.4917020630001554,0.009248453091495993,16.534707443829852,1000000.0,895635.3529272968,0.1782428046418889,1.5866,False
goe610b,ok,,0.21,1.9706236909411827,0.8493966643247334,3.679386082925774,1.7678399999999996,0.48047145913925104,0.48047145913925104,5.7128060954918825,0.8209770844684419,0.07900131057361395,3.00000002997,16.23477447379286,24.947580599254742,8.712806125461881,0.06687888417824984,28.163520562707127,31.292800312605596,0.5349772864689162,22.18592973539706,0.37790268135425054,0.003053116198232315,17.503568226276727,1000000.0,994990.2340514077,31.292800312615068,0.18683789235521178,19.377346494738028,-3.1311880169560804,0.014919691565340164,10.223559193181215,1000000.0,994990.2340517088,0.0779302418307185,1.3283147157190636,False
goe610bm,ok,,0.2,1.9833394100787125,0.7818703064286386,3.9971568684774232,1.767839999999938,0.4422743610443627,0.4422743610443627,5.460819674265037,0.686789987951304,0.08034523128192264,3.0000000299699985,16.486760895038557,24.947580599273593,8.460819704235035,0.06775503537398217,28.163520562707493,31.29280031260874,0.5811806879990078,26.406944777324266,0.11939035952345337,0.008899379885282173,14.984237999723769,1000000.0,915889.3033914277,31.29280031261549,0.19710388336736048,17.302904884418414,-3.131297046455207,0.00630669694256883,20.22775516994619,1000000.0,915889.3033916252,0.077,1.5294,False
goe611,ok,,0.2,1.9494606761310624,0.7819327542676839,3.996837641782825,1.7678399999999996,0.4423096854170536,0.4423096854170536,6.132191920784042,1.0547620947969956,0.08034391753473086,3.00000002997,15.815388648493817,24.94758059924786,9.132191950754041,0.06542068896878812,28.163520562707127,31.29280031259841,0.5811342729105291,24.994585161194674,-0.6196802770213768,0.009749547932977231,14.662549627742708,1000000.0,915962.4553030296,31.292800312615068,0.2127272305329355,19.235813398122552,-3.960740487340231,0.015923070197914866,10.675075416034144,1000000.0,915962.4553035172,0.128990028,1.5291979933110367,False
goe612,ok,,0.2,1.9481492593189058,0.7465695556803663,4.186158197613453,1.7678399999999996,0.4223060659790289,0.4223060659790289,6.158180166173824,1.0530031918182379,0.08114461583459531,3.00000002997,15.789400403103837,24.94758059924766,9.158180196143825,0.06533032841618011,28.163520562707127,31.292800312597954,0.6086612013025029,25.049822982246763,0.7723961405853687,0.007504547911043218,15.685338410163608,1000000.0,874537.7138164627,31.292800312615068,0.22343765712061456,17.513273883451777,-2.8346636567493544,0.008435734645728832,17.65786795280645,1000000.0,874537.713816941,0.15004437003719137,1.649,False
goe613,ok,,0.2,1.9544490673039345,0.8423697582389501,3.7100788994759792,1.7678399999997203,0.4764966050316111,0.4764966050316111,6.033337357179376,0.9920888746497328,0.07913111883573096,3.0000000298902596,15.914243211647655,24.94758059871729,9.033337387069636,0.06576440408940933,28.16352056122062,31.29280031171674,0.5394399765504326,25.167504618806667,0.8091525676731763,0.0080807533643387,15.059311082086552,1000000.0,986758.858478272,31.292800311795155,0.1953272899121066,18.488072019127777,-2.7774101475190474,0.01135130293349483,13.031930607439081,1000000.0,986758.8584807446,0.103,1.3477371237458196,False
goe614,ok,,0.2,1.9168153911828771,0.7975732993138491,3.918458990902111,1.767839999999947,0.45115694820451685,0.45115694820451685,6.779121004067364,1.3738301458499134,0.08001240966328638,3.00000002997,15.168459565236429,24.947580599273792,9.779121034037363,0.06317133089999802,28.163520562709294,31.292800312580514,0.5697381331692278,25.57082338905401,-0.022677734724052306,0.009436456474949449,14.708693740358449,1000000.0,934283.9183242125,31.29280031261748,0.22332979904702724,18.136169221380413,-4.02317088080993,0.01061857701899923,14.770126473842552,1000000.0,934283.9183253163,0.18758199443627044,1.4796,False
goe615,ok,,0.2,1.9503158258411277,0.7701478846526324,4.057997597447944,1.7678399999999996,0.43564343190143484,0.43564343190143484,6.115245485216204,1.031638073770523,0.08060258290148148,3.00000002997,15.832335084062086,24.947580599248287,9.115245515186203,0.06547961134926075,28.163520562707127,31.292800312598704,0.5900268398727515,25.38150201352194,0.10546468459333008,0.008512466176463644,15.185692373308274,1000000.0,902157.5621723772,31.292800312615068,0.21558160658456835,17.937246999354155,-3.5717244593466533,0.009908054010882097,15.444298812409226,1000000.0,902157.5621728491,0.13643562383061464,1.5679,False
goe617,ok,,0.2,1.9328849842165758,0.8324897933067117,3.754110009188509,1.7678399999999999,0.4709078838054981,0.4709078838054981,6.460671123567738,1.2257179531541857,0.07931734264336925,3.00000002997,15.486909445703896,24.947580599241636,9.460671153537739,0.06427857406880426,28.163520562707127,31.292800312592554,0.5458420346649445,25.42146361281162,3.2881133710957977,0.007185853018805215,15.482532080636878,1000000.0,975185.3863775388,31.292800312615068,0.20699530245800798,17.012102868784467,0.42433143367824977,0.005808643305633597,21.024787879382657,1000000.0,975185.3863782404,0.1385,1.3756,False
goe619,ok,,0.2,1.945304417824398,0.7969385771118134,3.9215798498870287,1.7678399999998098,0.4507979099420191,0.4507979099420191,6.214555917613626,1.078115418926995,0.0800252295482726,3.0000000207772803,15.73302459093436,24.94758052932527,9.214555938390905,0.06513431072492933,28.163520390117917,31.292800211124145,0.570191903534294,25.254216766001722,0.5778325420933533,0.007535686633838408,15.470234757576366,1000000.0,933540.3964931467,31.292800216737927,0.21060419797252028,17.53755728884315,-2.8016910053017314,0.008002940269587188,17.545773142000765,1000000.0,933540.3966606195,0.13763539626981464,1.48157491638796,False
goe620,ok,,0.2,1.9287680258200326,0.7707782184803941,4.054679012286456,1.7678399999999996,0.4359999878271757,0.4359999878271757,6.542256569229852,1.2561401641996874,0.08058854634720425,3.00000002997,15.405324000040908,24.947580599240762,9.542256599199852,0.06399490328440723,28.16352056270713,31.292800312591055,0.5895443225059405,25.02395579672803,-0.22225529124642113,0.007963458552493276,15.400720614342807,1000000.0,902895.9403989107,31.29280031261507,0.22549614298532986,17.674528498696276,-4.037968362997825,0.009309060102794734,16.406371290341713,1000000.0,902895.9403996037,0.175,1.5658,False
goe621,ok,,0.2,1.9474054474798659,0.749739462050311,4.168459076508206,1.7678399999999996,0.4240991617172997,0.4240991617172997,6.172920227775436,1.0608116348302732,0.0810697605794612,3.00000002997,15.77466034150194,24.947580599247374,9.172920257745435,0.06527907754903473,28.163520562707127,31.292800312597695,0.6060877753101346,25.06097411519674,0.7472490900952133,0.007507600004028196,15.671232257307532,1000000.0,878250.9681926768,31.292800312615068,0.22285106204950988,17.521774497553018,-2.830451623589722,0.008419846381201116,17.63965700468212,1000000.0,878250.9681931642,0.15004437003719137,1.6378,False
goe622,ok,,0.72,1.76536404963998,0.856757172203432,3.6477760175174225,1.767839999999922,0.48463501912134005,0.48463501912134005,5.787874115246341,0.8336894241496544,0.10623870031654185,3.000000023606084,15.15640150511822,23.94427564397064,8.787874138852425,0.06312940512533223,23.91525439789511,31.292800240682396,0.5090511430352442,26.099268381386466,2.1527345935856115,0.005471074405513358,16.637911679919856,1000000.0,1003612.3911722181,26.572504677459197,0.2591000000182238,15.466492694951937,1.4298140753991081e-10,0.004430000000061451,23.6858942270683,1000000.0,852224.6252704875,0.08,1.2154795986622073,False
goe623,ok,,0.2,1.958004194218232,0.7740363025483498,4.03761200257758,1.7678399999999967,0.4378429623429446,0.4378429623429446,5.962885684597888,0.9569022594089595,0.08051636067119324,3.00000002997,15.984694884684352,24.94758059925224,8.962885714567888,0.06600936299554828,28.163520562707163,31.292800312601223,0.587062804574169,24.663356961456234,1.5587992692944486,0.006081440990454161,16.1856024010832,1000000.0,906712.4868556377,31.292800312615107,0.21091331096149096,17.421097417962276,-1.7666574464099545,0.007655665297017759,18.257238363576135,1000000.0,906712.4868560401,0.12,1.555,False
goe624,ok,,0.2,1.9494298658164981,0.7149643010012309,4.371208829900191,1.7678399999999996,0.4044281727991396,0.4044281727991396,6.132802486401746,1.045356639192848,0.08192606685182985,3.00000002997,15.814778082876526,24.947580599248273,9.132802516371747,0.0654185660456837,28.163520562707127,31.292800312598402,0.6355672891358858,25.04598219808934,0.9611392839980157,0.007856079422266182,15.677681283978478,1000000.0,837515.0587117012,31.292800312615068,0.23266827476298477,17.559325389539264,-2.5775271764236996,0.008987288724340799,17.40571144408192,1000000.0,837515.0587121472,0.16,1.7661,False
goe625,ok,,0.2,1.9292193245441314,0.7119272662724276,4.389856118257003,1.7678399999999996,0.4027102375058986,0.4027102375058986,6.533313217370342,1.2546673107724324,0.08163434766860782,3.00000002997,15.414267351900781,24.94758059924112,9.533313247340342,0.06402599912039382,28.163520562707127,31.29280031259123,0.6382785772422981,25.94149730381409,0.1616662913856487,0.010951498818256205,14.581069802164807,1000000.0,833957.4512678363,31.292800312615068,0.24390780467478979,17.898164106646604,-3.470589332857985,0.010798669695188367,15.643454835308269,1000000.0,833957.4512684715,0.2,1.7779,False
goe626,ok,,0.2,1.9447472033652375,0.7650532893591376,4.085020362722619,1.7678399999999992,0.43276161267939295,0.43276161267939295,6.225598445498521,1.063901964769281,0.08071687003471632,3.00000002997,15.721982123778133,24.947580599246656,9.225598475468521,0.06509591655480448,28.16352056270713,31.29280031259675,0.5939559099170015,25.710396607697483,-0.1279755574617454,0.008842790629739753,15.080189372753818,1000000.0,896189.7113714236,31.29280031261507,0.21964449479260562,17.421166720573193,-3.5482163014740857,0.008016836069287252,18.012896178369356,1000000.0,896189.7113719482,0.16557169856471876,1.585,False
goe627,ok,,0.2,1.9360422477461907,0.7651716911644053,4.084388251274842,1.7678399999999996,0.43282858808738656,0.43282858808738656,6.398103876750596,1.191746041377693,0.08071419705868632,3.00000002997,15.54947669252267,24.947580599243267,9.398103906720596,0.06449611899778532,28.163520562707127,31.29280031259368,0.5938640018488301,25.376814443988827,2.2880600745022206,0.008464664738490411,15.225857162505873,1000000.0,896328.408219208,31.292800312615068,0.22371690808357805,17.53221258308444,-1.833252698640686,0.008666560007190707,17.20839285439417,1000000.0,896328.4082198205,0.1575,1.5846,False
goe628,ok,,0.2,1.9523670761421945,0.7096536360713586,4.403920598366019,1.7678399999999996,0.40142413118345477,0.40142413118345477,6.0745960168818005,0.9949786227891113,0.08134754907460907,3.00000002997,15.872984552397584,24.947580599249385,9.0745960468518,0.06562094864875516,28.163520562707127,31.292800312599418,0.6403235318174055,25.32267441185585,0.48232943470025397,0.008634688154573644,15.406162678377699,1000000.0,831294.1021628325,31.292800312615068,0.2329154671898492,17.616026171072555,-3.377215880380269,0.009322240066834535,17.027214552055796,1000000.0,831294.1021632483,0.16711678739234226,1.7868,False
goe629,ok,,0.19,1.9375327717119606,0.8229631530092316,3.7975676725887944,1.767839999999888,0.4655190249170082,0.4655190249170082,6.368566278815751,1.1686348811418619,0.07950113553902784,3.0000000299700043,15.579014290506562,24.94758059929232,9.368566308785756,0.06459882057059338,28.163520562709326,31.29280031258555,0.5521607145533303,24.89728769005894,2.3994086863400956,0.006367946961575496,15.883861105398731,1000000.0,964025.8016304331,31.29280031261747,0.20735294337606583,17.55756692611749,-1.1343016842935507,0.007385388000695793,18.205382965153607,1000000.0,964025.8016314164,0.13616906662120767,1.4031,False
goe630,ok,,0.21,1.9064944995412578,0.7126071922945107,4.385667587127541,1.7678399999999996,0.40309484585398614,0.40309484585398614,5.758653321088742,0.8455402906924773,0.08171892262638822,3.000000029969762,16.188927248121814,24.94758059918032,8.758653351058504,0.06671947439182392,26.422574168770794,31.292800312604825,0.6376695710181115,22.138848210188037,-1.2196730513513119,0.00969476716300064,15.008786028481168,1000000.0,834753.9221989949,29.35841544979042,0.25434794378351244,22.707855877300524,-5.517922719696756,0.04131199283740183,5.4664292877915805,1000000.0,783153.0640096986,0.12542822445289234,1.7752494983277594,False
goe632,ok,,0.2,1.930583700876452,0.8344274197482249,3.7453925789529263,1.7678399999999548,0.4720039255522254,0.4720039255522254,6.506275477285925,1.2522291654834103,0.07928047316049401,3.0000000299700025,15.441305092001489,24.947580599257417,9.506275507255928,0.06412000874281698,28.16352056270824,31.2928003125876,0.544574533221342,24.928827262557572,2.0219606662521863,0.0072054818575191205,15.46656350827237,1000000.0,977455.1379169648,31.292800312616276,0.20751012413515962,17.766272414682167,-1.1582058226318932,0.008887031499440938,16.019948895116062,1000000.0,977455.1379178605,0.13999999999999999,1.3700836120401338,False
goe633,ok,,0.21,1.9481894522744372,0.7840401018857486,3.986094917955376,1.7678399999999994,0.4435017319925722,0.4435017319925722,6.157383665487066,1.0483007308136743,0.08029848296985212,3.00000002997,15.790196903790433,24.9475805992475,9.157383695457066,0.06533309783139508,28.163520562707127,31.29280031259796,0.5795722967783872,25.37876884225796,2.892096774239805,0.007809423504937361,15.408637156550975,1000000.0,918431.0196237775,31.292800312615068,0.21274070564627323,17.625203664238057,-0.64105057183391,0.008192066130460715,17.426670656748794,1000000.0,918431.0196242795,0.13760317875604874,1.5224,False
goe63,failed,too few converged polar points,0.01,,,,,,,,,,,,,,,,,,,,,,,,,,,,,,,,,,
goe645,ok,,0.2,1.9475850428552453,0.7605225169191456,4.109356654238626,1.7678399999999996,0.43019872664898734,0.43019872664898734,6.169361200132271,1.0444138855407543,0.08081979723549676,3.00000002997,15.778219369145173,24.947580599247445,9.169361230102272,0.0652914522091845,28.163520562707127,31.292800312597755,0.5974943706559572,25.616930995198302,0.9698734423080634,0.008798895115830617,15.117036931893267,1000000.0,890882.3272953867,31.292800312615068,0.21960613357658787,17.493710176874423,-2.522985039422234,0.00845171416370591,17.42570135993323,1000000.0,890882.3272958795,0.15457721321659293,1.6004,False
goe646,ok,,0.2,1.9261142834073075,0.7719372701544887,4.048590975500558,1.7678399999999996,0.4366556193742017,0.4366556193742017,6.594845577074724,1.2752812953498385,0.08056279867640931,3.00000002997,15.352734992195034,24.94758059923976,9.594845607044725,0.06381205247094324,28.16352056270713,31.292800312590092,0.5886591309750198,25.39403753403249,0.8429555420221063,0.008369475901536489,15.234132305784128,1000000.0,904253.663056531,31.29280031261507,0.2263984459096408,17.441420446194577,-2.785276239961795,0.008117614507666628,17.97487949289589,1000000.0,904253.6630572529,0.18335557243667827,1.561947491638796,False
goe647,ok,,0.2,1.9520994252691346,0.7117479136987086,4.390962313270592,1.7678399999999996,0.4026087845612209,0.4026087845612209,6.079900033502043,1.0030148789227638,0.08161305397085604,3.00000002997,15.867680535777206,24.94758059924925,9.079900063472042,0.06560250670064871,28.163520562707127,31.292800312599326,0.6384394163586311,25.572325299667614,1.1487645745759087,0.009131019302417295,15.214609982794444,1000000.0,833747.3561890416,31.292800312615068,0.23236586305633203,17.54624442067431,-2.9502519344104954,0.008999253483897754,17.407918852895573,1000000.0,833747.3561894611,0.1625272135064058,1.7786,False
goe648,ok,,0.2,1.9486627382180544,0.7403371964953589,4.221398411959422,1.7678399999999996,0.4187806569007145,0.4187806569007145,6.148004594601438,1.0473497413490345,0.08129365170861144,3.00000002997,15.79957597467646,24.9475805992479,9.148004624571438,0.06536570865276814,28.163520562707127,31.292800312598136,0.6137850762698169,25.57349327240446,2.076883032025514,0.008399309697179216,15.358941331298888,1000000.0,867237.077041409,31.292800312615068,0.22506826639423325,17.49924750562304,-2.100790048436609,0.007906921859283758,18.522665755181972,1000000.0,867237.0770418782,0.15165028481264267,1.6713,False
goe650,ok,,0.2,1.9560991869515274,0.7604055494493223,4.109988765683361,1.7678399999999994,0.4301325625901227,0.4301325625901227,6.000637066047102,0.9635994350825762,0.08082246862794344,3.00000002997,15.946943503233422,24.947580599250525,9.000637096017101,0.06587810227985062,28.16352056270713,31.292800312600683,0.5975862787236822,24.981904694221452,0.6544081075537242,0.006890966452539009,15.884225660053993,1000000.0,890745.3106399262,31.29280031261507,0.21559835058746238,17.2581549041955,-2.9542736703062644,0.007361484607447593,18.97628101431496,1000000.0,890745.3106403358,0.1341641556541305,1.6008,False
goe652,failed,Maximum_Iterations_Exceeded,1.18,,,,,,,,,,,,,,,,,,,,,,,,,,,,,,,,,,
goe654,ok,,0.19,1.9460839339792517,0.7834546385608284,3.9890736639723547,1.7678399999999945,0.44317055760749324,0.44317055760749324,6.19910855846049,1.0663645256496155,0.08031107624760526,3.00000002997,15.74847201081893,24.94758059924942,9.19910858843049,0.06518802130430165,28.163520562707237,31.292800312596945,0.5800054020371048,25.313297034041863,0.42415607433765695,0.008880139551378001,14.984719453670063,1000000.0,917745.2030728295,31.292800312615192,0.21386974396103378,18.208498485302158,-3.018966907184314,0.011254275107141542,13.969576030749058,1000000.0,917745.2030733647,0.145,1.5242849498327757,False
goe655,ok,,0.2,1.9481220779445274,0.7799447069541632,4.007025418256563,1.7678399999999996,0.4411851224964722,0.4411851224964722,6.158718817364374,1.0494950394956257,0.08038700497903632,3.00000002997,15.78886175191312,24.947580599247495,9.158718847334374,0.0653284555379413,28.163520562707127,31.292800312597944,0.5826155605194588,25.252039603753797,1.2624067572639204,0.007464291984693742,15.56761870187142,1000000.0,913633.640339565,31.292800312615068,0.21388896184325631,17.659523135236203,-2.461876350310319,0.008149360793156193,17.550118207084935,1000000.0,913633.640340065,0.139,1.5356448160535117,False
goe670,ok,,0.19,1.9625329905050894,0.8308604840170836,3.7614717822297346,1.7678399999999999,0.46998624537123473,0.46998624537123473,5.8731388793615515,0.9134163367713836,0.07934847800312737,3.00000002997,16.074441689920516,24.947580599252067,8.873138909331551,0.06632141064610172,28.163520562707127,31.292800312602886,0.5469124255605848,24.952929792311227,1.4916647315281804,0.006230472886737891,15.919437024065859,1000000.0,973276.800084179,31.292800312615068,0.19452106403376973,17.34250681435487,-1.8519275758250213,0.006990462747082238,18.441029982714134,1000000.0,973276.8000845581,0.09000000000000001,1.3802585284280937,False
goe673,ok,,0.2,1.884001127519901,0.8567571815704063,3.647775977636403,1.7678399999999994,0.4846350244198607,0.4846350244198607,6.16260627597904,1.0377156203553528,0.10623806192049741,3.00000002997,14.518181843872268,23.680788149821307,9.16260630594904,0.06091032969083327,28.163520562707127,31.292800312574,0.5034494368623383,23.02606492055477,1.2726047853548443,0.005135550430755883,16.94521581467592,1000000.0,1003612.4044504086,31.292800312615068,0.1947954162557741,16.627004326105222,-1.543100316249605,0.005505137150810284,21.209845913488866,1000000.0,1003612.4044517258,0.10789178850301687,1.1911,False
goe675,ok,,0.2,1.945551187735405,0.7482077606667326,4.176992581332037,1.7678399999999994,0.42323273637135306,0.42323273637135306,6.209665949508625,1.0891749564385376,0.08110578847907124,3.00000002997,15.737914619768686,24.94758059924731,9.209665979478626,0.06515131348986215,28.163520562707127,31.292800312597045,0.6073285342715136,25.239401879606042,-0.7513869739670124,0.00819004003579413,15.406051073572348,1000000.0,876456.7206023942,31.292800312615068,0.22420181861679575,17.601934200957775,-4.111957978276616,0.008973007010936486,16.947485494579137,1000000.0,876456.720602899,0.14901261419703632,1.6432,False
goe676,ok,,0.19,1.9484670154595811,0.8187045911007488,3.8173210454273008,1.7678399999991066,0.4631101180543276,0.4631101180543276,6.151882750951542,1.0610710631802083,0.07958445469618362,3.000000012918465,15.795697706947307,24.947580470817314,9.151882763870008,0.06535222355075226,28.163520242576148,31.292800124951718,0.5550328294729682,25.34247849406929,3.6059922999750595,0.00683388358990195,15.689527490335816,1000000.0,959037.2814583329,31.29280013477741,0.20361074244162078,16.894005423537845,0.5723250998718659,0.005461371498539927,21.887921929495857,1000000.0,959037.281759463,0.119,1.4156,False
goe677,ok,,0.2,1.9412609615636656,0.848753911007497,3.6821724472409745,1.7678399999999501,0.48010787797963667,0.48010787797963667,6.294685029269872,1.1371032753860346,0.07901309269547513,3.0000000299700025,15.652895540027306,24.94758059926718,9.294685059239875,0.06485570403594837,28.163520562708115,31.2928003125908,0.5353824197134758,25.588451309900623,3.7914505275194816,0.007333826413670547,15.35567541834653,1000000.0,994237.3075321607,31.292800312616137,0.19946667604410392,16.989919194084873,1.0442662733978445,0.005711257939085728,20.924141277107452,1000000.0,994237.3075329657,0.11950000000000001,1.3300779264214047,False
goe679,ok,,0.2,1.924120904033645,0.7638712834971537,4.091341477443613,1.7678399999999983,0.43209299681936963,0.43209299681936963,6.634348221725436,1.3072179787382574,0.08074357962424418,3.00000002997,15.313232347545531,24.94758059924097,9.634348251695435,0.06367470265195968,28.16352056270717,31.29280031258922,0.5948749906345782,25.710472086847293,2.9274265929112113,0.009289826494710756,14.916325067842795,1000000.0,894805.0999891987,31.292800312615118,0.2297310075094775,17.646854392687203,-1.6259470416851254,0.00880804671453956,17.18216457874941,1000000.0,894805.0999899394,0.18285233163421855,1.589,False
goe681,ok,,0.2,1.936170766025382,0.7527357945358769,4.151866150495707,1.7678399999999996,0.4257940732961564,0.4257940732961564,6.395557039966627,1.1779458802738476,0.08099957223466346,3.00000002997,15.552023529306949,24.947580599243572,9.395557069936626,0.06450497429277642,28.163520562707127,31.29280031259373,0.6036751884457849,25.581032606610524,1.90516803784861,0.008769200216775623,15.162873100873865,1000000.0,881760.896693966,31.292800312615068,0.22735129212935834,17.5659183398579,-2.0752800567078706,0.008436516609316283,17.707007553503445,1000000.0,881760.8966945672,0.168368106585232,1.6273,False
goe682,ok,,0.2,1.9637421211235435,0.7912233458768128,3.9499065363606847,1.7678399999999983,0.44756502052041675,0.44756502052041675,5.849177631550526,0.8909977598255061,0.08014543028358836,3.00000002997,16.098402937732555,24.94758059925308,8.849177661520525,0.06640472337310502,28.16352056270714,31.292800312603237,0.5743105596974836,24.877155589351826,0.9623019183208493,0.006455654847732079,15.957894049429814,1000000.0,926845.5306764325,31.292800312615086,0.20371419005651117,17.558607007200685,-2.546095456619032,0.007946913227005532,17.466993956511537,1000000.0,926845.5306767834,0.1065,1.4995,False
goe683,ok,,0.2,1.904042331555246,0.8029742567689931,3.8921026910319756,1.7678399999999996,0.45421206487521115,0.45421206487521115,7.0322437373226645,1.5228717389266677,0.07990095906015449,3.00000002997,14.915336831938058,24.947580599230726,10.032243767292664,0.06229122877248064,28.163520562707127,31.292800312581853,0.5659059662073013,25.690714747017108,2.7419035664589333,0.009243820746108564,14.758239555864407,1000000.0,940610.6442793631,31.292800312615068,0.22756942621201284,17.577443475856892,-0.328082392778707,0.008537644546134879,17.183303894484276,1000000.0,940610.6442803615,0.199,1.4629217391304348,False
goe685,ok,,0.2,1.9549985092855229,0.786472104114263,3.973768744308754,1.7678399999999996,0.4448774233608603,0.4448774233608603,6.022449110100087,0.9692995704661124,0.0802463515839763,3.00000002997,15.925131459179804,24.947580599249893,9.022449140070087,0.06580226228662991,28.163520562707127,31.29280031260032,0.5777800893879389,25.584543891393345,1.174910078550573,0.008198812511338744,15.24055642214378,1000000.0,921279.887023728,31.292800312615068,0.2089577965247518,17.263331831122706,-2.249799306152444,0.007438390288282656,18.451730243375312,1000000.0,921279.8870241621,0.13072457469736917,1.5146,False
goe692,ok,,0.2,1.9395747614867358,0.7407254028193706,4.219186021843654,1.7678399999999994,0.4190002504861135,0.4190002504861135,6.328100325568408,1.1582689423021448,0.08128429216067808,3.00000002997,15.619480243706228,24.947580599244635,9.328100355538407,0.06473951979205009,28.163520562707127,31.29280031259494,0.6134633980240702,25.189946762526358,0.36035701838345163,0.008039711486108173,15.496751617795653,1000000.0,867691.825120059,31.292800312615068,0.2293788817896042,17.520884036248276,-3.0599236723117014,0.00858683420779226,17.648176164831295,1000000.0,867691.825120617,0.161,1.6699,False
goe693,ok,,0.21,1.9545683678345638,0.7803585814642492,4.004900234115225,1.7678399999999992,0.441419235600648,0.441419235600648,6.03097318991687,0.998924292391182,0.08037801639090394,3.00000002997,15.916607379363008,24.94758059924988,9.03097321988687,0.06577262425023446,28.163520562707138,31.292800312600143,0.5823065618931468,23.085716701508193,1.6210412063047281,0.0058562804092869075,16.26512236178464,1000000.0,914118.4563425103,31.29280031261508,0.2107937860064249,15.32392257818611,-1.5546678561681193,0.007864117562067317,17.88185236845373,1000000.0,914118.4563429466,0.12,1.5343,False
goe701,ok,,0.2,1.9507844914558592,0.7857846284973065,3.977245357390802,1.767839999999991,0.44448854449345554,0.44448854449345554,6.105957975033825,1.035482637827878,0.08026104791009281,3.00000002997,15.841622594248637,24.94758059925246,9.105958005003824,0.06551190381611229,28.163520562707255,31.29280031259843,0.5782855837804828,25.3008005742965,0.6930311858710136,0.007682723423581339,15.453669151168375,1000000.0,920474.5724353932,31.29280031261521,0.21107634946192771,17.489376612616635,-2.8913094104682253,0.00801341606585254,17.6259405436842,1000000.0,920474.5724358868,0.12449278790123583,1.5168,False
goe702,ok,,0.2,1.9505698391318607,0.7217483861907521,4.330121584468662,1.7678399999999999,0.4082656723406825,0.4082656723406825,6.110211723508942,1.010804863914195,0.08175347926479175,3.00000002997,15.8373688457698,24.94758059924874,9.110211753478943,0.06549711362703213,28.163520562707127,31.292800312598796,0.6295932645094778,25.65852903037065,1.9241007256514964,0.00935527690782623,15.086723204183464,1000000.0,845461.9918632696,31.292800312615068,0.22991119060307522,17.624711455656236,-1.6969142359779246,0.00925094576055453,16.944605836113563,1000000.0,845461.9918637093,0.1666405232050446,1.7401,False
goe703,ok,,0.2,1.8865959615205858,0.8539499775007713,3.6597673727290143,1.7678399999999996,0.48304709560863623,0.48304709560863623,7.377977100818194,1.7219014106656116,0.08311772538361853,3.00000002997,14.569603468279567,24.947580599067763,10.377977130788194,0.061089121537982405,28.16352056270715,31.292800312574933,0.5321247550630294,25.83554979865351,4.763069423376704,0.00894909557334378,14.653759990961564,1000000.0,1000324.022529968,31.29280031261509,0.22135928238919178,17.331353032120642,1.9520802714178098,0.0071705471285651206,18.592448843349448,1000000.0,1000324.0225312517,0.194,1.3159,False
goe704,ok,,0.2,1.933529259916397,0.8449685561499503,3.6986681254034526,1.7678399999999996,0.4779666463876541,0.4779666463876541,6.4479035619272835,1.2201371274868038,0.07908286066515857,3.00000002997,15.499677007344525,24.94758059924181,9.447903591897283,0.06432296659734904,28.163520562707127,31.292800312592775,0.5377808668843413,25.830042309195306,3.806048128282709,0.008004669557676898,15.080946093209034,1000000.0,989803.1117390314,31.292800312615068,0.2036631072769183,16.9602624892388,0.9036415695720158,0.005768564099000931,20.92097363419763,1000000.0,989803.1117397365,0.12945400686319383,1.3405163879598663,False
goe711,failed,Restoration_Failed,1.09,,,,,,,,,,,,,,,,,,,,,,,,,,,,,,,,,,
goe723,ok,,0.2,1.9674103367390154,0.7617235115461364,4.1028775116267395,1.7678399999999983,0.4308780837327683,0.4308780837327683,5.776484886824231,0.8454367556639126,0.08079238337043194,3.00000002997,16.171095682460667,24.9475805992549,8.776484916794232,0.0666574744336579,28.163520562707138,31.292800312604495,0.5965523129171457,24.890655870813777,1.1536163818806469,0.007102130874669707,15.7904291797793,1000000.0,892289.1822729931,31.292800312615082,0.20986533566099214,17.817623331648086,-2.560714844415186,0.009451416526787045,15.84120564136486,1000000.0,892289.182273295,0.11548359591988283,1.5963,False
goe735,ok,,0.2,1.917449851472297,0.7718009494880519,4.049306064825437,1.7678399999999999,0.43657850794644987,0.43657850794644987,6.76654795361928,1.3625152483949914,0.08056582229559014,3.00000002997,15.181032615647336,24.947580599236616,9.76654798358928,0.0632150471173252,28.16352056270713,31.2928003125869,0.5887631039036959,25.2788946377564,3.165849128723516,0.008590584307301244,15.14804765468772,1000000.0,904093.9759073118,31.29280031261507,0.2304906113985238,17.790034432013826,-0.21878838589735045,0.009448036644000722,16.360540899353417,1000000.0,904093.9759081258,0.20099999999999998,1.5624,False
goe738,ok,,0.19,1.9286722222358317,0.8362917614190783,3.737042991188597,1.7678399999999812,0.4730585128852652,0.4730585128852652,6.544155055719536,1.247283959463054,0.0792451552262148,3.000000028317272,15.403425502239298,24.947580586276104,9.544155084036808,0.06398830220596205,28.16352053167669,31.292800294024495,0.5433605158899903,25.124759924380225,3.9051143993768416,0.0068630413181792055,15.611598627203435,1000000.0,979639.0424926752,31.292800295376292,0.20787254346410644,17.078644875853655,1.2929574103259762,0.006327499016656642,19.955063072312296,1000000.0,979639.0425349941,0.15439999999999998,1.3648,False
goe741,ok,,0.2,1.9433160992985574,0.7760409484348588,4.027182163393704,1.767839999999999,0.4389769144463635,0.4389769144463635,6.253958523940385,1.0937011396155842,0.08047225402545716,3.00000002997,15.693622045335703,24.947580599246088,9.253958553910385,0.06499730919129801,28.163520562707138,31.292800312596228,0.5855463214058075,24.894337800716922,3.3338577583737123,0.007300799195353816,15.651274266257145,1000000.0,909060.7455237702,31.29280031261508,0.21720027591938895,17.788879862457417,-0.11910818388294739,0.009279167187296317,16.182066313864127,1000000.0,909060.7455243177,0.1533,1.5484,False
goe744,ok,,0.2,1.9567587191663982,0.7453596476121094,4.192953395870454,1.7678399999999996,0.42162166689978137,0.42162166689978137,5.987567167229616,0.9481784765630261,0.08117335494002798,3.00000002997,15.960013402051073,24.94758059925069,8.987567197199617,0.06592354602805187,28.163520562707127,31.292800312600924,0.6096492130638306,25.264127479137045,2.1580590298495927,0.0100121561494227,14.739040539268792,1000000.0,873120.4175607704,31.292800312615068,0.21963104788167967,18.837808050081847,-1.3038965090582084,0.014662141547752342,11.725523290734815,1000000.0,873120.417561165,0.1448,1.6533,False
goe746,failed,too few converged polar points,0.01,,,,,,,,,,,,,,,,,,,,,,,,,,,,,,,,,,
goe758,ok,,0.19,1.9437811178084319,0.8127292557278323,3.8453866937534995,1.7678399999999976,0.45973009759244804,0.45973009759244804,6.2447432881488965,1.091884687042858,0.07970338161716206,3.00000002997,15.702837281127662,24.947580599246557,9.244743318118896,0.0650293503616838,28.163520562707173,31.292800312596277,0.5591135293996079,25.08655817322345,0.6518531320972288,0.007842383439880259,15.278683239012523,1000000.0,952037.7302396186,31.29280031261512,0.20718887125818516,18.00986727553121,-2.639210526389888,0.010032444520945396,14.819681263505164,1000000.0,952037.7302401918,0.13849999999999998,1.4333598662207359,False
goe765,failed,airfoil 'goe765' not found in the aerosandbox UIUC database,0.0,,,,,,,,,,,,,,,,,,,,,,,,,,,,,,,,,,
goe766,ok,,0.2,1.9540670917791834,0.8088269408238515,3.8639393767183297,1.7678399999999734,0.45752270614075013,0.45752270614075013,6.0409069386869865,0.9838781217831947,0.07978184444527803,3.0000000299700007,15.906673630600716,24.947580599257705,9.040906968656987,0.06573808482618991,28.16352056270741,31.292800312598715,0.5618110620220713,25.855667149943518,4.128168154994908,0.007800041249910517,15.312071234094228,1000000.0,947466.5264868159,31.292800312615377,0.20359816157272545,17.355146466607433,1.4292560408042596,0.00628980642702105,20.190121518690543,1000000.0,947466.5264873204,0.12010000000000001,1.4451,False
goe767,ok,,0.2,1.9635957293354547,0.7804201700876565,4.0045841783522445,1.7678399999999992,0.4414540739476745,0.4414540739476745,5.852078666276104,0.8769944694241725,0.08037667995289122,3.00000002997,16.095501903006838,24.94758059925294,8.852078696246103,0.06639463653973034,28.163520562707138,31.29280031260322,0.5822606078533171,25.85754074081998,4.111808010580449,0.007807961305120334,15.424019461525763,1000000.0,914190.601762276,31.29280031261508,0.20660186673941616,17.708241195951917,1.2760622297405781,0.007038947390806762,19.11431538076276,1000000.0,914190.6017626225,0.12,1.5341,False
goe769,ok,,0.2,1.9653029090098681,0.7211430692179724,4.333756225361932,1.7678399999999996,0.407923267500437,0.407923267500437,5.818247618899477,0.8615809387742202,0.08176852018815041,3.00000002997,16.12933295038413,24.947580599253605,8.818247648869477,0.06651226634083647,28.163520562707127,31.29280031260382,0.6301217359115685,25.66870352333962,1.7970326251209148,0.009270333747771958,15.120317062120781,1000000.0,844752.9185861986,31.292800312615068,0.22272979514358135,17.71755544929795,-1.884153970230405,0.009576997727629991,16.346480806053073,1000000.0,844752.9185865022,0.1382,1.7424,False
goe770,ok,,0.21,1.9225309417921221,0.7375307301439841,4.237461759715249,1.7678399999999996,0.41719314538871405,0.41719314538871405,6.665856380312192,1.3119352052197022,0.08136150609424787,3.00000002997,15.281724188956623,24.947580599238815,9.665856410282192,0.06356514948363212,28.163520562707127,31.292800312588792,0.6161206632402659,25.396508656517373,2.3289438048595166,0.008598179541391084,15.295301016432624,1000000.0,863949.5592899115,31.292800312615068,0.23871388404131935,17.45942825534834,-0.8980098628678206,0.00821740805209933,18.400006566549624,1000000.0,863949.5592906369,0.20989999999999998,1.6814648829431438,False
goe775,ok,,0.21,1.88052674254173,0.8509370306551208,3.6727256577304193,1.7678399999999996,0.48134278591678037,0.48134278591678037,7.49825034338002,1.776694750700166,0.07897314144358612,3.00000002997,14.449330225870273,24.947580599220295,10.49825037335002,0.06067093414268235,28.163520562707127,31.29280031257261,0.5340088705114703,25.646043868132992,5.169957725020597,0.008942648636235657,14.66911002784284,1000000.0,996794.6318305337,31.292800312615068,0.2247175353099877,17.59914820281939,2.2185075620461836,0.008143295451661235,17.277764128120307,1000000.0,996794.6318318861,0.21000000000000002,1.3241,False
goe776,ok,,0.2,1.815714150050041,0.8567571815562562,3.6477759776966407,1.7678399999999974,0.48463502441185713,0.48463502441185713,8.128641558049745,2.0941190952300035,0.1062380618210566,3.00000002997,13.164944100557987,24.29358568857773,11.128641588019745,0.0562051520822275,28.163520562707138,31.29280031254431,0.516477405951496,25.054100705205347,5.3418146538549385,0.00992925550981641,14.429787583424813,1000000.0,1003612.4044328821,31.292800312615082,0.23659298437038873,17.821772565735937,2.4811482930164472,0.009173134414050346,16.204525713582047,1000000.0,1003612.404435152,0.25,1.2478,False
goe777,ok,,0.2,1.9199661110273096,0.7271620961762775,4.297883899661319,1.7678399999999996,0.41132800263387953,0.41132800263387953,6.716683432916978,1.337754068973787,0.08161713858180891,3.00000002997,15.23089713635073,24.947580599237707,9.716683462886976,0.06338842494944424,28.163520562707127,31.292800312587843,0.6249059528898262,25.085028374930804,0.9468365504017744,0.00872581202625557,15.293417906473048,1000000.0,851803.6562370192,31.292800312615068,0.24339086967331702,17.856328817935243,-2.4574662262953337,0.010334258399645607,16.002964737863294,1000000.0,851803.6562377603,0.22,1.7197,False
goe780,ok,,0.2,1.4363275532397974,0.8557109678518104,3.6522358401525343,1.7678399999999987,0.4840432210221576,0.4840432210221576,6.2864683826128624,1.1469912830147657,0.09662527729299322,3.00000002997,5.646669297169726,14.93313770975259,9.286468412582863,0.030064277402211292,28.163520562707127,31.292800312210808,0.3178640641621439,17.25355640560595,3.2926136514939817,0.010007882631603727,16.06004653119334,1000000.0,1002386.8610896498,31.292800312615068,0.19767008438775038,15.539257631165812,1.5545221113879655,0.005690619393515397,20.86350803672693,1000000.0,1002386.8611025992,0.12000000000000001,0.3834,False
goe795,failed,Infeasible_Problem_Detected,0.33,,,,,,,,,,,,,,,,,,,,,,,,,,,,,,,,,,
goe795sm,ok,,0.2,1.9497161996706232,0.8567571815757875,3.6477759776133634,1.7678399999999683,0.4846350244229132,0.4846350244229132,5.82447448005354,0.8563588093734856,0.10623806195223136,3.0000000299700007,15.820452338686167,24.64492684870971,8.824474510023542,0.06543829530723377,28.16352056270742,31.29280031259718,0.5239468578875739,24.271999117434785,1.4161963574934007,0.004985959974127625,16.57920988107256,1000000.0,1003612.4044574733,31.292800312615384,0.18760679309025408,17.012608379910063,-0.9101056024032967,0.0056335793593696604,20.738946354453,1000000.0,1003612.4044580571,0.08027693664271718,1.2803083612040134,False
goe796,ok,,0.2,1.957094779239522,0.7673092081202284,4.073010244795998,1.7678399999999985,0.43403770031237504,0.43403770031237504,5.980907490790676,0.9729909188227948,0.08066607216601006,3.00000002997,15.966673078490462,24.94758059925114,8.980907520760676,0.06594670157527029,28.163520562707138,31.292800312601,0.5922096565600617,24.502261307771615,1.7137763179726653,0.005867132674859913,16.304863090282577,1000000.0,898832.3131504009,31.292800312615082,0.21319021847842273,17.418832992658707,-1.5595463013260193,0.007841862814607707,18.084599993625858,1000000.0,898832.3131508054,0.12000000000000001,1.5774,False
goe797,ok,,0.2,1.9418866539577473,0.7324676862926185,4.266752409814115,1.7678399999999999,0.4143291736201345,0.4143291736201345,6.282285731540227,1.1334496916850256,0.08148538094361059,3.00000002997,15.665294837735345,24.947580599245573,9.282285761510227,0.0648988161189802,28.163520562707127,31.29280031259576,0.6203794803785749,25.212653715799348,0.6395908835311727,0.008240803172064035,15.454112699190931,1000000.0,858018.6681078478,31.292800312615068,0.2308255742289557,17.59142553779171,-2.708090986106631,0.008978650993608521,17.23202755630935,1000000.0,858018.6681083773,0.16,1.7,False
goe798,ok,,0.2,1.9208276896966758,0.7281527072793983,4.29203686858066,1.7678399999999996,0.4118883537420798,0.4118883537420798,6.699609595160316,1.3544560802561394,0.08159240890248225,3.00000002997,15.247970974107504,24.947580599237824,9.699609625130316,0.06344779030449958,28.163520562707127,31.29280031258816,0.6240558032314406,25.509354804803746,-0.1967601213980142,0.00983681273956828,14.883849421646005,1000000.0,852964.0662253709,31.292800312615068,0.24263265335704054,17.929798624883237,-3.597163957688236,0.010692291340717334,15.609992842754645,1000000.0,852964.0662261043,0.2,1.716,False
goe79,failed,too few converged polar points,0.01,,,,,,,,,,,,,,,,,,,,,,,,,,,,,,,,,,
goe801,ok,,0.2,1.9770792279109999,0.729639328436317,4.283291955078286,1.7678399999999999,0.41272927891456074,0.41272927891456074,5.584877219380752,0.7610242766475317,0.08155542412706082,3.00000002997,16.36270334990651,24.947580599257265,8.584877249350752,0.06732369004208116,28.163520562707127,31.292800312607728,0.6227843057610616,23.465699109540985,-0.11147166267661442,0.011238810288257097,14.394645060798302,1000000.0,854705.5064681311,31.292800312615068,0.21431043369141406,20.8893315580486,-3.6896891555501026,0.028048672493719562,6.730624125490473,1000000.0,854705.5064683316,0.098,1.710466220735786,False
goe802,ok,,0.21,1.9770792279109999,0.729639328436317,4.283291955078286,1.7678399999999999,0.41272927891456074,0.41272927891456074,5.584877219380752,0.7610242766475317,0.08155542412706082,3.00000002997,16.36270334990651,24.947580599257265,8.584877249350752,0.06732369004208116,28.163520562707127,31.292800312607728,0.6227843057610616,23.465699109540985,-0.11147166267661442,0.011238810288257097,14.394645060798302,1000000.0,854705.5064681311,31.292800312615068,0.21431043369141406,20.8893315580486,-3.6896891555501026,0.028048672493719562,6.730624125490473,1000000.0,854705.5064683316,0.098,1.710466220735786,False
goe802a,failed,airfoil 'goe802a' not found in the aerosandbox UIUC database,0.0,,,,,,,,,,,,,,,,,,,,,,,,,,,,,,,,,,
goe802b,failed,airfoil 'goe802b' not found in the aerosandbox UIUC database,0.0,,,,,,,,,,,,,,,,,,,,,,,,,,,,,,,,,,
goe803h,failed,Maximum_Iterations_Exceeded,1.36,,,,,,,,,,,,,,,,,,,,,,,,,,,,,,,,,,
goe804,failed,Infeasible_Problem_Detected,0.34,,,,,,,,,,,,,,,,,,,,,,,,,,,,,,,,,,
goe81,failed,too few converged polar points,0.01,,,,,,,,,,,,,,,,,,,,,,,,,,,,,,,,,,
goe92,failed,Maximum_Iterations_Exceeded,1.33,,,,,,,,,,,,,,,,,,,,,,,,,,,,,,,,,,
griffith30SymSuction,failed,airfoil 'griffith30SymSuction' not found in the aerosandbox UIUC database,0.0,,,,,,,,,,,,,,,,,,,,,,,,,,,,,,,,,,
gs1,ok,,0.2,1.9488252726564206,0.7842266448560624,3.9851467507503555,1.7678399999999972,0.4436072522717348,0.4436072522717348,6.144783662226137,1.0384910937206322,0.08029447209814136,3.00000002997,15.802796907052432,24.947580599248568,9.144783692196137,0.0653769077631748,28.163520562707163,31.292800312598054,0.5794344346712296,25.17821091659379,0.9953578468283532,0.007560308456984786,15.510622676032474,1000000.0,918649.537592463,31.292800312615107,0.21239745264244023,17.308036959421496,-2.3579989019183674,0.00779447337019892,18.002565576977062,1000000.0,918649.5375929635,0.139,1.5218,False
gu255118,ok,,0.2,1.9241735550433676,0.7402268184343737,4.222027880873213,1.7678399999999999,0.4187182202203671,0.4187182202203671,6.633304840742128,1.3270509435449025,0.081296312972119,3.00000002997,15.314275728527033,24.94758059923916,9.633304870712127,0.0636783304644827,28.163520562707127,31.292800312589392,0.6138766001176268,25.254713279475023,-0.2482886259511997,0.00979794085259102,14.840103942590185,1000000.0,867107.779273296,31.292800312615068,0.23704344468978186,18.410274710965805,-4.343376581309636,0.012768305752870048,13.56449549136214,1000000.0,867107.7792740075,0.19988,1.6716983277591972,False
gw19,failed,airfoil 'gw19' not found in the aerosandbox UIUC database,0.0,,,,,,,,,,,,,,,,,,,,,,,,,,,,,,,,,,
gw25,failed,airfoil 'gw25' not found in the aerosandbox UIUC database,0.0,,,,,,,,,,,,,,,,,,,,,,,,,,,,,,,,,,
gw27,failed,airfoil 'gw27' not found in the aerosandbox UIUC database,0.0,,,,,,,,,,,,,,,,,,,,,,,,,,,,,,,,,,
gw30,failed,airfoil 'gw30' not found in the aerosandbox UIUC database,0.0,,,,,,,,,,,,,,,,,,,,,,,,,,,,,,,,,,
gw31,failed,airfoil 'gw31' not found in the aerosandbox UIUC database,0.0,,,,,,,,,,,,,,,,,,,,,,,,,,,,,,,,,,
hh02,ok,,0.2,1.971361468325849,0.8089163619774218,3.863512239952621,1.7678399999993535,0.45757328829402977,0.45757328829402977,5.698185342364173,0.7989536224778921,0.07977983026236696,3.000000019797862,16.249395162853997,24.947580525016033,8.698185362162036,0.06692971972062091,28.163520371728595,31.29280020332587,0.5617489592094322,25.394207271654572,4.477771249670782,0.006747205674633421,15.764099426862286,1000000.0,947571.2718525513,31.292800206521598,0.19585853498466635,16.998864040719397,1.4573771560114963,0.0057072362440696075,21.24537428881658,1000000.0,947571.2719493204,0.09572,1.4448297658862876,False
hobie,ok,,0.2,1.618030394326889,0.8567571815043533,3.647775977916548,1.7678399999997363,0.48463502438256917,0.48463502438256917,5.776568751653339,0.8140608657607578,0.10623806138905044,3.000000029970001,9.24746042509864,18.02402920672198,8.77656878162334,0.0425841482616347,28.16352056270732,31.29280031241908,0.3831877257417684,18.071827515129158,-0.6793087661183386,0.007243765048283583,17.839075672141764,1000000.0,1003612.4043682144,31.292800312615267,0.1865883256530446,16.428227772671086,-2.4811792421956667,0.007976458918452174,16.436547513927824,1000000.0,1003612.4043745066,0.08495,0.6677,False
hobiesm,ok,,0.2,1.9697452046266597,0.8528730237201968,3.6643886940404826,1.7678399999921965,0.4824379037265598,0.4824379037265598,5.730214770914264,0.8112634771710027,0.07893785665706295,3.0000000218580127,16.21736574747154,24.94758054024382,8.730214792772276,0.06681835420825491,28.16352041043673,31.292800225203514,0.5327966900425775,24.971623924981177,0.7367862919738236,0.005837517135542245,16.030631128447933,1000000.0,999062.4672345445,31.292800228041337,0.18644812215116036,17.409997636489724,-2.4559293222363414,0.006652096472278678,18.631164816171232,1000000.0,999062.4673251456,0.085743,1.318824414715719,False
hor04,ok,,0.2,1.485912527081202,0.8567571813102957,3.6477759787353685,1.7678399999979408,0.48463502427329036,0.48463502427329036,5.227250349128195,0.5292588060630927,0.10623806089230052,3.0000000297412086,6.629290888073953,14.856541266943356,8.227250378869403,0.03348083086523754,28.163520558443157,31.29280030678599,0.3158474832950038,15.060989736883686,1.1993829208284124,0.0053668119769993815,21.001596328071894,1000000.0,1003612.4039612506,31.29280031026383,0.17490991202373038,15.395949413484596,-0.219500566402999,0.005715286087940847,20.147337353270554,1000000.0,1003612.4040727905,0.0405557075590231,0.9567,False
hor07,ok,,0.2,1.9945687687392426,0.7321930572526459,4.268352772049868,1.7678399999999996,0.4141738263941568,0.4141738263941568,5.238288343455036,0.5686024528100702,0.08149224274213976,3.00000002997,16.70929222583766,24.947580599262697,8.238288373425036,0.06852877187376956,28.163520562707127,31.29280031261336,0.6206121706768915,25.76823018284497,1.5107483624470983,0.008985262353795277,15.173984137523526,1000000.0,857696.9653936431,31.292800312615068,0.2049409965727921,17.81433573968348,-2.0767599696259103,0.009598668596635213,15.669619662917842,1000000.0,857696.9653936899,0.07173035383073026,1.7010127090301004,False
hor12,ok,,0.2,1.97758590275859,0.7029690232289174,4.445797983024749,1.7678399999999999,0.3976428993737654,0.3976428993737654,5.574836483171262,0.7356843098353083,0.08052727480783547,3.00000002997,16.372744086116423,24.947580599257684,8.57483651314126,0.06735860145910466,28.163520562707127,31.29280031260789,0.6464124415169369,25.440803014680565,1.3709914716408191,0.00806023517548208,15.65107129629087,1000000.0,823463.6917364618,31.292800312615068,0.22218110425628163,17.513029217586332,-2.1903819286489963,0.008211906405964822,18.30306928591003,1000000.0,823463.6917366507,0.11939245076175183,1.8133,False
hor20,ok,,0.2,1.93758803516672,0.7059047519226329,4.427308722724856,1.7678399999999994,0.3993035296874339,0.3993035296874339,6.367471127168789,1.1367651514620012,0.08089128106801115,3.00000002997,15.580109442105469,24.94758059924426,9.36747115713879,0.06460262838842204,28.163520562707127,31.292800312594235,0.6437241304562528,25.551093942337587,2.228835169410592,0.009456523380939708,15.125265476669442,1000000.0,826902.6284576078,31.292800312615068,0.2417094996930419,17.583487052150303,-1.063402221457991,0.009334735242648615,17.26259342622557,1000000.0,826902.6284581583,0.2038392801026306,1.8016,False
hq010,ok,,0.2,1.8656522060054868,0.8567571815691841,3.6477759776415697,1.7678399999999905,0.48463502441917183,0.48463502441917183,6.010285277081315,0.9494210504723843,0.10623806190624245,3.0000000299700007,14.154562687447354,23.164847994498672,9.010285307051316,0.05964603395172536,28.16352056270722,31.29280031256585,0.49248063890739646,24.02093323582433,4.628024127767761,0.008134107198331898,15.560307983314239,1000000.0,1003612.4044487206,31.292800312615164,0.19155709831527024,16.47340156186291,1.7132184072504388,0.0052327971862710385,21.791249104549824,1000000.0,1003612.4044503024,0.09999184758245278,1.1433618729096988,False
hq07,failed,too few converged polar points,0.01,,,,,,,,,,,,,,,,,,,,,,,,,,,,,,,,,,
hq09,ok,,0.19,1.6995204400539419,0.8567571815197328,3.6477759778492773,1.7678399999993026,0.48463502439138767,0.48463502439138767,5.7579865900632745,0.8140371177848716,0.10623806153531694,3.0000000299700065,10.862342349418581,19.62032896945186,8.75798662003328,0.048199056882364255,28.163520562707962,31.29280031246863,0.41712478101988637,20.125622234967146,3.7912247804905403,0.007639358072201913,17.01909884530547,1000000.0,1003612.4043880656,31.292800312615924,0.18619327212651288,15.657933571541772,1.7038365604324137,0.004806696084668366,22.79546212003,1000000.0,1003612.4043927896,0.08111356388088377,0.8154,False
hq1010,ok,,0.2,1.8837843233834513,0.8567571815710034,3.647775977633843,1.7678399999999952,0.4846350244201997,0.4846350244201997,6.006858093498245,0.9475694652463229,0.10623806192491142,3.00000002997,14.513885453093,23.520743576561244,9.006858123468245,0.06089539123541941,28.163520562707152,31.29280031257375,0.5000469170737679,23.57807649867504,3.341111465506286,0.006274809878422169,16.384975202344965,1000000.0,1003612.4044511026,31.292800312615093,0.19148423698804104,16.58651114963431,0.47025536694548603,0.005098682861972731,22.127361192682752,1000000.0,1003612.4044524285,0.0996,1.1762916387959865,False
hq1012,ok,,0.2,1.9432998887410244,0.8556962077678961,3.6522988383369244,1.7678399999999996,0.48403487180281946,0.48403487180281946,6.2542797670434975,1.088174150502829,0.0964942706824003,3.00000002997,15.69330080197266,24.947580598986157,9.254279797013497,0.06499619223525234,28.163520562707127,31.292800312596256,0.5310388412225263,25.41966982482359,3.5774255425874717,0.006809264080095331,15.564991719439252,1000000.0,1002369.5710183812,31.292800312615068,0.19698832118209064,17.01829752505218,0.511394892775798,0.005565880799075675,21.127965221124025,1000000.0,1002369.5710189837,0.11957999999999999,1.3111739130434783,False
hq108,ok,,0.2,1.8024315302130403,0.8567571815647578,3.6477759776604484,1.7678399999999985,0.48463502441666584,0.48463502441666584,5.740729290484964,0.8046621697787989,0.1062380618827658,3.00000002997,12.901723452060851,21.642452772515817,8.740729320454964,0.05528993972759864,28.16352056270713,31.292800312537988,0.4601147813073095,21.262563440490013,2.8786370325075334,0.005568512171571392,17.632386607780127,1000000.0,1003612.4044426376,31.29280031261507,0.18582638492966902,16.057959374706005,0.4318585925872812,0.004578980440903872,23.44206626277794,1000000.0,1003612.4044451098,0.07972,1.0025,False
hq109,ok,,0.2,1.8529366836481196,0.8567571815688064,3.6477759776432146,1.7678399999999994,0.48463502441895573,0.48463502441895573,5.873305663971682,0.8759529169353618,0.10623806191001936,3.00000002997,13.902580165778996,22.775885859720677,8.873305693941681,0.05876989631473592,28.163520562707127,31.292800312561102,0.48421137158117167,22.547861966912485,3.1937044134072012,0.005909925088675984,16.905321333561716,1000000.0,1003612.404448121,31.292800312615068,0.1886449355678496,16.269098899412516,0.4479983794759017,0.004853161641005033,22.718549813324724,1000000.0,1003612.4044498517,0.08979999999999999,1.107372575250836,False
hq1510,ok,,0.2,1.939226597099609,0.8567571815766387,3.6477759776094896,1.767839999999908,0.4846350244234112,0.4846350244234112,6.007278725231826,0.9477235352402895,0.10623806196660918,3.0000000299700016,15.612580697015408,24.619859452217234,9.007278755201828,0.06471553022128225,28.1635205627078,31.292800312591325,0.5234139293982275,24.70500840087391,2.8827960700278794,0.005889899821110193,16.128634025850513,1000000.0,1003612.4044583169,31.292800312615796,0.19149317954424705,16.83306776556936,-0.15938267919539484,0.005101857576695771,22.119431056440916,1000000.0,1003612.4044591018,0.09963,1.2779889632107024,False
hq1511,ok,,0.2,1.9546422846534317,0.8371059474764234,3.7334082681159444,1.767839999999296,0.47351906704043173,0.47351906704043173,6.029508025948483,0.9839765422020916,0.07922973927038987,3.000000016789282,15.918072457660951,24.94758050039872,9.029508042737765,0.06577771794622052,28.16352031524861,31.29280016849013,0.5428320350144469,25.283974452366387,3.04820381298859,0.006508389277839483,15.769413435703724,1000000.0,980592.7827983662,31.292800175148354,0.19647220794401488,16.8928032661477,-0.11834946239492967,0.005355962925309245,21.799266948634692,1000000.0,980592.7830070086,0.1099903417438518,1.3625,False
hq1512,ok,,0.2,1.9496740666045935,0.8306017442882596,3.7626435136822987,1.7678399999998369,0.46983988612563143,0.46983988612563143,6.127963177278524,1.037051837419086,0.07935343120761247,3.0000000299310536,15.819617391794239,24.947580599003818,9.127963207209577,0.06543539221437045,28.163520561977684,31.292800312161965,0.5470827935871452,25.105348842811452,3.0511772608228145,0.006280995903859278,15.896963781045391,1000000.0,972973.710225551,31.29280031221082,0.20016977563473873,16.937989319230418,-0.08093592355503866,0.005547667519329955,21.49142153283503,1000000.0,972973.71022707,0.11959,1.381,False
hq1585,ok,,0.2,1.9074002611452494,0.8567571815728485,3.647775977625992,1.7678399999999963,0.48463502442124307,0.48463502442124307,5.8212081583554065,0.8451742316035582,0.1062380619346497,3.00000002997,14.981880662532939,23.803088850858348,8.821208188325407,0.0625226001950206,28.163520562707152,31.292800312582955,0.5060495284908093,24.05338023631118,2.845053202144932,0.0063634571258487935,16.223271612793578,1000000.0,1003612.4044535585,31.2928003126151,0.18753735165976862,16.593309818451534,-0.16003860645221946,0.004838018114660171,22.737248543410065,1000000.0,1003612.4044545895,0.08560000000000001,1.2024160535117057,False
hq158,ok,,0.2,1.7996146868146337,0.8567571815625235,3.6477759776698435,1.7678399999999699,0.4846350244154098,0.4846350244154098,5.74035033082665,0.8044456303521059,0.10623806185897884,3.0000000299700007,12.845902284615345,21.586252645411996,8.74035036079665,0.05509585076691792,28.163520562707262,31.292800312535377,0.4589199763821932,21.031335640788708,2.3973438984457545,0.005444086289220601,17.743597625059486,1000000.0,1003612.4044399528,31.292800312615213,0.1858183283137319,15.940730887551588,-0.12056174211906825,0.004693682240961309,23.10753763977599,1000000.0,1003612.4044425132,0.079572,0.9973,False
hq159,ok,,0.2,1.8618623035520447,0.8567571810251711,3.64777597993045,1.7678399999933656,0.4846350241132604,0.4846350241132604,5.873794969237608,0.8761166695508888,0.10623805981927778,3.0000000297378664,14.079458489018156,22.95325348799363,8.873794998975473,0.05938489831356169,28.163520558380345,31.292800309513716,0.4879821769109057,22.54762023043273,2.6199212084134125,0.005468488972906984,17.088277547552284,1000000.0,1003612.4037173332,31.2928003102289,0.18865533825516514,16.33406598549947,-0.16964416528966914,0.004854879284015516,22.714063094219174,1000000.0,1003612.4037402703,0.08967,1.123783779264214,False
hq159b,ok,,0.2,1.9361600428047248,0.8567571815607897,3.647775977673752,1.7678399999991283,0.4846350244146598,0.4846350244146598,5.87241426188134,0.8751420467681533,0.10623806198962059,3.0000000299562544,15.551811028376694,24.424225320214287,8.872414291837593,0.06450423543131982,28.163520562455208,31.29280031240492,0.5192547817977452,24.700506641948184,2.926564351538482,0.006271274907124968,16.01976920398518,1000000.0,1003612.4044342156,31.292800312478537,0.18862598451741927,16.712166048029587,-0.1879834670494748,0.004919838670971529,22.537177090167532,1000000.0,1003612.4044365766,0.08951704666559018,1.25988762541806,False
hq17,ok,,0.2,1.9045820174687358,0.8567571814351811,3.6477759782048764,1.7678399999982382,0.4846350243438518,0.4846350243438518,6.765277884013708,1.383113892297463,0.1062380611120441,3.0000000299197893,14.926031746957554,24.69130966089105,9.765277913933497,0.0623284147532349,28.163520561784573,31.29280031192886,0.5249329485149048,24.083269326260726,-0.41983413781055506,0.006191623719095216,15.951244512445685,1000000.0,1003612.4042723139,31.292800312113755,0.2076081098476565,17.999293629802473,-3.4980645476665493,0.009374046051998472,15.318234765733873,1000000.0,1003612.4042782439,0.15217,1.2846,False
hq2010,ok,,0.2,1.9536570986118762,0.8567571815760711,3.6477759776122802,1.7678399999999985,0.48463502442306533,0.48463502442306533,6.007827141333798,0.9481613466272694,0.1062380619495198,3.00000002997,15.898548827760012,24.906375999063812,9.007827171303799,0.06570983506698351,28.163520562707184,31.292800312599546,0.5295052213454938,24.889499976747587,2.292469938977459,0.005568152321610778,16.166832216738957,1000000.0,1003612.4044578644,31.292800312615135,0.19150483877532498,16.946253888696752,-0.7782846271422758,0.005223388076156861,21.813468940531724,1000000.0,1003612.4044583642,0.0997,1.304499331103679,False
hq2012,ok,,0.2,1.950806195110939,0.8246494607223918,3.7898021092044036,1.7678399999999983,0.4664729051963937,0.4664729051963937,6.105527875378417,1.0257030513400864,0.07946829625220869,3.00000002997,15.84205269390014,24.947580599248557,9.105527905348417,0.06551339926305852,28.16352056270714,31.292800312598807,0.5510316131392528,25.035351964976034,2.477635172777316,0.006056339631868697,16.021759340079207,1000000.0,966001.1563462764,31.292800312615086,0.2011190508114626,16.997908203284,-0.6664536144851071,0.0055451526280941976,21.579335342868163,1000000.0,966001.1563467789,0.11973,1.3981859531772576,False
hq208,ok,,0.2,1.83990840939758,0.8567571578077188,3.6477760787598017,1.7678399999879042,0.48463501098152595,0.48463501098152595,5.7405420041904325,0.8046455351851352,0.10623802142490468,3.0000000150742805,13.644400174283064,22.38494219354778,8.740542019264712,0.05787220981820963,28.163520283063047,31.292800127271946,0.4758999960748964,21.55455439780911,1.8645984132692142,0.004633214756178535,17.896273298634977,1000000.0,1003612.3706785213,31.292800157275682,0.18582240993502105,16.193159482231707,-0.8458186762979256,0.004717434975195823,23.039570183585777,1000000.0,1003612.3716407913,0.07976,1.0712,False
hq2090sm,ok,,0.21,1.9495123795305858,0.8567571815753174,3.6477759776154928,1.7678399999999994,0.4846350244226388,0.4846350244226388,5.872149272477489,0.8748029358617427,0.10623806195131888,3.00000002997,15.816413250757456,24.688562553204946,8.87214930244749,0.06542425148812549,28.163520562707127,31.292800312598427,0.5248745453750776,24.549577470127378,2.2509219486027887,0.00527304144535639,16.41050298906371,1000000.0,1003612.404456945,31.292800312615068,0.18862035088440038,16.80982445029889,-0.8185705552311098,0.004926327964503737,22.519597940746557,1000000.0,1003612.4044574788,0.0897,1.2843458193979933,False
hq209,ok,,0.2,1.9153662272761958,0.856757181573261,3.6477759776242493,1.7678399999999996,0.48463502442147544,0.48463502442147544,5.8739241991816495,0.876184772108168,0.10623806193864986,3.00000002997,15.139741596341468,24.01366582549312,8.87392422915165,0.06307147915934125,28.163520562707127,31.292800312586134,0.5105263583419397,23.694579534526035,2.1416430395539514,0.0052052808493684806,16.751808507649926,1000000.0,1003612.4044541417,31.292800312615068,0.18865808551784025,16.651586811102966,-0.8120273360298328,0.004918667730335424,22.54100358617145,1000000.0,1003612.4044550697,0.08972999999999999,1.2219,False
hq2195,ok,,0.21,1.9706256119371361,0.7959682657299173,3.9263603841468084,1.7678399999999963,0.4502490416157112,0.4502490416157112,5.712768027264829,0.818826954753727,0.08004584568075915,3.00000002997,16.234812542020926,24.947580599255755,8.712768057234829,0.06687901654063398,28.16352056270715,31.292800312605497,0.570886984042641,24.897593121403705,2.405641399041637,0.005799178922863142,16.238406450651567,1000000.0,932403.768792433,31.29280031261509,0.19937828676673464,16.67777296283131,-0.9976706727474431,0.005116844680445121,22.923400031000444,1000000.0,932403.7687927188,0.09492,1.4846,False
hq2510,ok,,0.31,1.6592087328247629,0.8567571552558708,3.647776089674406,1.7678399999999515,0.48463500953473976,0.48463500953473976,6.006490799199771,0.947197018106848,0.1062384289439593,3.0000000089482093,15.166047590688777,24.172538398836757,9.00649080814798,0.06316294402681226,20.911838206543766,31.29280010543791,0.5139039842046195,27.361201982819924,1.5123865430824623,0.005402712864481904,16.572837154115224,1000000.0,1003612.3669821724,23.23537571574363,0.3473000045799817,14.32995756053684,4.14110522821255e-08,0.005180000004561797,20.58110892430572,1000000.0,745197.3086852409,0.09965,1.2366,False
hq2511,ok,,0.21,1.9524347388574381,0.8490539527659089,3.6808712278166116,1.7678399999999996,0.48027760021603144,0.48027760021603144,6.073255150094,1.0059339669523222,0.07900759174008386,3.00000002997,15.874325419184721,24.94758059924872,9.073255180063999,0.0656256108128236,28.163520562707127,31.29280031259944,0.535193224336296,24.881488185640862,1.6674958308246988,0.00568330407965039,16.117757726733004,1000000.0,994588.7789143496,31.292800312615068,0.19464591669405545,17.0274581117793,-1.3867855038475607,0.005640431246002268,20.972925620301346,1000000.0,994588.7789148464,0.10999057170233152,1.3292545150501671,False
hq2512,ok,,0.21,1.9477907774084235,0.8401549921030201,3.7198591866685833,1.767839999999969,0.475243795876909,0.475243795876909,6.165284174433525,1.0560331902443882,0.07917248448216123,3.0000000299700007,15.782296394851002,24.94758059925453,9.165284204403527,0.06530562793710121,28.163520562707507,31.29280031259608,0.5408620158036487,24.982777443500034,1.7359338098695092,0.005889842039852088,16.047774105867255,1000000.0,984164.4632503664,31.292800312615483,0.19870279887369832,17.068688137789998,-1.3252716308426251,0.005618145173642297,21.201522681106123,1000000.0,984164.4632509765,0.11961,1.3539260869565217,False
hq258,ok,,0.2,1.7758678879802643,0.856757181561857,3.647775977672785,1.7678399999999952,0.4846350244150259,0.4846350244150259,5.7397223541304,0.804026979219148,0.10623806186136325,3.00000002997,12.375313811435722,21.11503619553612,8.7397223841004,0.053459625086833634,28.163520562707152,31.292800312524463,0.44890199662507874,20.149284124232963,0.9418349468585409,0.0046993551131744695,18.52099668779302,1000000.0,1003612.4044388076,31.2928003126151,0.18580497763855255,16.304704255491746,-1.4966605187613529,0.005639680004414291,20.674915890151027,1000000.0,1003612.4044417145,0.07969,0.9537,False
hq2590sm,ok,,0.2,1.9754545585091494,0.7827058032384864,3.9928901161446344,1.7678399999999999,0.44274696988329626,0.44274696988329626,5.617073167076962,0.7695995997456848,0.08032722216015836,3.00000002997,16.33050740220972,24.947580599256682,8.617073197046961,0.06721174544628546,28.163520562707127,31.292800312607195,0.5805603085297782,24.606676406091523,1.8837659765479835,0.005225964747898809,16.54922380433161,1000000.0,916868.0112216201,31.292800312615068,0.2005296928090818,17.04354670396267,-1.575036854927127,0.006037779475655481,20.889280042154812,1000000.0,916868.0112218508,0.09032008398320336,1.5267,False
hq259,ok,,0.2,1.8500250584196718,0.8567571815685145,3.647775977644452,1.767839999999998,0.48463502441879097,0.48463502441879097,5.872939844119298,0.8754743849526704,0.1062380619071583,3.00000002997,13.84488071414844,22.71782058823774,8.872939874089298,0.05856927660162016,28.163520562707138,31.292800312559763,0.4829769140099287,21.989783335588132,1.2380768611447708,0.005056918038429641,17.45251443392607,1000000.0,1003612.4044477368,31.292800312615082,0.18863715830148453,16.531668269429886,-1.462741658979419,0.005606956053739682,20.827604704184978,1000000.0,1003612.404449511,0.08967,1.102,False
hq259b,ok,,0.2,1.9754545634219802,0.7827058032384864,3.9928901161446335,1.7678399999999996,0.4427469698832963,0.4427469698832963,5.617073069719764,0.7695995348408873,0.08032722216015839,3.00000002997,16.33050749956691,24.947580599256675,8.617073099689764,0.06721174578479425,28.163520562707127,31.292800312607195,0.5805603085297781,24.60667658143461,1.8837659765479824,0.005225964747898809,16.549223804331614,1000000.0,916868.0112216203,31.292800312615068,0.2005296905434623,17.04354694425891,-1.5750368757909285,0.006037779506240285,20.88927991472963,1000000.0,916868.0112218509,0.09032,1.5267,False
hq300gd2,ok,,0.23,1.9396988666953987,0.7501383553510407,4.166242458216229,1.7678399999999996,0.42432480051986654,0.42432480051986654,6.325640942261685,1.152939819702139,0.08106034136622653,3.00000002997,15.621939627013663,24.94758059924535,9.325640972231685,0.06474807101324259,28.163520562707127,31.292800312594984,0.60576548229383,24.878595718889503,0.04239099162331132,0.007321476225664852,15.745421008537498,1000000.0,878718.2350837061,31.292800312615068,0.2264408517997354,17.578283608661394,-2.884232271277921,0.008757252477750353,17.27225522821603,1000000.0,878718.2350842701,0.1657503780551411,1.6363973244147159,False
hq3010,ok,,0.22,1.9621428722080727,0.8322155142215414,3.7553472774698045,1.7678399999999996,0.4707527345356715,0.4707527345356715,5.880869823436737,0.9048298683938734,0.07932257545792214,3.00000002997,16.066710745845366,24.947580599252102,8.880869853406736,0.06629453032508237,28.163520562707127,31.292800312602754,0.5460219316402494,24.5925338581663,1.1821356645100272,0.005389884415870937,16.314439734294066,1000000.0,974864.0936031012,31.292800312615068,0.19437354627263367,17.223059537565018,-2.0315040432751617,0.006597228564705705,19.139843665212513,1000000.0,974864.0936034848,0.09985,1.3763829431438128,False
hq3011,ok,,0.22,1.9577195417419655,0.8205622120824594,3.8086792440361776,1.7678399999996819,0.4641609037484201,0.4641609037484201,5.968526395195833,0.9533106962614429,0.07954805386838168,3.0000000217060476,15.979054120654308,24.94758053755619,8.96852641690188,0.06598974996556446,28.16352040755362,31.29280022256252,0.5537763223929146,24.752843775795142,1.277921899130187,0.005602174054764963,16.249456774445097,1000000.0,961213.3169296129,31.29280022642302,0.1990797290997676,17.002789181340827,-1.9217063487558395,0.005857641491270831,20.87232425998679,1000000.0,961213.3170481949,0.10985,1.4101314381270904,False
hq3012,ok,,0.23,1.9547377633112621,0.804693979760672,3.883784822808659,1.767839999999999,0.455184846909603,0.455184846909603,6.027616292875709,0.9856416818386226,0.07986578003987262,3.00000002997,15.919964276404123,24.947580599249832,9.02761632284571,0.06578429610676542,28.16352056270713,31.292800312600203,0.5646965604880101,24.815900595640148,1.3329989767847585,0.005903256108916681,16.16081644328946,1000000.0,942625.1419273178,31.29280031261507,0.20434301701643984,16.908056557898686,-1.8926597101187863,0.005804981123554096,21.269101235805863,1000000.0,942625.1419277657,0.11979999999999999,1.4576581939799331,False
hq3013,ok,,0.23,1.9491597115148167,0.8027206118298308,3.8933325238472936,1.7678399999999093,0.45406858755875645,0.45406858755875645,6.138155965475647,1.0442040217507675,0.07990602959858996,3.0000000245751113,15.809424568316192,24.94758055836695,9.138155990050759,0.0653999518516422,28.163520461418006,31.292800253295937,0.5660847832921617,24.87892415607905,1.327809952462287,0.006088955473302175,16.08222070685378,1000000.0,940313.520731413,31.292800256345323,0.20735361652291118,16.99093929393995,-1.8715103652252074,0.00595715462232384,21.023491210995097,1000000.0,940313.5208230437,0.12986999999999999,1.4637,False
hq3014,ok,,0.21,1.9434484369468679,0.8007380164349931,3.9029722599085774,1.7678399999999992,0.45294710858165527,0.45294710858165527,6.251335999013993,1.1046952650320017,0.0799469299872832,3.00000002997,15.696244570261983,24.947580599245978,9.251336028983992,0.06500642765227954,28.163520562707138,31.292800312596274,0.5674863854215338,24.926603694263022,1.3663467580935909,0.006259466617525534,16.01169023291341,1000000.0,937991.0939721792,31.29280031261508,0.2104415385097686,17.032604307355037,-1.8125292590092756,0.006043369420731405,20.926080085475594,1000000.0,937991.0939727429,0.13986,1.4698,False
hq3015,ok,,0.22,1.938637664631321,0.7955200132700451,3.9285727743709904,1.7678399999999852,0.4499954822099578,0.4499954822099578,6.3466707013755475,1.15549183307116,0.08005519642877461,3.0000000299700007,15.600909867906266,24.947580599251815,9.346670731345547,0.06467495100742084,28.16352056270738,31.292800312593588,0.5712086623044088,24.72263277666225,1.4039936086944762,0.006454374190609019,15.942934505237439,1000000.0,931878.6821762603,31.292800312615338,0.21400469132474986,16.86078770380214,-1.7845736034964879,0.006519993058495641,20.107457720424094,1000000.0,931878.682176908,0.14983,1.486,False
hq308,ok,,0.22,1.9434739642809815,0.8567571815752301,3.6477759776158654,1.7678399999999996,0.48463502442258927,0.48463502442258927,5.739981435861343,0.8041635999566666,0.10623806195078717,3.00000002997,15.696750443464868,24.43673190929621,8.739981465831342,0.065008186562182,28.163520562707127,31.29280031259632,0.519520669690934,23.74684922468602,0.9666817282641673,0.004779260762618764,16.78681405840383,1000000.0,1003612.4044567749,31.292800312615068,0.1858104856681868,17.39696609124288,-2.122343171306446,0.007068794252915133,17.83845348501348,1000000.0,1003612.4044573762,0.07979,1.2610448160535117,False
hq309,ok,,0.22,1.9666370401819826,0.8442215886413179,3.7019407080408584,1.7678399999994963,0.47754411521492807,0.47754411521492807,5.791809172820517,0.8557070440295418,0.07909669591319865,3.000000027323382,16.155771379587144,24.947580579731042,8.791809200143899,0.06660419210255203,28.16352051301913,31.29280028402921,0.5382566961125387,24.458018829913588,1.1128217454087121,0.005114389123398858,16.413361290336315,1000000.0,988928.1069574599,31.292800285012877,0.18968773975813868,17.294161581900934,-2.095078355604098,0.00683082831855646,18.472889682200638,1000000.0,988928.1069885463,0.08979000000000001,1.3425872909698997,False
hq3510,ok,,0.21,1.9252771494150849,0.8567571815735987,3.6477759776228105,1.7678399999999994,0.48463502442166656,0.48463502442166656,6.007155583391785,0.9476955911836088,0.10623806194076406,3.00000002997,15.336145572711837,24.343301186073624,9.007155613361785,0.06375437142747713,28.163520562707127,31.29280031258979,0.5175343487684341,23.768210266755375,0.29711749003741306,0.005355864307758497,16.521437540124637,1000000.0,1003612.4044546548,31.292800312615068,0.19149056157085106,17.39821324631739,-2.6769882704241343,0.0073645318015838354,17.53606274441314,1000000.0,1003612.4044554655,0.09963999999999999,1.2524,False
hq3512,ok,,0.2,1.956338375373753,0.7963631802604945,3.924413311747673,1.767839999999999,0.450472429778993,0.450472429778993,5.995897087610321,0.9694644015789714,0.0800376111984147,3.00000002997,15.951683481670205,24.947580599250525,8.99589711758032,0.0658945830797072,28.163520562707138,31.292800312600736,0.5706038825999162,24.642695015763696,0.7793086211024047,0.005876848629341064,16.201270114300232,1000000.0,932866.3749193358,31.292800312615082,0.20575517543012453,17.265593267525215,-2.5296657641854523,0.007093145686311526,18.861919776526314,1000000.0,932866.3749197635,0.11957000000000001,1.4833678929765888,False
hq3513,ok,,0.2,1.9507443325609186,0.7932544835747167,3.9397927529086907,1.7678399999999985,0.4487139580362009,0.4487139580362009,6.106753800740753,1.0283886839547522,0.08010265581241907,3.00000002997,15.840826768537974,24.94758059924873,9.106753830710753,0.06550913674777446,28.16352056270714,31.292800312598796,0.5728400305643864,24.74723051301613,0.8014951334339916,0.0060963674762530215,16.11173487589881,1000000.0,929224.822070192,31.292800312615086,0.20910697620426832,17.19709690693778,-2.475700505711511,0.0068324074514372465,19.437900955504144,1000000.0,929224.8220706757,0.13,1.4931,False
hq3514,ok,,0.2,1.948146619926605,0.7793744839401595,4.009957125873708,1.7678399999999963,0.4408625689769216,0.4408625689769216,6.1582324708083,1.0559669229318134,0.08039939956461581,3.00000002997,15.789348098471118,24.94758059924942,9.1582325007783,0.06533014655413227,28.16352056270718,31.292800312597763,0.5830418264644985,24.76250858771303,0.8614192531179564,0.00630052483890045,16.069289093188743,1000000.0,912965.6764141133,31.292800312615125,0.21403408571789725,17.305050495754454,-2.422223430665668,0.007239749266739763,18.97425464459846,1000000.0,912965.6764146198,0.14,1.5375,False
hq3518,ok,,0.21,1.9232740089361615,0.7866911076468321,3.972662504024166,1.7678399999993804,0.4450013053483957,0.4450013053483957,6.651130833228249,1.3162564081205315,0.0802413315276717,3.000000021187625,15.296449675858243,24.947580530274116,9.651130854415875,0.06361634944241572,28.163520397838006,31.29280021326676,0.5776192457496847,24.912850561806426,0.8658240282099463,0.006962468535684523,15.753504175814466,1000000.0,921536.4266369045,31.292800221035524,0.22345569403405835,17.22174234849522,-2.256939300121661,0.007135877168133482,19.294598955335708,1000000.0,921536.4268656855,0.18,1.5139,False
hq358,ok,,0.44,1.552526111996948,0.8567571479167699,3.6477761209219492,1.7678399999999965,0.48463500538327653,0.48463500538327653,5.740319888718802,0.8044424223869742,0.10623832204933792,2.999999996545971,15.501387651098039,24.24170753636281,8.740319885264773,0.06432891379504034,17.4306997046788,31.292800041897863,0.5153745146097385,28.100494949546004,0.28480266170487684,0.00492151937691482,16.801469892195954,1000000.0,1003612.3563472283,19.36744413860835,0.48510001161278676,12.555755831110265,1.0924593846439273e-07,0.00494999998907283,17.47092536805245,1000000.0,621146.2771738975,0.07969,1.243,False
hq359,ok,,0.2,1.967833852073001,0.8368225587222389,3.7346725814513935,1.7678399999999843,0.4733587647763634,0.4733587647763634,5.768092116255426,0.8441754937621602,0.07923513525957866,3.00000002997,16.179488453030846,24.94758059925627,8.768092146225426,0.06668665591071517,28.16352056270727,31.29280031260415,0.5430158614629976,24.347710051133785,0.5310294439190353,0.005137081797899514,16.424545304857155,1000000.0,980260.8233980344,31.29280031261523,0.19084869136799767,17.601515028094347,-2.691224218349929,0.007847487654570186,16.894037777762048,1000000.0,980260.8233983816,0.08969999999999999,1.3633,False
hs1404,failed,too few converged polar points,0.01,,,,,,,,,,,,,,,,,,,,,,,,,,,,,,,,,,
hs1430,ok,,0.2,1.8072721121313577,0.8313349669687766,3.75932492890964,1.7678399999999983,0.47025464237079,0.47025464237079,8.94993168021188,2.6025161832215584,0.07933939755834289,3.0000000299700016,12.997648889006683,24.947580599188562,11.94993171018188,0.05562347034351535,28.163520562707582,31.292800312538706,0.5466002762685838,28.251099607140386,3.717768013072124,0.017119667151137375,12.085399107405433,1000000.0,973832.6133117222,31.29280031261555,0.26182242194481786,18.74678780996551,-0.3836924218800705,0.013105259766947638,13.389340111518289,1000000.0,973832.6133141137,0.29996,1.3789,False
hs1606,ok,,0.2,1.992364212327994,0.760251766592985,4.110820129502127,1.7678399999999985,0.4300455734642194,0.4300455734642194,5.2819758671011545,0.6039967655968445,0.0808259798782388,3.00000002997,16.665604702191096,24.947580599262253,8.281975897071154,0.0683768713233653,28.16352056270713,31.292800312612652,0.597707157791317,25.115225373783,0.2904108003796687,0.006400167820029067,16.09474731321797,1000000.0,890565.1681383636,31.29280031261507,0.19842390145359878,17.32846508911788,-3.2034166594329734,0.006944838590406745,19.204338483669904,1000000.0,890565.1681384324,0.06014,1.6013260869565216,False
hs1620,ok,,0.2,1.9143895911888118,0.7256412831018022,4.306891488092951,1.7678399999999999,0.41046773639119055,0.41046773639119055,6.8271928946214455,1.4388358101803944,0.08165522833795363,3.00000002997,15.12038767464367,24.947580599235117,9.827192924591445,0.06300418600301223,28.163520562707127,31.292800312585772,0.6262156429055631,25.663661845474824,0.5175399254602294,0.009910437572669933,14.869860863677378,1000000.0,850022.1633014772,31.292800312615068,0.2466748994252047,17.638251985569035,-3.1547302751348174,0.009420653439170838,17.10944151718864,1000000.0,850022.1633022729,0.20016,1.7254,False
hs1708,ok,,0.2,1.987779771486116,0.708357302581498,4.411980019420257,1.7678399999999996,0.40069084452297615,0.40069084452297615,5.372825376172584,0.6581978640070624,0.08119416880432015,3.00000002997,16.574755193118023,24.947580599260608,8.372825406142585,0.06806098959603739,28.163520562707127,31.292800312611195,0.6414953597007046,25.03989590936626,-0.1580741618256442,0.006943904544823001,16.064575506800733,1000000.0,829775.5664581452,31.292800312615068,0.21529657452163906,17.38481173660142,-3.849281742028539,0.007896701460419799,18.540123440540455,1000000.0,829775.566458248,0.07916000000000001,1.7919,False
hs1712,ok,,0.21,1.9669529266842933,0.6948432130648778,4.497789151332176,1.7678399999999999,0.3930464369314406,0.3930464369314406,5.785549346448754,0.8822396726309993,0.07952820430577814,3.00000002997,16.162031222835175,24.94758059925393,8.785549376418754,0.0666259575086574,28.163520562707127,31.292800312604374,0.6539718803784114,25.322556568147903,-0.8121872668637223,0.008495368210544023,15.524424815908908,1000000.0,813945.0509215948,31.292800312615068,0.23030298360963497,17.57740951421598,-4.5725907136832316,0.009219731003715793,17.19908776205595,1000000.0,813945.0509218731,0.11976,1.8462,False
hsnlf213,ok,,0.2,1.9401229495553447,0.8261604116364341,3.782871003716698,1.7678399999994676,0.46732759278932645,0.46732759278932645,6.3172365617052355,1.1592668637055927,0.07943887823648642,3.000000016740765,15.630343919628686,24.947580498074686,9.317236578446,0.06477729220218727,28.163520314337024,31.292800165733038,0.5500238435823424,25.294289296219695,3.8263255486197854,0.007427776681600763,15.401516780359374,1000000.0,967771.0921242444,31.292800174641556,0.20541880891691797,17.440332466183538,0.8767691272256363,0.007543940423107571,17.87942452570142,1000000.0,967771.092399752,0.13251878921157953,1.3938,False
ht05,ok,,0.22,1.6915235345122217,0.8567571730687004,3.647776013821578,1.767839999997055,0.48463501961157546,0.48463501961157546,5.30042050412084,0.5658645305581923,0.10623803411263878,3.000000026106423,10.703868372139782,19.004288902367044,8.300420530227264,0.04764804627729336,28.16352049016849,31.292800254161914,0.4040278818413934,19.66256424806317,3.6295088255043706,0.007952801021201966,16.990289301146724,1000000.0,1003612.3926197388,31.2928002723173,0.17646549884351032,15.83164004437323,1.5751681960815336,0.005797158405654462,20.01557678483506,1000000.0,1003612.3932020124,0.04811058297971067,0.7584,False
ht08,ok,,0.2,1.7469670768456536,0.8567571815600806,3.647775977680366,1.7678399999999994,0.4846350244140199,0.4846350244140199,5.341769941733768,0.5881160214084621,0.1062380618495466,3.00000002997,11.802588675709499,20.144358647413267,8.341769971703767,0.05146827249722561,28.163520562707127,31.29280031250906,0.42826556079950534,20.85918187752414,3.8681606592083853,0.008128808689578377,16.52779507633054,1000000.0,1003612.4044362304,31.292800312615068,0.17734457857394864,15.879041187138606,1.6201017585859878,0.005458232534151729,20.84533466775044,1000000.0,1003612.4044396303,0.04998922135991456,0.8638866220735787,False
ht12,ok,,0.2,1.752339900515247,0.8567571815609235,3.647775977676768,1.7678399999999972,0.4846350244144973,0.4846350244144973,5.279305121719172,0.5483963170224722,0.10623806185475626,3.00000002997,11.90906150621483,20.188366657904,8.279305151689172,0.051838476166531554,28.163520562707138,31.292800312511915,0.4292011634469902,20.840563072456533,3.8792223831009642,0.00790265603754124,16.659291942514734,1000000.0,1003612.4044373106,31.292800312615082,0.1760165873658219,15.940572420711117,1.614433379647475,0.0054606889666055135,20.794443554730982,1000000.0,1003612.4044406194,0.05018653189516628,0.8679585284280936,False
ht13,ok,,0.21,1.922552465675175,0.8567571815745452,3.647775977618779,1.767839999999999,0.484635024422202,0.484635024422202,5.47429141106608,0.6512690645598873,0.10623806194665768,3.00000002997,15.282150726079946,23.756442167116024,8.47429144103608,0.0635666325437461,28.163520562707127,31.29280031258878,0.505057828107315,24.75769834189491,4.52883954135598,0.008011528535850104,15.42459570078345,1000000.0,1003612.4044557313,31.292800312615068,0.1801619619572219,16.729786787761913,1.6282326365776956,0.005581136590930218,20.64136206980376,1000000.0,1003612.4044565742,0.06500711897213415,1.1981,False
ht14,ok,,0.21,1.9787710358096808,0.8523027394959963,3.6668405729261178,1.7678399999999996,0.48211531558059356,0.48211531558059356,5.551350793292709,0.7142855220362198,0.07894825148317913,3.00000002997,16.396229775994748,24.947580599257456,8.551350823262709,0.06744026068172397,28.163520562707127,31.292800312608282,0.5331531878976213,26.152115234712284,4.754601518046984,0.008030701277807046,15.040566074401308,1000000.0,998394.4343930673,31.292800312615068,0.18275038471615096,17.078955916751124,1.6467861566845878,0.0058370999522753915,20.17467030610921,1000000.0,998394.4343932838,0.07489598956598957,1.3203759197324416,False
ht21,ok,,0.21,1.8049831600271973,0.8567571666180035,3.6477760412753053,1.7678399999943626,0.48463501596339914,0.48463501596339914,5.393561893814093,0.6210119168729018,0.10623803194770814,3.000000021095432,12.95228908724705,21.34585100215658,8.393561914909526,0.05546575508431065,28.163520396092974,31.292800197417193,0.453809090517698,22.44375469604704,4.035251344461968,0.009053081694655924,15.637438153588272,1000000.0,1003612.38324497,31.292800220058254,0.17844567044440843,16.457187700067205,1.6222303064618648,0.006474162145300807,18.662835198832518,1000000.0,1003612.3839711067,0.051035691326688545,0.9750565217391304,False
ht22,ok,,0.22,1.9626227990022573,0.8567571816016551,3.6477759775033576,1.7678399999999999,0.48463502443753687,0.48463502443753687,5.306689548718645,0.5640388288008729,0.10623806207814383,3.00000002997,16.076221417952734,24.382910996641378,8.306689578688644,0.06632759872098208,28.163520562707127,31.292800312602907,0.5183764464336812,25.38910126097847,3.9591846395539068,0.007429078178106251,15.481866921045597,1000000.0,1003612.4044879406,31.292800312615068,0.1765987755120008,16.723348720610176,0.8913109144527068,0.00489970148440289,22.28793682363186,1000000.0,1003612.4044883306,0.05078891332390381,1.3882829431438126,False
ht23,ok,,0.21,1.9884200952584519,0.8223916058184614,3.8002069129507543,1.7678399999954715,0.4651957223620735,0.4651957223620735,5.3601356815977255,0.6183164745417122,0.0795121256820886,3.000000013319082,16.58744478638994,24.947580481306748,8.360135694916806,0.06810511058973319,28.163520250097267,31.292800136784777,0.5525444597569451,25.887584724594195,4.274817966939304,0.007331242335947145,15.457776764866404,1000000.0,963356.2811437752,31.292800138955393,0.18516211074648523,16.907565371105235,1.0039150906829182,0.0051809238683241275,22.11746292861684,1000000.0,963356.2812105982,0.06507682131415135,1.4047702341137125,False
ht33,ok,,0.21,1.799113400472565,0.8567571815296212,3.6477759778059298,1.7678399999990007,0.48463502439706396,0.48463502439706396,5.4401028119309345,0.6362440320410823,0.10623806171791773,3.000000029960691,12.835968332208877,21.2760711741005,8.440102841891626,0.05506131063451142,28.16352056253516,31.29280031238399,0.4523255722789998,21.98233969801905,4.091707207796478,0.00799170605987762,16.25376701776567,1000000.0,1003612.4043971058,31.2928003125211,0.17943511829682818,15.992911139708125,1.5894345780376138,0.0051094649310649875,21.799419729933863,1000000.0,1003612.4044015032,0.05946530695473251,0.9686,False
ht34,ok,,0.22,1.8268205473327068,0.8567571815674166,3.6477759776491325,1.7678399999999996,0.4846350244181695,0.4846350244181695,5.592250827520196,0.7186452707771906,0.10623806190073672,3.00000002997,13.385038715256357,21.977289572746553,8.592250857490196,0.056970416174195036,28.163520562707127,31.29280031254952,0.46723335343461536,22.702745833388594,4.183993576791243,0.00790175725507191,16.073714066253803,1000000.0,1003612.4044461214,31.292800312615068,0.18266975863384707,16.14471516135518,1.5866621548669593,0.004990927124723781,22.205812191148894,1000000.0,1003612.4044482236,0.0697351646424462,1.0334812709030101,False
ht35,ok,,0.2,1.8430008847052117,0.8567571815686716,3.647775977643777,1.7678399999999965,0.4846350244188803,0.4846350244188803,5.6672735917899555,0.7592752994615657,0.1062380619094542,3.00000002997,13.705683207710273,22.372956829470226,8.667273621759955,0.05808528996017272,28.163520562707138,31.292800312556697,0.4756451704865429,23.046493596653566,4.074654246108777,0.0077711593261428,16.011450460000173,1000000.0,1003612.4044478234,31.292800312615082,0.1842647295519659,16.221985163314947,1.6250164906417779,0.005012173789072934,22.189329277303486,1000000.0,1003612.404449696,0.07499279342554431,1.0700909698996655,False
isa571,ok,,0.23,1.977880627981731,0.8150491350789036,3.8344415460242907,1.767839999999353,0.461042365304101,0.461042365304101,5.568995936364313,0.7447421076554981,0.07965707473777221,3.0000000299700043,16.37858463304182,24.94758059937614,8.568995966334317,0.06737890891114233,28.1635205627122,31.292800312591687,0.5575221211327406,25.933468687943797,0.6357791471890729,0.008437838417055078,15.024322362874505,1000000.0,954755.2559794972,31.292800312620656,0.19149772011186594,17.41994310646294,-2.83989663566423,0.007561135365452146,17.49861064206729,1000000.0,954755.255980381,0.07400766928804754,1.426433779264214,False
isa960,ok,,0.21,1.9681379422162324,0.7924355110903858,3.943864480908567,1.7678399999999996,0.44825069638111253,0.44825069638111253,5.76206598543855,0.8510661770385639,0.0801198766633364,3.00000002997,16.185514583845574,24.947580599254124,8.76206601540855,0.0667076086338546,28.163520562707127,31.29280031260477,0.5734320537843457,26.885751755859452,0.0420682717320869,0.011761189058114668,13.901559215902838,1000000.0,928265.4709708281,31.292800312615068,0.2014002716863316,18.286984783132997,-3.32259442449833,0.011024287087946439,13.736385313298113,1000000.0,928265.4709711337,0.09444794868529474,1.4956765886287626,False
isa961,ok,,0.21,1.9685374923430574,0.7875706056553246,3.9682261414511784,1.767839999999999,0.44549880399545494,0.44549880399545494,5.754148131522911,0.8481512416366729,0.08022291001962147,3.00000002997,16.193432437761494,24.947580599254405,8.75414816149291,0.06673513883624319,28.163520562707138,31.292800312604875,0.5769742031422079,26.448645718711244,0.09190530828676803,0.009927521319024264,14.57080553123225,1000000.0,922566.6807579955,31.29280031261508,0.20246122222424312,17.47108107556885,-3.4646513816188067,0.007889721098047585,17.539585836645553,1000000.0,922566.6807582963,0.09439890821865389,1.5110926421404682,False
isa962,ok,,0.21,1.9765769638900317,0.7328748390014952,4.264381991689065,1.7678399999999996,0.4145594844564527,0.4145594844564527,5.594830546581118,0.766554873557527,0.08147531264984055,3.00000002997,16.352750022706125,24.947580599257243,8.594830576551118,0.06728908254424439,28.163520562707127,31.29280031260756,0.6200348250941289,25.135637907725442,0.18200825385144404,0.008179839680966458,15.475862159528345,1000000.0,858495.6101378673,31.292800312615068,0.2136116667522291,18.024446617269962,-3.466685522449592,0.010805478623084088,14.64104728070407,1000000.0,858495.6101380732,0.09731371231766613,1.6985,False
ist-mt1-12,ok,,0.21,1.9683430733566718,0.7408919016330966,4.218237854552343,1.7678399999999996,0.41909443254655215,0.41909443254655215,5.75800091751751,0.8380489212075451,0.08128028908555089,3.00000002997,16.189579651767115,24.947580599254625,8.75800094748751,0.06672174278482429,28.163520562707127,31.292800312604836,0.6133255359042183,24.797970776085496,-2.5574661666923943,0.0068028422364630374,15.995920850695406,1000000.0,867886.8631992387,31.292800312615068,0.21531168536336553,17.712685100657147,-5.766216612055805,0.009064219968226664,16.624850827093475,1000000.0,867886.8631995223,0.1199763000854029,1.6693,False
ist-mt1-15,failed,Maximum_Iterations_Exceeded,1.35,,,,,,,,,,,,,,,,,,,,,,,,,,,,,,,,,,
ist-mt1-18,failed,Maximum_Iterations_Exceeded,1.19,,,,,,,,,,,,,,,,,,,,,,,,,,,,,,,,,,
ist-mt1-21,ok,,0.2,1.9560937573570785,0.653901859788216,4.779399567103539,1.7678399999999996,0.369887467071803,0.369887467071803,6.0007446639000905,0.9238913762192515,0.0745117773204864,3.00000002997,15.946835905380773,24.947580599250863,9.00074469387009,0.06587772816450431,28.163520562707127,31.292800312600697,0.6949176177040368,25.565698683299605,-1.3566806999501,0.00979977706141775,15.261053240098738,1000000.0,765986.0131832173,31.292800312615068,0.25071673925801574,17.517125657058937,-4.967773220800988,0.009618606592045834,17.569262593342348,1000000.0,765986.013183569,0.2099818753956264,2.0244030100334447,False
ist-mt1-24,ok,,0.2,1.9468254530962783,0.6442897715619017,4.850702903483439,1.7678399999999996,0.3644502735326171,0.3644502735326171,6.184413931551774,1.0111886085653576,0.07334091020210555,3.00000002997,15.76316663772617,24.947580599247942,9.184413961521773,0.0652391141960224,28.163520562707127,31.292800312597493,0.7052850171976467,25.635840276615156,-0.39235229072933847,0.010136719638058496,15.198325571144613,1000000.0,754726.334030026,31.292800312615068,0.25964960942906506,17.6776947970574,-3.9323233829133715,0.01000128950471959,17.406394530020055,1000000.0,754726.3340304499,0.23998690377767173,2.069523745819398,False
j5012,ok,,0.2,1.8794549292629021,0.8567571815694697,3.6477759776403857,1.7678399999999983,0.4846350244193312,0.4846350244193312,6.360775102083586,1.1457171019773569,0.1062380619139317,3.00000002997,14.428090185141658,23.788865317195246,9.360775132053586,0.060597082992331255,28.163520562707138,31.292800312572126,0.505747138641619,24.771336143897535,4.9324064145301225,0.008411031910929656,15.228427565054554,1000000.0,1003612.4044492521,31.29280031261508,0.19900845102808348,16.652588073081628,2.044348780654253,0.005392908819382651,21.554432958634955,1000000.0,1003612.4044506296,0.11994381907490789,1.2011,False
jn153,ok,,0.2,1.9132136118983436,0.6137362852265293,5.092184283102098,1.7678399999999996,0.34716732579109505,0.34716732579109505,5.649375603158129,0.7641428875080721,0.06963471319251024,3.0000000299704475,16.29820496605062,24.947580599179197,8.649375633128576,0.0670994305924706,26.45650413290996,31.29280031260666,0.7403960521041484,23.301375550806867,-1.1906769813507714,0.01451302485963778,14.079368778398086,1000000.0,718935.729008166,29.396115409561713,0.290890399766279,22.678733483105344,-5.510998519360489,0.047869988746748096,5.412208641797417,1000000.0,675360.3848444141,0.17567131914613282,2.222333110367893,False
joukowsk,ok,,0.2,1.9580868947591838,0.8182303487836434,3.8195335460801587,1.7678399999999985,0.4628418571723935,0.4628418571723935,5.961246814382332,0.9286631607611,0.07959404027562,3.00000002997,15.98633375489875,24.94758059925108,8.961246844352331,0.06601506131092154,28.163520562707138,31.292800312601322,0.5553545200220912,25.705840492500265,4.942119566005889,0.007837093447662877,15.258770107608383,1000000.0,958481.7558605818,31.292800312615082,0.19948503303722104,17.126989966563464,1.7356289559606244,0.006466186038392829,19.651722986129062,1000000.0,958481.7558610034,0.118,1.417,False
jx-gs-04,ok,,0.2,1.9824140312690774,0.8467923045395591,3.6907022523065356,1.7678399999999979,0.4789982716419813,0.4789982716419813,5.479157834445508,0.6773784685643407,0.07904917037178417,3.00000002997,16.46842273484339,24.9475805992589,8.479157864415509,0.06769127399786275,28.163520562707138,31.29280031260942,0.5366226407350716,25.567231554241395,3.6465363553177736,0.00640415592718138,15.783227980090357,1000000.0,991939.4655931151,31.29280031261508,0.18238674753678016,16.84996190779161,0.3671496134785689,0.00472766074463598,23.041961982582997,1000000.0,991939.4655932945,0.06898946705198625,1.335475585284281,False
jx-gs-06,ok,,0.2,1.969675759834619,0.8567571815769498,3.647775977608543,1.7678399999999994,0.48463502442356216,0.48463502442356216,5.591786941455764,0.7160645548333873,0.10623806196110094,3.00000002997,16.21598939647663,24.80777636790239,8.591786971425764,0.06681356888121429,28.16352056270713,31.292800312605266,0.5274090103374025,25.38827207820851,3.374840362783546,0.006267659826007479,15.868003859029987,1000000.0,1003612.4044590767,31.29280031261507,0.18265989649477615,16.79530988561469,0.2249059403343903,0.004467146734282023,23.715645617054857,1000000.0,1003612.4044593911,0.07099357922983782,1.2953762541806022,False
jx-gs-10,ok,,0.2,1.9709070262413906,0.8567571815774593,3.6477759776063663,1.7678399999999976,0.4846350244238508,0.4846350244238508,5.647978619903711,0.7480914471603537,0.10623806195619084,3.00000002997,16.240389307491405,24.888367957365116,8.64797864987371,0.06689840683043986,28.163520562707212,31.292800312605237,0.5291223735103747,25.372713894420723,3.2739507366268827,0.006081814600497679,15.924503273255423,1000000.0,1003612.4044596734,31.29280031261516,0.183854521804072,16.725475170979283,0.23095627485272177,0.004315894130146003,24.212781308010552,1000000.0,1003612.4044599917,0.07408397344028882,1.302833110367893,False
jx-gs-15,ok,,0.2,1.8602588801683282,0.8567571815695262,3.6477759776399887,1.7678399999999603,0.4846350244193736,0.4846350244193736,5.702372181147874,0.7813269343963061,0.10623806189319163,3.000000029970001,14.047683567076424,22.7500557781943,8.702372211117876,0.05927441762156694,28.1635205627075,31.29280031256141,0.4836622285405626,22.5553111394564,2.5355992327184214,0.005593889097633574,17.10566547491121,1000000.0,1003612.4044489962,31.292800312615473,0.18501091945621861,16.071264260500378,0.12314471938805151,0.004014061530142451,25.230566399132545,1000000.0,1003612.4044507301,0.07599343407396254,1.1049826086956522,False
k1,ok,,0.2,1.9659503913745309,0.755063665632261,4.139065893182701,1.7678399999999996,0.4271108616346848,0.4271108616346848,5.805416511030156,0.869977050981293,0.08094544727022304,3.00000002997,16.14216405825355,24.947580599253705,8.805416541000156,0.06655687981820885,28.163520562707127,31.292800312604037,0.6018140499923509,26.179587660251826,2.805635323531007,0.008895004389559345,15.104707294097983,1000000.0,884487.7840300738,31.292800312615068,0.21241432087261114,16.74787650118213,-0.7357355802495686,0.005267017985916578,23.284792915720537,1000000.0,884487.7840303855,0.11591770650530944,1.6192,False
k2,ok,,0.2,1.8923062369690256,0.8567571815709916,3.6477759776338994,1.7678399999999965,0.4846350244201926,0.4846350244201926,6.150073596980375,1.0389483472714054,0.10623806192241073,3.00000002997,14.68276355454878,23.83283718149916,9.150073626950375,0.06148257664720622,28.16352056270716,31.292800312577086,0.5066819728268849,25.517187353709073,3.2981114019925237,0.009606145223815839,14.687453656720335,1000000.0,1003612.4044511949,31.292800312615103,0.19452897368015043,16.582478062286174,0.25707871806077953,0.005108492769516639,22.16224102716265,1000000.0,1003612.4044524141,0.10278912973993796,1.2051685618729095,False
k3311,ok,,0.2,1.9541025670484835,0.8422802498313452,3.7104731664141344,1.7678399999999432,0.47644597352213564,0.47644597352213564,6.040203885211369,0.9846875381010095,0.07913278409398182,3.0000000284051875,15.907376673840053,24.94758058745661,9.040203913616557,0.06574052925054873,28.16352053332779,31.29280029548883,0.5394973026959761,24.626522786890142,1.3989849736191478,0.005880855149122138,16.044970388154233,1000000.0,986654.0070821223,31.292800296293812,0.19549653762475558,17.7148031161715,-1.7249410159585015,0.008123820373728885,16.614251671383293,1000000.0,986654.0071075031,0.11,1.3479866220735788,False
k3311sm,ok,,0.21,1.9587513413099495,0.8159684587885437,3.8301214120925455,1.7678399999994783,0.4615623918390717,0.4615623918390717,5.948079525082337,0.9387547674215273,0.07963880917739846,3.000000029838394,15.99950104347907,24.947580598399803,8.948079554920731,0.06606084367764037,28.163520560241853,31.292800311147886,0.5568939800873528,24.576690832408207,1.51929017249742,0.005498928692517464,16.313615686832105,1000000.0,955832.1592850152,31.292800311248644,0.19974408411088992,17.306526125465698,-1.6028532455603084,0.0069019672398750245,18.868408447653014,1000000.0,955832.1592880929,0.11025280945757998,1.4237,False
k3,ok,,0.2,1.9360573212007997,0.7380991091229686,4.234198669218722,1.7678399999999994,0.41751465580763464,0.41751465580763464,6.397805167268301,1.1880994679109353,0.08134778800910474,3.00000002997,15.549775402005128,24.94758059924343,9.397805197238302,0.06449715760402823,28.163520562707127,31.29280031259369,0.615646214715359,24.9350812049172,0.13332189849164278,0.006921440976555841,15.957420747346516,1000000.0,864615.3630977167,31.292800312615068,0.23191520208896077,17.082917262279203,-3.0743804181122454,0.006701011036813418,20.718589335555375,1000000.0,864615.3630983073,0.1731130003945731,1.6794,False
kc135a,ok,,0.2,1.9197616399314454,0.8567571815762568,3.64777597761149,1.7678399999999985,0.48463502442317036,0.48463502442317036,6.708718885062893,1.324991205993157,0.10623806195953175,3.00000002997,15.226845148481539,24.935564063514434,9.708718915032893,0.0633743362775258,28.163520562707173,31.292800312587495,0.5301257545188256,25.17237389838592,3.5099913257146174,0.0069764087755759974,15.489623115426285,1000000.0,1003612.4044576953,31.29280031261512,0.2064056753287837,17.308366954963255,0.5464689526092941,0.006731716238901815,19.001835161844014,1000000.0,1003612.4044585812,0.15493,1.3072,False
kc135b,ok,,0.2,1.92087321583699,0.8567571815723334,3.647775977628169,1.7678399999999923,0.48463502442095274,0.48463502442095274,6.400286377706555,1.168393769833346,0.10623806192987117,3.00000002997,15.248873162104022,24.64915956978058,9.400286407676555,0.06345092719214548,28.163520562707195,31.292800312587815,0.5240368448036954,24.594020710014757,3.4777647895307293,0.006090949630424017,16.017373944150968,1000000.0,1003612.4044531131,31.292800312615142,0.1998484538742869,17.05279347951779,0.4558064591947805,0.005956272559020107,20.333193692234335,1000000.0,1003612.4044539896,0.1298,1.2807,False
kc135c,ok,,0.2,1.8748818802385503,0.8567571815698767,3.6477759776386582,1.7678399999999996,0.4846350244195611,0.4846350244195611,6.101695124133688,1.0119493626043456,0.10623806191702462,3.00000002997,14.337466426834114,23.439161580937803,9.101695154103687,0.06028198619540636,28.163520562707127,31.292800312570318,0.49831249803852545,22.926036790242566,3.1330587152827327,0.005353330164655223,16.932554388690942,1000000.0,1003612.4044496701,31.292800312615068,0.1935004557629792,16.580647188283834,0.28797271042046985,0.005340206741608822,21.57071992094191,1000000.0,1003612.4044511053,0.10592,1.168743143812709,False
kc135d,ok,,0.2,1.8541462228961545,0.8567571807006464,3.647775981292506,1.7678399999886023,0.484635023930995,0.484635023930995,5.8917827799859035,0.8978375803566716,0.10623805871819997,3.000000029615353,13.926549518906501,22.818332328507758,8.891782809601256,0.05885323721363751,28.163520556128745,31.292800307844956,0.4851137767630377,21.7832299092986,2.214901055447275,0.004913755224178954,17.4934399798671,1000000.0,1003612.4032863668,31.29280030900506,0.1890377560663481,17.202188007826965,-0.41393517589541157,0.007645599693676059,17.01450705570611,1000000.0,1003612.4033235732,0.08992,1.1113,False
kc135winglet,ok,,0.2,1.989112465018657,0.7222820157748102,4.326922444894956,1.7678399999999996,0.4085675263456027,0.4085675263456027,5.34641549166325,0.6391712153876717,0.08173994954315417,3.00000002997,16.601165077627865,24.947580599261116,8.34641552163325,0.06815281617851005,28.163520562707127,31.29280031261162,0.6291281143538937,23.923464254048927,0.6098927287320175,0.005606879553282043,16.573757123220293,1000000.0,846087.0899444533,31.292800312615068,0.21047991559123627,18.33740503387251,-2.8110538445465476,0.012216105368440021,13.29015309203443,1000000.0,846087.0899445466,0.07959999999999999,1.7380755852842809,False
l1003,ok,,0.2,1.8359118169891486,0.8567571637552102,3.647776053457852,1.767839999992851,0.48463501434444,0.48463501434444,6.625643857364883,1.2192298134837751,0.10623802568816203,3.000000019473444,13.565199920352491,23.190843797190816,9.625643876838328,0.05759683240917913,28.16352036575652,31.29280018144225,0.49303331953243523,24.714449407926335,1.2305662223585245,0.014461716150479073,12.964251488154831,1000000.0,1003612.3793799854,31.292800203269934,0.2046395201528668,20.049967499822696,-1.238275651991785,0.01939026981866795,8.726418745635238,1000000.0,1003612.3800800358,0.17685,1.1457672240802674,False
l188root,ok,,0.2,1.9411727660652713,0.7921424148795566,3.9453237282783116,1.7678399999999992,0.44808490297739445,0.44808490297739445,6.296432792610236,1.1462401908596025,0.08012604826583226,3.00000002997,15.651147776664743,24.94758059924498,9.296432822580236,0.06484962710152492,28.16352056270713,31.29280031259548,0.5736442261905651,24.899192824365674,2.7239138426091705,0.006181224285595211,16.077281878150938,1000000.0,927922.1356601366,31.29280031261507,0.21376201157543528,16.936570959815928,-0.4673730445057339,0.005730867924048522,21.75226760812451,1000000.0,927922.1356607176,0.13984920889357588,1.4966,False
l188tip,ok,,0.2,1.955522591837398,0.7775054069065009,4.01959682574377,1.767839999999997,0.43980530302883875,0.43980530302883875,6.012063406764487,0.9963258697191426,0.08044016616436182,3.00000002997,15.935517162517261,24.947580599251747,9.012063436734486,0.0658383731467017,28.16352056270716,31.29280031260038,0.5844434245470258,24.814148897164255,2.1064445631809106,0.005323643465371826,16.519882503736344,1000000.0,910776.2242144233,31.292800312615103,0.21112432912042234,17.30898419522927,-1.3023436363014187,0.005734786073149671,21.862915113823135,1000000.0,910776.2242148517,0.1198895342297214,1.5436,False
l7769,ok,,0.2,1.9695861197988376,0.8004057019062005,3.9045927061202255,1.7678399999999972,0.45275913086376696,0.45275913086376696,5.733367562454466,0.804178946129103,0.07995378329337348,3.00000002997,16.21421300683069,24.947580599255154,8.733367592424466,0.06680739241382877,28.163520562707152,31.29280031260517,0.5677219959003476,25.734414953244272,2.574274233270927,0.008588516916698955,15.025790419286759,1000000.0,937601.8180020206,31.292800312615093,0.1987417120779804,17.806230698051195,-0.6563492313837253,0.009031551570263785,15.761516881599208,1000000.0,937601.8180023178,0.1098,1.4708254180602007,False
la2573a,ok,,0.2,1.9419446700195886,0.8445386926344555,3.700550718228182,1.7678399999999785,0.47772348890989325,0.47772348890989325,6.281136031742804,1.0929606580863016,0.07909082246935256,3.0000000299700007,15.666444537539741,24.947580599252547,9.281136061712804,0.06490281359968814,28.16352056270758,31.29280031259431,0.5380545930925781,25.171977567860605,4.311490328565135,0.0077151508042082465,15.20607718411282,1000000.0,989299.5660838563,31.292800312615555,0.2001700271994104,17.993306205865533,1.0326657137338986,0.00958228542907095,14.924961801922516,1000000.0,989299.5660845279,0.1369863596873591,1.3417076923076923,False
la5055,ok,,0.19,1.9315041469992562,0.8337532685438112,3.74842100596296,1.7678399999999714,0.47162258379933963,0.47162258379933963,6.488035067760611,1.2076602822752058,0.07929328054161677,3.0000000299700007,15.459545501522332,24.947580599252944,9.488035097730613,0.06418343024201667,28.163520562708197,31.292800312589865,0.545014862022787,25.753215426553485,0.8089185584208864,0.010587329250457973,14.114332198098623,1000000.0,976665.4316551131,31.29280031261625,0.207279424113804,19.101844876363817,-2.134547316726093,0.014177968166662605,11.369080212456547,1000000.0,976665.4316559368,0.1593,1.372,False
lds2,ok,,0.2,1.9537083957530796,0.8037972496372912,3.8881176403753233,1.7678399999999772,0.4546776007089451,0.4546776007089451,6.048015190053003,0.9996892235632558,0.07988410121338738,3.0000000299700007,15.89956537923433,24.947580599257336,9.048015220023004,0.06571336959390336,28.16352056270738,31.292800312598775,0.565326545744407,24.73389773791009,2.766243629758871,0.005674840264084632,16.270117779356646,1000000.0,941574.704890248,31.292800312615338,0.20503323638217624,16.8988581381612,-0.31841105196565694,0.005685144248388758,21.561714205943467,1000000.0,941574.7048907464,0.11970047619047619,1.4604,False
legionair140_sm,failed,airfoil 'legionair140_sm' not found in the aerosandbox UIUC database,0.0,,,,,,,,,,,,,,,,,,,,,,,,,,,,,,,,,,
lg10sc,ok,,0.2,1.964549470755427,0.7892970757583292,3.9595462362474323,1.7678399999999992,0.44647540261467644,0.44647540261467644,5.833178446429271,0.8929053591018665,0.08018619970311965,3.00000002997,16.11440212285386,24.94758059925313,8.83317847639927,0.06646035218479071,28.16352056270713,31.292800312603546,0.5757121577824704,25.285802993519162,3.955145645484571,0.008061782552371517,15.28412703943977,1000000.0,924589.0820270228,31.29280031261507,0.203842140943878,16.12810157905773,1.0803189092267782,0.005914362175734642,21.176494577204807,1000000.0,924589.0820273632,0.09999,1.5056,False
lnv109a,ok,,0.2,1.9794741683802464,0.7006489546904655,4.4605194151480365,1.7678399999999996,0.396330524646159,0.396330524646159,5.537416869604117,0.6968836648273204,0.08024334553542209,3.00000002997,16.410163699684123,24.947580599258238,8.537416899574117,0.06748870862523365,28.163520562707127,31.29280031260851,0.6485529159419402,25.689080104755746,2.155704306080988,0.010532205345386037,14.778961427811748,1000000.0,820745.944381154,31.292800312615068,0.22194403191919548,18.424556530147036,-1.5335323090535453,0.013264158938574907,12.926305437756803,1000000.0,820745.944381326,0.12977523031526636,1.822615719063545,False
lrn1015,ok,,0.2,1.9365736748488231,0.7893285783315251,3.9593882084011676,1.7678399999999712,0.446493222424845,0.446493222424845,6.3875726268855235,1.1902698762452613,0.08018549958630379,3.000000029964326,15.560007942372394,24.947580599222242,9.38757265684985,0.06453273591969688,28.163520562601313,31.292800312528605,0.5756891807693061,24.447987946344465,0.0623874051363879,0.00662841231520675,15.88863213510222,1000000.0,924625.9843979945,31.29280031255668,0.2166271791656908,18.036939070681147,-3.358490904885789,0.010178796696153075,15.074285043733822,1000000.0,924625.984398824,0.15187363857088942,1.5055,False
ls013,ok,,0.2,1.9434757070919342,0.8162378773356258,3.828857190260935,1.767839999999953,0.4617147916868311,0.4617147916868311,6.250795588675316,1.1163002685822183,0.07963346963499336,3.0000000299700016,15.69678498061594,24.947580599261258,9.250795618645316,0.06500830664708356,28.163520562707753,31.29280031259322,0.5567101640758162,26.741241179843424,4.781453004243526,0.009834045429469886,14.474131037008545,1000000.0,956147.7584293946,31.292800312615743,0.2064333223089739,17.142244011605747,1.7313850309509256,0.005967066064680964,20.844575210181652,1000000.0,956147.7584300828,0.1286396015936255,1.4229,False
ls413,ok,,0.2,1.9624110955581922,0.7222491976548003,4.327119054957703,1.7678399999999996,0.40854896238053245,0.40854896238053245,5.875554462083358,0.9208855456582336,0.0817406684856199,3.00000002997,16.072026107199292,24.94758059925265,8.875554492053357,0.06631301171857565,28.163520562707127,31.292800312602846,0.6291567011659331,24.84045705323925,0.9673656540559953,0.006212873378393574,16.31344558515293,1000000.0,846048.6465286941,31.292800312615068,0.22383391299281694,16.959948861175935,-2.442216452441365,0.006098623199894922,21.958094148047778,1000000.0,846048.6465290244,0.1293,1.7382,False
ls413mod,ok,,0.2,1.9642685571380956,0.7172721431241137,4.357144349685441,1.7678399999999999,0.4057336315074406,0.4057336315074406,5.8387452898257886,0.8938686755680376,0.08186664137135857,3.00000002997,16.108835279457516,24.947580599253303,8.838745319795787,0.06644099639381573,28.163520562707127,31.29280031260347,0.633522334545204,25.06270334409004,1.1133940537541251,0.006742156953199653,16.111740284056154,1000000.0,840218.4839434702,31.292800312615068,0.22445232904111628,16.938350215135475,-2.3287159763896716,0.006053526933293884,22.129067499750928,1000000.0,840218.4839437816,0.1302,1.7572,False
ls417,ok,,0.2,1.9400717608362124,0.7261475134895051,4.303888958569253,1.7678399999999996,0.4107540917105085,0.4107540917105085,6.318251327955582,1.1554722793239085,0.08164252763838523,3.00000002997,15.629329241319441,24.947580599245025,9.318251357925583,0.06477376453822707,28.163520562707127,31.29280031259512,0.6257790795601056,24.966708927905703,0.7500355584849593,0.007017388579077758,15.96473709107978,1000000.0,850615.1657387548,31.292800312615068,0.2337367639586424,17.06532699388489,-2.457943080607805,0.006707363520095351,20.875149031019074,1000000.0,850615.165739297,0.16982999999999998,1.7235,False
ls417mod,ok,,0.2,1.9497458600973823,0.6891291215417447,4.535083728007399,1.7678399999999996,0.3898141922016386,0.3898141922016386,6.12654045221343,1.0393106180853704,0.07882519428960155,3.00000002997,15.821040117065294,24.947580599248724,9.12654048218343,0.06544033899961946,28.163520562707127,31.29280031259851,0.6593944565855375,25.724872453950276,1.740795596324316,0.009625892964920928,15.146400595469222,1000000.0,807251.5171453095,31.292800312615068,0.24122540371429968,17.1825308571786,-1.7665161281008985,0.008062909693712386,19.143429270512073,1000000.0,807251.5171457366,0.170003765234147,1.8698,False
ls421,ok,,0.2,1.9119398970024233,0.7508781050058554,4.162137961894132,1.7678399999999996,0.4247432488267352,0.4247432488267352,6.87573829456997,1.4523316493564984,0.08104302654037276,3.00000002997,15.071842274694443,24.947580599234414,9.87573832453997,0.06283539472448751,28.163520562707127,31.292800312584852,0.6051686946084057,25.06332783755213,0.6502452533839266,0.007695408597211802,15.590811162234283,1000000.0,879584.7839093088,31.292800312615068,0.2395618142758069,17.252438942724513,-2.2741054835209504,0.0074117066556397635,19.49493996978574,1000000.0,879584.7839101581,0.20894000000000001,1.6338,False
ls421mod,ok,,0.2,1.9233013547281161,0.7217747273625564,4.329963556662663,1.7678399999999996,0.40828057254194755,0.40828057254194755,6.650589166832604,1.313303943103147,0.08175239523044153,3.00000002997,15.29699140243646,24.94758059923906,9.650589196802603,0.06361823324616092,28.163520562707127,31.292800312589073,0.6295702875007061,25.400498018901022,0.7641791179707753,0.00862803609590613,15.35417874293797,1000000.0,845492.848128165,31.292800312615068,0.24353961663751228,17.232408890562574,-2.3315519746620885,0.007620384118333926,19.537818305794122,1000000.0,845492.8481288675,0.20954,1.74,False
lwk79100,ok,,0.2,1.9405268276495877,0.8567571815746899,3.647775977618165,1.7678399999999994,0.48463502442228384,0.48463502442228384,5.9301411636601875,0.8906848943539774,0.1062380619474688,3.00000002997,15.638347265112655,24.56848845874284,8.930141193630188,0.06480512000686907,28.163520562707127,31.29280031259527,0.5223217910138528,25.51217200389881,4.614403823010307,0.007927575336544864,15.192868006011379,1000000.0,1003612.4044561088,31.292800312615068,0.18985324840355589,16.994700020613568,1.687276740671411,0.005947725584602239,20.106310273635987,1000000.0,1003612.4044567437,0.09993387919463087,1.2732357859531773,False
lwk80080,ok,,0.2,1.6978328611420193,0.8567571807237928,3.6477759812115,1.7678399999928534,0.4846350239429226,0.4846350239429226,5.805479219947517,0.8525218365846001,0.10623805663636739,3.0000000298120764,10.828899732177987,19.63437898193758,8.805479249759593,0.04808277763983043,28.163520559750967,31.292800309964733,0.4174234822961936,20.499219292655425,4.317951590763814,0.008546641424180757,16.407723939610875,1000000.0,1003612.4033790521,31.292800310977732,0.18720295736645237,15.93269410131782,1.930080518494922,0.005594157892261256,20.818803885211672,1000000.0,1003612.4034115407,0.08060597088882007,0.8167,False
lwk80100,ok,,0.2,1.8177162469902752,0.8567571815455488,3.647775977740448,1.7678399999995658,0.48463502440591866,0.48463502440591866,6.0814779561207875,1.0029837909762258,0.10623806172469315,3.000000029970005,13.20461950055289,22.286097486643683,9.081477986090793,0.05634310256769787,28.163520562708193,31.292800312536425,0.47379855598035164,23.423260575377117,4.89276265871107,0.0090445561632133,15.378092206358401,1000000.0,1003612.4044203315,31.2928003126162,0.1930706422931675,16.165740039290863,1.800531495865237,0.0050982058923200475,22.160432942559336,1000000.0,1003612.40442289,0.10059194177764014,1.0620541806020067,False
lwk80120k25,ok,,0.2,1.8930603578996386,0.8567571815751344,3.647775977615363,1.767839999999779,0.48463502442259565,0.48463502442259565,6.358107980241044,1.1539388095086676,0.1062380619756689,3.0000000299700043,14.697707910623075,24.055815920834124,9.358108010211048,0.06153453784168547,28.1635205627083,31.292800312570314,0.5114224620364208,25.573432668933496,5.272527930809851,0.00952557646998304,14.660247574744744,1000000.0,1003612.4044559542,31.292800312616322,0.19895174848029737,16.65702708380524,1.8187600637071368,0.005501122265169004,21.303650273191806,1000000.0,1003612.4044574298,0.12058258903685352,1.2258,False
lwk80150k25,ok,,0.2,1.8864087711435513,0.85675718156957,3.6477759776399,1.767839999999984,0.4846350244193919,0.4846350244193919,6.761195649802411,1.373170383049204,0.10623806191483516,3.0000000299700007,14.565893931077056,24.327089610849466,9.761195679772412,0.06107622355943339,28.163520562707237,31.292800312574307,0.5171896935020708,26.036492705609646,5.436615368766626,0.009696806668679465,14.515004151464519,1000000.0,1003612.4044494476,31.292800312615185,0.20752132222057784,17.249513926524664,1.8546590476632951,0.006078113230732676,20.238916142365092,1000000.0,1003612.4044507587,0.1503732362960669,1.2509,False
m10,ok,,0.2,1.8493484144484575,0.8567571815690501,3.6477759776421212,1.7678399999999859,0.4846350244190973,0.4846350244190973,5.563198114775926,0.71703387887622,0.10623806190381764,3.0000000299699963,13.831471712980976,22.3946698577269,8.563198144745922,0.05852265380207086,28.16352056270743,31.292800312558615,0.47610678569009324,21.913194311660305,2.9217760387772946,0.005704432044591665,17.198877494404368,1000000.0,1003612.4044483344,31.292800312615444,0.18205210301417707,16.701637518661755,0.2456688847614942,0.006428214598814491,18.881822451151596,1000000.0,1003612.4044501568,0.061889764,1.0721,False
m11,ok,,0.2,1.9322270996294473,0.8567571809389399,3.6477759802952647,1.7678399999928016,0.4846350240646374,0.4846350240646374,5.826895686719962,0.8586227527036274,0.10623805973024544,3.0000000296475022,15.473872204648487,24.30076792101595,8.826895716367464,0.06423324386174344,28.16352055672066,31.292800308669094,0.5166300994643396,24.288832029237884,2.631172178625686,0.005955943765731601,16.228658699656062,1000000.0,1003612.4035895532,31.292800309327387,0.18765826769380836,16.965920074443797,0.6513597687072787,0.005835034158990417,20.28861333750619,1000000.0,1003612.4036106658,0.0815,1.2484645484949832,False
m12,ok,,0.2,1.9513813024394029,0.8002519940922763,3.9053426778960634,1.7678399999999985,0.4526721841865084,0.4526721841865084,6.094131017995707,1.0328905301324915,0.07995695520162704,3.00000002997,15.853449551283044,24.947580599248752,9.094131047965707,0.06555302588331167,28.163520562707138,31.292800312599013,0.5678310406857593,25.310402296530075,3.526057028794249,0.006783352016463509,15.780267649491293,1000000.0,937421.7634052312,31.292800312615082,0.20699121009149718,16.871280613493777,0.6167761956718735,0.005379119479955959,22.35494485709875,1000000.0,937421.7634057124,0.1193,1.4713,False
m13,ok,,0.2,1.684881335295241,0.8567571721449424,3.647776017764446,1.767839999999436,0.4846350190883879,0.4846350190883879,5.568056160177948,0.7202672312089273,0.1062382563661229,3.0000000233270083,14.637192141202076,23.205248324707036,8.568056183504956,0.061324125688668546,22.386470573028678,31.292800239938483,0.49333955045382,26.691815016162348,1.8168435416949318,0.007671202232806087,15.777277235873491,1000000.0,1003612.3910801202,24.873855998843204,0.28830000037824943,15.423759124774872,3.3503236621765238e-09,0.008049999998895174,17.897083847702415,1000000.0,797746.1238039302,0.062099999999999995,1.1471,False
m14,ok,,0.2,1.9700336671337986,0.8349408815176189,3.74308928306327,1.7678399999999996,0.47229437138972935,0.47229437138972935,5.724498551582044,0.8307122966970398,0.07927073236718461,3.00000002997,16.223082017702552,24.947580599254596,8.724498581552044,0.06683822976784966,28.163520562707127,31.2928003126054,0.5442396374103151,25.264339586274662,2.045074580955205,0.007791619274333036,15.211270182553196,1000000.0,978056.6112544698,31.292800312615068,0.19032779253751078,18.307750686663674,-1.1062330461364405,0.010486993245754504,13.683004028621585,1000000.0,978056.6112547719,0.0806,1.3686260869565217,False
m15,ok,,0.2,1.9504842781782867,0.8013990209632056,3.899753036687919,1.767839999999996,0.45332101375871536,0.45332101375871536,6.111907278299122,1.0426833204000108,0.0799333145369385,3.00000002997,15.835673290980079,24.9475805992492,9.11190730826912,0.06549121822064789,28.16352056270718,31.292800312598562,0.5670183151336099,24.578457275742846,2.1435647227860173,0.006369020757726694,15.959989038042863,1000000.0,938765.400109604,31.292800312615128,0.20709897334646168,17.65062793807096,-0.9556150464155789,0.008776508325638784,16.350391527265963,1000000.0,938765.4001101009,0.11998776505250525,1.4677628762541806,False
m16,ok,,0.63,1.6688308659602353,0.8567571292375379,3.6477762004516845,1.7678399999999996,0.484634994817143,0.484634994817143,6.012262117786212,0.7160650142861361,0.1192553679704618,3.000000003753488,12.046572476995859,21.058834598535558,9.012262121539699,0.05231659803027862,25.61618386841188,31.292799930011594,0.447707198735042,23.060384403459086,1.9202143066904496,0.009727852963466012,15.352367939825035,500000.0,1003612.3308778413,28.462426484846514,0.23160000360753558,17.701665670926875,3.209552026234231e-08,0.012629999932282057,12.988879882567188,500000.0,912837.5297443521,0.06149754524547545,0.9485,True
m17,ok,,0.2,1.966467536693746,0.854572961678827,3.6570994002200274,1.767839999999969,0.48339949411645966,0.48339949411645966,5.7951682059603495,0.8602375496718004,0.08688288710607225,3.000000028198925,16.15241232385749,24.947580558016767,8.795168234159274,0.06659251276349247,28.163520529454466,31.292800293487897,0.5317368355857944,24.784330171020876,2.7090488815026257,0.006609174278671555,15.660820460941506,1000000.0,1001053.7907060718,31.29280029414163,0.18746166243275067,18.08788781692938,-0.4136615781631757,0.009692690171332456,14.319607820083379,1000000.0,1001053.7907269846,0.08080256025602561,1.3142117056856188,False
m18,ok,,0.2,1.9456275269995227,0.8263491601291278,3.782006948626229,1.7678399999999461,0.46743436064867466,0.46743436064867466,6.208153140240691,1.0918901739915334,0.07943532619694327,3.0000000299700016,15.73942742905418,24.947580599264874,9.208153170210693,0.06515657349417524,28.163520562708115,31.29280031259361,0.5498982083378017,24.89560247419692,2.8410605250100303,0.006983181466706072,15.594967385554607,1000000.0,967992.1982015645,31.292800312616148,0.20296745450884301,17.873875765826142,-0.267346650733,0.009115841615089612,15.651043987542135,1000000.0,967992.1982022616,0.1202,1.3932531772575252,False
m19,failed,too few converged polar points,0.01,,,,,,,,,,,,,,,,,,,,,,,,,,,,,,,,,,
m1,ok,,0.2,1.7262129627019829,0.856757180625828,3.6477759816166464,1.7678399999899568,0.4846350238883017,0.4846350238883017,5.556496726399581,0.71310334281651,0.10623805693624554,3.0000000297383895,11.391306008180822,19.94780276431879,8.556496756137971,0.05003825178097682,28.163520558377506,31.292800308894343,0.4240868174761037,20.928620600436908,3.831362475011363,0.008933381568726728,16.081515048266787,1000000.0,1003612.4032316104,31.292800310220287,0.18190963288549583,16.189494513367933,1.5926760221489396,0.006402031672606757,18.928317799809324,1000000.0,1003612.4032741357,0.0616,0.8457,False
m20,failed,Infeasible_Problem_Detected,0.4,,,,,,,,,,,,,,,,,,,,,,,,,,,,,,,,,,
m21,ok,,0.2,1.9513057296805236,0.7982108771838821,3.9153290877543863,1.7678399999999992,0.45151760181005207,0.45151760181005207,6.09562863750469,1.0344234179120733,0.0799991910784805,3.00000002997,15.851951931773849,24.94758059924854,9.09562866747469,0.06554781869350663,28.163520562707138,31.29280031259902,0.5692830498870657,25.815860352515244,1.5343095967598803,0.009338087627102601,14.743293761299066,1000000.0,935030.7822821493,31.29280031261508,0.20755468482626463,18.062218779208763,-1.6476098260272452,0.010129740750112491,14.80299501951185,1000000.0,935030.7822826292,0.1195,1.477619397993311,False
m22,failed,too few converged polar points,0.01,,,,,,,,,,,,,,,,,,,,,,,,,,,,,,,,,,
m23,failed,too few converged polar points,0.01,,,,,,,,,,,,,,,,,,,,,,,,,,,,,,,,,,
m24,ok,,0.19,1.949123271074113,0.8110610380069275,3.853296014908879,1.7678399999999865,0.45878645013515573,0.45878645013515573,6.1388782506677675,1.0558031323590429,0.0797368317275009,3.000000029969999,15.808702318614207,24.94758059925197,9.138878280637766,0.0653974407481478,28.163520562707678,31.292800312597553,0.5602635329801487,24.769797307283,2.0599446539637802,0.009666855853021144,14.560633709897072,1000000.0,950083.5662897838,31.292800312615693,0.205237546487064,19.59157089084196,-1.0871414002758502,0.017215546216907716,9.735301311234094,1000000.0,950083.5662903346,0.11943157459563142,1.438364882943144,False
m25,failed,too few converged polar points,0.01,,,,,,,,,,,,,,,,,,,,,,,,,,,,,,,,,,
m26,ok,,0.19,1.541348778238738,0.8558242782665165,3.6517522871981356,1.767839999999843,0.48410731642376714,0.48410731642376714,5.8207875809862175,0.8646296308701877,0.09763517566761293,3.0000000299678495,9.39089785442045,18.211685465374515,8.820787610954067,0.04308287702087153,25.800045113932576,31.29280031242753,0.38759931315771656,26.093068600427475,-0.6082144927915538,0.02876955829745816,8.947379357892872,500000.0,1002519.5938478006,28.66671650689847,0.22370370518806176,23.255773526314194,-2.028595834814996,0.03773865264515908,5.253057890404342,500000.0,918388.4057200401,0.08300127412741275,0.6869,True
m27,ok,,0.2,1.7030217616964516,0.8567571813919431,3.647775978395788,1.7678399999998906,0.48463502431894073,0.48463502431894073,6.376755943973146,1.159540358380425,0.10623806036135411,3.0000000299669933,12.798517229385222,22.17527320332536,9.376755973940138,0.05493109398122823,25.510466677523603,31.292800312535476,0.47144245107896543,27.702613898467586,-0.29900439163244774,0.024952977717192355,10.138011109758676,500000.0,1003612.4042401818,28.344962691888455,0.24296817909220386,23.519758133958504,-2.4886777167481506,0.03873056382957355,5.46557422742696,500000.0,909070.3251606664,0.11945161335237348,1.0518,True
m2,ok,,0.2,1.9054316680722434,0.8567571815730339,3.6477759776250096,1.7678399999999497,0.4846350244213607,0.4846350244213607,5.8032531881129845,0.8487273892962044,0.1062380619414876,3.000000029970001,14.942869206084394,23.746122424167382,8.803253218082986,0.0623869582265105,28.163520562707465,31.29280031258052,0.5048384321684789,25.000085449604917,4.440213710689174,0.009119030439687542,14.922941447194038,1000000.0,1003612.404453724,31.292800312615427,0.18715563211558855,17.113242318682023,1.9170222423066332,0.00700097435500594,18.00073283353003,1000000.0,1003612.4044548435,0.08,1.1971451505016721,False
m3,ok,,0.19,1.9440814964293642,0.8368579692749933,3.7345145536554387,1.7678399999999996,0.4733787951822526,0.4733787951822526,6.23879070828304,1.1072309079581208,0.07923446701566074,3.00000002997,15.708789860992626,24.94758059924567,9.23879073825304,0.06505004734980202,28.163520562707127,31.292800312596533,0.5429928844556097,26.65380661249388,5.06453788065914,0.009584594876096789,14.476886630293986,1000000.0,980302.3036103345,31.292800312615068,0.2010855366067655,16.92806489510316,1.8678299887316865,0.00564871904980067,21.215677173019646,1000000.0,980302.3036109151,0.119,1.3632,False
m4,ok,,0.2,1.8580000480289551,0.856757181569895,3.6477759776385645,1.7678399999999956,0.4846350244195725,0.4846350244195725,5.576561318504131,0.7248040361309818,0.10623806191553113,3.00000002997,14.00292046552839,22.57948181400252,8.576561348474131,0.05911877731066854,28.163520562707163,31.29280031256306,0.48003585573242374,22.022789533280267,3.4488206091380333,0.005940745288355379,16.97259897010983,1000000.0,1003612.404449461,31.292800312615107,0.18233620240077955,17.03279419532618,0.9786747418648165,0.007653645668980867,16.763267422480297,1000000.0,1003612.4044511302,0.06277355031294392,1.0892,False
m5,ok,,0.2,1.920747060842038,0.8567571815735976,3.647775977622816,1.7678399999999994,0.4846350244216659,0.4846350244216659,5.855286970409433,0.8763420274652806,0.10623806194075314,3.00000002997,15.246373158340308,24.101660158719742,8.855287000379434,0.06344223473452848,28.163520562707127,31.292800312588128,0.5123971025597097,24.3357787755993,3.6056009707656527,0.006428085950300295,16.070544680012926,1000000.0,1003612.4044546001,31.292800312615068,0.188261861275962,16.772116619189905,1.264071090208338,0.005357550735920669,21.408101045783283,1000000.0,1003612.4044554641,0.08208276727672767,1.2300418060200669,False
m665,ok,,0.2,1.8718808121955544,0.8567571815701938,3.6477759776372336,1.7678399999999814,0.48463502441974543,0.48463502441974543,5.786694130544088,0.8366411083142403,0.10623806190980478,3.0000000299700007,14.277994493876033,23.06468865439012,8.786694160514088,0.06007520360403937,28.163520562707312,31.292800312567827,0.490351268758464,23.243571421446187,2.9222432179904687,0.006585994157671721,16.400380360721773,1000000.0,1003612.404449972,31.292800312615263,0.1868035894326895,16.42562311378768,0.9229245743392198,0.005024580168602026,22.21748662717815,1000000.0,1003612.4044514934,0.078065,1.1340944816053513,False
m685,ok,,0.2,1.9091220604318868,0.8567571815722439,3.6477759776285783,1.7678399999999992,0.48463502442090023,0.48463502442090023,6.129243802894868,1.022697980781515,0.1062380619322647,3.00000002997,15.01600142563323,24.1452452584981,9.129243832864868,0.06264123733126782,28.16352056270713,31.29280031258377,0.5133237142004489,24.598188326958933,3.0538603309207035,0.007099104370965375,15.723259613150555,1000000.0,1003612.4044528747,31.29280031261507,0.19408613588089338,16.834646740485873,0.8052195691148684,0.005622030265872017,20.927201295469278,1000000.0,1003612.4044538786,0.10208500000000001,1.2340745819397994,False
m6,ok,,0.19,1.9461775252860298,0.8222446170777096,3.8008862577991014,1.767839999999986,0.46511257640833786,0.46511257640833786,6.197253866784528,1.0871976572844022,0.07951517395304608,3.0000000299700007,15.75032670249648,24.94758059925101,9.197253896754528,0.06519447002611241,28.163520562707312,31.2928003125964,0.5526432319268958,25.44983488104797,3.7789482756611656,0.007167131167597953,15.529631645230369,1000000.0,963184.1027346536,31.29280031261526,0.20373920020525868,16.958962517614534,1.2267245511220481,0.005742964443508055,21.210692242567223,1000000.0,963184.1027352342,0.1201,1.4052,False
m8,failed,airfoil 'm8' not found in the aerosandbox UIUC database,0.0,,,,,,,,,,,,,,,,,,,,,,,,,,,,,,,,,,
m9,ok,,0.2,1.9863887201796948,0.7529263353824832,4.150815449976764,1.7678399999999994,0.42590185502222117,0.42590185502222117,5.400391732166938,0.6401063372806219,0.08099513390527045,3.00000002997,16.547188837123326,24.947580599260263,8.400391762136938,0.06796514198787104,28.163520562707127,31.292800312610748,0.6035224181464001,25.708603323310676,1.03758856795644,0.008798760505099203,15.150776319808818,1000000.0,881984.0978082761,31.292800312615068,0.20321909491339107,17.901402699435252,-2.5091162047782536,0.00969426755381823,15.380078695260837,1000000.0,881984.0978083978,0.104,1.6266351170568563,False
ma409,failed,airfoil 'ma409' not found in the aerosandbox UIUC database,0.0,,,,,,,,,,,,,,,,,,,,,,,,,,,,,,,,,,
ma409sm,ok,,0.2,1.971080301070776,0.8567571815777953,3.647775977604913,1.767839999999992,0.48463502442404244,0.48463502442404244,5.5861542586767765,0.7197327903753231,0.10623806194965951,3.00000002997,16.24382308136451,24.829977370011285,8.586154288646776,0.06691034598600858,28.163520562707394,31.292800312604648,0.5278809997799233,24.08256387001369,0.7403441332820146,0.004228644570874642,16.8940623834466,1000000.0,1003612.4044600514,31.292800312615366,0.1825401466384836,17.186117860747192,-2.4176655206397397,0.006199616464404935,19.356741889282535,1000000.0,1003612.4044603951,0.06692857142857143,1.2974304347826087,False
marske1,ok,,0.2,1.9468151212918146,0.8035817332765465,3.889160412914043,1.7678399999999987,0.4545556912823259,0.4545556912823259,6.184618676119766,1.0492511129325253,0.07988851515800141,3.00000002997,15.762961893157382,24.947580599247146,9.184618706089765,0.0652384023036994,28.163520562707138,31.29280031259745,0.565478163326927,24.99027175580513,4.600607511214221,0.0075909439008956985,15.420641610448541,1000000.0,941322.247253823,31.292800312615082,0.20818456908517277,17.975680202391917,1.112432115113886,0.009923204662506006,15.015559618743312,1000000.0,941322.2472543534,0.13995273151456708,1.461059866220736,False
marske2,ok,,0.2,1.9572222617066053,0.773945428328905,4.038086086183136,1.7678399999999996,0.43779155824560206,0.43779155824560206,5.978381180614193,0.962393954869401,0.0805183707226309,3.00000002997,15.969199388666413,24.947580599250607,8.978381210584192,0.06595548549969976,28.163520562707127,31.292800312601084,0.587131735628187,25.944662949343293,4.82217035893529,0.008930366349454924,15.00727152699193,1000000.0,906606.0360480506,31.292800312615068,0.2113027562863324,17.285301133853707,1.5814040460258794,0.007344427532219708,18.774092671326272,1000000.0,906606.0360484557,0.1205,1.5553,False
marske3,ok,,0.19,1.9560828577286185,0.7784541440715315,4.0146979618529315,1.7678399999999845,0.4403419676393442,0.4403419676393442,6.000960661001351,0.9746192301337264,0.08041941809231073,3.0000000299700007,15.946619908288088,24.94758059925944,9.00096069097135,0.06587697714740412,28.163520562707294,31.29280031260005,0.5837311369936565,25.800712431838146,4.84928526749873,0.008583070674850191,15.12218388425392,1000000.0,911887.5827275092,31.292800312615245,0.21060723693279457,17.21005353819538,1.4695680088432534,0.007149635130367305,19.047143258625646,1000000.0,911887.582727952,0.12060000000000001,1.5405,False
marske4,ok,,0.2,1.967720172450381,0.7767419932069788,4.023547449368163,1.7678399999957808,0.43937346887095696,0.43937346887095696,5.770344674823481,0.8526531902701244,0.08045638952546283,3.0000000217984244,16.177235842927523,24.947580539549428,8.770344696621905,0.06667882341896476,28.163520409311886,31.292800224379924,0.5850178412552113,26.010863329210242,4.478421851588305,0.008926540979830642,14.996374061015976,1000000.0,909881.9525690998,31.292800227413068,0.20566355571701456,17.26383299647898,1.4433233975937998,0.007271652483175241,18.714235921984383,1000000.0,909881.9526572927,0.10189999999999999,1.5461,False
marske5,ok,,0.2,1.9595011821825534,0.7565946489967137,4.130690416254283,1.7678399999999996,0.4279768808244603,0.4279768808244603,5.933219990058217,0.9397286953467231,0.08091002436168329,3.00000002997,16.01436057922322,24.947580599251435,8.933220020028216,0.06611250995725401,28.163520562707127,31.292800312601862,0.6005962680529301,26.002962741234526,4.799411215543825,0.009701289401433824,14.7979407776445,1000000.0,886281.1905267712,31.292800312615068,0.21506127956476562,17.08957805784832,1.4578022705014797,0.007758737639715505,18.351711932885138,1000000.0,886281.1905271453,0.1222,1.6139,False
marske7,ok,,0.2,1.944171754053278,0.8461313280248173,3.693585336091381,1.7678399999999976,0.4786243823110793,0.4786243823110793,6.237002079943107,1.1118974244368494,0.07906136340462372,3.00000002997,15.710578489334893,24.947580599248,9.237002109913107,0.06505626637086241,28.163520562707184,31.29280031259629,0.5370418368470746,25.22551199293332,3.273096758416241,0.007059460538791521,15.487238227435858,1000000.0,991165.1922705545,31.292800312615135,0.1988431928429499,17.451692666876124,0.7933561464872823,0.007375137042773287,17.815670688714995,1000000.0,991165.1922711513,0.12047390431175792,1.3373,False
mb253515sm,ok,,0.2,1.842540775984134,0.856757181565353,3.6477759776579184,1.7678399999999994,0.48463502441700224,0.48463502441700224,6.706348862801367,1.327959831628756,0.10623806188670358,3.00000002997,13.696565268822605,23.402914161593973,9.706348892771366,0.058053587088964305,28.163520562707127,31.292800312556587,0.49754188421146955,23.02334113535842,2.701678822422343,0.006186011415707401,16.481701404992602,1000000.0,1003612.4044439306,31.292800312615068,0.2063552890703934,16.72545619237175,-0.08104425382042256,0.005976948954498261,20.419846975474584,1000000.0,1003612.4044458063,0.14958,1.165389297658863,False
mh102,ok,,0.2,1.9350110931516116,0.7768335112668365,4.023073438867767,1.7678399999999985,0.439425237163339,0.439425237163339,6.418538187482928,1.1736807087586452,0.08045487638185873,3.00000002997,15.529042381790578,24.947580599243505,9.418538217452927,0.06442506935275497,28.16352056270715,31.292800312593233,0.584948918945716,25.401726341439147,2.396585287171413,0.008020920489789574,15.352403881935984,1000000.0,909989.1601393878,31.29280031261509,0.22083759691339475,17.595275032462187,-0.914228014107619,0.008099729056099961,17.827964849207323,1000000.0,909989.1601400233,0.16977364823424201,1.5458,False
mh104,ok,,0.2,1.9298568028331309,0.8438951985327212,3.7033724934492667,1.7678399999999965,0.4773594887165823,0.4773594887165823,6.5206803594941665,1.226521918142574,0.07910275696903671,3.00000002997,15.426900209777772,24.947580599241938,9.520680389464166,0.06406992328694061,28.163520562707184,31.292800312591176,0.538464875030025,25.270465299084062,3.88173380170673,0.0071830138717579465,15.440675281155423,1000000.0,988545.7718038933,31.292800312615135,0.20549295173982643,17.236269276245338,1.157381555114734,0.006738977409974183,19.077019964354847,1000000.0,988545.7718046501,0.1525891750069398,1.3434933110367893,False
mh106,ok,,0.2,1.920094726939058,0.8567571814988896,3.647775977933293,1.767839999998157,0.48463502437991146,0.48463502437991146,6.3364341464372504,1.1062886700222265,0.10623806184004976,3.000000029918712,15.233445909012545,24.56988008536851,9.336434176355962,0.06339728697393589,28.16352056175703,31.292800311934172,0.5223513768222932,24.907567567840513,4.366521828613441,0.006947710070613793,15.63807432156926,1000000.0,1003612.404347159,31.292800312094382,0.19849096656669826,17.0907591003817,1.8955864430521878,0.0061697686627534085,19.869467914679586,1000000.0,1003612.4043522972,0.1305309058379489,1.2733645484949834,False
mh108,ok,,0.2,1.9471544108382002,0.8553560641563207,3.653751223100904,1.7678399999994152,0.4838424654700672,0.4838424654700672,6.1778947905711075,1.0327968459822707,0.09350976543532666,3.000000024954393,15.769685672265913,24.947580487791413,9.177894815525502,0.06526178060167315,28.163520468549788,31.29280025728096,0.5312500153263802,25.611214323723555,4.2541950268535045,0.00732264555303677,15.335539399627882,1000000.0,1001971.1222252116,31.292800260313257,0.19544006533402772,17.17686920935008,1.8444323218338625,0.006137138551032959,19.872835405330726,1000000.0,1001971.1223223035,0.11958051999182909,1.312092976588629,False
mh110,ok,,0.21,1.8433011765661411,0.8567571686039877,3.6477760328118256,1.7678399999924617,0.48463501708731616,0.48463501708731616,5.9497617090502875,0.9025505216011993,0.10623803527003672,3.0000000222297447,13.71163422944209,22.661395960722125,8.949761731280033,0.058105981325777704,28.163520417394857,31.292800216692328,0.4817773464850776,21.413317152272363,4.030081744579508,0.007336662948527143,16.14464476107277,1000000.0,1003612.386190633,31.292800231895068,0.19027038148215436,14.463552066177684,1.9596240615666887,0.0063834498426801846,19.23172376537251,1000000.0,1003612.3866782105,0.09995116175319824,1.0967792642140468,False
mh112,failed,Maximum_Iterations_Exceeded,1.2,,,,,,,,,,,,,,,,,,,,,,,,,,,,,,,,,,
mh113,ok,,0.2,1.9635889767812844,0.6879305527413423,4.5429851213122046,1.7678399999999996,0.389136207315901,0.389136207315901,5.852212481119249,0.8909781493297907,0.0786779155970842,3.00000002997,16.095368088163863,24.94758059925311,8.852212511089249,0.06639417126849037,28.163520562707127,31.29280031260324,0.6605433074682584,24.835147768497688,-2.0890827328767068,0.007909586749327695,15.773225993346783,1000000.0,805847.503801222,31.292800312615068,0.2343822362741431,18.046093007551534,-5.86137875115509,0.011239870918039154,15.10521948112448,1000000.0,805847.5038015266,0.1465760955526004,1.8748,False
mh114,ok,,0.2,1.9696696519854318,0.6947699817431832,4.498263234917983,1.7678399999999999,0.39300501275182326,0.39300501275182326,5.731712211582711,0.8304178197152525,0.07951918959268973,3.00000002997,16.215868357702362,24.947580599255073,8.73171224155271,0.06681314803208174,28.163520562707127,31.29280031260528,0.6540408114295568,24.634627237368726,-2.024751940027618,0.007343515872797542,15.9611509378218,1000000.0,813859.2671494737,31.292800312615068,0.2289158316138072,17.974938508437578,-5.775249291156832,0.011079621338731527,15.060465648844742,1000000.0,813859.2671497283,0.1305617088251963,1.8465,False
mh115,ok,,0.2,1.9747299675432863,0.7224074930751405,4.32617088770275,1.7678399999999996,0.4086385040926445,0.4086385040926445,5.631432330123839,0.7766554717451462,0.08173677156818476,3.00000002997,16.31614823916281,24.94758059925665,8.63143236009384,0.0671618189549646,28.163520562707127,31.292800312606953,0.6290188390514455,24.702526067019825,-1.0526081011994082,0.006566475069124741,16.164635918753458,1000000.0,846234.075085272,31.292800312615068,0.21762966316085436,17.61099051462582,-4.72307484789657,0.008893584708092105,17.04809782147039,1000000.0,846234.0750854913,0.11077616154630406,1.7376,False
mh116,ok,,0.19,1.9642021522891469,0.8189414292295137,3.816217074938216,1.7678399999999934,0.46324408839573533,0.46324408839573533,5.840061229574588,0.883644570716012,0.07958001373656873,3.00000002997,16.107519339709423,24.94758059925401,8.840061259544587,0.06643642090050847,28.16352056270719,31.292800312603216,0.5548723100304641,24.418432211028314,0.3179895261020593,0.005288999646360895,16.405241286699763,1000000.0,959314.7213395314,31.29280031261514,0.19661646917525033,17.190224225226526,-2.969182070338395,0.00693424692662891,18.695147052076855,1000000.0,959314.7213398968,0.09848824450926127,1.414901337792642,False
mh117,ok,,0.2,1.9674254247297929,0.8092750345255633,3.861799922485156,1.7678399999999976,0.4577761757430335,0.4577761757430335,5.776185889278974,0.8459030486042743,0.0797727986502412,3.00000002997,16.17139468000527,24.947580599254245,8.776185919248974,0.06665851404148641,28.16352056270714,31.292800312604466,0.5614999885454374,24.493892567968313,2.0535135462475345,0.005176184544093918,16.490030651433457,1000000.0,947991.4271321868,31.292800312615086,0.19752730223766982,16.944450120870954,-1.1834975944000616,0.006042722196560348,20.54143106993943,1000000.0,947991.4271325086,0.09792209975638146,1.4437461538461538,False
mh120,ok,,0.2,1.786606696658147,0.8567571815609428,3.647775977676684,1.7678399999999967,0.48463502441450834,0.48463502441450834,6.265603387694695,1.0920779867443047,0.10623806185514025,3.00000002997,12.588123951224865,21.853727368889558,9.265603417664694,0.054199561221165794,28.16352056270714,31.29280031253007,0.46460644247797,20.670766148184132,0.0457896639563376,0.0048015403474423604,18.056565717335957,1000000.0,1003612.4044379158,31.292800312615086,0.19698511693697646,16.568703662204648,-2.299242194323055,0.006424573649713698,19.337268612450668,1000000.0,1003612.4044406423,0.11559991120618512,1.0220484949832775,False
mh121,ok,,0.2,1.7466838854297735,0.8567571815567376,3.6477759776943994,1.767839999999951,0.4846350244121421,0.4846350244121421,5.86305459733732,0.8757691617711953,0.10623806182245793,3.00000002997,11.796976693356193,20.660031320663514,8.86305462730732,0.05144875975909687,28.16352056270727,31.29280031250775,0.43922867213500466,19.76915094707475,-0.42283763634436544,0.005123253156694664,18.433000491500962,1000000.0,1003612.4044322999,31.292800312615228,0.18842699967699503,16.019808438997316,-2.66317467968671,0.005503424644935078,21.06304046295708,1000000.0,1003612.4044357468,0.08751927894250934,0.9116,False
mh122,ok,,0.2,1.962051837919967,0.8499157741031071,3.6771387951903343,1.7678399999996492,0.48076509984120497,0.48076509984120497,5.882673789049484,0.909511907521226,0.07899179281149608,3.0000000279934405,16.06490676755835,24.947580584601276,8.882673817042924,0.06628825788031442,28.163520525599363,31.29280029116254,0.5346505345788444,24.37993595916068,-0.15265977383726903,0.0053181173922839334,16.294311666784566,1000000.0,995598.3228304974,31.292800292001573,0.19036420339049778,17.785834757097465,-3.254639054396643,0.008302572275067492,16.148849431745212,1000000.0,995598.3228571917,0.0931516303977727,1.326892642140468,False
mh126,ok,,0.2,1.9275168203312762,0.7882274822549471,3.964919183811375,1.7678399999999943,0.4458703741599634,0.4458703741599634,6.56705161149085,1.2554642976672228,0.08020891762166013,3.000000029969999,15.380528957783143,24.94758059924399,9.56705164146085,0.0639086914726149,28.163520562707358,31.292800312590163,0.5764933763999553,25.693656568043295,-1.4647219387872596,0.00989194597752522,14.580867186922712,1000000.0,923336.1514054395,31.292800312615334,0.2210772255461033,18.41000188074214,-5.410961238757498,0.01165069675688313,13.808313411565017,1000000.0,923336.1514061822,0.17851286987106482,1.509,False
mh18,ok,,0.2,1.8630655815680492,0.8567571815686842,3.6477759776437124,1.7678399999999939,0.4846350244188881,0.4846350244188881,6.19605510384645,1.0531676969143107,0.10623806190691136,3.00000002997,14.103303751318968,23.29935888513542,9.19605513381645,0.0594678077681127,28.16352056270718,31.292800312565042,0.49534031704488435,22.856550970967824,1.9965002478922655,0.005788699001466092,16.746758003254634,1000000.0,1003612.4044481072,31.292800312615125,0.19550653251829833,16.325938635636412,0.03584326878307542,0.005186122490707468,21.986558602829607,1000000.0,1003612.4044497135,0.11140181071658434,1.1558076923076923,False
mh200,ok,,0.2,1.942352563576888,0.8233743090854411,3.795671338192848,1.7678399999999852,0.46575160030627655,0.46575160030627655,6.273052836709131,1.126417710070771,0.07949311854957047,3.0000000299700007,15.674527732570995,24.947580599250127,9.273052866679132,0.06493091868946732,28.163520562707337,31.29280031259495,0.5518849903406338,24.834134529287038,1.840473605437237,0.005848993131848502,16.123202726250362,1000000.0,964507.4332377637,31.29280031261529,0.2051364729091785,16.929478927570035,-1.2067492974597325,0.005575585971682816,21.600912623023863,1000000.0,964507.4332383908,0.12950614431553148,1.4019,False
mh201,ok,,0.19,1.954103389386503,0.7645800483280115,4.087548808570576,1.7678399999999992,0.432493918187173,0.432493918187173,6.040187631807039,1.0013723621531132,0.08072756242672427,3.00000002997,15.907392937472956,24.947580599249996,9.04018766177704,0.06574058584022775,28.16352056270713,31.29280031259999,0.594323542198058,24.79084840879328,1.1259191924824363,0.005969834412778326,16.26837305257138,1000000.0,895635.3529379367,31.29280031261507,0.21536342299416306,16.753786525111376,-2.243022127167603,0.0054712939717136595,22.706946205687846,1000000.0,895635.3529383683,0.13068802368882515,1.5866,False
mh20,ok,,0.21,1.7771463512852428,0.8567571702474823,3.6477760258333514,1.7678399999970555,0.48463501801571934,0.48463501801571934,5.879744766196293,0.8765410805292018,0.10623803505688104,3.0000000237348186,12.400649149545186,21.280393939476298,8.879744789931111,0.05354771533032849,28.16352044564686,31.29280022877866,0.45241748189336717,19.76014056135161,2.384513901603179,0.0051714404467029665,18.084571639671175,1000000.0,1003612.3885008572,31.292800247586868,0.18878183290715583,14.828596070852704,0.499556731644264,0.004909814028292147,22.567451252208542,1000000.0,1003612.3891040678,0.08999762396415019,0.969,False
mh22,ok,,0.19,1.6334484099576954,0.8567571813771248,3.6477759784499906,1.7678399999977366,0.484635024311149,0.484635024311149,5.616935303386591,0.7316320387762452,0.1062380603196732,3.0000000299700194,9.552998046657457,18.16993338001407,8.616935333356611,0.0436464957926391,28.163520562709383,31.292800312392593,0.38628962314448867,17.43124150137722,1.982467985386347,0.004787523646555751,20.061339633279403,1000000.0,1003612.4042194637,31.292800312617366,0.18319454633735918,15.327673736634123,0.3005464209749641,0.004480629813449452,23.685277674893,1000000.0,1003612.4042266726,0.0719334266831357,0.6812,False
mh23,ok,,0.19,1.7711596433227426,0.8567571815227396,3.647775977837027,1.7678399999994363,0.48463502439305184,0.48463502439305184,5.838429131232115,0.8699029237498009,0.10623806154164903,3.000000029970005,12.28201089174217,21.12044005294429,8.83842916120212,0.05313521290519361,28.16352056270829,31.292800312510426,0.4490168817144867,20.71364724728343,2.281007752540279,0.0057784384637248965,17.729098122365,1000000.0,1003612.4043928523,31.2928003126163,0.18790346655851758,15.796120891612112,0.3669603383358745,0.004478033474634195,23.78113791955985,1000000.0,1003612.4043962478,0.07984080083775905,0.9542,False
mh24,ok,,0.2,1.7998750931708394,0.8567571815634155,3.6477759776661625,1.7678399999999983,0.4846350244159066,0.4846350244159066,5.993754561053113,0.9584816438759594,0.10623806187255196,3.00000002997,12.851062737205831,21.844817328228945,8.993754591023112,0.05511379354607984,28.16352056270714,31.29280031253669,0.4644170165618606,21.77302218118136,2.8881844247840838,0.006418016645247181,16.992924315782926,1000000.0,1003612.4044410238,31.292800312615086,0.1912056581692729,16.04119398733609,0.5364774761224349,0.004664977332857893,23.29024322944278,1000000.0,1003612.404443538,0.08998362867586804,1.0212240802675585,False
mh25,ok,,0.2,1.8384307263772983,0.8567571804421233,3.647775982384692,1.7678399999865388,0.48463502378532397,0.48463502378532397,6.144752668720802,1.044731907683554,0.10623805736387551,3.0000000295440485,13.61511674317071,22.75986944143556,9.14475269826485,0.0577703923603387,28.16352055476357,31.292800306819387,0.48387086612986663,22.84709459073954,3.054008012178895,0.006734946204333284,16.438286663269402,1000000.0,1003612.4029518104,31.29280030823196,0.19441585197091613,16.347853337958334,0.30618832430942816,0.0050857756777852765,22.21765293072964,1000000.0,1003612.402997114,0.09976406169340198,1.105890635451505,False
mh26,ok,,0.2,1.8501447368710195,0.8567571815670985,3.6477759776504666,1.7678399999999945,0.48463502441799095,0.48463502441799095,6.298954991312342,1.1327873683166911,0.1062380618962644,3.00000002997,13.8472523727491,23.146207394031443,9.298955021282342,0.05857752280595331,28.163520562707163,31.29280031255966,0.49208434298533377,23.053250411537597,2.6301436848252937,0.006706258656907307,16.302755417233357,1000000.0,1003612.4044460767,31.292800312615107,0.1976941662270594,16.418588067488116,0.1832551808948983,0.005605340824977638,21.043131780790702,1000000.0,1003612.4044478551,0.10978946847614088,1.1416371237458194,False
mh27,ok,,0.2,1.8641162870067833,0.8567571814459749,3.6477759781574983,1.7678399999978935,0.4846350243500519,0.4846350243500519,6.452763949880584,1.2210573919373278,0.10623806147261017,3.0000000299182266,14.124125500724043,23.576889480522855,9.45276397979881,0.059540204527311014,28.163520561745326,31.292800311870913,0.5012405693214658,23.711519323106344,2.3977659439843575,0.007109264882566286,15.928093395597848,1000000.0,1003612.404283295,31.292800312086445,0.2009641179654979,16.839347673689975,0.14408633654033512,0.0062691665522306,19.73151592357856,1000000.0,1003612.4042902075,0.11981200851640836,1.1814866220735785,False
mh30,ok,,0.2,1.8437547492502078,0.8567571815683224,3.6477759776452645,1.7678399999999967,0.48463502441868267,0.48463502441868267,5.7410551885179295,0.8033618740457082,0.10623806190503318,3.00000002997,13.720622483007505,22.461677701495436,8.74105521848793,0.058137233488916536,28.163520562707152,31.292800312556924,0.4775313607932594,21.941746233049837,2.305336680266256,0.00509886584502886,17.550759612591282,1000000.0,1003612.4044474214,31.292800312615093,0.18583331346438658,15.984533929187709,-0.12852010462436683,0.004057671427038017,25.09230321785776,1000000.0,1003612.404449287,0.07838249994010468,1.0783,False
mh32,ok,,0.2,1.9458889402288566,0.8567571815751647,3.647775977616142,1.7678399999999992,0.4846350244225524,0.4846350244225524,5.849735977909362,0.8608371194117792,0.10623806195045678,3.00000002997,15.744607834770608,24.59434384264997,8.849736007879361,0.06517458564991845,28.163520562707127,31.29280031259715,0.5228714719778946,24.372642551508658,2.076448021690748,0.005080080839996914,16.553052457560455,1000000.0,1003612.4044567253,31.292800312615068,0.1881438481406457,16.760527046801755,-0.8395538504911794,0.004782708588732077,22.903020055379656,1000000.0,1003612.4044573,0.08695496183776313,1.275628093645485,False
mh33,ok,,0.2,1.8023112987858934,0.8567571815646334,3.64777597766094,1.7678399999999892,0.48463502441659806,0.48463502441659806,5.684750236965301,0.7759065532941638,0.10623806187829028,3.000000029969999,12.899340835181835,21.584091102117135,8.6847502669353,0.05528165542157375,28.163520562707205,31.29280031253751,0.45887402234654334,21.373289474563858,2.6748693262165557,0.005942474857127725,17.4091067869596,1000000.0,1003612.4044424818,31.292800312615164,0.18463627998925036,15.684169460089842,0.4609224881197103,0.003933503369537632,25.50639305055057,1000000.0,1003612.4044449724,0.0726772819840604,0.9971,False
mh38,ok,,0.2,1.9626039303512126,0.8462652574561625,3.693000791494604,1.767839999999998,0.478700141107885,0.478700141107885,5.871733069926122,0.8922361296153118,0.07905889164475045,3.00000002997,16.075847499356488,24.94758059925261,8.871733099896122,0.06632629861431907,28.163520562707152,31.29280031260282,0.5369568449284576,24.36816992026667,0.9266929738223371,0.005043782829591884,16.442640962751117,1000000.0,991322.0783074475,31.292800312615093,0.19094989173044188,17.32394217992783,-2.1697718795032133,0.006998608464093666,18.202084649374907,1000000.0,991322.0783078362,0.09685058004088934,1.336930100334448,False
mh42,ok,,0.2,1.9292721937863493,0.8567571815741822,3.6477759776203253,1.7678399999999992,0.4846350244219967,0.4846350244219967,5.850076557867547,0.8566327235579263,0.10623806194438809,3.00000002997,15.415315057578798,24.265391645416344,8.850076587837547,0.06402964196979036,28.163520562707127,31.29280031259124,0.5158780054858025,24.139682286338513,2.9489038501192044,0.005419300503108476,16.522638519019633,1000000.0,1003612.4044553848,31.292800312615068,0.18815108881152942,16.641843109651344,0.3108465004083431,0.004697805339336884,23.142342491330037,1000000.0,1003612.4044561491,0.0893488267195358,1.245191304347826,False
mh43,ok,,0.19,1.860244242239501,0.8567571815655293,3.647775977655985,1.7678399999997128,0.48463502441718054,0.48463502441718054,5.784573185843077,0.8209491410720645,0.10623806189327915,3.0000000299700034,14.047393488376837,22.831966704189917,8.78457321581308,0.059273409024355204,28.163520562708214,31.29280031255645,0.48540364058151375,22.241212466119222,2.890296260511727,0.0052035226451011,17.306037310396217,1000000.0,1003612.4044442956,31.29280031261624,0.18675849851826745,16.084284822618095,0.39362173906267867,0.0045824943934308715,23.449648866814446,1000000.0,1003612.404446213,0.08493396101837623,1.1125615384615384,False
mh44,ok,,0.2,1.9611792034226248,0.8526276746185864,3.665443145505475,1.7678399999997088,0.482299119048515,0.482299119048515,5.899966716699086,0.9061125497422902,0.07894233038405715,3.0000000278991923,16.04761383927423,24.94758058387251,8.899966744598277,0.06622813074988121,28.16352052382658,31.29280029012801,0.5329500044574265,25.174303621164977,3.2616095076910643,0.006114684231595576,15.898886661007415,1000000.0,998775.0653490738,31.29280029101492,0.190128148899595,16.683734435401124,0.7051499148865926,0.004858048263041043,22.780674330864297,1000000.0,998775.0653773814,0.09654679504433064,1.3194916387959865,False
mh45,ok,,0.2,1.966933510130755,0.8259011129604134,3.7840586682313635,1.7678399999999386,0.46718091736833767,0.46718091736833767,5.7859341227970145,0.8416398233743001,0.07944400444643684,3.000000029970001,16.16164644649865,24.947580599265663,8.785934152767016,0.06662461964986786,28.163520562707575,31.29280031260219,0.5501965253291393,25.22780559657208,3.8482069345790957,0.006224677401141223,15.939364272249279,1000000.0,967467.3520657597,31.29280031261555,0.1937659014020184,16.693811388356878,0.8951197322707521,0.004829039567467073,23.238309078776403,1000000.0,967467.3520661729,0.09844055698731638,1.3945515050167225,False
mh46,ok,,0.2,1.955213253133516,0.856757181575667,3.647775977614004,1.7678399999999994,0.4846350244228365,0.4846350244228365,5.867906915661418,0.865044324746843,0.1062380619531555,3.00000002997,15.929387021382393,24.79729396701381,8.867906945631418,0.06581705878198815,28.163520562707138,31.292800312600356,0.5271861563188499,24.848722879714277,4.244404226147835,0.005681759459649254,16.157192037852344,1000000.0,1003612.4044574164,31.29280031261508,0.18853015911635912,16.860097245490135,1.5158202837497794,0.005096864223078214,22.06819948387778,1000000.0,1003612.4044578887,0.09098221426762587,1.2944063545150502,False
mh49,ok,,0.2,1.8719470694015468,0.8567571815700644,3.647775977637834,1.7678399999999936,0.48463502441966894,0.48463502441966894,5.968228526370957,0.9074285894646361,0.10623806191570775,3.00000002997,14.279307507794835,23.247536064135794,8.968228556340957,0.06007976892430417,28.163520562707184,31.29280031256866,0.4942385728839447,23.346094323033594,4.838952474494663,0.006471300565408151,16.38984314329944,1000000.0,1003612.4044498402,31.292800312615135,0.1906629791106226,16.55893671270481,2.424558601839706,0.0052268566738283345,21.786379909157993,1000000.0,1003612.4044513308,0.10486431204916805,1.1510127090301003,False
mh60,ok,,0.2,1.9592835587374355,0.8548548874875697,3.6558933116533425,1.7678399999999934,0.4835589688476179,0.4835589688476179,5.937532616775461,0.911690992392345,0.08923009423242996,3.0000000299700007,16.010047952267975,24.947580599013435,8.937532646745462,0.06609751504901448,28.163520562707358,31.292800312600676,0.5315614723189253,25.19706753520423,3.5411903337868655,0.006046350439681679,15.923844997302744,1000000.0,1001384.0415270729,31.292800312615313,0.1904332163089715,16.77410087864259,0.7832267997354865,0.0048504218040357,22.782514845035532,1000000.0,1001384.0415275414,0.10075977134401726,1.3134484949832774,False
mh61,ok,,0.2,1.8382957979881982,0.8567571654721707,3.64777604614302,1.7678399999917347,0.4846350153159655,0.4846350153159655,5.999743333263465,0.9336986816181572,0.10623802625284014,3.0000000205855946,13.61244306408119,22.612186417930253,8.999743353849059,0.057761095801154586,28.163520386521434,31.29280019566842,0.48073116254503206,22.11829419666207,3.3562030234583955,0.005472065018920155,17.243437200205054,1000000.0,1003612.381848138,31.29280021474129,0.1913329830137801,16.170708951523256,1.1657293613330335,0.004704478397523222,23.18088295439529,1000000.0,1003612.3824598368,0.10234123333996005,1.0922260869565217,False
mh62,ok,,0.2,1.9328465935256633,0.8567571815743675,3.6477759776195384,1.7678399999999996,0.4846350244221014,0.4846350244221014,5.866810763037169,0.8604057236470455,0.10623806194551107,3.00000002997,15.486148660355656,24.352959453362825,8.866810793007168,0.06427592883502832,28.163520562707127,31.29280031259254,0.5177396818504191,24.490365663364308,3.519990961116929,0.0059740161551572425,16.19769790073734,1000000.0,1003612.4044556434,31.292800312615068,0.1885068551025271,16.627533863707814,0.7414319843385044,0.004712492346323386,23.107431140089403,1000000.0,1003612.4044563659,0.09287121023889292,1.25329364548495,False
mh64,ok,,0.2,1.894889185632746,0.8567571815721794,3.6477759776288523,1.7678399999999992,0.48463502442086376,0.48463502442086376,5.773380040000619,0.8106462345894148,0.10623806193190387,3.00000002997,14.733949648153915,23.50732971812453,8.773380069970619,0.06166054955898263,28.16352056270713,31.292800312578294,0.49976174077587315,23.472046389042852,3.451052673559249,0.005907966292553436,16.59007658934812,1000000.0,1003612.4044526236,31.29280031261507,0.18652053418325787,16.36666699105155,0.7108863778606586,0.004566870513221702,23.491256971159586,1000000.0,1003612.4044538031,0.08582480108010852,1.1750505016722408,False
mh70,ok,,0.2,1.9670332506676753,0.7711388727387896,4.05278267778186,1.767839999999999,0.4362039962546328,0.4362039962546328,5.78395757229197,0.8508050702564127,0.08058052551606623,3.00000002997,16.163622996992327,24.947580599254298,8.783957602261971,0.06663149207208437,28.16352056270713,31.292800312604385,0.5892685982776801,24.845629208457666,2.3113187691408488,0.005780536360852864,16.33082686266436,1000000.0,903318.4137619123,31.29280031261507,0.20747945328881232,17.116086856179777,-0.8776479906191155,0.006063863942883979,21.127078267118105,1000000.0,903318.4137622208,0.11074277414869481,1.5646,False
mh78,ok,,0.2,1.9527422850866976,0.7692192738246577,4.062896461318253,1.7678399999999994,0.4351181519960279,0.4351181519960279,6.06716053029057,0.9868762092841209,0.08062330101582409,3.00000002997,15.880420038988797,24.94758059924937,9.06716056026057,0.06564680167065826,28.16352056270713,31.292800312599528,0.5907391274231801,25.965688950460525,5.115099467981505,0.009062982507441388,14.977688995008188,1000000.0,901069.7798159639,31.29280031261507,0.2147032453211116,17.280995393575193,1.9398289273019862,0.007347863980806885,18.8988048761839,1000000.0,901069.7798164114,0.14447753908181007,1.571,False
mh80,ok,,0.2,1.9651108635946932,0.7535388656973361,4.147441370138006,1.7678399999999996,0.42624834017633734,0.42624834017633734,5.822053368016859,0.8602648695392763,0.08098086989119133,3.00000002997,16.1255272012666,24.94758059925346,8.82205339798686,0.06649903383559469,28.163520562707127,31.292800312603756,0.6030318319357145,25.56412720828987,3.9870266473454583,0.00777388839023077,15.548340208554743,1000000.0,882701.620853479,31.292800312615068,0.21324629059132336,17.091296799188296,1.0661469659832756,0.006444154407010314,20.659399695252358,1000000.0,882701.6208537981,0.12702528738651936,1.6245,False
mh81,ok,,0.2,1.967696487411799,0.7343716127099654,4.255690459040519,1.7678399999999996,0.4154061525420658,0.4154061525420658,5.770814261105161,0.8330429318095173,0.08143868654444296,3.00000002997,16.176766308179243,24.947580599254405,8.770814291075162,0.06667719107346472,28.163520562707127,31.292800312604623,0.6187710891211717,25.4058986788333,3.4155235179062218,0.0075161346307783495,15.730423105412774,1000000.0,860248.943162348,31.292800312615068,0.21754118760224342,17.066909886173594,0.37334624956431917,0.0064659926424397145,20.91950956450402,1000000.0,860248.9431626351,0.1298316584350984,1.693,False
mh82,ok,,0.2,1.9699540408472456,0.7162071317976647,4.363623492209114,1.7678399999999996,0.40513119501632777,0.40513119501632777,5.72607649953579,0.809235786268865,0.08189511447967586,3.00000002997,16.22150406974943,24.947580599255218,8.72607652950579,0.06683274327782729,28.163520562707127,31.292800312605372,0.6344643922710677,25.147269121761465,2.989699751689587,0.007414452963884539,15.84525711761903,1000000.0,838970.9209220522,31.292800312615068,0.2219207117168536,17.3466526921741,-0.33454031382666277,0.007835284185887153,18.763958035902828,1000000.0,838970.9209223121,0.13302375096168664,1.7613,False
mh83,ok,,0.2,1.980402917075412,0.6738892401462635,4.637643813576369,1.7678399999999996,0.38119356963654155,0.38119356963654155,5.519011928649054,0.6969046936227583,0.07695489102799132,3.00000002997,16.428568640639472,24.947580599258526,8.519011958619053,0.06755270219657665,28.163520562707127,31.29280031260881,0.6743065411128153,24.877816265124924,1.8582263142096205,0.007441285172704327,16.010331133012322,1000000.0,789399.3948174731,31.292800312615068,0.2302598227775065,17.646772383372376,-1.9843107902835566,0.009664879316302897,16.797137005042813,1000000.0,789399.3948176309,0.13291105784736967,1.9347,False
mh84,ok,,0.2,1.9765197684552367,0.6883855174378861,4.539982591777862,1.7678399999999996,0.38939356357921884,0.38939356357921884,5.595963984082405,0.7354538119907915,0.07873384645303581,3.00000002997,16.351616585204898,24.947580599257304,8.595964014052406,0.06728514160720071,28.163520562707127,31.292800312607547,0.6601067441213075,25.374704750464577,1.678492653637137,0.008343907523506229,15.60928184289614,1000000.0,806380.4531863639,31.292800312615068,0.22744705825567135,17.460711766714482,-2.0122688410911302,0.008652417873987432,17.93392690231183,1000000.0,806380.4531865577,0.13714505305037455,1.8729,False
mh91,ok,,0.19,1.9353064744286743,0.8155310323341864,3.8321757746651515,1.7678399999996413,0.4613149562937551,0.4613149562937551,6.412684636297131,1.1782117333452233,0.07964747557170249,3.0000000298435316,15.534895932325876,24.947580598466537,9.412684666140663,0.06444542201468192,28.1635205603391,31.2928003111516,0.5571926813625456,25.624348299443444,4.8863213440122255,0.008016013324070332,15.195112161378598,1000000.0,955319.754341083,31.292800311303107,0.21022796127022414,17.188614321834685,1.791072055397212,0.006722782391178551,19.46251853329926,1000000.0,955319.7543457083,0.1496584176212845,1.425,False
mh92,ok,,0.2,1.9307165981416254,0.8212203175982149,3.8056270633197125,1.7678399999999366,0.46453316906408065,0.46453316906408065,6.503641703194659,1.2265530201958017,0.07953516952634271,3.0000000242026976,15.44393882687522,24.947580554272577,9.503641727397357,0.06412916602799633,28.163520454425612,31.292800247938146,0.5533325393134616,25.57298958920944,4.976321291192183,0.008100663531149124,15.136841331746021,1000000.0,961984.227917673,31.292800252460623,0.21078894591566252,17.121102293328313,1.9305665438178286,0.0068277632710840325,19.237712466950804,1000000.0,961984.2280567002,0.15470607417272753,1.4082,False
mh93,ok,,0.2,1.9260106850978842,0.8270587144116744,3.778762270610159,1.7678399999994847,0.46783572857946165,0.46783572857946165,6.596898102208717,1.2764011520384275,0.07942146680338982,3.0000000127963387,15.350682350080643,24.9475804650857,9.596898115005056,0.06380491502544969,28.16352024028334,31.29280011901521,0.5494264407773383,25.671741272419403,5.085311280298725,0.008237113146519912,15.05651975073687,1000000.0,968823.369927268,31.292800133503732,0.2113547474453613,17.252328904313345,2.090819449045631,0.006954021892835347,18.981049455207437,1000000.0,968823.3703758317,0.1597011816205216,1.3912,False
mh94,ok,,0.2,1.923267348506367,0.8206750572543857,3.8081555397281424,1.7678399999999999,0.46422473597971864,0.46422473597971864,6.651263065494177,1.320290324796602,0.07954591896657358,3.00000002997,15.296317503774015,24.947580599238194,9.651263095464177,0.06361589011546373,28.163520562707127,31.292800312589062,0.5537001747520154,25.831141909664524,3.167002199584514,0.00832879452457154,15.045224619970018,1000000.0,961345.5074566683,31.292800312615068,0.21420538321421403,17.059895398508445,-0.344341111508822,0.006097652659106333,20.678058721903287,1000000.0,961345.5074574671,0.16016579758954022,1.4098,False
mh95,ok,,0.2,1.9178638712391014,0.8344216501275238,3.7454184765248706,1.7678399999999996,0.47200066189673495,0.47200066189673495,6.758343355968013,1.3874166984706013,0.07928058329260547,3.00000002997,15.189237213297965,24.947580599235977,9.758343385938012,0.06324357432131733,28.163520562707127,31.29280031258706,0.5445782986898103,25.70352642031862,3.4592134356516846,0.0080751952979645,15.09375811524394,1000000.0,977448.3793358115,31.292800312615068,0.21301392405555838,16.930195322023646,-0.10760052074638699,0.005856268768162121,21.005225567316426,1000000.0,977448.3793366863,0.15843908570632156,1.3701,False
mi-strut1,ok,,0.2,1.6540995348638223,0.8567571772349583,3.6477759960557554,1.767839999990431,0.48463502197008534,0.48463502197008534,9.229244851233842,2.6802533194899607,0.10623802224249063,3.000000029946327,9.962239789857216,22.191484671037387,12.229244881180168,0.0450694202531373,28.163520562263308,31.29280031206701,0.4717871063566821,23.88515969520257,6.132193487786336,0.013480100156370675,13.456140450007188,1000000.0,1003612.3993610012,31.29280031236887,0.259991620244575,18.58132102354337,3.6979444024156414,0.011992109772908384,14.018755144748521,1000000.0,1003612.3993706823,0.3295513535911602,1.0533,False
mi-vawt1,ok,,0.2,1.9101881890431889,0.7605225169063017,4.109356654308024,1.7678399999999992,0.4301987266417221,0.4301987266417221,6.910451755518053,1.452197578923499,0.08081979425837443,3.00000002997,15.03712881374582,24.947580599233873,9.910451785488053,0.06271469679097237,28.16352056270713,31.29280031258417,0.597494370666237,26.162885106196086,4.152158965629366,0.01051534802149557,14.48786527928919,1000000.0,890882.3272799546,31.29280031261507,0.23735524689549847,17.5347359381266,1.3073621914228517,0.008569850036864255,17.68850087871514,1000000.0,890882.3272808343,0.2099847631000045,1.6004,False
miley,ok,,0.2,1.9532501845882002,0.821400448802998,3.804792498169708,1.7678399999996828,0.46463506245086966,0.46463506245086966,6.057095285244806,0.9807061012762167,0.0795316142008485,3.000000021190171,15.890485226850355,24.947580533285333,9.057095306434977,0.0656817978732755,28.163520397875875,31.29280021648977,0.5532111954186186,25.195448407388355,1.674716218931849,0.008846760195736878,14.83330535473281,1000000.0,962195.2341242348,31.292800221051046,0.2008405790389122,18.738899552725268,-1.1813050292721226,0.012898268193393151,12.06407547200209,1000000.0,962195.2342644855,0.1285567808619881,1.4076719063545153,False
mrc-16,ok,,0.2,1.9412993856287388,0.7959042076142084,3.9266763961048308,1.7678399999997825,0.4502128063706593,0.4502128063706593,6.293923386797058,1.1369334416194763,0.08004686495053016,3.0000000228463914,15.653657135053285,24.947580544696734,9.29392340964345,0.06485835189651036,28.163520428965317,31.292800233620156,0.5709329333414667,24.85564560283615,2.246496806472869,0.006123993000338202,16.089975619738844,1000000.0,932328.7282360237,31.292800238318943,0.21269425078490176,16.973962574899108,-1.1312611655999765,0.0058858218913434785,21.353758363616368,1000000.0,932328.7283760179,0.1390057258749029,1.4848,False
mrc-20,ok,,0.2,1.9309681189142363,0.7986684245934413,3.913086043423961,1.7678399999999994,0.451776419016111,0.451776419016111,6.498657494791978,1.2560313712270275,0.07998970450618233,3.00000002997,15.448923074479305,24.947580599241284,9.498657524761978,0.06414649629887711,28.163520562707138,31.292800312591833,0.5689569145639649,24.756398469169408,1.7506239173244558,0.006327744593311924,15.988267098115202,1000000.0,935566.7570782197,31.29280031261508,0.21662729402884986,17.77939913594667,-1.9644993101822248,0.008076218630958086,17.58670922532164,1000000.0,935566.7570789147,0.15583858813640117,1.4762,False
mrc12,failed,airfoil 'mrc12' not found in the aerosandbox UIUC database,0.0,,,,,,,,,,,,,,,,,,,,,,,,,,,,,,,,,,
mrc15,failed,airfoil 'mrc15' not found in the aerosandbox UIUC database,0.0,,,,,,,,,,,,,,,,,,,,,,,,,,,,,,,,,,
mrc16-85,failed,airfoil 'mrc16-85' not found in the aerosandbox UIUC database,0.0,,,,,,,,,,,,,,,,,,,,,,,,,,,,,,,,,,
mrc16-95,failed,airfoil 'mrc16-95' not found in the aerosandbox UIUC database,0.0,,,,,,,,,,,,,,,,,,,,,,,,,,,,,,,,,,
mrc20-700,failed,airfoil 'mrc20-700' not found in the aerosandbox UIUC database,0.0,,,,,,,,,,,,,,,,,,,,,,,,,,,,,,,,,,
mrc20-846,failed,airfoil 'mrc20-846' not found in the aerosandbox UIUC database,0.0,,,,,,,,,,,,,,,,,,,,,,,,,,,,,,,,,,
ms313,ok,,0.2,1.9621491810904823,0.7173241759223861,4.3568282939597305,1.7678399999999996,0.4057630644868236,0.4057630644868236,5.880744800803151,0.9226728598923666,0.08186641080471199,3.00000002997,16.066835768479415,24.947580599252564,8.88074483077315,0.06629496502600703,28.163520562707127,31.292800312602758,0.6334763805108449,25.77665855982169,2.1621218404755562,0.008451214369208695,15.440386998141722,1000000.0,840279.4355910216,31.292800312615068,0.22550251192705606,16.86405599176593,-1.4227892903959083,0.005833717361861003,22.63690580136959,1000000.0,840279.435591352,0.13134880000000002,1.757,False
ms317,ok,,0.2,1.939461782783158,0.7306545804809891,4.277340276909841,1.7678399999999994,0.41330356846829425,0.41330356846829425,6.3303392157865,1.1578619601689963,0.08153025346425945,3.00000002997,15.617241353488255,24.94758059924476,9.3303392457565,0.06473173522043747,28.163520562707127,31.292800312594903,0.621918940571326,25.346834775970816,1.845744517762803,0.007887351259753723,15.59904503561655,1000000.0,855894.781057589,31.292800312615068,0.23259629028155682,17.049191592419156,-1.4114922087657842,0.006644688800000708,20.9204962044839,1000000.0,855894.7810581404,0.170014,1.7067,False
mue139,ok,,0.2,1.9649608324675474,0.716804187395008,4.359988851289689,1.7678399999999999,0.4054689267100009,0.4054689267100009,5.825026523242806,0.8668377985224502,0.08187902581937193,3.00000002997,16.122554046040687,24.94758059925349,8.825026553212805,0.06648869624084094,28.163520562707127,31.292800312603703,0.6339359208651181,25.75845504066471,2.0270706077268423,0.009588180577413969,15.02651085414239,1000000.0,839670.316756125,31.292800312615068,0.22425025594800246,17.740246216361513,-1.7646833146594447,0.009752832426099806,16.212241907912194,1000000.0,839670.31675643,0.13893420834900339,1.759,False
n0009sm,ok,,0.21,1.901523187771745,0.8567571815712864,3.6477759776326266,1.7678399999999925,0.4846350244203605,0.4846350244203605,5.927075597419732,0.9065108422508925,0.10623806192355924,3.00000002997,14.865415154702237,23.792490782091967,8.927075627389732,0.06211765220836597,28.16352056270717,31.29280031258061,0.5058242153933382,24.91727329668678,4.134914497440104,0.008419444594511187,15.223426882747606,1000000.0,1003612.4044516557,31.292800312615114,0.1897880749992828,16.661692215166862,1.7169282362314222,0.005343449996633267,21.479453444372144,1000000.0,1003612.4044527622,0.09015811887655127,1.2014354515050167,False
n0011sc,ok,,0.2,1.894187506605682,0.8567571814698797,3.6477759780570667,1.76783999999822,0.48463502436348443,0.48463502436348443,6.345827232991668,1.1587297100042093,0.10623806157215,3.0000000299225325,14.720044530242447,24.065871793156646,9.3458272629142,0.06161220177114243,28.16352056182359,31.29280031196035,0.5116362482157677,26.378483623133633,4.47723693455949,0.011296310952268329,13.949814303731028,1000000.0,1003612.4043139804,31.292800312128488,0.19869066195964655,16.988691881388288,1.4065233640830042,0.006441469917191687,19.34832745145609,1000000.0,1003612.404319373,0.109566,1.2267304347826087,False
n0012,ok,,0.2,1.9463682996687033,0.830601744239174,3.762643513904541,1.7678399999998093,0.46983988609787286,0.46983988609787286,6.193473305671266,1.0745845273107513,0.07935342927407107,3.000000029970009,15.754107263666683,24.94758059930796,9.193473335641276,0.06520761495339612,28.163520562709614,31.292800312584905,0.5470827936113656,26.090831501792735,4.916600291668981,0.008370149215640109,14.987153982565978,1000000.0,972973.7101812172,31.292800312617732,0.20160636641329535,17.038407674113017,1.882215051632691,0.005775338561282449,21.00971614217927,1000000.0,972973.7101822378,0.12003129744677939,1.381,False
n10,ok,,0.2,1.9597657423541137,0.7854388373194423,3.9789963484183257,1.767839999999999,0.44429294354661214,0.44429294354661214,5.927977221630142,0.9378660472658655,0.08026846078418144,3.00000002997,16.019603347651383,24.947580599251523,8.927977251600142,0.066130738946755,28.163520562707138,31.292800312601923,0.5785401752822036,24.946883653287234,-0.20720398672569887,0.006698928485628203,15.872202859643624,1000000.0,920069.5098075742,31.29280031261508,0.20704186137419914,17.42229368421229,-3.5872807798616284,0.007704770721824133,17.980197367937937,1000000.0,920069.509807961,0.1122,1.517908026755853,False
n11,ok,,0.2,1.9632026100077096,0.7755551396998042,4.029704795470342,1.767839999999992,0.4387021108809664,0.4387021108809664,5.859869081548355,0.9026969473774771,0.08048290458771763,3.00000002997,16.08771148773828,24.947580599256632,8.859869111518355,0.06636754943869054,28.163520562707212,31.29280031260286,0.5859131083730986,24.77818995497671,-0.4899438705416083,0.006318415223722062,16.075081125277716,1000000.0,908491.665178707,31.292800312615164,0.20808083694729204,17.666486660942567,-3.9462016738580226,0.008265013900106963,17.246443389535226,1000000.0,908491.665179064,0.1094,1.549996321070234,False
n11h9,failed,Maximum_Iterations_Exceeded,1.16,,,,,,,,,,,,,,,,,,,,,,,,,,,,,,,,,,
n12,ok,,0.2,1.9175434309536983,0.8567571815727055,3.6477759776266034,1.767839999999997,0.48463502442116196,0.48463502442116196,6.141083090077652,1.0268364055591304,0.1062380619330436,3.00000002997,15.182887072982098,24.32397019302975,9.141083120047652,0.06322149502433212,28.16352056270716,31.292800312586756,0.5171233752195314,25.789714359634136,4.540090763750942,0.009373176603709954,14.648929363643024,1000000.0,1003612.4044535125,31.292800312615103,0.19433783706688382,17.081305477778184,2.1297785833815057,0.0065016181856750056,19.12131362997457,1000000.0,1003612.4044544216,0.1046,1.2506113712374582,False
n13,ok,,0.21,1.8850567125046511,0.8567571815694954,3.647775977640262,1.7678399999999947,0.48463502441934675,0.48463502441934675,6.347034448131612,1.1424771185892029,0.10623806191311584,3.00000002997,14.539100289754215,23.886134767855825,9.347034478101612,0.06098306266303745,28.163520562707152,31.29280031257425,0.5078150702428492,25.040704365519506,4.711120129385446,0.00869369566826784,15.07021250654608,1000000.0,1003612.4044493524,31.292800312615093,0.19871632711520468,16.666548031703897,1.9002173340607569,0.005350228700288303,21.649284488231903,1000000.0,1003612.4044506623,0.118,1.2101,False
n14,ok,,0.2,1.9265549161977886,0.8567571815729116,3.647775977625737,1.7678399999999996,0.4846350244212778,0.4846350244212778,6.334165743734387,1.137147011153217,0.10623806193646079,3.00000002997,15.361466978074539,24.695632751778923,9.334165773704386,0.06384241339210577,28.163520562707127,31.29280031259026,0.5250248565686678,26.124459314586343,5.043851150374549,0.009136164193595074,14.639946061241494,1000000.0,1003612.4044538648,31.292800312615068,0.19844274069740245,17.014731066539582,2.1828760209374765,0.006046211535371347,20.117195344936857,1000000.0,1003612.4044546604,0.1148,1.285,False
n1h15,failed,airfoil 'n1h15' not found in the aerosandbox UIUC database,0.0,,,,,,,,,,,,,,,,,,,,,,,,,,,,,,,,,,
n22,ok,,0.2,1.9599151202675202,0.7541769207304346,4.143932517284044,1.7678399999999999,0.42660926369492413,0.42660926369492413,5.925017011090414,0.9361475125367266,0.08096602881208867,3.00000002997,16.022563558191205,24.94758059925162,8.925017041060414,0.06614103153312248,28.163520562707127,31.292800312601997,0.6025216499281617,24.632406710374315,-0.44781784459331003,0.006145489502717198,16.227490542796346,1000000.0,883449.0437635782,31.292800312615068,0.21555260526439568,17.39624001320813,-3.8794064998651145,0.007796009798262144,18.326899885199257,1000000.0,883449.0437639472,0.1237,1.6222795986622074,False
n2414,ok,,0.2,1.9439203078770744,0.782829732411713,3.9922580047794245,1.767839999999999,0.44281707191358577,0.44281707191358577,6.2419849693394305,1.1029477710317828,0.08032454835037552,3.00000002997,15.705595599936874,24.947580599246304,9.24198499930943,0.06503894097498356,28.163520562707138,31.292800312596416,0.5804684004737262,25.077293877132384,3.127827932498137,0.006695745379229242,15.88328211165975,1000000.0,917013.1828734357,31.292800312615082,0.2150380967165566,17.117274364549402,-0.2577630214672208,0.006319085256011694,20.64567212580376,1000000.0,917013.1828739827,0.13999151621078038,1.5263,False
n2415,ok,,0.2,1.9375270661335273,0.7843821651469943,3.9843566114412035,1.7678399999999979,0.4436952241984542,0.4436952241984542,6.368679345777365,1.1700654490280473,0.08029112990931951,3.00000002997,15.578901223497134,24.9475805992445,9.368679375747366,0.06459842743912791,28.163520562707152,31.292800312594096,0.579319549586103,25.010724780974122,3.145383259784391,0.006863605703773892,15.804802052803735,1000000.0,918831.7153394147,31.292800312615093,0.21755452776576775,17.078212662360574,-0.23425378612891026,0.006598627730105259,20.1440369298749,1000000.0,918831.7153400311,0.1499911151768592,1.5213,False
n24,ok,,0.2,1.9427226820220647,0.7196211167278223,4.342921841719725,1.7678399999999996,0.4070623567335406,0.4070623567335406,6.265718228145008,1.1130437294702469,0.08180758290553203,3.00000002997,15.681862341130897,24.947580599245907,9.265718258115008,0.06495642096069586,28.163520562707127,31.292800312596057,0.6314544029537956,25.41377160015403,-0.8755376772601395,0.009058833456296569,15.20445694179288,1000000.0,842970.0909296159,31.292800312615068,0.2345268939941152,17.72065385391712,-4.186237972661017,0.00974936038142152,16.482701733669796,1000000.0,842970.0909301281,0.1702,1.7482,False
n2h15,failed,airfoil 'n2h15' not found in the aerosandbox UIUC database,0.0,,,,,,,,,,,,,,,,,,,,,,,,,,,,,,,,,,
n5h10,ok,,0.2,1.8675479649804254,0.8567571805064134,3.647775982084487,1.767839999980122,0.4846350238234495,0.4846350238234495,6.0221036918937125,0.9686354932104997,0.106238059974389,3.000000029444272,14.192130807486443,23.214234528824427,9.022103721337984,0.059776657456294346,28.16352055293062,31.292800305531856,0.4935305888716508,23.16753057942635,4.080662437678853,0.006391007607820529,16.44713996735054,1000000.0,1003612.4029894697,31.292800307236114,0.19180835604936466,16.536246321538126,1.2496251243697867,0.005454171486983632,21.26180245556806,1000000.0,1003612.4030441282,0.09899999999999999,1.1479314381270904,False
n5h15,ok,,0.2,1.7801473915439279,0.8567571815577866,3.647775977690102,1.7678399999999919,0.48463502441272427,0.48463502441272427,6.758383642517328,1.3665304692986884,0.10623806182999199,3.00000002997,12.460120402085579,22.218504074572905,9.758383672487327,0.05375449572088068,28.16352056270717,31.292800312526502,0.4723615317909276,22.144294401387235,3.764492622192997,0.00721364233645986,16.374590141251044,1000000.0,1003612.4044341068,31.292800312615114,0.20746153943769322,16.516595960436195,1.3990852112568675,0.006148882831083249,20.09907810332207,1000000.0,1003612.4044369487,0.1542,1.0558,False
n5h20,ok,,0.23,1.6630543716394615,0.8567571815250541,3.647775977829484,1.7678399999999963,0.4846350243942076,0.4846350243942076,7.3757276667364335,1.7104050512690665,0.10623806156835536,3.00000002997,10.139697096143768,20.5154247928502,10.375727696706434,0.04568643537040334,28.16352056270713,31.292800312455995,0.436154362525077,21.05801335498094,2.1652410345648145,0.009976896289684498,15.346146663331014,1000000.0,1003612.4043935,31.29280031261507,0.22058616601601694,17.866676660059838,-1.4711509312331401,0.01094374272126924,14.08460896187725,1000000.0,1003612.4043986017,0.19899999999999998,0.8982200668896321,False
n63010a,ok,,0.26,1.767380612209857,0.8567571815596603,3.6477759776821497,1.7678399999999979,0.48463502441378253,0.48463502441378253,6.023383107941073,0.9617629698393861,0.10623806184606292,3.00000002997,12.207122124880184,21.230505262791258,9.023383137911072,0.0528748263244253,28.16352056270713,31.292800312520136,0.45135684891073535,22.07155252615267,4.261771733839392,0.008553681230920925,15.945587494717323,1000000.0,1003612.404436094,31.29280031261507,0.19183555592315776,15.961432322354701,1.7598762526656584,0.005047036480966048,22.26725452137019,1000000.0,1003612.4044391388,0.0999,0.9643839464882943,False
n63012a,ok,,0.2,1.8672372791327252,0.8567571815686037,3.64777597764406,1.7678399999999952,0.4846350244188422,0.4846350244188422,6.289453084421227,1.104847649521801,0.10623806190610965,3.00000002997,14.185973958836936,23.47542707322816,9.289453114391227,0.05975525024541163,28.16352056270716,31.292800312566925,0.49908349609719405,24.513141258405785,4.73427735143124,0.008573516732103397,15.251297312143963,1000000.0,1003612.4044480725,31.292800312615103,0.19749215733903558,16.660884068531068,1.7722841778044311,0.005514914137764144,21.243607298402434,1000000.0,1003612.4044496178,0.1199,1.172098662207358,False
n63015a,ok,,0.2,1.878101880231884,0.8567571815685501,3.6477759776443053,1.7678399999999992,0.4846350244188108,0.4846350244188108,6.685881351927761,1.31761800369123,0.10623806190831833,3.00000002997,14.401276917295121,24.087158299192883,9.685881381897762,0.06050385385494704,28.163520562707127,31.29280031257162,0.512088795552283,24.583493171442345,4.6658923758935344,0.007729124725568945,15.445457281272521,1000000.0,1003612.4044481581,31.292800312615068,0.2059201533487134,16.952907944165137,1.8205151037839442,0.006205469553817586,19.95978787901922,1000000.0,1003612.4044495515,0.14992,1.2287,False
n63210,failed,too few converged polar points,0.01,,,,,,,,,,,,,,,,,,,,,,,,,,,,,,,,,,
n63212,ok,,0.19,1.9372579771369414,0.8567571815739113,3.647775977621477,1.7678399999999987,0.4846350244218436,0.4846350244218436,6.228370017262289,1.0624210033193884,0.10623806194174543,3.00000002997,15.573568707694209,24.8019387549265,9.22837004723229,0.06457988639999618,28.163520562707138,31.292800312594046,0.5272849037032195,24.914750822766077,3.0864880929220555,0.0061900282017678145,15.907498770748095,1000000.0,1003612.4044551579,31.292800312615082,0.19619354195524114,16.951409223934203,0.17789883818780203,0.005573042831524178,21.084505880211843,1000000.0,1003612.4044558326,0.11999387677758636,1.2948361204013377,False
n63215,ok,,0.2,1.929334658738429,0.8493290757908801,3.6796788838175543,1.7678399999999945,0.4804332268705781,0.4804332268705781,6.531027648578002,1.244522980689616,0.07900254832228813,3.0000000299700007,15.416552920696333,24.947580599244333,9.531027678548003,0.06403394599238299,28.163520562707344,31.29280031259028,0.535019859285114,25.103675208478986,3.092681940142364,0.006645528798815582,15.662861367352855,1000000.0,994911.0602868363,31.292800312615295,0.20440014482064406,17.144408502734787,0.24868641661290194,0.006270330810650583,19.87164559750991,1000000.0,994911.0602876316,0.14998597887046866,1.3285,False
n63215b,ok,,0.2,1.9435840375463107,0.7734913771088752,4.040456504223046,1.7678399999999987,0.43753471870128274,0.43753471870128274,6.248648812438269,1.0973744334763775,0.080528395160044,3.00000002997,15.698931756838133,24.9475805992464,9.248648842408269,0.06501577094038295,28.163520562707138,31.292800312596306,0.587476390900147,26.090962200886672,3.520814559557727,0.009297238231686954,14.869904186940527,1000000.0,906074.1567167784,31.292800312615082,0.2177911730165261,17.16119122932313,0.22218567238087358,0.006888458243387344,19.72663594067732,1000000.0,906074.1567173221,0.1504,1.5568,False
n63412,ok,,0.2,1.9546354024995398,0.8155646637151712,3.8320177475105175,1.7678399999997123,0.46133398028967776,0.46133398028967776,6.029644769245017,0.9823082041950494,0.07964682456203515,3.000000029970008,15.917935800133419,24.947580599348445,9.029644799215024,0.06577724313974619,28.163520562710865,31.292800312584585,0.5571697044190316,25.023588456687296,1.8808900677329057,0.00595900787073178,16.09804445525418,1000000.0,955359.1504609039,31.292800312619136,0.20166462650415218,17.076720999335087,-1.234185016779748,0.005626413380261782,21.499563495436345,1000000.0,955359.1504619587,0.11999086204417966,1.4249,False
n63415,ok,,0.19,1.9387775990642417,0.8080008109623021,3.867890010997773,1.7678399999997705,0.45705539582903826,0.45705539582903826,6.343897340988453,1.147229560830453,0.07979832984229426,3.000000019401812,15.60368315774359,24.947580518133854,9.343897360390265,0.06468459339507922,28.16352036429324,31.292800195119284,0.5623854807782344,25.072288681720874,1.8313477115396417,0.006596404874126945,15.834425915876814,1000000.0,946498.7876235358,31.292800202391255,0.210636546616326,17.150855925921523,-1.1849979222201918,0.006285513897987996,20.36616241862275,1000000.0,946498.7878434878,0.1499810962264027,1.4476,False
n64008a,ok,,0.2,1.6460592412262942,0.856757181540023,3.647775977764235,1.7678399999996288,0.4846350244027756,0.4846350244027756,5.7539436996511615,0.8194283290317447,0.10623806170767351,3.0000000299700025,9.80290591311512,18.55684964273628,8.753943729621163,0.044515419899544245,28.163520562707387,31.29280031243876,0.3945153955129452,19.689721525209443,3.575372367973129,0.008795161442782204,16.516739536589746,1000000.0,1003612.4044106904,31.29280031261533,0.18610732097523683,15.432500008243405,1.794463847866406,0.004734335517809545,22.997409549777178,1000000.0,1003612.4044163533,0.07996,0.717,False
n64012,ok,,0.2,1.8232756415857034,0.856757168216767,3.6477760344672503,1.7678399999941028,0.4846350168678302,0.4846350168678302,6.23186365270977,1.0696314962873128,0.10623803091316832,3.0000000224173786,13.314789749899967,22.546653425027117,9.23186367512715,0.05672616188041894,28.16352042091072,31.292800216772527,0.4793379402970905,23.525199684851614,4.3702038562636805,0.008880942263845545,15.383972373676508,1000000.0,1003612.3857386801,31.292800233844396,0.19626781992323988,16.406072189721435,1.7132406597500554,0.00567538887242904,20.856751688598614,1000000.0,1003612.3862862035,0.11962,1.08616254180602,False
n64012a,ok,,0.2,1.8537802592631003,0.8567571815676571,3.6477759776481076,1.7678399999999994,0.48463502441830564,0.48463502441830564,6.2871297112562194,1.1079917757615323,0.10623806190235298,3.00000002997,13.919297238401443,23.206426979627665,9.28712974122622,0.05882802120533494,28.163520562707127,31.29280031256147,0.4933646008997181,24.331048707524555,4.708728015531182,0.00882979646069235,15.213224309999992,1000000.0,1003612.4044467865,31.292800312615068,0.1974427628299114,16.604582783487015,1.7760469138401898,0.005510887703893299,21.251822207074095,1000000.0,1003612.4044485055,0.11986,1.1472090301003344,False
n64015,ok,,0.2,1.8491498615516377,0.856757181566271,3.647775977654007,1.7678399999999987,0.4846350244175217,0.4846350244175217,6.612239030832867,1.2723497569623294,0.10623806189246483,3.00000002997,13.827537005603453,23.43977606640632,9.612239060802867,0.058508972911822006,28.163520562707138,31.292800312559415,0.4983255618951426,23.705785446483354,4.364560969785999,0.007486448819447346,15.787963300758133,1000000.0,1003612.4044450972,31.29280031261508,0.20435453041264326,16.87174672612664,1.7522810640268625,0.006360213911871585,19.632077063253956,1000000.0,1003612.4044468824,0.14964,1.1688,False
n64015a,ok,,0.2,1.8684883203903284,0.8567571815677436,3.647775977647739,1.7678399999999992,0.4846350244183546,0.4846350244183546,6.684015164690272,1.3223304317715172,0.106238061902939,3.00000002997,14.210765746538652,23.894780941198924,9.684015194660272,0.059841450741184334,28.163520562707127,31.292800312567675,0.5079988863853989,24.4890343017823,4.674853534034774,0.007999990732724492,15.384111579105452,1000000.0,1003612.4044470869,31.292800312615068,0.20588047853285593,16.901201692547787,1.8187967377876562,0.006187146294686399,19.994523938774456,1000000.0,1003612.4044486069,0.14974,1.2109,False
n6409,ok,,0.2,1.9746695200258775,0.7785767304630458,4.014065850312815,1.7678399999999765,0.4404113101089782,0.4404113101089782,5.6326302139017885,0.7799041564400813,0.08041675262729345,3.000000029969999,16.31495035539248,24.947580599264267,8.632630243871787,0.06715765393967205,28.163520562707344,31.292800312606417,0.5836392289119173,25.056108430522645,-0.9213895620509548,0.006979707332254551,15.777064271490296,1000000.0,912031.1814342953,31.292800312615313,0.20195712521953452,17.93269363731078,-4.543676909587464,0.009120644252571308,15.884198599878905,1000000.0,912031.1814345545,0.09027010539595125,1.5401,False
n64108,ok,,0.2,1.7458264016723983,0.8567571815583327,3.6477759776878074,1.7678399999999992,0.4846350244130312,0.4846350244130312,5.719247257519478,0.7954670048239261,0.10623806183683714,3.00000002997,11.779984004152732,20.49923129164221,8.719247287489477,0.0513896765557628,28.163520562707127,31.292800312508415,0.4358100914877983,21.219111571626932,3.3416999403650958,0.008020464410023562,16.485750981235313,1000000.0,1003612.4044341623,31.292800312615068,0.18536968064694717,15.722733053625538,0.8903290898107109,0.00456457286961163,23.4757979256242,1000000.0,1003612.4044375827,0.07983768981747205,0.8967217391304348,False
n64110,ok,,0.2,1.8343055655721698,0.8567571815671577,3.647775977650192,1.7678399999999892,0.4846350244180259,0.4846350244180259,5.976411100714851,0.9331594878348163,0.1062380618999875,3.00000002997,13.533368741951614,22.509779872636468,8.976411130684852,0.05748615638594869,28.163520562707152,31.292800312552732,0.47855400458527075,23.197529534013068,3.62012514763184,0.007903254352185808,15.894699354260824,1000000.0,1003612.404445927,31.292800312615093,0.19083693921848896,16.31896966838353,0.9120137579750717,0.005114967675119519,22.072225720995732,1000000.0,1003612.404447927,0.09975616754887232,1.0827507246376815,False
n64212,ok,,0.2,1.9222681390204697,0.8567571814918873,3.647775977964055,1.767839999998387,0.48463502437588757,0.48463502437588757,6.232063450125664,1.0697872610531265,0.10623806172563302,3.000000029919587,15.276516247865958,24.50857972791121,9.232063480045252,0.0635470415865445,28.16352056177211,31.292800311952945,0.521048141889179,24.583793481747318,3.057077149496366,0.006225087692868118,16.00857052290496,1000000.0,1003612.4043394281,31.29280031210201,0.1962720637192531,16.924615293319658,0.18527512690611797,0.005614153708468273,20.993452150236987,1000000.0,1003612.4043442089,0.11961505004880077,1.2676926421404682,False
n64212ma,ok,,0.2,1.9569150164236613,0.7913183230672747,3.949432452778269,1.7678399999999925,0.4476187455127602,0.4476187455127602,5.984469836590638,0.9700480550244572,0.08014342299974678,3.00000002997,15.963110732692293,24.94758059925293,8.984469866560637,0.0659343153779688,28.163520562707237,31.292800312600644,0.5742416286468738,26.079283340156366,2.72614539471514,0.010256013697499762,14.433282642907749,1000000.0,926956.7877379134,31.292800312615196,0.20680388577847061,18.424455468873077,-0.6194129697217854,0.011496740681375019,13.493076995958619,1000000.0,926956.7877383445,0.11962848305476545,1.4992,False
n64212mb,ok,,0.2,1.9602344218672867,0.7695784703144448,4.061000126891591,1.7678399999999992,0.4353213358191042,0.4353213358191042,5.918689436019869,0.929960935416064,0.08061528033140555,3.00000002997,16.028891133262107,24.947580599251975,8.918689465989868,0.0661630323712512,28.16352056270713,31.292800312602086,0.5904634032063996,25.90077989377487,3.6730256302264594,0.009111404841743987,14.957711758445713,1000000.0,901490.5455365245,31.29280031261507,0.21108899571539622,17.24251196266308,0.29813055801231675,0.0076852275233553966,18.25099555598302,1000000.0,901490.5455368985,0.12046523607577722,1.5698,False
n64215,ok,,0.2,1.911366794463453,0.8567571815712759,3.647775977632684,1.7678399999999954,0.4846350244203537,0.4846350244203537,6.612451370538368,1.2725272402457548,0.10623806192246378,3.00000002997,15.060485146069784,24.67293654657815,9.612451400508368,0.0627959062402447,28.163520562707184,31.29280031258432,0.524542339195239,24.765786170164112,3.026217972268728,0.006631490795672882,15.74790318551834,1000000.0,1003612.4044517606,31.292800312615135,0.2043590447166498,17.149838103010257,0.2612448850474769,0.006345127365207146,19.660667954747897,1000000.0,1003612.404452749,0.1496289446660281,1.2829,False
n642415,ok,,0.19,1.9347200140577336,0.8247134082800349,3.78950825125725,1.76783999999991,0.46650907790302115,0.46650907790302115,6.424306478774175,1.195711258900846,0.07946705058343279,3.0000000299482745,15.523274090388439,24.947580599110886,9.424306508722449,0.06440501313094368,28.163520562300782,31.2928003123433,0.5509888866342731,25.10083281691015,1.762053589368001,0.006659688640216972,15.745304045703266,1000000.0,966076.0650330649,31.292800312390185,0.20814395728221108,17.176164584301763,-1.193350099826103,0.00634837680345893,20.029577630894057,1000000.0,966076.0650345124,0.14962892530698893,1.398,False
n66021,ok,,0.2,1.6346335808676227,0.8567571814845647,3.647775978001423,1.767839999999887,0.4846350243713342,0.4846350243713342,7.552887910309747,1.8211835156624512,0.10623806120444101,3.00000002997,9.576484486766487,20.129372427046235,10.552887940279746,0.04372815762385129,28.16352056270715,31.292800312434693,0.4279469564009823,19.95815953228997,3.6768992612316054,0.007949813169079232,16.647490749179955,1000000.0,1003612.4043454492,31.29280031261509,0.22435256198861683,17.117125450234397,1.9317059771924243,0.008515628295298934,16.747887637158772,1000000.0,1003612.4043512348,0.21,0.8625,False
n6h10,ok,,0.2,1.8955403244062805,0.8567571785228161,3.647775990487468,1.7678399999698258,0.48463502270422637,0.48463502270422637,6.002901752873756,0.9564118099032064,0.10623805023109324,3.0000000285830746,14.746853243519558,23.749755024976388,9.002901781456831,0.06170541503502943,28.16352053771914,31.29280029537696,0.5049156629842708,23.22723824990127,3.440743354817787,0.006411479166512844,16.219742634922707,1000000.0,1003612.4003460284,31.292800299317562,0.19140012668249648,17.821397437802528,0.12591417868512111,0.009552372683041831,14.605903949118318,1000000.0,1003612.4004724101,0.10017000000000001,1.19748127090301,False
n6h15,ok,,0.2,1.8549612672440159,0.8567571815661434,3.647775977654491,1.7678399999999845,0.4846350244174535,0.4846350244174535,6.741329252671715,1.3587709080642945,0.10623806188965186,3.00000002997,13.942701182083834,23.68403046472555,9.741329282641715,0.058909396198243695,28.163520562707237,31.29280031256144,0.5035183679161221,23.800205237707303,3.1773202418338973,0.008073639894172023,15.419222630501444,1000000.0,1003612.4044450208,31.292800312615192,0.2070989660741072,17.725430959386493,-0.1590223150396784,0.00931695611946672,15.368620410734684,1000000.0,1003612.4044467448,0.1558,1.1914,False
n6h20,ok,,0.23,1.518952754490545,0.8567571815664942,3.647775977653061,1.7678399999999999,0.48463502441764766,0.48463502441764766,7.400960091138352,1.7246996438810154,0.10623806222871197,3.0000000299623437,13.302974542238017,23.703934663338714,10.400960121100695,0.056685080865891316,19.60950805081236,31.29280031283066,0.5039415277074859,29.16229275038729,0.02795189776217299,0.011685139179695594,13.879600857630102,1000000.0,1003612.4044540573,21.788342061070466,0.4561142346090304,15.089583455086181,1.8848152738098891,0.009533311677668618,15.355169708156716,1000000.0,698788.5438943118,0.1995,1.3721210702341136,False
n8h12,ok,,0.2,1.9300634494269178,0.8567571815760291,3.647775977612204,1.7678399999999366,0.48463502442305856,0.48463502442305856,6.201952655487651,1.0403356757132642,0.10623806196322234,3.000000029970001,15.430995309321977,24.63294799477963,9.201952685457652,0.0640841618571911,28.16352056270768,31.292800312588863,0.5236921895368403,24.779586417743406,2.427629678267688,0.006571072465725271,15.791989713006915,1000000.0,1003612.4044575077,31.29280031261567,0.1956319134386261,17.116284105446972,0.46239744885798445,0.006354480839869611,19.43645275839702,1000000.0,1003612.4044583675,0.11978358227109079,1.2792,False
n9,ok,,0.2,1.974413870109795,0.8006423908506544,3.903438415594648,1.767839999999997,0.4528930168175037,0.4528930168175037,5.637696408479825,0.7815879921852463,0.07994890133659298,3.00000002997,16.30988416080685,24.947580599256675,8.637696438449826,0.0671400388935047,28.16352056270715,31.292800312606772,0.5675541637676647,24.831087094108454,1.0459175885049998,0.006152291328524727,16.060589791898273,1000000.0,937879.0773770236,31.29280031261509,0.19650645318074103,17.122228712369967,-2.3484349177815265,0.006897079918460482,18.902415791352457,1000000.0,937879.077377273,0.0846,1.4700949832775918,False
naca0006,ok,,0.2,1.6678960392486561,0.8567571809591743,3.6477759802171406,1.7678399999947467,0.4846350240755499,0.4846350240755499,5.508179049004773,0.6812354505285354,0.10623805794843003,3.0000000298761353,10.235644050139571,18.74382312902048,8.508179078880907,0.04602004079797835,28.163520560950086,31.29280031087944,0.3984904196178319,19.41549315066413,3.556467778414072,0.00778496757472571,17.190220989971646,1000000.0,1003612.403683041,31.292800311641894,0.18088240738382488,15.564733370030108,1.4853861879291483,0.0049541582993838495,22.25849781482529,1000000.0,1003612.4037074943,0.0600143671788941,0.7343,False
naca000834,ok,,0.2,1.4948938747598934,0.8567571813358352,3.647775978635125,1.7678399999999994,0.48463502428717276,0.48463502428717276,5.806634786398741,0.8563426880053298,0.10623805982382485,3.00000002997,6.807273554446384,15.613908370815125,8.80663481636874,0.034099672653910465,28.163520562707127,31.292800312295682,0.3319489760672672,17.26530219601816,3.1249930646896127,0.008621825464792806,17.194496473220532,1000000.0,1003612.4041667042,31.292800312615068,0.1872275243587625,15.093955057431561,1.7892628087891427,0.004441433292078801,23.880512347541547,1000000.0,1003612.4041769473,0.08,0.4447,False
naca0008,ok,,0.2,1.8872724899069298,0.8567571815707867,3.647775977634749,1.7678399999999912,0.48463502442007816,0.48463502442007816,5.786436177177312,0.8309951773969408,0.10623806191733898,3.0000000299700007,14.583010178911037,23.36944638605835,8.786436207147313,0.061135736373386526,28.163520562707205,31.292800312574812,0.4968303651214683,24.41429960095402,4.294273675656337,0.00866360262152847,15.241820242618402,1000000.0,1003612.404450885,31.292800312615142,0.18679810538885758,16.242355244504886,1.7196144291834758,0.005179829091270207,21.814554247424926,1000000.0,1003612.4044521785,0.08001915623852546,1.1622926421404682,False
naca001034,ok,,0.2,1.511035096242818,0.856757178557435,3.6477759904496,1.7678399999963663,0.4846350227165332,0.4846350227165332,6.089835991990935,1.0124005298639387,0.1062380339935802,3.00000002997,7.127142890346257,16.21697891230719,9.089836021960934,0.03521185123774842,28.16352056270713,31.292800312315453,0.3447701519951078,17.029677902790294,3.431136909827368,0.007355970586946168,18.26024754237159,1000000.0,1003612.4009147598,31.29280031261507,0.1932483333532203,15.212384838110953,1.808646720656924,0.004529252387103722,23.71114344770258,1000000.0,1003612.4009243692,0.1,0.5005,False
naca001034a08cli0.2,ok,,0.2,1.7105070081254121,0.8567571815507318,3.64777597772017,1.7678399999999994,0.4846350244087316,0.4846350244087316,6.090379404322741,1.012740055658737,0.10623806177939733,3.00000002997,11.080062317915425,20.170441752208166,9.09037943429274,0.0489560643821948,28.163520562707127,31.29280031248755,0.4288200830756439,19.229084663684137,2.2058296089170737,0.00479128579051211,18.957230700262645,1000000.0,1003612.4044245891,31.292800312615068,0.19325988553245346,15.587167066862525,0.11621628068293458,0.004270005566612284,24.49027130402812,1000000.0,1003612.4044286789,0.09999415990695912,0.8663,False
naca001035,ok,,0.2,1.4938931130997595,0.8567571811991477,3.6477759792170836,1.767839999999997,0.4846350242098545,0.4846350242098545,6.1193559237390325,1.0467010866649078,0.10623805853238488,3.00000002997,6.787441538142062,15.906797491851094,9.119355953709032,0.034030717173242256,28.163520562707127,31.2928003122944,0.3381757478890916,17.699921381215137,3.594615282871109,0.00929853657696252,16.587958445141933,1000000.0,1003612.4040065474,31.292800312615068,0.19387592137443488,15.411851388738874,1.7383056094670868,0.005147419358569729,22.05182987840478,1000000.0,1003612.4040168319,0.1,0.4718,False
naca001064,ok,,0.2,1.9459859123940269,0.8567571815750745,3.647775977616517,1.767839999999997,0.48463502442250206,0.48463502442250206,6.122558014342498,1.0307856498083345,0.10623806194337163,3.0000000299700007,15.746529524656951,24.86908756896945,9.122558044312498,0.06518126732301496,28.16352056270721,31.292800312596757,0.5287124758086151,26.88652266558673,4.96143588147499,0.009852906754727083,14.306546405882923,1000000.0,1003612.4044566083,31.292800312615153,0.1939439971785954,16.908591481169914,1.9287874482030554,0.005350860017881779,21.55453097125901,1000000.0,1003612.4044571983,0.1,1.3010491638795987,False
naca001065,ok,,0.2,1.9175849133603116,0.8567571807754777,3.647775980973397,1.7678399999884804,0.4846350239733576,0.4846350239733576,6.168744215924999,1.0724065459611476,0.10623805976533483,3.0000000295452605,15.183709135668193,24.352453381138453,9.16874424547026,0.06322435330592598,28.16352055480579,31.292800307315858,0.5177289235013945,26.586732915289964,5.148249281818233,0.011186401697177342,13.92677090375009,1000000.0,1003612.4033571249,31.29280030826623,0.1949259080169137,17.276031844925953,2.15767415232402,0.007282161898765379,17.775231233099966,1000000.0,1003612.4033876049,0.1,1.253246822742475,False
naca001066,ok,,0.2,1.9353564974210717,0.8567571815735744,3.6477759776229153,1.7678399999999996,0.48463502442165274,0.48463502442165274,6.241884137607335,1.119560030570934,0.10623806194060428,3.00000002997,15.535887231444955,24.777771399022292,9.241884167577336,0.06444886874313364,28.163520562707127,31.292800312593442,0.526771109920766,27.549332483443532,4.708920369577272,0.012884056509747617,13.239293988063077,1000000.0,1003612.4044547433,31.292800312615068,0.19648084980311187,18.013300788079473,1.3213710013366338,0.009725265905664488,14.588428843195864,1000000.0,1003612.4044554369,0.1,1.2926,False
naca0010,ok,,0.2,1.9587429325018175,0.8357616333567006,3.7394134174930604,1.7678399999999892,0.47275863955827774,0.47275863955827774,5.948246165252173,0.9427006695941555,0.07925518576351183,3.0000000299700007,15.999334404030943,24.947580599253115,8.948246195222174,0.06606026427950204,28.16352056270722,31.29280031260114,0.5437051720012608,26.323099759037493,4.618788554278534,0.008676429729963638,14.84072020116147,1000000.0,979018.0467046631,31.292800312615164,0.1950172168929171,16.880488422238553,1.875349840285181,0.005434952606851118,21.5917318653636,1000000.0,979018.0467051018,0.10002394529815684,1.3663,False
naca001234,ok,,0.2,1.667822701121517,0.8567571814809343,3.6477759780129393,1.767839999998932,0.4846350243695424,0.4846350243695424,6.373168966348491,1.1685100581372365,0.10623806117941652,3.000000029970009,10.2341907121622,19.6073597084807,9.3731689963185,0.046014987576703,28.163520562708115,31.29280031244315,0.4168490568070692,19.998391972970555,4.16589240450045,0.007652586348498469,17.014143066174277,1000000.0,1003612.4043420098,31.292800312616066,0.19927194244687937,15.728887790034818,1.8312241692614741,0.004829633896623826,22.958306576221823,1000000.0,1003612.4043475555,0.12,0.8142,False
naca001264,ok,,0.2,1.9390007192789556,0.8493655527379875,3.6795208559205164,1.7678399999999668,0.48045386049529565,0.48045386049529565,6.339476075550394,1.1738338245531743,0.07900187884249862,3.0000000299700025,15.608104493738981,24.94758059925938,9.339476105520397,0.0646999665618059,28.163520562707742,31.29280031259136,0.5349968822630191,26.87624905566975,5.357268180399827,0.009978452418396054,14.270296606363047,1000000.0,994953.7896825434,31.292800312615725,0.20028357373297112,16.768458625971736,1.9226116494295742,0.005286925082289985,21.906491540237766,1000000.0,994953.7896833181,0.12,1.3284,False
naca001264a08cli0.2,ok,,0.2,1.9462108421440578,0.8486606088469962,3.682577267069414,1.7678399999992183,0.4800551004883765,0.4800551004883765,6.196593509851853,1.103702708851473,0.07901477013996112,3.0000000256138017,15.750987030792393,24.947580566258047,9.196593535465656,0.06519676585765574,28.163520480928486,31.292800264529752,0.5354412808510189,25.308205920844244,3.064598688376996,0.007185135150112452,15.421794368315632,1000000.0,994128.0110880502,31.292800267189122,0.1973833016846913,17.239424127329187,-0.1983902227957619,0.006924895340248315,18.504694608818255,1000000.0,994128.0111725345,0.10960326198692547,1.3303341137123745,False
naca0015,ok,,0.2,1.925956903770924,0.8322095409169198,3.7553742320189594,1.7678399999999233,0.47074935566394915,0.47074935566394915,6.597964356622564,1.291087061285202,0.07932268770304453,3.0000000299500864,15.349616212548858,24.94758059912151,9.59796438657265,0.06380120854276855,28.163520562334746,31.292800312357812,0.5460258507967296,25.811721532005865,5.089822461508874,0.008325211483409969,14.998996980602618,1000000.0,974857.0964173826,31.292800312409028,0.210069936411069,17.187738162919125,1.9288443408089704,0.006551485477227389,19.618862481384696,1000000.0,974857.096418978,0.15003591794723525,1.3764,False
naca0018,ok,,0.2,1.9042283770240425,0.8380282127850688,3.7292995843338534,1.76783999999983,0.4740407575262181,0.4740407575262181,7.028556534350765,1.521745702470062,0.07921236919226446,3.000000017298362,14.919023944408243,24.947580496057373,10.028556551649128,0.062304048445450004,28.163520324806093,31.292800166312492,0.5422346384590598,25.629339856419882,5.025682833732145,0.008449524927145135,14.923816090090995,1000000.0,981673.1318877201,31.2928001804576,0.21797026496703617,17.365567071403195,1.997395614454524,0.007326588215025782,18.421446233684208,1000000.0,981673.1323314602,0.18004310153668227,1.3599,False
naca0021,ok,,0.2,1.8803032392230077,0.849000924249131,3.6811011346825335,1.7678399999999987,0.4802476039964768,0.4802476039964768,7.502679491336741,1.776500432617626,0.07900856391114507,3.0000000299700007,14.444901077914881,24.947580599221624,10.502679521306742,0.06065553409351224,28.163520562707205,31.29280031257214,0.5352266524543883,25.587444950639735,5.028830319361836,0.008975547547174483,14.664083983144998,1000000.0,994526.6608730706,31.29280031261515,0.2253250161721053,17.468720187876492,2.0909386786282447,0.008090389994406862,17.37483764835631,1000000.0,994526.6608744375,0.21005028512612933,1.3294,False
naca0024,ok,,0.2,1.83739118907364,0.8567571815597994,3.6477759776815395,1.7678399999999936,0.4846350244138624,0.4846350244138624,8.012493140282691,2.0290729865288313,0.10623806184634359,3.00000002997,13.594516303881568,24.60700947413426,11.012493170252691,0.05769876510207047,28.163520562707163,31.29280031255409,0.5231407411109225,25.455455776606446,5.1232643678263265,0.009683736706057544,14.443987725511898,1000000.0,1003612.4044373485,31.292800312615107,0.2341236892113307,17.908245445898473,2.2495103001425254,0.008890495887264871,16.4816748197156,1000000.0,1003612.4044393054,0.2400574687155764,1.2768,False
naca1408,ok,,0.2,1.9361325183282154,0.8567571815745301,3.6477759776188083,1.7678399999999903,0.48463502442219586,0.48463502442219586,5.786649793210577,0.831113057467513,0.10623806193751026,3.000000029969999,15.551265577654997,24.33791540083557,8.786649823180575,0.06450233891169811,28.163520562707312,31.29280031259299,0.5174198479104437,25.352264340966222,3.5667909474361315,0.007586274106104759,15.425136654272546,1000000.0,1003612.4044558535,31.29280031261528,0.1868026468277432,16.500362417294244,0.5984670907550677,0.004295291543304731,24.327599397280157,1000000.0,1003612.4044565684,0.08002533906372403,1.2519016722408027,False
naca1410,ok,,0.2,1.9635287830491825,0.8086689867965795,3.8646941042944745,1.7678399999995833,0.4574333575418421,0.4574333575418421,5.853405333313916,0.8948653092078587,0.07978501982943591,3.0000000298806726,16.094175235504643,24.947580598699233,8.85340536319459,0.06639002374386203,28.163520561033465,31.292800311619043,0.5619207983141139,25.69444221167492,3.777752087114504,0.0072850452898218405,15.530663899282516,1000000.0,947281.4978115481,31.29280031168721,0.19941463220267397,16.72809113967157,0.7662347155550117,0.0048530779582342705,23.4818634700845,1000000.0,947281.4978136115,0.1000316745217622,1.445577591973244,False
naca1412,ok,,0.2,1.95296354291412,0.7977985207158571,3.917352795785745,1.7678399999999985,0.45128434740466206,0.45128434740466206,6.062775881062171,1.007237161679443,0.08000774989746107,3.00000002997,15.884804688217207,24.947580599249378,9.06277591103217,0.06566204699874112,28.163520562707138,31.292800312599557,0.5695772940372599,25.521314446442876,3.932101381502322,0.007238620002148444,15.592605231316607,1000000.0,934547.7445262322,31.292800312615082,0.20691190311343705,16.897462170086936,0.8093813446660246,0.005448735610107782,22.21500783459967,1000000.0,934547.7445266959,0.12003801044123691,1.4789,False
naca16006,failed,airfoil 'naca16006' not found in the aerosandbox UIUC database,0.0,,,,,,,,,,,,,,,,,,,,,,,,,,,,,,,,,,
naca16009,ok,,0.2,1.5863049456706821,0.8567571815068327,3.647775977907015,1.7678399999999843,0.48463502438390366,0.48463502438390366,5.996737817669983,0.9764897320030818,0.1062380614082567,3.00000002997,8.618759666390062,17.615497514030046,8.996737847639983,0.04039816967287654,28.16352056270713,31.29280031239416,0.37450241301682047,19.000377980776154,3.6198990750029814,0.00920474454462754,16.423259338016127,1000000.0,1003612.4043701787,31.29280031261507,0.19126908169864681,15.518356192096316,1.7507757128494064,0.005168707539811385,21.945169676903184,1000000.0,1003612.4043772639,0.09,0.6299,False
naca16012,ok,,0.2,1.8135234340282655,0.8567571652117348,3.6477760472574046,1.7678399999930767,0.48463501516827884,0.48463501516827884,6.427992283393703,1.2197156330586658,0.10623802381024867,3.0000000208640296,13.121531040448117,22.54952334470585,9.427992304257732,0.05605420559443601,28.163520391748147,31.292800195669713,0.4793989566193947,24.631964407910587,5.411414565426624,0.011165415164147017,14.33248733002623,1000000.0,1003612.3815423407,31.29280021764442,0.20043748145887816,16.310142603569584,1.7869427042152166,0.005426433098165016,21.502243300836064,1000000.0,1003612.3822471062,0.12,1.0864280936454849,False
naca16015,ok,,0.2,1.8554016592782023,0.8567571815658375,3.6477759776558303,1.7678399999999932,0.484635024417278,0.484635024417278,6.86661772540787,1.466628172641901,0.10623806188856912,3.00000002997,13.951428396914396,23.81804615229227,9.86661775537787,0.058939740530575394,28.16352056270717,31.292800312561887,0.5063675181223417,26.832321628857592,6.9003248868607345,0.012789807959042356,13.4492003207662,1000000.0,1003612.4044446718,31.292800312615114,0.20976257721100539,16.89666158692875,1.993769142549645,0.0059124873209371685,20.60813255816837,1000000.0,1003612.4044463788,0.15,1.2038,False
naca16018,ok,,0.2,1.7610037769530371,0.8567571815532088,3.647775977709457,1.767839999999959,0.48463502441014383,0.48463502441014383,7.30527077943321,1.7135771381306144,0.10623806180099123,3.0000000299700007,12.080752874517605,22.38602368392082,10.305270809403211,0.052435443244724315,28.163520562707262,31.2928003125155,0.4759229695490674,25.426371212847258,7.733997391999708,0.014166765377214351,13.173317327229565,1000000.0,1003612.4044284101,31.29280031261521,0.2190882648404361,16.44896016066063,2.211193621498111,0.006574311504459369,19.512291004476662,1000000.0,1003612.404431608,0.18,1.0713,False
naca16021,ok,,0.22,1.6477358103101825,0.85675718140189,3.647775978351537,1.7678399999994299,0.4846350243246936,0.4846350243246936,7.743923830328122,1.9605261030647847,0.10623806045619295,3.0000000299700007,9.836130352789691,20.580054213087813,10.743923860298123,0.044630940539131754,28.16352056270724,31.29280031244333,0.43752837282017865,24.451166014566052,8.492666179275933,0.015959164757592955,12.674722303482026,1000000.0,1003612.4042491398,31.29280031261519,0.22841395244032317,16.783102534827336,3.0421431115943336,0.007363435623832642,18.38790064093413,1000000.0,1003612.4042546516,0.21,0.9042,False
naca23012,ok,,0.2,1.9562110603586753,0.781561315606084,3.998737147291376,1.7678399999999908,0.4420995766619649,0.4420995766619649,5.998420079406012,0.9740073321552057,0.08035194371677581,3.00000002997,15.949160489877828,24.94758059925384,8.998420109376012,0.06588581069322313,28.163520562707212,31.292800312600342,0.5814104581978823,25.697354555046843,3.9287223801621534,0.008032935583629561,15.32790290536452,1000000.0,915527.3490019202,31.292800312615164,0.2097107388040634,16.931753702139495,0.8255572738238299,0.006078248894288762,21.038315686773476,1000000.0,915527.3490023538,0.11999794414735143,1.5304,False
naca23015,ok,,0.2,1.9379088245300453,0.7831087166330568,3.9908357539894537,1.7678399999999996,0.4429748827003897,0.4429748827003897,6.361114069202242,1.166174018986885,0.08031853356607668,3.00000002997,15.586466500071571,24.94758059924381,9.36111409917224,0.06462473173792324,28.163520562707127,31.292800312594345,0.5802616073155588,25.735240556453416,4.221163408578044,0.008553443608132164,15.113759501789879,1000000.0,917339.9872833167,31.292800312615068,0.21773234049026258,17.085574283920682,0.8550210921424493,0.00676448550161095,19.855503950615997,1000000.0,917339.9872839242,0.14976156951778835,1.5254,False
naca23018,ok,,0.2,1.9173246005901623,0.7927457221178683,3.942321198846309,1.7678399999999994,0.44842617098711907,0.44842617098711907,6.7690300406487305,1.3817815699482814,0.08011334955742845,3.00000002997,15.178550528617459,24.94758059923619,9.76903007061873,0.06320641695579347,28.16352056270713,31.292800312586838,0.5732076628586796,25.737826776758787,4.134303904931998,0.008827309469605209,14.964671665446938,1000000.0,928628.8547176123,31.29280031261507,0.22445795386414477,17.346979700776973,0.878929789651387,0.007437924588574468,18.77085419709167,1000000.0,928628.8547184501,0.1802,1.4947,False
naca23021,ok,,0.2,1.8062416689635814,0.8567571815561007,3.647775977697022,1.7678399999999295,0.48463502441178774,0.48463502441178774,7.585755330427604,1.797897526988435,0.10623806181514188,3.000000029970001,12.977228676564684,23.56298403696229,10.585755360397606,0.05555246971792642,28.163520562707443,31.29280031253788,0.5009449419241563,24.120159724163603,3.5530800907263274,0.009363397325494956,14.867319344156572,1000000.0,1003612.4044325323,31.292800312615405,0.2250513176044626,17.30393064868802,0.9004863991063473,0.008314611016519874,17.016724672660814,1000000.0,1003612.4044350187,0.2101,1.1802,False
naca23024,ok,,0.2,1.8488911534341468,0.8567571815613022,3.647775977675157,1.7678399999999974,0.48463502441471146,0.48463502441471146,8.001834343801642,2.0221343961873828,0.10623806185678648,3.00000002997,13.822410206877544,24.824244580649186,11.001834373771642,0.05849114714640248,28.163520562707152,31.292800312559223,0.5277591216869909,26.193404917056554,6.265986808732668,0.011229283506376716,13.80314365095855,1000000.0,1003612.4044392714,31.2928003126151,0.23389708505179707,17.784070979298203,2.87773817602283,0.009454607608110737,15.847845783472497,1000000.0,1003612.4044410634,0.23994757543415804,1.2969,False
naca2408,ok,,0.19,1.9723320711922037,0.8346770025145358,3.7442726422132155,1.7678399999999173,0.4721451050516873,0.4721451050516873,5.678951256395653,0.7985235026829719,0.07927573625931993,3.0000000299700007,16.268629312904977,24.94758059927063,8.678951286365653,0.06699659670268436,28.163520562707774,31.29280031260351,0.5444116960780243,25.393251825401876,2.800881492088227,0.00651024947832866,15.777218853425383,1000000.0,977747.5012213392,31.29280031261578,0.18939402044139314,16.601728041033113,-0.44695959682556546,0.004688019130403041,23.450744850514468,1000000.0,977747.5012217226,0.08004388468765333,1.3693749163879598,False
naca2410,ok,,0.2,1.9680597003148017,0.782210478593004,3.995418562049356,1.7678399999999996,0.44246678352848906,0.44246678352848906,5.763616499139013,0.8496202424509509,0.08033791575891912,3.00000002997,16.183964070145194,24.947580599254206,8.763616529109012,0.06670221753212031,28.163520562707127,31.29280031260474,0.5809279408191677,25.05701288396835,2.9264222456026467,0.0060553697497303036,16.16871796529654,1000000.0,916287.7838605993,31.292800312615068,0.20406907532079258,16.8012794194329,-0.3342524150847027,0.005141352357011628,23.11682550742636,1000000.0,916287.7838609017,0.10005485862659336,1.5283,False
naca2411,ok,,0.2,1.9552852470270947,0.8183657837479109,3.8189014346214414,1.7678399999999992,0.4629184675920396,0.4629184675920396,6.016766850484722,0.9811260449795746,0.07959136687646225,3.00000002997,15.930813718795118,24.94758059924984,9.016766880454721,0.06582201937723745,28.16352056270713,31.2928003126004,0.555262611952298,24.891205723496103,2.151501821753869,0.005842329223737693,16.143106097412975,1000000.0,958640.4054908791,31.29280031261507,0.20068773841548718,17.102786262837782,-0.8917097540078907,0.005945308556561142,20.74222009502603,1000000.0,958640.4054913287,0.11006034626491962,1.4166,False
naca2412,ok,,0.2,1.9578866781186326,0.7725546908120977,4.045355368064329,1.7678399999999994,0.43700487080963096,0.43700487080963096,5.965214492040115,0.9570404537982249,0.08054911461236067,3.00000002997,15.982366077240822,24.947580599250937,8.965214522010115,0.06600126578373766,28.16352056270713,31.292800312601294,0.5881886784462882,24.98996618675252,2.9449236398589234,0.006369098042117624,16.06360379914246,1000000.0,904976.9146899548,31.29280031261507,0.2113727084959197,16.87453632733835,-0.3023903312339872,0.005775805073691656,21.831617358149987,1000000.0,904976.9146903532,0.12006583441072505,1.5599,False
naca2415,ok,,0.2,1.9363358231846695,0.7889192408582385,3.961442570725156,1.7678399999999996,0.44626167575020287,0.44626167575020287,6.392286115025227,1.1827027178842866,0.08019422017386152,3.00000002997,15.555294454247955,24.94758059924318,9.392286144995227,0.06451634722622282,28.163520562707127,31.29280031259379,0.5759878820067718,25.035202239931113,3.110076889890319,0.006875917323309025,15.782376373882892,1000000.0,924146.4831192229,31.292800312615068,0.21684840268695657,17.10842719789773,-0.24445203317465242,0.0066031097697325245,20.076056675040558,1000000.0,924146.4831198512,0.1500823023551126,1.5068,False
naca2418,ok,,0.2,1.9161490111881836,0.7955840184111906,3.9282567186822694,1.7678399999999994,0.4500316874893604,0.4500316874893604,6.792326604771375,1.3951936831835194,0.08005386622254629,3.00000002997,15.155253964494387,24.947580599235764,9.792326634741375,0.06312541531922893,28.163520562707138,31.292800312586383,0.5711627082754537,25.150772071917977,3.0380549679138036,0.007540303241782698,15.473677224724149,1000000.0,931953.6583244547,31.29280031261508,0.22419054941054173,17.345130606304497,-0.16340668111266957,0.007405483319345122,18.791015288941914,1000000.0,931953.6583253093,0.1800987765311582,1.4858,False
naca2421,ok,,0.2,1.894944826617691,0.8037645815701219,3.8882756683492214,1.7678399999999994,0.45465912162306665,0.45465912162306665,7.212528288014261,1.619075257646301,0.07988477329284939,3.00000002997,14.735052281242867,24.94758059922713,10.212528317984262,0.06166438338976826,28.163520562707138,31.292800312578294,0.5653495227779441,25.362620701382777,3.068644847402586,0.008418052872688278,15.079725619298689,1000000.0,941536.4372472287,31.29280031261508,0.23143117978718536,17.564771228987556,-0.06775666083657807,0.00815929013271391,17.759850453360084,1000000.0,941536.4372483355,0.2101152581890503,1.4605,False
naca2424,ok,,0.2,1.8431558525491738,0.8567571815604444,3.6477759776788123,1.7678399999999983,0.484635024414226,0.484635024414226,8.014978591502365,2.030480847325207,0.10623806185155377,3.00000002997,13.708754193470934,24.723732814943297,11.014978621472364,0.05809596770952522,28.163520562707138,31.29280031255679,0.5256222590323903,25.799312083114778,5.5053764608142925,0.010376480696097923,14.143447773873673,1000000.0,1003612.4044381881,31.292800312615082,0.23417652947174894,17.942874161735872,2.3569537745531277,0.009340211560403735,15.976887592716857,1000000.0,1003612.4044400576,0.24013174858108471,1.2876,False
naca4412,ok,,0.2,1.9632254934534004,0.743873750477282,4.201328872802381,1.7678399999999996,0.4207811512791215,0.4207811512791215,5.859415602073757,0.9027099967516306,0.0812087771461809,3.00000002997,16.08816496720899,24.947580599252746,8.859415632043756,0.06636912617674919,28.163520562707127,31.29280031260312,0.6108669950037549,24.7258435306311,1.2247269081129042,0.005982296866818196,16.33524318575915,1000000.0,871379.8254440338,31.292800312615068,0.21693184167100482,17.392681557113367,-2.4088899034452655,0.007258265998399018,19.33466802904568,1000000.0,871379.8254443664,0.12017706615475723,1.6586,False
naca4415,ok,,0.2,1.9378079371985315,0.7818084886880121,3.997472924404585,1.7678399999999992,0.44223939309440474,0.44223939309440474,6.363113345636908,1.1674350130367477,0.0803466034456858,3.00000002997,15.584467223637262,24.94758059924417,9.363113375606908,0.06461778029811993,28.163520562707138,31.292800312594274,0.5812266420627982,24.36279449024494,1.5963641709794276,0.006809334817043156,15.837905486216606,1000000.0,915816.8895815029,31.292800312615082,0.2181410307464763,16.610154520454756,-2.116393244817714,0.00761799466631097,18.442551461382077,1000000.0,915816.889582112,0.1502208651018468,1.5296,False
naca4418,ok,,0.2,1.925528850879625,0.7602886179356376,4.110620877221351,1.7678399999999996,0.43006641887028113,0.43006641887028113,6.606447048130435,1.2959308180983948,0.08082514405047257,3.00000002997,15.341133521138953,24.947580599239387,9.606447078100434,0.06377171441348835,28.163520562707127,31.29280031258989,0.5976781868051577,25.155674371919137,1.10368830174854,0.00789916877849014,15.470145924743804,1000000.0,890608.3361033915,31.292800312615068,0.2301451176169198,17.476171255113186,-2.2867468659703363,0.008220251846852586,18.01173307785493,1000000.0,890608.336104108,0.18026164549264234,1.6012,False
naca4421,ok,,0.2,1.9047700528631677,0.7715901654088171,4.050412259912774,1.7678399999999994,0.4364592753919005,0.4364592753919005,7.017822540530299,1.5138127909564176,0.08057050155520841,3.00000002997,14.929758028731094,24.947580599231394,10.0178225705003,0.06234137095376037,28.16352056270713,31.292800312582116,0.5889239430309319,25.336796751631823,1.1928818191535544,0.008776893037803069,15.076707843122524,1000000.0,903847.061704257,31.29280031261507,0.23648527941713962,17.610648076804,-2.161116287332071,0.008891445024391684,17.167988208637556,1000000.0,903847.061705209,0.21029608713884695,1.5631,False
naca4424,ok,,0.2,1.8647683873206833,0.8337181202053655,3.748579033918766,1.7678399999999996,0.4716027017181225,0.4716027017181225,7.810532448216368,1.9409829301981618,0.07929395032949071,3.00000002997,14.137048121026979,24.947580599213346,10.810532478186367,0.059585136192886565,28.163520562707127,31.292800312566133,0.5450378390536299,26.101826431964504,3.9448882746596365,0.010762618191389689,14.050714298478168,1000000.0,976624.2586018065,31.292800312615068,0.23618118949366765,18.108378541602637,0.7500994922089605,0.010105007333800674,15.368389798320287,1000000.0,976624.2586033336,0.24032807275841217,1.3721,False
naca63206,ok,,0.2,1.6317717253982846,0.8567571815374685,3.6477759777766243,1.7678399999999954,0.48463502440123013,0.48463502440123013,5.45886544854229,0.6530152693520603,0.10623806167271165,3.00000002997,9.519771318597185,17.978636797109473,8.45886547851229,0.043530967196447515,28.163520562707138,31.292800312432576,0.38222269099414957,18.42960852885345,2.3581584116189296,0.007807308214404709,17.395763053237665,1000000.0,1003612.4044072916,31.29280031261508,0.17983400868505112,16.35930001351145,0.5358639296328795,0.0077390975225220615,16.536893587947876,1000000.0,1003612.4044131448,0.06000143986236292,0.6635,False
naca63209,ok,,0.2,1.8931299191811688,0.8567571766773505,3.6477759982348195,1.7678399999431702,0.4846350216676239,0.4846350216676239,5.846059259248369,0.8594136690706049,0.10623804440102304,3.0000000277943073,14.699086447386874,23.545145734429553,8.846059287042676,0.06153933092189053,28.16352052215141,31.292800285125736,0.5005657064460941,23.67629591044424,2.986432333671824,0.006320581841630409,16.350486741624618,1000000.0,1003612.3978705935,31.292800290247662,0.1880656830277217,16.464646564305465,0.11179593582425605,0.004828468219364695,22.77454646272876,1000000.0,1003612.3980348622,0.08999894715852444,1.1785494983277591,False
naca632615,ok,,0.2,1.9459969049601202,0.7751588417648863,4.031764971530727,1.7678399999999994,0.4384779401783456,0.4384779401783456,6.200833205789406,1.0730044044397504,0.08049163650375843,3.00000002997,15.746747363487591,24.947580599246997,9.200833235759406,0.06518202474379668,28.16352056270713,31.292800312597187,0.5862126549207617,24.77435727484287,0.5610902940868466,0.006617237070560378,15.945829164496772,1000000.0,908027.4385202769,31.29280031261507,0.216199116269187,16.746281027047733,-2.6071942551541403,0.006386220845434128,20.616772985905026,1000000.0,908027.4385207959,0.1499863033601802,1.5513,False
naca632a015,ok,,0.2,1.9275535374177772,0.8398075302496212,3.7213982407027846,1.767839999999969,0.4750472498923183,0.4750472498923183,6.566323991840632,1.2767192753426795,0.0791789921193979,3.0000000299700016,15.38125657744351,24.947580599254145,9.566324021810633,0.06391122139002525,28.163520562707692,31.292800312587865,0.5410857919807318,25.29521937661268,4.069087141559649,0.00711962583096025,15.48413269062026,1000000.0,983757.4435791373,31.292800312615675,0.20748312603220834,17.11514479776537,0.846960828176296,0.006261334519383248,20.041473280227134,1000000.0,983757.4435800115,0.1498673618652188,1.3549,False
naca633018,ok,,0.2,1.8506348659334053,0.8567571815652704,3.647775977658271,1.7678399999999996,0.48463502441695544,0.48463502441695544,6.9837771050452195,1.4613426851446922,0.10623806188614333,3.00000002997,13.856965222415074,23.840742357430294,9.98377713501522,0.05861129416873897,28.163520562707127,31.292800312560118,0.5068500354960335,23.868943429962243,4.314606628565099,0.0073368024991820446,15.718825639218029,1000000.0,1003612.404443947,31.292800312615068,0.21225336524271748,17.061031970624637,1.794677964046448,0.006951593575294981,18.750870565067796,1000000.0,1003612.4044457093,0.18012252315554136,1.2059,False
naca633218,ok,,0.2,1.8864954715715765,0.8567571815684065,3.647775977644905,1.7678399999999965,0.4846350244187303,0.4846350244187303,6.995085739034017,1.4613843709022811,0.10623806190546789,3.00000002997,14.567612066743582,24.5626978357476,9.995085769004017,0.06108219747902576,28.16352056270717,31.292800312574816,0.5221986833807489,25.842687210109233,3.2615848656099504,0.010409730465420031,14.17127587571071,1000000.0,1003612.404448094,31.292800312615118,0.21249378483343728,17.99562532917272,0.5648016149393156,0.009782694171601308,15.00592854211098,1000000.0,1003612.4044493864,0.17997446372837506,1.2727,False
naca633418,ok,,0.2,1.9166112868348928,0.8270586956227984,3.7787623564570514,1.7678399999999719,0.4678357179511786,0.4678357179511786,6.78316572410247,1.3770846582626806,0.07942160392133393,3.0000000299700016,15.16441484518087,24.947580599253342,9.78316575407247,0.06315726749811228,28.16352056270789,31.29280031258311,0.5494264494424796,25.121193229494704,1.7401174161768254,0.007230585411954375,15.483603416524272,1000000.0,968823.3539104087,31.2928003126159,0.21545696598381583,17.22334791378235,-1.1010501707906208,0.006936735556468534,19.098037030318654,1000000.0,968823.3539114239,0.1799629830725008,1.3912,False
naca633618,ok,,0.19,1.925810503235881,0.7917935621672423,3.947061980455267,1.7678399999998773,0.447887570236728,0.447887570236728,6.600865278652279,1.2808553175423532,0.08013302639262017,3.0000000196087946,15.346715219774493,24.947580518035565,9.600865298261073,0.0637911215817106,28.16352036817918,31.292800195807374,0.5738969678895622,25.160724232046473,0.4747982892459887,0.007256144628135244,15.608454233000273,1000000.0,927513.4832640837,31.29280020454995,0.22085939262144716,17.26941655820267,-2.5146522498266237,0.006939808998572991,19.526668404349266,1000000.0,927513.4835232123,0.1799498818174217,1.4977,False
naca634221,ok,,0.2,1.8412847631606608,0.8567571611961372,3.64777606434047,1.7678399999896934,0.48463501289773514,0.48463501289773514,7.3506361392752,1.6540030733975843,0.10623801427419964,3.0000000186744975,13.671675195188968,24.022311353138665,10.350636157949697,0.057967044556196876,28.163520350648596,31.292800172351317,0.5107101774764794,24.185784570001243,2.8448889231393113,0.007869918784635763,15.401980841826258,1000000.0,1003612.3760924974,31.29280019481711,0.2200527311418819,17.3080238670577,0.39491186273598083,0.007537562207712784,17.989137294666357,1000000.0,1003612.3768130131,0.20994105603942873,1.2227,False
naca634421,ok,,0.2,1.8929372724290752,0.8472187606358187,3.6888445001554997,1.7678399999999996,0.4792395016719946,0.4792395016719946,7.252311833872861,1.6234499280701202,0.07904131333256305,3.00000002997,14.695268735383282,24.947580599226143,10.252311863842861,0.06152605688351011,28.163520562707127,31.292800312577548,0.536352526324447,25.273159437045944,1.6170157864656665,0.007814505298987239,15.152909890315435,1000000.0,992439.0197684403,31.292800312615068,0.22041629836424304,17.48606904778846,-1.038268410745835,0.0075596437230403095,18.040736677302448,1000000.0,992439.0197696302,0.2099193274598962,1.3343,False
naca63a210,ok,,0.2,1.902639933572487,0.8567571815708572,3.647775977634015,1.767839999999886,0.4846350244201469,0.4846350244201469,6.0236782024311,0.9619588612740962,0.10623806192571708,3.0000000299700007,14.887545619737923,23.911223852139024,9.0236782324011,0.062194599344273606,28.163520562707536,31.29280031257963,0.5083484598095677,24.54897641667158,3.329507465752306,0.00848683253316518,15.155445014171855,1000000.0,1003612.4044511819,31.29280031261551,0.1918418295781598,17.65168281980413,0.5631125434623383,0.008835953113445878,15.465762330653758,1000000.0,1003612.4044523325,0.09990271202681744,1.212421404682274,False
naca641112,ok,,0.19,1.855277806715609,0.8567571643410231,3.6477760509666766,1.7678399999935812,0.484635014675612,0.484635014675612,6.231918497540439,1.0696765544299176,0.10623803153497939,3.000000019254498,13.948974243407308,23.180892760202248,9.231918516794938,0.05893120720963095,28.163520361534417,31.29280018172517,0.49282176186551363,23.505640947832664,3.6450865229721487,0.007336480990258194,15.956793407509464,1000000.0,1003612.3800748707,31.292800200862523,0.19626898714956093,16.552069875108085,0.9449007166816211,0.005616917932216968,20.98718094128386,1000000.0,1003612.3806886376,0.11961420034080136,1.1448464882943143,False
naca6412,ok,,0.2,1.9638097380832549,0.7394790431573319,4.226297275790501,1.7678399999999996,0.41829523212357006,0.41829523212357006,5.847837671497134,0.8968865812611364,0.08131437639272665,3.00000002997,16.09974289778582,24.94758059925295,8.847837701467133,0.06640938238448005,28.163520562707127,31.29280031260332,0.6144973638144715,25.233117344200128,-0.3851392234967925,0.007677936881369659,15.64483259748388,1000000.0,866231.8291679525,31.292800312615068,0.21793588045041012,17.473061171430793,-4.100832607947235,0.00821979492997037,17.871651747675877,1000000.0,866231.8291682778,0.12037967053259345,1.6744,False
naca64206,ok,,0.2,1.645545012116905,0.8567571815398569,3.647775977766189,1.767839999999931,0.48463502440259887,0.48463502440259887,5.460437297694193,0.6565536227035608,0.10623806169310211,3.00000002997,9.792715474682613,18.253152802346804,8.460437327664192,0.04447998797122059,28.16352056270715,31.292800312442814,0.3880588535131682,17.711939582579742,2.0571423218398532,0.004986192602717492,19.812137268547314,1000000.0,1003612.4044104544,31.29280031261509,0.17986742592408209,15.168578166060735,0.0637205689959679,0.003930868744735184,25.449389459998116,1000000.0,1003612.4044159796,0.05989905600022401,0.6889,False
naca64208,ok,,0.2,1.7960397907227854,0.856757181564343,3.6477759776621665,1.767839999999987,0.48463502441643436,0.48463502441643436,5.719328177540262,0.7955362322267628,0.10623806187816559,3.0000000299699936,12.775058845658306,21.494387053168563,8.719328207510255,0.0548495297015007,28.1635205627075,31.292800312534172,0.4569669298698846,21.64017943740861,2.7086658150746334,0.006689622048755504,16.96486541434072,1000000.0,1003612.4044420358,31.292800312615547,0.1853714009912034,15.934967201727979,0.09180836966453754,0.004473769352252324,23.74893405169275,1000000.0,1003612.4044446456,0.07983705213691218,0.9888,False
naca64209,ok,,0.2,1.8833299996717705,0.8567571810644055,3.64777597976395,1.7678399999934982,0.4846350241354175,0.4846350241354175,5.848121269977732,0.8645761992794898,0.1062380601208216,3.0000000297388913,14.50488216020797,23.353003459924594,8.848121299716624,0.06086408697922764,28.163520558409576,31.292800309598174,0.4964807917604287,23.46956660785647,2.978627675164597,0.007029979049848475,16.052152906094616,1000000.0,1003612.4037659263,31.292800310250687,0.18810951986529972,17.059241690973234,0.06199716643174856,0.007114003012255729,17.838998933840216,1000000.0,1003612.4037868534,0.08979584693062237,1.160771237458194,False
naca64210,ok,,0.21,1.9004204137549434,0.8567571815711166,3.6477759776333496,1.7678399999999923,0.48463502442026446,0.48463502442026446,5.976552118244214,0.9332673879249014,0.10623806192243353,3.00000002997,14.843561567427262,23.820113715641476,8.976552148214214,0.062041667770286295,28.16352056270717,31.29280031258018,0.5064114741557868,23.829128002976663,2.9965739198559507,0.006086013032416803,16.36176760106376,1000000.0,1003612.4044514429,31.292800312615118,0.1908399372257512,16.619488569109027,0.13816306038958104,0.005081505245582557,22.15804573903402,1000000.0,1003612.4044525635,0.09975440144568071,1.203991304347826,False
naca642215,ok,,0.2,1.911366794463453,0.8567571815712759,3.647775977632684,1.7678399999999954,0.4846350244203537,0.4846350244203537,6.612451370538368,1.2725272402457548,0.10623806192246378,3.00000002997,15.060485146069784,24.67293654657815,9.612451400508368,0.0627959062402447,28.163520562707184,31.29280031258432,0.524542339195239,24.765786170164112,3.026217972268728,0.006631490795672882,15.74790318551834,1000000.0,1003612.4044517606,31.292800312615135,0.2043590447166498,17.149838103010257,0.2612448850474769,0.006345127365207146,19.660667954747897,1000000.0,1003612.404452749,0.1496289446660281,1.2829,False
naca642415,ok,,0.19,1.9347200141273304,0.824713408252471,3.789508251384121,1.7678399999999603,0.46650907788741597,0.46650907788741597,6.424306477981889,1.195711258835315,0.0794670499046348,3.0000000299700025,15.523274091313988,24.94758059926588,9.424306507951892,0.06440501313474217,28.16352056270827,31.29280031258858,0.5509888866477662,25.098879329481548,1.762043306302689,0.006657436917029913,15.746317262288674,1000000.0,966076.0650083212,31.29280031261631,0.20814395726939613,17.175651468515706,-1.1933272697109862,0.006350037925286598,20.026376437984776,1000000.0,966076.0650091773,0.14962892530698893,1.398,False
naca643218,ok,,0.2,1.8681191672964288,0.8567571815668553,3.6477759776515226,1.7678399999999996,0.484635024417852,0.484635024417852,6.9863813099349406,1.4710788632899254,0.10623806189694268,3.00000002997,14.203450268269801,24.189831608174742,9.986381339904941,0.059816014985555374,28.163520562707127,31.29280031256753,0.5142716122426768,24.27058960961649,2.913575641342245,0.007302368164347034,15.609949928966675,1000000.0,1003612.4044460413,31.292800312615068,0.21230873018528684,17.186762793718934,0.33705894800886815,0.007043185468802606,18.60150416377981,1000000.0,1003612.404447566,0.17955889526915786,1.2382,False
naca643418,ok,,0.2,1.9120344573397614,0.8431732052711336,3.7065436212421266,1.7678399999999996,0.4769510845275216,0.4769510845275216,6.873864399688606,1.43331495162886,0.07911616873966769,3.00000002997,15.073716169575244,24.947580599233852,9.873864429658607,0.06284191021541112,28.163520562707127,31.292800312584887,0.5389259523140263,25.192904213808642,1.669082007715192,0.0073263209163249386,15.380236433880413,1000000.0,987700.0229627774,31.292800312615068,0.21329851083541573,17.31888638461633,-1.1080023236923917,0.007051136066361737,18.722911138091852,1000000.0,987700.02296373,0.17953270872356863,1.3455,False
naca643618,ok,,0.19,1.9213818202554716,0.8078357802608924,3.8686801723369273,1.7678399999998997,0.4569620442239899,0.4569620442239899,6.688628203407854,1.3350018848740732,0.07980173470227946,3.0000000216948806,15.258952308747372,24.947580533850108,9.688628225102734,0.06348597194249324,28.16352040734407,31.292800218872134,0.5625003685718614,25.18505065383868,0.43418217747722343,0.007386442398770813,15.49051057685033,1000000.0,946305.470022416,31.292800226306667,0.2184523239640968,17.254168127096186,-2.5033654497135784,0.007024798358923343,19.183474857902976,1000000.0,946305.470247239,0.17954074698860717,1.4481,False
naca644221,ok,,0.2,1.8105583909793186,0.8567571814910911,3.647775977972173,1.7678399999995327,0.4846350243751231,0.4846350243751231,7.358630093523855,1.6681554976236785,0.10623806122546353,3.000000029970008,13.062772822400715,23.421402945894577,10.358630123493864,0.05584990481497296,28.16352056270899,31.29280031252948,0.4979349525936914,23.52365083475896,2.7750262669202885,0.008032613109790492,15.525500056881567,1000000.0,1003612.4043563355,31.292800312617047,0.2202226745922448,17.264987773974628,0.4247876034351517,0.007806943420473034,17.60489943306847,1000000.0,1003612.4043591438,0.20956640971147944,1.1671,False
naca644421,ok,,0.2,1.8662459037705246,0.8567571815654917,3.647775977657324,1.7678399999999987,0.48463502441708095,0.48463502441708095,7.359623618706508,1.6688400663355882,0.10623806188719274,3.00000002997,14.166327950071645,24.52595159874815,10.359623648676507,0.05968694150882996,28.163520562707138,31.2928003125667,0.5214174647760821,24.80655538043596,1.5571158701200878,0.008089749277446939,15.135456667114825,1000000.0,1003612.404444418,31.29280031261508,0.22024379674573988,17.394689196015467,-0.9978873700179725,0.007771824651010149,17.65487990642506,1000000.0,1003612.4044459696,0.2095524480420232,1.2693,False
naca64a010,ok,,0.2,1.7571285554550269,0.8567571815583981,3.6477759776875303,1.7678399999999996,0.48463502441306805,0.48463502441306805,6.021901940955266,0.9646057728174848,0.10623806183730855,3.00000002997,12.00395791024846,21.025859881173727,9.021901970925267,0.052168428857847254,28.163520562707127,31.292800312514682,0.44700612369574844,21.963550762867357,4.313420591762266,0.008772209614784065,15.881898946254372,1000000.0,1003612.4044344396,31.292800312615068,0.19180406657096666,15.916273338549663,1.8190156673815943,0.005042022698193915,22.279594619365263,1000000.0,1003612.4044376592,0.099908002,0.9454488294314382,False
naca64a210,ok,,0.21,1.9010954581789488,0.8567571815717607,3.647775977630541,1.7678399999999763,0.4846350244206332,0.4846350244206332,6.021370213028347,0.9643154540790297,0.10623806192985948,3.00000002997,14.856938870491883,23.878309113490232,9.021370242998348,0.062088180356233515,28.163520562707184,31.29280031258034,0.5076486981907475,24.27432902995443,3.0219533098805336,0.0068176040323948235,15.961718629698096,1000000.0,1003612.4044522117,31.292800312615135,0.1917927621247388,16.559231963704104,0.1151925937859139,0.0048650671851206955,22.74695180533243,1000000.0,1003612.4044533276,0.09989661378582058,1.2093759197324414,False
naca64a410,ok,,0.2,1.9603392617904367,0.8376918712524403,3.730796934829269,1.7678399999999996,0.4738505018850351,0.4738505018850351,5.916611831382705,0.9290069673073038,0.0792187439825411,3.00000002997,16.03096873789872,24.947580599251427,8.916611861352706,0.066170256156476,28.163520562707127,31.292800312602147,0.5424523481848348,24.946915024846042,1.7727160543722953,0.005968637752874598,16.018640482518258,1000000.0,981279.1432409973,31.292800312615068,0.19388000462797034,17.37409779217541,-1.5344628582453836,0.006665604734127248,18.95383249514927,1000000.0,981279.1432414025,0.099926212821397,1.3608474916387958,False
naca651212,ok,,0.2,1.8780806061054187,0.856757181569636,3.6477759776396717,1.7678399999999967,0.48463502441942574,0.48463502441942574,6.26631289838626,1.0987529846639088,0.10623806191373296,3.00000002997,14.400855329578842,23.667168257935103,9.26631292835626,0.06050238800381114,28.163520562707152,31.29280031257143,0.5031598803305121,23.404378678414936,2.919495715968762,0.005944144601241162,16.502049117397494,1000000.0,1003612.4044494255,31.2928003126151,0.1970002010088619,16.643109202528283,0.19057014546047546,0.005485498145767986,21.301204950913426,1000000.0,1003612.404450826,0.11993469036682022,1.1898397993311036,False
naca651212a06,ok,,0.2,1.8681630868686607,0.8567571815688763,3.647775977642911,1.7678399999999979,0.48463502441899564,0.48463502441899564,6.268662940449948,1.1003160905154,0.10623806190955629,3.00000002997,14.204320619030952,23.472983589450898,9.268662970419948,0.05981904117584083,28.16352056270714,31.292800312567444,0.4990315480569507,22.9988643082987,3.0155526872088387,0.005528526971891872,16.817139132619346,1000000.0,1003612.404448407,31.292800312615086,0.19705016249452872,16.63010002197663,0.3323729384228945,0.0054529110154716105,21.377520228391276,1000000.0,1003612.404449935,0.11993480015786293,1.171872575250836,False
naca651412,ok,,0.2,1.946254441862405,0.8513538217423058,3.6709276281911594,1.7678399999999892,0.4815785488179422,0.4815785488179422,6.195729616948216,1.0850926888182741,0.0789655366019226,3.0000000299700007,15.751850952332928,24.947580599251147,9.195729646918217,0.06519976980897431,28.163520562707344,31.29280031259632,0.5337474396795097,24.941018690520437,1.623675818942593,0.005742952974118678,16.081335767451836,1000000.0,997282.8643365618,31.2928003126153,0.1967404067698571,17.05101166616274,-1.3344314077032982,0.0055062646219861825,21.302643708055616,1000000.0,997282.8643371665,0.11990187806873978,1.3229622073578595,False
naca65206,ok,,0.2,1.6403536196055084,0.8567571815373702,3.6477759777769365,1.7678399999999697,0.4846350244011816,0.4846350244011816,5.477933758694124,0.6709250075062116,0.10623806167170458,3.00000002997,9.689838051386406,18.16777184005053,8.477933788664124,0.04412228545300786,28.163520562707138,31.292800312439052,0.3862436691076615,18.281966688537327,2.1010775335722998,0.006262822041000903,18.63455514702814,1000000.0,1003612.4044073988,31.292800312615082,0.18023939764202965,15.0922593375787,0.06073527935991822,0.003759523191308507,26.086515533388486,1000000.0,1003612.4044130445,0.059960151004744555,0.681,False
naca65209,ok,,0.2,1.8574296160602561,0.8567571579505744,3.647776078156544,1.767839999989109,0.48463501106200363,0.48463501106200363,5.874268990652465,0.8863384801481444,0.1062380231209994,3.0000000149361417,13.991616572471692,22.865885578060297,8.874269005588607,0.0590794735272439,28.16352028046513,31.292800129402593,0.4861247690280036,23.753540241649915,3.0342530232480573,0.0080912126304304,15.679500476697196,1000000.0,1003612.370913513,31.292800155830022,0.18866542249572893,16.24052550003085,0.11887576509388288,0.0047080039140602915,23.123154814345824,1000000.0,1003612.3717610848,0.089918430331873,1.1157,False
naca65210,ok,,0.2,1.7678550216792694,0.8567571815593413,3.6477759776830783,1.767839999999894,0.4846350244136306,0.4846350244136306,6.0055091006385535,0.9574795935389652,0.10623806185056103,3.0000000299699883,12.21652346059033,21.222032591198875,9.00550913060854,0.052907514560094314,28.16352056270791,31.292800312518352,0.4511767213866973,20.958633805098074,2.5548547401997994,0.006279899781845402,17.341930736097297,1000000.0,1003612.4044357223,31.292800312616052,0.19145555763708508,15.970903119579397,0.14170124757409988,0.004995668227379009,22.393374892258528,1000000.0,1003612.4044388556,0.09991743506870729,0.9636,False
naca652215,ok,,0.2,1.8746709644554576,0.8567571815630693,3.6477759776662264,1.7678399999996566,0.48463502441580447,0.48463502441580447,6.654440549964068,1.3084901626332544,0.10623806187487449,3.000000029970005,14.333286725100743,23.987727305034817,9.654440579934073,0.06026745346520046,28.163520562708545,31.29280031256197,0.5099749099157883,23.775179008336817,2.9117759159694496,0.006327363529136073,16.167397007064363,1000000.0,1003612.4044416229,31.292800312616585,0.20525172736926878,16.90789409690465,0.2667531606669833,0.006157910995842104,20.039134455972327,1000000.0,1003612.4044433745,0.14994962412700447,1.2195,False
naca652415,ok,,0.2,1.9265679933588393,0.8508272039992507,3.673199741275245,1.7678399999999965,0.48128066114538215,0.48128066114538215,6.5858544421099845,1.2940139943441178,0.07897514620680433,3.0000000299700007,15.361726127162587,24.94758059924257,9.585854472079985,0.06384331444773313,28.163520562707337,31.29280031258932,0.5340778015565161,24.975788639730208,1.6135840457607074,0.006437553707778825,15.753540399730614,1000000.0,996665.9799836813,31.29280031261529,0.20521397103474415,17.070881876319184,-1.2211391543890537,0.006157673220496203,20.094306498256543,1000000.0,996665.9799845086,0.14993185585710256,1.3244,False
naca652415a05,ok,,0.2,1.8968613719625704,0.8567571810611174,3.6477759797656044,1.7678399999905068,0.48463502413437765,0.48463502413437765,6.656730555828309,1.3098951010320736,0.10623806104425323,3.0000000296779845,14.773032318119592,24.429762903625885,9.656730585506294,0.061796439126936775,28.163520557283025,31.29280030885394,0.5193725102795272,24.315735352079585,1.8914743317253173,0.006346392956716515,15.980521383182612,1000000.0,1003612.403739904,31.292800309634284,0.20530041264764226,17.052291201281985,-0.8384956364081425,0.00625408099439762,19.85371933811303,1000000.0,1003612.4037649309,0.1499491833174475,1.2604,False
naca653218,ok,,0.2,1.8163730942885847,0.8567571815614206,3.6477759776746606,1.7678399999999994,0.48463502441477785,0.48463502441477785,7.038053952293796,1.5149736410766597,0.10623806185916225,3.00000002997,13.178002347494287,23.216056329758086,10.038053982263797,0.05625055531709589,28.163520562707127,31.292800312544678,0.49356931921261743,23.043564973322326,2.745144631730986,0.0070530371416760475,16.091426658362867,1000000.0,1003612.4044389423,31.292800312615068,0.21340728157488836,16.96804271862836,0.3489953521019984,0.006843770448284497,18.953608643322053,1000000.0,1003612.4044411998,0.17996306478233215,1.1481,False
naca653618,failed,airfoil 'naca653618' not found in the aerosandbox UIUC database,0.0,,,,,,,,,,,,,,,,,,,,,,,,,,,,,,,,,,
naca65410,ok,,0.2,1.957330456663795,0.8550018519258512,3.655264907976476,1.7678399999998482,0.4836421010532201,0.4836421010532201,5.9762368610967656,0.9547132209607944,0.09047079499439545,3.00000002434753,15.971343596834709,24.947580482279005,8.976236885444296,0.06596294071506097,28.163520457159443,31.29280025125353,0.531470102951909,24.758923836558743,1.627614882609838,0.005276209272204584,16.29944518670619,1000000.0,1001556.1949146311,31.292800253987465,0.19122501856138716,17.150933591066146,-1.4186186396058245,0.0057446991293761815,20.59978458586997,1000000.0,1001556.1950021333,0.0999230674438576,1.3130508361204012,False
naca654221,ok,,0.2,1.757236770207103,0.8567571805872958,3.647775981784002,1.767839999990756,0.48463502386628643,0.48463502386628643,7.416667466610808,1.71837866073564,0.10623805618098808,3.000000029767979,12.006102397883668,22.422769894262455,10.416667496378787,0.05217588518814015,28.1635205589342,31.292800309556988,0.47670418821643523,22.30335929832355,2.606549201019263,0.007748688458981642,16.006518108783034,1000000.0,1003612.403207272,31.29280031053019,0.22145653930684117,17.04360369263975,0.4384283427905938,0.0075475873239191325,18.000714794627488,1000000.0,1003612.4032384842,0.20995377683161087,1.0747,False
naca654421,ok,,0.2,1.8042517115253878,0.8567571815345899,3.647775977787547,1.7678399999996723,0.4846350243996904,0.4846350243996904,7.417682000859744,1.7190621104689183,0.10623806164794351,3.0000000299700025,12.937793844146064,23.355475874975813,10.417682030829747,0.05541535568056174,28.16352056270778,31.292800312534872,0.49653335450815267,23.361180960070833,1.3529327075706017,0.007762671449987351,15.679842036774732,1000000.0,1003612.4044073839,31.292800312615764,0.2214781078591508,17.23789154638955,-0.9865535225900143,0.0075802039999817985,17.953518019563482,1000000.0,1003612.4044099783,0.20992585626366686,1.161,False
naca654421a05,ok,,0.2,1.788266811681492,0.8567571815419284,3.647775977755238,1.7678399999994143,0.48463502440391226,0.48463502440391226,7.419793537325923,1.7203858049461735,0.1062380616730757,3.000000029970005,12.621022322060366,23.040815889356296,10.419793567295928,0.0543139481266166,28.163520562708264,31.292800312523298,0.48984373794380726,22.97048605970009,1.505098646741054,0.0078056594336984855,15.765706494942313,1000000.0,1003612.4044157555,31.292800312616276,0.2215229987551318,17.115946328408636,-0.7786220124677288,0.007614373744568327,17.904764451840297,1000000.0,1003612.4044187374,0.2099255374923069,1.1318856187290969,False
naca66-018,ok,,0.21,1.6977538886139056,0.8567571814078543,3.647775978319043,1.7678399999977095,0.484635024328539,0.484635024328539,7.150443422879931,1.5999981101694811,0.10623806062937981,3.0000000299700065,10.82733473635968,20.977778189209616,10.150443452849938,0.048077336188490874,28.163520562708186,31.292800312469204,0.44598391536703935,20.373925427352518,3.8803105030739875,0.006635474570666429,17.205907387022926,1000000.0,1003612.404257933,31.29280031261618,0.2157966622077425,16.76992339382045,1.848735402359437,0.00725362076632512,18.336433887218195,1000000.0,1003612.4042626468,0.17996,0.941,False
naca661212,ok,,0.2,1.8388786359027152,0.8567571810060062,3.6477759800134466,1.7678399999937047,0.4846350241023266,0.4846350241023266,6.339835104589351,1.1538283579377966,0.10623805943382308,3.000000029760129,13.623992926943652,22.963828061293132,9.33983513434948,0.05780125466051023,28.16352055879305,31.29280030973618,0.4882069905037439,22.976339005871225,2.9973687183201503,0.006815066431961761,16.314678629170377,1000000.0,1003612.4037018256,31.29280031045524,0.19856327047668182,16.54382214215234,0.19684634322438116,0.005665167387375768,20.927987159630895,1000000.0,1003612.4037248872,0.11999787168046706,1.1247622073578594,False
naca66206,ok,,0.2,1.624324709886274,0.8567571815346018,3.6477759777888314,1.7678399999999959,0.4846350243996084,0.4846350243996084,5.513496014110849,0.6974843449463479,0.10623806164903045,3.00000002997,9.372194389008408,17.88569043308926,8.51349604408085,0.04301784548662347,28.16352056270713,31.29280031242669,0.3802466674641456,18.089378565110543,2.207769642798158,0.006443414193796251,18.582886121918012,1000000.0,1003612.4044037445,31.29280031261507,0.18099544500686116,15.106710536377346,0.0767250710932811,0.003944093144990485,25.41948161840866,1000000.0,1003612.4044097862,0.059999760099116534,0.6549,False
naca66209,ok,,0.2,1.7002663142335477,0.8567571815496406,3.647775977724536,1.7678399999999317,0.48463502440813294,0.48463502440813294,5.928017616151429,0.9266091887019463,0.10623806177125986,3.00000002997,10.877123280259193,19.805140926380624,8.928017646121429,0.04825044985096359,28.163520562707163,31.29280031248063,0.421053851062026,19.751935812982868,2.417832344590757,0.006574830458904361,17.71814320916909,1000000.0,1003612.4044231275,31.292800312615107,0.189808102158436,15.697431387999115,0.12166148806759303,0.004761112157512607,22.995348398938148,1000000.0,1003612.4044274405,0.08997904773434784,0.8325,False
naca66210,ok,,0.2,1.8277648368700832,0.8567571815660424,3.6477759776549794,1.7678399999999985,0.4846350244173925,0.4846350244173925,6.0652962557724095,1.0023886606305223,0.1062380618914937,3.00000002997,13.403751627878062,22.46904791362047,9.06529628574241,0.05703548055618884,28.163520562707138,31.292800312549943,0.4776880502224963,22.90886717865019,2.982888216726554,0.007463695605916432,16.144694178639718,1000000.0,1003612.4044445257,31.29280031261508,0.19272662215395758,16.284317245636124,0.1438721464577704,0.005064246641624353,22.240485264575405,1000000.0,1003612.4044466148,0.09999859178077983,1.078981939799331,False
naca662215,ok,,0.2,1.8343704373149556,0.8567571815643911,3.6477759776620147,1.7678399999999996,0.48463502441645806,0.48463502441645806,6.747329071728436,1.3783868240112227,0.10623806188006175,3.00000002997,13.53465430025364,23.281983401952075,9.747329101698437,0.05749062624364192,28.163520562707127,31.29280031255295,0.4949709172976825,22.72570558943552,2.800943688351063,0.006141561541364322,16.55660627707494,1000000.0,1003612.404442687,31.292800312615068,0.2072265211840325,16.797364090579432,0.274566091136346,0.006544385760933948,19.352501566720562,1000000.0,1003612.4044446794,0.149896254992115,1.1542,False
naca662415,ok,,0.2,1.8943212426394698,0.8567571815700371,3.6477759776379255,1.7678399999999874,0.48463502441965517,0.48463502441965517,6.748137447687871,1.3788767483184778,0.10623806191723804,3.00000002997,14.722694765846702,24.47083224350457,9.74813747765787,0.06162141658291671,28.163520562707212,31.29280031257761,0.520245636868323,24.392292640500248,1.4889454290511899,0.006506037928704333,15.88633168894765,1000000.0,1003612.4044500989,31.292800312615164,0.20724370711494677,17.01658685928753,-1.2260005947488086,0.006245754703243259,19.90802964544218,1000000.0,1003612.4044513032,0.14989549772267013,1.2642,False
naca663218,ok,,0.22,1.7602883317506843,0.856757181305127,3.6477759787545345,1.7678399999972525,0.4846350242705553,0.4846350242705553,7.150848312801211,1.6003002945494855,0.10623806024599847,3.000000029924137,12.066574953331349,22.217423296056694,10.150848342725347,0.052386146926039955,28.163520561851623,31.29280031183878,0.47233855478764364,21.971676979618238,2.575973337149734,0.007220721761491105,16.370970388483393,1000000.0,1003612.404117638,31.292800312142898,0.21580527012889722,17.068773658961007,0.36710889637492955,0.00744151309008804,18.04846237323803,1000000.0,1003612.4041273916,0.17995396510578618,1.0557,False
naca663418,ok,,0.2,1.8244341141935174,0.8567571815618538,3.6477759776728167,1.7678399999999994,0.4846350244150229,0.4846350244150229,7.151744578739387,1.6008683683861402,0.10623806186224274,3.00000002997,13.337746954579545,23.489491563288933,10.151744608709386,0.05680598377160547,28.163520562707127,31.29280031254843,0.49938250471393514,23.4593166045658,1.3269028815041033,0.0075142515026473435,15.756530640167313,1000000.0,1003612.4044395701,31.292800312615068,0.21582432451688435,17.146656444307926,-1.0925236926345108,0.007381509940584412,18.139876609637117,1000000.0,1003612.4044417072,0.17995168524670635,1.1734,False
naca664221,ok,,0.21,1.692596226526652,0.8567571815340177,3.6477759777913223,1.7678399999999967,0.4846350243992778,0.4846350243992778,7.5531069413845975,1.821379631284847,0.10623806164417392,3.00000002997,10.725125746262385,21.278232717616984,10.553106971354598,0.04772195779769543,28.16352056270713,31.29280031247612,0.4523715263131091,21.254921750581463,2.440437097609526,0.008497730369569674,15.962847852913074,1000000.0,1003612.4044046452,31.29280031261507,0.22435721853828083,17.23484659438426,0.47658332779791496,0.008797413342893044,16.402947659561562,1000000.0,1003612.4044091016,0.20999181127554514,0.9688,False
naca671215,ok,,0.21,1.7901949839342945,0.8567571732988842,3.647776012832964,1.7678399999949783,0.48463501974235107,0.48463501974235107,6.826221549642797,1.4341862578236464,0.10623804316526518,3.000000025449422,12.659232856375496,22.485454431467716,9.82622157509222,0.05444680518698589,28.163520477839437,31.292800252790304,0.4780368563759713,21.11551602547059,2.8355528720467773,0.00659941908154035,16.623915067473437,1000000.0,1003612.3928465673,31.29280026547148,0.2089037640895146,15.996303977855115,0.41781152792725096,0.008006309730703105,17.07065950747399,1000000.0,1003612.3932532738,0.14994,1.0805,False
naca747a315,ok,,0.22,1.8516925544232963,0.8567571815662385,3.6477759776541334,1.7678399999999959,0.4846350244175041,0.4846350244175041,6.679654795605343,1.3204266424488684,0.10623806189112914,3.00000002997,13.87792535329549,23.557580178870836,9.679654825575343,0.05868417207875783,28.163520562707163,31.292800312560345,0.5008300568344658,23.596991976598122,3.212373997654574,0.007114156181903817,15.93276548913416,1000000.0,1003612.4044450906,31.292800312615107,0.20578777784494345,17.005206192313555,0.6583667406342908,0.0067039809567704545,19.0368362577111,1000000.0,1003612.4044468468,0.1498359839427072,1.1797,False
naca747a415,ok,,0.23,1.8693791612667252,0.8567571815677729,3.647775977647588,1.767839999999993,0.48463502441837286,0.48463502441837286,6.680411471806016,1.3209063865313242,0.10623806189996882,3.00000002997,14.228419471185815,23.90883097296183,9.680411501776016,0.059902832350090536,28.163520562707195,31.29280031256763,0.5082975876167025,24.03600104092159,2.543474651758021,0.0071597662618209205,15.780631880929729,1000000.0,1003612.4044471232,31.292800312615142,0.20580386464897787,16.96596644256583,-0.10205532155055835,0.006467580286790017,19.46279551650179,1000000.0,1003612.404448647,0.14984225065374426,1.2122,False
nacacyh,ok,,0.2,1.9503713307531272,0.8179395868821566,3.8208913173073533,1.7678399999999987,0.4626773841988852,0.4626773841988852,6.114145548674234,1.0356833851556226,0.07959978273380829,3.00000002997,15.833435020604036,24.94758059924827,9.114145578644234,0.06548343580421222,28.163520562707138,31.29280031259867,0.5555519379473952,25.023334487526384,1.9203827264924518,0.0066566545385270005,15.771312730672484,1000000.0,958141.1549792343,31.292800312615082,0.20296081292538962,17.213907483789736,-1.0606502233395312,0.006901271561473285,18.943026228871236,1000000.0,958141.1549797368,0.117,1.4178591973244146,False
nacam12,ok,,0.2,1.9517310511215227,0.7994755843481492,3.909135346701229,1.7678399999999916,0.45223299865833616,0.45223299865833616,6.087200075454456,1.0287293327988845,0.07997299451754344,3.00000002997,15.86038049382679,24.947580599251246,9.087200105424456,0.06557712461675552,28.163520562707248,31.292800312598757,0.5683824891122674,25.85192190389275,3.4528412980787553,0.009216658529182763,14.7841954098352,1000000.0,936512.2706493981,31.292800312615206,0.20703432120112283,17.794454803891416,0.18008764790592194,0.009268807898277583,15.747836930693571,1000000.0,936512.2706498904,0.1193,1.4737,False
nacam18,ok,,0.2,1.9457457127848117,0.8261603947681314,3.782871080956464,1.7678399999999832,0.46732758324743146,0.46732758324743146,6.205811061675499,1.0909655212864555,0.07943898204927585,3.0000000299700007,15.74176950760612,24.947580599251623,9.2058110916455,0.06516471684934068,28.16352056270743,31.2928003125961,0.5500238518984798,24.822475700226,3.0197989267516516,0.006790100138740613,15.681525068848206,1000000.0,967771.0769062274,31.29280031261539,0.20296219332070167,17.890936175922196,-0.08782316268110649,0.009091629859230822,15.681220626490125,1000000.0,967771.076906824,0.11960000000000001,1.3938,False
nacam2,ok,,0.2,1.8982667259268455,0.8567571815720902,3.647775977629201,1.7678399999999916,0.4846350244208154,0.4846350244208154,5.825397532917088,0.8589777457692879,0.1062380619269217,3.0000000299700007,14.800882102553022,23.62627966544011,8.825397562887089,0.06189327221786678,28.163520562707205,31.292800312579153,0.5022905959648305,25.072263538531978,4.3719408339369,0.009233353671801668,14.906880725717404,1000000.0,1003612.404452551,31.29280031261515,0.1876264170343841,16.818070039922375,1.7513445665315026,0.005972611255185658,19.990336221839076,1000000.0,1003612.4044537055,0.0806,1.1860565217391303,False
nacam3,ok,,0.2,1.9440814964293642,0.8368579692749933,3.7345145536554387,1.7678399999999996,0.4733787951822526,0.4733787951822526,6.23879070828304,1.1072309079581208,0.07923446701566074,3.00000002997,15.708789860992626,24.94758059924567,9.23879073825304,0.06505004734980202,28.163520562707127,31.292800312596533,0.5429928844556097,26.65380661249388,5.06453788065914,0.009584594876096789,14.476886630293986,1000000.0,980302.3036103345,31.292800312615068,0.2010855366067655,16.92806489510316,1.8678299887316865,0.00564871904980067,21.215677173019646,1000000.0,980302.3036109151,0.119,1.3632,False
nacam6,ok,,0.2,1.9411127919580768,0.8456971361930083,3.6954816705051963,1.7678399999999996,0.47837877646902915,0.47837877646902915,6.297621294846787,1.1374696932116224,0.0790693841100653,3.00000002997,15.649959274427783,24.94758059924457,9.297621324816788,0.0648454947056169,28.163520562707127,31.29280031259549,0.5373175610619503,25.791676482458,3.320649912364065,0.007856415185056672,15.141018323558475,1000000.0,990656.5763899863,31.292800312615068,0.2002508898226851,17.107744764625465,0.7581301345244928,0.006093426927125591,20.163705100563035,1000000.0,990656.5763906061,0.1201,1.3385,False
nasasc2-0714,ok,,0.2,1.9592187124881346,0.7175844531979281,4.355248015299424,1.7678399999999996,0.4059102934643001,0.4059102934643001,5.938817670113867,0.9495202480309737,0.08185964362498946,3.00000002997,16.00876289916777,24.947580599251637,8.938817700083867,0.06609304694789947,28.163520562707127,31.292800312601763,0.6332466103343967,25.985613304109386,0.6486672919129731,0.009070352085358287,15.209639821731516,1000000.0,840584.3265308664,31.292800312615068,0.22689478791142587,16.901814017295784,-3.122773854165684,0.00605029988788356,22.177295357804276,1000000.0,840584.3265312238,0.1393333333333333,1.756,False
ncambre,ok,,0.2,1.9548072466344544,0.8042221760013359,3.8860632781093614,1.7678399999999987,0.45491796542749147,0.45491796542749147,6.026239347241909,0.9893946773677753,0.07987541634838471,3.00000002997,15.921341222037963,24.94758059924987,9.026239377211908,0.06578908371618332,28.163520562707138,31.292800312600203,0.5650278445138321,25.68732747853141,4.10399756965625,0.007643175743819241,15.396154290744432,1000000.0,942072.4671257265,31.29280031261508,0.20443171068541854,16.929211732243573,1.0342064668717872,0.005665169428105597,21.590114612974716,1000000.0,942072.4671261744,0.1151911445380828,1.4591,False
nl722343,ok,,0.2,1.9655484454307715,0.8438694282588165,3.703485587869141,1.7678399999999714,0.4773449114506008,0.4773449114506008,5.813381811226248,0.8770526202221948,0.07910323257775034,3.000000028815501,16.134198750652683,24.947580590694432,8.81338184004175,0.0665291845898775,28.163520541030945,31.292800300130438,0.5384813190353878,26.506183244817834,3.0960378272380447,0.008772329775906198,14.767759747901142,1000000.0,988515.583899616,31.292800300572917,0.19023253421305156,16.885092623245473,-0.41805198738102795,0.005208097076814059,21.95656263133133,1000000.0,988515.5839135937,0.0861154422885594,1.3435648829431437,False
nl722362,ok,,0.2,1.9277835020077234,0.8567571815740852,3.6477759776206238,1.7678399999999714,0.4846350244219494,0.4846350244219494,5.956171666170501,0.9377891087191613,0.10623806194184462,3.0000000299700007,15.385813767909784,24.341985464050286,8.956171696140501,0.06392706664016713,28.163520562707358,31.292800312589467,0.5175063767468019,25.55282448744993,2.70936905051432,0.008387548255820197,15.063979227958555,1000000.0,1003612.4044552301,31.292800312615313,0.190406652359113,16.743413145495698,0.1274476687902373,0.005262454955547019,21.692327559923626,1000000.0,1003612.4044560591,0.08614358920411244,1.252278260869565,False
nlf0115,ok,,0.2,1.9302674762352892,0.8239918140825053,3.792826836611066,1.7678399999999892,0.46610089944933386,0.46610089944933386,6.512542076495854,1.262584872472638,0.07948108824796309,3.0000000299700007,15.435038492779688,24.947580599245544,9.512542106465855,0.06409821991636915,28.163520562707344,31.29280031259066,0.551471404024032,24.959443342320885,2.5906671809524324,0.006986281947724872,15.602414087358994,1000000.0,965230.7836666603,31.292800312615295,0.2102767011980188,16.982071617629796,-0.47217726702162854,0.0067964802344235445,19.256797422772387,1000000.0,965230.7836674202,0.1496080807315409,1.4001,False
nlf0215f,ok,,0.2,1.9492611990613633,0.7506216089114843,4.163560212624439,1.7678399999999996,0.42459815871995454,0.42459815871995454,6.1361449424239565,1.0529622274705732,0.08104904169972803,3.00000002997,15.811435626854204,24.94758059924816,9.136144972393957,0.06540694440025466,28.163520562707127,31.292800312598338,0.6053754877577348,25.113116286170914,-0.26391665666060427,0.008012269037602436,15.465652497893176,1000000.0,879284.3222765186,31.292800312615068,0.22169677724376746,17.815656672312787,-3.4960664064474245,0.009707827610782052,15.96908126241313,1000000.0,879284.3222769886,0.14971437260684486,1.6347,False
nlf1015,ok,,0.2,1.9376937215947396,0.7914133230562544,3.94895836922605,1.7678399999999987,0.447672483401357,0.447672483401357,6.36537674741065,1.1822244635372465,0.0801414200918083,3.00000002997,15.582203821863564,24.947580599244212,9.36537677738065,0.06460991050037182,28.163520562707152,31.2928003125942,0.574172697600679,24.52569581274971,-1.6446389142884532,0.006533626361439723,15.922702964768913,1000000.0,927068.0715056453,31.292800312615093,0.21554569698317805,17.884974586777645,-4.649457945810095,0.009472420643062732,15.810029226578557,1000000.0,927068.0715062643,0.14990643382132168,1.4989,False
nlf414f,ok,,0.2,1.9394598665143705,0.8020369669019566,3.8966511452358517,1.7678399999999994,0.453681875566769,0.453681875566769,6.330377190336371,1.1734194473690656,0.07992019594397841,3.00000002997,15.617203378938129,24.9475805992445,9.33037722030637,0.06473160318376918,28.163520562707138,31.292800312594874,0.5665673047111128,25.803207876176188,2.1117195077718818,0.009582086793645583,14.633417437940642,1000000.0,939512.6952256248,31.29280031261508,0.21189576490636436,18.308709280358325,-0.9184034912359221,0.01088079202527414,14.167847028160773,1000000.0,939512.6952262315,0.14168440929419407,1.4658,False
nlf415,ok,,0.2,1.925891387525474,0.8518900508176555,3.668616933136306,1.7678399999999996,0.4818818732564348,0.4818818732564348,6.599262687499681,1.3227097550790625,0.07895576429496329,3.00000002997,15.348317881769258,24.94758059923894,9.599262717469681,0.06379669427599727,28.163520562707127,31.29280031259002,0.5334114680412247,25.581071427022877,0.8318284937371255,0.008188059095545217,14.975761304427449,1000000.0,997911.0074826569,31.292800312615068,0.2052446247387575,17.597031992356136,-2.0742854115185683,0.00800600352517988,17.008539365924292,1000000.0,997911.0074834556,0.15013838018090525,1.3215,False
nlf416,ok,,0.23,1.9473486890192073,0.7469488530091954,4.184032484967916,1.7678399999999996,0.42252062008394176,0.42252062008394176,6.174045005794259,1.0534212016398747,0.0811356255508218,3.00000002997,15.773535563483321,24.94758059924758,9.174045035764259,0.06527516672081997,28.163520562707127,31.292800312597677,0.6083521258325038,25.569948440352437,1.3631986934276565,0.008298271624987965,15.369298177359918,1000000.0,874982.0258250107,31.292800312615068,0.22371106399601864,17.193478384727054,-1.9763328108827074,0.0070813881116715376,19.77670494847949,1000000.0,874982.025825497,0.1594441005350745,1.6476548494983276,False
nlr1t,ok,,0.21,1.962226575221007,0.8400447086557421,3.7203475403125825,1.7678399999999972,0.4751814127159378,0.4751814127159378,5.879211087312957,0.9219089504598614,0.07917455003292344,3.00000002997,16.068369481969466,24.947580599252422,8.879211117282956,0.06630029771378253,28.16352056270715,31.292800312602683,0.5409330216999783,26.059256844087425,3.050621267036551,0.008099965674285352,15.060633220045096,1000000.0,984035.2763139622,31.29280031261509,0.19252602395135246,16.709047607491996,0.4001028130126758,0.00512299829111066,22.265757796675345,1000000.0,984035.2763143523,0.08699888941736028,1.3542351170568563,False
nlr7301,ok,,0.23,1.93236439643651,0.7724641641200902,4.045829451726041,1.7678399999999996,0.436953663295372,0.436953663295372,6.470987571283286,1.2279084185253475,0.08055111935729538,3.00000002997,15.476592997988753,24.947580599242038,9.470987601253285,0.06424270400899439,28.163520562707127,31.292800312592362,0.5882576095086041,26.846164833026748,2.8426527871754024,0.011090734993360444,14.229256481801988,1000000.0,904870.8709786112,31.292800312615068,0.2233234803602578,16.979029332684625,-0.6032721479158881,0.00644043799170756,20.677601050169635,1000000.0,904870.8709792678,0.16518,1.5602,False
nn7mk20,ok,,0.2,1.9200077592932594,0.8398431938890278,3.7212402128639956,1.7678399999999954,0.4750674234597192,0.4750674234597192,6.715858092458052,1.3483224505252356,0.07917832538927161,3.00000002997,15.231722476811376,24.947580599239426,9.715858122428052,0.06339129463991273,28.163520562707227,31.29280031258738,0.5410628149669197,25.124690363967076,0.7402484217362219,0.007133844021332325,15.477700959226448,1000000.0,983799.220259439,31.292800312615185,0.21071740903366193,17.11473222278437,-2.132042861288494,0.006676724048429707,19.33754118476451,1000000.0,983799.2202603131,0.16856038965186843,1.3548,False
npl9510,ok,,0.2,1.9517138640632186,0.8521343495953833,3.667565175707221,1.7678399999999859,0.4820200638040717,0.4820200638040717,6.087540670057987,1.0111851368930787,0.07895131598922486,3.0000000299700007,15.860039899223779,24.947580599251765,9.087540700027986,0.06557594037687708,28.16352056270729,31.29280031259842,0.5332585440688519,27.387061681030943,2.706491021235053,0.011191600421635722,13.809980111027896,1000000.0,998197.1810791321,31.292800312615242,0.19424764271541095,17.425523566583088,-0.43344128292738193,0.007122429362953646,18.05092998582231,1000000.0,998197.1810796687,0.110759030251595,1.320834448160535,False
npl9615,ok,,0.2,1.946522173862931,0.85181666580238,3.668932988832895,1.7678399999999992,0.4818403621381915,0.4818403621381915,6.190423992627003,1.0770598592014475,0.07895710099114357,3.00000002997,15.757156576649601,24.947580599246606,9.190424022597004,0.06521821734700706,28.16352056270713,31.29280031259736,0.5334574220712716,25.72245129533785,4.056457145679017,0.007480353237255415,15.279631060071202,1000000.0,997825.0436728226,31.29280031261507,0.1965200548136105,16.960993432906367,1.263381947771947,0.005570963602070427,21.145136539305973,1000000.0,997825.0436733874,0.11300131212956485,1.3217,False
npl9626,ok,,0.22,1.9460991677954986,0.8345624986270668,3.7447863650011186,1.767839999999973,0.47208033454785475,0.47208033454785475,6.198806671107047,1.0762346027968492,0.07927790952947986,3.000000029970001,15.74877389817624,24.94758059925329,9.198806701077048,0.06518907095994195,28.163520562707465,31.292800312595524,0.5444863906105185,26.06381899208232,4.359192911601884,0.00836620854340125,14.972406982454636,1000000.0,977613.3704261339,31.292800312615434,0.2007659636035106,16.994823566674825,1.370816493751343,0.005790876650940414,20.91817063616953,1000000.0,977613.3704267559,0.12061904190382244,1.3697,False
npl9627,ok,,0.2,1.9531278711753537,0.794752753979585,3.932365443152997,1.7678399999999987,0.449561472746168,0.449561472746168,6.059519400637424,1.0042449593217917,0.08007124334885302,3.00000002997,15.888061168641924,24.947580599249346,9.059519430607423,0.0656733697089249,28.163520562707138,31.29280031259963,0.5717601107273899,26.002063666150313,4.306973593700356,0.008409065455038374,15.121378228610356,1000000.0,930979.9083372401,31.29280031261508,0.20763022739494524,16.908873096323333,1.2048641084085734,0.005651225101038687,21.790272370112376,1000000.0,930979.9083376997,0.12155189800512892,1.4884,False
npl9660,ok,,0.23,1.9520907236969998,0.8259533716174055,3.7838192481496007,1.7678399999999996,0.46721047810741106,0.46721047810741106,6.080072471882401,1.0189721662548967,0.07944299278656157,3.00000002997,15.867508097396199,24.947580599248603,9.080072501852401,0.06560190713622391,28.163520562707127,31.29280031259932,0.5501617140038192,25.986263995885054,4.444418711435784,0.008021527550931468,15.15047867714074,1000000.0,967528.5682859685,31.292800312615068,0.2002401888639852,16.98551294108445,1.07460395685699,0.005524829202241037,21.594691812945072,1000000.0,967528.5682864555,0.11300131212956485,1.3944,False
nplx,ok,,0.21,1.9567403253772082,0.8368933828479355,3.734356525755741,1.7678399999999959,0.4733988272965525,0.4733988272965525,5.987931675525515,0.9671241267523603,0.07923379860921428,3.00000002997,15.95964889375548,24.947580599250998,8.987931705495516,0.06592227864079524,28.16352056270716,31.292800312600747,0.5429699074330258,26.91786315960698,4.068955326969761,0.009910962571840579,14.351845271597547,1000000.0,980343.7873608886,31.292800312615103,0.19561722335067394,16.843277205686906,0.4725174607866265,0.005355932631587491,21.783457646785465,1000000.0,980343.7873613383,0.10663869932432432,1.3631,False
oa206,ok,,0.21,1.8314380455647652,0.8567571815378545,3.647775977770808,1.7678399999989844,0.4846350244017257,0.4846350244017257,5.537694877348508,0.7007360525706883,0.10623806180530822,3.000000029959514,13.47654332030353,22.01423822761155,8.537694907308023,0.057288575655351656,28.163520562513746,31.292800312386735,0.4680188754310438,22.408881061447218,4.005750492004019,0.007184958714036622,16.466436696754513,1000000.0,1003612.4044068475,31.292800312509574,0.1815099086302183,16.043189456442775,1.6095367664789688,0.004744320978566103,22.864067134829266,1000000.0,1003612.4044107873,0.0600707846762119,1.0369,False
oa209,ok,,0.2,1.9726072518009774,0.7795257219916838,4.009179142434052,1.7678399999999728,0.44094811860332145,0.44094811860332145,5.6734980235800805,0.8071037815117733,0.08039608827399918,3.0000000299700007,16.27408254571392,24.947580599264,8.67349805355008,0.06701555747217186,28.163520562707294,31.292800312605543,0.5829287088246661,25.494751050314594,4.403451760113019,0.008245087932224126,15.251236487656739,1000000.0,913142.8379109817,31.29280031261525,0.20266618645549123,16.50820859037462,1.0413404053607156,0.006393586694031866,20.232276580470614,1000000.0,913142.8379112649,0.09009014116816867,1.5370076923076923,False
oa212,ok,,0.2,1.9518885814646076,0.7904011642225139,3.9540152609392836,1.7678399999999992,0.4470999435596628,0.4470999435596628,6.084078308844858,1.0257811423492367,0.08016280759211039,3.00000002997,15.863502260433927,24.947580599248788,9.084078338814859,0.06558797892998539,28.16352056270713,31.292800312599237,0.5749079621653296,25.625867579021843,4.466432700413268,0.0077094071263482155,15.424001724899295,1000000.0,925882.4203286956,31.29280031261507,0.209339296255053,16.94944428882459,1.1167957510561692,0.005857876007693087,21.409787468560687,1000000.0,925882.420329164,0.1200831123974014,1.5021,False
oa213,ok,,0.2,1.9535717048218038,0.7783928653535951,4.015014017607046,1.7678399999999996,0.44030730459407824,0.44030730459407824,6.0507239836431985,1.002958420039476,0.08042079134378685,3.00000002997,15.896856585636218,24.947580599249417,9.050724013613198,0.06570395117866627,28.163520562707127,31.29280031259983,0.5837770910321028,25.682747790946166,3.611111740218236,0.007870548597228536,15.406820301745126,1000000.0,911815.8003336352,31.292800312615068,0.21178828605749972,16.955948101977643,0.43489414116095554,0.005866656042636322,21.571836651523117,1000000.0,911815.8003340792,0.125635066427779,1.5407,False
oaf095,ok,,0.2,1.9847634052209375,0.7276704514933989,4.2948813699745925,1.7678399999999999,0.4116155599451302,0.4116155599451302,5.432600472814471,0.6647241182140209,0.08160443691536556,3.00000002997,16.514980096475313,24.947580599259783,8.43260050278447,0.0678531529112678,28.163520562707127,31.292800312610225,0.6244693895204487,25.067986436345375,0.8261085689915811,0.006609680978247104,16.126773946559204,1000000.0,852399.1478344388,31.292800312615068,0.2110786201126958,17.189931288022237,-2.6834518649698995,0.006850421671273105,20.065655403481994,1000000.0,852399.1478345707,0.09476436584553928,1.7178,False
oaf102,ok,,0.2,1.9771842257126004,0.7492064602030936,4.17142460938312,1.7678399999999999,0.4237976627992882,0.4237976627992882,5.582796486079171,0.7435794048418749,0.0810823020210864,3.00000002997,16.36478408320817,24.947580599257343,8.582796516049171,0.06733092470560485,28.163520562707127,31.292800312607763,0.6065189593973854,25.283015690319242,1.1580278465974303,0.007352198280250497,15.736590584201712,1000000.0,877626.6054482169,31.292800312615068,0.20866267135283567,17.322055497826558,-2.197044939706863,0.007487249767537428,18.66587134950678,1000000.0,877626.6054484218,0.1016650823239361,1.6396765886287625,False
oaf117,ok,,0.2,1.975834637279285,0.7308846912890898,4.275993604528588,1.7678399999999999,0.4134337334199305,0.4134337334199305,5.6095411755286895,0.7509595361056413,0.0815245581212342,3.00000002997,16.33803939375828,24.94758059925697,8.60954120549869,0.06723793401378411,28.163520562707127,31.29280031260732,0.6217231364016236,25.488849151433126,3.087866794428209,0.008059761619875136,15.53089417103705,1000000.0,856164.3347498917,31.292800312615068,0.21455992255290815,17.395772530438766,-0.3372913480965396,0.007883360993832819,18.35240696979684,1000000.0,856164.3347501036,0.1146310506543495,1.7058478260869565,False
oaf128,ok,,0.2,1.970765724178305,0.7200665403364587,4.340235367886541,1.7678399999999994,0.4073143159655053,0.4073143159655053,5.709991433833754,0.8034845292021596,0.08179625096487765,3.00000002997,16.237589135451653,24.947580599255406,8.709991463803753,0.06688867069438728,28.163520562707127,31.292800312605642,0.6310637936375694,25.639492334177692,4.100423783938244,0.00867929279584486,15.342685396376698,1000000.0,843491.8638061094,31.292800312615068,0.22032438110890742,17.424379718076228,0.6732115407275425,0.008187549321906157,18.14382779116236,1000000.0,843491.8638063634,0.12780753643290427,1.7465,False
oaf139,ok,,0.2,1.9539769206644864,0.7904327648541899,3.9538571837580103,1.7678399999989944,0.44711781883803936,0.44711781883803936,6.042693667792295,0.968990844975361,0.08016181714069377,3.0000000231989903,15.904886857585259,24.947580548576546,9.042693690991285,0.06573187207686214,28.16352043559361,31.292800238496735,0.5748849795244139,26.148015355251825,6.234219585045602,0.009644624880056324,14.662579583896301,1000000.0,925919.4353762913,31.292800242005775,0.2083772719359818,17.620430641242116,3.1491468391439277,0.008552451575724398,16.755266142423846,1000000.0,925919.4354801199,0.1366486465742879,1.502,False
p51droot,ok,,0.2,1.9091955970828818,0.856757162221318,3.647776060002174,1.7678399999961316,0.48463501347587606,0.48463501347587606,6.8316426767243374,1.3918828617420964,0.1062380463532896,3.000000016113442,15.01745898430007,24.849101677137853,9.831642692837779,0.06264630486354507,28.163520302578373,31.292800153393753,0.5282875965334939,25.305207719513557,3.1824091146402584,0.007729577909021931,15.18543019366175,1000000.0,1003612.376681747,31.29280016811995,0.20901902011445603,17.478133070815478,0.4003402398461136,0.007414092389932073,17.941477922124097,1000000.0,1003612.3771540406,0.16501756316394883,1.2992,False
p51dtip,ok,,0.2,1.8098598318782653,0.8567571814281942,3.647775978233118,1.7678399999978731,0.48463502433999966,0.48463502433999966,6.1791713279149425,1.060485790952584,0.10623806128691099,3.0000000299240512,13.048929531781516,22.22810088962051,9.179171357838994,0.05580177199932964,28.163520561852042,31.292800311885397,0.47256555850047605,21.649473102288084,2.8712153834170744,0.005886672904378461,17.15989700909599,1000000.0,1003612.4042629428,31.292800312144262,0.1951475864155934,16.55759422161866,0.4519483813438163,0.006238804194136641,19.649991035715917,1000000.0,1003612.404271245,0.11405037761322084,1.0566879598662207,False
p51hroot,ok,,0.2,1.8209896023504264,0.8567571815627523,3.6477759776689904,1.7678399999999992,0.4846350244155312,0.4846350244155312,6.816876368763803,1.416758962213389,0.10623806186862457,3.00000002997,13.2694873301816,23.086363728915405,9.816876398733804,0.056568646572080966,28.163520562707127,31.29280031254683,0.49081207707748076,25.201497483029137,4.569285883251456,0.01144852067467419,14.101713404506116,1000000.0,1003612.4044405714,31.292800312615068,0.20870508462186405,16.70795748842202,0.5617004884792117,0.00621755620450525,19.989388543669502,1000000.0,1003612.4044427599,0.15498071054363832,1.1361,False
p51htip,ok,,0.2,1.7960943910761684,0.8567571815618236,3.6477759776729437,1.7678399999999992,0.48463502441500583,0.48463502441500583,6.340879089350058,1.1545084929463232,0.10623806186206995,3.00000002997,12.776140856632098,22.117019975952157,9.340879119320057,0.054853291829650756,28.163520562707127,31.292800312534904,0.4702039975046012,21.370598780330525,2.8924045611778917,0.0054364306363321666,17.497367361857737,1000000.0,1003612.4044391011,31.292800312615068,0.19858546525999424,16.42440761928254,0.4877155992942219,0.005680539807155344,20.89459072170791,1000000.0,1003612.404441672,0.11998340846748284,1.046410033444816,False
pfcm,ok,,0.2,1.8314363643536375,0.8567571807150778,3.6477759812351476,1.7678399999895922,0.48463502393888686,0.48463502393888686,5.783063334160652,0.8353396891765017,0.10623805838573026,3.0000000296525444,13.476510010406518,22.259573374219713,8.783063363813197,0.05728845982887607,28.16352055678534,31.292800308216027,0.4732346585543776,22.097548094031655,2.6741025242975707,0.006025692770013282,17.060061855349232,1000000.0,1003612.4033146105,31.29280030934666,0.1867263995504721,16.047055066252877,0.047653986087816895,0.004478025996534679,23.760760813435112,1000000.0,1003612.4033508719,0.08193,1.0596,False
pmc19sm,ok,,0.21,1.9241605706190428,0.8567571815738314,3.6477759776218193,1.7678399999999992,0.48463502442179823,0.48463502442179823,5.870644253199708,0.8716133714613332,0.10623806194221407,3.00000002997,15.314018417195905,24.184662700365614,8.870644283169707,0.06367743579869342,28.16352056270713,31.29280031258937,0.5141617221568661,24.569569708192777,3.995591017991876,0.0069790836099189535,15.766572922001792,1000000.0,1003612.4044549139,31.29280031261507,0.18858835443667568,17.045621775536546,1.0770911220155097,0.0062806981755170405,19.38408363912954,1000000.0,1003612.4044557383,0.09190254798331016,1.2377217391304347,False
prandtl-d-centerline,ok,,0.2,1.8855723993539324,0.856757181570227,3.6477759776371528,1.767839999999996,0.4846350244197602,0.4846350244197602,6.268726506340694,1.0832683618595231,0.10623806191738344,3.00000002997,14.549319616103636,23.81804615241433,9.268726536310695,0.06101859503401344,28.16352056270717,31.292800312574393,0.5063675181219366,23.6500843538696,2.9981435669280807,0.006366821540436132,16.21549036086472,1000000.0,1003612.4044502131,31.292800312615118,0.1970515138939974,17.068123931178274,1.0679247403284735,0.006701789025494385,18.82676262571685,1000000.0,1003612.4044515193,0.12029474853037231,1.2038,False
prandtl-d-wingtip,ok,,0.2,1.8413480376332032,0.8567571815675431,3.6477759776485916,1.767839999999999,0.48463502441824124,0.48463502441824124,5.975653628001099,0.9268668832067319,0.10623806190165218,3.00000002997,13.672928865306439,22.648582523277536,8.975653657971097,0.05797140383837013,28.163520562707127,31.29280031255604,0.4815049247932871,22.99501499567689,4.071770628063839,0.007279183852911464,16.180477570585435,1000000.0,1003612.4044464789,31.292800312615068,0.19082083548026985,16.35851269229316,2.034925019682572,0.0052803904888089935,21.65748695970149,1000000.0,1003612.4044483721,0.09631756214915799,1.0955936454849498,False
psu-90-125wl,ok,,0.2,1.9419534063416823,0.8431085269027557,3.706827965648623,1.7678399999999856,0.47691449842902217,0.47691449842902217,6.28096290472046,1.1196957581509623,0.07911737125091169,3.0000000299700007,15.666617664557876,24.947580599248337,9.28096293469046,0.06490341555848995,28.163520562707344,31.292800312594807,0.5389672955694664,24.838672609236237,1.8024365474362491,0.0056902178730162765,16.133758483835393,1000000.0,987624.2581907684,31.2928003126153,0.20050583555721552,17.076179104974,-1.2395474216078237,0.005690996823286266,21.046447421316167,1000000.0,987624.2581914151,0.12533874145436028,1.3456799331103677,False
psu94097,ok,,0.2,1.9730962386612658,0.7691152215867831,4.063446123393827,1.7678399999999994,0.4350592935937547,0.4350592935937547,5.66380780883679,0.797285292610337,0.08062562650521124,3.00000002997,16.283772760449192,24.947580599255982,8.66380783880679,0.06704925013380673,28.163520562707127,31.29280031260641,0.5908190474746958,24.493232694826244,0.841462354065168,0.005128122826642188,16.637857951260973,1000000.0,900947.8921694773,31.292800312615068,0.20517992413971547,17.834594652834618,-2.5289544054965623,0.007968352443728113,17.63837977592497,1000000.0,900947.8921697267,0.09696090228881422,1.5713478260869564,False
pt40,ok,,0.2,1.9609958773510128,0.7620170126823077,4.101297232983103,1.7678399999999996,0.43104410618738564,0.43104410618738564,5.903599731677696,0.9270157613162957,0.08078571128292947,3.00000002997,16.04398083760413,24.94758059925183,8.903599761647696,0.06621549893844636,28.163520562707127,31.292800312602367,0.5963225427431271,25.81369253319727,2.2879748470460446,0.009265019683493426,14.934036345312418,1000000.0,892632.9919162219,31.292800312615068,0.21282293199957722,17.665578046195037,-1.2248260407070193,0.009118743432079668,16.339996175176818,1000000.0,892632.9919165842,0.11594382142857143,1.5953,False
r1046,ok,,0.2,1.9398860451868813,0.7251635921103524,4.3097285903515274,1.7678399999999996,0.4101975247252877,0.4101975247252877,6.32193164059361,1.1457365837470943,0.08166722159532375,3.00000002997,15.625648928681365,24.947580599244976,9.321931670563611,0.06476096817284123,28.163520562707127,31.292800312595052,0.6266281533714577,24.922410212459784,0.00835603243225267,0.008208558128253956,15.498163355137434,1000000.0,849462.592148051,31.292800312615068,0.23414634558789627,17.95575496552238,-3.7172026130120366,0.010753913920632976,15.35075378764571,1000000.0,849462.5921485944,0.18096099999999998,1.7271953177257524,False
r1080,ok,,0.2,1.873738996125676,0.8567571791819942,3.647775987670849,1.7678399999673866,0.4846350230777671,0.4846350230777671,7.106298639700901,1.557386103330735,0.10623805403433707,3.0000000289140756,14.314818003300392,24.42111667191537,10.106298668614976,0.06020323809944543,28.16352054305956,31.292800298965197,0.5191886943665135,24.86340785378443,1.6219681786288587,0.008100656306060394,15.164947621586373,1000000.0,1003612.4012346606,31.29280030179871,0.2148581524779854,17.320210703942383,-1.011643418398357,0.007357506785731634,18.156870672545733,1000000.0,1003612.4013255362,0.17995394125,1.2596,False
r1082,ok,,0.2,1.871470242976729,0.8567571815677137,3.6477759776477914,1.7678399999999812,0.48463502441834266,0.48463502441834266,7.100462172319461,1.552067663991971,0.10623806190538759,3.0000000299700007,14.269858275467083,24.370320477756543,10.100462202289462,0.060046914153154836,28.16352056270723,31.292800312568403,0.5181087742139534,24.76305135882407,1.4837832738143577,0.007988148469674904,15.231781011917928,1000000.0,1003612.4044470855,31.292800312615174,0.2147340694753397,17.224250271330426,-1.1667025163430196,0.007140507211392447,18.4935944876057,1000000.0,1003612.4044485856,0.18000596420215487,1.2549,False
r1082t,ok,,0.2,1.8948162608814778,0.8567571815694791,3.647775977640351,1.7678399999999996,0.4846350244193362,0.4846350244193362,6.830193301801757,1.4050574563733214,0.10623806191442399,3.00000002997,14.732504504006446,24.562697835778202,9.830193331771756,0.06165552482484599,28.163520562707127,31.292800312578283,0.5221986833806298,24.904296340877814,1.8090656113372159,0.007448599091752625,15.409562446418628,1000000.0,1003612.4044494597,31.292800312615068,0.20898820030017093,17.194298493111692,-0.9360363540240397,0.0067007925592194595,19.110994353142807,1000000.0,1003612.4044506396,0.1599599176041198,1.2727,False
r1145ms,failed,airfoil 'r1145ms' not found in the aerosandbox UIUC database,0.0,,,,,,,,,,,,,,,,,,,,,,,,,,,,,,,,,,
r1145msf,failed,airfoil 'r1145msf' not found in the aerosandbox UIUC database,0.0,,,,,,,,,,,,,,,,,,,,,,,,,,,,,,,,,,
r1145msm,failed,airfoil 'r1145msm' not found in the aerosandbox UIUC database,0.0,,,,,,,,,,,,,,,,,,,,,,,,,,,,,,,,,,
r140,ok,,0.2,1.4448916051180694,0.8559673374350159,3.651141964088694,1.767839999999506,0.48418823956650775,0.48418823956650775,6.273477491972743,1.109797874948793,0.09892085634419953,3.00000002997,5.816382449908031,15.089859971850773,9.273477521942743,0.030654366268779862,28.163520562707127,31.292800312224603,0.3211038236706309,16.79792853190378,3.135931574856716,0.009297599654533518,16.650099223493026,1000000.0,1002687.1745273175,31.292800312615068,0.19733444157191887,16.302851192145578,1.554282864096574,0.007854485921285322,16.972671454554643,1000000.0,1002687.1745398289,0.11997731204705107,0.3975,False
r140sm,ok,,0.2,1.7066968389551749,0.8567571815402037,3.6477759777642733,1.7678399999998247,0.4846350244028242,0.4846350244028242,6.288012430562482,1.1119030759795894,0.10623806169401727,3.0000000299700007,11.004556490588087,20.29256895112057,9.288012460532482,0.04869353229585764,28.16352056270725,31.29280031248392,0.4314164860862826,19.991056962966546,3.975600449383032,0.006363573462485066,17.674310309504357,1000000.0,1003612.4044122393,31.2928003126152,0.1974615292950982,16.028768366021502,1.6682358626474416,0.005386735649347356,21.540018735882494,1000000.0,1003612.4044164497,0.12037902730261549,0.8776,False
rae100,ok,,0.2,1.934051149474878,0.8567571815741166,3.647775977620575,1.767839999999992,0.48463502442196155,0.48463502442196155,5.992704762284859,0.93131817055626,0.10623806194038111,3.00000002997,15.510019252301893,24.50272404455675,8.992704792254859,0.06435892635359687,28.163520562707202,31.29280031259254,0.5209236510082293,25.362103148320706,4.392782105724684,0.0076895474194055855,15.32130318965046,1000000.0,1003612.4044553539,31.292800312615153,0.19118333962767803,16.881382166026512,1.8366251169265373,0.00555372355229948,21.01468218335131,1000000.0,1003612.404456079,0.099956,1.2671508361204014,False
rae101,ok,,0.22,1.848995399648025,0.8567571609581833,3.6477760653586624,1.7678399999909211,0.48463501276279713,0.48463501276279713,5.988162363685066,0.9321056451143152,0.10623802487610938,3.0000000171995858,13.824476311956218,22.81263869284087,8.988162380884653,0.05849833060983661,28.163520322955996,31.29280015545939,0.48499274695568717,23.41016793231341,4.273409780022736,0.00780186378558022,15.845341946236651,1000000.0,1003612.3752713071,31.292800179432266,0.19108677497521348,16.3680427237015,1.8166866764906147,0.005314357030399324,21.58035719093159,1000000.0,1003612.3760401573,0.099938,1.1107732441471572,False
rae102,ok,,0.22,1.8215297368408039,0.8567571699072692,3.6477760272741335,1.767839999995183,0.48463501782378704,0.48463501782378704,6.005782946049776,0.9483869375765077,0.10623803605559078,3.0000000232609985,13.280191273233342,22.285974242544118,9.005782969310776,0.056605863767033054,28.163520436748662,31.292800227292133,0.47379594484850845,22.970826595735648,4.3294189047025045,0.00810632212565215,15.861139067730834,1000000.0,1003612.3880557163,31.292800242642365,0.19146138285941,16.20578326063823,1.8015419896836231,0.005192644183002164,21.889196110589964,1000000.0,1003612.3885480239,0.099994,1.0620428093645484,False
rae103,ok,,0.22,1.780356512455473,0.856757181405979,3.64777597832669,1.7678399999976278,0.4846350243275006,0.4846350243275006,6.038736124812392,0.9740415932297537,0.10623806113142473,3.0000000299247223,12.464264535962704,21.503000690699817,9.038736154737114,0.0537689047811143,28.16352056186295,31.29280031185619,0.45715005440996714,22.261819515668456,4.413180578944248,0.008324557423897106,15.991400452775029,1000000.0,1003612.4042361223,31.29280031214938,0.19216195843028483,16.062666801393465,1.7841656432933104,0.005087097511870592,22.170772171706638,1000000.0,1003612.4042455255,0.09997,0.9895969899665552,False
rae104,ok,,0.21,1.7546270169626852,0.8567571814529935,3.647775978133113,1.7678399999992258,0.48463502435365685,0.48463502435365685,6.080326939690116,1.0049348017230586,0.10623806085011188,3.000000029970015,11.95438511571513,21.03471208537526,9.080326969660131,0.05199606535110356,28.163520562709532,31.292800312485994,0.44719432007314813,21.940988767762978,4.593132309572443,0.008666163278235871,15.93940118936866,1000000.0,1003612.4043104871,31.29280031261758,0.19304617190488682,15.915346928568216,1.7846299335979166,0.004927131349143857,22.60384433729709,1000000.0,1003612.4043147073,0.1,0.9462678929765888,False
rae2822,ok,,0.2,1.9154294578584552,0.8567571815723731,3.6477759776280294,1.7678399999999996,0.4846350244209732,0.4846350244209732,6.269007125180796,1.0945487798148426,0.10623806193306679,3.00000002997,15.140994631892541,24.41000178704334,9.269007155150796,0.06307583593615067,28.163520562707127,31.29280031258616,0.5189523919435347,25.055501062418866,2.905841881814428,0.007468971808797533,15.453919479657388,1000000.0,1003612.4044531026,31.292800312615068,0.19705747980123303,16.78581254632968,-0.2557656075134815,0.005434700294908652,21.41998247720267,1000000.0,1003612.4044540297,0.12108702547504699,1.2585715719063546,False
rae5212,ok,,0.21,1.9588101532807305,0.7794359173181684,4.009641070112831,1.7678399999999992,0.4408973195075169,0.4408973195075169,5.946914056281477,0.9498350680320149,0.08039806716496462,3.00000002997,16.000666512999835,24.94758059925131,8.946914086251477,0.06606489599283169,28.16352056270713,31.292800312601603,0.5829958724249487,26.06362339681436,3.0155401449928037,0.008770071741733103,15.044988012326312,1000000.0,913037.6399781639,31.29280031261507,0.20907895106178126,16.719674304985563,-0.7929797223569661,0.005532599931121642,22.269750131779404,1000000.0,913037.6399785569,0.11938871611683127,1.5373,False
rae5213,ok,,0.2,1.9695252649716364,0.7925551048100434,3.943269365918737,1.767839999999988,0.4483183460098475,0.4483183460098475,5.734573517854362,0.8287891903757553,0.0801173554961573,3.00000002997,16.213007051433713,24.947580599258075,8.734573547824361,0.06680319933367002,28.163520562707202,31.292800312604893,0.5733455249463438,26.39516971227874,3.220550692914239,0.00926147308583442,14.797803860239714,1000000.0,928405.5640370236,31.292800312615153,0.2007380489675446,16.663425187351002,-0.3266126196264129,0.005372948860961612,22.33615482768232,1000000.0,928405.5640373281,0.09948527272727273,1.4953,False
rae5214,ok,,0.2,1.9709283010283332,0.7906855721383932,3.9525930100732682,1.7678399999999987,0.4472608223246412,0.4472608223246412,5.706769660989086,0.8155346188039244,0.08015679242632656,3.00000002997,16.240810908296186,24.94758059925527,8.706769690959085,0.06689987272708477,28.16352056270713,31.292800312605674,0.5747011689959924,26.481144532053996,3.277683456703904,0.009165999277590457,14.842661008195469,1000000.0,926215.5780991862,31.29280031261507,0.2005721837298884,16.795076882301547,-0.30117089102007116,0.0052384695696668674,22.69384695833592,1000000.0,926215.5780994643,0.09666158441558442,1.5012,False
rae5215,ok,,0.2,1.9740231281559282,0.7639893197247198,4.090709365840468,1.7678399999999996,0.4321597654339307,0.4321597654339307,5.645439711514048,0.789861361107199,0.08074093174012845,3.00000002997,16.302140857772166,24.947580599256213,8.645439741484047,0.06711311560065746,28.163520562707127,31.292800312606722,0.594783082543511,26.520020652116852,3.252293745395113,0.00956613354247969,14.81314576380643,1000000.0,894943.3685968469,31.292800312615068,0.2061186365917431,16.802421129966127,-0.27726769672385493,0.0054788881644547305,22.521509292660465,1000000.0,894943.3685970856,0.09647792207792208,1.5886,False
rae69ck,ok,,0.2,1.9154294578584552,0.8567571815723731,3.6477759776280294,1.7678399999999996,0.4846350244209732,0.4846350244209732,6.269007125180796,1.0945487798148426,0.10623806193306679,3.00000002997,15.140994631892541,24.41000178704334,9.269007155150796,0.06307583593615067,28.163520562707127,31.29280031258616,0.5189523919435347,25.055501062418866,2.905841881814428,0.007468971808797533,15.453919479657388,1000000.0,1003612.4044531026,31.292800312615068,0.19705747980123303,16.78581254632968,-0.2557656075134815,0.005434700294908652,21.41998247720267,1000000.0,1003612.4044540297,0.12108702547504699,1.2585715719063546,False
raf15,ok,,0.2,1.9826607532392349,0.8191206690208871,3.8153820112190324,1.7678399999999976,0.463345477543719,0.463345477543719,5.4742685642728794,0.7005421756178382,0.07957648207178926,3.00000002997,16.473312005016012,24.94758059925889,8.47426859424288,0.0677082738817725,28.163520562707138,31.292800312609494,0.5547508930025123,25.784708930558434,2.2384792167778644,0.0075810481281729965,15.363369846949306,1000000.0,959524.6843045653,31.292800312615082,0.18843943810476357,17.275566116549452,-0.298305744257688,0.006540588446988481,19.16547344203646,1000000.0,959524.6843047366,0.0649,1.4143729096989968,False
raf19,failed,Maximum_Iterations_Exceeded,1.49,,,,,,,,,,,,,,,,,,,,,,,,,,,,,,,,,,
raf25,ok,,0.21,1.7172692042502078,0.8567571813829288,3.64777597843024,1.7678399999989387,0.4846350243141026,0.4846350243141026,5.558649507578456,0.7085930668865348,0.10623806025096488,3.000000029970017,11.214068234765204,19.772717772313676,8.558649537548472,0.04942199998177587,28.16352056270947,31.292800312456393,0.4203645405289953,19.7955607170556,2.3883045399552194,0.006532891679294946,17.76251715645122,1000000.0,1003612.4042276263,31.292800312617494,0.1819554004558162,15.324512218270153,0.3437833287500796,0.004017284310835734,25.17606718458838,1000000.0,1003612.4042327931,0.06475189438134218,0.8295,False
raf26,failed,too few converged polar points,0.01,,,,,,,,,,,,,,,,,,,,,,,,,,,,,,,,,,
raf27,ok,,0.2,1.8076335590092523,0.8567571815641977,3.647775977662833,1.7678399999999985,0.484635024416349,0.484635024416349,6.014006269381178,0.9545731357625051,0.1062380618781298,3.00000002997,13.004811653789357,22.018817953140534,9.014006299351177,0.05564837511774401,28.163520562707138,31.292800312540464,0.46811623958008725,22.51532693361226,4.0412387215466055,0.007668252797899076,16.189543705867536,1000000.0,1003612.4044420609,31.29280031261508,0.19163620596543088,16.22343561379897,1.8913194953041055,0.00515744822151499,21.98131355766363,1000000.0,1003612.4044444538,0.0976,1.037323745819398,False
raf28,ok,,0.2,1.9084019269145278,0.8567571815724824,3.647775977627564,1.7678399999999994,0.48463502442103507,0.48463502442103507,6.012452090803836,0.9529955118420751,0.10623806193377004,3.00000002997,15.001730595498067,24.014182716271904,9.012452120773837,0.06259161797152125,28.163520562707127,31.29280031258351,0.5105373473505347,23.82748221069002,2.2494902937869816,0.00563474218957421,16.51879919026374,1000000.0,1003612.4044531456,31.292800312615068,0.1916031643973686,16.668087300741604,-0.09158662986673942,0.005088990374715905,22.15460915953332,1000000.0,1003612.4044541577,0.09820000000000001,1.2219478260869563,False
raf30,ok,,0.21,1.9274231846232976,0.8567571815730025,3.647775977625332,1.7678399999999954,0.4846350244213304,0.4846350244213304,6.387209494411733,1.1531958400845321,0.10623806193277469,3.00000002997,15.378673386210817,24.765882910592552,9.387209524381733,0.06390223969142844,28.163520562707195,31.29280031259018,0.5265183627251784,25.90181415756149,5.029907689382172,0.008427038382773039,14.913156002766254,1000000.0,1003612.4044539712,31.29280031261515,0.19957044160996706,17.044410211202653,1.921129757587929,0.005897113374891072,20.450401165640475,1000000.0,1003612.4044547719,0.1264,1.2915,False
raf30md,ok,,0.2,1.7335438066577942,0.8567571813499394,3.647775978562465,1.7678399999969439,0.4846350242959886,0.4846350242959886,5.7017941326863815,0.7846980522353406,0.10623806082852526,3.0000000299157588,11.536580771265218,20.23837493386736,8.701794162602141,0.050543368913949706,28.16352056169419,31.29280031165178,0.43026433082499727,20.94246688482829,3.571599893169192,0.008152744426107372,16.48386353622207,1000000.0,1003612.4041643095,31.29280031205537,0.18499863029918048,15.816066387969416,1.7005782749052734,0.0050977539509857416,21.98161878304202,1000000.0,1003612.4041772531,0.076,0.872585618729097,False
raf31,ok,,0.21,1.9408770984031958,0.8431372582673499,3.7067016490556757,1.7678399999999623,0.4769307506716489,0.4769307506716489,6.302292015777118,1.1300885162238186,0.0791168368284321,3.000000029970001,15.64528855350765,24.94758059925477,9.30229204574712,0.06482925471260355,28.163520562707692,31.292800312592775,0.538948929324094,24.96629865058944,2.929023673458924,0.006224401929681012,15.879731626952955,1000000.0,987657.914347355,31.292800312615686,0.20095978118435512,17.097459755516446,-0.5347582388182254,0.006127759158224296,20.134016057028315,1000000.0,987657.9143480782,0.1274,1.3456,False
raf32,failed,airfoil 'raf32' not found in the aerosandbox UIUC database,0.0,,,,,,,,,,,,,,,,,,,,,,,,,,,,,,,,,,
raf32md,ok,,0.22,1.9633417203380625,0.8128160746006362,3.8449759585944676,1.7678399999995966,0.45977920773419634,0.45977920773419634,5.857112088935176,0.895826511684997,0.07970149736917226,3.0000000206385016,16.090468420648087,24.947580530221764,8.857112109573677,0.06637713498640199,28.16352038751275,31.292800211525716,0.5590538111716117,24.65235617311007,0.5026769901592727,0.005669503019214027,16.24287536657566,1000000.0,952139.4275057763,31.29280021529089,0.1984802603808461,17.49568212914138,-2.891734794492191,0.0073874480265404985,18.025441312996254,1000000.0,952139.4276203384,0.1016,1.4331,False
raf33,ok,,0.23,1.9450874867716932,0.8236247792116841,3.7945170476670658,1.7678399999999317,0.46589328175158157,0.46589328175158157,6.218855075608948,1.0884836397657267,0.07948823380879783,3.0000000299700016,15.728725493688398,24.947580599267347,9.21885510557895,0.06511936310235716,28.163520562708086,31.292800312593453,0.5517171582080763,24.71136216896166,2.299822501682794,0.006596290270313521,15.777814545473516,1000000.0,964800.8360023216,31.292800312616116,0.2038755028982171,17.883989438323784,-0.53133538893841,0.009119991874873475,15.689749847900233,1000000.0,964800.8360030203,0.12637712465826834,1.4011695652173914,False
raf34,ok,,0.22,1.936892894426487,0.8563905741476034,3.6493375335321514,1.7678399999999994,0.48442764851321596,0.48442764851321596,6.381246677078492,1.1529034522164125,0.10279511394885364,3.00000002997,15.566333891898786,24.947580598947276,9.381246707048492,0.06455473110599777,28.163520562707127,31.292800312593986,0.5306082718895172,25.39089774050304,3.4216824471717984,0.0068111773839287055,15.561598055691785,1000000.0,1003182.9575027155,31.292800312615068,0.1995290518712492,16.999242245123195,1.0329462473614355,0.005517172545395176,21.281827129607525,1000000.0,1003182.9575033913,0.1264,1.3093,False
raf38,failed,airfoil 'raf38' not found in the aerosandbox UIUC database,0.0,,,,,,,,,,,,,,,,,,,,,,,,,,,,,,,,,,
raf48,ok,,0.22,1.9307067440134444,0.8243352728019744,3.7912465579411485,1.7678399999999896,0.46629518101297585,0.46629518101297585,6.503837140959937,1.2391749204195865,0.07947440485083036,3.0000000299700007,15.443743428315631,24.94758059924557,9.503837170929938,0.06412848678408742,28.163520562707326,31.292800312590888,0.551241633846159,24.771363611702895,2.6022215812602285,0.006543320166354094,15.799197175850868,1000000.0,965633.1140336493,31.29280031261528,0.2099967453381164,16.81104375961698,-0.3366320472196645,0.006372799104973645,20.025111334623052,1000000.0,965633.1140344021,0.1496,1.3991,False
raf69,failed,airfoil 'raf69' not found in the aerosandbox UIUC database,0.0,,,,,,,,,,,,,,,,,,,,,,,,,,,,,,,,,,
raf6,failed,airfoil 'raf6' not found in the aerosandbox UIUC database,0.0,,,,,,,,,,,,,,,,,,,,,,,,,,,,,,,,,,
raf6prop_sm,failed,airfoil 'raf6prop_sm' not found in the aerosandbox UIUC database,0.0,,,,,,,,,,,,,,,,,,,,,,,,,,,,,,,,,,
raf89,failed,airfoil 'raf89' not found in the aerosandbox UIUC database,0.0,,,,,,,,,,,,,,,,,,,,,,,,,,,,,,,,,,
rc0864c,failed,too few converged polar points,0.01,,,,,,,,,,,,,,,,,,,,,,,,,,,,,,,,,,
rc08b3,ok,,0.23,1.9277524290739771,0.8567571815740836,3.647775977620742,1.7678399999999985,0.4846350244219411,0.4846350244219411,5.854088824714296,0.8822133817689338,0.10623806194388312,3.00000002997,15.385197997987973,24.23928685267227,8.854088854684296,0.06392492562181375,28.163520562707138,31.29280031259062,0.5153230221329976,25.105455170065927,3.4252208887126137,0.0075118916265738715,15.493964208461861,1000000.0,1003612.40445525,31.292800312615082,0.18823638890678981,16.61788085220982,0.9936189393972213,0.00479534220769597,22.86971202817392,1000000.0,1003612.4044560344,0.07999618239660658,1.2427759197324415,False
rc08n1,ok,,0.22,1.8766761527210378,0.856757181571053,3.6477759776335734,1.767839999999981,0.4846350244202316,0.4846350244202316,5.751142019768841,0.8163075089501772,0.10623806192107166,3.00000002997,14.37302338564356,23.1241654353824,8.751142049738842,0.06040561695226674,28.16352056270732,31.292800312570158,0.49161573477598797,22.914190691774238,3.5142644520230117,0.005648864524272728,16.90444891094108,1000000.0,1003612.4044510535,31.292800312615277,0.18604775774160473,17.522278430171955,1.1351667118512583,0.007018788312891218,17.932594576547384,1000000.0,1003612.4044525005,0.08015168854923553,1.1395976588628762,False
rc1064c,ok,,0.2,1.9574273262472666,0.8262639452734638,3.7823969973245797,1.7678399999999745,0.4673861578386481,0.4673861578386481,5.974317432500745,0.9751017740573968,0.07943697690309005,3.0000000299700007,15.973263136785828,24.947580599256572,8.974317462470745,0.06596961506174433,28.163520562707376,31.292800312600008,0.5499549208405724,26.22751907905728,4.377309206260828,0.008544203512091649,14.93420092296372,1000000.0,967892.376819414,31.292800312615334,0.19783361476792283,16.787149246974533,0.6848243804155218,0.005232354655508816,22.248459256149022,1000000.0,967892.376819888,0.09999859093781616,1.3935,False
rc10b3,ok,,0.2,1.9553964544937537,0.8329456062859197,3.7520556468692288,1.7678399999999996,0.47116571991012757,0.47116571991012757,6.014563060731358,0.9966630189040978,0.07930865406934187,3.00000002997,15.933017508548248,24.94758059924961,9.014563090701358,0.06582968190531265,28.163520562707127,31.292800312600455,0.5455433334265873,25.678023116430385,3.3776512712212017,0.007420604856120255,15.378361189781716,1000000.0,975719.3294481012,31.292800312615068,0.19712672250185362,16.970700893575255,0.7413536480538321,0.005655241860805126,21.15507152416188,1000000.0,975719.3294485569,0.09972366130308626,1.3743,False
rc10n1,ok,,0.24,1.954307972669467,0.8567571815752845,3.647775977615635,1.7678399999999999,0.48463502442262,0.48463502442262,6.018713026591194,0.961401213571669,0.10623806195111643,3.00000002997,15.911447148545324,24.930160205106517,9.018713056561193,0.06575468224217382,28.163520562707127,31.292800312600086,0.5300108694292369,25.11256027408394,3.706448894036435,0.005895087082743805,15.99721626763204,1000000.0,1003612.4044569595,31.292800312615068,0.19173627080250893,16.881783093257376,1.2273893865339114,0.0049823390796323985,22.433817010609182,1000000.0,1003612.4044574399,0.100100048977105,1.3067,False
rc1264c,ok,,0.2,1.9441782385157045,0.8233057545458924,3.7959873939223447,1.7678399999999805,0.4657128216048406,0.4657128216048406,6.236873577857501,1.1193626419776597,0.07949445484073993,3.0000000299700007,15.710706991425008,24.94758059925251,9.236873607827501,0.06505671316977653,28.16352056270737,31.292800312595297,0.5519309443755591,26.48148019767655,4.549812991859822,0.009206870910335953,14.68312191068849,1000000.0,964427.1278866782,31.292800312615327,0.20435313769827324,16.737264550007385,1.1011325686480118,0.005081422232247658,22.77605166447892,1000000.0,964427.1278872956,0.11999726963764856,1.4021,False
rc12b3,ok,,0.21,1.941410349924226,0.8311602926498142,3.760114978102685,1.7678399999990884,0.4701558357375344,0.4701558357375344,6.291724189028712,1.1488789935930386,0.07934263899993262,3.0000000145699834,15.655856278224464,24.94758048182316,9.291724203598696,0.0648659980495158,28.16352027358078,31.29280014185809,0.5467151516171428,25.737903694914014,3.0533873846325355,0.007926598811710735,15.169259298545684,1000000.0,973627.993068819,31.292800152000115,0.2036240110256196,17.03660065839449,0.6678897413478962,0.006123797481401233,20.314061275452076,1000000.0,973627.9933843728,0.11996507709707824,1.3794,False
rc12n1,ok,,0.21,1.9452244810325285,0.8489644834636586,3.681259141547497,1.767839999999927,0.4802269908270509,0.4802269908270509,6.216140174911584,1.0915757015528456,0.07900922572585563,3.0000000264741145,15.731440371117433,24.94758057250313,9.216140201385699,0.06512880257849785,28.163520497069776,31.292800274016713,0.5352496271637448,25.09273898112421,4.117205756911062,0.006044214855072582,15.94475826555948,1000000.0,994483.9726122004,31.29280027615003,0.19773202422035707,16.88727874033589,1.4959622951554405,0.005140362122797724,22.225309206156016,1000000.0,994483.972679997,0.12019302658056448,1.3295,False
rc410,ok,,0.21,1.9711231405081537,0.7606687768889131,4.108566514826734,1.767839999999999,0.43028146036344556,0.43028146036344556,5.702908542109231,0.8263172455190659,0.08081644976999511,3.00000002997,16.244672027176392,24.947580599255623,8.702908572079231,0.06691329775176284,28.16352056270713,31.292800312605742,0.5973794855557234,25.684698843774207,3.822562207683189,0.008264299761410836,15.323683468239079,1000000.0,891053.6574263573,31.29280031261507,0.20839451845599433,17.252854464102807,0.9018012993385512,0.0072881096590779685,18.899348593141344,1000000.0,891053.6574266229,0.0997972300521294,1.5999,False
rc510,ok,,0.22,1.9675764162522213,0.7892655832815559,3.9597042260518194,1.767839999999217,0.44645758851587564,0.44645758851587564,5.773193583316068,0.8609520126938381,0.08018666840720533,3.0000000256038986,16.174386958212878,24.947580567132846,8.773193608919968,0.06666891801089712,28.16352048073777,31.292800265504837,0.575735130254749,25.626847402931084,3.496808331525476,0.007336574066128156,15.584292309896563,1000000.0,924552.1900897521,31.29280026708052,0.20246595661040062,16.882892233076817,0.7861254223420249,0.005406337593757184,22.32813113905719,1000000.0,924552.1901363059,0.09961103962133702,1.5057,False
rcsc2,ok,,0.22,1.8985903276339628,0.856757181570778,3.6477759776347316,1.7678399999999779,0.4846350244200769,0.4846350244200769,6.164907585636199,1.0531884955901911,0.1062380619171015,3.0000000299700007,14.807294892518438,23.97220250812464,9.1649076156062,0.06191556934629215,28.163520562707262,31.292800312578816,0.5096448554288278,25.481946638024983,4.051081419667216,0.009186913225465661,14.828044233639861,1000000.0,1003612.4044510109,31.29280031261521,0.19484434169868448,16.391457015259995,1.1439903085244028,0.004628447093763731,23.448790077715795,1000000.0,1003612.404452178,0.0997,1.2180635451505015,False
rg12,ok,,0.22,1.913142266804353,0.8567571815729041,3.6477759776257512,1.7678399999999954,0.48463502442127476,0.48463502442127476,5.9572907962933375,0.9240725726308863,0.10623806193656098,3.00000002997,15.095669543929096,24.05296037019243,8.957290826263337,0.06291824161094985,28.163520562707138,31.29280031258523,0.5113617535273173,24.158811440803433,2.851806379484721,0.006041409263406407,16.288106756082083,1000000.0,1003612.4044536971,31.292800312615082,0.19043044487113056,16.551154602007145,-0.21581643359997388,0.004633030776756452,23.36839988504619,1000000.0,1003612.4044546545,0.09256916920234055,1.2255357859531772,False
rg12a189,ok,,0.21,1.9644924871388914,0.8432859954268539,3.7060478681588496,1.7678399999999732,0.4770148856383308,0.4770148856383308,5.834307686347218,0.8817663597305136,0.07911407194497495,3.0000000299700007,16.113272882939107,24.947580599256327,8.83430771631722,0.0664564258426601,28.163520562707323,31.292800312602594,0.5388538705498546,25.26894320019104,2.573394081875689,0.006001022506715324,15.98443796898718,1000000.0,987832.14627882,31.29280031261527,0.19081613496032693,16.731073202185012,-0.7538804176556262,0.0044987081540665014,23.931337549003096,1000000.0,987832.1462792201,0.0898716617507608,1.3451862876254181,False
rg12a,ok,,0.2,1.9644926865708805,0.8432859954267887,3.7060478681591373,1.7678399999999737,0.4770148856382938,0.4770148856382938,5.834303734218942,0.8817637249835715,0.07911407195248996,3.0000000299700007,16.11327683506739,24.94758059925633,8.834303764188942,0.06645643958412244,28.163520562707323,31.292800312602594,0.5388538705498958,25.2691821654314,2.5733940818760868,0.006000979942190177,15.984458151353314,1000000.0,987832.1462787434,31.29280031261527,0.19081604959656775,16.731457742880757,-0.7538812318108192,0.004498700611271548,23.93135881288426,1000000.0,987832.1462791436,0.0898716617507608,1.3451862876254181,False
rg1410,ok,,0.2,1.9594925312851816,0.8319294771206537,3.756638455000611,1.7678399999999996,0.4705909342025601,0.4705909342025601,5.933391424221077,0.9359697385454074,0.0793280362722713,3.00000002997,16.014189145060065,24.947580599251143,8.933391454191078,0.0661119138844724,28.163520562707127,31.292800312601855,0.5462096669407177,25.39591082557902,3.4028927307265158,0.006489494605196583,15.796499253214487,1000000.0,974529.0273920635,31.292800312615068,0.19559029988611848,16.771820952136743,-0.021771811584799,0.004781132607939155,23.33235280655872,1000000.0,974529.027392475,0.0999996633941094,1.3772,False
rg1495,ok,,0.2,1.9623800649642438,0.8345573160774733,3.744809619893976,1.767839999999949,0.4720774029762294,0.4720774029762294,5.876169392968087,0.9049728234700567,0.07927800793680045,3.000000029970001,16.071411176323416,24.947580599261503,8.876169422938089,0.06631087361755986,28.16352056270752,31.292800312600892,0.544489771837436,25.374858290417553,3.3457254614570835,0.006393595532403143,15.831159354183637,1000000.0,977607.299545124,31.292800312615494,0.1937255376187534,16.71664813772906,-0.04866696274138655,0.004650124084229495,23.640643345229506,1000000.0,977607.2995455802,0.09499967942296134,1.3697147157190637,False
rg149,ok,,0.2,1.9629851741197157,0.8510702810243744,3.672150626430453,1.7678399999999996,0.4814181605939308,0.4814181605939308,5.864177991694831,0.8964271495259628,0.07897070944697507,3.00000002997,16.083402577587428,24.94758059925226,8.86417802166483,0.0663525674537003,28.163520562707127,31.29280031260304,0.5339252618118495,25.40094169588181,3.226814221279501,0.006283003598874942,15.824843555208803,1000000.0,996950.7224092738,31.292800312615068,0.18971012247586258,16.728783116861766,-0.0964686943138747,0.004534953894967893,23.710001945185624,1000000.0,996950.7224096571,0.08999969545181327,1.3237361204013378,False
rg14,ok,,0.2,1.9113957288659071,0.8567571815730471,3.6477759776251597,1.7678399999999996,0.4846350244213545,0.4846350244213545,5.849825510975421,0.8654491286315112,0.10623806193732122,3.00000002997,15.061058536881946,23.91088407782737,8.849825540945421,0.06279789990737714,28.163520562707127,31.292800312584642,0.5083412362653301,23.92273634662252,2.886525540509646,0.005780313367991313,16.485815730515185,1000000.0,1003612.4044538434,31.292800312615068,0.1881457515985211,16.4396512324858,-0.10809932564776607,0.004364128625922163,24.1327142398711,1000000.0,1003612.4044548192,0.08466553957988404,1.2123899665551838,False
rg14a147,ok,,0.2,1.835670080565486,0.8567571815676817,3.647775977647933,1.7678399999999823,0.4846350244183242,0.4846350244183242,5.645103867160604,0.7551564103641698,0.10623806189780544,3.0000000299700007,13.560409229885154,22.20551312701576,8.645103897130605,0.05758017556253298,28.16352056270722,31.29280031255275,0.47208534649935063,21.852671568310782,2.60868622487255,0.005553474146505415,17.380508053919907,1000000.0,1003612.4044465452,31.292800312615164,0.18379340506291156,15.797298469900458,0.10433153640874833,0.0039529490589651625,25.427411571530982,1000000.0,1003612.4044485469,0.06995851509375645,1.0545979933110368,False
rg15,ok,,0.21,1.9420931513448658,0.8567571815748475,3.6477759776174956,1.7678399999999999,0.48463502442237283,0.48463502442237283,5.889548005056999,0.884332225289272,0.10623806194845432,3.00000002997,15.669386980461502,24.558935015488498,8.889548035026998,0.06491304440844482,28.163520562707127,31.292800312595833,0.5221186864719451,24.611820350657656,2.391311689842467,0.005614842942938,16.29273370118772,1000000.0,1003612.4044563113,31.292800312615068,0.18899024491268354,16.698131633930473,-0.8114957583947175,0.0045943793087339715,23.455414415918487,1000000.0,1003612.404456928,0.08918106043107019,1.272351839464883,False
rg15a111,ok,,0.24,1.9576132067287162,0.8140204787031164,3.8392870294603645,1.7678399999999976,0.46046049342877043,0.46046049342877043,5.970633853392322,0.9544558319339543,0.07967758421350878,3.00000002997,15.976946715888765,24.947580599251086,8.970633883362321,0.06598242278455821,28.16352056270715,31.292800312601116,0.5582266472462775,25.2018477334135,2.657797547962607,0.00631086101004065,15.941487989441635,1000000.0,953550.2794459858,31.29280031261509,0.2007267541017162,16.85368672892052,-0.6909292349656222,0.00516114003338594,22.622720509539498,1000000.0,953550.2794464116,0.10989988863908418,1.4295,False
rg15a213,ok,,0.22,1.950800066859896,0.7860344805256231,3.9759811344536677,1.7678399999999903,0.4446298763042059,0.4446298763042059,6.105649318458459,1.0280030540298801,0.0802557020447598,3.00000002997,15.841931250824063,24.947580599252525,9.105649348428459,0.0655129770081767,28.163520562707234,31.29280031259841,0.5781017676380223,25.37038662648321,1.902299389780346,0.006580569077001543,15.921723702781186,1000000.0,920767.2511549763,31.29280031261519,0.2110021035053587,17.308783680297587,-1.5274511011997576,0.005738285922067374,21.755786048256045,1000000.0,920767.25115547,0.12988422017993126,1.516,False
rg8,ok,,0.22,1.9574919822724417,0.827574708110949,3.7764062083691883,1.7678399999998606,0.4681276066335269,0.4681276066335269,5.973036148847406,0.9521239983037673,0.07941163897851972,3.0000000299614626,15.97454442040886,24.94758059921773,8.973036178808869,0.06597407005623658,28.163520562548126,31.29280031250188,0.5490838690022662,25.085749303892914,1.5461181668064534,0.0059826105742188706,16.04625708271977,1000000.0,969427.8151778432,31.292800312527454,0.19749207351577291,16.8057725312767,-1.7619775460865734,0.004999555383889154,22.825185938887913,1000000.0,969427.8151786355,0.10793665367692677,1.3897090301003343,False
rhodesg30,ok,,0.23,1.9645397776806053,0.8155605017941409,3.832037302842349,1.767839999999992,0.46133162604881917,0.46133162604881917,5.83337053334341,0.8816296334431625,0.07964692257540355,3.00000002997,16.114210035940996,24.947580599254405,8.833370563313409,0.06645968430285608,28.163520562707212,31.292800312603294,0.5571725477344525,26.022681543945154,0.720493744700562,0.009394968843448342,14.644274614436371,1000000.0,955354.2751528209,31.292800312615164,0.1972821196932748,17.986366107462256,-2.8446698828742996,0.009700149034833828,14.841846168922764,1000000.0,955354.2751531831,0.0974,1.4249123745819399,False
rhodesg32,ok,,0.23,1.9585024962440438,0.7752776479593881,4.031147130097171,1.767839999999992,0.4385451443339848,0.4385451443339848,5.953010871952006,0.9481244951634031,0.0804889999983241,3.00000002997,15.994569697333645,24.94758059925565,8.953010901922006,0.06604369750003262,28.163520562707234,31.292800312601244,0.5861228216914551,25.845846584473456,0.14999366124430802,0.009514247418134794,14.780497456914208,1000000.0,908166.6090731438,31.29280031261519,0.21034360392524182,18.010557442391626,-3.4161262592862314,0.010189639268299909,14.948222956275595,1000000.0,908166.6090735486,0.119,1.5509090301003343,False
rhodesg34,ok,,0.25,1.943423860556142,0.7866069602107284,3.9730874803888714,1.7678399999999979,0.44495370633695885,0.44495370633695885,6.251823027446034,1.1054456428737418,0.08024346916974469,3.00000002997,15.695757541830574,24.947580599246606,9.251823057416033,0.0650047342652293,28.163520562707163,31.2928003125962,0.5776810346231529,26.224186255414182,-0.6560647445752793,0.010124615843022133,14.503154948165786,1000000.0,921437.8585634321,31.292800312615107,0.21423330790293796,18.037211825582546,-4.423587994794558,0.00972225011002863,15.51535189912219,1000000.0,921437.8585639889,0.1407,1.5141688963210702,False
rhodesg36,ok,,0.26,1.943168068823649,0.7346957081347445,4.2538131514806965,1.7678399999999999,0.415589481024722,0.415589481024722,6.256892032395855,1.1073670681333356,0.08143070394194717,3.00000002997,15.690688536880215,24.947580599246066,9.256892062365853,0.06498710944748542,28.163520562707127,31.292800312596214,0.6184981313828076,26.1979521702404,-0.8326976460380825,0.010945494149505653,14.467362805184159,1000000.0,860628.591206546,31.292800312615068,0.2294960194717923,17.857968233998072,-5.1146666850971005,0.010235307257711917,15.703467199515673,1000000.0,860628.5912070647,0.1617045165585831,1.6918120401337793,False
s1010,ok,,0.25,1.825204860147284,0.8567571815673756,3.6477759776492977,1.7678399999999972,0.484635024418147,0.484635024418147,5.530313932110738,0.6947275560386468,0.10623806189924649,3.00000002997,13.35302076744685,21.88333472952759,8.530313962080738,0.0568590904800578,28.16352056270714,31.29280031254863,0.4652358898109851,22.404845760826866,3.968810260096326,0.007603557752472151,16.273034840680175,1000000.0,1003612.404446046,31.292800312615086,0.1813529910111877,16.356424899137487,1.7303241634129032,0.005640703013070834,20.53940589743094,1000000.0,1003612.4044481775,0.06019133754977747,1.0247879598662206,False
s1012,ok,,0.25,1.9219836371095684,0.8567571815722137,3.6477759776286796,1.7678399999999928,0.4846350244208849,0.4846350244208849,6.406381308876858,1.1800825798496946,0.10623806192804344,3.00000002997,15.270878294454452,24.67725963330131,9.406381338846858,0.06352743854908996,28.163520562707195,31.292800312588156,0.524634247266283,26.330884590954994,5.047745717340386,0.009477344998795887,14.507120404381592,1000000.0,1003612.4044529836,31.29280031261515,0.19997803105079873,16.929364179314273,1.7936944448860763,0.005646417534086623,20.997608101027264,1000000.0,1003612.4044538494,0.12017432432432432,1.2833,False
s1014,ok,,0.23,1.8226712954542426,0.8567571815626419,3.6477759776693723,1.7678399999999779,0.4846350244154746,0.4846350244154746,7.006189351620611,1.5135651351318125,0.1062380618674031,3.0000000299700007,13.302813312163755,23.309002693754366,10.006189381590612,0.05668452027201293,28.16352056270724,31.29280031254686,0.4955453427426842,24.568211748938467,5.063938355273804,0.010212604567888047,14.565487879926291,1000000.0,1003612.4044404553,31.29280031261519,0.21272984570701733,17.08227040335001,1.795711403138484,0.007535480439654518,17.84171245000573,1000000.0,1003612.4044426468,0.16502685331710287,1.1567,False
s1016,ok,,0.22,1.8008519211721814,0.8567571815588292,3.64777597768569,1.7678399999999983,0.4846350244133123,0.4846350244133123,7.173793141506637,1.6013518707463,0.10623806184005727,3.00000002997,12.870420462047658,23.044213633524294,10.173793171476637,0.05518109992585633,28.16352056270713,31.292800312537203,0.48991597338388515,24.63600237183028,5.620770484770222,0.010845433416736501,14.359945260287649,1000000.0,1003612.4044356677,31.29280031261507,0.21629307312680077,17.05066260218059,1.8134101735300354,0.007262226137912728,18.332813103680223,1000000.0,1003612.404438165,0.17481940497874923,1.1322,False
s1020,ok,,0.22,1.937933538369546,0.7943696790589891,3.9342617775922433,1.7678399999999996,0.4493447818009488,0.4493447818009488,6.360624316959116,1.1637941562817373,0.08007926368050047,3.00000002997,15.586956252314728,24.947580599243842,9.360624346929116,0.06462643459560635,28.163520562707127,31.29280031259436,0.5720358349460347,24.66206319740064,-1.0746318281425222,0.006638522327691249,15.865640150909128,1000000.0,930531.1712264824,31.292800312615068,0.2146345431214675,17.767676781831028,-4.446733277609061,0.008938638805370965,16.40936286538925,1000000.0,930531.1712270981,0.15093519775497663,1.4896,False
s102b,ok,,0.2,1.9501088517754617,0.750992159565834,4.161505850349734,1.7678399999999996,0.42480776516304314,0.42480776516304314,6.119347074245391,1.045081608282537,0.08104027625687356,3.00000002997,15.828233495034075,24.947580599249463,9.11934710421539,0.06546535021521417,28.163520562707127,31.292800312598633,0.6050767865259584,25.05812362170017,2.0642128778133637,0.007141665348073722,15.815999411919272,1000000.0,879718.3883587058,31.292800312615068,0.22117997450996624,17.21890474344051,-1.1974933112639534,0.007241127325658022,19.40382039428738,1000000.0,879718.3883591677,0.1498357687078881,1.6334,False
s102s,ok,,0.21,1.9430046251622755,0.7837293940678783,3.9876751966372224,1.7678399999999994,0.44332597637109616,0.44332597637109616,6.260130982773394,1.1186713648773996,0.08030516651102336,3.00000002997,15.6874495865024,24.947580599245793,9.260131012743393,0.06497584768888578,28.16352056270713,31.292800312596142,0.5798020669580111,25.09819939877075,1.9149450412526807,0.007095631376689241,15.70790084647096,1000000.0,918067.0539320647,31.29280031261507,0.21521297747190765,17.271714852290412,-1.2704671142342443,0.0071770995918704035,19.070633865267247,1000000.0,918067.05393262,0.1498357687078881,1.5234,False
s1046,ok,,0.21,1.877842069338267,0.8567571815680468,3.647775977646449,1.7678399999999994,0.4846350244185261,0.4846350244185261,6.869357330478027,1.3914013333565738,0.10623806190494704,3.00000002997,14.396128264940108,24.265485625388134,9.869357360448028,0.060485952104944146,28.163520562707127,31.292800312571522,0.5158800034879996,24.739380087899143,4.608438353697222,0.008017522792631515,15.253282298999702,1000000.0,1003612.4044475653,31.292800312615068,0.2098208207377113,17.295841392880263,1.8627865508902808,0.007266561808973034,18.189809932675907,1000000.0,1003612.404448962,0.16988897348742352,1.2452,False
s1048,ok,,0.2,1.8579419122332745,0.8567571815672917,3.647775977649625,1.76783999999999,0.4846350244181015,0.4846350244181015,6.4794818046578415,1.1862394517341859,0.10623806189548014,3.0000000299700007,14.001768392968449,23.48125022759629,9.479481834627842,0.05911477157993867,28.163520562707205,31.292800312562758,0.4992072953470382,23.62178147497777,4.511046577413226,0.007223117399994587,15.905622809952215,1000000.0,1003612.404446405,31.29280031261515,0.20153213487663865,16.931174033092464,1.8033303354726768,0.0065763028513690855,19.16755356043392,1000000.0,1003612.4044480853,0.13969973202322464,1.17263745819398,False
s1091,failed,Maximum_Iterations_Exceeded,1.32,,,,,,,,,,,,,,,,,,,,,,,,,,,,,,,,,,
s1210,failed,Maximum_Iterations_Exceeded,1.23,,,,,,,,,,,,,,,,,,,,,,,,,,,,,,,,,,
s1221-4deg-flap,failed,airfoil 's1221-4deg-flap' not found in the aerosandbox UIUC database,0.0,,,,,,,,,,,,,,,,,,,,,,,,,,,,,,,,,,
s1221,ok,,0.23,1.9936550450394819,0.637523855807439,4.90218246286923,1.7678399999999996,0.3606230517509724,0.3606230517509724,5.256395535240302,0.5599779008261223,0.07251831327140713,3.00000002997,16.691185034052488,24.94758059926279,8.256395565210301,0.06846581356968497,28.163520562707127,31.292800312613068,0.7127700688793844,25.294832029043896,-0.03936695513353663,0.008859638834748617,15.660707396840474,1000000.0,746800.6847044079,31.292800312615068,0.2358910761824899,17.816009805183995,-3.9308088199528157,0.010736011956384682,15.991962984703344,1000000.0,746800.6847044557,0.12131975080562682,2.1021,False
s1223,ok,,0.26,1.895835266586278,0.5821464191257906,5.368508957408343,1.7678399999999994,0.3292981373460216,0.3292981373460216,6.533037388021237,0.5044209639564933,0.06473752364368426,3.000000029973166,15.414543181160303,24.947580599154705,9.533037417994404,0.06402695817262026,27.222915955411327,31.29280031259124,0.7805732504498984,22.741666779223046,-2.9762284364299343,0.013647635377890257,14.512034576800723,1000000.0,681931.100210264,30.247684092695188,0.3192428122921552,22.040254730098102,-4.164332907693675,0.04371801392929501,6.330133058084294,1000000.0,659155.9811233812,0.12140038664098121,2.397191304347826,False
s1223rtl,ok,,0.23,1.9195921562098883,0.5762252710939332,5.423674424529944,1.7678399999999996,0.3259487686068498,0.3259487686068498,5.1864401321306355,0.5324434027239928,0.05942878137453169,3.0000000299706215,16.761140437082435,24.94758059918369,8.186440162101256,0.06870904695389007,25.978229274260347,31.292800312614183,0.7885942276567999,22.416517491537057,-2.782128215780019,0.012817778620297619,14.775814085695767,1000000.0,674995.0187384447,28.864698905258287,0.3041410531732933,23.096262635126603,-5.71338150971284,0.055527265403310815,4.940618792052618,1000000.0,622620.1485260025,0.13502623438621442,2.4321,False
s2027,ok,,0.23,1.9367233262984263,0.8264020529788972,3.781764885910569,1.7678399999999996,0.4674642801265371,0.4674642801265371,6.384606995834314,1.163477052298846,0.0794343042131009,3.00000002997,15.562973573438999,24.947580599243313,9.384607025804314,0.06454304735327,28.163520562707127,31.29280031259393,0.5498630127773039,25.1468290353491,2.1631057276253074,0.006755991124092633,15.695904515564596,1000000.0,968054.157320508,31.292800312615068,0.20684363649633247,17.14527318195186,-0.8468405932959074,0.006326399486811344,20.028111594264807,1000000.0,968054.1573211619,0.1450066757695081,1.3931,False
s2046,ok,,0.22,1.982156437103969,0.7520170557483834,4.15583428821284,1.7678399999999996,0.425387510039587,0.425387510039587,5.484262558063638,0.6945881137212015,0.08101635185537995,3.00000002997,16.463318011225514,24.94758059925915,8.484262588033637,0.06767352498710431,28.163520562707127,31.292800312609383,0.6042521497919338,24.570308846084973,2.0168456447882934,0.005842886547010453,16.368266857827486,1000000.0,880918.9601711943,31.292800312615068,0.20549623591030317,16.363896548398035,-1.6028913714285422,0.005574009246016155,22.414911841612188,1000000.0,880918.9601713542,0.090138260536275,1.6298110367892975,False
s2048,ok,,0.23,1.9644932505763049,0.8551799126984947,3.6545038291864653,1.7678399999999987,0.4837428232750109,0.4837428232750109,5.834292557048652,0.8697215246378326,0.09198969057255935,3.00000002997,16.113288011919156,24.947580598937808,8.834292587018652,0.06645647844578824,28.1635205627073,31.292800312602687,0.5313594436246953,24.79581912627113,2.1838720289400517,0.005034104243709187,16.42084233289202,1000000.0,1001764.7787306972,31.292800312615263,0.18816192517087846,16.875257517542966,-1.0401248662726381,0.004827528939605714,22.796548605981368,1000000.0,1001764.7787310999,0.0862730560254881,1.3125692307692307,False
s2050,ok,,0.23,1.9668614090331822,0.8429864104205453,3.7073649432151887,1.7678399999999832,0.4768454217692514,0.4768454217692514,5.7873629446551265,0.8501303624494371,0.07911964226884888,3.0000000299700007,16.160217624632114,24.94758059925724,8.787362974625127,0.0666196516679422,28.1635205627074,31.292800312603276,0.5390453713121578,25.358010563155815,2.7026984051696874,0.0064423895907636,15.778921925189287,1000000.0,987481.2099400616,31.292800312615363,0.18986960754214657,16.727160574640543,-0.5244183000248599,0.004915556336862985,22.726021483331618,1000000.0,987481.209940443,0.08928535306413438,1.3460197324414716,False
s2055,ok,,0.22,1.9412531390471344,0.8567571815749461,3.6477759776170737,1.7678399999999994,0.48463502442242873,0.48463502442242873,5.814878293799389,0.8526159148879455,0.10623806194906255,3.00000002997,15.652740521820991,24.46761884559038,8.814878323769388,0.06485516504109423,28.16352056270713,31.29280031259551,0.5201773205840514,24.658999934879077,2.817313157114508,0.005828512701785727,16.223304438751114,1000000.0,1003612.4044564165,31.29280031261507,0.1874027798399121,16.51931648737528,-0.2362490221507394,0.004177707740505601,24.714125344187686,1000000.0,1003612.4044570439,0.07985652767071658,1.263902675585284,False
s2060,ok,,0.4,1.7810815795341526,0.8567571407458052,3.6477761514534537,1.7678399999999996,0.4846350013269331,0.4846350013269331,5.76582356534546,0.8170782868733881,0.10624112626710702,3.000000001751792,15.449945221905352,24.215768789002606,8.765823567097252,0.06415004953948267,23.940735571569455,31.292799997858292,0.5148230670796985,26.44154662467565,2.3844401124302594,0.0052984892713893485,16.60920006115356,1000000.0,1003612.3465346771,26.600817286210805,0.25790000467176655,15.592911127334071,4.597595623289397e-08,0.004319999999415052,23.94870886541962,1000000.0,853132.6266163907,0.07997058170457635,1.2406,False
s2062,ok,,0.23,1.9154591315698726,0.8567571815781515,3.6477759776019005,1.7678399999996297,0.48463502442434325,0.48463502442434325,5.768191685823076,0.8189415939868844,0.10623806201538091,3.000000029970005,15.141582673539396,23.909774389332476,8.768191715793082,0.06307788054388296,28.163520562709376,31.29280031257293,0.5083176444783359,23.880491745210044,2.5200733974928795,0.005726441794334661,16.515149579913462,1000000.0,1003612.404459657,31.292800312617516,0.18641023067453477,16.40132213910073,-0.520394617294226,0.004393101514106359,24.0150027612868,1000000.0,1003612.4044610871,0.07983643996547574,1.2122872909698996,False
s2091,ok,,0.22,1.9765094868296051,0.7507925868592585,4.162612045323579,1.7678399999999996,0.4246948744565451,0.4246948744565451,5.596167734260999,0.7522537252596126,0.0810450315786179,3.00000002997,16.351412835026128,24.947580599257126,8.596167764230998,0.06728443317234982,28.163520562707127,31.29280031260754,0.605237625636498,24.501917868271516,1.731418677949023,0.005494665362406579,16.528179156776982,1000000.0,879484.607250122,31.292800312615068,0.2085462414479018,17.266501494951854,-1.8159674466407505,0.0072526155756981025,19.04899363639219,1000000.0,879484.6072503336,0.10108287677635414,1.6341,False
s3002,ok,,0.23,1.9778159715029477,0.7369164783878819,4.240993867360628,1.7678399999999994,0.4168456864806103,0.4168456864806103,5.570277228684338,0.7462371364889859,0.08137653341869233,3.00000002997,16.37730334060326,24.9475805992576,8.570277258654338,0.06737445388579714,28.163520562707127,31.292800312607966,0.6166342264597814,24.844516938099268,1.8474866193859478,0.0060752912758464325,16.319456998534246,1000000.0,863230.0197346122,31.292800312615068,0.21183321833184263,17.164459748411424,-1.797944770229436,0.006690607385355674,20.30450833536325,1000000.0,863230.0197348081,0.09938548364487167,1.6837,False
s3010,ok,,0.22,1.9716206080573762,0.7764370276146685,4.025127801028803,1.7678399999999916,0.43920096140752113,0.43920096140752113,5.693050266220287,0.7990415108602293,0.0804635568538083,3.00000002997,16.254530303067792,24.947580599258078,8.693050296190286,0.06694757475830679,28.16352056270718,31.29280031260571,0.5852476201608,24.773671940634614,2.583151798095053,0.005907251539766273,16.2554577524326,1000000.0,909524.7159307792,31.292800312615128,0.20393107770663102,16.93685251208298,-0.8046784306418973,0.006190683454158345,20.714379204329088,1000000.0,909524.715931053,0.10317580577661166,1.5471,False
s3014,ok,,0.23,1.959771282205801,0.8552540020897803,3.654187244916187,1.7678399999999992,0.4837847328320327,0.4837847328320327,5.927867438576015,0.9133614455797161,0.0926268936578058,3.00000002997,16.019713130463238,24.947580599009253,8.927867468546015,0.06613112065915579,28.163520562707152,31.29280031260182,0.5313134127422994,24.785172830323017,2.258914878023668,0.005289529958682147,16.292010023600994,1000000.0,1001851.5676525856,31.2928003126151,0.1901385071948998,17.059898294127045,-0.3767451787794277,0.00554119579299409,21.032320785529137,1000000.0,1001851.5676530108,0.09452629642539583,1.3123688963210702,False
s3016,ok,,0.23,1.9617891348945036,0.8494521827946544,3.679145605721761,1.7678399999999181,0.4805028638308296,0.4805028638308296,5.8878798083983295,0.9025453131811151,0.07900029108613671,3.0000000299700016,16.059700760902963,24.947580599271298,8.887879838368331,0.06627015676296366,28.16352056270788,31.292800312599,0.5349423214398638,25.00384125341397,2.719964359778219,0.005642070049017796,16.136509959912956,1000000.0,995055.2688432332,31.292800312615885,0.1905797259372524,16.68487429337304,0.08858326253494826,0.004662304229308804,23.373059530744623,1000000.0,995055.2688437703,0.09515851527029161,1.3281625418060201,False
s3021,ok,,0.22,1.9434156224275945,0.8567571815748147,3.6477759776176333,1.7678399999999994,0.4846350244223544,0.4846350244223544,5.945197404830075,0.9106229518318216,0.1062380619482231,3.00000002997,15.695594287475204,24.64079172227528,8.945197434800075,0.06500416663345807,28.16352056270713,31.292800312596285,0.5238589458194939,24.140577286138832,1.684162636936574,0.005298044073054241,16.418927156478762,1000000.0,1003612.4044562875,31.29280031261507,0.19017334147180873,17.357006051354727,-0.9962620627454686,0.00708095033420997,17.9620802194614,1000000.0,1003612.4044568901,0.09470101255820713,1.2799257525083612,False
s3024,ok,,0.23,1.9611628354307085,0.8320223034665644,3.7562193376051964,1.7678399999999796,0.4706434425437675,0.4706434425437675,5.90029113634808,0.9165100356359992,0.0793262634720568,3.00000002997,16.047289432937937,24.947580599256018,8.90029116631808,0.06622700285101109,28.16352056270735,31.292800312601656,0.5461487278922538,24.306597872784504,1.2620184734502309,0.004782713806996533,16.616437858036818,1000000.0,974637.7649366374,31.292800312615313,0.19484385185211126,17.456174775769615,-1.645253019431211,0.007038462691604189,18.358833753912176,1000000.0,974637.7649370627,0.09845021759087254,1.3769347826086957,False
s3025,ok,,0.2,1.9666860043874248,0.8248361555097157,3.7889443190916365,1.7678399999999783,0.46657851135268225,0.46657851135268225,5.790838924934074,0.854779488158685,0.07946466788541509,3.00000002997,16.156741644353037,24.947580599257112,8.790838954904075,0.06660756576163575,28.163520562707344,31.292800312603568,0.5509068917273884,24.333438999778302,1.2041204453625203,0.005182968230434134,16.43864287504385,1000000.0,966219.8521548092,31.292800312615306,0.19412438593192252,17.445306476749813,-1.8881496681944532,0.007619232623807401,17.43080373902651,1000000.0,966219.8521551716,0.09380899302783284,1.397643143812709,False
s3,ok,,0.2,1.8972277891798337,0.8567571810084282,3.6477759799977525,1.7678399999924006,0.4846350241040542,0.4846350241040542,6.12734813664548,1.0041421498533922,0.10623806000863698,3.0000000297097635,14.780293579050438,23.907641745405684,9.127348166355244,0.06182168637103268,28.163520557865557,31.292800309279638,0.5082723052850314,24.348636968868348,3.468640936716922,0.007370784717681581,15.678346530726916,1000000.0,1003612.4036907611,31.292800309950053,0.19404583450013196,16.919214800230023,0.6590740952238804,0.006201378979467122,19.695726606629858,1000000.0,1003612.4037122624,0.10999999999999999,1.2120899665551839,False
s4022,ok,,0.21,1.9665248446551309,0.7648833735665607,4.085927833713095,1.7678399999999947,0.4326654977636907,0.4326654977636907,5.794032614866433,0.8635990426193857,0.08072067568225605,3.00000002997,16.15354795442063,24.947580599257066,8.794032644836433,0.06659646137260185,28.163520562707195,31.292800312604093,0.594087854854761,24.261957096926153,-0.9401367638316371,0.005622948284891096,16.42331430448784,1000000.0,895990.6706156194,31.29280031261515,0.2094162184867189,17.83323399913176,-4.329552444274555,0.009377206385150464,15.897013640527138,1000000.0,895990.670615936,0.11264133404393203,1.585574247491639,False
s4053,ok,,0.2,1.9694001201741567,0.8200407901067017,3.8111009882707725,1.7678399999994332,0.4638659551243125,0.4638659551243125,5.737053501406217,0.8312770199938753,0.07955836794861496,3.0000000299217384,16.210527067686634,24.947580599014593,8.737053531327955,0.0667945764838974,28.163520561804646,31.292800312070426,0.5541284386184284,24.729772265579534,1.5407346114279103,0.004956003050710797,16.565071154017094,1000000.0,960602.5216910153,31.29280031211572,0.19406490389643352,16.984055790494136,-1.3836752044285363,0.005107688120065581,22.55855123018153,1000000.0,960602.5216924058,0.08919412885035355,1.4116638795986622,False
s4061,ok,,0.2,1.9720768047432018,0.7905497368173865,3.9532721599297727,1.7678399999999952,0.44718398543838167,0.44718398543838167,5.684009851830736,0.7979235420734776,0.08015966390146792,3.00000002997,16.26357071745579,24.947580599256526,8.684009881800737,0.0669790080785503,28.16352056270716,31.292800312605955,0.5747999163791592,24.1900651358358,1.446231116738484,0.005035652201612139,16.615460281471933,1000000.0,926056.4594876956,31.292800312615103,0.20008225382947337,16.970108460686177,-1.8840562927050213,0.006914471784886286,19.062719694285637,1000000.0,926056.4594879663,0.09614904114442833,1.5016297658862876,False
s4062,ok,,0.2,1.9718672211691581,0.7824378731882949,3.99425740073786,1.7678399999999825,0.4425954120216211,0.4425954120216211,5.688163153288686,0.8074288786760964,0.0803329892431261,3.00000002997,16.259417416002506,24.947580599261194,8.688163183258686,0.06696456714154772,28.163520562707255,31.292800312605564,0.580759109684438,24.21187521662431,1.0351287671392182,0.004773307812210785,16.76634525390303,1000000.0,916554.1557585847,31.292800312615213,0.20225327642581978,17.24470956275295,-2.330220669470009,0.007042346426549165,18.965158635163817,1000000.0,916554.1557588673,0.09540864754955213,1.5275652173913044,False
s4083,ok,,0.2,1.9801583208860292,0.81631699352892,3.8284861032823407,1.7678399999996297,0.4617595447150709,0.4617595447150709,5.523858899947713,0.7036793159108856,0.0796318302703065,3.000000023594933,16.423721629614292,24.94758055315694,8.523858923542647,0.06753584907816035,28.163520443019117,31.292800244746996,0.5566562099603602,24.237675556607286,1.1714670097250446,0.005891124169171477,16.127142952840874,1000000.0,956240.4337154413,31.29280024612629,0.19019315288062316,16.865524226227254,-2.283931963740465,0.007973939915527263,16.807956686942667,1000000.0,956240.4337575894,0.0799870192236414,1.4226652173913044,False
s4094,ok,,0.2,1.9725359962812177,0.7530302725139681,4.150242532968056,1.7678399999999992,0.4259606483131779,0.4259606483131779,5.674910088689135,0.8069384980309012,0.08099265697630824,3.00000002997,16.272670480597657,24.947580599256792,8.674910118659135,0.06701064775309426,28.16352056270713,31.29280031260622,0.603439116862022,25.63862201977845,3.0870709272669496,0.008409174201865379,15.299966297319825,1000000.0,882105.8506182623,31.29280031261507,0.20983117300816448,17.466737659063174,-0.2929679638733635,0.00812395780985759,17.668422806663056,1000000.0,882105.8506185118,0.09902286548517905,1.6262725752508362,False
s4095,ok,,0.2,1.9735885561506854,0.7372527516426158,4.2390594794483345,1.7678399999999999,0.41703590349953384,0.41703590349953384,5.654051591281718,0.8047910741656064,0.08136833956550824,3.00000002997,16.29352897800429,24.947580599256007,8.654051621251718,0.0670831722857802,28.163520562707127,31.292800312606577,0.6163529693226069,26.308498334645535,3.1384527890227067,0.010865501246106942,14.481649751580889,1000000.0,863623.9329891058,31.292800312615068,0.21380632050491405,17.82707424500156,-0.254693204694737,0.010227919870291953,15.226302622407344,1000000.0,863623.9329893403,0.09696697546781775,1.6824759197324415,False
s4096,ok,,0.21,1.9581325075944087,0.7174260881027348,4.356209395541893,1.7678399999999999,0.40582071233976763,0.40582071233976763,5.960342908359427,0.9822572125005707,0.08186368902830037,3.00000002997,15.987237660921416,24.94758059925084,8.960342938329426,0.06601820417210709,28.163520562707127,31.292800312601393,0.6333863935976286,27.11435662814341,3.1753643495976314,0.014275750410442241,13.520277875710798,1000000.0,840398.8163566939,31.292800312615068,0.22749137041657339,18.502376482902367,-0.18139821954611848,0.013614779555254456,12.768567138012616,1000000.0,840398.816357061,0.12469455562857362,1.7566083612040135,False
s4110,ok,,0.2,1.9822756072872316,0.7614595537733362,4.104299762361763,1.7678399999999994,0.4307287728376643,0.4307287728376643,5.48190097177202,0.6981885360481056,0.08079840998547748,3.00000002997,16.465679597516836,24.947580599258856,8.48190100174202,0.06768173617024165,28.163520562707127,31.29280031260942,0.5967591060672702,24.47609792767876,1.7720149509022651,0.004968933891687833,16.736194735429507,1000000.0,891979.9799685219,31.292800312615068,0.2028914843830265,17.128809040727,-1.8811893572179559,0.006350665188310867,20.498331821163436,1000000.0,891979.9799686829,0.08375300906959243,1.5972,False
s4158,ok,,0.2,1.958455973870309,0.8085954646687205,3.8650455044035166,1.7678399999996919,0.4573917688641853,0.4573917688641853,5.953932556598558,0.9529502241695769,0.07978636410972795,3.0000000209636957,15.993647954554397,24.947580532116653,8.953932577562254,0.06604049238259732,28.16352039361814,31.292800214549793,0.561971893350574,24.174204316414684,1.408967242961904,0.004773001364094138,16.689610273157985,1000000.0,947195.3704484473,31.292800218682576,0.20169725218949672,17.30761454904504,-1.3895846674152266,0.0070818666138510065,18.667853195341877,1000000.0,947195.3705735416,0.10855023784413854,1.4458,False
s4180,ok,,0.2,1.9844528405701065,0.7188625470060218,4.347504649694622,1.7678399999999996,0.40663326262898336,0.40663326262898336,5.438754908444988,0.6688506665665662,0.08182653610032822,3.00000002997,16.50882566084475,24.947580599259737,8.438754938414988,0.06783175407513158,28.163520562707127,31.292800312610126,0.6321207364449711,24.633725382282073,1.5265664058065207,0.006029800230949549,16.403336400668948,1000000.0,842081.496122952,31.292800312615068,0.2138208138109438,17.467534734814226,-2.1746107173453604,0.008159369237171702,18.0003194790348,1000000.0,842081.4961230849,0.09783180045011253,1.7511,False
s4233,ok,,0.21,1.9392482983645583,0.8351263683915398,3.7422579191449117,1.7678399999999916,0.4723992942752419,0.4723992942752419,6.334569819976355,1.1423767829211227,0.07926721604574061,3.00000002997,15.613010749300683,24.947580599247036,9.334569849946355,0.06471702550354237,28.16352056270726,31.292800312594228,0.5441187583281982,24.861133360487706,1.5603376162619418,0.006149079131014893,15.9425573485269,1000000.0,978273.8921028114,31.29280031261522,0.20359146796088465,17.119362168524894,-1.4420568491488353,0.006326778377117889,19.873955081733847,1000000.0,978273.8921034676,0.13640096861463877,1.3681,False
s4310,ok,,0.2,1.9644860589447013,0.7869446694467797,3.9713824706342358,1.7678399999999983,0.4451447356360193,0.4451447356360193,5.834435073371058,0.8806851345405718,0.08023625899867587,3.00000002997,16.113145495912317,24.947580599253374,8.834435103341058,0.06645598292079626,28.163520562707138,31.2928003126035,0.5774331287302233,24.299844183763845,1.2013168879873581,0.005294572900297083,16.50345847429832,1000000.0,921833.4539384969,31.292800312615082,0.20448057004915168,17.51454220308276,-2.0583524242600935,0.008003849821774675,17.435975447317787,1000000.0,921833.4539388382,0.10852895109235901,1.5130899665551838,False
s4320,ok,,0.2,1.978276807243435,0.7651042689452224,4.084748174139061,1.7678399999999994,0.4327904498966098,0.4327904498966098,5.561144882509487,0.7325315309038578,0.080715719764949,3.00000002997,16.386435686778203,24.94758059925769,8.561144912479488,0.06740620685082392,28.163520562707127,31.292800312608115,0.5939163340999577,24.291235665331453,0.992764570006751,0.005283710055848972,16.57808595493937,1000000.0,896249.4292779061,31.292800312615068,0.2038114991506365,17.886318479228507,-2.487095953407958,0.009087014930757002,16.068801721209734,1000000.0,896249.4292781051,0.09410817405098693,1.5848277591973243,False
s5010,ok,,0.2,1.965593724322389,0.8367513913570778,3.7349902227605716,1.7678399999999972,0.4733185080986283,0.4733185080986283,5.812484554376605,0.8541015964153886,0.07923647874805381,3.00000002997,16.13509601490714,24.947580599253747,8.812484584346604,0.06653230438831506,28.16352056270715,31.29280031260382,0.5430620460388401,25.117888464745842,3.6057001808359455,0.006000963084049416,16.006545688518454,1000000.0,980177.45736152,31.29280031261509,0.19183126355750205,16.883960237041208,0.6929832142934241,0.005260393240653833,21.936044524098172,1000000.0,980177.4573618731,0.0981807181187205,1.3635010033444814,False
s5020,ok,,0.2,1.9648452175687374,0.8567571815764311,3.647775977610752,1.7678399999999996,0.48463502442326867,0.48463502442326867,5.735117981721431,0.7889361061688921,0.10623806195795268,3.00000002997,16.120262914545993,24.855380926237423,8.73511801169143,0.06648073002746825,28.163520562707127,31.29280031260366,0.5284210749672976,24.776048639600507,3.393653642764651,0.005834329326092567,16.057752067910375,1000000.0,1003612.4044584173,31.292800312615068,0.1857070894788961,17.363803462949374,0.6478483085655501,0.006847238664555636,18.22264032304071,1000000.0,1003612.4044587832,0.08399531869145913,1.2997809364548496,False
s6061,ok,,0.21,1.933488859310327,0.8567571815743533,3.6477759776195984,1.7678399999999996,0.48463502442209333,0.48463502442209333,5.887565265897378,0.8817145062752162,0.1062380619454299,3.00000002997,15.49887639166328,24.38644168753066,8.887565295867379,0.064320182874389,28.163520562707127,31.292800312592767,0.5184515083246888,24.248185813363037,2.881556055478195,0.0053264501991327744,16.517648897183104,1000000.0,1003612.4044556341,31.292800312615068,0.18894809222315084,16.6418151174987,0.09197641979257344,0.004589871687224928,23.46781049822737,1000000.0,1003612.4044563493,0.08999204378806239,1.2563916387959866,False
s6062,ok,,0.21,1.8321196533696473,0.8567571815673753,3.647775977649297,1.7678399999999967,0.484635024418147,0.484635024418147,5.742503387468281,0.8031531569897294,0.10623806189911741,3.00000002997,13.490050689145265,22.23255410658355,8.74250341743828,0.057335540477458286,28.16352056270715,31.29280031255176,0.4726602330214638,21.882448587379294,2.6834689880651803,0.005494097660928,17.40597777961118,1000000.0,1003612.4044461465,31.29280031261509,0.18586410192236635,16.026584958219054,0.23217529904729478,0.00423912352902023,24.492701936608952,1000000.0,1003612.4044481777,0.0793935398707134,1.0571,False
s6063,ok,,0.2,1.818909601673836,0.8567571690287109,3.6477760310098635,1.7678399999940033,0.48463501732714337,0.48463501732714337,5.602997456433849,0.7267012874942143,0.10623803307081824,3.000000022759055,13.22826826802577,21.831265747218673,8.602997479192904,0.0564253286166803,28.16352042732438,31.2928002206182,0.4641289218223171,22.03030952933511,2.839100378139705,0.0066750011022383374,16.840017951563315,1000000.0,1003612.3868131916,31.292800237406677,0.18289823349641984,15.730773399952117,0.2684183592914684,0.0039155556614508145,25.548226724216487,1000000.0,1003612.3873516261,0.06962312325380104,1.0199702341137122,False
s7012,ok,,0.2,1.9515494528384174,0.8567571599344395,3.6477760697002317,1.7678399999867584,0.4846350121848452,0.4846350121848452,5.809994380528796,0.8329250208455283,0.10623804034846544,3.0000000138969174,15.856782109518017,24.66677650394373,8.809994394425713,0.06556461268836392,28.16352026101133,31.29280013595514,0.524411396924983,24.698686372266,2.3207894298408016,0.005677462355246113,16.214882109496994,1000000.0,1003612.3734489144,31.292800145054773,0.1872989550873276,16.807076546143538,-0.770811215710748,0.005056117857368636,22.14600877414503,1000000.0,1003612.3737407548,0.08748765941757279,1.282330100334448,False
s7055,ok,,0.2,1.9561260588207847,0.8385351658816598,3.727044962168018,1.7678399999999896,0.47432752165448494,0.47432752165448494,6.000104548297181,0.9684552789573251,0.07920287553675112,3.00000002997,15.947476020985313,24.947580599252493,9.00010457826718,0.06587995383225777,28.163520562707248,31.29280031260023,0.5419068169174419,24.450979236576377,1.2939471182619484,0.005296387827657392,16.340451286506624,1000000.0,982266.9855009172,31.292800312615206,0.19549863781475454,17.331797175483096,-1.4627546491939396,0.00703100102262677,18.34314489967464,1000000.0,982266.9855013872,0.10496821158656211,1.3584732441471572,False
s7075,ok,,0.2,1.9784452458613746,0.7568552441842086,4.129268165365768,1.7678399999999965,0.42812428963266475,0.42812428963266475,5.557806947466051,0.7421097001957807,0.08090397161185359,3.00000002997,16.389773621823434,24.947580599259485,8.557806977436051,0.06741781277691576,28.163520562707152,31.2928003126081,0.6003894748803305,24.50954336911701,1.824648631565349,0.005017634804404694,16.727581165633016,1000000.0,886586.4538714957,31.292800312615093,0.20595252581165235,17.162700794829767,-1.928341912662314,0.006315873711765295,20.701030786803084,1000000.0,886586.4538716939,0.0899875828449966,1.613,False
s8021,ok,,0.22,1.7778391617685565,0.8567571815623028,3.6477759776709062,1.7678399999999999,0.4846350244152768,0.4846350244152768,5.687923464441026,0.7716117462267114,0.10623806186542163,3.00000002997,12.414378391412109,21.102301885823135,8.687923494411026,0.05359545176466838,28.163520562707127,31.292800312525692,0.44863126741540343,21.486012091123015,3.9738239111202014,0.007382947295647405,16.6792942224823,1000000.0,1003612.4044393667,31.292800312615068,0.18470374225391664,15.979702012893288,1.6873730136062477,0.004993656197697035,22.24973070090357,1000000.0,1003612.404442233,0.07594060354182504,0.9525217391304347,False
s8023,ok,,0.2,1.984554572602954,0.8281713895816168,3.7736853807263557,1.767839999999994,0.4684651266979023,0.4684651266979023,5.43673889262993,0.6520022226941102,0.0794001332895915,3.00000002997,16.51084167666003,24.947580599259958,8.436738922599929,0.06783876371739081,28.163520562707152,31.292800312610044,0.5486882646908529,26.081360655815914,4.901029584276691,0.00805159712913877,15.128942799986591,1000000.0,970126.7727601761,31.292800312615093,0.18555465211030664,17.168691618058045,1.6377622220306995,0.006182395754953377,19.72035314603789,1000000.0,970126.7727603326,0.07593374662983442,1.3879872909698996,False
s8025,ok,,0.2,1.975765149916123,0.8513138681953688,3.67109991080568,1.767839999999903,0.48155594861266604,0.48155594861266604,5.610918155535759,0.7436867668066633,0.07896626338100635,3.0000000282854247,16.336662403133086,24.94758058695427,8.610918183821184,0.06723314620338093,28.16352053107839,31.292800294597644,0.533772489667291,25.798094583402506,4.489735636721888,0.0073486597187375725,15.33939783563933,1000000.0,997236.0618497573,31.29280029504372,0.1842371536248243,16.850479643208065,1.4175119507679474,0.005372735286717297,21.31666002464821,1000000.0,997236.0618639729,0.07980275510204081,1.323071237458194,False
s8035,ok,,0.21,1.9233701277416508,0.856757181572705,3.647775977626606,1.767839999999997,0.4846350244211617,0.4846350244211617,6.562636516009493,1.2406541819706152,0.10623806192702229,3.0000000299700007,15.298354271919052,24.860990817898546,9.562636545979494,0.06362297191311225,28.16352056270723,31.292800312588575,0.5285403402909922,25.55102991130076,5.096688983996473,0.007750541172596035,15.172257829056104,1000000.0,1003612.4044535703,31.292800312615174,0.20329998957417109,17.21527627557212,1.9608193465619046,0.00644565078487195,19.44901284511904,1000000.0,1003612.4044544233,0.1400242343541944,1.3003,False
s8036,ok,,0.2,1.9192469366285287,0.8390948928563481,3.724558798065496,1.7678399999999819,0.4746441379629133,0.4746441379629133,6.7309352562814055,1.3679789514278695,0.0791923598938855,3.000000029970001,15.216645312995,24.947580599246407,9.730935286251407,0.06333887167584408,28.16352056270752,31.292800312585626,0.5415453323397588,24.99614569171616,3.5638001103552246,0.006705231169755467,15.672539598988703,1000000.0,982922.6542791867,31.292800312615498,0.21123261081744665,17.109796644444636,0.31809978754723756,0.0064020407027524096,19.8545472770332,1000000.0,982922.6542801249,0.1599644639837,1.3569,False
s8037,ok,,0.2,1.9230778016052257,0.8246446435417822,3.789824247419202,1.7678399999997203,0.46647018030020404,0.46647018030020404,6.655018960135619,1.325712615140803,0.07946828597513109,3.0000000176314816,15.292561524397934,24.94758050216503,9.655018977767101,0.06360283033207327,28.163520331057388,31.292800173089013,0.5510348347572976,24.858315853432032,3.0942668416585817,0.006373037852339006,15.875589334387168,1000000.0,965995.5091548599,31.29280018392873,0.21325722478914375,17.09038859915159,-0.0687535933005412,0.006297249426885267,20.230347269727332,1000000.0,965995.5094894774,0.16000098670057666,1.3982,False
s8038,ok,,0.2,1.9433383097735621,0.8225524073501482,3.799464007002281,1.7678399999999905,0.46528668168508047,0.46528668168508047,6.253518380679711,1.1055343268299898,0.0795091592250918,3.0000000299700007,15.694062188598814,24.947580599248525,9.253518410649711,0.06499883955965698,28.16352056270726,31.292800312595656,0.5524364387677118,25.494975792803373,4.244359129510311,0.007430938312225238,15.41415930143307,1000000.0,963544.6507895892,31.292800312615206,0.20490887829810908,16.959349119708236,0.8017928402717728,0.0059524502939351295,20.779892994636995,1000000.0,963544.6507901911,0.1299851362014936,1.4043,False
s8052,ok,,0.2,1.954098101881809,0.8046475518775682,3.884008915838365,1.7678399999999965,0.4551585844180298,0.4551585844180298,6.040292413878406,0.9934040258637452,0.07986672747185593,3.00000002997,15.907288155402039,24.947580599250443,9.040292443848406,0.06574022151529176,28.16352056270716,31.292800312599862,0.564729143282608,25.21450977958944,3.616178856734531,0.006596916804061123,15.846412608125764,1000000.0,942570.7559234356,31.292800312615103,0.20464175219407493,16.8423240107509,0.3166647920641251,0.005416676496141158,22.171112589490182,1000000.0,942570.7559238946,0.11886787848185781,1.4578,False
s8055,ok,,0.2,1.9513996973406682,0.804614822362272,3.884166906625202,1.7678399999999017,0.45514007057330796,0.45514007057330796,6.0937663397093305,1.028064250149682,0.07986728381247082,3.000000024565159,15.853814194135822,24.947580558410312,9.09376636427449,0.0655542935954588,28.163520461230814,31.2928002533261,0.5647521161217168,24.917868257453346,3.2213525232319955,0.0061017855969341655,16.069789815046533,1000000.0,942532.4145149408,31.292800256241144,0.20586059576906623,16.591686102698255,-0.14147264795024928,0.005043755150665097,23.123674936878434,1000000.0,942532.4146027414,0.11999234152050856,1.4579,False
s8064,ok,,0.2,1.8682402207019293,0.8567571815685174,3.647775977644441,1.7678399999999985,0.4846350244187925,0.4846350244187925,6.393881070018966,1.1726091657676692,0.10623806190732916,3.00000002997,14.20584917423038,23.599730274219347,9.393881099988967,0.05982435592835454,28.163520562707138,31.2928003125675,0.5017261605281321,23.236533137754257,3.3478178964033694,0.005748974839725387,16.637748203111713,1000000.0,1003612.4044479881,31.292800312615082,0.19971227814792533,16.53278401846654,0.5359470295134775,0.005162717043915612,22.116901220132384,1000000.0,1003612.4044495142,0.1233003116694576,1.1836,False
s8065,ok,,0.2,1.8776137481456594,0.8567571815697415,3.647775977639224,1.767839999999997,0.4846350244194853,0.4846350244194853,6.204052924883914,1.0662183985327653,0.10623806191437267,3.00000002997,14.391603641551034,23.595656596404947,9.204052954853914,0.060470220089809845,28.163520562707152,31.292800312571245,0.5016395548455652,23.386669211526762,3.4507733905219946,0.005847910001700376,16.585097775506302,1000000.0,1003612.4044495429,31.292800312615093,0.19567656480211804,16.430728726894724,0.5284854157047049,0.004796505914210745,22.99662372006397,1000000.0,1003612.4044509492,0.10994390041861887,1.183223076923077,False
s8066,ok,,0.2,1.8669632971543533,0.8567571815694635,3.6477759776404057,1.7678399999999967,0.4846350244193281,0.4846350244193281,6.057289912237355,0.9834835618925052,0.10623806191454763,3.00000002997,14.180544479192902,23.237834421400255,9.057289942207355,0.05973637206515592,28.163520562707138,31.292800312566953,0.49403231764736005,23.31183553485491,3.547670996153556,0.006403904015745786,16.430493708186503,1000000.0,1003612.4044490798,31.292800312615082,0.19255640868231252,16.300046715262912,0.608273947116331,0.004609385865460303,23.470018124129652,1000000.0,1003612.4044506232,0.09992758646546587,1.150115050167224,False
s9000,ok,,0.2,1.9745693699841214,0.7904028546505465,3.9540068045196186,1.7678399999999976,0.44710089977065093,0.44710089977065093,5.634614879514679,0.7749381468250258,0.08016277157686368,3.00000002997,16.31296568977203,24.94758059925671,8.634614909484679,0.06715075330134541,28.163520562707138,31.292800312606847,0.5749067326143337,24.871745598363656,2.312125224027631,0.005712709138976977,16.297005828840692,1000000.0,925884.400510213,31.292800312615082,0.19898114870265368,16.66177905998264,-1.2869952365740247,0.00507586198082917,23.09057733649425,1000000.0,925884.4005104566,0.09005290521020123,1.5020946488294313,False
s9026,ok,,0.2,1.9616506931816518,0.8538025095660902,3.660399484171442,1.7678399999999996,0.48296367859426775,0.48296367859426775,5.890623296970879,0.89779303697603,0.08228139306751003,3.00000002997,16.056957272200783,24.947580599141663,8.89062332694088,0.06626061771362489,28.163520562707127,31.292800312602587,0.5322166631310987,26.03308545052443,4.5338404356676465,0.00781532779929149,15.126603929487851,1000000.0,1000151.2773800805,31.292800312615068,0.18966720485829416,17.017677669014002,1.8111199674111575,0.005500848998260121,21.128787565585274,1000000.0,1000151.2773804794,0.094992697280428,1.3163,False
s9027,ok,,0.21,1.9697410876462125,0.8567571710877792,3.647776022263799,1.7678399999990284,0.48463501849050256,0.48463501849050256,5.72283753274098,0.7872096122558329,0.10623804916069597,3.000000020219691,16.217284195772823,24.940121748733496,8.722837552960671,0.06681807061116615,28.16352037969323,31.292800207432265,0.5302226601629352,26.13082920643662,4.56087195054487,0.007938649536933049,15.064522990172817,1000000.0,1003612.3887994533,31.292800210971123,0.18544601253069548,17.03097319026711,1.6934857064975142,0.005544814600760824,20.88546579297814,1000000.0,1003612.3889129503,0.0799989516864175,1.3076217391304348,False
s9032,ok,,0.2,1.96851492177812,0.8386996509659934,3.7263140171816986,1.767839999999994,0.4744205646246245,0.4744205646246245,5.754595410660697,0.8278376714543689,0.07919978420446733,3.00000002997,16.192985158624424,24.94758059925512,8.754595440630697,0.06673358365660724,28.163520562707163,31.292800312604715,0.5418005385990522,25.98393456498518,4.547859485654449,0.0078626969118835,15.166137119196259,1000000.0,982459.6646807991,31.292800312615107,0.19012843774874139,16.90832123219486,1.8289333148956863,0.005494271578529678,21.302227645597963,1000000.0,982459.6646811254,0.08999911724137931,1.3580107023411372,False
s9033,ok,,0.21,1.978671041782221,0.8437018238767428,3.704221298514781,1.7678399999999992,0.4772501040120956,0.4772501040120956,5.553332367189866,0.7180464871100487,0.07910634687124776,3.00000002997,16.39424820209768,24.947580599257545,8.553332397159867,0.0674333707932499,28.16352056270713,31.292800312608232,0.5385882900290527,26.386662956157448,4.76817932445859,0.008090631671028723,15.04978559072002,1000000.0,988319.2511430096,31.29280031261507,0.18465616942315835,17.212839971826696,1.612233757393099,0.005418104893638527,21.289057792667872,1000000.0,988319.2511432256,0.0749604918032787,1.3440304347826086,False
s9037,ok,,0.2,1.9741865539127983,0.7925315230880786,3.9433866976325564,1.7678399999999996,0.448305006724635,0.448305006724635,5.6422011159483665,0.7789183580292619,0.0801178559629174,3.00000002997,16.305379453337828,24.947580599256195,8.642201145918367,0.06712437612558307,28.163520562707127,31.292800312606776,0.5733625848036912,24.4583340150123,1.5880355937804074,0.005140201499772864,16.55924766514806,1000000.0,928377.9402141381,31.292800312615068,0.19862105536447427,17.224304997114,-1.80537160793228,0.006785714241877179,19.238831400795235,1000000.0,928377.9402143842,0.08996351315749306,1.495374247491639,False
s9104BTE,failed,airfoil 's9104BTE' not found in the aerosandbox UIUC database,0.0,,,,,,,,,,,,,,,,,,,,,,,,,,,,,,,,,,
s9104,failed,too few converged polar points,0.01,,,,,,,,,,,,,,,,,,,,,,,,,,,,,,,,,,
sa7024,failed,airfoil 'sa7024' not found in the aerosandbox UIUC database,0.0,,,,,,,,,,,,,,,,,,,,,,,,,,,,,,,,,,
sa7025,failed,airfoil 'sa7025' not found in the aerosandbox UIUC database,0.0,,,,,,,,,,,,,,,,,,,,,,,,,,,,,,,,,,
sa7026,failed,airfoil 'sa7026' not found in the aerosandbox UIUC database,0.0,,,,,,,,,,,,,,,,,,,,,,,,,,,,,,,,,,
sa7035,ok,,0.2,1.9703648281831831,0.811524084792106,3.8510973662606562,1.7678399999999912,0.4590483781293047,0.4590483781293047,5.717935958718234,0.8161095407744143,0.07972753382288236,3.00000002997,16.22964461056807,24.947580599256305,8.717935988688234,0.06686104775763527,28.163520562707184,31.292800312605245,0.5599438527232586,24.865254542895094,2.2772910637970534,0.005483472624771585,16.335303965930358,1000000.0,950625.9831001017,31.292800312615135,0.1956724679523808,16.818681520375645,-1.009531562007416,0.005109052164416061,22.685808151920057,1000000.0,950625.9831004022,0.09194744427226388,1.4369735785953177,False
sa7036,ok,,0.21,1.9707214326756959,0.8090102068182073,3.8630640741729376,1.767839999999614,0.4576263727590642,0.4576263727590642,5.710868937227982,0.8125415410359217,0.07977801054877587,3.0000000219431264,16.23671158128306,24.94758054045417,8.710868959171108,0.06688561924568143,28.16352041200475,31.292800226322278,0.5616837960961061,24.751525545591484,2.0465171781003524,0.005379757580759676,16.392873415782226,1000000.0,947681.2031662952,31.292800228895764,0.19612138080736657,17.148189217994265,-1.268711797598841,0.006012256618371565,20.57129621202856,1000000.0,947681.2032442316,0.0919835718791955,1.444546153846154,False
sa7038,ok,,0.21,1.9726814152833034,0.7963625367700349,3.924416482819153,1.7678399999999996,0.45047206578085974,0.45047206578085974,5.672028331587214,0.793251924528045,0.08003762469818564,3.00000002997,16.275552237698484,24.947580599255698,8.672028361557214,0.067020667558595,28.163520562707127,31.29280031260628,0.5706043436689333,25.055065316797766,1.6304594294621673,0.005230092177660001,16.504349472516395,1000000.0,932865.6211294874,31.292800312615068,0.19834777291668834,16.1336134747607,-1.768790860061564,0.0026137155712110693,32.203000858656544,1000000.0,932865.6211297495,0.09199457829660668,1.483369899665552,False
saratov,failed,airfoil 'saratov' not found in the aerosandbox UIUC database,0.0,,,,,,,,,,,,,,,,,,,,,,,,,,,,,,,,,,
sc1012r8,ok,,0.2,1.9636280762508336,0.7360936289945024,4.245734703435859,1.7678399999999996,0.41638023180519873,0.41638023180519873,5.851437649959413,0.900661615784681,0.08139658391208617,3.00000002997,16.096142919323455,24.947580599252866,8.851437679929413,0.06639686533924073,28.163520562707127,31.292800312603255,0.6173235370029567,25.555788891070506,3.4179591285511246,0.008790767754972251,15.228966636885742,1000000.0,862266.1271918165,31.292800312615068,0.21902728380381659,17.684618766965833,-0.2339653711444363,0.009234303754305789,16.55467403512641,1000000.0,862266.127192142,0.1200203727107361,1.6867,False
sc1094r8,ok,,0.2,1.9793334982694275,0.7278579194923265,4.293775174940508,1.7678399999999996,0.41172160347787506,0.41172160347787506,5.540204518294268,0.7376348643971808,0.08159975812241273,3.00000002997,16.407376050993708,24.947580599257975,8.540204548264267,0.0674790160325879,28.163520562707127,31.292800312608463,0.6243085504010388,25.697744461152237,3.9289636425958863,0.008537747175674099,15.361046433577426,1000000.0,852618.7493891938,31.292800312615068,0.21371702560253694,17.401562959503313,0.22749925261285048,0.007917749727064606,18.29770578427461,1000000.0,852618.7493893737,0.09403390887767075,1.7171,False
sc1095,ok,,0.21,1.9652077450168157,0.8148768582532115,3.8352522027647815,1.7678399999993422,0.4609449148415664,0.4609449148415664,5.820133157290164,0.8762970353360431,0.07966034426604332,3.000000018234984,16.127447337219856,24.947580512745006,8.820133175525148,0.06650570979524494,28.163520342386533,31.292800185724055,0.5576399919966619,25.986904551606315,4.238352040679968,0.008092049741575387,15.166348202761048,1000000.0,954553.4456199277,31.292800190221577,0.19715174340341185,16.955549858391397,1.0391794387741176,0.005691300506965014,21.25467640358064,1000000.0,954553.4457571198,0.09494985889449872,1.4269468227424749,False
sc1095r8,ok,,0.2,1.97638665138517,0.7513345312076064,4.159609515852848,1.7678399999999994,0.4250014318080859,0.4250014318080859,5.598601954748912,0.7653433888305066,0.0810323329263817,3.00000002997,16.34897861453804,24.947580599256952,8.598601984718911,0.0672759694417219,28.163520562707127,31.2928003126075,0.6048010622988643,25.702031914967364,4.790371789596182,0.008401106856949583,15.310441890848418,1000000.0,880119.4453141887,31.292800312615068,0.20845482767156584,17.450080103849945,1.1897999020858616,0.007911835422230482,17.960127831503513,1000000.0,880119.4453144016,0.09338296666666666,1.6322,False
sc20010,ok,,0.2,1.9340912161066646,0.8567571815080663,3.6477759778949777,1.7678399999983403,0.4846350243850522,0.4846350243850522,6.112602956350609,1.0203042599489869,0.10623806187314912,3.0000000299181755,15.51081325075278,24.623416237021566,9.112602986268785,0.0643616870670775,28.163520561746402,31.292800311942933,0.5234895460881961,26.180302979982663,4.786066807112631,0.00920685198747552,14.631975644524704,1000000.0,1003612.4043580856,31.29280031208817,0.19373235439748926,16.9575669512394,1.7121697027922562,0.005814436758101335,20.49329409759246,1000000.0,1003612.4043627436,0.1,1.278318060200669,False
sc20012,ok,,0.2,1.9441276771556786,0.8280629541428342,3.774179547536815,1.7678399999996608,0.46840378888530243,0.46840378888530243,6.237875545475627,1.1144847285932071,0.07940221785486662,3.000000029859391,15.709705023181812,24.94758059851683,9.237875575335018,0.06505322934545779,28.163520560634584,31.292800311352444,0.5487601158386027,26.756045421446913,4.935853197418078,0.009928013144090902,14.38519315574248,1000000.0,969999.7505571211,31.292800311466,0.20320117418741399,17.054739392247573,1.7574122399991186,0.0060165098033357735,20.55473928681969,1000000.0,969999.7505606409,0.12,1.3883,False
sc20402,failed,too few converged polar points,0.01,,,,,,,,,,,,,,,,,,,,,,,,,,,,,,,,,,
sc20403,failed,too few converged polar points,0.01,,,,,,,,,,,,,,,,,,,,,,,,,,,,,,,,,,
sc20404,failed,too few converged polar points,0.01,,,,,,,,,,,,,,,,,,,,,,,,,,,,,,,,,,
sc20406,ok,,0.2,1.5911015832406843,0.856757181516504,3.6477759778656846,1.7678399999999472,0.48463502438938455,0.48463502438938455,5.505040018337725,0.6822283968705447,0.10623806149541604,3.00000002997,8.713814261588698,17.21885430989642,8.505040048307725,0.040728672391362374,28.16352056270714,31.2928003123981,0.3660698474868953,18.08522884301516,1.8178875947716058,0.007690757645095795,17.69847365741811,1000000.0,1003612.4043816553,31.292800312615086,0.1808156720114211,15.147306998309997,0.05009754808981671,0.004376601174596169,23.960059386215914,1000000.0,1003612.4043886143,0.0602,0.5932,False
sc20410,ok,,0.2,1.9640525678645822,0.8079176693356516,3.8682880499072203,1.7678399999999983,0.457008365765936,0.457008365765936,5.84302553252916,0.8948914996908126,0.07980023908350864,3.00000002997,16.104555036753894,24.947580599253055,8.843025562499161,0.06642611408490282,28.163520562707138,31.292800312603347,0.5624433526622626,26.79951426654692,2.915035098802999,0.009805027389780143,14.522825968227284,1000000.0,946401.3983920738,31.292800312615082,0.19936606378556998,16.840368127021918,-0.3810531869533461,0.005347580053366016,22.197083560128334,1000000.0,946401.3983924286,0.09970000000000001,1.447851839464883,False
sc20412,ok,,0.2,1.9621523506497525,0.753194482620745,4.149337704553601,1.7678399999999999,0.4260535357389498,0.4260535357389498,5.8806819898924445,0.9184291050665856,0.08098889010405572,3.00000002997,16.066898579389978,24.947580599252422,8.880682019862444,0.06629518341814944,28.163520562707127,31.292800312602758,0.6033075561508626,26.648048853613002,2.9751264735075234,0.010140235898124026,14.65589163337467,1000000.0,882298.2076869378,31.292800312615068,0.21476160964933222,16.887847742736014,-0.5190207812237634,0.005764039245786396,22.150892422413598,1000000.0,882298.2076872849,0.12,1.6257,False
sc20414,ok,,0.2,1.9547260271104663,0.7364225481312227,4.243838369059702,1.7678399999999994,0.4165662888786445,0.4165662888786445,6.027848868258087,0.9957183522226535,0.08138855449892538,3.00000002997,15.919731701021966,24.947580599250053,9.027848898228086,0.06578348744732199,28.163520562707127,31.292800312600228,0.6170478127936058,26.477469514277743,2.7852933838872036,0.010282916815746045,14.686680201821805,1000000.0,862651.4257719782,31.292800312615068,0.22329277160627625,16.81798814879621,-0.7190882739680936,0.006062795514616597,21.852767432551975,1000000.0,862651.4257723873,0.14,1.6855,False
sc20503,failed,Infeasible_Problem_Detected,0.24,,,,,,,,,,,,,,,,,,,,,,,,,,,,,,,,,,
sc20518,ok,,0.21,1.9374330474371595,0.7241798502273991,4.315583020735304,1.7678399999999996,0.40964105927425515,0.40964105927425515,6.370542507000687,1.171514854483713,0.0816919434618534,3.00000002997,15.577038062273427,24.947580599244112,9.370542536970687,0.06459194926889213,28.163520562707127,31.29280031259418,0.6274793788775597,26.020390532879023,1.8019417612655233,0.009650759699216338,14.969071924313141,1000000.0,848310.2288206487,31.292800312615068,0.235687071435473,17.04752392840008,-1.566801802634437,0.006801974772845051,20.757394385173104,1000000.0,848310.228821215,0.17980000000000002,1.7309,False
sc20606,ok,,0.21,1.646017710863557,0.8567571815407837,3.6477759777624987,1.767839999999993,0.48463502440310613,0.48463502440310613,5.500785360265858,0.6793919579269201,0.10623806169972094,3.00000002997,9.802082909131778,18.302868299367635,8.500785390235858,0.04451255833296118,28.163520562707138,31.292800312443415,0.38911579633160204,17.691972531316964,0.09564007681168303,0.005236106476871114,19.537375380508493,1000000.0,1003612.4044115242,31.29280031261508,0.18072521871578226,15.44623070233165,-1.4013799759788148,0.005012459569397096,22.095619630157298,1000000.0,1003612.4044170297,0.06,0.6935,False
sc20610,ok,,0.21,1.9682021952255484,0.7840077726497782,3.9862592880135317,1.767839999999994,0.44348344457065164,0.44348344457065164,5.760792688531248,0.8534953107322598,0.08029917591387999,3.00000002997,16.18678788075451,24.947580599255758,8.760792718501248,0.06671203585895538,28.16352056270717,31.29280031260462,0.579596195941292,26.477869558454888,1.451259483737007,0.009320075944768285,14.813827576331574,1000000.0,918393.1488912356,31.292800312615114,0.20353565400330242,16.707687770525304,-2.069537770120397,0.0051710484467529984,23.00720582709841,1000000.0,918393.1488915436,0.0998,1.5225040133779264,False
sc20612,ok,,0.21,1.963713749717714,0.7451349809804095,4.1942176187835765,1.7678399999999996,0.42149458151213326,0.42149458151213326,5.849739865502244,0.9023519770085491,0.0811787016879029,3.00000002997,16.09784070378073,24.947580599252973,8.849739895472243,0.06640276849812918,28.163520562707127,31.292800312603287,0.6098330292027674,26.441192523411758,1.4744281775938366,0.009640115981068665,14.87386905523706,1000000.0,872857.2412218566,31.292800312615068,0.21632813918115812,16.78790193541976,-2.1631639970864525,0.005424628303361626,23.08519355868599,1000000.0,872857.2412221853,0.12,1.6541,False
sc20614,ok,,0.21,1.9574556722006733,0.7239412669341109,4.317005271484879,1.7678399999999996,0.40950610175927177,0.40950610175927177,5.973755702932589,0.9675493289277564,0.08169800805221071,3.00000002997,15.973824866348417,24.94758059925101,8.973755732902589,0.06597156818297252,28.163520562707127,31.292800312601162,0.627686172029772,26.252317926476902,1.3952865704218431,0.00962002650763503,14.981188332793872,1000000.0,848030.7503900883,31.292800312615068,0.22578150864376614,16.85570165794657,-2.2206834793694097,0.005849146696166858,22.52062475654867,1000000.0,848030.750390465,0.13990000000000002,1.7318,False
sc20706,ok,,0.2,1.5806457728675631,0.8567571809043213,3.6477759804381256,1.7678399999917032,0.484635024045356,0.484635024045356,5.497168427500311,0.6771611785452616,0.10623805625303381,3.0000000299700256,8.506612277303649,17.003780734773983,8.497168457470337,0.04000823568921717,28.163520562709607,31.292800312333537,0.36149742094784026,16.47666601754043,-0.915480379894725,0.005140038173203374,20.296956772198296,1000000.0,1003612.403667149,31.29280031261755,0.18064832348622667,15.65424310313227,-1.9621856308468038,0.00593147337129876,19.861171098178254,1000000.0,1003612.4036762578,0.06,0.5733,False
sc20710,ok,,0.21,1.9698001419520348,0.7749203230830894,4.033005939456951,1.7678399999999996,0.43834301921163094,0.43834301921163094,5.729126302021484,0.8371170660935683,0.08049688497474809,3.00000002997,16.218454267263365,24.94758059925485,8.729126331991484,0.06682213918225059,28.163520562707127,31.292800312605323,0.5863930898189664,25.97211582038447,0.5944782176455787,0.008197621550538395,15.289597763511274,1000000.0,907748.0357761951,31.292800312615068,0.20517818715399933,16.98266408609921,-2.8105235932333135,0.0057039977657790735,21.83717034214135,1000000.0,907748.0357764779,0.0998,1.5520852842809365,False
sc20712,ok,,0.2,1.9668908548158794,0.7289829617331833,4.287148575008645,1.7678399999999996,0.4123579971791471,0.4123579971791471,5.786779419857482,0.8697030285422327,0.08157170309122178,3.00000002997,16.16080114942663,24.94758059925411,8.786779449827481,0.06662168057070808,28.163520562707127,31.292800312604353,0.6233450525864798,26.15047194452378,0.7719734355253834,0.00909075407947543,15.14967196664018,1000000.0,853936.6331171014,31.292800312615068,0.21954816325469706,16.823514626877518,-2.9677093151773555,0.0055699916408565465,22.997835556228058,1000000.0,853936.6331173938,0.1199,1.7129066889632107,False
sc20714,ok,,0.2,1.9596204268351043,0.7140865690608978,4.376581777346767,1.7678399999999999,0.40393167314966166,0.40393167314966166,5.930856928015122,0.945959749423709,0.08189790487849617,3.00000002997,16.016723641266655,24.947580599251776,8.930856957985121,0.06612072627154872,28.163520562707127,31.2928003126019,0.6363485077360357,26.050673704904035,0.6210077183221802,0.009286602441183544,15.147433153541552,1000000.0,836486.8763025308,31.292800312615068,0.227803152109407,16.914988623127226,-3.1519656971022347,0.006141911387928027,22.04071711128749,1000000.0,836486.8763028827,0.1396,1.7695,False
sc21006,ok,,0.21,1.804629998138401,0.8567571815656145,3.6477759776567726,1.7678399999999916,0.48463502441715234,0.48463502441715234,5.495058118876454,0.6730467743591113,0.10623806188561484,3.00000002997,12.945290320654344,21.440348469500798,8.495058148846454,0.05544142076305957,28.163520562707212,31.2928003125386,0.455818078980142,20.483149598553155,-3.2746693940936535,0.005123573466524569,18.03908831368733,1000000.0,1003612.4044436646,31.292800312615164,0.18060345855483775,16.638827947865863,-5.178044197699882,0.007036350067458897,17.70820454507735,1000000.0,1003612.4044461203,0.06,0.9838,False
sc21010,ok,,0.2,1.975155172890846,0.745445154206021,4.192472441421574,1.7678399999999996,0.4216700347350558,0.4216700347350558,5.623006068685796,0.778505416059303,0.08117132067514045,3.00000002997,16.324574500600885,24.947580599256682,8.623006098655797,0.06719111687902751,28.163520562707127,31.292800312607095,0.6095792829992698,24.699485315622848,-2.1317826037842647,0.005566283471379678,16.513760421900873,1000000.0,873220.5806878565,31.292800312615068,0.2106980215576843,17.047168156236722,-5.561094725433392,0.006140364833953333,21.314016368797,1000000.0,873220.5806880789,0.1,1.652995652173913,False
sc2110,ok,,0.21,1.972836644173234,0.7446580137951523,4.196904092486844,1.7678399999999999,0.4212247792759256,0.4212247792759256,5.668952172698988,0.8116719814825434,0.08119006266371204,3.00000002997,16.278628396586893,24.94758059925588,8.668952202668988,0.06703136329479786,28.163520562707127,31.292800312606328,0.6102236384999102,26.28532265773114,4.32055429798101,0.008311920496797647,15.373898116120355,1000000.0,872298.517940786,31.292800312615068,0.212044592221873,17.621748101044194,0.694536874781697,0.006051122551116797,21.548818881844248,1000000.0,872298.5179410296,0.09922361586718527,1.6558,False
sd2030,ok,,0.2,1.9645661336029239,0.8481622491612492,3.684741060676104,1.767839999999958,0.47977319732626783,0.47977319732626783,5.832848240081397,0.8870759710536698,0.07902395709635839,3.0000000299700007,16.114732329213236,24.947580599264633,8.832848270051397,0.06646150030497032,28.16352056270773,31.292800312600967,0.5357558923020694,24.56386581812134,2.2096165717965897,0.004906429995007914,16.5065082288235,1000000.0,993544.2299827278,31.292800312615732,0.18968775299285837,16.801489444697285,-1.1480998324043927,0.0051703278522579246,21.995371275960277,1000000.0,993544.2299831966,0.08558270399789653,1.3317033444816053,False
sd2083,ok,,0.2,1.928261247500445,0.8567571815739516,3.647775977621309,1.7678399999999996,0.4846350244218661,0.4846350244218661,5.921080172590751,0.9058496818138186,0.10623806194294892,3.00000002997,15.395281213334439,24.31636141589519,8.921080202560752,0.0639599847378527,28.163520562707127,31.292800312590877,0.5169616139402874,23.559615748917693,1.5133532315596436,0.004570317818614875,16.95955530887882,1000000.0,1003612.4044551029,31.292800312615068,0.18966061330971712,17.203007375095645,-1.0910616937170867,0.006403820819352264,19.174143420539814,1000000.0,1003612.4044558788,0.08960840436075321,1.2499073578595317,False
sd5060,ok,,0.2,1.9731979389642522,0.7943469496223553,3.934374352524161,1.767839999999999,0.4493319246212077,0.4493319246212077,5.6617924218097855,0.7825672950399516,0.08007973976535292,3.00000002997,16.28578814747622,24.947580599256007,8.661792451779785,0.0670562575897834,28.16352056270713,31.29280031260643,0.5720522031742229,24.929209472365123,2.9050876395362293,0.0057793811190376245,16.253001307779414,1000000.0,930504.5457779483,31.29280031261507,0.19861635222549348,17.001480585068638,-0.42414596118586034,0.005719654661335751,21.43532187967007,1000000.0,930504.5457782053,0.09458506160767981,1.489671237458194,False
sd6060,ok,,0.2,1.9384291419077748,0.8567571815751001,3.6477759776162997,1.7678399999999708,0.48463502442252365,0.48463502442252365,6.085885872540673,0.9929668084003105,0.10623806194888637,3.0000000299700007,15.596777589245175,24.682663491755847,9.085885902510674,0.06466058316620032,28.16352056270738,31.2928003125932,0.524749132355105,24.62227826940204,3.2431924186853283,0.005553306128300447,16.270502063036105,1000000.0,1003612.404456539,31.292800312615338,0.19316435382289437,16.77856269902659,0.24752715285333565,0.004877820311675205,22.737181481272124,1000000.0,1003612.4044572491,0.10364941485229906,1.2838,False
sd6080,ok,,0.2,1.969895885730094,0.8186719370044554,3.817473305649389,1.7678399999996568,0.46309164687110504,0.46309164687110504,5.727228752920069,0.8195491053455627,0.07958525846730076,3.000000022528912,16.220351769208506,24.947580544657487,8.727228775448982,0.0668287365575808,28.163520423003103,31.292800232552796,0.5550549657353019,24.319734862685657,1.4240882495072869,0.005043606034632531,16.52595223328454,1000000.0,958999.0334790136,31.292800235005863,0.19417079982640473,17.392398037959445,-1.7972503659820078,0.007392186164192432,17.83806663074307,1000000.0,958999.0335541902,0.09184556030466136,1.415696321070234,False
sd7003,ok,,0.19,1.9773539416764963,0.8055595849247207,3.8796115446763677,1.767839999999618,0.4556744869020357,0.4556744869020357,5.579433035527732,0.7377526096154242,0.07984795183053979,3.000000022492747,16.3681474869842,24.94758054500468,8.579433058020479,0.06734261898812137,28.163520422322296,31.29280023278076,0.5640897736753566,25.379182645982926,3.429161163530968,0.006574658926908132,15.852998760216481,1000000.0,943639.1165244045,31.292800234626647,0.19398957115651222,16.79724799541217,0.07142682757624652,0.005143469161864293,22.625020265575515,1000000.0,943639.1165800676,0.0850152477637511,1.4550173913043478,False
sd7032,ok,,0.2,1.9753255970760035,0.7561318115249762,4.13321886206181,1.7678399999999992,0.4277150712309805,0.4277150712309805,5.61962878580939,0.76782465929331,0.08092069592024788,3.00000002997,16.327951783477843,24.947580599257233,8.61962881577939,0.0672028596166574,28.163520562707127,31.29280031260715,0.6009639003280807,24.58348575988811,1.3939040407526495,0.005489817262915339,16.51276040538795,1000000.0,885739.0189083195,31.292800312615068,0.2076388021635469,17.33368557719535,-2.2382838831507557,0.0071068409793253,19.232804109335888,1000000.0,885739.0189085436,0.09955229948750516,1.6155,False
sd7034,ok,,0.2,1.9734661760977623,0.7541710532886965,4.143964757029266,1.7678399999999996,0.42660594470579727,0.42660594470579727,5.656476787311611,0.7844060441358981,0.08096616615004888,3.00000002997,16.29110378197453,24.947580599256142,8.656476817281611,0.06707473993299366,28.163520562707127,31.292800312606538,0.6025263375392977,24.505302531181734,1.7345007779910542,0.005510794680357598,16.509726853922114,1000000.0,883442.1705942281,31.292800312615068,0.20906858089730757,17.302675144220842,-1.786003665825217,0.007300329583687355,18.953084483676754,1000000.0,883442.170594469,0.10508449986522966,1.6223,False
sd7037,ok,,0.2,1.9711784162808075,0.8044923201924432,3.8847583589764705,1.7678399999999912,0.45507077574466426,0.45507077574466426,5.701813146404921,0.8087101795409939,0.07986989702868322,3.00000002997,16.24576742288176,24.94758059925668,8.70181317637492,0.06691710641832585,28.16352056270719,31.292800312605525,0.5648381112047235,24.58493537734652,1.774351176663932,0.005326961418628526,16.43246051330488,1000000.0,942388.916251755,31.29280031261514,0.19701773079923635,17.038091519586306,-1.6242238452550728,0.006227592442474177,20.183156999122062,1000000.0,942388.9162520445,0.09198855960130205,1.4582742474916388,False
sd7043,ok,,0.2,1.9837142039885114,0.7293880478961021,4.284767586492145,1.7678399999999996,0.41258713904884053,0.41258713904884053,5.453392412370655,0.6835759734095318,0.08156166580797462,3.00000002997,16.494188156918792,24.947580599259446,8.453392442340654,0.06778085979874994,28.163520562707127,31.292800312609884,0.6229988603828671,24.502944072992115,1.6481499177800683,0.0052956460087146716,16.687677415145842,1000000.0,854411.1543780275,31.292800312615068,0.2111007853844537,17.22683831618515,-2.115664885237813,0.00695324035332612,19.855882507679276,1000000.0,854411.1543781691,0.0913040613615346,1.7114,False
sd7062,ok,,0.2,1.960386528465936,0.7300881397722929,4.280658862058401,1.7678399999999996,0.4129831544553201,0.4129831544553201,5.9156751513360115,0.9167399671544625,0.08154422255868223,3.00000002997,16.031905417946028,24.94758059925204,8.91567518130601,0.06617351297221793,28.163520562707127,31.292800312602157,0.6224014579362561,24.92488063347995,1.4643512350487147,0.006940271424758628,15.980822449556335,1000000.0,855231.2477558643,31.292800312615068,0.22243155841303236,17.36921894589918,-2.1124020154417913,0.007853134288008982,18.627648679431378,1000000.0,855231.2477562171,0.1397735328659243,1.7088,False
sd7080,ok,,0.2,1.9684544737389889,0.8220986669347348,3.801561042844406,1.7678399999981351,0.4650300179516257,0.4650300179516257,5.7557928663529285,0.835889350747136,0.07951785378317458,3.0000000138047502,16.191787601073077,24.94758048123076,8.755792880157678,0.06672941934786378,28.163520259217865,31.292800138388625,0.5527413481822161,24.863326973781714,2.1934366811805672,0.005566430327256288,16.26153892474929,1000000.0,963013.1301774534,31.292800144023424,0.1939943138955598,16.992361069894073,-1.0947751125023373,0.005612610157472882,21.285626484247132,1000000.0,963013.1303508602,0.09151171597061275,1.4056270903010033,False
sd7084,ok,,0.2,1.9449248624077566,0.8567571815749058,3.647775977617231,1.7678399999999959,0.48463502442240686,0.48463502442240686,5.990769428418423,0.9378290330234051,0.10623806194548782,3.00000002997,15.725502779263207,24.71627223765163,8.990769458388423,0.06510815779581103,28.163520562707195,31.292800312596484,0.5254636484467082,24.73085609968466,2.026841958178429,0.005616670836977778,16.224180873477067,1000000.0,1003612.4044564025,31.292800312615142,0.19114219476614622,16.841541361509297,-0.4831161640361124,0.004956911248512754,22.489247303643143,1000000.0,1003612.4044570009,0.09620761472732023,1.2869096989966555,False
sd7090,ok,,0.2,1.9675363607474208,0.7943696790784058,3.93426177749592,1.7678399999999639,0.44934478181194115,0.44934478181194115,5.77398747882023,0.8490186429436803,0.08007925273111609,3.0000000299700007,16.173593090474473,24.947580599264704,8.773987508790231,0.06666615786590842,28.163520562707397,31.292800312603433,0.5720358349319438,25.111914301367204,2.820175133194829,0.006279705783059154,16.02512085224711,1000000.0,930531.1712495158,31.292800312615356,0.20118324702054474,16.744592214692027,-0.25711047857304187,0.005228682285684063,22.688400203470433,1000000.0,930531.1712498704,0.09985369870886428,1.4896,False
sd8000,ok,,0.2,1.971900408814708,0.8127492512381315,3.845292088351891,1.7678399999999745,0.459741408293818,0.459741408293818,5.687505476286069,0.8000421593878229,0.07970298059061012,3.00000002997,16.26007509300397,24.94758059926004,8.68750550625607,0.066966853869889,28.16352056270728,31.292800312605284,0.5590997739142515,25.223444846031942,3.0627645735822497,0.0061889647058657495,16.00160679685594,1000000.0,952061.1531450188,31.292800312615242,0.19469552749200947,16.686446169127827,-0.27130570731078457,0.0047802306271184855,23.551683199860793,1000000.0,952061.153145322,0.08859289418941894,1.4333,False
sd8020,ok,,0.2,1.8894455553195366,0.8567571753700083,3.6477760037231564,1.7678399999242997,0.48463502093328314,0.48463502093328314,6.055932354695755,0.9727197644531309,0.10623804068653346,3.0000000272251057,14.626073706257012,23.68200608817787,9.055932381920861,0.06128546722465964,28.163520511553905,31.292800277703797,0.5034753347923739,24.413143843387168,4.338591766147117,0.007778157107294733,15.560708980978267,1000000.0,1003612.396111841,31.292800284409964,0.19252754891796056,16.63026319620923,1.8933928871714452,0.005389517409118719,21.43145270696221,1000000.0,1003612.396326919,0.1009853306227263,1.1912127090301003,False
sd8040,ok,,0.2,1.9720976178790295,0.7696084185096321,4.060842098962601,1.7678399999999836,0.4353382763766174,0.4353382763766174,5.683597399536812,0.8022448700494901,0.08061455744516818,3.00000002997,16.2639831697565,24.94758059926331,8.683597429506811,0.06698044216604805,28.163520562707227,31.2928003126057,0.5904404261795877,24.63552203008789,2.4522155267919308,0.005875799207838681,16.29307736024544,1000000.0,901525.6270986326,31.292800312615185,0.20551680138458364,16.501825813830195,-1.0062765206639648,0.005618950001087501,22.10433124394462,1000000.0,901525.627098906,0.09994277055711982,1.5697,False
sg6040,ok,,0.2,1.9285250255228439,0.8124821302000342,3.84655631112725,1.7678399999997323,0.45959030805964185,0.45959030805964185,6.547072086400778,1.2628897092564548,0.07970831165845908,3.0000000299332195,15.400508482750393,24.94758059908439,9.547072116333997,0.06397815983660661,28.163520562021844,31.292800312151904,0.5592835900431207,25.093167319642333,1.4655389830107122,0.006882448497502492,15.691188345038288,1000000.0,951748.2453517802,31.292800312237297,0.21402960284479192,17.038450178219026,-1.6455846627590787,0.006253005098486337,20.45203246051791,1000000.0,951748.2453543773,0.15994218945971542,1.4341,False
sg6041,ok,,0.2,1.964550280557758,0.7967699742235441,3.922409687495532,1.7678399999999985,0.450702537686411,0.450702537686411,5.833162398639277,0.8928600336017779,0.08002913720592157,3.00000002997,16.11441817064394,24.947580599253218,8.833162428609278,0.0664604079826007,28.163520562707138,31.29280031260352,0.5703125586014286,25.10158462772791,2.8843917591453057,0.00596890518111925,16.157638817172074,1000000.0,933342.8967113046,31.29280031261508,0.20192994046681925,16.72754484220952,-0.7678438032215631,0.004722659431167741,24.041162738701495,1000000.0,933342.8967116493,0.09993292494279836,1.4821,False
sg6042,ok,,0.2,1.9734671803312689,0.7468796982663554,4.184419890986855,1.7678399999999994,0.4224815018702799,0.4224815018702799,5.656456886494673,0.8001502447775086,0.081137191034001,3.00000002997,16.291123682792147,24.94758059925682,8.656456916464673,0.06707480912769496,28.163520562707127,31.292800312606538,0.6084084540936892,24.275724172907843,0.6668813817637768,0.005010885707926512,16.761575741566567,1000000.0,874901.0173910909,31.292800312615068,0.21110911134319302,17.376041821577108,-3.057663657422243,0.007502609199987921,18.732736823738364,1000000.0,874901.0173913294,0.09998609075406414,1.6479,False
sg6043,ok,,0.2,1.9802561643961751,0.7075716468893583,4.416878883346056,1.7678399999999996,0.40024642891288714,0.40024642891288714,5.521920115126511,0.7292052375085532,0.08109668266190266,3.00000002997,16.425660454161847,24.94758059925836,8.52192014509651,0.0675425904967192,28.163520562707127,31.292800312608765,0.6422076472592511,24.33853896240926,-1.2505508558880198,0.006816283580922415,16.11914294199968,1000000.0,828855.242922754,31.292800312615068,0.2193736689109701,18.283296793848884,-5.065958520250827,0.012308010553599287,13.573791526312014,1000000.0,828855.242922921,0.1001385754854271,1.795,False
sg6050,ok,,0.2,1.933324856585627,0.7803893745490298,4.004742206294144,1.7678399999999967,0.44143665408013805,0.44143665408013805,6.451954206904056,1.215153044550973,0.08037733934745972,3.00000002997,15.495626362370913,24.94758059924497,9.451954236874055,0.06430888259464886,28.16352056270718,31.292800312592494,0.5822835848821597,25.05921264565867,1.5953816902468607,0.0074679401438357135,15.564330804513109,1000000.0,914154.5276148984,31.292800312615128,0.22061128434021393,17.237247266226216,-1.436551247038604,0.00760093589642076,18.54008067958889,1000000.0,914154.5276155595,0.16006737886538,1.5342,False
sg6051,ok,,0.2,1.954596426001729,0.7831087284675597,3.990835693669427,1.7678399999978551,0.4429748893952563,0.4429748893952563,6.030416941045952,1.00262739666011,0.08031804207962964,3.000000021821398,15.917163575568374,24.947580538435727,9.03041696286735,0.06577455791636601,28.16352040973995,31.292800223442345,0.5802616004249006,24.49815305988734,1.8345863265731428,0.0054786039483311995,16.429583081121038,1000000.0,917339.9985339968,31.292800227649057,0.21004057646919547,17.212475308709287,-1.380048443804882,0.006796163816589674,19.619097519558238,1000000.0,917339.9986573154,0.12002984377490834,1.5254,False
sm701,ok,,0.2,1.9450006142160292,0.7387608341404377,4.230406000388875,1.7678399999999994,0.41788896853812446,0.41788896853812446,6.2205766222965035,1.0933715444187668,0.08133175393495153,3.00000002997,15.727003946980185,24.94758059924669,9.220576652266503,0.0651133773226566,28.163520562707127,31.292800312596857,0.6150947662852405,24.91310627508367,0.5085307403682056,0.00665088386594575,16.06761618487849,1000000.0,865390.5132221957,31.292800312615068,0.2273378141167591,17.035233396753352,-2.890032142075745,0.00643191205778265,21.14227655612225,1000000.0,865390.5132226993,0.1598852176267367,1.677,False
sokolov,ok,,0.2,1.991553894822753,0.7624402878656023,4.0990203630882815,1.7678399999999985,0.4312835368956483,0.4312835368956483,5.298033866338714,0.5950906119300137,0.08077607716289217,3.00000002997,16.64954670295333,24.947580599262043,8.298033896308713,0.06832103801630166,28.163520562707138,31.29280031261239,0.5959914892328262,24.337320953141198,-0.8878590190907474,0.008453072797435512,15.242179048362228,1000000.0,893128.8199452532,31.292800312615082,0.19823796379320402,19.538444559528184,-4.176996742486843,0.017632987462239846,9.429225633383709,1000000.0,893128.8199453299,0.071,1.5938591973244147,False
sp4621hp,ok,,0.2,1.9299999393250777,0.7306545804777396,4.277340276928866,1.7678399999999996,0.4133035684664561,0.4133035684664561,6.5178438347196765,1.2351540671211785,0.08153022622067926,3.00000002997,15.429736734551836,24.947580599241512,9.517843864689677,0.06407978582064536,28.163520562707127,31.292800312591513,0.6219189405741453,25.75304325470195,-0.9974190201468683,0.009568529819393152,14.967886370887223,1000000.0,855894.7810536898,31.292800312615068,0.237270598217808,17.46708858157215,-4.167395491877337,0.008534460879181967,17.98937941936044,1000000.0,855894.781054334,0.21062359969937394,1.7067,False
sp4721bs,ok,,0.22,1.9210440842241776,0.7521571919688735,4.155060004703551,1.7678399999999994,0.4254667797814699,0.4254667797814699,6.695321321571332,1.3342178993382925,0.08101301766858407,3.00000002997,15.252259247698055,24.947580599239384,9.695321351541331,0.06346270053662802,28.163520562707138,31.292800312588223,0.6041395701168868,25.552135166890604,-1.2080547956598258,0.00894471259862962,15.09891779762989,1000000.0,881083.1168911048,31.29280031261508,0.23478538330219492,17.484617122213624,-4.331824673146441,0.008323740248956681,18.038357192901405,1000000.0,881083.1168918611,0.214074681616539,1.6293210702341137,False
sp4721la,ok,,0.2,1.9185361282303504,0.7622528608116727,4.1000282534487535,1.7678399999999994,0.4311775165239348,0.4311775165239348,6.745021291243869,1.3601971745722696,0.08078033605358562,3.00000002997,15.20255927802351,24.94758059923738,9.74502132121387,0.06328989484478537,28.16352056270713,31.2928003125873,0.5961380349986939,25.477806063456942,-1.278320265941922,0.008844439040874433,15.091962873945521,1000000.0,892909.266353041,31.29280031261507,0.23286337680440067,17.57419793147228,-4.318092796860574,0.008646703864422036,17.476587601843196,1000000.0,892909.2663538335,0.21376291193506342,1.594496989966555,False
spicasm,ok,,0.2,1.9571857653376088,0.7941406299156546,3.935396512745827,1.7678399999999552,0.44921521739279274,0.44921521739279274,5.979104426348001,0.9597806136065916,0.08008404825121623,3.00000002997,15.968476142949468,24.947580599267468,8.979104456318002,0.06595297079038502,28.163520562707852,31.292800312599226,0.5722008237566447,25.204008781388744,0.9393399733848483,0.008197872323402607,15.208866125596744,1000000.0,930262.8611775206,31.29280031261587,0.20594586100434803,18.316230683467463,-2.490993244011005,0.011035864014489005,13.870629818090057,1000000.0,930262.8611780154,0.1172,1.490318060200669,False
ssca07,ok,,0.2,1.949610287695202,0.8567571814742551,3.6477759780361,1.7678399999976533,0.4846350243661148,0.4846350243661148,5.67254348067727,0.7772381112423397,0.10623806191083018,3.000000029895496,15.81835349087069,24.490897001443457,8.672543510572766,0.06543099765776103,28.163520561330078,31.29280031167536,0.5206722102201394,25.540895424418565,4.156691057655124,0.0074773334853154095,15.421681495640348,1000000.0,1003612.4043102874,31.29280031186216,0.18437676649970924,16.574907759395558,1.3131577957399125,0.0042920275397868865,24.298265796789153,1000000.0,1003612.4043162783,0.06998020888226932,1.2660565217391304,False
ssca09,ok,,0.2,1.9691754774009533,0.8040913815932331,3.8866953895309524,1.7678399999999979,0.45484397999436266,0.45484397999436266,5.74150523104638,0.8448237418572876,0.079878089753005,3.00000002997,16.206075338238346,24.947580599254728,8.74150526101638,0.0667790979206874,28.163520562707138,31.292800312605063,0.5651197525781685,26.06288448159749,4.367210720842817,0.007927050342399926,15.278509395497538,1000000.0,941919.2534811809,31.292800312615082,0.19801508489407102,16.763447122516755,1.1462948669552715,0.004767403776421012,23.755935595117254,1000000.0,941919.2534814824,0.08997457836752194,1.4595,False
stcyr171,failed,airfoil 'stcyr171' not found in the aerosandbox UIUC database,0.0,,,,,,,,,,,,,,,,,,,,,,,,,,,,,,,,,,
stcyr172,ok,,0.25,1.9244316806604784,0.8567571589390459,3.6477760739693705,1.7678399999942938,0.48463501161972317,0.48463501161972317,6.505933242436647,1.2099626878311385,0.10623804637534359,3.0000000132834845,15.319391331384068,24.8253245871042,9.505933255720132,0.0636961168602612,28.16352024945465,31.292800124018207,0.5277821027313881,25.707318881600685,4.888651638118969,0.008265742151318973,14.962560691783237,1000000.0,1003612.3718957871,31.29280013861269,0.20209449507236438,17.348213104349004,2.1446174282976087,0.006945680946645349,18.53122607900277,1000000.0,1003612.3723638565,0.1356,1.297,False
stcyr234,failed,Maximum_Iterations_Exceeded,1.21,,,,,,,,,,,,,,,,,,,,,,,,,,,,,,,,,,
stcyr24,ok,,0.2,1.703880421626888,0.8567571815464374,3.6477759777384087,1.7678399999999883,0.4846350244063055,0.4846350244063055,6.432448432020922,1.1835356336338378,0.10623806174499287,3.000000029969999,10.948743766540156,20.381192228531077,9.432448461990921,0.048499472692686785,28.16352056270721,31.2928003124832,0.4333006015452689,20.409854538216496,-3.6964876808395184,0.0082832905819185,16.359039194259463,1000000.0,1003612.4044194258,31.29280031261517,0.20053221356057474,17.4063919542233,-5.849562428531637,0.009888588322046865,14.54445291907025,1000000.0,1003612.4044236582,0.12350000000000001,0.8858,False
ste87151,ok,,0.2,1.9434418893422842,0.776802998150442,4.023231466718327,1.7678399999999992,0.43940797705134077,0.43940797705134077,6.251465752387035,1.139403720820766,0.08045554451244809,3.00000002997,15.696114816889096,24.94758059924613,9.251465782357034,0.06500597650268092,28.163520562707138,31.292800312596274,0.5849718959610642,25.25581200689001,0.9342714528345815,0.008233547042322938,15.267333560618882,1000000.0,909953.4168241343,31.29280031261508,0.21692875016831337,17.565001327554825,-2.1310866259320873,0.00898667556277982,16.529797056425203,1000000.0,909953.4168246811,0.13928368167917782,1.5459,False
ste87391,ok,,0.22,1.9385856246344286,0.7770138835741989,4.022139541733886,1.7678399999999987,0.43952726693264066,0.43952726693264066,6.347701973956601,1.172721265076615,0.08045092503795101,3.00000002997,15.59987859531822,24.947580599244823,9.347702003926601,0.06467136529551551,28.163520562707152,31.292800312594533,0.5848131316857379,24.609523160078723,-1.3415175546616824,0.006994047203100069,15.776936056393271,1000000.0,910200.4497428071,31.292800312615093,0.21912581307140588,18.18808582175813,-4.14076627147679,0.010565398001915435,14.81822748477727,1000000.0,910200.4497434051,0.145566646795915,1.5452090301003345,False
stf86361,ok,,0.2,1.9079380207460646,0.8567571815709351,3.6477759776341507,1.7678399999999992,0.4846350244201599,0.4846350244201599,6.65446059353223,1.3266393017316687,0.106238061923943,3.00000002997,14.992537402889738,24.64699802639197,9.65446062350223,0.0625596534447956,28.163520562707138,31.292800312583324,0.5239908907682529,24.523810783055183,-1.9154859123877426,0.007944719802922131,15.159195520159027,1000000.0,1003612.4044513273,31.29280031261508,0.20525215349020096,18.52526085356326,-4.761950363505692,0.011683703015950956,13.016714339994184,1000000.0,1003612.4044523457,0.14659998422457296,1.2805,False
supermarine371i,ok,,0.2,1.893559983939193,0.8567571815703325,3.6477759776367176,1.7678399999999996,0.4846350244198189,0.4846350244198189,6.473576443764103,1.2161888544255517,0.10623806191999134,3.00000002997,14.70760896114682,24.181185434880923,9.473576473734102,0.06156896357469175,28.163520562707127,31.29280031257779,0.5140877961000019,23.980872971328907,3.7128943254488376,0.006058712817881953,16.225914141000032,1000000.0,1003612.4044504437,31.292800312615068,0.20140658793054633,16.857369374684183,0.8777167760615666,0.005798584672742896,20.696120858403674,1000000.0,1003612.4044516393,0.13,1.2374,False
supermarine371ii,ok,,0.2,1.5690037439087061,0.8567571808328508,3.647775980755579,1.7678399999948913,0.4846350240040539,0.4846350240040539,5.799208542224872,0.8570415644799385,0.1062380558185081,3.0000000299536116,8.275903091492717,17.0751116636712,8.799208572178484,0.03920606496862296,28.16352056239981,31.292800312064667,0.36301390412598095,17.258248885287877,2.5825322342372665,0.006554510164205428,18.77843544258605,1000000.0,1003612.4035729947,31.29280031244455,0.1870696438084191,15.310439910303197,0.8394401199883541,0.004941629639473561,22.444818731074808,1000000.0,1003612.4035851784,0.08360000000000001,0.5799,False
t16,failed,airfoil 't16' not found in the aerosandbox UIUC database,0.0,,,,,,,,,,,,,,,,,,,,,,,,,,,,,,,,,,
tempest1,ok,,0.2,1.8636521306092795,0.8567571815685817,3.64777597764403,1.7678399999999652,0.484635024418838,0.484635024418838,6.725814979314863,1.3536000076241144,0.10623806191272395,3.0000000299700007,14.114927348237801,23.840742357522664,9.725815009284863,0.05950822275670037,28.163520562707273,31.2928003125647,0.5068500354958929,23.88088725714925,4.271813317041135,0.006666214343176608,16.052669785759544,1000000.0,1003612.4044479924,31.292800312615224,0.20676913532061464,16.69940165639098,1.298741195214852,0.005406912327324471,21.64631382860446,1000000.0,1003612.4044496128,0.14496858045339123,1.2059,False
tempest2,ok,,0.2,1.8488535164632292,0.8567571815685394,3.6477759776422602,1.7678399999994927,0.4846350244189436,0.4846350244189436,6.371963218835123,1.1602061072077672,0.10623806195051226,3.0000000299700087,13.82166435794627,23.193627606751402,9.371963248805132,0.05848855384619075,28.16352056270903,31.292800312545186,0.4930924884588335,23.110561835151593,3.7843489715268905,0.006369554261500623,16.46731194291147,1000000.0,1003612.4044475855,31.292800312617093,0.19924630844423616,16.37139185861484,1.1422582556262553,0.004917785722402333,22.72712878363431,1000000.0,1003612.4044498915,0.11996259024427547,1.1460247491638798,False
tempest3,ok,,0.2,1.8135136694604057,0.856757181565532,3.6477759776570404,1.7678399999999714,0.4846350244171112,0.4846350244171112,6.088860298631276,1.0055125232437674,0.10623806189030252,3.0000000299700007,13.121337347153016,22.21019767575429,9.088860328601276,0.05605353236815961,28.163520562707237,31.292800312542397,0.4721849391921674,21.951779931557258,3.170450776042403,0.006084920555213014,17.04495174860948,1000000.0,1003612.4044437013,31.292800312615178,0.1932275896063551,16.018684559671506,0.884526538118067,0.004564859723359697,23.607709040089187,1000000.0,1003612.4044460355,0.09997765471138037,1.0550314381270902,False
th25816,ok,,0.2,1.6924388360928238,0.8567571815244712,3.64777597783198,1.7678399999999999,0.4846350243938769,0.4846350243938769,8.261232455587121,2.2260802842463927,0.10623806156373575,3.00000002997,10.722006752225953,21.983239237783074,11.261232485557121,0.04771111312463337,28.163520562707127,31.29280031247607,0.4673598423039864,22.393749349392568,2.0717501011470327,0.009579458681844708,15.195073395373589,1000000.0,1003612.404393459,31.292800312615068,0.23941184379716135,17.575817921929637,-0.2651072758349225,0.00900432369368662,16.441188254412893,1000000.0,1003612.4043979169,0.2572297436182324,1.0340317725752508,False
trainer60,ok,,0.2,1.9236860015396293,0.7859095346417683,3.9766132459819916,1.7678399999999996,0.4445591991592952,0.4445591991592952,6.642966650761461,1.297088678790522,0.08025838193815364,3.00000002997,15.30461391850718,24.94758059923864,9.642966680731462,0.06364473656541461,28.163520562707127,31.292800312589215,0.5781936757180386,25.856761592666636,4.872773124121972,0.009281951832565825,14.819739869922888,1000000.0,920620.8885193835,31.292800312615068,0.2234886997466856,17.568217703977677,1.9509140270647976,0.008280022622827267,17.566693805193896,1000000.0,920620.888520144,0.1830265113212955,1.5164,False
tsagi12,ok,,0.2,1.863641460301221,0.8567571815680479,3.6477759776463925,1.767839999999987,0.48463502441853007,0.48463502441853007,6.339482478638955,1.1361789610526716,0.10623806190019272,3.0000000299700007,14.114715895569319,23.454198404178275,9.339482508608956,0.059507487540464345,28.16352056270722,31.292800312565067,0.49863217828624,23.870448668594257,3.0439307615966316,0.007499518484864242,15.776331030669553,1000000.0,1003612.4044473666,31.29280031261516,0.1985557735577664,16.63283091838233,0.9173454278720866,0.00567576205546379,20.904490056234152,1000000.0,1003612.4044489731,0.119,1.1701344481605351,False
tsagi8,ok,,0.21,1.7153383127892186,0.8567571815542717,3.647775977704933,1.7678399999999592,0.484635024410745,0.484635024410745,5.786048881016369,0.8358138385518559,0.10623806180776532,3.0000000299700007,11.175803908227198,19.96185281921357,8.78604891098637,0.04928895576744482,28.16352056270723,31.292800312489227,0.424385518641683,19.795784093942753,2.5198413341183183,0.006493849592421744,17.71512319549078,1000000.0,1003612.4044288126,31.292800312615174,0.1867898715434442,15.802057618432007,0.7990920640825833,0.0052374649667726704,21.668501018084996,1000000.0,1003612.4044328519,0.0795,0.847,False
tsagi_r3a,ok,,0.2,1.9709829144644722,0.7288203346009732,4.28810519853438,1.7678399999999999,0.4122660051820149,0.4122660051820149,5.705687390755495,0.8063553105447504,0.08157555772278793,3.00000002997,16.24189317853003,24.947580599255524,8.705687420725495,0.06690363575667506,28.163520562707127,31.292800312605713,0.623484144230128,25.256865609516332,3.103973729236379,0.007750347027180578,15.660502624392711,1000000.0,853746.1303577833,31.292800312615068,0.21757051950779974,17.49871309947554,-0.38043323244219895,0.008385215097097727,17.703762963097027,1000000.0,853746.1303580385,0.12088806074273223,1.7135120401337793,False
ua2-180,ok,,0.2,1.932980915508209,0.7535782383129916,4.147224676493313,1.7678399999999994,0.426270611770857,0.426270611770857,6.4587700605933955,1.2072865274008857,0.0809799105588155,3.00000002997,15.488810508679775,24.947580599243167,9.458770090563394,0.06428518402259163,28.163520562707138,31.292800312592583,0.6030003250009133,25.008114457106394,-0.12256039510917195,0.011930092466081336,14.043215916295068,1000000.0,882747.7422587589,31.292800312615082,0.228625033037606,20.188479747207136,-3.7834047377658107,0.021067349501963765,8.956936537655142,1000000.0,882747.7422593936,0.18122924965893586,1.6243628762541806,False
ua2-180sm,ok,,0.2,1.9390814381915318,0.7290371569324284,4.286829876751625,1.7678399999999992,0.4123886533466992,0.4123886533466992,6.3378764750989305,1.1433237944486643,0.08157027296693589,3.00000002997,15.609704094175799,24.94758059924473,9.33787650506893,0.06470552833704064,28.163520562707127,31.292800312594768,0.6232987143321185,26.45810990673957,0.08380803388995517,0.01156593259070212,14.289754352564747,1000000.0,854000.1178186834,31.292800312615068,0.2333006359891344,17.745268799892354,-3.6031524846572562,0.009854413379075205,16.26354918527223,1000000.0,854000.1178192374,0.18166485259472587,1.712705016722408,False
ua79sf18,ok,,0.2,1.6751769829267313,0.8567571815321776,3.647775977799164,1.7678399999999985,0.48463502439823647,0.48463502439823647,7.22299394812909,1.6348949892245364,0.10623806162900619,3.00000002997,10.379929945059963,20.602923923159054,10.22299397809909,0.046521719655930105,28.163520562707127,31.292800312464518,0.4380145788114604,21.37908876117173,-0.48044276152833154,0.010348096714159963,15.130054987820865,1000000.0,1003612.4044021167,31.292800312615068,0.21733907372403136,17.36854828024727,-2.3826556772509013,0.009908936794208416,15.000460094583666,1000000.0,1003612.4044069449,0.1876949656750572,0.9063160535117057,False
ua79sff,failed,airfoil 'ua79sff' not found in the aerosandbox UIUC database,0.0,,,,,,,,,,,,,,,,,,,,,,,,,,,,,,,,,,
ua79sfm,failed,airfoil 'ua79sfm' not found in the aerosandbox UIUC database,0.0,,,,,,,,,,,,,,,,,,,,,,,,,,,,,,,,,,
uag8814320,ok,,0.21,1.9234589541917133,0.8535077260393008,3.661663708778251,1.767839999999988,0.48279693073994623,0.48279693073994623,6.647465951427992,1.3404085773262995,0.08060989390550584,3.000000027836241,15.300114583222507,24.947580562486742,9.647465979264233,0.06362909242000388,28.163520522649343,31.292800288473366,0.5324004795549668,25.353139440931518,-1.5797293015267735,0.008622889429795224,14.788424995558842,1000000.0,999805.9647629571,31.292800290363516,0.20588431412661934,18.36024930516302,-4.671571620610637,0.010851540337244158,13.775393438296389,1000000.0,999805.9648233475,0.14304532053267266,1.3171,False
ui1720,ok,,0.2,1.9868537413830558,0.6428705760410809,4.861411273239371,1.7678399999999996,0.36364748848373213,0.36364748848373213,5.391176442998553,0.6324362392593446,0.073168274582599,3.00000002997,16.556404126291856,24.94758059926041,8.391176472968553,0.06799718334384623,28.163520562707127,31.292800312610897,0.7068419982984355,26.063948745933583,1.7938370063747562,0.011319338618247727,14.828398639182168,1000000.0,753063.87673244,31.292800312615068,0.23774794203499497,17.876117070064222,-2.379056931987304,0.011391287996836119,15.335083320419901,1000000.0,753063.8767325403,0.13810598866816293,2.0763,False
ultimate,ok,,0.2,1.8634654222864326,0.8567571815680654,3.6477759776463614,1.7678399999999974,0.48463502441853706,0.48463502441853706,6.4614546715539465,1.2003615970926855,0.10623806190538729,3.00000002997,14.111227363865162,23.57268206538911,9.461454701523946,0.05949535799313156,28.163520562707138,31.29280031256549,0.5011511203136846,24.610115443962002,4.733914889240263,0.008698463023179835,15.16366728956485,1000000.0,1003612.4044473947,31.292800312615082,0.2011488811624378,16.780029330925448,3.00863281420478,0.005808967553537656,20.6689503882028,1000000.0,1003612.4044489851,0.12844975577190543,1.1810973244147156,False
us1000root,ok,,0.21,1.7170277662403919,0.8567571815442556,3.647775977747684,1.767839999999985,0.4846350244050722,0.4846350244050722,7.114102856811848,1.5253762632112466,0.10623806172780466,3.00000002997,11.20928367641115,21.323386563192997,10.114102886781847,0.04940536417859119,28.163520562707152,31.292800312491238,0.45333148920986993,22.301359520189738,5.356500622540355,0.0100572066460066,15.119718974417735,1000000.0,1003612.4044171295,31.2928003126151,0.21502406806077992,17.06599707407391,2.312610338609518,0.00817214235440128,16.99125272563977,1000000.0,1003612.4044211019,0.18562335714285713,0.9729779264214047,False
usa22,ok,,0.2,1.9715943509735747,0.8247705784024071,3.7892455762105026,1.7678399999999714,0.46654141687167416,0.46654141687167416,5.693570600817802,0.7969867383840734,0.0794659419109269,3.0000000299700007,16.254009968472094,24.947580599259894,8.693570630787804,0.06694576556646116,28.16352056270737,31.2928003126051,0.5509506940662373,25.58125166373691,1.1135213144719585,0.007823302897506004,15.238362472393181,1000000.0,966143.0345923599,31.29280031261533,0.1919917145426218,17.59256663640284,-2.134913298169268,0.008062592304606982,16.690463504990568,1000000.0,966143.0345926759,0.0910411715935342,1.397833779264214,False
usa25,ok,,0.2,1.962604476882578,0.8453716637950756,3.6969044497777066,1.7678399999999994,0.4781946690849148,0.4781946690849148,5.871722239355808,0.9157167566363411,0.07907540151162469,3.00000002997,16.07585832992619,24.947580599252,8.871722269325808,0.06632633627196981,28.163520562707127,31.292800312602907,0.537524431060626,25.85495533640355,1.0558755586541462,0.00922948743128324,14.57841436053786,1000000.0,990275.3153481216,31.292800312615068,0.191151500498069,18.445526753730896,-2.412828505615313,0.011022079062929797,13.16678601360752,1000000.0,990275.3153485064,0.0827511909527622,1.3394003344481604,False
usa26,ok,,0.2,1.95539719252405,0.8464418765867964,3.692230207468376,1.7678399999999967,0.4788000478475416,0.4788000478475416,6.014548435243043,0.9837850103276907,0.07905563256402574,3.00000002997,15.933032134037566,24.947580599250607,9.014548465213043,0.06582973275781397,28.163520562707205,31.292800312600207,0.536844803152486,25.752912837066773,1.363352445145517,0.008559232189388434,14.843888096784365,1000000.0,991528.9714086787,31.292800312615157,0.1939832793427811,17.949976470712194,-2.2289015535555374,0.009211331107160596,15.136199507149566,1000000.0,991528.9714091524,0.09824736600687395,1.336442474916388,False
usa27,ok,,0.2,1.9516453131045672,0.8132435306235977,3.842954967257481,1.7678399999999903,0.46002100338469665,0.46002100338469665,6.088899139095815,1.0295505032237438,0.07969309668172908,3.000000029969992,15.858681430185412,24.947580599251218,9.088899169065808,0.06557121701017225,28.16352056270765,31.2928003125987,0.5587599599689967,26.323254151921194,0.6831953301233914,0.009175427030491894,14.7394232480803,1000000.0,952640.1560795846,31.292800312615732,0.20356735257990086,17.1489180471746,-2.911156844759676,0.006423416202663112,19.88501877470457,1000000.0,952640.1560801031,0.1107,1.4318210702341136,False
usa27m2,ok,,0.2,1.9367390777652171,0.8123677194131045,3.84709804552193,1.7678399999997911,0.4595255902192509,0.4595255902192509,6.38429484972941,1.1890869039901448,0.07971059587532975,3.000000029947766,15.563285719505481,24.947580599182658,9.384294879677176,0.06454413267758852,28.163520562297478,31.2928003123265,0.5593623574179734,25.801894601416706,0.9489951922002426,0.00989498262614326,14.468856764390804,1000000.0,951614.2236208717,31.292800312391826,0.21041003498059216,18.305249207923637,-2.870585877134638,0.011344758137973624,13.649801649221114,1000000.0,951614.2236228584,0.13288,1.4344428093645485,False
usa28,ok,,0.2,1.9343007330213373,0.8552001963321909,3.65441715168413,1.7678399999999983,0.48375429695684663,0.48375429695684663,6.43261533891091,1.1871033091539995,0.09216383586927948,3.00000002997,15.514965230110294,24.947580598991205,9.43261536888091,0.06437612340869868,28.163520562707152,31.292800312592945,0.5313468408457338,25.46134633097524,1.8364143200054541,0.007521722424282329,15.248513607318966,1000000.0,1001788.5391456152,31.2928003126151,0.20090085919447118,17.49731223862862,-1.5509474846710656,0.0073228480869742315,17.89119445775994,1000000.0,1001788.5391463244,0.13161464351490895,1.312514381270903,False
usa29,ok,,0.2,1.9274897494636047,0.8567571815727357,3.6477759776264813,1.7678399999999985,0.4846350244211786,0.4846350244211786,6.492886779845501,1.2100740150375353,0.10623806193418599,3.00000002997,15.379992496495214,24.87287930631072,9.492886809815502,0.06390682620862023,28.163520562707152,31.29280031259052,0.5287930874865856,25.408255429362413,0.954289462765514,0.008174447019135613,14.986007653901643,1000000.0,1003612.4044536677,31.292800312615093,0.20181712231609275,17.922976003157693,-2.4223935237283194,0.009028454296149666,15.551273603378348,1000000.0,1003612.4044544558,0.13168971072224472,1.3014,False
usa31,failed,Maximum_Iterations_Exceeded,1.22,,,,,,,,,,,,,,,,,,,,,,,,,,,,,,,,,,
usa32,failed,Infeasible_Problem_Detected,0.34,,,,,,,,,,,,,,,,,,,,,,,,,,,,,,,,,,
usa33,ok,,0.2,1.9203226461654341,0.8554140959295673,3.6535033505635233,1.7678399999994177,0.4838752918419365,0.4838752918419365,6.709617706232976,1.347964577426886,0.09401436516567824,3.0000000228191857,15.23796271448129,24.94758044353345,9.709617729052162,0.06341299161844403,28.163520428485555,31.29280023139646,0.5312139749626537,25.74005734768386,1.6173110622769207,0.00931132321440265,14.502718074470355,1000000.0,1002039.100292395,31.292800238069653,0.20674889248963343,18.210557530051883,-1.6694035462943646,0.010368751036933072,14.251964896773218,1000000.0,1002039.1005060798,0.14193432518469204,1.3119361204013378,False
usa34,ok,,0.2,1.9247350353691566,0.7611259203708791,4.106098849027678,1.7678399999999996,0.43054004908299354,0.43054004908299354,6.622178028615749,1.307347787556545,0.08080601691740982,3.00000002997,15.325402540653423,24.947580599239174,9.62217805858575,0.06371701814337054,28.163520562707127,31.292800312589595,0.5970206906039303,25.992101865206898,0.7563346891629726,0.010381198766629499,14.532233564283748,1000000.0,891589.1590580796,31.292800312615068,0.23026839684072037,17.782558687015992,-4.430072565559919,0.009790498886119168,16.038010538249882,1000000.0,891589.1590588053,0.18014322478154643,1.5983384615384615,False
usa35,ok,,0.2,1.942494280296434,0.6998301829214717,4.465738034552141,1.7678399999999994,0.39586737652812015,0.39586737652812015,6.270244447450813,1.1120489672551168,0.08014243295922635,3.00000002997,15.67733612182506,24.947580599245875,9.270244477420814,0.06494068339659473,28.163520562707127,31.292800312595972,0.6493116954735604,25.666924396334984,-0.464427242498621,0.010265863000720228,14.873297923290597,1000000.0,819786.8284008804,31.292800312615068,0.24127703025691907,17.918653341464925,-4.0239648179206915,0.01100040657176414,15.455688440756989,1000000.0,819786.8284013808,0.18175556465002168,1.825918060200669,False
usa35a,ok,,0.2,1.9424825698319446,0.7000266992020903,4.464484382041791,1.7678399999999996,0.39597853833044305,0.39597853833044305,6.270476512818566,1.1122214243997026,0.08016664355683982,3.00000002997,15.677104056457313,24.947580599245878,9.270476542788565,0.06493987651046002,28.163520562707127,31.292800312595972,0.6491294162554933,25.67262218679564,-0.47468214510948853,0.01024322294411882,14.880034298536334,1000000.0,820017.0291872269,31.292800312615068,0.24121533559872133,17.89708126896992,-4.028899076250947,0.010893481904185084,15.559368205472463,1000000.0,820017.0291877273,0.1817331035554247,1.8251247491638796,False
usa35b,ok,,0.2,1.968105009067286,0.7381703332998848,4.233790122164594,1.7678399999999994,0.4175549446216202,0.4175549446216202,5.762718619100609,0.8492538751513932,0.08134606611672068,3.00000002997,16.18486195018376,24.947580599254366,8.762718649070608,0.06670533944109273,28.163520562707127,31.292800312604754,0.6155868125786724,24.57302876119635,-0.07782800423658359,0.006257492735290951,16.236588560302856,1000000.0,864698.7956842763,31.292800312615068,0.21622193066941056,17.631267920545845,-3.596191844371099,0.008834000711360295,16.972545687927973,1000000.0,864698.7956845611,0.1161,1.6791414715719064,False
usa40,ok,,0.2,1.9560208327439614,0.7697881565559321,4.059893931835151,1.767839999999999,0.435439947368502,0.435439947368502,6.00218980530956,0.9605242477296163,0.08061060210182065,3.00000002997,15.94539076397106,24.947580599250617,9.002189835279559,0.06587270343988667,28.163520562707138,31.29280031260064,0.5903025640837358,25.313461515329713,0.3461931869814387,0.007895676117495993,15.43213467452152,1000000.0,901736.1737232391,31.29280031261508,0.2130072581983645,17.56746501282001,-3.0062782705576265,0.008483523531370357,17.128121478624212,1000000.0,901736.173723655,0.13319832606379362,1.5691,False
usa40b,ok,,0.2,1.9714360580382169,0.6918775374459689,4.51706855108598,1.7678399999999996,0.39136886677865024,0.39136886677865024,5.696707479653194,0.8014521141692269,0.07916325511109251,3.00000002997,16.25087308963244,24.94758059925563,8.696707509623193,0.06693485870833679,28.163520562707127,31.292800312605866,0.6567750765455213,25.420640843803138,1.5090665685223574,0.008632814418292646,15.487438988528586,1000000.0,810471.0341258124,31.292800312615068,0.22895128918809257,17.536401964506958,-2.500672005918974,0.009027601784683708,17.434764460585935,1000000.0,810471.0341260507,0.136291556,1.8584,False
usa41,ok,,0.2,1.7001544438764835,0.8567571815522735,3.6477759777136,1.7678399999999979,0.48463502440960415,0.48463502440960415,5.543318283128768,0.6930475220002533,0.10623806179113188,3.00000002997,10.874906354058057,19.418224667156824,8.543318313098768,0.04824274164775085,28.163520562707138,31.292800312480992,0.41282807869235805,19.213734550643636,-0.6747782068663943,0.007334959870334763,17.302777829847397,1000000.0,1003612.4044261858,31.29280031261508,0.18162946125496543,17.063443207539663,-2.90493327916926,0.00955929091104782,14.236701758724806,1000000.0,1003612.4044304863,0.06599380061993801,0.7967,False
usa45,ok,,0.2,1.9314546322165254,0.8398361563450977,3.721271395602769,1.7678399999999963,0.4750634425881864,0.4750634425881864,6.489016298364959,1.2210894403403842,0.07917845726224201,3.00000002997,15.458564270907738,24.9475805992427,9.489016328334959,0.06418001852494458,28.163520562707212,31.292800312591716,0.54106734889089,25.169157202797287,1.8731485842691915,0.007742815289768889,15.21271910214606,1000000.0,983790.9764227712,31.292800312615164,0.20579939156514354,17.95118298492532,-1.2828858974066273,0.009360629673990215,15.37424102049373,1000000.0,983790.9764235085,0.1451994439884951,1.3548197324414717,False
usa45m,ok,,0.2,1.948697235520449,0.847343320780543,3.68830223706788,1.767839999999831,0.479309960618961,0.479309960618961,6.147320964124601,1.039283907210068,0.07903901528434606,3.0000000299640153,15.800259605174821,24.94758059926344,9.147320994088616,0.06536808562066194,28.163520562598034,31.292800312521475,0.5362736820764695,24.854605116778906,2.2360653627460416,0.006957438329501892,15.528462062804959,1000000.0,992584.9305440856,31.29280031255628,0.19663099157421923,18.026148889251246,-0.8252264648370451,0.009594093455214859,14.782477056947894,1000000.0,992584.9305451897,0.11629999999999999,1.333956856187291,False
usa46,ok,,0.43,1.607478709544819,0.8567571520724191,3.647776103226141,1.7678399999993932,0.484635007734135,0.484635007734135,5.5204298917995365,0.6789419205677821,0.10623919277348552,3.0000000119912187,12.887494569132606,21.407924472923362,8.520429903790756,0.05524046576361376,22.69318485478615,31.292800090910006,0.4551287725010684,23.437966124653485,1.6465436268810694,0.005149951840233063,18.036437497789226,1000000.0,1003612.3627874338,25.214649737866488,0.27900000291836113,14.4765329191723,2.8583063662279923e-08,0.005059999999428798,22.130150510100766,1000000.0,808675.9295033042,0.06540302616563312,0.9808,False
usa48,ok,,0.2,1.927836465721107,0.8349500860465344,3.743048019065471,1.767839999998593,0.4722995780428087,0.4722995780428087,6.5607170108680775,1.27129574787321,0.07927046951189685,3.000000022262382,15.386863506222891,24.94758053935335,9.560717033130459,0.06393071635288268,28.16352041802417,31.292800225800352,0.5442336393873901,25.129900252859077,2.256689965399857,0.00754353395862137,15.317443882390576,1000000.0,978067.3908029525,31.292800232253875,0.20856787356931789,17.218080087657352,-1.4312107921608386,0.007598861144705575,17.812316079613232,1000000.0,978067.3910046596,0.14900000000000002,1.3686,False
usa49,ok,,0.2,1.8878462325291918,0.8567571815718614,3.6477759776302063,1.7678399999999992,0.4846350244206839,0.4846350244206839,5.685897279064331,0.7792444443537636,0.10623806192987573,3.00000002997,14.59437999201664,23.28027730105097,8.685897309034331,0.061175268961288436,28.163520562707127,31.292800312575523,0.4949346458842664,24.30596222419135,3.1566193353101735,0.008078698462733196,15.54964049291242,1000000.0,1003612.4044521622,31.292800312615068,0.18466066590319644,16.24917121540581,0.34091922178948497,0.004445785683461162,23.82109963158456,1000000.0,1003612.4044534306,0.0725,1.1540421404682273,False
usa50,failed,too few converged polar points,0.01,,,,,,,,,,,,,,,,,,,,,,,,,,,,,,,,,,
usa51,ok,,0.2,1.9052835219437836,0.8567571815728314,3.6477759776260146,1.767839999999984,0.48463502442123674,0.48463502442123674,5.95358600291696,0.9202495109573086,0.10623806193523232,3.00000002997,14.939933405730887,23.893519438617847,8.95358603288696,0.062376750513821765,28.163520562707244,31.29280031258172,0.5079720670564889,23.903145651776494,1.7141975400357385,0.006389961353235665,16.173159858607384,1000000.0,1003612.4044535058,31.2928003126152,0.19035168160839808,16.911554993907327,-0.59590797584544,0.0061489835050154325,19.700854565664354,1000000.0,1003612.4044545796,0.09330000000000001,1.2107832775919734,False
usa5,ok,,0.2,1.9751342331348476,0.8567571815779023,3.6477759776044874,1.7678399999999994,0.4846350244241009,0.4846350244241009,5.606654882534167,0.7392317937744985,0.1062380619667735,3.00000002997,16.324159539078188,24.930814451582357,8.606654912504167,0.06718967406701991,28.163520562707138,31.292800312607024,0.530024778593654,26.117901528613444,1.20124630194652,0.007919763554261846,15.0757030387101,1000000.0,1003612.4044602487,31.292800312615082,0.18297598633566153,17.351116551160942,-2.2512631460260764,0.006255526446997862,19.257245962479026,1000000.0,1003612.4044605071,0.0638,1.3067605351170568,False
usa98,failed,airfoil 'usa98' not found in the aerosandbox UIUC database,0.0,,,,,,,,,,,,,,,,,,,,,,,,,,,,,,,,,,
usnps4,ok,,0.21,1.9659685959730764,0.7100465582506658,4.401483577780681,1.7678399999999996,0.4016463923492318,0.4016463923492318,5.805055726533079,0.8884827237383754,0.08140257802806605,3.0000000290377313,16.142524836779828,24.94758059235064,8.80505575557081,0.06655813421248648,28.163520545203152,31.292800302537024,0.6399691928686687,25.189649946334303,-0.06465956827196752,0.008322852382484874,15.52089131590337,1000000.0,831754.3741657696,31.29280030289064,0.2258721804332682,17.880522015504297,-4.0166257264504095,0.010234860449063297,15.757362575811252,1000000.0,831754.3741751686,0.11941016912378302,1.7852578595317727,False
v13006,ok,,0.2,1.7805762028414858,0.8567571815631638,3.647775977667166,1.7678399999999816,0.4846350244157688,0.4846350244157688,5.509015455806888,0.6821105272354441,0.1062380618720357,3.00000002997,12.468618122355482,20.97763360813237,8.509015485776889,0.05378404210571634,28.163520562707163,31.2928003125267,0.44598084151686307,21.6842815014218,3.418946510137975,0.007944601989046436,16.37873735144218,1000000.0,1003612.4044404179,31.292800312615107,0.18090018911066189,15.850914237193017,0.8781599825127389,0.004770914621523483,22.77243516742905,1000000.0,1003612.4044432532,0.059767160562244286,0.9409866220735785,False
v13009,ok,,0.2,1.9751616402994998,0.7746426764792539,4.034451445154307,1.7678399999999792,0.43818596506429486,0.43818596506429486,5.622877904558018,0.7759381775767253,0.08050295119997213,3.0000000299700007,16.324702664737437,24.947580599265454,8.622877934528018,0.06719156250288567,28.163520562707248,31.292800312606627,0.5866032642062746,25.815679484736833,4.119634520045681,0.007806071149837631,15.448441722581828,1000000.0,907422.7982624448,31.292800312615192,0.2027534623293695,16.80305785600799,1.0460271462584225,0.005325836712651053,22.70569977758246,1000000.0,907422.7982626931,0.08999546127798719,1.553,False
v23010,ok,,0.2,1.9645951054448094,0.8064193251599925,3.875475410984105,1.767839999999985,0.4561608093266355,0.4561608093266355,5.832274107327049,0.8781932018360694,0.07983063594903621,3.0000000299700007,16.1153064619589,24.94758059925595,8.83227413729705,0.06646349655179286,28.163520562707284,31.292800312603042,0.5634883843167874,25.155631901367613,3.7491958522312885,0.007617478750018325,15.398204309016263,1000000.0,944646.2257093374,31.292800312615235,0.19949364883953005,17.756335045558746,0.7132565782695839,0.009267302065529589,15.46551141057221,1000000.0,944646.2257097054,0.10179771656744835,1.4524,False
v43012,ok,,0.22,1.962171808570575,0.7504791867854491,4.1643503519218354,1.7678399999999994,0.4245175959280531,0.4245175959280531,5.880296393782582,0.9133620701207907,0.0810523834533436,3.00000002997,16.06728417549979,24.947580599252372,8.880296423752583,0.06629652412726786,28.163520562707127,31.292800312602765,0.6054903728411356,25.30671614754944,3.39272018327712,0.00849870855115982,15.276438909885053,1000000.0,879117.4878275928,31.292800312615068,0.2155292763224767,17.977000670171677,-0.5481186160580729,0.010372013797775479,15.053819094476271,1000000.0,879117.4878279385,0.1204,1.6352,False
v43015,ok,,0.2,1.9407928129684895,0.7709585034260468,4.053730845060696,1.7678399999999994,0.4361019681792736,0.4361019681792736,6.30396229369982,1.1349155841303689,0.08058453611300809,3.00000002997,15.643618275575289,24.947580599245107,9.30396232366982,0.06482344719329737,28.16352056270713,31.292800312595364,0.5894064603957017,25.46935963407751,3.3740708912105437,0.008836507413592883,15.05651765208814,1000000.0,903107.127666192,31.29280031261507,0.2198135197530208,17.921536798345596,-0.4676983538825015,0.009898934054524081,15.573535720596137,1000000.0,903107.1276667607,0.1503,1.5652,False
vr11x,ok,,0.21,1.9570784428006638,0.7851295220167565,3.980563942586403,1.7678399999999994,0.444117975618131,0.444117975618131,5.981231228733506,0.9816021782508589,0.08027509066377625,3.00000002997,15.966349340546948,24.947580599250454,8.981231258703506,0.06594557594562367,28.163520562707127,31.292800312601024,0.5787681011522966,26.22249731532705,2.6074279458352905,0.008799785254154431,15.008582592295411,1000000.0,919707.1753196204,31.292800312615068,0.20835888838699562,16.92995051404337,0.28022932683215435,0.0055416384623809215,22.168265990540686,1000000.0,919707.1753200331,0.10971,1.5189,False
vr12,ok,,0.2,1.9632060580772779,0.7721625616969204,4.047409730318788,1.7678399999999992,0.4367830582501362,0.4367830582501362,5.8598007514170485,0.9117208300598882,0.08055780191698655,3.00000002997,16.08777981786575,24.9475805992528,8.859800781387047,0.0663677870210282,28.16352056270713,31.292800312603106,0.5884873796750926,25.8655631575951,3.077060924597705,0.008382976025415472,15.227847909600984,1000000.0,904517.5714214548,31.29280031261507,0.2089934503081194,16.971096186259356,0.5689113040820857,0.00617682512839321,20.912742899334376,1000000.0,904517.5714218006,0.10565,1.5612,False
vr13,ok,,0.2,1.969145683552087,0.7779335823415197,4.01738443556224,1.7678399999999994,0.44004750562354056,0.44004750562354056,5.7420956534415195,0.8479725780401725,0.08043081654055567,3.00000002997,16.205484915843048,24.947580599254568,8.74209568341152,0.066777045035119,28.163520562707127,31.292800312605095,0.5841217462915952,25.83899962881781,3.397944103435649,0.008024533276375062,15.346371780304393,1000000.0,911277.7924384504,31.292800312615068,0.2046871109013217,16.92059950738294,0.6011112609405513,0.005763075044721843,21.65649117324856,1000000.0,911277.7924387407,0.09450800000000001,1.5422,False
vr14,ok,,0.2,1.976255637138193,0.7930318201312766,3.9408989478917116,1.7678399999999992,0.4485880057761319,0.4485880057761319,5.601198253933356,0.7704024065320584,0.0801073344257893,3.00000002997,16.346382315353488,24.947580599256845,8.601198283903356,0.06726694216706244,28.16352056270713,31.292800312607444,0.5730008696762715,25.718142807910652,3.776037314669557,0.00766539176174891,15.431662159966379,1000000.0,928963.9922826609,31.29280031261507,0.19755399034883028,16.581826060008336,0.6228872738782673,0.0051180825072350425,22.91642363117313,1000000.0,928963.9922828873,0.07958599999999999,1.4938,False
vr15,ok,,0.2,1.9697239060311436,0.8336829748917252,3.748737061597792,1.7678399999999184,0.4715828213479521,0.4715828213479521,5.730637063376192,0.8359947204318696,0.0792946175715302,3.0000000299700016,16.21694350592525,24.947580599271447,8.730637093346193,0.06681688629859181,28.163520562707784,31.29280031260243,0.5450608160437657,25.90376117936272,3.842987740072388,0.007746553281936995,15.235430071033978,1000000.0,976583.0890937153,31.29280031261578,0.19074908525644932,16.737743761613395,0.8532523544019659,0.005197250659773326,22.102911817208906,1000000.0,976583.0890941318,0.079557,1.3722,False
vr1,ok,,0.2,1.9470409370236421,0.8550945828932008,3.6548685117664004,1.7678399999995429,0.48369455544247325,0.48369455544247325,6.180143577747305,1.0641066803302999,0.09125964321297172,3.000000026599356,15.767436936207112,24.947580540553773,9.18014360434666,0.06525396183988676,28.163520499426895,31.29280027543828,0.5314124679505111,26.020051759296678,3.4953205737002118,0.007845035657528374,15.108748730450797,1000000.0,1001664.82150607,31.292800277462657,0.1955477309858664,16.828867311530963,0.1986120314534452,0.004984790973432454,22.515235687199947,1000000.0,1001664.8215708691,0.10966168947499377,1.3128,False
vr5,ok,,0.2,1.9573206219345878,0.7982493453114675,3.915140405634226,1.7678399999999983,0.4515393617699952,0.4515393617699952,5.976431983595124,0.961242787754254,0.07999839302411078,3.00000002997,15.971148585685825,24.947580599250948,8.976432013565123,0.0659622628144884,28.16352056270714,31.292800312601052,0.5692556157862523,24.573490970855147,2.3733726309186487,0.005936294826771886,16.1675272734519,1000000.0,935075.8441630459,31.292800312615086,0.20482484516331037,17.501366987491963,-0.8763966256443239,0.007934192981920952,17.470450080010643,1000000.0,935075.8441634652,0.12,1.4775,False
vr7,ok,,0.2,1.9530129567478722,0.8161705059647913,3.82917324598201,1.767839999999994,0.46167668225902464,0.46167668225902464,6.061796650947092,0.9992386144502319,0.07963480956127196,3.00000002997,15.885783918333388,24.94758059925048,9.061796680917091,0.065665451760128,28.163520562707195,31.292800312599347,0.5567561181093179,24.861976245071595,2.168617304785089,0.00591750382188874,16.115322511351263,1000000.0,956068.8390520174,31.292800312615142,0.20223246591332544,17.327749664828154,-0.7633893460526893,0.006579261568040323,19.526614020285084,1000000.0,956068.8390525,0.12029999999999999,1.4231,False
vr7b,ok,,0.2,1.9614612239922262,0.77440244692441,4.035702983651669,1.7678399999999985,0.4380500763216188,0.4380500763216188,5.89437799333312,0.9123764343024243,0.08050829096220836,3.00000002997,16.0532025759494,24.947580599252518,8.894378023303119,0.06624756271806587,28.163520562707138,31.292800312602473,0.5867852360500018,24.88107012008186,3.266645144451528,0.006167515963517162,16.145987199563248,1000000.0,907141.3913872471,31.292800312615082,0.20920223855590753,17.10995331750134,-0.017122119932192092,0.006429042304190802,20.381074598583773,1000000.0,907141.3913876126,0.12029999999999999,1.5537919732441472,False
vr8,ok,,0.2,1.8795671248181638,0.8567571815715811,3.6477759776313583,1.767839999999989,0.48463502442052814,0.48463502442052814,5.734281385354254,0.7991361554080417,0.10623806192933466,3.00000002997,14.430313555770262,23.164594971094516,8.734281415324254,0.06060481360267535,28.16352056270718,31.29280031257185,0.49247525967227157,22.90390406405899,2.9689662807971318,0.0055342745173716425,16.952995491133173,1000000.0,1003612.4044517219,31.292800312615125,0.18568930358670302,16.432313054315248,0.7201559322960774,0.004826646435158142,22.728811551192262,1000000.0,1003612.4044531097,0.0815,1.1433384615384614,False
vr8b,ok,,0.2,1.908681064812459,0.8567571815734317,3.6477759776234455,1.767839999999981,0.48463502442157713,0.48463502442157713,5.736322680676895,0.8004970189472267,0.10623806193646397,3.0000000299700007,15.007262249600982,23.74358496024788,8.736322710646895,0.06261085141010204,28.163520562707273,31.29280031258274,0.5047844861266245,24.122645183971066,3.773824995400066,0.006969617617189436,15.936372467354982,1000000.0,1003612.4044542435,31.292800312615224,0.18573270116977858,16.50356355806839,1.0463691547919711,0.005238024902720626,21.640313948072617,1000000.0,1003612.4044552853,0.0815,1.1969103678929767,False
vr9,ok,,0.2,1.6409376850171489,0.8567571815401955,3.647775977765026,1.7678399999999985,0.4846350244027719,0.4846350244027719,5.472825936669102,0.6596693325812776,0.10623806169560955,3.00000002997,9.701412430409679,18.174238397048782,8.472825966639101,0.04416252931206615,28.163520562707127,31.292800312439752,0.386381146983331,19.046744676356496,3.145168621007447,0.008033951641500005,17.16585055206446,1000000.0,1003612.4044107145,31.292800312615068,0.18013080623367891,15.294048653923658,1.1664833768155913,0.0045384381949140126,23.441058091208458,1000000.0,1003612.4044163373,0.0606,0.6815983277591973,False
w1011,ok,,0.2,1.9592671254253045,0.8203346412040816,3.809735818315186,1.7678399999999792,0.4640321755385619,0.4640321755385619,5.937858274691557,0.9256460997846253,0.07955260174728455,3.0000000299700007,16.00972229459422,24.947580599255776,8.937858304661557,0.0660963827445088,28.163520562707326,31.292800312600882,0.5539299449177183,25.709722693407862,4.753982397916805,0.0077028494520836955,15.306897451784982,1000000.0,960946.7412977286,31.292800312615277,0.1984540079419791,17.101576106519875,1.7824803988198528,0.006232084155278877,20.069566379444044,1000000.0,960946.7412981708,0.10998391227110715,1.4108,False
w1015,ok,,0.2,1.9352146967196187,0.8071763409584213,3.871840770121116,1.7678399999999994,0.4565890244357077,0.4565890244357077,6.41450339134521,1.1839829440443927,0.07981526473954617,3.00000002997,15.533077177927517,24.947580599242727,9.41450342131521,0.06443909824940143,28.163520562707127,31.292800312593393,0.5629599129191244,25.606776834854305,5.147293568937376,0.008053083029950097,15.213960930742363,1000000.0,945533.0002374711,31.292800312615068,0.2124449705713726,17.29702336538579,1.9122296246316557,0.007008960328808484,19.084730223146295,1000000.0,945533.000238126,0.14994750110497237,1.4501,False
waspsm,ok,,0.2,1.9728908687670494,0.7875829902060858,3.9681637420576577,1.7678399999991914,0.44550580946604107,0.44550580946604107,5.6678775110521595,0.7922981385816514,0.0802224914682133,3.0000000263907447,16.27970303568192,24.947580573124824,8.667877537442905,0.06703509969638545,28.163520495510053,31.29280027420763,0.576965131172174,24.909612121321704,1.7064696721456714,0.005889099387599432,16.225538900795012,1000000.0,922581.1869909351,31.29280027528662,0.2004628499080493,17.279981284011864,-1.2519478755337194,0.006525973929425,19.832792689731807,1000000.0,922581.1870227462,0.09353107142857142,1.5110531772575253,False
wb13535sm,ok,,0.21,1.8641779989619158,0.8567571815679886,3.64777597764669,1.7678399999999979,0.48463502441849354,0.48463502441849354,6.470058716888606,1.185143948313568,0.10623806190386029,3.00000002997,14.125348440650182,23.595407187508787,9.470058746858605,0.05954445666380239,28.163520562707138,31.292800312565806,0.5016342524570178,23.52161336606893,0.9553531957427862,0.0069051346788984586,16.025060083865586,1000000.0,1003612.4044473147,31.292800312615082,0.20133180166962175,17.12338473368418,-1.8265554729974949,0.007147612571818361,18.174483112320193,1000000.0,1003612.404448895,0.1355,1.1832,False
wb140,ok,,0.2,1.9294564754652979,0.8401493817385979,3.719884027210276,1.7678399999999996,0.4752406223066556,0.4752406223066556,6.528613615933485,1.2594041684819746,0.07917258970583599,3.00000002997,15.418966953336882,24.947580599240364,9.528613645903484,0.06404233953031496,28.163520562707127,31.292800312591318,0.540865627581609,26.19374577128108,0.7571591655673118,0.010364974383626041,14.16673717202171,1000000.0,984157.891223202,31.292800312615068,0.20658113836190492,18.21766131559127,-2.128299396453915,0.010661433543277822,14.035052458108693,1000000.0,984157.8912239489,0.13925,1.353941806020067,False
whitcomb,ok,,0.2,1.9674985876122304,0.7555601424474099,4.136346122595435,1.7678399999999994,0.42739169972814856,0.42739169972814856,5.77473602610464,0.8591906895934815,0.0809339441030254,3.00000002997,16.172844543179643,24.947580599254284,8.77473605607464,0.06666355518357506,28.163520562707127,31.292800312604548,0.6014185993775402,26.955452899319248,1.890995836481434,0.01170753600202346,14.106214465312187,1000000.0,885069.3610520546,31.292800312615068,0.2115351205201113,16.820939993067363,-1.723848364984358,0.007036079113612707,19.474473992608626,1000000.0,885069.361052352,0.1096,1.6174789297658863,False
ys900,failed,too few converged polar points,0.01,,,,,,,,,,,,,,,,,,,,,,,,,,,,,,,,,,
ys915,ok,,0.2,1.6326961053611446,0.8567571815317016,3.647775977801176,1.767839999999995,0.48463502439796813,0.48463502439796813,5.9841752342927785,0.9487944146425807,0.1062380616245902,3.00000002997,9.538089684722816,18.522264948985594,8.984175264262777,0.04359465974902847,28.16352056270713,31.292800312433315,0.3937801309437116,17.47259212369053,1.3870958458917622,0.004737416088784344,19.91620141961424,1000000.0,1003612.4044005601,31.29280031261507,0.19100200335571274,15.864246527126767,-0.4736623379546119,0.005924242758936148,20.18748274429514,1000000.0,1003612.4044063893,0.0909431223883159,0.7138,False
ys920,ok,,0.2,1.6023112451527184,0.856757181519196,3.6477759778544305,1.7678399999999974,0.48463502439089357,0.48463502439089357,5.987562147936667,0.9497293119291335,0.10623806151796167,3.00000002997,8.935955263448701,17.92351744135537,8.987562177906668,0.04150105172608729,28.163520562707127,31.29280031240842,0.38105086308732483,17.21889023184509,0.7747138770026701,0.005334458115065606,19.629047637901564,1000000.0,1003612.4043851113,31.292800312615068,0.1910740085534306,16.01421895602336,-1.0634933552582608,0.0064472695682594805,19.132077650283836,1000000.0,1003612.4043917388,0.09050190959305696,0.6584,False
ys930,ok,,0.2,1.7236441445002724,0.8567571815531082,3.647775977710018,1.7678399999999912,0.4846350244100781,0.4846350244100781,5.992157541478803,0.9513625161980074,0.10623806179480164,3.00000002997,11.340399931911946,20.33255750336075,8.992157571448804,0.04986125248983169,28.16352056270717,31.29280031249518,0.4322666357442831,19.798473712109445,0.2219043685873831,0.005832400796306155,18.04926955770799,1000000.0,1003612.4044276224,31.292800312615114,0.19117170581321868,16.599527476913053,-1.9957691161039992,0.006658735298317466,18.738303808102174,1000000.0,1003612.4044314689,0.09090531585712024,0.8813,False
zv15_35,ok,,0.2,1.941780264124041,0.7910018210500684,3.9510127314892456,1.7678399999999996,0.4474397123326028,0.4474397123326028,6.284394050634026,1.0989793053647485,0.08015010893343628,3.00000002997,15.66318651864127,24.9475805992453,9.284394080604025,0.06489148554026833,28.163520562707127,31.292800312595716,0.5744713988307567,26.133387263052256,5.571852025026282,0.00981033335626167,14.598251362132919,1000000.0,926586.0346733778,31.292800312615068,0.2137930302922975,17.796759680488794,2.327423182938446,0.009025942586483201,16.298333902080273,1000000.0,926586.0346739508,0.15648753445845848,1.5002,False
