airfoil,status,error,score,wing_area_m2,aspect_ratio,span_m,root_chord_m,mean_aero_chord_m,empty,wing,tail,sensor,container,total_M2,total_M3,M2_score,M3_score,velocity_mps_M2,CL_M2,drag_N_M2,alpha_deg_M2,CD_profile_M2,L_over_D_M2,Re_assumed_M2,Re_actual_M2,velocity_mps_M3,CL_M3,drag_N_M3,alpha_deg_M3,CD_profile_M3,L_over_D_M3,Re_assumed_M3,Re_actual_M3,t_over_c,CL_max_polar,Re_clamped,time_s
2032c,ok,,0.057526111787214805,0.7542110693878272,4.1437448911173975,1.7678399999999994,0.4266285802944992,0.4266285802944992,8.402720404283608,1.7375935126696032,0.08096514206439193,1.867411082732282,14.677449108672254,24.947580595688144,10.27013148701589,0.057526111787214805,9.583807695243102,31.2928003074882,0.6024943694722722,29.770598236483174,-0.9318469379811524,0.010261865807046758,14.607814887487066,1000000.0,883489.045637149,17.10712009059562,0.8299188164839809,14.084305615669031,1.0605445378089573,0.009350154124930381,12.180011841744305,1000000.0,482985.00146769336,0.0796,1.6221608695652174,False,0.59
a18,ok,,0.055277724594329516,0.801889917937225,3.8973657053070125,1.7678399999999987,0.4535986955478016,0.4535986955478016,9.049370257443023,2.1525846454953843,0.07992321241734078,1.8264075189940128,14.071802818974579,24.947580595411615,10.875777776437037,0.055277724594329516,10.50066453282921,31.292800307266162,0.5666712007928917,27.810602407685092,-0.34906300631898557,0.0062806979888021496,15.998028367580831,1000000.0,939340.4406997403,19.16451544653625,0.6586522870184321,14.074303311851677,0.5450493328322662,0.00537826982968539,14.719549383670145,1000000.0,575276.2363413763,0.07345,1.4662521739130434,False,0.31
a18sm,ok,,0.05593665979363652,0.7797052907391131,4.008255815011136,1.7678399999999996,0.44104969382925674,0.44104969382925674,8.859856480091942,2.0338840198553854,0.08039220372514025,1.848205885678504,14.239518229722785,24.947580595493232,10.708062365770445,0.05593665979363652,10.661084902079212,31.292800307333664,0.5827944584934635,27.674767184926615,0.7780928809293934,0.005056015544519695,16.63902477417014,1000000.0,913353.1860637671,19.227808951896733,0.6625629273322524,14.095349510396408,1.5197384326546701,0.005207945336125658,15.077711235687435,1000000.0,561208.3416876114,0.07282035714285715,1.5364234113712374,False,0.33
a63a108c,ok,,0.05368406395042566,0.8188165750637707,3.816798976445483,1.7678399999999987,0.4631734631322808,0.4631734631322808,9.507716766693624,2.452148166640321,0.07958247251290045,1.8230685637204136,13.61679526477309,24.947580595187127,11.330785330414038,0.05368406395042566,11.531360418185187,31.29280030709788,0.5549569177524649,28.815459932371724,4.89828598168581,0.008971213981697495,14.795129397985942,1000000.0,959168.4659748147,21.08415932650141,0.5552225870284201,15.446214238718486,4.900611858564156,0.008973548529545692,14.790514887487847,1000000.0,646259.2212618911,0.07735,1.4152695652173912,False,0.33
ag03,ok,,0.05641075743881625,0.8326267077578544,3.7534926954431556,1.767839999999997,0.47098533111472524,0.47098533111472524,8.723503109287465,1.9243347225574008,0.07931472978152744,1.8566837185999912,14.367393767672812,24.947580595560268,10.580186827887456,0.05641075743881625,11.010270114576823,31.29280030737702,0.5457522782619904,27.43695864290552,3.1487250013737342,0.006253682442267573,15.9025399770503,1000000.0,975345.7689283927,19.766910225074085,0.5800584221610889,13.752383779629614,3.4647304228140974,0.006538989846855157,15.167663690437086,1000000.0,616102.4920568834,0.06236584658633721,1.3752093645484949,False,0.33
ag04,ok,,0.05589279758239451,0.85675715540945,3.647776089000982,1.7678399999952172,0.4846350096229115,0.4846350096229115,8.862174559660941,1.9804353607578962,0.10623796631567896,1.8469483960456867,14.228160841532192,24.93728379723882,10.709122955706627,0.05589279758239451,11.406924357053446,31.29279999327367,0.5301623427590101,28.172297164158064,3.14475218392145,0.0062408032264377805,15.829177165143534,1000000.0,1003612.3635674694,20.58697539768058,0.5260383314024691,14.458433036691229,3.10714427514269,0.006207485874622557,15.922660464247109,1000000.0,660258.6870466263,0.06422892855279998,1.3073591973244147,False,0.32
ag08,ok,,0.05328472583718646,0.8567571803063139,3.647775982992254,1.7678399999936465,0.4846350237065532,0.4846350237065532,8.593546125795289,1.8013498626064361,0.1062380560831098,1.8308496360165945,13.494162118448708,23.918557880260593,10.424395761811883,0.05328472583718646,11.419199764823803,31.292800306984837,0.5085043809017672,26.9410102366609,2.895271742659053,0.006111350565538895,16.307526805827376,1000000.0,1003612.4027939932,20.790346988240785,0.5020835361137606,14.135372414584397,2.8367828073910344,0.006062006650652742,16.45975462512056,1000000.0,666781.1730205506,0.05828949218493054,1.2131,False,0.32
ag09,ok,,0.053735424986476946,0.8567571807976693,3.64777598092635,1.7678399999999752,0.48463502398275937,0.48463502398275937,8.146685108195554,1.5034425116238646,0.10623805991232121,1.8327539937986275,13.621881581545209,23.60132068353939,9.979439101994181,0.053735424986476946,11.37977991768382,31.292800307103512,0.5017599729803027,26.783502635838754,2.9734809272503395,0.006228602773075012,16.376613703887106,1000000.0,1003612.4033697844,20.69704927882457,0.4849956347056444,13.734858952701298,2.8218126154063667,0.006099859904841963,16.778270970389837,1000000.0,663788.9599374958,0.0486233395661265,1.1837471571906353,False,0.32
ag10,ok,,0.05599427680102819,0.8567571808340313,3.6477759807707377,1.7678399999997825,0.4846350240033808,0.4846350240033808,8.0486022699093,1.4380539525574496,0.10623806012201913,1.8201140263288644,14.284181091394663,24.152897387632827,9.868716296238164,0.05599427680102819,11.199251680763007,31.292800307331362,0.5134863977496187,26.993075888293408,3.2098126016048956,0.0067690652085287805,15.880907487165716,1000000.0,1003612.403419796,20.510164965418284,0.48839467698875877,13.25094457290281,2.9852063935096984,0.006583372123664207,16.438465410581856,1000000.0,657795.2677075502,0.04727162740815382,1.2347826086956524,False,0.33
ag11,ok,,0.0585826258121145,0.7697635054856663,4.060023946742165,1.7678399999999996,0.43542600319353925,0.43542600319353925,8.098860534748255,1.5298954115218173,0.08061114651761396,1.8615503196723426,14.987169741383052,24.94758059580365,9.960410854420598,0.0585826258121145,10.494663429266833,31.292800307586344,0.5903214681662602,28.6169165940896,3.3703743292768733,0.006775287085080013,15.897874460778203,1000000.0,901707.2971124266,18.791977343404163,0.6535537235424044,13.572228947125797,3.9458154104778607,0.007299701720287409,14.683909798575927,1000000.0,541493.9836372192,0.05812335113571157,1.5691822742474917,False,0.33
ag12,ok,,0.05586232412807097,0.8567571808134071,3.64777598085942,1.7678399999999936,0.4846350239916566,0.4846350239916566,8.580656891397297,1.7927570336389014,0.10623806002733766,1.838417624716302,14.227927100429179,24.647001616542777,10.419074516113598,0.05586232412807097,11.2356247923789,31.29280030732605,0.5239909677336011,27.82987219049132,2.7697732124691945,0.00596519475223633,16.080070576571096,1000000.0,1003612.4033953465,20.371912310752826,0.5226538003409311,14.101382674472998,2.7576620757868855,0.005955015566276366,16.111158376309096,1000000.0,653361.2740042101,0.06235503237490464,1.2805003344481605,False,0.33
ag13,ok,,0.05575255259908791,0.8567571807852844,3.6477759809730683,1.7678399999985184,0.48463502397615305,0.48463502397615305,8.400013453310223,1.6723280754728558,0.10623805985527959,1.8372513603102134,14.197522404404754,24.43478721802519,10.237264813620436,0.05575255259908791,11.299805858586883,31.292800307289568,0.5194793265477124,27.579818888194826,2.6255421193484714,0.005876425641926242,16.212885315695598,1000000.0,1003612.4033620707,20.50128814288273,0.5070726692743819,13.923958027749316,2.51269673968457,0.005775949200185613,16.513899443026375,1000000.0,657510.5731366549,0.05833934249936804,1.2608648829431441,False,0.33
ag14,ok,,0.056832629660665566,0.8567571808679425,3.6477759806272245,1.767839999999993,0.48463502402250536,0.48463502402250536,8.180259128422401,1.5258251912531549,0.1062380604104553,1.841411152581804,14.503999354661406,24.525669635665608,10.021670281004205,0.056832629660665566,11.182604429330366,31.292800307421448,0.521411470885978,27.816324232342367,2.5576827462966403,0.005892483783523965,16.166698028615446,1000000.0,1003612.4034622895,20.24281651900767,0.5091512302524428,13.704566239850216,2.4459844019368497,0.00579680091878546,16.460625469883883,1000000.0,649220.9562552081,0.05369695874003098,1.2692739130434783,False,0.32
ag16,ok,,0.05353178270226719,0.8567571806201454,3.647775981679908,1.7678399999994234,0.4846350238824921,0.4846350238824921,9.043162768619984,2.1010942868472595,0.10623805843079948,1.8314758864872542,13.56459092737405,24.43922958248129,10.874638655107239,0.05353178270226719,11.356981366177891,31.292800307065804,0.5195737705512494,26.991324118683156,2.5983556373231576,0.005733481804374571,16.283643028792465,1000000.0,1003612.4031609352,20.669998897192556,0.5298860582306935,14.3184503965374,2.691489652010723,0.005809481192174363,16.041106546315724,1000000.0,662921.4088539474,0.07113552915255875,1.2612759197324415,False,0.29
ag17,ok,,0.05584537641983565,0.8567571807987253,3.647775980921925,1.7678399999999925,0.48463502398335195,0.48463502398335195,8.745546811272124,1.902683647004265,0.10623805991383699,1.8343060132584825,14.227164447756504,24.807017272287112,10.579852824530606,0.05584537641983565,11.198728864732397,31.29280030732373,0.5273928727537389,27.883413481402034,2.579035578279461,0.005791330219290776,16.09903612816607,1000000.0,1003612.4033780743,20.350528181207245,0.5318348840983652,14.221941491632597,2.6193846076010256,0.005826965090240775,15.994500042372774,1000000.0,652675.4492206507,0.06488084486268997,1.2953060200668898,False,0.26
ag18,ok,,0.05682065594198743,0.8567571810982584,3.647775979635492,1.7678399999972967,0.4846350241535255,0.4846350241535255,8.448155749747778,1.704422936932044,0.10623806280889991,1.8422258209134612,14.499740971964584,24.790122542625824,10.29038157066124,0.05682065594198743,11.129924504316403,31.292800307289372,0.5270336935559449,28.014979996482083,2.4867828403201524,0.005788556541509129,16.107490848164,1000000.0,1003612.4037293782,20.138545408795522,0.5282309531094302,13.938919962404562,2.4977064412700054,0.005798930818864504,16.078787536357943,1000000.0,645876.8076638533,0.05866731461245367,1.2937428093645484,False,0.24
ag19,ok,,0.055114625848308105,0.8567571808249419,3.647775980810282,1.7678399999999872,0.48463502399818315,0.48463502399818315,8.23271141031127,1.5607933794956923,0.10623806010805475,1.8396299696590903,14.01167217538599,24.08401355535635,10.07234137997036,0.055114625848308105,11.182225843813079,31.292800307249607,0.5120219394639003,27.162229731406143,2.286314330556144,0.005657507588954025,16.476231557653495,1000000.0,1003612.4034064104,20.261730217925844,0.5107706627144493,13.689366310868882,2.2748791171142386,0.005646367552451405,16.507798801698453,1000000.0,649827.550156125,0.05402066943051563,1.2284090301003343,False,0.21
ag23,ok,,0.05303716744631369,0.8173547283923498,3.823625357556872,1.7678399999999996,0.46234655194607543,0.46234655194607543,9.693768141950505,2.576706451925268,0.07961134413361459,1.8315964530067776,13.422216000128712,24.947580595085995,11.525364594957283,0.05303716744631369,11.289337626788898,31.292800307027832,0.5559494634551473,27.491934623818786,2.390098938874694,0.0055284427791073894,16.295043825909627,1000000.0,957456.0467666871,20.545533029862455,0.5958206978339718,15.080776170025453,2.744604347218918,0.005775285496313353,15.430858585440326,1000000.0,628625.2633347303,0.08897400463574368,1.4195892976588629,False,0.2
ag24,ok,,0.053936507050744285,0.817856097644248,3.8212813655140425,1.7678399999999994,0.46263015750534453,0.46263015750534453,9.435112593238951,2.4040898142472114,0.0796014306478835,1.8343733337918127,13.67809466818989,24.947580595220657,11.269485927030765,0.053936507050744285,11.245540495591234,31.29280030712621,0.5556086504835339,27.60814323963385,2.3900844561291663,0.005540829080547454,16.28750816348293,1000000.0,958043.3548321814,20.434845129273114,0.5885601133749654,14.830923055542382,2.6847040244581737,0.005751835616010948,15.56499102826602,1000000.0,625622.1044770658,0.08414066448321955,1.4181060200668896,False,0.2
ag25,ok,,0.05490386816650189,0.8330589628327731,3.7515450946865876,1.7678399999999963,0.47122984140690044,0.47122984140690044,9.156893643528628,2.2131035434793405,0.07930648996640288,1.8537309843310754,13.936955967533327,24.94758059539303,11.010624627859704,0.05490386816650189,11.019753338104135,31.292800307219984,0.5454690999980409,27.55390759909646,2.175789123152325,0.005398981860613685,16.307340948454687,1000000.0,975852.1160710132,19.81544864788934,0.6003917469539687,14.441052982527765,2.6719758582468516,0.005796994487864515,15.092653035787151,1000000.0,617935.9886011167,0.07581896265030844,1.3739769230769232,False,0.2
ag26,ok,,0.056340552408338476,0.8283902029187795,3.772688588768794,1.7678399999998715,0.4685889010989907,0.4685889010989907,8.743694503907191,1.939341136973163,0.07939589084595847,1.8624050729348118,14.341481018930942,24.947580595772948,10.606099576842002,0.056340552408338476,10.976500812649046,31.29280030730342,0.5485433327227576,27.73366336887506,2.1840909901490693,0.005381294334236104,16.33070055151144,1000000.0,970383.092337335,19.64574547926189,0.5916842890000162,14.039150956630838,2.5767605736044104,0.005733615896712089,15.347105885955102,1000000.0,609210.395433644,0.06843191505189189,1.3873565217391304,False,0.2
ag27,ok,,0.057884047697588,0.8182538997089401,3.819423612538235,1.7678399999999488,0.4628551790371096,0.4628551790371096,8.299775856066354,1.647056059289977,0.07959356631734774,1.864524650116878,14.783280089599982,24.947580595783215,10.164300506183231,0.057884047697588,10.502544311516496,31.292800307504823,0.5553385359506079,28.07880203567147,2.2379954504235737,0.005482575136275319,16.31409236879384,1000000.0,958509.3434519663,18.776089142180993,0.6284713053287383,13.626277944409678,2.9065659021567893,0.0061042857750246956,14.725546744045213,1000000.0,575118.1325869177,0.06113226341409845,1.4169304347826086,False,0.2
ag35,ok,,0.05306684233432653,0.8069480016825967,3.87293637146794,1.767839999999972,0.456459861572659,0.456459861572659,9.685233196039855,2.5747149871831696,0.07981950351330677,1.8275330875364406,13.434814150458545,24.94758043403484,11.512766283576296,0.05306684233432653,10.984790165300534,31.292800089095685,0.5631192160286098,27.343883109803905,1.271955627032449,0.005914813976100313,16.147818647401966,1000000.0,945265.5149817688,20.035734218649726,0.6339133988340078,14.894592084447304,1.9091232091136814,0.006232903235796188,14.766343439077286,1000000.0,605221.9223050388,0.08722612124722226,1.4507933110367894,False,0.2
ag36,ok,,0.053313204853561134,0.8238522151722402,3.793469518008841,1.767839999999987,0.4660219336434554,0.4660219336434554,9.614378102371928,2.521442220641119,0.07948377196199238,1.8329183459696634,13.500284147087207,24.947580595428796,11.447296448341591,0.053313204853561134,11.133211001820197,31.29280030700176,0.5515648490540824,27.24420243572298,1.393917336967055,0.005870656502582765,16.11140210081163,1000000.0,965067.2561834077,20.246784817775442,0.6045716797886145,14.751955659762345,1.8711039897003063,0.006115714731384949,15.041667902551302,1000000.0,624409.0934314517,0.08174253961069017,1.4005066889632107,False,0.2
ag37,ok,,0.05514342794816454,0.7871856189265736,3.970166871012812,1.7678399999999996,0.44528103161291394,0.44528103161291394,9.087994790968995,2.1834278744557505,0.08023111399975869,1.8324591446995724,14.027126659721011,24.947580595389578,10.920453935668569,0.05514342794816454,11.017021993203565,31.292800307253195,0.5772563824538374,27.21515158714589,1.8031566295443373,0.006201703186385112,16.085544546017232,1000000.0,922115.703981908,20.040504995833132,0.6161018824438207,14.083263574729882,2.155022681990045,0.006464011423932164,15.296015654598277,1000000.0,590540.449909889,0.0773968750059376,1.5123207357859532,False,0.21
ag38,ok,,0.05582898165016873,0.7910219258457677,3.9509123116384472,1.7678399999999996,0.4474510848525703,0.4474510848525703,8.890825370095133,2.0506634464227864,0.08014968007578843,1.8404480126287799,14.2163072127557,24.94758059547961,10.731273382723913,0.05582898165016873,10.953686936675778,31.292800307322814,0.5744567980400734,28.11160816314913,2.044474459692151,0.006288853261477972,16.032916265894237,1000000.0,926609.585440172,19.838805300872046,0.6148058968710491,14.395863581531447,2.4148604041849215,0.006715599064294511,15.16086507655173,1000000.0,587445.8972969439,0.07039610803973541,1.5001364548494982,False,0.2
ag44ct02r,ok,,0.05569731274929681,0.8185323136570619,3.8181244814108073,1.7678399999999597,0.4630126672419906,0.4630126672419906,8.928693956715618,2.066234605545427,0.07958793371135342,1.8004071587792705,14.21847936872955,24.94758048422444,10.729101115494888,0.05569731274929681,10.716783757637504,31.292800150799703,0.5551496472769327,27.92155396353523,3.2228794853526948,0.006223739936260788,15.965481378428136,1000000.0,958835.4750375446,19.841407734503424,0.5938665493059314,14.23941825117504,3.5787348799547614,0.006501358054978777,15.161138160721874,1000000.0,607956.0000654021,0.07288244929396161,1.4161083612040135,False,0.2
ag455ct02r,ok,,0.05723479484061522,0.8170194314616213,3.825194536694204,1.7678399999999994,0.46215688719659104,0.46215688719659104,8.486504932737965,1.7719843540288012,0.07961798068977555,1.8185415945778662,14.642534068335186,24.94758059565102,10.305046527315831,0.05723479484061522,11.024103339944965,31.292800307460553,0.5561776197746698,28.303897335540377,3.3973115971106487,0.006375001899163045,15.901695543968764,1000000.0,957063.277199424,20.20685765050091,0.5509679355531727,14.0071805923666,3.350004849576572,0.006334562235569072,16.01545908189743,1000000.0,618009.2933479004,0.0647310605166749,1.4205822742474916,False,0.21
ag45c03,ok,,0.05702725292492598,0.808291392288044,3.866499501810977,1.76783999999995,0.45721976665765396,0.45721976665765396,8.546195073517712,1.8148819965409797,0.079792411985414,1.8181316186752323,14.583253801542055,24.947580493735,10.364326692192945,0.05702725292492598,11.064213972259433,31.292800161361868,0.5621833034638418,26.964964535085084,4.2725778102766965,0.006167162226266856,16.02712375032015,1000000.0,946839.1759541043,20.284952344504973,0.5558165501512378,13.276394894127169,4.215271641025253,0.006123638167010748,16.165744637790556,1000000.0,613770.179181801,0.06928139148981188,1.446720066889632,False,0.21
ag45ct02r,ok,,0.05636202994749386,0.8241740759452372,3.791988072441683,1.7678399999999959,0.46620399806839935,0.46620399806839935,8.737517432624458,1.9367520946216261,0.07947753861596303,1.803644022593583,14.406419140335158,24.947580595553198,10.54116145521804,0.05636202994749386,11.010143412284583,31.29280030737377,0.5513494490583988,28.120891091498077,3.357490577941052,0.006235958976683139,15.94017628609478,1000000.0,965444.2865497775,20.3479608953958,0.5509777290354317,14.20289973313143,3.3541026892533394,0.006233290840694804,15.948281322661018,1000000.0,627774.5167078929,0.06894343319610685,1.399569230769231,False,0.2
ag46c03,ok,,0.057540370005512695,0.8325806348787531,3.7537004041117137,1.7678399999999894,0.4709592694354456,0.4709592694354456,8.398619653852995,1.7077626082720903,0.07931560706429243,1.8360524756660987,14.712908466181196,24.947580595700288,10.234672129519094,0.057540370005512695,10.85940540333326,31.29280030748609,0.5457824787939378,28.19134063680995,4.404221026084378,0.006466651287020688,15.804626843632597,1000000.0,975291.7987825383,19.71513259607607,0.5640979771994216,13.755864791061295,4.571030189955237,0.006638224674899806,15.404102754588989,1000000.0,614454.6650963487,0.06024662136272416,1.3753408026755851,False,0.2
ag46ct02r,ok,,0.057368444715190196,0.8330129594934734,3.7517522746589127,1.7678399999999976,0.4712038190636452,0.4712038190636452,8.448066414657427,1.740568899435999,0.07930736969628596,1.8417028945759717,14.65781128643582,24.947580595669216,10.2897693092334,0.057368444715190196,11.040938245601833,31.292800307472447,0.5454992236570236,28.117960533137257,3.430906685019147,0.006460636041703598,15.805844560750174,1000000.0,975798.2273891225,19.983205539682277,0.5517341774057221,13.814499211254965,3.4879634713499827,0.0065180168668984755,15.667678199927003,1000000.0,623133.0002933017,0.06083293485389402,1.374108026755853,False,0.2
ag47c03,ok,,0.05739084717491028,0.8567571808836658,3.647775980560286,1.7678399999999945,0.484635024031399,0.484635024031399,8.121207313725085,1.4864573146746474,0.10623806051907089,1.8406351480059993,14.665322116892707,24.62716457862379,9.961842461731084,0.05739084717491028,11.19684184084037,31.29280030747507,0.5235692357096011,28.42142475509972,4.552736322583309,0.0070311249900807775,15.578033832862939,1000000.0,1003612.4034824268,20.277134323207502,0.5044000001011835,13.824192787601755,4.377515476987388,0.006827730480641019,16.014993995950213,1000000.0,650321.5856009248,0.05059264283555285,1.2786648829431437,False,0.21
ag47ct02r,ok,,0.057418247027877574,0.8567571808925547,3.6477759805143286,1.767839999998029,0.48463502403696596,0.48463502403696596,8.134667671651606,1.4954308868529367,0.10623806074848005,1.8392718965196677,14.674565733029588,24.648505301200863,9.973939568171273,0.057418247027877574,11.254265464616788,31.29280030743545,0.5240229357555777,28.429062199658333,3.611571732154807,0.007041840388366896,15.565228518365132,1000000.0,1003612.4034926845,20.396233034591003,0.49913194564656305,13.860160045492322,3.383435530881856,0.006803100086667829,16.12273103054171,1000000.0,654141.2803244372,0.04991365017618022,1.2806394648829433,False,0.2
ag52,ok,,0.05273613398717874,0.8346136210404183,3.744556986386215,1.7678399999999985,0.47210925255702946,0.47210925255702946,9.780347198608155,2.6281694714430133,0.07927693639141756,1.8133318846937734,13.353901511756087,24.947580595058014,11.593679083301929,0.05273613398717874,11.418851115439084,31.292800306989573,0.5444530394029802,27.01503153757594,2.900444357837765,0.005801395427092731,16.10833495061383,1000000.0,977673.2554661657,20.99055190765119,0.5623340857852576,14.856056075084476,3.0744759239011734,0.005948946784645876,15.70052997482516,1000000.0,655802.6452174397,0.08350729115371155,1.3695548494983276,False,0.2
ag53,ok,,0.05329870136642246,0.8350268416125961,3.742703958550952,1.7678399999999328,0.47234299575336447,0.47234299575336447,9.618549022321767,2.5201517509645113,0.07926899582430959,1.8095652342960022,13.519466115761485,24.947580372379257,11.42811425661777,0.05329870136642246,11.352100721604623,31.29280000435273,0.5441836175467984,26.332875936628625,2.931316129421474,0.005845710323967373,16.085867032837214,1000000.0,978157.295980866,20.911285772686483,0.558237466830397,14.186349476395518,3.0652856235542156,0.0059563160248498346,15.767367728375453,1000000.0,653649.6172937226,0.08077419359962494,1.3683822742474916,False,0.2
ag54,ok,,0.05387969915715929,0.8530811961168876,3.663494494809308,1.7678399999998748,0.4825556589493099,0.4825556589493099,9.45145078842761,2.4020430522241685,0.07893411754747613,1.8193304400626713,13.67679930646833,24.94758053495861,11.270781228490282,0.05387969915715929,11.369133206785074,31.29280022471342,0.5326666747096294,27.702480294571828,2.8627917390402757,0.005811055245449967,16.042719346495147,1000000.0,999306.3220703923,20.83025153362361,0.5431014222967353,14.892599022718292,2.9594561806890907,0.005884259713946576,15.806243584177047,1000000.0,665194.6102102848,0.0753248999254249,1.3182585284280934,False,0.2
ag55,ok,,0.056853452882658355,0.8159387344665886,3.830260941886884,1.7678399999999965,0.4615455779180187,0.4615455779180187,8.596181202872039,1.8454883827309745,0.07963940653560854,1.8197356214713976,14.531663771268748,24.947580595612184,10.415916824343437,0.056853452882658355,10.846745406715291,31.292800307422397,0.5569142675857333,28.19220834315933,3.097564487651366,0.00611479936410301,16.02461575062738,1000000.0,955797.3398558947,19.86872026671079,0.5767750689602711,14.040779724066367,3.2798134871632754,0.006285149339061657,15.58721010588157,1000000.0,606863.8725425506,0.06565847036159636,1.4237882943143811,False,0.2
ah21-7,ok,,0.05222023914880171,0.7920472398432714,3.945797811527527,1.7678399999999996,0.44803106607117815,0.44803106607117815,9.928721696763073,2.742240749211948,0.08012804974798503,1.8311382725531415,13.187720625640496,24.94758059495671,11.759859969316215,0.05222023914880171,11.194880462083756,31.292800306935533,0.5737131573017,27.16588212605564,2.153386044951546,0.005013979304580828,16.621309996820923,1000000.0,927810.6466725444,20.3787276833639,0.637680666578586,15.361302558364619,2.742295618926689,0.006106443293982629,14.984889699367134,1000000.0,604215.6766032531,0.08976669058288961,1.4969,False,0.2
ah21-9,ok,,0.05249839121744977,0.8567571805689479,3.647775981900267,1.7678399999999996,0.48463502385337365,0.48463502385337365,9.62550821473732,2.4893245844842333,0.10623805816046042,1.8618352166702687,13.237021910917118,24.724365342324706,11.487343431407588,0.05249839121744977,11.696537504601078,31.29280030696902,0.525635707250513,26.893846235995703,2.126213723441746,0.005174441526712793,16.44513580827406,1000000.0,1003612.403097531,20.940874895683702,0.5453540284381413,14.965031943303446,2.394961655414283,0.005777890455918505,15.755306895655105,1000000.0,671608.8547799739,0.06999736928370706,1.2876585284280937,False,0.21
ah63k127,ok,,0.04476076227609625,0.8506076355373783,3.674147909130385,1.7678399999999996,0.48115645959893344,0.48115645959893344,12.074112652660004,4.151413498897618,0.07897913999228565,1.8022557143792306,11.07121220393272,24.947580570971954,13.876368367039234,0.04476076227609625,11.251805059439548,31.292800280477184,0.5342156642490887,27.145237556431237,0.6659677027066794,0.0064863637551292146,15.731667686732738,1000000.0,996408.7746602418,20.81059672362702,0.6718677489498532,17.63833398553752,1.8862631396918146,0.006360334153694489,13.487741222666,1000000.0,662640.0001112793,0.12701847771500313,1.325,False,0.21
ah6407,ok,,0.05781876570138092,0.7510900301768297,4.160963586301655,1.7678399999999999,0.42486312685357824,0.42486312685357824,8.318551355806877,1.6824940288321402,0.08103804784926616,1.8660667271582365,14.762962512754441,24.947580595719558,10.184618082965113,0.05781876570138092,9.91538820098844,31.292800307515773,0.6049979422475381,28.736356988119493,-0.7779838104866001,0.007119469680148034,15.824796677602581,1000000.0,879833.0346539451,17.711742845137902,0.7709682126302313,13.74819473580753,0.6925416175267303,0.00703108392211237,13.395610355700407,1000000.0,497986.000080192,0.06851859978353686,1.633056856187291,False,0.2
ah7476,failed,too few converged polar points,,,,,,,,,,,,,,,,,,,,,,,,,,,,,,,,,,,0.01
ah79100a,ok,,0.05295601784602053,0.7896753782583286,3.9576493729523685,1.7678399999999996,0.44668939398267304,0.44668939398267304,9.717107261331416,2.6019815768156263,0.08017817365636078,1.8399692138734205,13.390504119869272,24.947580595074108,11.557076475204836,0.05295601784602053,10.829773193151343,31.292800307018787,0.5754363567780493,27.64474516868464,0.8264658364024001,0.005769648086660482,16.27318955429938,1000000.0,925032.2285198218,19.61948260056843,0.6781575601435268,15.135140333583701,1.7883152430164693,0.006099608549040062,14.368160917795686,1000000.0,579962.5963272788,0.0999843154362416,1.5043996655518395,False,0.2
ah79100b,ok,,0.05545575641479645,0.7146900265405884,4.372886355680115,1.7678399999999996,0.4042730261452329,0.4042730261452329,8.998167221361033,2.1470086092399403,0.08192873487323946,1.8625182190840217,14.086895154987651,24.947580595432704,10.860685440445055,0.05545575641479645,9.684771479957275,31.292800307285155,0.6358111990181656,28.69923248166338,-2.37984379338155,0.007969337972315258,15.635179211529064,1000000.0,837193.7712120074,17.332754798894808,0.9022162503760255,14.571162315038716,-0.1123557217294671,0.006530896899327441,12.467321775709886,1000000.0,463712.87366703147,0.10035599608099281,1.7671615384615387,False,0.2
ah79100c,ok,,0.052933199801077475,0.7469280015318774,4.184149287736428,1.7678399999999996,0.4225088251945185,0.4225088251945185,9.723669870058007,2.62058290646391,0.08113610562531974,1.853181120622879,13.37072960439084,24.947580595071727,11.576850990680885,0.052933199801077475,9.876962987436173,31.292800307016243,0.6083691088972221,28.338047103168083,-2.7398971750891468,0.007398091543812922,15.727044471297642,1000000.0,874957.6000770365,17.76578100852584,0.8758896807922375,15.496052487545912,-0.2398681375431142,0.0066413676324008925,12.251958686106294,1000000.0,496737.4272103329,0.09942299804049641,1.647728762541806,False,0.2
ah79k132,failed,Maximum_Iterations_Exceeded,,,,,,,,,,,,,,,,,,,,,,,,,,,,,,,,,,,1.24
ah79k135,failed,Maximum_Iterations_Exceeded,,,,,,,,,,,,,,,,,,,,,,,,,,,,,,,,,,,1.35
ah79k143,failed,Maximum_Iterations_Exceeded,,,,,,,,,,,,,,,,,,,,,,,,,,,,,,,,,,,1.32
ah80129,failed,Maximum_Iterations_Exceeded,,,,,,,,,,,,,,,,,,,,,,,,,,,,,,,,,,,1.36
ah80136,ok,,0.04481267982229665,0.8522938930715679,3.666878633069637,1.7678399999999632,0.48211031149401845,0.48211031149401845,12.059180246907104,4.140824674054371,0.07894816988285643,1.7970274007819085,11.091372517013376,24.947580164702387,13.856207647689013,0.04481267982229665,11.66856888195198,31.29279980238707,0.5331587297623221,26.824332913277374,3.1896278321012876,0.006231050302131675,15.845034840123684,1000000.0,998384.0553404003,21.64420508534417,0.6189820334979483,17.398475292079226,3.974179849278587,0.006278670046832267,14.317299190743965,1000000.0,690549.5636116535,0.1354874704567231,1.3204,False,0.21
ah80140,ok,,0.04737183895944498,0.7886646065771782,3.962721592342896,1.7678399999999996,0.44611763880055794,0.44611763880055794,11.32315112582427,3.673024820271418,0.08019962563207438,1.8130158898323279,11.81141357833733,24.947580593993926,13.136167015656596,0.04737183895944498,11.35660850879843,31.292800306322214,0.576173849965191,27.280422988066057,1.9850720381981448,0.006703924643047984,15.858050677552605,1000000.0,923848.2022443148,20.879773811301632,0.6814453734774593,16.827223717511178,2.6035673318087587,0.006853809062592093,14.108836040960764,1000000.0,616427.4628672894,0.13960680600914435,1.507609364548495,False,0.21
ah81131,failed,Infeasible_Problem_Detected,,,,,,,,,,,,,,,,,,,,,,,,,,,,,,,,,,,0.92
ah81k144,failed,Maximum_Iterations_Exceeded,,,,,,,,,,,,,,,,,,,,,,,,,,,,,,,,,,,1.26
ah81k144wfKlappe,failed,airfoil 'ah81k144wfKlappe' not found in the aerosandbox UIUC database,,,,,,,,,,,,,,,,,,,,,,,,,,,,,,,,,,,0.0
ah82150a,failed,Maximum_Iterations_Exceeded,,,,,,,,,,,,,,,,,,,,,,,,,,,,,,,,,,,1.27
ah82150f,failed,Maximum_Iterations_Exceeded,,,,,,,,,,,,,,,,,,,,,,,,,,,,,,,,,,,1.38
ah83150q,ok,,0.04014608581221546,0.7532741948546935,4.148898617450819,1.7678399999983079,0.4260986259250919,0.4260986259250919,11.546259999290166,3.8335912731551365,0.08098701955561197,1.6850420836019642,9.861216761462455,23.092518844354586,13.23130208289213,0.04014608581221546,10.726596027261294,31.292800305129774,0.5583874866678439,24.75184767395055,1.4089148915175125,0.007633975888700668,16.320707804691,1000000.0,882391.5830430874,21.219244574853597,0.6958185062434991,16.45327295356282,2.583255306799277,0.007617402855924814,14.232190932945405,1000000.0,598338.3599042803,0.15002846202134337,1.4302,False,0.2
ah83159,failed,Infeasible_Problem_Detected,,,,,,,,,,,,,,,,,,,,,,,,,,,,,,,,,,,0.64
ah85l120,failed,Maximum_Iterations_Exceeded,,,,,,,,,,,,,,,,,,,,,,,,,,,,,,,,,,,1.31
ah88k130,ok,,0.044218414292321304,0.8416502516667524,3.713250556761468,1.7678399999999994,0.4760896074682962,0.4760896074682962,12.230095269292118,4.258740617668454,0.07914453366909215,1.7861439629970977,10.931341360823524,24.94758059311274,14.016239232289216,0.044218414292321304,10.953299119399112,31.292800305849596,0.5399011309039831,27.06285910456883,-0.12087344594255406,0.0064770447390335535,15.767665238550588,1000000.0,985916.0223807633,20.441239799841956,0.7108724701577939,17.861131805353367,1.4094528426394348,0.0063830737217205925,13.039849495737647,1000000.0,644025.0038033267,0.12996445945945945,1.3497441471571907,False,0.2
ah88k136,failed,Infeasible_Problem_Detected,,,,,,,,,,,,,,,,,,,,,,,,,,,,,,,,,,,0.89
ah93156,failed,Infeasible_Problem_Detected,,,,,,,,,,,,,,,,,,,,,,,,,,,,,,,,,,,1.0
ah93157,failed,Maximum_Iterations_Exceeded,,,,,,,,,,,,,,,,,,,,,,,,,,,,,,,,,,,1.3
ah93k130,ok,,0.041184372098350526,0.8033672962994113,3.8901985178618697,1.7678399999328749,0.4544343924393131,0.4544343924393131,11.844877490214905,4.015738234204809,0.07989290061527288,1.8090532432200805,10.035823063109591,23.68975379654458,13.653930733434986,0.041184372098350526,11.52986652201679,31.29280030447271,0.5371107681979035,25.74540498704304,1.8833625691482538,0.0066693060911157745,16.3269401684119,1000000.0,941071.0538076771,21.244752497341,0.6716554035371053,17.24006389554142,2.864317318393001,0.0063339163242143275,14.185624327369847,1000000.0,638895.2546921273,0.1305256731181721,1.3376,False,0.2
ah93k131,failed,Maximum_Iterations_Exceeded,,,,,,,,,,,,,,,,,,,,,,,,,,,,,,,,,,,1.27
ah93k132,failed,Maximum_Iterations_Exceeded,,,,,,,,,,,,,,,,,,,,,,,,,,,,,,,,,,,1.25
ah93w145,ok,,0.045857105075954065,0.7842127082077982,3.9852175728474393,1.7678399999999996,0.4435993688386949,0.4435993688386949,11.75879781780685,3.9649794843723263,0.08029476761650216,1.8076440462325507,11.381138729564054,24.947580593603455,13.5664418640394,0.045857105075954065,11.21251205630296,31.29280030610396,0.5794447322086395,27.21335196469166,1.0595555480640961,0.006922705338771259,15.780003227506953,1000000.0,918633.2118974942,20.676106153516628,0.7217734350067996,17.364909677402228,2.327988848567418,0.007171931361400662,13.51496576410928,1000000.0,606968.9391662916,0.1448191919514532,1.5218448160535116,False,0.2
ah93w174,failed,Maximum_Iterations_Exceeded,,,,,,,,,,,,,,,,,,,,,,,,,,,,,,,,,,,1.26
ah93w215,failed,Maximum_Iterations_Exceeded,,,,,,,,,,,,,,,,,,,,,,,,,,,,,,,,,,,1.29
ah93w257,failed,Maximum_Iterations_Exceeded,,,,,,,,,,,,,,,,,,,,,,,,,,,,,,,,,,,1.33
ah93w300,failed,Maximum_Iterations_Exceeded,,,,,,,,,,,,,,,,,,,,,,,,,,,,,,,,,,,1.47
ah93w480b,failed,Infeasible_Problem_Detected,,,,,,,,,,,,,,,,,,,,,,,,,,,,,,,,,,,0.65
ah94145,ok,,0.047658813246861324,0.7428957413145311,4.206859848287663,1.7678399999999996,0.4202279286103557,0.4202279286103557,11.240615572638754,3.6331726772234614,0.08123215343600974,1.8255581321218517,11.881406889303486,24.947580594064092,13.066173704760606,0.047658813246861324,10.708719645091724,31.29280030636199,0.6116711907634812,27.661452459635182,-0.5030168663373025,0.0074881881676292445,15.706875630050183,1000000.0,870234.1772986568,19.553325376068138,0.820513294655561,16.956747394172666,1.3011142027040536,0.00694585041793042,12.912029756266984,1000000.0,543766.3569736893,0.1456851370193597,1.6621,False,0.21
ah94156,failed,Maximum_Iterations_Exceeded,,,,,,,,,,,,,,,,,,,,,,,,,,,,,,,,,,,1.37
ah94w301,failed,Maximum_Iterations_Exceeded,,,,,,,,,,,,,,,,,,,,,,,,,,,,,,,,,,,1.32
ah95160,ok,,0.0451233447206251,0.7521918274936636,4.154868680258728,1.7678399999999996,0.4254863717834554,0.4254863717834554,11.9698317657243,4.116323866049282,0.0810122709728516,1.812646805736694,11.165102021933727,24.94758059339472,13.782478571460993,0.0451233447206251,10.88481289279366,31.292800305993048,0.6041117519391408,27.435938245415212,-0.3892612628829262,0.007569639912058493,15.636139598236763,1000000.0,881123.6890438214,20.01642544362058,0.815702863063565,17.777277871407435,1.4303133726196418,0.00720002647181511,12.777528950805968,1000000.0,563610.3658315243,0.1599531173149262,1.6292,False,0.2
ames01,ok,,0.05017954234461195,0.7874428640518486,3.9688698803094575,1.7678399999999992,0.44542654541805193,0.44542654541805193,10.515638528857435,3.1351022105606385,0.0802255844810953,1.8137288000797998,12.618213265680032,24.947580594617264,12.329367328937234,0.05017954234461195,11.533899191882327,31.292800306687646,0.5770678019293579,28.017765286843012,4.138785705621339,0.008199890006617389,15.23605569696247,1000000.0,922417.0430193127,21.19739766932973,0.6215312409625493,16.213907271378027,4.568397862840592,0.00839071606370127,14.516622829196024,1000000.0,624835.1277679973,0.10275,1.5115,False,0.2
ames02,ok,,0.0537815887418823,0.8160264497682217,3.829849224234919,1.7678399999999996,0.46159519513543185,0.46159519513543185,9.479668042579025,2.4344482601101993,0.0796376668384411,1.8227927434616389,13.645119809157423,24.947580595198087,11.302460786040664,0.0537815887418823,11.52192449277037,31.2928003071095,0.5568544044509722,28.817420391568287,4.913430237066133,0.008987438803713839,14.800811465059018,1000000.0,955900.0902716109,21.070094290020144,0.5564704829750726,15.412878901069593,4.910073007790453,0.008984080874371778,14.807463808458282,1000000.0,643627.4426129175,0.077352,1.4235277591973243,False,0.2
ames03,ok,,0.05067140000077482,0.7943058691815965,3.9345778331212244,1.7678399999999992,0.4493086869748376,0.4493086869748376,10.374177270722194,3.0384303254586786,0.08008058473443287,1.7958878750282241,12.777515448949982,24.9475805947004,12.170065145750419,0.05067140000077482,11.421537391985966,31.292800306749776,0.572081789061121,28.100795264596158,4.487535850973601,0.008282868869387297,15.173890577043958,1000000.0,930456.423637849,21.199425552122264,0.608083561706157,16.069126148154464,4.782506982283266,0.008470873119972487,14.579207405649395,1000000.0,630341.2123251192,0.0999798,1.4898,False,0.2
amsoil1,ok,,0.04907430949961742,0.7736124053412694,4.039824392709073,1.7678399999999996,0.43760317977943114,0.43760317977943114,10.833510227714429,3.3517074525950608,0.08052571667141369,1.766402331212102,12.347668035449525,24.947580594376056,12.599912558926532,0.04907430949961742,11.151846364170558,31.29280030655138,0.5873844829345826,27.043132940056474,3.2069617506583676,0.00667765397483433,15.925427849520103,1000000.0,906215.9300079176,21.044368294279785,0.6559619320534572,16.393893920828432,3.9841668136217523,0.008686234021768897,14.150278172690816,1000000.0,609429.057112453,0.11624,1.5564,False,0.2
amsoil2,ok,,0.04817414367551748,0.7871607837028812,3.9702921312955635,1.7678399999999996,0.44526698326934644,0.44526698326934644,11.092403402175353,3.519708790507226,0.0802316437643478,1.8046116909753667,12.050565501029967,24.947580594180685,12.89701509315072,0.04817414367551748,11.565325422926762,31.292800306432227,0.577274595115731,28.323616396547614,4.06560565839895,0.009501611863495133,14.731090173421272,1000000.0,922086.6117725603,21.36253740119178,0.6403632535675237,17.045929593096023,4.6515884049257945,0.009958334450570505,13.775000364624274,1000000.0,629477.3730135165,0.11761908272181454,1.5124,False,0.2
apex16_NASA_CR-201062,failed,airfoil 'apex16_NASA_CR-201062' not found in the aerosandbox UIUC database,,,,,,,,,,,,,,,,,,,,,,,,,,,,,,,,,,,0.0
apex16,ok,,0.04479231599642059,0.8414511969887134,3.714128967650537,1.7678399999999996,0.4759770097908824,0.4759770097908824,12.065036887727768,4.148774175423356,0.07914780303254913,1.9214720254466622,10.961071167878899,24.947580081053328,13.98650891317443,0.04479231599642059,12.080712150748994,31.292799714938837,0.5400288597852014,26.1120945268678,1.2956046370742544,0.0056327884568799745,16.166909815247518,1000000.0,985682.829481938,20.957390984204295,0.6750132220600238,17.257258732555513,2.6979990155310807,0.0058733553355942185,13.702538180651597,1000000.0,660130.7851022407,0.12918326747864356,1.3503,False,0.2
aquilasm,ok,,0.05241327802792247,0.8006356739643472,3.9034711632635766,1.7678399999999796,0.4528892173298242,0.4528892173298242,9.873202268436659,2.7022442823258035,0.07994835107365855,1.8321675461016247,13.242210615813157,24.94758043035144,11.705369814538283,0.05241327802792247,10.570983693258713,31.29280008664605,0.5675589295667581,27.25403609231775,1.3747159775161077,0.005593175376513805,16.318804335817525,1000000.0,937871.2023889739,19.232199798450043,0.7050153871478211,15.149958198690145,2.628488343728647,0.006076911723637,13.793460635864966,1000000.0,576404.9973033448,0.09381503499999999,1.4701157190635452,False,0.2
arad10,ok,,0.05437301968091664,0.68900907685244,4.535873866679571,1.7678399999999996,0.38974628747649115,0.38974628747649115,9.309568901709111,2.362404437784567,0.0788103509629955,1.8417670010947478,13.79624469247943,24.94758059528329,11.15133590280386,0.05437301968091664,10.827269722544195,31.29280030717279,0.6595093417019747,28.12159537832487,1.9166883500283718,0.00758906694122929,15.8903319036177,1000000.0,807110.8956696312,19.59580069232148,0.7517652484215608,14.886359793647062,2.7414150683015883,0.008357044588936102,14.340149957412141,1000000.0,505419.26874207874,0.09999999999999999,1.8703,False,0.2
arad13,ok,,0.050881841466351586,0.6933328961917532,4.507586878923534,1.7678399999999999,0.39219210799153387,0.39219210799153387,10.313653023278755,3.0304847132504706,0.07934209722895881,1.8267424321858874,12.807185139261815,24.94758059472646,12.140395455464642,0.050881841466351586,11.146812656146636,31.292800306777902,0.6553964555827014,27.98743657346857,2.6056481829634746,0.008518110745224634,15.52286701318018,1000000.0,812175.853171421,20.340055353449245,0.7549063601322272,16.012676705504955,3.4527896037917305,0.009193584132230686,14.0035487347021,1000000.0,527907.4307281942,0.13,1.8524,False,0.21
arad20,ok,,0.044353047798886304,0.6826353086924284,4.57822533614084,1.7678399999999999,0.3861408887073652,0.3861408887073652,12.191373852682295,4.2855351420834085,0.07802745588970147,1.7980399438857495,10.958166796584983,24.947580593153027,13.989413796568044,0.044353047798886304,11.348662467728019,31.292800305872607,0.6656671826293373,27.777309443207077,2.472271143529386,0.010116443359409137,15.010134222653178,1000000.0,799644.6112270372,21.0389513431357,0.8257886470751611,18.127155039966738,3.8001640207300156,0.010608386002481374,13.047965634161603,1000000.0,537621.5584084067,0.2,1.8971,False,0.21
arad6,ok,,0.05832154482271062,0.7199462577885258,4.34096049780149,1.7678399999999996,0.40724627669275837,0.40724627669275837,8.173949017730903,1.5959216744629634,0.08179920558416189,1.8715554131773005,14.902076164868022,24.947580595776223,10.045504430908204,0.05832154482271062,9.442920962404317,31.29280030756243,0.6311692265685429,28.68686503946944,0.1073481163019033,0.00689951613716987,16.03706950939486,1000000.0,843350.963704904,16.818312183756056,0.8798591798254927,13.69338100804822,2.3993665015998347,0.007079163534397611,12.542032820562644,1000000.0,453258.8853875394,0.060239,1.7469588628762542,False,0.21
as5045,ok,,0.0464297854402213,0.7687408664003806,4.0654249073995254,1.7678399999999996,0.43484753507126256,0.43484753507126256,11.594091456538134,3.860390212897076,0.08063395524454456,1.8050878492936535,11.54840128793006,24.94758059376185,13.399179305831787,0.0464297854402213,11.515970620456422,31.292800306187942,0.5911067598503688,27.116283593056043,2.885645472154796,0.006986656225848778,15.811820400741874,1000000.0,900509.3692424775,21.26576207904548,0.6874524220779653,17.188949137343947,3.759838156200187,0.007862403211555194,14.03647573867474,1000000.0,611962.4261455135,0.14992657411916854,1.5726,False,0.2
as5046,ok,,0.0433951084082027,0.7870981265511845,3.970608187436417,1.7678399999999994,0.4452315404964164,0.4452315404964164,12.466883056717073,4.436050025164462,0.08023298036146209,1.7807732329955421,10.699924303123609,24.947580592836225,14.247656289712616,0.0433951084082027,11.56578411487553,31.292800305716483,0.5773205492057593,26.761968596027987,2.6704635823499454,0.007162677751745432,15.666377086218235,1000000.0,922013.2146489895,21.64936725345999,0.6888591848135088,17.92798079004661,3.6795021394416865,0.00775228901069346,13.771601025480182,1000000.0,637878.4417332183,0.15992197950029252,1.5126,False,0.2
as5048,failed,Maximum_Iterations_Exceeded,,,,,,,,,,,,,,,,,,,,,,,,,,,,,,,,,,,1.33
as6091,ok,,0.06499472118035914,0.7225827235165627,4.3251217665299775,1.7678399999999994,0.4087376253035133,0.4087376253035133,6.254702846109627,0.3156120552183863,0.08173226830843641,1.891445861912605,16.801431888362124,24.947580596384356,8.146148708022231,0.06499472118035914,8.819346670789361,31.292800308108536,0.6288662984953047,29.202044423851724,0.3847536072026892,0.005980735390690933,16.41105046175847,1000000.0,846439.341342951,15.542513178906344,0.8323933261426746,11.384312370513152,2.307405984025899,0.007065811528595807,13.062376747099146,1000000.0,420409.6305998768,0.04051138397753505,1.7369361204013378,False,0.2
as6092,ok,,0.06409074479512107,0.7215395756356069,4.33137470366327,1.7678399999999996,0.408147556133817,0.408147556133817,6.514691961297771,0.489259912283488,0.08175803094980469,1.882187085434328,16.55070154958468,24.94758059631678,8.3968790467321,0.06409074479512107,9.451507088096163,31.292800308045415,0.6297754662934865,29.048027092447583,0.4604714183156909,0.006089724176049829,16.36825113734288,1000000.0,845217.3893397056,16.73851864716052,0.7408495432293948,11.627171485877145,1.4907444150765665,0.0065713153237676345,14.416718182721652,1000000.0,452106.7751398909,0.05050577030537938,1.740892976588629,False,0.21
as6093,ok,,0.06341617681809958,0.7061363159578393,4.425856870653564,1.7678399999999996,0.39943451667449514,0.39943451667449514,6.708701820778298,0.6232996883379482,0.08091318559732175,1.8782569456784164,16.360621829804774,24.94758059626149,8.586958766456714,0.06341617681809958,9.664615358440415,31.29280030799348,0.6435130334278851,29.053455042308357,0.712424516675052,0.006577813474997677,16.221670564432827,1000000.0,827173.8843501336,17.15174518707753,0.7372936880638751,11.876511987431199,1.572027447454657,0.006892883721087419,14.648307079298325,1000000.0,453378.27072492964,0.06059791930051625,1.80068127090301,False,0.2
as6094,failed,Restoration_Failed,,,,,,,,,,,,,,,,,,,,,,,,,,,,,,,,,,,0.87
as6095,failed,Maximum_Iterations_Exceeded,,,,,,,,,,,,,,,,,,,,,,,,,,,,,,,,,,,1.38
as6096,ok,,0.06411614571796573,0.6482014930118668,4.82143021775296,1.7678399999999996,0.36666298591041435,0.36666298591041435,6.5073865011484875,0.5065726322060407,0.07381707378469292,1.893915974594706,16.54627812057219,24.947580596315383,8.401302475743194,0.06411614571796573,8.242798264607949,31.292800308047354,0.7010288121732524,29.39379852433026,-1.294767793891538,0.007488052329814206,16.101575103556993,1000000.0,759308.5565777895,14.507504337007152,1.0983923437635246,11.93035927199875,2.3334416045093853,0.007830313277445981,11.402270756750912,1000000.0,352019.38047219435,0.061476557310034846,2.051,False,0.2
as6098,failed,Restoration_Failed,,,,,,,,,,,,,,,,,,,,,,,,,,,,,,,,,,,1.07
as6099,ok,,0.06433975822779897,0.6266159992789379,4.987517505451997,1.7678399999999996,0.3544528912565266,0.3544528912565266,6.443074181130799,0.4701495196945512,0.07119340375914332,1.897882965644789,16.606623449556555,24.947580596332145,8.340957146775589,0.06433975822779897,8.099057284815473,31.292800308064315,0.7251776577963966,30.343727346015225,-2.9238257209912337,0.010987793543908596,15.020411753176171,1000000.0,734023.1318050773,14.224722021718357,1.173365060374129,11.788401252365237,0.9607937891099403,0.007201706973446953,11.192696326673747,1000000.0,333663.81099321396,0.061962502156307574,2.1561,False,0.2
atr72sm,ok,,0.04658739231330622,0.7570290739963329,4.128319998466978,1.7678399999999996,0.4282226185606916,0.4282226185606916,11.5487627597646,3.8340358700818244,0.08089998969953963,1.8049074363858257,11.593910397649186,24.94758059379961,13.353670196150425,0.04658739231330622,11.490230614244373,31.292800306210985,0.6002516129317744,27.742615791193657,3.7264019295971793,0.008601094908512845,15.2083492554925,1000000.0,886790.0793608947,21.220350662880506,0.6986976631554366,17.312176719857508,4.430901390634121,0.009007728349398756,13.74563729514447,1000000.0,601352.2683895704,0.14517145454545455,1.6124,False,0.21
august160,ok,,0.049243879124762795,0.7002807099684892,4.4628649927264545,1.7678399999999994,0.3961222225815059,0.3961222225815059,10.784740970571004,3.3424369805006355,0.08019787723818723,1.828703646883549,12.334135976956956,24.94758059441151,12.613444617454553,0.049243879124762795,11.121984887281643,31.292800306573337,0.6488939595717489,27.877927776759726,2.502908197760927,0.008607890576571763,15.458414386030835,1000000.0,820314.5793289036,20.272985740901895,0.7816861709630512,16.51563330045524,3.3646060189337015,0.009172924084874174,13.57171603885043,1000000.0,531439.3600720823,0.16038000000000002,1.8241,False,0.22
avistar,failed,Infeasible_Problem_Detected,,,,,,,,,,,,,,,,,,,,,,,,,,,,,,,,,,,0.73
b29root,failed,Maximum_Iterations_Exceeded,,,,,,,,,,,,,,,,,,,,,,,,,,,,,,,,,,,1.3
b29tip,ok,,0.04516020065475689,0.8567571790883438,3.6477759882041676,1.7678399999999996,0.4846350230158521,0.4846350230158521,10.360277280017774,2.9791706417588038,0.10623804496690051,1.7984122479016467,11.189936570944784,23.348626098864205,12.158689527919421,0.04516020065475689,11.441959833374122,31.292800305998437,0.49638773108426254,25.302355555500487,2.5851927798100625,0.0059834302931702655,16.6161971930957,1000000.0,1003612.4013320109,21.20752133207942,0.56280184114215,15.456233513430709,3.1177361316088703,0.006030025692043872,15.318179108861255,1000000.0,680160.6504454691,0.08999289664516896,1.160366220735786,False,0.25
b540ols,ok,,0.052399347205965036,0.8133509163814638,3.8424475864661023,1.7678399999999854,0.4600817474327261,0.4600817474327261,9.87720912853493,2.700430116267174,0.07969093469159802,1.8393850868770873,13.23098637966736,24.94758059507938,11.716594215412018,0.052399347205965036,11.707051938854413,31.29280030692032,0.5586861876612926,28.018185042943813,4.912303209315001,0.008389107077852929,15.05117775096914,1000000.0,952765.9484661008,21.215517479867284,0.5708506343268334,15.452557353575477,5.02003953853557,0.008502215514867188,14.828474040784597,1000000.0,645944.8318990725,0.09708834285714286,1.4315,False,0.22
b707a,ok,,0.04198409735256113,0.8558197623201581,3.6517715565801883,1.7678399999999916,0.48410476192424773,0.48410476192424773,11.409193139054343,3.68746224541609,0.0975947913455944,1.7770716767838612,10.297810484111984,23.48407529995019,13.186264815838204,0.04198409735256113,11.996707083843523,31.292800305474504,0.4998142269095434,27.164503409431617,5.096153988099632,0.010735258272394075,14.309018745510212,1000000.0,1002514.3036082828,22.502763470511077,0.5427178300223384,17.630227071344212,5.51800435042768,0.011065690420922708,13.707614750348567,1000000.0,720911.5844437446,0.1142907,1.1752789297658863,False,0.2
b707b,failed,airfoil 'b707b' not found in the aerosandbox UIUC database,,,,,,,,,,,,,,,,,,,,,,,,,,,,,,,,,,,0.0
b707c,failed,airfoil 'b707c' not found in the aerosandbox UIUC database,,,,,,,,,,,,,,,,,,,,,,,,,,,,,,,,,,,0.0
b707d,ok,,0.043077570254204195,0.8567571772015777,3.6477759962373657,1.7678399999999996,0.48463502194858016,0.48463502194858016,10.376002794534532,2.989654336534806,0.10623802727632388,1.7964281549354428,10.592943473709376,22.765374423179352,12.172430949469975,0.043077570254204195,11.759259919697081,31.292800305663704,0.48398790294916905,25.878639595718596,2.4955534457489548,0.008490142866726811,15.511547066900055,1000000.0,1003612.3991111022,21.819705373669983,0.532265260619614,16.166000026083623,2.8942435039059347,0.008723094435889431,14.706855699515915,1000000.0,699794.4141804052,0.0897,1.1064,False,0.2
b707e,ok,,0.04334656319965966,0.8567571773473889,3.647775995616552,1.7678399999999996,0.48463502203105996,0.48463502203105996,10.42833138888094,3.024540064666087,0.10623802865183643,1.8085289233202393,10.658206715093275,22.895067027294452,12.236860312201179,0.04334656319965966,11.27105929895147,31.292800305708784,0.4867451450840484,26.218277563587648,2.636612102648939,0.008501063405892082,15.465870115289494,1000000.0,1003612.3992833522,20.77389926073024,0.5903132433309725,16.23240786436785,3.3342563490475254,0.008977608553678297,13.803908510795205,1000000.0,666253.6646082337,0.0900887,1.1184,False,0.2
b737a,failed,airfoil 'b737a' not found in the aerosandbox UIUC database,,,,,,,,,,,,,,,,,,,,,,,,,,,,,,,,,,,0.0
b737b,ok,,0.04911144247908495,0.7705679926031896,4.055785207275507,1.7678399999999996,0.43588107102633145,0.43588107102633145,10.822830556620097,3.3456068997487036,0.08059321965114452,1.8128184699061518,12.311931567857643,24.947580594383894,12.635649026526249,0.04911144247908495,11.536078250211752,31.292800306556202,0.5897051617314764,27.853491311365847,4.15177997521845,0.008142744298461995,15.329812847397026,1000000.0,902649.6799043631,21.21204897551778,0.6500214137776223,16.534352756149424,4.636674430114984,0.008548711896649672,14.319383035114939,1000000.0,611867.5551658849,0.1254468594217348,1.5665,False,0.2
b737c,failed,airfoil 'b737c' not found in the aerosandbox UIUC database,,,,,,,,,,,,,,,,,,,,,,,,,,,,,,,,,,,0.0
b737d,ok,,0.04808275325781112,0.8449131392915726,3.698910716692615,1.7678399999999996,0.47793529917389177,0.47793529917389177,11.118687843027189,3.5165908689067034,0.07908388517682086,1.8094713681772094,12.019421382964424,24.947580594168823,12.928159211204399,0.04808275325781112,11.609849192309902,31.292800306414637,0.5378161394013103,26.74150314595407,3.5378533618221155,0.005873141943116494,16.039892017225117,1000000.0,989738.1957802351,21.38718411813503,0.5966556115041928,16.362818714189302,4.093245099454439,0.0064836564248343985,14.723874137198502,1000000.0,676440.3573547727,0.108,1.340669899665552,False,0.2
bacnlf,failed,Infeasible_Problem_Detected,,,,,,,,,,,,,,,,,,,,,,,,,,,,,,,,,,,0.9
bacxxx,ok,,0.04753804628077581,0.8201552110470427,3.8105692965239704,1.7678399999999994,0.463930678707939,0.463930678707939,11.275348887756085,3.6300887566446844,0.07955612354542611,1.8292825767455163,11.842949129545831,24.94758059404743,13.104631464501601,0.04753804628077581,11.682961661817398,31.29280030633978,0.5540511315206106,26.888749972586556,3.448570092231372,0.007393145954341348,15.439722398469279,1000000.0,960736.5551447434,21.288786125474026,0.6288300444783369,16.483522497510467,4.083127076866994,0.007822849120779811,14.123270802423974,1000000.0,653598.1070782423,0.1131,1.4113274247491638,False,0.19
bambino6,failed,Infeasible_Problem_Detected,,,,,,,,,,,,,,,,,,,,,,,,,,,,,,,,,,,0.62
be50,ok,,0.05640154010384988,0.7980618988352814,3.916059982516022,1.7678399999998857,0.4514333304118772,0.4514333304118772,8.726153761538772,1.9384430214847763,0.08000114801238466,1.8415090176221511,14.379917638623022,24.947580417783943,10.567662779160923,0.05640154010384988,10.468663090435804,31.292800053392344,0.5693893261566808,27.8646487678315,0.009943597297664154,0.006378460908176433,15.967683695317014,1000000.0,934856.2600764923,18.949428594080356,0.6577433247925569,13.769823066578127,0.854354014085826,0.005872491637119256,14.634408094967844,1000000.0,566104.4047136358,0.07275,1.478081939799331,False,0.19
be50sm,ok,,0.05733847567512707,0.7607315050999848,4.10822773166104,1.7678399999999996,0.43031694333196724,0.43031694333196724,8.456685693140924,1.7714371305389651,0.08081501403777007,1.8489297024357785,14.64196520008752,24.94758059566422,10.305615395576703,0.05733847567512707,10.613014376323676,31.292800307470436,0.5973302270953119,27.83431939240893,0.9985703779630978,0.005161822115061505,16.648438057162203,1000000.0,891127.1376221509,19.133617974301742,0.660016281349354,13.739313790697347,1.5717712405664979,0.005645756824625233,15.296409226617813,1000000.0,544869.3006143281,0.07315526627218935,1.599685618729097,False,0.2
boe103,ok,,0.04767414636408566,0.7736426682916152,4.039666364965758,1.7678399999999996,0.43762029838198896,0.43762029838198896,11.236205674721104,3.620160927979912,0.08052504663628161,1.8676059345150369,11.843768984830568,24.947580594066707,13.103811609236141,0.04767414636408566,11.559848768674225,31.29280030636408,0.5873615059345187,26.74122902477027,1.5110118746450012,0.0061224355698918315,16.168715822654743,1000000.0,906251.3802712623,20.632205390223255,0.7096958127278549,16.63897272427463,2.4725992849652147,0.006935498504576635,13.906809935355644,1000000.0,597516.5031531984,0.1272,1.5563,False,0.19
boe106,ok,,0.047076923260179995,0.7805741841399425,4.0037940391834645,1.7678399999999994,0.44154119385235246,0.44154119385235246,11.407970677544427,3.7323322905938228,0.08037333934988279,1.8033910849931183,11.736218831546603,24.947580594084148,13.211361762537544,0.047076923260179995,11.25186314118953,31.292800306162864,0.5821457229047838,26.893697092829886,2.129853444367211,0.00622355083302355,16.099192618652165,1000000.0,914371.014900828,20.797602240988617,0.6979321156289564,16.77361753351475,2.8288384036853085,0.006615355430218494,14.058611774386094,1000000.0,607702.8735856313,0.1306,1.5336,False,0.19
bqm34,ok,,0.04479623146428555,0.8567571771557074,3.6477759964326655,1.7678399999999996,0.484635021922633,0.484635021922633,10.877793687997874,3.324181599294651,0.10623802684345597,1.8000732731963391,11.083595789236846,23.761462750431058,12.677866961194214,0.04479623146428555,11.81993186974236,31.29280030594241,0.5051645676553163,26.674110757164637,4.496704376792213,0.00814556664051934,15.360073837267201,1000000.0,1003612.3990663078,21.887871724899366,0.5509189209450027,16.682294257678205,4.837710695807113,0.008601963294442636,14.486596325829925,1000000.0,701980.6229393412,0.09894883011372252,1.1985645484949834,False,0.19
bte-fk,failed,airfoil 'bte-fk' not found in the aerosandbox UIUC database,,,,,,,,,,,,,,,,,,,,,,,,,,,,,,,,,,,0.0
bw3,ok,,0.05998033926032374,0.7370142970445136,4.240430990460477,1.7678399999999996,0.41690101878253333,0.41690101878253333,7.696869632574944,1.2725454559587341,0.08137413123606442,1.8658381809743265,15.384872782400102,24.947580595949372,9.56270781354927,0.05998033926032374,10.057754443005093,31.292800307710817,0.6165523851034599,29.232423381228525,0.3228655273301546,0.008150887879239682,15.46926495763726,1000000.0,863344.6051778845,17.968250668899575,0.7168028088800971,13.124543996252248,1.2864411178214203,0.008155792511306182,14.052105284663458,1000000.0,495730.39571200905,0.05001312425492893,1.6833438127090299,False,0.19
c141a,failed,Maximum_Iterations_Exceeded,,,,,,,,,,,,,,,,,,,,,,,,,,,,,,,,,,,1.29
c141b,ok,,0.04367005010895256,0.8303576223006092,3.7637497165872578,1.7678399999999963,0.46970179558139363,0.46970179558139363,12.387807831703554,4.368033022815438,0.07935796081971326,1.7885024835007006,10.77127005766833,24.947580372872586,14.176310315204255,0.04367005010895256,11.83598809741454,31.292800064036097,0.5472436375581109,27.239995867032295,4.045419386497242,0.008351584479986454,14.99578877467171,1000000.0,972687.7360100129,22.059401103444433,0.6257731382925661,18.1103995688103,4.686676542994218,0.00937897268864219,13.551714630210466,1000000.0,685681.9739089422,0.1264130864760384,1.3817,False,0.2
c141c,ok,,0.04674311691452388,0.8301136471275596,3.764855904266027,1.7678399999999994,0.4695637880846456,0.4695637880846456,11.503975415880248,3.7789008030544546,0.07936278658408556,1.8008532133547157,11.642751964642617,24.947580593877582,13.304828629234963,0.04674311691452388,11.579776044909803,31.292800306218453,0.5474044719968822,27.282190820257785,3.4191759824540062,0.007099303056525716,15.529582110335777,1000000.0,972401.9490149093,21.433869899439575,0.6222671411377168,17.282841864104054,4.049082175074537,0.008617812839811537,13.830110289860142,1000000.0,666042.5612662503,0.10984653127297939,1.3824,False,0.19
c141d,ok,,0.048233039687182955,0.805270065142005,3.8810063864088544,1.7678399999999987,0.45551071654788083,0.45551071654788083,11.07546455050295,3.5021275749780494,0.07985399952604359,1.7934361095023101,12.078679934251454,24.947580594256713,12.86890066000526,0.048233039687182955,11.463295068176798,31.2928003064182,0.564292580060083,27.438974394862445,3.2017040747045087,0.007481048055053402,15.460347577072493,1000000.0,943299.9728916881,21.30601885293428,0.6279160689973949,16.724838797211397,3.7177646002230094,0.008569884365633494,14.110267790617632,1000000.0,642255.3050415427,0.10762492447002964,1.4559,False,0.21
c141e,ok,,0.04865423633693223,0.8029813443484436,3.8920683370743823,1.7678399999999996,0.45421607404993875,0.45421607404993875,10.95432582822121,3.4221725237027902,0.07990081107576724,1.814049754088278,12.179205011976403,24.947580594285892,12.768375582309488,0.04865423633693223,11.397369637308675,31.292800306496325,0.5659009713006884,27.650650416291732,2.8078529523582523,0.0072959654610526125,15.548022540583402,1000000.0,940618.9465452638,20.942772952474083,0.6466483036616163,16.73448766990947,3.449983216715103,0.008388752339287658,13.94029477139981,1000000.0,629511.2242864154,0.1050811628674076,1.4629,False,0.21
c141f,ok,,0.05090103664971219,0.7675772377638163,4.0715879938086985,1.7678399999999996,0.4341893145102591,0.4341893145102591,10.308132371614898,3.0034713465151843,0.08066005422547223,1.8253634521660955,12.814084770949655,24.94758059473065,12.133495823780994,0.05090103664971219,11.20523682747113,31.292800306780222,0.5920028634861557,27.856930895196435,2.519780644937087,0.007402680036695682,15.642433188435085,1000000.0,899146.2851106698,20.46211091855755,0.6733940992243712,16.031447530709663,3.210607845498494,0.00839405558880037,14.092539038237481,1000000.0,587944.5379631653,0.09993627692102444,1.5765,False,0.2
c5a,ok,,0.044177877644114245,0.8191454056304611,3.815266794049366,1.7678399999999992,0.46335947010502165,0.46335947010502165,12.241753856323989,4.274721526728525,0.07957596876814527,1.7860803824726221,10.91974635439203,24.94758059318864,14.027834238796611,0.044177877644114245,11.802002574357276,31.29280030581796,0.5547341407016475,27.886571945530594,4.231534298187704,0.00961600094499951,14.543627209276478,1000000.0,959553.6607640837,22.0258891857539,0.6296062690027056,18.224727667325208,4.982957681332016,0.010468713285587735,13.33470285225677,1000000.0,675395.6946398554,0.13121441845711163,1.4143,False,0.19
c5b,ok,,0.04733618968456018,0.8010948081740937,3.9012339534733558,1.7678399999999999,0.45314893212852625,0.45314893212852625,11.333404074441953,3.6755521271832032,0.0799395748937298,1.7986297950165824,11.815546724527538,24.947580593986075,13.132033869458535,0.04733618968456018,11.650875667365828,31.29280030631683,0.5672336383487137,27.642605067116914,3.8113412508469806,0.008522824611374647,15.04903305395562,1000000.0,938409.042559638,21.592132150904746,0.6271383102181664,17.046755243268315,4.411349807888663,0.009338012831917257,13.938269888970144,1000000.0,647505.2363550066,0.11549868031407406,1.4687,False,0.19
c5c,ok,,0.048430398957325954,0.791096745064261,3.950538647894618,1.7678399999999996,0.44749340724514725,0.44749340724514725,11.018702822123883,3.469222631268966,0.08014810020876895,1.8107215483915688,12.118156223722071,24.94758059423752,12.829424370515452,0.048430398957325954,11.460712676275074,31.2928003064666,0.5744024678880302,27.942714873762533,3.6190822798203897,0.008292439947860518,15.183528544113589,1000000.0,926697.2292623073,21.09787428195023,0.6498400758682333,16.92754632083442,4.246781628842725,0.009389355295221283,13.769062883912582,1000000.0,624787.2177923151,0.11103254796464197,1.4999,False,0.22
c5d,ok,,0.04857121753742442,0.7932863028448609,3.9396347250573793,1.7678399999999996,0.4487319569898074,0.4487319569898074,10.97820254067731,3.4414666284472326,0.08010198414917234,1.8108669893541451,12.158511064236784,24.94758059426824,12.789069530031455,0.04857121753742442,11.485521582311328,31.292800306485333,0.5728170536583449,27.90199857133674,3.6038776538787554,0.008150492862091605,15.231597488761642,1000000.0,929262.0952432273,21.141846511152277,0.6433235941419563,16.854674426838866,4.246809265736087,0.009183391257968404,13.883336681612612,1000000.0,627822.2592368138,0.11054232491681759,1.493,False,0.21
c5e,ok,,0.05111520340953801,0.7700279379779777,4.05862970869166,1.7678399999999999,0.4355755826194553,0.4355755826194553,10.246536706862624,2.9615912996057077,0.08060524987840056,1.8204667078812962,12.880577180024993,24.947580594768915,12.06700341474392,0.05111520340953801,11.40638801343179,31.29280030680598,0.5901187480238124,28.404707349736814,3.6997773804105107,0.008983352803046692,15.00438928407841,1000000.0,902017.0554848311,20.885464817072148,0.6407829988794329,16.10688717764793,4.18181725221706,0.009441560580268184,14.16960262257398,1000000.0,602024.916019743,0.10781224506400294,1.5683,False,0.2
cal1215j,failed,airfoil 'cal1215j' not found in the aerosandbox UIUC database,,,,,,,,,,,,,,,,,,,,,,,,,,,,,,,,,,,0.0
cal2263m,failed,airfoil 'cal2263m' not found in the aerosandbox UIUC database,,,,,,,,,,,,,,,,,,,,,,,,,,,,,,,,,,,0.0
cal4014l,failed,airfoil 'cal4014l' not found in the aerosandbox UIUC database,,,,,,,,,,,,,,,,,,,,,,,,,,,,,,,,,,,0.0
cap21c,failed,airfoil 'cap21c' not found in the aerosandbox UIUC database,,,,,,,,,,,,,,,,,,,,,,,,,,,,,,,,,,,0.0
cast102,ok,,0.046075171950106235,0.8165411860929144,3.827434939998694,1.767839999999999,0.4618863619405121,0.4618863619405121,11.696080291784318,3.9118721234725062,0.07962729123923742,1.8084575653385877,11.443042626512007,24.947580483634912,13.504537857122905,0.046075171950106235,11.626387079618828,31.292800177143256,0.5565033732270516,27.24777850097637,2.6021070248215312,0.006861400879327799,15.685365761054493,1000000.0,956503.0526604534,21.429656045854525,0.6423586075154315,17.56524995006609,3.540308082453863,0.00848579411950046,13.780158146741352,1000000.0,655023.8811896133,0.12172777395480526,1.422,False,0.2
ch10sm,ok,,0.05437102561101668,0.6474809406007722,4.826795770544527,1.7678399999999996,0.3662553967557994,0.3662553967557994,9.310142408355702,2.375292493130366,0.07372932414268402,1.8643664199016,13.773071767021841,24.947580595279142,11.174508828257302,0.05437102561101668,9.137201496568176,31.292800307172577,0.7018089556117918,29.493620914240864,-4.708774684919397,0.011506358456960296,14.745023340312652,1000000.0,758464.4955399043,16.336562382142368,1.153417193409954,15.577596760704209,-0.7537807796550308,0.008951705853419725,10.83702033384416,1000000.0,395960.1705312302,0.128353685674548,2.0543953177257523,False,0.19
chen,failed,too few converged polar points,,,,,,,,,,,,,,,,,,,,,,,,,,,,,,,,,,,0.01
clarkk,failed,airfoil 'clarkk' not found in the aerosandbox UIUC database,,,,,,,,,,,,,,,,,,,,,,,,,,,,,,,,,,,0.0
clarkv,ok,,0.04790751188917374,0.7912866614506692,3.9495904807373474,1.7678399999999996,0.44760083573777565,0.44760083573777565,11.16908832813899,3.56941417578698,0.08014409011727901,1.8200280046472983,11.95846426133362,24.94758059411991,12.989116332786288,0.04790751188917374,11.15088550133583,31.292800306396078,0.5742646057876637,26.808953090727776,1.2399999091500478,0.005147885774739338,16.559439786123868,1000000.0,926919.6988761965,20.42255297329294,0.7019917640013122,16.564888768472937,2.1234307766637848,0.005626293896189139,14.109015606534825,1000000.0,604933.6098699566,0.1164,1.4993,False,0.19
clarkw,ok,,0.05006359480043573,0.764136916293466,4.089919226464576,1.7678399999999996,0.4322432552117082,0.4322432552117082,10.548985748853388,3.165180875915089,0.0807375754630716,1.819697672760118,12.57889717296153,24.947580594575037,12.368683421613506,0.05006359480043573,11.123829574844695,31.292800306677368,0.5946681975623941,27.162041518759423,1.9583106530162873,0.005901093308676828,16.300570981120067,1000000.0,895116.2642610129,20.3766990919469,0.6953299652585766,15.929991277821438,2.66126444264846,0.0064024291237645345,14.422369099147032,1000000.0,582866.1733818137,0.1122,1.5881,False,0.19
clarkx,ok,,0.04833594750085712,0.7934772726268258,3.9386865552604338,1.767839999999999,0.4488399813483269,0.4488399813483269,11.045867513450071,3.486510356722775,0.08009763053452135,1.7703025433728348,12.131410458003094,24.947580514826,12.816170056822905,0.04833594750085712,10.895716597154737,31.29280020848203,0.5726791929347055,26.408570922503532,1.6907101286991786,0.005563691313559514,16.35606391377978,1000000.0,929485.7959044402,20.515733573230335,0.6844724705718274,16.012831088099535,2.583199033822094,0.005947600243070283,14.254741283308194,1000000.0,609376.0488621499,0.11699999999999999,1.4924,False,0.19
clarky,ok,,0.048702368015839444,0.7837915159316777,3.9873591408871847,1.7678399999999996,0.44336111635197634,0.44336111635197634,10.940482864177751,3.419579790189677,0.08030380244391701,1.7989170076354246,12.208180722492934,24.94758059430611,12.739399871813175,0.048702368015839444,11.040060812553483,31.292800306501345,0.5797561130310229,26.173116599968907,1.57907073542417,0.005658225184384787,16.344176669545437,1000000.0,918139.8238150952,20.456865187395948,0.6927500456445718,15.783359539890542,2.4812289206826734,0.006149878639230352,14.219851411332659,1000000.0,600210.3491857421,0.1170712,1.5232,False,0.19
clarkyh,ok,,0.046012536292364736,0.8367985190796882,3.7347798715480045,1.7678399999999994,0.4733451664628521,0.4733451664628521,11.714094853148826,3.9165317450804578,0.07923558824740094,1.8039985751116938,11.429487165383067,24.947580593643586,13.518093428260519,0.046012536292364736,11.525448422172259,31.292800306127067,0.5430314613867867,27.32854453281987,2.264325747804129,0.00693010490214635,15.579699263343995,1000000.0,980232.662960261,21.296115161766256,0.6353310567436184,17.448656677055194,2.9354267473136995,0.007815908281129384,13.799397256480221,1000000.0,667091.0711573235,0.119,1.3633678929765887,False,0.19
clarkys,ok,,0.04260597214552807,0.8552790929972188,3.6540800437994125,1.7678399999999996,0.4837989258061923,0.4837989258061923,11.975846405371165,4.070196352825441,0.09284338711696348,1.7810402340712428,10.472696905629109,24.229583545071517,13.756886639442408,0.04260597214552807,11.961342468379092,31.2928003055833,0.5160069536059239,26.905360504771735,4.487642376784136,0.008456536951505108,15.075538340282389,1000000.0,1001880.9591230816,22.38643507234142,0.5724647381091801,17.68444215454293,5.239117324187536,0.008520286697595327,14.226317962608094,1000000.0,716731.7345396631,0.117,1.245752508361204,False,0.19
clarkysm,ok,,0.04905975643283686,0.7758278423811933,4.028288358417076,1.7678399999999999,0.4388563684389952,0.4388563684389952,10.837695778373536,3.3537530938866933,0.08047691752431083,1.8286295629650682,12.281255253035901,24.947580594374507,12.666325341338604,0.04905975643283686,11.155289753353754,31.29280030654939,0.5857071606356526,26.973307753061537,1.4116139321155468,0.00574126030780279,16.33280304238617,1000000.0,908811.1111653061,20.33451713290286,0.7042451528567284,16.21485176067668,2.228227137192944,0.006302385892773719,14.12812510525713,1000000.0,590558.6885650373,0.1172196577181208,1.5491,False,0.21
clarkz,ok,,0.05031190805185854,0.7495689634136996,4.169407243553541,1.7678399999999996,0.4240027171088446,0.4240027171088446,10.477569345112835,3.1223313001149653,0.08107375813178462,1.8316849729780862,12.638326276531552,24.947580594622472,12.309254318090922,0.05031190805185854,10.89312105313448,31.292800306708237,0.6062256375098846,27.36290138429006,1.396140919607829,0.006074273436642649,16.2749743129377,1000000.0,878051.2445231142,19.823498061138853,0.7453596553233327,15.951854800575713,2.5374596530042277,0.006420503286685328,13.919730218121513,1000000.0,556231.6882089064,0.11750000000000001,1.6384,False,0.2
clarym15,ok,,0.04549563290242908,0.7524780278753874,4.153288401555228,1.7678399999999994,0.4256482644783395,0.4256482644783395,11.862759416834514,4.044849435744139,0.08100558756086113,1.8052177186737142,11.279603457994877,24.947580593503105,13.667977135508227,0.04549563290242908,11.349751915764765,31.292800306049795,0.6038819817567864,26.962018091949847,2.0227949125226274,0.006684563988135474,16.001656890806906,1000000.0,881458.9465248723,20.957309467180462,0.7376420826610427,17.507407065204493,3.0897128138474574,0.007692692029866401,13.653098229739351,1000000.0,590327.7349507536,0.149857592877502,1.6282,False,0.19
clarym18,failed,Maximum_Iterations_Exceeded,,,,,,,,,,,,,,,,,,,,,,,,,,,,,,,,,,,1.25
coanda1,failed,Infeasible_Problem_Detected,,,,,,,,,,,,,,,,,,,,,,,,,,,,,,,,,,,0.23
coanda2,failed,Infeasible_Problem_Detected,,,,,,,,,,,,,,,,,,,,,,,,,,,,,,,,,,,0.26
coanda3,failed,too few converged polar points,,,,,,,,,,,,,,,,,,,,,,,,,,,,,,,,,,,0.01
cootie,ok,,0.053382030234831644,0.7879837947604078,3.9661453527102752,1.7678399999999996,0.44573252939203095,0.44573252939203095,9.594583503185294,2.520880056855259,0.08021410565654125,1.8417323961474537,13.51126469580669,24.947580595139435,11.436315899332747,0.053382030234831644,10.360055992361959,31.292800307065924,0.57667165965042,28.44039280197495,-0.4398994531175673,0.008005463522974623,15.312436533871896,1000000.0,923050.6937084387,18.750563353708323,0.7362859791375517,15.184374472806681,0.9677401581177799,0.007953773378929564,13.078693231120315,1000000.0,553089.5394860654,0.0846,1.5097759197324414,False,0.19
cr001sm,ok,,0.05598712985084383,0.7895901813523893,3.9580764039474667,1.7678399999998566,0.4466412013261683,0.4466412013261683,8.84534089218088,2.020833113537682,0.08017966290558137,1.8535075555601508,14.24873209453945,24.947580542280484,10.698848447741032,0.05598712985084383,10.305076574219044,31.29280023195268,0.5754984479892049,27.64098231446033,0.5218871918776818,0.005276027639531886,16.503839837357052,1000000.0,924932.4259452812,18.532568234940793,0.7036722079712843,13.991786062304381,1.7410550992206648,0.005253857688882582,14.21592698251067,1000000.0,547773.7105494768,0.073315,1.5046698996655519,False,0.19
cr1,ok,,0.04715049016387687,0.7904959440932917,3.9535411774752456,1.7678399999999996,0.4471535569357475,0.4471535569357475,11.386812387803204,3.7148359653793226,0.08016078375971745,1.8113798192363624,11.749388386913346,24.947580593952914,13.198192207039567,0.04715049016387687,11.077584025841798,31.292800306287234,0.5748390312415951,27.650653250591414,1.0827493201874365,0.007510498978035765,15.506375839668351,1000000.0,925993.4460615701,20.38516698375618,0.7166260218940781,17.024457858146395,2.696053344598428,0.0073191065151445005,13.455050133348445,1000000.0,603222.8128856951,0.1220726,1.5018,False,0.19
curtisc72,ok,,0.051054912868686284,0.752261969612542,4.154481273604308,1.7678399999999996,0.4255260485182721,0.4255260485182721,10.263876633680336,2.978997689416682,0.08101063253266019,1.8384623383293013,12.845241622749109,24.947580594758747,12.102338972009637,0.051054912868686284,10.597913083120236,31.292800306798753,0.6040554235873343,27.588021636243237,-0.7199664206163391,0.006239431792628139,16.193428848658474,1000000.0,881205.8541210672,19.215175751621267,0.7771731745782211,15.815684862747423,0.8625181927898878,0.006462242453848422,13.426953311407622,1000000.0,541099.7160460271,0.1173,1.6289548494983277,False,0.2
dae11,ok,,0.05027769793950711,0.7509636427070816,4.161663878072758,1.7678399999999996,0.424791634258237,0.424791634258237,10.487408381820316,3.1284396354731254,0.08104100955587426,1.8363875037164425,12.623784709079192,24.94758059461595,12.323795885536759,0.05027769793950711,10.59470251768356,31.292800306704006,0.6050997636384141,28.206022644570336,-0.49556462676353097,0.008134680227685598,15.415982816476632,1000000.0,879684.9833102677,19.231058252941754,0.7914537410152916,16.046295288530057,1.1555179417752766,0.006691141485242063,13.207303810344184,1000000.0,540612.3131349669,0.12827340600586576,1.6335,False,0.2
dae21,ok,,0.05221553512498507,0.734126267925669,4.257112709548808,1.7678399999999999,0.41526737030821176,0.41526737030821176,9.930074602669702,2.7622603636538003,0.08144467973491143,1.8449391687317687,13.172566823556158,24.94758059495763,11.77501377140147,0.05221553512498507,10.39602883229649,31.29280030693499,0.6189778823560931,28.367490669710907,-0.49195975381686236,0.008121875802389125,15.49291371048379,1000000.0,859961.5441096482,18.782965871340597,0.810902498734122,15.454211881200047,1.1869618795370893,0.006759141910464247,13.209256379850547,1000000.0,516177.1453894844,0.11783669674141589,1.6939,False,0.2
dae31,ok,,0.05328462853704971,0.7184186113136196,4.350191123091177,1.7678399999999996,0.4063821450547673,0.4063821450547673,9.622596824807776,2.562155779003314,0.08183803302948342,1.8505295299071647,13.474454240411598,24.94758059512654,11.47312635471494,0.05328462853704971,10.192924661683627,31.29280030705523,0.632511345817333,28.385010386104906,-0.9806030581713772,0.007920252866640139,15.638165151425136,1000000.0,841561.4660546347,18.360374687265818,0.8449819662667554,15.174227791165464,0.8997478451547387,0.006883898077191788,13.013172116391983,1000000.0,493768.01332938485,0.11056416022591219,1.7528,False,0.19
dae41,failed,airfoil 'dae41' not found in the aerosandbox UIUC database,,,,,,,,,,,,,,,,,,,,,,,,,,,,,,,,,,,0.0
dae51,ok,,0.053840897660754054,0.7623714786366942,4.099390327650664,1.7678399999999996,0.4312446141261055,0.4312446141261055,9.462610436222434,2.4415135889374158,0.08077763819884905,1.8433203184785474,13.641649840507093,24.947580595208073,11.30593075470098,0.053840897660754054,10.81105820066065,31.292800307115908,0.5960452816447329,27.339666700597352,1.101310406330117,0.00488356686805789,16.773601652323755,1000000.0,893048.2160920836,19.549972030153278,0.6920758883651487,14.722681236351898,1.9474388431983605,0.0051940012350247524,14.87779289393864,1000000.0,557926.0237125012,0.09378006999536195,1.5940933110367894,False,0.19
dai1238,failed,airfoil 'dai1238' not found in the aerosandbox UIUC database,,,,,,,,,,,,,,,,,,,,,,,,,,,,,,,,,,,0.0
dai1335,failed,airfoil 'dai1335' not found in the aerosandbox UIUC database,,,,,,,,,,,,,,,,,,,,,,,,,,,,,,,,,,,0.0
dai1336,failed,airfoil 'dai1336' not found in the aerosandbox UIUC database,,,,,,,,,,,,,,,,,,,,,,,,,,,,,,,,,,,0.0
davis,ok,,0.04586572486733724,0.8567571567539926,3.64777608329611,1.7678399999999972,0.48463501038215784,0.48463501038215784,11.716801422432551,3.8835202906543906,0.1062378331828119,1.8071559888321138,11.384105891476457,24.90806330274112,13.523957411264664,0.04586572486733724,11.406330981854515,31.2928003061053,0.5295411086898977,26.78742523615701,1.0811398004987056,0.0054841673880565754,16.20766488953551,1000000.0,1003612.3751727969,21.039192802288067,0.6360543460627992,17.173039774155985,1.7110767416398587,0.0059491437089712485,14.079914038794515,1000000.0,674762.0555998344,0.11249999999999999,1.3046555183946487,False,0.2
davis_corrected,failed,Maximum_Iterations_Exceeded,,,,,,,,,,,,,,,,,,,,,,,,,,,,,,,,,,,1.23
davissm,failed,too few converged polar points,,,,,,,,,,,,,,,,,,,,,,,,,,,,,,,,,,,0.01
daytonwright6,ok,,0.04346936740334269,0.8207742749976158,3.807695198060486,1.7678399999999996,0.46428085969183636,0.46428085969183636,12.445525717363903,4.4099839729425385,0.0795439704322224,1.7959127207021863,10.706142154791257,24.947580592857346,14.24143843806609,0.04346936740334269,11.30735452428787,31.29280030572918,0.5536332418565337,27.72963638753438,-0.05589396063222524,0.008434397930647649,15.001761827680324,1000000.0,961461.7317258224,20.987201278294478,0.7026311235740482,18.311535495793258,0.5976235340603337,0.008234598361160871,12.98979128606389,1000000.0,644825.3492166082,0.13599999999999998,1.409508695652174,False,0.2
daytonwrightt1,ok,,0.04614416804606181,0.772493529946859,4.045675652215482,1.7678399999999996,0.43697027442916736,0.43697027442916736,11.676236758947608,3.913900284131664,0.08055046282335093,1.8048833226885543,11.466460512046002,24.94758059368216,13.481120081636163,0.04614416804606181,10.87621961354714,31.29280030614645,0.5882352473988228,27.502466555411573,-0.709863999634781,0.007684132663676484,15.506945334046133,1000000.0,904905.2701630564,20.086653205087188,0.7714757611193397,17.358133957576424,0.993400208517782,0.0074393887892813745,12.972462461663422,1000000.0,580853.0450261706,0.1337,1.5601026755852843,False,0.19
dbln526,failed,too few converged polar points,,,,,,,,,,,,,,,,,,,,,,,,,,,,,,,,,,,0.01
defcnd1,failed,Maximum_Iterations_Exceeded,,,,,,,,,,,,,,,,,,,,,,,,,,,,,,,,,,,1.22
defcnd2,failed,Maximum_Iterations_Exceeded,,,,,,,,,,,,,,,,,,,,,,,,,,,,,,,,,,,1.17
defcnd3,ok,,0.049891475264074836,0.7848179503357346,3.9821442211700884,1.7678399999999996,0.4439417313420529,0.4439417313420529,10.59848837599696,3.191233331147541,0.08028176987598544,1.8233703628157796,12.525721855727811,24.94758059454055,12.42185873881274,0.049891475264074836,11.202593633472905,31.29280030665582,0.5789978714283148,27.6477006338732,2.561932610357233,0.0069307766342959,15.774238120574232,1000000.0,919342.1975169021,20.479645572705728,0.6730992450455963,16.22013167539007,3.2670212980468256,0.007542882098095022,14.086868243803028,1000000.0,601665.6285367341,0.11476411896857514,1.5199,False,0.19
df101,ok,,0.04797706081711758,0.8351499581266805,3.7421522149270596,1.7678399999999996,0.47241263809319883,0.47241263809319883,11.1490856327974,3.5404649115269042,0.07926676824827539,1.8131626403063064,11.985332321030578,24.947580594134283,12.962248273103706,0.04797706081711758,11.461305524391038,31.292800306405546,0.5441033891952428,27.09223929854557,2.49773905656718,0.005833437256506961,16.09129575975468,1000000.0,978301.5251189666,21.070559749408954,0.6235482213054518,16.596180827810546,3.0603685725457814,0.006246851015758089,14.503070670106583,1000000.0,658725.3469206971,0.1099854841830119,1.368033110367893,False,0.19
df102,ok,,0.049269879896672225,0.8047130342703703,3.8836928600686287,1.7678399999999996,0.45519562532263697,0.45519562532263697,10.77726299018185,3.3035224865624078,0.07986538855707805,1.818046471345967,12.352271132887628,24.947580594415445,12.595309461527817,0.049269879896672225,11.344968772842043,31.292800306576687,0.564683189349794,27.599278481350343,2.673742025416276,0.006930659355351767,15.699143507067232,1000000.0,942647.4623551441,20.800657833648852,0.6452380713724359,16.449244998529878,3.29832697789712,0.007728334238597324,14.136749378808805,1000000.0,626587.8134941432,0.1099848752930178,1.4576,False,0.19
dfvlrr4,ok,,0.049965679252423574,0.7200403236929135,4.340393395707759,1.7678399999999996,0.4072994862051507,0.4072994862051507,10.577146856927524,3.1980246534991377,0.08179678818977444,1.8233722411089146,12.547061496520863,24.9475805945573,12.400519098036439,0.049965679252423574,11.0669437055598,31.29280030666514,0.6310867707694606,28.217771779002543,1.8009893296448494,0.009087191700555287,15.192146957608083,1000000.0,843461.1532542581,20.231640868586894,0.7504593111981569,16.591631422071398,2.955762411987399,0.010799210980152492,13.237768565383192,1000000.0,545320.4242513778,0.13381410907677332,1.7466,False,0.19
dga1138,failed,too few converged polar points,,,,,,,,,,,,,,,,,,,,,,,,,,,,,,,,,,,0.01
dga1182,failed,airfoil 'dga1182' not found in the aerosandbox UIUC database,,,,,,,,,,,,,,,,,,,,,,,,,,,,,,,,,,,0.0
dh4009sm,failed,Infeasible_Problem_Detected,,,,,,,,,,,,,,,,,,,,,,,,,,,,,,,,,,,0.58
doa5,failed,Infeasible_Problem_Detected,,,,,,,,,,,,,,,,,,,,,,,,,,,,,,,,,,,0.86
dormoy,failed,too few converged polar points,,,,,,,,,,,,,,,,,,,,,,,,,,,,,,,,,,,0.01
drgnfly,failed,Maximum_Iterations_Exceeded,,,,,,,,,,,,,,,,,,,,,,,,,,,,,,,,,,,1.19
ds19,ok,,0.05323872377953376,0.8252782101494435,3.7869147969313106,1.7678399999999759,0.4668285648867854,0.4668285648867854,9.63579931280769,2.5352071366310605,0.07945607312818656,1.8417151843622257,13.470066098071475,24.94758059524139,11.477514497169915,0.05323872377953376,11.377104859143992,31.292800307009507,0.5506118023176195,27.404101635684906,2.532864219254807,0.005619370990814404,16.225892375988153,1000000.0,966737.6784203565,20.59150252211557,0.5850294308280481,14.958428512987544,2.8544522317840624,0.005853177490401581,15.469445563405339,1000000.0,636139.3402992412,0.08497850619710808,1.3963588628762542,False,0.2
ds21,ok,,0.05301369162426944,0.8249733260005656,3.7883143213260335,1.7678399999999754,0.4666561034938553,0.4666561034938553,9.700519931487985,2.5784645994906414,0.07946198833906523,1.8461414604685435,13.40091920325933,24.947580595215857,11.54666139195653,0.05301369162426944,11.45245195640921,31.292800306978606,0.5508152910925285,27.49197662925278,2.815683435613966,0.005723797317994106,16.177118210564476,1000000.0,966380.534621531,20.678176982715474,0.5838460485519303,15.10135497882192,3.116780173924239,0.005966801912499716,15.449316103511512,1000000.0,638581.0004705399,0.08598970284501835,1.397244481605351,False,0.2
dsma523b,ok,,0.052990090487184276,0.7127996966456092,4.384483158883581,1.7678399999999996,0.4032037382600288,0.4032037382600288,9.707307642296973,2.620344069482511,0.08173652024594072,1.8381803724808508,13.402092507846334,24.947580522624158,11.545488014777824,0.052990090487184276,10.657090801675347,31.292800209652153,0.6374973591442721,29.5108713769693,0.9952899410316036,0.011807352290290694,14.29682077957432,1000000.0,834979.4206310608,19.325435380229287,0.7735573780820544,15.902108467694932,2.23841070014464,0.013088970694670262,12.60714779770568,1000000.0,515656.65997029113,0.10997599999999999,1.7745,False,0.2
du-80-141,ok,,0.04781377083500451,0.7734611259571288,4.040614532155847,1.7678399999999996,0.4375176067727447,0.4375176067727447,11.19604882635043,3.5934506116820497,0.08052905840467511,1.8194174706052442,11.932114297143288,24.94758059409896,13.015466296955672,0.04781377083500451,11.033291200564452,31.29280030638327,0.5874993680395806,27.665833492484772,0.7857415130183014,0.00746296489283513,15.594021679991226,1000000.0,906038.7200890889,20.213962946602052,0.734555523391182,16.95607990395364,2.1553135657372517,0.007987287798962201,13.303221471241256,1000000.0,585266.6727410674,0.1404247346387626,1.5569,False,0.19
du-80-176-v1,failed,Maximum_Iterations_Exceeded,,,,,,,,,,,,,,,,,,,,,,,,,,,,,,,,,,,1.28
du84132v,ok,,0.046691121379511535,0.7804509680000842,4.004426150701708,1.7678399999999996,0.44147149515798056,0.44147149515798056,11.518929648451115,3.8063467320886546,0.08037600691941088,1.8115844360866844,11.617066509287428,24.94758059382523,13.3305140845378,0.046691121379511535,11.21918029487357,31.292800306225907,0.5822376309776461,27.318652786234242,1.1271318878996464,0.006953719938225865,15.781009415784935,1000000.0,914226.6785037167,20.643403036936398,0.7148995244947984,17.284258254343047,2.433214381754551,0.008041469411794837,13.44275390905536,1000000.0,603101.9789468009,0.13628601404741,1.534,False,0.19
du8608418,ok,,0.0389014336479893,0.8560759085762828,3.6506789109045306,1.7678399999923269,0.484249654142908,0.484249654142908,10.333748242112907,2.9680878192940954,0.0999045915454822,1.746188136689323,9.442101163749637,21.522037542551868,12.07993637880223,0.0389014336479893,11.896057754118466,31.292800304883738,0.45791890092782717,23.564554434589972,3.738066760600175,0.0069588469746925735,16.789834708636874,1000000.0,1002814.3554234025,22.708621719445684,0.48806440884592733,15.729926239312665,4.041867914706649,0.007395947031027814,16.016069170572024,1000000.0,727724.3209386342,0.08451997621088375,0.9929431438127091,False,0.19
du861372,failed,airfoil 'du861372' not found in the aerosandbox UIUC database,,,,,,,,,,,,,,,,,,,,,,,,,,,,,,,,,,,0.0
e1098,failed,Maximum_Iterations_Exceeded,,,,,,,,,,,,,,,,,,,,,,,,,,,,,,,,,,,1.27
e1200,failed,Maximum_Iterations_Exceeded,,,,,,,,,,,,,,,,,,,,,,,,,,,,,,,,,,,1.2
e1210,ok,,0.04994496761573359,0.6992160773064617,4.469660190937257,1.7678399999999999,0.3955200002864862,0.3955200002864862,10.58310364980529,3.208335083173541,0.08006669896895903,1.8308114701632783,12.533665474582968,24.947580594551535,12.413915119968568,0.04994496761573359,10.796463665856084,31.292800306662542,0.6498819713265321,28.318477165301495,0.970184783236383,0.009353356080274572,15.19373563566036,1000000.0,819067.4598806249,19.65697331812692,0.819540437191013,16.303302255347173,2.5533136360911466,0.008847770653796343,13.219636211292757,1000000.0,514507.7157313885,0.15844454635931257,1.8284,False,0.19
e1211,ok,,0.04713633581127758,0.7120297940347144,4.3892240068926505,1.7678399999999994,0.4027682335701843,0.4027682335701843,11.390883265824895,3.7429621868177154,0.08158852389887819,1.8157452445715052,11.740952083543206,24.947580593939605,13.206628510396401,0.04713633581127758,11.031558737274235,31.292800306289212,0.6381866693076439,28.119140095164394,1.1581332465249647,0.009601272395904853,15.04464775289582,1000000.0,834077.5529633134,20.251663920099382,0.8066380232891007,17.326131485772073,2.6737426719499027,0.009918782533036819,12.937575693460335,1000000.0,539787.3670806341,0.18019918301966986,1.7775,False,0.19
e1212,ok,,0.045719776280433215,0.7418924683466108,4.212548851675204,1.7678399999999994,0.41966041516574526,0.41966041516574526,11.798294415918505,4.005278865365834,0.08125621326322063,1.8044542352825128,11.344831942348819,24.947580593549837,13.602748651201019,0.045719776280433215,11.34340843268786,31.292800306063548,0.6124983634285667,27.931713114082527,2.410391732889832,0.009359083204268074,14.99151855420746,1000000.0,869058.9350897617,20.954458529879517,0.744799098020014,17.645433787136998,3.6117015492720506,0.009460630380520465,13.291830084867026,1000000.0,581944.065000505,0.17698976711309522,1.6657,False,0.19
e1212mod,ok,,0.04547000814887065,0.7456687854841508,4.191215089647099,1.7678399999999996,0.42179653446248017,0.42179653446248017,11.870129252052243,4.0519604178120066,0.08116598851385062,1.7990672372668755,11.27838410417701,24.947580593496127,13.669196489319118,0.04547000814887065,11.529545609996267,31.292800306045923,0.6093964660285099,27.88653725742537,3.4409523221500247,0.0094597976041939,14.937093125975146,1000000.0,873482.544022011,21.362080251304437,0.7165001015990841,17.695944576208674,4.420581847538261,0.009628233800126418,13.531787794207768,1000000.0,596284.2577532657,0.1771529211461148,1.6522,False,0.2
e1213,ok,,0.04465874835834843,0.765556750213467,4.082333889327675,1.7678399999999994,0.43304640137878275,0.43304640137878275,12.103452509609255,4.20102206300591,0.08070550170080502,1.8175852666899996,11.026542816953798,24.94758059325305,13.921037776299254,0.04465874835834843,11.807180914547338,31.292800305920903,0.5935653007752978,27.649152334492463,3.7431702001546956,0.008909951419733341,15.052281824298273,1000000.0,896779.4693629752,21.653602962369533,0.6917357176515253,17.803268550668086,4.720940809251521,0.008684793978687521,13.796074290134854,1000000.0,620542.3095585385,0.1738316107890765,1.5833,False,0.2
e1214,failed,Maximum_Iterations_Exceeded,,,,,,,,,,,,,,,,,,,,,,,,,,,,,,,,,,,1.21
e1230,ok,,0.04535689264536168,0.7175323825761967,4.355564071379202,1.7678399999999996,0.4058808390896217,0.4058808390896217,11.902661959909313,4.082470650394947,0.08185998925171087,1.8027055578988138,11.24221307565698,24.94758059346511,13.705367517808128,0.04535689264536168,11.376453519503672,31.29280030602876,0.6332925645394005,27.613592656258806,2.4535180847709643,0.00891267698338196,15.267697600989191,1000000.0,840523.3304000347,21.035887733035686,0.7698990953538015,17.698636640662198,3.706461770989071,0.00935568527696569,13.392497201873965,1000000.0,565023.0801455631,0.17446212291453864,1.7562,False,0.19
e1233,failed,Maximum_Iterations_Exceeded,,,,,,,,,,,,,,,,,,,,,,,,,,,,,,,,,,,1.19
e168,ok,,0.04438643549306676,0.8563962729990641,3.6493132491504214,1.7678399999939265,0.4844308721388849,0.4844308721388849,11.67042380953663,3.85613461692838,0.1028480180797946,1.7918376311010558,10.97397161360769,24.436233054245374,13.462261440637684,0.04438643549306676,11.868630558803344,31.29280030587791,0.5197289999415455,26.754280302579534,4.622177943334135,0.007163051325822409,15.587868651524913,1000000.0,1003189.6329722984,22.07906630377415,0.5751593210244156,17.20567403838151,5.040896464810795,0.007333448598047792,14.600126130283549,1000000.0,707814.2641486055,0.12431959319036039,1.2619515050167225,False,0.19
e169,failed,Maximum_Iterations_Exceeded,,,,,,,,,,,,,,,,,,,,,,,,,,,,,,,,,,,1.2
e171,failed,Maximum_Iterations_Exceeded,,,,,,,,,,,,,,,,,,,,,,,,,,,,,,,,,,,1.27
e174,ok,,0.052687639425674504,0.8306080445790412,3.7626149734486125,1.7678399999999925,0.46984344996099464,0.46984344996099464,9.794294529934678,2.6389332242256978,0.07935330893321789,1.8478463855124185,13.305439679634759,24.947580595081856,11.642140915447097,0.052687639425674504,10.918633994313304,31.29280030697189,0.5470786439751597,27.112361147899062,1.3001934061910843,0.005207644833340489,16.40871819160795,1000000.0,972981.090276497,19.696142998173706,0.6444372848029646,14.943102676193796,2.171574662931739,0.005449322725613381,14.48610945726892,1000000.0,612408.4294346517,0.08920135673198479,1.380981939799331,False,0.19
e176,ok,,0.04841410952218203,0.8567571800892065,3.647775983940846,1.7678399999995162,0.48463502358213467,0.48463502358213467,10.073955382046268,2.788289367060233,0.10623805410507184,1.8277119847431629,12.096480846591328,23.99814821338076,11.90166736678943,0.04841410952218203,11.4680529947232,31.292800306463317,0.5101964576907505,25.51284465823422,1.6733712538703784,0.005135327390362325,16.797535441722697,1000000.0,1003612.4025196135,20.915135226361055,0.5664153563755185,14.923996927786922,2.184098344305532,0.005260622156777132,15.5749799703315,1000000.0,670783.3401926429,0.08822317336853061,1.2204642140468225,False,0.19
e178,ok,,0.0472451043089112,0.856757179992423,3.6477759843548854,1.7678399999999932,0.4846350235272571,0.4846350235272571,10.004185015791668,2.7417757903344993,0.10623805322710295,1.7913542478566735,11.796625562775214,23.592164826423556,11.795539263648342,0.0472451043089112,11.535428993869592,31.292800306304493,0.5015653215474234,25.074971930099277,2.259746515728858,0.005101884385452484,17.006159110851655,1000000.0,1003612.402400876,21.465006168138892,0.5329719243167771,14.86599783991243,2.5523462877198724,0.005185254273496924,16.285494427615802,1000000.0,688418.6201646954,0.08680656763962458,1.1829,False,0.19
e180,ok,,0.045855845929919536,0.8567571797697418,3.647775985303012,1.7678399999999999,0.484635023401293,0.484635023401293,9.959286772774337,2.7118436304041325,0.10623805122876481,1.8117604780744307,11.37666015965213,23.1477074105009,11.771047250848769,0.045855845929919536,11.663078367076627,31.29280030610383,0.4921162343099932,25.033836726075098,2.7990184290118183,0.0051316043738466105,17.19933815950966,1000000.0,1003612.402133586,21.458094687866506,0.5322079450433054,15.141193238031544,3.179036585426041,0.005282243450837318,16.253167241533987,1000000.0,688196.9572630101,0.0857782699192283,1.1417759197324413,False,0.19
e182,ok,,0.040634932058838585,0.8567571753572616,3.647776004089825,1.7678399999999992,0.4846350209053206,0.4846350209053206,9.902640797835458,2.6740796902289756,0.10623800984413914,1.7998171822982014,9.887036821255442,21.5894948013891,11.702457980133659,0.040634932058838585,11.68934496958516,31.292800305227036,0.4589889075930248,23.377734510712127,3.101374284442792,0.005279869033600968,17.855396374772226,1000000.0,1003612.3969366507,21.64913393158991,0.5198099682043572,15.169742791408018,3.690364504443779,0.0061560475341605895,16.066288423398305,1000000.0,694323.9014968011,0.08462681807180253,0.9976,False,0.19
e184,failed,too few converged polar points,,,,,,,,,,,,,,,,,,,,,,,,,,,,,,,,,,,0.01
e186,ok,,0.04043961999344543,0.8560945908498404,3.650599243358812,1.7678399999999996,0.48426022199398167,0.48426022199398167,10.762243606299432,3.2535740259278967,0.10007456350239728,1.7786234007934447,9.85205766294784,22.392924670040713,12.540867007092876,0.04043961999344543,11.943534528854544,31.29280030518984,0.47643814672948226,24.269454068846258,3.6338304932718386,0.006381192601834585,16.792087478279335,1000000.0,1002836.2399976554,22.38348024943809,0.5215031085811035,15.985569280591797,3.975773467891104,0.00640921539126178,15.919968279470213,1000000.0,717320.4364099526,0.10268239951714138,1.0735421404682275,False,0.19
e193,ok,,0.04927409614120664,0.8494313167550183,3.6792359828915338,1.7678399999999999,0.48049106070403336,0.48049106070403336,10.776050372568879,3.286479456831573,0.07900067529284971,1.8088483602066123,12.362681861639711,24.9475805944152,12.58489873277549,0.04927409614120664,11.13548358088083,31.292800306577135,0.5349554622486057,26.964274459034694,1.1822079275739272,0.005358278808935072,16.275905270110723,1000000.0,995030.826001373,20.52039265397368,0.6275617124950014,16.0226741453959,2.038670727537079,0.005562375717889145,14.453011252566274,1000000.0,652495.8793177862,0.10223691852512377,1.3282197324414715,False,0.19
e195,ok,,0.045687248400856306,0.8567571563694429,3.6477760849333842,1.7678399999999959,0.48463501016463306,0.48463501016463306,11.66702054046762,3.8503330398175817,0.10623782952922486,1.8074103045659569,11.332520656736788,24.806951501770364,13.474430845033577,0.045687248400856306,11.4124823116444,31.292800306078643,0.5273914895638168,26.75365216641577,1.6297520207679992,0.005639589254786282,16.173981994250347,1000000.0,1003612.3747214781,21.047577082734897,0.633220242216617,17.070046693890628,2.4018046020883053,0.005784722725208396,14.178247595175261,1000000.0,675030.953175311,0.11807589828510437,1.2953,False,0.2
e197,ok,,0.041744697101842615,0.8322045426352634,3.755396787056896,1.7678399999962162,0.4707465283266838,0.4707465283266838,12.006030390412285,4.112840670829201,0.07932278461085601,1.7945057040568237,10.211523486384658,24.012059580853766,13.80053609446911,0.041744697101842615,11.601757311910033,31.29280030534128,0.5255533282148265,25.857303543587538,2.0802824369808857,0.006106674288595871,16.36250400197537,1000000.0,974851.2411726291,21.550516270640323,0.6368788631421751,17.361549241661894,3.049363442331329,0.006055193783941617,14.390993590147366,1000000.0,671354.0280624474,0.13477724199249397,1.2873,False,0.19
e201,ok,,0.04622463264587486,0.8560569414038822,3.6507597969765446,1.7678399999999996,0.48423892513116706,0.48423892513116706,11.653094566093623,3.8478318954339183,0.0997322350659495,1.8097552487980704,11.484730695018298,24.94758050990999,13.462849814891694,0.04622463264587486,11.347949490766837,31.292800306158274,0.530815065211512,27.013153854023138,1.572129492875747,0.005789034412812114,16.043602374884205,1000000.0,1002792.1371582515,20.90144417466295,0.6420784245662998,17.087981730864406,2.4721358229373567,0.005798493455711698,14.038244839782642,1000000.0,669796.3642927589,0.11861728889534007,1.3102,False,0.2
e203,ok,,0.04374651800676215,0.853212249370796,3.6629317826891574,1.7678399999999987,0.4826297908016543,0.4826297908016543,12.3658142127199,4.344899514063663,0.07893486093479865,1.7993023145266611,10.782462902402813,24.947579429649373,14.165116527246562,0.04374651800676215,11.542615668481668,31.292799958712365,0.5325848426641318,27.04555328066712,1.605433345365243,0.006714179100297714,15.617439256914144,1000000.0,999459.8304328877,21.383502511487183,0.6476072485176645,17.908385234816105,2.6441433537427526,0.0067557377629777595,13.705738249560042,1000000.0,682967.0666220441,0.13624446953084624,1.3179023411371238,False,0.19
e205,ok,,0.04734677325223224,0.8567571790895674,3.6477759881989584,1.7678399999999996,0.48463502301654426,0.48463502301654426,11.002512448253148,3.40732742056472,0.10623804498410193,1.8134161311991766,11.803804286880403,24.619732866332726,12.815928579452324,0.04734677325223224,11.451984427922778,31.292800306318718,0.5234112399335749,26.79465804023119,1.7075671395505414,0.005771264686888701,16.18786466163593,1000000.0,1003612.4013437162,21.05048078576759,0.6021082826940215,16.38240481425363,2.33333090487707,0.0059067866227374595,14.665159605854518,1000000.0,675124.0976851167,0.10473386445699974,1.2779772575250836,False,0.19
e207,ok,,0.04585161650337689,0.856757151973852,3.647776103648253,1.7678399999999865,0.48463500767821666,0.48463500767821666,11.729215938307814,3.8917966818875294,0.10623778776447405,1.8045447252176254,11.38265950367038,24.91642016719582,13.533760663525438,0.04585161650337689,11.516005071768788,31.292800306103196,0.5297187771353119,26.96722300190181,2.3397850682426826,0.005989882290779337,15.957198809781211,1000000.0,1003612.3695732396,21.272226194301304,0.6226459774113171,17.178860854153832,2.9570103760308943,0.006194442941530122,14.221007968130403,1000000.0,682235.8219183359,0.12020446433960726,1.3054287625418062,False,0.2
e209,ok,,0.04408749002253644,0.8453356498406448,3.6970619495216415,1.7678399999999994,0.4781742973575918,0.4781742973575918,12.267749886810128,4.282474965012985,0.0790760665862297,1.8092589323578694,10.870571773905963,24.94758059307396,14.077008819167997,0.04408749002253644,11.675298254214308,31.292800305828617,0.5375473313896858,26.702406442458976,2.678981564683313,0.006717499182861307,15.644365009155745,1000000.0,990233.1280915249,21.51027702633067,0.6419415827210392,17.520951271069904,3.6886901171024666,0.0066424634096820916,13.935633225653895,1000000.0,680673.7875079623,0.13684803066465545,1.3395,False,0.19
e210,ok,,0.04780885161488992,0.7777185150815382,4.018495387463339,1.7678399999999996,0.43992585023618563,0.43992585023618563,11.197463624021552,3.592960756044095,0.08043550717168184,1.8144747974395088,11.9356421726371,24.947580594098163,13.01193842146106,0.04780885161488992,10.951299443105501,31.292800306382556,0.584283277164046,27.517064338042527,0.2716353677602007,0.007151202429122031,15.707592620782178,1000000.0,911025.8607012453,20.11840094364018,0.7372910420761616,16.841546521476875,1.6684574211609668,0.00740047814377399,13.346112417771023,1000000.0,585706.0843440795,0.1363752728987367,1.5429030100334447,False,0.19
e211,ok,,0.04829372359352677,0.8414978996619628,3.7139228355239426,1.7678399999999996,0.4760034277208135,0.4760034277208135,11.0580114893218,3.477407865464958,0.07914737715527637,1.8183359490713302,12.07123315581241,24.94758059420554,12.876347438393129,0.04829372359352677,11.252310655727921,31.292800306448314,0.5399988792432964,27.262478585893685,1.0206286626451178,0.005938168499453409,16.020291226165668,1000000.0,985737.5560090212,20.62748756901378,0.6414359544807494,16.561208056338522,1.9751830819323584,0.006272566702516425,14.111731699701494,1000000.0,649775.3152087241,0.10948880165590483,1.3501695652173913,False,0.19
e212,ok,,0.05101247411079956,0.8005091819408099,3.9040879681391116,1.7678399999999996,0.45281766559236697,0.45281766559236697,10.276082278968623,2.97087567819492,0.07995164585544219,1.8269990903929405,12.844499225388116,24.94758059474968,12.103081369361563,0.05101247411079956,10.946717987286132,31.29280030679365,0.5676486078538557,27.26814369763463,0.6440681932201998,0.005569582635535264,16.330295287644844,1000000.0,937723.0351909475,19.97212814691253,0.6760631554950922,15.65058680917251,1.6814018804867306,0.006007384618733862,14.258929996107268,1000000.0,598486.6947519382,0.10553657973534236,1.4705060200668896,False,0.19
e214,ok,,0.05128186099317925,0.7707242700404682,4.054962827933135,1.7678399999999994,0.4359694712420063,0.4359694712420063,10.19860497059589,2.929404300243772,0.0805896657107093,1.7902056683254004,12.958769955883653,24.947580594804943,11.98881063892129,0.05128186099317925,10.389695236127322,31.29280030682566,0.5895855889928936,27.652245357251747,-0.16149169064618402,0.005832424723293116,16.30879180794433,1000000.0,902832.7445866241,19.34544061976611,0.7413548482231714,15.730926972213798,1.2638809357231684,0.006206090707454239,13.692450585435404,1000000.0,558137.880877709,0.1110151474104881,1.5659795986622074,False,0.19
e216,ok,,0.05438619148678077,0.720073993672801,4.340190443011756,1.7678399999999996,0.40731853203502644,0.40731853203502644,9.305780610106432,2.350436804382778,0.0817958453771993,1.8570317851190314,13.784768200061897,24.947580595287363,11.162812395225464,0.05438619148678077,9.926882505565462,31.29280030717418,0.6310572617460105,27.75000043266414,-1.8562849829689134,0.005578949242680665,16.593421830331966,1000000.0,843500.5945591563,17.818547112139985,0.8708798424836104,14.854832649643402,0.3376885643561261,0.005914914912888014,12.860250018174797,1000000.0,480300.73805266485,0.1041877885665622,1.7464715719063544,False,0.19
e220,ok,,0.04538949973474179,0.8567570589198727,3.647776499823098,1.7678399999958891,0.48463495504223514,0.48463495504223514,11.652114995677978,3.8403969755531735,0.10623690439043576,1.8029008606472936,11.251395770450634,24.706411626775903,13.455015856325272,0.04538949973474179,11.489370334643594,31.292800306033715,0.5252540889862696,26.71749927774577,2.5988111536064142,0.006156504113692879,15.962178789671807,1000000.0,1003612.2605691411,21.242377743237967,0.6207640896078459,17.002309047715475,3.2501235156445256,0.006178856431055389,14.256979151614322,1000000.0,681278.4582479193,0.11459179802287382,1.2859976588628763,False,0.2
e221,ok,,0.04686804271043857,0.8567571795826944,3.6477759860993944,1.7678399999999996,0.48463502329548747,0.48463502329548747,10.4708499996941,3.0528857834570657,0.1062380495276583,1.8130154757425574,11.666519122178476,23.950384597615134,12.283865475436656,0.04686804271043857,11.596554940276876,31.29280030625121,0.5091810118340162,26.187026808473973,2.861951280909578,0.0059144082625698395,16.397682357723767,1000000.0,1003612.401919204,21.320933908975178,0.5625630045941912,15.839849825797922,3.35604160001451,0.006102429463031201,15.292389112944745,1000000.0,683797.9817125098,0.09377771535395789,1.2160448160535116,False,0.19
e222,ok,,0.04964925567800944,0.8393929093481696,3.7232364376617353,1.7678399999999996,0.47481271458286367,0.47481271458286367,10.66815220445722,3.2182802042038503,0.0791867673660589,1.8104643743834583,12.468964015650416,24.947580594491093,12.478616578840679,0.04964925567800944,11.206835047043851,31.292800306625224,0.5413530631989512,27.045242928092055,1.4595646286961097,0.005413298606280485,16.280340155396352,1000000.0,983271.7530599028,20.633444850965862,0.6228220513591485,15.957423123270532,2.2750260164490332,0.005688295969769651,14.6421013479866,1000000.0,648337.102831243,0.1016583051499997,1.3560632107023411,False,0.19
e224,ok,,0.04995253388376974,0.83305520715769,3.751562007832666,1.767839999999989,0.4712277169640325,0.4712277169640325,10.580927545226894,3.1624608438286677,0.07930654532014707,1.8008363655893207,12.565816683972997,24.947580594789212,12.381763910816215,0.04995253388376974,11.38340907554839,31.29280030658386,0.5454715591515269,26.929545900752846,2.815548400883124,0.005703732966675952,16.16012113787931,1000000.0,975847.7166225193,21.07059677578051,0.5971196745636916,15.77322890077662,3.2719035659214697,0.006029350150226884,15.062348153696586,1000000.0,657074.264689349,0.10172412057856328,1.3739876254180603,False,0.19
e226,ok,,0.042719724125382635,0.8567270794895996,3.647904146390971,1.7678399999987378,0.48461799681544215,0.48461799681544215,10.936822751561344,3.363831984144533,0.10595227317434108,1.793075969729716,10.493376932333014,23.223275653624075,12.729898721291061,0.042719724125382635,11.847377478674138,31.292800305602853,0.4937401485070233,25.12903297711979,3.390939394214494,0.006185165208844961,16.55709173313472,1000000.0,1003577.1424026808,22.02430846708628,0.5463666846784124,16.272660997996255,3.7706831824619425,0.006631521025136736,15.358685128802021,1000000.0,706331.5631371011,0.10177398980746438,1.1488434782608696,False,0.2
e228,ok,,0.04038523720041483,0.8559481945187498,3.6512236203233654,1.7678399999999994,0.48417741114509805,0.48417741114509805,10.855076190533632,3.316846784336452,0.09874813284459183,1.804485313407333,9.810554927768344,22.470116431709307,12.659561503940965,0.04038523720041483,12.163216006191384,31.29280030517942,0.4781622683733694,24.6138846898732,4.141638450430211,0.0069227603653519406,16.44864504627989,1000000.0,1002664.7501318448,22.4684861953316,0.5225524325514832,16.37442296413255,4.463148556837469,0.007355110255296936,15.45770336399338,1000000.0,719921.4796112123,0.10063157125112185,1.0810458193979933,False,0.2
e230,failed,Infeasible_Problem_Detected,,,,,,,,,,,,,,,,,,,,,,,,,,,,,,,,,,,0.54
e231,failed,Maximum_Iterations_Exceeded,,,,,,,,,,,,,,,,,,,,,,,,,,,,,,,,,,,1.22
e266,failed,Infeasible_Problem_Detected,,,,,,,,,,,,,,,,,,,,,,,,,,,,,,,,,,,1.25
e297,failed,Infeasible_Problem_Detected,,,,,,,,,,,,,,,,,,,,,,,,,,,,,,,,,,,1.11
e325,failed,Infeasible_Problem_Detected,,,,,,,,,,,,,,,,,,,,,,,,,,,,,,,,,,,0.74
e326,failed,Maximum_Iterations_Exceeded,,,,,,,,,,,,,,,,,,,,,,,,,,,,,,,,,,,1.22
e327,ok,,0.041147355300373244,0.8088343001672789,3.8639042198481097,1.7678399999927146,0.45752686904392487,0.45752686904392487,11.834231232310291,4.00671447514426,0.07978169804239142,1.7724654863203555,10.061764563130623,23.668461281761267,13.606696718630646,0.041147355300373244,11.693938706414254,31.292800305207827,0.5330008789910718,25.643594393707797,4.024443501578033,0.007817911764171117,15.759125403124669,1000000.0,947475.1470623065,21.991850328758563,0.6204059016139939,17.127330153963737,4.813166731660203,0.00804567159754302,14.335585828507734,1000000.0,665863.4389120187,0.13117305463210008,1.319713043478261,False,0.19
e328,ok,,0.044116126162403214,0.8295292924319333,3.7675080242647807,1.7678399999999985,0.4692332408090857,0.4692332408090857,12.259513958875194,4.282806124482905,0.07937397776471973,1.7906327664204635,10.897433868164685,24.947580593460344,14.050146725295658,0.044116126162403214,11.647740104727275,31.292800305711104,0.547790086322481,27.33358005991326,3.3707153931233362,0.007777849816391229,15.238605614301047,1000000.0,971717.4311058414,21.68272639548813,0.6425806915854886,17.888790145999273,4.231877982139366,0.007986931783031576,13.745287430251166,1000000.0,673301.3021065185,0.13334874486621573,1.3840782608695652,False,0.19
e329,ok,,0.045407689863859,0.8020945177581652,3.896371557724917,1.7678399999999996,0.45371442990212085,0.45371442990212085,11.888052370432426,4.0449677301625595,0.07991901074350882,1.7999398482575146,11.259588374785453,24.947580593475394,13.68799221868994,0.045407689863859,11.542309059275352,31.292800306036476,0.5665266532076152,27.46343877862954,2.801308649757398,0.007740220674597915,15.364099494907958,1000000.0,939580.1105746975,21.37536072006189,0.666183105525777,17.561797723616557,3.706716822583487,0.008002154289664356,13.796515574602436,1000000.0,641804.6193537866,0.13537765036968813,1.465623076923077,False,0.19
e330,ok,,0.046933357189157886,0.8535367739110646,3.661539093712612,1.7678399999990686,0.4828133620189125,0.4828133620189125,11.449260237865218,3.7318957306174694,0.08077471429099066,1.803356219464942,11.694963287637721,24.947579744967882,13.25261645733016,0.046933357189157886,11.74158980781927,31.292800150430487,0.5323823479601077,27.973893269470793,4.708051160321209,0.008579623653131842,14.806098889930077,1000000.0,999839.9872685643,21.70321773939005,0.5879460199797092,17.22911117082958,5.153908745458418,0.008736311645464317,13.956679003208096,1000000.0,693442.0967099074,0.11028070765409029,1.3170210702341136,False,0.19
e331,ok,,0.04670230562277441,0.8504828480170566,3.6746870003159913,1.7678399999999996,0.481085872034266,0.481085872034266,11.515712991956427,3.779193899841348,0.07898143619883237,1.8009268922407877,11.630940709628083,24.9475805938253,13.316639884197215,0.04670230562277441,11.907055304589589,31.292800306227512,0.5342940469193579,27.854349845449715,4.057071194170082,0.00829198349251268,14.93792103350421,1000000.0,996262.5983532268,22.038753777088527,0.5749913976651555,17.28860310280789,4.553783667542925,0.008396416952306397,14.2971749309603,1000000.0,701643.3776321294,0.11271217568412692,1.3253411371237458,False,0.2
e332,ok,,0.04721752023943374,0.8319077074514573,3.756736760107925,1.7678399999999996,0.4705786199268358,0.4705786199268358,11.367534129741749,3.6872850070761185,0.07932845095502632,1.804874982042172,11.775171482170904,24.947580593954825,13.17240911178392,0.04721752023943374,11.600482269257576,31.292800306300627,0.5462239604617266,27.83338012544848,3.621325374518502,0.008001844342771278,15.134639967800325,1000000.0,974503.5260264056,21.42435050382624,0.6152916918170468,17.08608976640622,4.281176941834731,0.008123267599014432,14.058985918334093,1000000.0,667185.5795724546,0.11528349917089345,1.3772622073578595,False,0.2
e333,ok,,0.047676905534021576,0.8161246592124602,3.8293883542445517,1.7678399999999996,0.46165074849107407,0.46165074849107407,11.235412120639904,3.6049092072816293,0.07963571723555452,1.7704981152386128,11.941670358189285,24.9475805940678,13.005910235878517,0.047676905534021576,11.296927718556365,31.292800306363624,0.5567873946382995,27.454893400738385,3.147418568376558,0.007738044329647625,15.308808287019549,1000000.0,956015.1335989994,21.268831299177183,0.6283524563323009,16.65344618438682,3.8322618166253886,0.007867944623680685,14.173256501646417,1000000.0,649776.4468794606,0.1174652739514568,1.4232361204013377,False,0.2
e334,ok,,0.04843383007221537,0.7961657812073786,3.9253863194931227,1.7678399999999996,0.45036076862576857,0.45036076862576857,11.017716012580536,3.4668112133796773,0.08004172322216571,1.8189071133082084,12.110957468349351,24.947580594238097,12.836623125888744,0.04843383007221537,11.181512735938037,31.292800306467058,0.5707453565939377,27.771838157640953,2.696626021357415,0.007492344086415492,15.491505791515108,1000000.0,932635.1398632248,20.491265797517322,0.6848824329190221,16.701049666501167,3.6868505737024813,0.0077558464233841995,13.692568951151223,1000000.0,610711.5488508254,0.11933239151056146,1.4839836120401337,False,0.2
e335,ok,,0.040916976288291634,0.8197532980124935,3.8124375628341363,1.767839999999999,0.463703331756547,0.463703331756547,11.767972818378844,3.9586491802530888,0.07956402902424488,1.7824625454326606,9.985509096673415,23.53594446048492,13.550435363811506,0.040916976288291634,11.749959461512542,31.29280030528011,0.522956925207037,26.492887239018703,4.65449746233913,0.009330972675147625,15.069970123831144,1000000.0,960265.7508801984,21.97327042788895,0.6106424515126339,17.580594980196427,5.450002989642648,0.009483934199108254,13.854248144768235,1000000.0,674282.2253325202,0.12577973906569176,1.276,False,0.2
e336,ok,,0.044371623396492685,0.8392145742092518,3.724027634463768,1.7678399999999996,0.4747118371624423,0.4747118371624423,12.186031397663458,4.230265520147234,0.07919011337165163,1.7662846371011187,10.995264558401495,24.947580593166073,13.952316034764577,0.044371623396492685,11.68418192260533,31.29280030587274,0.5414681020392614,27.574760018855525,4.411704645474896,0.009196299078315543,14.618127249578608,1000000.0,983062.849788782,22.050394515842346,0.6098834891500492,17.75868944452026,5.109891182674078,0.0093443398233172,13.65313411540385,1000000.0,692712.8112482405,0.12798253496021855,1.356563879598662,False,0.21
e337,ok,,0.04482198962957033,0.824184299449162,3.7919410351407348,1.7678399999999992,0.4662097811165956,0.4662097811165956,12.056503325909379,4.1494056485919115,0.07947730857077102,1.7891871214236854,11.10189014630977,24.947580593642833,13.845690447333064,0.04482198962957033,11.710558432721546,31.29280030582421,0.5513426099138528,27.700870752722146,3.952205034273202,0.008653042302380695,14.898977736800624,1000000.0,965456.2623984938,21.817279091902666,0.6294995500539579,17.784510573497712,4.729011816656347,0.008776636253135378,13.76344719236623,1000000.0,673114.2154718827,0.13104202601089096,1.3995394648829431,False,0.2
e338,ok,,0.045069528369564946,0.8147630989878968,3.835787690289621,1.7678399999999996,0.46088056554207224,0.46088056554207224,11.985309676119263,4.1053271577877295,0.07966278021537097,1.7976976976364667,11.164573219631025,24.947580593386753,13.78300737375573,0.045069528369564946,11.615905127652196,31.292800305981594,0.5577178486188836,27.33511607330943,3.3954665480699866,0.008377109648813556,15.050144914269266,1000000.0,954420.1907495154,21.53848436794884,0.6504121961355849,17.486363799734566,4.287166269516467,0.008537236047485594,13.680461987866426,1000000.0,656916.7398861322,0.13301747438373662,1.427285618729097,False,0.2
e339,ok,,0.045993857617019386,0.7923527936932914,3.9442761992831974,1.7678399999999996,0.44820390628862994,0.44820390628862994,11.71946695396201,3.9359654449517625,0.08012161437952894,1.8052973933429706,11.422816246335401,24.94758059364038,13.52476434730498,0.045993857617019386,11.38269878673185,31.292800306124306,0.5734919171346526,27.714257909949534,2.8898167458736,0.00817354789668834,15.226157313278977,1000000.0,928168.5749397755,21.017218231754175,0.6892344275628369,17.482491408297484,3.9944453134523243,0.008399866389762508,13.515355472411304,1000000.0,623386.8910590188,0.13537417787499936,1.4959371237458194,False,0.2
e342,ok,,0.043482191670808475,0.8149179373456816,3.8350588720374086,1.7678399999999947,0.46096815172509054,0.46096815172509054,12.441836852857667,4.409622630086717,0.07965922036533819,1.7845025187488261,10.721240857099893,24.947580228706386,14.226339371606494,0.043482191670808475,11.768538991185276,31.292799898088223,0.5576118857991357,27.53066149976243,3.9139235219755832,0.009233861101692211,14.709372935120397,1000000.0,954601.5572314758,21.982856786021966,0.6443433392003269,18.072319921352623,4.804468289813088,0.009302715528623544,13.539075310136564,1000000.0,670597.3702792608,0.14249671710268014,1.426824414715719,False,0.2
e343,ok,,0.04449397687853287,0.7929508921674939,3.9413011530351545,1.7678399999999994,0.4485422278981662,0.4485422278981662,12.150841790949512,4.223342062128241,0.08010897184894009,1.7879051303926383,11.00883367190302,24.94758059324517,13.938746921342151,0.04449397687853287,11.666075659898196,31.29280030588405,0.5730593498161203,27.51030052821096,3.5209636181354402,0.008638210322509877,15.038033590443542,1000000.0,928869.1924011415,21.749990089120356,0.6627742575946608,17.812958545053966,4.383876670006599,0.008825677701845329,13.737933309540702,1000000.0,645608.4316945985,0.14467780544763326,1.4940545150501672,False,0.19
e344,ok,,0.045421754407809545,0.771805684093592,4.0492812245485075,1.7678399999999996,0.43658118613312974,0.43658118613312974,11.884007321919144,4.052644295537745,0.08056571238780547,1.7999630843436898,11.263610187218081,24.947580593480915,13.683970406262834,0.045421754407809545,11.533705584894298,31.292800306038608,0.5887594922748,27.750984331703393,2.9662592419449956,0.008804620512157522,15.065065647586074,1000000.0,904099.521873966,21.35915209449933,0.6931743090500001,17.652133172903483,3.9455068468529992,0.00895304874831144,13.612821522813864,1000000.0,617100.3875464522,0.14717904858886735,1.5623842809364548,False,0.19
e360,ok,,0.04609552706952708,0.8278203235194694,3.7752857435451643,1.7678399999999996,0.46826654194919765,0.46826654194919765,11.690226200107183,3.903902809287039,0.07940689878112211,1.7919984545220187,11.465355939050928,24.94758059368013,13.482224654629203,0.04609552706952708,11.873540733414552,31.292800306135305,0.5489209551784588,27.132813980485512,4.184681026795475,0.006914284791593065,15.620034320035584,1000000.0,969715.5308888077,22.086218328764488,0.5955100166665656,17.285068785136474,4.686452289642292,0.007610462074122627,14.583952429915094,1000000.0,684417.7805271348,0.12228681849418063,1.389,False,0.19
e361,ok,,0.04634262312466101,0.8299742961678229,3.7654880157494217,1.7678399999999996,0.46948496253497096,0.46948496253497096,11.61915986953723,3.855741238826933,0.07936545514007332,1.7903731922679718,11.538047532041478,24.94758059384668,13.4095330618052,0.04634262312466101,11.819684527130176,31.292800306133675,0.5474963800721466,26.999164347447135,4.332968181507596,0.006826900533073697,15.65104093608063,1000000.0,972238.7121527031,22.00599774053714,0.5950770514728808,17.089019974748563,4.792152056967654,0.007481375781200936,14.605920533216228,1000000.0,683706.2421256525,0.12107430052371641,1.3828,False,0.19
e374,ok,,0.04421439197289732,0.8566122906800964,3.648392977316627,1.7678400000001055,0.48455306514166735,0.48455306514166735,11.454645407081069,3.7101772749579727,0.10486754882401986,1.8004894189194585,10.915839061330974,24.1709738873315,13.255134826000527,0.04421439197289732,11.571873431598625,31.292800305850477,0.5139576187786226,26.064422755132163,2.654555498648306,0.00577866101240271,16.375495895441524,1000000.0,1003442.6778549372,21.423570187827675,0.6013432944788148,16.78752607546338,3.2758872761926625,0.0060034822826103545,14.645990353028372,1000000.0,686973.5027985935,0.1090648773539003,1.2368334448160536,False,0.19
e377m,failed,too few converged polar points,,,,,,,,,,,,,,,,,,,,,,,,,,,,,,,,,,,0.01
e378,ok,,0.06487937300253452,0.7301647695533406,4.280209612840941,1.7678399999999996,0.41302650101442484,0.41302650101442484,6.287877684728912,0.3353723350532549,0.08154235612936428,1.8958895561197426,16.763813355529813,24.947580596378465,8.183767240848654,0.06487937300253452,8.36793625248209,31.29280030810477,0.6223361378726769,30.190376750766923,0.45655456110759873,0.008841402439213088,15.236701599359144,1000000.0,855321.0123883018,14.712418638296072,0.9235715877201083,11.59395348210927,3.2256271053911783,0.008313545000165776,11.720981774930515,1000000.0,402132.1415945229,0.04076385032137765,1.708515719063545,False,0.19
e385,ok,,0.055994995258429575,0.7552769955794703,4.137896803281041,1.7678399999999996,0.42723153429013394,0.42723153429013394,8.843078845056446,2.030818601151364,0.08094049254321278,1.868368384341244,14.236133366103482,24.947580595501172,10.71144722939769,0.055994995258429575,9.329750122550442,31.292800307339498,0.6016440661642691,28.751570713602774,-1.039416239627952,0.007411243154232332,15.688114015956712,1000000.0,884737.6803348175,16.6450938347114,0.9130103858509458,14.558571042229481,1.7614544941670949,0.005871056303673126,11.838803237754252,1000000.0,470604.7897165641,0.08418983433141783,1.6184602006688964,False,0.19
e387,ok,,0.052310468748645006,0.8337830118209633,3.7482872897284216,1.7678399999999996,0.4716394084424854,0.4716394084424854,9.902771114199624,2.710089983187387,0.07929271544284813,1.8399712211564476,13.204838259614306,24.947580594970376,11.742742335356072,0.052310468748645006,10.744865777658118,31.292800306945864,0.5449954199835665,27.516565630964266,1.3323447964386954,0.005242497942119546,16.381747195996663,1000000.0,976700.2729982644,19.465641009509593,0.6629570407323562,15.31785215904459,2.3929412935704333,0.0055277183936762835,14.105824520668618,1000000.0,607554.9871404201,0.09068898678469445,1.3719153846153846,False,0.19
e392,ok,,0.05155423481605407,0.8108180387954835,3.8544508336824235,1.7678399999999996,0.4586489947028485,0.4586489947028485,10.120268599925321,2.863369968174111,0.0797417148238751,1.833422322832284,12.993889672086853,24.94758059484446,11.953690922757605,0.05155423481605407,11.02061020702698,31.29280030685812,0.5604314420259232,27.39297113817252,0.9884429202369904,0.0054746361556298395,16.34178741797033,1000000.0,949798.9148420002,20.036500537425304,0.654999839197755,15.471647428171003,1.8082022499687027,0.005562658373685621,14.57848201421568,1000000.0,608147.7618194163,0.10143389272101934,1.439095652173913,False,0.2
e393,ok,,0.05029901959629526,0.7927290368249296,3.942404176485587,1.7678399999999996,0.448416732750096,0.448416732750096,10.481276143443088,3.110374961164176,0.0801136970162432,1.831383714598136,12.634920736577396,24.94758059461862,12.312659858041224,0.05029901959629526,10.898263746524085,31.292800306706642,0.5732197277938531,27.56616088499593,0.2735535145393941,0.006275777192575137,16.03270696808518,1000000.0,928609.309253828,19.836119286295155,0.7040767627281646,15.979713844962333,1.4370862266115565,0.006337453134094103,13.857204839026025,1000000.0,588633.9620674767,0.1152321722789957,1.494752508361204,False,0.2
e395,ok,,0.05072710322632982,0.7495405545159325,4.169565271379279,1.7678399999999996,0.4239866472734708,0.4239866472734708,10.35815668371917,3.042732035668311,0.08107442646937524,1.8397061408656783,12.749717770114778,24.947580594699623,12.197862824584847,0.05072710322632982,10.438783445722708,31.292800306759144,0.606248614521579,27.764916899471576,-1.0298753881243974,0.006718142555061427,15.998539853847847,1000000.0,878017.9661082026,18.91386023351663,0.8113992091226575,16.006513101525837,0.783420034334653,0.006609938235383057,12.99170861668399,1000000.0,530687.8556950395,0.12285352265060547,1.6385,False,0.2
e396,ok,,0.049571904369873285,0.7511347764961891,4.1607157109385335,1.7678399999999994,0.4248884381483558,0.4248884381483558,10.69039891187491,3.2637112412659857,0.08103697635517612,1.8265924835720153,12.430589199031914,24.94758059447884,12.516991395446926,0.049571904369873285,10.448572474996409,31.292800306615387,0.6049619015416143,27.680803499138474,-1.0792103256810854,0.006933332340295804,15.902048013285293,1000000.0,879885.4508349019,19.067512447300366,0.8175236457003348,16.369692786241856,0.7906914960520647,0.0067726730359502245,12.8572400724596,1000000.0,536136.9587127117,0.13058133485601392,1.6329,False,0.19
e397,ok,,0.04855722771067163,0.7574349877410564,4.126107608153465,1.7678399999999999,0.4284522285620059,0.4284522285620059,10.98222610007317,3.45621201422941,0.08089063290823624,1.8302034241507046,12.135151070042665,24.94758059426654,12.812429524223875,0.04855722771067163,10.59586883115299,31.292800306483475,0.5999299346579505,27.632393828013075,-1.0014153757803643,0.0069607182400930724,15.866276836302758,1000000.0,887265.5700654269,19.298162326900794,0.8101408524613216,16.731067268491124,0.8434377841390774,0.006868576930286999,12.833492658176825,1000000.0,547173.6255781874,0.13513886250988316,1.611,False,0.19
e398,ok,,0.04819361959356427,0.7551501595999067,4.138591809681695,1.7678399999999996,0.42715978798981064,0.42715978798981064,11.086802009506998,3.5266753903460963,0.08094343190737613,1.827891055629038,12.032887529050273,24.94758059418631,12.914693065136037,0.04819361959356427,10.645614262808447,31.292800306434852,0.6017451190685605,27.680409075928026,-0.8412015899564096,0.007247191289516853,15.75601383380931,1000000.0,884589.1036003039,19.41329094354393,0.8093917281377725,16.88127317550333,0.9827459407641346,0.007271242887681346,12.795421683620294,1000000.0,548777.5291925576,0.14157834633968647,1.6189,False,0.19
e399,ok,,0.04718163432376158,0.7583062702964188,4.12136677226518,1.7678399999999996,0.42894508003915455,0.42894508003915455,11.377855137693656,3.7196794720354722,0.08087058263524632,1.823075142299213,11.746650313956131,24.947580593949,13.20093027999287,0.04718163432376158,10.713373750316498,31.292800306295586,0.5992406241414625,27.58390510415715,-0.8195036402280023,0.0072658836028076405,15.735800057867113,1000000.0,888286.197606594,19.588466216126598,0.809217644157907,17.21747359073193,1.0244084699418037,0.007374189412872104,12.729731165905557,1000000.0,556043.6906174772,0.1483124497629352,1.608,False,0.19
e403,ok,,0.04352396244423878,0.8063206865295757,3.8759495047196464,1.7678399999998626,0.45610501319669106,0.45610501319669106,12.42982330045554,4.404662530053366,0.07983185230422762,1.8101126900901567,10.707644222920143,24.94758021346584,14.239935990545696,0.04352396244423878,11.15712822448005,31.292799877829573,0.5635573237047621,26.83208346245232,-0.1693013719419207,0.00624021364692823,16.00074068800306,1000000.0,944530.6664839435,20.545918283729144,0.7462003355355346,18.04614463305903,1.4567101749435116,0.00606015772314165,13.121360762440494,1000000.0,620150.6405888702,0.14956934995838878,1.4527,False,0.19
e407,ok,,0.046509465265247574,0.7678454546143272,4.070165743404383,1.7678399999999999,0.4343410346039954,0.4343410346039954,11.571175053482854,3.845410616757873,0.08065403911802743,1.8190871394183188,11.557318400877735,24.94758059377891,13.390262192901172,0.046509465265247574,10.89023473409111,31.29280030619973,0.5917960703833767,27.027437958017632,-0.29979035112049174,0.005997981372493901,16.244466679400382,1000000.0,899460.4765171739,19.955493972970476,0.7810819748302303,17.168824122214215,1.4278799495869614,0.006014562146318321,13.232321526102497,1000000.0,573588.1078852353,0.14426852091972503,1.5756,False,0.19
e417,ok,,0.04364235314636398,0.8238278818409622,3.793581565382512,1.7678399999999992,0.46600816920137716,0.46600816920137716,12.395773963998446,4.37571492843499,0.07948427660590081,1.8079302337734802,10.743876395222102,24.94758059299403,14.203704197771925,0.04364235314636398,11.246531404484404,31.292800305728324,0.5515811405723686,26.6703029218202,-0.07719472709551391,0.006167515405098824,15.972979758841547,1000000.0,965038.7518798724,20.735555672799833,0.7152207317630355,17.81890935801585,1.4135795234260067,0.0058950854796084255,13.347081884002947,1000000.0,639463.8565584463,0.14183703013933205,1.4005775919732442,False,0.19
e420,ok,,0.0544018169096759,0.6226113692509118,5.019597167588057,1.7678399999999996,0.3521876240219205,0.3521876240219205,9.30128664328838,2.3768176455854007,0.07070973392733161,1.8617739171944225,13.784520034798387,24.947580595281188,11.163060560482803,0.0544018169096759,9.372839807802098,31.292800307175774,0.7298419931653818,29.367881813780574,-3.5649672946974458,0.011646093775711956,14.840931862329489,1000000.0,729332.0752548911,16.781199409228634,1.1356030639477654,15.467281608890413,0.20015302541462848,0.010549477135424399,11.197752680034474,1000000.0,391114.4694708681,0.14337464517572923,2.1764,False,0.19
e421,ok,,0.05325405520958366,0.6484712595527657,4.819424484217558,1.7678399999999996,0.3668155826051938,0.3668155826051938,9.631389900022958,2.5891607159982706,0.0738499277301285,1.8526361652783927,13.463554529814026,24.947580595115376,11.48402606530135,0.05325405520958366,9.914854664990472,31.292800307051863,0.7007371814989692,28.7089809939311,-1.8798971839992253,0.009675843207227048,15.32982934315013,1000000.0,759624.5632968842,17.83918298118829,0.9925670051658751,15.568383662548591,0.8041979166209228,0.009844988863182321,12.083262429859165,1000000.0,433041.51270235196,0.14526918474044317,2.049730769230769,False,0.19
e422,ok,,0.05229908415566008,0.6851681674794102,4.561301026428545,1.7678399999999996,0.3875736308033591,0.3875736308033591,9.906045392494141,2.7612172523798604,0.07833754520532014,1.8396719804672363,13.201863222008214,24.947580594969594,11.745717372961376,0.05229908415566008,10.413512186422535,31.292800306944525,0.6632064130682295,28.302103883112785,-0.18647857192475054,0.009158906032681859,15.329371857157055,1000000.0,802611.6228553344,18.868422010351598,0.8588504046124046,15.56573157409801,1.6012997790229788,0.009309065493597078,12.914359834988778,1000000.0,483945.65720878734,0.13993697399053187,1.8863903010033445,False,0.19
e423,ok,,0.054230120056928906,0.6550428833687856,4.7710742990249315,1.7678399999999996,0.3705329008104725,0.3705329008104725,9.350667704062868,2.4000414333691396,0.07465092548959741,1.8610083650182667,13.735904526178732,24.947580595259865,11.211676069081134,0.054230120056928906,9.42106251438363,31.292800307157624,0.6937071361873304,29.03359206406706,-3.688594881374118,0.010043447425305952,15.174013500730934,1000000.0,767322.6174504639,16.874476388666775,1.0721276966369935,15.45969179160927,-0.16063112260688797,0.009335848569751235,11.33990838031339,1000000.0,413774.6466779516,0.12520251857552783,2.0191347826086954,False,0.19
e426,ok,,0.05093787121231731,0.8048009814302086,3.8832684573099163,1.7678399999999979,0.4552453736934392,0.4552453736934392,10.297538527056222,2.983675244777814,0.0798635567915447,1.8155701397812989,12.834471927936024,24.947580594773545,12.11310866683752,0.05093787121231731,11.545630056903496,31.29280030676985,0.5646214818179325,27.814675111862698,4.065855137538197,0.007700285877893983,15.369915156858124,1000000.0,942750.4843868446,21.197436926147923,0.5974571054865699,15.85043553966258,4.366521063140197,0.007855434445131308,14.801022128924968,1000000.0,638609.9592870967,0.10824243902439024,1.4573314381270903,False,0.19
e428,ok,,0.05045079790545579,0.8108997663809623,3.8540623578521305,1.7678399999999868,0.45869522489646597,0.45869522489646597,10.43762349984533,3.074910449039612,0.07973973512711857,1.8147788985881022,12.69517802280945,24.947580421242883,12.252402398433432,0.05045079790545579,11.542465567065817,31.292800082646195,0.5603749623276297,27.500201277463077,4.27852302286175,0.007817482682602921,15.296447452824008,1000000.0,949894.6444013994,21.20086653723282,0.5995883252613051,15.788106604822264,4.599238131547904,0.008022521302521323,14.619291354979023,1000000.0,643553.4540596895,0.11123348968105065,1.4388498327759198,False,0.19
e431,ok,,0.043892928992638046,0.7863782865295766,3.9742428283368607,1.7678399999999996,0.4448243543134994,0.4448243543134994,12.323706824170424,4.34084565989082,0.08024835240407995,1.7876363462048546,10.836237422629484,24.947580593004762,14.111343170375278,0.043892928992638046,10.96517614829658,31.29280030579862,0.5778490206099469,26.723968849249495,-0.10411224289270882,0.0065228549131719615,15.945817050006308,1000000.0,921169.9881336874,20.44632133296314,0.7656191622202922,17.89952267154376,1.5800471198000212,0.006830434584231412,12.977610846510608,1000000.0,601880.8606327615,0.15119797843556693,1.5149,False,0.19
e432,ok,,0.04283266310946332,0.7737238923992497,4.039242288239087,1.7678399999999994,0.43766624377729313,0.43766624377729313,12.318936072965776,4.341953943741237,0.08052326033001078,1.800374712695635,10.518560129192284,24.637870914853696,14.119310785661412,0.04283266310946332,11.126989289265591,31.29280030562217,0.5800088603952275,26.7655541419549,0.1480169657763728,0.007090325379403177,15.87041683956301,1000000.0,906346.5268370449,20.601247082624553,0.7669142118230341,18.09350124226658,1.8066538501294778,0.007494282614610078,12.999961028465744,1000000.0,596682.5774455831,0.15976408938599676,1.5243,False,0.2
e433,ok,,0.04524800660897046,0.780913229161564,4.002055732818697,1.7678399999999994,0.4417329787546182,0.4417329787546182,11.933978247256842,4.082888978012897,0.0803659761165065,1.8025659775787752,11.211036368597375,24.947580593432992,13.736544224835617,0.04524800660897046,10.9363434195009,31.292800306011582,0.5818929757272958,26.772444365834584,-0.20627842132113774,0.006084627902305133,16.160097014727356,1000000.0,914768.1750213702,20.223658117617987,0.7671169814499709,17.482601969783918,1.4885809267737664,0.00636320669085606,13.14265020949072,1000000.0,591188.9842902792,0.14213177172960864,1.5325,False,0.19
e434,ok,,0.04555352351120828,0.8005759433556794,3.9037623994798345,1.7678399999999996,0.4528554299912207,0.4528554299912207,11.846109725198781,4.017537302653473,0.07995022212000169,1.7971901991818098,11.30428066924137,24.94758059362196,13.64329992438059,0.04555352351120828,11.005115846130108,31.29280030603294,0.5676012706536135,26.899798695080527,0.6807453807632589,0.00610679666682878,16.081523836747653,1000000.0,937801.240038247,20.411706843160516,0.7295659624460017,17.377977902992285,2.1814764947833396,0.00638257147871647,13.360673865510147,1000000.0,611710.1634116999,0.1333359815603337,1.4703,False,0.19
e435,ok,,0.044116755629937,0.7690697074871038,4.063686601064579,1.7678399999999996,0.43503354799478683,0.43503354799478683,12.259332919847578,4.30377497773929,0.08062663694835519,1.8077485991054048,10.880499074126938,24.94758059307992,14.067081518952984,0.044116755629937,10.904904057673651,31.292800305834817,0.5908540126812657,27.10194933393804,-0.8836329458724694,0.0068020186297450165,15.889059250748037,1000000.0,900894.5763840693,20.10770757075058,0.8068995911742863,18.137569915676504,1.0313619522785118,0.007059814559772559,12.661952542484642,1000000.0,578884.7439974364,0.16231843864133333,1.5715,False,0.19
e471,ok,,0.055728025729232446,0.8521102819525895,3.667668765172681,1.7678399999999999,0.4820064496518857,0.4820064496518857,8.91986090794687,2.048015003003526,0.07895175382320349,1.8661066243088342,14.161613063209371,24.947580595465077,10.785967532255704,0.055728025729232446,9.851144974198697,31.292800307312724,0.533273605922957,26.99777285840826,-1.3276624685027412,0.0025051217227735232,17.81837645019316,1000000.0,998168.9878759345,17.596609693273997,0.7291411657362569,14.480892404621656,0.39261523280424065,0.004881159557288054,12.985943138053619,1000000.0,561291.7321265937,0.06259673617717289,1.3209,False,0.19
e472,ok,,0.04923417046876027,0.7913183230719314,3.949432452755061,1.7678399999999999,0.4476187455153925,0.4476187455153925,10.787533239177726,3.315033201690964,0.08014342176816969,1.8389807513456318,12.321066603885194,24.947580594408553,12.626513990523359,0.04923417046876027,11.67657576821957,31.292800306572083,0.5742416287532938,28.196312380035245,4.6624982407422415,0.008773597557896919,14.991877057966859,1000000.0,926956.7875647863,21.164941067990164,0.6353374170770492,16.635960153849375,5.073304850174598,0.00903668240750262,14.060966808002657,1000000.0,626948.869681753,0.12088404756006936,1.4992,False,0.19
e473,ok,,0.039715820394932114,0.7398428916208286,4.224218818610615,1.7678399999999994,0.41850104739163546,0.41850104739163546,11.422513031869878,3.7554106271359453,0.08130558672413664,1.7843361007972094,9.638175789157197,22.845024921824283,13.206849132667088,0.039715820394932114,11.786635256041235,31.292800305048818,0.5624314418056511,25.15983939503987,5.274147552600555,0.008555184114093057,16.051029661772976,1000000.0,866658.044039456,22.018712825039295,0.6567229213540072,16.922728670731193,5.812085611803868,0.008829388842693773,14.613578007999752,1000000.0,609811.0237240805,0.1617542682926829,1.4478,False,0.2
e474,ok,,0.0446980413098875,0.8167772489301758,3.826328744701811,1.7678399999999994,0.4620198937291701,0.4620198937291701,12.092151617458487,4.1758354761576575,0.07962276108002006,1.7794604140445602,11.075968561838298,24.947580593341346,13.871612031503048,0.0446980413098875,11.761982877598525,31.292800305900364,0.5563425319421652,27.657313489743967,5.301982029398869,0.008679406916108672,14.919797225777833,1000000.0,956779.5825438573,22.03286416632435,0.6240044768224993,17.860700468086524,5.8191444129637135,0.00904343778835863,13.855987973916127,1000000.0,673656.3801650729,0.14073467787114846,1.4213,False,0.2
e475,failed,Maximum_Iterations_Exceeded,,,,,,,,,,,,,,,,,,,,,,,,,,,,,,,,,,,1.2
e476,failed,Maximum_Iterations_Exceeded,,,,,,,,,,,,,,,,,,,,,,,,,,,,,,,,,,,1.29
e477,failed,Maximum_Iterations_Exceeded,,,,,,,,,,,,,,,,,,,,,,,,,,,,,,,,,,,1.37
e478,failed,Maximum_Iterations_Exceeded,,,,,,,,,,,,,,,,,,,,,,,,,,,,,,,,,,,1.25
e479,failed,Maximum_Iterations_Exceeded,,,,,,,,,,,,,,,,,,,,,,,,,,,,,,,,,,,1.3
e485,ok,,0.044073440629881236,0.853618245969382,3.661189624701514,1.767839999999719,0.48285944767033084,0.48285944767033084,12.271790572620532,4.2797554312356265,0.08123651440314648,1.7872535325070045,10.888536482845511,24.947580587973047,14.059044105127537,0.044073440629881236,11.83897225878379,31.29280030581983,0.5323315483864548,27.080814328313764,4.105008758604161,0.007183386964698512,15.40395232951157,1000000.0,999935.429271797,22.080382074980157,0.6025391266131838,17.833967813038644,4.785600179097002,0.00765908314025444,14.100845451040525,1000000.0,705560.2602789222,0.12516919862470885,1.3168,False,0.2
e49,failed,airfoil 'e49' not found in the aerosandbox UIUC database,,,,,,,,,,,,,,,,,,,,,,,,,,,,,,,,,,,0.0
e502,failed,Maximum_Iterations_Exceeded,,,,,,,,,,,,,,,,,,,,,,,,,,,,,,,,,,,1.28
e520,failed,Maximum_Iterations_Exceeded,,,,,,,,,,,,,,,,,,,,,,,,,,,,,,,,,,,1.34
e521,failed,Maximum_Iterations_Exceeded,,,,,,,,,,,,,,,,,,,,,,,,,,,,,,,,,,,1.32
e540,failed,Infeasible_Problem_Detected,,,,,,,,,,,,,,,,,,,,,,,,,,,,,,,,,,,0.62
e541,failed,Maximum_Iterations_Exceeded,,,,,,,,,,,,,,,,,,,,,,,,,,,,,,,,,,,1.32
e542,failed,Maximum_Iterations_Exceeded,,,,,,,,,,,,,,,,,,,,,,,,,,,,,,,,,,,1.38
e543,failed,Maximum_Iterations_Exceeded,,,,,,,,,,,,,,,,,,,,,,,,,,,,,,,,,,,1.43
e544,failed,Maximum_Iterations_Exceeded,,,,,,,,,,,,,,,,,,,,,,,,,,,,,,,,,,,1.29
e545,failed,Maximum_Iterations_Exceeded,,,,,,,,,,,,,,,,,,,,,,,,,,,,,,,,,,,1.43
e546,failed,Maximum_Iterations_Exceeded,,,,,,,,,,,,,,,,,,,,,,,,,,,,,,,,,,,1.29
e547,failed,Infeasible_Problem_Detected,,,,,,,,,,,,,,,,,,,,,,,,,,,,,,,,,,,1.03
e548,failed,Maximum_Iterations_Exceeded,,,,,,,,,,,,,,,,,,,,,,,,,,,,,,,,,,,1.38
e549,failed,Infeasible_Problem_Detected,,,,,,,,,,,,,,,,,,,,,,,,,,,,,,,,,,,1.2
e550,failed,Maximum_Iterations_Exceeded,,,,,,,,,,,,,,,,,,,,,,,,,,,,,,,,,,,1.27
e551,failed,Maximum_Iterations_Exceeded,,,,,,,,,,,,,,,,,,,,,,,,,,,,,,,,,,,1.27
e552,failed,Maximum_Iterations_Exceeded,,,,,,,,,,,,,,,,,,,,,,,,,,,,,,,,,,,1.25
e553,failed,Maximum_Iterations_Exceeded,,,,,,,,,,,,,,,,,,,,,,,,,,,,,,,,,,,1.28
e554,failed,Maximum_Iterations_Exceeded,,,,,,,,,,,,,,,,,,,,,,,,,,,,,,,,,,,1.18
e555,ok,,0.04498808508305119,0.7822414179417676,3.9952605345587213,1.7678399999999996,0.4424842847439631,0.4424842847439631,12.008733261425576,4.132274458831966,0.0803372426588254,1.802960642906771,11.135886689020486,24.947580593352832,13.811693904332348,0.04498808508305119,11.255784411974767,31.292800305972186,0.5809049639649367,27.278880628599566,1.2742629883927847,0.0073387712784677255,15.610962578885577,1000000.0,916324.0262738252,20.809817186447205,0.7272369315624375,17.72727729445383,2.619474261575072,0.007784908030521003,13.318608742578068,1000000.0,609358.5516112583,0.16022038564520633,1.5282,False,0.2
e556,ok,,0.0460682109381365,0.764787019175577,4.086442613747493,1.7678399999999996,0.4326109937412759,0.4326109937412759,11.698082485883429,3.9310303040111165,0.0807228786661904,1.8121990201387819,11.437299087639673,24.947580593661883,13.51028150602221,0.0460682109381365,11.095563784355306,31.292800306135288,0.5941627032217125,27.379080330021054,0.6968358337348269,0.00727305784162605,15.70720294704253,1000000.0,895877.8001048567,20.409023624615624,0.7564596219455205,17.444879820790494,2.1834005740053963,0.007717084454722346,13.214852619192088,1000000.0,584287.4721417604,0.16006139228847976,1.5859,False,0.19
e557,ok,,0.04692541644447373,0.7500806921498554,4.166562742259758,1.7678399999999996,0.42429218263522467,0.42429218263522467,11.451544960546094,3.7714830087667757,0.08106172804977231,1.8187036835163086,11.67733194982351,24.947580593885913,13.270248644062402,0.04692541644447373,10.914083307680745,31.29280030625937,0.6058120512345212,27.44352775768501,0.09684347606659173,0.007206619469113928,15.792796635316574,1000000.0,878650.6877579918,20.00341123295631,0.7886226841976898,17.23463305600734,1.775722720743775,0.00770978603090081,13.034698095805679,1000000.0,561663.0939170806,0.15997928790571767,1.6366,False,0.2
e558,ok,,0.046424846147078265,0.7585138472470457,4.120238907889195,1.7678399999999996,0.42906249844275834,0.42906249844275834,11.595512027331463,3.8647160502918916,0.08086579368953613,1.8075189737572108,11.544549592669199,24.947580593757873,13.403031001088674,0.046424846147078265,11.123980011117139,31.29280030618746,0.5990766343313237,27.67558320035264,1.0487260180025693,0.00815016894469335,15.377811727323795,1000000.0,888529.3549495802,20.514270615546582,0.7489169602983009,17.376014477080744,2.415965801790992,0.00847425240596848,13.227213970138257,1000000.0,582483.2376439202,0.16025793109933728,1.607286287625418,False,0.21
e559,ok,,0.04766702449471366,0.7359275393484888,4.246692912683722,1.7678399999999994,0.4162862811954074,0.4162862811954074,11.238253967737247,3.633811894078624,0.08140061358449963,1.8206691929490266,11.888657433380061,24.947580594066334,13.058923160686273,0.04766702449471366,10.923713324593443,31.292800306363123,0.6174628593261646,27.8018860091864,0.3304751248130604,0.00816020255585234,15.470319899452685,1000000.0,862071.5682434259,19.99944739530958,0.7913026817859895,17.064656541653004,1.9114119143854407,0.008550487238278417,13.036499974502103,1000000.0,550955.9646718684,0.16031710252431758,1.6873063545150502,False,0.2
e560,ok,,0.048507680923474836,0.7204163952082941,4.338127625061048,1.7678399999999996,0.4075122155898126,0.4075122155898126,10.996476057891643,3.4774618117767453,0.08178721701101,1.8271838272877559,12.123920709077872,24.94758059425727,12.8236598851794,0.048507680923474836,10.71108825399646,31.29280030647689,0.6307573310734789,27.883919014864805,-0.3585130460786597,0.008164797928729107,15.535514785328546,1000000.0,843901.6865132662,19.54024930612453,0.8315234860364275,16.873876205813627,1.4788983487287302,0.008658117572595258,12.786976813645753,1000000.0,526959.8496404013,0.16065213034396025,1.745166220735786,False,0.2
e561,ok,,0.0482441089954013,0.7078837000126343,4.414931810895236,1.7678399999999999,0.40042294552257807,0.40042294552257807,11.072280942263902,3.531821430900359,0.08113562482722886,1.8261511099088572,12.049148537032233,24.94758058920499,12.898432052172758,0.0482441089954013,10.708810081173366,31.2928003003044,0.6419245460550775,27.910702612362364,-0.35714317057909534,0.008455357126440246,15.48081245436274,1000000.0,829220.7841901729,19.54714120327797,0.8505793356647243,16.975022350528157,1.5350520179376215,0.008899146727933906,12.722342744729302,1000000.0,517975.24036545004,0.16891349035896983,1.7937678929765888,False,0.19
e562,ok,,0.04809012752862669,0.7476985833541803,4.17983708298613,1.7678399999999996,0.4229447140884811,0.4229447140884811,11.116566957814722,3.5489329634294786,0.0811178683755112,1.822975323161527,12.008038313187052,24.947580594163302,12.93954228097625,0.04809012752862669,10.89253832087611,31.29280030642088,0.6077421207147387,27.691205980092235,0.32788820529543344,0.00759134464363232,15.64571373787229,1000000.0,875860.2659405145,19.9171434787271,0.7781164025207038,16.898550266593816,1.8985138721760157,0.008085785063538915,13.117860805050197,1000000.0,557464.7974369326,0.15016587524848649,1.645,False,0.2
e580,ok,,0.04551095610242269,0.7633995031508752,4.09386992354688,1.7678399999999999,0.4318261285811359,0.4318261285811359,11.858352371174048,4.038335638466335,0.08075429086037826,1.813872249421491,11.275355972911385,24.947580593506924,13.67222462059554,0.04551095610242269,10.856206399506977,31.292800306052115,0.595242623064718,27.393628084455894,-0.5903684055570795,0.007250793971282848,15.721923731943226,1000000.0,894252.4524270445,19.95033259732856,0.8025892696486834,17.773089265885098,1.286610366333359,0.007709788406064185,12.667296255993492,1000000.0,570119.442089235,0.16071571805420776,1.5906,False,0.19
e582,ok,,0.04346614184507105,0.7993463274775122,3.9097674664518305,1.76783999999981,0.4521598829518498,0.4521598829518498,12.446452813659912,4.41819443801335,0.079974524612099,1.8008185553347102,10.700308815446906,24.947580184441527,14.247271368994621,0.04346614184507105,11.13872169300413,31.292799841393858,0.5684744059578861,27.04899319904051,0.02815797646763459,0.0067124048314320655,15.814787492475004,1000000.0,936360.8439891676,20.61788634952884,0.7478504295780123,18.268918966523426,1.670200187202118,0.00717591073924341,12.945662754840972,1000000.0,616940.048872841,0.14734536017467248,1.4741,False,0.19
e583,failed,Maximum_Iterations_Exceeded,,,,,,,,,,,,,,,,,,,,,,,,,,,,,,,,,,,1.35
e584,failed,Maximum_Iterations_Exceeded,,,,,,,,,,,,,,,,,,,,,,,,,,,,,,,,,,,1.25
e585,ok,,0.04444429869942169,0.7908436649009084,3.9518028711674495,1.7678399999999994,0.4473502494009122,0.4473502494009122,12.16512953784304,4.233594309064229,0.08015343962605631,1.7970097433190748,10.98544131203007,24.947580593192185,13.962139281162115,0.04444429869942169,11.003424643291144,31.292800305885425,0.5745862840765201,26.8762430478622,-0.07375884776367872,0.0064650124801025775,15.955120876671188,1000000.0,926400.7690616628,20.410619519824884,0.7558842042309051,17.79340244664279,1.5523739742818594,0.00677555384065655,13.052492958726846,1000000.0,604241.6605532917,0.14616149546225193,1.5007,False,0.2
e587,failed,Maximum_Iterations_Exceeded,,,,,,,,,,,,,,,,,,,,,,,,,,,,,,,,,,,1.2
e58,ok,,0.05875726718888779,0.7648461746056716,4.086126556377528,1.7678399999999996,0.43264445572318294,0.43264445572318294,8.048632610923885,1.4980441402623377,0.08072154196977077,1.8775392040662453,15.021408780832394,24.947580595822526,9.92617181499013,0.05875726718888779,8.992754501786402,31.29280030760222,0.5941167489440152,29.56357601776617,-3.159301124275911,0.00867703919171847,15.1448270662811,1000000.0,895947.0953038724,15.965497963700772,0.908132189382793,13.64834979852433,-0.497546678486492,0.006268548827099589,11.69498665505264,1000000.0,457109.66692177264,0.05600000000000001,1.5857,False,0.19
e591,ok,,0.05252570058598736,0.6495000667277809,4.811790522740408,1.7678399999999996,0.3673975397817569,0.3673975397817569,9.840869126658262,2.7285051522827164,0.0739752445548623,1.850319903679372,13.25639156466393,24.947580595001565,11.691189030337634,0.05252570058598736,9.95962925853932,31.292800306970378,0.6996272148080269,28.24747780818911,-1.8215757733973885,0.008412556115081307,15.760802087025931,1000000.0,760829.7164755955,17.942175366062443,0.9973224749523006,15.763513104648796,0.8702281412196455,0.008984585420395421,12.148572440469415,1000000.0,436232.6178164374,0.1566109103314158,2.0449,False,0.19
e593,ok,,0.052920545862192976,0.7726160632902515,4.045034026720618,1.7678399999999994,0.43703958689149003,0.43703958689149003,9.727309219971227,2.6145742023125167,0.08054770669460187,1.803894720269587,13.416376654835886,24.9475805950767,11.531203940240815,0.052920545862192976,11.05277097189792,31.29280030701399,0.5881419560023938,27.39307391695286,2.3506176500666234,0.0067906595202963695,15.880537734562939,1000000.0,905048.8067537083,20.423902510685533,0.6381749895934677,14.893109276875382,2.8084483177751896,0.006931479650039254,15.001442697106077,1000000.0,590699.0878156357,0.11297553008494468,1.5596966555183946,False,0.2
e598,ok,,0.05199349409589503,0.7780165920839428,4.016955804539967,1.7678399999999994,0.44009446108468137,0.44009446108468137,9.99393495523128,2.7905076243208202,0.08042899859706473,1.8304211988186954,13.123224440869695,24.94758059491967,11.824356154049976,0.05199349409589503,11.214269972502233,31.292800306909395,0.5840594240869827,27.524429535059493,2.0266892058143475,0.006106849576644737,16.160290189826625,1000000.0,911375.0305671261,20.42202086190075,0.6499763132935974,15.393105377295917,2.633082359422594,0.0062667929938429665,14.95449894432026,1000000.0,594773.2291362804,0.1114238956421263,1.541928762541806,False,0.2
e59,ok,,0.0592961752114398,0.7460771014270855,4.1889213053477325,1.7678399999999999,0.4220275032961612,0.4220275032961612,7.893639380766181,1.400836068477216,0.08115628759818061,1.8742154357487957,15.179725779364668,24.947580595879646,9.767854816514976,0.0592961752114398,9.445360717353035,31.292800307650623,0.6090629531846481,28.673662769653415,-1.6059020921353944,0.006321369054433858,16.180431197104657,1000000.0,873960.84871836,16.798781572264268,0.8274966376748752,13.160284890693301,0.38342387380424775,0.005413523609235479,13.087467280693714,1000000.0,469164.70421284164,0.05600000000000001,1.6507484949832776,False,0.19
e603,failed,Maximum_Iterations_Exceeded,,,,,,,,,,,,,,,,,,,,,,,,,,,,,,,,,,,1.24
e604,failed,Infeasible_Problem_Detected,,,,,,,,,,,,,,,,,,,,,,,,,,,,,,,,,,,1.06
e61,failed,Maximum_Iterations_Exceeded,,,,,,,,,,,,,,,,,,,,,,,,,,,,,,,,,,,1.27
e625,ok,,0.04579252736487747,0.798313790366238,3.914824350167171,1.7678399999999996,0.45157581589184437,0.45157581589184437,11.777370760889251,3.9725006547654615,0.07999705336654661,1.7996642232774835,11.370545609417892,24.947580593584625,13.577034984166735,0.04579252736487747,11.754828811344838,31.292800306094392,0.5692096618969223,27.687759345153275,4.458787826897967,0.008499098326680438,15.070316125966375,1000000.0,935151.3354354531,21.77226295754469,0.6399270693522685,17.527477770680473,5.031947607083079,0.008796610947023725,13.974421544541691,1000000.0,650640.421472108,0.13,1.4773,False,0.19
e62,failed,Restoration_Failed,,,,,,,,,,,,,,,,,,,,,,,,,,,,,,,,,,,0.42
e635,ok,,0.04765481684855255,0.8295617609051951,3.767360566607845,1.7678399999999994,0.4692516069922591,0.4692516069922591,11.241764961151668,3.6042949750549123,0.07937337840060917,1.7926720467683304,11.913143586161905,24.947580594081906,13.03443700792,0.04765481684855255,11.644315998157468,31.292800306352703,0.5477686461916148,27.978863288033494,3.7063921741345998,0.008376657033820586,14.988788410217435,1000000.0,971755.4649622039,21.651694034330493,0.5978140364043895,17.005072188651354,4.1102081415603,0.008485227633994294,14.22147446752653,1000000.0,672363.9878045327,0.11630237615887834,1.3839849498327759,False,0.19
e636,ok,,0.04716171857748589,0.831845096835912,3.757019519003646,1.7678399999999999,0.47054320347764056,0.47054320347764056,11.383583027643619,3.6980071562370433,0.07932964612356012,1.847388726072383,11.716608840231943,24.947580593947947,13.230971753716002,0.04716171857748589,11.880413629962307,31.2928003062906,0.5462650731864753,28.476040936058965,3.160933054796712,0.00807807154313435,15.102995579236264,1000000.0,974430.1834364418,21.436408162311906,0.6173785882200048,17.61703370746227,3.7728278171065206,0.008261870853027887,13.985846255462997,1000000.0,667510.831033584,0.1188196838488878,1.3774411371237458,False,0.21
e637,ok,,0.04826027616656575,0.8035378358505807,3.889372878492734,1.7678399999999985,0.4545308601743265,0.4545308601743265,11.067631173143974,3.4975141523316284,0.07988937650261449,1.8025845533603233,12.077364867789349,24.947580594293647,12.870215726504298,0.04826027616656575,11.393979778930065,31.29280030640885,0.5655090556174132,27.677749412883657,2.7959784158579977,0.007900360140897825,15.291792350258415,1000000.0,941270.8252620901,21.069709337979464,0.6435298915927286,16.622273163411826,3.405173499502205,0.008033481522447173,14.084022101064024,1000000.0,633765.674608884,0.12095411595959596,1.461194314381271,False,0.19
e638,ok,,0.048667504808306845,0.7880872384494254,3.965624759701725,1.7678399999999996,0.4457910435613096,0.4457910435613096,10.950509735028236,3.4247953920679617,0.08021190386768148,1.8433410605313458,12.153729798729778,24.94758059428936,12.793850795559582,0.048667504808306845,11.406511267976981,31.292800306498062,0.5765959661993562,27.73642627771249,2.039350932986475,0.007630918474755633,15.465838205926776,1000000.0,923171.8684792165,20.626516188832753,0.6805836974188991,16.608263357020885,2.742466083001133,0.00785295531873313,13.843321090461249,1000000.0,608504.8095330553,0.1234292839272848,1.5094464882943144,False,0.19
e639,ok,,0.04874689881850239,0.7807628956235343,4.002826316565798,1.7678399999999996,0.44164794077718256,0.44164794077718256,10.927675534059494,3.412071515031305,0.08036924073754906,1.8283180666088141,12.191586993638293,24.9475805943066,12.755993600668308,0.04874689881850239,10.706960444800345,31.292800306508553,0.5820050174646672,28.014471522143385,1.7537103126401343,0.0078013821820639324,15.425307865246321,1000000.0,914592.0730938449,19.52060136644193,0.7647422014811,16.747506760145157,2.842514879656701,0.007775995763622191,12.86364899536208,1000000.0,570526.9933307746,0.12554984416762235,1.53298762541806,False,0.2
e63,failed,Maximum_Iterations_Exceeded,,,,,,,,,,,,,,,,,,,,,,,,,,,,,,,,,,,1.48
e642,failed,Maximum_Iterations_Exceeded,,,,,,,,,,,,,,,,,,,,,,,,,,,,,,,,,,,1.21
e64,ok,,0.053032747810081285,0.8214097921508996,3.8047492195294694,1.7678399999999996,0.46464034762812234,0.46464034762812234,9.695039256253779,2.576097540355132,0.0795315109526594,1.8422960823930288,13.410245256438406,24.947580595085213,11.537335338646807,0.053032747810081285,10.756057237510717,31.29280030702734,0.5532049009451985,27.282524246739012,0.6416353740474978,0.004556811892292731,16.761278288692182,1000000.0,962206.1817824496,19.461325716148842,0.6614653735651357,14.977905626944667,1.687684092778357,0.004819696677999195,14.540345564956157,1000000.0,598406.2700056591,0.08442298213129726,1.407644481605351,False,0.19
e654,failed,Maximum_Iterations_Exceeded,,,,,,,,,,,,,,,,,,,,,,,,,,,,,,,,,,,1.15
e655,failed,Infeasible_Problem_Detected,,,,,,,,,,,,,,,,,,,,,,,,,,,,,,,,,,,1.21
e656,failed,Maximum_Iterations_Exceeded,,,,,,,,,,,,,,,,,,,,,,,,,,,,,,,,,,,1.16
e657,ok,,0.03991687647943298,0.7248726858997352,4.311458172438693,1.7678399999999996,0.41003297012158074,0.41003297012158074,11.480337992321747,3.798660396760828,0.08167454854396268,1.8018465521646445,9.678490292489014,22.960674836975407,13.282184544486391,0.03991687647943298,11.094009704885451,31.292800305088505,0.576952917055611,24.81239879301211,-0.2733800593307011,0.006652957702533097,16.989520235608648,1000000.0,849121.8220181953,20.523408225407586,0.7759167466058337,16.86516636653593,1.4648777436679814,0.006935083193832225,13.776392218497524,1000000.0,556897.2292820829,0.15567320394662,1.511,False,0.19
e662,ok,,0.03922568516005514,0.7181554362698996,4.351785292934065,1.767839999999999,0.4062332769198005,0.4062332769198005,11.281547138485172,3.6682033210229315,0.08184509806184853,1.8016665641298595,9.479879446459947,22.56309314907498,13.083213702615032,0.03922568516005514,11.064412257339951,31.29280030495036,0.5722656054311708,24.536203762369745,-0.4729061970322292,0.006960069493827165,17.044081756944745,1000000.0,841253.1805887709,20.47069914345974,0.7754199132203117,16.64503919161746,1.350012803361596,0.007174497745954075,13.836575891501234,1000000.0,550319.5813570911,0.15012856523392987,1.4906,False,0.19
e664,failed,Infeasible_Problem_Detected,,,,,,,,,,,,,,,,,,,,,,,,,,,,,,,,,,,0.99
e664ex,failed,airfoil 'e664ex' not found in the aerosandbox UIUC database,,,,,,,,,,,,,,,,,,,,,,,,,,,,,,,,,,,0.0
e668,ok,,0.04556735263100664,0.7829537008056118,3.9916258935672677,1.7678399999999999,0.44288719612952065,0.44288719612952065,11.842132386011091,4.020964864505871,0.08032187075484067,1.8133467663218772,11.29210144118906,24.947580593522027,13.655479152332969,0.04556735263100664,11.002026746442981,31.29280030606062,0.5803764925490478,27.043124816170355,-0.04544313813011935,0.006248320011778092,16.079708088709594,1000000.0,917158.4002774266,20.224164053591487,0.7605644486691022,17.457350383069542,1.5398992853610665,0.006202603271363302,13.237142126397412,1000000.0,592748.5481939365,0.1389881211098359,1.5259,False,0.19
e66,ok,,0.052566375423183785,0.7623401253502606,4.099558926094943,1.7678399999999996,0.43122687876180016,0.43122687876180016,9.829170795710363,2.685897496342253,0.08077830708349927,1.8148263993929694,13.30358339991169,24.94758059501502,11.643997195103331,0.052566375423183785,10.38507811932783,31.29280030697496,0.5960697956095382,27.43194432189634,-0.024770655571382267,0.005236878459851764,16.608568068941185,1000000.0,893011.4885906369,19.074511521325075,0.7487774930134866,15.159358706605083,1.4761173225655948,0.00531093426618671,13.94866844605058,1000000.0,544334.7274996366,0.10125872043899736,1.5942,False,0.19
e678,ok,,0.044600429357412485,0.7720419865802248,4.048041842184506,1.7678399999999996,0.43671485348234285,0.43671485348234285,12.120225409528581,4.210043930174221,0.0805604706892447,1.8117820606940263,11.015573123011931,24.94758059323454,13.932007470222608,0.044600429357412485,10.740605621887745,31.29280030591174,0.5885792879138008,27.274662076794794,-1.4367572850727146,0.006981158939106842,15.801472667741166,1000000.0,904376.3285453286,19.760665212631256,0.8242823036588917,18.167610353802324,0.7058834984355601,0.007483044318370333,12.33108767016507,1000000.0,571092.3177187406,0.1507755373095807,1.5616,False,0.2
e67,ok,,0.049203340004347125,0.7880674927770285,3.9657241216574866,1.7678399999999996,0.44577987418376586,0.44577987418376586,10.79640026855203,3.3220625215948734,0.08021232182373653,1.8833575722448446,12.267822753607437,24.94758059440431,12.679757840796874,0.049203340004347125,11.315405812089129,31.292800306567635,0.5766104132806164,26.70818672085073,0.33735387391428495,0.005472212975551928,16.416447429048684,1000000.0,923148.7382383317,20.02700917206758,0.7155198235303522,16.032738198446292,1.66957189535834,0.00563370663313396,13.949679070042547,1000000.0,590803.8931243075,0.1162050772675504,1.509509364548495,False,0.19
e682,failed,Maximum_Iterations_Exceeded,,,,,,,,,,,,,,,,,,,,,,,,,,,,,,,,,,,1.31
e68,ok,,0.04558645796430448,0.8124487521615236,3.8467143401786688,1.7678399999999994,0.4595714273698546,0.4595714273698546,11.836637467611522,4.007036546027486,0.07970895936734054,1.8078014349998046,11.303141618128532,24.94758052073986,13.644438902611327,0.04558645796430448,11.210790317095356,31.292800221632106,0.5593065687109465,26.771337126048447,0.7449022884693641,0.005709730669901939,16.225128097173926,1000000.0,951709.1432899988,20.67113142710198,0.7010314894685662,17.274622907710963,2.1008400999889862,0.00591169332522326,13.719747011007271,1000000.0,628671.9194827025,0.1309417725839656,1.4342,False,0.2
e694,failed,Maximum_Iterations_Exceeded,,,,,,,,,,,,,,,,,,,,,,,,,,,,,,,,,,,1.22
e715,ok,,0.044291447602305904,0.8356203775910958,3.740045539111205,1.7678399999999994,0.47267873653220654,0.47267873653220654,12.209089856618375,4.246960772710534,0.07925763188667449,1.7873214712952752,10.951168862241591,24.947580190155243,13.99641132791365,0.044291447602305904,11.477605024489534,31.29279985174465,0.54379708861105,26.941489312498984,2.54307806584915,0.007824559836163305,15.194576504677398,1000000.0,978852.5641240078,21.405597162797456,0.6520175665093819,17.498549185889853,3.478113250212627,0.007853274598522262,13.568031504541057,1000000.0,669576.5086115074,0.1503598374407602,1.3667,False,0.2
e71,failed,Maximum_Iterations_Exceeded,,,,,,,,,,,,,,,,,,,,,,,,,,,,,,,,,,,1.4
e748,ok,,0.04707593463124256,0.6878767751489283,4.543340287834789,1.7678399999999994,0.38910578737268564,0.38910578737268564,11.408255013136985,3.761871125630614,0.0786712920399277,1.8199472900520597,11.719378290731667,24.947580593920712,13.228202303189045,0.04707593463124256,10.80234551725989,31.29280030628069,0.6605949482803032,27.993683965738605,-0.07824746749258266,0.009359181289722615,15.245758664593483,1000000.0,805784.5081246486,19.785088605415766,0.8762348059827076,17.396462174083393,1.8456288915488746,0.009744123428843805,12.605380646132192,1000000.0,509462.8072297434,0.19717966893454128,1.8750247491638796,False,0.19
e793,ok,,0.048355582207649024,0.7290116311498789,4.28697997680845,1.7678399999999994,0.4123742143801923,0.4123742143801923,11.04022057508684,3.5039612589365636,0.08157098607684228,1.8242577707133836,12.083102248423252,24.947580594223474,12.864478345800224,0.048355582207649024,10.919031802591412,31.292800306456602,0.6233205387771257,27.754226974947603,0.6510001297950625,0.007907028094358115,15.598302816339407,1000000.0,853970.2165396918,19.951551397844177,0.7906981057885111,16.786821492180554,2.158657971807025,0.00822979753934864,13.220309558041471,1000000.0,544471.2681723261,0.15624559431603113,1.7128,False,0.2
e817,ok,,0.04079533673525995,0.8553926311255151,3.6535950297909463,1.767839999999995,0.48386315001669694,0.48386315001669694,11.374875608536598,3.6685202348567247,0.09382740898403216,1.782815759196282,9.950171606452038,23.10786297418492,13.15769136773288,0.04079533673525995,11.593580431855424,31.29280030525728,0.4920528362105113,24.799405926926323,0.16116766133810706,0.005746126615382636,16.860597386339602,1000000.0,1002013.9586093073,21.676534945824443,0.5839031095236339,16.474277497908208,0.9869662140875074,0.005573812275513952,15.135657925793124,1000000.0,694095.4589592764,0.10980978654728982,1.1415,False,0.2
e818,failed,Infeasible_Problem_Detected,,,,,,,,,,,,,,,,,,,,,,,,,,,,,,,,,,,0.25
e836,failed,Maximum_Iterations_Exceeded,,,,,,,,,,,,,,,,,,,,,,,,,,,,,,,,,,,1.28
e837,failed,Maximum_Iterations_Exceeded,,,,,,,,,,,,,,,,,,,,,,,,,,,,,,,,,,,1.33
e838,failed,Maximum_Iterations_Exceeded,,,,,,,,,,,,,,,,,,,,,,,,,,,,,,,,,,,1.32
e850,failed,too few converged polar points,,,,,,,,,,,,,,,,,,,,,,,,,,,,,,,,,,,0.01
e851,failed,Infeasible_Problem_Detected,,,,,,,,,,,,,,,,,,,,,,,,,,,,,,,,,,,0.58
e852,ok,,0.03881158717849094,0.8553757649691174,3.653667070758769,1.7678399999979513,0.48385360947263817,0.48385360947263817,10.816294039657942,3.296285827367976,0.09368077474597947,1.7621245419361262,9.400324366547263,21.97874294814133,12.578418581594068,0.03881158717849094,11.719020996203854,31.292800304864056,0.4680188756003957,23.365393262678243,0.3598418526002423,0.005480794057245515,17.539183640137914,1000000.0,1001994.2014436467,22.1683555225664,0.5337138388124957,15.712310909220102,0.9568041620652182,0.005498811874467893,16.137670444947222,1000000.0,709829.8481679866,0.10071713374645808,1.0369,False,0.21
e853,ok,,0.047164271388050176,0.8533387366637974,3.6623888396517303,1.7678399999999996,0.48270133986322156,0.48270133986322156,11.382848816684328,3.6888226062294045,0.0796517930008664,1.8144297589333225,11.7503020112396,24.94758058685725,13.19727857561765,0.047164271388050176,11.257233841885244,31.29280030629314,0.5325059124237771,27.27425015059063,0.5375718384873558,0.006144000057300641,15.8825689127755,1000000.0,999608.0097888908,20.68093990496719,0.6449539360924801,16.907372571693525,1.549100257185935,0.006250582357779239,13.893741445285603,1000000.0,660625.8620712347,0.11602263108390248,1.3175588628762542,False,0.21
e854,ok,,0.046336100628507425,0.8160240847826734,3.829860323831409,1.7678399999999996,0.46159385735285635,0.46159385735285635,11.62103577925671,3.8620275876517662,0.0796376809800892,1.8078138785135303,11.518730936187133,24.947580593957372,13.42884965777024,0.046336100628507425,11.150245878638984,31.292800306088484,0.5568560183220662,27.24178091510885,0.603805198610202,0.006825295261362495,15.703259428406934,1000000.0,955897.3198769127,20.55935442463292,0.6944215752838868,17.183098520112587,1.8476801664534033,0.007027613033008723,13.468353672512057,1000000.0,628024.06945608,0.13399092140321908,1.4235347826086957,False,0.2
e855,ok,,0.04349163954020806,0.8053028543850026,3.8808483647888874,1.7678399999999606,0.45552926417833095,0.45552926417833095,12.43911983072197,4.411219165826592,0.07985305462879427,1.8374756795472567,10.670984885584819,24.947580395854047,14.276595510269226,0.04349163954020806,11.444384220558083,31.292800087085656,0.5642696073500443,26.454580295395672,0.3677111443564079,0.0075321823773116066,15.43858886524579,1000000.0,943338.3758685553,20.76106248723777,0.7336223993076577,17.769358051371206,1.9212869455379848,0.007842347737039188,12.895252504057359,1000000.0,625853.452344105,0.15712157941362867,1.4558,False,0.19
e856,ok,,0.03775827010673662,0.6624232648281353,4.717917427629662,1.7678399999999996,0.37470770252292934,0.37470770252292934,10.859509587938094,3.403718549396707,0.07555198784865744,1.7735026654940247,9.086005836537963,21.71901808997008,12.633012253432119,0.03775827010673662,11.19938851012221,31.29280030464022,0.5972031238493853,23.61335191923678,0.5133365879539127,0.008347648889291483,17.022114642569637,1000000.0,775968.05688972,21.049472188609165,0.7677065350811039,15.945963803895836,2.157757197135392,0.008707158371447367,14.515319119666952,1000000.0,521964.0899420315,0.18148669571518633,1.599132441471572,False,0.19
e857,failed,Maximum_Iterations_Exceeded,,,,,,,,,,,,,,,,,,,,,,,,,,,,,,,,,,,1.24
e858,failed,Maximum_Iterations_Exceeded,,,,,,,,,,,,,,,,,,,,,,,,,,,,,,,,,,,1.46
e862,failed,Infeasible_Problem_Detected,,,,,,,,,,,,,,,,,,,,,,,,,,,,,,,,,,,0.6
e863,failed,Restoration_Failed,,,,,,,,,,,,,,,,,,,,,,,,,,,,,,,,,,,0.7
e864,failed,Infeasible_Problem_Detected,,,,,,,,,,,,,,,,,,,,,,,,,,,,,,,,,,,0.78
e874,failed,Infeasible_Problem_Detected,,,,,,,,,,,,,,,,,,,,,,,,,,,,,,,,,,,0.29
e904,failed,Infeasible_Problem_Detected,,,,,,,,,,,,,,,,,,,,,,,,,,,,,,,,,,,1.17
e908,failed,Infeasible_Problem_Detected,,,,,,,,,,,,,,,,,,,,,,,,,,,,,,,,,,,0.61
ea61009,ok,,0.05144934441686353,0.848311912803022,3.6840909793113834,1.7678399999999994,0.4798578563688016,0.4798578563688016,10.150435717689104,2.8698218052726516,0.0790212083168381,1.816841682593003,12.980303194546526,24.947580594828633,11.967277400282107,0.05144934441686353,11.703720160679705,31.292800306844327,0.5356613715365456,29.173603672129993,4.997006574097901,0.010788472774407113,13.973373753111753,1000000.0,993719.5470200051,21.472647236890985,0.5457263594126739,16.28825566267253,5.094296250720219,0.010899810873065203,13.81912296350055,1000000.0,681875.3539579101,0.09,1.3312919732441473,False,0.21
ea61012,ok,,0.04649474266035364,0.8374958723230161,3.731670052213234,1.7678399999999994,0.4737396327286499,0.4737396327286499,11.575409364331021,3.823818003476897,0.0792224358168324,1.7885885087580682,11.58358272068308,24.947580593772166,13.363997873089088,0.04649474266035364,11.791076606735173,31.292800306197602,0.5425792982621093,28.490544334760358,5.1031397480931995,0.01039887130877241,14.166346317155206,1000000.0,981049.548283306,21.974640056481324,0.589408642947409,17.63560322251515,5.548481861736851,0.010786031943176448,13.483936699732217,1000000.0,688919.191959615,0.12,1.3614,False,0.19
ea81006,ok,,0.0376777817175375,0.8567571752978514,3.6477760043427736,1.7678399999999994,0.4846350208717145,0.4846350208717145,9.049674637908003,2.105435584199856,0.10623800927847342,1.7645339973655862,9.07182555361219,19.88603418888578,10.814208635273589,0.0376777817175375,12.118519360677041,31.29280030462262,0.42277363104913757,23.38827981816251,3.646918740687764,0.009954391747645992,15.495147909568585,1000000.0,1003612.3968476724,22.8927663597863,0.42958267666899,15.15690482249184,3.693470176003458,0.01002688379345965,15.386494351148535,1000000.0,734209.271562856,0.06,0.8399847826086956,False,0.19
ebambino7,failed,airfoil 'ebambino7' not found in the aerosandbox UIUC database,,,,,,,,,,,,,,,,,,,,,,,,,,,,,,,,,,,0.0
ec863914,ok,,0.04058072876139547,0.7691840529020277,4.063082501266424,1.7678399999998349,0.4350982288567402,0.4350982288567402,11.671265971669367,3.911692251178542,0.08062408854990771,1.800209121725685,9.87105568328728,23.34253077668233,13.471475093395052,0.04058072876139547,10.95964327672773,31.292800305215383,0.5527581173014721,25.797334972740376,-2.000300489667915,0.007745229791808712,16.09587933883953,1000000.0,901028.5215251719,20.293278050240794,0.7585544961293137,17.000494937636866,-0.5037047349660859,0.005914361677837004,13.545271834930427,1000000.0,584314.0319871042,0.1426764120493679,1.4057,False,0.19
eh0009,ok,,0.03664928216636564,0.8552442855099024,3.654228760776459,1.7678399999999996,0.48377923653153143,0.48377923653153143,10.287146308992615,2.944710279474564,0.09254315950793185,1.7724359545926351,8.768120860037422,20.827703123622673,12.05958226358525,0.03664928216636564,12.292831908165292,31.292800304389544,0.4435766310596165,22.93141933648106,3.9594476126339964,0.007031847706940813,17.011271395794203,1000000.0,1001840.1853081363,23.1185258087188,0.47057421559397117,15.815335663269849,4.158863194809415,0.0073471057362589675,16.351092714507423,1000000.0,740140.478160048,0.08998997571973638,0.9305230769230768,False,0.2
eh1070,failed,Infeasible_Problem_Detected,,,,,,,,,,,,,,,,,,,,,,,,,,,,,,,,,,,0.24
eh1090,ok,,0.04068089591803533,0.8567564301728021,3.6477791768302747,1.7678399999999403,0.4846345993827671,0.4846345993827671,10.31954927100621,2.9520260251287866,0.10623094395416709,1.7903886611527249,9.909684834289926,22.01962276644886,12.109937932158935,0.04068089591803533,12.065972465058987,31.292800289240077,0.46813376102979015,23.973514228939226,3.6537152061608515,0.006240722652193501,17.030000947005142,1000000.0,1003611.5235087555,22.464344803752322,0.49957805127247756,15.648792339905794,3.8845551069652657,0.006369894431215942,16.34303962901631,1000000.0,720468.4497626135,0.08990077452476758,1.0374,False,0.22
eh1590,ok,,0.04282275215691925,0.8567571770842934,3.6477759967367227,1.7678399999999999,0.4846350218822368,0.4846350218822368,10.32153486513845,2.9533423847572435,0.106238026169407,1.798773784822066,10.517310606738473,22.63761925669899,12.120308649960515,0.04282275215691925,11.910267269802473,31.292800305620474,0.4812718503845919,24.713596171048955,3.5234184530807657,0.0061954617300562015,16.796614260806674,1000000.0,1003612.3989723278,22.071085999993475,0.517982208052356,15.662695788378702,3.7988181406245776,0.0063195377308825264,16.019907487471347,1000000.0,707856.6108511394,0.08991997502428195,1.0945792642140468,False,0.2
eh2010,ok,,0.04424054563181366,0.856757175690741,3.6477760026699735,1.7678399999999963,0.484635021093958,0.484635021093958,10.882100440427292,3.327052782014795,0.106238012989421,1.7536824416695025,10.970167990208564,23.605950872305357,12.635782882096795,0.04424054563181366,11.57460348113661,31.292800305854666,0.5018584130196929,25.902049973151133,3.6544789612159394,0.006515298384290787,16.222952182089116,1000000.0,1003612.3973474219,22.000569023807234,0.5434791595282014,16.324450366221498,3.955309671976146,0.006633723161777575,15.408279163098676,1000000.0,705595.0124367612,0.10076657152768143,1.1841755852842808,False,0.19
eh2012,ok,,0.04335809915793487,0.855769778030475,3.651984851337791,1.7678399999999996,0.4840764877084325,0.4840764877084325,11.840830907451252,3.9756868116058515,0.09714851411409639,1.7889989279326763,10.681054522355728,24.310884357739656,13.629829835383928,0.04335809915793487,11.85622222193375,31.292800305710706,0.5174415187132262,26.378481054920304,4.042446576655492,0.006871145817073441,15.775142896662961,1000000.0,1002455.7516080869,22.09098067232962,0.5821163737102768,17.283098028633837,4.5544201005227,0.00712784111107869,14.573021544542346,1000000.0,707678.1373764933,0.11988596600763095,1.2519959866220736,False,0.19
eh2070,failed,Infeasible_Problem_Detected,,,,,,,,,,,,,,,,,,,,,,,,,,,,,,,,,,,0.25
eh2510,failed,Maximum_Iterations_Exceeded,,,,,,,,,,,,,,,,,,,,,,,,,,,,,,,,,,,33.8
eh3012,failed,Maximum_Iterations_Exceeded,,,,,,,,,,,,,,,,,,,,,,,,,,,,,,,,,,,1.45
eiffel10,failed,airfoil 'eiffel10' not found in the aerosandbox UIUC database,,,,,,,,,,,,,,,,,,,,,,,,,,,,,,,,,,,0.0
eiffel371,failed,Maximum_Iterations_Exceeded,,,,,,,,,,,,,,,,,,,,,,,,,,,,,,,,,,,1.35
eiffel385,ok,,0.048465253857392025,0.7599088388041885,4.112675239464227,1.7678399999999996,0.42985159222791014,0.42985159222791014,11.008678340544167,3.4730359337432306,0.08083382139642604,1.8160309868161733,12.122871266886134,24.947580594246475,12.82470932736034,0.048465253857392025,10.284755980898714,31.29280030647124,0.5979768881464705,27.912839577913356,-1.875526918414204,0.008108043745206583,15.388561424294352,1000000.0,890163.4595332338,18.87771749777928,0.8446822895737248,16.99558288592002,0.49788067713081957,0.008494132628415427,12.092463560436222,1000000.0,537000.6567433727,0.1361606396404081,1.6025,False,0.2
eiffel428,failed,airfoil 'eiffel428' not found in the aerosandbox UIUC database,,,,,,,,,,,,,,,,,,,,,,,,,,,,,,,,,,,0.0
eiffel430,ok,,0.052899766375245905,0.7397556494359345,4.224716996731306,1.7678399999999996,0.41845169779840635,0.41845169779840635,9.733285526992464,2.629286678857506,0.08130767452362861,1.8367880733134987,13.377506994760767,24.94758059506673,11.570073600305964,0.052899766375245905,10.782747345015933,31.292800307012506,0.6142675936964261,29.45722810759252,1.4582061745654067,0.011318166895463663,14.316459288017455,1000000.0,866555.8478814026,19.568120934721755,0.7285441936562191,15.751474138706552,2.5730235109312223,0.011502858238666256,13.02425099331972,1000000.0,541877.667120565,0.0970602869473576,1.6734,False,0.21
esa40,ok,,0.051398542699743664,0.7698780571172537,4.059419847998106,1.7678399999999996,0.43549080070439283,0.43549080070439283,10.16504660099827,2.9073145738741784,0.08060859160795512,1.816148538137469,12.966385455682973,24.94758059481871,11.981195139135739,0.051398542699743664,11.619848086357981,31.292800306839727,0.5902336331085245,28.43391388774325,5.575581988406187,0.009197014376451238,14.923992930042987,1000000.0,901841.4838136657,21.326904788442377,0.6102796067098752,16.023505230983286,5.731177597256925,0.009293294754268145,14.620172684924642,1000000.0,614629.7957028073,0.10715835339638866,1.5688,False,0.21
falcon,failed,Maximum_Iterations_Exceeded,,,,,,,,,,,,,,,,,,,,,,,,,,,,,,,,,,,1.31
fauvel,ok,,0.04513329991596022,0.8198935423761915,3.811785438073182,1.7678399999999448,0.46378266267095275,0.46378266267095275,11.966967248401538,4.091259409869854,0.07955992990829566,1.7964380665017599,11.184174370058344,24.947579684961642,13.763405314903299,0.04513329991596022,11.892309964946287,31.292799259576846,0.5542279734367551,27.196654668736375,4.935264563080238,0.00776226361323381,15.283567255016967,1000000.0,960430.0021861008,22.066462493572857,0.6149068315851035,17.462540099532873,5.385119911890131,0.007994539212822225,14.274389692197039,1000000.0,677257.8076234485,0.13978282538444634,1.4120969899665552,False,0.2
fg1,failed,Restoration_Failed,,,,,,,,,,,,,,,,,,,,,,,,,,,,,,,,,,,0.37
fg2,ok,,0.04837437385300091,0.8567571800531729,3.6477759840959187,1.7678399999999173,0.4846350235616419,0.4846350235616419,10.189524446507678,2.865335410270017,0.10623805376074297,1.8309138180882534,12.081850792726971,24.102289057322903,12.020438264595931,0.04837437385300091,10.66307643512369,31.29280030645883,0.5124104739446355,28.336040494856288,1.7485809716294518,0.009658292911564751,14.592030706988808,500000.0,1003612.402477032,19.413031769125958,0.6640214932281229,16.110570181377142,2.542354314192648,0.009194680173093134,12.78305904412769,500000.0,622608.3719696421,0.0816,1.2301,True,0.21
fg3,ok,,0.048275134738532476,0.8371841479281369,3.733059534553285,1.7678399999999999,0.4735633020681379,0.4735633020681379,11.06335775725588,3.482565065460641,0.07922831228230968,1.8045359247909585,12.079686912156836,24.94758059420367,12.867893682046837,0.048275134738532476,11.407414660500399,31.292800306445123,0.5427813269370376,28.326430391597526,1.7255502362610606,0.009591192323340787,14.472898407772126,1000000.0,980684.3917728139,21.07174205434907,0.6174359401082085,16.82372301785751,2.6098370947500933,0.009649794896566408,13.49055112747447,1000000.0,660366.8683466079,0.1014,1.3622792642140469,False,0.19
fg4,ok,,0.04606750741055936,0.7871607836674013,3.970292131474519,1.7678399999999999,0.4452669832492767,0.4452669832492767,11.698284824699648,3.9236297387945553,0.08023164312092149,1.8004784644585181,11.448817304503041,24.947580593661208,13.498763289158166,0.04606750741055936,11.212087425077732,31.292800306135057,0.577274595140688,29.829386451228757,2.868320258809289,0.013681453018385978,13.311274814290513,1000000.0,922086.6117222421,20.757607207203655,0.7098756363097525,18.440733275695433,4.105118348566432,0.014581282684919547,11.936442119854457,1000000.0,611652.2493961364,0.127,1.5124,False,0.2
fx049915,failed,airfoil 'fx049915' not found in the aerosandbox UIUC database,,,,,,,,,,,,,,,,,,,,,,,,,,,,,,,,,,,0.0
fx05188,failed,Maximum_Iterations_Exceeded,,,,,,,,,,,,,,,,,,,,,,,,,,,,,,,,,,,1.26
fx05191,failed,Maximum_Iterations_Exceeded,,,,,,,,,,,,,,,,,,,,,,,,,,,,,,,,,,,1.4
fx057816,failed,airfoil 'fx057816' not found in the aerosandbox UIUC database,,,,,,,,,,,,,,,,,,,,,,,,,,,,,,,,,,,0.0
fx05h126,ok,,0.04735687079904356,0.8348090979148535,3.743680170000683,1.7678399999999987,0.47221982640671895,0.47221982640671895,11.327456060100491,3.6595036444090456,0.07927321788195436,1.8040096018280862,11.816114932255314,24.94758059418389,13.131465661928578,0.04735687079904356,11.336240987577577,31.29280030625469,0.5443255516041716,27.299715411993407,2.119097886643622,0.006794756572847522,15.647714193441631,1000000.0,977902.2386605593,20.94637962031917,0.639461506421069,16.776684686746574,2.9902260826515366,0.006904247981865324,14.043172258692382,1000000.0,654575.8552151647,0.12607799612465687,1.369,False,0.2
fx082512,failed,airfoil 'fx082512' not found in the aerosandbox UIUC database,,,,,,,,,,,,,,,,,,,,,,,,,,,,,,,,,,,0.0
fx08s176,failed,Maximum_Iterations_Exceeded,,,,,,,,,,,,,,,,,,,,,,,,,,,,,,,,,,,1.36
fx2,failed,Maximum_Iterations_Exceeded,,,,,,,,,,,,,,,,,,,,,,,,,,,,,,,,,,,1.39
fx38153,failed,Maximum_Iterations_Exceeded,,,,,,,,,,,,,,,,,,,,,,,,,,,,,,,,,,,1.29
fx601001,ok,,0.05301916191474813,0.8019084078764962,3.8972758421075016,1.767839999999988,0.45360915460477286,0.45360915460477286,9.6989464679655,2.5856286521697704,0.07992251534487137,1.8307053511765494,13.41792867066838,24.947580489810427,11.52965181914205,0.05301916191474813,10.827423347966226,31.292800164863564,0.5666581375662065,27.61553423547879,0.5405433131112869,0.006487677664078928,15.905022295411362,1000000.0,939362.0956918707,19.714483893703786,0.6598221926021064,15.000830350471453,1.377088958141872,0.0067531116701857975,14.262570939239055,1000000.0,591798.7143466604,0.10104827586206896,1.4661953177257525,False,0.2
fx60100,ok,,0.05446773229685715,0.7591438879043757,4.116819374291882,1.7678399999999996,0.4294188885331115,0.4294188885331115,9.282328976407204,2.3223874439333754,0.08085135045353144,1.8469614401705063,13.818290178720053,24.947580595297765,11.12929041657771,0.05446773229685715,10.609608706825286,31.292800307182794,0.5985794392101456,27.9186296779888,0.7979957987552384,0.006173160797467172,16.197682981217255,1000000.0,889267.3897822147,19.14786177280423,0.713196373491159,14.743414943578808,1.8428616062763452,0.006704394895303048,14.149978778262883,1000000.0,544136.9545538512,0.09992819463087249,1.6051224080267559,False,0.2
fx60100sm,ok,,0.05497081695278461,0.7450649413636454,4.1946118950115086,1.7678399999999999,0.4214549627588727,0.4214549627588727,9.137638764732568,2.230493814025498,0.08118035433505659,1.8478245491944474,13.962117281440333,24.94758059536735,10.985463313927015,0.05497081695278461,10.64741835739034,31.292800307235375,0.6098903564965455,27.8078238849366,0.8804095350336696,0.005860275005154008,16.384594418712847,1000000.0,872775.1960893868,19.20712360927709,0.7128627225843859,14.524312681567046,1.8263995337162673,0.0063447814111448255,14.491290490535201,1000000.0,535698.3366721553,0.09978475167785235,1.6543494983277593,False,0.2
fx601261,ok,,0.051370436494815166,0.7523571080740137,4.1539559234051255,1.7678399999999999,0.4255798647355042,0.4255798647355042,10.173130116749205,2.9184691428398675,0.08100841069160779,1.800388410014813,12.974062068050344,24.94758059481436,11.973518526764018,0.051370436494815166,10.449168558978025,31.292800306836398,0.6039790384464124,26.915985365570812,0.23021520891232,0.006830024246061834,15.940678677048476,1000000.0,881317.3000978478,19.346137572043972,0.758430057829057,15.266829780271694,1.6465815627352614,0.0075148514285163625,13.425889116986422,1000000.0,544856.5026182865,0.12593394276094277,1.628622408026756,False,0.21
fx60126,ok,,0.0525989890765882,0.7251357581438058,4.3098940170872275,1.7678399999999999,0.4101817801066872,0.4101817801066872,9.819790910319654,2.691547434057653,0.08166788312222793,1.8395631938591364,13.288226490841014,24.947580595019804,11.65935410417879,0.0525989890765882,10.765067686716806,31.292800306978677,0.6266522062926043,27.846523716247283,1.0379410885376903,0.006915972163720397,16.010096070538346,1000000.0,849429.9870584079,19.50656496906975,0.7537023882997567,15.350759839333564,2.172587257576259,0.007389986580123513,13.955743433498196,1000000.0,529497.5542836196,0.12590283892617452,1.7273,False,0.21
fx60157,ok,,0.04233895654086154,0.7627509276935625,4.097350985924364,1.7678399999999834,0.4314592540578161,0.4314592540578161,12.176943042143176,4.250943518593444,0.08076902090223158,1.795202645322584,10.38173917986562,24.35388486733138,13.97214568746576,0.04233895654086154,11.300456598757847,31.292800305536844,0.5815712976102236,26.0386519678844,0.4263597051802074,0.006247631241736279,16.408747939650077,1000000.0,893492.7057909553,20.982694494502304,0.7421029601437361,17.96933214479873,2.373699860476977,0.008305914853645716,13.289089526469134,1000000.0,599111.7540017874,0.15672161280200816,1.5311,False,0.21
fx60160,failed,Maximum_Iterations_Exceeded,,,,,,,,,,,,,,,,,,,,,,,,,,,,,,,,,,,1.3
fx60177,failed,Maximum_Iterations_Exceeded,,,,,,,,,,,,,,,,,,,,,,,,,,,,,,,,,,,1.43
fx61147,ok,,0.04591165361923226,0.7873682099058543,3.969246187846074,1.7678399999999999,0.4453843164007231,0.4453843164007231,11.74310932447497,3.953441664429443,0.08022722011476746,1.8087144730302522,11.39575679611286,24.94758059361808,13.551823797505222,0.04591165361923226,11.038718009664441,31.292800306112124,0.577122516486213,27.41852344743486,-0.005732722042312334,0.0073384735844300416,15.590935806669764,1000000.0,922329.592522142,20.343579513263524,0.7417737242458485,17.527334930877807,1.4661644702359649,0.007858515759235758,13.039579320706952,1000000.0,599610.3007516796,0.14764262247838617,1.511738127090301,False,0.21
fx61168,failed,Maximum_Iterations_Exceeded,,,,,,,,,,,,,,,,,,,,,,,,,,,,,,,,,,,1.38
fx61184,failed,Infeasible_Problem_Detected,,,,,,,,,,,,,,,,,,,,,,,,,,,,,,,,,,,0.43
fx63100,ok,,0.05629025307766375,0.7028695059163503,4.446427451032341,1.7678399999999996,0.39758660620664227,0.39758660620664227,8.75816089762675,1.9905978883092341,0.08049872641042724,1.853738553017754,14.335681144895224,24.947580595539726,10.611899450644504,0.05629025307766375,10.155739504360353,31.292800307368797,0.6465039653529643,27.802029680856513,-0.337472017409985,0.0058326395191816045,16.543685821856116,1000000.0,823347.1162007102,18.261725721475187,0.8074973597473356,14.029533620243916,1.1087096021737999,0.006195058829359897,13.907845118832293,1000000.0,480485.5769358656,0.0992448275862069,1.8136983277591974,False,0.19
fx63110,ok,,0.055358827351553286,0.6955274507129461,4.493364370301233,1.7678399999999996,0.3934334842027255,0.3934334842027255,9.02604461040946,2.1714141483999,0.07961240299917803,1.8532078159089642,14.068328169099896,24.947580595418323,10.879252426318425,0.055358827351553286,10.203724131704222,31.29280030727527,0.6533285238926707,27.881182417993003,-0.2701719532526356,0.006085525023276921,16.463925952640068,1000000.0,814746.5723877592,18.35326479867286,0.828255703497722,14.42080313235832,1.287458184027817,0.006468916545133487,13.698028458155646,1000000.0,477849.83894097654,0.10993931034482758,1.8434,False,0.19
fx63120,ok,,0.054871560234873454,0.6820702718821615,4.582018003769466,1.7678399999999996,0.38582126882645584,0.38582126882645584,9.166185601441986,2.268913700796196,0.07795809212580855,1.855772356481702,13.9256226374281,24.947580595351788,11.02195795792369,0.054871560234873454,9.945526868592767,31.29280030722508,0.6662186308859877,28.064920871026796,-1.295988275725052,0.006667675274771337,16.278043139609647,1000000.0,798982.7224979477,17.864128707841026,0.9031757505647098,14.704259621809168,0.767250200249122,0.006750475383502753,12.955272345176752,1000000.0,456115.4658552273,0.11992765957446809,1.8995,False,0.2
fx63137,ok,,0.05227821577411732,0.6983519026688499,4.475191166024442,1.7678399999999994,0.3950311694886699,0.3950311694886699,9.912047266149374,2.7612262716790754,0.07996023171734314,1.850499097702098,13.185034231115283,24.947580594966755,11.762546363851472,0.05227821577411732,9.883375915599391,31.292800306942176,0.6506861669109602,28.30683240882451,-2.264721350944965,0.00802492599811587,15.684496346615823,1000000.0,818055.158614703,17.803081572015376,0.9478573507384525,15.789232662925277,0.22172605522430489,0.007476677639159153,12.077609508025281,1000000.0,465407.4603861704,0.13706573481384715,1.8319,False,0.21
fx63137sm,ok,,0.053452666360228586,0.6718517302732436,4.651708293329763,1.7678399999999996,0.3800410276231128,0.3800410276231128,9.57426812322715,2.544052332022894,0.07670529983612392,1.8553887083521454,13.517923763568467,24.947580595147762,11.429656831579294,0.053452666360228586,9.8073913500301,31.292800307073698,0.67635149576416,27.992743272509845,-2.216541539053391,0.0069528155409107764,16.206380724698388,1000000.0,787012.6388660676,17.619652611303728,0.9773978636969781,15.36747026416003,0.3983656561859029,0.007273419769454973,12.231680747347529,1000000.0,443133.53747350484,0.13672105100671142,1.9436,False,0.19
fx63143,failed,Maximum_Iterations_Exceeded,,,,,,,,,,,,,,,,,,,,,,,,,,,,,,,,,,,1.23
fx63145,ok,,0.04832897043669867,0.767434584015701,4.072344836541871,1.7678399999999994,0.4341086206985368,0.4341086206985368,11.047874282502313,3.4966800387140387,0.08066325511631463,1.8259010673959157,12.073805244307168,24.947580594205398,12.87377534989823,0.04832897043669867,10.48500145033669,31.29280030643998,0.5921129072989372,29.49783309863233,-0.035830092606473386,0.011974512478339085,13.95720813852202,1000000.0,898979.1793278677,19.141236871229296,0.8166404400158744,17.650300795496573,1.9909950869500044,0.012899659189699838,11.531348284966787,1000000.0,549889.2155802611,0.14465875405580791,1.5769789297658863,False,0.19
fx63158,ok,,0.04580631575710553,0.7682630537157595,4.067953353326654,1.7678399999999999,0.4345772545681507,0.4345772545681507,11.773405135293704,3.980091741300769,0.08064467920455802,1.8107884003157286,11.363387057980805,24.94758059359024,13.584193535609433,0.04580631575710553,10.775504567192211,31.292800306096424,0.5914743921424839,29.116934437681305,-0.017075004785229688,0.011779232759132618,14.017530716888224,1000000.0,899949.6555339005,19.835751405876387,0.8015542413596757,18.179421260497225,1.7023247745273309,0.011572233928417367,11.886889421613711,1000000.0,570456.3819907416,0.15813356388088376,1.5742,False,0.2
fx6617a2,failed,Infeasible_Problem_Detected,,,,,,,,,,,,,,,,,,,,,,,,,,,,,,,,,,,0.75
fx6617ai,failed,Maximum_Iterations_Exceeded,,,,,,,,,,,,,,,,,,,,,,,,,,,,,,,,,,,1.26
fx66182,failed,Maximum_Iterations_Exceeded,,,,,,,,,,,,,,,,,,,,,,,,,,,,,,,,,,,1.25
fx66196v,failed,Maximum_Iterations_Exceeded,,,,,,,,,,,,,,,,,,,,,,,,,,,,,,,,,,,1.27
fx66a175,failed,Infeasible_Problem_Detected,,,,,,,,,,,,,,,,,,,,,,,,,,,,,,,,,,,0.64
fx66h60,ok,,0.03845454851698039,0.8567571785887111,3.6477759903314313,1.7678399999999996,0.4846350227332289,0.4846350227332289,8.691339857325262,1.8665456981415773,0.10623804031780285,1.7964291155113088,9.263333298907158,19.75110227174373,10.487768972836571,0.03845454851698039,11.965498022036254,31.29280030479039,0.41990500032185996,22.2613975462505,3.488681771412393,0.006518947225393298,17.781706951806594,1000000.0,1003612.4007079931,22.202375291292938,0.4429276571898665,14.204774340420334,3.678871494882925,0.006578890197840142,17.30158918533424,1000000.0,712067.2790700438,0.06015037783375315,0.8275,False,0.19
fx66h80,ok,,0.044847857250659484,0.8567571794404847,3.6477759866945005,1.767839999997486,0.4846350232157339,0.4846350232157339,9.513380129987736,2.4145725391001838,0.10623804835033146,1.7979727218355168,11.100544231254052,22.411897083077307,11.311352851823253,0.044847857250659484,11.129889108274956,31.29280030594945,0.47647303488726894,24.651687342100978,3.0420640946263444,0.006098378097322124,16.95017927616978,1000000.0,1003612.4017443674,20.634145285053155,0.5530827883052597,14.600170969310984,3.796100203755745,0.006248926469043561,15.402710026887425,1000000.0,661771.5226827187,0.07999819463087249,1.0736939799331104,False,0.2
fx66s161,failed,Maximum_Iterations_Exceeded,,,,,,,,,,,,,,,,,,,,,,,,,,,,,,,,,,,1.17
fx66s171,failed,Maximum_Iterations_Exceeded,,,,,,,,,,,,,,,,,,,,,,,,,,,,,,,,,,,1.21
fx66s196,failed,Infeasible_Problem_Detected,,,,,,,,,,,,,,,,,,,,,,,,,,,,,,,,,,,0.87
fx67k150,failed,Infeasible_Problem_Detected,,,,,,,,,,,,,,,,,,,,,,,,,,,,,,,,,,,0.79
fx67k170,failed,Infeasible_Problem_Detected,,,,,,,,,,,,,,,,,,,,,,,,,,,,,,,,,,,0.82
fx68h120,failed,Maximum_Iterations_Exceeded,,,,,,,,,,,,,,,,,,,,,,,,,,,,,,,,,,,1.22
fx69h083,ok,,0.038838632579910375,0.8561850795291912,3.6502134180130206,1.7678399999999996,0.48431140800592326,0.48431140800592326,10.234203282961609,2.9006851288656126,0.10090076130700108,1.7884811411866266,9.381746189500193,21.40443061364843,12.022684424148235,0.038838632579910375,12.117682131602454,31.292800304870863,0.45535853879049226,22.93478395419419,2.1041482443769555,0.005365943248493823,17.88757026743004,1000000.0,1002942.2391701536,22.58467972729564,0.4910347614848394,15.361277592038022,2.441328862446491,0.005523056975393376,16.999491173216512,1000000.0,723844.7513790869,0.08398794964028777,0.9818,False,0.2
fx69h098,ok,,0.04913852298676369,0.8379434109467591,3.7296769981983546,1.7678399999999996,0.47399278834439723,0.47399278834439723,10.815042037645593,3.316741549187321,0.07921400656119161,1.817258454741782,12.315280101999903,24.94758059438728,12.632300492387376,0.04913852298676369,11.52879765734218,31.292800306559712,0.5422895111612672,27.347783385841694,2.9162339736511456,0.007096035026832863,15.501584952082357,1000000.0,981573.7987168715,21.146868473331402,0.601287184029903,16.18388564456663,3.471279838383975,0.007309465323176357,14.456048141380638,1000000.0,663322.2918686108,0.09885287958115184,1.360138795986622,False,0.19
fx69pr281,failed,Maximum_Iterations_Exceeded,,,,,,,,,,,,,,,,,,,,,,,,,,,,,,,,,,,1.27
fx71089a,ok,,0.050769001995129515,0.8491831994038743,3.6803109950761224,1.7678399999999994,0.4803507101343304,0.4803507101343304,10.346106342578665,2.9999429823632973,0.07900522170904134,1.815819145611682,12.785655106515467,24.947580594705812,12.161925488190347,0.050769001995129515,11.559724595867726,31.292800306763628,0.5351117674277823,28.47125437865591,4.399311355990503,0.009489088925095803,14.459827788976892,1000000.0,994740.179302872,21.22040370192206,0.5672832744604634,16.141704453959083,4.660203464483113,0.009754297774065,13.944931455293553,1000000.0,674557.341509856,0.08935439366678662,1.3289,False,0.19
fx71120,ok,,0.045860001446683084,0.8373185792409003,3.732460192670403,1.7678399999999996,0.4736393447602161,0.4736393447602161,11.757964248989929,3.945585637274004,0.07922542071781531,1.7909128785531014,11.398703096336805,24.947580223879832,13.54887712754303,0.045860001446683084,11.71336794198533,31.29279986664607,0.5426941906560466,28.42924197928783,4.9541817828859465,0.01005175880729325,14.29670948751784,1000000.0,980841.8519324216,21.80148474791376,0.6072209562138356,17.864966097606178,5.428481445306799,0.010588623709055505,13.337525056112801,1000000.0,683345.9698763628,0.11986,1.3619,False,0.19
fx711520,failed,Maximum_Iterations_Exceeded,,,,,,,,,,,,,,,,,,,,,,,,,,,,,,,,,,,1.22
fx711525,failed,Maximum_Iterations_Exceeded,,,,,,,,,,,,,,,,,,,,,,,,,,,,,,,,,,,1.22
fx711530,failed,Maximum_Iterations_Exceeded,,,,,,,,,,,,,,,,,,,,,,,,,,,,,,,,,,,1.23
fx71l150,failed,Maximum_Iterations_Exceeded,,,,,,,,,,,,,,,,,,,,,,,,,,,,,,,,,,,1.25
fx72150a,ok,,0.05093385774853071,0.702117811196013,4.451187843071978,1.7678399999999996,0.39716140102951236,0.39716140102951236,10.298692823660812,3.0178473645766855,0.08041520518527313,1.8432441228972287,12.805643648178842,24.947580594736884,12.14193694655804,0.05093385774853071,10.080653305288896,31.292800306784187,0.6471961193078359,29.742429253781395,-2.9858115501831053,0.012796400145881176,14.045680412693448,1000000.0,822466.5748116712,18.22991174466901,0.9281435878672576,16.260914117832307,-0.6413734039867083,0.009435673159279496,11.917018864699076,1000000.0,479135.5495438493,0.15010792717981478,1.8167107023411373,False,0.2
fx72150b,ok,,0.053822864155338074,0.6405908643103081,4.8787118888509395,1.7678399999999996,0.36235794207072375,0.36235794207072375,9.467796982228432,2.4824583176291948,0.07289104428816276,1.8599901090955642,13.61979350387563,24.947580595199625,11.327787091323996,0.053822864155338074,9.4285077944852,31.29280030711396,0.7093574823160501,29.828951010675176,-3.483208707034281,0.013088558529759462,14.311169012235403,1000000.0,750393.4035415212,16.897057226951045,1.1047105587647887,15.578839378977372,-0.45759523653309553,0.009948500672517792,11.224543260870004,1000000.0,405187.14074576343,0.15010792717981478,2.0872478260869562,False,0.2
fx72ls160,ok,,0.04879332703909323,0.6914331460784567,4.519971718632905,1.7678399999999996,0.3911174914463169,0.3911174914463169,10.914322494995101,3.4315063842209623,0.07910770265565255,1.844462290446795,12.18879580887445,24.94758059431635,12.758784785441897,0.04879332703909323,10.359052917401417,31.29280030651465,0.6571971929323404,28.568796141116493,-2.2321625406287873,0.01007830469004847,14.97914395632425,1000000.0,809950.4702676559,18.720998835369848,0.9390904027504451,16.99687440347701,0.165754969566412,0.009029412392948752,12.034160631671556,1000000.0,484554.9667036778,0.16009795273075694,1.8602371237458195,False,0.2
fx73170,failed,Infeasible_Problem_Detected,,,,,,,,,,,,,,,,,,,,,,,,,,,,,,,,,,,0.39
fx73170a,failed,Maximum_Iterations_Exceeded,,,,,,,,,,,,,,,,,,,,,,,,,,,,,,,,,,,1.41
fx73cl1152,ok,,0.053381433522615075,0.6562459361652369,4.762327800248788,1.7678399999999996,0.3712134221226112,0.3712134221226112,9.59475512124989,2.562405182881247,0.07479769263476142,1.852420007490771,13.500405466394811,24.94758059513547,11.44717512874066,0.053381433522615075,10.531829733819098,31.292800307065882,0.6924354082211562,28.26942697087455,0.7338357886610437,0.009640945380245205,15.302816394913256,1000000.0,768731.8833820015,18.95147913041812,0.8662670498141669,15.07582416474491,2.3004119226579474,0.009469878049602969,13.286253977560829,1000000.0,465557.7673408616,0.15210992083483268,2.0136,False,0.19
fx73cl2152,ok,,0.05504054010787927,0.6180256175629418,5.056842591612655,1.7678399999999996,0.34959363831734885,0.34959363831734885,9.117585960588402,2.2557153369778344,0.07014489035692166,1.8593547061313993,13.970639928649284,24.947580595369082,10.976940666719802,0.05504054010787927,9.753831885990087,31.292800307242587,0.735257422650273,28.818082184749507,-1.7810252005958764,0.009832547628078081,15.43278019206709,1000000.0,723960.2880383289,17.48605193301005,1.0360903513051065,14.968322212066544,0.8196129368771862,0.010266421560923096,12.139842056708902,1000000.0,404540.5674718479,0.15210272400143937,2.19996889632107,False,0.19
fx73cl3152,ok,,0.05478596247250616,0.6238486966701113,5.009641411902512,1.7678399999999996,0.3528875331874556,0.3528875331874556,9.190804039327663,2.3027940515560745,0.07085948103479145,1.8568367734514732,13.899939782555661,24.9475805953348,11.047640812779136,0.05478596247250616,9.906375022110106,31.292800307216098,0.7283944410348066,28.929329423593785,-1.2121345592487018,0.010302725141444842,15.251193730029968,1000000.0,730781.4907644194,17.783604108788044,0.9987505418587709,14.99605820848787,1.362595263657232,0.010362525416299924,12.362976058035413,1000000.0,415300.91887581977,0.15210552716804607,2.1701,False,0.19
fx73k170,failed,Maximum_Iterations_Exceeded,,,,,,,,,,,,,,,,,,,,,,,,,,,,,,,,,,,1.2
fx74080,ok,,0.0379539739477542,0.8561653108653605,3.650297700617157,1.7678399999999996,0.48430022562299796,0.48430022562299796,9.994570835699982,2.7411188991823816,0.10071985126190641,1.7958569983398727,9.11993712056065,20.910364954600503,11.790427834039853,0.0379539739477542,11.55520495665089,31.292800304683063,0.44485804165962595,23.405340928832896,-1.061954953828581,0.006810800270143051,17.11965670609487,1000000.0,1002919.0819888443,21.447893619096178,0.533960290680525,14.944067938904416,-0.05527831236009763,0.005296201816615983,16.219501500135284,1000000.0,687394.5945911149,0.08149707616707616,0.9361,False,0.19
fx74130wp1,ok,,0.0452740468398368,0.816743517325924,3.826486772533335,1.7678399999999996,0.46200081304073004,0.46200081304073004,11.926488918238375,4.065405749149785,0.07962344448716167,1.7859785049554646,11.235113170251024,24.94758059344486,13.71246742319384,0.0452740468398368,10.855051547773472,31.292800306013486,0.5563655089537821,27.399988120249102,0.22475822591337438,0.0072022639677235085,15.535329891670129,1000000.0,956740.0690688529,20.25976519809637,0.7295707520311994,17.642216328365084,1.7429603673078693,0.007193715953850254,12.937687476961916,1000000.0,619418.171764596,0.13009412776412776,1.4214,False,0.19
fx74130wp2,ok,,0.04403381138455433,0.8476545166512731,3.6869481660365366,1.7678399999999996,0.47948599231337297,0.47948599231337297,12.283188190070517,4.291902433038575,0.07903329258518346,1.7986873922573332,10.865705010722039,24.94758059304989,14.08187558232785,0.04403381138455433,11.238056113225861,31.29280030582092,0.5360768022512064,27.50741932302309,0.5256476993625762,0.007473633498870347,15.298577341130358,1000000.0,992949.4677321663,20.826402189362142,0.68315529412907,18.11787246426727,1.802732436597279,0.007635756167275588,13.036078481436318,1000000.0,660840.9847186626,0.12989515356265358,1.3331,False,0.2
fx74130wp2mod,ok,,0.0441309532974805,0.8496574810118791,3.678256633341294,1.7678399999999996,0.4806189932414015,0.4806189932414015,12.255249584173693,4.272527576330243,0.07899653326430463,1.782163792714119,10.910167216193472,24.947580593081284,14.037413376887812,0.0441309532974805,10.925217482097889,31.292800305836735,0.5348130662713153,26.830980638042064,0.5377715780960702,0.00624975616763683,15.845330054385448,1000000.0,995295.7566471758,20.43436846594872,0.7057113132621331,17.77592999862255,2.0480783786350103,0.006221476135744351,13.042471623224769,1000000.0,649933.5318395947,0.12907275007742336,1.3276,False,0.2
fx74cl6140,ok,,0.05463937301782441,0.6477811176735605,4.824559068384152,1.7678399999999994,0.36642519553441527,0.36642519553441527,9.23296405947218,2.3237503132463497,0.07376587211256329,1.8540255932998315,13.860590942544713,24.947580595316722,11.086989652772012,0.05463937301782441,10.158490729579666,31.292800307200842,0.7014837424304546,28.93809089880184,-0.790460438530364,0.01015330813419389,15.174909138754781,1000000.0,758816.1254308437,18.26384483991828,0.9151815527245551,14.792313508741278,1.0172022182173437,0.008730597385762233,13.049777414124422,1000000.0,442878.2288847381,0.14049798824297846,2.0529799331103677,False,0.19
fx74modsm,failed,Maximum_Iterations_Exceeded,,,,,,,,,,,,,,,,,,,,,,,,,,,,,,,,,,,1.33
fx75141,ok,,0.04619242789403216,0.7892655756158083,3.9597042645139795,1.7678399999999992,0.4464575841794556,0.4464575841794556,11.662356785815792,3.8989552732444013,0.08018672944748029,1.725161978707193,11.56006173116122,24.947580495684207,13.387518764522985,0.04619242789403216,10.51526762745092,31.292800191048286,0.5757351369379644,26.75628109263766,0.4170578436552124,0.00625092975053133,16.056130191956264,1000000.0,924552.1789097892,20.31744991143939,0.7329002234786884,16.89030437032509,1.8367618117805844,0.0062721769103212584,13.509845611333905,1000000.0,600283.211180486,0.14133415841584157,1.5057,False,0.19
fx75193,failed,Infeasible_Problem_Detected,,,,,,,,,,,,,,,,,,,,,,,,,,,,,,,,,,,0.74
fx75vg166,failed,Maximum_Iterations_Exceeded,,,,,,,,,,,,,,,,,,,,,,,,,,,,,,,,,,,1.22
fx76100,ok,,0.04725349835906099,0.8567571788772574,3.6477759891028994,1.7678399999999994,0.4846350228964486,0.4846350228964486,11.093173076005831,3.467767841122969,0.1062380430107121,1.8025433632344858,11.787850627355494,24.683567066595813,12.895716439240317,0.04725349835906099,11.719990647593113,31.292800306305672,0.5247683440623483,27.669340914896058,4.506285118636179,0.008042238037306287,15.104528845581703,1000000.0,1003612.4010945963,21.67306278938878,0.5715489908187509,16.902604764963776,4.8416216438343325,0.008427290136621836,14.253061981908555,1000000.0,695091.3428079941,0.10064622818791946,1.2838836120401338,False,0.2
fx76120,ok,,0.04528815377032502,0.8442890850635365,3.7016447575711684,1.7678399999999994,0.4775822953794103,0.4775822953794103,11.922431679089497,4.052652212696378,0.07909544915328451,1.7868603212329575,11.238288593118003,24.947580593440456,13.709292000322455,0.04528815377032502,11.73366144527738,31.29280030601749,0.5382136648934797,27.313743468044425,4.951083165678079,0.008138431025720401,15.02733550748581,1000000.0,989007.1735158062,21.88878691458285,0.6044867450346715,17.463619026911886,5.43517870870113,0.008633135897308998,13.881542879455244,1000000.0,691793.8652463291,0.1206831677852349,1.3424,False,0.2
fx76mp120,ok,,0.05135364904951342,0.7245267013799402,4.313517030701012,1.7678399999999996,0.40983725980854624,0.40983725980854624,10.177958288282024,2.9305144642039127,0.08168320257115141,1.8479515220666034,12.921670784463734,24.94758059481236,12.025909810348628,0.05135364904951342,9.899157185703945,31.29280030683441,0.6271789871062283,28.48851189523568,-2.9813920891487693,0.008511518745571937,15.385722548275401,1000000.0,848716.5329554,17.856091041886042,0.9285324413094157,16.171348503686765,-0.26258637994340156,0.007569880064732175,11.864428108175355,1000000.0,484289.02279786277,0.12111310124560842,1.7295926421404682,False,0.2
fx76mp140,ok,,0.049392550203884944,0.712216580232135,4.38807288729697,1.7678399999999996,0.40287389143369035,0.40287389143369035,10.741982262571124,3.3103044739450107,0.08151537077210022,1.8394212409231625,12.36617709094983,24.947580594444116,12.581403503494286,0.049392550203884944,10.093648215571898,31.29280030659246,0.6380192982239836,28.18890304778739,-2.358173626855738,0.008419088576096514,15.475115983614128,1000000.0,834296.3558582676,18.291348008474905,0.9417419226092864,16.731838547777517,0.43742967477482125,0.007180013171755128,11.971981335147232,1000000.0,487665.04875535483,0.1410714915362504,1.7767715719063544,False,0.2
fx76mp160,ok,,0.046198912831308364,0.7230413691473935,4.322378219223177,1.7678399999999996,0.40899706373166894,0.40899706373166894,11.660491825232528,3.9193297093723762,0.08172066901471593,1.822373919457714,11.464714849008937,24.94758059369918,13.482865744690242,0.046198912831308364,10.511097688761994,31.292800306154504,0.6284673907914744,27.727809142712612,-1.6490282962388998,0.008104340004009385,15.54735814483726,1000000.0,846976.602551695,19.226017186582276,0.8998015347427988,17.668939248582213,0.826681579776859,0.007453689246157488,12.208556248340422,1000000.0,520374.86444092076,0.16143941552219737,1.7352,False,0.2
fx77080,ok,,0.04639322807712845,0.8567571798263245,3.647775985062101,1.7678399999999996,0.4846350234332998,0.4846350234332998,10.035511485960711,2.7626601053289126,0.10623805173988668,1.8112717352809058,11.531703281616455,23.378486502858074,11.846783221241617,0.04639322807712845,11.78121580121612,31.29280030618287,0.49702255764717274,26.35700722371927,3.887888936762793,0.007716170334199898,15.694980692538776,1000000.0,1003612.4022024026,21.681296391066724,0.5246606754045563,15.761530308656646,4.11469878743547,0.007925134940838838,15.157298563495358,1000000.0,695355.4089437455,0.08046469798657718,1.1631290969899666,False,0.19
fx77w121,ok,,0.04751858914881356,0.8437609345835861,3.7039617947498122,1.7678399999999996,0.47728354069575657,0.47728354069575657,11.280944877421854,3.6251906386084607,0.07910524866170408,1.8167742278339953,11.849861488773762,24.94758059402961,13.09771910525585,0.04751858914881356,11.336518032699777,31.292800306341583,0.5385505586688164,28.004495076763934,1.475670825127962,0.007944097726045977,15.111425839265413,1000000.0,988388.4937129221,20.799719009326147,0.6399818231374379,16.96845842769323,2.0409504187579754,0.007585573685223233,13.705708381921292,1000000.0,656962.7115510567,0.12099623775310256,1.343866220735786,False,0.2
fx77w153,ok,,0.046434839989269026,0.7671755122883894,4.073720049115933,1.7678399999999996,0.4339620736539447,0.4339620736539447,11.592637737438334,3.859941764048115,0.08066907130168363,1.8061838409680844,11.54875901535304,24.947580593759458,13.39882157840642,0.046434839989269026,11.433386591053583,31.29280030618892,0.5923128611691655,27.663423921863288,2.710190227176509,0.008245882175834015,15.303224735198677,1000000.0,898675.7005699516,21.100448233673855,0.699672537077098,17.304231222187596,3.335532945207896,0.008482935921268909,13.723209054337252,1000000.0,605968.7823779248,0.15245934228187918,1.5778491638795986,False,0.2
fx77w258,failed,Maximum_Iterations_Exceeded,,,,,,,,,,,,,,,,,,,,,,,,,,,,,,,,,,,1.34
fx77w270,failed,Maximum_Iterations_Exceeded,,,,,,,,,,,,,,,,,,,,,,,,,,,,,,,,,,,1.26
fx77w270s,failed,Maximum_Iterations_Exceeded,,,,,,,,,,,,,,,,,,,,,,,,,,,,,,,,,,,1.26
fx77w343,failed,Infeasible_Problem_Detected,,,,,,,,,,,,,,,,,,,,,,,,,,,,,,,,,,,0.89
fx78k140,failed,Maximum_Iterations_Exceeded,,,,,,,,,,,,,,,,,,,,,,,,,,,,,,,,,,,1.28
fx78k140a20,failed,Infeasible_Problem_Detected,,,,,,,,,,,,,,,,,,,,,,,,,,,,,,,,,,,1.06
fx78k150,failed,Maximum_Iterations_Exceeded,,,,,,,,,,,,,,,,,,,,,,,,,,,,,,,,,,,1.34
fx78k161,failed,Maximum_Iterations_Exceeded,,,,,,,,,,,,,,,,,,,,,,,,,,,,,,,,,,,1.21
fx78pk188,failed,Infeasible_Problem_Detected,,,,,,,,,,,,,,,,,,,,,,,,,,,,,,,,,,,0.89
fx79k144,failed,Maximum_Iterations_Exceeded,,,,,,,,,,,,,,,,,,,,,,,,,,,,,,,,,,,1.19
fx79l100,ok,,0.046756569537878774,0.8567571791423568,3.647775987972978,1.7678399999997036,0.48463502304648637,0.48463502304648637,10.705231530626042,3.20914014174498,0.10623804546876206,1.8042790244543774,11.643195209964352,24.15270576504477,12.50951055508042,0.046756569537878774,11.68879319103645,31.292800306235247,0.5134823249362208,27.271061748672203,4.580382670912137,0.008234341808744623,15.192486521367584,1000000.0,1003612.401403045,21.594577912861336,0.5584694797682654,16.530309907581792,4.821612793071496,0.008589262110300096,14.38278493167453,1000000.0,692574.2018713983,0.10064252315554136,1.234764882943144,False,0.2
fx79l120,ok,,0.04659268153450239,0.8493655527004027,3.6795208560834736,1.7678399999999996,0.48045386047402644,0.48045386047402644,11.54724154752514,3.800631527601806,0.0790018801303027,1.7541366064144943,11.646202439857502,24.947580593797134,13.301378153939634,0.04659268153450239,11.384126489653836,31.292800306211745,0.534996882388004,27.82940582557779,5.167862362852403,0.008848050873721735,14.713949955671215,1000000.0,994953.7894356581,21.632915110534668,0.596867899775324,17.20071605701701,5.620907717618054,0.009220147629242139,13.732710630419113,1000000.0,687817.9854518749,0.12065884381986586,1.3284,False,0.19
fx79w151a,failed,Maximum_Iterations_Exceeded,,,,,,,,,,,,,,,,,,,,,,,,,,,,,,,,,,,1.26
fx79w660a,failed,Infeasible_Problem_Detected,,,,,,,,,,,,,,,,,,,,,,,,,,,,,,,,,,,0.68
fx80080,ok,,0.048209104837254185,0.8567571801061633,3.6477759838706296,1.767839999999996,0.48463502359159494,0.48463502359159494,10.053412390351063,2.7745940389890604,0.10623805423488056,1.8227143637791972,12.042517871318601,23.918644625448863,11.87612675413026,0.048209104837254185,11.547422961834359,31.292800306436938,0.5085062252282646,25.936619864683664,1.5774096689466153,0.005018107499305084,16.899998927585393,1000000.0,1003612.4025383585,21.11763128533947,0.5544124619784717,15.288203732845526,2.0490393773211215,0.005188508191610358,15.844652567964866,1000000.0,677277.727229773,0.08059064725921337,1.213108026755853,False,0.19
fx83w108,ok,,0.051411046037310094,0.7698181211068211,4.059735903730867,1.7678399999999996,0.43545689717781094,0.43545689717781094,10.161450564948298,2.9049372123906276,0.0806099282997771,1.8376737479666383,12.948456281905946,24.947580594820884,11.999124312914937,0.051411046037310094,10.738743997882558,31.29280030684121,0.5902795871439236,27.613613713027778,0.37303612830270994,0.006167621164893193,16.162177635364,1000000.0,901771.2742784676,19.478872877126744,0.732723456914278,15.595680957640303,1.738656376034072,0.006021971490778939,13.878807208995445,1000000.0,561326.8177880108,0.10865855649902023,1.569,False,0.2
fx83w160,failed,Maximum_Iterations_Exceeded,,,,,,,,,,,,,,,,,,,,,,,,,,,,,,,,,,,1.19
fx83w227,failed,Infeasible_Problem_Detected,,,,,,,,,,,,,,,,,,,,,,,,,,,,,,,,,,,0.61
fx84w097,ok,,0.05043831457953315,0.8410532562241869,3.7158862919459885,1.767839999999998,0.47575190980189824,0.47575190980189824,10.441214057750289,3.0663742143579813,0.07915567820824408,1.817377242399827,12.688989294517162,24.94758059466728,12.258591300150115,0.05043831457953315,11.388593697879024,31.292800306717908,0.5402843628992514,27.069847741736055,2.4830932202712876,0.005258513837717252,16.351339286457225,1000000.0,985216.697039936,20.888331881388424,0.5958210853953697,15.699661918835375,2.9307423828160393,0.00536939367590309,15.21561881478239,1000000.0,657644.3508137397,0.09739090790333116,1.3514120401337792,False,0.19
fx84w127,ok,,0.04659618881711255,0.8122485431698726,3.8476625066059196,1.7678399999999996,0.45945817674103584,0.45945817674103584,11.546232831702515,3.8135047800459034,0.07971299714861393,1.8278208439129016,11.573526918207092,24.947580593822508,13.374053675615416,0.04659618881711255,11.423363304938054,31.29280030620386,0.5594444293240499,26.488002137552726,1.5215335743760285,0.005742646249600721,16.210315013041264,1000000.0,951474.6194037292,20.832390553995296,0.6767094182744077,16.695481178504217,2.6641510577470813,0.00590435350115718,14.098741927259153,1000000.0,633420.1694855308,0.12753586074736506,1.4348,False,0.19
fx84w140,ok,,0.044572693063602585,0.8087277144123578,3.8644134606798906,1.7678399999999994,0.45746657752531794,0.45746657752531794,12.128202536599135,4.2027330342945675,0.0797838423003948,1.7983938211112198,11.020984235533078,24.94758059324343,13.926596357710356,0.044572693063602585,11.23367920354401,31.292800305901316,0.5618799932328348,26.803251101741115,0.9037106959408139,0.006016419181910321,16.0948008731974,1000000.0,947350.2916500495,20.82168927938666,0.7084628102471885,17.63633692177788,2.24482325551996,0.006238097136571955,13.578685761219676,1000000.0,630350.5349041505,0.14081868093260938,1.4454,False,0.19
fx84w150,failed,Infeasible_Problem_Detected,,,,,,,,,,,,,,,,,,,,,,,,,,,,,,,,,,,1.16
fx84w175,failed,Restoration_Failed,,,,,,,,,,,,,,,,,,,,,,,,,,,,,,,,,,,0.72
fx84w218,failed,Maximum_Iterations_Exceeded,,,,,,,,,,,,,,,,,,,,,,,,,,,,,,,,,,,1.35
fxl142k,ok,,0.04366538500832981,0.8497670058792695,3.6777825497781436,1.7678399999999996,0.4806809473025102,0.4806809473025102,12.389149860132944,4.361753405621381,0.07899452827364896,1.7498653107497222,10.808565422041331,24.947580592923998,14.139015170882667,0.04366538500832981,11.683393869367082,31.29280030576148,0.5347441352226521,27.373288433656878,4.879329053492521,0.00883174536535385,14.718860789145678,1000000.0,995424.0549746351,22.255796484437962,0.599155197570991,17.99998891889473,5.513591230062231,0.009464343671901871,13.62128581298339,1000000.0,707956.9411098879,0.14198190104166666,1.3273,False,0.2
fxlv152,failed,Maximum_Iterations_Exceeded,,,,,,,,,,,,,,,,,,,,,,,,,,,,,,,,,,,1.47
fxm2,ok,,0.05905117111010786,0.66630597140011,4.690425119608168,1.7678399999999994,0.37690400228533705,0.37690400228533705,7.96410405280109,1.4722800172811326,0.07602206492449545,1.8755366967817952,15.107939846268538,24.947580595851424,9.839640749582884,0.05905117111010786,9.113589322523588,31.292800307628728,0.6819808649529214,29.69277170607192,1.0928606829401633,0.010695564783484919,14.901510040790788,1000000.0,780516.2913547147,16.197300285942077,1.0039835275342108,13.687416458628634,3.967541939935788,0.010263789294306692,11.637701834836582,1000000.0,403998.89510879514,0.08382222222222221,1.9681,False,0.21
fxs02196,failed,Infeasible_Problem_Detected,,,,,,,,,,,,,,,,,,,,,,,,,,,,,,,,,,,1.14
fxs03182,failed,Maximum_Iterations_Exceeded,,,,,,,,,,,,,,,,,,,,,,,,,,,,,,,,,,,1.34
fxs21158,failed,Maximum_Iterations_Exceeded,,,,,,,,,,,,,,,,,,,,,,,,,,,,,,,,,,,1.32
geminism,failed,Maximum_Iterations_Exceeded,,,,,,,,,,,,,,,,,,,,,,,,,,,,,,,,,,,1.31
giiia,failed,Maximum_Iterations_Exceeded,,,,,,,,,,,,,,,,,,,,,,,,,,,,,,,,,,,1.44
giiib,ok,,0.041063242790853854,0.8554652131249116,3.6532850402646133,1.7678399999932175,0.4839042069011866,0.4839042069011866,11.400311168026402,3.684815711360079,0.094460270189597,1.7647541807622855,10.045284598510127,23.210349947298816,13.165065348788687,0.041063242790853854,11.902863489034702,31.29280030530543,0.4941932337904579,25.380096391657837,4.445876131966023,0.007748944667967084,15.742265288576768,1000000.0,1002098.9817653387,22.482571262688573,0.5430440077043627,16.83533100412892,4.833948294000276,0.008139467345053983,14.801405547019755,1000000.0,719966.303750296,0.10444867260883381,1.1508153846153846,False,0.21
giiic,ok,,0.041624258594374644,0.8561177704140892,3.650500402635438,1.767839999999996,0.4842733337938338,0.4842733337938338,11.085679849660421,3.468977836766659,0.10028574038174312,1.7853140825989882,10.186076259370685,23.057070191630096,12.87099393225941,0.041624258594374644,11.998353991715542,31.292800305410072,0.4905554108916804,25.234476984383186,4.239097539012125,0.007032325094063994,16.1648163125244,1000000.0,1002863.3927367902,22.401948035662205,0.5343346282475792,16.607011511602384,4.580265019513407,0.007482490478499416,15.203984642066898,1000000.0,717931.7092651951,0.09929403484434812,1.1349829431438128,False,0.21
giiid,ok,,0.04207725128926497,0.8564541642420329,3.6490665771540396,1.7678399999999996,0.4844636190164455,0.4844636190164455,10.96220507902456,3.3834274259035526,0.10338646408459429,1.7876104641020165,10.314063336466555,23.063878879593133,12.749815543126577,0.04207725128926497,11.99588198527159,31.292800305491006,0.4905075356982185,25.191157891179408,4.107102998495204,0.006810993979813038,16.279497961878228,1000000.0,1003257.4472342734,22.368560761544455,0.5306766873845417,16.45588784224229,4.434000117673981,0.007259259714321695,15.357702244511017,1000000.0,717143.3987642834,0.0971012251912958,1.1347745819397992,False,0.2
giiie,ok,,0.04337343358561047,0.8567571773792386,3.6477759954809477,1.7678399999999996,0.48463502204907616,0.48463502204907616,10.430330248061548,3.025872637140255,0.10623802895218999,1.804463599644266,10.670000125458161,22.904793973163976,12.234793847705813,0.04337343358561047,11.542780674266798,31.292800305713257,0.4869519382441297,25.187812138098646,3.6751089241928026,0.006350016981295549,16.596472848395663,1000000.0,1003612.3993208047,21.322644351747808,0.5602257880103219,16.015073860420472,4.257431413967327,0.007543773827854178,14.75286520723745,1000000.0,683852.8367119256,0.08775098007429986,1.1193,False,0.2
giiif,ok,,0.04059844402710845,0.856757177995246,3.6477759928579143,1.7678399999999304,0.48463502239754713,0.48463502239754713,10.123885513149613,2.8215761271762214,0.10623804396094284,1.7872736401787268,9.889086186630271,21.80024533995861,11.91115915332834,0.04059844402710845,12.206419446058115,31.29280029594904,0.4634694262658905,23.592498269484164,3.2247862170898536,0.005694965886454493,17.475087816948893,1000000.0,1003612.3997292854,22.765436643560033,0.47846549615172984,15.528359544943264,3.3442028365098797,0.006010493766628722,16.96277129620815,1000000.0,730125.5970909706,0.08262167613797747,1.0171,False,0.2
giiig,ok,,0.03771238645367799,0.8558950327937591,3.651450406714858,1.7678399999999996,0.48414733957471223,0.48414733957471223,10.125471892095108,2.8309435216513363,0.0982695668990756,1.7645537762246255,9.08175830767286,20.971783975992594,11.890025668319733,0.03771238645367799,12.30321917331035,31.29280030463024,0.4463055937827589,22.3893231624961,3.075723288873329,0.005373400314241687,18.09343379536018,1000000.0,1002602.4760326567,23.241417252494404,0.45871547217041964,15.349728449344406,3.1734347427971636,0.005616931416348863,17.644195096904806,1000000.0,744641.0118947114,0.08286101078872055,0.9424,False,0.22
giiih,ok,,0.048101525157913605,0.8567571800223279,3.647775984227498,1.7678399999999783,0.4846350235441773,0.4846350235441773,10.190192675965292,2.865780896843988,0.10623805349290916,1.8101262117653334,12.024165452198444,24.024484339929067,12.000318887730625,0.048101525157913605,11.735678946877474,31.29280030642239,0.5107563592027777,26.56579293689739,3.542272616468687,0.006548428300054694,16.040427419259583,1000000.0,1003612.4024396966,21.611161458611225,0.5349154428200222,15.768693750640825,3.728690453761762,0.006962967129804468,15.412884927001333,1000000.0,693106.0646092958,0.08321936350016676,1.2229010033444816,False,0.23
giiii,ok,,0.05178636066313533,0.840425813532879,3.7186604876662352,1.7678399999998495,0.4753969892823732,0.4753969892823732,10.05350760054842,2.808135036012461,0.0791673010261141,1.8108393390001267,13.083233538170822,24.94758047771937,11.864346939548547,0.05178636066313533,11.442375822302184,31.29280015022639,0.5406877297065379,27.7998163087196,3.661970887666275,0.006922093887120156,15.569874249738307,1000000.0,984481.7005911337,21.062748041506186,0.5675716664429054,15.621884747265494,3.858445859871708,0.007259274773430375,14.97652432005608,1000000.0,662640.9241575835,0.0845133108995201,1.3531675585284282,False,0.23
giiij,ok,,0.05230796226281145,0.8234428751278147,3.7953552820707737,1.7678399999999705,0.46579038551442914,0.46579038551442914,9.903491994958003,2.714332712793102,0.07949175745489451,1.8708258688985624,13.17326273131166,24.947580595168226,11.774317863856565,0.05230796226281145,11.7278573873609,31.292800306874334,0.5518390363575614,27.78299651011794,3.6766785962896513,0.0069821147077228606,15.606307879133846,1000000.0,964587.7518870388,20.89604308330703,0.5840909640393076,15.496273344740889,3.9237181138706823,0.007380834155032804,14.910660011258084,1000000.0,644111.9689960759,0.084860013329,1.4017,False,0.2
giiik,ok,,0.05304646419612776,0.802655445923606,3.893648615320606,1.7678399999999976,0.45403172567857225,0.45403172567857225,9.691094340083382,2.580132475419077,0.07990748129393109,1.827069452567259,13.429416802450424,24.947580595101066,11.51816379265064,0.05304646419612776,11.378679537277305,31.29280030702564,0.5661307414161326,27.827922904466543,3.7432749686745916,0.00721271552198006,15.584923040093912,1000000.0,940237.186467726,20.759436231408444,0.5939218473696718,15.185412213974795,3.9775644760662887,0.007546228957449981,15.002769761477284,1000000.0,623747.1150989777,0.08533823625521893,1.4639,False,0.22
giiil,ok,,0.05327324796160289,0.7970589848553983,3.9209874362898978,1.7678399999999992,0.450866020033147,0.450866020033147,9.625869947635847,2.5386034766203527,0.08002311457702543,1.8158413259225852,13.50586932156987,24.9475805951283,11.441711273558433,0.05327324796160289,11.207022508301229,31.2928003070528,0.5701057654906967,27.830830741545277,3.7502914535820207,0.007220643520615089,15.603142881373497,1000000.0,933681.4459753119,20.57269055453255,0.6049572038632661,15.08602813945506,4.0702053382015935,0.007642069711828663,14.880894607714,1000000.0,613826.1605251543,0.08545399104394796,1.4812,False,0.21
giiim,ok,,0.054112466849092745,0.7792516463506415,4.010589236783877,1.7678399999999996,0.4407930844141108,0.4407930844141108,9.38450548334539,2.383803635358185,0.08040207246868425,1.8328501840614333,13.730224927840117,24.94758059524694,11.217355667406823,0.054112466849092745,11.258711102819184,31.292800307145075,0.5831337345642386,28.19856754767261,3.879261903203246,0.007371903709579073,15.608883458614683,1000000.0,912821.7832930522,20.475779927760524,0.6124042177208668,15.018792284937204,4.127694903050394,0.007655742193611393,15.036106640586224,1000000.0,597285.5661532724,0.08507209350491757,1.5379,False,0.21
giiin,ok,,0.05488970101003389,0.7630754922731748,4.095608229128111,1.7678399999999996,0.4316428479235536,0.4316428479235536,9.16096820399967,2.2401865077145384,0.08076164264375399,1.8367465816267292,13.949865809729495,24.947580595355895,10.997714785626398,0.05488970101003389,11.30334767437325,31.292800307226962,0.5954953701208802,28.296560300782932,4.155059485687198,0.007600531171410722,15.579337353071423,1000000.0,893872.9034553968,20.513350049561275,0.610897128440098,14.805357961232733,4.283104633895822,0.007734019434173379,15.287169815146259,1000000.0,585959.952077652,0.08424492777743181,1.5917,False,0.21
glennmartin2,failed,Infeasible_Problem_Detected,,,,,,,,,,,,,,,,,,,,,,,,,,,,,,,,,,,0.46
glennmartin3,ok,,0.045703494122469115,0.7407531473784381,4.219027994225124,1.7678399999999999,0.41901594453029584,0.41901594453029584,11.802977263758025,4.008763846308465,0.0812836147770948,1.8063719982230855,11.338231331581461,24.94758059356257,13.60934926198111,0.045703494122469115,11.096883708047146,31.29280030608108,0.6134404211580792,28.667673685672728,1.5356210685455185,0.011210068993321802,14.347551744684296,1000000.0,867724.3251439676,20.477295040303748,0.7814928279942264,18.087979025595338,2.4038883754575653,0.011820815538688636,12.401125160680255,1000000.0,567819.0141445581,0.13770000000000002,1.6698,False,0.21
glennmartin4,failed,Infeasible_Problem_Detected,,,,,,,,,,,,,,,,,,,,,,,,,,,,,,,,,,,1.12
gm15sm,ok,,0.05801898215653117,0.7950021510798888,3.9311318357498886,1.7678399999999415,0.44970254722142,0.44970254722142,8.260967705187333,1.629382339077545,0.08006542373074192,1.8611637115042945,14.825449078479341,24.947580495170968,10.122131416691628,0.05801898215653117,9.999669457255306,31.2928001614696,0.5715807491636282,28.121628236060182,-0.08463054776508788,0.005695299246710323,16.289741850253844,1000000.0,931272.0496528186,17.90934957422065,0.7080278787083851,13.510812703568218,1.275730642100034,0.006117076632522061,13.823661227837116,1000000.0,532981.2800348011,0.06731345812807882,1.487619397993311,False,0.19
goe05k,failed,too few converged polar points,,,,,,,,,,,,,,,,,,,,,,,,,,,,,,,,,,,0.01
goe06k,ok,,0.03731596094284634,0.8559302790293417,3.6513000441392993,1.7678399999999994,0.4841672770326172,0.4841672770326172,9.985533972874576,2.737320523124079,0.09858667189280004,1.781029990303156,8.951267701727625,20.717831664905354,11.766563963177731,0.03731596094284634,11.856448869897513,31.292800304542077,0.44088301758353265,22.105900901954268,-0.45320897459490345,0.005120025173017053,18.409906531126122,1000000.0,1002643.7637598829,22.190247468131968,0.49795866813030865,14.728595720959813,-0.07823205810965903,0.004695731286830721,17.341850066416832,1000000.0,710991.4428777304,0.07500000000000001,0.9188,False,0.2
goe07k,ok,,0.0433434109407864,0.8555557941516663,3.652898252765474,1.7678399999999996,0.4839554451486936,0.4839554451486936,11.991303150108038,4.077980556820019,0.09525424877702351,1.8009732414819863,10.664855788076594,24.45713217966662,13.792276391590025,0.0433434109407864,11.379827247544965,31.29280030570826,0.520684505764381,26.365842472902035,0.04984412731761017,0.005923447992544636,16.18397398702632,1000000.0,1002205.0891336256,21.06236595753217,0.6481561169404846,17.412538792651027,0.6406379956758881,0.005910068508671254,13.913339296388516,1000000.0,674558.0499544817,0.11,1.266110033444816,False,0.22
goe08k,failed,Maximum_Iterations_Exceeded,,,,,,,,,,,,,,,,,,,,,,,,,,,,,,,,,,,1.44
goe09k,failed,too few converged polar points,,,,,,,,,,,,,,,,,,,,,,,,,,,,,,,,,,,0.01
goe100,ok,,0.047977294606108355,0.8567571802320654,3.6477759833345145,1.7678399999999796,0.48463502366281747,0.48463502366281747,9.667152346887248,2.5170873422041242,0.10623805533276615,1.8305713018101757,11.967990898664718,23.46571454736214,11.497723648697423,0.047977294606108355,11.02442843904988,31.292800306405436,0.4988770104614412,26.053541285762712,1.0032867534165186,0.0056494603622341995,16.752100853192747,1000000.0,1003612.4026848403,20.074659075281183,0.5939694034350526,15.138861410254385,1.901707437453681,0.006421720482948815,14.619655645002561,1000000.0,643827.8655265627,0.06571810349647511,1.1712,False,0.2
goe101,ok,,0.05547867966186302,0.8466384491481667,3.6913729452571333,1.7678399999999999,0.47891124148574915,0.47891124148574915,8.991574355860514,2.0978724493401284,0.07905200642691272,1.8954882067112695,14.06051803286097,24.947580595432754,10.887062562571783,0.05547867966186302,10.111479333410582,31.292800307287486,0.5367201585968907,29.095526895094437,1.3298439278763838,0.008013866528562072,15.07036604169468,1000000.0,991759.237954383,17.78166226095793,0.725394627302712,14.522522134648495,3.043360436734885,0.006280953125802824,12.794244176516482,1000000.0,563552.2433376781,0.069,1.3359,False,0.21
goe10k,failed,too few converged polar points,,,,,,,,,,,,,,,,,,,,,,,,,,,,,,,,,,,0.01
goe113,ok,,0.049706348122752604,0.85675718046848,3.6477759823257245,1.767839999999442,0.48463502379669565,0.48463502379669565,9.266054707776894,2.24968891416983,0.10623805732950625,1.8249163626954146,12.470932162243946,23.561903232716254,11.090971070472309,0.049706348122752604,11.421480229370449,31.29280030663105,0.5009219650385396,26.360151796123624,1.6494878331073086,0.006301940877029182,16.35360226069213,1000000.0,1003612.4029693194,20.86210718629107,0.5305200386297777,14.593071303567456,1.9299942971592736,0.005761192435058043,16.052089772891968,1000000.0,669082.6426230818,0.06649999999999999,1.1801,False,0.2
goe114,failed,too few converged polar points,,,,,,,,,,,,,,,,,,,,,,,,,,,,,,,,,,,0.01
goe115,ok,,0.04800396028602549,0.8567571798123415,3.6477759851216374,1.7678399999999999,0.48463502342539005,0.48463502342539005,10.518696602470873,3.084783516467184,0.10623805161374343,1.8278750262207386,11.978356386240694,24.324928014932304,12.346571628691612,0.04800396028602549,10.356831432927367,31.2928003064092,0.517143739613316,27.469204323571958,1.147562912460995,0.0071981842127352945,15.610400400785748,1000000.0,1003612.4021932815,18.88683358975012,0.7205707626998317,16.349059087888993,3.009431499210952,0.007290376829268396,12.502824254881228,1000000.0,605732.3168023289,0.09695842576803088,1.2507,False,0.21
goe116,ok,,0.038906609312475804,0.855676456310031,3.6523831438311296,1.7678399999999748,0.4840236991526627,0.4840236991526627,10.628303604399349,3.168201545923606,0.09631916486757008,1.779487061767799,9.410290791306746,21.818081457473895,12.407790666167148,0.038906609312475804,11.671398879064991,31.292800304884615,0.4644344608224458,24.34301193257897,0.3086000726449002,0.007774429267315506,16.20405128275187,1000000.0,1002346.4337512952,21.86285237250756,0.5411000182235217,15.990331879225002,0.9782821042929838,0.007657322994200265,15.026591429925892,1000000.0,700293.7382945985,0.09322132749147186,1.0213,False,0.19
goe117,ok,,0.04987708089259656,0.856757180207544,3.6477759834377252,1.7678399999996905,0.4846350236490259,0.4846350236490259,10.338791911740683,2.9648470523545774,0.10623805512871641,1.7834950246617107,12.561457284958063,24.683744221360456,12.122286936402395,0.04987708089259656,10.775143957366517,31.292800306651376,0.5247721095152952,27.328334365801012,0.5097917850216332,0.007326376887793306,15.42223923144692,1000000.0,1003612.4026641675,20.138630065069982,0.6222619938776126,15.494910889412528,1.4506377559001224,0.00687570271043436,14.009089502642636,1000000.0,645879.5220597031,0.08992062831556032,1.2839,False,0.19
goe118,ok,,0.048870075875375826,0.8567571801682217,3.6477759836064214,1.7678399999999996,0.484635023626698,0.484635023626698,10.09991534032026,2.8055960050658775,0.10623805477962961,1.843386385996032,12.211945146179922,24.155246872496214,11.943301726316292,0.048870075875375826,9.981865782996966,31.292800306524732,0.5135363478147276,27.73741989835912,-0.8237825895729977,0.007580572470462642,15.491269715940454,1000000.0,1003612.4026138678,18.04987071407982,0.7631761295935424,16.028650141299703,1.4296872027560532,0.006999917256837427,12.023941577030746,1000000.0,578889.5188919938,0.08641319324162923,1.235,False,0.19
goe11k,ok,,0.04709429833935302,0.8567571798314928,3.647775985039458,1.7678399999998449,0.4846350234362657,0.4846350234362657,10.169684925806703,2.85210906523368,0.10623805177814041,1.8204521280334924,11.724154967071309,23.714292020911504,11.990137053840195,0.04709429833935302,11.178085092641835,31.292800306282906,0.5041617245596802,26.434657427079053,1.214893698765835,0.006573434764275373,16.149770034726007,1000000.0,1003612.402211753,20.467598718121273,0.5958527185953669,15.826365485229903,2.027021532740635,0.007631896163137435,14.168221173112917,1000000.0,656430.0962504656,0.0745,1.1942,False,0.19
goe121,ok,,0.05724342555785719,0.7812968525822724,4.000090689308007,1.7678399999999996,0.4419499799655357,0.4419499799655357,8.484022685884115,1.7827883783370917,0.08035767094239195,1.8446997985871998,14.618858111181389,24.947580595652703,10.328722484471315,0.05724342555785719,10.418961271759926,31.292800307461377,0.581607261309344,28.170454686616058,0.7284635886125683,0.008185564249426385,15.26758411321763,1000000.0,915217.5546918182,18.826841599085654,0.6652454527104142,13.642278297756238,1.5004353841107734,0.008580339010991696,13.943640238639677,1000000.0,550626.845842778,0.06643645254460954,1.5312565217391305,False,0.19
goe122,failed,Infeasible_Problem_Detected,,,,,,,,,,,,,,,,,,,,,,,,,,,,,,,,,,,0.25
goe123,failed,too few converged polar points,,,,,,,,,,,,,,,,,,,,,,,,,,,,,,,,,,,0.01
goe124,ok,,0.056847186516150595,0.729364836732938,4.284903944093392,1.7678399999999996,0.41257400937468214,0.41257400937468214,8.59798344804865,1.8756928801955663,0.08156220595675477,1.8713732634550655,14.478223884103118,24.94758059560683,10.469356711503716,0.056847186516150595,9.103022102636515,31.292800307423274,0.6230186866914195,29.73450525313302,0.38736608498908204,0.010223892209168944,14.741770689864703,1000000.0,854383.9644891076,16.214513481274267,0.973808697587906,14.529861440310734,3.4448108188342697,0.008210473721282481,11.260011994225616,1000000.0,442703.1193851604,0.07918304350555166,1.711486287625418,False,0.19
goe12k,ok,,0.04650160971725633,0.8089923721312318,3.863149237571589,1.7678399999999999,0.45761628435335316,0.45761628435335316,11.573434357033694,3.8327939548933023,0.07977847821444745,1.803376441905563,11.57076979495279,24.94758059389205,13.376810798939257,0.04650160971725633,10.999175119311602,31.292800306153815,0.5616961770695869,27.42000946417101,0.3671250467278924,0.0073342299104845006,15.508324887201839,1000000.0,947660.3138848244,20.330706452852723,0.7135255615564206,17.026890908058338,1.2641092967670278,0.00663035318082516,13.401804143857062,1000000.0,615688.0646703199,0.111,1.4446,False,0.19
goe133,ok,,0.056026300801267206,0.7525548319199972,4.152864526331603,1.7678399999999996,0.42569170961172803,0.42569170961172803,8.834075180233118,2.02570168317737,0.08100379488574602,1.842382591031964,14.271122824240123,24.947580595505205,10.676457771265081,0.056026300801267206,10.652440052632397,31.292800307343335,0.6038203509256512,28.414566509877883,1.324986097183797,0.007164560988786711,15.800386331116067,1000000.0,881548.9154504264,19.272942374518248,0.6812386979288182,14.15296845018163,2.0469758408626357,0.006306938016633595,14.864237914786948,1000000.0,542937.713497253,0.079,1.627931772575251,False,0.19
goe134,ok,,0.05105635025386729,0.8075588561775486,3.8700068009815505,1.7678399999999985,0.45680539877904636,0.45680539877904636,10.263463232980158,2.9599865544371933,0.07980746650218314,1.8226212465321507,12.861496115286032,24.94758059479834,12.086084479512309,0.05105635025386729,10.977768172788622,31.292800306787356,0.5626932566306425,26.297587428097735,1.4710736206032442,0.003211376987750908,17.503521558713164,1000000.0,945981.0815336552,20.07688687135942,0.6622546487065747,15.157915224633067,2.361220977157768,0.003153267373249685,15.317577167526967,1000000.0,606924.1157774562,0.0945,1.4489394648829432,False,0.2
goe137,ok,,0.053046845355728144,0.808754261038576,3.8642866148076083,1.7678399999999965,0.4574815939443488,0.4574815939443488,9.690984716275453,2.577911761121916,0.07978328758973363,1.8262204347917308,13.430375444053253,24.947580595120435,11.517205151067184,0.053046845355728144,10.763365078902202,31.29280030701691,0.5618615500328562,28.205568985345746,1.0053247079883574,0.007531350090535066,15.425317429426451,1000000.0,947381.3886199659,19.64597641819309,0.6580965317875399,14.937671755639753,1.8925597130285525,0.006219545538531875,14.350724232075663,1000000.0,594776.8252523369,0.08588649796759312,1.4453197324414715,False,0.19
goe13k,failed,Infeasible_Problem_Detected,,,,,,,,,,,,,,,,,,,,,,,,,,,,,,,,,,,0.83
goe140,ok,,0.05362245860723364,0.7926939680999509,3.942578588166996,1.7678399999999994,0.4483968957032034,0.4483968957032034,9.525434838672664,2.4731595394522397,0.0801144346571901,1.8576626555427618,13.564483100959745,24.947580595175168,11.383097494215427,0.05362245860723364,9.502808197931156,31.292800307092232,0.5732450869926536,29.66285067978108,0.3186544158463502,0.010208804440777078,14.44397861264498,1000000.0,928568.2294725965,17.051549823604685,0.8809139819255797,15.825649426103274,3.0206871135839615,0.009621085744195497,11.11777837495753,1000000.0,505979.88272337016,0.0877516267612367,1.4948628762541807,False,0.2
goe142,ok,,0.057696273456117615,0.7733226486808886,4.041338076585464,1.7678399999999996,0.4374392754326686,0.4374392754326686,8.353780871730812,1.6986517625037236,0.08053211758348065,1.8485554652804195,14.745244258694257,24.94758059570549,10.202336337011232,0.057696273456117615,10.310047185565343,31.292800307504237,0.587604570323673,27.6848597852923,1.7637535593880438,0.005963459769158393,16.240892701566082,1000000.0,905876.5067019947,18.591178137395595,0.6808185815844451,13.357645862978837,2.622767773024956,0.006141605586912278,14.576676568501007,1000000.0,538184.8649236978,0.06162531999999999,1.5573578595317725,False,0.19
goe143,failed,Infeasible_Problem_Detected,,,,,,,,,,,,,,,,,,,,,,,,,,,,,,,,,,,0.26
goe144,ok,,0.05475605106689043,0.8274352820621544,3.777042547437495,1.7678399999999157,0.4680487386088073,0.4680487386088073,9.199406742009979,2.243496394868355,0.07941430194784205,1.8412815682855146,13.90689228528998,24.94758059558547,11.040688310295494,0.05475605106689043,10.692753903585201,31.292800307136986,0.5491763918654998,28.47255056318018,0.5138059341235263,0.007521872432986166,15.356065238381053,1000000.0,969264.4901920961,19.35744843475446,0.6351440147480448,14.726070003322164,1.3224259895259474,0.007672797120920238,13.975358478720793,1000000.0,599578.4079526078,0.07304989841118034,1.390111705685619,False,0.19
goe147,ok,,0.05679474674585825,0.7872021765675429,3.970083364386948,1.7678399999999996,0.4452903976420621,0.4452903976420621,8.613065445430633,1.8668026379169413,0.08023076082511657,1.8467406169195921,14.487774533249047,24.94758059559927,10.459806062350225,0.05679474674585825,10.847498893790094,31.29280030741819,0.577244240712891,29.18431669460851,2.06244343234139,0.0088730752907316,14.971035513739539,1000000.0,922135.0997434908,19.579538845189827,0.618213875558262,14.321589874673691,2.43510860821329,0.008688882189594505,14.465744388416967,1000000.0,576969.1375834014,0.07547662632611567,1.5122678929765885,False,0.19
goe14,ok,,0.0559343369481216,0.6724228191490584,4.64775759626208,1.7678399999999999,0.380364070927832,0.380364070927832,8.860524544610081,2.068051140631862,0.07677524395921345,1.8575758367983712,14.22948021408248,24.947580595490933,10.718100381408453,0.0559343369481216,10.17137953976866,31.292800307333437,0.6757770702603481,31.6949536788588,0.40326452011182534,0.018430458453550708,12.706933612472286,1000000.0,787681.6170755778,18.25206691121256,0.853409730848783,14.216377671007502,1.9427487378898205,0.010354495102997891,12.974459527564115,1000000.0,459428.92417417705,0.09891046441797617,1.9411,False,0.19
goe14k,failed,Maximum_Iterations_Exceeded,,,,,,,,,,,,,,,,,,,,,,,,,,,,,,,,,,,1.19
goe155,ok,,0.055984314516276,0.7869563993687994,3.9713232754784102,1.767839999999999,0.4451513708077653,0.4451513708077653,8.846150691564606,2.022276993475627,0.08023600305062059,1.848200424036345,14.25322947990004,24.94758059550099,10.694351115600952,0.055984314516276,9.33506935522545,31.29280030733814,0.5774245219496871,28.876785693191184,0.7475230808089487,0.00813103709822681,15.265831949726099,1000000.0,921847.1943104515,16.83632221163238,0.8550974826033225,14.705309353765095,3.238893039783487,0.008582513083297896,11.602266526104692,1000000.0,495977.2292945126,0.07019485200214853,1.5130525083612039,False,0.19
goe15,failed,too few converged polar points,,,,,,,,,,,,,,,,,,,,,,,,,,,,,,,,,,,0.01
goe15k,failed,Infeasible_Problem_Detected,,,,,,,,,,,,,,,,,,,,,,,,,,,,,,,,,,,0.59
goe164,ok,,0.05644829006425045,0.7338851857420323,4.258511176295303,1.7678399999999996,0.415130999265789,0.415130999265789,8.712708497570604,1.9507588573405408,0.0814505939146234,1.8590821295674163,14.375789968420237,24.947580595558257,10.571790627138022,0.05644829006425045,10.020225426861279,31.292800307384372,0.6191812173467559,28.759060435198016,-1.2386000276014977,0.007854391491683831,15.598353088704854,1000000.0,859679.1384706019,17.966259204827512,0.7959969946626098,14.39989289306582,0.43828182270494664,0.008855909744747873,12.947555187435551,1000000.0,493570.98383748427,0.08860569607377448,1.694784949832776,False,0.2
goe165,ok,,0.05218376269209661,0.7784469705380332,4.014734958040799,1.7678399999999994,0.44033790984366994,0.44033790984366994,9.93921254791395,2.7538805624407816,0.08041960521266112,1.8369299632389708,13.171438083798412,24.947580594951333,11.776142511152921,0.05218376269209661,10.334143912184867,31.292800306931312,0.583736516295429,28.525208121202283,-1.281142318610456,0.008507783880972153,15.151766441927863,1000000.0,911879.1794262119,18.752563822961736,0.7672891072056595,15.804006490467426,0.42699431139960453,0.009238064543730117,12.557430278188567,1000000.0,546453.8917353578,0.12115619654737259,1.5405234113712374,False,0.19
goe167,ok,,0.05150832907293868,0.795967301473225,3.9263651406478357,1.7678399999999994,0.45024849617229235,0.45024849617229235,10.133471371292263,2.8773836946108804,0.08004585676283976,1.7640394545961153,13.050069768954131,24.94758059484251,11.897510825888379,0.05150832907293868,10.33835121183177,31.292800306851724,0.5708876757397184,28.569685312890275,1.1434552342008444,0.009253868834799056,14.785502153799726,1000000.0,932402.6390827766,19.535374118939956,0.6985922003499142,15.683851693453501,2.2489835466542596,0.00892162947199468,13.210319532101503,1000000.0,582077.481253116,0.10088066703490667,1.4846030100334446,False,0.19
goe16k,failed,Maximum_Iterations_Exceeded,,,,,,,,,,,,,,,,,,,,,,,,,,,,,,,,,,,1.25
goe173,ok,,0.055571235368458746,0.7764639435924807,4.02498827072421,1.7678399999999999,0.4392161867547294,0.4392161867547294,8.964954770824724,2.10504479197506,0.08046297030096464,1.8525432944317632,14.1300825301898,24.947580595446286,10.817498065256487,0.055571235368458746,10.312276077986208,31.292800307296883,0.5852273327703862,28.41424964802857,-0.42475293641480644,0.006901569706209951,15.818485059482564,1000000.0,909556.245374109,18.555168830119616,0.7217420852257213,14.710027116777907,0.7717243221095463,0.008607269529163533,13.27219108727119,1000000.0,539324.3662335618,0.07761725909411152,1.5470117056856187,False,0.21
goe174,ok,,0.055290288695601396,0.7537464347176913,4.146299234928433,1.7678399999999994,0.42636575409408745,0.42636575409408745,9.045756745379448,2.1664355672981515,0.08097592295255174,1.8600695852859128,14.041754264746258,24.94758059541162,10.905826330665361,0.055290288695601396,9.541832649909988,31.292800307268266,0.6028657672807107,29.00085142334989,0.062268232694777846,0.00885111067944243,15.127235080601567,1000000.0,882944.7687594551,17.099418798434012,0.8826264222513844,14.96585028989701,2.6308800694725236,0.009067583089287082,11.687555972233403,1000000.0,482470.1601856219,0.08583047457649,1.6237772575250835,False,0.19
goe176,ok,,0.05397741926546884,0.7570605735944185,4.128148228300553,1.7678399999999996,0.4282404366879461,0.4282404366879461,9.423345991062883,2.4170810564806926,0.08089922360935317,1.8403207422642593,13.683913861901946,24.947580595229088,11.263666733327142,0.05397741926546884,10.503176109352257,31.29280030713059,0.6002266378030996,28.609428783223684,-0.38889730985820775,0.008759461695420925,15.147430617166759,1000000.0,886826.9782750512,19.024176724812936,0.7332359232960387,15.11740142691445,0.8331330656341385,0.009444947319480819,13.209879931863094,1000000.0,539138.4917121667,0.1032631235641689,1.612291304347826,False,0.19
goe177,ok,,0.050031637029010395,0.8567571804146926,3.647775982554592,1.767839999999408,0.4846350237662795,0.4846350237662795,9.515104255448037,2.415721946394264,0.10623805688907703,1.8398037920522854,12.54959980392803,23.904507851428352,11.354908047500322,0.050031637029010395,10.532437306506262,31.29280030667016,0.5082056796801779,27.746429607777912,0.10419189911672533,0.008179077129768151,15.297967640086393,1000000.0,1003612.402907586,19.082537228525908,0.6491722546079611,15.193925101087926,1.40606944267139,0.008005552604036561,13.284839221317526,1000000.0,612008.8599872653,0.077,1.2118,False,0.19
goe178,ok,,0.05434176239009999,0.8025904069284903,3.8939641423828473,1.7678399999999996,0.4539949355872084,0.4539949355872084,9.318558688957394,2.331798176270618,0.07990882903026866,1.8420794591185279,13.786942447203097,24.94758059527902,11.160638148075922,0.05434176239009999,10.792479426026215,31.29280030716948,0.5661766185826631,28.866189482967588,1.0918241722705821,0.00848419929320143,15.058136002028363,1000000.0,940160.9992586052,19.529522052920623,0.6503065842785732,15.004806008295716,1.8291923404626371,0.008359733003161294,13.90423071636716,1000000.0,586745.0272294795,0.08499999999999999,1.4640996655518395,False,0.19
goe180,failed,too few converged polar points,,,,,,,,,,,,,,,,,,,,,,,,,,,,,,,,,,,0.01
goe182,ok,,0.056481800510461075,0.7284229674767484,4.290444432890233,1.7678399999999996,0.4120412296795799,0.4120412296795799,8.703070689105187,1.9460450071530453,0.08158562538176857,1.8519397536981446,14.392570152759179,24.947580595562513,10.555010442803333,0.056481800510461075,10.494842685616833,31.29280030738766,0.6238242655562454,29.044324974297478,0.8436165865612374,0.009033050989895654,15.173510335737838,1000000.0,853280.651100096,18.889820191071994,0.724312043388114,14.340564137637848,1.7501077946532768,0.009142534140195564,13.825490245333365,1000000.0,515080.71867880755,0.09440905396774249,1.7149923076923077,False,0.19
goe184,ok,,0.035545307134331044,0.855316397664235,3.653920670917194,1.7678399999999375,0.48382002764066045,0.48382002764066045,9.918869598992597,2.698541212450001,0.0931659052797805,1.7667513923782436,8.456295477825185,20.141916469196026,11.68562099137084,0.035545307134331044,12.113637371073972,31.292800304124356,0.4289349683368786,22.854249084533098,-0.902505951983761,0.008048749643616293,16.588469637218903,1000000.0,1001924.6580699566,22.854823497582704,0.4665256995246897,15.569841094970123,-0.5708171394378748,0.00804572930201638,16.024882539128306,1000000.0,731759.7337252916,0.08295755276333708,0.8668,False,0.19
goe187,ok,,0.05348424534023068,0.8115712037086512,3.85087377585396,1.7678399999999652,0.4590750315122789,0.4590750315122789,9.565185539887727,2.4930467754288586,0.07972625248527548,1.8289436921261726,13.553451197684756,24.947580429698654,11.3941292320139,0.05348424534023068,10.789861430869646,31.292800081534814,0.5599113474516546,28.458181152703997,0.6546863198440042,0.008753768083413027,14.912372488850469,1000000.0,950681.1715662788,19.665014797560158,0.6475484582139222,14.85109152029313,1.456213006465654,0.007637537261015275,14.031612610656163,1000000.0,597426.8604248137,0.08279629798380161,1.4368321070234111,False,0.19
goe188,failed,too few converged polar points,,,,,,,,,,,,,,,,,,,,,,,,,,,,,,,,,,,0.01
goe190,ok,,0.053259514770721085,0.7281795181054419,4.291878840167343,1.7678399999999996,0.4119035196089251,0.4119035196089251,9.629819696988244,2.5639535856220577,0.08159170098662226,1.8460251258630986,13.47173577227109,24.94758059512243,11.475844822851343,0.053259514770721085,10.402843409722841,31.292800307052463,0.624032826252061,28.429311656189473,-0.2272884330585448,0.008111033493261092,15.522653811396163,1000000.0,852995.4724964702,18.78422141348889,0.7966473736479911,15.343061751946328,1.3847913165197412,0.008514905998265602,13.099781695795436,1000000.0,512030.1047799227,0.12669416033148284,1.7159,False,0.19
goe195,ok,,0.05697547534442398,0.7277030478421428,4.294688987310586,1.7678399999999996,0.4116339984626114,0.4116339984626114,8.561086799540577,1.8516134574547745,0.08160358711890456,1.859075141340182,14.527418654741444,24.947580595622206,10.42016194088076,0.05697547534442398,10.16924197656076,31.29280030743567,0.624441417481529,28.730874898879367,0.28457243800590065,0.007773683894574668,15.656011879648762,1000000.0,852437.3313243188,18.233514343463444,0.7682203836850683,14.034276817550563,1.5771441140993119,0.007730882946277446,13.637335767361499,1000000.0,496693.4296357113,0.086,1.717678260869565,False,0.19
goe198,ok,,0.05673772640674985,0.706979131515436,4.420580645571379,1.7678399999999996,0.3999112654513056,0.3999112654513056,8.629464842310647,1.9035522676724728,0.08098895979377739,1.8708742486936851,14.447241504589929,24.94758059559426,10.500339091004331,0.05673772640674985,9.099170199133802,31.29280030741265,0.6427458781227103,30.70509442291972,-0.4438239956550798,0.013649937756781999,13.762518614296404,1000000.0,828161.1654061545,16.211975418243078,1.0079318627293241,14.651145528584006,2.7583393419814906,0.01019411587947859,11.018609069736415,1000000.0,429048.4815680663,0.07765030356691581,1.797342474916388,False,0.19
goe199,ok,,0.03783871284528696,0.8560989247760166,3.650580762518374,1.7678399999999974,0.4842626735315514,0.4842626735315514,10.010980086624544,2.7526905041151077,0.10011402350739572,1.7744892730715602,9.10815505060988,20.893624410305986,11.785469359696105,0.03783871284528696,11.75460915042174,31.29280030465795,0.4445363634110835,26.901437606229848,-0.434361539879188,0.015249496499612733,12.92455576702371,500000.0,1002841.3167773545,22.080736748317157,0.5036190266277591,16.706907797830862,0.08196760288543309,0.013931685628733639,13.079580705098401,500000.0,707622.0376736445,0.07329777821057894,0.9347,True,0.19
goe207,failed,too few converged polar points,,,,,,,,,,,,,,,,,,,,,,,,,,,,,,,,,,,0.01
goe210,ok,,0.05617678826636784,0.7973877785221425,3.919370662279471,1.7678399999999677,0.4510520061329968,0.4510520061329968,8.790793891883995,1.981771395172936,0.08001575306748834,1.9183484964132482,14.23843810517534,24.947580493472586,10.709142388297243,0.05617678826636784,11.065815838786829,31.29280016284916,0.569870691865534,28.263413086694225,0.7102338775314618,0.007201219076834165,15.6101724660239,1000000.0,934066.5932745738,19.22802497300269,0.6479210373013553,14.097778581529889,1.4498052482637145,0.0065808563548814675,14.572113846595993,1000000.0,573942.1109157716,0.06630275593359337,1.480176923076923,False,0.19
goe217,ok,,0.0498793490586259,0.6610815268500219,4.727492962163832,1.7678399999999996,0.37394873226650716,0.37394873226650716,10.601975946547956,3.2324328728725273,0.07538804599516596,1.8386992565787104,12.506905391407145,24.94758059453381,12.440675203126666,0.0498793490586259,10.212816979050318,31.2928003066543,0.6873704743622875,28.812288498944774,-1.6052815135385903,0.011008473588082955,14.828094381580021,1000000.0,774396.3340442288,18.514568460121513,0.979192459440416,16.66490327586981,0.7342842537389458,0.009940624784699868,11.98923928853837,1000000.0,458176.1236267552,0.18987180445890167,1.9915565217391304,False,0.19
goe222,ok,,0.046634658586430525,0.6910692726514707,4.52235165023199,1.7678399999999996,0.39091166205735295,0.39091166205735295,11.535168691689213,3.8455140218418076,0.07905917544387564,1.780705196696521,11.63170670542653,24.947580593812265,13.315873888385735,0.046634658586430525,9.922490134111902,31.292800306217746,0.6575432314608812,27.627042038547938,-2.563288338707728,0.008234836730837114,15.63774238967219,1000000.0,809524.2259368951,18.574083556933193,0.9961841288401984,17.82164072017116,0.537615041077944,0.008906835388283942,11.51422335156036,1000000.0,480499.36300925846,0.18523468846737218,1.8617431438127092,False,0.19
goe223,failed,Maximum_Iterations_Exceeded,,,,,,,,,,,,,,,,,,,,,,,,,,,,,,,,,,,1.14
goe225,ok,,0.053773503494010444,0.6796325486276957,4.5984529021019895,1.7678399999999996,0.38444234129089505,0.38444234129089505,9.481993409118889,2.4801885388677087,0.07765895665858082,1.85675420407061,13.608832982006662,24.94758059519616,11.338747613189499,0.053773503494010444,9.704504744235749,31.292800307108624,0.6686082407610532,28.402636015438816,-2.653274916716484,0.007994055227144463,15.777731267831564,1000000.0,796127.1534387717,17.42198783044863,0.9803966588960182,15.443158864294421,0.11051671002330289,0.008607638968321223,11.878695714346247,1000000.0,443236.70117657015,0.12831656397575167,1.9099,False,0.19
goe226,ok,,0.05350941326716093,0.6683451327130436,4.676114349652696,1.7678399999999996,0.37805747845565424,0.37805747845565424,9.557947367109833,2.5342282824060223,0.07627604986784259,1.8444071348839883,13.545226093162123,24.947580595155944,11.402354501993822,0.05350941326716093,9.745487358941043,31.2928003070799,0.679900100203345,28.466941017256318,-2.4373549999502018,0.00844850250854858,15.661633400782335,1000000.0,782904.9816630898,17.612682822971234,0.9809548959236416,15.421934323074685,0.1661626902021016,0.008444987596116237,12.076796533208093,1000000.0,440646.3143995579,0.13890042381339118,1.9590441471571907,False,0.19
goe227,ok,,0.05181005213592903,0.6909491970002982,4.523137560862741,1.7678399999999996,0.3908437398182519,0.3908437398182519,10.046693980381677,2.8532339022372435,0.07904774737206169,1.8292854202139615,13.071601194293436,24.947580594889075,11.87597940059564,0.05181005213592903,9.882365945300117,31.29280030688806,0.6576575017027322,28.517929140369123,-2.7447506505733466,0.00936109675639246,15.2303886152606,1000000.0,809383.5683495381,18.007698226673728,0.9453948426322036,15.92386875784312,-0.34760788899715866,0.008791056193950415,12.01604342060369,1000000.0,465766.40331094316,0.14600000000000002,1.862240468227425,False,0.19
goe228,ok,,0.04816694598700445,0.6850986280089182,4.561764011530492,1.7678399999999996,0.38753429496386455,0.38753429496386455,11.094473501235715,3.553523683308741,0.07832992502771396,1.8318139431326386,12.021293149809347,24.9475805941777,12.926287444368354,0.04816694598700445,10.2369900181669,31.29280030643126,0.6632737304169888,28.038501111991817,-2.196735165135489,0.008775992029271476,15.466580107954055,1000000.0,802530.1637348847,18.62814735551203,0.9698123266990826,17.399775113790458,0.5399645960796818,0.009783250789094386,11.726326857535502,1000000.0,477734.4948647563,0.1785586245349515,1.8866832775919733,False,0.19
goe229,failed,airfoil 'goe229' not found in the aerosandbox UIUC database,,,,,,,,,,,,,,,,,,,,,,,,,,,,,,,,,,,0.0
goe233,ok,,0.057295109177511766,0.6761471344376977,4.622157081533813,1.7678399999999999,0.38247077475206903,0.38247077475206903,8.469158162028855,1.8060170547291767,0.07723156980019917,1.8687682408954238,14.609654192732958,24.947580595657236,10.337926402924278,0.057295109177511766,9.443432016164714,31.292800307466308,0.6720547933369897,28.923115098312554,-2.3026761729085305,0.008435138249573152,15.63099050481682,1000000.0,792044.3106186502,16.844307406180153,0.9611523339303993,14.072106885819407,0.15234647718775365,0.007692589830898862,12.262589466874214,1000000.0,426342.0887964885,0.11627042019892975,1.9249,False,0.19
goe234,ok,,0.054884050150556016,0.6766840432828306,4.618489672725663,1.7678399999999996,0.3827744837105342,0.3827744837105342,9.162593425606588,2.2681452299115428,0.077297378247195,1.8622357846097248,13.922751385136664,24.947580595352974,11.024829210216312,0.054884050150556016,9.497308484665547,31.292800307226372,0.6715215575305421,29.117259239524202,-3.4309589884355196,0.009828242596619217,15.13775634159695,1000000.0,792673.2500466825,16.999831713318606,1.0055484670846884,15.087121530715491,-0.6720284524984695,0.008738326148630519,11.669477186157309,1000000.0,430620.1976858908,0.14265973333095297,1.922579264214047,False,0.19
goe235,ok,,0.05704379965068199,0.7724339934752448,4.04598747854066,1.7678399999999994,0.43693659690653286,0.43693659690653286,8.541436312848967,1.8240532635214164,0.08055178042463759,1.8337748586956082,14.572369424084975,24.947580595629553,10.375211171544576,0.05704379965068199,10.676542593526136,31.29280030744223,0.5882805864818277,29.754722298996725,2.32067241446208,0.010599559684575153,14.40049222040397,1000000.0,904835.5286883406,19.407221744259495,0.6360849917251727,14.478969202073756,2.757458626734242,0.010979191573989452,13.724278700007916,1000000.0,561162.4263349355,0.065432783465543,1.5603,False,0.19
goe238,failed,Infeasible_Problem_Detected,,,,,,,,,,,,,,,,,,,,,,,,,,,,,,,,,,,0.27
goe239,ok,,0.0538482012076188,0.7151050630166566,4.370348396662385,1.7678399999999996,0.4045077965294691,0.4045077965294691,9.46050989165464,2.455110614223288,0.08192232945420863,1.8498491290748744,13.637221574480934,24.947580595210447,11.310359020729514,0.0538482012076188,10.271347419734026,31.292800307116696,0.6354421835373806,28.520759512034985,-0.6689676166902225,0.008266479624815882,15.519943097615103,1000000.0,837679.9483467983,18.508441685495388,0.8235180942338731,15.147103236987203,0.9793577210120996,0.008450294333569794,13.002925091994056,1000000.0,495454.23621162813,0.11221278133104519,1.765555518394649,False,0.19
goe240,failed,too few converged polar points,,,,,,,,,,,,,,,,,,,,,,,,,,,,,,,,,,,0.01
goe241,ok,,0.04991733279484427,0.6509966598804686,4.800728572361397,1.7678399999999999,0.36824410573381566,0.36824410573381566,10.591051592627734,3.2281780593535183,0.0741575937393615,1.844148275261598,12.512380726650612,24.947580594539943,12.435199867889331,0.04991733279484427,9.717705557536751,31.292800306659082,0.6980188236087923,28.89126249487477,-3.397146243117354,0.011101048312858113,14.852692828712465,1000000.0,762582.8379877273,17.564938943893157,1.1042999100701136,17.106998402945294,0.02389257576186189,0.010334143702166516,11.023692663950213,1000000.0,428044.81726312015,0.18854650161069644,2.0379,False,0.19
goe242,ok,,0.051111342982605536,0.6941797967914418,4.502087614830061,1.7678399999999996,0.392671167521632,0.392671167521632,10.247646989164181,2.9862241172637494,0.07944593122257032,1.846296413816324,12.85363719178719,24.947580594767693,12.093943402980505,0.051111342982605536,9.940536496620336,31.292800306805482,0.6545968707289181,28.94551453485725,-3.1093584098671205,0.010372130827838793,14.86562818503126,1000000.0,813167.9194953737,17.946804969907458,0.9647793364179198,16.317215454337035,-0.6745678683404088,0.008953987089728915,11.754670318877475,1000000.0,466361.78021418763,0.16171513451977457,1.8489200668896322,False,0.19
goe243,ok,,0.04924423954144699,0.6685132518747565,4.6749383902796655,1.7678399999999996,0.37815257708545835,0.37815257708545835,10.784637312532793,3.3519709491910414,0.07629663753084315,1.8420977220677797,12.32084555980669,24.947580594407263,12.626735034600571,0.04924423954144699,9.694827907533192,31.29280030657339,0.6797291174539368,28.810807827691836,-3.6475487935039053,0.010722788954399461,14.881107827657903,1000000.0,783101.917818235,17.543093744687653,1.0946492809456656,17.396337546003483,-0.2780727239130083,0.009792196399493448,10.897985891189494,1000000.0,439015.69119220565,0.19001821028174468,1.9583,False,0.19
goe244,ok,,0.05249279192700958,0.6232633474292548,5.014346308812486,1.7678399999999994,0.3525564233354008,0.3525564233354008,9.850333857445746,2.742654951276435,0.07078878165261372,1.857119752521824,13.240126985025938,24.947580594993507,11.707453609967569,0.05249279192700958,9.233275617181738,31.292800306966676,0.7290785260782954,30.529603153929873,-4.404661538749997,0.01625307967261048,13.565421567432574,1000000.0,730095.8078468073,16.572752160334428,1.21985413939535,16.494654772749314,-0.1768110904004462,0.012332191501317553,10.400446301064969,1000000.0,386660.72572771774,0.1767768137156607,2.1730772575250836,False,0.2
goe255,failed,Maximum_Iterations_Exceeded,,,,,,,,,,,,,,,,,,,,,,,,,,,,,,,,,,,1.24
goe256,failed,Maximum_Iterations_Exceeded,,,,,,,,,,,,,,,,,,,,,,,,,,,,,,,,,,,1.21
goe257,ok,,0.05037124676762882,0.8535682190244389,3.6614042040737473,1.7678399999999497,0.48283114932599286,0.48283114932599286,10.460503163591682,3.0725338938776865,0.08095285509743347,1.863339644322858,12.62373778132335,24.947580589237887,12.32384280791454,0.05037124676762882,10.586990555510937,31.292800306714575,0.532362747905711,28.87168486786558,1.089313885861275,0.009186778848550051,14.560105426295772,1000000.0,999876.8273257746,18.93909606114469,0.7179525424817697,16.53065925341816,2.710484276608141,0.009286868170421552,12.152634684916094,1000000.0,605147.6089205131,0.08829667601320132,1.3169357859531772,False,0.19
goe264,ok,,0.05711912128771348,0.7719047223226361,4.048761686800152,1.7678399999999996,0.4366372083008848,0.4366372083008848,8.519773351201835,1.8097885038339565,0.0805635151237981,1.8458656323479081,14.58194161208853,24.94758059563827,10.365638983549744,0.05711912128771348,10.178140926453471,31.29280030744948,0.5886839522535497,29.327841646498182,0.10217143520609671,0.008943941841781393,15.011111293675457,1000000.0,904215.5361102383,18.380068314266655,0.7089970965344389,14.100491446286078,1.1510473186131216,0.008589187547396154,13.504632634059742,1000000.0,531097.9893535135,0.06426986967503248,1.5620555183946487,False,0.19
goe265,ok,,0.05852995462840983,0.7097846472081488,4.40310772836919,1.7678399999999999,0.4014982392117776,0.4014982392117776,8.114009077106902,1.5590622824758094,0.08136965356537246,1.8664522229036855,14.967119289653414,24.947580589664,9.980461300010587,0.05852995462840983,9.865376302234178,31.292800298661618,0.6402053420482221,29.098355039502994,-0.322759339973618,0.008405688599565026,15.490935040604562,1000000.0,831447.5693149645,17.618767451199243,0.8079403257895931,13.61292224863377,1.1653772888916456,0.008528858438904172,13.25315327460336,1000000.0,468129.4493242191,0.07652241461794693,1.786285618729097,False,0.2
goe269,ok,,0.058042632745861536,0.7393267670158226,4.227167749132928,1.7678399999999996,0.41820909528906614,0.41820909528906614,8.254165830082657,1.64334315548247,0.08131803914513694,1.86326466040475,14.830150105257546,24.947580595744952,10.117430490487408,0.058042632745861536,9.982505827439786,31.292800307536645,0.6146239294617,29.01581670087775,0.9125452772957174,0.008042228463867322,15.501712411475772,1000000.0,866053.4515039581,17.85845034895423,0.7653367643873868,13.801754551196415,2.254316557975495,0.008450939634008794,13.319812701714348,1000000.0,494246.9964728248,0.06586922316446983,1.6749508361204013,False,0.2
goe274,failed,too few converged polar points,,,,,,,,,,,,,,,,,,,,,,,,,,,,,,,,,,,0.01
goe275,failed,too few converged polar points,,,,,,,,,,,,,,,,,,,,,,,,,,,,,,,,,,,0.01
goe276,ok,,0.055666899780631635,0.7782267032370274,4.015871278382653,1.7678399999999996,0.4402133129904446,0.4402133129904446,8.937441103126512,2.086107389234419,0.08042441035529847,1.8705219136390312,14.13961757869353,24.947580595459073,10.807963016765543,0.055666899780631635,9.633853501742971,31.29280030730652,0.5839017355879011,29.42608223476699,0.9213383128715631,0.00952164194090074,14.764259396396692,1000000.0,911621.1565103439,17.167852871253213,0.8404503714989835,14.64091159779952,3.2437232761714245,0.007682549694072756,12.02509473047598,1000000.0,500133.5046910789,0.07258661725266617,1.541242474916388,False,0.19
goe277,ok,,0.05422893103150002,0.7827515986806897,3.992656509252171,1.7678399999999996,0.4427728746270533,0.4427728746270533,9.35100967502316,2.360285179550043,0.08032622954158673,1.8516949536561036,13.744875966584225,24.94758059526349,11.202704628679264,0.05422893103150002,10.23275272845905,31.292800307157496,0.5805263425429165,28.92279210858802,1.0169276763728157,0.008505378595520353,15.13423534944679,1000000.0,916921.656219341,18.420515589883124,0.7523183895845597,14.970074200525376,2.608061410961609,0.0076174048900015,13.026407354400813,1000000.0,539746.1875352393,0.08337155568519296,1.5265521739130434,False,0.21
goe278,ok,,0.05627512927330595,0.7521683861637184,4.154998166753247,1.7678399999999994,0.42547311191268367,0.42547311191268367,8.762510595952197,1.978117357256669,0.08101282027352072,1.9077353210562964,14.277334678527916,24.947580595536408,10.670245917008494,0.05627512927330595,9.563249146627845,31.292800307491085,0.6041305790776708,29.068802455211507,1.277123322149402,0.008641452021586239,15.214180510412595,1000000.0,881096.2297194372,16.70960159073632,0.9062196615441417,14.640664393554557,4.12956452970423,0.007998111385610405,11.63275852554929,1000000.0,470484.1630356503,0.07439234273652634,1.629281939799331,False,0.49
goe279,ok,,0.05657002287746771,0.7326329440624613,4.265789971537988,1.7678399999999996,0.41442265366914505,0.41442265366914505,8.677697398930288,1.9278118586297626,0.08148137617749728,1.8580264120955627,14.411856784547357,24.947580595573207,10.53572381102585,0.05657002287746771,10.135121978368959,31.2928003073963,0.6202395433936239,28.960229675583825,0.6516371114913398,0.008480435064481128,15.361680380399456,1000000.0,858212.2522751513,18.18259401909888,0.7758407163807909,14.305699556451632,2.115983822113091,0.008808896366839063,13.213681218734044,1000000.0,498661.82674764626,0.074298292,1.6993909698996656,False,0.2
goe280,failed,too few converged polar points,,,,,,,,,,,,,,,,,,,,,,,,,,,,,,,,,,,0.01
goe281,ok,,0.052158629973928075,0.8467509557225729,3.6908824778745757,1.7678399999999985,0.4789748821853638,0.4789748821853638,9.946440870767026,2.7344081591649534,0.07904993098676749,1.8074638104269332,13.193675913763258,24.947580594957216,11.753904681193958,0.052158629973928075,10.214940241389147,31.292800306924274,0.5366488453679885,28.05727645995369,0.455925248442466,0.006589685569596301,15.697716825385218,1000000.0,991891.0290688354,18.838441250222175,0.6976584466211605,14.852897131244822,1.9699719477510438,0.0029691937215028147,14.06294859238373,1000000.0,597123.9612455207,0.08039323353323234,1.3355896321070233,False,0.19
goe282,failed,Infeasible_Problem_Detected,,,,,,,,,,,,,,,,,,,,,,,,,,,,,,,,,,,1.22
goe284,ok,,0.044520370007455956,0.7229885036268411,4.322694275112637,1.7678399999999994,0.4089671597128933,0.4089671597128933,12.143250966260718,4.241185471113762,0.08172198399343483,1.8054622787365908,10.998867348214988,24.947580593212297,13.94871324499731,0.044520370007455956,11.12908586170505,31.292800305899124,0.6285133448476539,27.950773769240918,1.07349229051119,0.009691062535854916,14.960377977422063,1000000.0,846914.6754395026,20.547066149900136,0.815097263236471,17.87065569903516,2.7685476442464045,0.008193014577962912,13.030698371593116,1000000.0,556089.9532630264,0.17632549964918343,1.7354,False,0.2
goe285,ok,,0.0492280433364301,0.7733837383523772,4.041018850820517,1.7678399999999996,0.4374738315415294,0.4374738315415294,10.789295439760629,3.3223076491452086,0.08053076799069621,1.8212038251822564,12.337081329465045,24.94758059440793,12.610499264942884,0.0492280433364301,11.202368020322242,31.292800306571294,0.5875581553747647,27.577117254936258,1.8724776804508432,0.007006062410001787,15.78575848582582,1000000.0,905948.0676182709,20.503595598735664,0.6918047014806873,16.35939258652885,2.684688386826429,0.007320156284694044,14.058902155304937,1000000.0,593593.178939642,0.1173,1.5571558528428093,False,0.2
goe286,ok,,0.053364678208507044,0.769396627807311,4.061959921122365,1.7678399999999996,0.43521847441358447,0.43521847441358447,9.59957405165939,2.5304934362230935,0.0806193343169324,1.8380266990003926,13.509979844477419,24.947580595137204,11.437600750659783,0.053364678208507044,10.858221083885878,31.29280030706404,0.5906029559775223,29.35826395414337,1.8557009057615488,0.01051467531902525,14.44512741205095,1000000.0,901277.5335695427,19.691808774760275,0.6837852881723592,15.384361546345485,2.7173754457418,0.009653350614695154,13.576778766067576,1000000.0,567152.3375948119,0.09345447339679712,1.5704073578595317,False,0.21
goe287,ok,,0.05300221519706517,0.8019740993270887,3.896956607728537,1.7678399999999548,0.4536463137654478,0.4536463137654478,9.703820358718975,2.5888547454698565,0.07992091251801914,1.8293160219120863,13.414444055922242,24.947580436553302,11.533136380631062,0.05300221519706517,10.60284975533626,31.29280009249243,0.5666117227612323,28.46576033668912,1.210728140829681,0.008668366536333344,14.987378878143677,1000000.0,939439.0450240391,19.32024433965519,0.6871763016779523,15.114227653757156,2.2619069027248164,0.007917935273607452,13.533858801085868,1000000.0,580011.7547304834,0.08869190195769577,1.4659933110367893,False,0.21
goe288,ok,,0.04934298176234271,0.6673402237305752,4.6831558393545265,1.7678399999999999,0.3774890395796991,0.3774890395796991,10.756238448304433,3.3333915956748545,0.0761523967507006,1.7986775750521857,12.392664571071506,24.947580594428125,12.554916023356618,0.04934298176234271,10.488709741311405,31.292800306585868,0.6809239223778004,27.873285088791814,0.1452371585113745,0.008827109035027567,15.530932104425226,1000000.0,781727.8230092259,19.437817143718476,0.8881326637909934,16.48440898963477,1.9273644017558382,0.009269519514788918,12.901568942673494,1000000.0,485577.58752617944,0.17380807500367648,1.9635,False,0.21
goe289,ok,,0.0446320986456391,0.7485516721990244,4.17507352086852,1.7678399999999996,0.42342727407402514,0.42342727407402514,12.11111712932229,4.211691491780207,0.0810977221638352,1.8038785582506094,11.03258490567282,24.947580593245718,13.9149956875729,0.0446320986456391,11.16965756219117,31.29280030591672,0.6070495058358323,27.69952901635173,0.2129744449101564,0.008741078415560795,15.192144717094978,1000000.0,876859.5812108489,20.64007674112947,0.7782963499522167,18.00050183861272,2.1273536827472648,0.008868621243347112,12.932304860270925,1000000.0,578358.2444030931,0.16799999999999998,1.641985618729097,False,0.21
goe290,failed,Infeasible_Problem_Detected,,,,,,,,,,,,,,,,,,,,,,,,,,,,,,,,,,,0.64
goe298,ok,,0.05184813383419213,0.6997603683907558,4.466183577654131,1.7678399999999996,0.3958278850974952,0.3958278850974952,10.035741451983073,2.8432618356657757,0.08012394290391228,1.8278217700921948,13.084017372822395,24.947580594897662,11.863563222075268,0.05184813383419213,10.836731617116303,31.292800306892495,0.6493764769041552,28.452277104936627,1.5984834589079928,0.009587046851635219,15.108553846128826,1000000.0,819705.0469363712,19.762560723794753,0.7742579796320183,15.813099718744892,2.698043571688517,0.010240362912094892,13.415683522919785,1000000.0,517674.05303490843,0.12811066485213432,1.8262,False,0.2
goe29b,ok,,0.05549274978475446,0.7155535706418358,4.367609070550388,1.7678399999999999,0.40476150027255625,0.40476150027255625,8.9875277028091,2.1396524083040047,0.08190954260815345,1.8610058010084691,14.099047091619957,24.947580595437525,10.848533503817569,0.05549274978475446,9.673410091644184,31.292800307288914,0.635043889576962,29.344874661361608,0.15874112102509538,0.009902975927184745,14.92128281255924,1000000.0,838205.3338698809,17.326491023299006,0.900770103276204,14.93259297136952,2.5030490325859986,0.010078257878622113,11.886293339072312,1000000.0,464105.38687376643,0.09421001993631095,1.7638220735785952,False,0.2
goe300,ok,,0.05533366349809583,0.7288621076925355,4.287859435434341,1.7678399999999996,0.412289634634659,0.412289634634659,9.033281887955361,2.166048805315521,0.08157470559578342,1.8528777441111677,14.061420963349745,24.947580595416273,10.88615963206653,0.05533366349809583,10.298503509998922,31.292800307272707,0.6234484107559709,29.019160198464014,-0.13021736026788894,0.009154874189670125,15.126657097511295,1000000.0,853795.0635550797,18.527042673178187,0.7761102874160795,14.665564503263969,1.2446663897619499,0.008812145895294842,13.267783958768533,1000000.0,505493.1940033996,0.0843,1.7133565217391304,False,0.19
goe301,ok,,0.05465768426517396,0.7069445620590246,4.420796811135331,1.7678399999999996,0.39989171082169467,0.39989171082169467,9.227697633193635,2.3023846463933664,0.08101978790441244,1.8630863668545663,13.856796595276471,24.947580595324673,11.090784000048203,0.05465768426517396,9.294631771861553,31.29280030720276,0.6427773082772248,29.042600433540066,-0.787863890085657,0.009151528304089317,15.229581654215483,1000000.0,828120.670455229,16.62945232029797,1.011876044566064,15.46251891505801,2.6063804625738007,0.009286556459373945,11.094982715065642,1000000.0,440075.4508895344,0.0994367082615961,1.797479264214047,False,0.19
goe303,ok,,0.05368413596022844,0.7268681098381298,4.299622205596528,1.7678399999999996,0.4111617057189168,0.4111617057189168,9.507696056235108,2.4829461745918024,0.0816244455531483,1.8489754880197404,13.590909050931195,24.947580595186043,11.356671544254848,0.05368413596022844,10.350650295831823,31.292800307098936,0.6251587001157694,28.549793236645225,-0.15462543467155643,0.008301365276987266,15.455229300023223,1000000.0,851459.278074796,18.660154164469045,0.8003340847455228,15.059985785823066,1.428800433499086,0.007531381095599235,13.290086926764918,1000000.0,507732.1696274926,0.09839061180592236,1.7208,False,0.19
goe304,ok,,0.055735574816778335,0.7013734629165054,4.455911765757872,1.7678399999999996,0.3967403514551687,0.3967403514551687,8.917689744384461,2.0974045661461536,0.08032645153245692,1.868321214388496,14.161569636695575,24.94758059546853,10.786010958772957,0.055735574816778335,9.25164906066444,31.292800307313478,0.6478829706663947,29.41928944397883,-0.27821203443856257,0.009794687346928245,15.028058465314858,1000000.0,821594.6391330793,16.506171403886984,1.0067581265677332,14.967306640367873,2.996761290070396,0.008596724359277632,11.30606465478716,1000000.0,433370.6732815418,0.08978282249137462,1.8197,False,0.19
goe308,ok,,0.05149211165099785,0.839905479652373,3.7209642528957962,1.7678399999993715,0.4751026561525204,0.4751026561525204,10.138134421390085,2.864743421592542,0.07917645863753517,1.8082252369214427,13.001220213504308,24.947579871815833,11.946359658311527,0.05149211165099785,10.804182428759942,31.292799342844923,0.5410227084325345,27.96323832938469,1.014694822865527,0.008432039987869282,14.923239342029026,1000000.0,983872.1518253899,19.91673420647232,0.6395510698043234,15.508144675310486,1.9932604791024475,0.008581175593300572,13.475848945240658,1000000.0,626199.0155104732,0.08088417514217157,1.3546254180602006,False,0.19
goe309,ok,,0.04168840424798707,0.8567183011557487,3.647941524510738,1.7678399999984022,0.48461303124520483,0.48461303124520483,10.628604848741293,3.1584400982637724,0.10586903233350413,1.7910566993681867,10.19878232334398,22.61844387145346,12.419661548109481,0.04168840424798707,11.819027661569503,31.29280030542164,0.4808860055532463,25.395947362965558,1.0813142629269648,0.007997247839611893,15.809422896686591,1000000.0,1003566.8593846372,21.996377270354394,0.5344114010002334,16.250398059169825,1.5600116273432714,0.008053949585479331,14.951415090754221,1000000.0,705428.5663026648,0.084295902,1.0929,False,0.19
goe310,ok,,0.05145261348138,0.8378655312587672,3.7300236720608515,1.7678399999997292,0.4739487347604396,0.4739487347604396,10.149494913314184,2.8730710514072126,0.07921512585632767,1.8028804841208936,12.995204828332513,24.947580225767588,11.952375397435077,0.05145261348138,11.063003005723598,31.292799815305706,0.5423399259713859,27.99253487174565,1.4038576532421208,0.007929050003374355,15.141356272987782,1000000.0,981482.5544024789,20.454310205552446,0.6081581651901166,15.602255192810384,2.094669916136473,0.008006893492265259,14.118143151931367,1000000.0,641538.9082336794,0.08141819419419419,1.3603581939799332,False,0.19
goe311,ok,,0.052774936502192386,0.7962150950747109,3.925143199284294,1.7678399999999996,0.45038866360909985,0.45038866360909985,9.76918735890226,2.6344416533199593,0.08004069499123491,1.8375515104419144,13.340841725701457,24.94758059504563,11.606738869344174,0.052774936502192386,10.81860712674373,31.292800306998515,0.5707100072747707,28.80388116122668,0.5978018243386501,0.008813619835633632,14.954956931031722,1000000.0,932692.9065485733,19.62504101294001,0.6750951355264563,15.526082356661316,1.5166915850519305,0.008726951328110983,13.558054798987584,1000000.0,584931.2418166783,0.08437985829401688,1.4838297658862876,False,0.2
goe314,ok,,0.05464569846226194,0.7815940633744014,3.998569605438429,1.7678399999999996,0.44211810083175035,0.44211810083175035,9.231144823123753,2.280768858676464,0.08035123781844514,1.8427926240617043,13.873643148136523,24.94758059532198,11.073937447185457,0.05464569846226194,10.767997219617998,31.292800307201503,0.5813860979696784,29.09278256440711,1.4206869885581912,0.009233109509906419,14.85764716945439,1000000.0,915565.7098489275,19.477679472300448,0.6661203483823825,14.978005026820643,2.2282347355096555,0.009113051015719215,13.774137493359051,1000000.0,569878.5425784556,0.0803329760444448,1.5302939799331103,False,0.2
goe315,ok,,0.05516340166622114,0.7806974393428148,4.003161926892981,1.7678399999999994,0.44161091464318886,0.44161091464318886,9.08225022798251,2.181810184933113,0.08037066013438983,1.863917482758719,14.00141288465117,24.9475805953924,10.946167710741229,0.05516340166622114,9.864184165982595,31.29280030725525,0.5820538147066904,28.902086922293133,1.9340155168713875,0.008415979132195639,15.178349803213267,1000000.0,914515.3970904408,17.6405952467076,0.8036356421612912,14.785634053674002,3.8962889797656732,0.008067430670424954,12.339656375365312,1000000.0,515536.98641710234,0.0807673568037578,1.5332,False,0.2
goe316,ok,,0.054044274380198015,0.7688437178920076,4.064881058232143,1.7678399999999996,0.4349057142569507,0.4349057142569507,9.404118052805993,2.400373689654224,0.08063168865447103,1.8533174634063352,13.690145079025076,24.947580595237405,11.257435516212329,0.054044274380198015,10.010744789771328,31.292800307137778,0.5910276849860997,29.26686349922853,1.9318406225482472,0.009548865194195571,14.797149843655529,1000000.0,900629.8503524506,18.00509084822758,0.8055955925020984,15.283710966588377,3.8432627396200183,0.009139209457096967,12.279277203015097,1000000.0,518199.78132550477,0.0907581295836249,1.5722558528428094,False,0.2
goe318,ok,,0.053801054625326035,0.7836375798921971,3.9881424089308384,1.7678399999999996,0.4432740405761818,0.4432740405761818,9.474069535921638,2.442023370686288,0.08030713803927321,1.8451170491177562,13.628394010162317,24.947580595201714,11.319186585039393,0.053801054625326035,10.584870613396204,31.292800307111605,0.5798699990427216,28.694842191256214,2.180972921588824,0.008213071870255717,15.246726334791687,1000000.0,917959.5018911351,19.122311000011926,0.7045722429842038,15.07210952723296,3.2978732582702186,0.007760466402331586,13.605900243380418,1000000.0,560943.952228817,0.09125938156960593,1.5236956521739131,False,0.2
goe319,ok,,0.05459709717114064,0.6927014897738893,4.511695602993639,1.7678399999999999,0.3918349453422761,0.3918349453422761,9.24512285051365,2.318322520028192,0.07926359491333994,1.8288383098679644,13.873619434933627,24.94758059531524,11.073961160381614,0.05459709717114064,10.462322769604276,31.2928003071964,0.6559938579746096,28.83377868963041,1.0594297332407991,0.009449212716211984,15.190958895370878,1000000.0,811436.2185147947,19.069159391423764,0.7841517111549857,14.843450188797739,2.2374214092288343,0.009130764052521844,13.677122223105284,1000000.0,494471.77737156255,0.10244473059432171,1.855,False,0.21
goe320,ok,,0.05198089048676887,0.6885293155843976,4.539034424332968,1.7678399999999996,0.389474904733685,0.389474904733685,9.997559829996995,2.821210233971471,0.0787445471942287,1.9400797856680978,13.009940979256815,24.94758059492191,11.937639615665093,0.05198089048676887,11.115257858904956,31.292800306907772,0.6599688821049468,29.14093037333449,0.42079297826011675,0.011295555822401321,14.590128540353398,1000000.0,806548.8993702027,19.097595781053986,0.8479006185657706,16.059888725924832,2.0985392760836863,0.011052900245724641,12.641698619379662,1000000.0,492226.47723303724,0.12328413926638611,1.8723,False,0.2
goe321,ok,,0.052118937845974614,0.7352215112107026,4.2507709825486195,1.7678399999999996,0.4158869078710193,0.4158869078710193,9.957856568550122,2.7804364844258926,0.08141786012226987,1.8360339725942874,13.15369005379732,24.947580594941726,11.79389054114441,0.052118937845974614,10.882121193463721,31.292800306923883,0.6180558046436424,28.48829305969403,1.351087670045076,0.008851562308157992,15.21009018432778,1000000.0,861244.5210953515,19.756571965981387,0.7330304644042753,15.522592292139034,2.3579403281642315,0.0080374560405524,13.897544084954609,1000000.0,543742.943886127,0.11154596307173668,1.6898869565217391,False,0.2
goe322,ok,,0.04761627290577106,0.7734373516355653,4.040738734677226,1.7678399999999996,0.43750415854125113,0.43750415854125113,11.252850433872977,3.631326326140056,0.08052958369386169,1.8201269181660407,11.874603242013778,24.947580594052795,13.072977352039018,0.04761627290577106,10.906986794842243,31.292800306356124,0.5875174269021529,28.32283319929068,0.14391871369086912,0.009145837181311537,14.927349935766506,1000000.0,906010.87065262,19.97477334498578,0.7556000273118223,17.176512308712592,1.5937930335244608,0.008957713078192887,12.82195379988495,1000000.0,578323.4997253799,0.13063476722265963,1.5569785953177258,False,0.2
goe323,ok,,0.05251445663843342,0.7478850688642468,4.17879483855197,1.7678399999999996,0.42305020186456177,0.42305020186456177,9.844102954474888,2.700563563074907,0.08111346048340824,1.837453289063697,13.266024351467024,24.94758059500561,11.681556243538585,0.05251445663843342,10.824611635632447,31.292800306969106,0.6075905799170035,28.564082186695327,1.6522768053445718,0.00877421189419774,15.182524170084957,1000000.0,876078.716615095,19.63698288288333,0.7224746882080237,15.504127499447948,2.657698895727236,0.008507988916483173,13.712954351605978,1000000.0,549760.4111319395,0.11040920712038563,1.6443404682274247,False,0.2
goe324,ok,,0.0503046856370841,0.7422994531534659,4.210239213195098,1.7678399999999999,0.4198906310262614,0.4198906310262614,10.479646555598482,3.126050426800846,0.08124644542169257,1.8301950988215197,12.637738940201366,24.947580594621368,12.309841654420001,0.0503046856370841,11.118635852081347,31.292800306707342,0.6121625454156882,26.85918546931865,1.2385490683118026,0.004906961131580216,16.823691144990768,1000000.0,869535.6804554386,20.250365401373042,0.721296650221586,15.537420731352986,2.1959191347188325,0.004143949682611271,15.07452867057629,1000000.0,562698.6107401826,0.13125260252072857,1.6642384615384616,False,0.21
goe325,ok,,0.054224671200994105,0.7910344123516203,3.9508499463494893,1.7678399999999996,0.447458147995079,0.447458147995079,9.352234828225965,2.358265449163909,0.0801494167859745,1.8425180592846062,13.752827707752115,24.947580595262686,11.194752887510571,0.054224671200994105,10.748806887948993,31.292800307157044,0.574447730220531,28.846630196282636,0.8983995596536348,0.008558050589772381,15.07793441377958,1000000.0,926624.212230847,19.445864377076855,0.6675302471528868,15.05326912127807,1.747869241641395,0.008547462885870353,13.78141229097174,1000000.0,575819.6320779757,0.082,1.500096989966555,False,0.2
goe326,ok,,0.054452968558639805,0.7841478161014459,3.9855473692930383,1.7678399999999996,0.44356266183673076,0.44356266183673076,9.286575117453818,2.316853149256476,0.0802961628266742,1.8433833508045119,13.817622127036755,24.947580595295086,11.12995846825833,0.054452968558639805,10.747850976795299,31.29280030718124,0.5794926841227346,28.738366020169547,0.9573086288432409,0.008276830420348184,15.219056191375262,1000000.0,918557.1967823821,19.435007865843694,0.670243305740926,14.932750421667093,1.7680845950169433,0.00823001062040476,13.936008138018492,1000000.0,570487.9770889702,0.08177522732684633,1.5220535117056857,False,0.2
goe328,ok,,0.05466138616029878,0.7737908798528094,4.038892609065754,1.7678399999999996,0.43770413603765584,0.43770413603765584,9.226632945604129,2.280396030905838,0.08052177588247593,1.8519421206687467,13.869005529051456,24.947580595324332,11.078575066272876,0.05466138616029878,10.235556323130153,31.292800307203148,0.5872490029708561,28.93467872660165,1.5671813166830673,0.008535370522739326,15.161000781705882,1000000.0,906424.9965365129,18.42310334449336,0.7523865778291151,14.963714383271519,3.032023188868832,0.008641063520886913,12.924932720369315,1000000.0,533642.2826109399,0.082,1.5558103678929767,False,0.21
goe329,failed,Maximum_Iterations_Exceeded,,,,,,,,,,,,,,,,,,,,,,,,,,,,,,,,,,,1.33
goe330,failed,too few converged polar points,,,,,,,,,,,,,,,,,,,,,,,,,,,,,,,,,,,0.01
goe331,failed,too few converged polar points,,,,,,,,,,,,,,,,,,,,,,,,,,,,,,,,,,,0.01
goe332,ok,,0.050489939937638825,0.7438457716474584,4.201486900541525,1.7678399999999996,0.4207653247168627,0.4207653247168627,10.426366290258407,3.0900360384394836,0.08120943016704107,1.838011142422237,12.683203161975417,24.94758059465606,12.264377432680645,0.050489939937638825,10.422595823591442,31.292800306730165,0.610889972119694,28.551278683498907,-1.0063998627910746,0.009029594095974515,15.104541220213209,1000000.0,871347.0506492791,18.901945302057936,0.8231062973704084,16.297709283110645,0.8911728572430531,0.008537742759158104,12.553196111791255,1000000.0,526324.0786712186,0.11779386915089413,1.6587,False,0.22
goe335,ok,,0.0552630795013264,0.8334241191214246,3.7499013934160685,1.767839999999997,0.47143639646202484,0.47143639646202484,9.05358227540574,2.1440955804556463,0.07929954105760664,1.830603451905759,14.063394868100529,24.947580595412028,10.884185727311499,0.0552630795013264,10.480080554265024,31.292800307263455,0.545230108267433,28.397531993759635,0.50459965252654,0.008092693238119291,15.090485977418815,1000000.0,976279.8631501573,19.08310716402412,0.6396435409461084,14.27617759879483,1.4818681539231335,0.0075046517739595755,13.877034407006951,1000000.0,595359.0943488969,0.0685,1.3729367892976587,False,0.22
goe336,ok,,0.05089375492946206,0.8200537546278532,3.8110407372236903,1.767839999999997,0.4638732886617876,0.4638732886617876,10.310226638745265,2.986710396338501,0.07955811138878938,1.8903250503886577,12.747028905629456,24.94758059476338,12.200551689133922,0.05089375492946206,10.843363163636537,31.292800306768214,0.5541196783005414,28.438890950601774,1.1199644742663573,0.008730345134094004,14.885482528419367,1000000.0,960617.7082745793,19.120808810821718,0.7258233704499417,16.125055213485375,2.694537013038651,0.00864763990806065,12.6146121818449,1000000.0,586965.2878663989,0.08948755123887611,1.411625752508361,False,0.22
goe344,ok,,0.054722828718382695,0.7883402388833987,3.964352079790573,1.7678399999999996,0.44593415630566047,0.44593415630566047,9.208961691610984,2.2636765488217123,0.08020652073606464,1.8414479183231816,13.897170985398802,24.947580595332965,11.050409609934166,0.054722828718382695,11.089139481295664,31.292800307209482,0.5764109204232579,28.208914142735832,2.682643751483424,0.0071048594677253765,15.68621578406911,1000000.0,923468.2352880004,20.073224935215492,0.6204927291353275,14.771882962733335,3.003490178317639,0.007394282607684554,14.864642318205805,1000000.0,592372.2206220017,0.07201614045077977,1.5086411371237458,False,0.23
goe346,ok,,0.057838874343131334,0.7704484171366418,4.056414674995331,1.7678399999999994,0.435813431722691,0.435813431722691,8.312767987943174,1.6722717878548659,0.08059588185218784,1.8716254988176746,14.763187108960585,24.947580595721433,10.184393486760849,0.057838874343131334,9.359583931039896,31.292800307517656,0.5897966854009542,27.397993147056262,1.791115476793283,0.002981184373114423,17.705757578779583,1000000.0,902509.6082477764,16.669260556224955,0.8485261889881187,13.628875271943171,4.3230341447969,0.0032859365696816093,12.844343796020267,1000000.0,480754.9233861486,0.05738206952871148,1.5668983277591972,False,0.35
goe358,ok,,0.05586478447520807,0.7127063942353099,4.385057143977512,1.7678399999999996,0.40315096062726835,0.40315096062726835,8.880528259516204,2.0691859810728306,0.08154075079563766,1.8557357044931335,14.211316631476867,24.947580595486205,10.736263964009337,0.05586478447520807,10.213248601405821,31.292800307326473,0.6375808136089566,28.3525453587082,-0.34153575339228104,0.007165725444312445,15.958346021915466,1000000.0,834870.1280269966,18.345372092727356,0.798354528878665,14.45543119218456,1.121957434316815,0.008065543325889869,13.423872657175934,1000000.0,489441.75648519053,0.10869999999999999,1.774863210702341,False,0.21
goe359,failed,too few converged polar points,,,,,,,,,,,,,,,,,,,,,,,,,,,,,,,,,,,0.01
goe360,failed,too few converged polar points,,,,,,,,,,,,,,,,,,,,,,,,,,,,,,,,,,,0.01
goe361,failed,Maximum_Iterations_Exceeded,,,,,,,,,,,,,,,,,,,,,,,,,,,,,,,,,,,1.44
goe362,ok,,0.058202656178450086,0.7705061421723283,4.056110775170195,1.7678399999999996,0.4358460845847636,0.4358460845847636,8.208142116053926,1.6025019294448013,0.08059459657295288,1.8464106386670178,14.893027841041153,24.947580595762098,10.054552754720945,0.058202656178450086,9.915118491484922,31.29280030755147,0.5897524988162008,28.78303714674508,0.31437603036929457,0.006936857118723951,15.826158937381809,1000000.0,902577.2278300042,17.899807485661224,0.7264341426885172,13.624048020898572,1.5878579023322634,0.007080284806737409,13.681956237737664,1000000.0,516283.5687543172,0.066,1.5667060200668896,False,0.22
goe363,ok,,0.05155548915853272,0.7522302940476719,4.154656214100756,1.7678399999999996,0.4255081308532854,0.4255081308532854,10.119907843389162,2.883028772288798,0.08101137240003889,1.8367009806307677,12.990971770826452,24.947580594846382,11.95660882401993,0.05155548915853272,10.640312005837691,31.292800306858265,0.6040808596762213,28.435459731908,-0.12488510546952182,0.00851152336521932,15.263855636765348,1000000.0,881168.7491057096,19.31055030740233,0.7602811424507094,16.04231830173114,1.381929997665622,0.009595809807637709,12.92948119796514,1000000.0,543762.5681325592,0.11065482272722464,1.6290655518394648,False,0.21
goe364,ok,,0.05271052605809191,0.7319652932432934,4.269680945871314,1.7678399999999996,0.41404498893751335,0.41404498893751335,9.787712194993816,2.6680313081524414,0.08149783104794056,1.8424117192569864,13.317456680786474,24.947580595037277,11.630123914250802,0.05271052605809191,10.518331733764313,31.292800306991268,0.6208052853011312,28.70635185591458,-0.17953126315960938,0.009104136406562676,15.131053848591543,1000000.0,857430.1606069759,19.03000584112325,0.7825684360971794,15.593178163889904,1.4110653510074724,0.009368501256801588,13.02163296049323,1000000.0,521426.6797676322,0.108,1.7018531772575252,False,0.2
goe365,ok,,0.04879778705386874,0.7822104785833504,3.9954185620986657,1.7678399999999996,0.4424667835230284,0.4424667835230284,10.913039767577999,3.4018226501130067,0.08033790898210812,1.8050660157403606,12.229474810999962,24.94758059431832,12.718105783318359,0.04879778705386874,10.11454165263064,31.29280030651513,0.5809279409374878,28.54493239552553,0.2048871063573761,0.008424276145113069,15.168609739242479,1000000.0,916287.7836709804,18.678064152835777,0.8312686374512668,17.06814374824297,2.4964867538178805,0.008082782690624544,12.003649693378467,1000000.0,546914.3649091407,0.1169856650840084,1.5283,False,0.22
goe366,failed,too few converged polar points,,,,,,,,,,,,,,,,,,,,,,,,,,,,,,,,,,,0.02
goe367,failed,Maximum_Iterations_Exceeded,,,,,,,,,,,,,,,,,,,,,,,,,,,,,,,,,,,1.47
goe368,ok,,0.03897009213839043,0.8567571770015597,3.6477759970889734,1.7678399999999996,0.48463502183543755,0.48463502183543755,9.226114028946501,2.2230618281096555,0.10623802538832616,1.7847677281375307,9.42326817239568,20.434149929479712,11.010881757084032,0.03897009213839043,11.94120228250823,31.29280030489804,0.43442647557076497,23.42887840181525,0.7493267097927209,0.00799857166500271,16.520048018743353,1000000.0,1003612.3988522433,22.302065966812208,0.4608721589816179,14.977241414029425,0.9915032567259143,0.008062747919345524,16.08250848408475,1000000.0,715264.5243068893,0.07708440188883711,0.8907,False,0.21
goe369,ok,,0.058402605369644506,0.7757963906316901,4.028451670231752,1.7678399999999992,0.4388385773778682,0.4388385773778682,8.150635510634833,1.5623901732882153,0.0804776166897003,1.8720421925705018,14.924902892579007,24.947580595784345,10.022677703205336,0.058402605369644506,9.135671884254968,31.292800307569856,0.5857309059265243,29.505956998199995,0.6150266410507188,0.008653936939986362,15.10601362299657,1000000.0,908774.2683570691,16.266855381271746,0.8708334787536232,13.685718156709735,3.2093684759767998,0.006357760355436851,11.93950805913209,1000000.0,472405.7755230503,0.0585,1.5492033444816056,False,0.21
goe370,failed,too few converged polar points,,,,,,,,,,,,,,,,,,,,,,,,,,,,,,,,,,,0.02
goe371,ok,,0.05574921148696392,0.8126910549564527,3.8455674472352728,1.7678399999999508,0.45970848886577703,0.45970848886577703,8.913767755072444,2.05837069970785,0.07970412578129411,1.8443175846107949,14.189495255908266,24.947580595591504,10.75808533968324,0.05574921148696392,10.73586582777929,31.292800307280647,0.5591398107941432,28.4521423762503,0.6035403764152585,0.007381078566257291,15.473892326900783,1000000.0,951992.9813803526,19.403501720384515,0.6271271404990381,14.37735372530187,1.2677928540199457,0.007445341348153735,14.3783197135328,1000000.0,590295.4440197519,0.06949338978475865,1.4334742474916387,False,0.22
goe372,ok,,0.04126277070523448,0.8567571769507731,3.6477759972862427,1.7678399999954046,0.4846350218079692,0.4846350218079692,9.007680546147744,2.077439508246961,0.10623802507486058,1.798243848237506,10.06918037469845,20.8751047690837,10.80592439438525,0.04126277070523448,11.807799798092274,31.292800305341743,0.44380109882200214,23.372844653354562,-0.08308738518633478,0.006501932294133951,17.336969878357934,1000000.0,1003612.3988095904,21.887650386728378,0.4695828260548998,14.439230592588014,0.16048669405026156,0.0064530855223797045,16.87150388134541,1000000.0,701973.5240882345,0.06199887856146031,0.9315,False,0.2
goe373,failed,too few converged polar points,,,,,,,,,,,,,,,,,,,,,,,,,,,,,,,,,,,0.01
goe374,failed,too few converged polar points,,,,,,,,,,,,,,,,,,,,,,,,,,,,,,,,,,,0.01
goe375,failed,too few converged polar points,,,,,,,,,,,,,,,,,,,,,,,,,,,,,,,,,,,0.01
goe376,failed,too few converged polar points,,,,,,,,,,,,,,,,,,,,,,,,,,,,,,,,,,,0.01
goe377,ok,,0.05173906651660237,0.8567571805711411,3.6477759818908595,1.7678399999999825,0.484635023854619,0.484635023854619,9.380691789826718,2.3261136345291002,0.10623805817478199,1.80731102371406,13.073159694243795,24.261162507784576,11.188002813540779,0.05173906651660237,10.893270907277866,31.29280030687939,0.5157880955475452,26.641296566377306,1.245639426471277,0.006182517182285599,16.13011333940035,1000000.0,1003612.4030972351,20.09112020444601,0.5770226048395212,14.475166210610734,1.799629090571122,0.006520054324361562,14.870795957973383,1000000.0,644355.8017039051,0.0645,1.2448,False,0.22
goe379,ok,,0.05516618162421993,0.8403611949355825,3.7189464297426964,1.7678399999999974,0.47536043699406266,0.47536043699406266,9.08145069513231,2.160121357159365,0.07916862298552467,1.8471033452084065,14.019026555057811,24.947580595398527,10.928554040340716,0.05516618162421993,10.259343711865206,31.292800307253795,0.5407293023997035,28.494154086440158,0.6985476244738226,0.0074311899020084015,15.345164429796505,1000000.0,984406.0107752037,18.51429291252002,0.6766884617104142,14.399940397199746,1.6002045185996443,0.0066000023441156585,13.49390717707061,1000000.0,582420.9099021635,0.0644956053449655,1.3533484949832777,False,0.21
goe380,ok,,0.05480881322829377,0.8418583309728938,3.7123327650316806,1.7678399999959156,0.47620731003645056,0.47620731003645056,9.184229665475826,2.228081732112894,0.07913933626719913,1.8301087632789195,13.933240786989046,24.947579215743794,11.014338428754746,0.05480881322829377,10.70017603579317,31.292798366338236,0.5397677222185481,28.485141367832103,0.1892642485375487,0.007945224324976876,15.118547526842386,1000000.0,986159.7070708071,19.489144125369123,0.6143844078559326,14.616590467925715,0.899854047692637,0.007861852544290797,14.01947935850719,1000000.0,614179.9284530953,0.065496,1.3491635451505015,False,0.21
goe381,failed,Restoration_Failed,,,,,,,,,,,,,,,,,,,,,,,,,,,,,,,,,,,0.64
goe382,failed,Maximum_Iterations_Exceeded,,,,,,,,,,,,,,,,,,,,,,,,,,,,,,,,,,,1.52
goe383,failed,Maximum_Iterations_Exceeded,,,,,,,,,,,,,,,,,,,,,,,,,,,,,,,,,,,1.35
goe384,ok,,0.04365864506239295,0.6970719230140547,4.4834086159814905,1.7678399999999999,0.3943071335720737,0.3943071335720737,12.391088309645788,4.414308432447865,0.0797995038918528,1.7897672182057698,10.766725065075327,24.947580592926883,14.180855527851557,0.04365864506239295,10.827604968833253,31.292800305760373,0.6518809719590044,27.807038831979813,-0.4543014328053753,0.009917679261451613,15.006419315726001,1000000.0,816555.7798959488,20.16576021487282,0.892281651431707,18.36846086654904,1.9623388803905812,0.009261626723401924,12.381119755065626,1000000.0,526206.2806318752,0.19534220544653585,1.8371,False,0.19
goe385,ok,,0.0515080526993913,0.792833092531417,3.9418867540221356,1.7678399999999996,0.4484755931144318,0.4484755931144318,10.133550858003067,2.8785221535080705,0.08011150867658778,1.845527034948122,12.968502701885816,24.947580594837007,11.979077892951189,0.0515080526993913,10.099121506157296,31.292800306852673,0.5731444953337383,28.636495798880667,1.3454542438625776,0.008246308437160513,15.194787685571665,1000000.0,928731.2009679853,18.240718080190003,0.8099609392799584,16.08716844611173,3.5108019081904005,0.007847317002742854,12.141730015122326,1000000.0,541361.7139730231,0.09888097102190971,1.49442508361204,False,0.19
goe386,failed,Infeasible_Problem_Detected,,,,,,,,,,,,,,,,,,,,,,,,,,,,,,,,,,,0.69
goe387,ok,,0.046853447009793374,0.7444057488310007,4.198326343540252,1.7678399999999996,0.42108208255894247,0.42108208255894247,11.472243808366946,3.7871084349631947,0.08119606352048758,1.8154771246745587,11.659859660826589,24.947580593868093,13.287720933041504,0.046853447009793374,11.07471019390557,31.292800306249127,0.6104304318125954,28.020315649635606,0.6550004439930087,0.008988569317716065,15.117346317676194,1000000.0,872003.0125111836,20.333883663210237,0.7700278433328426,17.21204697783467,2.249085529361011,0.008340371793373927,13.209977317845015,1000000.0,566622.5980686801,0.14850000000000002,1.6567,False,0.19
goe388,failed,airfoil 'goe388' not found in the aerosandbox UIUC database,,,,,,,,,,,,,,,,,,,,,,,,,,,,,,,,,,,0.0
goe389,ok,,0.050273610535936764,0.8124288833057998,3.8468084158741442,1.7678399999999954,0.45956018831217865,0.45956018831217865,10.488583944055483,3.108341403056522,0.07970937680494525,1.7995717352866953,12.659424915356347,24.947580594698525,12.288155679342179,0.050273610535936764,10.91224093375675,31.292800306673307,0.5593202457984844,27.352981697604598,1.044135236236858,0.006942948246666943,15.664799307072691,1000000.0,951685.8713354634,20.21266267557873,0.6603293656547132,15.662370203665452,1.9413534821058211,0.006677952275886951,14.119487062092269,1000000.0,614713.4581086299,0.10313147956502229,1.4342595317725753,False,0.19
goe390,failed,Maximum_Iterations_Exceeded,,,,,,,,,,,,,,,,,,,,,,,,,,,,,,,,,,,1.27
goe391,ok,,0.051906989305933925,0.856757180607478,3.6477759817250237,1.7678399999972865,0.48463502387591245,0.48463502387591245,8.679610083331728,1.8587258303226488,0.10623805862598192,1.858038657758708,13.070727677383983,23.60837641847442,10.537648741090436,0.051906989305933925,10.317358460780676,31.292800306860727,0.5019099767968324,26.778242519362152,1.1652886314723432,0.006113063811686988,16.4356579807054,1000000.0,1003612.4031407324,18.50940760874906,0.6403350048460382,14.002070266411543,2.442200228012308,0.006320895475581677,13.897336437008866,1000000.0,593627.6353911123,0.051,1.1844,False,0.2
goe392,ok,,0.03734127666332014,0.854884649480476,3.655766035218034,1.7678399999999996,0.48357580407756146,0.48357580407756146,10.73536388766713,3.2467269390887097,0.08948039056063535,1.7928942826157177,8.94668436484205,21.474942535124896,12.528258170282848,0.03734127666332014,11.387390901327553,31.29280030454778,0.45755357403914276,23.715220294427834,-0.9280153655075918,0.006554090611645494,17.06767303278689,1000000.0,1001418.9047124778,21.171337339373743,0.5831669579746025,15.926222489766323,0.3250941184773615,0.006307428162367306,14.873339422162763,1000000.0,677516.1456743405,0.1015,0.991353177257525,False,0.2
goe393,ok,,0.058420385566747106,0.7834372005253536,3.9891624542519377,1.7678399999999963,0.44316069357258303,0.44316069357258303,8.145521817644475,1.5563931618115543,0.0803114183785439,1.8620401134002869,14.940018664750065,24.94758059579483,10.007561931044762,0.058420385566747106,10.780878003445185,31.29280030757068,0.5800183121181375,28.77388534268812,2.35566267131816,0.007878865706470915,15.382715269814044,1000000.0,917724.7758673392,19.29940163633771,0.6117059796901396,13.636266451775423,2.639770935429775,0.007956073493149115,14.872101694970453,1000000.0,565994.0582817327,0.06071680404910694,1.5243411371237459,False,0.2
goe394,ok,,0.0591657343035796,0.7507092804502222,4.1630739714922536,1.7678399999999996,0.4246477511823595,0.4246477511823595,7.931154980475205,1.4243530350489026,0.08104697318754096,1.864264626540351,15.152160988850426,24.947580595865983,9.795419607015557,0.0591657343035796,10.041147427499672,31.292800307638984,0.6053047891271444,28.877569968042568,0.41170492611127096,0.007221659724568757,15.78411776028763,1000000.0,879387.0212982292,17.953723386959545,0.7220188155507021,13.306298127131022,1.452351244726658,0.007251580211253545,14.008892818340234,1000000.0,504533.6682961091,0.061039854857357204,1.6343923076923077,False,0.21
goe395,ok,,0.05957080217613753,0.732610615080918,4.265919987051797,1.7678399999999996,0.4144100230116516,0.4144100230116516,7.814654992770513,1.3524572677370283,0.08148192601452048,1.8741293024053025,15.258796300732339,24.947580595908157,9.688784295175815,0.05957080217613753,9.442351764453827,31.292800307674952,0.6202584474540348,29.12586946172559,-0.777595372445126,0.00769401306785057,15.666925108858674,1000000.0,858186.0959302888,16.794201894777277,0.8363415211176377,13.23150902410773,1.1233929181985032,0.007330836343586864,12.803356104726465,1000000.0,460570.81554344343,0.0610520184752542,1.6994732441471572,False,0.24
goe396,failed,too few converged polar points,,,,,,,,,,,,,,,,,,,,,,,,,,,,,,,,,,,0.01
goe397,ok,,0.05547599714034191,0.856757180811416,3.647775980867884,1.7678399999999903,0.48463502399053127,0.48463502399053127,8.49334949698482,1.7345521040463667,0.10623806001104297,1.8470412297999,14.10819350024167,24.44858422702639,10.340390726784719,0.05547599714034191,10.7671541676099,31.292800307286758,0.5197726485439709,28.265399135541394,1.3638875238741874,0.007205631258787087,15.562101255126976,1000000.0,1003612.4033917559,19.431355030402447,0.570137150213859,14.029553631954252,1.834041803988009,0.0070794705115168315,14.771930161786926,1000000.0,623196.0301321964,0.051000000000000004,1.2621414715719064,False,0.2
goe398,ok,,0.04643435169557757,0.7740968971745168,4.037295947067235,1.7678399999999996,0.4378772384234529,0.4378772384234529,11.592778173678145,3.8577234377762393,0.08051502312596463,1.8122373098752256,11.542565110205643,24.947580593759014,13.40501548355337,0.04643435169557757,11.204583528903614,31.29280030618885,0.5870168506824617,27.14135350150517,1.0957919775297993,0.006570176873243354,15.970182795953166,1000000.0,906783.467712961,20.609117558441362,0.7272094559850499,17.20396404147754,1.617699587864924,0.007102669317532434,13.610541147713167,1000000.0,597198.2981162462,0.1385,1.5548,False,0.2
goe399,ok,,0.050508557844257986,0.8567571802288656,3.6477759833285752,1.7678399999952392,0.48463502366230704,0.48463502366230704,9.361727343415462,2.313470674077698,0.10623805508770674,1.8289941019457028,12.697574825841102,23.888296271202265,11.190721445361165,0.050508557844257986,11.25076799484241,31.29280030667083,0.5078610244135391,26.999384588678137,0.79997034708742,0.006823151261740594,15.955124053302871,1000000.0,1003612.4026922948,20.504472891909508,0.5541271532906858,14.820162416967301,1.1845807435634361,0.006534073829559764,15.26293624286346,1000000.0,657612.712934531,0.06899435028894349,1.2103,False,0.21
goe400,ok,,0.058573716249855384,0.7743448467026377,4.036003182442763,1.7678399999999999,0.43801749406204055,0.43801749406204055,8.101422979128346,1.5300700234671387,0.0805095556410929,1.8755166250022735,14.970640991671981,24.9475805958026,9.976939604130619,0.058573716249855384,10.413734787473201,31.29280030758553,0.586828884616586,28.98166792885571,1.4530004463146855,0.007618560304521547,15.52631108321554,1000000.0,907073.9178686035,18.508206660943493,0.6708733936822022,13.619413445464103,2.2103467462809707,0.007796448180809477,14.202442607074119,1000000.0,536491.1853093002,0.061200000000000004,1.553981939799331,False,0.21
goe401,failed,too few converged polar points,,,,,,,,,,,,,,,,,,,,,,,,,,,,,,,,,,,0.02
goe402,failed,Maximum_Iterations_Exceeded,,,,,,,,,,,,,,,,,,,,,,,,,,,,,,,,,,,1.42
goe403,failed,too few converged polar points,,,,,,,,,,,,,,,,,,,,,,,,,,,,,,,,,,,0.01
goe404,failed,Maximum_Iterations_Exceeded,,,,,,,,,,,,,,,,,,,,,,,,,,,,,,,,,,,1.4
goe405,ok,,0.048311792455653826,0.8062173495940087,3.8764463046767723,1.767839999999999,0.45604655941375305,0.45604655941375305,11.052814774546883,3.4866941322459493,0.07983473608814706,1.8157487298702242,12.079017089842186,24.947580594259293,12.868563504417107,0.048311792455653826,10.633171456944938,31.29280030643107,0.5636295509303619,27.808074827462885,-1.1871346564713163,0.007630692769094226,15.393449766631386,1000000.0,944409.6296849663,19.52026966804839,0.7471582943348631,16.787385592065107,0.5845706437339133,0.007635170576092085,12.757075018899128,1000000.0,589117.3198955801,0.111,1.453014381270903,False,0.2
goe406,failed,Infeasible_Problem_Detected,,,,,,,,,,,,,,,,,,,,,,,,,,,,,,,,,,,1.1
goe407,ok,,0.05118085013753571,0.7903875355821427,3.954083439964875,1.7678399999999996,0.4470922343549998,0.4470922343549998,10.227656307993675,2.942102571082231,0.08016309222747948,1.8299572120368954,12.889967074749364,24.947580594779936,12.05761352003057,0.05118085013753571,11.022108671720593,31.29280030681383,0.5749178754042601,28.41686857262266,1.345414876853489,0.008410157623784177,15.139436396540548,1000000.0,925866.4554561722,20.077170109444005,0.6750292580400616,15.935805393225877,2.426678795035787,0.008303913605237202,13.758877395161853,1000000.0,594027.320743613,0.09459788821117888,1.502143143812709,False,0.21
goe408,ok,,0.053282485055555155,0.8095717490191494,3.8603845420574743,1.767839999999988,0.45794401587199907,0.45794401587199907,9.623213303220133,2.532441500686188,0.07976678083754457,1.8475802043100324,13.476787087686635,24.9475805952168,11.470793507530166,0.053282485055555155,11.270644314515613,31.29280030702756,0.5612941944353864,28.227281006283206,2.072823104712154,0.00802269439839071,15.216666889751282,1000000.0,948339.0007597595,20.33406414188582,0.6112178893875194,15.186439459117445,2.6112253147089017,0.008160467718900789,14.41976953543833,1000000.0,616230.7585291514,0.07749803999999999,1.4428505016722408,False,0.2
goe409,failed,Maximum_Iterations_Exceeded,,,,,,,,,,,,,,,,,,,,,,,,,,,,,,,,,,,1.35
goe410,failed,Maximum_Iterations_Exceeded,,,,,,,,,,,,,,,,,,,,,,,,,,,,,,,,,,,1.33
goe411,failed,too few converged polar points,,,,,,,,,,,,,,,,,,,,,,,,,,,,,,,,,,,0.01
goe412,ok,,0.046916429359311736,0.7698480878671564,4.059577876277441,1.7678399999999999,0.4354738482369199,0.4354738482369199,11.454129700985218,3.7667133041304757,0.08060924050945444,1.7902202995587446,11.703230593340843,24.94758059388481,13.244350000543964,0.046916429359311736,10.760717194230901,31.29280030625801,0.590256610186092,27.57777767980134,0.17945909314046007,0.0075907764396015735,15.555889043251904,1000000.0,901806.3775710172,20.03611361291348,0.7643723354660137,16.952019147067038,1.622031227391431,0.0066034814229377434,13.292115615626797,1000000.0,577407.4183526947,0.13123033103062662,1.5689,False,0.2
goe413,ok,,0.04547604642935548,0.7555651625826288,4.136318639834349,1.7678399999999994,0.4273945394281321,0.4273945394281321,11.868392605804589,4.047600467585678,0.08093373420263324,1.8373467445398308,11.24184124315562,24.94758059350004,13.70573935034442,0.04547604642935548,11.228019640988029,31.29280030604676,0.6014146035381078,27.485774933598883,0.516960514936636,0.008441718160236871,15.276354543778293,1000000.0,885075.2414942338,20.369988543452862,0.7797498325772899,17.579240409732986,2.028642167532081,0.008288839424889817,12.936115019935485,1000000.0,576138.0366412126,0.1635,1.6174615384615385,False,0.2
goe414,ok,,0.04387114432155433,0.8238913576369937,3.7932892930975317,1.7678399999999994,0.4660440750503405,0.4660440750503405,12.329972228295615,4.331824163511831,0.07948304230354862,1.8203510684973292,10.797257296229352,24.947580593022295,14.150323296792944,0.04387114432155433,11.330559312849292,31.292800305784567,0.5515386446142991,27.151214957057565,-0.12926925801323133,0.0077621912622853045,15.267662745934828,1000000.0,965113.1079507895,20.74793796452038,0.7116277112417297,17.904587770580623,1.344452528581585,0.007558395260061821,12.991766998791519,1000000.0,639895.0140875352,0.1359225261153846,1.4003926421404682,False,0.2
goe415,ok,,0.05007525444819846,0.8567571803733705,3.647775982732968,1.7678399999999994,0.484635023742743,0.484635023742743,9.823548805545308,2.62135164670844,0.10623805654426982,1.842284521362268,12.55966371008437,24.225497036991946,11.665833326907576,0.05007525444819846,10.316977691935282,31.292800306678842,0.5150298539667252,27.1497116822582,1.2781444313139614,0.005960823704242798,16.257644167226136,1000000.0,1003612.4028591235,18.667000260282716,0.6969718940621502,15.53486851386157,2.941080731609451,0.006864520783367788,12.915656018608153,1000000.0,598681.8949340152,0.08470724526545309,1.2415,False,0.22
goe416a,ok,,0.04603139582243655,0.8567571766727108,3.647775998488646,1.76783999999989,0.48463502164945027,0.48463502164945027,11.285736721613743,3.596143626490217,0.10623802229527574,1.8033757577741514,11.435534098458064,24.524646577845957,13.089112479387895,0.04603139582243655,11.573301156105082,31.292800306129852,0.5213897234506267,27.322289337771657,2.897985864400246,0.007661722552851195,15.326322041615516,1000000.0,1003612.3985065955,21.39192032167797,0.595469088082541,17.03981563063754,3.5638439967663103,0.008140439344414458,14.00451022102694,1000000.0,686074.6322691892,0.11666475624595207,1.269179264214047,False,0.21
goe417,failed,too few converged polar points,,,,,,,,,,,,,,,,,,,,,,,,,,,,,,,,,,,0.01
goe417a,failed,too few converged polar points,,,,,,,,,,,,,,,,,,,,,,,,,,,,,,,,,,,0.02
goe418,ok,,0.05026569903361964,0.7406421815102351,4.219660105271509,1.7678399999999996,0.4189531753497122,0.4189531753497122,10.490859340246777,3.134053890338672,0.08128628808415353,1.8297601224265732,12.626961131940694,24.947580594614045,12.32061946267335,0.05026569903361964,10.880032960399102,31.292800306702517,0.6135323291694348,28.295323479540713,0.9652687095518213,0.008763423085441166,15.218902108802494,1000000.0,867594.3388311474,19.820508759677068,0.7552675462173165,16.266096455056292,2.2937719303388655,0.008904338074878785,13.316710349106081,1000000.0,549524.5239834222,0.127,1.6702,False,0.22
goe419,failed,too few converged polar points,,,,,,,,,,,,,,,,,,,,,,,,,,,,,,,,,,,0.01
goe420,failed,Maximum_Iterations_Exceeded,,,,,,,,,,,,,,,,,,,,,,,,,,,,,,,,,,,1.25
goe421,failed,Maximum_Iterations_Exceeded,,,,,,,,,,,,,,,,,,,,,,,,,,,,,,,,,,,1.22
goe422,failed,Maximum_Iterations_Exceeded,,,,,,,,,,,,,,,,,,,,,,,,,,,,,,,,,,,1.24
goe423,failed,Infeasible_Problem_Detected,,,,,,,,,,,,,,,,,,,,,,,,,,,,,,,,,,,0.96
goe424,failed,Maximum_Iterations_Exceeded,,,,,,,,,,,,,,,,,,,,,,,,,,,,,,,,,,,1.46
goe425,ok,,0.044849900835536666,0.7693650943203427,4.062126406138626,1.7678399999999996,0.43520063711667506,0.43520063711667506,12.048475892762648,4.163105176177601,0.0806200384304958,1.8045724263105913,11.094532274238386,24.947580593311624,13.853048319073238,0.044849900835536666,11.25919723031464,31.292800305950767,0.5906271626510944,27.48743355641219,1.2205179069019478,0.00795069257090638,15.411728785732171,1000000.0,901240.5949516682,20.79753457782392,0.7424983234074767,17.718792172040278,2.534838633081432,0.007614010387363332,13.350818639729514,1000000.0,598974.2769323705,0.16014546175535108,1.5705127090301003,False,0.2
goe426,ok,,0.04665477882313834,0.8064232842769302,3.8754563844249903,1.7678399999999994,0.4561630488488384,0.4561630488488384,11.529381989105795,3.804333020533345,0.07983051540534221,1.8067824312945202,11.611416173483411,24.94758059388373,13.336164420400316,0.04665477882313834,11.077892984274365,31.292800306199837,0.5634856179918071,27.814647838000862,0.613849731857936,0.007889315800098105,15.28464804818543,1000000.0,944650.8632581551,20.437607377621177,0.7061778587146469,17.153584988501414,1.9406881336159416,0.007171516950872421,13.404497438233248,1000000.0,616959.9161240943,0.136,1.4523879598662206,False,0.19
goe427,ok,,0.05857255579020683,0.8241744206570036,3.791986486438668,1.7678399999999366,0.46620419305877975,0.46620419305877975,8.10175673443703,1.512911504201206,0.07947752946556519,1.8656525430305735,14.98017131838771,24.947580595855314,9.967409277467604,0.05857255579020683,9.737168096192413,31.292800307570083,0.5513492184548396,28.70238724571977,-0.45220948011758416,0.006942465427341751,15.621099153545227,1000000.0,965444.6903540631,17.397251759743213,0.7127023343152649,13.507292188999475,1.210962366115579,0.007501984561886004,12.987066249481467,1000000.0,536739.5750176376,0.046000000000000006,1.3995682274247492,False,0.19
goe428,ok,,0.05394755965556781,0.8260223679152006,3.7835031919145776,1.7678399999999996,0.4672495066947239,0.4672495066947239,9.431933796762687,2.399027161856774,0.07944165473869302,1.8410829255208632,13.674563872938528,24.947580595222078,11.27301672228355,0.05394755965556781,10.60085777321063,31.2928003071274,0.5501157599989965,28.43122042183618,-0.008002763557545612,0.007441796774908246,15.396008664052294,1000000.0,967609.3909471104,19.193156423071905,0.6607875573839788,14.958193501513234,1.0366923188890238,0.007359490662983442,13.71607848024821,1000000.0,593474.4802193779,0.07899999999999999,1.3942,False,0.19
goe429,ok,,0.05065380309895135,0.7925233441878828,3.9434273936782565,1.7678399999999996,0.44830038023117647,0.44830038023117647,10.379238246869342,3.042420746065946,0.08011802445971503,1.8149463391332037,12.753396008682268,24.947580594684815,12.194184586002546,0.05065380309895135,11.612982397073305,31.292800306750216,0.5733685020580083,28.69100118819449,4.928718998488612,0.009825339658992759,14.5856843397748,1000000.0,928368.3592094764,21.328421942251516,0.6032947853996555,16.370400671830776,5.200727345716213,0.010015727961260866,14.142281969229302,1000000.0,632753.6011145737,0.1138,1.4954,False,0.19
goe430,ok,,0.05081573571221057,0.7277775642506533,4.294249258450114,1.7678399999999996,0.4116761495670725,0.4116761495670725,10.332665440863918,3.0326426733234557,0.08160172692594869,1.8386067209793033,12.776308432873309,24.94758059471653,12.171272161843222,0.05081573571221057,10.452850346675357,31.292800306769905,0.6243774815604419,27.979509487184664,-0.26716127565475134,0.007532556379528009,15.75093039923221,1000000.0,852524.6204395698,18.95067286078417,0.8306046524690404,16.135716650943895,1.5734333096164164,0.008092140434305754,12.795626394375313,1000000.0,516282.1808637976,0.1335871982697197,1.7174,False,0.2
goe431,ok,,0.05327137085075467,0.727728123727019,4.294541001925503,1.7678399999999996,0.41164818293907773,0.41164818293907773,9.62640981614733,2.561820991115957,0.08160296132483663,1.8549494543516873,13.466221324625225,24.947580595124244,11.481359270499016,0.05327137085075467,9.695069318378781,31.29280030705377,0.6244199006285107,28.487433633577634,-2.475129192913013,0.007820977168945363,15.637364397383008,1000000.0,852466.7054115611,17.421982929030357,0.9271186087569405,15.771427733401865,0.6478245330932189,0.009025460926670548,11.616025104184837,1000000.0,474603.1113712513,0.118,1.7175846153846155,False,0.2
goe432,ok,,0.05550939347349267,0.7864491969176016,3.973884489740832,1.7678399999999974,0.44486446562901777,0.44486446562901777,8.982740876547473,2.1135107596949365,0.08024681704649667,1.7319829499399697,14.23285676896068,24.947580595448123,10.714723826487443,0.05550939347349267,9.901426300622795,31.292800307289017,0.577796918710238,28.192592899643977,1.0875771584746106,0.007164623055540149,15.668061468581278,1000000.0,921253.0531889148,19.056050370792192,0.6691921568804954,14.096444928402875,1.783319571860559,0.006724629246129536,14.366308533356024,1000000.0,561005.8675932841,0.07700000000000001,1.514673244147157,False,0.19
goe433,ok,,0.044639357359908205,0.7536250106035024,4.146967286949904,1.7678399999999996,0.4262970690806309,0.4262970690806309,12.10902947888171,4.208656880923703,0.0809788539726443,1.8096749830624832,11.028876131303496,24.947580593247693,13.918704461944195,0.044639357359908205,10.859981991453065,31.29280030591786,0.6029629010548857,27.610560414505482,-0.17271089783555432,0.008147079989672385,15.399790095987438,1000000.0,882802.5315159985,20.00355882151261,0.8232567374650204,18.129062817352015,1.7128895505526471,0.008296504407059143,12.454879335559074,1000000.0,564321.2558264063,0.17408951385873353,1.6242,False,0.19
goe434,failed,Infeasible_Problem_Detected,,,,,,,,,,,,,,,,,,,,,,,,,,,,,,,,,,,1.0
goe435,failed,Maximum_Iterations_Exceeded,,,,,,,,,,,,,,,,,,,,,,,,,,,,,,,,,,,1.22
goe436,ok,,0.05005838527474564,0.7865972289637506,3.9731366327302693,1.7678399999999992,0.4449482017398356,0.4449482017398356,10.550484040197013,3.1586221989926986,0.080243623135877,1.8129583728101841,12.584138181588981,24.94758059459618,12.363442413007197,0.05005838527474564,11.02263750480964,31.29280030667354,0.5776881814114425,27.724422963765157,1.5777328215941755,0.0074660339630802115,15.540452018838034,1000000.0,921426.459126343,20.26639197406383,0.6825593807475212,15.947686058105415,2.3388618670558348,0.007108207935240173,14.050153070174321,1000000.0,596750.3583227012,0.11,1.5142,False,0.19
goe437,ok,,0.05163315848646309,0.8567571805630465,3.6477759819248106,1.7678399999998584,0.4846350238500742,0.4846350238500742,9.374210157835453,2.3217925466255736,0.10623805811657536,1.853549636192061,12.996461287123324,24.224221081150837,11.227759794027513,0.05163315848646309,9.78799812805368,31.292800306871435,0.5150027272470581,27.798235244247827,0.07173253708643496,0.006922199481726035,15.779280552582195,1000000.0,1003612.4030875685,17.60225881723563,0.7544055467396539,15.133954417245388,2.3007750912181524,0.006644243282246404,12.202234372512846,1000000.0,564533.8575677432,0.07050000000000001,1.241381939799331,False,0.19
goe438,ok,,0.05024573365471436,0.7821176750246608,3.995892645568274,1.7678399999999999,0.4424142880716925,0.4424142880716925,10.496601504840179,3.124228696107652,0.08033991614399405,1.8267723296390384,12.62420676012964,24.94758059460886,12.323373834479217,0.05024573365471436,11.114773012725289,31.292800306700045,0.5809968719716699,27.840360223258205,1.816419546833984,0.0072756382369642296,15.637977762055886,1000000.0,916179.0728249844,20.28125934175482,0.6832411313763185,16.033808686579736,2.489382386943864,0.007136400344107334,14.1006336794377,1000000.0,593787.2353173066,0.10989482969241815,1.5286,False,0.2
goe439,ok,,0.05438773256659186,0.8145495173897672,3.8367934654419797,1.7678399999999936,0.46075975053724894,0.46075975053724894,9.305337386184767,2.3187551533868023,0.07966703229242195,1.8405112789586828,13.801731930167312,24.94758059531076,11.14584866514345,0.05438773256659186,10.632275854172182,31.2928003071675,0.5578640868367395,28.21644781352103,0.07377102317614267,0.0071703479337231245,15.557562047072844,1000000.0,954169.9995461878,19.256018650403977,0.6582168160675573,14.764113261790987,1.0258107698000012,0.007404237009152509,13.903621412456237,1000000.0,587148.3257031797,0.07899999999999999,1.4279220735785954,False,0.19
goe440,failed,airfoil 'goe440' not found in the aerosandbox UIUC database,,,,,,,,,,,,,,,,,,,,,,,,,,,,,,,,,,,0.0
goe441,ok,,0.05222046602294993,0.6468162511396627,4.831755943196273,1.7678399999999996,0.36587940715204026,0.36587940715204026,9.928656446371003,2.7878343341475453,0.07364839801187015,1.8492575865408,13.169666562039943,24.947580594951745,11.777914032911802,0.05222046602294993,9.916764913989736,31.292800306935558,0.7025301573697965,28.811373054885134,-2.2399810238136233,0.010359802353934484,15.11244645349178,1000000.0,757685.8728362627,17.875218296909306,1.0164618109081365,16.03554698627292,0.4830705802058461,0.010598871826782003,11.788174430500813,1000000.0,432808.83284934686,0.15974954138686787,2.057534113712374,False,0.19
goe442,ok,,0.05565946448100049,0.7823259707982319,3.9948287315723383,1.7678399999999996,0.44253211308615714,0.44253211308615714,8.939579540593463,2.08614322412047,0.08033541652904524,1.8086084400455729,14.199392614818574,24.94758059545761,10.748187980639036,0.05565946448100049,10.453076284908756,31.292800307305807,0.5808421804497981,28.3788989716644,1.102885360083218,0.0071671302659671934,15.682975347025565,1000000.0,916423.0722238891,19.26541248225323,0.660232961013604,14.252474493552983,1.7050417776950764,0.006665485513926705,14.588182163023694,1000000.0,564195.8636256998,0.07702052232700163,1.5279267558528427,False,0.2
goe443,failed,Infeasible_Problem_Detected,,,,,,,,,,,,,,,,,,,,,,,,,,,,,,,,,,,0.27
goe444,failed,too few converged polar points,,,,,,,,,,,,,,,,,,,,,,,,,,,,,,,,,,,0.01
goe445,failed,too few converged polar points,,,,,,,,,,,,,,,,,,,,,,,,,,,,,,,,,,,0.01
goe446,ok,,0.048412335284170854,0.7484059613948063,4.175886386280844,1.7678399999999996,0.423344851001678,0.423344851001678,11.023898044562708,3.486925748115459,0.08110106777958603,1.814212363415716,12.109470186257933,24.947580594236356,12.838110407978425,0.048412335284170854,10.442098910332568,31.292800306464187,0.6071676952656198,27.912136148545653,-1.1672432283041547,0.008307425355961014,15.35945774358575,1000000.0,876688.8943925184,19.185734299727844,0.8312149291091793,16.83472904088774,0.8189657655613252,0.008122713330235629,12.473177090450921,1000000.0,537501.2790997331,0.12872317607961153,1.6425,False,0.19
goe447,ok,,0.049598015882962046,0.7271588770629167,4.297902926281115,1.7678399999999996,0.41132618170361396,0.41132618170361396,10.682889081649853,3.266317730582123,0.08161717794834192,1.8371921468426722,12.427499365992137,24.947580594484663,12.520081228492526,0.049598015882962046,10.256156796608558,31.29280030661871,0.6249087194515069,28.438559735200965,-2.2191189354148166,0.009037187443194223,15.177773009920013,1000000.0,851799.8851786879,18.60839073407826,0.8868833887395748,16.74513898122404,0.10153412031554317,0.008797503334641282,12.062454068006545,1000000.0,506526.2595657018,0.12664439091609758,1.719712040133779,False,0.2
goe448,ok,,0.05036467213531112,0.7065481431688937,4.42327716209557,1.7678399999999996,0.3996674716993019,0.3996674716993019,10.46239407329774,3.1256360214931203,0.08090831998750042,1.8353190892595528,12.649867432080184,24.947580594637476,12.297713162557292,0.05036467213531112,9.62126108927565,31.292800306714724,0.6431379476352439,31.508504604940676,-4.28410908345935,0.01859402952392788,12.44777786241808,1000000.0,827656.3020962089,17.474274901441948,1.0166947719499886,16.761801810539072,-1.0337853611073595,0.011325659644836434,10.818664060618303,1000000.0,462173.2029407631,0.12879036091767804,1.7990488294314382,False,0.2
goe449,failed,Maximum_Iterations_Exceeded,,,,,,,,,,,,,,,,,,,,,,,,,,,,,,,,,,,1.26
goe450,ok,,0.05440450449200303,0.7485220140058163,4.1752389470481415,1.7678399999999996,0.4234104975596301,0.4234104975596301,9.300513678246842,2.3379654218962926,0.08109842178997864,1.8555343014158852,13.791532615626435,24.94758059528916,11.156047979662727,0.05440450449200303,10.009750902234645,31.292800307176122,0.6070735585581821,28.558951109775307,0.11441810294197666,0.007680116152830674,15.606649095560655,1000000.0,876824.8393948507,17.981794416477232,0.8221405253694769,14.90492302571402,2.0863072846688655,0.007018671416052539,12.791118286969697,1000000.0,503850.2098402226,0.08900823013687498,1.6420903010033445,False,0.2
goe456,failed,too few converged polar points,,,,,,,,,,,,,,,,,,,,,,,,,,,,,,,,,,,0.01
goe457,ok,,0.054813271422621136,0.8005342162895108,3.9039658792919703,1.7678399999999967,0.45283182657339593,0.45283182657339593,9.18294981893589,2.2421119542852983,0.07995111931316863,1.8395185839587351,13.925112192463871,24.947580595358495,11.022468402894626,0.054813271422621136,10.759552683745287,31.292800307216385,0.5676308563146015,28.329237660216815,0.9272410172421529,0.007697902458663669,15.388008934645251,1000000.0,937752.3606454451,19.49704445784976,0.6460523599571752,14.569550563110395,1.6275085054984402,0.00746341660843434,14.269182427347529,1000000.0,584268.5629429431,0.07832924619415392,1.4704287625418062,False,0.2
goe458,ok,,0.04604298031472155,0.8567571799875063,3.6477759843742374,1.7678399999996102,0.484635023524581,0.484635023524581,9.57284836734751,2.454218024863282,0.10623805319594282,1.8528103247674295,11.389431302016721,22.81508999413166,11.425658692114938,0.04604298031472155,10.655881265755548,31.29280030613117,0.4850448457535885,25.63557488873045,-0.8393828874197552,0.006402285335419849,16.603602801971526,1000000.0,1003612.4023897753,19.170664014754824,0.6472253219710475,14.920287722918626,0.729600246427239,0.006377854452959378,13.772735794605344,1000000.0,614835.2329940138,0.07201575220506287,1.111,False,0.19
goe459,failed,Infeasible_Problem_Detected,,,,,,,,,,,,,,,,,,,,,,,,,,,,,,,,,,,1.0
goe460,failed,Infeasible_Problem_Detected,,,,,,,,,,,,,,,,,,,,,,,,,,,,,,,,,,,1.09
goe462,ok,,0.0609306949460545,0.6906718987345394,4.524953558015246,1.7678399999999999,0.39068688271254154,0.39068688271254154,7.423541548057387,1.1045495656533952,0.07901486638172411,1.889609643641411,15.634429404341775,24.947580596040574,9.313151191698799,0.0609306949460545,8.408529714869625,31.292800307792177,0.6579215449912134,37.56476049650364,-2.9665004592223987,0.03966803450583846,8.951176165940005,1000000.0,809058.7389052602,14.832921962065129,1.0931449714560262,12.609692127493473,-0.5022422371111989,0.01698950568488441,9.902575531569825,1000000.0,383497.32267074456,0.10984160465873241,1.8633896321070234,False,0.2
goe464,ok,,0.057073425305263006,0.8567571550174474,3.6477760906806225,1.767839999997793,0.48463500940046444,0.48463500940046444,8.4960405403015,1.7363460588575095,0.10623799732746829,1.8633039466319463,14.55136096083606,24.91070544776951,10.359344486933447,0.057073425305263006,9.926654594011236,31.29280010545157,0.5295972880955339,36.99734534550774,-3.0175887974856708,0.03078820897878951,9.133810575267676,1000000.0,1003612.3667045448,17.758159481449365,0.683887945872974,13.655728512255207,-1.9630459010333476,0.015916895089835313,11.16297017752002,1000000.0,569533.8354329403,0.07649574161386823,1.3049,False,0.19
goe474,ok,,0.05346380492501902,0.8482813674515666,3.6842236379528104,1.7678399999999987,0.4798405780226532,0.4798405780226532,9.571064604148386,2.483585814759796,0.07902176903555667,1.8295273892190917,13.546988601790895,24.94758059515837,11.400591993367478,0.05346380492501902,11.12127786299311,31.29280030707177,0.5356806599057246,27.120907330278452,1.6641866549630964,0.005121486398952489,16.397497727177996,1000000.0,993683.7659514775,20.262569682435988,0.5838546597158174,14.608806072252987,1.9694781989046128,0.005012755154832417,15.471630224423658,1000000.0,643425.5276715222,0.0695,1.3313759197324415,False,0.19
goe476,ok,,0.0440372562206468,0.7915717070122761,3.948168230261836,1.7678399999999996,0.447762075194744,0.447762075194744,12.28219743422782,4.311388630100408,0.08013807498097988,1.8007863128444093,10.864596845980248,24.94758059305248,14.082983747072229,0.0440372562206468,11.19610184433919,31.292800305822013,0.5740578126716541,27.755347551084284,0.8244144686355892,0.008567348347647493,15.071954080235026,1000000.0,927253.6035728663,20.724468647355362,0.7388289830734415,18.17678100031696,2.5197520280158074,0.00842524223403469,12.888599817508739,1000000.0,614097.7492454667,0.14439359643358765,1.4984,False,0.2
goe477,failed,airfoil 'goe477' not found in the aerosandbox UIUC database,,,,,,,,,,,,,,,,,,,,,,,,,,,,,,,,,,,0.0
goe478,ok,,0.046616961689680325,0.7766504684688842,4.024021606220418,1.7678399999999999,0.43932169679885297,0.43932169679885297,11.540258426995523,3.8218510170324405,0.0804588779002188,1.7766293991622395,11.630692767649197,24.94758059380696,13.316887826157762,0.046616961689680325,11.038211289136862,31.292800306215213,0.5850867811853476,27.00009479819831,1.2565108783933236,0.0077536559693958,15.461601426788594,1000000.0,909774.7421159509,20.710024075818087,0.7130537147863968,16.643310141533107,2.396070448842072,0.007155767018644364,13.753870474163353,1000000.0,602101.973246873,0.1333364775944105,1.5464,False,0.2
goe479,ok,,0.04847444841561687,0.8013869653083643,3.899811702574219,1.7678399999999996,0.4533141943322724,0.4533141943322724,11.006033929587495,3.457203153518695,0.07993356019248506,1.821742455332752,12.119804209326581,24.94758059424683,12.827776384920247,0.04847444841561687,11.128396367387962,31.292800306472472,0.5670268451749116,27.13646911223708,1.086754961255011,0.005756140619259649,16.240185985468347,1000000.0,938751.2778326554,20.36218371558142,0.6885995287237874,16.47523940027791,1.797821306627085,0.006121901473287867,14.017358958238662,1000000.0,610844.2132138513,0.116,1.4678,False,0.2
goe480,failed,airfoil 'goe480' not found in the aerosandbox UIUC database,,,,,,,,,,,,,,,,,,,,,,,,,,,,,,,,,,,0.0
goe481,failed,airfoil 'goe481' not found in the aerosandbox UIUC database,,,,,,,,,,,,,,,,,,,,,,,,,,,,,,,,,,,0.0
goe481a,failed,Infeasible_Problem_Detected,,,,,,,,,,,,,,,,,,,,,,,,,,,,,,,,,,,0.69
goe482,ok,,0.0503923365889781,0.6774529359127218,4.61324779911004,1.7678399999999996,0.38320941709245293,0.38320941709245293,10.454437607893167,3.1291426523849544,0.07739165149649088,1.8435420216131866,12.64960096512793,24.947580594634285,12.297979629506354,0.0503923365889781,9.9149924229194,31.29280030671818,0.6707593968735305,28.941257887270332,-2.908898285436343,0.010812354932461056,14.805212386392643,1000000.0,793573.937180068,17.92743227742885,1.0074529590814578,16.75600624369861,0.1000750250835126,0.010247512624410015,11.4405033489492,1000000.0,454633.1065447644,0.16516730423034587,1.9192622073578596,False,0.19
goe483,ok,,0.04106373554241563,0.8567571798395663,3.6477759850057216,1.7678399999999996,0.4846350234407902,0.4846350234407902,8.483469182209108,1.7279652360367623,0.10623805185923546,1.7943660904290017,10.015814407193602,20.29364967983171,10.277835272638109,0.04106373554241563,11.76868315744841,31.292800305307452,0.43143946324502436,22.76861014387047,-1.16190281627709,0.006977053919731905,17.24058420243224,1000000.0,1003612.4021898381,21.86228555443912,0.4476711351771547,13.783208875852633,-1.0138093469389333,0.006800145735392,17.066324007977062,1000000.0,701160.0338921879,0.05450000000000001,0.8777,False,0.19
goe484,ok,,0.05828052843790538,0.7502229633251523,4.165772601451934,1.7678399999999996,0.42437266004002194,0.42437266004002194,8.185745579860045,1.5942374214087265,0.08105838635251297,1.899632374701719,14.86220264120932,24.947580595771086,10.085377954561764,0.05828052843790538,10.31620060973449,31.292800307558654,0.6056971659268884,28.586289181272875,-0.00893356137854191,0.006711140669408256,15.998916382280813,1000000.0,878817.3454185615,18.102100081959883,0.7317289208120635,13.620893982121526,1.2892792807467248,0.006985656202673023,13.952607373319124,1000000.0,508373.7915486741,0.0625,1.6361,False,0.19
goe488,ok,,0.05166453655295489,0.8567571804720825,3.64777598230557,1.767839999998275,0.4846350237990534,0.4846350237990534,9.643956045951802,2.5016231397106314,0.10623805734729902,1.8301426526520337,13.028892793745744,24.50299149234958,11.474098698603836,0.05166453655295489,11.20296308758677,31.29280030685421,0.5209293377623843,27.673357585175886,1.7185249533304527,0.0068970673588953976,15.686838436035508,1000000.0,1003612.402981359,20.404535262779863,0.573738152948792,15.21179135505421,2.154209806126618,0.006955565825843734,14.759884430589146,1000000.0,654407.5463361752,0.06802614199892738,1.267175585284281,False,0.19
goe490,failed,too few converged polar points,,,,,,,,,,,,,,,,,,,,,,,,,,,,,,,,,,,0.01
goe491,ok,,0.053891974934426046,0.8567571807007335,3.6477759813349397,1.7678399999989745,0.4846350239282008,0.4846350239282008,8.56013891188634,1.7790783817986706,0.10623805917846377,1.8459336796273502,13.653726614425489,24.05979920593918,10.40607259151369,0.053891974934426046,10.710636464248703,31.292800307109808,0.5115071466851383,27.778913425677267,2.073598724379348,0.00716374584875628,15.72341778775872,1000000.0,1003612.4032570029,19.340955713372693,0.5791346569076136,14.080584583632318,2.6064623083788816,0.007190813129731258,14.584131659696267,1000000.0,620296.77287702,0.0485,1.2261685618729097,False,0.19
goe492,ok,,0.03898267211827913,0.8567571735719874,3.647776011669552,1.7678399999948249,0.48463501989687724,0.48463501989687724,9.059299347289524,2.1118520755984496,0.106237993587612,1.7837232328071622,9.427930746577,20.270953326673684,10.843022580096687,0.03898267211827913,11.85834618265543,31.29280030490055,0.43095694588237093,22.112610018788665,0.10096758089197319,0.0054972680675472564,18.33507386182802,1000000.0,1003612.3948378323,22.16028803226603,0.45967208269811427,14.107648277320687,0.3901152349983819,0.005223129611757714,17.87911338362943,1000000.0,710717.4661794573,0.06201594543018248,0.8756,False,0.19
goe493,failed,Maximum_Iterations_Exceeded,,,,,,,,,,,,,,,,,,,,,,,,,,,,,,,,,,,1.23
goe494,failed,too few converged polar points,,,,,,,,,,,,,,,,,,,,,,,,,,,,,,,,,,,0.01
goe495,ok,,0.05728145682175167,0.7768342258591701,4.023069738132995,1.7678399999999999,0.43942564138110357,0.43942564138110357,8.473084662713115,1.7770065445316774,0.0804548562533569,1.891988141490046,14.582507791454084,24.947580595657243,10.36507280420316,0.05728145682175167,10.431565652357957,31.292800307465004,0.5849483809720055,28.23891044801429,-0.29761702840264215,0.00591243740593739,16.251751562605076,1000000.0,909989.997069592,18.378490195226625,0.7045805680373223,13.778428338201762,0.8081966926815002,0.0056263426735988185,14.300681765066093,1000000.0,534443.7721960018,0.069,1.5457976588628763,False,0.19
goe496,ok,,0.05390906264695282,0.7549195531018553,4.139856032021907,1.7678399999999994,0.42702934264518033,0.42702934264518033,9.4430057709532,2.4308863832589096,0.08094877863417332,1.848665042915148,13.655909781349855,24.947580595218202,11.291670813868347,0.05390906264695282,10.419740797690615,31.292800307123258,0.6019289351226822,28.115288696337828,-0.20934768495423237,0.0067711503806611026,15.9557597394316,1000000.0,884318.9692725658,18.787865037392592,0.7558036568871109,14.94122699231774,1.2162229065885666,0.006774944206028832,13.599154929640829,1000000.0,530935.7194510043,0.0995,1.6197,False,0.19
goe497,ok,,0.05080051848826019,0.742542925965311,4.208858715524278,1.7678399999999994,0.4200283543563395,0.4200283543563395,10.337042007169305,3.0309029962189045,0.08124060703318244,1.8371522566812035,12.773386330862744,24.94758059471325,12.17419426385051,0.05080051848826019,10.603017159837764,31.292800306768058,0.611961823099016,27.79430927212947,-0.37857791696931425,0.006971073762652473,15.919622301301935,1000000.0,869820.8865100485,19.238139029717665,0.7901305699610782,15.977844585859877,1.2560721787408977,0.0071978449284302816,13.244029028683613,1000000.0,534747.1297419613,0.127,1.6633648829431438,False,0.19
goe498,ok,,0.045628973148274535,0.7571113657867278,4.1278712839721905,1.7678399999999996,0.4282691679036157,0.4282691679036157,11.824409949882687,4.017773757883496,0.08089809196593459,1.8133891643857574,11.309781479272315,24.94758059354076,13.637799114268445,0.045628973148274535,10.890790084666298,31.292800306069893,0.6001863705080509,27.583954410592156,-0.6378918425638639,0.007826488166051306,15.512461191086496,1000000.0,886886.4766365272,20.019218339076698,0.8016718030008024,17.76621772658869,1.2956078944132774,0.008225172225519103,12.666632257239673,1000000.0,567375.6852727934,0.15918141834898206,1.6121160535117058,False,0.19
goe499,ok,,0.05554607981115715,0.8494750025217764,3.6790467716204267,1.7678399999999987,0.4805157720844517,0.4805157720844517,8.972189662346574,2.0838892935817794,0.07899987464827898,1.8643420016399257,14.111048931459285,24.947580595445785,10.8365316639865,0.05554607981115715,9.729326887890139,31.2928003072931,0.5349279512076002,28.96497330548521,-1.8095081958346484,0.007654031044488892,15.213120531599923,1000000.0,995081.9998903786,17.395461561115503,0.751924274884768,14.554242858968268,0.1348104734702831,0.006346061319236128,12.387818017611435,1000000.0,553159.5290056792,0.068,1.3281,False,0.19
goe500,ok,,0.054402317625232094,0.7396449821573126,4.225349108006655,1.7678399999999996,0.41838909751861747,0.41838909751861747,9.301142634452082,2.341226590254314,0.0813103478240581,1.8537114194071622,13.79272654142985,24.947580595289097,11.154854053859244,0.054402317625232094,10.157457037937926,31.292800307175884,0.6143595017386426,28.176613017829567,-0.9976400794298657,0.006774720680703442,16.012426383540337,1000000.0,866426.211326162,18.265081485708265,0.8063130088084641,14.826959447853383,0.763217078637471,0.006701973927453074,13.192035180458166,1000000.0,505718.4143279392,0.1,1.6738,False,0.19
goe501,ok,,0.051593898288105025,0.7224866668370377,4.325696803903683,1.7678399999999996,0.40868328968517387,0.40868328968517387,10.108861143750346,2.8850805758755222,0.08173469924924302,1.8438841498966005,12.994835301206992,24.94758059485394,11.952745293646947,0.051593898288105025,10.262150302300592,31.29280030686278,0.6289499080891913,28.044252258688257,-1.2955210387001195,0.007424914727933827,15.815411945813088,1000000.0,846326.819725359,18.551690287187263,0.8573875551162334,15.930712635041854,0.9310606269576742,0.007972574092452967,12.594393575506405,1000000.0,501738.1917668042,0.128,1.7373,False,0.19
goe502,ok,,0.0467183283450063,0.737026330605481,4.240361756183854,1.7678399999999996,0.41690782571130935,0.41690782571130935,11.511104759443928,3.815365066304346,0.08137383843594181,1.8205239076805344,11.615951926709716,24.94758059383418,13.331628667124463,0.0467183283450063,10.702362786845189,31.29280030622981,0.6165423185482733,27.733950400223087,-0.8337256653878932,0.008018003146184215,15.52096195924131,1000000.0,863358.7013492467,19.5957561844211,0.8401995967803398,17.52344747374168,1.4585502552315133,0.008556610770576765,12.459055555238836,1000000.0,540640.8645368237,0.15898037361209846,1.6833,False,0.19
goe503,failed,Maximum_Iterations_Exceeded,,,,,,,,,,,,,,,,,,,,,,,,,,,,,,,,,,,1.17
goe504,failed,Maximum_Iterations_Exceeded,,,,,,,,,,,,,,,,,,,,,,,,,,,,,,,,,,,1.25
goe505,failed,Infeasible_Problem_Detected,,,,,,,,,,,,,,,,,,,,,,,,,,,,,,,,,,,0.48
goe506,failed,Maximum_Iterations_Exceeded,,,,,,,,,,,,,,,,,,,,,,,,,,,,,,,,,,,1.27
goe507,failed,airfoil 'goe507' not found in the aerosandbox UIUC database,,,,,,,,,,,,,,,,,,,,,,,,,,,,,,,,,,,0.0
goe508,failed,Maximum_Iterations_Exceeded,,,,,,,,,,,,,,,,,,,,,,,,,,,,,,,,,,,1.19
goe509,ok,,0.04854686007621904,0.7902748263701106,3.9546473724273,1.7678399999999996,0.4470284790309704,0.4470284790309704,10.985207894895968,3.4471757604086797,0.08016547727163625,1.8200448067992054,12.14232789256787,24.947580594263044,12.805252701695174,0.04854686007621904,11.084942197407136,31.2928003064821,0.5749998703492807,28.290171610758993,1.418355239715584,0.008792347379307622,14.989076934068576,1000000.0,925734.4269490159,20.301592129301298,0.7012229561021254,16.831244133667674,2.228513477208553,0.008854165437845595,13.273246745976383,1000000.0,600581.6856242922,0.11054193800156854,1.5025,False,0.19
goe510,failed,Maximum_Iterations_Exceeded,,,,,,,,,,,,,,,,,,,,,,,,,,,,,,,,,,,1.25
goe511,failed,Maximum_Iterations_Exceeded,,,,,,,,,,,,,,,,,,,,,,,,,,,,,,,,,,,1.27
goe512,ok,,0.044643397982704086,0.77668749855667,4.02382975316033,1.7678399999999999,0.43934264331425354,0.43934264331425354,12.107867371150945,4.200244494960926,0.08045807033546222,1.7786410412246927,11.06107218087212,24.947580593247757,13.886508412375639,0.044643397982704086,11.401924297452375,31.292800305918483,0.585058886032571,28.032073016923626,2.065720448129696,0.009859163438432043,14.646481995907198,1000000.0,909818.119456509,21.368231950091364,0.6984187450348645,18.040515446662212,3.385182291030487,0.010230043382540757,13.151752337210215,1000000.0,621267.6532264726,0.13908445542308195,1.5462785953177258,False,0.19
goe513,failed,Maximum_Iterations_Exceeded,,,,,,,,,,,,,,,,,,,,,,,,,,,,,,,,,,,1.24
goe514,failed,Infeasible_Problem_Detected,,,,,,,,,,,,,,,,,,,,,,,,,,,,,,,,,,,0.67
goe515,ok,,0.05106852690652021,0.8474109579353603,3.688007850658913,1.7678399999999996,0.4793482203906238,0.4793482203906238,10.2599611534678,2.9431753624602903,0.07903777399523407,1.8119196942591538,12.875699747035283,24.947580594762236,12.071880847726955,0.05106852690652021,11.15348599698132,31.292800306798753,0.5362308788289547,26.667615194211532,1.853404969667567,0.005101143157455642,16.410346055785865,1000000.0,992664.1610815399,20.51872760939641,0.6035125838964783,15.255216830575257,2.374915307066624,0.005483974574939526,14.933566289507706,1000000.0,650891.1100684354,0.0845,1.333770568561873,False,0.21
goe517,failed,airfoil 'goe517' not found in the aerosandbox UIUC database,,,,,,,,,,,,,,,,,,,,,,,,,,,,,,,,,,,0.0
goe518,failed,Infeasible_Problem_Detected,,,,,,,,,,,,,,,,,,,,,,,,,,,,,,,,,,,1.45
goe522,failed,Maximum_Iterations_Exceeded,,,,,,,,,,,,,,,,,,,,,,,,,,,,,,,,,,,1.27
goe523,ok,,0.05244448434705465,0.6367442023130834,4.908184879025138,1.7678399999999999,0.36018203135639165,0.36018203135639165,9.864227411715222,2.7478953765203777,0.07242350451030169,1.8531207814107145,13.230232401861096,24.94758059498703,11.717348193125936,0.05244448434705465,9.211687534656997,31.29280030696117,0.7136428114330252,29.025267450468967,-4.691693573475977,0.010741337545039606,15.043107580256565,1000000.0,745887.3920581822,16.56968365124492,1.1954797396354924,16.495447298882834,-0.043463438953628974,0.010228613720185319,10.55956771981784,1000000.0,394950.85146172903,0.16469328199672845,2.1058983277591974,False,0.19
goe525,ok,,0.05244448434705465,0.6367442023130834,4.908184879025138,1.7678399999999999,0.36018203135639165,0.36018203135639165,9.864227411715222,2.7478953765203777,0.07242350451030169,1.8531207814107145,13.230232401861096,24.94758059498703,11.717348193125936,0.05244448434705465,9.211687534656997,31.29280030696117,0.7136428114330252,29.025267450468967,-4.691693573475977,0.010741337545039606,15.043107580256565,1000000.0,745887.3920581822,16.56968365124492,1.1954797396354924,16.495447298882834,-0.043463438953628974,0.010228613720185319,10.55956771981784,1000000.0,394950.85146172903,0.16469328199672845,2.1058983277591974,False,0.19
goe526,ok,,0.047859389995787,0.7786073830559812,4.013907822622452,1.7678399999999996,0.44042864911755664,0.44042864911755664,11.182928477821973,3.582970273163649,0.08041608026663044,1.824842521109142,11.939809595184233,24.947580594115347,13.007770998931115,0.047859389995787,11.30818951508684,31.292800306388976,0.5836162520313473,27.332128596068937,1.6665354619837218,0.006616164445400674,15.933536861646386,1000000.0,912067.0879523763,20.65600982783929,0.6983896905718905,16.731925141087082,2.51133378347637,0.006848297772712141,14.016775535479578,1000000.0,602044.7690182141,0.12290778563650506,1.54,False,0.2
goe527,ok,,0.044789533217351046,0.7453315568071881,4.193111424112799,1.7678399999999994,0.42160577699745927,0.42160577699745927,12.06583798748418,4.182541119125155,0.08117400852236968,1.8078659943691604,11.07387661144117,24.94758059329451,13.87370398185334,0.044789533217351046,11.087205308021987,31.292800305941363,0.609672190250129,27.670548813182705,0.2691463902869746,0.008534897315086633,15.285059178475555,1000000.0,873087.5115751929,20.442527898554733,0.794474631412527,17.773166709238435,1.9607696158775254,0.007562270774584816,13.066707140398625,1000000.0,570358.537387493,0.16523851975934534,1.6534,False,0.2
goe528,ok,,0.0504475505000345,0.7452753817746048,4.193427479327605,1.7678399999999999,0.4215740009133207,0.4215740009133207,10.438557750734129,3.0977056477702045,0.08117534518777902,1.8350518427444351,12.673971001169535,24.9475805946481,12.273609593478565,0.0504475505000345,10.659497024147221,31.292800306724956,0.609718144212768,28.38680432962627,-0.2830073493292758,0.008719964918212362,15.21471632578778,1000000.0,873021.7077021792,19.362753639710572,0.7834794459600954,16.104334525033153,1.3003561912530872,0.007791256820992203,13.15377032906972,1000000.0,540191.4843883098,0.12444420989897605,1.6536,False,0.2
goe529,ok,,0.05178586521816326,0.8007359585397116,3.902982290566113,1.7678399999999932,0.45294594450839143,0.45294594450839143,10.053650117800387,2.8225080082358036,0.07994663925093226,1.8595021799811027,13.034428194275801,24.94758049205729,11.91315229778149,0.05178586521816326,10.869573332139778,31.29280017107122,0.5674878465528032,28.154963629982337,-0.05886993420758448,0.0080523558904547,15.240723232647529,1000000.0,937988.6790945806,19.484737096409756,0.6989636321413837,15.53779266401118,1.1316282661844903,0.007553140916049542,13.487197890414757,1000000.0,584046.8961439355,0.09697642971387135,1.4698063545150502,False,0.2
goe530,ok,,0.04663037952787766,0.7805433764493255,4.003952067105776,1.7678399999999996,0.4415237671108956,0.4415237671108956,11.53639937499365,3.817961876279499,0.08037400187670511,1.810170960803605,11.60101025801238,24.947580593809633,13.346570335797255,0.04663037952787766,11.251248499925875,31.292800306217178,0.5821686999249687,28.176707902303466,1.547049715896386,0.009214028211420066,14.869604890937273,1000000.0,914334.9265204153,20.718574365909635,0.7104920422291444,17.359292561605017,2.9739240474679196,0.008884965770101004,13.286449557612686,1000000.0,605369.7970487496,0.12893699010869936,1.5337,False,0.2
goe531,failed,Maximum_Iterations_Exceeded,,,,,,,,,,,,,,,,,,,,,,,,,,,,,,,,,,,1.33
goe532,ok,,0.05111766574674249,0.7501551992846454,4.16614890969265,1.7678399999999994,0.424334328493894,0.424334328493894,10.24582852368358,2.9676479619515357,0.08105997785146533,1.8347801767648184,12.866971894321583,24.94758059476998,12.080608700448398,0.05111766574674249,10.800569770838674,31.292800306806274,0.6057518805925229,28.23526838067542,0.587428198455644,0.008180788800583736,15.401346541273435,1000000.0,878737.9660434227,19.62191421732568,0.7460385438755734,15.848394381683029,1.8529355891135233,0.007702180051883647,13.576314415091563,1000000.0,551006.0084159675,0.125,1.636338127090301,False,0.22
goe533,ok,,0.04971520726636306,0.7495405544981162,4.169565271478387,1.7678399999999996,0.4239866472633928,0.4239866472633928,10.649184125897754,3.2367503304597887,0.08107442646979457,1.8314781380669793,12.466918330542384,24.947580594507116,12.480662263964733,0.04971520726636306,10.731829726959495,31.29280030663358,0.6062486145361763,27.857948627428687,0.46539731798540795,0.007466518225979889,15.68870074986797,1000000.0,878017.9660838093,19.532182783403442,0.7784796308759401,16.35057635491504,2.044258999713638,0.0076154447421282,13.189841090383764,1000000.0,548036.8401873463,0.13699999999999998,1.6385,False,0.2
goe534,ok,,0.05269770768136279,0.7007025060907788,4.460178518606739,1.7678399999999996,0.3963608166410868,0.3963608166410868,9.791398838225389,2.680080907482131,0.08024387924702327,1.8399686213443527,13.316213135464611,24.947580595034353,11.631367459569741,0.05269770768136279,10.671058247137111,31.292800306989825,0.6485033502128608,28.423828169809,0.8823981265346502,0.00879607079872758,15.387490699490705,1000000.0,820808.6747842592,19.33195693909972,0.7922309139512431,15.473601001393211,2.203983516701372,0.009003106783921262,13.479708454175757,1000000.0,507076.3178910654,0.14099604482626987,1.8224,False,0.2
goe535,ok,,0.05042143189622081,0.6895375869305018,4.532397254096305,1.7678399999999996,0.3900452455711501,0.3900452455711501,10.446069620293839,3.1199116351712255,0.07887539712722687,1.834924270456296,12.666586703891111,24.947580594641245,12.280993890750135,0.05042143189622081,10.6081645540518,31.292800306721745,0.6590038473839459,28.224113555925605,-0.011397246826457767,0.008923763787491157,15.392785630876617,1000000.0,807729.9967073154,19.27084898425415,0.8554215610793464,16.264664910466546,1.8358969713116808,0.009190892457107873,12.903958099904285,1000000.0,497419.2988172827,0.16050000000000003,1.8681,False,0.2
goe546,ok,,0.05169021884571271,0.7797739741098442,4.007902763320174,1.7678399999999994,0.4410885454056048,0.4410885454056048,10.081158764630048,2.8480622759199536,0.08039070993772125,1.852073025657335,13.01434880458142,24.947580594868803,11.933231790287383,0.05169021884571271,11.030554405230774,31.29280030687405,0.5827431253030652,27.04921141259124,1.192727364262582,0.005217451978258579,16.562469738927582,1000000.0,913433.6423153423,19.85262685365916,0.6925636566544479,15.349076330777844,2.1154745798182746,0.005692761351230558,14.422695839225801,1000000.0,579496.1485911434,0.104,1.5362,False,0.2
goe547,ok,,0.048701789957292435,0.8278896320326755,3.7749696875979817,1.7678399999999992,0.4683057471449203,0.4683057471449203,10.940649117344153,3.4041595631358694,0.07940556054281268,1.8219027902464144,12.185028686724495,24.947580594315063,12.762551907590566,0.048701789957292435,11.07001032833259,31.292800306496588,0.5488750011130873,27.29796691861695,0.6244985724967749,0.006078493737058918,16.00034158532423,1000000.0,969796.719462026,20.253569304202298,0.6702985111528482,16.477830032403272,1.8654921466761394,0.006595848394386962,13.766412785431434,1000000.0,627679.366379186,0.10504743315859986,1.3888,False,0.2
goe548,failed,Maximum_Iterations_Exceeded,,,,,,,,,,,,,,,,,,,,,,,,,,,,,,,,,,,1.31
goe549,ok,,0.046176479179808085,0.8000253854734741,3.906448873182189,1.7678399999999999,0.4525440002904529,0.4525440002904529,11.666943880056003,3.898285758637628,0.07996163086135596,1.812451312024486,11.468185401608993,24.94758059368948,13.479395192080489,0.046176479179808085,11.141834863284844,31.29280030615121,0.5679918799493431,27.572151354476787,0.7717312462806697,0.007434066739638675,15.500862453967686,1000000.0,937156.3120134986,20.491281226638026,0.7157061168662606,17.305585836061272,1.931234720878314,0.007041070164812312,13.398409214231233,1000000.0,613672.5813896784,0.13849999999999998,1.472,False,0.2
goe54,failed,too few converged polar points,,,,,,,,,,,,,,,,,,,,,,,,,,,,,,,,,,,0.01
goe550,ok,,0.048466422793229026,0.7810057471715424,4.001581648942152,1.7678399999999994,0.4417853126818845,0.4417853126818845,11.008342147475839,3.46576684591488,0.08036397659823957,1.8218762962800137,12.117362150489956,24.947580594245807,12.830218443755852,0.048466422793229026,10.998501955437066,31.2928003064714,0.5818240446357472,27.8304482541677,0.7677999142516343,0.00762821591049548,15.495450619801996,1000000.0,914876.5513921143,20.123030998124086,0.7236013108462988,16.751973977871767,2.108542225171777,0.007941186401614706,13.345852222238234,1000000.0,588317.0896441998,0.1295,1.5322,False,0.2
goe553,ok,,0.04987300107778907,0.7470580360595066,4.183420985717176,1.7678399999999996,0.42258238079210036,0.42258238079210036,10.603801664511794,3.2072956081069717,0.08113302551820983,1.8282132239156677,12.515565706110781,24.947580594538245,12.432014888427462,0.04987300107778907,10.95682759320427,31.292800306653497,0.6082632148634745,27.791704525758643,0.5101515818122577,0.00745452700348733,15.703607294692981,1000000.0,875109.9235813251,19.977297049514707,0.743738122283347,16.227395087488595,1.7520464379162564,0.007674826515154521,13.661784750035594,1000000.0,558669.4294867929,0.13675548533903803,1.6472678929765885,False,0.2
goe559,failed,too few converged polar points,,,,,,,,,,,,,,,,,,,,,,,,,,,,,,,,,,,0.01
goe55,ok,,0.0598146031595255,0.7518772588015232,4.156606984737903,1.7678399999999999,0.4253084322119215,0.4253084322119215,7.744536344781576,1.2995622716682407,0.08101962269844339,1.8497330066275017,15.353311244523416,24.947580595932493,9.594269351409078,0.0598146031595255,10.893318831129143,31.29280030769636,0.6043644988313307,29.32452271243126,3.7095594304800095,0.008834978717011008,15.141688455295835,1000000.0,880755.2007403265,19.630434576411698,0.5906244849451984,13.489288060580593,3.5883980367285395,0.008629829710669525,15.416287541694357,1000000.0,552510.7109610452,0.061621737042225344,1.6303,False,0.21
goe561,failed,Infeasible_Problem_Detected,,,,,,,,,,,,,,,,,,,,,,,,,,,,,,,,,,,1.29
goe562,ok,,0.04445563175415547,0.8019908450374631,3.8968752385870538,1.7678399999999992,0.4536557861783099,0.4536557861783099,12.161870082319735,4.227549178912183,0.0799211001323152,1.8037663616372335,10.981944149299567,24.947580593256536,13.965636443956969,0.04445563175415547,11.425829295620696,31.292800305869285,0.5665998876592339,27.75482411203791,0.9044863309380066,0.00966178948093234,14.603564434822228,1000000.0,939458.6674925543,21.114762123349053,0.696667022729971,17.846174772722417,2.065175751347719,0.009529760242188837,13.002534487505267,1000000.0,633898.0882162608,0.14098590303091496,1.465941806020067,False,0.2
goe563,ok,,0.05119018046901285,0.8341107977448767,3.7468143009891812,1.7678399999999996,0.47182482450045077,0.47182482450045077,10.224972847822622,2.924770988397827,0.07928648570221473,1.8261956762413205,12.89641207071643,24.947580594780373,12.051168524063943,0.05119018046901285,11.300728106601849,31.292800306814947,0.5447812496030731,27.274887814824087,2.0996919041529742,0.005367836253261163,16.319229638710908,1000000.0,977084.2441195562,20.62708513591678,0.6056699292278669,15.674430471024033,2.703356396001787,0.006053178059320495,14.888500121699005,1000000.0,644058.6873277606,0.08891878556803798,1.3709832775919732,False,0.2
goe564,ok,,0.05176976343864891,0.8380042115389333,3.729406395059383,1.7678399999999983,0.4740271809320607,0.4740271809320607,10.058281255151204,2.812211949863545,0.07921286163800548,1.8301573180150366,13.059142021725071,24.947580594891313,11.88843857316624,0.05176976343864891,11.176148881356951,31.292800306879517,0.5422501658653983,27.294886081882115,1.6012109558772027,0.00542446045167234,16.279269175442966,1000000.0,981645.0210403032,20.355534050443357,0.6106887680134065,15.426682144086213,2.138686874684536,0.005971001718800045,14.77278181701478,1000000.0,638546.5172588336,0.082,1.359967558528428,False,0.21
goe565,ok,,0.053119838179954165,0.8149283848031262,3.835009706227142,1.767839999999999,0.46097406145529385,0.46097406145529385,9.669991535357386,2.5617227537264,0.07965949108925877,1.8183886835044183,13.459200376241686,24.94758059510349,11.488380218861804,0.053119838179954165,11.054877164953686,31.292800307035662,0.5576047308894079,26.78182879513517,1.8301236291073733,0.00537662309954362,16.37557385557259,1000000.0,954613.8079441265,20.264969136757212,0.6122852220890579,14.608883452607962,2.33689010840514,0.005831939248028863,15.153374624359001,1000000.0,618200.3261357391,0.08399999999999999,1.4267933110367894,False,0.19
goe566,ok,,0.05177995333499268,0.8258247557137,3.7844085491225856,1.7678399999999992,0.4671377249715474,0.4671377249715474,10.055350578884466,2.8147099785478327,0.07944548278595477,1.814921932819737,13.077308083182745,24.94758059488695,11.870272511704204,0.05177995333499268,11.124086408237105,31.292800306882963,0.5502473975971685,27.255164947577118,2.015770955807433,0.005870872071931315,16.104688151877227,1000000.0,967377.9063825192,20.430789532554474,0.6141985823122127,15.393452054175228,2.715032402130817,0.006646184795263285,14.658078212464227,1000000.0,631592.3857858514,0.08650000000000001,1.3947729096989967,False,0.2
goe567,ok,,0.046975257862419156,0.7741575013404174,4.036979891286671,1.7678399999999996,0.43791151990022714,0.43791151990022714,11.437210265131597,3.753991145145421,0.08051368635394379,1.8161006346775643,11.694269694088138,24.9475805938973,13.253310899809161,0.046975257862419156,10.840919515544694,31.292800306266443,0.5869708966404501,27.58898506138991,-0.43937633839281204,0.007429837391124105,15.604972452290685,1000000.0,906854.459933256,19.897795141492665,0.7712434153109584,17.235746160696166,1.233216667814595,0.007698185760684871,12.894948253462061,1000000.0,576631.1768297538,0.14740031914355506,1.5546,False,0.2
goe570,failed,Infeasible_Problem_Detected,,,,,,,,,,,,,,,,,,,,,,,,,,,,,,,,,,,1.5
goe571,failed,Maximum_Iterations_Exceeded,,,,,,,,,,,,,,,,,,,,,,,,,,,,,,,,,,,1.56
goe572,failed,Maximum_Iterations_Exceeded,,,,,,,,,,,,,,,,,,,,,,,,,,,,,,,,,,,1.57
goe573,ok,,0.045483187969968385,0.7873967277606759,3.9691024300902362,1.7678399999999996,0.4454004478689678,0.4454004478689678,11.866338655217154,4.035584778258743,0.0802266121533113,1.8031279003462273,11.27811403793442,24.947580593497804,13.669466555563382,0.045483187969968385,11.309110821744255,31.292800306047916,0.5771016143210332,28.37998103987989,0.5553886126327265,0.010011710969289267,14.540702050731658,1000000.0,922362.998569778,20.906468179679578,0.7084397769086048,17.849490026283217,2.0013943728600183,0.009789309272261711,12.99619891448205,1000000.0,616223.300283741,0.140975884940012,1.5116471571906356,False,0.23
goe574,ok,,0.04305922769687248,0.8564414140141647,3.6491209024465885,1.7678400000000003,0.48445640669640044,0.48445640669640044,11.254356928344666,3.5783191378189056,0.10326770029764497,1.805800987519425,10.578295209897295,23.638453125761387,13.060157915864092,0.04305922769687248,11.597479423390977,31.29280030566061,0.502734690397141,24.247338408267826,0.6120904628127789,0.0028217471955732758,18.403154351276196,1000000.0,1003242.511517991,21.407821244876104,0.5934882795616456,15.914046718352036,1.2036858436781055,0.0026477205668551523,16.133466680938117,1000000.0,686331.5568454464,0.10249280080993702,1.1879892976588629,False,0.25
goe575,ok,,0.0438980161302652,0.781159992413589,4.0007915100000595,1.7678399999999994,0.4418725633618366,0.4418725633618366,12.322243732400862,4.341648877071349,0.08036063492533643,1.7940447081097002,10.83129215249611,24.94758059300667,14.116288440510562,0.0438980161302652,11.323106393519547,31.29280030579947,0.5817091596000046,28.068202591980732,2.402418065847041,0.009724988810708764,14.67520172938644,1000000.0,915057.2355167544,21.03832073291374,0.7282235249150852,18.539569316538095,2.7528272537228258,0.010805778432007307,12.623887029554265,1000000.0,615197.9823361172,0.13345405396161394,1.5317,False,0.23
goe57,ok,,0.05693210493671821,0.7875369359207557,3.9683957958696587,1.7678399999999999,0.4454797583043464,0.4454797583043464,8.573560392994873,1.8403512133458308,0.08022362358053096,1.8428703366689971,14.531149865951878,24.947580595615747,10.416430729663869,0.05693210493671821,9.362824714260707,31.292800307431484,0.5769988707499865,28.984911382229924,0.1777287149452864,0.008871753865193288,14.970083783179653,1000000.0,922527.2396016646,16.935220613846127,0.8225694943550739,14.263724726154097,2.579530640025251,0.009526914013281887,11.779640241902024,1000000.0,499258.6847916721,0.06282839210310937,1.5112,False,0.23
goe584,failed,airfoil 'goe584' not found in the aerosandbox UIUC database,,,,,,,,,,,,,,,,,,,,,,,,,,,,,,,,,,,0.0
goe585,ok,,0.05368393472577655,0.804179411707215,3.886269929449302,1.767839999999994,0.4548937752891764,0.4548937752891764,9.50775393252956,2.4573706734365195,0.07987624897511626,1.816835209418159,13.622991453286497,24.947580595234214,11.324589141947719,0.05368393472577655,10.86436747245375,31.292800307082768,0.5650578914200544,26.930200108464458,1.6593846710566882,0.005870885164133718,16.177541594057903,1000000.0,942022.3725140083,19.932769936306002,0.6321796532850612,14.439147272207773,2.1392270796549857,0.006341323116685702,14.800859791281036,1000000.0,600045.8585333091,0.082,1.4592307692307693,False,0.19
goe587,ok,,0.04093560440683742,0.8567571741848883,3.6477760090448825,1.7678399999911538,0.4846350202445784,0.4846350202445784,8.974244442974923,2.0551488012398518,0.10623799930200867,1.7978413641076818,9.97548783837248,20.747573645455084,10.772085807082604,0.04093560440683742,11.835221226932118,31.292800305280302,0.4410898107230009,22.840368213785577,1.7828093328037855,0.005599222895061523,18.03074079862849,1000000.0,1003612.3955700528,21.943391786787345,0.4657371248574725,14.276938669612598,1.9487104601539584,0.005738775581883126,17.397832585312123,1000000.0,703761.241666627,0.05799987,0.9197,False,0.21
goe590,failed,too few converged polar points,,,,,,,,,,,,,,,,,,,,,,,,,,,,,,,,,,,0.01
goe591,ok,,0.04859614073357152,0.8114022611504081,3.8516755686248647,1.7678399999999999,0.4589794671182959,0.4589794671182959,10.971034477658687,3.4303398744731677,0.07972997734471803,1.4958304995062697,12.480715617134551,24.94758059429951,12.466864977164956,0.04859614073357152,8.877142146203157,31.29280030646526,0.56002792259909,30.31485031064136,0.2507673331485616,0.007379947792170632,15.479390269484904,1000000.0,950483.2776984099,19.781969835782963,0.7003067131466457,17.604954170303706,1.4259843643839218,0.006822730241056697,13.504807335086422,1000000.0,600854.8721975957,0.112,1.4373394648829432,False,0.21
goe592,ok,,0.04622764234044587,0.7550636655822022,4.139065893457111,1.7678399999999999,0.42711086160636835,0.42711086160636835,11.65222904339573,3.9036549369203963,0.08094543693171584,1.8209645355704094,11.474387014739094,24.947580593705233,13.47319357896614,0.04622764234044587,10.518664948300737,31.29280030615871,0.6018140501463124,28.187445178591066,-1.7298553118619364,0.00902947668730944,15.05389932498335,1000000.0,884487.7837892578,19.254749782017416,0.8584550047059988,17.863520868219876,0.8067783477958671,0.008791647464639424,11.962426824576289,1000000.0,544233.523222321,0.14253484917073928,1.6192,False,0.2
goe593,ok,,0.04841583910241352,0.7808207331750331,4.0025298161484955,1.7678399999999996,0.44168065728518036,0.44168065728518036,11.022890325091327,3.475528417443712,0.08036798086837281,1.8210425412949895,12.103647727849939,24.947580594236257,12.843932866386316,0.04841583910241352,11.087558723820099,31.2928003064645,0.5819619067431429,27.003817548853135,0.9962890126468317,0.0057851611748995614,16.295935024953216,1000000.0,914659.824475755,20.2952584804077,0.7123014594101327,16.467663674813398,1.8807867999796166,0.00636590017000064,13.91235511101209,1000000.0,593211.7732379792,0.11900000000000001,1.5328,False,0.2
goe595,ok,,0.048459021011160446,0.8567571804648608,3.647775982326423,1.7678399999958776,0.48463502379562556,0.48463502379562556,10.89900169825347,3.3383202429528516,0.10623805519616313,1.7986349634690324,12.138474685768992,24.836111347491496,12.697636661722502,0.048459021011160446,11.261494416137545,31.29280030628792,0.5280114079734499,26.807638816529796,1.2445121450501326,0.00518045920993464,16.391910933116133,1000000.0,1003612.4029560986,20.87044646794713,0.6068872047801692,16.24214749234396,1.7264747636092335,0.005750749511883488,14.63747055551066,1000000.0,669350.0973210831,0.0955,1.2979979933110368,False,0.2
goe596,ok,,0.05227237914287244,0.7853477695049953,3.9794577471963137,1.7678399999999996,0.4442414299399241,0.4442414299399241,9.913725916849748,2.734544080596698,0.08027040795769219,1.8393454740041677,13.1945092041115,24.947580594965416,11.753071390853915,0.05227237914287244,10.790998704487158,31.29280030694151,0.5786072620910078,28.126594770418095,1.3942063404141891,0.0071997037862902066,15.657447994867296,1000000.0,919962.8320548072,19.555867122296984,0.6979776598896523,15.280325006310722,2.2609751685621977,0.006039073127714213,14.147153986723096,1000000.0,574914.0608910305,0.0975,1.5182,False,0.19
goe598,failed,Infeasible_Problem_Detected,,,,,,,,,,,,,,,,,,,,,,,,,,,,,,,,,,,0.25
goe599,ok,,0.048543894270583345,0.8480510698991884,3.6852241292160763,1.7678399999999996,0.47971030743686566,0.47971030743686566,10.98606087866492,3.4270027400221914,0.07902600092247432,1.769512004106816,12.192007711492865,24.9475805942646,12.755572882771737,0.048543894270583345,11.244392623813477,31.292800306480416,0.5358261298546271,27.990603228783915,2.9681638539189352,0.008631862811046694,14.807432168082233,1000000.0,993413.9934870071,21.18172053032446,0.5979457890800969,16.68125188370952,3.57946650414412,0.00922501894637339,13.73366135678734,1000000.0,672429.9958734508,0.09970389865016702,1.3320090301003344,False,0.2
goe600,ok,,0.04575968296945799,0.8047457793996238,3.883534832492791,1.7678399999999996,0.45521414799960624,0.45521414799960624,11.786817009100801,3.9765469831702465,0.07986470935898965,1.816206138992504,11.34455744550124,24.947580593594544,13.603023148093305,0.04575968296945799,11.637575034444236,31.29280030608225,0.5646602123734005,26.235809585236538,3.0767576687704303,0.005941895041571026,16.14278917649094,1000000.0,942685.8202537918,21.358763164956404,0.6608925358651364,16.914234913055648,3.780540964904201,0.006779505433492904,14.195211217269183,1000000.0,643426.0589279996,0.13074367630221662,1.4575,False,0.2
goe601,failed,Maximum_Iterations_Exceeded,,,,,,,,,,,,,,,,,,,,,,,,,,,,,,,,,,,1.23
goe602,ok,,0.04752318371941765,0.856757179221723,3.6477759876362397,1.7678399999999885,0.4846350230913027,0.4846350230913027,10.963837717216697,3.381544265268753,0.10623804620805988,1.8166790204579137,11.85127812264441,24.63179486031902,12.78051673767461,0.04752318371941765,11.370565872978524,31.29280030634325,0.5236676757468116,26.61861453864038,0.7894584810741163,0.005218034661630984,16.464243875491476,1000000.0,1003612.4014993174,20.863281744569363,0.6112681014584409,16.298447309427672,1.5146918202168969,0.0054987497636250346,14.649352245214997,1000000.0,669120.3116960974,0.0995,1.279093311036789,False,0.2
goe602m,ok,,0.05021604726751648,0.8498074286677162,3.677607608702142,1.7678399999999987,0.48070381293992487,0.48070381293992487,10.505139490644856,3.1057313511721105,0.0789937881796651,1.8395672588796164,12.602873845089178,24.94758059461365,12.344706749524473,0.05021604726751648,11.18954277736813,31.292800306691483,0.5347186990535777,27.45141975159287,0.5976357560645029,0.006035030580421098,15.946274588583385,1000000.0,995471.4065908442,20.275679372156787,0.6302541913013916,15.887856043566398,1.4672092191850938,0.005921998506572608,14.284058016643176,1000000.0,645000.091598382,0.096,1.3271892976588628,False,0.19
goe604,failed,Maximum_Iterations_Exceeded,,,,,,,,,,,,,,,,,,,,,,,,,,,,,,,,,,,1.26
goe610b,ok,,0.05241976632192807,0.8493966643874181,3.679386082654232,1.7678399999999983,0.4804714591747098,0.4804714591747098,9.871336466328325,2.6833498259684894,0.07900130931081346,1.8267858567589803,13.249458271910582,24.947580594997888,11.698122323087304,0.05241976632192807,10.975637785761766,31.292800306954554,0.5349772865312019,26.297042677552046,0.37790268194836496,0.0030531161983488315,17.503568223416515,1000000.0,994990.2339451566,20.02722932767894,0.6124493573821441,14.644930742870363,1.1200665033942452,0.002886452571586984,15.727201125107264,1000000.0,636788.5711267581,0.0779302418307185,1.3283147157190636,False,0.22
goe610bm,ok,,0.05554577245810529,0.7818703065446612,3.9971568678845433,1.7678399999999959,0.4422743611099777,0.4422743611099777,8.97227805897433,2.1080971450693093,0.08034519782799704,1.8501508541425826,14.125151682347076,24.94758059546399,10.822428913116912,0.05554577245810529,10.211939335825907,31.292800307292087,0.5811806880214673,28.96845416959558,0.11939035971933121,0.008899379885238893,14.984237997714573,1000000.0,915889.3033716975,18.39839043928202,0.7293511595943083,14.559974436485366,1.4118929252337402,0.008796009764977296,13.055730363375226,1000000.0,538490.9256161324,0.077,1.5294,False,0.2
goe611,ok,,0.04672247254963614,0.78193275423429,3.9968376419535177,1.7678399999999996,0.44230968539816395,0.44230968539816395,11.50991286094583,3.7998324620168105,0.08034391242793704,1.8105336304396085,11.627134102447933,24.947580593833372,13.32044649138544,0.04672247254963614,10.663810948338785,31.292800306230376,0.581134273045739,28.461811075587118,-0.6196802757924036,0.009749547932255622,14.66254962674873,1000000.0,915962.4550775148,19.63290595482163,0.7882909153332839,17.546461959966962,1.2564610613838518,0.009221079528199422,12.277029684745488,1000000.0,574669.0792355831,0.128990028,1.5291979933110367,False,0.22
goe612,ok,,0.04650951911949854,0.7465695556454603,4.186158197809178,1.7678399999999996,0.42230606595928394,0.42230606595928394,11.571159564673216,3.852357957551234,0.08114460180364222,1.813876870809777,11.562544158296927,24.947580593779918,13.385036435482993,0.04650951911949854,11.109639690804325,31.292800306199737,0.6086612014464583,27.43790287796789,0.772396141953985,0.007504547911015929,15.685338408491306,1000000.0,874537.7135967631,20.416012188384464,0.7672091382970023,17.267128677734632,2.2818745627704953,0.007761389780842163,13.344737832484224,1000000.0,570564.8725996582,0.15004437003719137,1.649,False,0.21
goe613,ok,,0.04817262127310987,0.842369758084039,3.710078900159433,1.7678399999999996,0.4764966049439085,0.4764966049439085,11.092841254379731,3.500304595212494,0.0791311199034859,1.822777743938568,12.031961595860142,24.94758059417844,12.9156189983183,0.04817262127310987,10.887679765611505,31.292800306432017,0.5394399767348872,28.22859746883005,0.8091525696335483,0.008080753364922469,15.059311081163386,1000000.0,986758.8581300083,19.91041749662422,0.6898553593558155,16.760814500682933,1.7482479660740735,0.0070156606371950475,13.169523438534636,1000000.0,627837.0948419849,0.103,1.3477371237458196,False,0.2
goe614,failed,Maximum_Iterations_Exceeded,,,,,,,,,,,,,,,,,,,,,,,,,,,,,,,,,,,1.46
goe615,ok,,0.047028944752958456,0.770147884624216,4.057997597597674,1.7678399999999996,0.43564343188536075,0.43564343188536075,11.421769588375344,3.745039855653373,0.08060257649845709,1.8023531218697588,11.723457883665736,24.94758059391084,13.224122710245103,0.047028944752958456,10.835574331502487,31.292800306274053,0.5900268400067912,27.981999617930164,0.10546468590450463,0.008512466175937832,15.185692372013145,1000000.0,902157.5619567531,20.03968071891424,0.7626362873146764,17.227893197731053,1.7135320982066558,0.008294567249936668,12.929203976189726,1000000.0,577735.1123204747,0.13643562383061464,1.5679,False,0.21
goe617,failed,Maximum_Iterations_Exceeded,,,,,,,,,,,,,,,,,,,,,,,,,,,,,,,,,,,1.22
goe619,ok,,0.045783098942748665,0.7969385650272721,3.9215799093535506,1.7678399999999996,0.4507979031062043,0.4507979031062043,11.780082432527152,3.974786999765029,0.08002562473000069,1.809244505965348,11.358253655089566,24.947580593582067,13.5893269384925,0.045783098942748665,11.163358854511138,31.292800306092982,0.5701919101963159,27.544297064280464,0.5778326054154848,0.0075356866385040185,15.470234835404131,1000000.0,933540.385170267,20.56725669693231,0.7189963483793254,17.579233272771724,2.080557190310235,0.007925069248432212,13.180975575479358,1000000.0,613571.3183524667,0.13763539626981464,1.48157491638796,False,0.19
goe620,failed,Maximum_Iterations_Exceeded,,,,,,,,,,,,,,,,,,,,,,,,,,,,,,,,,,,1.23
goe621,ok,,0.04631119126626963,0.7497394620124722,4.168459076718586,1.7678399999999996,0.4240991616958958,0.4240991616958958,11.628199863387124,3.88936322752224,0.08106970478915837,1.8057541137441202,11.513626616597032,24.947580593728276,13.433953977131244,0.04631119126626963,11.069570972120397,31.292800306170925,0.606087775455583,27.356594077889085,0.7472490914696122,0.007507600003984408,15.671232255661963,1000000.0,878250.9679679809,20.433883897160875,0.7654167474598422,17.281701030618628,2.2993756797553853,0.00778780410785058,13.312521819477823,1000000.0,573489.0497635624,0.15004437003719137,1.6378,False,0.19
goe622,ok,,0.04843177004207672,0.8567571800832584,3.6477759839560724,1.7678399999970693,0.4846350235794409,0.4846350235794409,10.015003797793351,2.748988311391682,0.10623805420887511,1.8277211057318987,12.101550998713154,23.944275902238402,11.84272490352525,0.04843177004207672,10.787907022751153,31.292800306456243,0.5090511417268088,26.39356396985283,2.1527345813815635,0.005471074398078552,16.637911585729498,1000000.0,1003612.4025138082,19.674604600813733,0.6369248302179019,15.546097546292371,3.370187202527552,0.00659528961495795,13.867845080830064,1000000.0,630997.4498465713,0.08,1.2154795986622073,False,0.19
goe623,ok,,0.048976982328408095,0.7740363025479944,4.037612002579447,1.7678399999999996,0.43784296234274284,0.43784296234274284,10.861502115033115,3.370226413826655,0.08051635981837905,1.8233801732784778,12.26269830604407,24.947580594355664,12.684882288311593,0.048976982328408095,11.130134310841962,31.292800306538705,0.5870628046867108,27.2328120243053,1.5587992700900886,0.006081440990624298,16.18560239895117,1000000.0,906712.4866795578,20.347072018502384,0.7060372017248848,16.316982916776123,2.5547171969183307,0.006354026491472103,14.115238207871576,1000000.0,589558.7510808164,0.12,1.555,False,0.19
goe624,ok,,0.0468460296788083,0.7149643009722162,4.371208830077583,1.7678399999999994,0.4044281727827272,0.4044281727827272,11.474377077942842,3.79773163091555,0.08192370016905398,1.8162095944502588,11.65699392147456,24.947580593867663,13.2905866723931,0.0468460296788083,11.083167006804219,31.29280030624807,0.6355672892825559,27.491481108909344,0.9611392853314749,0.007856079421689479,15.677681282498725,1000000.0,837515.0585077541,20.341204085458614,0.8013325758071237,17.092295586806745,2.41257352881134,0.0076377160449470115,13.446704495799239,1000000.0,544408.4442116718,0.16,1.7661,False,0.2
goe625,failed,Infeasible_Problem_Detected,,,,,,,,,,,,,,,,,,,,,,,,,,,,,,,,,,,1.11
goe626,ok,,0.04581661271216638,0.7650532893135525,4.085020362966024,1.7678399999999999,0.432761612653607,0.432761612653607,11.770443668293705,3.979182942498029,0.08071686337582094,1.8108919825944678,11.366244942704718,24.94758059359289,13.581335650888173,0.04581661271216638,10.910705831074592,31.292800306097984,0.5939559100644904,27.972594601159727,-0.1279755560774093,0.008842790630045819,15.08018937127024,1000000.0,896189.7111319073,20.083483601716186,0.7850169332019233,17.855768803682118,1.6918413647928785,0.00948007779422714,12.493381291651596,1000000.0,575167.808297331,0.16557169856471876,1.585,False,0.2
goe627,ok,,0.04246295893764653,0.7491500479140288,4.171738724840294,1.7678399999996934,0.42376575250823534,0.42376575250823534,12.21260689040753,4.279158279238038,0.08108361806329294,1.7937014441429202,10.418904225760514,24.425212560310964,14.00630833455045,0.04246295893764653,11.456220602303866,31.29280030555843,0.593864002133682,26.930905297109902,2.2880600765750194,0.008464664740677155,15.479637691007506,1000000.0,877560.5234315998,21.289720277794913,0.735734761789051,18.136540602913467,3.3191542552639817,0.00951355698563146,13.2791780597905,1000000.0,597038.867990841,0.1575,1.5846,False,0.2
goe628,ok,,0.04774072294495598,0.709653636054608,4.40392059846997,1.7678399999999999,0.40142413117397957,0.40142413117397957,11.217057844508794,3.6278012248269613,0.0812648903333773,1.8204368497888197,11.910085899787406,24.947580594085018,13.037494694297614,0.04774072294495598,10.907706641249677,31.292800306373255,0.6403235319547372,27.869678344953407,0.48232943603479206,0.00863468815500065,15.406162676576217,1000000.0,831294.1019778126,19.972690698782966,0.8214495151751382,17.137740772718466,2.3106173855861325,0.009473154010554853,12.902788645723275,1000000.0,530575.0784835931,0.16711678739234226,1.7868,False,0.19
goe629,ok,,0.04365745434658848,0.8229631519554662,3.797567677451862,1.7678399999999954,0.4655190243209048,0.4655190243209048,12.39143056562076,4.3731313988126095,0.07950105005232477,1.7952404712029555,10.760909416734306,24.94758045355802,14.186671036823716,0.04365745434658848,11.550978549187116,31.29280015180236,0.5521607176963679,26.770902810545806,2.399408707390155,0.00636794697026581,15.883861060752686,1000000.0,964025.7954427964,21.44741189174698,0.6684310895711449,17.884904677425624,3.1937021239946817,0.00676579951808045,13.816985230503755,1000000.0,660722.5370957996,0.13616906662120767,1.4031,False,0.19
goe630,ok,,0.051665515605418266,0.7126071923725308,4.385667586647375,1.7678399999999996,0.4030948458981191,0.4030948458981191,10.088263567023642,2.874373162843867,0.08156289076825166,1.8417769146572442,13.017540113185202,24.94758059486609,11.930040481680885,0.051665515605418266,10.36450298307893,31.292800306871193,0.637669571071697,28.762362418070026,-1.2196730508253353,0.009694767162692125,15.00878602663623,1000000.0,834753.9221374401,18.758158494650928,0.8486285368038814,15.947933760791493,0.9224447441715911,0.009316600064789531,12.592048676127419,1000000.0,500384.9518717365,0.12542822445289234,1.7752494983277594,False,0.19
goe632,failed,Infeasible_Problem_Detected,,,,,,,,,,,,,,,,,,,,,,,,,,,,,,,,,,,1.15
goe633,ok,,0.04649674149543196,0.784040101849059,3.9860949181419096,1.7678399999999999,0.4435017319718182,0.4435017319718182,11.574834487189305,3.8423961272288714,0.08029847731688335,1.785108643374739,11.58763746321153,24.947580593775577,13.359943130564044,0.04649674149543196,11.296762093020261,31.292800306197755,0.5795722969154552,27.21103732621404,2.8920967755649865,0.007809423504582181,15.408637155136917,1000000.0,918431.0193929553,21.09444362569027,0.683024839726895,16.941396338140155,3.7006896459395544,0.007890345747949369,13.85897823036792,1000000.0,619113.3798541139,0.13760317875604874,1.5224,False,0.19
goe63,failed,too few converged polar points,,,,,,,,,,,,,,,,,,,,,,,,,,,,,,,,,,,0.01
goe645,ok,,0.04647378310629304,0.760522516883415,4.109356654431689,1.7678399999999994,0.43019872662877595,0.43019872662877595,11.581437459762572,3.8546736897982967,0.08081974166100789,1.8099440150108912,11.556199119000832,24.947580593774298,13.391381474773464,0.04647378310629304,11.083594413829235,31.292800306194188,0.5974943707974386,27.955472736712064,0.9698734436297111,0.008798895116093526,15.117036930359006,1000000.0,890882.3270712269,20.412407459211828,0.7537566646666057,17.495764252995457,2.4590614120940275,0.009178294157082205,12.978605905955037,1000000.0,581125.7823030015,0.15457721321659293,1.6004,False,0.19
goe646,failed,Infeasible_Problem_Detected,,,,,,,,,,,,,,,,,,,,,,,,,,,,,,,,,,,0.82
goe647,ok,,0.04763895222549224,0.7117479136805209,4.390962313382796,1.7678399999999996,0.4026087845509328,0.4026087845509328,11.246327723371097,3.6466774196996603,0.08147655920523451,1.8181389674845345,11.883113903205356,24.947580594060987,13.064466690855632,0.04763895222549224,11.028812935567535,31.292800306359254,0.6384394164967709,28.004019154645558,1.1487645760235412,0.009131019302796608,15.214609981101782,1000000.0,833747.3560014794,20.219966923698767,0.8007757620495228,17.1110944737695,2.5853332333892434,0.009498721684926449,13.095558525169194,1000000.0,538729.1580180282,0.1625272135064058,1.7786,False,0.19
goe648,ok,,0.04663404149539614,0.7403371964624389,4.221398412147131,1.7678399999999996,0.41878065688209287,0.41878065688209287,11.535346170830085,3.830475503660745,0.08129363968069746,1.8117094884131277,11.600524934569208,24.947580593812418,13.347055659243212,0.04663404149539614,11.199995109810406,31.292800306217707,0.6137850764136763,27.71625969769141,2.0768830329797887,0.00839930969749477,15.358941329630401,1000000.0,867237.0768260213,20.606679642331358,0.757262028479931,17.313280457941797,2.863580004191805,0.00872074178989329,13.340242481339478,1000000.0,571085.8868886491,0.15165028481264267,1.6713,False,0.2
goe650,ok,,0.04855285680805768,0.7604055494431273,4.109988765716846,1.7678399999999996,0.4301325625866184,0.4301325625866184,10.983483198290612,3.4560759692474594,0.0808224619365885,1.8232081502891848,12.140889245685674,24.94758059426547,12.806691348579797,0.04855285680805768,10.990248652083872,31.292800306482896,0.5975862788428024,27.490493880930554,0.6544081087182779,0.006890966452631203,15.884225658114401,1000000.0,890745.3104585273,20.093241777030364,0.7440428768826595,16.665969208457568,2.227015202354298,0.007586212830012286,13.472876518494562,1000000.0,571951.398069391,0.1341641556541305,1.6008,False,0.2
goe652,ok,,0.05432541648150054,0.6325686902774077,4.94058323409817,1.7678399999999996,0.3578201026548827,0.3578201026548827,9.323259871837816,2.388497538362322,0.0719132076671687,1.831956312351079,13.79236441108109,24.947580595269983,11.155216184188895,0.05432541648150054,9.178267102444691,31.292800307167703,0.718353484271023,28.280431843968937,-3.5769189215024886,0.009012066862498112,15.632411853309707,1000000.0,740996.1629455027,16.700302004228426,1.1277892927271682,15.28090740692899,-0.07506176367659767,0.009164278248570377,11.253651828513856,1000000.0,395453.8930263092,0.17049999999999998,2.1264,False,0.19
goe654,ok,,0.046059138672550314,0.7834546385172106,3.9890736641944633,1.7678399999999994,0.4431705575828191,0.4431705575828191,11.700691724729941,3.9265004961042815,0.08031107576927862,1.8188116701040073,11.428077198825369,24.947580593659318,13.519503394833949,0.046059138672550314,11.199068724979819,31.292800306133742,0.5800054021790635,28.081391902688228,0.424156075699919,0.00888013955020885,14.984719452780885,1000000.0,917745.202832182,20.524515922603115,0.730646578689494,17.40192821966657,1.6327117921379477,0.007677484733923802,13.282313372904278,1000000.0,601936.4148989128,0.145,1.5242849498327757,False,0.19
goe655,ok,,0.046540841135811736,0.7799447069183647,4.007025418440481,1.7678399999999996,0.4411851224762223,0.4411851224762223,11.562151161980584,3.835332693385794,0.08038699842816605,1.8070637470482729,11.578365684758102,24.94758059378696,13.369214909028857,0.046540841135811736,11.216134101964572,31.292800306204228,0.5826155606567508,27.541253502244395,1.2624067581607683,0.0074642919851777645,15.567618700036968,1000000.0,913633.6401109576,20.68942710752998,0.7142520162159077,17.29562287891558,2.1511504214916397,0.00787827797279071,13.500172511136899,1000000.0,604054.4922505784,0.139,1.5356448160535117,False,0.19
goe670,ok,,0.050143621761232667,0.8308604840375424,3.761471782137109,1.7678399999999987,0.46998624538280787,0.46998624538280787,10.52596950744677,3.1266244224917332,0.07934847411875776,1.8189070643352618,12.602704022823486,24.94758059460552,12.344876571782033,0.050143621761232667,11.1880902437447,31.292800306682288,0.5469124256519927,27.423987362456348,1.4916647321259995,0.00623047288617367,15.91943702231076,1000000.0,973276.7999240016,20.503320305397246,0.6304005348317573,15.811846901345698,2.052723931472532,0.005838885880419285,14.590770354819972,1000000.0,637699.5915700309,0.09000000000000001,1.3802585284280937,False,0.19
goe673,ok,,0.04255383892028983,0.8560252568133498,3.6508949247994433,1.7678399999999996,0.48422100236070575,0.48422100236070575,11.421814423535324,3.6939451193862647,0.09944478928752606,1.7972748411705295,10.441468465365254,23.66055773007111,13.219089264705854,0.04255383892028983,11.703037746593711,31.2928003055743,0.5034494370306001,25.15517427092985,1.2726047868210741,0.0051355504311678,16.95719824910974,1000000.0,1002755.0215497708,21.705153228858705,0.5846494726640343,16.562147722270506,1.9813992352396859,0.005340841376065121,15.203902450334834,1000000.0,695525.8456006002,0.10789178850301687,1.1911,False,0.19
goe675,ok,,0.045743881152262585,0.748207760620686,4.176992581589101,1.7678399999999996,0.42323273634530617,0.42323273634530617,11.79136170796996,3.9986320870037457,0.08110583832046343,1.8154655004125195,11.340753385191007,24.947580593573488,13.60682720838248,0.045743881152262585,10.769078295921735,31.292800306087123,0.6073285344234666,27.731342661787245,-0.7513869725889458,0.008190040035844889,15.40605107205071,1000000.0,876456.7203661231,19.772850348803527,0.8296643316145047,17.843852264837388,1.3659145329684401,0.008604824747445793,12.40364631267788,1000000.0,553803.0281563337,0.14901261419703632,1.6432,False,0.19
goe676,ok,,0.04651088259292399,0.818704567626406,3.8173211548834183,1.7678399999999892,0.46311010477555153,0.46311010477555153,11.570766870064867,3.8275542478983926,0.07958402832166617,1.8084237378429933,11.568389620718449,24.947580228626308,13.37919060790786,0.04651088259292399,11.566392254756012,31.292799870636188,0.555032848991447,27.33609852319425,3.605992438700049,0.006833883698447506,15.689527466589832,1000000.0,959037.2461657529,21.31947288812574,0.64129229144387,17.212931258971967,4.241274731539296,0.007317290212393988,14.119022018393244,1000000.0,653382.5241863173,0.119,1.4156,False,0.19
goe677,ok,,0.04458943225308475,0.8487539109305611,3.6821724475749544,1.7678399999999996,0.48010787793610354,0.48010787793610354,12.123388243720344,4.184958207179109,0.07901309440871715,1.7923181002834772,11.031874249225915,24.947580593229738,13.915706344003821,0.04458943225308475,11.725742234942144,31.292800305908955,0.5353824198614998,27.15629579363986,3.7914505286018545,0.007333826414315475,15.355675416702816,1000000.0,994237.3072297134,21.807405417389493,0.6149244902131121,17.646418811041052,4.382819670042777,0.007635629448791811,13.989631242670667,1000000.0,692866.5964023002,0.11950000000000001,1.3300779264214047,False,0.19
goe679,failed,Infeasible_Problem_Detected,,,,,,,,,,,,,,,,,,,,,,,,,,,,,,,,,,,0.82
goe681,ok,,0.04343214548301435,0.7527357944556148,4.1518661509384085,1.7678399999999996,0.42579407325075513,0.42579407325075513,12.456230968390505,4.440413461476039,0.08099956961590475,1.7933010529260427,10.698048571531858,24.947580592848404,14.249532021316547,0.04343214548301435,11.404044723544352,31.292800305723006,0.6036751886204957,27.518714458990388,1.9051680402094728,0.008769200216563036,15.16287309976033,1000000.0,881760.8964063447,21.197490711216474,0.7514419630960638,18.249760396351423,3.3629689610842832,0.00881721442267872,13.202108082022669,1000000.0,597297.7243480848,0.168368106585232,1.6273,False,0.2
goe682,ok,,0.05054283349377244,0.7912233459016598,3.949906536236651,1.7678399999999996,0.4475650205344714,0.4475650205344714,10.411153781304817,3.0641463032717975,0.08014542681352264,1.8316801909863312,12.704746622373197,24.947580594664345,12.242833972291148,0.05054283349377244,10.947698670475528,31.292800306736655,0.574310559789155,27.644115325238182,0.9623019191090144,0.006455654847244269,15.957894047601519,1000000.0,926845.5305317783,19.92287140580723,0.695320959812944,15.82801213485614,1.818146618320252,0.006049465418747273,14.092482338917208,1000000.0,590085.3914264936,0.1065,1.4995,False,0.19
goe683,failed,Maximum_Iterations_Exceeded,,,,,,,,,,,,,,,,,,,,,,,,,,,,,,,,,,,1.22
goe685,ok,,0.04838707982383118,0.7864721041057467,3.9737687443517835,1.7678399999999996,0.4448774233560429,0.4448774233560429,11.031161668799873,3.4791167838706367,0.08024634734976864,1.8183014564214854,12.098117469006848,24.947580594228207,12.849463125221359,0.04838707982383118,11.068864817629322,31.292800306460798,0.5777800895046102,28.042165944705694,1.1749100796430696,0.008198812511736667,15.240556420366755,1000000.0,921279.8868330005,20.291583625180685,0.7077438316339248,16.864617545821144,2.393232346474183,0.008622355607686885,13.302426272100865,1000000.0,597397.0907937301,0.13072457469736917,1.5146,False,0.2
goe692,ok,,0.04415932058902396,0.7407254027510971,4.219186022232542,1.7678399999999996,0.41900025044749367,0.41900025044749367,12.247090978331851,4.30484848923204,0.08128428310497463,1.8049093603908584,10.89558025437282,24.94758059309553,14.05200033872271,0.04415932058902396,11.143727660183302,31.292800305841656,0.6134633981941902,27.396259713217507,0.3603570199401308,0.008039711485333497,15.496751616685302,1000000.0,867691.8248528264,20.580401255846805,0.7988763322330175,17.85631371741433,2.152661450882162,0.006969387922539778,13.21167548211014,1000000.0,570656.692509412,0.161,1.6699,False,0.2
goe693,ok,,0.04800818458653575,0.7803585814497275,4.004900234189756,1.7678399999999996,0.4414192355924335,0.4414192355924335,11.14013424712153,3.5538477928582033,0.08037801196162696,1.8187467168926421,11.988699630129204,24.947580594143375,12.958880964014172,0.04800818458653575,11.209659258112364,31.292800306409774,0.5823065620151814,27.041919159688284,1.6210412071233464,0.005856280409413739,16.26512235968668,1000000.0,914118.4561446676,20.54465886498707,0.7017488991474657,16.58798236284795,2.6323075570025245,0.006249768421141533,14.108691416626959,1000000.0,600146.0930242807,0.12,1.5343,False,0.19
goe701,ok,,0.0470179204871916,0.785784628467127,3.9772453575435933,1.7678399999999996,0.44448854447638203,0.44448854447638203,11.424940234365645,3.741870986250971,0.08026104841237301,1.8105847720479682,11.712055587495277,24.94758059390889,13.235525006413614,0.0470179204871916,11.055344768645325,31.292800306272248,0.578285583912709,27.628304019328972,0.6930311871978783,0.007682723423571255,15.453669149561723,1000000.0,920474.5722139523,20.353175282223926,0.7252364383900483,17.079370716314,2.1272158730129274,0.007632518977497877,13.33048371642828,1000000.0,598686.6029163118,0.12449278790123583,1.5168,False,0.19
goe702,ok,,0.04735550418858417,0.7217483861686468,4.330121584601282,1.7678399999999996,0.4082656723281784,0.4082656723281784,11.327849105431259,3.697966982201233,0.08175340497602301,1.814671333838457,11.805060154723202,24.947580593992917,13.142520439269717,0.04735550418858417,11.160783278545757,31.292800306319933,0.6295932646487753,28.058578062254508,1.9241007269131316,0.00935527690806132,15.0867232026156,1000000.0,845461.9916677343,20.501018688488113,0.7727664779901675,17.15592112002923,3.2578589609953315,0.009447359439083924,13.272501364710333,1000000.0,553892.0110031202,0.1666405232050446,1.7401,False,0.19
goe703,failed,Infeasible_Problem_Detected,,,,,,,,,,,,,,,,,,,,,,,,,,,,,,,,,,,0.38
goe704,failed,Maximum_Iterations_Exceeded,,,,,,,,,,,,,,,,,,,,,,,,,,,,,,,,,,,1.23
goe711,ok,,0.044421717926454656,0.758921257764718,4.1180270464487325,1.7678399999999996,0.4292929551117285,0.4292929551117285,12.171623905693748,4.2486570817134375,0.08085645802815694,1.8119009022747727,10.964055785210444,24.947580593178962,13.983524807968521,0.044421717926454656,10.45558384180465,31.292800305883514,0.5987550329518225,28.699933666403727,-0.8091052909613037,0.010786102252809252,14.401248874345935,1000000.0,889006.5989698851,19.235017817803136,0.8882619755903036,18.89082968199106,1.881244919671868,0.010974688567511819,11.281103289498363,1000000.0,546453.4207287049,0.1485,1.6058866220735788,False,0.19
goe723,ok,,0.051512258518244786,0.7617235115851962,4.102877511416358,1.7678399999999996,0.43087808375486264,0.43087808375486264,10.13234123888212,2.888214330273379,0.08079236837118876,1.8260185423629314,12.98922081359436,24.94758059483941,11.95835978124505,0.051512258518244786,10.650831879848749,31.29280030685315,0.5965523130002588,27.951045767664517,1.1536163826802197,0.007102130874490379,15.79042917782396,1000000.0,892289.1821547523,19.44272312092042,0.7407410088193396,15.71253559865633,2.4537876096939457,0.007238864867890912,13.582144830712926,1000000.0,554393.7053350905,0.11548359591988283,1.5963,False,0.2
goe735,failed,Infeasible_Problem_Detected,,,,,,,,,,,,,,,,,,,,,,,,,,,,,,,,,,,0.96
goe738,failed,Maximum_Iterations_Exceeded,,,,,,,,,,,,,,,,,,,,,,,,,,,,,,,,,,,1.21
goe741,ok,,0.04535972361475262,0.7760409483817978,4.027182163669061,1.7678399999999996,0.43897691441634873,0.43897691441634873,11.901847755864395,4.063115976024978,0.08047224892899182,1.800943974676944,11.244788862921435,24.947580593462774,13.702791730541339,0.04535972361475262,11.515316490900782,31.29280030602919,0.5855463215558707,27.201551713226866,3.3338577593992587,0.007300799196009164,15.6512742643987,1000000.0,909060.7452708402,21.313482730570815,0.6933011062195401,17.520147743066563,4.064041649467898,0.007801328155461212,13.861944392408596,1000000.0,619160.0082411562,0.1533,1.5484,False,0.19
goe744,ok,,0.048864396149301374,0.745359647610675,4.192953395878522,1.7678399999999994,0.42162166689897007,0.42162166689897007,10.893882585975897,3.401228506536534,0.08117334018696601,1.8196652711890324,12.234032737168059,24.94758059433299,12.71354785716493,0.048864396149301374,11.138669485387808,31.29280030652399,0.6096492131816118,28.550349953534706,2.158059030897842,0.010012156149250977,14.739040537882486,1000000.0,873120.4173895338,20.404246249292164,0.7307454008480146,16.770586064326462,3.2448080054248396,0.009851075085154213,13.312107284394973,1000000.0,569311.9128743049,0.1448,1.6533,False,0.19
goe746,failed,too few converged polar points,,,,,,,,,,,,,,,,,,,,,,,,,,,,,,,,,,,0.01
goe758,ok,,0.045495376746361615,0.8127292556754251,3.84538669400147,1.7678399999999996,0.45973009756280275,0.45973009756280275,11.862833088903235,4.02440067025416,0.0797033750975478,1.8054281687476093,11.279319335879544,24.94758059353039,13.668261257650844,0.045495376746361615,11.225489417383413,31.292800306040142,0.5591135295414923,27.621122435469186,0.6518531335017673,0.00784238343809853,15.278683238315123,1000000.0,952037.7299787663,20.725442698670786,0.6983386261491429,17.36748920644513,2.028806152246342,0.006740124937555842,13.53527473041917,1000000.0,630541.313870174,0.13849999999999998,1.4333598662207359,False,0.19
goe765,failed,airfoil 'goe765' not found in the aerosandbox UIUC database,,,,,,,,,,,,,,,,,,,,,,,,,,,,,,,,,,,0.0
goe766,ok,,0.04810668822106634,0.8088269408128975,3.863939376770767,1.767839999999998,0.4575227061345475,0.4575227061345475,11.111804001903293,3.525098910882269,0.07978181636253555,1.7953315715940146,12.040445020810292,24.9475805943076,12.907135573497307,0.04810668822106634,11.493994474301731,31.292800306365713,0.5618110621400536,27.799947816310528,4.1281681558249925,0.007800041250358951,15.312071232222316,1000000.0,947466.5262852517,21.340523121487802,0.6249862445057186,16.80191769018953,4.5724568384264686,0.008032922535193025,14.273525827887262,1000000.0,646136.8465932088,0.12010000000000001,1.4451,False,0.19
goe767,ok,,0.05054877582917432,0.7804201701122943,4.004584178225823,1.7678399999999996,0.441454073961611,0.441454073961611,10.409444729445053,3.0667005634873754,0.08037667526552902,1.8204587582943237,12.717677106926404,24.94758059466578,12.229903487739376,0.05054877582917432,11.420834885621993,31.292800306737377,0.5822606079461673,27.955049705145445,4.111808011219458,0.007807961305394879,15.424019459585232,1000000.0,914190.6016197713,20.912008824857473,0.6391596575486507,16.05278747020538,4.507529104718101,0.007973214072641874,14.508743826679357,1000000.0,610925.2524951686,0.12,1.5341,False,0.19
goe769,ok,,0.05091928718901692,0.7211430692458326,4.333756225194504,1.7678399999999996,0.40792326751619645,0.40792326751619645,10.302883405336768,3.0148430436550284,0.08176875951279383,1.8322093239242954,12.812487865474434,24.9475805947355,12.135092729261064,0.05091928718901692,10.910299068646035,31.292800306782425,0.6301217360075507,28.451787427867476,1.797032625956458,0.00927033374755013,15.120317060468569,1000000.0,844752.918461685,19.849076787940263,0.7618112123803433,15.912983572980963,2.7259351499297657,0.008361547493770063,13.671052506714224,1000000.0,535828.2218593396,0.1382,1.7424,False,0.2
goe770,failed,Maximum_Iterations_Exceeded,,,,,,,,,,,,,,,,,,,,,,,,,,,,,,,,,,,1.23
goe775,failed,Maximum_Iterations_Exceeded,,,,,,,,,,,,,,,,,,,,,,,,,,,,,,,,,,,1.26
goe776,failed,Restoration_Failed,,,,,,,,,,,,,,,,,,,,,,,,,,,,,,,,,,,0.74
goe777,failed,Maximum_Iterations_Exceeded,,,,,,,,,,,,,,,,,,,,,,,,,,,,,,,,,,,1.28
goe780,failed,Infeasible_Problem_Detected,,,,,,,,,,,,,,,,,,,,,,,,,,,,,,,,,,,0.33
goe795,ok,,0.04770886742694695,0.8567571799863665,3.647775984380697,1.7678399999999994,0.48463502352382953,0.48463502352382953,10.153966095781879,2.84162984371401,0.10623805317454717,1.8372900642440042,11.884070844294847,23.87532700432073,11.991256160025884,0.04770886742694695,10.519791241890045,31.29280030636888,0.5075853002093029,26.342021460612024,1.442529040952295,0.005208009544719775,16.81397278968365,1000000.0,1003612.4023958428,19.08570208304526,0.6853256156102515,15.975561930438195,3.2866575480381726,0.007195879476026514,12.995940982207904,1000000.0,612110.3618546384,0.08005956237753102,1.2091,False,0.21
goe795sm,ok,,0.05034323286363144,0.8567571802977088,3.6477759830551104,1.7678399999999996,0.48463502369994393,0.48463502369994393,10.1659063530653,2.8495900123926057,0.1062380559016631,1.8262203427093633,12.652800113491171,24.644926809265833,11.992126695774662,0.05034323286363144,11.282521262097635,31.29280030671211,0.5239468580276779,26.84522270139766,1.4161963586719064,0.004985959974601084,16.579209898620494,1000000.0,1003612.4027715595,20.593574240442774,0.5886827550737176,15.461004075091445,1.9467701949971017,0.005198442440712804,15.172760075269897,1000000.0,660470.342140397,0.08027693664271718,1.2803083612040134,False,0.19
goe796,ok,,0.04865776062545878,0.7673092081152859,4.073010244822237,1.7678399999999994,0.434037700309579,0.434037700309579,10.953312221375333,3.4336803294162963,0.08066604957465773,1.8245865622981814,12.169681810616087,24.9475805942896,12.777898783673514,0.04865776062545878,11.191163868384141,31.29280030649673,0.5922096566771317,27.058845154103768,1.7137763188489161,0.005867132674628338,16.30486308829273,1000000.0,898832.312969276,20.445113612090783,0.7105854239155585,16.335523996991814,2.6572910261083917,0.006065769783195213,14.236982754225778,1000000.0,587251.0154695224,0.12000000000000001,1.5774,False,0.19
goe797,ok,,0.04478397832972217,0.7324676862340963,4.266752410155016,1.7678399999999996,0.41432917358703075,0.41432917358703075,12.067435607004642,4.187689229545427,0.08148544632983587,1.8078754050859713,11.072269581202937,24.94758059329355,13.875311012090613,0.04478397832972217,11.136654005135535,31.292800305940496,0.6203794805440142,27.498660468245173,0.639590884975908,0.008240803171438304,15.454112697983913,1000000.0,858018.6678568135,20.533594246973642,0.8013654661807978,17.63739191328402,2.2786326483115746,0.006971343469918098,13.311016331316752,1000000.0,563011.5237323802,0.16,1.7,False,0.19
goe798,failed,Maximum_Iterations_Exceeded,,,,,,,,,,,,,,,,,,,,,,,,,,,,,,,,,,,1.26
goe79,failed,too few converged polar points,,,,,,,,,,,,,,,,,,,,,,,,,,,,,,,,,,,0.01
goe801,ok,,0.05374419745605363,0.729639328511651,4.2832919546360415,1.7678399999999996,0.4127292789571744,0.4127292789571744,9.490422004160921,2.4705661575355986,0.08155539030528125,1.847392514047851,13.609766076986032,24.947580595194804,11.337814518208772,0.05374419745605363,10.406557045272661,31.29280030710545,0.6227843058143566,29.558536577740743,-0.11147166220394748,0.011238810287548438,14.394645059342071,1000000.0,854705.5064060934,18.77701853854308,0.786093419294609,15.182107124415092,1.3403508316010195,0.009416304070148696,13.006017859884818,1000000.0,512859.8585387057,0.098,1.710466220735786,False,0.2
goe802,ok,,0.05374419745605363,0.729639328511651,4.2832919546360415,1.7678399999999996,0.4127292789571744,0.4127292789571744,9.490422004160921,2.4705661575355986,0.08155539030528125,1.847392514047851,13.609766076986032,24.947580595194804,11.337814518208772,0.05374419745605363,10.406557045272661,31.29280030710545,0.6227843058143566,29.558536577740743,-0.11147166220394748,0.011238810287548438,14.394645059342071,1000000.0,854705.5064060934,18.77701853854308,0.786093419294609,15.182107124415092,1.3403508316010195,0.009416304070148696,13.006017859884818,1000000.0,512859.8585387057,0.098,1.710466220735786,False,0.2
goe802a,failed,airfoil 'goe802a' not found in the aerosandbox UIUC database,,,,,,,,,,,,,,,,,,,,,,,,,,,,,,,,,,,0.0
goe802b,failed,airfoil 'goe802b' not found in the aerosandbox UIUC database,,,,,,,,,,,,,,,,,,,,,,,,,,,,,,,,,,,0.0
goe803h,failed,Maximum_Iterations_Exceeded,,,,,,,,,,,,,,,,,,,,,,,,,,,,,,,,,,,1.33
goe804,ok,,0.05784202349239031,0.7623401255005231,4.099558925286892,1.7678399999999996,0.43122687884679795,0.43122687884679795,8.31186227343352,1.6743584836183396,0.08077833629757177,1.8734410216847819,14.762277300604408,24.947580595722712,10.185303295118302,0.05784202349239031,9.320664300977477,31.29280030751793,0.5960697954882823,28.734340954153588,-3.0595576146751164,0.006899402687749165,15.873260231923025,1000000.0,893011.4887821506,16.583858602240955,0.8664835695641924,13.847494902097445,-0.6720757475714504,0.0061754658868332,12.212931944592851,1000000.0,473258.26115286804,0.060000000000000005,1.5942,False,0.19
goe81,failed,too few converged polar points,,,,,,,,,,,,,,,,,,,,,,,,,,,,,,,,,,,0.01
goe92,failed,Restoration_Failed,,,,,,,,,,,,,,,,,,,,,,,,,,,,,,,,,,,0.52
griffith30SymSuction,failed,airfoil 'griffith30SymSuction' not found in the aerosandbox UIUC database,,,,,,,,,,,,,,,,,,,,,,,,,,,,,,,,,,,0.0
gs1,ok,,0.04675423513197202,0.7842266448230801,3.9851467509179708,1.7678399999999999,0.4436072522530773,0.4436072522530773,11.500777748782017,3.7929613516372975,0.08029446848953424,1.8147946397428436,11.632008205316312,24.947580593841174,13.31557238852486,0.04675423513197202,11.105008218613282,31.292800306234952,0.579434434805669,27.624851977280635,0.9953578480690846,0.007560308457077854,15.510622674372051,1000000.0,918649.5373670268,20.397180623858098,0.7279210525924835,17.20255655131106,2.3900459508541116,0.007546075333921977,13.338872941796431,1000000.0,598791.4267923632,0.139,1.5218,False,0.19
gu255118,failed,Maximum_Iterations_Exceeded,,,,,,,,,,,,,,,,,,,,,,,,,,,,,,,,,,,1.23
gw19,failed,airfoil 'gw19' not found in the aerosandbox UIUC database,,,,,,,,,,,,,,,,,,,,,,,,,,,,,,,,,,,0.0
gw25,failed,airfoil 'gw25' not found in the aerosandbox UIUC database,,,,,,,,,,,,,,,,,,,,,,,,,,,,,,,,,,,0.0
gw27,failed,airfoil 'gw27' not found in the aerosandbox UIUC database,,,,,,,,,,,,,,,,,,,,,,,,,,,,,,,,,,,0.0
gw30,failed,airfoil 'gw30' not found in the aerosandbox UIUC database,,,,,,,,,,,,,,,,,,,,,,,,,,,,,,,,,,,0.0
gw31,failed,airfoil 'gw31' not found in the aerosandbox UIUC database,,,,,,,,,,,,,,,,,,,,,,,,,,,,,,,,,,,0.0
hh02,ok,,0.05282532962995825,0.808916342885039,3.8635123311436814,1.7678399999999996,0.45757327749402615,0.45757327749402615,9.7546939883787,2.620327278292012,0.0797800387539439,1.8238875229327474,13.36899908374178,24.947580595053225,11.578581511311446,0.05282532962995825,11.544774052693619,31.29280030700417,0.5617489703344068,27.831047663382815,4.477771341379241,0.006747205787805842,15.764099484457274,1000000.0,947571.2526266936,21.099206881884225,0.573489940624389,15.326605239098331,4.574519687259529,0.006866159001851772,15.510705706602742,1000000.0,638901.0155163971,0.09572,1.4448297658862876,False,0.2
hobie,failed,Infeasible_Problem_Detected,,,,,,,,,,,,,,,,,,,,,,,,,,,,,,,,,,,0.32
hobiesm,ok,,0.05247666784012854,0.8528730234839346,3.6643886950826685,1.7678399999987287,0.48243790359113264,0.48243790359113264,9.854970333845698,2.6711329491417364,0.07893756795360365,1.8480130361211182,13.244596674178089,24.947580044144907,11.702983369966816,0.05247666784012854,11.138589026797396,31.292799563939283,0.5327967020704295,27.499737125512812,0.7367864059412957,0.005837517098163866,16.030630915467533,1000000.0,999062.4458423915,20.091108322079634,0.6063323460447694,15.095632498340217,1.4030531800967438,0.005604876634115578,14.756752674314406,1000000.0,641434.1989098311,0.085743,1.318824414715719,False,0.19
hor04,ok,,0.046239557652858,0.8567571805626252,3.647775981927177,1.767839999999997,0.48463502384979784,0.48463502384979784,7.848680851668532,1.304773009159355,0.10623805810727627,1.819938016264817,11.478840450480343,21.14745931841369,9.668618867933349,0.046239557652858,11.35332218561739,31.29280030616038,0.4495913072847836,24.68051379479367,2.3865076554842464,0.0076007453638943035,16.529758203023196,1000000.0,1003612.4030641915,20.794338569322246,0.46550332158595825,13.60422508397523,2.5269489776403478,0.007884441381877707,16.110507718268902,1000000.0,666909.1898937369,0.0405557075590231,0.9567,False,0.2
hor07,ok,,0.05827307540743352,0.7321930574444152,4.26835277093194,1.7678399999999996,0.41417382650263335,0.41417382650263335,8.187889116825797,1.6014111173519663,0.08149221426534624,1.8571237540567678,14.90256772488807,24.947580595770635,10.045012870882566,0.05827307540743352,10.482415283927677,31.292800307557968,0.6206121706279971,29.23263137279016,1.5107483620254956,0.008985262353921395,15.17398413504581,1000000.0,857696.9654797211,18.81478506934808,0.6912460921215424,13.766223371638253,2.131248159008236,0.008870326083170718,14.263435581179161,1000000.0,515689.9958306206,0.07173035383073026,1.7010127090301004,False,0.2
hor12,ok,,0.05404415099827306,0.7029690233068983,4.445797982531573,1.7678399999999996,0.3976428994178763,0.3976428994178763,9.404153538199582,2.4212294383563204,0.08052053979961502,1.8454428870433888,13.697984169994784,24.947580595237753,11.24959642524297,0.05404415099827306,10.70393248103081,31.292800307137764,0.6464124415670633,28.320125820009636,1.370991472066724,0.008060235175599905,15.6510712941089,1000000.0,823463.6916838641,19.33399033222451,0.7635967675719922,14.97895761299883,2.3682821951919717,0.008326033831285714,13.956674747367927,1000000.0,508770.0332885278,0.11939245076175183,1.8133,False,0.19
hor20,ok,,0.04407354047322585,0.7059047518565869,4.427308723139087,1.7678399999999999,0.39930352965007404,0.39930352965007404,12.27176186216384,4.332076735087464,0.0808909049041261,1.7980219174217562,10.87779681348165,24.947580593067247,14.069783779585597,0.04407354047322585,11.338587419857626,31.29280030582786,0.6437241306354776,27.641940844356785,2.2288351708947687,0.00945652338129348,15.125265475304674,1000000.0,826902.6282014415,21.0204842517834,0.8045669813273291,18.15981005557959,3.567131524589153,0.009843131235102269,13.070650398205514,1000000.0,555459.8343386214,0.2038392801026306,1.8016,False,0.19
hq010,ok,,0.04293834904952088,0.8567570360758423,3.6477765971019744,1.7678399999999745,0.48463494211911406,0.48463494211911406,10.815513295931101,3.2826627343058674,0.10623668634257966,1.78131513729314,10.568015624774704,23.164844057998945,12.59682843322424,0.04293834904952088,12.05727387168659,31.29280030564015,0.49248063906845346,25.822453139954856,4.628024129457581,0.008134107200343074,15.560309943169129,1000000.0,1003612.2337945146,22.562494453786254,0.5151522814677056,16.53872896718588,4.868914528217277,0.00842008604152335,15.084664223319361,1000000.0,723616.7820576754,0.09999184758245278,1.1433618729096988,False,0.2
hq07,failed,too few converged polar points,,,,,,,,,,,,,,,,,,,,,,,,,,,,,,,,,,,0.01
hq09,ok,,0.03397764268337595,0.8534396413718923,3.6619558245222708,1.7678399999999996,0.4827584178273444,0.4827584178273444,9.772177991114718,2.6144301904661886,0.08022384828776404,1.7358685562771328,8.036308467907208,19.54435501529906,11.508046547391851,0.03397764268337595,12.335948493900297,31.292800303718174,0.4171247812094631,21.68011692850842,3.7912247819377227,0.007639358074666289,17.0645804748837,1000000.0,999726.2103110335,23.688330642493746,0.42861385304165395,15.30694603255441,3.8796409271023196,0.007786616727281814,16.788890555785883,1000000.0,756782.5439707022,0.08111356388088377,0.8154,False,0.19
hq1010,ok,,0.04421256812323537,0.8567571765785541,3.6477759988899843,1.7678399999999994,0.4846350215961594,0.4846350215961594,10.804939506847417,3.275612150867765,0.10623802139761059,1.7837551620576078,10.932048767919488,23.52074343682451,12.588694668905024,0.04421256812323537,11.824913681951692,31.29280030585019,0.5000469172317153,25.524340235906852,3.3411114671336315,0.006274809880389618,16.384975274088372,1000000.0,1003612.3983872682,22.09741548518977,0.5367181772328732,16.186561342561298,3.717311674761639,0.006719505391646983,15.489890748006783,1000000.0,708701.0410220536,0.0996,1.1762916387959865,False,0.19
hq1012,ok,,0.045718651991430104,0.8556962047475474,3.6522988512284043,1.7678399999999923,0.4840348700943248,0.4840348700943248,11.798617683034239,3.9482280330031583,0.09649425088372682,1.7931059125658204,11.355856912690921,24.947580508290983,13.59172359560006,0.045718651991430104,11.764885453392928,31.292800306083212,0.5310388413874285,27.11901438732438,3.577425544224642,0.006809264081964821,15.564991759656907,1000000.0,1002369.5672716984,21.87059033703541,0.5922979565829131,17.36372379513581,4.183240331554639,0.0074578541350593325,14.296386649115306,1000000.0,700557.7627339772,0.11957999999999999,1.3111739130434783,False,0.19
hq108,ok,,0.04124491292637433,0.8567571775775099,3.6477759946367767,1.7678399999999996,0.4846350221612307,0.4846350221612307,9.780164452167948,2.5924287712641974,0.10623803082106631,1.7907948018015882,10.07149341514694,21.642452669116476,11.570959253969537,0.04124491292637433,12.099027517751885,31.292800305340926,0.46011478146202245,23.411764504723074,2.878637033828731,0.005568512173013865,17.632386667955057,1000000.0,1003612.3995411202,22.520777749224226,0.47495357552110756,15.064515565257585,3.0102502297499756,0.005727944180765591,17.2087086173623,1000000.0,722278.9771413828,0.07972,1.0025,False,0.19
hq109,ok,,0.04340884267705672,0.8567571765703876,3.6477759989175853,1.7678399999982624,0.4846350215920161,0.4846350215920161,10.291238128749768,2.9331445660840862,0.10623802147758088,1.7976499106305863,10.686997684877484,22.77588572425784,12.088888039380354,0.04340884267705672,11.901198830733014,31.292800305719126,0.4842113717359784,24.743870667702957,3.19370441470571,0.005909925090357839,16.905321407645644,1000000.0,1003612.3983744846,22.068069280071462,0.5167806512785349,15.643253643245247,3.4645810750949284,0.006272240671083383,16.066146835377314,1000000.0,707759.8591781842,0.08979999999999999,1.107372575250836,False,0.19
hq1510,ok,,0.04802923870656341,0.8567571795812094,3.6477759861057164,1.7678399999999996,0.48463502329464747,0.48463502329464747,10.806357751995018,3.2765576183384826,0.10623804951409259,1.8090750338138575,12.004426606385781,24.619859392194655,12.615432785808874,0.04802923870656341,11.712180402828254,31.29280030641263,0.5234139295479014,26.798156032383584,2.8827960714956085,0.005889899822207755,16.128634053115128,1000000.0,1003612.4019226416,21.580421272221194,0.5639373806867919,16.246361718475654,3.296991172208188,0.006292039674724169,15.189477237122887,1000000.0,692120.1751023245,0.09963,1.2779889632107024,False,0.21
hq1511,ok,,0.04842102782981476,0.8371059291521873,3.733408349842982,1.7678399999999557,0.47351905667493,0.47351905667493,11.021397635262316,3.4546197913203556,0.07922954744405246,1.813952153875087,12.112230561288236,24.94758035042564,12.835349789137403,0.04842102782981476,11.57758999141364,31.29279999994758,0.5428320494545065,27.349911967133966,3.048203955603684,0.0065083894333976535,15.76941338351562,1000000.0,980592.7560513816,21.275074182967124,0.6042149158902218,16.62310958837266,3.6597545287140543,0.007229316626919216,14.450029429617294,1000000.0,666676.7955666567,0.1099903417438518,1.3625,False,0.2
hq1512,ok,,0.04709134395513121,0.8306017441969656,3.7626435140965544,1.7678399999999994,0.46983988607394667,0.46983988607394667,11.403823197760099,3.711954633944091,0.0793534279032635,1.8004714484159325,11.743285947794758,24.94758059397079,13.20429464617603,0.04709134395513121,11.627065176439656,31.29280030626944,0.5470827937435546,26.97644189823405,3.0511772623851816,0.006280995905559155,15.896963778805038,1000000.0,972973.7099353053,21.525964188748507,0.6119324149893128,16.90251131577764,3.7196381573581623,0.0071823259617547685,14.438972192878047,1000000.0,669297.6349727652,0.11959,1.381,False,0.2
hq1585,ok,,0.04773680235515333,0.85675718003287,3.6477759841827018,1.7678399999999996,0.48463502355013477,0.48463502355013477,10.073693641330054,2.788114873648466,0.1062380535879111,1.8098566289281215,11.919538535137344,23.803088805395518,11.883550270258176,0.04773680235515333,11.69071859509375,31.29280030637272,0.5060495286347333,26.261792266846385,2.8450532035452447,0.006363457127002882,16.223271632673594,1000000.0,1003612.4024504406,21.531574026791873,0.5336336581746125,15.559711216519528,3.1044173011763405,0.0066428864542499595,15.579246843784567,1000000.0,690553.5626726061,0.08560000000000001,1.2024160535117057,False,0.21
hq158,ok,,0.041053782090267915,0.8567571772903513,3.6477759958593987,1.7678399999999996,0.484635021998796,0.484635021998796,9.778934710945062,2.5916089466026255,0.1062380281138594,1.7910061290440316,10.016311695106282,21.586252535095376,11.569940839989094,0.041053782090267915,12.039215474993457,31.292800305305605,0.4589199765373114,23.32378411961991,2.397343899750831,0.00544408629089402,17.74359769029319,1000000.0,1003612.3992036075,22.406801182416043,0.47975552354831064,15.031761151202842,2.5730272992551,0.0056690023269026155,17.14321165939741,1000000.0,718623.5579354673,0.079572,0.9973,False,0.2
hq159,ok,,0.04401867361411363,0.8567571783009819,3.647775991554928,1.7678399999996228,0.4846350225705746,0.4846350225705746,10.293214725869316,2.934462280109506,0.10623803763815248,1.8032039606053973,10.856834727378494,22.953253413853208,12.096418686474713,0.04401867361411363,11.839063257750524,31.292800305818997,0.4879821770005849,24.74481223604291,2.619921209324315,0.005468488973426675,17.088277589331277,1000000.0,1003612.4004041476,21.885235976995347,0.5257786039929634,15.507204673359096,2.99564929365326,0.005731727462394232,16.160477775668785,1000000.0,701896.0910378858,0.08967,1.123783779264214,False,0.21
hq159b,ok,,0.04916397450153711,0.8567571801246084,3.647775983792045,1.7678399999999834,0.48463502360203214,0.48463502360203214,10.284366709225973,2.9285635847387623,0.10623805439735,1.8139413989477755,12.32591716848876,24.424225276662508,12.098308108173748,0.04916397450153711,11.66409010434693,31.292800306562892,0.5192547819360368,26.924864930436136,2.9265643528783354,0.006271274908609131,16.019769222306895,1000000.0,1003612.402564012,21.434154582048045,0.5482270859032359,15.799760964836167,3.192016668535235,0.006574694750648196,15.349868608482383,1000000.0,687429.1583456065,0.08951704666559018,1.25988762541806,False,0.22
hq17,failed,Maximum_Iterations_Exceeded,,,,,,,,,,,,,,,,,,,,,,,,,,,,,,,,,,,1.24
hq2010,ok,,0.04901468468681199,0.8567571146133682,3.647776262653043,1.7678399999846584,0.4846349865490108,0.4846349865490108,10.809451914089523,3.2786206324143716,0.10623766751400926,1.816000554213353,12.280921474178806,24.906373942481682,12.625452468302877,0.04901468468681199,11.53021972662551,31.292800037684664,0.5295052283139952,27.080574026973096,2.2924700050711113,0.005568152354095558,16.166833108808184,1000000.0,1003612.3172089334,21.164126666286766,0.5868064047724849,16.190058004863616,2.8339633600580734,0.005816727536913927,14.968370895745252,1000000.0,678768.8599190952,0.0997,1.304499331103679,False,0.19
hq2012,ok,,0.047375199022205564,0.8246494629491878,3.7898020989706436,1.7678399999999566,0.4664729064560187,0.4664729064560187,11.322183796292281,3.6596894108618168,0.07946756120716883,1.8120793083053024,11.81331686544762,24.947579970045204,13.134263104597583,0.047375199022205564,11.55446549597076,31.292799545982717,0.5510316246480276,27.025494272015457,2.477635279071331,0.006056339671789918,16.021759069059875,1000000.0,966001.1352895334,21.25452501446484,0.6288395395378755,16.759207528982046,3.2153865471271543,0.006490956617069954,14.491150144156546,1000000.0,656122.0342028699,0.11973,1.3981859531772576,False,0.19
hq208,ok,,0.043824534856111944,0.8567571793814429,3.6477759869562325,1.7678399999999945,0.4846350231816485,0.4846350231816485,9.78073965430128,2.59281222178725,0.10623804768177847,1.8055709986744652,10.79863219985042,22.384942852826164,11.586310652975746,0.043824534856111944,11.816355370415723,31.292800305787512,0.4758999926789771,23.942720750577806,1.8645983805300246,0.004633214751806935,17.896273012858693,1000000.0,1003612.4016685877,21.814623331696797,0.506871994226203,14.867935470757136,2.1560235175198676,0.004865225257398218,17.023203755205937,1000000.0,699631.4263818284,0.07976,1.0712,False,0.19
hq2090sm,ok,,0.050104491914929584,0.8567571802342526,3.6477759833251096,1.7678399999999572,0.48463502366406086,0.48463502366406086,10.278205406895697,2.9244560488588136,0.10623805535397968,1.8222593755715626,12.58809772941641,24.688562511883667,12.10046478246726,0.050104491914929584,11.47798136029111,31.292800306682107,0.5248745455166239,26.9099708072696,2.250921950009949,0.00527304144610848,16.410503007163015,1000000.0,1003612.4026962883,20.995879280706994,0.5714555868593214,15.622099902177325,2.716087221405334,0.005512588819594587,15.372026742361259,1000000.0,673372.9370692342,0.0897,1.2843458193979933,False,0.19
hq209,ok,,0.04770370734771738,0.8567571791313207,3.6477759879899776,1.767839999992437,0.4846350230422357,0.4846350230422357,10.293788916333938,2.9348450673881823,0.1062380458804231,1.7970480715803037,11.92282876674231,24.01366575465655,12.09083698791424,0.04770370734771738,11.486073822920002,31.29280030635804,0.5105263584883174,25.76995331211193,2.1416430410254073,0.005205280850048465,16.75180854358614,1000000.0,1003612.4013981808,21.30544716558283,0.5545281838882355,15.372154243951,2.5886938665030628,0.005438855504905612,15.729823912955558,1000000.0,683301.2956136173,0.08972999999999999,1.2219,False,0.19
hq2195,ok,,0.052518180417036195,0.795968265789476,3.926360383853032,1.7678399999999996,0.4502490416494005,0.4502490416494005,9.843031973063413,2.6837570951854297,0.08004584284305721,1.8317653332759667,13.27278328866549,24.947580595004872,11.674797306339379,0.052518180417036195,11.177875912791478,31.292800306969525,0.5708869841083029,27.517184320131154,2.4056413997256816,0.005799178923797805,16.238406447953757,1000000.0,932403.7686942688,20.340807689233742,0.6323005014916467,15.340461176413687,3.041122582386634,0.0065939677698189526,14.84015697145767,1000000.0,606076.9749488618,0.09492,1.4846,False,0.2
hq2510,ok,,0.04648769205797757,0.8567571787728125,3.647775989545581,1.7678399999995125,0.4846350228375016,0.4846350228375016,10.802395746658345,3.2739162893931995,0.10623804204270688,1.8260232505491214,11.54412018269787,24.172539179905336,12.628418997207467,0.04648769205797757,10.708304416755212,31.292800306196167,0.5139039801103401,26.430330812853512,1.5123865056193468,0.005402712856201014,16.572836868914973,1000000.0,1003612.4009690131,19.54758683664992,0.6880361333547381,16.423631936427743,3.1509540223546653,0.00607965424991357,13.236932051596062,1000000.0,626923.776917337,0.09965,1.2366,False,0.2
hq2511,ok,,0.04787564043169,0.8490539527490496,3.6808712278897007,1.7678399999999994,0.48027760020649485,0.48027760020649485,11.178254753456992,3.554756958849599,0.07900759128709763,1.8115270415797038,11.957798799073817,24.947580594110512,12.989781795036695,0.04787564043169,11.531622697637689,31.292800306391726,0.5351932244490325,27.032915644169847,1.6674958318513213,0.005683304079885871,16.117757724651025,1000000.0,994588.778697299,21.218972415636298,0.6060719553014694,16.583487687831237,2.332594913305915,0.0060049504172634315,14.675109063827389,1000000.0,674409.182094475,0.10999057170233152,1.3292545150501671,False,0.2
hq2512,ok,,0.046619347739770264,0.8401549920651372,3.719859186836442,1.7678399999999996,0.4752437958554719,0.4752437958554719,11.539572184452476,3.798945261330557,0.07917248383973659,1.8120617656339286,11.59594664371895,24.947580593805355,13.351633950086406,0.046619347739770264,11.485514176763491,31.2928003062151,0.5408620159306171,26.78020718027515,1.7359338110119733,0.005889842040066568,16.04777410391219,1000000.0,984164.46300529,21.12789308949672,0.6349930055867696,16.84260981338412,2.6036067702852677,0.006195730011442216,14.258993393092075,1000000.0,664476.2166819545,0.11961,1.3539260869565217,False,0.19
hq258,ok,,0.039427231190449885,0.8567571680889302,3.6477760350358164,1.7678399999999865,0.48463501679390486,0.48463501679390486,9.775523984101788,2.589335219598982,0.1062379408671282,1.79460719223045,9.544904684482349,21.115035860814586,11.570131176332238,0.039427231190449885,11.82848019730838,31.292800304991143,0.4489019967842809,22.608670082140403,0.9418349483273313,0.004699355113182526,18.520996918546885,1000000.0,1003612.3884149092,21.970416420407496,0.49901118069647354,14.727502577962706,1.3993725304512192,0.00467603864551508,17.315037624061272,1000000.0,704627.9618075092,0.07969,0.9537,False,0.19
hq2590sm,ok,,0.05372220477749752,0.7827058033203437,3.9928901157270467,1.7678399999999994,0.44274696992959994,0.44274696992959994,9.496747232486104,2.4574591351762796,0.08032721433100676,1.8285329394930394,13.622300423212938,24.94758059519208,11.325280171979143,0.05372220477749752,11.007425891107507,31.292800307102667,0.580560308578689,26.946076821055964,1.8837659770226305,0.005225964748165645,16.54922380175396,1000000.0,916868.0111562279,20.066042478402228,0.6409634457245139,14.583836816511536,2.5164386354857036,0.005970529477927286,15.131006594876268,1000000.0,587927.9667653515,0.09032008398320336,1.5267,False,0.19
hq259,ok,,0.04321890701988543,0.8567571768827013,3.6477759975903368,1.7678399999988619,0.4846350217685157,0.4846350217685157,10.287799517918113,2.9308521556028624,0.10623802439350492,1.7916945845445018,10.638326358907902,22.717820461370515,12.079494102462615,0.04321890701988543,11.721966167775033,31.292800305687457,0.4829769141651321,24.229233942028657,1.2380768625853376,0.0050569180387226315,17.452514508174076,1000000.0,1003612.3987389753,21.807969336014708,0.5287700625787992,15.274195686411725,1.6629883069438105,0.005142457437402185,16.395240272777105,1000000.0,699418.0195808756,0.08967,1.102,False,0.2
hq259b,ok,,0.05372220668016479,0.7827058033203437,3.9928901157270467,1.7678399999999994,0.44274696992959994,0.44274696992959994,9.496746685267409,2.4574587703638175,0.08032721433100233,1.8285328538715224,13.62230105605315,24.94758059519208,11.325279539138931,0.05372220668016479,11.007425139353964,31.292800307102667,0.5805603085786889,26.94607792263489,1.8837659770226294,0.005225964748165645,16.549223801753964,1000000.0,916868.0111562279,20.06604204758681,0.6409634374311893,14.583836666662744,2.5164385437790635,0.005970529334978024,15.131006786526893,1000000.0,587927.9541426117,0.09032,1.5267,False,0.19
hq300gd2,ok,,0.04460059324857265,0.7501383552887357,4.166242458562268,1.7678399999999994,0.424324800484623,0.424324800484623,12.120178273433812,4.217219907767904,0.08106037160155101,1.8057678419572836,11.021634477844731,24.947580593235827,13.925946115391096,0.04460059324857265,11.112724263471016,31.29280030591177,0.6057654824569813,27.197698840417612,0.042390993000666496,0.0073214762260901895,15.745421006795652,1000000.0,878718.2348230535,20.513386799168792,0.7868916137610265,17.900501652832315,1.576325143558857,0.007755580962052012,13.045258091395095,1000000.0,576026.6534856196,0.1657503780551411,1.6363973244147159,False,0.19
hq3010,ok,,0.05037705704037958,0.8322155142573728,3.7553472773080605,1.7678399999999865,0.4707527345559435,0.4707527345559435,10.458832099335773,3.08137111235693,0.07932255455124587,1.8169403578958891,12.671808137622078,24.94758059485374,12.275772457231662,0.05037705704037958,11.057102124915533,31.29280030664288,0.5460219317260009,27.103401638834015,1.182135665294342,0.005389884416050359,16.31443973188018,1000000.0,974864.093459414,20.285204697491608,0.6393822137140688,15.725038036633633,2.038686288276615,0.005599519067553224,14.498099740642783,1000000.0,631944.6484263943,0.09985,1.3763829431438128,False,0.2
hq3011,ok,,0.04915573491919288,0.8205621991124827,3.808679304238319,1.7678399999999987,0.4641608964117133,0.4641608964117133,10.810091781054467,3.3197709849753987,0.07954812951854784,1.8047006891764874,12.332788124188811,24.947580594419765,12.614792470230954,0.04915573491919288,11.132429002920741,31.292800306550788,0.5537763294423143,26.99842310641139,1.2779219637893224,0.005602174059862928,16.24945684779615,1000000.0,961213.3043161506,20.561911955237,0.648556671668596,16.054617519987275,2.154291403627966,0.005704556511250348,14.48826584861602,1000000.0,631595.2276541282,0.10985,1.4101314381270904,False,0.2
hq3012,ok,,0.04837560173426551,0.8046939797531458,3.8837848228449845,1.7678399999999992,0.4551848469053456,0.4551848469053456,11.03446283731092,3.4749957491104126,0.0798657654909073,1.8200227912259632,12.093094965725873,24.947580594262757,12.854485628536883,0.04837560173426551,11.217442079829798,31.292800306448004,0.5646965606019286,27.152846236694412,1.3329989778134272,0.005903256109115283,16.160816441164606,1000000.0,942625.1417331803,20.544508442251896,0.6750543801548805,16.477084508922943,2.341079162787946,0.006168459649195049,14.161961724056962,1000000.0,618857.0531422149,0.11979999999999999,1.4576581939799331,False,0.19
hq3013,ok,,0.04691664698002235,0.8027206048406499,3.8933325577463886,1.767839999999993,0.45406858360522057,0.45406858360522057,11.45406672497075,3.755423950713125,0.07990558295186898,1.8093509339613398,11.6841626799665,24.94758033889859,13.26341765893209,0.04691664698002235,11.231067260422575,31.292800000168974,0.566084792372531,27.106303458349576,1.3278100345374961,0.0060889554884353955,16.082220647024396,1000000.0,940313.5049380036,20.690784836367826,0.6884040603701528,16.967039550698306,2.4508190134246597,0.006386926622062714,13.924901360239353,1000000.0,621734.8530428108,0.12986999999999999,1.4637,False,0.19
hq3014,ok,,0.0454403745089075,0.8007380163818054,3.9029722601678287,1.7678399999999996,0.4529471085515689,0.4529471085515689,11.878652067420768,4.03917555181766,0.07994692133446824,1.7984083509400568,11.270520175128189,24.947580593489015,13.677060418360824,0.0454403745089075,11.242521215008315,31.292800306040323,0.567486385566017,26.926098627958076,1.3663467594025578,0.006259466617781261,16.011690231036948,1000000.0,937991.0937133621,20.83790964221533,0.7016173732536161,17.384258190300024,2.599535189423533,0.006612467823796485,13.69798646299114,1000000.0,624609.2859969751,0.13986,1.4698,False,0.19
hq3015,ok,,0.044194575137996496,0.7955200131964056,3.928572774734713,1.7678399999999996,0.44999548216829904,0.44999548216829904,12.23695155529146,4.279859036378751,0.08005519973135214,1.800549936848439,10.910079100963989,24.947580593103886,14.0375014921399,0.044194575137996496,11.351316429517892,31.292800305847308,0.5712086624629615,26.898362914432436,1.4039936101329649,0.006454374190924542,15.94293450347627,1000000.0,931878.681889091,21.014535980021133,0.7126977928271678,17.817599790643595,2.7051647831765995,0.006807346256172125,13.566023501534316,1000000.0,625798.8386521527,0.14983,1.486,False,0.19
hq308,ok,,0.05097144526335634,0.856757180457074,3.647775982375374,1.7678399999997056,0.4846350237901715,0.4846350237901715,9.77703370541694,2.590341579265135,0.1062380572649784,1.828745210675831,12.830952958641019,24.43673187473379,11.60577891609277,0.05097144526335634,10.781270888282057,31.292800306787267,0.5195206698269057,26.748965782949877,0.9666817295243514,0.0047792607626135864,16.78681407389058,1000000.0,1003612.4029608188,19.651490769633114,0.6256505847093842,14.973102200946677,1.9394844637713675,0.004704350511758848,14.666976472265517,1000000.0,630256.1509267077,0.07979,1.2610448160535117,False,0.19
hq309,ok,,0.051598533896078325,0.8442215838684073,3.7019407289723425,1.7678399999999992,0.47754411251493784,0.47754411251493784,10.107527914658535,2.8427414652195577,0.07909670069201383,1.77527537264055,13.064777307556263,24.947580594855346,11.882803287299085,0.051598533896078325,10.853256883839435,31.29280030686159,0.5382566986982641,26.786018699048967,1.1128217693703484,0.005114389128104571,16.413361312057663,1000000.0,988928.1020877105,20.37854155117406,0.6045365673708277,15.039863985398432,1.7275802733400145,0.005242647736540108,15.053743725278833,1000000.0,644011.1534249356,0.08979000000000001,1.3425872909698997,False,0.19
hq3510,ok,,0.04706805651621511,0.8567571791283561,3.647775988032609,1.7678399999997088,0.4846350230385653,0.4846350230385653,10.806241327023999,3.2764800061433133,0.10623804533950044,1.8165285561814333,11.720531230728387,24.34330111393382,12.622769883205432,0.04706805651621511,11.362645513197803,31.29280030627954,0.5175343489202262,26.391425636089384,0.2971174914236542,0.005355864307954753,16.52143757591908,1000000.0,1003612.4013880623,20.850475988999374,0.6044651723060025,16.101439924277756,1.0917017894781904,0.005462412214685561,14.783290757906197,1000000.0,668709.60964157,0.09963999999999999,1.2524,False,0.19
hq3512,ok,,0.04877908774549262,0.796363180257933,3.924413311760299,1.7678399999999996,0.45047242977754387,0.45047242977754387,10.918417802574394,3.400543852230705,0.0800376080699996,1.823727553679448,12.20543523805909,24.94758059431293,12.742145356253843,0.04877908774549262,11.074788558683114,31.292800306512788,0.570603882710843,27.21781879286663,0.7793086221026448,0.005876848629498705,16.20127011217267,1000000.0,932866.3747348478,20.24203768144947,0.6965130256002467,16.392027024947286,1.9255416048534715,0.006147518791423501,13.96695245735871,1000000.0,603433.2537893682,0.11957000000000001,1.4833678929765888,False,0.19
hq3513,ok,,0.04732859332988994,0.7932544835502459,3.939792753030232,1.7678399999999994,0.4487139580223584,0.4487139580223584,11.335588832319102,3.679735157532304,0.0801026517595577,1.816318951206843,11.795672810458488,24.947580593984434,13.151907783525946,0.04732859332988994,11.10527544817907,31.292800306315836,0.5728400306912024,27.132411639808826,0.8014951345725014,0.006096367476451406,16.111734873877076,1000000.0,929224.8218549567,20.38055309760846,0.7119518217868435,16.864534182065896,2.071440884479246,0.006398001421122313,13.717623600833607,1000000.0,605190.8309915115,0.13,1.4931,False,0.19
hq3514,ok,,0.04668825126070129,0.7793744839063346,4.009957126047756,1.7678399999999996,0.4408625689577873,0.4408625689577873,11.519755112107136,3.8072618020495406,0.08039938897685582,1.799981105203139,11.627844376517032,24.947580593827308,13.319736217310275,0.04668825126070129,11.06093034001735,31.292800306225203,0.583041826600552,26.91522095595139,0.8614192543359774,0.006300524839030515,16.06928909126001,1000000.0,912965.6761885697,20.483419350058597,0.7265254737709229,16.955793151945677,2.1870490444754367,0.006722668351683173,13.63649620819765,1000000.0,597602.5991467463,0.14,1.5375,False,0.19
hq3518,failed,Infeasible_Problem_Detected,,,,,,,,,,,,,,,,,,,,,,,,,,,,,,,,,,,1.1
hq358,ok,,0.05028683631115487,0.8567571804009916,3.6477759826153675,1.7678399999999996,0.48463502375836714,0.48463502375836714,9.778908148710002,2.5915912085755983,0.10623805677678792,1.8532766233958973,12.60952384075492,24.24170861286082,11.6321847721059,0.05028683631115487,10.135944961347557,31.292800306705132,0.515374509232872,26.951600925689327,0.28480261112256106,0.004921519381974495,16.801469473640257,1000000.0,1003612.4028923222,18.230674675312287,0.7286255140909809,15.407995620824773,2.2869593642564343,0.005071641413340138,12.885609811822317,1000000.0,584688.2042486289,0.07969,1.243,False,0.2
hq359,ok,,0.05188168830061426,0.8368225587833922,3.7346725811784505,1.7678399999999794,0.47335876481095684,0.47335876481095684,10.026090983201675,2.791186979207585,0.07923512382481701,1.8065796069733047,13.114910004920201,24.947580595095182,11.83267059017498,0.05188168830061426,10.871191756242942,31.292800306837137,0.5430158615305287,27.135376325519157,0.5310294445401587,0.005137081797939451,16.42454530241562,1000000.0,980260.8232890185,20.058515945972708,0.6268420422462636,15.18334022724389,1.3060494755186003,0.005253033506042502,14.761717610823402,1000000.0,628341.8921399327,0.08969999999999999,1.3633,False,0.19
hs1404,failed,too few converged polar points,,,,,,,,,,,,,,,,,,,,,,,,,,,,,,,,,,,0.01
hs1430,failed,Restoration_Failed,,,,,,,,,,,,,,,,,,,,,,,,,,,,,,,,,,,0.94
hs1606,ok,,0.05770030251739236,0.760251766771987,4.110820128534233,1.7678399999999994,0.43004557356547385,0.43004557356547385,8.352622089165031,1.7022191039465873,0.08082596306641994,1.8658598710854775,14.729098635456106,24.947580595706615,10.218481960250509,0.05770030251739236,10.002853805616619,31.292800307504642,0.5977071577605251,28.300495125147247,0.290410800107546,0.006400167820053095,16.094747310614483,1000000.0,890565.1682026782,17.869962549398,0.7507372714106303,13.487982437218909,1.680321841016344,0.005382792516555437,13.935285356987759,1000000.0,508563.1853715439,0.06014,1.6013260869565216,False,0.19
hs1620,failed,Maximum_Iterations_Exceeded,,,,,,,,,,,,,,,,,,,,,,,,,,,,,,,,,,,1.27
hs1708,ok,,0.056331901513521056,0.7083573029409145,4.4119800171816435,1.7678399999999996,0.4006908447262844,0.4006908447262844,8.746182545558224,1.9809452099554894,0.08119391299075325,1.8572569783789163,14.344141066867678,24.94758059080482,10.60343952393714,0.056331901513521056,10.148206575151828,31.292800300677563,0.641495359647057,28.328518375582416,-0.15807416229128948,0.006943904544865682,16.06457550092612,1000000.0,829775.5665627305,18.21361052579373,0.8048382673408698,14.167235705145806,1.295967491269722,0.007017444816589188,13.654236611330358,1000000.0,482961.21944913204,0.07916000000000001,1.7919,False,0.19
hs1712,ok,,0.05088590965956849,0.694843213090313,4.49778915116753,1.7678399999999996,0.39304643694582836,0.39304643694582836,10.312482986128012,3.0292470944171734,0.07952734855617287,1.8306815675530683,12.804416041046505,24.947580594727583,12.14316455368108,0.05088590965956849,10.315518518827933,31.29280030677839,0.6539718804793271,28.134786013301248,-0.8121872659384898,0.008495368210854002,15.524424813911622,1000000.0,813945.0507998525,18.782655781795146,0.8835627112052444,16.148926330909894,1.364277968518349,0.008981355398700978,12.556077324608902,1000000.0,488548.47008236015,0.11976,1.8462,False,0.2
hsnlf213,ok,,0.044606046824857866,0.8261603937464159,3.782871085634819,1.7678399999999983,0.4673275826694818,0.4673275826694818,12.118609501168015,4.190093866394264,0.079438847394375,1.7911150484794904,11.037855844988478,24.947580394635985,13.909724549647505,0.044606046824857866,11.860286808424364,31.292800081737372,0.5500238561696257,27.24559868513326,3.826325660565574,0.007427776752379478,15.40151680814017,1000000.0,967771.0685697631,22.072445538870276,0.6163956549760885,17.936315338595687,4.473217774604167,0.008604049706295042,13.968772251720578,1000000.0,682619.4571692168,0.13251878921157953,1.3938,False,0.19
ht05,ok,,0.03758130026557622,0.8567571790859614,3.6477759882143115,1.7678399999999996,0.48463502301450445,0.48463502301450445,8.195678160992669,1.5361045624263492,0.10623804495022951,1.7741298132407395,9.034481084405654,19.00428905863906,9.969807974233408,0.03758130026557622,12.103952585430013,31.2928003046013,0.40402788102443443,22.16962666351991,3.6295088177972006,0.00795280101210771,16.99028923963749,1000000.0,1003612.4012844115,22.74157635872232,0.40132316552115166,14.222402015606846,3.603992505341624,0.007922696044715377,17.04955618410211,1000000.0,729360.3588111642,0.04811058297971067,0.7584,False,0.22
ht08,ok,,0.04122868846807442,0.8567571799761213,3.6477759844241895,1.7678399999999683,0.4846350235180427,0.4846350235180427,8.286736643589238,1.5968102090300857,0.10623805307800593,1.7819859121833361,10.075636051721714,20.14435860749429,10.068722555772574,0.04122868846807442,12.180225818745011,31.292800305337938,0.42826556093885826,23.326585374686154,3.868160660453089,0.008128808690972725,16.527795094407537,1000000.0,1003612.4023507952,22.78399197859254,0.4037971980987884,14.393033266635236,3.6497110119162013,0.00788993062921186,17.038581795750698,1000000.0,730720.6993832368,0.04998922135991456,0.8638866220735787,False,0.2
ht12,ok,,0.04228625089894038,0.8567571802361771,3.647775983317091,1.7678399999999996,0.48463502366513783,0.48463502366513783,8.026583262511641,1.4233746192438594,0.10623805537049617,1.800836388088329,10.360946973410194,20.188366624010165,9.827419650599971,0.04228625089894038,11.784246266849927,31.292800305527763,0.42920116358164223,23.581292740958897,3.8792223843052525,0.007902656038867877,16.659291957494606,1000000.0,1003612.4026614969,21.81254285471106,0.43000694621779784,13.9494279168039,3.886429591508493,0.007910642552391933,16.64204830939505,1000000.0,699564.7027059578,0.05018653189516628,0.8679585284280936,False,0.22
ht13,ok,,0.05206910377185885,0.8567571806759361,3.647775981444288,1.767839999999888,0.48463502391392344,0.48463502391392344,8.781050696426707,1.9263529047494692,0.10623805900059748,1.8009209362056935,13.174470506890646,23.756442139523045,10.581971632632401,0.05206910377185885,11.475877468717918,31.292800306917155,0.5050578282334669,27.148707343555596,4.528839542487448,0.008011528537003773,15.424595710490854,1000000.0,1003612.4032212578,21.24075750727866,0.48828699335061937,14.467976754901382,4.378362825585525,0.007856076647641283,15.764931188377389,1000000.0,681226.5913897055,0.06500711897213415,1.1981,False,0.19
ht14,ok,,0.05473887117188255,0.8523027396257918,3.6668405723676942,1.7678399999999979,0.48211531565401444,0.48211531565401444,9.20434778433199,2.2376005922445596,0.07894824707518062,1.793752414761057,13.949480396316215,24.947580595409264,10.998100199093047,0.05473887117188255,11.331157898420827,31.292800307209085,0.5331531879181258,28.551594756518774,4.75460151823004,0.008030701277948929,15.040566072253151,1000000.0,998394.4343728508,21.056711069627063,0.5190976102359768,14.944414303719165,4.629126104858808,0.007933662898692632,15.301733879145814,1000000.0,671812.779033064,0.07489598956598957,1.3203759197324416,False,0.19
ht21,ok,,0.04456341799140793,0.8567571789683884,3.647775988653792,1.767839999985193,0.48463502295205696,0.48463502295205696,8.52914087669712,1.7584130437503729,0.106238044185947,1.795889194272326,11.020821295131885,21.345851366101332,10.325030070969447,0.04456341799140793,11.971383527126813,31.29280030583848,0.45380908856213914,25.0331420306647,4.035251327304207,0.009053081673968243,15.637438034868946,1000000.0,1003612.4011947698,22.219974308191254,0.4353642720226448,14.698880933675348,3.873475988360025,0.008866355576146638,15.980308615910436,1000000.0,712631.709274329,0.051035691326688545,0.9750565217391304,False,0.2
ht22,ok,,0.059222934263731014,0.8280688682438564,3.7741525921956858,1.767839999999745,0.4684071342677934,0.4684071342677934,7.914703923730061,1.3867976087973677,0.07940208973112695,1.8657371700409542,15.167139502364842,24.947580596135857,9.780441093771016,0.059222934263731014,11.273056737861392,31.292800307600366,0.548756196648326,28.966265565062436,4.234806359388171,0.007734635376422618,15.262735399975881,1000000.0,970006.6782673161,20.140487307784337,0.5193478686376057,13.649346731818268,3.9679888611194643,0.007438663398551905,15.875177270264594,1000000.0,624309.969068634,0.05078891332390381,1.3882829431438126,False,0.19
ht23,ok,,0.057162730942626146,0.8223915638389617,3.800207106954182,1.767839999999996,0.465195698614673,0.465195698614673,8.50723094879598,1.783871483595049,0.07951229998413345,1.8125969789911913,14.62775266786097,24.94758059564814,10.319827927787172,0.057162730942626146,11.052823264826582,31.292800307452097,0.5525444845018848,28.626688168052098,4.274818188906771,0.0073312425324443455,15.457776898878892,1000000.0,963356.2372202126,20.325943738797136,0.5417497117460452,14.15230167032025,4.178002288384039,0.007245997057710757,15.675275131639612,1000000.0,625738.9714494258,0.06507682131415135,1.4047702341137125,False,0.19
ht33,ok,,0.04392887095142038,0.8567571801735618,3.6477759835832355,1.7678399999998908,0.4846350236297486,0.4846350236297486,8.641860242676717,1.8335592732825772,0.10623805482917921,1.7495898103719831,10.884621084760186,21.276071137808884,10.3914500530487,0.04392887095142038,11.613636140811808,31.292800305803944,0.4523255724134822,23.531880756877044,4.0917072090266275,0.007991706061514427,16.253767033102704,1000000.0,1003612.4025970682,22.12639799333425,0.4418789151540574,13.784263431150476,3.9961665857597732,0.007868340702770118,16.488090659069044,1000000.0,709630.5614678556,0.05946530695473251,0.9686,False,0.19
ht34,ok,,0.04433768287986809,0.8567571790003042,3.6477759885435876,1.7678399999914163,0.4846350229684045,0.4846350229684045,9.225501808352607,2.2226536636549175,0.10623804435395108,1.84037862615674,10.911409070009274,21.977289504518623,11.065880434509348,0.04433768287986809,11.88078525688804,31.29280030585743,0.4672333535775984,24.69901733255838,4.183993578136097,0.007901757256614314,16.073714098112383,1000000.0,1003612.401229231,21.51873367800528,0.4975092017977607,14.706433139004666,4.4690171406826655,0.00822922747748098,15.437366881370153,1000000.0,690141.7503997795,0.0697351646424462,1.0334812709030101,False,0.21
ht35,ok,,0.04471236563537708,0.8567571797691556,3.6477759853044724,1.767839999999749,0.4846350234010302,0.4846350234010302,9.513408040666874,2.414591142441733,0.1062380512003652,1.798062944554503,11.061485794589496,22.372956779810874,11.311470985221378,0.04471236563537708,11.95780467810449,31.292800305928964,0.47564517063109324,25.31307770528282,4.074654247601794,0.0077711593277841415,16.011450481624678,1000000.0,1003612.4021274336,22.16793858509259,0.4792002456098851,15.291818575927845,4.11130230507576,0.00781136617378979,15.933033243960763,1000000.0,710962.837332999,0.07499279342554431,1.0700909698996655,False,0.2
isa571,ok,,0.05419234671610465,0.8150491351472544,3.834441545705495,1.76783999999999,0.4610423653425983,0.4610423653425983,9.361531547019156,2.3560396659879186,0.07965708199144272,1.8381669789846176,13.747882069288718,24.947580595292493,11.199698526003774,0.05419234671610465,10.733752802298257,31.292800307142244,0.55752212119102,28.62970731264761,0.6357791477247541,0.00843783841739405,15.024322360915875,1000000.0,954755.2558929552,19.464595119331797,0.6469014290737227,14.822897948975793,1.4830664038491683,0.007880483396343013,13.917848810484937,1000000.0,593872.2105918024,0.07400766928804754,1.426433779264214,False,0.19
isa960,ok,,0.051572695462182766,0.7924355111324487,3.943864480699224,1.7678399999999996,0.4482506964049059,0.4482506964049059,10.114959205643517,2.866265050797594,0.08011987309435233,1.8311612534296549,13.001460135774968,24.94758059484814,11.946120459073171,0.051572695462182766,10.826554557877765,31.29280030686029,0.5734320538631656,29.760872848332887,0.042068272460698684,0.01176118905833048,13.901559214481422,1000000.0,928265.4708496974,19.707994107746803,0.6922842156367545,16.34340096371178,1.1507766726322048,0.012046649267571955,12.581159544051001,1000000.0,584615.3188764005,0.09444794868529474,1.4956765886287626,False,0.2
isa961,ok,,0.0516192202298084,0.7875706056977434,3.9682261412374515,1.7678399999999996,0.44549880401944947,0.44549880401944947,10.101578399062243,2.859018342107121,0.08022290586505752,1.8202464309567805,13.025755764837339,24.947580594856362,11.921824830019023,0.0516192202298084,10.728776101210967,31.292800306865736,0.5769742032210533,29.03249495305236,0.09190530905175581,0.009927521319601831,14.57080552943894,1000000.0,922566.680638485,19.64711282814524,0.6994587018504654,16.11902639869969,1.2694613184928838,0.010601747277814799,12.903558025597416,1000000.0,579231.3723363038,0.09439890821865389,1.5110926421404682,False,0.2
isa962,ok,,0.05354615159545738,0.7328748390732919,4.264381991271301,1.7678399999999996,0.41455948449706537,0.41455948449706537,9.547381200098087,2.5075250667219797,0.08147542179813905,1.845482000595784,13.554717394471545,24.947580595165416,11.39286320069387,0.05354615159545738,10.495462106771681,31.292800307083915,0.6200348251505856,28.47786272897833,0.182008254377447,0.008179839681003699,15.475862157473648,1000000.0,858495.6100704334,18.957038691217058,0.7715576750188883,15.220241611346896,1.6007689610542701,0.008463660204272914,13.340319171139138,1000000.0,520072.8070559107,0.09731371231766613,1.6985,False,0.2
ist-mt1-12,ok,,0.051948958912569426,0.7408919016787057,4.21823785429267,1.7678399999999996,0.41909443257235146,0.41909443257235146,10.006743545249586,2.8112305185843764,0.08128027313739238,1.8492919482139722,13.091545101449805,24.94758059491336,11.856035493463558,0.051948958912569426,9.960991342872754,31.292800306904237,0.613325535983193,27.99353152950508,-2.557466166023631,0.006802842236465118,15.995920848555713,1000000.0,867886.8630945628,17.95460392736254,0.8853995615323212,15.852723027714166,-0.23742221390543952,0.006739233246859455,12.217808736057574,1000000.0,497960.06518425763,0.1199763000854029,1.6693,False,0.2
ist-mt1-15,ok,,0.051652298341724356,0.6834371453198904,4.57285397348016,1.7678399999999996,0.38659445725851355,0.38659445725851355,10.092064932573896,2.8857535477343466,0.07812580643991665,1.8560604043757827,12.999455257911148,24.947580594860824,11.948125336949678,0.051652298341724356,9.798721611251795,31.29280030686964,0.6648861944576573,28.06271575757922,-3.8796885251611273,0.008148311510526,15.703664573302008,1000000.0,800583.8892683022,17.597706030383268,1.0069209832485848,16.164205029735832,-0.9601276821406015,0.008483180396152147,11.58707857053852,1000000.0,450213.46117469994,0.1499673339561207,1.8937010033444817,False,0.19
ist-mt1-18,ok,,0.05249932990371047,0.615902702312974,5.074272695773761,1.7678399999999996,0.34839278572324084,0.34839278572324084,9.848453495520543,2.743591499834015,0.06978810251226854,1.85384075863108,13.245286340843677,24.9475805949953,11.702294254151623,0.05249932990371047,9.62460198353413,31.292800306968115,0.7377917339797635,28.39482101137087,-3.2514835928341124,0.009160084463916302,15.664222009798602,1000000.0,721473.4876596988,17.30569708450609,1.13158459703278,16.03287107967005,0.030296151512986084,0.0096228293525965,11.444857398916247,1000000.0,398992.787780666,0.17999214546650763,2.210998662207358,False,0.19
ist-mt1-21,ok,,0.0491513374087335,0.6539018597903976,4.7793995670875935,1.7678399999999996,0.369887467073037,0.369887467073037,10.81135653182274,3.374176460026853,0.07451175816808944,1.832526172394736,12.303697890168579,24.947580594386054,12.643882704217477,0.0491513374087335,10.465427274472706,31.29280030656137,0.6949176178344388,28.264302493774203,-1.3566806988841265,0.00979977706140803,15.261053238430916,1000000.0,765986.0130379419,19.03643075175754,0.9517067661104597,16.83705987366032,0.7719032845798264,0.010165235384065288,12.329274414926438,1000000.0,465974.2672807138,0.2099818753956264,2.0244030100334447,False,0.19
ist-mt1-24,ok,,0.04702141874363554,0.6442897715380802,4.8507029036627864,1.7678399999999996,0.3644502735191422,0.3644502735191422,11.423934114492878,3.785442781060038,0.07334090064258408,1.8210127581910358,11.70263372121612,24.947580593900035,13.244946872683915,0.04702141874363554,10.715467584287891,31.292800306272987,0.7052850173576252,28.05790005782827,-0.39235228945185135,0.010136719638198007,15.19832556959679,1000000.0,754726.3338495856,19.6144838196749,0.9530628390133588,17.476854332150204,1.616136628103117,0.01052109033923431,12.417796105498878,1000000.0,473066.2426720473,0.23998690377767173,2.069523745819398,False,0.19
j5012,failed,Maximum_Iterations_Exceeded,,,,,,,,,,,,,,,,,,,,,,,,,,,,,,,,,,,1.3
jn153,ok,,0.053304760208987,0.6137362853202276,5.092184282324681,1.7678399999999996,0.3471673258440966,0.3471673258440966,9.6168068333134,2.5898041409410295,0.06948814103144715,1.8502326175088992,13.480541144297481,24.94758059511978,11.467039450822298,0.053304760208987,10.04217736021111,31.29280030705745,0.7403960521332288,29.91263107402053,-1.190676981104554,0.014513024859484143,14.07936877663519,1000000.0,718935.7289904348,18.091738421034528,1.0181581084113036,15.631375122661565,1.130766882359827,0.012977099563416326,11.98152464325878,1000000.0,415648.2329098971,0.17567131914613282,2.222333110367893,False,0.19
joukowsk,ok,,0.04938604316347851,0.8182303487935125,3.8195335460340796,1.7678399999999963,0.46284185717797666,0.46284185717797666,10.743853727123012,3.2764497506580117,0.07959402837314916,1.7881137357892252,12.415613131639569,24.94758059455181,12.531967462912238,0.04938604316347851,11.585689253002178,31.292800306555513,0.5553545201234629,27.216433859215275,4.942119566939678,0.007837093448248058,15.258770105632841,1000000.0,958481.7556869639,21.59759941647591,0.5856511887535938,15.959338205608184,5.208058160940569,0.008039803580706465,14.715065754117933,1000000.0,661522.9319375088,0.118,1.417,False,0.19
jx-gs-04,ok,,0.055759002839153485,0.8467923046818563,3.690702251686316,1.767839999999992,0.47899827172247494,0.47899827172247494,8.910951702456769,2.0440666211540326,0.07904916687568996,1.785100831642738,14.251528061401055,24.94758059550056,10.696052534099508,0.055759002839153485,10.770214417858154,31.292800307305267,0.5366226407454253,28.20465609772542,3.6465363554181005,0.006404155927259694,15.783227977711437,1000000.0,991939.465591672,20.11130917078574,0.557021883693289,14.3667660709771,3.8442042296839904,0.0065586332523126095,15.348365951193728,1000000.0,637501.3126121853,0.06898946705198625,1.335475585284281,False,0.19
jx-gs-06,ok,,0.054217939690261445,0.8567571807016039,3.6477759813353368,1.7678399999999688,0.48463502392842056,0.48463502392842056,9.214366596343066,2.215230171153727,0.10623805917250492,1.8314915660609863,13.761918177483343,24.807776339887397,11.045858162404052,0.054217939690261445,11.201108949740966,31.292800307153414,0.5274090104644332,27.910901158207945,3.3748403640362192,0.006267659827048573,15.868003869307078,1000000.0,1003612.4032588565,20.386132551388783,0.5533225117479571,14.753173232887486,3.630402103262469,0.00647662481508842,15.301399535450477,1000000.0,653817.3408014199,0.07099357922983782,1.2953762541806022,False,0.19
jx-gs-10,ok,,0.05374035027640827,0.8567571807730053,3.6477759810298114,1.7678399999995997,0.48463502396891084,0.48463502396891084,9.43231581293741,2.3605296491449885,0.10623805872866462,1.8389940270283098,13.617058091732773,24.888367931698493,11.27130983996572,0.05374035027640827,11.329605101080048,31.292800307045262,0.5291223736494318,27.810236649005148,3.273950738031431,0.006081814601839677,15.924503282168871,1000000.0,1003612.4033392377,20.535874386693767,0.5564120859117728,14.95274447086886,3.5496212013427697,0.00634802520370906,15.300594348254362,1000000.0,658619.8117674459,0.07408397344028882,1.302833110367893,False,0.2
jx-gs-15,ok,,0.04553982907050871,0.8567571798908997,3.6477759847867306,1.767839999999895,0.4846350234698562,0.4846350234698562,9.65252346710183,2.507334758854293,0.1062380523156381,1.812835225242773,11.284697038600598,22.7500557309452,11.465358692344603,0.04553982907050871,11.585169637033742,31.292800306056165,0.4836622286847098,24.9327170156244,2.5355992342420985,0.00559388909887371,17.105665497963326,1000000.0,1003612.4022740423,21.302119236057003,0.5260058677220164,14.978124742371163,2.9850623115000774,0.00596021568145825,16.04336407237555,1000000.0,683194.5639550104,0.07599343407396254,1.1049826086956522,False,0.2
k1,ok,,0.05123194467283758,0.7550636656668799,4.139065892992929,1.7678399999999996,0.42711086165426737,0.42711086165426737,10.212961208392413,2.9441430468905887,0.08094543692975269,1.825243496782947,12.909375889614667,24.947580594790026,12.03820470517536,0.05123194467283758,11.2048418387241,31.29280030681993,0.6018140500795566,28.38777397836193,2.8056353243511527,0.008895004390901405,15.104707291839816,1000000.0,884487.7839071394,20.46273434836322,0.6791365976794785,16.07173334833717,3.510400084086439,0.009615224858362635,13.852463038329029,1000000.0,578377.0828755072,0.11591770650530944,1.6192,False,0.2
k2,ok,,0.04322957657575752,0.8563301227518428,3.6495951532767363,1.7678399999999994,0.4843934534527124,0.4843934534527124,11.387867900251344,3.6684029933260724,0.1022352231158773,1.785967123586345,10.647122449131846,23.820957472969535,13.17383502383769,0.04322957657575752,11.849102231705423,31.292800305689248,0.506681972992983,27.157492498849727,3.2981114035406374,0.009606145225507009,14.6927380345685,1000000.0,1003112.1440195162,22.115192893195797,0.5610426194737299,17.452853106818043,3.8046831285001574,0.0101572416097412,13.798022122897484,1000000.0,708917.6533193034,0.10278912973993796,1.2051685618729095,False,0.2
k3311,ok,,0.04826582250644831,0.8422802474198771,3.710473177037543,1.7678399999999996,0.4764459721580444,0.4764459721580444,11.066036011927624,3.4824676242710857,0.07913278744243173,1.8190182424504542,12.062526339821211,24.947580594199287,12.885054254378078,0.04826582250644831,11.252168991702728,31.29280030644457,0.539497304008983,27.24585898672633,1.3989849815622508,0.0058808551473537715,16.044970401511595,1000000.0,986654.0046027087,20.619490831392273,0.6417709894320001,16.46954216455252,2.078065356472947,0.005755549233580318,14.256989474130684,1000000.0,650127.281752801,0.11,1.3479866220735788,False,0.2
k3311sm,ok,,0.04940452043466624,0.8159684585679126,3.830121413130435,1.7678399999999987,0.46156239171413316,0.46156239171413316,10.73853955130051,3.273716658239054,0.07963881222772898,1.781602694337971,12.427438348833068,24.94758059447155,12.520142245638482,0.04940452043466624,10.858640578369197,31.292800306583214,0.5568939803153082,26.81499124042052,1.5192901737984617,0.00549892869302892,16.31361568576991,1000000.0,955832.1588868577,20.31624037704654,0.663064114633731,15.867625239457446,2.2552967457184088,0.005767196700363961,14.30085872789291,1000000.0,620555.3900515415,0.11025280945757998,1.4237,False,0.19
k3,ok,,0.04337997440201124,0.7380991090434521,4.23419866967488,1.7678399999999996,0.4175146557626551,0.4175146557626551,12.47123568908606,4.45511260502201,0.08134777392939155,1.7936733893161394,10.682671514428607,24.947580592830803,14.264909078402198,0.04337997440201124,11.131029328401876,31.292800305714344,0.6156462148941203,26.81549112994741,0.13332190053093051,0.006921440980063847,15.95742074433531,1000000.0,864615.362814495,20.6857231175287,0.805599577972606,18.996784529852555,2.4585598404063287,0.011884412038974789,12.188723553425511,1000000.0,571543.4164923958,0.1731130003945731,1.6794,False,0.2
kc135a,failed,Maximum_Iterations_Exceeded,,,,,,,,,,,,,,,,,,,,,,,,,,,,,,,,,,,1.27
kc135b,ok,,0.042787165978808016,0.8549017652825661,3.6556928439184144,1.7678399999990657,0.48358548583752936,0.48358548583752936,12.289929097302387,4.282952824193616,0.08962454733044492,1.7769934054547094,10.528856184497087,24.59577868725418,14.066922502757096,0.042787165978808016,11.846355943034974,31.292800305613078,0.5240368449800862,25.994089102257828,3.4777647912785636,0.006090949630614034,16.04565356394201,1000000.0,1001438.9543383422,22.221721826449595,0.5943383925568956,17.401903842099706,4.180438585698403,0.006362772416457622,14.661434427405135,1000000.0,711144.3415783242,0.1298,1.2807,False,0.19
kc135c,ok,,0.04255536359506798,0.8563369452867735,3.649566076532981,1.767840000000138,0.48439731270177544,0.48439731270177544,11.188482942419133,3.5354139069181585,0.10229830299723856,1.8233737941893529,10.415808018100686,23.42766475470917,13.011856736608486,0.04255536359506798,12.04604886748107,31.292800305574524,0.4983124982043754,24.82117276687305,3.133058716615572,0.00535333016658036,16.93935168177132,1000000.0,1003120.1359892526,22.021538508942214,0.5588633055032134,16.38230100292193,3.61639049995462,0.00608568533738988,15.373128959301157,1000000.0,705921.1220495183,0.10592,1.168743143812709,False,0.19
kc135d,ok,,0.043191709238662994,0.8567571772769107,3.647775995916624,1.7678399999999996,0.4846350219911931,0.4846350219911931,10.39613354105272,3.003074833473153,0.10623802798707002,1.8084270550156707,10.613771640873262,22.81833223694165,12.20456059606839,0.043191709238662994,11.506218116895868,31.292800305682903,0.4851137768208891,24.5167395040374,2.2149010558569358,0.00491375522441824,17.493440036074517,1000000.0,1003612.3991999635,21.208519460753447,0.5648719507878186,15.517196900016177,2.778734614255348,0.0052144957194248005,15.625094218268805,1000000.0,680192.6606619611,0.08992,1.1113,False,0.19
kc135winglet,ok,,0.056949140898172886,0.7222820159223208,4.326922444011275,1.7678399999999996,0.40856752642904387,0.40856752642904387,8.568660746704,1.8583434766212075,0.08173988086616651,1.8536049607391665,14.52531488817603,24.947580595619193,10.422265707443167,0.056949140898172886,10.522278628913206,31.29280030743313,0.629128114341789,27.88905036400983,0.6098927286229007,0.005606879553235675,16.573757120580357,1000000.0,846087.0899772337,18.92218829754896,0.718817988945951,14.015570710705834,1.4726442687532737,0.007035066025909013,14.589521110257296,1000000.0,511613.5045565601,0.07959999999999999,1.7380755852842809,False,0.19
l1003,failed,Maximum_Iterations_Exceeded,,,,,,,,,,,,,,,,,,,,,,,,,,,,,,,,,,,1.26
l188root,ok,,0.04456804784832643,0.792142414813094,3.9453237286093352,1.7678399999999996,0.44808490293979897,0.44808490293979897,12.129538528792747,4.209419121782069,0.08012604470482593,1.7982172083752874,11.019824856055306,24.947580593223343,13.927755737168034,0.04456804784832643,11.560161925299544,31.292800305906642,0.5736442263454693,26.730381137229347,2.723913843995601,0.006181224285949607,16.07728187626927,1000000.0,927922.1353839381,21.42893133535724,0.6829409667993048,17.57672404580254,3.7444286445688495,0.006645155674309638,14.093977152276484,1000000.0,635429.8602016522,0.13984920889357588,1.4966,False,0.19
l188tip,ok,,0.04826014366802223,0.777505406895882,4.019596825798681,1.7678399999999996,0.43980530302283133,0.43980530302283133,11.067669280470618,3.5065031471899597,0.08044013404694605,1.8141240377010002,12.065787276046454,24.94758059421807,12.881793318171617,0.04826014366802223,11.280803131563564,31.292800306440274,0.5844434246669801,26.765160382625773,2.1064445641822833,0.005323643465608431,16.519882501447377,1000000.0,910776.224022693,20.727732130634756,0.6878213493689541,16.327478148528122,2.934452558178583,0.005571508436379995,14.572907850570642,1000000.0,603280.1608556611,0.1198895342297214,1.5436,False,0.19
l7769,ok,,0.05225607220432256,0.8004057048089911,3.9045926919596052,1.7678399999999899,0.4527591325057673,0.4527591325057673,9.918415700604001,2.7324671027053706,0.07995335321678143,1.8128791019687038,13.216285675858723,24.947580478431426,11.731294802572705,0.05225607220432256,11.103490453595157,31.29280015165879,0.5677219969229795,28.345690400302423,2.574274242306054,0.00858851691629643,15.025790362579258,1000000.0,937601.816580066,20.415942135978206,0.627195940598897,15.46573451178953,3.091053925978301,0.008361462863503236,14.256620269260253,1000000.0,611706.9850290143,0.1098,1.4708254180602007,False,0.19
la2573a,ok,,0.045153116675604864,0.844538692571843,3.7005507185026234,1.7678399999999999,0.47772348887447,0.47772348887447,11.961269170111192,4.078451054526064,0.07909082217915375,1.7899395453701037,11.196371877917791,24.94758059339909,13.751208715481296,0.045153116675604864,11.866992665954546,31.29280030599762,0.5380545932332075,27.44369585066904,4.311490329707873,0.007715150804474031,15.206077182639207,1000000.0,989299.5658019499,22.09942918025726,0.5946556200461368,17.585663138828043,4.775029915241691,0.007828185094157574,14.286113334875738,1000000.0,698657.6937414312,0.1369863596873591,1.3417076923076923,False,0.19
la5055,failed,Maximum_Iterations_Exceeded,,,,,,,,,,,,,,,,,,,,,,,,,,,,,,,,,,,1.19
lds2,ok,,0.047991075373115144,0.8037972496208527,3.8881176404549382,1.7678399999999996,0.45467760069964075,0.45467760069964075,11.145054961122701,3.5490389362682113,0.07988410234145367,1.8133153262071655,11.989210306808724,24.947580594138593,12.958370287329867,0.047991075373115144,11.465788096164694,31.29280030640745,0.5653265458638447,26.935845150576206,2.766243630600055,0.005674840264511419,16.270117777120937,1000000.0,941574.7046846881,21.077025656549203,0.6472790395106449,16.5727046927771,3.3678794570356065,0.0063239979093825775,14.56684679626952,1000000.0,634190.4212431052,0.11970047619047619,1.4604,False,0.19
legionair140_sm,failed,airfoil 'legionair140_sm' not found in the aerosandbox UIUC database,,,,,,,,,,,,,,,,,,,,,,,,,,,,,,,,,,,0.0
lg10sc,ok,,0.050627103899039044,0.7892970757843234,3.959546236117034,1.7678399999999996,0.44647540262938024,0.44647540262938024,10.386917099405931,3.048651527543925,0.08018619602335395,1.804958268343237,12.755705226930825,24.94758059467999,12.191875367749168,0.050627103899039044,11.354221770141175,31.29280030674696,0.5757121578734746,28.012792959372042,3.9551456461533134,0.00806178255279048,15.284127037492324,1000000.0,924589.0818844314,20.968576705770904,0.6266116040231261,16.033378789985115,4.328812680116418,0.008293850893418718,14.449464331686237,1000000.0,619545.6109638084,0.09999,1.5056,False,0.19
lnv109a,ok,,0.05465606971426738,0.7006489547805749,4.460519414574376,1.7678399999999996,0.3963305246971304,0.3963305246971304,9.228161987870724,2.304605922568576,0.0802322220984408,1.8533176798306112,13.866100927624156,24.94758059532549,11.081479667701336,0.05465606971426738,10.864347219430444,31.292800307202576,0.648552915980355,29.022831525042953,2.1557043064124635,0.01053220534526697,14.778961425952126,1000000.0,820745.9443449223,19.540357881194296,0.7388198688467938,14.912800231380352,2.9346061202153653,0.010254170488940223,13.800592587816254,1000000.0,512503.4936022397,0.12977523031526636,1.822615719063545,False,0.19
lrn1015,ok,,0.04367193958723093,0.789328578241342,3.9593882088536674,1.7678399999999996,0.4464932223738246,0.4464932223738246,12.38726472331828,4.3822057825174925,0.08018552721442146,1.7954308733829936,10.76488499622947,24.947580592930745,14.182695596701274,0.04367193958723093,11.070141463641656,31.29280030576217,0.5756891809393069,26.92565852474524,0.06238740666906083,0.006628412315196327,15.888632133615207,1000000.0,924625.9840924066,20.55243233951048,0.7587187525572966,18.028262283685823,1.6963112192819494,0.006599288517247982,13.076766152483097,1000000.0,607274.2864726384,0.15187363857088942,1.5055,False,0.19
ls013,ok,,0.045362930384578184,0.8162378772829663,3.8288571905081534,1.7678399999999992,0.46171479165703155,0.46171479165703155,11.900925469461711,4.048544292539758,0.07963345449467742,1.7709775998187736,11.27567752433986,24.947580593620344,13.671903069280486,0.045362930384578184,11.639380692301327,31.29280030597363,0.5567101642199416,28.01584347156267,4.781453005518438,0.009834045431064104,14.474131035273194,1000000.0,956147.7581654231,21.907637705284735,0.6224829262293555,17.796146171776677,5.365495161468698,0.010455377897427875,13.459676601087757,1000000.0,669385.2411351512,0.1286396015936255,1.4229,False,0.19
ls413,ok,,0.050199685080786156,0.7222491976720941,4.327119054854093,1.7678399999999996,0.40854896239031485,0.40854896239031485,10.509845355214727,3.1524766762194965,0.08174071121464725,1.8294402019371914,12.608295037450265,24.947580594602186,12.339285557151918,0.050199685080786156,10.969670301469286,31.292800306694332,0.6291567012711751,27.289063079851434,0.9673656549631322,0.0062128733786512,16.31344558286664,1000000.0,846048.6463892062,19.98729864624439,0.7627830992367772,16.0297319619923,2.1671820663794112,0.007052636113437658,13.968020816687508,1000000.0,540387.1433332334,0.1293,1.7382,False,0.19
ls413mod,ok,,0.05071740871368521,0.7172721431488905,4.357144349534931,1.7678399999999996,0.405733631521456,0.405733631521456,10.360944884612318,3.0547389019546594,0.08186746683241614,1.8315156600027247,12.755120050083947,24.94758059469899,12.192460544615042,0.05071740871368521,10.915499202912576,31.29280030675796,0.6335223346443517,27.526421616917016,1.1133940546170482,0.0067421569537342825,16.111740281719154,1000000.0,840218.4838155409,19.866058553377478,0.7682282793919155,15.962758192048355,2.302805586602555,0.007713183543286174,13.812390030919698,1000000.0,533407.9862934105,0.1302,1.7572,False,0.21
ls417,ok,,0.04458853612706895,0.7261475134289543,4.303888958928138,1.7678399999999996,0.4107540916762572,0.4107540916762572,12.123645975025692,4.227136779376862,0.08164249069562443,1.8056419700488076,11.018292648158972,24.94758059323347,13.929287945074499,0.04458853612706895,11.159491329245123,31.292800305909868,0.6257790797288718,26.987857542153048,0.7500355598806506,0.0070173885791596224,15.964737089375424,1000000.0,850615.1654861036,20.601151860582632,0.8061713732542894,17.811511295575826,2.2823657631523218,0.007507232977198638,13.23444872133208,1000000.0,559989.9027184339,0.16982999999999998,1.7235,False,0.2
ls417mod,ok,,0.04718330176780983,0.6891291215181626,4.535083728162588,1.7678399999999994,0.3898141921882992,0.3898141921882992,11.377375570626246,3.740905888463926,0.07882493017010747,1.810096324489999,11.76010869883139,24.947580593947634,13.187471895116245,0.04718330176780983,11.099149227242533,31.29280030629581,0.6593944567336104,27.94713361706944,1.740795597578308,0.009625892965426186,15.146400593799976,1000000.0,807251.5169550965,20.439334410135615,0.817022023678049,17.244845445440216,3.0838329180980852,0.010202291456717878,13.122622751482405,1000000.0,527267.7276125685,0.170003765234147,1.8698,False,0.19
ls421,failed,Maximum_Iterations_Exceeded,,,,,,,,,,,,,,,,,,,,,,,,,,,,,,,,,,,1.22
ls421mod,failed,Maximum_Iterations_Exceeded,,,,,,,,,,,,,,,,,,,,,,,,,,,,,,,,,,,1.24
lwk79100,ok,,0.0489384832979504,0.856757179994057,3.6477759843479545,1.7678399999999996,0.48463502352817966,0.48463502352817966,10.49348248710462,3.0679741045244078,0.10623805324306103,1.8098042487659969,12.265201674867876,24.568488410738496,12.303286735870618,0.0489384832979504,11.686759514918396,31.292800306533685,0.5223217911592741,27.705699299735603,4.614403824086888,0.007927575337292029,15.19286802496809,1000000.0,1003612.402410137,21.524905290884245,0.5528244114359318,16.2686241191825,4.8465951710340125,0.008102550084273706,14.650538825543064,1000000.0,690339.6851359622,0.09993387919463087,1.2732357859531773,False,0.2
lwk80080,failed,Infeasible_Problem_Detected,,,,,,,,,,,,,,,,,,,,,,,,,,,,,,,,,,,0.24
lwk80100,ok,,0.038845300113878704,0.8550288565994792,3.6551494624747614,1.767839999999999,0.4836573765722462,0.4836573765722462,11.068995079791627,3.467871161734838,0.09069996179386282,1.7842650360922838,9.387879917981223,22.241140033865136,12.853260115883911,0.038845300113878704,12.230020444361623,31.292800304872245,0.47379855615538247,25.858271777252344,4.892762660515879,0.009044556165000274,15.400038695040198,1000000.0,1001587.8301273044,22.847914401675386,0.5136244820338493,17.559479526569884,5.302433081099453,0.00942529291697041,14.695160399164779,1000000.0,731292.5908054769,0.10059194177764014,1.0620541806020067,False,0.2
lwk80120k25,failed,Maximum_Iterations_Exceeded,,,,,,,,,,,,,,,,,,,,,,,,,,,,,,,,,,,1.23
lwk80150k25,failed,Maximum_Iterations_Exceeded,,,,,,,,,,,,,,,,,,,,,,,,,,,,,,,,,,,1.26
m10,ok,,0.046036572132281246,0.8567571798020673,3.647775985129253,1.7678399999912455,0.4846350234219783,0.4846350234219783,9.154271214521547,2.175166592812587,0.10623805213278344,1.8179579962220656,11.422440598279284,22.394669809022897,10.972229210743613,0.046036572132281246,11.269437347738167,31.29280030607231,0.4761067858307403,24.841088647886558,2.9217760400836754,0.00570443204592514,17.198877518615763,1000000.0,1003612.4021754115,20.663178817767715,0.5349943168668967,14.676037722306933,3.491160585458446,0.007105385974763125,15.34855458681802,1000000.0,662702.6768791862,0.061889764,1.0721,False,0.19
m11,ok,,0.04913514272908733,0.8567571801324032,3.647775983752097,1.7678399999983452,0.4846350236068904,0.4846350236068904,10.169201523403034,2.851786794426872,0.10623805451702893,1.8106680198429688,12.320898354203429,24.300767897449433,11.979869543246004,0.04913514272908733,11.447083048085627,31.292800306549662,0.5166300995185263,26.623808840198837,2.6311721789120384,0.00595594376588538,16.228658711014294,1000000.0,1003612.4025736486,21.073406651832258,0.5616052476380203,15.476259928430673,2.864476759184542,0.006074891042608012,15.321300975747382,1000000.0,675859.369346061,0.0815,1.2484645484949832,False,0.19
m12,ok,,0.047218689129151815,0.8002519940656425,3.9053426780260447,1.7678399999999996,0.4526721841714424,0.4526721841714424,11.367197949940685,3.6983759883079954,0.07995695175430129,1.8065523323027934,11.773830311714015,24.947580593957493,13.173750282243478,0.047218689129151815,11.545073321059046,31.292800306300443,0.5678310408128002,27.183896974956273,3.526057029713627,0.006783352016976987,15.78026764749289,1000000.0,937421.7631853487,21.302221390846107,0.6470520111703746,16.838802068315875,4.101759898656407,0.007124348235387035,14.365931767913176,1000000.0,638139.3080999225,0.1193,1.4713,False,0.19
m13,ok,,0.04877272291179759,0.8567571804422113,3.6477759824287945,1.7678399999973162,0.4846350237824192,0.4846350237824192,9.177916353267069,2.190930011584924,0.10623805740367501,1.8388776689582187,12.188454557845494,23.20524858007078,11.016794022225287,0.04877272291179759,10.594226080611163,31.292800306491287,0.49333954916873235,26.689469791942816,1.8168435303047734,0.007671202233636723,15.77727714104866,1000000.0,1003612.4029352722,19.20415236505486,0.6218899072280124,14.662994865066675,2.9591185721342033,0.007758013627554856,13.74163984763682,1000000.0,615909.2606815938,0.062099999999999995,1.1471,False,0.19
m14,ok,,0.05221259803232007,0.8349408815855818,3.743089282758512,1.7678399999999816,0.47229437142817815,0.47229437142817815,9.93091932857204,2.728430788273551,0.07927071475816265,1.8494185500988665,13.167242716469246,24.947580595140153,11.780337878670906,0.05221259803232007,10.83416120900093,31.292800306886992,0.5442396374729082,28.412764630275888,2.0450745814933935,0.007791619273665294,15.211270180880822,1000000.0,978056.6111553631,19.52714851634812,0.6599798556388935,15.242975368712207,3.0242020643204337,0.005935075034897192,14.014807988309252,1000000.0,610321.1127200924,0.0806,1.3686260869565217,False,0.19
m15,ok,,0.0469755962817145,0.8013990215901704,3.899753033636977,1.767839999999992,0.4533210141133666,0.4533210141133666,11.43711246651016,3.7445838794325246,0.07993256212850423,1.802824228837442,11.707643591030672,24.947580286378276,13.239936695347602,0.0469755962817145,11.287329199839514,31.29279993648344,0.5670183211723614,26.912122680174022,2.1435647569041674,0.006369020781089719,15.959988908268244,1000000.0,938765.3895608078,20.869716561549634,0.6765662275532882,16.799113023186564,2.709549993263049,0.00680319166837486,14.002693559637562,1000000.0,626079.0864893259,0.11998776505250525,1.4677628762541806,False,0.2
m16,ok,,0.041416405500039055,0.8567571793088915,3.6477759872651525,1.7678399999999996,0.4846350231406076,0.4846350231406076,9.147225484597767,2.170469442680006,0.10623804701320688,1.8093199128206463,10.102290613015173,21.058836010433588,10.956545397418413,0.041416405500039055,11.223801125672484,31.292800305372342,0.4477071918475998,25.1780075277316,1.9202142455557023,0.009727853017996698,15.352367391789905,500000.0,1003612.4015702824,20.677753090432557,0.53347677578076,14.93569854215463,2.675840286168977,0.00956612147060986,14.35626567961263,500000.0,663170.0977749687,0.06149754524547545,0.9485,True,0.2
m17,ok,,0.051468032412220574,0.8545729425663313,3.6570994820079603,1.76783999999925,0.48339948330544275,0.48339948330544275,10.145060298150549,2.8559119891766813,0.08688274246928594,1.822683264533234,12.97983642906541,24.947579991749194,11.967743562683783,0.051468032412220574,10.883412658367838,31.29280023253754,0.5317368374797564,26.841128825575257,2.709048899912824,0.0066091742402130125,15.660820726680127,1000000.0,1001053.766368148,19.903645850311687,0.6305277182120129,14.912504128731952,3.4152616329681553,0.006204249643688437,14.120697219908212,1000000.0,636715.7779058426,0.08080256025602561,1.3142117056856188,False,0.19
m18,ok,,0.04573137407561655,0.8263491595210571,3.782006951409416,1.7678399999999905,0.4674343603047004,0.4674343603047004,11.794958323273772,3.9742576401168277,0.07943500446332388,1.8032879046165342,11.349334032764085,24.94758026065439,13.598246227890305,0.04573137407561655,11.494211521792224,31.29279991777189,0.5498982151134607,27.422508194390357,2.84106057000847,0.0069831814996171035,15.594967264156313,1000000.0,967992.1852760696,21.246767256569324,0.650189434242056,17.51238252533117,3.409296036084489,0.007396245067029775,13.854531452231514,1000000.0,657234.4028269034,0.1202,1.3932531772575252,False,0.19
m19,failed,too few converged polar points,,,,,,,,,,,,,,,,,,,,,,,,,,,,,,,,,,,0.01
m1,ok,,0.037619367200740654,0.8567571731762149,3.6477760133759594,1.767839999999997,0.4846350196715859,0.4846350196715859,9.12824340961203,2.1578147862983417,0.10623798915637866,1.8174537275027465,9.002105452593721,19.9478025897085,10.945697137114777,0.037619367200740654,12.707870994017258,31.29280030460974,0.424086817567017,23.095148507334837,3.8313624758550184,0.0089333815695702,16.081515139223633,1000000.0,1003612.3943619583,23.307096813001813,0.41948422687392767,15.3012222626947,3.7886394421139715,0.008890243220656503,16.1641682918168,1000000.0,747497.5397033083,0.0616,0.8457,False,0.19
m20,failed,Infeasible_Problem_Detected,,,,,,,,,,,,,,,,,,,,,,,,,,,,,,,,,,,0.39
m21,ok,,0.047174656835233204,0.7982108774844816,3.9153290862799044,1.7678399999999987,0.45151760198008994,0.45151760198008994,11.379861723069878,3.7075301871058,0.07999885332801543,1.8735148170607014,11.694203933668767,24.94758047379935,13.25337654013058,0.047174656835233204,11.656762992934285,31.29280016172739,0.569283052293738,27.956711605927694,1.5343096180229796,0.009338087625859451,14.743293725382786,1000000.0,935030.7781262207,20.739561966248043,0.6885191965337076,17.1168097860699,2.590761431648252,0.009310105670179484,13.207088396008515,1000000.0,619699.3769517435,0.1195,1.477619397993311,False,0.19
m22,failed,too few converged polar points,,,,,,,,,,,,,,,,,,,,,,,,,,,,,,,,,,,0.01
m23,failed,too few converged polar points,,,,,,,,,,,,,,,,,,,,,,,,,,,,,,,,,,,0.01
m24,ok,,0.04664223439867235,0.8110610379757154,3.8532960150572215,1.7678399999999994,0.45878645011749686,0.45878645011749686,11.532989842061793,3.8050979010258508,0.07973679565880973,1.7977847398868534,11.61680601201219,24.947580593960836,13.330774581948647,0.04664223439867235,11.607327725242175,31.292800306161016,0.5602635331118201,28.1890493070102,2.0599446551455034,0.00966685585257647,14.560633708782497,1000000.0,950083.5660577944,21.521537901088763,0.6329385664233886,17.305857624627627,2.7127432190445626,0.009466258719696984,13.68910674501444,1000000.0,653417.3763953199,0.11943157459563142,1.438364882943144,False,0.19
m25,failed,too few converged polar points,,,,,,,,,,,,,,,,,,,,,,,,,,,,,,,,,,,0.01
m26,failed,Infeasible_Problem_Detected,,,,,,,,,,,,,,,,,,,,,,,,,,,,,,,,,,,0.74
m27,failed,Maximum_Iterations_Exceeded,,,,,,,,,,,,,,,,,,,,,,,,,,,,,,,,,,,1.25
m2,ok,,0.04748844445683147,0.8567571791263044,3.6477759879995806,1.7678399999895886,0.4846350230401791,0.4846350230401791,10.088156434506578,2.7977567468776514,0.1062380456038839,1.7967078504091964,11.861258069155227,23.746122354071,11.884864284915775,0.04748844445683147,11.829999242614894,31.292800306322164,0.5048384323136028,27.085947318858132,4.4402137122298395,0.009119030441363267,14.922941475479218,1000000.0,1003612.4013927712,21.9475474544932,0.5136541472970312,15.9392612283007,4.532478411547095,0.009218414961372568,14.760336398683421,1000000.0,703894.5249344013,0.08,1.1971451505016721,False,0.19
m3,ok,,0.0453391553804221,0.8368579685080983,3.7345145570777385,1.7678399999999992,0.47337879474844935,0.47337879474844935,11.907762924398247,4.045621385330182,0.07923436644998706,1.7890095547295057,11.25080785696802,24.947580336095772,13.696772479127752,0.0453391553804221,11.74460678010855,31.292800009435,0.5429928897337181,28.29814568405096,5.064537921651604,0.00958459493205727,14.476886549769203,1000000.0,980302.2932149166,21.882884394626775,0.6096262672588773,18.03041138506596,5.55422851641236,0.010184200322039103,13.433570218721233,1000000.0,685520.0476704435,0.119,1.3632,False,0.19
m4,ok,,0.0464816053609342,0.8567571802236487,3.647775983369508,1.7678399999997756,0.4846350236581124,0.4846350236581124,9.211088913753185,2.213045053582616,0.10623805525628821,1.8099929480995562,11.55839991399879,22.57948177585153,11.02108186185274,0.0464816053609342,11.867758253987317,31.292800306195126,0.48003585587086406,24.907977572626685,3.448820610446157,0.0059407452892263676,16.972598987812944,1000000.0,1003612.4026683517,21.85599353936368,0.48032112312123043,14.658202388573939,3.4515161323235684,0.005942541205224835,16.965674425053756,1000000.0,700958.2387678558,0.06277355031294392,1.0892,False,0.2
m5,ok,,0.047991295088352065,0.8567571799504935,3.6477759845334328,1.7678399999999996,0.4846350235035375,0.4846350235035375,10.299071285925383,2.938366637476623,0.10623805285457223,1.8109056057195252,11.991683218736968,24.101660110381875,12.109976891644909,0.047991295088352065,11.727629064875039,31.29280030640748,0.5123971027051858,26.572874020211206,3.6056009721069877,0.006428085950786628,16.070544701352137,1000000.0,1003612.4023550588,21.587042836163942,0.5410103492331811,15.770164362009746,3.8693024099734794,0.006524005719064397,15.500582414854941,1000000.0,692332.5400222476,0.08208276727672767,1.2300418060200669,False,0.2
m665,ok,,0.045391575027501095,0.8567571791275889,3.647775988032355,1.7678399999988557,0.48463502303836514,0.48463502303836514,10.009795088067797,2.7455158471736016,0.1062380452994442,1.8063098781016032,11.24858361983666,23.06468858600606,11.8161049661694,0.045391575027501095,11.717725588669362,31.292800306032934,0.4903512689063315,25.53705042091843,2.922243219205011,0.006585994158751324,16.40038039380425,1000000.0,1003612.4013797386,21.623690247774586,0.5260939199589804,15.555425326501398,3.224562804526796,0.007079256151643737,15.512346126160374,1000000.0,693507.8830920991,0.078065,1.1340944816053513,False,0.19
m685,ok,,0.04451082059179951,0.8567571516778214,3.6477761049085062,1.767839999999952,0.4846350075107729,0.4846350075107729,11.343661256498846,3.6347602302866235,0.10623778495888599,1.7995191877919843,11.002063969043512,24.145244413334343,13.14318044429083,0.04451082059179951,11.650035312351491,31.292800305897615,0.5133237143628752,26.596573813341415,3.0538603321919138,0.0070991043716896645,15.72326003931676,1000000.0,1003612.3692198931,21.579903845771383,0.5875570470234666,16.92692323395523,3.651603733048294,0.007429067711622129,14.365380891938576,1000000.0,692103.5578305321,0.10208500000000001,1.2340745819397994,False,0.2
m6,ok,,0.04585603922583282,0.8222446170298782,3.8008862580202636,1.7678399999999996,0.4651125763812779,0.4651125763812779,11.759104362853545,3.9518400817811066,0.0795151463043629,1.8111105857587697,11.377365645056637,24.947580593668953,13.570214948612314,0.04585603922583282,11.73495443012253,31.292800306088054,0.5526432320642963,27.291317793454308,3.7789482766645377,0.0071671311679479726,15.52963164349345,1000000.0,963184.1024782911,21.598081903257793,0.6310469008778579,17.34421523800975,4.391989938669511,0.0074431100145469845,14.181453206932975,1000000.0,664783.2386286868,0.1201,1.4052,False,0.19
m8,failed,airfoil 'm8' not found in the aerosandbox UIUC database,,,,,,,,,,,,,,,,,,,,,,,,,,,,,,,,,,,0.0
m9,ok,,0.056264138626236936,0.7529263355175313,4.150815449232257,1.7678399999999996,0.42590185509861267,0.42590185509861267,8.765671572936858,1.9799786562949917,0.08099512883408441,1.848381227130117,14.333527795468054,24.94758059553503,10.614052800066975,0.056264138626236936,10.721934581787277,31.29280030736623,0.6035224181503275,28.985130036272864,1.0375885679910204,0.008798760505114484,15.150776317630717,1000000.0,881984.0978186562,19.33572004233249,0.6725342028247786,14.481451836669116,1.642681600617108,0.009183490575293503,14.092539251272191,1000000.0,544975.1198264068,0.104,1.6266351170568563,False,0.19
ma409,failed,airfoil 'ma409' not found in the aerosandbox UIUC database,,,,,,,,,,,,,,,,,,,,,,,,,,,,,,,,,,,0.0
ma409sm,ok,,0.05426711539661908,0.856757162083126,3.647776060589965,1.7678399999959904,0.48463501339774484,0.48463501339774484,9.222423699272694,2.2206015406460464,0.10623801300896357,1.8402386562678736,13.767314383603136,24.829976739143703,11.062662355540567,0.05426711539661908,11.11646818210533,31.29280017962433,0.5278810028645148,27.13504227689588,0.7403441632710712,0.0042286445445000945,16.89406265802712,1000000.0,1003612.3773612063,20.135917596417023,0.5680222936971855,14.367287836647716,1.1294482952346845,0.00410185831552976,16.052634375909676,1000000.0,645792.514996721,0.06692857142857143,1.2974304347826087,False,0.19
marske1,ok,,0.04632924215461577,0.8035817332430861,3.889160413075987,1.7678399999999996,0.45455569126339845,0.45455569126339845,11.623008318091165,3.867750166130171,0.07988845315196319,1.7910449674144004,11.533527308407658,24.947580593913223,13.414053285505565,0.04632924215461577,11.769464591250957,31.29280030610344,0.565478163462211,27.401509014024676,4.60060751233915,0.007590943901237362,15.420641608652227,1000000.0,941322.2470192799,21.90427898308934,0.6205522644299375,17.20664516383254,5.040788732502653,0.007781303939205258,14.49865195988615,1000000.0,658905.080721627,0.13995273151456708,1.461059866220736,False,0.19
marske2,ok,,0.04881145312538737,0.7739454283265603,4.03808608619537,1.7678399999999996,0.4377915582442758,0.4377915582442758,10.90910932216041,3.4019950651078967,0.08051836485843399,1.8095630164985743,12.228908255661658,24.94758059432064,12.718672338658983,0.04881145312538737,11.595117817986035,31.292800306517037,0.5871317357422446,28.108993541273108,4.8221703598678385,0.008930366349963243,15.007271525247614,1000000.0,906606.0358690388,21.35896477449398,0.6425062531164547,16.717914242262562,5.247922672733416,0.009202677037933336,14.164847085228251,1000000.0,618805.8018073137,0.1205,1.5553,False,0.19
marske3,ok,,0.048526507140158395,0.7784541440623517,4.0146979619003424,1.7678399999999996,0.4403419676341478,0.4403419676341478,10.991061523289359,3.455110787484127,0.08041944950274046,1.8078497283257375,12.148669342643943,24.947580594259037,12.798911251615095,0.048526507140158395,11.647878877750486,31.2928003064794,0.5837311371120696,27.94949689274155,4.849285268514305,0.00858307067535934,15.122183882489908,1000000.0,911887.5825383895,21.476487961083045,0.6357989184717253,16.744914918291258,5.275256636815703,0.008831294686074109,14.30589998590235,1000000.0,625835.4157007739,0.12060000000000001,1.5405,False,0.19
marske4,ok,,0.05147442593647524,0.7767419791549919,4.023547522177093,1.7678399999999996,0.4393734609212327,0.4393734609212327,10.143222119860457,2.890462623933155,0.08045687694490691,1.816498675641753,12.987859799329453,24.947580594831663,11.95972079550221,0.05147442593647524,11.41269219003437,31.292800306848704,0.5850178500680094,28.439167209807106,4.478421918788212,0.008926541022666911,14.996374131301373,1000000.0,909881.9385042107,20.942656226641375,0.6261624987079655,15.961148661223454,4.791389634246477,0.00912707444727026,14.36428514832138,1000000.0,608937.0225122775,0.10189999999999999,1.5461,False,0.19
marske5,ok,,0.049315858477618185,0.7565946490015967,4.1306904162276235,1.7678399999999994,0.42797688082722246,0.42797688082722246,10.764039270219808,3.311028855205345,0.08091001482850745,1.80723556044596,12.376305763760772,24.94758059442654,12.571274830665768,0.049315858477618185,11.547769490175698,31.292800306582613,0.6005962681639503,28.371847406301722,4.799411216424163,0.00970128940214812,14.797940775883662,1000000.0,886281.190362013,21.299140969621998,0.653278245743411,16.6615651735862,5.2179810629767704,0.009993923219316296,14.038427397039225,1000000.0,603238.6947573374,0.1222,1.6139,False,0.19
marske7,ok,,0.04558109625176667,0.8461313279703401,3.6935853363291966,1.7678399999999996,0.47862438228026305,0.47862438228026305,11.838179636958165,3.995798386966782,0.07906136332694418,1.8102078129642074,11.299193143600961,24.947580593523334,13.648387449922373,0.04558109625176667,11.375731211630011,31.292800306062617,0.5370418369827221,27.339571360657466,3.273096759494857,0.007059460538434183,15.487238226070547,1000000.0,991165.1919997913,20.947376189186997,0.6556780107306547,17.34956129832429,4.234635417501164,0.0067622527347242015,13.68035169866133,1000000.0,663485.2087182791,0.12047390431175792,1.3373,False,0.19
mb253515sm,failed,Infeasible_Problem_Detected,,,,,,,,,,,,,,,,,,,,,,,,,,,,,,,,,,,1.23
mh102,ok,,0.04323177995875597,0.7743382855858225,4.036037380271836,1.7678399999999965,0.4380137826872477,0.4380137826872477,12.43372452158678,4.418273266002301,0.08050970568067219,1.7931953119936863,10.640527967097501,24.86744780067797,14.226919833580467,0.04323177995875597,11.490032268719323,31.29280030568953,0.5849489192193618,27.19905721748041,2.3965852897373465,0.008020920489524599,15.391434454195675,1000000.0,907066.2320674828,21.358581135155564,0.7183592228320071,18.059619974707214,3.6798736731467763,0.007895521787673393,13.524330410536482,1000000.0,619108.7893482879,0.16977364823424201,1.5458,False,0.2
mh104,failed,Maximum_Iterations_Exceeded,,,,,,,,,,,,,,,,,,,,,,,,,,,,,,,,,,,1.18
mh106,ok,,0.043555894773559894,0.8556145439868555,3.652647430509328,1.7678399999999996,0.48398867770095466,0.48398867770095466,12.010171120014013,4.09001850147568,0.09577171155888213,1.7895773178450338,10.737363356431754,24.5371117942908,13.799748437859046,0.043555894773559894,11.812098281650545,31.29280030574348,0.522351376977754,26.69224015211301,4.366521829719856,0.006947710071090119,15.654609861172588,1000000.0,1002273.9091745627,22.00165399181968,0.5942766522121675,17.51694116265396,4.878640803083531,0.007168061889603694,14.366928326327335,1000000.0,704688.7315687074,0.1305309058379489,1.2733645484949834,False,0.19
mh108,ok,,0.04672465249934175,0.8553560646576186,3.65375122096197,1.7678399999999999,0.4838424657534724,0.4838424657534724,11.509285854839167,3.7584592334299334,0.09350970199670071,1.8041798729574219,11.634114826745293,24.94758055454188,13.313465727796588,0.04672465249934175,11.75523658551633,31.292800306230717,0.5312500147746114,27.536785626718146,4.25419502296044,0.0073226455515363765,15.335539402406363,1000000.0,1001971.1243794379,21.718522936125137,0.588558900786532,17.137890045860782,4.658372458882895,0.007483416895426353,14.349995113873334,1000000.0,695410.2104386296,0.11958051999182909,1.312092976588629,False,0.2
mh110,ok,,0.042006159045535035,0.8567571612089019,3.647776064328186,1.767839999999886,0.4846350129021615,0.4846350129021615,10.580168575310488,3.12576501517535,0.10623787553245194,1.7920901172411206,10.289137120949809,22.661395813501414,12.372258692551608,0.042006159045535035,11.874164315867992,31.292800305478423,0.4817773447806188,25.15679593899161,4.030081732449645,0.007336662943975111,16.14464489776154,1000000.0,1003612.3803712724,22.086248531124802,0.5280239934028214,16.1058862212198,4.357960478533383,0.007448265104315489,15.313565870044302,1000000.0,708342.8854372321,0.09995116175319824,1.0967792642140468,False,0.21
mh112,ok,,0.056405338114336595,0.6898743340559593,4.530184863126815,1.7678399999999996,0.39023573064075906,0.39023573064075906,8.725061740014404,1.9724711248684401,0.0789168558988524,1.8653969535973143,14.357121901939712,24.94758059555143,10.590458693611717,0.056405338114336595,9.50598550992287,31.292800307380155,0.6586821690102772,28.884436863833105,-2.4245413133619795,0.008485617875283338,15.550424412073992,1000000.0,808124.4650748372,16.98652841975735,0.9489467452851373,14.436797505904028,0.2398574571226784,0.008056170011844579,12.110181514401198,1000000.0,438670.5266980364,0.09995116175319824,1.8667,False,0.21
mh113,ok,,0.050582380978375016,0.6879305527629405,4.542985121169573,1.7678399999999996,0.38913620732811827,0.38913620732811827,10.399779683823766,3.0895379693555354,0.07867775613983441,1.8436248263305406,12.704176084516716,24.947580594671024,12.243404510154306,0.050582380978375016,10.080046701530845,31.292800306741494,0.6605433075736638,28.032030857481548,-2.0890827319416947,0.007909586748867277,15.773225991552314,1000000.0,805847.5036755715,18.225050559036767,0.9557106700187258,16.3077039239638,0.5960152676905328,0.007476143427162666,12.161604318110196,1000000.0,469328.7706244966,0.1465760955526004,1.8748,False,0.2
mh114,ok,,0.05207989796301169,0.694769981787234,4.498263234632777,1.7678399999999996,0.3930050127767412,0.3930050127767412,9.969084676706148,2.800337079369452,0.07951903689970809,1.8494578405216218,13.12903807770604,24.94758059493381,11.818542517227769,0.05207989796301169,9.999598682864645,31.29280030691938,0.6540408115124778,28.028990317071706,-2.024751939292,0.007343515872456681,15.96115093582564,1000000.0,813859.2670531971,18.022576605556928,0.9341044335928724,15.734444214627809,0.5042763388893929,0.006896544458157507,12.372046731210837,1000000.0,468728.9358173978,0.1305617088251963,1.8465,False,0.19
mh115,ok,,0.05335709330377085,0.7224074931430051,4.32617088729634,1.7678399999999996,0.4086385041310329,0.4086385041310329,9.601755516467582,2.54703459021346,0.08173613849041822,1.8509719739570625,13.494853104712773,24.947580595137417,11.452727490424644,0.05335709330377085,10.187812583901676,31.292800307063207,0.6290188391113627,27.940850202956195,-1.0526081006632433,0.006566475068960639,16.164635916539233,1000000.0,846234.0750148525,18.346779831070535,0.8400657998405243,15.117271307755354,0.86178617501803,0.006261947417101264,13.135071839234195,1000000.0,496141.9274561623,0.11077616154630406,1.7376,False,0.19
mh116,ok,,0.05082791496306615,0.8189414292697701,3.81621707475058,1.7678399999999832,0.4632440884185095,0.4632440884185095,10.329162614297495,2.999733914922204,0.07957997908052895,1.822483176850838,12.79593480377576,24.94758059492409,12.151645791148333,0.05082791496306615,10.98400953462238,31.292800306698258,0.5548723101135764,27.126006436446428,0.3179895269618041,0.005288999645988853,16.40524128451096,1000000.0,959314.7212056706,20.089823368725984,0.6557470427542397,15.513784856908263,1.2925812311115097,0.005070100850616158,14.59751225163898,1000000.0,615875.3168509257,0.09848824450926127,1.414901337792642,False,0.19
mh117,ok,,0.05166700399862751,0.8092750345709634,3.8617999222685158,1.7678399999999992,0.4577761757687142,0.4577761757687142,10.087835496072385,2.842294683618161,0.07977279444199983,1.8279916535079992,13.031753445289205,24.94758059486959,11.915827149580384,0.05166700399862751,11.22949810273655,31.292800306869765,0.561499988620972,26.98664841932649,2.053513546907645,0.005176184544302582,16.4900306490041,1000000.0,947991.4270116398,20.47693175765989,0.6263320041516287,15.259808513438083,2.6629004462440062,0.005456237183226955,15.134735874466157,1000000.0,620332.9701210033,0.09792209975638146,1.4437461538461538,False,0.19
mh120,failed,Infeasible_Problem_Detected,,,,,,,,,,,,,,,,,,,,,,,,,,,,,,,,,,,0.6
mh121,ok,,0.03614524675079034,0.8551256718924041,3.6547356351537745,1.7678399999999954,0.48371214130939805,0.48371214130939805,10.225095576089075,2.904408047494842,0.09152513324863334,1.7665843577822198,8.629008800837095,20.620688734708388,11.991679933871294,0.03614524675079034,11.766718249172955,31.29280030427033,0.4392286723092365,22.01748288423747,-0.42283763478622644,0.005123253156608918,18.460596338906353,1000000.0,1001701.2403378985,22.202389594997815,0.5074075947187925,15.061350343137985,0.19269152562477,0.0050903645710854255,16.91041107753989,1000000.0,710711.760517629,0.08751927894250934,0.9116,False,0.19
mh122,ok,,0.05034195385164471,0.8499157706141786,3.6771388102865457,1.767839999999998,0.4807650978675556,0.4807650978675556,10.468927990109789,3.0815497616051784,0.07899180129688564,1.8266276147571285,12.652024989808034,24.947580594674953,12.295555604866918,0.05034195385164471,11.004860055419659,31.292800306704347,0.5346505364591505,27.19394716029775,-0.15265975696640252,0.00531811739145168,16.29431168452127,1000000.0,995598.3192378129,20.082290749927306,0.6398115668398875,15.747803169125444,0.8159298918238223,0.005244570052482264,14.33980664572863,1000000.0,638929.55315952,0.0931516303977727,1.326892642140468,False,0.19
mh126,failed,Infeasible_Problem_Detected,,,,,,,,,,,,,,,,,,,,,,,,,,,,,,,,,,,1.13
mh18,ok,,0.040882343357446144,0.855250290687465,3.6542031024483617,1.7678399999999994,0.48378263343258743,0.48378263343258743,11.500368253243176,3.753470785830811,0.09259490817376123,1.7911046516497333,9.966906348567711,23.25837925346062,13.29147290489291,0.040882343357446144,11.71652997470466,31.292800305273637,0.49534031721871585,24.947160901817583,1.9965002490638453,0.005788699001525576,16.770481756878777,1000000.0,1001847.2198507945,21.80503516626441,0.5830054503353834,16.66805926047299,2.6257382641626457,0.0057547995333700214,15.08341228198657,1000000.0,698093.927259981,0.11140181071658434,1.1558076923076923,False,0.19
mh200,ok,,0.04516995714316907,0.8233743085256091,3.7956713407736755,1.7678399999999992,0.4657515999895972,0.4657515999895972,11.956425522373758,4.08297951936996,0.07949294918795315,1.8058655302461495,11.185289387138491,24.947580439758397,13.762291052619908,0.04516995714316907,11.453700108267867,31.29280013007216,0.5518849936182025,26.617324835563355,1.8404736345897998,0.0058489931343758145,16.123202671120097,1000000.0,964507.4269562426,21.141662943025928,0.6669932748199647,17.245354632081316,2.8796813204303784,0.005997520539646509,14.05643752200972,1000000.0,651628.8360899412,0.12950614431553148,1.4019,False,0.19
mh201,ok,,0.04817239509402574,0.7645800483164201,4.0875488086325475,1.7678399999999996,0.43249391818061605,0.43249391818061605,11.09290630486533,3.5276480091367612,0.08072755053254554,1.8211330200379792,12.033541269278299,24.94758059418161,12.91403932490331,0.04817239509402574,11.022076590313114,31.292800306431975,0.5943235423206157,27.104393463862863,1.1259191936163364,0.0059698344131231445,16.268373050365827,1000000.0,895635.3527478225,20.174394125409634,0.7401921239309263,16.63842957405875,2.522061575976808,0.0066159328495922,13.701688849667406,1000000.0,577413.9873084783,0.13068802368882515,1.5866,False,0.19
mh20,ok,,0.03812839817578489,0.8558318262723505,3.6517200805821064,1.7678399999999999,0.4841115860441842,0.4841115860441842,10.291450414701707,2.942187727821866,0.09770271932378768,1.7899861991681654,9.175973390274399,21.25741000414427,12.081436613869872,0.03812839817578489,11.639620311024814,31.292800304720778,0.45241748051596614,22.88291023866022,2.384513888256618,0.005171440444556529,18.10007957368453,1000000.0,1002528.4353968834,21.675437714610922,0.5359209220647208,15.309424497359698,3.1922539109712043,0.005385845511209597,16.140773452117635,1000000.0,694416.6852109205,0.08999762396415019,0.969,False,0.19
mh22,failed,Infeasible_Problem_Detected,,,,,,,,,,,,,,,,,,,,,,,,,,,,,,,,,,,0.24
mh23,ok,,0.03788180969073768,0.8558555362352135,3.651618916140409,1.7678399999999996,0.48412499787040325,0.48412499787040325,10.20317380735954,2.883114911626646,0.09791508237792565,1.7696024673624282,9.125436771608722,21.09821304633069,11.97277627472197,0.03788180969073768,11.945677922368766,31.29280030466735,0.4490168818825482,22.58139849618814,2.2810077538372524,0.0057784384653791635,17.743510848978147,1000000.0,1002556.2094405423,22.501622337386053,0.49280267685588386,15.250418297518511,2.61889529496158,0.006206160217585787,16.577145168079362,1000000.0,720905.1595637377,0.07984080083775905,0.9542,False,0.19
mh24,ok,,0.03827017062469203,0.8551806394405367,3.6545007235483697,1.7678399999999996,0.4837432343654046,0.4837432343654046,10.797885875410746,3.2857757151064013,0.09199593311565572,1.7799566652001566,9.226777544199871,21.80462008481077,12.577842540610902,0.03827017062469203,11.664580305378996,31.29280030475117,0.46441701673594615,23.80428033613101,2.888184426202263,0.0064180166469263505,17.016884132599323,1000000.0,1001765.6297909503,21.84431515184727,0.5497658309956237,16.239381749373702,3.730387821158904,0.0074635268051760325,14.974223862580747,1000000.0,699294.531404395,0.08998362867586804,1.0212240802675585,False,0.19
mh25,failed,Maximum_Iterations_Exceeded,,,,,,,,,,,,,,,,,,,,,,,,,,,,,,,,,,,1.21
mh26,failed,Maximum_Iterations_Exceeded,,,,,,,,,,,,,,,,,,,,,,,,,,,,,,,,,,,1.23
mh27,failed,Infeasible_Problem_Detected,,,,,,,,,,,,,,,,,,,,,,,,,,,,,,,,,,,0.86
mh30,ok,,0.04403954088986909,0.856757179438351,3.6477759867139588,1.7678399999999996,0.48463502321383783,0.48463502321383783,9.79563739936507,2.6027440512827438,0.10623804820511523,1.807474038580898,10.858566205029875,22.461677642975843,11.603111437945968,0.04403954088986909,11.690438625350222,31.292800305822382,0.47753136094186666,24.30277928092638,2.3053366817869216,0.0050988658463792975,17.55075964376148,1000000.0,1003612.4017363657,21.55944036781986,0.5196944297551005,15.005924048905943,2.7337301431511762,0.005475146452044372,16.414063795026657,1000000.0,691447.2823198816,0.07838249994010468,1.0783,False,0.2
mh32,ok,,0.050014579779343246,0.856757180260196,3.6477759832140966,1.7678399999998227,0.4846350236787729,0.4846350236787729,10.209845975161537,2.8788830941408685,0.10623805557960965,1.808089804365089,12.576408022701385,24.59434380222801,12.017935779526626,0.050014579779343246,11.349108170556905,31.292800306667882,0.5228714721191631,26.507960801219685,2.0764480230515043,0.005080080840870068,16.553052475386405,1000000.0,1003612.4027262988,20.9228327471307,0.57152795417471,15.353587043650611,2.5542701364329434,0.005401742525304108,15.416615926169158,1000000.0,671030.2126816685,0.08695496183776313,1.275628093645485,False,0.19
mh33,ok,,0.04167388715628478,0.8567571781518981,3.647775992188587,1.767839999999359,0.4846350224863159,0.4846350224863159,9.598427194791448,2.471270594272235,0.10623803624699704,1.7675570904589786,10.218106728244162,21.58409101349459,11.365984285250427,0.04167388715628478,11.174817117411063,31.292800305418993,0.45887402249838016,23.637486234562154,2.6748693277002227,0.005942474858782076,17.409106836406163,1000000.0,1003612.4002168305,21.073939049797662,0.5327999508944328,14.763294780571616,3.397179229108175,0.006747881484165384,15.546378327322019,1000000.0,675876.4426757952,0.0726772819840604,0.9971,False,0.19
mh38,ok,,0.05058512084104768,0.8462652574845324,3.6930007913708085,1.7678399999999999,0.4787001411239323,0.4787001411239323,10.398991682628683,3.0362898268513554,0.07905889104850933,1.7528217837066287,12.79576712833621,24.94758059467152,12.151813466335312,0.05058512084104768,10.764062353534781,31.292800306741427,0.5369568450130043,26.71623664971857,0.9266929745801882,0.005043782829325737,16.442640960629827,1000000.0,991322.0781549965,20.469969154103826,0.611232621105332,15.327871865362454,1.5888822293043747,0.005131967485720907,14.940163349913028,1000000.0,648466.4895024844,0.09685058004088934,1.336930100334448,False,0.19
mh42,ok,,0.048923823374261655,0.8567571801339678,3.647775983752216,1.7678399999999883,0.484635023607325,0.484635023607325,10.19460196167291,2.8687204196165625,0.10623805447946058,1.8147265291826362,12.256063111092837,24.265391601948384,12.009328490855546,0.048923823374261655,11.69411657032335,31.292800306531667,0.5158780056286622,26.39985202773715,2.948903851516348,0.005419300503870886,16.522638538582633,1000000.0,1003612.4025739714,21.480034562178083,0.5418727826775203,15.524479736623592,3.202079117199392,0.005579506721674384,15.914670879998349,1000000.0,688900.6059908235,0.0893488267195358,1.245191304347826,False,0.2
mh43,ok,,0.04484109477060829,0.8567571795246085,3.647775986346575,1.7678399999999683,0.4846350232626391,0.4846350232626391,9.935394624492563,2.695915533887916,0.10623804899520475,1.8006513580559291,11.09592066457472,22.831966647123213,11.736045982548493,0.04484109477060829,11.733560976946515,31.292800305949378,0.4854036407295127,24.58366050707894,2.890296261923081,0.005203522645807319,17.306037340223124,1000000.0,1003612.4018414994,21.720956557288318,0.517860126122138,15.070044581482598,3.199265398086371,0.005400823640590798,16.490951669157,1000000.0,696627.3765090462,0.08493396101837623,1.1125615384615384,False,0.19
mh44,ok,,0.05017240072079282,0.8526276708832878,3.6654431615647107,1.7678399999999983,0.4822991169355194,0.4822991169355194,10.517692479518402,3.113041529749653,0.07894232646308182,1.8231958915026132,12.606692208636362,24.947580579657377,12.340888371021016,0.05017240072079282,11.52394711047465,31.292800287396997,0.5329500067953837,27.185974142880106,3.261609531277965,0.00611468424720609,15.898886666253519,1000000.0,998775.0608861849,21.06913317101474,0.581567304037929,15.83600225563301,3.743777067849528,0.006424573094415589,14.889310915598239,1000000.0,672465.3777365674,0.09654679504433064,1.3194916387959865,False,0.19
mh45,ok,,0.05170492812395281,0.8259011130054301,3.7840586680253554,1.7678399999999963,0.4671809173937867,0.4671809173937867,10.076928286638484,2.8290674404161904,0.07944399913696804,1.8167659636020224,13.05388634467026,24.947580594910768,11.893694250240507,0.05170492812395281,11.510058785149658,31.292800306864304,0.5501965254045531,27.44921810802365,3.848206935281912,0.006224677401607932,15.939364269925694,1000000.0,967467.3519410652,21.118219619822263,0.5759442308739338,15.478425806634402,4.0883394447669605,0.006394117660728573,15.40056238522195,1000000.0,652903.792979421,0.09844055698731638,1.3945515050167225,False,0.19
mh46,ok,,0.050522819235091665,0.856757180737494,3.647775981145686,1.767839999991041,0.4846350239511697,0.4846350239511697,10.266623349840748,2.9167346743442395,0.10623805893660783,1.8171807574226806,12.713489833298887,24.797293940562312,12.083804107263429,0.050522819235091665,11.66498391921167,31.29280030655799,0.5271861564741859,27.137026556605505,4.24440422752961,0.005681759460556788,16.157192047219223,1000000.0,1003612.4032868707,21.397585007368214,0.549443095496553,15.672883730988431,4.442205694089067,0.005816149729453179,15.65976325603991,1000000.0,686256.3114647001,0.09098221426762587,1.2944063545150502,False,0.2
mh49,ok,,0.043954863724679244,0.8567571773356708,3.647775995666445,1.7678399999999999,0.4846350220244314,0.4846350220244314,10.605849371495882,3.142885386524161,0.10623802854167175,1.7932772990716828,10.848409275992728,23.24753594656029,12.399126670567565,0.043954863724679244,12.033687130419672,31.29280030580869,0.4942385730405447,25.35612998198898,4.838952475923161,0.006471300566815757,16.38984320319104,1000000.0,1003612.3992728296,22.368147110040915,0.5159167673275051,16.049354469209376,5.036559921423578,0.006697556487863892,15.872101394223023,1000000.0,717383.8572775065,0.10486431204916805,1.1510127090301003,False,0.2
mh60,ok,,0.0499414518091564,0.8548548759883897,3.6558933608233968,1.767839999998151,0.4835589623434722,0.4835589623434722,10.584114422087707,3.146156009308298,0.08923007082799066,1.8202235183692441,12.543242287985752,24.947580228442703,12.404337940456951,0.0499414518091564,11.643235495144657,31.292800243485935,0.5315614739215034,26.97751586659201,3.5411903487510656,0.0060463504491722175,15.92384513753498,1000000.0,1001384.0258461791,21.32198853170872,0.569288096239676,15.784002463592474,3.8934754992957137,0.00627326490299189,15.13009514811808,1000000.0,682313.4570506574,0.10075977134401726,1.3134484949832774,False,0.19
mh61,ok,,0.0412762080959922,0.8564527980613686,3.649072398005127,1.7678399999999999,0.4844628462198891,0.4844628462198891,10.732864482635126,3.230546966115741,0.1033737339028851,1.8142771942284082,10.057011704146655,22.60415338101019,12.547141676863534,0.0412762080959922,12.093869988731484,31.292800305346677,0.48073116043560626,24.208660235451685,3.3562030035115993,0.005472065007758356,17.248362112538985,1000000.0,1003255.8468743874,22.21981298705731,0.5292573382583283,15.92127690914872,3.809787296681946,0.00571449843058075,16.10456135825702,1000000.0,712373.3599486096,0.10234123333996005,1.0922260869565217,False,0.2
mh62,ok,,0.04906897389999066,0.856757180111698,3.647775983843479,1.7678399999991272,0.4846350235949639,0.4846350235949639,10.240423593432912,2.8992681745101385,0.10623805434044685,1.8203483442752129,12.292187471431136,24.35295940913926,12.060771937708125,0.04906897389999066,11.743604438942866,31.292800306548763,0.5177396819934998,26.640574873810984,3.519990962453905,0.0059740161560922584,16.19769791993207,1000000.0,1003612.4025489216,21.504317156063667,0.5429656522578588,15.627106754199108,3.7557424384015827,0.006138773090691791,15.637128040988397,1000000.0,689679.3893403814,0.09287121023889292,1.25329364548495,False,0.19
mh64,ok,,0.047372706687816124,0.8567571800694478,3.6477759840268043,1.7678399999999603,0.48463502357083615,0.48463502357083615,9.882650642081016,2.6607528738224016,0.10623805391119168,1.812496613107286,11.81218241902804,23.507329674216344,11.695147255188301,0.047372706687816124,11.694159267777424,31.292800306322135,0.4997617409187704,25.817059616356616,3.45105267489486,0.005907966293588652,16.590076609286207,1000000.0,1003612.402491688,21.506539990584834,0.5263967117233538,15.28238583675682,3.6999446696487124,0.006097742545435511,15.968877372185677,1000000.0,689750.6793239502,0.08582480108010852,1.1750505016722408,False,0.19
mh70,ok,,0.05151873333280625,0.7711388727789092,4.05278267757101,1.7678399999999994,0.43620399627732687,0.43620399627732687,10.130479042770935,2.883848467976088,0.08058052107406134,1.8297329728016327,12.987368579266906,24.947580594839472,11.960212015572568,0.05151873333280625,11.1892582225649,31.292800306853934,0.5892685983593208,27.340690644631437,2.311318769952753,0.005780536361301787,16.330826860210024,1000000.0,903318.4136429122,20.384136900282673,0.6657757080819855,15.527454148001803,3.078705189162591,0.006218070142919615,14.827906210487193,1000000.0,588421.8103743911,0.11074277414869481,1.5646,False,0.19
mh78,ok,,0.04784209528598036,0.7692192738082588,4.06289646140487,1.7678399999999996,0.43511815198675163,0.43511815198675163,11.187902541709244,3.5894382152828057,0.0806232944700404,1.8027903753227124,11.95688767707384,24.947580594105794,12.990692917031957,0.04784209528598036,11.698588356664194,31.292800306387136,0.590739127548533,27.961115871218045,5.115099468993453,0.009062982507898764,14.977688993362834,1000000.0,901069.7796178695,21.630520695027307,0.6438052725117845,16.94851433884049,5.553471490798682,0.009246634248122573,14.20331115515433,1000000.0,622846.4159441115,0.14447753908181007,1.571,False,0.19
mh80,ok,,0.051054983970235716,0.7535388657291969,4.147441369962646,1.7678399999999996,0.4262483401943598,0.4262483401943598,10.263856184443668,2.9785693528367427,0.08098075116279933,1.8281387766433337,12.85558563367384,24.947580594760844,12.091994961087002,0.051054983970235716,11.404039574189659,31.292800306798743,0.6030318320253235,27.45589307772628,3.9870266479826166,0.007773888390497706,15.548340206537855,1000000.0,882701.6207270543,20.793533692828188,0.6619756532114132,15.57182990380297,4.4182907055999365,0.007947288998615179,14.607898582994473,1000000.0,586540.217281683,0.12702528738651936,1.6245,False,0.19
mh81,ok,,0.051708672781209906,0.7343716127511014,4.255690458802135,1.7678399999999996,0.41540615256533486,0.41540615256533486,10.075851300367399,2.8593675581668294,0.08143866495147534,1.8383523588344821,13.03337693567124,24.947580594873124,11.914203659201881,0.051708672781209906,11.183043528113476,31.292800306876245,0.618771089204384,27.89203714256771,3.4155235185047244,0.0075161346310128885,15.730423103299193,1000000.0,860248.9430530601,20.27729427453821,0.7037776080963748,15.642160157111034,4.030240105519022,0.007762911089430004,14.384517448434764,1000000.0,557429.2104441143,0.1298316584350984,1.693,False,0.19
mh82,ok,,0.05227750897781011,0.7162071318467479,4.363623491910066,1.7678399999999996,0.40513119504409223,0.40513119504409223,9.912250545074569,2.755934852058774,0.08189464927593235,1.8306184096555875,13.204711640238168,24.947580594968322,11.742868954730156,0.05227750897781011,11.196917442813334,31.292800306942095,0.6344643923482096,27.82676071893541,2.989699752327817,0.0074144529641638835,15.84525711541058,1000000.0,838970.920827714,20.388223971664893,0.7035307741889331,15.433607430951582,3.6447388508899023,0.007696909031202167,14.713989613596558,1000000.0,546615.4154236786,0.13302375096168664,1.7613,False,0.2
mh83,ok,,0.054900837675024676,0.6738892402371426,4.637643812950948,1.7678399999999999,0.3811935696879484,0.3811935696879484,9.157765231304914,2.2657694793341303,0.07695486616056585,1.8456680294102106,13.944147334639885,24.94758059535501,11.003433260715125,0.054900837675024676,10.742190175117821,31.29280030722812,0.6743065411482615,28.085933547284423,1.85822631452406,0.007441285172573167,16.01033113074033,1000000.0,789399.394788195,19.400726464969118,0.7737666803602327,14.605465427918867,2.7222638741998404,0.007693020095016247,14.502932817915111,1000000.0,489407.19844623323,0.13291105784736967,1.9347,False,0.19
mh84,ok,,0.053903347817217354,0.6883855175119202,4.539982591289599,1.7678399999999996,0.3893935636210971,0.3893935636210971,9.444649390796604,2.4526467858967553,0.07873380906774927,1.843448555751878,13.659482648667508,24.94758059521599,11.288097946548483,0.053903347817217354,10.730931298240822,31.292800307122643,0.6601067441747858,28.338779942421784,1.6784926540969285,0.00834390752348263,15.609281840791777,1000000.0,806380.4531317482,19.40372617534035,0.7768283876084761,14.935888352173748,2.719726508110701,0.007976171952269658,14.127333076536862,1000000.0,500012.31440300046,0.13714505305037455,1.8729,False,0.19
mh91,ok,,0.04338399093405563,0.8155310320752025,3.832175775883668,1.7678399999999994,0.4613149561471642,0.4613149561471642,12.470080510141507,4.428233580563516,0.07964749910740421,1.7763405640746002,10.701159518781338,24.947580592997447,14.246421074216107,0.04338399093405563,11.8716630132463,31.29280030564667,0.5571926816157492,27.114930184318986,4.886321346312964,0.008016013325161662,15.195112160815626,1000000.0,955319.7538694567,22.277377910789205,0.6278320161008479,18.0012497250707,5.541316622484649,0.008351571524275675,14.035902658299563,1000000.0,680093.1516107159,0.1496584176212845,1.425,False,0.19
mh92,failed,Maximum_Iterations_Exceeded,,,,,,,,,,,,,,,,,,,,,,,,,,,,,,,,,,,1.18
mh93,failed,Infeasible_Problem_Detected,,,,,,,,,,,,,,,,,,,,,,,,,,,,,,,,,,,0.84
mh94,failed,Maximum_Iterations_Exceeded,,,,,,,,,,,,,,,,,,,,,,,,,,,,,,,,,,,1.29
mh95,failed,Maximum_Iterations_Exceeded,,,,,,,,,,,,,,,,,,,,,,,,,,,,,,,,,,,1.27
mi-strut1,failed,Restoration_Failed,,,,,,,,,,,,,,,,,,,,,,,,,,,,,,,,,,,1.29
mi-vawt1,failed,Infeasible_Problem_Detected,,,,,,,,,,,,,,,,,,,,,,,,,,,,,,,,,,,1.03
miley,ok,,0.04812689573112503,0.8214004357365998,3.8047925586956652,1.7678399999999976,0.4646350550596213,0.4646350550596213,11.105992198978512,3.516736199393968,0.07953167875059762,1.8112915964186402,12.030296798985976,24.947580594383126,12.917283795397152,0.04812689573112503,11.338471157827312,31.29280030635268,0.5532112024012964,28.354265098415166,1.6747162529169304,0.008846760197885722,14.833305435467313,1000000.0,962195.2215810941,20.866272407023807,0.6442179844005891,16.955707046432163,2.237754542241399,0.008746955736550183,13.612581615584805,1000000.0,641598.9430697216,0.1285567808619881,1.4076719063545153,False,0.19
mrc-16,ok,,0.04470442612304751,0.7959041986593345,3.9266764402855996,1.7678399999999994,0.4502128013051717,0.4502128013051717,12.090315306240043,4.181968221876674,0.08004717180267848,1.7770558330075081,11.080209454024791,24.947580593272342,13.867371139247552,0.04470442612304751,11.203453107774628,31.292800305926896,0.5709329382437796,26.568577673003077,2.246496846627481,0.006123993019245245,16.08997567048799,1000000.0,932328.7199003827,21.015008644595753,0.7036885989089586,17.433716853845823,3.2858132520358665,0.006644417729238,13.731766328164317,1000000.0,626115.142037976,0.1390057258749029,1.4848,False,0.19
mrc-20,failed,Maximum_Iterations_Exceeded,,,,,,,,,,,,,,,,,,,,,,,,,,,,,,,,,,,1.19
mrc12,failed,airfoil 'mrc12' not found in the aerosandbox UIUC database,,,,,,,,,,,,,,,,,,,,,,,,,,,,,,,,,,,0.0
mrc15,failed,airfoil 'mrc15' not found in the aerosandbox UIUC database,,,,,,,,,,,,,,,,,,,,,,,,,,,,,,,,,,,0.0
mrc16-85,failed,airfoil 'mrc16-85' not found in the aerosandbox UIUC database,,,,,,,,,,,,,,,,,,,,,,,,,,,,,,,,,,,0.0
mrc16-95,failed,airfoil 'mrc16-95' not found in the aerosandbox UIUC database,,,,,,,,,,,,,,,,,,,,,,,,,,,,,,,,,,,0.0
mrc20-700,failed,airfoil 'mrc20-700' not found in the aerosandbox UIUC database,,,,,,,,,,,,,,,,,,,,,,,,,,,,,,,,,,,0.0
mrc20-846,failed,airfoil 'mrc20-846' not found in the aerosandbox UIUC database,,,,,,,,,,,,,,,,,,,,,,,,,,,,,,,,,,,0.0
ms313,ok,,0.050116737619880766,0.7173241759383148,4.356828293862983,1.7678399999999994,0.4057630644958339,0.4057630644958339,10.533701550256179,3.169894091187603,0.08186551269661103,1.8235649810470562,12.59031406328329,24.947580594586526,12.357266531303235,0.050116737619880766,11.134025236560637,31.29280030668401,0.6334763806179288,27.982989933050614,2.1621218414810985,0.0084512143708092,15.440386995732371,1000000.0,840279.4354507494,20.352122266513536,0.7418120055941234,16.402315364338993,3.1701557617414506,0.009877311519511605,13.599194621158626,1000000.0,546498.5440973084,0.13134880000000002,1.757,False,0.19
ms317,ok,,0.04439838971781054,0.7306545804173183,4.277340277282578,1.7678399999999994,0.41330356843227817,0.41330356843227817,12.17833324060522,4.262189437155262,0.08153022163370677,1.79670071759107,10.972546634976927,24.947580593173218,13.97503395819629,0.04439838971781054,11.360090791190096,31.292800305879812,0.6219189407410777,27.184773963907816,1.8457445192776085,0.007887351261406593,15.599045033487164,1000000.0,855894.7807993391,21.075835799040142,0.76802872942842,18.24450422761295,3.2493170407378082,0.010378951021305559,12.983767846698873,1000000.0,576448.8216157795,0.170014,1.7067,False,0.2
mue139,ok,,0.05081541689419633,0.7168041874211,4.359988851130982,1.7678399999999996,0.4054689267247602,0.4054689267247602,10.332757134867332,3.036090169831501,0.08187950710312154,1.8291926151238684,12.785630844725668,24.947580594716868,12.161949749991201,0.05081541689419633,11.025427726504514,31.292800306769863,0.6339359209631297,28.493165771192583,2.0270706087014525,0.009588180577078947,15.026510852571848,1000000.0,839670.3166301518,20.09161061068811,0.7496861430675384,16.005056136317073,3.102527396602255,0.008973545008558858,13.739382070350315,1000000.0,539112.1560775271,0.13893420834900339,1.759,False,0.2
n0009sm,ok,,0.046060402700884275,0.8567571792112543,3.6477759876807463,1.7678399999999725,0.4846350230853853,0.4846350230853853,10.545238302697985,3.1024779890297163,0.10623804611111841,1.802741966861093,11.444510444317276,23.792490713876354,12.347980269559079,0.046060402700884275,11.72248659190174,31.292800306134126,0.5058242155448097,26.97429921657933,4.134914498548779,0.008419444595605063,15.223426911306385,1000000.0,1003612.4014803562,21.675290210487447,0.5471603863967164,16.38272228918187,4.43843472297786,0.008702161069499045,14.502150953113805,1000000.0,695162.7801960168,0.09015811887655127,1.2014354515050167,False,0.19
n0011sc,failed,Infeasible_Problem_Detected,,,,,,,,,,,,,,,,,,,,,,,,,,,,,,,,,,,1.12
n0012,ok,,0.0460094236107046,0.8306017441761897,3.7626435141906707,1.7678399999999996,0.46983988606219446,0.46983988606219446,11.714990079358328,3.919399223439724,0.07935343224550838,1.7950386249004768,11.437551889387429,24.947580593646233,13.510028704258804,0.0460094236107046,11.777165715118462,31.292800306125457,0.5470827937556334,27.598414649102942,4.916600292767027,0.008370149216959194,14.987153980763047,1000000.0,972973.7099064912,21.869846423260913,0.6065663087515162,17.426537445369682,5.354983769368045,0.008913456068255733,13.944973518034976,1000000.0,679989.8187878102,0.12003129744677939,1.381,False,0.19
n10,ok,,0.04942603259432695,0.7854388373264175,3.978996348382993,1.7678399999999996,0.44429294355055754,0.44429294355055754,10.732352523115242,3.2802640352386563,0.08026845656121165,1.8282577354996485,12.386970335833047,24.94758059444794,12.56061025861489,0.04942603259432695,10.843585398151745,31.292800306596757,0.5785401753877194,27.627849755782243,-0.20720398582115168,0.00669892848640649,15.872202857358907,1000000.0,920069.509639181,19.770344169022536,0.72975356731361,16.475121786829405,1.207419578516684,0.007587227083050395,13.286925846258702,1000000.0,581286.7716142297,0.1122,1.517908026755853,False,0.19
n11,ok,,0.050290481395970976,0.7755551397185803,4.029704795372819,1.7678399999999999,0.4387021108915854,0.4387021108915854,10.483731781868432,3.1178689043657926,0.0804829178902707,1.8332987784379857,12.630550034311131,24.94758059461755,12.317030560306417,0.050290481395970976,10.779348139916339,31.292800306705587,0.5859131084708795,27.563602590708253,-0.4899438696386101,0.0063184152229405505,16.075081123548188,1000000.0,908491.6650294879,19.59918420771654,0.7374348641529612,16.01965833822583,0.8790052561182683,0.006439708464124078,13.61368599225778,1000000.0,569002.9437944723,0.1094,1.549996321070234,False,0.19
n11h9,ok,,0.05263713142653687,0.8231001671180693,3.7969355255294746,1.7678399999999561,0.46559652859879275,0.46559652859879275,9.808820479154736,2.651341319775081,0.07949816320872706,1.8750887322178804,13.26367110550939,24.947580316882007,11.683909211372617,0.05263713142653687,10.245972003333094,31.29279993320456,0.5520688084134397,27.979664110182824,2.3700272841908134,0.005957091020756798,16.073373333781145,1000000.0,964186.2893942542,18.214199373228272,0.7631705962239124,15.600644540264279,3.7212648234377115,0.006371184778662172,12.588708590209427,1000000.0,561211.5676911781,0.08979567322851041,1.4027,False,0.19
n12,ok,,0.04500574628492664,0.8567571707028112,3.6477760239068564,1.7678399999999967,0.48463501827247535,0.48463501827247535,11.380043080572126,3.659014591367148,0.10623796570593588,1.7919557553268648,11.15197104584857,24.323969881747562,13.17199883589899,0.04500574628492664,11.780047728306755,31.292800305974925,0.5171233753811229,27.675013873139633,4.540090765055189,0.009373176605093746,14.64892949742851,1000000.0,1003612.3915083767,21.912832191473377,0.5710882539118212,17.416204557574048,4.973548740699419,0.009862096430385197,13.766521068420214,1000000.0,702781.1415205074,0.1046,1.2506113712374582,False,0.2
n13,failed,Maximum_Iterations_Exceeded,,,,,,,,,,,,,,,,,,,,,,,,,,,,,,,,,,,1.22
n14,ok,,0.04363858233993632,0.8555100482268344,3.653093580931678,1.7678399999999996,0.4839295684150345,0.4839295684150345,12.108962580395731,4.156839835458724,0.09485268454669414,1.7847500177504687,10.76597210433367,24.659684702479872,13.8937125981462,0.04363858233993632,11.889683812460769,31.29280030575709,0.5250248567409699,27.60637619016194,5.043851151749405,0.009136164195664428,14.655844874589551,1000000.0,1002151.5019828528,22.206067505645674,0.5874301087575258,18.09427750288537,5.538055717172664,0.009882442572226268,13.569299413979163,1000000.0,711149.0082855028,0.1148,1.285,False,0.19
n1h15,failed,airfoil 'n1h15' not found in the aerosandbox UIUC database,,,,,,,,,,,,,,,,,,,,,,,,,,,,,,,,,,,0.0
n22,ok,,0.049454238694472095,0.7541769207373659,4.143932517245959,1.7678399999999996,0.42660926369884494,0.42660926369884494,10.72424027689393,3.2852845464203475,0.08096601914952878,1.8306794563144257,12.3926608612464,24.947580594454756,12.554919733208356,0.049454238694472095,10.747157508556485,31.29280030660037,0.6025216500378879,27.35731939451636,-0.4478178437045906,0.006145489502954127,16.227490540591386,1000000.0,883449.0436022615,19.56861330272233,0.7754020020281678,16.388656827438872,1.0962819365182583,0.007008027208669374,13.294834899834648,1000000.0,552455.2784515781,0.1237,1.6222795986622074,False,0.19
n2414,ok,,0.04533926859459232,0.782829732357709,3.9922580050548366,1.7678399999999996,0.4428170718830376,0.4428170718830376,11.907730744264688,4.064739300667735,0.08032454378314871,1.8028368634056662,11.237012985786405,24.94758059345676,13.710567607670354,0.04533926859459232,11.561188612839294,31.292800306026017,0.5804684006228221,26.91167976143313,3.1278279336513704,0.0066957453799294225,15.883282109665648,1000000.0,917013.1826176337,21.375919340439786,0.6836673455319782,17.38446904726328,3.9046063872098236,0.007193397451794785,14.066978380679291,1000000.0,626406.0625465912,0.13999151621078038,1.5263,False,0.19
n2415,ok,,0.04367497526577786,0.7843821650671051,3.9843566118470175,1.7678399999999996,0.44369522415326346,0.44369522415326346,12.386391643675582,4.38331756404237,0.08029112675066004,1.7923403130989441,10.768848636156253,24.947580592930777,14.178731956774525,0.04367497526577786,11.599246453711864,31.29280030576307,0.5793195497514332,26.86282735989668,3.145383261248655,0.006863605704535149,15.804802050962513,1000000.0,918831.7150452556,21.57188261801474,0.6928510877428221,17.944966643723582,4.1123287313651105,0.00743350478034727,13.844495195186125,1000000.0,633402.2429758413,0.1499911151768592,1.5213,False,0.19
n24,ok,,0.04511172468410421,0.7196211166749551,4.342921842038779,1.7678399999999996,0.40706235670363566,0.40706235670363566,11.973173759013244,4.128838070410154,0.0818071986529601,1.812678416917338,11.161728417462545,24.947580593393127,13.785852175930582,0.04511172468410421,10.75577514403501,31.292800305991264,0.6314544031185994,27.86919616055539,-0.8755376758361577,0.009058833455541546,15.204456940705544,1000000.0,842970.0906897661,19.778788934013654,0.8734471749515135,18.123963106539836,1.209244866214572,0.00934838225251725,12.21979916850352,1000000.0,532803.9465438017,0.1702,1.7482,False,0.19
n2h15,failed,airfoil 'n2h15' not found in the aerosandbox UIUC database,,,,,,,,,,,,,,,,,,,,,,,,,,,,,,,,,,,0.0
n5h10,ok,,0.04286994096210445,0.8567571381496007,3.647776162503304,1.7678399999990564,0.48463499985861735,0.48463499985861735,10.884577202496413,3.3287043284057343,0.1062376565991113,1.7840157498640223,10.545640429533329,23.214233381893763,12.668592952360434,0.04286994096210445,12.204304340658906,31.292800305628525,0.493530588882311,25.09337611269874,4.0806624378010445,0.006391007608124596,16.447140607198094,1000000.0,1003612.3533647027,22.80305791692911,0.5072134806348719,16.341543260186477,4.244051227528268,0.0068524278185402585,15.95204791866831,1000000.0,731332.1401857575,0.09899999999999999,1.1479314381270904,False,0.19
n5h15,failed,Infeasible_Problem_Detected,,,,,,,,,,,,,,,,,,,,,,,,,,,,,,,,,,,1.03
n5h20,failed,Restoration_Failed,,,,,,,,,,,,,,,,,,,,,,,,,,,,,,,,,,,1.22
n63010a,failed,Infeasible_Problem_Detected,,,,,,,,,,,,,,,,,,,,,,,,,,,,,,,,,,,0.69
n63012a,failed,Maximum_Iterations_Exceeded,,,,,,,,,,,,,,,,,,,,,,,,,,,,,,,,,,,1.24
n63015a,failed,Maximum_Iterations_Exceeded,,,,,,,,,,,,,,,,,,,,,,,,,,,,,,,,,,,1.23
n63210,failed,too few converged polar points,,,,,,,,,,,,,,,,,,,,,,,,,,,,,,,,,,,0.01
n63212,ok,,0.0458233891178551,0.8567571785545781,3.647775990476675,1.7678399999999796,0.4846350227139266,0.4846350227139266,11.62285280398817,3.820887662582358,0.10623804033235427,1.798626451813428,11.380459409042455,24.80193866484405,13.421479255801598,0.0458233891178551,11.669903644921453,31.292800306098997,0.5272849038651676,26.823907768232072,3.086488094389865,0.006190028202645282,15.907498812857023,1000000.0,1003612.40070999,21.62743619009108,0.5973637597237156,17.063766003382398,3.726147368572231,0.006628711786684653,14.489552273654999,1000000.0,693628.0212579438,0.11999387677758636,1.2948361204013377,False,0.19
n63215,failed,Maximum_Iterations_Exceeded,,,,,,,,,,,,,,,,,,,,,,,,,,,,,,,,,,,1.17
n63215b,ok,,0.045512764465622225,0.7734913770583072,4.0404565044872,1.7678399999999996,0.4375347186726781,0.4375347186726781,11.857832274901902,4.0346294278208905,0.08052838877587547,1.7972619923041226,11.29248632630117,24.947580593507194,13.655094267206024,0.045512764465622225,11.560127647187594,31.292800306052364,0.5874763910491156,27.90008361377164,3.520814560886376,0.009297238232472055,14.869904185392446,1000000.0,906074.1564680641,21.440256895744877,0.6849921170735969,17.746218499106284,4.395670898171193,0.009817641807919667,13.460282652790111,1000000.0,620796.5567566463,0.1504,1.5568,False,0.2
n63412,ok,,0.04847265508890184,0.8155646636928156,3.832017747616803,1.7678399999999996,0.46133398027695705,0.46133398027695705,11.006549701282834,3.452534363418044,0.07964683333612899,1.823229677649549,12.11780121532325,24.947580594255633,12.829779378932383,0.04847265508890184,11.360464786075097,31.292800306469253,0.5571697045403252,26.85264682330011,1.880890068807811,0.0059590078709781885,16.098044453211454,1000000.0,955359.1502478619,20.76985495453441,0.6504294213013023,16.229715850888464,2.7153729849066734,0.006213107204686157,14.371126771596982,1000000.0,634097.0058864693,0.11999086204417966,1.4249,False,0.19
n63415,ok,,0.04438083252537542,0.8080007963350563,3.867890081019215,1.7678399999999974,0.4570553875549017,0.4570553875549017,12.183382373379455,4.239775912126559,0.07979781505222237,1.802137150476097,10.962060779391575,24.94758030324713,13.985519523855553,0.04438083252537542,11.43653579581943,31.292799980305514,0.5623854938236689,26.924599887579618,1.8313478240087737,0.0065964048920516905,15.834425910432726,1000000.0,946498.7639915663,21.15365413558761,0.6899257181111295,17.704141325413865,2.941194320174392,0.006847569082388966,13.696473648785403,1000000.0,639824.7362281348,0.1499810962264027,1.4476,False,0.19
n64008a,failed,Infeasible_Problem_Detected,,,,,,,,,,,,,,,,,,,,,,,,,,,,,,,,,,,0.24
n64012,failed,Maximum_Iterations_Exceeded,,,,,,,,,,,,,,,,,,,,,,,,,,,,,,,,,,,1.21
n64012a,failed,Infeasible_Problem_Detected,,,,,,,,,,,,,,,,,,,,,,,,,,,,,,,,,,,1.07
n64015,failed,Maximum_Iterations_Exceeded,,,,,,,,,,,,,,,,,,,,,,,,,,,,,,,,,,,1.21
n64015a,failed,Infeasible_Problem_Detected,,,,,,,,,,,,,,,,,,,,,,,,,,,,,,,,,,,0.62
n6409,ok,,0.053331578843928,0.7785767305327451,4.014065849953575,1.7678399999999996,0.4404113101483988,0.4404113101483988,9.609093630542477,2.5337574098184343,0.08041677564997796,1.8419166851782114,13.496570279411417,24.947580595132102,11.451010315720687,0.053331578843928,10.293549354561952,31.292800307060386,0.5836392289700414,28.03557942032263,-0.9213895614893931,0.006979707332254432,15.777064269366461,1000000.0,912031.1813542902,18.628329640519755,0.7559635779061551,15.114605533693867,0.7579958208690399,0.007075773181390367,13.163511449563078,1000000.0,542924.1653667894,0.09027010539595125,1.5401,False,0.19
n64108,ok,,0.0375790350105808,0.8564343888740823,3.649150835370638,1.7678399999999999,0.48445243284125394,0.48445243284125394,9.683548581770687,2.5311817497641353,0.1032023056147183,1.7997149539905037,9.008244442519688,20.49150797828088,11.483263535761191,0.0375790350105808,12.515301864940447,31.2928003046008,0.4358100916511079,23.15884028553244,3.3416999418561715,0.00802046441140292,16.490078847267984,1000000.0,1003234.2821771816,23.180155718901112,0.44508694307111885,15.534903535646752,3.426745444094448,0.00810370373763392,16.301226423776782,1000000.0,743146.2399351962,0.07983768981747205,0.8967217391304348,False,0.19
n64110,ok,,0.04114568061720562,0.8564872662026786,3.648925546151056,1.7678400000000096,0.48448234353938924,0.48448234353938924,10.668939920743648,3.1875954210761788,0.10369525596630669,1.782238258744401,10.051510141582172,22.502688321070224,12.45117817948805,0.04114568061720562,12.25500601367602,31.292800305322626,0.47855400474946247,24.840326657472705,3.6201251493326123,0.007903254356569998,15.89839325518902,1000000.0,1003296.2231376363,22.9206279492428,0.49356326855292754,16.30386751740636,3.775796767283675,0.008309614694731347,15.461844655266427,1000000.0,734871.2556577048,0.09975616754887232,1.0827507246376815,False,0.19
n64212,ok,,0.044693607913905926,0.8565410370441005,3.648696478554231,1.7678399999999996,0.4845127596638274,0.4845127596638274,11.648242746897793,3.8399396615558024,0.10419827350787092,1.7953357860564076,11.058818118123746,24.502396651077945,13.4435785329542,0.044693607913905926,11.767924176911013,31.29280030592637,0.5210481420389036,26.475726099831647,3.0570771509128707,0.006225087694306015,16.01183743085758,1000000.0,1003359.2107625868,21.849068139615557,0.5864178658578089,17.2018582468764,3.698293845514545,0.007152592114657517,14.48433551410918,1000000.0,700559.3475222117,0.11961505004880077,1.2676926421404682,False,0.19
n64212ma,ok,,0.048783981803778825,0.7913183230642039,3.9494324527936273,1.7678399999999996,0.4476187455110214,0.4476187455110214,10.91701024160453,3.4013512024051247,0.08014341463876194,1.8087046774598907,12.22186567525609,24.947580594320513,12.725714919064421,0.048783981803778825,11.286246151247155,31.29280030651204,0.5742416287589911,28.474129178093538,2.7261453957447688,0.010256013697860679,14.433282641453314,1000000.0,926956.7875539557,20.799869084759113,0.6630038996345415,16.791530693964585,3.551916340643084,0.010701029277450737,13.242713795698752,1000000.0,616134.6903919893,0.11962848305476545,1.4992,False,0.19
n64212mb,ok,,0.049707476734776115,0.7695784703256154,4.0610001268326466,1.7678399999999996,0.4353213358254229,0.4353213358254229,10.6514074738729,3.2316550853840753,0.08061527489013177,1.8085952924696023,12.487577828162372,24.947580594504878,12.460002766342503,0.049707476734776115,11.44864722712757,31.292800306632603,0.590463403310755,28.12556460340391,3.673025631161471,0.00911140484214069,14.957711756705176,1000000.0,901490.5453776392,21.100440536726637,0.6486172610489848,16.369380026994474,4.200640807425873,0.00938086787196156,14.09408089171515,1000000.0,607866.5846702894,0.12046523607577722,1.5698,False,0.19
n64215,failed,Infeasible_Problem_Detected,,,,,,,,,,,,,,,,,,,,,,,,,,,,,,,,,,,0.77
n642415,ok,,0.04245176844439089,0.8072322677554734,3.8715725202632356,1.7678399999185064,0.4566206601234756,0.4566206601234756,12.209388606934159,4.257385334950323,0.07981407569994206,1.8953036888332875,10.314083757328637,24.41877605309608,14.104692295767446,0.04245176844439089,12.15550136568064,31.292799715322506,0.5509889066348849,26.926167427391043,1.762053762971097,0.006659688669385761,16.02025434115425,1000000.0,945598.495342616,21.37828260680717,0.6819080104582389,18.225087793645727,2.9008765136797217,0.006853254567483589,13.822829923984411,1000000.0,646003.9386027732,0.14962892530698893,1.398,False,0.19
n66021,failed,Restoration_Failed,,,,,,,,,,,,,,,,,,,,,,,,,,,,,,,,,,,1.14
n6h10,ok,,0.045011530603148754,0.8567571778417922,3.6477759935115532,1.7678399999999994,0.4846350223107252,0.4846350223107252,10.804164605802397,3.2750955377432915,0.10623803332089105,1.8149391340613767,11.130651272276578,23.74975501214035,12.619103739863773,0.045011530603148754,11.201917923370388,31.292800305964143,0.5049156627693597,26.212233894654172,3.440743352887721,0.006411479166413173,16.21974264971165,1000000.0,1003612.3998706903,20.573541949959345,0.6206674127097104,16.253703065500137,4.474399110088332,0.006463474114954119,14.165943591738438,1000000.0,659827.8712149552,0.10017000000000001,1.19748127090301,False,0.19
n6h15,failed,Maximum_Iterations_Exceeded,,,,,,,,,,,,,,,,,,,,,,,,,,,,,,,,,,,1.23
n6h20,failed,Infeasible_Problem_Detected,,,,,,,,,,,,,,,,,,,,,,,,,,,,,,,,,,,0.51
n8h12,ok,,0.0456156004932557,0.8567571730084333,3.647776014090174,1.7678399999999628,0.4846350195766876,0.4846350195766876,11.513623152231713,3.7480679359585394,0.10623799652192661,1.8053080024956243,11.314016587579218,24.632947742306555,13.318931154727338,0.0456156004932557,11.516769672043749,31.29280029780552,0.5236921899009988,26.93479590197149,2.4276296812558646,0.0065710724657597145,15.791989832989758,1000000.0,1003612.3939472141,21.2646441422058,0.6131993759025351,16.995310870994068,3.17589370228578,0.00662805697108101,14.232244486280676,1000000.0,681992.6695883266,0.11978358227109079,1.2792,False,0.19
n9,ok,,0.053283991344774996,0.8006423909250087,3.9034384152321544,1.7678399999999996,0.4528930168595624,0.4528930168595624,9.622780085185296,2.535294325005422,0.07994889869419566,1.8373242419254718,13.487476268013424,24.947580595124194,11.460104327110768,0.053283991344774996,10.976590537055595,31.292800307055163,0.5675541638223325,27.808388856472348,1.0459175890243093,0.0061522913290081626,16.06058978943842,1000000.0,937879.0772977336,19.91408717558455,0.6437770650163741,15.1481121755414,1.764978639963802,0.006806357602990507,14.513145659079752,1000000.0,596846.7354215347,0.0846,1.4700949832775918,False,0.19
naca0006,ok,,0.03416206778072592,0.8561631549846759,3.650306892330512,1.7678399999999996,0.48429900612310844,0.48429900612310844,8.905608436272141,2.0151645347921328,0.10070013606059022,1.7437494926386465,8.081469313027426,18.730827241938215,10.649357928910788,0.03416206778072592,12.545173901952538,31.292800303767898,0.39849041975489097,21.348627047950895,3.556467779727049,0.007784967575729537,17.19814067370777,1000000.0,1002916.5565431606,23.98122351655215,0.3857718502561743,14.943552265094485,3.434545122056621,0.00768963950437745,17.448809409286703,1000000.0,768584.6545352605,0.0600143671788941,0.7343,False,0.26
naca000834,failed,Infeasible_Problem_Detected,,,,,,,,,,,,,,,,,,,,,,,,,,,,,,,,,,,0.54
naca0008,ok,,0.0464848828725676,0.8567571798677908,3.647775984885549,1.7678399999999987,0.4846350234567559,0.4846350234567559,10.0001108425185,2.7390596759784187,0.10623805211322322,1.7993920703266482,11.56994342408322,23.36944633692837,11.79950291284515,0.0464848828725676,11.874443325450708,31.292800306196167,0.4968303652670791,26.693916921167585,4.294273677169254,0.008663602623357901,15.241820261914768,1000000.0,1003612.4022514034,21.997139147288244,0.5076680970037516,15.926981304799783,4.406485614207849,0.008798715014596623,15.02547481777547,1000000.0,705485.0140048681,0.08001915623852546,1.1622926421404682,False,0.19
naca001034,failed,Infeasible_Problem_Detected,,,,,,,,,,,,,,,,,,,,,,,,,,,,,,,,,,,0.37
naca001034a08cli0.2,failed,Infeasible_Problem_Detected,,,,,,,,,,,,,,,,,,,,,,,,,,,,,,,,,,,1.02
naca001035,failed,Maximum_Iterations_Exceeded,,,,,,,,,,,,,,,,,,,,,,,,,,,,,,,,,,,1.27
naca001064,ok,,0.046995026496791,0.8567571776421445,3.6477759943587578,1.7678399999993146,0.4846350221979798,0.4846350221979798,11.353031543728115,3.6410068318685767,0.10623803148258718,1.792608476010268,11.723447432427795,24.869087452166177,13.145640019738384,0.046995026496791,11.79099542362808,31.29280030626896,0.5287124759655025,28.20045511552204,4.961435882698785,0.009852906756314247,14.306546451443317,1000000.0,1003612.399646986,21.92521044318388,0.5693020657788158,17.277569281444205,5.278308630975151,0.010313226231947824,13.640067938802458,1000000.0,703178.1384307985,0.1,1.3010491638795987,False,0.19
naca001065,ok,,0.044338425038658646,0.8564803221013926,3.6489551306117898,1.7678399999999759,0.4844784155248237,0.4844784155248237,11.592582808650297,3.8034249291398115,0.10363042290272213,1.7828694874048985,10.969131658145185,24.34458395420038,13.375452296055196,0.044338425038658646,11.873060579672343,31.29280030587028,0.5177289235460405,28.330114398972736,5.148249282183987,0.01118640169765445,13.929917790978015,1000000.0,1003288.0887778937,22.198410415624387,0.5652670257707405,17.963449210625082,5.534961782060573,0.011696030358997038,13.24852849477214,1000000.0,711710.0592503108,0.1,1.253246822742475,False,0.2
naca001066,ok,,0.044545772354093766,0.8560897100947484,3.650620056225309,1.7678399999999996,0.4842574611360466,0.4842574611360466,11.946832349024074,4.0433462117449555,0.10003013795077731,1.7818291331129785,11.029806363478075,24.75846784561513,13.728661482137053,0.044545772354093766,11.727332228478609,31.29280030590313,0.526771110089048,29.44466413276266,4.708920372291009,0.012884056511024346,13.246272048783618,1000000.0,1002830.5226638841,21.938751983455994,0.5942803906202294,18.672073697497616,5.437997942014632,0.013590942483626555,12.430950438515783,1000000.0,703064.2800610024,0.1,1.2926,False,0.19
naca0010,ok,,0.04930586040063757,0.8357616333622824,3.7394134174681293,1.7678399999999994,0.4727586395614324,0.4727586395614324,10.766914778068031,3.2854596619831393,0.07925518410953947,1.8077443440243552,12.372921472337394,24.94758059442978,12.574659122092386,0.04930586040063757,11.609668206201787,31.292800306578915,0.5437051721017384,28.301416277009313,4.61878855499313,0.008676429731004971,14.840720199220582,1000000.0,979018.0465227863,21.407282588710586,0.5855945473655769,16.68554165757949,4.916921289754786,0.00911145313440213,14.095333035009952,1000000.0,669742.425606906,0.10002394529815684,1.3663,False,0.19
naca001234,failed,Maximum_Iterations_Exceeded,,,,,,,,,,,,,,,,,,,,,,,,,,,,,,,,,,,1.26
naca001264,ok,,0.04388375289276904,0.8493655526514611,3.6795208562954933,1.7678399999999996,0.48045386044634203,0.48045386044634203,12.326345926394806,4.320034446843485,0.07900187997134409,1.7800625093835218,10.841172157231217,24.947580593009544,14.106408435778327,0.04388375289276904,11.928554709004565,31.292800305792564,0.5349968824161648,27.938197750249337,5.357268181690289,0.009978452419956877,14.270296604925699,1000000.0,994953.7893649996,22.33733299837077,0.5936978706787873,18.24716142225975,5.859545579164861,0.010582817919014827,13.352589980689014,1000000.0,710214.9342295481,0.12,1.3284,False,0.19
naca001264a08cli0.2,ok,,0.04574767895622951,0.8486606024721963,3.6825772947347204,1.7678399999999996,0.48005509688218195,0.48005509688218195,11.79026943663454,3.9629138950670546,0.07901479490678821,1.8206222642125107,11.336688892961268,24.94758059380832,13.610891700847052,0.04574767895622951,11.412546178526174,31.29280030605478,0.535441284045708,27.029348365336684,3.0645987116922835,0.007185135201946604,15.421794383242222,1000000.0,994128.0049393092,20.894955171572505,0.6552031354026675,17.618172696943322,3.905941639918987,0.00933337407028924,12.95819559039695,1000000.0,663803.1718111368,0.10960326198692547,1.3303341137123745,False,0.19
naca0015,failed,Infeasible_Problem_Detected,,,,,,,,,,,,,,,,,,,,,,,,,,,,,,,,,,,0.62
naca0018,failed,Maximum_Iterations_Exceeded,,,,,,,,,,,,,,,,,,,,,,,,,,,,,,,,,,,1.19
naca0021,failed,Maximum_Iterations_Exceeded,,,,,,,,,,,,,,,,,,,,,,,,,,,,,,,,,,,1.23
naca0024,failed,Maximum_Iterations_Exceeded,,,,,,,,,,,,,,,,,,,,,,,,,,,,,,,,,,,1.29
naca1408,ok,,0.04984892942337003,0.8567571803375659,3.647775982878322,1.7678399999982817,0.4846350237229606,0.4846350237229606,10.001059587503772,2.7396921686420574,0.10623805634548489,1.8289174237849726,12.507938351792077,24.33791536308082,11.829977011288744,0.04984892942337003,11.10365535907629,31.292800306646924,0.5174198480501838,27.687183838926185,3.566790948891901,0.007586274109109828,15.425136667819771,1000000.0,1003612.4028171332,20.237209208525677,0.6013554107819697,15.927889845119926,4.404781114071602,0.008899155715322259,13.679113698682865,1000000.0,649041.1200357592,0.08002533906372403,1.2519016722408027,False,0.2
naca1410,ok,,0.050494142834247996,0.808668986654817,3.8646941049737604,1.7678399999999932,0.45743335746154634,0.45743335746154634,10.425157511679148,3.067390452539304,0.07978501036370989,1.8058062178058172,12.716616865278167,24.94758059476313,12.230963729484964,0.050494142834247996,11.50996364948486,31.292800306691344,0.5619207985018395,27.629391723185993,3.777752088626747,0.007285045291454271,15.530663897662858,1000000.0,947281.4974960975,21.246214084311298,0.5976309793460971,15.956997053847672,4.091706331043475,0.007664974872940779,14.810903922136571,1000000.0,643155.7833322288,0.1000316745217622,1.445577591973244,False,0.19
naca1412,ok,,0.04770050960680374,0.7977985206965913,3.91735279588035,1.7678399999999996,0.45128434739376383,0.45128434739376383,11.228623445520268,3.606848533564616,0.08000774695123314,1.8078352004495755,11.911121948101782,24.947580594071624,13.036458645969844,0.04770050960680374,11.575053853719023,31.29280030636773,0.5695772941596663,27.454991676008593,3.9321013823890594,0.0072386200031092085,15.592605229185546,1000000.0,934547.7443175524,21.342383883295923,0.6398628085933886,16.874546204794242,4.429561075581695,0.007860906697639511,14.274452818333733,1000000.0,637382.289894804,0.12003801044123691,1.4789,False,0.19
naca16006,failed,airfoil 'naca16006' not found in the aerosandbox UIUC database,,,,,,,,,,,,,,,,,,,,,,,,,,,,,,,,,,,0.0
naca16009,failed,Infeasible_Problem_Detected,,,,,,,,,,,,,,,,,,,,,,,,,,,,,,,,,,,0.5
naca16012,failed,Maximum_Iterations_Exceeded,,,,,,,,,,,,,,,,,,,,,,,,,,,,,,,,,,,1.24
naca16015,failed,Maximum_Iterations_Exceeded,,,,,,,,,,,,,,,,,,,,,,,,,,,,,,,,,,,1.2
naca16018,failed,Restoration_Failed,,,,,,,,,,,,,,,,,,,,,,,,,,,,,,,,,,,0.56
naca16021,failed,Restoration_Failed,,,,,,,,,,,,,,,,,,,,,,,,,,,,,,,,,,,1.09
naca23012,ok,,0.04853265727827907,0.7815613155985806,3.998737147329807,1.7678399999999996,0.4420995766577183,0.4420995766577183,10.989292706101567,3.4528785720042623,0.080351946403838,1.812195920535565,12.146091967623136,24.947580594260266,12.801488626637132,0.04853265727827907,11.488768636996058,31.292800306480217,0.5814104583145817,27.818951640022796,3.928722381002606,0.008032935584184676,15.327902903482816,1000000.0,915527.3488140707,21.13231523296653,0.6541985483495011,16.69081392281464,4.450261472441443,0.008376853364104438,14.150901430777669,1000000.0,618264.0207988853,0.11999794414735143,1.5304,False,0.19
naca23015,ok,,0.04377610383179968,0.7831087165553626,3.9908357543853947,1.7678399999999996,0.4429748826564411,0.4429748826564411,12.357306452074546,4.364361462291189,0.08031850224841267,1.7341159895030342,10.85615815139708,24.94758059297466,14.091422441577581,0.04377610383179968,11.351636136694582,31.292800305778734,0.5802616074799797,27.029466106024934,4.221163409983788,0.008553443609258374,15.11375950013757,1000000.0,917339.9869925074,21.820216958589477,0.6740947829794505,17.776229504588922,5.023108449800262,0.009187403771421618,13.629701381188166,1000000.0,639653.7652550631,0.14976156951778835,1.5254,False,0.19
naca23018,failed,Maximum_Iterations_Exceeded,,,,,,,,,,,,,,,,,,,,,,,,,,,,,,,,,,,1.21
naca23021,failed,Maximum_Iterations_Exceeded,,,,,,,,,,,,,,,,,,,,,,,,,,,,,,,,,,,1.2
naca23024,failed,Restoration_Failed,,,,,,,,,,,,,,,,,,,,,,,,,,,,,,,,,,,1.08
naca2408,ok,,0.052910339467272506,0.8346770090379902,3.744272612949587,1.767839999999893,0.4721451087417644,0.4721451087417644,9.730244281134041,2.594743670399576,0.07927562548277463,1.7777725541117815,13.439563542600085,24.94758037784591,11.508016835245822,0.052910339467272506,11.147371683807041,31.29280001302905,0.5444116973883288,26.67824696886818,2.800881504921149,0.0065102494948176505,15.777218722198208,1000000.0,977747.4995027389,20.9013833219262,0.5629091316824748,14.468053554085778,2.983386717913459,0.006777441824941858,15.334725227843991,1000000.0,653066.368961958,0.08004388468765333,1.3693749163879598,False,0.19
naca2410,ok,,0.05160995562573957,0.7822104786351651,3.9954185618340032,1.7678399999999996,0.44246678355233804,0.44246678355233804,10.10424295562922,2.8626247756764887,0.08033791102338496,1.7961960797424923,13.047141559483155,24.947580594854866,11.900439035371711,0.05160995562573957,11.10957721461601,31.29280030686466,0.5809279408985336,27.208923617149456,2.926422246389421,0.006055369750310794,16.168717962846316,1000000.0,916287.7837419114,20.616860523395104,0.6384113593530968,15.370008646653345,3.4988693821213936,0.006552997458291798,14.975166105264679,1000000.0,603684.4658019856,0.10005485862659336,1.5283,False,0.19
naca2411,ok,,0.04834400026492765,0.8183657837401426,3.8189014346576906,1.7678399999999987,0.4629184675876455,0.4629184675876455,11.04355161240871,3.4761997765035235,0.07959135811612378,1.7791707134120311,12.124858268453352,24.947580594274093,12.82272232582074,0.04834400026492765,11.085073840723643,31.292800306431452,0.5552626120649522,26.437281093249336,2.1515018225083145,0.005842329224200069,16.143106095160594,1000000.0,958640.4052927967,20.768240988456693,0.6479472686618036,15.982115403022405,2.7662371602480715,0.006218123868169526,14.366865151905648,1000000.0,636225.4180972337,0.11006034626491962,1.4166,False,0.19
naca2412,ok,,0.048951991571792884,0.7725546908117816,4.045355368065986,1.7678399999999996,0.4370048708094521,0.4370048708094521,10.868689608869982,3.3755150275830603,0.08054910583013711,1.814880382864215,12.264010602616706,24.947580594350903,12.683569991734197,0.048951991571792884,11.367414337751011,31.292800306535405,0.5881886785590298,27.03256563694832,2.9449236407782236,0.00636909804264303,16.063603796909533,1000000.0,904976.9145141612,20.878169979465607,0.6717903107985554,16.199964213490432,3.638284437492961,0.006842427639756274,14.50985022209697,1000000.0,603789.4232422838,0.12006583441072505,1.5599,False,0.19
naca2415,ok,,0.043220347183495364,0.7861772333017094,3.9752591822973544,1.767839999998798,0.44471062613259343,0.44471062613259343,12.430436385636064,4.412067499317285,0.08025265479246763,1.7920856937514227,10.63834944956911,24.860871528956597,14.222522079387486,0.043220347183495364,11.688336784892368,31.292800305585242,0.5759878822827548,26.849602590658613,3.110076892354608,0.0068759173245933145,15.82702162187441,1000000.0,920934.4727244409,21.74065824650912,0.6826798638295732,18.04408816659611,4.037317446846296,0.007414386440957146,13.966765970264065,1000000.0,639818.7903738867,0.1500823023551126,1.5068,False,0.19
naca2418,failed,Maximum_Iterations_Exceeded,,,,,,,,,,,,,,,,,,,,,,,,,,,,,,,,,,,1.23
naca2421,failed,Infeasible_Problem_Detected,,,,,,,,,,,,,,,,,,,,,,,,,,,,,,,,,,,1.12
naca2424,failed,Infeasible_Problem_Detected,,,,,,,,,,,,,,,,,,,,,,,,,,,,,,,,,,,0.63
naca4412,ok,,0.05029427577055028,0.7438737504964764,4.201328872693972,1.7678399999999996,0.42078115128997906,0.42078115128997906,10.482640496626582,3.1275432222324073,0.08120876183506438,1.830464844331876,12.63447525366088,24.94758059461934,12.313105340958458,0.05029427577055028,10.967492678979056,31.292800306706056,0.6108669951047719,27.287591126218615,1.224726908951587,0.005982296867003885,16.33524318348693,1000000.0,871379.8253023085,19.972144804165335,0.7401594120222047,15.922240208515918,2.3194998397287527,0.006361772971913622,14.103679624742258,1000000.0,556144.668415516,0.12017706615475723,1.6586,False,0.19
naca4415,ok,,0.04373149856882288,0.7818084886093425,3.997472924806834,1.7678399999999996,0.44223939304990423,0.44223939304990423,12.370135197409738,4.37335625255022,0.08034659962386484,1.7980257060651557,10.77941968947539,24.94758059295028,14.168160903474893,0.04373149856882288,11.359505186524352,31.292800305772328,0.5812266422280772,26.943674526532288,1.5963641719747796,0.00680933481678715,15.837905484792687,1000000.0,915816.889289697,21.05921909830714,0.7288445165935972,17.992758869494534,2.4849165377863924,0.007152889935230877,13.459175337220731,1000000.0,616320.3144821852,0.1502208651018468,1.5296,False,0.19
naca4418,failed,Infeasible_Problem_Detected,,,,,,,,,,,,,,,,,,,,,,,,,,,,,,,,,,,1.13
naca4421,failed,Maximum_Iterations_Exceeded,,,,,,,,,,,,,,,,,,,,,,,,,,,,,,,,,,,1.21
naca4424,failed,Infeasible_Problem_Detected,,,,,,,,,,,,,,,,,,,,,,,,,,,,,,,,,,,1.11
naca63206,ok,,0.032317652479513605,0.8557729386073298,3.6519713636726934,1.7678399999999996,0.48407827552681804,0.48407827552681804,8.663229201407004,1.8572562478369306,0.09717669004594907,1.6788437702997712,7.6159099588978005,17.957982930604576,10.342072971706775,0.032317652479513605,12.207796441892318,31.292800303245116,0.382222691161611,20.08336580671151,2.358158413163284,0.00780730821627734,17.40865590756659,1000000.0,1002459.4538548067,24.238500047590325,0.3668967668837486,14.24343249221343,2.216715516324145,0.0076333566006398035,17.750148743339455,1000000.0,776476.1633508187,0.06000143986236292,0.6635,False,0.19
naca63209,ok,,0.04652448573333741,0.8567571797597964,3.6477759853453504,1.7678399999999985,0.48463502339566766,0.48463502339566766,10.164420311945765,2.848599323279214,0.10623805113869847,1.8053889880427318,11.575336530377898,23.545145830366394,11.969809299988498,0.04652448573333741,11.824526518013029,31.2928003062019,0.5005657060070244,25.87587372574003,2.9864323292514428,0.006320581833968635,16.350486708289683,1000000.0,1003612.402125082,21.83190916441097,0.522820207574711,15.695724657146698,3.2171206593463277,0.006803715519401674,15.697452938861797,1000000.0,700185.812233896,0.08999894715852444,1.1785494983277591,False,0.2
naca632615,ok,,0.04624182041825328,0.7751588417251434,4.031764971737438,1.7678399999999994,0.43847794015586455,0.43847794015586455,11.648151341850992,3.8942819586220376,0.08049163068256533,1.8120459773930817,11.487383274464083,24.947580593708157,13.460197319244074,0.04624182041825328,11.062968803993051,31.29280030616078,0.5862126550618161,27.169387221191183,0.561090295305782,0.006617237070790652,15.945829162611668,1000000.0,908027.4382869556,20.35078752970147,0.747832953714574,17.2727311284375,1.9626271546922482,0.006896308381337492,13.364747194791391,1000000.0,590521.566843568,0.1499863033601802,1.5513,False,0.19
naca632a015,failed,Maximum_Iterations_Exceeded,,,,,,,,,,,,,,,,,,,,,,,,,,,,,,,,,,,1.17
naca633018,failed,Maximum_Iterations_Exceeded,,,,,,,,,,,,,,,,,,,,,,,,,,,,,,,,,,,1.19
naca633218,failed,Maximum_Iterations_Exceeded,,,,,,,,,,,,,,,,,,,,,,,,,,,,,,,,,,,1.2
naca633418,failed,Infeasible_Problem_Detected,,,,,,,,,,,,,,,,,,,,,,,,,,,,,,,,,,,0.84
naca633618,failed,Maximum_Iterations_Exceeded,,,,,,,,,,,,,,,,,,,,,,,,,,,,,,,,,,,1.21
naca634221,failed,Infeasible_Problem_Detected,,,,,,,,,,,,,,,,,,,,,,,,,,,,,,,,,,,1.15
naca634421,failed,Maximum_Iterations_Exceeded,,,,,,,,,,,,,,,,,,,,,,,,,,,,,,,,,,,1.24
naca63a210,ok,,0.04527610050077697,0.856757177797446,3.647775993700365,1.7678399999999996,0.4846350222856402,0.4846350222856402,10.889541423529685,3.332013416649628,0.10623803291199493,1.8006404753181733,11.22104184529249,23.91122374414035,12.69018189884786,0.04527610050077697,11.68678135540551,31.29280030599636,0.5083484599663283,27.042737928782476,3.3295074669415206,0.008486832533958547,15.155445061366581,1000000.0,1003612.399819776,21.634489719258468,0.5644469110047607,16.716081564320405,3.757236179081184,0.008764645360694134,14.233869944322125,1000000.0,693854.2391126518,0.09990271202681744,1.212421404682274,False,0.19
naca641112,ok,,0.038905649739779745,0.8271196864366703,3.778483714844966,1.7678399999515322,0.4678702181528571,0.4678702181528571,11.189503024927529,3.5703418790194115,0.07942042657637628,1.775577227891275,9.413924680774999,22.3790049335938,12.965080252818804,0.038905649739779745,12.167035562749444,31.2928002082761,0.4928217624832883,23.758288366628584,3.6450865291894003,0.007336481002790533,16.38906082083719,1000000.0,968894.7958480519,22.84146505828484,0.5358771680766143,16.271787819280245,4.079765548310727,0.008213272025374259,15.270316904227405,1000000.0,707222.6351499299,0.11961420034080136,1.1448464882943143,False,0.19
naca6412,ok,,0.05042989870158159,0.7394790431784002,4.226297275670092,1.7678399999999996,0.4182952321354876,0.4182952321354876,10.443634515497605,3.1029405721245107,0.08131435777608348,1.8358255937644357,12.668120485382959,24.947580594644997,12.27946010926204,0.05042989870158159,10.60414123912625,31.292800306722786,0.6144973639144153,28.001538887420853,-0.38513922254431043,0.007677936881470089,15.644832595535547,1000000.0,866231.8290298501,19.25408251405484,0.7989398150113961,16.13405350242019,1.3101451735370397,0.007580914374763284,13.097921887707964,1000000.0,532981.9942275429,0.12037967053259345,1.6744,False,0.2
naca64206,ok,,0.03322063588883515,0.8560964728982342,3.6505912178562427,1.7678399999999996,0.48426128659733597,0.48426128659733597,8.684619188991755,1.868473201628708,0.1000916980201091,1.750433218020045,7.8040240405077705,18.239076447519572,10.435052407011801,0.03322063588883515,12.740301205083055,31.292800303508308,0.38805885367779663,19.642811082574557,2.0571423234760218,0.004986192607260705,19.823532977332203,1000000.0,1002838.4445907245,24.26123444551991,0.36936220619968513,14.11793549129344,1.8792357060496825,0.00470533687451912,20.608467592189726,1000000.0,777498.2864818395,0.05989905600022401,0.6889,False,0.19
naca64208,ok,,0.04103701124903376,0.8567571719309719,3.6477760186502035,1.7678399999933163,0.4846350189690306,0.4846350189690306,9.691892381094084,2.5335807813702633,0.10623797837264924,1.7719474011742133,10.030547026872274,21.494386809140572,11.463839782268296,0.04103701124903376,11.36514417270266,31.29280030530247,0.45696693002415634,23.843925661683244,2.7086658167432214,0.00668962205266816,16.964865552276702,1000000.0,1003612.39292928,21.379762110266064,0.5221231379096996,15.1520413936778,3.364303611267138,0.007901059821848484,15.207717695719332,1000000.0,685684.6943195126,0.07983705213691218,0.9888,False,0.19
naca64209,ok,,0.04578297587438234,0.8567571795306098,3.6477759863208834,1.7678399999999346,0.484635023266043,0.484635023266043,10.18554065107754,2.862679551568068,0.10623804904694821,1.78189282631949,11.385569939523572,23.3530034169206,11.96743347739703,0.04578297587438234,11.71586473732263,31.292800306092936,0.496480791845675,25.586139537814624,2.9786276760553636,0.007029979051362016,16.052152926101535,1000000.0,1003612.4018531526,21.916515898661565,0.5186884269224568,15.546727242841342,3.2140105127566434,0.007456636633360683,15.463968650952966,1000000.0,702899.2914074813,0.08979584693062237,1.160771237458194,False,0.19
naca64210,ok,,0.04569843952724524,0.8567571788140402,3.6477759893720583,1.7678399999999996,0.484635022860689,0.484635022860689,10.676964038883014,3.1902951503213317,0.10623804242166117,1.7987402281631184,11.344409369263373,23.820113636309507,12.475704267046133,0.04569843952724524,11.942398449216808,31.292800306080323,0.5064114743092276,25.867128514405465,2.9965739213943743,0.006086013035165407,16.36176763890238,1000000.0,1003612.4010133157,22.131041607589328,0.5302857177187004,16.16104277009797,3.2478949450044046,0.006701441772761691,15.612226391522647,1000000.0,709779.4888111252,0.09975440144568071,1.203991304347826,False,0.19
naca642215,failed,Infeasible_Problem_Detected,,,,,,,,,,,,,,,,,,,,,,,,,,,,,,,,,,,0.78
naca642415,ok,,0.042451768290523856,0.8072322654439317,3.8715725305663877,1.7678399997396825,0.4566206588621131,0.4566206588621131,12.209388570521934,4.2573853102001,0.07981407971458893,1.9716728726932127,10.237714538625706,24.418775981840852,14.181061443215146,0.042451768290523856,12.68532536609118,31.292799691204337,0.550988907448549,27.407946268218158,1.7620434868695396,0.006657436948922564,16.021303272586735,1000000.0,945598.4920017109,21.44596016539603,0.6812798660408736,18.66335850400821,2.896148019651356,0.006852258338706184,13.83230945727338,1000000.0,648049.0014329805,0.14962892530698893,1.398,False,0.19
naca643218,failed,Infeasible_Problem_Detected,,,,,,,,,,,,,,,,,,,,,,,,,,,,,,,,,,,1.05
naca643418,failed,Infeasible_Problem_Detected,,,,,,,,,,,,,,,,,,,,,,,,,,,,,,,,,,,1.13
naca643618,failed,Maximum_Iterations_Exceeded,,,,,,,,,,,,,,,,,,,,,,,,,,,,,,,,,,,1.22
naca644221,failed,Maximum_Iterations_Exceeded,,,,,,,,,,,,,,,,,,,,,,,,,,,,,,,,,,,4.47
naca644421,failed,Maximum_Iterations_Exceeded,,,,,,,,,,,,,,,,,,,,,,,,,,,,,,,,,,,1.23
naca64a010,failed,Infeasible_Problem_Detected,,,,,,,,,,,,,,,,,,,,,,,,,,,,,,,,,,,1.05
naca64a210,ok,,0.04515722353441104,0.8567571776451706,3.6477759943487005,1.7678399999999994,0.48463502219950383,0.48463502219950383,10.890816420477185,3.33286341614,0.10623803145816764,1.7974152685231854,11.190077312375594,23.878309001375964,12.68823168900037,0.04515722353441104,11.857753476000847,31.29280030599825,0.5076486983473688,25.810505858109366,3.02195331131518,0.0068176040348212836,15.96171868313983,1000000.0,1003612.3996414599,21.99038008199326,0.54624087505771,16.18471307389186,3.375636188049715,0.0074146685818655385,15.02947979665086,1000000.0,705268.2376555046,0.09989661378582058,1.2093759197324414,False,0.19
naca64a410,ok,,0.049833299426761735,0.8376918712707839,3.730796934747562,1.767839999999997,0.4738505018954121,0.4738505018954121,10.615220101244283,3.183619618726747,0.07921873729956164,1.7997348642893425,12.532625629054591,24.947580594588217,12.414954965533626,0.049833299426761735,11.41220047323206,31.292800306630756,0.5424523482779772,27.144249358274774,1.7727160552768502,0.005968637753440927,16.018640480180455,1000000.0,981279.143075236,21.1368179829799,0.5916814450034847,16.073075877845895,2.328775284022361,0.006921589415031467,14.751597390111616,1000000.0,662808.0080541987,0.099926212821397,1.3608474916387958,False,0.19
naca651212,ok,,0.04125065482918549,0.8550359420328748,3.6551191733175554,1.7678399999999996,0.4836613845330318,0.4836613845330318,11.755680894398482,3.9255986885764673,0.0907601771094483,1.7731165744022426,10.090823048773393,23.61962051757412,13.528797468800725,0.04125065482918549,12.210493861910457,31.292800305341984,0.5031598805059857,25.048521471554928,2.9194957177268543,0.005944144603514691,16.528782116083104,1000000.0,1001596.1300772539,22.954861961114787,0.5355891503377863,17.10989530435436,3.288548174839073,0.006854879218569063,15.47422555447741,1000000.0,734721.7469312027,0.11993469036682022,1.1898397993311036,False,0.19
naca651212a06,ok,,0.03815414684946896,0.8010494072474986,3.9014550628179867,1.767839999964109,0.4531232505564766,0.4531232505564766,10.97336616214974,3.4355427433388144,0.07994051346875684,1.7805747827678822,9.192790282174082,21.946731227091703,12.753940944917622,0.03815414684946896,11.977561065389157,31.292800304464926,0.4990315483161824,23.23432847897153,3.015552689778804,0.0055285269744425715,17.756597135133298,1000000.0,938355.8595045892,22.422649100552764,0.5648297653977248,16.18978700760928,3.717972796022934,0.006711860146927989,15.851288695192824,1000000.0,672372.6852312704,0.11993480015786293,1.171872575250836,False,0.19
naca651412,ok,,0.04619333442658034,0.8513538217143947,3.670927628311552,1.7678399999999996,0.4815785488021511,0.4815785488021511,11.66209617145288,3.876455880265827,0.07896551788559796,1.8057412170740994,11.47974318062532,24.9475805691523,13.46783738852698,0.04619333442658034,11.340480574378573,31.29280027691084,0.5337474402701837,27.21885642713805,1.6236758241882323,0.005742952974630685,16.08133575600208,1000000.0,997282.8631665856,20.93411921772844,0.6438500082105648,17.2826447417004,2.619381363746541,0.005948028439863082,14.031085543363005,1000000.0,667157.8818956313,0.11990187806873978,1.3229622073578595,False,0.19
naca65206,ok,,0.03265824060616601,0.8557822636320753,3.65193156999472,1.7678399999998644,0.484083550339477,0.484083550339477,8.754389485650588,1.9179429168219582,0.09725985452631841,1.673506776532895,7.719202172690669,18.147098434874152,10.427896262183483,0.03265824060616601,12.127161149445582,31.292800303344958,0.38624366927517473,19.486629189670012,2.10107753523331,0.0062628220445804985,18.6493644290284,1000000.0,1002470.3772687108,24.155187815791525,0.3724936708135269,13.79150533382049,1.9647364563639218,0.005969003602530457,19.194138295319302,1000000.0,773815.7022688927,0.059960151004744555,0.681,False,0.19
naca65209,ok,,0.04369247083576098,0.8567571773861291,3.6477759954473323,1.7678399999989631,0.484635022053258,0.484635022053258,10.299665411567135,2.938762746416949,0.10623802908646407,1.792112075247462,10.774108706514692,22.86588619332929,12.091777486814596,0.04369247083576098,11.932307844622363,31.29280030576592,0.4861247656016108,25.6957089160215,3.0342529874127084,0.008091212562212315,15.67950030129417,1000000.0,1003612.3993311537,22.194125039072873,0.5110491326367853,16.06596266523405,3.288428891925558,0.008491691238100505,15.113498524579336,1000000.0,711802.6786952451,0.089918430331873,1.1157,False,0.19
naca65210,failed,Infeasible_Problem_Detected,,,,,,,,,,,,,,,,,,,,,,,,,,,,,,,,,,,0.4
naca652215,failed,Infeasible_Problem_Detected,,,,,,,,,,,,,,,,,,,,,,,,,,,,,,,,,,,0.69
naca652415,failed,Maximum_Iterations_Exceeded,,,,,,,,,,,,,,,,,,,,,,,,,,,,,,,,,,,1.18
naca652415a05,failed,Maximum_Iterations_Exceeded,,,,,,,,,,,,,,,,,,,,,,,,,,,,,,,,,,,1.2
naca653218,failed,Infeasible_Problem_Detected,,,,,,,,,,,,,,,,,,,,,,,,,,,,,,,,,,,0.81
naca653618,failed,airfoil 'naca653618' not found in the aerosandbox UIUC database,,,,,,,,,,,,,,,,,,,,,,,,,,,,,,,,,,,0.0
naca65410,ok,,0.0493283944293125,0.8550013389429179,3.6552671009057636,1.7678399999627867,0.48364181088838115,0.48364181088838115,10.760417750215645,3.262395878848743,0.0904670337968092,1.8223199795832166,12.364827400185458,24.94756512998432,12.582737729798861,0.0493283944293125,11.439908018431174,31.29279889605625,0.5314701408001508,27.05859753783535,1.6276152235857635,0.005276209311040336,16.299452578513286,1000000.0,1001555.5506488372,20.925538410013665,0.5994616228501921,16.110899445168734,2.263122717954627,0.005535770831240089,14.872654109792403,1000000.0,669741.5982021961,0.0999230674438576,1.3130508361204012,False,0.19
naca654221,failed,Maximum_Iterations_Exceeded,,,,,,,,,,,,,,,,,,,,,,,,,,,,,,,,,,,1.24
naca654421,failed,Maximum_Iterations_Exceeded,,,,,,,,,,,,,,,,,,,,,,,,,,,,,,,,,,,1.2
naca654421a05,failed,Maximum_Iterations_Exceeded,,,,,,,,,,,,,,,,,,,,,,,,,,,,,,,,,,,1.22
naca66-018,failed,Infeasible_Problem_Detected,,,,,,,,,,,,,,,,,,,,,,,,,,,,,,,,,,,0.79
naca661212,failed,Maximum_Iterations_Exceeded,,,,,,,,,,,,,,,,,,,,,,,,,,,,,,,,,,,1.18
naca66206,ok,,0.031148241467304928,0.8549780487136215,3.6553666732171437,1.7678399999999987,0.4836286364793319,0.4836286364793319,8.890125198263574,2.015742307390195,0.09026897909381726,1.7362177099789622,7.222206288269923,17.848549196512458,10.626342908242536,0.031148241467304928,12.75946601469296,31.29280030288158,0.3802466676391019,19.92219826953865,2.207769644538875,0.006443414197588867,18.609361368881444,1000000.0,1001528.313288508,24.496670629413877,0.369420552814815,14.717462458156541,2.101852941907514,0.0062106708978485765,19.027511853492427,1000000.0,784017.6966968918,0.059999760099116534,0.6549,False,0.19
naca66209,failed,Infeasible_Problem_Detected,,,,,,,,,,,,,,,,,,,,,,,,,,,,,,,,,,,0.28
naca66210,ok,,0.039677328221120495,0.8554354022908227,3.6534123526226265,1.7678399999999994,0.4838873440417815,0.4838873440417815,11.022942031662057,3.43350836321552,0.0941999808039783,1.7869560912884106,9.62448521499051,22.43438333794098,12.809898122950468,0.039677328221120495,11.574198091068492,31.292800305041176,0.47768805039474815,24.90682114705785,2.9828882188143684,0.007463695610957879,16.163340184899877,1000000.0,1002064.0610969642,21.590155735580865,0.5729981555872602,17.062035845210904,4.11751210400361,0.010059953403227464,13.693527334926815,1000000.0,691364.1133173623,0.09999859178077983,1.078981939799331,False,0.19
naca662215,failed,Infeasible_Problem_Detected,,,,,,,,,,,,,,,,,,,,,,,,,,,,,,,,,,,0.49
naca662415,failed,Maximum_Iterations_Exceeded,,,,,,,,,,,,,,,,,,,,,,,,,,,,,,,,,,,1.24
naca663218,failed,Infeasible_Problem_Detected,,,,,,,,,,,,,,,,,,,,,,,,,,,,,,,,,,,0.72
naca663418,failed,Infeasible_Problem_Detected,,,,,,,,,,,,,,,,,,,,,,,,,,,,,,,,,,,0.76
naca664221,failed,Restoration_Failed,,,,,,,,,,,,,,,,,,,,,,,,,,,,,,,,,,,1.08
naca671215,failed,Infeasible_Problem_Detected,,,,,,,,,,,,,,,,,,,,,,,,,,,,,,,,,,,1.12
naca747a315,failed,Infeasible_Problem_Detected,,,,,,,,,,,,,,,,,,,,,,,,,,,,,,,,,,,0.62
naca747a415,failed,Maximum_Iterations_Exceeded,,,,,,,,,,,,,,,,,,,,,,,,,,,,,,,,,,,1.23
nacacyh,ok,,0.04705049271113399,0.8179395868542804,3.820891317437576,1.7678399999999994,0.4626773841831165,0.4626773841831165,11.415572264392942,3.724366339508176,0.079599772219165,1.7737255176807012,11.758282811903143,24.947580593976788,13.189297782073643,0.04705049271113399,11.130001387171111,31.292800306251998,0.555551938073416,26.627768314041614,1.9203827273474556,0.006656654539234069,15.771312728566421,1000000.0,958141.1547522533,20.916429432900728,0.657402973881754,16.538389344337798,2.636412516932517,0.00727590301179038,13.904413722331626,1000000.0,640431.3980851866,0.117,1.4178591973244146,False,0.19
nacam12,ok,,0.04733367639677879,0.7994755843227535,3.9091353468254395,1.7678399999999994,0.45223299864396876,0.45223299864396876,11.334126911316762,3.676599705060648,0.07997299279710507,1.7963737832380053,11.81707989942952,24.947580593984288,13.130500694554767,0.04733367639677879,11.468649531458407,31.292800306316888,0.5683824892385795,28.205026210034834,3.452841299234826,0.009216658529431893,14.784195408386333,1000000.0,936512.2704316452,21.28111205376181,0.646835374549724,17.200448314040205,4.173877860665125,0.009413179036627011,13.684595036187032,1000000.0,636888.4334955339,0.1193,1.4737,False,0.19
nacam18,ok,,0.045756795639076274,0.8261603947294826,3.7828710811335022,1.7678399999999996,0.46732758322556495,0.46732758322556495,11.787647423165543,3.9694528580833586,0.07943895205120119,1.8001881184169144,11.359745052315773,24.94758059389823,13.587835541582457,0.045756795639076274,11.410183048895705,31.29280030597288,0.5500238520361143,27.222809271947636,3.019798927700095,0.006790100139254618,15.681525066805486,1000000.0,967771.076656113,21.127760541918295,0.6571814497995746,17.372973620599634,3.6903604035511863,0.007149330615424306,13.827121937162408,1000000.0,653403.8298605738,0.11960000000000001,1.3938,False,0.19
nacam2,ok,,0.046771267305868204,0.856757179732313,3.647775985461391,1.7678399999997625,0.48463502338018605,0.48463502338018605,10.174578210008324,2.8553712556708235,0.10623805087513402,1.7998648229970378,11.651836579031741,23.626279612037102,11.974443033005361,0.046771267305868204,11.872172008477538,31.292800306236927,0.5022905961115003,27.172113733564114,4.3719408354705385,0.009233353673574269,14.906880746202031,1000000.0,1003612.4020941451,21.987154918128123,0.5156628146052241,16.20203832693572,4.510541516125479,0.009390931044358536,14.66092249394886,1000000.0,705164.8029786776,0.0806,1.1860565217391303,False,0.19
nacam3,ok,,0.0453391553804221,0.8368579685080983,3.7345145570777385,1.7678399999999992,0.47337879474844935,0.47337879474844935,11.907762924398247,4.045621385330182,0.07923436644998706,1.7890095547295057,11.25080785696802,24.947580336095772,13.696772479127752,0.0453391553804221,11.74460678010855,31.292800009435,0.5429928897337181,28.29814568405096,5.064537921651604,0.00958459493205727,14.476886549769203,1000000.0,980302.2932149166,21.882884394626775,0.6096262672588773,18.03041138506596,5.55422851641236,0.010184200322039103,13.433570218721233,1000000.0,685520.0476704435,0.119,1.3632,False,0.19
nacam6,ok,,0.044592462832260406,0.8456971361227551,3.6954816708121845,1.7678399999999996,0.47837877642928955,0.47837877642928955,12.12251663068679,4.185518170764684,0.07906938354753251,1.7932473602447407,11.031816602296873,24.947580593228402,13.91576399093153,0.044592462832260406,11.629457144198913,31.292800305910482,0.5373175612065817,27.50424039643909,3.3206499135022103,0.00785641518551872,15.141018322069648,1000000.0,990656.5760960595,21.61712767949599,0.6280620251482475,17.83187899121902,4.0368945343112275,0.008141738497773422,13.68509207125743,1000000.0,684347.5011073403,0.1201,1.3385,False,0.19
nasasc2-0714,ok,,0.049453406019400147,0.7175844532045556,4.3552480152592,1.7678399999999996,0.40591029346804897,0.40591029346804897,10.724479759318367,3.296999916757182,0.08185955113699224,1.8251363488354229,12.39796448630221,24.947580594456,12.54961610815379,0.049453406019400147,10.840478374231315,31.292800306600263,0.633246610449715,28.216563330546524,0.6486672931739084,0.009070352088688826,15.209639818842007,1000000.0,840584.3263774182,19.798481322867325,0.7957927559558148,16.931319376478434,2.224315737344917,0.011629571150289354,12.620215667109527,1000000.0,531824.986035786,0.1393333333333333,1.756,False,0.2
ncambre,ok,,0.048196669058299633,0.804222175994592,3.886063278141946,1.767839999999998,0.45491796542367685,0.45491796542367685,11.085924965011962,3.5094696684657944,0.07987537958263971,1.805953778503751,12.055701850835101,24.947580594350814,12.891878743515713,0.048196669058299633,11.541537138260114,31.29280030637912,0.5650278446299515,27.65910707148816,4.103997570499609,0.007643175744493876,15.396154288717474,1000000.0,942072.4669305407,21.302754765263856,0.6300499041730445,16.734124603171825,4.5743043031522355,0.008019492797105116,14.271376172961796,1000000.0,641321.2795799994,0.1151911445380828,1.4591,False,0.19
nl722343,ok,,0.05123558663139665,0.843869426235202,3.703485596750287,1.7678399999999999,0.4773449103059112,0.4773449103059112,10.211913758923098,2.912462915539605,0.07910323470783946,1.758114564541394,12.977552271324042,24.947580594788533,11.970028323464492,0.05123558663139665,10.951046560189656,31.292800306820183,0.5384813201849664,27.770993019185994,3.0960378380411844,0.008772329782496976,14.76775975576835,1000000.0,988515.5817404455,20.76286111848888,0.5868834267556556,15.456249439734513,3.549469050676449,0.009033220819644111,13.998076197305702,1000000.0,655882.8719673858,0.0861154422885594,1.3435648829431437,False,0.19
nl722362,ok,,0.047404829157820426,0.8567571794991576,3.6477759864550645,1.7678399999999996,0.4846350232482339,0.4846350232482339,10.708067752226599,3.2110309526088634,0.10623804876314019,1.8101959791453333,11.82372167104734,24.341985402419272,12.518263731371933,0.047404829157820426,11.463272572736187,31.292800306326814,0.517506376896991,27.63479358985213,2.7093690516945483,0.008387548256688271,15.063979252916495,1000000.0,1003612.4018237732,21.108713650898842,0.5848831704439519,16.536124916651012,3.23019911193136,0.008668557868806775,13.980233646598954,1000000.0,676991.7233104144,0.08614358920411244,1.252278260869565,False,0.21
nlf0115,failed,Infeasible_Problem_Detected,,,,,,,,,,,,,,,,,,,,,,,,,,,,,,,,,,,1.18
nlf0215f,ok,,0.047046831432844854,0.7506216088842853,4.163560212775309,1.7678399999999999,0.4245981587045691,0.4245981587045691,11.41662527028294,3.748028265215645,0.08104902962107845,1.8203381379906955,11.710617185642503,24.94758059391614,13.236963408273636,0.047046831432844854,10.80157388722288,31.29280030627658,0.60537548789488,27.786586946799737,-0.263916655379762,0.00801226903889351,15.46565249575943,1000000.0,879284.3220670248,19.779427535636774,0.8039817445771305,17.339601957146385,1.4791019587487195,0.008389940636316297,12.701558847527771,1000000.0,555774.5028033768,0.14971437260684486,1.6347,False,0.2
nlf1015,ok,,0.04391579868640068,0.7914133229797848,3.9489583696076185,1.7678399999999996,0.44767248335810084,0.44767248335810084,12.317129360933611,4.334731196874005,0.08014141672420784,1.8087821178721093,10.821669114206335,24.947580593012056,14.12591147880572,0.04391579868640068,10.765364813882854,31.29280030580236,0.5741726977619709,27.098019359461826,-1.6446389129061305,0.006533626361720712,15.922702963052592,1000000.0,927068.0712148553,19.83906686440757,0.808866704562228,18.334703446500516,0.39391889003543895,0.006895195087515181,12.35049011963489,1000000.0,587744.3141219475,0.14990643382132168,1.4989,False,0.2
nlf414f,ok,,0.04442987691695509,0.8020369668365991,3.8966511455533857,1.7678399999999992,0.4536818755297988,0.4536818755297988,12.169277330430557,4.232471187340438,0.0799201447598032,1.7847080160483633,10.993595246820254,24.947580593299172,13.95398534647892,0.04442987691695509,11.274440065008909,31.292800305854435,0.5665673048649403,28.049785451297836,2.1117195090428242,0.009582086791490689,14.633417437645933,1000000.0,939512.6949466945,21.057487580839457,0.6998373036639303,17.713787541664292,3.22650538651893,0.00788618959612055,13.370950691144936,1000000.0,632214.9731732308,0.14168440929419407,1.4658,False,0.2
nlf415,failed,Infeasible_Problem_Detected,,,,,,,,,,,,,,,,,,,,,,,,,,,,,,,,,,,0.81
nlf416,ok,,0.046676115085037634,0.746948852977031,4.184032485148086,1.7678399999999999,0.4225206200657475,0.4225206200657475,11.523245550155387,3.820293317949281,0.08113557366890137,1.8025980997656017,11.62173694390222,24.94758059382321,13.325843649920989,0.046676115085037634,11.112722147768721,31.292800306223754,0.6083521259742469,27.656073428398106,1.3631986946670187,0.008298271625272309,15.369298175693087,1000000.0,874982.0256091108,20.549454237217844,0.7535456690181364,17.255179397054174,2.636249282857884,0.008633994763110928,13.305783198558677,1000000.0,574585.9404620465,0.1594441005350745,1.6476548494983276,False,0.2
nlr1t,ok,,0.05003812183670956,0.8400447086736658,3.720347540233213,1.7678399999999996,0.47518141272607584,0.47518141272607584,10.556311928389974,3.1434791928594303,0.07917454929253095,1.81886235068685,12.572406315490522,24.947580594567345,12.375174279076823,0.05003812183670956,11.364500864295648,31.292800306674202,0.5409330217918231,28.265356669061198,3.0506212679229066,0.008099965674817817,15.060633218169208,1000000.0,984035.2761485293,20.827122807477462,0.6057545505924699,16.380688959897455,3.676159216048951,0.008475836476721914,13.970634486259264,1000000.0,654930.9535223754,0.08699888941736028,1.3542351170568563,False,0.2
nlr7301,failed,Maximum_Iterations_Exceeded,,,,,,,,,,,,,,,,,,,,,,,,,,,,,,,,,,,1.2
nn7mk20,failed,Maximum_Iterations_Exceeded,,,,,,,,,,,,,,,,,,,,,,,,,,,,,,,,,,,1.25
npl9510,ok,,0.04758763246499674,0.8521343495728868,3.667565175804102,1.7678399999999996,0.48202006379134255,0.48202006379134255,11.2610875991023,3.6088237535308307,0.07895131571041056,1.800403929815491,11.88608906512532,24.94758059404311,13.061491528917792,0.04758763246499674,11.569223868522391,31.29280030635217,0.5332585441845447,29.24613782640913,2.706491022277052,0.011191600422645678,13.809980109666384,1000000.0,998197.1808535251,21.419681951979204,0.5958884733473077,17.656653646922717,3.273529520060143,0.01176722593847637,12.951485796358027,1000000.0,683258.3191637406,0.110759030251595,1.320834448160535,False,0.2
npl9615,ok,,0.0460511263262811,0.8518166657556208,3.668932989034298,1.7678399999999996,0.4818403621117414,0.4818403621117414,11.702996124320986,3.9035487853660125,0.07895710063294775,1.7934727143829858,11.451111754949531,24.947580593653505,13.496468838703972,0.0460511263262811,11.694351868476968,31.292800306132765,0.5334574222013669,27.450146658754335,4.056457146704621,0.007480353238448116,15.279631058078758,1000000.0,997825.0434119134,21.735024225519957,0.5982188370977686,17.397743873088455,4.567079650765707,0.008118801132049833,14.037314214044878,1000000.0,693058.8275648209,0.11300131212956485,1.3217,False,0.2
npl9626,ok,,0.04599549428978316,0.8345624985794802,3.7447863652147593,1.7678399999999999,0.4720803345209296,0.4720803345209296,11.718996236914153,3.920620919416503,0.0792779076632502,1.7880178222444423,11.440566534492682,24.947580593651274,13.507014059158596,0.04599549428978316,11.741166558970038,31.292800306120814,0.5444863907446434,27.65775267404908,4.359192912610664,0.008366208545687946,14.972406980179624,1000000.0,977613.3701681003,21.888608366389626,0.6025186610282026,17.572036543856893,4.799550367938214,0.00936129942515188,13.804141085805378,1000000.0,683818.5136524937,0.12061904190382244,1.3697,False,0.19
npl9627,ok,,0.04776165757671803,0.7947527539613435,3.9323654432432584,1.7678399999999996,0.4495614727358492,0.4495614727358492,11.211036916885098,3.5961819590556785,0.08007124010365543,1.8048981193978777,11.93164555780305,24.947580594086027,13.015935036282976,0.04776165757671803,11.622630254104065,31.29280030637613,0.571760110849606,27.876065015961885,4.306973594583207,0.008409065456646339,15.121378226442625,1000000.0,930979.9081307184,21.46497934184678,0.6339991842014596,17.075465745673256,4.758503435700718,0.009223275064186331,13.972379442717466,1000000.0,638596.2361964937,0.12155189800512892,1.4884,False,0.2
npl9660,ok,,0.047533690187395644,0.8259533715954067,3.7838192482503805,1.7678399999999996,0.46721047809496724,0.46721047809496724,11.276601726739742,3.628830793055287,0.07944299083073318,1.7746948781238139,11.896283989173272,24.94758059403683,13.051296604863555,0.047533690187395644,11.586826016637659,31.29280030634284,0.5501617141234719,26.676719541758438,4.44441871264337,0.008021527552071873,15.15047867514004,1000000.0,967528.5680667578,21.763038742537933,0.5950663287136081,16.21773614429127,4.8992593160287345,0.008456257490096857,14.32006145936027,1000000.0,672881.9889948013,0.11300131212956485,1.3944,False,0.19
nplx,ok,,0.04887194220795892,0.8368933828482086,3.734356525754533,1.7678399999999983,0.47339882729670635,0.47339882729670635,10.8917122936137,3.3682417922475034,0.07923379273509364,1.7972847233532516,12.258583577451855,24.94758059441881,12.688997016966953,0.04887194220795892,11.472248815968022,31.29280030650516,0.5429699075376376,28.37441846658529,4.068955327973994,0.009910962572713306,14.351845269946677,1000000.0,980343.7871702439,21.277001295160925,0.5973689417143774,16.71761788364553,4.592730148417432,0.010378842209276885,13.522549884046803,1000000.0,666567.8950115601,0.10663869932432432,1.3631,False,0.19
oa206,ok,,0.045148805500517857,0.8567571801367428,3.6477759837392787,1.7678399999997165,0.48463502360896926,0.48463502360896926,9.02916668593547,2.0917635691750704,0.10623805450764215,1.8029943017105285,11.18207720135986,22.01423818900586,10.832160987645999,0.045148805500517857,11.87600169996187,31.292800305995982,0.46801887556660327,24.8119876485233,4.005750493158348,0.0071849587156398356,16.46643671359914,1000000.0,1003612.4025601961,21.956071794375468,0.46779371927425983,14.692120616894556,4.003833321942896,0.0071822995901425,16.471895505066318,1000000.0,704167.9155864853,0.0600707846762119,1.0369,False,0.2
oa209,ok,,0.052805663262169095,0.7795257220515142,4.0091791421264595,1.7678399999999996,0.44094811863715855,0.44094811863715855,9.760350155556438,2.6342739552383025,0.08039610875373408,1.8229508217925834,13.36427961770188,24.9475805950509,11.58330097734902,0.052805663262169095,11.468742282044754,31.29280030700196,0.5829287088904259,28.318016072493776,4.403451760689737,0.008245087932567109,15.251236485623979,1000000.0,913142.8378175377,20.97102153450134,0.6026553777990576,15.50050222005709,4.576456191331417,0.008347980343902304,14.921713876796966,1000000.0,611947.0909627228,0.09009014116816867,1.5370076923076923,False,0.2
oa212,ok,,0.04743723930839058,0.790401164199663,3.9540152610535984,1.7678399999999996,0.44709994354673677,0.44709994354673677,11.304341587079724,3.659888064814946,0.0801628001240974,1.799864207485745,11.843374799448059,24.94758059401353,13.10420579456547,0.04743723930839058,11.630601101390072,31.292800306330268,0.5749079622916039,27.513185256798153,4.466432701455372,0.007709407126859956,15.42400172305486,1000000.0,925882.420116443,21.53977515455091,0.637363399201262,16.891569559542486,4.982311304384173,0.007961992308528502,14.38791378741062,1000000.0,637312.7030381255,0.1200831123974014,1.5021,False,0.2
oa213,ok,,0.04800432683785396,0.7783928653394313,4.015014017680104,1.7678399999999996,0.4403073045860663,0.4403073045860663,11.141243759142307,3.5552529947867595,0.08042078619756268,1.8094914082106728,11.996845426789593,24.947580594142572,12.950735167352981,0.04800432683785396,11.474556099673915,31.292800306409248,0.5837770911541992,27.694426652350867,3.611111741181283,0.007870548597962457,15.406820299785156,1000000.0,911815.8001366612,21.137718675364518,0.6641798056040076,16.839277246453054,4.227951711180104,0.008356571743615659,14.06695815100588,1000000.0,615915.024488671,0.125635066427779,1.5407,False,0.2
oaf095,ok,,0.05591016314979589,0.7276704516150474,4.2948813692565935,1.7678399999999996,0.41161556001394217,0.41161556001394217,8.867477076271037,2.0558837946539965,0.08160440064947554,1.8522664574239829,14.227837061796045,24.947580595491065,10.71974353369502,0.05591016314979589,10.487272465797979,31.292800307331014,0.6244693895324175,28.158046866728274,0.8261085690940251,0.0066096809782607785,16.126773944114124,1000000.0,852399.1478331359,18.87286504913018,0.7377008841274033,14.26857593014484,1.7987698620591426,0.006820805342618519,14.28679647770039,1000000.0,514086.7524495583,0.09476436584553928,1.7178,False,0.19
oaf102,ok,,0.05403616154698675,0.7492064602869387,4.171424608916287,1.7678399999999996,0.42379766284671627,0.42379766284671627,9.406451353058786,2.408369700668387,0.08108229005220431,1.8432850244206929,13.697844217757261,24.94758059523674,11.24973637747948,0.05403616154698675,10.74716310793428,31.29280030713691,0.606518959443834,28.232734565842666,1.1580278469914758,0.00735219828027804,15.736590582019938,1000000.0,877626.6053930003,19.43480066936817,0.7090665013746656,14.924725447879261,2.0293564648219493,0.007437736110221139,14.162648951530949,1000000.0,545061.4189378617,0.1016650823239361,1.6396765886287625,False,0.2
oaf117,ok,,0.05365404316204927,0.7308846913633406,4.275993604094189,1.7678399999999999,0.4134337334619313,0.4134337334619313,9.516350928306677,2.487462513547829,0.08152452705059147,1.83420696126037,13.59702270561443,24.947580595181478,11.350557889567046,0.05365404316204927,11.130493709439326,31.292800307095664,0.6217231364559068,28.263878014814647,3.0878667949100573,0.008059761619822348,15.53089416898742,1000000.0,856164.3346860717,20.22762233583325,0.6769942634026986,15.080011603572897,3.592066275014892,0.00796654541594719,14.757242672198688,1000000.0,553423.4280564815,0.1146310506543495,1.7058478260869565,False,0.2
oaf128,ok,,0.052374950348657294,0.7200665403872462,4.3402353675804175,1.7678399999999996,0.4073143159942338,0.4073143159942338,9.884225813239643,2.7360692296978835,0.08179601793379619,1.8268359982861408,13.236518783458228,24.94758059498401,11.711061811525784,0.052374950348657294,11.368404035843241,31.292800306953232,0.6310637937129896,28.23073218750561,4.1004237846270595,0.008679292795979399,15.342685394412923,1000000.0,843491.8637132423,20.74333993583914,0.6741749183768292,15.55878611348968,4.498839472008015,0.008763715215392341,14.719644638238643,1000000.0,559133.0366886501,0.12780753643290427,1.7465,False,0.2
oaf139,ok,,0.04818091184946087,0.7904327549861656,3.9538572331237694,1.7678399999999996,0.4471178132558183,0.4471178132558183,11.09045683412015,3.517287354049058,0.08016213552903477,1.7980918030757573,12.059031956986171,24.947580594182078,12.888548637195907,0.04818091184946087,11.898309610830479,31.292800306433143,0.5748849852648303,28.25801664833235,6.234219635926169,0.009644624905376473,14.662579638083518,1000000.0,925919.4258264435,22.057289827059286,0.5977796156565943,17.013882027989062,6.438036749354967,0.009744972614186692,14.331963602205715,1000000.0,652650.863200619,0.1366486465742879,1.502,False,0.2
p51droot,failed,Maximum_Iterations_Exceeded,,,,,,,,,,,,,,,,,,,,,,,,,,,,,,,,,,,1.2
p51dtip,failed,Maximum_Iterations_Exceeded,,,,,,,,,,,,,,,,,,,,,,,,,,,,,,,,,,,1.23
p51hroot,failed,Maximum_Iterations_Exceeded,,,,,,,,,,,,,,,,,,,,,,,,,,,,,,,,,,,1.27
p51htip,failed,Maximum_Iterations_Exceeded,,,,,,,,,,,,,,,,,,,,,,,,,,,,,,,,,,,1.24
pfcm,ok,,0.04270971693431707,0.8567571784177309,3.647775991059361,1.7678399999999888,0.4846350226365148,0.4846350226365148,9.975998540974246,2.7229848222451554,0.1062380387184438,1.7929472416304248,10.490627531319877,22.259573313924548,11.768945782604671,0.04270971693431707,12.046812846496929,31.292800305601137,0.47323465861956315,24.2462071928005,2.6741025249328785,0.0060256927711726735,17.060061889272752,1000000.0,1003612.4005337135,22.396667280148378,0.4884491200934992,15.378414876083548,2.8225719649856083,0.006300690394854226,16.595314588157795,1000000.0,718298.5477001655,0.08193,1.0596,False,0.2
pmc19sm,ok,,0.04840127765095798,0.8567571800056175,3.647775984297988,1.767839999999819,0.48463502353476856,0.48463502353476856,10.264160346425404,2.915092677351976,0.10623805334563054,1.8060481624032279,12.114454144597504,24.184662653426138,12.070208508828632,0.04840127765095798,11.487900942953893,31.292800306462315,0.5141617223012814,26.968706289516703,3.9955910192966613,0.0069790836103393395,15.76657294194609,1000000.0,1003612.4024214927,21.202647825418367,0.5589630970986736,15.809533563386625,4.403150367346669,0.007112942637379178,14.943066941254502,1000000.0,680004.3496705075,0.09190254798331016,1.2377217391304347,False,0.2
prandtl-d-centerline,ok,,0.041726538978720557,0.8552062760207421,3.654391172316652,1.7678399999999994,0.4837577360059408,0.4837577360059408,11.77412381616748,3.9363707213055505,0.09221608455586451,1.791633917181673,10.209172886399234,23.77493061974839,13.565757733349153,0.041726538978720557,11.670946077485805,31.2928003054285,0.5063675182961958,25.695905415617197,2.99814356790075,0.006366821540710477,16.23889270327478,1000000.0,1001795.6607133944,21.713784952684918,0.6000790026777632,17.10386233607933,3.548123542629584,0.006413210459654463,14.542523950641597,1000000.0,695136.7512957925,0.12029474853037231,1.2038,False,0.2
prandtl-d-wingtip,ok,,0.04151430960871014,0.8565796160647656,3.6485321469021508,1.7678399999981331,0.4845345823522888,0.4845345823522888,10.704120189948663,3.21014736296777,0.10456025721886,1.7868165516510652,10.152951792252432,22.643888533852163,12.490936741599729,0.04151430960871014,11.988618224625675,31.292800305390163,0.481504924956871,25.008661596195644,4.071770629244435,0.007279183854183401,16.183011130030277,1000000.0,1003404.4025283435,22.36494883138745,0.5199933309433814,16.260520615822646,4.348000900378017,0.007582572802220567,15.387305625723272,1000000.0,717132.6279760855,0.09631756214915799,1.0955936454849498,False,0.22
psu-90-125wl,ok,,0.045067813065929004,0.8431085268403788,3.706827965922928,1.7678399999999994,0.47691449839373423,0.47691449839373423,11.985803007885576,4.095338339277337,0.07911737051282797,1.8067725609393572,11.155005024552148,24.947580593377083,13.792575568824933,0.045067813065929004,11.546756060385599,31.292800305983683,0.538967295710278,27.272856905048467,1.8024365487305927,0.005690217873193714,16.133758481961063,1000000.0,987624.2579090399,21.30272935290822,0.642980361962661,17.775020355885278,2.7943367333394935,0.006026755703405164,14.139969974331649,1000000.0,672330.1226761765,0.12533874145436028,1.3456799331103677,False,0.2
psu94097,ok,,0.05299797923200391,0.7691152216527967,4.063446123045059,1.7678399999999994,0.4350592936310961,0.4350592936310961,9.705038911109181,2.600897137890295,0.08062561049914914,1.8169158558487417,13.425625828123845,24.947580595081767,11.521954766957922,0.05299797923200391,10.596631233333897,31.292800307023455,0.5908190475359377,26.996443921430433,0.8414623546522483,0.005128122826478821,16.637857948889202,1000000.0,900947.8920860679,19.440693413186636,0.7069970076770489,14.747818132985108,1.8538817482373688,0.005281622566401393,14.491345665053318,1000000.0,559715.0647898669,0.09696090228881422,1.5713478260869564,False,0.19
pt40,ok,,0.04956691516724149,0.7620170126908173,4.101297232937303,1.7678399999999996,0.43104410619219924,0.43104410619219924,10.691833836943424,3.2611126993224606,0.08078570303402491,1.822665360081841,12.433081397451877,24.94758059447714,12.514499197025264,0.04956691516724149,11.096054433139331,31.29280030661475,0.5963225428505411,28.432793334268716,2.287974848106983,0.00926501968460186,14.934036343328087,1000000.0,892632.9917553923,20.292725653601966,0.7113352884194984,16.573128958799177,3.40494311946615,0.00958523051426198,13.365878848461156,1000000.0,578853.8013076812,0.11594382142857143,1.5953,False,0.21
r1046,ok,,0.044574502594966696,0.725163592049646,4.309728590712312,1.7678399999999996,0.41019752469094833,0.41019752469094833,12.127682104320824,4.230132931483934,0.08166718349236339,1.805586462090644,11.014312026802024,24.947580593213495,13.933268566411469,0.044574502594966696,11.122577611502765,31.292800305890076,0.6266281535409479,27.425515569659343,0.008356034107104301,0.008208558127349296,15.498163354028367,1000000.0,849462.5918949282,20.533637952779443,0.812814669690421,17.91376407955298,1.597431208736778,0.00820046977359374,13.022092830884619,1000000.0,557398.4157984408,0.18096099999999998,1.7271953177257524,False,0.22
r1080,failed,Maximum_Iterations_Exceeded,,,,,,,,,,,,,,,,,,,,,,,,,,,,,,,,,,,1.43
r1082,failed,Maximum_Iterations_Exceeded,,,,,,,,,,,,,,,,,,,,,,,,,,,,,,,,,,,1.29
r1082t,failed,Maximum_Iterations_Exceeded,,,,,,,,,,,,,,,,,,,,,,,,,,,,,,,,,,,1.32
r1145ms,failed,airfoil 'r1145ms' not found in the aerosandbox UIUC database,,,,,,,,,,,,,,,,,,,,,,,,,,,,,,,,,,,0.0
r1145msf,failed,airfoil 'r1145msf' not found in the aerosandbox UIUC database,,,,,,,,,,,,,,,,,,,,,,,,,,,,,,,,,,,0.0
r1145msm,failed,airfoil 'r1145msm' not found in the aerosandbox UIUC database,,,,,,,,,,,,,,,,,,,,,,,,,,,,,,,,,,,0.0
r140,failed,Restoration_Failed,,,,,,,,,,,,,,,,,,,,,,,,,,,,,,,,,,,0.48
r140sm,failed,Maximum_Iterations_Exceeded,,,,,,,,,,,,,,,,,,,,,,,,,,,,,,,,,,,1.31
rae100,ok,,0.0477708570982016,0.8567571795472544,3.6477759862502444,1.7678399999999896,0.48463502327544317,0.48463502327544317,10.763534468290556,3.248008762862514,0.10623804920329775,1.7955961342077233,11.943593381413681,24.502723983911963,12.55913060249828,0.0477708570982016,11.65368442575508,31.29280030637738,0.5209236511582147,27.336322271341164,4.392782106802339,0.0076895474206644,15.321303214715819,1000000.0,1003612.4018817416,21.63382623323418,0.558652137474765,16.429473408448935,4.657339540997513,0.007999462258365985,14.60184630056144,1000000.0,693832.9614241506,0.099956,1.2671508361204014,False,0.19
rae101,ok,,0.04198999049371109,0.8567168238071047,3.647947815139056,1.7678399999999996,0.4846121955647032,0.4846121955647032,10.734987663918945,3.22937656335371,0.10585503044013325,1.8056453527657021,10.270931711424806,22.811564728109452,12.540633016684648,0.04198999049371109,12.076258108253679,31.292800305475552,0.48499274404123166,25.420664103129102,4.273409758999692,0.007801863752010497,15.845897889888798,1000000.0,1003565.1288071155,22.29352161127416,0.5253286980594867,16.45815429457176,4.566918527884977,0.008270294818301086,14.99812182256224,1000000.0,714956.8165514347,0.099938,1.1107732441471572,False,0.2
rae102,ok,,0.03986496116953209,0.8558244283029272,3.6517516470022797,1.7678399999999996,0.484107401293628,0.484107401293628,10.796306116850856,3.278827317717886,0.0976365247092574,1.7614870046629967,9.70391868060462,22.26171180211847,12.557793121513852,0.03986496116953209,11.886967546785492,31.29280030507829,0.47379594337792436,24.73626244208048,4.3294188939228455,0.008106322109982158,15.873730897534232,1000000.0,1002519.7693661505,22.49419101648851,0.517242504650432,16.38862220027525,4.653456352849033,0.008599655384336054,14.987632103726915,1000000.0,720640.8812914252,0.099994,1.0620428093645484,False,0.19
rae103,failed,Maximum_Iterations_Exceeded,,,,,,,,,,,,,,,,,,,,,,,,,,,,,,,,,,,1.27
rae104,failed,Infeasible_Problem_Detected,,,,,,,,,,,,,,,,,,,,,,,,,,,,,,,,,,,0.58
rae2822,ok,,0.04378160582167083,0.8559961709750752,3.6510189783208737,1.7678399999999996,0.4842045496057762,0.4842045496057762,11.796463166663077,3.9439858092321773,0.09918143915045823,1.7854615145097412,10.80639503219407,24.38831971336689,13.581924681172818,0.04378160582167083,11.889892842191005,31.292800305780517,0.5189523921122943,26.735052732902687,2.905841883788552,0.00746897181249801,15.464600607142271,1000000.0,1002720.9501663656,22.197608751885785,0.5743589975652131,17.665754232934567,3.550351602938144,0.008910798800461632,14.054214414102823,1000000.0,711282.0559878296,0.12108702547504699,1.2585715719063546,False,0.2
rae5212,ok,,0.04929602609950702,0.779435917323222,4.009641070086835,1.7678399999999994,0.44089731951037553,0.44089731951037553,10.76974318297491,3.3072330500242573,0.08039806238621999,1.8132337925987265,12.364603618848026,24.947580594421662,12.582976975573636,0.04929602609950702,11.453710326204487,31.29280030658006,0.5829958725326756,28.16154432273252,3.015540146199951,0.00877007174371723,15.044988009958832,1000000.0,913037.6398083917,21.055770401214193,0.6494818698982965,16.725645369960255,3.7394412303081,0.009845306272342856,13.803111595091767,1000000.0,614349.3302972168,0.11938871611683127,1.5373,False,0.2
rae5213,ok,,0.05215979551275422,0.7925551048617318,3.943269365661619,1.7678399999999996,0.44831834603908266,0.44831834603908266,9.946105654691944,2.7536547154431834,0.08011735616884698,1.8263939232608908,13.175081016993946,24.947580594946782,11.772499577952836,0.05215979551275422,11.249067527166563,31.292800306928584,0.5733455250179437,28.763716166893058,3.220550693572218,0.00926147308624874,14.797803858382728,1000000.0,928405.563929159,20.530560948359906,0.6285558932654928,15.848040369703568,3.7268650265876553,0.009564245388147636,13.967977305706789,1000000.0,609107.744532016,0.09948527272727273,1.4953,False,0.2
rae5214,ok,,0.052496493714464486,0.7906855721975073,3.9525930097777637,1.7678399999999996,0.4472608223580796,0.4472608223580796,9.84926920080527,2.6897418744245183,0.0801567887246642,1.8276319294505987,13.27067946472993,24.9475805949858,11.67690113025587,0.052496493714464486,11.252093209474946,31.292800306946113,0.574701169062555,28.755739412182503,3.277683457317911,0.009165999278000542,14.842661006286107,1000000.0,926215.578000919,20.52217230424038,0.6254368233129073,15.74138099030872,3.7456248788444872,0.009480416394300119,14.06032719941952,1000000.0,607422.6498159459,0.09666158441558442,1.5012,False,0.19
rae5215,ok,,0.05314960248942716,0.7639893197928922,4.090709365475445,1.7678399999999996,0.4321597654724932,0.4321597654724932,9.661431138636052,2.573526599388532,0.08074092396844527,1.8308091805123172,13.455340275956276,24.947580595104647,11.492240319148369,0.05314960248942716,11.164946986553934,31.292800307040313,0.5947830826030603,28.87327386459134,3.2522937459245242,0.00956613354274802,14.813145761924137,1000000.0,894943.3685175107,20.32789126869325,0.6492905342405626,15.53756683967213,3.7365597799971737,0.00980561724925076,14.037274208561858,1000000.0,581357.7343146594,0.09647792207792208,1.5886,False,0.2
rae69ck,ok,,0.04378160582167083,0.8559961709750752,3.6510189783208737,1.7678399999999996,0.4842045496057762,0.4842045496057762,11.796463166663077,3.9439858092321773,0.09918143915045823,1.7854615145097412,10.80639503219407,24.38831971336689,13.581924681172818,0.04378160582167083,11.889892842191005,31.292800305780517,0.5189523921122943,26.735052732902687,2.905841883788552,0.00746897181249801,15.464600607142271,1000000.0,1002720.9501663656,22.197608751885785,0.5743589975652131,17.665754232934567,3.550351602938144,0.008910798800461632,14.054214414102823,1000000.0,711282.0559878296,0.12108702547504699,1.2585715719063546,False,0.2
raf15,ok,,0.05531633682220682,0.819120669143131,3.8153820106496417,1.7678399999999996,0.4633454776128672,0.4633454776128672,9.03826514548762,2.1390712722639895,0.07957648040414128,1.8343667374016968,14.074948712522602,24.947580595411917,10.872631882889316,0.05531633682220682,10.947235081850879,31.292800307270934,0.5547508930234653,28.64201752903496,2.2384792168880465,0.007581048128178436,15.363369844798981,1000000.0,959524.6842840665,19.89285068364097,0.5982725377143969,14.670993807309289,2.4689425787781696,0.007594781192627207,14.672849807778405,1000000.0,609970.3792663012,0.0649,1.4143729096989968,False,0.2
raf19,ok,,0.05399354173543299,0.765611861272084,4.0820400305806395,1.7678399999999994,0.43307757561322535,0.43307757561322535,9.418709070487152,2.4111748397592825,0.08070425867410212,1.8571727952263468,13.671698729516669,24.947580595230168,11.2758818657135,0.05399354173543299,10.039775686717784,31.29280030713234,0.5935225741498238,35.707964040717485,-2.8450540962043425,0.029695300932776395,9.856440056375439,1000000.0,896844.0269447202,18.019819718308558,0.8089977235046774,14.224822368260284,-0.5155958729147027,0.010301403890094589,12.073354143058625,1000000.0,516443.6395071447,0.10500000000000001,1.5831140468227427,False,0.2
raf25,ok,,0.0370880601317663,0.856757142859475,3.6477761424541706,1.7678399999999979,0.48463500252255637,0.48463500252255637,9.105964850135221,2.1429627133794003,0.10623770109741479,1.767666792176652,8.89908523825755,19.772716880569423,10.873631642311873,0.0370880601317663,12.425604100317909,31.292800304490562,0.42036454068598783,21.944661305456204,2.388304541767851,0.006532891682920393,17.7625177289795,1000000.0,1003612.3588448572,23.431271389893173,0.41231723821504584,14.758807887678005,2.2953777606738917,0.006346875321745791,18.060239336147138,1000000.0,751479.9992818199,0.06475189438134218,0.8295,False,0.2
raf26,failed,too few converged polar points,,,,,,,,,,,,,,,,,,,,,,,,,,,,,,,,,,,0.01
raf27,ok,,0.03877243946435867,0.8553388249087345,3.6538248640045854,1.7678399999999996,0.4838327138817623,0.4838327138817623,10.831176134792079,3.3065424308130877,0.09336017539981464,1.766848322923113,9.384341464494717,21.982365922209908,12.598024457715193,0.03877243946435867,12.128983866979064,31.292800304857096,0.4681162397529645,24.26659979701764,4.041238722890738,0.007668252799987807,16.2092615129858,1000000.0,1001950.9295519189,22.882522341462423,0.5017215892466107,16.42596247628796,4.301971541122981,0.008098005649104475,15.454670887078512,1000000.0,732665.7987512291,0.0976,1.037323745819398,False,0.2
raf28,ok,,0.045736858115380995,0.8567571739306028,3.6477760101426107,1.7678399999948053,0.4846350200997377,0.4846350200997377,10.859983482275597,3.3123081621126533,0.10623799683408536,1.8146768985754314,11.339522118837928,24.014182499688957,12.674660380851028,0.045736858115380995,11.573867709782473,31.292800306086,0.5105373475056098,26.01334274554633,2.249490294858588,0.0056347421901532906,16.518799307164475,1000000.0,1003612.3952959478,21.259739991672454,0.5838066019636898,16.17734113192399,2.755011107874181,0.005907635419405288,14.987259533823156,1000000.0,681835.3860220619,0.09820000000000001,1.2219478260869563,False,0.2
raf30,ok,,0.04333917174173333,0.8551807479520612,3.6545002598388594,1.7678399999999994,0.4837432957462562,0.4837432957462562,12.25570386151282,4.257653398542944,0.09199686417762779,1.7802616418137083,10.684348168272784,24.720313671599314,14.03596550332653,0.04333917174173333,11.886246630983825,31.29280030570755,0.5265183628997654,27.368500207549875,5.0299076907575,0.008427038385073632,14.93407586192673,1000000.0,1001765.7569328585,22.255617473684495,0.5910325485806522,18.172888989479347,5.5125366737913275,0.009337764083540227,13.698928639195628,1000000.0,712461.5012631927,0.1264,1.2915,False,0.2
raf30md,ok,,0.03681318388871944,0.8562038398071563,3.650133438205444,1.7678399999999996,0.48432201998323177,0.48432201998323177,9.637607912501666,2.502775559128765,0.10107265794429236,1.772567594588622,8.815128353849627,20.225303860939917,11.410175507090289,0.03681318388871944,12.225463008202889,31.292800304427566,0.4302643309740731,23.016893576372958,3.5715998943295726,0.008152744427021116,16.491187751722332,1000000.0,1002964.2150997451,22.99012093253004,0.44971664283188834,15.454538993100304,3.7213672743583133,0.008269297964874243,16.138704965065703,1000000.0,736855.3907551935,0.076,0.872585618729097,False,0.2
raf31,ok,,0.04472480134116376,0.8431372581977925,3.7067016493616287,1.7678399999999996,0.4769307506322929,0.4769307506322929,12.08445526938551,4.161095848460161,0.07911683644054855,1.799126841731125,11.063998482153021,24.947580593269656,13.883582111116635,0.04472480134116376,11.621606506554903,31.29280030593125,0.5389489294688693,26.86332738047833,2.929023674747915,0.006224401930608132,15.879731624888452,1000000.0,987657.9140556043,21.531938414030073,0.633495175421463,17.621040130283845,3.6035917673801166,0.006913892859205236,14.013592362476853,1000000.0,679587.2907399685,0.1274,1.3456,False,0.19
raf32,failed,airfoil 'raf32' not found in the aerosandbox UIUC database,,,,,,,,,,,,,,,,,,,,,,,,,,,,,,,,,,,0.0
raf32md,ok,,0.05052800033386277,0.812816058970371,3.8449760325342206,1.7678399999999994,0.45977919889264374,0.45977919889264374,10.415419888457006,3.059427656404019,0.07970164164384318,1.8223511227976303,12.709809583411683,24.94758059466632,12.237771011254637,0.05052800033386277,10.865587209372979,31.292800306733334,0.5590538199733863,27.207905932300914,0.5026770759109959,0.005669502993692701,16.242875468042097,1000000.0,952139.4120930004,19.874668266805404,0.6798554573114054,15.629218118102553,1.5629014335615856,0.005334339901171848,14.208106966003232,1000000.0,604722.3250591514,0.1016,1.4331,False,0.19
raf33,ok,,0.045740556059938806,0.8236247791612401,3.794517047899758,1.7678399999999996,0.4658932817230294,0.4658932817230294,11.792318024880474,3.9734843599710437,0.07948822736484454,1.8054016436511495,11.349860925168288,24.94758059369991,13.597719668531624,0.045740556059938806,11.673437854328078,31.292800306029342,0.5517171583488751,27.043040534314873,2.2998225026104206,0.006596290271188666,15.77781454335627,1000000.0,964800.8357408133,21.55279942901483,0.6339217058223522,17.305406724539527,2.842586926803841,0.007055426432547778,14.241748236755631,1000000.0,664502.9750712694,0.12637712465826834,1.4011695652173914,False,0.19
raf34,ok,,0.04399188872487715,0.8554305587048054,3.6534330388335734,1.7678399999999996,0.4838846042089814,0.4838846042089814,12.26727912098982,4.263110581770982,0.09415773739496512,1.7923682069840035,10.859966983686839,24.91961431166066,14.059647327973822,0.04399188872487715,11.683489011087483,31.29280030581468,0.5306082720649518,27.022604143669437,3.4216824483966928,0.006811177384630391,15.575570487248013,1000000.0,1002058.3873052628,21.728215898129456,0.620937442366804,17.824929710073448,4.055303315064307,0.007177944068715403,13.952664065132401,1000000.0,695781.1627313659,0.1264,1.3093,False,0.2
raf38,failed,airfoil 'raf38' not found in the aerosandbox UIUC database,,,,,,,,,,,,,,,,,,,,,,,,,,,,,,,,,,,0.0
raf48,failed,Maximum_Iterations_Exceeded,,,,,,,,,,,,,,,,,,,,,,,,,,,,,,,,,,,1.2
raf69,failed,airfoil 'raf69' not found in the aerosandbox UIUC database,,,,,,,,,,,,,,,,,,,,,,,,,,,,,,,,,,,0.0
raf6,failed,airfoil 'raf6' not found in the aerosandbox UIUC database,,,,,,,,,,,,,,,,,,,,,,,,,,,,,,,,,,,0.0
raf6prop_sm,failed,airfoil 'raf6prop_sm' not found in the aerosandbox UIUC database,,,,,,,,,,,,,,,,,,,,,,,,,,,,,,,,,,,0.0
raf89,failed,airfoil 'raf89' not found in the aerosandbox UIUC database,,,,,,,,,,,,,,,,,,,,,,,,,,,,,,,,,,,0.0
rc0864c,failed,too few converged polar points,,,,,,,,,,,,,,,,,,,,,,,,,,,,,,,,,,,0.01
rc08b3,ok,,0.04844493095536639,0.8567571797625109,3.647775985326078,1.767839999998129,0.4846350233977157,0.4846350233977157,10.306229535523888,2.943138806138202,0.10623805122726204,1.809144821427309,12.123912441851205,24.239286798802404,12.115374356951197,0.04844493095536639,11.579583170155537,31.29280030646365,0.5153230222779082,26.983204597348852,3.425220889966803,0.007511891628620407,15.493964230456173,1000000.0,1003612.402137718,21.335279580732013,0.5541007357216299,15.890710952239532,3.759153251098939,0.008061068097792145,14.647293208883868,1000000.0,684258.0715243773,0.07999618239660658,1.2427759197324415,False,0.19
rc08n1,ok,,0.046182426578711876,0.8567571799126636,3.6477759846944986,1.7678399999999996,0.48463502348213855,0.48463502348213855,9.841818166155155,2.633531224649614,0.10623805251586091,1.8150130324275948,11.467334189361075,23.124165387943826,11.65683119858275,0.046182426578711876,11.507541197973286,31.29280030615209,0.49161573492070954,25.349395579182453,3.514264453366709,0.005648864525584548,16.904448933501218,1000000.0,1003612.4023025538,21.133991863742256,0.5433328970975612,15.20428139117419,3.998378858216383,0.006151157930200612,15.62472622885692,1000000.0,677802.4381679606,0.08015168854923553,1.1395976588628762,False,0.2
rc1064c,ok,,0.04878265213127257,0.8262639452693361,3.7823969973435814,1.7678399999999994,0.46738615783630666,0.46738615783630666,10.917392663518951,3.389245480590021,0.07943697471303639,1.7678278586486766,12.262360072155003,24.94758059432263,12.685220522167628,0.04878265213127257,11.446096703966775,31.292800306510486,0.5499549209485998,27.593492626844988,4.377309207346525,0.00854420351360881,14.93420092083382,1000000.0,967892.3766262151,21.582223344445886,0.5878860729755265,16.394052651938605,4.762160203475373,0.00909483940192813,14.196193750638804,1000000.0,667542.3497138249,0.09999859093781616,1.3935,False,0.19
rc10b3,ok,,0.048225813591582234,0.8329456062748103,3.7520556469192714,1.7678399999999994,0.4711657199038434,0.4711657199038434,11.07754281957498,3.4935778246507665,0.07930865226556907,1.8129075528429888,12.057130221789514,24.94758059420748,12.890450372417968,0.048225813591582234,11.550241015722122,31.292800306431765,0.5455433335384579,27.079987954407272,3.3776512721863274,0.007420604857249041,15.378361187620373,1000000.0,975719.329242746,21.237047264414404,0.6120254758151876,16.3907873114927,3.9529155609480626,0.008094790592366811,14.100951082697962,1000000.0,662177.7951803164,0.09972366130308626,1.3743,False,0.19
rc10n1,ok,,0.04886372745744466,0.8567571804114995,3.647775982570133,1.7678399999998797,0.4846350237643439,0.4846350237643439,10.876654480112435,3.3234220956488145,0.10623805733685468,1.810915469990284,12.242590218516483,24.930160168619203,12.68756995010272,0.04886372745744466,11.655182288591899,31.292800306521194,0.530010869579328,27.156231019772378,3.706448895111134,0.005895087083274428,15.997216282319545,1000000.0,1003612.4028988001,21.453573218880337,0.5738887891493516,16.300381392057332,4.046824679860073,0.006178502360451693,15.05829072444349,1000000.0,688051.9467118102,0.100100048977105,1.3067,False,0.2
rc1264c,ok,,0.04523380864452136,0.8233057544862877,3.795987394197243,1.7678399999999996,0.4657128215711195,0.4657128215711195,11.93806166832526,4.070762027398696,0.07949445273849337,1.7878364019856254,11.221682523124823,24.94758059343571,13.725898070310885,0.04523380864452136,11.715251854950072,31.292800306006395,0.5519309445192576,27.90422614988028,4.549812993080032,0.00920687091242634,14.683121908724665,1000000.0,964427.12761378,21.84251281220653,0.6232764792331571,17.91187520554665,5.142263039645267,0.010140607713155888,13.451452840934614,1000000.0,673174.3942807247,0.11999726963764856,1.4021,False,0.19
rc12b3,ok,,0.04447446524000142,0.831160272683344,3.7601150684335733,1.7678399999999999,0.4701558244430175,0.4701558244430175,12.156453457064673,4.213504278781786,0.07934272300368325,1.79417218300701,10.996954953190398,24.94758059326208,13.950625640071683,0.04447446524000142,11.58045477228485,31.29280030586941,0.5467151614872396,27.311819076272712,3.0533874647975474,0.007926598849000058,15.169259413724346,1000000.0,973627.9747823932,21.514945038842658,0.6467474778477558,17.766620209779127,3.850160509789947,0.00829932932184847,13.57484064730248,1000000.0,669404.8522654542,0.11996507709707824,1.3794,False,0.19
rc12n1,ok,,0.045845696518862375,0.8489644785903536,3.6812591626793054,1.7678399999999994,0.48022698807038755,0.48022698807038755,11.762078988319358,3.9440065952137355,0.07900923196738341,1.7893620621857065,11.39613954309254,24.947580593597603,13.551441050505064,0.045845696518862375,11.716102558624195,31.29280030610214,0.5352496295917331,26.686487041033836,4.117205775335649,0.006044214876402902,15.944758284194338,1000000.0,994483.9679232037,21.825474017097413,0.5976885126244071,17.079884188565877,4.592431885545724,0.006638918427285506,14.592002531126848,1000000.0,693612.7093136916,0.12019302658056448,1.3295,False,0.19
rc410,ok,,0.05225885164002732,0.7606687769404189,4.10856651454854,1.7678399999999994,0.4302814603925803,0.4302814603925803,9.917616509077423,2.7454116288785353,0.08081634506805926,1.8421116158846451,13.187852470005723,24.94758059496779,11.759728124962068,0.05225885164002732,11.479320024430173,31.292800306939906,0.5973794856288668,27.93145793868296,3.8225622081748694,0.008264299761736496,15.323683466212708,1000000.0,891053.6573253582,20.772031266443122,0.6390724174553943,15.443975443962634,4.159017405575304,0.008476041478839442,14.646371552295458,1000000.0,591477.7280554222,0.0997972300521294,1.5999,False,0.2
rc510,ok,,0.051470330840896666,0.7892655757378038,3.959704263901937,1.7678399999999996,0.4464575842484636,0.4464575842484636,10.144399894294352,2.8869842170514075,0.08018686439221517,1.7483430309475123,13.054837669588723,24.947580594830587,11.892742925241865,0.051470330840896666,10.90216740263108,31.29280030684822,0.5757351348790792,27.855008140788236,3.4968083762908013,0.00733657410610296,15.584292336960287,1000000.0,924552.1824740281,20.785713881946585,0.6220643287430664,15.655565311234179,3.942764142578191,0.0077407211620856165,14.704607387888132,1000000.0,614118.1660124166,0.09961103962133702,1.5057,False,0.2
rcsc2,ok,,0.043209682526719,0.8561367727147285,3.6504193783080954,1.7678399999999996,0.4842840826741836,0.4842840826741836,11.527475443737307,3.7633273544633843,0.10045909739572058,1.785724929638636,10.641642993385181,23.954843366761125,13.313200373375944,0.043209682526719,11.804470638768999,31.29280030568591,0.50964485559638,27.09651749526187,4.051081420972001,0.009186913227127195,14.835915876992768,1000000.0,1002885.652196778,22.034880517978735,0.5712473985246829,17.521694789360204,4.53183938936751,0.009817392115476761,13.786970882227635,1000000.0,706183.7005151592,0.0997,1.2180635451505015,False,0.19
rg12,ok,,0.04666341794720432,0.8567571793398747,3.6477759871332363,1.7678399999999996,0.4846350231581336,0.4846350231581336,10.632277035345194,3.160503809547228,0.10623804729890295,1.8088120227135254,11.611871246764801,24.05296030482352,12.441089058058719,0.04666341794720432,11.657397245601839,31.292800306221928,0.5113617536783528,26.274384839449397,2.851806380955855,0.00604140926430414,16.288106786940613,1000000.0,1003612.4016338241,21.482603128864216,0.5612200183261725,16.057271419783866,3.345147928781948,0.0063990595576625025,15.193805273252863,1000000.0,688982.9835784596,0.09256916920234055,1.2255357859531772,False,0.2
rg12a189,ok,,0.05096540374082153,0.8432859954613199,3.7060478680074844,1.7678399999999983,0.4770148856578201,0.4770148856578201,10.289620004123622,2.9644837861224107,0.07911407095895442,1.8283271243294053,12.82963346630533,24.947580594758357,12.117947128453027,0.05096540374082153,11.462602481131933,31.29280030678068,0.5388538706309778,27.307232006550798,2.573394082654397,0.0060010225071677695,15.984437966686343,1000000.0,987832.1461353969,20.89816118169807,0.5868732766023617,15.646070843002718,3.035983270561904,0.00628212547166152,14.989982134894856,1000000.0,659700.4808779301,0.0898716617507608,1.3451862876254181,False,0.19
rg12a,ok,,0.050965480977743144,0.8432859954613149,3.7060478680075057,1.767839999999998,0.47701488565781736,0.47701488565781736,10.289597790314302,2.9644689769169736,0.07911407096298488,1.8282933209113388,12.829689483532528,24.94758059475817,12.11789111122564,0.050965480977743144,11.462276975238094,31.29280030678077,0.5388538706309772,27.30832464226861,2.5733940826543926,0.006000979942642703,15.984458149052282,1000000.0,987832.1461353941,20.89795410859741,0.5868821940755636,15.64673993894025,3.036072283458184,0.006282197367719962,14.989799934351002,1000000.0,659693.9441198404,0.0898716617507608,1.3451862876254181,False,0.19
rg1410,ok,,0.04954833085567054,0.831929477130982,3.756638454953973,1.7678399999999996,0.4705909342084024,0.4705909342084024,10.69717879816231,3.2403734951604948,0.07932803457198129,1.8175610048028492,12.432840791511694,24.947580594476854,12.51473980296516,0.04954833085567054,11.536503800986845,31.29280030661052,0.5462096670384982,27.229042205112634,3.4028927316258053,0.006489494605943518,15.796499250947564,1000000.0,974529.0272175784,21.157481134520356,0.5993958134045803,16.07299860624196,3.9003391586151763,0.00687659406504426,14.726654421810478,1000000.0,658892.119157606,0.0999996633941094,1.3772,False,0.19
rg1495,ok,,0.05032040799085391,0.8345573160991281,3.7448096197970195,1.7678399999999992,0.4720774029884653,0.4720774029884653,10.475124710881369,3.091375136945411,0.07927800672682847,1.8023055959888792,12.670150287756709,24.947580594626956,12.277430306870247,0.05032040799085391,11.350096539726081,31.29280030670753,0.5444897719273828,27.249885006543938,3.3457254621773695,0.006393595533093321,15.831159351889356,1000000.0,977607.2993863503,20.991809167446934,0.5954672588229432,15.793514717867637,3.7564456674497806,0.0067756958030461036,14.78905963438369,1000000.0,655797.6808813319,0.09499967942296134,1.3697147157190637,False,0.19
rg149,ok,,0.05053830142421588,0.8510702810519573,3.672150626311441,1.7678399999999996,0.48141816060953335,0.48141816060953335,10.412457232115269,3.0434697272299047,0.07897070905681275,1.8181425738348238,12.716980788711702,24.947580594661794,12.230599805950092,0.05053830142421588,11.546002327747669,31.292800306736098,0.5339252618965071,27.542448904089166,3.2268142219823073,0.006283003599792302,15.824843552786533,1000000.0,996950.722254671,21.168127835348756,0.5720365087359309,15.967189023684162,3.5447068104477153,0.006690804997872664,14.972010072370631,1000000.0,674390.9182741751,0.08999969545181327,1.3237361204013378,False,0.2
rg14,ok,,0.04757412243500337,0.8567571783770052,3.647775991171331,1.767839999985104,0.4846350226175583,0.4846350226175583,10.228276558385803,2.8911701708268995,0.10623803938750491,1.7588796076384097,11.923727820394062,23.910883986418273,11.987156166024212,0.04757412243500337,11.138434255934321,31.29280030630827,0.5083412364126563,26.05524331787358,2.8865255417820666,0.005780313368851003,16.48581577681338,1000000.0,1003612.4005171362,21.108957102697012,0.5600556391909081,15.454958796883297,3.2956345940076743,0.006131326803800443,15.325891105135698,1000000.0,676999.5303354269,0.08466553957988404,1.2123899665551838,False,0.2
rg14a147,ok,,0.0444016732417701,0.8567571798451065,3.6477759849821343,1.7678399999999996,0.484635023443924,0.484635023443924,9.4353213656305,2.3625333582656682,0.10623805190913886,1.824824108071943,10.945367605989452,22.205513079691894,11.260145473702444,0.0444016732417701,11.898688772269034,31.292800305880334,0.4720853466437367,24.286728444429983,2.608686226070322,0.005553474147808712,17.38050807774419,1000000.0,1003612.402214701,21.734859667910406,0.4962252801973567,14.771925434551807,2.809091462759232,0.0057717841729468915,16.738103436900648,1000000.0,697073.2727621043,0.06995851509375645,1.0545979933110368,False,0.2
rg15,ok,,0.04935530581585769,0.8567571798929228,3.647775984761929,1.7678399999959724,0.48463502347207593,0.48463502347207593,10.36404834570037,2.9816846786037123,0.10623805263499851,1.8108158465438309,12.384070772458264,24.558934964702466,12.1748641922442,0.04935530581585769,11.486972241061498,31.292800306561833,0.522118686616743,26.77029025023397,2.3913116913496038,0.0056148429436512345,16.292733724209455,1000000.0,1003612.4022948566,21.1451139790311,0.566881951102005,15.686545694785268,2.857392046065317,0.0058346538892316184,15.324320632877129,1000000.0,678159.1429784566,0.08918106043107019,1.272351839464883,False,0.19
rg15a111,ok,,0.04909803190943376,0.8140204787072394,3.8392870294409227,1.7678399999999985,0.4604604934311024,0.4604604934311024,10.826687518187134,3.333177192931735,0.07967757255676698,1.8065981308373162,12.314294945406838,24.947580594431287,12.633285649024451,0.04909803190943376,11.352757659010745,31.292800306539448,0.5582266473511452,26.982472315342875,2.6577975489624652,0.0063108610105484225,15.941487987228987,1000000.0,953550.2792661047,20.94684195897883,0.6308849845332198,16.071974206074138,3.3694544086958427,0.0067265696153797575,14.539182565468806,1000000.0,638289.536381094,0.10989988863908418,1.4295,False,0.19
rg15a213,ok,,0.047288450793036695,0.7860344804997514,3.9759811345845755,1.7678399999999996,0.44462987628956896,0.44462987628956896,11.347134070448652,3.6899147740920677,0.08025570430065665,1.8131894532332318,11.787257070291982,24.947580593973868,13.160323523681884,0.047288450793036695,11.312477360276548,31.292800306310564,0.5781017677671357,27.22630365362917,1.9022993910007762,0.006580569077549416,15.921723700703135,1000000.0,920767.2509396501,20.796645270767552,0.6904698477938943,16.91696830863834,2.972701480206975,0.007117808759270277,13.941480804184668,1000000.0,611925.7371437646,0.12988422017993126,1.516,False,0.2
rg8,ok,,0.049095322957837015,0.8275747080970133,3.7764062084333654,1.7678399999999974,0.4681276066256078,0.4681276066256078,10.827466629286075,3.3288190091232375,0.07941162083699628,1.817017000091596,12.30309696518334,24.94758059456101,12.644483629377671,0.049095322957837015,11.308100578987268,31.29280030651152,0.549083869116526,27.014893630059976,1.546118167907218,0.005982610574747278,16.04625708052548,1000000.0,969427.8149758669,20.744807888271872,0.6332590021222405,16.130068056043292,2.3597656654852455,0.006419006038021081,14.400081003557409,1000000.0,642658.8092544995,0.10793665367692677,1.3897090301003343,False,0.21
rhodesg30,ok,,0.050835833615131686,0.8155605160677837,3.8320372357741714,1.767839999999702,0.4613316341229529,0.4613316341229529,10.32688386362548,2.9994226480319015,0.07964476789683837,1.832644312892374,12.788051614914353,24.947579791432204,12.159528176517853,0.050835833615131686,10.960376462300975,31.292799248087423,0.5571725575670805,28.875017152887136,0.7204938374767933,0.009394968851406863,14.644274287555252,1000000.0,955354.2593740773,19.935449530852576,0.6691365958655073,16.26319191493734,1.7745074023204044,0.009505353158564383,13.164247698441947,1000000.0,608619.7808909983,0.0974,1.4249123745819399,False,0.19
rhodesg32,ok,,0.04918145005878295,0.7752776479611913,4.031147130087829,1.7678399999999996,0.43854514433500286,0.43854514433500286,10.802695950239956,3.3306050631590356,0.0804890179531061,1.8275636851476968,12.31732095901058,24.947580594398232,12.630259635387652,0.04918145005878295,10.834463584496326,31.292800306565272,0.5861228218021675,28.641293804668972,0.1499936620336436,0.009514247417216752,14.780497455778153,1000000.0,908166.6089000788,19.76121483945392,0.7441047102570479,16.569058516008948,1.2467486218534152,0.00839091474949186,13.061400872927836,1000000.0,573501.741380671,0.119,1.5509090301003343,False,0.2
rhodesg34,ok,,0.0452881477385966,0.7866069601556765,3.9730874806669423,1.7678399999999996,0.44495370630581765,0.44495370630581765,11.922433413852643,4.073251789526696,0.0802434661188034,1.8055810155130274,11.219566164075767,24.947580593441437,13.72801442936567,0.0452881477385966,10.898105393245615,31.292800306018282,0.5776810347720386,28.461747650304176,-0.65606474309009,0.010124615842957721,14.503154947108634,1000000.0,921437.8583052517,20.119295487366227,0.769007760188905,17.94692143041676,0.7971344378948255,0.009297390022582825,12.415280271832373,1000000.0,592426.3844461329,0.1407,1.5141688963210702,False,0.19
rhodesg36,ok,,0.045267868502111584,0.734695708083064,4.25381315177992,1.7678399999999996,0.4155894809954883,0.4155894809954883,11.928265845799915,4.094208466779035,0.08143072568520414,1.8078421584929005,11.21147258914541,24.947580593438225,13.736108004292817,0.045267868502111584,10.922472824529327,31.292800306015188,0.6184981315424747,28.557386158658655,-0.8326976441080955,0.010945494149766291,14.467362804030703,1000000.0,860628.5909650129,20.139060579703848,0.8222125386146115,18.309317802995114,1.5239864273546258,0.011779723476731018,12.093561079513357,1000000.0,553873.4520584886,0.1617045165585831,1.6918120401337793,False,0.19
s1010,ok,,0.044736597081735406,0.8567571801201143,3.647775983811158,1.7678399999999783,0.48463502359949134,0.48463502359949134,9.016816839154012,2.0835303380685977,0.10623805435634048,1.8731693998507835,10.993348450879308,21.8833346898841,10.889986239004795,0.044736597081735406,12.478821033555654,31.29280030593298,0.4652358899507653,24.748552483938706,3.9688102615448213,0.00760355775352762,16.273034857968607,1000000.0,1003612.402538548,22.2062511351967,0.4597538812252518,14.832465059720603,3.912142493258623,0.007563900143986271,16.385800280159906,1000000.0,712191.5851341594,0.06019133754977747,1.0247879598662206,False,0.19
s1012,ok,,0.04251594546637027,0.8490646553369747,3.6808248299524498,1.7678399999998178,0.4802836542543795,0.4802836542543795,12.227846140364692,4.254480555255726,0.07900739547396661,1.7764137416437824,10.451431176706386,24.455691058714862,14.004259882008474,0.04251594546637027,11.93391212409852,31.292800305563592,0.5246342474931844,27.509667124339078,5.047745719529245,0.009477345000518448,14.603880614280667,1000000.0,994601.3157705411,22.393266921882024,0.586665842834741,18.238782442739158,5.648892169129825,0.009945915407887636,13.638105276850416,1000000.0,711741.1202392443,0.12017432432432432,1.2833,False,0.2
s1014,failed,Maximum_Iterations_Exceeded,,,,,,,,,,,,,,,,,,,,,,,,,,,,,,,,,,,1.21
s1016,failed,Infeasible_Problem_Detected,,,,,,,,,,,,,,,,,,,,,,,,,,,,,,,,,,,0.76
s1020,ok,,0.04397630384126193,0.7943696789879273,3.93426177794419,1.7678399999999996,0.4493447817607518,0.4493447817607518,12.299727709980527,4.322108515317253,0.08007921301708487,1.7828092553630945,10.865043627861995,24.947580593205615,14.082536965343621,0.04397630384126193,10.757495263764804,31.292800305757137,0.5720358351060139,26.80143170223375,-1.074631826644438,0.00663852232771278,15.865640149254466,1000000.0,930531.1709399264,20.113378611880506,0.7816179084085154,17.970445115446307,0.9342705328659924,0.006902509679707627,12.642860576680665,1000000.0,598096.864722839,0.15093519775497663,1.4896,False,0.19
s102b,ok,,0.04714430322771984,0.7509921595395835,4.161505850495196,1.7678399999999996,0.42480776514819424,0.42480776514819424,11.388591788320628,3.729219340489824,0.08104034121830886,1.8108977931672172,11.74809101245233,24.947580593940174,13.199489581487846,0.04714430322771984,11.398508369077263,31.29280030629033,0.6050767866623132,27.274962233810207,2.0642128789951606,0.007141665348292067,15.815999410045162,1000000.0,879718.3881506138,20.98132100016081,0.7121351065940285,16.940652756043157,3.012919232795254,0.007534617345076951,14.064066865410178,1000000.0,589837.0778859897,0.1498357687078881,1.6334,False,0.2
s102s,ok,,0.045316774188867655,0.7837293940138637,3.987675196912054,1.7678399999999996,0.44332597634054205,0.44332597634054205,11.914200272379194,4.068745904442292,0.08030515723566307,1.762989921962697,11.270390399111458,24.94758059345335,13.677190194341891,0.045316774188867655,11.191750961149465,31.292800306021885,0.5798020671069326,26.931490496967957,1.9149450425733932,0.0070956313768196656,15.707900844806536,1000000.0,918067.0536759159,21.160550081666454,0.6951574189825662,17.27421527348719,2.9662798022003836,0.007374191017922564,13.83827779198326,1000000.0,620807.4597880826,0.1498357687078881,1.5234,False,0.19
s1046,failed,Infeasible_Problem_Detected,,,,,,,,,,,,,,,,,,,,,,,,,,,,,,,,,,,1.12
s1048,failed,Infeasible_Problem_Detected,,,,,,,,,,,,,,,,,,,,,,,,,,,,,,,,,,,0.6
s1091,ok,,0.06128819118324388,0.735164473614903,4.251100777806471,1.7678399999999996,0.4158546438676029,0.4158546438676029,7.320723452474768,1.022365732679317,0.08141925485021353,1.8852582548613364,15.741598888739041,24.94758059607515,9.205981707336104,0.06128819118324388,8.747835069894235,31.292800307822148,0.6181037563782393,29.35028468211681,-0.40761923883214757,0.007521998453566671,15.724832532205573,1000000.0,861177.7068115541,15.467085296027786,0.9336303316392921,12.847944396402228,2.6798366983747397,0.00712492784274274,11.722449022372398,1000000.0,425654.10942025494,0.05057141930073871,1.690095652173913,False,0.19
s1210,ok,,0.05809647644506095,0.6224403158941451,5.020976607388482,1.7678399999999999,0.35209086562932457,0.35209086562932457,8.23868005418667,1.6684641902266417,0.07068876703918082,1.875539153420088,14.833361388137975,24.947580595744732,10.114219207606759,0.05809647644506095,8.958547861020671,31.292800307541505,0.7300425616656446,29.05373934498012,-2.964862322602624,0.009098182487753344,15.652699480249453,1000000.0,729131.701955389,15.921729039326383,1.1433008016129311,14.160714496440244,0.47753956009717674,0.009372355169103893,11.269923064853334,1000000.0,370981.0971988605,0.11996494893942536,2.1772729096989965,False,0.19
s1221-4deg-flap,failed,airfoil 's1221-4deg-flap' not found in the aerosandbox UIUC database,,,,,,,,,,,,,,,,,,,,,,,,,,,,,,,,,,,0.0
s1221,ok,,0.05809047986705789,0.6375238559670469,4.902182461641939,1.7678399999999996,0.36062305184125654,0.36062305184125654,8.240404706550905,1.6651138876476934,0.07251833397302537,1.8613932675215996,14.845782621672654,24.94758059574516,10.101797974072504,0.05809047986705789,9.794235614131637,31.292800307541086,0.712770068831499,28.91170962687656,-0.03936695554883197,0.008859638834644088,15.660707394361411,1000000.0,746800.6847703315,17.539255468875073,0.9187265103221238,13.76554118822421,1.7500040106481973,0.009344878648416557,13.079606737084987,1000000.0,418573.2138315914,0.12131975080562682,2.1021,False,0.19
s1223,ok,,0.05938753149181593,0.5821464193742812,5.368508955116783,1.7678399999999999,0.3292981374865832,0.3292981374865832,7.867364758008876,1.4325310415461936,0.06099300782435988,1.879153650770235,15.201062187105116,24.947580595884226,9.746518408779112,0.05938753149181593,8.880957923964642,31.292800307658737,0.7805732502604584,30.22353135037597,-2.976228437033205,0.013647635387252013,14.512034571386863,1000000.0,681931.1003938587,15.753471286261378,1.203292093926127,13.70070633592967,0.06190848827705171,0.011886794700585143,11.216860242017356,1000000.0,343298.83882696315,0.12140038664098121,2.397191304347826,False,0.26
s1223rtl,ok,,0.058705131770959415,0.5762252713109647,5.423674422487153,1.7678399999999999,0.3259487687296162,0.3259487687296162,8.063627074709485,1.5649793540259398,0.05942877728032814,1.8764556740380502,15.007497847064991,24.947580595812525,9.940082748747535,0.058705131770959415,9.004048160628772,31.292800307597478,0.7885942275060662,29.872295178935975,-2.7821282169531596,0.01281777862071711,14.77581408281868,1000000.0,674995.0188844652,15.994779031563716,1.20267289924319,13.991968856779996,0.5974202497354151,0.012669460830676728,11.240920731084989,1000000.0,345012.14555227826,0.13502623438621442,2.4321,False,0.2
s2027,ok,,0.04382813320294004,0.8264020516414496,3.781764892030966,1.7678399999999987,0.467464279369994,0.467464279369994,12.342342219603168,4.339161420933598,0.07943421489496931,1.7966090084732393,10.80862917912167,24.94758040719808,14.138951228076408,0.04382813320294004,11.517395954508897,31.2928001007272,0.5498630168686276,26.49534957027817,2.1631057640770406,0.006755991131920807,15.695904460818303,1000000.0,968054.1491996371,21.368767309581727,0.668302655689242,17.554092114282373,3.2259812622556985,0.006996565601207812,13.704251058126816,1000000.0,661050.5864204029,0.1450066757695081,1.3931,False,0.2
s2046,ok,,0.05534981112175008,0.752017055860948,4.15583428759078,1.7678399999999996,0.4253875101032606,0.4253875101032606,9.028637733025594,2.1555845318500806,0.08101635476358938,1.8319814393777811,14.086961423014456,24.947580595417833,10.860619172403375,0.05534981112175008,10.84357318777103,31.29280030727436,0.6042521498144867,27.81678654940041,2.016845645002846,0.005842886547180386,16.368266855272324,1000000.0,880918.960152868,19.730136551772723,0.6617181253813567,14.441572196022424,2.5724850192037767,0.006411059816464005,15.150759862512917,1000000.0,555420.1351171948,0.090138260536275,1.6298110367892975,False,0.21
s2048,ok,,0.05119812298286987,0.8551799117105008,3.6545038334070896,1.7678399999996497,0.48374282271623575,0.48374282271623575,10.222688504868964,2.9023173343546196,0.09198968799245763,1.8283735585921146,12.896518503742582,24.94758056720366,12.051062063461078,0.05119812298286987,11.471556458324637,31.292800306800324,0.5313594437597362,27.02389837717256,2.183872030268871,0.005034104245248032,16.42084234525061,1000000.0,1001764.777387802,20.913954562542045,0.5746479080153009,15.529875169406987,2.6102291067222514,0.005548041885767896,15.321377556607949,1000000.0,669510.6488149817,0.0862730560254881,1.3125692307692307,False,0.21
s2050,ok,,0.05165327631308042,0.8429864104669877,3.7073649430110076,1.7678399999999994,0.4768454217955177,0.4768454217955177,10.091783662057292,2.8327041009497536,0.07911964142612837,1.8635520063791922,12.992244926427844,24.947580594864327,11.955335668436485,0.05165327631308042,11.742738154576113,31.292800306868745,0.5390453713851407,27.575261235060765,2.7026984058578285,0.006442389591297502,15.778921922906951,1000000.0,987481.2098134956,21.0042222493731,0.5733691320229025,15.60165168629815,3.028850928347554,0.006719563872236517,15.056140154647197,1000000.0,662812.9983448556,0.08928535306413438,1.3460197324414716,False,0.21
s2055,ok,,0.049933708636531494,0.8567571797933999,3.647775985164912,1.767839999990944,0.48463502341715814,0.48463502341715814,10.10637999854765,2.809905782621863,0.10623805154270388,1.8177839779463625,12.543454815812327,24.46761879230634,11.924163976494013,0.049933708636531494,11.608443434348521,31.29280030662059,0.5201773207262842,26.875960375199433,2.817313158231142,0.005828512703403443,16.22330446257591,1000000.0,1003612.402183014,21.28680410724259,0.5478423200028111,15.560113800018177,3.039600570807511,0.006137665387587461,15.547136521989499,1000000.0,682703.3821050872,0.07985652767071658,1.263902675585284,False,0.21
s2060,ok,,0.049802052042788016,0.8567571803478501,3.6477759828396996,1.767839999999533,0.484635023728435,0.484635023728435,9.892396535876422,2.667250133875936,0.10623805636739188,1.8137267754761046,12.509646779876753,24.21577009122928,11.706123311352528,0.049802052042788016,10.646812266351803,31.292800306641876,0.5148230608077586,26.726657745037013,2.3844400492651623,0.005298489189770385,16.60919960155429,1000000.0,1003612.402828308,19.567100569410016,0.636515091849556,15.542799426935055,3.612248366083764,0.007096496125501927,13.724270435427186,1000000.0,627549.6160911055,0.07997058170457635,1.2406,False,0.22
s2062,ok,,0.04870568286572189,0.8567571802262282,3.6477759833554,1.7678399999990182,0.4846350236597792,0.4846350236597792,9.901723247803236,2.6734679430433332,0.10623805535125268,1.8319355980955443,12.176115503053124,23.909774348951906,11.73365884589878,0.04870568286572189,11.713648486036343,31.29280030650031,0.508317644618589,26.15367979149326,2.5200733987842643,0.005726441795565105,16.515149597594363,1000000.0,1003612.4026815912,21.313792359319645,0.5377254119915624,15.257827490853787,2.7891262205993304,0.005971148466927261,15.812593194940481,1000000.0,683568.940794024,0.07983643996547574,1.2122872909698996,False,0.22
s2091,ok,,0.05390114360425228,0.7507925869406971,4.162612044872059,1.7678399999999994,0.42469487450261184,0.42469487450261184,9.44528333587419,2.433744977142971,0.08104501958649753,1.8417577258092783,13.66053953353369,24.94758059521716,11.28704106168347,0.05390114360425228,10.882019255444934,31.292800307122405,0.6052376256850137,27.518851542295977,1.7314186783601018,0.005494665362558157,16.52817915425748,1000000.0,879484.6071913601,19.694988656670926,0.6912815675412493,14.774606410389943,2.4870952849757906,0.0058534702711949315,14.880394258331552,1000000.0,553527.942285436,0.10108287677635414,1.6341,False,0.21
s3002,ok,,0.054207764875141104,0.7369164784736689,4.240993866866919,1.7678399999999994,0.4168456865291368,0.4168456865291368,9.357097190530483,2.379394776091971,0.08137651170578322,1.8416013703836112,13.748882034347549,24.94758059526164,11.198698560914094,0.054207764875141104,10.87547637156027,31.292800307155243,0.6166342265041235,27.71879998596377,1.8474866197949538,0.006075291276093827,16.319456996036894,1000000.0,863230.0196846874,19.684818054652936,0.6995081726990919,14.775300510167424,2.616212028385731,0.006634550900708292,14.744897224820503,1000000.0,543017.106491493,0.09938548364487167,1.6837,False,0.21
s3010,ok,,0.05273904213187259,0.7764370276757192,4.025127800712346,1.7678399999999994,0.4392009614420533,0.4392009614420533,9.779510798463598,2.6480912154859455,0.08046355751612656,1.8297706961713074,13.338299100406195,24.9475805950411,11.609281494634905,0.05273904213187259,11.114255593114331,31.292800306994422,0.5852476202257891,27.24319384144273,2.583151798679877,0.005907251540060569,16.255457750018657,1000000.0,909524.7158391987,20.24708271983713,0.6505497356094743,14.988044814044844,3.1702606062289855,0.006227701810306989,14.984613948150704,1000000.0,588481.1195122263,0.10317580577661166,1.5471,False,0.21
s3014,ok,,0.04999111149245714,0.8552539962215635,3.6541872699871476,1.7678399999995682,0.4837847295127231,0.4837847295127231,10.569832179863242,3.1330799242890937,0.09262689608630949,1.8043825964265565,12.573365627233535,24.947580403523332,12.374214776289799,0.04999111149245714,11.328392645117074,31.29280026560235,0.53131341382054,26.99120651556966,2.2589148889003434,0.005289529965778121,16.292010091366272,1000000.0,1001851.5592740456,20.92755100378397,0.5892397510482594,15.833263277517508,2.834022802335328,0.005653426082123597,15.009344559731598,1000000.0,670003.9442610911,0.09452629642539583,1.3123688963210702,False,0.2
s3016,ok,,0.05031162853508091,0.8494521828095523,3.679145605657566,1.7678399999999976,0.48050286383923513,0.48050286383923513,10.477649735863581,3.0875378866884127,0.07900029249847211,1.826420144489728,12.643510714297665,24.947580594650972,12.304069880353309,0.05031162853508091,11.481193707977454,31.29280030669573,0.534942321533205,26.892023713232323,2.7199643607084325,0.0056420700496031045,16.136509957537186,1000000.0,995055.2686729266,20.953911294025055,0.5884180251949472,15.661611199828,3.2564430167971885,0.006063311690303787,14.95455124379455,1000000.0,666297.027689255,0.09515851527029161,1.3281625418060201,False,0.2
s3021,ok,,0.048875871288865474,0.85675717993269,3.647775984609234,1.7678399999999996,0.48463502349346665,0.48463502349346665,10.5837933439688,3.1281813430049357,0.1062380526953647,1.8185003536423912,12.238497974757784,24.640791672368977,12.402293697611192,0.048875871288865474,11.46246359001977,31.29280030652549,0.5238589459658186,26.75827800603909,1.68416263812238,0.005298044073359598,16.418927179502667,1000000.0,1003612.4023379884,21.010835598795943,0.5848761709124043,15.895558192808124,2.2189734145696782,0.005465227304778902,15.139558699116556,1000000.0,673852.6109483051,0.09470101255820713,1.2799257525083612,False,0.2
s3024,ok,,0.05005399322507871,0.8320223034851643,3.756219337521306,1.7678399999999985,0.47064344255428375,0.47064344255428375,10.551747220430304,3.14338517674524,0.0793262597987599,1.8245713797115337,12.571261994450266,24.947580594592104,12.376318600141838,0.05005399322507871,10.964495263711038,31.292800306667765,0.5461487279848732,27.036528272625745,1.2620184743345888,0.004782713807308513,16.616437855564147,1000000.0,974637.7647735996,20.03117989907404,0.6612257648580375,15.935580833141557,2.392629097083275,0.005273615091547599,14.237889188867598,1000000.0,623886.1403033801,0.09845021759087254,1.3769347826086957,False,0.2
s3025,ok,,0.05147899451738882,0.8248361555516299,3.7889443188991887,1.7678399999999987,0.4665785113763862,0.4665785113763862,10.14190816816412,2.8727730784922914,0.07946466583663106,1.8189286896997328,12.9867437369742,24.94758059483805,11.960836857863853,0.05147899451738882,10.772670798857353,31.292800306847077,0.5509068918044894,27.039207858549037,1.2041204460898383,0.005182968230651091,16.438642872642586,1000000.0,966219.8520261552,19.74178694646114,0.6636319305640976,15.344504456640836,2.308216073836945,0.00556420959708775,14.218487962283348,1000000.0,609562.1444900808,0.09380899302783284,1.397643143812709,False,0.19
s3,ok,,0.04399553354292258,0.8567570937911896,3.6477763513699477,1.7678399999999845,0.48463497476649303,0.48463497476649303,11.25425584804802,3.5751571976411847,0.10623723488180119,1.7952373457072341,10.85814611683707,23.907639310592323,13.049493193755254,0.04399553354292258,11.773082113117706,31.292800305815184,0.5082723053749285,26.408640569275708,3.4686409373728844,0.007370784718094353,15.67834776228374,1000000.0,1003612.3014083548,21.859843289002914,0.5685231657312477,16.848756401252267,3.9128937172968894,0.007646243090964159,14.583288460165425,1000000.0,701081.6359450348,0.10999999999999999,1.2120899665551839,False,0.2
s4022,ok,,0.05135500307318076,0.7648833736023343,4.085927833522019,1.7678399999999996,0.43266549778392527,0.43266549778392527,10.177568862826073,2.9173226606882094,0.08072069661036878,1.8140555861653593,12.955956145820174,24.947580594811605,11.991624448991432,0.05135500307318076,10.223322745911224,31.292800306834554,0.5940878549402415,27.327316561074078,-0.9401367630515739,0.0056229482848332984,16.42331430223702,1000000.0,895990.6704923261,18.785390451240787,0.7924076547055351,15.644411483447353,0.8994980770418285,0.005978397206518614,13.134502569955403,1000000.0,537872.4313845206,0.11264133404393203,1.585574247491639,False,0.19
s4053,ok,,0.05214367303514608,0.8200407900499371,3.811100988537022,1.7678399999999987,0.4638659550920545,0.4638659550920545,9.950742577468777,2.7470590176511913,0.0795583724214268,1.8546977847246398,13.142140232755727,24.947580594949144,11.805440362193416,0.05214367303514608,10.882439222189287,31.292800306925038,0.5541284387512042,27.037332165722322,1.5407346127389967,0.004956003051030593,16.56507115205146,1000000.0,960602.5214662643,19.55833327998675,0.6712578367942003,15.174620849371431,2.7329660459183085,0.005363106053369982,14.2280538657384,1000000.0,600386.8008027113,0.08919412885035355,1.4116638795986622,False,0.2
s4061,ok,,0.05286581165661213,0.7905497368828259,3.953272159602552,1.7678399999999996,0.44718398547539717,0.44718398547539717,9.743051110910883,2.618976593388084,0.0801596609808452,1.827081767915976,13.377447716233311,24.94758059506017,11.57013287882686,0.05286581165661213,10.924720321445669,31.29280030700867,0.5747999164405394,27.03523968547548,1.4462311172837852,0.005035652201845366,16.615460278927063,1000000.0,926056.4593987075,19.931091779409396,0.6571330153190237,14.851705281712526,2.179148219991533,0.005293156009950895,14.959977076261666,1000000.0,589826.2892457296,0.09614904114442833,1.5016297658862876,False,0.19
s4062,ok,,0.05273947468477679,0.7824378732485942,3.994257400430116,1.7678399999999994,0.4425954120557259,0.4425954120557259,9.779386393613064,2.645976398639907,0.08033299919993722,1.8554374235793576,13.312756777848437,24.94758059504086,11.634823817192423,0.05273947468477679,10.996759499769938,31.29280030699445,0.58075910974982,27.042126162693013,1.0351287677216743,0.004773307812058851,16.766345251495462,1000000.0,916554.1556648636,19.75591552342393,0.6795508255944038,14.946147203767167,1.914376757673408,0.004950610318899613,14.824260128396434,1000000.0,578643.2116754634,0.09540864754955213,1.5275652173913044,False,0.2
s4083,ok,,0.05500347026471821,0.8163169798039078,3.82848616765352,1.7678399999999883,0.4617595369512587,0.4617595369512587,9.128247473331657,2.200064014695928,0.07963189103086336,1.8415114540901043,13.97782166797963,24.94758059540139,10.969758927421761,0.05500347026471821,10.520838561336621,31.29280030722914,0.5566562180428057,27.881614928752754,1.171467088284955,0.005891124207904858,16.127143005391645,1000000.0,956240.4195469747,19.043846723424256,0.6608991854831073,14.488622362362232,2.1681180891978853,0.006323773832597681,14.159759469957132,1000000.0,581938.8422195176,0.0799870192236414,1.4226652173913044,False,0.19
s4094,ok,,0.05251600571126345,0.7530302725686907,4.150242532666462,1.7678399999999996,0.42596064834413233,0.42596064834413233,9.8436574316924,2.698602135606736,0.08099270582417473,1.8280371143018777,13.275886049011428,24.947580595005704,11.671694545994278,0.05251600571126345,11.278096297457111,31.292800306969276,0.6034391169327679,28.310888632813885,3.0870709278683517,0.008409174202269016,15.299966295259619,1000000.0,882105.8505234661,20.56503887735012,0.6536853107762453,15.564807270238818,3.514831079664698,0.00871172325616675,14.485782631092071,1000000.0,579703.3481184796,0.09902286548517905,1.6262725752508362,False,0.2
s4095,ok,,0.052568735795491914,0.7372527516970546,4.239059479135322,1.7678399999999996,0.4170359035303278,0.4170359035303278,9.82849193825519,2.693551528824103,0.0813683309421965,1.828054179734388,13.29103447702503,24.94758059501461,11.656546117989578,0.052568735795491914,11.17602589504613,31.292800306975256,0.616352969394141,29.142084499835516,3.138452789627628,0.010865501246463394,14.481649749840686,1000000.0,863623.9328974619,20.378728411412077,0.6790560752684067,15.842054322616425,3.669373865377024,0.011194563425122754,13.672185691002134,1000000.0,562415.5526340016,0.09696697546781775,1.6824759197324415,False,0.19
s4096,ok,,0.04835431878586687,0.7174260880931398,4.356209395600153,1.7678399999999996,0.4058207123343402,0.4058207123343402,11.040583942888146,3.5077845065398963,0.0818636120333757,1.8094418880575294,12.097554763278026,24.9475805942237,12.850025830945675,0.04835431878586687,11.290781500135655,31.292800306456435,0.633386393727223,29.756741134780924,3.175364350678526,0.014275750410990868,13.520277874597824,1000000.0,840398.8161804256,20.799749680929747,0.7384429298113989,17.524093740892194,4.0534107937905475,0.01475898992945745,12.509333440787355,1000000.0,558597.6594461568,0.12469455562857362,1.7566083612040135,False,0.19
s4110,ok,,0.055300892859668556,0.7614595538861991,4.104299761753428,1.7678399999999996,0.4307287729015065,0.4307287729015065,9.042706923194654,2.161878380253726,0.08079840155914174,1.8436108251007333,14.06126284711577,24.947580595411157,10.886317748295387,0.055300892859668556,10.823599704408133,31.292800307269367,0.5967591060904515,27.541206465496877,1.772014951120504,0.004968933891812473,16.736194732767142,1000000.0,891979.9799485157,19.56956706380216,0.6658525209258819,14.350104869433109,2.4304470711302133,0.005483066726064952,15.24092550715371,1000000.0,557817.1932767682,0.08375300906959243,1.5972,False,0.2
s4158,ok,,0.0493229068171494,0.8085954505804193,3.865045571746225,1.7678399999999979,0.4573917608948888,0.4573917608948888,10.762012124880497,3.2919862007247422,0.07978650391639172,1.8420674354030337,12.343501034199015,24.947580594482545,12.60407956028353,0.0493229068171494,11.049660353213,31.29280030656379,0.5619719012491255,26.954890748904358,1.408967310723146,0.004773001362273314,16.689610355560593,1000000.0,947195.3567302845,19.9950340956535,0.6954114901824257,16.128475941130933,2.5994331557840344,0.004876084898067965,14.154958056780776,1000000.0,605225.5875960755,0.10855023784413854,1.4458,False,0.19
s4180,ok,,0.05584136641048791,0.7188625471244843,4.34750464897819,1.7678399999999996,0.4066332626959931,0.4066332626959931,8.88726343758458,2.0717973861547736,0.08182672011113867,1.8496589588342915,14.210658199063639,24.94758059548251,10.736922396418871,0.05584136641048791,10.666975831639636,31.29280030732412,0.6321207364586524,27.879916682408133,1.5265664059326458,0.0060298002309621445,16.403336398139494,1000000.0,842081.4961194748,19.223320026451923,0.7209140382307923,14.206387811482555,2.328045418472245,0.006210735865395144,14.86706022874328,1000000.0,517294.7748134054,0.09783180045011253,1.7511,False,0.2
s4233,ok,,0.04445300613568375,0.8351263677357914,3.742257922083385,1.7678399999999965,0.4723992939043087,0.4723992939043087,12.162625052195853,4.21616626447014,0.07926713280277638,1.8026124638210606,10.982342958252541,24.947580474269454,13.965237516016913,0.04445300613568375,11.435464416095208,31.292800171239467,0.5441187609377879,26.793693305696358,1.5603376393592134,0.006149079132584558,15.942557309147459,1000000.0,978273.8869156346,21.146095173178182,0.6670249564230113,17.581753797479166,2.666776324631773,0.006247045166068228,13.811105039396288,1000000.0,661068.1244552104,0.13640096861463877,1.3681,False,0.19
s4310,ok,,0.05085631464847813,0.7869446694767785,3.9713824704828498,1.7678399999999996,0.44514473565298823,0.44514473565298823,10.320994691599502,3.005510344334527,0.08023625491398705,1.818248134053679,12.808337769068942,24.947580594722123,12.13924282565318,0.05085631464847813,10.979208479877176,31.29280030677478,0.5774331288184458,26.889721987877454,1.2013168887996901,0.005294572900456095,16.50345847193106,1000000.0,921833.4538019329,20.12781474330398,0.6791418036730225,15.473636962559228,2.143906188397151,0.005610410785975159,14.546922770306308,1000000.0,592931.6903699536,0.10852895109235901,1.5130899665551838,False,0.2
s4320,ok,,0.05439930795050433,0.7651042690387451,4.0847481736397615,1.7678399999999996,0.43279044994951194,0.43279044994951194,9.302008235237096,2.3335424392226236,0.08071571239716464,1.8485587439568252,13.797013616094093,24.947580595288017,11.150566979193922,0.05439930795050433,10.548813213025722,31.29280030717557,0.593916334139069,27.62150386104594,0.9927645703597708,0.005283710055710133,16.578085952506367,1000000.0,896249.4292318668,19.02168964066581,0.7184300023784566,14.639220385140627,2.096743521242031,0.005603386502504453,14.284754587565612,1000000.0,544795.5541250563,0.09410817405098693,1.5848277591973243,False,0.2
s5010,ok,,0.05139013552907744,0.8367513914171574,3.7349902224922866,1.7678399999999714,0.47331850813262,0.47331850813262,10.167464554754243,2.885462210905944,0.07923645978787665,1.7695754464258038,13.010540593945132,24.94758059512518,11.937040001180048,0.05139013552907744,11.049336887684525,31.29280030673489,0.543062046110173,27.46882240767536,3.605700181511516,0.006000963084361743,16.006545686065973,1000000.0,980177.457248081,20.813536395602732,0.5873740698028651,15.51847446518589,4.02542914935415,0.0062132083909416614,15.106153441161432,1000000.0,651937.7933777166,0.0981807181187205,1.3635010033444814,False,0.19
s5020,ok,,0.05256900849468716,0.8567571805628161,3.647775981926106,1.7678399999999346,0.48463502384992296,0.48463502384992296,9.736213807464436,2.5631283130732645,0.10623805804440356,1.8316569875180075,13.287510099193867,24.85538089417631,11.567870794982444,0.05256900849468716,11.430261719413597,31.29280030696976,0.5284210751011317,27.547319666197012,3.393653644023907,0.0058343293267706315,16.057752080583132,1000000.0,1003612.4030904087,20.801314142160443,0.5565708395180261,15.191907705614108,3.655550942293575,0.0059625129162143,15.461585528464807,1000000.0,667132.9081725674,0.08399531869145913,1.2997809364548496,False,0.19
s6061,ok,,0.048826470172744454,0.8567571798370873,3.6477759850004334,1.7678399999961605,0.48463502344044035,0.48463502344044035,10.343651369073468,2.9680866948537195,0.1062380520256461,1.8462490928978053,12.196541173567136,24.38644163553841,12.189900461971273,0.048826470172744454,11.729279251146542,31.29280030651074,0.5184515084693776,26.433288531727076,2.8815560566038507,0.005326450199889378,16.517648921489645,1000000.0,1003612.402227705,21.17677276279965,0.5658862893135139,15.694391379838269,3.32980371029714,0.005799205626261728,15.357520320849016,1000000.0,679174.4930376738,0.08999204378806239,1.2563916387959866,False,0.19
s6062,ok,,0.043272178428233395,0.8567571791583272,3.6477759879062033,1.7678399999999996,0.48463502305543904,0.48463502305543904,9.787211916378707,2.597127065317659,0.10623804562141018,1.799787562277559,10.64555456273537,22.232554041391637,11.586999478656267,0.043272178428233395,11.90280234540439,31.292800305696375,0.47266023317162503,24.119524237606452,2.6834689895864146,0.00549409766253312,17.405977814330498,1000000.0,1003612.4014043023,22.04482831729665,0.4963706695053569,15.073682563515995,2.9238015688146306,0.005755345360388834,16.744389435336664,1000000.0,707014.484799567,0.0793935398707134,1.0571,False,0.2
s6063,ok,,0.043745929646001686,0.8567571798431102,3.647775984990634,1.7678399999999996,0.4846350234427948,0.4846350234427948,9.249670206400625,2.238765918797831,0.10623805189115673,1.7996088096201972,10.781987051628448,21.83126606764927,11.049279016020822,0.043745929646001686,11.918915994794565,31.29280030577469,0.46412892025165736,24.347389066534106,2.839100362494904,0.0066750010704555865,16.84001783937147,1000000.0,1003612.4022089745,22.076864577604173,0.4719627450164191,14.834816836408644,2.9168000455767547,0.006830316464714058,16.60239491143106,1000000.0,708041.9417715973,0.06962312325380104,1.0199702341137122,False,0.2
s7012,ok,,0.05090436284698494,0.8567571800108891,3.6477759842152744,1.7678399999852148,0.4846350235417541,0.4846350235417541,10.026372327387067,2.75656733327439,0.10623805298825882,1.8250988029494986,12.815306054855528,24.666777185192096,11.851471130336567,0.05090436284698494,11.389883359111579,31.29280030658601,0.5244113933961582,27.1681090061686,2.320789397177736,0.00567746234849033,16.21488187040142,1000000.0,1003612.4024399259,20.80231371712527,0.5701610490417548,15.409635354264587,2.744124524402732,0.005752025864732712,15.297638978145713,1000000.0,667164.9657879664,0.08748765941757279,1.282330100334448,False,0.2
s7055,ok,,0.04874855432446449,0.8385351658780632,3.7270449621840456,1.7678399999999996,0.47432752165244785,0.47432752165244785,10.927199400460475,3.3912949262596124,0.07920287461254397,1.8078186247937746,12.21256256905374,24.94758059430799,12.73501802525425,0.04874855432446449,11.140494785032258,31.29280030650728,0.5419068170233979,26.75438946836364,1.2939471190821052,0.005296387827933791,16.34045128425503,1000000.0,982266.9853054436,20.54132096410409,0.6419894098398994,16.103886585781726,2.080491329354075,0.005553094087261038,14.37373106819075,1000000.0,644782.8644279641,0.10496821158656211,1.3584732441471572,False,0.2
s7075,ok,,0.0543067095983054,0.756855244273257,4.129268164879951,1.7678399999999996,0.42812428968303534,0.42812428968303534,9.328640085409782,2.35401090775156,0.08090396803972291,1.8540481019792427,13.76489240788709,24.947580595276115,11.182688187389026,0.0543067095983054,11.001612459165095,31.292800307165738,0.600389474922685,27.171300070097374,1.8246486319685897,0.005017634804601443,16.7275811629983,1000000.0,886586.4538216135,19.779444498447475,0.6736146524452616,14.50935766618247,2.5100814944838405,0.0055234414422193475,15.175485165844204,1000000.0,560390.4854889052,0.0899875828449966,1.613,False,0.2
s8021,ok,,0.040019330687723294,0.8567571765137978,3.647775999165696,1.7678399999999999,0.4846350215595291,0.4846350215595291,9.592498459708168,2.46731812008643,0.10623802077846485,1.7946640560389786,9.715139243051226,21.102301758798372,11.387162515747146,0.040019330687723294,11.886753568931573,31.292800305108575,0.44863126757114397,23.81920984471821,3.973823912619454,0.007382947297258039,16.679294290178547,1000000.0,1003612.398287627,22.077954792213216,0.48634718486044043,15.255174707912179,4.333436278648214,0.007776870971016483,15.836525447388878,1000000.0,708076.9040245225,0.07594060354182504,0.9525217391304347,False,0.2
s8023,ok,,0.05617935161986796,0.8281713897302252,3.7736853800492103,1.7678399999999965,0.4684651267819638,0.4684651267819638,8.790056832469679,1.9703289426425625,0.07940013107237867,1.8089985050143031,14.34852525804618,24.947580595530162,10.599055337483982,0.05617935161986796,11.355104884360152,31.292800307356046,0.5486882646945092,28.720134781309334,4.901029584309896,0.008051597129165785,15.128942797807234,1000000.0,970126.7727713736,20.92337252331481,0.5214226328154573,14.597686102264785,4.653547009634831,0.007852891507381386,15.642273408845153,1000000.0,648657.9552538502,0.07593374662983442,1.3879872909698996,False,0.19
s8025,ok,,0.05405573097031477,0.851313866140194,3.6710999196684386,1.76783999999997,0.4815559474501134,0.4815559474501134,9.400823014171635,2.368955391004467,0.07896623588548282,1.7778264292421597,13.768931120293411,24.947580563707206,11.178649443413795,0.05405573097031477,11.210911738218073,31.292800262866788,0.5337724915404333,28.024475735849418,4.489735654509372,0.0073486597325226775,15.339397827680434,1000000.0,997236.058431075,21.019884269574032,0.5300847441218423,14.86294308865735,4.454717965531851,0.007321454167640445,15.41288468907766,1000000.0,669859.7236931016,0.07980275510204081,1.323071237458194,False,0.2
s8035,failed,Maximum_Iterations_Exceeded,,,,,,,,,,,,,,,,,,,,,,,,,,,,,,,,,,,1.21
s8036,failed,Infeasible_Problem_Detected,,,,,,,,,,,,,,,,,,,,,,,,,,,,,,,,,,,0.7
s8037,failed,Maximum_Iterations_Exceeded,,,,,,,,,,,,,,,,,,,,,,,,,,,,,,,,,,,1.23
s8038,ok,,0.04530952123412369,0.8225524068690335,3.7994640092246366,1.7678399999999979,0.4652866814129302,0.4652866814129302,11.916286032244326,4.056516536632431,0.07950909007116924,1.9028173578510517,11.128477045359086,24.947580435454462,13.819103390095378,0.04530952123412369,12.638965969393428,31.292800123267806,0.5524364421355036,26.276456157781258,4.244359165600009,0.007430938342926861,15.414159240373381,1000000.0,963544.6443963611,22.140793697732597,0.6112744405761943,16.951483455091545,4.881779472036514,0.007955993416400789,14.302748430876324,1000000.0,681742.8643680974,0.1299851362014936,1.4043,False,0.19
s8052,ok,,0.04821494351653683,0.8046475518662188,3.884008915893161,1.7678399999999996,0.45515858441160906,0.45515858441160906,11.080669119361955,3.5058162638160733,0.07986672509992009,1.7969279070877553,12.069983567739966,24.947580594189674,12.87759702644971,0.04821494351653683,11.565440805624563,31.292800306437563,0.5647291433984459,27.026320209312257,3.6161788578683183,0.006596916805110139,15.846412605794441,1000000.0,942570.7557245244,21.45409907655197,0.6201759036396299,16.43077840702504,4.165958228093083,0.007102296187541233,14.722065136574326,1000000.0,646219.1360935613,0.11886787848185781,1.4578,False,0.19
s8055,ok,,0.04743178591708757,0.8046148146562436,3.884166943825421,1.7678399999999999,0.4551400662142749,0.4551400662142749,11.305910015636961,3.655988371155193,0.07986739235717989,1.8033174724938679,11.83835310588011,24.947580594010937,13.109227488130829,0.04743178591708757,11.61012779793828,31.29280030632956,0.5647521204255439,26.74929866807324,3.221352568176357,0.0061017856371115755,16.069789843921523,1000000.0,942532.4070844364,21.460683758366454,0.6309693810751508,16.598061625700065,3.922838475975503,0.006734680553370276,14.678414851836813,1000000.0,646391.1737665621,0.11999234152050856,1.4579,False,0.19
s8064,failed,Maximum_Iterations_Exceeded,,,,,,,,,,,,,,,,,,,,,,,,,,,,,,,,,,,1.19
s8065,ok,,0.041725659307653665,0.8555074180680884,3.653104811940348,1.7678399999986416,0.4839280806344159,0.4839280806344159,11.560683479697209,3.7913445273257453,0.09482963325411496,1.7841952508060186,10.21635855401727,23.561237284520498,13.344878730503227,0.041725659307653665,12.02057681438469,31.2928003054283,0.5016395550175848,25.129175852997427,3.450773392409555,0.005847910004070722,16.60463615810086,1000000.0,1002148.4209835208,22.457513752029733,0.5516629547456386,16.878706820511024,3.9990936265671784,0.006524112531615763,15.328991644698316,1000000.0,719199.3597935775,0.10994390041861887,1.183223076923077,False,0.2
s8066,ok,,0.04247086196457009,0.8565303328880868,3.6487420767252265,1.7678400000000642,0.48450670472896623,0.48450670472896623,11.016802970861978,3.4190843253285363,0.10409799778931378,1.787006844903586,10.427871783686806,23.23168159945237,12.803809815765565,0.04247086196457009,12.034454029524062,31.29280030555993,0.4940323178116614,25.113637486045384,3.5476709980122196,0.006403904018921471,16.43391826552878,1000000.0,1003346.6718144682,22.448065534547247,0.5291087478607445,16.449839190882418,3.9396523180048675,0.007068616310020036,15.468687664426975,1000000.0,719756.3536287054,0.09992758646546587,1.150115050167224,False,0.2
s9000,ok,,0.05345821889137064,0.7904028570227779,3.954006792652462,1.7678399999999934,0.4471009011125333,0.4471009011125333,9.572671059459973,2.5054402098147137,0.08016225875894498,1.8134682934281094,13.561441169081723,24.947580521969805,11.386139352888081,0.05345821889137064,10.975565108702988,31.292800207735084,0.5749067329575748,26.57798053389269,2.312125227010697,0.005712709141052397,16.297005780311913,1000000.0,925884.4001861443,20.174169662404573,0.6313104379069349,14.308939229184352,2.808562295831803,0.0060427457075188755,15.142074187449076,1000000.0,596908.8369570655,0.09005290521020123,1.5020946488294313,False,0.19
s9026,ok,,0.050312910712374814,0.853802505712126,3.660399500693573,1.7678399999998833,0.4829636764142583,0.4829636764142583,10.477280788314625,3.082297861656797,0.08228145509524394,1.8236036207309612,12.646696032642264,24.947580441687847,12.300884409045587,0.050312910712374814,11.616772796677203,31.292800236228395,0.5322166647719828,27.7523494992717,4.533840447456803,0.00781532781153325,15.12660395141783,1000000.0,1000151.2704245804,21.234096899523983,0.5699249113626688,15.997498088045457,4.79949906808979,0.008091674204529217,14.437208280374769,1000000.0,678664.3838217661,0.094992697280428,1.3163,False,0.21
s9027,ok,,0.05288163099373124,0.8567571805676814,3.64777598190566,1.7678399999999996,0.4846350238526572,0.4846350238526572,9.731042846654304,2.559681005773725,0.10623805814802943,1.820520692073511,13.388558529799717,24.940122068527533,11.551563538727816,0.05288163099373124,11.608838512972222,31.292800307010474,0.5302226577257264,28.447569928466397,4.560871925544077,0.007938649514865235,15.06452290854889,1000000.0,1003612.4030973768,21.255527907513372,0.5322866142154177,15.565288958405178,4.5820141384314415,0.007957313290596138,15.024433596738666,1000000.0,681700.3027237486,0.0799989516864175,1.3076217391304348,False,0.22
s9032,ok,,0.05202500146793486,0.8386996510196307,3.7263140169434132,1.7678399999999996,0.47442056465496363,0.47442056465496363,9.984873243099141,2.7630168058390896,0.07919978343456027,1.8181307175930514,13.144576634231127,24.94758059492332,11.803003960692193,0.05202500146793486,11.65087527920933,31.292800306913044,0.541800538667434,28.21653569342349,4.547859486376407,0.007862696912524033,15.166137117096396,1000000.0,982459.6645649333,21.360538356731293,0.5501334091668632,15.744366266186521,4.635119999468321,0.007940158921091785,15.00414252805059,1000000.0,670629.2547504777,0.08999911724137931,1.3580107023411372,False,0.21
s9033,ok,,0.054720905114584856,0.843701823989311,3.7042212980205544,1.7678399999999985,0.4772501040757714,0.4772501040757714,9.209514931783104,2.2442593018881145,0.07910634612658325,1.8002995089733038,13.937766154578823,24.947580595335232,11.009814440756408,0.054720905114584856,11.276073036746602,31.292800307208005,0.5385882900583371,28.506438933010088,4.768179324744629,0.008090631671287212,15.049785588608994,1000000.0,988319.2511043181,20.878142739662348,0.5339659983838767,14.888250120874282,4.723016532065393,0.008050192987521132,15.137959866835478,1000000.0,659393.5408254031,0.0749604918032787,1.3440304347826086,False,0.22
s9037,ok,,0.05334783256610466,0.7925315231633315,3.9433866972581226,1.7678399999999999,0.4483050067672027,0.4483050067672027,9.60441896103236,2.525871730714728,0.08011785173982558,1.8359464621404844,13.507215171961915,24.94758059513476,11.440365423172844,0.05334783256610466,10.40600923156426,31.292800307062034,0.5733625848577034,27.33171646351565,1.5880355942885804,0.005140201500005402,16.559247662601162,1000000.0,928377.9401377916,18.8930876546951,0.7213130511978469,14.961658374207582,2.985044147542843,0.005983327572049315,13.700740198398156,1000000.0,560509.9456615341,0.08996351315749306,1.495374247491639,False,0.19
s9104BTE,failed,airfoil 's9104BTE' not found in the aerosandbox UIUC database,,,,,,,,,,,,,,,,,,,,,,,,,,,,,,,,,,,0.0
s9104,failed,too few converged polar points,,,,,,,,,,,,,,,,,,,,,,,,,,,,,,,,,,,0.01
sa7024,failed,airfoil 'sa7024' not found in the aerosandbox UIUC database,,,,,,,,,,,,,,,,,,,,,,,,,,,,,,,,,,,0.0
sa7025,failed,airfoil 'sa7025' not found in the aerosandbox UIUC database,,,,,,,,,,,,,,,,,,,,,,,,,,,,,,,,,,,0.0
sa7026,failed,airfoil 'sa7026' not found in the aerosandbox UIUC database,,,,,,,,,,,,,,,,,,,,,,,,,,,,,,,,,,,0.0
sa7035,ok,,0.05244309006104605,0.8115240848609893,3.8510973659336782,1.76783999999997,0.4590483781682748,0.4590483781682748,9.86462841704297,2.6926925649647666,0.07972749022718834,1.8396816731089671,13.243270505046725,24.947580595198662,11.704310090151937,0.05244309006104605,11.208140336266997,31.292800306891117,0.5599438527861658,27.325393907723207,2.2772910644075175,0.005483472625166826,16.33530396332888,1000000.0,950625.9830072172,20.308115438482023,0.6237513186744797,15.19196616736203,2.882996698404652,0.005863138471283826,14.996108326846768,1000000.0,616928.5590423716,0.09194744427226388,1.4369735785953177,False,0.21
sa7036,ok,,0.05252283669079762,0.8090101919648334,3.863064145100147,1.7678399999999816,0.457626364356979,0.457626364356979,9.841692800463653,2.678293279226708,0.07977812249640354,1.8352715068531864,13.270616287808386,24.947580595125224,11.676964307316839,0.05252283669079762,11.22496164122721,31.29280030692621,0.5616838047499025,27.27439115484163,2.0465172577213275,0.005379757629329084,16.392873473014046,1000000.0,947681.1882077691,20.387467829349273,0.6193778927680945,15.141395427408797,2.5881810219878756,0.0057335426846852645,15.159956652541823,1000000.0,617420.6062596769,0.0919835718791955,1.444546153846154,False,0.2
sa7038,ok,,0.05298211752814071,0.7963625410245012,3.9244164618533692,1.7678399999999805,0.4504720681874547,0.4504720681874547,9.70960059154197,2.5946654658521844,0.08003687976265643,1.8352268035211652,13.4027530539024,24.94758044896553,11.544827395063134,0.05298211752814071,10.812842085755689,31.292800109652475,0.5706043445690178,27.24233841340382,1.6304594378411619,0.005230092182399644,16.504349377261992,1000000.0,932865.6200629846,19.63942924294986,0.6703864286731416,14.973292631503087,2.559522511239053,0.005810296448597334,14.475155031417382,1000000.0,585468.4871347231,0.09199457829660668,1.483369899665552,False,0.19
saratov,failed,airfoil 'saratov' not found in the aerosandbox UIUC database,,,,,,,,,,,,,,,,,,,,,,,,,,,,,,,,,,,0.0
sc1012r8,ok,,0.05030206326024405,0.7360936290134231,4.245734703326725,1.7678399999999996,0.4163802318159015,0.4163802318159015,10.480400767152444,3.1285239628365544,0.08139656122938033,1.8209725032326542,12.646207324235991,24.94758059462109,12.301373270385099,0.05030206326024405,11.318326195381617,31.292800306707015,0.6173235371051108,28.144690936760746,3.417959129293235,0.00879076775554261,15.228966634937853,1000000.0,862266.1270515108,20.71846440164789,0.6944032245303818,16.240547688447453,3.97342814491995,0.009219228880467735,14.06043269559295,1000000.0,570892.6616655187,0.1200203727107361,1.6867,False,0.19
sc1094r8,ok,,0.054306821022937886,0.7278579195783054,4.293775174433303,1.7678399999999996,0.41172160352651005,0.41172160352651005,9.328608039006548,2.3632460383188563,0.08159972274646865,1.9157914757371488,13.703181080532254,24.94758059527595,11.244399514743698,0.054306821022937886,11.769729861889232,31.292800307165773,0.6243085504448116,28.43396497965981,3.9289636429848045,0.008537747175960298,15.361046431411378,1000000.0,852618.7493416159,20.478446307873067,0.6570553657662386,15.12680933507444,4.219293049852686,0.008752041725943975,14.827631390201958,1000000.0,557965.6377214638,0.09403390887767075,1.7171,False,0.2
sc1095,ok,,0.05093048355270396,0.8148768380804223,3.8352522977116994,1.7678399999999956,0.4609449034304147,0.4609449034304147,10.29966326298287,2.9815222960333188,0.07966049940834465,1.8241847450754096,12.823732586734822,24.947580594793102,12.12384800805828,0.05093048355270396,11.611608397214141,31.292800306764725,0.5576400033339345,28.110699857998963,4.238352142160539,0.008092049819788968,15.166348290708013,1000000.0,954553.4256812203,21.217895516633707,0.5894544007493991,16.03106081395034,4.522845669661414,0.00830729166983057,14.608938924977043,1000000.0,647229.223738426,0.09494985889449872,1.4269468227424749,False,0.19
sc1095r8,ok,,0.05359725598044744,0.7513345312826185,4.15960951543756,1.7678399999999996,0.4250014318505174,0.4250014318505174,9.532683267663485,2.4918361133087976,0.0810323211485651,1.8258670165463333,13.58903031096268,24.947580595172496,11.358550284209818,0.05359725598044744,11.398110188954112,31.292800307089486,0.6048010623527581,28.366386242256777,4.790371790078707,0.008401106857292557,15.310441888727997,1000000.0,880119.4452468627,20.80858040894618,0.6227460321717027,15.258001142577626,4.9509220293439,0.008515706434198227,15.009504235950425,1000000.0,585247.5990059396,0.09338296666666666,1.6322,False,0.2
sc20010,ok,,0.04638758843288571,0.8567571774609498,3.647775995133049,1.7678399999999996,0.4846350220952971,0.4846350220952971,11.282063097439675,3.5936945359230865,0.1062380297225794,1.796373119640441,11.544979901217026,24.623416118297143,13.078436217080116,0.04638758843288571,11.777453680200638,31.292800306182052,0.5234895462295841,27.992291352725328,4.786066808395376,0.009206851988431262,14.631975693567473,1000000.0,1003612.399431557,21.85413403528326,0.5700818055026429,17.273553162748776,5.1846498235283685,0.009528918129266891,13.891115417356332,1000000.0,700898.5991041682,0.1,1.278318060200669,False,0.2
sc20012,ok,,0.045354314270524575,0.82806295314521,3.7741795520852426,1.767839999999992,0.46840378832089646,0.46840378832089646,11.903403096794143,4.04593195453615,0.0794019953949606,1.7864821092965526,11.257695104172285,24.947580310262982,13.689885206090697,0.045354314270524575,11.773499019351224,31.292799979230846,0.5487601217803314,28.383342493785904,4.935853251844086,0.009928013186695183,14.385193077816789,1000000.0,969999.7390933624,21.96775244876306,0.6110426395952822,18.015071407764264,5.519361912933713,0.010316230220024166,13.487325189419991,1000000.0,680946.2290977611,0.12,1.3883,False,0.19
sc20402,failed,too few converged polar points,,,,,,,,,,,,,,,,,,,,,,,,,,,,,,,,,,,0.01
sc20403,failed,too few converged polar points,,,,,,,,,,,,,,,,,,,,,,,,,,,,,,,,,,,0.01
sc20404,failed,too few converged polar points,,,,,,,,,,,,,,,,,,,,,,,,,,,,,,,,,,,0.01
sc20406,failed,Infeasible_Problem_Detected,,,,,,,,,,,,,,,,,,,,,,,,,,,,,,,,,,,0.24
sc20410,ok,,0.05076645255772353,0.8079176717863703,3.86828803817321,1.7678399999999903,0.45700836715221665,0.45700836715221665,10.346839346327743,3.0154435323920348,0.0797999628595934,1.7871451718188487,12.81359593334175,24.947580451488342,12.13398451814659,0.05076645255772353,11.136062910080074,31.292800120811826,0.5624433545069613,28.32483039014682,2.915035115203788,0.009805027406104776,14.522825905692072,1000000.0,946401.3954624381,20.770673969640754,0.6209283189179909,15.991821391016067,3.4345376068282083,0.01026697710037344,13.641379065103093,1000000.0,628176.2818818457,0.09970000000000001,1.447851839464883,False,0.2
sc20412,ok,,0.05018349915371408,0.753194482638803,4.149337704454119,1.7678399999999996,0.4260535357491646,0.4260535357491646,10.514500526438148,3.145777516720003,0.08098887907502625,1.8197035903484087,12.613376477811421,24.94758059459798,12.334204116786557,0.05018349915371408,11.265333850526629,31.29280030669232,0.6033075562517393,28.705084821597296,2.975126474401016,0.010140235898991379,14.655891631557793,1000000.0,882298.207541447,20.63584038315771,0.685908206740583,16.537487451917997,3.7055446569489274,0.01080625185194746,13.47354603441394,1000000.0,581826.0047911943,0.12,1.6257,False,0.19
sc20414,ok,,0.048301184001844834,0.7364225481217579,4.243838369114247,1.7678399999999996,0.4165662888732906,0.4165662888732906,11.05586583044764,3.512063396797158,0.08138854143007951,1.8128291810517005,12.078885582711754,24.947580594211097,12.86869501149934,0.048301184001844834,11.299035897521819,31.292800306449315,0.6170478129194784,28.482226636269868,2.785293385002123,0.010282916817001629,14.686680199996015,1000000.0,862651.4255913283,20.77606284442597,0.7220832063657234,17.113589945583406,3.7141305424545266,0.01111863023029479,13.231757251089245,1000000.0,572735.5831183104,0.14,1.6855,False,0.19
sc20503,failed,Infeasible_Problem_Detected,,,,,,,,,,,,,,,,,,,,,,,,,,,,,,,,,,,0.23
sc20518,ok,,0.04394680964671827,0.724179850157847,4.315583021149784,1.7678399999999999,0.4096410592349121,0.4096410592349121,12.308210419847612,4.350789970417382,0.08169190830700938,1.7945249466493927,10.844845226529475,24.94758059302648,14.102735366497004,0.04394680964671827,11.297570574447233,31.29280030580739,0.627479379053615,27.77308193220769,1.8019417629468768,0.009650759702481117,14.9690719219879,1000000.0,848310.228555193,20.98525777075662,0.7887413716883251,18.563994638889625,3.2769641933174154,0.011654424605873936,12.591891212509848,1000000.0,568885.131462538,0.17980000000000002,1.7309,False,0.2
sc20606,ok,,0.032778070671211176,0.8556940174683503,3.652308187039058,1.7678399999999996,0.4840336328334863,0.4840336328334863,8.852983160589442,1.984491953080955,0.09647484782373332,1.7227821291264722,7.7043906767865264,18.28015596650244,10.575765289715914,0.032778070671211176,12.456271964248034,31.292800303381124,0.3891157964999944,19.269064534825247,0.09564007848446451,0.00523610648236101,19.555262091620254,1000000.0,1002367.0049883125,24.101078044352832,0.3795130269735705,13.755705078107642,0.005592034025276719,0.004982648705494832,20.048169263998556,1000000.0,772002.6709689284,0.06,0.6935,False,0.19
sc20610,ok,,0.05177721979838388,0.7840077726946555,3.986259287785378,1.7678399999999994,0.4434834445960357,0.4434834445960357,10.056136760662442,2.8299419997297806,0.0802991736856477,1.8266777921280872,13.064766042092737,24.947580594883267,11.88281455279053,0.05177721979838388,11.06490120972656,31.292800306884246,0.5795961960184645,28.581361064054857,1.451259484448106,0.00932007594576663,14.813827574274951,1000000.0,918393.1487759188,20.191302588429135,0.6630962792457836,15.950798835036986,2.2159748693008976,0.010292004724945462,13.449208816116364,1000000.0,592582.1204948319,0.0998,1.5225040133779264,False,0.19
sc20612,ok,,0.05057345726825546,0.7451349810041176,4.194217618650129,1.7678399999999999,0.421494581525544,0.421494581525544,10.402346197216252,3.0736096425514243,0.08117868685618722,1.8270168432867875,12.718217554168476,24.947580594671514,12.229363040503038,0.05057345726825546,10.957840013302821,31.292800306740403,0.6098330292998839,28.619403090035682,1.4744281784858504,0.009640115982411792,14.87386905313302,1000000.0,872857.2410860936,19.99222585817319,0.7324077047404327,16.469073531588155,2.589774117408284,0.010960056572689206,13.033604983353051,1000000.0,557647.7315766573,0.12,1.6541,False,0.19
sc20614,ok,,0.04898837541163865,0.7239412669342685,4.317005271483939,1.7678399999999996,0.409506101759361,0.409506101759361,10.858225394895774,3.384207138672625,0.08169792619954885,1.8205764733428604,12.268778726121365,24.947580594359998,12.678801868238635,0.04898837541163865,11.021290210991316,31.292800306540194,0.6276861721497243,28.341093938585033,1.3952865715341813,0.009620026509298255,14.9811883306484,1000000.0,848030.7502260215,20.1791215994249,0.7671436324107526,16.98045361859444,2.6767208984336146,0.011315953330235298,12.886556876531623,1000000.0,546851.5269081207,0.13990000000000002,1.7318,False,0.2
sc20706,failed,Infeasible_Problem_Detected,,,,,,,,,,,,,,,,,,,,,,,,,,,,,,,,,,,0.25
sc20710,ok,,0.05217011979393346,0.7749203231346536,4.033005939188589,1.7678399999999996,0.4383430192407988,0.4383430192407988,9.943136328533354,2.7576855013128214,0.08049687940951485,1.8327551362327066,13.171689130182907,24.947580594948967,11.775891464766062,0.05217011979393346,10.912209891757852,31.29280030692977,0.5863930898914447,28.386758881512915,0.5944782183446007,0.008197621551819533,15.289597761118676,1000000.0,907748.0356719602,19.846640859670043,0.68812769860107,15.924125764154738,1.5737009657267735,0.009986930837146652,13.358429756957186,1000000.0,575715.4705986083,0.0998,1.5520852842809365,False,0.2
sc20712,ok,,0.05136397694116293,0.7289829617683091,4.287148574802071,1.7678399999999996,0.41235799719901645,0.41235799719901645,10.17498792372965,2.92714844089389,0.08157169752401726,1.8323062534773114,12.940286417607044,24.947580594814006,12.007294177206962,0.05136397694116293,10.804844961679764,31.292800306835634,0.6233450526753264,28.471585814919823,0.771973436436344,0.00909075408184345,15.14967196399443,1000000.0,853936.6330008277,19.656184550980605,0.7603886905051455,16.22833225326029,2.050954037933687,0.010960694381809863,12.962684563907889,1000000.0,536389.7090871955,0.1199,1.7129066889632107,False,0.2
sc20714,ok,,0.0495400649847141,0.7140865690686394,4.376581777299318,1.7678399999999994,0.4039316731540409,0.4039316731540409,10.699556113001178,3.2814508268437574,0.08163392238399027,1.8255402093176527,12.4224842721548,24.94758059447363,12.52509632231883,0.0495400649847141,10.82217779690716,31.292800306611326,0.6363485078508881,28.289382830977207,0.6210077195439597,0.009286602444317676,15.147433150758353,1000000.0,836486.8761514656,19.76068552506668,0.8011844550306962,16.919567117303444,2.198438646008177,0.011807036380399883,12.58149588337048,1000000.0,528222.2729674423,0.1396,1.7695,False,0.19
sc21006,ok,,0.043788391751254624,0.8567571800776204,3.64777598399217,1.7678399999999996,0.4846350235754483,0.4846350235754483,8.846540208195007,1.970012584478874,0.10623805398388697,1.8245097098960357,10.769298511494712,21.440348429585754,10.671049918091043,0.043788391751254624,11.067695248694715,31.292800305781626,0.45581807912005595,23.736212770305993,-3.2746693930955053,0.005123573465423536,18.039088336159047,1000000.0,1003612.402483904,20.22040074412717,0.5433456563862319,13.803344367176708,-2.544468060572176,0.0047330096173832225,16.288750570808247,1000000.0,648502.044294559,0.06,0.9838,False,0.19
sc21010,ok,,0.05346767835594287,0.7454451542783235,4.192472441014936,1.7678399999999996,0.4216700347759546,0.4216700347759546,9.56995058181497,2.5185797371725096,0.08117130612517434,1.8483955695200258,13.529234443818341,24.947580595153337,11.418346151334996,0.05346767835594287,10.137267671328331,31.29280030707534,0.6095792830553981,27.65271486917619,-2.131782603288899,0.005566283471453941,16.513760419445497,1000000.0,873220.5806181895,18.28120170539881,0.8174935704643045,15.744746218534617,-0.018468056969150208,0.010371917824079608,12.247194859075758,1000000.0,510134.0056158929,0.1,1.652995652173913,False,0.19
sc2110,ok,,0.05274918318490879,0.7446580138540799,4.196904092154725,1.7678399999999994,0.42122477930925883,0.42122477930925883,9.77659416983509,2.656594523153311,0.08119003995493361,1.8389407080050164,13.332045717203114,24.94758059504322,11.615534877840105,0.05274918318490879,11.448446484457007,31.292800306995602,0.6102236385673991,27.399785255629876,4.320554298511472,0.008311920497142173,15.373898114036887,1000000.0,872298.5178534134,20.751886189372048,0.6460609771351141,14.928117116029416,4.605389781586049,0.008492490181924345,14.79524414775769,1000000.0,578466.5925729004,0.09922361586718527,1.6558,False,0.19
sd2030,ok,,0.05089105188081146,0.8481622491891682,3.6847410605549875,1.7678399999999996,0.47977319734204926,0.47977319734204926,10.311004051972404,2.976923304861097,0.07902395802314181,1.811283738593407,12.82529280416119,24.947580594727,12.12228779056581,0.05089105188081146,11.340912977350442,31.292800306778847,0.535755892386568,26.395768841642834,2.209616572415897,0.004906429995852971,16.506508226116893,1000000.0,993544.2298305571,20.870856648440736,0.5852365189527515,15.20282949935694,2.5781760563012286,0.005398678545387219,15.290904377401116,1000000.0,662648.244688636,0.08558270399789653,1.3317033444816053,False,0.19
sd2083,ok,,0.0480367512045588,0.8567571781378369,3.6477759922209243,1.767839999992688,0.48463502248019086,0.48463502248019086,10.50069903564634,3.072785156925901,0.1062380363679653,1.819361658749394,11.996300621640499,24.316361316036232,12.320060694395734,0.0480367512045588,11.241823232434431,31.292800306409084,0.5169616140876607,26.13048501965161,1.5133532329650279,0.004570317818980765,16.95955536299083,1000000.0,1003612.4002359003,20.596643843683644,0.6046004902347887,15.694267993116279,2.370098017190271,0.0048863119345683055,14.992015083216096,1000000.0,660568.7877837408,0.08960840436075321,1.2499073578595317,False,0.19
sd5060,ok,,0.05316647989110578,0.7943469496942996,3.9343743521678265,1.7678399999999999,0.44933192466190364,0.44933192466190364,9.65657709510104,2.5600159842322214,0.08007973640252236,1.8318575727558355,13.459145927249564,24.947580595106437,11.488434667856875,0.05316647989110578,11.277245423685425,31.292800307042185,0.5720522032306997,27.54310491405793,2.905087640052872,0.005779381119448895,16.253001305281533,1000000.0,930504.5456967689,20.520600857849452,0.6125997262461462,15.075050543015193,3.278309138197368,0.006120670255246608,15.370309109767549,1000000.0,610188.6757114821,0.09458506160767981,1.489671237458194,False,0.2
sd6060,ok,,0.04716606074382993,0.856757177986165,3.647775992891991,1.7678399999988186,0.48463502239271516,0.48463502239271516,11.117416985951742,3.4839304568425487,0.1062380347100215,1.8098391371030955,11.755407262692541,24.68266338574738,12.927256123054837,0.04716606074382993,11.577388428009217,31.29280030629333,0.5247491325094176,26.685581798344444,3.243192419845656,0.005553306129000833,16.2705021159493,1000000.0,1003612.4000510378,21.323052402216017,0.5919106732871802,16.470701246003504,3.743313807840732,0.005828884911842885,14.872653693248044,1000000.0,683865.9240572429,0.10364941485229906,1.2838,False,0.19
sd6080,ok,,0.05236824302685801,0.8186719232575195,3.817473369752911,1.767839999999994,0.4630916390948967,0.4630916390948967,9.886154879876964,2.704492142727208,0.07958531532043384,1.827037650610895,13.234388064530133,24.947580595017993,11.71319253048786,0.05236824302685801,11.000181893068758,31.292800306940194,0.5550549735417953,27.229438439915597,1.4240883203199508,0.005043606061477734,16.525952293288057,1000000.0,958999.0196552327,20.069248690433753,0.633591692471196,15.13555815807384,2.1325937704374063,0.0052791291224151965,14.918143366399443,1000000.0,615042.1065089058,0.09184556030466136,1.415696321070234,False,0.19
sd7003,ok,,0.054258354563683366,0.8055595696743764,3.879611618124395,1.7678399999999996,0.45567447827539626,0.45567447827539626,9.34254728792812,2.3467475004627527,0.07984812770343794,1.8331761407022116,13.771857166636808,24.94758059526714,11.17572342863033,0.054258354563683366,11.290397030004875,31.292800307160626,0.5640897828144209,27.99082515715442,3.4291612475237185,0.006574658992758583,15.852998813622094,1000000.0,943639.1009027581,20.52975485065319,0.5871063469174658,14.882857814893832,3.640431084755969,0.00673853922111267,15.384612111585549,1000000.0,619077.8459859162,0.0850152477637511,1.4550173913043478,False,0.2
sd7032,ok,,0.05358778957210044,0.7561318116006475,4.133218861648173,1.7678399999999996,0.4277150712737847,0.4277150712737847,9.535405864370171,2.4920910731535155,0.08092070829537994,1.840982547423934,13.571192183376859,24.94758059517096,11.376388411794105,0.05358778957210044,10.88268654654086,31.292800307088456,0.6009639003814825,27.498621881786725,1.39390404122199,0.0054898172631307855,16.51276040286228,1000000.0,885739.0188407552,19.704489796800587,0.6911667395212745,14.873586656042903,2.197858937122611,0.005856022424659057,14.78951165286712,1000000.0,557733.2577494624,0.09955229948750516,1.6155,False,0.2
sd7034,ok,,0.05313460550096723,0.7541710533558805,4.143964756660108,1.7678399999999996,0.42660594474380076,0.42660594474380076,9.665744363874007,2.5796225138717785,0.08096615549834917,1.839030515368223,13.442805715860388,24.947580595102615,11.50477487924223,0.05313460550096723,10.933055667861984,31.292800307038654,0.6025263375997213,27.440344429229995,1.7345007784867705,0.005510794680514346,16.5097268514469,1000000.0,883442.1705157384,19.816701565485612,0.6928701454791144,15.00268639231612,2.5193778366252144,0.005859806093458344,14.794621437098513,1000000.0,559454.8800906588,0.10508449986522966,1.6223,False,0.2
sd7037,ok,,0.052608169115138,0.8044923202542975,3.8847583586778196,1.7678399999999987,0.45507077577965094,0.45507077577965094,9.817150675315268,2.6635252069471123,0.07986989300644685,1.8282222180293766,13.302207701681874,24.94758059502652,11.645372893344645,0.052608169115138,11.165262858578824,31.29280030697752,0.564838111268597,27.168554114644774,1.7743511772489509,0.005326961418963629,16.432460510794893,1000000.0,942388.916154719,20.357231465027184,0.6230177003095639,15.038121811603776,2.313636439968942,0.005667300601341978,15.1935166601491,1000000.0,613062.081630325,0.09198855960130205,1.4582742474916388,False,0.2
sd7043,ok,,0.05563408402952342,0.7293880480114374,4.2847675858146115,1.7678399999999996,0.41258713911408135,0.41258713911408135,8.946879113049283,2.108282739839636,0.08156163144688351,1.8485397877703413,14.152161694635943,24.94758059545557,10.795418900819625,0.05563408402952342,10.732600633101688,31.292800307303242,0.6229988604006598,27.614218058315405,1.6481499179428971,0.005295646008816297,16.687677412494576,1000000.0,854411.154368241,19.353294789950684,0.7048185908007916,14.23926594209126,2.3967730219144556,0.005769563650999879,15.068469895481972,1000000.0,528417.744015433,0.0913040613615346,1.7114,False,0.2
sd7062,ok,,0.049810511737221605,0.7300881397843235,4.280658861987863,1.7678399999999994,0.4129831544621254,0.4129831544621254,10.621773979520995,3.2246604985373684,0.08154425462025823,1.8276830363661103,12.49812357863953,24.947580594526634,12.449457015887106,0.049810511737221605,11.01529890686556,31.292800306645624,0.6224014580450562,27.526452325071894,1.4643512360446287,0.006940271424897507,15.980822447485,1000000.0,855231.2476071652,20.089732350905365,0.7535865401100394,16.12835429254168,2.672722097749272,0.007077340811718861,13.955846644486314,1000000.0,549051.7529334066,0.1397735328659243,1.7088,False,0.21
sd7080,ok,,0.05194894586129505,0.8220986374542264,3.8015611791766,1.76783999999999,0.46503000127513294,0.46503000127513294,10.006747298940747,2.783654674665306,0.07951801143422346,1.7954065104147494,13.145426785634715,24.947580594990214,11.802153809355495,0.05194894586129505,11.141458480989524,31.292800306879723,0.5527413646020066,26.407778637933777,2.1934368405210245,0.005566430443352199,16.26153903202947,1000000.0,963013.1008279239,20.68511767179267,0.5984497197138506,14.724807493710331,2.634974975701396,0.005887709707441149,15.263692663014076,1000000.0,636569.406213356,0.09151171597061275,1.4056270903010033,False,0.21
sd7084,ok,,0.048504025739479865,0.856757179734882,3.6477759854514322,1.7678399999999996,0.4846350233815742,0.4846350233815742,10.766218898708981,3.2497983813563756,0.10623805091300167,1.8149276407850898,12.135125642396876,24.716272181890947,12.581146539494071,0.048504025739479865,11.510814102979422,31.292800306476405,0.5254636485953006,26.896808699091192,2.0268419594908615,0.005616670837812835,16.224180898863544,1000000.0,1003612.4021047003,21.140997294342355,0.5860272957636534,16.177697052102403,2.6555097740112807,0.00601227518962057,14.907825583050936,1000000.0,678027.1138940775,0.09620761472732023,1.2869096989966555,False,0.19
sd7090,ok,,0.0515829162276424,0.7943696791178573,3.934261777300689,1.7678399999999996,0.44934478183424825,0.44934478183424825,10.112019651235999,2.8636364836224395,0.08007926028850568,1.827107634052767,13.008453309561073,24.94758059484984,11.939127285288766,0.0515829162276424,11.293240843623272,31.292800306861494,0.5720358350124854,27.568209032178746,2.8201751337557304,0.006279705783465125,16.025120849947086,1000000.0,930531.1711249669,20.603130020266637,0.6315239578101709,15.599655989539984,3.3489680232737262,0.006683795168142071,14.846576084756618,1000000.0,612660.2451233779,0.09985369870886428,1.4896,False,0.2
sd8000,failed,Infeasible_Problem_Detected,,,,,,,,,,,,,,,,,,,,,,,,,,,,,,,,,,,0.3
sd8020,ok,,0.04399289529331748,0.856757171189263,3.647776021835725,1.7678399999999996,0.48463501854764185,0.48463501854764185,11.02938130157887,3.4252400672484904,0.10623797030251178,1.792197446667419,10.86042723921869,23.68200598746498,12.821578748246289,0.04399289529331748,11.786125536920661,31.292800305814843,0.5034753341968049,26.374584723128006,4.338591761814124,0.007778157102156903,15.56070905169682,1000000.0,1003612.3920730746,21.921181282856406,0.5554719929157418,16.735980856910434,4.717450516835971,0.008227935991254938,14.562517356090801,1000000.0,703048.9112304503,0.1009853306227263,1.1912127090301003,False,0.2
sd8040,ok,,0.05274149300707238,0.7696084185675506,4.060842098657067,1.7678399999999994,0.4353382764093758,0.4353382764093758,9.77880591182661,2.6499107223925993,0.0806145956050408,1.836700213928169,13.332074469287056,24.947580595041835,11.61550612575478,0.05274149300707238,11.145023878489535,31.292800306994735,0.5904404262471262,27.540508360857693,2.452215527453913,0.005875799208310094,16.29307735774704,1000000.0,901525.6270048226,20.226534147078837,0.6580087961022066,15.21498592047282,3.1031790030392195,0.0063438396396473945,14.936516342550481,1000000.0,582713.5539226183,0.09994277055711982,1.5697,False,0.19
sg6040,failed,Infeasible_Problem_Detected,,,,,,,,,,,,,,,,,,,,,,,,,,,,,,,,,,,0.82
sg6041,ok,,0.050760597736191425,0.7967699742522448,3.9224096873542464,1.7678399999999996,0.4507025377026456,0.4507025377026456,10.34852345864519,3.0204729513687623,0.08002913411930418,1.8235548032941278,12.775502332764939,24.947580594704256,12.172078261939317,0.050760597736191425,11.357672346408213,31.292800306763215,0.5703125586897779,27.3468195538898,2.8843917600333238,0.005968905181981574,16.15763881463727,1000000.0,933342.8965707306,20.76104746233629,0.6321782817190039,15.83274899688273,3.4287056254185293,0.00661736751399255,14.82137812070759,1000000.0,619221.5456713678,0.09993292494279836,1.4821,False,0.19
sg6042,ok,,0.05295295707679506,0.7468796983288378,4.1844198906367955,1.7678399999999996,0.4224815019056238,0.4224815019056238,9.717987557206996,2.616810233247249,0.08113725011268563,1.8429873721299839,13.386605665737816,24.947580595074797,11.56097492933698,0.05295295707679506,10.710402182994635,31.292800307018446,0.6084084541581087,27.2881655432965,0.6668813823871831,0.0050108857078992675,16.761575739085746,1000000.0,874901.0173080483,19.371451562753375,0.7357424136721634,14.984985370007086,1.9000427533987445,0.0051289458212031794,14.459662367363732,1000000.0,541597.5084590092,0.09998609075406414,1.6479,False,0.2
sg6043,ok,,0.05459689027523139,0.7075716469786305,4.416878882788792,1.7678399999999996,0.4002464289633851,0.4002464289633851,9.24518235504039,2.3138505308912816,0.08104705093180346,1.857409760921084,13.844988479356637,24.947580595318108,11.102592115961475,0.05459689027523139,10.010084909471187,31.29280030719638,0.6422076472989153,28.240048934963667,-1.2505508555311613,0.00681628358077857,16.1191429397172,1000000.0,828855.2428839699,17.96423729446254,0.8672468173095389,14.695617584349877,0.832463150403253,0.005640195862826193,13.166975970366702,1000000.0,475820.3842339682,0.1001385754854271,1.795,False,0.19
sg6050,failed,Maximum_Iterations_Exceeded,,,,,,,,,,,,,,,,,,,,,,,,,,,,,,,,,,,1.17
sg6051,ok,,0.04805592742603009,0.7831087166272865,3.9908357540188595,1.7678399999999996,0.4429748826971257,0.4429748826971257,11.126403115658402,3.5437592391279353,0.08031851252448666,1.8236720623061138,11.99750541619525,24.947580594159767,12.950075177964516,0.04805592742603009,11.287530152424846,31.292800306415526,0.580261607430658,26.881420132675448,1.8345863873460726,0.005478603960394428,16.429583148596585,1000000.0,917339.987095427,20.63150567789267,0.6929385164323821,16.477005862665496,2.808379440353361,0.005733397621504114,14.350507698868004,1000000.0,604807.0152557468,0.12002984377490834,1.5254,False,0.2
sm701,ok,,0.0458556482431502,0.7387608340968919,4.230406000638234,1.7678399999999994,0.4178889685134922,0.4178889685134922,11.759216811797595,3.9802234828545457,0.08133173420368538,1.8125065507249607,11.37585723108247,24.947580593605025,13.571723362522555,0.0458556482431502,11.073550269697485,31.292800306103796,0.6150947664376555,27.04820729792334,0.508530741741271,0.006650883866105406,16.067616182996044,1000000.0,865390.5129916226,20.365076317964792,0.7900696331277413,17.427409987067648,2.1832197818864545,0.007227257053402827,13.297805920074868,1000000.0,563188.4545174281,0.1598852176267367,1.677,False,0.2
sokolov,ok,,0.05765588277260988,0.7624402880441505,4.099020362128377,1.7678399999999994,0.43128353699664607,0.43128353699664607,8.365397478355614,1.7100155943241073,0.08077607351114748,1.8615720142172283,14.72061110312796,24.947580595700803,10.226969492572843,0.05765588277260988,10.054626138516335,31.292800307500485,0.595991489202906,29.195696816646603,-0.8878590193500153,0.008453072797522517,15.242179045964912,1000000.0,893128.8200085065,18.003826983730203,0.7381043751918117,13.899814774554955,0.3472742902456442,0.00821420921763494,13.366305564392798,1000000.0,513847.8049777526,0.071,1.5938591973244147,False,0.19
sp4621hp,failed,Maximum_Iterations_Exceeded,,,,,,,,,,,,,,,,,,,,,,,,,,,,,,,,,,,1.24
sp4721bs,failed,Infeasible_Problem_Detected,,,,,,,,,,,,,,,,,,,,,,,,,,,,,,,,,,,0.57
sp4721la,failed,Maximum_Iterations_Exceeded,,,,,,,,,,,,,,,,,,,,,,,,,,,,,,,,,,,1.26
spicasm,ok,,0.048876551939837976,0.7941406299106245,3.9353965127709514,1.7678399999999996,0.44921521738993614,0.44921521738993614,10.890386506567484,3.3826270297631855,0.0800840594365799,1.825090310764834,12.232103777001432,24.94758059433375,12.715476817332318,0.048876551939837976,11.006836224383772,31.292800306525578,0.5722008238695455,28.152530417188803,0.939339974269546,0.008197872322697202,15.208866124264734,1000000.0,930262.8609910494,20.10281566061458,0.7066880869972337,16.40291571931623,1.7593328294125243,0.006783433250154544,13.678093155290147,1000000.0,597610.396872,0.1172,1.490318060200669,False,0.2
ssca07,ok,,0.05193075120081749,0.8567571804904578,3.647775982227627,1.767839999998346,0.4846350238094281,0.4846350238094281,9.55529657022283,2.4425168224027725,0.10623805753332238,1.8314658199219171,13.10413458093126,24.490896971076005,11.386762390144746,0.05193075120081749,11.118081534332836,31.292800306886836,0.5206722103313012,27.95318154479567,4.156691058630252,0.007477333486106083,15.421681507241026,1000000.0,1003612.4030038898,20.235306265606138,0.5789342712878359,15.278852934179426,4.667866195108359,0.007891701533662109,14.33420552943886,1000000.0,648980.0895918933,0.06998020888226932,1.2660565217391304,False,0.19
ssca09,ok,,0.05197373468505504,0.8040913816432946,3.8866953892889806,1.7678399999999999,0.45484398002268006,0.45484398002268006,9.999617882155562,2.7853109072643623,0.07987808719522912,1.8225505433846911,13.125412169375412,24.947580594915664,11.822168425540253,0.05197373468505504,11.373412837577836,31.29280030690711,0.5651197526505006,28.241705467482245,4.367210721475937,0.007927050342842789,15.278509393449923,1000000.0,941919.2533683127,20.80127558759142,0.6060634830918429,15.725946827305082,4.721690499314093,0.008175197304844032,14.56898210158146,1000000.0,626122.3597252792,0.08997457836752194,1.4595,False,0.19
stcyr171,failed,airfoil 'stcyr171' not found in the aerosandbox UIUC database,,,,,,,,,,,,,,,,,,,,,,,,,,,,,,,,,,,0.0
stcyr172,failed,Maximum_Iterations_Exceeded,,,,,,,,,,,,,,,,,,,,,,,,,,,,,,,,,,,1.16
stcyr234,ok,,0.0449867344201522,0.7405312487233694,4.220292217226151,1.7678399999999999,0.41889042488198563,0.41889042488198563,12.009121720305087,4.146264119724035,0.08128896137174295,1.7801456317857058,11.158313241263807,24.9475805933546,13.789267352090793,0.0449867344201522,10.413673265284077,31.29280030597199,0.6136242373090308,27.11483180357246,-2.9893834188095276,0.00812336098826867,15.464904887583396,1000000.0,867464.3912325946,19.499665419392077,0.8734736355433358,18.501342305116324,1.502754637155172,0.012421451078238008,11.438847567354962,1000000.0,540548.1525104698,0.16,1.6706,False,0.2
stcyr24,failed,Infeasible_Problem_Detected,,,,,,,,,,,,,,,,,,,,,,,,,,,,,,,,,,,0.91
ste87151,ok,,0.04516261489915865,0.7768029980941205,4.023231467010031,1.7678399999999994,0.4394079770194818,0.4394079770194818,11.958537423161657,4.100652249466747,0.08045554025312918,1.8085035087884607,11.180539661454937,24.947580593405053,13.767040931950117,0.04516261489915865,11.15910771899644,31.29280030599908,0.5849718961131717,27.700664584036055,0.9342714540357335,0.008233547040961825,15.267333559766604,1000000.0,909953.416566321,20.567848250903804,0.7472369064326221,17.573019986210365,2.5352995657532906,0.007074611322431717,13.305581023309335,1000000.0,598085.936838947,0.13928368167917782,1.5459,False,0.19
ste87391,ok,,0.0440072473389351,0.7770138835002921,4.022139542116462,1.7678399999999996,0.43952726689083416,0.43952726689083416,12.29082817140758,4.32210828579757,0.08045092217621916,1.8099553086948643,10.846797112940905,24.947580593043348,14.100783480102445,0.0440072473389351,10.789635568637046,31.292800305817167,0.5848131318493208,27.24177171146683,-1.3415175533574886,0.006994047201314213,15.77693605562315,1000000.0,910200.4494591013,19.870906050929538,0.8197575836696506,18.13605358799133,0.8200104391592591,0.006234084698815241,12.548893508730375,1000000.0,577976.6413347627,0.145566646795915,1.5452090301003345,False,0.19
stf86361,failed,Infeasible_Problem_Detected,,,,,,,,,,,,,,,,,,,,,,,,,,,,,,,,,,,1.21
supermarine371i,failed,Maximum_Iterations_Exceeded,,,,,,,,,,,,,,,,,,,,,,,,,,,,,,,,,,,1.27
supermarine371ii,failed,Infeasible_Problem_Detected,,,,,,,,,,,,,,,,,,,,,,,,,,,,,,,,,,,0.32
t16,failed,airfoil 't16' not found in the aerosandbox UIUC database,,,,,,,,,,,,,,,,,,,,,,,,,,,,,,,,,,,0.0
tempest1,failed,Maximum_Iterations_Exceeded,,,,,,,,,,,,,,,,,,,,,,,,,,,,,,,,,,,1.37
tempest2,failed,Maximum_Iterations_Exceeded,,,,,,,,,,,,,,,,,,,,,,,,,,,,,,,,,,,1.27
tempest3,failed,Maximum_Iterations_Exceeded,,,,,,,,,,,,,,,,,,,,,,,,,,,,,,,,,,,1.24
th25816,failed,Maximum_Iterations_Exceeded,,,,,,,,,,,,,,,,,,,,,,,,,,,,,,,,,,,1.3
trainer60,failed,Maximum_Iterations_Exceeded,,,,,,,,,,,,,,,,,,,,,,,,,,,,,,,,,,,1.28
tsagi12,failed,Maximum_Iterations_Exceeded,,,,,,,,,,,,,,,,,,,,,,,,,,,,,,,,,,,1.2
tsagi8,ok,,0.0346480837482003,0.8548953504613629,3.6557202749001467,1.7678399999998504,0.48358185721639696,0.48358185721639696,9.953473474522271,2.725372324674963,0.08957050016801277,1.7582647527660966,8.206735205865769,19.918473433154137,11.711738227288368,0.0346480837482003,12.359922081525273,31.292800303896385,0.4243855188177302,21.791173469858762,2.5198413355640175,0.0064938495941458,17.743229212735674,1000000.0,1001431.4399086788,23.4320458320828,0.44503513896330504,15.377289157803148,2.6896948789352124,0.006697543122675892,17.21022206499773,1000000.0,749871.765062427,0.0795,0.847,False,0.2
tsagi_r3a,ok,,0.052371246682882504,0.7288203346525394,4.2881051982309835,1.7678399999999996,0.412266005211184,0.412266005211184,9.885291010058673,2.734067923307676,0.08157574559072027,1.8293046520182266,13.232984932894668,24.94758059497157,11.7145956620769,0.052371246682882504,11.249892606572738,31.292800306937423,0.6234841443048262,27.98038794078505,3.1039737299285868,0.007750347027528381,15.660502622217827,1000000.0,853746.1302635435,20.49939685034786,0.6822302525244287,15.4684555578433,3.643355494829769,0.008014072865338935,14.702339180072574,1000000.0,559274.9949527921,0.12088806074273223,1.7135120401337793,False,0.19
ua2-180,failed,Maximum_Iterations_Exceeded,,,,,,,,,,,,,,,,,,,,,,,,,,,,,,,,,,,1.28
ua2-180sm,ok,,0.04437476007241447,0.7290371568686221,4.286829877126816,1.7678399999999996,0.4123886533106063,0.4123886533106063,12.185129270561163,4.267225754023947,0.08157035257104936,1.803501516447385,10.958949806157237,24.947580593165785,13.988630787008548,0.04437476007241447,11.096420986103295,31.292800305876057,0.623298714502444,28.637044607157666,0.08380803548623005,0.011565932590314468,14.289754351776741,1000000.0,854000.1175605821,20.509031800837263,0.8136573370014716,18.19327675698866,1.9818577079223392,0.010052226658456875,12.581180623519955,1000000.0,559704.3216896087,0.18166485259472587,1.712705016722408,False,0.2
ua79sf18,failed,Maximum_Iterations_Exceeded,,,,,,,,,,,,,,,,,,,,,,,,,,,,,,,,,,,1.31
ua79sff,failed,airfoil 'ua79sff' not found in the aerosandbox UIUC database,,,,,,,,,,,,,,,,,,,,,,,,,,,,,,,,,,,0.0
ua79sfm,failed,airfoil 'ua79sfm' not found in the aerosandbox UIUC database,,,,,,,,,,,,,,,,,,,,,,,,,,,,,,,,,,,0.0
uag8814320,failed,Infeasible_Problem_Detected,,,,,,,,,,,,,,,,,,,,,,,,,,,,,,,,,,,1.04
ui1720,ok,,0.05629017626323365,0.642870576154992,4.861411272377969,1.7678399999999994,0.36364748854816736,0.36364748854816736,8.75818298991764,2.008700201062581,0.07316753590250552,1.8105477914632302,14.378849814151737,24.947580595532607,10.568730781380872,0.05629017626323365,10.373927255632532,31.29280030736874,0.7068419983043845,29.02392688558852,1.7938370064282456,0.011319338618252682,14.828398637111551,1000000.0,753063.8767397235,19.099058131367407,0.8038623773442755,14.322167948144163,2.674148760381997,0.011632220735642783,13.707445792791072,1000000.0,459620.443591239,0.13810598866816293,2.0763,False,0.22
ultimate,failed,Maximum_Iterations_Exceeded,,,,,,,,,,,,,,,,,,,,,,,,,,,,,,,,,,,1.31
us1000root,failed,Infeasible_Problem_Detected,,,,,,,,,,,,,,,,,,,,,,,,,,,,,,,,,,,0.96
usa22,ok,,0.052765216230848566,0.8247705784725796,3.7892455758881693,1.7678399999999854,0.4665414169113644,0.4665414169113644,9.771982968226228,2.6261800066392307,0.07946592612221799,1.8224926159727315,13.353105010930362,24.94758059512932,11.594475584198959,0.052765216230848566,10.874752321240061,31.292800306972033,0.5509506941253866,28.367680613873542,1.1135213150025374,0.007823302897571986,15.238362470421608,1000000.0,966143.0345006362,19.889888214875437,0.6338107243899772,15.365550005647332,1.8572377273915692,0.0079049640668556,13.960581785854005,1000000.0,614086.2040881898,0.0910411715935342,1.397833779264214,False,0.2
usa25,ok,,0.05012499126952237,0.8453716638156928,3.6969044496875414,1.7678399999999985,0.4781946690965775,0.4781946690965775,10.531327750356638,3.124846797760649,0.07907539875617048,1.8258237162902895,12.59042912796123,24.947580594608155,12.357151466646927,0.05012499126952237,11.019117151561012,31.292800306675215,0.5375244311507328,28.736394129709794,1.0558755595578593,0.009229487431204763,14.57841435908197,1000000.0,990275.3151846888,20.117161463885584,0.6442339358046998,16.395640016479952,2.1285304001838403,0.00918913683400848,13.175817384605995,1000000.0,636616.9922166095,0.0827511909527622,1.3394003344481604,False,0.19
usa26,ok,,0.048375155858136086,0.8464418765774111,3.692230207509327,1.7678399999999996,0.4788000478422319,0.4788000478422319,11.034591073967754,3.4599569035999114,0.0790556320584368,1.812025178523189,12.100964341732642,24.947580594223584,12.846616252490943,0.048375155858136086,11.206777934019383,31.292800306459164,0.5368448032609857,28.172910273895546,1.363352445982478,0.00855923218898689,14.84388809549481,1000000.0,991528.9712031008,20.61556698520965,0.6369529545862511,16.684846927269728,2.1565515207622017,0.00820388096670411,13.533004255542949,1000000.0,653215.1716506596,0.09824736600687395,1.336442474916388,False,0.2
usa27,ok,,0.04725643178616698,0.8132435305993555,3.842954967372075,1.7678399999999992,0.46002100337098145,0.46002100337098145,11.356342931965587,3.6865575505894492,0.07969308113825557,1.8057474718949238,11.785490190219308,24.947580594079817,13.16209040386051,0.04725643178616698,10.740070134321218,31.292800306263103,0.5587599600944225,28.12774253419812,0.6831953314247271,0.009175427030470255,14.739423246714866,1000000.0,952640.1558583091,19.82571446909047,0.7344341723396425,17.224319948410432,2.4817685002866168,0.009335229332330485,12.45287177834774,1000000.0,603550.0670119504,0.1107,1.4318210702341136,False,0.19
usa27m2,ok,,0.04287743514103768,0.8031212554506445,3.891390303000251,1.7678399999983103,0.45429521645138254,0.45429521645138254,12.33181278340616,4.340448092984117,0.07989794581299924,1.7845024317172138,10.547309119236777,24.66362433436015,14.116315215123375,0.04287743514103768,11.208546397630329,31.292800305522512,0.5593623577106344,27.92125309488435,0.9489951953534493,0.009894982626727226,14.592438043327993,1000000.0,940782.8395319462,20.936828474636158,0.7151954701600372,18.378785564971658,2.612929525899708,0.009841826651434621,12.696291108167275,1000000.0,629442.1959956523,0.13288,1.4344428093645485,False,0.2
usa28,ok,,0.0412048889155352,0.8124866174558989,3.8465350646869823,1.7678399994436809,0.45959284647455606,0.45959284647455606,11.850778544587284,4.016450488228159,0.07970818623027391,1.7655972873321315,10.085180143816887,23.7015559757363,13.616375831919415,0.0412048889155352,11.496375672847597,31.29279934538951,0.5313468722960327,25.9064086430406,1.836414671061969,0.007521722482883622,15.870056914783845,1000000.0,951753.4726559917,21.704412732039163,0.6345349573011704,17.38726168135798,3.1688918146515794,0.008044342093792144,14.08030803395684,1000000.0,660127.9087139484,0.13161464351490895,1.312514381270903,False,0.2
usa29,failed,Maximum_Iterations_Exceeded,,,,,,,,,,,,,,,,,,,,,,,,,,,,,,,,,,,1.22
usa31,ok,,0.04646987435110587,0.745584449727866,4.19168917315899,1.7678399999999996,0.4217488289256189,0.4217488289256189,11.582561641561327,3.8602757450247007,0.08116799351595556,1.8181999267738858,11.546819025434424,24.947580593769636,13.400761568335213,0.04646987435110587,10.666867716401423,31.292800306194,0.6094653970698427,29.10068226961205,-1.2585620273452889,0.011751738503413602,14.143021208358775,1000000.0,873383.7524280701,19.55572937703671,0.8382835050114901,17.89598264961825,1.6428766025009065,0.011003483237079344,11.92504105336842,1000000.0,545801.4667164023,0.14855131463021404,1.6525,False,0.2
usa32,ok,,0.04580586510353167,0.7351783662016027,4.251020445211225,1.7678399999999994,0.4158625023766873,0.4158625023766873,11.773534746008048,3.990902212827328,0.08141891512273691,1.810245480958944,11.363800366624437,24.94758059359143,13.583780226966992,0.04580586510353167,10.955325372453,31.29280030609638,0.6180920761445174,28.684411642622518,0.1488803266052637,0.011168631786979485,14.389786532281173,1000000.0,861193.9806543053,20.17281723701108,0.8098435690487644,18.02253083703065,2.495337777698978,0.011318121309059527,12.292065552128257,1000000.0,555166.3196460194,0.14720906404980066,1.6900448160535118,False,0.2
usa33,failed,Maximum_Iterations_Exceeded,,,,,,,,,,,,,,,,,,,,,,,,,,,,,,,,,,,1.26
usa34,failed,Maximum_Iterations_Exceeded,,,,,,,,,,,,,,,,,,,,,,,,,,,,,,,,,,,1.29
usa35,ok,,0.045108362961648246,0.6998301828699051,4.465738034881197,1.7678399999999994,0.3958673764989509,0.3958673764989509,11.974140610867057,4.1355067624146296,0.08014046112487025,1.8147671265124572,11.158672856010092,24.947580593389606,13.788907737379514,0.045108362961648246,10.799614528631718,31.292800305990745,0.6493116956430929,28.188352894448947,-0.46442724100036736,0.010265863000689735,14.873297922082216,1000000.0,819786.8281674358,19.836547934731364,0.8931231000479005,18.060376828643097,1.6950908645960894,0.00953901009660428,12.28288477387076,1000000.0,519663.96596636804,0.18175556465002168,1.825918060200669,False,0.19
usa35a,ok,,0.04511211158761249,0.7000266991506082,4.464484382370123,1.7678399999999996,0.39597853830132157,0.39597853830132157,11.97306248320584,4.134728389845284,0.08016243321854945,1.8084261534322998,11.166091956753515,24.947580593391656,13.78148863663814,0.04511211158761249,10.763741921562254,31.292800305991307,0.6491294164249136,28.176766424474867,-0.4746821436218519,0.010243222943993094,14.880034297356753,1000000.0,820017.0289538472,19.839980565667044,0.892083198655627,18.059134862272472,1.6774294602000936,0.009615191249703569,12.277557129682,1000000.0,519899.8414611517,0.1817331035554247,1.8251247491638796,False,0.19
usa35b,ok,,0.05153387659821289,0.7381703333379839,4.233790121946077,1.7678399999999996,0.41755494464317133,0.41755494464317133,10.126123747393631,2.891682065723851,0.08134604613958894,1.8390810164139595,12.982375831035524,24.947580594843117,11.965204763807591,0.05153387659821289,10.645350211867056,31.292800306855717,0.61558681266424,27.585040943417212,-0.0778280034766311,0.006257492734516913,16.236588558422714,1000000.0,864698.7955700454,19.294691418986567,0.7765942845857791,15.6465485922976,1.3647958527329922,0.00662470580253332,13.623100511191682,1000000.0,533160.8634347171,0.1161,1.6791414715719064,False,0.2
usa40,ok,,0.04868091275739577,0.7697881565517836,4.059893931857035,1.7678399999999999,0.4354399473661551,0.4354399473661551,10.946653527194973,3.4284158499781467,0.08061059664677904,1.8227251012270278,12.178201965870832,24.94758059429283,12.769378628422,0.04868091275739577,11.011206429060238,31.29280030649985,0.590302564199782,27.905446078658496,0.34619318802241567,0.007895676117420675,15.432134672836582,1000000.0,901736.173542578,20.136893602602093,0.7296589377571175,16.69187433392666,1.6011796180373654,0.008163620970497248,13.377477849933054,1000000.0,580266.5535328516,0.13319832606379362,1.5691,False,0.19
usa40b,ok,,0.05251958002345646,0.6918775374967117,4.517068550754695,1.7678399999999996,0.3913688668073535,0.3913688668073535,9.842629437730999,2.7169097808317253,0.07916311341862309,1.8374514948976102,13.26749966237646,24.94758059500507,11.68008093262861,0.05251958002345646,10.824691149749947,31.292800306969685,0.6567750766220369,28.27933387474688,1.5090665692355985,0.008632814418449488,15.487438986496967,1000000.0,810471.0340392779,19.637146304376575,0.7808474337919531,15.507024527958404,2.6681485498516175,0.009010831505145124,13.759200652913515,1000000.0,508594.24898908543,0.136291556,1.8584,False,0.19
usa41,ok,,0.03602239519547435,0.8566617197771198,3.6481824662522646,1.767840000000113,0.48458102530605995,0.48458102530605995,9.055800740178638,2.110461819289522,0.10533364917281103,1.7544893545328293,8.605770948388408,19.416061043099873,10.810290094711467,0.03602239519547435,12.05412977738706,31.292800304240952,0.4128280788528099,21.765166821561966,-0.6747782053144562,0.00733495987004008,17.304113148283463,1000000.0,1003500.5794538327,22.90149694410036,0.42914747967887507,14.500917514577269,-0.5169490640348492,0.0073078557157926945,17.055236572530628,1000000.0,734407.4429366521,0.06599380061993801,0.7967,False,0.19
usa45,failed,Maximum_Iterations_Exceeded,,,,,,,,,,,,,,,,,,,,,,,,,,,,,,,,,,,1.2
usa45m,ok,,0.046800992287652464,0.8473433207103377,3.688302237374172,1.7678399999999996,0.4793099605792028,0.4793099605792028,11.48733010598169,3.7614465838657307,0.07903901941608567,1.809867847018484,11.650382640850387,24.94758059385056,13.297197953000174,0.046800992287652464,11.345490319081573,31.29280030624164,0.5362736822208602,27.521164553076492,2.236065363462178,0.006957438330133521,15.528462061054316,1000000.0,992584.9302625601,20.89561463059629,0.6410571393592533,17.164072271906306,2.771176614225207,0.007307874406016415,13.722730135435468,1000000.0,662793.7413056265,0.11629999999999999,1.333956856187291,False,0.2
usa46,ok,,0.043365884087542536,0.8567571799491983,3.6477759845385584,1.7678399999999055,0.48463502350283066,0.48463502350283066,8.935632832747956,2.0294076687361264,0.10623805283836844,1.8225817608495578,10.649710682618508,21.40792527621602,10.758214593597513,0.043365884087542536,11.037904869178512,31.29280030571167,0.45512876858802676,23.68840345718366,1.6465435927137573,0.005149951834495127,18.036437126583856,1000000.0,1003612.4023312792,20.187306282185528,0.5495813970185434,14.11487227412729,2.5266472934094066,0.005884147698308359,15.626856163433853,1000000.0,647440.6494954553,0.06540302616563312,0.9808,False,0.2
usa48,failed,Infeasible_Problem_Detected,,,,,,,,,,,,,,,,,,,,,,,,,,,,,,,,,,,1.1
usa49,ok,,0.04752018665139003,0.8567571802063094,3.6477759834442534,1.7678399999999987,0.48463502364824307,0.48463502364824307,9.613182093187598,2.481107173298377,0.1062380551113645,1.8089813633566916,11.8581138047233,23.280277261267592,11.42216345654429,0.04752018665139003,11.738341782609576,31.292800306342837,0.4949346460244902,26.538905357305758,3.1566193366096424,0.008078698463933762,15.549640508650226,1000000.0,1003612.402652651,21.629745189540003,0.5082695935057306,15.43130524108521,3.2800178412372794,0.008189243565329317,15.292312074607421,1000000.0,693702.0760663219,0.0725,1.1540421404682273,False,0.21
usa50,failed,too few converged polar points,,,,,,,,,,,,,,,,,,,,,,,,,,,,,,,,,,,0.01
usa51,ok,,0.046099059800263,0.856757179088437,3.647775988203642,1.767839999999968,0.48463502301591344,0.48463502301591344,10.635148938204104,3.1624184138871687,0.10623804497385851,1.8105063004858015,11.447864127965847,23.893519366655752,12.445655238689906,0.046099059800263,11.412667838772375,31.292800306139824,0.5079720672086929,26.21161442552395,1.714197540930254,0.006389961353673226,16.173159892864653,1000000.0,1003612.4013366724,21.011926950507505,0.5868600802036804,16.01683301446779,2.3231777868009,0.006671480129280349,14.648081916199246,1000000.0,673887.6117575208,0.09330000000000001,1.2107832775919734,False,0.22
usa5,ok,,0.05421238897243195,0.8567571485702086,3.64777611813762,1.7678399999994603,0.484635005753049,0.484635005753049,9.338999971795314,2.2983190573944885,0.10623794391106099,1.8369503842363013,13.754863053524437,24.930813409556052,11.175950356031615,0.05421238897243195,11.044602681350238,31.292800077394997,0.5300247848226107,28.75652590776497,1.2012463411529375,0.00791976353675324,15.075703398834486,1000000.0,1003612.3582514286,20.04155506163721,0.5792555620798552,15.040156528969955,1.5138750255192528,0.007787185453762185,14.36650463789705,1000000.0,642766.1407316921,0.0638,1.3067605351170568,False,0.2
usa98,failed,airfoil 'usa98' not found in the aerosandbox UIUC database,,,,,,,,,,,,,,,,,,,,,,,,,,,,,,,,,,,0.0
usnps4,ok,,0.05075462885412165,0.710046556847202,4.401483586480565,1.7678399999999996,0.4016463915553456,0.4016463915553456,10.350240145493814,3.0498032392706076,0.08129375870941052,1.822517625044982,12.774822824169485,24.94758059470828,12.172757770538796,0.05075462885412165,10.594518027325192,31.29280030676248,0.6399691940212284,28.05912323576731,-0.06465955646792114,0.008322852380361637,15.520891324520395,1000000.0,831754.3726340522,19.37707466077995,0.8143892771496648,15.870939268549508,1.7445664132155743,0.007546186272277938,13.385866779822017,1000000.0,515037.53003777313,0.11941016912378302,1.7852578595317727,False,0.21
v13006,ok,,0.04190035376604936,0.856757179534794,3.6477759863017267,1.7678399999996093,0.48463502326849905,0.48463502326849905,8.926836560540197,2.0235434913003343,0.10623804906676255,1.7907339140594862,10.260063081205201,20.977633555804886,10.717570474599682,0.04190035376604936,12.004008106806264,31.292800305459085,0.44598084166138535,24.027256524125086,3.418946511503742,0.007944601990289454,16.37873737594203,1000000.0,1003612.40183791,22.34467111046833,0.4468862373272728,14.796000858130833,3.427503334198711,0.007952401670756762,16.360208769187967,1000000.0,716630.9445800263,0.059767160562244286,0.9409866220735785,False,0.21
v13009,ok,,0.05341858363500657,0.774642676549699,4.034451444787512,1.7678399999999996,0.4381859651041379,0.4381859651041379,9.584070522624625,2.518401637560821,0.08050298975436956,1.8097196295111997,13.553790443009866,24.94758059514569,11.393790152135825,0.05341858363500657,11.266579708114321,31.29280030706992,0.5866032642638159,26.527265973223578,4.119634520614772,0.00780607115015141,15.448441720446073,1000000.0,907422.7981844018,20.751980075420843,0.609191775953761,14.10730441740157,4.342793919415767,0.007928539395743502,15.055872944243907,1000000.0,601762.0552690175,0.08999546127798719,1.553,False,0.21
v23010,ok,,0.05086120088798485,0.8064193251901172,3.875475410839397,1.7678399999999996,0.45616080934367215,0.45616080934367215,10.319589379351456,2.9978060158106516,0.0798306343830546,1.7849168330650902,12.843074382305721,24.947580594722268,12.104506212416545,0.05086120088798485,11.19443661742981,31.292800306775405,0.5634883844032772,28.051688314274404,3.7491958527832354,0.007617478750325662,15.398204307052149,1000000.0,944646.2255686971,20.90561758033758,0.61258515101073,15.962929169094426,4.088556503742742,0.00778714483093185,14.573703464564728,1000000.0,631084.8676643566,0.10179771656744835,1.4524,False,0.21
v43012,ok,,0.05004209162390542,0.7504791868010772,4.164350351835117,1.7678399999999996,0.42451759593689326,0.42451759593689326,10.555170193412836,3.1737709594585137,0.08105237131237698,1.8221407708008441,12.570269630357268,24.94758059457095,12.377310964213681,0.05004209162390542,11.240757961627015,31.2928003066747,0.6054903729443128,28.10359073653012,3.392720183895452,0.008498708551611287,15.276438907974336,1000000.0,879117.4876793607,20.563281282024878,0.6956793868042022,16.28616036573516,3.958851337926886,0.008820576270848528,13.934751937389724,1000000.0,577690.0757341882,0.1204,1.6352,False,0.21
v43015,ok,,0.04457802607811653,0.7709585033616658,4.0537308453992145,1.7678399999999996,0.4361019681428557,0.4361019681428557,12.126668729129168,4.214701875604128,0.08058448307461144,1.8016008001508943,11.019311063952964,24.947580593233027,13.928269529280062,0.04457802607811653,11.568722432917458,31.292800305908003,0.5894064605547379,27.307883478073695,3.374070892329869,0.008836507414601227,15.056517650445327,1000000.0,903107.1273977788,21.4045243022178,0.7033335208743081,17.776888919271446,4.182316064126019,0.009569494857011404,13.338675102811589,1000000.0,617732.4581668167,0.1503,1.5652,False,0.22
vr11x,ok,,0.04859169212264871,0.785129522010966,3.9805639426157615,1.7678399999999996,0.4441179756148555,0.4441179756148555,10.972313925246667,3.4403439725087464,0.0802750798284319,1.8089157185210474,12.166350950507981,24.947580594275696,12.781229643767714,0.04859169212264871,11.157036423215592,31.292800306487663,0.5787681012672554,28.050623896478115,2.607427946727928,0.008799785254889135,15.008582590474346,1000000.0,919707.1751331633,20.559344490148458,0.6869404965943183,16.756786604405665,3.574640699998027,0.009400283947890475,13.383347018728431,1000000.0,604246.8701563872,0.10971,1.5189,False,0.22
vr12,ok,,0.0502189714453608,0.772162561715698,4.047409730220364,1.7678399999999996,0.43678305826075786,0.43678305826075786,10.50429847927646,3.132718942063146,0.0805577943117026,1.8223748289524742,12.62090728637567,24.947580594604606,12.326673308228935,0.0502189714453608,11.345082990821444,31.292800306696677,0.5884873797732842,27.86941392758097,3.077060925474285,0.008382976025813655,15.227847907715585,1000000.0,904517.5712727256,20.75146270785349,0.6612200808776434,16.07253720917881,3.7665416845357225,0.008685728789105295,14.101235595020892,1000000.0,599820.4847409381,0.10565,1.5612,False,0.22
vr13,ok,,0.051781831092896524,0.7779335823861474,4.017384435331776,1.7678399999999994,0.44004750564878475,0.44004750564878475,10.05481052427054,2.831119381025695,0.08043081039505491,1.8284776378076462,13.06429243280618,24.947580594884364,11.883288162078186,0.051781831092896524,11.34347833028289,31.292800306884775,0.5841217463693158,27.752874497680335,3.397944104177627,0.008024533276753754,15.346371778275996,1000000.0,911277.7923241461,20.679276384048425,0.6371324883795046,15.47329947055469,3.9036030007718074,0.008279950754872062,14.474555043205356,1000000.0,602201.3097361082,0.09450800000000001,1.5422,False,0.2
vr14,ok,,0.05369350788828964,0.7930318230128052,3.940898933572181,1.7678399999999905,0.44858800740610544,0.44858800740610544,9.50500049090356,2.4594196287517187,0.08010692865921266,1.7418923229603132,13.700687696594466,24.947580510458337,11.246892813863873,0.05369350788828964,10.79445245792062,31.292800191592526,0.5730008699812514,26.973020824990034,3.776037317581947,0.007665391763334188,15.43166210998865,1000000.0,928963.99206564,20.656562818945574,0.592832689595035,14.214551562156206,3.965894671225228,0.007771236699777657,15.080073825044346,1000000.0,613214.6353523816,0.07958599999999999,1.4938,False,0.21
vr15,ok,,0.05209981211274343,0.8336829749431113,3.7487370613670654,1.7678399999999976,0.47158282137699814,0.47158282137699814,9.963357245944861,2.7505173946746746,0.07929461556062559,1.8309652468182118,13.153258102187676,24.94758059495075,11.794322492763072,0.05209981211274343,11.491372117029576,31.29280030691744,0.5450608161140009,28.04301114302655,3.8429877407372235,0.007746553282283944,15.235430069038543,1000000.0,976583.0889764489,20.920426419887697,0.5765504544694185,15.556974687271568,4.144190735946561,0.007914142512172498,14.679581070666911,1000000.0,652882.9141354334,0.079557,1.3722,False,0.22
vr1,ok,,0.046444333738510035,0.8550945821519028,3.6548685149364615,1.7678399999999261,0.48369455502304426,0.48369455502304426,11.589907238401935,3.814560325645909,0.0912595877174237,1.7949036104466423,11.562769705990473,24.94758055483905,13.384810848848577,0.046444333738510035,11.587897037983605,31.292800306190074,0.5314124676710203,27.5883085388343,3.495320571335535,0.00784503565200664,15.108748747405961,1000000.0,1001664.8216218378,21.519998753767958,0.6028647891222885,17.448489003704584,4.085953122171422,0.00912797091754179,13.609226478458723,1000000.0,688842.9767255813,0.10966168947499377,1.3128,False,0.22
vr5,ok,,0.049070852275943516,0.7982493453134557,3.91514040562448,1.7678399999999996,0.4515393617711195,0.4515393617711195,10.83450454630223,3.3439456262928364,0.07999839004356935,1.8349850863919794,12.278090961680263,24.94758059437447,12.669489632694209,0.049070852275943516,11.267455304185233,31.29280030655093,0.5692556158936882,27.03911191420324,2.3733726319042137,0.005936294826875876,16.16752727134827,1000000.0,935075.8439845874,20.467841742045167,0.6757448844419324,16.135835265140017,3.3103562549960945,0.006046895069883241,14.287245782462076,1000000.0,611609.833699646,0.12,1.4775,False,0.22
vr7,ok,,0.04791107681066832,0.8161705059514127,3.829173246044797,1.7678399999999987,0.46167668225145564,0.46167668225145564,11.168063035068354,3.5599934225980925,0.07963478574225497,1.800818185123689,11.978699374007798,24.94758059419984,12.968881220192042,0.04791107681066832,11.241468856194642,31.292800306369585,0.5567561182264716,26.90453480580082,2.168617305566922,0.005917503822198774,16.115322509196254,1000000.0,956068.8388460092,20.808076664001707,0.6545819950104524,16.445761135843806,2.8113407789343823,0.006174806063141123,14.307584845295883,1000000.0,635735.8082370621,0.12029999999999999,1.4231,False,0.21
vr7b,ok,,0.05010285612516732,0.7744024469418811,4.0357029835606255,1.7678399999999996,0.4380500763315013,0.4380500763315013,10.537693952694585,3.1542313204017036,0.08050828601097174,1.8219517818949216,12.587934859992314,24.947580594581822,12.359645734589506,0.05010285612516732,11.372469729864399,31.292800306682285,0.5867852361489372,27.29158875944877,3.2666451452595573,0.006167515963927414,16.145987197280224,1000000.0,907141.391236093,20.806386211524686,0.6575856221163423,15.946858297611497,3.8465107223380186,0.0064377571579736755,14.832626282880573,1000000.0,603152.6085726348,0.12029999999999999,1.5537919732441472,False,0.2
vr8,ok,,0.0465887144149218,0.8567571800216499,3.6477759842304733,1.7678399999999996,0.48463502354378796,0.48463502354378796,9.765396847996591,2.582583678196659,0.10623805348832942,1.7975470419309874,11.601651036582666,23.164594926510244,11.562943889927578,0.0465887144149218,11.775470480643246,31.292800306211177,0.4924752598155427,25.236907525525808,2.9689662821105762,0.005534274518989833,16.952995511962474,1000000.0,1003612.4024321163,21.83618417387588,0.504851308360425,15.108516875867746,3.091997319841776,0.005724261443542928,16.58721101441993,1000000.0,700322.9191458425,0.0815,1.1433384615384614,False,0.2
vr8b,ok,,0.04856195640035346,0.8567571802552149,3.647775983236034,1.7678399999999996,0.4846350236759068,0.4846350236759068,9.776870426885363,2.5902327286548097,0.10623805553497787,1.8107485108395924,12.155965983312582,23.743584921037538,11.587618937724956,0.04856195640035346,11.785239137863138,31.292800306484104,0.5047844862664406,26.535752368990234,3.773824996545597,0.006969617619222605,15.93637248298539,1000000.0,1003612.4027144694,21.69496770223981,0.5125364471444288,15.413839107481126,3.837351064334944,0.007082891966462194,15.74472793036589,1000000.0,695793.871088811,0.0815,1.1969103678929767,False,0.2
vr9,ok,,0.032758092247753175,0.8558500652117638,3.6516422591224695,1.7678399999999994,0.4841219031200584,0.4841219031200584,8.73356900668654,1.9034295739448839,0.09786605108029416,1.7312267954097382,7.690200094211847,18.154995896308126,10.464795802096278,0.032758092247753175,12.53345287650156,31.2928003033753,0.38638114715020033,20.899462148110597,3.1451686227143565,0.008033951644363598,17.177546270695032,1000000.0,1002549.8005973127,24.132122010690892,0.3744970175849097,14.827184847840178,3.023233357403977,0.007827880319835289,17.490446050763754,1000000.0,773138.0341566493,0.0606,0.6815983277591973,False,0.19
w1011,ok,,0.04952470927269509,0.8203346412133536,3.809735818272209,1.7678399999999985,0.46403217554380166,0.46403217554380166,10.703972509343542,3.2491066510103073,0.07955259633185567,1.81182471063422,12.43178337452217,24.947580594499932,12.515797219977761,0.04952470927269509,11.710867808713425,31.29280030659885,0.5539299450180059,27.831680069047803,4.753982398744951,0.007702849452774642,15.306897449765293,1000000.0,960946.7411242676,21.545255343923596,0.5862333127357423,16.39083895560418,5.029859200382772,0.007936659282820698,14.714214554007022,1000000.0,661616.8162191507,0.10998391227110715,1.4108,False,0.2
w1015,ok,,0.04170927722809249,0.7762484601718578,4.026105591094714,1.7678399999933758,0.4390942959627378,0.4390942959627378,11.995843417936742,4.1257098499307165,0.08046767856673487,1.7802988734778908,10.215543345493487,23.99168563690812,13.776142291414633,0.04170927722809249,11.917648445260927,31.29280030535621,0.5629599131983527,26.16496379654082,5.147293571315216,0.00805308303191482,15.684127778136828,1000000.0,909303.8262711224,22.313947062119382,0.6357412467162212,17.575623279093126,5.761263728338169,0.008587018794703019,14.418678672095512,1000000.0,648396.9873199068,0.14994750110497237,1.4501,False,0.2
waspsm,ok,,0.052903845048709916,0.7875829835518333,3.9681637755881196,1.7678399999999996,0.4455058057017793,0.4455058057017793,9.732112475657102,2.6127034832525733,0.08022264208393991,1.840099586923098,13.37536853248595,24.94758059506615,11.5722120625802,0.052903845048709916,11.058397061882102,31.29280030701295,0.5769651353474395,27.470947042940224,1.7064697120958208,0.005889099407567743,16.225538927555256,1000000.0,922581.180162841,20.03224379895887,0.6530811988617193,15.075001800577093,2.447673878416848,0.006286251121749611,14.741898719427448,1000000.0,590594.9913089566,0.09353107142857142,1.5110531772575253,False,0.19
wb13535sm,failed,Infeasible_Problem_Detected,,,,,,,,,,,,,,,,,,,,,,,,,,,,,,,,,,,0.7
wb140,failed,Maximum_Iterations_Exceeded,,,,,,,,,,,,,,,,,,,,,,,,,,,,,,,,,,,1.24
whitcomb,ok,,0.051653070361624955,0.7555601424889343,4.136346122368107,1.7678399999999994,0.4273916997516374,0.4273916997516374,10.091842894949638,2.863235636597068,0.08093393430636023,1.827184896122266,13.028552803791083,24.947580594862984,11.919027791071905,0.051653070361624955,11.03875091382864,31.29280030686973,0.6014185994590617,29.48441807542979,1.890995837241321,0.011707536002838219,14.106214463618278,1000000.0,885069.3609384961,20.13799285311441,0.6938182922611607,16.30360303082911,2.7139470242635144,0.01237261211178474,12.96050810216455,1000000.0,569572.5627078878,0.1096,1.6174789297658863,False,0.2
ys900,failed,too few converged polar points,,,,,,,,,,,,,,,,,,,,,,,,,,,,,,,,,,,0.01
ys915,failed,Infeasible_Problem_Detected,,,,,,,,,,,,,,,,,,,,,,,,,,,,,,,,,,,0.72
ys920,failed,Infeasible_Problem_Detected,,,,,,,,,,,,,,,,,,,,,,,,,,,,,,,,,,,0.61
ys930,failed,Infeasible_Problem_Detected,,,,,,,,,,,,,,,,,,,,,,,,,,,,,,,,,,,0.34
zv15_35,ok,,0.044984728090545927,0.7910018209903873,3.9510127317873494,1.7678399999999994,0.44743971229884355,0.44743971229884355,12.009698752918768,4.129919296133146,0.080150105203227,1.7773215737567412,11.160560266675816,24.947580593351326,13.787020326675508,0.044984728090545927,11.829142709628227,31.29280030597168,0.5744713989815874,27.886411944481075,5.571852026404179,0.009810333356489296,14.59825136095351,1000000.0,926586.0344073279,22.185335665180833,0.6316365350446592,17.77976847775917,6.096938051114691,0.009891561198282441,13.850109699699736,1000000.0,656912.1968950953,0.15648753445845848,1.5002,False,0.19
