airfoil,status,error,time_s,score,wing_area_m2,aspect_ratio,span_m,root_chord_m,mean_aero_chord_m,empty,wing,tail,sensor,container,total_M2,total_M3,M2_score,M3_score,velocity_mps_M2,CL_M2,drag_N_M2,alpha_deg_M2,CD_profile_M2,L_over_D_M2,Re_assumed_M2,Re_actual_M2,velocity_mps_M3,CL_M3,drag_N_M3,alpha_deg_M3,CD_profile_M3,L_over_D_M3,Re_assumed_M3,Re_actual_M3,t_over_c,CL_max_polar,Re_clamped
2032c,failed,Maximum_Iterations_Exceeded,2.28,,,,,,,,,,,,,,,,,,,,,,,,,,,,,,,,,,
a18,ok,,0.32,28.16352056303542,0.6493355508834623,4.813009639311174,1.767839999985727,0.3673044794148253,0.3673044794148253,5.41860615098371,0.5124219350324514,0.0728778775770225,3.000000029985963,3.047956870496915,11.466563051466588,8.418606180969672,0.0205059592112061,28.16352056303542,30.51503771234227,0.3382537175037681,16.638669830526407,-2.399615962066955,0.0063986469682535,11.422609270589817,1000000.0,741731.8536996652,31.292800312813327,0.2361502845339705,17.440723345385774,-3.306496557270291,0.0068248159942223,10.809992836225437,1000000.0,760637.0014115532,0.07345,1.4662521739130434,False
a18sm,ok,,0.32,28.163520563250675,0.6757643686440277,4.624775159233374,1.7678399999999783,0.3822542586682256,0.3822542586682256,5.616403276011544,0.5432418499769948,0.0790096982257067,3.00000002999894,3.6173978280108208,12.233801134021304,8.616403306010483,0.0225240084821657,28.163520563250675,30.633805113307787,0.3440888148394385,17.679537883016103,-1.414236353629418,0.0061246533128711,11.334354998594865,1000000.0,774925.7139682593,31.292800312917144,0.2322459718601445,17.8399164005766,-2.4161610668931384,0.006492105756921,10.937452023925893,1000000.0,791595.9357598413,0.0728203571428571,1.5364234113712374,False
a63a108c,ok,,0.33,28.16352056325046,0.7076554812184694,4.41635562578942,1.7678399999999737,0.4002938508114309,0.4002938508114309,5.645693395119486,0.616221290110907,0.0849299450168685,3.0000000299989367,3.36300067084919,12.008694095967613,8.645693425118424,0.021649272765269,28.16352056325046,30.62131595576444,0.3227992549561327,18.363103610955392,2.8817079378384074,0.0070321742914328,10.49628474665398,1000000.0,811165.6727447858,31.29280031291693,0.2225335093863393,17.66526634443063,2.0161788477113247,0.0059552119720978,11.215225396800715,1000000.0,828953.4471531115,0.07735,1.4152695652173912,False
ag03,ok,,0.32,28.1635205632504,0.7273065412432183,4.297030326482098,1.7678399996523757,0.4114097098075811,0.4114097098075811,5.555691410761872,0.5382396125309613,0.089545162437235,3.000000029998935,3.301738731744193,11.857430172505,8.555691440760807,0.0213983096875811,28.1635205632504,30.56057930509315,0.3113552801796532,16.45749616102202,0.9938789264018316,0.0045990483940258,12.376873307404315,1000000.0,832037.5265343089,31.292800312916885,0.2142668969159673,16.29532321794268,0.0958521633892062,0.004087098313431,13.62005750591764,1000000.0,851972.860552162,0.0623658465863372,1.3752093645484949,False
ag04,ok,,0.32,28.163520563250405,0.7359099864211553,4.246794204812169,1.767839999999085,0.4162763521707486,0.4162763521707486,5.482873964012331,0.533501981593596,0.0830861863909119,3.000000029998935,3.085759259084777,11.568633253096042,8.482873994011266,0.0206663409663089,28.163520563250405,30.56267260363253,0.3001794907534672,16.4733230021999,1.054510025417721,0.0046269641705637,12.372174735259424,1000000.0,841937.5199542735,31.29280031291689,0.2099596208595397,16.82328950309587,0.262323365210188,0.004244653353368,13.261829647016503,1000000.0,862051.0067810669,0.0642289285527999,1.3073591973244147,False
ag08,ok,,0.33,28.16352056321752,0.7656686046311141,4.081737512413263,1.7678399999999823,0.4331096731780713,0.4331096731780713,5.438185665105325,0.5347321387171196,0.0925452625716106,3.0000000299970835,2.8727314387877763,11.310917133890186,8.438185695102408,0.0199555041916511,28.16352056321752,30.58194277730555,0.28173003948782,15.931926294803567,0.8276039020477531,0.0044033783264038,12.48709188024063,1000000.0,876535.9831532848,31.29280031289966,0.2007362002299235,16.45232783032052,0.102623262361881,0.0041231927713037,13.180820569602382,1000000.0,896910.496747179,0.0582894921849305,1.2131,False
ag09,ok,,0.32,28.16352056271853,0.7703759458331004,4.056796272652522,1.7678399999991186,0.4357724374567181,0.4357724374567181,5.345412359430399,0.4897283334907344,0.0927225455600851,3.000000029970196,2.758586440862885,11.103998830263482,8.345412389400595,0.0195604921141794,28.16352056271853,30.57077112921208,0.2750870993550135,15.77256271725059,0.9222401920907508,0.0045066035345651,12.386977813144544,1000000.0,881602.7694995841,31.29280031262569,0.1973161116655212,16.797926692604566,0.1937910355913774,0.0046565221874886,12.25441592190616,1000000.0,902424.7149149128,0.0486233395661265,1.1837471571906353,False
ag10,ok,,0.32,28.1635205632504,0.7544998528289414,4.142158880156461,1.767839999963838,0.4267919341367856,0.4267919341367856,5.31128317837749,0.4644878107433393,0.0887165478237013,3.000000029998935,2.891870786715564,11.203153995091988,8.311283208376425,0.0201034426180965,28.1635205632504,30.70857953123996,0.280845848305034,16.498235822032594,1.13231240487228,0.0051001668588207,11.865209685063949,1000000.0,867326.7191272058,31.292800312916885,0.20064409464758,16.87581993031718,0.3954231169003845,0.004582659138454,12.508847314318722,1000000.0,883827.3291050233,0.0472716274081538,1.2347826086956524,False
ag11,ok,,0.32,28.163520563250405,0.6505173856682925,4.804265549918959,1.767839999997037,0.3679729985006464,0.3679729985006464,5.4928177271183145,0.4461378946169376,0.0752905808965377,3.000000029998935,3.5032506726960064,11.996068429813256,8.49281775711725,0.0221048035954607,28.163520563250405,30.59135214896525,0.3514705958195483,16.592928929502417,1.2068361102264933,0.0049341312632762,12.527280708865607,1000000.0,744940.2143103658,31.29280031291689,0.237799182470092,17.524410387986038,0.147054524831013,0.0059914329105464,11.70918778073191,1000000.0,762021.4123900468,0.0581233511357115,1.5691822742474917,False
ag12,ok,,0.28,28.16352056084576,0.7448651942339519,4.195736745079812,1.767839999993892,0.4213419733892917,0.4213419733892917,5.450977753093,0.5105158232559971,0.0905063102687711,3.0000000298679224,3.043258733242432,11.494236516203356,8.450977782960923,0.0205762454681146,28.16352056084576,30.643435350386948,0.2931121786721136,15.987909563488826,0.6868292352477966,0.0044257197023076,12.56066250995919,1000000.0,854434.8833273257,31.292800311611643,0.20665539097221,16.926117208862575,-0.1385902602670254,0.0048968639661118,12.16080041227372,1000000.0,872541.2107849575,0.0623550323749046,1.2805003344481605,False
ag13,ok,,0.24,28.16352056321551,0.7491972336525897,4.171475981515887,1.7678399999999783,0.4237924436898129,0.4237924436898129,5.414322039550594,0.4954074898224255,0.090813020690553,3.0000000299964897,2.981001809929316,11.3953238794764,8.414322069547083,0.0203522230558977,28.16352056321551,30.625305325997324,0.2892517343525367,15.812652327585166,0.5394451046393084,0.0042961812132027,12.697804963189997,1000000.0,858895.7039806134,31.292800312903623,0.2045692846029894,16.81829078521025,-0.2733713705031575,0.0047408996036881,12.339770500198812,1000000.0,877615.7973994288,0.058339342499368,1.260864882943144,False
ag14,ok,,0.23,28.163520563220185,0.7316663276972462,4.271425576513869,1.7678399999999987,0.4138758754735986,0.4138758754735986,5.337547151187627,0.4571210648425829,0.0805669728063123,3.0000000299966576,2.817231709841751,11.154778891026035,8.337547181184284,0.0198765277874402,28.163520563220185,30.75152548279452,0.2875549753247123,15.803088648694413,0.4332313059049097,0.0042026874684186,13.012346881481236,1000000.0,842254.9488015524,31.292800312907065,0.2075595384096026,17.107336069051613,-0.335291213873386,0.0045957370640802,12.713626229998676,1000000.0,857079.9500711345,0.0536969587400309,1.2692739130434785,False
ag16,ok,,0.2,28.1635205632504,0.7564624523261978,4.131412280119513,1.7678399998274097,0.4279021022264739,0.4279021022264739,5.552991441885167,0.5731405073675166,0.0898698915076788,3.000000029998935,2.995750394173398,11.5487418660575,8.552991471884102,0.0204015050543348,28.1635205632504,30.623947379257444,0.290356315045455,16.316551186031965,0.5060462749439292,0.0049610170866031,11.92108691008173,1000000.0,867186.2525350524,31.292800312916885,0.2059435159611503,16.939662896370425,-0.2729818394840696,0.0051639208243439,11.708326653510106,1000000.0,886126.3343557934,0.0711355291525587,1.2612759197324417,False
ag17,ok,,0.2,28.163520563250405,0.7477417072438902,4.1795960226784565,1.7678399999964256,0.4229691076372308,0.4229691076372308,5.5237199681469225,0.5318214898566459,0.0887253401919088,3.000000029998935,3.0821958993651646,11.60591589751102,8.523719998145857,0.0205570013796407,28.163520563250405,30.41878534750027,0.2991922882324074,15.75387771853199,0.5120137515703536,0.0043221506735266,12.574272641426075,1000000.0,851446.3962570749,31.29280031291689,0.2076323550324809,16.715854634112997,-0.3617489006000651,0.0049862100802635,12.02371889828544,1000000.0,875910.781802959,0.0648808448626899,1.2953060200668898,False
ag18,ok,,0.2,28.163520563251264,0.7264061496661431,4.3023565632482175,1.7678399999999994,0.4109003923806132,0.4109003923806132,5.376866072304279,0.4803682204802548,0.0902318602332734,3.0000000299989567,2.943692509232095,11.32055861153533,8.376866102303236,0.0201282137066069,28.163520563251264,30.478346947417755,0.2992346257815422,15.44490967881353,0.4091044109614882,0.0042093583782418,12.931312741883538,1000000.0,828771.4062475298,31.29280031291762,0.2100484696413004,16.66719773728031,-0.4443559700024148,0.0048826333779272,12.341893242247377,1000000.0,850918.1342906511,0.0586673146124536,1.2937428093645484,False
ag19,ok,,0.2,28.163520563250504,0.7488777730609103,4.173255473755022,1.767839999999976,0.4236117369563538,0.4236117369563538,5.347634135185291,0.478155244573069,0.0913714401026977,3.0000000299989376,2.79892914014651,11.146563305330735,8.347634165184228,0.0196622432295188,28.163520563250504,30.5160114692746,0.2850892392533951,15.498188435804373,0.2119138351058303,0.0041630500864256,12.89871836872666,1000000.0,855465.5961537573,31.29280031291697,0.2030345407134237,16.95495358170773,-0.5764685585604329,0.0048057707467988,12.231931812824852,1000000.0,877241.5786369592,0.0540206694305156,1.2284090301003343,False
ag23,ok,,0.2,28.1635205632504,0.6567997860675314,4.758311933583847,1.7678399984219308,0.3715267143258588,0.3715267143258588,5.475848804488437,0.5691444418796195,0.07563882662678,3.000000029998935,2.914553093901129,11.3904019283885,8.475848834487373,0.0200988853014611,28.1635205632504,30.58387741623178,0.330694731259402,15.13870119764158,0.328720820350139,0.0050267555216535,12.568941430286715,1000000.0,751950.7304478479,31.292800312916885,0.235054007395078,15.440631081843224,-0.5411446643048263,0.005087302483342,12.78304639022265,1000000.0,769380.6685403492,0.0889740046357436,1.4195892976588629,False
ag24,ok,,0.19,28.1635205632504,0.6521483977602909,4.792250142461862,1.7678399961741529,0.3688956009433145,0.3688956009433145,5.420335686669926,0.5377147627030117,0.0747445258159126,3.000000029998935,2.865807282209275,11.286142998878136,8.42033571666886,0.0199326105677375,28.1635205632504,30.582916478738586,0.3300256061140724,14.982094513461517,0.3322449344996269,0.0048852782432821,12.76836711238546,1000000.0,746602.0351415171,31.292800312916885,0.235180026423789,15.469552478418937,-0.5420042568829182,0.005049666910165,12.877221378883716,1000000.0,763931.9950124158,0.0841406644832195,1.4181060200668896,False
ag25,ok,,0.19,28.16352056325048,0.6815335160007716,4.585626667249424,1.7678399999992649,0.3855176463939355,0.3855176463939355,5.437002130190968,0.5305833397143775,0.0796315072072745,3.000000029998936,2.945670464443612,11.382672624633516,8.437002160189904,0.0201698885930258,28.16352056325048,30.53129121550021,0.3195751502304916,15.424844346600546,0.0999582992205461,0.0047791307292743,12.62541718325832,1000000.0,778926.0492864457,31.29280031291696,0.2254853873124725,16.128896022380818,-0.7592339066314406,0.0051022004327483,12.494145475145915,1000000.0,798353.9623923735,0.0758189626503084,1.3739769230769232,False
ag26,ok,,0.19,28.163520563250405,0.6753697641356932,4.627477319135704,1.767839999990935,0.382031045874715,0.382031045874715,5.366033538767246,0.4872086143014112,0.078741116909648,3.000000029998935,2.92732916587545,11.293362734641631,8.36603356876618,0.0201081568391194,28.163520563250405,30.532033158886904,0.3199458866515906,15.18735075698889,0.0883025980977216,0.0047583916254544,12.714259909481353,1000000.0,771900.2422322178,31.29280031291689,0.2256292758293196,15.981241701589228,-0.7764658446241289,0.0052208814545273,12.381132960567037,1000000.0,791133.692799434,0.0684319150518918,1.3873565217391304,False
ag27,ok,,0.2,28.1635205632504,0.7028510245754581,4.446544368755954,1.7678399999435346,0.3975761520261491,0.3975761520261491,5.469725296436315,0.4760320237359947,0.0829104275496138,3.000000029998935,3.3399355609359715,11.809660887371225,8.469725326435249,0.0215645660829733,28.1635205632504,30.61247105164049,0.3198038500484774,16.70689591825628,0.0664651659803608,0.0049240070347831,12.244661166115351,1000000.0,805425.7457959837,31.292800312916885,0.2194944302790957,17.4593816781317,-0.857262380823785,0.005425015627487,11.85549857696954,1000000.0,823325.4671783581,0.0611322634140984,1.4169304347826086,False
ag35,ok,,0.2,28.1635205632504,0.6459536655383228,4.838208112152123,1.7678399997403365,0.3653914752654095,0.3653914752654095,5.473468044085117,0.5650005551870397,0.0717146683335837,3.000000029998935,2.830827962059585,11.304296036143636,8.473468074084053,0.019856283618395,28.1635205632504,30.64857217687618,0.3322981928019149,14.627905241179311,-0.8075838928439979,0.0051987573995485,12.519977961187664,1000000.0,741097.6773533963,31.292800312916885,0.2389336352457321,14.790561894244837,-1.602446287028623,0.0053482244939629,12.5470509447522,1000000.0,756675.4332289438,0.0872261212472222,1.4507933110367894,False
ag36,ok,,0.19,28.163520563250405,0.7323000436120671,4.267729181227256,1.7678399999822414,0.4142343445218025,0.4142343445218025,5.727485810283815,0.6517062391819144,0.0871415216774683,3.000000029998935,3.634224875198569,12.36171071548132,8.72748584028275,0.0226684695042504,28.163520563250405,30.752081585057496,0.3183807472500108,17.025854800828252,-0.7041643426451094,0.0050801301292585,11.808836025813848,1000000.0,842999.6928110175,31.29280031291689,0.2170788704856949,16.710812381521738,-1.5959261783290268,0.0052181171008981,11.896896364519725,1000000.0,857822.2901113615,0.0817425396106901,1.4005066889632107,False
ag37,ok,,0.19,28.1635205632504,0.6350548796448106,4.921241199475949,1.7678399920909929,0.3592264472384011,0.3592264472384011,5.44264903714746,0.5136439046742699,0.0720652445332119,3.000000029998935,3.066661612989329,11.509310680135725,8.442649067146395,0.0206383871001099,28.1635205632504,30.617412809839365,0.3448318675767321,15.310100606096698,-0.2784804617776963,0.0051995375591278,12.543683240792028,1000000.0,727852.8507253067,31.292800312916885,0.2421502593825028,15.329427778533612,-1.205536815579048,0.0050604444267863,13.054590782307937,1000000.0,743908.5090695427,0.0773968750059376,1.5123207357859532,False
ag38,ok,,0.2,28.1635205632504,0.7221686233034408,4.32760184278964,1.7678399998339296,0.4085033845660699,0.4085033845660699,5.598496409058373,0.5918360745540794,0.0871678345592156,3.000000029998935,3.859880990529792,12.4583774295871,8.598496439057307,0.0232292144836278,28.1635205632504,30.47617440113225,0.3312899687872359,16.872577569859228,-0.1325982978038093,0.0050415130601522,11.822333583551826,1000000.0,823877.995598461,31.292800312916885,0.2168709393908321,15.87383256334689,-1.1861586479442945,0.0046394515429516,12.782270277632485,1000000.0,845954.2611592032,0.0703961080397354,1.5001364548494982,False
ag44ct02r,ok,,0.2,28.1635205632504,0.7010191130673196,4.4581641318069405,1.7678399999965602,0.3965399091935263,0.3965399091935263,5.552979964129813,0.5415009669842905,0.0829809860238443,3.000000029998935,3.316314729735861,11.86929472386461,8.552979994128748,0.0215045770862948,28.1635205632504,30.6414738876598,0.3216488994159625,16.790551326006256,1.0799609580566716,0.0048165145654049,12.348214588133374,1000000.0,804087.5701785735,31.292800312916885,0.2222312133535328,16.927511222081648,0.2680642739125473,0.0045079865773423,13.187290662615329,1000000.0,821179.5509559403,0.0728824492939616,1.4161083612040135,False
ag455ct02r,ok,,0.2,28.163520563250405,0.7127372883292806,4.384867070615803,1.767839999998604,0.4031684362441417,0.4031684362441417,5.504695630094076,0.5072410798947188,0.0882038627591927,3.000000029998935,3.488501323886741,11.99319698397975,8.50469566009301,0.0221161456667688,28.163520563250405,30.67662317458251,0.3189309754674542,16.990711510602864,1.2741481540757336,0.0049846238205444,12.090811346855546,1000000.0,818466.428068773,31.29280031291689,0.2173435502783618,16.759117771413266,0.382724551648004,0.0045384354450609,13.016753072070273,1000000.0,834906.3177724103,0.0647310605166749,1.4205822742474916,False
ag45c03,ok,,0.2,28.163520563250405,0.6963159321232962,4.4882762571144434,1.7678399999998593,0.3938794982144038,0.3938794982144038,5.501662054757363,0.5029625509161991,0.0855963541059398,3.000000029998935,3.4408662093692755,11.942528294125571,8.501662084756298,0.0218302779931918,28.163520563250405,30.50404939910671,0.3287617423396672,17.027480730364974,2.1896554944836613,0.0050241175777368,12.139318111066654,1000000.0,795110.8246196504,31.29280031291689,0.2223898526994651,17.078576713265672,1.255353489675393,0.0046612432887608,12.99235237383793,1000000.0,815670.2061395834,0.0692813914898118,1.446720066889632,False
ag45ct02r,ok,,0.2,28.163520563250906,0.7072896735070282,4.418639749261001,1.7678399999999972,0.4000869272711497,0.4000869272711497,5.517926856192118,0.5224820154850489,0.0840959613783499,3.00000002999895,3.294923292535206,11.812850178726276,8.517926886191068,0.0214305799290793,28.163520563250906,30.63980440735035,0.3173158159683971,16.777351105640605,1.2316580847707708,0.0048847469133298,12.257120216265308,1000000.0,811235.8677470607,31.292800312917286,0.2193582894747057,16.885460733241366,0.3933289051351433,0.0045235563990209,13.095967609590907,1000000.0,828524.9369932334,0.0689434331961068,1.399569230769231,False
ag46c03,ok,,0.2,28.16352056325045,0.7086681793390648,4.410044583227515,1.7678399999999852,0.4008666957072307,0.4008666957072307,5.416339862488893,0.4822818935981517,0.0844216928863987,3.000000029998936,3.2011938306861825,11.617533723174011,8.41633989248783,0.0211090920565276,28.16352056325045,30.63633112862555,0.3115328279513408,16.30147468035831,2.28805074573479,0.0048049149664613,12.373837660917223,1000000.0,812724.8248378464,31.292800312916928,0.2163205576848707,16.405110377138353,1.4343436327482024,0.0044234750534931,13.22848470623996,1000000.0,830139.7300552712,0.0602466213627241,1.3753408026755851,False
ag46ct02r,ok,,0.2,28.16352056325073,0.7038562565303006,4.440193912612395,1.767839999999997,0.3981447735826216,0.3981447735826216,5.41184850355301,0.4823085565500628,0.0832526464630744,3.000000029998944,3.12025638592374,11.532104919475694,8.411848533551954,0.0207558162070173,28.16352056325073,30.52198031722393,0.3136934940275664,16.294289442189203,1.327261737955192,0.0049033138402927,12.30989255273314,1000000.0,804193.4314535344,31.29280031291716,0.2176832079709863,16.533780852870784,0.4613828423064617,0.0044954725489331,13.16111370499858,1000000.0,824503.0041263049,0.060832934853894,1.374108026755853,False
ag47c03,ok,,0.2,28.1635205632504,0.7469141540240223,4.184226836990755,1.7678399950774843,0.4225009933612714,0.4225009933612714,5.3824147301347685,0.4657407051831194,0.0916349063770829,3.000000029998935,3.024417032158363,11.406831792292069,8.382414760133702,0.0206115116847212,28.1635205632504,30.791959329599248,0.2872936423076969,16.346564599451497,2.397403621415509,0.0047351008210938,12.26522981491291,1000000.0,860937.9527692113,31.292800312916885,0.204416484547568,16.91772877409649,1.642605000621134,0.0046831141540213,12.4414442572769,1000000.0,874941.3815937588,0.0505926428355528,1.2786648829431435,False
ag47ct02r,ok,,0.2,28.163520563250405,0.7416717330539093,4.213802584505711,1.7678399999992624,0.4195355535875524,0.4195355535875524,5.360678411262389,0.4631612067815069,0.0855767914691809,3.000000029998935,3.003206292084115,11.36388473334544,8.360678441261324,0.0205673498356242,28.163520563250405,30.834547171850023,0.2874393755876456,16.498570410090935,1.4423341228160282,0.0047696621953541,12.279184748521144,1000000.0,856077.6134844549,31.29280031291689,0.2053275633900949,16.79979590021579,0.6938069239637322,0.0042715625156804,13.144945441401298,1000000.0,868800.3641442871,0.0499136501761802,1.2806394648829431,False
ag52,ok,,0.2,28.16352056322017,0.7110294350066046,4.395399278470047,1.767839999999716,0.4022023684308076,0.4022023684308076,5.6392229305746575,0.6304619327883605,0.0852657984886787,3.0000000299972007,3.0883999000775377,11.727622860649396,8.639222960571859,0.0208915277685349,28.16352056322017,30.8822928973568,0.3084676707385863,16.161410423131198,0.750967036050098,0.0045470300674229,12.638491634871407,1000000.0,821979.4418563173,31.29280031290139,0.2213117960978501,16.381320987568987,0.0837805788734724,0.0044148172931927,13.242804978445193,1000000.0,832905.7243518799,0.0835072911537115,1.3695548494983276,False
ag53,ok,,0.19,28.16352056318845,0.7108878452111116,4.396274724139555,1.7678399999998988,0.4021222764566659,0.4021222764566659,5.613871455980052,0.612378340864713,0.0852384385558815,3.0000000299955727,3.081728824726188,11.695600310701812,8.613871485975626,0.020870626446668,28.16352056318845,30.885237159854555,0.3076280030381599,16.13660209687656,0.7418348071692108,0.004541191655617,12.654881391661004,1000000.0,821894.1086377292,31.29280031288312,0.2207063149884452,16.34909231882848,0.0889913470298408,0.0043746400999974,13.306088972919104,1000000.0,832739.8649010938,0.0807741935996249,1.3683822742474916,False
ag54,ok,,0.2,28.1635205632504,0.731274382638093,4.273714950441446,1.7678399989691531,0.4136541672688179,0.4136541672688179,5.573074554258331,0.600321197242319,0.0866634491365571,3.000000029998935,3.09935448379407,11.672429068051336,8.573074584257267,0.0207665497452267,28.1635205632504,30.642414256195416,0.303208409356751,16.533085237395245,0.7750858997539344,0.0045626523689901,12.45628706190921,1000000.0,838816.911670483,31.292800312916885,0.2135372780177785,16.918405414702892,0.0629268100683192,0.0042969080644539,13.229572784663748,1000000.0,856620.8229070901,0.0753248999254249,1.3182585284280934,False
ag55,ok,,0.2,28.16352056325196,0.7082097127321051,4.412899469485481,1.767839999999992,0.4006073585460835,0.4006073585460835,5.546868602846243,0.5167890234921252,0.0803279321736844,3.00000002999897,3.371757684085128,11.91862631693034,8.546868632845213,0.0217946550949065,28.16352056325196,30.78458168938003,0.3167408877679382,16.77662161022173,0.9120038018668613,0.0046677003415755,12.461907451943096,1000000.0,816129.3067651818,31.29280031291824,0.2198176752445408,17.309108701299383,0.0208510257125852,0.0049776088082137,12.41870756057551,1000000.0,829602.6785036221,0.0656584703615963,1.4237882943143811,False
ah21-7,ok,,0.2,28.1635205632504,0.6841367477525293,4.568177744824024,1.7678399999715448,0.3869901958115786,0.3869901958115786,5.763109724256943,0.6654250108161006,0.0804011691567896,3.000000029998935,3.505363841637706,12.268473595893584,8.76310975425588,0.0221491201630339,28.1635205632504,30.64272581837212,0.3406427429312406,16.69664495501118,-0.2536686360692969,0.00439221926447,12.733282023377,1000000.0,784755.109830742,31.292800312916885,0.2333096985901365,17.27943204423352,-1.228784207824479,0.0050948580876967,12.531130014717036,1000000.0,801403.4094757683,0.0897666905828896,1.4969,False
ah21-9,ok,,0.19,28.16352056325116,0.7161099932988476,4.364215406634321,1.7678399999998955,0.4050762474538928,0.4050762474538928,5.479544712515558,0.6004269989151101,0.0849745390847227,3.000000029998948,2.825851236918263,11.30539597943277,8.479544742514506,0.0198279952298151,28.16352056325116,30.63105268095269,0.3001155632928204,14.588730214199384,0.1255862633290385,0.0038697248430558,13.435228426350408,1000000.0,821117.8529258699,31.292800312917585,0.2156801922902045,15.569422833804383,-0.6643575265048756,0.0045935486407377,12.894319228468332,1000000.0,838857.1320945444,0.069997369283707,1.2876585284280937,False
ah63k127,ok,,0.2,28.1635205632511,0.7630666981936929,4.095655429594786,1.76783999999999,0.4316378734465207,0.4316378734465207,6.131598981546974,0.9653885876556608,0.0900758564525306,3.000000029998941,3.398196183747959,12.529795195293874,9.131599011545916,0.0217283830618059,28.1635205632511,30.564152930491733,0.3135184198861324,18.689849593857577,-1.305957468880892,0.0070923792038886,10.061259285476492,1000000.0,873049.1677990669,31.2928003129176,0.2179725436485805,19.67857122324673,-2.2319292823246464,0.0086460331112645,8.548678120515092,1000000.0,893862.6021609671,0.1270184777150031,1.325,False
ah6407,ok,,0.19,28.1635205632504,0.642146839207605,4.866890366197693,1.7678399999501628,0.363238098032462,0.363238098032462,5.551435970778066,0.4724825194247188,0.076086467008318,3.000000029998935,3.5333482811525907,12.084784281929592,8.551436000777,0.022178405228584,28.1635205632504,30.55181471291791,0.3596142131174156,18.88926145277463,-2.906717382087236,0.0088530604887739,9.85193817579476,1000000.0,734404.2795156173,31.292800312916885,0.2425616626653091,19.50110392932249,-3.933958916818552,0.009789407194102,8.62285733932308,1000000.0,752216.0854856437,0.0685185997835368,1.633056856187291,False
ah7476,failed,too few converged polar points,0.01,,,,,,,,,,,,,,,,,,,,,,,,,,,,,,,,,,
ah79100a,ok,,0.2,28.1635205632504,0.6927871348348318,4.511137846148833,1.7678399993433864,0.391883391648649,0.391883391648649,5.783851264209325,0.6468164568290532,0.0838676455669805,3.000000029998935,3.658376573781376,12.442227867989637,8.78385129420826,0.0225822933069761,28.1635205632504,30.524052912146065,0.3438113891221513,17.598573777313895,-1.275894820026445,0.0056500327109309,11.523744226656795,1000000.0,791600.117932276,31.292800312916885,0.2309418395205454,17.659243893662914,-2.2892031360109244,0.0060287287134956,11.309394180335584,1000000.0,811536.5442928843,0.0999843154362416,1.5043996655518397,False
ah79100b,ok,,0.2,28.163520563250405,0.5626626327206913,5.554408776744056,1.767839999980124,0.3182768987730888,0.3182768987730888,5.634123530447111,0.487173620071377,0.0718004422804541,3.000000029998935,3.342535749274999,11.976659309721043,8.634123560446046,0.0215877054892258,28.163520563250405,30.63275575644824,0.4045962035027034,18.59517887104833,-4.351619739787467,0.010093803241994,9.859879882659936,1000000.0,645205.3803875211,31.29280031291689,0.2795037543302678,19.295162418987847,-5.441959000937825,0.0112380253953358,8.620020920089681,1000000.0,659107.6326861711,0.1003559960809928,1.767161538461539,False
ah79100c,ok,,0.2,28.163520563247747,0.64053796425371,4.879114806618731,1.7678399999976515,0.3623280185166989,0.3623280185166989,5.830796059390943,0.6327986548552036,0.0825287972667957,3.0000000299987137,3.784415678086958,12.615211767476614,8.830796089389658,0.0231736678384847,28.163520563247747,30.7414845316446,0.3717117724017067,19.292131754459223,-4.886046802714911,0.0087689534799346,9.894053385221149,1000000.0,737112.1154531492,31.29280031291625,0.2511148764438706,19.214315343336285,-5.8882979243734,0.0095266330176289,8.906276344480816,1000000.0,750331.4361205532,0.0994229980404964,1.647728762541806,False
ah79k132,ok,,0.2,28.163520563250803,0.828289405039274,3.7731477024649367,1.767839999999996,0.4685318835637138,0.4685318835637138,6.404506325642915,1.1593954259518973,0.0956754452105184,3.0000000299989376,3.463627746473814,12.868134102115668,9.404506355641852,0.0220038287851577,28.163520563250803,30.638283316260004,0.2951963166401323,18.765364333220614,-0.8438876392660244,0.0062488717742136,10.237743984756966,1000000.0,949971.0536249096,31.292800312917308,0.206809916094736,19.891993176349416,-1.7895175870246356,0.0080773466846009,8.555449689446279,1000000.0,970265.0170468084,0.1319638575015693,1.2373,False
ah79k135,ok,,0.2,28.1635205632504,0.848939885262595,3.68136580673849,1.76783999999497,0.4802130765595362,0.4802130765595362,6.470562139651344,1.2229569874417536,0.0861027755066471,3.000000029998935,3.480623793294685,12.951185962944963,9.47056216965028,0.0220656623266263,28.1635205632504,30.643803182315835,0.289770113132182,19.19656354161163,-0.323799965177781,0.0059942102289956,10.303967232240458,1000000.0,973830.6534090922,31.292800312916885,0.2031965272786541,18.828853485091912,-1.1087752152588028,0.0060690921889109,10.12357476536615,1000000.0,994455.159316328,0.134845392341494,1.2103,False
ah79k143,failed,Infeasible_Problem_Detected,0.3,,,,,,,,,,,,,,,,,,,,,,,,,,,,,,,,,,
ah80129,failed,Infeasible_Problem_Detected,0.27,,,,,,,,,,,,,,,,,,,,,,,,,,,,,,,,,,
ah80136,ok,,0.2,28.163520563250405,0.7612143201579991,4.105622007940116,1.7678399999999588,0.4305900534878817,0.4305900534878817,6.124651929797873,0.9370466538517966,0.0902199946420042,3.000000029998935,3.317081463192133,12.441733422988944,9.124651959796807,0.0215161582698583,28.163520563250405,30.65425460118696,0.3102406772129795,18.191041557239817,1.6113888753706904,0.0060322863574295,10.829663045924647,1000000.0,873497.2621505021,31.29280031291689,0.2183367386075219,18.02601174255198,0.9876244147246548,0.005940357471774,10.865814941974234,1000000.0,891692.7113046447,0.1354874704567231,1.3204,False
ah80140,ok,,0.2,28.163520563250405,0.6683046920172862,4.676397312335908,1.76783999999183,0.3780346026905006,0.3780346026905006,5.921526338199557,0.7780056779408859,0.0784968214298137,3.000000029998935,3.371795152525221,12.293321520723714,8.921526368198492,0.0213741740005216,28.163520563250405,30.190481723627684,0.359965569325391,18.108487769952976,0.323235374789213,0.0076628918380371,10.306690998971852,1000000.0,755280.7069966523,31.29280031291689,0.2431543892177024,18.957904031912445,-0.8663068887623513,0.0089311978335566,9.071048453232889,1000000.0,782857.6092493356,0.1396068060091443,1.507609364548495,False
ah81131,failed,Infeasible_Problem_Detected,0.25,,,,,,,,,,,,,,,,,,,,,,,,,,,,,,,,,,
ah81k144,ok,,0.2,28.1635205632504,0.7448156167635124,4.196016027407524,1.7678399999443155,0.4213139293075013,0.4213139293075013,6.309707356203306,1.0382114225999934,0.0887534314362738,3.000000029998935,3.501772657543928,12.811480043746167,9.30970738620224,0.0221197265753882,28.1635205632504,30.618963280570924,0.3272471585632162,18.49251558003546,-0.7887215692891841,0.0065358477229017,10.514027629226783,1000000.0,853695.700553202,31.292800312916885,0.2276694283455521,18.86654335225128,-1.8923349993045528,0.0076335110703339,9.484258488431996,1000000.0,872483.1353894526,0.144583091650973,1.397,False
ah81k144wfKlappe,failed,airfoil 'ah81k144wfKlappe' not found in the aerosandbox UIUC database,0.0,,,,,,,,,,,,,,,,,,,,,,,,,,,,,,,,,,
ah82150a,ok,,0.2,28.163520563250486,0.8244376504964797,3.7907757654177145,1.767839999999993,0.4663530921896116,0.4663530921896116,6.589120805982759,1.2576759402784168,0.0947566592430827,3.000000029998936,3.655411683238889,13.244532519220584,9.589120835981694,0.0226360805586251,28.163520563250486,30.610386525361232,0.3058070601672077,19.59957686493852,-1.3405917178187925,0.0063443310911307,10.146546896995426,1000000.0,944692.5027609974,31.292800312916977,0.2118548616770603,18.93240670418968,-2.162635735099947,0.0064132032901444,9.992476584355318,1000000.0,965753.0401165294,0.1499783090740167,1.2799,False
ah82150f,failed,Infeasible_Problem_Detected,0.28,,,,,,,,,,,,,,,,,,,,,,,,,,,,,,,,,,
ah83150q,ok,,0.2,28.16352056289773,0.7223877244497697,4.32628927627532,1.7678399999999914,0.4086273217314764,0.4086273217314764,6.24145934435499,1.0022001444236008,0.0868713354072489,3.000000029979343,3.516158911566058,12.75761828590039,9.241459374334331,0.0223642411502565,28.16352056289773,30.889082380880808,0.3301380261013735,19.453256293252085,-0.690787988777127,0.0081728526384088,9.662784914226158,1000000.0,835293.693603485,31.2928003127294,0.2330170295145464,19.622947230104955,-1.5828522338249935,0.0092328624378399,8.521886621675137,1000000.0,846210.917958343,0.1500284620213433,1.4302,False
ah83159,ok,,0.2,28.16352056325045,0.8399061728217694,3.7209611820094377,1.7678399999999757,0.4751030482519803,0.4751030482519803,6.759056085653135,1.363134855376786,0.0935474164230615,3.000000029998936,3.798557648942832,13.5576137645949,9.75905611565207,0.0231266944275297,28.16352056325045,30.615353973163025,0.307171014442323,20.36235980975236,-1.1348461507570524,0.0066314414061128,9.8453513367559,1000000.0,962573.4892438046,31.29280031291693,0.2116384160286551,19.05058577837849,-1.9728997795011984,0.0062676036148685,10.054105903099885,1000000.0,983872.9943092688,0.15942,1.2832,False
ah85l120,failed,Infeasible_Problem_Detected,0.39,,,,,,,,,,,,,,,,,,,,,,,,,,,,,,,,,,
ah88k130,ok,,0.2,28.16352056325486,0.7469661787313623,4.183935437221395,1.7678399999999992,0.4225304205874755,0.4225304205874755,6.131967188088371,0.9700508849993345,0.0878527888729618,3.000000029998976,3.3597606537560813,12.491727871843429,9.131967218087349,0.0215644837878506,28.16352056325486,30.516927246398087,0.3202921463394845,19.020259262133905,-2.0754212046289244,0.0076501810525952,9.81160945029758,1000000.0,853307.5312327426,31.292800312921425,0.2226798222143002,19.75015665221168,-2.9511484121655536,0.0088186606262959,8.557825166674936,1000000.0,875002.3213274153,0.1299644594594594,1.3497441471571907,False
ah88k136,failed,Infeasible_Problem_Detected,0.28,,,,,,,,,,,,,,,,,,,,,,,,,,,,,,,,,,
ah93156,failed,Infeasible_Problem_Detected,0.29,,,,,,,,,,,,,,,,,,,,,,,,,,,,,,,,,,
ah93157,failed,Infeasible_Problem_Detected,0.31,,,,,,,,,,,,,,,,,,,,,,,,,,,,,,,,,,
ah93k130,ok,,0.19,28.163520562640088,0.7686893464268559,4.065697384938277,1.767839999999316,0.4348183921775462,0.4348183921775462,6.242076321936774,1.0406669175305192,0.0926650407014207,3.0000000299656406,3.4898596541222555,12.731936006024672,9.242076351902416,0.0221156334379894,28.163520562640088,30.66949219717658,0.3140774326865114,18.41244093495101,0.5157616982456973,0.0065834657477259,10.355594152983173,1000000.0,882513.3535886521,31.29280031258605,0.2189959837954613,17.460732543980278,-0.0305611768079922,0.0062604786867348,10.495869474815311,1000000.0,900449.0185064974,0.1305256731181721,1.3376,False
ah93k131,ok,,0.2,28.1635205632504,0.783438333080824,3.98915668743123,1.767839999999815,0.4431613342162787,0.4431613342162787,6.273161001880942,1.0684512872317862,0.094029795778137,3.000000029998935,3.437202554619474,12.710363586499351,9.273161031879877,0.0219268734027451,28.1635205632504,30.65646265293119,0.3079040427211381,18.1938125916502,0.5555964843824015,0.0062961566780793,10.471832590592948,1000000.0,899064.1844765075,31.292800312916885,0.2155958735880729,17.094644583874377,0.0258226971299355,0.0057950509990573,10.871005197421203,1000000.0,917726.1027090086,0.1309305745550929,1.3029,False
ah93k132,ok,,0.2,28.163520563198684,0.7854671903362617,3.978852718548209,1.76783999999996,0.4443089817722642,0.4443089817722642,6.323478499326426,1.0890584521233837,0.0932330544372965,3.000000029996057,3.494622951604112,12.818101480926597,9.323478529322482,0.0221348951540134,28.163520563198684,30.67369067465687,0.3093640946073126,19.41839204241867,0.7090301321801639,0.0070853057903421,9.920245073648854,1000000.0,901899.0318876442,31.29280031288944,0.216205822986178,19.01667089459849,-0.0625624067765954,0.0071750299120837,9.541164505366185,1000000.0,920102.7227729928,0.132262740585774,1.3112,False
ah93w145,ok,,0.19,28.16352056325062,0.6860387490575776,4.555512746026688,1.7678399999999996,0.3880660857643099,0.3880660857643099,6.127956372039892,0.8754637522885366,0.0811864591703828,3.0000000299989376,3.5188758370662456,12.646832239105075,9.12795640203883,0.0221998407602507,28.16352056325062,30.64923629727071,0.3500258462665467,18.45482445520536,-0.9309639570248436,0.0071019905164941,10.534086555623222,1000000.0,787104.0408673984,31.2928003129171,0.2423496355924906,18.68749741334091,-1.8613442492984835,0.0079694497242701,9.671279298796607,1000000.0,803631.4294247841,0.1448191919514532,1.5218448160535116,False
ah93w174,ok,,0.2,28.16352056325154,0.6970343216718841,4.483650472338066,1.7678399999999963,0.394285863919747,0.394285863919747,6.31828431644738,1.0087717719721705,0.0815481873168295,3.000000029998948,3.617578275658584,12.935862622104912,9.318284346446328,0.0224970191119278,28.16352056325154,30.59626386804544,0.3535987769058538,18.918230716574243,-0.753013625085296,0.007536333403525,10.161428271876044,1000000.0,798337.2597398474,31.29280031291801,0.2435001628312318,18.53544269515835,-1.7178858573911018,0.0080178586643167,9.590446067335018,1000000.0,816511.7335614458,0.1742373458958799,1.5165695652173912,False
ah93w215,ok,,0.2,28.1635205632504,0.7941094844992745,3.93555086117158,1.7678399999959384,0.4491975996137088,0.4491975996137088,7.152057910346064,1.5237681778816774,0.0921126919370782,3.000000029998935,4.242564542834762,14.39462248317976,10.152057940345,0.0246604119024423,28.1635205632504,30.64435323841989,0.344290702329999,21.706861325318297,0.2504578672083677,0.0077831922257969,9.337598455073865,1000000.0,910950.2955736084,31.292800312916885,0.2328580010347934,19.88481779821989,-0.8399735725504134,0.0078554371720494,9.147252710540323,1000000.0,930226.3771923354,0.2121707952730757,1.4459715719063544,False
ah93w257,ok,,0.2,28.163520563242475,0.736536547965079,4.243181515207215,1.7678399999999874,0.4166307742584647,0.4166307742584647,7.138152782236239,1.4588402297261531,0.0833054848267968,3.00000002999799,4.328060941367559,14.466213753601789,10.138152812234228,0.0249664115006675,28.163520563242475,30.662641097558488,0.3726042244841683,22.283524506930867,0.0565334607366039,0.0092544650516098,8.945414662720344,1000000.0,845410.6214866794,31.292800312917937,0.2507159659594936,20.13562584775256,-0.8952211680689217,0.0091970263992107,8.683461095478851,1000000.0,862784.966123124,0.2567242455911169,1.5752110367892975,False
ah93w300,failed,Infeasible_Problem_Detected,0.27,,,,,,,,,,,,,,,,,,,,,,,,,,,,,,,,,,
ah93w480b,failed,Infeasible_Problem_Detected,0.79,,,,,,,,,,,,,,,,,,,,,,,,,,,,,,,,,,
ah94145,ok,,0.19,28.16352056325048,0.6425898971752896,4.863534704386189,1.7678399999999923,0.3634887191008758,0.3634887191008758,6.066758416080227,0.8132396903206677,0.0749054750681387,3.000000029998936,3.648218955679333,12.714977401758496,9.066758446079165,0.0226594959146504,28.16352056325048,30.675202437100264,0.3750707028499248,19.589816281710068,-2.449417239033977,0.0088895490941561,9.808490073263476,1000000.0,737879.0313031328,31.292800312916963,0.2570014730456019,19.395868258429463,-3.43547446587287,0.0092897895674503,9.118088382006189,1000000.0,752735.0872094284,0.1456851370193597,1.6621,False
ah94156,ok,,0.2,28.1635205632504,0.8448109608483563,3.699358093568039,1.7678399999856769,0.4778775007100195,0.4778775007100195,6.760588983178667,1.376919165738817,0.0892452113358066,3.000000029998935,3.777879868405626,13.538468881583228,9.7605890131776,0.0230783242838484,28.1635205632504,30.64452626307643,0.3043760699335294,20.219025943663784,-0.6287136764055198,0.0065684549730059,9.865828540336896,1000000.0,969117.1743128528,31.292800312916885,0.2104427395509466,19.27468854811443,-1.5157737189200295,0.0066226302541558,9.69191446447619,1000000.0,989618.503325686,0.156056859375,1.272,False
ah94w301,ok,,0.2,28.1635205632504,0.7445607299285384,4.197452457382744,1.7678399999743284,0.4211697494905367,0.4211697494905367,7.675247122175328,1.7819864537378476,0.0848474589742525,3.000000029998935,4.724033497972968,15.399280650147231,10.675247152174263,0.0263555799047365,28.1635205632504,30.70937202481445,0.3911692918748959,24.23801835785588,1.0291338023058876,0.010626253124985,8.315965535270161,1000000.0,855923.4016744622,31.292800312916885,0.2611531521465969,21.088822484098703,0.0211229556408626,0.0106179863153371,7.979207350902481,1000000.0,872184.5588411485,0.300914225996081,1.645538127090301,False
ah95160,ok,,0.2,28.16352056325202,0.6530604728725026,4.7855572269647135,1.7678399999999994,0.3694115264234901,0.3694115264234901,6.171850602672862,0.8982241370578955,0.0763260988273421,3.000000029998952,3.6494464351459888,12.821297067817802,9.171850632671813,0.0225654623248907,28.16352056325202,30.542265734233524,0.3753897235206285,19.670966857797293,-2.309540189363552,0.009093093832585,9.621613587603298,1000000.0,746652.4389726069,31.29280031291851,0.2558120719588538,19.29379568045067,-3.3158075091994568,0.0094186697891909,8.972705239519255,1000000.0,765000.4056422934,0.1599531173149262,1.6292,False
ames01,ok,,0.2,28.16352056325076,0.6924508260439315,4.513328814198952,1.7678399999999836,0.3916931543827144,0.3916931543827144,5.895779013677893,0.7465694472845243,0.0836354105506769,3.000000029998941,3.645939480773804,12.541718524450635,8.895779043676834,0.0226783450899616,28.16352056325076,30.711249399548453,0.3425148931677907,18.95040077566188,2.1521298391125434,0.0073635330504256,10.343636087038336,1000000.0,796068.1723475204,31.29280031291721,0.2339981963196762,18.05470067448017,1.4505428720860365,0.0066684644764289,10.675841760924987,1000000.0,811142.5891095849,0.10275,1.5115,False
ames02,ok,,0.2,28.16352056325209,0.7054968737612561,4.429868340788135,1.7678399999999976,0.3990728084901671,0.3990728084901671,5.645738583849898,0.6134496715439296,0.0846352488811935,3.000000029998977,3.38156145581753,12.027300069666406,8.645738613848875,0.0217105126509929,28.16352056325209,30.618621209435247,0.3243456745027493,18.37222394651124,2.8933149457971155,0.007035193144935,10.507302229998542,1000000.0,808620.1547313826,31.29280031291832,0.2232155614283059,17.669826095850052,2.022870081793369,0.0059709906945873,11.217990434215473,1000000.0,826424.8366354505,0.077352,1.4235277591973243,False
ames03,ok,,0.2,28.163520563250504,0.6861412706273113,4.554832072326208,1.7678399999999814,0.3881240783257074,0.3881240783257074,5.814668166441642,0.7181973279529124,0.0807813810849022,3.0000000299989376,3.4924225710435124,12.307090767484093,8.814668196440579,0.0221574424889073,28.163520563250504,30.715342277341428,0.3391075510956833,18.72127736335152,2.5457564047232726,0.0073735134898326,10.40037199474067,1000000.0,788919.5891636407,31.292800312916967,0.2339967831391576,17.96575316027636,1.6836206193516488,0.0065441498054976,10.837423554600136,1000000.0,803751.5240342336,0.0999798,1.4898,False
amsoil1,ok,,0.19,28.1635205632504,0.649333553207828,4.8130244459959,1.7678399998853562,0.3673033494263831,0.3673033494263831,5.80366846252765,0.733527754813269,0.0758447675669205,3.000000029998935,3.3123902419105686,12.116058734437154,8.803668492526585,0.0216387415423302,28.1635205632504,30.85181135704095,0.3496540061845814,16.319804612292327,1.0051447487714302,0.0054541030590454,12.108778962710192,1000000.0,749915.5348628196,31.292800312916885,0.2469524254614645,16.144519736013834,0.1064797894338544,0.0055787737605387,12.273734787896435,1000000.0,760634.6613635988,0.11624,1.5564,False
amsoil2,ok,,0.2,28.163520562964177,0.6704183533085932,4.661653801939737,1.767839999997506,0.3792302206701619,0.3792302206701619,5.978408696614666,0.7774006336680781,0.0887920815994686,3.000000029982876,3.692216259209485,12.670624985807027,8.978408726597543,0.0227819934259544,28.163520562964177,30.638271683585263,0.3591120137333561,18.10460908637572,2.0066914217261806,0.0062519278988105,11.19693396837676,1000000.0,768907.3212572573,31.292800312766364,0.2439332136457966,17.07786878744719,0.969227223980411,0.005471776108441,12.213424567936794,1000000.0,785333.5694525643,0.1176190827218145,1.5124,False
apex16_NASA_CR-201062,failed,airfoil 'apex16_NASA_CR-201062' not found in the aerosandbox UIUC database,0.0,,,,,,,,,,,,,,,,,,,,,,,,,,,,,,,,,,
apex16,ok,,0.2,28.1635205632504,0.7364851902442635,4.243477407189571,1.767839999980554,0.41660172314936,0.41660172314936,6.068221454493407,0.920401252849975,0.0867341758880161,3.000000029998935,3.229498965809165,12.297720450301508,9.06822148449234,0.0211952257310858,28.1635205632504,30.62156871814816,0.3176230744833972,18.71571423644865,-1.0106733965080592,0.0074331112790854,10.025067897450793,1000000.0,844219.3298601722,31.292800312916885,0.2242722608018568,19.090867878567305,-1.921845783990368,0.0079601072855054,9.227596563432462,1000000.0,862724.8052762893,0.1291832674786435,1.3503,False
aquilasm,ok,,0.2,28.16352056325042,0.6554933400979328,4.767795604347148,1.7678399999993648,0.3707877070878407,0.3707877070878407,5.564538037008592,0.6042508425943054,0.0750757855713503,3.000000029998935,3.1183495849049216,11.682887651912448,8.564538067007526,0.0208707905097743,28.16352056325042,30.70061804418817,0.3372826470968768,17.404926409056213,-0.4754448775683336,0.0080074118353747,10.25414637569878,1000000.0,753319.5533574297,31.292800312916903,0.2379869377108048,18.80201208306722,-1.4101118154637442,0.0099211698515777,8.425753303332273,1000000.0,767850.2863069369,0.0938150349999999,1.4701157190635452,False
arad10,ok,,0.2,28.163520563146577,0.7094866178746044,4.404957312478714,1.7678399999752603,0.4013296553333634,0.4013296553333634,5.903426229281735,0.7657726522479499,0.0895473445149483,3.000000029993127,3.642986268479477,12.546412527754338,8.903426259274863,0.0226263680826755,28.163520563146577,30.65448332941791,0.3356554254024136,19.416391075693987,-0.9413270025769328,0.0083529215152085,9.645907132487723,1000000.0,814145.5382845361,31.292800312862106,0.2285758892693653,18.94074242304316,-1.856690793116065,0.0084190051627282,9.0604371561076,1000000.0,831098.4556929861,0.0999999999999999,1.8703,False
arad13,ok,,0.19,28.16352056325119,0.5751880292409522,5.433454986404798,1.767839999999887,0.3253620402530709,0.3253620402530709,5.751961472139064,0.653818643953529,0.0623580825638742,3.000000029998945,3.608053423093117,12.360014925231129,8.751961502138009,0.0225935580899706,28.16352056325119,30.77184896477911,0.4047699748366831,17.93266697055199,0.4204876685271662,0.0087051790876214,10.448445223815618,1000000.0,662563.1368896752,31.292800312917656,0.2771488111295034,17.706932068452527,-0.6648704667714989,0.009363283463071,9.647918281769169,1000000.0,673779.9851130188,0.13,1.8524,False
arad20,ok,,0.2,28.1635205632504,0.6003428122035577,5.205789427463428,1.7678399997236578,0.3395911464258083,0.3395911464258083,6.335280985610526,0.9221114494978652,0.0673855445559211,3.000000029998935,4.198279203707631,13.533560219317092,9.33528101560946,0.0245091719279739,28.1635205632504,30.643788631992564,0.4281876590518647,20.55414453987716,0.5484190183273597,0.0097245084336545,9.652207217216391,1000000.0,688661.1946508178,31.292800312916885,0.2832341011427144,19.24068123913544,-0.6110507612433697,0.0097361174051526,9.325308184892108,1000000.0,703246.5047407411,0.2,1.8971,False
arad6,failed,Maximum_Iterations_Exceeded,1.39,,,,,,,,,,,,,,,,,,,,,,,,,,,,,,,,,,
as5045,ok,,0.19,28.1635205632504,0.6377587348617973,4.900377034564055,1.7678399978248536,0.3607559143624391,0.3607559143624391,5.890292195415307,0.7979841035349169,0.0743865185918359,3.000000029998935,3.2764274806661806,12.16671970608042,8.890292225414242,0.0213815456771547,28.1635205632504,30.65978389257309,0.3619805426362149,17.13015349241749,0.9587874939094878,0.0071713864610452,10.884484350263923,1000000.0,731963.3626047241,31.292800312916885,0.2539084071290677,16.79584324955906,0.0536678440838792,0.007226764320786,10.68660018306094,1000000.0,747075.8248856827,0.1499265741191685,1.5726,False
as5046,ok,,0.2,28.1635205632504,0.7025550011253222,4.448417932248319,1.767839999942478,0.3974087027944734,0.3974087027944734,6.289699238017081,0.9949380930403566,0.0826733573317177,3.000000029998935,3.713844951657062,13.003544219673078,9.289699268016015,0.0228606878301261,28.1635205632504,30.645061218018608,0.3515335181408693,19.278785484629925,0.7580956353671913,0.0072063867117591,10.320126694206722,1000000.0,805943.6189338893,31.292800312916885,0.2408456382666505,18.7223444028984,-0.1743176569936182,0.0072912006107457,10.116931098848394,1000000.0,822978.7028762352,0.1599219795002925,1.5126,False
as5048,ok,,0.2,28.16352056298173,0.7524774259200941,4.153291724037672,1.7678399999997447,0.425647923975135,0.425647923975135,6.677973754552196,1.2550748692648177,0.0858796711728339,3.000000029983992,3.8988225786215778,13.576796363157769,9.677973784536189,0.0234724763083092,28.16352056298173,30.62149858894297,0.3432078909632347,20.41452283223198,0.542917974311784,0.0077116653432777,9.672007326959449,1000000.0,862548.9579373372,31.29280031277424,0.234265548887795,19.280687882852725,-0.3858543951952407,0.0077536345927093,9.425649136917055,1000000.0,881458.2415790358,0.1798236564282951,1.4547,False
as6091,failed,Maximum_Iterations_Exceeded,1.47,,,,,,,,,,,,,,,,,,,,,,,,,,,,,,,,,,
as6092,ok,,0.2,28.163520563250405,0.8321235272141371,3.755762411937849,1.7678399999999994,0.4707007009764103,0.4707007009764103,5.075511456750864,0.3822742332629858,0.0984093192827319,3.000000029998935,2.262390311442043,10.337901798191844,8.0755114867498,0.0178990318643917,28.163520563250405,30.61180876510475,0.2364683036105873,17.766657911282927,-3.128744970399701,0.0078284730773232,9.02953027268436,1000000.0,953543.7657263338,31.29280031291689,0.1767663922642803,20.109826169231305,-3.596850184795935,0.0089932780200663,7.404927914444578,1000000.0,974756.3392763428,0.0505057703053793,1.740892976588629,False
as6093,ok,,0.2,28.163520563181343,0.7277733579029114,4.294274078135222,1.767839999999972,0.4116737701957886,0.4116737701957886,5.443856847094952,0.3572682825914914,0.0854827851962537,3.0000000299949168,3.873686840902584,12.317543717992454,8.443856877089868,0.0233976357950917,28.163520563181343,30.635483709244088,0.3216509167020998,18.54629057411448,-2.242337549279948,0.0058283339739232,11.207917017080668,1000000.0,834612.208348632,31.292800312882065,0.2113304952048153,18.78134810382282,-3.2516523449148167,0.0060758208562456,10.83292928956491,1000000.0,852519.6932557814,0.0605979193005162,1.80068127090301,False
as6094,failed,Maximum_Iterations_Exceeded,1.54,,,,,,,,,,,,,,,,,,,,,,,,,,,,,,,,,,
as6095,failed,Maximum_Iterations_Exceeded,1.46,,,,,,,,,,,,,,,,,,,,,,,,,,,,,,,,,,
as6096,failed,Restoration_Failed,1.55,,,,,,,,,,,,,,,,,,,,,,,,,,,,,,,,,,
as6098,failed,Maximum_Iterations_Exceeded,1.54,,,,,,,,,,,,,,,,,,,,,,,,,,,,,,,,,,
as6099,failed,Restoration_Failed,0.65,,,,,,,,,,,,,,,,,,,,,,,,,,,,,,,,,,
atr72sm,ok,,0.2,28.1635205632504,0.6341920259779793,4.927936861916118,1.767839999080841,0.3587383622430292,0.3587383622430292,5.911947384678045,0.7923996259538999,0.0735554216811383,3.000000029998935,3.3685627917701355,12.280510206447117,8.91194741467698,0.0218629013071421,28.1635205632504,30.896470250979043,0.3618130425282314,17.687933206574876,1.599907127861493,0.0076027159369918,10.642798572593096,1000000.0,733488.7920671495,31.292800312916885,0.2559583479096959,17.129341331282586,0.5513308124712233,0.0075013672841123,10.487216062037042,1000000.0,742897.7522502784,0.1451714545454545,1.6124,False
august160,ok,,0.2,28.16352056325044,0.5903314534342351,5.294073774010196,1.76783999999986,0.3339281006393576,0.3339281006393576,5.918292506072943,0.7152379616021254,0.0656165153324052,3.000000029998936,3.35237089265145,12.270663428723328,8.918292536071878,0.0216642767358418,28.16352056325044,30.693813852612124,0.3935289878478112,18.47851966753372,0.1457021486674104,0.0096229601703967,9.85353358796013,1000000.0,678282.5068612777,31.29280031291692,0.2751713729489221,18.699865782341547,-1.0456613724659027,0.0105804611356415,8.797607578258972,1000000.0,691519.116681824,0.16038,1.8241,False
avistar,ok,,0.2,28.1635205632504,0.8031286239419378,3.891354598184419,1.7678399994654452,0.4542993846642149,0.4542993846642149,6.498648451636235,1.1856205446179833,0.092355860430222,3.000000029998935,3.610256848382608,13.108905330017777,9.49864848163517,0.0225815072470177,28.1635205632504,30.74518418305693,0.3079877487582774,19.06373114181165,1.5170126837810105,0.0063981542408617,10.252948046600611,1000000.0,924327.8575706916,31.292800312916885,0.2154240425992333,19.423551251894352,0.4532376999532424,0.0076938875150285,9.042481661558584,1000000.0,940791.4715490896,0.1451705393602225,1.3052,False
b29root,failed,Infeasible_Problem_Detected,0.3,,,,,,,,,,,,,,,,,,,,,,,,,,,,,,,,,,
b29tip,ok,,0.2,28.163520563064964,0.8128585407357545,3.844775085675602,1.767839999999846,0.4598032292152147,0.4598032292152147,5.821802666756202,0.8143768708813885,0.0951454256144472,3.00000002998901,2.954951733823404,11.776754430568616,8.821802696745213,0.0202953799296176,28.163520563064964,30.67336673935023,0.2746591485977906,17.584519035031036,1.1217503792764745,0.0056168572573319,10.937102148227194,1000000.0,933340.8164685196,31.292800312814364,0.1976786777425209,17.868185301957062,0.6801908088223615,0.0053999252291281,10.988775075850729,1000000.0,952189.1757672508,0.0899928966451689,1.160366220735786,False
b540ols,ok,,0.2,28.16352056325045,0.70161836633766,4.454356407334798,1.76783999999998,0.3968788840266471,0.3968788840266471,5.709377336165151,0.641891059927251,0.0836560448828272,3.000000029998936,3.3494337720691845,12.05881113823327,8.709377366164087,0.0215425204689645,28.16352056325045,30.53542886887492,0.3287772921012643,17.89291031444166,2.8879980089610013,0.0065371388440263,10.872347432581783,1000000.0,801989.7381215103,31.29280031291693,0.2261015916602792,17.824371757498565,2.0150113611299947,0.0062673066897903,10.947736671362032,1000000.0,821881.52116069,0.0970883428571428,1.4315,False
b707a,ok,,0.2,28.1635205632504,0.8281528427852743,3.773769890829465,1.7678399992951557,0.4684546356658193,0.4684546356658193,6.084784983408209,0.963760453888632,0.0942102731692956,3.000000029998935,3.139377737642115,12.22416275104926,9.084785013407144,0.0209065327335089,28.1635205632504,30.64786069906184,0.2802945246768031,20.75063229567664,3.0348699256353417,0.0094676735553978,8.326840027194885,1000000.0,950111.337285143,31.292800312916885,0.1998120233444559,20.202139587763124,2.287604512084988,0.009082245981077,7.790548812356058,1000000.0,970105.047286792,0.1142907,1.1752789297658863,False
b707b,failed,airfoil 'b707b' not found in the aerosandbox UIUC database,0.0,,,,,,,,,,,,,,,,,,,,,,,,,,,,,,,,,,
b707c,failed,airfoil 'b707c' not found in the aerosandbox UIUC database,0.0,,,,,,,,,,,,,,,,,,,,,,,,,,,,,,,,,,
b707d,ok,,0.2,28.1635205632504,0.8429043957593777,3.707725670103077,1.7678399999999344,0.4767990291878275,0.4767990291878275,5.852752770003145,0.8729657190177078,0.0931524564759023,3.000000029998935,2.8818367724142946,11.734589572416375,8.85275280000208,0.0200250111622935,28.1635205632504,30.640955625749186,0.264479059456802,18.93173809255557,0.7216169487518481,0.0076754399256061,9.216680336544265,1000000.0,966817.4108758196,31.292800312916885,0.1913011051526375,19.25202384302506,-0.3260209521419822,0.0077442783224405,8.51350248843874,1000000.0,987385.137301788,0.0897,1.1064,False
b707e,ok,,0.2,28.1635205632504,0.8309623165523891,3.761010822091047,1.767839999916107,0.4700438481943063,0.4700438481943063,5.827725395457719,0.8597744298018136,0.0937240771205918,3.000000029998935,2.8581126243676604,11.685838049824314,8.827725425456654,0.0199243942596493,28.1635205632504,30.6104643110918,0.2676979327516958,19.061981057432565,0.4713452977826102,0.0076605345180009,9.29539149064992,1000000.0,952171.295069821,31.292800312916885,0.1935017724734451,19.8191608332396,-0.2848167765919076,0.0079581467103616,8.428362914047334,1000000.0,973396.08760899,0.0900887,1.1184,False
b737a,failed,airfoil 'b737a' not found in the aerosandbox UIUC database,0.0,,,,,,,,,,,,,,,,,,,,,,,,,,,,,,,,,,
b737b,ok,,0.19,28.16352056325071,0.6991545585939729,4.470053476994084,1.7678399999997887,0.3954852014854605,0.3954852014854605,6.094509798536021,0.8102146077318162,0.0840614203922628,3.00000002999894,3.814230868055706,12.908740696590668,9.09450982853496,0.0232203568999519,28.16352056325071,30.668642613684924,0.3501288456659494,18.979994375138205,1.971373930995727,0.0071302170605299,10.402082929412655,1000000.0,802659.9366923939,31.292800312917173,0.2369319142639435,17.780241741402314,0.9280004909309242,0.0065649384705519,10.76320891611209,1000000.0,818995.3965189815,0.1254468594217348,1.5665,False
b737c,failed,airfoil 'b737c' not found in the aerosandbox UIUC database,0.0,,,,,,,,,,,,,,,,,,,,,,,,,,,,,,,,,,
b737d,ok,,0.2,28.1635205632504,0.7391553234815461,4.228148220393587,1.7678399999923482,0.4181121161896695,0.4181121161896695,5.908118230003927,0.8159672993453637,0.0878814891862463,3.000000029998935,3.248587404617141,12.156705664620002,8.908118260002862,0.0212650888790163,28.1635205632504,30.62865038118915,0.3127020940451191,17.40655503774933,1.4444646666863652,0.0052465486857324,11.645477635458644,1000000.0,847475.9993986185,31.292800312916885,0.2195167807565029,17.683896029992543,0.6104945659283235,0.0053034395920687,11.758666902203204,1000000.0,865852.6212914058,0.108,1.340669899665552,False
bacnlf,failed,Infeasible_Problem_Detected,0.35,,,,,,,,,,,,,,,,,,,,,,,,,,,,,,,,,,
bacxxx,ok,,0.19,28.1635205632504,0.6974662275363844,4.480873972072716,1.767839999934251,0.3945301766915131,0.3945301766915131,5.850137217740929,0.7913430191411372,0.0829732837898352,3.000000029998935,3.190226667304159,12.040363915044024,8.850137247739864,0.0211910865372544,28.1635205632504,30.809821378331907,0.3243727682902115,16.70256049654085,1.135718803857212,0.0057556033370467,11.53490344170716,1000000.0,804407.6680714211,31.292800312916885,0.2311235943439378,15.961764635002682,0.1239997063576863,0.0050380125563435,12.487319838269896,1000000.0,817017.6716714536,0.1131,1.4113274247491638,False
bambino6,failed,Infeasible_Problem_Detected,0.4,,,,,,,,,,,,,,,,,,,,,,,,,,,,,,,,,,
be50,ok,,0.19,28.163520563250486,0.6590418292470404,4.742124288483365,1.767839999999688,0.3727949527373273,0.3727949527373273,5.476326853990338,0.4908979384127927,0.0758156341394697,3.000000029998936,3.144053081643267,11.62037996563254,8.476326883989273,0.02076708813599,28.163520563250486,30.420276294446666,0.33985006575104,16.884732580465762,-2.0305477195486463,0.0069953133419857,10.886068467041213,1000000.0,750481.4680328688,31.29280031291697,0.2342675722420693,17.471151853964876,-2.988738585915008,0.007517110823212,10.088804790113066,1000000.0,772007.0156622663,0.07275,1.478081939799331,False
be50sm,ok,,0.2,28.16352056325145,0.6595752272698147,4.738289335905467,1.7678399999999963,0.3730966757567517,0.3730966757567517,5.587022162843344,0.4957898133796625,0.0768164834603727,3.000000029998951,3.7227857049244326,12.309807897766728,8.587022192842294,0.022887294029292,28.16352056325145,30.63992433874234,0.3545829759060712,17.87635402043472,-1.2443321148980993,0.0062882011697715,11.31195442354514,1000000.0,756512.0717505893,31.292800312917887,0.2371350280265586,18.04154656074117,-2.295881710833265,0.0067380983139175,10.842470477467948,1000000.0,772631.842490206,0.0731552662721893,1.599685618729097,False
boe103,ok,,0.19,28.163520563193394,0.6727667831428596,4.645381347456247,1.767839999999995,0.3805586383059901,0.3805586383059901,6.006661045303145,0.8104702248581028,0.0786566020841995,3.000000029995289,3.6321000777126256,12.63876115301106,9.006661075298434,0.0225834657211842,28.163520563193394,30.646580749653776,0.3567649898686046,18.47642265122748,-0.6557310074277062,0.0070017933675762,10.686453526299037,1000000.0,771810.0085251017,31.29280031289157,0.2438466199122858,18.70497556853816,-1.7396478773522004,0.0078482272839616,9.852131124448098,1000000.0,788084.5394649778,0.1272,1.5563,False
boe106,ok,,0.19,28.163520563250405,0.644012093346705,4.852794377223098,1.7678399999594328,0.364293201512288,0.364293201512288,5.829081919399289,0.7665952482428803,0.0738667544543285,3.000000029998935,3.2047675422357447,12.033849491633967,8.829081949398223,0.0211390251281666,28.163520563250405,30.662103606401462,0.3544973369944209,16.405202902275565,0.257661384339042,0.0057265553848612,11.90753487169734,1000000.0,739196.3396120352,31.29280031291689,0.2497117541605941,16.96737068724525,-0.8220044250652785,0.0065938449328017,11.209473884183236,1000000.0,754401.0595114303,0.1306,1.5336,False
bqm34,ok,,0.2,28.16352056313461,0.8032046644215133,3.890986200696972,1.7678399999998726,0.4543423977405031,0.4543423977405031,5.924111320212806,0.8617481290093238,0.0959626519055715,3.000000029992665,3.06522764930463,11.989338999510103,8.924111350205472,0.0207925537828927,28.16352056313461,30.853414569214564,0.2796848014334075,17.88247559059899,2.6820870706216287,0.005739336666751,10.88301621290378,1000000.0,927669.5356931188,31.29280031285364,0.2023747004686443,17.646460671617124,1.9234983090622804,0.0052061061485977,11.332660000063347,1000000.0,940880.545705558,0.0989488301137225,1.1985645484949834,False
bte-fk,failed,airfoil 'bte-fk' not found in the aerosandbox UIUC database,0.0,,,,,,,,,,,,,,,,,,,,,,,,,,,,,,,,,,
bw3,ok,,0.19,28.1635205632504,0.6912684635932396,4.521048520286483,1.7678399996744405,0.3910243368859972,0.3910243368859972,5.2507820552918405,0.4595403828903583,0.0766565289091133,3.000000029998935,2.989970052660747,11.24075213795152,8.250782085290776,0.0203873170991105,28.1635205632504,30.63218202427538,0.3091000513130081,17.112206235444308,-2.5426798365038987,0.0076285961647647,10.233184055492847,1000000.0,792662.872305833,31.292800312916885,0.2174031502542534,17.69649682988893,-3.250538393419409,0.0080001927648621,9.29261996613042,1000000.0,809757.5601657237,0.0500131242549289,1.68334381270903,False
c141a,ok,,0.2,28.163520563250504,0.7561588910265692,4.133070843559169,1.7678399999999854,0.4277303890773913,0.4277303890773913,6.258928665021156,1.0386045260081038,0.0903731722274417,3.0000000299989367,3.57860539563036,12.837534090650454,9.258928695020092,0.0224047395600978,28.163520563250504,30.6512768276556,0.3223129268061042,17.74198119248489,1.4415237116178603,0.0049957804808612,11.606060341210105,1000000.0,867611.8432408151,31.29280031291698,0.2230309513002224,17.273361805069776,0.4569865229837018,0.0049929303681551,12.056311087029403,1000000.0,885770.7400678374,0.1298976612811732,1.3709,False
c141b,ok,,0.19,28.163520563250444,0.7623273813092524,4.099627459569569,1.7678399999992005,0.4312196699416221,0.4312196699416221,6.276893579162,1.0295302552961614,0.091247201711494,3.000000029998936,3.680759108028175,12.957652717189111,9.276893609160936,0.022745346691023,28.163520563250444,30.64144597789823,0.3229034038263509,17.81296326997761,1.4261511188055394,0.0048902524668892,11.627440232461122,1000000.0,874408.9882286625,31.292800312916924,0.2216555026444456,17.216290295261807,0.425688770179748,0.0048948099265449,12.134351767889289,1000000.0,892996.5602862237,0.1264130864760384,1.3817,False
c141c,ok,,0.2,28.1635205632504,0.7308260777418801,4.2763365455247895,1.7678399997370076,0.4134005780221068,0.4134005780221068,5.9955599891299896,0.8641156006618981,0.0865054207009111,3.000000029998935,3.387072370290553,12.382632389419475,8.995560019128924,0.021749410934369,28.1635205632504,30.647014178272016,0.3217576813350062,17.232967147604715,1.3141442677787214,0.0046109207954425,12.212509389498722,1000000.0,838428.5206769475,31.292800312916885,0.2241979463340616,17.259682263933914,0.3594721929512341,0.0045337525594084,12.89838013798457,1000000.0,856095.6744947525,0.1098465312729793,1.3824,False
c141d,ok,,0.19,28.1635205632504,0.7053341338377896,4.430890432870043,1.7678399999995873,0.3989807526913942,0.3989807526913942,5.952075792807798,0.8091171217963529,0.0832525705970966,3.000000029998935,3.501491187375055,12.45356701018179,8.952075822806734,0.022138698920132,28.1635205632504,30.646552247695947,0.3353064686271539,17.23475450612443,1.1231971718034115,0.0046284042727955,12.324995067006272,1000000.0,809171.0994098252,31.292800312916885,0.2311778980800095,17.154033951024342,0.0861439140405571,0.0045359740816569,13.1323322748126,1000000.0,826234.2017516429,0.1076249244700296,1.4559,False
c141e,ok,,0.19,28.16352056325042,0.680177301714637,4.594770007340308,1.767839999997758,0.3847504874397567,0.3847504874397567,5.798099514715124,0.7549324813960604,0.0811208040614145,3.000000029998935,3.2669407557388483,12.065040300452909,8.79809954471406,0.0214594714745785,28.16352056325042,30.818105655432586,0.3331202857430066,15.78902197263934,0.7284952094898866,0.0045888295945898,12.684920345931198,1000000.0,784678.7884916691,31.292800312916903,0.2356048339918518,15.870518164687816,-0.2666423235388627,0.0049735589468493,12.740415894250896,1000000.0,796765.2818310999,0.1050811628674076,1.4629,False
c141f,ok,,0.2,28.163520563250422,0.6819646310085946,4.582727788938723,1.7678399999989898,0.3857615117934792,0.3857615117934792,5.89890382869103,0.7372572888197273,0.0816932154041731,3.000000029998936,3.836523043330881,12.735426902020848,8.898903858689966,0.0234035566122517,28.163520563250422,30.80981476270724,0.3508971166765764,18.534218706100543,0.0814901528256087,0.0067503940152561,10.794835160701473,1000000.0,786529.0663052741,31.292800312916903,0.2376797181762915,18.238701102762807,-0.976167956605178,0.0072116896773768,10.27004602145316,1000000.0,798858.974056137,0.0999362769210244,1.5765,False
c5a,ok,,0.19,28.163520563192016,0.7243147809479051,4.3147790819694,1.7678399999986618,0.4097173844626512,0.4097173844626512,6.142009050967611,0.9554204373654532,0.0850953026709913,3.000000029995629,3.3876836725654136,12.529692753528654,9.14200908096324,0.0217660527596365,28.163520563192016,30.66752894451985,0.3280664536137129,17.938995201344063,1.767117116808412,0.0059487617412316,11.105178977414656,1000000.0,831514.7738125423,31.29280031288649,0.2298961830665411,17.095647724951363,0.7418249721941462,0.0051950680223617,12.065116736808053,1000000.0,848468.2877842558,0.1312144184571116,1.4143,False
c5b,ok,,0.19,28.16352056325046,0.6804628213316023,4.592842059292626,1.7678399999990686,0.3849119950515662,0.3849119950515662,5.874906880012836,0.8003380815242567,0.0807232105853825,3.000000029998936,3.3043972502364043,12.179304160248176,8.874906910011772,0.0213682196064484,28.16352056325046,30.504736283189523,0.343075609222821,16.143660854795346,1.1619889822476714,0.0048788637346732,12.303170227090764,1000000.0,777025.9348345164,31.29280031291694,0.2375619410899967,15.889320696152916,0.1576510651037928,0.0048024067834945,12.98392798520205,1000000.0,797099.7418566033,0.115498680314074,1.4687,False
c5c,ok,,0.19,28.16352056325143,0.644894615392327,4.846153450510623,1.767839999999787,0.3647924107342319,0.3647924107342319,5.735460319213143,0.7202970085924167,0.0765145535506214,3.000000029998924,3.1425381534622687,11.877998502674334,8.735460349212065,0.0208749983222768,28.16352056325143,30.58588799762709,0.3511710010476214,15.43549819372092,1.117578213802726,0.0047030958677167,12.813462836731864,1000000.0,738369.3876713385,31.29280031291816,0.2467257661789184,15.390163161508845,0.1323710655987365,0.0046944887004955,13.501299536869912,1000000.0,755434.8530722216,0.1110325479646419,1.4999,False
c5d,ok,,0.19,28.163520563179333,0.6829370779137126,4.576202356950335,1.7678399999992946,0.3863115881041186,0.3863115881041186,5.830119501573161,0.7780895493220585,0.0775150621386919,3.000000029992232,3.4830260855039072,12.3131456170693,8.830119531565392,0.0220943965934553,28.163520563179333,30.672338164086007,0.3418226793629434,15.929942628880076,1.0412393341935915,0.0048041226046692,12.354027289114777,1000000.0,784136.0377893344,31.29280031290784,0.2355067454742278,15.240598333710928,0.0277536258504024,0.0046952458160763,13.110208602486765,1000000.0,799998.1063532848,0.1105423249168175,1.493,False
c5e,ok,,0.2,28.163520563216576,0.6929060106963595,4.510363912789497,1.7678399999999417,0.3919506350667381,0.3919506350667381,5.968445496591346,0.7461669489934946,0.0822824290562758,3.0000000299967216,3.803896990705718,12.772342517293788,8.968445526588066,0.0230461806814423,28.163520563216576,30.48482737200037,0.3537814565373819,17.95949668956762,1.4141220669463033,0.0058752631044831,11.274309257158766,1000000.0,790718.5128949395,31.29280031290239,0.2357546710438388,17.85450495123475,0.3377842014331055,0.006458170272308,10.897953257081534,1000000.0,811675.7961523866,0.1078122450640029,1.5683,False
cal1215j,failed,airfoil 'cal1215j' not found in the aerosandbox UIUC database,0.0,,,,,,,,,,,,,,,,,,,,,,,,,,,,,,,,,,
cal2263m,failed,airfoil 'cal2263m' not found in the aerosandbox UIUC database,0.0,,,,,,,,,,,,,,,,,,,,,,,,,,,,,,,,,,
cal4014l,failed,airfoil 'cal4014l' not found in the aerosandbox UIUC database,0.0,,,,,,,,,,,,,,,,,,,,,,,,,,,,,,,,,,
cap21c,failed,airfoil 'cap21c' not found in the aerosandbox UIUC database,0.0,,,,,,,,,,,,,,,,,,,,,,,,,,,,,,,,,,
cast102,ok,,0.19,28.16352056227793,0.6887109886637752,4.537837085118681,1.767839999911539,0.3895776703198466,0.3895776703198466,5.881814964665351,0.8344696920385877,0.0808514039580092,3.0000000299453644,3.1410720148911464,12.02288700950186,8.881814994610714,0.0208342748252037,28.16352056227793,30.533508165645664,0.333983229424883,15.780552930567346,0.4876352481530883,0.0055310713698947,11.73943779036808,1000000.0,787186.3528465524,31.292800312395155,0.2348995423398154,15.44619463287068,-0.3765070963073624,0.0056329518439031,11.823612994952253,1000000.0,806761.7128904158,0.1217277739548052,1.422,False
ch10sm,ok,,0.2,24.947113491330697,0.3646632256296152,8.570258929191539,1.7678399999999994,0.2062761480844507,0.2062761480844507,4.725221943231734,0.3286395128867458,0.0191546047161397,3.000000029998887,1.725221440719174,9.450443413949795,7.725221973230621,0.0159874973561139,24.947113491330697,30.45094861620518,0.4984996776852813,26.72791717855146,-5.770899407453547,0.0456065658378175,4.461905356184255,1000000.0,415677.6114134298,27.71901471318758,0.4917787263067449,24.05087892728422,-5.802002340704482,0.0469229134511834,4.321169218291049,1000000.0,378384.7252817516,0.128353685674548,2.0543953177257523,False
chen,failed,too few converged polar points,0.01,,,,,,,,,,,,,,,,,,,,,,,,,,,,,,,,,,
clarkk,failed,airfoil 'clarkk' not found in the aerosandbox UIUC database,0.0,,,,,,,,,,,,,,,,,,,,,,,,,,,,,,,,,,
clarkv,ok,,0.2,28.163520562858448,0.6858655656487316,4.556663028626066,1.7678399999997962,0.3879681224821311,0.3879681224821311,5.964708375030204,0.8026626082702646,0.0807133553940385,3.0000000299743768,3.5073341008484435,12.472042505853024,8.96470840500458,0.0221463790078524,28.163520562858448,30.6296567939518,0.3457169235962464,17.455706965298262,-0.9145767582460784,0.0058293644266184,11.442847463246244,1000000.0,786402.6496341426,31.292800312737544,0.2380754581690956,17.759192218601786,-1.954950592330282,0.0066160841535545,10.806434766427852,1000000.0,803428.5609516928,0.1164,1.4993,False
clarkw,ok,,0.19,28.163520563250497,0.6091468142258947,5.130550127814233,1.7678399999955587,0.3445712362133592,0.3445712362133592,5.614569250515215,0.6441184478328518,0.0658264474702271,3.000000029998936,2.9990159131940555,11.613585193708206,8.61456928051415,0.0204500939442609,28.163520563250497,30.680172755198072,0.361272620555394,15.76144521765312,-0.3583732484294767,0.0067383293881942,11.47942227947932,1000000.0,699590.0372905845,31.29280031291699,0.2575900308533462,15.793229191833197,-1.3237643744804688,0.0070025919919115,11.125412077977282,1000000.0,713559.5849645691,0.1122,1.5881,False
clarkx,ok,,0.2,28.16352056258569,0.6669543411208543,4.685865392721892,1.7678399999954302,0.3772707604322667,0.3772707604322667,5.885764906133455,0.7495226812050432,0.0779465110351169,3.0000000299660536,3.0999305806447284,11.985695516744236,8.885764936099509,0.0208713443081079,28.16352056258569,30.794136976939047,0.3380160952237691,16.21122499366575,-0.3513806435384831,0.006434054491002,11.224003298425082,1000000.0,768825.8536261781,31.292800312521297,0.242670048472619,16.071797622597845,-1.2274451437152438,0.006852690943048,10.740017532583815,1000000.0,781275.7970988011,0.1169999999999999,1.4924,False
clarky,ok,,0.2,28.163520563233483,0.6896256351215466,4.531818578709541,1.7678399999994887,0.3900950510915841,0.3900950510915841,5.889605322815197,0.7916327778990713,0.0820078471691569,3.000000029997916,3.5828803597891525,12.472485712602264,8.889605352813113,0.0220694670052833,28.163520563233483,30.172992867332763,0.3543310048684541,17.99335977417164,-0.3439812834922396,0.0066452378108472,10.774132221203091,1000000.0,778924.968180013,31.29280031290872,0.2347937567026953,18.271093318402272,-1.447061854524457,0.0073004522144815,10.11795514795115,1000000.0,807833.1372419341,0.1170712,1.5232,False
clarkyh,ok,,0.2,28.163520563251165,0.7411856545963581,4.216566046872498,1.7678399999999916,0.4192605974502,0.4192605974502,6.038215354175748,0.8860049802565981,0.0886882771316592,3.000000029998946,3.390031529682444,12.428246913857135,9.038215384174697,0.0218531782795618,28.163520563251165,30.77897232261298,0.315704633132161,19.556860475166125,0.276891034952532,0.0081087850470735,9.584891334052395,1000000.0,853974.6095481362,31.292800312917617,0.2221125722947103,19.220310636633634,-0.5731356800576627,0.0080134283814288,9.13932832693522,1000000.0,868230.9678435342,0.119,1.363367892976589,False
clarkys,ok,,0.2,28.163520563250565,0.8012503895333858,3.900476438357809,1.7678399999999963,0.4532369385993005,0.4532369385993005,6.170578174846702,0.999468854381597,0.0942102288047542,3.000000029998938,3.286024076832642,12.456602281678284,9.17057820484564,0.021440481553344,28.163520563250565,30.69735825072397,0.2942629993730255,18.87052760923264,2.632817442459055,0.0069126659088864,9.965340691518843,1000000.0,920731.697216869,31.292800312917034,0.2084711323879539,17.925039291292602,1.9709810351665675,0.0061797364201824,10.29943507055804,1000000.0,938591.292040616,0.117,1.245752508361204,False
clarkysm,ok,,0.2,28.1635205632504,0.6174968971842828,5.061172418303205,1.7678399996653833,0.3492945613297372,0.3492945613297372,5.631559987375851,0.6693638826448346,0.0684627362386823,3.000000029998935,2.86503034527063,11.496590362645415,8.631560017374785,0.0199159506902106,28.1635205632504,30.5614028816786,0.355544547842921,15.887885416932386,-0.29816141563213,0.0061195115472826,11.888537614985871,1000000.0,706434.5055375085,31.292800312916885,0.2546079588343,16.771759901574974,-1.3663586721694534,0.0068543730764363,11.182321417899503,1000000.0,723340.9409092295,0.1172196577181208,1.5491,False
clarkz,ok,,0.19,28.163520563250422,0.6472280611304981,4.82868165533673,1.767839999999999,0.3661123524360228,0.3661123524360228,5.943987495944669,0.7193586598133914,0.0760023331622316,3.000000029998936,3.5130611392216538,12.457048665165258,8.943987525943605,0.0221092118197315,28.163520563250422,30.551364589962176,0.3677925388961516,18.47678042719402,-0.7456958417589445,0.0078183454603767,10.374193374340628,1000000.0,740204.6165152313,31.292800312916903,0.2517046894830098,18.48610319344419,-1.8013410315920009,0.0082550497901046,9.759387703220623,1000000.0,758168.2705891549,0.1175,1.6384,False
clarym15,ok,,0.19,28.16352056218337,0.6903131396834647,4.527305197863174,1.7678399999553684,0.3904839463418028,0.3904839463418028,6.3325022682514245,0.9574673233611406,0.0818271243736404,3.0000000299403315,4.027063979476718,13.359566277668474,9.332502298191756,0.0237999860624924,28.16352056218337,30.48212941783091,0.3715026632387131,19.01164964331254,-0.2852218820256665,0.0070112819407125,10.439519078593552,1000000.0,787689.9072183293,31.292800312342585,0.2462461368050297,18.193072766559336,-1.460689466175689,0.0075308826117529,10.036182256870852,1000000.0,808638.4857421436,0.149857592877502,1.6282,False
clarym18,ok,,0.2,28.1635205632504,0.6860859580147531,4.555199282573501,1.767839999471829,0.388092790195794,0.388092790195794,6.46587965902862,1.098248709158025,0.0801089512511167,3.000000029998935,3.840926204979456,13.30680589400701,9.465879689027556,0.0233331886400433,28.1635205632504,30.69740712692451,0.367111695656977,19.88239643795957,-0.2718867373615478,0.0078148882856109,10.041972999202576,1000000.0,788395.3665319559,31.292800312916885,0.2513042941920019,19.12161586226392,-1.371025555929947,0.0079934183182123,9.742856210045495,1000000.0,803686.7306253543,0.1798060324614991,1.5791,False
coanda1,failed,Infeasible_Problem_Detected,0.3,,,,,,,,,,,,,,,,,,,,,,,,,,,,,,,,,,
coanda2,failed,Infeasible_Problem_Detected,0.25,,,,,,,,,,,,,,,,,,,,,,,,,,,,,,,,,,
coanda3,failed,too few converged polar points,0.02,,,,,,,,,,,,,,,,,,,,,,,,,,,,,,,,,,
cootie,ok,,0.19,28.1635205627598,0.6044756848877711,5.170196823012877,1.7678399999986671,0.3419289556114959,0.3419289556114959,5.375790339845197,0.5268743278451635,0.0639373957134442,3.000000029968464,2.7667349079255623,11.142525277739225,8.37579036981366,0.0196831948041671,28.1635205627598,30.719073296300643,0.3484134319952892,17.238978070735588,-2.4598631601817043,0.0094307795306057,9.82285435241111,1000000.0,695105.5952324183,31.292800312689607,0.2523855135168335,19.750740155701152,-3.306891008653054,0.0125708531812477,7.454555934018529,1000000.0,708087.7856579345,0.0846,1.5097759197324414,False
cr001sm,ok,,0.19,28.163520563218167,0.6825107779530156,4.579060677945483,1.767839999999614,0.3860704463939975,0.3860704463939975,5.644738937649733,0.5413972503025885,0.080657440671154,3.0000000299965985,3.6331968423444048,12.277935809990735,8.644738967646331,0.0225430462657795,28.163520563218167,30.58667190144966,0.3429712477440197,18.63508392310998,-1.7402744005188102,0.0068927785331456,10.732452462442955,1000000.0,781457.8833101325,31.292800312905445,0.2307064998599602,20.078035421113885,-2.78660273640632,0.0086467115743013,9.0418221140035,1000000.0,799498.7350752188,0.073315,1.504669899665552,False
cr1,ok,,0.2,28.1635205632504,0.683782229237679,4.570546193450293,1.767839999827821,0.3867896581728414,0.3867896581728414,5.97910849534821,0.817954461096986,0.0805348977184279,3.000000029998935,3.4975340697982698,12.476642595145414,8.979108525347144,0.0221294051964513,28.1635205632504,30.6523434443043,0.3463848403357816,18.96965676931836,-1.1080679843817165,0.0078335039303649,10.117575136488847,1000000.0,784594.629277943,31.292800312916885,0.2391844111994897,18.87234516371229,-2.106858405386654,0.0080454475532859,9.588544821880754,1000000.0,800988.123638681,0.1220726,1.5018,False
curtisc72,ok,,0.2,28.1635205632504,0.6480136836296353,4.822827579958393,1.7678399999998409,0.3665567492701226,0.3665567492701226,5.872402192636216,0.6895778145149283,0.0751484837977719,3.000000029998935,3.7203406486210695,12.59274287125622,8.872402222635152,0.0228866026064923,28.1635205632504,30.65014607276249,0.3689583807843278,17.75497374507897,-2.854655084562059,0.0066858639516656,11.067298902285971,1000000.0,743499.2991255532,31.292800312916885,0.2493873989204858,17.688054131833724,-3.943419726306249,0.0074516542448682,10.380242492380484,1000000.0,759088.5552420019,0.1173,1.6289548494983277,False
dae11,ok,,0.19,28.16352056325152,0.6175182003926685,5.06099781935608,1.767839999999996,0.3493066116801689,0.3493066116801689,5.769695591520188,0.6705532436207075,0.0704278710909197,3.000000029998943,3.242776885786024,12.012472507305157,8.76969562151913,0.0213898664742676,28.16352056325152,30.837045895656978,0.3648744287148292,18.618425209195124,-2.5763866484270856,0.0096990325493467,9.60054949242226,1000000.0,712830.6542279001,31.292800312918043,0.2586736660544255,19.34658101047307,-3.505076817327362,0.0111150713246839,8.190496184364225,1000000.0,723365.8955257449,0.1282734060058657,1.6335,False
dae21,ok,,0.19,28.1635205632504,0.5969599412984706,5.235289731673306,1.7678399958424356,0.337677585472886,0.337677585472886,5.652011081902621,0.6034387338279993,0.0664431674479476,3.000000029998935,3.315127227382656,11.967138339284212,8.652011111901555,0.021515428185539,28.1635205632504,30.66270017655015,0.3803037823732603,18.490282232328752,-2.5612987602204687,0.0099842162105579,9.625520363403211,1000000.0,685203.2664745214,31.292800312916885,0.2639911317816219,20.05962490610396,-3.5783367741426315,0.0126162011826288,7.619099511600186,1000000.0,699283.7834922207,0.1178366967414158,1.6939,False
dae31,ok,,0.2,28.1635205632504,0.5394759733389551,5.793137077658464,1.767839999450117,0.3051610855658646,0.3051610855658646,5.526206363643486,0.5105350844728019,0.0551336701999236,3.000000029998935,3.02739202730972,11.553598420952142,8.526206393642422,0.0205389611523446,28.1635205632504,30.668429830602527,0.4061331093423143,17.392946321516487,-2.9646731923707828,0.0101072602821376,10.064116092829936,1000000.0,619337.6573163398,31.292800312916885,0.287873172784475,19.98351188360164,-4.014192633465057,0.0142134317233177,7.468380015439072,1000000.0,631946.5894967602,0.1105641602259121,1.7528,False
dae41,failed,airfoil 'dae41' not found in the aerosandbox UIUC database,0.0,,,,,,,,,,,,,,,,,,,,,,,,,,,,,,,,,,
dae51,ok,,0.2,28.163520562776704,0.6093385257789584,5.128935941513826,1.7678399999481709,0.3446796801728792,0.3446796801728792,5.49772021515287,0.5447055430446773,0.0678709032795134,3.000000029970738,3.0365385306531394,11.534258775776747,8.497720245123608,0.0205438633677543,28.163520562776704,30.62927014429273,0.359885272612979,16.21286928114161,-1.0238956305059803,0.0064322738426088,11.712387232253793,1000000.0,698649.1322390006,31.29280031268468,0.2540161049329497,17.134559375863304,-1.9434362500073128,0.0073524211760446,10.761720292023409,1000000.0,713784.1574674033,0.0937800699953619,1.5940933110367894,False
dai1238,failed,airfoil 'dai1238' not found in the aerosandbox UIUC database,0.0,,,,,,,,,,,,,,,,,,,,,,,,,,,,,,,,,,
dai1335,failed,airfoil 'dai1335' not found in the aerosandbox UIUC database,0.0,,,,,,,,,,,,,,,,,,,,,,,,,,,,,,,,,,
dai1336,failed,airfoil 'dai1336' not found in the aerosandbox UIUC database,0.0,,,,,,,,,,,,,,,,,,,,,,,,,,,,,,,,,,
davis,ok,,0.2,28.1635205632504,0.7596895133736806,4.113862584798072,1.7678399998674763,0.4297275281872961,0.4297275281872961,6.008530518001931,0.8842409436779459,0.0898075140468885,3.000000029998935,3.26058634590446,12.269116893905323,9.008530548000866,0.0213069390283697,28.1635205632504,30.63011030299171,0.3070339282298588,18.459496744755945,-1.1248302311260894,0.0066239357528712,10.42311083564739,1000000.0,871060.9217529522,31.292800312916885,0.2159908155721025,18.662543080949938,-1.9983832472600616,0.0068144464882272,9.976276060219504,1000000.0,889906.5401712939,0.1124999999999999,1.3046555183946489,False
davis_corrected,ok,,0.19,28.16352056308237,0.8086235139436397,3.864911434935012,1.7678399999994638,0.4574076352746204,0.4574076352746204,6.587778018890484,1.213156904745689,0.0952680483234526,3.000000029989114,3.795712246094265,13.383490294973862,9.587778048879596,0.0230465635197802,28.16352056308237,30.522050265136464,0.3168851836741836,19.83778780919851,1.564162993354128,0.0067032684555921,9.969741855737489,1000000.0,923897.7457156488,31.29280031283262,0.2159678307513186,18.90098601808717,0.626746552911646,0.0067100029064052,9.836197862355034,1000000.0,947228.230574659,0.158983882498703,1.3221414715719064,False
davissm,failed,too few converged polar points,0.01,,,,,,,,,,,,,,,,,,,,,,,,,,,,,,,,,,
daytonwright6,ok,,0.19,28.16352056314544,0.7216934266492918,4.330451338748887,1.7678399999999144,0.4082345838137652,0.4082345838137652,6.153987661970956,0.9565211434357191,0.0849683483469785,3.000000029991177,3.4132433239133464,12.56723101587548,9.153987691962133,0.0218141134718758,28.16352056314544,30.61275089886529,0.3314274318446749,19.85607268253851,-2.4899234317809533,0.0090018049655321,9.220136541287433,1000000.0,827025.5855067659,31.292800312881177,0.2310335411621868,19.685739862075213,-3.607079078783785,0.009311797926249,8.449658719929568,1000000.0,845397.6118123427,0.1359999999999999,1.409508695652174,False
daytonwrightt1,ok,,0.19,28.16352056304976,0.6776188250782302,4.612118421058898,1.7678399999998848,0.3833032542980554,0.3833032542980554,6.116891832305094,0.8699596891763608,0.0808999367186288,3.000000029987356,3.6380609166934783,12.754952778985928,9.11689186229245,0.0225520128007446,28.16352056304976,30.576416341611047,0.3591092101390505,18.841703754466348,-2.8845568444227427,0.0074348577008344,10.3644782115643,1000000.0,775596.5778910568,31.29280031281473,0.2450635955448641,18.48563604067973,-3.9586414271295807,0.007633402331517,10.011769863296736,1000000.0,793768.2612666995,0.1337,1.5601026755852845,False
dbln526,failed,too few converged polar points,0.01,,,,,,,,,,,,,,,,,,,,,,,,,,,,,,,,,,
defcnd1,ok,,0.2,28.163520563120287,0.6949885688409353,4.49684844574025,1.767839999999887,0.3931286591778553,0.3931286591778553,6.612166317480014,1.1577610383900123,0.0868317369373386,3.000000029990644,3.904866090815834,13.517032438286492,9.612166347470655,0.0235162543551274,28.163520563120287,30.651758555954068,0.3692319046865314,20.58607613411966,-0.151947308972105,0.0086694557288107,9.52021254909739,1000000.0,797437.94206509,31.2928003128588,0.2519190889258106,19.499197481837967,-1.2399344774231813,0.0087532355443188,9.164276054911785,1000000.0,814115.3218790649,0.2090897988983341,1.5766,False
defcnd2,ok,,0.2,28.1635205632504,0.7656177533699371,4.082008613557092,1.7678399995328515,0.4330809086638215,0.4330809086638215,6.394102025952271,1.092729909582175,0.0913775693989677,3.000000029998935,3.5563059599606954,12.9504080159119,9.394102055951205,0.022347630404401,28.1635205632504,30.67713342660021,0.3205887092388994,19.35850561755398,0.0526565602718956,0.0069695963666441,10.09758817772406,1000000.0,879205.9307519894,31.292800312916885,0.2234913600957438,18.98697675441671,-1.002426342459069,0.0071920234297909,9.7003952480077,1000000.0,896850.929399349,0.1473113149398416,1.3635872909698996,False
defcnd3,ok,,0.19,28.16352056324863,0.6361150212369027,4.913039562439475,1.7678399999996972,0.3598261274985359,0.3598261274985359,5.658595418903479,0.6601949962187124,0.0728797700911422,3.0000000299987715,3.084383300123955,11.742978749026204,8.65859544890225,0.0208503155583469,28.16352056324863,30.841718847017034,0.3461559444609864,16.052681411090514,0.96815431515462,0.005937203062449,11.884746789921945,1000000.0,734409.1230309542,31.292800312916626,0.2479301013661767,16.208905047969726,-0.017915290283853,0.0062038206125797,11.663075945639063,1000000.0,745150.3643161777,0.1147641189685751,1.5199,False
df101,ok,,0.19,28.16352056325043,0.7154298996809995,4.368364066123097,1.7678399999990186,0.4046915443034418,0.4046915443034418,5.833265135986928,0.7797114891192143,0.0848373414450749,3.000000029998936,3.16311311189938,11.996378277885244,8.833265165985864,0.0209537187144828,28.16352056325043,30.59873542614524,0.3194349461706804,16.277718170606946,0.7334424078114717,0.0051848807604827,11.878189760440852,1000000.0,819472.5361219741,31.292800312916903,0.2248907752389553,16.608646618573474,-0.2365406548558592,0.0056835417914288,11.499440007445148,1000000.0,838060.4648410807,0.1099854841830119,1.368033110367893,False
df102,ok,,0.19,28.1635205632504,0.6765926633518761,4.619113438445399,1.7678399994462777,0.3827227936712589,0.3827227936712589,5.771705654341368,0.7189602639991504,0.0786762838956832,3.000000029998935,3.2053291081262354,11.977034792466538,8.771705684340303,0.0212016807567344,28.1635205632504,30.7502023765755,0.3339122778128494,16.181497434062862,0.8565530875807759,0.0052643190752522,12.096968438939244,1000000.0,778823.5960240593,31.292800312916885,0.236142538443289,16.447510052160887,-0.1562112459731278,0.0057489923339219,11.785096860738127,1000000.0,792566.2072368735,0.1099848752930178,1.4576,False
dfvlrr4,ok,,0.2,28.1635205632504,0.6423107833734187,4.865648135603935,1.7678399999997674,0.3633308350153313,0.3633308350153313,6.045856494180182,0.7800000037772143,0.0740331840829101,3.000000029998935,4.042067476522061,13.08792400070118,9.045856524179117,0.0239183086000326,28.1635205632504,30.568405826975887,0.3889432943137776,18.321017542148027,-0.5465870127970882,0.0056940915662842,11.651837912858753,1000000.0,734990.6964597094,31.292800312916885,0.2565204199681442,17.553170179798563,-1.6851980778483016,0.0055759246837067,12.3814771031991,1000000.0,752408.1310078825,0.1338141090767733,1.7466,False
dga1138,failed,too few converged polar points,0.01,,,,,,,,,,,,,,,,,,,,,,,,,,,,,,,,,,
dga1182,failed,airfoil 'dga1182' not found in the aerosandbox UIUC database,0.0,,,,,,,,,,,,,,,,,,,,,,,,,,,,,,,,,,
dh4009sm,failed,Infeasible_Problem_Detected,0.39,,,,,,,,,,,,,,,,,,,,,,,,,,,,,,,,,,
doa5,ok,,0.19,28.1635205632504,0.7619758618188119,4.101518725440247,1.7678399999952843,0.4310208287066954,0.4310208287066954,6.538904848638635,1.188050260918028,0.0898004835180848,3.000000029998935,3.6958034462004847,13.234708324838056,9.53890487863757,0.0227904142319213,28.1635205632504,30.6331762597842,0.3301379262592709,18.89074197637231,-0.8990237373178482,0.0059063541139841,10.785472346900146,1000000.0,873769.9038720436,31.292800312916885,0.2280209572543272,18.162577032664327,-1.8737460643298849,0.0059209301259442,10.957929636883526,1000000.0,892584.7874678429,0.1620459519038076,1.3989,False
dormoy,failed,too few converged polar points,0.01,,,,,,,,,,,,,,,,,,,,,,,,,,,,,,,,,,
drgnfly,ok,,0.21,28.1635205632504,0.6235321807751673,5.012184386943755,1.767839998766371,0.3527084924033162,0.3527084924033162,6.123303145235665,0.939214366187362,0.0821750290652767,3.000000029998935,3.8921340012754113,13.015437176510012,9.1233031752346,0.0236962113278976,28.1635205632504,30.943377041616507,0.3888398657888677,19.69748707225689,-1.717964879560702,0.0106635928744049,9.113767134758834,1000000.0,722254.772431735,31.292800312916885,0.2665082713191399,18.51511787900141,-2.9009235878418043,0.0112401629953395,8.19921610979869,1000000.0,730410.7220863568,0.1933549007419084,1.684981939799331,False
ds19,ok,,0.19,28.163520561031326,0.6757177468675288,4.625094249465118,1.7678399999147358,0.3822278865169468,0.3822278865169468,5.464941223552204,0.5802400578783166,0.079737543793638,3.000000029877912,2.9315165396423657,11.396457793072482,8.464941253430116,0.0204252390987246,28.163520561031326,30.99159375751168,0.3132009407197983,14.891938301436646,0.3749944483169015,0.0047578186992091,12.774263940474128,1000000.0,783922.3996906552,31.292800311713627,0.2281792159508062,14.984294311720149,-0.4395065499949595,0.0048533681441783,12.913661717047423,1000000.0,791541.3226353751,0.084978506197108,1.3963588628762542,False
ds21,ok,,0.2,28.1635205632504,0.7044792829373221,4.4362671001027225,1.7678399999996603,0.3984971959778359,0.3984971959778359,5.604617707226181,0.6242578184019606,0.0812540866773813,3.000000029998935,3.3562006092251475,11.960818346450264,8.604617737225116,0.0216682106560956,28.1635205632504,30.680890515228704,0.3217088918161077,16.436119555733192,0.7652284332151368,0.0048599791498844,12.268514492150032,1000000.0,809095.9460275044,31.292800312916885,0.2224747952070469,16.399838906638735,-0.1744817415960656,0.0047784496160673,12.750149494431378,1000000.0,825232.8223804993,0.0859897028450183,1.397244481605351,False
dsma523b,ok,,0.19,28.163520560718943,0.5300405069072828,5.896263063811935,1.7678399993216485,0.2998238002933912,0.2998238002933912,5.375379688860403,0.5156062363586045,0.0514544636013807,3.0000000298488554,2.693531354223516,11.068911072932774,8.375379718709258,0.0191972636817726,28.163520560718943,30.345906868853344,0.4044845283478224,15.08168413554527,-1.165436960224996,0.0076024809321981,11.61229250299457,1000000.0,602106.0896544857,31.29280031166963,0.2878146562365655,16.21754328229973,-1.7508603519707484,0.0088966331938607,10.378812195299234,1000000.0,620893.8065824236,0.1099759999999999,1.7745,False
du-80-141,ok,,0.19,28.1635205632504,0.635076205174807,4.921075990065856,1.7678399998721266,0.3592385087003032,0.3592385087003032,5.868180048152411,0.7349011450967076,0.070022602172693,3.000000029998935,3.165190562873549,12.033370641024897,8.868180078151346,0.020952373989509,28.1635205632504,30.58646169407751,0.3612511937678335,16.493954814308342,-1.2749453840935838,0.0066393961061058,11.27598916554426,1000000.0,727141.4787505363,31.292800312916885,0.2543467089639301,15.97331302279468,-2.248878088714243,0.0063254186674076,11.5877082809173,1000000.0,743933.4866963566,0.1404247346387626,1.5569,False
du-80-176-v1,ok,,0.2,28.1635205632504,0.7627921689109507,4.097129457838039,1.7678399999584875,0.4314825826595521,0.4314825826595521,6.645057827676292,1.242650817686793,0.089886567524524,3.000000029998935,3.846905418249384,13.491963275924611,9.645057857675226,0.0233102048966644,28.1635205632504,30.64038866253838,0.3360366935324105,21.2544189677868,-1.4543226843430144,0.0083622725155345,9.277679297437851,1000000.0,874911.920707069,31.292800312916885,0.2303117374951693,19.54469633713057,-2.4030606250981275,0.0074525098038478,9.571278848304622,1000000.0,893541.0163236727,0.1758095580753307,1.4226,False
du84132v,ok,,0.2,28.163520563250405,0.6737097668331051,4.638879261447758,1.767839999999122,0.3810920483943342,0.3810920483943342,6.028281611965081,0.837640186530056,0.0790409981920823,3.000000029998935,3.5232604488095034,12.55154209077352,9.028281641964016,0.0222067043387844,28.163520563250405,30.638104932085604,0.3540028535409585,18.38743556873841,-1.0958052500661664,0.0070774399158565,10.642258329255492,1000000.0,772678.0601872184,31.29280031291689,0.2440898472199221,18.705716011019422,-2.1530590508782854,0.007918089736377,9.79448197356731,1000000.0,789189.1583114526,0.13628601404741,1.534,False
du8608418,failed,Infeasible_Problem_Detected,0.26,,,,,,,,,,,,,,,,,,,,,,,,,,,,,,,,,,
du861372,failed,airfoil 'du861372' not found in the aerosandbox UIUC database,0.0,,,,,,,,,,,,,,,,,,,,,,,,,,,,,,,,,,
e1098,ok,,0.19,28.1635205632504,0.8169823584680659,3.825368114558146,1.7678399996154213,0.4621359165115585,0.4621359165115585,6.924265641210915,1.4200580654197508,0.0935968951854081,3.000000029998935,3.995015285685221,13.919280956895072,9.924265671209849,0.0238021439611124,28.1635205632504,30.62456420498348,0.3240190957099867,21.579632684893564,-1.7031366191530088,0.0081508067274006,9.07230452885787,1000000.0,936583.3529638746,31.292800312916885,0.2212601300474343,19.99133317936153,-2.570352606526193,0.0080282474714445,8.811970825668832,1000000.0,957019.8499651266,0.1895428832444919,1.3573,False
e1200,ok,,0.2,28.163520562878805,0.7022209523466985,4.450534059338342,1.7678399999999963,0.3972197440643383,0.3972197440643383,6.415713753535885,1.068197083489965,0.08372814209713,3.000000029977733,3.818780434309076,13.234494217822691,9.415713783513617,0.0231890841304895,28.163520562878805,30.60690372237033,0.3588401984056557,19.295058198285894,-1.4353597340408772,0.006697120229196,10.597764366901698,1000000.0,804557.3729866841,31.292800312725152,0.244228827948225,18.66740464077991,-2.417110343038916,0.0068137216366347,10.569161102663248,1000000.0,822587.3953594818,0.1694668488035797,1.5379,False
e1210,ok,,0.2,28.1635205632504,0.6066539922388882,5.1516322410837,1.7678399999999992,0.3431611414148839,0.3431611414148839,6.012729913838476,0.7201433658256136,0.068509791883658,3.000000029998935,4.042275405316545,13.055005349153957,9.01272994383741,0.0239739669591588,28.1635205632504,30.638634432049013,0.4088871877599008,19.8851399058185,-1.1700214141248324,0.0093237121160377,9.828165619031614,1000000.0,695783.7842032495,31.292800312916885,0.2706030943784549,18.990813424279803,-2.390719130219805,0.0093926209891511,9.383009479901885,1000000.0,710639.4727978688,0.1584445463593125,1.8284,False
e1211,ok,,0.2,28.1635205632504,0.6206621521727547,5.035361435620633,1.7678399999999983,0.3510850258919106,0.3510850258919106,6.145944597419681,0.8120160389131267,0.0707062145095627,3.000000029998935,3.991080915495645,13.137025542914262,9.145944627418617,0.0238006056075611,28.1635205632504,30.63981838260586,0.4021385668255161,20.05235528201014,-0.935157961982394,0.009277435722026,9.743555646899134,1000000.0,711877.5349202976,31.292800312916885,0.2684051008105241,19.086846680936144,-2.109429901071507,0.0092640104487989,9.369001762531196,1000000.0,727048.7464820868,0.1801991830196698,1.7775,False
e1212,ok,,0.2,28.163520563250405,0.6431511905876808,4.859290181429439,1.7678399999992565,0.3638062214838171,0.3638062214838171,6.104339646063355,0.8484044905040797,0.0746934644084654,3.000000029998935,3.8098246147157298,12.91416429077802,9.10433967606229,0.0230494883874027,28.163520563250405,30.46266332975703,0.3859435662762943,19.779228511798493,0.3984392981022109,0.0091158695405159,9.669283693383,1000000.0,733406.5543201999,31.29280031291689,0.2578415094360861,18.994488412463586,-0.7290400905910015,0.009013612215354,9.306715994328387,1000000.0,753392.590926471,0.1769897671130952,1.6657,False
e1212mod,ok,,0.19,28.163520563250472,0.6219597856123565,5.024855847413609,1.7678399999972747,0.351819047885168,0.351819047885168,5.975343335336975,0.805505160040977,0.0710584579243552,3.000000029998936,3.416741314963476,12.392084680299384,8.97534336533591,0.0220316259517415,28.163520563250472,30.90114170198575,0.3721682617533831,18.66896066538823,1.2880093417536898,0.0090411075931565,9.903272246193044,1000000.0,719450.0861728069,31.29280031291696,0.2628489383735763,18.094986581732048,0.3093290120590711,0.0090275078534695,9.461518427246826,1000000.0,728568.8049600378,0.1771529211461148,1.6522,False
e1213,ok,,0.19,28.163520563250536,0.6415179778011114,4.871661237473828,1.767839999998945,0.362882374989532,0.362882374989532,5.994860801991332,0.83465402972018,0.0773090342787953,3.0000000299989376,3.3713593461922464,12.366220178182516,8.99486083199027,0.0218979468628798,28.163520563250536,30.93241334061036,0.3593410656337283,18.62886558878993,1.6216344699154333,0.0089104823161271,9.826170534143593,1000000.0,742824.9366156159,31.292800312917,0.2553895231215449,17.982022762851045,0.7003272176380719,0.008842025235296,9.405082929995984,1000000.0,751479.4320445035,0.1738316107890765,1.5833,False
e1214,ok,,0.2,28.16352056322484,0.6808310001672955,4.59035834859456,1.76783999999998,0.3851202598466508,0.3851202598466508,6.407113291152134,1.0301425148739818,0.0791646808020837,3.000000029997113,3.675626568225678,13.082739889374926,9.407113321149248,0.0227825255902222,28.16352056322484,30.71512872912741,0.3632963402480613,20.1557463161024,1.562739739085527,0.0092145624234714,9.371193343006958,1000000.0,782808.4413595977,31.29280031290748,0.2516717759798152,19.13489386270322,0.5631452891237206,0.0090864331439031,9.00980591612857,1000000.0,797531.0295702657,0.1981554963493984,1.5749,False
e1230,ok,,0.19,28.16352056325062,0.6185882644255168,5.052243059446646,1.767839999999707,0.3499119062956033,0.3499119062956033,6.154039174788557,0.8692923067755568,0.0711367023442267,3.0000000299989376,3.816616291201404,12.9706554959889,9.154039204787496,0.0231516123453722,28.16352056325062,30.56714670302282,0.4002734304804682,18.85791451606413,0.3351114902772488,0.0082173796266455,10.298620701313055,1000000.0,707816.0659699611,31.2928003129171,0.2695433066896836,17.603849369299212,-0.8476201231226453,0.0077191180613346,10.524787329025902,1000000.0,724619.3773291295,0.1744621229145386,1.7562,False
e1233,ok,,0.2,28.1635205632504,0.6471554398577266,4.829223510197784,1.767839999805786,0.3660712733781466,0.3660712733781466,6.392327643002882,0.998282208334077,0.0745475267032929,3.000000029998935,4.025207402299609,13.417535075301426,9.392327673001816,0.0239166481312044,28.1635205632504,30.63964092949397,0.3939155344806681,19.699867828091907,-1.1346687436304803,0.0077916872845816,10.281872829086623,1000000.0,742260.0999873629,31.292800312916885,0.2643516889628286,18.73258946492736,-2.3438137885019352,0.0079280462727808,10.131539711911946,1000000.0,758083.2015166137,0.1892732357731854,1.7167,False
e168,ok,,0.2,28.163520563241324,0.7849133581403032,3.981660183494223,1.767839999999996,0.4439956999164545,0.4439956999164545,6.06869677635135,0.914667584991717,0.092116158929732,3.00000002999822,3.2452516648694547,12.313948471219025,9.068696806349571,0.0211491581627432,28.163520563241324,30.477942725849203,0.3012386081965032,18.62646158208246,2.719308107082569,0.0067863031914338,10.14486366215046,1000000.0,895511.5817998167,31.29280031291426,0.2104459743296807,18.54179266313252,1.8924809532797795,0.0066926993694935,9.90183802069771,1000000.0,919453.9591872288,0.1243195931903603,1.2619515050167225,False
e169,ok,,0.2,28.16352056321616,0.8001965725366276,3.905613161641994,1.767839999999962,0.4526408343156873,0.4526408343156873,6.29990982587861,1.043926952592359,0.0932947019267198,3.000000029996567,3.4296889556351964,12.729598811510376,9.299909855875178,0.0217801481703741,28.16352056321616,30.4869075271619,0.3052794711502075,19.4962295776558,2.701971043108137,0.0073029184890818,9.696116533269128,1000000.0,913216.8128383146,31.29280031290353,0.2116895951850838,19.06098580086445,1.870753679604702,0.007233970350423,9.373415231751908,1000000.0,937356.842148558,0.1438557181571815,1.2741929765886288,False
e171,failed,Infeasible_Problem_Detected,0.28,,,,,,,,,,,,,,,,,,,,,,,,,,,,,,,,,,
e174,ok,,0.2,28.16352056288888,0.7060089633662809,4.426655223608774,1.7678399999999896,0.3993624781463736,0.3993624781463736,5.645819724723476,0.629802398798017,0.0820900547805634,3.0000000299743173,3.1918814607496784,11.83770121544747,8.645819754697794,0.0210952867290374,28.16352056288888,30.662340816076885,0.3180920859220697,17.581097023739098,-0.7493447616581954,0.0065160312472777,10.893383726907798,1000000.0,810362.544773818,31.292800312771973,0.2230557498219105,18.995258838900707,-1.6125600953541188,0.0079508123499922,9.351650015062193,1000000.0,827024.7026039462,0.0892013567319847,1.380981939799331,False
e176,ok,,0.19,28.163520562606607,0.7693291669540826,4.062316105826886,1.767839999999986,0.4351803143689975,0.4351803143689975,5.690402725990527,0.7119083863199778,0.0920864113806636,3.00000002996394,2.9373536994240843,11.62775645537855,8.690402755954466,0.0201725752645191,28.163520562606607,30.57813053684871,0.2883156297053573,17.048110026763204,-0.2367275989633526,0.0059281269644304,10.949813076899824,1000000.0,880616.7996718991,31.29280031256659,0.2057525217657998,18.532139944470064,-1.0076204248919014,0.0071576415950729,9.487473713955414,1000000.0,901198.5095300772,0.0882231733685306,1.2204642140468225,False
e178,ok,,0.2,28.16352056325127,0.794230393860029,3.934951734106896,1.7678399999999783,0.4492659934496553,0.4492659934496553,5.719543512493784,0.7391592835163473,0.0937819696460447,3.00000002999885,2.9594377952448725,11.678981337737508,8.719543542492634,0.0203152679268584,28.16352056325127,30.68031191922848,0.2786411399863124,17.078820874183,0.3629364053765912,0.0053408137683792,11.309167875008471,1000000.0,912158.0844244248,31.292800312918736,0.1999699363075091,18.139281525053505,-0.2598720742995744,0.0059749981811178,10.448667207150852,1000000.0,930368.0114092464,0.0868065676396245,1.1829,False
e180,ok,,0.2,28.16352056321573,0.810418492334998,3.8563511261884287,1.7678399999999994,0.4584229864325947,0.4584229864325947,5.721136821642876,0.757073349452545,0.0947274384213662,3.000000029997025,2.8393701292265967,11.560506980866498,8.721136851639901,0.0198878160421662,28.16352056321573,30.652337409501325,0.2707987535043408,16.838270831677605,0.8019670253769664,0.0047578994021703,11.7908826371298,1000000.0,929901.1353585562,31.29280031289828,0.1960113498390749,17.536300937434145,0.3403561090585058,0.0046773702941838,11.950416085889044,1000000.0,949330.8830175146,0.0857782699192283,1.1417759197324413,False
e182,failed,Infeasible_Problem_Detected,0.31,,,,,,,,,,,,,,,,,,,,,,,,,,,,,,,,,,
e184,failed,too few converged polar points,0.01,,,,,,,,,,,,,,,,,,,,,,,,,,,,,,,,,,
e186,failed,Infeasible_Problem_Detected,0.27,,,,,,,,,,,,,,,,,,,,,,,,,,,,,,,,,,
e193,ok,,0.19,28.163520563093662,0.7365384259004266,4.243170696463252,1.7678399999999606,0.4166318365352311,0.4166318365352311,5.82240724781945,0.755431754578415,0.0897193868907234,3.000000029988925,3.20779334239426,12.030200620202637,8.822407277808376,0.0210857243771215,28.163520563093662,30.56988337246153,0.3117426441728367,17.361227360314032,-0.5265761947047568,0.0060542297704229,11.011993401650445,1000000.0,842855.314151047,31.292800312847145,0.2181770943920011,18.20283892611147,-1.42346263468497,0.0069877571942417,9.957490139861196,1000000.0,862787.1659500869,0.1022369185251237,1.3282197324414715,False
e195,ok,,0.2,28.16352056325188,0.7650537707722375,4.085017792207461,1.7678399999999996,0.4327618849965142,0.4327618849965142,6.019225902332835,0.8868113421684322,0.0877724871702469,3.00000002999896,3.249110883131062,12.268336815462856,9.019225932331794,0.0213319093529923,28.16352056325188,30.72231983809835,0.3030344729166533,18.1863525246992,-0.2816374322743862,0.0061109386408407,10.775326063950825,1000000.0,879852.3621600983,31.29280031291828,0.214731009808193,18.57085231416809,-1.0929641780821484,0.0064807919542342,10.251737246916225,1000000.0,896190.2753118934,0.1180758982851043,1.2953,False
e197,ok,,0.2,28.163520563250145,0.7827400622203047,3.9927153552546497,1.7678399999999974,0.4427663488892127,0.4427663488892127,6.218080032723055,1.0110567221196405,0.092169497036902,3.0000000299987315,3.343035314807055,12.56111537752884,9.218080062721786,0.0215506694658887,28.163520563250145,30.577793540410667,0.3061291405184426,18.654542338923427,0.0765453328754829,0.0064495660353784,10.376616085373916,1000000.0,895957.7792982453,31.29280031291872,0.2145064589605535,18.54485539224598,-0.7392278921361964,0.0065403268691609,10.102794819443934,1000000.0,916908.1424836369,0.1347772419924939,1.2873,False
e201,ok,,0.2,28.1635205632504,0.7568967496146395,4.129041731397899,1.767839999976885,0.4281477676851616,0.4281477676851616,6.001526133803278,0.8720110552641613,0.0894596431348338,3.000000029998935,3.2535888789390204,12.255115042741233,9.001526163802213,0.0212324696031415,28.1635205632504,30.557209501755885,0.3092855901198389,18.05771540345028,-0.4681686015425035,0.0062170419308841,10.731110839090832,1000000.0,865793.1993160342,31.292800312916885,0.2166192102777703,18.278966653060536,-1.3056645471209578,0.0064129818927711,10.38214147521854,1000000.0,886635.0736941891,0.11861728889534,1.3102,False
e203,ok,,0.19,28.163520563250405,0.7673675108522018,4.07270078730479,1.767839999999966,0.434070679955322,0.434070679955322,6.164501157718004,0.9802599927718972,0.0902684404027947,3.000000029998935,3.389910858931895,12.554412046648832,9.164501187716938,0.021803203329801,28.163520563250405,30.70916533564411,0.3094306026732271,17.79270375813754,-0.3821640667285799,0.0066285048215256,10.353488497006405,1000000.0,882135.4164584372,31.29280031291689,0.2175318654888916,16.992461821822182,-1.1969101513241411,0.0066098623955088,10.146841466840774,1000000.0,898900.6094589339,0.1362444695308462,1.3179023411371238,False
e205,ok,,0.2,28.1635205632504,0.7622621207825537,4.099978446226848,1.7678399999953718,0.431182754539183,0.431182754539183,5.868904484647989,0.8044486717716023,0.0900994286344018,3.000000029998935,3.148991217349927,12.017895731996852,8.868904514646925,0.0208658781216889,28.1635205632504,30.54044078793698,0.3014947881062359,16.910552346609524,0.3155286816416919,0.005470391488935,11.324472660993251,1000000.0,871452.0140151866,31.292800312916885,0.2119254434765908,17.494320776666456,-0.4257477449622424,0.0061053808995073,10.617856184407028,1000000.0,892920.1135707836,0.1047338644569997,1.2779772575250836,False
e207,ok,,0.19,28.163520563237853,0.7650564183929758,4.085003655239771,1.767839999999987,0.432763382655094,0.432763382655094,6.034131935843892,0.8910119627698216,0.0904898389152535,3.0000000299981866,3.301966174349502,12.33609814019158,9.03413196584208,0.0213740428308231,28.163520563237853,30.52482022907324,0.308662906112423,17.610221699128083,0.5651731643145819,0.0059107570906098,10.899553144876991,1000000.0,874199.222902017,31.29280031291075,0.2150851504226443,17.66709937966145,-0.3212357238691385,0.0062067362432393,10.530953686988337,1000000.0,896193.3767563788,0.1202044643396072,1.3054287625418062,False
e209,ok,,0.19,28.163520563204788,0.7618556213844803,4.102166050728358,1.767839999999992,0.4309528132548668,0.4309528132548668,6.187547580769864,0.9706051058587472,0.0899065187606222,3.000000029996743,3.4414896070042524,12.629037217770858,9.187547610766607,0.0220239940300022,28.163520563204788,30.77175582670108,0.3122477584214473,18.756803074082768,0.6339642731431977,0.0066997013058759,10.33537900209014,1000000.0,877584.1931247878,31.29280031288907,0.2196566655495992,18.353994188524933,-0.1937631897787025,0.0066942529565947,10.118551636781415,1000000.0,892443.9368316008,0.1368480306646554,1.3395,False
e210,ok,,0.19,28.16352056277789,0.6588712784525482,4.743351801431261,1.7678399999884642,0.3726984786275045,0.3726984786275045,5.917070688285406,0.7695486261121983,0.0765121873407362,3.000000029970976,3.337757787461028,12.254828505717413,8.917070718256383,0.0215773730098483,28.16352056277789,30.64117668783401,0.3533475639546469,17.583451154220743,-1.825242081488874,0.0068657600190783,10.922467502913925,1000000.0,755735.5525717885,31.292800312683507,0.2465125845348605,17.755347915499918,-2.81557391014178,0.0073719023943986,10.355087837634406,1000000.0,771807.2310589268,0.1363752728987367,1.5429030100334449,False
e211,ok,,0.19,28.163520562061763,0.7328282840163807,4.264652898589923,1.767839999999756,0.414533150068152,0.414533150068152,5.88833506760193,0.792070261687401,0.0870046401611988,3.000000029933044,3.229415141865369,12.117750239400344,8.888335097534974,0.0212580673308881,28.163520562061763,30.71277169711569,0.3126713358178457,17.496174918463705,-1.1306490778713556,0.0052531461226989,11.700991323921686,1000000.0,842529.4155866158,31.29280031228348,0.2209203166015007,17.71380045961184,-1.9793057982254536,0.0051421407606562,12.019971388140377,1000000.0,858441.0752368819,0.1094888016559048,1.3501695652173913,False
e212,ok,,0.2,28.163520561835693,0.6655548984485664,4.695718222623228,1.7678399997740422,0.376479148867338,0.376479148867338,5.624863088949926,0.6560760760768238,0.0758646158335546,3.0000000299215346,3.2222780200322543,11.847141138903716,8.62486311887146,0.0214335360076673,28.163520561835693,31.0018007103426,0.330340754048828,15.750737710739408,-1.5500335632885311,0.0052577598635486,12.255753289131958,1000000.0,772386.4433051827,31.292800312152345,0.2360400986246809,15.62407968409548,-2.34034919735457,0.0054698985907392,12.209432022193006,1000000.0,779636.478538461,0.1055365797353423,1.4705060200668896,False
e214,ok,,0.2,28.163520563250536,0.6750357187496705,4.629767253484407,1.7678399999998684,0.3818420890746452,0.3818420890746452,5.888535439102243,0.7037460000816843,0.0812752260270153,3.0000000299989376,3.750115232363186,12.638650701464368,8.88853546910118,0.0230058974257238,28.163520563250536,30.674006114535352,0.3549271942212266,18.369921243752582,-2.3594681108917976,0.0063813613092741,11.0881986208782,1000000.0,775105.9873643451,31.29280031291701,0.2398396139428914,18.809820247660937,-3.407305570977288,0.0074030805145268,10.164946892276507,1000000.0,790742.3892846232,0.1110151474104881,1.5659795986622074,False
e216,ok,,0.2,28.1635205632504,0.6171936196570659,5.063659386716063,1.767839999999368,0.3491230086757209,0.3491230086757209,5.767053439806806,0.5817074770945152,0.0702980836632611,3.000000029998935,3.884992658728567,12.652046128534309,8.767053469805742,0.0234332486908955,28.1635205632504,30.631730163396725,0.3896750514821036,18.119285202745,-3.581075310163026,0.0069514768664781,11.097176315355116,1000000.0,707712.3814167095,31.292800312916885,0.2587317272404177,18.463108540082683,-4.487212023300788,0.0082597137322629,10.00094090054557,1000000.0,722985.678984454,0.1041877885665622,1.7464715719063544,False
e220,ok,,0.2,28.163520563111348,0.7708132990515821,4.054494479331149,1.7678399999999066,0.4360198315750423,0.4360198315750423,6.027023157786167,0.9005989062003092,0.0912738000583745,3.000000029991268,3.247313057082041,12.274336244859477,9.027023187777434,0.021166949601625,28.163520563111348,30.493516774244263,0.305449984495434,17.948656701546145,1.1205301209322551,0.0057933990265436,10.962152755655604,1000000.0,879874.1346063605,31.29280031284236,0.213310787625657,17.885861207921298,0.493032116137021,0.005568327750108,11.182777629634709,1000000.0,902937.0340756376,0.1145917980228738,1.2859976588628763,False
e221,ok,,0.2,28.1635205632504,0.7804357945871044,4.00450400554367,1.76783999996994,0.4414629121415823,0.4414629121415823,5.7884215826445855,0.7727312254422432,0.0921412453783698,3.000000029998935,2.9926892192015195,11.78111083184504,8.788421612643521,0.0204065419870997,28.1635205632504,30.64715526646092,0.2866652452198673,17.37153454047418,1.256309470802348,0.0054301743886701,11.29667098555128,1000000.0,895346.5960417622,31.292800312916885,0.2051120445727181,17.708999550859165,0.7262858115801013,0.0052074695564407,11.493221723961794,1000000.0,914208.9044540604,0.0937777153539578,1.2160448160535116,False
e222,ok,,0.2,28.1635205632504,0.7338632828201941,4.25863827580206,1.7678399999501735,0.415118609625802,0.415118609625802,5.810462020862262,0.7534382812236814,0.088153947568383,3.000000029998935,3.3593568829496663,12.169818933810864,8.810462050861197,0.0215806305685401,28.1635205632504,30.541716367796443,0.3170942712407685,16.821535269602872,-0.656814600669598,0.0051528559007752,11.741293885095654,1000000.0,839020.2391757832,31.292800312916885,0.2186759318483795,16.938648510686704,-1.5692970651113507,0.0054253257799458,11.635805778103846,1000000.0,859653.481384152,0.1016583051499997,1.3560632107023411,False
e224,ok,,0.19,28.1635205632504,0.7277264329153055,4.2945509656487335,1.7678399970598395,0.411647227195682,0.411647227195682,5.8312584872730575,0.7430452847124471,0.0847354803701397,3.000000029998935,3.3786919484971687,12.20995046576916,8.831258517271992,0.0215747103991222,28.1635205632504,30.440785390907045,0.3229537711564821,16.48578010377742,0.6777408191851327,0.0050807081398929,11.81227489313795,1000000.0,829254.509948098,31.292800312916885,0.2210405272230616,16.213547086482563,-0.2743275898095386,0.0050960026605486,12.118745597240718,1000000.0,852464.7263583089,0.1017241205785632,1.3739876254180603,False
e226,ok,,0.2,28.1635205632504,0.8364438782566753,3.736363358386362,1.7678399978688186,0.4731445601779755,0.4731445601779755,6.002936799255558,0.9252053970609528,0.09539975782101,3.000000029998935,3.0572891573708123,12.060225986625303,9.002936829254493,0.0206251411309859,28.1635205632504,30.6451061583668,0.2738436635095523,17.454917976679184,1.5542609214235903,0.0050627800021162,11.25887448227776,1000000.0,959537.110377065,31.292800312916885,0.1960491012368584,17.626794063060565,0.8097963607220203,0.0049493996025258,11.414644006679673,1000000.0,979817.2351791592,0.1017739898074643,1.1488434782608696,False
e228,failed,Infeasible_Problem_Detected,0.24,,,,,,,,,,,,,,,,,,,,,,,,,,,,,,,,,,
e230,failed,Infeasible_Problem_Detected,0.3,,,,,,,,,,,,,,,,,,,,,,,,,,,,,,,,,,
e231,ok,,0.2,28.16352056199713,0.7996444544263244,3.908309809800052,1.767839999996214,0.4523285220540529,0.4523285220540529,6.251155513333764,1.067135673346578,0.094227740953058,3.0000000299314458,3.334223778909861,12.58537932217507,9.25115554326521,0.021558997279444,28.16352056199713,30.63216289329213,0.2991716055959798,18.04852032835713,0.7311851048967735,0.005401593497242,11.079514492994589,1000000.0,916934.747458264,31.29280031222834,0.2107252188571615,17.758593254781434,-0.086935886786246,0.005252743696026,11.364592213822291,1000000.0,936710.0864378832,0.1233015443979052,1.2546,False
e266,failed,Infeasible_Problem_Detected,0.28,,,,,,,,,,,,,,,,,,,,,,,,,,,,,,,,,,
e297,failed,Infeasible_Problem_Detected,0.25,,,,,,,,,,,,,,,,,,,,,,,,,,,,,,,,,,
e325,ok,,0.2,28.1635205632504,0.8426101214865955,3.709020561108296,1.7678399999976642,0.476632569399781,0.476632569399781,6.387809636746628,1.1472062705420367,0.0947129249685858,3.000000029998935,3.4275560394082816,12.815365706153845,9.387809666745564,0.0218881327479181,28.1635205632504,30.648226573841605,0.2888018367913084,20.05810947379249,3.39211396043123,0.0075092961931309,9.338713898270893,1000000.0,966709.2170893238,31.292800312916885,0.2029341162816423,19.439764833777293,2.6199313019851727,0.0073857160192211,8.969309599222644,1000000.0,987040.4220011808,0.1262458880203516,1.209699331103679,False
e326,ok,,0.2,28.1635205632292,0.8049180596287953,3.882703622081997,1.7678399999999816,0.4553116003873674,0.4553116003873674,6.304472277246084,1.0773675632668631,0.0937192510607294,3.000000029997379,3.4293403504521875,12.733812657695651,9.304472307243463,0.0217793343136322,28.1635205632292,30.487421294217395,0.3035789944614412,19.6270027935511,2.742855814823994,0.0074256957304525,9.5944085357494,1000000.0,918620.645963472,31.292800312909563,0.2105511105028216,19.096659043206103,1.910520073495164,0.0072619909074538,9.31625863239815,1000000.0,942887.6309359516,0.1286676725157139,1.2663170568561872,False
e327,ok,,0.19,28.16352056255492,0.769859426796486,4.059518084495881,1.767839999999991,0.4354802622389412,0.4354802622389412,6.222425617364071,1.0142308389224612,0.0908463779177273,3.000000029961272,3.3994773642002545,12.621903011525598,9.222425647325345,0.0216764362693136,28.16352056255492,30.484977820502724,0.3146646511324976,19.25785191672901,2.0609293313249286,0.0073634937284944,9.839491970677589,1000000.0,878539.2188221054,31.29280031253699,0.2181982136984217,18.90441204201068,1.203446079674472,0.0072713017273058,9.553946822925989,1000000.0,901819.6602669863,0.1311730546321,1.319713043478261,False
e328,ok,,0.2,28.1635205632504,0.740440046393231,4.220812043896723,1.7678399999999994,0.418838835184876,0.418838835184876,6.174528525357137,0.9632522495153912,0.0875172469886977,3.000000029998935,3.4716884744152856,12.646217029771355,9.174528555356073,0.0220362459122096,28.1635205632504,30.64520380957952,0.3243784701468947,19.29804572557316,1.3773322494601683,0.0073600951059176,10.025921905826564,1000000.0,849407.8133550003,31.292800312916885,0.2256894809240349,18.70150948596288,0.4692929532543557,0.0069925784506982,10.021134609455643,1000000.0,867357.5562659673,0.1333487448662157,1.3840782608695652,False
e329,ok,,0.19,28.1635205632504,0.700558684148294,4.461094175617979,1.767839999980923,0.3962794620304178,0.3962794620304178,6.064775006677452,0.8905073411520869,0.0847543980075189,3.000000029998935,3.476426866755349,12.541201903431734,9.064775036676387,0.0221091644396074,28.1635205632504,30.72411425753744,0.3382534334382031,18.195010159053776,0.7243911857483174,0.0072281834157003,10.37645203351455,1000000.0,805726.6540492375,31.292800312916885,0.2356839291930837,17.79688676531167,-0.3514048869138514,0.0074857248759904,9.911422755618762,1000000.0,820640.2007430346,0.1353776503696881,1.465623076923077,False
e330,ok,,0.2,28.163520563250493,0.7486903709323558,4.174300067073208,1.7678399999999994,0.4235057306839737,0.4235057306839737,5.943732551072724,0.8426984614401993,0.0887282852269656,3.0000000299989367,3.209470012003848,12.153202593075507,8.94373258107166,0.0210358417117132,28.163520563250493,30.48932906106032,0.3114577004980071,19.09247401688734,3.075145846651765,0.007967400678667,9.62093337318302,1000000.0,854503.7113406435,31.29280031291697,0.217587537893846,19.00952949011757,2.1157309265581,0.0077781702007914,9.227996138402393,1000000.0,877022.054243239,0.1102807076540902,1.3170210702341136,False
e331,ok,,0.2,28.163520563211105,0.7605257396243249,4.109339240960672,1.7678399999996823,0.4302005496110856,0.4302005496110856,6.0232433821043125,0.8763718498084481,0.0922755865078262,3.000000029996265,3.3657211546851364,12.388964566785711,9.023243412100577,0.0217943521474579,28.163520563211105,30.81334598806169,0.3060199153659052,19.45214778123544,2.1472945311274323,0.0079375817248859,9.564568385153027,1000000.0,877236.3430230083,31.292800312901072,0.2161056971678909,19.00006064471169,1.352267620208077,0.0077548481818184,9.17699942093313,1000000.0,890886.1024075173,0.1127121756841269,1.3253411371237458,False
e332,ok,,0.19,28.1635205632504,0.7338465988868241,4.258735095304111,1.7678399999006915,0.4151091721694542,0.4151091721694542,6.00538368014707,0.8414919901293436,0.0885593976533093,3.000000029998935,3.302664264299516,12.308047974445522,9.005383710146006,0.0213748671405871,28.1635205632504,30.5226163543742,0.321104725209454,18.94610908669693,1.7617138055960064,0.0075277583709344,9.977991883558474,1000000.0,838476.4745754825,31.292800312916885,0.2235189748133429,18.59589001346517,1.027828520481187,0.0071068817958652,9.928881446175872,1000000.0,859633.9377115325,0.1152834991708934,1.3772622073578595,False
e333,ok,,0.19,28.163520562857155,0.713136008716672,4.382415454274405,1.7678399999998615,0.4033939772359082,0.4033939772359082,5.936463939876356,0.8148054289067153,0.0844932463934255,3.0000000299830187,3.358997582451385,12.29546155231076,8.936463969859375,0.0216691885306278,28.163520562857155,30.668779682241507,0.3269533538465736,18.181760241656573,1.2423366292446971,0.0069808894352462,10.473898919849086,1000000.0,818714.9105281724,31.29280031264596,0.2282500088166821,17.474826058443718,0.1889721876657597,0.006383352391835,10.778849418890267,1000000.0,835373.3821035885,0.1174652739514568,1.4232361204013375,False
e334,ok,,0.2,28.1635205632504,0.6819359874067077,4.5829202788997865,1.7678399999993637,0.3857453091948101,0.3857453091948101,5.895919413147479,0.7669822875615984,0.0798678923025198,3.000000029998935,3.442627087130912,12.338546530277329,8.895919443146415,0.0219208938050283,28.1635205632504,30.622297497351667,0.3441526900453438,18.50706928048909,0.3543542415847404,0.0079990842559919,10.0397319209922,1000000.0,781709.1930627609,31.292800312916885,0.2376099877906124,19.238731031281866,-0.8304426376235364,0.0094137421279344,8.627303805844386,1000000.0,798825.420705286,0.1193323915105614,1.4839836120401335,False
e335,ok,,0.2,28.1635205632504,0.7868111405022331,3.9720564500460327,1.7678399999999916,0.445069203379399,0.445069203379399,6.199466525331522,1.014998867998701,0.0921750496440765,3.000000029998935,3.334319882640246,12.533786437970704,9.199466555330456,0.02156746766789,28.1635205632504,30.643733137585684,0.3025762002426482,20.54212392354863,2.406922911552099,0.00921699376572,8.710262689503136,1000000.0,902559.8501830556,31.292800312916885,0.2129656718321631,20.02416739459052,1.654895799969389,0.0090924592611468,8.109345839340952,1000000.0,921677.037044572,0.1257797390656917,1.276,False
e336,ok,,0.2,28.163520563250405,0.7402294450873012,4.222012899297443,1.76783999999954,0.4187197060183578,0.4187197060183578,6.092593672195885,0.932982130381348,0.0875351312564633,3.000000029998935,3.3282872595346347,12.420880961729456,9.09259370219482,0.0214445729867625,28.163520563250405,30.49816609939151,0.321769525605514,19.727018956430243,2.203428267811492,0.0089512345773925,9.128521636604525,1000000.0,845091.8630955106,31.29280031291689,0.2237375556098154,19.2644420612168,1.3399588240816334,0.0087629568720969,8.63428018362612,1000000.0,867110.8561654249,0.1279825349602185,1.356563879598662,False
e337,ok,,0.2,28.1635205632504,0.729376738445201,4.28483402454266,1.767839999999986,0.4125807417216529,0.4125807417216529,6.115834757841832,0.9237515531341848,0.086138439567193,3.000000029998935,3.4480508236021885,12.563885611442956,9.115834787840766,0.021955950908955,28.1635205632504,30.64547142494032,0.3271491301601082,19.801563953369428,1.8495934577679605,0.0084152366159807,9.482916380019882,1000000.0,836723.6669255241,31.292800312916885,0.2276470345677947,19.08618065798897,1.0107993325590117,0.0079202954553114,9.331425508139212,1000000.0,854397.9064026749,0.1310420260108909,1.3995394648829431,False
e338,ok,,0.2,28.1635205632504,0.7226622354915139,4.324645888626629,1.767839999995504,0.4087826022113719,0.4087826022113719,6.130783449453077,0.919305579686118,0.0853704367502445,3.000000029998935,3.518148329392122,12.648931808844134,9.130783479452012,0.0221936101834508,28.1635205632504,30.64405420647996,0.332454614361197,19.60883501567647,1.2760909145017811,0.0078117230987978,9.864681580658932,1000000.0,828982.6100741986,31.292800312916885,0.2301389591072858,18.482551305008617,0.2243138480580742,0.0067785166797561,10.357282303691884,1000000.0,846532.4824561577,0.1330174743837366,1.427285618729097,False
e339,ok,,0.19,28.1635205632504,0.6852392280586379,4.560828011048064,1.7678399999996572,0.3876138270764157,0.3876138270764157,6.0270837963081245,0.8551312887045992,0.0787863106642896,3.000000029998935,3.4745343648087137,12.501618191115773,9.02708382630706,0.0220178672553595,28.1635205632504,30.606186208100745,0.3473856700439854,19.089584803577573,0.3109547624677039,0.0082953103172278,9.839052254938156,1000000.0,785082.45439318,31.292800312916885,0.2399510852568159,19.7174004807743,-0.9087904077415708,0.0095506366588421,8.560196782139984,1000000.0,802694.8639552494,0.1353741778749993,1.4959371237458194,False
e342,ok,,0.2,28.1635205632504,0.7225370195813077,4.325395351179377,1.7678399999864214,0.4087117723249035,0.4087117723249035,6.195115640325144,0.9698471477134752,0.0857608466036105,3.000000029998935,3.5027473126255275,12.697862982949603,9.195115670324078,0.0221360918912195,28.1635205632504,30.63702409519889,0.3339517278202156,20.202573702579407,1.7909120261497364,0.0090285597763037,9.200988063374574,1000000.0,828648.8264647947,31.292800312916885,0.2318005989588324,19.21053067722129,0.8947000339177262,0.0084032522304566,9.057006904682236,1000000.0,846385.8035140994,0.1424967171026801,1.426824414715719,False
e343,ok,,0.19,28.163520554591727,0.6859772489563868,4.555921162367476,1.767839999949946,0.3880312975019285,0.3880312975019285,6.068776523880679,0.9018507058940592,0.080930725333688,3.0000000295068983,3.418909915870601,12.48768646925818,9.068776553387575,0.0219916452240644,28.163520554591727,30.83464462048009,0.3415078548912746,18.63206515566537,1.3389368312066738,0.0078739177134076,10.087214801219108,1000000.0,791794.5311425949,31.29280030842854,0.2407999817321987,17.52796700467385,0.3042926478106922,0.0071349930149924,10.346878410764244,1000000.0,803559.3876082507,0.1446778054476332,1.4940545150501672,False
e344,ok,,0.19,28.1635205632504,0.6592411596907892,4.7406904433126025,1.7678399999955996,0.3729077064058004,0.3729077064058004,6.040226395675966,0.8564369055627195,0.0741245897083951,3.000000029998935,3.501175405361724,12.541401831036625,9.040226425674902,0.0221664712132951,28.1635205632504,30.68648783642445,0.3603410306319462,18.45874786601877,0.5541282121455151,0.0077422401282423,10.337200956399023,1000000.0,757277.9959453732,31.292800312916885,0.2497770049734468,19.42387259002397,-0.8863319739034735,0.0096377087435098,8.73823647916856,1000000.0,772240.5129842199,0.1471790485888673,1.5623842809364548,False
e360,ok,,0.2,28.163520563250835,0.7290884920866836,4.286528040862869,1.7678399999999987,0.4124176916953367,0.4124176916953367,6.036568825307131,0.8811625430164058,0.0863850711726223,3.000000029998943,3.368942466736471,12.405511322042546,9.036568855306074,0.0215667205153711,28.163520563250835,30.476093125009747,0.3267549383970866,17.877545960611673,2.09005833543942,0.0059222618331312,11.090227621651426,1000000.0,831770.2321824261,31.292800312917283,0.2257567680226821,17.717568026169,1.1820508540812271,0.0057775395613415,11.30738992874666,1000000.0,854060.2522491204,0.1222868184941806,1.389,False
e361,ok,,0.2,28.163520563250625,0.730186109213857,4.280084523882207,1.767839999999998,0.4130385720505576,0.4130385720505576,6.019218480273833,0.8705076720846545,0.0865077090214908,3.00000002999894,3.352142451365079,12.371360961637851,9.019218510272772,0.0215090471174577,28.163520563250625,30.47498141375935,0.3253893473179554,17.762593778611652,2.2691825674114496,0.0057909636026773,11.189428340690428,1000000.0,832992.0459537057,31.29280031291709,0.224984605285375,17.64748418040886,1.3622355869162763,0.0056598360978296,11.429152361741467,1000000.0,855346.0099735636,0.1210743005237164,1.3828,False
e374,ok,,0.19,28.16352056204188,0.7981907574487623,3.9154277801696185,1.7678399999970342,0.4515062208401786,0.4515062208401786,6.050486822162585,0.9298658556725028,0.0936040105875391,3.000000029933372,3.2212175823968345,12.271704434492792,9.050486852095958,0.0210716060179839,28.16352056204188,30.483494707850785,0.2951039357167491,17.25636910919029,1.008486853812707,0.005199714906742,11.292682078212888,1000000.0,910825.7225559722,31.292800312257963,0.2065297919290686,17.20100458545558,0.2025777586644065,0.0051962379799992,11.411504707333822,1000000.0,935007.2138504372,0.1090648773539003,1.2368334448160536,False
e377m,failed,too few converged polar points,0.01,,,,,,,,,,,,,,,,,,,,,,,,,,,,,,,,,,
e378,failed,Maximum_Iterations_Exceeded,1.56,,,,,,,,,,,,,,,,,,,,,,,,,,,,,,,,,,
e385,failed,Maximum_Iterations_Exceeded,1.56,,,,,,,,,,,,,,,,,,,,,,,,,,,,,,,,,,
e387,ok,,0.2,28.16352056303756,0.7344932793229806,4.254985516583929,1.767839999985156,0.4154749747313942,0.4154749747313942,5.758700941137507,0.6762405327059489,0.0896876911370569,3.0000000299855927,3.4289970105939607,12.18769798171706,8.7587009711231,0.0218465169516133,28.16352056303756,30.58309893805706,0.3164296681644086,17.938561332446874,-0.6985784079555264,0.0065135173597254,10.664099549933065,1000000.0,840878.3176822835,31.29280031281957,0.2172047574661952,18.68425799899288,-1.6013534112086332,0.0075575583224369,9.46094349967897,1000000.0,860391.4644459847,0.0906889867846944,1.3719153846153846,False
e392,ok,,0.2,28.1635205632504,0.6941885355345816,4.50203094060614,1.7678399999973842,0.3926761106975794,0.3926761106975794,5.746241066054754,0.6708836792287579,0.0817149844611594,3.000000029998935,3.339788581106524,12.086029677160212,8.746241096053689,0.0215835671951964,28.1635205632504,30.640154849405363,0.3307734366860924,17.606983679202482,-1.1339279056546423,0.0063104254811235,11.095525700964782,1000000.0,796218.4393776768,31.292800312916885,0.2294887857391366,18.38779248491236,-2.036391422989116,0.0072253914924833,10.098303350804049,1000000.0,813178.1562909271,0.1014338927210193,1.439095652173913,False
e393,ok,,0.19,28.16352056325058,0.6505015477493786,4.804382520546545,1.7678399999987522,0.3679640395905952,0.3679640395905952,5.703261379010802,0.6650975465904743,0.0762199907845342,3.0000000299989376,3.0740329072967065,11.777294316306444,8.70326140900974,0.0206867985981355,28.16352056325058,30.65198844083213,0.3437052815033042,16.555756114339598,-1.7460033262927428,0.0063956229921941,11.386940613059329,1000000.0,746398.6161189082,31.29280031291705,0.2436975450111075,17.111918269735067,-2.624224532619872,0.0070457492303111,10.671946685237664,1000000.0,762002.8597209186,0.1152321722789957,1.494752508361204,False
e395,ok,,0.19,28.16352056325045,0.6783237550051568,4.607325399607726,1.7678399999978922,0.3837020064066689,0.3837020064066689,6.154452318681054,0.7580779827182574,0.0781000999479481,3.000000029998936,3.986673170447679,13.14112551912767,9.154452348679987,0.0236395847087202,28.16352056325045,30.45172663362619,0.3726301661165763,19.13107817016775,-3.07666014807236,0.007066650841098,10.51106816421215,1000000.0,773237.2846184745,31.29280031291694,0.245817502711892,18.584472698394624,-4.185655190267835,0.0074533949827046,10.164495801788744,1000000.0,794594.0219806411,0.1228535226506054,1.6385,False
e396,ok,,0.19,28.16352056325063,0.661598981413462,4.723795461297217,1.767839999999936,0.3742414366761052,0.3742414366761052,6.044709212613403,0.7653998102534362,0.0768786888476344,3.000000029998938,3.6595726742920505,12.704281916904392,9.044709242612342,0.0227035969156048,28.16352056325063,30.682504916386776,0.3638144861090017,18.716520771143458,-3.1861348116420904,0.0073162271653,10.559860475618104,1000000.0,759887.8115763515,31.29280031291711,0.2490102605343217,18.53883666251161,-4.185780550494705,0.0077051984708006,10.083273971580924,1000000.0,775002.4847279845,0.1305813348560139,1.6329,False
e397,ok,,0.19,28.163520562838933,0.6920344945691341,4.516044055719231,1.7678399999863113,0.3914576514698687,0.3914576514698687,6.250753409262908,0.8463429917188316,0.084033384057286,3.0000000299755314,4.092773761826697,13.343527201065136,9.25075343923844,0.0239773924712727,28.163520562838933,30.42484344994492,0.3715288268049901,19.40462592262497,-2.9867786432595214,0.0072599474705684,10.280171838882875,1000000.0,788170.059112822,31.29280031270381,0.2434819793758368,18.617965039004496,-4.099187471854885,0.0076890630101263,9.872041261700602,1000000.0,810654.894998783,0.1351388625098831,1.611,False
e398,ok,,0.2,28.16352056323644,0.659189904160256,4.741059057300314,1.767839999999974,0.3728787130963581,0.3728787130963581,6.050293968144035,0.7966836313349148,0.0756178755691341,3.000000029997816,3.774905434008905,12.825199432150756,9.05029399814185,0.0230745332197086,28.16352056323644,30.65294417474574,0.3693307850628569,19.05030943286624,-2.8658544686343475,0.0074688290374464,10.465886799052598,1000000.0,756391.3954399907,31.292800312913048,0.2500746101670861,18.742471423364066,-3.905231221059324,0.0077721059586581,10.053397202286543,1000000.0,772180.4718324619,0.1415783463396864,1.6189,False
e399,ok,,0.2,28.1635205632504,0.6630033325664382,4.713789678102485,1.767839999999781,0.3750358248294644,0.3750358248294644,6.093912025913671,0.8307536237072856,0.077278745610624,3.000000029998935,3.758291373221093,12.8522034291337,9.093912055912606,0.023003532297447,28.1635205632504,30.633747248362443,0.3684409963358835,18.993270041599143,-2.8277654730618056,0.0073817004975908,10.486743267504,1000000.0,760290.6933298223,31.292800312916885,0.2498345508434289,18.6162463517772,-3.8565775597206255,0.0076222332391823,10.151394493314196,1000000.0,776647.5532114689,0.1483124497629352,1.608,False
e403,ok,,0.2,28.1635205632504,0.7202627581213592,4.339052978043032,1.767839999999992,0.4074253089201299,0.4074253089201299,6.2517463272462175,0.9939569311335198,0.0850073748168356,3.000000029998935,3.611150166936021,12.862896524181174,9.251746357245151,0.0225063233798402,28.1635205632504,30.63867925924168,0.3393235903783857,18.86753369577192,-2.09428805125016,0.0066281500076804,10.595061429182916,1000000.0,826085.1937066586,31.292800312916885,0.2339646360250376,18.534913965278548,-2.9381045203308247,0.0067787644790196,10.407128323747008,1000000.0,843721.7149405135,0.1495693499583887,1.4527,False
e407,ok,,0.19,28.1635205632504,0.6742703209313028,4.635022732838925,1.7678399999986385,0.3814091325752455,0.3814091325752455,6.111045327481065,0.871867379953098,0.0797141719693059,3.000000029998935,3.69998194593772,12.81102730341772,9.11104535748,0.0228471864947994,28.1635205632504,30.69033307726901,0.3597932630613353,18.349813282817063,-2.2963431734098534,0.0060510672492985,11.293723786112604,1000000.0,774639.2242370815,31.292800312916885,0.2461226741225929,17.999471065195134,-3.2633599068176737,0.0060932688223029,11.484339534569328,1000000.0,789845.7959896766,0.144268520919725,1.5756,False
e417,ok,,0.2,28.16352056297986,0.7332167788572833,4.262393272655196,1.7678399999997727,0.4147529068566033,0.4147529068566033,6.206073907795565,0.9829239476715652,0.0862916673697257,3.0000000299827114,3.456037977926826,12.662111915705102,9.206073937778276,0.0218406137061734,28.16352056297986,30.446772945689165,0.3322748983785664,18.816125764374853,-1.7982053817008152,0.0067954751098701,10.411827658716438,1000000.0,835675.1759398828,31.29280031278552,0.2286965031399314,18.76444914648157,-2.6172663355873222,0.0069684248735911,10.11192348608715,1000000.0,858896.1613004445,0.141837030139332,1.4005775919732442,False
e420,ok,,0.2,25.06686762660989,0.3427079642824644,9.11930445545208,1.7678399999999974,0.1938568899235592,0.1938568899235592,4.704453072942593,0.3107689839330829,0.0165117444332842,3.0000000299989527,1.7044525725059123,9.40890567544746,7.704453102941546,0.0158639944960801,25.06686762660989,30.34911020013272,0.5316542747919237,23.23900655006537,-5.539128202110888,0.0396503076712767,5.252184645618633,1000000.0,389344.4586953276,27.852074862166635,0.5169027336648765,23.93597856346644,-5.747112798590739,0.0490897661073411,4.347209714913936,1000000.0,357310.3441663535,0.1433746451757292,2.1764,False
e421,ok,,0.2,28.1635205632504,0.5353382930352184,5.837912785213884,1.7678399999221872,0.302820556757841,0.302820556757841,5.8375111694468425,0.5747656830817892,0.0562240214072848,3.000000029998935,4.072595125616405,12.910106325062182,8.837511199445778,0.0240660799947196,28.1635205632504,30.624504186488007,0.4586376407957546,19.565681002167874,-4.0838999892110905,0.0105288887675902,9.85367791969099,1000000.0,613707.193976913,31.292800312916885,0.3006900987025555,19.49173821574273,-5.52077407346166,0.0119740347782276,8.614967789163524,1000000.0,627099.6766110405,0.1452691847404431,2.049730769230769,False
e422,ok,,0.2,28.16352056325048,0.5747267361099302,5.437816042374198,1.7678399999999832,0.3251011042345097,0.3251011042345097,5.921383455128995,0.6160245222098163,0.0628799986178198,3.000000029998936,3.8702259098051335,12.791609394933063,8.921383485127931,0.0233908008892197,28.16352056325048,30.641962847728568,0.422801912376832,19.09112575916008,-2.372623173656963,0.0096764540496183,9.923451525612602,1000000.0,659237.3739467526,31.292800312916963,0.2827406599429589,18.97210615102878,-3.658249536122681,0.0108800599204538,8.79194051590196,1000000.0,673239.6225477676,0.1399369739905318,1.8863903010033445,False
e423,ok,,0.2,25.388555663339044,0.3712240438843002,8.418792686214182,1.7678399999999996,0.2099873539937439,0.2099873539937439,4.727675220040386,0.3280834272991837,0.0199939391548847,3.000000029998944,1.7276747172817497,9.45534996732108,7.727675250039329,0.0159949221458089,25.388555663339044,30.44928151943653,0.4899973478770006,22.345001167630244,-5.4903908296348805,0.034075969294956,5.547653096026197,1000000.0,423133.0856513192,28.209506010513813,0.4665821513012216,23.632695538920863,-5.691728385981009,0.0431137437469682,4.464099349938526,1000000.0,392008.43919121247,0.1252025185755278,2.0191347826086954,False
e426,ok,,0.2,28.1635205632504,0.6945198570693529,4.499883241333838,1.767839999999987,0.3928635267158555,0.3928635267158555,5.792202113732952,0.6882474894179507,0.0825141880731426,3.000000029998935,3.3953446164555414,12.187546760187429,8.792202143731886,0.0216707519299215,28.1635205632504,30.49667815438541,0.3365370416568168,18.58721696356463,2.140696006500137,0.0074067532599318,10.317882076500547,1000000.0,792868.2769406552,31.292800312916885,0.2305846843172915,18.35836854219633,1.1608012316138836,0.0070190501996987,10.295796474474798,1000000.0,813566.2690588019,0.1082424390243902,1.4573314381270903,False
e428,ok,,0.2,28.1635205632504,0.7095762465387998,4.404400884087337,1.7678399949041952,0.4013803560187323,0.4013803560187323,5.84344591824285,0.7174336164724877,0.0834593286080303,3.000000029998935,3.4607543885393883,12.304200336781172,8.843445948241785,0.0219691932533622,28.1635205632504,30.603661193640104,0.3302279827723379,18.81741329237409,2.2894707299304766,0.0074886701875594,10.163655247109716,1000000.0,812898.4465210725,31.292800312916885,0.2270073483520594,18.47705249409018,1.330965278522761,0.0072016353476435,10.009379080764788,1000000.0,831203.4498326834,0.1112334896810506,1.4388498327759198,False
e431,ok,,0.2,28.163520563250405,0.6740182190636612,4.636756362320919,1.767839999989718,0.3812665281176924,0.3812665281176924,6.116682458674366,0.923469039430986,0.0803249685014069,3.000000029998935,3.3673876827200955,12.484070171393396,9.116682488673302,0.0215187262379931,28.163520563250405,30.415697124125188,0.3571045085477144,17.563913724797967,-2.04636203120056,0.0062604241561461,11.168214391791151,1000000.0,767420.239745516,31.29280031291689,0.2463670674572703,18.983089491931025,-3.0574221017825223,0.0083526326658201,9.488506440858664,1000000.0,789550.4817937965,0.1511979784355669,1.5149,False
e432,ok,,0.19,28.16352056315076,0.6872097078960309,4.547750460579367,1.7678399999996568,0.3887284527424225,0.3887284527424225,6.198919201929443,0.9716558490052782,0.0808461661232829,3.000000029993324,3.661803025982309,12.860722257905076,9.198919231922767,0.0228251399168043,28.16352056315076,30.83643535018224,0.3510379375690303,18.46810769487823,-1.855583826621793,0.0066376739880543,10.820435933905756,1000000.0,793263.1726403339,31.2928003128647,0.243817559604287,19.23634950921408,-2.8182758347080425,0.0084357190247503,9.33530191075914,1000000.0,805003.1002314533,0.1597640893859967,1.5243,False
e433,ok,,0.2,28.1635205632504,0.6856252924418448,4.558259879213038,1.7678399991830052,0.387832209226345,0.387832209226345,6.137806798678304,0.9169900554274252,0.0806085207206384,3.000000029998935,3.683577311023828,12.821384139701069,9.137806828677238,0.0227464533572058,28.1635205632504,30.630015898570484,0.3555166586283896,17.78364755288777,-2.228223216185853,0.0061319002817008,11.152606043844813,1000000.0,786136.373144111,31.292800312916885,0.2427574698921432,18.57946007432692,-3.267283127825989,0.0080730878020268,9.598504564850312,1000000.0,803147.1033179415,0.1421317717296086,1.5325,False
e434,ok,,0.2,28.163520563250405,0.7004429271005209,4.46183142791719,1.767839999999834,0.3962139826571333,0.3962139826571333,6.100459141118553,0.8973708335405112,0.0829573522421941,3.000000029998935,3.470903630161735,12.571362801279223,9.100459171117487,0.0220112628285552,28.163520563250405,30.6141732068498,0.341563026976352,18.17627711615632,-1.426168920720065,0.0067098812695548,10.70218323341376,1000000.0,802710.8392589017,31.29280031291689,0.2366508188926202,19.213501397823794,-2.452319885214824,0.0084605166586813,9.172671887242943,1000000.0,820504.6019770491,0.1333359815603337,1.4703,False
e435,ok,,0.2,28.1635205632504,0.6770537737958328,4.615967573853839,1.7678399999991332,0.3829836262309738,0.3829836262309738,6.239541909190553,0.9520439906391888,0.0792531850311628,3.000000029998935,3.728556880538569,12.968098819728056,9.239541939189488,0.0229104174139786,28.1635205632504,30.64457348988023,0.3637912956290374,18.410766937454007,-2.8508422367735253,0.0065109455031824,10.92386671763799,1000000.0,776677.2470025741,31.292800312916885,0.2485677254620643,19.05184848734829,-3.818818305054797,0.0082256394100543,9.590021914566002,1000000.0,793106.3555530846,0.1623184386413333,1.5715,False
e471,failed,Maximum_Iterations_Exceeded,1.79,,,,,,,,,,,,,,,,,,,,,,,,,,,,,,,,,,
e472,ok,,0.2,28.1635205632504,0.6831993308899317,4.5744457353731045,1.7678399999997756,0.3864599346603869,0.3864599346603869,5.875442137543441,0.7390645077111236,0.0800267913154793,3.000000029998935,3.479952836130598,12.355395003672974,8.875442167542376,0.0219683241975429,28.1635205632504,30.51178332042122,0.3464817281136907,18.642828889313105,3.149867299535245,0.0076114967645489,10.255037329199183,1000000.0,780331.0031355878,31.292800312916885,0.2366246727987108,18.70421430600963,2.213599383597461,0.0078877097667332,9.68445544997926,1000000.0,800305.3116451852,0.1208840475600693,1.4992,False
e473,ok,,0.2,28.163520563250405,0.7177652421834968,4.354151025887962,1.7678399999999983,0.4060125589326508,0.4060125589326508,6.24705086492018,0.9711298677442198,0.0847464732791422,3.000000029998935,3.525163706756533,12.772214601675648,9.247050894919116,0.0222675243350596,28.163520563250405,30.713055963126887,0.3364682109586228,20.07970186677857,3.1438253830829206,0.0090043022567618,9.24355130665738,1000000.0,825219.1413030812,31.29280031291689,0.2346595775447673,19.492640661547167,2.177163303271381,0.0090611048045744,8.669314705354708,1000000.0,840796.1042429915,0.1617542682926829,1.4478,False
e474,ok,,0.2,28.163520563250504,0.7166975893473293,4.360637334424386,1.7678399999999777,0.4054086282397379,0.4054086282397379,6.1100647813750895,0.9027600225613092,0.0857932416417177,3.000000029998936,3.378783384042821,12.488848195416846,9.110064811374023,0.0217329907336532,28.163520563250504,30.66367109632652,0.3305555588650443,19.050526416719315,3.222929668279796,0.0078529976597903,9.887813919003484,1000000.0,822666.7219877066,31.29280031291699,0.2315277137385525,19.05990127400128,2.208871304966396,0.0082267912276138,9.206216127931462,1000000.0,839545.4469353266,0.1407346778711484,1.4213,False
e475,ok,,0.2,28.163520563194933,0.7586541396182319,4.11947698218823,1.7678399999997516,0.4291418565132243,0.4291418565132243,6.401073420644408,1.0772926490144017,0.0905844864149524,3.000000029995903,3.5878269590899112,12.98890040973022,9.401073450640313,0.0224674285725435,28.163520563194933,30.694014504007505,0.3241361615870701,19.81969136840334,3.391233921934641,0.0078405105980219,9.612122418040704,1000000.0,871688.5955988099,31.292800312886875,0.2257101421300538,19.23845998555372,2.3195941881025783,0.0080202984130977,9.105484197365389,1000000.0,888693.6947766449,0.1499362520268705,1.3905,False
e476,failed,Infeasible_Problem_Detected,0.29,,,,,,,,,,,,,,,,,,,,,,,,,,,,,,,,,,
e477,failed,Infeasible_Problem_Detected,0.32,,,,,,,,,,,,,,,,,,,,,,,,,,,,,,,,,,
e478,ok,,0.2,28.163520563252668,0.7434816068844774,4.203544831050007,1.7678399999999994,0.4205593305301824,0.4205593305301824,6.279740333610449,1.0057724038473053,0.0879747896951195,3.000000029998968,3.495221126239197,12.774961489848614,9.279740363609417,0.0219937764718429,28.163520563252668,30.4753269342456,0.329988603934427,19.54728616660073,2.9667968147675805,0.0078565964230588,9.694947447917198,1000000.0,848169.0882903029,31.29280031291907,0.2273437695729658,19.03415485635394,2.0370990904152424,0.0077662966824826,9.382752579919394,1000000.0,870920.465225063,0.1568904379070289,1.3888,False
e479,ok,,0.19,28.16352056325092,0.7592566115536943,4.116208167360779,1.7678399999999963,0.4294826520237668,0.4294826520237668,6.409931908408202,1.0811735436696184,0.089011569130278,3.000000029998935,3.643960183316142,13.05389212172328,9.409931938407135,0.0225071247337397,28.16352056325092,30.488461113554145,0.3299033658469437,20.04116980619761,2.935013295898888,0.008015596934638,9.49791273303677,1000000.0,866538.6231998359,31.29280031291746,0.225743555043662,19.261729993274724,2.0058826019669382,0.0079420819834688,9.161120134387373,1000000.0,889399.4353545066,0.1655329587675577,1.3865,False
e485,ok,,0.2,28.163520562975283,0.7686172224520225,4.06607889376955,1.767839999999984,0.4347775943818611,0.4347775943818611,6.166327263025966,0.9788538066893128,0.0908295531164987,3.000000029984084,3.377451595786184,12.543778888796233,9.166327293010047,0.0216002020789452,28.163520562975283,30.482680248794164,0.3132696308753523,18.26502205322637,2.016314556687748,0.0059055189114181,10.845938826736496,1000000.0,877055.5482021176,31.292800312766108,0.2172214502699919,17.863516753058693,1.1285099912311434,0.0055585387128972,11.24006373737513,1000000.0,900364.5318944082,0.1251691986247088,1.3168,False
e49,failed,airfoil 'e49' not found in the aerosandbox UIUC database,0.0,,,,,,,,,,,,,,,,,,,,,,,,,,,,,,,,,,
e502,failed,Infeasible_Problem_Detected,0.29,,,,,,,,,,,,,,,,,,,,,,,,,,,,,,,,,,
e520,failed,Infeasible_Problem_Detected,0.25,,,,,,,,,,,,,,,,,,,,,,,,,,,,,,,,,,
e521,failed,Infeasible_Problem_Detected,0.28,,,,,,,,,,,,,,,,,,,,,,,,,,,,,,,,,,
e540,failed,Infeasible_Problem_Detected,0.26,,,,,,,,,,,,,,,,,,,,,,,,,,,,,,,,,,
e541,failed,Infeasible_Problem_Detected,0.28,,,,,,,,,,,,,,,,,,,,,,,,,,,,,,,,,,
e542,failed,Infeasible_Problem_Detected,0.29,,,,,,,,,,,,,,,,,,,,,,,,,,,,,,,,,,
e543,failed,Infeasible_Problem_Detected,0.27,,,,,,,,,,,,,,,,,,,,,,,,,,,,,,,,,,
e544,failed,Infeasible_Problem_Detected,0.26,,,,,,,,,,,,,,,,,,,,,,,,,,,,,,,,,,
e545,ok,,0.2,28.1635205632504,0.8486525515310991,3.682612230365772,1.767839999999871,0.4800505427703644,0.4800505427703644,6.892840866757942,1.4407229056615676,0.0873643524952674,3.000000029998935,3.903638056618164,13.796478953375042,9.892840896756876,0.0235019924051224,28.1635205632504,30.638618217275287,0.308891750156666,21.117722326719523,-0.0694855495273682,0.0073065252782597,9.377357128445382,1000000.0,973336.3314762078,31.292800312916885,0.2123286329089347,19.81506759935388,-0.9180271318831889,0.0072595032535864,9.160536256854916,1000000.0,994118.574218806,0.1744041733264549,1.2897,False
e546,ok,,0.2,28.16352056096904,0.8499824263963558,3.676850448367573,1.7678399999999994,0.4808028025140036,0.4808028025140036,6.785955579151666,1.3908551629023571,0.0853158876362616,3.000000029877428,3.791966223563765,13.57792183259286,9.785955609029092,0.0231192339688111,28.16352056096904,30.63517955700658,0.3035909457476288,20.87308137875812,0.4888347577135827,0.0071887873379631,9.455063455630013,1000000.0,974752.1796392348,31.292800311649472,0.209705951043508,19.792077948302275,-0.3409578789529359,0.0071126602498075,9.244023994258406,1000000.0,995676.4005262492,0.1626457278800936,1.2669,False
e547,failed,Infeasible_Problem_Detected,0.28,,,,,,,,,,,,,,,,,,,,,,,,,,,,,,,,,,
e548,failed,Infeasible_Problem_Detected,0.23,,,,,,,,,,,,,,,,,,,,,,,,,,,,,,,,,,
e549,ok,,0.2,28.1635205632504,0.8285854467086552,3.771799593211572,1.7678399958244904,0.46869934420859,0.46869934420859,6.880179808883782,1.404395347080567,0.0933409716110692,3.000000029998935,3.924756888109188,13.804936726991905,9.880179838882718,0.0235778966976656,28.1635205632504,30.643829493001952,0.3164589368000433,21.060084297454114,-0.1902480215032732,0.0074627702682305,9.388590263348483,1000000.0,950482.6144801712,31.292800312916885,0.2171925922378016,19.67771739732579,-1.0589070384753043,0.0073859796108833,9.195823395886476,1000000.0,970611.8049840848,0.1809246094795923,1.325,False
e550,ok,,0.2,28.16352056322181,0.7957138222725577,3.927615906776128,1.767839999999811,0.4501051126078395,0.4501051126078395,6.723001485181196,1.28634188457951,0.0944895063112751,3.0000000299973286,3.851365929457764,13.574367444636287,9.723001515178524,0.0232564480093086,28.16352056322181,30.549825147630024,0.3260254918826189,20.864856834944955,0.0701039940216626,0.0079976798296638,9.27831552085743,1000000.0,909975.0174193514,31.292800312901875,0.2225670715268902,19.58932284754386,-0.8246713534554586,0.0078829919245125,9.015436861129782,1000000.0,932105.7116440564,0.1819736005434782,1.3637598662207358,False
e551,ok,,0.2,28.1635205632504,0.7739218076871696,4.038209331138244,1.767839999935997,0.4377781969608045,0.4377781969608045,6.644903517981152,1.231102796861533,0.0905716792066489,3.000000029998935,3.762167904027107,13.407071452007196,9.644903547980087,0.0230169082793452,28.1635205632504,30.633988468661627,0.3292577971663767,20.2423222314391,-0.794353106281591,0.0075186330853356,9.67634325840407,1000000.0,887492.0413955902,31.292800312916885,0.2269960315766259,19.20800865391364,-1.6890995122443504,0.007461640174207,9.478280804710998,1000000.0,906578.3666761466,0.1823589952484727,1.3893,False
e552,ok,,0.2,28.1635205632504,0.746632326397991,4.185806257706913,1.7678399995596268,0.4223415730971009,0.4223415730971009,6.535225476626089,1.1371649083573243,0.0883043858185569,3.000000029998935,3.733455721340569,13.268681227965594,9.535225506625023,0.0229665333157438,28.1635205632504,30.697283456652347,0.3363778572133096,20.26328455648533,-0.545174911697981,0.0080709269152056,9.53912379516052,1000000.0,857966.9766984425,31.292800312916885,0.2326171011208017,19.25347495327984,-1.442361927366161,0.0079992865909842,9.251877998968094,1000000.0,874611.2441778022,0.1842753547969083,1.4373866220735787,False
e553,ok,,0.19,28.16352056309435,0.7432868826270925,4.204646064187089,1.7678399999999703,0.420449182407404,0.420449182407404,6.514489885983468,1.1360522658351504,0.0881998754542225,3.000000029991276,3.843695883554597,13.35818579952934,9.514489915974744,0.0233332771174223,28.16352056309435,30.685100084757497,0.3404413004816342,20.102965965741586,-1.0092737770650353,0.0074785661369957,9.880680502283075,1000000.0,853783.6835898123,31.29280031282339,0.2331559495006863,19.053270709719666,-1.952116326934218,0.0073591024282266,9.77037065749651,1000000.0,870692.3636268115,0.1811982891625981,1.4499,False
e554,ok,,0.2,28.1635205632504,0.7065142706289393,4.423489190893784,1.7678399925726649,0.3996483129679504,0.3996483129679504,6.376565445441877,1.020021870173649,0.0831695007434183,3.000000029998935,3.752196582939782,13.128762058380596,9.376565475440811,0.0229821647902915,28.1635205632504,30.632917696186944,0.3532095416188546,19.91930067100828,-0.6808129142124666,0.0080692038258497,9.78740802421304,1000000.0,810164.3755255897,31.292800312916885,0.2417354314655707,19.046257218886307,-1.6484736460148646,0.0079714304736419,9.559558583478896,1000000.0,827616.627165653,0.18235,1.5152209030100334,False
e555,ok,,0.19,28.1635205632504,0.6956614079970742,4.492499115820052,1.767839998511457,0.3935092590861331,0.3935092590861331,6.2179040852224805,0.9216710574844712,0.0819190313348615,3.000000029998935,3.716598531367089,12.934502646588504,9.217904115221415,0.0228663932394712,28.1635205632504,30.64014281558996,0.3532454444257816,19.00674909455206,-0.7784498108710707,0.006896575977919,10.563418941682489,1000000.0,797907.4778410501,31.292800312916885,0.2413524627698093,18.36038968605195,-1.780396392336057,0.0067818726936668,10.61565902339012,1000000.0,814903.4918844709,0.1602203856452063,1.5282,False
e556,ok,,0.2,28.16352056325042,0.6259001348196559,4.993221908239627,1.7678399999863228,0.3540479539010873,0.3540479539010873,5.829217777910856,0.777608603538132,0.0707364587180972,3.000000029998935,3.184497064281731,12.01371487219152,8.82921780790979,0.0213502313120476,28.16352056325042,31.06996072261533,0.3546477302506613,17.52006148047864,-1.4631723478636205,0.0068502840213342,11.252140281032904,1000000.0,727963.4717509833,31.292800312916903,0.2569417310884443,17.49483201392243,-2.3401594970389823,0.0067616929103886,11.232008205502336,1000000.0,733184.5624130459,0.1600613922884797,1.5859,False
e557,ok,,0.19,28.163520563251016,0.6615734893829665,4.72397748058927,1.7678399999999994,0.374227016801841,0.374227016801841,6.138275463891068,0.8465745331043093,0.0768975122540592,3.000000029998952,3.89438177446093,13.032657268350947,9.13827549389002,0.0233720432291603,28.163520563251016,30.51011606673304,0.3774622104667503,18.90005430046647,-1.9643436701916976,0.0068597604858322,10.76810088767652,1000000.0,755589.2871372793,31.2928003129174,0.2515959310574145,18.115816606528288,-3.097045272817071,0.0067028911393183,10.994295133334171,1000000.0,774972.6231539141,0.1599792879057176,1.6366,False
e558,ok,,0.2,28.16352056325045,0.6719041228871585,4.651345570214047,1.767839999999926,0.3800706641365658,0.3800706641365658,6.1847631280451285,0.8621874764659434,0.0789681317929925,3.000000029998936,3.743307297237159,12.928070455281222,9.184763158044063,0.0229085239709304,28.16352056325045,30.57501397061201,0.3671126873071589,19.200561610963945,-1.050199455895567,0.0077573996179677,10.194667717044815,1000000.0,769020.3074445957,31.29280031291694,0.2489878277069578,18.45710836370373,-2.112842432745872,0.0076682027918698,10.05430043161932,1000000.0,787074.0121516298,0.1602579310993372,1.607286287625418,False
e559,ok,,0.2,28.16352056291984,0.6473202573555762,4.827993918137326,1.7678399999999466,0.3661645043417932,0.3661645043417932,6.121992512792705,0.8130470564051412,0.0738986654611493,3.000000029978021,3.91978723424386,13.041779777014586,9.121992542770728,0.023467424639154,28.16352056291984,30.52215533336,0.3857390315178282,19.305182620086786,-1.7574063171001069,0.0077928490193399,10.317801591251788,1000000.0,739602.2684854069,31.292800312767746,0.2566776030623587,18.46565254944008,-2.919140212757662,0.0076854287711615,10.257456373236032,1000000.0,758276.2700014106,0.1603171025243175,1.6873063545150502,False
e560,ok,,0.19,28.163520563038755,0.6312067974482177,4.951243044647914,1.767839999999992,0.3570497315640672,0.3570497315640672,6.100362178394071,0.7810120585552885,0.0730325054610561,3.0000000299853022,4.017400988759741,13.117763197139114,9.100362208379371,0.0239187470493569,28.163520563038755,30.67641750402774,0.3938992535042567,19.193848268183963,-2.5009245161946687,0.007825537014556,10.415821035322404,1000000.0,724836.6511256937,31.29280031282393,0.2626058952920203,18.15731949062232,-3.687659611594509,0.0077456079369645,10.361906624211658,1000000.0,739400.8306254876,0.1606521303439602,1.745166220735786,False
e561,ok,,0.19,28.1635205632504,0.6153984133291406,5.078430814738568,1.7678399999977177,0.3481075285828667,0.3481075285828667,6.016609487425881,0.7804504954199609,0.0701695049370395,3.000000029998935,3.832454678586476,12.849064196011293,9.016609517424817,0.0231435688158213,28.1635205632504,30.4856933893261,0.4007091780624802,19.66700920331061,-2.5182216569478406,0.0081739125580459,10.35084305905702,1000000.0,702289.6818803089,31.292800312916885,0.266872823341325,19.38733960737592,-3.712328410933101,0.0081283350944956,10.195018442543514,1000000.0,720882.7595372017,0.1689134903589698,1.7937678929765888,False
e562,ok,,0.19,28.16352056323072,0.624105893316149,5.007576917747014,1.7678399999999517,0.3530330195697382,0.3530330195697382,5.897843186792135,0.7385775674281816,0.0694527977630263,3.0000000299971683,3.2870420103423763,12.18488522713168,8.897843216789303,0.0216671235610338,28.16352056323072,31.016829662995747,0.3619717413767695,17.429099130073936,-1.9208499747745733,0.0071231523222503,11.051122174904505,1000000.0,724635.3671767332,31.29280031291344,0.2596832428103866,17.041390475917378,-2.8622281523583646,0.0070078771232484,11.030882524607016,1000000.0,731082.7731626419,0.1501658752484864,1.645,False
e580,ok,,0.19,28.16352056304208,0.6699513057231068,4.664903611503776,1.767839999999828,0.3789660295746063,0.3789660295746063,6.191535250875934,0.8924204760043084,0.0792010024990432,3.0000000299866283,3.6510791207677946,12.842614401630357,9.191535280862563,0.0226779967388014,28.16352056304208,30.68704581963398,0.36308337148504,18.24342517219445,-2.662418796040147,0.006775031473574,10.825439751524913,1000000.0,769594.8589531275,31.29280031281379,0.2498977126330203,18.605091085041224,-3.6278981446831446,0.0081395789330556,9.705333424012624,1000000.0,784786.4660722679,0.1607157180542077,1.5906,False
e582,ok,,0.2,28.1635205632504,0.7049580435188257,4.43325428274073,1.767839999995011,0.3987680126712911,0.3987680126712911,6.199823585190509,0.9805103327890804,0.0829738341957739,3.000000029998935,3.57844452058004,12.778268135769483,9.199823615189445,0.0224809118517301,28.1635205632504,30.75623806052516,0.3417815516794046,18.05838649906133,-1.994963631219297,0.0061321207044569,11.05989125795024,1000000.0,811634.169058351,31.292800312916885,0.2377024680412918,19.315320853126543,-2.9769915914234653,0.0083709552213489,9.228563506872982,1000000.0,825793.6464629358,0.1473453601746724,1.4741,False
e583,ok,,0.2,28.1635205632504,0.7505463654981162,4.163977613379894,1.7678399994733118,0.4245555965029214,0.4245555965029214,6.501806168205814,1.169913567284654,0.0895630197383255,3.000000029998935,3.726398342087194,13.228204540291944,9.501806198204749,0.022837137677969,28.1635205632504,30.55635835585761,0.3366871200558505,19.15352919550212,-1.6537551063553368,0.0066765166180933,10.324737981840846,1000000.0,858505.2576750814,31.292800312916885,0.2305929907289204,19.6896016344256,-2.6874247562215032,0.0083019482399673,8.994652295468754,1000000.0,879196.1817945361,0.1648322106336991,1.4179,False
e584,ok,,0.2,28.163520563224328,0.7797084208188787,4.008239724174845,1.767839999999962,0.4410514643966057,0.4410514643966057,6.64357084122355,1.2670701413752687,0.0911888188200678,3.0000000299974463,3.774498629060671,13.418069500281668,9.643570871220996,0.0230780130462338,28.163520563224328,30.6594078571981,0.3265401625894238,20.242930388289825,-1.5726968233841965,0.0076336741242397,9.580272982926545,1000000.0,894869.746075708,31.29280031290344,0.2252802462499903,20.40993883391513,-2.619626601683484,0.0090219910392965,8.343615982759578,1000000.0,913356.852827518,0.1660624709464618,1.3772,False
e585,ok,,0.2,28.16352056325043,0.6920559586042045,4.515903991207825,1.7678399999999672,0.3914697928569426,0.3914697928569426,6.147174091076154,0.9363100157467964,0.0814208158543891,3.000000029998935,3.550098213947474,12.697272335022564,9.14717412107509,0.0223180526790424,28.16352056325043,30.66556662673247,0.3479954394989409,17.89014697487851,-2.066542234547438,0.0062368519939902,11.06767329532726,1000000.0,794430.746820709,31.29280031291692,0.2407482806478287,19.051981665331063,-3.0519433972869003,0.0083451600974876,9.342580006462292,1000000.0,810680.0381451428,0.1461614954622519,1.5007,False
e587,ok,,0.2,28.1635205632504,0.6899305987746372,4.529815420783125,1.7678399999998549,0.3902675574569497,0.3902675574569497,6.319645483216053,1.0093935418569742,0.0827410787225273,3.000000029998935,3.70067268365462,13.020318196869608,9.319645513214988,0.0226513829896743,28.1635205632504,30.424176141549385,0.3636510581761145,18.59989720812408,-2.726717305239885,0.0065082848766893,10.80144450211641,1000000.0,785756.6613991451,31.292800312916885,0.2460432456705374,18.991854727925524,-3.715583462363282,0.0077603460769817,9.852008499059338,1000000.0,808190.3741718049,0.166508717065202,1.5431,False
e58,failed,Maximum_Iterations_Exceeded,3.29,,,,,,,,,,,,,,,,,,,,,,,,,,,,,,,,,,
e591,ok,,0.2,28.1635205632504,0.546744377444625,5.716123282706328,1.7678399999999994,0.3092725458438689,0.3092725458438689,5.965385443824409,0.6141913738080571,0.0583824364835855,3.000000029998935,4.164412757614053,13.129798231437396,8.965385473823343,0.024373501978505,28.1635205632504,30.61821314732366,0.456899160879938,19.26842006161974,-3.951905319926443,0.0089933729246709,10.42676015999236,1000000.0,626654.2736591229,31.292800312916885,0.2986772210105668,18.719915751771254,-5.357043516552308,0.0097514408494559,9.779181737499968,1000000.0,640460.8576109868,0.1566109103314158,2.0449,False
e593,ok,,0.2,28.16352056314461,0.6214611935876642,5.028887238298273,1.7678399999803762,0.3515370133012957,0.3515370133012957,5.577088052785968,0.5602035870926971,0.0700092368908183,3.0000000299925085,3.187303005607784,11.764391088386262,8.577088082778477,0.0210650215603526,28.16352056314461,30.641006744351248,0.3596298200649295,17.489746838135424,0.504941885752325,0.0081273290514514,10.440237182362996,1000000.0,712821.6527995564,31.292800312866376,0.2513872896345923,17.92502867456474,-0.4575565580742186,0.0087234923668652,9.5453958305996,1000000.0,727984.7501700019,0.1129755300849446,1.5596966555183946,False
e598,ok,,0.19,28.163520562096465,0.5855731144914187,5.3370931594245885,1.7678399994612355,0.3312364889751771,0.3312364889751771,5.436686149839551,0.5361952675902286,0.0652223883247858,3.000000029932402,2.727168302852604,11.163854482624556,8.436686179771952,0.019521350807498,28.163520562096465,30.67696757955204,0.3613387196894034,15.7720599801307,0.3800954901612167,0.0073522341304873,11.288632216174538,1000000.0,672445.9687284861,31.29280031232874,0.2624268251844593,16.603792419287473,-0.5190472214706632,0.0080900803892828,10.369483972634642,1000000.0,685945.1595299515,0.1114238956421263,1.541928762541806,False
e59,ok,,0.22,28.163520563250405,0.61384968736344,5.091243556177809,1.767839999901257,0.3472314730958269,0.3472314730958269,6.0494519678083165,0.4100095189920008,0.0840844408631461,3.000000029998935,3.5577185359861416,12.607170533793392,9.049451997807251,0.0225398501558506,28.163520563250405,30.93433323822172,0.3828074552075297,18.04675773293413,-3.26208814137272,0.0084379541373183,10.280641558643175,1000000.0,710831.4538776343,31.29280031291689,0.2685206575174617,19.292375542352183,-4.111668198378559,0.011534669823732,8.115577890537516,1000000.0,719068.5692507236,0.056,1.6507484949832776,False
e603,ok,,0.2,28.1635205632504,0.8036699543123311,3.888733489195343,1.767839999998431,0.4546055945747603,0.4546055945747603,6.941243963638728,1.4331406464400915,0.0930370600000161,3.000000029998935,4.025897989705533,13.967141983343195,9.941243993637665,0.023921471701099,28.1635205632504,30.64280817997807,0.3301254517232502,21.65284685843397,-0.9643731706211608,0.0081242682161709,9.151756099813378,1000000.0,921870.9570577235,31.292800312916885,0.2253099966426362,19.67185147045464,-1.8580150936092288,0.0075484662139442,9.260224685351252,1000000.0,941425.5901107028,0.1898083975897126,1.386,False
e604,ok,,0.2,28.16352056321078,0.769693007577166,4.060395813439479,1.7678399999999903,0.4353861252020376,0.4353861252020376,6.787434613557763,1.3258530013414542,0.0903589331249732,3.000000029996213,3.977143031416613,13.764577674970589,9.787434643553976,0.0237206026690901,28.16352056321078,30.597828099941843,0.340698692450206,20.60133105440185,-1.642016878095666,0.007158764317736,9.864207881047053,1000000.0,881600.808419807,31.29280031290125,0.2316161264501562,19.25318350773999,-2.5763165265853742,0.0069488843563677,9.964829373161834,1000000.0,901624.7154361184,0.1879828721014247,1.4352,False
e61,failed,Maximum_Iterations_Exceeded,1.54,,,,,,,,,,,,,,,,,,,,,,,,,,,,,,,,,,
e625,ok,,0.2,28.163520563159963,0.7222653085483327,4.327022533975076,1.767839999999179,0.4085580757017989,0.4085580757017989,6.203835079927009,0.9255486530434722,0.0866789653108706,3.000000029993998,3.632259228933063,12.83609433885407,9.203835109921007,0.0224585020390426,28.163520563159963,30.476269165642154,0.3412863049807792,19.35853612620964,2.5269609642129582,0.0075854672659138,9.975696277331409,1000000.0,823990.8599619368,31.292800312867893,0.2321076926078975,18.35802122635535,1.5743866404360534,0.0070012793639498,10.175900051772764,1000000.0,846067.5189693574,0.13,1.4773,False
e62,failed,Maximum_Iterations_Exceeded,1.47,,,,,,,,,,,,,,,,,,,,,,,,,,,,,,,,,,
e635,ok,,0.2,28.16352056295371,0.7062866205838807,4.424915005385104,1.767839999978604,0.3995195383023514,0.3995195383023514,5.868038905820013,0.779474325594672,0.086598433254272,3.0000000299825644,3.079716669816884,11.94775560561946,8.868038935802577,0.0207417652538952,28.16352056295371,30.70470163374807,0.3200382638728964,18.586919405745345,1.8922409258301844,0.0078544914446688,9.975542027012182,1000000.0,811801.2190077746,31.292800312758,0.2286988981412149,18.354826636435167,1.3748841018358977,0.0073162513354107,9.946218429054158,1000000.0,827349.9525604362,0.1163023761588783,1.383984949832776,False
e636,ok,,0.19,28.1635205632504,0.7254823934692539,4.307834750678518,1.767839999997816,0.4103778585562891,0.4103778585562891,5.951432334831526,0.8247725640874467,0.0857359748080269,3.000000029998935,3.278881528065601,12.230313892896062,8.95143236483046,0.0213044285447517,28.1635205632504,30.53726290735604,0.3224458768542017,18.676770847691525,1.6070338192738254,0.0072322791230757,10.224410871888608,1000000.0,829317.4877963847,31.292800312916885,0.2247414185399337,18.11356072072084,1.0978847974759762,0.0064424873412407,10.611718290603546,1000000.0,849836.0386899877,0.1188196838488878,1.3774411371237458,False
e637,ok,,0.19,28.16352056325046,0.671233817898452,4.655990479412948,1.7678399999986416,0.3796914980422254,0.3796914980422254,5.807115802643243,0.7398372581307524,0.0779826221671588,3.000000029998936,3.0889810126531407,11.896096845295318,8.807115832642179,0.0206937493209978,28.16352056325046,30.58701325958824,0.3378802737695667,17.220987940691817,1.2852021578496933,0.0068669867813231,10.87199044115338,1000000.0,768554.6214790861,31.292800312916945,0.2389886850639857,18.09214521857972,0.4945603670454115,0.0078728527852687,9.785427319882752,1000000.0,786288.8113789727,0.1209541159595959,1.461194314381271,False
e638,ok,,0.19,28.16352056325126,0.636129551823214,4.91292733790087,1.7678399999996877,0.3598343468997909,0.3598343468997909,5.6880763514190935,0.691109076727627,0.0706543490812498,3.000000029998944,2.9276800727795025,11.61575645419754,8.688076381418037,0.0201838224739515,28.16352056325126,30.6451088985754,0.3468054439178662,16.754667072039478,0.4593640193112311,0.0079832747660124,10.419769914393106,1000000.0,729744.0769103201,31.292800312917755,0.2487685754302396,17.678938730605786,-0.55152833056522,0.0093635942390512,9.001154978158613,1000000.0,745167.3855644452,0.1234292839272848,1.5094464882943144,False
e639,ok,,0.2,28.1635205632504,0.5353553341380669,5.837726956866374,1.7678399999999994,0.3028301962496985,0.3028301962496985,5.173522044541964,0.5407548368601922,0.0503945345888053,3.000000029998935,2.1763959772965453,10.349918051837443,8.173522074540898,0.017596389725888,28.1635205632504,30.594163837116355,0.368403645162739,16.613692951188558,-0.1281842802163387,0.0095992989860619,10.335673597374171,1000000.0,613118.6975639849,31.292800312916885,0.2780894838054071,18.462571407230683,-0.9991373463608598,0.0102793321316137,9.291587323407438,1000000.0,627119.6386713816,0.1255498441676223,1.53298762541806,False
e63,failed,Maximum_Iterations_Exceeded,1.49,,,,,,,,,,,,,,,,,,,,,,,,,,,,,,,,,,
e642,failed,Infeasible_Problem_Detected,0.28,,,,,,,,,,,,,,,,,,,,,,,,,,,,,,,,,,
e64,ok,,0.2,28.163520563250525,0.7051919443344755,4.431783843687136,1.7678399999999568,0.3989003214852547,0.3989003214852547,5.670860231682421,0.6303055668635074,0.0829254449753822,3.0000000299989367,3.3427162356067965,12.013576497288154,8.670860261681359,0.0215962242283327,28.163520563250525,30.64397174897628,0.3235796395480278,17.151985130110805,-1.5540988327285898,0.0054058364716054,11.756527238400135,1000000.0,808939.8572067831,31.292800312917,0.2239609520544492,18.154674511509395,-2.452394980648592,0.006407145794036,10.756973177342417,1000000.0,826067.6397985886,0.0844229821312972,1.407644481605351,False
e654,ok,,0.19,28.16352056325042,0.6817287903461526,4.584313160682265,1.7678399999999626,0.3856281056804728,0.3856281056804728,6.344162464583538,1.0138583855348324,0.080546777024507,3.000000029998935,3.762176460572877,13.106338955155348,9.344162494582472,0.0230481129188443,28.16352056325042,30.67548097255569,0.3644125424803809,19.14283947171142,-2.476046235540797,0.0074513195667645,10.296170619538444,1000000.0,782828.9073048799,31.292800312916903,0.2496584140046397,19.090138039809325,-3.446904749691984,0.0084818865935625,9.392317387553078,1000000.0,798582.7083652606,0.1720716082027074,1.5752,False
e655,ok,,0.2,28.1635205632504,0.7298007165051388,4.282344738182393,1.7678399979204908,0.412820570506156,0.412820570506156,6.513560421098594,1.147609422356327,0.0860584465343489,3.000000029998935,3.7925143378275097,13.306074788925038,9.51356045109753,0.0231250125812247,28.1635205632504,30.64036407737786,0.3463890462348635,19.54791279920565,-1.5678841372577188,0.0069389726687406,10.27950298263981,1000000.0,837070.5167718523,31.292800312916885,0.23744129739057,18.93802186122194,-2.496606838586374,0.0072290084514732,9.988879246303284,1000000.0,854894.5587925067,0.1732827755015118,1.4745,False
e656,ok,,0.2,28.1635205632504,0.7101929419629724,4.400576350867556,1.767839999817662,0.4017291961015832,0.4017291961015832,6.378128547027165,1.047578444445812,0.0837917776520577,3.000000029998935,3.778699901683457,13.156828478709556,9.3781285770261,0.0230111566711459,28.1635205632504,30.55164148399086,0.3540071884431304,19.83704732787104,-2.1024229392325715,0.0080335116331263,9.776145719044012,1000000.0,812221.9821949196,31.292800312916885,0.2405233760883706,19.50345677954597,-3.0916408022444286,0.0086701486342716,9.028847074063348,1000000.0,831925.8496112417,0.1620642966336633,1.5059,False
e657,ok,,0.2,28.1635205632504,0.6947491419144987,4.4983981655768925,1.76783999997859,0.3929932244563494,0.3929932244563494,6.240483386227545,0.9956909696254592,0.0814325734923494,3.000000029998935,3.658062670409376,12.898546086635855,9.24048341622648,0.0227363286733425,28.1635205632504,30.73370847762276,0.3505816038972487,19.10527433058966,-2.239460831089448,0.0073649524728588,10.294081998390704,1000000.0,799294.5003058969,31.292800312916885,0.2422613501054779,19.30909744544388,-3.1942454759486663,0.0084053836207639,9.303564984589462,1000000.0,813834.8552208235,0.15567320394662,1.511,False
e662,ok,,0.2,28.16352056323998,0.6451257112125353,4.844417469763489,1.7678399999976246,0.3649231328702835,0.3649231328702835,5.909830157817681,0.8793789086484246,0.0695649349085853,3.000000029998251,3.0384165421393283,11.948246729955262,8.909830187815931,0.0204957908339845,28.16352056323998,30.548094074364567,0.3539956378788698,17.226560559427295,-2.377921234110944,0.0074235508411245,10.680339097789808,1000000.0,737721.2754174615,31.29280031291244,0.2515605504478694,18.44229503296144,-3.287601795004373,0.0090551960325842,9.19762899993085,1000000.0,755705.560616253,0.1501285652339298,1.4906,False
e664,ok,,0.2,28.1635205632504,0.8444966158714792,3.700735091038146,1.7678399985910898,0.4776996880625594,0.4776996880625594,6.913007116834643,1.4627744772617288,0.0909096319913272,3.000000029998935,3.9334575871551687,13.846464733988746,9.91300714683358,0.0236000321092271,28.1635205632504,30.634107931595885,0.3116282578888579,21.529308690524147,-0.6899001323793879,0.0076899640036895,9.181235734646112,1000000.0,968427.2253985928,31.292800312916885,0.2138084995499092,19.58854690584982,-1.545792679091741,0.0070109529745718,9.394189123773694,1000000.0,989250.277816449,0.1660588872941792,1.3019,False
e664ex,failed,airfoil 'e664ex' not found in the aerosandbox UIUC database,0.0,,,,,,,,,,,,,,,,,,,,,,,,,,,,,,,,,,
e668,ok,,0.2,28.1635205632504,0.6790538838216689,4.602371534270062,1.7678399998688734,0.3841150125984459,0.3841150125984459,6.086116595238476,0.8877740312734921,0.0800344843473087,3.000000029998935,3.48574902338852,12.57186564862593,9.08611662523741,0.0220747741908149,28.1635205632504,30.63223169474451,0.3519204750059282,17.960481047178547,-2.0321722311736283,0.0066523783434643,10.882092685457046,1000000.0,778657.9355003177,31.292800312916885,0.2437202021870176,18.362235544614585,-2.990015944987189,0.0076981103785121,9.937398973954004,1000000.0,795449.3009355251,0.1389881211098359,1.5259,False
e66,ok,,0.2,28.1635205632504,0.6589296737532857,4.742931438795802,1.7678399999999774,0.3727315106306533,0.3727315106306533,5.801894517691138,0.6505600018844484,0.0767417508608338,3.000000029998935,3.6875833979139214,12.489477945603994,8.801894547690072,0.0227648412120548,28.1635205632504,30.636413454424183,0.3601933527538878,17.678816667271956,-2.180977376021404,0.0058441978639667,11.605080503223896,1000000.0,755685.0418352722,31.292800312916885,0.2433069730445636,17.85919957199164,-3.223136752940737,0.0064345817148442,11.213374208088752,1000000.0,771875.6357949104,0.1012587204389973,1.5942,False
e678,ok,,0.2,28.1635205632504,0.6827365844715088,4.577546195416525,1.76783999692258,0.3861981772445486,0.3861981772445486,6.227099621372533,0.9452903222968236,0.0819798849201392,3.000000029998935,3.7323723459608567,12.959471997332324,9.227099651371468,0.0229024657066312,28.1635205632504,30.616576126375605,0.3611829217632831,19.543325679414018,-3.3605521450475098,0.0083590225682283,9.79436739855615,1000000.0,782480.7023674952,31.292800312916885,0.2461668086065734,19.49629213197385,-4.547567005461143,0.0093171219546994,8.792206482944788,1000000.0,799763.2480792892,0.1507755373095807,1.5616,False
e67,ok,,0.19,28.163520563250444,0.6554679187212797,4.76798051640233,1.7678399999971286,0.3707733271802563,0.3707733271802563,5.793775410316286,0.7138604623468277,0.0763062301090947,3.000000029998936,3.170706328131166,11.964481768446388,8.79377544031522,0.0210248571701098,28.163520563250444,30.664838601772058,0.3462321585534051,16.38211100235082,-1.7860801173110432,0.0057837042128669,11.795960468206996,1000000.0,752412.4304033212,31.292800312916928,0.2443663438645891,16.6325687172859,-2.7136953669662365,0.0062043964837801,11.489958447111048,1000000.0,767820.5074983506,0.1162050772675504,1.509509364548495,False
e682,failed,Infeasible_Problem_Detected,0.3,,,,,,,,,,,,,,,,,,,,,,,,,,,,,,,,,,
e68,ok,,0.2,28.16352056325045,0.7162086335242515,4.363614342683235,1.7678399999999956,0.4051320444860695,0.4051320444860695,6.118146330556979,0.8982406756594604,0.0850302927829317,3.000000029998936,3.42507137548435,12.543217736040264,9.118146360555915,0.021869171014967,28.16352056325045,30.6335177795427,0.3328756166723568,17.917160165459297,-1.3466779160360576,0.0058524231655212,11.220450178612714,1000000.0,821297.0477021041,31.29280031291694,0.2318913064950731,17.94691804050527,-2.2706700142731124,0.0061077866085964,11.078085289529948,1000000.0,838972.680065274,0.1309417725839656,1.4342,False
e694,ok,,0.19,28.1635205632504,0.6928527476055526,4.510710631410207,1.7678399968962517,0.3919205068456281,0.3919205068456281,6.269626540855884,1.012724088313484,0.0784712451847791,3.000000029998935,3.666584084007564,12.936210654862382,9.269626570854818,0.0226836031548631,28.1635205632504,30.623243463596825,0.3551158682427869,19.6369438732848,-3.864184061916063,0.0083159471706164,9.753883978600618,1000000.0,794247.7069360027,31.292800312916885,0.24369058745321,19.824700551599573,-4.937785719418833,0.0094326216522574,8.64831037442408,1000000.0,811613.4047553051,0.1543362898576311,1.5206,False
e715,ok,,0.2,28.163520563088458,0.756834801745033,4.129379698702635,1.7678399999993135,0.4281127261207614,0.4281127261207614,6.217736291197356,0.9618756940999712,0.0881503269528838,3.0000000299886107,3.5468591160013445,12.76459543718731,9.217736321185969,0.0224377181127553,28.163520563088458,30.845243270353425,0.3161810802704178,19.511717344732112,0.5824928108904365,0.0076902590941429,9.72706819008841,1000000.0,873882.6804532509,31.29280031284464,0.2218404036968961,18.82023498199418,-0.226072525888824,0.0076441906868472,9.35305059447476,1000000.0,886562.5074372665,0.1503598374407602,1.3667,False
e71,failed,Maximum_Iterations_Exceeded,1.49,,,,,,,,,,,,,,,,,,,,,,,,,,,,,,,,,,
e748,ok,,0.2,28.1635205632504,0.6050465824871722,5.165318432995861,1.7678399999270695,0.3422518907322681,0.3422518907322681,6.228385863970794,0.8316674602741587,0.0687181947554429,3.000000029998935,4.2490652526391335,13.477451146608862,9.22838589396973,0.0246863092459176,28.1635205632504,30.649025019182115,0.4229528390711042,20.062710370691686,-2.160257081945783,0.0089463968708759,9.977551891194146,1000000.0,694175.5517117112,31.292800312916885,0.2778141708851141,18.528651041910138,-3.4219497792017965,0.0086595843335296,9.961587640303978,1000000.0,708756.5398321167,0.1971796689345412,1.87502474916388,False
e793,ok,,0.19,28.16352056322352,0.5826177952706194,5.364165480299299,1.767839999999644,0.3295647769429002,0.3295647769429002,5.757200287479969,0.6840826687585251,0.0607269409362393,3.000000029997506,3.020013924221362,11.777214241698836,8.757200317477475,0.0205304297498526,28.16352056322352,30.693262366806074,0.3827181374258472,16.546337731783492,-1.500270609547644,0.0075702897151268,11.107597819829008,1000000.0,669407.5948359711,31.292800312901928,0.2737782852194441,16.453529541710623,-2.470777196354242,0.0075247445105459,10.980336851878738,1000000.0,682483.2741076198,0.1562455943160311,1.7128,False
e817,ok,,0.2,28.1635205632504,0.8511718871334554,3.671712274345194,1.767839999990234,0.4814756353166335,0.4814756353166335,6.121172435168758,1.023609008662881,0.0855313071055619,3.000000029998935,3.1287336311995104,12.249906096367203,9.121172465167692,0.0208424173056206,28.1635205632504,30.60693548133477,0.2740199042164671,18.341893586773864,-1.7450432404421476,0.0059794389409054,10.369969511997734,1000000.0,975216.3130150798,31.292800312916885,0.1951869854614787,18.49930514042717,-2.431934553574837,0.0060691098931041,10.021002175026764,1000000.0,997069.744656092,0.1098097865472898,1.1415,False
e818,failed,Infeasible_Problem_Detected,0.35,,,,,,,,,,,,,,,,,,,,,,,,,,,,,,,,,,
e836,failed,Infeasible_Problem_Detected,0.3,,,,,,,,,,,,,,,,,,,,,,,,,,,,,,,,,,
e837,failed,Infeasible_Problem_Detected,0.25,,,,,,,,,,,,,,,,,,,,,,,,,,,,,,,,,,
e838,failed,Infeasible_Problem_Detected,0.36,,,,,,,,,,,,,,,,,,,,,,,,,,,,,,,,,,
e850,failed,too few converged polar points,0.01,,,,,,,,,,,,,,,,,,,,,,,,,,,,,,,,,,
e851,failed,Infeasible_Problem_Detected,0.27,,,,,,,,,,,,,,,,,,,,,,,,,,,,,,,,,,
e852,failed,Infeasible_Problem_Detected,0.32,,,,,,,,,,,,,,,,,,,,,,,,,,,,,,,,,,
e853,ok,,0.2,28.1635205632504,0.7484221203061969,4.175796226196185,1.7678399999933152,0.4233539914862357,0.4233539914862357,5.928409714126158,0.8388504910288012,0.088593341297337,3.000000029998935,3.233335735009197,12.16174547913429,8.928409744125092,0.0210885675354418,28.1635205632504,30.44872199640433,0.3126205156470863,17.075044510705023,-1.4178173556082738,0.0060107656755167,10.939704679327738,1000000.0,853059.889671929,31.292800312916885,0.2172926108095646,16.787521732759885,-2.267639960496311,0.0059652975753071,10.903490045817083,1000000.0,876707.8232582284,0.1160226310839024,1.3175588628762542,False
e854,ok,,0.19,28.1635205632504,0.754746326827342,4.14080619413569,1.7678399998664522,0.426931355147727,0.426931355147727,6.235621797483282,0.9373679547410309,0.0942991147725863,3.000000029998935,3.7583032313645695,12.993925058846788,9.235621827482216,0.0229065462123228,28.1635205632504,30.50453759444238,0.3300021545057096,18.62591316567076,-1.4453580208088008,0.0065379269864382,10.417065402330154,1000000.0,861845.2500397108,31.292800312916885,0.2228858990997608,17.62737815623966,-2.4157054780514566,0.0064250434955433,10.446285867248122,1000000.0,884116.0508213104,0.133990921403219,1.4235347826086957,False
e855,ok,,0.19,28.163520563073227,0.7151267375822736,4.370215937057812,1.7678399999994945,0.4045200570088233,0.4045200570088233,6.221006384097859,0.968712994864535,0.0842705209360299,3.000000029988437,3.575378512727729,12.796384926814024,9.221006414086297,0.0223348724359321,28.163520563073227,30.570688914338096,0.3415074214959672,18.931361811274904,-1.657523734029902,0.0072376690591904,10.239357592682316,1000000.0,818374.483649464,31.292800312829524,0.2348620073337337,18.299165689788524,-2.626457651023164,0.0071171537425767,10.139781699700912,1000000.0,837705.3382642792,0.1571215794136286,1.4558,False
e856,ok,,0.2,28.1635205632504,0.6809948039745037,4.589254201498255,1.7678399999260317,0.3852129174602889,0.3852129174602889,6.362072681095205,0.999102877302971,0.0804175810558212,3.000000029998935,3.903038597046812,13.265111308140952,9.36207271109414,0.0235065728744469,28.1635205632504,30.647250768834603,0.3699051470024675,19.93941457121451,-1.605070665186438,0.0079953675912529,9.975673511266608,1000000.0,781266.4205413184,31.292800312916885,0.250406542562367,18.9104942316914,-2.70212301347938,0.0078410031508563,9.879267033452985,1000000.0,797722.9107299952,0.1814866957151863,1.599132441471572,False
e857,ok,,0.19,28.16352056325396,0.6491448506003972,4.814423564647262,1.767839999999994,0.3671966074986421,0.3671966074986421,6.455506820957922,1.0096763084485554,0.0764303323705246,3.000000029998969,4.145466261864704,13.600973112821595,9.45550685095689,0.0242159064953073,28.16352056325396,30.50090078878842,0.4017069562218074,20.64780613300022,-1.292949013145452,0.0086955579642421,9.773880078259596,1000000.0,741170.4913834798,31.29280031292048,0.265314299515804,19.31580824753017,-2.595666722082661,0.0084324379970546,9.751650808057354,1000000.0,760413.6135290082,0.2033449112686101,1.7379,False
e858,ok,,0.19,28.1635205632504,0.6620030706704266,4.720912038037962,1.7678399999847592,0.3744700146371469,0.3744700146371469,6.615295151129332,1.1330903863073278,0.0779856763805503,3.000000029998935,4.070939613557253,13.68623479468552,9.615295181128268,0.0240452183275237,28.1635205632504,30.60512122245692,0.3936788575617036,21.165176763235,-1.0733014418304658,0.0094689682741154,9.337792067852746,1000000.0,758434.2659086161,31.292800312916885,0.2645574996884073,19.65298955802773,-2.3239021218851006,0.0091614645731656,9.182853838546226,1000000.0,775475.8382115877,0.2269730786249149,1.6893,False
e862,failed,Infeasible_Problem_Detected,0.48,,,,,,,,,,,,,,,,,,,,,,,,,,,,,,,,,,
e863,failed,Infeasible_Problem_Detected,0.56,,,,,,,,,,,,,,,,,,,,,,,,,,,,,,,,,,
e864,failed,Infeasible_Problem_Detected,0.41,,,,,,,,,,,,,,,,,,,,,,,,,,,,,,,,,,
e874,failed,Infeasible_Problem_Detected,0.27,,,,,,,,,,,,,,,,,,,,,,,,,,,,,,,,,,
e904,failed,Maximum_Iterations_Exceeded,1.48,,,,,,,,,,,,,,,,,,,,,,,,,,,,,,,,,,
e908,failed,Infeasible_Problem_Detected,0.35,,,,,,,,,,,,,,,,,,,,,,,,,,,,,,,,,,
ea61009,ok,,0.2,28.163520563254224,0.7265311280559528,4.301616468880752,1.7678399999999992,0.4109710879129067,0.4109710879129067,5.69005726963832,0.6806681094578683,0.084441323095312,3.000000029999005,3.1035182046300034,11.793575504267327,8.690057299637324,0.020725503114513,28.163520563254224,30.56098480583229,0.310000856325673,19.017117145126186,2.8847159439628216,0.0086953053151479,9.339252641557774,1000000.0,831161.4832468209,31.2928003129204,0.2178642011825071,18.708498827127592,2.0463004560345697,0.0080725822578034,9.09653132204901,1000000.0,851064.5350037884,0.09,1.3312919732441473,False
ea61012,ok,,0.2,28.1635205632504,0.7464385803302558,4.186892723540892,1.7678399985731008,0.4222319785346741,0.4222319785346741,6.038559314581297,0.8850932729346692,0.0901949656790933,3.000000029998935,3.4152557527466767,12.45381509732691,9.038559344580232,0.0219781948779701,28.1635205632504,30.83333862287175,0.3130210526097372,20.11911529032743,2.959332218301982,0.0086367008904717,9.253581121221996,1000000.0,861545.9977211781,31.292800312916885,0.2205578885180936,18.29272733742893,2.0291903027948,0.0068519622499982,10.060848469105991,1000000.0,874384.2889294795,0.12,1.3614,False
ea81006,failed,Infeasible_Problem_Detected,0.29,,,,,,,,,,,,,,,,,,,,,,,,,,,,,,,,,,
ebambino7,failed,airfoil 'ebambino7' not found in the aerosandbox UIUC database,0.0,,,,,,,,,,,,,,,,,,,,,,,,,,,,,,,,,,
ec863914,ok,,0.19,28.16352056325042,0.7425594809070263,4.2087648813568,1.7678399999886945,0.4200377188613082,0.4200377188613082,6.290083020558846,1.02334836634978,0.0868209756704919,3.000000029998935,3.589841923479409,12.87992497403719,9.29008305055778,0.022261408001069,28.16352056325042,30.40325904991824,0.3346941517693427,20.927711991469213,-3.4825121807530186,0.0102922322124908,8.492322369695113,1000000.0,845113.8625687964,31.292800312916903,0.2278797893343424,20.79369981455111,-4.278424480984572,0.0110928802358018,7.371564441162875,1000000.0,869840.2792813214,0.1426764120493679,1.4057,False
eh0009,failed,Infeasible_Problem_Detected,0.33,,,,,,,,,,,,,,,,,,,,,,,,,,,,,,,,,,
eh1070,failed,Infeasible_Problem_Detected,0.29,,,,,,,,,,,,,,,,,,,,,,,,,,,,,,,,,,
eh1090,failed,Infeasible_Problem_Detected,0.25,,,,,,,,,,,,,,,,,,,,,,,,,,,,,,,,,,
eh1590,ok,,0.2,28.1635205632504,0.8498656710696786,3.677355577458821,1.7678399999996794,0.480736758456553,0.480736758456553,5.852281922224535,0.864647412227577,0.0896022788117894,3.000000029998935,2.8622408326364144,11.714522784859884,8.85228195222347,0.0199117974036494,28.1635205632504,30.56956901499329,0.2630885822386343,17.23952760579147,1.900391178446696,0.0055289949041841,10.794745632687636,1000000.0,972530.971853733,31.292800312916885,0.1897240607246497,17.38628946165744,1.2887501278841391,0.0052777804930266,10.85415327723677,1000000.0,995539.6324174356,0.0899199750242819,1.0945792642140468,False
eh2010,ok,,0.2,28.163520562916016,0.8135408803905664,3.841550364498176,1.767839999999589,0.4601892028638086,0.4601892028638086,5.947365011009633,0.87832410465694,0.0945497605723746,3.000000029980918,3.0802400036681963,12.027605044658747,8.947365040990551,0.0206122911579656,28.163520562916016,30.510410673763296,0.2832761352381006,17.90666987062653,1.976117670088154,0.0058626156955428,10.689248689051562,1000000.0,929161.6416522115,31.29280031273328,0.2003241162905719,17.950755495201673,1.204578844125599,0.0055890045015853,10.78913325483548,1000000.0,952988.4740449388,0.1007665715276814,1.1841755852842808,False
eh2012,ok,,0.2,28.163520562541468,0.7968680301819138,3.921927028349802,1.7678399999995231,0.450758004221043,0.450758004221043,6.135499951232189,0.9698439575013684,0.0932508725023404,3.0000000299607965,3.293746440611725,12.429246421804711,9.135499981192986,0.0213162629701813,28.163520562541468,30.48206146031504,0.2994167168301767,18.42460124279014,2.099764706007544,0.0061715111008252,10.501323463261354,1000000.0,909273.58800839,31.292800312527007,0.2088158103046339,18.16152630090475,1.2424985345465458,0.0059256468850833,10.591356995596126,1000000.0,933457.7602648603,0.1198859660076309,1.2519959866220736,False
eh2070,failed,Infeasible_Problem_Detected,0.46,,,,,,,,,,,,,,,,,,,,,,,,,,,,,,,,,,
eh2510,failed,Infeasible_Problem_Detected,0.32,,,,,,,,,,,,,,,,,,,,,,,,,,,,,,,,,,
eh3012,failed,Infeasible_Problem_Detected,0.27,,,,,,,,,,,,,,,,,,,,,,,,,,,,,,,,,,
eiffel10,failed,airfoil 'eiffel10' not found in the aerosandbox UIUC database,0.0,,,,,,,,,,,,,,,,,,,,,,,,,,,,,,,,,,
eiffel371,failed,Infeasible_Problem_Detected,0.24,,,,,,,,,,,,,,,,,,,,,,,,,,,,,,,,,,
eiffel385,ok,,0.2,28.1635205632504,0.656344917537675,4.761609607603566,1.7678399999007726,0.3712694121495809,0.3712694121495809,5.96315531026657,0.7656069712084375,0.0764977260428828,3.000000029998935,3.634085526904576,12.59724086717008,8.963155340265505,0.022572811868982,28.1635205632504,30.62295550430942,0.3650525765065584,19.146093551496456,-4.007670254271116,0.0081077696992264,10.136879079660527,1000000.0,752390.0925397215,31.292800312916885,0.2487403590504085,18.743198650074262,-5.066057067035968,0.0080513824355487,9.83394662733051,1000000.0,768847.8311621252,0.1361606396404081,1.6025,False
eiffel428,failed,airfoil 'eiffel428' not found in the aerosandbox UIUC database,0.0,,,,,,,,,,,,,,,,,,,,,,,,,,,,,,,,,,
eiffel430,ok,,0.2,28.1635205632504,0.6156166592115112,5.076630430376355,1.76783999999994,0.3482309819958435,0.3482309819958435,5.661977582351415,0.6014354961510209,0.069889260477803,3.000000029998935,3.557686715918483,12.219664328268832,8.661977612350348,0.0223240802814836,28.1635205632504,30.638353175140004,0.3771589292116907,19.74688478786957,-0.8545187935116976,0.0108378048695095,9.089056501004569,1000000.0,706056.7674485127,31.292800312916885,0.2562855695674059,19.63263414479941,-2.041613408648508,0.0112049521692997,8.1201226599604,1000000.0,721138.4145567394,0.0970602869473576,1.6734,False
esa40,ok,,0.2,28.1635205632504,0.6519761390813739,4.793516322015305,1.7678399996184857,0.3687981600269683,0.3687981600269683,5.773382856147897,0.661874110103341,0.0854646722027069,3.000000029998935,3.4823668826884413,12.255749768835273,8.773382886146832,0.0219828657817549,28.1635205632504,30.520609940879527,0.3599383190591236,18.74255686826636,3.8224887405139776,0.0081991864908897,10.134469720376078,1000000.0,744884.1763680213,31.292800312916885,0.2451053786263229,18.316192183340963,2.943528187698529,0.0077564732205762,10.054302802093272,1000000.0,763730.2082916476,0.1071583533963886,1.5688,False
falcon,ok,,0.2,28.163520563245783,0.7626699158604776,4.097786212104419,1.7678399999999723,0.4314134287381717,0.4314134287381717,6.318409440034654,1.0386815685490791,0.09065198337167,3.000000029998626,3.535122992520518,12.853532462553796,9.31840947003328,0.022156726960459,28.163520563245783,30.5136631639512,0.3228520180396685,18.717764634260668,2.2630247924180003,0.006457839387,10.445467168611296,1000000.0,871153.7323090356,31.292800312914984,0.2225474564566374,18.01627421252056,1.4034884814649775,0.0062463422161579,10.576323083362512,1000000.0,893397.8080744878,0.1367215312934631,1.371073913043478,False
fauvel,ok,,0.2,28.163520563250405,0.7232917159916344,4.320882151005686,1.7678399999995835,0.409138675441106,0.409138675441106,6.102076385321655,0.8969530917975844,0.0858575641894722,3.000000029998935,3.428393455361396,12.530469870681989,9.102076415320589,0.0218233414278813,28.163520563250405,30.553523722252724,0.3310073021229976,18.67785719285882,3.095209721347844,0.006997502711455,10.366131122117416,1000000.0,827253.5388644623,31.29280031291689,0.2292157450845525,18.240504620446465,2.1929024421926555,0.0067312883246648,10.38882732897805,1000000.0,847269.8610859535,0.1397828253844463,1.4120969899665552,False
fg1,failed,Maximum_Iterations_Exceeded,1.51,,,,,,,,,,,,,,,,,,,,,,,,,,,,,,,,,,
fg2,failed,Maximum_Iterations_Exceeded,1.73,,,,,,,,,,,,,,,,,,,,,,,,,,,,,,,,,,
fg3,ok,,0.2,28.163520563120983,0.7495779325977581,4.169357353866844,1.767839999992298,0.4240077906377408,0.4240077906377408,5.959925238739632,0.830217621773457,0.0886369571257968,3.0000000299910456,3.4474877413325564,12.407413010063234,8.959925268730677,0.021917169415806,28.163520563120983,30.594013007605923,0.3154262772636584,18.937814511169474,-1.1177649426065313,0.007348912625285,9.988954637180102,1000000.0,858454.0971542117,31.292800312855388,0.2177233736588296,16.951548854315288,-2.392426820372201,0.0053412697731151,11.627535271524362,1000000.0,878061.7512753502,0.1014,1.3622792642140469,False
fg4,ok,,0.2,28.1635205632504,0.6187475559252976,5.050942400521988,1.767839999955436,0.3500020114608195,0.3500020114608195,5.685058794235595,0.7337080049614091,0.0690297857095621,3.000000029998935,2.9058942955710605,11.59095311980559,8.685058824234531,0.0200946015291717,28.1635205632504,30.62218925583151,0.3563194244560964,20.57659831563524,-0.2954147701590565,0.0140808696124292,7.755811627531606,1000000.0,709273.2337287357,31.292800312916885,0.2556682083892803,20.892081131297925,-1.7536720677968958,0.0145149491275781,6.695678726112009,1000000.0,724805.972719388,0.127,1.5124,False
fx049915,failed,airfoil 'fx049915' not found in the aerosandbox UIUC database,0.0,,,,,,,,,,,,,,,,,,,,,,,,,,,,,,,,,,
fx05188,ok,,0.19,28.163520563250405,0.8067757405979249,3.8737633128178857,1.767839999999921,0.4563624200142326,0.4563624200142326,6.919864076772754,1.422423917616451,0.0919081837888404,3.000000029998935,3.9815409308771295,13.901405037648818,9.919864106771689,0.0240558910050235,28.163520563250405,31.01077831648848,0.3195853418650413,20.47844175758112,-1.4257731138312937,0.0069605473986142,9.811938993221135,1000000.0,936546.4786604176,31.29280031291689,0.2239599451018688,18.80151459361425,-2.2257655663529223,0.0068526502105307,9.79520580287752,1000000.0,945063.733692336,0.1881034135314064,1.3736,False
fx05191,ok,,0.2,28.1635205632504,0.8139567437926551,3.839587655463164,1.767839999985087,0.4604244410124907,0.4604244410124907,7.027764014536671,1.493535466465073,0.0934923448221572,3.000000029998935,4.095215532490933,14.122979577026538,10.027764044535605,0.02415667056356,28.1635205632504,30.64178010621944,0.3296122470693257,20.46953532495837,-1.3245243990627444,0.0062107244985713,10.161726434131868,1000000.0,933639.3671519916,31.292800312916885,0.2243986505601178,19.138388642587188,-2.220885986954646,0.0063777090853968,10.185069341779936,1000000.0,953475.6198656772,0.1907718612626656,1.382,False
fx057816,failed,airfoil 'fx057816' not found in the aerosandbox UIUC database,0.0,,,,,,,,,,,,,,,,,,,,,,,,,,,,,,,,,,
fx05h126,ok,,0.19,28.1635205632504,0.7219258177332334,4.329057347486813,1.76783999999957,0.4083660386309898,0.4083660386309898,5.918897071869128,0.8118266644083508,0.0851246186271914,3.000000029998935,3.2464820638813845,12.165379165749446,8.918897101868062,0.021268345147061,28.1635205632504,30.64366525777425,0.320079584522445,18.55501746122336,0.9567950365451496,0.0078538794674648,9.864403006013612,1000000.0,828127.3370691125,31.292800312916885,0.2250277305711073,19.66505304110925,0.0678985228952927,0.0093882097513308,8.318820994500923,1000000.0,845669.8366393002,0.1260779961246568,1.369,False
fx082512,failed,airfoil 'fx082512' not found in the aerosandbox UIUC database,0.0,,,,,,,,,,,,,,,,,,,,,,,,,,,,,,,,,,
fx08s176,ok,,0.2,28.16352056325054,0.8012980807169697,3.9002442921153833,1.7678399999998229,0.4532639156920593,0.4532639156920593,6.697052201307538,1.3057746992632897,0.0904628263373545,3.000000029998936,3.747511451150828,13.4445636824573,9.697052231306474,0.0229696864210886,28.16352056325054,30.63754368811713,0.3188240254602735,22.18104735828468,-2.018763201016568,0.0105010583384081,8.084323210203008,1000000.0,918992.324747701,31.292800312917034,0.2204261385262889,21.24192379667797,-2.908294005383884,0.0110242679651901,7.1426660017274965,1000000.0,938647.1578851482,0.176010749233005,1.33505618729097,False
fx2,failed,Infeasible_Problem_Detected,0.27,,,,,,,,,,,,,,,,,,,,,,,,,,,,,,,,,,
fx38153,ok,,0.2,28.163520562161807,0.7032875424141354,4.443784479449511,1.7678399999915504,0.3978230735912169,0.3978230735912169,6.28467257109098,1.0501911217593214,0.0812211498990378,3.0000000299384544,3.404793536967113,12.689466137996549,9.284672601029436,0.0220357801249114,28.163520562161807,30.964623457805047,0.3356488302653612,16.43704489874121,-1.0038243435013767,0.0055755465961862,11.540600466181107,1000000.0,815196.9873984976,31.292800312338205,0.2404645883872835,17.034268858679162,-1.863669831844725,0.007595696262441,9.856879393997133,1000000.0,823836.8077248744,0.1553633013019218,1.4664,False
fx601001,ok,,0.19,28.163520563251364,0.6431172643741702,4.859546522423298,1.767839999999967,0.3637870307121584,0.3637870307121584,5.470782739422301,0.5623956877240824,0.0698846320216583,3.000000029998948,2.807885072328076,11.278667841749323,8.470782769421248,0.01958065713961,28.163520563251364,30.342527641582144,0.3397585886242557,14.953914119376169,-1.5021231242539383,0.0056708214822893,12.071941722842649,1000000.0,730475.6822865966,31.29280031291782,0.2399113731943279,15.213249311024336,-2.3908272875845373,0.0057388684643784,12.082685791795964,1000000.0,753352.8494808335,0.1010482758620689,1.4661953177257523,False
fx60100,ok,,0.19,28.163520563250493,0.618017836529656,5.056906258794555,1.7678399999981582,0.3495892368824667,0.3495892368824667,5.556153770442669,0.5349654944703057,0.0669914039749239,3.000000029998936,2.945205343912404,11.501359144354009,8.556153800441605,0.020033790787539,28.163520563250493,30.327651569289703,0.3608917130946938,15.212201428305026,-1.3474936741103674,0.0056022823136849,12.265712278423882,1000000.0,701622.6966147396,31.29280031291698,0.2521709377823339,15.765754761855142,-2.30093369821167,0.0061472994995071,11.900730715369985,1000000.0,723951.1734040144,0.0999281946308724,1.605122408026756,False
fx60100sm,ok,,0.19,28.163520563250408,0.59937597755982,5.2141867250283775,1.7678399999698275,0.3390442447110879,0.3390442447110879,5.532606362466674,0.5119515183463855,0.0615204865200481,3.000000029998935,2.714004279091834,11.246610671557445,8.53260639246561,0.0193896061572617,28.163520563250408,30.54013367433454,0.358828375582469,14.621660867987158,-1.3636622350455707,0.0054995461406099,12.605354903021093,1000000.0,685226.428098102,31.292800312916896,0.2592984015972454,15.12788584291154,-2.2391464187041654,0.0058621170096188,12.439114097562436,1000000.0,702113.9465943886,0.0997847516778523,1.6543494983277591,False
fx601261,ok,,0.19,28.16352056325044,0.6216211253949244,5.027593397187762,1.7678399999965917,0.3516274806521647,0.3516274806521647,5.719278813157688,0.6333882933191239,0.0696847312724411,3.000000029998936,3.2751544897940628,11.994433332950686,8.719278843156623,0.0215024490290495,28.16352056325044,30.839406527925533,0.361866403169426,17.672733191292664,-1.9184924788628963,0.0078310936718862,10.6163494395092,1000000.0,717621.7869249142,31.29280031291692,0.2554890324943843,17.824137898234287,-2.854471882688112,0.0082637501935923,9.936841719297364,1000000.0,728172.0955980576,0.1259339427609427,1.628622408026756,False
fx60126,ok,,0.19,28.1635205632504,0.638170798698432,4.89721289623174,1.7678399999390415,0.3609890028059311,0.3609890028059311,5.914269414044147,0.6577056086706958,0.0736206845949744,3.000000029998935,4.006962929982028,12.92123237402511,8.914269444043082,0.0238553126848224,28.1635205632504,30.64063780408295,0.3846606173194122,18.400113466819167,-1.107709377689513,0.0062407740069992,11.362508458916404,1000000.0,731978.9084927284,31.292800312916885,0.2544288115820439,17.6703966193016,-2.251101190759477,0.0061174254401647,11.787265872411954,1000000.0,747558.5189573817,0.1259028389261745,1.7273,False
fx60157,ok,,0.19,28.163520562394204,0.7088070192943899,4.409180750912865,1.7678399999956862,0.4009452322020768,0.4009452322020768,6.377416180118147,1.0320535551104153,0.0856002775953819,3.000000029949511,3.852503413922261,13.229919623989918,9.377416210067658,0.0232689533087049,28.163520562394204,30.561178333391467,0.3564472952952696,18.72963436755673,-1.7014534309097955,0.0055447200786176,11.325658118507832,1000000.0,810889.996906275,31.29280031248109,0.2409753628594243,18.39114259913767,-2.682217971700676,0.0058674097317283,11.447367365881416,1000000.0,830302.3683105656,0.1567216128020081,1.5311,False
fx60160,ok,,0.19,28.1635205632504,0.7421117604676818,4.2113040542906335,1.76783999999839,0.4197844603970708,0.4197844603970708,6.367711890677663,1.0587816847732583,0.0878997546696009,3.000000029998935,3.621933219452865,12.989645140129465,9.367711920676598,0.0225338894974379,28.1635205632504,30.62625336698027,0.3328484574559617,18.89772960808185,-1.1591877765208145,0.0063654814125886,10.620705590617623,1000000.0,850799.1028814628,31.292800312916885,0.229922605857371,18.46110690702259,-2.09085174073455,0.0064938636170143,10.51452457468469,1000000.0,869315.8158739397,0.15595,1.4195,False
fx60177,ok,,0.2,28.16352056325141,0.7338572558577829,4.2586732510356455,1.7678399999999892,0.4151152003901865,0.4151152003901865,6.6375473445045285,1.2109672374457636,0.0875280217850232,3.00000002999895,4.031951194201329,13.669498568704809,9.63754737450348,0.0238845558585495,28.16352056325141,30.56918284460832,0.3555327810095872,18.28248470221904,-1.8220268014329544,0.0059195213734648,10.82806856651647,1000000.0,839767.8818280613,31.29280031291785,0.2392061788731129,16.486505324214452,-2.813737631863681,0.0058515330714815,11.279531509791717,1000000.0,859646.4213266486,0.1772015305795709,1.5067,False
fx61147,ok,,0.19,28.16352056325044,0.6873951136568353,4.546523831066551,1.767839999999859,0.3888333297452767,0.3888333297452767,6.110020407334111,0.8748010858383672,0.0807535400833176,3.000000029998936,3.546277241746282,12.65629767907933,9.110020437333048,0.0222525429959596,28.16352056325044,30.59340120346665,0.3508738756885372,18.49733695319056,-2.0130311520415454,0.0065931902476807,10.849393934206972,1000000.0,787223.4834343918,31.29280031291691,0.2413961675831685,18.118542515606368,-2.97326283022454,0.0064283742187491,11.011185019647408,1000000.0,805220.2860648216,0.1476426224783861,1.511738127090301,False
fx61168,ok,,0.19,28.1635205632504,0.7204274924124866,4.338060802107216,1.7678399999985863,0.4075184928574207,0.4075184928574207,6.37327764242547,1.041587659910618,0.0872383907619617,3.000000029998935,3.7657980272443865,13.13907569966879,9.373277672424404,0.0229621476969149,28.1635205632504,30.54470847692381,0.3486654272093054,19.716116744017384,-1.7443457546933396,0.007201069704153,10.18753791193604,1000000.0,823739.8956578171,31.292800312916885,0.2369838034163982,18.934185771796063,-2.69090389937954,0.0069785877486238,10.252503371225844,1000000.0,843914.6860438167,0.1680553378162023,1.4848,False
fx61184,ok,,0.19,28.1635205632504,0.714762554645773,4.372442629411308,1.7678399995022478,0.4043140526557953,0.4043140526557953,6.483868902709025,1.1026828397750643,0.0859185832033031,3.000000029998935,3.850348986671259,13.33421791937922,9.48386893270796,0.0232845027858607,28.1635205632504,30.59121871933605,0.3555645994329842,19.88320908138516,-1.6587646292475713,0.0072770758464844,10.15700188342075,1000000.0,818507.0224402482,31.292800312916885,0.2416802777076932,19.0200260608704,-2.6197064367667,0.0072087734038117,10.126226538961346,1000000.0,837278.7316169655,0.1837169100224143,1.5149,False
fx63100,ok,,0.2,28.1635205632504,0.6146743467989118,5.0844130422399845,1.7678399999985095,0.347697951624259,0.347697951624259,5.755840128210939,0.5369409289418703,0.069945790623897,3.000000029998935,4.116936237730284,12.872776395940155,8.755840158209875,0.0242246211810823,28.1635205632504,30.634191796592315,0.3980343939060071,18.243517332870148,-2.484199472806374,0.0065192863545521,11.34650473057627,1000000.0,704880.2685024039,31.292800312916885,0.2594598702957023,18.015741680644595,-3.669549595916165,0.0072802928423891,10.844164833847342,1000000.0,720034.5820520264,0.0992448275862069,1.8136983277591967,False
fx63110,ok,,0.19,28.16352056042886,0.5746538210064825,5.438506020463134,1.7678399998941927,0.3250598589470067,0.3250598589470067,5.614908032573193,0.5216650556190109,0.0587853889986619,3.000000029842087,3.376461217404191,11.99136927981947,8.61490806241528,0.0218567713408185,28.16352056042886,30.8495471767068,0.3910850453393913,16.431814854288042,-2.5208980038842164,0.0067365382887083,11.721035629082827,1000000.0,663619.1816451153,31.29280031141791,0.2730623406528783,16.558269212342665,-3.520837445307226,0.0074264071311852,11.12233905880927,1000000.0,673154.2092043116,0.1099393103448275,1.8434,False
fx63120,ok,,0.19,28.163520563250508,0.6060372791200233,5.156874623515325,1.7678399999995251,0.3428122902073637,0.3428122902073637,5.926075589195368,0.5955756916646011,0.0683876229956367,3.000000029998936,4.3627856944272905,13.288861313621595,8.926075619194304,0.0250562896745832,28.163520563250508,30.627892147278683,0.416927487920861,19.655523841070423,-3.369377782178565,0.0078238427686037,10.557451473612376,1000000.0,694832.7609842324,31.292800312917,0.2682740603139116,19.21401185847976,-4.617587324789708,0.0086780837461073,9.852786844359828,1000000.0,709917.0499816547,0.119927659574468,1.8995,False
fx63137,ok,,0.2,28.1635205632504,0.6222062524958346,5.022865397615368,1.767839997239925,0.351958465396906,0.351958465396906,6.104929677131509,0.6837064074788627,0.0694375600236291,3.000000029998935,4.340139296146076,13.44506900327652,9.104929707130443,0.02499364903983,28.1635205632504,30.64558196562316,0.410392330683819,20.21868483126012,-4.287557973046682,0.0086006870940106,10.029204722351084,1000000.0,713782.8072143358,31.292800312916885,0.2665383384524408,19.51352878846043,-5.487253980300286,0.0093449881259206,9.28876290013722,1000000.0,728857.5194299549,0.1370657348138471,1.8319,False
fx63137sm,ok,,0.19,28.16352056319648,0.5867096430326981,5.32675455857923,1.7678399999962715,0.3318793799404559,0.3318793799404559,5.994754778557182,0.625639388193332,0.0653085149953962,3.0000000299954293,4.30929258174463,13.304047390297242,8.99475480855261,0.0248729843146801,28.16352056319648,30.626337010036565,0.4311980225556273,19.848766864836406,-4.173747280771623,0.0084729359918413,10.356302620196743,1000000.0,672639.1196306248,31.292800312893544,0.2792438154123282,19.58422067686122,-5.411697781219004,0.0096126867083202,9.440233334757547,1000000.0,687276.4982094907,0.1367210510067114,1.9436,False
fx63143,ok,,0.19,28.1635205632504,0.7760984782576941,4.026883640331252,1.7678399999383112,0.4390094568992533,0.4390094568992533,6.302430559432334,1.0672328395063386,0.0916157659049237,3.000000029998935,3.47348531786473,12.775915907296,9.30243058943127,0.022020912841509,28.1635205632504,30.61538026636393,0.3132580314255287,22.03958762198676,0.0448345644468458,0.011257527786237,7.880208931226519,1000000.0,889447.5192575309,31.292800312916885,0.2183217815463932,20.81509733963358,-0.8846115290044039,0.0107380418572765,7.3142740929398915,1000000.0,909128.1364721349,0.143174553314121,1.318,False
fx63145,ok,,0.19,28.1635205632504,0.6067534135253388,5.150788105892754,1.7678399999989092,0.3432173802638888,0.3432173802638888,5.752544978146055,0.6751335660245115,0.0662002232576639,3.000000029998935,3.0465899435947894,11.79913495173978,8.75254500814499,0.0205572803779953,28.1635205632504,30.59832471028229,0.3704665149085167,19.366897725575573,-1.9700506373620243,0.011779247391924,8.736110234945423,1000000.0,694982.2544852692,31.292800312916885,0.2627481003008188,19.65667015493519,-2.877511558389435,0.0122632370467658,7.726241678069661,1000000.0,710755.9357104317,0.1446587540558079,1.5769789297658865,False
fx63158,ok,,0.19,28.16352056313179,0.6150295812127495,5.081476340434096,1.7678399999999086,0.3478988942510528,0.3478988942510528,5.839155421890183,0.769278525379502,0.0647858858866522,3.000000029991522,3.012353694537784,11.85150914641949,8.839155451881705,0.0205068019923712,28.16352056313179,30.69699927640072,0.3647473298791536,19.196245855721333,-1.9672927596232408,0.0116359858771474,8.72776939798173,1000000.0,706733.6447015537,31.292800312862425,0.2617774467285361,18.7485018278461,-2.8843637530010446,0.0113471784969172,8.121269706102241,1000000.0,720450.706562361,0.1581335638808837,1.5742,False
fx6617a2,ok,,0.19,28.1635205632504,0.8254339130293027,3.7862004419355326,1.7678399945413956,0.466916641538836,0.466916641538836,6.823692073924821,1.35335733471326,0.0949447969154616,3.000000029998935,3.893057005483798,13.716749109407557,9.823692103923756,0.0234669071395041,28.1635205632504,30.6398399387024,0.3157200919590372,21.247278360789373,-0.9431865960159448,0.0078750160158376,9.185238566435808,1000000.0,946744.170568885,31.292800312916885,0.2167753488886225,19.811152942129908,-1.8132339225477927,0.0076926475605371,8.970829109197638,1000000.0,966920.0732216656,0.1819477004152028,1.323661872909699,False
fx6617ai,ok,,0.19,28.1635205632504,0.7462190136921841,4.188124676807853,1.7678399999851382,0.4221077776826282,0.4221077776826282,6.581408841197111,1.1701674446834485,0.0879862489205466,3.000000029998935,3.759810707146361,13.341219578342407,9.581408871196048,0.0230058025833426,28.1635205632504,30.629884667085093,0.3398950315186569,20.268966088626964,-0.7466861546229848,0.0080320916494461,9.553934288321466,1000000.0,855609.3274765732,31.292800312916885,0.2338732350004866,19.16345991596864,-1.646862001122136,0.0079055155351685,9.336609305150626,1000000.0,874127.0860665474,0.188339121824689,1.4455,False
fx66182,ok,,0.19,28.1635205632504,0.7948007936278453,3.93212774998303,1.767839997378888,0.4495886476187141,0.4495886476187141,6.693151588937959,1.2700154834081396,0.0923652657878949,3.000000029998935,3.835154769474515,13.528306388411409,9.693151618936897,0.0232760511700129,28.1635205632504,30.648093082874134,0.3232098149758929,20.82712198385821,-1.1010898876272266,0.0078868663036078,9.350513757420236,1000000.0,911854.590776378,31.292800312916885,0.2221386732664604,19.534157605048684,-1.9789796394877768,0.0076913602774833,9.156748002858253,1000000.0,931036.1837659172,0.1819477004152028,1.3607909698996656,False
fx66196v,ok,,0.19,28.1635205632504,0.751649223622664,4.157868015254155,1.7678399999975372,0.425179441365571,0.425179441365571,6.655356796952261,1.230211468605774,0.0891795828908338,3.000000029998935,3.897400434078921,13.552757261030116,9.655356826951197,0.0234194114716151,28.1635205632504,30.55857120987333,0.3443916993315948,20.751311863177506,-1.3429183813100858,0.0082795745876918,9.37455018192208,1000000.0,859829.0143566916,31.292800312916885,0.2339756031275095,19.487808450425938,-2.2974385782841176,0.0081741183864481,9.11772084034363,1000000.0,880488.078605676,0.1956807793037368,1.4507919732441472,False
fx66a175,ok,,0.2,28.1635205632504,0.797625958243033,3.918200293302874,1.767839999415625,0.4511867355115254,0.4511867355115254,6.550123036942501,1.1784026392818592,0.0929318396883062,3.000000029998935,3.655569293634379,13.205692360575814,9.550123066941437,0.022659809041465,28.1635205632504,30.64174850512328,0.3145148290081626,20.838786833108955,-1.532576311354174,0.0084052068594493,9.072081478121447,1000000.0,914906.3912640949,31.292800312916885,0.2180856795905119,19.800017245902986,-2.374517576453276,0.0082146367170876,8.718001790637224,1000000.0,934345.6037455504,0.1750933120408815,1.3227759197324414,False
fx66h60,failed,Infeasible_Problem_Detected,0.33,,,,,,,,,,,,,,,,,,,,,,,,,,,,,,,,,,
fx66h80,ok,,0.2,28.16352056319199,0.8358269508044215,3.739121193199321,1.767839999999994,0.4727955871597115,0.4727955871597115,5.623293296189522,0.7292106092512277,0.0913869926169002,3.0000000299953915,2.665128797063512,11.288422123248424,8.623293326184914,0.0192766696762771,28.16352056319199,30.624198033738868,0.2568583801858065,17.58745924899677,1.0795557124180444,0.005936897888726,10.546444866025729,1000000.0,958175.2161112336,31.292800312888943,0.1879205387255963,18.70984544509365,0.7042324662461956,0.0061265636154998,9.925165207950036,1000000.0,979094.5601087904,0.0799981946308724,1.0736939799331104,False
fx66s161,ok,,0.2,28.16352056303037,0.7459811421279154,4.189460147323077,1.7678399999998455,0.42197322276223,0.42197322276223,6.312233920024023,1.0194891180507244,0.0890188828072806,3.000000029986921,3.63702299574087,12.949256945751811,9.312233950010944,0.0226258064452822,28.16352056303037,30.681264358761347,0.3289097987399135,19.78843430522974,-1.1676001316797862,0.0076432265789236,9.802980286960334,1000000.0,856771.3586054179,31.292800312797723,0.2273754070314925,19.0700648358585,-2.0541939834279312,0.007515940414813,9.569300782609274,1000000.0,873848.4413504185,0.1611274576812519,1.4033117056856188,False
fx66s171,ok,,0.19,28.163520563250408,0.7378726606716122,4.235498118001905,1.767839999999907,0.4173865625122471,0.4173865625122471,6.381207452006344,1.0501827248866458,0.0884340774514607,3.000000029998935,3.677545756926048,13.058753238931327,9.38120748200528,0.0227220928123125,28.163520563250408,30.62484958339537,0.33657254397119,20.10195099491353,-1.0693368234210618,0.0079141321191746,9.686396744353832,1000000.0,845900.3834999681,31.292800312916896,0.231576658047508,19.32478922474905,-1.9861195885661704,0.0077446627037769,9.47318041901244,1000000.0,864350.0995295185,0.1710451580964548,1.4321973244147157,False
fx66s196,ok,,0.19,28.163520563250405,0.785367285313434,3.979358860551645,1.7678399999998318,0.444252469292192,0.444252469292192,6.823863048266983,1.3433595843907495,0.0921985967145717,3.000000029998935,3.91855321811622,13.742416296382135,9.823863078265918,0.0236597242819647,28.163520563250405,30.777752356779857,0.3294752603196222,21.182117606901564,-1.1947084509598953,0.0082210961936266,9.219103605967597,1000000.0,904843.655864141,31.29280031291689,0.22783841694951,19.64016596096968,-2.0696504157290705,0.0080428841974597,9.00079323873213,1000000.0,919985.693208974,0.1963062695624401,1.3985632107023411,False
fx67k150,failed,Maximum_Iterations_Exceeded,1.42,,,,,,,,,,,,,,,,,,,,,,,,,,,,,,,,,,
fx67k170,ok,,0.2,28.163520561803224,0.8387394904599033,3.726137019207915,1.7678399997947296,0.4744431003695427,0.4744431003695427,6.848039970203586,1.4194759866527296,0.0898957502159209,3.000000029921856,3.861595981871236,13.709635981996678,9.848040000125442,0.0233700759637383,28.163520561803224,30.65331787417208,0.3102774205156409,21.62789935073479,-2.162693039578084,0.0086976754511592,8.698245208316445,1000000.0,962428.3746168568,31.29280031211292,0.213865224904493,20.906595095904144,-3.050194496238192,0.0094750068679023,7.739542161043619,1000000.0,982506.3330900564,0.17006,1.298,False
fx68h120,ok,,0.19,28.1635205632504,0.8510759093105492,3.672126341973552,1.7678399999995364,0.4814213443019574,0.4814213443019574,6.271420859853683,1.1006671904642875,0.0873400772751054,3.000000029998935,3.2779030464262,12.549323936278816,9.271420889852616,0.0213589851927781,28.1635205632504,30.62023487697209,0.2805054572668665,18.789297753547856,1.1317311906296752,0.0061244244577377,10.235379043593094,1000000.0,975530.0534255567,31.292800312916885,0.1984245754616432,18.6453453076812,0.3963376496088071,0.0061462813485712,9.982731069826546,1000000.0,996957.3154402198,0.11807,1.1694505016722407,False
fx69h083,failed,Infeasible_Problem_Detected,0.25,,,,,,,,,,,,,,,,,,,,,,,,,,,,,,,,,,
fx69h098,ok,,0.19,28.163520563056867,0.7347802301106792,4.253323834156796,1.767839999999142,0.415637291899174,0.415637291899174,5.868078819408713,0.7736368821877547,0.0859920890742581,3.000000029987539,3.3094684691762795,12.177547318572532,8.868078849396252,0.0213837837180213,28.163520563056867,30.50241925888013,0.3177167479138597,18.07562947110668,1.2728254483156338,0.0062537203774335,10.845399687841535,1000000.0,838987.6869256931,31.29280031282072,0.219831307767456,17.74314888227224,0.5957448918342401,0.0056530676698474,11.364885081376956,1000000.0,860727.6009504617,0.0988528795811518,1.360138795986622,False
fx69pr281,ok,,0.2,27.72985964759196,0.8095845679077425,3.860323417078946,1.7678399999999996,0.4579512670308074,0.4579512670308074,7.785613633811115,1.8747976016446355,0.0797665542332497,3.00000002999884,4.785612825254408,15.571226489064363,10.785613663809954,0.0264971093161809,27.72985964759196,30.63008504009049,0.3656541554591729,25.411037248725066,-2.3122700516389774,0.0111033487424958,7.828835972020876,1000000.0,928269.8863987044,30.810954855893435,0.2503102542746808,21.6373257488918,-3.4356121727335216,0.0110429967238342,7.4570852659047375,1000000.0,933751.2947313484,0.2812301579541181,1.5247,False
fx71089a,ok,,0.2,28.16352056325056,0.7276617387716642,4.29493279511386,1.7678399999999987,0.4116106314890854,0.4116106314890854,5.705261143735532,0.692522814766803,0.0864289969257642,3.0000000299989376,3.114508217122614,11.819769390857084,8.70526117373447,0.0208073724280923,28.16352056325056,30.62655969774649,0.3088796890906188,18.745771174993934,2.794081838860736,0.008001048903981,9.739191009652592,1000000.0,834241.1208740391,31.29280031291704,0.2179062694873599,18.574703248897016,2.1855176807092893,0.0074714676581905,9.572749020057929,1000000.0,852388.9416889439,0.0893543936667866,1.3289,False
fx71120,ok,,0.2,28.163520563243367,0.7548365783161177,4.14031110226656,1.7678399999997525,0.4269824069577696,0.4269824069577696,6.103853229762166,0.9094537006552392,0.0918913231178694,3.0000000299982856,3.4940000076451745,12.597853267405624,9.103853259760452,0.0222522014705874,28.163520563243367,30.839207279703253,0.3129994066113249,20.05287005540276,3.2088778712265094,0.0085601094797884,9.244539579164352,1000000.0,871404.8675109037,31.292800312915844,0.2196796216643808,19.281542847955,2.3261430024123,0.0082781566642355,8.857624112179726,1000000.0,884221.7720903748,0.11986,1.3619,False
fx711520,failed,Infeasible_Problem_Detected,0.24,,,,,,,,,,,,,,,,,,,,,,,,,,,,,,,,,,
fx711525,failed,Infeasible_Problem_Detected,0.29,,,,,,,,,,,,,,,,,,,,,,,,,,,,,,,,,,
fx711530,failed,Infeasible_Problem_Detected,0.28,,,,,,,,,,,,,,,,,,,,,,,,,,,,,,,,,,
fx71l150,failed,Infeasible_Problem_Detected,0.28,,,,,,,,,,,,,,,,,,,,,,,,,,,,,,,,,,
fx72150a,ok,,0.2,26.11866969999547,0.4305827476144541,7.2582059613738625,1.767839999999991,0.2435643200823922,0.2435643200823922,4.933880490418123,0.4251955939725153,0.0286838377258518,3.000000029998909,1.9338799670397648,9.867760487456795,7.933880520417032,0.016751479647427,26.11866969999547,30.556745789790632,0.4377781588560674,22.165614417085305,-4.57420171255182,0.0280293835223158,5.85764769985988,1000000.0,492524.1884865897,29.0207438209092,0.390227858074273,22.972073733357124,-4.95471114832493,0.0329010523135345,4.838986367942311,1000000.0,467766.3779382592,0.1501079271798147,1.8167107023411373,False
fx72150b,ok,,0.2,26.080801045407647,0.3610597073752705,8.655793492769146,1.7678399999999996,0.204237774558371,0.204237774558371,4.753344264759465,0.3360728694471128,0.0187034242451183,3.00000002999899,1.7533437594334382,9.506688054191894,7.753344294758455,0.016168528111842,26.080801045407647,30.613555310282777,0.5011053007352203,20.45949697258177,-4.7533784549888685,0.0298538288249143,6.245999966243343,1000000.0,413767.74587332114,28.9786675384538,0.4560994377977229,23.005428595517195,-5.234660656900056,0.0398625828844232,4.71541477194245,1000000.0,391670.8733849984,0.1501079271798147,2.087247826086956,False
fx72ls160,ok,,0.2,28.163520563250405,0.4345268107566546,7.192325509574894,1.767839999999805,0.2457953269281737,0.2457953269281737,5.0863305352245405,0.4865860429315872,0.0363935613725108,3.000000029998935,2.098474077433511,10.184804642656989,8.086330565223475,0.0173442733100532,28.163520563250405,30.6167014877887,0.4459905362468653,15.234747923803756,-4.048228656940369,0.0125964777928988,9.96510213509533,1000000.0,498010.8630569338,31.29280031291689,0.3389630613719598,21.254487731715823,-5.102577950068783,0.0232909197077075,5.8561353662096405,1000000.0,509008.2776395648,0.1600979527307569,1.8602371237458195,False
fx73170,ok,,0.2,28.1635205632504,0.7644965904741571,4.087995038067807,1.767840000814019,0.4324467090472765,0.4324467090472765,6.550297369022362,1.2006698438968428,0.0899356767331891,3.000000029998935,3.720752746763575,13.271050145784873,9.550297399021296,0.0228786436581313,28.1635205632504,30.6376085778848,0.3298574704755324,19.796484733406768,-2.440902549808276,0.0072206285696209,9.91509695641446,1000000.0,876787.3074306725,31.292800312916885,0.2275405504119475,19.40523741665539,-3.388093893979036,0.0077736552874297,9.28509252458043,1000000.0,895537.5893186745,0.1708750449055435,1.3933,False
fx73170a,ok,,0.19,28.163520563250405,0.7038106854344913,4.44048141109103,1.767839999999744,0.3981189957431629,0.3981189957431629,6.358148885257899,1.076313516257774,0.0828126558690198,3.000000029998935,3.6598196322989502,13.017968547555784,9.358148915256834,0.0226967525745678,28.163520563250405,30.672117794347248,0.3506760877987912,20.3334558850596,-2.4926362991472364,0.0090776645722625,9.290744126373763,1000000.0,808096.9316128334,31.29280031291689,0.2421874061974709,20.30617481124268,-3.565293379971396,0.0100051853728423,8.25060574562964,1000000.0,824449.6217702209,0.1710803654382161,1.4985939799331105,False
fx73cl1152,ok,,0.19,28.16352056107149,0.5305515473530227,5.8905836404438965,1.767839999900984,0.3001128763817646,0.3001128763817646,5.731961645462239,0.5480160691248849,0.0515806393156393,3.0000000298745304,3.2971682121772554,12.029129887514024,8.73196167533677,0.0215462823622382,28.16352056107149,30.794244937778764,0.4264556052499582,17.97441102586346,-1.6430268107043182,0.0100252870535701,10.180542233773451,1000000.0,611590.855951385,31.292800311793524,0.2997793376741936,17.942415621287495,-2.7685605034129006,0.0104357998092228,9.467775999511924,1000000.0,621492.4433599717,0.1521099208348326,2.0136,False
fx73cl2152,ok,,0.2,28.16352056325048,0.5475553579762972,5.70765717121413,1.7678399999972092,0.3097312867551144,0.3097312867551144,5.905321812431493,0.5742084137718155,0.0588018915664565,3.000000029998935,4.7580680644810505,13.663389906911478,8.905321842430428,0.0263947825296829,28.16352056325048,30.62012860343026,0.47470381929771,20.65427053606529,-3.908667096348093,0.010484672785014,9.708358597271218,1000000.0,627623.0449968593,31.292800312916967,0.296236826763671,19.267097648443908,-5.360519251905477,0.011123233952383,8.94375909445894,1000000.0,641410.8468725181,0.1521027240014393,2.19996889632107,False
fx73cl3152,ok,,0.2,28.163520562996265,0.5266729646639915,5.933963721841651,1.7678399999974306,0.2979189093270641,0.2979189093270641,5.838711443409433,0.5422588171253551,0.0547037801091193,3.0000000299834104,4.343961460874345,13.182672934267188,8.838711473392843,0.0249857168570078,28.163520562996265,30.619911609423017,0.4761687653931047,20.10117827499494,-3.551002553596189,0.0109991245393786,9.712519246546687,1000000.0,603682.7920303363,31.292800312796444,0.3056788507937933,19.37047214649933,-5.124192750346487,0.0118741066234102,8.762062721051365,1000000.0,616949.0397047136,0.152105527168046,2.1701,False
fx73k170,ok,,0.19,28.1635205632504,0.7122673542662253,4.387760082429339,1.767839999849223,0.4029026124123075,0.4029026124123075,6.371471340370099,1.0626802678981189,0.0847463791580192,3.000000029998935,3.751499263810845,13.12297063417988,9.371471370369033,0.0229756508457107,28.1635205632504,30.6273982433779,0.3503283014119893,18.94511179031962,-2.349101080645219,0.0067255492687696,10.540464473460396,1000000.0,816614.3050525496,31.292800312916885,0.2396526319958343,18.72772952105848,-3.3918170333392568,0.0074349880119826,9.932194273225251,1000000.0,834355.833218906,0.1707638512241054,1.4904,False
fx74080,failed,Infeasible_Problem_Detected,0.32,,,,,,,,,,,,,,,,,,,,,,,,,,,,,,,,,,
fx74130wp1,ok,,0.19,28.163520563250405,0.7194467472955437,4.343974418322351,1.7678399999991703,0.4069637225630607,0.4069637225630607,6.08223768424355,0.9280788029165168,0.0858549972452188,3.000000029998935,3.5025917753740834,12.584829489616569,9.082237714242485,0.0221889019601059,28.163520563250405,30.710849399456915,0.3308044503656246,18.75208034053076,-1.8237602990755208,0.0072228183235081,10.25272243651169,1000000.0,827092.9518017686,31.29280031291689,0.2299384881840169,19.60754989600372,-2.7531419514884523,0.0087622443157885,8.798474266211988,1000000.0,842765.8331524829,0.1300941277641277,1.4214,False
fx74130wp2,ok,,0.19,28.163520563250696,0.749207904230871,4.171416569354434,1.76783999999999,0.4237984796310046,0.4237984796310046,6.12006765378013,0.9729442235010384,0.088454928220342,3.0000000299989376,3.28158696466433,12.401654648443396,9.120067683779068,0.0213872232456709,28.163520563250696,30.642735565800656,0.3144333000524368,19.14373086583265,-1.5118566359257193,0.0080766539704095,9.551843080582096,1000000.0,859396.7801284648,31.29280031291718,0.2217242380537787,20.1022849001315,-2.384091873670785,0.0095466683112104,8.083342330616885,1000000.0,877628.2970029069,0.1298951535626535,1.3331,False
fx74130wp2mod,ok,,0.2,28.163520563233373,0.754089839056075,4.144411055202608,1.7678399999999863,0.4265600048964164,0.4265600048964164,6.1166801002690505,0.9721697482267182,0.0890532008223906,3.000000029997398,3.324845050142468,12.441525180408917,9.116680130266449,0.0215445957927862,28.163520563233373,30.657092731635423,0.3131085426198512,18.46923855787045,-1.5045942311341454,0.007192068629724,10.0623685891474,1000000.0,865402.0002459333,31.292800312914,0.2202069839511301,19.500103740029424,-2.383747700148742,0.0088435631393396,8.481425430432683,1000000.0,883347.0355832953,0.1290727500774233,1.3276,False
fx74cl6140,ok,,0.2,28.1635205632504,0.4168695035904494,7.496970247720197,1.767839999999855,0.2358072583437888,0.2358072583437888,5.115380333899096,0.3806077635849583,0.0354546296017852,3.000000029998935,2.431754690679318,10.54713505457735,8.11538036389803,0.0184856296938314,28.1635205632504,30.62926729940935,0.4810248180953247,15.890987987438283,-2.6665456151782583,0.0126785585999716,10.19362714255677,1000000.0,477969.9256801525,31.292800312916885,0.3545897806349073,20.628236367587164,-3.675731252564902,0.021268805105989,6.518089551008455,1000000.0,488324.3628938249,0.1404979882429784,2.052979933110368,False
fx74modsm,failed,Maximum_Iterations_Exceeded,1.32,,,,,,,,,,,,,,,,,,,,,,,,,,,,,,,,,,
fx75141,ok,,0.2,28.1635205632504,0.6942989046001944,4.501315272775183,1.76783999930648,0.3927385424430754,0.3927385424430754,6.110590425411463,0.8817029191795014,0.0816400942746518,3.000000029998935,3.615881688912768,12.726472144323166,9.110590455410398,0.0225228004802422,28.1635205632504,30.639182037178976,0.3482679705730808,18.418726418571666,-1.6005137711328254,0.0064155426759136,10.920507651784623,1000000.0,796319.7468684885,31.292800312916885,0.2390107884147088,18.376584774547297,-2.573129981750581,0.0068472416671525,10.54233446642553,1000000.0,813307.4438394012,0.1413341584158415,1.5057,False
fx75193,failed,Infeasible_Problem_Detected,0.28,,,,,,,,,,,,,,,,,,,,,,,,,,,,,,,,,,
fx75vg166,failed,Infeasible_Problem_Detected,0.28,,,,,,,,,,,,,,,,,,,,,,,,,,,,,,,,,,
fx76100,ok,,0.2,28.1635205632504,0.7562534707718556,4.132553943839294,1.7678399993156582,0.4277838894156744,0.4277838894156744,5.868469008170606,0.8058151887230698,0.090310848446868,3.000000029998935,3.090692666939898,11.95916170510944,8.86846903816954,0.0207404601867144,28.1635205632504,30.647440442077663,0.3002971816677603,17.89444402465975,2.845832295534792,0.0063864982506245,10.645616786804789,1000000.0,867611.757855021,31.292800312916885,0.2135987632318395,17.58782277256282,2.165898004164459,0.0057529199712951,11.058572726166464,1000000.0,885881.5319017682,0.1006462281879194,1.2838836120401338,False
fx76120,ok,,0.2,28.163520563250405,0.7462230183827177,4.188102200831112,1.767839999999857,0.422110042980574,0.422110042980574,6.064986625943197,0.903314130653615,0.0890558597207702,3.000000029998935,3.275442899210016,12.340429555152149,9.064986655942132,0.0213841852977918,28.163520563250405,30.66837988189413,0.3136073881334081,18.54483613551962,3.2099846465919675,0.0067771418935518,10.39633936531274,1000000.0,856689.2429416254,31.29280031291689,0.2212666639650837,18.06170015929554,2.3454520771627982,0.0062558784402918,10.647677644828343,1000000.0,874131.7771866765,0.1206831677852349,1.3424,False
fx76mp120,ok,,0.19,28.1635205632504,0.526549652393259,5.935353389129727,1.767839999512798,0.2978491563367565,0.2978491563367565,5.529514843471338,0.5376921692459582,0.0571632602681154,3.000000029998935,2.8006324053444467,11.33014727881472,8.529514873470273,0.019709109446285,28.1635205632504,30.579766429566,0.4104253857260658,17.276271003389137,-4.910604221801344,0.0098333612295796,10.32727055725689,1000000.0,602750.1576349217,31.292800312916885,0.2950546482036288,18.537172351029493,-5.931488416158496,0.0110363488708392,9.093185770614108,1000000.0,616804.5908686974,0.1211131012456084,1.7295926421404682,False
fx76mp140,ok,,0.19,28.1635205632504,0.612466476542657,5.102741721383159,1.767839993552232,0.3464490444703593,0.3464490444703593,6.007174172581115,0.7514359804349661,0.0721668693834459,3.000000029998935,3.9810101665401816,12.988184369120232,9.00717420258005,0.0238297995923458,28.1635205632504,30.721656363922342,0.4007589090676181,19.854878382488703,-4.472428395009694,0.0094725127865539,9.725061367585935,1000000.0,704353.6822068447,31.292800312916885,0.2678697660088473,19.47914230558686,-5.655043561795036,0.0102968708903727,8.770969491258088,1000000.0,717448.2673027475,0.1410714915362504,1.7767715719063544,False
fx76mp160,ok,,0.2,28.163520563250422,0.6260546321524671,4.991989684438003,1.767839999999928,0.3541353471764937,0.3541353471764937,6.167486861676008,0.8598326918091059,0.0706648066752804,3.000000029998935,3.914210856214836,13.08169774788978,9.167486891674944,0.0235261940176758,28.163520563250422,30.62326990651412,0.3974248975252822,19.91300376101381,-3.6938440243717854,0.0089447844306889,9.868935571490246,1000000.0,717674.6952566244,31.29280031291691,0.2667199645304463,19.43987442821041,-4.842556347139567,0.0094135393871347,9.22669743668214,1000000.0,733365.5418529232,0.1614394155221973,1.7352,False
fx77080,ok,,0.2,28.16352056316861,0.8065748773576248,3.87472800520128,1.7678399999969954,0.4562487993025362,0.4562487993025362,5.731864370663402,0.7595905818015164,0.095013835105281,3.0000000299944376,2.950142263784921,11.68200666444276,8.73186440065784,0.0201989172366945,28.16352056316861,30.552253400780987,0.2767531558715589,17.905842330786687,2.322432488250066,0.0061767421934093,10.508597625698563,1000000.0,922468.9914693373,31.292800312872927,0.1971876686422254,17.835593060867932,1.744282573297926,0.0054801775735375,10.91927339396556,1000000.0,944828.4408419232,0.0804646979865771,1.1631290969899666,False
fx77w121,ok,,0.19,28.1635205632504,0.7300421439099973,4.280928562354283,1.7678399999962282,0.4129571363424036,0.4129571363424036,5.9147049589433625,0.7983763086418599,0.086112648123693,3.000000029998935,3.1494298225776185,12.064134811519915,8.914704988942297,0.0209435778281887,28.1635205632504,30.65197993513527,0.3137166020920348,19.36580448516902,0.2865046594607114,0.0088107575834616,9.25867237871047,1000000.0,837664.8704412864,31.292800312916885,0.2224213663107289,19.77358591055075,-0.3583888985905321,0.0092887598554419,8.314239739359945,1000000.0,855177.367835142,0.1209962377531025,1.343866220735786,False
fx77w153,ok,,0.2,28.16352056262551,0.6569882530672921,4.756946948455945,1.7678399999999597,0.3716333226238275,0.3716333226238275,6.003154500427539,0.8173055187564997,0.0758626666298131,3.000000029962833,3.644070971264153,12.647225501654525,9.003154530390372,0.0226613874893022,28.16352056262551,30.69691569612296,0.364379967362644,19.256955076807664,0.8843575730677777,0.0098719056317403,9.227835758011546,1000000.0,754946.5140926277,31.29280031259913,0.2496057354199208,18.55851482959175,-0.1376701651409538,0.0103560241610718,8.326721442517075,1000000.0,769601.4396383537,0.1524593422818791,1.5778491638795986,False
fx77w258,ok,,0.19,28.163520563252472,0.6085887598667731,5.135254660773152,1.76784,0.3442555660392191,0.3442555660392191,6.540673476960043,1.1240379385744803,0.067359625958662,3.000000029998948,3.8171832099410414,13.357856716900033,9.540673506958992,0.0232020690434459,28.163520563252472,30.63121732852997,0.4172445361540814,20.719782557215314,-0.2462417273472582,0.0111437377878215,9.0180124157347,1000000.0,697833.8336247384,31.29280031291905,0.2855436898831096,20.580912293009483,-1.2088959665625072,0.0127349886044186,7.780262044800667,1000000.0,712905.8754997156,0.2612412475506205,1.7748177257525084,False
fx77w270,ok,,0.2,28.1635205632504,0.5537611572375013,5.643693539413143,1.7678399999658432,0.3132416718980228,0.3132416718980228,6.379284774280079,1.0400540000526348,0.0588536303088355,3.000000029998935,3.701806706010989,13.081091510290005,9.379284804279012,0.0228163533714539,28.1635205632504,30.640570286773663,0.4487806506596692,20.952957900491768,-0.2999017265023456,0.0132988402908043,8.656906225045164,1000000.0,635160.046624172,31.292800312916885,0.308506766812093,20.608221867750785,-1.3098933647051525,0.0144536595294917,7.554717693329818,1000000.0,648680.3711461226,0.2711557234110507,1.9167397993311035,False
fx77w270s,ok,,0.2,28.163520563250483,0.5977839578282287,5.228073160331897,1.7678399999996428,0.3381436995589812,0.3381436995589812,6.605780984148873,1.171641827488347,0.0639645140829538,3.000000029998936,3.900497849964557,13.506278864112366,9.605781014147809,0.0235010752869004,28.163520563250483,30.651364765468664,0.4289415741649799,21.57443163893891,1.0134339531330747,0.0126254416449276,8.554068633026416,1000000.0,685895.4323557263,31.292800312916963,0.2926886529411491,19.996214036924616,-0.0753528749330261,0.0124664076319409,8.01371568283889,1000000.0,700249.0415836271,0.2710560715426381,1.8278,False
fx77w343,ok,,0.2,28.1635205632504,0.619598346434162,5.044006788358283,1.767839999963085,0.3504832713634153,0.3504832713634153,7.140164049981674,1.5167583957808786,0.0652967391022012,3.000000029998935,4.158845571480906,14.299009651461514,10.14016407998061,0.0243794590911356,28.1635205632504,30.64951306882001,0.4381823383602424,23.29207519289945,-0.6700957181277328,0.013842810967497,8.023611073209603,1000000.0,710882.2451231412,31.292800312916885,0.2980932847896151,21.25021580825689,-1.6747023911705357,0.0140703538551036,7.341820584400072,1000000.0,725802.5957112842,0.3436566368572341,1.8318844481605352,False
fx78k140,failed,Infeasible_Problem_Detected,0.65,,,,,,,,,,,,,,,,,,,,,,,,,,,,,,,,,,
fx78k140a20,failed,Infeasible_Problem_Detected,0.33,,,,,,,,,,,,,,,,,,,,,,,,,,,,,,,,,,
fx78k150,ok,,0.2,28.163520563218565,0.8192925828805114,3.814581421708242,1.767839999999819,0.463442722690173,0.463442722690173,6.571367092568158,1.2493525042089546,0.095237549563098,3.0000000299967464,3.69615037571566,13.267517498280563,9.571367122564904,0.022758250433939,28.163520563218565,30.58835920571895,0.3087056660385075,19.71141057643884,-0.5924101540700446,0.0068482061900876,9.841364485873868,1000000.0,938121.3998361068,31.292800312904344,0.2127905865178044,19.726846337363305,-1.7101135678975763,0.0078518495574271,8.829431410867347,1000000.0,959726.065621884,0.1510110065035614,1.291,False
fx78k161,failed,Infeasible_Problem_Detected,0.43,,,,,,,,,,,,,,,,,,,,,,,,,,,,,,,,,,
fx78pk188,failed,Infeasible_Problem_Detected,0.27,,,,,,,,,,,,,,,,,,,,,,,,,,,,,,,,,,
fx79k144,ok,,0.2,28.163520563250405,0.7647403453079213,4.086692018767142,1.7678399999997485,0.4325845921056375,0.4325845921056375,6.360581789386891,1.100312801434238,0.0892562603656041,3.000000029998935,3.5715057699883275,12.932087589374152,9.360581819385825,0.0223520100522808,28.163520563250405,30.61217574683072,0.3218641128904267,19.546953720507176,0.0186730293742868,0.0071936389239813,9.959117291362787,1000000.0,876338.7968307099,31.29280031291689,0.2229493965616543,18.856050038079804,-0.8380228768887097,0.0070074705445534,9.856947342059865,1000000.0,895823.1261469339,0.1438706410653453,1.3624,False
fx79l100,ok,,0.2,28.163520563252725,0.7809355166888639,4.001941516056244,1.7678399999999996,0.4417455859630192,0.4417455859630192,5.852866059330344,0.8018623993621861,0.0920349001929528,3.000000029998991,3.083138903741933,11.936004993071268,8.852866089329336,0.0205859169887967,28.163520563252725,30.456850470984445,0.2938868490753895,17.719320996871108,2.793162908153348,0.0059213871846983,10.840996064451666,1000000.0,890356.6446888414,31.292800312918885,0.2064838933691913,17.89835633366835,1.9353850942488595,0.005688618666281,10.917443844735295,1000000.0,914794.2830159556,0.1006425231555413,1.234764882943144,False
fx79l120,ok,,0.2,28.163520563253435,0.7474588256064534,4.181177823493231,1.7678399999999992,0.4228090922291914,0.4228090922291914,5.982587663678115,0.8558750484852579,0.0900037578087928,3.0000000299989966,3.267615897388107,12.25020359106522,8.982587693677111,0.0214814842942884,28.163520563253435,30.846395326140264,0.3072228472898538,18.153563781992908,2.8185078163591206,0.0063007252087238,10.75360686055413,1000000.0,863088.9025470278,31.29280031291961,0.2188928883244496,18.02759780278555,2.0048587337088413,0.0061994553571722,10.675186652059482,1000000.0,875579.4119260735,0.1206588438198658,1.3284,False
fx79w151a,ok,,0.2,28.1635205632504,0.8003101509636918,3.905058884483616,1.7678399999330223,0.4527050813388162,0.4527050813388162,6.50863759268265,1.18928950101959,0.0938521833032194,3.000000029998935,3.610919272489731,13.119556895171316,9.508637622681585,0.0224781623578242,28.1635205632504,30.601411386803903,0.312236913366003,18.88301179426212,0.3148242262922368,0.0064617535444136,10.209488730580098,1000000.0,916776.813642091,31.292800312916885,0.2164100530368724,18.69584445296103,-0.704335329306904,0.007263956844565,9.404547026845886,1000000.0,937489.8888874575,0.1516172341105078,1.3084,False
fx79w660a,failed,Infeasible_Problem_Detected,0.36,,,,,,,,,,,,,,,,,,,,,,,,,,,,,,,,,,
fx80080,ok,,0.19,28.1635205632504,0.7651272891603799,4.084625277180253,1.7678399999900702,0.4328034715611579,0.4328034715611579,5.659492763742918,0.7174207935808259,0.0928640126416036,3.000000029998935,2.898827660792343,11.558320454534195,8.659492793741853,0.0200043771395578,28.1635205632504,30.52121602688643,0.2892435555792124,15.92328466125216,-0.5607456274988004,0.0047580140039299,12.049719797683302,1000000.0,874176.9739067237,31.292800312916885,0.2061466224305632,16.69167437165042,-1.3757582215676052,0.0051825482653102,11.63065604948386,1000000.0,896276.3953610297,0.0805906472592133,1.213108026755853,False
fx83w108,ok,,0.2,28.16352056325046,0.6374875915815029,4.902461329231129,1.767839999998022,0.3606025384549599,0.3606025384549599,5.7146256936418505,0.6431184005086307,0.0725390211688998,3.000000029998936,3.1602940870029133,11.8749198106437,8.714625723640786,0.0210751330764202,28.16352056325046,30.79012042043465,0.3504632570377652,16.55259438862433,-1.825496192780092,0.0063489235981318,11.520941604885694,1000000.0,734762.4633010809,31.292800312916945,0.2489972004408697,16.841580265918957,-2.770109115261097,0.0068469344636294,10.998338628719312,1000000.0,746758.2045001664,0.1086585564990202,1.569,False
fx83w160,ok,,0.19,28.16352056325049,0.7191386057025458,4.345835755190478,1.767839999999986,0.4067894185574212,0.4067894185574212,6.381964228160347,1.0563465839272206,0.0861268995200844,3.0000000299989367,3.7787039823385937,13.160668240497875,9.381964258159282,0.0230357116008193,28.16352056325049,30.584224363542063,0.3489608560379609,19.19348052129341,-1.9336297770852444,0.0064450617720338,10.668073434376351,1000000.0,823329.9481089929,31.292800312916963,0.237628556962002,18.657471168289923,-2.930996369228437,0.0065471838340188,10.662997859334675,1000000.0,842404.8735573409,0.160498304056212,1.4885,False
fx83w227,failed,Infeasible_Problem_Detected,0.67,,,,,,,,,,,,,,,,,,,,,,,,,,,,,,,,,,
fx84w097,ok,,0.19,28.163520563250472,0.6974905526661647,4.480717700973727,1.7678399999980856,0.3945439364800661,0.3945439364800661,5.605660040046343,0.6756783589434578,0.0826680873232399,3.000000029998936,2.9330502057341645,11.538710275779444,8.605660070045278,0.0203225864936655,28.163520563250472,30.82786613560336,0.3104833589831834,15.474567595416111,0.571177660729542,0.0049354408727064,12.37517928671228,1000000.0,804906.8664166151,31.29280031291696,0.2247311726022536,15.867331918873182,-0.2527897051498906,0.0052544376956159,12.159605333125096,1000000.0,817046.1662989146,0.0973909079033311,1.3514120401337792,False
fx84w127,ok,,0.2,28.16352056325044,0.7146789297966007,4.372954253022934,1.7678399999999783,0.4042667491382757,0.4042667491382757,6.075285018180383,0.865029113099026,0.0851059104050583,3.000000029998936,3.410629153038926,12.485914201218243,9.075285048179316,0.0218573729595309,28.16352056325044,30.685967167821527,0.3309299347717938,17.8128726566552,-0.552341118274765,0.0060628285323595,11.089997633055324,1000000.0,820946.0784262505,31.29280031291692,0.2312952727639706,18.21589326250473,-1.4539863530051114,0.0068787432707726,10.320579531923174,1000000.0,837180.7725455721,0.127535860747365,1.4348,False
fx84w140,ok,,0.2,28.163520562257048,0.7226907575973478,4.324475209810627,1.7678399999968866,0.4087987360839332,0.4087987360839332,6.233032031856757,0.95490945643594,0.0867134389586894,3.000000029944424,3.4941342372672355,12.727166299068417,9.23303206180118,0.022068136721801,28.163520562257048,30.583480772639845,0.3358239861764684,18.26572764284532,-1.118105413774112,0.0066239423581324,10.595499675243513,1000000.0,827376.6319173081,31.29280031238176,0.2327069228255006,18.54930956312879,-2.049187211294825,0.0076203015027137,9.65655383019033,1000000.0,846565.8934702254,0.1408186809326093,1.4454,False
fx84w150,ok,,0.2,28.1635205632504,0.7266178257293909,4.301103211319791,1.7678399994475993,0.4110201296251011,0.4110201296251011,6.275079605954284,1.0120032882098575,0.0857356858517572,3.000000029998935,3.586521430742386,12.861601066695606,9.27507963595322,0.022422768347229,28.1635205632504,30.63907349697573,0.336313304121173,18.70921723994159,-1.1843947710746048,0.0066359141659726,10.55158907427579,1000000.0,833384.6840262037,31.292800312916885,0.2325032667990028,19.024594980608555,-2.1291842607528166,0.0076654606629341,9.59915982011298,1000000.0,851166.0936369202,0.149888304056212,1.4352,False
fx84w175,ok,,0.2,28.1635205632504,0.7603902518635388,4.11007145057868,1.7678399999668133,0.4301239093344495,0.4301239093344495,6.64170839920889,1.243838670829643,0.0890032813056405,3.000000029998935,3.852202839645804,13.49391126885363,9.641708429207824,0.0233035126627665,28.1635205632504,30.607910763122668,0.3378627044891531,19.86526430767028,-1.3625224050785252,0.0071388777089056,9.959543941550642,1000000.0,871232.4951356162,31.292800312916885,0.2309590122947708,19.45590285761793,-2.333859793650419,0.0079531256450622,9.206477885549283,1000000.0,890727.390947925,0.1760883040562121,1.4238,False
fx84w218,failed,Infeasible_Problem_Detected,0.26,,,,,,,,,,,,,,,,,,,,,,,,,,,,,,,,,,
fxl142k,ok,,0.19,28.163520563233263,0.7657856956818818,4.081113401859984,1.7678399999999996,0.4331759071419823,0.4331759071419823,6.20371335614154,0.9801652153619343,0.090371989129598,3.0000000299977203,3.402327070778881,12.60604045691814,9.20371338613926,0.021679381876945,28.163520563233263,30.47554956522581,0.3161365232025468,18.978523743365045,2.7936010731542016,0.0069713085045277,10.111506703574737,1000000.0,873620.1329208615,31.292800312910515,0.218913878940214,18.618663326795872,1.9279250053456347,0.0068172267951915,9.977518451015303,1000000.0,897047.6581667606,0.1419819010416666,1.3273,False
fxlv152,ok,,0.19,28.163520563236585,0.794570655819892,3.933266655027854,1.7678399999999983,0.4494584667276974,0.4494584667276974,6.425939751138844,1.124896505797799,0.0928627933800955,3.0000000299978904,3.5520883772405574,12.978028158377292,9.425939781136734,0.0221966337586237,28.163520563236585,30.48947013702039,0.313388282156709,19.38225696689546,2.617237315737809,0.0068279656755877,10.006544493186572,1000000.0,906872.510034088,31.29280031291243,0.2160775261644694,18.672782783750453,1.7752955078965642,0.0066621458229,9.947912729307962,1000000.0,930766.5970655568,0.1528,1.3081,False
fxm2,failed,Infeasible_Problem_Detected,0.89,,,,,,,,,,,,,,,,,,,,,,,,,,,,,,,,,,
fxs02196,failed,Infeasible_Problem_Detected,0.23,,,,,,,,,,,,,,,,,,,,,,,,,,,,,,,,,,
fxs03182,ok,,0.2,28.1635205632504,0.847902049820453,3.6858718120639473,1.76783999978065,0.4796260124930191,0.4796260124930191,6.990967648835855,1.492532562078263,0.0901742402928469,3.000000029998935,4.010779930047644,14.001747608882432,9.990967678834789,0.0238451928190327,28.1635205632504,30.61096434267054,0.3143321873433876,21.238878566507307,-1.396663867509816,0.0072285959692891,9.405849880058904,1000000.0,971597.8271617407,31.292800312916885,0.2146245161531549,19.80829950845712,-2.234554867805404,0.0072566785798298,9.190276483793223,1000000.0,993239.430469501,0.1820824550526968,1.3109,False
fxs21158,ok,,0.19,28.16352056317795,0.7736386573785277,4.039687308528915,1.7678399999998269,0.4376180295607088,0.4376180295607088,6.249944277772473,1.005610933979624,0.0905954775070432,3.00000002999474,3.370524362213625,12.620468669980838,9.249944307767212,0.0216653347279218,28.16352056317795,30.60784333386771,0.3105833563269645,19.483484014293825,-1.2644750690489006,0.0081473583318105,9.359047044871538,1000000.0,886410.1706617738,31.29280031288014,0.2177802117227939,19.84550450872306,-2.0836118379217003,0.0091560317280281,8.18205347825693,1000000.0,906246.6820435008,0.15777013671875,1.3073096989966555,False
geminism,ok,,0.19,28.16352056325232,0.8121581557159354,3.848090724207537,1.7678399999999976,0.4594070479884698,0.4594070479884698,6.629844751107218,1.2571825920034645,0.0912881063650129,3.000000029998912,3.723610720750938,13.353455501857066,9.62984478110613,0.0230062683710177,28.16352056325232,30.79541975508735,0.3092339125783163,19.750632007011298,1.1628697381797204,0.006211639070096,10.307398527257256,1000000.0,936247.2954305132,31.292800312919265,0.2159713472351336,18.975842712174384,0.2112712249710364,0.0062167743659932,10.280643657419684,1000000.0,951368.7390014494,0.1537638970792767,1.3131,False
giiia,ok,,0.2,28.1635205632504,0.8515099068439487,3.670254732776405,1.7678399999999996,0.4816668402366441,0.4816668402366441,6.198218655974529,1.0816504281719028,0.0830887188345742,3.000000029998935,3.202843009750444,12.401061695723907,9.198218685973464,0.0211285765167879,28.1635205632504,30.656456633275447,0.2763958820051947,19.84622824279384,2.8619900412478008,0.0073164161199615,9.415275732359854,1000000.0,977182.0924757788,31.292800312916885,0.1967575861047466,18.79178269156033,2.109197583268056,0.006226635905077,9.880167473047113,1000000.0,997465.7037177514,0.1100780837815907,1.1549130434782608,False
giiib,ok,,0.2,28.1635205632504,0.8442370419664992,3.7018729454825294,1.7678399998953471,0.4775528566026769,0.4775528566026769,6.106001543363314,1.015359108619846,0.0909687861315071,3.000000029998935,3.1280310487921943,12.234032622154444,9.10600157336225,0.0208689252786388,28.1635205632504,30.649375809758528,0.2751492162028839,18.31484435988284,2.5392839701330336,0.0056725638011322,10.660042744001984,1000000.0,968612.0687604508,31.292800312916885,0.1964630028879901,18.153022915860248,1.8125445075626376,0.0052801638317938,10.953805701056655,1000000.0,988946.2100807755,0.1044486726088338,1.1508153846153846,False
giiic,ok,,0.2,28.1635205632504,0.8479774956551472,3.6855438754020913,1.7678399999973502,0.4796686892798094,0.4796686892798094,6.046230754775282,0.9786548740487088,0.0920211942722601,3.000000029998935,3.0645957323100173,12.110826517084234,9.046230784774217,0.0206065007141659,28.1635205632504,30.58052237877178,0.2723992921165052,17.339933422624767,2.344135562521659,0.0051531638626437,11.096791042672905,1000000.0,970717.959560409,31.292800312916885,0.194312525648271,17.194634616558513,1.627619797758433,0.0048924025364543,11.409034696967373,1000000.0,993327.8082186256,0.0992940348443481,1.1349829431438128,False
giiid,ok,,0.2,28.1635205632504,0.841275067008673,3.714906560169248,1.7678399999257126,0.4758773797651511,0.4758773797651511,5.991835064827966,0.9491315928305816,0.0925963563761159,3.000000029998935,3.021490517472542,12.013325612299443,8.9918350948269,0.020505851825239,28.1635205632504,30.64900043804736,0.2711433252076931,17.553389832144372,2.2456241275858817,0.0049908401478838,11.30688409586864,1000000.0,965201.907278072,31.292800312916885,0.1946828861688957,17.78209051443691,1.5449367847500235,0.0047865123204221,11.595283124918948,1000000.0,985476.5282525966,0.0971012251912958,1.1347745819397992,False
giiie,ok,,0.19,28.163520563250405,0.8443688930485793,3.701294885830253,1.767839999998546,0.4776274397282977,0.4776274397282977,5.89177505349343,0.8834922750760699,0.0956388654818936,3.000000029998935,2.9651981033064048,11.856973186798768,8.891775083492366,0.0203225085102605,28.163520563250405,30.661609640616888,0.2664146052545073,16.669721233825747,1.7718147748260586,0.0046236020908964,11.678916693867736,1000000.0,969150.030480864,31.29280031291689,0.19181108577092,16.908169547729347,1.0847599048385208,0.0045766817030965,11.85146115955222,1000000.0,989100.6614643218,0.0877509800742998,1.1193,False
giiif,failed,Infeasible_Problem_Detected,0.26,,,,,,,,,,,,,,,,,,,,,,,,,,,,,,,,,,
giiig,failed,Infeasible_Problem_Detected,0.27,,,,,,,,,,,,,,,,,,,,,,,,,,,,,,,,,,
giiih,ok,,0.19,28.163520563251343,0.775754061302141,4.028671484302764,1.7678399999999983,0.4388146332825039,0.4388146332825039,5.727776691674503,0.7470044562601881,0.0917181399794007,3.000000029998962,2.98351037766552,11.711287099338984,8.727776721673465,0.0202593305570907,28.163520563251343,30.472743020595257,0.2899771580648486,16.57267535471854,1.7225202038101812,0.004523072897992,12.178734644810174,1000000.0,884910.6977496187,31.292800312917656,0.2049259843000383,17.120810707843972,0.9346379059667672,0.0044038680803631,12.664472203282582,1000000.0,908724.6835878224,0.0832193635001667,1.2229010033444816,False
giiii,ok,,0.19,28.16352056325047,0.7248281132108367,4.311723301895334,1.7678399999999983,0.4100077570429662,0.4100077570429662,5.713847237995554,0.6814876449833754,0.0882083731023411,3.0000000299989367,3.0947923884197306,11.808639656414222,8.713847267994492,0.0208083422391322,28.16352056325047,30.727064565191466,0.3077719332735752,16.548948757489427,1.8200058257331069,0.0046705057887227,12.369862958470389,1000000.0,833719.4641578029,31.292800312916945,0.2189739105585891,16.770169363191908,0.9839835858520936,0.0044146488806267,13.115653737067426,1000000.0,849069.6094164851,0.0845133108995201,1.3531675585284282,False
giiij,ok,,0.19,28.16352056322933,0.6881599368268997,4.541470809837673,1.767839999999746,0.3892659611882288,0.3892659611882288,5.643197631759484,0.6331462703891926,0.08317524729667,3.0000000299977367,2.947234569098004,11.590432230855225,8.64319766175722,0.020276046504419,28.16352056322933,30.68391123624376,0.3190767274015154,15.916187447965504,1.8733937884925167,0.0049128663182917,12.423601932316554,1000000.0,790430.9576064274,31.292800312905968,0.2287718161779494,16.026489725453658,1.0184005021079705,0.0045378548054127,13.279554808395266,1000000.0,806116.2062123388,0.084860013329,1.4017,False
giiik,ok,,0.19,28.16352056325057,0.7065924394305184,4.422999866964922,1.7678399999998875,0.3996925284135234,0.3996925284135234,5.764578478725989,0.6582747664098547,0.0837846609286935,3.000000029998938,3.544094269267193,12.30867277799212,8.764578508724927,0.0221493906510577,28.16352056325057,30.461742564112303,0.3348413397518165,17.415275097189078,1.9604164193709368,0.0052296535245203,11.79431084670331,1000000.0,805726.352017199,31.29280031291705,0.2259329171202579,17.233746236189866,0.9231593229916848,0.0049794970191135,12.466945281442886,1000000.0,827708.1912652579,0.0853382362552189,1.4639,False
giiil,ok,,0.19,28.16352056323696,0.6990676226605949,4.470609372102269,1.7678399999999173,0.3954360251270633,0.3954360251270633,5.758073752887388,0.6464905870948952,0.0826469970064343,3.000000029998037,3.562999482543736,12.32107326542916,8.758073782885425,0.0223676046140439,28.16352056323696,30.673237311948466,0.3341307460256795,17.576051966663066,1.9400365236033936,0.0053635855734275,11.768577673618765,1000000.0,802680.3679714134,31.29280031291131,0.2281953926910795,17.444186570411755,0.9186153015400704,0.0052272659280701,12.20705902759129,1000000.0,818893.5590518543,0.0854539910439479,1.4812,False
giiim,ok,,0.19,28.163520563250724,0.6761611460315087,4.622061299946757,1.7678399999999672,0.3824787005789671,0.3824787005789671,5.684401321453297,0.6070945105274412,0.0807176895286752,3.000000029998942,3.5721368066082864,12.256538158060524,8.68440135145224,0.0221681430133817,28.163520563250724,30.357445695459923,0.3508273754090048,18.73382534659592,1.8655492856606888,0.008072621181934,10.029011937737708,1000000.0,768385.7046188915,31.29280031291717,0.2339414272166092,18.643737160979853,0.8021932462569487,0.0081459382580934,9.483798657510244,1000000.0,792060.7240527862,0.0850720935049175,1.5379,False
giiin,ok,,0.19,28.16352056297184,0.6562671170216516,4.762174097314151,1.767839999999871,0.3712254033293168,0.3712254033293168,5.62496970903064,0.5734242558342625,0.0773578983804497,3.000000029983729,3.641349928378297,12.266319667392665,8.624969739014368,0.0224440097154125,28.16352056297184,30.414913941461887,0.3603850514423518,18.645775426960324,1.977432295790693,0.0084345703798938,9.966225569019144,1000000.0,747190.0400466978,31.292800312765984,0.2393836013400932,18.41440265214557,0.8811946221088546,0.0085713457512724,9.331062017481775,1000000.0,768756.6949513815,0.0842449277774318,1.5917,False
glennmartin2,ok,,0.2,28.16352056289448,0.7290438265380091,4.286790658989867,1.7678399999992551,0.412392426089644,0.412392426089644,6.183274629468027,0.9877926172102064,0.0859504131263603,3.000000029979537,3.3740622336393344,12.557336893086898,9.183274659447564,0.0216804310240559,28.16352056289448,30.61217025290277,0.327840034589598,20.68527258281125,-2.0155694148766505,0.0100429337248787,8.66824910716157,1000000.0,835432.9401405472,31.292800312723745,0.2294359126677027,19.703092713976005,-3.4958596974509115,0.0093547269585244,8.374912198204571,1000000.0,854007.9306533596,0.1347,1.3906140468227426,False
glennmartin3,ok,,0.19,28.163520563251048,0.6191051686386425,5.048024833117925,1.7678399999998664,0.3502042993928688,0.3502042993928688,5.976052730408068,0.8228177989941291,0.0687143677462938,3.000000029998943,3.659874521565146,12.635927281972156,8.976052760407011,0.0227192868529743,28.163520563251048,30.702317302470505,0.3861950425576229,19.99751793490476,0.3691150822708592,0.0103903063191251,9.265759163679997,1000000.0,711540.1707795141,31.29280031291752,0.2640817730556888,18.55039982201512,-1.0800383595035523,0.0092528172397502,9.338821156185476,1000000.0,725224.8831729355,0.1377,1.6698,False
glennmartin4,ok,,0.2,28.163520563250422,0.7286923535567053,4.288858323194046,1.7678399999998682,0.4121936111620732,0.4121936111620732,6.40268627153228,1.1341024958041717,0.0842102524433505,3.000000029998935,3.568185653742241,12.970871955273456,9.402686301531215,0.0224932694161718,28.163520563250422,30.821209157753152,0.33421961325077,21.9460599241729,0.3291048849166254,0.0115524872553689,8.048064302982324,1000000.0,840732.2813259106,31.29280031291691,0.2350310252756867,20.759177349302643,-0.6118249843999987,0.0113789582787426,7.375025737499826,1000000.0,853596.2123191634,0.1549,1.4283023411371236,False
gm15sm,ok,,0.19,28.1635205632504,0.6567714133217657,4.758517501425736,1.7678399997532972,0.3715106646605,0.3715106646605,5.40727367384564,0.4432641299279324,0.0775070228135388,3.000000029998935,3.150717709001289,11.557991412845864,8.407273703844574,0.0209792456561834,28.1635205632504,30.69775250917987,0.3330897612658985,16.615725303893623,-2.386557513489109,0.0062095569224904,11.520936910301764,1000000.0,754717.9166348319,31.292800312916885,0.2331623400735026,17.629384240429587,-3.308518505873357,0.0071856251483029,10.384657533159515,1000000.0,769347.4318933265,0.0673134581280788,1.487619397993311,False
goe05k,failed,too few converged polar points,0.01,,,,,,,,,,,,,,,,,,,,,,,,,,,,,,,,,,
goe06k,failed,Infeasible_Problem_Detected,0.3,,,,,,,,,,,,,,,,,,,,,,,,,,,,,,,,,,
goe07k,ok,,0.2,28.1635205632504,0.7850892996971259,3.980767867635895,1.767839997697497,0.4440952239567249,0.4440952239567249,6.102522882329316,0.9873112323575204,0.0924522680559057,3.000000029998935,3.2738643560182568,12.376387268346509,9.10252291232825,0.0213524044643857,28.1635205632504,30.630505913990127,0.2996903852611807,19.88906242817162,-2.7898836976766788,0.0079616790226728,9.39976544035038,1000000.0,900195.9753676945,31.292800312916885,0.211183596844937,20.19554204287374,-3.5928997940099,0.0082754416094979,8.628284317930918,1000000.0,919660.0597708884,0.11,1.266110033444816,False
goe08k,ok,,0.19,28.1635205632504,0.8037298410436637,3.888443733175308,1.767839999426481,0.4546394703731152,0.4546394703731152,6.631033439875146,1.305960133613508,0.0927283957158622,3.000000029998935,3.786670850462296,13.417704320336377,9.63103346987408,0.0231497357730108,28.1635205632504,30.69953230779598,0.3159445901296315,21.88293905914304,-2.4059186063348266,0.0100415506218459,8.261770212263757,1000000.0,923646.291384998,31.292800312916885,0.2182630698004777,20.84886597177816,-3.6585068273923778,0.0104696324433018,7.372423009942966,1000000.0,941495.742224617,0.1485,1.3374,False
goe09k,failed,too few converged polar points,0.01,,,,,,,,,,,,,,,,,,,,,,,,,,,,,,,,,,
goe100,ok,,0.19,28.16352056308704,0.7872983303026155,3.969598493109796,1.7678399999991858,0.4453447881612465,0.4453447881612465,5.6131986609615545,0.6940106618756005,0.0943095735581116,3.0000000299897707,2.813708001895382,11.426906692846709,8.613198690951325,0.0196510098865906,28.16352056308704,30.42104763592124,0.2797353402981116,17.68831739438141,-1.1247007705066938,0.0067275724637431,10.209657581065477,1000000.0,896555.8212601768,31.292800312830963,0.1992703096372138,18.522924251655656,-1.853529655004346,0.0068877755372726,9.55670469555334,1000000.0,922247.7351790018,0.0657181034964751,1.1712,False
goe101,failed,Maximum_Iterations_Exceeded,1.36,,,,,,,,,,,,,,,,,,,,,,,,,,,,,,,,,,
goe10k,failed,too few converged polar points,0.01,,,,,,,,,,,,,,,,,,,,,,,,,,,,,,,,,,
goe113,ok,,0.2,28.16352056325042,0.7720866402015996,4.047807723733931,1.767839999999948,0.436740112341401,0.436740112341401,5.509215292749821,0.6245794839997678,0.0913648219586882,3.000000029998935,2.754037363972938,11.263252686721692,8.509215322748755,0.0195638772501416,28.16352056325042,30.600234790920368,0.2778782723602726,18.509013396300823,-0.3963213574450087,0.0081154696152977,9.34845567770252,1000000.0,884412.0164290788,31.292800312916903,0.2007432430840717,19.59446551675884,-1.1069353758116085,0.0085739314167132,8.298631594920344,1000000.0,904428.6363669086,0.0664999999999999,1.1801,False
goe114,failed,too few converged polar points,0.01,,,,,,,,,,,,,,,,,,,,,,,,,,,,,,,,,,
goe115,failed,Maximum_Iterations_Exceeded,1.43,,,,,,,,,,,,,,,,,,,,,,,,,,,,,,,,,,
goe116,failed,Infeasible_Problem_Detected,0.26,,,,,,,,,,,,,,,,,,,,,,,,,,,,,,,,,,
goe117,ok,,0.2,28.1635205632504,0.7307926562772374,4.276532116767989,1.767839999906042,0.4133816727283452,0.4133816727283452,5.643888534066845,0.6869223972384528,0.0861899561639286,3.000000029998935,2.8965640248018154,11.540452588867597,8.64388856406578,0.0199076330480227,28.1635205632504,30.385271111628644,0.3050764985013383,17.57381710073116,-1.5309669561141674,0.0077693042893915,9.86248339545529,1000000.0,831229.8457037465,31.292800312916885,0.2154430284130946,18.22992868456819,-2.3831108569510344,0.0082465172256041,8.913516427171944,1000000.0,856056.5242345091,0.0899206283155603,1.2839,False
goe118,failed,Maximum_Iterations_Exceeded,1.41,,,,,,,,,,,,,,,,,,,,,,,,,,,,,,,,,,
goe11k,ok,,0.2,28.1635205632504,0.7887048005524937,3.9625196440924033,1.7678399999941277,0.4461403750085492,0.4461403750085492,5.728802264277341,0.7631552743493045,0.090616830048224,3.000000029998935,2.942290770663316,11.671093064939592,8.728802294276276,0.0202466766859605,28.1635205632504,30.664956712205548,0.2806846442831312,18.28740759713948,-1.027910692613635,0.0066495731952348,10.257827164251616,1000000.0,905358.698114242,31.292800312916885,0.2015847307843121,19.180763064419075,-1.655597006423627,0.006971479749147,9.510048424264502,1000000.0,923895.2859951284,0.0745,1.1942,False
goe121,ok,,0.19,28.16352056261508,0.583116519182758,5.359577653085225,1.7678399999312018,0.3298468861466257,0.3298468861466257,5.20678325392224,0.41115794563888,0.0589400610238139,3.000000029963596,2.4140321089413224,10.620815392827158,8.206783283885835,0.0182773749862527,28.16352056261508,30.38333919265333,0.3519150410439804,15.156777246578384,-1.3955544887426388,0.0078092241047354,11.009949830153277,1000000.0,663215.5266649087,31.2928003125796,0.2563510382367144,16.24858128662433,-2.2613141303356667,0.008449862655748,10.024331057237276,1000000.0,683067.4834168841,0.0664364525446095,1.5312565217391303,False
goe122,failed,Infeasible_Problem_Detected,0.35,,,,,,,,,,,,,,,,,,,,,,,,,,,,,,,,,,
goe123,failed,too few converged polar points,0.01,,,,,,,,,,,,,,,,,,,,,,,,,,,,,,,,,,
goe124,failed,Maximum_Iterations_Exceeded,1.46,,,,,,,,,,,,,,,,,,,,,,,,,,,,,,,,,,
goe12k,ok,,0.19,28.163520563251,0.7013905802949881,4.455803019603692,1.7678399999999983,0.396750034106587,0.396750034106587,6.012457939700512,0.8555479680031883,0.0951691880336462,3.000000029998945,3.46294501778048,12.47540298747994,9.012457969699458,0.0220161137852127,28.163520563251,30.65862739077352,0.33751692656464,19.00340164120565,-1.911223365558836,0.0083390354575473,9.709248712989355,1000000.0,804964.03037195,31.29280031291744,0.2340457631645865,18.97110446957133,-3.082175081062614,0.0089221173753146,8.818568627306298,1000000.0,821614.6907180604,0.111,1.4446,False
goe133,ok,,0.19,28.1635205632504,0.6585608562364902,4.74558764916235,1.7678399999936842,0.3725228845590341,0.3725228845590341,5.552714532520681,0.5493728527902769,0.0776723661738966,3.000000029998935,3.4984760759204425,12.051190638440058,8.552714562519615,0.0220118092825722,28.1635205632504,30.48503684774621,0.3512100319021067,17.70038025571111,-0.963885161035448,0.0078198663337034,10.321969461502055,1000000.0,751530.266852681,31.292800312916885,0.2365514012845105,17.616723275331147,-2.013155136272696,0.0081921239111291,9.567345008438805,1000000.0,771443.5999270495,0.079,1.627931772575251,False
goe134,ok,,0.2,28.163520563250525,0.7068164985403148,4.421597786771857,1.767839999999912,0.3998192701490802,0.3998192701490802,5.823636364170663,0.7104921718204494,0.0850170048624537,3.0000000299989376,3.517949102899502,12.341585497069104,8.8236363941696,0.0221821622518604,28.163520563250525,30.62918353552218,0.331970700850861,17.157195175443327,-0.5802838836188405,0.0050019872096099,12.013037855199888,1000000.0,810412.1372797764,31.292800312916995,0.2273832058997101,17.883245780472294,-1.510242971904203,0.00600945581545,11.206532298501978,1000000.0,827970.6559480764,0.0945,1.4489394648829432,False
goe137,ok,,0.19,28.1635205632504,0.6405157533987094,4.879283996113319,1.7678399997784833,0.3623154547238258,0.3623154547238258,5.440163096706673,0.5571758408306999,0.0730408163148289,3.000000029998935,2.8426999387835625,11.28286306548917,8.440163126705608,0.0198529061446884,28.1635205632504,30.581093716408738,0.335961717110975,17.26032504355393,-0.9864767634284968,0.0083690753269326,10.14956912069468,1000000.0,733240.8759058014,31.292800312916885,0.2400150557429071,18.366050657278773,-1.8338077959401209,0.0092914684226368,8.91112314708974,1000000.0,750305.4182354815,0.0858864979675931,1.4453197324414715,False
goe13k,ok,,0.2,28.16352056314978,0.7170965878507944,4.358211039555349,1.767839999999662,0.4056343265515723,0.4056343265515723,6.31089824193322,1.11406398546619,0.0839179866642645,3.000000029993065,3.5938048312270188,12.904703103153304,9.310898271926284,0.0224318030888891,28.16352056314978,30.617561794609465,0.3424013537152062,20.19921484757435,-1.231124386407344,0.0095171917158097,8.995719675473312,1000000.0,821886.9736753068,31.29280031286632,0.2365001311979571,19.66314751516376,-2.808618132001321,0.0099745930658034,8.14752755961279,1000000.0,840012.8370605758,0.148,1.4449,False
goe140,failed,Maximum_Iterations_Exceeded,1.37,,,,,,,,,,,,,,,,,,,,,,,,,,,,,,,,,,
goe142,ok,,0.19,28.163520563250408,0.5433165657555981,5.752186592399236,1.7678399998211798,0.3073335628849644,0.3073335628849644,4.94475942513327,0.3698876205120305,0.05282209866179,3.000000029998935,2.241745972170956,10.18650542730316,7.944759455132205,0.0181444049785795,28.163520563250408,31.153673745277985,0.3445561903777868,13.720296563281586,-0.4759407164966748,0.0069196251601817,12.115918282335514,1000000.0,633615.8791007913,31.292800312916896,0.2663454400623696,14.204203098811467,-1.1851480957091205,0.0070301334388614,11.690095185427344,1000000.0,636445.4908885236,0.0616253199999999,1.5573578595317723,False
goe143,failed,Infeasible_Problem_Detected,0.91,,,,,,,,,,,,,,,,,,,,,,,,,,,,,,,,,,
goe144,ok,,0.2,28.1635205632504,0.7271810016234285,4.297772161834434,1.7678399999411856,0.4113386967415722,0.4113386967415722,5.746077486827125,0.5925360145631882,0.0967733001439935,3.000000029998935,3.430053582727446,12.176131099553505,8.746077516826059,0.0218918093365832,28.1635205632504,30.641468313622543,0.3180928918595667,18.40068891540346,-1.6955306923219533,0.0071816517905096,10.2555447185597,1000000.0,834095.80056738,31.292800312916885,0.2190726988458032,18.10781313994713,-2.7057250405618696,0.0070200847973668,9.985471283443886,1000000.0,851825.8022704981,0.0730498984111803,1.390111705685619,False
goe147,ok,,0.19,28.163520563250405,0.6252277829187077,4.998591474551752,1.76783999992939,0.3536676299572813,0.3536676299572813,5.335029997838201,0.4534102768284056,0.0712017977878701,3.000000029998935,3.0684980707539795,11.403528098591115,8.335030027837135,0.0205793984326779,28.163520563250405,30.52066307330999,0.3492362830899047,17.37709543559701,0.0429769707312049,0.0082549975777455,10.341762193859184,1000000.0,714325.3638979722,31.29280031291689,0.2428210656590997,17.82772662444064,-0.8910475497914605,0.0083778463045005,9.67435045352438,1000000.0,732396.9638935734,0.0754766263261156,1.5122678929765885,False
goe14,ok,,0.19,27.23362085903152,0.3812893400421905,8.196552951761063,1.7678399999993903,0.2156809100610473,0.2156809100610473,4.668192961794557,0.3059444307637067,0.0213270689699602,3.000000029993254,1.6681924650379405,9.336385456825752,7.668192991787811,0.0158932984398751,27.23362085903152,30.641342684802936,0.4651733694132108,20.312955502738586,-1.4201595210464468,0.028216898990348,6.193414380718711,1000000.0,437347.1428595536,30.259578429729498,0.3917589639205027,22.03159136518569,-2.0527841971938288,0.0318144983374629,5.096133668458633,1000000.0,431898.1810461052,0.0989104644179761,1.9411,False
goe14k,ok,,0.2,28.1635205632504,0.7960772470119586,3.925822873760509,1.7678399999999554,0.4503106881912269,0.4503106881912269,6.3120501195701575,1.1133197178003722,0.0930570432405038,3.000000029998935,3.4281258116056934,12.740175961174783,9.312050149569092,0.0218849270752955,28.1635205632504,30.64102174273741,0.3040325253331392,18.35153019975625,-0.8436438822029879,0.0058173357260567,10.74708659842344,1000000.0,913108.30440437,31.292800312916885,0.2130627632301028,18.64935254298876,-1.6305545532362116,0.0065654587715356,9.998098546774903,1000000.0,932531.4303712688,0.12,1.2805,False
goe155,failed,Restoration_Failed,0.58,,,,,,,,,,,,,,,,,,,,,,,,,,,,,,,,,,
goe15,failed,too few converged polar points,0.01,,,,,,,,,,,,,,,,,,,,,,,,,,,,,,,,,,
goe15k,ok,,0.19,28.1635205632504,0.8135909915204865,3.841313743296578,1.7678399976100594,0.4602175494503909,0.4602175494503909,6.773040517344429,1.3857692037987803,0.0956196563049018,3.000000029998935,3.848977561684024,13.622018109027389,9.773040547343363,0.0232661512037967,28.1635205632504,30.573229074139388,0.3194912851834877,20.64983065187758,-1.487472281650586,0.0077224400414401,9.330574231438678,1000000.0,931132.0603061264,31.292800312916885,0.2187968317164241,19.903746793038646,-2.695203269375936,0.0083133155471531,8.599832421508328,1000000.0,953047.1759282004,0.15,1.335,False
goe164,ok,,0.19,28.1635205632504,0.626979865388384,4.984623012789218,1.7678399999916352,0.354658716507914,0.354658716507914,5.616618273619009,0.5078671565184055,0.072052691657844,3.000000029998935,3.622123358058328,12.238741661676272,8.616618303617944,0.0225233268346367,28.1635205632504,30.61101849556438,0.3715642585659737,18.71347145166741,-3.541476408533557,0.0082668528866056,10.28538695987264,1000000.0,718447.7884082376,31.292800312916885,0.2503229805014513,19.351108795324222,-4.6691462792431,0.0093442793068371,9.076017295298998,1000000.0,734449.3676737179,0.0886056960737744,1.694784949832776,False
goe165,ok,,0.19,28.1635205632504,0.6365106657870977,4.909985695866604,1.7678399996269962,0.3600499286821192,0.3600499286821192,5.602109767427576,0.5882957145444607,0.0733128169142722,3.000000029998935,3.2529029576195985,11.85501275504611,8.602109797426511,0.0211969189107407,28.1635205632504,30.509392289376223,0.3568909570355616,17.967123777225016,-3.3173484244488525,0.0070053581188543,11.02863401393424,1000000.0,726947.5559476347,31.292800312916885,0.2461595880483528,16.198164565795132,-4.243539230080017,0.0038691793989836,14.947852741971667,1000000.0,745613.8257514078,0.1211561965473725,1.5405234113712374,False
goe167,ok,,0.19,28.16352056325042,0.6448241803754855,4.846682802395193,1.767839999998428,0.3647525683184331,0.3647525683184331,5.585602631493557,0.6184406069018796,0.0736314948556491,3.000000029998935,3.0702926864703985,11.65589534796289,8.58560266149249,0.0206588880357632,28.16352056325042,30.62949366797785,0.3436615997214772,19.42344198635968,-0.8147291683110969,0.0112065626088463,8.667409896214213,1000000.0,739341.3064448487,31.292800312916903,0.2425196490724303,20.64244769091625,-1.6919371317338312,0.0127966364320315,7.095944930156728,1000000.0,755352.3449151155,0.1008806670349066,1.4846030100334446,False
goe16k,failed,Infeasible_Problem_Detected,0.26,,,,,,,,,,,,,,,,,,,,,,,,,,,,,,,,,,
goe173,ok,,0.2,28.16352056324432,0.5752158943932755,5.433191773838071,1.7678399999995624,0.3253778025123415,0.3253778025123415,5.245041074508586,0.4450998268756282,0.0671781261738884,3.000000029998472,2.6873599168581324,10.93240102136519,8.245041104507056,0.0194261961536093,28.16352056324432,30.74111134448509,0.3587169233543748,13.344550362517136,-2.416310884732624,0.0051570929922248,13.252952586686474,1000000.0,661933.3767491082,31.292800312914963,0.2610834887850708,17.446715741738814,-3.244125939045757,0.0113571044711577,8.265102301723353,1000000.0,673812.6265815488,0.0776172590941115,1.5470117056856187,False
goe174,failed,Maximum_Iterations_Exceeded,1.44,,,,,,,,,,,,,,,,,,,,,,,,,,,,,,,,,,
goe176,ok,,0.19,28.1635205632504,0.6448871386820697,4.846209635977639,1.7678399999997438,0.364788181442983,0.364788181442983,5.766480812360928,0.5824526453595178,0.0708187189871452,3.000000029998935,3.3620828000872374,12.1285636424471,8.766480842359861,0.0215896589238479,28.1635205632504,30.54140216404561,0.3596284407834058,17.947937057506547,-2.5876212039331734,0.0081252241806614,10.237685474798496,1000000.0,737286.9137807548,31.292800312916885,0.2476047846429828,18.22259670611455,-3.5869796767989506,0.0088614896156306,9.283480785887695,1000000.0,755426.0947923606,0.1032631235641689,1.612291304347826,False
goe177,failed,Maximum_Iterations_Exceeded,1.27,,,,,,,,,,,,,,,,,,,,,,,,,,,,,,,,,,
goe178,ok,,0.19,28.1635205632504,0.6302639293647555,4.9586500497777655,1.767839999750451,0.3565163869206058,0.3565163869206058,5.375152969506031,0.5126142550843619,0.0712700737450093,3.000000029998935,2.822795487057223,11.19794848656219,8.375152999504966,0.0198017742770539,28.1635205632504,30.60659917928676,0.3382923510241231,17.38452151659259,-0.8964981143964672,0.0087709286990359,9.988832128992923,1000000.0,722106.6875340145,31.292800312916885,0.242040341549499,18.17494106712756,-1.7341431693936071,0.0092137377507362,9.036595440386302,1000000.0,738296.3473091874,0.0849999999999999,1.4640996655518397,False
goe180,failed,too few converged polar points,0.01,,,,,,,,,,,,,,,,,,,,,,,,,,,,,,,,,,
goe182,ok,,0.19,28.16352056257992,0.5583133720464581,5.597677616019545,1.7678399999515937,0.3158166870654277,0.3158166870654277,5.297243662702028,0.4331919009014744,0.0564283967937176,3.0000000299612086,2.787423175025968,11.084666867689204,8.297243692663237,0.0196512368546083,28.16352056257992,30.55956432200592,0.3791897743237103,16.35886176887158,-1.3515942072110758,0.0088765814782258,10.555725775490918,1000000.0,638688.396687099,31.29280031256544,0.2706906632966839,17.025439830168818,-2.318176243391052,0.0093414499441881,9.687535378037186,1000000.0,654012.8729875188,0.0944090539677424,1.7149923076923077,False
goe184,failed,Infeasible_Problem_Detected,0.28,,,,,,,,,,,,,,,,,,,,,,,,,,,,,,,,,,
goe187,ok,,0.21,28.1635205632512,0.5569687025702804,5.6111918877625655,1.7678399999999996,0.3150560585631508,0.3150560585631508,5.024605912318674,0.4476807577643411,0.0552491700315115,3.000000029998934,2.048502308766196,10.073108251083804,8.024605942317608,0.0171978735454089,28.1635205632512,30.658767991487224,0.3431860525517323,18.894444877974745,-1.249457436075842,0.0158069860531158,7.386528274596659,1000000.0,639218.490093313,31.292800312917777,0.2624281286721944,21.24473117558224,-1.9360740947343464,0.0181559182492363,5.832577869635033,1000000.0,652437.7161002982,0.0827962979838016,1.4368321070234111,False
goe188,failed,too few converged polar points,0.01,,,,,,,,,,,,,,,,,,,,,,,,,,,,,,,,,,
goe190,ok,,0.19,28.1635205632504,0.6152257678583472,5.079855929596062,1.7678399998007497,0.3480098696305594,0.3480098696305594,5.755349809595582,0.5864554932158759,0.069410187773366,3.000000029998935,3.396224980052925,12.151574819647443,8.755349839594517,0.0219733089464728,28.1635205632504,30.918202565962,0.3685325816535124,17.984449466931956,-2.690049718639724,0.0080421132270107,10.530630650977283,1000000.0,712053.4474350914,31.292800312916885,0.2592128024218675,18.033309625638687,-3.762681363288236,0.0085454688945652,9.801169621942996,1000000.0,720680.5212939803,0.1266941603314828,1.7159,False
goe195,ok,,0.19,28.1635205632504,0.6332159230784125,4.935533285443796,1.7678399998943692,0.3581862177098877,0.3581862177098877,5.590495885004415,0.5054811582309258,0.0727744800851252,3.000000029998935,4.025364642849863,12.615860557853214,8.59049591500335,0.0236421615305172,28.1635205632504,30.28731798037361,0.3873911869760483,18.834571133093466,-1.862260997906865,0.0081370099735489,10.253281260426515,1000000.0,717920.7115324399,31.292800312916885,0.2471063288625643,19.23127470371729,-3.118158649358928,0.0095066058752497,8.90008674951283,1000000.0,741754.3369488777,0.086,1.717678260869565,False
goe198,failed,Maximum_Iterations_Exceeded,1.41,,,,,,,,,,,,,,,,,,,,,,,,,,,,,,,,,,
goe199,failed,Infeasible_Problem_Detected,0.24,,,,,,,,,,,,,,,,,,,,,,,,,,,,,,,,,,
goe207,failed,too few converged polar points,0.01,,,,,,,,,,,,,,,,,,,,,,,,,,,,,,,,,,
goe210,ok,,0.19,28.16352056325013,0.5953550661740453,5.249402319983549,1.767839999996604,0.3367697677251273,0.3367697677251273,5.176720869765926,0.4402084871553668,0.061136295327327,3.000000029998896,2.384227227518277,10.5609481272831,8.176720899764822,0.0182591640272362,28.16352056325013,30.52108842837078,0.3396511891552017,15.76286745449179,-1.3591773834515055,0.0085909875277243,10.378287636810905,1000000.0,680205.1393514988,31.292800312917,0.2501615624260954,16.865734807219763,-2.16319581500304,0.0091976194345897,9.324650447308924,1000000.0,697403.8179372542,0.0663027559335933,1.480176923076923,False
goe217,ok,,0.2,28.1635205632504,0.5357171712535583,5.833784006138109,1.7678399999639558,0.3030348737807047,0.3030348737807047,5.864605036210072,0.6419552594129925,0.0563020571769826,3.000000029998935,3.807080642641498,12.671685708850504,8.864605066209007,0.0231636410385197,28.1635205632504,30.625870233121816,0.4498091313953991,19.86980355894034,-3.4748261168495955,0.0120046491005148,9.266407578238608,1000000.0,614168.9312764417,31.292800312916885,0.3013986377758416,19.86078294491044,-4.601932254733451,0.0132867992050175,8.01843198603475,1000000.0,627543.4976553216,0.1898718044589016,1.9915565217391304,False
goe222,ok,,0.2,28.163520563207268,0.5810935630873233,5.378235905753202,1.767839999999521,0.3287025766401263,0.3287025766401263,6.178975113266584,0.7947737023503463,0.0641715689712998,3.0000000299959435,3.9015123177106017,13.080487460973128,9.178975143262528,0.0234784069804133,28.163520563207268,30.61729838010644,0.4283023416175338,19.400544558945565,-4.481210153738405,0.0091613551013373,10.089702665177558,1000000.0,666003.895658828,31.29280031290016,0.2877170437951794,19.32170291405877,-5.637291581325497,0.0104207897855908,9.067923531093657,1000000.0,680697.7759999492,0.1852346884673721,1.8617431438127088,False
goe223,ok,,0.2,28.1635205632504,0.6676113919193313,4.681253650592941,1.7678399999999448,0.3776424291334918,0.3776424291334918,6.279222206899433,0.9729484900001444,0.0774933193023571,3.000000029998935,3.671110328480188,12.950332565378556,9.279222236898368,0.0227045335421504,28.1635205632504,30.630703271102814,0.3687648889424246,20.438976589307064,-3.205647467130023,0.0100262649801377,9.082707441260553,1000000.0,765498.8544349454,31.292800312916885,0.2531659521386158,19.95205066567129,-4.205807085303407,0.0104582650434469,8.2730653861917,1000000.0,782045.4718125354,0.1881712748566125,1.580740133779264,False
goe225,ok,,0.19,28.16352056325052,0.5736131828201331,5.448372455856416,1.7678399999981174,0.3244712093971988,0.3244712093971988,5.820474211416533,0.577100324558068,0.0625147918524084,3.000000029998934,4.089147249691608,12.909621491107076,8.820474241415468,0.0240672034363854,28.16352056325052,30.55442670065733,0.4299841275985571,19.65691050456238,-4.610462694563299,0.0093490171619462,10.069509706826295,1000000.0,656080.4568857355,31.29280031291703,0.2800852720506488,19.786532908340945,-5.821609454186743,0.0106574242806475,8.89170265544266,1000000.0,671935.1970721482,0.1283165639757516,1.9099,False
goe226,ok,,0.19,28.163520563247403,0.5708423865309026,5.474818162315465,1.767839999999686,0.3229038750854172,0.3229038750854172,5.866122574555118,0.5961378861725566,0.0630889386827162,3.000000029998701,4.212160277085275,13.078282881639094,8.86612260455382,0.0245257945807302,28.163520563247403,30.60555254294105,0.4362549648905107,19.60329538563509,-4.4932483039462,0.0092012502925765,10.147365653306393,1000000.0,654003.8061839725,31.292800312916,0.2829013238642134,19.085153409744624,-5.783271915246773,0.0099442659214846,9.358623922638015,1000000.0,668689.4635242359,0.1389004238133911,1.9590441471571909,False
goe227,ok,,0.19,28.163520563250405,0.5771323048564414,5.415150458709623,1.767839999937636,0.3264618431966699,0.3264618431966699,5.912705703564295,0.6286494032031614,0.0637111017524912,3.000000029998935,3.8605181142220943,12.773223847785324,8.912705733563229,0.0232632389947741,28.163520563250405,30.517979335034667,0.423857534208516,19.665617543317293,-4.686042481644754,0.009806200689315,9.838868741015617,1000000.0,659318.0983623387,31.29280031291689,0.2812882839889396,19.369303768420192,-5.8659903565894,0.0102130736204002,9.144130844924817,1000000.0,676057.525573435,0.146,1.862240468227425,False
goe228,ok,,0.19,28.163520563250824,0.6004830197094084,5.204573923025195,1.7678399999997203,0.3396704564380846,0.3396704564380846,6.164235071685452,0.7975744788323684,0.0683853067215842,3.000000029998936,4.205333887029846,13.369568988714231,9.164235101684389,0.0245403562220859,28.163520563250824,30.65273706146983,0.4226535038917116,20.10407134399337,-4.290700923266986,0.0090008350168317,9.996501128357568,1000000.0,689023.1744256533,31.292800312917347,0.2779796164855138,19.23119865849719,-5.530003618527456,0.0093988439974794,9.487410457932048,1000000.0,703410.7448556992,0.1785586245349515,1.8866832775919733,False
goe229,failed,airfoil 'goe229' not found in the aerosandbox UIUC database,0.0,,,,,,,,,,,,,,,,,,,,,,,,,,,,,,,,,,
goe233,ok,,0.2,28.1635205632504,0.5465845947485236,5.717794273060004,1.7678399999988492,0.3091821628365007,0.3091821628365007,5.603144150035345,0.4332656163850336,0.0583464732571935,3.000000029998935,3.777975917001624,12.381120097035904,8.603144180034281,0.0230568270218513,28.1635205632504,30.61554729896785,0.4310471838001604,18.756075982984363,-4.284059098678689,0.0099071566571377,10.071180569264712,1000000.0,626416.5925695235,31.292800312916885,0.2866931223178321,19.14986194876088,-5.453864467765169,0.0113475701409259,8.723800145665198,1000000.0,640273.6868478835,0.1162704201989297,1.9249,False
goe234,ok,,0.2,28.1635205632504,0.460396157027904,6.788193641265702,1.7678399999999954,0.2604286343944617,0.2604286343944617,5.287925647890234,0.3895119323506158,0.0428606841982584,3.000000029998935,2.621440401091591,10.90936607898076,8.28792567788917,0.0191100263064234,28.1635205632504,30.595403236256715,0.4515041854040427,17.649410053578496,-5.054549045040784,0.0129368402766751,9.58277090804117,1000000.0,527292.6400348244,31.292800312916885,0.3278926021454337,19.42300388959671,-5.927384322091497,0.0148138888788328,8.03046314280546,1000000.0,539311.8424903401,0.1426597333309529,1.922579264214047,False
goe235,ok,,0.19,28.163520563250405,0.6051600237670753,5.164350160053428,1.767839999999839,0.3423160601452226,0.3423160601452226,5.310653943540155,0.4438396264744803,0.0673498524233443,3.000000029998935,3.0046164672939937,11.315270440833084,8.31065397353909,0.0203994388578326,28.163520563250405,30.57563289899765,0.3567386085084082,18.55037604732325,0.2296293673843501,0.0110671847600689,9.016436960919624,1000000.0,692643.1202720883,31.29280031291689,0.2501395874450299,20.404041369224338,-0.7007792779289356,0.0133686708106426,7.084610211225694,1000000.0,708889.4258506319,0.065432783465543,1.5603,False
goe238,failed,Infeasible_Problem_Detected,0.25,,,,,,,,,,,,,,,,,,,,,,,,,,,,,,,,,,
goe239,ok,,0.19,28.1635205632504,0.5885659860800301,5.309953918973916,1.7678399996494034,0.3329294428210437,0.3329294428210437,5.635686738614385,0.5577863757534524,0.0605888844174346,3.000000029998935,3.5065900945432977,12.142276863156615,8.63568676861332,0.0221673653640489,28.1635205632504,30.662187790794185,0.3913857512957953,17.998559784549116,-2.794480781224441,0.0087037876482505,10.350416068094804,1000000.0,675557.2163896048,31.292800312916885,0.2672509031095251,17.66250598226892,-3.917316051516436,0.0087388256847754,9.90106573208191,1000000.0,689451.0338488255,0.1122127813310451,1.765555518394649,False
goe240,failed,too few converged polar points,0.01,,,,,,,,,,,,,,,,,,,,,,,,,,,,,,,,,,
goe241,failed,Maximum_Iterations_Exceeded,1.27,,,,,,,,,,,,,,,,,,,,,,,,,,,,,,,,,,
goe242,ok,,0.19,28.1635205632504,0.5223313652128109,5.983286618850264,1.7678400007024395,0.2954630311596445,0.2954630311596445,5.620537775792491,0.551328212643203,0.0538818002772229,3.000000029998935,3.149427657124219,11.769965462915646,8.620537805791425,0.0209112222643687,28.1635205632504,30.60463671658588,0.4291023999649553,18.726189776054014,-4.827535539596735,0.0120162108500774,9.368949831497654,1000000.0,598407.6984860176,31.292800312916885,0.3006115866435868,19.776179890554577,-5.822663186704001,0.0136861166379204,7.8992677203371855,1000000.0,611863.2541809209,0.1617151345197745,1.848920066889632,False
goe243,failed,Maximum_Iterations_Exceeded,1.26,,,,,,,,,,,,,,,,,,,,,,,,,,,,,,,,,,
goe244,failed,Maximum_Iterations_Exceeded,1.27,,,,,,,,,,,,,,,,,,,,,,,,,,,,,,,,,,
goe255,ok,,0.19,28.16352056325095,0.7650163506767851,4.085217607225211,1.767839999999994,0.4327407178685785,0.4327407178685785,6.7560961534689365,1.2933031869288452,0.0884470585009045,3.0000000299989407,3.942098858015609,13.698195041483489,9.756096183467877,0.0237166535155216,28.16352056325095,30.747168123492663,0.337822600696113,21.273659147006363,-2.0439576527977352,0.0084006714869416,9.239736790628449,1000000.0,880520.9189455423,31.29280031291744,0.2322858827280043,19.84424117771677,-2.956017165302829,0.0082226713273323,9.007536139318894,1000000.0,896146.4411044912,0.185554213103937,1.4374,False
goe256,ok,,0.2,28.1635205632504,0.6697828552446523,4.66607682160938,1.7678399973890235,0.3788707440910234,0.3788707440910234,6.271641842561864,0.9821489224187574,0.0786377026578236,3.000000029998935,3.7334503430885335,13.00509221564933,9.2716418725608,0.0229227504050935,28.1635205632504,30.63878728065028,0.3689288219805104,19.806316165285693,-1.2225848200264509,0.0087190630145976,9.690412066195318,1000000.0,768191.3926984683,31.292800312916885,0.2521390323112218,19.28956610031345,-2.281336894629172,0.0090759556567662,9.07319436178733,1000000.0,784589.1429585489,0.1598853863766549,1.5925,False
goe257,failed,Maximum_Iterations_Exceeded,1.3,,,,,,,,,,,,,,,,,,,,,,,,,,,,,,,,,,
goe264,ok,,0.2,28.163520563250408,0.519104239311348,6.0204830338954505,1.7678399999992007,0.2936375686213586,0.2936375686213586,4.957656272221712,0.3608725625743859,0.0461393274053373,3.000000029998935,2.149631120536424,10.107287422757071,7.957656302220647,0.0175288002772346,28.163520563250408,30.63504897408253,0.3700404499682436,15.637291711714056,-1.7916056474875588,0.010645436506902,9.899696255318092,1000000.0,595301.5217620172,31.292800312916896,0.2792209898691353,20.83627778682051,-2.485566167577384,0.0178937619944623,6.212134893682242,1000000.0,608082.97261853,0.0642698696750324,1.5620555183946487,False
goe265,ok,,0.19,28.16352056325144,0.5766279272148807,5.419887102407608,1.76783999999999,0.3261765358940198,0.3261765358940198,5.401940633325817,0.4148193889468966,0.0609676226908532,3.000000029998941,3.4136812051011014,11.81562186842586,8.401940663324758,0.0219101767833665,28.16352056325144,30.74546174373801,0.3866385825460665,18.26957435848216,-2.5522021492643927,0.0100221322031259,9.7748846011365,1000000.0,663652.1875477846,31.29280031291797,0.2654002930853189,19.09734666091857,-3.614855697652803,0.0116354206562919,8.175296248688849,1000000.0,675466.6934346425,0.0765224146179469,1.786285618729097,False
goe269,ok,,0.19,28.16352056322937,0.61159273962745,5.1100316650316095,1.7678399999999157,0.345954803391415,0.345954803391415,5.420160091830763,0.4449648130323116,0.0688905349714389,3.0000000299974965,3.5302332938782044,11.950393415706465,8.420160121828259,0.022225518310313,28.16352056322937,30.631319720456784,0.3714452276000905,17.9884158057685,-1.209860001452555,0.0086418447282087,10.209481331660651,1000000.0,701280.6691489776,31.292800312908525,0.2507699477629551,18.47425384146885,-2.258297591554145,0.0097134228819979,8.914119046047146,1000000.0,716424.7620818662,0.0658692231644698,1.6749508361204013,False
goe274,failed,too few converged polar points,0.01,,,,,,,,,,,,,,,,,,,,,,,,,,,,,,,,,,
goe275,failed,too few converged polar points,0.01,,,,,,,,,,,,,,,,,,,,,,,,,,,,,,,,,,
goe276,failed,Maximum_Iterations_Exceeded,1.42,,,,,,,,,,,,,,,,,,,,,,,,,,,,,,,,,,
goe277,ok,,0.19,28.163520562621297,0.5831075809119208,5.3596598087471214,1.767839999996997,0.3298418300937366,0.3298418300937366,5.280898284723073,0.4817202510152357,0.0635292643292841,3.0000000299626475,2.596903687756769,10.87780200244249,8.280898314685722,0.0190351808021633,28.163520562621297,30.609178906739704,0.355136589911989,16.69204692258991,-1.018937224565727,0.0097081046109319,9.84808311438367,1000000.0,668134.9737453263,31.292800312596395,0.2586700960825358,18.59919795149702,-1.875904868235241,0.0118842210207866,7.9348857030074305,1000000.0,683057.0130279035,0.0833715556851929,1.5265521739130434,False
goe278,failed,Maximum_Iterations_Exceeded,1.45,,,,,,,,,,,,,,,,,,,,,,,,,,,,,,,,,,
goe279,ok,,0.19,28.16352056316524,0.6041439014860384,5.173036188665661,1.767839999985558,0.3417412783345629,0.3417412783345629,5.555080756554628,0.4914160445936408,0.0690581173760696,3.000000029993556,3.903678454811093,12.458759241359278,8.555080786548183,0.0235181163321756,28.16352056316524,30.65945893272147,0.3913017073193978,19.695573662316765,-1.4644613914774347,0.0104188773276138,9.366929871607548,1000000.0,693375.86451686,31.292800312878374,0.2579295969050884,21.114707231141264,-2.651194655224949,0.0134335916612878,7.171861968165408,1000000.0,707699.131863627,0.074298292,1.6993909698996656,False
goe280,failed,too few converged polar points,0.01,,,,,,,,,,,,,,,,,,,,,,,,,,,,,,,,,,
goe281,failed,Maximum_Iterations_Exceeded,1.27,,,,,,,,,,,,,,,,,,,,,,,,,,,,,,,,,,
goe282,failed,Infeasible_Problem_Detected,0.48,,,,,,,,,,,,,,,,,,,,,,,,,,,,,,,,,,
goe284,ok,,0.19,28.16352056325045,0.6274548670741011,4.980849507428905,1.7678399999999734,0.354927406933948,0.354927406933948,6.204946363930004,0.901868086956471,0.0721980135507332,3.000000029998936,3.881788288243329,13.086734682172269,9.20494639392894,0.0234062480681969,28.16352056325045,30.61068182747857,0.3970170121736966,20.49098771876724,-0.8865109514255957,0.0100535056430516,9.343385970216312,1000000.0,718984.1787775193,31.29280031291693,0.2672121685683462,19.757479893619426,-1.9822559764731769,0.0102435640040968,8.72463118042963,1000000.0,735005.7885490995,0.1763254996491834,1.7354,False
goe285,ok,,0.19,28.16352056303792,0.5830141317596208,5.360518888365721,1.7678399999665095,0.3297889694602823,0.3297889694602823,5.400397516949323,0.6102873231397161,0.0576875448114654,3.000000029986713,2.689132424594841,11.089529971530876,8.400397546936036,0.0192020100516333,28.16352056303792,30.376879400219828,0.3676665002215579,15.422302678055898,-0.095711663425489,0.0081062022560803,10.797807628037829,1000000.0,662958.0936283355,31.29280031280828,0.2624449484851737,15.562120588247614,-1.043376403200404,0.0081547002327577,10.333204651208886,1000000.0,682947.5459392128,0.1173,1.557155852842809,False
goe286,ok,,0.19,28.163520563250405,0.6574788339045408,4.75339753071744,1.767839999994577,0.3719108255874726,0.3719108255874726,5.703392686695512,0.6099981425439327,0.0774154391767519,3.000000029998935,3.5473589660080527,12.2507516827025,8.703392716694447,0.0222528164569524,28.163520563250405,30.588722603222628,0.355193162139975,19.48172969031973,-0.2531466836937019,0.0094578498404629,9.424080825911563,1000000.0,752847.401034393,31.29280031291689,0.2411150195901202,19.466743911264423,-1.2584240548884955,0.0097736527659464,8.550596991686069,1000000.0,770176.1100735122,0.0934544733967971,1.5704073578595317,False
goe287,ok,,0.19,28.1635205632504,0.6020812338025349,5.190758471193721,1.7678399997475098,0.3405745055483112,0.3405745055483112,5.3230364460845285,0.5177709280703423,0.0673897496978981,3.000000029998935,2.585251031127388,10.90828750721085,8.323036476083463,0.0189627215627526,28.1635205632504,30.556279779902606,0.3461041821451978,17.75086140694571,-0.6837590250929259,0.0110315773781335,9.016199598493657,1000000.0,688683.0704411482,31.292800312916885,0.2517932985522267,20.59706781679861,-1.4873167462403076,0.0144072243556855,6.722720449101001,1000000.0,705282.906081246,0.0886919019576957,1.465993311036789,False
goe288,ok,,0.19,28.163520563250405,0.5907104616017093,5.290677021566177,1.7678399999985612,0.3341424911769108,0.3341424911769108,6.1592101933134895,0.7671632614587445,0.0670910192474563,3.000000029998935,4.387576765280585,13.54678698859301,9.159210223312424,0.0251366375998983,28.163520563250405,30.62299650727701,0.4361868694189401,20.02627637615529,-1.918636578645397,0.008769202216715,10.149608058774849,1000000.0,677152.030986922,31.29280031291689,0.2824234962453454,18.9756736079031,-3.2120884106133527,0.0092738831432834,9.668077700208086,1000000.0,691963.0899649039,0.1738080750036764,1.9635,False
goe289,ok,,0.19,28.163520563231543,0.6587204006684928,4.744438250930593,1.7678399999999783,0.3726131327883184,0.3726131327883184,6.238023877486274,0.9196655057022096,0.0759587745800787,3.00000002999784,3.8546622949222815,13.092686202406396,9.238023907484116,0.0233366803373766,28.163520563231543,30.640476960159766,0.3776095074140739,20.25298293800456,-2.187738998966858,0.0091325088010407,9.55397460701738,1000000.0,755545.239246471,31.292800312907342,0.2554438365590746,19.92362991989602,-3.4508137898537328,0.0097934701743395,8.71364254546103,1000000.0,771630.4915830637,0.1679999999999999,1.641985618729097,False
goe290,ok,,0.19,28.163520563250607,0.7553718656107955,4.137377109051976,1.7678399999999974,0.4272851986666195,0.4272851986666195,6.584854192059282,1.1896851293621324,0.0888349975796478,3.0000000299989367,3.7318312547512007,13.31668547680942,9.58485422205822,0.0229059085533175,28.163520563250607,30.62363987743787,0.3352957411277935,20.78832459990949,-0.5469043582666324,0.0087883981602932,9.111924032124628,1000000.0,865927.3409387898,31.29280031291709,0.2311224683883464,19.84574670071884,-1.430148672732601,0.0088815225601182,8.593288352527045,1000000.0,884848.8120269761,0.175526859038583,1.419414381270903,False
goe298,ok,,0.19,28.1635205632504,0.6050970749149867,5.164887412535425,1.7678399999972902,0.3422804523689441,0.3422804523689441,5.889368665626378,0.6642094519530932,0.0682796191531725,3.000000029998935,4.0185664972238815,12.907935192849196,8.889368695625313,0.0238946674483402,28.1635205632504,30.64044576637449,0.4052731967859461,19.766946291765773,-0.489218871132054,0.009446302706135,9.792304462572474,1000000.0,694039.1527827913,31.292800312916885,0.267585962164899,19.016319714722545,-1.6504861142086449,0.0096151607028731,9.215477462018486,1000000.0,708815.6870489198,0.1281106648521343,1.8262,False
goe29b,failed,Maximum_Iterations_Exceeded,1.28,,,,,,,,,,,,,,,,,,,,,,,,,,,,,,,,,,
goe300,ok,,0.19,28.1635205632504,0.6222634759646248,5.022403506653055,1.767839999475872,0.3519908340964754,0.3519908340964754,5.644698555456122,0.5526527303903608,0.071211533405966,3.000000029998935,3.784416557869439,12.429115143324497,8.644698585455057,0.0230923422433122,28.1635205632504,30.633596492503884,0.3796437402249544,20.0213086718442,-2.314492517543685,0.0104670856645033,9.20720063315679,1000000.0,713569.2661485875,31.292800312916885,0.2530422291579481,19.2187720317603,-3.4399921862049103,0.0100604638835847,8.683981383844953,1000000.0,728924.5505498023,0.0843,1.7133565217391304,False
goe301,failed,Maximum_Iterations_Exceeded,1.41,,,,,,,,,,,,,,,,,,,,,,,,,,,,,,,,,,
goe303,ok,,0.19,28.16352056325092,0.5846441333818287,5.345573635575618,1.76783999999996,0.3307109995145725,0.3307109995145725,5.580810894739949,0.5510536511973663,0.0648471877763868,3.0000000299989376,3.2645711754845377,11.845382100223423,8.580810924738888,0.0214093121055991,28.16352056325092,30.757701146685505,0.3819935681783166,18.092640631619656,-2.341904707615245,0.0094531675421616,9.995869872857622,1000000.0,673146.0584336495,31.29280031291743,0.2673340000926507,19.212607893213708,-3.3893267146181736,0.0112897910620232,8.344657606354039,1000000.0,684856.9432264478,0.0983906118059223,1.7208,False
goe304,failed,Maximum_Iterations_Exceeded,1.4,,,,,,,,,,,,,,,,,,,,,,,,,,,,,,,,,,
goe308,ok,,0.19,28.163520563215982,0.6966246908551736,4.48628695856742,1.7678399999998942,0.3940541513118921,0.3940541513118921,5.594063327662705,0.6439609818251911,0.0825160655710914,3.00000002999687,2.992923768840172,11.586987126499746,8.594063357659575,0.020260022882828,28.163520563215982,30.425917643210585,0.3204723818819189,18.21951024200826,-1.256296875179984,0.0085360830701416,9.633824664508808,1000000.0,793425.92513936,31.292800312900187,0.2247072827259676,19.259658361145345,-2.2543975002477987,0.0094071579303053,8.392230822446345,1000000.0,816031.8886554426,0.0808841751421715,1.3546254180602006,False
goe309,failed,Infeasible_Problem_Detected,0.26,,,,,,,,,,,,,,,,,,,,,,,,,,,,,,,,,,
goe310,ok,,0.19,28.1635205632504,0.6684174922553423,4.675608124470985,1.7678399976603087,0.378098410003154,0.378098410003154,5.46567007540237,0.610045441924171,0.0760635310880234,3.000000029998935,2.717361416840581,11.183031522241889,8.465670105401305,0.0196272515625011,28.1635205632504,30.89629118343707,0.3126117958202078,17.26875665732448,-0.8868205850678585,0.0083254975081071,9.944509553655708,1000000.0,773068.5309676409,31.292800312916885,0.2306911817356074,17.9693950417115,-1.7165703505578995,0.0088475171365831,8.960185512523498,1000000.0,782989.745407986,0.0814181941941941,1.3603581939799332,False
goe311,ok,,0.19,28.16352056325055,0.6332740397809054,4.935080343225689,1.7678399999993972,0.3582190921017293,0.3582190921017293,5.481579862904923,0.5694790680692582,0.0712787131447617,3.00000002999894,2.845708801090693,11.327288693994555,8.481579892903863,0.0199418779801919,28.16352056325055,30.702333456501165,0.3384525836201438,17.72953769325504,-1.4454536274382443,0.0092891243028159,9.670913967058215,1000000.0,727824.8968428561,31.292800312917,0.243950960587969,18.370085103881333,-2.2782878330286627,0.0097972564835811,8.673965649644613,1000000.0,741822.4152877931,0.0843798582940168,1.4838297658862876,False
goe314,ok,,0.2,28.16352056325045,0.5383370558135613,5.805393167434183,1.767839999999062,0.3045168430479268,0.3045168430479268,5.071072795783705,0.4230481480508584,0.0489499818383718,3.000000029998935,2.23622641610981,10.30729924189245,8.07107282578264,0.017819622041239,28.16352056325045,30.62827782979746,0.3640422347328998,17.05074074932668,-0.673996313587983,0.0123603178158018,8.907693717388877,1000000.0,617220.9961435199,31.292800312916945,0.2730828654791525,20.81812862369529,-1.6208608185377635,0.0171660768078605,6.289533951949371,1000000.0,630612.4519501452,0.0803329760444448,1.5302939799331103,False
goe315,failed,Infeasible_Problem_Detected,0.88,,,,,,,,,,,,,,,,,,,,,,,,,,,,,,,,,,
goe316,failed,Maximum_Iterations_Exceeded,1.29,,,,,,,,,,,,,,,,,,,,,,,,,,,,,,,,,,
goe318,ok,,0.2,28.16352056319253,0.6540005020390803,4.778678694978927,1.7678399999999084,0.3699432652497478,0.3699432652497478,5.61352920055791,0.576900642087469,0.0762373749431155,3.0000000299949647,3.342417314114053,11.955946544666928,8.613529230552874,0.0215788841354111,28.16352056319253,30.62081012361745,0.3477593759425943,18.59797940969361,0.1712650674012386,0.0089451918879158,9.716173556131894,1000000.0,749650.0881294139,31.29280031289401,0.2398946211554362,19.63632032030713,-0.761951659532658,0.0104677770146401,8.144664725645972,1000000.0,766101.563533872,0.0912593815696059,1.5236956521739131,False
goe319,ok,,0.23,28.163520563250582,0.4908667319457903,6.366816209338833,1.7678399999936754,0.2776646822945212,0.2776646822945212,5.303045184518834,0.4388976990696621,0.0483219010655507,3.000000029998934,2.8127895779309746,11.115834792448744,8.303045214517768,0.0197042659191006,28.163520563250582,30.508311023330016,0.4339587721524413,14.801642658104855,-0.8890420134923054,0.0074220184400339,12.133116288836334,1000000.0,560590.3307283019,31.2928003129171,0.308099691898773,16.93634771546181,-2.053998076702368,0.0107945624484177,9.587557242669106,1000000.0,575005.3243989161,0.1024447305943217,1.855,False
goe320,ok,,0.2,28.1635205632504,0.4186330061057073,7.465389063167738,1.767839999904567,0.236804804806038,0.236804804806038,4.921100987141719,0.4026577769221334,0.0349170175350154,3.000000029998935,1.9442602944970864,9.86536131163774,7.921101017140653,0.0168248966817418,28.1635205632504,30.62623328821424,0.4481244855077898,16.585999413716632,-1.5046325571639911,0.0165756516439833,8.5882420003872,1000000.0,479944.35813379375,31.292800312916885,0.3446430665412074,21.238986311714832,-2.395066353602458,0.0243593799414144,5.746617026861723,1000000.0,490390.1442614393,0.1232841392663861,1.8723,False
goe321,ok,,0.19,28.163520563250405,0.5777935402783501,5.408953281189461,1.7678399999826502,0.3268358789732219,0.3268358789732219,5.558100038378237,0.5748008295319831,0.0623325091265778,3.000000029998935,3.0619619550478747,11.620062023425046,8.558100068377172,0.020656324988943,28.163520563250405,30.667781381517848,0.3813970807156681,17.76221978353787,-0.6929865032971279,0.010089469259738,9.729035109666857,1000000.0,663313.5652165308,31.29280031291689,0.2697876955181381,18.74870245582913,-1.6627843647471292,0.0116813472989182,8.204922983388155,1000000.0,676832.1021643641,0.1115459630717366,1.6898869565217391,False
goe322,ok,,0.2,28.1635205632504,0.6331991858358434,4.935663746115763,1.7678399999999972,0.3581767500655288,0.3581767500655288,5.798050722312258,0.7376612312778756,0.0722556308576758,3.000000029998935,3.2444092718183057,12.0424600241295,8.798050752311193,0.0212558353350835,28.1635205632504,30.6358069705775,0.3614286158086595,19.387020385457543,-1.8073391341231573,0.0108485869926044,8.942153186877686,1000000.0,726161.9863911271,31.292800312916885,0.2530833505643881,20.33031635996231,-2.742221917375076,0.0125137934735338,7.398564040717642,1000000.0,741734.7307610438,0.1306347672226596,1.5569785953177258,False
goe323,ok,,0.2,28.163520563250405,0.5839702210153686,5.351742525707781,1.7678399999872498,0.3303297928656328,0.3303297928656328,5.528811248150454,0.5543122500146995,0.0642755312977833,3.000000029998935,3.1176251049335724,11.64643638308296,8.528811278149389,0.0207137483032737,28.163520563250405,30.473219691896112,0.3830645740007872,17.819843369003205,-0.3203180547022824,0.0102940836355005,9.58068245932968,1000000.0,666151.3036048551,31.29280031291689,0.2660205969472214,20.182283439922763,-1.363858098008097,0.0139397168826276,7.144770984018729,1000000.0,684067.5167461747,0.1104092071203856,1.6443404682274247,False
goe324,ok,,0.19,28.163520563250405,0.5229208618851583,5.976541563733505,1.767839999999999,0.2957964871737027,0.2957964871737027,5.327494035633867,0.5256827003319344,0.0479504279763158,3.000000029998935,2.5464146523041653,10.873908717936969,8.327494065632802,0.0189418548524735,28.163520563250405,30.736377180054856,0.3926003465098229,18.362127028794845,-0.7202655636138116,0.0139361774641317,8.513496930728634,1000000.0,601661.8621074837,31.29280031291689,0.2900653306124401,21.0716064130845,-1.6199471916635693,0.0177748205069247,6.373968691188353,1000000.0,612553.7956712965,0.1312526025207285,1.6642384615384616,False
goe325,ok,,0.19,28.163520563250493,0.5900997539096763,5.296152463855272,1.7678399999969232,0.3337970370116658,0.3337970370116658,5.22713832830194,0.482615696681429,0.0628225071132564,3.000000029998936,2.475773566144252,10.702911924445129,8.227138358300877,0.01889129721268,28.163520563250493,31.04979998330714,0.3355561649096423,16.927594760304913,-1.2128890091701718,0.0099866287050985,9.58407045514262,1000000.0,685879.9043235255,31.292800312916977,0.2539456791741545,18.176821002780603,-1.9414535621952904,0.0112693094460539,8.151903049346448,1000000.0,691247.7019554904,0.082,1.500096989966555,False
goe326,ok,,0.2,28.16352056325084,0.6480334726932926,4.822680304785484,1.7678399999999106,0.3665679431924412,0.3665679431924412,5.55656768990761,0.5534130397847394,0.0749153122005682,3.000000029998938,3.2765663942312324,11.83313411413778,8.556567719906548,0.0213668647766398,28.16352056325084,30.638054310617,0.3469655070340514,18.46269738383187,-1.1434299919450226,0.0093092945485537,9.564658723699482,1000000.0,743228.6779207981,31.292800312917347,0.240502509995055,19.79156659951105,-2.0903410417008392,0.0112668579518992,7.7537744172994145,1000000.0,759111.7363138042,0.0817752273268463,1.5220535117056857,False
goe328,ok,,0.19,28.163520562709937,0.59985094671214,5.2100580697867,1.76783999999626,0.3393129167308178,0.3393129167308178,5.371333404893573,0.5000525761334252,0.0673509972195566,3.0000000299664125,2.9245945097185464,11.295927944578532,8.371333434859984,0.0201172586606847,28.163520562709937,30.559952539096592,0.3596495587626295,18.19078510811904,-0.4205611288806777,0.0111450053904872,9.02480951839673,1000000.0,686214.4551119204,31.29280031265561,0.2541960233525629,20.395863476055727,-1.3300782090330925,0.0141312570530857,6.863633162970661,1000000.0,702670.3293469807,0.082,1.5558103678929769,False
goe329,failed,Maximum_Iterations_Exceeded,1.48,,,,,,,,,,,,,,,,,,,,,,,,,,,,,,,,,,
goe330,failed,too few converged polar points,0.01,,,,,,,,,,,,,,,,,,,,,,,,,,,,,,,,,,
goe331,failed,too few converged polar points,0.01,,,,,,,,,,,,,,,,,,,,,,,,,,,,,,,,,,
goe332,ok,,0.19,28.163520563250405,0.5495387250723573,5.68705738647068,1.767839999992768,0.3108532022550714,0.3108532022550714,5.462128207167892,0.5654485793800808,0.0608767845493722,3.000000029998935,2.7316170394945085,11.193745276661335,8.462128237166826,0.0195184231198743,28.163520563250405,30.648559725640247,0.3867793641487624,17.934763041091873,-3.023252723553613,0.0115905709276384,9.255718335215604,1000000.0,630481.3007227241,31.29280031291689,0.2804779734999164,20.18673414846001,-3.99929625430517,0.0145944212763875,7.196625030675017,1000000.0,643734.1793924106,0.1177938691508941,1.6587,False
goe335,ok,,0.19,28.163520563250408,0.6674903691050136,4.682102409628346,1.767839999997256,0.3775739711207177,0.3775739711207177,5.363753963811213,0.5087721934050171,0.0772624931449467,3.000000029998935,2.7617836386446224,11.12553763245477,8.363753993810148,0.019554267731051,28.163520563250408,30.544084905029187,0.3186603908966866,17.92934108638813,-1.6693995037133074,0.0094745450755388,9.293082950948891,1000000.0,763195.780017222,31.292800312916896,0.2282305131472705,19.47853004481111,-2.523762530370006,0.0108747249419609,7.705571463574186,1000000.0,781903.7046943068,0.0685,1.3729367892976587,False
goe336,ok,,0.19,28.1635205632504,0.6689582905694107,4.671828288160152,1.7678399999664651,0.3784043185933684,0.3784043185933684,5.586342701251855,0.6442578476106773,0.0785932000172159,3.000000029998935,2.991026070059093,11.577368801309882,8.58634273125079,0.0203334288495547,28.1635205632504,30.545829143394982,0.3308364173095698,18.56786250836092,-0.9331820841845768,0.0095972266551519,9.249884379933896,1000000.0,764917.8520862837,31.292800312916885,0.233790381465647,19.74136556525448,-1.8292670386629792,0.0108531262854573,7.7977072246394625,1000000.0,783623.2399766832,0.0894875512388761,1.411625752508361,False
goe344,ok,,0.19,28.163520563035966,0.655806371338945,4.765519827437475,1.7678399999930894,0.3709647769829332,0.3709647769829332,5.464922726127345,0.5494202633083773,0.0759101592736345,3.0000000299865133,3.202476672989523,11.667399429103382,8.46492275611386,0.0210053797856025,28.163520563035966,30.479504740374832,0.3415772521406673,17.005832404574278,0.6661128949384819,0.0072069843608907,10.764350774729913,1000000.0,748251.1202808156,31.2928003128082,0.2351066038653524,16.781930475253176,-0.3592651499145917,0.0068168646721872,10.765781866414608,1000000.0,768216.9736756239,0.0720161404507797,1.5086411371237458,False
goe346,failed,Maximum_Iterations_Exceeded,1.43,,,,,,,,,,,,,,,,,,,,,,,,,,,,,,,,,,
goe358,ok,,0.19,28.16352056325257,0.6007028141264856,5.202669593190727,1.767839999999991,0.339794785798765,0.339794785798765,5.6295601498441314,0.5096394511749639,0.0658028640996723,3.000000029998958,3.635990464814706,12.265550644657797,8.62956017984309,0.0227076245868402,28.16352056325257,30.79700331718169,0.3839872301898263,17.834316156295028,-2.564586086955541,0.0076461473422611,10.865793168631358,1000000.0,692519.432559434,31.29280031291906,0.2616654938847966,17.701995318003895,-3.632838774719175,0.0080580655979104,10.29159757296855,1000000.0,703668.213842357,0.1086999999999999,1.774863210702341,False
goe359,failed,too few converged polar points,0.01,,,,,,,,,,,,,,,,,,,,,,,,,,,,,,,,,,
goe360,failed,too few converged polar points,0.01,,,,,,,,,,,,,,,,,,,,,,,,,,,,,,,,,,
goe361,failed,Restoration_Failed,1.59,,,,,,,,,,,,,,,,,,,,,,,,,,,,,,,,,,
goe362,ok,,0.19,28.16352056313847,0.6458117647402344,4.839271187413331,1.7678399999999923,0.3653112073152758,0.3653112073152758,5.467675098328685,0.4484558624657203,0.0748692913102906,3.0000000299918184,3.455899828453441,11.923574956773944,8.467675128320503,0.021705810989624,28.16352056313847,30.25949955699312,0.3596527367393171,17.39702183343446,-1.8033462580326645,0.0072087488513822,10.792417917498776,1000000.0,731528.9733254721,31.292800312866746,0.2388227503532246,18.20773750824014,-2.9187490916614367,0.0082857722260622,9.587990585714971,1000000.0,756509.209355383,0.066,1.5667060200668896,False
goe363,ok,,0.19,28.1635205632504,0.6706455367251661,4.660074622659907,1.76783999459597,0.3793587308666124,0.3793587308666124,5.976460485310298,0.7112303081958598,0.0788707070021473,3.000000029998935,4.03996882929334,13.016429344602573,8.976460515309233,0.0239662643524334,28.1635205632504,30.63882575094022,0.3687745243501516,19.96181245826949,-2.3059545429251487,0.0085590538584261,9.766064784227382,1000000.0,769181.7915505238,31.292800312916885,0.2437976672369705,19.79856993706256,-3.456898650274733,0.0095101826086775,8.693898775207622,1000000.0,785599.696378167,0.1106548227272246,1.6290655518394648,False
goe364,ok,,0.2,28.1635205632504,0.5168215022226227,6.047074766884776,1.7678399998512042,0.2923463109026397,0.2923463109026397,5.308020037332292,0.4788192556707857,0.0521457714224114,3.000000029998935,2.5774886040388028,10.88550867137003,8.308020067331228,0.0189809718064287,28.1635205632504,30.62825537919386,0.4004699676837546,14.711514339252556,-2.305834558330954,0.0074894932679045,11.869660111308017,1000000.0,592552.2777771989,31.292800312916885,0.2928022590361028,20.39999900003939,-3.508932077203063,0.0163722573135278,6.845471349013566,1000000.0,605408.9556809092,0.108,1.7018531772575252,False
goe365,failed,Maximum_Iterations_Exceeded,1.45,,,,,,,,,,,,,,,,,,,,,,,,,,,,,,,,,,
goe366,failed,too few converged polar points,0.01,,,,,,,,,,,,,,,,,,,,,,,,,,,,,,,,,,
goe367,ok,,0.19,28.1635205632504,0.7047419448092322,4.434613674715815,1.767839999999106,0.3986457738311095,0.3986457738311095,6.375334113591548,1.0822049630780064,0.0833219199612813,3.000000029998935,3.7910916743669016,13.166425817957386,9.375334143590482,0.0229815326918514,28.1635205632504,30.45663395970552,0.3592363592055141,20.09019727715868,-1.057688828365794,0.0085833273137638,9.515879138663411,1000000.0,803481.4647050262,31.292800312916885,0.2423115384374926,19.29762334377536,-2.1108101608860643,0.0087069561265253,9.048433282062872,1000000.0,825540.5066564183,0.1628385137027405,1.5181,False
goe368,failed,Infeasible_Problem_Detected,0.25,,,,,,,,,,,,,,,,,,,,,,,,,,,,,,,,,,
goe369,failed,Maximum_Iterations_Exceeded,1.42,,,,,,,,,,,,,,,,,,,,,,,,,,,,,,,,,,
goe370,failed,too few converged polar points,0.01,,,,,,,,,,,,,,,,,,,,,,,,,,,,,,,,,,
goe371,ok,,0.19,28.1635205632047,0.6244830677717063,5.004552448074898,1.7678399999994951,0.3532463728458936,0.3532463728458936,5.27158954190643,0.4674732658285165,0.0709737988263135,3.0000000299959204,2.634243763923353,10.905833335825704,8.27158957190235,0.019227064660417,28.1635205632047,30.71283179661298,0.3302210731059281,17.429583581233818,-1.5634300709432587,0.0099442746657086,9.354343345582675,1000000.0,717966.8077545871,31.292800312897548,0.2412602479993746,20.020392480981325,-2.409164693220939,0.0129460620788146,7.071105457715877,1000000.0,731524.5984198202,0.0694933897847586,1.4334742474916389,False
goe372,failed,Infeasible_Problem_Detected,0.28,,,,,,,,,,,,,,,,,,,,,,,,,,,,,,,,,,
goe373,failed,too few converged polar points,0.01,,,,,,,,,,,,,,,,,,,,,,,,,,,,,,,,,,
goe374,failed,too few converged polar points,0.01,,,,,,,,,,,,,,,,,,,,,,,,,,,,,,,,,,
goe375,failed,too few converged polar points,0.01,,,,,,,,,,,,,,,,,,,,,,,,,,,,,,,,,,
goe376,failed,too few converged polar points,0.01,,,,,,,,,,,,,,,,,,,,,,,,,,,,,,,,,,
goe377,ok,,0.19,28.1635205632504,0.7454583925651989,4.192397982427825,1.7678399986916886,0.421677523484526,0.421677523484526,5.513232867812309,0.6091918838766427,0.0881236444422763,3.000000029998935,2.8730231775445407,11.386256075355783,8.513232897811243,0.0199823795837337,28.1635205632504,30.621608309432613,0.2905412910516926,17.908367115367422,-1.0496470619529612,0.0075334619095086,9.91284562376306,1000000.0,854506.2508791428,31.292800312916885,0.2080120844455333,18.994116598357547,-1.853869595194732,0.0082086303641815,8.770311006862464,1000000.0,873236.0888655013,0.0645,1.2448,False
goe379,failed,Infeasible_Problem_Detected,0.42,,,,,,,,,,,,,,,,,,,,,,,,,,,,,,,,,,
goe380,ok,,0.19,28.16352056325048,0.661131223004287,4.727137604238308,1.7678399999998946,0.373976843495071,0.373976843495071,5.31748935583349,0.5082363911398227,0.0766074561149238,3.000000029998935,2.6297206273225875,10.947210013155011,8.317489385832424,0.0190337806860446,28.16352056325048,30.428512638832068,0.3189779415006014,16.97761934338841,-1.882830569704076,0.0088876378848801,9.665882850969584,1000000.0,753064.5959182247,31.292800312916967,0.2291511534899677,20.666921815376167,-2.7677301774086875,0.0130374055992134,6.753187697767035,1000000.0,774454.548682831,0.065496,1.3491635451505015,False
goe381,failed,Maximum_Iterations_Exceeded,1.44,,,,,,,,,,,,,,,,,,,,,,,,,,,,,,,,,,
goe382,ok,,0.19,28.1635205632504,0.5801822587672433,5.386683601261234,1.7678399981458195,0.3281870867135947,0.3281870867135947,6.069206063229649,0.8903791214179424,0.0596628822678362,3.000000029998935,3.334851733038408,12.404057826266992,9.069206093228583,0.0217337332486146,28.1635205632504,30.87737591254172,0.3999676677490824,18.810196701792265,-1.9110273090336027,0.0102398752295569,9.640831965898109,1000000.0,670607.9045792859,31.292800312916885,0.28472282676026,18.534520666174,-2.9587014814039625,0.0107315866100275,8.867510234813832,1000000.0,679630.267342099,0.2002906570731657,1.7669,False
goe383,ok,,0.2,28.1635205632504,0.67297166396018,4.643967095120169,1.7678399993719296,0.3806745317445416,0.3806745317445416,6.569245048424786,1.1427581451031008,0.0788816231248717,3.000000029998935,3.9712727286191134,13.540517807042836,9.56924507842372,0.023754915277704,28.1635205632504,30.66789163213264,0.3815724163907797,20.678330126954005,-1.0909618002597592,0.0089755763687127,9.508850297984369,1000000.0,772581.912954433,31.292800312916885,0.2589991622780693,20.241672678025164,-2.21315326401437,0.009949580122036,8.599859628888636,1000000.0,788324.5388190775,0.2016982452376845,1.6389,False
goe384,ok,,0.2,28.1635205627615,0.5848504080816997,5.343688270388936,1.767839999999537,0.3308276812844222,0.3308276812844222,6.172940776651033,0.8884457765300123,0.0650386154343736,3.000000029971086,3.737650455021831,12.910591261643953,9.17294080662212,0.0229490435101832,28.1635205627615,30.65480942528682,0.4189965156911021,20.20247195957407,-2.4943460655102285,0.0105976275152553,9.429584748795252,1000000.0,671130.932591059,31.29280031266416,0.2856809320070517,19.94913519645174,-3.661754199708129,0.0112431960550633,8.581646907814799,1000000.0,685098.5750999355,0.1953422054465358,1.8371,False
goe385,failed,Maximum_Iterations_Exceeded,1.41,,,,,,,,,,,,,,,,,,,,,,,,,,,,,,,,,,
goe386,ok,,0.19,28.163520563154385,0.6156068351283454,5.076711445134593,1.7678399999997612,0.3482254248848473,0.3482254248848473,6.304490117650324,0.983860644032901,0.0696908324680078,3.000000029993942,3.827012778687008,13.131502926331272,9.304490147644266,0.0231511094996624,28.163520563154385,30.5199347556548,0.4084605499611108,20.473565859507023,-1.4202221241995876,0.0104797555005803,9.239956992471123,1000000.0,703316.6069582233,31.29280031286228,0.2753002510731429,19.89324512170582,-2.6062563045574545,0.0109613937548009,8.475237473256337,1000000.0,721126.906543786,0.2026036516239728,1.7572,False
goe387,ok,,0.2,28.1635205632504,0.620912953155567,5.033327537647538,1.767839999999992,0.3512268944902083,0.3512268944902083,5.946751840960645,0.7806360302975318,0.0705361177112802,3.000000029998935,3.5206648954357496,12.46741676639533,8.94675187095958,0.0221958649371884,28.1635205632504,30.635339604017343,0.3815985162742203,19.351090011180503,-1.596897267017764,0.0099805640997445,9.43957876331796,1000000.0,712061.0939561843,31.292800312916885,0.2624533576076872,19.91035339787607,-2.784673617412269,0.0115023299299613,8.029801469657942,1000000.0,727342.5368147718,0.1485,1.6567,False
goe388,failed,airfoil 'goe388' not found in the aerosandbox UIUC database,0.0,,,,,,,,,,,,,,,,,,,,,,,,,,,,,,,,,,
goe389,ok,,0.19,28.163520563250405,0.6673848415585174,4.682842748209588,1.7678399999879253,0.3775142781943365,0.3775142781943365,5.652847777876547,0.6655733262540123,0.0777592061650446,3.000000029998935,3.0534277446891784,11.70627555256466,8.652847807875482,0.0205217676248417,28.163520563250405,30.510962631100583,0.3360755378792036,17.61937297337166,-1.052927655710988,0.0077404668395403,10.327493498827586,1000000.0,762247.6364697445,31.29280031291689,0.2361566541871175,18.07153303536002,-1.9460593006654665,0.008023191279858,9.650636693742747,1000000.0,781780.0888631016,0.1031314795650222,1.4342595317725753,False
goe390,ok,,0.2,28.163520563250405,0.6305520221197988,4.956384494707109,1.767839999983252,0.3566793500123158,0.3566793500123158,6.478879289853985,1.0255143981400012,0.0720217354881512,3.000000029998935,4.187257654526776,13.666136974379697,9.47887931985292,0.0245783877860238,28.163520563250405,30.7774536246939,0.4080992468071656,21.27385309442821,-3.011548730203132,0.0101757244679348,9.24973903475449,1000000.0,726469.6018721472,31.29280031291689,0.2738126646178069,20.084345534006165,-4.209611592742631,0.0105302226136778,8.621212061801486,1000000.0,738633.8214331539,0.2030040743016341,1.8051,False
goe391,failed,Infeasible_Problem_Detected,0.58,,,,,,,,,,,,,,,,,,,,,,,,,,,,,,,,,,
goe392,failed,Maximum_Iterations_Exceeded,1.4,,,,,,,,,,,,,,,,,,,,,,,,,,,,,,,,,,
goe393,ok,,0.2,28.163520563250817,0.6373185460301505,4.903761682546399,1.7678399999996706,0.360506915801356,0.360506915801356,5.285403697289729,0.4250745685803743,0.0722453274360823,3.00000002999894,3.0701478011750174,11.355551528463684,8.285403727288669,0.0207293281180089,28.163520563250817,30.734663841951225,0.3364349137963849,17.209026723136898,0.1835657169362015,0.0077601670238874,10.563940193214751,1000000.0,733244.5814210371,31.292800312917294,0.2367961183534321,17.73725118758104,-0.7021448078135227,0.0080497980070215,9.789858870025505,1000000.0,746560.1831511827,0.0607168040491069,1.524341137123746,False
goe394,ok,,0.19,28.1635205632504,0.6370198286080782,4.906061201305828,1.7678399999990329,0.3603379426918876,0.3603379426918876,5.449079061849687,0.4253059184723217,0.0734578114046787,3.000000029998935,3.6152985612862825,12.064377653134905,8.449079091848622,0.0225166940209232,28.1635205632504,30.63357509746784,0.3599671935596306,18.35255120799243,-1.7456744633923065,0.0083804224379567,10.156184709228535,1000000.0,730490.3333941501,31.292800312916885,0.2415871803144433,19.084727795931105,-2.7863594692076528,0.0097419607912991,8.659383645631818,1000000.0,746210.2631079695,0.0610398548573572,1.6343923076923077,False
goe395,ok,,0.19,28.1635205632504,0.5731151857185285,5.453106657841625,1.7678399913317515,0.3241895129246333,0.3241895129246333,5.426599043791502,0.3690441505898707,0.0620003379659021,3.000000029998935,3.1364683400982623,11.5630674138887,8.426599073790438,0.0209298168537003,28.1635205632504,30.69654079881128,0.3819078465376564,17.813716168094633,-2.8420959586584504,0.0099204382204959,9.8530354168351,1000000.0,658559.765074301,31.292800312916885,0.2678106679449695,19.973617195068385,-3.8098035850680567,0.0131466129808056,7.523449880397474,1000000.0,671351.8424652463,0.0610520184752542,1.6994732441471572,False
goe396,failed,too few converged polar points,0.01,,,,,,,,,,,,,,,,,,,,,,,,,,,,,,,,,,
goe397,ok,,0.19,28.16352056325075,0.7073132902542683,4.418492213650177,1.7678399999999357,0.4001002863688422,0.4001002863688422,5.271509618795785,0.475943534368668,0.0833273962486664,3.0000000299989376,2.6411859617235955,10.91269561051832,8.271509648794723,0.0191659873156798,28.16352056325075,30.577592388236063,0.2943201301600125,17.602941384410904,-0.7475292644745886,0.0086252872766492,9.45812169139039,1000000.0,809615.7415791794,31.292800312917244,0.2130053063014532,19.808599780964748,-1.5280167446480275,0.0105124390435979,7.5297885283560015,1000000.0,828552.6018450921,0.051,1.2621414715719064,False
goe398,ok,,0.2,28.1635205632504,0.6590315406188543,4.742198321127277,1.7678399999696393,0.3727891328571434,0.3727891328571434,6.048048322676534,0.8183202521013441,0.0774169609485268,3.000000029998935,3.2888991633600986,12.336947516035568,9.048048352675467,0.0214689461753579,28.1635205632504,30.724059908967707,0.3537126797402494,18.02187356334013,-1.4197703285844951,0.0077379540039204,10.361274816542464,1000000.0,757964.109014294,31.292800312916885,0.2500726366174721,17.892833901010192,-2.4384465852070094,0.0080653557290869,9.822660361078496,1000000.0,771994.9634917631,0.1385,1.5548,False
goe399,ok,,0.2,28.1635205632504,0.7426611124636487,4.2081889209911285,1.7678399999775074,0.4200952079787185,0.4200952079787185,5.461094713556587,0.5998099766541434,0.0893437172725401,3.000000029998935,2.721149352650941,11.182244096206464,8.461094743555522,0.0193529840832476,28.1635205632504,30.444381906447475,0.2897545602435404,17.5554355092078,-1.2553663268004365,0.0077241117944673,9.80202264856311,1000000.0,846372.7714097404,31.292800312916885,0.2075168348000672,18.692305352860384,-2.0289721354427503,0.0083087406755739,8.69873105722496,1000000.0,869959.3313275976,0.0689943502889434,1.2103,False
goe400,ok,,0.2,28.1635205632504,0.65786204354245,4.750628640573487,1.7678399999997076,0.372127592736084,0.372127592736084,5.448825165748112,0.4452865503598234,0.0766330069232655,3.000000029998935,3.508498908401993,11.95732410414904,8.448825195747046,0.0221547166344776,28.1635205632504,30.63570442239133,0.3454218037062811,18.2129689403053,-0.7063174661612284,0.0078760585013325,10.305571005414963,1000000.0,754443.1830109649,31.292800312916885,0.2339262480857372,18.737436469218665,-1.7009165603321426,0.0086687201483914,9.178863629692673,1000000.0,770625.0049908502,0.0612,1.553981939799331,False
goe401,failed,too few converged polar points,0.01,,,,,,,,,,,,,,,,,,,,,,,,,,,,,,,,,,
goe402,failed,Maximum_Iterations_Exceeded,1.38,,,,,,,,,,,,,,,,,,,,,,,,,,,,,,,,,,
goe403,failed,too few converged polar points,0.01,,,,,,,,,,,,,,,,,,,,,,,,,,,,,,,,,,
goe404,failed,Infeasible_Problem_Detected,0.28,,,,,,,,,,,,,,,,,,,,,,,,,,,,,,,,,,
goe405,ok,,0.2,28.163520563251254,0.6897926823853927,4.530721107090327,1.7678399999999863,0.3901895433893327,0.3901895433893327,5.879132949854739,0.7730999511480059,0.0811782975684532,3.0000000299988048,3.3521796843438403,12.231312664197384,8.879132979853544,0.0216236897737591,28.163520563251254,30.637232684776446,0.3369471078941867,19.182420718556205,-3.350592050339488,0.008815528884244,9.530027089556436,1000000.0,791101.0410949416,31.29280031291919,0.2344603655428186,19.619626832412784,-4.3283427774569,0.0096164266999975,8.429198694442288,1000000.0,808028.8177798628,0.111,1.453014381270903,False
goe406,failed,Maximum_Iterations_Exceeded,1.33,,,,,,,,,,,,,,,,,,,,,,,,,,,,,,,,,,
goe407,ok,,0.2,28.1635205632504,0.6211215288762251,5.031637320724059,1.7678399999430945,0.3513448778714242,0.3513448778714242,5.4965426592960975,0.6014453898287534,0.0681978389369262,3.000000029998935,2.9464870711855395,11.443029760480572,8.496542689295033,0.0201186349422471,28.1635205632504,30.449526148666493,0.3544130341467178,14.826188500507127,-0.8709682077234432,0.0053382035747948,12.508111023130802,1000000.0,707979.9514225377,31.292800312916885,0.2491627533440026,19.7133290228697,-2.11996159654772,0.0120503269605505,7.589888904385712,1000000.0,727586.8641517204,0.0945978882111788,1.502143143812709,False
goe408,ok,,0.19,28.16352056204659,0.6618039539107583,4.722332417483248,1.7678399999919006,0.3743573818409982,0.3743573818409982,5.4741000616773565,0.579465720128999,0.0760383622650252,3.0000000299298666,3.000101224723424,11.474201316330646,8.474100091607223,0.0204585182144901,28.16352056204659,30.687259450432496,0.3283849276239614,17.817717602323967,-0.489752977397516,0.009099121157226,9.559682080246084,1000000.0,760241.0233432163,31.292800312299764,0.2332285392200006,18.424579593315045,-1.4795036779427715,0.0098860436203947,8.353468527292206,1000000.0,775242.5911842837,0.0774980399999999,1.4428505016722408,False
goe409,ok,,0.2,28.163520563250422,0.7887848858353689,3.962117329733089,1.7678399999999577,0.4461856762124331,0.4461856762124331,6.252131636327527,1.047104718175467,0.0924222746480046,3.000000029998935,3.407406498989012,12.659538165315476,9.252131666326465,0.0217006877830724,28.163520563250422,30.481317076427253,0.3081045718246878,20.544007063301898,3.417484517275004,0.0088606492403678,8.887076126735064,1000000.0,900028.2622984104,31.29280031291691,0.2136489114942519,19.22384177231704,2.4161480112702924,0.0077872700473607,9.005724759239802,1000000.0,923989.0985506896,0.127,1.2881,False
goe410,ok,,0.2,28.163520563252785,0.7408033985865985,4.21874180324061,1.7678399999999996,0.4190443697317623,0.4190443697317623,6.305872207955967,1.0191809262930378,0.0876271020391393,3.0000000299989704,3.5372300798241185,12.843102317779056,9.305872237954937,0.0221326174014222,28.163520563252785,30.470635615760937,0.3330506356881034,19.62508778760745,2.9017479447309347,0.0078421065194407,9.714860259454396,1000000.0,844983.6739416802,31.29280031291917,0.228808197548731,18.93189437718461,1.983329751269144,0.0075890079762561,9.551160908323611,1000000.0,867783.1900118528,0.161,1.4025,False
goe411,failed,too few converged polar points,0.01,,,,,,,,,,,,,,,,,,,,,,,,,,,,,,,,,,
goe412,ok,,0.19,28.16352056325052,0.6681185295521237,4.677700329154187,1.7678399999999943,0.377929297646917,0.377929297646917,6.033779074587884,0.8337358108177302,0.079005542961742,3.000000029998936,3.587795268565842,12.621574373152662,9.03377910458682,0.0221874085503001,28.16352056325052,30.31160925662112,0.3667316093263767,18.9472804746244,-1.8178791190556751,0.0082595051770708,9.950198307046268,1000000.0,758099.741704891,31.292800312917,0.2462824190008937,18.89788163076502,-2.8843322653133647,0.0087585653003626,9.227758857913052,1000000.0,782639.537003901,0.1312303310306266,1.5689,False
goe413,ok,,0.2,28.1635205632504,0.6533176582219509,4.7836733390682,1.767839999428347,0.3695570065352121,0.3695570065352121,6.12107041733199,0.8604976029222958,0.0756152383869743,3.000000029998935,3.689300291025269,12.810370738356196,9.121070447330926,0.0227723458769488,28.1635205632504,30.6386472511014,0.372567055763964,19.86673771130307,-1.4012883111535048,0.0093611696187805,9.492776865661147,1000000.0,749303.6041562661,31.292800312916885,0.2542956162833177,19.50070448540954,-2.394508935332698,0.0097791822590198,8.732536106581778,1000000.0,765301.6749219584,0.1635,1.6174615384615385,False
goe414,ok,,0.19,28.16352056325226,0.7298354408454134,4.282141001510998,1.7678399999999996,0.4128402122620902,0.4128402122620902,6.160107802256069,0.95694315187559,0.0870939257189279,3.0000000299989567,3.442763671735626,12.602871503990652,9.160107832255026,0.021844354884615,28.16352056325226,30.51472986796097,0.3307743448103897,19.367726500141465,-2.1687944350491866,0.0081415024906983,9.62772951997582,1000000.0,833677.9535311594,31.29280031291872,0.2286088808552684,19.08734844817491,-3.100410656481881,0.008277355674275,9.076199042720114,1000000.0,854935.2341645535,0.1359225261153846,1.4003926421404682,False
goe415,failed,Maximum_Iterations_Exceeded,1.44,,,,,,,,,,,,,,,,,,,,,,,,,,,,,,,,,,
goe416a,ok,,0.2,28.163520563213183,0.7709229130969074,4.053917989083139,1.7678399999999803,0.4360818360807064,0.4360818360807064,5.951185653020602,0.8475407791467348,0.091403598668002,3.0000000299965026,3.1662973465647206,12.117483029581823,8.951185683017105,0.0208950653115649,28.163520563213183,30.497327053817497,0.3014284427764743,18.47074937562128,0.9611951793812415,0.0068476240180847,10.20098123469327,1000000.0,880109.2169401451,31.292800312900905,0.21148865376312,18.49566789016692,0.1753880789276026,0.0066690770563981,10.003008225302631,1000000.0,903065.4368709372,0.116664756245952,1.269179264214047,False
goe417,failed,too few converged polar points,0.01,,,,,,,,,,,,,,,,,,,,,,,,,,,,,,,,,,
goe417a,failed,too few converged polar points,0.01,,,,,,,,,,,,,,,,,,,,,,,,,,,,,,,,,,
goe418,ok,,0.19,28.163520563250994,0.5969548976266565,5.235333989257882,1.767839999999659,0.3376747316650668,0.3376747316650668,5.698801520482435,0.64048241837023,0.0655468390419869,3.000000029998944,3.148354313743124,11.847155864224504,8.69880155048138,0.0209859548652897,28.163520563250994,30.719373547467693,0.3751061550205291,17.83627920203765,-1.212054583343137,0.0089299186450966,10.173559350530288,1000000.0,686463.9149996759,31.29280031291745,0.2654210505864208,17.88934735356152,-2.200681677564224,0.0090796068831225,9.589737521732529,1000000.0,699277.8736491905,0.127,1.6702,False
goe419,failed,too few converged polar points,0.01,,,,,,,,,,,,,,,,,,,,,,,,,,,,,,,,,,
goe420,ok,,0.19,28.1635205632504,0.7368702678369364,4.241259823832675,1.7678399990818234,0.4168195471420775,0.4168195471420775,6.623694166091568,1.206685606966016,0.0867332067217146,3.000000029998935,3.803781579334368,13.42747577542487,9.623694196090502,0.0231571352508783,28.1635205632504,30.63211449526929,0.3463823136714797,20.32165184499421,-1.321764527082606,0.0078222115133252,9.71489993051044,1000000.0,844951.6307274445,31.292800312916885,0.2378856479405167,19.42541941729021,-2.314344999760713,0.0078994082398674,9.426141485696444,1000000.0,863175.8887722505,0.1875,1.4657799331103678,False
goe421,ok,,0.19,28.163520563173726,0.6010415549715965,5.199737422048857,1.7678399999978067,0.3399863986403419,0.3399863986403419,6.242508324071264,0.9186487835771766,0.0618862153684898,3.000000029992423,3.749968095603992,12.99247644966768,9.242508354063688,0.0229533276186555,28.163520563173726,30.604581343804064,0.4116431291700893,19.517597984325786,-4.649485899471444,0.0093109983214095,9.877831643343397,1000000.0,688580.5964512833,31.29280031289962,0.2800933595437564,19.21677079683044,-5.905961680964212,0.0100277086301608,9.115304783089162,1000000.0,704065.0176529752,0.1899121840174597,1.769092976588629,False
goe422,ok,,0.2,28.16352056325336,0.654795400996537,4.7728775444110365,1.7678399999999976,0.370392909424234,0.370392909424234,6.25198453192524,0.9717113786712096,0.0761355630277237,3.0000000299989567,3.71709388611661,12.969078448040808,9.251984561924196,0.0228284575342951,28.16352056325336,30.587054517092326,0.3776021864632609,20.1846689931612,-3.2617483979254422,0.00954945946323,9.386032387743436,1000000.0,749733.8437762879,31.29280031291994,0.2573633726976935,19.99529128620968,-4.360010095573511,0.0102789376996634,8.473079485239348,1000000.0,767032.7147067698,0.1704850655404015,1.6207,False
goe423,ok,,0.2,28.1635205632504,0.8033343152306408,3.890358231117114,1.767839999998969,0.4544157362833228,0.4544157362833228,6.760239758922403,1.345208438841382,0.0917966915821087,3.000000029998935,3.8228264494174224,13.58306623833876,9.760239788921336,0.0232261173860754,28.1635205632504,30.637604093452,0.3212907468884451,22.03914097933554,-1.6467922683047298,0.0099119482721972,8.325095562722082,1000000.0,921329.4568250236,31.292800312916885,0.2213001096617438,20.872947303194973,-2.5715416291812487,0.010223568692324,7.539608023010022,1000000.0,941032.4197313958,0.1692522855336968,1.3465,False
goe424,ok,,0.2,28.1635205632504,0.6729776239943872,4.643925970450892,1.7678399999999632,0.380677902974478,0.380677902974478,6.498145337757128,1.1275769178173487,0.0780128792624079,3.000000029998935,3.7983970113492407,13.296542379105304,9.498145367756065,0.0231430024155149,28.1635205632504,30.637666566519016,0.3754335194919053,21.060834009274245,-1.0503020705173778,0.0104291590358385,8.869700304983771,1000000.0,771827.3218565108,31.292800312916885,0.2570725159145167,20.230246943293604,-2.157796457306495,0.0108144649961279,8.110800601402318,1000000.0,788331.5201720792,0.1998528192073628,1.6002163879598663,False
goe425,ok,,0.19,28.163520562133627,0.6676099628363088,4.681263671264387,1.7678399999999377,0.37764162075546,0.37764162075546,6.165168363173192,0.8913729226835115,0.0789328998464069,3.000000029935049,3.530654780977929,12.695823174086168,9.16516839310824,0.0222273975909908,28.163520562133627,30.63193264856565,0.3614894082809976,19.76771790219413,-0.8633340621015692,0.0094196499975486,9.368727092052415,1000000.0,765527.9394001999,31.29280031234241,0.2500547449384984,19.474603258734003,-1.8532489305765267,0.0098060130290997,8.604735629970913,1000000.0,782043.7977585834,0.160145461755351,1.5705127090301003,False
goe426,ok,,0.2,28.1635205632504,0.6931118412454862,4.509024488663438,1.7678399999882632,0.3920670655998777,0.3920670655998777,5.968441503446872,0.8226393664595897,0.0812548488969198,3.000000029998935,3.367474896505642,12.33591642995145,8.968441533445807,0.0216761634251416,28.1635205632504,30.637807463400115,0.3381886691845882,19.570198641275045,-1.436581107300896,0.0093307357186008,9.239227549539327,1000000.0,794922.590734519,31.292800312916885,0.2356845549905341,19.784096711876355,-2.368842477558746,0.0099992348568327,8.208440621840527,1000000.0,811916.9077551623,0.136,1.4523879598662206,False
goe427,failed,Infeasible_Problem_Detected,0.61,,,,,,,,,,,,,,,,,,,,,,,,,,,,,,,,,,
goe428,ok,,0.19,28.1635205632504,0.6743474405741833,4.634492639606556,1.7678399955534922,0.3814527571897433,0.3814527571897433,5.465757503864546,0.556750733651111,0.0791242262063979,3.000000029998935,2.9053683597726905,11.371125893636172,8.465757533863481,0.0200853958030488,28.1635205632504,30.610886619798286,0.3209772525148272,17.450193126129815,-2.154886259248121,0.0080062418336341,10.113584276914455,1000000.0,772722.3281811051,31.292800312916885,0.2286649349402462,18.449837385450884,-3.0262855372110247,0.0088184896783598,8.926100823421168,1000000.0,789936.1365594739,0.0789999999999999,1.3942,False
goe429,ok,,0.2,28.163520563250504,0.6871935110296301,4.547857649175665,1.7678399999999956,0.3887192907896822,0.3887192907896822,5.832626744149151,0.7054760591898821,0.0816605458769152,3.0000000299989367,3.491350388171688,12.323977162319776,8.832626774148087,0.0220333581673796,28.163520563250504,30.54837756891597,0.3427692493341734,18.964351725237428,2.9157208763379057,0.0079877965936472,10.00796987323388,1000000.0,785834.4029756107,31.29280031291698,0.2341144876844659,18.34348438975801,1.9832919547683985,0.0073817518262861,10.052851986771325,1000000.0,804984.1270902148,0.1138,1.4954,False
goe430,ok,,0.19,28.163520563250444,0.6212307301461991,5.030752849047774,1.767839999999723,0.3514066488745002,0.3514066488745002,5.909480017907523,0.6826067605364257,0.0703198868512322,3.000000029998936,3.60775134974058,12.517231397647038,8.909480047906458,0.0226417146232106,28.163520563250444,30.83884666631159,0.3778900116305598,18.11701664384569,-2.423200006656093,0.0074054420732588,10.831028450015085,1000000.0,717158.0810113896,31.292800312916928,0.2612262940634106,17.718837333330693,-3.4336017922625546,0.0075565352526576,10.572570948559822,1000000.0,727714.7833936238,0.1335871982697197,1.7174,False
goe431,ok,,0.19,28.1635205632504,0.5792776676427527,5.395095362013089,1.7678399978553418,0.3276753938962261,0.3276753938962261,5.641395645438074,0.5461416416747477,0.0790778013383628,3.000000029998935,3.2836491866653827,11.925044862102393,8.641395675437009,0.0213962542195381,28.1635205632504,30.645613931655408,0.3909695203262141,17.61281119435291,-4.5433153648196445,0.0080472070343514,10.81949889021795,1000000.0,664536.6697271432,31.292800312916885,0.2717155950063459,17.949954421367888,-5.591774194318564,0.0084360776248734,10.233344810388012,1000000.0,678570.6219741241,0.118,1.7175846153846157,False
goe432,ok,,0.2,28.163520563190342,0.6716931853522369,4.652806271900563,1.7678399999999308,0.3799513447779568,0.3799513447779568,5.5879074275116825,0.5440796736024334,0.0781748100610285,3.00000002999497,3.485238671819124,12.073146129325776,8.587907457506653,0.0220831650008667,28.163520563190342,30.646286766932025,0.3413501599727213,18.65570951153849,-1.2185634995513632,0.0077674477575145,10.266432861386532,1000000.0,770570.9661535785,31.29280031289152,0.23288090169227,18.488756851025887,-2.323791734417326,0.0074946055253682,10.023191763411116,1000000.0,786826.9181888162,0.077,1.514673244147157,False
goe433,ok,,0.19,28.16352056325072,0.668082072051162,4.677955593097408,1.7678399999999543,0.3779086750221622,0.3779086750221622,6.300736338661383,0.9190682891859792,0.0791311071057559,3.000000029998938,3.754420922533157,13.055157291193478,9.30073636866032,0.0230577392067268,28.16352056325072,30.72352971763576,0.3692465033253646,19.64805205824792,-2.1350774393977017,0.0084856120741763,9.823600889289954,1000000.0,768360.0296205251,31.29280031291721,0.2535741492250726,18.90735988565424,-3.101898808708316,0.0086778949349009,9.3643769925246,1000000.0,782596.8303876411,0.1740895138587335,1.6242,False
goe434,ok,,0.19,28.1635205632362,0.6558033514883461,4.76554177179365,1.7678399999999963,0.3709630687666008,0.3709630687666008,6.596283148007517,1.12020642385993,0.0761282721630451,3.000000029997871,4.026736380971107,13.623019558976496,9.596283178005388,0.02402680698518,28.1635205632362,30.77406782031273,0.3912336966091718,20.80384634146272,-2.3718296436034083,0.0091538607473606,9.535965303857363,1000000.0,755478.9647974792,31.2928003129122,0.2665304813575541,19.62696573062601,-3.400090113845065,0.0092974638727144,9.146782635180626,1000000.0,768213.4361973632,0.2272911477935476,1.6983,False
goe435,ok,,0.19,28.16352056325054,0.6534107090949774,4.782992109095022,1.767839999999847,0.369609641763414,0.369609641763414,6.765797986894581,1.240452726438541,0.0766386017038183,3.000000029998936,4.102031914067162,13.867829930960678,9.765798016893516,0.0241052914352004,28.16352056325054,30.54726092834151,0.4056804017890386,22.21178466549189,-1.8069969461025064,0.0114609975826689,8.583797812114385,1000000.0,747175.0492077189,31.29280031291703,0.2722318596423542,20.72055556704912,-2.9192032295060093,0.0115961397128206,7.971087116719837,1000000.0,765410.6752320372,0.260438669171041,1.7152,False
goe436,ok,,0.19,28.163520562920333,0.6261879118325422,4.990927174354408,1.76783999994832,0.3542107384440038,0.3542107384440038,5.579455721874246,0.6410688286468827,0.0699370267771962,3.0000000299791694,2.883014809898741,11.462470561752156,8.579455751853416,0.0199815654918087,28.163520562920333,30.56835556614213,0.3494103127498771,16.788311670733496,-0.4752165662074432,0.008144351267157,10.401606041215697,1000000.0,716540.2553174563,31.29280031275632,0.2495585878373204,16.925139231979184,-1.458314233447518,0.0081715575927623,9.914970399447684,1000000.0,733521.6667832817,0.11,1.5142,False
goe437,failed,Maximum_Iterations_Exceeded,1.36,,,,,,,,,,,,,,,,,,,,,,,,,,,,,,,,,,
goe438,ok,,0.19,28.16352056325045,0.6354659768842064,4.918057581790228,1.7678399999957872,0.3594589877396827,0.3594589877396827,5.619811175723958,0.6554419823376344,0.0720483252144798,3.000000029998936,3.086487621007019,11.706298826729912,8.619811205722893,0.020665169827729,28.16352056325045,30.55728346361176,0.3518877391826301,17.25763523944542,-0.4887598537126895,0.0083724093527128,10.18360435896368,1000000.0,726893.6656676875,31.29280031291693,0.2470716473800425,17.366607712508323,-1.4945613541176297,0.0086734939793184,9.456602665213463,1000000.0,744390.0684283731,0.1098948296924181,1.5286,False
goe439,ok,,0.2,28.1635205632504,0.6932927562784901,4.507847855954484,1.7678399998129826,0.392169402407363,0.392169402407363,5.583459259753728,0.5788710487940356,0.0816415757987762,3.000000029998935,3.3009677836027893,11.884427073355454,8.583459289752664,0.0214491239886494,28.1635205632504,30.63689922064524,0.3257453983185301,18.19169751547548,-2.084418812954205,0.0074856579258918,10.301316119341696,1000000.0,795106.5090976802,31.292800312916885,0.2255086210161341,18.615538791896167,-3.007578788501456,0.007856931883996,9.517656653142948,1000000.0,812128.8331923471,0.0789999999999999,1.4279220735785954,False
goe440,failed,airfoil 'goe440' not found in the aerosandbox UIUC database,0.0,,,,,,,,,,,,,,,,,,,,,,,,,,,,,,,,,,
goe441,ok,,0.2,28.16352056325044,0.5383829138545514,5.804898679301928,1.7678399999980228,0.3045427832016209,0.3045427832016209,5.856417309977231,0.6136143036927841,0.0551132830028506,3.000000029998935,4.093816534878951,12.950233874855115,8.856417339976165,0.0241257975274053,28.16352056325044,30.60865413713802,0.4579353740666674,19.88970665485706,-4.314060171538025,0.0108654253493207,9.684701575121096,1000000.0,616878.0835801617,31.29280031291692,0.2996292900280386,19.450488579967526,-5.645336240674071,0.011707451923763,8.72162444139902,1000000.0,630666.1704366537,0.1597495413868678,2.057534113712374,False
goe442,ok,,0.19,28.163520563072552,0.6850494490013223,4.562091495957902,1.7678399999998808,0.3875064762655944,0.3875064762655944,5.660300169703451,0.5591861502889128,0.0826116506734649,3.000000029986216,3.6828281405193617,12.343128340209027,8.660300199689667,0.0227492278378344,28.163520563072552,30.6371861308864,0.3423827620248189,18.728975844341985,-1.2551240950343394,0.0074217533994147,10.36911782994548,1000000.0,785659.9854591311,31.29280031285195,0.2302652941684717,18.32709865693404,-2.3802874119578994,0.0072255109964881,10.15631297516291,1000000.0,802472.5552058864,0.0770205223270016,1.5279267558528429,False
goe443,failed,Infeasible_Problem_Detected,0.33,,,,,,,,,,,,,,,,,,,,,,,,,,,,,,,,,,
goe444,failed,too few converged polar points,0.01,,,,,,,,,,,,,,,,,,,,,,,,,,,,,,,,,,
goe445,failed,too few converged polar points,0.01,,,,,,,,,,,,,,,,,,,,,,,,,,,,,,,,,,
goe446,ok,,0.19,28.1635205632504,0.6451116456976597,4.844523091681444,1.7678399996308858,0.3649151766179943,0.3649151766179943,5.993132203977714,0.7787479494919766,0.0752586888282611,3.000000029998935,3.6148091890849945,12.607941423061645,8.993132233976649,0.0224307735336102,28.1635205632504,30.518939415527026,0.3742628703942421,19.74020562607292,-3.214238498696933,0.0095372307399833,9.468617849119877,1000000.0,737001.136060546,31.292800312916885,0.2539180402373634,19.99700263983848,-4.276031552413553,0.0104750664965978,8.362436370667714,1000000.0,755689.0843133936,0.1287231760796115,1.6425,False
goe447,ok,,0.19,28.16352056325042,0.5813727944396947,5.375652757545175,1.767839999997593,0.328860527219933,0.328860527219933,5.7257206133342455,0.6623653071829227,0.054848197845746,3.000000029998935,3.370266098815528,12.095986742148709,8.72572064333318,0.0216459878045838,28.16352056325042,30.58175063676824,0.3967968625812434,18.926746981154995,-4.240375221563211,0.010712336844722,9.41561266324935,1000000.0,665550.3036010936,31.292800312916903,0.2733783136228208,20.27692529431367,-5.357268836586844,0.0131329584788438,7.572803360052269,1000000.0,681024.8699023187,0.1266443909160975,1.719712040133779,False
goe448,failed,Maximum_Iterations_Exceeded,1.48,,,,,,,,,,,,,,,,,,,,,,,,,,,,,,,,,,
goe449,ok,,0.21,28.1635205632504,0.6861997816712562,4.554443687347544,1.7678399995169007,0.3881571759088914,0.3881571759088914,6.478175177286404,1.0605710505828505,0.0892497878270124,3.000000029998935,3.540281337838796,13.018456545124137,9.47817520728534,0.0225325539372593,28.1635205632504,31.00676775659567,0.351967243654244,19.04518284806328,-2.2776327302218773,0.0083954289143944,9.768474238876944,1000000.0,796472.7289036496,31.292800312916885,0.2515889814996283,18.130988754663147,-3.3103347701910373,0.0087209905938998,9.224936734642364,1000000.0,803820.0645716824,0.1695,1.5256,False
goe450,ok,,0.19,28.163520563250074,0.5882315441253789,5.312972921652081,1.7678399999999237,0.3327402616330688,0.3327402616330688,5.563740802333074,0.5172715964442124,0.0641849320232956,3.0000000299986205,3.113021155759676,11.676761988091371,8.563740832331694,0.0206974914421144,28.163520563250074,30.47223579283617,0.3813043812055843,18.625008693951365,-1.9408664968792952,0.0093562081577373,10.015963985579363,1000000.0,670990.6498744537,31.2928003129198,0.2651750539725998,16.65893411590788,-2.9420394007599,0.0055701932383565,12.933907604028676,1000000.0,689059.2656576211,0.0890082301368749,1.6420903010033443,False
goe456,failed,too few converged polar points,0.01,,,,,,,,,,,,,,,,,,,,,,,,,,,,,,,,,,
goe457,ok,,0.2,28.16352056325046,0.6904708497064541,4.526271119087813,1.767839999999532,0.3905731569070939,0.3905731569070939,5.624747875318856,0.5740516945478689,0.0833260107473983,3.000000029998936,3.4714580360067724,12.096205941324564,8.624747905317792,0.0219814491920452,28.16352056325046,30.57008802507976,0.3343618837450969,18.471884862395065,-1.4267930768225223,0.0076094970086407,10.22810257328863,1000000.0,790143.3251858349,31.292800312916945,0.2275194461680727,18.756929471073573,-2.550905358457781,0.0080277491866529,9.42295641389826,1000000.0,808823.228553985,0.0783292461941539,1.4704287625418062,False
goe458,failed,Maximum_Iterations_Exceeded,1.42,,,,,,,,,,,,,,,,,,,,,,,,,,,,,,,,,,
goe459,ok,,0.2,28.16352056325057,0.8057612469856933,3.878640574104805,1.767839999999998,0.455788559476929,0.455788559476929,6.311596905081304,1.0824268488564766,0.0939300904262936,3.000000029998938,3.3885627584983813,12.700159693578623,9.311596935080242,0.0217907376431834,28.16352056325057,30.69808426110511,0.2983228888404764,19.12448416649497,3.1686685381726902,0.0067573009872072,10.02931979150202,1000000.0,925937.1056892652,31.29280031291705,0.2104918343347843,18.07978783936072,2.312630798434824,0.006054289127268,10.426117725048156,1000000.0,943875.3475364738,0.127,1.2628,False
goe460,failed,Infeasible_Problem_Detected,0.26,,,,,,,,,,,,,,,,,,,,,,,,,,,,,,,,,,
goe462,failed,Maximum_Iterations_Exceeded,1.38,,,,,,,,,,,,,,,,,,,,,,,,,,,,,,,,,,
goe464,failed,Infeasible_Problem_Detected,0.29,,,,,,,,,,,,,,,,,,,,,,,,,,,,,,,,,,
goe474,ok,,0.2,28.1635205632504,0.7211049409314687,4.333985361569475,1.7678399978935897,0.4079017002617189,0.4079017002617189,5.573650128721236,0.6117787983573697,0.0853664600593503,3.000000029998935,3.0895508680583927,11.663201026778562,8.57365015872017,0.0207336782302441,28.1635205632504,30.64316354293495,0.307226313342467,17.517087933148435,-0.1944029543686605,0.0063666503213772,10.918365988489905,1000000.0,827172.1600530134,31.292800312916885,0.2165632433583373,18.0394027301387,-1.0506793031848944,0.006449976034343,10.536049087302269,1000000.0,844708.255812934,0.0695,1.3313759197324415,False
goe476,ok,,0.19,28.163520563250685,0.6972189962225652,4.482462873978138,1.7678399999999863,0.39439032730483,0.39439032730483,6.182124822409392,0.9386653484993768,0.0819214191245543,3.0000000299989376,3.598439510495318,12.780564362903649,9.182124852408329,0.022501760163451,28.163520563250685,30.69147489012074,0.3470976075261861,19.97174560603996,-1.3792310064026545,0.0088452776958501,9.457083195814745,1000000.0,801033.7388248752,31.29280031291717,0.2398785653436585,19.66906792653753,-2.4100064830283663,0.0091854415660132,8.738344950090122,1000000.0,816728.0628479974,0.1443935964335876,1.4984,False
goe477,failed,airfoil 'goe477' not found in the aerosandbox UIUC database,0.0,,,,,,,,,,,,,,,,,,,,,,,,,,,,,,,,,,
goe478,ok,,0.19,28.163520563250472,0.617034140712536,5.064968142526409,1.76783999998873,0.3490327974909888,0.3490327974909888,5.694605021833784,0.7330360197875307,0.0693179789066823,3.000000029998936,2.909001607335909,11.603606659168628,8.694605051832719,0.0203651168639864,28.163520563250472,31.01810813823808,0.3486257894187172,17.572635104989185,-1.2524787234098698,0.0079876934064101,10.58069947583946,1000000.0,716454.0438334487,31.29280031291696,0.2566599616940265,18.22714605792905,-2.132107408547297,0.0085200664786071,9.781283325775082,1000000.0,722798.8640423729,0.1333364775944105,1.5464,False
goe479,ok,,0.2,28.1635205632504,0.6930825418753579,4.509215103213789,1.7678399999994816,0.3920504920555939,0.3920504920555939,5.912599772941186,0.7755008611058097,0.0814848910879369,3.000000029998935,3.444743604379741,12.357343407319862,8.912599802940122,0.021940611770909,28.1635205632504,30.63977671428648,0.3387468629522821,18.56334131090465,-0.9098660469512408,0.0073597639826628,10.35285555525064,1000000.0,794940.0792343023,31.292800312916885,0.2342269735437269,18.74235368802725,-1.906363186291918,0.0078067053399929,9.670971207304916,1000000.0,811882.5862270205,0.116,1.4678,False
goe480,failed,airfoil 'goe480' not found in the aerosandbox UIUC database,0.0,,,,,,,,,,,,,,,,,,,,,,,,,,,,,,,,,,
goe481,failed,airfoil 'goe481' not found in the aerosandbox UIUC database,0.0,,,,,,,,,,,,,,,,,,,,,,,,,,,,,,,,,,
goe481a,failed,Infeasible_Problem_Detected,0.38,,,,,,,,,,,,,,,,,,,,,,,,,,,,,,,,,,
goe482,ok,,0.2,28.163520563250508,0.4657605794708495,6.710010257094433,1.7678399999999002,0.2634630845952551,0.2634630845952551,5.437646150515833,0.5030604348138096,0.0417464234872577,3.000000029998932,2.648196182374264,11.085842362889029,8.437646180514765,0.0191301396558897,28.163520563250508,30.482520512627,0.4568888281295997,17.83638148291368,-4.803590034100963,0.0126387944095574,9.66279383937327,1000000.0,531468.3925944574,31.292800312917045,0.3299712043262661,19.590322350264195,-5.940120253059135,0.0143577469776361,8.209565985172565,1000000.0,545595.7710319958,0.1651673042303458,1.91926220735786,False
goe483,failed,Infeasible_Problem_Detected,0.25,,,,,,,,,,,,,,,,,,,,,,,,,,,,,,,,,,
goe484,ok,,0.19,28.16352056325388,0.5626196592064943,5.5548330287777805,1.7678399999999812,0.3182525902833402,0.3182525902833402,5.198993378664223,0.3868936110053191,0.0570316393848709,3.0000000299989464,2.700608813704301,10.89960222236747,8.19899340866317,0.0193888202528225,28.16352056325388,30.610657047299604,0.3687709991498819,16.810862742550654,-2.238777450992182,0.0098335897016722,9.970966942371334,1000000.0,644690.6819917996,31.292800312920622,0.2654379986813807,19.79215373060789,-3.2061356393660727,0.0136563548145915,7.315408286746473,1000000.0,659057.2931511025,0.0625,1.6361,False
goe488,ok,,0.19,28.1635205632504,0.7212254151194811,4.333261418510707,1.7678399999396486,0.4079698474658921,0.4079698474658921,5.482873344025951,0.6062605888619246,0.0861720970849149,3.000000029998935,2.798927571151114,11.281800945175998,8.482873374024885,0.019638324548022,28.1635205632504,30.47889766672484,0.3003414110311401,16.944516331814885,-0.4212502311594564,0.0067949308057573,10.607227649777345,1000000.0,822875.4703211084,31.292800312916885,0.2142345058818461,17.88140279275076,-1.2433401985200778,0.0072029968396356,9.783264523750336,1000000.0,844849.379289347,0.0680261419989273,1.267175585284281,False
goe490,failed,too few converged polar points,0.01,,,,,,,,,,,,,,,,,,,,,,,,,,,,,,,,,,
goe491,ok,,0.19,28.16352056325055,0.7509352311628452,4.161821334125424,1.767839999999982,0.4247755629258603,0.4247755629258603,5.3891998629959845,0.5242432262708181,0.08396284040739,3.00000002999894,2.7968348863541563,11.18603477934908,8.389199892994924,0.0196413985058619,28.16352056325055,30.49467323177952,0.2857143378169452,17.869011854391083,0.2939090412881028,0.0070736167513504,10.196158685927054,1000000.0,857216.0669889026,31.292800312917,0.2034864628418323,18.64526087726463,-0.4967678213036513,0.0068519746535392,9.81056703462926,1000000.0,879651.7019684903,0.0485,1.2261685618729097,False
goe492,failed,Infeasible_Problem_Detected,0.25,,,,,,,,,,,,,,,,,,,,,,,,,,,,,,,,,,
goe493,ok,,0.2,28.1635205632504,0.7533815384758432,4.148307472377008,1.7678400000028924,0.4261593461368735,0.4261593461368735,6.365500484361394,1.0779379588299962,0.0889544877352911,3.000000029998935,3.5991289227405017,12.964629437100829,9.365500514360328,0.0224659305269769,28.1635205632504,30.63940350170881,0.3269571507887262,18.998878596341225,-0.8686969261038512,0.0063633326995729,10.562317767835491,1000000.0,864090.2761109165,31.292800312916885,0.2264297456378327,18.559682990180672,-1.8438835333774453,0.006422874789432,10.488584030865283,1000000.0,882517.3264604865,0.1496183931302307,1.3877,False
goe494,failed,too few converged polar points,0.01,,,,,,,,,,,,,,,,,,,,,,,,,,,,,,,,,,
goe495,ok,,0.2,28.163520563250405,0.6565080986578522,4.760426066316617,1.7678399999996608,0.3713617174959149,0.3713617174959149,5.509931313783056,0.4836862855425224,0.0763506605863051,3.000000029998935,3.3732036270167045,11.883134970798697,8.509931343781991,0.0213169130061475,28.163520563250405,30.10294780775393,0.3562699630055738,17.256309460595002,-2.3750656051832086,0.0069899168948491,10.848591752599916,1000000.0,739797.6573077483,31.29280031291689,0.2361040456075595,17.912363317912064,-3.459283615404567,0.0076845136257644,9.982313637447476,1000000.0,769038.9828245331,0.069,1.5457976588628763,False
goe496,ok,,0.19,28.1635205632504,0.6308623102089003,4.95394669905392,1.7678399981946646,0.3568548685702003,0.3568548685702003,5.659317802384958,0.572012439468403,0.0694339000221708,3.000000029998935,3.421422247055176,12.08074007943907,8.659317832383893,0.0217446482578316,28.1635205632504,30.476400067909022,0.3677375213431762,17.537616369795348,-2.343892246757623,0.0071302550825885,10.954474918531966,1000000.0,719717.5395888108,31.292800312916885,0.2500152836322052,17.8274850751816,-3.4073226837275308,0.0075965628811943,10.366182899152742,1000000.0,738997.2961987611,0.0995,1.6197,False
goe497,ok,,0.19,28.1635205632504,0.6382913919123521,4.896287659788307,1.767839999991388,0.3610572177999488,0.3610572177999488,5.907088977432986,0.6913054587436835,0.0729399542088322,3.000000029998935,3.476825060030864,12.383914067462785,8.907089007431921,0.0222273246915719,28.1635205632504,30.886417255900724,0.3627523142055474,17.800527798226522,-2.630512025417754,0.0071337739286865,10.900684232565354,1000000.0,737989.8009545262,31.292800312916885,0.2541758385322312,17.57284342664515,-3.6034314460915833,0.0074233904145804,10.511748835344086,1000000.0,747699.7828172285,0.127,1.6633648829431438,False
goe498,ok,,0.19,28.1635205632504,0.6609195101334948,4.728651851972643,1.7678399999993215,0.3738570855585055,0.3738570855585055,6.152696207044394,0.8685578310171592,0.0773782488332165,3.000000029998935,3.754890550887828,12.907586787931155,9.15269623704333,0.0230168803012774,28.1635205632504,30.6669545910398,0.3703919134982506,19.15663527459992,-2.776000731953062,0.0079519437819702,10.168323042968984,1000000.0,758722.6699994154,31.292800312916885,0.2522423112565911,18.713968400439207,-3.868774115890529,0.0083502497749937,9.620852824768107,1000000.0,774206.5464860959,0.159181418348982,1.6121160535117058,False
goe499,failed,Maximum_Iterations_Exceeded,1.41,,,,,,,,,,,,,,,,,,,,,,,,,,,,,,,,,,
goe500,ok,,0.19,28.16352056277132,0.6320995147756554,4.94425037916568,1.7678399999999932,0.3575547078783475,0.3575547078783475,5.71293697148116,0.5764558436401974,0.0725407985720893,3.0000000299713108,3.709644061237391,12.42258106268986,8.71293700145247,0.0228323171914363,28.16352056277132,30.626192973807868,0.3737202846900646,18.25054564953857,-3.1769670377514103,0.0070418961419425,10.970669612088232,1000000.0,724673.3824482675,31.29280031267272,0.2510710144012652,18.54853169434809,-4.273489945791261,0.0077778109860584,10.216920983600724,1000000.0,740446.5670368045,0.1,1.6738,False
goe501,ok,,0.19,28.1635205632504,0.6282781819969285,4.974322449893884,1.7678399999677112,0.3553931249481875,0.3553931249481875,5.9015184101884,0.6795563358028903,0.0720988899484365,3.000000029998935,3.9663989578195658,12.8679173980069,8.901518440187335,0.0237067602225101,28.1635205632504,30.627134962507327,0.3894483420196122,19.35025391969084,-3.42485757229823,0.0082662053959156,10.221717345103825,1000000.0,720314.5524806676,31.292800312916885,0.2580652794627038,19.01464046006598,-4.582898943665444,0.0087812895029637,9.546355278454962,1000000.0,735970.2264302265,0.128,1.7373,False
goe502,ok,,0.19,28.163520563252085,0.6953494283979281,4.494514754687472,1.767839999999431,0.3933327837350393,0.3933327837350393,6.387998133545419,0.9465243701443516,0.082172555779959,3.00000002999895,4.48541451230565,13.87341267585002,9.387998163544369,0.0254931062617402,28.163520563252085,30.65133601605764,0.3787805781783934,20.986381654025976,-3.1262517713738824,0.0088947532386292,9.38276318318056,1000000.0,797840.9979745895,31.2928003129186,0.2459163217326574,19.652604949071826,-4.360171517611099,0.0095980026857672,8.564439447214378,1000000.0,814538.035731916,0.1589803736120984,1.6833,False
goe503,ok,,0.2,28.163520563250405,0.7098362550995001,4.402787605077732,1.7678399999962875,0.4015274318382833,0.4015274318382833,6.371209495872667,1.054006258963696,0.0829626490675762,3.000000029998935,3.726560589716012,13.097770115587617,9.371209525871604,0.0228825020824111,28.163520563250405,30.61631796465212,0.3511070784433854,20.39847503526216,-2.3965300392585167,0.0089359887345818,9.318715745064912,1000000.0,813532.6268738708,31.29280031291689,0.2404666931816593,19.77014661369954,-3.669546825842601,0.0091845680867586,8.693906520528436,1000000.0,831508.0236035832,0.1559436863275222,1.5000882943143812,False
goe504,ok,,0.19,28.1635205632504,0.8222741565265314,3.80074970245724,1.7678399972159504,0.4651292864860362,0.4651292864860362,6.949662233047801,1.4378349548423304,0.0934568990054334,3.000000029998935,3.9978316634762985,13.947493926523034,9.949662263046736,0.0237998632614563,28.1635205632504,30.609305672902355,0.3229080715428726,21.52038852548094,-1.972089354408056,0.008569844822022,8.835842918065763,1000000.0,942180.1672602776,31.292800312916885,0.2203987656371306,20.69895735704679,-3.150419911732207,0.0095500667070745,7.832080628702402,1000000.0,963218.7070145616,0.1796305025965445,1.34951872909699,False
goe505,failed,Infeasible_Problem_Detected,0.64,,,,,,,,,,,,,,,,,,,,,,,,,,,,,,,,,,
goe506,ok,,0.22,24.425966863471896,0.7291124287572687,4.286387314679064,1.7678399999999996,0.4124312317615105,0.4124312317615105,6.294214896005298,1.134450427459185,0.0815685188067348,3.000000029998942,3.294214236592217,12.588429162596457,9.29421492600424,0.0214258216496799,24.425966863471896,30.63645225276932,0.3281001380308836,21.87660341898855,-0.708309521696525,0.0089352081646438,9.207201725706971,1000000.0,836174.2928603239,27.13996291024538,0.3086782489783582,18.747271458201386,-1.554654648073988,0.0082152117952134,9.599920469207811,1000000.0,740743.0569144472,0.164636235914528,1.3686765886287626,False
goe507,failed,airfoil 'goe507' not found in the aerosandbox UIUC database,0.0,,,,,,,,,,,,,,,,,,,,,,,,,,,,,,,,,,
goe508,ok,,0.2,28.1635205632504,0.6749959402664,4.630040092048447,1.7678399999443872,0.381819587908201,0.381819587908201,6.292039505669286,0.9833363784728864,0.0801610336639387,3.000000029998935,3.739929981028238,13.03196951669646,9.29203953566822,0.0228837608045547,28.1635205632504,30.55726793958282,0.3687959710462595,20.244963439503408,-1.7464115631749189,0.0089469436046591,9.5362861322478,1000000.0,772110.6116267616,31.292800312916885,0.2507421517531631,19.9365150051045,-2.891068783701108,0.0093906419409631,8.833144985235885,1000000.0,790695.7924671794,0.165,1.582,False
goe509,ok,,0.19,28.163520563250405,0.6508803719488495,4.801586282323438,1.7678399999386745,0.3681783260766971,0.3681783260766971,5.751858884276093,0.7223295697948102,0.074969376946128,3.000000029998935,3.1534279712634485,11.905286885538477,8.751858914275028,0.0209251273846598,28.163520563250405,30.605078408864625,0.348303641523359,18.370676062115603,-0.7826453831664736,0.0087963018533236,9.821211083506247,1000000.0,745690.3274450296,31.29280031291689,0.2449156815228116,18.20032957812193,-2.025719332427326,0.008539897369884,9.450215490324757,1000000.0,762446.6175277669,0.1105419380015685,1.5025,False
goe510,failed,Infeasible_Problem_Detected,0.29,,,,,,,,,,,,,,,,,,,,,,,,,,,,,,,,,,
goe511,failed,Infeasible_Problem_Detected,0.26,,,,,,,,,,,,,,,,,,,,,,,,,,,,,,,,,,
goe512,ok,,0.2,28.1635205632504,0.6779720121025055,4.609715750534976,1.767839999154564,0.3835030389779237,0.3835030389779237,6.140904927736063,0.91098995174676,0.0792320156459535,3.000000029998935,3.630939399286152,12.77184435702115,9.140904957734998,0.0225748191825056,28.1635205632504,30.64020940158942,0.3579024829961904,19.6348242081322,-0.6509071019117254,0.0086271248965017,9.696587640523363,1000000.0,777619.8412037253,31.292800312916885,0.2455810701123784,19.271260273481623,-2.246545625515879,0.0088941247403673,9.081214749776963,1000000.0,794181.987832238,0.1390844554230819,1.5462785953177258,False
goe513,ok,,0.19,28.163520563159096,0.6714038590923227,4.654811293197181,1.767839999999749,0.3797876838924439,0.3797876838924439,6.359224394948404,1.0364301430982246,0.0783958455794699,3.0000000299925325,3.828914058444752,13.18813848338569,9.359224424940937,0.0231247785948881,28.163520563159096,30.476735343088777,0.3771977523526341,20.89051954114685,0.8405680110997383,0.010103221828261,9.017970973122871,1000000.0,765977.6804020033,31.292800312882218,0.2539063068102108,19.780231211848584,-0.6701523331099637,0.0098585576690109,8.60294677278015,1000000.0,786487.9990297321,0.1661611730181153,1.6139,False
goe514,failed,Infeasible_Problem_Detected,0.46,,,,,,,,,,,,,,,,,,,,,,,,,,,,,,,,,,
goe515,ok,,0.19,28.16352056325041,0.6846260215683105,4.564913057807194,1.7678399999920158,0.3872669594371677,0.3872669594371677,5.537534889098615,0.6320340636304999,0.0806465417051148,3.000000029998936,2.819855165188528,11.357390084286076,8.537534919097551,0.0197864296496169,28.16352056325041,30.59833292653196,0.3160355419955118,15.958204032174928,0.2595305312608614,0.0060315413994768,11.47562127874748,1000000.0,784178.6351865664,31.292800312916896,0.2271415323531042,16.78492818978964,-0.6221857636345115,0.0066487421817725,10.667872646885034,1000000.0,801976.5488358003,0.0845,1.333770568561873,False
goe517,failed,airfoil 'goe517' not found in the aerosandbox UIUC database,0.0,,,,,,,,,,,,,,,,,,,,,,,,,,,,,,,,,,
goe518,ok,,0.2,28.1635205632504,0.6050545023036088,5.165250821474612,1.767839999847449,0.3422563706872909,0.3422563706872909,6.127730100703669,0.9122568402382528,0.0648944651440717,3.000000029998935,3.628400371136349,12.756130501838951,9.127730130702604,0.0225793518660326,28.1635205632504,30.65810067229621,0.4000739578482518,20.93948779705681,-0.8705210280911159,0.0123014602955991,8.599630819480534,1000000.0,694390.1970925615,31.292800312916885,0.2747804020169062,20.424880047699347,-2.7826954951575087,0.0126471074975338,7.711154066252057,1000000.0,708765.817202108,0.1799083868266887,1.727,False
goe522,ok,,0.2,28.1635205632504,0.7029817997518718,4.445717181729455,1.7678399999999976,0.3976501265679432,0.3976501265679432,6.764798312396818,1.2667521010631588,0.082119696573681,3.000000029998935,4.003460376020003,13.768258718415757,9.764798342395752,0.0238412667033894,28.1635205632504,30.637911531005123,0.3721542125297718,21.37500707016992,-1.022320309575892,0.009573681451751,9.036419244356315,1000000.0,806245.0796162818,31.292800312916885,0.2530094007130064,20.136808526919776,-2.4248507980677854,0.0098608722194828,8.45989108393789,1000000.0,823478.6582685972,0.2181820860674914,1.5789,False
goe523,failed,Maximum_Iterations_Exceeded,1.42,,,,,,,,,,,,,,,,,,,,,,,,,,,,,,,,,,
goe525,failed,Maximum_Iterations_Exceeded,1.42,,,,,,,,,,,,,,,,,,,,,,,,,,,,,,,,,,
goe526,ok,,0.19,28.16352056325044,0.6398193665204093,4.88459466704755,1.7678399999941548,0.3619215350498488,0.3619215350498488,5.753799004997743,0.7359500449932477,0.0725771590159292,3.000000029998936,3.15851394544528,11.912312980441955,8.753799034996678,0.0209604601189988,28.16352056325044,30.631438334502164,0.3539241939479615,16.92973838691589,-0.6269625749424496,0.0075995933041966,10.61596406059113,1000000.0,733649.4727554636,31.29280031291692,0.249204942177714,16.796439373084365,-1.6104621243427837,0.0078425975103678,10.0980327684642,1000000.0,749489.6648308703,0.122907785636505,1.54,False
goe527,ok,,0.2,28.16352056325392,0.6139155871728628,5.090697045162031,1.767839999999945,0.3472687500977927,0.3472687500977927,5.96578847108538,0.8236236960041542,0.0673915306233962,3.0000000299989567,3.358201983819759,12.323990484904094,8.965788501084337,0.0217057176918863,28.16352056325392,30.72432407816016,0.3793013053568579,18.56688014588196,-1.967677852224952,0.0091886712529105,9.885853174081095,1000000.0,706081.5048787106,31.29280031292057,0.2660095876598439,18.24049046094887,-3.032280947699702,0.0093397718284745,9.329793922384638,1000000.0,719145.764789077,0.1652385197593453,1.6534,False
goe528,ok,,0.19,28.163520563250408,0.5990250403410949,5.217241442480782,1.767839999986221,0.3388457328410737,0.3388457328410737,5.774940389963239,0.6380853198485064,0.0787408969368418,3.000000029998935,3.191691292807028,11.9666317127692,8.774940419962174,0.0210774488290659,28.163520563250408,30.63735408819225,0.3796039774651108,17.992639841039875,-2.473361812579725,0.0095428448722617,9.82851900824732,1000000.0,687005.274192639,31.292800312916896,0.2668189431355566,18.513485876075453,-3.5735344518948944,0.0107053383639149,8.589617824454617,1000000.0,701702.8558453913,0.124444209898976,1.6536,False
goe529,ok,,0.19,28.1635205632504,0.6590935708067556,4.741752002649652,1.767839998219987,0.3728242213494363,0.3728242213494363,5.61612542085032,0.6249035396648455,0.0773704209731277,3.000000029998935,3.065866483370012,11.681991934219267,8.616125450849255,0.0206981492204423,28.1635205632504,30.710096005808847,0.335207553921904,18.50668887894743,-2.1921721056473404,0.0093724498748595,9.440625946933498,1000000.0,757690.9291861636,31.292800312916885,0.2381126118534583,19.417644377834097,-3.086290045040691,0.010498973629996,8.083707380222194,1000000.0,772067.626927843,0.0969764297138713,1.4698063545150502,False
goe530,ok,,0.2,28.1635205632504,0.6750704630678346,4.629528970047359,1.7678399999988192,0.3818617426171404,0.3818617426171404,6.042848028729607,0.8330766788340198,0.0790688895624047,3.000000029998935,3.486051942418737,12.52890000114728,9.04284805872854,0.0220662674020055,28.1635205632504,30.618997112973023,0.3530922869704807,19.503114113406344,-0.8580301815438869,0.0090218338305815,9.519136399078947,1000000.0,773755.7802097194,31.292800312916885,0.2439908767896355,19.31458700237044,-1.9392772222750672,0.0093133074995697,8.801165831619702,1000000.0,790783.0890649619,0.1289369901086993,1.5337,False
goe531,failed,Infeasible_Problem_Detected,0.32,,,,,,,,,,,,,,,,,,,,,,,,,,,,,,,,,,
goe532,ok,,0.19,28.1635205632504,0.6346600707375744,4.924302645931306,1.7678399999999963,0.3590031172151188,0.3590031172151188,5.805619539120364,0.662119601254182,0.0729064236733401,3.000000029998935,3.603099617767996,12.408719186887293,8.805619569119298,0.0224775812028344,28.1635205632504,30.636858690134154,0.3715383359858316,19.28534836451468,-1.5574672374374798,0.0093506472003686,9.642766500022514,1000000.0,727862.336803472,31.292800312916885,0.2527180158329523,19.330262466041585,-2.642261705106586,0.0099945180256278,8.66565527932353,1000000.0,743446.0233424266,0.125,1.636338127090301,False
goe533,ok,,0.19,28.16352056325042,0.6353289610651237,4.919118216112981,1.7678399999998826,0.3593814830896268,0.3593814830896268,5.873501386342846,0.7087116729597871,0.0728591369780159,3.000000029998935,3.6206642539132186,12.494165670255,8.873501416341782,0.0224907499175465,28.16352056325042,30.5734803303319,0.3752538585024411,18.942748762075627,-1.6231817523425798,0.0088750428392693,9.875374211155163,1000000.0,727122.1430961691,31.292800312916903,0.2543980806849985,18.90137598634461,-2.700825265079314,0.009523669631239,8.97231895133404,1000000.0,744229.5669699963,0.1369999999999999,1.6385,False
goe534,ok,,0.2,28.1635205632504,0.6053407643706594,5.162808205803094,1.767839999999988,0.3424182982456916,0.3424182982456916,5.863221595145049,0.6224237622252072,0.0683371088984555,3.000000029998935,4.01962946735189,12.882851092495873,8.863221625143984,0.0238962145101518,28.1635205632504,30.63778945491803,0.4043929068855547,19.57661588535204,-1.3220932031586252,0.0091165066577857,9.9509258468915,1000000.0,694258.469139225,31.292800312916885,0.2666914842926793,18.882961602920897,-2.554165463373037,0.0093173795170593,9.397331330618496,1000000.0,709101.1468791772,0.1409960448262698,1.8224,False
goe535,ok,,0.19,28.163520562902303,0.5769157607018577,5.417183024749669,1.767839999995657,0.3263393523753704,0.3263393523753704,5.863470776765444,0.662554604787474,0.0631735381547452,3.00000002997961,3.813969376481162,12.677440183226215,8.863470806745054,0.0231930979525685,28.163520562902303,30.63381549309554,0.4176603997565211,18.87752205052337,-2.267466105534421,0.0094006507377012,10.044973296603828,1000000.0,661572.3319967829,31.29280031273169,0.279839409272799,18.188896774225988,-3.548298815272282,0.0095641017718101,9.53338015391559,1000000.0,675803.863944719,0.1605,1.8681,False
goe546,ok,,0.19,28.1635205632504,0.6709771460921505,4.657771555704051,1.767839999998727,0.3795463085418553,0.3795463085418553,5.795637352235505,0.6719379889332385,0.0784679784864927,3.000000029998935,3.549994186596383,12.345631568830822,8.795637382234439,0.0222991028026734,28.1635205632504,30.64001563781239,0.3495698247000803,17.49697838943344,-0.9411422725466028,0.0058974262808349,11.516931643790242,1000000.0,769592.0077424666,31.292800312916885,0.2387685096410676,18.214564516084675,-2.0345398455099786,0.0070575952705198,10.484668663353236,1000000.0,785988.143915361,0.104,1.5362,False
goe547,ok,,0.19,28.16352056325097,0.7093560971262187,4.405767819944296,1.7678399999999928,0.4012558246935365,0.4012558246935365,5.821717279925562,0.7608828935638016,0.0837313182570842,3.0000000299989447,3.2295087688653417,12.051226078789847,8.821717309924507,0.0211934773571851,28.16352056325097,30.618994590623323,0.323214915159514,18.134682189716656,-1.668145977303254,0.0070650550588887,10.45913314488771,1000000.0,813053.3998906424,31.29280031291741,0.2265198634300804,18.60324645129993,-2.597789030125629,0.0075102610650382,9.739165954734505,1000000.0,830945.5626053759,0.1050474331585998,1.3888,False
goe548,failed,Infeasible_Problem_Detected,0.32,,,,,,,,,,,,,,,,,,,,,,,,,,,,,,,,,,
goe549,ok,,0.19,28.16352056202017,0.6963979130488268,4.48774789102068,1.76783999999889,0.3939258717130872,0.3939258717130872,6.049998305667243,0.8527097566139441,0.083631040786707,3.0000000299293896,3.4568971405965847,12.506895476193218,9.049998335596634,0.0220001298232976,28.16352056202017,30.66506453184688,0.3406517398015057,19.79234249648293,-1.3864671197157996,0.0090516155164175,9.36012426312832,1000000.0,799401.9109817916,31.2928003122754,0.2367055815056253,19.8700456611678,-2.346194458887611,0.0095900846825661,8.450300017929527,1000000.0,815766.2392533023,0.1384999999999999,1.472,False
goe54,failed,too few converged polar points,0.01,,,,,,,,,,,,,,,,,,,,,,,,,,,,,,,,,,
goe550,ok,,0.19,28.163520563252312,0.6500055561983351,4.808048540197861,1.7678399999999728,0.3676834759923664,0.3676834759923664,5.836548865959139,0.7254947176086215,0.0733345090142823,3.000000029998956,3.1909237341907484,12.027472630148845,8.836548895958096,0.0211292966425243,28.163520563252312,30.71652584105258,0.3497997048738204,17.32286812335091,-1.3871424769336358,0.0073862798654671,10.673080206416817,1000000.0,747399.8406225637,31.29280031291879,0.2476184930445465,17.087992148674513,-2.3226398634280168,0.0073739163468091,10.417960874449657,1000000.0,761421.8511408241,0.1295,1.5322,False
goe553,ok,,0.2,28.1635205632504,0.6373732317314075,4.90334094688956,1.7678399999999823,0.3605378494272184,0.3605378494272184,5.89628411454651,0.7096432127663151,0.0733256724297818,3.000000029998935,3.668056303073561,12.564340447619006,8.896284144545444,0.022699385749415,28.1635205632504,30.637784316768144,0.3745738755291192,19.232042927170365,-1.6154943588962305,0.0089077746549924,9.84269846187708,1000000.0,730996.0206989972,31.292800312916885,0.2542332128668825,19.21316387626574,-2.692071706914244,0.0095817868120057,8.924302095956307,1000000.0,746624.2424309734,0.136755485339038,1.6472678929765885,False
goe559,failed,too few converged polar points,0.01,,,,,,,,,,,,,,,,,,,,,,,,,,,,,,,,,,
goe55,ok,,0.2,28.1635205632504,0.6526534484746644,4.78854171827525,1.7678399999991905,0.3691812881680261,0.3691812881680261,5.432141600254601,0.4148594781653623,0.0758801877586275,3.000000029998935,3.7025635082157407,12.134705138469275,8.432141630253536,0.0228193979592152,28.1635205632504,30.64119876850006,0.3532168429476834,18.37296687791977,1.4832870800579614,0.0080192393095686,10.247635459053502,1000000.0,748604.1448194949,31.292800312916885,0.2353275187868776,18.96066663555184,0.4370517537883626,0.0092438969321225,8.824243994092607,1000000.0,764523.6139175083,0.0616217370422253,1.6303,False
goe561,failed,Infeasible_Problem_Detected,0.57,,,,,,,,,,,,,,,,,,,,,,,,,,,,,,,,,,
goe562,ok,,0.19,28.16352056325213,0.6059912557361679,5.157266274087367,1.7678399999999974,0.3427862565255729,0.3427862565255729,5.585948612804794,0.7287376650494541,0.065158022631981,3.000000029998927,2.603688043241974,11.189636686045697,8.585948642803721,0.019070838810741,28.16352056325213,30.6293903324641,0.3510582966869985,17.66508734523581,-1.5175712928334837,0.0111294719033101,8.964157910383928,1000000.0,694813.9799964227,31.29280031291889,0.2580711096693874,21.22430122094192,-2.6776393203512283,0.0160753313173528,6.250902455047716,1000000.0,709863.1378113787,0.1409859030309149,1.465941806020067,False
goe563,ok,,0.19,28.1635205632504,0.7021280698817429,4.45112278973258,1.7678399964820275,0.3971672047690776,0.3971672047690776,5.650408913691763,0.6680320897075102,0.0834317997100702,3.000000029998935,3.079125253487076,11.729534197177774,8.650408943690698,0.0205690271287537,28.1635205632504,30.45195410952744,0.3213219648162846,15.773864268342844,0.4383370271465155,0.004754926448456,12.39783026342976,1000000.0,800378.3663183931,31.292800312916885,0.2244077043509558,16.64480454877515,-0.4646783559435272,0.0055680739769315,11.72516686699291,1000000.0,822478.5937183587,0.0889187855680379,1.3709832775919732,False
goe564,ok,,0.19,28.1635205632504,0.6806253289317478,4.591745457271909,1.767839999045884,0.3850039196415321,0.3850039196415321,5.526227682360113,0.6175158982628317,0.0805919554008879,3.000000029998935,2.888510989894469,11.414738702253516,8.526227712359049,0.0200084622205819,28.1635205632504,30.5809328329146,0.3198620582037217,15.905783318043907,-0.1551167733164939,0.0055335708163966,11.92260783392211,1000000.0,779152.8692321186,31.292800312916885,0.2281740653908466,17.013968689837043,-1.11081937790133,0.0064006649144883,10.958494216992264,1000000.0,797290.1050249992,0.082,1.359967558528428,False
goe565,ok,,0.19,28.16352056257288,0.6714145844080317,4.654736936224667,1.767839999989818,0.3797937507986575,0.3797937507986575,5.56122439771335,0.589408688063256,0.0786420846402171,3.00000002996158,3.1020169292596504,11.66324135693458,8.56122442767493,0.0207307905308363,28.16352056257288,30.57630223324368,0.3314094477303876,16.522652040298013,-0.1726751996222606,0.0058270971459095,11.692069902098671,1000000.0,768492.3903591415,31.292800312553727,0.2322536626568934,17.315648675846266,-1.1314829125096588,0.0064521895510318,11.006438365839632,1000000.0,786500.5627488706,0.0839999999999999,1.4267933110367894,False
goe566,ok,,0.19,28.163520563224527,0.681169579146577,4.588076686447811,1.7678399999999652,0.385311781126454,0.385311781126454,5.569423978690428,0.6328083617530909,0.0814731737758559,3.000000029996584,2.988651585696943,11.558075594383954,8.569424008687012,0.0205858474979382,28.163520563224527,30.93728594863136,0.3162075107367184,15.74098293986862,0.3213092610842945,0.005460942566141,12.00613489944661,1000000.0,788862.4678767499,31.292800312912657,0.2291468270241353,16.530234557107008,-0.4851439518993199,0.0064334598369323,10.931403520254062,1000000.0,797927.6437696271,0.0865,1.3947729096989967,False
goe567,ok,,0.19,28.1635205632504,0.6869567900082849,4.549424812412908,1.7678399999771517,0.3885853866962867,0.3885853866962867,6.167893135370314,0.8485724673537378,0.0820953972626586,3.000000029998935,3.676198060950597,12.844091226319849,9.16789316536925,0.0228890207946805,28.1635205632504,30.85606273896915,0.3502670309408177,19.09988348460005,-2.562371432838613,0.0080800552916716,9.940665246982828,1000000.0,793475.9493976051,31.292800312916885,0.2430846769162269,18.57711650343508,-3.516062189026516,0.0085571141819517,9.242163916846328,1000000.0,804706.8301505188,0.147400319143555,1.5546,False
goe570,failed,Infeasible_Problem_Detected,0.73,,,,,,,,,,,,,,,,,,,,,,,,,,,,,,,,,,
goe571,ok,,0.2,25.41705391836367,0.659057405571069,4.742012211957625,1.7678399999997505,0.372803763672709,0.372803763672709,6.6539482002158605,1.3078528913888017,0.0751408560618915,3.0000000299988034,3.6539475048282126,13.307895735042877,9.653948230214665,0.0226270792342651,25.41705391836367,30.604947220053603,0.3845113761354797,26.60864610132529,-1.012058611293334,0.0193495335407235,6.3290542922937,1000000.0,755055.225374932,28.24117073800364,0.3275839732830129,23.60619795248023,-2.2921477538447173,0.0213047561049902,5.588559277492298,1000000.0,696738.4515684823,0.2489443468926519,1.6007,False
goe572,ok,,0.21,28.1635205632504,0.6667046420381573,4.687620349884654,1.7678399948469967,0.3771295162353532,0.3771295162353532,6.266215194525319,1.0254677678943769,0.0805497104314068,3.000000029998935,3.710137248907821,12.976352473432076,9.266215224524254,0.0229837585730348,28.1635205632504,30.82706337582039,0.365309663982698,20.98553319398907,-2.11335982985288,0.0116290687020259,8.41810200310318,1000000.0,769359.7708874145,31.292800312916885,0.2531549146855973,20.5193020036152,-3.5081191708076065,0.0127069421374001,7.215559775920716,1000000.0,780983.2998252832,0.1858893366582571,1.582938795986622,False
goe573,ok,,0.19,28.1635205632504,0.645320806364744,4.842952841118184,1.7678399906713316,0.3650334927199409,0.3650334927199409,5.873688552447369,0.7996662218693609,0.0711560789293234,3.000000029998935,3.170210975490722,12.043899557937026,8.873688582446304,0.0210289660287632,28.1635205632504,30.673293683227875,0.353815576704353,19.808006258992663,-1.858680622061276,0.0114956177681964,8.5720152079289,1000000.0,740968.7993126315,31.292800312916885,0.2504643829826318,20.95068152368143,-2.958296101621475,0.0134628347869962,6.940324330450168,1000000.0,755934.1006691622,0.140975884940012,1.5116471571906356,False
goe574,ok,,0.2,28.1635205632504,0.8082750371543655,3.866577738707595,1.7678399999474286,0.4572105151927786,0.4572105151927786,5.977920153053929,0.919740833036912,0.0933020879224724,3.000000029998935,3.0575686089790834,12.035488792031948,8.977920183052863,0.0206195869838476,28.1635205632504,30.63544037462813,0.2829844875655439,20.197052525771188,-1.7072021571175178,0.0096881877018977,8.316633924621522,1000000.0,926930.4133969544,31.292800312916885,0.2023177721791181,20.721487593632435,-2.5924464434616383,0.0104936912048044,7.10494997012779,1000000.0,946820.0220298772,0.102492800809937,1.1879892976588629,False
goe575,ok,,0.21,28.163520563250657,0.6808653676631644,4.590126644752634,1.767839999999997,0.3851397002348434,0.3851397002348434,6.158907860718434,0.9306454261639344,0.0801224733060086,3.000000029998938,3.5587168749968185,12.717624765714191,9.158907890717373,0.0223313392920724,28.163520563250657,30.643501852559684,0.3547923876126803,19.882149069834576,1.3332069259210066,0.009236950677658,9.368171650567833,1000000.0,781022.3755966319,31.292800312917137,0.2450190814775179,19.33515401102282,0.1454530547429139,0.0092778358472162,8.811358818368298,1000000.0,797571.2879376428,0.1334540539616139,1.5317,False
goe57,failed,Restoration_Failed,0.71,,,,,,,,,,,,,,,,,,,,,,,,,,,,,,,,,,
goe584,failed,airfoil 'goe584' not found in the aerosandbox UIUC database,0.0,,,,,,,,,,,,,,,,,,,,,,,,,,,,,,,,,,
goe585,ok,,0.19,28.1635205632507,0.6563037827971953,4.761908048554538,1.7678399999996477,0.3712461437671543,0.3712461437671543,5.513483370225625,0.564029286687769,0.0763218921556025,3.00000002999894,3.1157329270289047,11.62921632725347,8.513483400224565,0.0207622427454289,28.1635205632507,30.554013071177685,0.3385441702576972,16.386022280990808,-0.2367901089740741,0.0059627862422944,11.69386525233203,1000000.0,750649.1647995464,31.292800312917173,0.2362761286688156,17.186589902479216,-1.2946285655701972,0.0066751542612677,10.91696914996633,1000000.0,768799.6455460328,0.082,1.459230769230769,False
goe587,failed,Infeasible_Problem_Detected,0.29,,,,,,,,,,,,,,,,,,,,,,,,,,,,,,,,,,
goe590,failed,too few converged polar points,0.01,,,,,,,,,,,,,,,,,,,,,,,,,,,,,,,,,,
goe591,ok,,0.19,28.1635205632504,0.6831418430795594,4.574830637876387,1.7678399909877904,0.3864274179575777,0.3864274179575777,5.801116704620439,0.7429934498907297,0.0802423758191573,3.000000029998935,3.176554022038844,11.977670756658217,8.801116734619374,0.0209456378295925,28.1635205632504,30.520374124167,0.3357284118640836,18.099663318023428,-1.912303035367917,0.0079540472352061,10.071124411680673,1000000.0,780485.0352657747,31.292800312916885,0.2346628565890944,18.451451627903843,-2.869920368758219,0.0084009151947899,9.269285070625124,1000000.0,800237.9740310074,0.112,1.4373394648829432,False
goe592,ok,,0.2,28.1635205632504,0.643519136450737,4.856511746507633,1.7678399942515874,0.364014355678818,0.364014355678818,6.036653372727084,0.8309939894845133,0.0741495196551254,3.000000029998935,3.6114684273665953,12.648121830092617,9.03665340272602,0.022495367678882,28.1635205632504,30.62229070825999,0.3738484148501911,19.60029567184713,-3.8826593869667336,0.0093617376808788,9.566226611796496,1000000.0,737671.4593062482,31.292800312916885,0.2557782540082781,19.44118907768884,-4.995015840862697,0.0098773925761523,8.734512251856968,1000000.0,753823.6081855837,0.1425348491707392,1.6192,False
goe593,ok,,0.2,28.163520563251083,0.6824031779418473,4.579782695364766,1.7678399999999987,0.386009581150923,0.386009581150923,5.968595372156995,0.7939636202017267,0.0747119377168662,3.000000029998944,3.542249437668303,12.51084483982424,8.968595402155938,0.0222445613410359,28.163520563251083,30.60125619769561,0.3491993329796402,18.18978328763422,-1.0917053485425252,0.007167217808276,10.528103069016089,1000000.0,781707.238936177,31.29280031291755,0.239387159682315,17.95373602589405,-2.198851324987608,0.0074784088001959,10.054963138127125,1000000.0,799372.6915378716,0.119,1.5328,False
goe595,ok,,0.19,28.1635205632504,0.7635275160426587,4.093183533851782,1.7678399973720933,0.4318985412580594,0.4318985412580594,5.886158917251337,0.8022942105561136,0.0914888392743758,3.000000029998935,3.276347177677163,12.162506124927436,8.886158947250273,0.0213684162151722,28.1635205632504,30.64134911168467,0.3026139406853645,17.59457784550545,-0.6830481335625418,0.0058176901825462,11.019865890343072,1000000.0,875782.8061356326,31.292800312916885,0.2119858359971748,18.334766540782795,-1.623739218383124,0.0066799545455259,10.034462679721733,1000000.0,894402.4093063695,0.0955,1.2979979933110368,False
goe596,ok,,0.19,28.163520562481388,0.6279572601646005,4.976864611084365,1.7678399999396717,0.3552115916519763,0.3552115916519763,5.523159060203651,0.585859809887873,0.0705561674916261,3.000000029953628,2.9525706439282096,11.475729734085489,8.523159090157279,0.020267559057881,28.163520562481388,30.643572586426146,0.3471184925789805,17.39273219312257,-0.5940147633812192,0.008488576305166,10.178706421400111,1000000.0,720333.015176183,31.29280031253501,0.2472224860128608,18.08570551613653,-1.5390187561458784,0.0091315190127333,9.17344551647352,1000000.0,735594.2959607587,0.0975,1.5182,False
goe598,failed,Infeasible_Problem_Detected,0.27,,,,,,,,,,,,,,,,,,,,,,,,,,,,,,,,,,
goe599,ok,,0.19,28.163520563251154,0.7230125598168882,4.322550449734229,1.767839999999996,0.4089807673866921,0.4089807673866921,5.760376198537053,0.7620082578268154,0.0830087345370531,3.000000029998946,3.091563003214271,11.85193923175027,8.760376228536,0.020876805134495,28.163520563251154,30.84450496301364,0.307322447573745,15.86196654011518,0.8252519235725371,0.0051301580370793,11.950666840174597,1000000.0,834809.69554867,31.29280031291761,0.220695956688799,15.675998419976832,-0.0057624258256351,0.0051557959375834,12.07169269671154,1000000.0,846942.8552482007,0.099703898650167,1.3320090301003344,False
goe600,ok,,0.19,28.16352056325043,0.6917152905018857,4.518128062959509,1.7678399999985177,0.3912770898398416,0.3912770898398416,5.97584519853093,0.8560533483588576,0.0830511229761909,3.000000029998936,3.339962697074492,12.315807925604355,8.975845228529865,0.0215457765070163,28.16352056325043,30.585666968527786,0.339473547077848,16.902074743039723,1.032654220274644,0.0060589127081299,11.255722079738485,1000000.0,791970.8002287156,31.29280031291691,0.2363553513934695,16.550647484354542,0.1387424774853305,0.0061822569399606,11.196091375260965,1000000.0,810280.9767306872,0.1307436763022166,1.4575,False
goe601,ok,,0.2,28.16352056325077,0.8474288533337266,3.687929969938412,1.767839999999998,0.4793583431383652,0.4793583431383652,6.851657928920384,1.4119776532606576,0.0900517874940542,3.00000002999894,3.869628841405688,13.721286800325007,9.851657958919322,0.0233840057253245,28.16352056325077,30.6357236275108,0.3077100119331371,20.333069928170616,0.1795908901230319,0.0066664804709756,9.770465150317722,1000000.0,971841.0243483848,31.29280031291725,0.2117500583062671,19.08351449193712,-0.7961369405413995,0.006682879909713,9.639975026030724,1000000.0,992685.1240923651,0.1603468992964845,1.2854,False
goe602,ok,,0.2,28.1635205632504,0.7564668119659601,4.131388467980936,1.7678399993682887,0.427904568420373,0.427904568420373,5.84506076737103,0.7956074762859912,0.0894940931692018,3.000000029998935,3.1140894526725207,11.959150250042486,8.845060797369964,0.020814768817806,28.1635205632504,30.639544921806166,0.3003669466167742,17.81922013764731,-1.3377334079375374,0.0063468025561312,10.673768203560192,1000000.0,867632.9327219971,31.292800312916885,0.2129748903632509,18.663201678344564,-2.19689138712011,0.0070662873455189,9.72550584995568,1000000.0,886131.4415037795,0.0995,1.279093311036789,False
goe602m,ok,,0.2,28.1635205632504,0.7450513024745465,4.19468864688028,1.767839992712391,0.4214472494942355,0.4214472494942355,5.8071261103371015,0.7361480601321939,0.0906567939512226,3.000000029998935,3.261394796851547,12.068520937187584,8.807126140336036,0.0210721505782527,28.1635205632504,30.288675358884824,0.3149297037653772,17.043901382415303,-1.5670775358027118,0.0064322053024802,10.64333843850714,1000000.0,844754.0811876009,31.292800312916885,0.2153106424949754,17.316749163109378,-2.517219459012772,0.0071006362037384,9.778495586106654,1000000.0,872759.2231388508,0.096,1.3271892976588628,False
goe604,ok,,0.2,28.163520562963026,0.6795921894085091,4.598725992302654,1.7678399999996546,0.3844195116122736,0.3844195116122736,6.367744247902104,1.0027438100513073,0.0798313878594433,3.0000000299825293,3.7676716845288736,13.135415962413507,9.367744277884633,0.0230711063511213,28.163520562963026,30.68115090672405,0.3662338443126704,20.257994504694,-1.1644403336482778,0.0090042183327712,9.478277589240664,1000000.0,780519.6907726375,31.292800312768705,0.2510753681926425,19.54030519069585,-2.259159732903853,0.0092177988343718,8.924919403441063,1000000.0,796079.8764618457,0.1782428046418889,1.5866,False
goe610b,ok,,0.2,28.16352056325045,0.6711715889068514,4.656422168699116,1.7678399999962873,0.3796562974637189,0.3796562974637189,5.341426017163999,0.5765163490092673,0.0769696826455066,3.000000029998935,2.75442314741336,11.095849194576294,8.341426047162933,0.0196654219297149,28.16352056325045,30.757000642942707,0.311706124643027,19.49008604380419,-1.8369172950196544,0.0123386497772063,7.903911459013667,1000000.0,772754.2178008637,31.29280031291694,0.2263727776847151,21.021722384355385,-2.7243393816641936,0.0142086665162317,6.25306590764508,1000000.0,786215.9158277778,0.0779302418307185,1.3283147157190636,False
goe610bm,ok,,0.2,28.1635205632504,0.6445489743657026,4.848752209835445,1.7678399994917158,0.3645968948270326,0.3645968948270326,5.429726689058865,0.517531224226961,0.0748709571181118,3.000000029998935,3.266601882165593,11.696328601223392,8.4297267190578,0.0213417113428002,28.1635205632504,30.65064683817743,0.3445249425931161,16.41476239496791,-1.859254134780833,0.0058476721541082,11.875502343552904,1000000.0,739536.1433154324,31.292800312916885,0.2382182523240344,16.762482980551095,-2.768763387712436,0.0061201177857978,11.609726886739404,1000000.0,755029.9665496587,0.077,1.5294,False
goe611,ok,,0.2,28.1635205632504,0.5952520597736632,5.250310652419337,1.7678399900172572,0.3367115028141503,0.3367115028141503,5.574841272034087,0.6881687703683214,0.0649511862200347,3.000000029998935,2.749719299487494,11.324560601520515,8.574841302033022,0.0195635046846901,28.1635205632504,30.622632527340787,0.3618609556212566,19.845922358199843,-2.619704644918828,0.0140669400079084,7.905139775183668,1000000.0,682350.1170277547,31.292800312916885,0.2623871981722793,20.97430131764182,-3.5166801412166366,0.0154955297299673,6.516253753703446,1000000.0,697283.1593293202,0.128990028,1.529197993311037,False
goe612,ok,,0.2,28.1635205632504,0.6563780665594745,4.761369132848151,1.767839999998538,0.3712881632727041,0.3712881632727041,6.147545205557556,0.8567224123883863,0.07625240122806,3.000000029998935,3.8601069547778346,13.007652190334326,9.14754523555649,0.0233657878148517,28.1635205632504,30.65434559553141,0.3761552042649251,19.413659528320643,-1.415457283435285,0.007905419459043,10.212953507588416,1000000.0,753199.3694984823,31.292800312916885,0.2538446214195141,18.99372146201674,-2.553811171908832,0.0083362161590625,9.67200599062284,1000000.0,768886.6621562048,0.1500443700371913,1.649,False
goe613,ok,,0.2,28.16352056319592,0.7164252269924165,4.362295111688171,1.7678399999997474,0.4052545631915325,0.4052545631915325,5.80482796550517,0.7692949799493468,0.0846185069987748,3.0000000299947653,3.10582200008536,11.910649995585295,8.804827995499936,0.0207621746937841,28.16352056319592,30.60350781983169,0.316612817865453,18.90463707068132,-1.5375873824795523,0.0089550689212655,9.267206585518384,1000000.0,820740.599143309,31.29280031289984,0.2238553440588268,20.36731983289709,-2.490367241692601,0.0107603440697114,7.550862734615829,1000000.0,839226.399433795,0.103,1.3477371237458196,False
goe614,ok,,0.19,28.16352056322011,0.714958950774735,4.371241540808892,1.7678399999999044,0.4044251463790692,0.4044251463790692,6.492952609755035,1.1456763669277978,0.0832719226489546,3.0000000299967104,3.6784853458285527,13.171437985580296,9.492952639751746,0.0226837344426369,28.16352056322011,30.56884884748365,0.3516415880781776,20.9071967636778,-2.577443019860052,0.0100444113997568,8.769513547486067,1000000.0,818133.2254505472,31.29280031290644,0.2418453084306512,20.252136255684103,-3.816426583448135,0.0105146709037322,7.930896371555245,1000000.0,837508.791420698,0.1875819944362704,1.4796,False
goe615,ok,,0.21,28.1635205632504,0.6650695050055351,4.699145299427607,1.7678399922615748,0.3762045818155297,0.3762045818155297,6.015546397153001,0.8166417699655253,0.0775209199552197,3.000000029998935,3.615865848203768,12.631412275355704,9.015546427151936,0.0225191583878166,28.1635205632504,30.63430081889876,0.3609734398128039,19.92297133032869,-2.1182015751535874,0.0092824279943633,9.454765518817467,1000000.0,762673.8355360299,31.292800312916885,0.2469121595955797,19.875816494650845,-3.255785791229603,0.0097928997301229,8.58440856111918,1000000.0,779067.8879993233,0.1364356238306146,1.5679,False
goe617,ok,,0.2,28.1635205632504,0.7457123544452797,4.1909702102066815,1.7678399992259632,0.4218211799550778,0.4218211799550778,6.249366416017393,1.0244977732764589,0.0899552311224264,3.000000029998935,3.513600025802201,12.76296647181853,9.249366446016328,0.0222436389446796,28.1635205632504,30.73457823432399,0.3231707843560342,18.31919916005976,1.5317201507760654,0.0059898548949232,10.915325586663991,1000000.0,857950.9004185162,31.292800312916885,0.2259217834224609,17.70094885326373,0.6281299152826393,0.0057883306156922,11.18904175168549,1000000.0,873533.5816354464,0.1385,1.3756,False
goe619,ok,,0.19,28.16352056188912,0.6492489806200159,4.813651400763719,1.767839999831986,0.3672555099339985,0.3672555099339985,5.787411941274369,0.7775769249497574,0.0741671833345221,3.0000000299210563,3.0098126607564843,11.79722463195191,8.787411971195425,0.0204280808032675,28.16352056188912,30.592089419791936,0.3463032842868096,17.43557463278335,-1.5278135565340214,0.0076424294024619,10.523469240832812,1000000.0,743505.6184112348,31.29280031221669,0.2465285216146058,17.787483371661036,-2.4661259359642784,0.0079050632240525,9.964343763939365,1000000.0,760535.592345042,0.1376353962698146,1.48157491638796,False
goe620,ok,,0.2,28.163520562695368,0.6769371870302018,4.616762567452819,1.76783999999939,0.3829176775219676,0.3829176775219676,6.320032668549838,1.0156269931205912,0.0824123538510978,3.0000000299664498,3.7216833900029136,13.041716088519202,9.320032698516288,0.0226340006340203,28.163520562695368,30.3058018324689,0.3741460192931605,19.47679058288394,-2.554441944705019,0.0084082726173991,9.777933471944593,1000000.0,767958.9208609611,31.29280031263903,0.2507763193622819,19.270392431460053,-3.788787960378993,0.0091518181324248,8.975815962387852,1000000.0,792969.7848504031,0.175,1.5658,False
goe621,ok,,0.19,28.16352056221565,0.6225783700791925,5.019863226310975,1.7678399999596013,0.3521689576508166,0.3521689576508166,5.857092683599668,0.7888790713881445,0.0721831877927134,3.0000000299396845,3.471591569418625,12.328684282957976,8.857092713539352,0.0221690770262888,28.16352056221565,30.83039004753998,0.371595959005199,18.56852025257842,-1.447959060968507,0.0079144324501717,10.530856633874308,1000000.0,718516.7313222331,31.292800312385204,0.2591281669833806,18.68084906363576,-2.493202831135938,0.0082942687503301,9.947199512349655,1000000.0,729293.419891989,0.1500443700371913,1.6378,False
goe622,failed,Maximum_Iterations_Exceeded,1.31,,,,,,,,,,,,,,,,,,,,,,,,,,,,,,,,,,
goe623,ok,,0.2,28.1635205632504,0.6717505384639684,4.6524090217508105,1.7678399999761665,0.3799837872618703,0.3799837872618703,5.941383002562889,0.7658021389133809,0.0785167168691093,3.000000029998935,3.623704415198192,12.565087447760016,8.941383032561824,0.0225509048014873,28.1635205632504,30.641183478612483,0.3553470703321698,18.76181116428889,-0.4718992932145899,0.0074436891029141,10.425080844997977,1000000.0,770508.4338818755,31.292800312916885,0.2424455049680419,18.57022359914998,-1.484787948580936,0.0076566549259586,9.997656941950469,1000000.0,786894.1021065183,0.12,1.555,False
goe624,ok,,0.19,28.16352056325045,0.5724251520802207,5.45968019435429,1.7678399999894288,0.3237991854939608,0.3237991854939608,5.782751915548413,0.7356534247926013,0.0605528092760436,3.000000029998936,3.280991097244013,12.063743042791362,8.782751945547348,0.0215425116371817,28.16352056325045,30.868154532760933,0.3945012252149235,17.81498695132433,-1.1785483565050612,0.0086117348650924,10.55182163753411,1000000.0,661444.1992859311,31.29280031291693,0.2794662510826216,17.802058009527055,-2.1777223935699905,0.0088938123528412,10.014404297275432,1000000.0,670543.5281018903,0.16,1.7661,False
goe625,ok,,0.2,28.16352056325057,0.5849778427875743,5.342524172715718,1.7678399999987868,0.3308997662616388,0.3308997662616388,6.1151838557100975,0.9121042622393362,0.0608489511091591,3.0000000299989367,3.477581408114499,12.592765293823533,9.115183885709031,0.02234309139776,28.16352056325057,31.04365796108096,0.398421008806724,19.50611962592151,-2.049169245493544,0.0107415614935911,9.374533018721705,1000000.0,679792.1489794159,31.292800312917063,0.2838203152038244,18.7267966120422,-3.0988752633195493,0.0107840199185107,8.805145106206979,1000000.0,685247.8531676524,0.2,1.7779,False
goe626,ok,,0.19,28.163520563250405,0.6758943742079384,4.6238856023301,1.7678399999988683,0.3823277978823711,0.3823277978823711,6.1538637481297815,0.8706092196252484,0.0788396998360634,3.000000029998935,3.806651177728272,12.960514955856988,9.153863778128716,0.0234024240044575,28.163520563250405,30.94353002854193,0.3571988327825557,19.834021871704746,-2.301279488296131,0.0083227493071646,9.87714306081756,1000000.0,782911.2364846444,31.29280031291689,0.2466851882848496,18.83770151703888,-3.3016103450470227,0.008085897319955,9.68110920913836,1000000.0,791748.2253464555,0.1655716985647187,1.585,False
goe627,ok,,0.2,28.1635205632504,0.674297257793657,4.634837540416598,1.7678399938405087,0.3814243710647101,0.3814243710647101,6.269279998452968,0.9706287560919098,0.0787089038538251,3.000000029998935,3.7542228235631008,13.023502852015003,9.269280028451902,0.0229966431444605,28.1635205632504,30.64302034259851,0.3668762471473854,18.901470218612687,0.7748664720589071,0.007153935183677,10.52734087954212,1000000.0,773475.9289060126,31.292800312916885,0.250387168604567,19.03223970281797,-1.399351632009131,0.0082798184187465,9.583181546665472,1000000.0,789877.3528031161,0.1575,1.5846,False
goe628,ok,,0.19,28.163520563250493,0.6182643645793413,5.054889857231756,1.7678399999999854,0.3497286884442859,0.3497286884442859,6.12325789059851,0.7984299554832479,0.0703657708339243,3.000000029998936,4.011617876065087,13.134875796662534,9.123257920597446,0.0238712051850151,28.163520563250493,30.640695135331043,0.4036090032121143,19.447530054248176,-1.762868456986766,0.0083665473524897,10.210578400666188,1000000.0,709147.6489114246,31.29280031291698,0.2687776780061492,19.05583818243308,-3.0449397028804603,0.0091722632875835,9.446167328920838,1000000.0,724239.9583869629,0.1671167873923422,1.7868,False
goe629,ok,,0.19,28.16352056324948,0.7365018010423889,4.243381701411641,1.7678399999999974,0.4166111192429123,0.4166111192429123,6.20232252191783,0.9759023033701344,0.0895978797818811,3.000000029998858,3.5189346529416388,12.721257204858327,9.202322551916687,0.0221019961624936,28.16352056324948,30.51387613730728,0.33087791481732,18.69321515687148,0.1386103532211591,0.0071633181662968,10.1569320177104,1000000.0,841269.2799949162,31.29280031291666,0.227583671186388,18.28009171274732,-0.9294691619811266,0.0073590042456168,9.745821678806944,1000000.0,862744.2632922485,0.1361690666212076,1.4031,False
goe630,ok,,0.2,28.03553639849368,0.4370201458208876,7.151291068583559,1.7678399999999994,0.2472057119540726,0.2472057119540726,4.893359041560027,0.4118340162124712,0.0297501135637594,3.000000029999023,1.8933585222327352,9.786717593791783,7.89335907155905,0.0166528097176955,28.03553639849368,30.62830688973424,0.4257904698793106,15.149670896797456,-3.3198103627280573,0.0132325979103718,9.590335753263108,1000000.0,501058.3290731639,31.1505956868305,0.3319968841022186,21.40140989766928,-4.431472953845471,0.024219827424483,5.594632957199655,1000000.0,509602.6195854938,0.1254282244528923,1.7752494983277594,False
goe632,ok,,0.2,28.1635205632504,0.7490375920359291,4.172365043893184,1.7678399999922605,0.4237021404873792,0.4237021404873792,6.226860645988003,1.0498221489570736,0.0788335763122075,3.000000029998935,3.5717122635499807,12.798572939536918,9.226860675986938,0.0224417949322139,28.1635205632504,30.734174803756144,0.3226421755308613,19.97799034696,0.0423652162711134,0.0085087028720933,9.307301508460656,1000000.0,861765.3133786485,31.292800312916885,0.2243715607407715,19.548250520200867,-0.988064303736934,0.0088347878914402,8.56238549741973,1000000.0,877428.7919017281,0.1399999999999999,1.3700836120401338,False
goe633,ok,,0.19,28.1635205632504,0.6843289849569869,4.566894481695659,1.7678399998485312,0.3870989371298422,0.3870989371298422,6.056946603343588,0.8430440602971072,0.0802174611552081,3.000000029998935,3.5922902834923605,12.649236916834884,9.056946633342523,0.0224459064609667,28.1635205632504,30.643850398286595,0.3510904713009515,19.332484735484098,0.6229910200936636,0.0081325946885546,9.92977775394113,1000000.0,785004.428478766,31.292800312916885,0.2410650964685903,18.93162322661205,-0.3819398837920803,0.0081644618090504,9.51705092327072,1000000.0,801628.5977729151,0.1376031787560487,1.5224,False
goe63,failed,too few converged polar points,0.01,,,,,,,,,,,,,,,,,,,,,,,,,,,,,,,,,,
goe645,ok,,0.19,28.1635205632506,0.6010722393395233,5.199471978633625,1.7678399999944607,0.3400037556234764,0.3400037556234764,5.695152348971683,0.7187529993611673,0.0659727732377867,3.0000000299989367,2.9604581045795744,11.655610483550197,8.695152378970619,0.020531977087916,28.1635205632506,31.00228029775622,0.3598548794467369,17.78033537039678,-1.2238736745571417,0.008448160178705,10.426535737749344,1000000.0,697564.1409654439,31.292800312917084,0.2634923356109607,17.963894367921032,-2.108380750501219,0.0083929959162065,10.044973975836315,1000000.0,704100.9615754952,0.1545772132165929,1.6004,False
goe646,ok,,0.24,28.163520563250422,0.7195298635791629,4.3434726253555525,1.7678399999948835,0.4070107382915,0.4070107382915,6.6452727345912095,1.1353309287929068,0.0832963758450418,3.000000029998935,4.517621034576904,14.162893799167048,9.645272764590144,0.0260624770264113,28.163520563250422,31.20166489143681,0.3606234437981437,20.21306357786676,-1.4670029173424333,0.008177500495388,9.60787644888349,1000000.0,840408.4880807142,31.29280031291691,0.2441648541495558,17.515254921172012,-2.611165763570605,0.0081216872275272,9.408251600723794,1000000.0,842863.1962523191,0.1833555724366782,1.561947491638796,False
goe647,ok,,0.2,28.16352056300222,0.6206685101056757,5.035309854961595,1.767839999999841,0.3510886223333171,0.3510886223333171,6.122014919012406,0.8062359524892677,0.0708288973285908,3.000000029980775,3.999956270284789,13.12197121927797,9.12201494899318,0.0238302912774533,28.16352056300222,30.63913720274852,0.4016914835204292,19.66991104178789,-1.271976133167139,0.0086206821380166,10.065311276558136,1000000.0,711869.00072758,31.29280031283055,0.2677000967248827,18.898132710272183,-2.5975034119999005,0.0088333272895882,9.652468136562312,1000000.0,727056.1942150271,0.1625272135064058,1.7786,False
goe648,ok,,0.19,28.1635205632504,0.6525691192574694,4.789160523672109,1.7678399998063596,0.3691335863703437,0.3691335863703437,6.160408071326403,0.8556218385034458,0.0758341403592228,3.000000029998935,3.9064538760176784,13.066861977343017,9.160408101325338,0.0234998820234765,28.1635205632504,30.62337649528648,0.3808421039585581,19.372147819877465,-0.4436712404347473,0.0077068165924887,10.338846709827637,1000000.0,748072.0529729592,31.292800312916885,0.2556853023726904,18.68861904429779,-1.7826538399674283,0.007816586076841,10.110532242309446,1000000.0,764424.8300627375,0.1516502848126426,1.6713,False
goe650,ok,,0.19,28.163520563250646,0.6273620257168555,4.981586607870241,1.7678399999992742,0.3548748901015437,0.3548748901015437,5.823833778674673,0.711887116874929,0.0718668919386035,3.000000029998938,3.2272926752515514,12.051126483925165,8.82383380867361,0.0212721831240833,28.163520563250646,30.74364048366168,0.3624976117025116,17.153354935617642,-1.585723590085836,0.0070496978351206,11.06591067573141,1000000.0,722000.2672199595,31.29280031291713,0.2561866843078468,17.15516916685212,-2.5772489092404407,0.0072724826389302,10.735161583113092,1000000.0,734897.0334204235,0.1341641556541305,1.6008,False
goe652,failed,Maximum_Iterations_Exceeded,1.28,,,,,,,,,,,,,,,,,,,,,,,,,,,,,,,,,,
goe654,ok,,0.2,28.1635205632504,0.665531162824829,4.695885692541955,1.767839999957554,0.3764657224866551,0.3764657224866551,5.973234706442725,0.821295973106021,0.0770876314025871,3.000000029998935,3.407039282030777,12.380274018472438,8.973234736441661,0.0217789821297944,28.1635205632504,30.593044559618168,0.3545053394702404,19.82513238654309,-1.692768449296847,0.0100848500238503,9.06655021643432,1000000.0,762175.4101782205,31.292800312916885,0.2455828830202562,20.11400883136761,-2.718689895339498,0.010937198908627,7.932464303356823,1000000.0,779608.6743718407,0.145,1.5242849498327755,False
goe655,ok,,0.2,28.163520563031213,0.6824742752908628,4.579305592533776,1.7678399999999672,0.386049798223185,0.386049798223185,6.076698887804126,0.847589988529679,0.0800226010975048,3.000000029986931,3.622570160543466,12.699269078334524,9.076698917791056,0.0225465994962345,28.163520563031213,30.64058056436529,0.3535125021665857,19.243435652202965,-1.0682372721550744,0.007732745393249,10.167315908519662,1000000.0,782793.3256776166,31.29280031279855,0.2422473885584095,19.039442741426765,-2.1802991926167308,0.0079571548593937,9.698015761220596,1000000.0,799455.975553855,0.139,1.5356448160535117,False
goe670,ok,,0.19,28.16352056325044,0.7043557039985072,4.437045441467767,1.7678399999995464,0.3984272920618879,0.3984272920618879,5.699460708107773,0.7073622350166944,0.0826303382578864,3.000000029998936,3.100626193484425,11.800086931591132,8.699460738106708,0.0207125414547293,28.16352056325044,30.55635048988885,0.3200342972185768,16.863064057205122,-0.6130940024272385,0.0068890369916527,10.630173239076033,1000000.0,805670.3051406497,31.29280031291692,0.2249664508429158,16.741589996944125,-1.5576851080064968,0.0069429967519738,10.247060851465282,1000000.0,825088.0609958895,0.09,1.3802585284280935,False
goe673,ok,,0.2,28.1635205632504,0.818422887182922,3.818635017198929,1.767840008562357,0.4629507665959432,0.4629507665959432,6.068554421298861,0.964437888954276,0.0946492030749982,3.000000029998935,3.1495340565039087,12.218088507801705,9.068554451297796,0.0209376960434208,28.1635205632504,30.64285224540487,0.2835785943603532,17.738329437623673,-0.7539877910810608,0.0052394887368857,11.175419968843126,1000000.0,938795.0458405404,31.292800312916885,0.2018263016138512,18.155464877947114,-1.480700026610305,0.0054772653346099,10.90954284347446,1000000.0,958707.2922902948,0.1078917885030168,1.1911,False
goe675,ok,,0.2,28.1635205632504,0.654354846896186,4.7760909549581925,1.767839999998282,0.3701437046886719,0.3701437046886719,6.159974207684244,0.878393868193084,0.0758795782365996,3.000000029998935,3.819188036469332,12.979162274152513,9.15997423768318,0.0232106933599475,28.1635205632504,30.63359423488043,0.3770020793441835,19.70030362883521,-2.785642685435687,0.0085526750051741,9.880708214878076,1000000.0,750369.4036151272,31.292800312916885,0.2549754628883668,19.202717552593047,-3.8458557602693695,0.0088877866060888,9.30426683184296,1000000.0,766516.6460132281,0.1490126141970363,1.6432,False
goe676,ok,,0.2,28.16352056325056,0.7193221754736919,4.3447267054459004,1.7678399999999976,0.4068932570106417,0.4068932570106417,6.019197046766322,0.863386295388366,0.085160339809051,3.000000029998938,3.395745260119772,12.414942336885032,9.01919707676526,0.0216578809343178,28.16352056325056,30.476655896539487,0.3314308666227898,17.735965548141795,1.7777687184947475,0.0057310756007174,11.293901592319427,1000000.0,820643.622562076,31.292800312917027,0.228382008461443,17.481792403684768,0.8046497016583014,0.0054713975430673,11.751322751718227,1000000.0,842619.9086960782,0.119,1.4156,False
goe677,ok,,0.2,28.16352056325044,0.7577413629584289,4.124439311849281,1.7678399999999996,0.4286255333957988,0.4286255333957988,6.117097764823772,0.9471634414182768,0.0900200660724813,3.000000029998936,3.3302847153402184,12.447382510162925,9.117097794822708,0.0216411676736298,28.16352056325044,30.768048657854447,0.3095019940081496,18.222020408388182,2.067727319410701,0.0060512297361741,10.847910749035332,1000000.0,872739.809908064,31.29280031291692,0.2191558554927248,17.79012467719369,1.236079676057111,0.0057047658232921,11.154833265416167,1000000.0,887624.4606956678,0.1195,1.3300779264214049,False
goe679,ok,,0.19,28.16352056317538,0.7000805039245608,4.464141263868967,1.767839999999947,0.3960089736201136,0.3960089736201136,6.55958910207416,1.1317201266428811,0.0824783076535988,3.000000029995152,3.958663843639377,13.518252975708688,9.559589132069313,0.0235530159665805,28.16352056317538,30.462334084331715,0.37115263681667,20.575870270913963,0.1317523478830407,0.0092538861962272,9.201680074773506,1000000.0,798316.3030116609,31.292800312872984,0.2487188515539291,18.87549372808016,-1.3801421354531316,0.0088797077600152,9.024150585645655,1000000.0,820080.0564886509,0.1828523316342185,1.589,False
goe681,ok,,0.19,28.16352056325117,0.6663929093493441,4.689813204422372,1.7678399999999983,0.3769531797839989,0.3769531797839989,6.298195897939078,0.9661263807714168,0.0775995925086023,3.0000000299987404,3.857861616411124,13.156057544348943,9.29819592793782,0.0233378549384951,28.16352056325117,30.62772410353508,0.3753809787541812,19.92143686075885,-0.6393567766939477,0.0084426299707552,9.842554964622911,1000000.0,764027.3966232926,31.29280031291977,0.254147467323333,19.02402858979205,-1.815274289426192,0.0083954371760655,9.57854316342388,1000000.0,780618.1313149907,0.168368106585232,1.6273,False
goe682,ok,,0.2,28.1635205632504,0.6904646837550308,4.526311539260494,1.7678399999808363,0.3905696690664967,0.3905696690664967,5.862817687358717,0.7209017707140076,0.0835943460412536,3.000000029998935,3.597181041231172,12.459998758588824,8.862817717357652,0.0223849983053946,28.1635205632504,30.538040804598857,0.3451441405528132,18.702363540113303,-1.2225373724043014,0.0074721982075886,10.284166288269128,1000000.0,789307.9538740884,31.292800312916885,0.2338017769302186,18.684097169947187,-2.264763394895157,0.0078353658957206,9.65592108727215,1000000.0,808816.0057163598,0.1065,1.4995,False
goe683,ok,,0.2,28.163520563249737,0.7698535178862399,4.059549242797383,1.7678399999999963,0.4354769197926518,0.4354769197926518,6.964599766988743,1.4186011784050416,0.0903464134589649,3.0000000299988847,4.104497329726597,14.069097126714226,9.964599796987628,0.0242690717002338,28.163520563249737,30.74413772609872,0.3448576092341331,21.15524581438672,1.2703549230762443,0.0079330374568421,9.425314716731815,1000000.0,886001.0852122648,31.29280031291667,0.2357595113529542,19.957030395109104,-0.2223171142309962,0.0084867849709742,8.84367706201239,1000000.0,901812.738531896,0.199,1.4629217391304348,False
goe685,ok,,0.19,28.1635205631393,0.6841257574084338,4.568251131837098,1.767839999999997,0.3869839789847695,0.3869839789847695,5.96565796831607,0.7771396851534045,0.0803011876115302,3.000000029991683,3.564290888374602,12.529948886682355,8.965657998307753,0.0223513549505024,28.1635205631393,30.64492373299434,0.347858472529528,18.87553180185168,-0.979745193439119,0.0074859168008875,10.319600528541915,1000000.0,784798.7904095658,31.29280031286909,0.2387061931083977,18.54355472592001,-1.9787493807851408,0.0074257856868811,10.08282042406845,1000000.0,801390.5352822396,0.1307245746973691,1.5146,False
goe692,ok,,0.19,28.1635205632504,0.6264158788117595,4.989110859178286,1.7678399993612144,0.3543396908306784,0.3543396908306784,6.07800835520076,0.8844648343773555,0.0707897730303443,3.000000029998935,3.58720177195639,12.665210157156086,9.078008385199697,0.022312232634147,28.1635205632504,30.4848856532246,0.3880492244112146,18.78753552615529,-1.6473723352667624,0.0083251879761987,10.21184987246955,1000000.0,714843.8195600682,31.292800312916885,0.2639643530865446,18.445153267481786,-2.751230670439222,0.0085071692536854,9.815297970302158,1000000.0,733788.709423938,0.161,1.6699,False
goe693,ok,,0.19,28.16352056324176,0.6248273212847791,5.001795150653326,1.7678399999994103,0.3534411039941326,0.3534411039941326,5.703986007222245,0.7054817116408119,0.0687735208442125,3.00000002999848,2.8343561557819448,11.53834219300267,8.703986037220725,0.0198122211365479,28.16352056324176,30.562067955931656,0.3526340517239625,16.602133714045678,-0.30650213649255,0.0073615762998556,10.914464048868313,1000000.0,714836.2807681947,31.29280031291202,0.2537322289834942,17.19152110187341,-1.179346566274424,0.0077971669416971,10.272984877205836,1000000.0,731927.8598149405,0.12,1.5343,False
goe701,ok,,0.19,28.1635205632454,0.6563380258370445,4.761659606136053,1.7678399999998122,0.3712655137552687,0.3712655137552687,5.880394020218562,0.7785680035500977,0.0752689055424201,3.000000029998448,3.2118911877020646,12.092285237919077,8.88039405021701,0.0211234226242848,28.1635205632454,30.60433561309825,0.3508497914013861,17.78187643570885,-1.550885941874428,0.0078078195706165,10.349012442788933,1000000.0,751924.7160701203,31.292800312916405,0.2464462028260705,17.713682402255852,-2.5543489059978985,0.0079585700879817,9.881734102915896,1000000.0,768839.7581242764,0.1244927879012358,1.5168,False
goe702,ok,,0.2,28.163520563250422,0.6254373251161589,4.996916781420726,1.7678399999999506,0.3537861600123181,0.3537861600123181,6.074381137643809,0.8040041489829772,0.0732398495735612,3.000000029998935,3.8573618064041546,12.931742974046898,9.074381167642745,0.0233806011069563,28.163520563250422,30.686059009682097,0.3916492999859841,19.736138080925148,-0.2343859465807488,0.009177112953159,9.774677969284026,1000000.0,718437.0976736699,31.29280031291691,0.2642717145725911,18.98514115252476,-1.3870806703774332,0.0092725206659671,9.29506140823815,1000000.0,732642.4233167322,0.1666405232050446,1.7401,False
goe703,failed,Infeasible_Problem_Detected,0.25,,,,,,,,,,,,,,,,,,,,,,,,,,,,,,,,,,
goe704,ok,,0.2,28.163520563229675,0.7709325805097523,4.053867153380972,1.76783999999992,0.4360873045692977,0.4360873045692977,6.279897078215103,1.0505664785769664,0.0905199472235368,3.0000000299975573,3.543034677981185,12.822931786193845,9.27989710821266,0.0221888332931852,28.163520563229675,30.520929286092407,0.3184796920722675,18.619851056303663,1.9842708286458608,0.0060670195202293,10.675652190541497,1000000.0,880801.3887447673,31.292800312908224,0.2192523320671725,17.84489765062989,1.0633831356933805,0.0056524703011692,11.133570162932925,1000000.0,903076.7613580454,0.1294540068631938,1.3405163879598665,False
goe711,failed,Maximum_Iterations_Exceeded,1.28,,,,,,,,,,,,,,,,,,,,,,,,,,,,,,,,,,
goe723,ok,,0.2,28.16352056325044,0.5895357690917296,5.301219076782722,1.7678399999872303,0.3334780122047176,0.3334780122047176,5.522229849853576,0.5720126454918139,0.0612885723098841,3.000000029998936,2.7560025253785168,11.278232405231028,8.522229879852512,0.0196022932499784,28.16352056325044,30.64985422652189,0.3632288791644763,16.37511475770797,-1.089731446420205,0.0083334206972551,10.598632374632638,1000000.0,676398.1511365816,31.29280031291692,0.2633058721735784,16.975864813653914,-2.037596921197327,0.0089054412228385,9.729813153174868,1000000.0,690587.0455079545,0.1154835959198828,1.5963,False
goe735,ok,,0.2,28.163520563250515,0.6951828735616116,4.49559156943611,1.767839999999986,0.3932385699846237,0.3932385699846237,6.5436148072346105,1.1455462692757268,0.0828830567066014,3.000000029998936,3.8074651308027296,13.351079968036276,9.543614837233546,0.0231077778494827,28.163520563250515,30.55028497874148,0.3670228634267762,19.629426062159062,1.335129785799705,0.0082968724817287,9.71244653706098,1000000.0,795020.208964531,31.292800312917,0.2500525568314231,19.216847175576028,-0.0207274300130172,0.0093312498839591,8.773574420402674,1000000.0,814342.9320273884,0.2009999999999999,1.5624,False
goe738,ok,,0.2,28.1635205632504,0.7640542686463555,4.090361632298717,1.7678399999618486,0.4321965045834716,0.4321965045834716,6.374529923199155,1.0751887189430605,0.0901370963411466,3.000000029998935,3.580241757606088,12.954771710804176,9.37452995319809,0.0224078094949187,28.1635205632504,30.64785337130749,0.3219672911522754,19.019632171569945,2.3143782524431056,0.0063096336439991,10.54043223691604,1000000.0,876573.0328943064,31.292800312916885,0.2234821057830062,18.55853769182081,1.435661040342992,0.0063229309119204,10.500581235863269,1000000.0,895019.4503256729,0.1543999999999999,1.3648,False
goe741,ok,,0.2,28.16352056325053,0.6558519412791546,4.765188709363592,1.767839999999327,0.370990554167461,0.370990554167461,5.989075297071719,0.834611885564532,0.0766990026640046,3.000000029998936,3.3771476523780435,12.366222979448697,8.989075327070655,0.0218713646180916,28.16352056325053,30.86682187191488,0.3529829686388359,18.92388723270996,1.102028904084576,0.0089635325644664,9.691338506556184,1000000.0,757812.1468896834,31.292800312917016,0.2496471840516521,18.604940224096268,0.1713668357665172,0.0092045497634118,9.025380444546627,1000000.0,768270.3546781008,0.1533,1.5484,False
goe744,ok,,0.2,28.16352056318332,0.6400535933979611,4.882807155267862,1.7678399999995675,0.3620540283046642,0.3620540283046642,5.906301375469555,0.7452366569125919,0.0585816083241785,3.0000000299954577,3.7747282616421938,12.681029667107207,8.906301405465012,0.023090032702814,28.16352056318332,30.674336354099417,0.3755728116547383,20.54637802805121,0.0894405649875119,0.0111240978341787,8.799256629541652,1000000.0,734945.8700664352,31.292800312878622,0.2534536258492201,20.50791025495347,-0.9740766549476536,0.0121999985221578,7.519531365285792,1000000.0,749764.0401172104,0.1448,1.6533,False
goe746,failed,too few converged polar points,0.01,,,,,,,,,,,,,,,,,,,,,,,,,,,,,,,,,,
goe758,ok,,0.2,28.163520563252405,0.7115114826891347,4.392421403781369,1.767839999999992,0.4024750445114591,0.4024750445114591,6.066919570980986,0.8816902510318674,0.0837412606282021,3.0000000299989567,3.461719185531711,12.528638786511651,9.066919600979944,0.0220503329117517,28.163520563252405,30.712104563254027,0.3329730907592156,20.010526357447866,-1.4699441365588726,0.0092518240281556,9.158098763356104,1000000.0,818003.8151767752,31.292800312918885,0.2321107803790026,20.050341119011684,-2.4057987112056,0.0098449518213562,8.182711747925758,1000000.0,833470.3989696399,0.1384999999999999,1.433359866220736,False
goe765,failed,airfoil 'goe765' not found in the aerosandbox UIUC database,0.0,,,,,,,,,,,,,,,,,,,,,,,,,,,,,,,,,,
goe766,ok,,0.2,28.163520563173343,0.6838223422583773,4.570278086081116,1.7678399999989034,0.3868123485489645,0.3868123485489645,5.87248866929839,0.7547739605900216,0.0813558082793165,3.000000029994684,3.1497761513525315,12.022264850645604,8.872488699293074,0.0209031460618332,28.163520563173343,30.591083156344503,0.3350885697106173,17.410188201934808,2.4987444732928044,0.0066834183713798,10.898814746698408,1000000.0,783072.5114395003,31.29280031287561,0.2363304211760173,17.17476103308697,1.7243272733981114,0.0063266170217787,11.096563839381904,1000000.0,801035.1122822571,0.1201,1.4451,False
goe767,ok,,0.2,28.16352056325093,0.669044299872336,4.671227699266417,1.7678399999999896,0.3784529707848787,0.3784529707848787,5.812195531167411,0.6895671199249724,0.080334861010967,3.000000029998944,3.518867063184487,12.331062624350842,8.812195561166355,0.022113728677542,28.16352056325093,30.53039051923466,0.3526851934621774,18.19109464713342,2.5332627662648,0.0070471694635253,10.710146294776091,1000000.0,764629.5408131066,31.292800312917382,0.2399090946591134,17.966854620806924,1.6087299317581072,0.0069521851269208,10.606049223563025,1000000.0,783723.9919662211,0.12,1.5341,False
goe769,ok,,0.2,28.1635205632504,0.6201184416337915,5.039776364924578,1.767839999999956,0.3507774694733725,0.3507774694733725,5.899414881970713,0.6806593387584575,0.0706726188717736,3.000000029998935,3.862532422640291,12.76194733460994,8.899414911969647,0.0233637789132861,28.1635205632504,30.640876625466007,0.390972531814103,19.629316301516024,-0.3694298191125233,0.0092955536463704,9.763176145081568,1000000.0,711278.4835634158,31.292800312916885,0.2613992086120654,19.059467820604063,-1.534840011763391,0.0094768622596831,9.157736815585174,1000000.0,726411.8394878266,0.1382,1.7424,False
goe770,ok,,0.2,28.16352056325385,0.6781888796664255,4.608241685026069,1.767839999999986,0.3836257125454966,0.3836257125454966,6.648705736062062,1.1419557414707582,0.0768127349944558,3.000000029998964,4.181022201620104,13.82972796768113,9.648705766061024,0.0242671937164205,28.16352056325385,30.41415781810528,0.3932037950504036,20.56384655930688,0.413453591054497,0.0083160730536729,9.7413672408213,1000000.0,772129.7706599052,31.292800312920427,0.2591408380479481,19.048674549603746,-0.72459169346998,0.0082296567832906,9.68124471889195,1000000.0,794436.0278994136,0.2098999999999999,1.6814648829431438,False
goe775,failed,Infeasible_Problem_Detected,0.26,,,,,,,,,,,,,,,,,,,,,,,,,,,,,,,,,,
goe776,failed,Infeasible_Problem_Detected,0.55,,,,,,,,,,,,,,,,,,,,,,,,,,,,,,,,,,
goe777,ok,,0.19,28.163520563250483,0.645458217017682,4.84192188309264,1.767839999999964,0.3651112187854642,0.3651112187854642,6.534403395143325,1.0986958838347358,0.0754771242125567,3.000000029998936,4.026606476283945,13.561009901426203,9.53440342514226,0.0239484466296752,28.163520563250483,30.674269218627007,0.3982738269274662,20.38331487807434,-1.0285290786865904,0.0090618011518899,9.644213681264056,1000000.0,741150.1435885353,31.292800312916967,0.269056104757163,19.837823502650128,-2.219071697685362,0.0100993162345178,8.742898604426086,1000000.0,756095.0606484859,0.22,1.7197,False
goe780,failed,Infeasible_Problem_Detected,0.4,,,,,,,,,,,,,,,,,,,,,,,,,,,,,,,,,,
goe795,failed,Maximum_Iterations_Exceeded,1.27,,,,,,,,,,,,,,,,,,,,,,,,,,,,,,,,,,
goe795sm,ok,,0.19,28.1635205632504,0.7334419545868166,4.261084659887262,1.767839998870829,0.4148802804865187,0.4148802804865187,5.636125662636295,0.6751593189164522,0.0886082912741951,3.000000029998935,2.9785719650599254,11.614697657695157,8.636125692635229,0.0202693838560994,28.1635205632504,30.51304807496917,0.3033732548674279,15.611025918736246,-0.0925989762210814,0.0044112989387277,12.5876880261952,1000000.0,837751.4356324426,31.292800312916885,0.2144720315277177,16.74918498112719,-0.7149356569223898,0.0053508553071232,11.695762022825091,1000000.0,859159.9345530791,0.0802769366427171,1.2803083612040134,False
goe796,ok,,0.19,28.163520563250405,0.6179184005359393,5.057720019963126,1.767839999856948,0.3495329897422508,0.3495329897422508,5.6720625791761945,0.6941503011460204,0.0687193418300788,3.000000029998935,3.074808344923932,11.746870954099062,8.672062609175129,0.0208683326891217,28.163520563250405,30.91702365088677,0.3547333590753498,16.745283285090046,-0.3123520366804971,0.0074571320220865,10.910434728520231,1000000.0,715142.5921928616,31.29280031291689,0.2556281853027781,16.812278303554805,-1.1883197653565225,0.0077959726766086,10.336355041598503,1000000.0,723834.693321493,0.12,1.5774,False
goe797,ok,,0.2,28.163520563180192,0.6187637648208568,5.05081008824263,1.7678399999989178,0.3500111802093151,0.3500111802093151,6.046674095327688,0.8647241169685173,0.069693908177649,3.0000000299949754,3.587432259339312,12.634106384661976,9.046674125322664,0.0226498146157572,28.163520563180192,30.945036334091235,0.3803154601998519,19.006856357129003,-1.4297600874469396,0.008733218627571,10.081807738033897,1000000.0,716769.8159562842,31.292800312880185,0.2663063570831341,18.50115018301032,-2.404559833488807,0.0089148290665632,9.592572346987776,1000000.0,724824.9599341947,0.16,1.7,False
goe798,ok,,0.19,28.163520562625408,0.6341376906148222,4.928359111677338,1.7678399999998822,0.3587076266035752,0.3587076266035752,6.438039645551091,1.079133192048092,0.0729036565030798,3.00000002996396,3.875046849011489,13.31308652452654,9.43803967551505,0.0234908002687963,28.163520562625408,30.751383392846485,0.3959790323498675,20.85715062729213,-2.238899375175156,0.0103529104494108,9.163878970392586,1000000.0,729981.851077001,31.292800312587268,0.2710913699832911,19.91586675839804,-3.3451675177101645,0.010594754061044,8.541694217209102,1000000.0,742834.1029652436,0.2,1.716,False
goe79,failed,too few converged polar points,0.01,,,,,,,,,,,,,,,,,,,,,,,,,,,,,,,,,,
goe801,ok,,0.19,28.16352056325058,0.4819113190797867,6.485131479309715,1.767839999999998,0.2725989450854078,0.2725989450854078,5.054823616461138,0.4164583425059237,0.0461070619463524,3.000000029998935,2.209125799224193,10.263949445684265,8.054823646460072,0.0177247988734493,28.16352056325058,30.623792761181047,0.4050752799673072,18.09340355508269,-2.029496751384756,0.0160522365194697,8.10119968294408,1000000.0,552446.1386547615,31.292800312917084,0.3044432640804671,20.9621533206816,-2.943378854456903,0.0197877441682387,6.127464342727221,1000000.0,564514.8801581308,0.098,1.710466220735786,False
goe802,ok,,0.19,28.16352056325058,0.4819113190797867,6.485131479309715,1.767839999999998,0.2725989450854078,0.2725989450854078,5.054823616461138,0.4164583425059237,0.0461070619463524,3.000000029998935,2.209125799224193,10.263949445684265,8.054823646460072,0.0177247988734493,28.16352056325058,30.623792761181047,0.4050752799673072,18.09340355508269,-2.029496751384756,0.0160522365194697,8.10119968294408,1000000.0,552446.1386547615,31.292800312917084,0.3044432640804671,20.9621533206816,-2.943378854456903,0.0197877441682387,6.127464342727221,1000000.0,564514.8801581308,0.098,1.710466220735786,False
goe802a,failed,airfoil 'goe802a' not found in the aerosandbox UIUC database,0.0,,,,,,,,,,,,,,,,,,,,,,,,,,,,,,,,,,
goe802b,failed,airfoil 'goe802b' not found in the aerosandbox UIUC database,0.0,,,,,,,,,,,,,,,,,,,,,,,,,,,,,,,,,,
goe803h,failed,Maximum_Iterations_Exceeded,1.41,,,,,,,,,,,,,,,,,,,,,,,,,,,,,,,,,,
goe804,failed,Maximum_Iterations_Exceeded,1.32,,,,,,,,,,,,,,,,,,,,,,,,,,,,,,,,,,
goe81,failed,too few converged polar points,0.01,,,,,,,,,,,,,,,,,,,,,,,,,,,,,,,,,,
goe92,failed,Maximum_Iterations_Exceeded,1.44,,,,,,,,,,,,,,,,,,,,,,,,,,,,,,,,,,
griffith30SymSuction,failed,airfoil 'griffith30SymSuction' not found in the aerosandbox UIUC database,0.0,,,,,,,,,,,,,,,,,,,,,,,,,,,,,,,,,,
gs1,ok,,0.19,28.163520563250444,0.6837702293699837,4.570626405422118,1.767839999999996,0.3867828702654003,0.3867828702654003,6.035993650072308,0.8340718852909329,0.0803539229682684,3.000000029998936,3.5766733627391973,12.61266704281044,9.035993680071243,0.0224606433585078,28.163520563250444,30.736784108783173,0.3482460566709596,19.002413928520465,-1.1190122852468425,0.0075682030583027,10.271196496948717,1000000.0,786742.21297883,31.292800312916928,0.2407039352874176,18.76632238640288,-2.099828981702349,0.0077479845844378,9.839679442097651,1000000.0,800974.0668170224,0.139,1.5218,False
gu255118,ok,,0.2,28.1635205632504,0.6237631343509443,5.0103285902768935,1.7678399999997918,0.3528391338305603,0.3528391338305603,6.25555889109685,1.005086791056253,0.0705146416793435,3.000000029998935,3.5883855815867025,12.843944502682488,9.255558921095783,0.0224234914212401,28.1635205632504,30.63139207217572,0.3914277094152775,20.513597318527708,-2.702310196153166,0.0114171842282141,8.802999417174226,1000000.0,715237.4989590877,31.292800312916885,0.2702715962828105,20.43079281569929,-3.9957890318340494,0.0124783984926722,7.663041711092801,1000000.0,730681.2624936986,0.19988,1.6716983277591972,False
gw19,failed,airfoil 'gw19' not found in the aerosandbox UIUC database,0.0,,,,,,,,,,,,,,,,,,,,,,,,,,,,,,,,,,
gw25,failed,airfoil 'gw25' not found in the aerosandbox UIUC database,0.0,,,,,,,,,,,,,,,,,,,,,,,,,,,,,,,,,,
gw27,failed,airfoil 'gw27' not found in the aerosandbox UIUC database,0.0,,,,,,,,,,,,,,,,,,,,,,,,,,,,,,,,,,
gw30,failed,airfoil 'gw30' not found in the aerosandbox UIUC database,0.0,,,,,,,,,,,,,,,,,,,,,,,,,,,,,,,,,,
gw31,failed,airfoil 'gw31' not found in the aerosandbox UIUC database,0.0,,,,,,,,,,,,,,,,,,,,,,,,,,,,,,,,,,
hh02,ok,,0.2,28.1635205632506,0.6915160921031834,4.5194295567218745,1.7678399999999812,0.3911644108647789,0.3911644108647789,5.6822688028519845,0.6297279217500957,0.0814674128050418,3.0000000299989376,3.320233860110407,12.002502692961327,8.682268832850923,0.0213631765244327,28.1635205632506,30.42111922800504,0.3345225992711919,16.855092941222072,2.602771134359225,0.0054000896056559,11.814337674641235,1000000.0,787483.2360975309,31.29280031291707,0.2286906444527502,17.179614251830504,1.7409364890647043,0.0055918375916431,11.806873626280696,1000000.0,810047.6340885034,0.09572,1.4448297658862876,False
hobie,failed,Infeasible_Problem_Detected,0.28,,,,,,,,,,,,,,,,,,,,,,,,,,,,,,,,,,
hobiesm,ok,,0.19,28.1635205632504,0.6993492442821818,4.468809088055668,1.7678399980125683,0.3955953282358135,0.3955953282358135,5.520337319205164,0.6009112903513474,0.0825174912897081,3.000000029998935,2.8961676102849427,11.416504959489044,8.520337349204098,0.0199364589873796,28.1635205632504,30.43131434400298,0.3144155066166557,16.523259243998005,-1.2881096668840426,0.0062802114839651,11.146229618315887,1000000.0,796670.3584516629,31.292800312916885,0.2219116691761853,17.216863555590333,-2.133573206091257,0.0065513148671659,10.619078965752362,1000000.0,819223.453855213,0.085743,1.318824414715719,False
hor04,failed,Infeasible_Problem_Detected,0.33,,,,,,,,,,,,,,,,,,,,,,,,,,,,,,,,,,
hor07,ok,,0.19,28.16352056325043,0.5887061364053595,5.308689806873927,1.767839999994135,0.3330087204765774,0.3330087204765774,5.322896462272666,0.4187069233818746,0.0646233168480344,3.000000029998936,3.1995012371448945,11.522397729416497,8.322896492271601,0.0212506751620796,28.16352056325043,30.850235884673125,0.3668036420196312,17.562369556267704,-0.6851676193761421,0.0091859496450431,10.104975903473695,1000000.0,679862.191672,31.29280031291691,0.2575095803688869,17.64890293854011,-1.6262376725374412,0.0094082528000399,9.31246953552516,1000000.0,689615.2069574152,0.0717303538307302,1.7010127090301004,False
hor12,ok,,0.2,28.1635205632504,0.6148243040913844,5.083172940238842,1.7678399999882632,0.3477827767758769,0.3477827767758769,5.834217612811844,0.6000798775718833,0.0699234603501853,3.000000029998935,4.085562544310064,12.919780187120844,8.834217642810778,0.0241230866500632,28.1635205632504,30.64086691404912,0.3992163492022763,19.162577379449903,-0.7090110580227623,0.008024963462977,10.443097193111024,1000000.0,705205.8618349611,31.292800312916885,0.2617185634889659,18.43316711823619,-1.8600757165738555,0.0081523192935564,10.12985052691257,1000000.0,720210.2432611518,0.1193924507617518,1.8133,False
hor20,ok,,0.19,28.163520563153853,0.647449803629164,4.82702789942024,1.7678399999977743,0.3662377837530428,0.3662377837530428,6.343577480385254,0.9865671237826026,0.0744500194308407,3.000000029993587,4.779131743513239,14.12270925389208,9.34357751037884,0.0265624951664963,28.163520563153853,30.731251694775903,0.4119625460593059,21.4145764994612,0.3245203101351477,0.0092756795506307,9.487586760131208,1000000.0,744818.0472934728,31.29280031286539,0.2628600277976466,19.33332262390309,-0.8912228952636001,0.0093230602114216,9.13615789966556,1000000.0,758428.0215743725,0.2038392801026306,1.8016,False
hq010,ok,,0.19,28.16352056273957,0.8366135112126689,3.73560577699564,1.7678399999996188,0.4732405145334698,0.4732405145334698,5.975516555166943,0.9143567325105176,0.0955057285493111,3.000000029971557,3.030222313384344,12.005738898522845,8.9755165851385,0.0205191238668019,28.16352056273957,30.62442879982513,0.2729193596820572,17.901051732133805,2.470355721486829,0.0057227826329436,10.68191685002324,1000000.0,959084.1401973964,31.29280031263488,0.1954123645922675,17.72134320719372,1.747804529880746,0.0052359397175587,11.038634678923556,1000000.0,980015.9434282612,0.0999918475824527,1.1433618729096988,False
hq07,failed,too few converged polar points,0.01,,,,,,,,,,,,,,,,,,,,,,,,,,,,,,,,,,
hq09,failed,Infeasible_Problem_Detected,0.27,,,,,,,,,,,,,,,,,,,,,,,,,,,,,,,,,,
hq1010,ok,,0.19,28.16352056325044,0.8152571751858876,3.833463060153112,1.7678399999999643,0.4611600456975201,0.4611600456975201,5.931821846797498,0.8762136587364908,0.0950488891291639,3.000000029998936,3.053314379539704,11.985136256336135,8.931821876796434,0.0205931408154357,28.16352056325044,30.617650893347182,0.2797118915587567,17.519681616163595,1.2647445010411078,0.0051739802224766,11.285681917889464,1000000.0,934394.6320645032,31.29280031291692,0.1995551241764457,17.866331945948808,0.5427236105289228,0.005103265516389,11.367695106868611,1000000.0,954998.9558803611,0.0996,1.1762916387959863,False
hq1012,ok,,0.2,28.16352056319132,0.7618948997588129,4.101954569572467,1.7678399999998922,0.4309750315406707,0.4309750315406707,6.049571718386939,0.9036786079240622,0.090326414033074,3.000000029995378,3.2953525254374574,12.344924273819776,9.049571748382316,0.0213345106491199,28.16352056319132,30.50037216364888,0.3106629089581844,17.880830443834636,1.5210017112308438,0.0056619207373572,11.10835054429573,1000000.0,869889.4087241594,31.29280031288833,0.2163467729432021,17.882993984565083,0.6826858731793952,0.0055776894034651,11.2523807856396,1000000.0,892489.9478421654,0.1195799999999999,1.3111739130434783,False
hq108,failed,Infeasible_Problem_Detected,0.29,,,,,,,,,,,,,,,,,,,,,,,,,,,,,,,,,,
hq109,ok,,0.2,28.163520563055467,0.843354059041946,3.705748768376461,1.7678399999999947,0.4770533866424272,0.4770533866424272,5.850188301839195,0.8546538258562806,0.0948158972780909,3.0000000299892537,2.889612373515958,11.739800705344406,8.850188331828448,0.0200460657551725,28.163520563055467,30.632676555961325,0.2645983990359383,17.12940494561757,1.1369036662318133,0.0049025845882336,11.420286084709508,1000000.0,967071.8081492578,31.29280031280128,0.1911437197603243,17.668794419882406,0.4705982528370733,0.0048543090615233,11.457659806284786,1000000.0,987911.876563236,0.0897999999999999,1.107372575250836,False
hq1510,ok,,0.2,28.16352056297432,0.7674920076127902,4.072040144519166,1.7678399999991208,0.43414110304845,0.43414110304845,5.873217068774868,0.7977422558127218,0.0889679412217457,3.0000000299839127,3.190420324740848,12.063637423499628,8.873217098758781,0.0210436785729438,28.16352056297432,30.594547107280547,0.2995178259687139,17.416730645354342,0.8114599544583024,0.0051562371130381,11.566097953135053,1000000.0,878985.5355980771,31.292800312766825,0.2105836777345402,17.706544740292088,0.0123586213261557,0.0051042175273874,11.75676505255008,1000000.0,899046.4459836857,0.09963,1.2779889632107024,False
hq1511,ok,,0.19,28.1635205632504,0.7122244393156865,4.388024465349909,1.7678399996994507,0.402878337087503,0.402878337087503,5.804547450436719,0.763883959496946,0.0856902196668954,3.000000029998935,3.1362306507631192,11.940778131198773,8.804547480435653,0.0209556211764107,28.1635205632504,30.73557700152733,0.3165478248374297,16.4700931449132,0.9481449987837756,0.0054466918510452,11.7039830378976,1000000.0,819449.2854079962,31.292800312916885,0.2251684965583572,16.358431473693503,0.1364846021509969,0.0053710767959834,11.904105001924735,1000000.0,834305.5623637912,0.1099903417438518,1.3625,False
hq1512,ok,,0.19,28.1635205632504,0.7156216531788113,4.367193528298644,1.7678399962872438,0.4048000128301968,0.4048000128301968,5.904311343543569,0.8190620449249807,0.086258127343152,3.000000029998935,3.22572401621101,12.130035389753512,8.904311373542503,0.0212815635958543,28.1635205632504,30.764947328381893,0.3194276902348981,16.736793946922422,0.9782917599634542,0.0056590941255643,11.471773175028076,1000000.0,824144.7338527774,31.292800312916885,0.2266388329550513,16.404644925266005,0.1539469460828413,0.0055651099552741,11.652474211512944,1000000.0,838285.0882245742,0.11959,1.381,False
hq1585,ok,,0.2,28.1635205632504,0.7798241895336823,4.007644681293668,1.7678399999798642,0.4411169503702623,0.4411169503702623,5.708643177547037,0.7314375279860432,0.0921288325931518,3.000000029998935,2.9223231829550342,11.630966390501008,8.708643207545972,0.0201663762433415,28.1635205632504,30.64631558660677,0.2832493207728104,16.798094812643797,0.6982958816500767,0.0048526216152866,11.868324770106732,1000000.0,894620.4269504744,31.292800312916885,0.2034095109581156,17.450397009900865,-0.0177649158167681,0.0048331417984105,11.987047257052568,1000000.0,913492.4652623576,0.0856,1.2024160535117057,False
hq158,failed,Infeasible_Problem_Detected,0.29,,,,,,,,,,,,,,,,,,,,,,,,,,,,,,,,,,
hq159,ok,,0.2,28.1635205632504,0.8331415182511952,3.7511733566490193,1.767839999994908,0.4712765398755515,0.4712765398755515,5.840759606389747,0.8387577961708541,0.0960909350965668,3.000000029998935,2.896803209124705,11.737562845513388,8.840759636388682,0.0200299512753979,28.1635205632504,30.57072691226045,0.268877177199715,16.770328830326743,0.5593151042877139,0.0048841181568895,11.490072144805373,1000000.0,953429.0517298994,31.292800312916885,0.1932806003977693,17.185701400059322,-0.1275583425903221,0.0048536880880419,11.537883298642887,1000000.0,975948.8223471672,0.08967,1.123783779264214,False
hq159b,ok,,0.2,28.163520563250536,0.7696849323098263,4.0604384137035545,1.767839999999898,0.4353815573297757,0.4353815573297757,5.781911379273055,0.7417161014244807,0.0909688829738738,3.0000000299989376,3.108940473343514,11.890851882615507,8.781911409271991,0.0208245689233247,28.163520563250536,30.67980776820092,0.2927527843859443,16.992878814178063,0.7484679738664479,0.0049540699111218,11.786308142756628,1000000.0,883953.5758518607,31.29280031291701,0.2078229605490049,17.332761951001206,-0.0144018530643331,0.0049209665113171,11.967243449485313,1000000.0,901615.2560020848,0.0895170466655901,1.25988762541806,False
hq17,ok,,0.2,28.1635205632504,0.825693673753829,3.785009338126348,1.767839999997198,0.4670635768820355,0.4670635768820355,6.640431106066468,1.3014306001041325,0.0935578599872432,3.000000029998935,3.6903032503642414,13.330734386429643,9.640431136065402,0.0227725151451301,28.1635205632504,30.634281843056485,0.3068499300698456,20.995043899154048,-2.571856589396608,0.0086023635050916,8.817252573882003,1000000.0,946870.309895464,31.292800312916885,0.21266448065839,20.53062944773632,-3.450328214658437,0.0093293934025978,7.844269362399364,1000000.0,967224.356085384,0.15217,1.2846,False
hq2010,ok,,0.19,28.1635205632504,0.7246509512702793,4.312777426499274,1.767839999753848,0.40990754331341,0.40990754331341,5.72443279650914,0.7307770054227852,0.0865334566177163,3.000000029998935,3.01139487958327,11.735827706091344,8.724432826508075,0.0202826747905217,28.1635205632504,30.36634189906891,0.3132609214976137,15.99754112085554,0.3206641845427597,0.0051568797277037,11.861974434196163,1000000.0,823730.5676171271,31.292800312916885,0.2192935190062921,16.208528125837628,-0.5273725060818931,0.0051934354060333,12.000144509158664,1000000.0,848862.0805813561,0.0997,1.304499331103679,False
hq2012,ok,,0.19,28.16352056187497,0.6928516428293272,4.510717839421094,1.7678399999384724,0.3919198812411989,0.3919198812411989,5.818380222153024,0.779433396240961,0.0820612818398007,3.0000000299231826,3.1025437560150886,11.920924008091296,8.818380252076206,0.0207972010435797,28.16352056187497,30.671604491149,0.3262143004878702,16.016603035722053,0.4488535326029195,0.0056451045275168,11.659686429340889,1000000.0,795500.73387917,31.2928003121788,0.2318280760977598,15.69358920493582,-0.3935714296947517,0.0055606759802076,11.858612731969677,1000000.0,811612.1091955309,0.11973,1.3981859531772576,False
hq208,ok,,0.2,28.163520563250497,0.8474257319847169,3.687943553803205,1.7678399999999996,0.4793565775096825,0.4793565775096825,5.709128271929118,0.7912174368986741,0.091358169538466,3.0000000299989376,2.725642848241065,11.43477115016912,8.709128301928056,0.0194885548143364,28.163520563250497,30.63358946042804,0.2564698822264293,16.7216979637199,-0.19622844145081,0.0046533881966457,11.698718174098492,1000000.0,971769.7439340524,31.292800312916963,0.1871933867441393,17.647808798043446,-0.8332369280856579,0.004717191868717,11.587054072529543,1000000.0,992681.4677184698,0.07976,1.0712,False
hq2090sm,ok,,0.2,28.1635205632504,0.7471777980870611,4.182750442532444,1.7678399999997374,0.4226501256262852,0.4226501256262852,5.7179120150071885,0.7088498962637216,0.0885607556612139,3.000000029998935,3.0707544301863834,11.788666475192509,8.717912045006123,0.0206710573941718,28.1635205632504,30.645205265288777,0.2996553050389239,16.872642912765432,0.1829398342418502,0.0049231502754774,11.971143617107836,1000000.0,857137.1752509826,31.292800312916885,0.2125230229741165,17.388273239253575,-0.6029753381161186,0.0049204247362035,12.158770397748269,1000000.0,875250.2139800529,0.0897,1.2843458193979933,False
hq209,ok,,0.19,28.163520563250422,0.7690979784919758,4.063537225422913,1.7678399999999024,0.4350495398294066,0.4350495398294066,5.729831512028338,0.7416883960610752,0.0914747433820271,3.000000029998936,2.9626356588404845,11.692467200867757,8.729831542027274,0.0201137874066225,28.163520563250422,30.35974292349193,0.2941945538717836,16.14891708910425,0.1481386750152116,0.0048791661695193,11.85097878125378,1000000.0,874064.73351891,31.292800312916903,0.2067481602824867,16.51656429936568,-0.6473961886065963,0.0049073709692517,11.981586391633789,1000000.0,900927.6934754822,0.0897299999999999,1.2219,False
hq2195,ok,,0.19,28.1635205632504,0.6459345647106738,4.838351131299753,1.7678399904724131,0.3653806725675795,0.3653806725675795,5.555960992174469,0.5975921743605028,0.0735073390211306,3.000000029998935,3.0411174696936585,11.597078491867062,8.555961022173403,0.020583909202583,28.1635205632504,30.665714221362947,0.3405337974834194,15.236614782445129,0.2655539411460345,0.0050770468166631,12.56227915943029,1000000.0,741490.257889404,31.292800312916885,0.241266892648284,15.270306724175908,-0.6225702400908142,0.0050979617306699,12.897804449761036,1000000.0,756653.0623291996,0.09492,1.4846,False
hq2510,failed,Maximum_Iterations_Exceeded,1.42,,,,,,,,,,,,,,,,,,,,,,,,,,,,,,,,,,
hq2511,ok,,0.2,28.163520563250405,0.7512725532984071,4.159952672138768,1.7678399999994976,0.4249663732569806,0.4249663732569806,5.977302729152215,0.829175225976077,0.0892805498770517,3.000000029998935,3.2533668958792084,12.230669655030358,8.97730275915115,0.0212859034311067,28.163520563250405,30.63519751050887,0.3093981139942027,17.661795061653706,-0.3553447976838727,0.0054094705764901,11.41845391990033,1000000.0,861553.0924526659,31.29280031291689,0.2176535773029366,17.91378654019662,-1.1763530727505158,0.0054835611002583,11.441958390268962,1000000.0,880046.8438908875,0.1099905717023315,1.3292545150501671,False
hq2512,ok,,0.2,28.163520563116347,0.753216912125007,4.149214144412721,1.7678399999999863,0.4260662232583337,0.4260662232583337,6.089420225925043,0.8872007667442053,0.0896259308663446,3.000000029991789,3.3940493868149435,12.483469642731777,9.089420255916831,0.0217642300953482,28.163520563116347,30.63443181143853,0.3149937271076295,18.07491381274168,-0.2864186865648457,0.0056027293791936,11.201530223413176,1000000.0,863761.2774511661,31.29280031284248,0.2198029826537986,18.03290318875888,-1.1361893630789763,0.0055855444530349,11.325662081155366,1000000.0,882324.4817993513,0.11961,1.3539260869565215,False
hq258,failed,Infeasible_Problem_Detected,0.26,,,,,,,,,,,,,,,,,,,,,,,,,,,,,,,,,,
hq2590sm,ok,,0.19,28.1635205632504,0.6339564866757749,4.929767784731054,1.7678399998120635,0.3586051264498879,0.3586051264498879,5.534956185469823,0.5622433866047025,0.0721904189833809,3.000000029998935,3.123277778875091,11.658233994343847,8.534956215468757,0.0208346947175955,28.1635205632504,30.62285565201892,0.3497745941906367,15.46775480621304,-0.220128520599342,0.0050559637106783,12.642579133201924,1000000.0,726723.117156304,31.292800312916885,0.2452219309390655,15.783979287485822,-1.1621687610518678,0.0053656786126273,12.666587434935186,1000000.0,742621.8392683907,0.0903200839832033,1.5267,False
hq259,ok,,0.2,28.163520563250405,0.8459397219849601,3.6944219361948334,1.7678399999999423,0.4785159980456306,0.4785159980456306,5.84892470947602,0.8582744691465387,0.0936970164257399,3.000000029998935,2.879178277643473,11.728103017118428,8.848924739474954,0.019989431930384,28.163520563250405,30.600345483584963,0.2640839530019023,16.913889478791248,-0.762946927682832,0.0049723799653031,11.335220431207905,1000000.0,969012.961393605,31.29280031291689,0.1905322708183082,17.9724046192092,-1.4450369177407425,0.0055843783248233,10.515344437558635,1000000.0,990940.7433907784,0.08967,1.102,False
hq259b,ok,,0.2,28.1635205632504,0.633956480129434,4.929767835636662,1.7678399998120633,0.3586051227468713,0.3586051227468713,5.534956103074169,0.5622433356356272,0.0721904177020604,3.000000029998935,3.123277702082066,11.658233835155167,8.534956133073104,0.020834694443981,28.1635205632504,30.62285563390621,0.349774593440198,15.467754628725976,-0.2201285273364885,0.0050559637116674,12.642579222428951,1000000.0,726723.1092221995,31.292800312916885,0.2452219311039189,15.783979232975987,-1.1621687595316132,0.0053656786102858,12.666587497218742,1000000.0,742621.8315999532,0.09032,1.5267,False
hq300gd2,ok,,0.19,28.1635205632504,0.6587183358390605,4.744453118590721,1.767839999192382,0.3726119649628861,0.3726119649628861,6.240648518985213,0.9358977690086396,0.0764918768645953,3.000000029998935,3.820678929887343,13.06132747887149,9.240648548984147,0.023220680054333,28.1635205632504,30.640075822082427,0.3767161242921418,18.48634213026651,-1.87248026746746,0.0066344371975314,10.942420038951417,1000000.0,755532.9798608929,31.292800312916885,0.2555172132064344,18.933128289727687,-2.694903909805942,0.008281469954984,9.716610337048849,1000000.0,771628.0731776308,0.1657503780551411,1.636397324414716,False
hq3010,ok,,0.19,28.163520563250444,0.6724981790235819,4.647236770397733,1.7678399999954484,0.3804066991499872,0.3804066991499872,5.54685952402378,0.6524282437611709,0.0769107490441703,3.000000029998936,2.768164439792001,11.315023993814718,8.546859554022717,0.0198318466802801,28.163520563250444,30.943399942441346,0.3134257135113036,15.551961392607833,-0.9415868388204638,0.005860809670543,11.75020692655159,1000000.0,778974.0343181798,31.29280031291692,0.2314903625432144,16.09568142441977,-1.6923222224057144,0.0063633458811709,11.084960822102827,1000000.0,787769.8943945742,0.09985,1.3763829431438128,False
hq3011,ok,,0.19,28.163520563250422,0.6629851589974933,4.713918891175382,1.7678399999907226,0.3750255447331051,0.3750255447331051,5.638608437273794,0.6848768438292618,0.0742841669286717,3.000000029998936,2.8975035537229608,11.53611202099569,8.638608467272729,0.0201926257877227,28.163520563250422,30.815349157416364,0.3268344219655187,15.434436250933244,-0.7678931049921444,0.0055017026265298,12.09039077532009,1000000.0,764776.8581762229,31.292800312916903,0.2373326257909447,15.625097357590384,-1.5752503650209226,0.0057151471780067,11.93675576591577,1000000.0,776626.2645474122,0.10985,1.4101314381270904,False
hq3012,ok,,0.19,28.163520563250582,0.6559974155478897,4.764131979065136,1.767839999998807,0.3710728434407708,0.3710728434407708,5.704647189717623,0.716380646069092,0.0727735393438292,3.0000000299989384,2.9489865787127485,11.65363379842931,8.704647219716561,0.0204144743277248,28.163520563250582,30.884296945713345,0.3321927251505218,15.473967216314026,-0.7502521860672392,0.0056642908847909,11.98684194660362,1000000.0,758409.3630676306,31.29280031291706,0.2416943547577049,15.39583121411798,-1.5592034284603096,0.0057642466653116,11.963975651277478,1000000.0,768440.7644324251,0.1197999999999999,1.4576581939799331,False
hq3013,ok,,0.2,28.1635205632504,0.7061830627841637,4.42556389454686,1.7678399999994665,0.3994609595802657,0.3994609595802657,6.042491269717677,0.8516448292365589,0.0832870853181114,3.000000029998935,3.507493660066181,12.549984959782792,9.042491299716612,0.0222242188588764,28.1635205632504,30.736559919413008,0.335522545523033,18.15144038003588,-0.7354031439649555,0.0058691718505065,11.285006774139724,1000000.0,812524.3676530378,31.292800312916885,0.2332320678181113,18.06040698897888,-1.6418248454315754,0.0059235562234104,11.354116486732066,1000000.0,827228.6440971091,0.1298699999999999,1.4637,False
hq3014,ok,,0.19,28.1635205632504,0.7100660880829883,4.401362518293418,1.7678399999999144,0.4016574396342557,0.4016574396342557,6.166027699434134,0.9109171121869704,0.0844341187971324,3.000000029998935,3.529365390088879,12.695393119521947,9.166027729433068,0.022220449075036,28.1635205632504,30.628403957920188,0.3399421109755685,18.200778350355257,-0.6642285020803104,0.0060234603880981,11.102327585507505,1000000.0,814117.2863359095,31.292800312916885,0.2351255667045499,17.899255098415964,-1.5933556305562615,0.0060293071872736,11.226678804039125,1000000.0,831777.2518478085,0.13986,1.4698,False
hq3015,ok,,0.2,28.1635205632504,0.7079745139201639,4.41436549500845,1.7678399999984589,0.4004743155041073,0.4004743155041073,6.229863526483009,0.9571231710412944,0.0835419025303497,3.000000029998935,3.633227278573745,12.86309083505569,9.229863556481943,0.0225821712930288,28.1635205632504,30.6396166123534,0.3451972894445797,18.510089616987425,-0.608069085343765,0.006205482363305,10.956807696373096,1000000.0,812016.3781444313,31.292800312916885,0.2374625445852736,18.235223666157125,-1.572935668040641,0.0064273484023145,10.847818478081075,1000000.0,829327.1646828208,0.14983,1.486,False
hq308,ok,,0.19,28.16352056324505,0.7381916156830679,4.233668060166309,1.7678399999999908,0.4175669832581409,0.4175669832581409,5.659598432782561,0.64225747183561,0.0870538590251161,3.000000029998559,2.8306999714525354,11.490298434233654,8.659598462781119,0.019945424851315,28.16352056324505,30.786839250374808,0.292912772896562,16.500124297406693,-1.133893163458617,0.0059505749789642,11.164476190991644,1000000.0,850742.3459620365,31.29280031291487,0.2136712579089186,17.43905785410334,-1.8662414635065707,0.0067203020246122,10.141670557051814,1000000.0,864723.7260514374,0.07979,1.2610448160535117,False
hq309,ok,,0.2,28.1635205632504,0.7222671910770425,4.327011255957428,1.7678399999997505,0.4085591405767176,0.4085591405767176,5.69131689294299,0.6741314318274969,0.0854588418636204,3.000000029998935,3.144116617951541,11.835433540893463,8.691316922941926,0.02091869467143,28.1635205632504,30.64203738802264,0.3112843774804649,16.674853378618817,-0.9653969107498568,0.0051122211538983,11.942723601159232,1000000.0,828474.9163371171,31.292800312916885,0.2191821381663972,18.114946393382457,-1.823516446131222,0.0064682801396592,10.542671457811773,1000000.0,846069.7241800121,0.08979,1.3425872909698997,False
hq3510,ok,,0.2,28.1635205632504,0.7647412155593939,4.086687368238996,1.767839999999522,0.4325850843739256,0.4325850843739256,5.81613094103061,0.7933067021973104,0.0904438255301262,3.000000029998935,3.048453288096663,11.864584259126207,8.816130971029544,0.0204840722980576,28.1635205632504,30.479965866805205,0.2978622001913772,17.414513296539855,-1.712032843884743,0.0065394270636364,10.475003865907643,1000000.0,872555.0000798295,31.292800312916885,0.209981482047783,18.13436471169921,-2.510082665673539,0.0072602097259357,9.479017704312897,1000000.0,895824.1455667763,0.0996399999999999,1.2524,False
hq3512,ok,,0.19,28.16352056325042,0.6843858323011496,4.566515141160345,1.7678399999996677,0.3871310934820336,0.3871310934820336,5.894837615782175,0.7644489953813783,0.0804542109159117,3.000000029998935,3.397852143707396,12.292689789488506,8.89483764578111,0.0218438188921467,28.16352056325042,30.72818262936392,0.3392957962202889,17.477061231510053,-1.3058764472033324,0.0059421717665058,11.417666132278509,1000000.0,787230.1596202292,31.292800312916903,0.2367306416754346,18.03156428968692,-2.245601246544397,0.0067981907945254,10.626579250046396,1000000.0,801695.189150582,0.11957,1.4833678929765888,False
hq3513,ok,,0.19,28.163520563250515,0.695441273905383,4.493921173314179,1.7678399999999963,0.3933847372530231,0.3933847372530231,6.025302710433281,0.8346229605614564,0.0823166966585157,3.0000000299989367,3.5426824935835115,12.56798523401573,9.025302740432217,0.0223342851481994,28.163520563250515,30.72265322507702,0.3415026513060551,17.98206092109493,-1.2689956145430945,0.0059244181444876,11.3058718191622,1000000.0,799802.9823746057,31.292800312916995,0.2363843806767991,18.10986815893545,-2.217971172512564,0.0063982960276443,10.947840450972668,1000000.0,814645.6243139548,0.13,1.4931,False
hq3514,ok,,0.19,28.16352056323624,0.686594927099871,4.551822540840525,1.767839999999986,0.3883806945763624,0.3883806945763624,6.091501737421691,0.8628918604808109,0.0808972969984753,3.0000000299979046,3.665581018264328,12.757082785683924,9.091501767419595,0.0227516394182882,28.16352056323624,30.719715698000268,0.3511742933517727,18.456531856993514,-1.1897848554015051,0.0063424469544286,11.026086748137477,1000000.0,789553.604657384,31.292800312911897,0.2411862235545158,18.52647117249303,-2.174571228313998,0.0069462678443992,10.517313326755524,1000000.0,804282.94095481,0.14,1.5375,False
hq3518,ok,,0.2,28.163520563234112,0.7125713914322794,4.385887930917546,1.767839999999988,0.4030745946648363,0.4030745946648363,6.494836467148828,1.1186798665506146,0.0837734855286227,3.000000029997775,3.782413176687501,13.277249673834104,9.494836497146602,0.0229687472063978,28.163520563234112,30.478639174301865,0.3577625791915098,19.16802650887297,-1.075417296701913,0.0069108425641429,10.38059714139104,1000000.0,812994.8468742986,31.29280031291088,0.2427037958323309,18.337954522232284,-2.081599905540343,0.0069952578169292,10.331898477306224,1000000.0,834711.9847828879,0.18,1.5139,False
hq358,failed,Maximum_Iterations_Exceeded,1.35,,,,,,,,,,,,,,,,,,,,,,,,,,,,,,,,,,
hq359,ok,,0.19,28.16352056227186,0.6990539227291478,4.470696986262258,1.7678399999943464,0.3954282755969903,0.3954282755969903,5.617590168181469,0.6421659289625732,0.0875313441513218,3.000000029938541,2.98241583375114,11.60000603187115,8.61759019812001,0.0203042413866971,28.16352056227186,30.545882573861945,0.3172111906655246,16.372090792489526,-1.5406279935138365,0.0064691875343349,10.99176984378898,1000000.0,799331.9881391296,31.292800312459587,0.2245394326548883,17.175804927770745,-2.385855330936569,0.0074271141768424,9.834686901948226,1000000.0,818877.5108303127,0.0896999999999999,1.3633,False
hs1404,failed,too few converged polar points,0.01,,,,,,,,,,,,,,,,,,,,,,,,,,,,,,,,,,
hs1430,failed,Infeasible_Problem_Detected,0.79,,,,,,,,,,,,,,,,,,,,,,,,,,,,,,,,,,
hs1606,ok,,0.19,28.1635205632504,0.6345796718845605,4.924926524755477,1.767839997888638,0.3589576390637444,0.3589576390637444,5.453062681805854,0.4676570612302033,0.0731778684355542,3.000000029998935,3.201943135555479,11.655005847360268,8.453062711804789,0.02127074484791,28.1635205632504,30.867213471808217,0.3438252815852204,16.81737125979223,-1.941882456604245,0.0067103931807515,11.310101796541456,1000000.0,733242.1462720458,31.292800312916885,0.242630501309543,17.526385499958447,-2.82388090824449,0.0075725815321066,10.280754880476884,1000000.0,743351.8443529778,0.06014,1.6013260869565216,False
hs1620,ok,,0.19,28.16352056325109,0.6310773337779102,4.95225877768471,1.767839999999864,0.3569764988788345,0.3569764988788345,6.509953541640046,1.141967833343318,0.0726641203453177,3.000000029998941,3.842540074543032,13.35249364618202,9.509953571638988,0.0233131185160451,28.16352056325109,30.66376863544172,0.4013608955080935,20.30881776478241,-1.7070388670019794,0.009603497292357,9.507238863775791,1000000.0,724389.1714585798,31.292800312917585,0.2744816242237525,19.09816471070985,-2.8928984133966447,0.0094624605536196,9.2461252662693,1000000.0,739249.1758202512,0.20016,1.7254,False
hs1708,ok,,0.19,28.163520563231984,0.6174400025603474,5.061638786992075,1.7678399999999832,0.3492623781339676,0.3492623781339676,5.6333216994190485,0.5382742346380173,0.0698171907249968,3.000000029997646,3.732415259625465,12.365736989042158,8.633321729416695,0.0229372255771167,28.163520563231984,30.662848519198707,0.3799326046286832,18.048210009950083,-2.4240959836052776,0.0073808412648599,10.875670843269209,1000000.0,708714.1416303982,31.29280031290986,0.2546833905507382,17.938846040053843,-3.507942486344887,0.0077777864697538,10.344508665685618,1000000.0,723274.2939420465,0.07916,1.7919,False
hs1712,ok,,0.2,28.16352056325042,0.5883961586425203,5.311486520928607,1.7678399999988452,0.33283337781864,0.33283337781864,5.8622527228054375,0.6820230836956375,0.0641363105748901,3.000000029998935,3.662163662012977,12.524416414817347,8.862252752804373,0.0227022431531186,28.16352056325042,30.668743342804987,0.4036472757401909,18.36606222991492,-3.113084079340815,0.0080937427110511,10.65432165288391,1000000.0,675506.6799178555,31.292800312916903,0.2743416608833914,18.396951030396544,-4.200705688613048,0.0087864602958651,9.941323718075878,1000000.0,689252.0964563781,0.11976,1.8462,False
hsnlf213,ok,,0.2,28.16352056317112,0.7295730631168151,4.283680995907969,1.767839999999962,0.4126917951380389,0.4126917951380389,6.1241008682778855,0.9503662964590466,0.0863557854501509,3.000000029994544,3.38846683515323,12.51256773342566,9.12410089827243,0.0216161383417126,28.16352056317112,30.45257167048227,0.3298648351046188,18.736262036179227,1.9263839562944591,0.0072342092204175,10.169676026148348,1000000.0,831680.6610589053,31.2928003128746,0.22779214739672,18.75593603977084,1.0656705210922903,0.0075055817504368,9.660589333603124,1000000.0,854627.8827355173,0.1325187892115795,1.3938,False
ht05,failed,Infeasible_Problem_Detected,0.32,,,,,,,,,,,,,,,,,,,,,,,,,,,,,,,,,,
ht08,failed,Infeasible_Problem_Detected,0.25,,,,,,,,,,,,,,,,,,,,,,,,,,,,,,,,,,
ht12,failed,Infeasible_Problem_Detected,0.25,,,,,,,,,,,,,,,,,,,,,,,,,,,,,,,,,,
ht13,ok,,0.2,28.163520563251524,0.7652646993645913,4.083891845782157,1.7678399999999963,0.4328811992966517,0.4328811992966517,5.442294155243787,0.5522859843023329,0.0934102360123468,3.0000000299989686,2.762854114692612,11.205148299935368,8.442294185242755,0.0195097170776973,28.163520563251524,30.46883528381815,0.2813199556793469,17.139439900036265,2.5304815525776174,0.0062896761962058,10.701846485600628,1000000.0,872833.4298743524,31.292800312917784,0.2009399369730454,17.490534573487412,1.813805978199592,0.005718100396881,10.903036705645578,1000000.0,896437.3587986559,0.0650071189721341,1.1981,False
ht14,ok,,0.2,28.1635205632504,0.7210865123224472,4.334096134356759,1.7678399999981662,0.4078912754113467,0.4078912754113467,5.505305647048598,0.5573454592882873,0.0870054195514431,3.000000029998935,3.013129124183936,11.518434801231468,8.505305677047533,0.0203661625403905,28.1635205632504,30.48254214463533,0.3066267558230857,17.944096553770134,2.734140924562169,0.0065331718929588,10.792509612259671,1000000.0,822815.3658365054,31.292800312916885,0.2148424095766791,18.36784906445593,1.919592593252797,0.0059565241968509,11.048017126976024,1000000.0,844686.6673832479,0.0748959895659895,1.3203759197324416,False
ht21,failed,Infeasible_Problem_Detected,0.29,,,,,,,,,,,,,,,,,,,,,,,,,,,,,,,,,,
ht22,ok,,0.2,28.16352056314601,0.6705511309670805,4.660730735167397,1.7678399999998673,0.3793053279522642,0.3793053279522642,5.152847686376417,0.4034606044688322,0.0796509517467506,3.000000029990097,2.7554346913427605,10.908282407709276,8.152847716366516,0.0193292912504638,28.16352056314601,30.225974175220507,0.317592455894553,14.926425837169148,2.1481161712791463,0.0057248295477627,11.869130736283266,1000000.0,758710.412759492,31.29280031289308,0.2214597938760878,14.99290309534906,1.2864312485386018,0.0051614909619743,12.465079395494753,1000000.0,785489.1062951908,0.0507889133239038,1.3882829431438126,False
ht23,ok,,0.2,28.16352056325043,0.7086772920103455,4.40998787577015,1.7678399999997865,0.4008718503996012,0.4008718503996012,5.468540054603202,0.4993321801943783,0.0840056978845012,3.000000029998936,3.280671503871248,11.749211588473385,8.468540084602138,0.0213705083328675,28.16352056325043,30.62325007104627,0.3153290367749997,16.77124924295225,2.1556761641844813,0.0057356831037471,11.49989309359046,1000000.0,812388.2549950392,31.29280031291691,0.2176594316734972,16.549471821285017,1.2879685597918942,0.0053156947331398,11.939387916599207,1000000.0,830150.4047134023,0.0650768213141513,1.4047702341137125,False
ht33,failed,Infeasible_Problem_Detected,0.26,,,,,,,,,,,,,,,,,,,,,,,,,,,,,,,,,,
ht34,ok,,0.2,28.16352055701079,0.8517756534625355,3.669109645121086,1.7678399999996337,0.4818171630140239,0.4818171630140239,5.547920277198762,0.712343106977464,0.0824059862135738,3.000000029666609,2.5522764662362665,11.100196773101636,8.547920306865372,0.0189045357063982,28.16352055701079,30.643434541333527,0.247535159169802,17.209496256934113,2.07905725036797,0.0054858930991073,10.864177630813334,1000000.0,977071.8480385988,31.292800309450456,0.1827901135298762,17.84495903151456,1.5875450612726925,0.004991801355518,11.128751500322476,1000000.0,997777.001380702,0.0697351646424462,1.03348127090301,False
ht35,ok,,0.2,28.1635205632504,0.8400448418924882,3.720346911910179,1.767839990893065,0.4751814905307805,0.4751814905307805,5.6345282357213975,0.7367992286131299,0.0935679665428082,3.000000029998935,2.6701385291678483,11.30466679488818,8.634528265720332,0.0193094384594294,28.1635205632504,30.649153335752345,0.2555198539577737,17.299232787190977,2.145567310759705,0.0055234151229153,10.89144861094823,1000000.0,963795.272688058,31.292800312916885,0.1872205878058022,17.748682024635414,1.6466916806971048,0.0050315937571096,11.192321145004136,1000000.0,984035.4374676672,0.0749927934255443,1.0700909698996657,False
isa571,ok,,0.19,28.163520563250486,0.63709987086301,4.905444826636445,1.767839999993127,0.3603832195591722,0.3603832195591722,5.438320730605229,0.5178901975579676,0.0700367836372146,3.000000029998936,2.9136800111727394,11.352000771776904,8.438320760604164,0.0201823177033326,28.163520563250486,30.715368106727222,0.3368680044508865,16.433333811542777,-1.4619400897886772,0.0073966193935339,10.812009881549455,1000000.0,732532.8071105467,31.29280031291697,0.2412492507203543,16.556385672226487,-2.3819684480599657,0.0073664937329039,10.432181741597695,1000000.0,746304.0252657859,0.0740076692880475,1.426433779264214,False
isa960,ok,,0.2,28.163520563250536,0.6619897028965034,4.721007369035361,1.767839999999978,0.3744624529915104,0.3744624529915104,5.667834155332069,0.646107424544701,0.0768447950791941,3.000000029998936,3.284591518268276,11.952425703599282,8.667834185331005,0.021392255244203,28.163520563250536,30.6352920025347,0.3431366351160452,20.13373896140209,-2.051609783132001,0.0111736856286977,8.580789248712653,1000000.0,759166.6065369826,31.292800312917027,0.2384936503538096,19.919545771843072,-2.9910195005519986,0.0110424987834224,7.792053078040793,1000000.0,775460.1790846677,0.0944479486852947,1.4956765886287626,False
isa961,ok,,0.19,28.16352056325084,0.6524729494705931,4.789866412293852,1.767839999999858,0.3690791867310647,0.3690791867310647,5.661410689257157,0.6358916266177758,0.075681617799922,3.0000000299989407,3.169878278153412,11.831288997409509,8.661410719256098,0.0210185231776958,28.16352056325084,30.65971468988524,0.3440643305293416,17.853037165103224,-2.1582986093431207,0.0080092123032253,10.270417250789446,1000000.0,748849.3523360018,31.292800312917315,0.2417929212085116,17.83463583666975,-3.105128913151169,0.0079206621798588,9.879134297989232,1000000.0,764312.17590028,0.0943989082186538,1.5110926421404682,False
isa962,ok,,0.2,28.16352056311765,0.6012855295023956,5.197627603277807,1.7678399999980663,0.3401244057737426,0.3401244057737426,5.605062919063048,0.5690095707130105,0.0653892726126836,3.000000029989698,3.5099499443590854,12.115012893411832,8.605062949052746,0.0220486133498204,28.16352056311765,30.482188178140976,0.3867739062339754,18.249925820497936,-1.9102622369266269,0.0088933312741371,10.13951442813889,1000000.0,686105.2306778905,31.292800312865733,0.2606698246079114,18.982192778462544,-3.043399734263899,0.0102779964195369,8.746349186364348,1000000.0,704350.8114227944,0.0973137123176661,1.6985,False
ist-mt1-12,ok,,0.2,28.163520563250408,0.6255257208877704,4.996210645285979,1.767839999999905,0.3538361621457846,0.3538361621457846,5.804646735899799,0.6467447129573518,0.0702464680222558,3.000000029998935,3.6746161213399753,12.479262887238708,8.804646765898735,0.0227076574532454,28.163520563250408,30.61882697752036,0.3795534839018325,18.640268712357607,-4.447241383998266,0.0079369145135561,10.46474600276698,1000000.0,716964.3456509575,31.292800312916896,0.2563800485212563,18.900195151546864,-5.435302257566572,0.008773130353564,9.547783917577595,1000000.0,732745.9708501704,0.1199763000854029,1.6693,False
ist-mt1-15,failed,Maximum_Iterations_Exceeded,1.29,,,,,,,,,,,,,,,,,,,,,,,,,,,,,,,,,,
ist-mt1-18,ok,,0.2,28.163520563250405,0.374784880365656,8.338805617103677,1.7678399999996215,0.2120015840606255,0.2120015840606255,5.113127958298457,0.3864244156865695,0.0281609147492413,3.000000029998935,2.247407457729085,10.360535446026478,8.113127988297393,0.0178471520422421,28.163520563250405,30.61023348307277,0.526227054190989,15.612135565667312,-4.941713050226329,0.0094769609492048,12.398218204094494,1000000.0,429449.93626345217,31.29280031291689,0.3942972293130495,17.550352024953362,-5.963730635476568,0.0100001292280871,11.880599547162872,1000000.0,439026.08934095816,0.1799921454665076,2.210998662207358,False
ist-mt1-21,ok,,0.19,28.1635205632504,0.5849923110963908,5.342392028919554,1.7678399983540891,0.3309079507427345,0.3309079507427345,6.221161533274438,0.7731440798561664,0.0650180782515694,3.000000029998935,4.635485254550559,13.856646817823933,9.221161563273371,0.0259933252801199,28.1635205632504,30.638514619949603,0.4500687867185854,20.907282641692245,-3.357385462116981,0.0095933305340232,9.782675970283687,1000000.0,670936.9390966074,31.292800312916885,0.2871130503544846,19.213629939604672,-4.674061067510164,0.009620295734863,9.521182250867358,1000000.0,685264.8021010475,0.2099818753956264,2.0244030100334447,False
ist-mt1-24,ok,,0.19,28.16352056323572,0.5546943565004272,5.634198778075032,1.76783999999995,0.3137695473009112,0.3137695473009112,6.223806918584915,0.7942967957213841,0.0583589531476619,3.000000029997773,4.072826220401795,13.296633168984483,9.223806948582688,0.0240641318369143,28.16352056323572,30.621024589709616,0.4559894781428948,19.904666700130004,-2.379547359291771,0.0100102218455704,9.885966521428692,1000000.0,635824.5664352629,31.29280031291268,0.3028823161380411,18.76427539017914,-3.5885894114023893,0.0100261133767732,9.594114471830354,1000000.0,649773.5284203842,0.2399869037776717,2.069523745819398,False
j5012,ok,,0.19,28.16352056316963,0.840421044272445,3.7186815904943007,1.767839999999982,0.4753942914926993,0.4753942914926993,6.319006732111038,1.1103538063483271,0.0950106164367844,3.0000000299946628,3.3645946279025587,12.68360139000826,9.3190067621057,0.0216716383058949,28.16352056316963,30.64527361707816,0.286632200297638,18.911037336548816,2.932575990421385,0.0059882124976016,10.38362524353134,1000000.0,964104.8334849305,31.2928003128717,0.201971536088534,18.13897791702664,2.0745262136113563,0.005409682560096,10.87108729994953,1000000.0,984476.118957062,0.1199438190749078,1.2011,False
jn153,ok,,0.2,28.16352056325507,0.3610796542529869,8.655315326657103,1.7678399999999788,0.2042490577501308,0.2042490577501308,4.955973961928841,0.3537534358358867,0.0235877155684859,3.0000000299985565,2.076476663700948,10.032450655628343,7.955973991927397,0.0172001939187808,28.16352056325507,30.493934003706663,0.5329462616595508,15.666122379152169,-2.960275914860248,0.0157922226576177,9.725842277274053,1000000.0,412173.7335286719,31.29280031292602,0.4013357035865607,20.75835534479792,-4.080755539421115,0.0256876779007099,6.218515950599482,1000000.0,422971.6748248388,0.1756713191461328,2.222333110367893,False
joukowsk,ok,,0.2,28.16352056325068,0.7225432334491126,4.32535815286952,1.7678399999999503,0.408715287270982,0.408715287270982,5.919941444062687,0.7634606964952494,0.0854060300565295,3.00000002999894,3.453593151067983,12.37353462512961,8.919941474061627,0.0218864064122417,28.16352056325068,30.522168377153733,0.3278728757928828,18.464902867974367,2.861656082258491,0.0067943569244855,10.519189869852074,1000000.0,825549.3889485588,31.292800312917144,0.2248617710472607,18.13653869743404,1.9572435299742668,0.0065159691106576,10.556484161951795,1000000.0,846393.0824834497,0.118,1.417,False
jx-gs-04,ok,,0.2,28.1635205632504,0.7183238439821733,4.350765036868999,1.7678399999850043,0.4063285387751529,0.4063285387751529,5.488101323054379,0.5326112372219798,0.0854870836344803,3.000000029998935,3.0872127176522604,11.575314070705572,8.488101353053313,0.0207274067671766,28.1635205632504,30.645661427977995,0.3060418512388445,16.76275349053883,1.4095692016428416,0.0051142149845063,12.022335742805472,1000000.0,824049.1580853926,31.292800312916885,0.2152324425876563,17.151257678828305,0.6211220018051674,0.0048120979804413,12.54575411960357,1000000.0,841450.45498843,0.0689894670519862,1.335475585284281,False
jx-gs-06,ok,,0.2,28.16352056310569,0.7322719157059584,4.26789311261091,1.7678399999999594,0.4142184336285949,0.4142184336285949,5.51204507296569,0.5676518018434253,0.0868559557376007,3.000000029990513,2.9908650231366964,11.5029101260929,8.512045102956204,0.0203093060984539,28.16352056310569,30.510410978239847,0.3009854840180663,16.420641989963272,1.1260488361860976,0.0048810153215707,12.147934655214469,1000000.0,836342.7069532919,31.292800312843937,0.2117283427471586,16.864530913711526,0.4379420509320594,0.0045773034963323,12.766646475999185,1000000.0,857789.3408403561,0.0709935792298378,1.2953762541806022,False
jx-gs-10,ok,,0.19,28.1635205632521,0.730712732924802,4.276999872563626,1.7678399999999992,0.4133364630989243,0.4133364630989243,5.560862986300825,0.5899768972559771,0.0845982906266998,3.000000029998984,2.996781036626962,11.55764405292677,8.560863016299809,0.020421769196876,28.1635205632521,30.649096695353588,0.3003264615430321,16.247172210750573,1.0014374802461246,0.0046906573260405,12.35989950826737,1000000.0,838355.4513423587,31.292800312918267,0.2133970114804312,16.594809530852928,0.4193130649451246,0.0044229450392693,13.030065550318806,1000000.0,855962.9013170901,0.0740839734402888,1.302833110367893,False
jx-gs-15,ok,,0.2,28.16352056325061,0.8273025347440517,3.777648604167352,1.767839999999994,0.4679736484885818,0.4679736484885818,5.674492798336055,0.7406409178823248,0.0962102518626407,3.000000029998942,2.7611867714182425,11.43567959975324,8.674492828334998,0.0195585815112949,28.16352056325061,30.553988209226887,0.264099834170687,16.094536800902038,0.6623414008913758,0.0043273089421722,12.162152432425598,1000000.0,946228.663764742,31.29280031291706,0.1909840935032233,16.539213272662693,0.1646671714106464,0.00403486026509,12.81810352215312,1000000.0,969108.9890715658,0.0759934340739625,1.1049826086956522,False
k1,ok,,0.19,28.16352056243121,0.6510400444232484,4.800408657419514,1.7678399999932537,0.3682686467246656,0.3682686467246656,5.807190464193775,0.6922113555480349,0.0764437523726073,3.0000000299520115,3.656678884320141,12.463869378465928,8.807190494145786,0.0225719927975369,28.16352056243121,30.517911077591005,0.3666417339861362,16.099669642389657,0.5895167774892484,0.0053086557763301,12.05050339731936,1000000.0,743748.912276363,31.292800312496123,0.246403656443006,15.200386949811149,-0.444196228536298,0.0052595645496897,12.658389622977746,1000000.0,762633.6591428854,0.1159177065053094,1.6192,False
k2,ok,,0.2,28.16352056325076,0.8121480245833208,3.8481387271777545,1.7678399999999963,0.4594013171912177,0.4594013171912177,6.053312996489871,0.9541211705027288,0.0948608042981083,3.000000029998943,3.179279705219185,12.232592731708,9.053313026488814,0.0210242447675071,28.16352056325076,30.621401039531484,0.2865098304024503,17.534304475958514,1.0203900483844497,0.005097086294701,11.331950841583048,1000000.0,930945.13743639,31.2928003129172,0.2030438336797789,17.668456446846104,0.3286555225428651,0.0050980821623607,11.423404080181523,1000000.0,951356.8713093712,0.1027891297399379,1.2051685618729095,False
k3311,ok,,0.2,28.16352056325072,0.7131512906037607,4.382321544918678,1.7678399999998369,0.4034026216195055,0.4034026216195055,5.823496492218124,0.7581602222251976,0.0837700546581395,3.0000000299989384,2.8603575700665527,11.683854092283614,8.823496522217063,0.0199705668014011,28.16352056325072,30.66964739670521,0.3106656270106726,17.182260031341407,-0.6439984971490368,0.0075787372905998,10.10762647476599,1000000.0,818755.6193486019,31.2928003129172,0.2253598301504274,17.493126682690765,-1.4463281154015517,0.0080344545608346,9.286868909558462,1000000.0,835391.2834389836,0.11,1.3479866220735788,False
k3311sm,ok,,0.2,28.163520563250405,0.6791022172942174,4.602043972115145,1.7678399999855423,0.3841423529843035,0.3841423529843035,5.738063172712564,0.7053624562987717,0.080072964958812,3.000000029998935,3.1342779762314765,11.872341178942976,8.738063202711498,0.0208354908198815,28.163520563250405,30.56910971241868,0.3336890509427467,16.431270695839245,-0.2897107032807042,0.0057996806718257,11.621079050989238,1000000.0,777108.711108718,31.29280031291689,0.2343675572403046,16.917741838723092,-1.2483667736452195,0.0063903427480055,11.04288731151228,1000000.0,795505.919110042,0.1102528094575799,1.4237,False
k3,ok,,0.2,28.163520561493705,0.661110077931724,4.72728879792181,1.7678399999999588,0.3739648825299458,0.3739648825299458,6.376259572833459,0.9932936389496284,0.0770494122079129,3.000000029901752,4.025351921837527,13.401611524572736,9.37625960273521,0.0239196661681627,28.163520561493705,30.64287696791732,0.3850618474342598,19.097516548458103,-1.8209237819994444,0.0064859410505099,10.952243308885054,1000000.0,758345.5685055115,31.29280031197872,0.258329085192087,18.276435592085395,-2.8607368536743625,0.0066598108128901,11.084623784150248,1000000.0,774429.7791477846,0.1731130003945731,1.6794,False
kc135a,ok,,0.2,28.1635205632504,0.802449446441349,3.8946481668839,1.7678399999999437,0.4539151995889756,0.4539151995889756,6.5143013478480825,1.1891405416674448,0.0934562418329896,3.000000029998935,3.6169007042248817,13.1312020820719,9.514301377847016,0.0225315841943189,28.1635205632504,30.646410743330883,0.3107662770830654,19.717289294575647,1.4906175295355992,0.0067794246294356,9.992756381491972,1000000.0,920579.1575173558,31.292800312916885,0.2159616727364979,19.0243797806698,0.632630455688518,0.0067351646899943,9.842793024962052,1000000.0,939995.877158072,0.15493,1.3072,False
kc135b,ok,,0.2,28.163520563211907,0.7900594310075174,3.955725535247744,1.7678399999999266,0.4469066380484378,0.4469066380484378,6.219186792935131,1.0248031708592904,0.0930123762662192,3.0000000299964658,3.3798771021011063,12.599063925032704,9.219186822931595,0.0216196146337185,28.163520563211907,30.498476330294764,0.305793711170569,18.433718486930346,1.4275617822242794,0.0059568205176326,10.67906226736834,1000000.0,901990.0418484474,31.29280031289987,0.2125447169371839,18.27434639705327,0.5728831292093216,0.0059525699809312,10.636120579294692,1000000.0,925482.111240764,0.1298,1.2807,False
kc135c,ok,,0.2,28.163520563250707,0.8298653590313787,3.765982314586308,1.767839999999997,0.4694233409309553,0.4694233409309553,6.0458154062312985,0.9619398940133944,0.0955472602403695,3.000000029998941,3.1187532776040205,12.16456871383426,9.04581543623024,0.0208309791300158,28.163520563250707,30.640034455579045,0.2784946771089592,17.758685604274593,1.093714751135839,0.0052294050000855,11.127954961314684,1000000.0,951832.9257082588,31.29280031291716,0.1985443562755253,18.11445965308576,0.3351638837484298,0.0053405701742933,10.978231373757389,1000000.0,972111.10250644,0.10592,1.168743143812709,False
kc135d,ok,,0.2,28.1635205632504,0.8392887092505683,3.72369868813158,1.7678399999999967,0.474753772541955,0.474753772541955,5.848521742523943,0.8694364546917591,0.0933035482261376,3.000000029998935,2.8831588902141947,11.731680662737071,8.848521772522878,0.0200222737990243,28.1635205632504,30.62988211521768,0.2657446435252502,17.63048195058942,0.4125430828935927,0.0061263026074523,10.353290835642262,1000000.0,962322.2875200151,31.292800312916885,0.1920334142277306,19.37611137506805,-0.384642050482277,0.0076089745043128,8.64116740701504,1000000.0,983149.6924068136,0.08992,1.1113,False
kc135winglet,ok,,0.19,28.16352056247636,0.5467664784507099,5.715892229059922,1.7678399999114378,0.3092850475597909,0.3092850475597909,5.290979846947484,0.4312937114492158,0.0547385436863169,3.000000029955345,2.8178470042715973,11.108826881174426,8.290979876902828,0.0197177526445955,28.16352056247636,30.502653775073,0.3894909629752486,15.222255403153175,-1.3753567892261125,0.0068945729336221,11.96123185521272,1000000.0,624314.3884271915,31.29280031251152,0.2761985795226958,16.955564757442943,-2.310500004185432,0.00901706731386,10.052845571117528,1000000.0,640486.7469349591,0.0795999999999999,1.7380755852842809,False
l1003,failed,Infeasible_Problem_Detected,0.25,,,,,,,,,,,,,,,,,,,,,,,,,,,,,,,,,,
l188root,ok,,0.2,28.1635205632504,0.7049096146317535,4.433558904525205,1.7678400094001836,0.398740616166349,0.398740616166349,6.200475871028505,0.9499906364792956,0.0830861241128524,3.000000029998935,3.669101954527039,12.869577855554478,9.20047590102744,0.0227101823485207,28.1635205632504,30.64755069137167,0.346693456209845,18.39825457182077,0.7056527113480902,0.0057977301026088,11.26642353381194,1000000.0,808710.4259590335,31.292800312916885,0.2377356541589269,17.957615730766914,-0.2592806591268864,0.0057246757313038,11.615789598194976,1000000.0,825736.9120735226,0.1398492088935758,1.4966,False
l188tip,ok,,0.2,28.1635205632504,0.6769103836289622,4.616945375769157,1.7678399999733752,0.3829025158606869,0.3829025158606869,5.957004426087381,0.8011677351430557,0.0792042558644176,3.000000029998935,3.638707552037664,12.59571200812398,8.957004456086317,0.0230190037984104,28.1635205632504,31.206531034183385,0.3408057196157575,17.00502957138644,-0.1309912890033563,0.0052099325346466,12.07896598715046,1000000.0,790752.3819914912,31.292800312916885,0.2410177758844247,16.449941604706453,-1.021374283123755,0.0053851021891428,12.253051684408788,1000000.0,792938.3871445945,0.1198895342297214,1.5436,False
l7769,ok,,0.19,28.1635205632504,0.6445008811788511,4.849114028315352,1.767839999600069,0.3645696903139728,0.3645696903139728,5.5165913948073255,0.5776717931276673,0.0742641108990768,3.000000029998935,2.94953148405877,11.466122908865032,8.516591424806261,0.0203950268346663,28.1635205632504,30.852049624123925,0.3333737135077622,17.695040681469404,0.5246209391766887,0.0087118635166235,9.911283384626746,1000000.0,744340.0289205334,31.292800312916885,0.2406909481024813,17.915160500149298,-0.2870248020726565,0.0088492589312849,9.204504036999731,1000000.0,754973.6297489974,0.1098,1.4708254180602007,False
la2573a,ok,,0.2,28.1635205632504,0.7434484984488675,4.203731994514107,1.7678399925341026,0.4205406041206107,0.4205406041206107,6.059824474285752,0.8893661963358785,0.0877037113887489,3.000000029998935,3.2973587693537136,12.357183273638402,9.059824504284688,0.0214452069633377,28.1635205632504,30.64885912009336,0.315606755175608,18.35176303319615,2.3238699435281926,0.0070924016609501,10.198753686820824,1000000.0,852960.739194729,31.292800312916885,0.2219659488881583,19.619099043827664,1.289893973304295,0.0088919669438235,8.51281490556448,1000000.0,870881.6854092849,0.1369863596873591,1.3417076923076925,False
la5055,ok,,0.2,28.163520563250405,0.6960479408616417,4.490004326032434,1.767839999998512,0.3937279057280226,0.3937279057280226,5.973206138866878,0.900271261741382,0.0785068457457714,3.000000029998935,3.0226397165122743,11.995845885378088,8.973206168865813,0.020504499703345,28.163520563250405,30.641131646136724,0.3274073622820695,20.4363051700067,-1.0798347901633525,0.012143513913776,7.951678999025817,1000000.0,798376.5860743864,31.29280031291689,0.2348150634184445,21.22593242056788,-1.891893739163501,0.013611972638315,6.538914552710904,1000000.0,815356.2789735941,0.1593,1.372,False
lds2,ok,,0.2,28.1635205632504,0.6881944477976671,4.541243068024861,1.7678399999757763,0.3892854827400087,0.3892854827400087,5.878047636816564,0.7826846658811224,0.0810472074784551,3.000000029998935,3.329492188773332,12.20753985558883,8.878047666815498,0.0216038896030999,28.1635205632504,30.71889492987076,0.3352834581855626,16.559915438193794,0.9455685131180878,0.0053502374133276,11.885053105705856,1000000.0,791371.8378674041,31.292800312916885,0.2349761416025889,16.47742993630976,-0.0330695689907632,0.0055919402672193,11.877009185482516,1000000.0,806156.6326583646,0.1197004761904761,1.4604,False
legionair140_sm,failed,airfoil 'legionair140_sm' not found in the aerosandbox UIUC database,0.0,,,,,,,,,,,,,,,,,,,,,,,,,,,,,,,,,,
lg10sc,ok,,0.2,28.163520563251875,0.6991464048442284,4.4701056087047535,1.767839999999986,0.3954805892186137,0.3954805892186137,5.881035529296252,0.7395508460420237,0.0825595759934958,3.000000029998968,3.660169731614917,12.541205290910137,8.881035559295219,0.0226194657873217,28.163520563251875,30.56606653770427,0.3424509361689877,18.66881779734165,2.236357037918145,0.0069345497918726,10.560843874466062,1000000.0,799965.9853369489,31.292800312918185,0.2313731400029009,17.727713179972927,1.3206279379663877,0.0061379348517307,11.152079527729184,1000000.0,818985.8451494476,0.09999,1.5056,False
lnv109a,ok,,0.19,28.1635205632504,0.5257157216734145,5.94476849507779,1.767839998294868,0.2973774335802348,0.2973774335802348,5.369160662358578,0.4546093472670853,0.0526574598369314,3.000000029998935,2.942612803532571,11.311773495890083,8.369160692357513,0.0203334222720427,28.1635205632504,30.794669882546124,0.4047016245804105,17.904994611793967,0.0487573169496175,0.011495571160755,9.527013502547277,1000000.0,606024.7434069299,31.292800312916885,0.2899668840401964,18.53113796089543,-0.9432637856492756,0.0122681550903044,8.394883999136812,1000000.0,615827.7179931169,0.1297752303152663,1.822615719063545,False
lrn1015,ok,,0.2,28.163520563250405,0.6813746145659545,4.586696068193392,1.7678399999989964,0.3854277618824901,0.3854277618824901,6.138370217909525,0.9397093183461388,0.0791038956285939,3.000000029998935,3.47586104054475,12.61423128845321,9.13837024790846,0.0223430417390752,28.163520563250405,31.051835958363817,0.3424574289863621,19.6267274959812,-2.200578531488962,0.0092128293252126,9.37931051775936,1000000.0,792021.6819386139,31.29280031291689,0.2442869463636704,19.395174565359167,-3.099262414594233,0.0098844630698749,8.431796414370817,1000000.0,798167.8239456848,0.1518736385708894,1.5055,False
ls013,ok,,0.2,28.1635205632504,0.7230926638835367,4.322071598388613,1.767839999992702,0.4090260792190027,0.4090260792190027,6.128188986788598,0.919598394802052,0.087406896335189,3.000000029998935,3.414704900916377,12.54289391770391,9.128189016787534,0.0218045150223732,28.1635205632504,30.592308970532383,0.3305868680417251,18.79852522929878,2.7894381583381875,0.0068821583545645,10.444928916109108,1000000.0,828075.7191763076,31.292800312916885,0.2299366126733228,17.962743630892554,1.9294977036060104,0.0060241666079357,11.107384729733452,1000000.0,847036.6898137499,0.1286396015936255,1.4229,False
ls413,ok,,0.2,28.1635205632504,0.6392864857221499,4.888666247155683,1.7678399998338783,0.3616201046374235,0.3616201046374235,6.043164679140859,0.761607666058158,0.0737706946060638,3.000000029998935,4.0508841285363495,13.094048837676144,9.043164709139797,0.0240052680113089,28.1635205632504,30.641180204364773,0.3891112366523261,18.395877638784008,-1.074154243110793,0.0059222992658769,11.528471412182869,1000000.0,733271.5764487154,31.292800312916885,0.2576572562674871,17.64588061532337,-2.172996304141063,0.0059164649101743,12.01832725236214,1000000.0,748865.4439517572,0.1293,1.7382,False
ls413mod,ok,,0.2,28.163520562458363,0.5886407068688838,5.309279886744774,1.7678399999712051,0.3329717094751061,0.3329717094751061,5.756164545476014,0.6593847969744129,0.0598440883974086,3.0000000299554586,3.0656482523111888,11.821812827742662,8.756164575431473,0.0205543581420554,28.163520562458363,30.49784865029645,0.3851249856722056,15.436647559622676,-1.006433256401171,0.0059891018826765,12.134108344468231,1000000.0,672021.7590101428,31.292800312490343,0.2709449644530247,15.129474701738058,-1.9621652810427408,0.0058171965859312,12.652133164373865,1000000.0,689538.5622601446,0.1302,1.7572,False
ls417,ok,,0.2,28.163520563250486,0.6487659748522564,4.8172351614335405,1.7678399999999994,0.3669822918659248,0.3669822918659248,6.32219926069579,0.9639860373221342,0.0760435623259017,3.000000029998936,4.078811258981061,13.401010549675783,9.322199290694726,0.0240553578387015,28.163520563250486,30.58397966977164,0.3938835191915818,19.27566883217648,-1.158556322816457,0.0068397131753189,10.80300163149743,1000000.0,742755.5392491329,31.29280031291697,0.2617265488539462,18.24776529996337,-2.233044695559676,0.0067587740658465,11.101351962894514,1000000.0,759969.7953634439,0.1698299999999999,1.7235,False
ls417mod,ok,,0.2,28.1635205632504,0.607868117385884,5.141342630418913,1.767839999996757,0.3438479259361702,0.3438479259361702,6.176633996300578,0.8511592633721108,0.0687031954410271,3.000000029998935,4.127625122778043,13.304259149077556,9.176634026299514,0.0242900668240904,28.1635205632504,30.67088921358911,0.4149874029752684,19.922911895055226,-0.3172961032916276,0.0087498832869469,10.074133884146066,1000000.0,697910.2404017384,31.292800312916885,0.2749739212572522,18.46702916206746,-1.4851570645163623,0.0082127511567896,10.249453450686422,1000000.0,712061.7089756606,0.170003765234147,1.8698,False
ls421,ok,,0.2,28.163520562689595,0.6898081185989491,4.530619720664655,1.767839999999712,0.3901982750696112,0.3901982750696112,6.742194675908538,1.2620823209807932,0.0817007047437075,3.0000000299680294,4.112250447043348,13.854445152919917,9.742194705876567,0.0242173142966141,28.163520562689595,30.64512834214948,0.3814558372687254,20.38995623276924,-1.14714478212071,0.0075819241760054,10.069642239855783,1000000.0,791322.6271188923,31.292800312616137,0.2572444205183922,18.92075530829575,-2.13545730189111,0.0074309446870788,10.210708045738436,1000000.0,808046.8998795982,0.20894,1.6338,False
ls421mod,ok,,0.2,28.16352056318621,0.6463818095013052,4.8350034293358455,1.767839999999751,0.3656336600039575,0.3656336600039575,6.530618096182942,1.095769616657129,0.0752217930510569,3.0000000299946485,4.085454771534602,13.616072897712192,9.53061812617759,0.0241661699422701,28.16352056318621,30.696057708742856,0.3987528998681175,20.147097192784425,-1.1016842974076249,0.0079402973842642,10.187165470091973,1000000.0,742737.8682906721,31.29280031289028,0.2685649932317211,18.78489404005612,-2.1348427975424533,0.0076673508741667,10.374584342345884,1000000.0,757176.964474559,0.20954,1.74,False
lwk79100,ok,,0.2,28.16352056301273,0.7480320068848161,4.177973986184382,1.7678399999994507,0.4231333191267583,0.4231333191267583,5.753610528392077,0.7211118595089678,0.0899787580619994,3.0000000299861336,2.926731337013121,11.680341895391331,8.75361055837821,0.0201180867781161,28.16352056301273,30.550191967738595,0.2984102971117322,17.53796938009913,2.6723955604254424,0.0063861501698819,10.71538738865908,1000000.0,855456.5632498752,31.29280031278634,0.2131495895402723,17.70012553239076,1.895588188263424,0.0059840839086674,10.84168165790369,1000000.0,876250.8411832537,0.0999338791946308,1.273235785953177,False
lwk80080,failed,Infeasible_Problem_Detected,0.28,,,,,,,,,,,,,,,,,,,,,,,,,,,,,,,,,,
lwk80100,failed,Infeasible_Problem_Detected,0.27,,,,,,,,,,,,,,,,,,,,,,,,,,,,,,,,,,
lwk80120k25,ok,,0.2,28.16352056325057,0.8205572673625382,3.808702195332805,1.767839999999996,0.464158106707926,0.464158106707926,6.260465056758127,1.0762147118750909,0.0946306380527138,3.000000029998938,3.3374853233243185,12.597950410081385,9.260465086757064,0.0215588082537841,28.16352056325057,30.616129815954896,0.2921438409221763,18.30166249962432,2.716734051652041,0.0057284202814558,10.69820424303539,1000000.0,940422.5299515392,31.29280031291705,0.2055613034328719,17.849624711723877,1.8800001294179007,0.0055050579810204,10.900579398772376,1000000.0,961207.5274192822,0.1205825890368535,1.2258,False
lwk80150k25,ok,,0.2,28.1635205632504,0.8510480972825145,3.672246346098503,1.7678399999999428,0.4814056120930299,0.4814056120930299,6.709010925523543,1.358057916515484,0.0855916697111267,3.000000029998935,3.714604243043489,13.423615198565969,9.709010955522478,0.0228438160883332,28.1635205632504,30.61898161599977,0.3000821915966856,19.59659463937417,2.6908580481779025,0.006069321404632,10.177756421409113,1000000.0,975458.2480653564,31.292800312916885,0.2077965564946673,18.66463829017778,1.857134462010868,0.0060778932220252,10.149741287567252,1000000.0,996924.7362017544,0.1503732362960669,1.2509,False
m10,ok,,0.2,28.16352056325085,0.8291231860240853,3.76935335819834,1.767839999999998,0.4690035218255534,0.4690035218255534,5.533215338100936,0.6827487719513075,0.0947481457593183,3.0000000299989384,2.610644666455295,11.14386003455517,8.533215368099874,0.0190847587132357,28.16352056325085,30.61374186244074,0.2557938359507627,16.242773737145367,0.8867073202345684,0.0048234273063157,11.66649272611664,1000000.0,950165.6243625892,31.29280031291735,0.187461076652455,18.583869457775634,0.2927044254093396,0.0063111398707227,9.754986766447976,1000000.0,971241.7149455376,0.061889764,1.0721,False
m11,ok,,0.2,28.16352056307312,0.7488327209692641,4.173506549704563,1.7678399999995231,0.423586252697906,0.423586252697906,5.664114705777755,0.6985048232312704,0.0914277743264924,3.000000029988713,2.888572521198721,11.55268725696519,8.664114735766468,0.0199963337099839,28.16352056307312,30.56207626304362,0.2946041167572785,17.029197874239557,1.4326719007716335,0.0052883819603944,11.650503795029865,1000000.0,856705.403939532,31.29280031282653,0.210744787689101,17.835878776846602,0.9296580032180578,0.005255614308435,11.68291328872584,1000000.0,877188.8042441963,0.0815,1.2484645484949832,False
m12,ok,,0.2,28.163520562989067,0.717162036269434,4.357813307922267,1.767839999997616,0.4056713482387553,0.4056713482387553,6.1029707270243625,0.8675785904863854,0.0866357708509036,3.000000029983866,3.5557983250475407,12.65876908205577,9.10297075700823,0.0221961526710279,28.163520562989067,30.47155559413093,0.3390714724383202,18.271103824477485,1.835689620530801,0.005836221785269,11.177877187022093,1000000.0,818042.289775877,31.292800312783697,0.2311975972019499,17.764409593954294,0.8473744255280464,0.0053960192310988,11.87555604612816,1000000.0,840089.5038748664,0.1193,1.4713,False
m13,failed,Maximum_Iterations_Exceeded,1.43,,,,,,,,,,,,,,,,,,,,,,,,,,,,,,,,,,
m14,ok,,0.2,28.163520563250472,0.7051179738460835,4.432248760519369,1.767839999999783,0.3988584791871267,0.3988584791871267,5.63207786669926,0.6427412624663478,0.0823690863971948,3.000000029998936,3.136975322217036,11.76905321891523,8.632077896698195,0.0209708804430356,28.163520563250472,30.7542255191184,0.3147577774043358,18.623612987809874,0.0100032195827514,0.0086667118197692,9.49647911880854,1000000.0,811765.178951326,31.29280031291696,0.2229826260905334,19.655171058865697,-0.8141728495888152,0.0099345272071536,8.019742789495602,1000000.0,825980.9901605785,0.0806,1.3686260869565217,False
m15,ok,,0.19,28.1635205632274,0.7143433463442986,4.3750085747812655,1.7678399999983736,0.4040769223147772,0.4040769223147772,6.066713263483983,0.8682259455367276,0.0863933890664515,3.0000000299977923,3.66777555655288,12.734488850034657,9.066713293481776,0.0227607584769421,28.1635205632274,30.72191372272163,0.3368870377210022,19.135697268464625,0.2329153001556125,0.0077465498476983,9.954487791195715,1000000.0,821521.8281184222,31.29280031290325,0.2311853656243431,19.19591795619741,-0.7418083897451478,0.0086616135974884,8.90389070670857,1000000.0,836787.6673316685,0.1199877650525052,1.4677628762541806,False
m16,failed,Infeasible_Problem_Detected,0.27,,,,,,,,,,,,,,,,,,,,,,,,,,,,,,,,,,
m17,ok,,0.21,28.163520562737183,0.7214599755195623,4.331852592860931,1.7678399999999432,0.4081025293689392,0.4081025293689392,5.630833280884646,0.6643710511447243,0.0851253500908728,3.0000000299692897,3.000782828477776,11.631616139331712,8.630833310853935,0.020417880313374,28.163520562737183,30.622824913868328,0.3066504695234098,18.65856947023065,0.6537058594720186,0.0085326814652901,9.458561738158991,1000000.0,827030.130618214,31.29280031265587,0.2179003594504566,19.52347181980884,-0.1400776403175667,0.0092119703846147,8.32407680667621,1000000.0,845124.1452340675,0.0808025602560256,1.3142117056856188,False
m18,ok,,0.2,28.163520563221137,0.7234918667095052,4.319686798711119,1.7678399999999757,0.4092518931065679,0.4092518931065679,6.034755110699918,0.882776754212937,0.0855528102746133,3.0000000299966736,3.347911406635772,12.382666547332365,9.034755140696593,0.0216070166772794,28.163520563221137,30.634193945005222,0.3252924080707376,19.45213169008911,0.8257003092449432,0.008689984671406,9.372432597184917,1000000.0,829667.2533774832,31.29280031290796,0.227457464593365,19.383844696276128,-0.0475501017824996,0.008983440975571,8.603143635966592,1000000.0,847504.3192815422,0.1202,1.3932531772575252,False
m19,failed,too few converged polar points,0.01,,,,,,,,,,,,,,,,,,,,,,,,,,,,,,,,,,
m1,failed,Infeasible_Problem_Detected,0.27,,,,,,,,,,,,,,,,,,,,,,,,,,,,,,,,,,
m20,failed,Maximum_Iterations_Exceeded,1.4,,,,,,,,,,,,,,,,,,,,,,,,,,,,,,,,,,
m21,ok,,0.19,28.163520563250405,0.6661798883821,4.691312842197188,1.7678399999944665,0.3768326819079697,0.3768326819079697,5.837384641802772,0.7775545423711957,0.0778770793574488,3.000000029998935,3.211749799986094,12.049134471787802,8.837384671801708,0.0210361120151212,28.163520563250405,30.47853073898617,0.347282258278413,19.07116237943992,-0.415283896777329,0.0095262169789124,9.326211076798735,1000000.0,760062.6350993748,31.29280031291689,0.2416293592009997,19.334767886062533,-1.3463272633499868,0.0099247236147251,8.433043067184405,1000000.0,780368.5968054415,0.1195,1.477619397993311,False
m22,failed,too few converged polar points,0.01,,,,,,,,,,,,,,,,,,,,,,,,,,,,,,,,,,
m23,failed,too few converged polar points,0.01,,,,,,,,,,,,,,,,,,,,,,,,,,,,,,,,,,
m24,ok,,0.2,28.1635205632504,0.622079218054401,5.02389112949836,1.767839999951574,0.3518866062943713,0.3518866062943713,5.551322579337001,0.6966709771425144,0.0588669989998444,3.000000029998935,2.6473665985549744,11.198689207890911,8.551322609335937,0.0192419651606022,28.1635205632504,30.66521050179541,0.3414569182681092,18.26694349470516,0.1150377298287266,0.0113795576182941,8.716152988240234,1000000.0,714094.1601998084,31.292800312916885,0.2503831266301839,21.0272959645779,-0.6835434980469056,0.0149825207496625,6.45451627895859,1000000.0,728708.7091231399,0.1194315745956314,1.438364882943144,False
m25,failed,too few converged polar points,0.01,,,,,,,,,,,,,,,,,,,,,,,,,,,,,,,,,,
m26,failed,Infeasible_Problem_Detected,0.45,,,,,,,,,,,,,,,,,,,,,,,,,,,,,,,,,,
m27,failed,Infeasible_Problem_Detected,0.33,,,,,,,,,,,,,,,,,,,,,,,,,,,,,,,,,,
m2,ok,,0.2,28.163520563250405,0.7812679978644699,4.000238425409039,1.7678399999999546,0.4419336579466976,0.4419336579466976,5.699441417230182,0.7365968222512514,0.0904425204499349,3.000000029998935,2.8886233097627643,11.58806475699188,8.699441447229116,0.0198920056110799,28.163520563250405,30.40236064868841,0.2862217172974726,18.49608862535249,2.728539664514246,0.0075690324885192,9.661705895878796,1000000.0,889142.1118185167,31.29280031291689,0.2028190735045687,18.714319187177257,2.056214029527426,0.007139743405311,9.410064423682538,1000000.0,915183.754197798,0.08,1.197145150501672,False
m3,ok,,0.2,28.163520563250405,0.755096679700752,4.138884926404643,1.7678399999976346,0.4271295364409462,0.4271295364409462,6.13390372988128,0.9385592245580524,0.0907072083142593,3.000000029998935,3.5022450270810133,12.636148786961227,9.133903759880216,0.0221499600382633,28.163520563250405,30.65858616437553,0.3175515534869395,19.049541387959653,2.9898417378064663,0.0066337538298724,10.411057000400572,1000000.0,866599.6754896784,31.29280031291689,0.220328831406073,18.114030346268525,2.0506474688897285,0.0057786686254612,11.097522524671792,1000000.0,884526.4569912837,0.119,1.3632,False
m4,ok,,0.19,28.163520563251296,0.8182516032606341,3.819434331868366,1.7678399999999996,0.4628538800234377,0.4628538800234377,5.534086647026477,0.676627592618638,0.0956183641771505,3.00000002999895,2.610753737415679,11.144840414441106,8.534086677025428,0.0190262350405673,28.163520563251296,30.51927111105609,0.2608224635693851,16.647621468789946,1.662615231797474,0.0060063272146915,10.597612511373622,1000000.0,934813.25188535,31.29280031291772,0.1899711469847652,18.781170752844712,1.045795345885981,0.00756101410819,8.712002631893055,1000000.0,958506.6535393166,0.0627735503129439,1.0892,False
m5,ok,,0.2,28.16352056325049,0.7683998021559183,4.067229399111483,1.7678399999999994,0.4346546079712635,0.4346546079712635,5.720950142271427,0.740746307180792,0.0909468086008904,3.0000000299989367,2.9519632680871,11.672913440357462,8.720950172270364,0.0201788797864774,28.16352056325049,30.512607182355623,0.2910313022485799,17.246336898538672,1.9517587480950065,0.0057074087958823,11.131284815854954,1000000.0,877668.2756288758,31.292800312916963,0.2067254857409766,17.59340906535576,1.3838581526095288,0.0054486401916031,11.27820476151365,1000000.0,900109.8439768351,0.0820827672767276,1.2300418060200669,False
m665,ok,,0.2,28.1635205632504,0.8180498284061285,3.820376408704112,1.7678399999963854,0.4627397436463713,0.4627397436463713,5.735913066254597,0.7790774132479588,0.0952891169921981,3.000000029998935,2.856023318578492,11.591936414832023,8.735913096253533,0.0199098234622248,28.1635205632504,30.59899192573287,0.269940664231825,17.296734272576813,1.4072398100889,0.0053600694179752,11.14909852618473,1000000.0,937024.0010291188,31.292800312916885,0.1945118244962402,17.668555903569995,0.9752270476896168,0.0050030814939748,11.43419744360622,1000000.0,958270.2928182284,0.078065,1.134094481605351,False
m685,ok,,0.2,28.1635205632504,0.7883887645253331,3.96410807232706,1.7678399999962753,0.4459616054207361,0.4459616054207361,5.977129916495921,0.895979723200134,0.0927715407635141,3.000000029998935,3.1401155085801222,12.117245455074976,8.977129946494856,0.0209093849478926,28.1635205632504,30.64835887022791,0.2918470771605978,18.05947367747144,1.4751611210672368,0.0058682831902344,10.835179620909946,1000000.0,904506.0767174704,31.292800312916885,0.2074027667749118,18.010329476379617,0.9071045188726898,0.0055145126122541,11.0882213973815,1000000.0,923525.078794185,0.102085,1.2340745819397994,False
m6,ok,,0.21,28.16352056325044,0.7232122973758561,4.321356643049017,1.767839999999971,0.4090937513439384,0.4090937513439384,6.042067920037864,0.885487486762973,0.0855956412799582,3.000000029998936,3.3976253325645853,12.439693282601384,9.0420679500368,0.0216754812402457,28.16352056325044,30.492459327759605,0.3299630289620379,18.239363186604923,2.25478380169826,0.0063516280530318,10.809630617691708,1000000.0,825509.5343852586,31.29280031291692,0.2277295691488598,17.79247016991247,1.438229940729159,0.0058816799660453,11.244596173996964,1000000.0,847176.8294664782,0.1201,1.4052,False
m8,failed,airfoil 'm8' not found in the aerosandbox UIUC database,0.0,,,,,,,,,,,,,,,,,,,,,,,,,,,,,,,,,,
m9,ok,,0.19,28.16352056325042,0.6693477983116364,4.669109651877793,1.76783999998869,0.3786246483369075,0.3786246483369075,5.677240342043574,0.5376857912398145,0.0775957447886821,3.000000029998935,3.880176027070832,12.55741639911334,8.677240372042508,0.0233491620005541,28.16352056325042,30.54318032880188,0.3586957753467961,19.903126411178324,-1.135215783277766,0.0091646789782224,9.483951372191616,1000000.0,765296.8639456925,31.292800312916903,0.2361278698563947,19.70340075618581,-2.2181433357706464,0.0095602433356669,8.56547478965701,1000000.0,784079.5125375708,0.104,1.6266351170568565,False
ma409,failed,airfoil 'ma409' not found in the aerosandbox UIUC database,0.0,,,,,,,,,,,,,,,,,,,,,,,,,,,,,,,,,,
ma409sm,ok,,0.2,28.163520563245665,0.6813653058934892,4.586758730693952,1.7678399999996937,0.3854224963195805,0.3854224963195805,5.2800611516453255,0.5148287942157164,0.0783550773593368,3.000000029998641,2.766685107717254,11.04674628936122,8.280061181643966,0.0197788507432899,28.163520563245665,30.868627719133134,0.3034771767388671,15.248795078613092,-1.3507396647896517,0.0054864220918623,12.054241983733917,1000000.0,787337.9361702132,31.29280031291469,0.2213456492519371,15.961815683959768,-2.0854705686464605,0.0059393974054302,11.38932868002293,1000000.0,798156.919689877,0.0669285714285714,1.2974304347826089,False
marske1,ok,,0.2,28.16352056325132,0.6979239035614428,4.477935559524572,1.7678399999999952,0.3947890666358068,0.3947890666358068,6.020075929696973,0.836803877133912,0.0818053619251011,3.000000029998945,3.443335496245914,12.463411455941833,9.02007595969592,0.0219400445968346,28.16352056325132,30.64568041928285,0.3391537636840615,20.14609177806603,2.3093032637259,0.0096775460988219,9.038071633659824,1000000.0,800647.1821287739,31.29280031291779,0.2354071135089098,19.94228204926388,1.361512669297751,0.009865544569939,8.264266929635882,1000000.0,817553.7970986366,0.139952731514567,1.461059866220736,False
marske2,ok,,0.2,28.16352056325044,0.669877544295128,4.665417272478183,1.767839999999932,0.3789243055339588,0.3789243055339588,5.920872432632362,0.7667401535498458,0.0807595561856679,3.000000029998936,3.6457479543491673,12.566620416980465,8.920872462631298,0.0225385188316117,28.16352056325044,30.52277485728392,0.3591545468872253,19.01120578143776,2.922705745373208,0.0079447717033581,10.132188763392804,1000000.0,765390.8586966904,31.29280031291692,0.2425656898260556,18.272934624233383,1.8779289169761404,0.0074690904576515,10.16662280855576,1000000.0,784700.0613318043,0.1205,1.5553,False
marske3,ok,,0.2,28.1635205632504,0.675477401478703,4.62673992962926,1.7678399998256995,0.382091932270625,0.382091932270625,5.943405818646212,0.7792542485189398,0.0813820683210538,3.000000029998935,3.616735655065448,12.560141503710591,8.943405848645146,0.0223919150124779,28.1635205632504,30.457198942856213,0.3575280379693917,19.087159081671576,2.8463662126831584,0.0076595062031925,10.255631674131743,1000000.0,770131.0300858162,31.292800312916885,0.2411623879711109,18.585742786312984,1.7563977027267303,0.0072468444351576,10.312552386899442,1000000.0,791259.7801417003,0.1206,1.5405,False
marske4,ok,,0.2,28.163520563249755,0.6857314133803742,4.557554466104506,1.767839999999966,0.3878922376348467,0.3878922376348467,5.853800756465386,0.7031575974648074,0.0834484231869306,3.0000000299987484,3.767102738057119,12.620903524521252,8.853800786464134,0.0231456321623231,28.163520563249755,30.78284704707601,0.346437703485914,19.249227195247467,2.603246278226099,0.0079160109665678,10.053449600594009,1000000.0,790181.1542493249,31.29280031291812,0.2351760876904654,18.284399566248336,1.698788905186209,0.0074199162797557,10.04001453731398,1000000.0,803271.4138864563,0.1018999999999999,1.5461,False
marske5,ok,,0.19,28.16352056325152,0.7034748028506185,4.442601572842752,1.7678399999998309,0.3979289997119002,0.3979289997119002,6.248564095097772,0.8373712784431946,0.0821286870030376,3.000000029998956,4.294759462093963,13.543323587190692,9.248564125096728,0.0250987934303843,28.16352056325152,30.96594769413712,0.3581082075378248,20.834364379612623,2.751993935483863,0.0083987493593046,9.622366045813246,1000000.0,815448.9174150623,31.29280031291791,0.2394656504662554,18.9675349627988,1.6862859594699502,0.0078683213158878,9.629865625491574,1000000.0,824056.1661507288,0.1222,1.6139,False
marske7,ok,,0.2,28.1635205632504,0.7486049261976905,4.174776515927416,1.767839999999348,0.4234573978402834,0.4234573978402834,6.047891091757377,0.9147827271557244,0.088496563689193,3.000000029998935,3.3230975144158204,12.370988636172132,9.047891121756312,0.0215274952574062,28.1635205632504,30.64122543669992,0.3139393721387848,19.15116650034017,1.5552639765470644,0.0076093161183942,9.83585794639735,1000000.0,858662.8012747302,31.292800312916885,0.2201466826196763,18.94717739918157,0.9072904851217696,0.0075065546410721,9.478978661581086,1000000.0,876921.9635790742,0.1204739043117579,1.3373,False
mb253515sm,failed,Infeasible_Problem_Detected,0.25,,,,,,,,,,,,,,,,,,,,,,,,,,,,,,,,,,
mh102,ok,,0.2,28.16352056325109,0.6723365378442061,4.648354045461846,1.7678399999999794,0.3803152648679823,0.3803152648679823,6.161769920715997,0.9278732939322576,0.0766913510603876,3.000000029998943,3.5588142505380502,12.72058420125299,9.16176995071494,0.0219105505690599,28.16352056325109,30.065640935543428,0.3733238435414449,18.23337068269408,0.460441825091796,0.0081006607783406,9.979301371529155,1000000.0,756695.2680713951,31.29280031291757,0.248204773380806,17.407520675515254,-0.6678274707290525,0.0081032728040961,9.702596426896646,1000000.0,787580.5465864685,0.169773648234242,1.5458,False
mh104,ok,,0.2,28.16352056318578,0.7781375361153415,4.016331458832646,1.7678399999995955,0.4401628745336226,0.4401628745336226,6.393367084662798,1.073450387483382,0.0920620193701025,3.000000029995153,3.553991876054898,12.94735899071285,9.393367114657952,0.022292380781481,28.16352056318578,30.61209563718337,0.3166977801729997,19.02035583857003,2.191210487398451,0.0066066897501797,10.256505258152314,1000000.0,891688.7043319965,31.292800312884538,0.219878310216899,18.500561136093086,1.294917814613376,0.0067128287461814,10.021606220046396,1000000.0,911516.705573814,0.1525891750069398,1.3434933110367893,False
mh106,ok,,0.2,28.163520563229905,0.7898417047787418,3.956815962858377,1.7678399999999432,0.4467834785833374,0.4467834785833374,6.165614554601226,0.9696686628618306,0.0929929410756002,3.0000000299975413,3.3589094834304505,12.52452406802922,9.165614584598767,0.0216248057347222,28.163520563229905,30.606387966603123,0.3019279581663715,18.61646509363574,2.7496902668098304,0.0063138735308629,10.438520967963704,1000000.0,904932.0682013195,31.292800312908646,0.2113678793084812,18.3168844153054,2.010188593459905,0.0061696839778753,10.39883495152356,1000000.0,925227.0649470632,0.1305309058379489,1.2733645484949834,False
mh108,ok,,0.19,28.16352056325044,0.7548908091944023,4.140013664936763,1.767839999999999,0.4270130833075407,0.4270130833075407,5.975031301020706,0.8457896676509367,0.0892497350333083,3.000000029998936,3.239246591712417,12.21427792273206,8.975031331019641,0.0211192498757613,28.16352056325044,30.464134599269546,0.3109655555735164,18.264325708071063,2.6964371548515738,0.0065392296446253,10.505459866713132,1000000.0,860868.5093991145,31.29280031291692,0.216555538650818,18.080486025366604,2.0119984944215905,0.0061841814141352,10.625373823437492,1000000.0,884285.2985868459,0.119580519991829,1.312092976588629,False
mh110,ok,,0.2,28.1635205632504,0.8529551600449063,3.664035827400956,1.7678399999918128,0.4824843651285503,0.4824843651285503,5.89931725606809,0.8962120318974054,0.0802332033166962,3.000000029998935,2.900526270504117,11.799843556571144,8.899317286067024,0.02009162292938,28.1635205632504,30.645504681337272,0.2627379522355136,18.51079367715301,2.471015902963463,0.0066357162955918,9.87804981847487,1000000.0,978490.9582568348,31.292800312916885,0.1900412815040865,18.669663668524493,1.9579981376520388,0.0063825516121924,9.628502246530054,1000000.0,999158.6852009932,0.0999511617531982,1.0967792642140468,False
mh112,ok,,0.19,28.163520563250884,0.5693757467063595,5.488920600635462,1.767839999999642,0.3220742525943947,0.3220742525943947,5.662100621618962,0.4876335219509881,0.062955341718011,3.0000000299989305,3.904952040580615,12.567052692198509,8.662100651617893,0.0234845324573323,28.163520563250884,30.61003030224532,0.4201586132393384,19.18441608564664,-4.531235555153301,0.0098290026836539,9.907581983517932,1000000.0,652418.9419288886,31.292800312917464,0.2771033156112714,19.59508527565405,-5.803894136465864,0.0114593257231713,8.44464971858391,1000000.0,666971.4295790175,0.0999511617531982,1.8667,False
mh113,ok,,0.2,28.1635205632504,0.5678096179953022,5.504060104921096,1.767839999999556,0.3211883530157959,0.3211883530157959,5.903124489953381,0.6618117721676778,0.0619818250634241,3.000000029998935,3.803094081181385,12.7062186011337,8.903124519952316,0.0231426296031605,28.1635205632504,30.61602015561533,0.4258164409769846,18.91255082978959,-4.161079172661088,0.0091968927499786,10.212377432767846,1000000.0,650751.7099914303,31.292800312916885,0.2855993161018554,19.15143879455384,-5.402885994049005,0.0105806481851866,9.02541727150062,1000000.0,665136.8535343762,0.1465760955526004,1.8748,False
mh114,ok,,0.2,28.16352056324994,0.615366266051634,5.0786961164628055,1.7678399999996186,0.3480893440875683,0.3480893440875683,5.938106442111896,0.688585667352617,0.0748057301590914,3.0000000299988634,4.262178077414911,13.20028454952567,8.938106472110759,0.0248128342672279,28.16352056324994,30.750486300669785,0.4046242892914868,19.53071431288969,-4.219662967540725,0.0087808818425859,10.024230902820904,1000000.0,708352.6309823241,31.29280031291712,0.2645631173288315,19.35418868249928,-5.457560716396678,0.0104461684178412,8.634291529837578,1000000.0,720845.1019513316,0.1305617088251963,1.8465,False
mh115,ok,,0.2,28.16352056325042,0.6440278467779562,4.85267567423003,1.767839999996078,0.3643021126229664,0.3643021126229664,5.972501563044621,0.6518716915901875,0.0777986135030992,3.000000029998935,4.014990982506428,12.987492575549984,8.972501593043557,0.0235662043136269,28.16352056325042,30.23465581702776,0.393474802467877,19.95889092526868,-3.1546887264192693,0.0074927922604815,10.47773128226671,1000000.0,728909.3368123536,31.292800312916903,0.2537618655631188,20.57940588101464,-4.401533786767224,0.0085077817179991,9.611398316914215,1000000.0,754419.5131946433,0.110776161546304,1.7376,False
mh116,ok,,0.19,28.16352056292628,0.6739606658353163,4.637152320524914,1.7678399999775865,0.3812339724431289,0.3812339724431289,5.65245274870596,0.6551718569903464,0.0783992839083803,3.000000029980771,3.069077855509648,11.72153063419638,8.652452778686731,0.0205545803051641,28.16352056292628,30.48094393198401,0.3338868154713853,16.645891773586268,-1.7288701821274362,0.0062061652701855,11.349880664119397,1000000.0,769000.8165579082,31.292800312746213,0.2338418011090256,17.276650219814865,-2.632874032278379,0.0067195441747523,10.736376969167583,1000000.0,789483.0634701758,0.0984882445092612,1.414901337792642,False
mh117,ok,,0.19,28.16352056325057,0.6643905906022516,4.7039472108797415,1.7678399999994925,0.375820544055142,0.375820544055142,5.615426861111978,0.6259285852749097,0.0776388892363716,3.000000029998938,3.101820017397385,11.7172469085083,8.615426891110916,0.0207426658548029,28.16352056325057,30.594804704685693,0.3360570847899213,16.112902650323477,0.0865309866305498,0.0054334988090303,12.06690507468311,1000000.0,760912.9871865395,31.292800312917045,0.2361950482836619,16.64599503619225,-0.8318633665111158,0.0058776621957524,11.725067498425096,1000000.0,778272.598677083,0.0979220997563814,1.4437461538461538,False
mh120,failed,Infeasible_Problem_Detected,0.25,,,,,,,,,,,,,,,,,,,,,,,,,,,,,,,,,,
mh121,failed,Infeasible_Problem_Detected,0.28,,,,,,,,,,,,,,,,,,,,,,,,,,,,,,,,,,
mh122,ok,,0.19,28.16352056325108,0.7244274932175538,4.314107753861071,1.7678399999999963,0.4097811415159489,0.4097811415159489,5.713466774367933,0.7108857617913349,0.0858936217709245,3.000000029998943,3.0472845372248,11.760751341591677,8.713466804366876,0.0205277369553854,28.16352056325108,30.5508415462721,0.310241653249675,16.713686098034067,-2.158313560709725,0.0056805371192066,11.430096850573506,1000000.0,828479.8307924201,31.29280031291756,0.2190854405174801,18.00511520456828,-2.985076492931299,0.0069077081543287,10.102902052149576,1000000.0,848600.3198635433,0.0931516303977727,1.326892642140468,False
mh126,ok,,0.19,28.16352056311522,0.6950985497227383,4.496136938910864,1.7678399999976733,0.3931908711895042,0.3931908711895042,6.33442288600966,1.0216858487755704,0.0814670995815611,3.000000029990108,3.617115886006338,12.951538802006104,9.334422915999768,0.0224984064805965,28.16352056311522,30.60028884122656,0.3549198217635005,21.18674070155585,-4.034271397484609,0.010800092024853,8.56919035243512,1000000.0,796224.8843976134,31.29280031285877,0.2446011821044046,20.94505930271045,-5.1723999595270405,0.0115050952329987,7.544084444100883,1000000.0,814244.1543889968,0.1785128698710648,1.509,False
mh18,ok,,0.2,28.1635205632504,0.8458573987833633,3.694781496370256,1.7678399999979204,0.4784694309351289,0.4784694309351289,6.148238350187964,1.0317079416998527,0.0898132907591476,3.000000029998935,3.1664062979639587,12.314644678150858,9.1482383801869,0.0209980029384393,28.1635205632504,30.64702784650669,0.2764740184662975,18.171851303577416,0.6020979475915419,0.0054017024854434,10.868877954146694,1000000.0,970396.7952862888,31.292800312916885,0.1969961690260829,18.122539588887605,0.0460048654562022,0.0051841911500847,11.068465989409376,1000000.0,990844.3093169192,0.1114018107165843,1.1558076923076923,False
mh200,ok,,0.19,28.163520563250405,0.7332660582269406,4.262106817212853,1.7678399999999548,0.4147807823258662,0.4147807823258662,6.132781480759061,0.9356923120280344,0.0860506330874658,3.000000029998935,3.4946795732276312,12.627461083985626,9.132781510757995,0.0221238937827016,28.163520563250405,30.65817811018643,0.3267894956770166,18.1009328155508,-0.1451092302505467,0.0056496259077757,11.259769968744552,1000000.0,841534.1870974042,31.29280031291689,0.2268605316645492,17.849696213006528,-1.017736092496211,0.0055887587915064,11.504690982824158,1000000.0,858953.887562622,0.1295061443155314,1.4019,False
mh201,ok,,0.2,28.16352056294363,0.6720743138296568,4.650167699151281,1.7678399999999803,0.3801669346941263,0.3801669346941263,6.047005178382692,0.8172036239277991,0.0786625433328834,3.0000000299802863,3.750931399111577,12.797936607474556,9.04700520836298,0.023021016453881,28.16352056294363,30.69045364497209,0.3605972076542077,18.03351281466588,-0.967032364806359,0.0054973109063321,11.7175742457229,1000000.0,772119.3624896577,31.292800312770552,0.2451912701164436,17.564382500888815,-1.980776356791376,0.0053619378136698,12.34053185848542,1000000.0,787273.3752168207,0.1306880236888251,1.5866,False
mh20,failed,Infeasible_Problem_Detected,0.26,,,,,,,,,,,,,,,,,,,,,,,,,,,,,,,,,,
mh22,failed,Infeasible_Problem_Detected,0.28,,,,,,,,,,,,,,,,,,,,,,,,,,,,,,,,,,
mh23,failed,Infeasible_Problem_Detected,0.25,,,,,,,,,,,,,,,,,,,,,,,,,,,,,,,,,,
mh24,failed,Infeasible_Problem_Detected,0.31,,,,,,,,,,,,,,,,,,,,,,,,,,,,,,,,,,
mh25,failed,Infeasible_Problem_Detected,0.28,,,,,,,,,,,,,,,,,,,,,,,,,,,,,,,,,,
mh26,failed,Infeasible_Problem_Detected,0.37,,,,,,,,,,,,,,,,,,,,,,,,,,,,,,,,,,
mh27,failed,Infeasible_Problem_Detected,0.24,,,,,,,,,,,,,,,,,,,,,,,,,,,,,,,,,,
mh30,ok,,0.2,28.16352056325041,0.8446357127326402,3.7001256500140776,1.76783999999999,0.4777783694976044,0.4777783694976044,5.715735580546321,0.7859348047176117,0.0937272241503339,3.000000029998936,2.743630430346055,11.459366040891313,8.715735610545256,0.0195395909818737,28.16352056325041,30.617624175337475,0.2581395175201207,16.384271956914123,0.4374474112981414,0.0040547538208346,12.381769168017644,1000000.0,968065.5520073572,31.292800312916896,0.1879542141909873,17.322031490111087,-0.1079288127505102,0.0040461697290906,12.660444625596092,1000000.0,989413.216234502,0.0783824999401046,1.0783,False
mh32,ok,,0.19,28.163520563248014,0.7276300971906569,4.295119563726262,1.767839999999896,0.4115927330475041,0.4115927330475041,5.599575664012241,0.6703002563565408,0.0867260291348925,3.0000000299987195,2.873642087149346,11.473217781160308,8.59957569401096,0.0200550695853502,28.163520563248014,30.72976232944056,0.2978259240271706,14.95872934674104,0.1824126955454911,0.0043442709133848,12.784188830437772,1000000.0,837015.8734084227,31.29280031291648,0.2152701578242077,15.359751010950204,-0.5740262831810207,0.004644597007568,12.722035092073837,1000000.0,852351.8764809136,0.0869549618377631,1.275628093645485,False
mh33,failed,Infeasible_Problem_Detected,0.24,,,,,,,,,,,,,,,,,,,,,,,,,,,,,,,,,,
mh38,ok,,0.19,28.1635205632504,0.6966464204409383,4.486146988425737,1.7678399930589546,0.3940664444611341,0.3940664444611341,5.605101472098856,0.6615783495126928,0.0818750794029454,3.000000029998935,2.911310583435587,11.516412085533377,8.60510150209779,0.0200640363757438,28.1635205632504,30.547595819326805,0.3159781357031348,16.5980113517956,-1.0603320948203336,0.0063827680957464,11.083763706618551,1000000.0,796623.8151914446,31.292800312916885,0.2249888760277334,17.30210066747827,-1.8679173079154183,0.0068470999924568,10.379759548943715,1000000.0,816057.3460752711,0.0968505800408893,1.336930100334448,False
mh42,ok,,0.19,28.163520563250405,0.7643343147087633,4.088862956245272,1.7678399999999372,0.4323549160041579,0.4323549160041579,5.7244017546453545,0.718397384389496,0.0869445956857013,3.000000029998935,2.992317298634484,11.716719083278774,8.72440178464429,0.020359367720008,28.163520563250405,30.57820529705826,0.2924186000192592,16.709145915086015,1.0964168297710537,0.0047325893959016,12.054623142088191,1000000.0,874901.5540181008,31.29280031291689,0.2079073105960595,17.299389289295156,0.4591741097255002,0.004704253203714,12.312174721546716,1000000.0,895347.498565685,0.0893488267195358,1.245191304347826,False
mh43,ok,,0.2,28.163520563198706,0.8301408829367722,3.764732384391965,1.767839999999945,0.4695791943483562,0.4695791943483562,5.750470350816047,0.7818943675748387,0.0954777597358461,3.000000029996003,2.8201816054752835,11.570651986287334,8.75047038081205,0.0198237843506192,28.163520563198706,30.654379936911763,0.2645618842281172,16.631698428036543,0.9990774021850596,0.0045544369199758,11.885159221253708,1000000.0,952594.734565776,31.292800312890027,0.1919981556313383,17.362032734174026,0.4345783680012213,0.0045796303788048,11.936099663600158,1000000.0,972433.8534730254,0.0849339610183762,1.1125615384615384,False
mh44,ok,,0.19,28.163520563201136,0.7344987120319264,4.254954044717378,1.767839999999986,0.4154780478051929,0.4154780478051929,5.770940569079329,0.7188081905313709,0.0902411584986735,3.00000002999614,3.051702885775894,11.822643484851364,8.77094059907547,0.0206586328750303,28.163520563201136,30.72320278490629,0.3041563571571724,16.702887889276266,1.432650554644313,0.0051463918891226,11.84774767778698,1000000.0,844736.7027593101,31.292800312891305,0.2175066760344292,16.794684992403056,0.8686228951405065,0.0048854239203152,12.33335029687192,1000000.0,860397.8283606517,0.0965467950443306,1.3194916387959863,False
mh45,ok,,0.2,28.16352056314137,0.7148265370978644,4.3720512647554814,1.7678399999998582,0.4043502449870586,0.4043502449870586,5.743758968796803,0.6740570362200615,0.0877915008476412,3.0000000299926306,3.347052051741979,12.090811050531414,8.743758998789435,0.0216449634104731,28.16352056314137,30.692149392449863,0.320262786862286,17.175084900376618,1.777889458861029,0.0050947969284027,11.957181064710015,1000000.0,821281.0618765473,31.292800312861505,0.2227998901089986,17.135496801362816,1.1028644118936988,0.004810191230926,12.622066821222804,1000000.0,837353.6809500797,0.0984405569873163,1.3945515050167223,False
mh46,ok,,0.19,28.163520563175663,0.7305981082288615,4.277670897851824,1.7678399999989247,0.4132716242585901,0.4132716242585901,5.675937581266097,0.6771474617394131,0.0890663045286821,3.000000029994625,2.889349822224393,11.565287433485114,8.675937611260721,0.0200087063560626,28.163520563175663,30.576950210677865,0.3019923024097403,16.613900321542253,2.261991433189192,0.0051075993087857,11.93838193922144,1000000.0,836250.8026233128,31.292800312878803,0.2162994112392185,17.31187352509738,1.6777157631443822,0.0050915145473867,12.07064016690355,1000000.0,855828.6290055681,0.0909822142676258,1.2944063545150502,False
mh49,ok,,0.19,28.163520563238308,0.8296828505206545,3.7668107321231385,1.7678399999999206,0.4693201027924992,0.4693201027924992,5.928789405118506,0.8625438921773393,0.0963104104277015,3.000000029998138,3.0341665142127545,11.962955949329398,8.928789435116645,0.0206456894542256,28.163520563238308,30.79318473009273,0.2712211127145604,17.604876543699596,3.024379188686898,0.005391738804977,11.02650243144711,1000000.0,956380.1616594228,31.29280031291176,0.1960188911856414,17.72331420940386,2.464902223323705,0.0052380056186741,11.079897754061204,1000000.0,971897.3105367544,0.104864312049168,1.1510127090301003,False
mh60,ok,,0.19,28.163520562804223,0.7372190675041086,4.239253165517139,1.7678399999989778,0.4170168496609053,0.4170168496609053,5.786640544318521,0.7241129149091329,0.0897393365799575,3.000000029974513,3.0365960542492085,11.823236628542244,8.786640574293035,0.0205213923251435,28.163520562804223,30.59547605130884,0.305584773119905,16.750335999420127,1.5800270429441137,0.0050126344276159,11.933709408976146,1000000.0,844340.482879524,31.29280031267588,0.2170919714324243,17.022296522291903,0.9698883996015336,0.0048004983378023,12.43021759061745,1000000.0,863584.4751148096,0.1007597713440172,1.3134484949832774,False
mh61,failed,Infeasible_Problem_Detected,0.24,,,,,,,,,,,,,,,,,,,,,,,,,,,,,,,,,,
mh62,ok,,0.19,28.16352056321136,0.7616160592605435,4.103456364396908,1.7678399999998784,0.430817302052559,0.430817302052559,5.731709483375695,0.7173381241031034,0.0900562201001839,3.0000000299966465,3.017919783382939,11.74962929675528,8.73170951337234,0.0203813201702952,28.16352056321136,30.48094478175585,0.2961675967946309,16.731322101328065,1.5460643501058309,0.0048586152544896,11.924155335597709,1000000.0,869017.1659644686,31.29280031289737,0.2088241135699065,17.12309787083143,0.8839830664422521,0.0046567797537859,12.407379514992655,1000000.0,892163.3117908755,0.0928712102388929,1.25329364548495,False
mh64,ok,,0.19,28.16352056321855,0.797338046405474,3.919615123958902,1.767839999999644,0.4510238745619709,0.4510238745619709,5.706404163329749,0.7259192295700274,0.0936808868574388,3.0000000299970275,2.916951225996484,11.62335541932326,8.706404193326776,0.0200218762318133,28.16352056321855,30.45434689085737,0.2803475515602814,16.608455645973123,1.4533935730058327,0.0046867441443947,11.900752026189144,1000000.0,908982.6968412944,31.292800312901395,0.1988903893395059,17.158223174325975,0.7985403099585144,0.0045409509397506,12.26155823627971,1000000.0,934008.3411434612,0.0858248010801085,1.1750505016722408,False
mh70,ok,,0.19,28.16352056325043,0.6355396783478621,4.917487250678477,1.767839999993187,0.3595006778612947,0.3595006778612947,5.668834869789695,0.6325154659838096,0.0729100906069014,3.000000029998936,3.141779436346553,11.810614336135185,8.66883489978863,0.0209952476650911,28.16352056325043,30.76587657066348,0.3501850082583519,15.162415328196415,0.461656462964678,0.0053040874908565,12.396892753554487,1000000.0,731940.5388227415,31.29280031291691,0.248448009843731,15.136587243266758,-0.4952062723199844,0.0057732061619161,12.163655148985256,1000000.0,744476.4029297706,0.1107427741486948,1.5646,False
mh78,ok,,0.2,28.16352056325261,0.6752219482451246,4.628490341172145,1.7678399999999992,0.3819474320329469,0.3819474320329469,6.032293651652019,0.8015552806397704,0.0800818902138556,3.0000000299989726,3.6906359940145856,12.722929675665576,9.032293681650993,0.0227400878808036,28.16352056325261,30.589138340910864,0.3591802154857978,19.29338442179637,3.2672638655527537,0.008012302573484,10.049585687477864,1000000.0,773174.6964073499,31.29280031291896,0.2436514272322775,18.382338468359865,2.2051753618874783,0.0074703466589989,10.146483857931726,1000000.0,790960.5400462705,0.14447753908181,1.571,False
mh80,ok,,0.19,28.163520563251986,0.6660992090087917,4.691881064159517,1.767839999999995,0.3767870446470233,0.3767870446470233,5.926638331586074,0.709650271082795,0.0799486283258122,3.0000000299989646,3.890136088895168,12.816774450480208,8.926638361585038,0.0235137818105103,28.163520563251986,30.714057406540544,0.3638075924618389,18.812265398421363,2.336469783313329,0.0069659066347176,10.73621971777068,1000000.0,765843.3538038136,31.29280031291833,0.2440992714722566,17.870725057762503,1.346704241709086,0.0065451918725158,11.058511659033758,1000000.0,780274.0883220134,0.1270252873865193,1.6245,False
mh81,ok,,0.19,28.1635205632504,0.6499404246476623,4.808530362264871,1.767839999994798,0.367646633546913,0.367646633546913,5.960707044681635,0.6890340069835995,0.075431028746356,3.000000029998935,4.017853564447495,12.978560639128064,8.96070707468057,0.0237105681076842,28.1635205632504,30.40746149763342,0.3852112549160689,18.91672762258193,1.864728254374821,0.0068024421900968,10.871432349135498,1000000.0,739805.4962816691,31.292800312916885,0.2511228265346593,18.088049285894964,0.6975096413698486,0.0064841361583391,11.288925394580067,1000000.0,761345.5555092106,0.1298316584350984,1.693,False
mh82,ok,,0.19,28.163520563182555,0.6061092016821563,5.156262694782793,1.7678399999995142,0.3428529740713655,0.3428529740713655,5.721051502949691,0.6259234836502879,0.0673900032274217,3.0000000299947027,3.612012064614219,12.333063597558612,8.721051532944394,0.0221613940397433,28.163520563182555,30.16518171833244,0.3988545216043114,16.748609341859368,1.313176908649817,0.006691765761176,11.328714662968576,1000000.0,684416.8000485384,31.29280031288565,0.2620809387784758,16.638631003765788,0.0369120957781051,0.0073448911086586,10.869116994047602,1000000.0,710001.3006613859,0.1330237509616866,1.7613,False
mh83,ok,,0.2,28.16352056325042,0.6761762416479256,4.621958112362261,1.7678399999635863,0.3824872396041798,0.3824872396041798,6.065016051777165,0.7005486264840886,0.0777272397517355,3.000000029998935,4.938717740179129,14.00373382195523,9.0650160817761,0.0273823290970022,28.16352056325042,31.04291763573961,0.383323277428636,21.01159038409977,-0.6799229553865681,0.0089180300801142,9.506176378673366,1000000.0,785753.416435309,31.292800312916903,0.2441890200420783,19.08972966679166,-1.865780790342373,0.0095891584680025,8.627377531793062,1000000.0,792078.4071982265,0.1329110578473696,1.9347,False
mh84,ok,,0.19,28.1635205632504,0.6035099558633754,5.178470067013938,1.7678399932073583,0.3413826806624274,0.3413826806624274,5.872996893437758,0.6014189469869369,0.0680792404098924,3.000000029998935,4.176762908321808,13.0497598317585,8.872996923436693,0.0244338867305769,28.1635205632504,30.64124905129543,0.4107820602566848,19.383237594347467,-0.4537515572325711,0.0083460590316772,10.3363529796593,1000000.0,692236.8962991392,31.292800312916885,0.2677955475985927,18.551296388890464,-1.6695334940072677,0.0085378335200969,9.965771009137898,1000000.0,706956.5254620881,0.1371450530503745,1.8729,False
mh91,ok,,0.19,28.16352056316882,0.7302509175759933,4.279704674626096,1.7678399999999928,0.413075231681598,0.413075231681598,6.277075924213761,0.9844191942208502,0.0888489584405177,3.0000000299942857,3.457932888298936,12.735008842506982,9.277075954208046,0.0218623286409652,28.16352056316882,30.46810183043665,0.3350754893745799,19.067720907557064,2.893580636110562,0.0071384581285715,10.205145533082954,1000000.0,832877.9182387758,31.29280031287473,0.2313963271289773,18.49497664259208,1.976902321071509,0.0067859165080106,10.320195563140125,1000000.0,855421.9270204959,0.1496584176212845,1.425,False
mh92,ok,,0.2,28.163520563252327,0.7411242745555393,4.216915263603059,1.7678399999999994,0.4192258770904264,0.4192258770904264,6.325580487610466,1.0369631056734776,0.0876799576317271,3.000000029998968,3.567698035066479,12.893278552675913,9.325580517609431,0.0222320504173489,28.163520563252327,30.465537814602143,0.3343189134569113,19.3115445486646,3.0192953309270054,0.0072228653203089,10.071621805863083,1000000.0,845208.246400512,31.292800312918686,0.2291935007805247,18.55098893309197,2.091927286434918,0.0068835932433128,10.150901285534289,1000000.0,868159.0667592422,0.1547060741727275,1.4082,False
mh93,ok,,0.2,28.16352056322832,0.7680592411074034,4.069032827588115,1.7678399999995589,0.4344619655102244,0.4344619655102244,6.501895403989987,1.129817578008084,0.0911929916754474,3.000000029997631,3.687394505508669,13.189289939496287,9.501895433987618,0.022715894569883,28.16352056322832,30.571405656339,0.3277194360639843,19.869253311777427,3.1115280981793085,0.007335967465685,9.828964345933418,1000000.0,878969.8226367172,31.292800312905943,0.2253372491407685,18.7999599559678,2.213186444382699,0.0069981887141183,9.873095967863804,1000000.0,899710.9079653288,0.1597011816205216,1.3912,False
mh94,ok,,0.19,28.163520563105884,0.7621043472107338,4.100827238471817,1.7678399999998755,0.4310935080158766,0.4310935080158766,6.529515789183628,1.168385354513596,0.0915253470147525,3.000000029991015,3.763525632213482,13.293041451388124,9.529515819174645,0.0228961266892204,28.163520563105884,30.467118851119874,0.3351609899188595,19.01179896160184,0.9052865454732988,0.0067157143848362,10.215884826475024,1000000.0,869179.8785431747,31.292800312838924,0.2277581133728489,17.39189771987183,-0.210990300398029,0.0061314766687485,10.737885825778074,1000000.0,892735.2963074617,0.1601657975895402,1.4098,False
mh95,ok,,0.19,28.163520563250493,0.7799184007908947,4.007160572735197,1.7678399999999888,0.44117024209821,0.44117024209821,6.609065547622714,1.240524736001298,0.0921286735655149,3.0000000299989367,3.7325562913368304,13.34162186895848,9.60906557762165,0.0228546015856358,28.163520563250493,30.55175544820589,0.326883832028144,19.431759378399647,1.0677542481424525,0.0063722752331153,10.342281059250189,1000000.0,891967.7948256437,31.29280031291697,0.2244137436671778,18.17356323873597,0.007794406275347,0.005895793081689,10.850917539538154,1000000.0,913602.8250930134,0.1584390857063215,1.3701,False
mi-strut1,failed,Infeasible_Problem_Detected,0.77,,,,,,,,,,,,,,,,,,,,,,,,,,,,,,,,,,
mi-vawt1,ok,,0.19,28.163520562551145,0.7092685047626565,4.406311917987347,1.7678399999968206,0.4012062770182437,0.4012062770182437,6.817996392724883,1.2924122825164115,0.0808348940814302,3.00000002996065,4.200739689952762,14.018736112638294,9.817996422685532,0.0245496695882386,28.163520562551145,30.68393455232471,0.3744401476130736,21.73485833937559,2.3848699408687306,0.0092725436060009,9.120988581881845,1000000.0,814677.1984653331,31.29280031253928,0.2521329786452728,19.56839642510535,1.4231244419989428,0.0086459038592402,9.169468389624608,1000000.0,830842.9561821996,0.2099847631000045,1.6004,False
miley,ok,,0.26,28.16352056325749,0.6908051851217415,4.5240804975270965,1.767839999999962,0.3907622777636869,0.3907622777636869,5.796795523001222,0.7461835852891795,0.0798669717218639,3.00000002999898,3.163967663255476,11.960763216255678,8.796795553000202,0.0209440277672724,28.16352056325749,30.580343584820028,0.3302363692626093,20.051868308544755,0.0128643545675376,0.0112743277364813,8.339314971170326,1000000.0,790791.1265965473,31.292800312924285,0.2319457238279991,20.687158299543075,-0.8940280993220612,0.0123929164677892,6.9868514352502045,1000000.0,809214.8718074587,0.1285567808619881,1.4076719063545151,False
mrc-16,ok,,0.19,28.1635205632504,0.6957959109271924,4.491630684621679,1.76783999947814,0.3935853420742764,0.3935853420742764,6.11561553306181,0.9160151499519784,0.0819716035573272,3.000000029998935,3.481564090208588,12.597179653269333,9.115615563060745,0.0220590522535197,28.1635205632504,30.63017916658688,0.3441903536813323,16.968322077060257,0.1442751556512654,0.0055626078404193,11.557089761999086,1000000.0,797802.233146547,31.292800312916885,0.2386281032983642,16.475163741875186,-0.8742266306860444,0.0057322959167607,11.679019995457244,1000000.0,815061.0492767796,0.1390057258749029,1.4848,False
mrc-20,ok,,0.19,28.16352056324043,0.7193213098218745,4.344731934014068,1.7678399999999788,0.4068927673442636,0.4068927673442636,6.360565582447126,1.0591978823158394,0.0850219744805885,3.000000029998288,3.686572609087152,13.047138221532569,9.360565612445416,0.0227509260166596,28.16352056324043,30.62231507858748,0.3450027949143806,18.360329922454177,-0.4949947421717111,0.0060409107265573,10.966287923211793,1000000.0,824564.7888832262,31.292800312912554,0.2370263482859791,18.910478366474404,-1.717176164027158,0.0075862858782446,9.746411970978476,1000000.0,842618.8946643127,0.1558385881364011,1.4762,False
mrc12,failed,airfoil 'mrc12' not found in the aerosandbox UIUC database,0.0,,,,,,,,,,,,,,,,,,,,,,,,,,,,,,,,,,
mrc15,failed,airfoil 'mrc15' not found in the aerosandbox UIUC database,0.0,,,,,,,,,,,,,,,,,,,,,,,,,,,,,,,,,,
mrc16-85,failed,airfoil 'mrc16-85' not found in the aerosandbox UIUC database,0.0,,,,,,,,,,,,,,,,,,,,,,,,,,,,,,,,,,
mrc16-95,failed,airfoil 'mrc16-95' not found in the aerosandbox UIUC database,0.0,,,,,,,,,,,,,,,,,,,,,,,,,,,,,,,,,,
mrc20-700,failed,airfoil 'mrc20-700' not found in the aerosandbox UIUC database,0.0,,,,,,,,,,,,,,,,,,,,,,,,,,,,,,,,,,
mrc20-846,failed,airfoil 'mrc20-846' not found in the aerosandbox UIUC database,0.0,,,,,,,,,,,,,,,,,,,,,,,,,,,,,,,,,,
ms313,ok,,0.19,28.163520562402617,0.6512155010268784,4.7991152861822055,1.7678399999934655,0.3683678958668689,0.3683678958668689,6.232038879105451,0.7932296714455443,0.0755370246037191,3.000000029950081,4.587779554849867,13.8198184639054,9.232038909055532,0.0254989951309875,28.163520562402617,30.244810568642578,0.4137920942863766,18.681788577206,0.1635874102506389,0.0060617586429687,11.075599092951125,1000000.0,737291.8556060423,31.29280031248449,0.2582202854544042,16.637968950487114,-1.1465373123005476,0.0058404721151967,12.005352610906396,1000000.0,762839.1904501363,0.1313488,1.757,False
ms317,ok,,0.2,28.1635205632504,0.6729791766522498,4.643915250843455,1.7678399989692095,0.3806787814760667,0.3806787814760667,6.4515027366766375,1.0136821068307018,0.0783349643934997,3.000000029998935,4.247023685475036,13.69852645215061,9.451502766675572,0.0246601944931195,28.1635205632504,30.625227562617454,0.3870970798813273,19.676851459491,-0.1416399117676557,0.0069589164567703,10.535574747023189,1000000.0,771515.7376060133,31.292800312916885,0.255809517998128,18.08718442541668,-1.2213256481312602,0.006671485207414,10.97401261829926,1000000.0,788333.3394279056,0.170014,1.7067,False
mue139,ok,,0.19,28.16352056325231,0.5770086261414712,5.416311167648615,1.7678399999998968,0.326391882829614,0.326391882829614,5.691262524990131,0.6193708448174746,0.062472949624674,3.000000029998953,3.289976677105794,11.98123923209488,8.691262554989084,0.0215018288059392,28.16352056325231,30.765846721637253,0.3912803226746139,18.06697440947569,-0.230889554139955,0.009568758438282,9.99898793365358,1000000.0,664530.6490849375,31.29280031291881,0.2743582501370976,17.83950362169591,-1.3049906350339615,0.0096593354019246,9.4122551502269,1000000.0,675912.6472863945,0.1389342083490033,1.759,False
n0009sm,ok,,0.19,28.163520563250746,0.7912943057019061,3.949552325955105,1.767839999999998,0.4476051598006081,0.4476051598006081,5.815790542679809,0.8005641905371093,0.0933937462522132,3.000000029998944,3.001230943626413,11.817021516305164,8.815790572678752,0.0203864161952719,28.163520563250746,30.573351794624976,0.2849641300775144,17.83824475509125,2.467874098548341,0.0061845981478784,10.588448725947629,1000000.0,905617.7629325208,31.292800312917176,0.2029273968995228,17.59044813619572,1.8209595561659224,0.0054586636107132,11.093486510681052,1000000.0,926928.6536080876,0.0901581188765512,1.2014354515050167,False
n0011sc,ok,,0.2,28.1635205632504,0.8156031609185593,3.831836872817072,1.7678399999982723,0.4613557566970746,0.4613557566970746,6.227120222598086,1.0697768432558383,0.0943780527407407,3.000000029998935,3.311335802045625,12.538456054642646,9.227120252597022,0.0214924090587353,28.1635205632504,30.64829485804045,0.2919166358160259,21.060422515906865,2.4413308641152183,0.0088851576399974,8.713663050837482,1000000.0,935726.7729274246,31.292800312916885,0.2060652406751507,18.95993877333948,1.5125166559226064,0.0067743357681438,9.634934762734556,1000000.0,955404.2464122972,0.109566,1.226730434782609,False
n0012,ok,,0.19,28.16352056325085,0.7521835092849211,4.1549146279088855,1.7678399999999317,0.425481666488455,0.425481666488455,6.144137573065973,0.916361665243397,0.0911689674325905,3.0000000299989447,3.504099023920355,12.648236626985272,9.144137603064918,0.0221720778922309,28.16352056325085,30.680452338719064,0.318631696033981,18.553112286036896,2.987365042441775,0.006394568611418,10.595097332172587,1000000.0,863872.0130830391,31.292800312917283,0.2214299720832955,17.712767574127874,2.068742786433336,0.005857410320105,11.037192364593368,1000000.0,881113.9452207326,0.1200312974467793,1.381,False
n10,ok,,0.19,28.16352056204317,0.6801268313170331,4.595110972973548,1.767839999999612,0.3847219382507367,0.3847219382507367,5.881221717316326,0.7485412282602133,0.0806618156024689,3.000000029930961,3.5532319822415475,12.434453729488832,8.881221747247288,0.0222715634923882,28.16352056204317,30.58705552606309,0.3485521590252021,18.52303263059432,-2.307729519746926,0.0073104928329737,10.459958996394372,1000000.0,778738.0906207331,31.292800312284548,0.2378484172220909,18.440910442591424,-3.305925621273191,0.007542900585273,9.996034727989873,1000000.0,796706.1603755788,0.1122,1.517908026755853,False
n11,ok,,0.19,28.16352056325078,0.6759971959593896,4.62318229170227,1.7678399999999546,0.3823859602449356,0.3823859602449356,5.88848894084116,0.7287363342347246,0.0793486776194299,3.00000002999894,3.660449124005464,12.548938094845564,8.8884889708401,0.0227733371681495,28.16352056325078,30.772704629104464,0.3496528429122614,19.016796153007203,-2.664079375827582,0.0077125305373056,10.244549561729404,1000000.0,778707.5778528148,31.29280031291726,0.2394972349106214,18.913810375419864,-3.6624311487816095,0.0081074912526018,9.583338448625687,1000000.0,791868.6715907543,0.1094,1.549996321070234,False
n11h9,ok,,0.2,28.1635205632504,0.6655950116244177,4.695435226432708,1.7678399995811778,0.3765018394097345,0.3765018394097345,5.561503040535341,0.5936028375557609,0.0771762669313158,3.000000029998935,2.881370155794212,11.442873226328487,8.561503070534275,0.019992177429635,28.1635205632504,30.59314261519321,0.3276296239443726,17.173130815785097,1.0288038320871091,0.0082713302457426,10.01517094675974,1000000.0,762250.9739887881,31.292800312916885,0.234291977717981,18.27472419574318,0.1366006823283006,0.0095559669317531,8.556615824883911,1000000.0,779683.4675464709,0.0897956732285104,1.4027,False
n12,ok,,0.2,28.16352056323873,0.7839309425760279,3.9866499660418726,1.7678399999999703,0.443439984713572,0.443439984713572,5.985190873414946,0.8914657328467189,0.0921723915235087,3.000000029998096,3.183882555488618,12.16907345890166,8.985190903413041,0.0209349687544326,28.16352056323873,30.468676625926697,0.2982488932418748,18.71812079076984,2.8655282475025143,0.0070333290876311,9.991730927991478,1000000.0,894118.8205442197,31.29280031291268,0.2087694572804126,18.44875072175984,2.237501537506565,0.0065815869328192,9.990666955667953,1000000.0,918303.1495204064,0.1046,1.2506113712374582,False
n13,ok,,0.2,28.16352056300232,0.8310433850672825,3.7606439347885976,1.7678399999998475,0.470089705554436,0.470089705554436,6.27921018234919,1.0872690223706438,0.0950122149562145,3.000000029985599,3.338326136570619,12.617536348905409,9.279210212334789,0.021578781894398,28.16352056300232,30.640429657014785,0.288447967834581,18.971034074252767,2.878922927922138,0.0062348994082937,10.257877008710096,1000000.0,953196.3837950825,31.292800312780344,0.2033783767620126,17.964967431319284,1.9526169178383288,0.0053703429795995,10.98109021878142,1000000.0,973491.0518833086,0.118,1.2101,False
n14,ok,,0.2,28.16352056325081,0.7800030109976592,4.006725899176528,1.7678399999999987,0.44121810288129,0.44121810288129,6.133055334535472,0.9774646636783826,0.09207987658546,3.000000029998942,3.325182414099574,12.458237778633988,9.133055364534414,0.0215880722119806,28.16352056325081,30.71731948050024,0.3019256604074626,18.957970152920545,3.223103888303296,0.0068959736190658,10.102796331206775,1000000.0,896898.7774988293,31.29280031291726,0.213273684315831,18.14052432473872,2.3416314460577907,0.006174968389848,10.464818239601776,1000000.0,913701.9381846596,0.1148,1.285,False
n1h15,failed,airfoil 'n1h15' not found in the aerosandbox UIUC database,0.0,,,,,,,,,,,,,,,,,,,,,,,,,,,,,,,,,,
n22,ok,,0.19,28.1635205632504,0.6501529337680463,4.806958643908489,1.7678399997847014,0.367766841935484,0.367766841935484,5.982667322768275,0.7418407761987069,0.0761161560159777,3.000000029998935,3.4970584924325934,12.479725845199804,8.98266735276721,0.0223051014521262,28.1635205632504,30.897969038765385,0.3586212062071039,18.201339034808925,-2.624713038840627,0.0073287302609795,10.678779259170598,1000000.0,751985.2091593611,31.292800312916885,0.2516559772149888,18.006151908415525,-3.56286340538856,0.0076783678708545,10.198409592836471,1000000.0,761594.4905300223,0.1237,1.6222795986622074,False
n2414,ok,,0.19,28.1635205632504,0.6931682715819947,4.508657412060996,1.76783999996427,0.3920989861050798,0.3920989861050798,6.164639673456652,0.9067952792296494,0.0815007673991332,3.000000029998935,3.691015035399096,12.855654738854682,9.164639703455586,0.0227831902611113,28.1635205632504,30.64538195563069,0.352234397862052,18.48619107768978,1.0181889310082342,0.0061765553678679,11.070256476051291,1000000.0,795183.852399292,31.292800312916885,0.2408209030728955,18.10559597257194,-0.0191392770346169,0.006258623408139,11.14089736660208,1000000.0,811983.0107261887,0.1399915162107803,1.5263,False
n2415,ok,,0.2,28.1635205632504,0.6793730694856907,4.600209194330135,1.7678399929372453,0.3842955653225834,0.3842955653225834,6.120331209039436,0.927173083652513,0.0804574019191199,3.000000029998935,3.458367045198932,12.5786982842373,9.120331239038372,0.0218342017624507,28.1635205632504,30.426857683067823,0.3567134501184821,17.321012466819475,1.0519640804835235,0.0064756588110401,10.969999441727952,1000000.0,773800.9711008102,31.292800312916885,0.244523016145193,16.737552734973256,0.0149663435960047,0.0065509891271874,10.967187419671104,1000000.0,795823.2007662704,0.1499911151768592,1.5213,False
n24,ok,,0.19,28.1635205632504,0.6218394634125453,5.025828125956238,1.7678399998439636,0.3517509862133627,0.3517509862133627,6.18808771464406,0.8797981717074426,0.0705973938991849,3.000000029998935,3.803019997240909,12.991107741883903,9.188087744642996,0.023180211840915,28.1635205632504,30.666072675502445,0.3962396227487589,20.056437381761505,-2.847944688183692,0.0095226401507342,9.630810689720146,1000000.0,713839.0117727908,31.292800312916885,0.2691313651924319,19.426074364488432,-3.900461683611237,0.009695760525664,9.09662464686278,1000000.0,728427.8586093801,0.1702,1.7482,False
n2h15,failed,airfoil 'n2h15' not found in the aerosandbox UIUC database,0.0,,,,,,,,,,,,,,,,,,,,,,,,,,,,,,,,,,
n5h10,ok,,0.2,28.1635205632504,0.8308577492700677,3.7614841630123657,1.7678399999987155,0.4699846984289706,0.4699846984289706,5.962048022409748,0.9228549078267024,0.0945750400887996,3.000000029998935,3.016212296004288,11.97826034841297,8.962048052408683,0.0204870006528086,28.1635205632504,30.64768925763124,0.2737649974639063,17.876513987696065,2.0130217822202474,0.0055914908853935,10.830605405258302,1000000.0,953209.2510947403,31.292800312916885,0.1964708181519399,18.14250562790892,1.29227457886602,0.0054653139598353,10.801278433972076,1000000.0,973273.5965895202,0.0989999999999999,1.1479314381270904,False
n5h15,failed,Infeasible_Problem_Detected,0.32,,,,,,,,,,,,,,,,,,,,,,,,,,,,,,,,,,
n5h20,failed,Infeasible_Problem_Detected,0.49,,,,,,,,,,,,,,,,,,,,,,,,,,,,,,,,,,
n63010a,failed,Infeasible_Problem_Detected,0.31,,,,,,,,,,,,,,,,,,,,,,,,,,,,,,,,,,
n63012a,ok,,0.2,28.1635205632504,0.8494584781402446,3.679118339524952,1.767839999997378,0.4805064248696174,0.4805064248696174,6.258899777441842,1.089640470423895,0.0908502554566708,3.000000029998935,3.277553265744263,12.53645307318504,9.258899807440775,0.0213556500505794,28.1635205632504,30.61715948880051,0.2808077236796653,18.221727449689485,2.5333238704353263,0.0056970178970754,10.57477734084512,1000000.0,973578.3102128528,31.292800312916885,0.1985339071495754,17.78681754372939,1.781702467827979,0.0055160551125161,10.667980868996146,1000000.0,995062.6432743391,0.1199,1.172098662207358,False
n63015a,failed,Infeasible_Problem_Detected,0.3,,,,,,,,,,,,,,,,,,,,,,,,,,,,,,,,,,
n63210,failed,too few converged polar points,0.01,,,,,,,,,,,,,,,,,,,,,,,,,,,,,,,,,,
n63212,ok,,0.2,28.1635205632504,0.7649578321132625,4.085530122033477,1.767839999882388,0.4327076161667086,0.4327076161667086,6.016406808055519,0.8868205261051854,0.0904333485162203,3.000000029998935,3.2541149050652822,12.270521743119737,9.016406838054454,0.0212961959899844,28.1635205632504,30.646344990443,0.3046312698558591,17.91247309974475,1.120142623018189,0.0056593116453821,11.12371560613536,1000000.0,877566.4671455987,31.292800312916885,0.2146908145032453,17.978421941926257,0.3384721871649808,0.0055862363623677,11.209418858679255,1000000.0,896077.8920377935,0.1199938767775863,1.2948361204013377,False
n63215,ok,,0.2,28.1635205632504,0.7816057569737657,3.9985097746532814,1.767839998185605,0.4421247159109164,0.4421247159109164,6.375380147901093,1.0863504574608849,0.0921077005265885,3.000000029998935,3.523086678495595,12.898466856395622,9.375380177900029,0.0222834746637879,28.1635205632504,30.74484227121011,0.3113953467794514,18.944293302332763,1.163739205817244,0.0063234263154427,10.44923309192448,1000000.0,899546.9958893989,31.292800312916885,0.218483476505441,18.38060396696608,0.3690833382182807,0.0062748895795313,10.406784015715804,1000000.0,915579.4089342476,0.1499859788704686,1.3285,False
n63215b,ok,,0.2,28.1635205632504,0.700350581696388,4.462419716108082,1.7678399938766307,0.3961617477386147,0.3961617477386147,6.256602723956712,0.9350035216449506,0.0826827473682036,3.000000029998935,3.839998047158121,13.096600801113766,9.256602753955647,0.0232509287955799,28.1635205632504,30.59333596292398,0.356365572349302,19.9750267001858,1.479921463270994,0.008194032569069,9.758425837106673,1000000.0,802058.7283585852,31.292800312916885,0.2407429574254615,18.361545288499592,0.4363243605825514,0.0071993266443751,10.207171753295718,1000000.0,820396.4306532078,0.1504,1.5568,False
n63412,ok,,0.2,28.163520562716204,0.7452901507968045,4.193344379709538,1.7678399998576382,0.4215823552226568,0.4215823552226568,6.107379081547302,0.8518803695348244,0.0871641551850694,3.0000000299699705,3.686731929190081,12.794111040707351,9.107379111517272,0.0227005807701739,28.163520562716204,30.553823329450324,0.3279894883959792,18.2375236847096,-0.1311050975353124,0.0056355110228517,11.149395794421896,1000000.0,852422.2619473647,31.29280031262546,0.2225796696937957,17.775529398127198,-1.0516726677278645,0.0056126552696732,11.366390052804263,1000000.0,873039.0084910948,0.1199908620441796,1.4249,False
n63415,ok,,0.2,28.1635205632504,0.7245245168845348,4.313530011752925,1.7678399949747232,0.4098360252873983,0.4098360252873983,6.2277797146305085,0.9619693991297544,0.0859570217687491,3.000000029998935,3.636847032974031,12.864626777603473,9.227779744629444,0.022612647072789,28.1635205632504,30.66423283888929,0.3368109600489582,18.75624461766685,-0.1075127266600381,0.0063345006108549,10.770453025930555,1000000.0,831666.1574467409,31.292800312916885,0.2319859020349637,18.27239018897559,-1.0026826571771068,0.0062901558712543,10.83763619835584,1000000.0,848713.9765970558,0.1499810962264027,1.4476,False
n64008a,failed,Infeasible_Problem_Detected,0.5,,,,,,,,,,,,,,,,,,,,,,,,,,,,,,,,,,
n64012,failed,Infeasible_Problem_Detected,0.26,,,,,,,,,,,,,,,,,,,,,,,,,,,,,,,,,,
n64012a,failed,Infeasible_Problem_Detected,0.25,,,,,,,,,,,,,,,,,,,,,,,,,,,,,,,,,,
n64015,failed,Infeasible_Problem_Detected,0.28,,,,,,,,,,,,,,,,,,,,,,,,,,,,,,,,,,
n64015a,failed,Infeasible_Problem_Detected,0.4,,,,,,,,,,,,,,,,,,,,,,,,,,,,,,,,,,
n6409,ok,,0.19,28.1635205632504,0.6719302352563185,4.6511648105520935,1.7678399999349992,0.380085434926817,0.380085434926817,5.640533319427895,0.6240695035588766,0.0819480669798634,3.000000029998935,3.662047081592934,12.302580431019765,8.64053334942683,0.0226636473409019,28.1635205632504,30.61713954457144,0.3483767152103943,18.42337412242223,-3.160155987338757,0.0076165436556778,10.340459894269555,1000000.0,770109.7743374683,31.292800312916885,0.2342253126215648,18.833329993014004,-4.236655668764989,0.0086166579159028,9.157752336571544,1000000.0,787104.6004243962,0.0902701053959512,1.5401,False
n64108,failed,Infeasible_Problem_Detected,0.37,,,,,,,,,,,,,,,,,,,,,,,,,,,,,,,,,,
n64110,failed,Infeasible_Problem_Detected,0.26,,,,,,,,,,,,,,,,,,,,,,,,,,,,,,,,,,
n64212,ok,,0.2,28.1635205632504,0.77849360960581,4.0144944371620825,1.7678399998667171,0.4403642918275992,0.4403642918275992,6.044934637650335,0.9180768802193728,0.0914752137834831,3.000000029998935,3.208888513197034,12.253823180846304,9.044934667649269,0.021069701877147,28.1635205632504,30.5412660535076,0.3009877361366533,17.82476503042451,1.0985641791688252,0.0056953076805439,11.003731727589432,1000000.0,890032.6250526882,31.292800312916885,0.2116254246781847,17.87764496374488,0.3190276916500503,0.0056250104684939,11.056010918310356,1000000.0,911933.8130567216,0.1196150500488007,1.2676926421404682,False
n64212ma,ok,,0.19,28.163520563250465,0.6491709412962003,4.814230069137425,1.767839999999551,0.3672113660152305,0.3672113660152305,5.711003420430887,0.7124313749039116,0.0745575662914544,3.000000029998936,3.1077145823614685,11.818718032791292,8.711003450429823,0.020926007584387,28.163520563250465,30.8354401298228,0.3415209222858788,19.893436158585903,0.5903627042781697,0.011378154004693,8.560767630126623,1000000.0,749329.8982034998,31.292800312916945,0.2444142791976083,19.78730039237817,-0.2817312388295505,0.0114098716612668,7.735338110864571,1000000.0,760444.1763846248,0.1196284830547654,1.4992,False
n64212mb,ok,,0.2,28.16352056325044,0.6516825700851533,4.795675700193424,1.7678399999991423,0.3686320991070851,0.3686320991070851,5.79939272813484,0.7177625329877917,0.0789860667517952,3.000000029998936,3.543965102114234,12.343357860248007,8.799392758133775,0.0221471502877894,28.16352056325044,30.45926262839661,0.3641369595317419,18.380359302472023,1.6512651212865277,0.0082298252585092,10.110048610353989,1000000.0,743052.2083224031,31.29280031291692,0.2459427685500511,17.638013381095245,0.6054265062341508,0.0078021015402387,10.02780842273804,1000000.0,763386.3189920863,0.1204652360757772,1.5698,False
n64215,ok,,0.19,28.16352056303888,0.8104272925202989,3.8563092512341086,1.7678399999996153,0.4584279643635596,0.4584279643635596,6.46184994350258,1.1615057602062755,0.0940735677654237,3.000000029987174,3.541483768333028,13.003333741822782,9.461849973489754,0.0223208875618419,28.16352056303888,30.709850280171032,0.3034530945227788,19.217772344072483,1.1112832646577795,0.006401211922589,10.219625203397676,1000000.0,931656.022093078,31.29280031280453,0.2126568907209682,18.552416112182463,0.3324014399234457,0.0063496817746454,10.129160938250298,1000000.0,949341.1916242702,0.1496289446660281,1.2829,False
n642415,ok,,0.2,28.16352056325072,0.7459663613284833,4.189543158533639,1.7678399999999943,0.4219648618248742,0.4219648618248742,6.281403511462072,1.0160442488633674,0.0868802809945832,3.00000002999894,3.58320934572966,12.864612887190672,9.281403541461012,0.0223893516396914,28.16352056325072,30.608803891327184,0.3283152671786002,18.90456024186158,-0.1613987820316452,0.0064100767881637,10.58419575455616,1000000.0,854730.9711222652,31.29280031291718,0.2266271159782561,18.449398004827696,-1.034920149933523,0.0063579045473111,10.596331569080768,1000000.0,873831.1270037376,0.1496289253069889,1.398,False
n66021,failed,Infeasible_Problem_Detected,0.45,,,,,,,,,,,,,,,,,,,,,,,,,,,,,,,,,,
n6h10,ok,,0.2,28.1635205632504,0.78750015331533,3.9685811409703273,1.7678399975559045,0.4454589523961865,0.4454589523961865,5.844169673784285,0.8382157428034672,0.0919040855946773,3.000000029998935,2.953429634576397,11.797599338359618,8.84416970378322,0.0202276567556013,28.1635205632504,30.578829524711985,0.2857640530096195,19.045881684390977,1.0496053089309916,0.0084092711169753,9.1083889360644,1000000.0,901436.9244642828,31.292800312916885,0.2045614907680992,20.117778716263004,0.2514804193730171,0.0094085225140569,7.785249580779084,1000000.0,922484.1535924168,0.10017,1.19748127090301,False
n6h15,failed,Infeasible_Problem_Detected,0.32,,,,,,,,,,,,,,,,,,,,,,,,,,,,,,,,,,
n6h20,ok,,0.22,19.697594710761017,0.8345404125888195,3.744885470441349,1.7678399999999996,0.4720678413141572,0.4720678413141572,7.222474745125345,1.6497990369454414,0.0792783291039517,3.0000000299986715,4.222473992887783,14.444948768011798,10.222474775124017,0.0245787871624334,19.697594710761017,30.62788232410909,0.3291099495087726,29.51031903524716,-1.8709990470692888,0.0125065095174375,7.237661389133104,1000000.0,956815.4518407924,21.88621612643756,0.4561142346090305,20.12866812643163,1.884815273812284,0.0095333116776687,7.815201520139107,1000000.0,683725.6833659236,0.1995,1.3721210702341136,False
n8h12,ok,,0.2,28.16352056325249,0.7722169723202814,4.047124548699729,1.7678399999999974,0.4368138362749358,0.4368138362749358,6.012325804134749,0.8813626793599202,0.0913273678840621,3.00000002999892,3.224674049973018,12.236999884106687,9.01232583413367,0.0210846697111624,28.16352056325249,30.48545593913524,0.3041280951280642,18.06017939257887,1.1207317798862335,0.0061273639917169,10.700903818284116,1000000.0,881243.3961593667,31.29280031291936,0.212576377807297,18.32217811280588,0.5680687773569495,0.0062994234292962,10.371138547124527,1000000.0,904581.3084820207,0.1197835822710907,1.2792,False
n9,ok,,0.19,28.163520563250493,0.6422345737782461,4.866225508856069,1.7678399999968908,0.3632877261400215,0.3632877261400215,5.369769427945721,0.5618601217165925,0.0736185114523978,3.0000000299989367,3.317605741618142,11.6873751995628,8.369769457944658,0.0213663005749227,28.163520563250493,30.438224879151296,0.350341012049478,15.743475388708372,-0.9384120622100324,0.0056711023829748,12.004747103390509,1000000.0,731773.7743422346,31.29280031291697,0.2373762553572988,16.439780474183777,-1.9759843526173049,0.006763166590975,10.93042855408311,1000000.0,752318.8584629317,0.0846,1.4700949832775918,False
naca0006,failed,Infeasible_Problem_Detected,0.25,,,,,,,,,,,,,,,,,,,,,,,,,,,,,,,,,,
naca000834,failed,Restoration_Failed,1.38,,,,,,,,,,,,,,,,,,,,,,,,,,,,,,,,,,
naca0008,ok,,0.2,28.1635205632327,0.8051309080010493,3.881677171428664,1.7678399999998031,0.4554320006341857,0.4554320006341857,5.721885805993048,0.755091535974683,0.0948636569415412,3.000000029997844,2.928744234899682,11.650630070890571,8.721885835990891,0.0201295079068808,28.1635205632327,30.557157311466348,0.2764160978225565,17.79626665512883,2.392108031881705,0.0060594669591302,10.61411190009861,1000000.0,920965.3423370164,31.292800312908604,0.1973155711949718,17.678144874146835,1.805980063123872,0.0052681230167179,11.191362765917653,1000000.0,943136.9632687472,0.0800191562385254,1.1622926421404682,False
naca001034,failed,Infeasible_Problem_Detected,0.94,,,,,,,,,,,,,,,,,,,,,,,,,,,,,,,,,,
naca001034a08cli0.2,failed,Infeasible_Problem_Detected,0.3,,,,,,,,,,,,,,,,,,,,,,,,,,,,,,,,,,
naca001035,failed,Infeasible_Problem_Detected,0.29,,,,,,,,,,,,,,,,,,,,,,,,,,,,,,,,,,
naca001064,ok,,0.2,28.163520563250405,0.7622004226383141,4.100310328849024,1.7678399999991432,0.431147854239458,0.431147854239458,5.947743536825882,0.8567948907707384,0.0892708956926659,3.000000029998935,3.248705665906776,12.196449232731592,8.947743566824817,0.0211083671571845,28.163520563250405,30.402344687018527,0.3087851370376774,19.310724391878715,3.146990126959364,0.0076030582324623,9.75473568099908,1000000.0,867441.312663386,31.29280031291689,0.21382663634121,17.872621656253486,2.138985345196484,0.0056603044229247,11.132048573948811,1000000.0,892847.8398555992,0.1,1.301049163879599,False
naca001065,ok,,0.2,28.16352056322993,0.7823573276983002,3.9946686187429528,1.7678399999999992,0.4425498504945587,0.4425498504945587,6.001895031585375,0.928188112560955,0.0952212000212449,3.000000029997867,3.177694814659197,12.17958987624244,9.001895061583241,0.0211047677731332,28.16352056322993,30.74656724465371,0.293724759816839,20.346286205390467,3.1982314794009925,0.0089909915531533,8.831442395956806,1000000.0,900462.4933718744,31.29280031290528,0.2095782702551763,19.05207459358361,2.3181021989894584,0.0075613186205256,9.151767843948178,1000000.0,916459.8041183448,0.1,1.253246822742475,False
naca001066,ok,,0.2,28.1635205632504,0.7582879026351577,4.121466602131097,1.7678399999747825,0.4289346901563344,0.4289346901563344,5.979488910426154,0.9211206967753488,0.0893110059592902,3.000000029998935,3.1870133830351977,12.166502323460286,8.979488940425089,0.0210674742229589,28.1635205632504,30.64600888163364,0.3047123717380242,21.287614837442284,2.109158054583702,0.0110357658751521,8.017260670096459,1000000.0,869905.1236961021,31.292800312916885,0.2156924545429568,20.178121965288767,1.4491992111693168,0.0099625554940739,7.728209351337042,1000000.0,888264.6817778472,0.1,1.2926,False
naca0010,ok,,0.2,28.1635205632504,0.7311549497803391,4.274413059108591,1.7678399999923544,0.4135866083941427,0.4135866083941427,5.855842982160679,0.7645807133871335,0.0858833536121645,3.000000029998935,3.310304783065982,12.166147795225596,8.855843012159614,0.0214798030246347,28.1635205632504,30.63532316560445,0.316231442791441,18.225455166578243,2.9401749389216536,0.006445194840615,10.741787236329786,1000000.0,838485.8318523499,31.292800312916885,0.2206164769733446,17.673647775458946,2.1098722817912385,0.0056245904216207,11.428743128856077,1000000.0,856480.9177800583,0.1000239452981568,1.3663,False
naca001234,failed,Infeasible_Problem_Detected,0.34,,,,,,,,,,,,,,,,,,,,,,,,,,,,,,,,,,
naca001264,ok,,0.2,28.16352056325047,0.7641738534248921,4.089721536000129,1.7678399999999963,0.4322641491452245,0.4322641491452245,6.162305424440751,0.989781764059006,0.0902930552426369,3.0000000299989367,3.3948495559156187,12.557155010355306,9.162305454439688,0.0216544161946704,28.16352056325047,30.476048440811315,0.315564462445296,19.46878061649394,3.2069095764373783,0.0073166746439531,9.90571894050978,1000000.0,871795.5892115643,31.29280031291694,0.2183886444171494,17.834525860664858,2.114509160973981,0.0055102448240223,11.333360261551237,1000000.0,895159.5328988455,0.12,1.3284,False
naca001264a08cli0.2,ok,,0.19,28.1635205632504,0.7520373801629673,4.155721966523517,1.7678399985264617,0.4253990071442037,0.4253990071442037,6.023949367167857,0.9104006836091344,0.0901200999333219,3.000000029998935,3.3134038007429347,12.337353197909726,9.023949397166792,0.0215709835815251,28.1635205632504,30.75026680352764,0.3094504444888617,17.075595380455752,1.1838740719993306,0.0049389174572102,11.821327822230726,1000000.0,865669.576311298,31.292800312916885,0.2185620135380937,18.426165851931245,0.0340941698178283,0.006629986968227,10.217518711384065,1000000.0,880942.7691004348,0.1096032619869254,1.3303341137123743,False
naca0015,ok,,0.19,28.163520563132952,0.7728480376815963,4.04381988852391,1.7678399999953376,0.4371708060025989,0.4371708060025989,6.491604632894447,1.1426862233050536,0.0916416346188618,3.000000029992532,3.663406415435284,13.155011078322262,9.491604662886978,0.0226624891476888,28.163520563132952,30.609329327216827,0.324037892937312,19.56794385616957,2.9831609511986183,0.0069006510307234,10.073215568681922,1000000.0,885547.2948963252,31.29280031285318,0.2236984592051337,18.56068739097869,2.054679236093285,0.006584084952957,10.20453755506353,1000000.0,905320.5436336712,0.1500359179472352,1.3764,False
naca0018,ok,,0.2,28.1635205632504,0.8239944842564099,3.7928145458200513,1.7678399999895926,0.4661024098681219,0.4661024098681219,7.01804157289479,1.4789729455782905,0.0933333915461374,3.000000029998935,4.067724695251454,14.085766298145176,10.018041602893724,0.0240689225120335,28.1635205632504,30.64922744294165,0.3245812496095194,21.45247970552546,2.982594915935676,0.0075506110250529,9.340621854368337,1000000.0,945382.7524155438,31.292800312916885,0.2214501539895753,19.693881487021848,2.029446808299288,0.0073321728287266,9.300611906275307,1000000.0,965233.911546058,0.1800431015366822,1.3599,False
naca0021,failed,Infeasible_Problem_Detected,0.3,,,,,,,,,,,,,,,,,,,,,,,,,,,,,,,,,,
naca0024,failed,Infeasible_Problem_Detected,0.49,,,,,,,,,,,,,,,,,,,,,,,,,,,,,,,,,,
naca1408,ok,,0.2,28.1635205632504,0.7543194034329209,4.1431497736415,1.7678399999961811,0.4266898607535469,0.4266898607535469,5.655785742391931,0.6841156205423284,0.0899588852172359,3.000000029998935,2.972619480145475,11.62840525253634,8.655785772390866,0.0202993241211787,28.1635205632504,30.588574540920487,0.2938682856851948,16.72744875051912,1.4703239497376277,0.0048687715207182,12.003715132884976,1000000.0,863730.7002524553,31.292800312916885,0.209010777265666,16.979969907695875,0.7934386667889263,0.0043757898673466,12.893974900431736,1000000.0,883615.9491831815,0.080025339063724,1.2519016722408027,False
naca1410,ok,,0.19,28.163520563250543,0.7091932158313471,4.406779698162186,1.7678399999999812,0.4011636889262346,0.4011636889262346,5.873494914604611,0.729715498786397,0.0875061460277291,3.0000000299989384,3.3637498902255043,12.237244834829053,8.87349494460355,0.0216661676913148,28.163520563250543,30.64160466176156,0.3277950451419867,17.47984260064604,1.928456892201648,0.005408746899209,11.67993900799857,1000000.0,813466.9552466135,31.29280031291701,0.227901715373246,17.16916301162877,1.03817842874898,0.0048840647372284,12.587665530771828,1000000.0,830754.7621177828,0.1000316745217622,1.445577591973244,False
naca1412,ok,,0.2,28.163520563250422,0.7141933900261086,4.375927177767772,1.7678399999992496,0.4039920977160895,0.4039920977160895,6.065951643206751,0.8446738443884417,0.0843596388204206,3.000000029998936,3.631534555129459,12.697486228335144,9.065951673205689,0.0225873795220731,28.163520563250422,30.65450584462603,0.337457902422436,17.968126114261672,2.0458112458412163,0.0057416453052662,11.289503887669316,1000000.0,819547.2252412547,31.292800312916903,0.2312144826216833,17.31210522097371,1.0386804357715882,0.0054667193273062,11.811658686597749,1000000.0,836612.0072679508,0.1200380104412369,1.4789,False
naca16006,failed,airfoil 'naca16006' not found in the aerosandbox UIUC database,0.0,,,,,,,,,,,,,,,,,,,,,,,,,,,,,,,,,,
naca16009,failed,Infeasible_Problem_Detected,0.66,,,,,,,,,,,,,,,,,,,,,,,,,,,,,,,,,,
naca16012,failed,Infeasible_Problem_Detected,0.31,,,,,,,,,,,,,,,,,,,,,,,,,,,,,,,,,,
naca16015,failed,Infeasible_Problem_Detected,0.26,,,,,,,,,,,,,,,,,,,,,,,,,,,,,,,,,,
naca16018,failed,Infeasible_Problem_Detected,0.89,,,,,,,,,,,,,,,,,,,,,,,,,,,,,,,,,,
naca16021,failed,Infeasible_Problem_Detected,0.39,,,,,,,,,,,,,,,,,,,,,,,,,,,,,,,,,,
naca23012,ok,,0.2,28.16352056325066,0.7126797017080464,4.385221380809375,1.7678399999997094,0.4031358616776199,0.4031358616776199,6.116781427905171,0.841440226911067,0.0859532170329922,3.00000002999894,3.778088728152433,12.894870186056544,9.11678145790411,0.0229350490345406,28.16352056325066,30.45333997177736,0.3479838117947521,18.89265067439077,2.1117855667225824,0.0068083578060217,10.497407320769817,1000000.0,812443.481601745,31.29280031291712,0.2330046643980819,17.76664194026994,1.0480362402853918,0.0061587301029102,11.056046506929825,1000000.0,834838.8603304571,0.1199979441473514,1.5304,False
naca23015,ok,,0.19,28.163520563250408,0.71228623475552,4.387643777317948,1.7678399999983845,0.4029132923546084,0.4029132923546084,6.329652489704024,0.9995557692866665,0.0837535041377963,3.000000029998935,3.829672078459314,13.159324598162272,9.32965251970296,0.0232736235687349,28.163520563250408,30.66949756770963,0.3503257362223415,19.41348819083001,2.07891331814294,0.007237281668501,10.225439195815833,1000000.0,817758.4699799842,31.292800312916896,0.2385768925807523,18.192909444186327,1.047606630256695,0.006814563613614,10.461453144888988,1000000.0,834377.9499088522,0.1497615695177883,1.5254,False
naca23018,ok,,0.2,28.163520563250405,0.7296102415894326,4.283462713998316,1.7678399999998975,0.4127128255891228,0.4127128255891228,6.630331086574647,1.2038592453396797,0.0880900320112097,3.000000029998935,3.858498999604768,13.488830116178349,9.630331116573585,0.023305023464314,28.163520563250405,30.58179497780668,0.3525849222537497,20.1951178022287,2.066157636404081,0.0077756679555182,9.772188937288297,1000000.0,835252.400031622,31.29280031291689,0.2404184308562295,18.855415667652807,1.0257080046614055,0.0074637610043415,9.82399584105669,1000000.0,854671.43390511,0.1802,1.4947,False
naca23021,failed,Infeasible_Problem_Detected,0.29,,,,,,,,,,,,,,,,,,,,,,,,,,,,,,,,,,
naca23024,failed,Infeasible_Problem_Detected,0.49,,,,,,,,,,,,,,,,,,,,,,,,,,,,,,,,,,
naca2408,ok,,0.2,28.16352056325109,0.7142165596371401,4.375785220084781,1.7678399999999996,0.404005203885612,0.404005203885612,5.6274942044583725,0.6308121495819544,0.0844750835382025,3.000000029998951,3.202739393247417,11.83023362770474,8.627494234457323,0.021060724016513,28.16352056325109,30.55851668349037,0.3163772045902344,16.409295222680118,0.6595449865750205,0.0044903889837122,12.573971111948556,1000000.0,817007.4623225072,31.292800312917485,0.2200250977604753,16.713697302752575,-0.1373638803120123,0.0043457327335153,13.320954500715851,1000000.0,836639.1483404124,0.0800438846876533,1.3693749163879598,False
naca2410,ok,,0.2,28.16352056325045,0.6822433927757685,4.580855305735664,1.7678399999999943,0.3859191967461822,0.3859191967461822,5.834405056639811,0.688233832692698,0.0801629682348213,3.000000029998936,3.612249938348227,12.446655024986974,8.834405086638746,0.0225179305494304,28.16352056325045,30.64938196756225,0.346398648582756,17.269167952959236,1.0078110440675012,0.0049135201860254,12.21620181932237,1000000.0,782753.2836800042,31.292800312916928,0.2358606174379203,17.18069990851003,-0.0299186859031506,0.0049488670026673,12.757561985923488,1000000.0,799185.517880986,0.1000548586265933,1.5283,False
naca2411,ok,,0.19,28.1635205632504,0.7131224054675025,4.3824990515347,1.767839999997023,0.4033862823947322,0.4033862823947322,5.918906334812751,0.789638035714891,0.0842424355260202,3.000000029998935,3.394538491375431,12.313444856187116,8.918906364811686,0.0217726598841477,28.1635205632504,30.64395316445969,0.3279685699704201,17.396395604205917,0.4501166076447806,0.0052771364009778,11.74862198515263,1000000.0,818036.5525041153,31.292800312916885,0.2278059080454405,17.81209263520702,-0.5976913389432311,0.0057559914955575,11.454349199496887,1000000.0,835357.4471542754,0.1100603462649196,1.4166,False
naca2412,ok,,0.19,28.16352056190615,0.6325738613909242,4.940542845590249,1.7678399998875265,0.3578230277803251,0.3578230277803251,5.726040175095956,0.700405670483109,0.0719911749671401,3.000000029924155,3.163298539257444,11.889338744277556,8.72604020502011,0.0211528064530124,28.16352056190615,30.88853410883702,0.3513647420742872,15.873296243513744,1.0330702991803722,0.0055077881988137,12.246349754968657,1000000.0,731429.3427648672,31.29280031220329,0.2512600416941604,15.809279541427376,0.0704228862463624,0.0056549229416573,12.347764787947243,1000000.0,741002.220596763,0.120065834410725,1.5599,False
naca2415,ok,,0.19,28.1635205632504,0.7046167862462597,4.435401379300621,1.7678399999985943,0.3985749763818105,0.3985749763818105,6.276269256632975,0.9841226491758456,0.0829858992455066,3.000000029998935,3.708461106719998,12.984730393351906,9.276269286631909,0.0228425377416386,28.1635205632504,30.64530530697796,0.3499921990018924,18.88382223627876,0.98502291413013,0.0065203849178857,10.7438238529179,1000000.0,808315.2563657011,31.292800312916885,0.2397937296608153,18.363837660947706,-0.0317098152840664,0.0065596653812193,10.758117165012328,1000000.0,825393.8948872715,0.1500823023551126,1.5068,False
naca2418,ok,,0.2,28.16352056318468,0.7370064306706849,4.240476250330628,1.767839999999996,0.4168965690733814,0.4168965690733814,6.658597016354135,1.2284537145583814,0.0823403966474501,3.000000029994616,3.903187686078471,13.561784732427222,9.658597046348753,0.0234960752099249,28.16352056318468,30.63290259324092,0.3497643867521577,20.072553776628084,0.9880246088789556,0.0073544331079495,9.960361797237878,1000000.0,845129.5077679324,31.2928003128889,0.2387042936411844,18.967193017079502,-0.0283133123387308,0.0073865053940026,9.832196047250436,1000000.0,863335.3905857864,0.1800987765311582,1.4858,False
naca2421,ok,,0.2,28.1635205632504,0.8001472384556568,3.905853966310529,1.7678399998174166,0.4526129279450043,0.4526129279450043,7.280645257307078,1.6067143107542403,0.0948386642710292,3.000000029998935,4.39274497838541,14.673390265691422,10.280645287306012,0.0251644272952295,28.1635205632504,30.63541964455797,0.3485131812972778,22.415144354452988,1.0287143502393867,0.0081261439037706,9.111666711640485,1000000.0,917608.826957004,31.292800312916885,0.2340280557210509,20.30745703032865,-0.0432801472050476,0.0081566954728111,8.921420134463535,1000000.0,937299.0518978004,0.2101152581890503,1.4605,False
naca2424,failed,Infeasible_Problem_Detected,0.37,,,,,,,,,,,,,,,,,,,,,,,,,,,,,,,,,,
naca4412,ok,,0.19,28.16352056225772,0.6210857906394311,5.031926849070769,1.7678399999702743,0.3513246621017029,0.3513246621017029,5.73916202167845,0.6822975604588853,0.0702031375084673,3.0000000299424467,3.5046670631411714,12.243829114762068,8.739162051620896,0.0221911124944793,28.16352056225772,30.704109771071234,0.3729743484131391,17.518678397227383,-1.0028699213721062,0.0069604725097485,11.141511956457691,1000000.0,713858.1821491097,31.29280031240313,0.2562923595749912,17.38199041893108,-2.054896786058587,0.0071572150278048,10.883778217718056,1000000.0,727545.0000642639,0.1201770661547572,1.6586,False
naca4415,ok,,0.2,28.163520563250486,0.6903749257061906,4.526900020888092,1.7678399999999912,0.3905188963402763,0.3905188963402763,6.224952067927622,0.954143715087294,0.081018523768563,3.000000029998936,3.647227024244657,12.872179122171216,9.224952097926558,0.0226243083896764,28.163520563250486,30.63213785921421,0.3544204455262931,19.392300577544454,-0.606334543635761,0.0074663431196099,10.255041794279151,1000000.0,791637.1298606001,31.29280031291697,0.2433865476882187,19.06872887414073,-1.8398477080762257,0.007585932898837,9.96342325768432,1000000.0,808710.8623914361,0.1502208651018468,1.5296,False
naca4418,ok,,0.19,28.163520563250405,0.6854310638586114,4.559551544112521,1.7678399999997794,0.3877223413084312,0.3877223413084312,6.484021142821054,1.0926282000572427,0.080125278697268,3.000000029998935,3.918795164613424,13.402816337433412,9.48402117281999,0.0236205179851171,28.163520563250405,30.72567634775393,0.369433009907167,20.285585295202324,-1.0152162254133346,0.0081604989709544,9.853066536078838,1000000.0,788368.1537844114,31.29280031291689,0.2520264907620062,19.32603767861864,-2.087271100368679,0.0081995326188362,9.599927090957348,1000000.0,802919.5819880448,0.1802616454926423,1.6012,False
naca4421,ok,,0.19,28.1635205632504,0.7247787917864474,4.312016681207036,1.767839992863676,0.4099798594398794,0.4099798594398794,6.907828752506782,1.3627515329952216,0.0857613876383236,3.000000029998935,4.156180629609269,14.064009412114984,9.907828782505716,0.024355630238666,28.1635205632504,30.630958408475387,0.3688831507537641,21.56234146844025,-0.922599053584347,0.0088875080302979,9.199745420871558,1000000.0,831055.2592691107,31.292800312916885,0.2489949134776748,19.90410768835701,-2.0441180068471945,0.0088906171222343,8.908062078620388,1000000.0,849011.8373218107,0.2102960871388469,1.5631,False
naca4424,failed,Infeasible_Problem_Detected,0.46,,,,,,,,,,,,,,,,,,,,,,,,,,,,,,,,,,
naca63206,failed,Infeasible_Problem_Detected,0.29,,,,,,,,,,,,,,,,,,,,,,,,,,,,,,,,,,
naca63209,ok,,0.19,28.16352056325081,0.8010366811429496,3.901517045562418,1.76783999999999,0.453116051872881,0.453116051872881,5.775653852054227,0.7746166616921537,0.0939482823425773,3.000000029998943,2.951717115946309,11.72737099799948,8.77565388205317,0.0203555110971242,28.16352056325081,30.78096545615029,0.2756069109284721,16.952204274773877,0.8903794580732612,0.004888650895684,11.703600708384451,1000000.0,922993.1533536072,31.29280031291725,0.1995466965518624,17.412420220019722,0.2139329522744218,0.0048353965025615,11.814444688570196,1000000.0,938340.9522755292,0.0899989471585244,1.1785494983277591,False
naca632615,ok,,0.2,28.16352056304657,0.6481622876170126,4.821721851477847,1.7678399999736454,0.3666408089118219,0.3666408089118219,5.896179920510379,0.8075331308296335,0.0738426063897457,3.00000002998755,3.31363064766826,12.20981059816619,8.89617995049793,0.0216960294657632,28.16352056304657,30.92741326839359,0.3512726127905173,17.484607538435565,-1.455320914190791,0.006388259146692,11.37599297212214,1000000.0,750397.1820709442,31.292800312809167,0.249998418220938,17.369807057088718,-2.3198040768803936,0.006372471057626,11.408321928898278,1000000.0,759262.6311828777,0.1499863033601802,1.5513,False
naca632a015,ok,,0.2,28.16352056216536,0.7784952082434798,4.014486193944163,1.7678399999844827,0.440365196086927,0.440365196086927,6.417797586546231,1.1273867529654429,0.0916832622179064,3.000000029940396,3.7255772341689526,13.14337485065558,9.417797616486627,0.0227929926711903,28.16352056216536,30.50101515232226,0.3236895510548856,19.238259974191266,1.9357403727755071,0.0064121604341756,10.346233934643983,1000000.0,888861.4597579727,31.2928003123219,0.2203488914672884,18.398171153361947,0.9681008188529358,0.0062710553309812,10.444414260815778,1000000.0,911935.6856359398,0.1498673618652188,1.3549,False
naca633018,failed,Infeasible_Problem_Detected,0.31,,,,,,,,,,,,,,,,,,,,,,,,,,,,,,,,,,
naca633218,failed,Infeasible_Problem_Detected,0.32,,,,,,,,,,,,,,,,,,,,,,,,,,,,,,,,,,
naca633418,ok,,0.2,28.163520563250778,0.768563519766988,4.066363007377007,1.767839999999985,0.4347472168109074,0.4347472168109074,6.610412883033597,1.2193795852724023,0.0915251230429537,3.00000002999894,3.7302189539265305,13.340631866959068,9.610412913032537,0.0227560894919314,28.163520563250778,30.43063025386564,0.3343343946245236,19.547354978746345,-0.0937771010301118,0.0070033902830417,9.994709329402625,1000000.0,875496.7777559316,31.292800312917247,0.2277611994672426,18.534422651152408,-0.9969239797885492,0.006940574330292,9.943741642292306,1000000.0,900301.6241321068,0.1799629830725008,1.3912,False
naca633618,ok,,0.2,28.16352056325043,0.7152157007874207,4.369672341028114,1.7678399999999523,0.4045703801177934,0.4045703801177934,6.447156852543915,1.084068396956,0.0853638151587762,3.000000029998936,3.753998892749197,13.201155775292047,9.447156882542853,0.0229300276333054,28.16352056325043,30.5552682285266,0.3526216984353256,19.493822526581354,-1.4040169812683412,0.0070214700129951,10.319257857897666,1000000.0,818063.4294101081,31.29280031291691,0.2405922025481618,18.74010708889396,-2.348569308107681,0.0069421548822824,10.346016348637791,1000000.0,837809.5504961286,0.1799498818174217,1.4977,False
naca634221,failed,Infeasible_Problem_Detected,0.3,,,,,,,,,,,,,,,,,,,,,,,,,,,,,,,,,,
naca634421,failed,Infeasible_Problem_Detected,0.33,,,,,,,,,,,,,,,,,,,,,,,,,,,,,,,,,,
naca63a210,ok,,0.2,28.1635205632504,0.7915142694748035,3.948454720416452,1.7678399966017195,0.4477295858201615,0.4477295858201615,5.89257596884498,0.8492615036551506,0.0932080796322958,3.000000029998935,3.057810879898493,11.950386878742409,8.892575998843915,0.0205651280355119,28.1635205632504,30.55330631354112,0.288478269504449,19.29406482161539,1.4177822516648193,0.0083462780412842,9.128727199676096,1000000.0,905275.5728408636,31.292800312916885,0.2046380064345686,19.761115475566065,0.6752252340322797,0.0087442318166074,8.188609981635382,1000000.0,927186.3227619148,0.0999027120268174,1.212421404682274,False
naca641112,failed,Infeasible_Problem_Detected,0.22,,,,,,,,,,,,,,,,,,,,,,,,,,,,,,,,,,
naca6412,ok,,0.19,28.163520563250515,0.6335398033135315,4.933010126994736,1.767839999999973,0.358369424446523,0.358369424446523,5.90532520896106,0.7051416528698817,0.0726122224317607,3.000000029998936,3.5715843020575013,12.476909541017497,8.905325238959996,0.02245452178988,28.163520563250515,30.752203106199847,0.3714385456320846,18.4056370651548,-2.6771757718328346,0.0077651005077015,10.518304524558763,1000000.0,729313.0386891282,31.292800312917,0.2560314643887226,18.20235727119187,-3.748634762131948,0.008074049250753,10.021678948869416,1000000.0,742133.7328740678,0.1203796705325934,1.6744,False
naca64206,failed,Infeasible_Problem_Detected,0.25,,,,,,,,,,,,,,,,,,,,,,,,,,,,,,,,,,
naca64208,failed,Infeasible_Problem_Detected,0.25,,,,,,,,,,,,,,,,,,,,,,,,,,,,,,,,,,
naca64209,ok,,0.2,28.163520563236823,0.8086291170892764,3.864884654227403,1.767839999999943,0.4574108047613486,0.4574108047613486,5.779125926187214,0.7906456556303332,0.0948750109455593,3.000000029997902,2.9269478718234563,11.706073828008572,8.779125956185116,0.0201805024588531,28.163520563236823,30.64385331847867,0.2749675547980866,18.49471486183996,0.8412767679205154,0.0070705848591787,9.827685536636547,1000000.0,927591.1327770532,31.29280031291257,0.1977513080890403,18.9597863188154,0.148462899354009,0.0071049277065302,9.254986929540914,1000000.0,947234.7941476752,0.0897958469306223,1.160771237458194,False
naca64210,ok,,0.2,28.1635205632504,0.7918291761471282,3.94688445405199,1.7678399999999703,0.4479077157136061,0.4479077157136061,5.855126966370004,0.8250370535561888,0.0931681040464135,3.000000029998935,3.0173697618725046,11.872496758241445,8.855126996368938,0.0204902642999457,28.1635205632504,30.64667538774585,0.2847410889467059,17.295226773102986,0.9676971145201072,0.0051572384482735,11.460665404705717,1000000.0,908403.306673393,31.292800312916885,0.2036951809082781,17.718326930579614,0.2517109078872673,0.0050910816776019,11.561598216586216,1000000.0,927555.2052439032,0.0997544014456807,1.203991304347826,False
naca642215,ok,,0.19,28.16352056303888,0.8104272925202989,3.8563092512341086,1.7678399999996153,0.4584279643635596,0.4584279643635596,6.46184994350258,1.1615057602062755,0.0940735677654237,3.000000029987174,3.541483768333028,13.003333741822782,9.461849973489754,0.0223208875618419,28.16352056303888,30.709850280171032,0.3034530945227788,19.217772344072483,1.1112832646577795,0.006401211922589,10.219625203397676,1000000.0,931656.022093078,31.29280031280453,0.2126568907209682,18.552416112182463,0.3324014399234457,0.0063496817746454,10.129160938250298,1000000.0,949341.1916242702,0.1496289446660281,1.2829,False
naca642415,ok,,0.2,28.16352056325108,0.7459584884411892,4.189587375204702,1.767839999999997,0.4219604084313006,0.4219604084313006,6.28107978014316,1.0160270314927529,0.0865508190056236,3.000000029998945,3.5827763715164487,12.863856181658557,9.281079810142106,0.0223862232240101,28.16352056325108,30.606539965372374,0.3283479898571044,18.89784070200109,-0.1618437657868278,0.0064100723172889,10.58408137519339,1000000.0,854658.7323444809,31.292800312917525,0.226621603074745,18.441141664119627,-1.0349607415523083,0.0063581733670298,10.596061791531778,1000000.0,873821.9046388598,0.1496289253069889,1.398,False
naca643218,failed,Infeasible_Problem_Detected,0.29,,,,,,,,,,,,,,,,,,,,,,,,,,,,,,,,,,
naca643418,ok,,0.2,28.1635205632504,0.8091604552832596,3.8623467634189774,1.767839999985837,0.4577113626175119,0.4577113626175119,6.786543439568235,1.3382075619577378,0.0935441967740547,3.000000029998935,3.8672770497466047,13.653820519313776,9.786543469567173,0.0233823487879239,28.1635205632504,30.64404372323846,0.3205041895481699,20.588998928655,-0.1943401502237652,0.0071568591007135,9.675150507702917,1000000.0,928206.4065034802,31.292800312916885,0.2202988041621388,19.363314672917085,-1.04848139165396,0.0070559700909965,9.578177668508214,1000000.0,947857.2080830449,0.1795327087235686,1.3455,False
naca643618,ok,,0.2,28.163520563250533,0.743530812116469,4.203266649708722,1.7678399999999987,0.4205871640626242,0.4205871640626242,6.548390141568641,1.1644319660653952,0.087761642748721,3.0000000299989367,3.795167493236713,13.34355766480429,9.548390171567576,0.02313282261049,28.163520563250533,30.63874478186136,0.3409863908472983,19.93450350518276,-1.4595433149949668,0.0071507706632965,10.067931541276408,1000000.0,852773.6601311358,31.292800312917013,0.2339099234811287,19.00885574516554,-2.3720832166922485,0.0070361266606485,10.0477265138433,1000000.0,870978.1046381951,0.1795407469886071,1.4481,False
naca644221,failed,Infeasible_Problem_Detected,0.3,,,,,,,,,,,,,,,,,,,,,,,,,,,,,,,,,,
naca644421,failed,Infeasible_Problem_Detected,0.28,,,,,,,,,,,,,,,,,,,,,,,,,,,,,,,,,,
naca64a010,failed,Infeasible_Problem_Detected,0.29,,,,,,,,,,,,,,,,,,,,,,,,,,,,,,,,,,
naca64a210,ok,,0.2,28.1635205632504,0.7929020837150423,3.9415437664555686,1.7678399999651149,0.4485146188177035,0.4485146188177035,5.894966772875933,0.8537545923035454,0.0932425227404885,3.000000029998935,3.052004135837567,11.946970938712436,8.894966802874869,0.0206084523303379,28.1635205632504,30.64704945512965,0.2861325252900691,17.21185981715296,0.971143475660491,0.0049208681901897,11.66242017250582,1000000.0,909645.271937978,31.292800312916885,0.204334750904834,17.614041329047325,0.2288640820172876,0.0048720473731837,11.85436149899698,1000000.0,928812.018005852,0.0998966137858205,1.2093759197324414,False
naca64a410,ok,,0.19,28.163520563250405,0.6995362430273642,4.467614504227242,1.76783999999482,0.3957011058859477,0.3957011058859477,5.694141259340614,0.7030587650488417,0.0837095222050322,3.000000029998935,3.041535999405683,11.735677288745231,8.694141289339548,0.0205321940325411,28.163520563250405,30.58655040597037,0.3198477186924695,16.41345217888566,-0.349041644611906,0.0057185573814243,11.574162629268631,1000000.0,800948.4362966554,31.29280031291689,0.2263778514578401,17.235424837422524,-1.236756025461023,0.0065251588147144,10.696252886481112,1000000.0,819442.504803742,0.099926212821397,1.3608474916387958,False
naca651212,ok,,0.2,28.1635205632504,0.8356800307898798,3.739778558834834,1.7678399987539672,0.4727124804161547,0.4727124804161547,6.215459556688438,1.055591537056118,0.0951783602042557,3.000000029998935,3.268320738915913,12.483780325603284,9.215459586687372,0.0213517659029571,28.1635205632504,30.656678273323585,0.2835059766460891,18.279631670509367,0.945039883166532,0.0055270169178246,10.7975235092892,1000000.0,959022.8593675356,31.292800312916885,0.2008604514457188,18.18881957484658,0.2242367384536954,0.0054873499498984,10.7956494713369,1000000.0,978922.4574870204,0.1199346903668202,1.1898397993311036,False
naca651212a06,ok,,0.2,28.1635205632504,0.8418398913586724,3.7124140797773952,1.7678399999994934,0.4761968794454892,0.4761968794454892,6.209706854101519,1.0696237011492962,0.0913583206234339,3.000000029998935,3.2259177764476714,12.435624660548124,9.209706884100454,0.0211763286767352,28.1635205632504,30.611865433442592,0.2811673132182958,17.76681249956743,1.0676860044937848,0.0054414012601033,10.836725632075328,1000000.0,964679.689855774,31.292800312916885,0.1992662588467374,17.556536864549795,0.3517155420777545,0.0054526180892222,10.788101278248504,1000000.0,986138.1680975348,0.1199348001578629,1.171872575250836,False
naca651412,ok,,0.2,28.1635205632504,0.7667633244251388,4.075909933792534,1.767839995840181,0.4337289156424634,0.4337289156424634,6.094006049291079,0.9185716047168604,0.0908937877237165,3.000000029998935,3.376634887572348,12.470640966862362,9.094006079290017,0.0216967617123627,28.1635205632504,30.62286894819417,0.3093442230587327,18.0744718360713,-0.3478059792818686,0.0055417264119171,11.171421347105069,1000000.0,878963.9165350755,31.292800312916885,0.2160286580127654,18.00722558993546,-1.1648005791788691,0.0054809805140818,11.333517432792558,1000000.0,898192.8626257416,0.1199018780687397,1.3229622073578595,False
naca65206,failed,Infeasible_Problem_Detected,0.26,,,,,,,,,,,,,,,,,,,,,,,,,,,,,,,,,,
naca65209,ok,,0.2,28.1635205632504,0.8347851664103234,3.743787493300432,1.7678399999999117,0.4722062892628095,0.4722062892628095,5.828147680598581,0.851271603780076,0.0943709377412645,3.000000029998935,2.874898444227988,11.703046154825504,8.828147710597516,0.0200054344109034,28.1635205632504,30.64715254025281,0.2662258684698384,17.018012737761417,0.8138417314738133,0.0047569559832582,11.622872876187811,1000000.0,957698.2448219222,31.292800312916885,0.1926248564339688,17.629553312275423,0.1543549516010293,0.0047104803239731,11.722905568687846,1000000.0,977874.2053076942,0.089918430331873,1.1157,False
naca65210,failed,Infeasible_Problem_Detected,0.27,,,,,,,,,,,,,,,,,,,,,,,,,,,,,,,,,,
naca652215,failed,Infeasible_Problem_Detected,0.26,,,,,,,,,,,,,,,,,,,,,,,,,,,,,,,,,,
naca652415,ok,,0.2,28.1635205632504,0.7922891399725125,3.944593088157605,1.7678399999315284,0.4481678998117472,0.4481678998117472,6.456130409612001,1.151544854418039,0.0931206935631314,3.000000029998935,3.611230621583824,13.06736106119476,9.456130439610936,0.0224890009260608,28.1635205632504,30.614725003746827,0.3138699805745109,19.292944811613623,-0.2857326634122372,0.0062370986997921,10.413712881610133,1000000.0,907983.39012927,31.292800312916885,0.2173938288266588,18.71132778266931,-1.1158956310703732,0.0061679867183651,10.446212111848231,1000000.0,928094.010685484,0.1499318558571025,1.3244,False
naca652415a05,ok,,0.19,28.16352056321493,0.835218734342144,3.741844066825777,1.767839999999968,0.4724515421882971,0.4724515421882971,6.583699426417104,1.2561329875881777,0.0947426954938343,3.000000029996788,3.642602399396341,13.226301855810233,9.583699456413893,0.0225912160288078,28.16352056321493,30.60862763057858,0.3014788186596082,19.471824923875133,0.0030182253851908,0.0062042828805637,10.188453881185248,1000000.0,956991.154015894,31.29280031289987,0.2090019888980832,18.771587693801624,-0.8061202975630068,0.0062522714846097,10.06650397665519,1000000.0,978382.0903461037,0.1499491833174475,1.2604,False
naca653218,failed,Infeasible_Problem_Detected,0.29,,,,,,,,,,,,,,,,,,,,,,,,,,,,,,,,,,
naca653618,failed,airfoil 'naca653618' not found in the aerosandbox UIUC database,0.0,,,,,,,,,,,,,,,,,,,,,,,,,,,,,,,,,,
naca65410,ok,,0.2,28.1635205632504,0.7486580403362676,4.174480332745119,1.7678399999251206,0.423487442510622,0.423487442510622,5.86461123880719,0.7766033104505324,0.0888082867000277,3.000000029998935,3.162170247077292,12.026781515883416,8.864611268806126,0.0209686322722005,28.1635205632504,30.62519890952215,0.3055022477642605,17.17981626319035,-0.3941392372033855,0.0050632070560911,11.776708424385316,1000000.0,858274.5789539161,31.292800312916885,0.215671948895571,17.770144617993417,-1.1967829091782398,0.005347281667424,11.610052736408091,1000000.0,876984.1819543885,0.0999230674438576,1.3130508361204012,False
naca654221,failed,Infeasible_Problem_Detected,0.58,,,,,,,,,,,,,,,,,,,,,,,,,,,,,,,,,,
naca654421,failed,Infeasible_Problem_Detected,0.27,,,,,,,,,,,,,,,,,,,,,,,,,,,,,,,,,,
naca654421a05,failed,Infeasible_Problem_Detected,0.31,,,,,,,,,,,,,,,,,,,,,,,,,,,,,,,,,,
naca66-018,failed,Infeasible_Problem_Detected,0.43,,,,,,,,,,,,,,,,,,,,,,,,,,,,,,,,,,
naca661212,failed,Infeasible_Problem_Detected,0.27,,,,,,,,,,,,,,,,,,,,,,,,,,,,,,,,,,
naca66206,failed,Infeasible_Problem_Detected,0.29,,,,,,,,,,,,,,,,,,,,,,,,,,,,,,,,,,
naca66209,failed,Infeasible_Problem_Detected,0.3,,,,,,,,,,,,,,,,,,,,,,,,,,,,,,,,,,
naca66210,failed,Infeasible_Problem_Detected,0.25,,,,,,,,,,,,,,,,,,,,,,,,,,,,,,,,,,
naca662215,failed,Infeasible_Problem_Detected,0.28,,,,,,,,,,,,,,,,,,,,,,,,,,,,,,,,,,
naca662415,ok,,0.19,28.1635205632504,0.8401026067335405,3.720091141904101,1.7678399999999967,0.4752141634613664,0.4752141634613664,6.672991329225974,1.3349992755337317,0.0929009786328809,3.000000029998935,3.699725975299366,13.372717334524276,9.672991359224907,0.0228069218158317,28.1635205632504,30.63741654213308,0.3024749182236901,19.980987195081298,-0.4062320424611579,0.006522889740999,9.936002493259046,1000000.0,963492.440784012,31.292800312916885,0.2097229354678353,18.870275222301142,-1.2044480339540593,0.0062515457210781,10.05076904856748,1000000.0,984103.0986080592,0.1498954977226701,1.2642,False
naca663218,failed,Infeasible_Problem_Detected,0.32,,,,,,,,,,,,,,,,,,,,,,,,,,,,,,,,,,
naca663418,failed,Infeasible_Problem_Detected,0.29,,,,,,,,,,,,,,,,,,,,,,,,,,,,,,,,,,
naca664221,failed,Infeasible_Problem_Detected,0.74,,,,,,,,,,,,,,,,,,,,,,,,,,,,,,,,,,
naca671215,failed,Infeasible_Problem_Detected,0.27,,,,,,,,,,,,,,,,,,,,,,,,,,,,,,,,,,
naca747a315,failed,Infeasible_Problem_Detected,0.29,,,,,,,,,,,,,,,,,,,,,,,,,,,,,,,,,,
naca747a415,failed,Infeasible_Problem_Detected,0.24,,,,,,,,,,,,,,,,,,,,,,,,,,,,,,,,,,
nacacyh,ok,,0.19,28.163520563101383,0.7144835970665702,4.374149775349991,1.7678399999999976,0.4041562568256013,0.4041562568256013,5.980753071780443,0.8353980501436009,0.0858979410741825,3.000000029989934,3.414321249141053,12.395074350911427,8.980753101770377,0.0218169695509674,28.163520563101383,30.611613826944023,0.3302103939654457,17.250978545763434,0.2579237835943369,0.0055194796685798,11.51685337475584,1000000.0,818733.0593401177,31.2928003128452,0.228948580097295,17.876355798745756,-0.792585333642746,0.0065764096300909,10.58507178331848,1000000.0,836951.958178183,0.117,1.4178591973244146,False
nacam12,ok,,0.2,28.16352056278749,0.6728565932407858,4.644761301275344,1.7678399999979544,0.3806094404706107,0.3806094404706107,5.838004349710787,0.78365145557442,0.080925868177323,3.000000029973167,3.226447050687584,12.064451430371538,8.838004379683955,0.0213485154555175,28.16352056278749,30.85815017948699,0.3358548376374554,18.73634965938217,1.3419024413554943,0.0091079540337826,9.489006514766643,1000000.0,777241.9610729017,31.29280031267132,0.2392484651809828,18.46796522873461,0.4703223483496663,0.0092148856742465,8.813110453266725,1000000.0,788189.7437472293,0.1193,1.4737,False
nacam18,ok,,0.2,28.163520562630243,0.7131624325779028,4.382253078445751,1.767839999998975,0.4034089242116461,0.4034089242116461,5.975097693235013,0.8626436579410619,0.0846616504266505,3.0000000299644247,3.119957297002249,12.095055020201688,8.975097723199438,0.0208775118072873,28.163520562630243,30.70243732544403,0.3209075992557647,18.35194748044091,0.9669616668520024,0.008597986046287,9.489080728142188,1000000.0,819643.7834777887,31.2928003125878,0.2292282762584148,18.22941714321833,0.1462168394745615,0.0089643893213973,8.67948511426108,1000000.0,835404.3352306867,0.1196,1.3938,False
nacam2,ok,,0.19,28.1635205632504,0.7954289942538322,3.9290222681360034,1.767839990254868,0.4499439986868697,0.4499439986868697,5.740425647368106,0.7658474294893947,0.0935627448277369,3.000000029998935,2.983367930568004,11.723793607935043,8.74042567736704,0.0203113856682366,28.1635205632504,30.551768204609843,0.2816439090030387,18.624309450468928,2.462989616683941,0.007158454633618,9.848463076044402,1000000.0,909707.1506145536,31.292800312916885,0.2001467884161362,18.21379735417352,1.8546861281253,0.0061554665416042,10.251927680403588,1000000.0,931772.0668985212,0.0806,1.1860565217391303,False
nacam3,ok,,0.2,28.163520563250405,0.755096679700752,4.138884926404643,1.7678399999976346,0.4271295364409462,0.4271295364409462,6.13390372988128,0.9385592245580524,0.0907072083142593,3.000000029998935,3.5022450270810133,12.636148786961227,9.133903759880216,0.0221499600382633,28.163520563250405,30.65858616437553,0.3175515534869395,19.049541387959653,2.9898417378064663,0.0066337538298724,10.411057000400572,1000000.0,866599.6754896784,31.29280031291689,0.220328831406073,18.114030346268525,2.0506474688897285,0.0057786686254612,11.097522524671792,1000000.0,884526.4569912837,0.119,1.3632,False
nacam6,ok,,0.19,28.1635205632504,0.7533737354456376,4.14835043824643,1.767839999999791,0.4261549322595521,0.4261549322595521,6.119941372261712,0.9442109742411312,0.0898075161754021,3.000000029998935,3.3162274927715454,12.436168895032193,9.119941402260649,0.0214794364125042,28.1635205632504,30.60607411870822,0.3143165164939757,18.53811672957693,1.645730843885386,0.0065041867305846,10.528326930336066,1000000.0,863141.3832829683,31.292800312916885,0.2204951456864822,17.987324187703912,0.9237269968221606,0.0059208071400375,10.952621510419716,1000000.0,882508.1859283163,0.1201,1.3385,False
nasasc2-0714,ok,,0.2,28.1635205632504,0.6351872945246385,4.920215332307565,1.7678399999454384,0.3593013477148625,0.3593013477148625,6.047120008325567,0.7843955794658071,0.0726967562793776,3.000000029998935,4.05476665296513,13.101886691289632,9.047120038324502,0.0241115788406988,28.1635205632504,30.759941372733724,0.3888367883393193,18.20998310162528,-1.7199912052243955,0.005981842493438,11.53814458139152,1000000.0,731393.5802298582,31.292800312916885,0.2594334735456808,17.331020070487845,-2.845220227096032,0.006012599862179,11.95468004670938,1000000.0,744063.6176429826,0.1393333333333333,1.756,False
ncambre,ok,,0.2,28.163520563250422,0.7273427061587507,4.296816671329133,1.7678399999978978,0.4114301668474611,0.4114301668474611,6.066286240370974,0.8437193887175184,0.0879714067757233,3.000000029998936,3.638898144168977,12.705184414538886,9.06628627036991,0.0225956978860142,28.163520563250422,30.63178190703553,0.3320501498012417,18.22228003339924,2.2322330230304086,0.0062054335832962,10.864887306202093,1000000.0,834017.5462144577,31.292800312916903,0.227042834541701,17.293647943623274,1.2492549490902916,0.0057344367379052,11.37777633021184,1000000.0,852015.2242649518,0.1151911445380828,1.4591,False
nl722343,ok,,0.19,28.163520563250515,0.7036177734881448,4.44169886457636,1.7678399999994454,0.3980098727760235,0.3980098727760235,5.575727564681067,0.6648013794939807,0.0828458421968041,3.0000000299989376,2.953283400835064,11.529010995515067,8.575727594680004,0.0203266179977916,28.163520563250515,30.72918736450892,0.309499120394557,16.41865269500793,0.7942341984803883,0.0061662845312048,11.218858733167526,1000000.0,809378.5952920908,31.29280031291698,0.2219993160120691,15.898849874475667,-0.1214175520817477,0.0053300738449056,11.994296479695617,1000000.0,824223.6431308052,0.0861154422885594,1.3435648829431437,False
nl722362,ok,,0.2,28.16352056320847,0.7683176985348296,4.067664029553614,1.767839999999871,0.4346081650686066,0.4346081650686066,5.808149099560491,0.791239261955329,0.0911614989870512,3.0000000299964014,3.066051218760035,11.874200348316926,8.808149129556892,0.0205587721752946,28.16352056320847,30.50237164013145,0.296280204899037,17.74886764374958,0.9295582519524298,0.0060345130182486,10.839231020804212,1000000.0,877280.1117568815,31.29280031289672,0.2088148025378017,17.616151530098755,0.2647869045823425,0.005381354311096,11.382496301551251,1000000.0,900013.6671197381,0.0861435892041124,1.252278260869565,False
nlf0115,ok,,0.2,28.1635205632504,0.7468526042297156,4.184571691060054,1.7678399998456156,0.4224661758388416,0.4224661758388416,6.344927753088366,1.0760193236662825,0.0882041899891915,3.000000029998935,3.6003359474659544,12.945263730553254,9.3449277830873,0.0224739268210638,28.1635205632504,30.644703857524288,0.3292088210056973,19.26770655707986,0.5913579927153835,0.0068528261665912,10.27948026710786,1000000.0,856750.1057773862,31.292800312916885,0.2279074437969551,18.72689783194539,-0.3154846995870108,0.0068188318902002,10.166339125559668,1000000.0,874869.2792989545,0.1496080807315409,1.4001,False
nlf0215f,ok,,0.2,28.16352056325044,0.6559538317961217,4.764448523824744,1.7678399999994956,0.3710481897662168,0.3710481897662168,6.152119538040612,0.8505792414402079,0.0769616677912294,3.000000029998935,3.656139470069618,12.808259038109163,9.152119568039549,0.022513175871148,28.16352056325044,30.440855820141067,0.3758455655976445,18.412107700187235,-2.24660850831432,0.0076562450928143,10.358243138544374,1000000.0,747470.3492156541,31.29280031291692,0.2541358140647836,19.02537118567439,-3.213667762675911,0.0094712654046696,8.907306107520824,1000000.0,768389.7100670722,0.1497143726068448,1.6347,False
nlf1015,ok,,0.2,28.16352056325042,0.7075543268907323,4.416987002717457,1.7678399999979817,0.4002366316474003,0.4002366316474003,6.258904720956305,0.9871246766247752,0.0841280145188546,3.000000029998935,3.712767383765183,12.97167213472042,9.25890475095524,0.0228698367644843,28.16352056325042,30.662246759558624,0.3478039749553003,19.65052536114079,-3.509475523824435,0.008089576086007,9.783123347730092,1000000.0,812133.8337493984,31.292800312916903,0.2383511686110971,19.85824637622445,-4.446393554724521,0.0092823509270275,8.6163364030314,1000000.0,828834.9541431126,0.1499064338213216,1.4989,False
nlf414f,ok,,0.19,28.163520563250405,0.6981767977128198,4.476313558162975,1.7678399999990675,0.3949321192603335,0.3949321192603335,6.105068089158283,0.9406068931047796,0.0815067793071736,3.000000029998935,3.4575340403730364,12.562602159530254,9.105068119157217,0.022016145235241,28.163520563250405,30.68436108239628,0.3408680867408378,21.161886810608745,0.215298965558191,0.0112207828235202,8.354141173738174,1000000.0,801948.2331030417,31.29280031291689,0.2375391771154864,20.39531885145399,-0.6922337645853677,0.0109516966009505,7.707367850572925,1000000.0,817850.0393865856,0.141684409294194,1.4658,False
nlf415,ok,,0.2,28.16352056321606,0.7827015680210991,3.9929117217708185,1.7678399999999566,0.442744574181554,0.442744574181554,6.403794804469428,1.1520234778214755,0.0920614610197989,3.00000002999637,3.505269821108884,12.909064655574682,9.4037948344658,0.0221303984505429,28.16352056321606,30.617267325358792,0.3138137999566396,20.31749890191221,-1.1023616947095722,0.0083343234457248,9.198841704179422,1000000.0,897070.278907338,31.292800312905488,0.2188388388985823,19.409492156538985,-1.949009278836408,0.0080039642209492,8.935169359752937,1000000.0,916863.0500619244,0.1501383801809052,1.3215,False
nlf416,ok,,0.2,28.163520563250405,0.6551505054189934,4.770290551175571,1.7678399999994694,0.3705937785202224,0.3705937785202224,6.113323875378143,0.8544911151772294,0.0771082796714511,3.000000029998935,3.816547765701376,12.929871671078454,9.113323905377078,0.0232058394266077,28.163520563250405,30.63905089482509,0.3749806313407958,19.305326967661408,-0.6668265891035661,0.0076275963217048,10.385720528695993,1000000.0,751415.6337361281,31.29280031291689,0.253368830103035,18.397934321375217,-1.7198969552170364,0.0071924862926962,10.599368403403057,1000000.0,767448.6869461101,0.1594441005350745,1.6476548494983276,False
nlr1t,ok,,0.2,28.1635205632504,0.7267550507411882,4.300291084888452,1.7678399999999963,0.4110977524782727,0.4110977524782727,5.777028650933703,0.7365368693246732,0.0860523281752684,3.000000029998935,3.2301957550446496,12.007224435977289,8.777028680932638,0.021214969567203,28.1635205632504,30.646665480913427,0.3137577282604915,17.752368203239463,1.1429455941569513,0.0059152983590859,11.196178190601774,1000000.0,833748.613603135,31.292800312916885,0.219976819785407,17.527549400398602,0.5629503362424643,0.0052622441105945,11.900847018297869,1000000.0,851326.8398776733,0.0869988894173602,1.3542351170568565,False
nlr7301,ok,,0.2,28.16352056319808,0.7054046050735745,4.430447778648403,1.7678399999990304,0.3990206155952809,0.3990206155952809,6.425916106974409,1.0589164917388103,0.0841534845166077,3.000000029995614,3.982490199816755,13.40840633678678,9.425916136970024,0.0238771161825641,28.16352056319808,30.776132664757384,0.3579456584484181,21.04142838137197,0.7357310811632908,0.0089081882490969,9.352545109463204,1000000.0,812673.6418194377,31.2928003128934,0.2433900059212062,18.117213192117784,-0.4191393001035982,0.0066304067065879,10.71318718824093,1000000.0,826316.7523361077,0.16518,1.5602,False
nn7mk20,ok,,0.2,28.1635205632504,0.7851959338261341,3.980227266799128,1.7678399999984675,0.44415554225881,0.44415554225881,6.573075041960474,1.2066427454532964,0.0920812907284298,3.000000029998935,3.711014304659985,13.284089376619397,9.573075071959408,0.0228486716674731,28.1635205632504,30.64187241342099,0.3213878579141259,19.86310534856428,-1.1734595815805389,0.0068487302957378,10.026479190337447,1000000.0,900652.3365500809,31.292800312916885,0.2220705064656374,18.95151453806209,-2.033841169467366,0.006693564843394,10.025161717194283,1000000.0,919784.9706690664,0.1685603896518684,1.3548,False
npl9510,ok,,0.2,28.1635205632441,0.74531651940231,4.193196023759439,1.7678399999999976,0.4215972709081766,0.4215972709081766,5.899712838128494,0.8179169629143336,0.090025660099575,3.0000000299985574,3.264882605363668,12.16459547349072,8.89971286812705,0.0213607534476749,28.1635205632441,30.686413811478992,0.3091512219761262,20.110508453079166,0.6984789640574713,0.0093167606392132,8.894877808067504,1000000.0,856151.6985559211,31.292800312913823,0.2174967182316773,18.73112287004556,-0.1731498932982065,0.0078233308780971,9.205598771741816,1000000.0,873069.8968300581,0.110759030251595,1.320834448160535,False
npl9615,ok,,0.2,28.163520563250405,0.7505533708868366,4.163938750826424,1.7678399999997445,0.4245595590590467,0.4245595590590467,6.009240742064824,0.8799358000179613,0.0896054951339875,3.000000029998935,3.2065996838620623,12.215840455925822,9.00924077206376,0.0211358111993511,28.163520563250405,30.648391964015875,0.3090528149566544,17.839334253100713,2.292606889247704,0.0059261283849796,11.00702492007087,1000000.0,861099.0522209922,31.29280031291689,0.2186372086684483,17.670091201635742,1.4779153754958012,0.0056068910747065,11.308280837879366,1000000.0,879204.3877026533,0.1130013121295648,1.3217,False
npl9626,ok,,0.2,28.1635205632448,0.7310693366448237,4.274913621658712,1.7678399999999872,0.4135381802905404,0.4135381802905404,6.038475448363625,0.8708351196298199,0.0894991491818535,3.0000000299985903,3.194583672987046,12.23305915134926,9.038475478362216,0.0209923403650114,28.1635205632448,30.49939630229592,0.320848740480919,17.90511439573222,2.477739095985367,0.0062217062504673,10.884645050202751,1000000.0,834667.7815373893,31.29280031291426,0.2251925795899975,17.749089352383013,1.597376978369036,0.0058670475360058,11.18959004293077,1000000.0,856380.6298456632,0.1206190419038224,1.3697,False
npl9627,ok,,0.2,28.163520563241207,0.669590437738042,4.667417707094122,1.7678399999998422,0.3787619002500802,0.3787619002500802,5.889367472680764,0.7662057607428943,0.0785787346310991,3.000000029998469,3.171025146187751,12.060392648866983,8.889367502679233,0.0210208569220858,28.163520563241207,30.65742026605914,0.3418120015306602,17.11851924430667,2.4464301282766407,0.0062330799385483,11.328490543877182,1000000.0,768437.7444734221,31.292800312911524,0.2418126845007086,16.78640059224995,1.5234272559522155,0.0057629519125546,11.860745807018215,1000000.0,784363.7423509147,0.1215518980051289,1.4884,False
npl9660,ok,,0.2,28.1635205632504,0.7248865348021442,4.311375802354541,1.7678399999996033,0.4100408039202116,0.4100408039202116,5.9711360763322725,0.8287336673273289,0.0869486099484459,3.000000029998935,3.3275109233380324,12.29864702966924,8.971136106331208,0.0215701396727067,28.1635205632504,30.68050904787153,0.3214907638849227,18.000621714501992,2.21154578200003,0.0060915717351314,11.032429524309132,1000000.0,832523.366730896,31.292800312916885,0.2254212602356436,17.626935093004043,1.308502682022491,0.0056119194390383,11.52409107896229,1000000.0,849138.0449489172,0.1130013121295648,1.3944,False
nplx,ok,,0.19,28.16352056325045,0.7208515038281886,4.335509115264961,1.7678399999998775,0.407758340024119,0.407758340024119,5.828569150951127,0.7657963375235501,0.0850184426082382,3.000000029998936,3.152593571907308,11.98116275285737,8.828569180950062,0.0209298381867384,28.16352056325045,30.61611994367448,0.3162708570697497,18.234903089793555,1.781407625239023,0.0070260664959571,10.413247474762816,1000000.0,826151.6938794275,31.29280031291693,0.2230806884003039,17.14208566396352,0.7323703729780827,0.0054197544723109,11.766564922404688,1000000.0,844411.3765006446,0.1066386993243243,1.3631,False
oa206,ok,,0.19,28.16352056322781,0.8452890078184234,3.697265948915941,1.7678399999999994,0.4781479137356456,0.4781479137356456,5.510954419412537,0.6868175345630008,0.0930631490220189,3.000000029997725,2.527965561511999,11.03892001092226,8.510954449410262,0.0188077996304761,28.16352056322781,30.62070374212592,0.2484261720899753,16.750673685976725,2.1489472328859667,0.0052509912309288,11.135538035947068,1000000.0,968911.7604006872,31.2928003129044,0.1833962727538517,17.351208626095918,1.6244525021731802,0.0047587469233478,11.496514797554385,1000000.0,990178.4914672356,0.0600707846762119,1.0369,False
oa209,ok,,0.2,28.16352056325153,0.691380072740272,4.52031869129957,1.767839999999974,0.3910874698729988,0.3910874698729988,5.804577563623888,0.6723029609577718,0.0842067393247031,3.0000000299989567,3.796463169110785,12.601040762733628,8.804577593622845,0.0232793946680986,28.16352056325153,30.826997200592743,0.342084526667635,18.75315118185181,2.286259666361915,0.0071424912109227,10.4943666703757,1000000.0,797832.8594376171,31.292800312917915,0.2319578782446923,17.732374194975005,1.3031738486596147,0.0065938698583411,10.735187583321634,1000000.0,809888.2998888262,0.0900901411681686,1.5370076923076923,False
oa212,ok,,0.19,28.16352056318363,0.7045554035900603,4.43578780273447,1.7678399999987136,0.3985402545425904,0.3985402545425904,6.072711813930249,0.8546478397050324,0.0825487378090286,3.0000000299952703,3.6763045865969546,12.749016430522474,9.07271184392552,0.022794234940337,28.16352056318363,30.727794228140908,0.3418259873380422,18.57276890793617,2.3056136143975205,0.0065926479393475,10.743147663126376,1000000.0,810420.4177893996,31.292800312880928,0.2345521551790603,17.52686245178919,1.3380999573120298,0.0059510223656657,11.344725654107782,1000000.0,825321.9907382713,0.1200831123974014,1.5021,False
oa213,ok,,0.2,28.1635205632512,0.6993648225521754,4.468709555900968,1.767839999999969,0.3956041398272398,0.3956041398272398,6.110670538098408,0.8465143207630969,0.0839630823752999,3.00000002999895,3.7137082878161545,12.824378855913512,9.110670568097358,0.0228126396193727,28.1635205632512,30.58127443957411,0.3497258328109128,18.628967022382525,1.6566368522064323,0.0063085001758133,10.936708233512014,1000000.0,800614.0407311541,31.292800312917613,0.2372815768156644,17.89570983471173,0.6556519658176468,0.0059041801244437,11.451519788444074,1000000.0,819241.7014477766,0.125635066427779,1.5407,False
oaf095,ok,,0.19,28.1635205632504,0.6347811547491058,4.923363326326001,1.7678399977188597,0.3590716103087375,0.3590716103087375,5.715633583929397,0.5430998852161706,0.0731251009625362,3.000000029998935,3.946173991830831,12.661807605759162,8.715633613928333,0.0236477488558561,28.1635205632504,30.639851382047816,0.3789698809101904,18.239342115800248,-1.2642866339550114,0.0065751270070101,11.217325658382022,1000000.0,728072.3165490243,31.292800312916885,0.2500877392129643,17.8618115546539,-2.354004840039599,0.0067676087013508,11.10459914820824,1000000.0,743587.8631082544,0.0947643658455392,1.7178,False
oaf102,ok,,0.19,28.163520563250405,0.682609268630911,4.578399985394392,1.7678399999801564,0.3861261588370967,0.3861261588370967,5.891710118616488,0.6454498522850827,0.0838054001373515,3.000000029998935,4.0744305338030085,12.96614068241843,8.891710148615424,0.0240686091073802,28.163520563250405,30.619776392293453,0.3613606316109379,19.18649808068249,-0.9134097445044304,0.0073209603897328,10.378990300197314,1000000.0,782416.56030753,31.29280031291689,0.2372633054527012,18.394481880907243,-1.957360245736216,0.00742745829039,10.07392177892657,1000000.0,799614.1078739262,0.1016650823239361,1.6396765886287623,False
oaf117,ok,,0.19,28.1635205632504,0.6355909312020517,4.9170907137742175,1.7678399999922831,0.3595296696560922,0.3595296696560922,5.794569171540785,0.6069256569057339,0.0731926254995531,3.000000029998935,3.885567039334763,12.680136240874482,8.79456920153972,0.023445382220253,28.1635205632504,30.64503444052527,0.378906729205306,19.043360634609083,1.0390143977755169,0.0079786818515984,10.3495659089129,1000000.0,729124.4198929004,31.292800312916885,0.2520312183944834,18.41072922561549,-0.0239076847417795,0.0078842024790679,10.119244602373604,1000000.0,744536.4409448128,0.1146310506543495,1.7058478260869565,False
oaf128,ok,,0.2,28.163520563251907,0.6397044884849803,4.885471841852366,1.767839999999984,0.3618565529035354,0.3618565529035354,5.900499538489661,0.6689659789255971,0.0745837644943643,3.000000029998957,4.169832861858884,13.070332430347502,8.900499568488618,0.0244859051069971,28.163520563251907,30.736162095665183,0.385757410468963,19.651824556577616,2.04120969203273,0.008308833254942,10.108067610060672,1000000.0,736025.5221640997,31.292800312918327,0.2534267451496218,18.544810096262736,0.946889289943022,0.0082102809916272,9.853464827536936,1000000.0,749355.0957535108,0.1278075364329042,1.7465,False
oaf139,ok,,0.2,28.1635205632504,0.6902869749032374,4.527476764471027,1.7678399926722448,0.3904691475272082,0.3904691475272082,5.955663776313174,0.7809118272869126,0.081935865194459,3.000000029998935,3.6139258038436943,12.569589610155802,8.95566380631211,0.0225847447410332,28.1635205632504,30.73253431860842,0.3438753036800711,19.748800608031576,4.269062537776899,0.0088758334580155,9.492337358944155,1000000.0,794130.5325086162,31.292800312916885,0.2363118830594077,19.03716815108459,3.3796691536311743,0.0086162656541151,9.10387991699428,1000000.0,808607.8394496599,0.1366486465742879,1.502,False
p51droot,ok,,0.2,28.1635205632504,0.824201723200312,3.791860872744184,1.7678399999580263,0.4662196370824741,0.4662196370824741,6.699220126398334,1.3049736891255068,0.0938167768719943,3.000000029998935,3.754076533492274,13.453296689889545,9.699220156397269,0.0229984692070888,28.1635205632504,30.64611733640275,0.3099920809635986,20.68359444633118,1.2762006324005144,0.0075179491218274,9.404522274113685,1000000.0,945524.5650562244,31.292800312916885,0.2143486533154833,19.587544920924376,0.4465964886993699,0.0074188459572123,9.156834298335085,1000000.0,965476.672965551,0.1650175631639488,1.2992,False
p51dtip,failed,Infeasible_Problem_Detected,0.26,,,,,,,,,,,,,,,,,,,,,,,,,,,,,,,,,,
p51hroot,failed,Infeasible_Problem_Detected,0.28,,,,,,,,,,,,,,,,,,,,,,,,,,,,,,,,,,
p51htip,failed,Infeasible_Problem_Detected,0.3,,,,,,,,,,,,,,,,,,,,,,,,,,,,,,,,,,
pfcm,failed,Infeasible_Problem_Detected,0.25,,,,,,,,,,,,,,,,,,,,,,,,,,,,,,,,,,
pmc19sm,ok,,0.2,28.163520563251765,0.7654033810911298,4.0831518945536285,1.76784,0.4329596462865021,0.4329596462865021,5.7316414004954,0.732522442408887,0.090741399498276,3.000000029998964,2.966844688303306,11.698486118797671,8.731641430494363,0.0203085045715655,28.163520563251765,30.632025764547585,0.2905321301862821,17.719950841781802,1.994771888056365,0.0063926473171146,10.600232486385588,1000000.0,877667.3310871248,31.292800312918096,0.207789202776462,18.075038667380166,1.2504331194225795,0.0062771642117952,10.371778972158715,1000000.0,896599.8117130012,0.0919025479833101,1.2377217391304347,False
prandtl-d-centerline,ok,,0.2,28.16352056306713,0.8258402903567421,3.784337361706977,1.767839999999988,0.467146512329593,0.467146512329593,6.197227680230265,1.0207605166145788,0.0947962222727609,3.000000029988952,3.258281751752873,12.455509461972088,9.197227710219217,0.0212962927952737,28.16352056306713,30.626079464277225,0.2868064650615919,18.245855306627103,1.7809895358153638,0.005938444124632,10.524134838420675,1000000.0,946784.8724813762,31.29280031281739,0.2028515508817578,18.74697347857977,1.1160539571521957,0.0066567001646633,9.657397963780854,1000000.0,967396.1039745248,0.1202947485303723,1.2038,False
prandtl-d-wingtip,failed,Infeasible_Problem_Detected,0.24,,,,,,,,,,,,,,,,,,,,,,,,,,,,,,,,,,
psu-90-125wl,ok,,0.2,28.163520563250405,0.758596618795237,4.119789342801937,1.7678399999994912,0.4291093191665848,0.4291093191665848,6.161399002163801,0.944784608033722,0.0901457817826584,3.000000029998935,3.4064459969828187,12.567845029145555,9.161399032162736,0.0218195805812468,28.163520563250405,30.6529118335115,0.3144942865851651,18.17413403332312,-0.221572973534318,0.0055843822515283,11.17179598883076,1000000.0,870455.3058931554,31.29280031291689,0.2199724831057596,18.134601377418363,-1.0638524491871464,0.0056312054066184,11.240023350293333,1000000.0,888626.3144127894,0.1253387414543602,1.3456799331103677,False
psu94097,ok,,0.2,28.1635205632504,0.6584121245770025,4.7466596511881,1.7678399999951044,0.3724387527032003,0.3724387527032003,5.743001405631353,0.6300367664639788,0.0766366296407312,3.000000029998935,3.5861258103723914,12.32912724600268,8.743001435630287,0.0224198936522002,28.1635205632504,30.63698565140475,0.3558350847986331,17.639534246235883,-1.2720907846652096,0.0063149462122328,11.29677762578772,1000000.0,755105.6000658482,31.292800312916885,0.2418689895376302,18.3703221282296,-2.2229394154179003,0.0075751123316262,10.13357337758728,1000000.0,771269.3744380308,0.0969609022888142,1.5713478260869564,False
pt40,ok,,0.2,28.163520563190712,0.6416299861373751,4.87081079924503,1.767839999999255,0.3629457338546732,0.3629457338546732,5.816826784133377,0.7084061097536413,0.0739129607801557,3.0000000299948693,3.459488955116098,12.276315769244343,8.816826814128246,0.0220237136570303,28.163520563190712,30.685619771185053,0.3624264772221057,18.7439616026616,0.1239589915349962,0.0087499778532958,9.909004761707996,1000000.0,737026.9860788981,31.29280031289297,0.250290933616305,18.579735884031948,-0.8865895584325298,0.0089765465761856,9.252664259262874,1000000.0,751610.6395295273,0.1159438214285714,1.5953,False
r1046,ok,,0.2,28.16352056325068,0.6209198524402757,5.033271610365535,1.7678399999999992,0.3512307971537446,0.3512307971537446,6.200706866816642,0.8929196002952002,0.0703829820531072,3.0000000299989367,3.64374476552569,12.84445166234127,9.20070689681558,0.0226785725223021,28.16352056325068,30.72170274183476,0.3909270980336927,20.02775359856416,-2.268914195403936,0.0100264399004078,9.413094577440177,1000000.0,714076.3777337704,31.292800312917176,0.2699001404032403,19.713304493125253,-3.386738194683969,0.0105571623935818,8.6087566823897,1000000.0,727350.6186935909,0.1809609999999999,1.7271953177257524,False
r1080,failed,Infeasible_Problem_Detected,0.29,,,,,,,,,,,,,,,,,,,,,,,,,,,,,,,,,,
r1082,failed,Infeasible_Problem_Detected,0.3,,,,,,,,,,,,,,,,,,,,,,,,,,,,,,,,,,
r1082t,ok,,0.2,28.1635205632504,0.8445462970797397,3.700517397810464,1.7678399999999947,0.477727790456004,0.477727790456004,6.76169731595833,1.3719260596412723,0.0894095792011986,3.000000029998935,3.779486773558392,13.541184119515655,9.761697345957264,0.0230838080402461,28.1635205632504,30.644542630159407,0.3045321939045646,20.59963590227509,-0.0995260857842835,0.0069949840993899,9.601475994860689,1000000.0,968814.0851195074,31.292800312916885,0.2105325917072139,19.31926374339137,-0.9224848403449264,0.006705222883866,9.620833041183808,1000000.0,989308.4740037548,0.1599599176041198,1.2727,False
r1145ms,failed,airfoil 'r1145ms' not found in the aerosandbox UIUC database,0.0,,,,,,,,,,,,,,,,,,,,,,,,,,,,,,,,,,
r1145msf,failed,airfoil 'r1145msf' not found in the aerosandbox UIUC database,0.0,,,,,,,,,,,,,,,,,,,,,,,,,,,,,,,,,,
r1145msm,failed,airfoil 'r1145msm' not found in the aerosandbox UIUC database,0.0,,,,,,,,,,,,,,,,,,,,,,,,,,,,,,,,,,
r140,failed,Infeasible_Problem_Detected,0.79,,,,,,,,,,,,,,,,,,,,,,,,,,,,,,,,,,
r140sm,failed,Infeasible_Problem_Detected,0.34,,,,,,,,,,,,,,,,,,,,,,,,,,,,,,,,,,
rae100,ok,,0.19,28.1635205632504,0.7573031539480232,4.126825894362401,1.767839999998591,0.4283776551886069,0.4283776551886069,5.814103890673469,0.7674835832203473,0.0903531985921614,3.000000029998935,3.013537316332336,11.82764123700474,8.814103920672405,0.0204527973112651,28.1635205632504,30.610132639100843,0.2973064095686832,17.55270091718556,2.762369851403802,0.0060078146740196,10.943967878057792,1000000.0,867758.3776686032,31.292800312916885,0.2119951188146796,17.61286738929631,2.033055931588873,0.0055992620757849,11.215628590899854,1000000.0,887111.1390598001,0.099956,1.2671508361204014,False
rae101,ok,,0.2,28.1635205632504,0.8490668308000271,3.680815399006932,1.767839999998516,0.4802848848316249,0.4802848848316249,5.940608897020569,0.918878700869914,0.0877982056486662,3.000000029998935,2.952803510671194,11.893412437690698,8.940608927019504,0.0202667148493353,28.1635205632504,30.641097492608463,0.2661106702466375,17.86047392223647,2.517065882210532,0.0055118601395295,10.803248515772072,1000000.0,973890.2773047482,31.292800312916885,0.1917973859355609,18.15604509424452,1.823484536428747,0.0053151947935376,10.8361753149046,1000000.0,994603.8643602888,0.099938,1.1107732441471572,False
rae102,failed,Infeasible_Problem_Detected,0.25,,,,,,,,,,,,,,,,,,,,,,,,,,,,,,,,,,
rae103,failed,Infeasible_Problem_Detected,0.29,,,,,,,,,,,,,,,,,,,,,,,,,,,,,,,,,,
rae104,failed,Infeasible_Problem_Detected,0.26,,,,,,,,,,,,,,,,,,,,,,,,,,,,,,,,,,
rae2822,ok,,0.2,28.163520563250923,0.7937746476874061,3.9372109889187583,1.767839999999992,0.4490081951349725,0.4490081951349725,6.128375427222136,0.9683852470679906,0.0945458605445239,3.000000029998946,3.300566343439137,12.42894180066022,9.128375457221082,0.0214893796561452,28.163520563250923,30.69635417550101,0.2963941681113691,17.934337766577105,0.6429759932376414,0.005510817381737,11.05759143786984,1000000.0,912111.3483929312,31.29280031291736,0.2094660924294874,17.774136678218547,-0.1451493836077585,0.0054377505946126,11.166625673443871,1000000.0,929834.1465966596,0.1210870254750469,1.2585715719063546,False
rae5212,ok,,0.19,28.163520562472776,0.6577942777205986,4.751118049123119,1.7678399999683914,0.3720892601889084,0.3720892601889084,5.799818101528675,0.7290599677287333,0.0761891464821815,3.000000029954584,3.347888158925268,12.147706290408529,8.79981813148326,0.0213563347397886,28.163520562472776,30.27889070176176,0.3592779707085545,15.9952749881712,0.6031275983697825,0.0058362033280011,11.630816668464142,1000000.0,745579.3819442361,31.292800312515475,0.2436694402800995,15.28663796503541,-0.4724105962407309,0.0056011827728048,12.157821587930377,1000000.0,770545.6235539095,0.1193887161168312,1.5373,False
rae5213,ok,,0.19,28.16352056325044,0.658782991697416,4.743987481435552,1.7678399999986432,0.3726485381583863,0.3726485381583863,5.575105719019507,0.6255838812381456,0.0791267628745875,3.000000029998936,3.303133980951297,11.87823972996974,8.575105749018443,0.0212640935515489,28.16352056325044,30.362172473481817,0.3488593280195249,16.861069545864375,1.0364248820630977,0.0060804360318788,11.510678662825848,1000000.0,748753.8341311492,31.29280031291691,0.2370907260866033,16.58070583994152,0.0046288590383963,0.0054847025678625,12.252159701973008,1000000.0,771703.8112296195,0.0994852727272727,1.4953,False
rae5214,ok,,0.2,28.16352056325043,0.6841994607805714,4.567759030436141,1.767839999999998,0.3870256701854082,0.3870256701854082,5.747813425950636,0.6541369288023855,0.0803959206560251,3.000000029998936,3.5111220650550496,12.25893552100462,8.747813455949572,0.0221700383432057,28.16352056325043,30.64454055322055,0.3403064042258347,18.08760448322324,1.0330278684958631,0.0063884630044669,11.080992628872885,1000000.0,784873.5255862686,31.29280031291691,0.2328811011851715,17.266364114927963,-0.0060705426428352,0.0053340153482726,12.214116078092106,1000000.0,801476.8720193779,0.0966615844155844,1.5012,False
rae5215,ok,,0.19,28.16352056325057,0.6367277995306292,4.908311319062399,1.7678399999994008,0.3601727529249507,0.3601727529249507,5.56661593438577,0.6000613238606807,0.0733815470635071,3.000000029998938,3.3881669194554696,11.954782883840178,8.566615964384708,0.0217970868070785,28.16352056325057,30.70893150036747,0.3551115419116353,17.531027226316294,1.1062124264550195,0.0076664864095586,10.59834289635524,1000000.0,731951.5847972399,31.292800312917045,0.2450602921601632,15.812856767691354,0.0682096028134323,0.0056641615737077,12.263431808671232,1000000.0,745868.1778462109,0.096477922077922,1.5886,False
rae69ck,ok,,0.2,28.163520563250923,0.7937746476874061,3.9372109889187583,1.767839999999992,0.4490081951349725,0.4490081951349725,6.128375427222136,0.9683852470679906,0.0945458605445239,3.000000029998946,3.300566343439137,12.42894180066022,9.128375457221082,0.0214893796561452,28.163520563250923,30.69635417550101,0.2963941681113691,17.934337766577105,0.6429759932376414,0.005510817381737,11.05759143786984,1000000.0,912111.3483929312,31.29280031291736,0.2094660924294874,17.774136678218547,-0.1451493836077585,0.0054377505946126,11.166625673443871,1000000.0,929834.1465966596,0.1210870254750469,1.2585715719063546,False
raf15,ok,,0.2,28.163520563250405,0.7080473428219648,4.413911438647084,1.7678399999959111,0.4005155120506394,0.4005155120506394,5.552141390639034,0.5651757633937251,0.0834456982088314,3.000000029998935,3.327915305471133,11.8800567261091,8.55214142063797,0.0216275170987783,28.163520563250405,30.760154580125363,0.3162900338662314,18.294641572914035,0.9362156173801828,0.007451484166051,10.224385746712514,1000000.0,815294.7562977786,31.29280031291689,0.2200037263829,17.700761673791202,-0.0823278762908016,0.0066725615250669,10.425841886072336,1000000.0,829412.4770581906,0.0649,1.4143729096989968,False
raf19,ok,,0.21,25.67777812346583,0.4830930339195975,6.469267917699149,1.7678399999999996,0.2732673963252317,0.2732673963252317,4.823799007243776,0.3789825225624028,0.0381345330339883,3.0000000299989087,1.8237984948733688,9.647597532116054,7.823799037242685,0.0163711871736558,25.67777812346583,30.54453534972292,0.3817927477970368,23.13995998510912,-5.051696967221324,0.0271900232227162,5.429501663846959,1000000.0,552367.523458592,28.530864296330435,0.3548651681248472,23.366507930724183,-5.374970769504333,0.0315442619691394,4.617168901849938,1000000.0,515952.2864910815,0.105,1.5831140468227427,False
raf25,failed,Infeasible_Problem_Detected,0.28,,,,,,,,,,,,,,,,,,,,,,,,,,,,,,,,,,
raf26,failed,too few converged polar points,0.01,,,,,,,,,,,,,,,,,,,,,,,,,,,,,,,,,,
raf27,failed,Infeasible_Problem_Detected,0.25,,,,,,,,,,,,,,,,,,,,,,,,,,,,,,,,,,
raf28,ok,,0.2,28.16352056304294,0.7785901805403146,4.013996507666803,1.7678399999978756,0.4404189183077938,0.4404189183077938,5.852707955402134,0.8199334381220701,0.0943312604515828,3.00000002998755,2.979180773237358,11.83188875862704,8.852707985389685,0.0203815754032603,28.16352056304294,30.67881448415259,0.2879879571062603,16.97488800632189,0.6519317365356634,0.0049592269022402,11.738413526881352,1000000.0,894151.9614900379,31.292800312805127,0.2071021831534954,17.51108962704161,0.0450729417706059,0.0050151019728843,11.77479248173424,1000000.0,912046.936972234,0.0982,1.2219478260869563,False
raf30,ok,,0.2,28.16352056325045,0.7811992495200741,4.000590460781889,1.767839999999994,0.4418947696172033,0.4418947696172033,6.181269454852329,0.992997179922763,0.0918143158471281,3.000000029998936,3.3595935739410963,12.54086305879236,9.181269484851263,0.0215341093260462,28.16352056325045,30.474743514168008,0.3083129791657241,18.57401929787468,3.0176889739425645,0.0063564011818243,10.444181595574186,1000000.0,891180.5813206694,31.29280031291694,0.2140712661298499,18.0546401828642,2.0641484959001306,0.0059380928159627,10.714870051161862,1000000.0,915103.2218220886,0.1264,1.2915,False
raf30md,failed,Infeasible_Problem_Detected,0.27,,,,,,,,,,,,,,,,,,,,,,,,,,,,,,,,,,
raf31,ok,,0.2,28.1635205632504,0.7520117576822032,4.155863564289469,1.7678399994537823,0.4253845132560389,0.4253845132560389,6.123140521979922,0.9398840984811728,0.0889266804119106,3.000000029998935,3.389870772317454,12.513011324296311,9.123140551978857,0.0217571151529487,28.1635205632504,30.64444375081168,0.3160385346774509,18.152794738132336,0.5840601667006011,0.00583509253352,11.02313438656052,1000000.0,862661.0938350267,31.292800312916885,0.2209719738215027,18.23866003072388,-0.3407004741301251,0.006059520691424,10.816057568573076,1000000.0,880912.7542537602,0.1274,1.3456,False
raf32,failed,airfoil 'raf32' not found in the aerosandbox UIUC database,0.0,,,,,,,,,,,,,,,,,,,,,,,,,,,,,,,,,,
raf32md,ok,,0.19,28.1635205632504,0.7409111564607783,4.218128229090208,1.767839999636585,0.419105324358023,0.419105324358023,5.985384009541086,0.7753416896223789,0.0917219645719421,3.000000029998935,3.654436011252594,12.639820050792617,8.98538403954002,0.0223550996897132,28.1635205632504,30.234853255810968,0.3328628630578841,18.281768711407487,-1.63967587884943,0.0066121754172162,10.465914066834832,1000000.0,838567.1352454427,31.292800312916885,0.2208960599980135,18.324970906656585,-2.6839544764715493,0.0072661811819964,9.724674289198433,1000000.0,867909.4186497172,0.1016,1.4331,False
raf33,ok,,0.19,28.163520562431483,0.7177387669071319,4.354311637738494,1.7678399999999437,0.4059975828735376,0.4059975828735376,6.011142846968454,0.8733392070855908,0.086193181566891,3.000000029951769,3.3447775241948534,12.355920401115077,9.011142876920225,0.0215110002511565,28.163520562431483,30.5131268367136,0.3297931166197224,19.13369046170756,0.6691318499792013,0.0085619576178138,9.478861931757647,1000000.0,819817.0697915026,31.29280031249896,0.2286814471293481,19.1876845708911,-0.2973513346284971,0.0090097453911929,8.624666824524892,1000000.0,840765.0908754459,0.1263771246582683,1.4011695652173914,False
raf34,ok,,0.2,28.163520563182704,0.7784217227686235,4.014865174215156,1.767839999998957,0.4403236281389056,0.4403236281389056,6.206712399940842,0.9877662642628936,0.0930445484742863,3.000000029995152,3.385802006158531,12.592514436094524,9.206712429935994,0.0217633978940641,28.163520563182704,30.67282385793388,0.3066876636635016,18.22019388805597,1.803373222694488,0.0058816379039668,10.823756736953666,1000000.0,893783.9379518912,31.292800312881127,0.2154304514930252,17.652108781825675,1.1536850440350344,0.0055518169497692,11.17355490071712,1000000.0,911849.6041555224,0.1264,1.3093,False
raf38,failed,airfoil 'raf38' not found in the aerosandbox UIUC database,0.0,,,,,,,,,,,,,,,,,,,,,,,,,,,,,,,,,,
raf48,ok,,0.2,28.16352056325045,0.7506396413739075,4.16346019226976,1.7678399999999752,0.4246083589996368,0.4246083589996368,6.356818600820384,1.0631387785752544,0.0891807262629233,3.000000029998936,3.628285859917769,12.985104490737088,9.35681863081932,0.0227060660846497,28.16352056325045,30.830685060329458,0.3246040402107167,18.69287092339537,0.8741950425024507,0.0060407595939541,10.82623857857104,1000000.0,866320.3355370995,31.29280031291694,0.2270461676792637,18.253509669499067,-0.1508220613902473,0.0062526788710646,10.677746553538352,1000000.0,879305.4456601803,0.1496,1.3991,False
raf69,failed,airfoil 'raf69' not found in the aerosandbox UIUC database,0.0,,,,,,,,,,,,,,,,,,,,,,,,,,,,,,,,,,
raf6,failed,airfoil 'raf6' not found in the aerosandbox UIUC database,0.0,,,,,,,,,,,,,,,,,,,,,,,,,,,,,,,,,,
raf6prop_sm,failed,airfoil 'raf6prop_sm' not found in the aerosandbox UIUC database,0.0,,,,,,,,,,,,,,,,,,,,,,,,,,,,,,,,,,
raf89,failed,airfoil 'raf89' not found in the aerosandbox UIUC database,0.0,,,,,,,,,,,,,,,,,,,,,,,,,,,,,,,,,,
rc0864c,failed,too few converged polar points,0.01,,,,,,,,,,,,,,,,,,,,,,,,,,,,,,,,,,
rc08b3,ok,,0.2,28.163520563242056,0.771341467692999,4.051718203283487,1.7678399999997527,0.4363185965319864,0.4363185965319864,5.7477728572117766,0.7502827133677081,0.0933418437151226,3.000000029998376,3.0523480243362093,11.800120911546362,8.747772887210152,0.0207284701492264,28.163520563242056,30.823777758357668,0.2871933410161419,17.229738242878103,1.6656164709666894,0.0052347540281931,11.548247319294177,1000000.0,890013.0667289046,31.29280031291345,0.2065704899722224,17.33886157991136,1.1178957552565234,0.0048766320168235,12.0078889490625,1000000.0,903555.7351655152,0.0799961823966065,1.2427759197324415,False
rc08n1,ok,,0.2,28.163520563250405,0.8124036340878601,3.846927973316333,1.7678399999989918,0.459545905788037,0.459545905788037,5.695387837349361,0.7525531663415683,0.095250410144169,3.000000029998935,2.862480838029977,11.557868705378272,8.695387867348295,0.019956604166431,28.163520563250405,30.637104246664727,0.270344033097453,16.525725876595256,2.005828011688753,0.0049449651475228,11.588510511994576,1000000.0,931715.691996298,31.29280031291689,0.194955082515884,18.735697004744416,1.2312653027266809,0.0067590087944163,9.50691646130499,1000000.0,951656.294384459,0.0801516885492355,1.1395976588628762,False
rc1064c,ok,,0.19,28.16352056323887,0.7390907800863622,4.228517456585279,1.7678399999989858,0.4180756064388102,0.4180756064388102,5.978278126860335,0.8185339262780176,0.0892410526760836,3.000000029998277,3.4313743919465574,12.40965254880517,8.978278156858613,0.0218687907057648,28.16352056323887,30.602963447487458,0.3197725559183971,17.427635755483255,1.9455424265565984,0.005203679388299,11.622723358493566,1000000.0,846691.317724377,31.292800312910927,0.2212650049914423,17.123977945031026,0.9437181393328428,0.0049911715478242,12.17603362538989,1000000.0,865777.014624368,0.0999985909378161,1.3935,False
rc10b3,ok,,0.19,28.16352056325065,0.718889084238896,4.347344164932889,1.7678399999999754,0.4066482737345608,0.4066482737345608,5.874736844510768,0.7910140109304614,0.0878866951373771,3.0000000299989384,3.1144404565252084,11.989177331034917,8.874736874509708,0.0208253717977623,28.16352056325065,30.653392831763043,0.3165750694419275,17.582602286113183,1.5560682443397356,0.006163278542918,11.056188340733677,1000000.0,824905.6501319438,31.29280031291713,0.2248594047483601,17.568032112645874,0.9088954889782552,0.0058373105971032,11.29860942422858,1000000.0,842112.5820639319,0.0997236613030862,1.3743,False
rc10n1,ok,,0.19,28.16352056325056,0.7392232502917684,4.227759698259449,1.7678399999999703,0.4181505398066458,0.4181505398066458,5.816506633294013,0.7638151784156925,0.0901106696253719,3.0000000299989384,2.992197982411384,11.808704645704337,8.816506663292952,0.0203916282430249,28.16352056325056,30.62726795862397,0.303750109963862,16.82913345748518,2.04187217847662,0.0051827843663092,11.772131752524068,1000000.0,847515.6263451395,31.292800312917024,0.2172392938301164,17.15013693628034,1.4120328634480417,0.0050281585677563,12.100942986937758,1000000.0,865932.1913114836,0.100100048977105,1.3067,False
rc1264c,ok,,0.2,28.16352056325044,0.7283769577455159,4.290715449419636,1.7678399999999883,0.4120152037206538,0.4120152037206538,6.083921000317329,0.9199609718908,0.0863784037583677,3.000000029998936,3.4228065797802225,12.506727610096489,9.083921030316263,0.0217578115872325,28.16352056325044,30.488276571638167,0.3294792432602497,17.977242224074477,2.344990485839125,0.0058568652797924,11.127272919610656,1000000.0,831290.6811432161,31.29280031291692,0.2271614394412605,17.30935151531221,1.3266460606795567,0.0051864045975734,12.031968878428373,1000000.0,853226.7550735362,0.1199972696376485,1.4021,False
rc12b3,ok,,0.2,28.1635205632504,0.7398362632083468,4.224256664632411,1.767839999998472,0.4184972979505986,0.4184972979505986,6.128233492105129,0.9526880335528696,0.0875019900269237,3.000000029998935,3.445394310062997,12.57362783216706,9.128233522104065,0.0219484876436343,28.1635205632504,30.64768086646053,0.3227275726082343,18.904221095365017,1.4067838116801172,0.006891138310831,10.336279754422456,1000000.0,848783.7754659514,31.292800312916885,0.224733899526829,18.16379504637915,0.8065970083899804,0.0062695695873935,10.703501096430085,1000000.0,866650.2796812498,0.1199650770970782,1.3794,False
rc12n1,ok,,0.19,28.1635205632504,0.7498971831421373,4.1675823510837,1.767839999997328,0.4241883785542077,0.4241883785542077,6.036444027790671,0.8954589398611317,0.0895534113030378,3.000000029998935,3.245713751006608,12.282157808796214,9.036444057789604,0.0212659877423556,28.1635205632504,30.64403787814729,0.3110908860140262,17.4862831451036,2.42798733496191,0.0052893331985688,11.519955315583116,1000000.0,860223.9917864486,31.292800312916885,0.2194892741971858,17.463295194606427,1.684809468453916,0.0051507362924437,11.878276053933217,1000000.0,878435.7239862895,0.1201930265805644,1.3295,False
rc410,ok,,0.2,28.163520563250444,0.6591359713638457,4.741446987232993,1.7678399999999996,0.3728482053601264,0.3728482053601264,5.791926640152494,0.6636890675451621,0.0772230059745173,3.000000029998936,3.662864383025992,12.45479105317742,8.79192667015143,0.022649294686735,28.163520563250444,30.593996747424605,0.3600769475117373,18.341847912947465,2.278037578970778,0.0070424562828599,10.771837939194391,1000000.0,754875.0434829468,31.292800312916928,0.2429553708731145,18.128636325170824,1.2504726652106737,0.0071367129146961,10.52691476546076,1000000.0,772117.2945115399,0.0997972300521294,1.5999,False
rc510,ok,,0.2,28.16352056325056,0.6982504426907524,4.475841438146945,1.7678399999999204,0.3949737774293962,0.3949737774293962,5.848491099429933,0.7128118945347701,0.08357770984798,3.000000029998938,3.6978412536086647,12.546332383037536,8.84849112942887,0.0226604788732767,28.16352056325056,30.44925987700352,0.3456673860028516,17.661700771722778,1.8085648835257888,0.0053128724578106,11.713915188848318,1000000.0,795887.710512172,31.292800312917027,0.2308210755874154,17.253938202337807,1.0330195194896072,0.0050608361831442,12.448750502157289,1000000.0,817936.3077186574,0.099611039621337,1.5057,False
rcsc2,ok,,0.2,28.163520563225514,0.8078923550173411,3.868409257979297,1.7678399999999377,0.45699404641674,0.45699404641674,6.060721032747469,0.9587229900440114,0.0940978592936554,3.0000000299976057,3.2118129058850835,12.272533968630157,9.060721062745074,0.0210496312485908,28.163520563225514,30.497808480834045,0.2913062460042192,19.004234126304745,2.2527375690916505,0.0066312921228086,10.12201276701852,1000000.0,922329.2240420304,31.2928003129031,0.2042804108029004,17.57806492995345,1.2604869111996673,0.0048374642098459,11.804344535919723,1000000.0,946371.7450006364,0.0997,1.2180635451505015,False
rg12,ok,,0.2,28.16352056325063,0.7800292952298733,4.00659088666534,1.7678399999999994,0.4412329708739895,0.4412329708739895,5.824118074147322,0.7981601008047935,0.0911455991855035,3.0000000299989407,3.022665609493686,11.84678371363995,8.824118104146264,0.0203479973651766,28.16352056325063,30.407129873810742,0.2929847433052237,16.99298987385099,0.756509103049904,0.0050077366931301,11.640070693211015,1000000.0,887871.6332455002,31.29280031291708,0.2060524861237185,17.22896777648744,-0.068852821252944,0.0046749241771435,12.231788861813111,1000000.0,913732.7277503083,0.0925691692023405,1.2255357859531772,False
rg12a189,ok,,0.19,28.1635205632504,0.7280062708262465,4.29290020002216,1.7678400000134007,0.411805520194547,0.411805520194547,5.742159124634334,0.7032561595407143,0.0862348790225422,3.000000029998935,3.202142270636993,11.944301425270265,8.742159154633269,0.0211186813993294,28.1635205632504,30.64556138521315,0.3115995267742239,17.028946099650824,0.397720685732998,0.0049368821388137,12.043747701604596,1000000.0,835153.950624818,31.292800312916885,0.2187263213476165,17.154740719587313,-0.4873012465801081,0.0046007347114249,12.802676039110215,1000000.0,852792.529363035,0.0898716617507608,1.345186287625418,False
rg12a,ok,,0.19,28.16352056248623,0.6874509327529171,4.54615466573987,1.7678399999439711,0.3888649045019373,0.3888649045019373,5.553436775631047,0.6453704145770023,0.0808092032028549,3.0000000299577416,2.848373113721548,11.401809919310336,8.553436805588788,0.0199362936991579,28.16352056248623,30.679752964521327,0.3142929882845236,14.971105354703216,0.4233408318084827,0.0049435508132101,12.443940357956947,1000000.0,789509.5762485351,31.29280031249749,0.2266294818354797,14.830708887416906,-0.4118643427349158,0.0046276982264139,13.140334362217276,1000000.0,805285.6730274324,0.0898716617507608,1.345186287625418,False
rg1410,ok,,0.19,28.163520563203093,0.7273048466582196,4.297040340043662,1.767839999999898,0.4114087511642805,0.4114087511642805,5.840775592451443,0.7587729109199997,0.085241055803477,3.000000029996368,3.315137771026106,12.155913393473917,8.840775622447811,0.0215778643688132,28.163520563203093,30.75162972498813,0.3152398846653256,17.179619794084655,1.1252334144745797,0.005163694605329,11.812863220582315,1000000.0,837237.0843374849,31.2928003128911,0.2214069998058917,16.987480058386236,0.2260862430137282,0.0048498178248279,12.460145502627366,1000000.0,851970.8753331833,0.0999996633941094,1.3772,False
rg1495,ok,,0.19,28.163520563250405,0.7215263415208999,4.331454149008863,1.767839999999968,0.4081400700973577,0.4081400700973577,5.76062523892959,0.7222329012907259,0.0861942208942922,3.000000029998935,3.269047742934581,12.029673011863109,8.760625268928525,0.0212235820990575,28.163520563250405,30.46909926515628,0.3203234387841904,16.901979633938247,1.1758966941364872,0.005068161795332,11.911146066087372,1000000.0,822954.1598758674,31.29280031291689,0.2211568387078102,16.846942990602415,0.2167147624188738,0.0047203308132843,12.689708645543082,1000000.0,845201.8869205557,0.0949996794229613,1.3697147157190637,False
rg149,ok,,0.2,28.163520563250604,0.7487498254873245,4.173968606357553,1.7678399999999403,0.4235393618694846,0.4235393618694846,5.816963980401934,0.7350887932842285,0.0889044382013905,3.00000002999894,3.206968661970392,12.023932672371268,8.816964010400874,0.0211129706461221,28.163520563250604,30.61345162912541,0.305626862036234,16.876198893449338,1.0320183437961623,0.004896683567397,11.927822066619234,1000000.0,858050.5438172268,31.29280031291705,0.2144864169076934,16.8237069712523,0.1455446432208441,0.0045886551265886,12.636471049556034,1000000.0,877091.6997976374,0.0899996954518132,1.3237361204013378,False
rg14,ok,,0.2,28.1635205628032,0.7785605729098952,4.01414915466261,1.7678399999999697,0.4404021703943279,0.4404021703943279,5.733334019878748,0.7465433516601122,0.0905478711646888,3.000000029974961,2.95158850385032,11.68492255370403,8.73333404985371,0.020100775546587,28.1635205628032,30.3964191897871,0.289730955770605,16.67915730176322,0.8840304506905791,0.0046684158634624,12.007547359464736,1000000.0,885887.6966049921,31.292800312670067,0.2043172928694151,17.161170585821193,0.0491072431705104,0.0043990219242549,12.64789096617637,1000000.0,912012.2543455892,0.084665539579884,1.2123899665551838,False
rg14a147,ok,,0.2,28.1635205632504,0.8465277183028953,3.6918557987179215,1.767839999997736,0.4788486052493322,0.4788486052493322,5.611967451962881,0.7415163273473624,0.0902872538331568,3.000000029998935,2.630955629065448,11.242923111027263,8.611967481961816,0.0191738547158388,28.1635205632504,30.645720352062327,0.2522346271729757,16.234236819210437,0.7920956268915842,0.0041727594290439,12.282870191911522,1000000.0,971124.3761131704,31.292800312916885,0.1853013821012223,17.080289841323022,0.1194720012165621,0.0039577490114334,12.784386011776188,1000000.0,991629.5271117806,0.0699585150937564,1.0545979933110368,False
rg15,ok,,0.19,28.163520561768056,0.730222725140406,4.279869905276731,1.767839999965377,0.4130592842987528,0.4130592842987528,5.63971913321425,0.6916083222138556,0.0872890812515537,3.0000000299183647,2.8980707936634134,11.537789956796027,8.639719163132614,0.0199542034479297,28.163520561768056,30.44857147413977,0.3039763232927736,15.462955251571442,0.272731292365095,0.0048553525392796,12.167630559151451,1000000.0,832311.9013319829,31.29280031211025,0.2155071788541364,15.515316738914771,-0.5614476036258489,0.0046535214424429,12.689609010992983,1000000.0,855388.9021655781,0.0891810604310701,1.272351839464883,False
rg15a111,ok,,0.19,28.1635205632504,0.7096797164050695,4.403758756674982,1.7678399999868322,0.401438883841499,0.401438883841499,5.900697333917433,0.7698239311067644,0.0838223374530471,3.000000029998935,3.424323809838673,12.325021173755042,8.900697363916368,0.0218748480372746,28.1635205632504,30.64503553115529,0.3298460903581648,17.61597733648875,0.5032394139216367,0.0054212266670097,11.64783091037083,1000000.0,814116.1312229541,31.292800312916885,0.2284436561626942,17.498482036884685,-0.4356132260973215,0.0052080511241644,12.152177569744188,1000000.0,831324.65289473,0.1098998886390841,1.4295,False
rg15a213,ok,,0.2,28.1635205632504,0.729020022185536,4.286930631840928,1.7678399996415193,0.4123789609542526,0.4123789609542526,6.224966968133866,0.9114217622114268,0.0866903987656522,3.000000029998935,4.049070753842768,13.27403775197557,9.2249669981328,0.023981272909583,28.1635205632504,30.61842657063241,0.346420968577191,18.77482492005037,-0.2630040938153273,0.0058062720968372,11.027560068733704,1000000.0,835576.3970122079,31.292800312916885,0.2304850841336288,17.703545156709836,-1.3434651504973936,0.0056969301701147,11.433153333624125,1000000.0,853980.046217297,0.1298842201799312,1.516,False
rg8,ok,,0.19,28.163520562771208,0.7176563446591167,4.354811726891797,1.76783999999995,0.405950959735687,0.405950959735687,5.833468284281284,0.7615884393606106,0.08480108525176,3.0000000299805443,3.2476598150264566,12.081128129288285,8.833468314261829,0.0212114728457484,28.163520562771208,30.55596180773225,0.3215920932166674,15.945903051312476,-0.6252164966353219,0.0051766541154564,11.844081203569298,1000000.0,820873.6696112703,31.292800312576283,0.2241982338972769,15.409926573574744,-1.520419597954609,0.0050267356501101,12.30639425537145,1000000.0,840668.5407787407,0.1079366536769267,1.3897090301003343,False
rhodesg30,ok,,0.19,28.163520563250483,0.6658049171756559,4.693954918289506,1.7678399999994363,0.376620574925258,0.376620574925258,5.606710608759021,0.64570909307279,0.076121596238189,3.0000000299989367,2.9278995783410022,11.534610217098958,8.606710638757956,0.0202426052613503,28.163520563250483,30.733220767747174,0.3271493724516232,18.1730911069434,-1.526125332233234,0.0091223452516513,9.51760549452746,1000000.0,765982.6136492502,31.29280031291696,0.2354548627211434,18.50186207417939,-2.466185405745907,0.0093637675408098,8.694174510520018,1000000.0,779929.3524500086,0.0974,1.42491237458194,False
rhodesg32,ok,,0.19,28.1635205632512,0.6479394783865141,4.823379914096899,1.7678399999999812,0.3665147741800847,0.3665147741800847,5.801729560287202,0.7163065394622913,0.0757748618569759,3.000000029998944,3.328697467482769,12.130427057768916,8.801729590286145,0.0214971817866943,28.1635205632512,30.571003932046903,0.3572963378054683,19.47180458649793,-1.9942261038636824,0.0100210642381985,9.217281939038422,1000000.0,741494.5802801042,31.292800312917688,0.2474292508789729,19.45953442790901,-3.0426367040928906,0.010171053607387,8.438841810482494,1000000.0,759001.6306102514,0.119,1.5509090301003343,False
rhodesg34,ok,,0.2,28.1635205632504,0.6799129072527927,4.596556753463751,1.7678399999999992,0.384600929525745,0.384600929525745,6.071054722638756,0.8747790111900817,0.0794254722283478,3.000000029998935,3.5153236233177902,12.586378375955482,9.071054752637693,0.0221741458463813,28.1635205632504,30.63045264310692,0.3519224612459515,20.437542477497487,-2.9233152152735773,0.0102082547613904,8.914968182862768,1000000.0,779597.6810491186,31.292800312916885,0.2430087787549879,19.66954827258695,-4.1080109740904085,0.0098319564126841,8.452036300447805,1000000.0,796455.5679843398,0.1407,1.5141688963210702,False
rhodesg36,ok,,0.19,28.1635205632504,0.6846554190442858,4.564717004550352,1.767839990940639,0.3872835904566181,0.3872835904566181,6.375397952698017,0.9877199197783372,0.0805999230349137,3.000000029998935,4.237200401465966,13.61259838416292,9.375397982696953,0.0245853375790015,28.1635205632504,30.57370599396627,0.3793841022983502,22.01044432476712,-3.439250343537162,0.0108433037064689,8.624214447577241,1000000.0,783581.1416126188,31.292800312916885,0.2494222077320863,20.04233929271917,-4.9011177406848905,0.0102629941030178,8.268222257118325,1000000.0,802010.9893870977,0.1617045165585831,1.6918120401337793,False
s1010,ok,,0.2,28.1635205632504,0.85063749662368,3.674018930512823,1.767839999999841,0.481173350882295,0.481173350882295,5.495613344976545,0.6873358749966404,0.0882310057002327,3.000000029998935,2.497893895413995,10.993507270389475,8.49561337497548,0.0186887672902529,28.1635205632504,30.593334082858505,0.2462886762374193,17.368561247028502,2.2095571329457484,0.0062656544094162,10.173116696196704,1000000.0,974170.940064228,31.292800312916885,0.1819146509690975,17.75209900619168,1.7351456986931877,0.0056486152807311,10.295939327990022,1000000.0,996443.7552151908,0.0601913375497774,1.0247879598662206,False
s1012,ok,,0.2,28.163520563247225,0.7890965240512059,3.960552569101405,1.767839999999998,0.446361958124721,0.446361958124721,6.219442183284147,1.033147340787517,0.0925065011043445,3.0000000299987866,3.384340848681954,12.603783061964888,9.219442213282932,0.0216218417784128,28.163520563247225,30.48029228131171,0.3066470934192611,19.70921767103661,2.9277244296287908,0.0075099249923548,9.638729215117031,1000000.0,900353.5799682428,31.292800312914903,0.2128099729479541,17.958310361115654,1.9175329409305395,0.0057388847053588,10.87639218400807,1000000.0,924354.154118098,0.1201743243243243,1.2833,False
s1014,failed,Infeasible_Problem_Detected,0.27,,,,,,,,,,,,,,,,,,,,,,,,,,,,,,,,,,
s1016,failed,Infeasible_Problem_Detected,0.33,,,,,,,,,,,,,,,,,,,,,,,,,,,,,,,,,,
s1020,ok,,0.2,28.1635205632504,0.7018361603421104,4.452974130078136,1.7678399999877783,0.3970020818326106,0.3970020818326106,6.230008189471775,0.9526692139445644,0.0809533855519507,3.000000029998935,3.597046095687816,12.827054315158524,9.23000821947071,0.0224108653781009,28.1635205632504,30.573954548773425,0.3487339909912464,19.384395834808192,-3.1673887079704515,0.0074146976718223,10.212424711400176,1000000.0,803250.8507523438,31.292800312916885,0.239543178373941,20.13896009129748,-4.211082798561447,0.008755273080423,8.996753797894561,1000000.0,822136.6468532971,0.1509351977549766,1.4896,False
s102b,ok,,0.2,28.1635205632504,0.6610191151442403,4.72793931958801,1.7678399999688117,0.3739134283396133,0.3739134283396133,6.119769307971567,0.8536032226244584,0.0769431400607354,3.000000029998935,3.8372555448591794,12.957024882829682,9.119769337970505,0.0232796527072685,28.1635205632504,30.6434170949891,0.3723258650393124,18.9594857783432,0.0785021922092183,0.0071167434475209,10.645897184901957,1000000.0,758254.5921532718,31.292800312916885,0.2512969953203909,18.402929078570764,-0.9443547439136728,0.0072347370690507,10.506832633232928,1000000.0,774323.2246277332,0.1498357687078881,1.6334,False
s102s,ok,,0.2,28.16352056325045,0.6887138004744439,4.537818558952896,1.7678399999999754,0.3895792608349474,0.3895792608349474,6.128142119204227,0.9096703596438162,0.0815486314586843,3.000000029998936,3.634022682090289,12.76216483129345,9.128142149203162,0.0224626913783054,28.16352056325045,30.473851413915707,0.3559075415059702,18.53666241992197,-0.0511929274994337,0.0070385444723938,10.52282264612215,1000000.0,785651.5458028787,31.29280031291694,0.2414132314689065,18.101537012098035,-1.0462720144529924,0.0071723171113862,10.303869096604512,1000000.0,806765.0066416381,0.1498357687078881,1.5234,False
s1046,failed,Infeasible_Problem_Detected,0.37,,,,,,,,,,,,,,,,,,,,,,,,,,,,,,,,,,
s1048,failed,Infeasible_Problem_Detected,0.3,,,,,,,,,,,,,,,,,,,,,,,,,,,,,,,,,,
s1091,failed,Maximum_Iterations_Exceeded,1.49,,,,,,,,,,,,,,,,,,,,,,,,,,,,,,,,,,
s1210,failed,Maximum_Iterations_Exceeded,1.3,,,,,,,,,,,,,,,,,,,,,,,,,,,,,,,,,,
s1221-4deg-flap,failed,airfoil 's1221-4deg-flap' not found in the aerosandbox UIUC database,0.0,,,,,,,,,,,,,,,,,,,,,,,,,,,,,,,,,,
s1221,ok,,0.2,28.163520562150783,0.5595268307289109,5.5855378043192685,1.7678399999907457,0.3165030945853923,0.3165030945853923,5.762446871341656,0.4634380274828749,0.0609176605139167,3.0000000299355225,4.34850942779973,13.11095632907691,8.76244690127718,0.0248091007980849,28.163520562150783,30.384652624721248,0.4527007568863759,19.57438485807804,-2.1829846195228817,0.0095137504503449,10.0642776669435,1000000.0,636412.9828354468,31.29280031235654,0.2852475629620891,19.03240555572579,-3.536555424286912,0.0104081363557978,9.165898024788383,1000000.0,655434.3284430928,0.1213197508056268,2.1021,False
s1223,ok,,0.24,23.146008700940254,0.5757270660402646,5.4283677977742055,1.7678399999999987,0.3256669529144407,0.3256669529144407,5.110667398755552,0.4963883516665987,0.0592983641493217,3.0000000299987173,2.1106668576994103,10.22133428645368,8.110667428754269,0.0177696753758398,23.146008700940254,31.29280031291384,0.323376462130395,39.77362845015636,-4.396062314700481,0.0458103900097508,3.0725390837935933,1000000.0,674411.4172501294,25.71778718832229,0.3799085505585339,25.92239612098693,-3.855207999177037,0.0381754972754241,3.9923849701617,1000000.0,554260.696798555,0.1214003866409812,2.397191304347826,False
s1223rtl,ok,,0.21,28.1635205632504,0.3803287798628545,8.21725420496619,1.76783999999935,0.2151375576200303,0.2151375576200303,5.165589674132378,0.3013591928954438,0.0293442928728329,3.000000029998935,2.941236277651695,11.106825981783008,8.165589704131314,0.0202145431029034,28.1635205632504,30.62172223176104,0.5554920780868254,17.753849825005066,-4.24492397000229,0.0165182984786955,9.32050025950962,1000000.0,435966.0201879461,31.292800312916885,0.391062186616877,20.30800031870457,-4.851717742411041,0.0217920386433685,6.891143132995785,1000000.0,445520.2587791846,0.1350262343862144,2.4321,False
s2027,ok,,0.2,28.163520563250465,0.7472107875764218,4.182565773356365,1.767839999999942,0.422668786528445,0.422668786528445,6.262468470008784,0.987991598300304,0.0890374650416384,3.000000029998936,3.548700182135485,12.811168682143204,9.26246850000772,0.0223017629478173,28.163520563250465,30.6497259041481,0.3255357910573294,18.835399736746943,0.1884725605858729,0.006423450453263,10.57994363035675,1000000.0,857301.4661727037,31.292800312916945,0.2257881114853168,18.374068571374394,-0.681858395210244,0.0063447523424055,10.59476734914523,1000000.0,875288.8581389419,0.1450066757695081,1.3931,False
s2046,ok,,0.2,28.16352056323374,0.6537258776310721,4.780686175259103,1.7678399999999974,0.3697879206438779,0.3697879206438779,5.682117412337016,0.5642948902451197,0.0751333154316589,3.0000000299979868,3.734563317186404,12.416680759521409,8.682117442335002,0.0230696218158781,28.16352056323374,30.83000123975495,0.3564257499012328,16.993423849757043,-0.2535794027027483,0.0051252612486252,12.270490661523084,1000000.0,754454.5067763324,31.292800312908263,0.2419064452853117,16.766226455248486,-1.2772249379078453,0.0053391616924465,12.51014922283365,1000000.0,765779.8662454131,0.090138260536275,1.6298110367892975,False
s2048,ok,,0.2,28.16352056325047,0.7185013710525383,4.349690051419898,1.767839999999656,0.406428959098492,0.406428959098492,5.62946677328098,0.6664731808519718,0.0852144767757169,3.0000000299989367,2.992473101719801,11.621939904999715,8.629466803279918,0.0203794786048498,28.16352056325047,30.607614487716926,0.307962883152269,15.827310396394491,0.0707485088231581,0.0045967080456019,12.5103379939499,1000000.0,823229.4948534652,31.292800312916945,0.2187629753550902,16.282483568125734,-0.7540612205139927,0.0046969070244159,12.736212838251074,1000000.0,841658.411650837,0.0862730560254881,1.3125692307692307,False
s2050,ok,,0.19,28.16352056286977,0.690710000238586,4.524703948792345,1.767839999985828,0.3907084352905937,0.3907084352905937,5.64266773587472,0.6278219484830918,0.0818169236954524,3.000000029978221,2.7499325568229693,11.39260032267591,8.642667765852941,0.0196450197579409,28.16352056286977,30.74908708100681,0.3111494107595833,15.615188029203985,0.5699769198057314,0.0051512082689262,12.231907972611957,1000000.0,795045.1790109442,31.292800312710032,0.2279132294611682,15.858105384156811,-0.1898713216866565,0.0049117736906054,12.701278334801806,1000000.0,809103.3714539036,0.0892853530641343,1.3460197324414716,False
s2055,ok,,0.2,28.16352056325046,0.7464568843331768,4.186790062753191,1.7678399999999583,0.4222423320737139,0.4222423320737139,5.667244538562639,0.6907725881666594,0.0895708378352353,3.0000000299989367,2.894853972819131,11.562098541380706,8.667244568561575,0.0200622135759654,28.16352056325046,30.630092297005422,0.2944703995897575,15.650299933851793,0.8329070546945532,0.0042875912144009,12.678888713324552,1000000.0,855887.8699702647,31.29280031291693,0.2114919220039086,15.979288359323323,0.0004554674276912,0.0041479216640052,13.341025144430938,1000000.0,874405.7296832169,0.0798565276707165,1.263902675585284,False
s2060,failed,Infeasible_Problem_Detected,1.27,,,,,,,,,,,,,,,,,,,,,,,,,,,,,,,,,,
s2062,ok,,0.2,28.163520563237373,0.7803904352449614,4.004736763100038,1.76783999999919,0.4414372540757755,0.4414372540757755,5.7078459464626725,0.7100055583008742,0.0933983834348665,3.0000000299982075,2.9405383910561422,11.64838436751702,8.70784597646088,0.0202513704642098,28.163520563237373,30.681113606119844,0.2828250257151788,16.047663381378694,0.4092426429051888,0.0042308512648169,12.519750550395754,1000000.0,896286.582110546,31.29280031291,0.2032433109027425,16.623903713982266,-0.359880235354963,0.0043315827436836,12.735057217839042,1000000.0,914155.7701325231,0.0798364399654757,1.2122872909698996,False
s2091,ok,,0.19,28.1635205632504,0.5641449850883756,5.539813957412637,1.7678399990940716,0.3191154094134488,0.3191154094134488,5.319933049937322,0.4928470385160455,0.0591560305328797,3.000000029998935,2.594367096593864,10.91430017653012,8.319933079936256,0.0193334610981621,28.1635205632504,31.102919409122368,0.3567049778314206,14.587054514075376,-0.501804630638221,0.0064181406535902,12.265145286456764,1000000.0,656834.1513596444,31.292800312916885,0.2686250821922108,15.11517143999605,-1.2831393191536358,0.0069147271022135,11.657462846483543,1000000.0,660844.072764858,0.1010828767763541,1.6341,False
s3002,ok,,0.19,28.1635205632504,0.6421833278218791,4.866613827643967,1.767839999281715,0.3632587383941998,0.3632587383941998,5.791885730331583,0.6068735638366256,0.074254813300434,3.000000029998935,3.877320735156702,12.66920649548722,8.79188576033052,0.023415284142678,28.1635205632504,30.642391780214343,0.3747584072551568,17.470004288428107,-0.3485982452917567,0.0053021080256052,12.082148950747431,1000000.0,736623.4252836651,31.292800312916885,0.2493678553531441,17.65595802395565,-1.4656939649169385,0.0061702683470269,11.664182930083332,1000000.0,752258.8288327582,0.0993854836448716,1.6837,False
s3010,ok,,0.2,28.1635205632504,0.6717295172189369,4.652554614552765,1.767839999849609,0.3799718963684956,0.3799718963684956,5.776568178693999,0.6405282609906839,0.0786215823887436,3.000000029998935,3.604044135779503,12.380612344472436,8.776568208692934,0.0224859768440284,28.1635205632504,30.643918562043943,0.3500784776475446,17.422417218619962,0.5487573886868042,0.0054659058288683,11.841152309219954,1000000.0,770553.0969612587,31.292800312916885,0.2379840001557187,17.681783198400982,-0.4963343622312439,0.0059792046777587,11.569935432792292,1000000.0,786869.4777036385,0.1031758057766116,1.5471,False
s3014,ok,,0.19,28.16352056325044,0.7337622592393614,4.259224600675823,1.767839999999932,0.4150614644081985,0.4150614644081985,5.750326452924595,0.7201410990680278,0.0887822797768867,3.000000029998936,3.1488651374419456,11.899191620365476,8.75032648292353,0.0207914294430131,28.16352056325044,30.43209761338733,0.3123234759128775,16.238823579189066,0.5384955338527475,0.0048430673681449,12.065257600077732,1000000.0,835893.786011898,31.292800312916924,0.2172132668333858,16.664767731972717,-0.1182012773418445,0.0051747873454119,11.944435642171005,1000000.0,859535.1415070235,0.0945262964253958,1.3123688963210702,False
s3016,ok,,0.2,28.1635205632504,0.7363923755387781,4.244012251855222,1.767839999535972,0.4165492214974594,0.4165492214974594,5.776756226940763,0.7231863712207892,0.0880213675531024,3.000000029998935,3.180276404187232,11.95703266112693,8.776756256939699,0.0210538903609849,28.1635205632504,30.659633960825698,0.308096325430812,16.871868669366293,0.929156935394096,0.0046771492673331,12.238038976716323,1000000.0,845162.2432518704,31.292800312916885,0.2170911975688564,17.250339361077913,0.2839884561785329,0.0046423028305517,12.666065931572213,1000000.0,862616.0815843414,0.0951585152702916,1.32816254180602,False
s3021,ok,,0.19,28.1635205632504,0.7544514615618035,4.14242456250237,1.7678399999970098,0.4267645610253641,0.4267645610253641,5.780595349727752,0.7470434841558591,0.089914738538516,3.000000029998935,3.1084946160876763,11.889089995814365,8.780595379726687,0.0207682204959965,28.1635205632504,30.59902566726722,0.3001984408789945,16.625942955275946,0.0768269974287297,0.0053089163068155,11.543226052197886,1000000.0,864177.073436248,31.292800312916885,0.211987435427161,17.965515216580002,-0.7799063767899796,0.0067384647684505,10.02276140379608,1000000.0,883770.64316037,0.0947010125582071,1.2799257525083612,False
s3024,ok,,0.19,28.163520563250408,0.6744147343138488,4.63403022878488,1.767839999985377,0.3814908217482505,0.3814908217482505,5.606902365841598,0.6632071985380441,0.0795471523323991,3.000000029998935,2.8972246904935512,11.504127086334083,8.606902395840532,0.0200592728398033,28.163520563250408,30.613290846945,0.3246481283304157,15.547554943905933,-0.385988285838885,0.0052332789305053,12.225660004259202,1000000.0,772860.1337846102,31.292800312916896,0.2324541415779675,16.868866105700118,-1.2975810692363363,0.0065901683415363,10.847933826097906,1000000.0,790014.9630188987,0.0984502175908725,1.3769347826086955,False
s3025,ok,,0.2,28.163520563250547,0.7150583430650799,4.3706339432434245,1.767839999999898,0.4044813688258672,0.4044813688258672,5.749139441904579,0.6861949554492259,0.0852734722966011,3.0000000299989367,3.3752849385759456,12.12442441047946,8.749139471903515,0.0217016768229677,28.163520563250547,30.63629192568782,0.3222208000344516,17.513234133874658,-0.6470258556553271,0.005958773629965,11.21896944560511,1000000.0,820052.2330653878,31.29280031291703,0.2228647188463446,18.616269991140687,-1.6190072115304048,0.0072893226294522,9.853788757509044,1000000.0,837625.2203668326,0.0938089930278328,1.397643143812709,False
s3,ok,,0.2,28.16352056322756,0.8079806896078984,3.867986334074648,1.767839999999876,0.4570440139424128,0.4570440139424128,6.030166642917976,0.9144871614990652,0.0943815316926806,3.000000029997421,3.1824884083713605,12.212655081286758,9.030166672915398,0.0209367499714761,28.16352056322756,30.478140253991604,0.2902274603522234,18.5276095436572,1.551544086258837,0.0065044100179585,10.214714539665392,1000000.0,921835.1902047616,31.292800312907296,0.2035692821438589,18.401255190943843,0.7469379241065406,0.0062262541720316,10.162761516957184,1000000.0,946475.220866226,0.1099999999999999,1.212089966555184,False
s4022,ok,,0.2,28.163520563250565,0.6418923657013942,4.868819809353844,1.767839999999986,0.3630941520168111,0.3630941520168111,5.717973004439766,0.6598226624749672,0.0763991993548227,3.0000000299989367,3.58422764823955,12.30220068267825,8.717973034438703,0.0223300550590036,28.163520563250565,30.523017330530703,0.3669205097316361,18.27495135082092,-2.954047730073851,0.0073197639532501,10.728972867171008,1000000.0,733421.288771324,31.29280031291705,0.2473835236654302,19.16214958176445,-4.00129992712121,0.0086550370631999,9.441696405769964,1000000.0,751917.993107671,0.112641334043932,1.585574247491639,False
s4053,ok,,0.19,28.1635205632504,0.6845424703069117,4.565470205765882,1.767839996370594,0.3872196984525122,0.3872196984525122,5.650505485760038,0.6317964859145784,0.0806822257357407,3.000000029998935,3.246162301777507,11.89666781753648,8.650505515758972,0.0211431055712904,28.1635205632504,30.464778216466144,0.3339913465526959,15.97443720831961,0.0220803320976806,0.0047419173846849,12.477741991405011,1000000.0,780660.5938986621,31.292800312916885,0.2301752099024508,17.260807212951235,-1.0503859342439417,0.0062500210049793,11.114933955588969,1000000.0,801878.6778441108,0.0891941288503535,1.4116638795986622,False
s4061,ok,,0.19,28.163520562952545,0.5887998446209953,5.307844921781976,1.767839999891836,0.3330617276772901,0.3330617276772901,5.271846025798371,0.5144824822346427,0.0608860511847756,3.0000000299826897,2.383668505567604,10.655514561348664,8.27184605578106,0.0186600291245009,28.163520562952545,31.19439115011233,0.3317111202698228,14.312964059724624,-0.7170918644484413,0.0062008330142744,12.255988838634789,1000000.0,687555.94006337,31.292800312755386,0.2558893534033382,14.94139477149773,-1.3892662744191568,0.006615880535726,11.653616952595526,1000000.0,689724.9775677819,0.0961490411444283,1.5016297658862876,False
s4062,ok,,0.19,28.163520562669177,0.622631367977216,5.019435939280124,1.7678399999287224,0.3521989365566566,0.3521989365566566,5.505853760220974,0.5727475618930846,0.0695738005685916,3.000000029964709,2.9498138683355704,11.455667658521254,8.505853790185682,0.0202508111080417,28.163520562669177,30.632437095963976,0.3497297894631451,15.95643351154946,-1.026805235529162,0.0062597075680186,11.753304056214116,1000000.0,713964.1168246437,31.29280031262809,0.2488309381728051,16.599571371259323,-1.9192753606124773,0.0067736853534334,11.171917984420707,1000000.0,729355.502083742,0.0954086475495521,1.5275652173913044,False
s4083,ok,,0.19,28.1635205632504,0.6568175821824201,4.758183017429527,1.767839999855619,0.3715367806114033,0.3715367806114033,5.400003583372585,0.5110550706266728,0.0746592387391718,3.000000029998935,2.894099057665692,11.294102671037212,8.40000361337152,0.0200338802929089,28.1635205632504,30.59075186121808,0.3277426622043482,16.370334931486674,-0.8598904654524756,0.0070685117381579,10.886485396790128,1000000.0,752140.1272582395,31.292800312916885,0.2329443404262109,17.136063883478496,-1.840227570934692,0.0077098914835396,9.91819164937515,1000000.0,769401.5144316494,0.0799870192236414,1.4226652173913044,False
s4094,ok,,0.2,28.163520563250405,0.6212709919710326,5.03042682812489,1.7678399999849663,0.3514294234638406,0.3514294234638406,5.611610880339082,0.6020807594076472,0.0712523577536677,3.000000029998935,3.312817653993019,11.924428564331036,8.611610910338017,0.0216934596845167,28.163520563250405,30.92773258061028,0.3579040845419793,17.161311769691643,1.0115526693085377,0.007412417044665,10.89941278225266,1000000.0,719271.7377968176,31.29280031291689,0.2524763966740483,17.091282152799522,0.0791220569691801,0.0077182228832421,10.34744500313306,1000000.0,727761.946432233,0.099022865485179,1.6262725752508362,False
s4095,ok,,0.19,28.1635205632504,0.5977377854939844,5.228477002267892,1.7678399997855674,0.3381175816626435,0.3381175816626435,5.5614900603600015,0.5851424112531276,0.0682666033152791,3.000000029998935,3.3019356169133025,11.863425707272238,8.561490090358937,0.0216798207138325,28.1635205632504,30.96165961645381,0.3692812513857759,18.51008830274663,1.061976364721557,0.0099737844768846,9.617514977876708,1000000.0,692785.4856579509,31.292800312916885,0.2608892043952144,18.06260823170415,0.1596094856804389,0.0097841653941789,9.06604164654942,1000000.0,700194.9550165755,0.0969669754678177,1.6824759197324417,False
s4096,ok,,0.2,28.1635205632526,0.55983331086353,5.582480007806595,1.7678399999999523,0.3166764587652418,0.3166764587652418,5.634426244593484,0.6668514341145438,0.0594401315324144,3.000000029998954,3.1627270010501265,11.797153275642565,8.634426274592437,0.0208996177045545,28.1635205632526,30.521643810170712,0.4034678781404666,19.9421826267683,1.2782035457306278,0.0137140044463836,8.396022788977,1000000.0,639632.4583084458,31.29280031291913,0.2809261775057752,19.73202313462893,0.2759939700557576,0.0134876085624344,7.597712714141016,1000000.0,655793.3418002172,0.1246945556285736,1.7566083612040135,False
s4110,ok,,0.2,28.16352054952637,0.6572919994398401,4.754748678308642,1.767839999999837,0.3718051404198913,0.3718051404198913,5.66753507897399,0.5615345043341349,0.0767259581237403,3.000000029247212,3.672653753453371,12.340188861674571,8.667535108221202,0.0227896109299509,28.16352054952637,30.73836962758572,0.3544117574108266,17.135611756432738,-0.4896122515714535,0.0053483973109125,12.061704852669424,1000000.0,756315.5208565304,31.292800305509143,0.2401898903481532,17.457614639861657,-1.5402269150691348,0.0061047582256562,11.551962435859126,1000000.0,769957.250461349,0.0837530090695924,1.5972,False
s4158,ok,,0.19,28.1635205632504,0.6712448362870183,4.655914047525484,1.7678399991508484,0.3796977309085885,0.3796977309085885,5.756756290260325,0.71394649585796,0.078099525444527,3.000000029998935,3.1852118021568168,11.941968122416077,8.75675632025926,0.0210430298126018,28.1635205632504,30.619366555697862,0.338461179682953,16.067589869874713,-0.0724369644396573,0.0051908592144493,12.181097276694334,1000000.0,769380.1868213092,31.292800312916885,0.2376182355677237,17.13654879655574,-1.056581808560648,0.0066168558737942,10.894005698252164,1000000.0,786301.7187869836,0.1085502378441385,1.4458,False
s4180,ok,,0.2,28.163520563078663,0.6650887123299306,4.699009632306907,1.7678399999934784,0.3762154450246538,0.3762154450246538,5.831383270898697,0.595527146890176,0.0700115302214401,3.000000029989579,4.503622831522031,13.335006132410308,8.831383300888277,0.0254547341600203,28.163520563078663,30.53093307970869,0.3836540664932649,19.262182511207133,-0.6970223777861743,0.0074746880538419,10.339303982407255,1000000.0,760122.3331083668,31.292800312823665,0.2418614307211211,18.13932357478885,-1.93076889552764,0.0080026090771032,9.748180421781193,1000000.0,779090.3842073048,0.0978318004501125,1.7511,False
s4233,ok,,0.2,28.163520563218253,0.7458102361776263,4.19042018197196,1.7678399999999996,0.4218765477518477,0.4218765477518477,6.159817643427687,0.951818152022268,0.0882917182525989,3.000000029997146,3.447328557438816,12.607146230863648,9.159817673424833,0.0219737918635469,28.163520563218253,30.67380917381962,0.3204493135176457,18.325626075163413,-0.4099579941351542,0.0060684840365575,10.873390344900312,1000000.0,856366.9327410482,31.29280031289982,0.2237051332185312,18.213401235991533,-1.261639561895082,0.0062202511442814,10.709705556511045,1000000.0,873648.2407182925,0.1364009686146387,1.3681,False
s4310,ok,,0.19,28.163520562642635,0.6264636499260283,4.988730416697979,1.76783999992692,0.3543667130237609,0.3543667130237609,5.577192395568406,0.6210078935104075,0.0700943752563506,3.0000000299632408,2.9248990373617345,11.502091462893382,8.577192425531646,0.020190439912837,28.163520562642635,30.669545109664725,0.3481549618015161,16.34459305199723,-0.8059732704102,0.0068813266409359,11.249180013806372,1000000.0,719228.766491023,31.29280031261392,0.2493829380821575,17.122161624235687,-1.66564898965523,0.0076590882414463,10.332234663317683,1000000.0,733844.6686579253,0.108528951092359,1.5130899665551838,False
s4320,ok,,0.19,28.163520563250444,0.6434044588967804,4.857377381186781,1.7678399999999834,0.3639494857548118,0.3639494857548118,5.614610905104021,0.5655432013393951,0.0739642940986931,3.000000029998936,3.50701564782238,12.121626582925336,8.614610935102956,0.0221510820647806,28.163520563250444,30.63766071173433,0.357990867606399,18.094991763690256,-1.133092706118355,0.0076099118420712,10.565579923275086,1000000.0,737910.1886550268,31.292800312916924,0.2438759993330483,18.521476125852928,-2.1327408037509263,0.008370129407402,9.600897360188704,1000000.0,753689.2715051372,0.0941081740509869,1.5848277591973243,False
s5010,ok,,0.19,28.16352056325045,0.7182098808692094,4.351455401612742,1.76783999999999,0.4062640741635065,0.4062640741635065,5.721500445604473,0.6751249199288241,0.0855082908434753,3.000000029998936,3.1268632911561625,11.848363766759572,8.72150047560341,0.0208330919147643,28.16352056325045,30.602580375096483,0.3141935223542926,16.706495654300703,1.5531505097236724,0.0052829472339184,11.806003220211016,1000000.0,822760.1735889663,31.29280031291693,0.221185826149478,16.90859459546039,0.8779409192230717,0.0051943108400612,12.059389908821748,1000000.0,841316.9576540723,0.0981807181187205,1.3635010033444814,False
s5020,ok,,0.19,28.16352056318213,0.7269016754708986,4.299423664934325,1.767839999999998,0.4111806925235878,0.4111806925235878,5.597986836274107,0.6155154846329343,0.0892295703587503,3.000000029995097,2.887336301003745,11.485323167272949,8.597986866269204,0.0200750779378883,28.16352056318213,30.688870362251173,0.2992347746888922,17.075293004795046,1.5774963419614587,0.0060517706276037,11.150832974498387,1000000.0,835065.2483831014,31.29280031288106,0.2154460657174131,17.948886906236236,0.9243864874555237,0.0063720028375521,10.571090942196786,1000000.0,851498.5972902376,0.0839953186914591,1.2997809364548496,False
s6061,ok,,0.2,28.16352056325045,0.7608698096225528,4.1074809725337245,1.767839999999998,0.4303951769518473,0.4303951769518473,5.746310452283249,0.7339757351823136,0.0862822502812185,3.000000029998936,3.019904567369496,11.76621504965168,8.746310482282185,0.0204509608465717,28.16352056325045,30.57501072352638,0.2950526443900958,16.64583468419165,1.084070521458962,0.0046584082109065,12.13765449491041,1000000.0,870844.8911823682,31.29280031291693,0.2093784585947025,17.14639634815845,0.2837645682751707,0.0045955929318902,12.507059228317347,1000000.0,891289.1488317588,0.0899920437880623,1.2563916387959866,False
s6062,failed,Infeasible_Problem_Detected,0.34,,,,,,,,,,,,,,,,,,,,,,,,,,,,,,,,,,
s6063,failed,Infeasible_Problem_Detected,0.25,,,,,,,,,,,,,,,,,,,,,,,,,,,,,,,,,,
s7012,ok,,0.19,28.16352056061241,0.7188910950673876,4.347332004650631,1.7678399999561027,0.4066494111940211,0.4066494111940211,5.557366708511401,0.6378058121062253,0.0855814373917829,3.000000029853525,2.841332874938639,11.398699613303563,8.557366738364927,0.0199140619983075,28.16352056061241,30.6824762269126,0.3004122997995607,15.638853905541248,0.2596673516036755,0.0052491500719669,11.929408304319557,1000000.0,825690.6155547986,31.29280031150255,0.2168175841262197,15.805948047982255,-0.5022279492664836,0.0051198661926984,12.120353846730902,1000000.0,842114.9375477859,0.0874876594175727,1.282330100334448,False
s7055,ok,,0.19,28.163520563024257,0.7336879876082643,4.259655764278236,1.7678399999992198,0.4150194517651982,0.4150194517651982,5.88817017705366,0.7852263795860951,0.0892998946420447,3.000000029984669,3.315588374981323,12.203758582019653,8.888170207038328,0.0214411618288149,28.163520563024257,30.55462833955437,0.3177858138848583,17.253067815687313,-0.234686383466538,0.0055629483349809,11.39186280302249,1000000.0,839174.4492337531,31.29280031281442,0.2206573582352197,18.26217993015906,-1.223794639845244,0.0067996485482882,10.17573153089396,1000000.0,859448.1391054242,0.1049682115865621,1.3584732441471572,False
s7075,ok,,0.19,28.163520563250405,0.6124072377494811,5.103235351797029,1.7678399999376413,0.3464155340817512,0.3464155340817512,5.407856501926779,0.5420321178742692,0.0596062729517594,3.000000029998935,3.203307319184589,11.611163851110302,8.407856531925713,0.0212073490012902,28.163520563250405,30.76844822733691,0.3572157256345213,14.40681210074884,-0.5134958635764683,0.0048503977809606,13.042899606128644,1000000.0,705358.2440301521,31.29280031291689,0.2500704859132052,14.692320975516772,-1.5207751547347268,0.0058467195341966,12.281596500677338,1000000.0,717378.8719021042,0.0899875828449966,1.613,False
s8021,failed,Infeasible_Problem_Detected,0.26,,,,,,,,,,,,,,,,,,,,,,,,,,,,,,,,,,
s8023,ok,,0.2,28.16352056325046,0.7103800038727828,4.399417563221991,1.7678399999998944,0.4018350098837141,0.4018350098837141,5.502648533073076,0.5209669024476773,0.0870997175851094,3.000000029998936,3.302626615018577,11.80527517809059,8.502648563072011,0.0214254979101999,28.16352056325046,30.59509821103543,0.3166562040039195,17.821858410535008,2.7970441547457474,0.0065440551855072,10.840643707879217,1000000.0,813591.5288216945,31.29280031291694,0.2180122820894466,17.784261389050982,1.911010589982293,0.00610482638324,10.982098213569005,1000000.0,832144.9753841619,0.0759337466298344,1.3879872909698996,False
s8025,ok,,0.2,28.163520563171737,0.7333133596468979,4.261831895570278,1.76783999999744,0.4148075389446782,0.4148075389446782,5.588933551406751,0.5946222978986826,0.0888078933687291,3.000000029994366,3.1614662584649524,11.75039983986607,8.588933581401118,0.0211761332758286,28.163520563171737,30.93179294666138,0.2987164757717672,17.35678776955216,2.290278518701502,0.0057715214634657,11.335112269235108,1000000.0,849099.3916584583,31.292800312877137,0.213337453831713,17.380980164366893,1.6235120797448734,0.0054548514267225,11.554440103863392,1000000.0,859009.2968348766,0.0798027551020408,1.323071237458194,False
s8035,ok,,0.2,28.16352056325299,0.793010554429518,3.9410046286814806,1.7678399999999994,0.4485759765756619,0.4485759765756619,6.362256530276565,1.092725759536375,0.0927699836106799,3.0000000299989806,3.5001957797525054,12.862452340028051,9.362256560275544,0.0220189222464149,28.16352056325299,30.48682009247212,0.3112625514344057,19.27284127464473,3.0146801320972823,0.0067496453165981,10.076912254562345,1000000.0,905013.2417224004,31.292800312919287,0.2150398908849942,18.607260411159736,2.074907815968147,0.006474094199243,10.120472275521196,1000000.0,928939.0814740884,0.1400242343541944,1.3003,False
s8036,ok,,0.19,28.163520563250405,0.7838792718633951,3.986912752738724,1.7678399999999197,0.4434107565523072,0.4434107565523072,6.576455205731206,1.2221636259944255,0.0901534093007267,3.000000029998935,3.715710285692641,13.29216552142278,9.57645523573014,0.0231295903240528,28.163520563250405,30.996916652298943,0.3147863464544526,19.174767759991816,1.3076337271883325,0.0064512419432016,10.326605444831817,1000000.0,909560.3377397052,31.29280031291689,0.2225220553508282,18.0339818565798,0.4255162977905327,0.0064071179954504,10.30226083905328,1000000.0,918242.6220230794,0.1599644639837,1.3569,False
s8037,ok,,0.19,28.1635205631204,0.7646912137372437,4.086954589582897,1.7678399999991925,0.4325568002407418,0.4325568002407418,6.518609826014655,1.1705158326895015,0.0902176495504619,3.0000000299910057,3.7323067530776495,13.25091660908331,9.51860985600566,0.0228099270437369,28.1635205631204,30.493165271363253,0.332400082819105,18.640733032384627,1.111036105869743,0.0062788806229151,10.492116073106398,1000000.0,872875.7857847264,31.292800312855142,0.2267278588253519,17.581569384613093,0.0645750417583726,0.0062888893461311,10.55782694559571,1000000.0,895765.5730197277,0.1600009867005766,1.3982,False
s8038,ok,,0.2,28.16352056325084,0.7269867802333672,4.298920352577479,1.767839999999998,0.411228833058064,0.411228833058064,6.094638036341996,0.9065546240100392,0.0861479856478561,3.000000029998943,3.419067120754006,12.513705187094946,9.094638066340938,0.0217455998541105,28.16352056325084,30.48891592667615,0.330279606102952,18.18063813843766,1.993881317244916,0.0062080336646827,10.876937644759714,1000000.0,829721.4822137818,31.292800312917294,0.2278643411775709,17.864000356854735,1.0189165763791643,0.0059873050827209,11.10557475081269,1000000.0,851598.2897094832,0.1299851362014936,1.4043,False
s8052,ok,,0.2,28.16352056314001,0.7144272080125504,4.3744950227920745,1.7678399999994738,0.404124359677778,0.404124359677778,5.980738799261371,0.8233601148408564,0.0851166754356921,3.000000029992864,3.613462407908882,12.594201237163118,8.980738829254236,0.0223565452962794,28.16352056314001,30.4241400863468,0.3396896670786134,17.82200974343621,1.513248273335999,0.0054762416253751,11.471785011095074,1000000.0,813654.6973159895,31.292800312857555,0.2289662869072562,17.566742349521174,0.5309512375597143,0.0054144449903438,11.859791828433586,1000000.0,836885.9035774026,0.1188678784818578,1.4578,False
s8055,ok,,0.2,28.1635205632504,0.6873817567174488,4.546612173021435,1.7678399991527547,0.3888257744178656,0.3888257744178656,5.8924967995842055,0.8019003604031493,0.0826504226500628,3.000000029998935,3.3188883462823724,12.211385175865512,8.892496829583141,0.0214185846982613,28.1635205632504,30.50651488130829,0.3404772154831369,16.17841443513628,1.0672018778712862,0.0050938978053205,12.063736632076086,1000000.0,784972.4884861914,31.292800312916885,0.235636833216949,15.806282527916183,0.1248216790512322,0.0050323305367466,12.59880100013275,1000000.0,805204.6400220725,0.1199923415205085,1.4579,False
s8064,ok,,0.2,28.1635205632504,0.8504107791102264,3.6749984153116646,1.7678399999983143,0.4810451053890834,0.4810451053890834,6.341608960417937,1.1585138957771424,0.0842491494799579,3.000000029998935,3.3486336595482,12.690242649965072,9.341608990416873,0.0216182899561763,28.1635205632504,30.646690157274826,0.2833872669065603,18.27272447774644,1.280309667550521,0.0050675452122214,11.072991289105186,1000000.0,975609.840284088,31.292800312916885,0.2000830915305792,18.22631934802145,0.5392307658656259,0.0051621159630158,11.09739243171183,1000000.0,996178.1764573256,0.1233003116694576,1.1836,False
s8065,ok,,0.2,28.1635205632504,0.8324730079809074,3.75418569794455,1.767839998553829,0.4708983893688948,0.4708983893688948,6.149051721424832,1.0181707861826226,0.0952323928214183,3.000000029998935,3.208493731901601,12.357545483325367,9.149051751423766,0.0211465113030714,28.1635205632504,30.654553105225794,0.2817593885021511,17.496093347681555,1.3076134600298257,0.0047562358268168,11.514177563560947,1000000.0,955276.2678892252,31.292800312916885,0.200181243761075,17.59112092725295,0.5689127432934111,0.0047915846905283,11.683584991818533,1000000.0,975165.7247167634,0.1099439004186188,1.183223076923077,False
s8066,ok,,0.19,28.1635205632504,0.8379671321636553,3.729571412320991,1.767839998580803,0.4740062069171211,0.4740062069171211,6.023109273935192,0.9494795043168665,0.0954507659851721,3.000000029998935,3.075349394917391,12.098458698851516,9.023109303934127,0.0206908187303897,28.1635205632504,30.651301768716404,0.2741015755177289,17.210185883401117,1.3590370537044671,0.0046983156635724,11.59178065059895,1000000.0,961478.8755516716,31.292800312916885,0.1961312037658129,17.387559796255008,0.6407235557322051,0.0046084787726914,11.877566304130529,1000000.0,981601.58693274,0.0999275864654658,1.150115050167224,False
s9000,ok,,0.2,28.163520563251065,0.6544116533371811,4.775676364658819,1.7678399999999086,0.370175837936247,0.370175837936247,5.596235161855616,0.5836452301993892,0.0762569107398877,3.000000029998948,3.272494662890732,11.868729854745297,8.596235191854564,0.0213065150725581,28.163520563251065,30.57135080088549,0.3461228582253848,15.916754229996863,0.0929342622948601,0.0048732823278659,12.590385587336408,1000000.0,748909.7610721159,31.29280031291749,0.2392625489720097,15.957773493939031,-0.9103234133601984,0.0048488514940897,13.163036843359126,1000000.0,766583.1895444302,0.0900529052102012,1.5020946488294311,False
s9026,ok,,0.2,28.16352056324681,0.7270669370863534,4.29844641007062,1.7678399999999652,0.4112741747479227,0.4112741747479227,5.720717147655189,0.6998957150045927,0.0880430297128099,3.000000029998719,2.94451439809335,11.665231575747258,8.720717177653908,0.0201817076628455,28.16352056324681,30.555122905792548,0.3065188707132235,17.345129232262725,2.8689775292689457,0.0061938038693211,11.00657230348508,1000000.0,831614.913467089,31.29280031291514,0.2184717394770584,17.432652252801233,2.08007742296235,0.0056370139323239,11.421272791425828,1000000.0,851692.186105864,0.094992697280428,1.3163,False
s9027,ok,,0.2,28.163520563251435,0.7553910829804484,4.137271852970418,1.7678399999999577,0.4272960692033592,0.4272960692033592,5.69108907467751,0.6502093173964953,0.0916381096883948,3.0000000299989624,3.2527074855630698,11.943796590239543,8.691089104676472,0.0212565540682193,28.163520563251435,30.59618351535484,0.3012606079633494,18.13870634032637,2.6408649685075822,0.0062456461167228,10.756115248844182,1000000.0,865172.983173565,31.292800312917745,0.2095655101531957,17.985634779488617,1.9095114141747933,0.0056497476972714,11.142260603565408,1000000.0,884871.3234117796,0.0799989516864175,1.3076217391304348,False
s9032,ok,,0.2,28.16352056325161,0.7352565340193316,4.250568503642484,1.7678399999999743,0.4159067189447813,0.4159067189447813,5.737109916959333,0.6763956808977135,0.0901471397757186,3.00000002999896,3.3538596963472247,12.090969643305517,8.737109946958292,0.0216232934497269,28.16352056325161,30.62857057429144,0.3126619975780502,18.05635870684209,2.776388152894844,0.0062075570892529,10.900465337507748,1000000.0,843003.659157053,31.29280031291797,0.2164444072734793,17.721451002833213,2.059345637324238,0.0056067661001361,11.385974911072054,1000000.0,861285.5472662258,0.0899991172413793,1.3580107023411372,False
s9033,ok,,0.2,28.163520563224942,0.7240030630119693,4.316636800673939,1.767839999999468,0.4095410574555316,0.4095410574555316,5.548635418005933,0.572018086643745,0.0899051836291652,3.000000029997448,3.2262574202746794,11.77489286827806,8.548635448003381,0.0211571819233395,28.163520563224942,30.582519086443043,0.3101532725265901,17.68638168974084,2.6500157975911884,0.0062826868611477,10.948418897154644,1000000.0,828852.9684544944,31.29280031290412,0.215067038060116,17.510756616061478,1.835066761768678,0.0056009488125592,11.451074685005082,1000000.0,848103.1388320788,0.0749604918032787,1.3440304347826086,False
s9037,ok,,0.2,28.163520563196403,0.689730642232708,4.531128638105033,1.7678399999997736,0.3901544496293761,0.3901544496293761,5.718362731833079,0.6311852518350213,0.0808359420615634,3.0000000299954444,3.6378118018681103,12.356174563696634,8.718362761828523,0.0225329880016818,28.163520563196403,30.55176873825328,0.3423246057065257,17.095669277156375,-0.4466464173165985,0.0052795471720609,11.86441950751105,1000000.0,788823.275579193,31.2928003128933,0.2302358112149844,17.778273013720995,-1.513915328619397,0.0064795274703955,10.842675066421409,1000000.0,807956.1434345082,0.089963513157493,1.495374247491639,False
s9104BTE,failed,airfoil 's9104BTE' not found in the aerosandbox UIUC database,0.0,,,,,,,,,,,,,,,,,,,,,,,,,,,,,,,,,,
s9104,failed,too few converged polar points,0.01,,,,,,,,,,,,,,,,,,,,,,,,,,,,,,,,,,
sa7024,failed,airfoil 'sa7024' not found in the aerosandbox UIUC database,0.0,,,,,,,,,,,,,,,,,,,,,,,,,,,,,,,,,,
sa7025,failed,airfoil 'sa7025' not found in the aerosandbox UIUC database,0.0,,,,,,,,,,,,,,,,,,,,,,,,,,,,,,,,,,
sa7026,failed,airfoil 'sa7026' not found in the aerosandbox UIUC database,0.0,,,,,,,,,,,,,,,,,,,,,,,,,,,,,,,,,,
sa7035,ok,,0.19,28.16352056325045,0.6591790444562755,4.741137164284405,1.7678399999969256,0.3728725701745756,0.3728725701745756,5.54108616529684,0.5959680932378009,0.0762088081465491,3.000000029998936,3.022909454379492,11.563995649675268,8.541086195295776,0.0204756041469682,28.16352056325045,30.59658090507269,0.3342451000530092,15.37729086512097,0.2985463182026991,0.0047679903544298,12.755476784046849,1000000.0,754988.1384838064,31.29280031291693,0.2360082434169031,15.77526192802262,-0.6291293685201294,0.0049710497440999,12.93035694850076,1000000.0,772167.7506873868,0.0919474442722638,1.4369735785953175,False
sa7036,ok,,0.19,28.16352056325042,0.6515851482527086,4.79639272618606,1.7678399999915595,0.3685769912751265,0.3685769912751265,5.527459594308123,0.5861223771443302,0.0754642262375917,3.000000029998935,3.0004259702260536,11.527885594533112,8.527459624307058,0.0204046325587454,28.16352056325042,30.60477589788175,0.3369041738507465,15.390246678942708,0.0423418432768094,0.0048152321522873,12.77618463675258,1000000.0,746490.3857514899,31.292800312916903,0.2383778812335155,16.30905059485161,-0.8741517938338282,0.0056320175445695,12.134745146706692,1000000.0,763272.1982600921,0.0919835718791955,1.444546153846154,False
sa7038,ok,,0.2,28.163520563250405,0.6762755971436032,4.6212790743727234,1.7678399999967902,0.3825434412304456,0.3825434412304456,5.701247516388778,0.6192892134412028,0.0803671037748308,3.000000029998935,3.4600925013631025,12.161340047750816,8.701247546387712,0.021945687420812,28.163520563250405,30.574049184039414,0.3431295444520236,15.798316496736398,-0.4422607760914719,0.0037561318769698,13.438251896726252,1000000.0,773999.2050301989,31.29280031291689,0.2343555635651687,14.72621825212598,-1.4401532200439646,0.0024666623543032,17.567840482283554,1000000.0,792194.7930276218,0.0919945782966066,1.483369899665552,False
saratov,failed,airfoil 'saratov' not found in the aerosandbox UIUC database,0.0,,,,,,,,,,,,,,,,,,,,,,,,,,,,,,,,,,
sc1012r8,ok,,0.2,28.1635205632504,0.632560189490273,4.940649623428414,1.7678399989820697,0.3578152942882297,0.3578152942882297,5.899980663540799,0.7111160571296412,0.0726289258615252,3.000000029998935,3.767480125021733,12.667460818561466,8.899980693539733,0.023043770170419,28.1635205632504,30.64566526728706,0.3803259197786931,18.4329834259836,1.2422053717664026,0.0075150627539628,10.641635147568625,1000000.0,725662.6124196214,31.292800312916885,0.2562740711229759,18.97903317009147,0.0947983511913988,0.0090973403823376,9.286098550983636,1000000.0,740986.2056163829,0.1200203727107361,1.6867,False
sc1094r8,ok,,0.2,28.16352056325042,0.6298408116555634,4.961981198685621,1.7678399999999423,0.3562770452391528,0.3562770452391528,5.730766407781294,0.593508431082573,0.0730513059331255,3.000000029998935,3.836994934291185,12.567761372071416,8.730766437780229,0.0232447842597365,28.16352056325042,30.59868545030445,0.3801262904475934,18.25415417162135,1.7593748470725796,0.0069877768933805,10.99451268498515,1000000.0,721435.3279357242,31.292800312916903,0.2524870060086795,17.971486552692614,0.6045010124811996,0.0072116944482288,10.738997583432312,1000000.0,737800.7036427021,0.0940339088776707,1.7171,False
sc1095,ok,,0.2,28.1635205632504,0.704681360604011,4.434994935755377,1.7678399999999992,0.3986115036451326,0.3986115036451326,5.7815064500860185,0.6999857023304331,0.0831819988077649,3.000000029998935,3.3723644677035285,12.153870947788482,8.781506480084953,0.021700178806191,28.1635205632504,30.64821689439375,0.327504845161329,18.16310043141669,2.275099803130552,0.0065206380399599,10.863050309334865,1000000.0,808466.1385954901,31.292800312916885,0.2269831936512677,17.757219929007043,1.3340701662544725,0.0058582820859296,11.386783808030462,1000000.0,825469.5378200434,0.0949498588944987,1.4269468227424749,False
sc1095r8,ok,,0.2,28.163520563250405,0.6545117052493534,4.7749463310333065,1.7678399999996472,0.370232433506134,0.370232433506134,5.753244063218036,0.6209492866279993,0.0766540048189418,3.000000029998935,3.768815374854555,12.522059468071523,8.75324409321697,0.0229136849081292,28.163520563250405,30.466655070146192,0.3676335268099006,18.246565278797025,2.6761703264166488,0.0069735466426375,10.82270797390498,1000000.0,746459.1256311444,31.29280031291689,0.2435953993910101,18.0919819148888,1.5342317750111534,0.0072879725626642,10.4250657958649,1000000.0,766700.3911768072,0.0933829666666666,1.6322,False
sc20010,ok,,0.2,28.16352056325057,0.7655988134096425,4.08210959951918,1.7678399999999987,0.4330701949325974,0.4330701949325974,5.923623171404728,0.8541980570289328,0.0903498470073206,3.0000000299989384,3.1662835123391284,12.089906713742796,8.923623201403666,0.0208711270572036,28.16352056325057,30.462456392916664,0.3035275909990664,18.57362687539761,2.7311809057378253,0.006969738438398,10.15014951939986,1000000.0,873031.6940113936,31.29280031291704,0.2123036362376587,17.90622841824972,1.8799623518221231,0.0059319208486364,10.790997629066164,1000000.0,896828.7427372,0.1,1.278318060200669,False
sc20012,ok,,0.2,28.163520563245964,0.7550382505842665,4.139205216664493,1.767839999999895,0.4270964853065387,0.4270964853065387,6.175031410700521,0.9609668208396722,0.0920808567723238,3.0000000299987253,3.6183393952219407,12.793370835921188,9.175031440699248,0.0226786129148347,28.163520563245964,30.83968698488251,0.31776234373641,19.89801150779192,2.8249873893285606,0.0077595245590788,9.695423292428666,1000000.0,871651.2420883545,31.29280031291414,0.2213380440076851,17.917271582083057,1.9189538862481847,0.0061257455539797,10.732290868415747,1000000.0,884458.0126427757,0.12,1.3883,False
sc20402,failed,too few converged polar points,0.01,,,,,,,,,,,,,,,,,,,,,,,,,,,,,,,,,,
sc20403,failed,too few converged polar points,0.01,,,,,,,,,,,,,,,,,,,,,,,,,,,,,,,,,,
sc20404,failed,too few converged polar points,0.01,,,,,,,,,,,,,,,,,,,,,,,,,,,,,,,,,,
sc20406,failed,Infeasible_Problem_Detected,0.3,,,,,,,,,,,,,,,,,,,,,,,,,,,,,,,,,,
sc20410,ok,,0.19,28.1635205632504,0.6701734486675432,4.663357330293651,1.7678399996639864,0.3790916874801583,0.3790916874801583,5.633345565650174,0.6719242173801274,0.0785954584793078,3.000000029998935,3.099780105678647,11.733125701327756,8.633345595649109,0.0207824254557344,28.1635205632504,30.663700156601337,0.3321113397419668,16.681626420726307,0.8170606992482785,0.0064627695913385,11.19881370562181,1000000.0,769264.3661406656,31.292800312916885,0.2346439542121901,15.940682703620038,-0.0761245250739792,0.0054460391457678,12.19344718091682,1000000.0,785046.6862949699,0.0997,1.447851839464883,False
sc20412,ok,,0.19,28.1635205632504,0.5835278011849514,5.355800111293136,1.7678399991314264,0.3300795329168079,0.3300795329168079,5.538630304617408,0.6214221184470258,0.0631690572868592,3.000000029998935,2.9776316372605445,11.516261971876888,8.538630334616343,0.0205064867286949,28.1635205632504,30.8748331833681,0.3692725809763745,15.829747424734034,0.8534673476322587,0.00689689054073,11.611060665940744,1000000.0,674419.331351367,31.292800312916885,0.2665287852423786,15.1520559644236,-0.0683378824435549,0.0059625903595058,12.508794564510108,1000000.0,683549.2628513366,0.12,1.6257,False
sc20414,ok,,0.2,28.1635205632504,0.6531664330107974,4.784780888212762,1.7678399999695007,0.3694714640590019,0.3694714640590019,6.112812187947457,0.8239581189771121,0.0758375773212459,3.000000029998935,3.970359875679257,13.083172093625649,9.112812217946392,0.0237346568067924,28.1635205632504,30.64575059992515,0.3804126834071313,19.093017246120304,0.6334938807558287,0.0068835539363447,10.819230313968552,1000000.0,749303.8409993635,31.292800312916885,0.2541241995502972,17.853736376117528,-0.458739387402241,0.0061623437445348,11.61885771575206,1000000.0,765124.5282323734,0.14,1.6855,False
sc20503,failed,Infeasible_Problem_Detected,0.9,,,,,,,,,,,,,,,,,,,,,,,,,,,,,,,,,,
sc20518,ok,,0.21,28.1635205632504,0.6486938892010542,4.817770473097133,1.767839999963623,0.3669415157561784,0.3669415157561784,6.311954277070905,0.980296738638206,0.076815104821719,3.000000029998935,3.914999220364498,13.226953527434338,9.31195430706984,0.0233929639197883,28.1635205632504,30.44637716584428,0.3923332296399809,18.33530777907539,-0.2870086909955449,0.0072449204099569,10.578016339970452,1000000.0,739331.5986049369,31.292800312916885,0.2614679670400317,16.745350688981308,-1.358185462685953,0.0068594815448621,11.00615107262152,1000000.0,759885.3536547638,0.1798,1.7309,False
sc20606,failed,Infeasible_Problem_Detected,0.25,,,,,,,,,,,,,,,,,,,,,,,,,,,,,,,,,,
sc20610,ok,,0.2,28.163520563250405,0.6983126352749366,4.475442814172773,1.7678399999963987,0.3950089574149013,0.3950089574149013,5.91431564180067,0.7145274856773455,0.0845627773795849,3.000000029998935,3.815597465438184,12.729913137237787,8.914315671799605,0.0232537589138843,28.163520563250405,30.70660061206226,0.3448405882086048,18.09820524062636,-0.8357411098113099,0.0052315473678144,11.786229366775869,1000000.0,802685.6127011108,31.29280031291689,0.2325174595237084,17.74074546872195,-1.8258811024830373,0.005148177357376,12.34079500662137,1000000.0,818009.160624578,0.0998,1.5225040133779264,False
sc20612,ok,,0.2,28.16352056325116,0.6607802329075046,4.72964854267585,1.7678399999999967,0.3737783017170705,0.3737783017170705,5.979452710274205,0.7487721992891114,0.0778119456293288,3.000000029998948,3.9192935393853134,12.898746279658468,8.979452740273153,0.0235904060563869,28.16352056325116,30.68429636327395,0.3697978977909271,18.16700980767409,-0.8121714797682533,0.0057222759123316,11.593632365275091,1000000.0,758991.7400600767,31.292800312917585,0.2475199944844949,17.3793289856121,-1.8885218420244416,0.0054438774910264,12.344780761215466,1000000.0,774043.3959985273,0.12,1.6541,False
sc20614,ok,,0.2,28.16352056283912,0.6136505343642151,5.092895859428843,1.767839999999946,0.3471188197824655,0.3471188197824655,5.863479475655326,0.7472162452912646,0.0693820308474065,3.000000029965056,3.5674390431460266,12.430918548766408,8.863479505620381,0.0222098067816643,28.16352056283912,30.436256630590968,0.3900371257406222,16.67471309501939,-0.8239013101157964,0.0061956908968188,11.635722471006558,1000000.0,699159.3858915345,31.2928003128133,0.2630877267749591,15.852589256108192,-1.905606062121837,0.0058954989296826,12.291331423761614,1000000.0,718835.2797480063,0.1399,1.7318,False
sc20706,failed,Restoration_Failed,0.26,,,,,,,,,,,,,,,,,,,,,,,,,,,,,,,,,,
sc20710,ok,,0.2,28.1635205632504,0.6439742141809686,4.853079775822058,1.7678399913432663,0.3642717764811138,0.3642717764811138,5.670942672615278,0.6321869172581132,0.0729533023236587,3.000000029998935,3.1273293688566386,11.798272071470851,8.670942702614212,0.0209075092500803,28.1635205632504,30.709558928865192,0.3465046694196633,15.60706860260374,-1.7345296428482355,0.0052311683038593,12.391829617861774,1000000.0,740296.842430625,31.292800312916885,0.2452535475601711,15.758267670740295,-2.517177966158654,0.005548945257197,12.346083861108912,1000000.0,754356.6912219567,0.0998,1.5520852842809365,False
sc20712,ok,,0.2,28.1635205632504,0.6435746157597197,4.8560931185914935,1.7678399992337936,0.3640457371926497,0.3640457371926497,5.971309861999398,0.7175452817880656,0.0744483209060318,3.000000029998935,4.003871478316438,12.975181370314772,8.971309891998333,0.0238442191318819,28.1635205632504,30.63990707598728,0.3830416163825251,18.12621086510693,-1.5398902292001473,0.0056077924022891,11.75426601810294,1000000.0,738159.4572822497,31.292800312916885,0.2539068472159994,17.4542266965305,-2.6684308813324344,0.005552036355499,12.388839725861516,1000000.0,753888.5949796974,0.1199,1.7129066889632107,False
sc20714,ok,,0.2,28.1635205632504,0.6351158744385823,4.920768616851012,1.767839999264997,0.3592609482207893,0.3592609482207893,6.05401491699103,0.7873055623194312,0.0721023538182713,3.000000029998935,4.144016442484329,13.198031389474297,9.054014946989966,0.0243517551736701,28.1635205632504,30.678232253130425,0.3938236956896963,18.4218495116755,-1.7200008079161897,0.0061119212749416,11.408933544915,1000000.0,729368.725365445,31.292800312916885,0.2596603855397545,17.4334199191509,-2.8820799802688524,0.006104113968077,11.856483079758451,1000000.0,743979.9558535063,0.1396,1.7695,False
sc21006,failed,Infeasible_Problem_Detected,0.3,,,,,,,,,,,,,,,,,,,,,,,,,,,,,,,,,,
sc21010,ok,,0.2,28.1635205632504,0.650265349792574,4.806127619508025,1.7678399977506836,0.3678304318376895,0.3678304318376895,5.839356502180523,0.6331586425464129,0.0758666697304826,3.000000029998935,3.898627915116168,12.737984447295624,8.839356532179458,0.0233680580444933,28.1635205632504,30.486137834025712,0.3759339965153789,18.03533306512455,-4.1816421167871525,0.0055817559214336,11.761309850818064,1000000.0,742090.4800842435,31.292800312916885,0.2475982087115071,17.998224429887554,-5.262456932493941,0.0059440366037353,11.84069144210446,1000000.0,761726.1764615714,0.1,1.652995652173913,False
sc2110,ok,,0.2,28.163520563250472,0.6465315937050784,4.833883287419547,1.767839999999916,0.3657183872438168,0.3657183872438168,5.751256839391946,0.6547428246850293,0.0750308099689327,3.000000029998936,3.7367163966063246,12.487973265997203,8.75125686939088,0.0228901061579913,28.163520563250472,30.5803216843632,0.3684040762690145,18.2582109380284,2.0899195120543044,0.0072120704109953,10.745453474620303,1000000.0,740108.9224937084,31.29280031291696,0.2465461015250923,17.211482901600228,0.9957446143818058,0.0063923081634207,11.372342220563066,1000000.0,757352.4229225594,0.0992236158671852,1.6558,False
sd2030,ok,,0.19,28.163520563250728,0.7076890025255334,4.416146435010859,1.7678399999998655,0.4003128125427568,0.4003128125427568,5.634005279243223,0.6722682238780915,0.0841786649235336,3.0000000299989407,3.0020429289170387,11.6360482381592,8.634005309242163,0.0203409275441421,28.163520563250728,30.50100593254392,0.3152398111345081,15.416756203614872,0.1139741880221633,0.0042320906265157,12.9293440157312,1000000.0,808016.9062431321,31.29280031291719,0.2222221397012758,16.199747044896274,-0.8234918235800178,0.0047820157071961,12.71738127602095,1000000.0,828992.7142877864,0.0855827039978965,1.331703344481605,False
sd2083,ok,,0.19,28.16352056310279,0.7748203618993106,4.033526245916137,1.7678399999974854,0.438286474964031,0.438286474964031,5.81614736830041,0.7748236572208897,0.0924157026770031,3.000000029989729,3.136854607548031,11.953002005838169,8.816147398290138,0.0209518771947681,28.16352056310279,30.726961267664983,0.2914359070944582,16.684718433842406,-0.0687316623213314,0.0047957268110862,11.901951604104692,1000000.0,891219.0814877376,31.292800312848904,0.2072503523881025,18.072938591460705,-0.9195150635318352,0.0061619038175594,10.437469367334613,1000000.0,907630.9404322596,0.0896084043607532,1.2499073578595317,False
sd5060,ok,,0.2,28.16352056301315,0.6192064542972072,5.047199110364637,1.7678399999040937,0.3502615928651911,0.3502615928651911,5.454866915859308,0.5391114469219419,0.0690603479601685,3.000000029985728,2.6730347390564235,11.12790168490146,8.454866945845035,0.0194974866647051,28.16352056301315,30.931835803286347,0.3350215403446017,14.844613638925724,0.817769370781724,0.0051377017249891,12.882696248838398,1000000.0,716976.6447424807,31.292800312791044,0.2487074319710468,15.54773825369195,0.0319552688485622,0.0055047618316078,12.638576004788328,1000000.0,725343.5300622422,0.0945850616076798,1.489671237458194,False
sd6060,ok,,0.2,28.16352056325076,0.7630996284806538,4.095478688441304,1.7678399999999983,0.4316565008601765,0.4316565008601765,5.90847915579508,0.8274085810825038,0.0865658753643575,3.000000029998942,3.17183732063956,12.08031650643358,8.908479185794022,0.0209702846231434,28.16352056325076,30.579639560457,0.301952524256697,17.25666499066509,1.2674933040160152,0.0050152971757098,11.713553813557295,1000000.0,873529.23103913,31.2928003129172,0.2126374658389799,17.485412017169775,0.4305821849021709,0.0049064497034113,12.066449343434256,1000000.0,893901.1769697622,0.103649414852299,1.2838,False
sd6080,ok,,0.19,28.163520563239302,0.6783000248078036,4.607486586020689,1.767839999999846,0.3836885831341426,0.3836885831341426,5.593420846904523,0.6161843920535978,0.0786930441229347,3.000000029998197,2.9873456705364023,11.580766547439122,8.59342087690272,0.0202477780100184,28.163520563239302,30.43585775812056,0.3287385992736376,15.840718374156625,-0.5722689000146072,0.0060039705219627,11.494745817498696,1000000.0,772807.3019446484,31.29280031291225,0.2307606268108467,16.698287990435357,-1.4679665546338705,0.0070462368018391,10.363045116759476,1000000.0,794566.224231418,0.0918455603046613,1.415696321070234,False
sd7003,ok,,0.2,28.1635205632504,0.710624558260346,4.397903547250557,1.7678399999820504,0.4019733450241884,0.4019733450241884,5.700723434522504,0.6110300830570299,0.084280054880007,3.000000029998935,3.5382546777111026,12.238978142232542,8.700723464521438,0.0222399868910708,28.1635205632504,30.613656238201536,0.3277788012660618,17.227009485149598,1.3183170162291569,0.0053470753707103,11.717037943142923,1000000.0,814365.2836668972,31.292800312916885,0.2230142498685957,16.95388573665982,0.3467987514211846,0.0051678624888176,12.16322829769215,1000000.0,832431.4484122274,0.0850152477637511,1.4550173913043478,False
sd7032,ok,,0.19,28.1635205632504,0.6124844822346218,5.10259173674147,1.7678399978314665,0.3464592287684012,0.3464592287684012,5.619406060936753,0.5599261173734246,0.0682696912663444,3.000000029998935,3.227657802636813,11.8470638935725,8.619406090935687,0.0212032647017511,28.1635205632504,30.642239417157416,0.3674353661937541,16.14210563636053,-0.7878872032834079,0.0059095553097205,12.033282538126093,1000000.0,702553.5461719979,31.292800312916885,0.256330162035587,16.686468780089367,-1.801040280950266,0.0067180030163859,11.369968178130751,1000000.0,717469.3575816801,0.0995522994875051,1.6155,False
sd7034,ok,,0.19,28.163520563251904,0.5735112419761201,5.449340896667177,1.7678399999996766,0.3244135453300214,0.3244135453300214,5.277628708353389,0.5210214977760715,0.058281060312648,3.000000029998924,2.767744078163777,11.04537281651609,8.277628738352313,0.019871382987501,28.163520563251904,31.00734767938219,0.3572856091346078,14.522231499517206,-0.4716939349985918,0.0064202341527795,12.148211885833716,1000000.0,665687.4854046052,31.29280031291867,0.2628944809030115,14.877429150817566,-1.311454798116222,0.0070369317375892,11.407781929500787,1000000.0,671815.7827290285,0.1050844998652296,1.6223,False
sd7037,ok,,0.2,28.1635205632504,0.6566231920872944,4.759591652651938,1.7678399995464398,0.3714268215764768,0.3714268215764768,5.563811229814723,0.5949434360871575,0.0760873352733453,3.000000029998935,3.071398846722405,11.635210106536062,8.563811259813658,0.0206586746945364,28.1635205632504,30.62359697098877,0.337017093567089,15.701483216574154,-0.300716706481626,0.0050896081462215,12.454810660179696,1000000.0,752724.8552824686,31.292800312916885,0.2375572719675898,16.473972500736377,-1.2480809616516615,0.0058386970704183,11.839766626253564,1000000.0,769173.8044109654,0.091988559601302,1.4582742474916388,False
sd7043,ok,,0.19,28.16352056324773,0.5718391665439156,5.465274938207744,1.7678399999994532,0.3234677157118815,0.3234677157118815,5.416337460685911,0.4795958047500019,0.0601002586556941,3.000000029998713,3.004443802305342,11.420781292989966,8.416337490684624,0.0206283151965654,28.16352056324773,30.91957256228479,0.3726158048060868,14.97048456201966,-0.6791413612440055,0.0055736799036273,12.79703147971952,1000000.0,661867.7458480595,31.29280031291623,0.2680814134277716,15.573165105858283,-1.6105812812996425,0.0064420217633679,12.083537900088208,1000000.0,669857.0998244367,0.0913040613615346,1.7114,False
sd7062,ok,,0.2,28.163520563250405,0.6434476735731884,4.857051154198746,1.7678399999986292,0.363973930657575,0.363973930657575,6.019247713514711,0.7516008367829442,0.0743799234212583,3.000000029998935,3.959443944838462,12.978691688352107,9.019247743513644,0.0237236681512823,28.163520563250405,30.6796080453439,0.3822296607096492,18.778893048774755,-0.686835372851112,0.0070273675018937,10.818260272073326,1000000.0,738970.1231750103,31.29280031291689,0.2553139482546914,18.457792403594457,-1.8186258975589904,0.0076342937281984,10.310791805886502,1000000.0,753739.8935328538,0.1397735328659243,1.7088,False
sd7080,ok,,0.19,28.16352056325057,0.6661202365980865,4.691732954335593,1.7678399999991696,0.3767989391564844,0.3767989391564844,5.544955452740979,0.6073480064850799,0.0774015197517565,3.000000029998938,2.960530791410201,11.505486274150115,8.544955482739917,0.0202818200708021,28.16352056325057,30.62418199090288,0.3284956893218815,15.3754744987216,0.2246793741439365,0.0047414669132504,12.75610384380025,1000000.0,763626.450050117,31.29280031291705,0.2336547623054375,16.091532609273344,-0.7106623904002978,0.0052492117296382,12.475265245660395,1000000.0,780298.7202132782,0.0915117159706127,1.4056270903010033,False
sd7084,ok,,0.2,28.163520563250422,0.7673293783715314,4.072903180417812,1.767839999999274,0.4340491098582714,0.4340491098582714,5.970519879072604,0.789064410610359,0.0940623106221615,3.000000029998936,3.127835958846596,12.098355867918135,8.97051990907154,0.0208825546867225,28.163520563250422,30.670369200907924,0.2989598306564655,15.737885163470995,0.4650688965804297,0.0047600515303588,11.938091305171817,1000000.0,880977.1987743118,31.292800312916903,0.212938038186593,15.307501893836418,-0.2521064461760242,0.0047763979995176,12.218433871088756,1000000.0,898855.9407580054,0.0962076147273202,1.2869096989966555,False
sd7090,ok,,0.2,28.16352056323713,0.6885878461958989,4.538648602157988,1.7678399999999987,0.3895080132794253,0.3895080132794253,5.758183404989256,0.6813003899423592,0.0846884218967266,3.0000000299982066,3.545117481218916,12.303300916206378,8.758183434987462,0.0223272791571974,28.16352056323713,30.701589707196728,0.3381013337763447,17.18207506974221,1.0862799872613855,0.005237792460392,11.950690398001209,1000000.0,791378.1491211867,31.292800312909744,0.2316712512588332,16.9684795115787,0.0455443290087348,0.0051431424443691,12.42133125285442,1000000.0,806617.4627642945,0.0998536987088642,1.4896,False
sd8000,ok,,0.2,28.1635205632504,0.7241362832828893,4.3158426632941405,1.7678399999523555,0.4096164151181131,0.4096164151181131,5.795614921529415,0.6708481668537436,0.0879409273759213,3.000000029998935,3.5724562447485413,12.36807119627689,8.79561495152835,0.0223134245243969,28.1635205632504,30.55491163800685,0.3263066477362098,16.812762374305183,0.9881873861415866,0.0047032872327189,12.1494561121832,1000000.0,828257.121925159,31.292800312916885,0.2212398526422036,16.52998567089447,-0.0231116946842229,0.0046863248759811,12.718627834797134,1000000.0,848259.1941753678,0.0885928941894189,1.4333,False
sd8020,ok,,0.2,28.163520563250405,0.8100286896622665,3.858206882650051,1.7678399999997054,0.4582024898533812,0.4582024898533812,5.964744785414034,0.8898320948829024,0.0942872849317315,3.000000029998935,3.0766648391898714,12.04140965460284,8.964744815412969,0.0206226285879906,28.163520563250405,30.54367178170424,0.2842109197104161,18.078122688106216,2.681646725790572,0.0060115214605288,10.592114479473969,1000000.0,926158.8551149056,31.29280031291689,0.2015835044660084,17.837587122594357,1.9785679755201129,0.0054197948553409,11.02170190248258,1000000.0,948874.2649634826,0.1009853306227263,1.1912127090301003,False
sd8040,ok,,0.2,28.1635205632504,0.6688505055970997,4.672581148832264,1.7678399995021994,0.378343348824237,0.378343348824237,5.7950378305271615,0.647645169988489,0.0782211295553297,3.000000029998935,3.67190446270271,12.466942323228809,8.795037860526097,0.0227171478714466,28.1635205632504,30.64407337764974,0.3540333880702918,17.33791835109409,0.4104516045261072,0.0051160470570716,12.121714324223928,1000000.0,767254.4069429985,31.292800312916885,0.2395113584240903,17.418671414450312,-0.686677884007047,0.0054548386904154,12.223746144663057,1000000.0,783496.9799799555,0.0999427705571198,1.5697,False
sg6040,ok,,0.19,28.163520563250486,0.7342858593976618,4.256187458333463,1.767839999999982,0.4153576451475638,0.4153576451475638,6.372522603515353,1.0702571823456697,0.0869602214049429,3.000000029998936,3.6181055577779446,12.990628191292236,9.37252263351429,0.0225623593573971,28.163520563250486,30.68268275918904,0.3351850550797183,19.01357848733413,-0.5624202455224013,0.0064312755930302,10.629204511370498,1000000.0,843378.1257141496,31.29280031291697,0.2324924174830783,18.378608121279555,-1.48086015187009,0.0062731684355217,10.798730276890716,1000000.0,860148.4910360757,0.1599421894597154,1.4341,False
sg6041,ok,,0.2,28.1635205632504,0.6929656255255786,4.509975891849693,1.7678399998305565,0.3919843569508541,0.3919843569508541,5.841959665349608,0.719698511111448,0.081614191321012,3.000000029998935,3.514523383150052,12.356483078498597,8.841959695348542,0.0221818510500939,28.1635205632504,30.644860228439164,0.3386680404346314,17.137874696391815,0.5150308307771089,0.0047263435902283,12.341281491783992,1000000.0,794937.8486197822,31.292800312916885,0.2324097262653738,17.152914441521812,-0.4857515622035004,0.0047191598523932,12.976499735533205,1000000.0,811745.6295314811,0.0999329249427983,1.4821,False
sg6042,ok,,0.19,28.1635205615107,0.6130282353684454,5.0980657740636826,1.7678399999056835,0.3467668088747574,0.3467668088747574,5.656909537233503,0.5940674402060633,0.0691658237866746,3.000000029898813,3.230500395242522,11.887409962374836,8.656909567132317,0.0214499187440381,28.1635205615107,30.98455268815169,0.3602654534308318,16.45183174415619,-1.684199044233206,0.0063507305175005,11.731226656090604,1000000.0,711032.6556867283,31.29280031202825,0.2572171151229703,16.86743998449229,-2.6359360672805736,0.0071912954902759,10.916439616420218,1000000.0,718106.3136097579,0.0999860907540641,1.6479,False
sg6043,ok,,0.2,28.1635205632504,0.6040278545270125,5.174030042105389,1.7678399999975185,0.3416756349714116,0.3416756349714116,5.744179150473744,0.5756805571381506,0.0693827360345792,3.000000029998935,3.801605187157784,12.54578436763046,8.744179180472678,0.0232294218954596,28.1635205632504,30.737567145441066,0.392110244725189,18.73016548368595,-3.4963380776299395,0.0083849570644868,10.37615732771794,1000000.0,695008.786440009,31.292800312916885,0.2636814281336081,19.3959532430727,-4.650515587369675,0.0101501512067545,8.846694390463309,1000000.0,707563.1934980785,0.1001385754854271,1.795,False
sg6050,ok,,0.2,28.1635205632504,0.6966996864530511,4.485804036229281,1.76783999998042,0.3940965734799346,0.3940965734799346,6.323813114298949,1.0101724256331337,0.081853520531248,3.000000029998935,3.753352786315605,13.07716593061349,9.323813144297883,0.0229935745079824,28.1635205632504,30.642878611630863,0.356545710216013,19.539675703691543,-0.3008735481290836,0.0075630059786219,10.137199449045744,1000000.0,799169.7083187943,31.292800312916885,0.2437616644059442,18.85141364574014,-1.2437366425238447,0.0075857950789423,9.932694622309198,1000000.0,816119.7391246357,0.16006737886538,1.5342,False
sg6051,ok,,0.19,28.16352056325052,0.636154141352292,4.912737436475528,1.7678399999972705,0.359848256263731,0.359848256263731,5.721915044259881,0.7244801841087742,0.0714876582607068,3.0000000299989367,2.991782296936626,11.713697371195444,8.721915074258817,0.0204011473387558,28.16352056325052,30.643690980461287,0.349748459650363,15.941569481509806,-0.1610408650777316,0.0057682621997458,11.998555429894385,1000000.0,729738.519277587,31.292800312917,0.2497278367499418,16.74558063857178,-1.0426983845969755,0.0066829076556981,11.175890795442292,1000000.0,745196.1899419177,0.1200298437749083,1.5254,False
sm701,ok,,0.2,28.163520563250405,0.6544425727361759,4.775450735933599,1.7678399999997876,0.3701933278669193,0.3701933278669193,6.221236289315618,0.9004837606929642,0.0759173036952272,3.000000029998935,3.950743890118799,13.171980209433352,9.221236319314553,0.0236862715595867,28.163520563250405,30.6695868077197,0.3816541543235442,18.78342418109512,-1.5526069429278708,0.0063973999449378,11.104146654730622,1000000.0,751351.7573061427,31.29280031291689,0.2566463364298418,17.972303759936196,-2.6356248672764018,0.0063466130545619,11.432055174039396,1000000.0,766619.4087825873,0.1598852176267367,1.677,False
sokolov,ok,,0.19,28.163520563250504,0.6355908057442141,4.917091684385344,1.7678399999990542,0.3595295986879775,0.3595295986879775,5.428915460579088,0.4592164353417659,0.0736427616548744,3.000000029998936,3.310573061466777,11.7394885520448,8.428915490578024,0.0215715428835101,28.163520563250504,30.764858141671464,0.3480711711968571,19.57356872336021,-2.9945726599727003,0.0111527832626797,8.759971009730766,1000000.0,731975.1903492621,31.292800312916988,0.2415525094456421,20.75576242932827,-3.889146018306556,0.0129706193185865,7.035185116552353,1000000.0,744536.2939796216,0.071,1.5938591973244147,False
sp4621hp,ok,,0.2,28.1635205632504,0.6529799952532329,4.786147030680075,1.7678399999362924,0.3693660033016361,0.3693660033016361,6.4760752526004985,1.028071980994962,0.0760987473765392,3.000000029998935,4.074778917026775,13.550854199626208,9.476075282599432,0.0241330322602026,28.1635205632504,30.700222857582684,0.3927263649731801,20.65674310111802,-2.8959605959708146,0.0090134853705843,9.620563355785352,1000000.0,750421.4557193336,31.292800312916885,0.264329774960616,19.134305227569207,-3.94701807082754,0.0086308902496748,9.581311757789145,1000000.0,764906.1335251338,0.2106235996993739,1.7067,False
sp4721bs,ok,,0.2,28.1635205632504,0.6729393734737765,4.644189915408501,1.767839996144512,0.3806562669367093,0.3806562669367093,6.53873383428535,1.1106476607801783,0.0788582220360291,3.000000029998935,3.890634446775077,13.42936831105936,9.538733864284286,0.0233922283467953,28.1635205632504,30.553072555333355,0.3813082307844304,20.07624313559149,-3.1527539757087766,0.0080054146734669,9.993388616227566,1000000.0,769652.4745125817,31.292800312916885,0.2581857400902516,19.11377337971262,-4.172057649526693,0.0079608665863813,9.901779506306196,1000000.0,788286.714917003,0.214074681616539,1.6293210702341137,False
sp4721la,ok,,0.2,28.1635205632504,0.6878309066997771,4.543643263216172,1.7678399999599266,0.3890798413404883,0.3890798413404883,6.5865633280587454,1.1477582840694538,0.0808863257115503,3.000000029998935,3.8970710668952258,13.483634424952909,9.58656335805768,0.0234179983007976,28.1635205632504,30.558186474558447,0.3744350085186431,20.07964502630673,-3.214563470970175,0.0078963927011116,9.95324374297971,1000000.0,786815.8523707401,31.292800312916885,0.2538625983485008,19.348080995739547,-4.182004707849865,0.008254993896963,9.564205679892256,1000000.0,805730.77763545,0.2137629119350634,1.594496989966555,False
spicasm,ok,,0.2,28.1635205632504,0.6388274558005417,4.892178996664231,1.7678399989138884,0.3613604490185873,0.3613604490185873,5.607077899510226,0.6838024705643412,0.0737458371812909,3.000000029998935,3.0438888714163257,11.650966800925486,8.60707792950916,0.020846873463496,28.1635205632504,31.043234617951,0.3375598419868496,17.946177723252973,-1.231760481852731,0.0092680911165518,9.6413674262832,1000000.0,742359.6850328982,31.292800312916885,0.2454085119471327,18.441112990479283,-2.112466646632203,0.0102884469460022,8.380059985967778,1000000.0,748327.7329180489,0.1172,1.490318060200669,False
ssca07,ok,,0.2,28.1635205632504,0.724173996870537,4.315617902355471,1.7678399999193375,0.4096377482710988,0.4096377482710988,5.480544805573901,0.605029108744124,0.0853933004387753,3.000000029998935,2.7999382559297765,11.280483091502612,8.480544835572836,0.0199149993576051,28.1635205632504,30.902914028118182,0.2909324893384886,15.003928982416609,2.158008094734151,0.0051451601821469,12.040114676441322,1000000.0,837734.1087614112,31.292800312916885,0.213303650670561,14.452979923090172,1.5390928497373872,0.0044889356164917,12.978356631762573,1000000.0,848303.3721977638,0.0699802088822693,1.2660565217391304,False
ssca09,ok,,0.2,28.163520563250405,0.6977881189760557,4.478806933809613,1.767839999999979,0.3947122584487646,0.3947122584487646,5.750880178606694,0.6804017730492125,0.0830499859400016,3.000000029998935,3.438146135031184,12.189026343636812,8.75088020860563,0.0218347875043629,28.163520563250405,30.523241085556645,0.3344186344015914,17.996000828201062,2.394695244843501,0.0062886833149749,11.058806036610973,1000000.0,797293.1919830709,31.29280031291689,0.2284260492763193,17.170807407170024,1.4174473425980758,0.0051053467506798,12.379849776690309,1000000.0,817394.7379192398,0.0899745783675219,1.4595,False
stcyr171,failed,airfoil 'stcyr171' not found in the aerosandbox UIUC database,0.0,,,,,,,,,,,,,,,,,,,,,,,,,,,,,,,,,,
stcyr172,ok,,0.2,28.163520563250408,0.7894048297433334,3.9590057570535016,1.767839999999914,0.4465363549548442,0.4465363549548442,6.30652841961934,1.058036300717263,0.0911044552343228,3.000000029998935,3.4504701848294603,12.756998634447736,9.306528449618275,0.0218203226010203,28.163520563250408,30.44474230076065,0.3109785563447292,19.2868636427273,3.2837619478156643,0.0070529649822971,9.908609512354127,1000000.0,899654.8378347706,31.292800312916896,0.2147362627572522,18.818752509045645,2.2835644706256564,0.0069336879816968,9.71387255032289,1000000.0,924715.305940025,0.1356,1.297,False
stcyr234,failed,Maximum_Iterations_Exceeded,1.31,,,,,,,,,,,,,,,,,,,,,,,,,,,,,,,,,,
stcyr24,failed,Restoration_Failed,0.58,,,,,,,,,,,,,,,,,,,,,,,,,,,,,,,,,,
ste87151,ok,,0.2,28.16352056081816,0.6789874918238588,4.60282155891395,1.767839999999934,0.3840774571363268,0.3840774571363268,6.154439804685126,0.9195322426436714,0.0800656305589095,3.0000000298603977,3.5191814396069607,12.673621274152485,9.154439834545524,0.0221999232887436,28.16352056081816,30.647913474176924,0.3544405838254894,20.07512851760131,-0.934869026357436,0.0095346091840031,9.236097924122806,1000000.0,778980.3900268705,31.29280031165946,0.2455768708077046,19.144532871068897,-1.8735022884191053,0.0089950227333259,9.009318552296657,1000000.0,795371.5287126611,0.1392836816791778,1.5459,False
ste87391,ok,,0.19,28.1635205632517,0.6780883797152852,4.608924675736479,1.7678399999999843,0.3835688635370232,0.3835688635370232,6.162936614095439,0.9419297664117852,0.0795568147163581,3.000000029998945,3.607489597234507,12.770426241328892,9.162936644094383,0.0223902370590582,28.1635205632517,30.497533087448456,0.3611569582312512,20.128641246800026,-2.92897109004266,0.009598016962468,9.2097899085984,1000000.0,774131.6992280702,31.292800312918217,0.2461307312595133,20.081489945751848,-3.932754451452429,0.0102765270635679,8.245411873452044,1000000.0,794318.3014305503,0.145566646795915,1.5452090301003345,False
stf86361,ok,,0.2,28.16352055999328,0.7946682533375461,3.932783588417736,1.767839999819692,0.44951367398554,0.44951367398554,6.383866149014263,1.1733487712243789,0.0884170220682232,3.0000000298254257,3.420900993949605,12.804767172789294,9.383866178839687,0.0218506906488203,28.16352055999328,30.62751086042496,0.30638587211441,21.03115956420356,-3.8304305069090914,0.0102638710334997,8.189567050485477,1000000.0,911090.2608630568,31.29280031110773,0.2150866238494417,21.21234146616225,-4.671395325595726,0.0115237190783961,6.856831311494009,1000000.0,930880.9236411809,0.1465999842245729,1.2805,False
supermarine371i,ok,,0.2,28.1635205632504,0.8265648507383896,3.781020039352616,1.76783999967937,0.4675563687258474,0.4675563687258474,6.383589219515473,1.1472595671701358,0.0946902034018144,3.000000029998935,3.4465908365618447,12.830180086076252,9.383589249514408,0.0219397224021953,28.1635205632504,30.62975543306048,0.2951039880450587,18.72988816312052,1.7098714254069955,0.0057611597235575,10.609723572353294,1000000.0,947729.2849740292,31.292800312916885,0.2067804690289157,18.403388911727248,0.9256878177813712,0.0057948685624601,10.555971039293189,1000000.0,968244.8601396652,0.13,1.2374,False
supermarine371ii,failed,Infeasible_Problem_Detected,0.27,,,,,,,,,,,,,,,,,,,,,,,,,,,,,,,,,,
t16,failed,airfoil 't16' not found in the aerosandbox UIUC database,0.0,,,,,,,,,,,,,,,,,,,,,,,,,,,,,,,,,,
tempest1,failed,Infeasible_Problem_Detected,0.25,,,,,,,,,,,,,,,,,,,,,,,,,,,,,,,,,,
tempest2,failed,Infeasible_Problem_Detected,0.32,,,,,,,,,,,,,,,,,,,,,,,,,,,,,,,,,,
tempest3,failed,Infeasible_Problem_Detected,0.24,,,,,,,,,,,,,,,,,,,,,,,,,,,,,,,,,,
th25816,failed,Infeasible_Problem_Detected,0.63,,,,,,,,,,,,,,,,,,,,,,,,,,,,,,,,,,
trainer60,ok,,0.19,28.163520563250405,0.7138852251115722,4.377816147001544,1.7678399999997942,0.4038177805184039,0.4038177805184039,6.491596671146521,1.1063716149467588,0.0833710485410122,3.000000029998935,3.793916038197656,13.285512739343112,9.491596701145456,0.0231016117416602,28.163520563250405,30.603043014944355,0.354427179703046,20.32787066643391,3.039460032297889,0.0084861323757083,9.509878134786314,1000000.0,817818.3381248147,31.29280031291689,0.2421744618439636,19.223576950421457,2.107418403225363,0.0083089355595874,9.280803354194692,1000000.0,836251.0203538955,0.1830265113212955,1.5164,False
tsagi12,ok,,0.2,28.1635205632504,0.8523824885722977,3.6664975025878994,1.7678399999999967,0.4821604266066495,0.4821604266066495,6.287915644220709,1.1267500026669586,0.0816894339472971,3.000000029998935,3.290848203980918,12.578763878200562,9.287915674219644,0.0214242071643979,28.1635205632504,30.65053508016303,0.2801777495449723,19.1281609286568,1.4417011837562306,0.006228816858181,10.150601403652042,1000000.0,977994.511943186,31.292800312916885,0.1984728952685194,18.49535726425681,0.9167754882584072,0.0056754365389791,10.473262594527109,1000000.0,998487.853126378,0.119,1.1701344481605351,False
tsagi8,failed,Infeasible_Problem_Detected,0.29,,,,,,,,,,,,,,,,,,,,,,,,,,,,,,,,,,
tsagi_r3a,ok,,0.19,28.163520563250856,0.5744664516929635,5.440279856880712,1.7678399999997074,0.324953871217451,0.324953871217451,5.563410591185639,0.5614098269059042,0.0626302982666296,3.000000029998952,3.174348841819207,11.737759463003798,8.563410621184591,0.0210214433817511,28.163520563250856,30.64177200924003,0.3881495600271725,16.086947095695937,1.1950459723732496,0.0066363825547182,11.811548526522612,1000000.0,658934.7121543961,31.29280031291721,0.2715185827969057,16.851219746605548,0.1110145773580756,0.0078295877116331,10.755472509777158,1000000.0,672934.7232424796,0.1208880607427322,1.7135120401337791,False
ua2-180,ok,,0.19,28.10432360795816,0.5349486071008326,5.842165441904561,1.7678399999998486,0.3026001261997004,0.3026001261997004,5.4807670399452,0.6998346657385519,0.049239456531528,3.000000029998944,2.480766461875572,10.961533531819716,8.480767069944143,0.0186578731162527,28.10432360795816,30.63820695430549,0.3893488378778687,19.195143694744296,-2.151249296677464,0.0157228354826557,7.8182297545139665,1000000.0,613534.8614191901,31.227025918805364,0.2899800661359523,21.34902851730913,-3.1416344357471098,0.0188945853232841,6.044979616249758,1000000.0,625326.0528007292,0.1812292496589358,1.6243628762541806,False
ua2-180sm,ok,,0.2,28.163520562398944,0.6367215931508358,4.9083591623303935,1.76783999999873,0.360169242211565,0.360169242211565,6.261647543994764,0.91851309097648,0.0729850685170885,3.000000029950014,3.8814195342880073,13.143067108232785,9.261647573944778,0.0234253133486511,28.163520562398944,30.63725706153853,0.3922416470508352,23.05506688198304,-2.1206221888776824,0.0133298005882434,8.032505021435329,1000000.0,730236.0968364273,31.29280031248112,0.2649452471262934,19.21434921583422,-3.2822474879404053,0.0091765477125972,9.306380091540667,1000000.0,745860.9076318012,0.1816648525947258,1.712705016722408,False
ua79sf18,failed,Infeasible_Problem_Detected,0.27,,,,,,,,,,,,,,,,,,,,,,,,,,,,,,,,,,
ua79sff,failed,airfoil 'ua79sff' not found in the aerosandbox UIUC database,0.0,,,,,,,,,,,,,,,,,,,,,,,,,,,,,,,,,,
ua79sfm,failed,airfoil 'ua79sfm' not found in the aerosandbox UIUC database,0.0,,,,,,,,,,,,,,,,,,,,,,,,,,,,,,,,,,
uag8814320,ok,,0.21,28.1635205632504,0.7825644144566094,3.993611523721612,1.767839999442362,0.4426669917546029,0.4426669917546029,6.411380177139775,1.16280454766425,0.0906832747470344,3.000000029998935,3.502113075810985,12.913493282949696,9.41138020713871,0.022127264538341,28.1635205632504,30.627794011630584,0.3137606878224229,21.0644669834616,-3.652804110287253,0.0099215430070798,8.41633445871128,1000000.0,897221.4571641952,31.292800312916885,0.2190537455834127,20.79556148823664,-4.545595192476404,0.0106299161055977,7.360939958168501,1000000.0,916702.3875386416,0.1430453205326726,1.3171,False
ui1720,ok,,0.19,28.16352056307915,0.4676343183425804,6.683124276834606,1.767839999998954,0.2645229875683643,0.2645229875683643,5.188254614479557,0.3986571643765898,0.0410025401922397,3.000000029990219,2.7532670677001136,10.941521712169893,8.188254644469776,0.0194868223693856,28.16352056307915,30.48379266015269,0.4490965005842664,16.46625479878474,-0.5057578172679624,0.0112856606376128,10.225714506311164,1000000.0,533628.7411076808,31.29280031281752,0.3189351790407949,16.93331484925242,-1.6569136517386185,0.0113527513457824,9.528498378571012,1000000.0,547790.6841457704,0.1381059886681629,2.0763,False
ultimate,failed,Infeasible_Problem_Detected,0.25,,,,,,,,,,,,,,,,,,,,,,,,,,,,,,,,,,
us1000root,failed,Infeasible_Problem_Detected,0.36,,,,,,,,,,,,,,,,,,,,,,,,,,,,,,,,,,
usa22,ok,,0.19,28.1635205632504,0.6606528086014357,4.730560748418478,1.767839994089504,0.373706223872197,0.373706223872197,5.461459946195032,0.5704645453761154,0.0759655739910029,3.000000029998935,2.8428170023247725,11.30427697851874,8.461459976193968,0.0198604882825884,28.1635205632504,30.59216017794913,0.3261035548419325,17.14438465378344,-0.9184649103951138,0.0078763812462176,10.3020666997513,1000000.0,756566.7831510005,31.292800312916885,0.2332864303687603,17.65626697855882,-1.7607808169415904,0.0079980936404643,9.66632588117808,1000000.0,773894.1327064307,0.0910411715935342,1.397833779264214,False
usa25,ok,,0.19,28.1635205632504,0.7065840999207555,4.423052069690792,1.7678399999901302,0.3996878110715338,0.3996878110715338,5.650656616380275,0.6943408249407594,0.0837012359287522,3.000000029998935,2.998560299350856,11.649216945730066,8.650656646379211,0.020319733986563,28.1635205632504,30.48691616624797,0.3163823136933531,19.18848157713848,-1.1478099473582168,0.009850419719676,8.860029552938082,1000000.0,806382.687367415,31.292800312916885,0.2229988763196534,20.000702860576173,-2.0825018899745005,0.0105862633303121,7.656523813160205,1000000.0,827698.4222995406,0.0827511909527622,1.3394003344481604,False
usa26,ok,,0.19,28.16352056325119,0.7103953855230304,4.399322305984228,1.7678399999999244,0.401843710699532,0.401843710699532,5.732603289025295,0.7477506167480117,0.0839746419812823,3.000000029998944,2.985721798191939,11.718325117216178,8.73260331902424,0.0203761332600874,28.16352056325119,30.637106869400377,0.3134557393815301,18.836896951204608,-0.8289289311369911,0.0090389548396171,9.25303586006744,1000000.0,814726.2728805487,31.29280031291767,0.2239035921794058,18.985237843954483,-1.8730186964578108,0.0090190346156663,8.57907894296419,1000000.0,832162.9935756943,0.0982473660068739,1.336442474916388,False
usa27,ok,,0.19,28.1635205632504,0.7135642075797604,4.37978563327052,1.7678399997663523,0.4036361931362957,0.4036361931362957,5.971010389092642,0.8366072292431473,0.0824382698362918,3.000000029998935,3.511226041750408,12.482236460841984,8.971010419091577,0.0221361456592066,28.1635205632504,30.597203773533643,0.3332745786243145,21.57774041987792,-1.598750197589477,0.0109054802573871,8.384353697556085,1000000.0,817294.6100036147,31.292800312916885,0.2289948754611465,18.897386636041592,-2.6506946553367485,0.0078960278376144,9.438752957332127,1000000.0,835874.9778889586,0.1107,1.4318210702341136,False
usa27m2,ok,,0.2,28.163520563239143,0.6965303637246205,4.486894510797611,1.7678399999999612,0.3940007940337563,0.3940007940337563,6.071406826447189,0.9273406693653058,0.0812316082669515,3.000000029998024,3.275094887565103,12.346501744010316,9.071406856445211,0.0213620980708249,28.163520563239143,30.63840231313767,0.3368045558970993,20.00030149098245,-1.509691743329937,0.0102423773603883,8.778254611071619,1000000.0,798858.7677388604,31.29280031291388,0.2372204102712398,20.350234201202664,-2.584721924250833,0.0111777152156885,7.596667132148631,1000000.0,815921.393079733,0.13288,1.4344428093645485,False
usa28,ok,,0.19,28.16352056319044,0.7787386109660259,4.0132314252697805,1.7678399999999417,0.4405028797662977,0.4405028797662977,6.237640382477926,1.0189730070208782,0.0886932362592097,3.000000029995528,3.470061247679239,12.707701660152694,9.237640412473452,0.02188186229511,28.16352056319044,30.43816004270775,0.3141556158683215,19.366635957326416,-0.394487715763485,0.0072606198590586,9.8430208483999,1000000.0,887307.0712461266,31.2928003128858,0.2160661855263677,19.06171621894825,-1.3917814126398709,0.0072807674136891,9.480759622101568,1000000.0,912220.8095941962,0.1316146435149089,1.312514381270903,False
usa29,ok,,0.19,28.16352056309273,0.7754300520608002,4.0303548428307625,1.767839999999931,0.4386313535505647,0.4386313535505647,6.233617607170417,1.0281866037583105,0.0911140740395977,3.0000000299897853,3.352095530265093,12.585713167425297,9.233617637160204,0.021606968016007,28.16352056309273,30.613946263784,0.3088893169707832,19.96910797460374,-1.3433504263474445,0.0086734358682684,9.060344214089437,1000000.0,888639.8442993732,31.292800312837144,0.2168935906873045,19.78272267867483,-2.270820191530897,0.0089874979337659,8.268490814099332,1000000.0,908345.1364970744,0.1316897107222447,1.3014,False
usa31,failed,Infeasible_Problem_Detected,0.83,,,,,,,,,,,,,,,,,,,,,,,,,,,,,,,,,,
usa32,ok,,0.2,28.1635205632504,0.5449224610643459,5.735234806708592,1.767840000015144,0.3082419568850563,0.3082419568850563,5.593572838023489,0.6761386782311494,0.057132042091746,3.000000029998935,2.8223779212999327,11.415950789322356,8.593572868022424,0.0198089432025123,28.1635205632504,30.61987564425292,0.3985445286335586,18.515655129444976,-2.4487333867078824,0.012816659211286,8.812760445767521,1000000.0,624599.9859811789,31.292800312916885,0.287247670114611,20.81691439793536,-3.903673680677581,0.0163502318149665,6.699343617946791,1000000.0,638326.6497827279,0.1472090640498006,1.6900448160535118,False
usa33,ok,,0.2,28.1635205632504,0.795945955042679,3.926470441484798,1.767839999970152,0.4502364213142126,0.4502364213142126,6.497774811377064,1.196241487303194,0.0919918941213436,3.000000029998935,3.5845401407152964,13.082314982091294,9.497774841376,0.0223942773638715,28.1635205632504,30.60935024305301,0.3128953562675476,21.37897757952189,-0.6256400871999677,0.0098541281532797,8.378369634821993,1000000.0,912014.05017441,31.292800312916885,0.2173480509573003,20.79106162937821,-1.5659479790918442,0.0103131456856649,7.459615601154597,1000000.0,932377.6338950412,0.141934325184692,1.3119361204013378,False
usa34,ok,,0.2,28.1635205632504,0.6776621020486084,4.611823881141583,1.7678399999921874,0.3833277344395439,0.3833277344395439,6.449866692488492,1.0799150198424066,0.0775240854611076,3.000000029998935,3.8284694733462334,13.27833619583366,9.449866722487426,0.0232808469169274,28.1635205632504,30.68441942220036,0.3711940095460571,20.69128289486043,-2.491876633320627,0.009404366250965,9.293323669246218,1000000.0,778385.8764942624,31.292800312916885,0.2539977942271033,19.92305843914084,-4.140591861368325,0.0096895560347256,8.676472104141178,1000000.0,793818.9562715557,0.1801432247815464,1.5983384615384617,False
usa35,ok,,0.19,28.163520563250653,0.5859880403775075,5.3333140785367785,1.7678399999998695,0.3314711967019361,0.3314711967019361,6.128795671876239,0.8361274097974726,0.063590009886836,3.0000000299989376,3.580485496216959,12.709281198092135,9.128795701875177,0.0224495491978939,28.163520563250653,30.703804753633733,0.4103497401697492,19.86547892930713,-2.5477048014581656,0.0106174518661939,9.418605791863204,1000000.0,673511.1445297843,31.29280031291714,0.2837541328717839,19.455650053539824,-3.6533843672368818,0.0108821911586385,8.746170940910888,1000000.0,686431.2069272297,0.1817555646500216,1.825918060200669,False
usa35a,ok,,0.19,28.16352056325088,0.589292042135815,5.303411622992169,1.767839999999964,0.333340145112582,0.333340145112582,6.140785399866539,0.8433578381516038,0.0644878751969921,3.000000029998941,3.639884538504469,12.78066996836995,9.14078542986548,0.0226490450975836,28.16352056325088,30.69954059821816,0.4104550551067259,19.944416574387496,-2.5540656291998607,0.0105185042349649,9.43411147129982,1000000.0,677214.5667328201,31.29280031291735,0.2825337920249234,19.485005223866203,-3.6675050034115255,0.0107959118733795,8.763802683312823,1000000.0,690301.5417435592,0.1817331035554247,1.82512474916388,False
usa35b,ok,,0.19,28.163520563250405,0.606471402617379,5.153183236677745,1.767839999969544,0.3430578574010245,0.3430578574010245,5.661459362382716,0.628093531396064,0.0662001536915867,3.000000029998935,3.410087112491724,12.071546504873377,8.661459392381651,0.0220553215468734,28.163520563250405,30.96648914584556,0.3702328612584517,17.84560268608921,-2.245554127538855,0.0082907098763786,10.459514267533589,1000000.0,703017.4983525813,31.29280031291689,0.2601346515874919,17.727129519112587,-3.2098424833135715,0.0086810960385266,9.760795963513305,1000000.0,710425.5858267075,0.1161,1.6791414715719064,False
usa40,ok,,0.2,28.163520563250657,0.6408312429622302,4.876881862302135,1.7678399999997263,0.36249391515201,0.36249391515201,5.828864478827701,0.7199202796337488,0.0738056854784477,3.0000000299989384,3.2559944668125995,12.08485897563924,8.82886450882664,0.0213619494932497,28.163520563250657,30.731731867289007,0.3561477105487713,18.04365183971179,-1.7460559858171072,0.0081112773220397,10.287363024923971,1000000.0,737215.6577311484,31.292800312917134,0.250945051020266,18.0767451486706,-2.672987150738088,0.0083783428167205,9.692549609726845,1000000.0,750674.9852094088,0.1331983260637936,1.5691,False
usa40b,ok,,0.2,28.163520563250515,0.5362521967344523,5.827963567524614,1.7678399999924852,0.3033375173866028,0.3033375173866028,5.554071017351694,0.5444517961850627,0.0540569012520404,3.000000029998936,3.0429879616863964,11.597059009037023,8.554071047350629,0.0206603853372656,28.163520563250515,30.77012039263256,0.4074053329353962,16.765120226115094,-0.8156160518103609,0.0089679119945471,10.698347614714182,1000000.0,617677.9782666959,31.292800312917,0.2905502336925691,16.774827508939595,-1.908924515704736,0.0090837254448077,10.225723360011502,1000000.0,628170.2308910694,0.136291556,1.8584,False
usa41,failed,Infeasible_Problem_Detected,0.28,,,,,,,,,,,,,,,,,,,,,,,,,,,,,,,,,,
usa45,ok,,0.2,28.16352056325046,0.7555432795739367,4.13643844117359,1.7678399999999992,0.4273821610405563,0.4273821610405563,6.267922766426303,1.027035461414716,0.0880388982602864,3.000000029998936,3.441655062268042,12.70957785869328,9.26792279642524,0.02199917431446,28.16352056325046,30.73628842187233,0.3175961661226096,19.54751779631381,-0.0443861129852678,0.0078945337620678,9.613064427982422,1000000.0,869309.8648736436,31.292800312916945,0.2234295036451276,20.19883115633959,-1.1047230609579923,0.0092307249611119,8.275721394604624,1000000.0,885049.6077523024,0.1451994439884951,1.3548197324414717,False
usa45m,ok,,0.2,28.16352056142857,0.7412449694863259,4.216228634589651,1.7678399999982406,0.4192941496329213,0.4192941496329213,5.949196505598181,0.8397277741680316,0.0886109896488891,3.000000029898348,3.2402376739443417,12.18943420944087,8.94919653549653,0.0211607278300485,28.16352056142857,30.51911794211971,0.3149083318865822,19.760034842566647,0.2814247456394094,0.0092689827882669,8.952560806502449,1000000.0,846832.6123412029,31.292800311941843,0.2199073510395269,19.842498135763453,-0.6067775379670547,0.0095225820894929,8.097219433064863,1000000.0,868300.4497669558,0.1162999999999999,1.333956856187291,False
usa46,failed,Maximum_Iterations_Exceeded,1.39,,,,,,,,,,,,,,,,,,,,,,,,,,,,,,,,,,
usa48,ok,,0.2,28.16352056282372,0.7664744235100005,4.07744625226612,1.7678399999996286,0.4335654943378142,0.4335654943378142,6.398189386481608,1.1048193190075244,0.0879438354511978,3.000000029975548,3.642270895018868,13.040460311476023,9.398189416457155,0.0226641761168789,28.16352056282372,30.709013130487754,0.3217880054753473,19.67261067733537,-0.1942279600717427,0.0073394424703772,9.85800440339859,1000000.0,881104.3914066807,31.292800312686744,0.2233387014187537,19.116642592096834,-1.2706340301243706,0.0075438450710722,9.40733846030376,1000000.0,897854.4395992678,0.149,1.3686,False
usa49,ok,,0.2,28.16352056325043,0.7966884930145897,3.922810851421062,1.7678399999999788,0.4506564468586519,0.4506564468586519,5.623511898955724,0.697903137191111,0.0943467733164288,3.000000029998936,2.789371207922632,11.41288313687729,8.62351192895466,0.0197208463651981,28.16352056325043,30.657494569393503,0.2718565641002865,16.632530805340537,0.9986524387022953,0.0049908301316854,11.663520622329326,1000000.0,914300.6797850104,31.292800312916903,0.1971574009107927,16.951158707416145,0.4346434473564242,0.004522166942779,12.28127129511672,1000000.0,933247.4489627718,0.0725,1.1540421404682273,False
usa50,failed,too few converged polar points,0.01,,,,,,,,,,,,,,,,,,,,,,,,,,,,,,,,,,
usa51,ok,,0.2,28.163520563250405,0.7777670878558823,4.018244426121361,1.7678399999993049,0.4399533260115101,0.4399533260115101,5.791263551484722,0.7910918048568131,0.0908841519916379,3.000000029998935,2.938379805170207,11.729643386653864,8.791263581483657,0.020192740713147,28.163520563250405,30.60340892006068,0.2872115854064158,17.444429744776784,0.3316781063099921,0.0058159715266072,10.981877266213727,1000000.0,891011.2859288605,31.29280031291689,0.2058823895282567,18.13834327502235,-0.3976476597598121,0.0060027473165035,10.57584577672634,1000000.0,911082.7594389394,0.0933,1.2107832775919734,False
usa5,ok,,0.19,28.16352056200871,0.664296906144498,4.7046105980774655,1.7678399998069612,0.3757675503535589,0.3757675503535589,5.2701887502277485,0.5094819950637967,0.0752562570175617,3.0000000299249363,2.488822916909152,10.759011697061837,8.270188780152685,0.018918288073978,28.16352056200871,31.0202377294771,0.3002107394282052,15.853822350970823,-1.0437203017001078,0.0070799863237841,10.833701938641262,1000000.0,771385.0005287973,31.292800312309097,0.2267621957331312,16.46998327395153,-1.810255715579824,0.0072763058888724,10.176027737614415,1000000.0,778162.8560028771,0.0638,1.3067605351170568,False
usa98,failed,airfoil 'usa98' not found in the aerosandbox UIUC database,0.0,,,,,,,,,,,,,,,,,,,,,,,,,,,,,,,,,,
usnps4,ok,,0.2,28.1635205632504,0.5969867839821056,5.23505435833879,1.76783999993104,0.3376927685793923,0.3376927685793923,5.879524332334171,0.679440288483784,0.0785820778562461,3.000000029998935,3.827045053004921,12.706569415338029,8.879524362333106,0.0232374814345625,28.1635205632504,30.633653413497584,0.4045501116512782,18.86095748823737,-2.402444873657581,0.0083759676276544,10.408945891551909,1000000.0,684584.9535375256,31.292800312916885,0.2709208606154984,19.128733089188625,-3.6185718954694055,0.0096281453141031,9.286453533715754,1000000.0,699315.2256151794,0.119410169123783,1.7852578595317727,False
v13006,failed,Infeasible_Problem_Detected,0.3,,,,,,,,,,,,,,,,,,,,,,,,,,,,,,,,,,
v13009,ok,,0.2,28.1635205632504,0.6737810401980256,4.6383885176045325,1.7678399928257535,0.3811323665786288,0.3811323665786288,5.742955444512354,0.6282136574069523,0.0789468962817563,3.000000029998935,3.642575620081204,12.385531094592494,8.74295547451129,0.0226203441219537,28.1635205632504,30.6482165686931,0.3490533006295437,18.13453697625889,2.098235236761846,0.0062775245132446,11.210816771150146,1000000.0,773014.844301525,31.292800312916885,0.2363507258807495,17.440612967843695,1.298057517658038,0.005520840883563,12.083000747928162,1000000.0,789272.6517195731,0.0899954612779871,1.553,False
v23010,ok,,0.2,28.1635205632504,0.6798656847216545,4.596876023893958,1.7678399999901635,0.3845742175340739,0.3845742175340739,5.71742901931601,0.6747988492451958,0.0661097315787135,3.000000029998935,3.2541274841639463,11.971556533478893,8.717429049314944,0.0212868417805184,28.1635205632504,30.63282217876388,0.3347031483877193,17.595968030624412,2.1331743420240628,0.0071664343985891,10.601544646144228,1000000.0,779603.8396041654,31.292800312916885,0.2335515534711481,19.077348531243214,1.0484913360439247,0.0091311458535998,8.761773876195337,1000000.0,796400.2511276577,0.1017977165674483,1.4524,False
v43012,ok,,0.2,28.1635205632504,0.6784245699702718,4.606640741783361,1.7678399996187184,0.383759033688904,0.383759033688904,6.100250321244637,0.7795615795814128,0.0800152558826727,3.000000029998935,4.040158463516134,13.140408814759706,9.100250351243572,0.0240021735042241,28.1635205632504,30.683906013905904,0.3669377039406289,21.615183895432217,0.9891078519597228,0.0100731469233149,8.98895916968183,1000000.0,779248.6348817206,31.292800312916885,0.2443257453282043,20.94921195303894,-0.2414967632245347,0.0102029392191504,8.262027523178245,1000000.0,794712.1176298602,0.1204,1.6352,False
v43015,ok,,0.19,28.1635205632506,0.633548108529656,4.932945459895354,1.7678399999990542,0.3583741223922951,0.3583741223922951,5.960734693377922,0.8285705217673133,0.0719666741769122,3.0000000299989367,3.243809881671782,12.20454460504864,8.96073472337686,0.0211667354779767,28.1635205632506,30.510316937373943,0.3691091915167921,17.600773563140926,1.5083592326933015,0.0079433552850614,10.420057272364234,1000000.0,723586.0006844129,31.292800312917088,0.2576211307815281,18.69275316684071,-0.0769688379591004,0.0098687505715933,8.806243176008731,1000000.0,742143.4616728872,0.1503,1.5652,False
vr11x,ok,,0.2,28.1635205632504,0.6840984964917668,4.568433149350698,1.7678399952467303,0.386968559559198,0.386968559559198,5.919262730089313,0.790657305301498,0.0799312863197565,3.000000029998935,3.5865720839964177,12.505834844084664,8.919262760088248,0.0223935033741633,28.1635205632504,30.598849732355934,0.3482492325565951,19.18057078369072,0.948234587945826,0.0066353670223178,10.866220243600472,1000000.0,783587.6384817768,31.292800312916885,0.2374804053678502,18.74985564031305,0.4165062651780171,0.0057719279958595,11.712331071267965,1000000.0,801358.6037762603,0.10971,1.5189,False
vr12,ok,,0.2,28.16352056323428,0.6740559578315825,4.636496761565402,1.7678399999999992,0.3812878755043345,0.3812878755043345,5.900551104602904,0.7380064447276335,0.0789333640456103,3.000000029997812,3.668808585868596,12.569359720469311,8.900551134600715,0.0227097052642083,28.16352056323428,30.648255055872777,0.3540886574653117,18.74859716278097,1.476725351938287,0.0070083376114801,10.683093363832146,1000000.0,773331.2195201317,31.292800312910693,0.2405129184635573,17.876615555857896,0.7893095260448283,0.0062118117541565,11.318882591680168,1000000.0,789594.689291979,0.10565,1.5612,False
vr13,ok,,0.2,28.16352056273228,0.6656927582896527,4.694745776746603,1.7678399999974954,0.3765571309001922,0.3765571309001922,5.779466570897548,0.6679771860800359,0.0781205252735568,3.0000000299687635,3.437018445823036,12.216485046689346,8.77946660086631,0.0219773363955098,28.16352056273228,30.72789495687415,0.3466675043846961,16.48880367167019,1.5769743076724685,0.0064142310928198,11.2060723712553,1000000.0,765720.8631833112,31.29280031265591,0.2402214360149387,15.264991295303474,0.8294875746673318,0.0058045790401174,11.831384449927642,1000000.0,779797.9686034245,0.094508,1.5422,False
vr14,ok,,0.2,28.1635205632504,0.683302036112102,4.573758162801628,1.767839999922702,0.3865180311238455,0.3865180311238455,5.669593179541378,0.6159682356763359,0.0823220879720576,3.000000029998935,3.4843280008943265,12.15392121043464,8.669593209540313,0.0219673430403729,28.1635205632504,30.48983432383837,0.3412713971424666,17.988618499664657,1.634934713153536,0.0061119780784789,11.286904178488626,1000000.0,779886.8858541626,31.292800312916885,0.2311018731830766,17.51838243636681,0.8150258481346063,0.0051812515043242,12.409928274748747,1000000.0,800425.6214215003,0.0795859999999999,1.4938,False
vr15,ok,,0.2,28.1635205632504,0.7261208572172368,4.304046916946454,1.7678399918647516,0.410739015159008,0.410739015159008,5.720181495999349,0.6771516325412457,0.087000068853972,3.000000029998935,3.331374136286189,12.051555662284471,8.720181525998285,0.0216063521463233,28.1635205632504,30.71326448409956,0.313825736947997,17.940318928496467,1.7327034968693675,0.0063787646829791,10.842715905026353,1000000.0,834831.315367427,31.292800312916885,0.2187429533584685,17.167969236293438,1.0114440900173958,0.0053600170459581,11.770646511503774,1000000.0,850583.9442852875,0.079557,1.3722,False
vr1,ok,,0.19,28.16352056264838,0.7492076633077209,4.171417910716091,1.76783999999083,0.4237983433521173,0.4237983433521173,5.958089859898279,0.8625355310669931,0.0885492895754292,3.000000029966144,3.161958527165417,12.12004841702984,8.958089889864421,0.0209377197139387,28.16352056264838,30.581101070106648,0.308533428737377,16.905483010631475,1.3128939912984336,0.0049636983142241,11.835064095269674,1000000.0,857667.922135852,31.29280031259002,0.2177863545387331,17.070005572580044,0.4176388766996907,0.0049722687378425,12.107660009952191,1000000.0,877628.0147789208,0.1096616894749937,1.3128,False
vr5,ok,,0.19,28.163520563250408,0.6606378586924628,4.730667830273326,1.7678399999935202,0.3736977660279688,0.3736977660279688,5.755841466428517,0.7161995519074633,0.0773473586992047,3.000000029998935,3.1698663381261696,11.925707834553622,8.755841496427452,0.0210602425058396,28.163520563250408,30.72063011474184,0.341166819498494,16.60346964374118,0.335020788355566,0.0060277219556539,11.58090353834728,1000000.0,759726.7450764719,31.292800312916896,0.2414081309005539,17.481961549728457,-0.5488374856852496,0.0072244546086188,10.42217270180935,1000000.0,773876.6176756248,0.12,1.4775,False
vr7,ok,,0.19,28.1635205632504,0.6855697003452188,4.558629507126182,1.7678399998827294,0.3878007627334467,0.3878007627334467,5.820876158751604,0.7593102471300328,0.0812369839166845,3.000000029998935,3.1861041842793503,12.00698037302989,8.820876188750539,0.0210240656993322,28.1635205632504,30.587359142326605,0.3338908661006571,16.602229807792746,0.514548343996899,0.0056805705310175,11.650147099684164,1000000.0,784977.9104887911,31.292800312916885,0.2343568065277765,17.06387501040457,-0.4439303537211777,0.0062981667207622,11.097140816949723,1000000.0,803081.9819611282,0.1202999999999999,1.4231,False
vr7b,ok,,0.19,28.163520563250405,0.6453458325570686,4.842765084743557,1.767839999969492,0.3650476471672806,0.3650476471672806,5.730882517837566,0.687727768168777,0.0760697827124026,3.000000029998935,3.269266965163776,12.000149513000276,8.7308825478365,0.0215367521791336,28.163520563250405,30.917612818493808,0.3469673080941774,16.385672540714825,1.1936104614365792,0.0058686686857245,11.833210583271176,1000000.0,746899.7296949323,31.29280031291689,0.246424053058365,16.35230482881842,0.3048714104734593,0.0061723211536121,11.615901172402314,1000000.0,755963.412580627,0.1202999999999999,1.5537919732441472,False
vr8,ok,,0.2,28.163520563247527,0.8147273654425565,3.835955926068877,1.7678399999999597,0.4608603524315408,0.4608603524315408,5.69585691557694,0.7399214320633076,0.0957091044289468,3.00000002999873,2.913541613990279,11.60939855956595,8.69585694557567,0.0200444408096357,28.163520563247527,30.50624788786161,0.2731027952882475,16.991768884827476,1.390281852759127,0.0049943681412931,11.502778255280823,1000000.0,930389.792400493,31.29280031291583,0.1944095267540874,17.568991905969796,0.8107078670098854,0.0048579095740987,11.65156017376414,1000000.0,954378.3323923117,0.0815,1.1433384615384614,False
vr8b,ok,,0.19,28.1635205632504,0.77952303041589,4.009192985524595,1.7678399999995082,0.4409465960811537,0.4409465960811537,5.645886250530949,0.693246735720634,0.0917232062584326,3.000000029998935,2.885587401063795,11.531473681593678,8.645886280529883,0.0199246207029856,28.1635205632504,30.467916487053483,0.2842344185247635,16.819414738798862,1.951877933659032,0.0051987533374469,11.530145825637549,1000000.0,889069.1591986696,31.292800312916885,0.2020217033927959,17.57554959088595,1.1963321537417408,0.0052301774883217,11.438802832139377,1000000.0,913139.6849862988,0.0815,1.196910367892977,False
vr9,failed,Infeasible_Problem_Detected,0.27,,,,,,,,,,,,,,,,,,,,,,,,,,,,,,,,,,
w1011,ok,,0.2,28.16352056325043,0.7186412483121378,4.348843422138311,1.76783999999986,0.4065080823559794,0.4065080823559794,5.880487498940148,0.7519563532798791,0.0840795518077178,3.000000029998936,3.4089512157541133,12.289438744693197,8.880487528939083,0.0218540046909606,28.16352056325043,30.689271095482592,0.3238568436720875,18.112888624809923,2.963978245541511,0.0063820516823879,10.859025340366832,1000000.0,825586.443116102,31.29280031291691,0.2250827061302071,17.947810691014194,2.02821980889974,0.0062612848527345,10.840585403387022,1000000.0,841822.2650223313,0.1099839122711071,1.4108,False
w1015,ok,,0.2,28.163520563250465,0.7250521087158335,4.310391250547806,1.76783999999999,0.410134462799709,0.410134462799709,6.28189111907365,0.9938850079611335,0.0861046194005764,3.000000029998936,3.599654444458454,12.88154559353104,9.281891149072584,0.0225158369509568,28.163520563250465,30.705021504216337,0.3361137359878306,19.217796233057257,3.0373746808060385,0.0072819891059023,10.153486480515609,1000000.0,833378.8299838052,31.292800312916945,0.233176463574686,18.42661807177319,2.100048241143285,0.0070469761755701,10.130826061744996,1000000.0,849331.9995921354,0.1499475011049723,1.4501,False
waspsm,ok,,0.19,28.1635205632504,0.676701214106141,4.618372481754155,1.7678399999992729,0.3827841965938204,0.3827841965938204,5.719406973912216,0.6289392943669135,0.0797625068483051,3.000000029998935,3.551318779012923,12.270725782924076,8.71940700391115,0.0226080999001241,28.1635205632504,31.058311316070373,0.3352925745592057,16.91118697967875,0.0920090415930671,0.0058026448335604,11.632475084512052,1000000.0,786753.4077614162,31.292800312916885,0.2346969548438864,16.76436575186366,-0.8926810170317913,0.0063392278818023,11.1151870935715,1000000.0,792693.3642347126,0.0935310714285714,1.5110531772575253,False
wb13535sm,failed,Infeasible_Problem_Detected,0.24,,,,,,,,,,,,,,,,,,,,,,,,,,,,,,,,,,
wb140,ok,,0.2,28.163520563255336,0.7564104418918538,4.131696354935845,1.7678399999999956,0.4278726818557424,0.4278726818557424,6.290235553522159,1.0608454322111314,0.0887825647655426,3.000000029998973,3.475015598649273,12.765251182170406,9.290235583521133,0.0221141157530512,28.163520563255336,30.73769287859017,0.3185925627605738,21.159239306750766,-1.1449319210035591,0.0103137195882973,8.382985349372836,1000000.0,870347.3685408334,31.29280031292197,0.2237106563043786,20.65641097975445,-1.978681778944332,0.010628665726037,7.5006776558421855,1000000.0,886065.4088191475,0.13925,1.353941806020067,False
whitcomb,ok,,0.19,28.1635205632504,0.6700224579188152,4.664408226989429,1.7678399998258327,0.379006277708857,0.379006277708857,5.898503465251585,0.714250149833865,0.078510549973112,3.000000029998935,3.814221208455426,12.712724703705945,8.89850349525052,0.0231986921858536,28.1635205632504,30.64007204439428,0.3604757352110256,18.68720729027251,-0.5482137023530856,0.0073990242031374,10.447419525121065,1000000.0,768498.4219626153,31.292800312916885,0.2419051286174872,17.637888649569604,-1.5099734836721657,0.0069177405207807,10.652051553261254,1000000.0,784869.8144189784,0.1096,1.6174789297658865,False
ys900,failed,too few converged polar points,0.01,,,,,,,,,,,,,,,,,,,,,,,,,,,,,,,,,,
ys915,failed,Infeasible_Problem_Detected,0.25,,,,,,,,,,,,,,,,,,,,,,,,,,,,,,,,,,
ys920,failed,Infeasible_Problem_Detected,0.3,,,,,,,,,,,,,,,,,,,,,,,,,,,,,,,,,,
ys930,failed,Infeasible_Problem_Detected,0.26,,,,,,,,,,,,,,,,,,,,,,,,,,,,,,,,,,
zv15_35,ok,,0.2,28.163520563250604,0.686488076757826,4.552531021893302,1.767839999999964,0.3883202533927504,0.3883202533927504,6.090439858283038,0.873632071427016,0.0812869857117292,3.0000000299989376,3.472009130447309,12.562449018729286,9.090439888281976,0.0219105866696079,28.163520563250604,30.46894328142061,0.3515870309961319,19.73065399829176,3.555855432165924,0.0093035293378511,9.29788557261241,1000000.0,782986.4188770164,31.292800312917084,0.2411955889374107,19.168206586372392,2.5729703979245766,0.0091025932314563,8.85308247224417,1000000.0,804157.7755860434,0.1564875344584584,1.5002,False
