airfoil,status,error,score,wing_area_m2,aspect_ratio,span_m,root_chord_m,mean_aero_chord_m,empty,wing,tail,sensor,container,total_M2,total_M3,M2_score,M3_score,velocity_mps_M2,CL_M2,drag_N_M2,alpha_deg_M2,CD_profile_M2,L_over_D_M2,Re_assumed_M2,Re_actual_M2,velocity_mps_M3,CL_M3,drag_N_M3,alpha_deg_M3,CD_profile_M3,L_over_D_M3,Re_assumed_M3,Re_actual_M3,t_over_c,CL_max_polar,Re_clamped,time_s
2032c,ok,,0.0673723251075098,0.745644455108166,4.191351848980943,1.7678399999999996,0.4217827716921023,0.4217827716921023,5.28752542797327,0.5878933237385061,0.0811665668987948,1.8877467938911656,17.4889443290359,24.66421655090033,7.175272221864436,0.0673723251075098,8.386216503753678,31.292800309446875,0.602494369426957,40.00000000329627,-0.9318469383752316,0.0102618658074231,7.366763320133819,1000000.0,873454.0433145377,14.808159178430529,0.7827278010869522,13.307319586239505,0.642028602855242,0.0093019505080078,6.415790893750545,1000000.0,413329.78770010406,0.0796,1.6221608695652174,False,0.57
a18,ok,,0.0676695770961776,0.8018899187065918,3.897365701567721,1.7678399999999996,0.4535986959830029,0.4535986959830029,5.4853979899306005,0.6980000490904399,0.0799232152889686,1.874713472318037,17.587469134075032,24.94758059632367,7.360111462248637,0.0676695770961776,9.581607747749873,31.29280030830364,0.5666712002324241,39.24628502557323,-0.349063011314984,0.006280697988116,7.99901418273741,1000000.0,939340.4416321252,17.036572769175315,0.5640420605076474,12.393503649708322,-0.3725344702556842,0.0062779562076351,8.023632386324769,1000000.0,511400.11859688046,0.07345,1.4662521739130434,False,0.34
a18sm,ok,,0.0678713009955257,0.7797052915192052,4.008255811000892,1.7678399999999996,0.4410496942705252,0.4410496942705252,5.427380967627327,0.670242278251709,0.0803922037081796,1.874761425356,17.645438203354576,24.9475805963379,7.302142392983327,0.0678713009955257,9.613988396956444,31.292800308317386,0.5827944578934705,38.80015077559839,0.7780928751558175,0.0050560155499396,8.319512384767865,1000000.0,913353.1870062856,17.093709928328323,0.5716806254247594,12.263748139151613,0.6711654566711521,0.0051568961161572,8.408428816498184,1000000.0,498919.696766478,0.0728203571428571,1.5364234113712374,False,0.33
a63a108c,ok,,0.0669058801439756,0.8154509637518086,3.8325520534310304,1.7678399999998038,0.4612696645351949,0.4612696645351949,5.602498934352361,0.762514446363137,0.0796490512041162,1.8336176186472408,17.408921090731994,24.8450376437316,7.436116552999602,0.0669058801439756,10.949778830731288,31.29280031029786,0.5549569173904174,40.0000000043932,4.898285978516177,0.0089712139785164,7.420771368180229,1000000.0,955225.961319432,19.905602126593752,0.4104913571206524,11.587336503144462,3.640467760041453,0.0077719830193188,8.800562178165414,1000000.0,607626.9217990183,0.07735,1.4152695652173912,False,0.33
ag03,ok,,0.06790547621324,0.8326267086462305,3.753492691434128,1.7678399999990042,0.4709853316175103,0.4709853316175103,5.417551967089666,0.6549985322076572,0.0793147157909518,1.851921981667632,17.67810664788702,24.947580596644315,7.269473948757297,0.06790547621324,10.15105793771878,31.292800308255195,0.5457522776665886,39.44847827655622,3.14872499589273,0.0062536824373652,7.951269988229103,1000000.0,975345.7699969627,18.271212355245268,0.4664705540918899,11.704849785542866,2.4188712692120884,0.0056199338634742,8.928322202856437,1000000.0,569484.0189391267,0.0623658465863372,1.3752093645484949,False,0.35
ag04,ok,,0.0675928865919344,0.8567571774936842,3.647775994993367,1.7678399999999244,0.4846350221138343,0.4846350221138343,5.497158509259903,0.6656578201015084,0.1062380639845852,1.8559537902099903,17.58417218155009,24.937284481019987,7.353112299469893,0.0675928865919344,10.802314588404773,31.292800273574173,0.5301623341438041,39.40868788038794,3.1447521053575342,0.0062408031567743,7.914588513754642,1000000.0,1003612.398424156,19.401191713188343,0.4066894915469889,11.540612402625982,2.020823483258801,0.0052975229400108,9.53154663636226,1000000.0,622228.6397297182,0.0642289285527999,1.3073591973244147,False,0.35
ag08,ok,,0.0643021867410692,0.8567571810255702,3.647775979956113,1.767839999999996,0.4846350241116685,0.4846350241116685,5.424857273473552,0.6287941413551887,0.1062380614384799,1.8452928648784857,16.648407761861048,23.918557900213084,7.270150138352037,0.0643021867410692,10.79407921223184,31.292800308061047,0.5085043808663656,38.361736089358565,2.8952717423365097,0.0061113505652654,8.153763397873844,1000000.0,1003612.4036674472,19.498403058715635,0.3981015396011954,12.1211591851467,1.890693188436506,0.0052781056679,9.641909837621036,1000000.0,625346.3726093365,0.0582894921849305,1.2131,False,0.34
ag09,ok,,0.0572340103442736,0.8567571718985516,3.647776018813615,1.7678399999994656,0.4846350189490059,0.4846350189490059,5.3060871404774845,0.5682075342758857,0.1062381078944128,1.837938272595004,14.622911881078547,21.766937294151035,7.144025413072488,0.0572340103442736,10.62744898244053,31.29280008563273,0.462761312510235,35.71161318616663,2.620810599381546,0.0059315844413839,8.667646875486437,1000000.0,1003612.385842636,19.274221811297156,0.4003481765819625,13.017829488996412,2.0564899612521303,0.0054656763253306,9.529456247066936,1000000.0,618156.4987588736,0.0486233395661265,1.1837471571906353,False,0.33
ag10,ok,,0.0492721408505582,0.8567571702597493,3.6477760257855927,1.7678399999981385,0.4846350180223614,0.4846350180223614,5.278047837895307,0.5537999499404715,0.1062381058990746,1.827487775254097,12.343480213974887,19.44901582712429,7.105535613149404,0.0492721408505582,10.399970487600411,31.292800039635942,0.4134827060482793,32.513429313060264,2.31533767536803,0.0060468638575812,9.13837993672375,1000000.0,1003612.382448489,18.96952130756731,0.4110859626784853,13.599999731093348,2.2939675747997126,0.0060314594381687,9.16931459910332,1000000.0,608384.2433173484,0.0472716274081538,1.2347826086956524,False,0.33
ag11,ok,,0.0685724438280549,0.7697635063671227,4.060023942093021,1.7678399999999976,0.4354260036921462,0.4354260036921462,5.225728017804894,0.5642683622947999,0.080611144946645,1.8674190458386664,17.85443353274094,24.9475805963845,7.09314706364356,0.0685724438280549,9.560374504395256,31.292800308364477,0.5903214674746621,39.409128822883794,3.370374323001532,0.0067752870795636,7.948937230042714,1000000.0,901707.2981673948,17.065219017480263,0.5643704049723988,11.802382772195484,3.134957608332672,0.0065689623187835,8.223277859751096,1000000.0,491737.1529953441,0.0581233511357115,1.5691822742474917,False,0.33
ag12,ok,,0.066819517984888,0.856757153060594,3.6477760989883343,1.767839999992003,0.4846350082951339,0.4846350082951339,5.4293000894900825,0.6241872118652665,0.1062380555208387,1.8594882073936896,17.358212371281656,24.647000668165425,7.288788296883772,0.066819517984888,10.66084621356695,31.29280006221454,0.5239909727536567,39.074458836054525,2.7697732579398395,0.0059651947905002,8.040035442723312,1000000.0,1003612.3630288738,19.110717617850145,0.4154798100319927,11.739264384070545,1.7886137264901965,0.0051973195155,9.470970491823223,1000000.0,612912.6326022609,0.0623550323749046,1.2805003344481605,False,0.33
ag13,ok,,0.0662496007899361,0.856757181055955,3.647775979826168,1.7678399999998562,0.4846350241288944,0.4846350241288944,5.380998455238325,0.5994374245868139,0.106238061654727,1.877658586505876,17.176130183984093,24.434787225728293,7.2586570417442,0.0662496007899361,11.009512282741737,31.292800308192597,0.5194793265176163,38.89212557712397,2.62554211907461,0.0058764256416794,8.106442656126319,1000000.0,1003612.4037073386,19.54475352417373,0.3955892172222368,11.79501090355498,1.5018439754531876,0.0049744096644553,9.81742457834684,1000000.0,626832.909521622,0.058339342499368,1.260864882943144,False,0.33
ag14,ok,,0.0667685628720979,0.8567571674080938,3.647776037922545,1.7678399999970698,0.4846350164095811,0.4846350164095811,5.322623680751202,0.5695232840333515,0.1062380550527942,1.8568390510028527,17.346206447339174,24.52566917909323,7.179462731754055,0.0667685628720979,10.672327172569952,31.29280019155107,0.5214114732323096,38.937752932634105,2.557682767682109,0.0058924838019795,8.083349090366854,1000000.0,1003612.383980815,19.158593142121426,0.4072051740315907,11.605449063479917,1.5199776085478205,0.0050460198671521,9.638878629636078,1000000.0,614448.0909149959,0.0536969587400309,1.2692739130434785,False,0.36
ag16,ok,,0.0656747218325318,0.8567571810385406,3.6477759799008727,1.767839999999992,0.4846350241190065,0.4846350241190065,5.550779514133031,0.6888115185486563,0.106238061512168,1.8491291681499729,17.039320912126914,24.43922959440992,7.399908682283003,0.0656747218325318,10.645846629925364,31.292800308161752,0.5195737705147112,38.71154188587698,2.5983556369932432,0.0057334818041074,8.141821511573902,1000000.0,1003612.4036858728,19.19073910265984,0.4183035231394673,12.049006903557697,1.6867844751898031,0.0050607494169747,9.495638623775886,1000000.0,615479.0753675543,0.0711355291525587,1.2612759197324417,False,0.32
ag17,ok,,0.0672270898042118,0.8567571629553218,3.64777605688266,1.7678399999974936,0.4846350138907008,0.4846350138907008,5.472095994022936,0.6479080286696187,0.1062380582486148,1.858934451970432,17.47598621200565,24.807016657999014,7.331030445993367,0.0672270898042118,10.63117416729266,31.292800149172358,0.5273928760087233,39.13609513516646,2.5790356078430112,0.0057913302453252,8.049518163560005,1000000.0,1003612.3774054043,19.06320429251614,0.4199734083767684,11.67436817906383,1.6055250818095088,0.004982114815813,9.508900068320736,1000000.0,611388.8079614074,0.0648808448626899,1.2953060200668898,False,0.29
ag18,ok,,0.0674418031025198,0.8567571599551309,3.6477760696529,1.7678399999966363,0.4846350121938416,0.4846350121938416,5.393448281769572,0.607023793750247,0.1062380590037714,1.8596261663435545,17.537047367657355,24.790121815770483,7.253074448113126,0.0674418031025198,10.541952141889531,31.292800121561825,0.5270336973658025,39.14108307697654,2.486782875078922,0.0057885565745156,8.053745541922211,1000000.0,1003612.373005927,18.89618521665458,0.4228851514639219,11.557295759485074,1.5373304398664474,0.0049156934472105,9.50102828172353,1000000.0,606032.2250605838,0.0586673146124536,1.2937428093645484,False,0.26
ag19,ok,,0.0651866454650038,0.8567571810476482,3.6477759798602953,1.7678399999995558,0.4846350241242779,0.4846350241242779,5.335937217911177,0.5775374275222394,0.1062380616166077,1.8961978113584024,16.85187853236137,24.084013561630947,7.232135029269578,0.0651866454650038,10.944798226173711,31.292800308099903,0.51202193943641,38.45286014636102,2.2863143303049136,0.0056575075887092,8.238115777418026,1000000.0,1003612.4036948056,19.239902364288064,0.4067329560371091,11.964649440092826,1.3226425684632983,0.0047406996734758,9.786422720940962,1000000.0,617055.8233383296,0.0540206694305156,1.2284090301003343,False,0.23
ag23,ok,,0.0670027448862147,0.8173547290986539,3.823625354252747,1.7678399999999996,0.4623465523456048,0.4623465523456048,5.6771829956913,0.7903051000204917,0.0796113441196404,1.860606852507774,17.409790748080418,24.947580596279494,7.537789848199075,0.0670027448862147,10.48244251365379,31.29280030825762,0.5559494629576318,39.0133154947731,2.3900989344463084,0.0055284427759483,8.147521912737743,1000000.0,957456.0476316848,18.779612145584444,0.4664085750364828,12.100079430413263,1.5752051783158252,0.0051383484709214,9.232128034920365,1000000.0,574593.9335516257,0.0889740046357436,1.4195892976588629,False,0.21
ag24,ok,,0.0672395352817695,0.8178560984068173,3.8212813619467223,1.7678399999989918,0.4626301579369647,0.4626301579369647,5.609080635601533,0.7526325208044303,0.0796014197909384,1.86135613830278,17.477143822563423,24.947580596467738,7.470436773904312,0.0672395352817695,10.497951241895118,31.29280030822099,0.5556086499508961,39.161299062541765,2.390084451364616,0.0055408290771036,8.14375408146684,1000000.0,958043.3557595244,18.79982561436335,0.4609648117803296,12.02130497024183,1.546187908753082,0.0050628439666776,9.320078227535747,1000000.0,575565.2367917617,0.0841406644832195,1.4181060200668896,False,0.2
ag25,ok,,0.0674789271479459,0.8330590007169454,3.751544924061708,1.7678399999953545,0.4712298628377763,0.4712298628377763,5.540229843482967,0.7129568865470706,0.0793063844088139,1.847906218808454,17.559444412809864,24.947580475101283,7.388136062291421,0.0674789271479459,10.10293354406642,31.292800128116788,0.545469078771696,38.926653590174936,2.17578893147435,0.0053989817086051,8.153670415163313,1000000.0,975852.154866152,18.22410942942923,0.4762914797917271,11.880584693520586,1.554538550680718,0.0049713720690766,9.035032773399772,1000000.0,568310.8058216242,0.0758189626503084,1.3739769230769232,False,0.2
ag26,ok,,0.0678670715126209,0.8283902037097466,3.7726885851670873,1.7678399999999996,0.4685889015463768,0.4685889015463768,5.428597392675131,0.6539688875390716,0.0793959163178968,1.867902137022978,17.65108106663895,24.947580596337065,7.296499529698109,0.0678670715126209,10.154200013551272,31.2928003083171,0.5485433321792579,39.01792645603136,2.1840909852049943,0.0053812943298665,8.165350275769535,1000000.0,970383.093295244,18.12050680152301,0.4784595650433776,11.776029159273486,1.5509573882821497,0.0049247649177154,9.06667073527963,1000000.0,561913.0684659729,0.0684319150518918,1.3873565217391304,False,0.2
ag27,ok,,0.0682937865164561,0.8182539005744698,3.819423608498125,1.7678399999999457,0.4628551795267077,0.4628551795267077,5.305871558135454,0.5903697702033162,0.0795935730288128,1.8670165412357629,17.77469249699969,24.94758059637091,7.1728880993712165,0.0682937865164561,9.490170069795468,31.29280030834437,0.5553385353473933,39.083399144524655,2.2379954449109483,0.0054825751310637,8.157046184413282,1000000.0,958509.3444915722,16.94355648917462,0.5446319805880115,12.024532695469045,2.1401774559297118,0.0053879321947278,8.288358383823565,1000000.0,518987.02141604346,0.0611322634140984,1.4169304347826086,False,0.21
ag35,ok,,0.06705487211383,0.8069479976278165,3.8729363909288574,1.7678399999999843,0.4564598592790205,0.4564598592790205,5.662190887485237,0.7890152307677012,0.0798198952543731,1.8526576550247773,17.4327320537756,24.94758059628561,7.514848542510014,0.06705487211383,10.057690980022144,31.29280030826039,0.5631192146508635,39.228126305142645,1.2719556146186644,0.0059148139695451,8.0739093719606,1000000.0,945265.5168522948,18.095969597591647,0.5072444288510142,12.328929977640149,0.770295508871933,0.0057030130133688,8.685858860756332,1000000.0,546627.2077317263,0.0872261212472222,1.4507933110367894,False,0.23
ag36,ok,,0.0671070791344243,0.8238522158907738,3.793469514700093,1.767839999999935,0.4660219340499164,0.4660219340499164,5.64717583033597,0.7792077241763083,0.0794838049504829,1.8713341944676585,17.429070571492918,24.947580596296547,7.5185100248036285,0.0671070791344243,10.313682160404838,31.29280030826132,0.5515648485535529,39.20445341788656,1.3939173324614529,0.0058706565002713,8.05570104993138,1000000.0,965067.2570639772,18.37135271525492,0.4822880665789152,12.219122574954682,0.7715417141327526,0.0055899197603618,8.840838563384715,1000000.0,566570.930016298,0.0817425396106901,1.4005066889632107,False,0.2
ag37,ok,,0.0676363713730168,0.787185619681631,3.970166867204681,1.7678399999999992,0.4452810320400214,0.4452810320400214,5.494948158193676,0.7039262405433648,0.0802311139439618,1.8466992375764784,17.605933200552382,24.94758059632253,7.341647395770154,0.0676363713730168,10.12060537132827,31.29280030830135,0.5772563818830566,39.3180801858165,1.803156624406916,0.0062017031831483,8.042772272556613,1000000.0,922115.7048972752,18.267918538826923,0.4984763493067711,11.908387320105026,1.094133555472855,0.0057554607133855,8.93618539808955,1000000.0,538307.0359467866,0.0773968750059376,1.5123207357859532,False,0.2
ag38,ok,,0.0678279420543291,0.7910219266329553,3.950912307706391,1.7678399999999337,0.4474510852978692,0.4474510852978692,5.439851263257924,0.6771612782395051,0.0801496697638788,1.8626181446223973,17.645111188467077,24.9475805963474,7.302469407880321,0.0678279420543291,10.229976620146372,31.29280030831165,0.5744567974518132,39.27728724646264,2.044474454341228,0.0062888532563967,8.016458132833483,1000000.0,926609.5863916052,18.307521681566964,0.4912792572976186,11.767200373164876,1.2968122005023184,0.005779954413249,8.969666618014012,1000000.0,542103.1331832049,0.0703961080397354,1.5001364548494982,False,0.2
ag44ct02r,ok,,0.0677179655573955,0.8185323088306936,3.818124503924049,1.7678399999999996,0.4630126645118867,0.4630126645118867,5.4714811737143645,0.679780033251884,0.0795880792742644,1.8735499711729764,17.60254945144001,24.94758059632735,7.345031144887341,0.0677179655573955,10.193912119419004,31.292800308306944,0.5551496474670087,39.44976911407535,3.222879487100031,0.0062237399376337,7.98274072578876,1000000.0,958835.4742100184,18.13653630143438,0.4865813221514695,11.960703817015446,2.593792501599629,0.005770283855488,8.782489748290104,1000000.0,555717.4242567462,0.0728824492939616,1.4161083612040135,False,0.2
ag455ct02r,ok,,0.0681231746898009,0.8170194323352474,3.8251945326025023,1.7678399999996572,0.4621568876908576,0.4621568876908576,5.35494055889192,0.6171556254760223,0.0796179532214463,1.8557563739877556,17.736883663585864,24.947580596465546,7.210696932879676,0.0681231746898009,10.601399655017676,31.292800308300706,0.5561776191661277,39.5257801932627,3.3973115915853023,0.0063750018944553,7.950847771628085,1000000.0,957063.2782486776,19.042369647974105,0.4341193973937659,11.469659636866435,2.2932368077391136,0.0055431822379309,9.450456934740345,1000000.0,582394.4339068603,0.0647310605166749,1.4205822742474916,False,0.2
ag45c03,ok,,0.0680714466104958,0.8082913866143588,3.866499528951252,1.7678399999999357,0.4572197634482692,0.4572197634482692,5.369817869531633,0.6235410927314973,0.0797926709452658,1.8552026531448187,17.722560073682956,24.94758059635941,7.225020522676451,0.0680714466104958,10.557542335447634,31.29280030832872,0.5621833044527174,39.31400270967772,4.272577819178169,0.0061671622330448,8.013561910832577,1000000.0,946839.1737547471,18.969252617858533,0.4430747608398461,11.493805920597584,3.206844174871814,0.0055058933357342,9.441866926164453,1000000.0,573960.5052430507,0.0692813914898118,1.446720066889632,False,0.2
ag45ct02r,ok,,0.0678811563084057,0.8241740767558783,3.791988068711977,1.7678399999999996,0.4662039985269472,0.4662039985269472,5.424546519606437,0.6525052137550172,0.0794775399857967,1.848522747271448,17.6745113294602,24.947580596338085,7.273069266877886,0.0678811563084057,10.6117314820085,31.292800308318057,0.55134944850029,39.28989191453281,3.357490572854417,0.0062359589726779,7.970088142703158,1000000.0,965444.2875285004,19.13551690157664,0.4298576844983011,11.472838758302284,2.253699966577105,0.0054732376487712,9.465147602252168,1000000.0,590368.2412411494,0.0689434331961068,1.399569230769231,False,0.21
ag46c03,ok,,0.068179655513392,0.8325807248155004,3.7536999985152586,1.7678399999727852,0.4709593203164978,0.4709593203164978,5.33869587273688,0.6063088724884376,0.0793152208911911,1.8689186442861303,17.739965844763393,24.9475803617864,7.20761451702301,0.068179655513392,10.19033830468737,31.292799953164057,0.5457824269373638,39.48037055652097,4.404220553901151,0.0064666508035298,7.90231330811145,1000000.0,975291.893107159,18.175105937761437,0.4674311113314208,11.580286208424024,3.693172064625032,0.0058021659501268,8.856652038763407,1000000.0,566457.2522750624,0.0602466213627241,1.3753408026755851,False,0.2
ag46ct02r,ok,,0.0681388113388186,0.8330129603467965,3.751752270815696,1.7678399999999996,0.4712038195463371,0.4712038195463371,5.3504433632889725,0.613002153587574,0.0793073699561554,1.8621285050149488,17.735008728050655,24.947580596354577,7.212571868303922,0.0681388113388186,10.442979262727205,31.292800308335487,0.5454992230831632,39.459377583869774,3.4309066797675656,0.0064606360364182,7.90292228020641,1000000.0,975798.228415623,18.6936244099211,0.4419342775268641,11.430831235448114,2.487201772178021,0.0056219536559123,9.194153767923911,1000000.0,582920.205355004,0.060832934853894,1.374108026755853,False,0.21
ag47c03,ok,,0.0671742057225087,0.8567571810620094,3.6477759798008496,1.7678399999999677,0.4846350241322886,0.4846350241322886,5.307453802137933,0.5635743018969774,0.1062380616564881,1.8493856586973,17.470325122920002,24.627164583755235,7.156839460835233,0.0671742057225087,10.709248606844117,31.292800308264717,0.5235692356832801,39.42732541211223,4.552736322342727,0.007031124989801,7.789016915441658,1000000.0,1003612.4037166804,19.302353291358514,0.3998980805141457,11.31978121679619,3.422288354066805,0.0057026383152302,9.42806113368915,1000000.0,619058.7289502677,0.0505926428355528,1.2786648829431435,False,0.2
ag47ct02r,ok,,0.0655150013778805,0.856757122954384,3.647776227184692,1.7678399999955183,0.4846349912642297,0.4846349912642297,5.308932808132184,0.5659272135694149,0.1062382873719618,1.852248894929715,16.99026546084927,24.15144716391117,7.1611817030618985,0.0655150013778805,10.81072825185368,31.29279889443652,0.5134556469970265,39.01809117824914,3.514713060387864,0.0069401747305963,7.898925449018505,1000000.0,1003612.2903076264,19.45513960794112,0.3938805933085505,11.73238689019998,2.4176279961462046,0.0057238849128376,9.483790756050483,1000000.0,623958.7991488926,0.0499136501761802,1.2806394648829431,False,0.2
ag52,ok,,0.0669343974568535,0.8346136217511719,3.74455698319737,1.7678399999999996,0.4721092529590755,0.4721092529590755,5.696840132729294,0.8037953125033661,0.0792769387829579,1.85782726986032,17.392913193683565,24.947580596273177,7.554667402589614,0.0669343974568535,10.69597426557927,31.29280030825285,0.5444530389222141,39.14431433527582,2.9004443531609,0.0058013954233828,8.054167475179927,1000000.0,977673.256338216,19.190830132777343,0.4383779277572062,11.95051851739899,1.8773680642874024,0.0050884794780372,9.431682701708109,1000000.0,599574.3814208211,0.0835072911537115,1.3695548494983276,False,0.2
ag53,ok,,0.0670786544386257,0.8350268351852762,3.742703987358613,1.7678399999998238,0.4723429921177026,0.4723429921177026,5.655350946056303,0.7804587663184517,0.0792690981703651,1.8528391859504316,17.439390464349426,24.94758059635616,7.508190132006734,0.0670786544386257,10.63371084913874,31.29280030824476,0.5441836160727034,39.30399314615983,2.9313161153733347,0.0058457103127959,8.042933584541336,1000000.0,978157.2979510354,19.1304799138735,0.4382171974604142,11.955540414525258,1.9216948787832604,0.0051260567665406,9.414754675880287,1000000.0,597984.7874506399,0.0807741935996249,1.3683822742474916,False,0.2
ag54,ok,,0.0672036823208826,0.8530812078296274,3.663494444483448,1.7678399999935146,0.4825556655764984,0.4825556655764984,5.619392075679996,0.7561018738309584,0.0789341170165082,1.853416721405094,17.474771752324866,24.94758054940996,7.47280879708509,0.0672036823208826,10.74359216037488,31.29280023888461,0.5326666672157492,39.22548018176606,2.862791669715925,0.0058110551952498,8.02135966781839,1000000.0,999306.3362469308,19.322138110832867,0.4184942053385728,11.809434798397207,1.807514557745364,0.0051022326417477,9.506831331215018,1000000.0,617034.4263406777,0.0753248999254249,1.3182585284280934,False,0.2
ag55,ok,,0.0680283775862037,0.8159387352934258,3.830260938005394,1.7678399999999808,0.4615455783857332,0.4615455783857332,5.382204783278312,0.6340136378344585,0.0796394078444176,1.8899030512618205,17.675472761810013,24.947580596350143,7.272107834540133,0.0680283775862037,10.451023920927142,31.292800308327298,0.5569142670057088,39.36211629502964,3.0975644823334303,0.006114799359232,8.012307875154102,1000000.0,955797.340852106,18.433086490775928,0.4678568097663886,11.673424613246707,2.28489462246363,0.0054539431491778,9.11441876071652,1000000.0,563014.3316669593,0.0656584703615963,1.4237882943143811,False,0.2
ah21-7,ok,,0.0668738447192251,0.7920472405220736,3.945797808145876,1.7678399999999963,0.4480310664551516,0.4480310664551516,5.714255468944936,0.8319249945577314,0.080128049290581,1.860375012606453,17.372950114719455,24.947580596270846,7.57463048155139,0.0668738447192251,10.06178878696402,31.292800308248424,0.5737131567920826,39.1192917775758,2.153386039948221,0.005013979296769,8.310654999440976,1000000.0,927810.6475066268,18.02824469758758,0.5248192974230996,12.480455272788646,1.6209037525689522,0.0045160578172199,8.985269926569558,1000000.0,534525.4250661503,0.0897666905828896,1.4969,False,0.2
ah21-9,ok,,0.0661969342782772,0.8567571810402577,3.647775979893584,1.7678399999999972,0.4846350241199764,0.4846350241199764,5.685723795031154,0.7847796649896597,0.1062380615276111,1.8558689063345384,17.18277265456061,24.724365355926302,7.541592701365692,0.0661969342782772,10.67561874533149,31.292800308200327,0.525635707209157,38.75260009751564,2.126213722907507,0.0051744415255615,8.222567901079614,1000000.0,1003612.4036891186,19.17452019176026,0.4270341704354264,11.920201999891969,1.276544465816065,0.0040765020075812,9.81353135622013,1000000.0,614958.9077905306,0.069997369283707,1.2876585284280937,False,0.2
ah63k127,ok,,0.0647980233664193,0.8506076638949907,3.674147786632213,1.7678399999977874,0.4811564756403607,0.4811564756403607,6.311274056639682,1.1486662965477514,0.0789789690705211,1.87348494903219,16.762821441338453,24.947580447010324,8.184759005671872,0.0647980233664193,10.198929736586528,31.292800090424752,0.5342156502651395,39.48610635932048,0.6659675788008529,0.006486363768298,7.865833755399624,1000000.0,996408.8018282796,18.146093179371626,0.5212146919705531,13.737349300569008,0.550751149972247,0.0064987787250844,7.981961332249305,1000000.0,577798.3085717715,0.1270184777150031,1.325,False,0.2
ah6407,ok,,0.0684069703904732,0.7510900310179967,4.160963581641648,1.767839999999994,0.4248631273293958,0.4248631273293958,5.273319186478463,0.5907192910134934,0.0810380016758141,1.8787160083899,17.795545401507404,24.94758059637577,7.152035194868363,0.0684069703904732,8.812283587086126,31.29280030835335,0.6049979415534735,39.46480996330296,-0.7779838165690216,0.0071194696815631,7.912398336993714,1000000.0,879833.0356628475,15.635294793061783,0.6947552143985781,12.658571094764216,0.008796390596954,0.0069214071767659,7.244712504953861,1000000.0,439604.2778437727,0.0685185997835368,1.633056856187291,False,0.2
ah7476,failed,too few converged polar points,,,,,,,,,,,,,,,,,,,,,,,,,,,,,,,,,,,0.01
ah79100a,ok,,0.066990703632153,0.7896753789509744,3.9576493694807056,1.7678399999999326,0.4466893943744934,0.4466893943744934,5.680646133730809,0.7897521123518597,0.080178153138061,1.8631274549545025,17.403807007614418,24.94758059629973,7.543773588685312,0.066990703632153,9.77490574747241,31.292800308253547,0.5754363562557884,39.3440716135116,0.8264658316018287,0.0057696480856674,8.136594776380173,1000000.0,925032.229367728,17.48834685012843,0.5571201283407762,12.730984045591269,0.6584988624622305,0.0057379305460266,8.321317895283663,1000000.0,516965.06274203886,0.0999843154362416,1.5043996655518397,False,0.2
ah79100b,ok,,0.06772099391927,0.7146900272519487,4.372886351327603,1.7678399999999996,0.4042730265476225,0.4042730265476225,5.470610198396784,0.6910838576449887,0.0819260614443594,1.8866078794686645,17.59036251846763,24.94758059633308,7.357218077865449,0.06772099391927,8.43852674201863,31.292800308307157,0.6358111983667334,39.49411222598047,-2.3798437989185124,0.0079693379779896,7.817589603287717,1000000.0,837193.7720726429,14.909522418255452,0.8259899447914844,13.585076769682448,-0.7617463690290818,0.0068792991878482,6.654745474083486,1000000.0,398882.7842239269,0.1003559960809928,1.767161538461539,False,0.2
ah79100c,ok,,0.0670733405789529,0.7469280021975289,4.184149284007575,1.7678399999999996,0.4225088255710522,0.4225088255710522,5.656879244411089,0.7990955011315473,0.0811361056562499,1.8836603491737929,17.40704100270191,24.94758059628679,7.540539593584882,0.0670733405789529,8.450052909105064,31.29280030826253,0.6083691083362238,39.41779879888593,-2.739897180269569,0.0073980915460424,7.86352223400564,1000000.0,874957.600891633,14.953249423498612,0.8053021277301511,14.15137639907948,-0.9078969348431852,0.0068070682506037,6.533951805771916,1000000.0,418098.0644823911,0.0994229980404964,1.647728762541806,False,0.2
ah79k132,ok,,0.0614998405969048,0.8567571734179981,3.6477760118677054,1.7678399998839696,0.4846350198401611,0.4846350198401611,6.492375561840661,1.2249851872521398,0.1062380502101816,1.8474793962801797,15.840249444246949,24.180104402367785,8.33985495812084,0.0614998405969048,10.376382169663929,31.292800243745063,0.514064820698859,38.5879087283368,1.217734268676473,0.0062738183961833,8.058465928453362,1000000.0,1003612.3927590224,18.721692179727555,0.4953553587345901,14.273525191052045,1.0459798627880377,0.0062697869682899,8.239220715128896,1000000.0,600435.9513575312,0.1319638575015693,1.2373,False,0.2
ah79k135,ok,,0.0603718869772187,0.8567571584223475,3.647776076155277,1.7678399999908974,0.4846350113283775,0.4846350113283775,6.524973000064748,1.241428064415713,0.1062380256263095,1.841445812763585,15.52187675494145,23.888295567769784,8.366418812828332,0.0603718869772187,10.490237421722526,31.292800135244185,0.5078610279485783,38.19235529932265,1.6445539577081667,0.0061101026403296,8.160365465880785,1000000.0,1003612.371652486,18.98913225142929,0.4830342639429731,14.406828882576086,1.4210805416050662,0.0061104359221551,8.405665238664682,1000000.0,609013.1906417505,0.134845392341494,1.2103,False,0.2
ah79k143,ok,,0.0583346433832457,0.8567571807454147,3.647775981108784,1.7678399999902707,0.4846350239558613,0.4846350239558613,6.645084890401921,1.3130191638240452,0.106238060302438,1.839514793573189,14.93788401057256,23.422483694547672,8.48459968397511,0.0583346433832457,10.600392529172062,31.292800307010644,0.4979579297291402,38.16494175067543,1.7364987581181723,0.007119665901977,7.989994625986493,1000000.0,1003612.4033111038,19.2086749654623,0.4787238953294438,14.932049855349804,1.5601950510482163,0.007125699837706,8.156547829608725,1000000.0,616054.3082553885,0.1427353236296067,1.1672,False,0.2
ah80129,ok,,0.0577616083229388,0.856757180889193,3.647775980536772,1.7678399999999987,0.4846350240345243,0.4846350240345243,6.427300096462118,1.1913125574189738,0.1062380605587054,1.8389453627917989,14.773645066888715,23.039890526142635,8.266245459253916,0.0577616083229388,10.504291659088697,31.292800307510348,0.4898240654131551,36.91552860838049,1.1579122425776145,0.0054870862044826,8.518749482766196,1000000.0,1003612.4034900304,19.040427322505444,0.4746827830045889,14.559753316005532,1.0565696974650238,0.0054590652809981,8.691979087232287,1000000.0,610658.3252643796,0.1285969397363465,1.1318,False,0.2
ah80136,ok,,0.0647833498261908,0.8522938951557786,3.666878624102699,1.7678399999999863,0.482110312672971,0.482110312672971,6.315494534974618,1.124243387502295,0.0789484108906515,1.8273725412259296,16.804713519952685,24.947580596153237,8.142867076200547,0.0647833498261908,10.673281119456682,31.292800308095813,0.5331587205697182,39.383292456314855,3.1896277502935058,0.0062310502967283,7.922517491555376,1000000.0,998384.0739162806,19.46926690036303,0.4495676865880249,13.236451475139198,2.561588744991257,0.0061674437832139,8.759589999444122,1000000.0,621159.046578489,0.1354874704567231,1.3204,False,0.2
ah80140,ok,,0.0655060686128989,0.7886646071642989,3.962721589392781,1.767839999999984,0.4461176391326737,0.4461176391326737,6.107636209277782,1.0121475327952931,0.0801996168499374,1.8514517112081523,16.988492675697977,24.94758059618391,7.959087920485935,0.0655060686128989,10.509693067735284,31.29280030814921,0.5761738495194183,39.311364791507295,1.985072035499805,0.0067039246427988,7.929025337887661,1000000.0,923848.202986019,18.92153601074704,0.5027643687579463,13.011624003746824,1.518523016455152,0.0067632012958123,8.572748430494448,1000000.0,558614.9807344545,0.1396068060091443,1.507609364548495,False,0.2
ah81131,ok,,0.05843623293615,0.8567571806313915,3.647775981584419,1.767839999987887,0.484635023892016,0.484635023892016,6.43321669991373,1.1915205795794717,0.1062380596399045,1.842742197824593,14.9638743808311,23.23983327856942,8.275958897738324,0.05843623293615,10.513518084097282,31.292800306593147,0.494074813730726,37.61293419815197,2.63476151574062,0.0063656433281151,8.225306264377101,1000000.0,1003612.4031654992,19.01788558469867,0.4763678347439971,14.591544915950394,2.5038614906254164,0.0063601536468999,8.397916557155579,1000000.0,609935.3738810184,0.1304896035924435,1.1503,False,0.2
ah81k144,ok,,0.0643175739348055,0.8250574694035362,3.787927970470725,1.7678399999998442,0.4667037002237809,0.4667037002237809,6.44945451874635,1.2250169692550212,0.0794603575968194,1.8851415377295933,16.612984539679147,24.94758059615509,8.334596056475943,0.0643175739348055,10.426062831528233,31.29280030803736,0.5507591162347266,39.576299555236766,1.2503032939247694,0.0067647719455282,7.84845088869369,1000000.0,966479.1009281256,18.435508462466363,0.5301471527300494,13.967102782392075,1.0581499074137113,0.0067576546462107,8.032589599798989,1000000.0,569381.2464390098,0.144583091650973,1.397,False,0.2
ah81k144wfKlappe,failed,airfoil 'ah81k144wfKlappe' not found in the aerosandbox UIUC database,,,,,,,,,,,,,,,,,,,,,,,,,,,,,,,,,,,0.0
ah82150a,ok,,0.0623668800021577,0.8567571809889172,3.647775980111008,1.7678399999997148,0.4846350240910124,0.4846350240910124,6.703418757843427,1.3397064973300803,0.1062380612923641,1.8579596915498608,16.079134927561046,24.64051337695433,8.561378449393288,0.0623668800021577,10.321151342738451,31.29280030788184,0.5238530287624958,39.270597402368345,0.5702521595934836,0.0068489401350418,7.828963402254316,1000000.0,1003612.403618924,18.51699903157178,0.5198176865906023,14.54711239540287,0.535194192991026,0.0068481816952332,7.864826149868318,1000000.0,593871.1052715931,0.1499783090740167,1.2799,False,0.2
ah82150f,ok,,0.0568216555903752,0.8567571808507778,3.647775980700304,1.7678399999999923,0.484635024012796,0.484635024012796,6.789501819546756,1.4014994453233305,0.1062380602895332,1.8325658755909413,14.509688422184796,23.131756117322496,8.622067695137698,0.0568216555903752,10.45582095950557,31.2928003074203,0.4917771119289577,38.31723148450224,0.6881490222791473,0.0081659165323354,7.777721558702566,1000000.0,1003612.403442146,19.01854497887907,0.4962555959901653,15.46941320796197,0.7303267130652589,0.0081774760965958,7.740676044968577,1000000.0,609956.5219063926,0.1499489987714987,1.1403,False,0.2
ah83150q,ok,,0.0643418098406569,0.8137860069680238,3.840393222345983,1.76784,0.4603278616662276,0.4603278616662276,6.44248412452952,1.2150113435806993,0.0796822607441883,1.855249717443072,16.64984675411428,24.947580596086876,8.297733841972592,0.0643418098406569,10.295320800295718,31.29280030806447,0.5583874861444177,39.6251330619039,1.4089148870539558,0.0076339758892507,7.681002051992057,1000000.0,953275.6171900992,18.4976370988391,0.5315242636125322,13.772043920192909,1.1790369966960603,0.0076497373369345,7.89361463785857,1000000.0,563495.316761729,0.1500284620213433,1.4302,False,0.2
ah83159,ok,,0.0620604759594925,0.8567571810874084,3.6477759796858,1.7678399999982932,0.4846350241471148,0.4846350241471148,6.827207895124335,1.408694968138266,0.1062380621439937,1.8535409738617663,15.99542997612266,24.67617884510876,8.680748868986102,0.0620604759594925,10.433395177207736,31.29280030767937,0.5246112703585256,39.59813780035884,0.772367659191629,0.0077626938160773,7.614776547797027,1000000.0,1003612.4037286106,18.762997103628887,0.5133355411646588,14.659279799336366,0.6738426608913092,0.007718014093524,7.715271312858088,1000000.0,601760.6746336729,0.15942,1.2832,False,0.2
ah85l120,ok,,0.0440786635548343,0.8567571803710108,3.647775982743015,1.7678399999999996,0.4846350237414081,0.4846350237414081,6.36266239195274,1.163906348034765,0.1062380565243294,1.7575002250138378,10.919791935369052,19.03995455233563,8.120162616966578,0.0440786635548343,11.992153002741777,31.29280030582869,0.4047861225802098,33.40935413586889,4.366986394554448,0.0088050604345469,8.196821899802892,1000000.0,1003612.4028290934,22.74471591726701,0.3267775847429786,15.461740741437776,3.136898322776802,0.0060492139770417,9.961129327488914,1000000.0,729461.0507945393,0.1210386117936117,0.7617,False,0.2
ah88k130,ok,,0.0646946857719279,0.8416502522581457,3.713250554152318,1.7678399999999994,0.4760896078028249,0.4760896078028249,6.340994857064024,1.1743671425268822,0.0791445338609562,1.883831418847265,16.722754320199087,24.947580596110377,8.224826275911289,0.0646946857719279,9.770337123608124,31.292800308091,0.5399011305121818,39.41956724634308,-0.1208734494155723,0.0064770447381511,7.883832618543463,1000000.0,985916.023144144,17.288059900792838,0.5831883931783686,14.237981504469271,0.2647457481101484,0.0065066414483271,7.495777321644109,1000000.0,544680.4088306668,0.1299644594594594,1.3497441471571907,False,0.2
ah88k136,ok,,0.0590027531004011,0.8567571809058011,3.647775980466042,1.7678399999999943,0.4846350240439201,0.4846350240439201,6.576140441123504,1.2808512343155325,0.1062380606699007,1.8409748640835508,15.128576364421724,23.54569166962878,8.417115305207055,0.0590027531004011,10.63843592340375,31.29280030762396,0.500577309739753,38.622545121990775,1.6197768604371956,0.0078684221283175,7.7817133905136355,1000000.0,1003612.4035131312,19.26232333197305,0.4722745079831565,14.765438683196631,1.429235912587051,0.0078728745461435,8.005062550764379,1000000.0,617774.901140396,0.1354082650320764,1.1786,False,0.21
ah93156,ok,,0.0588069715180801,0.8567571809094237,3.6477759804485776,1.7678399999995,0.4846350240461048,0.4846350240461048,6.860491239999364,1.4282142783961511,0.1062380607537344,1.8451963227785129,15.068046929997823,23.773734492775706,8.705687562777877,0.0588069715180801,10.639888909497124,31.292800307583907,0.50542546049694,38.62921107900509,1.0357201096389268,0.0073137027094678,7.877122262699967,1000000.0,1003612.4035163712,19.22087960352368,0.4905746749397265,15.156111681520432,0.8960436223493367,0.0072394089662576,8.022890608739786,1000000.0,616445.7315095615,0.1566299106699752,1.1997,False,0.2
ah93157,ok,,0.0611701679686448,0.8567571806318628,3.647775981609996,1.7678399999945713,0.4846350238904503,0.4846350238904503,6.862788462579455,1.428115728771434,0.1062380580802574,1.848138740273738,15.744774207946826,24.45570141080002,8.710927202853192,0.0611701679686448,10.547827190842098,31.29280030760837,0.5199239587297521,39.24257127913085,1.1775946475563135,0.0072895639671353,7.76027055071705,1000000.0,1003612.4031948168,19.02423405954144,0.5010702153657199,14.764618949602756,0.9961301665311888,0.0072078404220831,7.940643600523078,1000000.0,610138.9800769893,0.1568382147623286,1.2628,False,0.2
ah93k130,ok,,0.0644280973717283,0.8460227387657456,3.694059417551124,1.7678399999999992,0.4785629574880906,0.4785629574880906,6.417667304947698,1.215016611495538,0.0790633683774011,1.8596725226820607,16.670240768459305,24.947580596089065,8.277339827629758,0.0644280973717283,10.610333015712218,31.29280030807089,0.5371107676764815,39.52291288680112,1.883362565661935,0.0066693060922352,7.831931783813619,1000000.0,991037.9897766288,19.01828213713269,0.482472423856213,13.66307603867865,1.5304038928534671,0.0067809896337586,8.299075427545626,1000000.0,602305.9589629505,0.1305256731181721,1.3376,False,0.2
ah93k131,ok,,0.0639335074182413,0.8567571809907213,3.647775980104461,1.76783999999999,0.4846350240919575,0.4846350240919575,6.50142465428425,1.2351879221967468,0.1062380611823885,1.8300989327618964,16.557567274807738,24.889090861853884,8.331523587046146,0.0639335074182413,10.52758173710908,31.29280030802913,0.5291377428511727,39.33546154342107,1.89861820587046,0.0065654151215723,7.847888557030308,1000000.0,1003612.4036256048,19.17488639302023,0.4717450955992165,13.675212856223313,1.5384946311466887,0.0066151752661677,8.366549292199451,1000000.0,614970.6524413942,0.1309305745550929,1.3029,False,0.2
ah93k132,ok,,0.0640956645003766,0.8556865492668069,3.652340063400376,1.767839999999994,0.4840294083552866,0.4840294083552866,6.5132770196890055,1.251402672798973,0.0964086190885508,1.8466448470439063,16.587658725179537,24.94758059191245,8.359921866732911,0.0640956645003766,10.653605070850322,31.292800308040736,0.5310448352897003,39.43511236850398,2.258255712253541,0.0067103633669509,7.80513892080534,1000000.0,1002358.2568249016,19.23056128506883,0.4712050222046222,13.696794853025557,1.8543466757596865,0.0068193811155073,8.31922105367283,1000000.0,615985.5205580005,0.132262740585774,1.3112,False,0.2
ah93w145,ok,,0.0651306623489868,0.7842127087775848,3.985217569951846,1.767839999999989,0.4435993691610042,0.4435993691610042,6.2156053376554325,1.0846238960685108,0.0802947586490764,1.8615642832501424,16.870410975248582,24.94758059615416,8.077169620905575,0.0651306623489868,10.105802454327266,31.29280030812196,0.579444731772035,39.38007600937594,1.0595555442118838,0.0069227053381426,7.890001612940006,1000000.0,918633.2126241928,18.09553851252335,0.56103327613759,13.482011568010318,0.8976620381333954,0.006898480457034,8.053310948186175,1000000.0,531213.650240488,0.1448191919514532,1.5218448160535116,False,0.2
ah93w174,ok,,0.0641207369261366,0.7858565808919445,3.976881204014145,1.7678399999999987,0.4445292452325692,0.4445292452325692,6.506066041467516,1.2270074725507056,0.0802595105767248,1.8654797568772936,16.57603479772847,24.947580596073283,8.37154579834481,0.0641207369261366,10.466371666809088,31.29280030804752,0.5782326365134783,39.59182993758501,1.1952384394692952,0.0074993237173232,7.764747391540592,1000000.0,920558.857927991,18.701840868233617,0.543250289537213,13.881467248846684,0.8914027337465612,0.0074628949708493,8.057940328784293,1000000.0,550163.1398064658,0.1742373458958799,1.5165695652173912,False,0.2
ah93w215,ok,,0.061915884670925,0.808538732206113,3.8653167017400314,1.7678399999999996,0.4573596774629566,0.4573596774629566,7.140194981437371,1.5708936924697243,0.0797876700056079,1.839287008118203,15.968098606332914,24.94758059588849,8.979481989555573,0.061915884670925,10.689056152820786,31.292800307873915,0.5620113231340673,39.65957057447643,2.4803840831136568,0.0078508007362634,7.646040733596078,1000000.0,947128.9164001008,19.371738624154677,0.527860993883235,14.843953196952038,2.106569130466087,0.0078645946875912,7.911589032582603,1000000.0,586318.0549957037,0.2121707952730757,1.4459715719063544,False,0.2
ah93w257,ok,,0.0614977133221207,0.7653147685547723,4.083624665314856,1.7678399999999996,0.4329095215374539,0.4329095215374539,7.174485556309016,1.5565487221894987,0.0807109377887472,1.8398858813519805,15.847231104750652,24.86160254241165,9.014371437660998,0.0614977133221207,10.748555390361018,31.29280030962501,0.5917066980133269,40.000000002092975,1.785597142308999,0.0095185289128143,7.425719009972389,1000000.0,896496.0101652341,19.47322838389446,0.5540204023020155,14.94416660622636,1.486261458750674,0.0094466922554949,7.688264747952155,1000000.0,557881.4097320705,0.2567242455911169,1.5752110367892975,False,0.2
ah93w300,ok,,0.0576500182292805,0.7536795650521004,4.146667112281273,1.7678399999999996,0.4263279284619086,0.4263279284619086,7.734744797569248,1.8637936902387144,0.0809775030150174,1.8215351215686555,14.758961316468836,24.31524123560674,9.556279919137904,0.0576500182292805,10.585645864123476,31.29280030923716,0.5876372299839999,40.00000000154333,1.6700392651238818,0.0110039503210136,7.262530594120121,1000000.0,882866.4371391208,19.37129061961651,0.6026863093204922,16.61506465910975,1.7927620874292909,0.0110433822604341,7.170726978291124,1000000.0,546523.8701273714,0.2998273758389261,1.5575,False,0.2
ah93w480b,ok,,0.0335021739134574,0.4870101890170304,6.417233840441696,1.7678399999999983,0.2754831823111994,0.2754831823111994,7.402890224096779,1.7348921674034152,0.0389101703560547,1.7180281282999998,7.917401185523791,17.038319537920568,9.120918352396778,0.0335021739134574,10.14920735710848,31.29280028950367,0.6372446122446153,39.99999999944641,1.34455055062597,0.0402288505573661,5.0890433584307,1000000.0,570487.7378850701,19.69158166451983,0.8614808676626866,21.267670790089788,2.9732551670567844,0.0424016741342947,5.170687627883987,1000000.0,358990.1119504195,0.4783359519345417,1.7734,False,0.2
ah94145,ok,,0.0656063709629921,0.7428957418758159,4.206859845109227,1.7678399999999996,0.4202279289278532,0.4202279289278532,6.0787886423704975,1.022585688053623,0.0812321534225685,1.871685031363954,16.997106922451483,24.947580596185933,7.950473673734452,0.0656063709629921,9.39233881506424,31.292800308158213,0.6116711902831448,39.39870024291754,-0.5030168702303842,0.0074881881717361,7.853437813199719,1000000.0,870234.1780061024,16.72706439683347,0.6822318567766269,13.757145465276691,0.0726809973693876,0.0069375251919115,7.404640200282205,1000000.0,465169.7193120349,0.1456851370193597,1.6621,False,0.2
ah94156,ok,,0.0616354935131341,0.8567571809417759,3.64777598031288,1.767839999999996,0.4846350240642693,0.4846350240642693,6.828389004013218,1.4093630118810432,0.1062380609088056,1.8477775612237664,15.878965848155508,24.55513241339249,8.676166565236985,0.0616354935131341,10.521747721093522,31.29280030785033,0.5220378443569097,39.34648815867924,1.3315348369673117,0.0074603339205489,7.703442323640087,1000000.0,1003612.4035625318,18.980906111023927,0.501351782584964,14.635496289834013,1.1423246289677709,0.0074316427018455,7.882356515876304,1000000.0,608749.3805755884,0.156056859375,1.272,False,0.2
ah94w301,ok,,0.0589993124102988,0.7335519730956588,4.260445585622397,1.7678399999999996,0.4149425135168674,0.4149425135168674,7.511985167005299,1.7370693041318523,0.081458774629652,1.830742598297172,15.137819065874856,24.480546831177328,9.34272776530247,0.0589993124102988,10.807500547659892,31.29280030928298,0.607865766103463,40.00000000177345,2.7376337874524337,0.0108930294310519,7.311904438705458,1000000.0,859288.8104900593,19.6778082615442,0.5866724220068629,15.891071140403456,2.5718747361687035,0.0108888624791303,7.433557665376543,1000000.0,540345.3921347448,0.300914225996081,1.645538127090301,False,0.2
ah95160,ok,,0.0649252893176252,0.7521918280362139,4.154868677261845,1.767839999999998,0.4254863720903558,0.4254863720903558,6.274671872553979,1.1263599875443029,0.0810122160085739,1.8678894992795585,16.805019224303976,24.947580596137517,8.142561371833537,0.0649252893176252,9.55279096178008,31.292800308107985,0.6041117514881224,39.489854037257096,-0.3892612666749909,0.007569639915112,7.818069797515875,1000000.0,881123.6897389211,17.04738773441822,0.6643899726367827,14.08401114865573,0.1189410797842716,0.0072387877802458,7.4128215521654175,1000000.0,480010.0033575037,0.1599531173149262,1.6292,False,0.2
ames01,ok,,0.0663400540475993,0.7874428646845424,3.968869877120556,1.7678399999999994,0.4454265457759427,0.4454265457759427,5.867776917821804,0.9120401840425486,0.0802256286157248,1.8529138948830493,17.226889783528257,24.94758059623311,7.720690812704853,0.0663400540475993,10.83888173321937,31.292800308210964,0.5770678014471917,39.76620198090793,4.138785700961524,0.0081998900045832,7.618027847703719,1000000.0,922417.043805358,19.49880449230389,0.4599678286631812,12.324208862854546,3.0186678121879904,0.0077998607978253,8.628650444434715,1000000.0,574765.742291533,0.10275,1.5115,False,0.21
ames02,ok,,0.0669512168646762,0.8128501424143213,3.844814809673316,1.7678399999999,0.459798478603475,0.459798478603475,5.594896612149625,0.7587889763896134,0.0797009213078707,1.8433788491217504,17.41219897734579,24.85047443861716,7.438275461271375,0.0669512168646762,11.002968118894945,31.29280031024793,0.5568544041022784,40.0000000038316,4.913430234016854,0.0089874388006629,7.422395242303007,1000000.0,952179.3378263748,19.89637692424998,0.4123064128480187,11.583934009705509,3.6551148009162007,0.0077780108308092,8.80406187090427,1000000.0,605408.2350268963,0.077352,1.4235277591973243,False,0.2
ames03,ok,,0.0664279444263853,0.7943058698248255,3.934577829935005,1.7678399999999996,0.4493086873386877,0.4493086873386877,5.842499109477731,0.9001022758516413,0.0800805969730864,1.8525742315847935,17.252507255177438,24.947580596239963,7.695073341062525,0.0664279444263853,10.899231512223094,31.292800308217203,0.5720817885796879,39.78045434598456,4.487535847025308,0.0082828688668719,7.586945287813394,1000000.0,930456.4244349648,19.61096677693232,0.4492967751760274,12.201014959698032,3.4692253781956026,0.007753768984275,8.67382781804437,1000000.0,583110.1674267803,0.0999798,1.4898,False,0.2
amsoil1,ok,,0.0660527367599896,0.7736124059472322,4.03982438954472,1.7678399999999996,0.4376031801222013,0.4376031801222013,5.950411120003121,0.9636158135234064,0.0805257166578724,1.854432840475442,17.142736635735073,24.94758059621364,7.804843960478563,0.0660527367599896,10.58374265072634,31.292800308190447,0.5873844824562231,39.25097929763344,3.2069617453286097,0.0066776539618963,7.962713926581973,1000000.0,906215.9307652136,19.02422206891185,0.4972025016176033,12.36773109198948,2.323726216343607,0.0057552864747296,9.073700164827772,1000000.0,550927.1442463631,0.11624,1.5564,False,0.2
amsoil2,ok,,0.0653106828651585,0.7819857302966229,3.996566873943499,1.7678399999999994,0.4423396519462299,0.4423396519462299,5.99981674608081,0.9896659535518704,0.0803427676601891,1.850071519230676,16.933678735236953,24.78356700054844,7.849888265311486,0.0653106828651585,10.963462842255945,31.292800310024504,0.5772745947769566,40.00000000287087,4.065605655266515,0.0095016118610177,7.402411179465729,1000000.0,916024.5117834104,19.75322346243661,0.4588756503555403,12.434853059819815,2.980989219343298,0.0085113575687331,8.452134185860048,1000000.0,578230.0305201717,0.1176190827218145,1.5124,False,0.2
apex16_NASA_CR-201062,failed,airfoil 'apex16_NASA_CR-201062' not found in the aerosandbox UIUC database,,,,,,,,,,,,,,,,,,,,,,,,,,,,,,,,,,,0.0
apex16,ok,,0.0648493561433018,0.8414511995232211,3.71412895646322,1.7678399999999734,0.4759770112245643,0.4759770112245643,6.296510716061886,1.1392439808301769,0.079148247704308,1.872790018791564,16.778279861290102,24.94758059614355,8.169300734853449,0.0648493561433018,10.112193858538417,31.292800308094773,0.5400288489073584,39.196605645745805,1.2956045296860246,0.0056327884448288,8.08345499820898,1000000.0,985682.8511345428,17.998447516045974,0.5345547290986986,13.76578546115334,1.2415468116099406,0.0056271269511826,8.139386735132161,1000000.0,566927.8840162627,0.1291832674786435,1.3503,False,0.2
aquilasm,ok,,0.0668728266246235,0.8006356704694476,3.9034711803027737,1.7678399999999652,0.4528892153528958,0.4528892153528958,5.714548279161916,0.8180257574974783,0.0799490333352711,1.869609894117223,17.363422423000262,24.9475805962794,7.584158173279139,0.0668728266246235,9.47903952651636,31.292800308246672,0.567558927797989,39.037114533480775,1.3747159624947314,0.0055931753694874,8.159402216695918,1000000.0,937871.204936582,16.90020924746995,0.5915542799732829,12.974484299261764,1.576109234935294,0.005654324862959,7.916810291390806,1000000.0,506513.30192485073,0.0938150349999999,1.4701157190635452,False,0.2
arad10,ok,,0.0675645946514543,0.6890090775218071,4.535873862273004,1.7678399999999996,0.3897462878551267,0.3897462878551267,5.515591580562356,0.7319578259699973,0.0788104640153424,1.8754721538245864,17.556516861932252,24.94758059631919,7.391063734386942,0.0675645946514543,9.765592148524556,31.292800308296457,0.6595093410412879,39.31701042338773,1.9166883439485185,0.0075890669424442,7.945165950317558,1000000.0,807110.8964827152,17.35668202912694,0.6351187074593769,12.368304240029923,1.6898572771697584,0.0077327535489147,8.10403324935201,1000000.0,447667.420444313,0.0999999999999999,1.8703,False,0.2
arad13,ok,,0.0665868357557363,0.6933328967774091,4.50758687511599,1.7678399999999996,0.3921921083228172,0.3921921083228172,5.796800995234301,0.873389275485396,0.0793399512951359,1.8702186931022275,17.28056090791821,24.94758059625474,7.667019688336529,0.0665868357557363,10.301999020678643,31.292800308228426,0.655396455008474,39.59132701469193,2.6056481780903438,0.0085181107411465,7.761433506162713,1000000.0,812175.8538951101,18.361487275391287,0.5850262827672141,12.458649207617238,2.005645401946745,0.0080603117931933,8.377951324215978,1000000.0,476555.5162780947,0.13,1.8524,False,0.2
arad20,ok,,0.0647232791395797,0.6826353091828546,4.5782253328517015,1.7678399999999996,0.3861408889847807,0.3861408889847807,6.332771230354519,1.1361968814451369,0.0780274112617702,1.867647614815808,16.747161750952756,24.94758059612308,8.200418845170326,0.0647232791395797,10.434372238788107,31.292800308093124,0.6656671821358795,39.907991655815806,2.4722711394804806,0.0101164433581441,7.505067110404018,1000000.0,799644.6118582687,18.62302102390476,0.6178077294038772,13.497426499674232,2.0799865422195647,0.0099972977348077,7.823642126550172,1000000.0,475885.7715407878,0.2,1.8971,False,0.2
arad6,ok,,0.0686230677014335,0.7203595433531657,4.338469996596963,1.7678399999999996,0.4074800566528451,0.4074800566528451,5.211168283551229,0.5735802751247152,0.0817886943412894,1.889811899245824,17.846600413708785,24.94758059650584,7.100980182797054,0.0686230677014335,8.228467764750718,31.29280030836789,0.6308071113682993,39.25128442999296,0.1041279868686926,0.0068995147938052,8.017728166539452,1000000.0,843835.0898338906,14.513733294540216,0.8346742787543883,13.472876357708913,1.9728763222562915,0.0070269223795191,6.539154878677189,1000000.0,391374.2879427922,0.060239,1.7469588628762542,False,0.2
as5045,ok,,0.0652244540633571,0.7687408669622651,4.0654249044280215,1.7678399999999943,0.4348475353891005,0.4348475353891005,6.188630269249291,1.072297687427891,0.0806339581856042,1.849337044541703,16.909613282371375,24.947580596162368,8.037967313790993,0.0652244540633571,10.47216180859831,31.292800308129664,0.591106759401801,39.36624163622671,2.885645468278481,0.006986656224866,7.905910199637128,1000000.0,900509.3699565529,18.87552414076669,0.5234492047565654,13.187732315837737,2.314221551962981,0.0070533492227206,8.472710618021962,1000000.0,543178.8201833011,0.1499265741191685,1.5726,False,0.2
as5046,ok,,0.0644405225998695,0.7870981271031661,3.970608184651884,1.76784,0.4452315408086513,0.4452315408086513,6.414093733649779,1.1957665260225283,0.0802329804508337,1.8514301814636875,16.682056680983223,24.94758059609669,8.265523915113466,0.0644405225998695,10.601718738879354,31.29280030807192,0.577320548789441,39.40329778194842,2.670463578795602,0.0071626777517783,7.833188542129363,1000000.0,922013.2153649856,19.08743997842421,0.5141057478720424,13.51788236309276,2.1308307624635936,0.0071699664530793,8.369615888560196,1000000.0,562393.6411677892,0.1599219795002925,1.5126,False,0.2
as5048,ok,,0.0631386138525042,0.8056637283273761,3.879110050154896,1.7678399999999967,0.4557333968726681,0.4557333968726681,6.788530620277461,1.4052045496011685,0.0798460058643628,1.838313655981672,16.32073631973414,24.947580595993276,8.626844276259133,0.0631386138525042,10.543604385086669,31.292800307970868,0.5640168555617556,39.53411964480557,2.449666361605577,0.0075376801397323,7.71742037627473,1000000.0,943761.1132294117,19.11825429568548,0.5225261100527284,14.214553867562394,2.087710717574092,0.0075783395337654,8.045755957810785,1000000.0,576588.3775030258,0.1798236564282951,1.4547,False,0.2
as6091,failed,Maximum_Iterations_Exceeded,,,,,,,,,,,,,,,,,,,,,,,,,,,,,,,,,,,1.32
as6092,ok,,0.0215261992812393,0.856757181099594,3.647775979640942,1.7678399999999954,0.4846350241535411,0.4846350241535411,5.015476005914236,0.3965793285177892,0.1062380618695479,1.741622999044686,4.449443050775642,11.206542055734564,6.757099004958922,0.0215261992812393,7.535443320342978,31.29280029838753,0.2382491351071021,24.00975984911879,-3.1145363053133943,0.0077953894360211,8.95745544678436,1000000.0,1003612.4034439136,14.4222626911341,0.6763041362443437,14.082348983398186,0.8908875704870185,0.0062654317978943,6.681215143019108,1000000.0,462546.0676107796,0.0505057703053793,1.740892976588629,False,0.2
as6093,ok,,0.0524167801132664,0.8567571657617354,3.6477760449217302,1.76783999999454,0.4846350154789922,0.4846350154789922,5.111515632230217,0.4413877677324628,0.1062381310413414,1.8666427354013864,13.20874272134361,20.18690108897521,6.978158367631604,0.0524167801132664,8.36601017837503,31.292799933571736,0.4291700239821724,33.80217427966033,-1.245527245750128,0.0060722582942379,8.967016603243295,1000000.0,1003612.3737798652,14.939495419077566,0.6509048908981934,14.169079386759565,0.7799462807397805,0.0065995148273948,6.826049341686849,1000000.0,479134.577041426,0.0605979193005162,1.80068127090301,False,0.2
as6094,failed,Maximum_Iterations_Exceeded,,,,,,,,,,,,,,,,,,,,,,,,,,,,,,,,,,,1.38
as6095,failed,Maximum_Iterations_Exceeded,,,,,,,,,,,,,,,,,,,,,,,,,,,,,,,,,,,1.39
as6096,failed,Maximum_Iterations_Exceeded,,,,,,,,,,,,,,,,,,,,,,,,,,,,,,,,,,,1.35
as6098,failed,Maximum_Iterations_Exceeded,,,,,,,,,,,,,,,,,,,,,,,,,,,,,,,,,,,1.37
as6099,failed,Maximum_Iterations_Exceeded,,,,,,,,,,,,,,,,,,,,,,,,,,,,,,,,,,,1.34
atr72sm,ok,,0.0653430040384473,0.7570290745568519,4.128319995410283,1.7678399999999983,0.4282226188777562,0.4282226188777562,6.154534574234723,1.0503805364316208,0.0808998960201551,1.8291963860160412,16.96384963591756,24.94758059616832,7.983730960250764,0.0653430040384473,10.604404672816154,31.292800308138563,0.6002516124703254,39.72172041634936,3.7264019259460346,0.0086010949067521,7.604174626980079,1000000.0,886790.0800721166,19.32434146835443,0.5037212202081522,12.793410697901376,2.9632364544055907,0.008220804852689,8.406965571028524,1000000.0,547622.2693181628,0.1451714545454545,1.6124,False,0.2
august160,ok,,0.0660061509657567,0.7002807105202319,4.462864989210218,1.7678399999999996,0.3961222228936057,0.3961222228936057,5.963809478220316,0.935897829355888,0.080197675145725,1.8618613955242205,17.12190972247279,24.947580596217325,7.825670873744537,0.0660061509657567,10.286514971864571,31.292800308187104,0.6488939590405364,39.57847659402851,2.5029081944796783,0.0086078905743219,7.729207192321112,1000000.0,820314.5800175228,18.416184642946767,0.587700977552712,12.778235393072702,2.120434945740567,0.0083505218231957,8.225914318329705,1000000.0,482764.8731376586,0.16038,1.8241,False,0.2
avistar,ok,,0.0633937680836749,0.8567571810016757,3.647775980057833,1.7678399999999928,0.4846350240981533,0.4846350240981533,6.681514724059195,1.3190656427540006,0.1062380611637957,1.8431948291541445,16.38923905783875,24.91394861105209,8.52470955321334,0.0633937680836749,10.926588027873256,31.292800307922857,0.529666214272186,39.34282782669316,2.847931220162132,0.0065392834256503,7.849179299388024,1000000.0,1003612.4036350268,19.760233436432305,0.4545105977898225,13.818202891022509,2.487029034138774,0.0064209640348508,8.591771292557679,1000000.0,633743.7103865069,0.1451705393602225,1.3052,False,0.2
b29root,ok,,0.0597784051543764,0.8567571809375422,3.647775980330666,1.767839999999938,0.4846350240618903,0.4846350240618903,7.638200529576928,1.8222754437817097,0.1062380610463274,1.8165174667092727,15.376116017727895,24.830834014014098,9.4547179962862,0.0597784051543764,11.60127885735747,31.29280030754987,0.5278992124474535,39.80363392193779,5.111773952136976,0.0079529527197244,7.547301477906007,1000000.0,1003612.403547969,21.28849858767367,0.4343172495579883,15.30881038821316,4.079459504057627,0.0077350345336472,8.344491703667408,1000000.0,682757.7278326217,0.2197918691187266,1.2975096989966557,False,0.2
b29tip,ok,,0.0607072674950749,0.856757181025429,3.6477759799486096,1.767839999998032,0.484635024112127,0.484635024112127,5.888846199635686,0.8839458098154538,0.1062380616945856,1.8407892321047103,15.618990719941127,23.348626151681525,7.729635431740396,0.0607072674950749,10.441355711070024,31.292800307695416,0.4963877310310411,37.69146393728984,2.585192779410168,0.0059834302931531,8.308098582049881,1000000.0,1003612.4036566702,18.90738952069244,0.4501367103495655,13.554888734151463,2.226186024411536,0.0059737995765646,8.785028377689056,1000000.0,606391.5807198836,0.0899928966451689,1.160366220735786,False,0.2
b540ols,ok,,0.0668651563109689,0.8133509842915192,3.84244726544639,1.7678399999544865,0.4600817858587085,0.4600817858587085,5.716753839574399,0.8051307827070713,0.0796898794935397,1.852211701788556,17.378614821619,24.947580362981952,7.568965541362955,0.0668651563109689,11.055584115476504,31.292799925485923,0.5586861492591001,39.85954312674868,4.912302869503827,0.0083891067245413,7.525588743947717,1000000.0,952766.0164275576,19.89618520172554,0.4193003446038665,11.692429761994326,3.681053592645836,0.007171137224291,8.977130914010486,1000000.0,605775.4231609751,0.0970883428571428,1.4315,False,0.2
b707a,ok,,0.0603185838281473,0.8567571809486121,3.6477759802836767,1.7678399999999723,0.4846350240681427,0.4846350240681427,6.161806322863285,1.0180138320007135,0.1062380609569952,1.8287952893874877,15.519196872220796,23.509798484471567,7.990601612250773,0.0603185838281473,11.1979324309321,31.29280030773305,0.4998142268375308,39.77252370129764,5.096153987396697,0.0107352582718621,7.149085316427892,1000000.0,1003612.4035667916,20.4103989402455,0.3993236722434057,13.944088276731836,4.15503809712537,0.0102844391141023,7.7553172205866945,1000000.0,654595.6046354491,0.1142907,1.1752789297658863,False,0.2
b707b,failed,airfoil 'b707b' not found in the aerosandbox UIUC database,,,,,,,,,,,,,,,,,,,,,,,,,,,,,,,,,,,0.0
b707c,failed,airfoil 'b707c' not found in the aerosandbox UIUC database,,,,,,,,,,,,,,,,,,,,,,,,,,,,,,,,,,,0.0
b707d,ok,,0.0586824041905572,0.8567571809294705,3.647775980365272,1.767839999999996,0.4846350240573086,0.4846350240573086,5.887957591708142,0.8954499029456661,0.1062380608285822,1.8360982402979693,15.041318690229298,22.76537452223541,7.724055832006112,0.0586824041905572,10.879813026575532,31.292800307595133,0.4839879028894268,38.17459641524277,2.4955534452545542,0.0084901428664373,7.755773509394277,1000000.0,1003612.4035399328,19.751690092591684,0.4121786034133862,13.899183806610385,1.919146179123652,0.0081626978237972,8.365762399834264,1000000.0,633469.7110181772,0.0897,1.1064,False,0.2
b707e,ok,,0.0591021275755544,0.8567571809020729,3.6477759804772263,1.7678399999988583,0.4846350240421226,0.4846350240421226,5.896935189354455,0.9017793656083374,0.1062380606025741,1.8397934646250051,15.158338468322915,22.895067122302372,7.73672865397946,0.0591021275755544,10.262020380734782,31.29280030760069,0.4867451450254802,38.38329737081516,2.6366121023343725,0.0085010634056936,7.732935034696381,1000000.0,1003612.4035086628,18.59270361601238,0.4659301749111039,13.987919335523078,2.524045750355672,0.0084299921048677,7.902883689442808,1000000.0,596299.0777548952,0.0900887,1.1184,False,0.2
b737a,failed,airfoil 'b737a' not found in the aerosandbox UIUC database,,,,,,,,,,,,,,,,,,,,,,,,,,,,,,,,,,,0.0
b737b,ok,,0.0660147833173202,0.7705679932041948,4.055785204112194,1.7678399999999996,0.4358810713662973,0.4358810713662973,5.961326761319142,0.9450579502153766,0.0805932196377658,1.856074322501266,17.13017951239212,24.94758059621253,7.817401083820408,0.0660147833173202,10.855978272663911,31.29280030818773,0.5897051612532691,39.66726654768851,4.151779971362476,0.0081427442952693,7.664906423206121,1000000.0,902649.6806554472,19.49630669608509,0.4760505284834301,12.415903840343931,3.157125653817966,0.0075579214535269,8.712402075304837,1000000.0,562376.4840431134,0.1254468594217348,1.5665,False,0.2
b737c,failed,airfoil 'b737c' not found in the aerosandbox UIUC database,,,,,,,,,,,,,,,,,,,,,,,,,,,,,,,,,,,0.0
b737d,ok,,0.0657144084575222,0.8449131399256166,3.6989107139167263,1.7678399999999677,0.477935299532555,0.477935299532555,6.047716400812171,1.0065971389594792,0.0790838852366263,1.8791309309538071,17.020733264437478,24.94758059620345,7.926847331765979,0.0657144084575222,10.796432961679145,31.29280030815883,0.5378161389814857,39.265011688987975,3.537853357654029,0.0058731419389262,8.019946008717666,1000000.0,989738.196578143,19.151464796546676,0.4562372643834878,12.715235010702177,2.7491921888324438,0.0052931927118298,9.053748286964156,1000000.0,605728.3478277227,0.108,1.340669899665552,False,0.2
bacnlf,ok,,0.0471430976188083,0.8567571805901383,3.647775981808826,1.767839999999704,0.4846350238654413,0.4846350238654413,6.062767652005223,0.9976130788335492,0.1062380583118158,1.7956794286297382,11.76296263652321,19.62140971715817,7.858447080634962,0.0471430976188083,11.40202396208648,31.292800306288584,0.4171477581454882,31.611417921246765,1.619544902370985,0.0051271119492439,9.48113547439478,1000000.0,1003612.4031006986,21.1656635000217,0.3651922252104062,14.716585269396706,1.129859007424213,0.0050492070868768,10.155556981677757,1000000.0,678818.201009921,0.1007728696961884,0.8155,False,0.2
bacxxx,ok,,0.0656125634154471,0.8201552116584369,3.810569293683308,1.7678399999999923,0.4639306790537833,0.4639306790537833,6.077007655316404,1.0216008654316038,0.0795561257109189,1.8507243309671664,17.019848609898304,24.94758059618188,7.92773198628357,0.0656125634154471,10.656884169227077,31.292800308157528,0.5540511310908046,39.59801830547482,3.4485700885507287,0.0073931459518963,7.719861198712427,1000000.0,960736.5559167468,19.194078035486275,0.4679772230430642,12.705563239884707,2.6524359937842963,0.0069357022437466,8.582827197395137,1000000.0,589287.3838140729,0.1131,1.4113274247491638,False,0.2
bambino6,ok,,0.0329997042543984,0.8566824996698812,3.648093975077507,1.767840000000009,0.4845927797028446,0.4845927797028446,6.423140375793362,1.194330857927377,0.1055300456981402,1.6479722583634024,7.842943716225405,15.914056350382168,8.071112634156764,0.0329997042543984,11.769991079015028,31.292800303445244,0.3383595641658638,31.246056750634786,2.2025831319595284,0.0118834824964497,7.361129225441418,1000000.0,1003524.9211655452,23.807017015977724,0.2964898743200892,18.78024155706561,1.7174284045126147,0.011761934050902,7.308350383692108,1000000.0,763464.2678979265,0.12,0.4726,False,0.2
be50,ok,,0.0679403932037548,0.7980618895871148,3.916060027896863,1.767839999999983,0.4514333251805155,0.4514333251805155,5.407509627650096,0.6477276259503126,0.080002278626702,1.8642975792987555,17.675773389395925,24.94758059634477,7.271807206948851,0.0679403932037548,9.536409882461284,31.29280030832154,0.5693893275904474,39.43963894102196,0.0099436104586615,0.00637846090284,7.983841911911957,1000000.0,934856.2568589406,17.05094363395274,0.5590044481234095,12.284029857528324,-0.084260784962928,0.0064113486010212,8.070305119339727,1000000.0,509388.1399074071,0.07275,1.478081939799331,False,0.2
be50sm,ok,,0.0682374705050355,0.7607315059224754,4.108227727219191,1.7678399999999783,0.4303169437972241,0.4303169437972241,5.3220683860846245,0.6089551007985352,0.0808149717091095,1.9081487931681889,17.717363417115237,24.94758059636805,7.230217179252813,0.0682374705050355,9.806191459395553,31.29280030834163,0.5973302264329899,38.74324876152589,0.9985703717359564,0.005161822114738,8.324219027524922,1000000.0,891127.1386104429,17.130375252539704,0.5776868787749161,12.070184334632533,0.810450441749948,0.0052497505842575,8.500416709113393,1000000.0,487822.8260719004,0.0731552662721893,1.599685618729097,False,0.2
boe103,ok,,0.0656711943159336,0.7736426688772121,4.039666361907981,1.7678399999999967,0.4376202987132396,0.4376202987132396,6.060145051174357,1.0113117972324432,0.0805250439689423,1.8613191159840392,17.02611642902953,24.94758059618792,7.921464167158396,0.0656711943159336,10.218597862584549,31.29280030816267,0.5873615054723255,39.31989015511829,1.5110118712175784,0.0061224355678867,8.084357910902828,1000000.0,906251.3810093246,18.299921052105024,0.5453470063475704,13.141927744527086,1.1985926659266548,0.005928398994561,8.52999792113125,1000000.0,529972.6634405998,0.1272,1.5563,False,0.2
boe106,ok,,0.0654867242354606,0.7805741847173077,4.00379403622199,1.7678399999999996,0.4415411941789459,0.4415411941789459,6.113199770061937,1.0384860762722807,0.0803733333339991,1.8504838803324408,16.983896945779044,24.94758059617342,7.963683650394377,0.0654867242354606,10.39010284681178,31.292800308149477,0.5821457224518034,39.11851683988749,2.1298534414509858,0.0062235508314419,8.0495963088564,1000000.0,914371.0156352066,18.71601072786287,0.519492836114886,12.963945570024302,1.686050876380543,0.0060004040499459,8.704700724267536,1000000.0,546879.0766359959,0.1306,1.5336,False,0.2
bqm34,ok,,0.0616888992774458,0.8567571809723106,3.647775980182864,1.7678399999999936,0.4846350240815422,0.4846350240815422,6.019359623748378,0.9542138512158024,0.1062380611054909,1.86860914681582,15.873494085717766,23.76146285628197,7.887968770564198,0.0616888992774458,11.42111813995675,31.29280030785445,0.5051645675935931,38.9923421002863,4.496704376333581,0.0081455666399046,7.68003689351187,1000000.0,1003612.4035984338,20.373652705665712,0.3956179143741328,13.190738045174356,3.660298723593478,0.006977275723631,8.92947210598055,1000000.0,653417.0914988605,0.0989488301137225,1.1985645484949834,False,0.2
bte-fk,failed,airfoil 'bte-fk' not found in the aerosandbox UIUC database,,,,,,,,,,,,,,,,,,,,,,,,,,,,,,,,,,,0.0
bw3,ok,,0.0460175055060878,0.8567571586979424,3.647776074991064,1.7678399999931205,0.4846350114836617,0.4846350114836617,5.378782769968776,0.6225628833525703,0.1062381255690113,1.8557971079468076,11.379118028713412,18.613697906629,7.234579877915584,0.0460175055060878,8.583158088382355,31.292799785892814,0.395724003571148,32.68163990068085,-1.7561517162188234,0.0076564062678231,8.663096899857402,1000000.0,1003612.3607697764,15.416839932964576,0.6336816994498242,14.931915901270262,0.4869760638237397,0.0081454297837808,6.730014014039796,1000000.0,494443.8090102615,0.0500131242549289,1.68334381270903,False,0.2
c141a,ok,,0.0644241779811326,0.8341400962239881,3.746682697244127,1.7678399999999908,0.4718413975382345,0.4718413975382345,6.418794545561546,1.2180277379374278,0.0792859287145411,1.836422920071092,16.69236313047109,24.947580596103727,8.255217465632638,0.0644241779811326,11.033874559721731,31.29280030804972,0.544762114599327,39.97455055819203,4.112782457694713,0.0084122758727433,7.477606569959984,1000000.0,977118.5646373552,20.02783861155212,0.4400759874151899,12.330085882019675,2.772434932594805,0.0058743221578229,9.109041038592364,1000000.0,625369.8206700395,0.1298976612811732,1.3709,False,0.2
c141b,ok,,0.0646509228086882,0.8303576244742275,3.763749706734505,1.7678399999998964,0.4697017968109535,0.4697017968109535,6.35358135181132,1.1824109585643892,0.0793581013183247,1.842543175297269,16.751456069182336,24.947580596290926,8.196124527108589,0.0646509228086882,10.96574187782957,31.29280030765533,0.5472436325158022,39.90884377930914,4.045419340889444,0.0083515843997202,7.497894426155996,1000000.0,972687.746128785,19.838055040529145,0.4473541869857408,12.267641336529774,2.8001704269105616,0.0058520560215371,9.071260951926687,1000000.0,616634.9081974146,0.1264130864760384,1.3817,False,0.2
c141c,ok,,0.0654437709627475,0.8301136477372153,3.7648559015010257,1.7678399999999996,0.4695637884295046,0.4695637884295046,6.125553392949136,1.0577378247268805,0.0793627893981313,1.8526210951052104,16.969406108110512,24.94758059616486,7.978174488054346,0.0654437709627475,10.92826572218992,31.29280030814636,0.5474044715781738,39.51885581903501,3.419175978917085,0.0070993030478278,7.76479105607665,1000000.0,972401.9497889732,19.66271057991543,0.4433896158138418,12.259991588905914,2.48645393236129,0.0054664328046592,9.262417117483976,1000000.0,611005.0208919325,0.1098465312729793,1.3824,False,0.2
c141d,ok,,0.0658522275206569,0.805270065756039,3.881006383449468,1.7678399999999888,0.4555107168952191,0.4555107168952191,6.008078798686242,0.9966991766149632,0.0798540255343928,1.8478964240656703,17.091605373448473,24.947580596200385,7.855975222751912,0.0658522275206569,10.861249581295397,31.29280030817402,0.5642925796112732,39.58870364445768,3.201704071047981,0.0074810480475329,7.730173789070543,1000000.0,943299.973663906,19.59209661293118,0.4533180793928121,11.999649972340944,2.257565048028372,0.005608897391647,9.313754986114049,1000000.0,590590.2967134323,0.1076249244700296,1.4559,False,0.2
c141e,ok,,0.065971267901278,0.8029813449690725,3.89206833406618,1.7678399999999996,0.454216074401005,0.454216074401005,5.973842060052971,0.9786281825096036,0.0799008110630446,1.857020558071725,17.116717978079993,24.947580596204688,7.830862618124696,0.065971267901278,10.763669254282073,31.2928003081846,0.5659009708457643,39.51530153535399,2.807852948648571,0.0072959654523156,7.77401127109769,1000000.0,940618.9473230208,19.320678685177917,0.4659783197850443,11.98132716445066,1.9816603472168648,0.0053578767315637,9.28639252606029,1000000.0,580753.2808645809,0.1050811628674076,1.4629,False,0.27
c141f,ok,,0.0665935311342851,0.7675772384033559,4.0715879904162815,1.7678399999999996,0.4341893148720224,0.4341893148720224,5.794875363572512,0.8855680251261008,0.0806600542111247,1.8618023823865568,17.290902850291534,24.947580596250603,7.656677745959069,0.0665935311342851,10.454175778255683,31.29280030822892,0.5920028629741584,39.46255193982583,2.519780641130476,0.007402680029669,7.821216594545789,1000000.0,899146.2859014577,18.716944893752128,0.5078724792726169,12.088474084710366,1.8126691759559488,0.006227754776068,8.868601285586275,1000000.0,537800.1111717051,0.0999362769210244,1.5765,False,0.2
c5a,ok,,0.0637269168675088,0.8077831545891332,3.868932210141839,1.7678399999999663,0.4569322758785571,0.4569322758785571,6.273286044824631,1.138364610453153,0.0798025246320995,1.8362825096349769,16.491967059489983,24.60153561394959,8.109568554459607,0.0637269168675088,11.072539716001383,31.2928002013758,0.5547341311304403,39.99999968628473,4.231534202355216,0.009616000837681,7.348041828927338,1000000.0,946243.823349058,20.099557408157978,0.4432372853602463,12.781854877111474,3.079964486652332,0.0080798127505452,8.510995081049137,1000000.0,607778.2086335344,0.1312144184571116,1.4143,False,0.2
c5b,ok,,0.065603906671816,0.8010948087875521,3.901233950483345,1.7678399999994237,0.453148932475684,0.453148932475684,6.079497387689443,1.035087252021068,0.0799395316854597,1.818610634984425,17.04947257391433,24.9475805965882,7.898108022673869,0.065603906671816,10.895605538818732,31.29280030776405,0.5672336379176323,39.898786387825005,3.81134124564826,0.0085228246024927,7.524516527420282,1000000.0,938409.0433219532,19.97056677814204,0.4409249641283378,11.689096322239395,2.242683479290216,0.0057912142037502,9.414853993432642,1000000.0,598877.7060716979,0.115498680314074,1.4687,False,0.2
c5c,ok,,0.0658988029502042,0.7910967673390588,3.9505385366580335,1.7678399999995886,0.4474934198452591,0.4474934198452591,5.994683215478499,0.9902937976254788,0.0801477688947988,1.8473279478549949,17.10556932394445,24.947580487277943,7.842011163333494,0.0658988029502042,10.923022459115584,31.29280014799174,0.5744024550514975,39.799282477637256,3.619082157668556,0.008292439681663,7.591764253849957,1000000.0,926697.2506623688,19.709589142521114,0.4551442053373138,11.738012132430892,2.310724038614736,0.0057867821234618,9.35250489328758,1000000.0,583674.9023315307,0.1110325479646419,1.4999,False,0.2
c5d,ok,,0.0659341865250704,0.7932863034569051,3.9396347220178334,1.7678399999999996,0.4487319573360175,0.4487319573360175,5.984506889741756,0.9839230679583708,0.0801019841363171,1.855403541583496,17.107670164877966,24.947580596203217,7.839910431325253,0.0659341865250704,10.888321653229992,31.29280030818193,0.5728170531987153,39.735442564044405,3.603877648867179,0.0081504928531752,7.615798745046215,1000000.0,929262.0960105626,19.561461804579256,0.4606646116333518,11.86083404768556,2.3318117989478666,0.005967602022427,9.206384005451817,1000000.0,580891.6050507971,0.1105423249168175,1.493,False,0.2
c5e,ok,,0.0665949972053467,0.7700279386197652,4.058629705308954,1.7678399999999996,0.4355755829824901,0.4355755829824901,5.7944537125962725,0.8786141281470112,0.0806052498532917,1.8547735703128687,17.298353313337984,24.947580596247125,7.649227282909141,0.0665949972053467,10.907703593633126,31.29280030822181,0.5901187475135383,39.9110542381226,3.69977737558864,0.0089833527982102,7.502194641660841,1000000.0,902017.0562774378,19.602938364408512,0.4610786906038136,11.641841450722096,2.4364123196770064,0.0070683445453705,9.007483644112211,1000000.0,565056.0059722757,0.1078122450640029,1.5683,False,0.21
cal1215j,failed,airfoil 'cal1215j' not found in the aerosandbox UIUC database,,,,,,,,,,,,,,,,,,,,,,,,,,,,,,,,,,,0.0
cal2263m,failed,airfoil 'cal2263m' not found in the aerosandbox UIUC database,,,,,,,,,,,,,,,,,,,,,,,,,,,,,,,,,,,0.0
cal4014l,failed,airfoil 'cal4014l' not found in the aerosandbox UIUC database,,,,,,,,,,,,,,,,,,,,,,,,,,,,,,,,,,,0.0
cap21c,failed,airfoil 'cap21c' not found in the aerosandbox UIUC database,,,,,,,,,,,,,,,,,,,,,,,,,,,,,,,,,,,0.0
cast102,ok,,0.0652596116078773,0.8165412631635178,3.827434578655457,1.7678399999805,0.4618864055415222,0.4618864055415222,6.178517963886547,1.0924119993932806,0.0796261774443244,1.849648246823557,16.91941397951372,24.947580190223825,8.028166210710104,0.0652596116078773,10.551766573020544,31.292799682166816,0.5565033313581836,39.42701270552482,2.602106514458032,0.0068613996991951,7.842682905996601,1000000.0,956503.1278225743,19.015807629263804,0.4849701233093137,12.628839117031044,1.813082151756252,0.0055238884136049,8.896120049422395,1000000.0,581241.6805207937,0.1217277739548052,1.422,False,0.2
ch10sm,ok,,0.0669851316467776,0.6435720964877181,4.856112132045553,1.7678399999999996,0.3640443119783002,0.3640443119783002,5.531640059649912,0.7310556112526545,0.0732513187227998,2.0017202216392715,17.2636117031412,24.796971984430385,7.533360281289184,0.0669851316467776,8.256463515673788,31.292800309635368,0.7018089554370637,40.000000003169184,-4.708774686435393,0.0115063584578163,7.406415009799439,1000000.0,753885.6434779662,13.7489469081287,1.1044828583251227,15.39274550194503,-1.196802509814919,0.0089591573157201,5.646354540732245,1000000.0,331230.6212425313,0.128353685674548,2.0543953177257523,False,0.2
chen,failed,too few converged polar points,,,,,,,,,,,,,,,,,,,,,,,,,,,,,,,,,,,0.01
clarkk,failed,airfoil 'clarkk' not found in the aerosandbox UIUC database,,,,,,,,,,,,,,,,,,,,,,,,,,,,,,,,,,,0.0
clarkv,ok,,0.0657429262334964,0.7912866620519442,3.9495904777361166,1.7678399999999874,0.4476008360778972,0.4476008360778972,6.039514514712391,1.0058501096690222,0.080144086364169,1.8611724778829248,17.04689360359985,24.947580596195166,7.900686992595315,0.0657429262334964,10.13200602073851,31.292800308167084,0.5742646053339749,38.80819091017291,1.239999906104614,0.0051478857731602,8.279719892680516,1000000.0,926919.6996330004,18.146278114363017,0.5408317801752996,13.05202238235721,0.9942325023417702,0.0050571799319414,8.653346923177727,1000000.0,537508.3883059318,0.1164,1.4993,False,0.2
clarkw,ok,,0.0663134809723429,0.7641369169098114,4.089919223165687,1.7678399999999996,0.4322432555603513,0.4322432555603513,5.875419496143823,0.913839059664871,0.080737578421278,1.862480851156323,17.209680248932944,24.94758059623309,7.737900347300146,0.0663134809723429,9.93756386252161,31.292800308209067,0.59466819706405,39.08648992594645,1.958310648720594,0.0059010933093097,8.150285489528537,1000000.0,895116.2650268185,17.78553205231947,0.5709847976148176,12.960286680739658,1.7298504221675433,0.0060227320117691,8.343881896477242,1000000.0,508747.02376861527,0.1122,1.5881,False,0.2
clarkx,ok,,0.0658293491996274,0.7934772727056658,3.9386865548690886,1.7678399999999996,0.4488399813929236,0.4488399813929236,6.014658743182614,0.984576090754436,0.0800979740438812,1.859673326100426,17.073248526913858,24.9475805961969,7.87433206928304,0.0658293491996274,10.376257776753826,31.29280030817437,0.5726791910998437,38.93175374922575,1.6907101160163442,0.0055636913090187,8.178031975142172,1000000.0,929485.7989579416,18.59871055689109,0.5117052599475095,12.824458080164575,1.2824362498354398,0.0053767205712617,8.85638279092667,1000000.0,552434.9745408886,0.1169999999999999,1.4924,False,0.2
clarky,ok,,0.0659260350021475,0.7837915165361359,3.987359137812143,1.7678399999999996,0.4433611166938954,0.4433611166938954,5.98685131739335,0.9686094485335782,0.0803038253473641,1.860086924391748,17.10064235441951,24.94758059620461,7.846938241785098,0.0659260350021475,10.342912948184706,31.29280030818134,0.5797561125659095,38.94377789767459,1.5790707326126323,0.0056582251830311,8.172088334252123,1000000.0,918139.824572454,18.53482008924011,0.5197915857491419,12.786615869270108,1.2166232377983697,0.0054564397338586,8.833496138523943,1000000.0,543816.9897747298,0.1170712,1.5232,False,0.2
clarkyh,ok,,0.0652059836442251,0.8367985196998049,3.734779868779771,1.767839999999871,0.4733451668136629,0.4733451668136629,6.193942474338156,1.0759580055048303,0.0792355836594941,1.8428714655937035,16.91076665627229,24.947580596204148,8.036813939931859,0.0652059836442251,10.347273032089475,31.29280030810547,0.5430314609707265,39.52060544249583,2.264325744826398,0.006930104897466,7.789849631687212,1000000.0,980232.6637487148,18.715852272341337,0.4890464510088818,13.183457571946068,1.8387442408282568,0.0068846952657563,8.27955663338566,1000000.0,586265.516240572,0.119,1.363367892976589,False,0.2
clarkys,ok,,0.0624589801421954,0.8567571809733533,3.647775980178429,1.7678399999999947,0.4846350240821317,0.4846350240821317,6.307873779300861,1.1137527303150456,0.106238061113514,1.834497060029967,16.12908612039696,24.271456959727782,8.142370839330829,0.0624589801421954,11.15290817367183,31.29280030791716,0.5160069535290345,39.599027093322,4.487642375562759,0.0084565369514968,7.527973628910529,1000000.0,1003612.403601666,20.265151353417167,0.4127620297424546,13.50503234811049,3.490560635270571,0.0078843444216304,8.457142612306612,1000000.0,649937.2718014277,0.117,1.245752508361204,False,0.22
clarkysm,ok,,0.0660260708106492,0.7758278429866403,4.028288355273445,1.7678399999999994,0.4388563687814737,0.4388563687814737,5.958080409476142,0.9543036694690092,0.0804769270896901,1.8421543392622728,17.147345847473893,24.94758059621231,7.800234748738415,0.0660260708106492,10.113588019419472,31.29280030818852,0.585707160160381,38.97606424987227,1.4116139289352154,0.005741260305196,8.166401520938841,1000000.0,908811.111922136,18.30029077706496,0.5354669275264093,12.77238003205457,1.0724825340096091,0.0055289682651353,8.72011425092166,1000000.0,531480.3228156854,0.1172196577181208,1.5491,False,0.2
clarkz,ok,,0.0663790411459544,0.7495689640249007,4.169407240153789,1.7678399999999987,0.424002717454578,0.424002717454578,5.856563990838494,0.9040070709037584,0.081073749898448,1.872302323558357,17.218714281842153,24.947580596239007,7.728866314396851,0.0663790411459544,9.975144029908346,31.29280030821368,0.6062256369965109,39.30246258221364,1.3961409161933602,0.0060742734361393,8.137487155669112,1000000.0,878051.245281322,17.759140541203372,0.5831316709676241,13.006951021626348,1.240892599281356,0.0060552596089609,8.354323111833704,1000000.0,498307.4481588244,0.1175,1.6384,False,0.2
clarym15,ok,,0.0650757152876669,0.7524780284231318,4.153288398531964,1.7678399999999996,0.4256482647881776,0.4256482647881776,6.231408447210139,1.1004516176241457,0.0810055875632494,1.8593036529012568,16.85686849603359,24.947580596144988,8.090712100111396,0.0650757152876669,10.243292653817686,31.29280030811932,0.6038819813012829,39.17239329490119,2.022794908497457,0.0066845639854192,8.000828445083968,1000000.0,881458.9472247992,18.364030422239097,0.5686738193104529,13.345017713192425,1.690441135630515,0.0065322414854993,8.345459726897365,1000000.0,517279.9737769424,0.149857592877502,1.6282,False,0.2
clarym18,ok,,0.0636393558625222,0.7668034407398001,4.0756967164685465,1.7678399999999963,0.4337516068987022,0.4337516068987022,6.644514167814216,1.318919657657952,0.0806773837499079,1.8384968035379103,16.464569624687563,24.94758059603969,8.483010971352126,0.0636393558625222,10.25018519312383,31.29280030800991,0.5926002656595037,39.46381849148519,2.06553881862053,0.0075636192754274,7.789660605936975,1000000.0,898239.8529521211,18.58435865176901,0.5713169833526989,14.085199603021652,1.8360328491949889,0.0074545331986013,7.983995786461296,1000000.0,533452.1493207999,0.1798060324614991,1.5791,False,0.2
coanda1,ok,,0.0421730483136415,0.8567571803719173,3.647775982739156,1.7678399999999996,0.4846350237419209,0.4846350237419209,5.538148919939454,0.7073695270422664,0.1062380565319882,1.7688853210955904,10.360340287261597,17.66737452829664,7.307034241035044,0.0421730483136415,11.318996287728126,31.2928003055079,0.3756053099792373,31.1402533746228,0.9774700094727212,0.0080160496978049,8.656618815664064,1000000.0,1003612.402819867,21.329809895415764,0.3343610943125903,15.24645613582135,0.5334884836444467,0.0080426658521169,8.853866459389362,1000000.0,684082.6500612453,0.0565,0.6347,False,0.2
coanda2,ok,,0.0435834061125084,0.8567571804452823,3.647775982425414,1.7678399999996657,0.4846350237835123,0.4846350237835123,5.552941607495624,0.7101917556783185,0.1062380571190761,1.784043116448046,10.750809986505317,18.08779471044899,7.3369847239436705,0.0435834061125084,11.474622543396343,31.292800305745686,0.3845433698986042,32.52784620415451,0.6976778470277352,0.008555266443035,8.398836597413293,1000000.0,1003612.4029136233,21.439359541642,0.3323093527391472,15.706133413565228,0.1215733444602017,0.0085308895663487,8.636880902752909,1000000.0,687596.0903558296,0.06,0.6736,False,0.2
coanda3,failed,too few converged polar points,,,,,,,,,,,,,,,,,,,,,,,,,,,,,,,,,,,0.01
cootie,ok,,0.0671860957693556,0.7879837954673774,3.966145349151847,1.7678399999999883,0.4457325297919396,0.4457325297919396,5.624450164775238,0.7810302682444306,0.0802141016563841,1.861104583613741,17.462025847906315,24.947580596295296,7.48555474838898,0.0671860957693556,9.112800199157167,31.292800308269427,0.576671659115341,39.70858948000532,-0.4398994578323494,0.0080054635238715,7.656218265428419,1000000.0,923050.6945720946,16.32149043707989,0.6360531274775231,13.015395116542749,0.0833695787800634,0.0079351325612111,7.225947261850361,1000000.0,481438.635596226,0.0846,1.5097759197324414,False,0.2
cr001sm,ok,,0.0678425452841279,0.7895901793802738,3.95807641383397,1.7678399999999983,0.4466412002105815,0.4466412002105815,5.435651285398493,0.6701946700979979,0.0801799796402089,1.8836637191284389,17.628265591809637,24.947580596336568,7.319315004526932,0.0678425452841279,9.197480999729642,31.292800308315407,0.5754984478711319,39.01292224992515,0.5218871907523992,0.0052760276395926,8.251919937337922,1000000.0,924932.4258921348,16.275872220591594,0.6241464048401604,12.71574568830106,0.9847284722076324,0.0052656103150245,7.787229298854546,1000000.0,481071.7426430476,0.073315,1.504669899665552,False,0.2
cr1,ok,,0.0655382018258374,0.790495944682733,3.953541174527248,1.7678399999999996,0.447153557269172,0.447153557269172,6.098394501479489,1.0299568100675942,0.0801607988198166,1.8644861272707576,16.984699967425104,24.947580596175357,7.962880628750247,0.0655382018258374,9.96462400961526,31.292800308153254,0.5748390307957735,39.537827159251314,1.0827493157643353,0.0075104989778977,7.753187918829671,1000000.0,925993.4468072642,17.814781713610845,0.5661296070657176,13.340595720736042,0.9969145298635204,0.0075091378468703,7.823616157525307,1000000.0,527161.8698441457,0.1220726,1.5018,False,0.2
curtisc72,ok,,0.0665520013948387,0.7522619702381724,4.154481270149169,1.76784,0.4255260488721674,0.4255260488721674,5.806819569624075,0.8689233537748023,0.0810106325072965,1.8754511378742,17.265309888750046,24.94758059624832,7.682270707498274,0.0665520013948387,9.268111727494894,31.29280030822187,0.6040554230660876,39.07663661091824,-0.7199664253642746,0.0062394317951596,8.096714422821794,1000000.0,881205.8548940107,16.47267963127738,0.6712716635793419,13.335373012195962,-0.1076409348670325,0.0059253633019105,7.5788000104509425,1000000.0,463870.9733197337,0.1173,1.6289548494983277,False,0.2
dae11,ok,,0.0662769549516641,0.750963643310901,4.161663874726534,1.7678399999999996,0.4247916345997948,0.4247916345997948,5.885924602201704,0.9073815853535364,0.0810410095417222,1.8751043731245287,17.186551620907686,24.94758059623392,7.761028975326233,0.0662769549516641,9.265352127059218,31.292800308206477,0.6050997631330157,39.61260114021423,-0.4955646311518492,0.0081346802311908,7.7079914064062205,1000000.0,879684.9840598233,16.470820255586005,0.6794793385936836,13.466901011484657,0.1543937226258512,0.007588277317247,7.255513190191916,1000000.0,463018.1099576328,0.1282734060058657,1.6335,False,0.2
dae21,ok,,0.0668221120148444,0.7341262685592311,4.257112705874855,1.7678399999999996,0.4152673706665938,0.4152673706665938,5.729134109872425,0.826436855250912,0.0814446797193739,1.877234846257761,17.341211640142003,24.94758059627219,7.606368956130186,0.0668221120148444,9.185426984743536,31.292800308244995,0.6189778818026971,39.56977974131102,-0.4919597586007561,0.0081218758050632,7.746456853507016,1000000.0,859961.5448878087,16.31020754285582,0.6946946697878235,13.235248677466693,0.1645155142952401,0.0077090801471454,7.266198153217355,1000000.0,448222.9502579699,0.1178366967414158,1.6939,False,0.2
dae31,ok,,0.0671474965529512,0.7184186119655621,4.350191119143513,1.7678399999999994,0.4063821454235464,0.4063821454235464,5.635551534552149,0.7820904681183143,0.0818372806199486,1.8803392343534528,17.431689827388766,24.94758059629437,7.515890768905601,0.0671474965529512,8.957517296661436,31.292800308267687,0.6325113452239434,39.47899470426535,-0.9806030633710524,0.0079202528698182,7.819082573854673,1000000.0,841561.4668509322,15.879257552767143,0.7400291327237949,13.302411846356677,-0.0372523531158934,0.0074372986864481,7.120926059378433,1000000.0,427042.9986120419,0.1105641602259121,1.7528,False,0.2
dae41,failed,airfoil 'dae41' not found in the aerosandbox UIUC database,,,,,,,,,,,,,,,,,,,,,,,,,,,,,,,,,,,0.0
dae51,ok,,0.0672802787876854,0.762371479335435,4.099390323893398,1.767839999999994,0.4312446145213581,0.4312446145213581,5.597362554966933,0.7604352013710104,0.0807775923708252,1.884095362865789,17.466122678471166,24.947580596303887,7.481457917832722,0.0672802787876854,9.859552454823737,31.29280030827661,0.5960452810803387,38.6955471520904,1.1013104012853676,0.0048835668676467,8.386800825387123,1000000.0,893048.216943722,17.443477382919262,0.5752541780502353,12.479015405926472,0.9136545379218932,0.004904461138473,8.597540168833092,1000000.0,497809.9185963236,0.0937800699953619,1.5940933110367894,False,0.2
dai1238,failed,airfoil 'dai1238' not found in the aerosandbox UIUC database,,,,,,,,,,,,,,,,,,,,,,,,,,,,,,,,,,,0.0
dai1335,failed,airfoil 'dai1335' not found in the aerosandbox UIUC database,,,,,,,,,,,,,,,,,,,,,,,,,,,,,,,,,,,0.0
dai1336,failed,airfoil 'dai1336' not found in the aerosandbox UIUC database,,,,,,,,,,,,,,,,,,,,,,,,,,,,,,,,,,,0.0
davis,ok,,0.0649220258191027,0.856757181010487,3.6477759800203415,1.7678399999999983,0.4846350241031359,0.4846350241031359,6.236093886414746,1.0715852686316722,0.1062380613429623,1.847704205264706,16.824265916263386,24.90806400794284,8.083798091679453,0.0649220258191027,10.13139839709726,31.292800308107324,0.5295411086222488,39.044171906838926,1.0811398000342562,0.005484167387937,8.103832254561224,1000000.0,1003612.4036512616,18.277453660655624,0.5037703921576343,13.46879679074335,0.8684938849023526,0.0055342490331483,8.357045608377534,1000000.0,586188.4849034338,0.1124999999999999,1.3046555183946489,False,0.2
davis_corrected,ok,,0.0634859983532685,0.851654723961723,3.66963063512633,1.7678399999999992,0.4817487577844846,0.4817487577844846,6.688620721677805,1.3222531424439112,0.0789600511760505,1.8081730869185808,16.450786787419297,24.94758059601568,8.496793808596385,0.0634859983532685,10.704223087865406,31.29280030799873,0.5335588588966841,39.52923677917446,3.443771343294026,0.0070586607658847,7.733521247149989,1000000.0,997635.3435230184,19.73303545128181,0.4569935206467278,13.70647822413799,2.8336815317223123,0.0068424654918783,8.472041556511863,1000000.0,629102.3304858853,0.158983882498703,1.3221414715719064,False,0.2
davissm,failed,too few converged polar points,,,,,,,,,,,,,,,,,,,,,,,,,,,,,,,,,,,0.01
daytonwright6,ok,,0.0645592741051375,0.8207742756127262,3.807695195205725,1.7678399999997276,0.4642808600398524,0.4642808600398524,6.379940077395012,1.178319093138053,0.0795439596833466,1.8402843183818385,16.72735620044723,24.94758059622408,8.22022439577685,0.0645592741051375,10.01717394267404,31.292800307988703,0.5536332414358837,39.90488477537176,-0.0558939638805589,0.0084343979315582,7.500880912410802,1000000.0,961461.7325159388,18.14425057877676,0.5426104890618314,13.754483973401936,-0.1524546782491324,0.0084611064556405,7.576481660635922,1000000.0,557476.5577058477,0.1359999999999999,1.409508695652174,False,0.21
daytonwrightt1,ok,,0.0652772005315829,0.772493530517772,4.045675649225458,1.767839999999987,0.4369702747521143,0.4369702747521143,6.173460063672377,1.0729584300465154,0.0805503975570787,1.8694331886077604,16.904687343889606,24.947580596169743,8.042893252280138,0.0652772005315829,9.426831195389834,31.292800308132307,0.5882352469478717,39.58588892588705,-0.7098640040240951,0.007684132662869,7.753472666154386,1000000.0,904905.2708892608,16.8087155201846,0.6572865076017776,14.11022780375552,-0.0393228524724947,0.0077889394533718,7.21387346590235,1000000.0,486063.7309963068,0.1337,1.5601026755852845,False,0.2
dbln526,failed,too few converged polar points,,,,,,,,,,,,,,,,,,,,,,,,,,,,,,,,,,,0.01
defcnd1,ok,,0.0631402340815894,0.7675474477744526,4.071746019952073,1.7678399999999996,0.4341724634437804,0.4341724634437804,6.788064632526523,1.3656710540115236,0.0806607225606186,1.849896463261801,16.30961950020853,24.94758059599685,8.637961095788324,0.0631402340815894,10.402386290993276,31.29280030797192,0.592025840238292,39.81380812340042,1.8936416075356084,0.0087298719846017,7.55629800460267,1000000.0,899111.3889065223,18.744087390079176,0.571325660137212,14.375136511296269,1.6998096479702431,0.0087099525995395,7.707566044409673,1000000.0,538559.1024522651,0.2090897988983341,1.5766,False,0.2
defcnd2,ok,,0.0639650397916377,0.8367208444605524,3.735126579301239,1.7678399999999963,0.4733012288784924,0.4733012288784924,6.550845485810867,1.2637750773473893,0.0792370544962578,1.83984108165022,16.556894028595757,24.947580596056845,8.390686567461087,0.0639650397916377,10.711091696541349,31.292800308034792,0.543081872166862,39.65365718769593,2.1512464213625453,0.007478159099784,7.669410079242272,1000000.0,980141.6743327464,19.4058276796642,0.4749620233383442,13.61324146674822,1.5795484438216416,0.0072948284464175,8.287376139237884,1000000.0,607822.2545291065,0.1473113149398416,1.3635872909698996,False,0.2
defcnd3,ok,,0.0662288126793406,0.7848179509594733,3.982144218005256,1.7678399999999996,0.4439417316948781,0.4439417316948781,5.899770612988352,0.9144782465414828,0.0802817698626003,1.859481234637872,17.18832874860022,24.947580596226445,7.759251847626224,0.0662288126793406,10.443575900428664,31.29280030820304,0.5789978709500249,39.36294477764906,2.561932606907269,0.0069307766310108,7.88711905996309,1000000.0,919342.19829301,18.721307330038776,0.5031354227644308,12.490889575494622,2.0182264202586744,0.0064347785381698,8.699317479936271,1000000.0,550007.9144788188,0.1147641189685751,1.5199,False,0.2
df101,ok,,0.0656911194713159,0.8351499587545537,3.742152212113329,1.7678399999999177,0.4724126384483848,0.4724126384483848,6.054414455120644,0.9952248895314344,0.0792667675363027,1.8546190465631829,17.03854709452353,24.94758059620736,7.909033501683826,0.0656911194713159,10.643880327279165,31.29280030815614,0.5441033887701408,39.26596383148635,2.497739053660188,0.0058334372545074,8.045647879464319,1000000.0,978301.5259092364,19.130398319093203,0.4615483935007891,12.782947051954595,1.9132130723170744,0.0054564933515393,9.0181196063562,1000000.0,598070.4086090508,0.1099854841830119,1.368033110367893,False,0.2
df102,ok,,0.066059048626303,0.8047130348973879,3.883692857042443,1.7678399999999803,0.4551956256773219,0.4551956256773219,5.948595788805392,0.9426495591783988,0.0798653864834241,1.845091065166132,17.153893742248282,24.947580596219808,7.793686853971524,0.066059048626303,10.58330931566688,31.29280030818853,0.5646831888923574,39.41509921397081,2.673742022139177,0.0069306593497814,7.849571753719654,1000000.0,942647.463138202,19.119759661138023,0.4725452218005981,12.273500904540876,2.0017895913046515,0.0058815667156663,9.012254341224038,1000000.0,575953.3427140324,0.1099848752930178,1.4576,False,0.2
dfvlrr4,ok,,0.0662347538730586,0.7200403242736693,4.340393392206971,1.7678399999999996,0.4072994865336622,0.4072994865336622,5.898061889488019,0.9321196603953008,0.081796823159196,1.86596997195464,17.183548734789397,24.947580596232054,7.764031861442659,0.0662347538730586,10.22859545212646,31.292800308203468,0.6310867702407693,39.76641154990406,1.8009893239944617,0.0090871916866131,7.596073480146515,1000000.0,843461.153976024,18.272168730582173,0.5760452639771321,12.282568976574415,1.1934577941903912,0.0074013874627665,8.362915474495445,1000000.0,492505.1248641756,0.1338141090767733,1.7466,False,0.21
dga1138,failed,too few converged polar points,,,,,,,,,,,,,,,,,,,,,,,,,,,,,,,,,,,0.01
dga1182,failed,airfoil 'dga1182' not found in the aerosandbox UIUC database,,,,,,,,,,,,,,,,,,,,,,,,,,,,,,,,,,,0.0
dh4009sm,ok,,0.0411933643996953,0.8567571802074152,3.647775983439548,1.7678399999999994,0.4846350236488684,0.4846350236488684,5.89772753865711,0.907765903759133,0.106238055121057,1.731182020983176,10.116280525668294,17.74519008530858,7.628909559640285,0.0411933643996953,12.156748298039584,31.292800305331436,0.3772596552652777,31.3414095933364,3.4411736185730923,0.0085457318844437,8.441652236275042,1000000.0,1003612.4026215086,23.40741403020406,0.2898705920032284,15.459846945834265,2.369619733074892,0.0062056772651185,10.09826786205644,1000000.0,750714.8866446164,0.0894385593889913,0.6419,False,0.2
doa5,ok,,0.0635050832822576,0.8244039993240624,3.790930500291618,1.767839999999994,0.4663340569984078,0.4663340569984078,6.683131779844133,1.352270466383414,0.0794730669118398,1.8432662877391128,16.421182528438937,24.94758059602218,8.526398067583246,0.0635050832822576,10.260028431625797,31.29280030799848,0.5511956796226717,39.476817088470106,1.9107893529658024,0.0069473918775489,7.809031433016292,1000000.0,965713.6207047816,18.55407164964464,0.5358625096293361,14.16247875603684,1.648824647323888,0.0067025856685617,7.999779881690379,1000000.0,572589.2069497667,0.1620459519038076,1.3989,False,0.2
dormoy,failed,too few converged polar points,,,,,,,,,,,,,,,,,,,,,,,,,,,,,,,,,,,0.01
drgnfly,ok,,0.064203925064656,0.7365646393403338,4.243019687177727,1.7678399999999994,0.4166466644834001,0.4166466644834001,6.482140626072197,1.22977951267113,0.0813850791348755,1.8589666590339615,16.606473310976757,24.947580596082915,8.341107285106158,0.064203925064656,10.065986009755097,31.292800308054023,0.616928777761551,39.5382044296856,0.8238743588079358,0.0081329325665791,7.739082397904881,1000000.0,862817.8724568741,18.04942898578939,0.6200007650263678,14.04156077625731,0.8557536679316098,0.0081142854484268,7.719883865888295,1000000.0,497666.22875780216,0.1933549007419084,1.684981939799331,False,0.2
ds19,ok,,0.0670539316131667,0.8252782108623729,3.7869147936599736,1.7678399999999872,0.4668285652900595,0.4668285652900595,5.662461381204527,0.7832357823470525,0.0794560833226612,1.8370604389708984,17.448058776109274,24.9475805962847,7.499521820175426,0.0670539316131667,10.419677259919643,31.29280030826049,0.5506118018230733,39.10353571134368,2.5328642146390887,0.005619370987492,8.112946187814055,1000000.0,966737.6792941288,18.90643159923585,0.4534405720479051,11.98778034141267,1.6534740170223483,0.0051015590326059,9.328408774232951,1000000.0,584081.9494557553,0.084978506197108,1.3963588628762542,False,0.2
ds21,ok,,0.0669970150777607,0.8249733267035181,3.788314318098148,1.7678399999999996,0.4666561038914824,0.4666561038914824,5.678830923506637,0.7926457276550196,0.0794620025244463,1.8590819120896311,17.409667760682243,24.947580596278517,7.537912835596268,0.0669970150777607,10.590910027267071,31.29280030825722,0.5508152906034233,39.09744540920583,2.8156834312888703,0.0057237973150208,8.088559105022751,1000000.0,966380.535484448,18.989498630828223,0.4519501398798645,11.996989635006068,1.937413777861777,0.0051340036127003,9.336404244106465,1000000.0,586431.4370931732,0.0859897028450183,1.397244481605351,False,0.2
dsma523b,ok,,0.0652300715023703,0.6959270330730204,4.490784402783905,1.7678399999999996,0.3936595127800143,0.3936595127800143,5.596481156476768,0.7720132938721879,0.0796611968126312,1.8677962338884968,16.892769701444703,24.357047091809967,7.464277390365265,0.0652300715023703,9.791583891250676,31.29280031023256,0.6374973580852319,40.00000000309521,0.995289930931513,0.0118073522727233,7.275017259786797,1000000.0,815214.6465256059,17.474397034673558,0.6265070806205513,12.766003762098263,0.8896990630636985,0.0116105620930485,7.366634025477035,1000000.0,455228.8149556032,0.1099759999999999,1.7745,False,0.2
du-80-141,ok,,0.0656089366359746,0.7734611265375451,4.04061452912371,1.7678399999999992,0.4375176071010642,0.4375176071010642,6.078050739190421,1.002374821490324,0.0805290568912607,1.8668464106153608,17.002683446379503,24.947580596185283,7.944897149805781,0.0656089366359746,9.905192220558334,31.29280030815833,0.5874993675811866,39.54916942220425,0.7857415088136419,0.007462964891303,7.7970108392941,1000000.0,906038.7208203876,17.68614022777469,0.5857198975249466,13.391966338335074,0.7694216297981554,0.0074570198551241,7.812521511204555,1000000.0,512077.1458745188,0.1404247346387626,1.5569,False,0.2
du-80-176-v1,ok,,0.0630092921745445,0.8139292091461452,3.839717546048704,1.7678399999999996,0.4604088657039921,0.4604088657039921,6.7520817033398695,1.3827392601153052,0.0796794030954016,1.854584139251072,16.267272133093606,24.873937975684544,8.60666584259094,0.0630092921745445,10.12750423745664,31.292800309663296,0.5566412329306534,40.00000000238009,0.5289006483908072,0.008921705007616,7.429403384572124,1000000.0,953443.3654472644,18.202650795785026,0.5692268166991727,14.62622213880148,0.6423571288657899,0.0089286234814975,7.340290118472808,1000000.0,554606.6974848291,0.1758095580753307,1.4226,False,0.2
du84132v,ok,,0.0653322649758734,0.7804509685740997,4.004426147756451,1.7678399999999923,0.4414714954826811,0.4414714954826811,6.157623194050551,1.0580203868897058,0.0803759992366463,1.860136645438828,16.929820756678463,24.947580596167843,8.01775983948938,0.0653322649758734,10.011407002689303,31.29280030813721,0.5822376305328902,39.40985697805104,1.127131883666167,0.0069537199355185,7.890504707517158,1000000.0,914226.679231966,17.940271623302344,0.5693190398647641,13.418069385129764,1.0044612436055276,0.0068781343819491,8.017375181273117,1000000.0,524129.3457021238,0.13628601404741,1.534,False,0.2
du8608418,ok,,0.0544377109095979,0.856757180846238,3.647775980719623,1.76783999999999,0.4846350240102287,0.4846350240102287,5.882547672147464,0.8909393830130642,0.1062380602590061,1.817072817794489,13.839544467235829,21.539164957177785,7.699620489941953,0.0544377109095979,11.161529318308975,31.292800307179025,0.4579189008606862,35.871170154718094,3.738066759908991,0.0069588469736369,8.389944148972077,1000000.0,1003612.4034290914,20.475292659352565,0.3823469660449902,13.995044931411574,2.955192137863232,0.0058536403299927,9.545445942602456,1000000.0,656676.8545815493,0.0845199762108837,0.9929431438127092,False,0.21
du861372,failed,airfoil 'du861372' not found in the aerosandbox UIUC database,,,,,,,,,,,,,,,,,,,,,,,,,,,,,,,,,,,0.0
e1098,ok,,0.0625347830257792,0.8389525108545295,3.725190907905749,1.767839999999998,0.4745635978677541,0.4745635978677541,6.962196044419112,1.4845300928505438,0.0791950333794602,1.8426078233832812,16.142776728140806,24.9475805959432,8.804803867802393,0.0625347830257792,10.116127378785826,31.29280030792117,0.5416372402641305,39.9375832897653,0.1357493501448444,0.0082931017640484,7.492277693360096,1000000.0,982755.8666854764,18.300380671366856,0.5589441024252492,14.972956826581164,0.282317590262146,0.0083214119036655,7.357800265102261,1000000.0,574726.65566497,0.1895428832444919,1.3573,False,0.2
e1200,ok,,0.0640183177871695,0.7792516466678919,4.010589235151078,1.7678399999999996,0.4407930845935673,0.4407930845935673,6.535522409744406,1.265589736364657,0.0804020724617786,1.8596144154810088,16.55244377083907,24.947580596064483,8.395136825225414,0.0640183177871695,9.99101570776147,31.292800308039897,0.5831337343125921,39.26646327290314,0.5085450927617527,0.0068207734000301,7.921298626857145,1000000.0,912821.7836907842,17.908758619686203,0.5991359821248563,14.233712516793108,0.6478005652859525,0.0068319177129655,7.783514885326352,1000000.0,522404.66899696377,0.1694668488035797,1.5379,False,0.2
e1210,ok,,0.0662129031413808,0.6992160778700804,4.4696601873343855,1.7678399999999994,0.395520000605304,0.395520000605304,5.904346293028962,0.9008315491087794,0.0800626960066294,1.8635571547087504,17.179677148494108,24.94758059623182,7.767903447737712,0.0662129031413808,9.681018365683228,31.2928003082019,0.6498819707825074,39.77394387752067,0.9701847783566188,0.0093533560804539,7.596867816591917,1000000.0,819067.4605811444,17.31637859209501,0.6608221415672204,13.1375955831078,1.0685346139949967,0.0093478591613142,7.526075411610262,1000000.0,453244.26386255655,0.1584445463593125,1.8284,False,0.2
e1211,ok,,0.065423716734317,0.7120297945670071,4.389224003611397,1.76784,0.4027682338712819,0.4027682338712819,6.1313211112238015,1.0124336128329463,0.0815898664117486,1.8646387596568528,16.95162072529556,24.947580596176213,7.995959870880654,0.065423716734317,9.903560075171994,31.292800308144898,0.6381866688120786,39.87560822046606,1.1581332420978754,0.0096012723950501,7.522323875445839,1000000.0,834077.5536363065,17.704162131283333,0.6390399373336402,13.455908013570252,1.1657564194885486,0.00960274685466,7.5165594852021105,1000000.0,471886.3155176904,0.1801991830196698,1.7775,False,0.2
e1212,ok,,0.0650485067978011,0.741892468884794,4.212548848619341,1.7678399999999996,0.4196604154701749,0.4196604154701749,6.239233774646065,1.068713924793919,0.081256213304075,1.8571800294665195,16.851166792033784,24.947580596146366,8.096413804112585,0.0650485067978011,10.36338945952457,31.29280030811731,0.6124983629676001,39.92165846136272,2.410391728737536,0.009359083203774,7.495759276059159,1000000.0,869058.9357772305,18.600583133381857,0.5626067426496975,13.311501714166551,1.962561115548071,0.0093039075503923,7.840364868346664,1000000.0,516572.592531438,0.1769897671130952,1.6657,False,0.2
e1212mod,ok,,0.064973917661187,0.7456687860222204,4.191215086622746,1.7678399999999996,0.4217965347668457,0.4217965347668457,6.260686064714021,1.0789534992948668,0.0811659885010596,1.8525073100730731,16.834387221353683,24.947580596140774,8.113193374787095,0.064973917661187,10.64285295299569,31.292800308111783,0.6093964655729132,39.9709248744086,3.440952317978938,0.0094597976034702,7.468546561974669,1000000.0,873482.5447099752,19.150357095533543,0.5291739153434417,13.17704857164289,2.7065766431735208,0.009332300930819,8.026945905209894,1000000.0,534547.9625732066,0.1771529211461148,1.6522,False,0.2
e1213,ok,,0.064767283805517,0.7655567507586988,4.082333886420225,1.7678399999999996,0.4330464016871996,0.4330464016871996,6.320115220363105,1.1109652193123778,0.0807055005712285,1.8631717492919324,16.764293626468564,24.9475805961236,8.183286969655038,0.064767283805517,10.806534021042207,31.292800308096396,0.5935653003383248,39.87471916346467,3.7431701961604986,0.0089099514198477,7.526140911015108,1000000.0,896779.4700640086,19.333580000786387,0.510072781154614,13.320346508940704,2.973625354874243,0.008947702140699,8.09942889463734,1000000.0,554055.8037900968,0.1738316107890765,1.5833,False,0.2
e1214,ok,,0.0634841909715635,0.7648933188923421,4.085874707502676,1.7678399999999996,0.4326711234570675,0.4326711234570675,6.586470337751091,1.2483024272529577,0.0807204768292981,1.8433253526863895,16.415114706646012,24.84491039708349,8.429795690437482,0.0634841909715635,10.78753465492474,31.29280030974143,0.5916352310003711,40.00000000250429,3.651659318976749,0.0095645004289172,7.420733362449485,1000000.0,896002.3205700149,19.50738039670789,0.5165645450975573,13.779807775577494,2.953652363493382,0.0094333124940396,7.939531389491181,1000000.0,558552.060879358,0.1981554963493984,1.5749,False,0.2
e1230,ok,,0.0649767084479871,0.7175323830972381,4.355564068216378,1.7678399999999996,0.405880839384355,0.405880839384355,6.259883417430763,1.103488158263459,0.0818606362819016,1.8573239113716449,16.830373267339773,24.94758059614218,8.117207328802408,0.0649767084479871,10.356095174826756,31.292800308111996,0.6332925640631685,39.70077810768992,2.4535180804336947,0.0089126769817915,7.633848799708663,1000000.0,840523.3310663424,18.58605116644897,0.5841134328288204,13.32469005859355,2.005840845873232,0.0087580743864922,8.009664711978838,1000000.0,499220.5709932421,0.1744621229145386,1.7562,False,0.2
e1233,ok,,0.0642819129740985,0.7279650878426788,4.293143061107075,1.7678399999999996,0.4117822245467231,0.4117822245467231,6.459710828235727,1.2089809318253844,0.0815970497524155,1.862016133400748,16.625853634453687,24.94758059609016,8.321726961636475,0.0642819129740985,9.81788226540327,31.292800308059935,0.624216642088161,39.65577361948513,1.0693764348650192,0.0086445809719159,7.6601475931836065,1000000.0,852744.2871516977,17.575720011748935,0.6600593351293645,14.28169744847434,1.41871031812451,0.0087751455186624,7.388637127502631,1000000.0,478947.06402278703,0.1892732357731854,1.7167,False,0.2
e168,ok,,0.0632994778584483,0.8567571805779878,3.647775981833077,1.7678399999930443,0.4846350238603938,0.4846350238603938,6.241215671947912,1.053230830043965,0.1062380576310125,1.8426408991454597,16.362674544799063,24.446531115892437,8.08385657109337,0.0632994778584483,11.18002384072386,31.29280030769958,0.5197289998843018,39.2543303158809,4.622177942886879,0.0071630513256956,7.79135625774084,1000000.0,1003612.403135499,20.22463853539177,0.4114391626183811,13.362126692051415,3.746856692343409,0.0069155660223078,8.818315995961195,1000000.0,648637.9577240044,0.1243195931903603,1.2619515050167225,False,0.2
e169,ok,,0.0629812493021054,0.8567571408068168,3.6477761509140634,1.7678399999322414,0.4846350013800202,0.4846350013800202,6.465040975348936,1.1675442310511288,0.1062380262670193,1.8321829266143528,16.28160824147296,24.57883214343625,8.297223901963289,0.0629812493021054,11.044234502035652,31.292799969869712,0.5225417322682331,39.488436402510814,4.662101586795035,0.0076129348685078,7.664813798382154,1000000.0,1003612.3457469728,20.093034637547586,0.4278488084472947,13.642496070784809,3.798515003446144,0.0074331852530467,8.495259340639858,1000000.0,644417.1708885361,0.1438557181571815,1.2741929765886288,False,0.2
e171,ok,,0.055194530171021,0.8567571808423895,3.647775980736027,1.7678399999999943,0.4846350240080506,0.4846350240080506,6.277585400552762,1.0894636499526051,0.1062380602322555,1.8270674279078032,14.04721568711187,22.151868515572435,8.104652828460566,0.055194530171021,11.170246274373032,31.292800307258087,0.4709448719494268,36.60828687641838,4.304705033246905,0.0069767895983252,8.267758559528296,1000000.0,1003612.4034271165,20.379189995493157,0.4062647499979838,14.572725604852511,3.6625804205361687,0.0063787539426371,9.07585707898171,1000000.0,653594.6815386439,0.1225296286866114,1.049634448160535,False,0.2
e174,ok,,0.0668957202534079,0.8306080454096471,3.762614969679938,1.7678399999985663,0.4698434504312158,0.4698434504312158,5.70796393231954,0.8058042596028929,0.0793532857499115,1.8586357893045864,17.380980874960127,24.947580596584253,7.566599721624127,0.0668957202534079,9.697984031082443,31.292800308174986,0.5470786434140765,39.047343724803184,1.3001934011711531,0.0052076448319552,8.204359094996626,1000000.0,972981.091287668,17.392656282076963,0.5371296367116818,12.721687065075104,1.2112683325428355,0.005185067247251,8.313614840062073,1000000.0,540786.5554718551,0.0892013567319847,1.380981939799331,False,0.2
e176,ok,,0.063206918774532,0.856757147826447,3.6477761212462063,1.767839999985383,0.4846350053361904,0.4846350053361904,5.8194521059579785,0.8399814877655868,0.1062380300516818,1.8550548619860885,16.32364018390825,23.998147151852315,7.674506967944067,0.063206918774532,10.538128409781374,31.29280003513045,0.5101964631819498,37.97193337331592,1.673371303806373,0.0051353274016296,8.398767920603724,1000000.0,1003612.3560326772,18.93587915866969,0.4455824931608012,12.980727640804506,1.0869447080179464,0.0050113366831023,9.182891948419854,1000000.0,607305.2674943645,0.0882231733685306,1.2204642140468225,False,0.2
e178,ok,,0.0618568719452436,0.856757180982302,3.647775980140316,1.7678399999999916,0.4846350240871946,0.4846350240871946,5.801751658630566,0.8306182501454054,0.106238061170105,1.8445112848875425,15.945901910163174,23.59216485368128,7.646262943518109,0.0618568719452436,10.736336351413364,31.292800307868596,0.5015653214972886,37.46854566359991,2.259746515261649,0.0051018843853209,8.503079547894798,1000000.0,1003612.4036105928,19.402314386071367,0.4228542681193339,13.081983547616131,1.5228602225791252,0.0049371797749328,9.492249882329956,1000000.0,622264.6482589517,0.0868065676396245,1.1829,False,0.2
e180,ok,,0.0603518650509541,0.8567571735480378,3.647776011553985,1.767839999942112,0.4846350198977806,0.4846350198977806,5.7901431548192726,0.8247908524243797,0.1062380293173947,1.8394094008901385,15.518154666773532,23.147707222482943,7.629552555709411,0.0603518650509541,10.672487976883152,31.29280026512945,0.4921162351683631,36.92613802176808,2.7990184371172826,0.0051316043757668,8.599669120345832,1000000.0,1003612.3935641772,19.340425196113596,0.424634818558638,13.26245019349712,2.1618123886611507,0.0049790817897739,9.452348520586176,1000000.0,620279.7531434086,0.0857782699192283,1.1417759197324413,False,0.2
e182,ok,,0.0549859301254178,0.8567571808643827,3.647775980642404,1.7678399999999983,0.4846350240204902,0.4846350240204902,5.775206469012696,0.8171714125017688,0.1062380603876871,1.8399635482776413,13.974324922873167,21.589494940163505,7.615170017290337,0.0549859301254178,10.296063839840624,31.292800307236877,0.4589889075340663,34.97840453679843,3.10137428387238,0.0052798690327814,8.927698142747202,1000000.0,1003612.4034521969,18.65265908751036,0.4556660405844948,13.870980459885724,3.0692764119476976,0.0052365533439105,8.981154845301306,1000000.0,598221.949898855,0.0846268180718025,0.9976,False,0.2
e184,failed,too few converged polar points,,,,,,,,,,,,,,,,,,,,,,,,,,,,,,,,,,,0.01
e186,ok,,0.0570506510895317,0.8567571808953915,3.647775980510344,1.76783999999999,0.484635024038033,0.484635024038033,6.002141284775996,0.9362652584229904,0.1062380605987752,1.8282720470632432,14.579842751268608,22.410256083107846,7.830413331839239,0.0570506510895317,11.041133567368831,31.292800307442185,0.476438146660932,36.65102613578259,3.633830492764397,0.0063811926018287,8.39100998491158,1000000.0,1003612.4034951105,20.13036222755475,0.4022815107366694,14.169706649928134,3.084715341779102,0.0063705840144607,9.117404487816838,1000000.0,645614.3592115219,0.1026823995171413,1.0735421404682275,False,0.2
e193,ok,,0.0660045452647623,0.8494313174118505,3.679235980046189,1.7678399999999193,0.4804910610756003,0.4804910610756003,5.964271287611997,0.9441538679199424,0.0790006739291941,1.8731616109490583,17.110147697663326,24.94758059622438,7.837432898561056,0.0660045452647623,10.431453518048192,31.29280030818206,0.534955461818464,39.01692814343754,1.1822079238127885,0.0053582788082238,8.13795263437393,1000000.0,995030.8268218696,18.563006802819285,0.4775900133421689,12.836949552770632,0.7514193085687744,0.005349739469221,8.75483313814936,1000000.0,590256.027757278,0.1022369185251237,1.3282197324414715,False,0.2
e195,ok,,0.0645917684163539,0.8567571810058174,3.6477759800402128,1.767839999999996,0.4846350241004952,0.4846350241004952,6.229966134474731,1.0627754026034568,0.1062380613160114,1.8543224499075035,16.722663630722487,24.80695221510472,8.084288584382234,0.0645917684163539,10.52400131499759,31.292800308082647,0.5273914894962947,38.99286564410952,1.6297520203000009,0.0056395892547097,8.086990805496491,1000000.0,1003612.4036450016,18.917963477751755,0.4702638633468202,13.293354137798524,1.240331568984957,0.0055600017401302,8.707986156770987,1000000.0,606730.7051798365,0.1180758982851043,1.2953,False,0.2
e197,ok,,0.0635815712900976,0.8567571809855692,3.6477759801264265,1.7678399999999967,0.4846350240890413,0.4846350240890413,6.434043247473778,1.170963688367876,0.1062380611911447,1.8543222742070944,16.432124958975766,24.72049048065664,8.288365521680873,0.0635815712900976,10.533504416467048,31.292800308005944,0.52555332807495,39.01845999456842,2.080282435715317,0.0061066742887529,7.990332076208972,1000000.0,1003612.403618822,18.935048063981867,0.4812653961893542,13.774025476188127,1.673021027767363,0.0061769929326646,8.403787963453542,1000000.0,607278.6363983195,0.1347772419924939,1.2873,False,0.2
e201,ok,,0.0651177501101355,0.856056944280847,3.650759784707355,1.7678399999999947,0.4842389267585582,0.4842389267585582,6.219318972049488,1.0615242946699035,0.0997322611174525,1.853706333714936,16.874555286231924,24.94758059199635,8.073025305764423,0.0651177501101355,10.092094971741677,31.292800308119745,0.530815065107608,39.16305033132232,1.572129491889184,0.0057890344130816,8.021801166155479,1000000.0,1002792.1405912108,18.147597578228638,0.510742145622317,13.4612133332994,1.3812765147166388,0.0058416695140718,8.20786301243263,1000000.0,581548.0891091023,0.11861728889534,1.3102,False,0.2
e203,ok,,0.0645440570802081,0.8532122850511419,3.662931629509612,1.7678399999999996,0.4826298109846717,0.4826298109846717,6.384316584635308,1.164303197141468,0.0789349610938507,1.8532866701248916,16.70997733958047,24.947580594340668,8.237603254760199,0.0645440570802081,10.47458671033807,31.29280030807971,0.5325848333640579,39.441067500568266,1.605433262189719,0.0067141790969517,7.808719449628506,1000000.0,999459.8833875712,18.83965907557481,0.4851812555163442,13.525832424538551,1.1813233366659803,0.0066974129343892,8.243880142622837,1000000.0,601719.350053625,0.1362444695308462,1.3179023411371238,False,0.2
e205,ok,,0.0645472928316432,0.8567571810107438,3.6477759800191656,1.7678399999999783,0.4846350241032866,0.4846350241032866,6.055538290010486,0.9672432374350024,0.1062380613465769,1.8524683028783495,16.711726328652436,24.61973292154127,7.908006592888836,0.0645472928316432,10.631116892004917,31.29280030807816,0.5234112398747539,38.8767487515865,1.707567139191304,0.005771264686818,8.09393231651026,1000000.0,1003612.4036506382,19.129642462233363,0.4498853813169746,13.047466050326904,1.24207297930077,0.0056787327016753,8.890123697136826,1000000.0,613519.6039819814,0.1047338644569997,1.2779772575250836,False,0.2
e207,ok,,0.0649140081697832,0.8567571810122141,3.647775980012969,1.767839999999994,0.4846350241041141,0.4846350241041141,6.24675681496847,1.0682636588743712,0.1062380613373515,1.837119950019681,16.832544246722776,24.916421011710927,8.083876764988151,0.0649140081697832,10.575657509838535,31.292800308105527,0.5297187770678358,39.18668092847761,2.339785067804479,0.0059898822906262,7.978599183950087,1000000.0,1003612.4036532296,19.18883505624341,0.4570576995905833,13.122420215045391,1.826116590686994,0.0058598190140897,8.751093735871939,1000000.0,615418.009397948,0.1202044643396072,1.3054287625418062,False,0.2
e209,ok,,0.0646347260271825,0.845335650433707,3.6970619469278487,1.7678399999999888,0.4781742976930674,0.4781742976930674,6.358239644919595,1.148881429222078,0.0790760666535144,1.83494303806956,16.754397913126585,24.947580596115746,8.193182682989155,0.0646347260271825,10.50175606462217,31.2928003080826,0.5375473310005656,39.46351153259567,2.678981561124788,0.0067174991829042,7.822182503601433,1000000.0,990233.128857574,19.077351624804795,0.4749999920827357,13.406379860710215,2.104296818645665,0.0067270266119853,8.388866638805787,1000000.0,603686.0045685085,0.1368480306646554,1.3395,False,0.2
e210,ok,,0.0656376272880876,0.7777185156680677,4.018495384432674,1.7678399999999888,0.4399258505679658,0.4399258505679658,6.069799132870683,1.000330888810259,0.0804354936020385,1.863086658993066,17.01469480432841,24.94758059619216,7.932885791863749,0.0656376272880876,9.7787944454235,31.29280030815924,0.5842832767059911,39.446322512829816,0.2716353636111725,0.0071512024285019,7.853796309527251,1000000.0,911025.8614400408,17.495687238918883,0.5943647820265008,13.447845803784574,0.3629387165472312,0.0071647209677471,7.768085757926289,1000000.0,509351.1408809804,0.1363752728987367,1.5429030100334449,False,0.2
e211,ok,,0.0657571921988577,0.8414979002962805,3.713922832724281,1.7678399999999708,0.4760034280796307,0.4760034280796307,6.035411536176232,0.9848126424275911,0.0791473762406948,1.8397337309882824,17.072435329041234,24.947580596205743,7.875145267164514,0.0657571921988577,10.038315804044686,31.29280030816285,0.539998878820115,39.29271964175007,1.0206286586585192,0.0059381684981465,8.010145612484449,1000000.0,985737.5568060908,18.18798672684774,0.5045945990115294,13.04295862304484,0.6867283521934519,0.0058328163914025,8.387564431451768,1000000.0,572929.9207098369,0.1094888016559048,1.3501695652173913,False,0.2
e212,ok,,0.066484199201412,0.8005091825922241,3.90408796496216,1.7678399999999996,0.4528176659608473,0.4528176659608473,5.826319893490692,0.871710357173775,0.0799516458429838,1.868834059891341,17.25242664286236,24.947580596244396,7.695153953382033,0.066484199201412,9.886911636421534,31.292800308221192,0.5676486073741508,38.97377301374435,0.64406818867486,0.0055695826341414,8.165147643259026,1000000.0,937723.0359967971,17.63472361121312,0.5513406293940434,12.833721433272771,0.4895096994327076,0.0055219475406457,8.338568248008702,1000000.0,528443.8081857037,0.1055365797353423,1.4705060200668896,False,0.2
e214,ok,,0.0665845933653813,0.7707242706805256,4.054962824565623,1.7678399999999954,0.4359694716040635,0.4359694716040635,5.797445920360303,0.8638251410621768,0.080589735775573,1.8348174017933991,17.31531727410087,24.94758059625457,7.632263322153703,0.0665845933653813,9.296112273797243,31.29280030822802,0.58958558848475,39.0028130350193,-0.1614916954123841,0.005832424722202,8.15439590329916,1000000.0,902832.7453768544,16.888351332601232,0.6192786621461578,13.07350518644487,0.1169543057424669,0.0059003577366615,7.86882908466017,1000000.0,487248.07138759457,0.1110151474104881,1.5659795986622074,False,0.2
e216,ok,,0.0674451932773001,0.720073994356491,4.340190438890868,1.76784,0.4073185324217638,0.4073185324217638,5.549932143135328,0.733181589406907,0.0817959642090488,1.8834791718962949,17.514169281282527,24.947580596314147,7.433411315031623,0.0674451932773001,8.60709147153655,31.292800308288257,0.631057261127879,38.82159734175485,-1.8562849881473065,0.0055789492433361,8.296710914043528,1000000.0,843500.5953900664,15.232610656499224,0.7935397243876758,13.725176289105177,-0.4039883279059892,0.0056976274440097,6.959450690609443,1000000.0,410596.5599601208,0.1041877885665622,1.7464715719063544,False,0.2
e220,ok,,0.0642663603865774,0.856757181001452,3.6477759800588014,1.7678399999999963,0.4846350240980256,0.4846350240980256,6.223018398075372,1.0661718268589813,0.1062380612895967,1.853115172639241,16.630281576300867,24.70641514701548,8.076133570714612,0.0642663603865774,10.657126524645262,31.292800308058304,0.5252540889183145,39.11870660383948,2.598811153157177,0.0061565041136537,7.9810884710458545,1000000.0,1003612.4036391068,19.16975027059828,0.4575295482282039,13.336184409760344,2.1518916533560755,0.0061264575776167,8.657855554953429,1000000.0,614805.9284193325,0.1145917980228738,1.2859976588628763,False,0.2
e221,ok,,0.0626989201986987,0.8567571809901566,3.647775980106891,1.767839999999996,0.4846350240916365,0.4846350240916365,5.9177932346126125,0.8937462806120084,0.1062380612199722,1.8462905745875464,16.186300827760377,23.950384636960536,7.764083809200159,0.0626989201986987,10.701144792661635,31.29280030793665,0.509181011779171,38.26009813888275,2.861951280447457,0.005914408262431,8.198841168541717,1000000.0,1003612.403621974,19.320080562169416,0.4330329198295725,13.163236483825424,2.2348087149886835,0.0057446613223133,9.04949393236705,1000000.0,619627.2720997508,0.0937777153539578,1.2160448160535116,False,0.2
e222,ok,,0.0661055389342544,0.839392909997783,3.723236434780289,1.7678399999999994,0.4748127149503254,0.4748127149503254,5.93522489302488,0.9293127462931358,0.0791867673539875,1.866316971418053,17.14603873177219,24.94758059621513,7.801541864442933,0.0661055389342544,10.286535138830706,31.29280030819423,0.5413530627631175,38.996667756965685,1.45956462445422,0.0054132986049325,8.140170077173718,1000000.0,983271.7538701664,18.37225454619115,0.4911301059621198,12.764285274465092,0.9736787470799938,0.0052705090813016,8.713105872500615,1000000.0,577286.748781383,0.1016583051499997,1.3560632107023411,False,0.2
e224,ok,,0.0661870969213857,0.8330552078021528,3.751562004929932,1.7678399999998773,0.4712277173286104,0.4712277173286104,5.911768319117836,0.9172434860522836,0.0793065642880987,1.8428329811589848,17.19297929597243,24.947580596249253,7.754601300276821,0.0661870969213857,10.514559175012463,31.29280030819036,0.5454715587075574,39.20777496050142,2.8155483965962373,0.0057037329648212,8.080060568542137,1000000.0,975847.7174276076,19.018831842987925,0.4590123076751216,12.518588383186836,1.9843497067563765,0.0053417498722968,9.105682195375222,1000000.0,593091.1730281179,0.1017241205785632,1.3739876254180603,False,0.2
e226,ok,,0.0597491434902215,0.8567571809415416,3.647775980313888,1.7678399999999983,0.4846350240641361,0.4846350240641361,6.039873961232077,0.9611761226929396,0.106238060909258,1.8343465013717168,15.349871150119132,23.22409161272293,7.874220462603794,0.0597491434902215,11.008533750198945,31.29280030769053,0.4937401484411462,37.5556585272122,3.390939393743075,0.0061851652082726,8.278315334110502,1000000.0,1003612.4035571312,20.004460702066208,0.4096400770066489,13.587005443559612,2.7498894388148707,0.0055802985756369,9.373838403675608,1000000.0,641576.4869125751,0.1017739898074643,1.1488434782608696,False,0.2
e228,ok,,0.0572567658069789,0.8567571809355228,3.647775980328162,1.7678399999972478,0.4846350240614855,0.4846350240614855,6.023959073776238,0.9525425241112202,0.10623806115205,1.824431291298306,14.642963355432524,22.49135372050707,7.848390365074544,0.0572567658069789,11.089881342820028,31.292800307370527,0.4781622683069639,37.0412048522704,4.141638449949435,0.00692276036472,8.218404783697212,1000000.0,1003612.4035413788,20.2618050452464,0.397990674429114,14.001675912037332,3.563215378487467,0.0063216204431407,9.179053345485729,1000000.0,649829.9500782288,0.1006315712511218,1.0810458193979933,False,0.2
e230,ok,,0.0519965140454469,0.8567571807254011,3.647775981225852,1.7678399999979904,0.4846350239424241,0.4846350239424241,6.008133170788343,0.943660923532666,0.1062380594326062,1.80398656396877,13.150527631627249,20.96264736638436,7.812119734757113,0.0519965140454469,11.514742848881962,31.292800306868923,0.4456622372207057,36.40834361885175,4.840998471531421,0.0090610911748473,7.868830030273242,1000000.0,1003612.4032787316,21.27647562878652,0.3592676185707494,15.01414893962782,4.211992121871855,0.0080356807415797,8.7412018901551,1000000.0,682372.1312796875,0.0995312099272195,0.9396,False,0.2
e231,ok,,0.0623781444436404,0.8567571810046332,3.647775980042673,1.7678399999993704,0.4846350240999967,0.4846350240999967,6.426743802954891,1.193322113239598,0.1062380614354655,1.836927038306587,16.10340730280154,24.36707814406302,8.263670841261478,0.0623781444436404,10.559334821368822,31.29280030787253,0.5180398432596088,38.63070623435444,2.81515330043765,0.0057934898361013,8.14184982818754,1000000.0,1003612.4036372304,19.1612306879341,0.4685703194206146,13.872822135708288,2.3398126156346684,0.0056980908303407,8.681792830074292,1000000.0,614532.6911675297,0.1233015443979052,1.2546,False,0.2
e266,ok,,0.0559642493784324,0.8567571808198093,3.6477759808321486,1.7678399999999903,0.4846350239952789,0.4846350239952789,6.995027744850896,1.497629276700893,0.1062380600739472,1.8268204808145985,14.268838567244805,23.090686792910297,8.821848225665494,0.0559642493784324,10.687964071438357,31.292800307336183,0.4909039852552035,38.284947056563965,1.547472063586707,0.0082016016416365,7.775596355757465,1000000.0,1003612.403403173,19.5019419143518,0.4828946894665155,15.786512395160829,1.4777190400114992,0.0081851443624171,7.840650881433682,1000000.0,625459.8694736563,0.1731629264025354,1.1365,False,0.2
e297,ok,,0.0510310349402523,0.8567571807320453,3.647775981205809,1.7678399999999883,0.4846350239456347,0.4846350239456347,6.237176117839088,1.0807289532951327,0.1062380594278117,1.788868020045658,12.887968503355374,20.91401264124012,8.026044137884746,0.0510310349402523,11.467916328473846,31.292800306795463,0.4446282714215883,35.15014771961857,4.084414588158848,0.0074893019166462,8.339752929397221,1000000.0,1003612.4032830248,21.36903747689772,0.3659149782268402,14.778465660108395,3.291396513226218,0.0061815075654667,9.547208110454743,1000000.0,685340.744445205,0.1138223591406566,0.9351,False,0.2
e325,ok,,0.0606869623975912,0.8567571809414649,3.6477759803142105,1.7678399999999976,0.4846350240640929,0.4846350240640929,6.427864349462657,1.178858588765401,0.106238060908125,1.8282706648773652,15.625669417393894,23.881804431733915,8.256135014340021,0.0606869623975912,11.22784566851703,31.29280030777136,0.5077230085781763,39.05873836241561,5.369066318461159,0.0079853502224211,7.697624786570749,1000000.0,1003612.403559634,20.470794039076555,0.4101625205695838,14.105259516932508,4.485229886430826,0.0077261091867844,8.531716206354705,1000000.0,656532.576384022,0.1262458880203516,1.209699331103679,False,0.2
e326,ok,,0.0627219544461056,0.8567571809728008,3.6477759801807386,1.7678399999999843,0.4846350240818221,0.4846350240818221,6.454496582354213,1.1927250960600386,0.1062380611094773,1.8330686630577973,16.206147529165758,24.49371277457777,8.28756524541201,0.0627219544461056,11.109626658327556,31.29280030793677,0.5207320734963881,39.52431739594172,4.697193303782622,0.007895188718878,7.616104077926896,1000000.0,1003612.4036016534,20.20223770522458,0.4227431425734483,13.670122259870135,3.810287648659229,0.0076576177107197,8.459943618453877,1000000.0,647919.5259597782,0.1286676725157139,1.2663170568561872,False,0.2
e327,ok,,0.0644136345463632,0.8525463374350685,3.6657928468665055,1.76783999994109,0.4822531097064655,0.4822531097064655,6.421826427100068,1.1970058118239428,0.0789438340466937,1.8236564017188424,16.702097526638966,24.94758035545788,8.24548282881891,0.0644136345463632,10.653474140088006,31.29279991298349,0.5330008582716818,39.81408776829432,4.0244433147577965,0.0078179117118455,7.565219499865992,1000000.0,998679.7743007416,19.472736439545,0.4549361437927652,13.32434389735612,3.321658991341199,0.0076336761811362,8.24101375029963,1000000.0,621453.7557054453,0.1311730546321,1.319713043478261,False,0.2
e328,ok,,0.0646772533884089,0.8295292930010417,3.76750802167997,1.7678399999999828,0.4692332411310129,0.4692332411310129,6.346008516765263,1.1573125925767702,0.0793740058394068,1.8594237052585725,16.742148374095496,24.94758059611933,8.205432222023836,0.0646772533884089,10.766204209633385,31.292800308085237,0.5477900859249105,39.7543171974147,3.370715389510417,0.0077778498156304,7.619302806352293,1000000.0,971717.4318462308,19.300252687944567,0.4736418440102366,13.315668746332054,2.7043862006989907,0.0076320243274178,8.253960883573855,1000000.0,599319.7090471692,0.1333487448662157,1.3840782608695652,False,0.2
e329,ok,,0.0650161325859128,0.8020945183345941,3.8963715549247535,1.7678399999999954,0.4537144302281859,0.4537144302281859,6.248544795195967,1.106179844717146,0.0799190101516951,1.8530157917830048,16.84602000916102,24.947580596139996,8.101560586978971,0.0650161325859128,10.626832530420444,31.29280030811399,0.5665266527857339,39.63674690836366,2.801308645939915,0.0077402206736264,7.682049746613465,1000000.0,939580.1113123116,19.116283443713694,0.4929950186905296,13.142760743199268,2.1364838237973425,0.007574276198244,8.317604291437002,1000000.0,573974.8296436414,0.1353776503696881,1.465623076923077,False,0.2
e330,ok,,0.0651396564984052,0.8503874829571793,3.67509909098388,1.7678399999999996,0.4810319276389149,0.4810319276389149,6.120968778345041,1.0317724321116213,0.0789831790572462,1.8437360024047504,16.890826027211407,24.8555308079612,7.964704780749791,0.0651396564984052,10.90648395953518,31.2928003098698,0.5323823434010081,40.00000000279165,4.708051126561748,0.0085796236401491,7.423905490333091,1000000.0,996150.8870542191,19.718086800044507,0.4296646192166523,12.819942830572115,3.9419762320840985,0.0082886535638382,8.245343938717154,1000000.0,627690.3780541893,0.1102807076540902,1.3170210702341136,False,0.21
e331,ok,,0.0653560874106104,0.850482848634769,3.674686997647037,1.7678399999999996,0.4810858723836824,0.4810858723836824,6.15077171669004,1.0475454568272875,0.0789814361875445,1.846494803471932,16.95031407599702,24.947580596158996,7.997266520161972,0.0653560874106104,11.00092628041903,31.29280030813995,0.53429404651597,39.97012204300408,4.057071189627551,0.008291983491579,7.468960515804347,1000000.0,996262.599137706,19.859115876802868,0.4252678073899424,12.82297735070036,3.1072819516110504,0.0081101391900442,8.333136114005029,1000000.0,632250.6840288761,0.1127121756841269,1.3253411371237458,False,0.21
e332,ok,,0.0654976598507446,0.8319077795500164,3.756736434431885,1.7678399999781869,0.4705786607160609,0.4705786607160609,6.11005395469923,1.0271526576505785,0.0793279882656203,1.8367283506998984,17.00079794199601,24.947580247395138,7.946782305399128,0.0654976598507446,10.532701450479124,31.29279978153325,0.5462239236206015,39.803247159259264,3.6213250540436985,0.00800184428501,7.56731976951034,1000000.0,974503.5941532502,19.11496864604495,0.466310577654124,12.859125518411194,2.926150059513393,0.0078721899297923,8.226034022316286,1000000.0,595268.1056902475,0.1152834991708934,1.3772622073578595,False,0.2
e333,ok,,0.0656231746622026,0.816124659821176,3.829388351388359,1.7678399999999996,0.4616507488354014,0.4616507488354014,6.073955796107647,1.0089358713562726,0.0796357176611614,1.8538160571834617,17.019808742889992,24.9475805961811,7.927771853291109,0.0656231746622026,10.667742069070034,31.292800308159435,0.5567873942063013,39.6774454762056,3.147418564299465,0.0077380443288857,7.654404142587452,1000000.0,956015.1343669172,19.181590370006354,0.4709033036842827,12.812691765001608,2.3610442357347825,0.0076002299280223,8.384796527589465,1000000.0,586009.8973044378,0.1174652739514568,1.4232361204013375,False,0.21
e334,ok,,0.0658272477414868,0.7961657818141448,3.9253863165015455,1.7678399999999996,0.4503607689689932,0.4503607689689932,6.015263135345995,0.9786862592700194,0.0800417232095133,1.8640594908634596,17.068257969987897,24.947580596197355,7.879322626209454,0.0658272477414868,10.03812513843521,31.292800308174225,0.5707453561415167,39.55286636641449,2.696626017202398,0.0074923440856182,7.745752894865198,1000000.0,932635.1406248752,17.950294661796452,0.5478334281790761,13.099819507377092,2.486538760241477,0.0074522981729171,7.941164351581785,1000000.0,534981.7025416361,0.1193323915105614,1.4839836120401335,False,0.2
e335,ok,,0.0630854628947915,0.8532092168559541,3.662944801647204,1.7678399999999996,0.4826280754230893,0.4826280754230893,6.352734207595787,1.1576841448957558,0.0789317775166626,1.8414749553347731,16.30228848021321,24.496497643143773,8.19420916293056,0.0630854628947915,10.797755483249889,31.292800309594423,0.522956924844779,40.00000000257884,4.654497459232772,0.0093309726746508,7.316668662392116,1000000.0,999456.2893268884,19.5454834578276,0.4483993701296125,13.630067605624513,4.009294072918277,0.0092243593764815,7.828744993953853,1000000.0,624260.4105926255,0.1257797390656917,1.276,False,0.2
e336,ok,,0.063943910175784,0.8300200540024645,3.765280429707206,1.7678399999999994,0.4695108460055575,0.4695108460055575,6.283594067229103,1.1220333123743915,0.0793645459471627,1.84032141369182,16.55033671518417,24.67425219610509,8.123915480920923,0.063943910175784,10.83090470276068,31.29280026572,0.5414680997514759,39.99999988594264,4.411704622870653,0.0091962990724372,7.3697608596719775,1000000.0,972292.312000604,19.617777311759703,0.4536109483148348,13.312900766765036,3.5908441413589998,0.0090085811290102,8.004101908047508,1000000.0,609540.0186879048,0.1279825349602185,1.356563879598662,False,0.2
e337,ok,,0.0648662323996268,0.8240646604206407,3.792491555219371,1.7678399999999996,0.4661421058583587,0.4661421058583587,6.288035590208595,1.12448772751905,0.079479669376426,1.8461175310898217,16.809806062084906,24.94395918338332,8.134153121298416,0.0648662323996268,10.752226046523928,31.29280030982884,0.5513426096371992,40.00000000269446,3.952205031659924,0.0086530423019813,7.450317475169042,1000000.0,965316.1163806972,19.414123361504053,0.4671128354000733,13.164587218899152,3.171957351385017,0.0085359619870735,8.08596041321841,1000000.0,598884.2794735925,0.1310420260108909,1.3995394648829431,False,0.2
e338,ok,,0.0649398903549558,0.8147630995694666,3.835787687551674,1.7678399999999996,0.4608805658710442,0.4608805658710442,6.270472525263969,1.1151247508122262,0.0796627824803061,1.8522313337106944,16.82487673715586,24.947580596130525,8.122703858974663,0.0649398903549558,10.602883838908635,31.292800308109264,0.5577178482064159,39.870167161260646,3.395466544106636,0.0083771096481339,7.525072456164666,1000000.0,954420.1914956644,19.08128077009185,0.4883830082849186,13.211880625686003,2.7409039283888164,0.0082813977893534,8.066080244016748,1000000.0,581972.8329603737,0.1330174743837366,1.427285618729097,False,0.2
e339,ok,,0.0651833395851366,0.7923527942698614,3.9442761964130426,1.767839999999993,0.4482039066147754,0.4482039066147754,6.200455043639084,1.0785850305634217,0.080121612264741,1.873581723712752,16.873543828802802,24.94758059615464,8.074036767351835,0.0651833395851366,10.300564246465989,31.29280030812568,0.573491916701728,39.74650361284874,2.889816741804574,0.0081735478961002,7.613078655673439,1000000.0,928168.57567454,18.32597624129618,0.5411830778021143,13.363719541895737,2.5865826924034265,0.0081319458237405,7.867405014371105,1000000.0,543562.5798344587,0.1353741778749993,1.4959371237458194,False,0.2
e342,ok,,0.0639754637715818,0.8088767817190707,3.863701290767701,1.7678399999999994,0.45755089924375,0.45755089924375,6.362905392101764,1.164559093783321,0.0797804682510383,1.8422952355048072,16.557437935507018,24.76263856311359,8.20520062760657,0.0639754637715818,10.771049430784988,31.29280020491592,0.557611873130999,39.9999997281243,3.9139234015670654,0.0092338610930329,7.396160392893209,1000000.0,947524.9072605572,19.48846059561062,0.4763850042914643,13.457913307052063,3.153603554536764,0.0091794736793388,7.95208135342436,1000000.0,590097.4568458755,0.1424967171026801,1.426824414715719,False,0.2
e343,ok,,0.0647866080422155,0.792950915221825,3.9413010384396063,1.7678399999987031,0.4485422409394553,0.4485422409394553,6.3145571948536485,1.1389870747535742,0.0801077872688361,1.8194027989240624,16.813620464924224,24.947580458701932,8.133959993777712,0.0647866080422155,10.565803229019766,31.29280010674535,0.5730593373379179,39.85513458838418,3.5209634970409853,0.0086382103075529,7.519016718608205,1000000.0,928869.2134967896,19.35763983520316,0.4882668441915851,13.153269117572524,2.714981800388133,0.0085254970456453,8.159804468861502,1000000.0,574595.9334908936,0.1446778054476332,1.4940545150501672,False,0.2
e344,ok,,0.0650265670959667,0.7718056846514239,4.049281221621837,1.7678399999999987,0.4365811864486743,0.4365811864486743,6.24554376654113,1.102451659803605,0.0805657101832247,1.8707218178758456,16.831315011724378,24.947580596141357,8.116265584416976,0.0650265670959667,10.695158640139155,31.292800308115464,0.5887594918338943,39.85573701449902,2.9662592377653336,0.0088046205115097,7.532532822799401,1000000.0,904099.5225874193,19.0570978858546,0.51646520270656,13.202937882254256,2.2768664657387427,0.0087008725453674,8.070145540339446,1000000.0,550590.3252779383,0.1471790485888673,1.5623842809364548,False,0.2
e360,ok,,0.0652102711600053,0.8278203241255935,3.77528574078052,1.7678399999999042,0.4682665422920843,0.4682665422920843,6.192709358672342,1.0791529178263557,0.0794068978297315,1.8361972574787333,16.91867398004154,24.947580596192616,8.028906616151076,0.0652102711600053,10.87680906804708,31.292800308110568,0.5489209547620443,39.33805564208597,4.184681022299899,0.0069142847852847,7.810017160419072,1000000.0,969715.5316600892,19.74517175600536,0.4437157127617604,12.62651744149527,3.162344331920444,0.006218424456419,8.995594104704404,1000000.0,611872.3648433561,0.1222868184941806,1.389,False,0.21
e361,ok,,0.0652704030798938,0.8299743334325003,3.7654878466671686,1.7678399999959735,0.4694849836152539,0.4694849836152539,6.175414681906847,1.0677345419930808,0.0793652052773248,1.8586129302192476,16.91355278792669,24.947580400052782,8.034027612126094,0.0652704030798938,11.07238886517952,31.292800017805497,0.547496361246794,39.54175979186172,4.3329680005181945,0.0068269002624191,7.825520409824658,1000000.0,972238.7468489732,19.85779948253021,0.4378372762770268,12.717162853231402,3.2958270751752146,0.0060341461134599,9.106462171622038,1000000.0,616963.712837714,0.1210743005237164,1.3828,False,0.2
e374,ok,,0.0626091900181059,0.8567571809803488,3.647775980148662,1.767839999999999,0.4846350240860877,0.4846350240860877,6.168277791820439,1.041067323355487,0.1062380611599883,1.849885016586653,16.15689943920278,24.175062247609876,8.018162808407093,0.0626091900181059,10.693867151531942,31.292800307929816,0.5139576187103314,38.439424869532736,2.654555498169891,0.0057786610122208,8.186618185519523,1000000.0,1003612.403610264,19.269426758325253,0.4495581177037846,13.487523105929451,2.207041136526481,0.0056082585108869,8.918556820794127,1000000.0,618002.7199487832,0.1090648773539003,1.2368334448160536,False,0.2
e377m,failed,too few converged polar points,,,,,,,,,,,,,,,,,,,,,,,,,,,,,,,,,,,0.01
e378,failed,Maximum_Iterations_Exceeded,,,,,,,,,,,,,,,,,,,,,,,,,,,,,,,,,,,1.39
e385,ok,,0.0678496379413481,0.755276996337932,4.137896799125697,1.76784,0.4272315347191669,0.4272315347191669,5.433611393977405,0.6698205445066083,0.0809404925256368,1.890120375053458,17.6238488273083,24.94758059633916,7.323731769030863,0.0678496379413481,7.969509345038961,31.292800308315915,0.6016440655427515,39.46245666589434,-1.0394162449750264,0.0074112431580852,7.844057005806701,1000000.0,884737.681250892,14.054676887644543,0.875569772837899,14.3237233145694,1.4278974816139487,0.0057638940954289,6.140965136392011,1000000.0,397366.2349738854,0.0841898343314178,1.6184602006688964,False,0.2
e387,ok,,0.0667948106472414,0.8337830125206083,3.7482872865830608,1.7678399999999777,0.4716394088382539,0.4716394088382539,5.736986149505505,0.8209081454721308,0.0792927151612354,1.8719312978679925,17.33866314889494,24.94758059626844,7.608917447373497,0.0667948106472414,9.530112429199171,31.292800308241887,0.5449954195093927,39.00639461788096,1.3323447921568796,0.0052424979407908,8.190873597415715,1000000.0,976700.2738582976,16.97019621758795,0.5652003470363256,12.997332023616616,1.5140862254014726,0.0052904740478947,7.975621720866284,1000000.0,529668.0108485443,0.0906889867846944,1.3719153846153846,False,0.2
e392,ok,,0.0666113179517923,0.8108180394632746,3.8544508305078913,1.7678399999999996,0.4586489950805925,0.4586489950805925,5.789759766505748,0.8515921462444267,0.0797417148104489,1.8638457426894608,17.293975087057724,24.947580596252934,7.653605509195208,0.0666113179517923,9.914060711671802,31.292800308230177,0.5604314415468463,38.9689338573568,0.9884429158045982,0.005474636156412,8.170893707898234,1000000.0,949798.9156659008,17.73047429945602,0.5355601799798784,12.745933789451655,0.7526974608201766,0.0055409238527731,8.405042732672161,1000000.0,538155.2656837917,0.1014338927210193,1.439095652173913,False,0.2
e393,ok,,0.0662862267692403,0.7927290374571132,3.9424041733415978,1.7678399999999974,0.4484167331076988,0.4484167331076988,5.883257970982526,0.902725080513671,0.0801136966377596,1.858822461163525,17.20550016408592,24.94758059623197,7.742080432146051,0.0662862267692403,9.721851281630473,31.29280030820697,0.573219727318816,39.41095081624342,0.2735535103346296,0.0062757771923178,8.01635348314063,1000000.0,928609.3100388964,17.433709574653882,0.5731385443317627,13.142301584351095,0.2728349254899462,0.0062757332358234,8.017100138519965,1000000.0,517342.80282011145,0.1152321722789957,1.494752508361204,False,0.2
e395,ok,,0.0664216588260697,0.7495405551290564,4.169565267968576,1.7678399999999996,0.4239866476202917,0.4239866476202917,5.8443068864227,0.8859335327685914,0.0810744264549506,1.8762177802038036,17.227055929616956,24.94758059624346,7.720524666626503,0.0664216588260697,9.122739539985178,31.29280030821676,0.6062486140067064,39.21240616360315,-1.029875392646564,0.0067181425555381,7.9992699258246995,1000000.0,878017.9668673187,16.207677019587464,0.6993852188223473,13.664114867829664,-0.2118741407520104,0.006631804671715,7.266731460371563,1000000.0,454757.371798513,0.1228535226506054,1.6385,False,0.2
e396,ok,,0.0661059650638194,0.7511347770894413,4.160715707652368,1.7678399999999994,0.4248884384839361,0.4248884384839361,5.935102335572333,0.934028096825555,0.0810369995092347,1.8749056981544627,17.13757256249457,24.947580596221364,7.810008033726795,0.0661059650638194,9.147335474731104,31.292800308194263,0.6049619010450237,39.27248862341151,-1.0792103300332312,0.0069333323407537,7.951024005559364,1000000.0,879885.451574237,16.262747656651314,0.7012164281438782,13.846845320654449,-0.235645357038638,0.0068445844562737,7.2080128411071,1000000.0,457273.0763875897,0.1305813348560139,1.6329,False,0.2
e397,ok,,0.0658293444187039,0.7574349883225593,4.126107604985743,1.7678399999999996,0.42845222889094,0.42845222889094,6.014660118209783,0.9765881431870276,0.080890632894839,1.8745870361652783,17.0583334418263,24.94758059620136,7.889247154375061,0.0658293444187039,9.231267786896876,31.29280030817437,0.5999299341790627,39.29100993359937,-1.001415379966866,0.0069607182404376,7.9331384171108414,1000000.0,887265.5707945473,16.414758039688365,0.6894893307401134,13.946220550532674,-0.21555468873205,0.0069206575558887,7.231877584971756,1000000.0,465418.5473370364,0.1351388625098831,1.611,False,0.2
e398,ok,,0.0657226725064226,0.7551501601742643,4.138591806533936,1.76784,0.4271597883147028,0.4271597883147028,6.045339610000437,0.9878761848777278,0.0809434318940634,1.8723062062067253,17.029934779986995,24.94758059619416,7.917645816207163,0.0657226725064226,9.29056137064314,31.292800308166655,0.6017451185927074,39.36656358865712,-0.8412015941237694,0.007247191289551,7.878006915908211,1000000.0,884589.104322066,16.540316856015643,0.6835675213445556,13.936859228889972,-0.1246509493487247,0.0072410368210675,7.245365460483521,1000000.0,467563.91018951446,0.1415783463396864,1.6189,False,0.2
e399,ok,,0.0654439994769016,0.7583062708597431,4.121366769203534,1.76784,0.4289450803578056,0.4289450803578056,6.125487670895483,1.0288883170407697,0.0808705826222977,1.870961620293433,16.951131304985076,24.947580596173992,7.996449291188916,0.0654439994769016,9.341031688598218,31.29280030814638,0.5992406236788645,39.37491019380932,-0.819503644276387,0.0072658836026268,7.8679000279973215,1000000.0,888286.1983190136,16.642122402513014,0.6791120465563586,14.068297267675383,-0.120652298480732,0.0072949866279185,7.244238088126531,1000000.0,472407.9499219365,0.1483124497629352,1.608,False,0.2
e403,ok,,0.0644971029829088,0.8063206891043327,3.8759494923434703,1.767839999999993,0.4561050146530997,0.4561050146530997,6.397820870815061,1.1927110319606058,0.0798326385490258,1.8553174026427144,16.69444232264416,24.947580596101936,8.253138273457775,0.0644971029829088,9.717132337931812,31.292800308075265,0.5635573151360622,39.29770945423681,-0.1693014461414534,0.0062402136558884,8.000370399485412,1000000.0,944530.6824863472,17.458167039398443,0.5989910686990536,14.20380927399424,0.139540896777875,0.0061987113240545,7.691586005139999,1000000.0,526951.0643452512,0.1495693499583887,1.4527,False,0.2
e407,ok,,0.065292205202418,0.7678454551785246,4.070165740413695,1.7678399999999974,0.4343410349231411,0.4343410349231411,6.169144628928598,1.071954672125759,0.080654031949645,1.8732926946886832,16.905143272545565,24.947580596162847,8.042437323617282,0.065292205202418,9.530866622397282,31.29280030813505,0.5917960699318611,39.09161835314622,-0.2997903549983549,0.0059979813727314,8.12223333881814,1000000.0,899460.4772337083,16.959205306285906,0.6495449169434245,13.990548536096991,0.209276723991496,0.0059785859781172,7.616544176227963,1000000.0,487464.6803127687,0.144268520919725,1.5756,False,0.2
e417,ok,,0.0645418521786672,0.8238278824157578,3.7935815627356577,1.767839999999994,0.4660081695265186,0.4660081695265186,6.384950729512208,1.1862406702554908,0.079484279157657,1.858043335942145,16.70458653064871,24.947580596103062,8.242994065454354,0.0645418521786672,9.854385770792478,31.2928003080787,0.5515811401742517,39.26556052830115,-0.0771947306911358,0.0061675154059271,7.986489878357457,1000000.0,965038.7526256788,17.678787105712082,0.5710181158152311,14.03753561377516,0.0985841895877601,0.0061272709450909,7.816559954045161,1000000.0,545196.1629661774,0.141837030139332,1.4005775919732442,False,0.2
e420,ok,,0.0673086306273195,0.621143964800265,5.031455576655175,1.7678399999999996,0.3513575690109202,0.3513575690109202,5.530410572177473,0.7199573894646206,0.0705324491644288,1.882756417114526,17.47561578523317,24.88878277452517,7.413166989292,0.0673086306273195,7.95607161532512,31.29280030954309,0.7298419930129683,40.00000000317518,-3.5649672960802583,0.0116460937769076,7.43383726175884,1000000.0,727613.145675682,14.085857563239529,1.0728802385541591,14.699884948106268,-0.3964019759193734,0.0104759251008528,5.869881136376892,1000000.0,327521.1879328916,0.1433746451757292,2.1764,False,0.21
e421,ok,,0.0671529729130179,0.6484712601431006,4.819424479830202,1.7678399999999996,0.3668155829391238,0.3668155829391238,5.633976500036188,0.7697838327342756,0.0738499270982176,1.882960218124871,17.430643878133505,24.947580596294564,7.516936718161059,0.0671529729130179,8.548141032243139,31.29280030826807,0.7007371808397068,39.68383229305488,-1.8798971899844537,0.0096758432079659,7.664914670108804,1000000.0,759624.5640179304,15.132451108917088,0.9028963969734428,14.03618927282595,-0.0203089668583085,0.0097706699663199,6.48665672013594,1000000.0,367336.3030120583,0.1452691847404431,2.049730769230769,False,0.2
e422,ok,,0.0668809628213391,0.6851681680789345,4.561301022437392,1.7678399999999996,0.3875736311424873,0.3875736311424873,5.712208259420643,0.807458599077439,0.0783384452578606,1.876187721148621,17.35918461570732,24.947580596276584,7.588395980569264,0.0668809628213391,9.24494956633777,31.29280030824912,0.6632064124673718,39.67997000437423,-0.186478577391682,0.0091589060321455,7.664685927390699,1000000.0,802611.623591083,16.42506141954338,0.7322259557761241,13.219907190150948,0.4415479018282511,0.0092021124907879,7.210511367844266,1000000.0,421277.2613401366,0.1399369739905318,1.8863903010033445,False,0.2
e423,ok,,0.0674626085008864,0.6550428839946023,4.771074294466729,1.7678399999999996,0.3705329011644733,0.3705329011644733,5.544923418741461,0.7341989697423287,0.0746509240222208,1.8913546373509431,17.511302540221653,24.947580596314054,7.436278056092404,0.0674626085008864,8.011862821908727,31.292800308289458,0.6937071355037068,39.79066945188859,-3.688594887590728,0.0100434474288659,7.587006748310207,1000000.0,767322.6182113042,14.120149060869675,1.0155788370605123,14.76421306166848,-0.7024475675899295,0.0093187012771048,5.919950278043053,1000000.0,346236.5029712695,0.1252025185755278,2.0191347826086954,False,0.2
e426,ok,,0.0664769113468771,0.8048009820824125,3.883268454162956,1.7678399999999996,0.4552453740623657,0.4552453740623657,5.828415924850024,0.8653071262168988,0.079863593611294,1.8525413724458368,17.26662329894734,24.947580596243203,7.68095729729586,0.0664769113468771,10.82001928329624,31.29280030822068,0.5646214813417778,39.64588624618071,4.065855133382401,0.0077002858761766,7.684957577629846,1000000.0,942750.4851945494,19.46878568045329,0.4491128093737054,12.327746660117477,3.1512978156766907,0.0075311805272112,8.669567369044984,1000000.0,586531.3096180258,0.1082424390243902,1.4573314381270903,False,0.2
e428,ok,,0.0663376240935756,0.8108998263486336,3.854062072795792,1.767839999990656,0.4586952588203228,0.4586952588203228,5.86847527746281,0.8838154286590567,0.0797388980981797,1.8439683014778396,17.235136751609733,24.947580330550384,7.71244357894065,0.0663376240935756,10.810253996420435,31.292799907591164,0.5603749249893879,39.71247715259768,4.278522715349391,0.0078174824965134,7.648223612407079,1000000.0,949894.70933923,19.54164828060694,0.4442308600916503,12.37025093149418,3.3137716446255383,0.0076184045689525,8.633251272312574,1000000.0,593187.8377240896,0.1112334896810506,1.4388498327759198,False,0.2
e431,ok,,0.0645983852009968,0.7863782870850788,3.9742428255294326,1.7678399999999996,0.4448243546277259,0.4448243546277259,6.368691487906826,1.1825226187328717,0.0802483524599689,1.8519498396424976,16.726939268558667,24.94758059610799,8.220641327549323,0.0645983852009968,9.67764302137269,31.292800308083784,0.5778490201892355,39.203659321004174,-0.1041122466239204,0.0065228549122125,7.972908524310972,1000000.0,921169.9888516758,17.41883574852631,0.6145288210486216,14.1237536606374,0.2227622961659258,0.0066018136671731,7.641600456787836,1000000.0,512760.3977370509,0.1511979784355669,1.5149,False,0.2
e432,ok,,0.0644281491448405,0.783449967975339,3.989097445081951,1.767839999999989,0.4431679156345279,0.4431679156345279,6.417652414699063,1.200777759981468,0.080311164177875,1.857979142058534,16.671949039346373,24.94758059610397,8.275631556757597,0.0644281491448405,9.807375125767704,31.29280030806904,0.5800088598698527,39.39390346106098,0.1480169611190285,0.0070903253778047,7.85561766575098,1000000.0,917739.7317778087,17.595057812654264,0.6085759717009852,14.167844464325627,0.4017328962055008,0.0071805510217028,7.603876159106093,1000000.0,516019.131513666,0.1597640893859967,1.5243,False,0.2
e433,ok,,0.0649736270218014,0.7809132297230832,4.002055729941002,1.76784,0.4417329790722482,0.4417329790722482,6.260769654367294,1.1287767405043103,0.0803659816937883,1.8539208622002747,16.83289007956865,24.94758059613622,8.114690516567569,0.0649736270218014,9.567330228085323,31.292800308111765,0.5818929752938613,39.054792797839504,-0.2062784252205439,0.0060846279012435,8.080048506758217,1000000.0,914768.175740532,17.201975235574697,0.6263525660924348,14.002762727236108,0.1964864194873695,0.0061724861033657,7.667779112458284,1000000.0,502857.50557457807,0.1421317717296086,1.5325,False,0.2
e434,ok,,0.0650607063294475,0.8005759829799829,3.903762206256038,1.767839999998171,0.4528554524056538,0.4528554524056538,6.235724691639923,1.1106307557504265,0.0799490160120532,1.8775497369266176,16.834305942359823,24.947580370926364,8.113274428566541,0.0650607063294475,9.845110709031434,31.2927999767128,0.5676012493543947,39.28960352891521,0.6807451826946446,0.0061067966216036,8.040761796864093,1000000.0,937801.2765861894,17.478650525918972,0.5916762385566022,13.9206792601246,0.904696469571608,0.0061570037041932,7.811106619797892,1000000.0,523810.6142118559,0.1333359815603337,1.4703,False,0.2
e435,ok,,0.0646336032818066,0.769069708033612,4.063686598176856,1.7678399999999934,0.4350335483039273,0.4350335483039273,6.358562553336369,1.1688562398227371,0.0806265733157238,1.8669303352198805,16.72208770756478,24.94758059612103,8.22549288855625,0.0646336032818066,9.44260936782901,31.29280030808556,0.5908540122482834,39.3422360074036,-0.8836329496673635,0.0068020186290335,7.944529624605154,1000000.0,900894.5770890538,16.859421032292015,0.6711463451240491,14.544767108531548,-0.1779205472602199,0.0069356652971399,7.273107808736069,1000000.0,485369.1849664388,0.1623184386413333,1.5715,False,0.2
e471,ok,,0.0676876534071808,0.8521102829367122,3.667668760936472,1.76783999999992,0.4820064502085883,0.4820064502085883,5.480199132810459,0.6868977791938575,0.0789517516664785,1.9018463778334815,17.565535085722562,24.947580596366503,7.382045510643941,0.0676876534071808,8.416478257163847,31.292800308303445,0.5332736052924762,38.79675956143053,-1.3276624740810987,0.0025051217242142,8.909188224008638,1000000.0,998168.9890603904,14.751416229442624,0.7101004621544412,14.807996823066349,0.202266700625425,0.0050663791541535,6.612832387667165,1000000.0,470536.5477005491,0.0625967361771728,1.3209,False,0.21
e472,ok,,0.0660818455691672,0.7913183438454662,3.949432349031927,1.7678399999902858,0.4476187572686523,0.4476187572686523,5.942039077149969,0.93166097199289,0.0801427987538531,1.85126703568347,17.154274395537495,24.947580508370933,7.79330611283344,0.0660818455691672,11.001925651926978,31.29280016961337,0.574241616692364,39.91641155712557,4.662498157573401,0.0087735975007624,7.495938473707633,1000000.0,926956.8078471716,19.80972209818661,0.4476308951205851,12.31933065152109,3.805124159315703,0.0081681954271772,8.571383784834163,1000000.0,586804.5256718716,0.1208840475600693,1.4992,False,0.2
e473,ok,,0.0643696647117911,0.8079347799166767,3.868206126640036,1.7678399999997902,0.4570180445723439,0.4570180445723439,6.434472893933486,1.1787594360164428,0.0797998468118327,1.8285831005249984,16.68452460185578,24.947580596314264,8.263055994458485,0.0643696647117911,11.086378473876184,31.29280030773112,0.5624314412468583,39.8972649987125,5.2741475495820085,0.0085551841122174,7.503533024149458,1000000.0,946421.4417200796,20.20941509429388,0.4466457656864664,13.40449909580668,4.246070913890472,0.0087957919571599,8.260272746442094,1000000.0,611214.8347789691,0.1617542682926829,1.4478,False,0.2
e474,ok,,0.0648532267787857,0.8167772766401877,3.8263286147913504,1.767839999977289,0.4620199094096076,0.4620199094096076,6.295397242446665,1.11553881633515,0.0796223843421818,1.802558807126935,16.84962443020834,24.94758047978194,8.0979560495736,0.0648532267787857,10.974066146318425,31.2928000750468,0.5563425186803749,39.98928024233058,5.301981929878948,0.0086794068440064,7.4598985280334436,1000000.0,956779.60795752,20.29349630264358,0.4294022670243029,12.77805120428209,4.198448241959087,0.0080324169806933,8.56210902921459,1000000.0,620475.105774045,0.1407346778711484,1.4213,False,0.2
e475,ok,,0.0635607973731274,0.8215957594499301,3.8038880187166537,1.7678399999999996,0.4647455422718856,0.4647455422718856,6.495067934898128,1.228180324548678,0.079527868660629,1.809870750618836,16.470601776404898,24.77554046192186,8.304938685516962,0.0635607973731274,11.045793051726188,31.292800309866124,0.5492656101679276,40.000000002536446,5.598244800285443,0.0090617069437434,7.400013795170311,1000000.0,962424.0254923276,20.343613023101938,0.4356406397314993,13.286292374457627,4.492771965015236,0.0084313965458049,8.352964979391322,1000000.0,625676.8887691685,0.1499362520268705,1.3905,False,0.2
e476,ok,,0.0585437765072888,0.8567571808819008,3.647775980567808,1.767839999999996,0.4846350240304002,0.4846350240304002,6.9167338375612735,1.435178695147572,0.1062380605075829,1.8304336590757029,15.007113105249164,23.75428060188614,8.747167496636976,0.0585437765072888,11.259487393012789,31.292800307582457,0.5050118741763892,38.62583368689934,4.605277540663902,0.0074499899475342,7.847251384847085,1000000.0,1003612.4034838025,20.504225573697088,0.4331409702191233,14.91484631809131,3.924766105410071,0.0070806123787331,8.569977775644137,1000000.0,657604.7815256062,0.1672531675953708,1.1979,False,0.2
e477,ok,,0.0601006447551562,0.8567571809206165,3.647775980402984,1.7678399999999996,0.4846350240522992,0.4846350240522992,6.709981129511207,1.3193841648128082,0.1062380607715742,1.828388587288421,15.456922969278867,23.995292686078493,8.538369716799627,0.0601006447551562,11.17023482881657,31.29280030772126,0.5101357491411556,38.860763618931735,4.640291407737059,0.0074216997288034,7.811310636866623,1000000.0,1003612.403533604,20.36444350775293,0.4286259166428264,14.393988570980934,3.881606043956181,0.0070645174717184,8.614735193525549,1000000.0,653121.7370916241,0.153452135694474,1.2202,False,0.22
e478,ok,,0.0642179901493945,0.8278896587132163,3.774969565933501,1.7678399999981516,0.4683057622375791,0.4683057622375791,6.478095103486522,1.199710051890636,0.0794053513571632,1.807174322681824,16.66231099887562,24.947580425043967,8.285269426168346,0.0642179901493945,10.902488876371558,31.29280005815634,0.548874988361495,39.81025623060842,4.975097603500788,0.0081258921054509,7.549581244899467,1000000.0,969796.7430205191,20.109642513055785,0.4413994575297166,13.283197942415296,3.976551472990403,0.0079579908761104,8.419804258121662,1000000.0,623218.9441732389,0.1568904379070289,1.3888,False,0.2
e479,ok,,0.0638776104577498,0.8286875147890085,3.771335044664839,1.76784,0.4687570791412167,0.4687570791412167,6.575990694833795,1.2492698733724712,0.0793901917631436,1.8324939379687657,16.53909596324698,24.94758059604954,8.40848463280256,0.0638776104577498,11.04828185950109,31.29280030802913,0.5483465293988667,39.88276780465833,4.913391630390341,0.0083332379724938,7.505114504570861,1000000.0,970731.3659282048,20.09698664496465,0.4480963116384158,13.502660241144207,3.997519986495509,0.0081604325968685,8.300955697904296,1000000.0,623426.9577945649,0.1655329587675577,1.3865,False,0.2
e485,ok,,0.064651351367225,0.8536182460100252,3.661189624528338,1.7678399999999954,0.4828594476932457,0.4828594476932457,6.353458014318308,1.1595737120349408,0.0812365755551595,1.8159691594482017,16.778153365590786,24.947580539357297,8.16942717376651,0.064651351367225,10.855258486817863,31.292800266400608,0.5323315486644438,39.72853004615808,4.105008761299746,0.007183386966584,7.70197616169701,1000000.0,999935.428059642,19.92555587621016,0.4299454349257059,12.980519710357507,3.112507669732388,0.006491346591787,8.828994480985624,1000000.0,636704.579800658,0.1251691986247088,1.3168,False,0.2
e49,failed,airfoil 'e49' not found in the aerosandbox UIUC database,,,,,,,,,,,,,,,,,,,,,,,,,,,,,,,,,,,0.0
e502,ok,,0.055238417182261,0.8567571808133668,3.647775980859578,1.7678399999999903,0.4846350239916346,0.4846350239916346,6.796330585194954,1.3961948439868173,0.1062380600236251,1.821012591396439,14.06589269540755,22.683235871998946,8.617343176591394,0.055238417182261,10.912382463187534,31.292800307262457,0.482241649546918,37.105777739420695,3.099970209602169,0.0067806966087328,8.221315079002357,1000000.0,1003612.4033932616,19.97493503476071,0.4496257780483232,15.415590309343486,2.812922844147576,0.006788601023252,8.518942419661714,1000000.0,640629.5493218582,0.1566051964231812,1.0988,False,0.2
e520,ok,,0.0599320966884849,0.8567571809280511,3.647775980370513,1.7678399999998016,0.484635024056559,0.484635024056559,6.666590988235054,1.3018805123649573,0.1062380608571578,1.831609270025995,15.40522683580913,23.903427094070175,8.498200258261049,0.0599320966884849,11.177923543883614,31.292800307694957,0.5081827026291817,38.84811319836799,4.434077888473288,0.0074494401793723,7.820946215458863,1000000.0,1003612.4035415816,20.342627522162463,0.4275249170126525,14.303584445779627,3.69068978096359,0.006785860099633,8.72235124299453,1000000.0,652422.0619798045,0.1499886030664395,1.2117,False,0.2
e521,ok,,0.0588875918608289,0.8567571809035327,3.647775980475378,1.7678399999999166,0.4846350240426583,0.4846350240426583,6.548738301405736,1.2438686552080171,0.1062380606506803,1.8222838200099745,15.114146334454922,23.485168455870635,8.37102212141571,0.0588875918608289,11.128138675972576,31.29280030761037,0.4992905967434443,38.572958872576514,4.474206551475124,0.0077174495803281,7.828820639150241,1000000.0,1003612.4035100827,20.355663140537693,0.4205876767326197,14.3424910699232,3.7246748405377375,0.0069183051425631,8.736968843383295,1000000.0,652840.1360279757,0.1376784043669955,1.173,False,0.2
e540,ok,,0.0581871918056084,0.8567571580770936,3.64777607761875,1.7678399999893226,0.4846350111335122,0.4846350111335122,6.966331150431176,1.4937790573508352,0.106238014583528,1.8395421594954229,14.89544876093696,23.70132207086356,8.805873309926598,0.0581871918056084,10.731868231758485,31.29280014195227,0.5038860037611291,38.57778123037711,2.0133727675759414,0.0074601182914838,7.854166698937324,1000000.0,1003612.3714640863,19.44662910888324,0.4847662169183251,15.362795511243585,1.8421195729475968,0.0074663397611175,8.012377871300501,1000000.0,623685.878809669,0.1687524594787868,1.193,False,0.2
e541,ok,,0.0569435263058365,0.8567571807725118,3.647775981018389,1.7678399999963228,0.48463502396953,0.48463502396953,6.965201533510692,1.5000729218696804,0.1062380598986787,1.827720845413063,14.549584212586788,23.342506591510546,8.792922378923755,0.0569435263058365,10.718366517727056,31.29280030734915,0.4962576304028188,38.37188102011434,2.143572973449124,0.0078083354861455,7.830838568767573,1000000.0,1003612.4033502662,19.547781862907545,0.4790566091312853,15.565105425342216,1.9904514037106067,0.0078306818430706,7.962548050632419,1000000.0,626930.0331997446,0.1662831696338547,1.1598,False,0.2
e542,ok,,0.056925946578483,0.8567571807066212,3.647775981291898,1.7678399999946193,0.4846350239327252,0.4846350239327252,6.982146056812302,1.498964348800726,0.1062380594199001,1.826705439842233,14.545543581498375,23.354395078152912,8.808851496654535,0.056925946578483,10.80986342067079,31.292800307309,0.4965103776001887,38.473712183426,2.621029954851029,0.0080236998586022,7.776004496123007,1000000.0,1003612.4032727608,19.72560944035656,0.4713103677472431,15.573978205924698,2.3926128833542477,0.0080548251342349,7.963413200918151,1000000.0,632633.2607514255,0.1686006433258802,1.1609,False,0.2
e543,ok,,0.0585062172851623,0.8567571808767979,3.647775980589544,1.7678399999999983,0.484635024027513,0.484635024027513,7.002109343952862,1.5057182422416506,0.1062380604737474,1.835698544853657,14.991045958383614,23.82885384719013,8.83780788880652,0.0585062172851623,10.689568580783773,31.29280030757929,0.5065972884046567,38.80886849679296,2.3329419931460684,0.0076556658601041,7.78450956431079,1000000.0,1003612.403477722,19.410537405050803,0.4883351679861029,15.36874306559613,2.1689933907388537,0.0076376790051676,7.938047166410329,1000000.0,622528.3741435865,0.172189462398795,1.2048,False,0.2
e544,ok,,0.0599255250441372,0.8567571809045721,3.647775980471288,1.7678399999999976,0.484635024043224,0.484635024043224,7.005681794555277,1.502350377365206,0.1062380606625632,1.8337171995685515,15.401228861312608,24.240627855436436,8.839398994123828,0.0599255250441372,10.694134071543624,31.292800307705853,0.5153515321821125,39.1132866674816,2.077822659699253,0.0075122767605235,7.746657419636003,1000000.0,1003612.4035143164,19.43980979193485,0.4869532623759789,15.064321140840368,1.8250846744198583,0.0074842102508095,7.989387266421554,1000000.0,623467.1885321983,0.1750337898606571,1.2429,False,0.2
e545,ok,,0.0618664388251,0.8567571164088508,3.647776254803472,1.767839999934977,0.4846349875782668,0.4846349875782668,6.953261694228248,1.4637914490743806,0.1062381578540376,1.8475336959998587,15.945631378917016,24.746426769145124,8.800795390228107,0.0618664388251,10.653120453373404,31.292799627359248,0.5261047915986022,39.52229703023279,1.8608229823026,0.0074911023402076,7.66302607376543,1000000.0,1003612.30618056,19.2204351066122,0.4959570770680018,14.674565065655534,1.5899405167104963,0.0074701323355617,7.91783280366425,1000000.0,616431.4293654879,0.1744041733264549,1.2897,False,0.2
e546,ok,,0.0613863224057209,0.8567571809516137,3.647775980264861,1.76783999999851,0.4846350240702415,0.4846350240702415,6.84493277737023,1.4093328001584229,0.1062380609789881,1.8431320535036733,15.811948227527386,24.500013058401294,8.688064830873904,0.0613863224057209,10.752736790194543,31.29280030774372,0.5208660164538255,39.384842648921946,2.428111946351979,0.0075007921459039,7.703892301043447,1000000.0,1003612.4035714804,19.446493754574444,0.478287466933103,14.591059290184896,2.046440992634722,0.0074438897267067,8.07272166149735,1000000.0,623681.5544192964,0.1626457278800936,1.2669,False,0.2
e547,ok,,0.0599472564083799,0.8567571809665555,3.6477759802038863,1.7678399999991503,0.484635024078518,0.484635024078518,6.9886240068350425,1.4863532639111037,0.1062380612201771,1.8333942023912335,15.407801931262076,24.229820140488357,8.822018209226275,0.0599472564083799,10.738863201771837,31.2928003076488,0.5151217620066446,39.20467778076515,2.3361323763538047,0.0076800543015958,7.709637088365971,1000000.0,1003612.4035855756,19.5245575806256,0.4817859281820286,15.029679305703224,2.037242747197394,0.0076207120171821,7.996138783107258,1000000.0,626185.1917946461,0.1738735545883957,1.2419,False,0.2
e548,ok,,0.0614176324279617,0.856757180943294,3.647775980306074,1.767839999999913,0.4846350240651508,0.4846350240651508,6.951064346085374,1.4555473811536128,0.106238060940137,1.84591219013149,15.818173043990816,24.61514958020768,8.796976536216864,0.0614176324279617,11.00962770731578,31.292800307817423,0.5233137988850954,39.705074188042985,2.5507172016421675,0.0082067743824058,7.52770689287187,1000000.0,1003612.403563302,19.88109684771721,0.4633416238538962,14.58054527578133,2.023608305711116,0.0080918028688301,8.014329107481933,1000000.0,637620.0019346848,0.1738886269014697,1.277553177257525,False,0.2
e549,ok,,0.0626329472448402,0.8506076360654101,3.674147906849549,1.7678399999999912,0.4811564598976233,0.4811564598976233,6.9339634170306255,1.4674144012182175,0.0789791556389254,1.8446087001282556,16.169008478797302,24.947580595956182,8.77857211715888,0.0626329472448402,10.581307864006376,31.29280030792708,0.5342156635153664,39.78489787929231,1.7367292118235835,0.0076972502220033,7.595008181316568,1000000.0,996408.7761528324,19.12114271764098,0.5034695807870433,14.529754495236883,1.463250396163756,0.0076541048054076,7.853328806675998,1000000.0,608845.3007224771,0.1809246094795923,1.325,False,0.2
e550,ok,,0.0630129939633369,0.8366597564418339,3.735399296472627,1.7678399999999397,0.4732666737045561,0.4732666737045561,6.82465966569717,1.398470043806058,0.0792382031379464,1.8376172305738367,16.285303699838508,24.947580596109518,8.662276896271006,0.0630129939633369,10.74837313181604,31.292800307832536,0.5431215248466829,39.89147367118892,1.9524821883008543,0.0082178941894111,7.512576381340048,1000000.0,980070.1153192256,19.496938667797934,0.4857990366071436,14.156813916986213,1.4529626833855387,0.008154490320675,7.964004365003204,1000000.0,610631.4149116849,0.1819736005434782,1.3637598662207358,False,0.2
e551,ok,,0.0631458846034479,0.827716403228002,3.775759732931808,1.7678399999987096,0.4682077581843414,0.4682077581843414,6.786439214849469,1.3765276570012597,0.0794087220189147,1.8496743141479055,16.311466907910685,24.94758043690806,8.636113528997376,0.0631458846034479,10.334583591177312,31.29280007694432,0.5489898770805699,39.72288640855125,1.1471662981889117,0.0077308045619932,7.632879508755567,1000000.0,969593.7907045784,18.624150050145754,0.5365252611971207,14.435570051021363,1.0362514412553518,0.0077142634666376,7.735767044778967,1000000.0,577061.1834469946,0.1823589952484727,1.3893,False,0.2
e552,ok,,0.0635521140848549,0.811386588043609,3.851749969307389,1.767839999998133,0.4589706014370452,0.4589706014370452,6.669605091486287,1.3048315237453665,0.0797296627713362,1.8493157835463152,16.42865953636365,24.94758041139625,8.518920875032602,0.0635521140848549,10.551501442466678,31.29280003681021,0.5600387458349615,39.818601031229264,1.3931628455576284,0.0083164249101791,7.544443736745027,1000000.0,950464.9099029828,19.018748332663044,0.5177250924174011,14.000899221237445,1.0232146605884982,0.0082373502605138,7.880279951426057,1000000.0,577661.7272729904,0.1842753547969083,1.4373866220735787,False,0.2
e553,ok,,0.0635995585264427,0.8072422688443934,3.8715245549092026,1.7678399999976484,0.4566263173395031,0.4566263173395031,6.6559596748403385,1.3019264869648268,0.0798128208569205,1.8669114039365968,16.42470927552317,24.947580354300108,8.522871078776936,0.0635995585264427,10.306235368747735,31.292799952972228,0.5629139430060219,39.66978028376332,0.9697456865067978,0.0077264018968789,7.674605076837076,1000000.0,945610.217839156,18.40157911263823,0.5561323468022537,14.296148029060962,0.9091258985950392,0.0077145467011888,7.730787245321889,1000000.0,556061.4984736628,0.1811982891625981,1.4499,False,0.2
e554,ok,,0.0641064813223986,0.7862779574279304,3.9747499418950127,1.7678399999999987,0.444767601948101,0.444767601948101,6.51016603994547,1.2154421182512902,0.0802504964241068,1.866591261734665,16.570823294393637,24.947580596073774,8.376757301680135,0.0641064813223986,10.400346489964024,31.29280030804622,0.5779227541582345,39.761733783563,1.273904275143802,0.0083555615396355,7.589311665299069,1000000.0,921052.4618655626,18.57279756093781,0.5508730152893996,13.889354377950015,1.038163769849138,0.0083173515458622,7.798391925673584,1000000.0,546659.9584836113,0.18235,1.5152209030100334,False,0.2
e555,ok,,0.0648384466636578,0.7822414184998343,3.995260531708381,1.7678399999999903,0.4424842850596425,0.4424842850596425,6.299648348860363,1.113943842970562,0.0803372328961217,1.8593120259301412,16.788620221343646,24.94758059613415,8.158960374790505,0.0648384466636578,10.1131609016677,31.292800308100205,0.580904963536163,39.48800696229743,1.2742629844676023,0.0073387712773185,7.805481288702269,1000000.0,916324.026989867,18.130650406581577,0.5659441380432094,13.630015285284264,1.1375618690223035,0.007299628222641,7.936765863535632,1000000.0,530906.4842050537,0.1602203856452063,1.5282,False,0.2
e556,ok,,0.0651253413849561,0.7647870197306339,4.086442610781682,1.767839999999998,0.4326109940552509,0.4326109940552509,6.217135679323549,1.069975452828554,0.080722871928289,1.865773326922986,16.86467158990543,24.947580596151965,8.082909006246535,0.0651253413849561,9.901956014474376,31.292800308122768,0.5941627027743,39.42689166599622,0.696835829678437,0.0072730578407249,7.85360147274413,1000000.0,895877.800811955,17.69053055479249,0.602353978711466,13.67921672481897,0.7711194015347715,0.007289694516443,7.783898466157424,1000000.0,506460.0627803301,0.1600613922884797,1.5859,False,0.2
e557,ok,,0.0653530069800179,0.7500806927037442,4.166562739183005,1.7678399999999996,0.4242921829485385,0.4242921829485385,6.151657667303493,1.0348892060290298,0.0810617280367599,1.867434929700241,16.928487999164908,24.94758059616864,8.019092597003734,0.0653530069800179,9.63524344324152,31.292800308139725,0.6058120507697932,39.33183594127348,0.0968434718294587,0.0072066194679858,7.896398316936406,1000000.0,878650.6884596191,17.19871339736259,0.6446613610102876,13.795808743893376,0.4521473758351732,0.0073114951877935,7.568472713981157,1000000.0,482911.7630383991,0.1599792879057176,1.6366,False,0.2
e558,ok,,0.0652288228391016,0.7585138478029262,4.120238904869648,1.7678399999999976,0.4290624987571993,0.4290624987571993,6.18737378273187,1.0478806491954828,0.080865713090256,1.880149102123207,16.880057711307696,24.947580596162776,8.067522884855077,0.0652288228391016,10.126383070290432,31.292800308130108,0.5990766338755937,39.71417901604097,1.048726013863103,0.0081501689438216,7.68890586277969,1000000.0,888529.3556559037,17.95315605351893,0.5885744402057297,13.541504335850725,0.9533208985573228,0.0081301065658378,7.771707663643858,1000000.0,509762.8215803568,0.1602579310993372,1.607286287625418,False,0.2
e559,ok,,0.0655630184869552,0.7359275399024847,4.246692909486872,1.7678399999999996,0.4162862815087818,0.4162862815087818,6.09125707857275,0.9979580226958537,0.0814006135798952,1.867841011138644,16.988482506473247,24.94758059618464,7.959098089711393,0.0655630184869552,9.702033911770297,31.292800308155066,0.6174628588430597,39.5637452067792,0.3304751204176874,0.0081602025547475,7.735159948885369,1000000.0,862071.5689417466,17.314167986663733,0.6434752792779219,13.58318121743287,0.5670875207316854,0.0082192436398138,7.53422696175836,1000000.0,476980.3857181284,0.1603171025243175,1.6873063545150502,False,0.2
e560,ok,,0.06579253114056,0.7204163957632894,4.338127621719036,1.7678399999999996,0.4075122159037523,0.4075122159037523,6.025247841264535,0.9636346329537492,0.0817868497198541,1.8713299508728345,17.051002804064815,24.947580596202183,7.896577792137369,0.06579253114056,9.395284746758914,31.29280030817171,0.6307573305684048,39.5222556444519,-0.3585130506574416,0.0081647979277761,7.767757391784171,1000000.0,843901.6872090979,16.73548580138014,0.6980475394455585,13.79077316250648,0.253083813494956,0.0083050626801604,7.266619699314434,1000000.0,451321.21654067934,0.1606521303439602,1.745166220735786,False,0.2
e561,ok,,0.0657105265775601,0.707883700527195,4.4149318076860204,1.7678399999999996,0.4004229458136455,0.4004229458136455,6.048832853136786,0.975160973552482,0.0810863179208963,1.8724589581926343,17.026288784869468,24.94758059619889,7.921291811329421,0.0657105265775601,9.369031195805846,31.29280030816577,0.641924545445859,39.63014903643695,-0.3571431760754633,0.008455357125306,7.740406227264038,1000000.0,829220.7850012502,16.678658749436046,0.7174938316140153,13.91737484251457,0.32543233610204,0.0086046705220127,7.197279474169921,1000000.0,441963.97780886205,0.1689134903589698,1.7937678929765888,False,0.2
e562,ok,,0.0656878441549603,0.7476985839218748,4.179837079812565,1.7678399999999996,0.4229447144096043,0.4229447144096043,6.055356456047176,0.9828719046468912,0.0811178683620894,1.868048781423445,17.0241753587218,24.94758059619242,7.923405237470621,0.0656878441549603,9.668747947461975,31.29280030816413,0.6077421202350259,39.443010706904495,0.3278882008928421,0.0075913446423693,7.822856868173071,1000000.0,875860.2666543087,17.25284700558771,0.634994678692029,13.540401079148271,0.5779164184753924,0.0076618728148546,7.599219679886008,1000000.0,482893.2863166496,0.1501658752484864,1.645,False,0.2
e580,ok,,0.0649952625229874,0.7633995037009834,4.093869920596823,1.7678399999999996,0.4318261288923112,0.4318261288923112,6.254547152431151,1.1005391505845794,0.0807542908479015,1.8680751134693756,16.82495833024014,24.947580596140668,8.122622265900526,0.0649952625229874,9.47395766314707,31.292800308113367,0.5952426226202072,39.37552234384892,-0.5903684095736222,0.0072507939705149,7.860961865173121,1000000.0,894252.4531303501,16.905026275151762,0.6640778607570874,14.22318216384585,0.0314146734326346,0.0073791318834732,7.30109602180133,1000000.0,483093.9087566405,0.1607157180542077,1.5906,False,0.2
e582,ok,,0.064497647054508,0.7993463296422542,3.909767455864417,1.7678399999999874,0.4521598841763167,0.4521598841763167,6.397664392511885,1.2004900043308604,0.0799756630428117,1.8579444861104355,16.69197171748343,24.94758059610575,8.25560887862232,0.064497647054508,9.76558366326359,31.292800308074185,0.5684743969409598,39.3292836784294,0.0281578938106813,0.0067124048009465,7.907393814111,1000000.0,936360.8604891424,17.520408057163607,0.6001115815149553,14.175624385425264,0.322688530193456,0.0068310320560736,7.6139375956490705,1000000.0,524255.5540896634,0.1473453601746724,1.4741,False,0.2
e583,ok,,0.06352206078236,0.8179257843527209,3.820955794996941,1.767839999999985,0.462669576631781,0.462669576631781,6.6782489473988775,1.3472947589920752,0.0796000524545471,1.8568060968693587,16.41252555176327,24.947580596031507,8.535055044268237,0.06352206078236,10.051206748756448,31.292800307997567,0.5555613129995686,39.51004362586116,0.2782806188412308,0.0071895603585535,7.768163067715149,1000000.0,958124.9864419363,18.04389944235093,0.5716601892901512,14.503522248595432,0.424268054803764,0.0072428703474821,7.62378182296746,1000000.0,552469.2817006774,0.1648322106336991,1.4179,False,0.2
e584,ok,,0.0631373850752623,0.8319294775347889,3.756638453129918,1.7678399999998502,0.4705909344368604,0.4705909344368604,6.78888402428853,1.4104702753285572,0.0793280189922941,1.850720997105141,16.307975574973927,24.9475805963676,8.63960502139367,0.0631373850752623,10.123934332368984,31.29280030765452,0.5462096667728404,39.86737252642651,0.4992157649371829,0.008203124323996,7.525306465489303,1000000.0,974529.027723196,18.23421673355885,0.5571080939428581,14.646463628034216,0.6106595607023734,0.0082874301080936,7.426543940150868,1000000.0,567855.0123333794,0.1660624709464618,1.3772,False,0.2
e585,ok,,0.0647434062128406,0.7908436654619244,3.9518028683640822,1.7678399999999994,0.4473502497182577,0.4473502497182577,6.3269825614697925,1.15963152639401,0.0801534469871041,1.864592094693632,16.756005939955212,24.947580596118637,8.191574656163425,0.0647434062128406,9.747337659142769,31.29280030809464,0.5745862836552726,39.19993535693057,-0.0737588514800533,0.0064650124793229,7.977560437613767,1000000.0,926400.769784244,17.42532622708263,0.6084448721875549,14.050829601603017,0.2286172541771905,0.0065318758217771,7.669907139219845,1000000.0,515864.20747187606,0.1461614954622519,1.5007,False,0.2
e587,ok,,0.0642871999366577,0.7776582730273192,4.018806684115566,1.767839999999988,0.4398917735922507,0.4398917735922507,6.458190265602309,1.2251907464978822,0.0804367898960257,1.8645222619544333,16.624868068540337,24.94758059609708,8.322712527556742,0.0642871999366577,9.494595046538912,31.292800308058464,0.5843285392202368,39.33700387732088,-0.8076946712254768,0.0068716954390447,7.913371670570999,1000000.0,910955.2927125912,16.974133696829607,0.6625324860361046,14.678435418103213,-0.117933021508235,0.0069812551375403,7.262815840280468,1000000.0,494128.897961112,0.166508717065202,1.5431,False,0.2
e58,ok,,0.0685732716695353,0.7718137964304588,4.049238663592078,1.7678399999999996,0.4365857749742391,0.4365857749742391,5.225489925671986,0.5666028091066924,0.0805655323988463,1.894117774622608,17.827972896209776,24.94758059650437,7.119607700294593,0.0685732716695353,7.776672005143925,31.292800308364583,0.5887533039586053,39.8508387317832,-3.200281911714488,0.0087159177253231,7.549650643999108,1000000.0,904109.0247992496,13.685653745745178,0.8784534434941013,14.012778224821677,-0.7554040107737218,0.0064180974328613,5.949974311271115,1000000.0,395404.7876788603,0.056,1.5857,False,0.2
e591,ok,,0.0669088756978188,0.6495000672984088,4.811790518512938,1.7678399999999996,0.3673975401045394,0.3673975401045394,5.704180346107703,0.8004435055841388,0.0739752444439344,1.880554823249844,17.362845426921783,24.94758059627933,7.584735169357547,0.0669088756978188,8.56492633641378,31.292800308251067,0.699627214171927,39.390839233197646,-1.8215757790257383,0.0084125561154202,7.880401042290611,1000000.0,760829.7171751714,15.181559240785605,0.9037218475242178,14.21801006487189,0.0113716720139963,0.0086749053593441,6.576808296221228,1000000.0,369113.064655944,0.1566109103314158,2.0449,False,0.2
e593,ok,,0.0669788849688416,0.7726160639655517,4.045034023185043,1.767839999999991,0.4370395872734838,0.4370395872734838,5.684045253283653,0.7794922792493848,0.0805477254337424,1.860435039401909,17.403100303599853,24.947580596285416,7.544480292685562,0.0669788849688416,10.279856564294532,31.29280030825544,0.588141955470194,39.44821546857171,2.3506176451870404,0.0067906595187596,7.9402688664934304,1000000.0,905048.80758067,18.41837410171779,0.5134159195238467,12.4367452180599,1.7285723966300302,0.0069244548739715,8.564934619881234,1000000.0,532695.2958548982,0.1129755300849446,1.5596966555183946,False,0.2
e598,ok,,0.066742300373654,0.7780165927435467,4.016955801134295,1.7678399999999796,0.4400944614577992,0.4400944614577992,5.752088424075571,0.824004236725849,0.0804289771593788,1.84888524360937,17.34660692858684,24.94758059627178,7.600973667684941,0.066742300373654,10.329819459181838,31.292800308238256,0.5840594235736896,39.13763670452492,2.0266892016258606,0.0061068495762271,8.08014509401504,1000000.0,911375.0313785037,18.6235093008731,0.5024162136958676,12.44586904029826,1.4888534337783623,0.0062583120873681,8.819545701175429,1000000.0,542393.1769057019,0.1114238956421263,1.541928762541806,False,0.2
e59,ok,,0.0685973716140548,0.7718137964404747,4.049238663539502,1.7678399999999936,0.4365857749799062,0.4365857749799062,5.2185586348178274,0.5619819476434252,0.0805655222831738,1.8843722489285692,17.844649712760145,24.947580596506544,7.102930883746397,0.0685973716140548,8.671419509865842,31.292800308366083,0.5887533039509237,39.28412491494807,-1.77763454540486,0.0064945567388699,8.005733516909071,1000000.0,904109.0248110289,15.33918349518662,0.6976327878155046,12.565256841060265,-0.8746486342468799,0.005572051593304,7.254652826697656,1000000.0,443178.43384322926,0.056,1.6507484949832776,False,0.2
e603,ok,,0.0624467941861713,0.8288611845760553,3.770544843638813,1.7678399999987566,0.4688553175494605,0.4688553175494605,6.987501952456393,1.5089205352643114,0.0793867258723362,1.8517416333815429,16.10833689104479,24.947580476882727,8.839243585837936,0.0624467941861713,10.401609477890108,31.292800135098165,0.548231638755598,39.91834459219452,0.883430368893065,0.0083903371671594,7.493042103102849,1000000.0,970934.7987792504,18.724011475429744,0.5425525643302372,14.82250152287918,0.8352384064451365,0.008391460306468,7.534870633989032,1000000.0,580957.7358290222,0.1898083975897126,1.386,False,0.2
e604,ok,,0.0628363129633939,0.8121151256261637,3.848294616098396,1.7678399999997845,0.459382707499696,0.459382707499696,6.875474197672388,1.449331734350763,0.0797156577955529,1.8607318827159036,16.21137451577926,24.94758059616755,8.736206080388293,0.0628363129633939,10.13201574327013,31.29280030786205,0.5595363370990465,39.683828184920095,0.2432632466093705,0.0074101084155699,7.731858152198686,1000000.0,951318.3330469852,18.150592315108387,0.5824115573993903,14.953457073617749,0.4430353299980115,0.0074377731304698,7.54179631878285,1000000.0,551787.9849406173,0.1879828721014247,1.4352,False,0.2
e61,failed,Maximum_Iterations_Exceeded,,,,,,,,,,,,,,,,,,,,,,,,,,,,,,,,,,,1.41
e625,ok,,0.0651576033329543,0.7983137909455211,3.914824347326444,1.7678399999999996,0.4515758162195228,0.4515758162195228,6.207856946540863,1.0871486537342532,0.079997053354522,1.8472068431706783,16.892516806435786,24.94758059614733,8.055063789711541,0.0651576033329543,10.983579636654436,31.29280030812536,0.56920966146847,39.85360038822965,4.4587878234489375,0.008499098324887,7.535158062222829,1000000.0,935151.3361747236,19.820158342060974,0.4581286273552601,12.83437191990114,3.533481019928744,0.0080743201174342,8.472657181385614,1000000.0,592303.8965598816,0.13,1.4773,False,0.21
e62,failed,Maximum_Iterations_Exceeded,,,,,,,,,,,,,,,,,,,,,,,,,,,,,,,,,,,1.42
e635,ok,,0.0656004880596502,0.829561761522535,3.767360563804223,1.7678399999999892,0.4692516073414676,0.4692516073414676,6.080480601207038,1.0053054543297752,0.0793733821862915,1.822088802559372,17.045011192422432,24.947580596188843,7.902569403766409,0.0656004880596502,10.806167448070376,31.29280030814938,0.5477686457675233,39.91118707269776,3.70639217078942,0.0083766570329876,7.49439420412304,1000000.0,971755.46574116,19.768826914274875,0.434774549281089,12.642637313832475,2.80458888022502,0.0081530107921143,8.393675745315164,1000000.0,613894.1039493581,0.1163023761588783,1.383984949832776,False,0.2
e636,ok,,0.0654690122448201,0.8318451577473541,3.757019243808674,1.7678399999790342,0.4705432379385122,0.4705432379385122,6.118293287401917,1.0252668036179609,0.0793290842651114,1.8458703218830248,16.98341669386231,24.94758030314725,7.964163609284942,0.0654690122448201,10.844669855381824,31.292799866010107,0.546265041996488,39.825720916227866,3.160932791847973,0.0080780714668602,7.551497614518762,1000000.0,974430.2410902148,19.583661479026805,0.4452625929625131,12.784763625025654,2.371009645259148,0.0078802360695979,8.387290461937884,1000000.0,609817.9791564414,0.1188196838488878,1.3774411371237458,False,0.2
e637,ok,,0.0657680231996141,0.8035378364557888,3.889372875563344,1.7678399999999996,0.4545308605166694,0.4545308605166694,6.03229647436917,0.9818150665324592,0.0798894111242812,1.8535819074420683,17.061702214381643,24.94758059619289,7.885878381811239,0.0657680231996141,10.758285313186953,31.292800308169937,0.5655090551722243,39.6910615029338,2.795978412133647,0.007900360139822,7.64589617427052,1000000.0,941270.8260240078,19.34683916582052,0.4676597758675566,12.663483221644835,1.9883191373905755,0.0076344959912689,8.495997994783286,1000000.0,581942.654643505,0.1209541159595959,1.461194314381271,False,0.2
e638,ok,,0.0658786817150255,0.7880872390536693,3.965624756661193,1.7678399999999996,0.4457910439031074,0.4457910439031074,6.000470411234538,0.965875011206564,0.0802119040055718,1.85692653548587,17.090183649481567,24.947580596201973,7.857396946720408,0.0658786817150255,10.552966564927722,31.29280030817793,0.5765959657395675,39.57104103642827,2.039350930028688,0.0076309184733038,7.732919102191151,1000000.0,923171.8692365908,18.943428587077463,0.4955569212091851,12.641049646310629,1.5732985265170023,0.0072085398401596,8.511650920213665,1000000.0,558851.8830611628,0.1234292839272848,1.5094464882943144,False,0.2
e639,ok,,0.0659001050654815,0.7807628962243938,4.002826313485301,1.767839999999999,0.4416479411170661,0.4416479411170661,5.994308925138664,0.9630207609616496,0.080369240195614,1.8870669124511297,17.06620475861461,24.947580596204403,7.881375837589793,0.0659001050654815,9.486665395635129,31.29280030817942,0.5820050169988847,39.687405481426,1.7537103088782966,0.0078013821891284,7.712653930090797,1000000.0,914592.0738465312,16.757337949599265,0.641178772119108,13.642787728210113,2.159979079976739,0.0074164618353869,7.329278564167209,1000000.0,489765.32354201534,0.1255498441676223,1.53298762541806,False,0.2
e63,failed,Maximum_Iterations_Exceeded,,,,,,,,,,,,,,,,,,,,,,,,,,,,,,,,,,,1.37
e642,ok,,0.060610868930337,0.8567570853819971,3.647776386807272,1.7678399999112675,0.4846349700340528,0.4846349700340528,6.745884533875095,1.362766436434758,0.106237750749328,1.842007720679399,15.59004779040856,24.17794004496305,8.587892254554493,0.060610868930337,10.616587307734775,31.292799637200567,0.5140188795616228,39.254568056342464,1.985758656930087,0.0077370603996445,7.705365326678922,1000000.0,1003612.2701645368,19.21198481516859,0.4843850500108694,14.74746251469287,1.7196945607854832,0.0077420587028444,7.943086731161466,1000000.0,616160.3921113035,0.1506878512370016,1.2371,False,0.2
e64,ok,,0.0670189734498728,0.8214097928628997,3.8047492162314103,1.7678399999999783,0.4646403480308794,0.4646403480308794,5.672515561925348,0.7938556037693525,0.0795315105204202,1.8720700041913905,17.40299503016687,24.947580596283608,7.544585566116738,0.0670189734498728,9.465621747788257,31.292800308257828,0.5532049004486709,38.64746669271128,0.6416353688825209,0.0045568118926667,8.380639143434509,1000000.0,962206.1826543396,16.854109313212312,0.5767269117875722,12.84341912426854,0.8846425359188341,0.0045484704548156,8.130420171136826,1000000.0,518238.3175859609,0.0844229821312972,1.407644481605351,False,0.2
e654,ok,,0.0642299183713891,0.7679647227895218,4.069533629419756,1.767839999999994,0.4344085000845802,0.4344085000845802,6.474664792717514,1.2297568296872816,0.0806512869082973,1.8646665282577295,16.608249275116442,24.947580596091683,8.339331320975244,0.0642299183713891,9.583953263444128,31.292800308055053,0.5917041619308333,39.41998369144969,-0.5594292536489004,0.0071920390354537,7.864232482938511,1000000.0,899600.1882912108,17.132559840604124,0.6598599354101802,14.610173618362506,0.0204775948530484,0.0072738952380341,7.313050070874688,1000000.0,492523.9641960263,0.1720716082027074,1.5752,False,0.2
e655,ok,,0.0635784787529466,0.7992171161850884,3.9103995676641663,1.767839999999992,0.452086793027136,0.452086793027136,6.662022795374416,1.3320426964971137,0.0799783372626646,1.8579443876491,16.42761341301084,24.947580596034356,8.519967183023516,0.0635784787529466,10.034128164269545,31.29280030800421,0.5685663050612952,39.43996862890073,0.3186097461480051,0.0071386801894878,7.814968132355863,1000000.0,936209.4987812984,18.002203996654536,0.5867162356023785,14.478854932660004,0.4744635424532504,0.0071566885756802,7.661232001882267,1000000.0,538585.0487901423,0.1732827755015118,1.4745,False,0.2
e656,ok,,0.064173898445581,0.7892025835455766,3.960020317672337,1.7678399999999952,0.4464219519558211,0.4464219519558211,6.490776464630956,1.243350547326761,0.0801881959743,1.848324995495469,16.60847913595307,24.94758059607949,8.339101460126425,0.064173898445581,9.722741145676888,31.29280030805096,0.5757810886136603,39.39530493210079,-0.1861249920822011,0.0069231754010073,7.880446920365049,1000000.0,924478.3929378483,17.534328232989445,0.6129976552615679,14.338298982551338,0.1350187087510049,0.0069198641462185,7.571551802241092,1000000.0,518013.965720681,0.1620642966336633,1.5059,False,0.2
e657,ok,,0.06435564730227,0.7875996631384585,3.9680797388185063,1.7678399999999996,0.4455152407109572,0.4455152407109572,6.438504386277005,1.2192550644669438,0.0802222868783438,1.8554675704169616,16.653608639395603,24.947580596089573,8.293971956693968,0.06435564730227,9.688539747445027,31.29280030806552,0.5769529165104698,39.243335081959046,-0.2733800640532547,0.0066529577023359,7.94213001034616,1000000.0,922600.7187987376,17.405387734276616,0.6200060868867832,14.288485474071162,0.1002219428751398,0.0066879992008453,7.570188367843433,1000000.0,513160.3140827073,0.15567320394662,1.511,False,0.2
e662,ok,,0.0643701748126069,0.7940507324111801,3.93584205395785,1.767839999999987,0.449164365786036,0.449164365786036,6.434326185812749,1.2255725071585684,0.0800859384071239,1.8592579679419008,16.653996442343825,24.94758059609848,8.29358415375465,0.0643701748126069,9.639371885448204,31.29280030806433,0.5722656048822445,39.39022166777709,-0.4729062017957469,0.0069600694929243,7.863302735212927,1000000.0,930157.5543670696,17.28175442686323,0.623770258815709,14.392574444185298,-0.025387933305227,0.0070445746129452,7.424346689780109,1000000.0,513688.5888963036,0.1501285652339298,1.4906,False,0.2
e664,ok,,0.0622379450278783,0.8567571169538702,3.647776252324071,1.7678399998964738,0.4846349878971189,0.4846349878971189,6.9782683355747785,1.4983124651626567,0.1062380350629857,1.8459459103819271,16.054066726654,24.878280972610707,8.824214245956705,0.0622379450278783,10.475613802524853,31.292799430317025,0.5289079956694306,39.87661404439486,1.213271514045969,0.0081226820964108,7.503134010536162,1000000.0,1003612.300521386,18.916433292380784,0.5133884980370156,14.769533078956483,1.0797146252465577,0.0081337003354092,7.619650657962314,1000000.0,606681.5842571384,0.1660588872941792,1.3019,False,0.2
e664ex,failed,airfoil 'e664ex' not found in the aerosandbox UIUC database,,,,,,,,,,,,,,,,,,,,,,,,,,,,,,,,,,,0.0
e668,ok,,0.0650508701118167,0.7829537013706617,3.991625890686551,1.7678399999999996,0.442887196449148,0.442887196449148,6.23855407113396,1.1137747927258472,0.0803218707426572,1.8660249771209647,16.843001547887113,24.94758059614204,8.104579048254925,0.0650508701118167,9.70997534095478,31.292800308117485,0.5803764921148512,39.11612796903507,-0.0454431419118401,0.0062483200117278,8.039854043500513,1000000.0,917158.4009996154,17.34520430685055,0.6136798443004942,13.875900662713462,0.2449971421179773,0.0062460823248718,7.745558192918771,1000000.0,508369.3274633531,0.1389881211098359,1.5259,False,0.2
e66,ok,,0.0669446053544096,0.7623401260144743,4.099558922523069,1.7678399999999996,0.4312268791375206,0.4312268791375206,5.693904279212092,0.8125756645381819,0.0807783512337167,1.871088992973345,17.382587324092317,24.947580596277756,7.564993272185436,0.0669446053544096,9.37220371678078,31.292800308253565,0.5960697950716761,38.78885577631063,-0.0247706606002799,0.0052368784604183,8.304284033466416,1000000.0,893011.4894051901,16.69652227833985,0.6349127361607587,12.993064927406738,0.344735718630095,0.0052287603097349,7.935164051803689,1000000.0,476473.3766487048,0.1012587204389973,1.5942,False,0.2
e678,ok,,0.0648124397356971,0.772041987133431,4.048041839283854,1.7678399999999932,0.4367148537952721,0.4367148537952721,6.307128099767592,1.151563132174772,0.080560450105681,1.8677808673474965,16.772671629014976,24.947580596130063,8.174908967115089,0.0648124397356971,9.191899338117002,31.292800308098883,0.5885792874779976,39.337455000218434,-1.4367572887710776,0.0069811589391383,7.900736332920766,1000000.0,904376.3292565716,16.404314336886053,0.7018303711977277,14.730944133878648,-0.4324661846977531,0.0071346215900455,6.994504164468306,1000000.0,474092.23328997946,0.1507755373095807,1.5616,False,0.2
e67,ok,,0.0660307140160772,0.7880674933901104,3.965724118572327,1.7678399999999996,0.445779874530563,0.445779874530563,5.956744995309792,0.9512319809702828,0.0802123242361591,1.8677324802719395,17.123103120630844,24.94758059621257,7.824477475581732,0.0660307140160772,9.7310096048829,31.292800308188863,0.5766104128141134,38.9209057887264,0.3373538695220386,0.0054722129753173,8.20822371375996,1000000.0,923148.739004328,17.36688686712792,0.5871570740613532,13.246978189991978,0.4366209590622615,0.0054773942090295,8.104586055159974,1000000.0,512329.33946229686,0.1162050772675504,1.509509364548495,False,0.2
e682,ok,,0.059930897305157,0.8567571809691948,3.647775980181166,1.7678399999963677,0.4846350240807738,0.4846350240807738,6.820405516949863,1.413160378467658,0.1062380614621955,1.8423320885746903,15.39415906738791,24.056896672912465,8.662737605524553,0.059930897305157,10.559940132180076,31.292800307551417,0.5114454391628273,39.124998496193605,1.5498432773038495,0.0079667978220192,7.672798437893905,1000000.0,1003612.4035871236,19.10611048838235,0.4940366347207258,14.955437589372304,1.3935504871325963,0.0079782840582368,7.806460132413416,1000000.0,612764.8942245453,0.1529803115375808,1.2259,False,0.2
e68,ok,,0.0650649416110736,0.8124487529548374,3.846714336418497,1.7678399999990675,0.4595714278188444,0.4595714278188444,6.234507022471456,1.0992518515265628,0.0797089420928617,1.8767530936899417,16.836320480284286,24.94758059644568,8.111260116161397,0.0650649416110736,10.0761894599035,31.29280030802008,0.5593065667728238,39.07527144213218,0.7449022703400825,0.0057097306691287,8.112564060951572,1000000.0,951709.1468471156,17.896492784589643,0.5559846621600428,13.645388806686562,0.7138378398770241,0.0057084549591273,8.14517039316318,1000000.0,544286.7276794064,0.1309417725839656,1.4342,False,0.2
e694,ok,,0.0643188351775658,0.7845999976718461,3.9832504140627134,1.7678399999999956,0.4438184437912073,0.4438184437912073,6.449091777593426,1.237872397622649,0.0802864430215436,1.861466037551917,16.637022780943294,24.94758059608864,8.310557815145343,0.0643188351775658,9.076629277640508,31.29280030806221,0.5791587102202438,39.22350985644926,-1.9621921125804096,0.0058510519771547,8.126529252971329,1000000.0,919086.886016358,16.253549790926296,0.7151411005923441,15.316571947579622,-0.7395257931585876,0.0060894481753848,6.9431639229037,1000000.0,477375.7642969898,0.1543362898576311,1.5206,False,0.2
e715,ok,,0.0646431584580273,0.8356204183184843,3.740045356813175,1.7678399999972652,0.4726787595708758,0.4726787595708758,6.35581400415728,1.1301050409959918,0.0792576991881903,1.8471921015784456,16.74457426476958,24.947580370505307,8.203006105735726,0.0646431584580273,10.538469219169386,31.292799977053853,0.5437970616745722,39.77383435980543,2.543077833731936,0.0078245598415732,7.5972881736148095,1000000.0,978852.615753646,19.017096652019656,0.4841521672603054,13.423835325206705,2.028844147804626,0.0078228586048293,8.072101993152339,1000000.0,594863.189472312,0.1503598374407602,1.3667,False,0.2
e71,failed,Maximum_Iterations_Exceeded,,,,,,,,,,,,,,,,,,,,,,,,,,,,,,,,,,,1.43
e748,ok,,0.0653360966495189,0.6878767756588351,4.543340284466918,1.7678399999999994,0.3891057876611205,0.3891057876611205,6.15652118137282,1.021891006053439,0.0786711351713144,1.8705542684296848,16.92050514636932,24.947580596171825,8.027075449802505,0.0653360966495189,9.476681680095483,31.29280030813848,0.6605949477717907,39.750640161331255,-0.078247471976905,0.0093591812888281,7.622879331356986,1000000.0,805784.5087697954,16.88747526163476,0.7298331141962731,13.999340934432295,0.53485423847292,0.0094377579910011,7.168925015453566,1000000.0,434849.7361714036,0.1971796689345412,1.87502474916388,False,0.2
e793,ok,,0.0657534473539232,0.7290116317085724,4.286979973523032,1.7678399999999994,0.412374214696224,0.412374214696224,6.036488576389038,0.972888069702858,0.0815709872873387,1.8676096430013416,17.04348237680831,24.94758059619869,7.90409821939038,0.0657534473539232,9.735587010167958,31.29280030816888,0.6233205382805682,39.47741651140375,0.6510001253272295,0.0079070280934304,7.799151407310684,1000000.0,853970.2172408776,17.376198940806468,0.6404933545717204,13.423879593225676,0.8055006047324442,0.0079390334824832,7.6644614085675,1000000.0,474190.7479730281,0.1562455943160311,1.7128,False,0.2
e817,ok,,0.0590369252704037,0.856757180925158,3.647775980383576,1.767839999999982,0.4846350240548729,0.4846350240548729,6.165346026640175,1.0344116413320774,0.1062380608023853,1.833071945016718,15.146307407752046,23.14472537940894,7.998417971656893,0.0590369252704037,10.380176696851404,31.292800307626734,0.4920528361360642,37.20719438877558,0.1611676606707626,0.0057461266155203,8.419512139945097,1000000.0,1003612.4035359024,18.875739756733395,0.467352637357978,14.088345403304642,-0.0590652894024762,0.005788062937255,8.665822605103804,1000000.0,605376.5198238377,0.1098097865472898,1.1415,False,0.2
e818,ok,,0.0472982886618901,0.8567571806180351,3.647775981691232,1.76783999999999,0.484635023881143,0.484635023881143,5.942479746156719,0.9141725606620704,0.1062380585485352,1.7910998212288023,11.812176133309263,19.545755700694784,7.733579567385521,0.0472982886618901,10.927317792902956,31.29280030631168,0.4155393668987685,31.37668784918068,-0.4974373217235971,0.0053596930793164,9.400680868571712,1000000.0,1003612.4031339552,20.336327552096197,0.3892996976225953,14.257111421640465,-0.7298521119517013,0.005387582259584,9.692830395154814,1000000.0,652220.0111749644,0.0936871705225368,0.8085,False,0.2
e836,ok,,0.0505355516847415,0.8567571805968051,3.647775981776887,1.7678399999988426,0.4846350238694485,0.4846350238694485,6.405777680700036,1.1779652821049924,0.1062380583209681,1.7959925178700145,12.738340002858951,20.940110201429,8.201770198570049,0.0505355516847415,11.474443431972382,31.292800306722448,0.4451831010843239,35.0699050655687,4.157774927013199,0.007208782515316,8.423677956501573,1000000.0,1003612.403122912,21.29638313783304,0.3764822096099987,15.11529494473857,3.418119172065537,0.0061396472245241,9.467806201519627,1000000.0,683010.5982619704,0.1263679542203147,0.9375147157190636,False,0.2
e837,ok,,0.0542713486023705,0.856757180597949,3.647775981762103,1.7678399999964405,0.4846350238707542,0.4846350238707542,6.78049549931086,1.3653571290054882,0.1062380584093863,1.8177101468046628,13.791060325245624,22.389265971361148,8.598205646115524,0.0542713486023705,11.121573806260354,31.292800307106813,0.4759919007103446,36.70125125111544,4.146961704030832,0.0067413741744896,8.290008476252153,1000000.0,1003612.4031379428,20.394842793116887,0.4303439173468433,15.44516127162133,3.739297078872296,0.0066354268928774,8.749859278844285,1000000.0,654096.6927326107,0.1610412048192771,1.0716,False,0.2
e838,ok,,0.0517408092772767,0.8567571806891033,3.647775981388618,1.767839999999983,0.4846350239213456,0.4846350239213456,7.064096869582231,1.525999087348566,0.1062380590988339,1.808033190719947,13.072938755824522,21.9450688161267,8.872130060302178,0.0517408092772767,11.156264749426876,31.2928003068794,0.4665483464009403,36.2754432888793,4.024832122831312,0.0070745614810721,8.278313265553578,1000000.0,1003612.4032354172,20.567957134652165,0.4366104715225795,16.185432032008688,3.762174999759339,0.0070624748124493,8.545816839069605,1000000.0,659648.7590474067,0.183672906701142,1.0305,False,0.2
e850,failed,too few converged polar points,,,,,,,,,,,,,,,,,,,,,,,,,,,,,,,,,,,0.01
e851,ok,,0.0477396600708702,0.8567571806307067,3.6477759816363946,1.7678399999997754,0.4846350238883697,0.4846350238883697,5.896596515934579,0.8945307634310673,0.106238058650026,1.8037953919496152,11.926421668565157,19.62681357644935,7.700391907884194,0.0477396600708702,11.10144162223775,31.292800306372133,0.4172626432322655,31.699504647273905,0.3008117068906329,0.0050019177446365,9.53397593143045,1000000.0,1003612.40315086,20.51496836759455,0.3809076461059993,14.431650884213555,-0.035552526335276,0.0050206615500745,9.977556164688933,1000000.0,657949.3206868066,0.0901502656622527,0.816,False,0.2
e852,ok,,0.0556174567213355,0.8567571808654834,3.6477759806376655,1.767839999999986,0.4846350240211162,0.4846350240211162,6.018318840442277,0.9574061769383126,0.1062380603930756,1.8315876143577343,14.164331752923664,22.014238207723675,7.849906454800012,0.0556174567213355,10.692565587738937,31.292800307300688,0.468018875527576,35.61332731934529,0.3598418519387872,0.0054807940572256,8.758352467738133,1000000.0,1003612.4034555398,19.45955793382089,0.4315658842879749,14.171249189462252,0.0290252381842562,0.0054710179902133,9.170863340979654,1000000.0,624100.5444178141,0.100717133746458,1.0369,False,0.2
e853,ok,,0.0654306595098518,0.8533387038299823,3.662388980569003,1.7678399999999896,0.4827013212903811,0.4827013212903811,6.129322746792973,1.032800554300269,0.0796523798316406,1.8618719460004156,16.956384699477425,24.94757939227081,7.991194692793389,0.0654306595098518,10.149744606025225,31.29279968291735,0.5325059286212965,39.390376104871,0.5375719828954515,0.0061440000717007,7.941284549515281,1000000.0,999607.9514141636,18.171218537752505,0.5058578365983264,13.3147288202433,0.299914019267849,0.0061194632994517,8.203715411722607,1000000.0,580456.038490464,0.1160226310839024,1.3175588628762542,False,0.2
e854,ok,,0.0652325047181792,0.8160241019323226,3.829860243340677,1.7678399999995424,0.4615938670538814,0.4615938670538814,6.186314679675732,1.062660075298132,0.0796375528628375,1.8819084801444,16.879357344410305,24.94758050423044,8.068223159820132,0.0652325047181792,10.14248586818287,31.292800174241336,0.5568560092979561,39.57462600229783,0.6038051168682669,0.0068252952458282,7.851629662648223,1000000.0,955897.3359388812,17.964893927616558,0.5464267076000057,13.586703037814484,0.5093228908277802,0.0068071453545614,7.946769189847844,1000000.0,548771.4154762306,0.133990921403219,1.4235347826086957,False,0.2
e855,ok,,0.0644753781417367,0.8053028561624584,3.880848356223253,1.7678399999999908,0.4555292651837624,0.4555292651837624,6.404069067480114,1.1748856954087694,0.0798533569630327,1.8553352727295955,16.688176255893026,24.94758059610274,8.25940434020971,0.0644753781417367,9.916387727457526,31.29280030807263,0.564269602688088,39.56892736728402,0.3677111017482313,0.0075321823698393,7.71929445816443,1000000.0,943338.3846124372,17.81598519903161,0.5763364924878033,13.985362387306026,0.4779703740324532,0.0075513332498856,7.618906999860947,1000000.0,537072.50653429,0.1571215794136286,1.4558,False,0.2
e856,ok,,0.0642968022142805,0.7608934129645836,4.107353556161568,1.7678399999999983,0.4304085284667075,0.4304085284667075,6.455428592056326,1.1975124314267176,0.0808113046700689,1.8488144046394743,16.643337599394002,24.9475805960898,8.3042429966958,0.0642968022142805,9.95486761524625,31.292800308060727,0.5972031232601495,39.67085044198489,0.5133365823909016,0.00834764888823,7.645013025182553,1000000.0,891316.7978422969,17.948200732074902,0.6042834588137407,14.0138160388175,0.5801606366143925,0.008360372989506,7.590816460476511,1000000.0,511220.876561276,0.1814866957151863,1.599132441471572,False,0.2
e857,ok,,0.0642232041154487,0.7223283370954814,4.326644968916518,1.7678399999999996,0.4085937285588523,0.4085937285588523,6.476595853623736,1.2025680344783152,0.0817386943665915,1.860686779646244,16.6102979628169,24.94758059608688,8.337282633269979,0.0642232041154487,9.923050410754604,31.29280030805549,0.6290877698607762,39.78829450385445,0.9049435409802732,0.0091811198477972,7.573629487338207,1000000.0,846141.3509970218,17.776680666696606,0.6514706392712236,14.189747730649724,1.1227200967509998,0.0092391643320756,7.414449952685317,1000000.0,480672.37343694206,0.2033449112686101,1.7379,False,0.2
e858,ok,,0.0626861328606278,0.7300826009839239,4.280691337374873,1.7678399999999996,0.4129800213729319,0.4129800213729319,6.738887368289528,1.3330520795560217,0.0815443934680323,1.8539348630537489,16.17497882193579,24.76780105327907,8.592822231343277,0.0626861328606278,10.115296613208145,31.29280030972524,0.6179209393512868,40.00000000239878,1.1840714592165984,0.0102172771251189,7.397702171377978,1000000.0,855224.7594950183,18.187076606252347,0.6346647157333101,14.693818544806076,1.352971575346924,0.0102700573772281,7.286623307939332,1000000.0,497048.46043023263,0.2269730786249149,1.6893,False,0.2
e862,ok,,0.0540452110870734,0.7865154179739686,3.973549906561952,1.7678399999999994,0.4449019243675722,0.4449019243675722,8.163033344005694,2.080236135094138,0.0802454212365465,1.7980256277040505,13.745706316551312,23.706765288261057,9.961058971709743,0.0540452110870734,11.21260436057757,31.292800308707516,0.5490128631187086,40.000000001004594,4.476005783736333,0.0119394196792235,7.080789638583007,1000000.0,921330.6251203844,20.786882729985077,0.5227882945768799,17.49268360787882,4.252359114364242,0.0118823936971216,7.219047734042731,1000000.0,612012.7144579056,0.3234049066414559,1.3894,False,0.2
e863,ok,,0.0502076777447985,0.7990435576092038,3.911248937355668,1.7678399999999692,0.4519886175271618,0.4519886175271618,8.697866649410173,2.3708395432150504,0.0799819068112085,1.7724673719090491,12.66756660569468,23.137900627013902,10.47033402131922,0.0502076777447985,11.16643301347862,31.292800308089937,0.5274374434487521,40.000000000331646,4.456895334419124,0.0130043693499804,6.910879870599697,1000000.0,936006.1908415798,20.999790443630243,0.5299885392875044,19.01172578611544,4.479891294353616,0.013010073719518,6.899172903888704,1000000.0,628129.5910910289,0.3571895443645084,1.2955,False,0.2
e864,ok,,0.0455076545246476,0.8246646473599841,3.789732317984852,1.7678399999999188,0.4664814957009808,0.4664814957009808,9.362944972404131,2.7363919928214138,0.0794679919602824,1.7452848161912755,11.342993851826344,22.451223640421752,11.108229788595407,0.0455076545246476,11.348281222670854,31.2928003070906,0.4958840040605231,39.999999999229296,4.713924575909237,0.0140255995303,6.705781654202506,1000000.0,966018.945928379,21.67417244717711,0.5114329996759093,20.83293366212076,4.895583399668827,0.01406711880367,6.645851397032682,1000000.0,669088.7685288973,0.3881694548097892,1.1581739130434785,False,0.2
e874,ok,,0.0422685239768322,0.8567571803492238,3.647775982835777,1.7678399999999996,0.484635023729084,0.484635023729084,5.722520784919555,0.7895813879041343,0.1062380563397764,1.7652707082428214,10.391414282468237,17.879205775630613,7.487791493162376,0.0422685239768322,11.678562314113904,31.292800305524658,0.3801088054681351,29.40961564469969,1.8720695062795865,0.0056610799496608,9.662293492211536,1000000.0,1003612.4027938212,22.052448310206447,0.320544760057238,14.806195974342724,1.5013120903243744,0.0054751323968345,10.382105083644523,1000000.0,707258.8716895839,0.0790077547307641,0.6543,False,0.2
e904,ok,,0.0383496704281339,0.8567571797291009,3.647775985476046,1.7678399999999996,0.4846350233783041,0.4846350233783041,5.98066650149346,0.9582965820910222,0.1062380508604847,1.7442203244474568,9.285378512720683,17.0102653386616,7.724886825940916,0.0383496704281339,11.8550071153727,31.292800304768136,0.3616352831723693,27.40281797752542,1.7794728259595292,0.0050823633577686,10.179788802191627,1000000.0,1003612.4020431412,22.655790573415068,0.3133157651262545,15.087875117519673,1.3230873661418845,0.0050458348512019,10.75666512005201,1000000.0,726609.0658593721,0.0899782885243099,0.5739,False,0.2
e908,ok,,0.0412380235218382,0.8567571801989499,3.6477759834755727,1.7678399999999952,0.484635023644081,0.484635023644081,5.943244973200819,0.9337167336037014,0.1062380550472048,1.771528014865379,10.088778767369607,17.803551755435805,7.714772988066198,0.0412380235218382,11.462348202539404,31.292800305339583,0.3785004142264337,29.15123320469119,-0.6933710107339753,0.0054716713312877,9.774316451813007,1000000.0,1003612.402611856,21.567724033255825,0.3452733674053247,14.960667569293715,-0.9914960843992952,0.0054919693744112,10.124974500100848,1000000.0,691712.9539279962,0.0900392738132916,0.6473,False,0.2
ea61009,ok,,0.0636984595985717,0.8170453911334647,3.825073000245325,1.7678399999998575,0.4621715715978428,0.4621715715978428,5.708013283392381,0.8139212333018381,0.0796171660756727,1.8094794181194984,16.510585680434566,24.028078381946443,7.517492701511879,0.0636984595985717,10.90961253233666,31.292800178553595,0.5356613598091563,39.99999965185842,4.997006461071943,0.0107884726456451,7.176760356809254,1000000.0,957093.6826298308,20.097147689903863,0.4063163503869815,12.382845916302005,3.77488630588022,0.0094689676720222,8.213735479959,1000000.0,614673.438718604,0.09,1.3312919732441473,False,0.2
ea61012,ok,,0.0630935737575524,0.8132564792063559,3.842893780138428,1.767839999999825,0.4600283279066184,0.4600283279066184,6.079432744351019,1.0142355152582891,0.0796917942341451,1.829506565832296,16.31658975481024,24.22552906499356,7.908939310183315,0.0630935737575524,11.062119319824204,31.29280004824006,0.5425792813301005,39.99999930655962,5.103139587496453,0.010398871170027,7.235735576835146,1000000.0,952655.3161080024,20.155014338145183,0.4270028813603282,13.018637275068706,4.018918206827677,0.0095064668934367,8.121879327617854,1000000.0,613584.6433003012,0.12,1.3614,False,0.2
ea81006,ok,,0.0498766688612449,0.8567571807471159,3.647775981141685,1.7678399999999983,0.4846350239541568,0.4846350239541568,5.54120050847582,0.7043498713334506,0.1062380595413134,1.7912267801179578,12.553607026773886,19.886034315367663,7.332427288593777,0.0498766688612449,11.281968245988836,31.292800306653888,0.4227736309942519,35.63119886139213,3.646918740309919,0.0099543917470706,7.747573923920664,1000000.0,1003612.4032961322,20.99486298294752,0.3463141530203176,14.890026857469715,3.1226115929549474,0.0091438803810956,8.33596882344641,1000000.0,673340.3431046928,0.06,0.8399847826086956,False,0.2
ebambino7,failed,airfoil 'ebambino7' not found in the aerosandbox UIUC database,,,,,,,,,,,,,,,,,,,,,,,,,,,,,,,,,,,0.0
ec863914,ok,,0.0643663702841992,0.8220737225029562,3.801676394768251,1.7678399999996477,0.4650159078327903,0.4650159078327903,6.435420391464582,1.2069357366768492,0.0795184985000222,1.8672009767861537,16.644959227975992,24.94758059622673,8.302621368250737,0.0643663702841992,9.556919697869596,31.29280030802521,0.5527581167647487,39.72522010073615,-2.000300493151614,0.0077452297986827,7.64103330240206,1000000.0,962983.9152846644,17.061044520087083,0.6188701729760934,14.30970330021917,-1.562438308979956,0.0069467548322283,7.26747951895551,1000000.0,525025.2866179569,0.1426764120493679,1.4057,False,0.2
eh0009,ok,,0.0520979621435258,0.8567571807881716,3.647775980966848,1.7678399999999896,0.4846350239773829,0.4846350239773829,5.880855267911805,0.8761271263387261,0.1062380598412725,1.805656449699101,13.17803483688835,20.864546554499256,7.686511717610906,0.0520979621435258,11.316588903848448,31.29280030692096,0.4435766309879226,34.9142890784853,3.959447612096363,0.0070318477061884,8.494661266320076,1000000.0,1003612.4033527956,20.89099674476517,0.366656624132204,14.398261202448628,3.3776550543806656,0.0062777020637876,9.492813310582576,1000000.0,670009.1792939382,0.0899899757197363,0.9305230769230768,False,0.2
eh1070,ok,,0.0436021026155342,0.856757180464927,3.647775982343153,1.76784,0.4846350237945329,0.4846350237945329,5.61241068009587,0.7329194546969843,0.1062380573100738,1.7203523684215771,10.819877962696731,18.15264101121418,7.332763048517448,0.0436021026155342,11.40110309665062,31.292800305751094,0.3859219909665954,30.42442088784568,2.723099388895129,0.0054317931418785,9.710112210748608,1000000.0,1003612.4029366188,22.090635434009236,0.3128238087402333,15.0752491906882,2.157967944593783,0.0051640836336169,10.67499248065572,1000000.0,708483.5966645104,0.0699908350951374,0.6796,False,0.2
eh1090,ok,,0.0561189690099528,0.856757180635193,3.6477759815777415,1.7678399999901913,0.4846350238935348,0.4846350238935348,5.879484703584738,0.8753807098861642,0.1062380591261177,1.820148185115032,14.320009171603337,22.019642060303102,7.699632888699769,0.0561189690099528,11.131170903435695,31.29280030713819,0.4681337606224449,36.07819148436303,3.653715203170093,0.0062407226504548,8.514994712743555,1000000.0,1003612.4031861247,20.385100133540707,0.3857384096408656,13.999220886533475,3.048416235980295,0.0058888105413604,9.493719737470249,1000000.0,653784.2293885647,0.0899007745247675,1.0374,False,0.2
eh1590,ok,,0.0582660405686337,0.8567571809228784,3.647775980393324,1.7678399999999923,0.4846350240535806,0.4846350240535806,5.8799511416726125,0.8756585871615687,0.1062380607838235,1.832706817876835,14.924961398574537,22.637619358123985,7.712657959549448,0.0582660405686337,11.034271639594545,31.292800307556757,0.481271850325037,36.88330608654177,3.523418452634034,0.0061954617298573,8.398307101559885,1000000.0,1003612.4035309816,20.069170424064502,0.3986518598550258,13.7660973215869,2.9057897876819205,0.0059228287297778,9.344177110621567,1000000.0,643651.8358283311,0.0899199750242819,1.0945792642140468,False,0.2
eh2010,ok,,0.0611268495997893,0.8567571507233572,3.64777610890893,1.7678399999845995,0.4846350069750773,0.4846350069750773,6.025495595115831,0.9532966420827352,0.1062380198913455,1.836050197885011,15.74440425771274,23.605950050713584,7.861545793000841,0.0611268495997893,10.981062335139786,31.292800068825,0.5018584177782531,38.14469234090186,3.654478995555927,0.0065152983976793,8.111476229505037,1000000.0,1003612.3605072268,19.936024167148098,0.4117934416578091,13.5214366018147,3.0008519074811155,0.0062603313364888,9.069655954034332,1000000.0,639381.5903183859,0.1007665715276814,1.1841755852842808,False,0.21
eh2012,ok,,0.0627840129536257,0.856757180982625,3.647775980138632,1.7678399999999166,0.4846350240873978,0.4846350240873978,6.28187010742534,1.0900747517124278,0.1062380611899028,1.838476776749053,16.218587820288402,24.3389347044628,8.120346884174394,0.0627840129536257,11.049642918546414,31.292800307938087,0.5174415186396911,39.01926002923827,4.042446576054525,0.0068711458167941,7.880383614682339,1000000.0,1003612.4036132424,20.034054021041825,0.4211971903277928,13.45513467525672,3.208558968872422,0.0065398899404239,8.870760840318894,1000000.0,642525.5941404165,0.1198859660076309,1.2519959866220736,False,0.2
eh2070,ok,,0.0429069167958467,0.8567571804183546,3.647775982541441,1.7678399999999994,0.4846350237681888,0.4846350237681888,5.612407596374782,0.7329054393100957,0.1062380569225171,1.7643977182485069,10.575892936183118,17.952698250806407,7.376805314623288,0.0429069167958467,11.726697596703133,31.292800305634813,0.3816712426760215,29.440768348246262,2.2850745136469848,0.0055208715380252,9.714261699425895,1000000.0,1003612.4028783344,22.154297517349747,0.3128966543573158,14.698713326029567,1.7876496776061632,0.0053712044495606,10.525516612005644,1000000.0,710525.3460319184,0.0699910586810925,0.6611,False,0.21
eh2510,ok,,0.0537213846670554,0.8567571808249705,3.6477759808093295,1.767839999999786,0.4846350239982545,0.4846350239982545,6.014608702820174,0.9474297896074542,0.1062380601301889,1.7917352314885315,13.658862262461028,21.46520619676973,7.806343934308705,0.0537213846670554,10.975406544777332,31.292800307097146,0.4563465504911661,36.203504513390776,3.073577825749417,0.0077735408748708,8.15922698613358,1000000.0,1003612.4034016684,20.418579620269792,0.3898030119874222,14.435649859726254,2.554459736123769,0.0070290045304483,8.956343713365946,1000000.0,654857.9726212508,0.09994,0.9861,False,0.2
eh3012,ok,,0.0591415954023687,0.8567571809252684,3.647775980368871,1.7678399999965329,0.484635024055881,0.484635024055881,6.282024787820004,1.090256664545271,0.1062380610663685,1.834404606760048,15.17507851368321,23.291507908263263,8.116429394580052,0.0591415954023687,11.278248406436465,31.292800307470365,0.4951734071749344,38.73750168251016,3.486345807416497,0.0086940879418552,7.625645090552554,1000000.0,1003612.4035329748,20.49393095517109,0.4023120515086018,13.723332748468344,2.6784084323310338,0.0070925969279307,8.828215650716638,1000000.0,657274.6159393097,0.11976,1.15508127090301,False,0.2
eiffel10,failed,airfoil 'eiffel10' not found in the aerosandbox UIUC database,,,,,,,,,,,,,,,,,,,,,,,,,,,,,,,,,,,0.0
eiffel371,ok,,0.0594898255458551,0.8567571173133883,3.647776250544356,1.7678399998361345,0.4846349881170261,0.4846349881170261,6.653440068004772,1.2976467220333732,0.106237960235186,1.842590304399704,15.267046193524136,23.76307656592861,8.496030372404476,0.0594898255458551,10.836536494581546,31.29279981942721,0.5051989281022531,38.89600176295909,1.9524715077773105,0.0080051720473899,7.712694662543185,1000000.0,1003612.3134561965,19.603808957976643,0.4602393312224444,14.707562008814524,1.5149411388455545,0.0079324046950965,8.082918853365687,1000000.0,628726.8692606353,0.1442671023965141,1.1987140468227424,False,0.2
eiffel385,ok,,0.0658516737752811,0.7599088393892379,4.1126752362979015,1.7678399999999994,0.4298515925588504,0.4298515925588504,6.008238059231903,0.9656902345108184,0.0808338237599089,1.876397083550637,17.06294545341889,24.94758059620143,7.884635142782541,0.0658516737752811,8.867943391020976,31.292800308175984,0.5979768876677998,39.62543756959791,-1.875526922858704,0.0081080437449971,7.69428071108976,1000000.0,890163.4602670594,15.753494589465204,0.7457145365487503,14.498475561094178,-0.4811371526235615,0.0082596182209422,6.6484666241419,1000000.0,448128.1674044638,0.1361606396404081,1.6025,False,0.2
eiffel428,failed,airfoil 'eiffel428' not found in the aerosandbox UIUC database,,,,,,,,,,,,,,,,,,,,,,,,,,,,,,,,,,,0.0
eiffel430,ok,,0.0653485310674932,0.7228278333932957,4.323655123971304,1.7678399999999996,0.4088762746590731,0.4088762746590731,5.582069896376158,0.7667517439019121,0.0817260675015021,1.8670193970334124,16.92761623118538,24.37670552459495,7.44908929340957,0.0653485310674932,9.818727751337136,31.292800309700848,0.6142675934722921,40.000000003098535,1.458206172405088,0.0113181668951345,7.280888884391088,1000000.0,846726.4651102357,17.530129872491838,0.5981420898370362,12.74729143670646,1.3026819319943903,0.0112946288929292,7.373408478947916,1000000.0,474333.5448715634,0.0970602869473576,1.6734,False,0.2
esa40,ok,,0.0666450101645841,0.7698780577618867,4.059419844599074,1.7678399999999983,0.4354908010690375,0.4354908010690375,5.780069680863913,0.8550496312591759,0.0806085900114054,1.8486311738361407,17.31887974155748,24.94758059625753,7.628700854700053,0.0666450101645841,11.080981368083169,31.292800308231357,0.5902336325958493,39.984348945421374,5.575581984431024,0.0091970143739965,7.461996464156508,1000000.0,901841.4846089004,19.980515899030934,0.442712277213419,12.02834568340403,4.447824779956415,0.0085367283033398,8.642418755381138,1000000.0,575827.6007307009,0.1071583533963886,1.5688,False,0.2
falcon,ok,,0.0643921599920793,0.8340789403330817,3.746957409508284,1.7678399999988288,0.4718068039718721,0.4718068039718721,6.428002800502509,1.2020221660830162,0.0792869595562395,1.8756258629410905,16.64395176401861,24.94758042746221,8.3036286634436,0.0643921599920793,11.204658401378255,31.29280006284103,0.544802062184341,39.653007363256044,3.734864851229879,0.0071869477092443,7.7380145684383,1000000.0,977046.9184686536,19.91274596702475,0.4478213294131067,13.344908981926782,3.1446817201110697,0.0068289821192564,8.692707160540692,1000000.0,621730.4634376105,0.1367215312934631,1.371073913043478,False,0.2
fauvel,ok,,0.0649282833603442,0.8198936064873593,3.811785139975755,1.7678399999914147,0.4637826989384452,0.4637826989384452,6.273810119283227,1.0984001237623988,0.079560393941325,1.814645907573356,16.85912422622244,24.947580253079025,8.088456026856583,0.0649282833603442,11.028444712566206,31.292799796519557,0.5542279236330298,39.71757339134953,4.935264167677575,0.0077622634356374,7.641783587956066,1000000.0,960430.0937707808,20.258212482004364,0.4287579662969071,12.857150305965568,3.899924202549249,0.0073333844469975,8.789474069019612,1000000.0,621759.5434168807,0.1397828253844463,1.4120969899665552,False,0.2
fg1,failed,Infeasible_Problem_Detected,,,,,,,,,,,,,,,,,,,,,,,,,,,,,,,,,,,0.5
fg2,ok,,0.0635428567117674,0.8567571487668346,3.647776117149709,1.767839999962932,0.4846350058742867,0.4846350058742867,5.826975149803202,0.8565094964899667,0.1062380535038784,1.867998494865954,16.407314367351695,24.10228801202085,7.694973644669156,0.0635428567117674,9.438996372669664,31.29280000389064,0.5124104803438979,39.821010388253065,1.7485810402587294,0.0096582929241213,7.296015502819801,500000.0,1003612.356145088,16.843333294275485,0.5646763940432064,13.711416776955994,2.1263566845440502,0.0095937742437177,6.969687688333203,500000.0,540193.8276761147,0.0816,1.2301,True,0.2
fg3,ok,,0.0645458152030107,0.8232395002665062,3.7962928948237575,1.7678399999999994,0.4656753440732795,0.4656753440732795,5.968268878517078,0.9623832309018144,0.079495744249132,1.856933085345088,16.706836570286796,24.53203853414896,7.825201963862165,0.0645458152030107,10.255083109488602,31.292800309599777,0.5427813267196944,40.00000000287247,1.725550233722219,0.0095911923235153,7.327284094973427,1000000.0,964349.516986917,18.40863875749697,0.5003020955365631,13.168842683780282,1.2287455245510606,0.0096147171788116,7.595558525256529,1000000.0,567298.6028269546,0.1014,1.3622792642140469,False,0.2
fg4,ok,,0.0603860421188693,0.7359007087548264,4.246847745109611,1.7678399999999996,0.4162711041467704,0.4162711041467704,5.955595344790225,0.9632107732804412,0.0814012683942829,1.8459787361021491,15.521414840077336,23.32298892096971,7.801574080892374,0.0603860421188693,10.361637083592155,31.292800309151453,0.5772745949005853,40.00000000274888,2.86832025590828,0.0136814530174731,6.966162454495452,1000000.0,862040.1387422985,18.71028609547823,0.5401426574853985,13.92944221768901,2.43497142334025,0.0136087570362804,7.12475535478072,1000000.0,515422.6359517364,0.127,1.5124,False,0.2
fx049915,failed,airfoil 'fx049915' not found in the aerosandbox UIUC database,,,,,,,,,,,,,,,,,,,,,,,,,,,,,,,,,,,0.0
fx05188,ok,,0.0624859043062333,0.8331912511929599,3.750949450231584,1.7678399999999996,0.4713046719120283,0.4713046719120283,6.976253861915426,1.500930159760077,0.0793039745711544,1.8507912719544664,16.12053546206642,24.94758059593632,8.827045133869893,0.0624859043062333,10.262385706571107,31.292800307920015,0.5453824941647093,39.53531286864329,0.491325644713433,0.0072438323053206,7.727220421489232,1000000.0,976007.0797652612,18.48287965995909,0.5531433428617971,14.89908714042395,0.5581199058985032,0.0072525989766698,7.66077043433304,1000000.0,576471.9432285434,0.1881034135314064,1.3736,False,0.2
fx05191,ok,,0.0622720529883456,0.8302530452569684,3.7642237911126384,1.7678399999999996,0.4696426403164135,0.4696426403164135,7.037758803663619,1.543881116016648,0.0793601160014105,1.859603340779481,16.05021845147389,24.94758059591699,8.8973621444431,0.0622720529883456,10.345428068783562,31.29280030790282,0.5473125636670645,39.205874071895664,0.5937119764716969,0.0063310963768972,7.937539419876708,1000000.0,972565.241181772,18.5441483530696,0.555831709511915,15.013382938506318,0.6709251979606655,0.0063513151076664,7.855295049110294,1000000.0,576343.2463076487,0.1907718612626656,1.382,False,0.2
fx057816,failed,airfoil 'fx057816' not found in the aerosandbox UIUC database,,,,,,,,,,,,,,,,,,,,,,,,,,,,,,,,,,,0.0
fx05h126,ok,,0.0654700235642996,0.8348090985532814,3.7436801671345634,1.767839999999265,0.4722198267680493,0.4722198267680493,6.118002985001631,1.0219233946177848,0.0792732282405859,1.91139421438822,16.918183397009468,24.94758059639932,8.029397199389852,0.0654700235642996,11.079655348285344,31.292800308065917,0.5443255511707963,39.16612353191389,2.119097883494029,0.0067947565733636,7.823857095580529,1000000.0,977902.2394654256,19.322117968273417,0.4595075243431163,12.98718994043046,1.6459646705248474,0.0071015289435947,8.493892867811493,1000000.0,603817.5633492083,0.1260779961246568,1.369,False,0.21
fx082512,failed,airfoil 'fx082512' not found in the aerosandbox UIUC database,,,,,,,,,,,,,,,,,,,,,,,,,,,,,,,,,,,0.0
fx08s176,ok,,0.0628782967239484,0.8469443967322949,3.6900394850688647,1.7678399999999994,0.4790843044236442,0.4790843044236442,6.863399412228256,1.4318558925802414,0.0790463667866839,1.8348198181331823,16.24936136560532,24.94758059596676,8.698219230361438,0.0628782967239484,10.219014180272326,31.29280030795113,0.5365262754493572,39.90720629044362,-0.0230120204505934,0.0081627311977413,7.50319883082121,1000000.0,992117.627490091,18.56497311848592,0.5314875787933482,14.605854679823754,-0.0697581899963769,0.0082019757683976,7.533140923006954,1000000.0,588590.2477078605,0.176010749233005,1.33505618729097,False,0.2
fx2,ok,,0.0538010924132905,0.8088437249367502,3.863859197083247,1.7678399999999814,0.4575322002764722,0.4575322002764722,7.106389276750295,1.5983009865136446,0.0797811664255888,1.8157453088080528,13.65777668772674,22.579911273285088,8.922134585558346,0.0538010924132905,10.546433074355493,31.292800167153345,0.5084814041712267,39.99999974945876,1.2743155320671975,0.0140309449095166,6.744218498752442,1000000.0,947486.1831308072,19.36107269229058,0.5248698616901554,16.60977870726206,1.368013707404263,0.0139751741552166,6.696143346868674,1000000.0,586216.2787781372,0.2043536071100214,1.213,False,0.2
fx38153,ok,,0.0639384356777919,0.8018418700482886,3.897599242866781,1.7678399999997434,0.4535715166804716,0.4535715166804716,6.5584968052421,1.2992026934236898,0.0799240337880407,1.8369753899274264,16.55210830061379,24.94758049578332,8.395472195169527,0.0639384356777919,10.093229237299258,31.292800162528973,0.5667051597725101,39.66734519552477,2.0826594533543443,0.0077740856138097,7.675510173159185,1000000.0,939284.1526634356,18.314941856130897,0.556738976718474,13.92501133670917,1.826206577823892,0.0073407427012131,7.848665009004278,1000000.0,549740.9804513231,0.1553633013019218,1.4664,False,0.2
fx601001,ok,,0.0669773528806485,0.8019084055117056,3.897275853600439,1.76784,0.4536091532670975,0.4536091532670975,5.684485891175591,0.7842389536384966,0.0799228352937971,1.8694122974522045,17.39368240765169,24.947580596279483,7.553898188627795,0.0669773528806485,9.887498829538034,31.29280030825585,0.5666581364717914,39.29105474803206,0.5405433032613863,0.0064876776608198,7.952511177379764,1000000.0,939362.0972261468,17.630315942990155,0.5405457941375945,12.544490932336764,0.3055761923818025,0.0064122489556509,8.207881645044381,1000000.0,529235.1721746525,0.1010482758620689,1.4661953177257523,False,0.2
fx60100,ok,,0.0674057853976868,0.75914388861197,4.116819370454613,1.7678399999999994,0.4294188889333708,0.4294188889333708,5.561266089374188,0.7265101599898154,0.0808513440640062,1.8471614619509191,17.539153044985547,24.94758059631065,7.408427551325107,0.0674057853976868,9.419693657090942,31.29280030828554,0.5985794386343238,39.15402522620318,0.7979957935191325,0.0061731607951812,8.098841490009752,1000000.0,889267.390642434,16.998502569346105,0.6024027271846958,12.539217447485292,0.8327644639750642,0.0061884074310033,8.06119529019167,1000000.0,483057.2488160713,0.0999281946308724,1.605122408026756,False,0.2
fx60100sm,ok,,0.0675526011527347,0.7450649420775102,4.194611890992548,1.7678399999999996,0.4214549631626789,0.4214549631626789,5.519040983857967,0.7060203827052208,0.0811803543180595,1.8729348495073048,17.5556047629556,24.947580596320872,7.391975833365272,0.0675526011527347,9.702133645134776,31.292800308295632,0.609890355894177,38.97072385403192,0.8804095295805641,0.005860275003312,8.192297208691885,1000000.0,872775.1969551853,17.26725598185654,0.5935073109577412,12.35078196885938,0.7324255048023718,0.0058142359603814,8.355721538351219,1000000.0,481594.2514561509,0.0997847516778523,1.6543494983277591,False,0.2
fx601261,ok,,0.0665661573556751,0.7523571086993405,4.153955919952536,1.7678399999999996,0.4255798650892279,0.4255798650892279,5.80274822906024,0.8500503296359225,0.0810084106797454,1.871681073036424,17.273151294157394,24.947580596254056,7.674429302096664,0.0665661573556751,9.610186307183778,31.292800308226987,0.6039790379255869,39.255991617212295,0.2302152041572535,0.0068300242442098,7.970339337878491,1000000.0,881317.3008695248,17.115070948124,0.6211135063076141,13.05883925467648,0.3871288716700948,0.0069075933498303,7.811965142192446,1000000.0,482021.6785848174,0.1259339427609427,1.628622408026756,False,0.2
fx60126,ok,,0.0669071659529427,0.7251357587781061,4.30989401331722,1.76784,0.4101817804654868,0.4101817804654868,5.704672079149296,0.8005607717516782,0.0816678752211343,1.870635997541296,17.37227251958853,24.947580596279124,7.575308076690592,0.0669071659529427,9.754571678060405,31.29280030825095,0.6266522057251278,39.21600796849,1.037941083483809,0.0069159721617661,8.005048034591207,1000000.0,849429.9878359678,17.381916615314257,0.6167255926983326,12.69687927938469,0.9495559409552484,0.0068821006949076,8.094713602262573,1000000.0,471824.8630250963,0.1259028389261745,1.7273,False,0.2
fx60157,ok,,0.0644177891283113,0.7813451677773751,3.999843340031248,1.7678399999999803,0.4419773100378901,0.4419773100378901,6.420632018571887,1.2083840157510235,0.0803565890939463,1.8619795460768995,16.66496903146355,24.94758059611233,8.282611564648786,0.0644177891283113,9.882611061870396,31.29280030806715,0.5815712970787733,39.12770347630264,0.4263596993114342,0.0062476312373441,8.042867674424064,1000000.0,915274.151526198,17.69194347075863,0.6040593281416546,14.154515050864113,0.6713599363211102,0.0064230858370027,7.806905054822921,1000000.0,517466.5862317724,0.1567216128020081,1.5311,False,0.2
fx60160,ok,,0.0641374003648208,0.8173848952658123,3.823484240657086,1.7678399999999932,0.462363616201588,0.462363616201588,6.501273534992099,1.2390819639959034,0.0796107469216205,1.857300393479284,16.589006667603304,24.947580596074687,8.358573928471383,0.0641374003648208,10.16570795706619,31.29280030804772,0.5559289452526859,39.37036056443202,0.8400188683341483,0.0066998142282398,7.877021126770809,1000000.0,957491.3845214156,18.244594848086205,0.5479531787688445,14.00837884966311,0.7680515255645269,0.0066859385480216,7.950630103595543,1000000.0,558244.7786442989,0.15595,1.4195,False,0.2
fx60177,ok,,0.0634144036914854,0.7889507136766758,3.9612845408753374,1.7678399999999943,0.4462794787292279,0.4462794787292279,6.709211782552275,1.3641942223127907,0.0801935422382075,1.8531930073038447,16.3851758061642,24.94758059602032,8.56240478985612,0.0634144036914854,9.872227045330431,31.29280030799224,0.5759649047955893,39.22288761579847,0.2105965795812498,0.0062851299016473,8.020975766410684,1000000.0,924183.3505015286,17.75714852945123,0.6139114665128287,14.77871453210875,0.6095198546484749,0.0064141316444349,7.661639168638245,1000000.0,524429.2892224849,0.1772015305795709,1.5067,False,0.2
fx61147,ok,,0.0650774884922585,0.7873682104729377,3.9692461849873135,1.7678399999999992,0.4453843167215008,0.4453843167215008,6.23089846276832,1.0868273848302163,0.0802272200425594,1.850364648803944,16.86631748457351,24.947580596145773,8.081263111572262,0.0650774884922585,9.746004705611435,31.29280030811939,0.5771225160549867,39.61563218951972,-0.0057327258782782,0.0073384735830729,7.795467902634515,1000000.0,922329.593245591,17.556908241322688,0.5938976541233955,13.800751765429894,0.143675074907377,0.0073916298855628,7.649363866772924,1000000.0,517475.4536962208,0.1476426224783861,1.511738127090301,False,0.2
fx61168,ok,,0.0641801414560511,0.7959041991752717,3.92667643774014,1.7678399999999928,0.4502128015970195,0.4502128015970195,6.4889809367903615,1.2250588074072892,0.0800471774133338,1.8637190004712765,16.594880658820276,24.94758059608192,8.352699937261638,0.0641801414560511,9.919123665010703,31.292800308050563,0.5709329378604884,39.583504550239695,0.1552273069184278,0.0076206707401488,7.719389958447456,1000000.0,932328.7205680312,17.740735347804524,0.5947427647022409,14.246471411804164,0.3619617478435396,0.007659040231925,7.52483119508434,1000000.0,528562.3825905862,0.1680553378162023,1.4848,False,0.2
fx61184,ok,,0.0637687124014968,0.7863782870247547,3.974242825834276,1.767839999999994,0.4448243545936042,0.4448243545936042,6.607310439200257,1.289279511785841,0.0802483463426404,1.8592257228422848,16.481044434008883,24.947580596051424,8.46653616204254,0.0637687124014968,9.953989660259866,31.29280030801942,0.5778490202345499,39.47311893147051,0.2323497762613604,0.0073926954848412,7.786017925441351,1000000.0,921169.9887791198,17.84612009534582,0.6029661744782079,14.433780381720473,0.4474822106514564,0.0074021117024608,7.5831559657536465,1000000.0,525338.4192582989,0.1837169100224143,1.5149,False,0.2
fx63100,ok,,0.067942653766546,0.7028695066440128,4.446427446429071,1.7678399999999996,0.3975866066182533,0.3975866066182533,5.406859476023634,0.6539773163783914,0.0805079574890451,1.880722334623289,17.659998785700743,24.947580596347667,7.287581810646923,0.067942653766546,9.114856834904854,31.29280030832223,0.6465039646652218,38.87333325231678,-0.3374720234219847,0.005832639519608,8.271842909725073,1000000.0,823347.1170781859,16.15488663957151,0.7086099220287257,12.675515025003042,0.2120077578010656,0.0058734283557032,7.73360515788224,1000000.0,425052.3829878761,0.0992448275862069,1.8136983277591971,False,0.2
fx63110,ok,,0.0676837531719407,0.6955274514026382,4.493364365845566,1.7678399999999994,0.3934334845928581,0.3934334845928581,5.4813208641910816,0.6917546714444229,0.0796092466562026,1.8849350418364463,17.581324690304154,24.947580596331683,7.366255906027527,0.0676837531719407,9.155826103442225,31.292800308304592,0.6533285232257546,38.83095715619584,-0.2701719590223795,0.0060855250237383,8.231962975139059,1000000.0,814746.5732224699,16.191231881960814,0.720574782752288,12.811803594073057,0.3220283193922493,0.0061593999398141,7.661058593272878,1000000.0,421558.6512587402,0.1099393103448275,1.8434,False,0.2
fx63120,ok,,0.0675499501426719,0.6820702725422536,4.5820179993350925,1.7678399999999994,0.3858212691998449,0.3858212691998449,5.519803430502839,0.7114540915650209,0.0779580535296529,1.8759614647629956,17.551815701056356,24.94758059632219,7.395764895265835,0.0675499501426719,8.705408905143592,31.292800308295448,0.6662186302215749,38.829581547944834,-1.295988281195554,0.0066676752784645,8.13902156794907,1000000.0,798982.7232985143,15.46835061853365,0.8082994401285839,13.32007854501919,-0.0706850419197085,0.0066116945676944,7.085070763502164,1000000.0,394945.3158673059,0.119927659574468,1.8995,False,0.2
fx63137,ok,,0.0668220970058035,0.6983519032745331,4.475191162143093,1.7678399999999996,0.3950311698312818,0.3950311698312818,5.729138426565874,0.81720464057275,0.0799590986148218,1.8825696443689044,17.335872525339244,24.947580596274022,7.611708070934778,0.0668220970058035,8.539894552176275,31.292800308244995,0.6506861663265343,39.440922663750655,-2.264721355890696,0.0080249259989848,7.842248171976369,1000000.0,818055.1593582634,15.120989153877336,0.8502638533378708,14.202498823116963,-0.6130409876624585,0.0074878267725047,6.578648522135393,1000000.0,395292.3059004889,0.1370657348138471,1.8319,False,0.2
fx63137sm,ok,,0.0671547996541014,0.6718517308843753,4.651708289098464,1.7678399999999996,0.3800410279688068,0.3800410279688068,5.633451118173943,0.7692908944500574,0.0767052993163512,1.8868302447832077,17.427299233338946,24.9475805962961,7.520281362957149,0.0671547996541014,8.46651535790994,31.292800308268195,0.6763514951284331,39.088063266021024,-2.2165415441254748,0.0069528155443928,8.103190360608913,1000000.0,787012.639611994,14.957210876669205,0.8924126823366552,14.228278543134047,-0.353968725887997,0.0070724600526464,6.598323591774464,1000000.0,376173.237847633,0.1367210510067114,1.9436,False,0.2
fx63143,ok,,0.0601683623359454,0.8078280452056007,3.8687172154373295,1.767839999999998,0.4569576687967246,0.4569576687967246,6.316771502313916,1.139048548760636,0.079802038833167,1.8412436282490257,15.463543916263356,23.6215590468263,8.15801513056294,0.0601683623359454,10.459570949674818,31.29280030919721,0.5326072723355437,40.000000002556206,2.113191309345538,0.0118118525827973,7.055340047081769,1000000.0,946296.4118464816,18.93569974336964,0.5023532090458441,14.357169587699545,1.8297495600188165,0.0117221251008622,7.219226543577943,1000000.0,572616.8494318661,0.143174553314121,1.318,False,0.2
fx63145,ok,,0.0628632792836575,0.7386351985391205,4.231125556676913,1.7678399999999996,0.4178179012462217,0.4178179012462217,5.931514952688613,0.9174066487096204,0.0813347773121876,1.8700320001174453,16.209830075431253,24.01137702823731,7.801546952806058,0.0628632792836575,9.007938833312084,31.29280030947072,0.5921129070569295,40.00000000285577,-0.0358300947430944,0.0119745124778405,7.171771752778009,1000000.0,865243.3425597361,16.056657199353367,0.7307129002881774,14.623111390373436,1.2030455230303512,0.0124264219751017,6.403211964344816,1000000.0,443965.2446604368,0.1446587540558079,1.5769789297658865,False,0.2
fx63158,ok,,0.0624066872613158,0.7413479118453642,4.215643175982788,1.7678399999999996,0.4193523802184385,0.4193523802184385,6.125029660269841,1.0327261919292814,0.0812692997813324,1.8633814519477063,16.085161976567896,24.073573088785444,7.988411112217547,0.0624066872613158,9.504055735904716,31.292800309328115,0.5914743919048003,40.00000000273584,-0.0170750067764863,0.0117792327592992,7.190348611206362,1000000.0,868421.037219048,17.001449570744207,0.6649251435026479,14.34588851648274,0.5900999183566186,0.0117089896919915,6.812511739764718,1000000.0,471815.1243898704,0.1581335638808837,1.5742,False,0.2
fx6617a2,ok,,0.062829603129725,0.8510974754680491,3.672033293109354,1.7678399999999994,0.481433543458712,0.481433543458712,6.877403986555482,1.4244933912381583,0.0789702128170822,1.8466786265708584,16.223497982836456,24.9475805959628,8.72408261312634,0.062829603129725,10.695747939706347,31.292800307947417,0.5339082018092262,39.94065561453413,0.9853436126832492,0.0082062042308502,7.485671768618395,1000000.0,996982.5780557872,19.306279186519017,0.4905119812186032,14.348198813645562,0.6017034902176428,0.0081642973789507,7.826089049465397,1000000.0,615094.3286194846,0.1819477004152028,1.323661872909699,False,0.2
fx6617ai,ok,,0.0633919822449026,0.8086946448613997,3.864571486231944,1.7678399999999528,0.4574478713353139,0.4574478713353139,6.715660327256875,1.336643976616426,0.0797844759030846,1.8521362023429413,16.379784066544254,24.947580596144068,8.567796529599816,0.0633919822449026,10.659891102335676,31.292800307915485,0.5619029699058441,39.86378418238736,1.1455612346158754,0.0083617682064961,7.540867694421053,1000000.0,947311.5537672552,19.1848581633305,0.513421095884119,14.07636222015112,0.7320534129155816,0.008307712599412,7.915358310336309,1000000.0,580773.7759701845,0.188339121824689,1.4455,False,0.2
fx66182,ok,,0.0630803638508885,0.8377119275437009,3.7307076130140593,1.7678399999999908,0.4738618469678847,0.4738618469678847,6.805283675594259,1.386207885127856,0.0792183648582999,1.8504855802605376,16.291811340153835,24.947580596008635,8.655769255854796,0.0630803638508885,10.62962758021905,31.292800307946337,0.5424393610159842,39.90046296949035,0.8059037525134508,0.0082689632591637,7.499823099334407,1000000.0,981302.6371994336,19.147456382272846,0.5026840571651258,14.248293745988986,0.459339221556488,0.0082132726300176,7.813211693251175,1000000.0,600440.0136351547,0.1819477004152028,1.3607909698996656,False,0.2
fx66196v,ok,,0.0631238051444369,0.8069484683616777,3.872934131623493,1.7678399999941288,0.4564601255568137,0.4564601255568137,6.792789258378193,1.3839431095965615,0.0798186918388013,1.8668614648952884,16.28792964072802,24.9475803640015,8.659650723273481,0.0631238051444369,10.598610073406554,31.29279995537724,0.5631188935349309,39.88749527105088,0.5596088830621454,0.0085595550264352,7.504750147968593,1000000.0,945266.0576173484,18.924114568228067,0.5344779014203902,14.339342513620684,0.3092253885294458,0.0085195478609023,7.7221691626991,1000000.0,571643.4194867918,0.1956807793037368,1.4507919732441472,False,0.2
fx66a175,ok,,0.0631084651132829,0.8475752866725795,3.687292816038816,1.7678399999999554,0.4794411749211472,0.4794411749211472,6.684485257345115,1.3035377775361146,0.0790346950164898,1.84813464592876,16.302244452269115,24.83486435554299,8.532619903273874,0.0631084651132829,10.527563590896476,31.292800163933784,0.5337046313152146,39.999999619835634,0.3929607468397619,0.0086535790153343,7.417733021836758,1000000.0,992856.652582164,18.98772836363692,0.4980402153114648,14.169147786448908,0.077414936010874,0.0086336792790821,7.679746790716844,1000000.0,602441.8500261847,0.1750933120408815,1.3227759197324414,False,0.2
fx66h60,ok,,0.0497046882994208,0.856757180722534,3.647775981245037,1.7678399999996812,0.4846350239403388,0.4846350239403388,5.455731171300159,0.6450237926866632,0.1062380593366725,1.8149490337627,12.480422115876204,19.751102320939065,7.270680205062859,0.0497046882994208,10.789801935251967,31.29280030662841,0.4199050002725487,33.18194412307618,3.488681771005026,0.006518947225265,8.890853460386365,1000000.0,1003612.4032667,19.81653797532607,0.3854499911613369,14.017267743641868,3.2040477657282307,0.0064292760246426,9.25034769815714,1000000.0,635549.4908402344,0.0601503778337531,0.8275,False,0.21
fx66h80,ok,,0.0581863600019657,0.8567571809301198,3.6477759803625194,1.7678399999999987,0.4846350240576751,0.4846350240576751,5.677145521863235,0.7572550438811095,0.1062380608340144,1.849130722984596,14.885620877093409,22.41189712194124,7.52627624484783,0.0581863600019657,9.806661450240268,31.29280030754988,0.476473034838522,36.60462556062454,3.0420640941458634,0.0060983780972329,8.475089627082745,1000000.0,1003612.4035392402,17.677966784327342,0.5013766360251457,13.72947040575915,3.287159839671901,0.0061475499711975,8.213775261403912,1000000.0,566961.9388401338,0.0799981946308724,1.0736939799331104,False,0.2
fx66s161,ok,,0.06425969186266,0.82289065936475,3.797902224351679,1.767839999999888,0.4654780180133961,0.4654780180133961,6.466101755304464,1.196813468684016,0.0795025463435279,1.8482768690834168,16.63320197177424,24.947580596162123,8.31437862438788,0.06425969186266,10.42892157121376,31.29280030802457,0.5522093579758476,39.73660473313958,0.7839158538782152,0.0078535454460711,7.616581295344857,1000000.0,963940.8818389432,18.80836820799759,0.5094384804854174,13.685569641224305,0.4097940982481503,0.0078092694137704,7.9655427459718595,1000000.0,579371.4483174435,0.1611274576812519,1.4033117056856188,False,0.2
fx66s171,ok,,0.0640285479921909,0.8131177515293585,3.843549424071652,1.7678399999980492,0.4599498549247985,0.4599498549247985,6.532579798918149,1.2315515026551809,0.0796950203746038,1.8687678091549056,16.546232804900527,24.947580412973583,8.401347608073054,0.0640285479921909,10.562688712829877,31.29280003878385,0.5588463986555181,39.78689348057288,0.8720540568285585,0.0081443459389189,7.576021190902854,1000000.0,952492.8090814216,18.84073676976584,0.5191657862361233,13.833830374768622,0.5229999762016904,0.0080696975522531,7.89684300107868,1000000.0,573475.8880239638,0.1710451580964548,1.4321973244147157,False,0.2
fx66s196,ok,,0.0626834997780955,0.8245197643116046,3.7903982425469063,1.767839999997708,0.4663995408592822,0.4663995408592822,6.9194240938948,1.45696124563699,0.0794707373856812,1.8551876085351957,16.172968841556067,24.947580543986064,8.774611702429995,0.0626834997780955,10.676132519295338,31.292800213080262,0.5511182923202718,39.99121199316643,0.7204504537178884,0.0086112466552239,7.457205055701835,1000000.0,965849.2258342854,19.182484959432063,0.5158499838869014,14.483148495762718,0.4151668950849169,0.008533826530224,7.730771837875968,1000000.0,592065.5269419099,0.1963062695624401,1.3985632107023411,False,0.2
fx67k150,ok,,0.0555447378553646,0.856757125897933,3.647776214670415,1.767839999999962,0.4846349929280655,0.4846349929280655,6.660907241400014,1.315029533569058,0.106237944711906,1.8594167293307216,14.608188192925583,23.12851216365632,8.520323970730736,0.0555447378553646,8.611259968788804,30.356730262738623,0.5225000124608544,37.92171167674718,1.0940226999492864e-07,0.0064400000153025,7.938344745217543,1000000.0,973591.0102707648,15.437206433167065,0.7443330061486516,17.33010053030277,1.9468262425241916,0.0067311905315929,6.156756677706402,1000000.0,495096.9777358882,0.1498019417776401,1.14,False,0.36
fx67k170,ok,,0.0622124032132919,0.8567571809510701,3.647775980273229,1.7678399999999768,0.4846350240695319,0.4846350240695319,6.943466895127557,1.4705334298405732,0.1062380609734927,1.8514526107900504,16.041213542784494,24.836133048702106,8.794919505917607,0.0622124032132919,10.14924605513992,31.292800307894318,0.5280118689833398,39.37366482264488,-0.0980287782160632,0.0068194616009142,7.7991150699196,1000000.0,1003612.4035748407,18.27258228843539,0.548378704195015,15.029421372785858,0.0808047544609727,0.0068688278300575,7.6109419562891345,1000000.0,586032.2518144655,0.17006,1.298,False,0.2
fx68h120,ok,,0.0595699600259843,0.8567571808888625,3.647775980533985,1.767839999998983,0.484635024034616,0.484635024034616,6.314123087379688,1.1126482898027723,0.1062380605020056,1.8086654699059836,15.32401792573372,23.44680648301939,8.122788557285672,0.0595699600259843,10.746592667113129,31.29280030764505,0.4984750278800142,38.41627824499512,2.6011547799564827,0.0074954316709255,7.8904925898527,1000000.0,1003612.4034945404,19.80574968288958,0.4310931691653893,14.085009653613598,2.137079834053644,0.0071050282824873,8.579427067596317,1000000.0,635203.4923956575,0.11807,1.1694505016722407,False,0.2
fx69h083,ok,,0.0541246202651185,0.8567571808377162,3.6477759807551458,1.767839999999806,0.4846350240054587,0.4846350240054587,5.852162506757692,0.8728500249023026,0.1062380602056363,1.822076779135716,13.744493729253469,21.418733015146877,7.674239285893408,0.0541246202651185,10.987769170665391,31.292800307141896,0.4553585387244452,34.67744180133522,2.104148243754763,0.005365943248218,8.939071109617766,1000000.0,1003612.4034180228,20.101182153764366,0.3954036765097236,14.00362971884847,1.5489722802970407,0.0051891956462864,9.716100990213086,1000000.0,644678.5054349608,0.0839879496402877,0.9818,False,0.2
fx69h098,ok,,0.0660214205189864,0.8379434115977555,3.7296769953005207,1.767839999999939,0.4739927887126575,0.4739927887126575,5.95941786169502,0.9505644072181796,0.0792140050923118,1.859434500844044,17.128728233685013,24.94758059622408,7.818852362539064,0.0660214205189864,10.767541164736889,31.292800308181853,0.5422895107234086,39.598706679923474,2.916233970174179,0.0070960350254296,7.750792475270845,1000000.0,981573.7995303704,19.302537339263147,0.4466895961632974,12.570354209535951,2.1796580852342373,0.0067984266499992,8.683836283877417,1000000.0,605470.4190766686,0.0988528795811518,1.360138795986622,False,0.2
fx69pr281,ok,,0.0576106141668587,0.751535126155478,4.158499259492288,1.7678399999999996,0.425114900757692,0.425114900757692,7.365937392183479,1.6488748283906125,0.0810276256004403,1.838763642901632,14.730399946743072,23.93510098182818,9.204701035085112,0.0576106141668587,10.029009831389166,31.29280030923077,0.580100768131888,40.00000000178802,-0.0815140622587094,0.0119516784760318,7.148989453402091,1000000.0,880354.4237898825,18.18071229565073,0.6609139718804454,16.820563050855533,0.7843038980998246,0.0123980795448268,6.669397212196738,1000000.0,511474.5353232552,0.2812301579541181,1.5247,False,0.2
fx71089a,ok,,0.0651166739128041,0.834599839045114,3.7446188213691487,1.767839999999999,0.4721014566053005,0.4721014566053005,5.791193777687783,0.8556813055394397,0.0792771996279634,1.8521638178989464,16.87578828001421,24.51914587560094,7.64335759558673,0.0651166739128041,11.009478085300133,31.29280030999976,0.5351117671213651,40.00000000298037,4.39931135346296,0.0094890889224618,7.323433286859529,1000000.0,977657.1112176356,19.813722700815667,0.4160830635741564,12.343268751271546,3.522990938205538,0.008651401281738,8.3206645677991,1000000.0,619025.0379080529,0.0893543936667866,1.3289,False,0.2
fx71120,ok,,0.0633993450681792,0.8174946943711495,3.822970701973875,1.7678399999999976,0.462425725388695,0.462425725388695,6.122897797509483,1.033673506783463,0.0796085535577354,1.8369268464375192,16.39711101415021,24.35693565809721,7.959824643947003,0.0633993450681792,11.10080370194975,31.29280030984984,0.5426941830409118,40.00000000297642,4.95418172734355,0.0100517587474623,7.274983976716971,1000000.0,957620.0041510088,20.14379564339269,0.4279985144353761,12.991452709088357,4.12031896312849,0.0091717644732388,8.19333500912038,1000000.0,616438.9724358084,0.11986,1.3619,False,0.2
fx711520,ok,,0.0588118756272088,0.8567571530363826,3.6477760990106542,1.7678399999724324,0.4846350082868035,0.4846350082868035,6.572675301324213,1.2377068794468995,0.1062380106197691,1.8150525593863416,15.099601261208722,23.48732912191928,8.387727860710555,0.0588118756272088,11.334918839095542,31.292800092686612,0.499336555229309,39.62440195959494,4.559233144576722,0.0104446093567738,7.211762620498708,1000000.0,1003612.363988913,20.816511677082985,0.4029739768771965,14.18466668872502,3.624964420863301,0.008992838403505,8.145000669761298,1000000.0,667620.297076663,0.1500112615777706,1.1732,False,0.2
fx711525,ok,,0.0581988569033406,0.8567571809122472,3.647775980437293,1.7678399999996783,0.4846350240476531,0.4846350240476531,6.607403125222837,1.2612198476228371,0.1062380607674563,1.8117320175153544,14.926613767543396,23.34574891028159,8.419135142738192,0.0581988569033406,11.324896805607072,31.29280030752021,0.4963265614504118,39.433012817961874,4.579633352011914,0.0100897527307025,7.304471116302629,1000000.0,1003612.4035175344,20.836225034241476,0.4037178642202524,14.278410362426648,3.642993300858728,0.0084058631779146,8.338276316457945,1000000.0,668252.5590981357,0.1500117214947301,1.1601,False,0.2
fx711530,ok,,0.058001177804329,0.8567571808863743,3.647775980548757,1.7678399999999952,0.4846350240329309,0.4846350240329309,6.602652852253944,1.257150491184245,0.1062380605375145,1.8201667960982413,14.86132527584369,23.284144924195875,8.422819648352185,0.058001177804329,11.29541339856774,31.292800307532275,0.495016871435183,39.14848029877882,4.515022096339617,0.0096218682701387,7.414785064909296,1000000.0,1003612.403487434,20.685674563417106,0.4097950333444529,14.33312665619002,3.652258893048692,0.0080617636729911,8.416772095128005,1000000.0,663424.1538732736,0.1499935611625678,1.1544,False,0.2
fx71l150,ok,,0.058001177804329,0.8567571808863743,3.647775980548757,1.7678399999999952,0.4846350240329309,0.4846350240329309,6.602652852253944,1.257150491184245,0.1062380605375145,1.8201667960982413,14.86132527584369,23.284144924195875,8.422819648352185,0.058001177804329,11.29541339856774,31.292800307532275,0.495016871435183,39.14848029877882,4.515022096339617,0.0096218682701387,7.414785064909296,1000000.0,1003612.403487434,20.685674563417106,0.4097950333444529,14.33312665619002,3.652258893048692,0.0080617636729911,8.416772095128005,1000000.0,663424.1538732736,0.1499935611625678,1.1544,False,0.2
fx72150a,ok,,0.0638232593443455,0.6783334790009046,4.607259353029561,1.7678399999999996,0.3837075069015888,0.3837075069015888,5.746519866744127,0.8308914329357678,0.0774996342591751,1.8792768932536443,16.476681298607495,24.102478058605268,7.625796759997772,0.0638232593443455,8.655461660567012,31.292800304687876,0.6471961194490277,40.00000000298551,-2.985811549086959,0.0127964001400068,7.19898201176613,1000000.0,794605.41253928,15.352468266986053,0.8507302497352152,13.963817664716226,-1.2996143779043314,0.0097060607427072,6.517574373193164,1000000.0,389839.0128721444,0.1501079271798147,1.8167107023411373,False,0.2
fx72150b,ok,,0.0654376628132828,0.6257963453525401,4.9940500432922725,1.7678399999999996,0.3539892441355214,0.3539892441355214,5.551142917661047,0.7319818042065527,0.0710956573606177,1.9205697434749744,16.8997007180742,24.37141337921022,7.471712661136022,0.0654376628132828,8.228775477483548,31.292800309261203,0.7093574821818163,40.00000000312699,-3.483208707774111,0.0130885585307838,7.279308214536785,1000000.0,733062.9824868762,14.281830527009571,1.0440605993244745,14.595416250273573,-0.9702712922751324,0.0101061047675026,5.979446246405752,1000000.0,334565.17723034444,0.1501079271798147,2.087247826086956,False,0.2
fx72ls160,ok,,0.0658935219968779,0.6914331466177368,4.519971715107573,1.7678399999999994,0.3911174917513672,0.3911174917513672,5.996202255776958,0.9790569468706832,0.0791076103089351,1.8707658214292824,17.080612519003182,24.94758059620942,7.86696807720624,0.0658935219968779,8.806039002384978,31.292800308178972,0.6571971923997245,39.93739963380621,-2.2321625451572675,0.0100783046934812,7.489571976357747,1000000.0,809950.4709424507,15.690613440252475,0.8242968955666267,14.359685112248108,-0.8131849001286365,0.0095231403887058,6.574411868567758,1000000.0,406119.6064318602,0.1600979527307569,1.8602371237458195,False,0.2
fx73170,ok,,0.0634070758325183,0.8263329937742441,3.7820809397009114,1.7678399999998755,0.4674252159552348,0.4674252159552348,6.711319319486674,1.364079120639231,0.0794356318203521,1.8479717840647965,16.388289492551202,24.94758059610267,8.55929110355147,0.0634070758325183,9.77240313559266,31.292800307945583,0.54990896662352,39.80122142322337,-0.5130640864903818,0.0078999633569072,7.599921392513305,1000000.0,967973.2606568396,17.627258922206583,0.5945925368777756,14.822187888213149,-0.1204622804585269,0.0079856138117485,7.242897639453589,1000000.0,545260.0958514493,0.1708750449055435,1.3933,False,0.2
fx73170a,ok,,0.0638522942492748,0.7915102533382778,3.948474770123168,1.7678399999999963,0.4477273131834778,0.4477273131834778,6.583271790615809,1.3026732415669673,0.0801393690756869,1.8631881196762856,16.501120685760778,24.947580596052877,8.446459910292095,0.0638522942492748,10.083525374898883,31.29280030802641,0.5741023831015684,39.44246155023763,-0.0515446725268566,0.0071370382506325,7.830135695042673,1000000.0,927181.6162993696,18.039912821847924,0.5848649947152847,14.310661152405594,0.0499242110117106,0.0071651934162436,7.735235907510672,1000000.0,534508.7484474981,0.1710803654382161,1.4985939799331105,False,0.2
fx73cl1152,ok,,0.0671448209931078,0.6562459367615248,4.762327795921571,1.7678399999999996,0.3712134224599086,0.3712134224599086,5.63632104186294,0.7574259464249974,0.0747976957637376,1.8823374284985936,17.428922125933628,24.94758059629516,7.518658470361534,0.0671448209931078,9.47863840575659,31.292800308267505,0.6924354075709951,39.70123997777859,0.733835782778157,0.0096409453805417,7.651408196058294,1000000.0,768731.8841100167,16.785227172432847,0.725313233523528,12.84085176899727,1.0306509291731076,0.0096246916932996,7.447612888907588,1000000.0,412342.1100817849,0.1521099208348326,2.0136,False,0.2
fx73cl2152,ok,,0.0676202705064984,0.6180256181689723,5.05684258665396,1.7678399999999994,0.3495936386601573,0.3495936386601573,5.499578865493274,0.6899211866534763,0.0701041554777114,1.8847981306248849,17.563203600209597,24.947580596327757,7.384376996118158,0.0676202705064984,8.490260663687984,31.292800308300524,0.7352574219077788,39.62437306392689,-1.781025206961688,0.0098325476272581,7.716390094737286,1000000.0,723960.2887727134,15.015331572711768,0.9452438220261448,13.803501568741444,0.0284743432736201,0.0100800795744085,6.512558578572569,1000000.0,347380.3454564919,0.1521027240014393,2.19996889632107,False,0.2
fx73cl3152,ok,,0.0675474694165826,0.6238486972742991,5.009641407050752,1.7678399999999996,0.3528875335292217,0.3528875335292217,5.52051690243742,0.7002695402949699,0.0708580031447676,1.8836861625964372,17.543377531287504,24.94758059632136,7.404203065033857,0.0675474694165826,8.652462094074112,31.29280030829528,0.7283944403079332,39.74074069315557,-1.2121345659292515,0.0103027251430341,7.625596863295667,1000000.0,730781.491497372,15.311223751745215,0.9029954463578574,13.53509083191086,0.4427530556324183,0.0102222510451377,6.660333898496605,1000000.0,357563.36344830954,0.152105527168046,2.1701,False,0.2
fx73k170,ok,,0.0639796519997063,0.7941145013145195,3.935525998362486,1.7678399999999863,0.4492004374346805,0.4492004374346805,6.546642925768954,1.2684393942938157,0.0800846018333083,1.8570771928307428,16.543860477471583,24.94758059607128,8.403720118599697,0.0639796519997063,9.694861670867285,31.29280030803433,0.5722196508672779,39.3730775782642,-0.3704229482447197,0.0069554637539971,7.864177398125843,1000000.0,930232.2537836758,17.40164905062348,0.6233241589441251,14.564294357187928,0.0878021777860451,0.0070097854409312,7.433543239718508,1000000.0,517293.9160627927,0.1707638512241054,1.4904,False,0.2
fx74080,ok,,0.052613070688935,0.8567571808073391,3.6477759808852808,1.76784,0.4846350239882224,0.4846350239882224,5.792980717614733,0.8505070509595575,0.1062380599838841,1.8306268912599672,13.301212750933727,20.92482035980843,7.6236076088747,0.052613070688935,9.963365139223788,31.292800306980272,0.4448580415943392,35.602105361933255,-1.0619549544722688,0.006810800270935,8.55546411904738,1000000.0,1003612.4033771452,18.14199129779397,0.482213307208732,14.42251491014726,-0.6482299363812005,0.0062052682213576,8.386125052136899,1000000.0,581843.9803984188,0.0814970761670761,0.9361,False,0.2
fx74130wp1,ok,,0.0649819304047805,0.8167435179103726,3.8264867697951264,1.7678399999999914,0.4620008133713326,0.4620008133713326,6.2583815508403084,1.1355876377794023,0.0796234455396062,1.8666011121486623,16.822597933148575,24.947580596137545,8.124982662988971,0.0649819304047805,9.68015004811711,31.292800308110984,0.5563655085411712,39.53784794339551,0.224758222221539,0.0072022639671614,7.767664944959962,1000000.0,956740.0698176138,17.286589307725198,0.5937784557114762,13.987428091838066,0.5593501663823085,0.0072485765146272,7.452699398816132,1000000.0,528516.8632509577,0.1300941277641277,1.4214,False,0.2
fx74130wp2,ok,,0.0646238418147338,0.8476545172463649,3.6869481634480903,1.7678399999999896,0.4794859926499965,0.4794859926499965,6.361370010722524,1.1854344408648068,0.0790332918966899,1.850139701015066,16.736070884376566,24.94758059611416,8.211509711737591,0.0646238418147338,10.030737571446142,31.29280030808117,0.536076801863173,39.73505157382659,0.5256476959009766,0.007473633498178,7.649288669666465,1000000.0,992949.4685009872,18.072036336756717,0.5290494481294724,13.783040925370164,0.4629788760324317,0.007461467032604,7.709668871274884,1000000.0,573442.4116297135,0.1298951535626535,1.3331,False,0.2
fx74130wp2mod,ok,,0.0646614744912438,0.8496574816107879,3.678256630748473,1.76783999999998,0.4806189935801868,0.4806189935801868,6.350546623714008,1.1769909464172292,0.0789965321545013,1.8925523804414448,16.704481591966253,24.947580596121703,8.243099004155454,0.0646614744912438,9.825556329027506,31.29280030808326,0.5348130658825134,39.37483542884984,0.537771574609163,0.0062497561676594,7.922665026263473,1000000.0,995295.7574202064,17.305652814984278,0.5777992510961294,14.266219904456982,0.9224400763340632,0.006249463485483,7.533131394390888,1000000.0,550421.9071660294,0.1290727500774233,1.3276,False,0.2
fx74cl6140,ok,,0.0674753124360386,0.6477811182930413,4.824559063770369,1.7678399999999994,0.3664251958848321,0.3664251958848321,5.541269689605088,0.7183588645621918,0.0737658808480971,1.8806521281025448,17.52565877860984,24.94758059631748,7.421921817707633,0.0674753124360386,8.96812148338501,31.292800308290328,0.7014837417389116,39.79013804262349,-0.7904604444009152,0.010153308137093,7.587454567433399,1000000.0,758816.1261829275,15.895410869053627,0.8088181565314723,13.048573762574582,0.1197841169552343,0.0096607965513255,7.018825492812889,1000000.0,385446.3001365141,0.1404979882429784,2.052979933110368,False,0.2
fx74modsm,failed,Maximum_Iterations_Exceeded,,,,,,,,,,,,,,,,,,,,,,,,,,,,,,,,,,,1.4
fx75141,ok,,0.065171956310477,0.7892655762169296,3.9597042614981466,1.7678399999999903,0.4464575845194892,0.4464575845194892,6.203728942778414,1.0815493625002683,0.080186859170455,1.8613163533750483,16.88253530000326,24.947580596156723,8.065045296153462,0.065171956310477,9.818740292089998,31.2928003081254,0.5757351345131002,39.28936831800945,0.417057822055257,0.0062509297492945,8.028065113230124,1000000.0,924552.1830730191,17.5838643697619,0.5894694695766591,13.73845716954266,0.5393356801271674,0.0062576119862122,7.903062397633824,1000000.0,519518.8679135867,0.1413341584158415,1.5057,False,0.21
fx75193,ok,,0.0583792303530253,0.8567571808645023,3.647775980641871,1.7678399999999928,0.4846350240205594,0.4846350240205594,7.22020119995696,1.6182367403745548,0.1062380603857207,1.8471022111979392,14.943120076776076,24.01042348793097,9.0673034111549,0.0583792303530253,10.243218696663202,31.292800307566804,0.5104574273953971,39.38318067766268,-0.5538145370296168,0.0087645789454257,7.500468490739508,1000000.0,1003612.4034629216,18.485204616839543,0.5524311874451183,16.111961410972512,-0.2009013661255998,0.0087894587936423,7.19708091344346,1000000.0,592851.4051688828,0.1926902508516568,1.2216,False,0.2
fx75vg166,ok,,0.0574969706129101,0.8567571808595226,3.6477759806630736,1.767839999999993,0.4846350240177425,0.4846350240177425,6.931397095741586,1.4692015572271226,0.1062380603501108,1.8304541042890712,14.706024907863098,23.46787610789376,8.761851200030657,0.0574969706129101,10.624828057758858,31.29280030748479,0.4989229644626339,39.37593063881737,1.748777434394707,0.0098839635108684,7.333022686778116,1000000.0,1003612.4034544578,19.34825540988808,0.4872600603900274,15.57730451726178,1.650525216148929,0.0099119186067556,7.398041163900991,1000000.0,620530.8864583764,0.1671631155156395,1.1714,False,0.2
fx76100,ok,,0.0647219170355028,0.8567571810124588,3.647775980011912,1.76783999999999,0.4846350241042536,0.4846350241042536,6.069149511774168,0.9811911044723076,0.1062380613559414,1.854741162045495,16.75967645429469,24.683567128114355,7.923890673819663,0.0647219170355028,11.204641392246746,31.292800308089973,0.5247683440025552,39.7325281199401,4.506285118209374,0.0080422380368153,7.552264408894832,1000000.0,1003612.4036530196,20.136936304164664,0.4068180810671147,12.620465104853682,3.647429920250762,0.0071299917083002,8.776529356380168,1000000.0,645825.2009234771,0.1006462281879194,1.2838836120401338,False,0.2
fx76120,ok,,0.0650065486434798,0.8442890856838109,3.7016447548513622,1.767839999999924,0.4775822957302964,0.4775822957302964,6.251301195443337,1.1017337268959724,0.0790954460298122,1.8468559908969029,16.849423409864542,24.94758059620478,8.09815718634024,0.0650065486434798,11.220392767047375,31.29280030803836,0.5382136644875557,39.88777925935883,4.951083162740516,0.0081384310230772,7.513667753122647,1000000.0,989007.1743063123,20.251340336139457,0.4171514912084785,12.723034183905408,4.077707392472147,0.0073950941666893,8.68284853542514,1000000.0,640042.4597544196,0.1206831677852349,1.3424,False,0.2
fx76mp120,ok,,0.0666103676037625,0.7245267019900222,4.3135170270688485,1.7678399999999994,0.4098372601536465,0.4098372601536465,5.790033092393319,0.8692508083478087,0.0816832025556443,1.882744001473628,17.274803502390842,24.94758059625779,7.672777093866947,0.0666103676037625,8.39999369619722,31.29280030823011,0.6271789865585087,39.638573016118,-2.9813920940207623,0.0085115187477674,7.69286127251089,1000000.0,848716.533707909,14.871899188316853,0.8540270723922737,14.585118438600729,-0.9421173786200782,0.0077464002179542,6.3215463522742965,1000000.0,403352.4198677134,0.1211131012456084,1.7295926421404682,False,0.2
fx76mp140,ok,,0.0660664691021114,0.712216580797544,4.3880728838134,1.7678399999999996,0.4028738917535208,0.4028738917535208,5.946461614762631,0.9511993767902636,0.0815244321508924,1.866022228113637,17.135096753346026,24.94758059622229,7.812483842876269,0.0660664691021114,8.554846622349862,31.292800308191428,0.638019297697749,39.61866127342671,-2.358173631557968,0.0084190885776975,7.737557990393783,1000000.0,834296.3565632225,15.2817876326478,0.8377897639267818,14.597604873459211,-0.5527554878194053,0.007759219656251,6.511502327987942,1000000.0,407427.2554110015,0.1410714915362504,1.7767715719063544,False,0.2
fx76mp160,ok,,0.0651858260058536,0.7230413696782926,4.322378216049435,1.7678399999999994,0.4089970640319785,0.4089970640319785,6.199739933898024,1.0817367631177053,0.0817206690012444,1.8737469982905648,16.87409366396908,24.947580596157668,8.073486932188588,0.0651858260058536,8.96311336362295,31.292800308127443,0.6284673903127032,39.50407921354719,-1.6490283005210626,0.0081043400054118,7.773679071132835,1000000.0,846976.6032269947,15.945079337107366,0.7833411638233887,14.71457895519208,-0.2503845909466716,0.0076873613532758,6.76495936689959,1000000.0,431572.4065008192,0.1614394155221973,1.7352,False,0.2
fx77080,ok,,0.0611410762266032,0.8567571809718282,3.6477759801849343,1.7678399999999976,0.4846350240812683,0.4846350240812683,5.793940548242428,0.833818782968715,0.1062380611047696,1.8377568694168545,15.746789116456458,23.37848653411574,7.631697417659282,0.0611410762266032,10.95715547186566,31.292800307809657,0.4970225575954983,38.46965378196016,3.887888936386272,0.0077161703338897,7.847490338828809,1000000.0,1003612.40359643,19.87414776170857,0.4022468750261204,13.26539752434958,3.224531472608698,0.0071951257378907,8.78919765965163,1000000.0,637397.1331540148,0.0804646979865771,1.1631290969899666,False,0.21
fx77w121,ok,,0.0655300299677374,0.8437609352038044,3.7039617920271626,1.7678399999999994,0.4772835410465905,0.4772835410465905,6.100744777648705,1.0048039308144334,0.0791052487046761,1.8540034693156269,16.992832349209227,24.94758059617356,7.954748246964332,0.0655300299677374,10.521178828036884,31.29280030815266,0.5385505582569274,39.82185105531861,1.4756708229398998,0.0079440977276298,7.555712918183446,1000000.0,988388.494496654,18.91614372566519,0.4699461900073438,13.058400725040126,1.1116961183898495,0.0082084171456755,8.020513829888678,1000000.0,597469.6618577016,0.1209962377531025,1.343866220735786,False,0.2
fx77w153,ok,,0.0652653281334239,0.7671755128505966,4.0737200461306,1.7678399999999996,0.4339620739719639,0.4339620739719639,6.17687463769838,1.047741200765854,0.0806690712890577,1.8517405556063191,16.918965402854933,24.947580596159632,8.028615193304699,0.0652653281334239,10.733835083610284,31.292800308133288,0.5923128607184815,39.67750624328323,2.7101902245208462,0.0082458821751076,7.651612366671562,1000000.0,898675.7012843647,19.32206440603965,0.4999714179602176,12.96684464780876,2.1671930982232825,0.0080906754685258,8.390745572022059,1000000.0,554896.6410604746,0.1524593422818791,1.5778491638795986,False,0.2
fx77w258,ok,,0.0612817826190012,0.7005514079171044,4.461140510575933,1.76784,0.3962753461382842,0.3962753461382842,6.896691390905791,1.4188793445953485,0.0802312260629304,1.8461668333600043,15.778847167128935,24.52170539139473,8.742858224265795,0.0612817826190012,10.46075839046344,31.29280030958903,0.6375703624278013,40.0000000022647,1.4720647097433774,0.0112980707298673,7.324197769169776,1000000.0,820631.677209887,18.8873475597092,0.6239902433738354,14.877239494043708,1.3640490368801164,0.0112503380816868,7.4074735829786365,1000000.0,495307.4046626855,0.2612412475506205,1.7748177257525084,False,0.2
fx77w270,ok,,0.0596535415871432,0.6496738741799805,4.810503222935824,1.7678399999999996,0.3674958560616235,0.3674958560616235,6.747207043872569,1.3515725415994664,0.073996418729427,1.8447543429494964,15.311967617989705,23.90392900481177,8.591961386822065,0.0596535415871432,10.323093142996944,31.292800309208907,0.6701798225547217,40.00000000228793,1.3938195644241544,0.0139117419257167,7.139678937337959,1000000.0,761033.3160080846,18.65305839130827,0.6779585299777022,15.12846871026864,1.4538092453747211,0.0139260997618826,7.103678315677483,1000000.0,453637.8573013887,0.2711557234110507,1.9167397993311035,False,0.2
fx77w270s,ok,,0.0597383244092521,0.6751675416175565,4.628863316077889,1.7678399999999996,0.3819166562684161,0.3819166562684161,6.903328052797841,1.4334221973103554,0.077111503577046,1.839359788279206,15.341746228756287,24.084434069833332,8.742687841077046,0.0597383244092521,10.576342422590056,31.29280030925721,0.649744109044259,40.00000000219646,2.7915096638766115,0.0129047550562174,7.193592593622516,1000000.0,790896.8075830038,19.1667095076319,0.6287016687483525,15.1362332935232,2.6213355655853667,0.0128757442983589,7.297446658850297,1000000.0,484420.9917823331,0.2710560715426381,1.8278,False,0.2
fx77w343,ok,,0.0562838665736409,0.6607490256507085,4.729871924551429,1.7678399999999994,0.3737606489561887,0.3737606489561887,7.416561345962768,1.6906639151711065,0.0753474324397485,1.8277516243907688,14.359831275215344,23.60414424556888,9.244312970353535,0.0562838665736409,10.385050894371195,31.292800309000683,0.6506825934509823,40.0000000017164,0.9088505716268368,0.014487836867953,7.050138555796058,1000000.0,774006.8394645303,18.939573546328667,0.695671216689089,16.741753705790572,1.2510810040090965,0.0147971382230237,6.822274881230715,1000000.0,468457.8981953059,0.3436566368572341,1.8318844481605352,False,0.2
fx78k140,ok,,0.0604141923009617,0.8567571809311971,3.647775980357928,1.767839999999998,0.4846350240582848,0.4846350240582848,6.583056708671149,1.2784539003195634,0.1062380608407306,1.8606448475530613,15.514844893262111,23.958546449486327,8.44370155622421,0.0604141923009617,9.0216802919653,31.29280030774816,0.5093545305351044,38.476384738775415,1.3465963516784112,0.0064393748384831,8.060908791596866,1000000.0,1003612.4035468618,16.16228249009071,0.672939549248674,16.157040366573426,2.531271548080401,0.0066283010110985,6.658142897829018,1000000.0,518351.4104574089,0.1408986218643542,1.2168,False,0.2
fx78k140a20,ok,,0.058289390339267,0.8567571808927058,3.647775980521778,1.76783999999999,0.4846350240365139,0.4846350240365139,6.582445928682237,1.2780467139421592,0.1062380605800148,1.83886785614248,14.925515896585717,23.34682968141043,8.421313784824717,0.058289390339267,10.5682527439619,31.29280030755864,0.4963495384667259,38.22126312622882,0.8660283863431895,0.0074058444672881,7.930815686421539,1000000.0,1003612.403495699,19.15717272933296,0.4777113770565321,14.854769636482043,0.6845609276567816,0.0073386991065247,8.10639536980891,1000000.0,614402.5455728889,0.1408986218643542,1.1602,False,0.2
fx78k150,ok,,0.0627824256778298,0.8567571809782124,3.647775980157396,1.7678399999999113,0.4846350240849033,0.4846350240849033,6.703870945514911,1.3444663454801768,0.1062380611805442,1.8492791702973173,16.207328916557042,24.760479032369272,8.553150115812228,0.0627824256778298,10.45851559113309,31.292800307928943,0.5264034777364163,39.54245887417464,1.4373608310000971,0.0074102105565742,7.678652602306034,1000000.0,1003612.4036077833,18.851517497763965,0.501051109369377,14.298301445417286,1.200495344174226,0.00737396604631,7.899213801405371,1000000.0,604599.6715350284,0.1510110065035614,1.291,False,0.2
fx78k161,ok,,0.0536040285078528,0.8567571807440937,3.6477759811536328,1.7678399999997756,0.4846350239525084,0.4846350239525084,6.843808998388893,1.4158996385124731,0.106238059464888,1.81696723420453,13.599877913446528,22.26065414603995,8.660776232593422,0.0536040285078528,10.89687643768204,31.292800307083617,0.4732576355925615,36.95519188274999,2.615682566261634,0.0074600499825585,8.110449919687664,1000000.0,1003612.4033065006,19.99096118804935,0.4511677318814786,15.75196087588083,2.416823225497035,0.0074172436486646,8.307855747184174,1000000.0,641143.5347894887,0.161496183301946,1.0597,False,0.2
fx78pk188,ok,,0.0538399707156024,0.8567571803024281,3.647775983010839,1.767839999994141,0.4846350237042195,0.4846350237042195,7.208259239695211,1.626123481036282,0.1062380558840838,1.813621915949144,13.671081648002716,22.69296280364707,9.021881155644357,0.0538399707156024,10.743552123118288,31.292800307037822,0.4824484427145629,37.90854950385196,1.721716767826829,0.0083096891251797,7.81240492390051,1000000.0,1003612.4027908602,19.74603421775066,0.4817102598754121,16.375497893214217,1.715387005460704,0.0083096749902791,7.817927119988122,1000000.0,633288.317198327,0.1881109213759214,1.0997,False,0.2
fx79k144,ok,,0.0640409812869847,0.8371413622035965,3.733250328682126,1.767839999999994,0.4735390998074482,0.4735390998074482,6.529004249133821,1.2746072587479007,0.0792291191421896,1.846387447935868,16.57218889899363,24.94758059606332,8.375391697069688,0.0640409812869847,10.412204928497538,31.292800308040484,0.5428090681058694,39.47999505996235,1.9282859115383395,0.0068496727357906,7.807237147638296,1000000.0,980634.2722734252,18.79743593386039,0.5050279541301894,13.87363139724822,1.6025842208211616,0.0069406461251645,8.118461607719055,1000000.0,589062.3314677009,0.1438706410653453,1.3624,False,0.2
fx79l100,ok,,0.0631835814813004,0.8567571396260109,3.647776155979496,1.767839999941442,0.4846350007095609,0.4846350007095609,5.980721310769569,0.9273289036039032,0.1062380265655747,1.832117875711452,16.339865267487944,24.152704453968965,7.812839186481021,0.0631835814813004,11.360161204974796,31.29279995752769,0.5134823321957739,39.3886906700326,4.580382711282998,0.0082343418673715,7.596243457066755,1000000.0,1003612.3439627148,20.66854131963424,0.3807481622744649,12.752841266280118,3.6982151355923856,0.0069738362479223,9.052663834601535,1000000.0,662874.630210213,0.1006425231555413,1.234764882943144,False,0.2
fx79l120,ok,,0.064750039976494,0.8432193113227205,3.7063409526254,1.767839999999996,0.4769771649712205,0.4769771649712205,6.144547126125796,1.0372377416366234,0.0791152962974194,1.842158950484818,16.780346993869667,24.767053070480284,7.986706076610615,0.064750039976494,11.274194535723362,31.292800309998555,0.5349968820660802,40.00000000320305,5.1678623604436895,0.008848050871642,7.397478761900133,1000000.0,987754.0318889314,20.400328887211803,0.4059374672101924,12.299672890904327,3.816700525981392,0.0071391443034151,8.877305300196905,1000000.0,643934.2887368659,0.1206588438198658,1.3284,False,0.2
fx79w151a,ok,,0.063374004701353,0.8567244639650632,3.647915283212276,1.7678399999999996,0.4846165173121229,0.4846165173121229,6.72083077367552,1.330980795235786,0.1059274670108921,1.84241932031688,16.384330497485433,24.947580591477838,8.563250093992401,0.063374004701353,10.750384325629602,31.292800307989797,0.5304014787969462,39.34373832384048,1.8478694187598008,0.0064082561851652,7.873258934747131,1000000.0,1003574.0786315756,19.44976044465388,0.4712759353267525,13.942231873746342,1.5102456962488158,0.0062709261771476,8.474855045378645,1000000.0,623762.5021006718,0.1516172341105078,1.3084,False,0.2
fx79w660a,failed,Infeasible_Problem_Detected,,,,,,,,,,,,,,,,,,,,,,,,,,,,,,,,,,,0.41
fx80080,ok,,0.0629791067155133,0.8567571809974539,3.647775980075818,1.767839999999995,0.4846350240957645,0.4846350240957645,5.80546989890293,0.8524795140248212,0.1062380612652489,1.8512541373755045,16.261920614053228,23.918644650331665,7.656724036278435,0.0629791067155133,10.509735407921312,31.29280030795877,0.5085062251788101,37.86523775879299,1.577409668439773,0.0050181074991284,8.449999457065427,1000000.0,1003612.4036312322,18.92363163568817,0.4451256164217541,12.973297609603591,0.9314964384770046,0.0048107902404459,9.265129425250231,1000000.0,606912.4924717827,0.0805906472592133,1.213108026755853,False,0.2
fx83w108,ok,,0.0666226461734535,0.7698181217489576,4.059735900344476,1.7678399999999994,0.4354568975410432,0.4354568975410432,5.786501700949148,0.8587822008772406,0.0806099272709986,1.862154072700298,17.2989248226061,24.94758059625555,7.6486557736494465,0.0666226461734535,9.556426067719167,31.29280030823097,0.5902795866330606,39.31539183686502,0.3730361235526718,0.0061676211651804,8.081088816647709,1000000.0,901771.2750707206,17.10640060672934,0.6056002212858248,13.077317763204428,0.5152486071438265,0.0061592305920457,7.945415383601838,1000000.0,492958.7807756322,0.1086585564990202,1.569,False,0.2
fx83w160,ok,,0.0641313012914896,0.7947208173972503,3.932523468852084,1.7678399999999994,0.4495434074335067,0.4495434074335067,6.503027665633239,1.243640309218468,0.0800719084429765,1.8619192315144928,16.582633698922862,24.947580596070598,8.364946897147732,0.0641313012914896,9.83973910906263,31.292800308048506,0.5717830875234317,39.2405148168168,0.0943135801641134,0.0066003858019717,7.940576517057414,1000000.0,930942.4974268026,17.615764319090875,0.604995208391286,14.32969004103482,0.4069100590316386,0.0066347601539888,7.647853279572307,1000000.0,524058.6802031434,0.160498304056212,1.4885,False,0.2
fx83w227,ok,,0.060400689256606,0.8174109316069121,3.823362454250741,1.7678399999999967,0.4623783439716907,0.4623783439716907,7.476748732041822,1.7675068402432597,0.0796102275547424,1.7910039700389375,15.580602211853847,24.84835491393461,9.26775270208076,0.060400689256606,10.91515387823279,31.29280030974222,0.5537001746543473,40.0000000019471,3.979235144071037,0.0089421312764352,7.421762178825167,1000000.0,957521.8837572244,20.31477700185386,0.4900226948890341,15.088757153891718,3.141520738981842,0.0085897290746715,7.954376574023962,1000000.0,621607.633397616,0.2264398818268923,1.4098,False,0.2
fx84w097,ok,,0.066297024138674,0.8410532568881449,3.715886289012447,1.7678399999999777,0.4757519101774796,0.4757519101774796,5.880152581759448,0.9012588386320242,0.0791556808870396,1.86349111451305,17.203936899961878,24.94758059623437,7.743643696272498,0.066297024138674,10.60254707105004,31.29280030820649,0.5402843624554214,39.02915138135703,2.483093216747953,0.0052585138369216,8.175669642576723,1000000.0,985216.6978645796,18.96538346489621,0.4565674291704251,12.552384218517032,1.8144681388526147,0.0051013390478227,9.152600692103364,1000000.0,597102.6014607078,0.0973909079033311,1.3514120401337792,False,0.2
fx84w127,ok,,0.0653061987341076,0.8122485437702269,3.847662503761418,1.7678399999998635,0.4594581770806689,0.4594581770806689,6.165120003997192,1.0604151585566546,0.0797129899217879,1.8827080268168677,16.89975256538511,24.94758059619917,8.04782803081406,0.0653061987341076,10.39212580177519,31.292800308123137,0.559444428894812,39.24629199070806,1.5215335704206776,0.0057426462491254,8.105157505786494,1000000.0,951474.6201654192,18.399251952953048,0.5220303235943355,13.38928389166977,1.1749935042520605,0.0057003274419588,8.488297062116178,1000000.0,559439.2668884749,0.127535860747365,1.4348,False,0.2
fx84w140,ok,,0.0647736438414596,0.8087277149933689,3.864413457903305,1.7678399999999328,0.4574665778539911,0.4574665778539911,6.318286035314628,1.1445100137118005,0.07978382472728,1.884550828722304,16.74474373213016,24.947580596167093,8.202836864036932,0.0647736438414596,10.249417243671267,31.29280030807893,0.5618799928163353,39.336933701131066,0.9037106922269784,0.0060164191816257,8.047400435787862,1000000.0,947350.292396611,18.128841963224755,0.550462755363569,13.828862701455389,0.8020725323527649,0.0060099463107886,8.156970020283518,1000000.0,548827.9593258064,0.1408186809326093,1.4454,False,0.2
fx84w150,ok,,0.0643322410063222,0.8121151257175501,3.848294615666133,1.767839999999964,0.4593827075513432,0.4593827075513432,6.445236179625792,1.212183489910781,0.0797156535238754,1.8887507290424148,16.613593687478296,24.9475805961465,8.333986908668207,0.0643322410063222,10.293545748185052,31.29280030804749,0.5595363370305593,39.40114610947054,0.7991593498567556,0.0062039229216298,7.998487245423184,1000000.0,951318.3331595766,18.166409485921275,0.5546299705074342,14.094383446913776,0.7557688659533395,0.0062004907074317,8.044690407811713,1000000.0,552268.8356911468,0.149888304056212,1.4352,False,0.2
fx84w175,ok,,0.0631255481870597,0.8159347941018386,3.830279439228592,1.7678399999998549,0.46154334900325,0.46154334900325,6.792288385330245,1.397909222727273,0.0796394767660184,1.8777348846860704,16.27755732607577,24.947580596092084,8.670023270016316,0.0631255481870597,10.30977859101343,31.29280030793276,0.5569169570630204,39.44217747572903,0.5843901401337481,0.0067114194916383,7.8770883816091315,1000000.0,955792.724095905,18.301800172635613,0.565826794325915,14.705415518783894,0.6630319371429931,0.0067201675330825,7.79743645887894,1000000.0,559001.663984283,0.1760883040562121,1.4238,False,0.2
fx84w218,ok,,0.0607088422919247,0.8421319850233386,3.7111264281374847,1.767839999999998,0.4763621057467529,0.4763621057467529,7.487347722611227,1.762466727595421,0.079135550052775,1.8273563618770376,15.632876511294738,24.947580595783,9.314704084488264,0.0607088422919247,10.649660592594891,31.29280030776982,0.5395922857398237,39.72770585163577,1.783942148661581,0.0076587307094663,7.619888531033723,1000000.0,986480.3288546004,19.426352397689406,0.5227724501947775,15.519993299284735,1.6314160612048996,0.0076299740866136,7.761991994919919,1000000.0,612400.1148264052,0.2196263142765889,1.3484,False,0.2
fxl142k,ok,,0.0639872739524049,0.8437791111374313,3.7038820046008096,1.7678399999999996,0.4772938224824823,0.4772938224824823,6.368657326921092,1.1476134760931038,0.0791049112580268,1.8430083887077604,16.560121400382677,24.771787116011527,8.211665715628852,0.0639872739524049,11.206721846324076,31.292800310142663,0.5347441348220588,40.00000000262453,4.8793290494825765,0.0088317453600758,7.398892737387159,1000000.0,988409.7859975516,20.26889281493677,0.4225214432785447,12.836831419331462,3.7712262350201744,0.0074895809879443,8.61003062842639,1000000.0,640210.2659737206,0.1419819010416666,1.3273,False,0.2
fxlv152,ok,,0.0626769480434241,0.8433598488889198,3.705723327613182,1.7678399999999994,0.4770566617391393,0.4770566617391393,6.528942976507699,1.2405340913038505,0.0791126988043356,1.8419686509683848,16.1843034244022,24.555215051878285,8.370911627476083,0.0626769480434241,11.240551722342229,31.29280031013961,0.5303325473928646,40.00000000249064,4.638516143095321,0.0093117238868942,7.334206509345568,1000000.0,987918.6587535376,20.341554521811386,0.4278562454027172,13.219216389637989,3.659704358538203,0.0077772336787532,8.472823319443094,1000000.0,642186.0958745308,0.1528,1.3081,False,0.2
fxm2,ok,,0.0688031418276201,0.6662733623784852,4.690654680300209,1.7678399999999996,0.376885556599288,0.376885556599288,5.158156932715695,0.5317798164574987,0.0760226292459165,1.8966672033926584,17.891535524250383,24.946359660358738,7.054824136108353,0.0688031418276201,7.956248752764504,31.292800309931764,0.6819808648355407,40.00000000338741,1.0928606818878044,0.0106955647836182,7.45103445458529,1000000.0,780478.0929362058,13.982858525967345,0.9659355050857727,13.798105404342362,3.6298762656966255,0.0104045336096032,5.9806132764607005,1000000.0,348748.4228977766,0.0838222222222222,1.9681,False,0.21
fxs02196,ok,,0.0566381245064829,0.7932545634039136,3.939792356427532,1.7678399999999994,0.4487140031925479,0.4487140031925479,6.720825713125455,1.3422023173859452,0.0801026504471956,1.8360596712828068,14.453409968038171,23.010295352446438,8.556885384408261,0.0566381245064829,10.250030784174191,31.292800308727266,0.5283565240854318,40.00000000214151,0.6794262163078654,0.0133779918628313,6.872766440952487,1000000.0,929224.9154678056,18.608746662742835,0.5556165922731796,15.745401400215622,0.9387170522537562,0.0134790426654571,6.744210307018457,1000000.0,552577.9372268748,0.1958599583733589,1.2995,False,0.2
fxs03182,ok,,0.0623163009908065,0.855797634079465,3.651865979930719,1.767839999999999,0.4840922448182332,0.4840922448182332,7.025032803937503,1.515860704456257,0.0973970442669758,1.8473493903064195,16.075198397005963,24.947580591249885,8.872382194243922,0.0623163009908065,10.291991216543073,31.292800307905445,0.530975904245951,39.72761415467844,0.4542875630595033,0.0075559359841956,7.615625723802872,1000000.0,1002488.3824831347,18.5707357625438,0.5361882056179561,14.967085437235257,0.4994894290514375,0.0075593986884923,7.572612021134578,1000000.0,594927.48085607,0.1820824550526968,1.3109,False,0.2
fxs21158,ok,,0.064031218333832,0.8567571809896798,3.647775980108936,1.7678399999999996,0.4846350240913657,0.4846350240913657,6.520981177308582,1.1885288265739336,0.1062380612194398,1.8557779497799043,16.55999051234809,24.936749639436574,8.376759127088487,0.064031218333832,10.27494134525974,31.29280030804088,0.5301509601737262,39.89917109393369,0.649946778153442,0.0080703118519459,7.504741288910221,1000000.0,1003612.403624756,18.455766482332205,0.5119887517541734,13.952153484660872,0.4916430562511781,0.0080438041734902,7.650895553851542,1000000.0,591907.2750836932,0.15777013671875,1.3073096989966555,False,0.2
geminism,ok,,0.063249374863934,0.8549836806504516,3.655342594635501,1.7678399999999526,0.4836318222522822,0.4836318222522822,6.756675065301412,1.3691271610356248,0.0903166775199969,1.8304965402282072,16.3604089771639,24.94758058269352,8.587171605529619,0.063249374863934,10.782973190616824,31.29280030788785,0.5314813986919211,39.30857091285806,3.099511674302325,0.0065686840005988,7.839029614453253,1000000.0,1001534.9107458524,19.63578907624797,0.4646242978344607,13.87529202131128,2.5981678534517885,0.006392531259663,8.51587796984947,1000000.0,628448.9744098514,0.1537638970792767,1.3131,False,0.2
giiia,ok,,0.0592497893756307,0.8567571702220009,3.6477760253698985,1.7678399998584635,0.4846350180392991,0.4846350180392991,6.249089014565018,1.0924547042217851,0.1062380371102407,1.8183387704792957,15.222261641409151,23.289689426453467,8.067427785044313,0.0592497893756307,11.103608174867444,31.292800223673662,0.495134755414807,38.77610433307738,4.620995205423319,0.0086820671943436,7.628746384690978,1000000.0,1003612.388385962,20.35485787931704,0.405366175800714,14.152602077514793,3.959471119938099,0.0082298376771972,8.388509475029263,1000000.0,652814.3018681876,0.1100780837815907,1.1549130434782608,False,0.2
giiib,ok,,0.0594268976992919,0.856757180931427,3.647775980356888,1.7678399999999832,0.4846350240584188,0.4846350240584188,6.153865618792833,1.0396102498719444,0.1062380608415877,1.8196757066912468,15.271862092266495,23.245403417750577,7.97354132548408,0.0594268976992919,11.28360812414186,31.29280030766118,0.4941932337161455,38.473564101569465,4.445876131381148,0.0077489446673967,7.86218969230684,1000000.0,1003612.40354435,20.66963192516516,0.3885387399606882,13.84091689178323,3.563599834655919,0.0067141374073422,9.098840050400714,1000000.0,662909.6396883779,0.1044486726088338,1.1508153846153846,False,0.2
giiic,ok,,0.0591175283560157,0.8567571809292439,3.64777598036623,1.7678399999999943,0.4846350240571808,0.4846350240571808,6.071729583882059,0.994831948294638,0.1062380608264935,1.821449785210068,15.18111150599981,23.07429087509194,7.893179369092127,0.0591175283560157,11.194366973676305,31.29280030763421,0.4905554108219808,37.78425994867492,4.239097538468482,0.0070323250933527,8.077773133194178,1000000.0,1003612.4035409212,20.486184621673512,0.3915420156763528,13.609113637793577,3.407191847044311,0.0059583784747285,9.401944408405331,1000000.0,657026.1780798485,0.0992940348443481,1.1349829431438128,False,0.2
giiid,ok,,0.059226036853007,0.8567571807655963,3.647775981022507,1.7678399999901857,0.4846350239673005,0.4846350239673005,6.038269965171657,0.9769651564996488,0.1062380605456924,1.831088382071108,15.202680614420952,23.07203896166372,7.869358347242764,0.059226036853007,11.219465491959452,31.292800306663565,0.4905075356572949,37.69451285864231,4.10710299816204,0.0068109939793601,8.13752071648293,1000000.0,1003612.4033236614,20.42403778687685,0.3927395846202807,13.54956856458156,3.3121815310779152,0.0057174857323169,9.499051626252436,1000000.0,655033.0251043688,0.0971012251912958,1.1347745819397992,False,0.2
giiie,ok,,0.0591303128564099,0.8567571809472686,3.647775980287599,1.767839999999537,0.4846350240675022,0.4846350240675022,5.898555877143028,0.9038261867474212,0.1062380610050214,1.8476786758092705,15.158559515605138,22.90479406855744,7.746234552952298,0.0591303128564099,10.340853686056,31.29280030761635,0.4869519381850341,37.3952042981754,3.675108923713205,0.0063500169803971,8.298236397940329,1000000.0,1003612.4035617226,18.6555772592634,0.4633635035201821,13.74191960764813,3.4839467438037106,0.0059890490825833,8.642813959044789,1000000.0,598315.5406019631,0.0877509800742998,1.1193,False,0.2
giiif,ok,,0.0555683271487719,0.8567571805339793,3.647775982003878,1.767839999989029,0.4846350238366007,0.4846350238366007,5.818456005119523,0.8621582833762604,0.1062380583609404,1.8196644573521292,14.16212494569506,21.800245408166717,7.638120462471653,0.0555683271487719,11.19805774917327,31.292800307054005,0.4634694260115324,35.44977637794756,3.224786215061853,0.0056949658812637,8.737543892504371,1000000.0,1003612.403065522,20.51304514582144,0.3778981768458802,13.696915328188757,2.5185433904086785,0.0048470056583977,10.107928568227637,1000000.0,657887.6396801297,0.0826216761379774,1.0171,False,0.2
giiig,ok,,0.0527402617439729,0.8567571806461078,3.647775981558696,1.7678399999968368,0.4846350238978871,0.4846350238978871,5.824488406823717,0.8649325504520283,0.1062380587652853,1.8088595850276308,13.35956097944687,20.99290897129822,7.633347991851347,0.0527402617439729,11.317110960614716,31.292800306938283,0.4463055937171919,34.041897064151634,3.075723288351795,0.0053734003130918,9.03959483687172,1000000.0,1003612.4031887264,20.85496492613207,0.3653799389532663,14.021979096988057,2.400083835393096,0.004808849289405,10.29073466175383,1000000.0,668853.5785431549,0.0828610107887205,0.9424,False,0.2
giiih,ok,,0.0632412305167894,0.8567571809998267,3.6477759800657137,1.7678399999999943,0.4846350240971068,0.4846350240971068,5.83592121385285,0.8700597680239537,0.1062380612792418,1.836065488919128,16.352497664566915,24.024484367338893,7.671986702771978,0.0632412305167894,10.954401243320325,31.292800307979096,0.5107563591519688,38.62664252241186,3.542272616077202,0.0065484282991723,8.02021370305317,1000000.0,1003612.4036346636,19.88745555724352,0.4038294261193897,12.475241158867345,2.69641908720795,0.0050895217078498,9.660479927209488,1000000.0,637823.9364181625,0.0832193635001667,1.2229010033444816,False,0.2
giiii,ok,,0.0666954657542211,0.8404258114177637,3.718660497025627,1.7678399999999852,0.4753969880858962,0.4753969880858962,5.765558345920989,0.8539029199252295,0.079167413990114,1.8406633069072047,17.34135894343352,24.94758059626172,7.606221652828195,0.0666954657542211,10.879192617639196,31.29280030823276,0.5406877281910745,39.57007458257115,3.6619708765450514,0.0069220938682153,7.784937157916406,1000000.0,984481.7030843266,19.7015799989318,0.4158855200719081,11.728641770553375,2.708468809448945,0.0054810789647082,9.481601897140298,1000000.0,619818.1319585409,0.0845133108995201,1.3531675585284282,False,0.2
giiij,ok,,0.0668492746539499,0.8234428758281833,3.795355278841768,1.7678399999997574,0.4657903859106572,0.4657903859106572,5.72132196942674,0.8306670551161502,0.0794917757718896,1.8237615435830048,17.402497083307217,24.94758059631696,7.545083513009745,0.0668492746539499,10.651977642221755,31.292800308224244,0.5518390358678541,39.53629206840869,3.676678592687385,0.0069821147017739,7.8031539397418,1000000.0,964587.752749183,19.46887862926537,0.4311764346943882,11.698639063378469,2.752133125977468,0.0056494891470083,9.38393976353892,1000000.0,600120.209779185,0.084860013329,1.4017,False,0.2
giiik,ok,,0.0670636638107401,0.8026555113759154,3.89364829778788,1.7678399999940304,0.4540317627039923,0.4540317627039923,5.659661876969978,0.7985168747664748,0.0799062668949623,1.852611436490677,17.43530704129212,24.947580354752773,7.512273313460655,0.0670636638107401,10.797024066537404,31.292799945826182,0.5661307027485163,39.607279493907456,3.7432746604020815,0.0072127150653872,7.792461429565914,1000000.0,940237.2522895148,19.426674969666507,0.4423352545969886,11.70106425382742,2.758376342916374,0.0059045891589501,9.34090882859527,1000000.0,583702.4339855212,0.0853382362552189,1.4639,False,0.2
giiil,ok,,0.0671291924989313,0.7970589855609101,3.9209874328192624,1.7678399999999996,0.4508660204322282,0.4508660204322282,5.640815891993018,0.7883059843067045,0.0800231189661383,1.8617454515153748,17.445019252780032,24.947580596288425,7.502561343508393,0.0671291924989313,10.700205453169415,31.29280030827572,0.5701057649681176,39.50008942321867,3.7502914490252337,0.0072206435143411,7.801571440810279,1000000.0,933681.446838242,19.158017268973666,0.4574296272891868,11.707224294694903,2.820068523464295,0.0060215265770533,9.187035743611148,1000000.0,571616.6372466456,0.0854539910439479,1.4812,False,0.2
giiim,ok,,0.067368014829539,0.7792516470699407,4.010589233081797,1.7678399999999888,0.4407930848209938,0.4407930848209938,5.572129134861218,0.7510130927095886,0.0804020694721713,1.8483896926220449,17.52706176882421,24.947580596307475,7.420518827483262,0.067368014829539,10.509816524276406,31.292800308282157,0.5831337340083282,39.51524228574049,3.87926189878208,0.0073719037044028,7.804441729109987,1000000.0,912821.7841688198,18.953103821895983,0.4728269010706607,11.698452854205888,3.052813611046431,0.0064259744174179,9.043678701542603,1000000.0,552868.5792195153,0.0850720935049175,1.5379,False,0.2
giiin,ok,,0.067588828935566,0.7630754930052456,4.095608225198911,1.7678399999999994,0.4316428483376583,0.4316428483376583,5.508621652822281,0.717434893061547,0.0807616425493749,1.8879903692990911,17.550968574199104,24.947580596320478,7.3966120221213725,0.067588828935566,10.542132972558438,31.29280030829812,0.5954953695318376,39.70107820610195,4.155059480758383,0.0076005311670628,7.789668676075569,1000000.0,893872.9043435479,18.61261784661921,0.4990645594015794,12.428227297836434,3.264459701571218,0.0086319448700944,8.279086007866972,1000000.0,531665.8978449506,0.0842449277774318,1.5917,False,0.2
glennmartin2,ok,,0.0624953709209749,0.806257336380393,3.876254050140464,1.7678399999999888,0.4560691784213493,0.4560691784213493,6.340114409359824,1.1629944696417522,0.0798333986062323,1.8459721340660515,16.12807733095428,24.31416387438016,8.186086543425876,0.0624953709209749,9.98910685476352,31.2928001774662,0.5492918104698327,39.99999967744925,0.7368714640701418,0.0102887976973316,7.262208997505267,1000000.0,944456.4666428736,18.037662776560808,0.5566067176125041,14.181062157103293,0.8276428134807198,0.0102937663352226,7.217114403020183,1000000.0,544399.5793228404,0.1347,1.3906140468227426,False,0.2
glennmartin3,ok,,0.0636189178423168,0.7247244920638828,4.312339792325542,1.7678399999999994,0.4099491424924671,0.4099491424924671,6.110568470515084,1.057149025174812,0.0816782248207907,1.85428568461837,16.442902643501476,24.407756798634928,7.964854155133453,0.0636189178423168,10.35597294469344,31.2928003097013,0.61344042085138,40.0000000027672,1.535621066963128,0.0112100689922085,7.290163348520636,1000000.0,848948.2266660086,18.616284481940188,0.5656205676135151,13.427201835549669,1.2888775083844026,0.011036442750957,7.587067888528913,1000000.0,505044.6601659191,0.1377,1.6698,False,0.2
glennmartin4,ok,,0.0598027182489032,0.7730969668965205,4.042517820430559,1.7678399999999994,0.4373116158116802,0.4373116158116802,6.482076804624357,1.2498282887962937,0.0805371079732002,1.8368699142832596,15.362756163327866,23.68170288223548,8.318946718907616,0.0598027182489032,10.7264871182577,31.292800309231133,0.5579514608815562,40.00000000241285,2.24287513108032,0.0122043282600384,7.073303942326868,1000000.0,905612.141254855,19.465154708470724,0.5065530931265497,14.514995818746344,1.8925217375937864,0.0120204431456467,7.34776225496368,1000000.0,563320.6444037899,0.1549,1.4283023411371236,False,0.2
gm15sm,ok,,0.0683583663998457,0.7950021610903236,3.931131786225583,1.7678399999944008,0.4497025528853525,0.4497025528853525,5.287297904188327,0.5801814705308723,0.0800657961874991,1.893330787711854,17.76695186012502,24.9475805520252,7.18062869190018,0.0683583663998457,8.9186541635036,31.292800241928468,0.5715807403259305,39.21408333030416,-0.0846306358938991,0.0056952992259216,8.144870929051452,1000000.0,931272.0637764948,15.701877033123653,0.6534273873766897,12.829436136272324,0.7396623155357238,0.0060171259332732,7.353332643649993,1000000.0,467287.021830957,0.0673134581280788,1.487619397993311,False,0.2
goe05k,failed,too few converged polar points,,,,,,,,,,,,,,,,,,,,,,,,,,,,,,,,,,,0.01
goe06k,ok,,0.0520361442999366,0.8567571807921701,3.647775980949823,1.7678399999999896,0.4846350239796447,0.4846350239796447,5.771934761817715,0.8481548675848554,0.1062380598720181,1.823845417845392,13.142066680342827,20.73784686000593,7.595780179663107,0.0520361442999366,10.707579929632647,31.29280030691383,0.4408830175167417,33.580746953065514,-0.4532089750332082,0.0051200251735097,9.197967043458412,1000000.0,1003612.4033572508,19.569604282001222,0.4129113919464949,14.09805646887358,-0.6371247943192098,0.0053291095941691,9.44450116239917,1000000.0,627629.9146634785,0.075,0.9188,False,0.2
goe07k,ok,,0.0633064377402077,0.8567571809852673,3.647775980127712,1.7678399999999967,0.4846350240888705,0.4846350240888705,6.284158176374459,1.1355769124842794,0.1062380611893657,1.8635445468998288,16.343772601271507,24.491475324545792,8.147702723274287,0.0633064377402077,10.14647121237988,31.292800307984603,0.5206845056886898,38.75518560631014,0.0498441268144945,0.0059234479928588,8.08272675302289,1000000.0,1003612.403617784,18.14905405089355,0.51496267485666,13.87740928896754,0.0098676690668174,0.0059510852486432,8.131983758935963,1000000.0,582070.4948147052,0.11,1.266110033444816,False,0.2
goe08k,ok,,0.0625801668755212,0.8379769022547626,3.7295279347089214,1.767839999999996,0.4740117331063697,0.4740117331063697,6.709773003674078,1.3990851918497884,0.0792133740278524,1.8536683717683289,16.144768850481714,24.70821022592412,8.563441375442407,0.0625801668755212,9.946492148035844,31.2928003095416,0.5370648137883486,40.00000000244694,0.2462538111735578,0.009033843212595,7.379903449884877,1000000.0,981613.030803875,17.886140979552653,0.5697565146778456,14.804129758973533,0.6107219438940562,0.0090187375312752,7.157159791552229,1000000.0,561064.1707565757,0.1485,1.3374,False,0.2
goe09k,failed,too few converged polar points,,,,,,,,,,,,,,,,,,,,,,,,,,,,,,,,,,,0.01
goe100,ok,,0.0618169760515704,0.8567571809849467,3.647775980128988,1.7678399999999754,0.484635024088695,0.484635024088695,5.686775674990657,0.7889132310688276,0.1062380611801206,1.8588097423215288,15.920129150670888,23.465714567983078,7.545585417312186,0.0618169760515704,9.587454176877769,31.292800307864304,0.4988770104149405,37.72864967494491,1.0032867529512126,0.0056494603622739,8.376050421105493,1000000.0,1003612.4036135623,17.192819610294777,0.5314314975053795,13.570981287675732,1.3120566184522104,0.0058944857441134,7.984956188353665,1000000.0,551402.4582084441,0.0657181034964751,1.1712,False,0.2
goe101,ok,,0.067624932683343,0.8466384499422708,3.691372941794786,1.7678399999999936,0.4789112419349454,0.4789112419349454,5.498237995024889,0.6930598938903574,0.0790520063747677,1.8832204057922568,17.566122195504562,24.947580596321707,7.381458400817145,0.067624932683343,8.439947777332627,31.29280030829969,0.5367201580778601,39.88040855463306,1.3298439231104355,0.0080138665290626,7.535183019271608,1000000.0,991759.2389166864,14.93885642447678,0.6968122865915987,13.5091376203331,2.784825833883108,0.0066317207306528,6.554783230608571,1000000.0,473455.5147464769,0.069,1.3359,False,0.2
goe10k,failed,too few converged polar points,,,,,,,,,,,,,,,,,,,,,,,,,,,,,,,,,,,0.01
goe113,ok,,0.062475169902111,0.8567571809993417,3.6477759800404903,1.7678399999933825,0.4846350240986452,0.4846350240986452,5.593663792520007,0.7293075524794165,0.1062380621070582,1.843764541321509,16.12447491321068,23.5619032470522,7.437428333841516,0.062475169902111,10.291801058870677,31.29280030699804,0.5009219650216319,38.07321082798354,1.64948783294709,0.0063019408773991,8.176801126341097,1000000.0,1003612.4036063852,18.606499236057694,0.4472414220894227,13.336688529235085,1.1404610816737082,0.0073819831153346,8.351594862260763,1000000.0,596741.526415078,0.0664999999999999,1.1801,False,0.2
goe114,failed,too few converged polar points,,,,,,,,,,,,,,,,,,,,,,,,,,,,,,,,,,,0.01
goe115,ok,,0.0639426043811474,0.8567571806884775,3.6477759813691657,1.7678399999946235,0.4846350239224608,0.4846350239224608,5.934645490351992,0.8988597394083783,0.1062380584237031,1.8739118818285971,16.516370667800327,24.32492803998092,7.808557372180589,0.0639426043811474,8.68993723405243,31.29280030784188,0.5171437395685159,39.16340705450271,1.1475629120538324,0.0071981842127173,7.8052001944948195,1000000.0,1003612.403268595,15.457747895047994,0.6803414486639671,14.860360700676738,2.636945710746014,0.007258214401689,6.524655580947593,1000000.0,495755.8084113529,0.0969584257680308,1.2507,False,0.2
goe116,ok,,0.0552472588538022,0.856757180760398,3.647775981082173,1.7678399999992809,0.4846350239618667,0.4846350239618667,5.956189618625818,0.924818347224732,0.1062380593921315,1.8341315402879608,14.05531666513045,21.84563782404423,7.790321158913779,0.0552472588538022,10.423183658065597,31.29280030722925,0.4644344607530888,36.775547778746976,0.3086000720391612,0.0077744292674243,8.094575255562287,1000000.0,1003612.4033305512,18.94299550698009,0.4519668834164492,14.475444007249228,0.199707921347815,0.0077941105170977,8.187828375327944,1000000.0,607533.5240179227,0.0932213274914718,1.0213,False,0.2
goe117,ok,,0.0653778902988186,0.856757181038751,3.647775979899532,1.767839999999884,0.4846350241191551,0.4846350241191551,5.880664722366855,0.8774442595970398,0.1062380615624712,1.8599840120366944,16.943095510910638,24.683744245314188,7.740648734403549,0.0653778902988186,10.0934949814689,31.292800308124068,0.5247721094661724,39.49145177808269,0.5097917845686606,0.0073263768877967,7.711119610264599,1000000.0,1003612.4036849722,18.08885616964069,0.492497140698434,12.974765039337932,0.2119261300591575,0.0073290102307972,7.983088302871183,1000000.0,580139.8481941464,0.0899206283155603,1.2839,False,0.2
goe118,ok,,0.0637528692640878,0.8567571806176639,3.647775981668718,1.7678399999941516,0.4846350238825336,0.4846350238825336,5.819533311278272,0.846424121113955,0.1062380576762149,1.8824650268701408,16.453248547179037,24.15524688532745,7.701998338148413,0.0637528692640878,8.313986406508306,31.29280030796644,0.5135363477696557,39.16566935570196,-0.8237825899754242,0.0075805724704384,7.745634855171158,1000000.0,1003612.403189906,14.72180764376353,0.739826200683405,15.290554016883409,1.2101331651421787,0.0073087807233367,6.126668055671365,1000000.0,472152.9745899943,0.0864131932416292,1.235,False,0.2
goe11k,ok,,0.062248249547593,0.8567571810836001,3.647775979690092,1.7678399999954042,0.4846350241457526,0.4846350241457526,5.811316277482934,0.866737890685386,0.1062380625431104,1.8612941581786309,16.041681619837757,23.71429205549932,7.672610435661565,0.062248249547593,10.002210603707528,31.292800307324672,0.5041617245248534,38.3748782559116,1.2148936984573764,0.0065734347638731,8.074885008441772,1000000.0,1003612.403714414,17.91264527740417,0.4978199093865659,13.446743178170705,1.1587267206913203,0.0065001732818008,8.153356710844193,1000000.0,574488.4704208241,0.0745,1.1942,False,0.2
goe121,ok,,0.0682062045011929,0.7812968534115443,4.000090685062293,1.7678399999999996,0.4419499804346233,0.4419499804346233,5.331060679248799,0.6197038841916478,0.0803576709246334,1.8771005051983536,17.739419411912877,24.947580596360027,7.208161184447152,0.0682062045011929,9.502562515360651,31.292800308340027,0.581607260675852,39.739576359694645,0.7284635827979302,0.0081855642469678,7.633792055481485,1000000.0,915217.5556889318,16.874540439798334,0.5778975114403986,12.113803737787345,0.6944160373011043,0.0081712117838669,7.66450887276845,1000000.0,493528.0800219797,0.0664364525446095,1.5312565217391303,False,0.2
goe122,ok,,0.040480219464529,0.8567571801919199,3.6477759835055146,1.767839999999998,0.4846350236401037,0.4846350236401037,5.661877523755978,0.7592216888193876,0.106238054986045,1.7418430321022675,9.900514686847194,17.30423524270544,7.403720555858245,0.040480219464529,11.561840090765614,31.2928003051976,0.3678850320048675,30.887458664535107,-0.087654715505528,0.0085413869484127,8.490896513890254,1000000.0,1003612.402599066,22.125683117786224,0.314851094418738,16.174838706427344,-0.5611505923967524,0.0091415642228325,8.39467014094169,1000000.0,709607.6342294865,0.0730113714114234,0.6011,False,0.2
goe123,failed,too few converged polar points,,,,,,,,,,,,,,,,,,,,,,,,,,,,,,,,,,,0.01
goe124,ok,,0.0676493093803152,0.724870214667928,4.3114728710873,1.76784,0.4100315722395285,0.4100315722395285,5.337490679202585,0.6270575571887347,0.0816745591551066,1.8914855124804064,17.56486797464806,24.79384416633105,7.228976191682991,0.0676493093803152,7.779958708636401,31.292800309452826,0.6230186866304152,40.000000003278245,0.387366084468788,0.0102238922097412,7.405480786020006,1000000.0,849118.9273153692,13.710491317190732,0.9462738125391492,14.509254084378234,3.1873258596119274,0.0084549303819622,5.776375728183257,1000000.0,372029.27079373447,0.0791830435055516,1.711486287625418,False,0.21
goe12k,ok,,0.0654333455642097,0.8089923727992878,3.86314923437679,1.767839999998934,0.457616284731523,0.457616284731523,6.128551801444444,1.072716123460129,0.0797784738992435,1.860348148157932,16.958680647020582,24.94758059662296,7.988899949602375,0.0654333455642097,10.10521108063215,31.29280030799282,0.5616961765957401,39.5581966393355,0.3671250441415106,0.0073342299126906,7.754162441906673,1000000.0,947660.3147236536,18.10630820300682,0.5372656263914054,13.327225601234971,0.2331624275435968,0.0074480056655184,7.930170195747836,1000000.0,548325.1598215789,0.111,1.4446,False,0.21
goe133,ok,,0.0679096414375026,0.7525548326853578,4.152864522108072,1.7678399999999996,0.4256917100446635,0.4256917100446635,5.416354022955867,0.6683780509281155,0.0810037948827523,1.872256828280752,17.658969745105324,24.947580596341943,7.288610851236619,0.0679096414375026,9.770739954110809,31.29280030831999,0.6038203502941173,39.38715589025033,1.3249860912532814,0.007164560997225,7.900193162449908,1000000.0,881548.9163744895,17.39565463904693,0.5708623189431666,12.205590517749291,1.018891322523256,0.0075200451407764,8.09186178274061,1000000.0,490052.674915113,0.079,1.627931772575251,False,0.2
goe134,ok,,0.066568169606892,0.8075588568409101,3.870006797802493,1.7678399999999808,0.4568053991542893,0.4568053991542893,5.802169493349159,0.8730419845535762,0.0798075046990582,1.8567765798160427,17.28863452308657,24.94758059625177,7.658946073165202,0.066568169606892,9.770232318551074,31.29280030822622,0.5626932561500436,38.316471495168045,1.471073616328742,0.0032113769883602,8.751760778701152,1000000.0,945981.0823542286,17.53977372176004,0.5498613224991841,12.843820660458125,1.3569717381756403,0.0032260194938882,8.90972211016531,1000000.0,530227.2077324141,0.0945,1.4489394648829432,False,0.2
goe137,ok,,0.0670623059722773,0.8087542617452176,3.864286611431172,1.7678399999999843,0.4574815943440722,0.4574815943440722,5.660052864510223,0.7902392984042638,0.0797833128285019,1.8709583783844856,17.41656935339107,24.94758059628578,7.531011242894708,0.0670623059722773,9.961304096876018,31.29280030826085,0.5618615495239384,39.63305497488208,1.005324703411986,0.0075313500943976,7.712658712646787,1000000.0,947381.389485398,17.747239796033114,0.5273286857066627,12.52724930739108,0.6985444983496742,0.0076929519013324,7.955179909906866,1000000.0,537293.0684333133,0.0858864979675931,1.4453197324414715,False,0.2
goe13k,ok,,0.0634399098708613,0.806566035247032,3.874770482546797,1.7678399999999996,0.4562437976553489,0.4562437976553489,6.630105417702978,1.3505194007787509,0.0798276530196819,1.852399801199712,16.393304743901073,24.875809962803764,8.482505218902691,0.0634399098708613,10.34846343841534,31.292800309597368,0.5617651079072512,40.00000000244752,1.1153689573339916,0.0089988164000083,7.429962513822167,1000000.0,944818.0830203946,18.621724157879108,0.540942056947003,14.18104646526512,0.990316221858108,0.0090288019399426,7.568133805852736,1000000.0,562242.4822103844,0.148,1.4449,False,0.2
goe140,ok,,0.0658262410271315,0.7785833166139354,4.014031894738984,1.7678399999999994,0.4404150356445921,0.4404150356445921,5.571463742244581,0.7434507608469574,0.0804166317960733,1.9330999838296592,16.998927939185872,24.503491665260118,7.50456372607424,0.0658262410271315,8.260199789620323,31.29280030925599,0.5732450868884104,40.00000000311338,0.3186544149398848,0.0102088044417196,7.318757652197543,1000000.0,912038.89640792,14.243442930554927,0.8474161150508476,15.024470028158987,2.722199119326536,0.0096025469572989,5.814111074581676,1000000.0,415129.80120191,0.0877516267612367,1.494862876254181,False,0.21
goe142,ok,,0.0683405440831019,0.7733226495256369,4.04133807217086,1.7678399999999996,0.4374392759105105,0.4374392759105105,5.292423797128567,0.6013768812413518,0.0805321184692878,1.8806685162995875,17.77448828294077,24.947580596368923,7.173092313428155,0.0683405440831019,9.326070040017758,31.292800308349044,0.5876045696657003,39.099624692593466,1.7637535531248787,0.0059634597767005,8.120446347777305,1000000.0,905876.5077159957,16.529707316289453,0.6055105021726394,12.177108042632522,1.9329589816066517,0.0058131892375119,7.988276990656685,1000000.0,478508.5831149711,0.0616253199999999,1.5573578595317723,False,0.2
goe143,ok,,0.0412246399270298,0.8567571796440716,3.6477759858178582,1.7678399999951018,0.4846350233315489,0.4846350233315489,5.679062790583271,0.7685969737783438,0.1062380499166382,1.7589506618344628,10.09750691701812,17.535520369435854,7.438013452417733,0.0412246399270298,11.721336722795083,31.292800305297828,0.3728021138124542,31.139395035127613,-0.2270313619826888,0.008000981846424,8.679419688081445,1000000.0,1003612.401963306,22.212744937693984,0.3138347754651586,16.054162801070486,-0.7582212998188506,0.0080491694078959,8.91642412080971,1000000.0,712399.8518388638,0.0744249256509383,0.6225,False,0.2
goe144,ok,,0.0675069366785839,0.8274352828234527,3.777042543962216,1.7678399999998835,0.4680487390394533,0.4680487390394533,5.532174364810103,0.7183341024484582,0.0794143286389053,1.8719183227770744,17.543487908744755,24.94758059633193,7.404092687587177,0.0675069366785839,9.79465298354996,31.292800308285564,0.5491763913397305,39.69659483612348,0.5138059291836989,0.0075218724322968,7.678032618018444,1000000.0,969264.4911194808,17.441382394325757,0.5246652746892545,12.31713791397712,0.2837517177505273,0.0074898695844781,7.885871188928342,1000000.0,540230.0997133937,0.0730498984111803,1.390111705685619,False,0.2
goe147,ok,,0.0680828706758765,0.7872021773826083,3.970083360276342,1.7678399999999996,0.4452903981031136,0.4452903981031136,5.3665322387285,0.6306527206851007,0.0802307608077315,1.8664226699766775,17.71462568764651,24.94758059635169,7.232954908705178,0.0680828706758765,10.256091038759235,31.29280030833172,0.5772442400989217,39.94065718255044,2.062443426785218,0.0088730752925387,7.485517754849383,1000000.0,922135.1007251848,18.316842524005907,0.4884662542961426,11.66009687066189,1.274231202553977,0.0086271395039875,8.172999836099056,1000000.0,539760.0489382986,0.0754766263261156,1.5122678929765885,False,0.2
goe14,ok,,0.0605593744779181,0.610226667540827,5.1214711382486495,1.76784,0.3451820682532509,0.3451820682532509,5.222794156449584,0.5791705615152899,0.0687720235554631,1.873635206934115,15.543609820014412,22.640039183398112,7.096429363383699,0.0605593744779181,9.141208213975023,31.29280029407456,0.6757770709818494,40.000000003151136,0.4032645263588633,0.0184304584200533,6.762177499519681,1000000.0,714824.533581139,16.262874402559678,0.7842606108849648,12.473280564324666,1.3426606778180792,0.0134058401428492,7.017254814001556,1000000.0,371494.4492104032,0.0989104644179761,1.9411,False,0.2
goe14k,ok,,0.0631016383189132,0.8567571809746805,3.6477759801727783,1.7678399999999947,0.4846350240828825,0.4846350240828825,6.498582419555124,1.2548806980334928,0.1062380611203025,1.8555100387998933,16.292905548206953,24.64699800656197,8.354092458355018,0.0631016383189132,10.152375550049626,31.29280030796801,0.5239908908659023,39.2061476927624,0.4491059280027289,0.0067625427017241,7.84800500668984,1000000.0,1003612.4036048516,18.23824777331121,0.5228554260400519,14.18850978138804,0.4379077479464621,0.0067542035004914,7.86009715273557,1000000.0,584931.0865494182,0.12,1.2805,False,0.2
goe155,ok,,0.0678700905749166,0.7869564001536983,3.971323271517472,1.7678399999999994,0.4451513712517527,0.4451513712517527,5.427729091967914,0.6728228492027766,0.0802360047722562,1.888222428743044,17.631629075626716,24.94758059633768,7.315951520710958,0.0678700905749166,8.0514400216303,31.292800308317304,0.5774245213570337,39.73569105598308,0.7475230756133667,0.008131037101976,7.632915972596065,1000000.0,921847.1952587334,14.213438521276336,0.8207826243620936,14.446367554296517,2.919262119660659,0.0084284442465351,5.99765220237251,1000000.0,418710.3201607204,0.0701948520021485,1.513052508361204,False,0.21
goe15,failed,too few converged polar points,,,,,,,,,,,,,,,,,,,,,,,,,,,,,,,,,,,0.01
goe15k,ok,,0.062887771445158,0.8469647768185949,3.689950693509597,1.767839999999993,0.4790958326650592,0.4790958326650592,6.860674424689987,1.4817182681629026,0.0790459907458493,1.8277985206318648,16.259107650648748,24.9475805959706,8.688472945321852,0.062887771445158,10.170530666947188,31.292800307944997,0.536513365288329,39.71455917523699,0.0104186847706561,0.0074968993302846,7.645543335067188,1000000.0,992141.5008904987,18.54786974994608,0.5318587965514255,14.587959926596238,-0.0204811227205567,0.007483481650242,7.686572229146444,1000000.0,588062.1469137371,0.15,1.335,False,0.2
goe164,ok,,0.068048061865002,0.733885186512335,4.258511171825472,1.7678399999999996,0.41513099970152,0.41513099970152,5.376543464784825,0.639650253953267,0.0814505938888932,1.882604908835316,17.688432222731464,24.947580596351603,7.259148373620141,0.068048061865002,8.901973953643314,31.29280030832936,0.619181216679143,39.525311111789335,-1.2386000338947862,0.0078543914892247,7.799176543350566,1000000.0,859679.1393989017,15.761802369091823,0.7101533077830324,12.936824144486096,-0.3830971859525354,0.0082694630969816,7.079722922996991,1000000.0,433009.9116258936,0.0886056960737744,1.694784949832776,False,0.2
goe165,ok,,0.0667888697383167,0.7784469712050959,4.014734954600361,1.767839999999966,0.4403379102210103,0.4403379102210103,5.738694791117219,0.8015819218581974,0.080419561559821,1.8723388707825608,17.336546934384867,24.947580596284645,7.611033661899779,0.0667888697383167,8.97790147860253,31.29280030823796,0.5837365157774027,39.79143303760667,-1.281142323590325,0.0085077838795016,7.575883219948337,1000000.0,911879.180245708,15.983398480372546,0.6826257607134284,13.638929252849955,-0.3534661142598505,0.0088677281817066,6.837470432047281,1000000.0,465759.7965109469,0.1211561965473725,1.5405234113712374,False,0.2
goe167,ok,,0.0663217699032922,0.79240149846809,3.9440337652590287,1.7678399999999994,0.4482314567314295,0.4482314567314295,5.761274473536214,0.8469793808166701,0.0801205890510928,1.8651619494498528,17.2093830967338,24.835819519719863,7.626436422986067,0.0663217699032922,9.732388545512114,31.29280030975387,0.5708876755322854,40.00000000302335,1.1434552324178096,0.0092538688351281,7.41801807855674,1000000.0,928225.6282209452,17.39328596172355,0.5674392978493081,12.87205312346559,1.11381722632267,0.0092597305034856,7.440137876392101,1000000.0,515929.9784243048,0.1008806670349066,1.4846030100334446,False,0.21
goe16k,ok,,0.0588423301553475,0.8310794077993329,3.7604809315099783,1.7678399999999992,0.470110082246885,0.470110082246885,7.231261852314925,1.6896676636905703,0.0793441491580125,1.8263891547370208,15.097023530167274,24.154674537219226,9.057651007051946,0.0588423301553475,10.305792543879331,31.29280017324842,0.5293904867068097,39.99999964904675,0.2205696784007595,0.0103307267832296,7.214572381186637,1000000.0,973533.2448667296,18.80904829281988,0.5494722146831472,15.913571083566165,0.3800265006803895,0.0104272525347456,7.076604061924699,1000000.0,585158.0464511407,0.1815,1.304,False,0.2
goe173,ok,,0.0677601488028259,0.7764639443562404,4.02498826676502,1.7678399999999874,0.4392161871867623,0.4392161871867623,5.459349015362067,0.6858543787473281,0.0804629650062862,1.871992768898019,17.61623881207397,24.947580596334056,7.331341784260085,0.0677601488028259,9.85043805469315,31.292800308308788,0.5852273321776537,39.39821509696319,-0.4247529413096896,0.0069015696787402,7.909242534307191,1000000.0,909556.2462982018,17.540021554128444,0.5474043512854735,11.661351752438833,-0.7369949672728002,0.0051406590440434,8.696914308957085,1000000.0,509818.1053654904,0.0776172590941115,1.5470117056856187,False,0.2
goe174,ok,,0.0677093683742502,0.7537464354575723,4.146299230858409,1.7678399999999996,0.42636575451261,0.42636575451261,5.473953775960845,0.694318759542876,0.0809760285917772,1.8874377923669,17.586189028001023,24.947580596328766,7.361391568327745,0.0677093683742502,8.128404657058468,31.29280030830636,0.6028657666711283,39.82439563689588,0.0622682272012512,0.0088511106824405,7.563617538207009,1000000.0,882944.769655448,14.355271627902184,0.8453141461406284,14.390878477632617,2.285319178393405,0.0090088484405638,6.041394238953066,1000000.0,405042.4339133067,0.08583047457649,1.6237772575250835,False,0.2
goe176,ok,,0.067331570494052,0.7570605742929764,4.128148224491412,1.7678399999999996,0.4282404370830938,0.4282404370830938,5.582610747756578,0.7419944954661785,0.0808992632213815,1.8758295320950835,17.48914031645241,24.94758059630407,7.458440279851661,0.067331570494052,9.461158377787138,31.292800308280427,0.6002266372310262,39.80721616279181,-0.388897315298805,0.0087594616898503,7.573715308231589,1000000.0,886826.9791259335,16.812399022954082,0.6216763221895338,12.742415969173544,-0.1847562285624611,0.0089704260088958,7.386471799089844,1000000.0,476457.4883201135,0.1032631235641689,1.612291304347826,False,0.2
goe177,ok,,0.063418429978272,0.8567571810245792,3.647775979959025,1.7678399999996794,0.4846350241111947,0.4846350241111947,5.664981070356414,0.7567264761684118,0.1062380615029848,1.8708008072454607,16.368725990844023,23.9045078684459,7.535781877601875,0.063418429978272,9.152217066278205,31.29280030796817,0.5082056796383118,39.17153147323012,0.1041918987371923,0.0081790771296178,7.648983816295036,1000000.0,1003612.4036634872,16.30712906621308,0.5899590491268103,13.817601211781849,0.8446147876216445,0.0084642543446391,6.988326548862571,1000000.0,522996.8822836702,0.077,1.2118,False,0.2
goe178,ok,,0.067381457295697,0.8025904076856772,3.893964138708644,1.7678399999998806,0.4539949360155508,0.4539949360155508,5.568262999727063,0.7327522471605163,0.0799088203644395,1.870796546935404,17.508521049681185,24.94758059634365,7.439059546662467,0.067381457295697,9.977698818356346,31.29280030826007,0.5661766180327698,39.86041385533138,1.0918241674553535,0.0084841992938449,7.529067999396619,1000000.0,940161.000178409,17.77798666331204,0.5230765323049854,12.2672878166862,0.7148288348552472,0.0085175833185141,7.83782890348401,1000000.0,534121.8925084816,0.0849999999999999,1.4640996655518397,False,0.2
goe180,failed,too few converged polar points,,,,,,,,,,,,,,,,,,,,,,,,,,,,,,,,,,,0.01
goe182,ok,,0.06803390060045,0.7284229682404373,4.29044442839207,1.7678399999999994,0.4120412301115698,0.4120412301115698,5.380616330737873,0.6357502113995386,0.0815856378559048,1.8750796914052636,17.69188457420852,24.947580596351656,7.255696022143137,0.06803390060045,9.63879181071012,31.29280030832841,0.6238242648844442,39.79708807962458,0.8436165805125627,0.0090330509889114,7.586755166424108,1000000.0,853280.6520203394,17.134901616699473,0.6051158599895653,12.103069600148828,0.6752077364021304,0.0090049965642435,7.720404780847825,1000000.0,467228.240353754,0.0944090539677424,1.7149923076923077,False,0.2
goe184,ok,,0.050070700355835,0.8567571807160402,3.647775981267952,1.7678399999985344,0.4846350239369799,0.4846350239369799,5.775207141492094,0.8188297473164754,0.1062380594281103,1.7902005306334878,12.610437916122176,20.17584558824776,7.565407672125581,0.050070700355835,10.751859869996984,31.29280030664471,0.4289349682679856,34.49107775375465,-0.9025059525916752,0.0080487496436219,8.284623326433374,1000000.0,1003612.4032602668,20.019842630315623,0.3929701672877119,14.615548321036655,-1.2223880062045085,0.0080588916342295,8.531130988975882,1000000.0,642069.8108899201,0.082957552763337,0.8668,False,0.2
goe187,ok,,0.0671682977271094,0.8115712554188133,3.850873528041261,1.7678399994375962,0.4590750609087919,0.4590750609087919,5.629568654036388,0.7751016212822002,0.0797262235352871,1.8684001674649904,17.44961160059145,24.947580422092827,7.497968821501378,0.0671682977271094,9.891593355603684,31.292800045995843,0.5599113124931366,39.99302089294029,0.6546860037151434,0.0087537684421203,7.45618605369756,1000000.0,950681.2313627284,17.64717132130642,0.5291430388503613,12.529036307451875,0.3766325638335814,0.0090892768818171,7.601592067436696,1000000.0,536124.4291705798,0.0827962979838016,1.4368321070234111,False,0.2
goe188,failed,too few converged polar points,,,,,,,,,,,,,,,,,,,,,,,,,,,,,,,,,,,0.01
goe190,ok,,0.0671220519440038,0.7281795187618845,4.291878836298281,1.7678399999999996,0.4119035199802497,0.4119035199802497,5.642869559087431,0.7590593709759176,0.0815917036634469,1.8768032738257832,17.427907763379253,24.947580596292465,7.519672832913214,0.0671220519440038,9.253637904413203,31.29280030826592,0.624032825670375,39.55547780182792,-0.2272884384853827,0.0081110334918451,7.761326904701709,1000000.0,852995.4732985094,16.435105432494368,0.6819017662275144,13.08029597339122,0.3122442382266062,0.0082511183780221,7.32138106184864,1000000.0,447996.676519817,0.1266941603314828,1.7159,False,0.2
goe195,ok,,0.0681773580611033,0.7277030486263016,4.294688982682711,1.7678399999999996,0.4116339989061803,0.4116339989061803,5.339357091146473,0.6190432047922334,0.0816035870646281,1.8812734407677352,17.726950064446513,24.947580596360723,7.220630531914209,0.0681773580611033,9.138343288688558,31.292800308338084,0.6244414167911129,39.490456040120776,0.2845724318044094,0.00777368389613,7.828005938009153,1000000.0,852437.3322674712,16.191768636885413,0.675054237431323,12.464603958626858,0.7389991861271554,0.0076529134119824,7.470599939946384,1000000.0,441074.87746441766,0.086,1.717678260869565,False,0.2
goe198,ok,,0.0645162251940309,0.6746919404033864,4.632126276373572,1.7678399999999996,0.381647626710215,0.381647626710215,5.2529844644412265,0.596773509271152,0.0770532179555309,1.889940190934,16.665319199060466,23.80824385443569,7.142924655375227,0.0645162251940309,7.877210098231504,31.292800307570975,0.6427458782195337,40.00000000324648,-0.4438239948397209,0.0136499377544951,7.111099482108218,1000000.0,790339.6843690791,13.893226420635427,0.9782968071646516,14.117641071929908,2.477412691052429,0.0098780193734471,5.896695850467918,1000000.0,350891.19785475265,0.0776503035669158,1.797342474916388,False,0.2
goe199,ok,,0.0526204584052079,0.8567571808077468,3.647775980883497,1.767839999999988,0.4846350239884562,0.4846350239884562,5.775725161998226,0.8359501519092486,0.1062380599838244,1.8270966712169123,13.306867723181371,20.90968955639651,7.602821833215138,0.0526204584052079,10.600416443778087,31.292800306981373,0.444536363345115,39.51356306193632,-0.4343615404539765,0.0152494965011762,6.459513239028486,500000.0,1003612.4033776644,19.33927308604098,0.4231974921031344,15.492555059054189,-0.6202144502037747,0.015761057602997,6.387753342387061,500000.0,620242.8082835535,0.0732977782105789,0.9347,True,0.2
goe207,failed,too few converged polar points,,,,,,,,,,,,,,,,,,,,,,,,,,,,,,,,,,,0.01
goe210,ok,,0.0679078075169211,0.7973877738330479,3.9193706853277455,1.7678399999999996,0.4510520034805458,0.4510520034805458,5.416881469668189,0.6672992767667904,0.0800162812247309,1.88397065230676,17.646728474356134,24.94758059633109,7.300852121974949,0.0679078075169211,9.943183308619188,31.2928003083071,0.5698706922774075,39.51340248923331,0.7102338812177865,0.0072012190768873,7.805086266429682,1000000.0,934066.5921235232,17.592601201872252,0.5276551502162715,12.076466910392735,0.3299027180997314,0.0072331094448122,8.153578378357823,1000000.0,525125.9359763574,0.0663027559335933,1.480176923076923,False,0.2
goe217,ok,,0.0659330380184622,0.6591990448174266,4.74099331631401,1.76784,0.372883883619234,0.372883883619234,5.91379698892735,0.8895058506261737,0.0751581454272197,1.8760016945037727,17.08674169350305,24.876540376934173,7.7897986834311235,0.0659330380184622,8.811728737048801,31.29280030976217,0.687370474088133,40.00000000295371,-1.6052815157582083,0.0110084735884133,7.4301806752389234,1000000.0,772191.1791956382,15.65693101959878,0.8598104243932396,14.154783236336623,-0.2441688750735617,0.0100901210398673,6.589606767806017,1000000.0,386355.4525939016,0.1898718044589016,1.9915565217391304,False,0.2
goe222,ok,,0.0652885088458896,0.6910692731630618,4.522351646884141,1.7678399999999996,0.3909116623467406,0.3909116623467406,6.170207723587172,1.0480413734613503,0.0790637005980572,1.8758818751914448,16.90149099738761,24.94758059616623,8.046089598778616,0.0652885088458896,8.60129887979716,31.292800308134964,0.6575432309555984,39.442218519893366,-2.563288343035341,0.0082348367303189,7.818871193932769,1000000.0,809524.2265857744,15.28400942786682,0.8889861707035073,15.414019996689396,-0.5307328775162641,0.0083949431803958,6.331691100980495,1000000.0,395387.30281058,0.1852346884673721,1.8617431438127088,False,0.2
goe223,ok,,0.0641216621196115,0.7663161153726409,4.078288584705362,1.7678399999999996,0.4334759454320759,0.4334759454320759,6.505799950189942,1.2186550526942297,0.0806883929507684,1.864882499922485,16.57689814596264,24.947580596075067,8.370682450112428,0.0641216621196115,9.51377439492726,31.292800308047774,0.5929771194615695,39.93149818963767,-1.2817508727330742,0.0090891622933575,7.490387381086998,1000000.0,897668.9960127169,17.005136418912375,0.6737503211107092,14.71967534339358,-0.5848656624560445,0.0090459206093332,6.958434067660515,1000000.0,487811.3683005405,0.1881712748566125,1.580740133779264,False,0.2
goe225,ok,,0.0673048389064401,0.6796325492605266,4.5984528978202,1.7678399999999996,0.3844423416488634,0.3844423416488634,5.590298915198099,0.7467286113274917,0.0776589735489072,1.8847544288450035,17.47252725226138,24.947580596304483,7.475053344043102,0.0673048389064401,8.313555369426716,31.29280030827858,0.6686082401181959,39.389052969073965,-2.653274922147975,0.0079940552285056,7.888865632425779,1000000.0,796127.15420984,14.703162813844395,0.907454610037209,14.39069534363412,-0.5517829097435872,0.008301009364927,6.333763321246152,1000000.0,374066.4642842189,0.1283165639757516,1.9099,False,0.2
goe226,ok,,0.0672000942015282,0.6683451333253957,4.676114345368341,1.76784,0.3780574788020385,0.3780574788020385,5.620424130410146,0.7583575797365727,0.0762760649566441,1.8724255008801003,17.4547309650081,24.947580596298348,7.492849631290246,0.0672000942015282,8.410133223836663,31.29280030827133,0.6799000995597672,39.542080364085386,-2.4373550054245587,0.0084485025093254,7.830816698999912,1000000.0,782904.9824102119,14.971905370660725,0.8920688981029645,14.125486532052262,-0.6155984458034819,0.0083679040885301,6.506018674264641,1000000.0,374577.5128909201,0.1389004238133911,1.9590441471571909,False,0.2
goe227,ok,,0.0666991508410255,0.6909491975899577,4.5231375570026735,1.7678399999999996,0.3908437401517998,0.3908437401517998,5.7644984925130265,0.8299379467639042,0.0790489419155009,1.8817935867442364,17.30128851700826,24.947580596265524,7.646292079257263,0.0666991508410255,8.544509311050373,31.29280030823636,0.6576575011210994,39.74432933560631,-2.744750655399107,0.0093610967577356,7.61519430611824,1000000.0,809383.5690751434,15.135399495530496,0.8616349516213052,14.318945757329024,-1.0434664853615991,0.0090480502334754,6.42055905930234,1000000.0,391474.8294305343,0.146,1.862240468227425,False,0.2
goe228,ok,,0.065692071914817,0.6850986285326737,4.561764008043039,1.7678399999999996,0.3875342952601331,0.3875342952601331,6.054140526560881,0.9836897927044148,0.0783299503993142,1.87618759930999,17.017252470324774,24.94758059619565,7.930328125870871,0.065692071914817,8.693988383723676,31.29280030816444,0.6632737298900968,39.56901740122439,-2.1967351697866686,0.008775992027821,7.733290053165224,1000000.0,802530.164392865,15.44619593996728,0.8653689279362592,14.998655939167872,-0.405662520643497,0.0093858989926252,6.415277370224618,1000000.0,396130.676860906,0.1785586245349515,1.8866832775919733,False,0.2
goe229,failed,airfoil 'goe229' not found in the aerosandbox UIUC database,,,,,,,,,,,,,,,,,,,,,,,,,,,,,,,,,,,0.0
goe233,ok,,0.0682425471969761,0.6761471351797637,4.622157076461032,1.7678399999999996,0.3824707751718276,0.3824707751718276,5.320608298554876,0.5897918866662448,0.0772314954396832,1.877723657344172,17.749248640467354,24.947580596366404,7.198331955899048,0.0682425471969761,8.242349795265662,31.292800308342454,0.6720547925808865,39.57650991939996,-2.302676179280858,0.00843513825137,7.8154952505299,1000000.0,792044.3115100884,14.63181188035506,0.886953309435183,13.513213112677962,-0.4869278468510385,0.0077600243945009,6.5259784120373565,1000000.0,370342.1634602447,0.1162704201989297,1.9249,False,0.2
goe234,ok,,0.0675568382387695,0.6766840439384298,4.618489668251081,1.7678399999999996,0.3827744840813818,0.3827744840813818,5.517822372104453,0.6845841976913465,0.0772973802260915,1.8863933585804051,17.543364865637646,24.947580596322503,7.404215730684858,0.0675568382387695,8.13664098819011,31.292800308295927,0.6715215568601376,39.81593125491956,-3.430958993610464,0.0098282426040031,7.568878168038293,1000000.0,792673.2508417497,14.377773598456145,0.944096009464683,14.245886701192385,-1.2057970715133548,0.0084972257081716,6.150215053569436,1000000.0,364201.23561564175,0.1426597333309529,1.922579264214047,False,0.2
goe235,ok,,0.0666122855054293,0.7573504732174088,4.126568050222696,1.7678399999999996,0.4284044219032316,0.4284044219032316,5.302323566139003,0.6096740140205492,0.080892580241293,1.8666694869693092,17.291429616001185,24.460422669109494,7.168993053108312,0.0666122855054293,10.049734401249555,31.292800310021825,0.5882805862186758,40.00000000326903,2.3206724120619016,0.0105995596826277,7.305893708123803,1000000.0,887166.5691581077,17.94592717386751,0.5242467832211064,11.991710586512534,1.7429586684589455,0.0104372708034981,7.711177814057391,1000000.0,508776.0278233211,0.065432783465543,1.5603,False,0.2
goe238,ok,,0.0500763823686825,0.8567571802702982,3.647775983148186,1.7678399999942742,0.4846350236860084,0.4846350236860084,5.95946567721916,0.917430253016846,0.1062380556632407,1.8082993011010648,12.59397332717008,20.361738305490302,7.767764978320224,0.0500763823686825,10.668473456761248,31.29280030663072,0.4328870153302648,36.96512830165718,-0.1806892741081973,0.0112123606889371,7.366720164590788,1000000.0,1003612.4027400909,19.665758963436467,0.4181414475819291,15.729740264937009,-0.3194799363012932,0.0117290225543774,7.2894651703455,1000000.0,630713.7556116977,0.0980181800474449,0.884,False,0.2
goe239,ok,,0.0673211483743385,0.715105063683631,4.370348392586186,1.7678399999999996,0.4045077969067512,0.4045077969067512,5.585608212877418,0.7480562128060664,0.0819223153952726,1.87895667956098,17.483015703867263,24.94758059630566,7.464564892438398,0.0673211483743385,9.110668329408249,31.29280030827971,0.6354421829253702,39.56126686483083,-0.668967622048052,0.0082664796240866,7.75997154762527,1000000.0,837679.9491592305,16.162636830167123,0.7127160389614613,13.098175450722394,0.0072496469402824,0.0083317088197709,7.207954994589234,1000000.0,432659.16328335786,0.1122127813310451,1.765555518394649,False,0.2
goe240,failed,too few converged polar points,,,,,,,,,,,,,,,,,,,,,,,,,,,,,,,,,,,0.01
goe241,ok,,0.0660115884894872,0.6497546981902056,4.809904836863724,1.7678399999999996,0.3675415751370066,0.3675415751370066,5.914650987066297,0.900023223195316,0.0740062659281771,1.8827444113912837,17.102590570642313,24.89998596909989,7.797395398457581,0.0660115884894872,8.182615626794822,31.292800309691884,0.6980188233517761,40.000000002955446,-3.397146245246433,0.0111010483136607,7.437183457099112,1000000.0,761127.9939297176,14.487035657959456,1.0198760385166914,15.515386938185712,-0.6826535909566277,0.0106729269442442,5.850858465103302,1000000.0,352365.0257952749,0.1885465016106964,2.0379,False,0.2
goe242,ok,,0.0663711698829464,0.6931979277924931,4.508464524053707,1.7678399999999996,0.3921157614900066,0.3921157614900066,5.823541194504792,0.8510997161413347,0.0793252583952993,1.8817883048770845,17.206964476537316,24.91229397591919,7.705329499381875,0.0663711698829464,8.511987859437593,31.292800309515968,0.6545968705429597,40.00000000301208,-3.1093584112631416,0.0103721308292312,7.440859640036178,1000000.0,812017.7501502592,15.07783462744247,0.8720920460101965,14.41647406284117,-1.416168876412642,0.0092644079148789,6.326181672943854,1000000.0,391255.1523102372,0.1617151345197745,1.848920066889632,False,0.2
goe243,ok,,0.0658871088162448,0.6679618611494615,4.678797469397281,1.7678399999999996,0.3778406762769604,0.3778406762769604,5.977469919091053,0.9251228881957824,0.0762265517257639,1.8786520662867063,17.070881803455954,24.927003788833712,7.85612198537776,0.0658871088162448,8.057501528243638,31.2928003096182,0.6797291172136122,40.00000000292101,-3.6475487953647567,0.0107227889555565,7.445253199895299,1000000.0,782456.0142668267,14.296600690177968,1.0263542746017678,15.799081037536714,-0.8957865170725765,0.0093995341834024,5.764226369673058,1000000.0,357477.1539433857,0.1900182102817446,1.9583,False,0.2
goe244,ok,,0.0626577901676032,0.589567080691299,5.300937531884356,1.76784,0.3334957239859371,0.3334957239859371,5.578046150943372,0.7308320342137666,0.0629905660918836,1.850817476982747,16.169944683824447,23.598808311750567,7.428863627926119,0.0626577901676032,7.676299661743857,31.292800297585764,0.7290785266156369,40.0000000030447,-4.404661535805401,0.0162530796450007,7.048544805709727,1000000.0,690623.7238297077,13.825061551104378,1.1758754705210568,15.236662720341638,-0.6103846414838952,0.0120690667360858,5.635827886335703,1000000.0,305115.40673255885,0.1767768137156607,2.173077257525084,False,0.2
goe255,ok,,0.0628826472693419,0.8113821095778602,3.8517712292497865,1.76784,0.4589680681384402,0.4589680681384402,6.862148168872507,1.4268747149497298,0.0797303819305312,1.849242242329971,16.236190184766322,24.9475805959688,8.711390411202478,0.0628826472693419,9.943044781237235,31.292800307951616,0.5600418314965329,39.98414332572532,-0.1313623623880183,0.008727650310442,7.461780866292566,1000000.0,950459.6720258448,17.922737132786164,0.5961556904178648,14.976724155746163,0.1821891905569862,0.0087825084656433,7.197127552269165,1000000.0,544369.2699085404,0.185554213103937,1.4374,False,0.2
goe256,ok,,0.0643921127902268,0.7628400208860677,4.096872450359765,1.7678399999999996,0.4315096506958027,0.4315096506958027,6.428016689802057,1.2130176122125982,0.0807669893903738,1.8628482400804691,16.656715666209525,24.94758059609205,8.290864929882526,0.0643921127902268,9.830280192904796,31.29280030806827,0.5956791860009523,39.49810295412921,1.1714010457456088,0.0077069023418197,7.768533126866232,1000000.0,893597.0703611969,17.590053734919668,0.6265249292260356,14.099193761351897,1.5618554005020304,0.0074570538566209,7.576983046618997,1000000.0,502301.4984366082,0.1598853863766549,1.5925,False,0.2
goe257,ok,,0.0653444864762238,0.8422802515780156,3.7104731587198136,1.7678399999999996,0.4764459745101456,0.4764459745101456,5.824190251954874,0.8814181126007654,0.0791327873647724,1.875941829825639,16.91753054932847,24.61766263110898,7.700132081780513,0.0653444864762238,8.901756762190091,31.292800309661818,0.5323627476436414,40.000000002956206,1.0893138835789655,0.0091867788488105,7.352858491554111,1000000.0,986654.0095750254,15.81740012876176,0.6517449465465707,14.086334366172302,2.130062505480517,0.0091320846801328,6.567259586206862,1000000.0,498718.5903358348,0.0882966760132013,1.3169357859531772,False,0.2
goe264,ok,,0.0682065773733921,0.771904723147819,4.048761682471895,1.7678399999999903,0.4366372087676617,0.4366372087676617,5.330953438934701,0.6244526728965594,0.0805635070753603,1.8751676336995768,17.741459523728206,24.947580596362485,7.206121072634278,0.0682065773733921,9.22593658620536,31.29280030833912,0.5886839516078144,39.91054352891244,0.102171429583902,0.008943941844079,7.505555644681875,1000000.0,904215.5371025754,16.40019878827797,0.6190788232812222,12.294421888526395,0.3668113235365867,0.0088361420325676,7.315033742837297,1000000.0,473889.02270852233,0.0642698696750324,1.5620555183946487,False,0.2
goe265,ok,,0.0686443608731122,0.7097846476044262,4.403107725910907,1.76784,0.4014982394359366,0.4014982394359366,5.205044237548434,0.5551260377015196,0.0812955974628037,1.85270702614386,17.889829332699648,24.947580596391944,7.057751263692294,0.0686443608731122,8.743030421710943,31.29280030836931,0.6402053414661991,39.64783679610931,-0.3227593451034884,0.0084056886013638,7.745467520697519,1000000.0,831447.5700370996,15.730190649567676,0.716767149104178,12.37947098059574,0.3546125299014229,0.0083713500459416,7.219870941117242,1000000.0,417950.09276639903,0.0765224146179469,1.786285618729097,False,0.2
goe269,ok,,0.068492363817511,0.7393267678606665,4.227167744302456,1.7678399999999996,0.4182090957669623,0.4182090957669623,5.248759516665056,0.5816883840966321,0.081318039124708,1.883973121579613,17.8148479581348,24.947580596379467,7.132732638244669,0.068492363817511,8.931582826513381,31.29280030835919,0.6146239287426777,39.59735609540792,0.9125452709688424,0.0080422284629895,7.750856204237951,1000000.0,866053.45251638,15.80274283854028,0.6890661043687853,12.545681643531465,1.5735743299717884,0.0082111815487819,7.187108349050005,1000000.0,437353.6359700728,0.0658692231644698,1.6749508361204013,False,0.2
goe274,failed,too few converged polar points,,,,,,,,,,,,,,,,,,,,,,,,,,,,,,,,,,,0.01
goe275,failed,too few converged polar points,,,,,,,,,,,,,,,,,,,,,,,,,,,,,,,,,,,0.01
goe276,ok,,0.0673854683060157,0.7741049826706505,4.037253777669671,1.7678399999999996,0.4378818120817782,0.4378818120817782,5.434979584891966,0.6791438611471303,0.0805148431966255,1.8715867610300252,17.508884425722137,24.815450771644127,7.306566345921992,0.0673854683060157,8.072091034406183,31.292800309659334,0.5839017354648677,40.00000000321722,0.9213383117837808,0.00952164194151,7.411934295233292,1000000.0,906792.9392301544,14.3765550574204,0.8145356991517178,13.867672836182066,3.0096402925332706,0.0076049205030213,6.196346913585363,1000000.0,416599.2972031432,0.0725866172526661,1.541242474916388,False,0.2
goe277,ok,,0.0673987639417599,0.7827515994052411,3.992656505556371,1.7678399999999974,0.442772875036905,0.442772875036905,5.563285502868795,0.7420098408743051,0.0803262291065775,1.882699404366564,17.50159568907203,24.94758059630739,7.445984907235359,0.0673987639417599,8.90840082502941,31.292800308284832,0.5805263419880088,39.82914353256082,1.016927671310519,0.0085053785971062,7.5671176729846685,1000000.0,916921.65710112,15.772390084096031,0.6820394361297836,13.17544768537605,1.956813332695045,0.0079844357077984,6.932586810541469,1000000.0,462152.50504525006,0.0833715556851929,1.5265521739130434,False,0.2
goe278,failed,Restoration_Failed,,,,,,,,,,,,,,,,,,,,,,,,,,,,,,,,,,,2.26
goe279,ok,,0.0680946018386018,0.7326329448386675,4.265789967018491,1.7678399999999996,0.4144226541082154,0.4144226541082154,5.363158284867276,0.6492222758975912,0.081481376158384,1.8811585814435052,17.70326373004357,24.94758059635435,7.244316866310781,0.0680946018386018,9.112076685475488,31.292800308332502,0.6202395427188042,39.678334555232965,0.6516371052968941,0.0084804350663118,7.680840188269304,1000000.0,858212.2532100814,16.146213961545875,0.6765126246117453,12.567198636583976,1.1739129453108057,0.008499981124102,7.282872463458166,1000000.0,442813.63534795615,0.074298292,1.6993909698996656,False,0.2
goe280,failed,too few converged polar points,,,,,,,,,,,,,,,,,,,,,,,,,,,,,,,,,,,0.01
goe281,ok,,0.0668154108119863,0.8467509564309786,3.690882474786727,1.7678399999999994,0.4789748825860818,0.4789748825860818,5.731061416627816,0.8276462512708225,0.0790499320696301,1.8827294007411943,17.333789778894076,24.947580596263087,7.61379081736901,0.0668154108119863,8.96794358951067,31.292800308244523,0.5366488449020124,39.4303810487819,0.455925243942782,0.0065896855991812,7.848858404787318,1000000.0,991891.0299405152,15.877558021137046,0.6361860540802836,12.73841919039948,1.400693123672171,0.0029689562233737,7.618567772175176,1000000.0,503272.54906543705,0.0803932335332323,1.3355896321070233,False,0.2
goe282,ok,,0.0471069018561454,0.8567571805820852,3.647775981842584,1.7678399999995758,0.4846350238609211,0.4846350238609211,5.985635268168853,0.9425803828994644,0.1062380582595068,1.7971876415661008,11.75104430174732,19.533867211482274,7.7828229097349535,0.0471069018561454,11.01368702834181,31.29280030628284,0.4152866197037293,33.63662749220625,-1.513610219663439,0.0078081361567439,8.464996183989332,1000000.0,1003612.4030911536,20.42763328957736,0.3882841007509841,15.302315158961497,-1.75646037940829,0.0078639122079824,8.635597677834372,1000000.0,655148.3387410806,0.0911721721339712,0.8074,False,0.2
goe284,ok,,0.0647882276957201,0.7229885041472472,4.3226942720011685,1.7678399999999996,0.4089671600072673,0.4089671600072673,6.314091629957425,1.1341464774629098,0.0817220052670571,1.8619019362457765,16.77158702992346,24.94758059612666,8.175993566203202,0.0647882276957201,9.972161639404575,31.292800308097984,0.6285133443803455,39.94997066673117,1.0734922865147551,0.0096910625373904,7.4801889872911875,1000000.0,846914.676108621,17.853001896028644,0.6328386054624484,13.781189690332823,1.1105195219668362,0.0096759395182818,7.45513828306253,1000000.0,483177.2538563426,0.1763254996491834,1.7354,False,0.2
goe285,ok,,0.0660833309973124,0.7733837389598802,4.041018847646244,1.7678399999999996,0.4374738318851708,0.4374738318851708,5.941612030977083,0.9439313496104152,0.0805307683744187,1.854417923866856,17.151550641372186,24.947580596216124,7.796029954843939,0.0660833309973124,10.091257703928802,31.29280030819264,0.5875581548949314,39.351947114886606,1.872477676487292,0.0070060624119555,7.89287924148487,1000000.0,905948.0683768438,18.139128859163137,0.5464518856612947,12.960815771213309,1.5261687253037235,0.0072726387888386,8.178575026125161,1000000.0,525140.2428083505,0.1173,1.557155852842809,False,0.2
goe286,ok,,0.0657946377549836,0.7557357071374491,4.135385209516896,1.76784,0.4274910100107754,0.4274910100107754,5.581688472093993,0.7528690005603882,0.0809298703528634,1.8643462879850297,17.05859234104143,24.50462710112045,7.446034760079023,0.0657946377549836,10.18093507638791,31.29280030991241,0.5906029557084664,40.000000003109015,1.855700903296969,0.0105146753176059,7.319096786759539,1000000.0,885275.0188968276,18.20286846565645,0.5303734494841711,12.331044510795124,1.304602083546613,0.0099856487281112,7.789664147928979,1000000.0,514960.1366869677,0.0934544733967971,1.5704073578595317,False,0.2
goe287,ok,,0.0670461848104791,0.8019740954220016,3.896956626704354,1.7678399999999996,0.4536463115564767,0.4536463115564767,5.664689408847504,0.7931355347878566,0.0799214851833469,1.8719625408766123,17.410928646558055,24.94758059628217,7.536651949724117,0.0670461848104791,9.683697297833003,31.292800308260645,0.5666117213538265,39.92598680362969,1.2107281287362817,0.008668366540649,7.493689476417444,1000000.0,939439.0469271272,17.243395788070046,0.5637399900520521,12.663882384333323,1.1860522222339256,0.0086776039750802,7.512414860924186,1000000.0,517662.821650881,0.0886919019576957,1.465993311036789,False,0.2
goe288,ok,,0.0660495500432481,0.6673402242591294,4.68315583564532,1.7678399999999996,0.3774890398786822,0.3774890398786822,5.951327639157128,0.930800413799764,0.0761531229086527,1.8705561802498816,17.125696776812877,24.94758059621989,7.8218838194070095,0.0660495500432481,9.418141627600418,31.29280030819022,0.6809239218175791,39.529914360119015,0.1452371537283582,0.0088271090341086,7.765466051279489,1000000.0,781727.8236684572,16.783139558599586,0.7422051513400073,13.574728341508008,0.669282064876439,0.008933887778924,7.343309349794933,1000000.0,419260.8853236509,0.1738080750036764,1.9635,False,0.2
goe289,ok,,0.0647904206517868,0.7485516727352525,4.175073517877688,1.7678399999999994,0.423427274377349,0.423427274377349,6.313460922433948,1.1308006152746914,0.0810976092221086,1.840454258016961,16.793665415676173,24.94758059612708,8.153915180450909,0.0647904206517868,9.56074464867397,31.292800308098112,0.6070495053864209,39.76906224532381,0.2129744399815271,0.0087410784159708,7.596072357381574,1000000.0,876859.5819001159,17.315914639058384,0.6479773895488946,14.004044719187933,0.6628348146352852,0.0087071648871925,7.317566152306696,1000000.0,485211.4710454192,0.1679999999999999,1.641985618729097,False,0.2
goe290,ok,,0.063298629594916,0.8174138520905146,3.823348793933596,1.767839999981583,0.4623799959832509,0.4623799959832509,6.742508735842463,1.3566074904264696,0.0796096483547453,1.8553446004071776,16.349727059761538,24.94758039601118,8.59785333624964,0.063298629594916,10.397285041049576,31.292799994886963,0.5559092580680043,39.98608754177036,1.3342472001715742,0.0086287156430554,7.468704646891401,1000000.0,957525.2952114688,18.679881244644555,0.537658028643256,14.35755561823569,1.176095002160238,0.0086743569848799,7.590769089857972,1000000.0,571583.8405708659,0.175526859038583,1.419414381270903,False,0.2
goe298,ok,,0.066814000073261,0.6997603689982324,4.466183573776944,1.7678399999999996,0.3958278854411216,0.3958278854411216,5.731467153687041,0.8316671582845989,0.0801296623459763,1.8656994577672583,17.35041398481666,24.947580596270964,7.597166611454299,0.066814000073261,9.887808753350743,31.292800308244416,0.6493764763200665,39.84181486439849,1.5984834537905708,0.0095870468495106,7.554276922106164,1000000.0,819705.0476833874,17.66595491784763,0.620489434153418,12.59886382003847,1.3448200881765164,0.0094739918981338,7.763346254583039,1000000.0,462754.1247720079,0.1281106648521343,1.8262,False,0.2
goe29b,ok,,0.0678071442655354,0.715553571365393,4.367609066133926,1.76784,0.4047615006818451,0.4047615006818451,5.44583283400235,0.6813399031771941,0.0819112466692791,1.8866586958087237,17.615089066525616,24.94758059633669,7.332491529811073,0.0678071442655354,8.34140844250244,31.292800308313023,0.6350438889161371,39.98446078449139,0.1587411152451146,0.0099029759281691,7.460641404468969,1000000.0,838205.3347448936,14.737533010136142,0.8415233141539082,13.873453133682986,1.9723804904037825,0.0099211924818023,6.255165340248418,1000000.0,394757.8570267312,0.0942100199363109,1.7638220735785952,False,0.2
goe300,ok,,0.0677642951069415,0.7288621084209923,4.287859431148865,1.7678399999999996,0.4122896350467194,0.4122896350467194,5.458156513039464,0.6982905481476261,0.081574706384809,1.8791139759878053,17.6103101073057,24.94758059633297,7.337270489027269,0.0677642951069415,9.2568968560908,31.292800308310103,0.6234484101144413,39.82516616741752,-0.1302173660463216,0.0091548741950926,7.563328546205757,1000000.0,853795.0644367045,16.42067657839412,0.6659066928820777,12.564982874513966,0.2521069151684098,0.0089410528417606,7.314946509079525,1000000.0,448022.94710650016,0.0843,1.7133565217391304,False,0.2
goe301,ok,,0.0675877202608416,0.7069445627478445,4.420796806827875,1.7678399999999996,0.3998917112113339,0.3998917112113339,5.508940514429314,0.7210456965476133,0.080992762662385,1.8884610560760116,17.550179025817588,24.947580596322915,7.397401570505325,0.0675877202608416,7.823723340072757,31.29280030829804,0.6427773076316311,39.75559457597438,-0.7878638959434545,0.0091515283062699,7.61479082523499,1000000.0,828120.6712911034,13.809698493032004,0.9786598262256176,15.166073114296024,2.2987023950715826,0.0092035685707244,5.701246359326499,1000000.0,365454.56698373024,0.0994367082615961,1.797479264214047,False,0.2
goe303,ok,,0.0673240466475188,0.7268681105145389,4.299622201595384,1.7678399999999996,0.4111617061015358,0.4111617061015358,5.584774651853147,0.7635680370156623,0.0816244482041061,1.8772108427640188,17.485595101686627,24.947580596303798,7.461985494617165,0.0673240466475188,9.295726354378068,31.292800308279908,0.6251586995148322,39.603894832658085,-0.1546254400615394,0.0083013652782602,7.727614648432349,1000000.0,851459.2788992808,16.506272928282215,0.6720584701818348,12.852856071027142,0.2662541062056587,0.0082288495804424,7.404519408334288,1000000.0,449126.28803984576,0.0983906118059223,1.7208,False,0.2
goe304,ok,,0.0679005163527356,0.7013734636382837,4.455911761172326,1.7678399999999996,0.3967403518634513,0.3967403518634513,5.4189784529236205,0.6775819144436942,0.0803276898444805,1.890342212570812,17.63825993084793,24.94758059634236,7.309320665494432,0.0679005163527356,7.872234426537005,31.29280030831937,0.6478829699807043,39.89527595578157,-0.2782120405886208,0.0097946873585688,7.514029228991723,1000000.0,821594.6400049863,13.881497882916817,0.9646312792885666,14.57521146592436,2.607054240835672,0.0085871443219624,5.850186216533767,1000000.0,364459.68860169227,0.0897828224913746,1.8197,False,0.2
goe308,ok,,0.0666694363723469,0.8399054645235107,3.72096431991942,1.767839999999245,0.4751026475947311,0.4751026475947311,5.773044554447847,0.8567471605863546,0.079177154371202,1.8589004050613305,17.315635636793285,24.947580596302465,7.631944959509178,0.0666694363723469,9.825292289226638,31.29280030772972,0.541022700645164,39.98581412034005,1.014694744350812,0.00843203997563,7.461619834117163,1000000.0,983872.1644401832,17.61846638380908,0.5221255387459491,12.708705201746252,0.8225845556824269,0.0084015564896964,7.60813857358216,1000000.0,553939.5159490743,0.0808841751421715,1.3546254180602006,False,0.2
goe309,ok,,0.0580023836104917,0.8567571808808436,3.647775980555272,1.7678399999958678,0.4846350240309339,0.4846350240309339,5.937631475927423,0.9246924392625304,0.1062380607571429,1.83288481875655,14.848954050443504,22.619470345127475,7.770516294683974,0.0580023836104917,10.728183450122096,31.29280030741951,0.4808860054926573,37.77426314842154,1.0813142623844574,0.0079972478395798,7.904447040837994,1000000.0,1003612.4034796816,19.51056123901304,0.4249706286551774,14.146694198866648,0.5788720760132017,0.0080616354335402,8.30926835754586,1000000.0,625736.3056664743,0.084295902,1.0929,False,0.2
goe310,ok,,0.0666505751971225,0.8378655710177587,3.730023494979721,1.7678399999804395,0.4739487572557637,0.4739487572557637,5.77846880076355,0.8597188532480373,0.0792153365415677,1.8494602864142,17.31965133286301,24.94758042004076,7.62792908717775,0.0666505751971225,10.096926987553788,31.292800036224182,0.5423398967778981,39.8069549932924,1.4038573503558078,0.0079290500102736,7.570678082280543,1000000.0,981482.6079161916,18.19797026142164,0.4903348006236938,12.526396954009195,0.8716644815544633,0.0079589669280505,7.971325255593827,1000000.0,570769.9947043962,0.0814181941941941,1.3603581939799332,False,0.2
goe311,ok,,0.0670362387336955,0.7962150957990426,3.9251431957130656,1.767839999999898,0.4503886640188527,0.4503886640188527,5.667549961135408,0.8034298196167546,0.0800406800291662,1.8478257952151556,17.43220483996597,24.94758059631653,7.515375756350563,0.0670362387336955,9.736538387972624,31.292800308228955,0.5707100067394776,39.95333345843993,0.5978018196266348,0.0088136198360933,7.477478463967652,1000000.0,932692.9074337888,17.563954374892663,0.5457352536989617,12.49654259048655,0.3779478472274418,0.0088335495630647,7.649897766487042,1000000.0,523499.83097055054,0.0843798582940168,1.4838297658862876,False,0.21
goe314,ok,,0.0673858084457958,0.7802506926399442,4.005454009948808,1.76784,0.4413582069870261,0.4413582069870261,5.5241327350646925,0.7224537211721733,0.0803803540464769,1.8722577784810956,17.50831123442901,24.9047017479748,7.3963905135457875,0.0673858084457958,9.869463907745072,31.292800309844864,0.5813860977859269,40.00000000317127,1.420686986805675,0.0092331095101293,7.438591976346051,1000000.0,913992.0744064712,17.571412122804055,0.5476191895517968,12.295337180214828,1.0984232461835273,0.009306764208533,7.65120396538397,1000000.0,513221.2923533116,0.0803329760444448,1.5302939799331103,False,0.21
goe315,ok,,0.0676390718614475,0.7806974400980874,4.003161923020067,1.7678399999999723,0.4416109150704246,0.4416109150704246,5.494171481279089,0.7047083007197277,0.0803706366946484,1.8766419102780765,17.576767204775432,24.9475805963326,7.370813391557165,0.0676390718614475,8.569455448291768,31.292800308299785,0.5820538141265025,39.78814578442525,1.9340155114212847,0.0084159791338135,7.589174899799958,1000000.0,914515.3980057136,15.221258428611575,0.7268383928146863,13.548883315495258,3.271409444580482,0.00849376999099,6.587461212117353,1000000.0,444833.15883677936,0.0807673568037578,1.5332,False,0.2
goe316,ok,,0.0670260588024072,0.7657431005529656,4.081340417358194,1.7678399999999994,0.4331518126940027,0.4331518126940027,5.569868373395408,0.7446224114835116,0.0807012941836566,1.8821669193986603,17.39493590458679,24.84697119738086,7.452035292794068,0.0670260588024072,8.591416726726447,31.29280030975883,0.5910276848084342,40.000000003144194,1.9318406209902577,0.0095488651946333,7.421348886487368,1000000.0,896997.7617923028,15.215470774985508,0.7497687531354945,13.784501894347551,3.337632775727148,0.0094263667790989,6.447848355744401,1000000.0,436146.4328752296,0.0907581295836249,1.5722558528428094,False,0.2
goe318,ok,,0.0672589216460917,0.783637580601833,3.988142405319306,1.7678399999999987,0.4432740409775961,0.4432740409775961,5.603504998987456,0.7567856784677579,0.0803071378653868,1.872778436305564,17.47129716100515,24.947580596298167,7.47628343529302,0.0672589216460917,9.389525537684408,31.29280030827534,0.579869998499964,39.75490491643659,2.180972916724671,0.0082130718722575,7.623363165635578,1000000.0,917959.5027565466,16.71229113503171,0.6092630429463256,12.760836101183608,2.4447401741677504,0.0081006870171196,7.426471172532805,1000000.0,490247.1593818782,0.0912593815696059,1.5236956521739131,False,0.2
goe319,ok,,0.0675765490185464,0.6927014904477783,4.511695598604472,1.7678399999999996,0.3918349457234695,0.3918349457234695,5.512153431764938,0.72505419797368,0.0792642752561566,1.874842102187778,17.560585062368563,24.94758059632128,7.3869955339527165,0.0675765490185464,9.505217117829512,31.29280030829728,0.6559938573167305,39.78048319756846,1.059429727261748,0.0094492127250513,7.595479444642085,1000000.0,811436.2193327401,16.899586915857697,0.6660024923584674,12.465173740107552,1.1505177932050628,0.0093409618572156,7.54896877414538,1000000.0,438213.7993464468,0.1024447305943217,1.855,False,0.2
goe320,ok,,0.0659176832900864,0.6802330923714953,4.594393158239945,1.7678399999999996,0.3847820460966464,0.3847820460966464,5.688655081494179,0.818926039519386,0.0777326381670469,1.871250691448794,17.087076583245963,24.646982356188936,7.559905772942973,0.0659176832900864,9.40618273660343,31.29280030958482,0.6599688819009439,40.00000000306148,0.4207929764411656,0.0112955558231528,7.361615772496131,1000000.0,796830.6353792482,16.75560767919842,0.7060648303012209,13.100927989672211,0.8339411153133323,0.0111376248332004,7.129892019591996,1000000.0,426659.8508632552,0.1232841392663861,1.8723,False,0.2
goe321,ok,,0.0668610879145889,0.7352215118489893,4.250770978858288,1.7678399999999996,0.4158869082320738,0.4158869082320738,5.717924403672694,0.8282749066562879,0.0814178601087599,1.86710891669807,17.36254727590224,24.947580596273003,7.585033320370765,0.0668610879145889,9.997014732566276,31.292800308247728,0.6180558040877613,39.759824077567046,1.3510876652502686,0.0088515623094121,7.60504509062505,1000000.0,861244.5218794809,17.847583579012124,0.5776792344368791,12.561108639517368,1.0032576786964846,0.0089318086144579,7.870757832976828,1000000.0,491203.5175758642,0.1115459630717366,1.6898869565217391,False,0.2
goe322,ok,,0.0656379264876168,0.7734373522267672,4.040738731588487,1.7678399999999843,0.4375041588756754,0.4375041588756754,6.069713081258162,1.010999791493596,0.0805295651809641,1.858787822093821,17.01907969284346,24.94758059619544,7.928500903351983,0.0656379264876168,9.679423979763737,31.292800308145114,0.5875174264362694,39.98142505168709,0.1439187096792467,0.0091458371824215,7.463674966461158,1000000.0,906010.8713969628,17.35795028120424,0.6068416433629014,13.470073967487265,0.3102183395349329,0.0091184471085046,7.337651934047708,1000000.0,502559.42277705343,0.1306347672226596,1.5569785953177258,False,0.2
goe323,ok,,0.0669447519413614,0.7478850695185755,4.178794834895919,1.7678399999999996,0.4230502022346907,0.4230502022346907,5.693862119912422,0.805836528262164,0.0811134604679441,1.8710212707690248,17.382697205596973,24.94758059627842,7.564883390681448,0.0669447519413614,9.732845941279948,31.29280030825357,0.6075905793665387,39.77959502515082,1.6522768005239927,0.0087742118964049,7.591262083300052,1000000.0,876078.7174175413,17.339631735416816,0.6000589994393103,12.691816971313598,1.5863226216533803,0.0088038094008191,7.638446689566116,1000000.0,485443.3665768741,0.1104092071203856,1.6443404682274247,False,0.2
goe324,ok,,0.0663326422815345,0.7422994537558196,4.210239209778614,1.7678399999999996,0.4198906313669901,0.4198906313669901,5.869908586897162,0.8957600746465324,0.0812464454072491,1.8673660707164,17.21030593862354,24.947580596237103,7.737274657613562,0.0663326422815345,9.894951263080957,31.29280030821044,0.6121625448997751,38.60429629469351,1.2385490637981496,0.0049069611335666,8.411845571307943,1000000.0,869535.6812028075,17.662937864284313,0.5959218477612997,12.937692455295116,1.0961340816643304,0.0050415985413036,8.544074691927467,1000000.0,490801.5440162965,0.1312526025207285,1.6642384615384616,False,0.2
goe325,ok,,0.0673873885966987,0.7910344130840747,3.950849942691077,1.767839999999968,0.4474581484094087,0.4474581484094087,5.566557121409433,0.741855138789137,0.0801494131099874,1.8588639085732817,17.52215956633118,24.94758059631389,7.425421029982715,0.0673873885966987,9.735003705011234,31.29280030828085,0.5744477296714608,39.871535357188,0.8983995547831507,0.008558050590636,7.538967205274665,1000000.0,926624.2131221445,17.45690590923546,0.5494111659630849,12.36277378659548,0.6779870394184376,0.008607971031016,7.71003137184564,1000000.0,516923.7505859152,0.082,1.500096989966555,False,0.2
goe326,ok,,0.067455091225337,0.784147816833595,3.985547365571765,1.767839999999996,0.4435626622508806,0.4435626622508806,5.547085432980984,0.7344381126924657,0.0802961603065433,1.8839049898646727,17.516590173466234,24.947580596311887,7.430990422845657,0.067455091225337,9.911568433252905,31.29280030828861,0.5794926835642525,39.77113164293005,0.9573086238180036,0.0082768304209225,7.609528094157691,1000000.0,918557.1976725349,17.53727582968482,0.5495798693296895,12.346333806229833,0.687536942053923,0.0083145917811803,7.8248806226429855,1000000.0,514782.658701808,0.0817752273268463,1.5220535117056857,False,0.21
goe328,ok,,0.0675261866697659,0.7737908805878689,4.038892605228966,1.767839999999987,0.4377041364534543,0.4377041364534543,5.526637950071103,0.7265318120376031,0.0805217569210458,1.8803600120697284,17.540582634179867,24.947580596320694,7.406997962140831,0.0675261866697659,9.067293347030892,31.292800308292676,0.5872490023954804,39.82473150719057,1.5671813115962971,0.0085353705230874,7.580500389324405,1000000.0,906424.9974291332,16.07368321106844,0.660836658229441,13.002837560602568,2.217970810920273,0.0085572668835099,7.060424722459247,1000000.0,465589.1489330353,0.082,1.5558103678929769,False,0.21
goe329,failed,Restoration_Failed,,,,,,,,,,,,,,,,,,,,,,,,,,,,,,,,,,,1.21
goe330,failed,too few converged polar points,,,,,,,,,,,,,,,,,,,,,,,,,,,,,,,,,,,0.01
goe331,failed,too few converged polar points,,,,,,,,,,,,,,,,,,,,,,,,,,,,,,,,,,,0.01
goe332,ok,,0.0664352535887338,0.743845772258596,4.201486897089616,1.7678399999999994,0.4207653250625601,0.4207653250625601,5.840396949862928,0.8968028819690341,0.0812094301524412,1.8767546958133368,17.230428950566417,24.94758059624268,7.717151645676265,0.0664352535887338,9.098632928835784,31.29280030821772,0.610889971598564,39.831550288301976,-1.0063998674433206,0.0090295940989985,7.552270608288173,1000000.0,871347.051406592,16.160224081021365,0.7085747893146149,13.626198385706868,-0.1372593636303539,0.0087249913638545,6.948239889240432,1000000.0,449980.936968749,0.1177938691508941,1.6587,False,0.2
goe335,ok,,0.0676036044631129,0.8334241199030455,3.749901389899261,1.7678399999999996,0.4714363969041574,0.4714363969041574,5.504372121088134,0.7030281374753183,0.0792995419887949,1.8741165656201968,17.569091909610282,24.947580596318616,7.378488686708332,0.0676036044631129,9.631046386530429,31.292800308299128,0.545230107739919,39.8486395792207,0.50459964719462,0.0080926932374188,7.545242987394283,1000000.0,976279.8640980644,17.12993126682997,0.5381414287887092,12.365399699992505,0.4328958374240867,0.008082184268865,7.601750223833673,1000000.0,534423.4713553167,0.0685,1.3729367892976587,False,0.2
goe336,ok,,0.0664870589693443,0.8195138990412926,3.813551264055525,1.7678399999999983,0.4635679128435228,0.4635679128435228,5.809073978935213,0.879432485909845,0.079568723079226,1.8702509958242903,17.251832192482357,24.93115716724186,7.679324974759503,0.0664870589693443,9.068919675508566,31.29280031006331,0.5541196781106272,40.00000000528677,1.1199644725299778,0.008730345134372,7.446493738928424,1000000.0,959985.31710444,16.1634627219497,0.6397410648180101,13.583563829799102,1.902605362891145,0.0086162758324426,6.868182750618642,1000000.0,495854.8526463046,0.0894875512388761,1.411625752508361,False,0.2
goe344,ok,,0.0676006962775571,0.7883402396358682,3.964352076006605,1.7678399999999994,0.445934156731304,0.445934156731304,5.505208532969465,0.7216805395811919,0.0802065214483419,1.8633227983933212,17.579049264955174,24.94758059631796,7.368531331362786,0.0676006962775571,10.417288222701748,31.29280030829893,0.5764109198557057,39.455264024292745,2.6826437475777287,0.0071048594639692,7.84310789153375,1000000.0,923468.2362015996,18.63568357861238,0.4800460514335849,11.762516395174204,2.0176377030130466,0.0064975824093395,8.871163057282708,1000000.0,549949.5626854557,0.0720161404507797,1.5086411371237458,False,0.2
goe346,ok,,0.068235470920226,0.7905067978599217,3.953486894695267,1.7678399999736178,0.4471596965063121,0.4471596965063121,5.322643289059175,0.6250251768660089,0.0801597926034492,1.874861425730543,17.75007578615258,24.947580500942298,7.1975047147897175,0.068235470920226,7.921148995971807,31.292800157861294,0.5748311418818407,38.02376985975894,1.6499741139209727,0.0030212055534098,8.821450520918518,1000000.0,926006.1558746564,14.083083487775312,0.8188175812194339,14.173359830960043,4.0293345145194825,0.0032714098700584,6.47279022416746,1000000.0,416741.9322524429,0.0573820695287114,1.5668983277591972,False,0.84
goe358,ok,,0.067845183494776,0.7127063949605499,4.38505713951534,1.7678399999999996,0.4031509610375091,0.4031509610375091,5.434892519948931,0.6565903610916619,0.0817306155487576,1.8796911566520296,17.632996919739917,24.94758059634088,7.314583676600961,0.067845183494776,9.159587365757233,31.292800308315613,0.6375808129417218,39.27933898133957,-0.3415357593659787,0.0071657254424406,7.9791730100232865,1000000.0,834870.1289029382,16.243071516194586,0.6938234302877304,12.73665159276045,0.1655536981067565,0.007393045681639,7.505706515283046,1000000.0,433353.84103996016,0.1086999999999999,1.774863210702341,False,0.2
goe359,failed,too few converged polar points,,,,,,,,,,,,,,,,,,,,,,,,,,,,,,,,,,,0.01
goe360,failed,too few converged polar points,,,,,,,,,,,,,,,,,,,,,,,,,,,,,,,,,,,0.01
goe361,failed,Maximum_Iterations_Exceeded,,,,,,,,,,,,,,,,,,,,,,,,,,,,,,,,,,,1.34
goe362,ok,,0.0684562412572199,0.7705061430338555,4.056110770634914,1.7678399999999963,0.4358460850720976,0.4358460850720976,5.259148585054737,0.5750236244467121,0.0805945956331439,1.8824253185128408,17.806006692809884,24.947580596377463,7.141573903567577,0.0684562412572199,8.9979097794741,31.292800308356696,0.5897524981409672,39.56296783369509,0.3143760241094414,0.0069368571187797,7.913079467165157,1000000.0,902577.228862431,15.933185929491316,0.6512067577766264,12.526551095132294,0.8833780080525866,0.0069308221281463,7.415555555525732,1000000.0,459560.3672883741,0.066,1.5667060200668896,False,0.2
goe363,ok,,0.0667020556552042,0.7522302946845398,4.154656210583259,1.7678399999999996,0.4255081312135374,0.4255081312135374,5.763663050255185,0.8496683383532582,0.0810113723851624,1.872996634098425,17.310920911907466,24.94758059626108,7.63665968435361,0.0667020556552042,9.490625763247792,31.292800308236565,0.6040808591458247,39.72161978915616,-0.1248851103962446,0.0085115233641444,7.631927817336776,1000000.0,881168.7498905532,16.890270187833952,0.6347252011068109,13.092601582636766,0.1651102326960106,0.0086562216440339,7.388728084543859,1000000.0,475610.303971739,0.1106548227272246,1.6290655518394648,False,0.2
goe364,ok,,0.0670262636261853,0.7319652938939675,4.269680942075819,1.7678399999999996,0.4140449893055749,0.4140449893055749,5.6704188628087335,0.8029669941855455,0.081497831089831,1.876192840525498,17.400968892950086,24.94758059628432,7.546611703334231,0.0670262636261853,9.232512882668532,31.29280030825926,0.6208052847299932,39.81608899966702,-0.1795312684828749,0.0091041363862015,7.565526926688636,1000000.0,857430.1614039241,16.40292099910622,0.6834794270769776,13.26170512805572,0.4303674966575062,0.0097202312604762,7.058409599335559,1000000.0,449443.9315502036,0.108,1.7018531772575252,False,0.21
goe365,ok,,0.0659545358246022,0.7822104791980652,3.995418558958536,1.7678399999999432,0.4424667838707634,0.4424667838707634,5.978654307261746,0.969088431346665,0.0803378515773363,1.8763816278723544,17.092544661103446,24.947580596237547,7.855035935134101,0.0659545358246022,8.660889158236786,31.292800308175508,0.5809279404635515,39.76300577675602,0.2048871014408847,0.0084242761460918,7.584304868243218,1000000.0,916287.7844397096,15.385798975335035,0.7566425435113207,14.745056773658677,2.047494673735448,0.0085599362759884,6.386376615492623,1000000.0,450513.2016344768,0.1169856650840084,1.5283,False,0.2
goe366,failed,too few converged polar points,,,,,,,,,,,,,,,,,,,,,,,,,,,,,,,,,,,0.01
goe367,ok,,0.0638848843871037,0.7853789579635279,3.9792997175576463,1.767839999999996,0.4442590720673419,0.4442590720673419,6.573898668444805,1.2922992302761789,0.0802697328171531,1.857712865226063,16.515969062383803,24.94758059605467,8.431611533670868,0.0638848843871037,9.896687065899451,31.292800308028845,0.5785842848006106,39.63546759698112,1.0850060325237996,0.0078891783465456,7.685270285069015,1000000.0,919999.3665034428,17.757834110879728,0.6072362037269047,14.343957403170378,1.44015212894472,0.0076774917813914,7.505917533784928,1000000.0,522075.2368489986,0.1628385137027405,1.5181,False,0.2
goe368,ok,,0.0516243167136893,0.8567571807823001,3.647775980991421,1.7678399999998866,0.4846350239740899,0.4846350239740899,5.5866820440468,0.7131232442293386,0.1062380597862786,1.815883321783844,13.031584653822463,20.434150019653107,7.402565365830643,0.0516243167136893,10.800956389423838,31.292800306863864,0.4344264755161945,35.12791732017078,0.749326709292992,0.0079985716648702,8.260023984455529,1000000.0,1003612.4033441452,19.82681790886112,0.3920349441734464,14.37899483175404,0.3611252912855095,0.0078956943735886,8.598328145165407,1000000.0,635879.1855331098,0.0770844018888371,0.8907,False,0.2
goe369,ok,,0.0685181656794514,0.7757963915402204,4.028451665513107,1.7678399999997907,0.438838577891841,0.438838577891841,5.241338744021271,0.5725343530306815,0.080477576586261,1.8946761347352628,17.811565717656478,24.94758059641301,7.136014878756534,0.0685181656794514,7.973616294470447,31.292800308356057,0.5857309052253852,39.89582608128559,0.615026634510833,0.0086539369520444,7.553006807282419,1000000.0,908774.2694442682,14.028107756411847,0.8337121353405976,13.640936223097627,2.861138544798312,0.0063510358044495,6.187086397559011,1000000.0,407390.3023186605,0.0585,1.5492033444816056,False,0.2
goe370,failed,too few converged polar points,,,,,,,,,,,,,,,,,,,,,,,,,,,,,,,,,,,0.01
goe371,ok,,0.0677576773579011,0.8126910557782102,3.8455674433436102,1.767839999999217,0.4597084893308049,0.4597084893308049,5.460059818064108,0.6830137651155144,0.0797041331420639,1.9049792889726211,17.582541489406047,24.947580596442776,7.365039107036729,0.0677576773579011,9.97405327680576,31.292800308272284,0.5591398102124652,39.74054226022582,0.6035403707978098,0.0073810785678005,7.736946161650214,1000000.0,951992.9823735292,17.452601426417413,0.5306834621729151,12.31840088003,0.3279752605489994,0.0074333630215805,7.959980960759413,1000000.0,530944.9431957515,0.0694933897847586,1.4334742474916389,False,0.2
goe372,ok,,0.0533542238329467,0.8567571806146974,3.647775981682453,1.7678399999944192,0.4846350238807822,0.4846350238807822,5.53010505678989,0.6928819990088081,0.1062380586272284,1.824080316420428,13.520919485009928,20.875104858220247,7.354185373210317,0.0533542238329467,10.72774530337376,31.29280030696131,0.4438010987764773,34.77290669886615,-0.0830873856110172,0.006501932294193,8.66848491193428,1000000.0,1003612.4031540432,19.603934481031825,0.3983791978825185,13.924354520074507,-0.5058010051017744,0.0065557407962417,9.077423419311351,1000000.0,628730.9413918436,0.0619988785614603,0.9315,False,0.21
goe373,failed,too few converged polar points,,,,,,,,,,,,,,,,,,,,,,,,,,,,,,,,,,,0.01
goe374,failed,too few converged polar points,,,,,,,,,,,,,,,,,,,,,,,,,,,,,,,,,,,0.01
goe375,failed,too few converged polar points,,,,,,,,,,,,,,,,,,,,,,,,,,,,,,,,,,,0.01
goe376,failed,too few converged polar points,,,,,,,,,,,,,,,,,,,,,,,,,,,,,,,,,,,0.01
goe377,ok,,0.0648103886451863,0.8567571810259432,3.6477759799545098,1.7678399999999923,0.4846350241118805,0.4846350241118805,5.621299930427364,0.7492659086082504,0.1062380614377198,1.8708150137177308,16.769047576519093,24.261162520664183,7.492114944145095,0.0648103886451863,10.014743051303444,31.292800308098546,0.5157880955073678,38.680088561470406,1.2456394261106478,0.0061825171820413,8.065056666693655,1000000.0,1003612.4036690888,17.843814911095695,0.4898663150435026,12.730113388095551,1.0101054377182217,0.0060477193531514,8.355384227669576,1000000.0,572280.9655010784,0.0645,1.2448,False,0.2
goe379,ok,,0.0675881966975456,0.840361195727176,3.718946426239349,1.7678399999999457,0.475360437441851,0.475360437441851,5.50880348833522,0.7099365097275521,0.0791686229717547,1.8823033860254983,17.556473721971095,24.94758059633181,7.391106874360718,0.0675881966975456,9.19875172855515,31.29280030829073,0.540729301874644,39.70857473959488,0.6985476192040924,0.0074311899008869,7.672582213746827,1000000.0,984406.0117351316,16.289885036330237,0.5911718841720907,12.804669451055524,1.1120210538071411,0.0073138308345749,7.289360199944763,1000000.0,512445.6936501492,0.0644956053449655,1.3533484949832777,False,0.2
goe380,ok,,0.0675037199032774,0.8418582687570639,3.7123330394012015,1.7678399999999843,0.4762072748422206,0.4762072748422206,5.533099528970617,0.7231730412188758,0.0791406532972542,1.8627814480415448,17.551699619303495,24.947580596315657,7.395880977012162,0.0675037199032774,9.723817502687496,31.292800308289557,0.5397677252239418,39.8324071601088,0.189264277126409,0.0079452243230021,7.559274174839908,1000000.0,986159.6953869612,17.40017598040596,0.5175472056689528,12.325365226783816,-0.023377980875811,0.0080168737933792,7.716363006899606,1000000.0,548348.2486535761,0.065496,1.3491635451505015,False,0.2
goe381,failed,Restoration_Failed,,,,,,,,,,,,,,,,,,,,,,,,,,,,,,,,,,,6.55
goe382,ok,,0.064057279119244,0.7147575821673356,4.372473050405961,1.7678399999999996,0.4043112397996062,0.4043112397996062,6.524316893302922,1.2480650260046635,0.0819255299573513,1.862754968263557,16.560508734506467,24.947580596072942,8.38707186156648,0.064057279119244,9.70038794910328,31.29280030804287,0.6357511050290169,39.994958626214846,0.2566251893742772,0.0099489107376808,7.454534175275232,1000000.0,837272.9064487005,17.358496983182377,0.6945982333065135,14.532834262499724,0.804728598226607,0.0099249146627406,7.0949252213085545,1000000.0,464445.4659736742,0.2002906570731657,1.7669,False,0.21
goe383,ok,,0.0632985586604262,0.7494269407554364,4.170197381014459,1.7678399999999996,0.4239223802807021,0.4239223802807021,6.74252951918118,1.36526605938006,0.0810770998124411,1.85587720617728,16.349173870650812,24.94758059600927,8.59840672535846,0.0632985586604262,10.09802885333436,31.292800307984315,0.6063405223106086,39.49840747883515,0.9952978559210272,0.0078990152116292,7.75776353636958,1000000.0,877884.8780497254,18.13702763617318,0.6221036831141918,14.568316099547758,1.1457577685735891,0.0079030850076302,7.6376807372914595,1000000.0,508814.2364332877,0.2016982452376845,1.6389,False,0.2
goe384,ok,,0.0645185629379222,0.6970719235104897,4.483408612788532,1.7678399999999996,0.3943071338528882,0.3943071338528882,6.391648857030321,1.1792384737989656,0.0797998759592756,1.859866744164918,16.696064994913403,24.947580596108644,8.251515601195239,0.0645185629379222,9.277787001291443,31.292800308077776,0.6518809714813414,39.92038425606478,-0.4543014370542916,0.0099176792621949,7.503209656598519,1000000.0,816555.7805379474,16.62804970732313,0.7636244478810207,14.648729295561289,0.6329311015930429,0.0096401262180779,6.862159401168707,1000000.0,433893.0991766223,0.1953422054465358,1.8371,False,0.2
goe385,ok,,0.0666689633757502,0.7928330931937748,3.941886750728923,1.7678399999999916,0.4484755934891045,0.4484755934891045,5.77318059141566,0.854471660455385,0.08011150758825,1.8808085673831267,17.293591437460364,24.94758059625915,7.653989158798787,0.0666689633757502,8.489254692816779,31.292800308233176,0.5731444948369814,39.76285837907957,1.3454542395022162,0.0082463084371139,7.597393841541344,1000000.0,928731.2017848524,15.045399161539606,0.7606851927222125,14.429277608401552,3.052003747034526,0.0079754396317588,6.3503792079344565,1000000.0,446528.6425949276,0.0988809710219097,1.49442508361204,False,0.2
goe386,ok,,0.0639226384059596,0.7172721435047902,4.357144347372982,1.7678399999999996,0.4057336317227749,0.4057336317227749,6.563040382638622,1.2635316392373788,0.0818674335335135,1.8606269539800917,16.523913259442782,24.947580596061496,8.423667336618713,0.0639226384059596,9.854879592692148,31.29280030803258,0.633522334312998,39.98621197848331,0.5942602488058795,0.0098840150699166,7.459803929291137,1000000.0,840218.4842666684,17.655123490519237,0.6720197575558404,14.435352952792508,0.9363676844747404,0.0098383978563093,7.226565768971681,1000000.0,474043.8999617791,0.2026036516239728,1.7572,False,0.2
goe387,ok,,0.0654229585830383,0.7444057493858407,4.198326340411045,1.7678399999999994,0.4210820828727944,0.4210820828727944,6.1315391601454525,1.0413047769441892,0.0811960635072534,1.8677170230993332,16.948324412926798,24.947580596171584,7.9992561832447855,0.0654229585830383,9.660137334714294,31.292800308144844,0.6104304313400164,39.81693168265512,0.6550004392539558,0.0089885693188171,7.558673157498762,1000000.0,872003.0132139538,17.240544142466927,0.6448285639713498,13.666117380698031,1.0079889835564406,0.0088861872110913,7.341853924776068,1000000.0,480423.81294224935,0.1485,1.6567,False,0.2
goe388,failed,airfoil 'goe388' not found in the aerosandbox UIUC database,,,,,,,,,,,,,,,,,,,,,,,,,,,,,,,,,,,0.0
goe389,ok,,0.0663160893465682,0.8124288839514201,3.846808412817138,1.767839999999989,0.4595601886773832,0.4595601886773832,5.874669311827025,0.9019261823831312,0.0797093922444237,1.8583191233634304,17.214592161043317,24.94758059623377,7.732988435190455,0.0663160893465682,9.916690507612294,31.292800308208378,0.559320245334864,39.453630753836606,1.0441352320061,0.0069429482485285,7.832399652081415,1000000.0,951685.8721384368,17.787921681366477,0.536559521163032,12.912209002029815,0.8332807182341356,0.0070500317059061,8.003726327330472,1000000.0,540971.5203538677,0.1031314795650222,1.4342595317725753,False,0.2
goe390,ok,,0.0641450360540562,0.7050239756572069,4.432839695539015,1.7678399999999996,0.3988053079787803,0.3988053079787803,6.499077464259617,1.2310586983398366,0.0807609168825227,1.874639607148032,16.57386352467312,24.94758059608077,8.373717071407649,0.0641450360540562,9.290459826338044,31.292800308049543,0.6445283258162908,39.88548763957393,-0.8281076755772745,0.0097179351988124,7.518593623836104,1000000.0,825870.8797809656,16.519548239055954,0.7762906967303733,15.187083638146207,0.4751616373869957,0.0100525623344293,6.67677491049812,1000000.0,435979.32123268006,0.2030040743016341,1.8051,False,0.2
goe391,ok,,0.0564788142018767,0.8567571732786923,3.6477760129377703,1.7678399999995429,0.484635019729678,0.484635019729678,5.435743096117632,0.6548024435625969,0.1062381011559274,1.865815943473573,14.377835181037936,21.679394220629145,7.301559039591204,0.0564788142018767,8.771320058375037,31.292800117447573,0.4609001602688174,35.87304163145999,0.7872137520967442,0.0062816803343731,8.573875918439214,1000000.0,1003612.3884796556,15.670213147329616,0.6190337993118558,14.088583341224023,2.174412479812008,0.0058252634781079,7.201503035204332,1000000.0,502569.9197819038,0.051,1.1844,False,0.2
goe392,ok,,0.0539520798457194,0.8567571808286685,3.6477759807944663,1.7678399999999996,0.4846350240002877,0.4846350240002877,6.005034215913173,0.9432669680126264,0.1062380601367987,1.8453901401425727,13.67155669254061,21.52198104859636,7.850424356055746,0.0539520798457194,9.777877616157186,31.292800307127884,0.457553573963778,35.672703996396976,-0.9280153662347054,0.0065540906116864,8.51973735591373,1000000.0,1003612.4034068648,17.66180748352352,0.5239277538723495,14.707560699585503,-0.2901335741777291,0.00658139567217,7.89139615703348,1000000.0,566443.6829902643,0.1015,0.991353177257525,False,0.2
goe393,ok,,0.0685169558419383,0.7834372014094897,3.989162449749916,1.7678399999999714,0.4431606940727115,0.4431606940727115,5.241686700634866,0.5667159203357178,0.080311441167176,1.8588880361531916,17.847005859597363,24.94758059638542,7.100574736788058,0.0685169558419383,10.08518793475519,31.29280030835964,0.5800183114481076,39.69841597877247,2.3556626653010646,0.0078788657049943,7.691357633513648,1000000.0,917724.7769261744,18.084625034985283,0.4942840692790546,11.527748867946316,1.588970507211134,0.0077392274953038,8.40611776657383,1000000.0,530368.2736118598,0.0607168040491069,1.524341137123746,False,0.2
goe394,ok,,0.0687636584627931,0.7507092813528846,4.163073966486522,1.76784,0.4246477516929612,0.4246477516929612,5.170733524021927,0.5339409835532863,0.0810469731663709,1.8822275835615716,17.89461948881321,24.94758059639671,7.052961107583499,0.0687636584627931,9.185201712145355,31.292800308377217,0.6053047883836354,39.42137834533719,0.4117049195421151,0.0072216597249927,7.892058878397005,1000000.0,879387.022376361,16.26654465585403,0.633308624075365,12.067974104539443,0.6589885602760918,0.0072002294089101,7.671944669918841,1000000.0,457120.747529718,0.0610398548573572,1.6343923076923077,False,0.2
goe395,ok,,0.0689030364910602,0.7326106159974896,4.26591998171469,1.7678399999999996,0.4144100235301213,0.4144100235301213,5.13064755403612,0.5148528866316835,0.0814819259908741,1.8899780096248169,17.926955032744974,24.94758059640591,7.0206255636609365,0.0689030364910602,8.410205111883899,31.292800308386425,0.6202584466621984,39.50178844700607,-0.7775953793715489,0.007694013069956,7.833462552230317,1000000.0,858186.09702348,14.832985832029912,0.7768760940665402,12.873784657941387,0.5978388236052016,0.0073822269581521,6.76485009070809,1000000.0,406785.6533434897,0.0610520184752542,1.6994732441471572,False,0.2
goe396,failed,too few converged polar points,,,,,,,,,,,,,,,,,,,,,,,,,,,,,,,,,,,0.01
goe397,ok,,0.0653942855883737,0.8567571644809251,3.647776050379072,1.7678399999955317,0.4846350147542145,0.4846350147542145,5.395455691775482,0.6235216215280474,0.1062381719467831,1.8574442194962808,16.95035093345196,24.203250844723723,7.252899911271763,0.0653942855883737,9.805254312192767,31.29279990074246,0.514556926617007,39.0932171874956,1.3151909113655826,0.0072184619808851,7.822470169390015,1000000.0,1003612.3712260608,17.596319015978942,0.4876594033930262,12.466922677631311,1.0640372926044792,0.0072821999688277,8.036648835057687,1000000.0,564343.3476228457,0.051,1.2621414715719064,False,0.2
goe398,ok,,0.0653260847388395,0.7740968977466285,4.03729594408334,1.7678399999999883,0.4378772387470775,0.4378772387470775,6.159400667872435,1.0577058404927926,0.0805149934714239,1.8589332235708067,16.9292467047268,24.947580596170045,8.018333891443241,0.0653260847388395,10.114054826716336,31.292800308136503,0.587016850232142,39.2535313600964,1.0957919752267526,0.0065701768722697,7.9850913972771105,1000000.0,906783.4684395812,18.135947898276036,0.5617131737615331,13.348429813678107,0.937888813251777,0.0065524995784711,8.213856755827875,1000000.0,525532.3133980527,0.1385,1.5548,False,0.2
goe399,ok,,0.0635138771795909,0.8567571546401598,3.647776092253213,1.7678399999896095,0.4846350091892905,0.4846350091892905,5.621317306378513,0.7419839267367423,0.1062380396426144,1.85229150091567,16.414686622315852,23.888295429610032,7.473608807294183,0.0635138771795909,10.327365001739922,31.292800087680572,0.5078610287984944,38.657256867379886,0.7999703882691063,0.0068231512497019,7.977562177470087,1000000.0,1003612.3656972873,18.58484476594648,0.4504650113275004,12.935023052812516,0.2570795377841097,0.0069680043761488,8.453909535750343,1000000.0,596047.0130319642,0.0689943502889434,1.2103,False,0.2
goe400,ok,,0.0685737971897708,0.7743448475879126,4.0360031778285705,1.7678399999999983,0.4380174945628072,0.4380174945628072,5.225338782730517,0.5594817661867233,0.0805095550406362,1.885710423789988,17.83653138986352,24.947580596384025,7.111049206520505,0.0685737971897708,9.533284626593629,31.292800308364583,0.5868288839301437,39.63970162539402,1.4530004401350256,0.0076185603030033,7.763155540253335,1000000.0,907073.9189282045,16.85180026640073,0.5767837057734443,11.952033057133129,1.3625691372572415,0.0075963429634369,7.847554406669406,1000000.0,488477.4886878232,0.0612,1.553981939799331,False,0.2
goe401,failed,too few converged polar points,,,,,,,,,,,,,,,,,,,,,,,,,,,,,,,,,,,0.01
goe402,failed,Maximum_Iterations_Exceeded,,,,,,,,,,,,,,,,,,,,,,,,,,,,,,,,,,,1.33
goe403,failed,too few converged polar points,,,,,,,,,,,,,,,,,,,,,,,,,,,,,,,,,,,0.01
goe404,ok,,0.0459330961325544,0.8567571798684558,3.647775984817305,1.7678399999841483,0.4846350234614773,0.4846350234614773,6.472375419356182,1.194453883738864,0.1062380536936031,1.7756236952787634,11.435014571411893,19.68301368604684,8.247999114634945,0.0459330961325544,11.153391906388118,31.29280030589688,0.4184574481714336,34.643424274365174,-0.608454153886912,0.0092900535536303,7.965192947212801,1000000.0,1003612.402251582,20.93797977586517,0.3916765934646044,16.315320650399155,-0.8486442302566624,0.0092348116377921,8.123020530210406,1000000.0,671516.002905986,0.1318400775721392,0.8212,False,0.19
goe405,ok,,0.0658172734432874,0.8062173502079736,3.87644630172461,1.7678399999999757,0.4560465597610557,0.4560465597610557,6.018131804275277,0.987856229943336,0.0798347383241304,1.8760870006886967,17.05336179124059,24.947580596204563,7.894218804963973,0.0658172734432874,9.343114841729118,31.29280030817073,0.5636295504830114,39.6667075853067,-1.187134660748828,0.0076306927711869,7.696724881798441,1000000.0,944409.6304566849,16.60035815378735,0.6337652477444548,13.835543719703008,-0.5151831238430511,0.0075542879893607,7.169187161744141,1000000.0,500995.0517395349,0.111,1.453014381270903,False,0.2
goe406,ok,,0.0450541347889082,0.8567571804368035,3.647775982455073,1.7678399999981047,0.484635023779144,0.484635023779144,6.367434645674173,1.1544635980068725,0.1062380572874757,1.8016985988833767,11.156145030817756,19.325278275375304,8.16913324455755,0.0450541347889082,10.424836433074942,31.29280030596625,0.4108520552764332,36.20819090437008,-0.7587141851361623,0.0123201584410916,7.161081277614023,1000000.0,1003612.402911651,19.287052117625468,0.4571859092153154,16.05215115571795,-0.2858871601377318,0.0109485117713001,7.323322869398147,1000000.0,618567.9942859511,0.1168977220528052,0.7881,False,0.2
goe407,ok,,0.0666372244105302,0.7903875362403769,3.954083436671909,1.767839999999998,0.4470922347273384,0.4470922347273384,5.782308911155766,0.8683845895782002,0.0801630918531083,1.8604628959633265,17.304808789134416,24.94758059625351,7.642771807119093,0.0666372244105302,9.847088564156792,31.292800308231747,0.5749178749073185,39.81677072081012,1.3454148716495635,0.0084101576255733,7.569718196650601,1000000.0,925866.4562691865,17.642721399285747,0.5540972253544221,12.755631349570304,1.1275769726662606,0.0084925664169718,7.705498134970046,1000000.0,521998.7914154258,0.0945978882111788,1.502143143812709,False,0.2
goe408,ok,,0.0671822263409212,0.8095717497374255,3.860384538632411,1.7678399999999843,0.4579440162783015,0.4579440162783015,5.625563035962013,0.7838436644407965,0.079766809841173,1.860136390197365,17.461881170133548,24.947580596292926,7.485699426159378,0.0671822263409212,10.206167301776423,31.29280030826841,0.5612941939186407,39.74572533514802,2.072823099172882,0.0080226943972109,7.608333443794382,1000000.0,948339.0016387604,18.289281287044982,0.4930489959785512,12.199727531295506,1.3276124811010384,0.0079743481701098,8.150581907993304,1000000.0,554262.9162486246,0.0774980399999999,1.4428505016722408,False,0.2
goe409,ok,,0.0615012093575027,0.831085758417366,3.760452196355062,1.767839999999999,0.4701136745505059,0.4701136745505059,6.3000433032408365,1.13967644643472,0.0793441579117108,1.8208387521878795,15.86728371493237,23.98816577036109,8.120882055428716,0.0615012093575027,11.18691831132972,31.29280030972334,0.5257371439356209,40.000000002609205,5.666937964235835,0.0106927916259747,7.164838962595099,1000000.0,973540.6882786878,20.479423375422947,0.4155547318290151,13.530947089321463,4.524889937923566,0.0096988172254246,8.009848193154244,1000000.0,637129.0434581172,0.127,1.2881,False,0.2
goe410,ok,,0.0632175013089905,0.8126257087391129,3.845876683435497,1.76784,0.4596715249904476,0.4596715249904476,6.446318745708489,1.186101661804578,0.0797054520347833,1.852954352767564,16.328784134904836,24.62805723338089,8.299273098476053,0.0632175013089905,11.480577860811833,31.292800309864766,0.5520228522911216,40.00000000256154,4.950461993661469,0.0094983744895735,7.355963174848814,1000000.0,951916.434362854,20.652744527794216,0.4270711850708881,13.251715079407653,3.7778134378877466,0.0085197652622953,8.442529702718392,1000000.0,628249.5250035927,0.161,1.4025,False,0.2
goe411,failed,too few converged polar points,,,,,,,,,,,,,,,,,,,,,,,,,,,,,,,,,,,0.01
goe412,ok,,0.0654760118944465,0.7698480884418135,4.059577873247127,1.7678399999999954,0.4354738485619827,0.4354738485619827,6.116280704596412,1.0444954215651925,0.0806092526704815,1.890579124916108,16.940720766662412,24.947580596174934,8.00685982951252,0.0654760118944465,9.722619384573768,31.292800308148188,0.5902566097283555,39.55930740998208,0.1794590889976049,0.0075907764418293,7.777944520143253,1000000.0,901806.3782986494,17.142224228965112,0.6312903675970747,13.74112309660097,0.5530042015104089,0.0073806150974609,7.49732459326684,1000000.0,494010.34729004727,0.1312303310306266,1.5689,False,0.2
goe413,ok,,0.065010400131504,0.7555651631299783,4.136318636837891,1.7678399999999974,0.4273945397377474,0.4273945397377474,6.250193484011214,1.087733683238875,0.080933726022916,1.8658094129740737,16.83157769916063,24.947580596145915,8.116002896985288,0.065010400131504,9.87140864258248,31.292800308114032,0.6014146030867108,39.70418196096572,0.5169605111376054,0.008441718161173,7.638177270635028,1000000.0,885075.2421938746,17.635614466552248,0.6160208235650317,13.747081687861884,0.6398757706658899,0.0084102884370273,7.538553473707236,1000000.0,498799.9025825199,0.1635,1.6174615384615385,False,0.2
goe414,ok,,0.0646403506630623,0.8238913796769556,3.79328919161844,1.7678399999989252,0.4660440875177937,0.4660440875177937,6.356621719746079,1.1642951870558111,0.0794828691412075,1.877831626259004,16.713127118482564,24.947580464487647,8.234453346005083,0.0646403506630623,9.896500578345208,31.29280011619153,0.5515386336708523,39.75662130541893,-0.1292693614152453,0.0077621912740416,7.633831296517876,1000000.0,965113.1279218576,17.567248735111413,0.577648475048842,14.070661883569953,0.1214000164978397,0.007730445523626,7.4359126901794275,1000000.0,541798.1872115092,0.1359225261153846,1.4003926421404682,False,0.2
goe415,ok,,0.0642355915776206,0.8567571810154857,3.647775979999064,1.7678399999999996,0.4846350241059631,0.4846350241059631,5.750949603102351,0.7988601911010268,0.1062380613797934,1.87559496522032,16.5989524868256,24.225497055148267,7.62654456832267,0.0642355915776206,8.745737954963381,31.292800308056428,0.5150298539213796,38.59829437139291,1.278144430901333,0.0059608237040722,8.128822079157226,1000000.0,1003612.403655484,15.54304654814079,0.6572098775086225,14.461930534030497,2.57662690134261,0.006645992974456,6.771986701110351,1000000.0,498491.4789582634,0.084707245265453,1.2415,False,0.2
goe416a,ok,,0.0639456107976667,0.8567571810005257,3.647775980062727,1.767839999999992,0.484635024097503,0.484635024097503,6.13349948850236,1.0026280003890038,0.1062380612798661,1.869782125857978,16.52136508736466,24.524646701725,8.003281614360338,0.0639456107976667,10.765789873361364,31.29280030803232,0.5213897233872653,39.44577516595294,2.8979858638414515,0.0076617225526099,7.663160991383034,1000000.0,1003612.4036371908,19.19259241398035,0.4523237402752512,13.240526574716172,2.2904398962925407,0.0074231042924833,8.296410852127575,1000000.0,615538.5141316206,0.116664756245952,1.269179264214047,False,0.2
goe417,failed,too few converged polar points,,,,,,,,,,,,,,,,,,,,,,,,,,,,,,,,,,,0.01
goe417a,failed,too few converged polar points,,,,,,,,,,,,,,,,,,,,,,,,,,,,,,,,,,,0.01
goe418,ok,,0.0663674921498923,0.7406421821143834,4.219660101829496,1.7678399999999996,0.4189531756914559,0.4189531756914559,5.859885552459729,0.8949417554247958,0.0812862880695884,1.8691646730180185,17.21853037076065,24.9475805962384,7.729050225477748,0.0663674921498923,9.75856420979554,31.29280030821292,0.6135323286496925,39.74886606611792,0.965268704729312,0.0087634230858189,7.609451053115794,1000000.0,867594.3395807275,17.40271889124858,0.6145960919124362,13.011110301744369,0.9751397113892408,0.008762669979119,7.602137524274325,1000000.0,482491.1882174764,0.127,1.6702,False,0.2
goe419,failed,too few converged polar points,,,,,,,,,,,,,,,,,,,,,,,,,,,,,,,,,,,0.01
goe420,ok,,0.0630885043515402,0.8020434943778346,3.896619432122369,1.7678399999999996,0.453685567912161,0.453685567912161,6.802942418007519,1.389298521475616,0.0799200590819221,1.8252042068468417,16.319433971133293,24.94758059598765,8.628146624854361,0.0630885043515402,10.05550591175214,31.29280030796785,0.5665626937649721,39.672292023881326,0.7544502679268957,0.0079303065016146,7.642755195242406,1000000.0,939520.3414256,18.364166000405472,0.5689623071582104,14.52283582602688,0.7776726333845725,0.0079323448242269,7.623835820598286,1000000.0,551357.0962297105,0.1875,1.4657799331103678,False,0.2
goe421,ok,,0.0642947569187967,0.7141915316181076,4.375938564434193,1.76784,0.4039910464850368,0.4039910464850368,6.456016831497811,1.214925012198432,0.081905141779325,1.8703623130361715,16.621201451556402,24.947580596090383,8.326379144533982,0.0642947569187967,8.851210043846953,31.29280030806091,0.6362549856353191,39.7377791538173,-2.449640621550554,0.009106037561016,7.606166359923765,1000000.0,836609.8301833639,15.77450169619583,0.8356732605578553,15.75156456478212,-0.4639789631194352,0.0094963518176441,6.336689316290119,1000000.0,421729.6967789122,0.1899121840174597,1.769092976588629,False,0.2
goe422,ok,,0.0642620024307427,0.7546314931603879,4.141436308881642,1.7678399999999996,0.4268663980679179,0.4268663980679179,6.4654372217897285,1.2239284406742057,0.0809554620368519,1.867270515755148,16.614872858538764,24.94758059608364,8.332707737544876,0.0642620024307427,9.288568275769936,31.29280030805843,0.6021587050222883,39.85576626695554,-1.190116383288949,0.0090025544459631,7.532993612528066,1000000.0,883981.5335159509,16.58136514839419,0.7163363261068831,14.977624438229157,-0.1123350312255764,0.0091144517304165,6.766023270279488,1000000.0,468402.330484014,0.1704850655404015,1.6207,False,0.2
goe423,ok,,0.0622028748284016,0.8359067236164519,3.7387643588735497,1.7678399999999868,0.4728407116121697,0.4728407116121697,6.853200863134363,1.437599518673473,0.0792524340275573,1.851508435378768,16.038417295913064,24.743126594426197,8.704709298513132,0.0622028748284016,10.057264320145688,31.29280030919334,0.5391557224527124,40.000000002415376,0.3816397845963763,0.0089786618207048,7.3903323488833506,1000000.0,979188.006520846,18.10643352193396,0.5665483023268265,14.92419473186141,0.6468933067611188,0.0087800122412988,7.236789360327912,1000000.0,566571.2997994638,0.1692522855336968,1.3465,False,0.2
goe424,ok,,0.063223190824573,0.7605762209268048,4.109066494074313,1.7678399999999987,0.4302291049680997,0.4302291049680997,6.764205767894373,1.3800324587712751,0.080818531259268,1.856798479123244,16.32657634898665,24.947580596004265,8.621004247017616,0.063223190824573,10.18741889561968,31.29280030797805,0.597452181896558,39.75130244911536,1.1496431252747723,0.0086579347475798,7.585453883571441,1000000.0,890945.2364798407,18.288502154220577,0.6044566448960971,14.536032994063094,1.2149966162575698,0.0086487931446102,7.537445125898971,1000000.0,520696.57289507525,0.1998528192073628,1.6002163879598663,False,0.2
goe425,ok,,0.0648591914564164,0.7693650948723265,4.062126403224217,1.767839999999995,0.4352006374289125,0.4352006374289125,6.293682020088963,1.120445955196787,0.080620019775297,1.8539548485320765,16.799943727512172,24.94758059613321,8.147636868621039,0.0648591914564164,10.067827694328916,31.292800308102365,0.5906271622128588,39.62140417988167,1.2205179029891944,0.0079506925710964,7.705864391791437,1000000.0,901240.5956602356,18.101533418861152,0.5764674241894578,13.63125466152342,1.0934145475554975,0.0079766243401512,7.809030305930314,1000000.0,521328.7593361879,0.160145461755351,1.5705127090301003,False,0.2
goe426,ok,,0.0653149211435962,0.8064232848638471,3.875456381604391,1.767839999999992,0.4561630491808369,0.4561630491808369,6.162611385865098,1.0471030986595984,0.0798305531630703,1.858004792865935,16.926964417432934,24.947580596163967,8.020616178731032,0.0653149211435962,9.77830664876884,31.29280030813602,0.5634856175642154,39.69610664218079,0.6138497278416565,0.0078893158057464,7.642324021867125,1000000.0,944650.8640041267,17.542664917252445,0.5764476281232113,13.539295204098488,0.7355027973402659,0.0077243349226548,7.574951689244028,1000000.0,529568.8914970267,0.136,1.4523879598662206,False,0.2
goe427,ok,,0.0514543409836609,0.8567571811464056,3.647775979433239,1.767839999997961,0.4846350241805784,0.4846350241805784,5.355839245431836,0.6043311493664028,0.1062380603640697,1.861644606041239,12.93693731636405,20.154421167837125,7.217483851473075,0.0514543409836609,8.324681989576618,31.29280030215765,0.4284794887181546,34.552979330405385,-1.648639161890194,0.0073419882472995,8.520922102873786,1000000.0,1003612.4036208184,14.905605438979634,0.6762933911700478,14.82108473613975,0.824325628224454,0.0071881829893456,6.561661207115125,1000000.0,478047.67734405777,0.046,1.3995682274247492,False,0.2
goe428,ok,,0.0672647401135307,0.8260224339899971,3.783502889177175,1.76783999997916,0.4672495440762368,0.4672495440762368,5.601831148499552,0.7530457730728926,0.0794412487996675,1.8705163627278376,17.475232866061656,24.947580377289047,7.47234751122739,0.0672647401135307,9.586764069358898,31.292799977003348,0.5501157226630518,39.67341813538116,-0.0080031154326435,0.0074417968251619,7.698004138360162,1000000.0,967609.45815126,17.08398860761313,0.5528317660765008,12.615965319254109,0.0175991174655416,0.0074382883908089,7.676601838956471,1000000.0,528256.6268222394,0.0789999999999999,1.3942,False,0.2
goe429,ok,,0.0654443004423032,0.7828363651329776,3.992224179658698,1.7678399999999996,0.4428208237922989,0.4428208237922989,5.820467888138134,0.8638129198855979,0.0803244010884492,1.846584018205395,16.975595465434438,24.64264737177797,7.667051906343529,0.0654443004423032,11.0456253906079,31.29280031001112,0.5733685017364993,40.00000000297588,4.928718995648027,0.0098253396565482,7.360320989743093,1000000.0,917020.95242188,19.93884434124405,0.4394037548037137,12.20029661628675,3.75847122411771,0.0087417199503899,8.500221043922208,1000000.0,584298.5557975055,0.1138,1.4954,False,0.2
goe430,ok,,0.0664670150474718,0.7277775648524253,4.294249254899361,1.7678399999999996,0.4116761499074721,0.4116761499074721,5.831262160849835,0.8732654971420863,0.081601727594504,1.87591026173514,17.240408173662626,24.9475805962476,7.707172422584976,0.0664670150474718,9.131452027630944,31.292800308219974,0.6243774810246205,39.38678245236867,-0.2671612803466006,0.0075325563791966,7.875465198597397,1000000.0,852524.6211839954,16.225815299545523,0.7174467511797351,13.68478901602012,0.5585384942393596,0.007735615194424,7.155982412842008,1000000.0,442047.5925899449,0.1335871982697197,1.7174,False,0.2
goe431,ok,,0.0671388606091824,0.7277281243761357,4.294540998094868,1.7678399999999987,0.4116481833062586,0.4116481833062586,5.638035284583794,0.7706212295393058,0.0816025872765895,1.88176996874998,17.427775342955886,24.947580596289654,7.519805253333773,0.0671388606091824,8.436498140352903,31.29280030826685,0.6244199000522987,39.50989667669349,-2.4751291980715457,0.0078209771699263,7.818682197280041,1000000.0,852466.7062049884,14.944260422289364,0.8252677944788391,14.176855845025557,-0.6306879766194534,0.0075593312576612,6.482988771695324,1000000.0,407105.9263907774,0.118,1.7175846153846157,False,0.21
goe432,ok,,0.06774018063584,0.7864491976890746,3.9738844858424462,1.7678399999999583,0.4448644660654206,0.4448644660654206,5.46509198183323,0.686519803126018,0.0802468238558574,1.8578906026590596,17.624598011845723,24.94758059633801,7.322982584492289,0.06774018063584,9.601128391580811,31.29280030830685,0.5777969181265058,39.52727215142936,1.087577153674415,0.0071646230580473,7.834030732405123,1000000.0,921253.05412261,17.225858863522316,0.5597084671901755,12.28158281271697,0.9302768412531572,0.0072350345640146,7.969301014021093,1000000.0,507125.43880875845,0.077,1.514673244147157,False,0.2
goe433,ok,,0.0647767890204312,0.7536250111420292,4.146967283986555,1.7678399999999994,0.4262970693852551,0.4262970693852551,6.317381462651338,1.117814059276089,0.0809788414976834,1.8687594509880583,16.761439682485822,24.947580596125217,8.186140913639397,0.0647767890204312,9.440147632063264,31.29280030809707,0.6029629006095786,39.66664993445823,-0.1727109015822252,0.0081470799900504,7.6998950468821405,1000000.0,882802.5322083111,16.838528231606677,0.6833166009398087,14.399000057161054,0.5060408343204236,0.0080837987648755,7.131906632247,1000000.0,475032.44245217455,0.1740895138587335,1.6242,False,0.2
goe434,ok,,0.0632233540961085,0.732929160567405,4.264065933985416,1.7678399999999996,0.4145902121048314,0.4145902121048314,6.7641588099872365,1.3475776771248364,0.0814740850927794,1.8602390209748343,16.32318276503305,24.94758059599512,8.62439783096207,0.0632233540961085,9.65767159318856,31.29280030796128,0.6199888708752144,39.81074444100869,-0.4800400157677238,0.0091315595814646,7.558259869618578,1000000.0,858559.2427391834,17.305431334889395,0.7008228309963944,15.150275861526843,0.1949297977413051,0.0091747981843818,7.020465859624426,1000000.0,474797.3296073978,0.2272911477935476,1.6983,False,0.2
goe435,ok,,0.0608911436482127,0.7143490239524694,4.374973802453105,1.7678399999999996,0.4040801339218874,0.4040801339218874,6.954773258323588,1.4401791766123726,0.0819204813580787,1.851895954087768,15.660767898799453,24.46743711121081,8.806669212411355,0.0608911436482127,9.873207957937442,31.29280030939244,0.623871987009613,40.00000000221114,0.0131070259427114,0.0112195798272995,7.307988797983164,1000000.0,836794.3180338944,17.771351095875364,0.6962523151871564,15.60929066430374,0.6197898292420446,0.0112134427976916,6.906914386266639,1000000.0,475220.0338028058,0.260438669171041,1.7152,False,0.2
goe436,ok,,0.0662836752313703,0.7865972295974997,3.973136629528952,1.7678399999999492,0.4449482020983359,0.4449482020983359,5.88399180883346,0.9114385851175396,0.0802436517120781,1.850055211064217,17.2135335763524,24.94758059625008,7.734047019897677,0.0662836752313703,10.03085595362846,31.292800308203365,0.5776881809278094,39.56625941555362,1.5777328182564705,0.0074660339676798,7.770226007346308,1000000.0,921426.459913794,18.073074961293283,0.5369039680145542,12.912686697226372,1.3009604666377554,0.0078519020155905,8.010494981961843,1000000.0,532167.4416263583,0.11,1.5142,False,0.2
goe437,ok,,0.0646602939332098,0.8567571810243776,3.647775979961159,1.7678399999999883,0.484635024110996,0.484635024110996,5.627526657473296,0.7421357098024625,0.1062380614246606,1.8798478362885709,16.716846600432454,24.22422109419432,7.507374493761866,0.0646602939332098,8.244693204583111,31.292800308090506,0.5150027272069473,38.95937463161384,0.0717325366977663,0.0069221994816599,7.889640273314559,1000000.0,1003612.4036669992,14.61943363256608,0.7312662820710482,14.783324798298716,2.091179893165525,0.0067144520722139,6.243492378206214,1000000.0,468869.6691819051,0.0705,1.241381939799331,False,0.2
goe438,ok,,0.066340412439983,0.7821176756582431,3.99589264233115,1.7678399999999757,0.442414288430092,0.442414288430092,5.867673842000514,0.903411205873942,0.0803398865802974,1.8607887165765828,17.2191180376685,24.9475805962456,7.728462558577096,0.066340412439983,9.844348328644344,31.292800308209387,0.5809968714829201,39.469452129206815,1.816419542192503,0.0072756382411257,7.818988879059685,1000000.0,916179.0736113704,17.634723457043254,0.566748027243038,12.971656119262404,1.667150012514525,0.0074300850801613,7.902256082107843,1000000.0,516302.933618506,0.1098948296924181,1.5286,False,0.2
goe439,ok,,0.0673872732645593,0.8145495181342541,3.836793461935138,1.7678399999999783,0.4607597509583809,0.4607597509583809,5.566590291631643,0.7360048545974605,0.0796670357874832,1.869113737452595,17.511876567224686,24.947580596308924,7.435704029084238,0.0673872732645593,9.644939472911004,31.292800308282963,0.5578640863097621,39.52930183325478,0.0737710182043954,0.0071703479329756,7.7787810224198415,1000000.0,954170.0004523064,17.200557461448795,0.550333406913012,12.474276346110567,0.0028381458621238,0.0071617551181624,7.843935938115327,1000000.0,524473.8648853463,0.0789999999999999,1.4279220735785954,False,0.2
goe440,failed,airfoil 'goe440' not found in the aerosandbox UIUC database,,,,,,,,,,,,,,,,,,,,,,,,,,,,,,,,,,,0.0
goe441,ok,,0.0668326885960217,0.6468162517021357,4.831755938994565,1.7678399999999994,0.3658794074702099,0.3658794074702099,5.726092220697038,0.8138920970787831,0.0736483978521512,1.8820810917460316,17.33940728383091,24.947580596273976,7.608173312443069,0.0668326885960217,8.509920668386563,31.292800308245734,0.7025301567372807,39.82808079114969,-2.239981029259852,0.0103598023539412,7.556223225409169,1000000.0,757685.8735268714,15.07182785712986,0.9235787699916708,14.357574488615102,-0.3287766346878037,0.0105217236145709,6.329355041650061,1000000.0,364930.9407623373,0.1597495413868678,2.057534113712374,False,0.2
goe442,ok,,0.0677829904699738,0.7823259715724022,3.9948287276190095,1.7678399999999677,0.4425321135240839,0.4425321135240839,5.452779612748892,0.680346248805599,0.0803354009661037,1.8660125162909476,17.62878846730011,24.94758059633995,7.318792129039839,0.0677829904699738,9.721543366511252,31.2928003083102,0.5808421798581489,39.50450671072754,1.102885355326823,0.0071671302696189,7.841487671377288,1000000.0,916423.0731601892,17.365984564481302,0.5532980769411822,12.24181546031306,0.8586854670408632,0.0073249425569604,8.035444397300514,1000000.0,508570.3032722208,0.0770205223270016,1.5279267558528429,False,0.2
goe443,ok,,0.0208433262336133,0.854482446801163,3.6574867948362906,1.7678399999984888,0.4833482932855312,0.4833482932855312,5.324774610905734,0.603490116585669,0.0861382611284959,1.4907822216869748,4.503885377424139,11.319442210016849,6.8155568325927085,0.0208433262336133,12.424544470839365,31.292800309784564,0.2412900099386877,19.95122701235472,1.759770419729913,0.006179332621005,10.2161275863281,1000000.0,1000947.761356582,27.780817099673808,0.1843378362067647,15.708674487993314,1.2500697644451226,0.0046542598098932,11.607948206914177,1000000.0,888611.6425918096,0.05,0.2681,False,0.2
goe444,failed,too few converged polar points,,,,,,,,,,,,,,,,,,,,,,,,,,,,,,,,,,,0.01
goe445,failed,too few converged polar points,,,,,,,,,,,,,,,,,,,,,,,,,,,,,,,,,,,0.01
goe446,ok,,0.0658846566288538,0.7484059619748167,4.175886383044556,1.7678399999999996,0.4233448513297678,0.4233448513297678,5.998751989620791,0.9840517456512106,0.0811011599485268,1.8743775695649227,17.0744510370176,24.94758059620332,7.873129559185713,0.0658846566288538,9.131433520911292,31.292800308178364,0.6071676947764375,39.64594548673048,-1.167243232598258,0.0083074253576775,7.679728870345226,1000000.0,876688.895119971,16.239050354959282,0.7115332852972852,14.00521296083584,-0.2468782766005881,0.0081665809121798,6.969523634275251,1000000.0,454947.9424430449,0.1287231760796115,1.6425,False,0.2
goe447,ok,,0.0662008184641965,0.7271588776471476,4.297902922827993,1.7678399999999996,0.4113261820340911,0.4113261820340911,5.907821919800346,0.936717950184802,0.0816171779332847,1.8786946274262124,17.16106404900079,24.947580596227347,7.786516547226559,0.0662008184641965,8.781356724175598,31.292800308201045,0.6249087189298828,39.77668082207094,-2.219118940029229,0.0090371874460823,7.588886503222511,1000000.0,851799.8859061324,15.580599770323762,0.7867773969896996,14.25633827043142,-0.7911548454939817,0.0086003589694798,6.60714750236546,1000000.0,424108.83577053214,0.1266443909160975,1.719712040133779,False,0.2
goe448,ok,,0.0540357542505257,0.8567571769802094,3.647775997173428,1.767839999998437,0.4846350218237888,0.4846350218237888,6.521495253823058,1.2358233888812036,0.1062380252991925,1.8555400252901175,13.685472073918538,22.062507353031712,8.377035279113176,0.0540357542505257,7.531827759909721,31.2928003112162,0.4690450711696808,39.9999999786395,-5.900152806026672,0.0142584996411061,6.589679016301132,1000000.0,1003612.3990307542,13.530342752432414,0.9526235518361076,19.73394929795704,-1.628074694251973,0.0113846282705781,4.79320216840094,1000000.0,433940.7024755759,0.128790360917678,1.7990488294314382,False,0.2
goe449,ok,,0.0637087081486735,0.7830467033646213,3.9911518076396777,1.7678399999999996,0.4429398041477857,0.4429398041477857,6.624568027834094,1.3164468908673272,0.0803198657014173,1.861492368021882,16.461520200181607,24.947580596037582,8.486060395855976,0.0637087081486735,9.741744740821066,31.292800308016137,0.5803075611433764,39.43672734163942,0.7156001643236353,0.0073420213641601,7.803214770505146,1000000.0,917267.3442967664,17.44432748005864,0.6352085117969664,14.677466285341692,1.5873633164454672,0.0072382966801868,7.387223448019629,1000000.0,511335.2523001132,0.1695,1.5256,False,0.2
goe450,ok,,0.067482033239207,0.7485220147150663,4.175238943091961,1.7678399999999996,0.4234104979608259,0.4234104979608259,5.539336745668255,0.7382381679142977,0.0810984217732469,1.8835351017011157,17.52470874894441,24.94758059631378,7.42287184736937,0.067482033239207,8.67203649486403,31.29280030829079,0.6070735579646435,39.50751854525683,0.1144180975423834,0.0076801161539944,7.803324546229472,1000000.0,876824.840256905,15.34709296901675,0.7509680417837141,13.5049428020946,1.427803951025523,0.0073213956698088,6.815466481406258,1000000.0,430025.8272955114,0.0890082301368749,1.6420903010033443,False,0.2
goe456,failed,too few converged polar points,,,,,,,,,,,,,,,,,,,,,,,,,,,,,,,,,,,0.01
goe457,ok,,0.0675401880031208,0.8005342170416384,3.903965875624082,1.7678399999999996,0.4528318269988452,0.4528318269988452,5.522611081300008,0.7154149054652996,0.0799511294887935,1.871304014855772,17.553665500159525,24.947580596315305,7.39391509615578,0.0675401880031208,9.854102209748085,31.29280030829478,0.5676308557641765,39.66785623345462,0.927241012012516,0.0076979024600175,7.694004465666905,1000000.0,937752.3615588082,17.553004271386968,0.534684951889898,12.286872132946124,0.6093246866782815,0.0077723075283222,7.939566792215999,1000000.0,526011.4481854738,0.0783292461941539,1.4704287625418062,False,0.2
goe458,ok,,0.0595905743711569,0.8567571809525218,3.647775980267131,1.7678399999999967,0.4846350240703476,0.4846350240703476,5.676477812942064,0.7719617368706477,0.1062380609798646,1.8664095889564785,15.272202617917438,22.81509001981598,7.542887401898542,0.0595905743711569,8.938337719405611,31.29280030767652,0.4850448457056802,37.31750472125309,-0.8393828878824686,0.0064022853353654,8.301801394163121,1000000.0,1003612.4035695448,15.963515854707778,0.6162104990380123,14.342832134991816,0.4288125902463056,0.0064199865119745,7.126115151786618,1000000.0,511976.6322873192,0.0720157522050628,1.111,False,0.2
goe459,ok,,0.0625896297829873,0.8567571809697972,3.6477759801935896,1.7678399999999996,0.4846350240801189,0.4846350240801189,6.4545426072449485,1.1964600651263748,0.1062380610932357,1.836176437518154,16.16498237549377,24.45570142025688,8.290719044763103,0.0625896297829873,11.32554246159746,31.29280030792832,0.5199239587167879,39.94541767604908,4.874603978022593,0.009229882064221,7.335393401649874,1000000.0,1003612.4035978556,20.560011246169594,0.4083138082129652,13.147233206265028,3.9904355985852633,0.0077156411282943,8.549162717388047,1000000.0,659393.9213404089,0.127,1.2628,False,0.23
goe460,ok,,0.0571031820365195,0.8567571808173913,3.647775980842471,1.767839999999997,0.4846350239939094,0.4846350239939094,7.501819505745212,1.759268463113223,0.1062380600537172,1.7955018713544009,14.627721147340427,23.92504252444004,9.297321377099614,0.0571031820365195,11.98534287690229,31.292800307446495,0.5086422429931488,39.83867361348343,7.181951238454028,0.0100732878107894,7.233720127814502,1000000.0,1003612.4034038746,22.250682976382134,0.390948648389184,15.502802442869596,5.675442145372693,0.0090067289741022,8.204337693592821,1000000.0,713616.5891165262,0.205,1.2137,False,0.2
goe462,failed,Maximum_Iterations_Exceeded,,,,,,,,,,,,,,,,,,,,,,,,,,,,,,,,,,,1.32
goe464,ok,,0.0179951432115078,0.5862199314889889,5.331204378639761,1.7678399999999994,0.3316023687036095,0.3316023687036095,4.787239506902247,0.3612222460495569,0.0620844074693496,1.6872964731266689,3.71124654393826,10.185782523967177,6.474535980028916,0.0179951432115078,8.633154290161652,29.99999970207192,0.3443480563977086,40.00000000770726,-4.413030678805243,0.0493113175284635,3.011207024314541,1000000.0,658333.0661316015,17.055201279404997,0.6772370165609878,11.408801803187202,-2.014524539637585,0.0163414753443983,7.240266214122316,1000000.0,374266.7687755628,0.0764957416138682,1.3049,False,0.2
goe474,ok,,0.0671513008604514,0.8482813681930663,3.68422363473236,1.7678399999999996,0.4798405784420912,0.4798405784420912,5.634457392531901,0.7803458477762507,0.0790217696939561,1.86484634499762,17.448276858756792,24.94758059628631,7.49930373752952,0.0671513008604514,10.46287471880192,31.29280030826795,0.5356806594208723,38.94406157709954,1.664186652169343,0.0051214864010359,8.198748862117023,1000000.0,993683.76685806,18.70194247168261,0.4508311322998626,12.266800738051613,1.1564483946398707,0.0053812390197031,9.055494665053574,1000000.0,593868.7640528686,0.0695,1.3313759197324415,False,0.2
goe476,ok,,0.0647224996847522,0.791571718620907,3.948168172358772,1.767839999999547,0.4477620817614206,0.4477620817614206,6.33299527712788,1.1529527405415394,0.0801375238468872,1.8854819838278172,16.729103265980186,24.94758052693588,8.218477260955698,0.0647224996847522,10.089671186130328,31.292800207234173,0.5740578063395618,39.85952526978112,0.8244144061244061,0.0085673483480521,7.535977000105775,1000000.0,927253.6142502408,17.83747475476933,0.5820236921308589,13.884379540881778,0.9032793661920664,0.0085665281138294,7.478725230913801,1000000.0,528551.7060129907,0.1443935964335876,1.4984,False,0.2
goe477,failed,airfoil 'goe477' not found in the aerosandbox UIUC database,,,,,,,,,,,,,,,,,,,,,,,,,,,,,,,,,,,0.0
goe478,ok,,0.0653825091865138,0.7766504690430832,4.024021603245346,1.7678399999999994,0.4393216971236557,0.4393216971236557,6.143172652990067,1.0538594549008908,0.0804588819754257,1.85532900129673,16.949078941878668,24.947580596165466,7.998501654286797,0.0653825091865138,9.652422439583772,31.29280030814188,0.585086780736051,39.56715040541669,1.256510872708828,0.0077536559747054,7.730800711268875,1000000.0,909774.7428445866,17.341798377965098,0.6108028897973536,13.536377850585945,1.6071236676500211,0.0073750452955512,7.603547147309642,1000000.0,504177.63844774576,0.1333364775944105,1.5464,False,0.2
goe479,ok,,0.0658619302482749,0.8013869659207551,3.899811699594125,1.7678399999999996,0.4533141946786787,0.4533141946786787,6.00528823511564,0.9749314504433584,0.0799335601798812,1.863780600519616,17.078511760563487,24.94758059619874,7.869068835635256,0.0658619302482749,10.05402494154322,31.29280030817672,0.5670268447242126,39.01967611931104,1.08675495826535,0.0057561406196869,8.120092991778805,1000000.0,938751.2786011408,17.981417159545124,0.5416759516902808,13.103087124852042,0.9065315436102028,0.0058483616970249,8.34419465501906,1000000.0,539423.7071577376,0.116,1.4678,False,0.2
goe480,failed,airfoil 'goe480' not found in the aerosandbox UIUC database,,,,,,,,,,,,,,,,,,,,,,,,,,,,,,,,,,,0.0
goe481,failed,airfoil 'goe481' not found in the aerosandbox UIUC database,,,,,,,,,,,,,,,,,,,,,,,,,,,,,,,,,,,0.0
goe481a,ok,,0.046850401137147,0.8567571804509019,3.647775982400299,1.7678399999993777,0.48463502378677,0.48463502378677,6.878631362348366,1.4274714097917238,0.1062380571646677,1.786075154888097,11.688385619085915,20.35309213632238,8.664706517236464,0.046850401137147,11.15407847181446,31.29280030624674,0.4327031991982176,35.90276636861394,0.6980970110968079,0.0099421464451798,7.700546238529227,1000000.0,1003612.4029364391,20.81673969371369,0.416271807758286,16.91009084827016,0.5020525239973119,0.0099300908085061,7.786304346160015,1000000.0,667627.6313034168,0.1531594224533629,0.8832,False,0.2
goe482,ok,,0.0660127424755163,0.6749303088587659,4.630490325563349,1.7678399999999996,0.3817824626995463,0.3817824626995463,5.869016573182096,0.8841332936123991,0.0770824325995852,1.880957674608132,17.10470920088438,24.854683448674606,7.749974247790227,0.0660127424755163,8.404050477432197,31.292800309614336,0.670759396648605,40.00000000297859,-2.9088982874300573,0.010812354933489,7.423652399034703,1000000.0,790618.9111885175,14.893212095948323,0.9233596603715613,14.89918545915558,-0.6523592591585643,0.0103586867330577,6.116593662446997,1000000.0,376280.0073785867,0.1651673042303458,1.91926220735786,False,0.2
goe483,ok,,0.0518060958822902,0.8567571808108673,3.647775980870207,1.767839999999987,0.4846350239902217,0.4846350239902217,5.393900930978211,0.6202292775283743,0.1062380600074923,1.8222489167334663,13.077499855126918,20.2936497028386,7.216149847711677,0.0518060958822902,10.611942715253072,31.29280030688701,0.4314394632014717,34.31252906429542,-1.1619028166741114,0.0069770539202395,8.62029209437808,1000000.0,1003612.4033782944,19.411805960947543,0.3986779576785329,14.034309421661485,-1.4605474939560208,0.0073594828060021,8.754365369580542,1000000.0,622569.0588033446,0.0545,0.8777,False,0.2
goe484,ok,,0.0685342760072438,0.7502229641855407,4.165772596674445,1.76784,0.4243726605267109,0.4243726605267109,5.23670531557906,0.5754327165811675,0.0810583863323077,1.8821205903152876,17.828754690487624,24.94758059638197,7.118825905894347,0.0685342760072438,9.133370278849728,31.29280030836199,0.6056971652159815,39.27185058971548,-0.0089335683372538,0.0067111406715737,7.999458189195233,1000000.0,878817.3464489881,16.175673202249904,0.646844080358655,12.27997299517288,0.4107393025221896,0.0067477805394867,7.65117204191933,1000000.0,454272.6141651389,0.0625,1.6361,False,0.2
goe488,ok,,0.0654337341568242,0.8567571811437201,3.647775979448444,1.7678399999988748,0.4846350241788089,0.4846350241788089,5.683850954833952,0.7846163820806197,0.1062380625053664,1.8556454154584825,16.963495141308705,24.502991511601135,7.539496370292435,0.0654337341568242,10.408127440882462,31.29280030801695,0.5209293377251798,39.257216647539856,1.718524953022804,0.0068970673588537,7.843419213487648,1000000.0,1003612.4038050714,18.69632950738217,0.4490329327792963,12.57886573442597,1.128899870022966,0.0068176324767883,8.515009845919248,1000000.0,599622.5334435272,0.0680261419989273,1.267175585284281,False,0.2
goe490,failed,too few converged polar points,,,,,,,,,,,,,,,,,,,,,,,,,,,,,,,,,,,0.01
goe491,ok,,0.0608197641634599,0.8567571659547396,3.6477760441154,1.767839999998275,0.4846350155871434,0.4846350155871434,5.4060743394964685,0.6328570658775614,0.1062381529085467,1.8604798064835653,15.631655075563136,22.89820922154317,7.266554145980034,0.0608197641634599,9.696859966925285,31.292799944788264,0.4868119652704856,37.74888190418684,1.879029588443011,0.007153932244605,8.078153662042942,1000000.0,1003612.3743635644,17.373403593941745,0.5011956222020066,13.163633707828964,1.992352946080508,0.0071596327793945,7.951709353097199,1000000.0,557194.0785885574,0.0485,1.2261685618729097,False,0.2
goe492,ok,,0.0511993575380597,0.8567571807685903,3.647775981049156,1.7678399999997323,0.4846350239663771,0.4846350239663771,5.545706368784479,0.7032681574928976,0.1062380596921643,1.8194493435131407,12.905797784409252,20.270953496706877,7.36515571229762,0.0511993575380597,10.793244836118133,31.29280030681238,0.4309569458297281,33.191987201113044,0.1009675803678986,0.0054972680679824,9.167536872383842,1000000.0,1003612.4033265216,19.773830425854115,0.3921469909470655,13.90167157489146,-0.2669314078574439,0.0056055526015727,9.557316548733452,1000000.0,634179.7883886497,0.0620159454301824,0.8756,False,0.2
goe493,ok,,0.0640231975086104,0.8282710365977952,3.77323137899057,1.7678399999999568,0.4685214932334461,0.4685214932334461,6.534118972190446,1.2588156312834422,0.0793982031345667,1.85363631043898,16.55982531350555,24.947580596134973,8.387755282629426,0.0640231975086104,10.047518655222987,31.29280030802044,0.5486222536018988,39.47477253220495,1.3248232277940113,0.0064896732076708,7.90473290171516,1000000.0,970243.499951676,18.06812299809328,0.5532908872415473,14.2288834439981,1.3723614085886748,0.0064924601168328,7.862120404771727,1000000.0,560208.0581690314,0.1496183931302307,1.3877,False,0.2
goe494,failed,too few converged polar points,,,,,,,,,,,,,,,,,,,,,,,,,,,,,,,,,,,0.01
goe495,ok,,0.0681975760463198,0.7768342266833312,4.023069733864828,1.7678399999999996,0.4394256418473003,0.4394256418473003,5.333542275433506,0.6154917095265441,0.0804548562353055,1.8799762782954037,17.734062042631358,24.947580596360265,7.213518553728909,0.0681975760463198,9.272222790363973,31.292800308339444,0.5849483803352127,39.08745411754998,-0.297617034259343,0.0059124374077783,8.125875779621971,1000000.0,909989.9980604498,16.44031877319077,0.6127800987134693,12.328421242072778,-0.0413915027308758,0.0058348483867993,7.887320102950837,1000000.0,478082.0348807872,0.069,1.5457976588628763,False,0.2
goe496,ok,,0.0673012533252724,0.7549195537956019,4.139856028217514,1.7678399999999994,0.4270293430376065,0.4270293430376065,5.591330150182669,0.7492810675834098,0.0809487786180835,1.8771347284063384,17.4791157177135,24.947580596302508,7.468464878589007,0.0673012533252724,9.292393762234743,31.29280030827833,0.6019289345512546,39.265772015606615,-0.2093476902047102,0.0067711503817386,7.977879868327291,1000000.0,884318.970117868,16.501024356633614,0.6480599397715803,12.885491460131458,0.2163063004147585,0.0067273104094282,7.6050278621800596,1000000.0,466310.73988887534,0.0995,1.6197,False,0.2
goe497,ok,,0.0664606289753957,0.7425429265767052,4.2088587120587935,1.7678399999999996,0.4200283547021819,0.4200283547021819,5.833098834080254,0.8748020823907894,0.0812406070185257,1.8739361654076,17.240545596758295,24.947580596246148,7.707034999487854,0.0664606289753957,9.352044765006202,31.292800308219523,0.6119618225759716,39.268610263785945,-0.3785779216900632,0.0069710737624269,7.959811149668027,1000000.0,869820.8872665858,16.635295868384144,0.6689767507045719,13.3821996444619,0.138074446281696,0.0070086572571613,7.497156459825771,1000000.0,462397.9851486597,0.127,1.6633648829431438,False,0.2
goe498,ok,,0.0650734564643084,0.7571113663364416,4.127871280975079,1.76784,0.4282691682145679,0.4282691682145679,6.232058098568971,1.081274033075324,0.0808980919532589,1.8683451121278372,16.847177385448767,24.94758059614557,8.100403210696808,0.0650734564643084,9.4689435257148,31.292800308119155,0.6001863700563331,39.52659712750082,-0.6378918468419276,0.0078264881653172,7.756230594673895,1000000.0,886886.4773385457,16.893637519552843,0.6686623124994872,14.171322496672223,0.0111260150413258,0.0079356970915219,7.229688628131968,1000000.0,478791.8793340819,0.159181418348982,1.6121160535117058,False,0.2
goe499,ok,,0.0676360313772109,0.84947500331759,3.67904676817379,1.7678399999999996,0.4805157725346129,0.4805157725346129,5.495045943056844,0.6885751062541727,0.0789998750600039,1.8873660443207525,17.56516860894311,24.94758059632071,7.382411987377597,0.0676360313772109,8.327075608566883,31.29280030830135,0.5349279506908228,39.76685635556886,-1.809508200418037,0.0076540310493244,7.6065602633283005,1000000.0,995082.0008546618,14.706696021551258,0.716677483944444,13.791393640625111,-0.1841680147564142,0.0064736383690468,6.416082340288368,1000000.0,467659.281333295,0.068,1.3281,False,0.2
goe500,ok,,0.0674474857407384,0.7396449828558107,4.225349104016363,1.7678399999999994,0.4183890979137314,0.4183890979137314,5.549272816684072,0.7297419588530771,0.0813103478071828,1.8807784360385185,17.51752934359041,24.947580596313003,7.43005125272259,0.0674474857407384,8.961305523488347,31.292800308288413,0.6143595011399909,39.23127090116019,-0.9976400848767076,0.0067747206813323,8.006213190459576,1000000.0,866426.2121751918,15.882263343334117,0.7103134303130171,13.1703255351151,-0.124583528850001,0.006673893110334,7.261993887345163,1000000.0,439743.61941935576,0.1,1.6738,False,0.2
goe501,ok,,0.0666794306580332,0.7224866674510743,4.325696800227302,1.7678399999999996,0.4086832900325111,0.4086832900325111,5.7701701372704,0.8437213396331009,0.0817346963497319,1.879004215652234,17.298406243339933,24.94758059626257,7.649174352922634,0.0666794306580332,8.888978576040195,31.292800308234977,0.6289499075350043,39.34746989321816,-1.2955210436242477,0.0074249147300647,7.907705971382817,1000000.0,846326.8204817581,15.768952693124003,0.7594257874981711,13.811432271485485,-0.0857897428429884,0.0073210918122209,6.970343566911267,1000000.0,426477.89471199416,0.128,1.7373,False,0.2
goe502,ok,,0.0653595621761728,0.7370263311546078,4.2403617530245405,1.7678399999999994,0.4169078260219296,0.4169078260219296,6.149772352932457,1.0398901880461366,0.0813738383339378,1.8714834363454305,16.926324806877844,24.94758059615573,8.021255789277888,0.0653595621761728,9.226078706254102,31.292800308121983,0.6165423180717272,39.52533670296097,-0.8337256702467436,0.0080180031453805,7.760480978739586,1000000.0,863358.702044703,16.43273730894902,0.7188625416537181,14.314049495543802,0.2076740995276708,0.0082015419902648,7.0059874193634295,1000000.0,453374.1504244186,0.1589803736120984,1.6833,False,0.2
goe503,ok,,0.0640714999291944,0.791037219270196,3.950835926842396,1.767839999932742,0.4474597357794208,0.4474597357794208,6.520226475505154,1.25823118287517,0.0801481871524006,1.8378957601860424,16.58945821937139,24.94758045506259,8.358122235691196,0.0640714999291944,9.834185091435293,31.292799823699877,0.5744457061254853,39.99003185090641,0.1942370577176494,0.0089554766743102,7.461129937975435,1000000.0,926627.4859976872,17.835950047641838,0.5924144223550597,14.215121026545996,0.3976799041546709,0.0089959256114686,7.329448987489429,1000000.0,528149.6589036308,0.1559436863275222,1.5000882943143812,False,0.19
goe504,ok,,0.0624488720416724,0.8417310019416897,3.712894331313106,1.7678399999999437,0.47613528483444,0.47613528483444,6.986904566683103,1.4955153444520206,0.0791430249372495,1.8419488609697128,16.118727168331922,24.94758059598474,8.828853427652817,0.0624488720416724,10.652799752024228,31.29280030763438,0.5398493362516038,39.97773642968833,0.4426160936024631,0.0083883838535178,7.46685617951228,1000000.0,986010.6139727846,19.278131580728665,0.503393285887833,14.591318332076588,0.0224119863577101,0.0083946744524299,7.736620380877402,1000000.0,607438.2020558572,0.1796305025965445,1.34951872909699,False,0.2
goe505,ok,,0.0389165652609245,0.8567571793096791,3.647775987261799,1.7678399999999996,0.484635023141053,0.484635023141053,6.738441549653884,1.3565013422501997,0.1062380470031545,1.698477986820368,9.494163257677744,17.931082794151997,8.436919536474253,0.0389165652609245,10.662947322556247,31.292800304886995,0.3812117023381936,30.68178973394339,-2.07958783267885,0.0082880544558613,8.517523242729325,1000000.0,1003612.401555639,20.92647536068021,0.4010885829759371,16.117008091266833,-1.7737221063163064,0.0082341119093597,8.414989385040702,1000000.0,671147.0366411178,0.1396958392528971,0.6591,False,0.2
goe506,ok,,0.0614034786885213,0.816309838685852,3.828519659436219,1.767839999999998,0.4617554974917713,0.4617554974917713,6.73140064642642,1.3668535016173178,0.0796320307099178,1.839692315712786,15.820322215705534,24.39141517784474,8.571092962139206,0.0614034786885213,10.68036424805197,31.292800309621768,0.544251241093405,40.00000000238081,2.4086136901346613,0.0099890409553121,7.285282396969547,1000000.0,956232.054455698,19.351721946166627,0.5000901056789052,14.43661970174005,2.0973688820314087,0.0097905521847859,7.6015833465381,1000000.0,591341.671270902,0.164636235914528,1.3686765886287626,False,0.2
goe507,failed,airfoil 'goe507' not found in the aerosandbox UIUC database,,,,,,,,,,,,,,,,,,,,,,,,,,,,,,,,,,,0.0
goe508,ok,,0.0643595003230049,0.7659421975772378,4.080279524336874,1.767839999999998,0.4332644343250739,0.4332644343250739,6.437396234045866,1.2077518636687834,0.0806967763356087,1.8422231739088768,16.66796118813922,24.947580596093964,8.279619407954742,0.0643595003230049,9.61962773832689,31.29280030806534,0.5932665991347392,39.74853185638848,0.4626708344029744,0.0085159608318631,7.60126048506315,1000000.0,897230.9856344007,17.405831306738868,0.6364014409675451,14.189891098147058,0.9084329783780452,0.0083041053415979,7.330125341690668,1000000.0,499062.1173365018,0.165,1.582,False,0.2
goe509,ok,,0.0659084777370142,0.7902748269919885,3.954647369315081,1.767839999999943,0.4470284793827574,0.4470284793827574,5.991900893813366,0.9782900483551962,0.0801654640630285,1.8584936126596496,17.097186089763817,24.947580596236836,7.850394506473016,0.0659084777370142,10.209589374649774,31.292800308146752,0.5749998698808394,39.924571462041065,1.418355236816663,0.008792347379101,7.494538465835268,1000000.0,925734.4277267638,18.311585442289203,0.5284060189986087,12.91774018361838,1.1162434010323683,0.0087688754968739,7.830593971693778,1000000.0,541711.3490406976,0.1105419380015685,1.5025,False,0.2
goe510,ok,,0.0464339598737246,0.8567571796617104,3.6477759857182326,1.7678399999891583,0.4846350233431558,0.4846350233431558,6.695786319907347,1.3334165883164584,0.1062380504382025,1.7924162203184952,11.562273509446648,20.05047604967249,8.488202540225842,0.0464339598737246,10.927422344085794,31.292800306104255,0.4262696342180669,35.5068381166573,-0.4976541358869508,0.0096689702462463,7.810961151565254,1000000.0,1003612.4020132056,20.321586434026088,0.4279066952319264,16.663597661249206,-0.4747156546630423,0.0096648512618107,7.803364080842662,1000000.0,651747.2381592344,0.1372211469838163,0.8552,False,0.2
goe511,ok,,0.048738655635877,0.8567571805501771,3.647775981980187,1.7678399999999996,0.4846350238427557,0.4846350238427557,7.110471157289506,1.5576971459957734,0.1062380580073903,1.796217944546218,12.221316326161892,21.12800542799761,8.906689101835724,0.048738655635877,10.812454603048364,31.292800306507463,0.4491777209543901,37.97578757064559,-0.2702504006637889,0.011791260341081,7.163147092574589,1000000.0,1003612.40306074,20.0652239628971,0.4605500469064637,17.287666670388667,-0.130753260108364,0.0117796970909809,7.11935985520049,1000000.0,643525.2659432777,0.1661327145596357,0.9549,False,0.2
goe512,ok,,0.0641687238590426,0.7690355991677951,4.063866833969674,1.7678399999999996,0.4350142542129351,0.4350142542129351,6.246481964763718,1.1159086748133458,0.0806273942981499,1.865023821586925,16.590292066214534,24.70179785256517,8.111505786350643,0.0641687238590426,10.406582473406289,31.29280030980721,0.5850588857238888,40.00000000270457,2.0657204445449926,0.0098591634373274,7.377988187694511,1000000.0,900854.6217328496,18.59955237202897,0.5438214976080233,13.49311880667833,1.586719116448322,0.0096740693390784,7.67839835058329,1000000.0,535442.4196818615,0.1390844554230819,1.5462785953177258,False,0.2
goe513,ok,,0.0626022168767883,0.7413732397116579,4.215499155075392,1.76784,0.4193667072312302,0.4193667072312302,6.440898373588333,1.2183482334801372,0.0812686906909229,1.8460350577436797,16.158743879089375,24.445677310421388,8.286933431332013,0.0626022168767883,10.66670112833841,31.29280030972696,0.600596267914235,40.00000000255257,3.5917751234624498,0.0108645099598555,7.301489531862096,1000000.0,868450.706500868,19.26056077789373,0.5374343353386221,13.832099990328707,2.79074058719934,0.0105506362065949,7.72536250972944,1000000.0,534527.0301669165,0.1661611730181153,1.6139,False,0.2
goe514,ok,,0.0478077886905936,0.8567571805022033,3.647775982184437,1.7678399999999983,0.4846350238156191,0.4846350238156191,7.091789666987954,1.545922981210157,0.1062380576167325,1.7857643162765968,11.964046950297268,20.841600933561818,8.877553983264551,0.0478077886905936,11.081671906811998,31.29280030638241,0.4430888112406382,37.03415794104982,0.8595532026211254,0.0107276057305071,7.443627434691768,1000000.0,1003612.4030005332,20.685208019532705,0.431938684502034,17.220631566810155,0.6933986572703308,0.0106421419908636,7.516808504671438,1000000.0,663409.1907337216,0.1657303249814287,0.9284,False,0.2
goe515,ok,,0.0665219701046498,0.8474109586205893,3.6880078476767135,1.7678399999999943,0.4793482207782333,0.4793482207782333,5.8154567516257245,0.8751297911391138,0.0790377742800168,1.8516993523213967,17.280424492297257,24.94758059624438,7.667156103947121,0.0665219701046498,10.52530937783943,31.292800308223296,0.5362308783784103,39.05673730817952,1.8534049669668369,0.005101143156481,8.20517302728013,1000000.0,992664.1619294148,18.947117170405832,0.4495316410850979,12.46319837480262,1.3835367641595575,0.0049768481516376,9.228329095954445,1000000.0,601036.788069006,0.0845,1.333770568561873,False,0.2
goe517,failed,airfoil 'goe517' not found in the aerosandbox UIUC database,,,,,,,,,,,,,,,,,,,,,,,,,,,,,,,,,,,0.0
goe518,ok,,0.0612803676531824,0.6956103793016469,4.49282868484162,1.7678399999999996,0.3934803937582853,0.3934803937582853,6.304549533676622,1.142268322258948,0.0796224406756965,1.849645676749795,15.774961371002904,23.92915658142932,8.154195210426417,0.0612803676531824,10.191722702275278,31.2928003094949,0.6265832750491741,40.00000000259343,2.244464609591296,0.0129279105623894,7.147213966134475,1000000.0,814843.715675961,18.36698208452589,0.6197917111010955,14.267686024100128,2.1545059768527635,0.0128918592229145,7.184877071231701,1000000.0,478264.0025657217,0.1799083868266887,1.727,False,0.2
goe522,ok,,0.0615939769188671,0.756463548857486,4.131406292239974,1.7678399999999996,0.4279027224508361,0.4279027224508361,6.894465709178574,1.4319599026851504,0.0809129612824451,1.8527069356608163,15.862096047291486,24.609268692130875,8.74717264483939,0.0615939769188671,10.266885924687829,31.29280030962098,0.5925543117312706,40.00000000225606,1.4810409380615763,0.0102494779295515,7.350351371533509,1000000.0,886127.6186617156,18.47186536821931,0.604455732230508,15.015269595165734,1.6182056796686126,0.0102890842199871,7.270849268408331,1000000.0,523073.3558206842,0.2181820860674914,1.5789,False,0.2
goe523,ok,,0.0668803325937942,0.6367442028703757,4.908184874729388,1.7678399999999996,0.3601820316716308,0.3601820316716308,5.712389516702944,0.8044444359075782,0.0724124900160253,1.8900961306938653,17.345094948880934,24.947580596277746,7.60248564739681,0.0668803325937942,7.731210775668822,31.29280030824907,0.7136428107866037,39.89257550389637,-4.691693579586934,0.0107413375472301,7.521553788416314,1000000.0,745887.3927416971,13.634598879424278,1.1455451091810287,16.011970383603806,-0.5590248958117415,0.0100569734655009,5.474907229779448,1000000.0,324990.9023505246,0.1646932819967284,2.1058983277591974,False,0.2
goe525,ok,,0.0668803325937942,0.6367442028703757,4.908184874729388,1.7678399999999996,0.3601820316716308,0.3601820316716308,5.712389516702944,0.8044444359075782,0.0724124900160253,1.8900961306938653,17.345094948880934,24.947580596277746,7.60248564739681,0.0668803325937942,7.731210775668822,31.29280030824907,0.7136428107866037,39.89257550389637,-4.691693579586934,0.0107413375472301,7.521553788416314,1000000.0,745887.3927416971,13.634598879424278,1.1455451091810287,16.011970383603806,-0.5590248958117415,0.0100569734655009,5.474907229779448,1000000.0,324990.9023505246,0.1646932819967284,2.1058983277591974,False,0.2
goe526,ok,,0.0657278299167129,0.7786073836489328,4.013907819565596,1.7678399999999892,0.4404286494529694,0.4404286494529694,6.043856307384844,1.002205269403771,0.0804160867029182,1.862626964402269,17.041097324409385,24.9475805961965,7.906483271787112,0.0657278299167129,9.876922379341948,31.29280030816631,0.5836162515692511,39.361056650711895,1.6665354570042803,0.0066161644512314,7.966768428612808,1000000.0,912067.0886987726,17.67561365051523,0.5797251690595495,13.35497503146478,1.6241312280827136,0.0066675131836051,7.989452176213941,1000000.0,515177.4633279661,0.122907785636505,1.54,False,0.2
goe527,ok,,0.0648574969955421,0.7453315573434296,4.193111421095994,1.7678399999999994,0.4216057773007907,0.4216057773007907,6.294169357356267,1.1242240140912418,0.0811740085096108,1.8667940104979364,16.786617228275986,24.94758059613019,8.160963367854205,0.0648574969955421,9.616596607789011,31.29280030810314,0.6096721897965535,39.68728339049006,0.2691463855487916,0.0085348973182076,7.642529587570319,1000000.0,873087.5122636653,17.17132251641045,0.6623548885408189,14.01871291209692,0.8159476313833801,0.0081862094276557,7.328466255573367,1000000.0,479089.9858919857,0.1652385197593453,1.6534,False,0.2
goe528,ok,,0.0663815365016541,0.7452753823824501,4.193427475907452,1.7678399999999996,0.4215740012571558,0.4215740012571558,5.855846311339031,0.894016301646671,0.0811753451733152,1.8749752987489705,17.216758986152,24.94758059624,7.730821610088001,0.0663815365016541,9.266488294199016,31.292800308213916,0.6097181436963669,39.75205020989661,-0.2830073541830617,0.0087199649188059,7.607358161565832,1000000.0,873021.708455754,16.47397399560738,0.6817394746982738,13.44883745737538,0.4091946455224992,0.0084302879841381,7.1567203371791726,1000000.0,459598.9103258909,0.124444209898976,1.6536,False,0.2
goe529,ok,,0.0667261099377233,0.8007359569650699,3.902982298241312,1.7678399999999956,0.4529459436176757,0.4529459436176757,5.75674489206853,0.8410853560099003,0.0799469692748147,1.8796910545112828,17.31114464968166,24.94758059626147,7.636435946579812,0.0667261099377233,9.67387802538616,31.292800308237798,0.5674878450704236,39.75208731484465,-0.058869947805027,0.0080523558946112,7.620361638513986,1000000.0,937988.681361542,17.155085144034224,0.577992155744549,12.921301483953476,0.0375065486345294,0.0080231575948371,7.546353938817586,1000000.0,514216.54611912864,0.0969764297138713,1.4698063545150502,False,0.2
goe530,ok,,0.0653192679491032,0.7795576472876786,4.009014954152185,1.7678399999999996,0.4409661775317216,0.4409661775317216,6.129855519838028,1.047998013233488,0.080395414353326,1.8622062228314864,16.924013154154064,24.916074896823577,7.992061742669515,0.0653192679491032,10.068971566680109,31.29280030989717,0.5821686996264267,40.00000000280001,1.547049712740062,0.0092140282105548,7.441988934098319,1000000.0,913180.2353860652,18.023373643638365,0.5629174869101463,13.32675061537549,1.3425358634881692,0.0091622244525319,7.582969472063536,1000000.0,525954.4822884777,0.1289369901086993,1.5337,False,0.2
goe531,failed,Maximum_Iterations_Exceeded,,,,,,,,,,,,,,,,,,,,,,,,,,,,,,,,,,,1.29
goe532,ok,,0.0665448646795224,0.7501551999074096,4.166148906233994,1.7678399999999994,0.4243343288461681,0.4243343288461681,5.808872132430255,0.8581312310089009,0.0810599778368377,1.8716202947721887,17.267088169049018,24.947580596251463,7.680492427202444,0.0665448646795224,9.609747988240834,31.292800308225488,0.6057518800706665,39.62646853086051,0.5874281935438215,0.0081807888055477,7.700673268475952,1000000.0,878737.9668127871,17.1148460954443,0.6234451675133452,13.003093510930674,0.7534392682936866,0.0080211127259015,7.599704341339649,1000000.0,480604.6410704664,0.125,1.636338127090301,False,0.2
goe533,ok,,0.0661471303959759,0.7495405550933418,4.169565268167241,1.767839999999998,0.4239866476000898,0.4239866476000898,5.923262935276264,0.9181697608341408,0.0810744128843547,1.8657545325715412,17.158563128377473,24.94758059622528,7.789017467847805,0.0661471303959759,9.42523574191821,31.29280030819704,0.6062486140358995,39.45907116148939,0.4653973134347352,0.0074665182261892,7.844350373837406,1000000.0,878017.9668249303,16.83900637762809,0.6536735870819799,13.448293663714994,0.8971308890081159,0.0074235309626215,7.484626825672355,1000000.0,472471.3032206383,0.1369999999999999,1.6385,False,0.2
goe534,ok,,0.0669953692706955,0.7007025067137034,4.46017851464164,1.7678399999999996,0.3963608169934516,0.3963608169934516,5.679304267650207,0.7804471051228803,0.0802457177405318,1.872830597325189,17.395445731308783,24.94758059628418,7.552134864975396,0.0669953692706955,9.581141198153317,31.292800308257107,0.6485033496163043,39.64283089482738,0.8823981210848769,0.0087960707999153,7.693745348239472,1000000.0,820808.6755471989,17.052870330499154,0.6610699320020138,12.78577932752888,0.9972857604619668,0.0087762045850379,7.610760851956294,1000000.0,447295.98413606215,0.1409960448262698,1.8224,False,0.2
goe535,ok,,0.0663518911090836,0.689537587494876,4.5323972503866194,1.7678399999999996,0.3900452458903952,0.3900452458903952,5.864372506837357,0.8763177224460166,0.078875441237321,1.8812036865790187,17.202004402824397,24.94758059624077,7.745576193416376,0.0663518911090836,9.353956698296322,31.29280030821181,0.6590038468240562,39.62948166634066,-0.0113972521121575,0.0089237637889853,7.696392813996322,1000000.0,807729.9974068897,16.57441768981886,0.7293324567687636,13.489099056189378,0.6509630840341548,0.0088969934747999,7.2347390014349235,1000000.0,427818.99432966136,0.1605,1.8681,False,0.2
goe546,ok,,0.0667089960630591,0.7797739747675957,4.007902759939226,1.767839999999951,0.441088545777682,0.441088545777682,5.761666946683547,0.8465074896764329,0.0803907078142577,1.8589903635285336,17.32692328605774,24.94758059626982,7.62065731021208,0.0667089960630591,9.879583028730416,31.292800308234437,0.5827431247933832,38.89547535301359,1.19272736006768,0.0052174519767152,8.281234868972023,1000000.0,913433.6431255724,17.71496188210118,0.555455881420718,12.692053954718531,0.9640498411333616,0.005201580264693,8.56446445000382,1000000.0,517097.927012314,0.104,1.5362,False,0.2
goe547,ok,,0.0659152753180163,0.8278896326816533,3.774969684637077,1.7678399999995942,0.4683057475121296,0.4683057475121296,5.98994586818794,0.9694883584889532,0.0794055601166275,1.86157543048124,17.096059297648857,24.947580596318037,7.85152129866918,0.0659152753180163,9.7743513328517,31.292800308145917,0.5488750006671904,39.340542643249954,0.6244985678874981,0.0060784937379744,8.000170791481484,1000000.0,969796.7202735804,17.50193442394276,0.5522243876314272,13.3064013502496,0.659115810766523,0.0060718045615824,7.970262914615867,1000000.0,542403.3143612461,0.1050474331585998,1.3888,False,0.2
goe548,ok,,0.0587264817808491,0.856757180844204,3.647775980702341,1.767839999993704,0.4846350240108015,0.4846350240108015,6.342940268384727,1.1414624302274972,0.1062380605989265,1.83606092564087,15.05403298845664,23.23303418248224,8.179001194025597,0.0587264817808491,10.757184623719938,31.292800307432973,0.4939302659822061,37.100361995337984,1.938588696391932,0.0053742559228763,8.507651541127244,1000000.0,1003612.403438422,19.52946200113192,0.4464453227679399,14.22793681407994,1.5776356439618269,0.005314918514218,9.059448303548027,1000000.0,626342.4846692212,0.119,1.1496709030100334,False,0.2
goe549,ok,,0.065212760574885,0.8000253860546366,3.906448870344426,1.7678399999999996,0.4525440006191945,0.4525440006191945,6.191993387759129,1.0648091782568032,0.0799616308493541,1.8649031340222613,16.890684074371276,24.947580596152665,8.05689652178139,0.065212760574885,9.859960741179654,31.292800308129426,0.5679918795210047,39.53665083797559,0.7717312421121274,0.0074340667443265,7.750431224977597,1000000.0,937156.3127535208,17.623722757677477,0.578329081719795,13.598363684964932,0.8707874559652727,0.0073272592192968,7.688781477031535,1000000.0,527794.983956251,0.1384999999999999,1.472,False,0.21
goe54,failed,too few converged polar points,,,,,,,,,,,,,,,,,,,,,,,,,,,,,,,,,,,0.01
goe550,ok,,0.0658344537229046,0.7810057477711307,4.001581645870021,1.7678399999999852,0.4417853130210524,0.4417853130210524,6.013190651201833,0.9686723931462682,0.0803639584812749,1.8667123955693987,17.067677549436333,24.94758059620756,7.879903046771231,0.0658344537229046,9.837030239497812,31.29280030817293,0.5818240441714094,39.56521227491044,0.767799909898063,0.0076282159097008,7.747725308996106,1000000.0,914876.5521442302,17.56569510983729,0.5832332577745063,13.279524605208715,0.781013407697471,0.0076306335627915,7.736095195189473,1000000.0,513550.7982616528,0.1295,1.5322,False,0.2
goe553,ok,,0.0661957227075635,0.7470580366557886,4.18342098237808,1.7678399999999996,0.4225823811293945,0.4225823811293945,5.909287490450777,0.9101200171168364,0.0811330255040879,1.868160779581132,17.170132326195827,24.94758059622773,7.777448270031909,0.0661957227075635,9.79521341179464,31.29280030820068,0.6082632143590199,39.41272646175486,0.5101515772052646,0.0074545270033819,7.851803646312228,1000000.0,875109.9243230821,17.47746325129979,0.6079002353488441,13.093684361867371,0.5068366467886518,0.0074544477483404,7.8547022852190995,1000000.0,488761.0374452885,0.136755485339038,1.6472678929765885,False,0.2
goe559,failed,too few converged polar points,,,,,,,,,,,,,,,,,,,,,,,,,,,,,,,,,,,0.01
goe55,ok,,0.0688897600305782,0.7587913280015234,4.118732186662075,1.7678399999999814,0.4292194587754159,0.4292194587754159,5.134465945059131,0.5102338679690311,0.0808594173096418,1.8697972310810496,17.94331742037801,24.94758059651819,7.004263176140181,0.0688897600305782,10.507398460764138,31.292800308382898,0.598857559278816,39.862002403957234,3.661000958180981,0.0087523316251259,7.57125450885272,1000000.0,888854.3982483804,18.731796664192544,0.4692319164416602,10.850509004220187,2.5213527633784003,0.0073004121300862,8.952326533668936,1000000.0,532066.1522133456,0.0616217370422253,1.6303,False,0.2
goe561,ok,,0.0506497249382647,0.6757105393834038,4.625143583599932,1.7678399999999996,0.3822238094982599,0.3822238094982599,6.790242938409882,1.385632346884948,0.0771742517856589,1.7787023258973615,12.788467118793864,21.357412383101103,8.568945264307244,0.0506497249382647,10.84742236163619,31.29280030517593,0.5757121579435569,40.00000000177473,2.2164389460758493,0.0197799643226958,6.379079661698066,1000000.0,791532.8795256871,20.328345003172707,0.5473548217482902,17.008672317016853,2.074627904057884,0.0200785597819595,6.366322166126311,1000000.0,514193.466210548,0.2493676172714722,1.5056,False,0.2
goe562,ok,,0.0639549780602983,0.7927484660429696,3.9423075533653567,1.7678399999999996,0.4484277231214192,0.4484277231214192,6.266236018907764,1.1158958644489068,0.0801132883671805,1.9488651022262824,16.444976191935066,24.66007731306911,8.215101121134046,0.0639549780602983,10.701744935816858,31.29280030949232,0.5665998874202235,40.00000000268469,0.9044863282519509,0.009661789481707,7.365527003711539,1000000.0,928632.0688821974,18.304234130232583,0.5516716934169239,13.908830205288606,0.7365248231897858,0.0097142551318766,7.451444704891458,1000000.0,543188.8051420533,0.1409859030309149,1.465941806020067,False,0.2
goe563,ok,,0.0665569502167668,0.834110798529776,3.746814297458108,1.7678399999987453,0.4718248249447733,0.4718248249447733,5.805396258485148,0.8699617494821358,0.0792864682017376,1.855637108462031,17.286547229544688,24.947580596491868,7.661033366947178,0.0665569502167668,10.527086062792163,31.292800308142755,0.5447812490762809,39.07104652679763,2.099691899604527,0.0053678362486002,8.159614819394154,1000000.0,977084.2450811464,18.910101935316995,0.4581230972611509,12.293261464058013,1.475445308128568,0.0048469020575974,9.28952088665886,1000000.0,590447.722541113,0.0889187855680379,1.3709832775919732,False,0.2
goe564,ok,,0.0667268320172259,0.8380042122395349,3.729406391940839,1.7678399999998498,0.4740271813284042,0.4740271813284042,5.756537217622159,0.8467326674315353,0.0792128616427313,1.8137975945277127,17.3772457841341,24.947580596283974,7.570334812149872,0.0667268320172259,10.06975165459295,31.292800308229456,0.54225016539516,39.06846700435128,1.6012109527649818,0.0054244604493288,8.139634587355832,1000000.0,981645.0219034232,18.50583491229253,0.4704980594223232,12.24049834998655,1.121159564437813,0.005046805479404,9.03405623409185,1000000.0,580522.0542388199,0.082,1.359967558528428,False,0.2
goe565,ok,,0.0670663386215738,0.8149283855158699,3.8350097028728856,1.7678399999999708,0.4609740618584732,0.4609740618584732,5.658893050008421,0.7887579456326601,0.0796594913770124,1.859271572190467,17.42941597408926,24.947580596288148,7.518164622198888,0.0670663386215738,10.355030476668594,31.292800308260578,0.5576047303845068,38.96554510367291,1.8301236251861817,0.0053766230971337,8.187786927407771,1000000.0,954613.8088164226,18.564672730889274,0.4774458341101729,12.119775634790631,1.2392513018188591,0.0050201014293001,9.1665456820739,1000000.0,566331.3212779607,0.0839999999999999,1.4267933110367894,False,0.2
goe566,ok,,0.0667152901223136,0.8258247564021032,3.784408545967788,1.767839999999968,0.4671377253609592,0.4671377253609592,5.759856736894896,0.8480623299423592,0.0794454832481289,1.8461215533563569,17.341602306013495,24.94758059626475,7.605978290251253,0.0667152901223136,10.486901266657911,31.292800308235307,0.5502473971212233,39.18864913619281,2.015770951834211,0.0058708720676794,8.052344075952865,1000000.0,967377.9072307436,18.935014052554507,0.4581864461016933,12.12600075183625,1.3789319772301996,0.0052081866705527,9.227225436751198,1000000.0,585352.3522062148,0.0865,1.3947729096989967,False,0.2
goe567,ok,,0.0654102506074916,0.774157501912792,4.036979888301923,1.7678399999999996,0.4379115202239977,0.4379115202239977,6.135194051325424,1.0276286468945155,0.0805136864197721,1.8688536535933071,16.943532891250943,24.94758059616968,8.004047704918731,0.0654102506074916,9.534397951401086,31.29280030814392,0.586970896189504,39.46665906141019,-0.4393763424586422,0.0074298373909351,7.80248622518149,1000000.0,906854.4606581487,17.005786645499647,0.6376659209410426,13.85259778825611,0.0180099340889856,0.0074576365826885,7.400743422541271,1000000.0,492821.7776808754,0.147400319143555,1.5546,False,0.2
goe570,ok,,0.0360485363044677,0.5979846116851836,5.2263188793315125,1.7678399999999994,0.338257201831152,0.338257201831152,6.994827986290178,1.4822579798135374,0.0653070061924514,1.7045528936953904,8.663225751787147,17.362606631772717,8.699380879985569,0.0360485363044677,10.724006353148678,31.292800303136644,0.5288620186685112,40.00000000017108,4.604647777213582,0.032062718252343,5.185902152623142,1000000.0,700484.0889418322,20.97129867664698,0.5900027070684866,20.982610866547585,5.304496058693077,0.0342401330641995,5.104084057803704,1000000.0,469439.0053026239,0.337,1.3017,False,0.2
goe571,ok,,0.054050592019206,0.6807907399692207,4.590629810477879,1.7678399999999996,0.3850974861804353,0.3850974861804353,6.789419143045969,1.380499708593823,0.077800992327906,1.8294121056300627,13.71586742779511,22.33469867647114,8.618831248676033,0.054050592019206,10.391070596827332,31.2928003080863,0.597563301711016,40.00000000198428,1.8511554656380032,0.017277487355336,6.670977715952991,1000000.0,797483.8683204544,18.9333512568483,0.6299209781072527,16.304563733663844,2.2133608090611934,0.0174434768848837,6.559719174292219,1000000.0,482508.502017303,0.2489443468926519,1.6007,False,0.2
goe572,ok,,0.0618058238677188,0.7450337240287912,4.1947876516247815,1.7678399999999996,0.4214373042972166,0.4214373042972166,6.499660290539735,1.230018722760152,0.0811810976472152,1.8525991168007607,15.923132339250612,24.27539174659111,8.352259407340496,0.0618058238677188,10.117992732882986,31.29280030949752,0.593482306602022,40.000000002495895,0.6412547929082677,0.011229226021481,7.250628259113224,1000000.0,872738.6279098499,18.20504076520643,0.603324621536607,14.50631487228834,0.8173635285472608,0.0112476393398705,7.193081643325409,1000000.0,507728.3637555116,0.1858893366582571,1.582938795986622,False,0.21
goe573,ok,,0.0640279052245312,0.7763844199131738,4.025400543134944,1.7678399999999996,0.4391712032272004,0.4391712032272004,6.18385519464746,1.0732778108261642,0.0804647134979849,1.851401323262459,16.56341426761284,24.59867078552276,8.03525651790992,0.0640279052245312,9.852693635333726,31.29280030945943,0.5771016140898093,40.00000000273695,0.5553886101000729,0.0100117109701287,7.347185964794545,1000000.0,909463.0907454044,17.739164223943508,0.5866282104056108,13.764147095393367,0.6595571935692175,0.0099766060890701,7.294082603961086,1000000.0,515553.5766312075,0.140975884940012,1.5116471571906356,False,0.2
goe574,ok,,0.0609944925196134,0.8567571809095682,3.6477759804166094,1.7678399999919028,0.4846350240482693,0.4846350240482693,6.104780919687793,1.0092105685964727,0.1062380613861476,1.850054036890029,15.692333582367326,23.64716853894515,7.954834956577822,0.0609944925196134,10.108632259641627,31.29280030694933,0.502734690351135,36.38178092082708,0.6120904623238959,0.0028217471956599,9.198536024120026,1000000.0,1003612.4035005016,18.2132198268731,0.4992364421019969,13.665755702308022,0.5748788914501919,0.0028271664292535,9.247702911014684,1000000.0,584128.3984377645,0.102492800809937,1.1879892976588629,False,0.2
goe575,ok,,0.0641481934893929,0.7743353550694055,4.036052654886039,1.7678399999999994,0.4380121250053205,0.4380121250053205,6.2802137621455,1.1457349067816769,0.080509764803743,1.8543149872268463,16.595096241111804,24.72962499048415,8.134528749372347,0.0641481934893929,10.849372956230624,31.292800309949214,0.5817091592454462,40.00000000267643,2.402418064970429,0.0097249888081187,7.386299659463941,1000000.0,907062.799359937,19.50293060773529,0.4926175454482296,13.160797523684204,2.16176674933919,0.0091181083868269,8.106699343068941,1000000.0,565317.9855287833,0.1334540539616139,1.5317,False,0.2
goe57,ok,,0.0681388337267442,0.787536936749028,3.968395791695791,1.767839999999954,0.4454797587728802,0.4454797587728802,5.350436924388732,0.6318890497206673,0.0802236230674727,1.8889124762099896,17.708231195762927,24.947580596361647,7.239349400598721,0.0681388337267442,8.146434871313321,31.29280030832984,0.5769988701271846,39.95253051897324,0.1777287088897418,0.0088717538635313,7.485041890212001,1000000.0,922527.2405984176,14.375882020146577,0.7933520049174235,14.159464547939136,2.2933614111232687,0.0098435248395576,6.015841956077992,1000000.0,423808.1169004223,0.0628283921031093,1.5112,False,0.2
goe584,failed,airfoil 'goe584' not found in the aerosandbox UIUC database,,,,,,,,,,,,,,,,,,,,,,,,,,,,,,,,,,,0.0
goe585,ok,,0.0672418254197273,0.8041794124271425,3.88626992597021,1.7678399999999996,0.4548937756964107,0.4548937756964107,5.608421977833722,0.7641906564226199,0.0798762877773953,1.8655483487711624,17.473610269690028,24.947580596294912,7.473970326604885,0.0672418254197273,10.374292412031128,31.292800308274224,0.5650578908960129,39.10421427174831,1.6593846677921265,0.0058708851606093,8.088770796800816,1000000.0,942022.3733932014,18.53662743694042,0.4824399833670064,11.974291798259062,1.1538976108507917,0.005288759027244,9.112792486988583,1000000.0,558017.1030022837,0.082,1.459230769230769,False,0.2
goe587,ok,,0.0529543796359275,0.8567571808316758,3.647775980781608,1.7678399999999863,0.4846350240019925,0.4846350240019925,5.51757163147922,0.6968389714979834,0.1062380601560395,1.8273162964103784,13.402685878130296,20.747573806019894,7.344887927889598,0.0529543796359275,10.854460677293453,31.292800307017757,0.4410898106740179,34.00829126708035,1.7828093324848109,0.0055992228948729,9.015370346062674,1000000.0,1003612.4034068632,19.80036825701933,0.3900202919447505,13.69277669426586,1.445346007510982,0.0053593099878122,9.698130528356904,1000000.0,635030.901031623,0.05799987,0.9197,False,0.2
goe590,failed,too few converged polar points,,,,,,,,,,,,,,,,,,,,,,,,,,,,,,,,,,,0.01
goe591,ok,,0.0658812159972748,0.8114022618802562,3.8516755651541104,1.7678399999985743,0.4589794675315133,0.4589794675315133,5.999741536517402,0.972990480465958,0.0797299158714365,1.8861008757849689,17.061738184276578,24.94758059657895,7.885842412302371,0.0658812159972748,9.81131094243835,31.292800308044622,0.5600279220841362,39.62940330427989,0.25076732789356,0.0073799477945347,7.739695132898429,1000000.0,950483.2786020978,17.33967160930177,0.5765493162244395,13.3998408430655,0.4207735715359546,0.0073011218101849,7.621398787090963,1000000.0,526672.83716555,0.112,1.4373394648829432,False,0.2
goe592,ok,,0.065285775070115,0.7550636661395576,4.139065890401829,1.7678399999999992,0.4271108619216433,0.4271108619216433,6.170993974148914,1.0721657649661502,0.0809453548004277,1.8727831964364103,16.90380342557627,24.947580596161597,8.043777170585324,0.065285775070115,8.954095685944152,31.292800308134677,0.6018140496853001,39.87742575827925,-1.729855316309442,0.0090294766879697,7.52694966122749,1000000.0,884487.7844979992,15.9372348473692,0.7480951373196717,14.690367141057614,-0.304482719084743,0.0088434905254251,6.601089252680499,1000000.0,450464.3049637687,0.1425348491707392,1.6192,False,0.2
goe593,ok,,0.0658645125987651,0.7808207337746779,4.002529813074683,1.7678399999999996,0.4416806576243766,0.4416806576243766,6.004545535384739,0.9819396426640796,0.0803679867346715,1.8653209764082168,17.077714084407052,24.94758059620001,7.869866511792955,0.0658645125987651,10.093818271489534,31.292800308176908,0.5819619062783528,38.97867346179881,0.9962890094324452,0.00578516117429,8.147967511771077,1000000.0,914659.825228236,18.03767894668324,0.552536588401126,13.052842431451452,0.790227689216688,0.0057813193062449,8.433507206821444,1000000.0,527224.796452149,0.119,1.5328,False,0.2
goe595,ok,,0.0654313534126422,0.8567571811336558,3.6477759794947913,1.767839999999722,0.4846350241728836,0.4846350241728836,6.017655526189506,0.9611575065636844,0.1062380623694669,1.84552411703284,16.972931723167154,24.836111366389503,7.863179643222345,0.0654313534126422,10.330744820048595,31.292800308078952,0.5280114079023543,38.888118768305176,1.2445121446204943,0.0051804592093676,8.195955462111923,1000000.0,1003612.4037947896,18.65909838241138,0.4701814090990657,12.853869913993693,0.8563088744532447,0.0049110230819279,8.923414486987351,1000000.0,598428.4690360766,0.0955,1.2979979933110368,False,0.2
goe596,ok,,0.0668684388542161,0.7853477701801244,3.979457743775284,1.7678399999999852,0.4442414303218226,0.4442414303218226,5.715810228657197,0.821954155630154,0.0802704014189421,1.843157910175208,17.38861245744287,24.94758059627528,7.558968138832404,0.0668684388542161,9.679962226909964,31.29280030824756,0.5786072615756054,39.5470648172707,1.3942063371558808,0.0071997037934878,7.828723994746167,1000000.0,919962.8328840624,17.506118481893573,0.5601793433996001,12.733774902629415,1.277008822822966,0.0074539592520698,7.924835786512924,1000000.0,514654.43145918177,0.0975,1.5182,False,0.2
goe598,ok,,0.0422996033667221,0.856757179162118,3.647775987831936,1.7678399999859142,0.4846350230614447,0.4846350230614447,5.578485679566516,0.7221587070562365,0.1062380459066312,1.7584266734991032,10.407196939125296,17.744109292190913,7.336912353065619,0.0422996033667221,11.900984649350054,31.292800305398742,0.3772366782462695,29.403481214341905,2.409952180678829,0.0058526511713715,9.598717063813348,1000000.0,1003612.4014071936,22.55991075944463,0.3001146126787802,14.385877481318206,1.675229228522896,0.0045428353946945,11.303206978899706,1000000.0,723534.0395187336,0.0653736490010441,0.6418,False,0.2
goe599,ok,,0.0655854096050001,0.8449653337165961,3.698682230966199,1.7678399999999996,0.4779648235793942,0.4779648235793942,5.994042454385846,0.9725647312160032,0.0790829197451089,1.8227200389475449,17.040043299296585,24.856805792629974,7.816762493333391,0.0655854096050001,10.770154265191414,31.29280031034665,0.5358261293272979,40.00000000287205,2.968163849211664,0.0086318628020883,7.42428630558168,1000000.0,989799.3368830686,19.69612087988784,0.4253367818462636,11.8258360734273,2.017187398767037,0.0064434707501092,8.957215867492481,1000000.0,622993.3784365042,0.099703898650167,1.3320090301003344,False,0.21
goe600,ok,,0.0651409445265771,0.80474577998143,3.883534829685116,1.7678399999999996,0.455214148328712,0.455214148328712,6.212648120735837,1.0901824966095202,0.0798647201969862,1.8536276288589464,16.881304846551025,24.947580596145805,8.066275749594784,0.0651409445265771,10.603959927697922,31.292800308124136,0.5646602119494244,39.06841881970589,3.0767576654829125,0.005941895038555,8.07139458809874,1000000.0,942685.8209968356,19.068842383453777,0.4916680826637432,13.099359635555851,2.4099444077734744,0.0058366384339681,8.826463347425312,1000000.0,574442.9121301275,0.1307436763022166,1.4575,False,0.2
goe601,ok,,0.0618732695731673,0.8567571811371115,3.6477759794715823,1.7678399999976635,0.4846350241754026,0.4846350241754026,6.904826570538255,1.4380998392752264,0.1062380627442153,1.8447649714222096,15.950364281402258,24.69995582336272,8.749591541960465,0.0618732695731673,10.684548464418985,31.29280030770896,0.5251167647493001,39.21923678511968,2.5391126484061832,0.0067433837725543,7.842465017419721,1000000.0,1003612.4037881398,19.306069932911832,0.4887070384570169,14.540635792795351,2.0410928257520364,0.0066472815491864,8.198687441547136,1000000.0,619177.9279113718,0.1603468992964845,1.2854,False,0.2
goe602,ok,,0.0646458519816621,0.8567571809020654,3.647775980465089,1.7678399999959096,0.4846350240429268,0.4846350240429268,6.039254065223827,0.9674339644121628,0.1062380598176467,1.853770801607204,16.738770041963097,24.631794908794127,7.8930248668310306,0.0646458519816621,10.284635484057103,31.292800307934407,0.5236676756965218,38.67047389614087,0.7894584806634743,0.0052180346616947,8.2321219247319,1000000.0,1003612.403521031,18.493180629702454,0.4804728062856653,13.183915356258348,0.4347780182129453,0.0052839007872874,8.683189596609004,1000000.0,593107.209258556,0.0995,1.279093311036789,False,0.2
goe602m,ok,,0.0662625096280068,0.8498074293363136,3.677607605808691,1.7678399999999883,0.4807038133181279,0.4807038133181279,5.890079165278834,0.903418537838056,0.0789937877051515,1.855804601839704,17.2016968291115,24.94758059623004,7.745883767118538,0.0662625096280068,9.912177157496576,31.29280030820368,0.534718698615952,39.40596611187425,0.5976357516283753,0.0060350305801696,7.973137293383987,1000000.0,995471.4074221556,17.803916690493523,0.512891690814535,12.969795701350144,0.3765647906896475,0.0060224620097555,8.187693130872658,1000000.0,566369.5748208921,0.096,1.3271892976588628,False,0.2
goe604,ok,,0.0641907862112741,0.7645800487560954,4.087548806281984,1.7678399999999996,0.4324939184293236,0.4324939184293236,6.4859194403399005,1.2161490994905488,0.0807275570684709,1.862992021917123,16.59866913382148,24.947580596078502,8.348911462257023,0.0641907862112741,9.85319461155444,31.292800308053028,0.5943235419624671,39.71853262128331,1.1107009777472052,0.0084448896297872,7.6180663538239,1000000.0,895635.3533092582,17.629695485607346,0.6266479028259511,14.215831835884057,1.4937912109970837,0.0082216858842581,7.424875552495511,1000000.0,504581.8331868228,0.1782428046418889,1.5866,False,0.2
goe610b,ok,,0.0668788840944087,0.8493966651034687,3.6793860795524624,1.7678399999999963,0.4804714595797529,0.4804714595797529,5.712806113940322,0.8209770856333725,0.0790013100941786,1.8495500056245109,17.385224476703097,24.94758059626793,7.562356119564832,0.0668788840944087,9.846988936349067,31.292800308248857,0.5349772860633483,38.34518582686259,0.3779026774857415,0.0030531161974736,8.751784111442594,1000000.0,994990.234825099,17.746639103933784,0.5042206844309052,12.564485881512551,0.0843044800902223,0.0030174401014637,9.182378913671949,1000000.0,564274.6074318168,0.0779302418307185,1.3283147157190636,False,0.2
goe610bm,ok,,0.0677550353100915,0.7818703073096289,3.9971568639738138,1.7678399999999996,0.44227436154269,0.44227436154269,5.460819687019932,0.6867899891164826,0.0803452629068341,1.8794955425911413,17.607265366719325,24.9475805963304,7.340315229611073,0.0677550353100915,9.108149713423758,31.29280030830948,0.5811806874356057,39.92931321119328,0.1193903546097888,0.0088993798863678,7.492118997077648,1000000.0,915889.3042975625,16.153536072179115,0.6417281587359045,12.769880211418014,0.6488539927617678,0.0088870513942438,7.079123839369732,1000000.0,472787.69459200784,0.077,1.5294,False,0.2
goe611,ok,,0.0647244551079752,0.7747174179183796,4.03406221845042,1.76784,0.4382282434600301,0.4382282434600301,6.1022275557231,1.0391067951685329,0.0805013467283096,1.871475098397771,16.743672482233404,24.717375136354278,7.973702654120871,0.0647244551079752,9.26707340739395,31.292800309457743,0.5811342728310485,40.00000000280095,-0.6196802777438065,0.0097495479334014,7.382640845548341,1000000.0,907510.35090723,16.505827257738716,0.6738270522283349,14.127922955104852,0.2216234074150796,0.0093103100600408,6.85933284295317,1000000.0,478679.08715594746,0.128990028,1.529197993311037,False,0.21
goe612,ok,,0.0653303283323943,0.7465695561979939,4.186158194711017,1.76784,0.4223060662718311,0.4223060662718311,6.158180184510248,1.053003193004296,0.0811446017905392,1.8656222009320764,16.92377821072235,24.947580596164677,8.023802385442323,0.0653303283323943,9.803020057276685,31.292800308138062,0.6086612009787701,39.40780829254602,0.7723961375075667,0.0075045479111045,7.842669203241275,1000000.0,874537.7142981755,17.515193326885864,0.6248652814947027,13.611110568842012,0.9270473214148962,0.0075031017038003,7.715954322927325,1000000.0,489495.8900051484,0.1500443700371913,1.649,False,0.2
goe613,ok,,0.0657644040242632,0.842369758724765,3.710078897337315,1.767839999999965,0.4764966053063522,0.4764966053063522,6.033337371259522,0.9920888755649208,0.0791311191557238,1.860039226653052,17.054203998305294,24.94758059621787,7.8933765979125745,0.0657644040242632,9.56799459850358,31.292800308148333,0.5394399763092653,39.8670349824661,0.8091525651100671,0.0080807533635754,7.529655539689918,1000000.0,986758.8589347,17.146582110385914,0.5684748390751945,13.493714961930568,1.065054060128701,0.0080491917049898,7.31514525245754,1000000.0,540684.8102842642,0.103,1.3477371237458196,False,0.2
goe614,ok,,0.0626379288078686,0.7916397735694394,3.947828759927591,1.7678399999999996,0.4478005778630642,0.4478005778630642,6.746933809898808,1.356739731856675,0.0801366392561151,1.8573523858357035,16.157697520003605,24.76198371573812,8.604286195734511,0.0626379288078686,9.8060884049748,31.292800309594995,0.5697381330768005,40.00000000236889,-0.0226777357885482,0.0094364564749323,7.395964636011097,1000000.0,927333.3374091798,17.59868595705856,0.6259405358360726,15.066200546335406,0.60540038427207,0.0095526542114451,7.0088899240963904,1000000.0,521520.8617034887,0.1875819944362704,1.4796,False,0.2
goe615,ok,,0.0654796112640778,0.7701478851984564,4.057997594571926,1.767839999999998,0.4356434322101872,0.4356434322101872,6.115245503963705,1.031638074954226,0.0806025731942244,1.859882283836014,16.972452808375085,24.94758059617481,7.975127787799719,0.0654796112640778,9.529083630882637,31.292800308148585,0.5900268395496905,39.765801042068325,0.1054646814331513,0.0085124661777309,7.592846184539891,1000000.0,902157.562683466,17.07829166340009,0.6332584432869204,13.682512317877697,0.5290825635159633,0.0083387861787318,7.3142028749407775,1000000.0,492359.5788849343,0.1364356238306146,1.5679,False,0.2
goe617,ok,,0.0642785739843298,0.8324897937830591,3.7541100070403943,1.7678399999999934,0.4709078840749515,0.4709078840749515,6.460671142023951,1.2257179543092285,0.0793173412851884,1.846888175376173,16.64002127868124,24.94758059608136,8.307559317400123,0.0642785739843298,10.89648954290845,31.292800308058027,0.54584203444161,39.56245070145401,3.2881133693881552,0.0071858530174744,7.741266038960124,1000000.0,975185.3867942292,19.666394692411124,0.4602050170595073,13.288161240031492,2.629548044795328,0.0066824128492107,8.639041838833627,1000000.0,612868.7917402012,0.1385,1.3756,False,0.2
goe619,ok,,0.0651343127738995,0.7969385656057115,3.921579906507102,1.767839999999986,0.4507979034334091,0.4507979034334091,6.214555453211425,1.0781153935518168,0.0800256213877328,1.8634631546347231,16.869561988307105,24.94758059615325,8.078018607846147,0.0651343127738995,9.8913323967417,31.292800308121414,0.5701919097671966,39.5692807198394,0.5778326013367313,0.0075356866382034,7.735117416739508,1000000.0,933540.3859083762,17.69345849803079,0.5775117959942077,13.64972835567377,0.6474389249757976,0.0075409057207411,7.675545732930939,1000000.0,527838.9249816899,0.1376353962698146,1.48157491638796,False,0.2
goe620,ok,,0.0639949032011912,0.7707782189073867,4.05467901004026,1.7678399999999994,0.4359999880687092,0.4359999880687092,6.542256587306631,1.256140165353412,0.0805885412194486,1.8591516463478348,16.546172362407532,24.947580596062,8.401408233654466,0.0639949032011912,9.497023386106733,31.292800308038107,0.5895443222757835,39.5930683284008,-0.2222552939071538,0.0079634585525693,7.700360305533148,1000000.0,902895.9407677266,17.027521494840453,0.6705421778151566,14.822933353816897,0.839835178563613,0.0081119974905482,7.083449352133813,1000000.0,491297.6751101931,0.175,1.5658,False,0.2
goe621,ok,,0.0652790774652376,0.7497394625651141,4.168459073645964,1.7678399999999996,0.4240991620085043,0.4240991620085043,6.172920246111346,1.0608116360147546,0.0810697480933385,1.865675214755676,16.908985135293598,24.94758059616062,8.038595460867022,0.0652790774652376,9.811706859681603,31.2928003081343,0.6060877749918744,39.41684442388505,0.7472490870878465,0.007507600004124,7.835616126815607,1000000.0,878250.9686704535,17.53021601702259,0.6223025575531969,13.635723470860372,0.9009811070944506,0.0075042293161792,7.709056515404673,1000000.0,491995.891909691,0.1500443700371913,1.6378,False,0.2
goe622,ok,,0.0631294163758818,0.85675718105425,3.647775979828296,1.767839999998613,0.4846350241282708,0.4846350241282708,5.787871203872222,0.8336894375285576,0.1062380618667286,1.865785263630208,16.290619461820654,23.944275929323084,7.65365646750243,0.0631294163758818,9.25694229169195,31.29280030789948,0.5090511416804898,38.149470063172174,2.152734580949537,0.0054710743978153,8.318955785692246,1000000.0,1003612.4036966464,16.53806303818866,0.5825701707943907,13.926408686699856,2.8389576460231734,0.0058805911384793,7.509930405627343,1000000.0,530403.3207297615,0.08,1.2154795986622071,False,0.2
goe623,ok,,0.0660093628876509,0.7740363031547621,4.037611999414287,1.767839999999984,0.4378429626859723,0.4378429626859723,5.96288570992167,0.9569022606066626,0.0805163053411344,1.8495736015650577,17.135121284735895,24.947580596222625,7.812459311486728,0.0660093628876509,10.129887727428144,31.292800308186127,0.5870628042084112,39.11076017223335,1.5587992667086432,0.0060814409899012,8.092801198738968,1000000.0,906712.487438073,18.256257764594167,0.5401436045164207,12.865655705169866,1.2266952775416875,0.0059881465949171,8.561571076236385,1000000.0,528977.1681032821,0.12,1.555,False,0.2
goe624,ok,,0.0654185659377735,0.7149643015077568,4.371208826803351,1.7678399999999996,0.4044281730856621,0.4044281730856621,6.132802511684762,1.0453566403924717,0.0819197223723227,1.8661576065762853,16.948620477912513,24.94758059617356,7.998960118261047,0.0654185659377735,9.787510248768632,31.29280030814452,0.6355672887881973,39.4150129945952,0.961139280836986,0.0078560794236332,7.8388406398738,1000000.0,837515.059185847,17.482464529036793,0.652905278930976,13.55552058699579,1.1186304541753616,0.0077889887260453,7.721199995046481,1000000.0,467897.6368548237,0.16,1.7661,False,0.2
goe625,ok,,0.0631167875701163,0.7030969074616514,4.444989349879139,1.7678399999999996,0.397715238631127,0.397715238631127,6.48537175845669,1.2290363522559715,0.0805346648359697,1.8611260943556385,16.291646508619603,24.63814436143193,8.346497852812329,0.0631167875701163,9.688366082830264,31.292800309631104,0.6382785771186165,40.00000000255552,0.161666290249504,0.01095149881812,7.3589760207880435,1000000.0,823613.4962994601,17.352157764794157,0.7032155100989578,14.668099492033225,0.7569902571337679,0.0110131329188141,6.981840095525756,1000000.0,456701.5793918385,0.2,1.7779,False,0.2
goe626,ok,,0.0650959164714359,0.7650532898683469,4.085020360003687,1.7678399999999996,0.4327616129674331,0.4327616129674331,6.22559846369871,1.0639019659301323,0.0807168635507507,1.861902022016471,16.860080110432254,24.947580596147432,8.087500485715182,0.0650959164714359,9.57070877981325,31.29280030812081,0.5939559096178008,39.84548696857284,-0.1279755602700532,0.0088427906291188,7.540094684696674,1000000.0,896189.7118397296,17.134286456613175,0.6422393392857797,13.997761264919738,0.3301911035564425,0.008987291198272,7.184091289842622,1000000.0,490706.2036933335,0.1655716985647187,1.585,False,0.2
goe627,ok,,0.0644961188977094,0.7651716916235654,4.084388248823892,1.767839999999997,0.4328285883471166,0.4328285883471166,6.398103899715243,1.1917460425534452,0.0807141516226225,1.84570314726486,16.70377354912398,24.94758059610408,8.243807046980102,0.0644961188977094,10.61749391002914,31.292800308074924,0.5938640015891908,39.767864154877145,2.2880600726128857,0.0084646647364972,7.612928579948789,1000000.0,896328.4086276412,19.17515631872359,0.5226337061059476,13.310037025128372,1.8165183644414795,0.0079766446449066,8.261923784710824,1000000.0,549239.3515166717,0.1575,1.5846,False,0.2
goe628,ok,,0.0656209484953375,0.7096536365942678,4.403920595120985,1.7678399999999996,0.4014241314792447,0.4014241314792447,6.074596055267678,0.9949786239774058,0.0813157947813857,1.868580431477222,17.004404109444405,24.947580596189304,7.9431764867449,0.0656209484953375,9.612148825517629,31.292800308159272,0.6403235314487521,39.60956897324687,0.4823294311178179,0.0086346881534273,7.703081337496655,1000000.0,831294.1026574202,17.1469718644805,0.6790147786854328,13.650443839835658,0.8587330134181904,0.0087566745737218,7.415356965725285,1000000.0,455509.7801732599,0.1671167873923422,1.7868,False,0.2
goe629,ok,,0.0645988204889022,0.8229631535016314,3.797567670317028,1.7678399999999843,0.4655190251955146,0.4655190251955146,6.368566296455677,1.168634882289941,0.0795011370897011,1.831517625566972,16.747496674088925,24.94758059611157,8.20008392202265,0.0645988204889022,10.404135616756424,31.29280030808136,0.5521607143123765,39.26649757066945,2.399408684726341,0.0063679469609092,7.941930551166882,1000000.0,964025.8020684228,18.935363532261352,0.4956749018857847,13.413718845259998,1.977576281604709,0.006297406857188,8.493543713814876,1000000.0,583334.7874568858,0.1361690666212076,1.4031,False,0.2
goe630,ok,,0.0667194743212362,0.7126071929827547,4.385667582891815,1.7678399999999996,0.4030948462432996,0.4030948462432996,5.758653335797305,0.845540291976216,0.08171846465079,1.8787929769096376,17.310134283558394,24.947580596265336,7.637446312706943,0.0667194743212362,8.978105523515547,31.292800308237787,0.6376695705057139,39.90758404644045,-1.2196730563808251,0.0096947671659507,7.504393011403691,1000000.0,834753.9228887161,15.928853673353844,0.7534166976223181,13.582134021976502,-0.0495610777945713,0.0093130349269267,6.838113441604304,1000000.0,424911.5758250669,0.1254282244528923,1.7752494983277594,False,0.2
goe632,ok,,0.0641200085943439,0.8344274202925575,3.74539257650688,1.7678399999993015,0.4720039258603081,0.4720039258603081,6.506275514391936,1.2522291668320904,0.0792804495086973,1.8614985564588005,16.57980652558209,24.94758059643283,8.367774070850736,0.0641200085943439,10.636954174001538,31.29280030788529,0.5445745329637571,39.57485278971601,2.0219606644670804,0.0072054818567347,7.733281752452275,1000000.0,977455.1384080814,19.04729594890943,0.4930160263322823,13.72602376531241,1.6835842880219265,0.0071631604673232,8.185342527897873,1000000.0,594957.2142749252,0.1399999999999999,1.3700836120401338,False,0.2
goe633,ok,,0.0653330977375958,0.7840401024276362,3.986094915200339,1.767839999999987,0.4435017322991006,0.4435017322991006,6.157383686708679,1.0483007319915123,0.080298460906644,1.853554523385665,16.936642386076542,24.947580596170887,8.010938210094343,0.0653330977375958,10.328006720845208,31.29280030813638,0.5795722964714787,39.61947401791375,2.8920967712725987,0.0078094235057326,7.704318576278899,1000000.0,918431.0201276098,18.573334981590364,0.528289086557285,13.264097542193012,2.3195693169647127,0.0080880219080866,8.040679611075275,1000000.0,545119.8622795851,0.1376031787560487,1.5224,False,0.2
goe63,failed,too few converged polar points,,,,,,,,,,,,,,,,,,,,,,,,,,,,,,,,,,,0.01
goe645,ok,,0.0652914521253872,0.7605225174425804,4.109356651410333,1.7678399999999996,0.4301987269450745,0.4301987269450745,6.169361218469157,1.0444138867124864,0.0808197885489781,1.8641625398279933,16.914056837864454,24.947580596161604,8.03352375829715,0.0652914521253872,9.936272356691818,31.29280030813521,0.5974943703412346,39.81659170203842,0.9698734393680852,0.0087988951152457,7.558518464223088,1000000.0,890882.3277814969,17.76717810169893,0.5968475451434635,13.507303161907387,0.963832279144482,0.0087976967420803,7.563288308489856,1000000.0,505818.1060656002,0.1545772132165929,1.6004,False,0.2
goe646,ok,,0.0638120523845541,0.771937270571068,4.048590973315709,1.7678399999999976,0.4366556196098453,0.4366556196098453,6.594845596053323,1.275281296495287,0.080562786701853,1.859608873942172,16.493126126055145,24.94758059605064,8.454454469995495,0.0638120523845541,10.015199610061472,31.292800308023352,0.5886591307538799,39.70390256707488,0.8429555396804269,0.008369475901349,7.617066151330657,1000000.0,904253.6634125536,17.952161429211944,0.6061448325480381,14.342612200068306,1.0284916467828529,0.0083859459188535,7.486530128141559,1000000.0,518755.3551855277,0.1833555724366782,1.561947491638796,False,0.2
goe647,ok,,0.0656025066267892,0.711747914221093,4.390962310047863,1.7678399999999996,0.4026087848567139,0.4026087848567139,6.079900049005077,1.0030148801147356,0.081612808863901,1.8665542615462487,17.00112628563642,24.947580596187745,7.946454310551326,0.0656025066267892,9.798688022748792,31.292800308157936,0.6384394159929312,39.74510983254082,1.1487645707435674,0.0091310193014131,7.607304989671961,1000000.0,833747.3566826332,17.49871090385836,0.650341387138556,13.451171006506796,1.2738879030927996,0.0091651297747445,7.521548924752858,1000000.0,466225.5796149391,0.1625272135064058,1.7786,False,0.2
goe648,ok,,0.0653657085703065,0.7403371970123915,4.221398409011305,1.7678399999999996,0.4187806571931802,0.4187806571931802,6.1480046125597765,1.0473497425370355,0.0812936396674354,1.860167258702707,16.939408724905196,24.94758059616768,8.008171871262483,0.0653657085703065,10.208891217447633,31.29280030814065,0.6137850759402435,39.63913331776368,2.076883029839327,0.0083993096964563,7.679470663942599,1000000.0,867237.0775235321,18.29385891633455,0.5765002293291778,13.225854389671191,1.7790096223671348,0.0083201661268442,7.970337235224984,1000000.0,506989.2303343195,0.1516502848126426,1.6713,False,0.21
goe650,ok,,0.0658781021967718,0.7604055500299782,4.109988762544919,1.7678399999999996,0.4301325629185777,0.4301325629185777,6.000637084215851,0.9635994362667374,0.080822461923378,1.8682253584082984,17.078718153579047,24.9475805962032,7.86886244262415,0.0658781021967718,9.727713681593151,31.29280030817789,0.5975862783632875,39.27840419811911,0.6544081040303971,0.00689096645226,7.942112828167143,1000000.0,890745.3111942171,17.35642444100182,0.6127064731127221,13.352425764105954,0.8030126876489267,0.0069057846608043,7.812951845709473,1000000.0,494048.2647019228,0.1341641556541305,1.6008,False,0.21
goe652,ok,,0.0674077632803167,0.6325686908763815,4.940583229419976,1.7678399999999996,0.3578201029936994,0.3578201029936994,5.560697238282819,0.707924603712327,0.0719126866786243,1.8786446016615015,17.50823875636821,24.94758059631253,7.43934183994432,0.0674077632803167,7.877667183299537,31.29280030828568,0.718353483569527,39.54834594563807,-3.576918927279789,0.0090120668641093,7.816205925070133,1000000.0,740996.1636736187,13.977572228283464,1.073667111771852,15.105751856067892,-0.5477947189694499,0.0090600267861141,5.861791232680421,1000000.0,330981.16169189743,0.1704999999999999,2.1264,False,0.2
goe654,ok,,0.0651880212232342,0.7834546390872992,3.989073661291775,1.7678399999999996,0.4431705579052964,0.4431705579052964,6.199108576000799,1.0663645268169826,0.0803110765887816,1.8844567461933863,16.86401527395779,24.947580596151976,8.083565322194186,0.0651880212232342,10.023914025796072,31.292800308127603,0.5800054017410654,39.92780325873046,0.4241560714968089,0.0088801395538161,7.492359724552906,1000000.0,917745.2035584636,17.730864250478618,0.5853769343839071,13.62497988916784,0.4757549320858796,0.0088364526366597,7.463157063535151,1000000.0,520005.0957598892,0.145,1.5242849498327755,False,0.2
goe655,ok,,0.0653284554541472,0.779944707491778,4.007025415494526,1.7678399999999996,0.4411851228005805,0.4411851228005805,6.1587188357009,1.0494950406702623,0.0803869999946294,1.8669783362050043,16.92188342425633,24.947580596162236,8.025697171905904,0.0653284554541472,10.23163408273565,31.292800308137924,0.5826155602118858,39.490818207374936,1.2624067552547265,0.0074642919836093,7.783809349336048,1000000.0,913633.6408391156,18.26772506197265,0.5499919572133299,13.273786718407008,1.025770029159334,0.0073892081970543,8.067141242136488,1000000.0,533349.7799453144,0.139,1.5356448160535117,False,0.2
goe670,ok,,0.066321410562303,0.830860484696856,3.761471779152268,1.7678399999999996,0.4699862457557563,0.4699862457557563,5.873138897761304,0.9134163379511112,0.0793484768637172,1.8607378746175964,17.213703823849794,24.947580596228693,7.7338767723789,0.066321410562303,10.276912013966587,31.29280030820964,0.5469124252004097,39.2629997663855,1.4916647291725909,0.006230472888961,7.959718509527232,1000000.0,973276.8007438306,18.4101016307462,0.4898499751679639,12.798179061536889,1.1182136455930205,0.0065839364898564,8.403424881109594,1000000.0,572595.7613272672,0.09,1.3802585284280935,False,0.2
goe673,ok,,0.0609103296070365,0.856757180954759,3.647775980257384,1.7678399999999432,0.4846350240716278,0.4846350240716278,6.16260627770663,1.0377156191565515,0.1062380609949028,1.8419782109531584,15.676203641467865,23.68078813012765,8.004584488659788,0.0609103296070365,10.476152331572958,31.292800307788102,0.5034494369594226,37.55020737455597,1.2726047862008345,0.0051355504309935,8.472607911236587,1000000.0,1003612.4035757746,18.958154642795552,0.4636553065464491,13.745633727088942,0.9183257261927568,0.0050658736049345,8.947648270317364,1000000.0,608019.7029756379,0.1078917885030168,1.1911,False,0.2
goe675,ok,,0.0651513134232895,0.7482077611683796,4.176992578531511,1.7678399999999996,0.4232327366551157,0.4232327366551157,6.209665962880757,1.0891749576271628,0.081105838307532,1.8700878916183967,16.867826741651477,24.94758059615063,8.079753854499153,0.0651513134232895,9.328364927590467,31.2928003081249,0.6073285339625379,39.60348576988511,-0.7513869767691207,0.0081900400356909,7.703025535005252,1000000.0,876456.7210647707,16.62731997677676,0.696687038192822,14.278901083980706,0.0599612955205963,0.0082113502511277,7.064469409571206,1000000.0,465702.21275967866,0.1490126141970363,1.6432,False,0.2
goe676,ok,,0.0653522271419271,0.8187045679555957,3.817321153348534,1.767839999999991,0.4631101049617611,0.4631101049617611,6.151881953483022,1.0610710147157774,0.0795846812725791,1.8115402571621464,16.98415838551826,24.947580596163423,7.963422210645168,0.0653522271419271,10.51360352017068,31.29280030813833,0.5550328414855387,39.42740458021691,3.605992385352805,0.0068338836567058,7.844763805106247,1000000.0,959037.2599595904,19.345606551485417,0.4635687424866582,12.732732110016473,2.938195598258364,0.0063319573006165,8.83249522880023,1000000.0,592889.0133417606,0.119,1.4156,False,0.2
goe677,ok,,0.0648557039532596,0.8487539115393741,3.682172444933531,1.7678399999999532,0.4801078782804985,0.4801078782804985,6.294685047249211,1.1371032765478009,0.0790130927614815,1.8307855487460345,16.822110000153142,24.947580596148388,8.125470595995246,0.0648557039532596,10.961764657060824,31.292800308088623,0.5353824194651513,39.70049336487098,3.791450525703698,0.0073338264125886,7.677837707675247,1000000.0,994237.3080121608,19.958217142670257,0.4286763906212561,12.942378918327927,3.0109145451340797,0.0068428096103715,8.750805940983708,1000000.0,634114.0418654551,0.1195,1.3300779264214049,False,0.2
goe679,ok,,0.0636747025786128,0.7638712838993605,4.091341475289375,1.7678399999999996,0.4320929970468825,0.4320929970468825,6.634348236938214,1.3072179798854608,0.0807435973394845,1.853138866814227,16.4600934922841,24.947580596036538,8.487487103752441,0.0636747025786128,10.35227752374063,31.29280030801352,0.5948749904189478,39.98897746335029,2.927426591459651,0.0092898264947539,7.4581625323450496,1000000.0,894805.1003295062,18.621158059851656,0.5715469195537686,14.147616750500868,2.654110311482529,0.009357684331361,7.601076198048862,1000000.0,532464.5618797573,0.1828523316342185,1.589,False,0.21
goe681,ok,,0.0645049742125406,0.7527357949894314,4.151866147994035,1.7678399999999994,0.425794073552715,0.425794073552715,6.395557057224183,1.177945881442902,0.0809995725058762,1.8567906268288892,16.695232912049658,24.94758059610273,8.252347684053072,0.0645049742125406,10.084331908256608,31.29280030807677,0.6036751881803227,39.7770715655815,1.9051680342614212,0.0087692002170986,7.581436548678709,1000000.0,881760.8970979858,18.103516470027078,0.5966441494588053,13.831864194072244,1.811306374805687,0.0087730679943217,7.630176126266681,1000000.0,510116.4729932827,0.168368106585232,1.6273,False,0.2
goe682,ok,,0.0664047232831465,0.7912233465447027,3.9499065330263488,1.7678399999999694,0.447565020898224,0.447565020898224,5.849177651739303,0.8909977610143847,0.0801454172129594,1.8546257624894165,17.243777182019556,24.94758059624828,7.703803414228719,0.0664047232831465,9.7490709533493,31.29280030821365,0.5743105593044884,39.2531202732248,0.9623019149419888,0.0064556548498233,7.978947022225133,1000000.0,926845.5313288064,17.52208118483766,0.5656412064839501,12.938488837833924,0.8858975861670502,0.0065042435575454,8.045462422050116,1000000.0,518977.6078136619,0.1065,1.4995,False,0.2
goe683,ok,,0.0619033038057031,0.7985354475818328,3.913737674469001,1.767839999999996,0.4517011989670075,0.4517011989670075,7.005903605863974,1.5086794985724954,0.0799917335923751,1.7756237237461312,16.02814361813849,24.8096709477486,8.781527329610105,0.0619033038057031,10.614540769088864,31.29280020081148,0.5659059602899884,39.999999682120205,2.7419035146223973,0.0092438206947323,7.410208159407708,1000000.0,935410.983372481,19.92640788161053,0.4939968096560676,14.19558454270719,2.112208596518658,0.0086231194615799,8.051860330395106,1000000.0,595644.3869518301,0.199,1.4629217391304348,False,0.2
goe685,ok,,0.0658022622028043,0.7864721047048224,3.9737687413248617,1.7678399999999992,0.4448774236949174,0.4448774236949174,6.022449128477835,0.9692995716379116,0.0802463473417264,1.882670044111272,17.04246142360773,24.94758059619684,7.905119172589107,0.0658022622028043,10.137821590004206,31.29280030817234,0.5777800890468896,39.77486106923394,1.174910075357028,0.0081988125101755,7.62027820937364,1000000.0,921279.8875851516,17.94936863155937,0.5564588603639251,13.161611491885838,0.9752702894521236,0.0081259205525392,7.796728065701824,1000000.0,528440.7963575209,0.1307245746973691,1.5146,False,0.2
goe692,ok,,0.0647395197101729,0.740725403282956,4.219186019203064,1.7678399999999996,0.419000250748346,0.419000250748346,6.328100343314449,1.1582689434890197,0.0812842830921621,1.8664422163260528,16.753038036479694,24.9475805961202,8.194542559640501,0.0647395197101729,9.71157378892084,31.292800308094343,0.6134633977397621,39.53258066194913,0.3603570157818946,0.0080397114874028,7.748375806912311,1000000.0,867691.8255383134,17.344181537780337,0.6559431073302159,14.040910099645624,0.7481719001207049,0.0078636370966332,7.465650118459252,1000000.0,480922.269429872,0.161,1.6699,False,0.2
goe693,ok,,0.0657726241666991,0.7803585820445527,4.004900231137036,1.7678399999999996,0.4414192359289035,0.4414192359289035,6.0309732082073415,0.9989242935835688,0.0803780119487159,1.853252875618594,17.063354512367013,24.94758059619295,7.884226083825935,0.0657726241666991,10.270664887741628,31.29280030817027,0.5823065615536404,38.99814320870144,1.62104120402729,0.005856280408934,8.132561179104414,1000000.0,914118.4568928778,18.47322083036186,0.5280632391780312,12.911783401119369,1.261865325630614,0.0057591496111856,8.689594183837835,1000000.0,539635.6974445264,0.12,1.5343,False,0.2
goe701,ok,,0.0655119037325768,0.7857846290542374,3.9772453545718927,1.7678399999999896,0.4444885448084906,0.4444885448084906,6.105957993307337,1.035482639013959,0.0802610440664733,1.860395972378394,16.981226630493442,24.94758059617917,7.966353965685731,0.0655119037325768,9.78468944492414,31.292800308149893,0.5782855834637912,39.57736952455793,0.693031182693074,0.0076827234236054,7.726834573721085,1000000.0,920474.572956934,17.531553479651716,0.588330801829174,13.476025170086272,0.7940731681797454,0.0076823513667344,7.648141711595957,1000000.0,515688.88190077565,0.1244927879012358,1.5168,False,0.2
goe702,ok,,0.0654971135428811,0.7217483867108434,4.330121581348378,1.7678399999999994,0.4082656726348785,0.4082656726348785,6.110211741965073,1.01080486509668,0.0817533990161117,1.86166270181074,16.975706152404623,24.94758059618044,7.971874443775812,0.0654971135428811,10.14828934387971,31.29280030815025,0.6295932641573637,39.84129217924552,1.924100722462356,0.0093552769072319,7.543361600309254,1000000.0,845461.9923523193,18.170655249935116,0.596677647551767,13.19951260493444,1.6263167411067845,0.0092996980072897,7.773449462857647,1000000.0,490930.76486210345,0.1666405232050446,1.7401,False,0.2
goe703,ok,,0.060459619792402,0.8457785092964172,3.695126124923445,1.7678399999999994,0.4784248061455887,0.4784248061455887,7.320301618081032,1.6939395610803616,0.0790678797417005,1.824577746996376,15.563977216038095,24.708856581115505,9.144879365077408,0.060459619792402,11.27660049306786,31.292800309650403,0.5321247549577216,40.00000000191015,4.763069422723813,0.0089490955727845,7.380096505002356,1000000.0,990751.8974189076,20.60129713414775,0.4544002069739549,14.888703096680366,4.273263709918782,0.0085316204980063,8.029766015125565,1000000.0,652251.4451559995,0.194,1.3159,False,0.2
goe704,ok,,0.0643229665132916,0.8449685566354799,3.698668123278127,1.767839999999994,0.4779666466623013,0.4779666466623013,6.447903580266445,1.2201371286412703,0.0790828599030185,1.823781304728617,16.67589571109248,24.94758059608754,8.271684884995063,0.0643229665132916,10.946848983683992,31.29280030805612,0.5377808666631937,39.84502605982328,3.806048126662692,0.0080046695558471,7.540473045339856,1000000.0,989803.1121642918,20.007605362370843,0.4361837941786113,13.001781590149294,3.060074143422255,0.0071350502314268,8.610729303995383,1000000.0,632848.1267153114,0.1294540068631938,1.3405163879598665,False,0.2
goe711,ok,,0.0633902204861912,0.7441244460468822,4.19991344485825,1.7678399999999994,0.4209229602491642,0.4209229602491642,6.229759959324654,1.1097055798677398,0.0812027757006304,1.871759810930778,16.359653764526755,24.461173534782187,8.101519770255432,0.0633902204861912,8.73914714692068,31.29280030944632,0.598755032696424,40.00000000269484,-0.8091052933215144,0.0107861022533623,7.306117978681506,1000000.0,871673.4922068763,15.56315629794923,0.8017369207905608,15.496669922826516,1.068903881508604,0.0107215468346516,6.181407523750689,1000000.0,433517.95511569147,0.1485,1.6058866220735788,False,0.2
goe723,ok,,0.066657474338418,0.7617235122263963,4.102877507962625,1.767839999999993,0.4308780841175668,0.4308780841175668,5.7764849085450045,0.8454367568530523,0.0807923443028994,1.8632188911641885,17.307876796553064,24.947580596262256,7.639703799709193,0.066657474338418,9.35839989078789,31.292800308232994,0.5965523124794473,39.37104286129661,1.1536163776698634,0.007102130875614,7.895214587581731,1000000.0,892289.182945208,16.74235187854662,0.6381937499101518,13.152845235634723,1.5524652154091192,0.0070835544209463,7.562789081768955,1000000.0,477394.7787075848,0.1154835959198828,1.5963,False,0.2
goe735,ok,,0.0632150470341663,0.7718009498692129,4.049306062825648,1.7678399999999994,0.4365785081620583,0.4365785081620583,6.766547971623488,1.3625152495220836,0.0805658174500114,1.8458038461406865,16.335228778237543,24.94758059600172,8.612351817764175,0.0632150470341663,10.75791508161741,31.29280030797778,0.5887631037100272,39.78393667875763,3.165849127338217,0.0085905843061874,7.57402382603723,1000000.0,904093.9762206431,19.427696509410936,0.5273271727440934,13.999685026710512,2.7333581479056086,0.0083137819122083,8.087459593674959,1000000.0,561294.0744559496,0.2009999999999999,1.5624,False,0.2
goe738,ok,,0.0639883024672939,0.8362917600054415,3.737042997505621,1.7678399999999963,0.4730585120856204,0.4730585120856204,6.544154998582055,1.2472839559676452,0.0792451596317779,1.8334990790518388,16.56992651842468,24.94758059605857,8.377654077633894,0.0639883024672939,11.009671587326498,31.29280030803678,0.543360516535149,39.53727869221631,3.90511440361932,0.0068630413207232,7.805799318011013,1000000.0,979639.0412753838,20.01577514293953,0.4459910005666559,13.452773057884343,3.280864835487103,0.0065096857064439,8.802033341225439,1000000.0,626605.3078789837,0.1543999999999999,1.3648,False,0.2
goe741,ok,,0.0649973091077114,0.7760409489409268,4.027182160767521,1.7678399999999996,0.4389769147326268,0.4389769147326268,6.25395854219498,1.0937011407821102,0.0804722489167202,1.8587913209341311,16.83483073300944,24.94758059613855,8.112749863129112,0.0649973091077114,10.523030653324607,31.29280030811352,0.5855463211187911,39.42470429780776,3.333857756412215,0.0073007991941003,7.825637131622191,1000000.0,909060.7459863586,18.870740598674416,0.5236147550337142,13.28337279566347,2.853179284095665,0.0073055207987244,8.3420499440583,1000000.0,548197.9674889696,0.1533,1.5484,False,0.2
goe744,ok,,0.0654447968946954,0.7406879998182496,4.219399080809836,1.7678399999999996,0.4189790930277908,0.4189790930277908,5.968895806867298,0.938641627150588,0.081285184166604,1.8611580734738888,16.961164193085448,24.791218073426634,7.830053880341187,0.0654447968946954,10.168357003026705,31.29280030969988,0.6096492129367036,40.000000002904095,2.1580590287181685,0.010012156149608,7.4046964189716284,1000000.0,867648.0108568479,18.211523151366467,0.5685166907142114,13.059110238356292,1.7930423505737774,0.0100974387237387,7.64349281795,1000000.0,504946.5589712221,0.1448,1.6533,False,0.2
goe746,failed,too few converged polar points,,,,,,,,,,,,,,,,,,,,,,,,,,,,,,,,,,,0.01
goe758,ok,,0.0650293502776109,0.8127292562578996,3.845386691245497,1.767839999999994,0.459730097892288,0.459730097892288,6.244743306544899,1.0918846882038733,0.0797033793412537,1.8453944651524004,16.857442824443698,24.947580596140995,8.0901377716973,0.0650293502776109,9.735850306954603,31.29280030811506,0.5591135291254627,39.691025953494055,0.651853129383416,0.0078423834433228,7.639341617013168,1000000.0,952037.7307242112,17.585852222568175,0.5741025859136623,13.662388995603628,0.800703005623089,0.0076583205804458,7.559441094948654,1000000.0,535023.8610151927,0.1384999999999999,1.433359866220736,False,0.2
goe765,failed,airfoil 'goe765' not found in the aerosandbox UIUC database,,,,,,,,,,,,,,,,,,,,,,,,,,,,,,,,,,,0.0
goe766,ok,,0.0657380847445026,0.8088269414200229,3.8639393738703527,1.7678399999999874,0.457522706477978,0.457522706477978,6.040906956439427,0.9838781229502028,0.0797818440523229,1.8611615386599265,17.04551210109542,24.947580596194776,7.902068495099353,0.0657380847445026,10.934364015187889,31.29280030816565,0.5618110616982791,39.68934761168691,4.128168152716812,0.0078000412486798,7.65603561539693,1000000.0,947466.5270509464,19.583404929412787,0.4543756903139715,12.566210645390418,3.364499251697371,0.007265010595511,8.683671977014487,1000000.0,592935.7703235466,0.1201,1.4451,False,0.2
goe767,ok,,0.0663946364560515,0.7804201707443953,4.004584174982312,1.7678399999999996,0.4414540743191665,0.4414540743191665,5.852078684650512,0.8769944705979691,0.0803766752517537,1.840890121188976,17.25461179039921,24.947580596238694,7.692968805839488,0.0663946364560515,10.70189936268124,31.292800308214844,0.5822606074562945,39.66340691641855,4.111808007848083,0.0078079613039463,7.712009728938478,1000000.0,914190.6024033824,19.378124454578533,0.468218233432206,12.31265914800055,3.346674182985613,0.007406422816631,8.745768716043507,1000000.0,566114.2209739641,0.12,1.5341,False,0.2
goe769,ok,,0.0665122662745879,0.7211430698464668,4.333756221584954,1.7678399999999996,0.4079232678559524,0.4079232678559524,5.818247632272199,0.8615809399683965,0.0817687589913856,1.8668262580196056,17.262506705958927,24.94758059625073,7.685073890291805,0.0665122662745879,9.963099891341823,31.292800308223185,0.630121735462976,39.820222750929126,1.7970326212158372,0.0092703337488087,7.560158528736786,1000000.0,844752.9192041663,17.78972886655778,0.6006123706150839,12.768349024486971,1.5256955697492327,0.0092998510854001,7.751950326728759,1000000.0,480235.8767465832,0.1382,1.7424,False,0.2
goe770,ok,,0.0635651494165588,0.7375307305300774,4.23746175749696,1.7678399999999996,0.4171931456071124,0.4171931456071124,6.665856393719128,1.311935206364756,0.0813615739796145,1.850453439844436,16.4312707624694,24.947580596032964,8.516309833563565,0.0635651494165588,10.52167485530962,31.292800308005045,0.616120663019059,39.66818809137418,2.328943802916736,0.0085981795409156,7.6476505067312015,1000000.0,863949.5596156337,18.95332720214089,0.5733327234514537,14.02311487551323,1.955427271591516,0.0085157462421979,7.9737193893406335,1000000.0,523274.3164040772,0.2098999999999999,1.6814648829431438,False,0.2
goe775,ok,,0.0600666417276752,0.8433016676521637,3.705978993615604,1.7678399999999792,0.4770237508214395,0.4770237508214395,7.448196656202247,1.7494778302208656,0.079113765027219,1.8230175840633105,15.452514493587223,24.72372873385278,9.271214240265556,0.0600666417276752,11.396213501614213,31.29280030966193,0.5340088704136542,40.00000000229165,5.169957724045287,0.0089426486357274,7.384538552756468,1000000.0,987850.5047595288,20.83763682303286,0.4516094766604102,15.126011818558576,4.364365787723159,0.0086696283130809,8.026167727862651,1000000.0,657802.1094287658,0.21,1.3241,False,0.2
goe776,ok,,0.0561235323735292,0.8539313675090474,3.65984713117626,1.7678399999998324,0.4830365686425968,0.4830365686425968,8.071989142391407,2.082149772743571,0.0830121840532442,1.7908126634443748,14.350657143833944,24.21345894966973,9.862801805835783,0.0561235323735292,11.381095907822925,31.29280030830924,0.5164774060092048,39.99999998968435,5.341814654526574,0.009929255510082,7.23213004100367,1000000.0,1000302.2224964392,21.184229447229463,0.4590482264228686,16.682341273597395,4.718087628160444,0.0097235143814116,7.628571442408977,1000000.0,677172.7550477913,0.25,1.2478,False,0.2
goe777,ok,,0.0633884248656577,0.7271620965479414,4.297883897464604,1.7678399999999996,0.4113280028441157,0.4113280028441157,6.716683451119156,1.3377540701158035,0.081617097481225,1.856346430495011,16.37455071440609,24.94758059602026,8.573029881614167,0.0633884248656577,10.068647975841202,31.29280030799132,0.6249059526734155,39.668574497003846,0.9468365485350644,0.0087258120261446,7.6467089517006785,1000000.0,851803.6565472701,18.079685649257303,0.6433209167339561,14.545173928364395,1.1058279051642264,0.008735210385728,7.516773247714883,1000000.0,492136.91947312735,0.22,1.7197,False,0.2
goe780,ok,,0.0300642773302373,0.855710968380021,3.6522358378921727,1.7678399999985657,0.4840432213213386,0.4840432213213386,6.286468407259523,1.1469912841562526,0.0966252894092003,1.6273901781790128,7.019279130941073,14.933137716379608,7.913858585438536,0.0300642773302373,12.592750540650457,31.292800302509946,0.3178640643022121,27.97581898967997,3.29261365302923,0.0100078826354685,8.030023261611786,1000000.0,1002386.8613984697,25.793344274985653,0.2479431956799688,16.115405860571688,1.938347458492684,0.0056896224205041,10.647864956397994,1000000.0,826225.4947729709,0.12,0.3834,False,0.2
goe795,ok,,0.0627720580808983,0.8567571809938297,3.647775980091268,1.7678399999999996,0.4846350240937132,0.4846350240937132,5.82170072958493,0.8548345426597479,0.1062380612454894,1.87199272827116,16.1816335745397,23.875327032395788,7.69369345785609,0.0627720580808983,8.766770674333968,31.292800307942844,0.5075853001582422,37.89895977163624,1.4425290405647708,0.0052080095444712,8.40698638728463,1000000.0,1003612.4036264732,15.610407280499672,0.6572868975720203,14.905597162462303,2.948103246433284,0.0067345314029799,6.759080207654478,1000000.0,500651.85020830086,0.080059562377531,1.2091,False,0.22
goe795sm,ok,,0.065438295223402,0.8567571810275377,3.647775979947752,1.76784,0.4846350241127805,0.4846350241127805,5.824474483036873,0.8563588085188107,0.1062380614533188,1.850511929815966,16.96994041740677,24.64492683025961,7.674986412852839,0.065438295223402,10.540498933301292,31.292800308145964,0.5239468579796627,38.60312130557829,1.4161963582680193,0.0049859599744388,8.289604943925367,1000000.0,1003612.4036724732,18.98663601041028,0.4432310029107859,12.535352777530647,0.8054091095537479,0.0047043546814032,9.330420439744785,1000000.0,608933.1480858825,0.0802769366427171,1.2803083612040134,False,0.21
goe796,ok,,0.0659467014931821,0.7673092087111031,4.073010241659539,1.76784,0.43403770064661,0.43403770064661,5.980907508676209,0.9729909200211166,0.0806660693204202,1.863933324881132,17.102739762648586,24.947580596205924,7.844840833557341,0.0659467014931821,10.229679531747593,31.29280030818212,0.5922096561990016,38.97408590780281,1.7137763152701813,0.0058671326755741,8.152431543081828,1000000.0,898832.3137156308,18.29407271028139,0.5448779595200718,12.943507623097652,1.3664509235019753,0.0059492882924057,8.5862330260929,1000000.0,525466.0349832858,0.12,1.5774,False,0.2
goe797,ok,,0.0648988160489323,0.7324676867643294,4.266752407066315,1.7678399999999994,0.4143291738869635,0.4143291738869635,6.282285745895965,1.1334496928769116,0.0814854463233539,1.8650042717947264,16.800290578442304,24.947580596133,8.147290017690691,0.0648988160489323,9.764398100742705,31.29280030810621,0.6203794800796605,39.56544457083847,0.6395908809208337,0.0082408031731946,7.72705634761765,1000000.0,858018.668537315,17.451967355453203,0.6513917288922269,13.881798607844493,0.913151636842497,0.0081011579027825,7.526544139131888,1000000.0,478516.2608091577,0.16,1.7,False,0.22
goe798,ok,,0.0633957490959573,0.7276281028300722,4.2951313362478265,1.7678399999999996,0.4115916049133815,0.4115916049133815,6.69660323470209,1.3528314682325395,0.0816054562608231,1.8610574950725791,16.371946142128003,24.92960687190267,8.55766072977467,0.0633957490959573,9.65701830836436,31.29280030962676,0.6240558031282721,40.00000000243664,-0.1967601223219997,0.0098368127396998,7.446030694869417,1000000.0,852349.5401808774,17.296650486677102,0.7011773827191259,14.988621880407122,0.5081671638667712,0.0097798329199509,6.974923357012359,1000000.0,471124.0906251902,0.2,1.716,False,0.21
goe79,failed,too few converged polar points,,,,,,,,,,,,,,,,,,,,,,,,,,,,,,,,,,,0.01
goe801,ok,,0.0657682483920425,0.7152217154777324,4.369635594065376,1.7678399999999996,0.4045737823998396,0.4045737823998396,5.539269569344529,0.7380310400820711,0.0819190088048886,1.8760534688765933,17.039295419174017,24.45461845739514,7.415323038221122,0.0657682483920425,9.259004809680428,31.2928003089762,0.6227843057380861,40.00000000313519,-0.1114716628803802,0.0112388102885625,7.304160093217819,1000000.0,837816.5960482677,16.451209881604726,0.6832820549824621,12.890616925780172,0.4251235380909913,0.0104400248591826,7.083760461168873,1000000.0,440455.84057007753,0.098,1.710466220735786,False,0.21
goe802,ok,,0.0657682483920425,0.7152217154777324,4.369635594065376,1.7678399999999996,0.4045737823998396,0.4045737823998396,5.539269569344529,0.7380310400820711,0.0819190088048886,1.8760534688765933,17.039295419174017,24.45461845739514,7.415323038221122,0.0657682483920425,9.259004809680428,31.2928003089762,0.6227843057380861,40.00000000313519,-0.1114716628803802,0.0112388102885625,7.304160093217819,1000000.0,837816.5960482677,16.451209881604726,0.6832820549824621,12.890616925780172,0.4251235380909913,0.0104400248591826,7.083760461168873,1000000.0,440455.84057007753,0.098,1.710466220735786,False,0.21
goe802a,failed,airfoil 'goe802a' not found in the aerosandbox UIUC database,,,,,,,,,,,,,,,,,,,,,,,,,,,,,,,,,,,0.0
goe802b,failed,airfoil 'goe802b' not found in the aerosandbox UIUC database,,,,,,,,,,,,,,,,,,,,,,,,,,,,,,,,,,,0.0
goe803h,failed,Maximum_Iterations_Exceeded,,,,,,,,,,,,,,,,,,,,,,,,,,,,,,,,,,,1.33
goe804,ok,,0.0683954393122239,0.7623401263461438,4.099558920739484,1.7678399999999996,0.4312268793251335,0.4312268793251335,5.276635594825287,0.6025554217197501,0.0807783512261737,1.8904850992937403,17.780459902253774,24.9475805963728,7.167120694119028,0.0683954393122239,8.112686308139766,31.29280030835272,0.5960697948108388,39.35354395294918,-3.059557620330785,0.006899402692304,7.936630113518246,1000000.0,893011.4897965401,14.304417265125156,0.8195244516844761,13.739718260840297,-1.0959604283287103,0.006283307951474,6.380063062142016,1000000.0,408209.1997752949,0.06,1.5942,False,0.2
goe81,failed,too few converged polar points,,,,,,,,,,,,,,,,,,,,,,,,,,,,,,,,,,,0.01
goe92,failed,Restoration_Failed,,,,,,,,,,,,,,,,,,,,,,,,,,,,,,,,,,,1.44
griffith30SymSuction,failed,airfoil 'griffith30SymSuction' not found in the aerosandbox UIUC database,,,,,,,,,,,,,,,,,,,,,,,,,,,,,,,,,,,0.0
gs1,ok,,0.065376907679815,0.7842266454009543,3.9851467479814286,1.7678399999999994,0.4436072525799589,0.4436072525799589,6.144783680440239,1.0384910948917832,0.0802944684302607,1.8789134742387843,16.923883441486677,24.9475805961657,8.023697154679024,0.065376907679815,10.06974623442856,31.292800308141477,0.5794344343620853,39.64421090560074,0.9953578439752871,0.0075603084567707,7.755311336225619,1000000.0,918649.5380999226,17.864484576665912,0.571818593723953,13.50258164189904,0.925139304408262,0.0075550581071118,7.817307349609192,1000000.0,524440.1377679714,0.139,1.5218,False,0.2
gu255118,ok,,0.0635048199203221,0.7384587975441161,4.232136276246736,1.7678399999999994,0.4177181178976131,0.4177181178976131,6.623620592514016,1.3218238555376085,0.0813390517919264,1.858820562164884,16.4055525095103,24.8879936641892,8.482441154678899,0.0635048199203221,9.965418642843202,31.29280030800852,0.6138766001743498,40.00000000248488,-0.2482886250194255,0.0097979408510783,7.433601568861063,1000000.0,865036.704943893,17.870504995986863,0.6415451914368797,14.394389211000764,0.075487549668255,0.0094016136427362,7.3240465601620945,1000000.0,493999.9809942112,0.19988,1.6716983277591972,False,0.21
gw19,failed,airfoil 'gw19' not found in the aerosandbox UIUC database,,,,,,,,,,,,,,,,,,,,,,,,,,,,,,,,,,,0.0
gw25,failed,airfoil 'gw25' not found in the aerosandbox UIUC database,,,,,,,,,,,,,,,,,,,,,,,,,,,,,,,,,,,0.0
gw27,failed,airfoil 'gw27' not found in the aerosandbox UIUC database,,,,,,,,,,,,,,,,,,,,,,,,,,,,,,,,,,,0.0
gw30,failed,airfoil 'gw30' not found in the aerosandbox UIUC database,,,,,,,,,,,,,,,,,,,,,,,,,,,,,,,,,,,0.0
gw31,failed,airfoil 'gw31' not found in the aerosandbox UIUC database,,,,,,,,,,,,,,,,,,,,,,,,,,,,,,,,,,,0.0
hh02,ok,,0.0669297218544131,0.8089163435949184,3.863512327751927,1.7678399999997116,0.4575732778956525,0.4575732778956525,5.698184864531562,0.7989535943580826,0.0797800280305959,1.8511747134237173,17.398221018389275,24.947580596344554,7.549359577955279,0.0669297218544131,10.995439220192983,31.292800308229964,0.5617489698252592,39.40474418440292,4.477771337182095,0.0067472057826263,7.882049742203513,1000000.0,947571.2534955244,19.799030205811132,0.4246439908548071,11.747878627260578,3.3367484276073083,0.0056172447450529,9.596684416429063,1000000.0,599530.6167975671,0.09572,1.4448297658862876,False,0.2
hobie,ok,,0.0425841481774993,0.856757180287742,3.647775983093929,1.7678399999991234,0.4846350236945463,0.4846350236945463,5.776568744902547,0.814060863966485,0.1062380557532728,1.7920516787513576,10.455408754801132,18.02402917845504,7.568620423653904,0.0425841481774993,11.7241893847837,31.29280030556728,0.3831877258526669,31.652972639611708,-0.6793087651019065,0.0072437650482297,8.919537843643377,1000000.0,1003612.4027236652,21.80775908752945,0.3313166095659632,16.02042303805932,-1.1541820166437615,0.0073174195188454,9.223498081106358,1000000.0,699411.279340202,0.08495,0.6677,False,0.2
hobiesm,ok,,0.0668183558481439,0.8528730086053079,3.664388759014263,1.76783999999999,0.4824378951745139,0.4824378951745139,5.7302144063177,0.8112634548600457,0.0789378812308675,1.8684240240158845,17.348942165959212,24.947580596292795,7.598638430333584,0.0668183558481439,10.055681126908384,31.292800308244253,0.5327966978717981,39.20662541400819,0.7367863661580141,0.0058375171112117,8.015315610842611,1000000.0,999062.4521756164,17.939684278759653,0.4937739068012685,12.595739946969523,0.3682955729700393,0.0059577170661255,8.371913552130646,1000000.0,572747.2386698514,0.085743,1.318824414715719,False,0.2
hor04,ok,,0.0334808308353115,0.85675718126007,3.647775978956555,1.7678399999997203,0.4846350242443918,0.4846350242443918,5.227250353518457,0.5292588060197514,0.1062380627932968,1.7872392699637552,7.842051640263695,14.856541263745909,7.014489623482212,0.0334808308353115,10.032102805257605,31.292800303473896,0.3158474833137961,25.48265190132828,1.1993829209946472,0.0053668119773134,10.500798164047318,1000000.0,1003612.4037951812,18.71061320450405,0.4171272860971647,14.040364314617571,2.099985278586729,0.0070217380481506,8.729507592274716,1000000.0,600080.6355629843,0.0405557075590231,0.9567,False,0.2
hor07,ok,,0.0685287717899715,0.7321930582891731,4.268352766007387,1.76784,0.4141738269804808,0.4141738269804808,5.238288361998181,0.5686024539790665,0.0814922142250726,1.8743228735689368,17.834969360815794,24.94758059638291,7.112611235567117,0.0685287717899715,9.768416506187682,31.29280030836162,0.6206121698953289,39.80287042344105,1.510748355707885,0.0089852623558112,7.586992065363385,1000000.0,857696.9664913046,17.3723475358107,0.5741068972325267,11.767555215029205,1.1089712520150046,0.009100123745897,7.883739345669971,1000000.0,476154.56704001344,0.0717303538307302,1.7010127090301004,False,0.2
hor12,ok,,0.0673586013838903,0.7029690239665268,4.445797978359874,1.7678399999999996,0.3976428997910031,0.3976428997910031,5.574836499176513,0.735684311030127,0.0805252634878603,1.871409812613973,17.50133428451824,24.947580596308725,7.446246311790486,0.0673586013838903,9.78577219241702,31.292800308282292,0.646412440940966,39.47411606267956,1.3709914667470102,0.0080602351741282,7.825535646044464,1000000.0,823463.6924866765,17.43030330477306,0.6218671828527084,12.40263386675513,1.1626189267048848,0.0080079858585448,8.019390656944365,1000000.0,458674.89579423366,0.1193924507617518,1.8133,False,0.2
hor20,ok,,0.0646026282981359,0.705904752359992,4.427308719981818,1.7678399999999994,0.3993035299348313,0.3993035299348313,6.367471147329492,1.136765152626643,0.0808746689080889,1.8615776783907132,16.718531770395813,24.94758059611602,8.229048825720206,0.0646026282981359,10.340783983072502,31.2928003080841,0.6437241301622452,39.8375523006244,2.228835166975887,0.0094565233803593,7.562632736712479,1000000.0,826902.6288507549,18.516165263311937,0.6064678102505335,13.617852248142944,1.920966018244446,0.0093947437731481,7.819967216428359,1000000.0,489283.97528271866,0.2038392801026306,1.8016,False,0.2
hq010,ok,,0.0596460322362014,0.8567571674402572,3.647776037210933,1.7678399998578165,0.4846350164659496,0.4846350164659496,6.010285281486552,0.9494210257103008,0.1062380208748899,1.8255306499307573,15.329031632748771,23.16484756416608,7.83581593141731,0.0596460322362014,11.267087419471316,31.29280020556508,0.4924806412453908,38.41647276741607,4.6280241522981465,0.0081341072275272,7.780154060929502,1000000.0,1003612.384546999,20.57317310247786,0.3854164408347108,13.493483307826205,3.554122773774444,0.0068590305461453,9.063675190829455,1000000.0,659816.0337023485,0.0999918475824527,1.1433618729096988,False,0.2
hq07,failed,too few converged polar points,,,,,,,,,,,,,,,,,,,,,,,,,,,,,,,,,,,0.01
hq09,ok,,0.0481990567985813,0.8567571806729362,3.647775981457493,1.7678399999999923,0.4846350239121978,0.4846350239121978,5.757986589410299,0.8140371165439432,0.1062380589771526,1.785139003352437,12.077203354612385,19.62032894737512,7.543125592762736,0.0481990567985813,11.504421129074244,31.292800306435296,0.4171247811237692,33.60490542117683,3.791224781283556,0.0076393580735523,8.509549427179392,1000000.0,1003612.4032022302,21.481839990180585,0.3402960819991997,14.76380792986816,3.196446130526433,0.00667505187856,9.503980956078973,1000000.0,688958.5095175153,0.0811135638808837,0.8154,False,0.2
hq1010,ok,,0.0608953911516225,0.8567571809610233,3.647775980230925,1.7678399999999943,0.4846350240751572,0.4846350240751572,6.006858095497041,0.9475694641765284,0.1062380610338912,1.852403976280273,15.661481485360344,23.52074355713766,7.859262071777314,0.0608953911516225,11.052414407938771,31.292800307788674,0.5000469171697671,37.96163793946641,3.341111466495374,0.0062748098796179,8.192487604558936,1000000.0,1003612.4035831016,19.888416258841865,0.4136470518844344,13.387402469424236,2.499109823117611,0.0055900783774456,9.324856182165282,1000000.0,637854.7476950947,0.0996,1.1762916387959863,False,0.2
hq1012,ok,,0.0649961892136924,0.8556962013262454,3.6522988658238527,1.7678399999981969,0.4840348681595156,0.4840348681595156,6.254280204287152,1.0881741372330684,0.0964944439336016,1.848307095398468,16.844992964912926,24.947580264598542,8.10258729968562,0.0649961892136924,10.929900390971454,31.292800149568,0.5310388436338734,39.49058913703732,3.577425566527648,0.0068092641074326,7.782495879131768,1000000.0,1002369.5582514867,19.71155193525011,0.4346791364026013,12.775949763672278,2.6478414232088703,0.0060001349966511,8.945085105189973,1000000.0,631399.5395538503,0.1195799999999999,1.3111739130434783,False,0.2
hq108,ok,,0.0552899396437988,0.8567571808723948,3.647775980608292,1.7678399999999987,0.4846350240250223,0.4846350240250223,5.740729291740799,0.8046621687782303,0.1062380604432199,1.8201013572180669,14.081622103389362,21.642452752348227,7.5608306489588655,0.0552899396437988,11.145324880778997,31.29280030726816,0.4601147814053482,35.16690114314243,2.878637033344752,0.0055685121724854,8.81619330810867,1000000.0,1003612.4034625856,20.41154619691815,0.3778037522391198,13.672065722888927,2.199247366175141,0.0048996077200156,10.08076690720515,1000000.0,654632.3990160334,0.07972,1.0025,False,0.2
hq109,ok,,0.0587698962309418,0.8567571809318582,3.647775980355104,1.7678399999999954,0.4846350240586594,0.4846350240586594,5.873305665782976,0.8759529159168119,0.1062380608442771,1.8316000111658592,15.070980163161533,22.77588584011037,7.704905676948835,0.0587698962309418,10.998486363131702,31.29280030760303,0.4842113716776803,36.88618121136982,3.1937044142167093,0.0059099250897244,8.452660670469367,1000000.0,1003612.4035429832,20.016172192040425,0.4003629073111782,13.498568433632316,2.408186215715302,0.0052924087578427,9.608540202666775,1000000.0,641952.0939614705,0.0897999999999999,1.107372575250836,False,0.2
hq1510,ok,,0.0647155262551988,0.8567571555656812,3.64777608832141,1.7678399999917296,0.4846350097122417,0.4846350097122417,6.0072788629117655,0.947723489615946,0.1062380419278578,1.852904849757961,16.759674864702493,24.61985857737222,7.860183712669727,0.0647155262551988,10.819617561411729,31.292800097145115,0.5234139338960263,38.89072324392695,2.8827961141340737,0.0058898998540926,8.064317160919982,1000000.0,1003612.3670837908,19.464243874197603,0.4319228693078678,12.733847915589932,2.00905370283548,0.0053644965050338,9.208441317536638,1000000.0,624250.811925961,0.09963,1.2779889632107024,False,0.2
hq1511,ok,,0.0657777206854448,0.8371059278200899,3.733408355784106,1.7678399999999803,0.4735190559214065,0.4735190559214065,6.029507418376894,0.9839765053161084,0.0792297869895754,1.8316062931368664,17.086466884690054,24.947580596203814,7.86111371151376,0.0657777206854448,10.558357212176965,31.292800308165702,0.5428320450109998,39.52836220722049,3.048203911718052,0.0065083893855291,7.884706753033515,1000000.0,980592.7641492768,19.21511417189697,0.4536532644840608,12.563484602841854,2.185672857744302,0.0057560478437755,8.982429605045391,1000000.0,602125.7840049429,0.1099903417438518,1.3625,False,0.2
hq1512,ok,,0.0654353865926049,0.8306017820555387,3.762643342581216,1.767839999996427,0.4698399074900542,0.4698399074900542,6.127964424809555,1.0370519133423068,0.0793532025187099,1.829478339141509,16.99013763951328,24.947580403464343,7.957442763951064,0.0654353865926049,10.507013166760116,31.292800023198986,0.5470827744514,39.12489164893535,3.0511770696765854,0.0062809956958897,7.948481819614565,1000000.0,972973.7454837256,19.14391467404233,0.4662571252543923,12.722780474642589,2.2986717375982795,0.0059216897797912,8.845282093027196,1000000.0,595233.6112401258,0.11959,1.381,False,0.2
hq1585,ok,,0.0625226001112305,0.8567571809910753,3.6477759801029537,1.7678399999999896,0.4846350240921578,0.4846350240921578,5.821208160934878,0.8451742307116614,0.1062380612243772,1.8494132617189811,16.132467409363656,23.803088832017515,7.670621422653859,0.0625226001112305,10.901796576372382,31.292800307922164,0.5060495285846283,38.47874247332359,2.8450532030577462,0.0063634571266011,8.111635809695287,1000000.0,1003612.4036225892,19.649108543465736,0.4136122665847869,12.99361674979333,1.943096861051813,0.0056387487950172,9.30482439860447,1000000.0,630179.7493449766,0.0856,1.2024160535117057,False,0.2
hq158,ok,,0.0550958506831645,0.8567571808683937,3.6477759806252905,1.76783999999999,0.4846350240227614,0.4846350240227614,5.740350332070402,0.8044456293492703,0.1062380604136338,1.823308163047333,14.0225941301276,21.586252625245333,7.563658495117735,0.0550958506831645,11.021566306281468,31.292800307247663,0.4589199764803521,35.01865959567551,2.3973438992716085,0.0054440862902795,8.871798816742741,1000000.0,1003612.403457246,20.14939388680718,0.3878434874399528,13.673418778748076,1.7734664627079204,0.0048787409728906,9.963470937817185,1000000.0,646224.7363097663,0.079572,0.9973,False,0.2
hq159,ok,,0.0593848982717255,0.8567571803190142,3.647775982939119,1.767839999993874,0.4846350237136749,0.4846350237136749,5.873794960217234,0.8761166684211176,0.1062380554854636,1.8328059401721557,15.246652567621087,22.95325346801048,7.70660090038939,0.0593848982717255,10.805058527761782,31.2928003075541,0.4879821769471874,36.79562953329432,2.6199212087819377,0.0054684889731172,8.544138779018931,1000000.0,1003612.4028269986,19.651214004589526,0.4154632972588782,13.385101246671756,1.900226964464589,0.0050575052524238,9.531930458008098,1000000.0,630247.2745097444,0.08967,1.123783779264214,False,0.2
hq159b,ok,,0.064504230160365,0.8567571468663486,3.647776125222312,1.7678399999583256,0.4846350048005167,0.4846350048005167,5.872414449195367,0.8751419913712448,0.1062380320822144,1.8410282315857045,16.710781482394122,24.424224163175197,7.713442680781071,0.064504230160365,10.795244565402298,31.29280002294425,0.5192547878380466,38.92339802732084,2.926564410060572,0.0062712749719502,8.00988479015811,1000000.0,1003612.354532539,19.54567992710645,0.4203347283435589,12.472131994381426,1.9286107557826813,0.0052665809188012,9.38369531249134,1000000.0,626862.5958111706,0.0895170466655901,1.25988762541806,False,0.2
hq17,ok,,0.0623284146807737,0.856757180981329,3.647775980143543,1.7678399999997698,0.484635024086705,0.484635024086705,6.765277887023436,1.3831138910844438,0.1062380612318659,1.846844878975762,16.079186879377673,24.691309645376872,8.612122765999198,0.0623284146807737,9.9692027471963,31.29280030788529,0.5249329485988845,39.06485111892846,-0.4198341370419774,0.0061916237194022,7.975622258793873,1000000.0,1003612.4036101144,17.993214374569995,0.553785102178474,14.8912484072912,-0.1563791686650366,0.0063072493166164,7.682530497786555,1000000.0,577072.4559471231,0.15217,1.2846,False,0.2
hq2010,ok,,0.0657098331797678,0.8567571696799039,3.647776028261353,1.7678399999998298,0.4846350176939012,0.4846350176939012,6.007827216854001,0.948161325747978,0.1062380565538557,1.853553044788967,17.044995331438884,24.90637559308185,7.861380261642968,0.0657098331797678,10.610237029235508,31.292800211142566,0.5295052234991426,39.047602609452994,2.2924699594040194,0.0055681523316503,8.083416177349376,1000000.0,1003612.3872687971,19.08089809652308,0.4495207566367331,12.70542519226688,1.5540563537237433,0.0053381055045758,9.015617871529049,1000000.0,611956.2826169009,0.0997,1.304499331103679,False,0.2
hq2012,ok,,0.0655133991786539,0.824649461307018,3.789802106517628,1.7678399999999896,0.4664729055270968,0.4664729055270968,6.1055278939032815,1.0257030525091757,0.0794682944986187,1.8282963927530067,17.013756309520378,24.947580596176667,7.933824286656288,0.0655133991786539,10.346053693440044,31.29280030815032,0.551031612837374,39.24803503963911,2.47763516998919,0.0060563396308215,8.01087966844735,1000000.0,966001.1568937931,18.862830874413444,0.4822872424237259,12.912290797296452,1.8469412351094228,0.0058494361816086,8.75085527078651,1000000.0,582291.014787497,0.11973,1.3981859531772576,False,0.2
hq208,ok,,0.0578722128038196,0.8567571808245482,3.6477759808048393,1.767839999998262,0.4846350239984334,0.4846350239984334,5.740541938366712,0.8046455684453528,0.1062380599675107,1.835015016184772,14.80938593599817,22.38494289054965,7.575556954551484,0.0578722128038196,10.587159427419657,31.292800307485173,0.475899992627559,35.67341277277015,1.8645983800343169,0.0046332147517407,8.948136494621009,1000000.0,1003612.4034144836,19.231739856879024,0.4264086252721975,13.472156641670413,1.384912024108774,0.0046393623381673,9.574249551474685,1000000.0,616794.0379240416,0.07976,1.0712,False,0.2
hq2090sm,ok,,0.065424251404339,0.8567571810265643,3.647775979951886,1.7678399999999974,0.4846350241122305,0.4846350241122305,5.87214927540635,0.8748029349859521,0.1062380614447166,1.8560143490247696,16.960398910283285,24.688562534714404,7.728163624431119,0.065424251404339,10.565069493629457,31.292800308144614,0.5248745454675614,38.84418227677373,2.250921949522202,0.0052730414458477,8.205251497825735,1000000.0,1003612.4036712912,18.974475240777466,0.4468742449454754,12.69170423319248,1.5184471226855785,0.005069745174122,9.145362490165908,1000000.0,608543.1318794987,0.0897,1.2843458193979933,False,0.2
hq209,ok,,0.0630714790756533,0.8567571810001171,3.6477759800639062,1.7678399999998564,0.4846350240973089,0.4846350240973089,5.873924201829609,0.876184771191351,0.1062380613067099,1.8390969305421976,16.30064467438234,24.013665806754148,7.713021132371806,0.0630714790756533,10.585490175237132,31.292800307959045,0.5105263584360658,38.195149718957296,2.141643040500151,0.0052052808498057,8.375904257333104,1000000.0,1003612.4036344392,19.18602911287978,0.4362173023542568,13.102870023511713,1.4453207982211045,0.005034581982792,9.28749957287038,1000000.0,615328.0180962322,0.0897299999999999,1.2219,False,0.2
hq2195,ok,,0.0668790164545024,0.795968266471757,3.926360380487376,1.7678399999999788,0.4502490420353462,0.4502490420353462,5.712768046379992,0.8188269559360235,0.0800458392441405,1.8495891198312795,17.38522343006638,24.94758059627765,7.562357166211271,0.0668790164545024,10.15146095227542,31.2928003082476,0.570886983601342,39.17311391225887,2.405641394444332,0.0057991789165814,8.119203224663138,1000000.0,932403.7695315907,18.294983902877924,0.506295051335142,12.260523477254118,1.7664484060357852,0.0052278037488785,8.939503372041928,1000000.0,545119.3816638783,0.09492,1.4846,False,0.2
hq2510,ok,,0.0631629528571234,0.8567571752932714,3.647776004039197,1.7678399999217125,0.4846350208905853,0.4846350208905853,6.006489018552946,0.9471970532707644,0.1062380465273095,1.8831747874190568,16.28287525758028,24.17253906355229,7.889663805972003,0.0631629528571234,9.018771175508231,31.29280026785985,0.5139039809866321,38.277250072442136,1.5123865136375163,0.0054027128579733,8.28641845196561,1000000.0,1003612.395707708,15.963770748135936,0.6445195575649979,14.764695176947962,2.7349687472030486,0.005833196878144,6.988981585427747,1000000.0,511984.80378633935,0.09965,1.2366,False,0.2
hq2511,ok,,0.0656256107269668,0.8490539533862397,3.680871225127032,1.7678399999999317,0.4802776005669475,0.4802776005669475,6.073255169063202,1.005933968129103,0.0790075895563612,1.8599866910988183,17.014338736046952,24.94758059620897,7.93324186016202,0.0656256107269668,10.529006665340036,31.29280030814952,0.5351932240317764,39.141225981212806,1.6674958280516246,0.0056833040790143,8.058878861655959,1000000.0,994588.7794996152,18.86932258839596,0.468068166690847,12.909882564418798,1.056697243434373,0.0055457048549983,8.799324176827673,1000000.0,599729.5332591169,0.1099905717023315,1.3292545150501671,False,0.2
hq2512,ok,,0.0653056278528869,0.8401549926750239,3.7198591841360766,1.7678399999999903,0.4752437962004641,0.4752437962004641,6.165284192882472,1.0560331914046277,0.079172483691826,1.864192249426198,16.91810415385175,24.94758059616042,8.02947644230867,0.0653056278528869,10.491938307482716,31.29280030813518,0.5408620155226419,39.26959943664552,1.735933807341007,0.0058898420393773,8.023887051250345,1000000.0,984164.4637801084,18.760472640294395,0.4843358123456509,13.18103557599684,1.2270066800629265,0.0057921231717867,8.619397615468694,1000000.0,590020.3981264279,0.11961,1.3539260869565215,False,0.2
hq258,ok,,0.0534596250030326,0.8567571808317616,3.647775980781292,1.7678399999999983,0.4846350240020377,0.4846350240020377,5.739722354882919,0.80402697816506,0.1062380601584001,1.8259414109262468,13.549372409055636,21.1150361748648,7.565663765809166,0.0534596250030326,10.509522813487251,31.2928003070744,0.4489019967245115,33.777430948710055,0.9418349477759026,0.0046993551131795,9.260498349000192,1000000.0,1003612.4034087736,19.18557873872502,0.427903454342095,13.728935311230382,0.747451439515298,0.0046947472817561,9.531112453568763,1000000.0,615313.5737234455,0.07969,0.9537,False,0.2
hq2590sm,ok,,0.0672117453537892,0.7827058040266136,3.99289011212399,1.7678399999999783,0.4427469703291153,0.4427469703291153,5.617073188046641,0.7695996009329265,0.0803272018189233,1.854837382383547,17.475670025872162,24.947580596302352,7.471910570430188,0.0672117453537892,10.000333370468816,31.29280030827119,0.5805603080371883,38.88468213605034,1.883765971767718,0.0052259647452114,8.274611900637806,1000000.0,916868.0120178064,17.971626453524014,0.5271869640971191,12.273688697845191,1.3868651790249191,0.0051219888089982,8.863321451498148,1000000.0,526562.3164704083,0.0903200839832033,1.5267,False,0.2
hq259,ok,,0.0585692765178205,0.8567571809285118,3.6477759803693655,1.7678399999999987,0.4846350240567655,0.4846350240567655,5.872939845894445,0.8754743839298958,0.1062380608241411,1.8372800329370145,15.00760068975801,22.717820568589467,7.7102198788314595,0.0585692765178205,10.723880022512184,31.29280030758511,0.4829769141065555,36.338172764251226,1.2380768620416418,0.005056918038612,8.726257221125149,1000000.0,1003612.4035384866,19.45607969437544,0.4240378804393091,13.604298683002488,0.6964608062620333,0.0049793050924712,9.459652689955396,1000000.0,623988.9915117456,0.08967,1.102,False,0.2
hq259b,ok,,0.0672117456922981,0.7827058040266137,3.992890112123989,1.767839999999978,0.4427469703291154,0.4427469703291154,5.617073090689401,0.7695995360281287,0.0803272018192166,1.854837402664639,17.475670102948307,24.94758059630235,7.471910493354041,0.0672117456922981,10.000333466577365,31.29280030827119,0.5805603080371883,38.8846818195838,1.8837659717677184,0.0052259647452114,8.274611900637804,1000000.0,916868.0120178068,17.971626429736276,0.5271869600545442,12.2736883933984,1.3868651414832387,0.0051219888023399,8.863321498037202,1000000.0,526562.3157734361,0.09032,1.5267,False,0.2
hq300gd2,ok,,0.0647480709422594,0.7501383558237374,4.166242455590888,1.76784,0.4243248007872531,0.4243248007872531,6.325640956877019,1.1529398208839725,0.081060373479359,1.8590024115733152,16.762937227673042,24.947580596123377,8.184643368450335,0.0647480709422594,9.83472509294032,31.292800308094986,0.6057654820105358,39.35338228246343,0.0423909892316785,0.0073214762249263,7.872710502683473,1000000.0,878718.2355110646,17.634413367287266,0.6258102483390888,13.9209719468777,0.2121321634089464,0.0073721612186653,7.703445851492287,1000000.0,495183.5708473458,0.1657503780551411,1.636397324414716,False,0.2
hq3010,ok,,0.0662945302373197,0.8322155149115666,3.755347274355701,1.767839999999909,0.4707527349260167,0.4707527349260167,5.880869842997762,0.9048298695756908,0.0793225727378291,1.860568617611124,17.20614213564497,24.947580596253857,7.741438460608886,0.0662945302373197,9.981291980330308,31.292800308201308,0.5460219312750745,39.14625068797252,1.1821356611700082,0.0053898844151068,8.157219865356618,1000000.0,974864.0942743344,17.882153312080444,0.5188628150990372,12.91718906287911,0.9342396029053446,0.005343603479923,8.45093504603325,1000000.0,557082.4285638408,0.09985,1.3763829431438128,False,0.2
hq3011,ok,,0.0659897516420595,0.8205621997442707,3.8086793013057,1.7678399999999652,0.4641608967691006,0.4641608967691006,5.968526023615348,0.9533106734634064,0.0795481319993926,1.855498462067159,17.12355611053454,24.947580596217048,7.824024485682507,0.0659897516420595,10.151401773726452,31.292800308183164,0.5537763289983181,39.09180057705131,1.27792195971686,0.0056021740595418,8.124728423119553,1000000.0,961213.3051063918,18.236612211860056,0.5113716948737962,12.925236637285751,0.8914425800268889,0.0055700921873468,8.564734725202701,1000000.0,560169.5637805106,0.10985,1.4101314381270904,False,0.2
hq3012,ok,,0.0657842960229882,0.8046939803613045,3.8837848199097618,1.7678399999999994,0.4551848472493578,0.4551848472493578,6.0276163112372165,0.9856416830150718,0.0798657774841082,1.8618227418993936,17.05814154305777,24.947580596194378,7.88943905313661,0.0657842960229882,10.155085354465209,31.29280030817112,0.5646965601572065,39.0750968094933,1.3329989737976524,0.0059032561083399,8.080408219899901,1000000.0,942625.1424974872,18.18126062868405,0.5290219682496825,13.028594352632172,1.0112993867348352,0.0058437982982715,8.442821010851503,1000000.0,547669.5349128656,0.1197999999999999,1.4576581939799331,False,0.2
hq3013,ok,,0.0653999497496928,0.8027206247325437,3.893332461264964,1.7678399999994638,0.4540685948574459,0.4540685948574459,6.138156438481441,1.0442040488287532,0.0799057496601246,1.8265259297360357,16.982898120187716,24.947580488405197,7.964682368217476,0.0653999497496928,9.899825723492052,31.29280015087019,0.5660847762960091,39.36744456439574,1.3278098892257957,0.0060889554616424,8.041110314191688,1000000.0,940313.532768215,18.066767375744742,0.5421874366492416,13.350873671665228,1.111909557334064,0.0060502211858236,8.2764687108843,1000000.0,542886.0880101093,0.1298699999999999,1.4637,False,0.2
hq3014,ok,,0.0650064275638782,0.800738016958389,3.902972257357305,1.7678399999999703,0.4529471088777279,0.4529471088777279,6.251336018666589,1.104695266205679,0.0799469215020677,1.8628658243244287,16.833378753162922,24.94758059615394,8.114201842991019,0.0650064275638782,10.20657558788368,31.292800308110422,0.5674863851426764,39.22607685336768,1.3663467555672426,0.0062594666170319,8.005845114803643,1000000.0,937991.094450843,18.263214764067637,0.5418851180952462,13.492892488514771,1.1346576217393007,0.0062153382941805,8.25434906675731,1000000.0,547433.6791871795,0.13986,1.4698,False,0.2
hq3015,ok,,0.0646749509254504,0.7955200137603363,3.928572771949738,1.7678399999999823,0.4499954824872976,0.4499954824872976,6.346670719143172,1.1554918342354974,0.0800551956767633,1.8616133642024095,16.739296512777464,24.947580596123046,8.208284083345582,0.0646749509254504,10.237742440230535,31.292800308087006,0.5712086620452315,39.26870724342536,1.4039936063430578,0.0064543741900932,7.971467251019337,1000000.0,931878.6826163898,18.331308095611284,0.547672170312407,13.660558531553027,1.1906124962438882,0.0064086064598359,8.195804422655728,1000000.0,545894.1056917415,0.14983,1.486,False,0.2
hq308,ok,,0.065008186478398,0.8567571810253262,3.647775979957149,1.7678399999999954,0.4846350241115307,0.4846350241115307,5.739981438917942,0.8041635991625331,0.1062380614363507,1.873636659275192,16.823113792741104,24.43673189093424,7.613618098193134,0.065008186478398,9.606888365338635,31.29280030811381,0.5195206697828473,38.31315839517039,0.9666817291160176,0.0047792607626152,8.393407032731822,1000000.0,1003612.403668854,17.091340020099413,0.5426095396351558,13.163219821331165,1.1790155555522583,0.004768824991957,8.1435195090824,1000000.0,548147.8381800839,0.07979,1.2610448160535117,False,0.2
hq309,ok,,0.066604192567661,0.8442215845567091,3.7019407259541177,1.76784,0.4775441129042839,0.4775441129042839,5.791809070385892,0.8557070375763705,0.0790967009652455,1.8516155885091852,17.30415593735531,24.94758059625039,7.643424658895078,0.066604192567661,10.145256079635692,31.292800308229676,0.5382566982425154,39.11951275925086,1.112821765146975,0.0051143891272751,8.20668065537023,1000000.0,988928.1029372272,18.26379107808237,0.4841233100271283,12.617683276514509,0.6138574647822395,0.0050517644263131,8.82032426362217,1000000.0,577179.9291014507,0.08979,1.3425872909698997,False,0.2
hq3510,ok,,0.0637543713480435,0.8567571810991416,3.647775979635778,1.7678399999982772,0.4846350241537562,0.4846350241537562,6.007155587395483,0.9476955903521724,0.1062380622545238,1.858220744422465,16.47792483815067,24.34330116996862,7.865376331817949,0.0637543713480435,10.146854968576823,31.29280030791898,0.5175343488672346,38.41884835068273,0.2971174909397078,0.0053558643078862,8.26071877277002,1000000.0,1003612.4037500488,18.201739484814663,0.4942449986209047,13.34143030062537,0.0844253967896987,0.005328721173735,8.517585437837111,1000000.0,583760.2048086515,0.0996399999999999,1.2524,False,0.2
hq3512,ok,,0.0658945829924146,0.7963631808694649,3.9244133087466615,1.7678399999999868,0.4504724301234675,0.4504724301234675,5.9958971069959945,0.9694644027617368,0.0800376032611516,1.8833263816101928,17.06835710760265,24.94758059620884,7.879223488606187,0.0658945829924146,10.035371960570334,31.292800308178013,0.5706038822551968,39.12748227920523,0.7793086179940203,0.0058768486288511,8.1006350553625,1000000.0,932866.37550085,17.761785846151575,0.5593779012836421,13.216514705803023,0.678131528840411,0.0058613422658753,8.211418825957288,1000000.0,529494.7279100331,0.11957,1.4833678929765888,False,0.2
hq3513,ok,,0.0655091366589559,0.7932544841413107,3.939792750094508,1.7678399999999703,0.4487139583567088,0.4487139583567088,6.106753820545552,1.028388685137101,0.0801026451293345,1.8783054820959173,16.962521293546928,24.9475805961884,7.985059302641469,0.0655091366589559,10.020658195364271,31.2928003081482,0.5728400302476649,39.15740041023567,0.8014951305905826,0.0060963674757575,8.055867436220666,1000000.0,929224.8226017614,17.78315311483601,0.5677464041027742,13.422440354214547,0.755783574441519,0.0060884729162643,8.104925847549653,1000000.0,528062.274251969,0.13,1.4931,False,0.2
hq3514,ok,,0.0653301464727106,0.7793744844785712,4.009957123103543,1.7678399999999996,0.4408625692814798,0.4408625692814798,6.158232488461963,1.05596692411007,0.0803993990696099,1.87350668503965,16.9158414226619,24.94758059616351,8.031739173501613,0.0653301464727106,10.013864599838364,31.292800308138048,0.5830418261558203,39.13059019764732,0.8614192503545104,0.0063005248386053,8.03464454484949,1000000.0,912965.6769146994,17.816615725297748,0.5790543208029318,13.48309851487697,0.8257421736521461,0.0062968658545915,8.071428266871868,1000000.0,519798.7548511403,0.14,1.5375,False,0.21
hq3518,ok,,0.0636163513271845,0.7866910990917714,3.97266254722862,1.7678399999999996,0.4450013005089666,0.4450013005089666,6.651130412310063,1.3162563843716926,0.0802416689793694,1.8560696315183935,16.44038055220403,24.947580596032488,8.507200043828457,0.0636163513271845,10.133501170194268,31.29280030800901,0.5776192500660158,39.32475630015481,0.8658240669152626,0.0069624685395142,7.8767521199749,1000000.0,921536.419405162,18.19885238160374,0.5823723167376251,14.334599360514028,0.9085219188441276,0.0069669354321284,7.835714718740746,1000000.0,535934.9465676903,0.18,1.5139,False,0.2
hq358,ok,,0.0643289229058676,0.856757181016978,3.6477759799927,1.767839999999997,0.484635024106808,0.484635024106808,5.740318519682979,0.8044424702074875,0.1062380613868774,1.8726259721815888,16.628764138425588,24.241708630290155,7.612944491864567,0.0643289229058676,8.309236965051761,31.292800308063388,0.5153745091881355,38.15978077089822,0.284802610701707,0.0049215193820165,8.400734732232953,1000000.0,1003612.4036574567,14.790704049621455,0.7244752126573146,14.932483191805458,2.246684751198271,0.0050361833671564,6.47714693581273,1000000.0,474362.5976867816,0.07969,1.243,False,0.22
hq359,ok,,0.0666866557756221,0.8368225595809511,3.734672577614891,1.7678399999990049,0.4733587652623666,0.4733587652623666,5.768092149633381,0.8441754951099247,0.0792351140772671,1.8403608595983496,17.339127587260695,24.947580596492426,7.608453009231731,0.0666866557756221,9.87159175758927,31.292800308179704,0.5430158609952952,39.022527666828616,0.531029439617307,0.0051370817976229,8.212272650247089,1000000.0,980260.8242658824,17.879811824411615,0.5072749460984131,12.617171957341393,0.2020847018781439,0.0050828892180869,8.611856432355511,1000000.0,560093.0215291472,0.0896999999999999,1.3633,False,0.2
hs1404,failed,too few converged polar points,,,,,,,,,,,,,,,,,,,,,,,,,,,,,,,,,,,0.01
hs1430,ok,,0.0482792131705451,0.729640003911518,4.283287989756373,1.7678399999999994,0.4127296610052483,0.4127296610052483,8.010414563588222,2.073928064218364,0.0815553744271372,1.777781365476636,12.107614452644407,21.895810381709268,9.78819592906486,0.0482792131705451,11.10011111070261,31.292800308065274,0.5466002762585219,40.000000000649926,3.7177680129390898,0.0171196671509958,6.5398895799500405,1000000.0,854706.2976012647,20.812666330929076,0.5523888344874385,18.799681722765857,3.794172171625085,0.0172013809633782,6.5145239525964245,1000000.0,568460.3745205281,0.29996,1.3789,False,0.21
hs1606,ok,,0.0683768712420702,0.7602517676133704,4.110820123984721,1.7678399999999996,0.4300455740414124,0.4300455740414124,5.281975884913221,0.6039967667767403,0.0808259779799285,1.883415226745844,17.782189484712188,24.947580596371253,7.165391111659065,0.0683768712420702,8.966756021735998,31.29280030835148,0.5977071570826182,39.20225332428164,0.2904107941165479,0.006400167820582,8.047373653802554,1000000.0,890565.1692123818,15.869674575564726,0.6675022557092981,12.544461350380791,0.9067573421170596,0.006349648024338,7.46919344408142,1000000.0,451636.7753754974,0.06014,1.6013260869565216,False,0.21
hs1620,ok,,0.0629146829546355,0.7247319657796554,4.312295321813071,1.7678399999999996,0.4099533700898585,0.4099533700898585,6.821672134106025,1.4358151518511422,0.0816780186727597,1.8581540020587344,16.2364920822461,24.916318218410854,8.67982613616476,0.0629146829546355,9.762951251684136,31.29280030974828,0.6262156427784275,40.00000000233816,0.5175399240137174,0.0099104375723474,7.44206161021546,1000000.0,848956.981439367,17.513710275300667,0.6964398361623058,15.175574287368445,1.3508428583013858,0.0099593730128678,7.00087075918956,1000000.0,475137.6183003702,0.20016,1.7254,False,0.2
hs1708,ok,,0.0680609894944014,0.708357303459783,4.411980013949889,1.7678399999999996,0.4006908450197886,0.4006908450197886,5.372825399818143,0.6581978652257343,0.0811721084876175,1.8809269948259744,17.69382820170881,24.94758059635293,7.253752394644117,0.0680609894944014,9.144022173899566,31.29280030833024,0.6414953590060625,39.21291152711,-0.1580741678549093,0.0069439045453756,8.032287750734683,1000000.0,829775.5673734593,16.204814964558793,0.6955502578752146,12.555914968530784,0.3121149638600554,0.0068969110216219,7.613458849321237,1000000.0,429694.99050614645,0.07916,1.7919,False,0.2
hs1712,ok,,0.0666259574341689,0.6948432136794127,4.49778914735423,1.7678399999999996,0.3930464372790597,0.3930464372790597,5.785549362195948,0.8822396738633851,0.0795281339877031,1.8717426371667496,17.290288596892985,24.947580596255683,7.657291999362697,0.0666259574341689,8.977292166398962,31.292800308231207,0.6539718799042136,39.54505531747986,-0.8121872712113455,0.0084953682090874,7.762212406100508,1000000.0,813945.0515277174,15.987404799746503,0.7690219985776984,13.738819088011102,0.2475515944362787,0.0087647190454694,6.957175372677647,1000000.0,415842.2670821589,0.11976,1.8462,False,0.2
hsnlf213,ok,,0.0647772949331704,0.8261603952802012,3.782871078611815,1.767839999999994,0.4673275835370871,0.4673275835370871,6.317235959061251,1.1592668265447816,0.0794389811183448,1.8463443538327005,16.784000283227698,24.94758059612165,8.163580312893952,0.0647772949331704,10.897737506015616,31.29280030809579,0.550023851646813,39.62262444206221,3.826325620341658,0.0074277767269475,7.700758435212855,1000000.0,967771.0773668864,19.67444025883497,0.4553211715228771,13.04327921401037,2.988606633933488,0.0069694097853727,8.63906908228872,1000000.0,608457.985812066,0.1325187892115795,1.3938,False,0.2
ht05,ok,,0.0476480469947389,0.8567571806813782,3.647775981420718,1.7678399999997911,0.4846350239170283,0.4846350239170283,5.300420512298524,0.5658645377673448,0.106238059041482,1.788039255727694,11.915829326003124,19.004289094029343,7.088459768026217,0.0476480469947389,10.972467203482411,31.292800306356128,0.4040278809791414,33.097345610099424,3.629508817369908,0.0079528010116035,8.495144609784083,1000000.0,1003612.4032096944,20.4553063145079,0.3526862016952011,14.182288337056308,3.145151205071186,0.007381050250736,9.070539366006034,1000000.0,656035.8589743682,0.0481105829797106,0.7584,False,0.2
ht08,ok,,0.0514682724105904,0.85675718045079,3.647775982376878,1.7678399999935863,0.4846350237882942,0.4846350237882942,5.341769935251889,0.5881160203165686,0.1062380573010952,1.7967603017356055,13.005828381755688,20.144358618743183,7.138530236987494,0.0514682724105904,11.363547899213833,31.29280030674081,0.4282655609009334,34.80106998539532,3.868160660114342,0.0081288086905932,8.26389754441436,1000000.0,1003612.4029554412,21.081550477707115,0.3343892222084083,14.13214243714378,3.029389358792064,0.007173796947224,9.280771587287102,1000000.0,676120.5557049642,0.0499892213599145,0.8638866220735787,False,0.2
ht12,ok,,0.0518384760827319,0.8567571808187262,3.647775980836797,1.7678399999999994,0.4846350239946638,0.4846350239946638,5.279305122975807,0.5483963163520638,0.1062380600657721,1.8177279842724376,13.091333530488926,20.18836663773717,7.097033107248245,0.0518384760827319,10.800615797739386,31.2928003068914,0.4292011635442362,34.796560238495495,3.879222383970704,0.0079026560384993,8.329645975220615,1000000.0,1003612.403387634,19.8060727296012,0.3766419217025495,13.807004034813488,3.409140735440612,0.0073841593772643,8.90894851013546,1000000.0,635213.8529912205,0.0501865318951662,0.8679585284280936,False,0.2
ht13,ok,,0.0635666324599723,0.8567571810153723,3.64777597999951,1.7678399999999908,0.4846350241059015,0.4846350241059015,5.4742914142994445,0.6512690639292578,0.1062380613731879,1.842084213550014,16.44006652108485,23.75644214893431,7.316375627849458,0.0635666324599723,11.073775302859149,31.292800308003645,0.5050578281984077,38.97614153875765,4.528839542172999,0.0080115285366831,7.712297853287092,1000000.0,1003612.4036536636,20.03848905025189,0.3793277507461447,12.345328822084356,3.404348734319826,0.0069935317297611,9.0554853581834,1000000.0,642667.8329637131,0.0650071189721341,1.1981,False,0.2
ht14,ok,,0.0674402605827366,0.8523027406862806,3.666840567804418,1.767839999999814,0.4821153162539428,0.4821153162539428,5.551350816195199,0.7142855235510319,0.0789482480158551,1.8428132044013272,17.55341657577982,24.947580596376348,7.394164020596526,0.0674402605827366,11.04190869332552,31.29280030827521,0.5331531872389071,39.90098244056425,4.754601512166208,0.008030701273249,7.520283035124732,1000000.0,998394.4356492346,19.972920870752237,0.3878987232477073,11.50109987262066,3.458571640467992,0.0070510510165905,8.994174406455878,1000000.0,637234.535247018,0.0748959895659895,1.3203759197324416,False,0.2
ht21,ok,,0.0554657568363416,0.8567571808915857,3.6477759805265872,1.7678399999999996,0.4846350240358776,0.4846350240358776,5.393561857435538,0.6210119319672684,0.106238060575658,1.8119252066604097,14.140364349568394,21.34585141366434,7.205487064095948,0.0554657568363416,11.207333444641808,31.29280030728617,0.4538090885198888,36.93678808085912,4.035251326933509,0.0090530816735212,7.81871900584287,1000000.0,1003612.403485643,20.617726389303225,0.3528826967289615,13.82747529558674,3.150587174726438,0.0081078200489677,8.742720828597038,1000000.0,661244.9423760913,0.0510356913266885,0.9750565217391304,False,0.2
ht22,ok,,0.0663275919258159,0.856757166386731,3.64777604227047,1.7678399999969037,0.4846350158318805,0.4846350158318805,5.306690126775824,0.5640388145550134,0.1062381706210662,1.856601016621155,17.219618699252937,24.38290984264992,7.163291143396979,0.0663275919258159,10.66790490931626,31.29279994796868,0.5183764431457963,39.30547972611152,3.959184609756031,0.0074290781456841,7.740933602275882,1000000.0,1003612.3749723824,19.15310974878684,0.4065206211066227,11.590415068311902,2.947237779151328,0.0063700621128502,9.076920722805069,1000000.0,614272.2285972507,0.0507889133239038,1.3882829431438126,False,0.24
ht23,ok,,0.0681051096101557,0.8223916176867668,3.800206858074726,1.7678399999876742,0.4651957290775753,0.4651957290775753,5.360135901866267,0.6183164876466827,0.0795120452562524,1.857556966633271,17.72988758191259,24.94758045041213,7.217692868499538,0.0681051096101557,10.782862488496235,31.29280008794747,0.5525444527911226,39.660786572705,4.274817904454368,0.0073312422806322,7.728888363145254,1000000.0,963356.2935471864,19.34954114855427,0.4181043614017807,11.270040124299364,3.0690275891346674,0.0062684903549675,9.275614939900196,1000000.0,595680.2264521373,0.0650768213141513,1.4047702341137125,False,0.2
ht33,ok,,0.0550613105529351,0.8567571808821915,3.647775980566549,1.767839999999991,0.4846350240305661,0.4846350240305661,5.440102814095543,0.6362440313344807,0.1062380605090285,1.81378048586315,14.022187855445653,21.276071155404345,7.253883299958693,0.0550613105529351,11.203681371428246,31.292800307244143,0.4523255723718482,36.2282109945105,4.091707208645789,0.0079917060610076,8.12688351222691,1000000.0,1003612.4034732956,20.58992522110816,0.3562128568367449,13.696908054878213,3.213097803898248,0.0069414601755129,9.255114136461929,1000000.0,660353.312442546,0.0594653069547325,0.9686,False,0.2
ht34,ok,,0.0569704077441264,0.8567571143655756,3.647776263032928,1.7678399998210623,0.484634986453692,0.484634986453692,5.592250987958916,0.7186451856256942,0.1062379437160604,1.832813768635364,14.55222282429862,21.977287580892902,7.42506475659428,0.0569704077441264,10.49543230859319,31.292799792601823,0.4672333632797088,36.99836852081832,4.183993669391179,0.0079017573612741,8.036857384330098,1000000.0,1003612.3091513256,19.088013720033043,0.4242553884472934,13.600358017646064,3.776106708291463,0.0074236414697486,8.527678753971022,1000000.0,612184.4530895442,0.0697351646424462,1.03348127090301,False,0.2
ht35,ok,,0.0580852898763706,0.8567571809279424,3.647775980371738,1.7678399999999863,0.4846350240564469,0.4846350240564469,5.667273593804257,0.759275298593224,0.106238060814472,1.8252683301607109,14.880414886095924,22.37295681006089,7.492541923964968,0.0580852898763706,11.138936343681811,31.292800307539647,0.4756451705821338,37.42022225609086,4.074654247096106,0.0077711593272282,8.005725233361263,1000000.0,1003612.4035363684,20.342098308911936,0.3769521708560689,13.421952966509233,3.0411806020261483,0.0066149630614968,9.242703961135604,1000000.0,652405.0892262685,0.0749927934255443,1.0700909698996657,False,0.21
isa571,ok,,0.0673789045985039,0.8150491763712957,3.834441351740354,1.7678399999943473,0.4610423886629456,0.4610423886629456,5.568996906344358,0.7447421652181738,0.0796567100636491,1.8609101087413575,17.517673443851194,24.947580458936912,7.429907015085716,0.0673789045985039,9.917647552641515,31.292800102792185,0.5575220971883686,39.88787450719519,0.6357789271023351,0.0084378382777855,7.512161091460732,1000000.0,954755.2979513851,17.76486946907464,0.5152071031118186,12.190356729456829,0.2457512544415389,0.0082643967653281,7.866320701459134,1000000.0,542012.9610421287,0.0740076692880475,1.426433779264214,False,0.2
isa960,ok,,0.06361265977212,0.7608655410430193,4.107504016170573,1.7678399999999994,0.4303927623783937,0.4303927623783937,5.658301309457409,0.7988001686937635,0.0808119305084412,1.864740620214424,16.43064784889488,23.953689778566712,7.523041929671833,0.06361265977212,9.804406336996353,31.29280030952808,0.5734320536497682,40.00000000301144,0.0420682704880552,0.0117611890577461,7.15454159603272,1000000.0,891284.1484860858,17.525951921879905,0.574154340783628,13.189613372964535,0.048746324179239,0.011763157720334,7.150467379695018,1000000.0,499175.6244437039,0.0944479486852947,1.4956765886287626,False,0.2
isa961,ok,,0.065741043767197,0.777485590716285,4.019699275353448,1.7678399999999994,0.4397940937620402,0.4397940937620402,5.720596653252637,0.8312199425101856,0.0804405823576555,1.8799865330219576,17.027538138569962,24.62812132484456,7.600583186274595,0.065741043767197,9.81569412669952,31.292800310013163,0.5769742029047427,40.00000000303525,0.0919053059827934,0.0099275213172847,7.355982317546148,1000000.0,910753.0112910283,17.403837659271993,0.5756663426272813,12.946564280392812,0.0792160448255392,0.0099178663808588,7.366034008354839,1000000.0,506525.3796136056,0.0943989082186538,1.5110926421404682,False,0.2
isa962,ok,,0.0672890824809715,0.7328748397505321,4.2643819873306406,1.7678399999999996,0.4145594848801545,0.4145594848801545,5.594830559144614,0.766554874768588,0.081475421769021,1.8760753508697765,17.476674686286575,24.947580596300966,7.47090591001439,0.0672890824809715,9.378068508720542,31.29280030827749,0.6200348245585431,39.58959802062397,0.182008248861436,0.0081798396806131,7.7379310774932115,1000000.0,858495.610896503,16.66256547100259,0.6548864913312475,12.812392508875396,0.5080226083100141,0.0082055686999529,7.480049465134376,1000000.0,457125.5746436822,0.0973137123176661,1.6985,False,0.2
ist-mt1-12,ok,,0.066721742701448,0.7408919023083897,4.218237850707588,1.7678399999999996,0.4190944329285399,0.4190944329285399,5.75800093583011,0.8380489224019739,0.0812802731222303,1.8820443705966456,17.307535289838857,24.947580596265613,7.640045306426757,0.066721742701448,8.541290858892232,31.29280030823795,0.6133255354428918,39.22339638167115,-2.5574661705989445,0.0068028422364508,7.997960423234949,1000000.0,867886.8638691696,15.127682415167982,0.8037159884446664,14.371967502026775,-0.9349314138069588,0.0067676272210609,6.595619286078406,1000000.0,419557.109609415,0.1199763000854029,1.6693,False,0.2
ist-mt1-15,ok,,0.066636448781049,0.6834371458993092,4.572853969603289,1.7678399999999994,0.3865944575862687,0.3865944575862687,5.782531986928461,0.8432470431179429,0.0781252645643645,1.876004595753188,17.289044013580654,24.947580596262306,7.658536582681649,0.066636448781049,8.178735437978789,31.292800308231897,0.6648861938734265,39.469918922296046,-3.879688530022287,0.0081483115113122,7.851832285373272,1000000.0,800583.8899818896,14.532187992313432,0.9464365736762032,15.136415154327835,-1.4803406106590609,0.0083934390786513,6.092465181875007,1000000.0,371786.3367368208,0.1499673339561207,1.8937010033444817,False,0.2
ist-mt1-18,ok,,0.0668551605432937,0.6159027028501098,5.074272691348429,1.7678399999999996,0.3483927860270782,0.3483927860270782,5.719629151769593,0.801796475241461,0.0698153486873071,1.8840409880272,17.34391045648015,24.94758059627694,7.603670139796793,0.0668551605432937,8.159388924020602,31.29280030824731,0.7377917333139519,39.45568685943309,-3.2514835982309838,0.0091600844641602,7.832111003675486,1000000.0,721473.4883183967,14.435972069030177,1.0566360162552555,15.07140304621408,-0.6063933845656875,0.0094617954334017,6.053096807716166,1000000.0,332829.6292858519,0.1799921454665076,2.210998662207358,False,0.2
ist-mt1-21,ok,,0.0658777280900159,0.6539018602981481,4.779399563376421,1.7678399999999996,0.3698874673602522,0.3698874673602522,6.000744679605744,0.9238913773862312,0.0745117583156331,1.8867324128233165,17.060103503782027,24.94758059621109,7.88747709242906,0.0658777280900159,9.134113390562536,31.29280030817786,0.6949176172738817,39.716163836732576,-1.3566807034664146,0.0097997770614498,7.630526618064386,1000000.0,765986.0136722935,16.137447169653136,0.8261562415584522,14.171794979253402,-0.274359440162873,0.0099017380875475,6.837959246251985,1000000.0,395012.8689856971,0.2099818753956264,2.0244030100334447,False,0.2
ist-mt1-24,ok,,0.0652391141174267,0.6442897720109544,4.850702900102631,1.76784,0.3644502737866291,0.3644502737866291,6.184413948397385,1.0111886097201876,0.0733407499853713,1.888027949331307,16.87513869843819,24.94758059616688,8.072441897728691,0.0652391141174267,9.358783528851989,31.292800308131326,0.7052850168203004,39.79468428280599,-0.3923522937425892,0.0101367196377294,7.599162783776245,1000000.0,754726.3344483341,16.523031402804243,0.8185600625223647,14.370799537283956,0.5195677320186639,0.0102580696310265,6.923746411100492,1000000.0,398505.94391748245,0.2399869037776717,2.069523745819398,False,0.2
j5012,ok,,0.060597082908664,0.8567571809430824,3.647775980306501,1.7678399999997982,0.4846350240650625,0.4846350240650625,6.36077510339731,1.145717100610689,0.106238060928644,1.820641649774624,15.607448543958032,23.788865297129966,8.181416753171934,0.060597082908664,11.177754901868036,31.29280030775256,0.5057471387405917,39.17985139443819,4.932406415363105,0.0084110319121483,7.614213785668255,1000000.0,1003612.4035610388,20.4648635885261,0.4066861403407453,13.665408848474389,4.072424242345268,0.0071537812441198,8.76861968710672,1000000.0,656342.376924993,0.1199438190749078,1.2011,False,0.2
jn153,ok,,0.0645494044687219,0.5937944561011745,5.263198794613699,1.7678399999999996,0.3358869898300607,0.3358869898300607,5.572169259521668,0.725757882815481,0.0641471610693436,1.8779821279141684,16.686819822611227,24.136971210047065,7.450151387435836,0.0645494044687219,8.820251556244182,31.292800309246317,0.7403960519704835,40.000000003099096,-1.1906769824824763,0.0145130248603439,7.209284503524356,1000000.0,695575.706387793,15.655547560225603,0.9130588142114234,13.684105119925333,0.2579541652874078,0.0136964512558959,6.548225777275776,1000000.0,347991.1815330243,0.1756713191461328,2.222333110367893,False,0.2
joukowsk,ok,,0.0660150489674778,0.8182304365248374,3.819533136322508,1.7678399999587764,0.4628419068150496,0.4628419068150496,5.961249624103157,0.9286633198973744,0.0795928798657671,1.832870833239064,17.153459762151176,24.9475802194934,7.7941204573422205,0.0660150489674778,10.935191689619629,31.292799718316985,0.5553544727048314,39.72605716831378,4.942119130141367,0.0078370931745184,7.629384838920213,1000000.0,958481.8404610736,19.88718370349257,0.4295870975921908,12.3027953537305,3.767210447035085,0.0071987242759951,8.843949810086498,1000000.0,609133.8777384479,0.118,1.417,False,0.2
jx-gs-04,ok,,0.0676912739125134,0.8467923054873563,3.6907022481753184,1.7678399999999284,0.4789982721781329,0.4789982721781329,5.479157853388857,0.677378469698525,0.079049168993451,1.8598160752142676,17.608606667732516,24.94758059633564,7.338973928603124,0.0676912739125134,10.306577636274737,31.29280030830109,0.5366226402191219,39.51382320671683,3.646536350318252,0.0064041559232787,7.891613988510547,1000000.0,991939.4665668432,18.47239587044887,0.453020969766229,11.79374768249192,2.836588138304239,0.005806282763628,8.892126473507185,1000000.0,585549.9771646806,0.0689894670519862,1.335475585284281,False,0.2
jx-gs-06,ok,,0.0668135688012738,0.856757181209379,3.647775979165951,1.7678399999981624,0.4846350242161449,0.4846350242161449,5.591786947945543,0.7160645543695886,0.1062380630045903,1.8569745323563769,17.359014874329915,24.807776354631837,7.44876148030192,0.0668135688012738,10.370510183049774,31.292800307343644,0.52740901045878,39.2085438096825,3.374840363980472,0.0062676598270022,7.934001930888879,1000000.0,1003612.4038607952,18.615423461391057,0.4474935629084516,11.984416313442647,2.5863128539955684,0.0056911300134926,8.911789541794725,1000000.0,597027.7413807852,0.0709935792298378,1.2953762541806022,False,0.2
jx-gs-10,ok,,0.0668984006226344,0.8567571491612735,3.647776115586897,1.7678399999911796,0.4846350060896621,0.4846350060896621,5.647979045152884,0.7480914040185849,0.1062381159530273,1.849502817840924,17.39088494825184,24.88836681124565,7.497481862993807,0.0668984006226344,10.42908104051497,31.292799964497718,0.5291223809332428,39.24498717201228,3.2739508116017024,0.0060818146721335,7.962251794704625,1000000.0,1003612.3553277036,18.796188431313468,0.4417986905675904,11.96784004048044,2.3937734179879016,0.0054153215615645,9.07557236540572,1000000.0,602825.1535220726,0.0740839734402888,1.302833110367893,False,0.2
jx-gs-15,ok,,0.0592744175411909,0.8567571809883585,3.647775980100387,1.7678399999965648,0.4846350240915599,0.4846350240915599,5.702372183456467,0.7813269335837769,0.1062380615245329,1.839492438309108,15.208191138357316,22.75005576012289,7.541864621765575,0.0592744175411909,10.482830338125504,31.292800307538045,0.4836622286395696,36.59491616404797,2.5355992337649527,0.0055938890984853,8.552832740767435,1000000.0,1003612.4036090316,18.995874658702945,0.4351196600983737,13.193259471014752,2.025586413159301,0.0051840107465511,9.241817252058512,1000000.0,609229.446949954,0.0759934340739625,1.1049826086956522,False,0.2
k1,ok,,0.0665568797344142,0.7550636662936725,4.139065889557012,1.7678399999999994,0.4271108620088202,0.4271108620088202,5.80541652945086,0.8699770521778929,0.0809454369152212,1.8603981584617364,17.281765908339857,24.94758059625245,7.665814687912596,0.0665568797344142,10.60160708850504,31.292800308226333,0.601814049561163,39.83189771277232,2.8056353194758024,0.0088950043829235,7.552353646163193,1000000.0,884487.7846811212,18.99522966859765,0.5018708417887531,11.865079737374588,1.8567308134487663,0.0072000357563008,8.736587280764441,1000000.0,536898.2144007847,0.1159177065053094,1.6192,False,0.2
k2,ok,,0.0614825765691941,0.8567571809560418,3.6477759802363776,1.7678399999961765,0.484635024073386,0.484635024073386,6.150073596906542,1.0389483460787303,0.1062380609226932,1.832157351664409,15.850606213312526,23.832837161883475,7.982230948570951,0.0614825765691941,11.107208586148335,31.29280030745402,0.5066819729387058,39.602601651989495,3.2981114030347465,0.0096061452249543,7.343726831180085,1000000.0,1003612.403568701,20.20788694096621,0.4069406241448516,13.281594243744353,2.3609194045615154,0.008324877820034,8.345434481419874,1000000.0,648100.70637995,0.1027891297399379,1.2051685618729095,False,0.2
k3311,ok,,0.0657405294938325,0.842280248049997,3.710473174261693,1.7678399999999996,0.4764459725144793,0.4764459725144793,6.040203831634319,0.9846875347667862,0.0791327874306917,1.859477030203481,17.04789973435083,24.94758059618863,7.899680861837799,0.0657405294938325,10.307298130184552,31.292800308167948,0.5394973035889753,39.157672428273095,1.3989849790213922,0.0058808551479194,8.022485199729728,1000000.0,986654.005395174,18.477055578464864,0.4899973352921321,13.014757145900614,1.0778726795211742,0.0059894196027824,8.484743079081078,1000000.0,582576.8456280709,0.11,1.3479866220735788,False,0.2
k3311sm,ok,,0.0660608436219431,0.8159684592116909,3.830121410107503,1.7678399999997534,0.4615623920783582,0.4615623920783582,5.948079537159623,0.9387547681958696,0.0796388112533918,1.7823268318660723,17.217174227239237,24.94758059626493,7.730406369025696,0.0660608436219431,9.86478013142497,31.29280030817216,0.5568939798588959,39.004462306311,1.5192901711935174,0.0054989286920048,8.156807842260225,1000000.0,955832.1596896516,18.449254003349985,0.4964524408829679,12.622379306723294,1.165047557852826,0.0053616280407507,8.827239365083205,1000000.0,563528.6751272216,0.1102528094575799,1.4237,False,0.2
k3,ok,,0.0644971575214637,0.738099109568109,4.234198666665119,1.7678399999999996,0.4175146560594336,0.4175146560594336,6.397805185196145,1.1880994690887552,0.0813477739319854,1.8628097112834916,16.686965699623478,24.94758059610312,8.260614896479636,0.0644971575214637,9.704701580569242,31.29280030807618,0.6156462144443261,39.19248733704157,0.1333218953997318,0.006921440971237,7.978710373076821,1000000.0,864615.3634943395,17.36570572539876,0.661940784188964,14.524883575137132,0.700234460881262,0.0080597525881714,7.411021815723344,1000000.0,479811.8359585204,0.1731130003945731,1.6794,False,0.2
kc135a,ok,,0.0633743362018221,0.8567571810636614,3.647775979793721,1.7678399999999446,0.4846350241332294,0.4846350241332294,6.708718886915768,1.3249912046756482,0.1062380611941069,1.8485386573540497,16.37830650201713,24.93556404628695,8.557257544269817,0.0633743362018221,10.970971304252972,31.29280030796493,0.5301257546262865,39.49823691417227,3.509991326723623,0.006976408775707,7.744811560442356,1000000.0,1003612.4037090144,19.783142863701386,0.4551898748086028,13.86493087678887,2.8096253051599405,0.0068905053339217,8.435753957538461,1000000.0,634478.4540520841,0.15493,1.3072,False,0.2
kc135b,ok,,0.0634509271083515,0.8567571809845792,3.647775980130641,1.7678399999999967,0.4846350240884813,0.4846350240884813,6.400286379540556,1.1683937685257424,0.106238061184821,1.8500193586226463,16.39885381202965,24.64915955019285,8.250305738163203,0.0634509271083515,10.875495100329177,31.292800307995773,0.524036844900562,38.97122188618182,3.477764790490568,0.0060909496305283,8.008686975592079,1000000.0,1003612.4036173362,19.59528161987463,0.4473171901008346,13.565850807532811,2.7333006417869825,0.0060161561805657,8.799721445857767,1000000.0,628453.4299429896,0.1298,1.2807,False,0.2
kc135c,ok,,0.0602819783763918,0.856757123118395,3.647776225956167,1.767839999867036,0.4846349913922267,0.4846349913922267,6.101695271628293,1.0119492525708498,0.1062379775763381,1.829647335778949,15.507817125406488,23.439159732813728,7.931342607407242,0.0602819783763918,10.783977123161677,31.29279985560418,0.4983125073129386,37.38858316308756,3.133058789815768,0.0053533302723098,8.466277534622986,1000000.0,1003612.3213989416,19.646731754037788,0.4277742842104753,13.654144949247016,2.4955852116297166,0.0051680187941313,9.3358621400157,1000000.0,630103.4792206665,0.10592,1.168743143812709,False,0.2
kc135d,ok,,0.0588532372178975,0.8567571809649718,3.647775980188416,1.7678399999937675,0.4846350240790978,0.4846350240790978,5.891782785197815,0.8978375807876677,0.1062380616929865,1.845865921204788,15.080683628803778,22.81833233520638,7.737648706402603,0.0588532372178975,10.352156386384566,31.29280030736152,0.4851137767691735,36.352210544024175,2.2149010554907247,0.0049137552242043,8.74671998767581,1000000.0,1003612.4035775628,18.694309027652743,0.4609339935593671,13.608707419377872,2.0434138515107194,0.0048271115463604,9.064003134414794,1000000.0,599557.7331585324,0.08992,1.1113,False,0.2
kc135winglet,ok,,0.0681528160947435,0.7222820166982219,4.326922439363141,1.76784,0.4085675268679416,0.4085675268679416,5.34641551017596,0.6391712165920467,0.0817398809706453,1.876524001018308,17.72464108516568,24.947580596359945,7.222939511194268,0.0681528160947435,9.542956157494611,31.29280030833643,0.6291281136483161,38.857832448966505,0.6098927223717102,0.0056068795505793,8.2868785597189,1000000.0,846087.0909105537,16.95147722120983,0.620723793452831,12.122166267938216,0.5340251911355411,0.0055737639920556,8.372866322036858,1000000.0,458329.90040552896,0.0795999999999999,1.7380755852842809,False,0.2
l1003,ok,,0.0550482929269532,0.8222772782990712,3.8007352848965663,1.767839999999998,0.4651310516217938,0.4651310516217938,6.425312254605617,1.1384273129280786,0.0795145342264178,1.8180982830636507,14.014126109667348,22.257536647336615,8.243410537669268,0.0550482929269532,10.730961958071836,31.292800307330545,0.4930333168890947,40.0000000022469,1.230566200176127,0.0144617161666907,6.647930788457304,1000000.0,963222.3621957152,19.67433418027187,0.4619498915757176,15.623510591657263,0.9689228266065448,0.0146526557682435,6.692909975586133,1000000.0,605594.847940471,0.17685,1.1457672240802674,False,0.2
l188root,ok,,0.0648496236624974,0.7921424324465713,3.9453236407583567,1.767839999994142,0.4480849129158726,0.4480849129158726,6.296433584127221,1.1462402322758871,0.0801252352766747,1.892563846467395,16.75858306355596,24.94758049415058,8.188997430594616,0.0648496236624974,10.793837461098777,31.29280015744328,0.5736442167057317,39.26383705687433,2.7239137577175327,0.0061812242638954,8.038640883395992,1000000.0,927922.1516406444,19.01096138490693,0.5101825684468569,13.4184206387172,2.1552079488979747,0.0060324108980764,8.686704770175723,1000000.0,563730.0626433089,0.1398492088935758,1.4966,False,0.2
l188tip,ok,,0.0658383730421205,0.7775054074953407,4.0195968226994605,1.7678399999999777,0.4398053033619278,0.4398053033619278,6.012063431124003,0.9963258709251726,0.0804401193376349,1.8924777702473297,17.04303939484057,24.9475805962119,7.904541201371332,0.0658383730421205,10.421208116154268,31.29280030817336,0.5844434241983241,38.90753733691181,2.1064445602699604,0.005323643464684,8.25994125015934,1000000.0,910776.2247753568,18.355491902365134,0.5382047325307642,13.037994773234988,1.697957469795387,0.0052609727755766,8.751849566623186,1000000.0,534236.1646798431,0.1198895342297214,1.5436,False,0.2
l7769,ok,,0.0668073923279407,0.8004057026436924,3.904592702522376,1.7678399999999594,0.4527591312809478,0.4527591312809478,5.733367581499037,0.8041789472924508,0.0799537779530183,1.80640657532194,17.40780643945883,24.947580596279806,7.539774156820977,0.0668073923279407,10.134824096300878,31.2928003082372,0.5677219954679125,39.88999300122223,2.5742742294502903,0.0085885169168691,7.512895207381427,1000000.0,937601.8187350704,18.701629771054613,0.4803917829388365,12.258321795727882,1.807074204021924,0.0086708791283482,8.121702990024772,1000000.0,560342.3763272184,0.1098,1.4708254180602007,False,0.2
la2573a,ok,,0.0649028135167665,0.8445386931690809,3.70055071588568,1.7678399999999996,0.4777234892123049,0.4777234892123049,6.281136049789045,1.0929606592199492,0.0790908221680863,1.837781231583555,16.828663314754447,24.947580596127047,8.1189172813726,0.0649028135167665,11.129184985931596,31.292800308106507,0.5380545928390217,39.745723521304754,4.311490326504766,0.007715150803729,7.603038590416408,1000000.0,989299.5665682304,20.185908229388737,0.4208121723506486,12.956270008754236,3.305936102392507,0.0074467640104541,8.63334023484052,1000000.0,638163.0939225046,0.1369863596873591,1.3417076923076925,False,0.21
la5055,ok,,0.061901278833444,0.8078551276296158,3.868587521094248,1.767839999999981,0.4569729882962397,0.4569729882962397,6.369470627908759,1.146322625293692,0.0798009568160254,1.845549755232406,15.957635220035144,24.172655603176302,8.215020383141164,0.061901278833444,10.057008680224074,31.29280015204831,0.5450148597278268,39.9999996605513,0.8089185386513996,0.0105873292655301,7.219942998246479,1000000.0,946328.1316682246,18.164431585965048,0.5497153356197286,14.285468285903695,0.8494071030015564,0.0105565204834986,7.198366221171344,1000000.0,549312.0629039146,0.1593,1.372,False,0.2
lds2,ok,,0.06571336515964,0.8037972783215471,3.888117501620053,1.7678399999990306,0.4546776169347836,0.4546776169347836,6.048016189804168,0.9996892807812484,0.0798834505414705,1.8576732726600769,17.041890990725577,24.947580453189826,7.905689462464245,0.06571336515964,10.64482508408148,31.2928000981761,0.5653265299703979,38.78562207501059,2.766243518664421,0.0056748402077194,8.135058812817928,1000000.0,941574.7320399228,19.100641002097444,0.480843393541939,12.618458228177955,2.17403782824691,0.0053897005025653,9.099486727229166,1000000.0,574722.6479227373,0.1197004761904761,1.4604,False,0.2
legionair140_sm,failed,airfoil 'legionair140_sm' not found in the aerosandbox UIUC database,,,,,,,,,,,,,,,,,,,,,,,,,,,,,,,,,,,0.0
lg10sc,ok,,0.0664603521011451,0.7892970764276538,3.959546232889736,1.7678399999999996,0.4464754029932878,0.4464754029932878,5.833178464796614,0.892905360295473,0.0801861960607197,1.8231375143832231,17.291264617061536,24.947580596241373,7.656315979179837,0.0664603521011451,10.564722403861245,31.292800308219498,0.57571215738608,39.73563948651121,3.955145642571712,0.0080617825505466,7.64206351800608,1000000.0,924589.082681542,19.316009389515425,0.4637146927484624,12.19410120840712,3.1292619156328727,0.0075408615934099,8.668194568155728,1000000.0,570718.2235726311,0.09999,1.5056,False,0.2
lnv109a,ok,,0.0671148662831957,0.6973341432774283,4.481722708874507,1.76784,0.3944554616240318,0.3944554616240318,5.52690772178857,0.6917878644092408,0.0798348829601808,1.869325050550409,17.43331934592743,24.82955211826641,7.396232772338979,0.0671148662831957,9.90302350450327,31.2928003097327,0.6485529158026989,40.000000003177895,2.1557043048794995,0.0105322053458176,7.416146116985693,1000000.0,816862.9469713625,17.65882201098448,0.6066699732146319,12.335466640041576,1.794908340905726,0.0106775506203789,7.636390272203295,1000000.0,460963.4562953806,0.1297752303152663,1.822615719063545,False,0.2
lrn1015,ok,,0.0645327358577174,0.7893285787972122,3.95938820606534,1.7678399999999994,0.4464932226882593,0.4464932226882593,6.387572638952795,1.1902698773910845,0.0801855276887522,1.850217651142008,16.70979030600823,24.94758059610303,8.237790290094804,0.0645327358577174,9.722115775413354,31.29280030807884,0.5756891805218638,39.47546632081344,0.0623874029055244,0.0066284123152219,7.944316065883728,1000000.0,924625.9848120096,17.515265063387872,0.6067723661876728,14.193654751867957,0.3393359025039548,0.0066204212624869,7.679119089002877,1000000.0,517533.3958302648,0.1518736385708894,1.5055,False,0.2
ls013,ok,,0.0637664867451727,0.8026818776235868,3.893520400451311,1.7678399999999994,0.4540466770881907,0.4540466770881907,6.193623536415106,1.0864649574195275,0.0799069510536603,1.83860656658194,16.501023476781885,24.533253579778933,8.032230102997046,0.0637664867451727,11.245653743132104,31.292800310016027,0.5567101638484743,40.00000000272456,4.781453002232496,0.0098340454269551,7.32764700762783,1000000.0,940268.1488681808,20.38800097771565,0.4293878087271449,12.682741742198452,3.655670212747054,0.0082743079683818,8.580078430252577,1000000.0,612606.9814309162,0.1286396015936255,1.4229,False,0.2
ls413,ok,,0.0663130116301918,0.722249198259616,4.327119051334149,1.76784,0.4085489627226537,0.4085489627226537,5.875554481809506,0.920885546875826,0.0817405272871515,1.868465145843714,17.203560968583748,24.947580596236968,7.74401962765322,0.0663130116301918,9.801141979743765,31.29280030820904,0.6291567007397001,38.9810555617704,0.9673656503820636,0.0062128733773501,8.156722790812532,1000000.0,846048.6471183867,17.485192773590676,0.6255252497697341,13.00975816619136,0.936095959160024,0.0062042964076173,8.190554465505787,1000000.0,472738.8902558474,0.1293,1.7382,False,0.2
ls413mod,ok,,0.0664409963230825,0.7172721437415817,4.357144345934567,1.7678399999999996,0.4057336318567188,0.4057336318567188,5.838745304484429,0.8938686767815002,0.08186700593711,1.868297710364337,17.24053758139777,24.94758059624654,7.707043014848766,0.0664409963230825,9.844483552194625,31.292800308218133,0.6335223341010404,39.13048212096813,1.1133940498883876,0.0067421569508046,8.055870140484036,1000000.0,840218.4845490302,17.564087881680713,0.6212393164802036,12.890177365776328,1.006899761615555,0.00668152947804,8.172293811741959,1000000.0,471599.5742495466,0.1302,1.7572,False,0.2
ls417,ok,,0.0647737644552044,0.7261475139501852,4.303888955838795,1.76784,0.4107540919710976,0.4107540919710976,6.318251346036793,1.155472280516477,0.0816424906500013,1.8627662484408152,16.766563001648706,24.94758059612631,8.18101759447761,0.0647737644552044,9.901544226219412,31.292800308096904,0.6257790792647787,39.19319721280171,0.750035556042614,0.0070173885789345,7.982368543829849,1000000.0,850615.1661561265,17.718351644151575,0.6400916423717697,13.855468077872764,0.8684374082904991,0.0070248822505942,7.864706032605903,1000000.0,481628.31320349977,0.1698299999999999,1.7235,False,0.2
ls417mod,ok,,0.0654403389116135,0.6891291220342706,4.535083724766138,1.7678399999999994,0.3898141924802418,0.3898141924802418,6.126540471774985,1.039310619284021,0.0788252248272148,1.8629175332868544,16.958122591115306,24.947580596177144,7.989458005061839,0.0654403389116135,10.092795488989026,31.292800308146116,0.6593944562207223,39.79455787656608,1.7407955932347898,0.009625892963676,7.573200296072385,1000000.0,807251.5176074012,18.059120185854777,0.6340592697565475,13.269859436101642,1.5263261938083907,0.0095402817811542,7.752569312281906,1000000.0,465866.0149660919,0.170003765234147,1.8698,False,0.2
ls421,ok,,0.0628353946406902,0.7508781053578327,4.162137959943111,1.7678399999999996,0.4247432490258354,0.4247432490258354,6.8757383127307445,1.4523316504920247,0.0810430145648063,1.8536977600652085,16.218144523176527,24.94758059597248,8.729436072795952,0.0628353946406902,10.11799244355286,31.29280030794787,0.6051686944249518,39.43499536112834,0.6502452518968463,0.0076954085970264,7.7954055796508195,1000000.0,879584.7841912806,18.194250543477548,0.6264042910938139,14.833234425038194,0.8224124954748075,0.0077162759063714,7.628106602603022,1000000.0,511407.9206820678,0.20894,1.6338,False,0.2
ls421mod,ok,,0.0636182331700304,0.7217747277451931,4.329963554367206,1.7678399999999996,0.4082805727583906,0.4082805727583906,6.650589182850761,1.3133039442580572,0.0817524490617757,1.8572845166391416,16.439706896549612,24.947580596039515,8.507873699489902,0.0636182331700304,10.041946399740953,31.292800308009152,0.6295702872704918,39.623922988394646,0.7641791160989394,0.008628036095168,7.677089370019531,1000000.0,845492.848452645,18.02263162478449,0.6472756479918389,14.442442939822314,0.9083125295191552,0.0086856792108354,7.542703183440305,1000000.0,486949.2662550789,0.20954,1.74,False,0.2
lwk79100,ok,,0.0648051199324261,0.8567571811566025,3.647775979389687,1.7678399999979275,0.4846350241863555,0.4846350241863555,5.930141167685859,0.8906848936674484,0.1062380624173781,1.847322055496672,16.791025221037565,24.56848844422009,7.777463223182531,0.0648051199324261,11.242093247410285,31.29280030779041,0.5223217911202896,39.64442021717443,4.614403823798279,0.0079275753370917,7.596434004889256,1000000.0,1003612.403813434,20.28538773005614,0.3934775010185788,12.530968605544055,3.562113808898054,0.0070935823224491,8.900226261662164,1000000.0,650586.2863599602,0.0999338791946308,1.273235785953177,False,0.21
lwk80080,ok,,0.048082777594731,0.856757180657977,3.64777598152058,1.7678399999998464,0.484635023903776,0.484635023903776,5.805479228196181,0.8525218364804683,0.1062380588636748,1.7748882957061756,12.054011454879932,19.634378978782287,7.580367523902357,0.048082777594731,11.664195660150613,31.292800306419032,0.4174234823556226,34.229515096434724,4.3179515912447375,0.0085466414248851,8.203861969656662,1000000.0,1003612.4031842684,21.905971375529624,0.3288620771148758,15.094706569906997,3.475700186559432,0.0073461431708015,9.221082472122802,1000000.0,702561.1118533012,0.08060597088882,0.8167,False,0.21
lwk80100,ok,,0.0563431024806208,0.8567571806328923,3.6477759815788753,1.7678399999880925,0.4846350238928089,0.4846350238928089,6.081477951689731,1.0029837892832432,0.1062380596067323,1.808898136002648,14.395721372536826,22.286097460229204,7.890376087692379,0.0563431024806208,11.4719302004865,31.29280030662636,0.4737985561001714,37.89184282485866,4.892762659946577,0.0090445561644365,7.689046107786815,1000000.0,1003612.4031682062,21.13981244928378,0.3675733436477524,14.24931110414041,3.765379111284211,0.0076965773179002,8.837400845162062,1000000.0,677989.1146481466,0.1005919417776401,1.0620541806020067,False,0.21
lwk80120k25,ok,,0.0615345377577042,0.8567571809577738,3.6477759802447816,1.7678399999999996,0.4846350240733177,0.4846350240733177,6.358107981706519,1.1539388081595148,0.1062380610158361,1.8272749006347055,15.870433018478613,24.05581590081984,8.185382882341225,0.0615345377577042,11.58484758243039,31.29280030784261,0.5114224621339513,39.7313391468419,5.272527931837139,0.0095255764709499,7.330123790375711,1000000.0,1003612.4035810224,21.13319599294443,0.381555046600441,13.118298470091997,3.813857666867585,0.0075567155852863,8.8028937443346,1000000.0,677776.9140881983,0.1205825890368535,1.2258,False,0.21
lwk80150k25,ok,,0.0610571188971693,0.8561723411814948,3.650267726768627,1.7678399999905954,0.484304202408617,0.484304202408617,6.750083727839782,1.3716183599995526,0.1007846157065708,1.8299992591798415,15.73040017261194,24.310483159631566,8.580082987019624,0.0610571188971693,11.567054445955735,31.292800155768106,0.5171896929155063,39.99999963850398,5.436615361142329,0.0096968066591564,7.261109770350497,1000000.0,1002927.31259159,21.06932445998146,0.4026571266907516,13.271668489313416,3.8545208886705606,0.0071454844830407,8.80907752597135,1000000.0,675267.1813830776,0.1503732362960669,1.2509,False,0.21
m10,ok,,0.058522653718265,0.8567571809395664,3.647775980322273,1.7678399999999923,0.4846350240630204,0.4846350240630204,5.563198117069306,0.7170338780854463,0.1062380608943955,1.852947794512803,14.978523927012796,22.394669838594904,7.41614591158211,0.058522653718265,9.968704343916784,31.29280030758032,0.4761067857846462,36.38898001367318,2.921776039655538,0.0057044320454881,8.599438750936056,1000000.0,1003612.403551286,17.93305487511565,0.4800851534492643,13.437774418019949,2.9588352068914787,0.0057461609032152,8.544570433024548,1000000.0,575143.040230636,0.061889764,1.0721,False,0.2
m11,ok,,0.0642332438514717,0.8567571810128828,3.647775980010117,1.7678399999999923,0.4846350241044927,0.4846350241044927,5.82689569067806,0.8586227528161142,0.1062380613583609,1.8452146980107311,16.62865753369343,24.300767922382224,7.672110388688791,0.0642332438514717,10.741593161564117,31.292800308055256,0.5166300994687331,38.59956716645566,2.6311721786489035,0.005955943765744,8.114329349266042,1000000.0,1003612.4036524012,19.40441433571261,0.4241918585015315,12.715674142116228,2.131063026259447,0.0056738798165242,9.173615578509336,1000000.0,622331.9971756764,0.0815,1.2484645484949832,False,0.2
m12,ok,,0.0655530257980477,0.8002519946630668,3.905342675110484,1.7678399999999892,0.4526721845093853,0.4526721845093853,6.094131036770803,1.0328905313187489,0.0799569504908186,1.8485352128807595,17.004914346528466,24.94758059618003,7.942666249651562,0.0655530257980477,10.808120021195684,31.292800308153083,0.5678310403721841,39.3733249294708,3.526057026524948,0.006783352015196,7.890133823171064,1000000.0,937421.7639406804,19.48952147964459,0.4660618059067651,12.711578814508137,2.788676025164816,0.0063657638009143,8.94993064824535,1000000.0,583837.2221053076,0.1193,1.4713,False,0.2
m13,ok,,0.0613241313389283,0.8567571810379434,3.647775979896816,1.7678399999983927,0.4846350241191071,0.4846350241191071,5.568054844832764,0.7202672424435237,0.1062380617806218,1.8633581827446588,15.773835568611096,23.20524859618852,7.431413027577422,0.0613241313389283,9.149475529529363,31.292800307754707,0.4933395491294604,38.419973688227,1.8168435299566936,0.0076712022336621,7.888638566705482,1000000.0,1003612.4036730268,16.36735870082427,0.5775143279638824,13.821604116614973,2.564570734173444,0.0077164382912639,7.209227307391615,1000000.0,524928.54733241,0.0620999999999999,1.1471,False,0.2
m14,ok,,0.0668382296835385,0.834940882280815,3.7430892796417217,1.7678399999999772,0.4722943718214463,0.4722943718214463,5.72449857016744,0.8307122978747291,0.0792707311800356,1.870858804880244,17.35222322122276,24.947580596270445,7.5953573750476835,0.0668382296835385,9.475674928511816,31.292800308244576,0.5442396369993675,39.77307033410273,2.0450745774217864,0.007791619278717,7.605635088148012,1000000.0,978056.6120121988,16.88293259365515,0.5692499894873427,12.856313406269509,2.256501556887662,0.0073887908230058,7.488700415358882,1000000.0,527676.1328716947,0.0806,1.3686260869565217,False,0.2
m15,ok,,0.0654912147839616,0.8013990419824722,3.899752934402026,1.7678399999994678,0.4533210256486523,0.4533210256486523,6.111908054186226,1.0426833644937827,0.079932771808616,1.861199782543844,16.97447264941712,24.94758048614719,7.973107836730069,0.0654912147839616,10.530251697236489,31.292800147421676,0.5670183036569981,39.3739964520151,2.143564657944669,0.0063690207133254,7.979994460817972,1000000.0,938765.4197768176,18.859253756635034,0.4989259911453698,13.03010431964106,1.694216803639914,0.0061454542753082,8.685663897463984,1000000.0,565766.4122775457,0.1199877650525052,1.4677628762541806,False,0.2
m16,ok,,0.0538868056144836,0.8567571806468083,3.647775981524312,1.7678399999892278,0.4846350239003693,0.4846350239003693,5.5606624772412125,0.7160650787627667,0.1062380594825133,1.8453532173233511,13.65282034890682,21.058836043471384,7.406015694564564,0.0538868056144836,9.82434458571766,31.292800306941015,0.4477071918036929,37.02196046213234,1.9202142451659727,0.0097278530183443,7.676183688003165,500000.0,1003612.4031939544,17.746095965966667,0.4895843665687566,14.28064242854188,2.289479708031737,0.0096190539321905,7.449782778707709,500000.0,569146.9553705581,0.0614975452454754,0.9485,True,0.2
m17,ok,,0.0665925122640484,0.8545729596976112,3.657099408698628,1.7678399999999914,0.4833994929957548,0.4833994929957548,5.795168253300072,0.8602375465637966,0.0868828927768256,1.849134633485149,17.30327759752939,24.947580484314614,7.644302886785221,0.0665925122640484,9.3925317231666,31.292800256560053,0.5317368365007014,39.2934667179013,2.7090488903959504,0.0066091742600935,7.830410241147644,1000000.0,1001053.787203928,16.931400510417973,0.5565565416093659,12.85002094015084,2.9479567799178303,0.0061205809554076,7.713460552091044,1000000.0,541633.9370289269,0.0808025602560256,1.3142117056856188,False,0.2
m18,ok,,0.0651565734099113,0.8263491606750318,3.78200694612776,1.7678399999999477,0.4674343609574714,0.4674343609574714,6.208153158694338,1.0918901751616354,0.0794353237141804,1.8489987009192697,16.890428736550376,24.947580596163984,8.057151859613608,0.0651565734099113,10.814072218061474,31.292800308117812,0.5498982080635357,39.53201085330351,2.841060523188577,0.0069831814653738,7.797483691289534,1000000.0,967992.1987025886,19.49536653304123,0.4575741350767793,12.88120431654469,2.1897004082253937,0.0064427482959377,8.791878225655067,1000000.0,603057.6531668191,0.1202,1.3932531772575252,False,0.2
m19,failed,too few converged polar points,,,,,,,,,,,,,,,,,,,,,,,,,,,,,,,,,,,0.01
m1,ok,,0.0500382517530734,0.8567571805647012,3.647775981900089,1.767839999995575,0.4846350238521844,0.4846350238521844,5.556496730847992,0.7131033427384533,0.1062380581364486,1.6696300647611269,12.721675966188926,19.947802761798044,7.226126795609119,0.0500382517530734,10.102766205121211,31.292800306598096,0.4240868175134067,35.19909143696294,3.831362475357527,0.0089333815690728,8.040757524212921,1000000.0,1003612.403083172,20.169669953339056,0.3697911880857083,14.426241392215063,3.327904965926653,0.0084455497808724,8.518966224903526,1000000.0,646875.0234218227,0.0616,0.8457,False,0.2
m20,ok,,0.0668712051745421,0.8301484930098495,3.7646978726262,1.7678399999994416,0.469583499078034,0.469583499078034,5.715014618146664,0.8260574787586792,0.0793621197744802,1.917577661002924,17.314988317201884,24.94758059635147,7.632592279149588,0.0668712051745421,8.438009381999052,31.29280030823303,0.5473814944134676,38.35349835242278,1.6493392455406422,0.003589398263608,8.6234246877106,1000000.0,972442.7678307358,14.66782728647669,0.7622387486478824,14.710815227735988,3.588901750205186,0.003074396427493,6.610038370407642,1000000.0,455811.63794957247,0.0814999999999999,1.3823,False,0.33
m21,ok,,0.0650862879938712,0.7933388648477626,3.939373707853981,1.76784,0.4487616893201662,0.4487616893201662,6.0760959752083,1.0242784451078168,0.0801008801440894,1.8454348118875064,16.873778110802526,24.79530889789833,7.921530787095806,0.0650862879938712,10.008712264004965,31.29280030971849,0.569283049765528,40.0000000028213,1.5343095956860875,0.0093380876271653,7.405918275620334,1000000.0,929323.6669014554,18.07832712293257,0.5449293770338844,13.265944787770366,1.319178688285381,0.0093507717852127,7.566190181925544,1000000.0,536884.42987028,0.1195,1.477619397993311,False,0.2
m22,failed,too few converged polar points,,,,,,,,,,,,,,,,,,,,,,,,,,,,,,,,,,,0.01
m23,failed,too few converged polar points,,,,,,,,,,,,,,,,,,,,,,,,,,,,,,,,,,,0.01
m24,ok,,0.0644021467536879,0.8003519994401569,3.9048546986652175,1.7678399999999996,0.4527287534166876,0.4527287534166876,6.095729503713539,1.0334128299896237,0.0799548885993739,1.8495095725667496,16.672940161892946,24.618179238173237,7.945239076280289,0.0644021467536879,10.621305971056293,31.29280030949964,0.5602635328932762,40.00000000279032,2.059944653184117,0.0096668558533145,7.353012793000021,1000000.0,937538.9103988556,19.142562851253665,0.4832057463552419,13.298426333171644,1.3697762780759055,0.0100258570970098,7.750204639814112,1000000.0,573515.2284328412,0.1194315745956314,1.438364882943144,False,0.2
m25,failed,too few converged polar points,,,,,,,,,,,,,,,,,,,,,,,,,,,,,,,,,,,0.01
m26,ok,,0.0370560031983501,0.7842975441253919,3.9847864997271225,1.7678399999999996,0.4436473572978279,0.4436473572978279,5.572816824283577,0.755579036775186,0.080292944672364,1.7269354105568202,9.389865651509078,16.689617886349474,7.299752234840398,0.0370560031983501,10.598433578774005,29.9999997232274,0.4217250077194603,40.00000000086031,-0.3133970980531227,0.0269516609615758,4.933925747117044,500000.0,880776.9569284231,20.45711247408828,0.3966842126370334,19.258751943661743,-0.5297224649686048,0.0282859855798132,4.694194383197684,500000.0,600605.1146233666,0.0830012741274127,0.6869,True,0.2
m27,ok,,0.0444392618024266,0.7386170213051715,4.231229683926751,1.7678399999999996,0.4178076190747871,0.4178076190747871,5.861650014731125,0.9132875566993012,0.081335216885919,1.80345158020126,11.45237368561246,19.117475280544845,7.665101594932385,0.0444392618024266,10.23686501924556,30.17189410706134,0.5071219326521762,40.00000000143586,0.0225163673566775,0.023308511505933,5.659222129339749,500000.0,834229.8484447025,18.920875820617923,0.517037984281846,16.60840324644617,0.1115719161076687,0.0229455986544744,5.707969592545127,500000.0,523147.7782689486,0.1194516133523734,1.0518,True,0.2
m2,ok,,0.0623869581410519,0.8567571807314899,3.647775981187328,1.7678399999949372,0.4846350239467052,0.4846350239467052,5.803253184005599,0.8487273880029409,0.1062380588636899,1.8571384321724047,16.0857307821528,23.746122398330805,7.660391616178004,0.0623869581410519,11.264167201664735,31.292800307611408,0.5048384322744313,39.39823340809458,4.440213711813988,0.0091190304409109,7.461470727927946,1000000.0,1003612.4033114102,20.21778417542515,0.3901507308689299,12.985623607792087,3.488993928425672,0.008185485524256,8.50221779498722,1000000.0,648418.1270601872,0.08,1.197145150501672,False,0.2
m3,ok,,0.0638163792006631,0.8230506132401447,3.797164129793471,1.7678399999999992,0.4655684978505663,0.4655684978505663,6.181989950447954,1.077747892410584,0.0794994291266414,1.834608065651801,16.519371351855686,24.53596936795544,8.016598016099755,0.0638163792006631,11.403295834373967,31.29280031000309,0.5429928842385577,40.00000000273333,5.064537878973405,0.0095845948737955,7.328458165309604,1000000.0,964128.2531841624,20.71885915375354,0.404704660053149,12.479856867022784,3.8514641112640495,0.0076756625092926,8.824362221418301,1000000.0,638346.1143134467,0.119,1.3632,False,0.2
m4,ok,,0.0591187772268736,0.8567571809486388,3.6477759802836487,1.7678399999999932,0.4846350240681522,0.4846350240681522,5.5765613208753,0.7248040353400254,0.1062380609535818,1.8594648067932409,15.143455667283282,22.57948179495182,7.436026127668541,0.0591187772268736,11.230509756118796,31.292800307634263,0.4800358558267114,36.06301469098429,3.4488206100289585,0.0059407452889485,8.486299488771362,1000000.0,1003612.4035636432,20.132154361638584,0.3819521560986633,12.864442939322805,2.6195805745061107,0.0054709292894095,9.735854911851648,1000000.0,645671.8359867957,0.0627735503129439,1.0892,False,0.21
m5,ok,,0.0634422319365329,0.8567571625829626,3.647776058454576,1.7678399999942318,0.4846350136809655,0.4846350136809655,5.855287061356731,0.8763419970703954,0.1062380422424533,1.8434952452798208,16.40287722824307,24.101659534879623,7.698782306636552,0.0634422319365329,10.91067381993492,31.292800158351454,0.5123971057053169,38.64108858285778,3.605600999769148,0.0064280859608161,8.03527245007568,1000000.0,1003612.3772654608,19.728237881945844,0.4118072816305211,12.908397155782502,2.760886021876035,0.006096172296027,9.13557648615629,1000000.0,632717.5458816866,0.0820827672767276,1.2300418060200669,False,0.21
m665,ok,,0.0600752035202271,0.8567571809559255,3.6477759802526393,1.7678399999999967,0.4846350240722729,0.4846350240722729,5.786694132756814,0.836641107384069,0.1062380610021858,1.8384407776503728,15.439553724768077,23.064688635175266,7.625134910407187,0.0600752035202271,10.792052483328982,31.292800307718814,0.4903512688534939,37.61159325340388,2.9222432187710186,0.0065859941583655,8.20019018386585,1000000.0,1003612.4035748884,19.56740119947697,0.4146004770059331,13.379406224019762,2.306896224591988,0.0061900242065009,9.069712431259186,1000000.0,627559.2582450098,0.078065,1.134094481605351,False,0.21
m685,ok,,0.0626412372474621,0.8567571809806696,3.6477759801472063,1.7678399999999772,0.4846350240862751,0.4846350240862751,6.129243804970244,1.022697979648018,0.1062380611489376,1.82256549281005,16.19343594136944,24.14524523914973,7.951809297780294,0.0626412372474621,10.617920682044968,31.292800307930012,0.5133237142962263,38.34291444600968,3.053860331670294,0.0070991043713924,7.861629809891289,1000000.0,1003612.4036106584,19.419367413557524,0.4389796241791163,13.014929158038887,2.4932049656297317,0.0067705779230394,8.622827462907528,1000000.0,622811.5673489297,0.102085,1.2340745819397994,False,0.23
m6,ok,,0.0651944578807685,0.8222446911174125,3.800885915439305,1.7678399999753698,0.4651126182962645,0.4651126182962645,6.197256617707786,1.0871978160076743,0.0795141789624987,1.8251858615218703,16.92513773302125,24.947580212250905,8.022442479229657,0.0651944578807685,10.765560656103991,31.29279971987673,0.552643194147017,39.5195727795913,3.778947999772489,0.0071671310713565,7.764815602074499,1000000.0,963184.171235026,19.66112215941209,0.4501893801348927,12.85633200151215,3.0318172987224647,0.0068884039965949,8.74250213824952,1000000.0,605164.1854415238,0.1201,1.4052,False,0.2
m8,failed,airfoil 'm8' not found in the aerosandbox UIUC database,,,,,,,,,,,,,,,,,,,,,,,,,,,,,,,,,,,0.0
m9,ok,,0.0679651419059571,0.7529263362904536,4.150815444971206,1.7678399999999996,0.4259018555358255,0.4259018555358255,5.400391750133482,0.6401063384438831,0.0809951288160632,1.8718392732118383,17.675349573000442,24.94758059634576,7.272231023345321,0.0679651419059571,9.863325113711632,31.29280030832376,0.6035224175134558,39.81105956979218,1.03758856238369,0.0087987605026362,7.575388157690292,1000000.0,881984.0987510515,17.564408894266187,0.5584115839665085,11.999424615954233,0.6364496017052929,0.0088082108200908,7.8921432311083874,1000000.0,495050.9125443667,0.104,1.6266351170568565,False,0.2
ma409,failed,airfoil 'ma409' not found in the aerosandbox UIUC database,,,,,,,,,,,,,,,,,,,,,,,,,,,,,,,,,,,0.0
ma409sm,ok,,0.0669103459021028,0.8567571810509655,3.647775979847996,1.767839999999998,0.4846350241260332,0.4846350241260332,5.586154262180766,0.7197327897068752,0.1062380615913344,1.8656131844213055,17.378209905458785,24.829977352060855,7.451767446602071,0.0669103459021028,10.077416108958063,31.292800308250925,0.5278809998697965,38.51429485151211,0.7403441341557813,0.0042286445701061,8.447031195373446,1000000.0,1003612.403703284,18.005547618532677,0.4785145951787158,12.426151493496516,0.2600939982769575,0.004644136176218,8.91254663344351,1000000.0,577468.0037396614,0.0669285714285714,1.2974304347826089,False,0.2
marske1,ok,,0.0652384022199376,0.8035817338206113,3.889160410280892,1.76784,0.4545556915900824,0.4545556915900824,6.18461869443987,1.0492511140900274,0.0798885125419948,1.8478911795499056,16.91507072216494,24.947580596154715,8.032509873989776,0.0652384022199376,10.758245723765508,31.292800308131312,0.5654781630353899,39.59309441849506,4.600607508789999,0.0075909439001594,7.710320803568821,1000000.0,941322.247756798,19.40634788242944,0.4734127014510925,13.099717773256122,3.770510457734381,0.0078296207586948,8.39059718220603,1000000.0,583764.534639365,0.139952731514567,1.461059866220736,False,0.2
marske2,ok,,0.0659554854145652,0.7739454289269965,4.038086083062565,1.7678399999999976,0.4377915585839202,0.4377915585839202,5.978381199379308,0.9623939560594148,0.0805183618413789,1.8429030080781668,17.126296388751353,24.947580596208827,7.821284207457474,0.0659554854145652,10.951650959014394,31.292800308182784,0.5871317352686565,39.8980081607257,4.8221703559957305,0.0089303663478526,7.5036357618254,1000000.0,906606.0366206552,19.80869478029864,0.4593696783054916,12.382693140506502,3.7728311931733134,0.008365318714755,8.555119691047647,1000000.0,573891.8245900408,0.1205,1.5553,False,0.2
marske3,ok,,0.0658769770804953,0.7784541446615596,4.0146979588100455,1.7678399999999954,0.440341967973098,0.440341967973098,6.0009606745114406,0.9746192313173194,0.0804194457598016,1.8545950190205285,17.09202490267238,24.94758059620435,7.855555693531969,0.0658769770804953,10.981160011629848,31.292800308176684,0.5837311366449088,39.80606993195613,4.849285264507678,0.0085830706733506,7.561091940472579,1000000.0,911887.5832897684,19.736851619910265,0.462055813374524,12.464309259474348,3.795240044249114,0.0080684583484314,8.595906897227767,1000000.0,575141.5580639477,0.1206,1.5405,False,0.2
marske4,ok,,0.0666788251979357,0.7767419798070805,4.023547518799244,1.7678399999999976,0.4393734612900949,0.4393734612900949,5.770344271278725,0.852653167165972,0.0804568755802365,1.8248061601883747,17.352430164791876,24.947580596258973,7.595150431467101,0.0666788251979357,10.675389584733864,31.29280030823419,0.5850178495585311,39.910092870602746,4.478421914903305,0.0089265410201904,7.498187064813775,1000000.0,909881.9393083586,19.50049968345102,0.4586426521167948,12.031975803127043,3.493623415452831,0.0083730236299199,8.536549363773862,1000000.0,567004.3043348738,0.1018999999999999,1.5461,False,0.2
marske5,ok,,0.0658058212380135,0.753566382651383,4.147289923687872,1.76784,0.426263905472997,0.426263905472997,5.921572950800147,0.9337305704583916,0.0809802184865482,1.8382184637506944,17.087936603049172,24.847728017600016,7.7597914145508415,0.0658058212380135,10.950870302334708,31.2928003100348,0.6005962678243344,40.00000000293193,4.799411213731167,0.009701289399963,7.421574935391924,1000000.0,882733.8543671528,19.857759960316123,0.4657730283488338,12.294927170821856,3.701847891576121,0.008898255961936,8.499782361807625,1000000.0,560164.5367367916,0.1222,1.6139,False,0.2
marske7,ok,,0.0650562662878601,0.846131328574381,3.693585333692398,1.7678399999999992,0.4786243826219462,0.4786243826219462,6.237002098026766,1.11189742560274,0.0790613633236841,1.850697535173718,16.859880962937,24.947580596137485,8.087699633200483,0.0650562662878601,10.137114314893028,31.292800308117773,0.537041836585068,39.65881256920815,3.2730967563328632,0.0070594605394817,7.743619111797894,1000000.0,991165.192772465,18.25818666066989,0.5114206615281849,13.507647886699838,3.0698117567507848,0.0071290236094523,7.9477976652579345,1000000.0,578308.0747971267,0.1204739043117579,1.3373,False,0.2
mb253515sm,ok,,0.0580535870051883,0.8567571808825003,3.6477759805652,1.7678399999999828,0.484635024030743,0.484635024030743,6.706348862887265,1.3279598298733382,0.1062380605141342,1.8419603928832196,14.854604884493176,23.402914140263658,8.548309255770484,0.0580535870051883,10.93812803340704,31.292800307536982,0.4975418843141625,37.53860676428397,2.701678823378092,0.0061860114159425,8.240850706650344,1000000.0,1003612.403483054,19.79435981299901,0.4541986816823729,14.762292811681096,2.2988885723779395,0.0060822330256835,8.706417899799746,1000000.0,634838.2002280424,0.14958,1.165389297658863,False,0.2
mh102,ok,,0.0644250692694166,0.7768335117286709,4.02307343647602,1.7678399999999996,0.4394252374245808,0.4394252374245808,6.4185382056266524,1.173680709910352,0.0804548718947553,1.8541633444644892,16.67487904600533,24.947580596096472,8.272701550091142,0.0644250692694166,10.435449272850422,31.29280030807076,0.5849489186932557,39.63300384152196,2.396585284804132,0.008020920490034,7.676201939234009,1000000.0,909989.1605488708,18.76039185724912,0.5396869437525613,13.63688566124783,1.974582529752862,0.0080574025411952,8.01604577851542,1000000.0,545548.9144364946,0.169773648234242,1.5458,False,0.2
mh104,ok,,0.0640699232027414,0.8438951990025981,3.703372491387231,1.7678399999999928,0.4773594889823748,0.4773594889823748,6.520680377859662,1.226521919273598,0.0791027560242648,1.826210567954036,16.600689650257703,24.9475805960714,8.346890945813698,0.0640699232027414,10.968361571099052,31.292800308039723,0.5384648748183427,39.53873253725786,3.881733800181861,0.007183013871023,7.720337639111894,1000000.0,988545.7722105316,20.02025718094358,0.4401525647011037,13.323172988009324,3.173832190490981,0.0068373382880757,8.685191895447113,1000000.0,632443.8976368835,0.1525891750069398,1.3434933110367893,False,0.2
mh106,ok,,0.0633972869009485,0.8567571809966957,3.6477759800785607,1.7678399999998773,0.4846350240953679,0.4846350240953679,6.336434148333927,1.1062886689612823,0.1062380612976088,1.8151228020157768,16.418323118228717,24.56988006857842,8.151556950349704,0.0633972869009485,11.157634321590184,31.292800307978563,0.5223513769034183,39.33217223812909,4.366521829190808,0.0069477100708623,7.819037163659196,1000000.0,1003612.4036310454,20.49013673565065,0.4042028907096467,13.348551783412717,3.5162719852650217,0.0065869846553669,9.011191308327952,1000000.0,657152.929031794,0.1305309058379489,1.2733645484949834,False,0.2
mh108,ok,,0.0652617763130196,0.8553560488236255,3.653751288586653,1.7678399999970895,0.4838424567975798,0.4838424567975798,6.177895265781378,1.0327968159811145,0.0935099209452522,1.845564239801165,16.92412036924862,24.94757987483116,8.023459505582544,0.0652617763130196,11.136778115722766,31.29280001508304,0.5312500200062843,39.678475345159406,4.254195059873078,0.0073226455657625,7.667769766385112,1000000.0,1001971.0965106958,20.1144955664482,0.4135259421499023,12.762694984529483,3.425526606131524,0.0069209390997873,8.808228962171802,1000000.0,644050.4898494028,0.119580519991829,1.312092976588629,False,0.2
mh110,ok,,0.0581059828513471,0.8567571809171931,3.647775980417534,1.7678399999999934,0.4846350240503644,0.4846350240503644,5.949761692866161,0.9025505421627108,0.1062380607461846,1.8277429953204147,14.883891646597004,22.661396334783586,7.777504688186577,0.0581059828513471,10.977874558650411,31.29280030754206,0.4817773447170795,37.49443936035489,4.030081731997465,0.0073366629438054,8.072322309431144,1000000.0,1003612.40352385,20.020820919128404,0.4039476484747297,13.995414006803037,3.4735206031534767,0.0070980498453264,8.81254707891873,1000000.0,642101.1863973155,0.0999511617531982,1.0967792642140468,False,0.2
mh112,ok,,0.0680150193192713,0.6898743347807668,4.530184858367235,1.7678399999999996,0.3902357310507551,0.3902357310507551,5.386046702225872,0.6453059849229869,0.0789166345500124,1.8838590860987496,17.677674808026744,24.947580596351365,7.269905788324621,0.0680150193192713,8.249838718705206,31.292800308327124,0.658682168299496,39.61251317617141,-2.424541319683084,0.0084856178777372,7.7752122040826706,1000000.0,808124.4659483376,14.597409433967892,0.8820912894380295,13.783481729046144,-0.3925323190577287,0.0080284705715227,6.412912769870757,1000000.0,376972.45330630994,0.0999511617531982,1.8667,False,0.2
mh113,ok,,0.0663941711939989,0.6879305533287644,4.542985117432961,1.7678399999999996,0.3891362076481834,0.3891362076481834,5.852212496856177,0.890978150536263,0.0786778364723716,1.8786783376283367,17.216689761759234,24.947580596243743,7.730890834484514,0.0663941711939989,8.593822806840839,31.292800308214808,0.6605433070098088,39.37034543088151,-2.0890827369434457,0.0079095867513302,7.886612994239866,1000000.0,805847.5043763228,15.247994001445663,0.8621162582619757,14.427041896345807,-0.2759604994850149,0.0074371215308201,6.601224209873969,1000000.0,392664.056645147,0.1465760955526004,1.8748,False,0.2
mh114,ok,,0.066813147957567,0.6947699823895329,4.498263230733214,1.7678399999999996,0.3930050131174388,0.3930050131174388,5.731712227352815,0.8304178209254783,0.0795186085788113,1.8817395189639017,17.334128849955484,24.9475805962722,7.613451746316716,0.066813147957567,8.591175958629835,31.292800308244367,0.6540408109251892,39.25007261299896,-2.024751944502015,0.0073435158748708,7.980575466361702,1000000.0,813859.2677931951,15.218500173286811,0.8439236619775311,14.132026048264605,-0.3225754327879515,0.006898645921389,6.708860189469676,1000000.0,395800.8642863033,0.1305617088251963,1.8465,False,0.2
mh115,ok,,0.0671618188703056,0.7224074937992004,4.326170883366683,1.7678399999999996,0.4086385045022177,0.4086385045022177,5.631432348832924,0.7766554729499554,0.0817366904302809,1.8802356424393851,17.435912605022878,24.947580596295182,7.511667991272309,0.0671618188703056,8.939757060201641,31.29280030826868,0.6290188385207266,39.11662387008796,-1.0526081059485055,0.0065664750705782,8.082317956858809,1000000.0,846234.0758161241,15.848646588792018,0.7383734930109005,13.374057238908424,-0.0694359022334522,0.0063550369675118,7.24941439637438,1000000.0,428586.27757449175,0.110776161546304,1.7376,False,0.2
mh116,ok,,0.0664364208112352,0.818941429933391,3.8162170716570754,1.767839999999735,0.4632440887939597,0.4632440887939597,5.840061249620587,0.8836445719104733,0.079580005469925,1.891311394766635,17.216207951924805,24.947580596312022,7.731372644387221,0.0664364208112352,9.92099839669856,31.292800308201784,0.5548723096428196,39.17797096355541,0.3179895220921296,0.0052889996480961,8.202620640917672,1000000.0,959314.7220292686,17.485219381202064,0.5507669992467814,13.110640801237578,0.2755403881017709,0.005307487557965,8.239909877618155,1000000.0,536028.3581237135,0.0984882445092612,1.414901337792642,False,0.2
mh117,ok,,0.066658513957737,0.8092750352415751,3.861799919068409,1.7678399999999996,0.4577761761480537,0.4577761761480537,5.7761859076895625,0.8459030497755485,0.0797727964236612,1.8607267450219651,17.31066794354432,24.947580596255847,7.636912652711528,0.066658513957737,10.397614718402291,31.292800308233502,0.5614999881380285,38.86015507495368,2.0535135426871194,0.0051761845429684,8.245015323966898,1000000.0,947991.427838513,18.626440352260587,0.4851413204150181,12.40342426823961,1.4355292264923387,0.0050885593788186,9.104181085770229,1000000.0,564273.7502288172,0.0979220997563814,1.4437461538461538,False,0.2
mh120,ok,,0.0541995611373774,0.8567571808188621,3.6477759808361694,1.7678399999999874,0.4846350239947439,0.4846350239947439,6.265603387508202,1.0920779852104618,0.1062380600665868,1.8240804108476372,13.764043548927244,21.853727347283083,8.08968379835584,0.0541995611373774,10.44613955847297,31.292800307153957,0.4646064425806792,34.68212875272534,0.0457896648998767,0.004801540347457,9.028282863772372,1000000.0,1003612.4033962204,19.089325770857368,0.4621669999126876,14.402021982709796,0.0234193933280146,0.0048012451820888,9.058150524149823,1000000.0,612226.5801735786,0.1155999112061851,1.0220484949832775,False,0.2
mh121,ok,,0.0514487596751344,0.8567571807562522,3.647775981101853,1.7678399999997725,0.4846350239593869,0.4846350239593869,5.863054596828104,0.8757691604942186,0.1062380596006605,1.828688601022454,12.968288100834345,20.660031298684903,7.691743197850558,0.0514487596751344,10.49196215357628,31.2928003068428,0.4392286722371096,33.4771638074814,-0.4228376354312492,0.0051232531566444,9.21650025130696,1000000.0,1003612.4033130216,19.12474718715555,0.4378062279010402,14.17143998603745,-0.4355580473336177,0.0051239532372002,9.233250932159924,1000000.0,613362.6041469357,0.0875192789425093,0.9116,False,0.2
mh122,ok,,0.0662882582455972,0.8499157712783465,3.677138807413047,1.7678399999999996,0.4807650982432497,0.4807650982432497,5.882673706002296,0.9095119027683082,0.0789918056800484,1.870100025280517,17.194806864944457,24.947580596227272,7.752773731282813,0.0662882582455972,9.936512011111668,31.29280030820728,0.5346505360234929,38.9936895111383,-0.1526597608752988,0.0053181173916445,8.147155841364755,1000000.0,995598.3200636402,17.711195260123723,0.5186707948498537,12.940124226837694,-0.2956425542368804,0.0053248211946908,8.312066521144239,1000000.0,563491.7959922416,0.0931516303977727,1.326892642140468,False,0.2
mh126,ok,,0.0630024266350491,0.7784444886561614,4.014747758051664,1.7678399999999994,0.4403365059372803,0.4403365059372803,6.518064897982386,1.2297505637637771,0.0804196601031975,1.8653751994699863,16.25450650198835,24.637946599440724,8.383440097452372,0.0630024266350491,9.26370515098202,31.29280030949685,0.5764933763127992,40.00000000252338,-1.4647219399143774,0.0098919459776786,7.358916952806615,1000000.0,911876.2722041488,16.55378348479909,0.7009812389938829,15.325411641032924,0.2003253787894202,0.0099958215438517,6.577871768955422,1000000.0,482379.4043900925,0.1785128698710648,1.509,False,0.2
mh18,ok,,0.059467807684316,0.8567571809305833,3.647775980360525,1.767839999999994,0.4846350240579386,0.4846350240579386,6.196055105238056,1.053167695651408,0.1062380608352069,1.837179759293137,15.266124000573347,23.29935886510454,8.033234864531194,0.059467807684316,10.772542514244035,31.29280030766541,0.4953403171430688,37.42157897814216,1.9965002485540035,0.0057886990014996,8.373379005623583,1000000.0,1003612.403543491,19.545433627733885,0.4377724321123131,13.986100459423731,1.6391548481853768,0.0057177425102389,9.00801526989152,1000000.0,626854.7214876352,0.1114018107165843,1.1558076923076923,False,0.2
mh200,ok,,0.0649309186069042,0.8233743096112027,3.795671335769202,1.7678399999999996,0.4657516006036761,0.4657516006036761,6.273052854657551,1.1264177112361622,0.0794931176946987,1.8567138130109844,16.81781392846168,24.94758059613021,8.129766667668536,0.0649309186069042,10.374284650510594,31.2928003081086,0.5518849900775477,39.0783045356828,1.8404736030971995,0.0058489931316456,8.061601361434636,1000000.0,964507.433715359,18.6248136857216,0.5076953816899934,13.36858023056996,1.4490394682956866,0.0058216530556679,8.507238754963666,1000000.0,574054.4494123544,0.1295061443155314,1.4019,False,0.2
mh201,ok,,0.0657405857523683,0.7645800488987217,4.087548805519472,1.7678399999999967,0.4324939185100026,0.4324939185100026,6.040187651343826,1.0013723633483376,0.0807275447839401,1.8692950025954365,17.038097942256638,24.9475805961959,7.909482653939262,0.0657405857523683,9.78608303771943,31.292800308167724,0.5943235418500065,39.078226505760725,1.1259191892622689,0.005969834411799,8.13418652463098,1000000.0,895635.353479616,17.450577221415685,0.6059151903336382,13.431576434243189,1.233692105478371,0.0060037586549346,8.021078072812964,1000000.0,499455.2658825666,0.1306880236888251,1.5866,False,0.2
mh20,ok,,0.0535477165336292,0.856757180535836,3.6477759820012743,1.7678399999903138,0.4846350238372988,0.4846350238372988,5.879744752732285,0.8765410970250078,0.1062380583754904,1.8414845625138725,13.559164918384308,21.280394233630467,7.721229315246157,0.0535477165336292,10.08129189949523,31.29280030692293,0.4524174804529581,34.44856532318974,2.3845138876460914,0.0051714404444583,9.042285751340923,1000000.0,1003612.403062764,18.2484865828994,0.4827044590111524,14.184006948831492,2.677326570732508,0.0052180912567725,8.678789133745338,1000000.0,585259.4619878286,0.0899976239641501,0.969,False,0.2
mh22,ok,,0.0436464957052593,0.8567571797983753,3.6477759851418536,1.7678399999904897,0.484635023420097,0.484635023420097,5.616935289728285,0.7316320367358414,0.1062380515439293,1.776944403807006,10.776053650396967,18.169933343932257,7.393879693535291,0.0436464957052593,11.558283906912804,31.292800305643294,0.3862896232544394,29.208693562670145,1.9824679864528532,0.0047875236468449,10.03066982887986,1000000.0,1003612.4021577564,21.68194623337645,0.327434486534002,14.291340208684792,1.4120461620742923,0.0046782761188454,10.861358442365006,1000000.0,695376.250453688,0.0719334266831357,0.6812,False,0.2
mh23,ok,,0.053135212822405,0.8567571808186636,3.647775980835156,1.7678399999995371,0.4846350239947551,0.4846350239947551,5.838429132330368,0.8699029226352147,0.1062380600919473,1.8046778703869213,13.477333030192757,21.120440032910043,7.643107002717289,0.053135212822405,10.80587422584264,31.292800307026734,0.4490168818149309,34.37844967909446,2.281007753315433,0.0057784384647135,8.864549065381837,1000000.0,1003612.4033921636,19.959008388065527,0.3994299105924908,13.8978950190331,1.898531597361769,0.0053395803439715,9.59774785196647,1000000.0,640118.7551493385,0.079840800837759,0.9542,False,0.21
mh24,ok,,0.0551137934622807,0.8567571808545802,3.647775980684143,1.7678399999999994,0.484635024014945,0.484635024014945,5.9937545617252574,0.9584816426204028,0.1062380603194493,1.8377583095142704,14.013304436238275,21.844817307477804,7.831512871239528,0.0551137934622807,10.27017306008652,31.29280030725014,0.4644170166618442,35.93280406573243,2.8881844255985967,0.0064180166462115,8.496462162000324,1000000.0,1003612.403441139,18.6280807563518,0.4698486753313229,14.366813361434453,2.9328370005986333,0.0064710182864269,8.427765507141856,1000000.0,597433.6817356158,0.089983628675868,1.0212240802675585,False,0.2
mh25,ok,,0.0577703923772864,0.8567571808913805,3.647775980526932,1.7678399999998715,0.4846350240357966,0.4846350240357966,6.144752676246108,1.044731908554711,0.106238060526372,1.8009181090158803,14.81419866820952,22.75986945347151,7.945670785261987,0.0577703923772864,10.665036936735316,31.29280030750428,0.4838708661093097,37.29131430343499,3.0540080119581567,0.0067349462040723,8.219143328668816,1000000.0,1003612.4034924704,19.73999980591987,0.4245069877540099,13.960620631391915,2.384170287528579,0.0060390064991722,9.027734486970443,1000000.0,633094.7839592745,0.0997640616934019,1.105890635451505,False,0.2
mh26,ok,,0.05857752272134,0.8567571808145582,3.6477759808483903,1.7678399999985086,0.4846350239927148,0.4846350239927148,6.29895498996546,1.1327873667045432,0.1062380598234621,1.815514698194109,15.03173768288642,23.14620737104599,8.11446968815957,0.05857752272134,10.54341855961722,31.29280030755067,0.4920843430861989,37.74652112445783,2.6301436860276475,0.0067062586582191,8.151377712892435,1000000.0,1003612.403404742,19.35799724839233,0.4508041023105685,14.156064130161765,2.133580968965624,0.0061602895079948,8.714785814181015,1000000.0,620843.3234680382,0.1097894684761408,1.1416371237458194,False,0.2
mh27,ok,,0.0595402044553822,0.8567571809196134,3.647775980407246,1.7678399999999974,0.4846350240517324,0.4846350240517324,6.452763951438387,1.2210573907084592,0.1062380607636148,1.8368745922075127,15.2872509200453,23.576889463691195,8.2896385436459,0.0595402044553822,10.852045463635054,31.292800307672078,0.5012405694058587,38.3239506332811,2.3977659451033984,0.0071092648836686,7.964046700587061,1000000.0,1003612.4035308526,19.692952927892083,0.4450025228356097,14.229721536960742,1.8138864009933489,0.0066572069470141,8.604953103125455,1000000.0,631585.9119752905,0.1198120085164083,1.1814866220735785,False,0.21
mh30,ok,,0.0581372334051534,0.8567571809272911,3.6477759803744263,1.767839999999966,0.484635024056084,0.484635024056084,5.741055190446441,0.8033618731189336,0.1062380608159724,1.8414531570688788,14.879169334496556,22.46167768201188,7.58250834751532,0.0581372334051534,10.686637481057971,31.2928003075437,0.477531360889342,35.46297395308328,2.3053366812494485,0.0050988658459019,8.77537981024526,1000000.0,1003612.4035357472,19.34457295322201,0.4218355385332072,13.028069601339851,1.772597519401511,0.0046746606852592,9.618779064457591,1000000.0,620412.783967932,0.0783824999401046,1.0783,False,0.2
mh32,ok,,0.0651745780834674,0.8567571206678036,3.6477762367974575,1.7678399999657848,0.4846349899789491,0.4846349899789491,5.849735930252415,0.8608370237894262,0.106237837007024,1.856294163107376,16.888311767066686,24.594341860426475,7.706030093359791,0.0651745780834674,10.51075526140824,31.29279990927821,0.5228714804735486,38.58722454978879,2.0764481035244766,0.005080080892507,8.276526617286217,1000000.0,1003612.320193654,18.8740834118187,0.4503472922306173,12.608387170087592,1.408704887648948,0.0046992935774993,9.2422859958139,1000000.0,605323.3555124482,0.0869549618377631,1.275628093645485,False,0.2
mh33,ok,,0.0552816553377679,0.8567571808745549,3.6477759805990937,1.7678399999999983,0.4846350240262442,0.4846350240262442,5.684750238327736,0.7759065523374169,0.1062380604582109,1.8425636786506,14.056777165075886,21.584091082054226,7.527313916978335,0.0552816553377679,9.988282526218576,31.292800307267317,0.4588740224441734,35.49824218077209,2.6748693271705437,0.0059424748581914,8.70455339754212,1000000.0,1003612.4034650888,18.06953836829036,0.4799483208879582,13.994992382989649,2.8807855434572183,0.0061720762974179,8.418322304199036,1000000.0,579520.2939090425,0.0726772819840604,0.9971,False,0.2
mh38,ok,,0.0663262985305245,0.8462652581529069,3.6930007884541,1.7678399999999994,0.4787001415020065,0.4787001415020065,5.8717330883265,0.8922361307718121,0.0790588910958569,1.8504572673829625,17.225390240521552,24.947580596231013,7.722190355709462,0.0663262985305245,10.044315128119033,31.292800308209987,0.5369568445720985,39.03989578899876,0.9266929706280472,0.0050437828307136,8.221320479140616,1000000.0,991322.0789844586,18.09339292358506,0.4971646935667617,12.892390905120052,0.5686993462114871,0.0052862816227084,8.584253709915394,1000000.0,573179.1246622707,0.0968505800408893,1.336930100334448,False,0.2
mh42,ok,,0.0640296418862419,0.8567571810139216,3.647775980004768,1.7678399999997685,0.4846350241051418,0.4846350241051418,5.850076560672214,0.8566327226822334,0.1062380613867928,1.8254210225039147,16.58989404370113,24.265391626877257,7.675497583176129,0.0640296418862419,10.66713225305662,31.29280030802821,0.5158780055794833,38.29002721697105,2.948903851035386,0.0054193005036084,8.261319262860972,1000000.0,1003612.403652878,19.4788528628948,0.4211418006792801,12.636882272710714,2.028053056670607,0.0050146856873231,9.480464914226625,1000000.0,624719.3651478746,0.0893488267195358,1.245191304347826,False,0.21
mh43,ok,,0.0592734089405572,0.8567571809438917,3.647775980303879,1.767839999999998,0.4846350240654656,0.4846350240654656,5.784573188024954,0.8209491401484162,0.1062380609244216,1.8383892531242332,15.209004243795528,22.831966684944717,7.622962441149188,0.0592734089405572,10.761937139980583,31.292800307648463,0.4854036406768022,36.59456796927044,2.8902962614204206,0.0052035226455557,8.65301865910533,1000000.0,1003612.4035585352,19.51334503232709,0.4167819451201571,13.36439132022512,2.2350964547104475,0.0049206847480894,9.575548324163284,1000000.0,625825.5866150205,0.0849339610183762,1.1125615384615384,False,0.2
mh44,ok,,0.0662281311308858,0.852627671540144,3.665443158740713,1.767839999999956,0.4822991173070896,0.4822991173070896,5.8999666305845855,0.9061125445711088,0.0789423395650208,1.855708652833888,17.191905312919165,24.94758059633764,7.755675283418474,0.0662281311308858,10.670635397985826,31.292800308198988,0.5329500060326845,39.31897508678083,3.261609523583336,0.0061146842421135,7.949443336553061,1000000.0,998775.0623195946,19.16722466408452,0.4416193004671079,12.43013798905164,2.454536134971133,0.0056879430839847,9.010393244223993,1000000.0,611761.9970031527,0.0965467950443306,1.3194916387959863,False,0.2
mh45,ok,,0.0666246195679763,0.8259011136818565,3.784058664926165,1.7678399999999996,0.4671809177764145,0.4671809177764145,5.785934140660747,0.841639824524897,0.079444004011222,1.8539238946137244,17.307722560978974,24.947580596253445,7.639858035274472,0.0666246195679763,10.823181401234995,31.29280030823111,0.5501965249360522,39.25526618912035,3.8482069309157407,0.0062246773987085,7.969682134620815,1000000.0,967467.3527756918,19.45995272096479,0.4356924087582376,12.09023413309914,2.781330250290403,0.0055800359188647,9.340671187718216,1000000.0,601635.7998852469,0.0984405569873163,1.3945515050167223,False,0.22
mh46,ok,,0.0658170520779858,0.8567571411725847,3.6477761495719694,1.7678399999843937,0.4846350015726243,0.4846350015726243,5.86790723540456,0.8650442607965756,0.1062380630505634,1.8514956277170231,17.077889716763305,24.79729257988489,7.719402863121583,0.0658170520779858,10.947407204584769,31.29279994686136,0.5271861640133858,39.00148934275248,4.244404294593822,0.0056817595046037,8.07859624546306,1000000.0,1003612.3454079132,19.7091242357463,0.4137115417540554,12.38745542478144,3.227657678696772,0.0052635064972905,9.46344119728754,1000000.0,632104.5235249789,0.0909822142676258,1.2944063545150502,False,0.21
mh49,ok,,0.0600797688414339,0.8567571809670804,3.64777598020269,1.767839999999402,0.484635024078746,0.484635024078746,5.968228528482893,0.9074285884522556,0.1062380611135956,1.82900928781807,15.450298228804176,23.24753604510514,7.797237816300963,0.0600797688414339,11.162382619433943,31.292800307694577,0.4942385729811664,37.81527968919599,4.838952475381515,0.006471300566282,8.194921575017634,1000000.0,1003612.4035875158,20.34322204518016,0.3922381809833778,13.45710158184032,3.924873660080877,0.0056332453181596,9.543430794829822,1000000.0,652441.1293564399,0.104864312049168,1.1510127090301003,False,0.2
mh60,ok,,0.0660975120387454,0.8548548756917719,3.655893362097663,1.7678399999995391,0.4835589621753069,0.4835589621753069,5.937532908481514,0.9116909724717082,0.0892301602952048,1.8286168098592543,17.181430421831443,24.947580140172214,7.766149718340769,0.0660975120387454,10.596321599716823,31.29280012292753,0.5315614763046863,39.21196652372905,3.5411903710042227,0.0060463504632855,7.961922544908793,1000000.0,1001384.0216400078,19.315731873740503,0.4343075159865722,12.333530991797677,2.6316742874594325,0.005512045937614,9.139555046609027,1000000.0,618112.3194045699,0.1007597713440172,1.3134484949832774,False,0.2
mh61,ok,,0.0577610976712218,0.8567571809089869,3.647775980452415,1.7678399999999792,0.4846350240457264,0.4846350240457264,5.999743321401793,0.9336987083009232,0.1062380606857839,1.897682839934009,14.714760723202607,22.61218688453841,7.897426161335802,0.0577610976712218,11.296154660350638,31.29280030750894,0.4807311603691938,36.245830809972,3.3562030028836007,0.0054720650074069,8.621718502578664,1000000.0,1003612.4035131832,19.84201367871612,0.4176020765811871,13.855714249572802,2.800301546776512,0.0052186169421686,9.43643755800335,1000000.0,636366.5393620685,0.10234123333996,1.0922260869565217,False,0.2
mh62,ok,,0.0642759260897154,0.8567571625593278,3.6477760585355097,1.7678399999894594,0.4846350136689045,0.4846350136689045,5.86681083682562,0.8604056937231743,0.1062380362033304,1.8436306377799925,16.64251735084609,24.3529588254517,7.710441474605612,0.0642759260897154,10.911640555546803,31.292800163850316,0.5177396849120036,38.69261573400309,3.5199909897249926,0.0059740161751643,8.098849061383907,1000000.0,1003612.3774168416,19.728536963864688,0.4124184249510746,12.615812784290512,2.534448208939807,0.0053495486928367,9.441435775753911,1000000.0,632727.1379227086,0.0928712102388929,1.25329364548495,False,0.2
mh64,ok,,0.061660549475186,0.8567571809807033,3.647775980147149,1.767839999999998,0.4846350240862885,0.4846350240862885,5.773380042516591,0.8106462337221205,0.1062380611615694,1.8449915502261671,15.888958106475286,23.507329699218047,7.618371592742758,0.061660549475186,10.818743101484229,31.29280030785284,0.4997617408698787,37.794177035185264,3.4510526744378858,0.0059079662932344,8.295038298141742,1000000.0,1003612.403608211,19.546147515161643,0.4151340653345539,13.013986585666578,2.660070830549784,0.0053453480380113,9.41152067751012,1000000.0,626877.617087189,0.0858248010801085,1.1750505016722408,False,0.2
mh70,ok,,0.0666314919891226,0.771138873422343,4.052782674189393,1.7678399999999996,0.4362039966412928,0.4362039966412928,5.783957590476589,0.8508050714407881,0.0805805210597594,1.8608383768342824,17.302784628945624,24.947580596256493,7.644795967310872,0.0666314919891226,10.390695383288012,31.2928003082316,0.5892685978492237,38.97583942766526,2.311318764879916,0.0057805363584968,8.165413429821692,1000000.0,903318.414436404,18.612928295551377,0.5103994690791412,12.361096338464517,1.681421324648802,0.0054800201045102,9.045157924961142,1000000.0,537292.9463117807,0.1107427741486948,1.5646,False,0.2
mh78,ok,,0.0656468015872489,0.7692192743882313,4.0628964583415454,1.7678399999999996,0.43511815231482,0.43511815231482,6.06716054853943,0.9868762104547136,0.0806232952051763,1.8464746481670755,17.033945399480587,24.94758059618709,7.9136351967065055,0.0656468015872489,11.062628707454628,31.29280030816115,0.5907391270854357,39.934106749892536,5.115099465254962,0.009062982506209,7.488844495826017,1000000.0,901069.7803483364,19.97072045449071,0.4600920416098213,12.53799318727478,4.136941860834082,0.0085094621665269,8.540230803624622,1000000.0,575052.8081896487,0.14447753908181,1.571,False,0.2
mh80,ok,,0.0664990337517967,0.753538866350414,4.1474413665434975,1.7678399999999996,0.4262483405457588,0.4262483405457588,5.822053386435154,0.8602648707200815,0.0809808589768866,1.857985503793386,17.2675417060203,24.94758059624884,7.6800388902285395,0.0664990337517967,10.770320399412288,31.292800308222244,0.6030318315093196,39.524712838566494,3.987026644313607,0.0077738883889605,7.774170102438125,1000000.0,882701.6214949071,19.32257701943474,0.4868935136551275,12.29086594553779,3.185985415509192,0.0074212786343446,8.808635400749639,1000000.0,545047.7393687824,0.1270252873865193,1.6245,False,0.2
mh81,ok,,0.0666771909902168,0.7343716133729146,4.255690455198723,1.7678399999999996,0.4154061529170709,0.4154061529170709,5.770814279377937,0.8330429329957357,0.0814386649362361,1.8656545271725131,17.311111789712022,24.947580596262476,7.63646880655045,0.0666771909902168,10.427541011755537,31.292800308234817,0.6187710886611855,39.403773021735326,3.415523514597776,0.0075161346294818,7.865211550834537,1000000.0,860248.9438188047,18.630710848628127,0.5343479763043668,12.370685572747226,2.838559337303594,0.0072687323474307,8.619047667206921,1000000.0,512164.1135423829,0.1298316584350984,1.693,False,0.2
mh82,ok,,0.0668327431877384,0.7162071324684635,4.363623488122149,1.7678399999999996,0.4051311953957731,0.4051311953957731,5.726076519787146,0.8092357874600369,0.0818943701013353,1.8604530339531036,17.3610510425341,24.94758059627435,7.586529553740249,0.0668327431877384,10.450649072188886,31.29280030824574,0.6344643917778039,39.32770856196133,2.9896997476086,0.0074144529620983,7.922628556994983,1000000.0,838970.921590948,18.724201187319192,0.5388950971542444,12.247932543434054,2.325455087113846,0.0071160402321175,8.789963809188547,1000000.0,502002.3830222738,0.1330237509616866,1.7613,False,0.2
mh83,ok,,0.0675527021220888,0.6738892408895423,4.637643808461192,1.7678399999999996,0.3811935700569862,0.3811935700569862,5.519011944458225,0.6969046948054367,0.0769548732908608,1.88179164141177,17.546777010452452,24.94758059632245,7.400803585869996,0.0675527021220888,9.800240686435377,31.292800308295643,0.6743065404756001,39.234019208521936,1.858226308556964,0.0074412851750621,8.005165563680261,1000000.0,789399.3955793511,17.359769400546696,0.6499931359682657,12.385105979500215,1.641198715838568,0.0075774808725083,8.166225803806906,1000000.0,437921.54544109735,0.1329110578473696,1.9347,False,0.2
mh84,ok,,0.0672851415327078,0.688385518150415,4.53998258707865,1.7678399999999994,0.3893935639822695,0.3893935639822695,5.595963999876443,0.7354538131749822,0.0787337145455013,1.870612156550003,17.48100443987818,24.947580596304626,7.466576156426446,0.0672851415327078,9.831429399507671,31.292800308277226,0.6601067435426148,39.50044402182351,1.6784926486616836,0.0083439075237616,7.804640919058585,1000000.0,806380.4539094388,17.519094600632275,0.6303369647663446,12.427101415928504,1.4229344085233555,0.0083542212199709,8.018135701134431,1000000.0,451447.46769126697,0.1371450530503745,1.8729,False,0.2
mh91,ok,,0.0644454219920222,0.8155310326406024,3.832175773226858,1.7678399999999996,0.4613149564669894,0.4613149564669894,6.4126846386182175,1.1782117340732596,0.0796475065510622,1.842756985764124,16.692138971712108,24.947580596094447,8.25544162438234,0.0644454219920222,11.135705896540776,31.292800308072287,0.5571926812140613,39.75126425891378,4.88632134266302,0.0080160133234303,7.597556079733187,1000000.0,955319.7546058212,20.143198447702005,0.4449889981807067,13.118006506711808,3.8712456584501775,0.0075447177076791,8.617184886330424,1000000.0,614940.0248168606,0.1496584176212845,1.425,False,0.2
mh92,ok,,0.0641291671833346,0.8212203114752485,3.805627091694435,1.7678399999999854,0.4645331656005381,0.4645331656005381,6.503641448146263,1.2265530050814373,0.0795352228571791,1.8254025771090083,16.61853657082609,24.94758059608137,8.329044025255271,0.0641291671833346,11.149345497714592,31.29280030804204,0.5533325422437857,39.79497525374634,4.976321317700413,0.0081006635439718,7.568420684826464,1000000.0,961984.2225928304,20.35961023526188,0.4364182190394062,13.221629627256435,3.928794641666987,0.0076375521194641,8.611891212003265,1000000.0,625882.7472026548,0.1547060741727275,1.4082,False,0.2
mh93,ok,,0.0638049186188821,0.8270586960904739,3.778762354319428,1.7678399999997725,0.4678357182157777,0.4678357182157777,6.596897310592657,1.2764011051038224,0.0794215935473034,1.8380794923581112,16.512603793246917,24.947580596197685,8.434976802950768,0.0638049186188821,11.165180428019395,31.292800307899057,0.5494264492278553,39.88345359175963,5.085311356802582,0.0082371131865724,7.52825993271557,1000000.0,968823.3543133388,20.24790997784931,0.4437041344481555,13.43248947081472,4.137821829545908,0.0077677927323366,8.469451779253571,1000000.0,626874.1649695946,0.1597011816205216,1.3912,False,0.26
mh94,ok,,0.0636158851328646,0.820675081164254,3.808155428775829,1.7678399999990662,0.4642247495048689,0.4642247495048689,6.651264170453617,1.3202903887375332,0.0795455917564568,1.83115512606584,16.4651611254691,24.947580421988555,8.482419296519456,0.0636158851328646,10.740135796242344,31.29280005464212,0.5537001637739066,39.85054569617368,3.1670020843825664,0.0083287944294875,7.522612241488764,1000000.0,961345.5275410092,19.5507481286181,0.4823119749237254,13.587106975181648,2.4250007778150446,0.0077408169493566,8.217802404396894,1000000.0,600618.1690583365,0.1601657975895402,1.4098,False,0.2
mh95,ok,,0.0632435690312006,0.8344216751518272,3.745418364191003,1.7678399999979275,0.4720006760525869,0.4720006760525869,6.75834452023009,1.3874167678328049,0.07928043191725,1.8262617426714896,16.362974143262456,24.94758040616404,8.58460626290158,0.0632435690312006,10.826024891313343,31.292800030207516,0.5445782879112254,39.80855285528788,3.4592133154099307,0.0080751952101753,7.5468789828051825,1000000.0,977448.399830346,19.75990012522673,0.4699716168288003,13.71813607778662,2.637483395911173,0.007478912884296,8.292880009746133,1000000.0,617211.7145019267,0.1584390857063215,1.3701,False,0.2
mi-strut1,ok,,0.0450694201883579,0.8567571796431827,3.647775985839045,1.7678399999993186,0.48463502332989,0.48463502332989,9.229244926775095,2.680253332755906,0.1062380501562157,1.7295125082353415,11.232727295482206,22.191484730492647,10.95875743501044,0.0450694201883579,11.512933703666755,31.29280030592312,0.4717871064888882,39.83918256288482,6.132193489330949,0.0134801001578277,6.728070212689403,1000000.0,1003612.4019799246,22.18916920008025,0.4633698753189621,20.693784033903743,6.034113440383778,0.0133914439411971,6.772580747741746,1000000.0,711643.7385316505,0.3295513535911602,1.0533,False,0.2
mi-vawt1,ok,,0.0615728822423123,0.7483042619224226,4.176453916714424,1.7678399999999994,0.4232873234695576,0.4232873234695576,6.838046567699257,1.413247331009806,0.0811035601810814,1.840772484704082,15.867963540737172,24.546782593140517,8.67881905240334,0.0615728822423123,11.050816652653587,31.292800309671076,0.597494370541512,40.0000000022876,4.152158964629292,0.0105153480208749,7.331687883822226,1000000.0,876569.7628845222,20.01119411276237,0.5165861085065439,14.293588571312078,3.5100693365750515,0.0100715515889968,7.906038498650683,1000000.0,560550.909630134,0.2099847631000045,1.6004,False,0.2
miley,ok,,0.0654808972941477,0.8192251107945552,3.814895593921496,1.7678399999999994,0.4634045562916075,0.4634045562916075,6.048806640919064,0.976529932755984,0.0795744210085118,1.8341904556413533,16.998514505658104,24.88151160221852,7.882997096560417,0.0654808972941477,10.576797529057616,31.292800309800302,0.5532112021564191,40.00000000287484,1.6747162517250993,0.0088467601978103,7.431665491973449,1000000.0,959647.0281705308,19.221554476575644,0.4645339024341936,12.81568336509464,1.238097358022774,0.0088012236548392,8.062808474237109,1000000.0,589461.7115645887,0.1285567808619881,1.4076719063545151,False,0.2
mrc-16,ok,,0.0648583534711718,0.7959041992276565,3.926676437481724,1.7678399999999996,0.4502128016266499,0.4502128016266499,6.293923029742972,1.1369334220917815,0.0800471795320569,1.858322654280552,16.79533491210197,24.947580596125498,8.152245684023525,0.0648583534711718,10.338290032657357,31.292800308103207,0.570932937822056,39.10129739866585,2.246496843173164,0.0061239930176187,8.044987834750911,1000000.0,932328.72063096,18.544124561009596,0.5312636632543348,13.402638577691896,1.9049503431867445,0.0059799634705984,8.459193705845133,1000000.0,552498.3305092779,0.1390057258749029,1.4848,False,0.2
mrc-20,ok,,0.0641464935114123,0.798668438460239,3.913085975481742,1.7678399999996224,0.4517764268601285,0.4517764268601285,6.498658117580702,1.2560314071174434,0.0799893097780163,1.8509179449757245,16.5980044401034,24.947580502659825,8.349576062556427,0.0641464935114123,10.094417991593438,31.29280017295899,0.5689569075461854,39.43984519248689,1.750623845227213,0.0063277445755218,7.99413350247114,1000000.0,935566.7691474704,18.179120291807124,0.5642330135334817,14.136484833278486,1.7020961215250965,0.0063157764546573,8.039773548788997,1000000.0,543504.5998870411,0.1558385881364011,1.4762,False,0.2
mrc12,failed,airfoil 'mrc12' not found in the aerosandbox UIUC database,,,,,,,,,,,,,,,,,,,,,,,,,,,,,,,,,,,0.0
mrc15,failed,airfoil 'mrc15' not found in the aerosandbox UIUC database,,,,,,,,,,,,,,,,,,,,,,,,,,,,,,,,,,,0.0
mrc16-85,failed,airfoil 'mrc16-85' not found in the aerosandbox UIUC database,,,,,,,,,,,,,,,,,,,,,,,,,,,,,,,,,,,0.0
mrc16-95,failed,airfoil 'mrc16-95' not found in the aerosandbox UIUC database,,,,,,,,,,,,,,,,,,,,,,,,,,,,,,,,,,,0.0
mrc20-700,failed,airfoil 'mrc20-700' not found in the aerosandbox UIUC database,,,,,,,,,,,,,,,,,,,,,,,,,,,,,,,,,,,0.0
mrc20-846,failed,airfoil 'mrc20-846' not found in the aerosandbox UIUC database,,,,,,,,,,,,,,,,,,,,,,,,,,,,,,,,,,,0.0
ms313,ok,,0.0662949649260214,0.7173241765213311,4.356828290321904,1.7678399999999996,0.4057630648256241,0.4057630648256241,5.8807448238650775,0.9226728611104992,0.0818655356782003,1.8629865441434923,17.20384922822736,24.94758059623593,7.74373136800857,0.0662949649260214,10.330930169341352,31.29280030820776,0.6334763800832515,39.595495763532746,2.16212183646036,0.0084512143628177,7.720193498219384,1000000.0,840279.4361746154,18.48453173537904,0.5635393177965897,12.322088657745915,1.4967638239875742,0.0072418511209153,8.532782972575259,1000000.0,496349.6955075052,0.1313488,1.757,False,0.2
ms317,ok,,0.0647317351366648,0.7306545809406662,4.277340274218838,1.7678399999999996,0.4133035687283161,0.4133035687283161,6.330339234079919,1.157861961357055,0.081530222101362,1.8578036648379093,16.759437697204724,24.947580596122556,8.188142898917828,0.0647317351366648,10.298527168703052,31.292800308093767,0.621918940281137,39.457970060530094,1.8457445151732543,0.0078873512569281,7.799522516624212,1000000.0,855894.781472947,18.477961124418364,0.5854253468682559,13.47254092820179,1.5277994238641903,0.0076205649696521,8.140163615179631,1000000.0,505393.903483899,0.170014,1.7067,False,0.21
mue139,ok,,0.0664886961710162,0.7168041880170704,4.35998884750597,1.7678399999999996,0.405468927061878,0.405468927061878,5.825026537642729,0.8668377997194024,0.0818795074977892,1.8656371089370145,17.25691694966955,24.94758059624929,7.690663646579743,0.0664886961710162,10.041478670930744,31.292800308221512,0.6339359204161827,39.8925020585525,2.027070603262717,0.0095881805789484,7.513255424661747,1000000.0,839670.3173672281,17.941107308291205,0.594526358581309,12.730633925541593,1.6483923754408567,0.0096303528681054,7.760877259046489,1000000.0,481408.3469389752,0.1389342083490033,1.759,False,0.2
n0009sm,ok,,0.0621176521246025,0.8567571809814064,3.6477759801441616,1.7678399999999996,0.4846350240866858,0.4846350240866858,5.927075599773714,0.9065108412658234,0.1062380611671991,1.8457582493596776,16.01965691389941,23.7924907630328,7.772833849133391,0.0621176521246025,11.170829739705605,31.29280030789033,0.5058242154880344,39.13236002578726,4.13491449813322,0.008419444595195,7.611713444427089,1000000.0,1003612.4036102362,20.173876587180253,0.39760261279233,12.999634084814954,3.3349876385587645,0.0072818065800362,8.792806612117339,1000000.0,647009.9375124035,0.0901581188765512,1.2014354515050167,False,0.2
n0011sc,ok,,0.0604973977877246,0.8416334363263398,3.7133247453208194,1.7678399999999976,0.4760800956683528,0.4760800956683528,6.241633357392387,1.125619696751975,0.079144830546663,1.828082249204309,15.571337895511274,23.64105350210797,8.069715606596695,0.0604973977877246,11.160588905371236,31.29280030949113,0.5116362480409115,40.0000000028968,4.477236933197397,0.0112963109508451,7.06116269452195,1000000.0,985896.3248675272,20.35026762832834,0.4129536571254742,13.781186451264755,3.609397937637768,0.0103880533750422,7.753441574577536,1000000.0,641146.0101496354,0.109566,1.226730434782609,False,0.2
n0012,ok,,0.0652076148700536,0.8306017448043814,3.7626435113444536,1.7678399999998833,0.4698398864175696,0.4698398864175696,6.193473323801783,1.0745845284975668,0.0793534265230476,1.826295474548675,16.9278117979338,24.947580596284254,8.019768798350459,0.0652076148700536,11.126258896829402,31.292800307886864,0.5470827933369115,39.91623484150124,4.916600289580063,0.0083701492131306,7.4935769899039295,1000000.0,972973.710697191,20.3075187848578,0.417601067083777,12.41378519859302,3.909290261607056,0.0071937885938386,8.852729056900353,1000000.0,631413.0315201014,0.1200312974467793,1.381,False,0.2
n10,ok,,0.0661307388629995,0.7854388379446289,3.978996345251164,1.76784,0.4442929439002562,0.4442929439002562,5.927977240008059,0.9378660484548236,0.0802684565479661,1.8691487288723592,17.150454627338306,24.947580596218724,7.797125968880418,0.0661307388629995,9.683870442022426,31.29280030819604,0.5785401749142858,39.29314447904167,-0.207203989879725,0.0066989284829144,7.936101428448534,1000000.0,920069.5104103804,17.269662730128882,0.5936914359460443,13.264355887733789,-0.0762941940736359,0.0068107773653944,7.782966282672189,1000000.0,507761.8486224272,0.1122,1.517908026755853,False,0.2
n11,ok,,0.066367549350954,0.7755551403496017,4.029704792093968,1.7678399999999717,0.4387021112485373,0.4387021112485373,5.859869101093698,0.9026969485753245,0.0804828903936481,1.8929862625400324,17.19472523261342,24.947580596247143,7.75285536363373,0.066367549350954,9.539408950434453,31.292800308211305,0.5859131079758353,39.26795384187281,-0.4899438742102998,0.0063184152268971,8.037540559931925,1000000.0,908491.6658124002,16.797813309069937,0.6319021290690732,13.348010770095778,-0.0661431664869745,0.0059956525838631,7.698369795361757,1000000.0,487673.6260371756,0.1094,1.549996321070234,False,0.2
n11h9,ok,,0.0668962124020524,0.8231001601843912,3.796935557514275,1.7678399999999466,0.4655965246766766,0.4655965246766766,5.707822387113359,0.8166058461453259,0.0794984639884997,1.8741007266956984,17.36565748247295,24.94758059628201,7.581923113809058,0.0668962124020524,8.472234722828222,31.292800308247077,0.5520688060450242,39.23503389530785,2.370027273369034,0.0059570910147078,8.036686746782214,1000000.0,964186.2928278124,15.06897788744784,0.7235447831669193,14.373028595718358,3.3393531747301077,0.0063165480611628,6.56798183045628,1000000.0,464301.7493763089,0.0897956732285104,1.4027,False,0.2
n12,ok,,0.0632214949408355,0.8567571809955095,3.6477759800840666,1.7678399999999876,0.4846350240946666,0.4846350240946666,6.141083092341143,1.0268364044474816,0.1062380612442451,1.83931713347172,16.343569948169712,24.323970173982573,7.980400225812863,0.0632214949408355,11.227483876037777,31.29280030793409,0.5171233753167335,39.8917298913164,4.540090764535484,0.0093731766045423,7.324464684627378,1000000.0,1003612.403628167,20.347196017697872,0.4012953238050259,12.89240232714642,3.632371774445305,0.0081777295817352,8.433587714632385,1000000.0,652568.5813179746,0.1046,1.2506113712374582,False,0.2
n13,ok,,0.0609830555599555,0.8567571300749277,3.647776196468096,1.767839999898645,0.484634995318608,0.484634995318608,6.347034594284491,1.1424770066965582,0.1062379990666979,1.82573082447583,15.71336768664394,23.88613310540426,8.17276541876032,0.0609830555599555,11.203300918611152,31.29279989456877,0.5078150789980919,39.31406064581557,4.71112018960388,0.0086936957684376,7.535106503399383,1000000.0,1003612.3307795956,20.454459055371498,0.406669523771033,13.59139634314136,4.008438443668599,0.0075407524896748,8.624825904454418,1000000.0,656008.6472466828,0.118,1.2101,False,0.2
n14,ok,,0.0636638795037755,0.853011621270301,3.66379330324466,1.7678399999999996,0.482516303098867,0.482516303098867,6.277549103012711,1.129068675966597,0.0789353632469591,1.8385380429921503,16.471581532658067,24.58766867866293,8.116087146004862,0.0636638795037755,11.312315610717937,31.29280031005112,0.5250248563221149,40.00000000265686,5.043851148407223,0.0091361641906339,7.343899831014657,1000000.0,999224.8242483586,20.50962113409698,0.403443567745368,12.766458082798366,4.0641882286160325,0.0076739674360217,8.625617996478711,1000000.0,654902.1618412328,0.1148,1.285,False,0.2
n1h15,failed,airfoil 'n1h15' not found in the aerosandbox UIUC database,,,,,,,,,,,,,,,,,,,,,,,,,,,,,,,,,,,0.0
n22,ok,,0.066141031449646,0.7541769213357196,4.14393251395822,1.7678399999999996,0.4266092640373109,0.4266092640373109,5.925017029390978,0.9361475137348902,0.080966019135624,1.871338017240592,17.151225549590166,24.947580596221737,7.79635504663157,0.066141031449646,9.501752574921984,31.29280030819677,0.6025216495410556,39.03938305029076,-0.4478178477286481,0.0061454895018813,8.113745269634016,1000000.0,883449.044348247,16.925060192907544,0.6436714466663787,13.430459394880195,-0.1093543080374825,0.0062368171022413,7.736858386139754,1000000.0,477823.27262811695,0.1237,1.6222795986622074,False,0.2
n2414,ok,,0.0650389408863668,0.7828297329245754,3.9922580021639065,1.7678399999999914,0.4428170722036944,0.4428170722036944,6.241984989046415,1.10294777220997,0.0803245352035758,1.8842456596165476,16.821349947482165,24.947580596145126,8.126230648662963,0.0650389408863668,10.807520830906386,31.292800308115464,0.5804684001874361,39.329279665137385,3.127827930283729,0.0066957453778847,7.941641054353954,1000000.0,917013.1833428995,19.11909376173693,0.5065164366530388,13.186994569542918,2.471226474269759,0.0064089112918097,8.691774014297565,1000000.0,560271.3998253105,0.1399915162107803,1.5263,False,0.2
n2415,ok,,0.0645984273560476,0.7843821656232173,3.9843566090221847,1.76784,0.4436952244678349,0.4436952244678349,6.368679363855819,1.1700654501950545,0.0802911267387101,1.8516519497619155,16.72724928248866,24.947580596106395,8.220331313617734,0.0645984273560476,10.664912299248106,31.29280030808379,0.5793195493285225,39.30471611609292,3.1453832575031044,0.0068636057025878,7.902401024955932,1000000.0,918831.7157648318,19.198914606349927,0.5071244760659996,13.324387283802992,2.468765989873753,0.0066422695094916,8.603837184765693,1000000.0,563726.2077826236,0.1499911151768592,1.5213,False,0.2
n24,ok,,0.0649564208778413,0.7196211171978049,4.342921838883374,1.7678399999999996,0.4070623569993919,0.4070623569993919,6.2657182461898495,1.1130437306587997,0.0818074989710061,1.870310123788009,16.81155222616131,24.94758059613917,8.136028369977858,0.0649564208778413,9.299966425968575,31.29280030811049,0.6314544026437867,39.7479374940204,-0.875537679938763,0.0090588334577168,7.602228468858526,1000000.0,842970.0913593246,16.574731480240658,0.7340436234257295,14.34507515004148,0.0122444186499807,0.0086098085883906,6.992212306929011,1000000.0,446492.5724954525,0.1702,1.7482,False,0.2
n2h15,failed,airfoil 'n2h15' not found in the aerosandbox UIUC database,,,,,,,,,,,,,,,,,,,,,,,,,,,,,,,,,,,0.0
n5h10,ok,,0.0597766400163905,0.8567570108384438,3.6477767038619393,1.7678399998322434,0.4846349278892572,0.4846349278892572,6.022102970420404,0.9686351896737307,0.1062372236851857,1.8202214448331,15.371904960966363,23.21422937621987,7.842324415253504,0.0597766400163905,10.96413009637545,31.292799241287167,0.4935306105084147,37.42124622449862,4.080662685685715,0.0063910082249757,8.223570888203795,1000000.0,1003612.1701908682,20.078381355738056,0.4049823136557821,13.442417322479384,3.246055499405918,0.0058315979000717,9.316968467915936,1000000.0,643947.1180246919,0.0989999999999999,1.1479314381270904,False,0.2
n5h15,ok,,0.05375449563663,0.8567571807482844,3.647775981135326,1.7678399999996632,0.4846350239549097,0.4846350239549097,6.7583836403956505,1.3665304671587346,0.1062380594760031,1.8175829057010149,13.642537504807224,22.21850405090389,8.575966546096666,0.05375449563663,11.099614065542502,31.29280030709453,0.4723615318980459,36.63637767963619,3.764492623147985,0.0072136423368526,8.187295075384974,1000000.0,1003612.4033118236,20.355997757108355,0.4308705929109138,15.45570347557685,3.392756169840092,0.0070611325854673,8.596381661688689,1000000.0,652850.8676224139,0.1542,1.0558,False,0.2
n5h20,ok,,0.0456864352865482,0.8567571803074293,3.647775983013669,1.7678399999999863,0.4846350237054461,0.4846350237054461,7.375727656341874,1.7104050471545924,0.106238056005028,2.500388036889881,10.639309067787842,20.515424761019595,9.876115693231757,0.0456864352865482,19.930274542174494,31.29280030607063,0.4361543626462251,33.07382067679017,2.165241035176105,0.0099768962913989,7.673073337644534,1000000.0,1003612.4027623804,26.569575399404613,0.2912497126657553,17.116315704326,0.267599917654769,0.0087341010787284,8.587070290484608,1000000.0,852130.6864889214,0.1989999999999999,0.8982200668896321,False,0.21
n63010a,ok,,0.0528748262406412,0.8567571808005806,3.647775980913966,1.767839999999978,0.4846350239844054,0.4846350239844054,6.023383107871635,0.9617629684868148,0.1062380599342484,1.8133236812381053,13.393798452193762,21.2305052413035,7.836706789109741,0.0528748262406412,11.540826457644412,31.2928003070084,0.4513568490128086,36.36817207584113,4.261771734608717,0.0085536812321308,7.972793751233655,1000000.0,1003612.4033701428,21.214867441214427,0.3624945802844904,14.474269644140657,3.4342960641569875,0.0068631108050053,9.2456624929942,1000000.0,680396.2538017958,0.0999,0.9643839464882944,False,0.2
n63012a,ok,,0.0597552501616285,0.8567571809317172,3.647775980355679,1.7678399999999892,0.4846350240585813,0.4846350240585813,6.289453085711028,1.1048476481901366,0.1062380608419075,1.7782859950009116,15.407687972387802,23.47542705309974,8.06773908071194,0.0597552501616285,10.970512248408369,31.29280030769016,0.4990834961958281,39.01732961542496,4.734277352444343,0.0085735167336885,7.625648659168696,1000000.0,1003612.4035456158,20.563831838164187,0.3971845263028423,13.584490053314507,3.678921892591187,0.0069130207845192,8.942159286119843,1000000.0,659516.4540814852,0.1199,1.172098662207358,False,0.2
n63015a,ok,,0.0605038509192506,0.8567571593000592,3.647776072422772,1.767839999991985,0.4846350118245676,0.4846350118245676,6.685881381536669,1.317617946898502,0.1062380268578007,1.8342545025653512,15.567021694955388,24.08715757905741,8.52013588410202,0.0605038509192506,11.200701454842186,31.29280014248833,0.5120887991176045,39.07614919864404,4.665892412931633,0.0077291247807217,7.722728752969065,1000000.0,1003612.3729123597,20.35468440389472,0.428120822065994,13.998715570575085,3.814254933297844,0.0066291903095247,8.772895090298631,1000000.0,652808.7298502323,0.14992,1.2287,False,0.2
n63210,failed,too few converged polar points,,,,,,,,,,,,,,,,,,,,,,,,,,,,,,,,,,,0.01
n63212,ok,,0.0645798810265943,0.8567571474959307,3.647776122675379,1.7678399999907015,0.4846350051477718,0.4846350051477718,6.228370225200862,1.0624209351310645,0.1062380517802682,1.854422142055396,16.719145226505574,24.80193759376183,8.082792367256259,0.0645798810265943,10.84446752417623,31.292800015529814,0.5272849100004666,39.16296537547912,3.086488149996841,0.0061900282358876,7.953749574891879,1000000.0,1003612.3550138632,19.492986122632047,0.4428465411091431,13.094795402442292,2.333951770824786,0.0059059710681697,8.88517970472882,1000000.0,625172.6179529631,0.1199938767775863,1.2948361204013377,False,0.27
n63215,ok,,0.0640339459097323,0.8493290762601959,3.6796788817841097,1.7678399999999572,0.4804332271360623,0.4804332271360623,6.531027666494438,1.2445229818237102,0.0790025484655476,1.851742341570226,16.564810588004082,24.947580596068747,8.382770008064664,0.0640339459097323,10.83473930899718,31.29280030803853,0.5350198590769223,39.43763414419756,3.0926819383193545,0.0066455287982548,7.831430682180858,1000000.0,994911.060691901,19.50368411732276,0.462790641050447,13.610873814347256,2.466209592577168,0.0065253562675613,8.535072753498158,1000000.0,620092.5088695476,0.1499859788704686,1.3285,False,0.2
n63215b,ok,,0.0649221470703589,0.7725233746807061,4.045519356474759,1.7678399999999996,0.4369871564625228,0.4369871564625228,6.244354407673084,1.0951386668953953,0.0805498023545479,1.820738725600401,16.851266267420186,24.916359400693672,8.065093133273486,0.0649221470703589,10.459267712791696,31.292800309963276,0.5874763907165508,40.00000000273512,3.520814557920234,0.0092972382307193,7.442073910394937,1000000.0,904940.2306399576,19.1483957687608,0.5078544772127206,13.018105260540446,2.812616337169911,0.0088913903466675,8.07667098815941,1000000.0,553742.5066381963,0.1504,1.5568,False,0.2
n63412,ok,,0.0657772430707839,0.8155646643076333,3.8320177447280175,1.76784,0.461333980624736,0.461333980624736,6.029644783256041,0.9823082053345572,0.0796468381984931,1.860330024503624,17.057605788434294,24.94758059619396,7.889974807759664,0.0657772430707839,10.313485702373658,31.292800308170605,0.5571697041031226,39.1200981480206,1.8808900649333156,0.00595900787009,8.049022225930283,1000000.0,955359.151020006,18.47967039275826,0.5052834749923225,12.92772379640911,1.4231327308328736,0.0058705008674387,8.58316372804896,1000000.0,564178.4066523887,0.1199908620441796,1.4249,False,0.2
n63415,ok,,0.0646845956274152,0.8080007984189319,3.867890071043676,1.7678399999999856,0.4570553887336741,0.4570553887336741,6.343896844102521,1.14722953174162,0.0797985520141686,1.8646273275863967,16.739056424432057,24.94758059612097,8.208524171688918,0.0646845956274152,10.418905706163384,31.292800308088125,0.5623854872165879,39.33451642600888,1.8313477670468792,0.0065964048829734,7.9172129990768925,1000000.0,946498.7763469296,18.62553721775918,0.5223264196033286,13.55042528806653,1.4868902308616276,0.0065480956165748,8.292199380711024,1000000.0,563357.9613153621,0.1499810962264027,1.4476,False,0.2
n64008a,ok,,0.0445154198155722,0.8567571804879424,3.647775982244055,1.7678399999997316,0.4846350238076253,0.4846350238076253,5.753943695660019,0.8194283274819867,0.1062380575016805,1.7593382778767732,11.043567643734196,18.556849617270988,7.513281973536792,0.0445154198155722,11.709384754403644,31.29280030589637,0.3945153956209704,32.85979930612437,3.5753723687724603,0.0087951614443669,8.25836977355854,1000000.0,1003612.402968391,22.185206225253648,0.3177981122301205,15.423416768346906,3.0062516933700776,0.0076519920780919,9.108973563933532,1000000.0,711516.64000747,0.07996,0.717,False,0.22
n64012,ok,,0.0567261633654435,0.8567571808786187,3.6477759805816783,1.767839999999971,0.4846350240285505,0.4846350240285505,6.231863653198312,1.069631521781301,0.1062380604841402,1.8113003984193263,14.503489753745365,22.546653805363,8.043164051617639,0.0567261633654435,11.503735580581706,31.292800307410182,0.4793379385237007,37.98017101450078,4.370203839300456,0.0088809422420647,7.691986123210055,1000000.0,1003612.4034744472,21.170306870174063,0.3736123166015474,13.872870766368472,3.3204932257725237,0.0067367146148826,9.21563000398195,1000000.0,678967.1218793326,0.11962,1.08616254180602,False,0.2
n64012a,ok,,0.0588280211215399,0.8567571809152024,3.647775980426011,1.7678399999999936,0.4846350240492383,0.4846350240492383,6.287129712327661,1.1079917743947014,0.1062380607331819,1.810216155644164,15.109081091305494,23.20642695927732,8.097345867971825,0.0588280211215399,11.278312315094103,31.29280030760813,0.4933646009989804,38.68578774801888,4.708728016575004,0.0088297964625275,7.606612158088008,1000000.0,1003612.403523637,20.76789242347088,0.390846658849283,13.622828335413836,3.62874180137657,0.0069253396155354,8.990516136563041,1000000.0,666061.0180729802,0.11986,1.1472090301003344,False,0.22
n64015,ok,,0.0585089728236524,0.8567571804481228,3.6477759823812734,1.7678399999919003,0.4846350237872478,0.4846350237872478,6.612239020293921,1.272349754226893,0.1062380571616901,1.822942271217506,15.004594741794737,23.439776033306163,8.435181291511427,0.0585089728236524,11.026168068891016,31.29280030735824,0.4983255620053238,38.41003117984574,4.364560970928448,0.0074864488219272,7.893981656645065,1000000.0,1003612.4029730764,20.161852705529107,0.4319983725364575,14.43718617257803,3.727697384180044,0.0066195651038243,8.739972318277227,1000000.0,646624.3111335507,0.14964,1.1688,False,0.2
n64015a,ok,,0.0598414494026604,0.8567571698471076,3.64777602703269,1.7678399998746082,0.4846350178228102,0.4846350178228102,6.684015136450536,1.3223304018937505,0.1062380247603623,1.830284017097402,15.38048142372582,23.89478057727376,8.514299153547938,0.0598414494026604,11.165589020188373,31.29280022296228,0.5079988885136593,39.00626086474792,4.674853557768663,0.0079999907805935,7.692055840699188,1000000.0,1003612.387914828,20.334893229477355,0.4286607135962796,13.9909805534308,3.822467788419496,0.0065353236125622,8.801639808672656,1000000.0,652174.0018987957,0.14974,1.2109,False,0.2
n6409,ok,,0.0671576538706117,0.7785767312286883,4.014065846365538,1.7678399999999996,0.4404113105420674,0.4404113105420674,5.632630228112951,0.7799041576230349,0.0804167760962354,1.8784357294273235,17.436514638750555,24.94758059629083,7.511065957540275,0.0671576538706117,9.08355172752078,31.292800308268397,0.5836392284303954,39.385084588121536,-0.921389566703148,0.0069797073322555,7.88853213350365,1000000.0,912031.1822047314,16.11900012551059,0.6622626761641339,13.233928219986424,-0.1601729768416398,0.0069962098074219,7.255231715078656,1000000.0,469789.555284486,0.0902701053959512,1.5401,False,0.2
n64108,ok,,0.0513896764716423,0.85675718074617,3.6477759811434383,1.7678399999994474,0.4846350239537729,0.4846350239537729,5.719247256927152,0.7954670036691398,0.1062380595199471,1.7945993234009108,12.985384689210091,20.499231269538157,7.513846580328062,0.0513896764716423,11.583348763244208,31.292800306830337,0.4358100915890592,35.1230899974161,3.341699941289644,0.0080204644108788,8.242875495037444,1000000.0,1003612.4033009962,21.515199543804627,0.3379248513673543,14.15529963179366,2.3597043549120853,0.0060467547066676,9.87011192506527,1000000.0,690028.4062128224,0.079837689817472,0.8967217391304348,False,0.2
n64110,ok,,0.0574861563038305,0.8567571807409551,3.647775981127664,1.7678399999902448,0.4846350239533458,0.4846350239533458,5.976411097183462,0.9331594864190172,0.1062380600558814,1.8250838317817475,14.708284919405465,22.509779848370677,7.801494928965209,0.0574861563038305,11.212453559339329,31.29280030709556,0.4785540046961514,37.60354465913382,3.6201251487803927,0.0079032543551465,7.947349681061767,1000000.0,1003612.403308618,20.47842655058227,0.3872872732590057,13.537148245327293,2.705630476686411,0.0060220619146814,9.416270645180465,1000000.0,656777.3636336623,0.0997561675488723,1.0827507246376815,False,0.21
n64212,ok,,0.0635470415133135,0.8567571809917509,3.647775980100113,1.7678399999999983,0.4846350240925376,0.4846350240925376,6.232063452181742,1.0697872600449,0.1062380612311828,1.845386763295281,16.431129495735288,24.50857971121231,8.077450215477024,0.0635470415133135,10.782976410593044,31.29280030800344,0.5210481419697471,38.91358518889219,3.0570771502586,0.0062250876936418,8.004285264288633,1000000.0,1003612.403625982,19.47735586755453,0.4432644031057636,13.298077974195976,2.355418327815717,0.0059279084781388,8.87297010259415,1000000.0,624671.3539892277,0.1196150500488007,1.2676926421404682,False,0.2
n64212ma,ok,,0.0645428664500538,0.776896655054111,4.022746455746194,1.7678399999999996,0.4394609552075477,0.4394609552075477,5.92999277387833,0.9420556003346752,0.0804534880552862,1.848304959398105,16.714616616824728,24.492914350101163,7.778297733276434,0.0645428664500538,10.35955757791024,31.292800309760448,0.5742416284933934,40.00000000289169,2.726145393305657,0.0102560136970056,7.315598396234384,1000000.0,910063.1272084158,18.682987575967623,0.5116052343570006,12.972695186095445,2.1507194033741155,0.0100500542620786,7.737038650217399,1000000.0,543342.1723423649,0.1196284830547654,1.4992,False,0.2
n64212mb,ok,,0.0661630322880437,0.7695784709348777,4.061000123617623,1.76784,0.4353213361700594,0.4353213361700594,5.918689454244408,0.9299609366069538,0.0806152750539521,1.855196026931594,17.173695115047423,24.947580596223425,7.773885481176002,0.0661630322880437,10.684703679703173,31.29280030819835,0.5904634028248821,39.9521045738934,3.673025626808113,0.0091114048402936,7.478855877461473,1000000.0,901490.5461364404,19.19779819238323,0.4888647312687655,12.44335060896408,2.761188648448215,0.0087027880291621,8.281177585114875,1000000.0,553054.8051506466,0.1204652360757772,1.5698,False,0.2
n64215,ok,,0.0627959038407322,0.8567571645466329,3.6477760500998073,1.7678399999956522,0.4846350147913498,0.4846350147913498,6.612451416042569,1.2725271985048667,0.1062380412409895,1.8439971305594125,16.216487432732574,24.672935979334557,8.456448546601981,0.0627959038407322,10.82079901995832,31.29280017853378,0.5245423420522257,39.16272618680556,3.026217997332369,0.0066314908010831,7.873951690952337,1000000.0,1003612.3802121948,19.560404660491734,0.4601303854368667,13.931275026750258,2.4640568891481567,0.0065507465526645,8.496233217049255,1000000.0,627334.8555332011,0.1496289446660281,1.2829,False,0.2
n642415,ok,,0.0644050130514227,0.8247134087365755,3.789508249159746,1.7678399999999734,0.4665090781612521,0.4665090781612521,6.42430649610707,1.195711259985642,0.0794670503714127,1.8619342254612,16.661339874537447,24.94758059610572,8.28624072156827,0.0644050130514227,10.431027909424753,31.29280030806473,0.5509888864140855,39.43734293519314,1.762053587456797,0.0066596886398958,7.872652021344246,1000000.0,966076.0654357373,18.67417901016526,0.5138989998478514,13.710491575524332,1.4400745364317176,0.0066046278877598,8.221713209401683,1000000.0,576512.0796406855,0.1496289253069889,1.398,False,0.2
n66021,ok,,0.0437281575401162,0.8567571800349877,3.647775984173686,1.7678399999999996,0.4846350235513326,0.4846350235513326,7.55288789497549,1.8211835104462144,0.1062380536066898,1.7716983343660693,10.804786160965522,20.129372390307083,9.32458622934156,0.0437281575401162,11.258712554934265,31.29280030577178,0.427946956526288,34.22036444533288,3.676899262317864,0.0079498131685061,8.323745383574414,1000000.0,1003612.402433648,21.182523639504996,0.432636080216202,17.690933582679445,3.717550543565458,0.0079283985369709,8.295600011637212,1000000.0,679358.9334199035,0.21,0.8625,False,0.2
n6h10,ok,,0.0617054152650987,0.8567571809736757,3.647775980177,1.7678399999999812,0.4846350240823178,0.4846350240823178,6.0029017677680505,0.9564118142120606,0.1062380611164169,1.8586814862793493,15.888171844915687,23.74975509896309,7.861583254047399,0.0617054152650987,9.78581441957166,31.29280030785564,0.5049156627084346,38.43461322042912,3.440743352340568,0.0064114791663849,8.10987130189866,1000000.0,1003612.403600078,17.54974245956937,0.5313945394657129,14.003508879121506,3.6786241985716672,0.0064240854664785,7.860206328284232,1000000.0,562849.5704805689,0.10017,1.19748127090301,False,0.2
n6h15,ok,,0.0589093961173185,0.8567571808940011,3.647775980501226,1.7678399999963463,0.4846350240382454,0.4846350240382454,6.741329252022656,1.3587709063006583,0.1062380608726783,1.8323774656017495,15.110323725921884,23.684030443546288,8.573706717624406,0.0589093961173185,10.968323060713898,31.292800307492676,0.5035183680233946,38.839685328366905,3.1773202427945706,0.0080736398943032,7.709611318918483,1000000.0,1003612.4034971694,19.95280860815418,0.4483416798740849,14.819524100030003,2.6911730637213216,0.0078938987121763,8.186417906186334,1000000.0,639919.9179037331,0.1558,1.1914,False,0.2
n6h20,ok,,0.0561714036105426,0.8532115772018423,3.662934667021425,1.76783999967097,0.482629410671012,0.482629410671012,7.337777707341373,1.7126334566614867,0.0789317295333687,1.8131067175117452,14.342131147954811,23.49301557280793,9.150884424853118,0.0561714036105426,11.05544795720735,31.29280031063681,0.501532965421046,39.99999962408188,0.1549643512223601,0.0114500682599767,7.016946421674051,1000000.0,999459.0544747736,20.32505468914984,0.4630727273268213,15.4257362337033,1.154888152322088,0.0095728415952549,7.647036956213187,1000000.0,649160.8210231273,0.1995,1.3721210702341136,False,0.22
n8h12,ok,,0.0640841547064215,0.8567571348115846,3.647776176407105,1.7678399999243453,0.4846349979909095,0.4846349979909095,6.201952903398133,1.040335584087217,0.1062380312461926,1.8478773271224496,16.58311619199959,24.63294642252017,8.049830230520582,0.0640841547064215,10.691652340470572,31.29279991116116,0.5236921981363326,39.185607263382096,2.427629748832577,0.0065710724665386,7.895995123080309,1000000.0,1003612.3368457098,19.28636745080876,0.4505411212760657,13.29816513126403,1.9045174779633,0.006494331634467,8.606199043587191,1000000.0,618546.0029630498,0.1197835822710907,1.2792,False,0.2
n9,ok,,0.0671400388087661,0.8006423916354942,3.903438411768188,1.7678399999999823,0.4528930172614616,0.4528930172614616,5.6376964272075965,0.7815879933663734,0.0799488973375858,1.8779013291386133,17.431982839945395,24.947580596291605,7.51559775634621,0.0671400388087661,10.098660901221978,31.292800308266138,0.5675541633012567,39.33990199469811,1.0459175840744206,0.0061522913244002,8.030294894686328,1000000.0,937879.0781663056,17.925437551883512,0.5210647975734525,12.340336959314156,0.5991333228696556,0.0057292882332258,8.589986993185786,1000000.0,537244.7553837887,0.0846,1.4700949832775918,False,0.2
naca0006,ok,,0.0460200407363259,0.8567571801725826,3.6477759835629566,1.7678399999939665,0.4846350236308188,0.4846350236308188,5.508179045515907,0.6812354495991423,0.1062380549023402,1.781580433674706,11.4540636306508,18.74382310984141,7.289759479190613,0.0460200407363259,11.799417347607982,31.292800306053007,0.3984904196969366,32.88494016661447,3.556467779171868,0.007784967575305,8.595110499446841,1000000.0,1003612.4026072724,22.07668562994259,0.311382368409155,15.24129924877492,2.7120604707794174,0.00688499763109,9.55990201475256,1000000.0,708036.2028957306,0.0600143671788941,0.7343,False,0.2
naca000834,ok,,0.0340996725591586,0.856757170385159,3.647776025231339,1.767839999993219,0.4846350180946495,0.4846350180946495,5.806634609023988,0.8563426710472015,0.1062379635970897,1.655355660210709,8.151917899632371,15.61390816886707,7.461990269234697,0.0340996725591586,12.5576047414055,31.292800303751097,0.3319489761916104,28.035859280043237,3.124993065640857,0.0086218254674652,8.597248295850807,1000000.0,1003612.391068802,25.28682112098104,0.2429488097227105,15.890688604460346,2.316930902926672,0.0057393893970506,10.597830811729043,1000000.0,810990.6036346246,0.08,0.4447,False,0.2
naca0008,ok,,0.0611357362896102,0.856757180972088,3.6477759801838223,1.7678399999999963,0.4846350240814156,0.4846350240814156,5.786436179585765,0.8309951764950984,0.1062380611056745,1.8332339117707528,15.749776275693565,23.36944636705008,7.619670091356518,0.0611357362896102,11.171515360433563,31.292800307809,0.4968303652158701,38.86370169748272,4.294273676637186,0.0086636026227145,7.620910124263677,1000000.0,1003612.403596714,20.312947679878636,0.3844490861718646,12.971456262481489,3.2101762180536912,0.0072429100585515,8.910310563376221,1000000.0,651470.1798691362,0.0800191562385254,1.1622926421404682,False,0.22
naca001034,ok,,0.0352118511519874,0.8567571745674883,3.64777600743644,1.76783999999613,0.4846350204596365,0.4846350204596365,6.089835935792496,1.0124005223473718,0.1062380027717933,1.6959926414157191,8.43115025691303,16.216978834121246,7.785828577208215,0.0352118511519874,12.471107061270212,31.292800304040856,0.3447701521205058,27.86574650708867,3.4311369111702223,0.0073559705911084,9.130123794392208,1000000.0,1003612.3959756576,24.51092997443675,0.2697949566531774,15.821965747805317,2.6194654758787945,0.0054817103552385,10.758104767763784,1000000.0,786106.482009521,0.1,0.5005,False,0.2
naca001034a08cli0.2,ok,,0.0489560642984418,0.8567571806640344,3.6477759814947257,1.7678399999998309,0.4846350239072067,0.4846350239072067,6.090379402182241,1.0127400539876603,0.1062380589133982,1.800391052904667,12.279671273571187,20.17044172865809,7.8907704550869076,0.0489560642984418,11.34109026980924,31.29280030653509,0.4288200831818562,32.286851330485625,2.205829609754606,0.0047912857915624,9.4786153560686,1000000.0,1003612.403195095,20.997457286686046,0.3725928886885892,14.498792476268724,1.735213361238093,0.0044694981399289,10.390436403916128,1000000.0,673423.5466960258,0.0999941599069591,0.8663,False,0.2
naca001035,ok,,0.0340307170815653,0.8567571713404982,3.6477760211918167,1.7678399999999994,0.4846350186331899,0.4846350186331899,6.119355761711484,1.0467010674439314,0.1062379716463075,1.6499848097130758,8.137456734710042,15.9067973061346,7.76934057142456,0.0340307170815653,12.582738135196465,31.292800303732538,0.338175748017213,28.82212859873424,3.594615284244218,0.0092985365801567,8.293979272903993,1000000.0,1003612.3921834498,25.4199070220219,0.2503138116362388,16.437693169450394,2.4501507826406965,0.0064024812847177,10.030591136409283,1000000.0,815258.8917524677,0.1,0.4718,False,0.21
naca001064,ok,,0.0637008041026107,0.838311436376706,3.7280396401458575,1.767839999999992,0.4742009663638733,0.4742009663638733,6.012923660168839,0.9955561062670096,0.0792070729319708,1.8386294813738049,16.482109833904403,24.333662975447048,7.851553141542644,0.0637008041026107,11.208598839818992,31.29280030994159,0.5287124755652166,40.00000000295274,4.961435879576366,0.0098529067522647,7.268032839821465,1000000.0,982004.9068364778,20.320568396854743,0.4045617303325699,12.75423980462612,3.9875038895088224,0.0088090837404513,8.31186115685738,1000000.0,637683.3545663229,0.1,1.301049163879599,False,0.2
naca001065,ok,,0.0615073775682006,0.8350215557519489,3.7427276506480815,1.7678399999999996,0.4723400057425723,0.4723400057425723,6.044743805353293,1.0291776418600582,0.0792692017191885,1.798314002988073,15.891582479130854,23.734640287472217,7.843057808341366,0.0615073775682006,11.011734163202616,31.29280030967702,0.517728923185877,40.00000000271965,5.1482492792334025,0.0111864016938055,7.0891154046752645,1000000.0,978151.1136241156,20.41121877659769,0.4021204593280148,13.213520375674998,4.105281797810819,0.0099873324728498,7.957226365942816,1000000.0,638014.3732480347,0.1,1.253246822742475,False,0.2
naca001066,ok,,0.0597753652949659,0.801369937929578,3.899894565142319,1.7678399999999996,0.4533045625902673,0.4533045625902673,5.984190233986879,1.005515508802736,0.0799339106442027,1.831934288590069,15.35982491282871,23.17594943540566,7.816124522576947,0.0597753652949659,10.908444501011946,31.29280030924909,0.526771109781387,40.00000000268959,4.708920367329628,0.0128840565086901,6.922244372374953,1000000.0,938731.3319044892,19.84868228981351,0.4415718518721627,13.831351075186143,3.634826098403592,0.0122079551164084,7.386363318509828,1000000.0,595427.056010661,0.1,1.2926,False,0.2
naca0010,ok,,0.0658795345987887,0.8337851068412023,3.748277871548953,1.767839999999988,0.4716405935159335,0.4716405935159335,5.9412255615717005,0.9391579016236952,0.0792926745944743,1.8375682933769324,17.109787184938824,24.888581039887452,7.778793854948633,0.0658795345987887,11.06008019147013,31.29280031018892,0.5437051717304238,40.00000000303959,4.618788552352343,0.0086764297271567,7.433777007361995,1000000.0,976702.7272234192,20.062891868805632,0.413406577254381,12.040598964326238,3.671893755029517,0.0073586328027353,8.801585289304027,1000000.0,626197.7518793915,0.1000239452981568,1.3663,False,0.2
naca001234,ok,,0.0460149874921083,0.8567571799788013,3.64777598438918,1.76783999999425,0.4846350235211263,0.4846350235211263,6.373168951072312,1.168510054806878,0.1062380531802081,1.7658411181009122,11.468349602383311,19.607359671556537,8.139010069173224,0.0460149874921083,11.974478078466507,31.292800306101537,0.4168490569191629,33.35656287655551,4.16589240587897,0.0076525863523445,8.507071541118647,1000000.0,1003612.4023816708,22.60391748672639,0.3316291702762453,15.363784201615232,3.1616475877849526,0.0057102987847218,10.127050167346749,1000000.0,724945.4094930345,0.12,0.8142,False,0.2
naca001264,ok,,0.0628647855571814,0.8283543536247342,3.772851862158284,1.76784,0.4685686225137649,0.4685686225137649,6.250143972016002,1.1269555234950404,0.0793966068684071,1.8128399322100592,16.267455356538516,24.330439260764575,8.062983904226062,0.0628647855571814,11.557987883215588,31.292800309888825,0.5349968820781317,40.000000002649045,5.357268178841897,0.0099784524165117,7.26706997359942,1000000.0,970341.0982597396,21.25208386733678,0.3843995843428529,12.858453926371151,3.925761086617608,0.0083205003325199,8.668495758896208,1000000.0,658994.087966713,0.12,1.3284,False,0.2
naca001264a08cli0.2,ok,,0.065196766786893,0.8486606030716211,3.6825772921336144,1.7678399999999916,0.4800550972212559,0.4800550972212559,6.196593298611304,1.1037026967307455,0.0790148066782182,1.8224341122039704,16.928553185333065,24.94758059614834,8.019027410815275,0.065196766786893,10.081491823794916,31.2928003081262,0.5354412836474233,39.60576076537881,3.064598708785546,0.0071851351954843,7.710897192098735,1000000.0,994128.0057072906,18.43960915840337,0.4956676212274553,13.035915732125115,2.7612276472298607,0.0066195910785903,8.202205818606558,1000000.0,585800.3022473227,0.1096032619869254,1.3303341137123743,False,0.2
naca0015,ok,,0.0638012084650897,0.8322095413325654,3.755374230143669,1.7678399999999996,0.4707493558990438,0.4707493558990438,6.597964373373537,1.2910870623565736,0.0793226883802546,1.80919968014924,16.540416542517125,24.947580596039906,8.407164053522777,0.0638012084650897,11.072876299497985,31.292800308080185,0.546025850606629,39.91471947634292,5.089822459716049,0.0083252114817139,7.499498489178943,1000000.0,974857.0967709712,20.40105803133274,0.4329300852076023,13.177961124769547,4.001769832346004,0.0074263568778698,8.63160386035811,1000000.0,635549.2639738537,0.1500359179472352,1.3764,False,0.21
naca0018,ok,,0.0623040510568358,0.83802820196586,3.729299632480744,1.767839999999938,0.4740407514061733,0.4740407514061733,7.028555964223392,1.521745669255827,0.0792124094124268,1.8341006860030888,16.084923945738513,24.947580595964997,8.86265665022648,0.0623040510568358,11.346446397523511,31.292800307793485,0.5422346427361853,39.98535256011354,5.025682874719588,0.0084495249530439,7.461908082176334,1000000.0,981673.12365229,20.62127138405167,0.4435889639616683,14.120107076024077,4.093261497106961,0.0079570777118066,8.332382853956341,1000000.0,646901.1304246227,0.1800431015366822,1.3599,False,0.2
naca0021,ok,,0.0600382069294795,0.8412172829178335,3.7151617412801223,1.7678399999999863,0.475844693477826,0.475844693477826,7.451506163845496,1.748690762886469,0.0791523957768084,1.8249609027776872,15.44239330376687,24.71886037039005,9.276467066623184,0.0600382069294795,11.402452137959278,31.292800037687208,0.5352266448288914,39.999999242226046,5.028830245176299,0.0089755475118667,7.383084917892957,1000000.0,985408.8307852672,20.82684277528748,0.4534546514460442,15.118980250784396,4.242481350628163,0.0086483836488323,8.033368127369098,1000000.0,655836.3190071834,0.2100502851261293,1.3294,False,0.21
naca0024,ok,,0.0572031923753862,0.8481300037996574,3.684881152180341,1.7678399999999996,0.4797549573488877,0.4797549573488877,7.907240822429807,1.9938375667693464,0.0790245505439296,1.8130502590924675,14.638936341325264,24.35922742284754,9.720291081522276,0.0572031923753862,11.408877570257182,31.292800309319727,0.5231407410430275,40.00000000134244,5.123264367097651,0.0096837367057175,7.275668486958198,1000000.0,993506.4573969258,20.975475836998143,0.4646217296178379,16.299373931942693,4.521346060597375,0.0094476640067992,7.700738237272065,1000000.0,665944.5778275209,0.2400574687155764,1.2768,False,0.2
naca1408,ok,,0.0645023329705624,0.8567571431847422,3.647776140862703,1.767839999949937,0.4846350027202713,0.4846350027202713,5.786650026897469,0.8311129996494435,0.106238035775899,1.8618889541479244,16.68937514032476,24.337914121370154,7.648538981045394,0.0645023329705624,9.818374477947923,31.29279998272611,0.5174198548054333,39.39236840393594,3.566791019265981,0.0075862742543793,7.712568503847176,1000000.0,1003612.3489347744,17.577801755352642,0.5153448542670663,13.201975713843147,3.545178098117783,0.0075417200546994,7.739861484603194,1000000.0,563749.4541408059,0.080025339063724,1.2519016722408027,False,0.2
naca1410,ok,,0.0663900236829737,0.8086689873101348,3.864694101841424,1.7678399999998742,0.4574333578322656,0.4574333578322656,5.853405346306198,0.8948653101049738,0.0797850236626702,1.863980157983277,17.230195091976075,24.947580596265556,7.717385504289476,0.0663900236829737,10.987756037113964,31.292800308200587,0.5619207980273464,39.65604716684418,3.77775208480442,0.0072850452873281,7.765331948607035,1000000.0,947281.498309493,19.649272177163983,0.4408722745216982,12.147733122404484,2.828865074662336,0.0063019513150834,9.15068390248431,1000000.0,594813.8806803146,0.1000316745217622,1.445577591973244,False,0.2
naca1412,ok,,0.0656620469132789,0.7977985212973925,3.9173527929302407,1.767839999999988,0.4512843477336172,0.4512843477336172,6.062775899902931,1.007237162861179,0.0800077446371893,1.8407884340397933,17.04401626224686,24.947580596189585,7.903564333942724,0.0656620469132789,10.866724896291,31.29280030816051,0.569577293713744,39.49806629480143,3.932101379158704,0.0072386199996091,7.796302614316626,1000000.0,934547.7450748826,19.67766401132601,0.4563404873349668,12.461569175140808,3.0962231116946297,0.0064125226764451,9.04933240344179,1000000.0,587666.0557390333,0.1200380104412369,1.4789,False,0.2
naca16006,failed,airfoil 'naca16006' not found in the aerosandbox UIUC database,,,,,,,,,,,,,,,,,,,,,,,,,,,,,,,,,,,0.0
naca16009,ok,,0.0403981695890803,0.8567571800740373,3.647775984007402,1.767839999999994,0.4846350235734231,0.4846350235734231,5.996737806955284,0.9764897294211736,0.1062380539512493,1.726209017415521,9.892550657522111,17.615497481892916,7.722946824370804,0.0403981695890803,12.05385774634022,31.292800305181903,0.3745024131325167,31.666858245023715,3.6198990761923824,0.0092047445475295,8.211629675663621,1000000.0,1003612.402460476,23.27616494628839,0.2967623198555875,15.973149780102007,2.819388410367122,0.0072553196348601,9.394707591533267,1000000.0,746505.5090624947,0.09,0.6299,False,0.2
naca16012,ok,,0.0560542073960496,0.8567571808511292,3.647775980698824,1.7678399999999963,0.4846350240129938,0.4846350240129938,6.427992291763784,1.21971566936241,0.1062380602942307,1.804440868543952,14.317090653389958,22.549523813697693,8.232433160307735,0.0560542073960496,11.479237426042152,31.2928003073451,0.4793989544191095,39.12057581586416,5.41141454648432,0.0111654151410112,7.166243593792617,1000000.0,1003612.4034401438,21.20552987937483,0.3811347258976113,14.86856411052509,4.440470274459529,0.0099797053040913,7.919174065400072,1000000.0,680096.7826284877,0.12,1.0864280936454849,False,0.2
naca16015,ok,,0.0268522161883597,0.8544824501381589,3.657486780559021,1.7678399999999996,0.48334829517273,0.48334829517273,6.8244992566907765,1.4601527361793298,0.0861382866160121,1.706363060906754,6.016497894246399,14.54736021184393,8.530862317597531,0.0268522161883597,10.611743459707997,31.29280031048351,0.3100976718751603,25.87382475873572,3.626152153859141,0.0070810958516619,9.46586348238285,1000000.0,1000947.7652870676,20.72974914273512,0.4143887993580348,18.397537901077243,5.817126321742135,0.0113777740744259,7.404335108681794,1000000.0,663072.5238236636,0.15,1.2038,False,0.22
naca16018,ok,,0.0520229097652858,0.8487878326283087,3.6820252900214863,1.767839999999988,0.4801270661532234,0.4801270661532234,7.215688378816395,1.686761902909924,0.0790123729205314,1.745465737388222,13.216640047251952,22.17779416345657,8.961154116204618,0.0520229097652858,11.992941908862194,31.292800266672657,0.4759229683548373,39.999999898481256,7.733997376935378,0.0141667653512348,6.62411318111895,1000000.0,994277.0421385976,22.903040817838285,0.3589920448637692,15.970362706598143,6.030080555335811,0.0112189205347962,7.606388522728009,1000000.0,727706.2930220513,0.18,1.0713,False,0.2
naca16021,ok,,0.0446309404557121,0.8567571800640773,3.6477759840493,1.7678399999998706,0.4846350235678229,0.4846350235678229,7.743923816812997,1.960526097838068,0.1062380538698498,1.7322893566199118,11.103841004826162,20.580054178259072,9.476213173432908,0.0446309404557121,12.675733869489576,31.292800305913783,0.4375283729458525,39.56287056424951,8.492666181230335,0.015959164761006,6.337361156299648,1000000.0,1003612.4024723512,24.39110190809923,0.3316045993250192,15.877992824663227,4.985761595873133,0.0080794067271575,8.84705398823587,1000000.0,782263.4007065608,0.21,0.9042,False,0.2
naca23012,ok,,0.0658858106101453,0.7815613162004313,3.9987371442505113,1.7678399999999954,0.4420995769981635,0.4420995769981635,5.998420097572284,0.9740073333419588,0.0803519402822131,1.830157596989899,17.119002901642308,24.94758059620449,7.828577694562183,0.0658858106101453,10.666490003256428,31.292800308177764,0.5814104578490468,39.685173395481854,3.928722377649886,0.0080329355819702,7.663951451074319,1000000.0,915527.3495687506,19.427270490803345,0.4733719855829036,12.476257614086736,3.147243183008624,0.0075168724926278,8.65832181091755,1000000.0,568379.8601160124,0.1199979441473514,1.5304,False,0.2
naca23015,ok,,0.0646247316468238,0.7831087171121182,3.990835751548056,1.7678399999999923,0.4429748829713783,0.4429748829713783,6.361114089595762,1.1661740201583184,0.0803185159710554,1.812916631860907,16.773549874659647,24.94758059611632,8.174030721456669,0.0646247316468238,10.793726961566852,31.29280030808265,0.5802616070550678,39.83908757749317,4.221163406350933,0.0085534436063479,7.556879749533985,1000000.0,917339.9877122378,19.84597043216378,0.4726893799139512,12.965253939782166,3.223489215715352,0.0078830454252522,8.537099401955288,1000000.0,581779.2621031821,0.1497615695177883,1.5254,False,0.21
naca23018,ok,,0.0632064168719355,0.7927457225057183,3.942321196917532,1.7678399999999992,0.4484261712065111,0.4484261712065111,6.76903005884965,1.3817815710796282,0.0801133459145709,1.8499925720190304,16.328557965128706,24.947580595997387,8.619022630868681,0.0632064168719355,11.103234059338028,31.292800307976343,0.5732076626727266,39.94607931535732,4.1343039031473285,0.0088273094684356,7.482335831443382,1000000.0,928628.8550351243,20.005907460158557,0.4845224674481325,13.808952393507242,3.298164919870252,0.0083610904955055,8.233930585182357,1000000.0,593684.8973509812,0.1802,1.4947,False,0.2
naca23021,ok,,0.0555524696411174,0.856757180625306,3.6477759816208586,1.7678399999904388,0.4846350238878743,0.4846350238878743,7.585755321676809,1.797897523647681,0.1062380592470299,1.80505688677465,14.172171800496027,23.56298400894749,9.39081220845146,0.0555524696411174,11.083091254550192,31.292800307001517,0.5009449420466494,39.21793159052423,3.5530800919266765,0.0093633973261286,7.433659676905165,1000000.0,1003612.4031700192,20.466744170694653,0.4667176217045946,16.41663459288348,3.217073926847208,0.009185312526187,7.700335681854996,1000000.0,656402.6900980489,0.2101,1.1802,False,0.2
naca23024,ok,,0.0559731900247513,0.8214141885157187,3.804728855788679,1.7678399999999992,0.4646428344848624,0.4646428344848624,7.701963076446651,1.880325328719844,0.0795314244808193,1.7927138896463557,14.305516541788366,23.80019350788137,9.494676966093008,0.0559731900247513,11.59635838349048,31.29280030922416,0.5277591216104132,40.00000000143314,6.265986808083019,0.0112292835057206,7.108694987796473,1000000.0,962211.3317878824,21.56201732368658,0.4434508886754129,16.185494063933437,5.4261444573598325,0.0105802346152965,7.682745616798247,1000000.0,663002.9016272542,0.239947575434158,1.2969,False,0.2
naca2408,ok,,0.0669965966200616,0.8346770032987522,3.744272638695653,1.7678399999999996,0.4721451054952667,0.4721451054952667,5.678951274488552,0.79852350384085,0.0792757361990622,1.8596850091329769,17.40894431265547,24.947580596277,7.538636283621528,0.0669965966200616,10.643638455901431,31.29280030825719,0.5444116956527675,39.37858709330266,2.800881487923327,0.0065102494729771,7.888609425760232,1000000.0,977747.5020041298,19.07785172153736,0.4426105102531616,11.748761794804537,1.8039334270098932,0.0052648540602046,9.310424575918631,1000000.0,596089.8890667931,0.0800438846876533,1.3693749163879598,False,0.21
naca2410,ok,,0.0667022174483371,0.7822104792923317,3.995418558477291,1.7678399999999996,0.4424667839240722,0.4424667839240722,5.763616517562743,0.8496202436410724,0.0803379110859261,1.860190273338005,17.323773805358535,24.94758059625928,7.623806790900748,0.0667022174483371,10.4880597076134,31.29280030823658,0.5809279403922389,39.09497827778665,2.9264222413704006,0.0060553697466077,8.084358981279898,1000000.0,916287.784551893,18.793883360460715,0.4921772269310799,12.204991773383384,2.0584483652247862,0.0054986368872866,9.13409021221286,1000000.0,550305.6798323861,0.1000548586265933,1.5283,False,0.21
naca2411,ok,,0.0658220192663567,0.8183657843974498,3.818901431587925,1.7678399999994332,0.4629184679596073,0.4629184679596073,6.016766876801791,0.9811260462274382,0.0795913481266574,1.8557568301059408,17.07505688947968,24.94758059638741,7.872523706907732,0.0658220192663567,10.663891742229795,31.29280030811996,0.5552626116034686,39.16261170187572,2.151501819417758,0.0058423292223059,8.071553047068091,1000000.0,958640.4061148048,19.154614026344923,0.4676554727248803,12.685372729898486,1.565633696504455,0.0054928004557079,9.08164607593246,1000000.0,586792.70593827,0.1100603462649196,1.4166,False,0.21
naca2412,ok,,0.0660012656995684,0.7725546914138075,4.045355364913575,1.7678399999999992,0.4370048711499954,0.4370048711499954,5.965214510529739,0.9570404549897534,0.0805491076948818,1.883412557699221,17.098953527981944,24.947580596210905,7.84862706822896,0.0660012656995684,10.699570580697662,31.2928003081867,0.5881886780824513,39.41054369259411,2.9449236368921814,0.006369098040422,8.031801898015518,1000000.0,904976.9152671342,18.9364964798583,0.5053258453885281,12.810496616255984,2.277784806244771,0.0060586272823095,8.90167344472468,1000000.0,547636.900550117,0.120065834410725,1.5599,False,0.2
naca2415,ok,,0.064516347124701,0.7889192413369037,3.9614425683212766,1.7678399999999257,0.4462616760209843,0.4462616760209843,6.39228613844202,1.1827027190647903,0.0801941883625847,1.8544992846548407,16.700795173050714,24.947580596147574,8.246785423096862,0.064516347124701,10.691184333731226,31.29280030806417,0.5759878817517811,39.309909401313696,3.110076887613476,0.0068759173221224,7.891188185488753,1000000.0,924146.483546204,19.216659400906817,0.5048968703185368,13.35777888705988,2.4423736476665976,0.006636477231696,8.587904083527878,1000000.0,567510.994095234,0.1500823023551126,1.5068,False,0.2
naca2418,ok,,0.0631254152313514,0.7955840187962291,3.9282567167810782,1.7678399999999916,0.450031687707164,0.450031687707164,6.792326624127968,1.39519368431503,0.0800538572377307,1.8507936577137896,16.304460314155925,24.947580595997685,8.643120281841759,0.0631254152313514,10.7616444599469,31.29280030796808,0.5711627080933601,39.52285062637556,3.038054966182337,0.0075403032413245,7.736838610937407,1000000.0,931953.658637955,19.38203540427862,0.5158127333093211,14.133654347372907,2.5201884158195824,0.0074675504433218,8.207746039763505,1000000.0,577230.5012366828,0.1800987765311582,1.4858,False,0.2
naca2421,ok,,0.0616643833059979,0.803764581885495,3.88827566682358,1.7678399999999996,0.4546591218014612,0.4546591218014612,7.212528306066532,1.619075258726068,0.0798847706845184,1.857977909685733,15.877074380112148,24.94758059586441,9.070506215752264,0.0616643833059979,10.997381605616551,31.292800307853295,0.5653495226506441,39.84092718991325,3.0686448461770826,0.0084180528723987,7.539862808348763,1000000.0,941536.437474494,19.73001858326131,0.5170755345686036,14.87521542867157,2.608788191413812,0.0083216808928772,7.920547815649515,1000000.0,593635.9554094432,0.2101152581890503,1.4605,False,0.21
naca2424,ok,,0.056648751803601,0.8354441889172363,3.740834285591731,1.7678399999999923,0.472579073285614,0.472579073285614,7.816170429052347,1.9439327325472304,0.0792611916527718,1.808222453563839,14.484303660916009,24.10869654353219,9.624392882616188,0.056648751803601,11.46459600361488,31.29280030917332,0.5256222589713355,40.000000001425335,5.505376460216579,0.0103764806958351,7.200839363976378,1000000.0,978646.1895718948,21.13419172333069,0.4600350616775853,16.316814911060277,4.870611566994329,0.0100974434807888,7.640194015722264,1000000.0,660947.4382404946,0.2401317485810847,1.2876,False,0.21
naca4412,ok,,0.0663691260930467,0.7438737511028579,4.201328869269187,1.7678399999999996,0.4207811516329861,0.4207811516329861,5.859415620454888,0.9027099979553908,0.0812087618205798,1.867669278396452,17.2204956973871,24.94758059623844,7.72708489885134,0.0663691260930467,9.882449298667051,31.29280030821303,0.6108669945876233,38.96659650592887,1.2247269046580278,0.0059822968660532,8.167621591060483,1000000.0,871379.8260545922,17.637757414153374,0.5955744219895261,12.910225121695136,1.0945449475251272,0.0059741330401005,8.310104096476032,1000000.0,491141.2796605582,0.1201770661547572,1.6586,False,0.2
naca4415,ok,,0.0646177802064438,0.7818084891660808,3.997472921960107,1.767839999999986,0.4422393933648333,0.4422393933648333,6.363113366198744,1.167435014209452,0.0803465840782418,1.8598211773040665,16.72464605261567,24.94758059611848,8.22293454350281,0.0646177802064438,10.423374687658727,31.29280030808319,0.5812266418019598,39.29388138123044,1.596364169408594,0.0068093348174471,7.918952741312151,1000000.0,915816.8900095018,18.68167903247576,0.5375278327515498,13.574926952601045,1.342296750733041,0.0068646051677498,8.287937788304564,1000000.0,546739.0908846937,0.1502208651018468,1.5296,False,0.2
naca4418,ok,,0.0637717143296901,0.7602886183427228,4.11062087502038,1.7678399999999996,0.4300664191005537,0.4300664191005537,6.606447066358684,1.2959308192520702,0.0808251353011961,1.857349326978838,16.483784202707124,24.947580596044645,8.463796393337521,0.0637717143296901,10.088446307431449,31.292800308020997,0.5976781865831297,39.5384901381186,1.1036882996471316,0.0078991687787183,7.735072960729834,1000000.0,890608.3364502212,18.10545483805372,0.6057231300421556,14.285333832135876,1.1800041273599904,0.0078929571908442,7.674947136200532,1000000.0,515290.06209969945,0.1802616454926423,1.6012,False,0.2
naca4421,ok,,0.0623413708450222,0.7715901657454209,4.050412258145767,1.7678399999999934,0.4364592755823059,0.4364592755823059,7.017822565834012,1.51381279207166,0.080570439785944,1.8536889129262848,16.076069117181817,24.947580595942117,8.871511478760297,0.0623413708450222,10.254388992289378,31.29280030790339,0.5889239428723,39.85928820513344,1.1928818176027405,0.0087768930379041,7.538353920110098,1000000.0,903847.0619634225,18.439607855778263,0.60313411074393,15.033945317569287,1.3321526374079384,0.0087675124914055,7.440297719658359,1000000.0,532601.2763387451,0.2102960871388469,1.5631,False,0.2
naca4424,ok,,0.0573703401390658,0.8056482846570335,3.879184409770609,1.7678399999999994,0.4557246609744285,0.4557246609744285,7.607579732638928,1.8298508429738043,0.0798463209051113,1.8083907602920704,14.691668555286482,24.10763904821748,9.415970492931,0.0573703401390658,11.0438990698382,31.292800309153822,0.5450378390035541,40.00000000157942,3.9448882742327447,0.010762618191252,7.200523508796145,1000000.0,943743.0224227132,20.35677117345758,0.5030464981508461,16.132916118237326,3.596874294344489,0.0106550600619222,7.457630699455405,1000000.0,613929.1007582541,0.2403280727584121,1.3721,False,0.2
naca63206,ok,,0.0435309671098612,0.8567571800284901,3.647775984175025,1.7678399999936203,0.4846350235494059,0.4846350235494059,5.458865436443691,0.6530152676690991,0.1062380533867972,1.763602445355068,10.756168881022946,17.978636762821704,7.222467881798759,0.0435309671098612,11.562606076539778,31.29280030565006,0.3822226911031878,31.374108020645725,2.3581584126244968,0.007807308215624,8.697881535253703,1000000.0,1003612.4024257543,21.854143124287223,0.3148231198851497,15.030574107721057,1.7478632359530373,0.0073317013817457,9.291496455269492,1000000.0,700898.8927067055,0.0600014398623629,0.6635,False,0.21
naca63209,ok,,0.061539324089783,0.8567571298670105,3.6477761973493417,1.7678399998976773,0.4846349952012623,0.4846349952012623,5.846059494632694,0.8594135959601226,0.1062380063034763,1.8388866599069296,15.860198073389626,23.54514422792925,7.684946154539624,0.061539324089783,10.881073804307547,31.29279989072569,0.5005657143879473,37.91474941472929,2.986432413627289,0.0063205819802159,8.1752436117727,1000000.0,1003612.3304133352,19.72402476191448,0.4112428321026619,12.9033143216111,2.1269922617948387,0.0053311518456596,9.46317158045938,1000000.0,632582.3999629412,0.0899989471585244,1.1785494983277591,False,0.2
naca632615,ok,,0.0651820246306965,0.7751588422916162,4.031764968791031,1.767839999999986,0.4384779404763001,0.4384779404763001,6.200833232557869,1.0730044056208192,0.0804915721840746,1.865307265592063,16.88144009801599,24.94758059616592,8.066140498149933,0.0651820246306965,9.90066036075144,31.292800308125692,0.5862126546173391,39.33619408813327,0.561090291464789,0.006617237070065,7.97291458055434,1000000.0,908027.4390075498,17.692635316053224,0.5929203320588519,13.676637630540736,0.6190505280688425,0.0066281209232906,7.912469815172885,1000000.0,513389.6032679022,0.1499863033601802,1.5513,False,0.2
naca632a015,ok,,0.0639112213107183,0.8398075306998314,3.721398238707891,1.767839999999993,0.4750472501469786,0.4750472501469786,6.566324008772559,1.2767192764739088,0.0791789928681663,1.8151722386538065,16.566084348628586,24.947580596054955,8.381496247426366,0.0639112213107183,10.665054624831525,31.292800308028703,0.5410857917791103,39.62938770435201,4.069087139349326,0.0071196258293349,7.742066344074916,1000000.0,983757.4439631766,19.58501861461751,0.4640877753127458,13.53264070028938,3.281735834036762,0.0067512817528892,8.524593539905746,1000000.0,615697.785517268,0.1498673618652188,1.3549,False,0.2
naca633018,ok,,0.0586112940853566,0.8567571807853689,3.647775980942235,1.767839999991134,0.4846350239782252,0.4846350239782252,6.983777101691612,1.46134268291779,0.1062380605788007,1.82424941941701,15.032715811992253,23.840742333100877,8.808026521108623,0.0586112940853566,11.129476045555927,31.292800306980894,0.5068500356190944,38.63870572093999,4.314606629638303,0.0073368024995706,7.859412823940056,1000000.0,1003612.403356462,20.33617393012092,0.443392847548244,15.048418605606402,3.765314770391493,0.0071864530824531,8.446240179067068,1000000.0,652215.0843921324,0.1801225231555413,1.2059,False,0.21
naca633218,ok,,0.0598322990388316,0.8395596767090627,3.7224968662744686,1.7678399999999694,0.4749070485502518,0.4749070485502518,6.8615223193564905,1.4125304314975486,0.0791836260600415,1.82809576064164,15.380037932378649,24.069656012376782,8.68961807999813,0.0598322990388316,10.845088868930056,31.29280030918749,0.5221986832997445,40.00000000248493,3.261584864913494,0.0104097304654295,7.189178650371879,1000000.0,983467.1057976732,19.7748372968594,0.4720952138132738,14.909419709196948,2.829212640020115,0.0103833719153502,7.479609721216035,1000000.0,621481.6766734787,0.179974463728375,1.2727,False,0.21
naca633418,ok,,0.0631572634610345,0.8270587143627112,3.7787622708338815,1.7678399999994878,0.4678357285517642,0.4678357285517642,6.783166611797702,1.3770847103492276,0.079421436903088,1.8477842131268785,16.316629625390114,24.947580450314696,8.63095082492458,0.0631572634610345,10.505868485801754,31.292800098179136,0.5494264412130063,39.57214771715357,1.7401173457658596,0.0072305854012933,7.741801639613127,1000000.0,968823.3692248266,18.9521922368186,0.5182146807243598,14.29379411143786,1.4731793999852505,0.0071909762257002,8.015473262613815,1000000.0,586758.8288508449,0.1799629830725008,1.3912,False,0.22
naca633618,ok,,0.0637911212091677,0.7917935633738497,3.947061974440249,1.7678399999998493,0.4478875709192671,0.4478875709192671,6.6008653695243975,1.2808553207747932,0.0801328126330379,1.8751640239935627,16.471551115770367,24.94758050928833,8.47602939351796,0.0637911212091677,10.152256836926249,31.29280018297035,0.5738969672825661,39.60459203773712,0.4747982840622163,0.0072561446273009,7.804227112127624,1000000.0,927513.4842970412,18.04687786779108,0.5862497174635495,14.43172574626817,0.5802726655783605,0.0072729514807968,7.699773860727781,1000000.0,534906.5112091609,0.1799498818174217,1.4977,False,0.2
naca634221,ok,,0.0579670468096276,0.8567571808488309,3.647775980708578,1.767839999999989,0.4846350240116958,0.4846350240116958,7.350636185949392,1.6540031378953126,0.1062380602761049,1.8289013944747103,14.842774395471665,24.022311975895764,9.179537580424102,0.0579670468096276,10.97705326671248,31.292800307528488,0.5107101745924433,39.02317986413833,2.8448888986630574,0.007869918779798,7.700990310227384,1000000.0,1003612.4034433372,20.00664314995372,0.4774423258822591,15.737240234702478,2.5630578593925506,0.0078169317018804,7.979072928434606,1000000.0,641646.4815942856,0.2099410560394287,1.2227,False,0.21
naca634421,ok,,0.061526056799379,0.8472187609783772,3.6888444986634825,1.7678399999998808,0.4792395018657991,0.4792395018657991,7.252311852149719,1.623449929184357,0.0790413113072199,1.8307669463940688,15.864501797498376,24.947580596042165,9.083078798543788,0.061526056799379,10.585288715549805,31.29280030773954,0.5363525262033542,39.80230499921535,1.6170157854391802,0.0078145052988169,7.57645494376154,1000000.0,992439.0200163472,19.27295868433516,0.5148100951668205,15.100926940832334,1.4343389514035516,0.0077837482657129,7.754532551075693,1000000.0,611234.4066812858,0.2099193274598962,1.3343,False,0.2
naca63a210,ok,,0.0621945992608751,0.8567571809916409,3.647775980099854,1.767839999999822,0.4846350240925237,0.4846350240925237,6.023678204895624,0.9619588602417752,0.1062380612791488,1.8353004920256863,16.05224513638235,23.911223833303666,7.8589786969213105,0.0621945992608751,10.8269574321415,31.29280030788064,0.5083484599054767,39.24038267259049,3.32950746647989,0.0084868325336505,7.577722510096415,1000000.0,1003612.403622015,19.664277465160303,0.4231152603529853,13.400444055006526,2.6222951835998787,0.0082284520432482,8.268382451212018,1000000.0,630666.2420150907,0.0999027120268174,1.212421404682274,False,0.2
naca641112,ok,,0.0589312093397689,0.8567571809200649,3.64777598040533,1.767839999999999,0.4846350240519874,0.4846350240519874,6.231918469686635,1.0696765878134566,0.1062380607675548,1.8140688933776892,15.13490591373808,23.1808932768024,8.045987363064324,0.0589312093397689,10.98010467396425,31.29280030761789,0.4928217593473797,38.08156178719263,3.6450864976297854,0.0073364809391746,7.978396620678983,1000000.0,1003612.4035296432,20.17583182580595,0.4114954268343417,13.71310997352788,2.845471693296732,0.0059764162754854,9.187622950747734,1000000.0,647072.6452364713,0.1196142003408013,1.1448464882943143,False,0.2
naca6412,ok,,0.0664093823007857,0.7394790437846303,4.226297272205344,1.7678399999999996,0.4182952324784089,0.4182952324784089,5.847837689878739,0.8968865824667314,0.0813143577614309,1.8744457969244528,17.225297109438273,24.947580596241465,7.722283486803192,0.0664093823007857,9.284018861676046,31.292800308215888,0.6144973633913293,39.45852187091156,-0.3851392275294067,0.0076779368809444,7.82241629676865,1000000.0,866231.8297813241,16.50980230513831,0.6833488089532554,13.502657124795787,0.271624900903078,0.0077510879039516,7.296198441923715,1000000.0,457016.1864469857,0.1203796705325934,1.6744,False,0.2
naca64206,ok,,0.0444799878873782,0.8567571805376082,3.6477759820337017,1.7678399999999996,0.4846350238356459,0.4846350238356459,5.460437295098132,0.6565536215784288,0.1062380579056503,1.745829528983971,11.0468859542328,18.253152778314902,7.206266824082102,0.0444799878873782,11.63969423357804,31.292800305892744,0.3880588536186887,29.36066361681848,2.0571423228885743,0.0049861926056295,9.906068640117542,1000000.0,1003612.4030263012,22.223808301130923,0.3037539533441491,13.874327583013889,1.2686665695609782,0.0041277627248342,11.617030977859464,1000000.0,712754.6731346311,0.059899056000224,0.6889,False,0.21
naca64208,ok,,0.0548495296177022,0.8567571808646597,3.6477759806411534,1.7678399999999814,0.4846350240206515,0.4846350240206515,5.71932817873159,0.7955362312316209,0.1062380603878604,1.8429519307834157,13.932106923422188,21.494387032937198,7.562280109515006,0.0548495296177022,10.18077091243198,31.292800307221363,0.4569669299681224,35.750174014140605,2.708665816137163,0.006689622051247,8.482432710674836,1000000.0,1003612.4034520336,18.41388398394863,0.4643126535077517,14.113869828179531,2.78804888757301,0.0068752912294088,8.357590916631686,1000000.0,590564.0332787,0.0798370521369121,0.9888,False,0.2
naca64209,ok,,0.0608640869494233,0.8567571809662952,3.64777598020849,1.7678399999999972,0.4846350240781386,0.4846350240781386,5.848121273662117,0.8645761991226066,0.1062380610687895,1.8384459250841911,15.666436257304325,23.35300345605063,7.686567198746308,0.0608640869494233,10.91918572412447,31.29280030778631,0.4964807917919438,38.13076385858648,2.97862767549391,0.007029979050408,8.026076453380023,1000000.0,1003612.4035892,19.797854943933014,0.4082674132593138,12.994507709761509,2.080430672844033,0.0057002349682527,9.337691885845436,1000000.0,634950.2949803767,0.0897958469306223,1.160771237458194,False,0.2
naca64210,ok,,0.0620416571457432,0.8567571001523856,3.6477763236925407,1.7678399998561385,0.4846349784042142,0.4846349784042142,5.9765522166627525,0.93326724800037,0.1062378779192037,1.842317311533145,16.00124158209294,23.82011111028884,7.818869528195897,0.0620416571457432,10.8618060524715,31.29279969542103,0.5064114868635424,38.1873004458842,2.99657404726616,0.0060860132600525,8.18088423930729,1000000.0,1003612.2893652156,19.652434435832863,0.4214633935413027,13.17248061008481,2.205884515904901,0.0055226217862326,9.264870824657557,1000000.0,630286.3568526303,0.0997544014456807,1.203991304347826,False,0.2
naca642215,ok,,0.0627959038407322,0.8567571645466329,3.6477760500998073,1.7678399999956522,0.4846350147913498,0.4846350147913498,6.612451416042569,1.2725271985048667,0.1062380412409895,1.8439971305594125,16.216487432732574,24.672935979334557,8.456448546601981,0.0627959038407322,10.82079901995832,31.29280017853378,0.5245423420522257,39.16272618680556,3.026217997332369,0.0066314908010831,7.873951690952337,1000000.0,1003612.3802121948,19.560404660491734,0.4601303854368667,13.931275026750258,2.4640568891481567,0.0065507465526645,8.496233217049255,1000000.0,627334.8555332011,0.1496289446660281,1.2829,False,0.21
naca642415,ok,,0.0644050130457158,0.8247134087432612,3.789508249128728,1.7678399999999042,0.4665090781650522,0.4665090781650522,6.424306497778689,1.1957112600015742,0.0794670476523449,1.8619422195427928,16.661331878821773,24.94758059614325,8.286248717321481,0.0644050130457158,10.435339124525145,31.29280030805246,0.5509888864103324,39.423444151362624,1.7620433042415786,0.0066574369166658,7.873158629533657,1000000.0,966076.0654432278,18.68181696688666,0.513479371951871,13.699499778683196,1.4364340474438508,0.0065982661862431,8.227266720339243,1000000.0,576747.8798008424,0.1496289253069889,1.398,False,0.22
naca643218,ok,,0.0598160149017638,0.8567571809036789,3.647775980475085,1.7678399999999963,0.4846350240427192,0.4846350240427192,6.986381309953875,1.4710788613791728,0.1062380606554997,1.8300372437268504,15.373413033092069,24.189831586772797,8.816418553680725,0.0598160149017638,10.85506721666126,31.292800307696155,0.5142716123458635,38.9703976595002,2.913575642227709,0.0073023681644357,7.80497496829286,1000000.0,1003612.4035129598,19.772033335880888,0.4695027025845238,14.957672053321089,2.5312050163462203,0.0072678546514521,8.196519306731606,1000000.0,634122.1528097464,0.1795588952691578,1.2382,False,0.21
naca643418,ok,,0.0628419101315478,0.8431732056609658,3.70654361952844,1.7678399999999983,0.4769510847480352,0.4769510847480352,6.873864417862072,1.4333149527379248,0.0791161680280081,1.8440132027580616,16.229702975346072,24.94758059596621,8.717877620620134,0.0628419101315478,10.533145289027496,31.292800307947385,0.5389259521539846,39.662491040581294,1.6690820063465457,0.0073263209161514,7.690118215494937,1000000.0,987700.0232730564,19.040256460335595,0.5086917584062276,14.450120282229024,1.4105326479692415,0.0072931326484554,7.952121475070521,1000000.0,600970.8803280953,0.1795327087235686,1.3455,False,0.2
naca643618,ok,,0.063485966434118,0.8078358044093483,3.868680056686606,1.76783999999882,0.4569620578841341,0.4569620578841341,6.688629449721904,1.3350019511556497,0.0798008312754153,1.8629335018980624,16.39601739990448,24.947580351524447,8.551562951619966,0.063485966434118,10.134944211503504,31.29279995219527,0.5625003571534918,39.589536589450525,0.4341820799173566,0.0073864423861381,7.745255199941368,1000000.0,946305.4902462896,18.1343817893973,0.5741471420629847,14.504698231042038,0.533695177054349,0.007399225035988,7.648031764683399,1000000.0,548390.2071960529,0.1795407469886071,1.4481,False,0.2
naca644221,ok,,0.0558499047327788,0.8567571807801644,3.6477759809993344,1.7678399999996006,0.4846350239729602,0.4846350239729602,7.358630092380522,1.6681554952721402,0.1062380597878027,1.818378004180814,14.24439482722584,23.421402923787177,9.177008096561336,0.0558499047327788,10.94104142570855,31.29280030731728,0.497934952702638,38.49724832617608,2.7750262678459454,0.0080326131099018,7.762750032394734,1000000.0,1003612.4033563476,20.05641181417892,0.4749448720879424,16.143359652639997,2.5798050982058456,0.0080095095790336,7.947439667163562,1000000.0,643242.6457796416,0.2095664097114794,1.1671,False,0.2
naca644421,ok,,0.059686941425048,0.85675718088429,3.647775980557631,1.767839999999995,0.4846350240317519,0.4846350240317519,7.359623617946596,1.6688400640813372,0.1062380605226666,1.8348503170406607,15.33147764158311,24.525951576570368,9.194473934987258,0.059686941425048,10.70400254411241,31.292800307684367,0.5214174648818658,39.58222505590754,1.5571158710255384,0.0080897492776687,7.567728337298504,1000000.0,1003612.4034898704,19.445732520525823,0.5062054718710521,15.593670364430764,1.4268330224138357,0.008056969143039,7.692710392882271,1000000.0,623657.1403216237,0.2095524480420232,1.2693,False,0.2
naca64a010,ok,,0.0521684287691229,0.8567571805596267,3.647775981933497,1.7678399999984349,0.4846350238485299,0.4846350238485299,6.021901936584341,0.9646057710345156,0.1062380577496273,1.8134892061521712,13.190468711256043,21.02585985399256,7.835391142736513,0.0521684287691229,10.930536018620291,31.292800306868,0.4470061238004032,36.29994950686865,4.313420592558627,0.0087722096159669,7.940949478455516,1000000.0,1003612.4030842604,20.091170070636934,0.4041092452007943,14.874104154679262,3.977498210437123,0.0082384433303003,8.39377975440254,1000000.0,644357.4009878899,0.099908002,0.9454488294314382,False,0.22
naca64a210,ok,,0.0620881802725737,0.8567571809820029,3.647775980141019,1.7678399999998535,0.4846350240870632,0.4846350240870632,6.021370215295277,0.9643154530262228,0.1062380611931105,1.8391081072519049,16.01783077183177,23.87830909437895,7.860478322547181,0.0620881802725737,11.06072893571875,31.292800307878885,0.5076486982864415,38.57377927344725,3.021953310757089,0.0068176040338773,7.980859317932772,1000000.0,1003612.4036106508,20.047269819003542,0.4071805904013351,12.839205613393943,2.101743546173643,0.0052466891538921,9.548463557373752,1000000.0,642949.4468673575,0.0998966137858205,1.2093759197324414,False,0.2
naca64a410,ok,,0.0661702445577435,0.8376919548151358,3.73079656258008,1.7678399999788716,0.473850549158944,0.473850549158944,5.916614487581129,0.9290071137221948,0.0792182759767104,1.8634398552414144,17.167525901959802,24.947580244782344,7.780054342822543,0.0661702445577435,10.445555063544855,31.292799777874954,0.5424523047306604,39.32645894198652,1.772715632365267,0.0059686374886629,8.009320060885392,1000000.0,981279.2243707848,18.68507683816391,0.4744766305516888,12.611208972573696,1.10682899163443,0.0055052450485837,8.836588611331816,1000000.0,585926.4059851124,0.099926212821397,1.3608474916387958,False,0.2
naca651212,ok,,0.0605023802754859,0.8567571240115509,3.647776222188921,1.7678399998756391,0.4846349918950926,0.4846349918950926,6.266313033969737,1.098752865668177,0.1062379808423698,1.8230578424884132,15.577795545235796,23.667166421693945,8.08937087645815,0.0605023802754859,10.812528385967289,31.29279986138597,0.5031598896130863,37.92219920615912,2.9194958089719742,0.005944144721511,8.251024878600532,1000000.0,1003612.3226257392,19.769949393027385,0.4308759218111282,13.81544905069466,2.255104025747932,0.0056725682027616,9.100561807157115,1000000.0,634055.2752204499,0.1199346903668202,1.1898397993311036,False,0.2
naca651212a06,ok,,0.0598190410920414,0.8567571809336525,3.6477759803474776,1.7678399999999987,0.4846350240596734,0.4846350240596734,6.268662941791865,1.1003160891990178,0.1062380608576338,1.819477266313564,15.384843361264046,23.472983569369475,8.088140208105429,0.0598190410920414,10.739243688024384,31.29280030769669,0.4990315481553682,37.51250518044079,3.015552688184529,0.0055285269728602,8.408569570067712,1000000.0,1003612.403548087,19.674595348261988,0.4349963557434571,13.983676843922002,2.435577564940723,0.0054825020901469,9.127497340077865,1000000.0,630997.1537270391,0.1199348001578629,1.171872575250836,False,0.2
naca651412,ok,,0.0651997697256023,0.8513538223081686,3.670927625751276,1.7678399999999996,0.4815785491380265,0.4815785491380265,6.195729635146041,1.0850926899794453,0.0789655365937612,1.8591308469633443,16.892720114038617,24.947580596148004,8.054860482109385,0.0651997697256023,10.297403116041924,31.29280030812847,0.53374743941086,39.11678906047602,1.6236758165567786,0.0057429529738858,8.040667882009366,1000000.0,997282.8648570244,18.46275484565172,0.4950638851250078,13.271949011459707,1.2794314852239286,0.0057077768663896,8.442153889446532,1000000.0,588396.9751611424,0.1199018780687397,1.3229622073578595,False,0.2
naca65206,ok,,0.0441222853692236,0.8567571805152794,3.64777598212877,1.76784,0.4846350238230153,0.4846350238230153,5.477933755761052,0.6709250063308329,0.1062380577239654,1.7725803514562533,10.91725770848108,18.167771815698387,7.250514107217305,0.0441222853692236,11.780793363389796,31.292800305835705,0.3862436692137379,30.417431736686865,2.101077534624121,0.0062628220432676,9.31727757923959,1000000.0,1003612.4029983156,22.153755218508344,0.3075549074951412,14.06667372352968,1.3208234422348255,0.0045824759827078,11.180849440918347,1000000.0,710507.9536821549,0.0599601510047445,0.681,False,0.2
naca65209,ok,,0.0590794765563642,0.856757181061979,3.6477759797866938,1.767839999996506,0.4846350241332203,0.4846350241332203,5.874268929519242,0.8863385174098,0.1062380621017909,1.8140769684083728,15.17754039350712,22.86588629143473,7.688345897927615,0.0590794765563642,11.128690029299754,31.292800307465065,0.4861247655499186,38.24501118524376,3.03425298687208,0.0080912125611831,7.839750126432,1000000.0,1003612.403692964,20.448764896423327,0.382778304995394,12.783645924436776,1.888615493035029,0.0050590858191244,9.93446974206737,1000000.0,655826.0650567579,0.089918430331873,1.1157,False,0.2
naca65210,ok,,0.0529075144762727,0.8567571808022957,3.647775980906702,1.7678399999999872,0.484635023985373,0.484635023985373,6.00550910063876,0.9574795922026034,0.1062380599454274,1.8401325442180392,13.376390924911902,21.222032569768704,7.8456416448568,0.0529075144762727,10.28914629462273,31.29280030701264,0.4511767214885225,35.04951060674226,2.5548547412677824,0.0062798997838792,8.670965372171691,1000000.0,1003612.4033722824,18.63841516372051,0.4701744981023272,14.687127488894246,2.754227894300663,0.0066612133532084,8.367602357445456,1000000.0,597765.1234146667,0.0999174350687072,0.9636,False,0.2
naca652215,ok,,0.060267453381374,0.8567571809261493,3.6477759803793743,1.7678399999999868,0.4846350240554324,0.4846350240554324,6.654440550885978,1.3084901610283348,0.1062380608079467,1.818421514276382,15.51486521935906,23.98772728452142,8.47286206516236,0.060267453381374,10.630141269911654,31.292800307735003,0.5099749100161198,38.24103671990477,2.911775916860675,0.0063273635292343,8.083698507361088,1000000.0,1003612.4035405332,19.48602343012824,0.4645497787477307,14.373258127418865,2.5114710185710525,0.0063109592157837,8.5285676630555,1000000.0,624949.3371586871,0.1499496241270044,1.2195,False,0.2
naca652415,ok,,0.0638433143643413,0.8508272044533849,3.673199739314665,1.7678399999999996,0.4812806614022678,0.4812806614022678,6.58585446021796,1.29401399548212,0.0789751460933864,1.850831123023154,16.51089501280279,24.947580596043903,8.436685583241115,0.0638433143643413,10.32860679955004,31.292800308026493,0.534077801358777,39.32841112773301,1.6135840440493563,0.0064375537075902,7.876770198311992,1000000.0,996665.9803703316,18.601745401599644,0.511127705002383,14.00259768070272,1.4149571961580718,0.0064156399335565,8.09502058078486,1000000.0,592459.8193447469,0.1499318558571025,1.3244,False,0.2
naca652415a05,ok,,0.0617964391061798,0.8567571809510828,3.6477759802732463,1.767839999999994,0.4846350240695343,0.4846350240695343,6.656730557175654,1.3098951007475508,0.1062380609688954,1.8678076607944365,15.905224681595865,24.42976289956595,8.52453821797009,0.0617964391061798,10.743816387748709,31.29280030786346,0.5193725102917746,38.82807986497605,1.8914743318318088,0.0063463929567256,7.990260692369051,1000000.0,1003612.403573856,19.17366656332453,0.4827353310658864,14.340876676021432,1.573548251054992,0.0063276805173589,8.345493934794115,1000000.0,614931.5304359745,0.1499491833174475,1.2604,False,0.2
naca653218,ok,,0.0562505552330031,0.8567571807345206,3.647775981185788,1.7678399999976908,0.4846350239476648,0.4846350239476648,7.038053948733506,1.5149736386280883,0.1062380594773585,1.823800455655037,14.354201900324233,23.21605630471277,8.861854404388543,0.0562505552330031,10.89260555435422,31.292800307321013,0.493569319320783,37.84966982417302,2.7451446326650517,0.0070530371417437,8.045713334174891,1000000.0,1003612.403304084,19.908255351400317,0.4654861571474328,15.61833698298182,2.5029533752246262,0.0070352260131906,8.299321562787808,1000000.0,638491.0203813193,0.1799630647823321,1.1481,False,0.2
naca653618,failed,airfoil 'naca653618' not found in the aerosandbox UIUC database,,,,,,,,,,,,,,,,,,,,,,,,,,,,,,,,,,,0.0
naca65410,ok,,0.0659629394528017,0.8550018488798815,3.655264920997954,1.7678399999997243,0.4836420993302645,0.4836420993302645,5.976237031294758,0.9547132155907324,0.0904708522615168,1.8699819989658368,17.101361306073944,24.94758033633454,7.846219030260594,0.0659629394528017,10.49428037629838,31.292800173907917,0.5314701043548514,39.07660030093735,1.6276148952489875,0.0052762092736441,8.14972260277703,1000000.0,1001556.1888711064,18.70656220595006,0.4677477709635644,12.826538398007967,1.049289657425826,0.0051777383022381,8.876573149598043,1000000.0,598721.5284585978,0.0999230674438576,1.3130508361204012,False,0.2
naca654221,ok,,0.0521758851528255,0.8567571806745863,3.647775981450482,1.7678399999999963,0.4846350239131302,0.4846350239131302,7.4166674764085245,1.718378661023103,0.1062380589904917,1.8056996456896188,13.200402773064916,22.42276989516306,9.222367122098143,0.0521758851528255,10.958321638445277,31.292800306930346,0.4767041882672344,37.24442898534655,2.6065492014516214,0.0077486884590178,8.003259053431378,1000000.0,1003612.403220038,20.229133279176786,0.4691766822746318,16.73736360864221,2.5424630018292573,0.0077433971393826,8.065268275073025,1000000.0,648782.1117395101,0.2099537768316108,1.0747,False,0.2
naca654421,ok,,0.0554153330094286,0.85675688710009,3.6477772293111785,1.767839999496345,0.4846348579872493,0.4846348579872493,7.417678996846495,1.7190611090264825,0.1062363810414163,1.8217173445544703,14.11607077718238,23.355467118583345,9.239396341400964,0.0554153330094286,10.710933579495352,31.29279880466293,0.4965333868574931,38.35674524074168,1.3529329839531286,0.0077626714736027,7.839922782632671,1000000.0,1003612.0114301756,19.598601307922955,0.500774440618055,16.42968690752893,1.3891670984661202,0.0077657323189124,7.805054879690281,1000000.0,628559.6824574125,0.2099258562636668,1.161,False,0.2
naca654421a05,ok,,0.0543139480424459,0.8567571807470279,3.6477759811420447,1.7678399999999947,0.484635023954108,0.484635023954108,7.41979353479387,1.7203858022382317,0.1062380595401083,1.8109717197368296,13.810050610759683,23.040815865290384,9.2307652545307,0.0543139480424459,11.073746441946115,31.29280030716636,0.4898437380545493,37.99743008413612,1.5050986476898711,0.0078056594338017,7.882853252038471,1000000.0,1003612.4033124668,20.38269716612941,0.462554560440858,16.4167776977053,1.2712107309175082,0.0077795131226854,8.108127756385972,1000000.0,653707.1622894882,0.2099255374923069,1.1318856187290969,False,0.2
naca66-018,ok,,0.0480773361074127,0.8567571804714045,3.6477759822932656,1.767839999994594,0.4846350237996789,0.4846350237996789,7.150443417902712,1.5999981072438787,0.1062380578196244,1.8044076446051307,12.022927101110335,20.97777816361818,8.954851062507842,0.0480773361074127,11.52722346192785,31.292800306348948,0.4459839154845976,34.33507394431758,3.8803105042681,0.0066354745707224,8.60295369935967,1000000.0,1003612.4029664496,21.29456629232733,0.4111206905773531,16.46399385043469,3.580040110408782,0.0067719975400614,8.875776730902317,1000000.0,682952.3288919262,0.17996,0.941,False,0.21
naca661212,ok,,0.0578012546265704,0.8567571808066415,3.647775980870169,1.7678399999956182,0.484635023989029,0.484635023989029,6.339835106514061,1.1538283575028143,0.1062380601597537,1.828589252648624,14.79540369554642,22.963828054709104,8.168424359162685,0.0578012546265704,11.066372180121462,31.292800307378396,0.4882069905498821,37.52301250541278,2.9973687189379707,0.0068150664333546,8.157339315265233,1000000.0,1003612.4033915836,20.172877650703228,0.4178795780542939,14.060078129273975,2.18646814620541,0.0057104800252291,9.228199605903884,1000000.0,646977.8998197542,0.119997871680467,1.1247622073578594,False,0.23
naca66206,ok,,0.0430178454028441,0.8567571803946996,3.647775982639996,1.7678399999994765,0.4846350237549515,0.4846350237549515,5.513496009066314,0.6974843435761472,0.1062380566752926,1.7708736620764294,10.60132073548507,17.885690406627813,7.284369671142743,0.0430178454028441,11.782049400803032,31.292800305651905,0.3802466675718661,30.93223472209896,2.2077696438699173,0.0064434141961313,9.291443067389835,1000000.0,1003612.40285147,22.177470275675574,0.3083305307966485,14.80086541017696,1.387317926810228,0.0047701764086204,11.021516907288662,1000000.0,711268.5350987205,0.0599997600991165,0.6549,False,0.2
naca66209,ok,,0.0482504497671255,0.8567571806539608,3.647775981537552,1.7678399999998156,0.4846350239015127,0.4846350239015127,5.928017614201815,0.9266091871872236,0.1062380588382972,1.7937449219812591,12.08337836681497,19.805140902998044,7.721762536183075,0.0482504497671255,11.38029614379502,31.2928003064387,0.4210538511676977,33.09743995756263,2.417832346075305,0.0065748304645036,8.859071608202386,1000000.0,1003612.403180212,21.14811309816384,0.3594361535520295,14.27161934469873,1.698656717257838,0.0049410514247454,10.288796691012674,1000000.0,678255.3303421696,0.0899790477343478,0.8325,False,0.2
naca66210,ok,,0.0570354804733968,0.8567571807815826,3.647775980972913,1.7678399999946617,0.4846350239751164,0.4846350239751164,6.065296253653624,1.0023886591797142,0.1062380600155932,1.844073911640327,14.559677725153405,22.469047890447357,7.909370165293952,0.0570354804733968,10.056401355063793,31.29280030729026,0.4776880503269693,37.35001390594805,2.982888217992841,0.0074636956089741,8.072347093101127,1000000.0,1003612.403359946,18.177871092159737,0.4983155361660789,14.69467187766498,3.232915315802296,0.0080674885854391,7.751369538384027,1000000.0,582994.7053514267,0.0999985917807798,1.078981939799331,False,0.21
naca662215,ok,,0.0574906261598537,0.8567571808681012,3.647775980626532,1.767839999999989,0.4846350240225962,0.4846350240225962,6.747329071549113,1.3783868221626288,0.1062380604114659,1.8185751178235925,14.716079190980366,23.281983380353072,8.565904189372706,0.0574906261598537,10.72741091545811,31.29280030748408,0.4949709174011083,37.53999983586537,2.800943689319752,0.0061415615413635,8.278303142864218,1000000.0,1003612.4034644864,19.662666685803085,0.4612505984347294,15.042026813654685,2.50433456349962,0.0062247987720431,8.588558784374513,1000000.0,630614.5815381167,0.149896254992115,1.1542,False,0.2
naca662415,ok,,0.0616214164990967,0.8567571809443817,3.6477759803018,1.7678399999999994,0.4846350240657424,0.4846350240657424,6.748137448569141,1.378876746656653,0.1062380609286603,1.8344102964398636,15.888284477947332,24.47083222295634,8.582547745009004,0.0616214164990967,10.432128798116,31.29280030784976,0.5202456369685861,38.93941077291355,1.4889454299328762,0.0065060379286274,7.943165848218175,1000000.0,1003612.403565564,18.95637128066384,0.4972266302679,14.518302865870108,1.2862259956836513,0.0065235217047887,8.152690087360268,1000000.0,607962.5075642689,0.1498954977226701,1.2642,False,0.2
naca663218,ok,,0.0523861468534736,0.8567571807041772,3.647775981324494,1.7678399999999963,0.4846350239298686,0.4846350239298686,7.150848313348591,1.6003002926671972,0.1062380592175506,1.8106835948059352,13.255891369930708,22.217423278085235,8.961531908154527,0.0523861468534736,10.913137887364517,31.292800306954422,0.4723385548844148,36.73822940134938,2.575973337988582,0.0072207217613365,8.185485197771579,1000000.0,1003612.4032554732,20.090272201927068,0.4622311167607145,16.302644028612296,2.4882178819319214,0.0072371574187997,8.268073065491718,1000000.0,644328.6049459664,0.1799539651057861,1.0557,False,0.2
naca663418,ok,,0.0568059836878153,0.856757180830871,3.647775980785053,1.767839999999991,0.484635024001536,0.484635024001536,7.151744577440858,1.6008683660986434,0.1062380601482607,1.829120930717813,14.508626032411392,23.489491540570064,8.98086550815867,0.0568059836878153,10.639271007839668,31.29280030741868,0.4993825048207333,38.36038842021787,1.3269028824389428,0.007514251502676,7.8782653243185985,1000000.0,1003612.403418776,19.388677969412036,0.497359436868557,15.843506596008623,1.3091983676924694,0.0075137284894228,7.89518338642313,1000000.0,621827.3054770732,0.1799516852467063,1.1734,False,0.2
naca664221,ok,,0.0477219577147601,0.8567571804411869,3.647775982441418,1.7678399999993184,0.4846350237812908,0.4846350237812908,7.553106932757998,1.8213796273525893,0.1062380571522016,1.782085268525425,11.943040486533189,21.278232687816608,9.335192201283425,0.0477219577147601,10.971968484628244,31.292800306368257,0.4523715264327836,36.19692548384713,2.4404370986438635,0.0084977303694268,7.981423932775173,1000000.0,1003612.40292899,20.522715118091085,0.4614261420187641,17.497748906343904,2.5186475601915554,0.0084871645209527,7.919931786891742,1000000.0,658197.7717763702,0.2099918112755451,0.9688,False,0.2
naca671215,ok,,0.054446806027943,0.8567571807891646,3.6477759809626606,1.7678399999999996,0.4846350239779419,0.4846350239779419,6.826221558724662,1.4341862786140531,0.1062380598520357,1.821157742030612,13.838075354441273,22.48545465519655,8.647379300755274,0.054446806027943,10.84082677611845,31.29280030718059,0.4780368552920163,36.75303120495377,2.8355528603856186,0.0065994190858807,8.311957486724133,1000000.0,1003612.40336228,19.84237192624292,0.4572417750638259,15.577204800371463,2.6372299872929936,0.0067028485560095,8.475706916171863,1000000.0,636378.0288699609,0.14994,1.0805,False,0.21
naca747a315,ok,,0.0586841635512365,0.856757112396571,3.647776271397424,1.7678399998164958,0.4846349853411528,0.4846349853411528,6.67965479684464,1.320426466287946,0.106237936248865,1.831483916962848,15.046439291171511,23.557578004979003,8.511138713807489,0.0586841635512365,10.885123005678112,31.29279979817554,0.5008300675335638,38.28837219514087,3.212374090283717,0.0071141561962897,7.966383144089918,1000000.0,1003612.3070261688,19.811117649577696,0.4514589986421015,14.783835077494684,2.786103430488076,0.0070554109339948,8.417486128319446,1000000.0,635375.6013298221,0.1498359839427072,1.1797,False,0.2
naca747a415,ok,,0.0599028157210957,0.8567570182414657,3.647776672331116,1.767839999829505,0.4846349320776165,0.4846349320776165,6.680410605774111,1.320905970203372,0.1062372940411753,1.8585291036729248,15.36988617505112,23.908825884498157,8.538939709447035,0.0599028157210957,10.92487381508762,31.292799295106725,0.5082976093349414,38.68998481672239,2.543474838559183,0.0071597662796598,7.890316917464448,1000000.0,1003612.180590466,19.59412202818041,0.4630213071907641,14.667269269907765,2.153401127254863,0.0071161234052749,8.297093291666837,1000000.0,628416.120590811,0.1498422506537442,1.2122,False,0.2
nacacyh,ok,,0.0654834357199328,0.817939587457182,3.8208913146211647,1.76783999999999,0.4626773845241574,0.4626773845241574,6.1141455671601,1.035683386330052,0.0795997806302588,1.843346484499008,16.990088544514403,24.947580596173516,7.9574920516591074,0.0654834357199328,10.495359822281475,31.292800308147974,0.5555519376463398,39.36589090038889,1.9203827244499043,0.0066566545368378,7.885656363876383,1000000.0,958141.1555165544,18.978815450664715,0.4817515241080407,12.831624605445326,1.4257131742292102,0.0062545363008448,8.68419787205154,1000000.0,581104.4069935953,0.117,1.4178591973244146,False,0.2
nacam12,ok,,0.065234367650058,0.7958539481580095,3.926924372032527,1.7678399999999996,0.4501843765035351,0.4501843765035351,6.072766146498494,1.0212456674865489,0.0800482281243046,1.8439636536580668,16.917837880158604,24.834567680315168,7.916729800156561,0.065234367650058,10.595048014430075,31.29280030983719,0.5683824889649975,40.00000000282733,3.452841296730871,0.0092166585288922,7.417644176493679,1000000.0,932269.8561666128,19.15266965523164,0.4836822278319627,12.906202708728534,2.680857385895475,0.0091080039803654,8.013681523071778,1000000.0,570593.1207146207,0.1193,1.4737,False,0.2
nacam18,ok,,0.0651647167668379,0.8261603953137355,3.78287107845829,1.7678399999999996,0.4673275835560547,0.4673275835560547,6.20581107961998,1.0909655224549983,0.0794389813295345,1.8550991834686568,16.88667033305645,24.947580596145087,8.060910263088637,0.0651647167668379,10.539346655121845,31.292800308125884,0.5500238516239854,39.40602744862521,3.0197989248601016,0.0067901001377154,7.840762532875663,1000000.0,967771.0774070964,18.937615751296228,0.4852610468076942,13.08304915814784,2.536428887425884,0.0065545986193626,8.492337275050893,1000000.0,585670.7171839286,0.1196,1.3938,False,0.2
nacam2,ok,,0.0618932721340634,0.8567571809814812,3.6477759801438343,1.7678399999999976,0.4846350240867286,0.4846350240867286,5.825397535376915,0.8589777448460756,0.1062380611661042,1.835534035800652,15.965348075297822,23.62627964647539,7.660931571177567,0.0618932721340634,11.10605635859334,31.292800307871733,0.50229059605902,39.30388060580769,4.3719408349217845,0.00923335367294,7.453440365705357,1000000.0,1003612.4036097286,20.168619671402475,0.3920828037496758,13.053489328110642,3.327534280504727,0.0082955183152819,8.449833290684593,1000000.0,646841.3394379066,0.0806,1.1860565217391303,False,0.23
nacam3,ok,,0.0638163792006631,0.8230506132401447,3.797164129793471,1.7678399999999992,0.4655684978505663,0.4655684978505663,6.181989950447954,1.077747892410584,0.0794994291266414,1.834608065651801,16.519371351855686,24.53596936795544,8.016598016099755,0.0638163792006631,11.403295834373967,31.29280031000309,0.5429928842385577,40.00000000273333,5.064537878973405,0.0095845948737955,7.328458165309604,1000000.0,964128.2531841624,20.71885915375354,0.404704660053149,12.479856867022784,3.8514641112640495,0.0076756625092926,8.824362221418301,1000000.0,638346.1143134467,0.119,1.3632,False,0.2
nacam6,ok,,0.0648454946218182,0.8456971367219224,3.695481668193976,1.7678399999999996,0.4783787767682158,0.4783787767682158,6.2976213131452,1.1374696943713851,0.0790693835367623,1.8437004589985784,16.806258823976087,24.947580596119867,8.141321772143778,0.0648454946218182,10.85295535065355,31.292800308102247,0.5373175608129062,39.81602900884142,3.3206499104042715,0.007856415184261,7.57050916021769,1000000.0,990656.5768673152,19.621689444695058,0.4459781503005323,13.016009700022614,2.6273257863632216,0.0074237392634451,8.427652795456112,1000000.0,621176.6127112058,0.1201,1.3385,False,0.21
nasasc2-0714,ok,,0.0660930468660956,0.7175844537748857,4.355248011797686,1.76784,0.405910293790663,0.405910293790663,5.938817687933999,0.9495202492437304,0.081859544209195,1.8680649772343867,17.140697931054007,24.94758059622239,7.806882665168386,0.0660930468660956,9.76417188769946,31.29280030819334,0.6332466099267767,39.75285092594304,0.6486672874558971,0.0090703520735857,7.604819910995997,1000000.0,840584.3270883004,17.422969769418867,0.6392438854170854,13.21558694922733,0.7140488543879828,0.0092414413962445,7.533744315000487,1000000.0,468014.2133419795,0.1393333333333333,1.756,False,0.22
ncambre,ok,,0.065789080226124,0.8042221992392306,3.886063165819064,1.767839999999314,0.4549179785724628,0.4549179785724628,6.026240130507748,0.9893947231962096,0.0798749797162586,1.837792364162808,17.08354798770879,24.947580482379347,7.864032494670556,0.065789080226124,10.837717135850315,31.292800141219832,0.565027831707205,39.70432212481833,4.103997476643526,0.0076431756694149,7.6980770866693025,1000000.0,942072.4891877312,19.657130201770386,0.4513727447382147,12.483060160428057,3.2520404278800905,0.0069616385163646,8.849007788032253,1000000.0,591779.6264922965,0.1151911445380828,1.4591,False,0.2
nl722343,ok,,0.0661305650051717,0.839513665192405,3.722700886451601,1.7678399999999996,0.4748810215813677,0.4748810215813677,5.799256483539974,0.8700086962548522,0.0791845023483849,1.8572443532828284,17.16230899924928,24.81880983607208,7.656500836822802,0.0661305650051717,10.64009139121715,31.292800310019334,0.5384813199049976,40.00000000299424,3.096037835410184,0.0087723297808918,7.412937588264975,1000000.0,983413.207555008,19.09655627239703,0.4460656372029853,12.241963914026448,2.214603533057045,0.008086688131636,8.263413890225149,1000000.0,600131.8345127376,0.0861154422885594,1.3435648829431437,False,0.2
nl722362,ok,,0.0639270665661407,0.8567571810021536,3.647775980039139,1.7678399999959558,0.4846350240995302,0.4846350240995302,5.956171665811333,0.9377891077321936,0.1062380606041472,1.8600502714330176,16.525763508062518,24.341985445306868,7.81622193724435,0.0639270665661407,10.808310668202044,31.2928003076431,0.5175063768568393,39.72448810234105,2.7093690513790247,0.0083875482564562,7.531989616794889,1000000.0,1003612.403628906,19.36920887605028,0.4337322168468353,13.019596662101526,2.050313249088391,0.0078831548852661,8.30170822405043,1000000.0,621202.8992411795,0.0861435892041124,1.252278260869565,False,0.2
nlf0115,ok,,0.0640982198289173,0.8239918145462767,3.7928268344761578,1.767839999999949,0.4661008997116823,0.4661008997116823,6.512542095815453,1.2625848736398848,0.0794810848843188,1.8600179164793096,16.575020583802512,24.947580596097275,8.372560012294763,0.0640982198289173,10.670231728736884,31.29280030803501,0.5514714038042636,39.50555245612519,2.5906671789728835,0.0069862819476104,7.801207042061433,1000000.0,965230.784069428,19.122094889877506,0.4956450252884188,13.731720253877809,2.0842457080512844,0.00694615075386,8.301123099777294,1000000.0,589823.6802689476,0.1496080807315409,1.4001,False,0.2
nlf0215f,ok,,0.0654069443164572,0.7506216094411378,4.163560209686549,1.7678399999999996,0.4245981590195594,0.4245981590195594,6.136144960770465,1.0529622286645093,0.0810490296080152,1.8684358060491064,16.942999829352345,24.94758059617192,8.004580766819572,0.0654069443164572,9.534612848728235,31.292800308143672,0.6053754874282778,39.56476979109653,-0.263916659737504,0.0080122690345009,7.732826247705267,1000000.0,879284.322771789,17.0099731155863,0.6573801580547839,13.920712425822416,0.2060382897756244,0.00831596715275,7.300127094032071,1000000.0,477956.6719509061,0.1497143726068448,1.6347,False,0.2
nlf1015,ok,,0.064609910416769,0.7914133235387932,3.948958366818304,1.7678399999999996,0.4476724836743107,0.4476724836743107,6.365376765641541,1.182224464711369,0.0801414167124109,1.843116486229873,16.739087344236875,24.94758059610829,8.208493251871413,0.064609910416769,9.098369954522132,31.29280030808465,0.5741726973439163,39.221575936754334,-1.6446389164889903,0.0065336263609924,7.961351480778642,1000000.0,927068.0719372968,16.454684267104223,0.6832620453688224,14.774704221162631,-0.7068955014091929,0.0067200463539426,7.039305357351049,1000000.0,487479.9400391207,0.1499064338213216,1.4989,False,0.2
nlf414f,ok,,0.0639615398827122,0.793727585411599,3.937444436908833,1.7678399999999947,0.4489815737915203,0.4489815737915203,6.293386331641229,1.1538320049713056,0.0800923693299744,1.8567085015378864,16.539020047316363,24.68911488049548,8.150094833179116,0.0639615398827122,10.278325211293277,31.292800250646454,0.5665673041858901,39.99999988029631,2.1117195034324205,0.0095820868010031,7.374200082123338,1000000.0,929779.0156097498,18.452591782321385,0.5378767317083603,13.808246734623888,1.875139236031829,0.0099666059004536,7.480118301439185,1000000.0,548267.7320467958,0.141684409294194,1.4658,False,0.2
nlf415,ok,,0.0637966941852625,0.8518900512829277,3.6686169311325503,1.7678399999999788,0.4818818735196273,0.4818818735196273,6.59926270773691,1.322709756267077,0.0789557618609515,1.8589642901955377,16.48935359813473,24.947580596067176,8.458226997932448,0.0637966941852625,10.249870495489064,31.29280030800759,0.5334114678382034,39.93834708980277,0.8318284919869589,0.0081880590963076,7.48788065044347,1000000.0,997911.007881561,18.379177677140703,0.5242639017561217,14.173112785468348,0.7529205668558153,0.0082212949951479,7.55014194372579,1000000.0,586102.3474826734,0.1501383801809052,1.3215,False,0.2
nlf416,ok,,0.0652751666370236,0.7469488535256552,4.184032482074967,1.7678399999999994,0.4225206203760835,0.4225206203760835,6.174045024132649,1.053421202819001,0.0811356116745225,1.8610353460366695,16.9125002259942,24.94758059616352,8.035080370169318,0.0652751666370236,10.114812835279649,31.29280030813401,0.6083521255102206,39.630711550260735,1.3631986906097084,0.0082982716243414,7.684649086970131,1000000.0,874982.026305187,18.116820218416827,0.584577010224363,13.354077771183452,1.155371936882101,0.0082480732578471,7.871045726140228,1000000.0,506566.7472653994,0.1594441005350745,1.6476548494983276,False,0.2
nlr1t,ok,,0.0663002951325806,0.8400447297600382,3.720347446834111,1.767839999996948,0.4751814246546568,0.4751814246546568,5.879211657678444,0.9219089869754932,0.0791745116554395,1.8712426905597173,17.19712616110332,24.94758050934148,7.750454348238161,0.0663002951325806,10.500957909536677,31.292800177881208,0.5409330107993561,39.85506625401414,3.050621161839225,0.0080999656110897,7.530316560036974,1000000.0,984035.296800946,18.70585424775603,0.4703010809789778,12.476439202574175,2.369283132154378,0.0076895420303875,8.18869602721752,1000000.0,588225.4298743348,0.0869988894173602,1.3542351170568565,False,0.2
nlr7301,ok,,0.0622991381996702,0.7520765770553326,4.155505384619981,1.7678399999999996,0.425421178984146,0.425421178984146,6.371529356198592,1.175182720964587,0.0810149637555273,1.8467180440897777,16.07089361890959,24.28914101919796,8.21824740028837,0.0622991381996702,10.607539157138124,31.29280030970233,0.5882576093570269,40.00000000258547,2.842652785821476,0.0110907349924001,7.254734922540383,1000000.0,880988.6838375365,19.14664990158516,0.5316647577858818,13.84018531323036,2.3391072376416853,0.0107534542917997,7.636348050970828,1000000.0,539037.1500714078,0.16518,1.5602,False,0.2
nn7mk20,ok,,0.0633912945562511,0.8398431943103012,3.721240210997403,1.7678399999999996,0.4750674236980164,0.4750674236980164,6.715858110613074,1.3483224516482453,0.0791783246834921,1.85378887497724,16.377933610420172,24.94758059601049,8.569646985590314,0.0633912945562511,10.257046746028989,31.292800307991545,0.5410628147844616,39.52791773403437,0.7402484201369519,0.0071338440211602,7.738850478106229,1000000.0,983799.2206084336,18.443392492856766,0.5350439102392649,14.356122216948355,0.6875001313829104,0.0071282232515371,7.791215312751294,1000000.0,579832.9002602608,0.1685603896518684,1.3548,False,0.2
npl9510,ok,,0.0622664134838969,0.8149210941348406,3.8350440160319073,1.7678399999999983,0.4609699374009193,0.4609699374009193,5.9499038513846365,0.9414722398712776,0.079659622785345,1.8421165455490696,16.06608328985178,23.858103686785487,7.792020396933706,0.0622664134838969,10.782446104435616,31.29280030968166,0.5332585438976662,40.00000000294044,2.706491019693256,0.0111916004201413,7.125991728658204,1000000.0,954605.267676092,19.510973451504665,0.4480051052377779,13.207520631050402,1.9391142180711043,0.0104576258558181,7.732895250699091,1000000.0,595193.7138886311,0.110759030251595,1.320834448160535,False,0.2
npl9615,ok,,0.0652182172631809,0.8518166663697349,3.668932986389191,1.767839999999999,0.4818403624591226,0.4818403624591226,6.190424010959296,1.077059860362914,0.0789571005959526,1.8327749153387751,16.924381669849932,24.947580596148,8.023198926298072,0.0652182172631809,10.927581633738852,31.292800308129625,0.5334574218020273,39.73675913439151,4.056457143556438,0.007480353234787,7.63981552878109,1000000.0,997825.0441949654,19.87438381419024,0.4253244983394211,12.65432375343082,3.205575311993815,0.0067222271627007,8.801987664932883,1000000.0,633729.091435454,0.1130013121295648,1.3217,False,0.2
npl9626,ok,,0.065189070868284,0.8345624991866543,3.7447863624899727,1.767839999999924,0.4720803348644052,0.4720803348644052,6.198806691592999,1.0762346039676098,0.0792779043412336,1.8285513584706052,16.92022254621225,24.947580596275856,8.027358050063604,0.065189070868284,11.019586879791351,31.29280030775862,0.5444863903478048,39.941547316576646,4.359192909625961,0.0083662085389222,7.486203490234332,1000000.0,977613.3709305573,20.08800906565384,0.4251540251464938,12.340364261530762,3.3963811652610114,0.006900722521907,8.867617375958853,1000000.0,627566.2792980657,0.1206190419038224,1.3697,False,0.2
npl9627,ok,,0.0656733696251275,0.7947527545597906,3.932365440282192,1.7678399999999987,0.4495614730743682,0.4495614730743682,6.059519418996757,1.0042449605017685,0.0800712399774111,1.8535125353553212,17.03454864183399,24.947580596186068,7.913031954352078,0.0656733696251275,11.099948979715718,31.292800308162807,0.5717601104019072,39.820083572227006,4.306973591349169,0.008409065450756,7.560689113258994,1000000.0,930979.9088848996,19.962006852730998,0.4456652714650246,12.224163873700276,3.340987029233432,0.0070434464968872,8.946535344958294,1000000.0,593881.8877793911,0.1215518980051289,1.4884,False,0.21
npl9660,ok,,0.0656019012496064,0.8259534107526671,3.783819068850435,1.7678399999966057,0.4672105002456405,0.4672105002456405,6.080073791608296,1.018972243813424,0.0794426655992582,1.8491487043101804,17.01835790607069,24.947580401989168,7.929222495918476,0.0656019012496064,11.07728306185218,31.2928000206244,0.5501616937834206,39.78361204713281,4.4444185073630775,0.0080215273582113,7.575239254521497,1000000.0,967528.6051037464,19.968257169785105,0.4294385704759202,12.316887854390846,3.253292716129101,0.0068981038908393,8.896296713128631,1000000.0,617389.9425139896,0.1130013121295648,1.3944,False,0.2
nplx,ok,,0.0642847241678377,0.8189280219343327,3.816279553138264,1.767839999999988,0.4632365043976481,0.4632365043976481,5.923358990596923,0.9343827438385178,0.0795801322341211,1.8469302169637745,16.641748112659602,24.4120373202203,7.7702892075606975,0.0642847241678377,10.909632930431442,31.292800231347066,0.5429699012827099,39.99999978799214,4.068955267929246,0.0099109625205312,7.2914419923499425,1000000.0,959299.013432806,19.689668167983317,0.4365369153242691,12.663914381497513,3.0540069972186923,0.0090793612349182,8.162582959333353,1000000.0,603598.243325143,0.1066386993243243,1.3631,False,0.2
oa206,ok,,0.0572885755739782,0.8567571809197034,3.647775980406867,1.7678399999999983,0.484635024051783,0.484635024051783,5.537694879666043,0.7007360518163084,0.1062380607647462,1.824840091462581,14.65170323798809,22.014238209116712,7.362534971128625,0.0572885755739782,11.074231891821492,31.29280030746559,0.4680188755226397,36.69067597255855,4.005750492783986,0.0071849587151198,8.233218351712484,1000000.0,1003612.4035243352,20.228680024497688,0.37457677461562,13.392178187495569,3.214678746687517,0.0062469076869567,9.434833298812713,1000000.0,648767.5752900708,0.0600707846762119,1.0369,False,0.2
oa209,ok,,0.0670155573987491,0.7795257227351859,4.009179138610243,1.7678399999999943,0.440948119023887,0.440948119023887,5.673498039038602,0.8071037827021197,0.0803961031361512,1.8376527009713917,17.436429856273556,24.947580596283547,7.5111507400099935,0.0670155573987491,10.773561451434398,31.292800308257867,0.5829287083611497,39.74394937736749,4.40345175604794,0.0082450879298065,7.625618242054087,1000000.0,913142.8386550472,19.542251637536378,0.4500213755823689,11.852610112305214,3.2379238292585653,0.0075493585932605,8.853462525883353,1000000.0,570254.7217962506,0.0900901411681686,1.5370076923076923,False,0.2
oa212,ok,,0.0655879788280063,0.7904011648004348,3.9540152580477343,1.7678399999998928,0.4470999438865976,0.4470999438865976,6.08407833246814,1.025781143555129,0.0801627767396478,1.8410781943994032,17.022424069363012,24.94758059623056,7.925156526867543,0.0655879788280063,10.856880734346005,31.292800308139636,0.5749079618384937,39.62078514879991,4.466432697715986,0.0077094071250236,7.712000860821092,1000000.0,925882.4208737828,19.656743835166537,0.4628533791987688,12.654605691019832,3.470894743679557,0.0072967537380126,8.74647309902352,1000000.0,581598.1116865979,0.1200831123974014,1.5021,False,0.2
oa213,ok,,0.0657039472596215,0.778392890359422,4.015013888620816,1.767839999999089,0.4403073187391524,0.4403073187391524,6.0507248634939605,1.0029584716884292,0.0804199971200866,1.9312853261977956,16.96557027849898,24.947580468190736,7.982010189691756,0.0657039472596215,11.350605108286295,31.29280012012254,0.5837770763659366,39.65425923478984,3.6111116245373385,0.00787054850907,7.70341008585406,1000000.0,911815.8240176945,19.59076157609627,0.4765594597926842,12.680380694889427,2.753404115965912,0.0071813322376931,8.764447793872588,1000000.0,570839.5011335425,0.125635066427779,1.5407,False,0.2
oaf095,ok,,0.0678531528278138,0.7276704523532724,4.2948813648994175,1.76784,0.411615560431528,0.411615560431528,5.432600491219265,0.6647241193989457,0.0816044005980001,1.875125362165727,17.63985474295562,24.94758059634061,7.307725853384992,0.0678531528278138,9.590897867633013,31.29280030831616,0.6244693888808375,39.1625522198861,0.8261085635169909,0.0066096809775163,8.063386970969276,1000000.0,852399.1487247335,17.049345181834926,0.6162237277330873,12.275459294602546,0.755548336149586,0.0066006386763643,8.135820053694564,1000000.0,464415.04678787343,0.0947643658455392,1.7178,False,0.2
oaf102,ok,,0.0673309246205369,0.7492064609800724,4.171424605057049,1.7678399999999963,0.4237976632387964,0.4237976632387964,5.582796504915644,0.7435794060286078,0.081082284539201,1.892993083588181,17.47179100780194,24.94758059630576,7.475789588503824,0.0673309246205369,9.988619677802651,31.29280030828021,0.606518958864366,39.48182511674995,1.158027842075568,0.0073521982799344,7.868295289838656,1000000.0,877626.6062370089,17.5887588891224,0.5752961692893444,12.450346734588274,0.893527991703583,0.0073400987183094,8.125354834500245,1000000.0,493287.9965906083,0.1016650823239361,1.6396765886287623,False,0.2
oaf117,ok,,0.0672379339299927,0.7308846920332073,4.275993600175176,1.7678399999999996,0.4134337338408495,0.4134337338408495,5.609541193992541,0.7509595372925126,0.081524527102117,1.8618672961060796,17.476172106201194,24.94758059629981,7.471408490098621,0.0672379339299927,10.38731334873721,31.292800308273957,0.6217231358671381,39.55125425282616,3.0878667896838152,0.0080597616203948,7.765447083091089,1000000.0,856164.335502997,18.59658736234192,0.5272218785944294,12.15036319042587,2.2833443716434485,0.0080735269828418,8.485921508344859,1000000.0,508798.6599106991,0.1146310506543495,1.7058478260869565,False,0.2
oaf128,ok,,0.0668886705827768,0.7200665410167378,4.3402353637861255,1.7678399999999994,0.4073143163503134,0.4073143163503134,5.709991460277408,0.8034845303949192,0.0817955493908928,1.857080521769665,17.380508614230028,24.9475805962771,7.567071982047073,0.0668886705827768,10.637353019687236,31.292800308249653,0.6310637931417261,39.6704990964839,4.10042377940969,0.0086792927949603,7.671342696118936,1000000.0,843491.864485579,19.09332577844748,0.5141601174876582,12.168972107181148,3.107582401424137,0.0084735402684516,8.564826591126085,1000000.0,514657.1991464596,0.1278075364329042,1.7465,False,0.2
oaf139,ok,,0.0650306249110793,0.7831399056333124,3.990676816644471,1.7678399999999994,0.4429925251342387,0.4429925251342387,6.01420033017803,0.9545883729365492,0.0803178568202583,1.7419145229914212,16.961289357893527,24.717404211062977,7.756114853169451,0.0650306249110793,10.589770944023485,31.292800309891145,0.5748849849715241,40.00000000286119,6.234219633326428,0.0096446249040827,7.382649529635826,1000000.0,917376.5222553218,20.26462034397547,0.4301641886599008,12.47607972533372,4.986764313559949,0.0091069479757214,8.432472703395403,1000000.0,594075.5302140401,0.1366486465742879,1.502,False,0.2
p51droot,ok,,0.0626463063718494,0.8567571723239376,3.6477760170028377,1.767839999999555,0.484635019189606,0.484635019189606,6.831642634826638,1.3918828891509487,0.1062380510267601,1.8481516643479536,16.169307720292924,24.84910201946752,8.679794299174592,0.0626463063718494,10.966014683432997,31.292800239487416,0.5282875946754731,39.70070783006656,3.182409098257485,0.0077295779065316,7.592715042596246,1000000.0,1003612.3912752628,19.778345567221827,0.4619320328062313,14.190387573907064,2.5994024476469986,0.0076673682044114,8.145172988568348,1000000.0,634324.5902659791,0.1650175631639488,1.2992,False,0.2
p51dtip,ok,,0.0558017719262941,0.8567571808615272,3.64777598065456,1.7678399999999983,0.484635024018875,0.484635024018875,6.179171329499886,1.0604857898334237,0.1062380603676378,1.822314671354485,14.226614871687028,22.2281008725414,8.00148600085437,0.0558017719262941,10.99543297034221,31.292800307320054,0.4725655585876944,36.09752195558488,2.8712153841917964,0.0058866729043994,8.579948508112935,1000000.0,1003612.4034515196,20.112576499881797,0.4117975861126546,14.493801463772147,2.3437612451075425,0.0060241570749546,9.16495984123848,1000000.0,645043.9411754136,0.1140503776132208,1.0566879598662209,False,0.2
p51hroot,ok,,0.050401453328931,0.8567571806495234,3.647775981553647,1.7678399999991374,0.4846350238991885,0.4846350238991885,6.816876364854729,1.41675895971471,0.1062380588494022,1.8385347337727695,12.657230280769474,21.31264137939697,8.6554110986275,0.050401453328931,11.381558159698834,31.292800311353812,0.4531030489775418,36.33725511211882,3.62468581669984,0.0094928689625415,7.706257645191408,1000000.0,1003612.403333035,20.63519742221256,0.4231740296559971,15.08544498092176,2.652298774824832,0.0071360924589961,8.63662738842783,1000000.0,661805.2674130407,0.1549807105436383,1.1361,False,0.21
p51htip,ok,,0.0548532917458612,0.8567571808305117,3.6477759807865686,1.7678399999999872,0.4846350240013337,0.4846350240013337,6.3408790892137326,1.154508491353846,0.1062380601476738,1.836879421117945,13.939261444064002,22.11701995439568,8.177758510331678,0.0548532917458612,10.058124149845897,31.292800307222524,0.4702039976073192,35.703530913614465,2.8924045621348635,0.0054364306364504,8.748683685709342,1000000.0,1003612.4034120664,18.25219451752656,0.5110373818087236,15.561019361270498,3.540852629141717,0.0074276382080284,7.802367079695034,1000000.0,585378.3818462376,0.1199834084674828,1.046410033444816,False,0.2
pfcm,ok,,0.0572884598208744,0.856757180899193,3.647775980491581,1.7678399999993657,0.4846350240403546,0.4846350240403546,5.7830633402348655,0.8353396894502559,0.1062380606376079,1.8286149149300632,14.647895123234136,22.259573378399065,7.611678255164929,0.0572884598208744,11.06667244876562,31.29280030744408,0.4732346585639507,36.29731444426892,2.674102524390872,0.0060256927701835,8.530030926163604,1000000.0,1003612.4034999786,20.173141901756235,0.389387405363193,13.31537599443895,1.8703024331343736,0.0047088283105709,10.030739489210932,1000000.0,646986.3748611686,0.08193,1.0596,False,0.2
pmc19sm,ok,,0.0636774357149035,0.8567571810048881,3.647775980044168,1.7678399999999954,0.4846350240999696,0.4846350240999696,5.870644255882238,0.8716133705565452,0.1062380613116605,1.8497652456942424,16.464253180051323,24.184662681627803,7.72040950157648,0.0636774357149035,10.548580491334745,31.292800308013287,0.5141617222503168,38.95870681080938,3.9955910188361976,0.0069790836101909,7.883286464230242,1000000.0,1003612.4036416886,19.00886345062616,0.4448121068332512,13.021155413591485,3.375416425620384,0.0067864785333491,8.563897474496091,1000000.0,609646.0192248853,0.0919025479833101,1.2377217391304347,False,0.2
prandtl-d-centerline,ok,,0.0610185918727792,0.8567571583606957,3.6477760764174256,1.767839999990814,0.4846350112935262,0.4846350112935262,6.268726567550423,1.0832683142274613,0.1062380287587602,1.8423833986597529,15.70693543978565,23.818045405995825,8.111109966210176,0.0610185918727792,10.909543945424227,31.292800131475676,0.5063675218302413,38.26805540031716,2.9981435876268803,0.0063668215462742,8.107745318542896,1000000.0,1003612.3714594516,19.738099307235053,0.4334292396114313,13.81147858377926,2.61247703861572,0.0061452158020751,8.896456021110483,1000000.0,633033.8151462248,0.1202947485303723,1.2038,False,0.2
prandtl-d-wingtip,ok,,0.0579714037540296,0.8567571808590979,3.647775980661272,1.7678399999991183,0.4846350240177421,0.4846350240177421,5.975653628174184,0.9268668819912088,0.1062380602236046,1.823806986236546,14.84912188747188,22.64858250188261,7.79946061441073,0.0579714037540296,11.16294801480827,31.292800307509467,0.4815049248918089,37.43849000504761,4.071770628774877,0.0072791838536775,8.09023878928621,1000000.0,1003612.4034552485,20.4022832442432,0.3900817110624632,13.878885852133026,3.4034757762505388,0.0065795365631829,9.142731705380536,1000000.0,654335.3206333518,0.0963175621491579,1.0955936454849498,False,0.2
psu-90-125wl,ok,,0.0649034154732878,0.8431085274405348,3.706827963284175,1.7678399999999763,0.4769144987332258,0.4769144987332258,6.280962923439786,1.119695759312219,0.0791173697369724,1.841456998060571,16.82516067464381,24.94758059614417,8.122419921500356,0.0649034154732878,10.327318571565236,31.29280030810012,0.5389672953132334,39.16482862472186,1.8024365450809507,0.0056902178726933,8.066879240255181,1000000.0,987624.2586788764,18.694107586985027,0.4916984041576795,13.376952151995187,1.3706928679109112,0.005647044166641,8.561799724959231,1000000.0,590000.0628093414,0.1253387414543602,1.3456799331103677,False,0.2
psu94097,ok,,0.0670492500329306,0.7691152223342099,4.063446119444901,1.7678399999999852,0.4350592940165492,0.4350592940165492,5.663807832206086,0.7972852938078654,0.0806255801995855,1.8601575124303291,17.423615251654514,24.94758059629093,7.523965344636415,0.0670492500329306,9.51825703068168,31.292800308260297,0.5908190469943111,38.95951281741648,0.8414623494600828,0.0051281228279236,8.318928973223688,1000000.0,900947.892919898,17.0563638958472,0.5997755964362197,12.800070624610166,0.926619230649336,0.0051076161160769,8.234566182107532,1000000.0,491068.0719354537,0.0969609022888142,1.5713478260869564,False,0.2
pt40,ok,,0.0662154988402709,0.7620170133013751,4.1012972296511645,1.7678399999999954,0.4310441065375696,0.4310441065375696,5.903599754210927,0.927015762518223,0.0807856667975181,1.8308954972156208,17.21308534480502,24.947580596231568,7.734495251426548,0.0662154988402709,10.09031166721202,31.29280030819476,0.5963225423544134,39.97649884787759,2.28797484320668,0.0092650196794821,7.467018171356218,1000000.0,892632.9925156768,18.370448927964684,0.5364559768141823,12.562633938924586,1.7163172741614674,0.0088711572157729,7.962014348303922,1000000.0,524020.497971583,0.1159438214285714,1.5953,False,0.2
r1046,ok,,0.0647609680894382,0.7251635925697817,4.309728587621088,1.7678399999999996,0.4101975249851693,0.4101975249851693,6.321931658783645,1.1457365849322083,0.0816671765443647,1.8656908645583925,16.759958072783665,24.9475805961257,8.187622523342037,0.0647609680894382,9.668668174027731,31.29280030809595,0.6266281530762925,39.53191742410996,0.0083560295155203,0.0082085581298294,7.749081675522061,1000000.0,849462.5925640992,17.27450915136165,0.6748646907180881,14.064340741637771,0.4909319078676927,0.0080223484567403,7.432725012215533,1000000.0,468927.3310318448,0.1809609999999999,1.7271953177257524,False,0.2
r1080,ok,,0.0602032382519259,0.8567571809049528,3.6477759804696728,1.7678399999999992,0.484635024043439,0.484635024043439,7.1062986536458,1.5573861085632317,0.1062380606661011,1.836412227496809,15.478405843722234,24.421116724864845,8.94271088114261,0.0602032382519259,10.632801702723452,31.29280030773007,0.5191886941537985,39.52473662840768,1.6219681767868823,0.0081006563057473,7.582473801072019,1000000.0,1003612.4035155382,19.299954450163387,0.499810282297777,15.219091401741837,1.4541714891771669,0.0080727009233606,7.738540336219256,1000000.0,618981.7939906168,0.17995394125,1.2596,False,0.2
r1082,ok,,0.060046914069324,0.8567571809022074,3.64777598048136,1.7678399999999987,0.4846350240418862,0.4846350240418862,7.100462172143755,1.5520676619650553,0.1062380606474933,1.8363138784082096,15.433544405596276,24.37032045614824,8.936776050551964,0.060046914069324,10.580988861613744,31.292800307716533,0.5181087743176792,39.43708655311895,1.4837832747287338,0.0079881484697445,7.615890509661456,1000000.0,1003612.4035118883,19.206935854898195,0.5043282161695304,15.278078748607138,1.362237130233488,0.0079799291772835,7.725459180952889,1000000.0,615998.5321824864,0.1800059642021548,1.2549,False,0.2
r1082t,ok,,0.061655524741116,0.8567571809424038,3.647775980310158,1.7678399999999843,0.4846350240646277,0.4846350240646277,6.830193302549901,1.4050574546616137,0.1062380609054893,1.8350172399736924,15.897487272600817,24.56269781512441,8.665210542523594,0.061655524741116,10.554314710714069,31.292800307850086,0.5221986834815431,39.42142490565774,1.8090656122219693,0.0074485990919251,7.704781226735345,1000000.0,1003612.4035632664,19.172053683930475,0.4907840173090501,14.57476156504782,1.5339731363510758,0.0073880314253363,7.982310352314263,1000000.0,614879.8026920774,0.1599599176041198,1.2727,False,0.2
r1145ms,failed,airfoil 'r1145ms' not found in the aerosandbox UIUC database,,,,,,,,,,,,,,,,,,,,,,,,,,,,,,,,,,,0.0
r1145msf,failed,airfoil 'r1145msf' not found in the aerosandbox UIUC database,,,,,,,,,,,,,,,,,,,,,,,,,,,,,,,,,,,0.0
r1145msm,failed,airfoil 'r1145msm' not found in the aerosandbox UIUC database,,,,,,,,,,,,,,,,,,,,,,,,,,,,,,,,,,,0.0
r140,ok,,0.030654366193652,0.8559673345048522,3.651141976589392,1.76784,0.4841882379088901,0.4841882379088901,6.27347745654762,1.1097978687993544,0.098920836780489,1.6030205496631995,7.213361911285516,15.089859917496335,7.87649800621082,0.030654366193652,12.278013510814246,31.292800302719712,0.3211038238087112,27.416327651302456,3.1359315764118723,0.0092975996546622,8.32504962632441,1000000.0,1002687.1707900628,25.53099628779743,0.2517948069795431,17.601858124223735,2.314554053065883,0.0083239580252436,8.703329826162003,1000000.0,818066.8456519789,0.119977312047051,0.3975,False,0.2
r140sm,ok,,0.0486935322121005,0.8567571806416194,3.647775981590848,1.7678399999999974,0.4846350238944817,0.4846350238944817,6.288012428010386,1.111903074091369,0.1062380587342462,1.794872957398573,12.209683541747829,20.292568927156783,8.082885385408959,0.0486935322121005,11.13230682796935,31.292800306501416,0.4314164861943008,33.647267801737044,3.975600450467017,0.0063635734645309,8.837155159806022,1000000.0,1003612.4031676634,20.67427071849536,0.3936901821280969,15.132353430196794,3.5940354694312755,0.0060122545184933,9.355835345343316,1000000.0,663058.4133187071,0.1203790273026154,0.8776,False,0.2
rae100,ok,,0.0643589262771767,0.8567571811897843,3.64777597925138,1.7678399999986472,0.484635024204928,0.484635024204928,5.992704767877278,0.9313181698923468,0.1062380630012976,1.841598806257128,16.66842045686247,24.50272403099688,7.834303574134406,0.0643589262771767,11.143534360178116,31.292800307813952,0.5209236511128068,39.44933944063577,4.392782106476079,0.0076895474202832,7.6606515964354625,1000000.0,1003612.4038526498,20.170036170592937,0.4008995850163404,12.590061124624269,3.536704749890147,0.0067322399740205,8.982646890753035,1000000.0,646886.7690920244,0.099956,1.2671508361204014,False,0.2
rae101,ok,,0.0584983331670732,0.8567571809224215,3.647775980395293,1.7678399999999983,0.4846350240533206,0.4846350240533206,5.988162323143322,0.9321056795729534,0.1062380607827271,1.824792741069084,14.999684241777183,22.812639305989588,7.812955064212406,0.0584983331670732,11.231382576848889,31.292800307578524,0.4849927439760486,37.88971270130665,4.273409758529503,0.0078018637512596,7.922670868365981,1000000.0,1003612.4035311412,20.516270741462957,0.3864266305075574,13.655266530559478,3.527671096852456,0.0065649630204681,9.181776823627027,1000000.0,657991.0902172812,0.099938,1.1107732441471572,False,0.2
rae102,ok,,0.0566058650764405,0.8567571808862493,3.6477759805492616,1.7678399999999883,0.4846350240328621,0.4846350240328621,6.00578293828797,0.948386956864152,0.10623806053636,1.8186799778165896,14.461511653595505,22.285974569700063,7.82446291610456,0.0566058650764405,11.341280447425596,31.29280030739889,0.4737959433077018,37.43218345860512,4.329418893408101,0.0081063221092338,7.930569476000469,1000000.0,1003612.4034830136,20.78665219786007,0.3769936215231662,13.919436084089424,3.5352680542033923,0.0066240189146316,9.23824496616542,1000000.0,666662.6753671275,0.099994,1.0620428093645484,False,0.2
rae103,ok,,0.0537689047080782,0.8567571808219152,3.6477759808231527,1.7678399999999832,0.4846350239964722,0.4846350239964722,6.038736126431568,0.9740415921737032,0.1062380600870141,1.8163133474153448,13.647951199813392,21.503000673660303,7.855049473846912,0.0537689047080782,11.60953278899576,31.292800307107044,0.457150054497941,36.56888567282707,4.413180579618119,0.0083245574249143,7.995700229339063,1000000.0,1003612.4033982948,21.30603878733514,0.3602401068258904,14.365562893794367,3.5027086786483306,0.0066356792840267,9.372426065181804,1000000.0,683320.2712573578,0.09997,0.9895969899665552,False,0.2
rae104,ok,,0.0519960652695006,0.8567571807717913,3.647775981036609,1.7678399999999943,0.4846350239681158,0.4846350239681158,6.080326941090767,1.0049348004519325,0.106238059723309,1.7944064484174589,13.159978676463156,21.03471206597138,7.874733389508226,0.0519960652695006,11.648375605595657,31.2928003069094,0.4471943201755239,36.17272884290482,4.593132310638658,0.0086661632794476,7.969700598026863,1000000.0,1003612.403333234,21.63830759723493,0.3501368681648492,14.74605501145236,3.51768416759292,0.0069816274867668,9.278511728256404,1000000.0,693976.6872487204,0.1,0.9462678929765888,False,0.2
rae2822,ok,,0.0630758328675508,0.8567571604610527,3.647776067488533,1.767839999994134,0.4846350124807083,0.4846350124807083,6.269007208334187,1.0945487362091288,0.1062380402752619,1.8454364332578488,16.295557445372793,24.41000108696483,8.114443641592036,0.0630758328675508,10.875046772528908,31.292800141268124,0.5189523955292747,39.33194855302473,2.9058419237598856,0.0074689718874238,7.7269598401078685,1000000.0,1003612.3742320024,19.64313441261985,0.4378100700009709,12.951036361539602,1.9682227593454544,0.0058505532841733,8.958646805079269,1000000.0,629988.1338905601,0.1210870254750469,1.2585715719063546,False,0.2
rae5212,ok,,0.0660648959087148,0.7794359179332672,4.009641066948556,1.7678399999999923,0.4408973198554567,0.4408973198554567,5.946914074761925,0.9498350692240336,0.0803980614062977,1.865726349990652,17.134940171466752,24.94758059621933,7.812640424752577,0.0660648959087148,10.675261356497948,31.292800308187687,0.5829958720584477,39.87357876427556,3.015540140885933,0.0087700717349828,7.522494005469082,1000000.0,913037.6405699134,19.072574347164103,0.4914791579449697,11.995433562099311,1.942292678214232,0.0067781394329386,8.749960502818249,1000000.0,556485.1374765793,0.1193887161168312,1.5373,False,0.2
rae5213,ok,,0.066491576897817,0.7893787449488724,3.959136581264827,1.7678399999999996,0.4465215997764914,0.4465215997764914,5.724214437193074,0.8236236575102164,0.0801844635179724,1.851972101201804,17.27141047086603,24.847597009260905,7.576186538394878,0.066491576897817,10.590774435783626,31.29280031004709,0.5733455247198693,40.00000000305008,3.2205506908330106,0.0092614730845239,7.4215358054548,1000000.0,924684.749912548,19.06215618998964,0.4711156154710452,12.016076059862154,2.2644838491752,0.0083437896129869,8.361705658224173,1000000.0,563276.0556643187,0.0994852727272727,1.4953,False,0.2
rae5214,ok,,0.0667213992536383,0.7888742696343758,3.961668400020804,1.7678399999999994,0.4462362372354829,0.4462362372354829,5.700949785734557,0.8126363604457569,0.080195169418361,1.8449294969074372,17.344551384715263,24.890430667357258,7.545879282641994,0.0667213992536383,10.475241196645388,31.292800310081454,0.5747011687560204,40.00000000307285,3.277683454490272,0.009165999276112,7.434329458171013,1000000.0,924093.8033837668,18.92618157713616,0.4763019664991527,12.043368999613763,2.371359324839573,0.0085259471765509,8.275115049462837,1000000.0,558900.6718428137,0.0966615844155844,1.5012,False,0.2
rae5215,ok,,0.0668453870580557,0.7613766826902908,4.104746489683709,1.7678399999999996,0.4306818958108714,0.4306818958108714,5.637126071732091,0.785695018724899,0.0808002469438635,1.86947389550601,17.355666634016757,24.86226660125486,7.506599967238101,0.0668453870580557,10.568850552111718,31.292800310023825,0.5947830823190421,40.00000000310683,3.2522937433995165,0.0095661335414682,7.4259173519388,1000000.0,891882.9040270059,18.84460752571077,0.4951945133095639,12.061114839947082,2.3695383658866995,0.0090675994664025,8.199587416478995,1000000.0,537094.2555082344,0.096477922077922,1.5886,False,0.2
rae69ck,ok,,0.0630758328675508,0.8567571604610527,3.647776067488533,1.767839999994134,0.4846350124807083,0.4846350124807083,6.269007208334187,1.0945487362091288,0.1062380402752619,1.8454364332578488,16.295557445372793,24.41000108696483,8.114443641592036,0.0630758328675508,10.875046772528908,31.292800141268124,0.5189523955292747,39.33194855302473,2.9058419237598856,0.0074689718874238,7.7269598401078685,1000000.0,1003612.3742320024,19.64313441261985,0.4378100700009709,12.951036361539602,1.9682227593454544,0.0058505532841733,8.958646805079269,1000000.0,629988.1338905601,0.1210870254750469,1.2585715719063546,False,0.2
raf15,ok,,0.067708273797698,0.8191206699313917,3.815382006977902,1.7678399999999763,0.4633454780587624,0.4633454780587624,5.474268582843823,0.700542176788726,0.0795764801274453,1.8595165831230989,17.613795430361346,24.94758059632827,7.333785165966921,0.067708273797698,10.450109048636058,31.29280030830483,0.5547508924732656,39.662262931389776,2.2384792139948217,0.0075810481280355,7.681684921009033,1000000.0,959524.6852391562,18.73266264196628,0.4550798340125658,11.859280641141655,1.7143729100463017,0.0075551683867178,8.50531533879111,1000000.0,574395.7730894968,0.0649,1.4143729096989968,False,0.2
raf19,ok,,0.0571181452219609,0.8532117159477273,3.662934072731961,1.7678399999997267,0.4826294890645415,0.4826294890645415,5.836441023998171,0.8733416567215098,0.0789317385561523,1.870723607684585,14.556802912590838,22.26396754427359,7.707164631682756,0.0571181452219609,8.204236533053422,31.29280031069645,0.4752949612422646,40.00000000025184,-3.9454808354315127,0.0139247863582616,6.649851584541331,1000000.0,999459.2168188838,14.618650771198803,0.7539274582956639,15.584770870177856,-1.09071320381241,0.0105028065873671,5.7652248773464585,1000000.0,466904.3711545659,0.105,1.5831140468227427,False,0.2
raf25,ok,,0.0494219999013531,0.856757180709998,3.6477759812987487,1.7678399999997632,0.4846350239332251,0.4846350239332251,5.5586495098396105,0.7085930660520561,0.1062380592437349,1.79723216779533,12.416836076472904,19.772717754107845,7.35588167763494,0.0494219999013531,11.439393478851905,31.292800306593552,0.4203645406294992,33.09673938429718,2.388304541115635,0.0065328916816158,8.881258581459592,1000000.0,1003612.4032508504,21.21668656918644,0.3401951974136846,13.864242779907077,1.4922895394149966,0.0050085762789506,10.480646208701504,1000000.0,680454.5962041828,0.0647518943813421,0.8295,False,0.2
raf26,failed,too few converged polar points,,,,,,,,,,,,,,,,,,,,,,,,,,,,,,,,,,,0.01
raf27,ok,,0.0556483750344718,0.8567571806710647,3.647775981437317,1.7678399999931729,0.4846350239130087,0.4846350239130087,6.014006265035863,0.9545731341842848,0.1062380591862618,1.8142291059932016,14.190582556574224,22.01881792760329,7.828235371029065,0.0556483750344718,11.296008706746417,31.292800307148678,0.468116239685258,36.87744633068099,4.041238722364316,0.0076682527991697,8.094771857878637,1000000.0,1003612.4032267889,20.754469339862126,0.3783460225582996,14.204194082265502,3.3417994192326828,0.0066724179344731,9.2048695267056,1000000.0,665630.5171613982,0.0976,1.037323745819398,False,0.2
raf28,ok,,0.0625916178886493,0.8567571809453176,3.647775980290203,1.767839999998155,0.4846350240667774,0.4846350240667774,6.012452091700848,0.9529955107342902,0.1062380607890489,1.846359993202784,16.155370611146814,24.014182696050444,7.858812084903632,0.0625916178886493,10.643456592801844,31.292800307862247,0.5105373474483489,38.29776565532338,2.249490294462902,0.0056347421899394,8.25939959895851,1000000.0,1003612.403568108,19.215206554129605,0.4431138804865959,13.306681120090792,1.7761691286420265,0.0053741909379111,9.075849800077386,1000000.0,616263.7873607769,0.0982,1.2219478260869563,False,0.2
raf30,ok,,0.0639022341748115,0.8567571487258852,3.6477761174477834,1.7678399999929126,0.4846350058429043,0.4846350058429043,6.387209741926125,1.153195767788344,0.1062380660955363,1.864386276000395,16.51428576989057,24.76588178781709,8.25159601792652,0.0639022341748115,11.568585042445935,31.29279994426402,0.5265183714280424,39.892486297702135,5.029907757939853,0.0084270384974537,7.456578130344902,1000000.0,1003612.3541677736,20.68345526776356,0.4015506718458562,12.7895834586824,3.97764420091348,0.0069406664731504,8.89397512668251,1000000.0,663352.9524547707,0.1264,1.2915,False,0.2
raf30md,ok,,0.050543368842572,0.8567571807321999,3.647775981203802,1.7678399999996617,0.4846350239458117,0.4846350239458117,5.701794134019419,0.7846980513670732,0.1062380594161314,1.797010140669145,12.739570642268424,20.23837491695699,7.498804274688564,0.050543368842572,11.281105294029134,31.29280030673236,0.4302643309107387,34.883150906855526,3.5715998938365883,0.0081527444266329,8.241931771432572,1000000.0,1003612.4032813676,20.925693997156923,0.3565174919707728,14.723659332708918,2.9964803246817877,0.0076477034361447,8.925699183169833,1000000.0,671121.9781215588,0.076,0.872585618729097,False,0.2
raf31,ok,,0.0648292546291435,0.8431372587934085,3.7067016467431086,1.7678399999999994,0.4769307509692103,0.4769307509692103,6.302292033970045,1.1300885173734834,0.0791168364300598,1.8523613076204972,16.79292725452987,24.94758059612041,8.154653341590542,0.0648292546291435,10.649232445136056,31.29280030810104,0.5389489290749864,39.25456708932352,2.929023671241024,0.0062244019280857,7.939865812128353,1000000.0,987657.9148217964,19.163346447452028,0.4697543811950997,13.151512274143096,2.1490622067996195,0.0058612598047008,8.726118578063854,1000000.0,604830.2039750146,0.1274,1.3456,False,0.21
raf32,failed,airfoil 'raf32' not found in the aerosandbox UIUC database,,,,,,,,,,,,,,,,,,,,,,,,,,,,,,,,,,,0.0
raf32md,ok,,0.0663771369386285,0.8128160596235552,3.8449760294442807,1.7678399999999783,0.4597791992621307,0.4597791992621307,5.8571116524663225,0.895826485659863,0.0797016418478674,1.8637462062218884,17.2267227375524,24.947580596240613,7.720857858688211,0.0663771369386285,9.671414592071557,31.29280030821227,0.5590538195065462,39.14204183370828,0.5026770713627832,0.0056695029950463,8.121437732797682,1000000.0,952139.4129031564,17.297445613901584,0.5662596960569571,13.09141411576664,0.5727733531905534,0.005648587493081,8.05642147798157,1000000.0,526305.7172682103,0.1016,1.4331,False,0.2
raf33,ok,,0.0651193630183513,0.8236247797640598,3.794517045121153,1.7678399999996832,0.465893282064105,0.465893282064105,6.218855094068945,1.0884836409513865,0.0794882302557428,1.824556637893221,16.90416886430877,24.94758059627093,8.043411731962166,0.0651193630183513,10.45464102048731,31.292800308075176,0.5517171579294466,39.03390701407074,2.2998224998470933,0.0065962902685816,7.888907271313889,1000000.0,964800.8365102096,19.099874828694592,0.4774810843857392,12.983842119315314,1.7973590249162603,0.006760046310593,8.523322494243466,1000000.0,588875.8765769379,0.1263771246582683,1.4011695652173914,False,0.2
raf34,ok,,0.0645547310221993,0.8563905740496511,3.649337533949556,1.7678399999999996,0.484427648457808,0.484427648457808,6.381246691362726,1.1529034520007662,0.1027951200333821,1.8307378889717476,16.735596011473994,24.947580591808467,8.211984580334473,0.0645547310221993,10.837922778491974,31.292800308080512,0.5306082719514358,39.48120440588021,3.421682447604117,0.0068111773841763,7.780799027956338,1000000.0,1003182.9572432806,19.733250444677623,0.4392232378431772,13.133265510785668,2.7734055432545865,0.0064368875597992,8.737785773537803,1000000.0,632607.5117030094,0.1264,1.3093,False,0.2
raf38,failed,airfoil 'raf38' not found in the aerosandbox UIUC database,,,,,,,,,,,,,,,,,,,,,,,,,,,,,,,,,,,0.0
raf48,ok,,0.0641284794817569,0.8243353106030924,3.79124638407825,1.767839999997736,0.4662952023962282,0.4662952023962282,6.5038387708954986,1.2391750142431344,0.0794739444178421,1.8317867740682523,16.611954801770256,24.947580346734007,8.33562554496375,0.0641284794817569,10.72880868563472,31.29279994314673,0.5512416159026713,39.39275671118014,2.6022214887307,0.0065433201097212,7.899598467111732,1000000.0,965633.1469151136,19.52339438468393,0.4731838974214345,13.498120980714258,2.18445554149724,0.006284510561709,8.707207802782609,1000000.0,602452.857922545,0.1496,1.3991,False,0.2
raf69,failed,airfoil 'raf69' not found in the aerosandbox UIUC database,,,,,,,,,,,,,,,,,,,,,,,,,,,,,,,,,,,0.0
raf6,failed,airfoil 'raf6' not found in the aerosandbox UIUC database,,,,,,,,,,,,,,,,,,,,,,,,,,,,,,,,,,,0.0
raf6prop_sm,failed,airfoil 'raf6prop_sm' not found in the aerosandbox UIUC database,,,,,,,,,,,,,,,,,,,,,,,,,,,,,,,,,,,0.0
raf89,failed,airfoil 'raf89' not found in the aerosandbox UIUC database,,,,,,,,,,,,,,,,,,,,,,,,,,,,,,,,,,,0.0
rc0864c,failed,too few converged polar points,,,,,,,,,,,,,,,,,,,,,,,,,,,,,,,,,,,0.01
rc08b3,ok,,0.0639249255380745,0.8567571810084964,3.647775980028719,1.7678399999999748,0.4846350241020163,0.4846350241020163,5.854088827440968,0.8822133808591999,0.1062380613292881,1.8645703590588931,16.520627647495065,24.239286833994925,7.718659186499861,0.0639249255380745,11.010229758080222,31.292800308029275,0.5153230222263393,39.24431826863421,3.425220889520479,0.0075118916278921,7.746982107113441,1000000.0,1003612.40364644,19.683229266173377,0.4147608232575332,12.559061994672824,2.6036758101090207,0.0062779771467326,9.03336307822008,1000000.0,631274.0579589338,0.0799961823966065,1.2427759197324415,False,0.2
rc08n1,ok,,0.060405616868452,0.8567571809625424,3.6477759802244094,1.767839999999983,0.4846350240760196,0.4846350240760196,5.751142022094844,0.8163075080573227,0.1062380610449014,1.8519069117729337,15.52111648241289,23.124165416280665,7.603048933867778,0.060405616868452,10.34302381040398,31.29280030774669,0.491615734870613,37.24564283175582,3.514264452901578,0.0056488645251304,8.452224459063537,1000000.0,1003612.4035835414,18.61688933472008,0.4566906450981927,13.297497209963549,3.1843347498249246,0.0053229918116337,8.93895357350482,1000000.0,597074.754215648,0.0801516885492355,1.1395976588628762,False,0.21
rc1064c,ok,,0.0659696149736874,0.8262639459195115,3.782396994366736,1.7678399999998753,0.467386158204119,0.467386158204119,5.974317452101694,0.9751017752696468,0.0794369737014981,1.852995309796793,17.120267834464908,24.947580596363395,7.827312761898487,0.0659696149736874,11.171619116811977,31.29280030792986,0.5499549205105756,39.97594715800722,4.377309202944296,0.008544203507457,7.467100460338569,1000000.0,967892.3774318052,20.09650547548175,0.4183686283822696,11.65610851582196,2.9671290850830405,0.0061813654267167,9.277299239648231,1000000.0,621588.8086502189,0.0999985909378161,1.3935,False,0.2
rc10b3,ok,,0.0658296818208134,0.832945606906725,3.75205564407271,1.767839999999985,0.4711657202612974,0.4711657202612974,6.014563079302691,0.996663020089503,0.0793086527158553,1.839206920323764,17.09381059657147,24.947580596197923,7.853769999626456,0.0658296818208134,10.698704708332436,31.292800308171795,0.5455433331076054,39.64263596536617,3.37765126846929,0.0074206048529016,7.689180593671311,1000000.0,975719.3300372388,19.390068965974194,0.4473105558087093,12.432921184503927,2.564338466384461,0.0066917286188096,8.752816588471228,1000000.0,604588.432947486,0.0997236613030862,1.3743,False,0.2
rc10n1,ok,,0.0657546807637514,0.8567571722402317,3.647776017360451,1.7678399999998513,0.4846350191421756,0.4846350191421756,6.018713085355128,0.9614011969563636,0.1062380555330958,1.8506349155622372,17.060811887251376,24.930159888168745,7.869348000917366,0.0657546807637514,10.87659055210196,31.29280023068977,0.5300108712393358,39.24493597171968,3.7064489069973168,0.0058950870891431,7.998608186318447,1000000.0,1003612.3908948856,19.590736960307066,0.426860307909118,12.57539677695119,2.9447829475164,0.0054407382500373,9.236498544229091,1000000.0,628307.6687027822,0.100100048977105,1.3067,False,0.2
rc1264c,ok,,0.0644266420042712,0.816365737866112,3.8282575084165886,1.7678399999999976,0.4617871175367188,0.4617871175367188,6.2077914211189,1.1041092476060843,0.0796309342954541,1.838142087452876,16.691352629881063,24.73728613845284,8.045933508571775,0.0644266420042712,11.254429928393272,31.29280031020022,0.5519309440740222,40.000000002730815,4.549812989299337,0.0092068709059494,7.388587908245707,1000000.0,956297.535232579,20.40906776687868,0.4220380932032905,12.257633709552898,3.3003609709320787,0.0070302528317753,8.985000051214557,1000000.0,623694.3005544612,0.1199972696376485,1.4021,False,0.23
rc12b3,ok,,0.0648659957002271,0.8311603067263436,3.760114914412816,1.7678399999970742,0.4701558437006285,0.4701558437006285,6.291724713354229,1.1488790252776406,0.0793425232035893,1.8361977108912453,16.819657977430882,24.947580401676355,8.127922424245474,0.0648659957002271,10.662711837920094,31.29280002243359,0.5467151447337493,39.764066450073855,3.053387328725554,0.0079265987857052,7.584629608019338,1000000.0,973628.0058435784,19.35650642752168,0.4655294075653219,13.07587930607452,2.360326206297596,0.007623584801391,8.310616058239498,1000000.0,602248.3363462441,0.1199650770970782,1.3794,False,0.21
rc12n1,ok,,0.0651288032195988,0.8489644792012587,3.681259160030177,1.7678399999999663,0.4802269884159623,0.4802269884159623,6.2161400345917,1.0915756926886733,0.0790092314733407,1.858458852942748,16.87298170862037,24.94758059615482,8.07459888753445,0.0651288032195988,11.100069950544873,31.29280030811872,0.5352496291922352,39.313849284204245,4.117205772304094,0.0060442148728932,7.972379142034166,1000000.0,994483.9687029284,19.90909462961499,0.4279910960420799,12.900627133335476,3.320597341165601,0.0055990284053028,9.224847580443244,1000000.0,632710.2479034092,0.1201930265805644,1.3295,False,0.23
rc410,ok,,0.0669132976700527,0.7606687776011172,4.10856651097994,1.7678399999999994,0.4302814607663122,0.4302814607663122,5.702908559950401,0.8263172467240809,0.0808164468290826,1.855896051683127,17.388775984640816,24.947580596274346,7.558804611633528,0.0669132976700527,10.73345608437952,31.292800308251376,0.5973794850912747,39.68353228632555,3.822562204561097,0.0082642997593429,7.66184173230432,1000000.0,891053.6581366494,19.2781200840878,0.4769078645436144,12.014724514666645,3.018810775476383,0.0077211132192266,8.734601232602772,1000000.0,548939.0292243848,0.0997972300521294,1.5999,False,0.21
rc510,ok,,0.0666689189183607,0.7892655763986859,3.9597042605862502,1.767839999999983,0.4464575846223038,0.4464575846223038,5.773193377634283,0.8609520009482811,0.0801868579749468,1.84737778832268,17.32700943030511,24.94758059626207,7.620571165956963,0.0666689189183607,10.747687970907744,31.2928003082326,0.57573513437899,39.53476803575459,3.4968083714497435,0.0073365741017799,7.792146168242998,1000000.0,924552.1832891012,19.39269097861149,0.4579251805907677,11.929165437198716,2.557900634461613,0.0062327252517759,9.172240401112797,1000000.0,572961.0200276372,0.099611039621337,1.5057,False,0.2
rcsc2,ok,,0.0619155692625425,0.856757180970202,3.647775980191789,1.7678399999999808,0.4846350240803531,0.4846350240803531,6.164907587563372,1.0531884944013188,0.10623806109267,1.834976674876296,15.972318226204274,23.972202488643944,7.999884262439668,0.0619155692625425,11.1051097229344,31.29280030787097,0.5096448555252721,39.54069843809405,4.051081420418259,0.009186913226422,7.414022119768642,1000000.0,1003612.403596501,20.173026129760924,0.4092513931614003,13.335065916143485,3.276182149034144,0.0082839032249073,8.344262326925923,1000000.0,646982.6619131941,0.0997,1.2180635451505015,False,0.2
rg12,ok,,0.0629182415278565,0.8567571809997129,3.647775980063586,1.7678399999993617,0.4846350240972159,0.4846350240972159,5.957290798739601,0.9240725716553282,0.1062380613201864,1.848038604220496,16.24763094847684,24.052960351436937,7.805329402960097,0.0629182415278565,10.722119832029172,31.29280030792241,0.5113617536231249,38.56267011317565,2.851806380417918,0.0060414092639758,8.144053381350082,1000000.0,1003612.4036330716,19.339638987234565,0.4344532746146575,13.15572965414289,2.1038801142393946,0.0055942466673207,9.090936346981334,1000000.0,620254.5434855324,0.0925691692023405,1.2255357859531772,False,0.2
rg12a189,ok,,0.0664564257589236,0.8432859961373093,3.706047865036672,1.7678399999999994,0.4770148860402013,0.4770148860402013,5.834307704736252,0.881766360894344,0.0791140713773058,1.857908078487355,17.255364813015948,24.947580596239558,7.692215783223608,0.0664564257589236,10.585643201632218,31.292800308219224,0.5388538701817543,39.21878182391903,2.573394078342269,0.0060010225046623,7.992218982961658,1000000.0,987832.1469726668,18.9920468872186,0.4510652190612779,12.309155073683506,1.730248382296773,0.0055330753541401,9.03946689507951,1000000.0,599529.4210559686,0.0898716617507608,1.345186287625418,False,0.21
rg12a,ok,,0.066456439500358,0.8432859961373119,3.7060478650366617,1.76784,0.4770148860402027,0.4770148860402027,5.834303752616001,0.8817637261475082,0.0791140713773058,1.857284148715682,17.255992694907874,24.94758059623956,7.691587901331683,0.066456439500358,10.58318677199694,31.292800308219228,0.5388538701817527,39.218778250997,2.573394078342256,0.0060009799401355,7.992229074145001,1000000.0,987832.14697267,18.99401837052459,0.4509347765005074,12.306486796360147,1.728997942562806,0.005529792007784,9.042112074891312,1000000.0,599591.6556456425,0.0898716617507608,1.345186287625418,False,0.2
rg1410,ok,,0.0661119138006739,0.8319294777766354,3.7566384520384775,1.7678399999999996,0.470590934573624,0.470590934573624,5.933391442608214,0.9359697397161248,0.0793280351787769,1.857026628897916,17.157162524709094,24.947580596215225,7.79041807150613,0.0661119138006739,10.7362120650305,31.29280030819469,0.5462096665974111,39.3438051869601,3.402892727569117,0.0064894946025741,7.898249625248163,1000000.0,974529.0280232368,19.27133030469267,0.4497355082282342,12.365523149992654,2.4582279427788003,0.0058239994438215,9.043022147861487,1000000.0,600153.0897069899,0.0999996633941094,1.3772,False,0.21
rg1495,ok,,0.0663108735341966,0.8345573167596939,3.744809616832944,1.7678399999999996,0.4720774033621221,0.4720774033621221,5.876169411234922,0.904972824636736,0.0792780072514502,1.8478700988443035,17.22354108615006,24.947580596229287,7.724039510079225,0.0663108735341966,10.71506225616006,31.29280030820889,0.5444897714791976,39.32387074521173,3.3457254585883422,0.0063935955296543,7.915579675728668,1000000.0,977607.300207046,19.328671538945446,0.4418660381284586,12.22273885612999,2.3841813299130217,0.0056813747494045,9.15925066377512,1000000.0,603840.1873168368,0.0949996794229613,1.3697147157190637,False,0.21
rg149,ok,,0.0663525673699017,0.8510702817259121,3.672150623403497,1.7678399999999994,0.4814181609907641,0.4814181609907641,5.864178010097043,0.8964271506883532,0.078970709044514,1.8541439339885175,17.22925865214581,24.94758059623137,7.718321944085561,0.0663525673699017,10.823076872791884,31.292800308211856,0.533925261456929,39.3293600319844,3.226814218333042,0.0062830035950289,7.912421776499457,1000000.0,996950.7230911632,19.45745540460814,0.4272594687597135,12.154659422785064,2.2366589326695627,0.0054782907776394,9.263928777840064,1000000.0,619890.9667425224,0.0899996954518132,1.3237361204013378,False,0.23
rg14,ok,,0.062797899828238,0.8567571810687232,3.647775979758381,1.7678399999966032,0.4846350241370086,0.4846350241370086,5.84982551428322,0.8654491278370618,0.1062380621295529,1.8451766824613305,16.21588186439969,23.91088406114424,7.69500219674455,0.062797899828238,10.80026224678955,31.29280030778539,0.508341236365783,38.16697641695467,2.886525541377233,0.0057803133685774,8.242907867999532,1000000.0,1003612.4037110824,19.510800509327183,0.4208304300491012,12.942223293166988,2.089056373304144,0.0053251405382922,9.353422276473331,1000000.0,625743.9796022857,0.084665539579884,1.2123899665551838,False,0.22
rg14a147,ok,,0.0575801754787349,0.8567571809204155,3.647775980403811,1.7678399999999923,0.4846350240521875,0.4846350240521875,5.645103869129919,0.7551564094970709,0.1062380607673652,1.833021070973691,14.727388167458386,22.205513107561995,7.47812494010361,0.0575801754787349,10.862949515306576,31.29280030749284,0.4720853465950868,35.985811114372034,2.608686225666741,0.0055534741473695,8.690254030864867,1000000.0,1003612.4035260468,19.754181930082297,0.3989543301830024,13.293381408551356,2.002330498106427,0.0049026898803805,9.80963603618374,1000000.0,633549.6284042565,0.0699585150937564,1.0545979933110368,False,0.22
rg15,ok,,0.0649130376970655,0.8567571383862758,3.6477761612144977,1.7678399999309349,0.4846350000111702,0.4846350000111702,5.889548263479637,0.8843321553984395,0.1062380357756128,1.866744409938112,16.802640890251038,24.558933563668784,7.756292673417748,0.0649130376970655,10.759642096321793,31.292799943856245,0.5221186942345563,38.845302435277326,2.3913117706400566,0.0056148429811745,8.146367100376445,1000000.0,1003612.3420779776,19.212846420466864,0.4374408638941676,12.741642166564649,1.5452555632489269,0.0052487883131896,9.189177776562689,1000000.0,616188.0633444227,0.0891810604310701,1.272351839464883,False,0.21
rg15a111,ok,,0.0659824226506902,0.8140204793971061,3.839287026182668,1.767839999998955,0.4604604938216056,0.4604604938216056,5.970633886372895,0.9544558332301007,0.079677540593902,1.8214152945128488,17.155531415580295,24.94758059646604,7.792049180885744,0.0659824226506902,10.23483628694654,31.292800308090104,0.5582266468646421,39.253042307932894,2.657797544323921,0.0063108610081927,7.970743993048101,1000000.0,953550.2801220344,18.730555881059,0.4866551669977731,12.599483032279313,1.9739599681776188,0.0059642983404985,8.758608767159995,1000000.0,570755.1459562973,0.1098998886390841,1.4295,False,0.21
rg15a213,ok,,0.0655129769276109,0.7860344810847193,3.9759811316256304,1.7678399999999963,0.4446298766204639,0.4446298766204639,6.105649335876334,1.0280030552082948,0.0802557033038479,1.76986051068378,17.072070749616923,24.94758059617704,7.875509846560114,0.0655129769276109,9.750678761648963,31.292800308151023,0.5781017673199405,39.30912480713671,1.9022993867737132,0.0065805690756518,7.960861849842852,1000000.0,920767.251679042,18.364307437015327,0.5299004548345253,12.936557392333164,1.4482019093656575,0.0063881536847895,8.447099858552164,1000000.0,540356.0154814634,0.1298842201799312,1.516,False,0.21
rg8,ok,,0.0659740699762315,0.8275747087289027,3.776406205549895,1.767839999999993,0.4681276069830448,0.4681276069830448,5.973036166229624,0.9521239994361675,0.0794116391822988,1.844079780500807,17.130464649477624,24.947580596208056,7.817115946730431,0.0659740699762315,10.179710345587988,31.292800308184184,0.5490838686781805,39.2999801884836,1.5461181636842456,0.0059826105727201,8.023128539848438,1000000.0,969427.8157678876,18.400704881331883,0.4975958408236683,12.831662679007175,1.050174198931186,0.0057458599199687,8.598546790333314,1000000.0,570040.2318112055,0.1079366536769267,1.3897090301003343,False,0.21
rhodesg30,ok,,0.0656929061130884,0.8074556089040357,3.8705016488051034,1.7678399999999994,0.4567469957145646,0.4567469957145646,5.8059760515900765,0.8678959585516866,0.0798095592513392,1.8661845671028288,17.0274954220492,24.699656040742106,7.672160618692905,0.0656929061130884,9.926738788068208,31.292800309799844,0.5571725475896083,40.00000000330318,0.7204937433338794,0.0093949688433311,7.377348466374829,1000000.0,945860.1369199178,17.73089858144639,0.53906837859577,12.927621373139882,0.5496440820390306,0.0093800042247281,7.500835358867234,1000000.0,535936.3813377853,0.0974,1.42491237458194,False,0.21
rhodesg32,ok,,0.0656862792519698,0.771655513528802,4.050069248268708,1.76784,0.4364962403434712,0.4364962403434712,5.939250232106386,0.9410694820635348,0.0805690447874371,1.862931413850726,17.028842649910978,24.83102429586809,7.802181645957112,0.0656862792519698,9.74845406935514,31.292800309406932,0.5861228216255757,40.00000000291785,0.1499936607746146,0.009514247418681,7.416585830425279,1000000.0,903923.6109374058,17.442857346359734,0.5927392094237169,13.218781689464096,0.1963242149469756,0.0094573602532771,7.383661237009991,1000000.0,503854.2553460076,0.119,1.5509090301003343,False,0.23
rhodesg34,ok,,0.0638480627027363,0.7744438947147434,4.035486995156889,1.7678399999999994,0.4380735217637024,0.4380735217637024,6.198731911194663,1.077755351588258,0.0805073705933378,1.867553164190724,16.4955386217694,24.561823697154782,8.066285075385387,0.0638480627027363,9.587921505868236,31.292800309584784,0.5776810345148871,40.00000000272556,-0.6560647456552708,0.0101246158430689,7.336180394107442,1000000.0,907189.943582032,17.113161202424664,0.63435072782979,14.167928095864644,-0.098770395181558,0.0100865855182337,6.993365701455703,1000000.0,496116.9212134292,0.1407,1.5141688963210702,False,0.24
rhodesg36,ok,,0.0637234785096421,0.7222974243113207,4.3268301400628655,1.7678399999999996,0.4085762423699661,0.4085762423699661,6.199319579018505,1.077070544767133,0.0817394904006854,1.8669745572739596,16.460286055761372,24.526580192053835,8.066294136292465,0.0637234785096421,9.344508566981649,31.292800309658222,0.6184981312480439,40.00000000273237,-0.8326976476670523,0.0109454941492856,7.325653785239573,1000000.0,846105.1395509145,16.68387058012174,0.7156005761902163,14.53419138208054,0.3552541462124444,0.0112421179875231,6.738212122852692,1000000.0,451104.0400908588,0.1617045165585831,1.6918120401337793,False,0.24
s1010,ok,,0.056859090401629,0.8567571809445259,3.647775980275685,1.76783999999382,0.4846350240675179,0.4846350240675179,5.530313933378046,0.694727555286153,0.1062380615025473,1.8209058310244923,14.532114946606928,21.883334711009468,7.351219764402539,0.056859090401629,11.085226823772336,31.29280030724578,0.4652358899126636,36.73988990862557,3.9688102611499856,0.0076035577532399,8.13651742358942,1000000.0,1003612.4035498704,20.29251345658638,0.3716518385649205,13.623922834450893,3.015607393498676,0.0069855812233678,9.119044325544564,1000000.0,650814.8201590346,0.0601913375497774,1.0247879598662206,False,0.24
s1012,ok,,0.0629998213388138,0.8488945762561146,3.681562296443624,1.7678399999999996,0.4801874469726416,0.4801874469726416,6.331659840087727,1.1624973287711953,0.0790105140383193,1.8361021868777816,16.28303021531943,24.45079224228494,8.167762026965509,0.0629998213388138,11.235629212353883,31.292800309829826,0.5246342470866506,40.00000000260773,5.047745715607519,0.0094773449974321,7.303017271114322,1000000.0,994402.0838727996,20.397610569920808,0.4124744408020432,13.238745690858073,3.972294342504711,0.0086123658956514,8.263772838496399,1000000.0,648181.8902728107,0.1201743243243243,1.2833,False,0.24
s1014,ok,,0.0566845201882037,0.8567571808363706,3.6477759807616503,1.767839999999994,0.4846350240046461,0.4846350240046461,7.006189350610091,1.5135651329882536,0.1062380601900703,1.8170225983195536,14.485790722388014,23.309002671317657,8.823211948929645,0.0566845201882037,11.566750431369814,31.292800307406804,0.495545342848549,39.43838819902893,5.06393835705005,0.0102126045700257,7.282743943204252,1000000.0,1003612.4034248358,21.219237893293403,0.4079582433261592,14.836358628236528,3.735682984333042,0.0081971621211612,8.382570625219461,1000000.0,680536.4215324296,0.1650268533171028,1.1567,False,0.25
s1016,ok,,0.0551810998420597,0.8567571807878548,3.6477759809682304,1.767839999999998,0.4846350239772015,0.4846350239772015,7.17379313951433,1.6013518683205712,0.1062380598419207,1.8028008806950344,14.067619589900184,23.044213610109548,8.976594020209363,0.0551810998420597,11.644883904083276,31.29280030725689,0.4899159734922907,39.417978486832666,5.620770486531022,0.0108454334188842,7.179972633520332,1000000.0,1003612.4033631936,21.531096471016117,0.4031139757176423,15.455751662371206,4.035598697280485,0.0091329269841231,8.09838696682493,1000000.0,690538.2472692961,0.1748194049787492,1.1322,False,0.21
s1020,ok,,0.0646264326323811,0.7943696889963244,3.934261728375209,1.7678399999998746,0.449344787422154,0.449344787422154,6.360624763283242,1.1637941801128997,0.0800788416554887,1.862620393497209,16.724335378821,24.947580535601453,8.223245156780452,0.0646264326323811,9.35483556772248,31.29280022055421,0.5720358296898735,39.48699869800984,-1.0746318773625392,0.0066385223269838,7.932820040693004,1000000.0,930531.1801302936,16.741352846026555,0.6587881699961932,14.66933689210525,-0.2504201396755754,0.0067372404401667,7.1994567580615385,1000000.0,497825.4010824615,0.1509351977549766,1.4896,False,0.23
s102b,ok,,0.0654653501541682,0.7509921600997478,4.161505847391133,1.7678399999999996,0.4248077654650579,0.4248077654650579,6.119347086050424,1.0450816094775008,0.0810403412051809,1.8598009464182372,16.968432563706536,24.9475805961752,7.979148032468661,0.0654653501541682,10.257326943723497,31.29280030814794,0.6050767861933577,39.3163953775354,2.064212874930691,0.0071416653475411,7.907999704221075,1000000.0,879718.3888590167,18.384273799978303,0.5607050649466115,13.1547351552616,1.6835402151852483,0.0071088126348618,8.287545636809508,1000000.0,516827.6270707824,0.1498357687078881,1.6334,False,0.21
s102s,ok,,0.0649758476051119,0.7837293945767714,3.9876751940479367,1.7678399999999996,0.4433259766589575,0.4433259766589575,6.260131001080215,1.1186713660557943,0.0803051620453703,1.8549680124834855,16.832481582572935,24.947580596136635,8.1150990135637,0.0649758476051119,10.29543442417933,31.29280030811193,0.5798020666754439,39.383761614762456,1.9149450387467335,0.0070956313764417,7.853950421524769,1000000.0,918067.0543966282,18.500650424326363,0.5395851744520848,13.388562534534737,1.56015681849486,0.0070691288352816,8.20232771672446,1000000.0,542771.4193759805,0.1498357687078881,1.5234,False,0.21
s1046,ok,,0.0604859520276753,0.8567571810340566,3.647775979907365,1.767839999996939,0.4846350241173071,0.4846350241173071,6.869357332220043,1.3914013319037677,0.1062380619507324,1.829943706323586,15.566184569149044,24.265485607692675,8.699301038543629,0.0604859520276753,11.18732476490774,31.292800307560835,0.515880003598155,39.33293426087366,4.6084383546969,0.0080175227930185,7.626641152162632,1000000.0,1003612.4036630812,20.378267605079184,0.4361123670992829,14.525320601328852,3.884785021253317,0.0077415838973154,8.328402032132471,1000000.0,653565.0990838786,0.1698889734874235,1.2452,False,0.21
s1048,ok,,0.0591147714961309,0.8567571809129444,3.647775980435647,1.767839999999999,0.4846350240479596,0.4846350240479596,6.47948180547206,1.186239450242358,0.1062380607198586,1.8242440903391504,15.17752431117333,23.48125020698454,8.30372589581121,0.0591147714961309,11.12733574764224,31.292800307634376,0.4992072954473473,38.31413035621933,4.511046578347851,0.0072231174003404,7.952811408702143,1000000.0,1003612.4035218308,20.332322497430564,0.4181649134267133,14.4048220738228,3.762178945677263,0.0069775244190361,8.736661070093326,1000000.0,652091.562602947,0.1396997320232246,1.17263745819398,False,0.24
s1091,failed,Maximum_Iterations_Exceeded,,,,,,,,,,,,,,,,,,,,,,,,,,,,,,,,,,,1.45
s1210,ok,,0.0684929103926021,0.6224403166138517,5.020976601582896,1.7678399999999996,0.3520908660364353,0.3520908660364353,5.24860231834116,0.5626794884331484,0.0706887682320931,1.892006375838889,17.806971902201358,24.947580596381407,7.140608694180049,0.0684929103926021,7.762274673354937,31.29280030835921,0.7300425608019985,39.501171394631314,-2.964862328939513,0.0090981824917822,7.826349737811026,1000000.0,729131.7028175121,13.675561161738074,1.0940911995820406,14.52431446783027,0.044062399095144,0.0092246259412816,5.848014049373583,1000000.0,318644.7073635496,0.1199649489394253,2.1772729096989965,False,0.24
s1221-4deg-flap,failed,airfoil 's1221-4deg-flap' not found in the aerosandbox UIUC database,,,,,,,,,,,,,,,,,,,,,,,,,,,,,,,,,,,0.0
s1221,ok,,0.0684658134830287,0.6375238566970025,4.902182456029011,1.7678399999999996,0.3606230522541647,0.3606230522541647,5.256395554602449,0.5599779019821308,0.0725172915069552,1.893894348814567,17.797290692962985,24.94758059638,7.150289903417016,0.0684658134830287,8.817782521614694,31.29280030835737,0.7127700679963332,39.55561073951487,-0.0393669627919748,0.008859638832821,7.830353695876928,1000000.0,746800.6856448881,15.519666355084611,0.8305557058971049,12.813372421059016,0.9816577562422912,0.0091173727634178,7.052233793890532,1000000.0,370375.8487814758,0.1213197508056268,2.1021,False,0.23
s1223,ok,,0.0676834388857962,0.5733484743420023,5.450887907544657,1.7678399999999996,0.3243214738562327,0.3243214738562327,5.104379923960074,0.4934293175492855,0.0586782350494088,1.8917257044972888,17.57444363988287,24.570549268340237,6.996105628457363,0.0676834388857962,7.830186087099454,31.29280030372419,0.780573250754115,40.0000000033974,-2.976228435461159,0.0136476353628564,7.338786566441509,1000000.0,671625.1151871217,13.797254130596883,1.1432960082919144,13.796511453244916,-0.4166858402718054,0.011825824738098,5.915359763641088,1000000.0,296125.06086984155,0.1214003866409812,2.397191304347826,False,0.23
s1223rtl,ok,,0.0683158729089761,0.5734294269247923,5.45011839095919,1.76784,0.3243672656602364,0.3243672656602364,5.178473743682237,0.5286508301804561,0.0586992748079352,1.8929840809450136,17.755077137407024,24.826534962034277,7.071457824627251,0.0683158729089761,7.945730308896661,31.292800309808605,0.7885942273942105,40.000000003374936,-2.78212821782372,0.0128177786210284,7.415244945900409,1000000.0,671719.9438385557,13.99154275143191,1.1235802320098205,13.88831677292152,-0.1098143917381308,0.0124548191729034,5.952517388455108,1000000.0,300337.4008768625,0.1350262343862144,2.4321,False,0.24
s2027,ok,,0.0645430472686635,0.8264020534766154,3.781764883632881,1.7678399999999903,0.4674642804080798,0.4674642804080798,6.3846070143517135,1.1634770534478187,0.0794343024781885,1.847574430672459,16.715399151082075,24.94758059610625,8.232181445024173,0.0645430472686635,10.459599887714065,31.292800308078004,0.5498630125356325,39.42230719284406,2.1631057254721324,0.0067559911236302,7.847952256189632,1000000.0,968054.1577638424,18.870867868828967,0.4989374656113746,13.500624194825445,1.7118540185852409,0.0066650923549904,8.330538739271772,1000000.0,583777.1602791402,0.1450066757695081,1.3931,False,0.23
s2046,ok,,0.0676735249076781,0.7520170565945901,4.155834283536491,1.7678399999999996,0.425387510518254,0.425387510518254,5.48426257529793,0.6945881149031052,0.0810163547515459,1.8681836597837187,17.595134361246238,24.947580596327885,7.352446235081649,0.0676735249076781,10.088240462759124,31.29280030830391,0.6042521492072809,38.98488772574964,2.016845639226327,0.0058428865426051,8.184133427550789,1000000.0,880918.9610412449,18.000086893539237,0.5382217964374637,11.94946889284668,1.3978221518698444,0.005479523576359,8.93087465820379,1000000.0,506717.7653864673,0.090138260536275,1.6298110367892975,False,0.24
s2048,ok,,0.0664564585144497,0.8551798788768599,3.654503973710346,1.7678399999979115,0.4837428041439667,0.4837428041439667,5.834295477139589,0.8697214709177361,0.0919907298333149,1.849035301549242,17.264247710005453,24.947578488694283,7.683330778688831,0.0664564585144497,10.473764772493064,31.29279916320335,0.5313594587059813,38.91070232809705,2.1838721773417302,0.0050341044155665,8.210421236497227,1000000.0,1001764.702317647,18.88149415665106,0.4494958185379702,12.359547755020264,1.3931108652403068,0.0047219409036256,9.258139329334698,1000000.0,604446.2265744362,0.0862730560254881,1.3125692307692307,False,0.21
s2050,ok,,0.0666196515842034,0.8429864111556968,3.70736493998214,1.76784,0.4768454221850942,0.4768454221850942,5.787362963055935,0.8501303636061209,0.079119641710128,1.8592291778024728,17.300988455393114,24.94758059625152,7.646592140858408,0.0666196515842034,10.696599019190357,31.29280030823076,0.5390453709278362,39.3682147109066,2.7026984015459936,0.0064423895879521,7.889460961164707,1000000.0,987481.2106632348,19.177479833933585,0.4399168534343139,12.119805569244862,1.7689402117075717,0.0057568289328935,9.08204933699004,1000000.0,605167.9880787631,0.0892853530641343,1.3460197324414716,False,0.23
s2055,ok,,0.0648551623810799,0.8567571642497293,3.647776051363339,1.7678399999955112,0.4846350146234414,0.4846350146234414,5.814878392928023,0.8526158881001271,0.1062380485253702,1.8495196756940848,16.803220196828953,24.467618265451065,7.664398068622107,0.0648551623810799,10.89556079923654,31.292800168706066,0.5201773235531157,38.789957037905474,2.817313180423897,0.005828512735555,8.111652315546536,1000000.0,1003612.3795492882,19.63673945984141,0.4137975071939391,12.272125625151311,1.973514635622849,0.0046650345603482,9.728704492279514,1000000.0,629783.039856856,0.0798565276707165,1.263902675585284,False,0.23
s2060,ok,,0.0641501033560079,0.8567571810138971,3.647775980005812,1.767839999999996,0.4846350241050655,0.4846350241050655,5.765809591312186,0.817078346276038,0.1062380613671553,1.8706681569678028,16.579292361764,24.21577011004399,7.636477748279988,0.0641501033560079,9.274661362381154,31.292800308049475,0.5148230607614243,38.29129996773415,2.3844400487985262,0.0052984891891674,8.304599796081751,1000000.0,1003612.403653402,16.526468235133358,0.5820784874559873,13.876287463913616,3.065159663209136,0.0062131917947635,7.450369073600329,1000000.0,530031.4559926845,0.0799705817045763,1.2406,False,0.24
s2062,ok,,0.0630778804600281,0.856757180999942,3.647775980065213,1.7678399999999923,0.4846350240971727,0.4846350240971727,5.768191688451286,0.8189415931317757,0.1062380612813013,1.8462926547370424,16.29529002732573,23.909774370514057,7.614484343188328,0.0630778804600281,10.802746961765235,31.29280030796649,0.508317644570939,38.13033813677309,2.5200733983455263,0.005726441795147,8.257574793333006,1000000.0,1003612.4036343958,19.503493363757137,0.4167390994682244,12.659643136811646,1.6768048597698,0.0049234032823381,9.574891311413714,1000000.0,625509.6271804307,0.0798364399654757,1.2122872909698996,False,0.21
s2091,ok,,0.0672844330883155,0.750792587631779,4.162612041040501,1.7678399999999996,0.4246948748935306,0.4246948748935306,5.596167752780581,0.7522537264506131,0.0810450195356037,1.867787961920208,17.48362488159276,24.947580596293548,7.46395571470079,0.0672844330883155,10.04575214602968,31.292800308264685,0.6052376251098386,38.85618534803741,1.731418673486585,0.0054946653607611,8.264089576565587,1000000.0,879484.6080330029,17.92807383357368,0.5516811333620159,12.22237279040911,1.2833766308628702,0.0052916029649422,8.85495820785574,1000000.0,503868.7759798528,0.1010828767763541,1.6341,False,0.21
s3002,ok,,0.0673744538020024,0.736916479162,4.240993862905538,1.7678399999999996,0.4168456869184995,0.4168456869184995,5.570277247157588,0.746237137688444,0.0813765116907715,1.8688556096206232,17.50844773953066,24.94758059630887,7.439132856778211,0.0673744538020024,9.99660756147953,31.292800308283383,0.6166342259095678,39.01009711706,1.8474866143108415,0.0060752912727766,8.159728497676092,1000000.0,863230.0205221244,17.83017641030926,0.5663684913554554,12.195339165913762,1.3844499444474057,0.0058142582779824,8.695931400586533,1000000.0,491855.7430767911,0.0993854836448716,1.6837,False,0.22
s3010,ok,,0.0669475746789645,0.7764370283495005,4.025127797219396,1.7678399999999994,0.4392009618231857,0.4392009618231857,5.693050283381853,0.7990415120360763,0.0804635604001796,1.8398354922354163,17.414694820660834,24.9475805962781,7.532885775617268,0.0669475746789645,10.221268498221349,31.29280030825377,0.5852476196998418,39.04031300352562,2.583151793946981,0.0059072515376788,8.127728874558416,1000000.0,909524.7166650743,18.51844642516093,0.5046059402712469,12.16833058969493,1.8734830718103637,0.0055764982511172,9.02696153644403,1000000.0,538238.3350805254,0.1031758057766116,1.5471,False,0.22
s3014,ok,,0.0661311205758524,0.8552540020333128,3.654187245157407,1.7678399999999883,0.4837847328000941,0.4837847328000941,5.927867453462837,0.9133614454844462,0.0926268999788912,1.861154928830848,17.15855821032328,24.94758059261697,7.789022382293685,0.0661311205758524,10.63599187928605,31.29280030819336,0.5313134127909345,38.976203894736905,2.2589148785142714,0.0052895299590022,8.146005011667285,1000000.0,1001851.5674453068,19.049089205356008,0.4476573540771511,12.497739981334076,1.529094234773513,0.0049398971308116,9.19753568779802,1000000.0,609864.2400435653,0.0945262964253958,1.3123688963210702,False,0.22
s3016,ok,,0.0662701566836839,0.849452183475132,3.679145602774816,1.7678399999999994,0.4805028642157278,0.4805028642157278,5.887879825478996,0.902545314321903,0.0790002930633267,1.86779445576304,17.19190631498428,24.94758059622632,7.755674281242036,0.0662701566836839,10.237827832763356,31.29280030820599,0.5349423210966542,39.30482439225456,2.7199643563578797,0.0056420700468656,8.068254978532046,1000000.0,995055.2695006146,18.27079669852457,0.4878338949307522,12.753820898702124,2.245531840931884,0.0053301966275571,8.647241301523065,1000000.0,580978.7668019535,0.0951585152702916,1.32816254180602,False,0.22
s3021,ok,,0.0650041665481162,0.8567571808030454,3.64777598088252,1.7678399999949008,0.4846350239871915,0.4846350239871915,5.9451974019273655,0.9106229505375336,0.1062380596878259,1.853443990239596,16.84215030545096,24.640791697617924,7.798641392166962,0.0650041665481162,10.547412172557744,31.29280030792605,0.5238589459223817,38.718029033107165,1.6841626377703702,0.0052980440732689,8.209463583234884,1000000.0,1003612.4034053428,18.96903319460308,0.4512083439417025,12.825952444723038,1.0973639831755708,0.0051512444218483,9.063818074728726,1000000.0,608368.5962067563,0.0947010125582071,1.2799257525083612,False,0.21
s3024,ok,,0.0662270001159996,0.8320223251405503,3.756219239751693,1.7678399999988328,0.4706434548042241,0.4706434548042241,5.900291740506878,0.9165100733569168,0.0793261953614718,1.8717550524192876,17.175533709955385,24.94758050288155,7.772046792926165,0.0662270001159996,9.74896152800313,31.29280017119281,0.5461487164725488,38.69332533193718,1.2620183644115992,0.0047827137685304,8.30821887696187,1000000.0,974637.78592207,17.361533703181173,0.5527523140089015,13.093445881479624,1.325898631289658,0.0048057163346994,8.231787871596724,1000000.0,540738.018844892,0.0984502175908725,1.3769347826086955,False,0.2
s3025,ok,,0.0666075656770579,0.8248361562305541,3.788944315780324,1.7678399999999572,0.4665785117604387,0.4665785117604387,5.790838943581481,0.8547794893281145,0.0794646657386383,1.852645880746405,17.304095771930402,24.947580596258287,7.643484824327887,0.0666075656770579,9.527196434331808,31.29280030822759,0.5509068913337256,39.0181592803926,1.2041204416489764,0.0051829682293263,8.21932143577795,1000000.0,966219.8528641008,17.14160368034182,0.5625059699334825,13.01026296942208,1.3162838381925663,0.0052173145281759,8.092966055170047,1000000.0,529276.9462220334,0.0938089930278328,1.397643143812709,False,0.2
s3,ok,,0.0618216863512396,0.8567571810491463,3.64777597985035,1.7678399999986911,0.4846350241253623,0.4846350241253623,6.127348141625429,1.0041421499267096,0.1062380618196453,1.8371167244469089,15.943176879472544,23.907641745544883,7.964464866072338,0.0618216863512396,10.972904126988276,31.292800307780425,0.5082723053119214,38.77791527517593,3.468640936913132,0.007370784717805,7.83917326486271,1000000.0,1003612.4036868052,19.90964787551688,0.4182905057873073,13.47266871104146,2.754453703300774,0.0069776861328801,8.735508091144391,1000000.0,638535.681191092,0.1099999999999999,1.212089966555184,False,0.2
s4022,ok,,0.0665964613020885,0.7648833742388855,4.085927830121627,1.7678399999999994,0.4326654981439982,0.4326654981439982,5.794032629465898,0.8635990438103115,0.0807207014999537,1.875754995489248,17.277792971299146,24.94758059625429,7.669787624955145,0.0665964613020885,8.97669317262256,31.29280030822913,0.5940878544272382,38.91188442249786,-0.9401367677330486,0.0056229482851801,8.211657150154563,1000000.0,895990.6712779177,15.952142282635366,0.7028399000841953,13.77367160485406,0.0624368991021265,0.0057862907972901,7.238979805107227,1000000.0,456749.49289791327,0.112641334043932,1.585574247491639,False,0.21
s4053,ok,,0.0667945764045139,0.8200407907615083,3.811100985228557,1.7678399999996577,0.4638659554946528,0.4638659554946528,5.73705351918878,0.8312770210256669,0.0795583644854774,1.8749424977404652,17.33558457939638,24.947580596325626,7.611996016929246,0.0667945764045139,9.46295363692494,31.292800308226724,0.5541284382537854,38.98405196792739,1.540734607827272,0.0049560030498325,8.282535575429318,1000000.0,960602.5223399482,16.82354463017569,0.5849710927471184,13.128460145005889,1.8517221677723736,0.005031118860412,7.950756995779768,1000000.0,516436.3446948172,0.0891941288503535,1.4116638795986622,False,0.2
s4061,ok,,0.0669790079953447,0.7905497375691444,3.9532721561705055,1.7678399999999996,0.4471839858636214,0.4471839858636214,5.684009870106105,0.7979235432489468,0.080159661058263,1.867420428089697,17.396150298083477,24.94758059627928,7.551430298195802,0.0669790079953447,10.023417781873455,31.292800308255963,0.5747999159237939,38.78183648978256,1.4462311126930325,0.0050356521998818,8.307730139066866,1000000.0,926056.460239578,17.89173562828778,0.5322325024306289,12.42748773407239,1.0677529140895123,0.0049357570226134,8.788949754692936,1000000.0,529475.0613642973,0.0961490411444283,1.5016297658862876,False,0.21
s4062,ok,,0.0669645670427833,0.7824378739358903,3.9942573969212343,1.7678399999999306,0.4425954124445204,0.4425954124445204,5.688163176054534,0.8074288798708698,0.0803329571576084,1.861149998741632,17.398267421505015,24.94758059630118,7.549313174796167,0.0669645670427833,9.786371314748395,31.292800308252108,0.5807591092218783,38.73707822246711,1.0351287630184978,0.0047733078132856,8.383172624621626,1000000.0,916554.15650684,17.527462986800625,0.5601776510914891,12.625193993089871,0.8516944718261081,0.0048549049773297,8.580963694549842,1000000.0,513372.6894149354,0.0954086475495521,1.5275652173913044,False,0.2
s4083,ok,,0.0675358503557048,0.8163169805655324,3.8284861640814567,1.7678399999999694,0.4617595373820857,0.4617595373820857,5.523858615124887,0.703679298960854,0.0796319015262699,1.8731083778365856,17.550613603358514,24.947580596319987,7.396966992961472,0.0675358503557048,9.382787950373148,31.29280030829319,0.556656217506448,39.182247594979664,1.1714670830716554,0.0058911242053344,8.063571502174284,1000000.0,956240.4204716732,16.697357293709004,0.5797031861251323,12.670895941253129,1.3949122626546373,0.0059989966176101,7.824518996603794,1000000.0,510235.1915456598,0.0799870192236414,1.4226652173913044,False,0.2
s4094,ok,,0.0670106476881041,0.7530302732332796,4.150242529003653,1.7678399999999994,0.4259606487200651,0.4259606487200651,5.674910101726793,0.8069384992338211,0.0809927058086837,1.8592717783309984,17.41339871622298,24.947580596280773,7.534181880057791,0.0670106476881041,10.574421613786296,31.29280030825817,0.6034391163813334,39.700836852722674,3.0870709231806805,0.0084091741991228,7.649983146937746,1000000.0,882105.8513383035,18.957998748087945,0.4965294378714628,12.021300000051731,2.1813108631358022,0.0078800422336817,8.593463102118822,1000000.0,534402.8485983538,0.099022865485179,1.6262725752508362,False,0.2
s4095,ok,,0.0658068928421246,0.7252274652226642,4.309349018711613,1.7678399999999996,0.4102336553209931,0.4102336553209931,5.614198794714519,0.7844345868716326,0.0816655786307513,1.8580390541912868,17.06842421255403,24.54066206145984,7.472237848905806,0.0658068928421246,10.466136018539242,31.292800309910728,0.6163529691053864,40.00000000309076,3.1384527871857992,0.0108655012450245,7.329859789257686,1000000.0,849537.4135639325,18.776311500611666,0.5212693613236811,12.295828380474694,2.3372481360501816,0.0104606797996659,7.95552342425981,1000000.0,509739.58707838814,0.0969669754678177,1.6824759197324417,False,0.21
s4096,ok,,0.0617272934237118,0.6772438177086726,4.614672269986493,1.7678399999999996,0.3830911268602773,0.3830911268602773,5.797147572935176,0.8958804155240742,0.0773660174573726,1.8483609833998984,15.904784638645,23.55029319498007,7.6455085563350735,0.0617272934237118,10.43913464461617,31.292800309346863,0.6333863934637929,40.00000000287768,3.1753643484813594,0.0142757504098756,7.034054202984359,1000000.0,793328.9744637235,18.82593053768515,0.568139185196704,13.42294282673643,2.6344277666613274,0.0140684989867623,7.320029871399513,1000000.0,477271.32181027805,0.1246945556285736,1.7566083612040135,False,0.2
s4110,ok,,0.0676817360847588,0.7614595546282718,4.104299757753624,1.7678399999999994,0.4307287733212689,0.4307287733212689,5.481900990748059,0.698188537232693,0.0807983970554834,1.864562653331928,17.60111695224744,24.947580596327427,7.3464636440799875,0.0676817360847588,9.955909380930082,31.292800308304464,0.5967591054913203,38.67812981363353,1.7720149454799967,0.004968933888591,8.368097366180805,1000000.0,891979.9808472905,17.79847115558013,0.5432158248611904,11.97502398795749,1.2688550435390342,0.0046661695874918,9.025246354927038,1000000.0,507333.3100282587,0.0837530090695924,1.5972,False,0.2
s4158,ok,,0.0660404942485511,0.8085954512051474,3.8650455687600624,1.7678399999999996,0.4573917612482733,0.4573917612482733,5.953932140870621,0.95295019901224,0.0797865232988351,1.868235649140631,17.12541280620105,24.9475805962123,7.822167790011251,0.0660404942485511,9.782494014582442,31.29280030818957,0.5619719007963387,38.694457629707934,1.4089673068387123,0.0047730013623776,8.34480517703846,1000000.0,947195.3575113056,17.45406870752143,0.5663811522013125,13.175854967802856,1.4467345417573578,0.0047719269981794,8.29834536587263,1000000.0,528313.627627662,0.1085502378441385,1.4458,False,0.2
s4180,ok,,0.0678317540000564,0.7188625478530666,4.347504644571902,1.7678399999999996,0.4066332631081245,0.4066332631081245,5.438754924439315,0.6688506677563133,0.0818266519097023,1.8729749783122325,17.63585069358834,24.947580596339886,7.311729902751547,0.0678317540000564,9.75615921162615,31.2928003083147,0.6321207357996889,38.966734337752186,1.526566399857782,0.0060298002303554,8.201668198061288,1000000.0,842081.4969995983,17.36303532187348,0.6017682950828257,12.15167762936596,1.2471889867599122,0.0059840298271051,8.489100551140435,1000000.0,467234.9752097834,0.0978318004501125,1.7511,False,0.2
s4233,ok,,0.0647170253549071,0.8351263690002455,3.742257916413591,1.7678399999991252,0.4723992946197952,0.4723992946197952,6.334569857179858,1.1423767842808323,0.0792671958760529,1.8241290533605456,16.78888168590717,24.947580596447576,8.158698910540403,0.0647170253549071,10.14628660234291,31.292800307978496,0.544118758026399,39.30845887750096,1.5603376135907407,0.0061490791308333,7.971278672364307,1000000.0,978273.892672037,18.54087860660712,0.5068907971621829,13.511556838772616,1.2303469089846513,0.006126058257749,8.334530506910625,1000000.0,579623.9809008307,0.1364009686146387,1.3681,False,0.2
s4310,ok,,0.0664559828371612,0.7869446701173547,3.971382467250129,1.7678399999999996,0.4451447360153378,0.4451447360153378,5.834435091736829,0.880685135723029,0.0802362551291417,1.870773311131843,17.2423721933744,24.94758059624307,7.705208402868672,0.0664559828371612,9.983342462046767,31.292800308219192,0.5774331283303127,38.84584362618856,1.2013168843050634,0.0052945728995762,8.251729235336976,1000000.0,921833.454594859,17.788263285993235,0.551924168096567,12.8131549782206,0.9704471858461254,0.0053259106714016,8.503085966694396,1000000.0,524012.4256908732,0.108528951092359,1.5130899665551838,False,0.2
s4320,ok,,0.0674062067596788,0.765104269752442,4.084748169829424,1.76783999999999,0.4327904503532255,0.4327904503532255,5.561144903100323,0.7325315320854616,0.0807156941076692,1.872577111311348,17.51385858190107,24.94758059631274,7.433722014411671,0.0674062067596788,9.417369832426656,31.292800308285265,0.5939163335672667,38.93160829379934,0.9927645651986632,0.0052837100577399,8.289042974818154,1000000.0,896249.4300996847,16.763652927901344,0.6166726499222472,12.710964899464924,1.196045994584209,0.0052785658191399,8.07046299298648,1000000.0,480123.6781306063,0.0941081740509869,1.5848277591973243,False,0.2
s5010,ok,,0.0665323042927594,0.8367513921045019,3.734990219423136,1.7678399999997194,0.4733185085214921,0.4733185085214921,5.812484576219772,0.8541015976122013,0.079236473214004,1.9384823838883656,17.19661363619572,24.947580596303855,7.750966960108137,0.0665323042927594,10.8754149234604,31.29280030820581,0.5430620456412731,39.30046688364106,3.605700177070708,0.0060009630823086,8.003272842569777,1000000.0,980177.458099455,18.70090921614947,0.4724330980358455,12.586852402797229,2.936411396942863,0.0056895361654342,8.806043654871992,1000000.0,585764.4403536294,0.0981807181187205,1.3635010033444814,False,0.2
s5020,ok,,0.0664807299436861,0.8567571810427723,3.6477759798828817,1.7678399999999983,0.4846350241213985,0.4846350241213985,5.735117984980402,0.7889361054107182,0.1062380615433173,1.8554903799636715,17.264772543134114,24.85538090807819,7.590608364944073,0.0664807299436861,10.585346093760784,31.292800308220684,0.528421075058404,39.17531864726545,3.3936536436218785,0.0058343293265541,8.028876037063515,1000000.0,1003612.4036927164,19.016259723153865,0.4369934713455265,12.35656970314849,2.6245785815515843,0.0057407942823212,9.007933005042352,1000000.0,609883.2300727584,0.0839953186914591,1.2997809364548496,False,0.2
s6061,ok,,0.0643201791898649,0.8567571573318674,3.647776080804008,1.7678399999923131,0.4846350107111462,0.4846350107111462,5.887565398168339,0.8817144671731809,0.106238042604324,1.850061207950666,16.64881427295843,24.386440879077437,7.737626606119004,0.0643201791898649,10.730157468806118,31.2928001113469,0.518451512475256,38.41158839778673,2.881556087768912,0.0053264502208368,8.258824593175609,1000000.0,1003612.3696078592,19.33297742203177,0.4309817266457501,12.718762662990937,2.240034626356728,0.0049775189893281,9.374534864039886,1000000.0,620040.8788303036,0.0899920437880623,1.2563916387959866,False,0.2
s6062,ok,,0.0573355403933429,0.8567571809008808,3.647775980486606,1.7678399999999013,0.4846350240411625,0.4846350240411625,5.74250338900732,0.8031531560271048,0.1062380605984318,1.8279285706028692,14.662122127001082,22.232554086611277,7.57043195961019,0.0573355403933429,10.849440500618291,31.29280030746454,0.4726602331182409,35.79016399942378,2.683468989045598,0.0054940976619624,8.702988893812917,1000000.0,1003612.4035023078,19.784581438431218,0.4026386782008895,13.283602208208508,1.9862371839672064,0.0047733910110856,9.82435309588366,1000000.0,634524.5914273344,0.0793935398707134,1.0571,False,0.2
s6063,ok,,0.0564253300330351,0.8567571807473252,3.647775981131693,1.7678399999977932,0.4846350239548798,0.4846350239548798,5.6029974375502185,0.7267013025011624,0.1062380592406912,1.8175538653758387,14.410714787789988,21.83126609071605,7.420551302926057,0.0564253300330351,11.066868728148636,31.29280030733582,0.4641289202056085,35.94122350707824,2.8391003620362265,0.0066750010695237,8.42000891365101,1000000.0,1003612.4033195,20.29626913947554,0.3750181700774074,13.017092087115495,1.950421698153278,0.0049420531022834,10.093092493569388,1000000.0,650935.2710346382,0.069623123253801,1.0199702341137122,False,0.2
s7012,ok,,0.0655646127255841,0.856757160849857,3.647776065838308,1.7678399999953869,0.4846350127002968,0.4846350127002968,5.809994397704718,0.8329250222263535,0.106238049726436,1.856322513697084,17.000459619494816,24.666776530896616,7.666316911401802,0.0655646127255841,10.505030299399708,31.292800137494808,0.5244113968852464,38.93886193911669,2.3207894294729967,0.00567746235517,8.107441048089608,1000000.0,1003612.3745657234,18.86351504455209,0.4485285555209509,12.623743847368695,1.6184851619757836,0.0055405962851964,8.95402010954397,1000000.0,604984.4386995396,0.0874876594175727,1.282330100334448,False,0.2
s7055,ok,,0.0658799537488199,0.8385351665136398,3.727044959359093,1.7678399999999996,0.4743275220119693,0.4743275220119693,6.000104566562974,0.9684552801210372,0.0792028748253849,1.8584521952609547,17.089023834374732,24.947580596198662,7.858556761823928,0.0658799537488199,10.38742298171223,31.292800308178023,0.5419068165958968,38.94478982794576,1.2939471157730125,0.0052963878268186,8.170225641585194,1000000.0,982266.9861024072,18.63095718074807,0.481567864334927,12.820491281608495,0.8724572901127985,0.0052171340724229,8.84454997665662,1000000.0,584817.4013801429,0.1049682115865621,1.3584732441471572,False,0.2
s7075,ok,,0.0674178127061885,0.7568552449809771,4.129268161018756,1.76784,0.4281242900833656,0.4281242900833656,5.557806962180208,0.7421097013887105,0.0809039997322175,1.8691442494650012,17.520629384664705,24.94758059630992,7.426951211645209,0.0674178127061885,9.9897628077689,31.29280030828637,0.6003894743431651,38.71638419512799,1.8246486264512256,0.0050176348019094,8.363790581214856,1000000.0,886586.4546823923,17.81521643862467,0.5514699570872925,12.178547357726764,1.35603034423705,0.0048258110108237,8.930964471706808,1000000.0,504740.0496636684,0.0899875828449966,1.613,False,0.23
s8021,ok,,0.0535954516799598,0.856757180712069,3.64777598127901,1.7678399999971166,0.4846350239351221,0.4846350239351221,5.687923462514585,0.7716117450539254,0.1062380593029543,1.8279398457941856,13.586438553929302,21.102301862238072,7.515863308308771,0.0535954516799598,10.604700845106906,31.29280030703617,0.448631267516119,35.63153655071157,3.973823912089749,0.0073829472966889,8.33964711605852,1000000.0,1003612.4032689744,19.33816525656233,0.418405036177334,14.099804004462372,3.6812542166029263,0.0070721640746208,8.700191637535648,1000000.0,620207.2782724792,0.075940603541825,0.9525217391304348,False,0.23
s8023,ok,,0.0678387570497431,0.8281714606104957,3.773685056986043,1.7678399999796737,0.4684651668816283,0.4684651668816283,5.43674041175488,0.6520023063048137,0.0793997456959924,1.8442316082676573,17.66660837383784,24.94758039386037,7.280972020022538,0.0678387570497431,10.9615997706024,31.292800002852665,0.5486882238799441,39.81683001858296,4.901029213655756,0.0080515968275872,7.564471270831901,1000000.0,970126.8463721656,19.812406282489583,0.3994854522133389,11.31101252856996,3.54785256068879,0.0070311403605905,9.084120243046709,1000000.0,614216.2805541066,0.0759337466298344,1.3879872909698996,False,0.21
s8025,ok,,0.0672331431563977,0.8513138974257469,3.671099784741087,1.767839999996254,0.4815559651481756,0.4815559651481756,5.610918854634594,0.743686805861532,0.0789661436855137,1.843450101034099,17.493211538748568,24.94758049441726,7.454368955668693,0.0672331431563977,10.97820412788831,31.292800157534373,0.5337724740302127,39.72497606186057,4.489735488231172,0.0073486596036588,7.669698865215769,1000000.0,997236.0917246012,19.850829560886936,0.3963420535437272,11.62136860707685,3.1836937519186224,0.0063380449520495,9.229287076200274,1000000.0,632604.4198388489,0.0798027551020408,1.323071237458194,False,0.21
s8035,ok,,0.0636229659453673,0.8567571476534188,3.647776121987276,1.7678399999864434,0.4846350052380243,0.4846350052380243,6.562636844382847,1.2406541007189775,0.1062381068112253,1.8646472011593336,16.433705596509412,24.860989642051592,8.42728404554218,0.0636229659453673,11.45156605383253,31.29279994979973,0.5285403484710444,39.7160968082275,5.096689044135681,0.0077505412290474,7.586129070495913,1000000.0,1003612.35309269,20.471372183636284,0.4186415268541405,13.391640900011003,4.069078289381513,0.0071657237672138,8.664480832562651,1000000.0,656551.0929419704,0.1400242343541944,1.3003,False,0.2
s8036,ok,,0.0633388715943801,0.8390948932715135,3.724558796222608,1.767839999999968,0.4746441381977604,0.4746441381977604,6.730935273807082,1.3679789525556785,0.0791923596658305,1.8040773509154249,16.412567971301623,24.947580596024128,8.535012624722507,0.0633388715943801,10.588103307119756,31.292800307979185,0.5415453321611625,39.46667391776296,3.563800108507372,0.0067052311694976,7.83626979800923,1000000.0,982922.654620832,19.56328406456102,0.4740409776950415,13.914424544995738,2.867229983771165,0.0066038699114392,8.482466298118617,1000000.0,614492.6282272215,0.1599644639837,1.3569,False,0.2
s8037,ok,,0.0636028328620312,0.8246446309787849,3.7898243051557934,1.767839999999895,0.4664701731937471,0.4664701731937471,6.655018405279605,1.3257125815897075,0.0794683808068986,1.873948128258585,16.418614062546308,24.9475805960845,8.52896653353819,0.0636028328620312,10.793001468713785,31.29280030798645,0.5510348404894868,39.3146550414351,3.094266876858576,0.0063730378683539,7.937794710005736,1000000.0,965995.4986025932,19.198328395467133,0.5005057381402315,14.00395109386378,2.7187822667668478,0.0062895113350334,8.435260381759383,1000000.0,592644.2705091647,0.1600009867005766,1.3982,False,0.2
s8038,ok,,0.0649988279488065,0.8225524744391868,3.7994636970257023,1.7678399999803014,0.4652867196399857,0.4652867196399857,6.253521021142786,1.1055344736122108,0.0795081987212679,1.8314026423696443,16.862656570727665,24.9475802342401,8.08492366351243,0.0649988279488065,10.875338516426584,31.292799753699697,0.5524364050338667,39.59627573956994,4.244358768014022,0.0074309380046991,7.707079493907568,1000000.0,963544.7121798611,19.79418809900996,0.4474486906025013,12.765589783224875,3.1489450941721686,0.0066871553353727,8.834487704946595,1000000.0,609487.9788581291,0.1299851362014936,1.4043,False,0.2
s8052,ok,,0.0657402214120424,0.8046475524964163,3.8840089128489046,1.7678399999994734,0.4551585847682233,0.4551585847682233,6.04029243795765,0.9934040270864009,0.0798666951880868,1.8291608323991493,17.078127325996856,24.947580596353657,7.869453270356799,0.0657402214120424,10.6427190700701,31.29280030809958,0.5647291429424744,39.37071345042944,3.6161788534054007,0.0065969168009809,7.923206302783574,1000000.0,942570.7565130852,19.394538525645444,0.4637525206774304,12.502012727104548,2.644689989281932,0.0058520355966263,9.116076637253776,1000000.0,584183.0922881057,0.1188678784818578,1.4578,False,0.21
s8055,ok,,0.0655542946948964,0.8046148152547948,3.8841669409359687,1.7678399999999932,0.4551400665528542,0.4551400665528542,6.093766094306634,1.0280642355677767,0.0798673931887677,1.933060894008022,16.92075360786448,24.947580596179137,8.026826988314657,0.0655542946948964,11.21496810486117,31.292800308153687,0.5647521199886739,39.089667180806494,3.221352563614175,0.0061017856330332,8.034894922010935,1000000.0,942532.40784053,19.33887707939363,0.4757728852200494,12.790904341226716,2.337479334656065,0.0055413563386558,9.09601048880284,1000000.0,582482.8139085887,0.1199923415205085,1.4579,False,0.23
s8064,ok,,0.0598243558445798,0.8567571809287522,3.647775980368269,1.7678399999999812,0.4846350240569063,0.4846350240569063,6.393881071134468,1.1726091643424037,0.1062380608233138,1.785110852086408,15.420738330698327,23.599730253919205,8.178991923220876,0.0598243558445798,10.55611524721008,31.29280030769609,0.5017261606274189,37.81506235493004,3.34781789745865,0.0057489748407246,8.318874105289195,1000000.0,1003612.4035423376,19.711409396737213,0.4382409819553871,13.970162607964266,2.707801759219218,0.0053086882580284,9.15680692514596,1000000.0,632177.8417830236,0.1233003116694576,1.1836,False,0.21
s8065,ok,,0.0604702200060123,0.8567571809466497,3.647775980292132,1.7678399999999967,0.4846350240670259,0.4846350240670259,6.204052926468456,1.066218397285466,0.1062380609418935,1.8372414893503857,15.554362160747903,23.595656576566743,8.041294415818841,0.0604702200060123,10.958552295874112,31.292800307752824,0.5016395549431182,37.793507677898376,3.450773391592437,0.0058479100030446,8.292548891260424,1000000.0,1003612.4035651132,19.882257103735174,0.4234899973529353,13.572757321452924,2.6409793107696604,0.0051171447280069,9.408467307674904,1000000.0,637657.2132867114,0.1099439004186188,1.183223076923077,False,0.22
s8066,ok,,0.0597363719813585,0.8567571809403974,3.647775980318749,1.767839999999996,0.4846350240634895,0.4846350240634895,6.0572899139200205,0.98348356074388,0.1062380609002458,1.9103465877676176,15.270197899972652,23.23783440166029,7.967636501687638,0.0597363719813585,11.517737534105244,31.292800307689213,0.4940323177444442,37.80589131060554,3.547670997251824,0.0064039040176222,8.215246857401093,1000000.0,1003612.4035557496,20.09711677077505,0.4106866329092637,13.617574047812203,2.6597133155962926,0.0052580290583135,9.501731101006383,1000000.0,644548.1218854692,0.0999275864654658,1.150115050167224,False,0.21
s9000,ok,,0.0671507532134176,0.7904028554328483,3.954006800606029,1.7678399999999734,0.4471009002131755,0.4471009002131755,5.634614899165135,0.7749381480057503,0.0801627614040382,1.8578565673897531,17.455109129742404,24.947580596297293,7.492471466554889,0.0671507532134176,10.04700884020586,31.292800308266585,0.5749067321364744,39.09732140596042,2.3121252198746176,0.0057127091360875,8.148502912907986,1000000.0,925884.4012982018,18.0261652353527,0.5203268291845251,12.271055054959712,1.802828155011551,0.0054394926419762,8.772523809609831,1000000.0,533354.159494252,0.0900529052102012,1.5020946488294311,False,0.21
s9026,ok,,0.0662606176351436,0.8538025095673899,3.66039948416587,1.76784,0.4829636785950029,0.4829636785950029,5.890623311530459,0.897793036978189,0.0822813990066839,1.8357290317402517,17.221228250556738,24.94758059382745,7.72635234327071,0.0662606176351436,10.950625442782346,31.29280030817249,0.5322166631674695,39.85989905271642,4.5338404359289575,0.0078153277995628,7.563301964389395,1000000.0,1000151.2772400124,19.88424444901376,0.4082302782928991,12.090061016710273,3.63568628794595,0.006906445010615,8.871174766391576,1000000.0,635521.6627078255,0.094992697280428,1.3163,False,0.2
s9027,ok,,0.0668180722646951,0.856757181084986,3.6477759797031446,1.767839999999997,0.4846350241452775,0.4846350241452775,5.722837453967872,0.787209626431299,0.1062380619103984,1.8484062718319687,17.368878357821384,24.940122083621223,7.571243725799841,0.0668180722646951,11.048172240834171,31.292800308235023,0.5302226576849673,39.86647504285569,4.560871925125974,0.0079386495144961,7.5322614511490835,1000000.0,1003612.4037426264,19.923780482675397,0.3970747720081478,11.762269967584446,3.389733697131168,0.0069030408984623,8.947113943041623,1000000.0,638988.9375479186,0.0799989516864175,1.3076217391304348,False,0.21
s9032,ok,,0.066733583487955,0.8386996520262209,3.72631401245858,1.7678399999970138,0.4744205652251547,0.4744205652251547,5.754595454009114,0.8278376730884165,0.0791997546488547,1.815029743001393,17.377955400064213,24.94758059707472,7.569625197010507,0.066733583487955,10.740544090602356,31.292800307751584,0.541800538025781,39.69352298809344,4.547859479602019,0.0078626969065136,7.583068557733513,1000000.0,982459.665772047,19.725193911223805,0.4137439618599434,11.734082478962437,3.4845247423402386,0.006869851795674,8.948703215575472,1000000.0,619286.4565242921,0.0899991172413793,1.3580107023411372,False,0.2
s9033,ok,,0.0674333707090229,0.8437018247600622,3.704221294636553,1.767839999999983,0.4772501045117602,0.4772501045117602,5.553332385789231,0.7180464882508004,0.0791063459712019,1.8496764792679292,17.544571731256777,24.94758059631394,7.40300886505716,0.0674333707090229,11.02214419042433,31.29280030828205,0.5385882895504843,39.89167700888062,4.76817931978411,0.0080906316668044,7.524892793814054,1000000.0,988319.2520411126,19.86319285915828,0.396668286566933,11.450777760474333,3.428770810981268,0.0069331453238376,9.03306715077786,1000000.0,627338.4202217286,0.0749604918032787,1.3440304347826086,False,0.21
s9037,ok,,0.0671243760404124,0.792531523866293,3.943386693760333,1.767839999999983,0.4483050071648456,0.4483050071648456,5.642201134801315,0.7789183592081372,0.0801178503665135,1.8784486410208436,17.42693082046976,24.94758059629192,7.520649775822158,0.0671243760404124,9.161356477342872,31.292800308265324,0.5733625843315836,38.91854196726553,1.5880355893385911,0.0051402014977402,8.279623830930115,1000000.0,928377.940996954,16.2569549454812,0.6404227226159965,13.271549657934544,2.2203823560324345,0.0054727132726394,7.577569227974084,1000000.0,482302.5811205428,0.089963513157493,1.495374247491639,False,0.2
s9104BTE,failed,airfoil 's9104BTE' not found in the aerosandbox UIUC database,,,,,,,,,,,,,,,,,,,,,,,,,,,,,,,,,,,0.0
s9104,failed,too few converged polar points,,,,,,,,,,,,,,,,,,,,,,,,,,,,,,,,,,,0.01
sa7024,failed,airfoil 'sa7024' not found in the aerosandbox UIUC database,,,,,,,,,,,,,,,,,,,,,,,,,,,,,,,,,,,0.0
sa7025,failed,airfoil 'sa7025' not found in the aerosandbox UIUC database,,,,,,,,,,,,,,,,,,,,,,,,,,,,,,,,,,,0.0
sa7026,failed,airfoil 'sa7026' not found in the aerosandbox UIUC database,,,,,,,,,,,,,,,,,,,,,,,,,,,,,,,,,,,0.0
sa7035,ok,,0.0668610476732305,0.8115240855421186,3.851097362701405,1.767839999999978,0.4590483785535618,0.4590483785535618,5.717935977332793,0.8161095419457796,0.07972753113685,1.8466986687000395,17.38294595024122,24.94758059627405,7.564634646032832,0.0668610476732305,10.21344125759138,31.29280030824647,0.5599438522947592,39.06561054415472,2.277291059638807,0.0054834726220793,8.167651981516151,1000000.0,950625.983846267,18.435495064247093,0.4891963995174622,12.277342000159118,1.6620932098628036,0.0051353106863674,9.02130834083906,1000000.0,560041.3021689377,0.0919474442722638,1.4369735785953175,False,0.2
sa7036,ok,,0.0668856208991333,0.8090101926528945,3.8630641418145832,1.767839999999973,0.4576263647461913,0.4576263647461913,5.710868567870415,0.8125415189511591,0.0797781418338812,1.8554626101001737,17.381249418306446,24.947580596277035,7.566331177970589,0.0668856208991333,10.325123681351748,31.292800308247955,0.5616838042526202,38.99678763796823,2.0465172531459843,0.005379757626538,8.196436736276,1000000.0,947681.1890538024,18.54905550264957,0.4848351180069154,12.229572576276174,1.3588787761418106,0.0050018638011716,9.13992286702674,1000000.0,561745.538955255,0.0919835718791955,1.444546153846154,False,0.2
sa7038,ok,,0.0670206674730908,0.7963625375341715,3.9244164790534586,1.7678399999999803,0.4504720662131077,0.4504720662131077,5.672028350530077,0.793251925705525,0.0800376191753132,1.8796181631769453,17.395934082578496,24.94758059628552,7.551646513707023,0.0670206674730908,9.775118958393726,31.292800308257917,0.5706043432119823,39.02474644940557,1.630459425208355,0.0052300921752538,8.252174734721063,1000000.0,932865.6218949849,17.335292082004113,0.5628268681272508,12.725920747187104,1.5580382140370856,0.0051888628107678,8.341317371205678,1000000.0,516780.14973119705,0.0919945782966066,1.483369899665552,False,0.2
saratov,failed,airfoil 'saratov' not found in the aerosandbox UIUC database,,,,,,,,,,,,,,,,,,,,,,,,,,,,,,,,,,,0.0
sc1012r8,ok,,0.066396865255444,0.7360936296167211,4.245734699846947,1.76784,0.4163802321571642,0.4163802321571642,5.8514376683693206,0.9006616169930515,0.0813965612108058,1.857935563492208,17.238207364378706,24.94758059624024,7.709373231861528,0.066396865255444,10.57753682204403,31.292800308215,0.6173235365797244,39.741875899460624,3.4179591254765014,0.0087907677526092,7.614483316802285,1000000.0,862266.1277997711,18.97722222788377,0.5187128938845365,12.323709555392034,2.6021130439287368,0.0082342830632853,8.46249818078408,1000000.0,522913.1226883954,0.1200203727107361,1.6867,False,0.22
sc1094r8,ok,,0.0674790159491834,0.7278579202720586,4.293775170340718,1.7678399999999996,0.4117216039189399,0.4117216039189399,5.540204536660424,0.7376348656080808,0.0815997228165143,1.85976762121266,17.54760843844132,24.947580596314403,7.3999721578730835,0.0674790159491834,10.621351329214972,31.292800308290584,0.6243085498308618,39.66754192343959,3.928963637529897,0.008537747171946,7.680523215061226,1000000.0,852618.7501849313,19.037058193125816,0.5003686791993395,11.69732495089314,2.8262495656343303,0.0077274007861359,8.824768306936546,1000000.0,518692.8815546263,0.0940339088776707,1.7171,False,0.21
sc1095,ok,,0.0665057032892426,0.8148769078638332,3.835251969219663,1.7678399999876675,0.4609449429074564,0.4609449429074564,5.820134638680918,0.8762971192963618,0.0796594959262298,1.8559316803900967,17.271513992053166,24.94758031112418,7.676066319071015,0.0665057032892426,11.025437678885885,31.29279987790065,0.5576399643410059,39.77733604232713,4.238351793132617,0.0080920495507845,7.5831739911285245,1000000.0,954553.4943506964,19.80216153317392,0.4284773047861127,11.974906955040677,3.080506691952405,0.0071222075318339,8.907055399496016,1000000.0,604043.823529421,0.0949498588944987,1.4269468227424749,False,0.21
sc1095r8,ok,,0.0672759693579236,0.7513345319717332,4.159609511622417,1.7678399999999994,0.4250014322403234,0.4250014322403234,5.598601973214462,0.7653433900315401,0.0810323211324299,1.8821229609230068,17.466855662162033,24.947580596299503,7.480724934137469,0.0672759693579236,10.950864775957236,31.292800308276583,0.6048010617794773,39.69751130510251,4.790371784945961,0.0084011068536442,7.6552209437127985,1000000.0,880119.446087485,19.394525939273827,0.4721264332984073,11.779213464001046,3.6048052835241817,0.0075786442149481,8.897513142866375,1000000.0,545476.8911265621,0.0933829666666666,1.6322,False,0.21
sc20010,ok,,0.0642511725893132,0.8541742613281085,3.658806413506788,1.767839999999917,0.483173964458406,0.483173964458406,6.0701538125469225,1.01539044437963,0.0843898785778421,1.827366334157945,16.651662310925254,24.54918245763012,7.897520146704867,0.0642511725893132,11.162770399401651,31.29280030948378,0.5234895460480874,39.99999999911987,4.786066806748744,0.0092068519872043,7.332404682796046,1000000.0,1000586.7503499778,20.362219643177504,0.3977409841670584,12.618606062447624,3.6162373611898113,0.0081455323106719,8.485070852351488,1000000.0,651081.6220082658,0.1,1.278318060200669,False,0.2
sc20012,ok,,0.06354679814757,0.8113888557192381,3.8517392044159338,1.7678399999999923,0.4589718841746094,0.4589718841746094,6.16878251657144,1.078409605956092,0.0797297878117909,1.8299320228375109,16.446514315033458,24.44522885444241,7.998714539408951,0.06354679814757,11.121327049745531,31.292800184193453,0.5487601079403334,39.99999966155509,4.935853125070237,0.0099280130874575,7.301355790049573,1000000.0,950467.5707523548,20.25817883023635,0.4284465739903755,12.95587171573436,3.840813189163213,0.0089956882600263,8.286756337261235,1000000.0,615309.0138084682,0.12,1.3883,False,0.21
sc20402,failed,too few converged polar points,,,,,,,,,,,,,,,,,,,,,,,,,,,,,,,,,,,0.01
sc20403,failed,too few converged polar points,,,,,,,,,,,,,,,,,,,,,,,,,,,,,,,,,,,0.01
sc20404,failed,too few converged polar points,,,,,,,,,,,,,,,,,,,,,,,,,,,,,,,,,,,0.01
sc20406,ok,,0.0407286722986348,0.856757178463481,3.647775990797982,1.7678399999838526,0.4846350226668174,0.4846350226668174,5.505039978488717,0.6822283932729218,0.1062380394092044,1.734745873828197,9.979068393792769,17.218854246109682,7.239785852316913,0.0407286722986348,11.878717473016852,31.292800305101704,0.366069847601121,30.047677821917404,1.817887595808924,0.0076907576466429,8.84923684704683,1000000.0,1003612.4005804484,22.825086663948795,0.2893006543070907,15.230006558172558,1.1200128238162077,0.0066916830317796,9.76938556640538,1000000.0,732038.6733343191,0.0602,0.5932,False,0.21
sc20410,ok,,0.065293005350728,0.7960507582732648,3.925953506255155,1.7678399999999996,0.4502957045169613,0.4502957045169613,5.802477746875391,0.87439587576226,0.0800441220312586,1.852652335244976,16.926013758379128,24.581143840499493,7.655130082120367,0.065293005350728,10.784308500106494,31.29280031003223,0.5624433524177274,40.00000000297825,2.915035096628892,0.0098050273876161,7.341950977569183,1000000.0,932500.4011590596,19.40336798031868,0.4555792051516841,12.28138348743755,1.96213276316334,0.0087632649225637,8.295005884925937,1000000.0,578204.8345377174,0.0997,1.447851839464883,False,0.21
sc20412,ok,,0.0655648630000882,0.7460495372029903,4.189076073040519,1.7678399999999996,0.422011911260629,0.422011911260629,5.854069103403916,0.9047234196967128,0.0811569421448131,1.8569651475873732,16.999888862085918,24.710923113077207,7.711034250991289,0.0655648630000882,10.554473041896529,31.292800310067065,0.6033075558865186,40.00000000296587,2.97512647116616,0.0101402358958511,7.380713740750346,1000000.0,873928.5598271859,18.945738885854023,0.5136037547258002,12.435776705007363,2.1792149993340235,0.0093150442573434,8.13015267289699,1000000.0,529106.4441442708,0.12,1.6257,False,0.21
sc20414,ok,,0.0651519319483713,0.7303164570305566,4.279320608914114,1.76784,0.4131123048638772,0.4131123048638772,6.002633720752638,0.9825561712837078,0.0815385965180932,1.856019001940696,16.882073521729023,24.740726244422355,7.858652722693334,0.0651519319483713,10.556465051610475,31.292800310098293,0.6170478125131652,40.00000000287948,2.7852933814031964,0.0102829168129486,7.389615406682074,1000000.0,855498.7004003545,18.958974451181795,0.5339660505990866,12.674037394929313,2.047748355371234,0.0094104804799303,8.096508524456798,1000000.0,518310.2133136836,0.14,1.6855,False,0.21
sc20503,failed,Infeasible_Problem_Detected,,,,,,,,,,,,,,,,,,,,,,,,,,,,,,,,,,,0.28
sc20518,ok,,0.0645919491890429,0.724179850673655,4.3155830180759445,1.7678399999999996,0.4096410595266851,0.4096410595266851,6.370542524156884,1.1715148556655228,0.0816919381636624,1.8569812783128208,16.720056793643398,24.9475805961131,8.227523802469705,0.0645919491890429,10.414069331058036,31.292800308083308,0.6274793785930449,39.942084762666575,1.8019417585483688,0.0096507596939402,7.484535961379351,1000000.0,848310.2292211122,18.693545725134875,0.5798900515556812,13.265045497601214,1.3393164501355523,0.0086572379654703,8.005995989789099,1000000.0,506759.57098502986,0.1798,1.7309,False,0.21
sc20606,ok,,0.0445125582492729,0.8567571805362931,3.6477759820388416,1.7678399999998886,0.4846350238349325,0.4846350238349325,5.500785357520111,0.6793919567478877,0.1062380579032171,1.77829167363456,11.023791244076737,18.302868275231408,7.279077031154671,0.0445125582492729,11.537540717317569,31.292800305895557,0.3891157964375161,29.447615947330725,0.0956400778638146,0.0052361064803241,9.768687695740974,1000000.0,1003612.403024914,21.626637310358603,0.3240013994500675,13.912550350616032,-0.3924245417852979,0.0048844006257134,10.755123674165764,1000000.0,693602.4014542442,0.06,0.6935,False,0.2
sc20610,ok,,0.0664486598210159,0.781347150973053,3.999833187729603,1.7678399999999972,0.4419784318564204,0.4419784318564204,5.751878699617806,0.8489905008485621,0.080356569672401,1.8701299321896117,17.240909427005707,24.86291805881313,7.622008631807417,0.0664486598210159,10.463074502807196,31.29280031027699,0.5795961955506714,40.00000000304322,1.4512594801376757,0.009320075939715,7.426111930795355,1000000.0,915276.474722542,18.649460879181937,0.5002638914373704,11.950209140495428,0.6808440424302808,0.0077216160745166,8.379424350574832,1000000.0,545474.1231122024,0.0998,1.5225040133779264,False,0.2
sc20612,ok,,0.0663178741675689,0.744315014694399,4.198838131571439,1.7678399999999996,0.4210307577011489,0.4210307577011489,5.846702990557609,0.900788479514807,0.0811982279784394,1.86512545920739,17.20829914931298,24.920127599077983,7.711828449764999,0.0663178741675689,10.140648376760684,31.292800310306845,0.6098330287748741,40.000000002988656,1.4744281736636444,0.0096401159751508,7.443199404171014,1000000.0,871896.7259108755,18.12326408875123,0.5626444770706593,12.518256352213363,1.0349727321523143,0.0089155910967899,7.906552253247947,1000000.0,504960.0695721629,0.12,1.6541,False,0.21
sc20614,ok,,0.0659715680964672,0.7239412675019063,4.3170052680990025,1.7678399999999996,0.4095061020804521,0.4095061020804521,5.973755722096367,0.967549330137084,0.0816979167874314,1.8645484610980916,17.109276413018783,24.947580596213243,7.838304183194459,0.0659715680964672,10.090223866146722,31.29280030818462,0.6276861716382182,39.931001032367824,1.3952865667908974,0.0096200265022058,7.490594165368464,1000000.0,848030.7509355207,18.0387264024311,0.5934899294756627,12.843016382010044,1.0744694236155268,0.0090943140486284,7.819088141680339,1000000.0,488847.10049336887,0.1399,1.7318,False,0.2
sc20706,ok,,0.0400082356054123,0.8567571801842914,3.6477759835380015,1.7678399999999996,0.484635023635788,0.484635023635788,5.497168431837177,0.6771611777010998,0.1062380549198458,1.7507333982189894,9.755878887609391,17.003780717665556,7.247901830056167,0.0400082356054123,11.78501899047929,31.292800305106407,0.3614974210577318,27.638285939366877,-0.9154803789158138,0.0051400381759637,10.148478389357155,1000000.0,1003612.402587204,22.43825169205873,0.2996973045689302,14.621410141630834,-1.2928499766845816,0.0052253345236901,10.754273638382124,1000000.0,719632.2307674306,0.06,0.5733,False,0.21
sc20710,ok,,0.0668221390985234,0.774920323796615,4.033005935743468,1.7678399999999996,0.4383430196152452,0.4383430196152452,5.729126320438085,0.8371170672905717,0.0804968793949443,1.8685815654146376,17.34987271041618,24.9475805962689,7.597707885852722,0.0668221390985234,9.96568660902451,31.292800308244995,0.5863930893722622,39.7055583848013,0.594478213337304,0.0081976215426423,7.644798881129127,1000000.0,907748.0364855396,17.777631963335654,0.5533297716662333,12.422735468321752,0.277582187181225,0.0076193883267753,8.026357230978453,1000000.0,515697.232242542,0.0998,1.5520852842809365,False,0.21
sc20712,ok,,0.0666216804907736,0.7289829623826886,4.287148571188905,1.7678399999999996,0.4123579975465476,0.4123579975465476,5.786779437171018,0.8697030297563944,0.081571700263122,1.869203921606558,17.291597237479323,24.9475805962569,7.655983358777576,0.0666216804907736,9.876399314704845,31.292800308229275,0.6233450521305077,39.79978896369048,0.7719734308502082,0.0090907540673224,7.574835983392067,1000000.0,853936.6337585475,17.612487684447323,0.603877037167428,12.619515401593308,0.5703649841717874,0.0085434315762395,7.816678891165804,1000000.0,480620.0882384971,0.1199,1.7129066889632107,False,0.23
sc20714,ok,,0.0661207261984397,0.7140865696382961,4.376581773807937,1.7678399999999996,0.403931673476274,0.403931673476274,5.930856943336483,0.9459597506382216,0.0818955834989466,1.868348010212264,17.148375642675695,24.94758059622444,7.799204953548747,0.0661207261984397,9.749737570669044,31.29280030819532,0.6363485073234941,39.79792105570648,0.621007713933638,0.0092866024299259,7.573716576769314,1000000.0,836486.8768611077,17.394578021827552,0.6438400536636227,13.218067650585192,0.7004624608140247,0.0094881239457572,7.48879892514735,1000000.0,464973.9269254463,0.1396,1.7695,False,0.24
sc21006,ok,,0.0554414206792541,0.8567571808872316,3.64777598054512,1.7678399999999983,0.484635024033415,0.484635024033415,5.495058120647209,0.6730467735706387,0.1062380605457928,1.8566010272167968,14.08868930198227,21.44034844984628,7.351659147864006,0.0554414206792541,9.859897186171688,31.292800307283617,0.4558180790762992,35.038432526176244,-3.2746693934076663,0.0051235734657678,9.019544161676324,1000000.0,1003612.4034804614,17.70241612069721,0.4883923328811531,13.565660040819182,-3.046584317573956,0.0048551688670378,8.726885131904165,1000000.0,567746.0698897231,0.06,0.9838,False,0.24
sc21010,ok,,0.0671911167952742,0.7454451549540912,4.192472437214339,1.76784,0.4216700351582108,0.4216700351582108,5.623006087134737,0.7785054172623718,0.0811713061091007,1.87827278775517,17.446301721405643,24.94758059629555,7.501278874889907,0.0671911167952742,8.76823824472422,31.292800308270717,0.6095792824841347,38.86900576353444,-2.1317826083306284,0.0055662834706981,8.256880208939661,1000000.0,873220.5814431461,15.560817899448349,0.7412438368167749,14.167219163896972,-0.8084921906909701,0.0081775588520028,6.796834079531438,1000000.0,434222.1316094832,0.1,1.652995652173913,False,0.22
sc2110,ok,,0.0670313632112612,0.7446580145142361,4.196904088434076,1.7678399999999996,0.421224779682684,0.421224779682684,5.668952191074768,0.8116719826959566,0.0811900485061649,1.856259553571409,17.422368851637724,24.947580596283903,7.525211744646177,0.0670313632112612,10.737221959422657,31.29280030825961,0.6102236380074744,39.65177162318123,4.320554294110471,0.0083119204942837,7.686949056283676,1000000.0,872298.5186619605,19.281107426965946,0.4848464563387524,11.962409474050643,3.183403640358988,0.0077662748521699,8.79097003325405,1000000.0,537468.0847039835,0.0992236158671852,1.6558,False,0.23
sd2030,ok,,0.0664615002201337,0.8481622498801031,3.684741057552836,1.767839999999888,0.4797731977329152,0.4797731977329152,5.832848258800126,0.8870759722309063,0.0790239557637279,1.8417158369505493,17.273016500514487,24.94758059626516,7.674564095750675,0.0664615002201337,10.317025908610916,31.29280030821136,0.5357558919336303,38.92127664367104,2.209616569096222,0.0049064299913232,8.253254113370357,1000000.0,993544.230685469,18.67285151816815,0.4628708258899712,12.39821109774713,1.565707279407759,0.0045251273845105,9.22430967547445,1000000.0,592861.7354022537,0.0855827039978965,1.331703344481605,False,0.21
sd2083,ok,,0.0639599846590985,0.85675718112073,3.647775979543377,1.7678399999981596,0.4846350241660002,0.4846350241660002,5.921080177014183,0.9058496810609398,0.1062380623997988,1.8643403720929288,16.530940851301377,24.31636140040849,7.785420549107112,0.0639599846590985,10.088455967333925,31.292800307929724,0.5169616140386413,38.0462539498939,1.513353232497568,0.004570317818859,8.479777657040147,1000000.0,1003612.4037757488,18.03757889983812,0.4981660810053682,13.192032654018442,1.3305931465283038,0.0045199697837236,8.714758020810649,1000000.0,578495.3005108319,0.0896084043607532,1.2499073578595317,False,0.21
sd5060,ok,,0.0670562575060079,0.7943469503904872,3.934374348719632,1.7678399999999996,0.4493319250557105,0.4493319250557105,5.661792440254582,0.7825672962102904,0.0800797363879388,1.860669512878132,17.425118643151627,24.947580596284343,7.522461953132714,0.0670562575060079,10.506565191226487,31.292800308261345,0.5720522027117728,39.04524219486681,2.905087635305814,0.00577938111567,8.126500652511343,1000000.0,930504.546548541,18.822194768259624,0.476777288032162,12.003757353355152,2.039764596136241,0.0051892295286363,9.303449127898547,1000000.0,559685.8585795527,0.0945850616076798,1.489671237458194,False,0.22
sd6060,ok,,0.0646605830823499,0.8567571810107671,3.647775980019154,1.7678399999999996,0.484635024103294,0.484635024103294,6.085885875041564,0.9929668073562428,0.1062380613507682,1.8478256136478328,16.748951984128556,24.68266347281795,7.933711488689397,0.0646605830823499,10.75133193117643,31.29280030808845,0.5247491324492121,38.82564462886283,3.2431924193929507,0.0055533061287275,8.135251034889897,1000000.0,1003612.4036509836,19.39456452991433,0.4391014807173546,12.915944231371286,2.526587131776813,0.0052681751466923,9.162272165586888,1000000.0,622016.0974407996,0.103649414852299,1.2838,False,0.23
sd6080,ok,,0.0668287346074061,0.8186719537220024,3.817473227685263,1.7678399999973224,0.4630916563281985,0.4630916563281985,5.727229189949175,0.8195491313408875,0.0795851257739737,1.8528160132629456,17.367535276806873,24.947580480018992,7.580045203212121,0.0668287346074061,10.024212907791648,31.29280013614519,0.555054956357448,39.13011420442013,1.4240881644408203,0.0050436060023836,8.2629760788406,1000000.0,958999.0501088446,18.034193782213464,0.5077790010478053,12.5854430888901,1.0013323847299112,0.004944428170139,8.80567078047885,1000000.0,552675.8433689981,0.0918455603046613,1.415696321070234,False,0.21
sd7003,ok,,0.0673426205612073,0.8055595704083078,3.8796116145896944,1.7678399999999874,0.4556744786905566,0.4556744786905566,5.579432681128518,0.7377525892970108,0.0798481270768677,1.8440905910897247,17.52405732408707,24.947580596305315,7.423523272218243,0.0673426205612073,10.580189563656306,31.29280030828046,0.5640897822835476,39.26984875542123,3.4291612426447173,0.0065746589889334,7.926499406478775,1000000.0,943639.1017962669,19.12449351237164,0.4494059790599641,11.697909678891078,2.3931973250302456,0.0058250322655629,9.271123736622632,1000000.0,576701.9794501275,0.0850152477637511,1.4550173913043478,False,0.21
sd7032,ok,,0.0672028595358389,0.7561318122851809,4.1332188579063285,1.7678399999999994,0.4277150716609993,0.4277150716609993,5.61962880341461,0.767824660483138,0.0809206948085587,1.8598955609245091,17.468056231957345,24.947580596296465,7.479524364339119,0.0672028595358389,9.868664090106074,31.29280030827152,0.6009638998190892,38.97577707713285,1.3939040362791966,0.0054898172608618,8.256380200994284,1000000.0,885739.0196761099,17.68677105217062,0.564008543636653,12.40725883955076,1.06524128383291,0.0053787731477372,8.650722423487498,1000000.0,500621.9673106244,0.0995522994875051,1.6155,False,0.2
sd7034,ok,,0.0670747398492012,0.7541710540262666,4.143964752976519,1.7678399999999996,0.4266059451230127,0.4266059451230127,5.656476805764599,0.7844060453247477,0.0809661554827703,1.8664002781413087,17.42470351238189,24.9475805962878,7.522877083905907,0.0670747398492012,10.091394042964788,31.292800308262635,0.6025263370456226,38.86210192816776,1.7345007739409295,0.0055107946790769,8.254863425117584,1000000.0,883442.1713355889,18.022918522448464,0.5477346137465043,12.31859122564896,1.2936597936741132,0.0053420899650235,8.849412733526442,1000000.0,508813.72444869153,0.1050844998652296,1.6223,False,0.21
sd7037,ok,,0.0669171063300658,0.8044923209483911,3.884758355325869,1.767839999999933,0.4550707761722902,0.4550707761722902,5.701813166142389,0.808710180720137,0.0798698898313939,1.856414096310344,17.389353333837164,24.9475805962899,7.558227262452733,0.0669171063300658,10.259729997120935,31.292800308248168,0.5648381107638092,38.9978088123598,1.774351172625585,0.0053269614163153,8.216230255106652,1000000.0,942388.9170060868,18.422129016567176,0.4937700251422575,12.254159567521512,1.1220578958293503,0.0049388371796374,9.09813773781223,1000000.0,554786.0863156174,0.091988559601302,1.4582742474916388,False,0.21
sd7043,ok,,0.0677808597149719,0.729388048741719,4.284767581524596,1.76784,0.4125871395271739,0.4125871395271739,5.453392430864072,0.6835759746047307,0.0815616314257577,1.8715348508780207,17.62265331459361,24.9475805963357,7.3249272817420925,0.0677808597149719,9.882365270020488,31.29280030831124,0.6229988597587413,38.76014428193528,1.6481499120684098,0.0052956460051498,8.343838706055896,1000000.0,854411.1552512208,17.60117774525051,0.5781859514345783,12.026678374069386,1.2394469927855534,0.005016697958489,8.864960472635117,1000000.0,480578.35869381647,0.0913040613615346,1.7114,False,0.2
sd7062,ok,,0.0661735128969044,0.7300881403677717,4.2806588585669845,1.7678399999999994,0.4129831547921599,0.4129831547921599,5.915675167294285,0.9167399683474806,0.0815442561147767,1.8662062119836005,17.165699216949694,24.947580596227574,7.781881379277886,0.0661735128969044,9.94253839653782,31.29280030819909,0.6224014575283059,39.21647394680977,1.4643512313144964,0.0069402714242378,7.990411222899897,1000000.0,855231.2483330776,17.758913480359425,0.6028133307032648,12.979269114324566,1.2849405738154809,0.00691539049512,8.159581546475232,1000000.0,485350.5469393059,0.1397735328659243,1.7088,False,0.2
sd7080,ok,,0.0667294227419388,0.8220986381375047,3.801561176016807,1.7678399999999517,0.4650300016616477,0.4650300016616477,5.755792109401721,0.8358893050900051,0.0795180271831195,1.8894835837433783,17.302304903124597,24.94758059626969,7.645275693145099,0.0667294227419388,10.702495090273375,31.29280030823535,0.5527413641239617,39.08080223031546,2.193436835881994,0.0055664304399721,8.130769515900663,1000000.0,963013.1016700612,18.88081163614376,0.465301251898365,12.283030563464056,1.4716110309422734,0.0051206720952524,9.20907020053335,1000000.0,581043.2047203487,0.0915117159706127,1.4056270903010033,False,0.2
sd7084,ok,,0.0651081577122383,0.8567571810241978,3.647775979961725,1.76783999999994,0.4846350241109076,0.4846350241109076,5.99076943121612,0.9378290320668028,0.1062380614384062,1.8598567994214004,16.865645988457732,24.71627221909525,7.85062623063752,0.0651081577122383,10.739064335939627,31.2928003081146,0.5254636485404638,39.060349329755525,2.0268419590065183,0.0056166708375046,8.112090439970801,1000000.0,1003612.403667589,19.24711683767005,0.4411857741508068,12.837919389082533,1.4640374525451163,0.0052531711177046,9.143607127651244,1000000.0,617287.2035397843,0.0962076147273202,1.2869096989966555,False,0.2
sd7090,ok,,0.0666661577861987,0.7943696797819214,3.934261774011672,1.7678399999999734,0.4493447822098908,0.4493447822098908,5.773987496066242,0.8490186441222254,0.0800792551561194,1.8523840414883577,17.32120905870944,24.94758059626404,7.6263715375546,0.0666661577861987,10.460950971537716,31.29280030823223,0.5720358345164399,39.226148674897104,2.8201751303012137,0.0062797057809647,8.012560424518234,1000000.0,930531.1719436316,18.824301975617917,0.4832410885836269,12.264573863724587,2.2365313856673943,0.0058590593216368,8.998252227699906,1000000.0,559764.5338817582,0.0998536987088642,1.4896,False,0.2
sd8000,ok,,0.0669668537868206,0.8127492520044282,3.8452920847264247,1.767839999999986,0.45974140872728,0.45974140872728,5.687505494518464,0.8000421605556246,0.0797029791052877,1.841364457652839,17.418710644108167,24.947580596279472,7.528869952171303,0.0669668537868206,10.469218209101015,31.29280030825417,0.5590997734758429,39.26965758786797,3.0627645693945538,0.0061889647016149,8.000803397245267,1000000.0,952061.1539102796,18.951921161126315,0.4600161223728828,11.92316259436503,2.1290305860433136,0.0053233343887176,9.279386902279969,1000000.0,576598.6984782317,0.0885928941894189,1.4333,False,0.2
sd8020,ok,,0.061285467792975,0.8567571809648581,3.6477759802146,1.767839999999995,0.4846350240773263,0.4846350240773263,6.055932377707886,0.9727197745653584,0.1062380610586314,1.847612493436574,15.778461386532395,23.682006257676857,7.90354487114446,0.061285467792975,11.172508895391916,31.29280030782136,0.5034753341322443,38.771570663227166,4.338591761344422,0.0077781571015999,7.780354459067398,1000000.0,1003612.403588642,20.15665971640146,0.4049797982722999,13.398763446460276,3.6137643274617353,0.0069628012638847,8.856044858268081,1000000.0,646457.7636805436,0.1009853306227263,1.1912127090301003,False,0.21
sd8040,ok,,0.0669804421065877,0.769608419240004,4.060842095108862,1.7678399999999994,0.4353382767897571,0.4353382767897571,5.683597410976944,0.8022448712319139,0.0806146067053746,1.8600699323795211,17.4039132529235,24.947580596279963,7.543667343356465,0.0669804421065877,10.321725945766648,31.292800308256066,0.5904404257129405,39.01456409749496,2.4522155222180757,0.0058757992045815,8.14653867872801,1000000.0,901525.627828878,18.497021296689333,0.5109935792539888,12.16246063296113,1.7475674085507866,0.0054447884300868,9.064521788801333,1000000.0,532887.3917705098,0.0999427705571198,1.5697,False,0.2
sg6040,ok,,0.0639781597450776,0.8124821306208596,3.846556309134263,1.7678399999995802,0.4595903082977263,0.4595903082977263,6.547072107436324,1.2628897103369336,0.0797082922796441,1.8484163645615093,16.552092124267933,24.94758059626577,8.395488471997833,0.0639781597450776,10.284925946581176,31.29280030795108,0.5592835898401008,39.42689602426821,1.4655389811528006,0.0068824484970996,7.845594171075871,1000000.0,951748.2457170552,18.547274924574005,0.5357698253103963,13.95810500380484,1.2502546363705471,0.0068352061857394,8.061925183840026,1000000.0,564102.1640306833,0.1599421894597154,1.4341,False,0.2
sg6041,ok,,0.066460406450702,0.7967699855825193,3.9224096315758574,1.767839999999839,0.4507025441117928,0.4507025441117928,5.833162744103853,0.8928600535962071,0.0800289100253849,1.8379048931254216,17.276512911779793,24.947580549009068,7.671067637229274,0.066460406450702,10.347499975068429,31.29280023913782,0.5703125519966636,39.31808003526127,2.884391692759338,0.005968905116654,8.078819389559648,1000000.0,933342.9078261886,18.76683973832136,0.4875811101884718,12.3486230691832,1.9847149345017947,0.0052246004964418,9.14414695557226,1000000.0,559742.0696843179,0.0999329249427983,1.4821,False,0.2
sg6042,ok,,0.0670748090630303,0.7468796989945568,4.184419886907083,1.76784,0.4224815022821956,0.4224815022821956,5.656456899444901,0.8001502459845171,0.0811372500969116,1.873359073327932,17.417764623514163,24.947580596287,7.529815972772833,0.0670748090630303,9.571805896142926,31.29280030826264,0.6084084535969964,38.68104333731444,0.6668813769571474,0.0050108857081365,8.380787868644484,1000000.0,874901.0181226626,17.03144907352452,0.6199216798309987,12.739700551786148,0.7782911354646326,0.0050066458362991,8.268072227557951,1000000.0,476174.45507414127,0.0999860907540641,1.6479,False,0.2
sg6043,ok,,0.0675425904135052,0.707571647662601,4.416878878519239,1.76784,0.4002464293502812,0.4002464293502812,5.521920133443037,0.7292052387249872,0.0810846745423718,1.8837221623725335,17.54193830050435,24.94758059631992,7.40564229581557,0.0675425904135052,8.760986892417955,31.29280030829495,0.642207646658858,39.1604182685882,-1.2505508612897551,0.0068162835830997,8.059571468215248,1000000.0,828855.2437142766,15.502970780261917,0.7767276573660298,13.211997863556608,-0.0290747474898241,0.0058274792241859,7.173767892131284,1000000.0,410628.5950050675,0.1001385754854271,1.795,False,0.2
sg6050,ok,,0.0643088825102514,0.7803893750029449,4.004742203964756,1.767839999999992,0.4414366543369017,0.4414366543369017,6.45195422534542,1.2151530457151298,0.0803773332790784,1.8602750809166435,16.635351289829675,24.94758059609174,8.312229306262063,0.0643088825102514,10.30667722910989,31.29280030806052,0.5822835846384844,39.52696989264464,1.5953816881945286,0.0074679401439999,7.782165400555921,1000000.0,914154.5280142284,18.468016432693947,0.5570215286894377,13.84087632868246,1.3823515234175208,0.0074872900823329,7.982776562775389,1000000.0,539504.9557466309,0.16006737886538,1.5342,False,0.2
sg6051,ok,,0.065774559722082,0.7831087172235959,3.990835750979981,1.7678399999999996,0.4429748830344353,0.4429748830344353,6.030416530688411,1.0026273736090263,0.0803185290017632,1.8608292098962704,17.05633485560851,24.94758059619319,7.891245740584681,0.065774559722082,10.242752119132389,31.29280030817041,0.580261606971097,38.87615786380046,1.834586383359512,0.0054786039596031,8.214791573684982,1000000.0,917339.9878453924,18.34800683598354,0.5338903131552946,12.962212850548124,1.4316625774444205,0.0054004303805239,8.70626441446916,1000000.0,537866.8640119666,0.1200298437749083,1.5254,False,0.2
sm701,ok,,0.0651133772388715,0.7387608346357977,4.230405997552269,1.7678399999999996,0.4178889688183307,0.4178889688183307,6.220576640619575,1.093371545608122,0.0813317341906342,1.8649644564016312,16.86203949912936,24.94758059615057,8.085541097021206,0.0651133772388715,9.766210443384088,31.292800308122104,0.6150947659723779,39.12646113195044,0.5085307375497131,0.006650883865618,8.033808090723468,1000000.0,865390.5136787167,17.455579220041493,0.6406827282935991,13.781834642106285,0.7391827843507205,0.0066784573966938,7.814035325507518,1000000.0,482727.4171391584,0.1598852176267367,1.677,False,0.2
sokolov,ok,,0.0683210379236777,0.7624402888786261,4.099020357642067,1.7678399999999963,0.431283537468678,0.431283537468678,5.298033887408223,0.5950906130880452,0.0807760459124822,1.8897798218954465,17.759766887066665,24.947580596370333,7.187813709303669,0.0683210379236777,9.114444747348664,31.292800308347594,0.5959914885343005,39.77942926244399,-0.8878590251437093,0.0084530727994667,7.621089520918627,1000000.0,893128.821010197,16.076731341479576,0.6505816080789623,12.448183288064495,-0.4136987468876137,0.0083476011596355,7.250010924566136,1000000.0,458846.506775652,0.071,1.5938591973244147,False,0.2
sp4621hp,ok,,0.0640797857404578,0.7306545808935052,4.277340274494923,1.7678399999999996,0.4133035687016389,0.4133035687016389,6.517843851937934,1.2351540682814846,0.0815302218935101,1.8658412241566285,16.563895519980697,24.94758059607526,8.383685076094562,0.0640797857404578,9.397798476469768,31.292800308044583,0.6219189403220554,39.94328457975623,-0.9974190222093622,0.0095685298193317,7.483943183813156,1000000.0,855894.7814163571,16.78920720369732,0.7260537690251377,14.912776176111135,-0.1466753722035656,0.0095271000123766,6.834663525015193,1000000.0,459204.5035377782,0.2106235996993739,1.7067,False,0.2
sp4721bs,ok,,0.0634627004750655,0.7521571923554367,4.155060002568105,1.7678399999999996,0.4254667800001339,0.4254667800001339,6.695321333383419,1.3342179004802004,0.0810130801229872,1.862261391447744,16.389997871192445,24.94758059602361,8.557582724831164,0.0634627004750655,9.485747631322214,31.292800307997098,0.6041395699058201,39.82625233257607,-1.2080547975077622,0.0089447125977304,7.549458897430303,1000000.0,881083.1172146598,16.9789047425254,0.7039299895253354,15.28978505371398,-0.3348961874599694,0.0092419336370572,6.844871146266573,1000000.0,478059.68689903285,0.214074681616539,1.6293210702341137,False,0.2
sp4721la,ok,,0.0632898947641693,0.7622528611929827,4.100028251397753,1.76784,0.4311775167396273,0.4311775167396273,6.745021308523048,1.3601971757077675,0.0807803361567354,1.8611800139918488,16.341379273493903,24.9475805960088,8.606201322514897,0.0632898947641693,9.537648827976072,31.292800307983637,0.5961380347987433,39.83192428245128,-1.2783202677052767,0.0088444390398469,7.54598143563702,1000000.0,892909.2666683495,17.081723702659254,0.6901688756481011,15.342692235714484,-0.4496319187705232,0.0091646268005728,6.866779625500457,1000000.0,487410.1785285586,0.2137629119350634,1.594496989966555,False,0.2
spicasm,ok,,0.0659529707158965,0.794140630524206,3.9353965097302894,1.767839999999992,0.4492152177370178,0.4492152177370178,5.979104442036129,0.9597806147819632,0.0800840578727556,1.85166119154198,17.11681496263156,24.94758059620967,7.830765633578109,0.0659529707158965,9.855050645713282,31.29280030818221,0.572200823409847,39.74494340163405,0.9393399706673186,0.0081978723255694,7.604433060403476,1000000.0,930262.8617590556,17.740917706272242,0.5588058778698773,13.103242045927376,0.829667163848983,0.0082702431410011,7.689913090886153,1000000.0,527396.6124199325,0.1172,1.490318060200669,False,0.2
ssca07,ok,,0.0654309975900838,0.8567571810373622,3.647775979905605,1.7678399999999228,0.4846350241183589,0.4846350241183589,5.672543483254599,0.777238110637738,0.1062380615319092,1.8794729426066,16.938880560824206,24.490896986685406,7.552016425861199,0.0654309975900838,10.237415668756414,31.292800308135075,0.5206722102896979,39.487219136270525,4.156691058265302,0.0074773334858101,7.710840750209973,1000000.0,1003612.4036836762,18.15653640032077,0.4769199403260269,12.654724070574758,3.775116724207017,0.0071588563113349,8.163083872287661,1000000.0,582310.46630106,0.0699802088822693,1.2660565217391304,False,0.2
ssca09,ok,,0.0667790978363267,0.8040913823222415,3.8866953860071343,1.7678399999999872,0.4548439804067378,0.4548439804067378,5.7415052496423815,0.8448237430473448,0.0798780865205065,1.855882704627448,17.350192641997104,24.94758059626693,7.59738795426983,0.0667790978363267,10.716845272893092,31.292800308240363,0.565119752155742,39.70878090590051,4.367210717145333,0.0079270503398135,7.639254696103984,1000000.0,941919.2542037746,19.24842420657255,0.4548569673199911,12.03586618742318,3.46138157862944,0.0072861665436565,8.709403713094979,1000000.0,579381.2376861137,0.0899745783675219,1.4595,False,0.2
stcyr171,failed,airfoil 'stcyr171' not found in the aerosandbox UIUC database,,,,,,,,,,,,,,,,,,,,,,,,,,,,,,,,,,,0.0
stcyr172,ok,,0.0636961201664488,0.8567571809842062,3.647775980132242,1.7678399999999996,0.4846350240882695,0.4846350240882695,6.505933145091055,1.2099627392582322,0.1062380611849211,1.882962224615906,16.436429963216085,24.825325332923043,8.38889536970696,0.0636961201664488,11.380862294028413,31.29280030801517,0.5277820988011235,39.88306502095147,4.888651612376818,0.0082657421273044,7.481280233232064,1000000.0,1003612.4036175197,20.147089065740417,0.4302577776390402,13.411102024136111,4.260959436465607,0.0076805674588702,8.393822786864044,1000000.0,646150.8169335992,0.1356,1.297,False,0.21
stcyr234,ok,,0.0649673407398117,0.7405312492609588,4.220292214162425,1.7678399999999996,0.4188904251860796,0.4188904251860796,6.262577627363229,1.1104226370649095,0.081288961381287,1.8711716018471376,16.813831366926685,24.94758059613705,8.133749229210366,0.0649673407398117,8.592960544604715,31.292800308111296,0.6136242368481086,39.55945996740624,-2.989383423756476,0.0081233609886363,7.732452442685881,1000000.0,867464.3919216348,15.307629608676056,0.8360607129966714,16.34226681032888,0.8420339186604925,0.0116588142004899,5.951656462132071,1000000.0,424341.1736727771,0.16,1.6706,False,0.21
stcyr24,ok,,0.0484994726094609,0.8567571806293581,3.647775981637888,1.767839999998746,0.4846350238878891,0.4846350238878891,6.432448428782591,1.183535631555479,0.1062380588254318,1.820229993145806,12.128513782114853,20.38119220404325,8.252678421928398,0.0484994726094609,10.248559841513895,31.292800306455703,0.4333006016553397,34.919500316473034,-3.696487679824106,0.0082832905814619,8.17951960250191,1000000.0,1003612.4031525447,18.76788442505529,0.4877674852110902,15.655166081329671,-3.193992080720804,0.0080574846062299,7.835564317887134,1000000.0,601917.4188777586,0.1235,0.8858,False,0.2
ste87151,ok,,0.0650059764088892,0.7768029986572726,4.023231464093307,1.7678399999999916,0.4394079773380375,0.4394079773380375,6.251465773581949,1.1394037220220854,0.0804555189334151,1.8623718430867984,16.83374297947589,24.94758059614464,8.113837616668748,0.0650059764088892,9.96683097664483,31.292800308112867,0.5849718956741863,39.71094831943496,0.9342714505691794,0.00823354704489,7.633666778022293,1000000.0,909953.4172874722,17.838956299448864,0.585440621349894,13.653491509273383,0.9379744796911532,0.0082293503775878,7.63101422404688,1000000.0,518733.3535412923,0.1392836816791778,1.5459,False,0.22
ste87391,ok,,0.0646713652109855,0.7770138840530374,4.02213953925522,1.767839999999998,0.4395272672035016,0.4395272672035016,6.347701992459536,1.1727212662560862,0.0804509181790333,1.8722244615397492,16.7276541421151,24.947580596114385,8.219926453999285,0.0646713652109855,9.314606240414676,31.292800308089056,0.584813131420352,39.40762189570191,-1.3415175567775215,0.0069940472059973,7.888468025864872,1000000.0,910200.450172674,16.583848841775065,0.6860800791106675,14.542693799837314,-0.479123192602212,0.0064100062256729,7.176502010514191,1000000.0,482367.3986593442,0.145566646795915,1.5452090301003345,False,0.2
stf86361,ok,,0.0625596533610455,0.8567571809631418,3.647775980221896,1.767839999999992,0.4846350240763562,0.4846350240763562,6.65446059477923,1.326639300184428,0.1062380610446543,1.8564225179345244,16.13611489351713,24.646998006230888,8.510883112713755,0.0625596533610455,9.332321256720329,31.292800307924097,0.523990890867391,39.638002819281496,-1.915485911548631,0.0079447198029462,7.579597763440509,1000000.0,1003612.403589928,16.75681975513414,0.6310154515629129,15.616611623574006,-1.008239670300935,0.0085114470145831,6.696138773159448,1000000.0,537419.2141799083,0.1465999842245729,1.2805,False,0.2
supermarine371i,ok,,0.0615689634899528,0.8567571808134616,3.6477759808465744,1.7678399999969372,0.4846350239925253,0.4846350239925253,6.473576441438963,1.2161888526740414,0.1062380598024888,1.8233834477238375,15.884225521750148,24.181185410912946,8.296959889162801,0.0615689634899528,10.80245849648928,31.29280030775587,0.5140877962024909,38.57997461011009,3.712894326400635,0.0060587128180373,8.112957075235206,1000000.0,1003612.4034109304,19.748010235174224,0.4429154889653055,13.918119407747882,3.0292638657301647,0.0057870772756064,8.927031819740854,1000000.0,633351.6917562237,0.13,1.2374,False,0.2
supermarine371ii,ok,,0.03920606488762,0.8567571799822407,3.647775984398264,1.7678399999999996,0.4846350235214956,0.4846350235214956,5.799208543292882,0.8570415631689344,0.1062380531378172,1.7443599736562596,9.531543127058116,17.075111644007258,7.543568516949142,0.03920606488762,11.968258297210912,31.29280030494637,0.3630139042364538,28.83825827947666,2.582532235557109,0.0065545101682451,9.38921772460828,1000000.0,1003612.4023453876,22.870390817565188,0.3002466927053473,14.725572983887147,1.8705176376798005,0.0047965508438083,11.089817658546536,1000000.0,733491.6545441402,0.0836,0.5799,False,0.2
t16,failed,airfoil 't16' not found in the aerosandbox UIUC database,,,,,,,,,,,,,,,,,,,,,,,,,,,,,,,,,,,0.0
tempest1,ok,,0.0595082210702839,0.8567571660297473,3.647776043012101,1.767839999808312,0.4846350156816487,0.4846350156816487,6.725814929212632,1.3535999669973426,0.1062380226902755,1.8273382596382803,15.287588690080698,23.84074187893161,8.553153188850912,0.0595082210702839,11.132490107834611,31.292800209196898,0.5068500378773174,38.31324247972594,4.2718133382905945,0.0066662143618816,8.026334979802012,1000000.0,1003612.3830392984,20.307296781929285,0.4317880222354139,14.403448693295518,3.5667465968204155,0.006220255714674,8.88561782908686,1000000.0,651288.934839666,0.1449685804533912,1.2059,False,0.2
tempest2,ok,,0.0584885537650386,0.8567571809319642,3.647775980343241,1.76783999999723,0.4846350240594774,0.4846350240594774,6.371963219583235,1.160206105803957,0.1062380611029595,1.822838058750828,14.998826308542764,23.19362758687683,8.194801278334063,0.0584885537650386,11.064076531031256,31.29280030749057,0.493092488561701,37.57926348988261,3.78434897236521,0.0063695542620962,8.233655975104767,1000000.0,1003612.4035410704,20.232326687709808,0.4167689285827223,14.193124484038634,3.1612565841271105,0.0058648109096339,9.177547742259051,1000000.0,648884.5298840216,0.1199625902442754,1.1460247491638798,False,0.2
tempest3,ok,,0.0560535322830866,0.8567571808046834,3.647775980894101,1.7678399999993972,0.4846350239868854,0.4846350239868854,6.088860298007364,1.0055125218179848,0.106238059682683,1.7833243206930876,14.33801303465722,22.210197653357675,7.872184618700452,0.0560535322830866,10.80152070604044,31.292800307311552,0.4721849392932611,36.22060136121009,3.170450776933209,0.006084920556695,8.522475878727416,1000000.0,1003612.4033850012,20.189860364906288,0.4020473507842492,14.054370131335569,2.6003030623902155,0.0055252559755678,9.483323848227789,1000000.0,647522.5638434403,0.0999776547113803,1.0550314381270902,False,0.2
th25816,ok,,0.0477111130408265,0.856757180286013,3.647775983104803,1.7678399999999743,0.484635023693335,0.484635023693335,8.26123244255785,2.226080278708895,0.1062380557980662,1.7791086543585255,11.942898106412082,21.98323920332846,10.040341096916377,0.0477111130408265,11.135096580209115,31.292800306368925,0.4673598424294777,37.63079258951568,2.0717501024186613,0.009579458682207,7.597536704389756,1000000.0,1003612.4027468668,20.862687902600264,0.4802379868115699,18.691580700630222,2.199813014010977,0.0096145236249001,7.509447242582655,1000000.0,669101.2670229193,0.2572297436182324,1.0340317725752508,False,0.2
trainer60,ok,,0.0634151256394374,0.783420364564221,3.9892481826642703,1.7678399999999996,0.4431511701082797,0.4431511701082797,6.629988975119083,1.2902391240441944,0.0803118090324479,1.836663326636312,16.40191312237489,24.868565424130285,8.466652301755396,0.0634151256394374,11.126802164399654,31.2928003098553,0.5781936755715751,40.00000000247395,4.872773122933157,0.0092819518318506,7.427798698821077,1000000.0,917705.0541510896,20.193870052343637,0.4726983341970334,13.56694731442717,4.012906518095256,0.0087906312693018,8.263771457447431,1000000.0,592213.430131072,0.1830265113212955,1.5164,False,0.2
tsagi12,ok,,0.0595074804820976,0.8567571264012316,3.647776212052349,1.7678399998848142,0.484634993244329,0.484634993244329,6.339482544368326,1.1361788419678918,0.1062379657950926,1.82501046763181,15.289703656813952,23.454196668814088,8.164493012000136,0.0595074804820976,11.040573096762042,31.292799893975594,0.4986321868496109,38.41348246352117,3.043930831420127,0.0074995185197902,7.888165822055047,1000000.0,1003612.3264650255,20.16531465175399,0.4179918443161472,14.146460754516085,2.3963295930453623,0.0071183405588939,8.687023344267883,1000000.0,646735.3007757637,0.119,1.1701344481605351,False,0.2
tsagi8,ok,,0.0492889556834031,0.8567571806938878,3.6477759813675386,1.7678399999998111,0.4846350239240991,0.4846350239240991,5.7860488797859295,0.8358138372512598,0.106238059127666,1.79806381919045,12.377740097514431,19.961852796490813,7.58411269897638,0.0492889556834031,11.314233780342374,31.292800306576304,0.4243855187451389,33.3077945693412,2.5198413349678987,0.0064938495934349,8.857561602864912,1000000.0,1003612.4032313986,20.974846498007743,0.3588853747837056,14.456610721299109,1.988003839472113,0.0058842434172628,9.76708287333939,1000000.0,672698.3809388055,0.0795,0.847,False,0.2
tsagi_r3a,ok,,0.0669036356991692,0.728820335289454,4.288105194483617,1.7678399999999996,0.4122660055714624,0.4122660055714624,5.705687401638165,0.806355311739767,0.0815757455854554,1.8608750147244413,17.38101817991445,24.947580596277056,7.566562416362606,0.0669036356991692,10.455838689844663,31.2928003082507,0.6234841437402592,39.45676752503322,3.1039737246969046,0.0077503470248997,7.830251310444938,1000000.0,853746.1310454599,18.72925121624923,0.5278902303547802,12.15499679254587,2.2039324774361004,0.0072795369874861,8.721497113242496,1000000.0,510980.97983373207,0.1208880607427322,1.7135120401337791,False,0.2
ua2-180,ok,,0.0617778812103712,0.7279743274732257,4.293088571471559,1.76784,0.4117874510550874,0.4117874510550874,6.3322554721747535,1.140560522185048,0.0815968178193192,1.859318759804261,15.908376218146364,24.09995045012538,8.191574231979015,0.0617778812103712,9.7165772273756,31.292800308837343,0.6030003249735884,40.00000000259688,-0.1225603953722903,0.0119300924663205,7.198227060496833,1000000.0,852755.110552047,17.41960090873733,0.6614259402954865,14.503536062164578,0.437130274572206,0.011535642996278,6.951121337400506,1000000.0,474698.7662369022,0.1812292496589358,1.6243628762541806,False,0.2
ua2-180sm,ok,,0.0629212320093529,0.7115731718075938,4.392040607237865,1.7678399999999994,0.402509939704721,0.402509939704721,6.25343508586981,1.0988642989572712,0.0814762963354644,1.8611947436923344,16.2353348888598,24.349964718421944,8.114629829562144,0.0629212320093529,9.737016649721108,31.29280030937693,0.6232987142423516,40.00000000268225,0.0838080330486672,0.0115659325909064,7.272901880878173,1000000.0,833542.6620156962,17.43864916647449,0.6688516214179685,14.248110757932142,0.5089353314410243,0.0115317624786616,7.032178616252247,1000000.0,464511.2583237001,0.1816648525947258,1.712705016722408,False,0.21
ua79sf18,ok,,0.04652171957258,0.8567571804157055,3.647775982551279,1.76783999999965,0.484635023766786,0.484635023766786,7.222993939902145,1.6348949856508814,0.1062380569352738,1.769481631021165,11.610448322715785,20.60292389363909,8.992475570923311,0.04652171957258,10.96921442591031,31.292800306198988,0.4380145789299421,36.299301859676525,-0.4804427605259683,0.0103480967140583,7.5650274996861135,1000000.0,1003612.4028935236,20.663705938143394,0.4384412484524312,17.344736031959126,-0.4768330429010973,0.0103477307264081,7.56302005266648,1000000.0,662719.5829820662,0.1876949656750572,0.9063160535117056,False,0.2
ua79sff,failed,airfoil 'ua79sff' not found in the aerosandbox UIUC database,,,,,,,,,,,,,,,,,,,,,,,,,,,,,,,,,,,0.0
ua79sfm,failed,airfoil 'ua79sfm' not found in the aerosandbox UIUC database,,,,,,,,,,,,,,,,,,,,,,,,,,,,,,,,,,,0.0
uag8814320,ok,,0.0633219940479563,0.8497799278617224,3.677726624426152,1.7678399999999974,0.4806882567776063,0.4806882567776063,6.626827769069026,1.3307573826130423,0.0789942892973318,1.8686282652505093,16.34316297103028,24.83861900534982,8.495456034319535,0.0633219940479563,9.239551803608762,31.292800309300688,0.5324004792104253,40.00000000250967,-1.5797293047952743,0.0086228894324199,7.418854235489013,1000000.0,995439.192003672,16.481879560941106,0.6564068028870388,14.92755345066173,-0.1095029424629865,0.0064083791761026,6.859858988524154,1000000.0,524296.6021154947,0.1430453205326726,1.3171,False,0.2
ui1720,ok,,0.0677708439096519,0.641047432373839,4.875237163070712,1.7678399999999996,0.3626162052978998,0.3626162052978998,5.385523137727176,0.6297109631992404,0.0729465513793373,1.8739325568839709,17.61737500094875,24.8768306955599,7.259455694611147,0.0677708439096519,9.685203431348588,31.29280030993916,0.7068419980759687,40.000000003258144,1.7938370043744811,0.0113193386180624,7.430267388074288,1000000.0,750928.2311915215,17.227947355539527,0.6805391901142389,12.124758900084672,1.5577547737810356,0.011310220597564,7.576938501707352,1000000.0,413416.2461212184,0.1381059886681629,2.0763,False,0.2
ultimate,ok,,0.0594953579093063,0.8567571809182513,3.647775980412992,1.7678399999999843,0.4846350240509654,0.4846350240509654,6.461454672427685,1.2003615955980207,0.1062380607482017,1.8205846347031145,15.290642737702138,23.572682044832938,8.2820393071308,0.0594953579093063,11.379771780421208,31.292800307666653,0.5011511204136759,39.10221403471718,4.733914889886899,0.0086984630251449,7.581833647852075,1000000.0,1003612.4035290906,20.83537995342345,0.3971760046851166,13.694443869972051,4.055458810558857,0.0067056428248672,9.026521677554424,1000000.0,668225.4559485393,0.1284497557719054,1.1810973244147156,False,0.2
us1000root,ok,,0.049405364094801,0.856757180570602,3.647775981891853,1.7678399999996672,0.4846350238544004,0.4846350238544004,7.114102851328312,1.5253762602762275,0.106238058164893,1.7810795206346892,12.428204164326957,21.32338653628996,8.895182371963001,0.049405364094801,11.661059949651918,31.29280030659124,0.4533314893239002,37.221224855682,5.356500626347796,0.01005720665582,7.559859489816328,1000000.0,1003612.4030875412,21.82395529331651,0.3888091661271758,16.52106366282768,4.308326774142578,0.0086606061879493,8.337155647344463,1000000.0,699930.7189579655,0.1856233571428571,0.9729779264214048,False,0.21
usa22,ok,,0.0669457654817898,0.8247705791807158,3.789245572634631,1.7678399999999512,0.4665414173119392,0.4665414173119392,5.693570619520171,0.7969867395508987,0.0794659395915611,1.8631703711530003,17.390839605621128,24.9475805962943,7.5567409906731715,0.0669457654817898,10.05116030386055,31.292800308242867,0.5509506936343009,39.74713005675285,1.1135213105974109,0.0078233028970241,7.61918123405209,1000000.0,966143.0353694076,17.98218144634927,0.5053856928177525,12.424207742435303,0.7053091354368892,0.0077603900020306,7.99658675540375,1000000.0,555187.1099424423,0.0910411715935342,1.397833779264214,False,0.2
usa25,ok,,0.0653650939216387,0.8347982966460571,3.743728608642651,1.7678399999999994,0.4722137165388595,0.4722137165388595,5.836153028944375,0.8977481095063681,0.0792734348095378,1.8604043972628657,16.938994808722693,24.63555223492993,7.69655742620724,0.0653650939216387,9.85080831496912,31.292800309673915,0.5375244309458175,40.00000000296094,1.0558755575026952,0.0092294874313832,7.358201798410195,1000000.0,977889.586072364,17.649940929442003,0.5278794618602093,13.05934508285178,0.9593011022875098,0.0092392594330845,7.421432390385537,1000000.0,551554.774864876,0.0827511909527622,1.3394003344481604,False,0.21
usa26,ok,,0.065659184750795,0.8445425193328483,3.700533950698905,1.7678399999999976,0.477725653527949,0.477725653527949,6.007618418122735,0.9802616555562368,0.0790907433599919,1.8587696757869236,17.025211844209814,24.891599938119477,7.8663880939096575,0.065659184750795,10.23749790712363,31.29280030969113,0.5368448030557194,40.00000000332636,1.363352444399068,0.0085592321897465,7.434678698477539,1000000.0,989304.0486180136,18.358914215285107,0.4929083578472141,13.038845205656482,1.007339784276196,0.0087080825214246,7.718868157101042,1000000.0,580406.610519531,0.0982473660068739,1.336442474916388,False,0.21
usa27,ok,,0.0650983331436959,0.808158412285171,3.867135722516237,1.767839999999997,0.4571445449164927,0.4571445449164927,6.068909053740961,1.01921180586444,0.0797953314723401,1.8856121447881555,16.837065036339578,24.79158623486869,7.954521198529116,0.0650983331436959,9.381364270648596,31.29280030976709,0.5587599598448095,40.00000000329643,0.6831953288349095,0.0091754270305133,7.404806382249273,1000000.0,946683.406576081,16.584117959745416,0.6383209628802717,14.118265725727577,1.5011629604560126,0.0092751608799655,6.857802931381754,1000000.0,501709.950205099,0.1107,1.4318210702341136,False,0.2
usa27m2,ok,,0.0633004487180678,0.7987066670076798,3.91289868320324,1.7678399999999996,0.451798051298579,0.451798051298579,6.322458905881563,1.156491582949242,0.0799889091206414,1.8578326667127372,16.347762001240252,24.528053573834555,8.1802915725943,0.0633004487180678,10.05699562679354,31.292800309646097,0.5593623573234451,40.000000002628816,0.9489951911817712,0.0098949826259546,7.326093858266069,1000000.0,935611.5544685116,18.044315484717394,0.561056980589508,14.013837590719971,0.967240331937566,0.0098983286428793,7.314764529980416,1000000.0,539500.1371856325,0.13288,1.4344428093645485,False,0.21
usa28,ok,,0.0643761233260283,0.8552001962292373,3.654417152124016,1.7678399999999854,0.4837542968986131,0.4837542968986131,6.43261535257848,1.1871033089187968,0.092163841552069,1.8563641859934084,16.658601052993077,24.947580591564964,8.288979538571889,0.0643761233260283,10.443699781117008,31.29280030805887,0.5313468409054982,39.73296828429198,1.8364143206725585,0.0075217224243936,7.6242568038674206,1000000.0,1001788.5388798706,18.752964998133702,0.491586228139914,13.653136738606504,1.4064225532099697,0.0074691066889685,7.965584931106387,1000000.0,600345.9332563347,0.1316146435149089,1.312514381270903,False,0.21
usa29,ok,,0.0639068261248743,0.8567571809880941,3.64777598011568,1.7678399999999976,0.4846350240904692,0.4846350240904692,6.492886781603286,1.2100740136756325,0.10623806120407,1.876148700232468,16.503843804826182,24.87287928666193,8.369035481835754,0.0639068261248743,10.29901789427065,31.29280030802896,0.5287930875838618,39.88598835063196,0.954289463789444,0.0081744470191762,7.493003830131046,1000000.0,1003612.4036225176,18.298154961445807,0.5203665495048888,14.056033169584673,0.8655616309876737,0.0081732470964843,7.557445162136301,1000000.0,586852.4102012725,0.1316897107222447,1.3014,False,0.21
usa31,ok,,0.0630979056711622,0.7232975405252058,4.32084735602815,1.7678399999999996,0.409141970158615,0.409141970158615,6.054508843912016,1.0041731316769902,0.081714196041598,1.8707975180681624,16.2765445366458,24.201850898625977,7.925306361980178,0.0630979056711622,9.05842148288766,31.29280030807304,0.6094653969669261,40.00000000278966,-1.2585620286513006,0.0117517385055412,7.228662914025469,1000000.0,847276.6838611023,16.14003545796454,0.7502334434142601,14.488899133001478,0.5407687439041472,0.0109170218784985,6.582330634115359,1000000.0,437003.898200087,0.148551314630214,1.6525,False,0.2
usa32,ok,,0.0637339057671421,0.7205091083732091,4.337569406521893,1.7678399999999996,0.4075646599088205,0.4075646599088205,6.1195336811672485,1.0489963408898173,0.0817848879821116,1.867331742538432,16.462927813381846,24.44979323708753,7.98686542370568,0.0637339057671421,9.399540485908505,31.29280030947612,0.6180920758889914,40.00000000276936,0.1488803235968764,0.0111686317874689,7.302718885888436,1000000.0,844010.2915575585,16.778915554181538,0.702288299131168,14.23987087793606,1.1414604726954491,0.0111061328752948,6.842047567892795,1000000.0,452550.65922035713,0.1472090640498006,1.6900448160535118,False,0.22
usa33,ok,,0.0623758239471065,0.8421723624782402,3.710948500379871,1.7678399999999996,0.4763849457407007,0.4763849457407007,6.621727247303463,1.3133822045897356,0.079134797737399,1.848871162028742,16.09079578924108,24.56139419857329,8.470598409332204,0.0623758239471065,10.397186701430888,31.29280030944065,0.5312139736509209,40.00000000241258,1.6173110483677968,0.0093113232164197,7.336052110696634,1000000.0,986527.6273898132,18.745107672478724,0.5105561905187628,14.355161868601384,1.3979444796357186,0.0093427925819889,7.467302128098928,1000000.0,590952.756366711,0.141934325184692,1.3119361204013378,False,0.2
usa34,ok,,0.0626762727413165,0.750227819105346,4.165745638873935,1.7678399999999996,0.4243754067706048,0.4243754067706048,6.564293431379488,1.276393809076393,0.081058272321217,1.855328884152545,16.17074897046914,24.59037128600117,8.419622315532033,0.0626762727413165,10.03746479775018,31.292800309703736,0.5970206904715328,40.00000000248316,0.7563346874799571,0.0103811987661193,7.344707051901466,1000000.0,878823.033579633,18.033576838202052,0.6155197818171307,14.517614828851482,0.9913395376298554,0.0104586456840331,7.220210302015255,1000000.0,506452.6838886212,0.1801432247815464,1.5983384615384617,False,0.2
usa35,ok,,0.0648567829677065,0.6990448465559136,4.470755032381206,1.7678399999999996,0.3954231415489602,0.3954231415489602,6.26637900115506,1.110007485946284,0.0800439312556175,1.868688652801132,16.784517226232765,24.91958488018896,8.135067653956192,0.0648567829677065,9.393990552857703,31.292800309755165,0.6493116953341245,40.00000000272999,-0.4644272437308932,0.0102658630007453,7.443037303809648,1000000.0,818866.8788529986,16.756832014750515,0.7392283541378997,14.312354038939183,0.3278439140591247,0.0101389342035048,6.925659099910257,1000000.0,438491.109634097,0.1817555646500216,1.825918060200669,False,0.2
usa35a,ok,,0.0648751555730827,0.6994207098860907,4.468352482883994,1.7678399999999996,0.3956357531711528,0.3956357531711528,6.267494364837092,1.110646399230809,0.0800896438479695,1.8688068673043403,16.78968308497088,24.92598431711231,8.136301232141433,0.0648751555730827,9.391399810556528,31.29280030973497,0.6491294161214443,40.00000000273005,-0.47468214628654,0.0102432229442182,7.444948701930501,1000000.0,819307.1682467395,16.751151005959123,0.7394444248605853,14.311096086003742,0.3185218288479132,0.0100979418215195,6.926704764117184,1000000.0,438578.1380932005,0.1817331035554247,1.82512474916388,False,0.2
usa35b,ok,,0.0667053393573736,0.7381703339654616,4.233790118347166,1.7678399999999996,0.4175549449981117,0.4175549449981117,5.7627186375085575,0.8492538763559849,0.0813460461244109,1.8736541021761584,17.31120785657736,24.94758059626208,7.636372739684716,0.0667053393573736,9.457222153849122,31.2928003082368,0.6155868121216401,39.05008448303726,-0.077828008295635,0.0062574927394252,8.1182942771921,1000000.0,864698.7963432405,16.82491651449969,0.651824999847275,13.072844244580072,0.2453462800709203,0.0061541119195789,7.825609346089791,1000000.0,464914.7700224829,0.1161,1.6791414715719064,False,0.21
usa40,ok,,0.0658727033557598,0.7697881571439468,4.0598939287339375,1.7678399999999987,0.4354399477011196,0.4354399477011196,6.002189823780125,0.9605242489080602,0.0806105947476047,1.858676139621272,17.086714632802327,24.947580596203725,7.860865963401397,0.0658727033557598,9.7926268323114,31.292800308177387,0.5903025637276065,39.67562293940982,0.346193183786832,0.0078956761177271,7.716067335270051,1000000.0,901736.1742845834,17.56201026376183,0.5905504826220171,13.269004336461204,0.3484171087440513,0.0078955153659469,7.714197111787468,1000000.0,506068.48195215256,0.1331983260637936,1.5691,False,0.2
usa40b,ok,,0.0669348586335542,0.6918775381079164,4.517068546764316,1.7678399999999996,0.3913688671530888,0.3913688671530888,5.696707495508791,0.801452115371926,0.0791611183620986,1.906133183810863,17.34473991696156,24.947580596281213,7.602840679319654,0.0669348586335542,9.967910937348623,31.292800308252847,0.6567750760215688,39.60456956020212,1.5090665636383227,0.0086328144172186,7.743719492222361,1000000.0,810471.0347884815,17.431294976321542,0.6450504341657257,12.745871588842006,1.3998089271337633,0.0086058549353416,7.831153119395157,1000000.0,451463.5806958037,0.136291556,1.8584,False,0.2
usa41,ok,,0.0482427415639604,0.8567571806910275,3.647775981380339,1.767839999999962,0.4846350239224398,0.4846350239224398,5.5433182823519465,0.6930475209539417,0.1062380591117795,1.8018393747132653,12.073066987894212,19.418224644959423,7.3451576570652115,0.0482427415639604,10.983668209638395,31.292800306441062,0.4128280787947908,33.12103639559778,-0.6747782058756338,0.0073349598701466,8.65138892018801,1000000.0,1003612.403223625,20.31936246885913,0.3703646529365102,14.513090949467788,-1.085782470284492,0.0074590174953263,8.920745433985237,1000000.0,651675.912658611,0.065993800619938,0.7967,False,0.2
usa45,ok,,0.0641800184404708,0.8398361568204369,3.721271393496538,1.76783999999999,0.4750634428570695,0.4750634428570695,6.489016316819231,1.2210894414830418,0.0791784558970536,1.8113892990822955,16.64717498018369,24.947580596085217,8.300405615901527,0.0641800184404708,10.553076056287358,31.29280030804252,0.541067348673384,39.720153462167325,1.8731485828117136,0.0077428152889649,7.606359549603397,1000000.0,983790.9768365722,19.419856463459407,0.4674326376020346,13.392715696530134,1.3733398665145595,0.0074814817019424,8.273860726945072,1000000.0,610526.3630018622,0.1451994439884951,1.3548197324414717,False,0.2
usa45m,ok,,0.0653680855454945,0.8473433213288838,3.688302234681703,1.7678399999999823,0.4793099609290955,0.4793099609290955,6.147320980015438,1.039283908297645,0.0790390186663896,1.8463772639462308,16.953882352208385,24.947580596170056,7.993698243961669,0.0653680855454945,10.228165786441789,31.292800308136584,0.5362736818141735,39.605332179400925,2.2360653614451285,0.0069574383283544,7.76423102991671,1000000.0,992584.931047246,18.465286927297665,0.4934947494352756,13.211856166841349,1.9891598137534932,0.0069583924002062,8.14036634350456,1000000.0,585705.5096067489,0.1162999999999999,1.333956856187291,False,0.2
usa46,ok,,0.0552404872213854,0.856757180882283,3.647775980566012,1.7678399999999552,0.4846350240306276,0.4846350240306276,5.520424656861671,0.6789419546063019,0.1062380605050316,1.8475383183131548,14.039962324353835,21.407925299528664,7.367962975174826,0.0552404872213854,9.581342466246516,31.2928003072616,0.4551287685429484,34.71889233402725,1.6465435923201497,0.005149951834429,9.018218556027424,1000000.0,1003612.403473983,17.2866824488824,0.5133016863839703,13.717259509817202,2.172952250533755,0.0054337755455268,8.28443385316746,1000000.0,554412.7962427338,0.0654030261656331,0.9808,False,0.2
usa48,ok,,0.0639307126350284,0.8349501050895629,3.7430479336999127,1.767839999999438,0.4722995888145014,0.4722995888145014,6.560717833524861,1.271295795824237,0.0792704341378981,1.8398616092625129,16.54700096300712,24.947580405794497,8.400579442787373,0.0639307126350284,10.449009676914894,31.292800033379105,0.5442336307415903,39.71607980944464,2.256689866978695,0.0075435339030306,7.658721885598908,1000000.0,978067.4070954516,18.93078918601068,0.5007461252272505,13.776196151363566,1.78030267849703,0.0073118864765685,8.07531489159972,1000000.0,591688.4354765968,0.149,1.3686,False,0.2
usa49,ok,,0.0611752688774891,0.8567571809761655,3.647775980166476,1.7678399999999996,0.4846350240837211,0.4846350240837211,5.685897281623163,0.7792444435243369,0.1062380611339036,1.8355266074062828,15.758853393157043,23.28027728218649,7.521423889029446,0.0611752688774891,11.154205305751766,31.29280030781273,0.4949346459779939,38.58202863084966,3.156619336178757,0.0080786984635356,7.7748202495689664,1000000.0,1003612.403601608,20.256140228359087,0.3816236140821072,12.610060553628442,2.0536829515347006,0.0060340196375177,9.467447125374948,1000000.0,649648.2699632081,0.0725,1.1540421404682273,False,0.2
usa50,failed,too few converged polar points,,,,,,,,,,,,,,,,,,,,,,,,,,,,,,,,,,,0.01
usa51,ok,,0.0623767504301701,0.8567571809887465,3.647775980112166,1.7678399999998191,0.4846350240908872,0.4846350240908872,5.953586005329583,0.9202495099653604,0.1062380612383305,1.843667167372236,16.096266246952652,23.89351941965447,7.797253172701819,0.0623767504301701,10.614943912488478,31.29280030790224,0.507972067151575,38.40752597002684,1.7141975405945669,0.006389961353509,8.086579932725664,1000000.0,1003612.4036193186,19.191721261377623,0.4407195802548446,13.28389851081054,1.3152992920437507,0.0061929629459584,8.805481501384207,1000000.0,615510.5748033444,0.0933,1.2107832775919734,False,0.2
usa5,ok,,0.0671896739855592,0.8567571810962081,3.64777597965534,1.767839999999991,0.4846350241516271,0.4846350241516271,5.606654886647602,0.7392317931445873,0.1062380619361653,1.8618885519880224,17.46227099632132,24.930814434956943,7.468543438635624,0.0671896739855592,10.2668727125825,31.292800308251365,0.530024778685732,39.86293538510216,1.201246302526078,0.007919763554003,7.537851521974282,1000000.0,1003612.4037562998,18.380750558566096,0.4602120576873815,12.122777962125475,0.5843628179061998,0.0077428976855873,8.137300288746145,1000000.0,589501.3891122832,0.0638,1.3067605351170568,False,0.2
usa98,failed,airfoil 'usa98' not found in the aerosandbox UIUC database,,,,,,,,,,,,,,,,,,,,,,,,,,,,,,,,,,,0.0
usnps4,ok,,0.0665581341959057,0.7100465585303759,4.401483576046795,1.7678399999999996,0.4016463925074532,0.4016463925074532,5.805055728743097,0.8884827242911946,0.081401900376334,1.8758332381895089,17.26669162406573,24.94758059099833,7.680888966932606,0.0665581341959057,9.234487878630857,31.292800300564902,0.6399691926625375,39.54605990189364,-0.0646595703830783,0.0083228523828646,7.760445656930714,1000000.0,831754.374441006,16.40957502800848,0.7165331936332366,13.218881351216885,0.7329369438940159,0.0073160617542018,7.37606678930235,1000000.0,436162.1740837798,0.119410169123783,1.7852578595317727,False,0.2
v13006,ok,,0.0537840420219206,0.8567571808514718,3.647775980697321,1.7678399999999856,0.4846350240131905,0.4846350240131905,5.5090154571253285,0.6821105263928176,0.1062380602955281,1.8094126424072845,13.659205488496177,20.977633588028787,7.318428099532612,0.0537840420219206,11.175143443602993,31.29280030710886,0.4459808416143629,35.804785590129995,3.418946511059369,0.007944601989885,8.18936867954122,1000000.0,1003612.4034329744,20.587055308613525,0.3594826318680263,13.911127382768235,2.586273523081505,0.0069576781560724,9.223547084071908,1000000.0,660261.2695288729,0.0597671605622442,0.9409866220735784,False,0.2
v13009,ok,,0.0671915624418247,0.7746426772463939,4.034451441159024,1.7678399999999996,0.4381859654982318,0.4381859654982318,5.622877916469576,0.7759381787613799,0.08050299286672,1.907509748384117,17.41719293143943,24.947580596293125,7.530387664853693,0.0671915624418247,11.05792927666986,31.292800308270746,0.586603263718207,39.6699750463729,4.1196345152186336,0.0078060711471761,7.724220859539946,1000000.0,907422.7990353372,19.32349980742731,0.4643555686115579,11.9421802252561,2.931117736940052,0.0070876585971075,8.933218460706566,1000000.0,560339.2508717115,0.0899954612779871,1.553,False,0.21
v23010,ok,,0.0664634912021237,0.8064193675071709,3.8754752074554455,1.767839999996024,0.4561608332818494,0.4561608332818494,5.832275301341128,0.8781932745045105,0.0798303514758596,1.8356119375901625,17.27969317979188,24.94758041872317,7.667887238931291,0.0664634912021237,10.661901474934842,31.292800044043293,0.5634883602614178,39.62637126721332,3.749195698718332,0.0076174786645385,7.699102044165425,1000000.0,944646.2672101835,19.36121184185232,0.4524348103703993,12.241873992122663,3.0221623542702267,0.0072382926467549,8.727840338253051,1000000.0,584463.4059377781,0.1017977165674483,1.4524,False,0.2
v43012,ok,,0.0662965240434708,0.7504791874069361,4.164350348473255,1.7678399999999996,0.4245175962796046,0.4245175962796046,5.880296412185869,0.913362071321789,0.0810523712981587,1.8612538782213977,17.206030305825745,24.94758059623301,7.741550290407266,0.0662965240434708,10.299194999999996,31.29280030820787,0.6054903724365106,39.707965938922094,3.3927201808522405,0.0084987085493893,7.638219453230023,1000000.0,879117.4884321406,18.44490448170677,0.5408075968529961,12.678600882413583,2.926208844610997,0.0085108623177969,8.107929068560349,1000000.0,518177.9176878477,0.1204,1.6352,False,0.2
v43015,ok,,0.0648234471043612,0.7709585039143417,4.053730842493208,1.7678399999999963,0.4361019684554842,0.4361019684554842,6.303962313483023,1.1349155853065334,0.0805845186941721,1.852632386506713,16.790985896139016,24.947580596128752,8.156594699989736,0.0648234471043612,10.81835253777896,31.29280030809873,0.5894064601181181,39.86766497326556,3.3740708892568625,0.0088365074118329,7.528258824635541,1000000.0,903107.1281084138,19.464830361692048,0.4980614758761961,13.039618325894525,2.705932207657244,0.0082878622973303,8.32018329484368,1000000.0,561753.0829452701,0.1503,1.5652,False,0.2
vr11x,ok,,0.0659455758618636,0.785129522618409,3.9805639395360575,1.7678399999999996,0.4441179759584629,0.4441179759584629,5.981231247099573,0.9816021794508524,0.0802750863827997,1.8609357235755093,17.10541362552944,24.94758059620452,7.842166970675082,0.0659455758618636,10.292557820207325,31.292800308182752,0.5787681008015527,39.90647069506601,2.607427943111817,0.0087997852519128,7.504291294617769,1000000.0,919707.1758945462,18.436169305965628,0.5241549832398289,12.764895988686805,2.181710219516152,0.0084661447316442,7.971461368990916,1000000.0,541845.953053603,0.10971,1.5189,False,0.21
vr12,ok,,0.0663677869379451,0.7721625623412046,4.047409726941674,1.7678399999999994,0.4367830586145833,0.4367830586145833,5.859800769617299,0.911720831262515,0.0805577972877129,1.8422662165666737,17.245513610051752,24.947580596235724,7.702066986183972,0.0663677869379451,10.52937930543281,31.292800308212936,0.588487379278022,39.78602446443806,3.077060921052965,0.0083829760238052,7.613923953051408,1000000.0,904517.5720492768,19.05149793362621,0.4901698696210434,12.375920804036271,2.3268254775204165,0.0080178059354863,8.447364705320776,1000000.0,550683.0480205592,0.10565,1.5612,False,0.21
vr13,ok,,0.0667770449437309,0.777933583048585,4.017384431910793,1.7678399999999908,0.4400475060235027,0.4400475060235027,5.742095674060906,0.8479725792434887,0.0804307963333966,1.850699335770664,17.35478558643712,24.94758059626869,7.592795009831569,0.0667770449437309,10.623993130826646,31.29280030824082,0.5841217458536253,39.67456839539776,3.397944099254459,0.008024533274241,7.673185888405913,1000000.0,911277.7931396248,19.13509652897892,0.4754492400747193,12.045007830070022,2.5139630528458508,0.0073378450896504,8.727446506814323,1000000.0,557233.2410228414,0.094508,1.5422,False,0.2
vr14,ok,,0.0672669420832806,0.7930318209304902,3.940898943920096,1.7678399999999996,0.4485880062282165,0.4485880062282165,5.601198272391604,0.7704024077214767,0.0801073309220323,1.8461504562875424,17.50023186761768,24.947580596296824,7.447348728679146,0.0672669420832806,10.547483559471372,31.29280030827596,0.5730008691894465,39.69780518310322,3.776037310020645,0.0076653917592184,7.715831078187145,1000000.0,928963.9930902808,19.044102506288496,0.4618451353760429,11.871592236599088,2.7184610605487483,0.0070569793831261,8.813918542234742,1000000.0,565346.8316922599,0.0795859999999999,1.4938,False,0.2
vr15,ok,,0.0668168807109851,0.8336830236851113,3.748736842160987,1.7678399999922354,0.4715828489505684,0.4715828489505684,5.730638313648985,0.8359947963803246,0.0792944444643027,1.85268012242226,17.364261977170482,24.947580413241727,7.583318436071245,0.0668168807109851,10.73826996750486,31.29280003459084,0.5450607896956161,39.753786912350186,3.842987490665609,0.0077465531517818,7.617714922641478,1000000.0,976583.13757877,19.32024465087775,0.4346497248322339,12.035398638770834,2.8032572480352225,0.007199284302929,8.684958208016873,1000000.0,602944.6108717432,0.079557,1.3722,False,0.2
vr1,ok,,0.0652539624515541,0.8550945835173449,3.654868509100555,1.7678399999999996,0.4836945557954029,0.4836945557954029,6.180143473615498,1.064106681581857,0.0912595993735538,1.8502865736318668,16.91715054548599,24.947580592733352,8.030430047247364,0.0652539624515541,11.078167962874064,31.292800308132453,0.531412467563717,39.82279113565612,3.495320570427679,0.0078450356498867,7.554374365631252,1000000.0,1001664.8232834608,19.957571475228452,0.4205480073263958,12.117674746502322,2.442407536247678,0.0058251213223078,9.16636712451469,1000000.0,638830.5651158515,0.1096616894749937,1.3128,False,0.2
vr5,ok,,0.0659622627307659,0.7982493459285414,3.915140402607695,1.7678399999999996,0.4515393621190501,0.4515393621190501,5.976432001953262,0.9612427889357796,0.0799983900508056,1.8590872498265096,17.112061344428074,24.94758059620785,7.835519251779772,0.0659622627307659,10.351519167698209,31.29280030818395,0.5692556154374728,39.07447463168689,2.373372627719116,0.0059362948264342,8.0837636348908,1000000.0,935075.8447539008,18.56021759901122,0.5082406592703749,12.819412354362212,1.8179226705989813,0.0059069769313581,8.690397389121252,1000000.0,554607.1613690883,0.12,1.4775,False,0.2
vr7,ok,,0.0656654488121707,0.8161705261750687,3.829173151160165,1.7678399999993886,0.4616766936913696,0.4616766936913696,6.061797305100355,0.9992386541906366,0.079634630206993,1.8477504740574,17.038032717168242,24.947580496326,7.909547779157755,0.0656654488121707,10.412275376173024,31.292800162193476,0.5567561073608247,39.30937320421848,2.1686172330543654,0.0059175037934441,8.057661199223269,1000000.0,956068.8581315756,18.783696756970897,0.4899084429979566,12.966456364825277,1.7155950162622324,0.0057493709742591,8.774162787318492,1000000.0,573886.2427410249,0.1202999999999999,1.4231,False,0.2
vr7b,ok,,0.0662475626315414,0.7744024475602902,4.035702980337833,1.767839999999993,0.4380500766813135,0.4380500766813135,5.894378012519538,0.9123764354896148,0.0805082794230453,1.8591791074429456,17.194023476269678,24.94758059623216,7.753557119962483,0.0662475626315414,10.518572602358342,31.29280030820388,0.5867852356620583,39.23420865535881,3.266645141283101,0.0061675159619084,8.072993598160744,1000000.0,907141.3920046152,18.858811684233483,0.5021251145570427,12.62975232984122,2.559685193970296,0.0060022984749174,8.935173487075366,1000000.0,546694.7193697921,0.1202999999999999,1.5537919732441472,False,0.2
vr8,ok,,0.0606048097212059,0.8567571536264129,3.647776096561345,1.7678399999876586,0.4846350086163872,0.4846350086163872,5.734281497155174,0.7991361152651295,0.1062380247582455,1.838138934114196,15.59217365998798,23.16459409125735,7.57242043126937,0.0606048097212059,10.875773940406509,31.292800088703668,0.4924752640750706,37.19862087976215,2.9689663211599666,0.0055342745670995,8.476497907861926,1000000.0,1003612.3645436956,19.72243725897969,0.4052864935621053,13.17729145694244,2.299497835689391,0.0052298141503308,9.5786577091203,1000000.0,632531.5036027912,0.0815,1.1433384615384614,False,0.21
vr8b,ok,,0.0626108469010245,0.8567571508176356,3.6477761085198783,1.7678399999875931,0.4846350070275864,0.4846350070275864,5.736322835207331,0.8004969746687424,0.1062380307301416,1.8402323977457529,16.167028730314893,23.743583963267977,7.576555232953083,0.0626108469010245,11.07820055571464,31.292800060033823,0.5047844911984446,38.50465387962917,3.77382503695418,0.0069696176909425,7.96818639331097,1000000.0,1003612.3603340182,20.066669422270092,0.3917146199929224,12.520727726882836,2.846601366679005,0.0055172550002396,9.603494304335223,1000000.0,643571.601911331,0.0815,1.196910367892977,False,0.2
vr9,ok,,0.0441625292289189,0.8567571805110256,3.6477759821442,1.7678399999993502,0.4846350238207872,0.4846350238207872,5.4728259334100855,0.6596693314146453,0.1062380576833737,1.7609583238601747,10.940454115284798,18.17423837255506,7.23378425727026,0.0441625292289189,11.61231547954088,31.29280030583957,0.3863811470894,31.68626745740714,3.1451686220924286,0.0080339516433202,8.58292528129007,1000000.0,1003612.4029938256,21.98105300998013,0.311685881033976,14.61243565974816,2.363697544652989,0.0066510287397886,9.697621998303518,1000000.0,704969.1052278278,0.0606,0.6815983277591973,False,0.2
w1011,ok,,0.0660963826619674,0.8203346418495789,3.809735815317505,1.7678399999999996,0.4640321759036899,0.4640321759036899,5.9378582927131145,0.9256461009460036,0.0795526008509847,1.8492147357237871,17.160507567778396,24.947580596215296,7.787073028436902,0.0660963826619674,11.02517726945808,31.292800308193577,0.5539299445704634,39.68410107920637,4.753982395049266,0.0077028494496912,7.653448724413593,1000000.0,960946.741918518,19.87361996864541,0.4286822999883429,12.219667940446026,3.7417318422970296,0.0068869280139131,8.950603184867258,1000000.0,610283.8407209021,0.1099839122711071,1.4108,False,0.25
w1015,ok,,0.064439098146025,0.8071763414485258,3.8718407677695703,1.7678399999998566,0.4565890247129781,0.4565890247129781,6.414503415327918,1.18398294522971,0.0798152437245367,1.786323194659539,16.74675398621464,24.94758059620209,8.200826609987457,0.064439098146025,10.789580040151996,31.29280030802041,0.5629599126719084,39.744030600750776,5.147293566832146,0.0080530830282106,7.606980464000684,1000000.0,945533.0006734844,20.133684043307397,0.4470427185934885,13.031068102876532,4.061198027117039,0.0075827628580726,8.65086710169678,1000000.0,608352.8000273294,0.1499475011049723,1.4501,False,0.2
waspsm,ok,,0.0670351004158945,0.7875829842419713,3.9681637721109233,1.7678399999999996,0.4455058060921641,0.4455058060921641,5.66787734825403,0.7922981292715973,0.0802226422809083,1.865319024606144,17.414384223421898,24.947580596282076,7.533196372860173,0.0670351004158945,10.18786690429486,31.29280030825987,0.576965134824002,39.06559790979273,1.7064697070874193,0.0058890994050643,8.112769463339346,1000000.0,922581.1810080362,18.20576314275248,0.5147205472987507,12.2511457485603,1.101779196470945,0.0055785223512806,8.816105501187304,1000000.0,536746.2897515026,0.0935310714285714,1.5110531772575253,False,0.21
wb13535sm,ok,,0.0595444565800047,0.8567571809205847,3.647775980403111,1.7678399999999976,0.4846350240522818,0.4846350240522818,6.470058717803804,1.185143946838291,0.1062380607701138,1.8391337492291853,15.286214699968207,23.5954071670012,8.30919246703299,0.0595444565800047,10.612873501880072,31.292800307672483,0.5016342525569701,38.27049395335756,0.9553531966888864,0.0069051346788772,8.012530045765091,1000000.0,1003612.4035320036,19.235275858046617,0.4675311431848377,14.489635964192573,0.635756436520027,0.0069217134606275,8.314588758997958,1000000.0,616907.4434595128,0.1355,1.1832,False,0.2
wb140,ok,,0.0619257542205092,0.8158465302733232,3.830693824919469,1.7678399999999983,0.4614934215049575,0.4614934215049575,6.415701763052941,1.1999911503228744,0.0796409448663409,1.856085675574936,15.954138552308171,24.225925990936048,8.271787438627877,0.0619257542205092,10.349997053435835,31.29280018339371,0.5408656233226358,39.99999968923792,0.7571591293958572,0.0103649743746197,7.235853901405522,1000000.0,955689.3273182004,18.587498751873525,0.5234260197002983,14.227313745714374,0.6087622695150056,0.0103299448887982,7.346268103829201,1000000.0,567666.4943565112,0.13925,1.353941806020067,False,0.21
whitcomb,ok,,0.0642245937053776,0.7318402368429815,4.2704105462713615,1.76784,0.4139742492776391,0.4139742492776391,5.692996779929385,0.8176236772109835,0.0815009165749248,1.8584604231827568,16.612923972707666,24.164381175819805,7.551457203112141,0.0642245937053776,10.22572881616943,31.292800309921507,0.6014185991162927,40.0000000030197,1.890995834046272,0.0117075359994124,7.217471373446751,1000000.0,857283.668592074,18.34086015250746,0.5471185060409585,12.746322395544448,1.3813736146474542,0.0111418383614101,7.612989418353414,1000000.0,502458.0645053565,0.1096,1.6174789297658865,False,0.22
ys900,failed,too few converged polar points,,,,,,,,,,,,,,,,,,,,,,,,,,,,,,,,,,,0.01
ys915,ok,,0.0435946596694059,0.8567571803384131,3.647775982863129,1.767839999995474,0.4846350237242094,0.4846350237242094,5.984175226139537,0.9487944125554542,0.1062380562601598,1.7880862334851693,10.750003460993536,18.52226492061824,7.772261459624707,0.0435946596694059,11.587611038314002,31.292800305729983,0.3937801310555645,29.552976858422973,1.3870958467084389,0.0047374160883425,9.958100719064197,1000000.0,1003612.4027903116,21.60151418001156,0.3467588692030083,14.780522545811808,1.0450886717735366,0.0049243975868978,10.455452472089837,1000000.0,692796.6605194063,0.0909431223883159,0.7138,False,0.21
ys920,ok,,0.04150105164229,0.8567571802170297,3.647775983398613,1.7678399999999996,0.4846350236543069,0.4846350236543069,5.9875621394399055,0.9497293096449406,0.1062380552045773,1.766937483149619,10.16901778884638,17.923517411435903,7.754499622589524,0.04150105164229,11.595924895624684,31.29280030538775,0.381050863201374,29.37496774697252,0.7747138781020931,0.0053344581140245,9.814523828971858,1000000.0,1003612.402634577,21.87575019152083,0.3373466730351445,15.360936732236432,0.3484100156783674,0.0056939758243586,10.08331832835746,1000000.0,701591.8676145461,0.0905019095930569,0.6584,False,0.22
ys930,ok,,0.0498612524060338,0.8567571807115396,3.6477759812931536,1.767839999999998,0.4846350239340328,0.4846350239340328,5.992157540251833,0.9513625147187716,0.1062380592734685,1.815205642787767,12.525194297671156,20.332557480710754,7.8073631830396,0.0498612524060338,10.801543293303196,31.292800306651944,0.4322666358487834,33.41691646906545,0.2219043696106111,0.0058324007955493,9.024634784725984,1000000.0,1003612.403254396,19.83529769977713,0.4131193156604681,14.656350814333608,0.0352496712611648,0.0059651265752859,9.17531019749294,1000000.0,636151.1465468967,0.0909053158571202,0.8813,False,0.21
zv15_35,ok,,0.0640161558301169,0.7817219594052638,3.9979154071323566,1.7678399999999996,0.4421904467628654,0.4421904467628654,6.24346459624803,1.0778963876334742,0.0803484710280904,1.8294352776659488,16.582001115654904,24.65490098956888,8.072899873913979,0.0640161558301169,11.122791715510845,31.29280030970653,0.5744713987039897,40.00000000276356,5.5718520238682165,0.0098103333560703,7.363980927824024,1000000.0,915715.528383976,20.266348221041657,0.448469147423858,13.146935236100813,4.424522219011255,0.009513277273493,8.211955895841122,1000000.0,593050.4648345056,0.1564875344584584,1.5002,False,0.2
