airfoil,status,error,time_s,score,wing_area_m2,aspect_ratio,span_m,root_chord_m,mean_aero_chord_m,empty,wing,tail,sensor,container,total_M2,total_M3,M2_score,M3_score,velocity_mps_M2,CL_M2,drag_N_M2,alpha_deg_M2,CD_profile_M2,L_over_D_M2,Re_assumed_M2,Re_actual_M2,velocity_mps_M3,CL_M3,drag_N_M3,alpha_deg_M3,CD_profile_M3,L_over_D_M3,Re_assumed_M3,Re_actual_M3,t_over_c,CL_max_polar,Re_clamped
2032c,failed,Maximum_Iterations_Exceeded,3.08,,,,,,,,,,,,,,,,,,,,,,,,,,,,,,,,,,
a18,failed,Restoration_Failed,1.35,,,,,,,,,,,,,,,,,,,,,,,,,,,,,,,,,,
a18sm,ok,,0.2,1.8442592647781142,0.8132627684412519,3.842864061747294,1.7678399999999994,0.4600318854880827,0.4600318854880827,9.164663603176372,2.2254311619513962,0.07969271270299451,3.00000002997,12.782916966061645,24.947580599208017,12.164663633146372,0.05487685221183162,28.163520562707138,31.292800312557276,0.5587467424430237,23.510373048297676,0.5485701045806415,0.005743251967113061,16.20666288519319,500000.0,952662.6914160405,31.292800312615082,0.2724499135650158,17.63150880206462,-2.046794467204629,0.008196974612182991,18.128725991119254,500000.0,952662.6914178003,0.07282035714285715,1.4317635451505015,False
a63a108c,ok,,0.2,1.7397463292635131,0.8567571815200277,3.6477759778508965,1.7678399999999992,0.4846350243913635,0.4846350243913635,9.939064429591564,2.6983620610255215,0.10623806150428876,3.00000002997,10.829110765765035,23.7681752253266,12.939064459561564,0.04808351140338257,28.163520562707127,31.292800312504973,0.5053072709188002,24.364888375645116,4.475607461164585,0.010208730003430791,14.451676512652478,500000.0,1003612.404389181,31.292800312615068,0.2750822597138458,17.3289181229331,2.454276815891615,0.007108461383198059,19.043125183225367,500000.0,1003612.404392712,0.07735,1.199185618729097,False
ag03,ok,,0.2,1.843248448299609,0.8567571815597328,3.64777597768182,1.767839999999993,0.4846350244138249,0.4846350244138249,8.960504024398135,2.045988457222821,0.10623806182969638,3.00000002997,12.76402036256153,24.724524416929665,11.960504054368135,0.05481114914072869,28.163520562707173,31.29280031255653,0.5256390883533704,24.37466981019143,2.9609690979247514,0.007004405622406359,15.554536301400779,500000.0,1003612.4044373491,31.29280031261512,0.2542782357041592,16.662752287137085,0.4030661394783531,0.0050520349898572885,22.46070045858162,500000.0,1003612.4044392281,0.06236584658633721,1.2876732441471572,False
ag04,ok,,0.2,1.7885985732870011,0.8567571815289834,3.647775977810638,1.7678399999994834,0.4846350243965708,0.4846350243965708,8.862174573477484,1.9804354903179167,0.10623806158918679,3.000000029970005,11.742373959472229,23.604548562919717,11.862174603447489,0.05125890726490766,28.163520562707838,31.292800312524356,0.5018285965321879,23.062359350865627,2.885413192479359,0.0069432613186782765,16.002112361428352,500000.0,1003612.4044005863,31.2928003126158,0.2521877686906121,16.47223934242671,0.5610008498228741,0.005072651504786157,22.43864665754851,500000.0,1003612.404403519,0.06422892855279998,1.1840458193979932,False
ag08,ok,,0.2,1.7388250511383516,0.856757181537828,3.647775977774665,1.7678399999998915,0.484635024401462,0.484635024401462,8.593546140543822,1.8013498681931164,0.1062380616573466,3.0000000299700007,10.811888027696995,22.405434198210816,11.593546170513822,0.04802362832524684,28.16352056270723,31.292800312503246,0.47633563371537985,21.76648155126347,2.601594784747103,0.006741798162806919,16.573422776638672,500000.0,1003612.4044100384,31.292800312615174,0.24647677493085585,16.179544686690498,0.40925013902163593,0.0047331398909006145,23.201397082770846,500000.0,1003612.4044136279,0.05828949218493054,1.0730959866220735,False
ag09,ok,,0.2,1.7788605608454122,0.8567571797723738,3.647775985223796,1.76783999998352,0.48463502340729964,0.48463502340729964,8.146685084672285,1.5034425076962392,0.10623805142776235,3.000000029557851,11.560327707174032,22.70701282140417,11.146685114230136,0.05062593647387332,28.163520555052152,31.292800306645326,0.4827471439615356,22.325061789725513,2.8074151199569743,0.007028023314736554,16.29616245486854,500000.0,1003612.4021633917,31.292800308408637,0.2369765871548776,16.106623253416775,0.48467119493812655,0.004674478797684265,23.41808378425825,500000.0,1003612.402219944,0.0486233395661265,1.101,False
ag10,ok,,0.2,1.7962287109344808,0.8567571815595694,3.6477759776825347,1.7678399999999974,0.48463502441373124,0.48463502441373124,8.048602271419053,1.4380539552376357,0.10623806182940623,3.00000002997,11.885014773942494,22.933617075331547,11.048602301389053,0.051754866211995446,28.163520562707138,31.292800312534865,0.48756470979426536,22.905797814859312,2.994318861691114,0.007675011231124233,15.86939705251402,500000.0,1003612.4044364602,31.292800312615082,0.23489136305828368,16.140099871129173,0.6096690755484455,0.004739399530190702,23.282148681573105,500000.0,1003612.404439033,0.04727162740815382,1.1219668896321071,False
ag11,ok,,0.19,1.8891869465973294,0.801262628620439,3.9004168595518567,1.7678399999999994,0.45324386178638293,0.45324386178638293,8.324767729343563,1.669735868365357,0.07993612236823226,3.00000002997,13.622812839918055,24.947580599231618,11.324767759313563,0.057797151530080616,28.163520562707138,31.292800312576013,0.5671148339951902,24.755453394192717,3.1701922957620496,0.007583499804909934,15.432985307062804,500000.0,938605.6289975569,31.292800312615082,0.25743754037772,17.111400623637685,0.2689748135596039,0.00675240659721652,20.17229775722266,500000.0,938605.6289987288,0.05812335113571157,1.4681829431438127,False
ag12,ok,,0.2,1.8066801978883005,0.8567571815571839,3.6477759776926577,1.7678399999999894,0.4846350244123841,0.4846350244123841,8.580656894037169,1.7927570370025403,0.10623806181144514,3.00000002997,12.08039900951253,23.661055933519698,11.580656924007169,0.052434212863993676,28.16352056270716,31.292800312539754,0.5030299333849917,23.218490390058083,2.591107255753219,0.006738423114656872,16.08545209142797,500000.0,1003612.4044338273,31.292800312615103,0.24620275178662007,16.47666859654957,0.20060971035607109,0.004769113495253419,23.12578725235499,500000.0,1003612.4044362439,0.06235503237490464,1.189274247491639,False
ag13,ok,,0.19,1.827053196524356,0.8567571813573883,3.647775978529604,1.767839999996666,0.4846350243002783,0.4846350243002783,8.400013454170033,1.672328077901342,0.10623806098250294,3.0000000299055114,12.461259914375182,23.861273398450727,11.400013484075544,0.053758457778112494,28.1635205615047,31.292800311658016,0.5072865220093062,23.376997553146317,2.5238074979656075,0.006657441075576321,16.04913783738494,500000.0,1003612.4041733929,31.292800311951716,0.24236230374254736,16.27318282224137,0.026808395141544053,0.004569590035992601,23.61101494086304,500000.0,1003612.4041828123,0.05833934249936804,1.2077996655518395,False
ag14,ok,,0.22,1.8403645876166546,0.8567571815441936,3.6477759777443417,1.767839999999111,0.4846350244052767,0.4846350244052767,8.180259129195353,1.525825193890931,0.1062380617816112,3.00000002996493,12.710108329146246,23.89036748830653,11.180259159160283,0.054623698196550316,28.163520562614597,31.292800312471343,0.5079050571617334,23.4836970983668,2.4444659325621574,0.006652490745128005,16.040322644340087,500000.0,1003612.4044169149,31.29280031256514,0.23769036495816398,16.22724670886893,-0.11094691426127647,0.004457605013655114,23.92367882448987,500000.0,1003612.4044199231,0.05369695874003098,1.2104916387959868,False
ag16,ok,,0.2,1.7931286175015457,0.8567571815467192,3.647775977736694,1.7678399999998637,0.484635024406499,0.484635024406499,9.043162775925808,2.1010942917039004,0.10623806173481375,3.000000029970001,11.82706039976986,23.870223205665667,12.04316280589581,0.05155336013885423,28.16352056270733,31.29280031253158,0.5074767932133075,23.128835328284655,2.4998861314431338,0.0065734620366796346,16.08837353219816,500000.0,1003612.4044213779,31.29280031261528,0.25603554638727555,16.469107477297,0.188813853552665,0.00495106949904927,22.643960863845926,500000.0,1003612.4044240623,0.07113552915255875,1.2086277591973245,False
ag17,ok,,0.2,1.7934531993952594,0.8567571815538711,3.6477759777068046,1.7678399999999996,0.4846350244105074,0.4846350244105074,8.745546814415675,1.902683650613084,0.10623806178704483,3.00000002997,11.83312826221426,23.578675106599935,11.745546844385675,0.051574457961946076,28.163520562707127,31.292800312533608,0.5012785313366815,22.83645335522565,2.345741033732374,0.006398038910963399,16.295685639276964,500000.0,1003612.4044297438,31.292800312615068,0.24970828281276644,16.35673973176424,0.006702252024778095,0.004743427191785779,23.144474723109912,500000.0,1003612.4044323564,0.06488084486268997,1.181651839464883,False
ag18,ok,,0.2,1.789732199743161,0.8567571575946205,3.6477760796901544,1.7678399999934904,0.48463501085945293,0.48463501085945293,8.44815670493531,1.7044228354907887,0.10623822898830568,3.0000000166479426,12.439885812195923,23.888042533779178,11.448156721583253,0.05368414013942345,27.144630614223143,31.292800128884743,0.5078556490852726,23.6845823088288,2.3120911244430857,0.006347404348108875,16.19731345019688,500000.0,1003612.37047745,30.160700515098956,0.26200000159644826,16.199190319048935,1.5389877843181394e-08,0.004640000007492239,23.195035425605923,500000.0,967304.044845721,0.05866731461245367,1.2102765886287625,False
ag19,ok,,0.2,1.8241511200146774,0.8567571800009217,3.647775984240451,1.7678399999810321,0.4846350235372625,0.4846350235372625,8.232711394519635,1.5607933762352042,0.10623805488677728,3.0000000294636937,12.407007355838577,23.639718779821905,11.232711423983329,0.05356982282400303,28.16352055326378,31.292800305655746,0.5025763103442801,22.893984845844265,2.1939675070869225,0.00621136614694515,16.369994746556472,500000.0,1003612.4024007894,31.292800307403702,0.23880549149226318,16.32821850298181,-0.2855065189890445,0.004938899961552482,22.81252703976681,500000.0,1003612.4024568493,0.05402066943051563,1.1873,False
ag23,ok,,0.21,1.785722267951991,0.8567571815342809,3.6477759777902126,1.7678399999999994,0.48463502439942596,0.48463502439942596,10.159617162276493,2.8453972160204155,0.10623806162728493,3.00000002997,11.688603168611703,24.848220360858196,13.159617192246493,0.05107194741813363,28.163520562707127,31.292800312529728,0.5282688426213811,23.82141549584778,2.161445235062393,0.006319074121691099,15.827480687414601,500000.0,1003612.4044066713,31.292800312615068,0.27977117244184274,17.0957734607686,-0.09078428352682706,0.005641270720089382,21.14626911345197,500000.0,1003612.4044094082,0.08897400463574368,1.2991183946488294,False
ag24,ok,,0.2,1.8024722392192887,0.8567571815483485,3.6477759777302836,1.7678399999999912,0.4846350244073857,0.4846350244073857,9.86997798913401,2.6523044338092125,0.1062380617369085,3.0000000299700007,12.001733763936919,24.87171178304093,12.86997801910401,0.05216069555050774,28.163520562707237,31.292800312537153,0.5287682661618134,23.920943768181814,2.1660667762277575,0.006309361592916742,15.822783428662522,500000.0,1003612.404423393,31.292800312615185,0.27361349399797064,16.945218238559136,-0.12462913586248528,0.005432183446904383,21.559970030613695,500000.0,1003612.4044258955,0.08414066448321955,1.3012919732441472,False
ag25,ok,,0.2,1.8335860386131557,0.8544956502165646,3.6574302804324157,1.7678399999999574,0.4833557619561641,0.4833557619561641,9.364192758738483,2.3360002318052113,0.0862466745542338,3.0000000238457503,12.583387570491347,24.94758035307558,12.364192782584233,0.05418309277649278,28.16352044772048,31.29280023591553,0.5317849426667732,24.051806867449294,2.0614712878866315,0.006185536976150574,15.858954873336623,500000.0,1000963.2255822237,31.29280024873377,0.263556282876554,16.78576343911618,-0.41594164237294257,0.0053299353959014245,21.877371492555177,500000.0,1000963.2259922408,0.07581896265030844,1.3144210702341137,False
ag26,ok,,0.2,1.8584959180498755,0.847304224851899,3.6884724210435618,1.767839999999978,0.47928784553574394,0.47928784553574394,8.898517967685803,2.035586429178416,0.07903973831411676,3.00000002989617,13.049062601044099,24.947580598626075,11.898517997581973,0.05580223467768981,28.16352056132335,31.292800311651888,0.5362984265908283,24.152263227389874,2.0754946997058665,0.006142558367951962,15.903857593836138,500000.0,992539.1332242663,31.29280031184765,0.2557825780159293,16.784765041688438,-0.5348746471232204,0.005424845551040953,21.86503703721381,500000.0,992539.1332304756,0.06843191505189189,1.3340645484949831,False
ag27,ok,,0.2,1.88021637616215,0.8449288389491401,3.698841987078282,1.7678399999995427,0.47794417987451276,0.47794417987451276,8.492466895948201,1.7657708188401569,0.0790835330276409,3.0000000214502456,13.45511361201486,24.947580529413305,11.492466917398447,0.05721406482090037,28.163520402778886,31.292800211411887,0.5378061480794458,24.229228377423926,2.075113987895016,0.006138574439190131,15.913859120279495,500000.0,989756.5834835706,31.292800223786013,0.24774824767097053,16.826314446213505,-0.6671803976319904,0.0056799068076872905,21.452122449493523,500000.0,989756.5838749505,0.06113226341409845,1.3406264214046821,False
ag35,ok,,0.2,1.7950002914097503,0.8437298743574297,3.704098148687632,1.7678399999999446,0.4772659711045435,0.4772659711045435,10.08553022490025,2.828258949295164,0.07910578013225263,3.0000000253735086,11.862050303491324,24.947580553765082,13.08553025027376,0.051675019142046155,28.16352047641489,31.29280025213977,0.5385703853200164,24.313747715512864,1.061482912567652,0.0071994230683717205,15.434037150936497,500000.0,988352.1077968362,31.2928002646805,0.2824914844183973,17.104839601515728,-1.3100032248424305,0.005833026737981451,20.99888252140038,500000.0,988352.1081929227,0.08722612124722226,1.343952508361204,False
ag36,ok,,0.19,1.794155962055032,0.8567571815395436,3.6477759777678065,1.7678399999999996,0.4846350244024028,0.4846350244024028,9.99950363236663,2.738654862701062,0.1062380616714737,3.00000002997,11.846265985647632,24.845769647984262,12.99950366233663,0.0516201375348313,28.163520562707127,31.292800312533956,0.5282167408885858,24.204894207171254,1.1936644526067106,0.007087360491551508,15.472243478929649,500000.0,1003612.4044129715,31.292800312615068,0.27636718664540066,17.01401018391849,-1.1406744937916118,0.005650925587509576,21.167194395954887,500000.0,1003612.4044155729,0.08174253961069017,1.2988916387959868,False
ag37,ok,,0.2,1.8209629312783093,0.8399679808254645,3.72068737968881,1.7678399999999994,0.475138010694104,0.475138010694104,9.600174486212024,2.5060826028103524,0.07917598734723293,3.00000002997,12.347406083011789,24.947580599193813,12.600174516182024,0.053362590534344306,28.163520562707138,31.29280031254677,0.5409824338425729,24.452847818433007,1.4903305842592245,0.007224793295134212,15.437064231564547,500000.0,983945.3967011652,31.29280031261508,0.27323182901334314,16.894475322172802,-0.9821003324466105,0.0055484728371952155,21.60786274667436,500000.0,983945.3967033131,0.0773968750059376,1.3544501672240803,False
ag38,ok,,0.2,1.8323992265163018,0.8451917459240607,3.6976914181563547,1.7678399999999959,0.47809289637301033,0.47809289637301033,9.386379854579777,2.3616151950013355,0.07907872955168388,3.0000000299677216,12.56120071464536,24.94758059919286,12.386379884547498,0.05410594972491129,28.163520562664907,31.292800312519155,0.5376388550986081,24.54566717146538,1.725078612692903,0.007144311368110002,15.452961247974589,500000.0,990064.5580725648,31.292800312591922,0.26693566830786536,16.747670174779262,-0.8243486039345731,0.005115922640929643,22.372715133632976,500000.0,990064.558074867,0.07039610803973541,1.3398983277591974,False
ag44ct02r,ok,,0.19,1.8193233628699508,0.8567571815530894,3.64777597771012,1.7678399999999965,0.484635024410066,0.484635024410066,9.307828389233814,2.2775380338325815,0.10623806178000923,3.00000002997,12.316755341969206,24.62458376117302,12.307828419203814,0.053256018587800984,28.16352056270714,31.292800312545936,0.5235143674007493,24.094527934366127,2.9368671313101324,0.007059618775405929,15.565784604177539,500000.0,1003612.4044292251,31.292800312615086,0.2616622912866254,16.88234305033279,0.5127063880810638,0.005725123162772288,21.164099492196573,500000.0,1003612.404431443,0.07288244929396161,1.2784260869565216,False
ag455ct02r,ok,,0.2,1.8381941470763872,0.8567571815596896,3.6477759776820315,1.7678399999999996,0.48463502441379863,0.48463502441379863,8.835941486600737,1.9629467653568422,0.10623806183132607,3.00000002997,12.669533254152508,24.505474770723247,11.835941516570736,0.054482619561219386,28.163520562707127,31.292800312554657,0.5209821309780825,24.154165656435534,3.090717098747538,0.0071770870123170115,15.55476791036706,500000.0,1003612.4044372345,31.292800312615068,0.25163005781785874,16.796755440182135,0.6382913752525068,0.005664689879175224,21.317739885107315,500000.0,1003612.4044391721,0.0647310605166749,1.2674053511705685,False
ag45c03,ok,,0.2,1.8478088655577074,0.8567571815601381,3.6477759776801193,1.767839999999999,0.48463502441405254,0.48463502441405254,8.976874847350677,2.0569023391864993,0.10623806183481556,3.00000002997,12.849274608563965,24.826149485884642,11.976874877320677,0.0551075762625052,28.16352056270713,31.29280031255886,0.5277996196416738,24.448237821724142,3.9786692521923355,0.007134133729075396,15.458184816199177,500000.0,1003612.4044378952,31.29280031261507,0.25462627655235875,16.958256527846107,1.526866174871546,0.00593199542829524,20.839981719027886,500000.0,1003612.404439698,0.06928139148981188,1.297076254180602,False
ag45ct02r,ok,,0.19,1.8255984419447748,0.8567571815558708,3.647775977698223,1.7678399999999832,0.48463502441164297,0.48463502441164297,9.048374606193061,2.1045688451207565,0.10623806179646443,3.0000000299700007,12.434064154925258,24.48243879108832,12.04837463616306,0.053663898727664354,28.16352056270723,31.29280031254819,0.5204923900606147,24.017390403326253,3.082909852364913,0.0071260208323313656,15.586924906970925,500000.0,1003612.4044325632,31.292800312615174,0.2561463489894637,16.807145121591464,0.6602987231109191,0.00572409632209963,21.19444510404872,500000.0,1003612.4044347113,0.06894343319610685,1.2652739130434782,False
ag46c03,ok,,0.2,1.8175317026576117,0.8567571753667997,3.647776003842072,1.767839999949805,0.48463502092447625,0.48463502092447625,8.616868993512625,1.8168984621375561,0.1062380302824229,3.0000000280861325,12.283261374236863,23.90013039583562,11.616869021598758,0.05313956075524851,28.16352052750293,31.292800287021436,0.5081126193698834,23.473695580142856,4.069198884731114,0.007095323753640257,15.815481471331829,500000.0,1003612.3963924353,31.292800293149785,0.246972616770287,16.682025260407613,1.695157266612083,0.005659013014337802,21.340497397440604,500000.0,1003612.3965889817,0.06024662136272416,1.2113949832775919,False
ag46ct02r,ok,,0.2,1.8205790481908393,0.8567571800564029,3.64777598401436,1.7678399999834864,0.48463502356797333,0.48463502356797333,8.665870719938672,1.849566261020652,0.10623805431978364,3.000000029537696,12.340229629205979,24.006100378682348,11.665870749476369,0.05333763815222118,28.16352055466432,31.292800306700528,0.5103655193548289,23.6024763183353,3.1190785960657377,0.007114014044988966,15.767250276271952,500000.0,1003612.4024978952,31.29280030818795,0.2480143833969401,16.674279667442413,0.7184565535867479,0.005567593011991432,21.50749637318185,500000.0,1003612.4025455992,0.06083293485389402,1.2212,False
ag47c03,ok,,0.19,1.7832874878654996,0.8567571815575976,3.647775977690774,1.7678399999999597,0.48463502441262624,0.48463502441262624,8.121207314391501,1.4864573172405755,0.10623806181633656,3.00000002997,11.643086425579767,22.76429376994127,11.121207344361501,0.05091368671251162,28.16352056270716,31.292800312528154,0.48396492577621153,22.486896084235013,4.1953390452644355,0.0074859826439021195,16.027735466412672,500000.0,1003612.4044339567,31.292800312615103,0.23643493364299795,16.31920936280381,1.9183297722025365,0.005496962782626736,21.657488690427133,500000.0,1003612.4044367453,0.05059264283555285,1.1063,False
ag47ct02r,ok,,0.19,1.7707158834229795,0.8567571815549627,3.647775977701756,1.7678399999999026,0.4846350244111514,0.4846350244111514,8.134667672559447,1.4954308893869395,0.1062380617948348,3.00000002997,11.408067874177242,22.54273557670669,11.134667702529446,0.05009653242374772,28.163520562707202,31.292800312521475,0.47925463712900246,22.296409703520048,3.2087287609480977,0.00753325232948221,16.080839766918324,500000.0,1003612.4044306884,31.292800312615153,0.23672109851696918,16.22927637636316,0.950791189668602,0.005287782803478362,22.0802269400131,500000.0,1003612.4044336928,0.04991365017618022,1.0858,False
ag52,ok,,0.19,1.7504759609174363,0.8567571815218902,3.6477759778429584,1.7678399999999972,0.4846350243924176,0.4846350243924176,10.05739484162849,2.77724900236712,0.1062380615203331,3.00000002997,11.029694748495155,24.087089620093643,13.05739487159849,0.048780937460887575,28.16352056270713,31.292800312510987,0.5120873354764528,23.143442973321353,2.5846870686325585,0.006609252428363473,15.985426536945141,500000.0,1003612.4043915569,31.29280031261507,0.27759794369006413,16.861226711326683,0.33133275535256906,0.005315651473777468,21.709009643273934,500000.0,1003612.4043948951,0.08350729115371155,1.2286936454849497,False
ag53,ok,,0.2,1.7635200371495312,0.8567571815313066,3.6477759778028647,1.7678399999999967,0.48463502439774425,0.48463502439774425,9.882488996404449,2.6606451054664255,0.1062380616015728,3.00000002997,11.273545874615788,24.156034900990235,12.882489026374449,0.04962880241597374,28.16352056270713,31.292800312518104,0.513553100149698,23.28121614368858,2.636525459587934,0.006670613187836705,15.928197907495427,500000.0,1003612.4044028159,31.29280031261507,0.273879475841743,16.785194004446783,0.30836272815406973,0.005257899254521751,21.85677312399521,500000.0,1003612.4044059258,0.08077419359962494,1.2350729096989965,False
ag54,ok,,0.2,1.7799695423664228,0.8567571815401069,3.6477759777652765,1.7678399999999679,0.48463502440273015,0.48463502440273015,9.527576907697132,2.424037046257924,0.10623806167236369,3.0000000299700007,11.58105943861956,24.108636376286693,12.527576937667131,0.050698020255071564,28.163520562707184,31.292800312526307,0.5125454157537459,23.337262708511265,2.6770975837194952,0.006676540876364529,15.94358737625057,500000.0,1003612.4044134041,31.29280031261512,0.2663341065686651,16.733593875257526,0.34953592689060253,0.005239381319151457,21.980347372721795,500000.0,1003612.4044162525,0.0753248999254249,1.2306872909698996,False
ag55,ok,,0.2,1.8346371750622432,0.8567571815582596,3.6477759776881156,1.7678399999999985,0.48463502441299006,0.48463502441299006,8.965884371958161,2.049575355606695,0.10623806182025985,3.00000002997,12.603037810872737,24.5689222128009,11.965884401928161,0.05425141638030003,28.16352056270713,31.292800312553027,0.5223310125611039,24.041105250499527,2.7851013862749823,0.006784701070563139,15.715127093949034,500000.0,1003612.4044355078,31.29280031261507,0.25439262095783005,16.626469733003788,0.30338929310615603,0.005143850352908452,22.279015965517825,500000.0,1003612.4044374977,0.06565847036159636,1.2732759197324415,False
ah21-7,ok,,0.2,1.7634410905747542,0.8541258712392854,3.6590137014178445,1.7678399999999996,0.4831465920214983,0.4831465920214983,10.675510552762436,3.212489489759615,0.0841153849087659,3.00000002997,11.272070016086563,24.947580598819,13.675510582732436,0.04962367088861323,28.163520562707127,31.292800312518104,0.5320151723673703,23.695930008376767,1.7087099841972775,0.006472769699961215,15.725564992801981,500000.0,1000530.0658991727,31.292800312615068,0.29163465735765687,17.672342234358215,0.008853120339081309,0.007117066209909887,19.01384834328725,500000.0,1000530.0659022729,0.08976669058288961,1.3154230769230768,False
ah21-9,ok,,0.2,1.707097606403675,0.8567571797188811,3.647775985484838,1.7678399999915864,0.48463502337482955,0.48463502337482955,9.625508180420605,2.489324579270884,0.10623804647373604,3.000000029896812,10.218762614213853,22.84427082453127,12.625508210317417,0.04596134442059309,28.163520561363942,31.29280031135377,0.48566522511984384,21.074369217825755,1.594441297301644,0.0055090274888138354,17.113929018764523,500000.0,1003612.4022471582,31.29280031188606,0.2684161089703034,16.987458017067002,0.08642553348364959,0.006798412818511905,19.473163395022738,500000.0,1003612.4022642297,0.06999736928370706,1.1137,False
ah63k127,ok,,0.2,1.6511779249322984,0.854901224696109,3.6556951555523023,1.7678399999992351,0.483585180048239,0.483585180048239,12.157830665103365,4.194891982651797,0.08961998489422304,3.00000002997,9.173377944936105,24.33120864000947,15.157830695073365,0.042326565121853614,28.163520562707127,31.292800312447437,0.5184002519054753,24.299566777864534,0.8795375284729516,0.010741870704909508,14.109372087216666,500000.0,1001438.3213095416,31.292800312615068,0.3229524421428971,19.132800419415155,-0.9637843818918246,0.01076116973452219,15.488049118429945,500000.0,1001438.3213149062,0.12701847771500313,1.2561685618729097,False
ah6407,ok,,0.2,1.8794079024642412,0.7749915178984934,4.032635446223474,1.7678399999999996,0.4383832914169232,0.4383832914169232,8.50758105255212,1.8006247203277015,0.08049531750309252,3.00000002997,13.43999951670473,24.94758059922685,11.507581082522119,0.057161513661429866,28.163520562707138,31.292800312572137,0.5863392206521847,24.1035382881493,-0.9636584922192308,0.008595485888540599,15.132305098032193,500000.0,907831.4339671694,31.292800312615082,0.2704609409582746,18.970162857224413,-3.726828806407714,0.014204076105716407,13.116732929594757,500000.0,907831.4339684154,0.06851859978353686,1.5518508361204013,False
ah7476,failed,Maximum_Iterations_Exceeded,1.42,,,,,,,,,,,,,,,,,,,,,,,,,,,,,,,,,,
ah79100a,ok,,0.19,1.8003159446205768,0.8138724754695921,3.8399852062778908,1.7678399999999996,0.46037677361616,0.46037677361616,9.986157430325477,2.7728765565658535,0.07968053709910612,3.00000002997,11.96142313888441,24.947580599179886,12.986157460295477,0.05202053640159171,28.163520562707127,31.29280031253699,0.5583281611220937,23.998624186326598,0.673317858117657,0.007039900006403747,15.616923229515033,500000.0,953376.907239795,31.292800312615068,0.290630884465442,17.413114999491913,-1.7678098049120958,0.007180748200654042,19.42664536236986,500000.0,953376.9072421738,0.0999843154362416,1.4299418060200668,False
ah79100b,ok,,0.2,1.838469258924605,0.7414503206236912,4.215060913280207,1.7678399999999996,0.41941030897801346,0.41941030897801346,9.272904265255962,2.321826428615819,0.08126685403612505,3.00000002997,12.674676303978604,24.947580599204564,12.272904295225961,0.05450050183135355,28.163520562707127,31.292800312554782,0.6128636133497368,22.522733848579694,-2.508675112049469,0.010145710219784883,14.71046774321423,500000.0,868540.9997932551,31.292800312615068,0.30149683023284957,21.28371741860187,-4.945229676685703,0.026529624416603843,8.826821440839666,500000.0,868540.9997949284,0.10035599608099281,1.6672896321070234,False
ah79100c,ok,,0.2,1.8022301915049284,0.7662389588969594,4.078699248207073,1.7678399999999996,0.4334323009418044,0.4334323009418044,9.950371741090164,2.7654086992066182,0.08069013709672826,3.00000002997,11.997208828121146,24.947580599181308,12.950371771060164,0.052144962449074565,28.163520562707127,31.29280031253792,0.5930368292300958,24.180529070235348,-2.7328036372026685,0.009646159191009225,14.773251270411713,500000.0,897578.614411735,31.292800312615068,0.3078473835123968,19.017896629702452,-4.918286460824245,0.013913962036404881,13.909739340393674,500000.0,897578.6144139478,0.09942299804049641,1.581,False
ah79k132,failed,Maximum_Iterations_Exceeded,1.32,,,,,,,,,,,,,,,,,,,,,,,,,,,,,,,,,,
ah79k135,failed,Maximum_Iterations_Exceeded,1.38,,,,,,,,,,,,,,,,,,,,,,,,,,,,,,,,,,
ah79k143,failed,Infeasible_Problem_Detected,0.86,,,,,,,,,,,,,,,,,,,,,,,,,,,,,,,,,,
ah80129,failed,Infeasible_Problem_Detected,1.3,,,,,,,,,,,,,,,,,,,,,,,,,,,,,,,,,,
ah80136,ok,,0.2,1.6115987008985004,0.8113165275125939,3.8520825838116775,1.7678399999971237,0.4589309708536485,0.4589309708536485,11.43346943204121,3.73866029410103,0.07973170098544846,3.0000000299700424,8.433468258750512,22.866937720761765,14.433469462011253,0.03975391555964563,28.163520562711945,31.292800312375565,0.5133755085599355,22.158775650556695,2.9401005018373523,0.009015393345156792,15.45680834677867,500000.0,950382.848791468,31.292800312619974,0.32403944138497853,18.236853260732914,1.2341518044109754,0.008984552169878497,17.397871647879448,500000.0,950382.8487988908,0.1354874704567231,1.2343,False
ah80140,ok,,0.2,1.723972891801991,0.7946400779056381,3.9329230333271927,1.7678399999999996,0.44949773616709554,0.44949773616709554,11.413344689063223,3.7310928580722895,0.08007360151711877,3.00000002997,10.534235880081592,24.947580599114815,14.413344719033223,0.047058237968383605,28.163520562707138,31.292800312495665,0.5718411835135198,24.534680338701264,1.580138465759931,0.009604282203276927,14.658549673507187,500000.0,930847.918655005,31.292800312615082,0.33037849380672485,18.336644830818422,0.13964529280069843,0.009356349418200799,17.232412418866428,500000.0,930847.9186585572,0.13960680600914435,1.4887528428093644,False
ah81131,failed,Infeasible_Problem_Detected,1.09,,,,,,,,,,,,,,,,,,,,,,,,,,,,,,,,,,
ah81k144,failed,Maximum_Iterations_Exceeded,1.32,,,,,,,,,,,,,,,,,,,,,,,,,,,,,,,,,,
ah81k144wfKlappe,failed,airfoil 'ah81k144wfKlappe' not found in the aerosandbox UIUC database,0.0,,,,,,,,,,,,,,,,,,,,,,,,,,,,,,,,,,
ah82150a,failed,Infeasible_Problem_Detected,0.81,,,,,,,,,,,,,,,,,,,,,,,,,,,,,,,,,,
ah82150f,failed,Infeasible_Problem_Detected,0.71,,,,,,,,,,,,,,,,,,,,,,,,,,,,,,,,,,
ah83150q,failed,Infeasible_Problem_Detected,0.81,,,,,,,,,,,,,,,,,,,,,,,,,,,,,,,,,,
ah83159,failed,Infeasible_Problem_Detected,1.21,,,,,,,,,,,,,,,,,,,,,,,,,,,,,,,,,,
ah85l120,failed,Infeasible_Problem_Detected,1.13,,,,,,,,,,,,,,,,,,,,,,,,,,,,,,,,,,
ah88k130,failed,Maximum_Iterations_Exceeded,1.33,,,,,,,,,,,,,,,,,,,,,,,,,,,,,,,,,,
ah88k136,failed,Maximum_Iterations_Exceeded,1.36,,,,,,,,,,,,,,,,,,,,,,,,,,,,,,,,,,
ah93156,failed,Infeasible_Problem_Detected,1.17,,,,,,,,,,,,,,,,,,,,,,,,,,,,,,,,,,
ah93157,failed,Maximum_Iterations_Exceeded,1.35,,,,,,,,,,,,,,,,,,,,,,,,,,,,,,,,,,
ah93k130,failed,Maximum_Iterations_Exceeded,1.35,,,,,,,,,,,,,,,,,,,,,,,,,,,,,,,,,,
ah93k131,failed,Maximum_Iterations_Exceeded,1.32,,,,,,,,,,,,,,,,,,,,,,,,,,,,,,,,,,
ah93k132,failed,Maximum_Iterations_Exceeded,1.33,,,,,,,,,,,,,,,,,,,,,,,,,,,,,,,,,,
ah93w145,ok,,0.2,1.6830671638150907,0.8096266172295185,3.8601229246815008,1.7678399999999996,0.4579750527364007,0.4579750527364007,12.178052565364089,4.235648260000734,0.07976570613010307,3.00000002997,9.769528003731784,24.947580599065873,15.178052595334089,0.044399365649235106,28.163520562707127,31.292800312469872,0.5612561555493889,24.348099535101095,1.1251932745297972,0.009259320172312313,14.722835085107299,500000.0,948403.2739972898,31.292800312615068,0.341466997750618,18.475431117519708,-0.9134089809949628,0.0087719990926595,17.55139462355261,500000.0,948403.2740016903,0.1448191919514532,1.442684949832776,False
ah93w174,failed,Maximum_Iterations_Exceeded,1.3,,,,,,,,,,,,,,,,,,,,,,,,,,,,,,,,,,
ah93w215,failed,Maximum_Iterations_Exceeded,1.41,,,,,,,,,,,,,,,,,,,,,,,,,,,,,,,,,,
ah93w257,failed,Maximum_Iterations_Exceeded,1.34,,,,,,,,,,,,,,,,,,,,,,,,,,,,,,,,,,
ah93w300,failed,Maximum_Iterations_Exceeded,1.37,,,,,,,,,,,,,,,,,,,,,,,,,,,,,,,,,,
ah93w480b,failed,Restoration_Failed,1.04,,,,,,,,,,,,,,,,,,,,,,,,,,,,,,,,,,
ah94145,ok,,0.2,1.721856471846388,0.7562668117113438,4.132481046640011,1.7678399999999996,0.42779143571326816,0.42779143571326816,11.452909881745601,3.7703830182305027,0.08091759784461888,3.00000002997,10.494670687396768,24.94758059911237,14.4529099117156,0.04692067067126944,28.163520562707127,31.29280031249449,0.6008566230594674,24.133127129632086,-0.48282016860366955,0.009754742031227679,14.780014643696067,500000.0,885897.1592330503,31.292800312615068,0.3480949428490152,18.853349828969424,-2.6281208357609263,0.011812956462693324,15.691772894333907,500000.0,885897.159236464,0.1456851370193597,1.615033110367893,False
ah94156,failed,Maximum_Iterations_Exceeded,1.36,,,,,,,,,,,,,,,,,,,,,,,,,,,,,,,,,,
ah94w301,failed,Maximum_Iterations_Exceeded,1.38,,,,,,,,,,,,,,,,,,,,,,,,,,,,,,,,,,
ah95160,ok,,0.2,1.6964555744839909,0.7497813857678215,4.16822599883504,1.7678399999999994,0.42412287637332663,0.42412287637332663,11.927764314954224,4.089059327020813,0.08106874744549461,3.00000002997,10.0198162541595,24.94758059908372,14.927764344924224,0.04526961234271362,28.163520562707127,31.29280031247868,0.6060538861623254,24.199644924997035,-0.26159186603773105,0.010174375378293231,14.66015299338038,500000.0,878300.0779766125,31.292800312615068,0.3626415618518975,19.08228907050463,-2.374220581635207,0.01201555646794908,15.648502134010386,500000.0,878300.0779804406,0.1599531173149262,1.6376525083612041,False
ames01,ok,,0.2,1.7358200188128992,0.8378034373135734,3.730300123405033,1.7678399999999954,0.47391361057198367,0.47391361057198367,11.19186962929495,3.5680113786073644,0.07921660136591037,3.0000000241453044,10.75571087826982,24.947580531710074,14.191869653440255,0.047828301476466974,28.163520453357144,31.292800229803227,0.5423801139377261,25.011046558837037,3.836220930581059,0.009881638975684457,14.358896315040344,500000.0,981409.8300452549,31.292800251872098,0.3085424600171455,17.972074920379328,1.6127135960617007,0.008102095917336984,18.013856552413383,500000.0,981409.8307373824,0.10275,1.360533110367893,False
ames02,ok,,0.2,1.7150927142497032,0.8567571813949256,3.647775978381662,1.7678399999995447,0.48463502432072264,0.48463502432072264,9.939008784938528,2.6983249659258024,0.1062380603583362,3.0000000299700007,10.368226324652342,23.307235139560873,12.93900881490853,0.046481026427484834,28.163520562707166,31.29280031249003,0.4955077649463935,23.8021820490166,4.388955333481112,0.010095078757341426,14.616425889917998,500000.0,1003612.4042424144,31.292800312615103,0.2750810767580521,17.253791435959833,2.449223741991718,0.007054651380733739,19.114329696600016,500000.0,1003612.4042464256,0.077352,1.1565364548494983,False
ames03,ok,,0.2,1.745930092043435,0.8429369007658791,3.7075826942211667,1.7678399999999996,0.4768174160364509,0.4768174160364509,11.002868093426423,3.440112106780705,0.07912056288182426,3.0000000299700025,10.944712475746323,24.947580599142746,14.002868123396425,0.04848545598407701,28.163520562707344,31.292800312506497,0.5390770319867424,25.205309615497583,4.181798133820446,0.009927125160523367,14.318596589890246,500000.0,987423.2139205871,31.292800312615277,0.3025794247746823,17.537978296834552,2.216698612336933,0.006968945764381004,19.269394500057647,500000.0,987423.2139240196,0.0999798,1.346157525083612,False
amsoil1,ok,,0.2,1.7286222510370608,0.8079017741324087,3.8683641572097773,1.7678399999999996,0.4569993744526704,0.4569993744526704,11.326427726529607,3.668508456788138,0.07980056096048506,3.00000002997,10.62115284261983,24.947580599119437,14.326427756499607,0.047360446318663145,28.163520562707138,31.292800312498457,0.5624544185520823,23.645804864035224,3.040022388071929,0.007137911597165879,15.597009311390691,500000.0,946382.7786171745,31.29280031261508,0.32299575350143317,17.601198188239504,0.8573978840774473,0.007128022009626308,19.380071543535674,500000.0,946382.7786207015,0.11624,1.4479,False
amsoil2,ok,,0.19,1.705446113875809,0.831964474735873,3.75648042735501,1.7678399999999996,0.47061073102536044,0.47061073102536044,11.759691611607735,3.94870258890046,0.07932736788334692,3.00000002997,10.187888957516869,24.947580599094604,14.759691641577735,0.04585399740318174,28.163520562707152,31.292800312484168,0.5461866899557968,25.285052224066977,4.0278601793090685,0.010653947161799947,14.098355042839195,500000.0,974570.0238825227,31.292800312615093,0.32313943592215894,17.69953947082299,1.7532472741870029,0.007059015673871038,19.131756132749185,500000.0,974570.0238866003,0.11761908272181454,1.3771,False
apex16_NASA_CR-201062,failed,airfoil 'apex16_NASA_CR-201062' not found in the aerosandbox UIUC database,0.0,,,,,,,,,,,,,,,,,,,,,,,,,,,,,,,,,,
apex16,failed,Maximum_Iterations_Exceeded,1.32,,,,,,,,,,,,,,,,,,,,,,,,,,,,,,,,,,
aquilasm,ok,,0.2,1.7922612571313743,0.8238447542499379,3.7935038725170465,1.7678399999999983,0.4660177132828416,0.4660177132828416,10.136734947658272,2.8696828304162287,0.07948395045507949,3.0000000299700007,11.810845621563418,24.947580599191692,13.136734977628272,0.05149698171478999,28.16352056270867,31.292800312528062,0.5515698440427819,23.450671293994596,1.1456585983876657,0.006779038914404054,15.694977091281563,500000.0,965058.5165681238,31.292800312616773,0.290442066475668,18.42626345065438,-0.9506859151108511,0.010480522293444292,15.831965736448534,500000.0,965058.5165708596,0.09381503499999999,1.4005284280936454,False
arad10,ok,,0.2,1.817573606077091,0.7194902146165925,4.343711981219107,1.7678399999999996,0.40698831037683986,0.40698831037683986,9.6635358735861,2.589119698927873,0.08181095106766481,3.00000002997,12.284044695635592,24.947580599191692,12.6635359035561,0.05314228439626513,28.163520562707127,31.292800312545243,0.6315692880673123,23.973231232690484,1.690123976163616,0.008098451851325109,15.564940851608963,500000.0,842816.7511192268,31.292800312615068,0.32058821588684316,17.764749049686127,-1.0955171558314039,0.00968836085038916,17.75448356376942,500000.0,842816.7511211074,0.09999999999999999,1.7487,False
arad13,ok,,0.19,1.757478486340572,0.7259342777609,4.305153181689763,1.7678399999999996,0.41063347235094816,0.41063347235094816,10.786977837644828,3.336090927371095,0.08164782456098116,3.00000002997,11.1606027315318,24.947580599146626,13.786977867614828,0.0492361016133914,28.163520562707127,31.292800312514878,0.6259628957299737,24.317367740915586,2.3798149377685665,0.009622489029375446,14.970842936266237,500000.0,850365.379651434,31.292800312615068,0.3459308029900574,18.128854225589645,-0.08157698560864185,0.010099143495524052,17.357169973846027,500000.0,850365.3796541567,0.13,1.7243,False
arad20,failed,Infeasible_Problem_Detected,0.71,,,,,,,,,,,,,,,,,,,,,,,,,,,,,,,,,,
arad6,failed,Maximum_Iterations_Exceeded,1.27,,,,,,,,,,,,,,,,,,,,,,,,,,,,,,,,,,
as5045,ok,,0.2,1.6733764600702377,0.8147918395226775,3.835652388751023,1.7678399999999994,0.4608968229719193,0.4608968229719193,12.359214418371659,4.3545867430286584,0.07966221171273666,3.0000000299700025,9.588366150716714,24.947580599058377,15.35921444834166,0.04376946990581878,28.163520562707507,31.29280031246118,0.5576981758714739,24.421012078604388,2.7124953834013694,0.009992900479168246,14.421207214674602,500000.0,954453.8578458105,31.29280031261547,0.34335216782091654,19.05094938713954,0.9007484292424193,0.01063345128714308,15.966962787938357,500000.0,954453.8578505163,0.14992657411916854,1.4272,False
as5046,failed,Maximum_Iterations_Exceeded,1.29,,,,,,,,,,,,,,,,,,,,,,,,,,,,,,,,,,
as5048,failed,Infeasible_Problem_Detected,1.22,,,,,,,,,,,,,,,,,,,,,,,,,,,,,,,,,,
as6091,ok,,0.44,1.681729399861,0.7498993879721157,4.1675700977051715,1.7678399999999996,0.4241896257422142,0.4241896257422142,6.320823175460195,0.35106021600235954,0.08106570875840464,3.000000026572226,15.626757373842933,24.947580575875353,9.320823202032422,0.06476482214185855,19.301798993769857,31.292800284376682,0.6059585196341479,27.841214374836298,0.11046267815578549,0.00675364694260475,15.98220184023068,500000.0,878438.3059397525,21.446443136451038,0.4820000001548112,13.475857861316014,-0.9999999986226012,0.007829999998471155,17.49800415877458,500000.0,602035.5163492055,0.04051138397753505,1.63723745819398,False
as6092,ok,,0.2,1.9808841871465726,0.7518263056764967,4.156888688256096,1.7678399999999996,0.4252796099627211,0.4252796099627211,6.610543205372905,0.5435833750887599,0.08102080705142888,3.00000002997,15.337037363926063,24.947580599268967,9.610543235342906,0.06375747216578144,28.163520562707127,31.292800312608968,0.6044054579966757,24.650398464997732,0.19449507642304353,0.007492474259574382,15.668911204678171,500000.0,880695.5139691388,31.292800312615068,0.2328347938445837,17.604072677550114,-2.891851912918763,0.009591022281356915,16.392767399141984,500000.0,880695.5139693107,0.05050577030537938,1.6304782608695652,False
as6093,ok,,0.19,1.9663287349596466,0.7514887384908817,4.1587559540493615,1.7678399999999994,0.4250886610162017,0.4250886610162017,6.882648592044387,0.725096378879602,0.08102872297028108,3.00000002997,15.064931977249175,24.947580599263564,9.882648622014386,0.06281136777363125,28.163520562707127,31.292800312604165,0.6046769556772414,25.015325255328193,0.34584661684855256,0.008084512265275729,15.433485918403681,500000.0,880300.0849932024,31.292800312615068,0.23953464581490438,17.195433544071115,-2.842279162652892,0.008026209914241932,18.560272396854764,500000.0,880300.0849935091,0.06059791930051625,1.6316598662207358,False
as6094,failed,Maximum_Iterations_Exceeded,1.29,,,,,,,,,,,,,,,,,,,,,,,,,,,,,,,,,,
as6095,failed,Maximum_Iterations_Exceeded,1.46,,,,,,,,,,,,,,,,,,,,,,,,,,,,,,,,,,
as6096,ok,,0.6,1.6249050685996949,0.6801935537515059,4.594660223348342,1.767839999999999,0.38475968059977506,0.38475968059977506,6.6206086488692915,0.5724290822588012,0.07772696115448569,3.0000000242923637,15.326971889594795,24.94758056275645,9.620608673161655,0.06372247462362991,18.153059245086595,31.29280026768095,0.6680567917027344,28.498265103641323,-1.5825422840254915,0.009350357164599258,15.285715061126469,500000.0,796784.318447851,20.170065664547803,0.6201000004250656,13.36347884441667,-1.9999999963062678,0.009919999994776786,15.691169163896344,500000.0,513574.74837984925,0.061476557310034846,1.9075,False
as6098,failed,Maximum_Iterations_Exceeded,1.27,,,,,,,,,,,,,,,,,,,,,,,,,,,,,,,,,,
as6099,failed,Maximum_Iterations_Exceeded,1.45,,,,,,,,,,,,,,,,,,,,,,,,,,,,,,,,,,
atr72sm,ok,,0.2,1.6955741040400991,0.7809749053796531,4.001739677001179,1.7678399999999999,0.44176786665063195,0.44176786665063195,11.944242872465608,4.089711141018082,0.08036464852321093,3.00000002997,10.003337696647268,24.947580599082876,14.944242902435608,0.045212316763860616,28.16352056270715,31.29280031247798,0.5818470215708973,24.97333497864892,3.047632728783084,0.011020967355441455,14.211498717481438,500000.0,914840.4232392049,31.29280031261509,0.34854134202727144,18.59967556987511,1.462536135740325,0.00977429805918162,16.99297052066363,500000.0,914840.4232432133,0.14517145454545455,1.5323,False
august160,ok,,0.2,1.737567385288425,0.7242063691593518,4.31542499305516,1.7678399999999994,0.4096560600276903,0.4096560600276903,11.159203844855895,3.5847773875765507,0.08169131741525335,3.00000002997,10.788376724302472,24.947580599128365,14.159203874825895,0.047941880045001856,28.163520562707127,31.292800312503726,0.6274564018876573,24.865312995246335,1.5559616484894525,0.011312237084355648,14.39824091926888,500000.0,848341.2933130534,31.292800312615068,0.3561180244123237,18.356114337097356,0.005438161983289215,0.010672474276324203,16.904697552111188,500000.0,848341.293316072,0.16038000000000002,1.7308,False
avistar,failed,Maximum_Iterations_Exceeded,1.42,,,,,,,,,,,,,,,,,,,,,,,,,,,,,,,,,,
b29root,failed,Infeasible_Problem_Detected,1.01,,,,,,,,,,,,,,,,,,,,,,,,,,,,,,,,,,
b29tip,ok,,0.25,1.6184009064882106,0.8565409395813548,3.6486968937264512,1.7678400000000072,0.4845127045328487,0.4845127045328487,10.354722871820629,2.9775940408608954,0.10419735313403343,3.00000002997,8.560631383489195,21.915354285279825,13.354722901790629,0.0401960589229879,28.163520562707127,31.292800312421967,0.4660342451255136,20.875928762899456,2.154376786850611,0.007308438856238334,16.432206307743655,500000.0,1003359.0968021931,31.292800312615068,0.2839907639777463,17.28954252040091,0.6199363139617688,0.0071367162617526686,18.990444772562608,500000.0,1003359.0968083848,0.08999289664516896,1.02826254180602,False
b540ols,ok,,0.23,1.7583206492019055,0.8567571815160626,3.647775977867768,1.7678399999999965,0.48463502438912137,0.48463502438912137,10.40980300769488,3.012187779798249,0.10623806146916782,3.00000002997,11.176346457531197,24.586149495196075,13.40980303766488,0.04929084219937808,28.16352056270713,31.292800312515308,0.5226972616151996,24.77354415815409,4.610065333749186,0.009534025452131495,14.509735353178458,500000.0,1003612.4043848694,31.29280031261507,0.2850900800026237,17.621676254048115,2.4872048037050845,0.007510230109705047,18.523713540881324,500000.0,1003612.404388069,0.09708834285714286,1.2748698996655519,False
b707a,ok,,0.23,1.629515375359829,0.8554099247736098,3.653521165794379,1.7678399999974435,0.48387293237784346,0.48387293237784346,11.398020734099983,3.683792973002727,0.0939779199667766,3.0000000299700007,8.768409665550312,23.166430429620295,14.398020764069983,0.040918499399642955,28.163520562707195,31.292800312430366,0.49328998323095385,23.740598749942052,5.0991226230432884,0.011784469838094813,13.958238636227147,500000.0,1002034.2167619601,31.292800312615135,0.3065815185791251,18.893254151546586,3.3092292451955907,0.010875183088273099,15.348981269241042,500000.0,1002034.2167678765,0.1142907,1.1468842809364548,False
b707b,failed,airfoil 'b707b' not found in the aerosandbox UIUC database,0.0,,,,,,,,,,,,,,,,,,,,,,,,,,,,,,,,,,
b707c,failed,airfoil 'b707c' not found in the aerosandbox UIUC database,0.0,,,,,,,,,,,,,,,,,,,,,,,,,,,,,,,,,,
b707d,ok,,0.23,1.6251538096497034,0.8566793052234477,3.648107578348566,1.7678400000000123,0.48459097272572277,0.48459097272572277,10.37399465379638,2.9890846209014277,0.10549983005678523,3.00000002997,8.686872829124257,22.06086751289064,13.37399468376638,0.040634997628484944,28.163520562707127,31.292800312427435,0.4690528412320494,21.649386943587846,1.8918487310404886,0.008543878523388818,15.701292188593719,500000.0,1003521.1794527835,31.292800312615068,0.2843546474907291,17.447100259976636,0.48081490997564935,0.007376508610519064,18.688475167376485,500000.0,1003521.1794588007,0.0897,1.0414,False
b707e,ok,,0.21,1.6447857903756344,0.8567571808468317,3.647775980716982,1.7678399999999628,0.48463502401057207,0.48463502401057207,10.428331463959276,3.0245400905544177,0.10623805516825585,3.00000002997,9.053880850452568,22.482212344381843,13.428331493929276,0.04191107637567045,28.163520562707127,31.292800312442672,0.47796792413503947,21.75860684720984,1.9853016841742308,0.007919286219509302,15.89546554222106,500000.0,1003612.4035986164,31.292800312615068,0.2854839919828252,17.49094991511008,0.6914446806233155,0.0073692332982239735,18.69410026208453,500000.0,1003612.4036041454,0.0900887,1.0802,False
b737a,failed,airfoil 'b737a' not found in the aerosandbox UIUC database,0.0,,,,,,,,,,,,,,,,,,,,,,,,,,,,,,,,,,
b737b,ok,,0.21,1.723372524386855,0.812148475585323,3.8481365902307405,1.7678399999999996,0.4594015723059344,0.4594015723059344,11.424568195247716,3.73243060506124,0.07971501181486702,3.00000002997,10.523012373896742,24.94758059911446,14.424568225217715,0.04701921408639974,28.163520562707152,31.2928003124952,0.5595133602748479,24.72261079975821,3.64832583377169,0.009478306472170274,14.62748013866105,500000.0,951357.3996039925,31.292800312615093,0.3235078690728807,17.906756696501088,1.821147684597382,0.007754556373981968,18.620778360432443,500000.0,951357.3996076375,0.1254468594217348,1.4351,False
b737c,failed,airfoil 'b737c' not found in the aerosandbox UIUC database,0.0,,,,,,,,,,,,,,,,,,,,,,,,,,,,,,,,,,
b737d,ok,,0.22,1.6665297986930439,0.8564641841883986,3.6490238859918622,1.76784,0.4844692869198562,0.4844692869198562,11.313279299451345,3.6173795482270057,0.10347985822547151,3.00000002997,9.46037195187149,23.773651281292835,14.313279329421345,0.04332443691630207,28.163520562707127,31.29280031245851,0.5055965969135785,22.434182021348867,3.1784787125860117,0.006718487010353891,16.05326249204461,500000.0,1003269.1849051835,31.292800312615068,0.3044019294272642,17.608511252892505,1.4438009408026067,0.006620198059812996,19.51141943881647,500000.0,1003269.1849102027,0.108,1.2004448160535117,False
bacnlf,failed,Maximum_Iterations_Exceeded,1.5,,,,,,,,,,,,,,,,,,,,,,,,,,,,,,,,,,
bacxxx,ok,,0.23,1.6989794899226802,0.8565587523290905,3.6486210164825588,1.7678399999999996,0.48452278052826653,0.48452278052826653,11.84750319791292,3.972606849276089,0.10436437481252292,3.00000002997,10.066999328760316,24.914502556643235,14.84750322788292,0.04543366684622844,28.163520562707127,31.292800312480303,0.5298006950400187,24.486329224836524,3.1280808651123397,0.008428340772227405,14.86667522121898,500000.0,1003379.9628031742,31.292800312615068,0.3157284602327364,17.69885244162262,1.009621403680405,0.0061576662595323375,19.956869423865133,500000.0,1003379.9628074953,0.1131,1.3057852842809365,False
bambino6,ok,,0.21,1.6845030132405476,0.8342218822609072,3.746315377306966,1.7678399999999994,0.4718876607956079,0.4718876607956079,12.151210226363306,4.208888518636562,0.07928437290967642,3.000000029927792,9.796370342279996,24.947580598571093,15.151210256291098,0.04449269586370914,28.16352056191884,31.292800311803916,0.5447087067469585,25.85514912407332,4.774066791511319,0.013016690515902166,13.276542521253264,500000.0,977214.3695904454,31.29280031217946,0.33081348756585904,19.31145471126627,3.3006107926741937,0.011659794668919162,15.042826327423708,500000.0,977214.3696021728,0.12,1.370667558528428,False
be50,ok,,1.09,1.5472205297793995,0.8132505767781194,3.842921671179667,1.7678399999999996,0.4600249891269117,0.4600249891269117,8.854235929701634,2.0184835714309153,0.07969292827339221,3.0000000265047277,13.093344615587574,24.947580571793935,11.854235956206361,0.055849111497407636,19.376598743302264,31.232911160182553,0.5609000000887984,26.816734641634852,8.087192478770226e-10,0.006000000000525879,16.04654741826522,500000.0,950825.2013013553,21.529553969013083,0.560900000384319,15.06773636375308,3.500231071456271e-09,0.006000000002276303,16.046547411909657,500000.0,655425.374263947,0.07275,1.4318,False
be50sm,ok,,0.21,1.8656687075041511,0.7980386242352047,3.916174193442167,1.7678399999999999,0.4514201648538356,0.4514201648538356,8.764427003411502,1.9639673266338338,0.08000276536284401,3.00000002997,13.183153565838127,24.94758059921963,11.764427033381502,0.05626846598902405,28.163520562707127,31.292800312566506,0.5694059270028056,23.656450204870577,0.7267578341798154,0.00593778539856963,16.167562574542387,500000.0,934829.0037612952,31.292800312615068,0.26851238956567236,17.528393573986694,-2.0791951701085307,0.008237212840115965,18.205943816142657,500000.0,934829.0037627459,0.07315526627218935,1.4781541806020067,False
boe103,ok,,0.2,1.723032833957944,0.7864295330446427,3.9739838526926095,1.7678399999999996,0.44485334252231135,0.44485334252231135,11.430918502631489,3.7456359195368614,0.08024726137609542,3.00000002997,10.516662066512039,24.94758059911353,14.430918532601488,0.04699713420852057,28.163520562707127,31.292800312495196,0.5778113658290525,23.68873225619276,1.15183503590338,0.007319293603594588,15.602698283798922,500000.0,921230.0189197748,31.292800312615068,0.3342347653432436,17.803929433047312,-0.8088351717559253,0.007461344417671788,19.20492521048879,500000.0,921230.0189233037,0.1272,1.5147361204013376,False
boe106,ok,,0.2,1.709444165288993,0.7983460168319155,3.9146663222570988,1.7678399999999996,0.45159404518051166,0.45159404518051166,11.684950455401836,3.9108759012261918,0.07999638018945958,3.0000000299700016,10.26263011373628,24.947580599108118,14.684950485371838,0.04611387074503817,28.16352056270738,31.292800312484896,0.5691866847662977,23.84970861422788,1.5685429719003574,0.00757846564472839,15.446697203470766,500000.0,935189.0859732005,31.292800312615327,0.3350416385850217,17.7350199101169,0.06075802021041516,0.006886391429392638,19.675827356011155,500000.0,935189.0859770986,0.1306,1.4772,False
bqm34,ok,,0.21,1.6081859674553085,0.8556217144688358,3.6526168197357376,1.7678399999999996,0.48399273377049734,0.48399273377049734,10.847732805563703,3.3149935075954278,0.09583499640457306,3.00000002997,8.369669268418304,22.217402103952008,13.847732835533703,0.03953208788584926,28.163520562707127,31.29280031241347,0.472964928261846,21.906672589486956,3.8961116043818156,0.008784404250746702,15.535290392996131,500000.0,1002282.3089497233,31.292800312615068,0.2947910802720721,17.379116311382266,2.609270755702911,0.006708858148469641,19.492338768150734,500000.0,1002282.3089561803,0.09894883011372252,1.0584260869565216,False
bte-fk,failed,airfoil 'bte-fk' not found in the aerosandbox UIUC database,0.0,,,,,,,,,,,,,,,,,,,,,,,,,,,,,,,,,,
bw3,ok,,0.21,1.9164229158813137,0.7557910440156127,4.13508242833245,1.7678399999999994,0.42752231198276597,0.42752231198276597,7.815607734987778,1.3456702128303295,0.08092856302265282,3.00000002997,14.131972834287371,24.94758059924515,10.815607764957779,0.059567489533539596,28.163520562707138,31.29280031258649,0.6012348601039668,25.850663330227054,0.07107429609127032,0.011368873262581224,14.217993638312155,500000.0,885339.8410463899,31.292800312615082,0.2606553527554621,17.710168583181602,-2.505652410691471,0.01033745770179136,16.14111331378691,500000.0,885339.8410471989,0.05001312425492893,1.6166792642140468,False
c141a,failed,Infeasible_Problem_Detected,0.69,,,,,,,,,,,,,,,,,,,,,,,,,,,,,,,,,,
c141b,failed,Maximum_Iterations_Exceeded,1.36,,,,,,,,,,,,,,,,,,,,,,,,,,,,,,,,,,
c141c,ok,,0.23,1.656683018533337,0.8554113839476319,3.653514933568798,1.767839999999272,0.48387375777671293,0.48387375777671293,11.90486802094084,4.021677878964051,0.09399062751645991,3.00000002997,9.276292344555303,24.181160395466144,14.90486805091084,0.0426843962059211,28.163520562707138,31.292800312451376,0.5148960645764628,22.801187976860763,2.575722694240721,0.007008352310839522,15.759052875406043,500000.0,1002035.9260500394,31.29280031261508,0.31737343356778486,17.73695563544892,1.1725975953311498,0.00673040584497937,19.256750033999435,500000.0,1002035.9260552813,0.10984653127297939,1.2409177257525084,False
c141d,ok,,0.22,1.7070829246205785,0.8503150540924639,3.675412131725185,1.7678399999999996,0.4809909573787583,0.4809909573787583,11.729092293889957,3.9215095651055,0.07898448072945455,3.0000000258288964,10.218488227286914,24.947580547005767,14.729092319718854,0.04596039028102364,28.163520484962024,31.292800251323015,0.5343994808226671,23.86877012188332,2.3456835374926523,0.007039047211875322,15.480813325585776,500000.0,996066.0414232087,31.292800269427197,0.3155103263299294,17.906115108506995,0.8502148559997799,0.006581936339102143,19.52279469048815,500000.0,996066.041999474,0.10762492447002964,1.3258,False
c141e,ok,,0.21,1.718085482792465,0.8430588827199259,3.7070462451176684,1.7678399999999994,0.4768864165987455,0.4768864165987455,11.523406244308077,3.7870922682222052,0.07911829443025178,3.0000000299700007,10.424174324831556,24.947580599109635,14.523406274278077,0.04667555638276432,28.163520562707177,31.29280031249182,0.5389990330815451,23.62948498713192,1.9728611080172236,0.006661039248172854,15.67831309606911,500000.0,987566.1045837024,31.292800312615114,0.3137820081480718,17.651946619894947,0.4903373759354124,0.006462284041692034,19.789527645144066,500000.0,987566.1045875933,0.1050811628674076,1.345818060200669,False
c141f,ok,,0.23,1.7598893870156802,0.8007380163998848,3.9029722600797054,1.7678399999999996,0.45294710856179576,0.45294710856179576,10.741907505786529,3.281345855533752,0.07994693004986819,3.00000002997,11.205673063391991,24.94758059914852,13.741907535756528,0.049392810157273426,28.163520562707127,31.292800312516185,0.5674863854471067,23.336406763660754,1.858037417511415,0.0065487364189879835,15.882064334110677,500000.0,937991.0939286523,31.292800312615068,0.3125892471044552,18.112096781625414,-0.23551508252408326,0.009074844130938333,17.43458113749515,500000.0,937991.0939316163,0.09993627692102444,1.4698,False
c5a,failed,Infeasible_Problem_Detected,1.3,,,,,,,,,,,,,,,,,,,,,,,,,,,,,,,,,,
c5b,ok,,0.22,1.6887335319296186,0.8494385158389781,3.6792048009657594,1.7678399999999994,0.4804951329526306,0.4804951329526306,12.072123162553007,4.1505252391444545,0.07900053894068906,3.000000027674483,9.875457378185082,24.947580568412572,15.07212319022749,0.04476767967614505,28.163520519610174,31.292800277677376,0.5349509288714784,24.032006562017962,3.311968716307522,0.007715223096432541,15.186834374710365,500000.0,995039.2581485478,31.29280028867395,0.3231915124143333,17.921463577793457,1.157744038355668,0.0066757476843529815,19.333487987172497,500000.0,995039.2584982135,0.11549868031407406,1.3282,False
c5c,ok,,0.2,1.7085449137689523,0.8377442084531023,3.730563857159692,1.7678399999999996,0.4738801070532981,0.4738801070532981,11.701761419383429,3.907961226483426,0.07921775817290941,3.0000000299700007,10.24581914974518,24.947580599098607,14.70176144935343,0.046055419396236,28.163520562707177,31.292800312485983,0.5424184590376135,23.736969767033504,2.910854719579351,0.007075998913053512,15.511214726956128,500000.0,981340.4514643861,31.292800312615114,0.3196505071405232,17.72035899793972,1.024084505043812,0.006638253902111788,19.58026821421411,500000.0,981340.4514684356,0.11103254796464197,1.3607,False
c5d,ok,,0.2,1.7118590427346096,0.838952510455059,3.725190909679521,1.7678399999999999,0.47456359764178835,0.47456359764178835,11.639805780212882,3.866211862436754,0.07919503426121242,3.00000002997,10.30777478891835,24.94758059910123,14.639805810182882,0.04627083777900384,28.163520562707127,31.292800312488403,0.541637240432507,23.87685993681581,3.0246949914621037,0.007235861181685738,15.43604226395857,500000.0,982755.8663609672,31.292800312615068,0.3178450105785694,17.658379667729065,0.9552228490144243,0.006408121955075481,19.865690708423543,500000.0,982755.8663649452,0.11054232491681759,1.3573,False
c5e,ok,,0.2,1.7475583607409504,0.8256085634627255,3.7853995269770397,1.7678399999999985,0.46701543321948036,0.46701543321948036,10.97242859203316,3.4261736698074645,0.07944967123647786,3.00000002991397,10.975151976631947,24.947580598579076,13.97242862194713,0.04859129345183804,28.16352056165769,31.292800311703395,0.5503914842202182,24.635818536470257,3.473947281904624,0.008792274029889037,14.837061863801031,500000.0,967124.6571518001,31.29280031203347,0.3082585782950207,17.497576802933654,1.0406334821861647,0.006833805388815193,19.619268471731168,500000.0,967124.6571620014,0.10781224506400294,1.3954,False
cal1215j,failed,airfoil 'cal1215j' not found in the aerosandbox UIUC database,0.0,,,,,,,,,,,,,,,,,,,,,,,,,,,,,,,,,,
cal2263m,failed,airfoil 'cal2263m' not found in the aerosandbox UIUC database,0.0,,,,,,,,,,,,,,,,,,,,,,,,,,,,,,,,,,
cal4014l,failed,airfoil 'cal4014l' not found in the aerosandbox UIUC database,0.0,,,,,,,,,,,,,,,,,,,,,,,,,,,,,,,,,,
cap21c,failed,airfoil 'cap21c' not found in the aerosandbox UIUC database,0.0,,,,,,,,,,,,,,,,,,,,,,,,,,,,,,,,,,
cast102,ok,,0.21,1.667858488615749,0.8551115685615859,3.6547959126046754,1.7678399999999594,0.48370416359037327,0.48370416359037327,12.324507035559458,4.30414179992232,0.09140459991797281,3.00000002997,9.485211007405344,24.8097180729348,15.324507065529458,0.043410801761277915,28.163520562707127,31.29280031245944,0.5284653383913306,23.52349721058673,2.2575930077792083,0.007429278897190793,15.337835909418477,500000.0,1001684.7198424172,31.292800312615068,0.3264233308970688,18.450952297574137,0.4412448867528751,0.008088762293069384,17.740488319724626,500000.0,1001684.7198473988,0.12172777395480526,1.2999735785953177,False
ch10sm,ok,,1.14,1.6519498425887233,0.6477995713016287,4.824421632944883,1.7678399999999996,0.3664356340515142,0.3664356340515142,9.314008929574227,2.3777731533382434,0.07376507234212575,2.999999998905224,12.633571362163707,24.94758029064316,12.314008928479451,0.05435758013640263,22.972402962127337,31.292799957780968,0.7014637666197818,32.438045555692256,-3.759519873035093,0.032569148342766654,10.219257038607724,500000.0,758837.7336891447,25.524892189456164,0.5204000060456071,24.004479723571,-4.999999950149259,0.050469999412438855,7.400087527934052,500000.0,618968.3047806176,0.128353685674548,2.0528929765886286,False
chen,failed,Infeasible_Problem_Detected,1.25,,,,,,,,,,,,,,,,,,,,,,,,,,,,,,,,,,
clarkk,failed,airfoil 'clarkk' not found in the aerosandbox UIUC database,0.0,,,,,,,,,,,,,,,,,,,,,,,,,,,,,,,,,,
clarkv,ok,,0.24,1.7060789221712667,0.829982683859234,3.765449962242882,1.7678399999999996,0.4694897071336966,0.4694897071336966,11.747861642760673,3.941539377791669,0.0793653030398055,3.00000002997,10.199718926363962,24.947580599094636,14.747861672730673,0.04589512994238655,28.163520562707127,31.292800312484804,0.5474908470426048,23.39855384523121,0.6334067034175864,0.0064727702147520955,15.811072701871424,500000.0,972248.537760687,31.292800312615068,0.3236513956586348,17.830326558690377,-1.0105552402296323,0.006914071988088951,19.319065539696798,500000.0,972248.5377647341,0.1164,1.3827759197324414,False
clarkw,ok,,0.23,1.737865173608582,0.8077082125225273,3.869291183557,1.7678399999999996,0.4568898839954563,0.4568898839954563,11.153636872084286,3.553382922831952,0.07980448171026358,3.00000002997,10.793943697074154,24.94758059912844,14.153636902054286,0.047961236285812045,28.163520562707127,31.292800312503893,0.5625892068098466,23.528432357929553,1.3873029419658527,0.006868784065456946,15.71500720362542,500000.0,946156.0389565802,31.292800312615068,0.31917657612148975,17.931693947362152,-0.7529224565132231,0.00803041722699155,18.404495891424308,500000.0,946156.0389599416,0.1122,1.4484866220735786,False
clarkx,ok,,0.21,1.709821025692581,0.8366573884202904,3.7354098689080626,1.7678399999999996,0.47326533420461725,0.47326533420461725,11.677905277784886,3.8924573032161476,0.07923825356353052,3.0000000299700007,10.26967529134509,24.94758059909998,14.677905307754887,0.04613836667127185,28.163520562707188,31.292800312486758,0.5431230619678057,23.470707945983218,1.1305271900544922,0.006718985948598495,15.675154113139138,500000.0,980067.3415450597,31.292800312615125,0.3195463721337144,17.803694364552975,-0.4527488860992494,0.007120949319387179,19.03312443993126,500000.0,980067.34154908,0.11699999999999999,1.3637665551839464,False
clarky,ok,,0.22,1.7261753075000223,0.8137178074751505,3.8407150942133446,1.7678399999999996,0.4602892838012211,0.4602892838012211,11.372171857919849,3.69694128041677,0.07968362403513649,3.00000002997,10.575408711226881,24.94758059911673,14.372171887889849,0.04720139498875568,28.163520562707127,31.292800312497068,0.5584342857467938,23.54410565197031,1.139850607670093,0.00679555062870088,15.724966112853044,500000.0,953195.727878625,31.292800312615068,0.32171109783156876,17.828326825052994,-0.5863705109514705,0.00738165596909417,19.02218263946293,500000.0,953195.7278822194,0.1170712,1.430403678929766,False
clarkyh,ok,,0.22,1.6484123983652037,0.8550400046335076,3.655101806521415,1.7678399999954784,0.4836636825932746,0.4836636825932746,12.010612287508748,4.095516817997421,0.0907947099593902,3.00000002997,9.121678096230593,24.13229041370934,15.010612317478747,0.04214680589499246,28.163520562707127,31.292800312445372,0.5140786514052395,23.184757960146307,1.584162438339578,0.008216239185316925,15.214653107560894,500000.0,1001600.8892709485,31.292800312615068,0.3197639015832849,18.390684844270613,0.1599578907008299,0.008403755800646104,17.475686903683524,500000.0,1001600.8892763801,0.119,1.2373602006688964,False
clarkys,ok,,0.2,1.6472384720276803,0.8550671550667563,3.6549857482901507,1.7678399999999996,0.48367904056179095,0.48367904056179095,11.969861434713609,4.06810779590771,0.09102576143045658,3.00000002997,9.099732252439566,24.069593717123176,14.969861464683609,0.042070500683053444,28.163520562707127,31.292800312444516,0.5127267728199689,23.648354419002132,1.8289773694110005,0.009319738082068332,14.751170047815284,500000.0,1001632.693509025,31.292800312615068,0.31888567993589517,18.409466476278425,1.097689544059552,0.008553332169430234,17.337093042392187,500000.0,1001632.6935144841,0.117,1.2314765886287624,False
clarkysm,ok,,0.2,1.724858306632453,0.814691144349931,3.836126472313315,1.7678399999999994,0.4608398635339913,0.4608398635339913,11.39679239267883,3.7130079792110093,0.0796642036016063,3.0000000299359457,10.5507881762022,24.947580598816977,14.396792422614775,0.04711578993382897,28.163520562072232,31.29280031196864,0.5577671069300675,23.691512269542578,0.9037226552829789,0.006926105506362248,15.663727387177314,500000.0,954335.902677789,31.29280031226484,0.3218771947308451,17.911859701303914,-0.7563579795304093,0.007257884335510552,19.14807088124974,500000.0,954335.9026868222,0.1172196577181208,1.4275,False
clarkz,ok,,0.21,1.7670563461204072,0.759121277792808,4.116941992044907,1.7678399999999996,0.42940609885103187,0.42940609885103187,10.607925534401845,3.2061259102016053,0.08085187814207458,3.00000002997,11.339655034782812,24.947580599154655,13.607925564371845,0.0498586624990807,28.163520562707127,31.292800312520036,0.5985972675381668,23.4266006400482,1.086541246716744,0.007043390728023738,15.82511352825473,500000.0,889240.9042633565,31.292800312615068,0.326511303461719,18.073735708137093,-1.1441879911922803,0.009563769104263653,17.439631750006168,500000.0,889240.904266057,0.11750000000000001,1.6052,False
clarym15,ok,,0.2,1.6745525136287496,0.7795895430814734,4.008850931025615,1.7678399999999994,0.4409842197718536,0.4409842197718536,12.337228807466158,4.3521714534132006,0.08039472445896853,3.00000002997,9.61035176161865,24.94758059905481,15.337228837436157,0.0438459133871229,28.163520562707138,31.29280031246399,0.5828809873725714,23.736216973353,1.5839978724882162,0.00799168659170428,15.352758947777142,500000.0,913217.5984559823,31.292800312615082,0.35834252755460233,18.167717395237315,-0.3266683805620441,0.007784912626844704,18.747916067737485,500000.0,913217.5984603916,0.149857592877502,1.5368,False
clarym18,failed,Infeasible_Problem_Detected,1.05,,,,,,,,,,,,,,,,,,,,,,,,,,,,,,,,,,
coanda1,ok,,0.2,1.5065091699976776,0.8554258390684556,3.6534531958928564,1.7678399999982968,0.48388193449027045,0.48388193449027045,9.087186970783407,2.1430921755996217,0.09411658138635688,3.00000002997,6.468882955978875,18.55606995673228,12.087187000753406,0.03292309605110327,28.163520562707127,31.29280031231017,0.39511279797904797,18.630469309736036,1.0217304064437511,0.009218572302695046,16.23879007468932,500000.0,1002052.8588934144,31.292800312615068,0.2573714308365055,17.743248278687133,-0.2538412882332203,0.01014262638788287,15.546364884224584,500000.0,1002052.8589031778,0.05650000000000001,0.7196,False
coanda2,failed,Infeasible_Problem_Detected,0.43,,,,,,,,,,,,,,,,,,,,,,,,,,,,,,,,,,
coanda3,ok,,0.2,1.5555101537906433,0.8556065540788096,3.652681540015208,1.7678399999999128,0.48398415811320694,0.48398415811320694,9.873913269276283,2.6659202624350606,0.09570121449253341,3.00000002997,7.384926749830149,20.258840049076433,12.873913299246283,0.03610815999764604,28.163520562707127,31.292800312364673,0.4312786239830724,18.81928838366266,0.7654529282265983,0.006443005680327093,17.637100342107605,500000.0,1002264.5499427249,31.292800312615068,0.27406522779373294,17.62175252007646,-0.9512731632935364,0.008655495717296218,17.20614968850201,500000.0,1002264.5499507446,0.06999999999999999,0.877,False
cootie,ok,,0.19,1.8108698042840077,0.8059970180971275,3.8775059900077515,1.7678399999999994,0.4559219262473571,0.4559219262473571,9.788859398793205,2.644134859323271,0.07983922477704299,3.00000002997,12.158721170424167,24.947580599187372,12.788859428763205,0.052706537279714624,28.16352056270717,31.292800312542,0.5637836274997894,24.015645787007795,-0.5539118202993847,0.009206943721999088,14.759093225274059,500000.0,944151.5317429719,31.292800312615118,0.28901197579592636,19.425030718997093,-2.9985677260538557,0.014872144908748539,12.8501457656884,500000.0,944151.5317451779,0.0846,1.453684949832776,False
cr001sm,ok,,0.2,1.8400155810537124,0.8339296426116735,3.747628224141808,1.7678399999999996,0.4717223519162784,0.4717223519162784,9.243996707081202,2.270853314817013,0.07928992903331905,3.00000002997,12.70358386215437,24.947580599205573,12.243996737051202,0.05460101276974548,28.163520562707152,31.292800312555396,0.5448995927206217,23.093316378999408,0.15369974836703595,0.005399034010952583,16.304564971113017,500000.0,976872.0376867901,31.2928003126151,0.2674306956835235,18.28328954430874,-2.249030449826407,0.010237184544451881,15.7435195742936,500000.0,976872.0376886538,0.073315,1.3714983277591974,False
cr1,failed,Infeasible_Problem_Detected,0.7,,,,,,,,,,,,,,,,,,,,,,,,,,,,,,,,,,
curtisc72,ok,,0.2,1.7632554586071518,0.7836722672360958,3.987965883522143,1.7678399999999994,0.4432936618902707,0.4432936618902707,10.678980830601683,3.245285757032102,0.08030639584130468,3.00000002997,11.268599738579884,24.947580599151564,13.678980860571682,0.04961160481071906,28.163520562707138,31.29280031251796,0.5798443324012129,23.71389255221131,-0.8815441514379666,0.0071339002616753,15.69185299917438,500000.0,918000.1350894775,31.29280031261508,0.3179338170069947,17.709574951850065,-3.3144626832934696,0.007893751954309677,18.859157638094704,500000.0,918000.1350923266,0.1173,1.5235839464882943,False
dae11,ok,,0.2,1.771185083261236,0.7541522972433186,4.144067818958948,1.7678399999999999,0.42659533512270265,0.42659533512270265,10.530741287446459,3.156293244158344,0.08096660206211675,3.00000002997,11.416839281741588,24.947580599158044,13.530741317416458,0.050127030413234554,28.163520562707127,31.292800312522218,0.6025413225920935,24.46117037658518,-0.47137777678334236,0.010839867562264367,14.406221465491633,500000.0,883420.19960613,31.292800312615068,0.32679845392600404,19.310035025381058,-2.9018694261173468,0.014636818732383209,13.759074858991694,500000.0,883420.1996087512,0.12827340600586576,1.6223652173913043,False
dae21,ok,,0.2,1.792890045959179,0.7497394620180203,4.168459076687739,1.7678399999999999,0.42409916169903406,0.42409916169903406,10.124980120316245,2.8872167409074385,0.08106968091796843,3.00000002997,11.822600448889375,24.94758059917562,13.124980150286245,0.05153785298860082,28.163520562707138,31.29280031253333,0.6060877753369741,23.942394091390742,-0.5784896748840258,0.010871892611950457,14.417110742287901,500000.0,878250.9681530446,31.29280031261508,0.31886418760984203,20.060825981275524,-3.0817924703953055,0.0187229169085267,11.658826891463937,500000.0,878250.9681553389,0.11783669674141589,1.6378,False
dae31,ok,,0.2,1.8095508266033384,0.7330649984766464,4.263275796954534,1.7678399999999996,0.414667050455158,0.414667050455158,9.796647774450305,2.673643030112466,0.0814707000583814,3.000000029970738,12.15093279464289,24.947580599063933,12.796647804421042,0.052679457269930036,28.13810686786627,31.292800312541882,0.61987398601605,22.74968035175351,-1.0518129164162962,0.010856744382269188,14.505652208365628,500000.0,858718.3645082384,31.264562874177404,0.31853365826922925,21.323396380402105,-3.714889419467231,0.026407810480170886,9.146655729041354,500000.0,857943.4895642234,0.11056416022591219,1.6978,False
dae41,failed,airfoil 'dae41' not found in the aerosandbox UIUC database,0.0,,,,,,,,,,,,,,,,,,,,,,,,,,,,,,,,,,
dae51,ok,,0.2,1.8078720677956888,0.7973854072532647,3.919382317724489,1.767839999999996,0.451050664796173,0.451050664796173,9.84490027174222,2.684510177634829,0.080016316073116,3.000000029970006,12.102680297506435,24.94758059921866,12.844900301712226,0.0525116844079701,28.16352056270881,31.292800312532346,0.5698723835222088,23.468538742702567,0.8830701733060463,0.006282957084209491,16.012962360057728,500000.0,934063.8200186358,31.292800312616876,0.2934133801826396,17.676637686510116,-1.6211273389505634,0.00842976465992307,18.11362440460582,500000.0,934063.8200211589,0.09378006999536195,1.4801842809364547,False
dai1238,failed,airfoil 'dai1238' not found in the aerosandbox UIUC database,0.0,,,,,,,,,,,,,,,,,,,,,,,,,,,,,,,,,,
dai1335,failed,airfoil 'dai1335' not found in the aerosandbox UIUC database,0.0,,,,,,,,,,,,,,,,,,,,,,,,,,,,,,,,,,
dai1336,failed,airfoil 'dai1336' not found in the aerosandbox UIUC database,0.0,,,,,,,,,,,,,,,,,,,,,,,,,,,,,,,,,,
davis,ok,,0.21,1.6629864968040051,0.8558702471803876,3.651556151058809,1.7678399999999344,0.48413331929383846,0.48413331929383846,11.691485520863479,3.8751849846883077,0.09804700111303455,3.00000002997,9.39413206332335,24.085617614156828,14.691485550833479,0.04309412229351455,28.163520562707127,31.292800312455995,0.5125866821726346,22.59533859305528,0.4713165242183997,0.006650599715156726,15.96881963424201,500000.0,1002573.4422122021,31.292800312615068,0.3126621021412257,17.966859462813005,-1.0990044779393775,0.0072514439506165766,18.699975073676114,500000.0,1002573.4422172987,0.11249999999999999,1.230866889632107,False
davis_corrected,failed,Maximum_Iterations_Exceeded,1.37,,,,,,,,,,,,,,,,,,,,,,,,,,,,,,,,,,
davissm,ok,,0.23,1.5405727694317553,0.7758195968746313,4.028331171563619,1.7678399999999994,0.43885170426884307,0.43885170426884307,8.441550446724113,1.7563244998752363,0.08047651033277316,3.000000002815317,13.506029946271374,24.947580395810803,11.441550449539431,0.0566706640973426,18.833408045866285,30.899978883432514,0.6007000083326993,28.721177722109275,-0.9999999250675168,0.01095999990011122,14.087408745354528,500000.0,897393.1834336326,20.926008920213647,0.6007000112017761,15.330732001835399,-0.9999998992670988,0.010959999865717987,14.087408724020866,500000.0,607730.4399563742,0.058719054170249356,1.5491270903010035,False
daytonwright6,ok,,0.2,1.676638989794497,0.812158179539503,3.8480906113289812,1.7678399999999996,0.4594070614645574,0.4594070614645574,12.298223203820514,4.314863672936369,0.079714744248129,3.000000024085913,9.649357289133471,24.947580517039896,15.298223227906426,0.04398153459285913,28.163520452235673,31.292800221720405,0.5595066764143269,24.40475888428171,-0.6389486444415277,0.009919604754351613,14.460603939957082,500000.0,951368.7641359289,31.29280025124553,0.34309772089023144,18.85569767179963,-2.4122108136997644,0.010234117917332024,16.29655558883947,500000.0,951368.7650335565,0.13599999999999998,1.4350709030100335,False
daytonwrightt1,ok,,0.2,1.702250368830387,0.7812484401556401,4.0003385670471046,1.7678399999999996,0.4419225948929995,0.4419225948929995,11.819434134896918,4.00641245986421,0.08035872084771176,3.00000002997,10.12814643422469,24.94758059909161,14.819434164866918,0.04564627397522931,28.16352056270716,31.292800312482207,0.5816433022589697,24.02182339721558,-0.8203306997404969,0.008665146016299283,15.07797479543235,500000.0,915160.8441241878,31.292800312615103,0.3455094409236241,18.290364921816384,-3.050641777113166,0.00888160088767108,17.77683954717296,500000.0,915160.8441280745,0.1337,1.5314133779264214,False
dbln526,failed,Restoration_Failed,1.54,,,,,,,,,,,,,,,,,,,,,,,,,,,,,,,,,,
defcnd1,failed,Maximum_Iterations_Exceeded,1.35,,,,,,,,,,,,,,,,,,,,,,,,,,,,,,,,,,
defcnd2,failed,Infeasible_Problem_Detected,0.94,,,,,,,,,,,,,,,,,,,,,,,,,,,,,,,,,,
defcnd3,ok,,0.2,1.7355869071662737,0.8286527917958395,3.7714930747134785,1.7678399999999996,0.4687374376616887,0.4687374376616887,11.196227687075316,3.5742677525355298,0.07939086135034822,3.00000002997,10.751352882080848,24.947580599126162,14.196227717045316,0.04781314896706201,28.163520562707127,31.292800312502585,0.548369506644708,24.154851033353044,1.9494431011015276,0.00789813265055908,15.191301214782754,500000.0,970690.6912673782,31.292800312615068,0.31204542494308163,17.64528792776329,0.4388918340241559,0.007033543088568825,19.304023336637513,500000.0,970690.6912708675,0.11476411896857514,1.3866,False
df101,ok,,0.2,1.6935110497174786,0.8567571355384853,3.6477761735974936,1.7678399999934737,0.48463499838313884,0.48463499838313884,11.49193481888468,3.7336094438216487,0.10623762607573023,3.00000002997,9.964770142236492,24.456704991091172,14.49193484885468,0.04507821823289032,28.163520562707127,31.292800312476775,0.5199453218701263,23.21736851789332,1.7795988334454311,0.0067474365579012685,15.775465011636873,500000.0,1003612.3505288246,31.292800312615068,0.30809603060331253,17.582959308314717,0.4483442552268757,0.006196200528325392,20.006662661393598,500000.0,1003612.3505332599,0.1099854841830119,1.2628929765886288,False
df102,ok,,0.21,1.7447816062991763,0.8229679634588609,3.797545474874643,1.7678399999999994,0.4655217460057817,0.4655217460057817,11.024338340697952,3.4617351128497202,0.07950104303584456,3.000000029970004,10.923242228480222,24.947580599148175,14.024338370667955,0.048410804410699566,28.163520562707607,31.292800312503715,0.5521574870390414,23.778971205005064,1.9854633560180226,0.007021290336286451,15.590820157396418,500000.0,964031.4366280856,31.292800312615555,0.31039656937073634,17.243423584542477,0.45258872985266224,0.006244659223684159,20.397107791727798,500000.0,964031.4366315311,0.1099848752930178,1.4030859531772575,False
dfvlrr4,ok,,0.2,1.7432173502300148,0.7524207703931554,4.15360445720682,1.7678399999999996,0.4256158760935127,0.4256158760935127,11.053581163037347,3.5054158592412357,0.08100693525448431,3.00000002997,10.893999406126332,24.94758059913368,14.053581193007346,0.04830912776620518,28.163520562707127,31.292800312506948,0.6039279356674553,24.207125484327108,1.5550623698540955,0.008874273972131055,15.124367736117163,500000.0,881391.8748214542,31.292800312615068,0.34020734976056055,17.84493823087269,-0.8667313886022261,0.008488154008404282,18.546525808026786,500000.0,881391.8748244994,0.13381410907677332,1.6284,False
dga1138,ok,,0.19,1.658579601801037,0.8567571814279553,3.647775978242881,1.7678399999999925,0.4846350243392835,0.4846350243392835,9.857205186358424,2.64378923308343,0.10623806066248406,3.00000002997,9.3117478231481,22.168953039476524,12.857205216328424,0.04280767411832163,28.163520562707127,31.292800312452837,0.47130808547764713,20.602348060597436,0.8609312817169509,0.006215174268235836,16.982622180515783,500000.0,1003612.4042796585,31.292800312615068,0.27334194647115356,17.318378627214237,-0.8177586968391845,0.00768548577349207,18.30858762438549,500000.0,1003612.4042848615,0.06899999999999999,1.0512152173913043,False
dga1182,failed,airfoil 'dga1182' not found in the aerosandbox UIUC database,0.0,,,,,,,,,,,,,,,,,,,,,,,,,,,,,,,,,,
dh4009sm,failed,Infeasible_Problem_Detected,0.44,,,,,,,,,,,,,,,,,,,,,,,,,,,,,,,,,,
doa5,failed,Maximum_Iterations_Exceeded,1.39,,,,,,,,,,,,,,,,,,,,,,,,,,,,,,,,,,
dormoy,failed,too few converged polar points,0.01,,,,,,,,,,,,,,,,,,,,,,,,,,,,,,,,,,
drgnfly,failed,Infeasible_Problem_Detected,1.05,,,,,,,,,,,,,,,,,,,,,,,,,,,,,,,,,,
ds19,ok,,0.2,1.7928631857305155,0.8567571815468681,3.647775977736435,1.7678399999999546,0.48463502440655837,0.48463502440655837,10.006823556688065,2.7435348121856387,0.10623806173828583,3.0000000299700007,11.822098313139339,24.828921899797404,13.006823586658065,0.05153610707373744,28.163520562707248,31.29280031253234,0.5278585606882737,23.880013161066767,2.320717701705713,0.006393934642022392,15.799638816944697,500000.0,1003612.4044215252,31.292800312615196,0.27652280696082976,16.989401164674547,0.0939082890916117,0.005475923425928429,21.45295227831478,500000.0,1003612.4044241825,0.08497850619710808,1.2973327759197326,False
ds21,ok,,0.2,1.7739348951291072,0.8567571814993565,3.647775977936539,1.7678399999994254,0.4846350243798279,0.4846350243798279,10.080008424735505,2.7923247247602148,0.10623806134957652,3.0000000299700034,11.468245353638755,24.548253808344263,13.080008454705508,0.050305768184645154,28.163520562707575,31.292800312519876,0.5218916059143172,23.57247185134086,2.5351179230934213,0.006505263767278611,15.856440197448828,500000.0,1003612.4043657705,31.29280031261553,0.2780787045405035,16.990360563168494,0.37660815948520443,0.005575878172705757,21.27065177302162,500000.0,1003612.4043688382,0.08598970284501835,1.2713635451505017,False
dsma523b,ok,,0.2,1.7532555660000892,0.8028742809020918,3.8925873451675743,1.7678399999999996,0.4541555123213028,0.4541555123213028,10.865922782628488,3.3632747192989365,0.07990300828416681,3.00000002997,11.081657786545222,24.94758059914371,13.865922812598487,0.0489616117912599,28.16352056270718,31.292800312512323,0.5659764342012648,26.857961490388963,0.8766887215587909,0.01496836505987339,12.841721016910164,500000.0,940493.5317250518,31.292800312615125,0.3145710069617697,18.759448353890306,-1.074736570227062,0.011621293319299664,15.261350696424097,500000.0,940493.5317281415,0.10997599999999999,1.4632284280936456,False
du-80-141,ok,,0.19,1.7145870732361632,0.799210742581157,3.9104307526029523,1.7678399999999994,0.4520831877212628,0.4520831877212628,11.58880689780766,3.8464787694074056,0.07997847411125128,3.00000002997,10.35877367132747,24.94758059910513,14.588806927777659,0.04644815976160477,28.16352056270716,31.29280031248987,0.5685708392122624,24.901206619859458,0.6783314401400093,0.010399849035301814,14.344029454537162,500000.0,936202.032823463,31.292800312615103,0.3324879607068291,18.354685897221817,-1.5426299497147622,0.00919566846588069,17.32234220023686,500000.0,936202.0328272097,0.1404247346387626,1.4745197324414714,False
du-80-176-v1,failed,Maximum_Iterations_Exceeded,1.41,,,,,,,,,,,,,,,,,,,,,,,,,,,,,,,,,,
du84132v,ok,,0.2,1.6904609276640965,0.8129576426346414,3.8443063964213797,1.7678399999999994,0.4598592873985438,0.4598592873985438,12.039830616286277,4.142317774697504,0.0796988127965987,3.00000002997,9.907749952819632,24.94758059907591,15.039830646256277,0.044879960299420464,28.16352056270714,31.29280031247466,0.5589564557682093,24.277084675957024,0.9550960357879106,0.0086547582838183,14.94589904702262,500000.0,952305.2645357373,31.292800312615086,0.3369709699874228,18.00745169907992,-1.2110675307750105,0.0073146340653859315,18.972281759429396,500000.0,952305.2645400107,0.13628601404741,1.4326762541806022,False
du8608418,ok,,0.2,1.5953394153640272,0.8559992740317703,3.6510057431240353,1.7678399999999996,0.4842063048871903,0.4842063048871903,10.331824243833285,2.9675305712429907,0.09920950428236355,3.00000002997,8.129510736799302,21.46133501060259,13.331824273803285,0.038697061999915995,28.163520562707127,31.292800312402367,0.45666822864268414,20.394535101785987,2.515685423208228,0.007358540493561252,16.56957461607781,500000.0,1002724.5853246684,31.292800312615068,0.2836832178707776,17.690504088113762,1.3795538190797596,0.008196092067210331,17.739156486057272,500000.0,1002724.5853314841,0.08451997621088375,0.9875,False
du861372,failed,airfoil 'du861372' not found in the aerosandbox UIUC database,0.0,,,,,,,,,,,,,,,,,,,,,,,,,,,,,,,,,,
e1098,failed,Infeasible_Problem_Detected,1.1,,,,,,,,,,,,,,,,,,,,,,,,,,,,,,,,,,
e1200,failed,Maximum_Iterations_Exceeded,1.38,,,,,,,,,,,,,,,,,,,,,,,,,,,,,,,,,,
e1210,ok,,0.2,1.751869257788105,0.719725872662849,4.3422897304457555,1.7678399999999996,0.40712161319058804,0.40712161319058804,10.891838977275178,3.4079160475674115,0.08180493696746868,3.00000002997,11.055741591896513,24.94758059914169,13.891839007245178,0.04887150175748105,28.163520562707127,31.292800312511794,0.6313624949116208,24.73447438234765,0.9209649024262228,0.011114204769724006,14.486931445602433,500000.0,843092.8028906584,31.292800312615068,0.35156860600617734,18.45243727218769,-1.617826073973744,0.011426353224918267,16.35692756094091,500000.0,843092.8028934408,0.15844454635931257,1.7478,False
e1211,ok,,0.2,1.7054716361188718,0.733581643567871,4.260273267471489,1.7678399999999999,0.4149592969770291,0.4149592969770291,11.759214488689633,3.9818583787423405,0.08145806129889892,3.00000002997,10.188366080434601,24.947580599094234,14.759214518659633,0.04585565634898089,28.163520562707127,31.29280031248442,0.6194374226796586,24.820183896649176,1.1205192471989134,0.011649241285934307,14.238854244269135,500000.0,859323.56681299,31.292800312615068,0.36646478666834387,18.777159473583175,-1.171430717560588,0.011515773233234387,16.168937748049046,500000.0,859323.5668165777,0.18019918301966986,1.6959,False
e1212,ok,,0.2,1.6824505518883435,0.7642255015420376,4.089445143212207,1.7678399999999996,0.4322933645250915,0.4322933645250915,12.189579752880775,4.258880930754407,0.08073558372733633,3.00000002997,9.758000816214532,24.947580599065304,15.189579782850775,0.04435928587399655,28.163520562707127,31.292800312469456,0.5945992664466219,24.72892146264279,2.367692783290729,0.01116337581628217,14.245252167442993,500000.0,895220.0339149795,31.292800312615068,0.3620276106761964,18.934106704483387,0.24887274663764772,0.011053687563589442,16.17001709123814,500000.0,895220.0339191451,0.17698976711309522,1.5878,False
e1212mod,ok,,0.21,1.677430062027057,0.7690996161194793,4.063528573019716,1.7678399999999996,0.43505046617311494,0.43505046617311494,12.283434778295236,4.319832927442274,0.08062597017931218,3.00000002997,9.66414579079392,24.947580599059158,15.283434808265236,0.044032954033012904,28.163520562707138,31.292800312465996,0.590831035528807,24.784821340885582,3.354860358977546,0.011253929024425725,14.190066476158766,500000.0,900929.6117927688,31.292800312615082,0.3619560453272476,18.929721558840047,1.2379907910036134,0.010888731813104836,16.237293429978873,500000.0,900929.611797061,0.1771529211461148,1.5714,False
e1213,failed,Maximum_Iterations_Exceeded,1.61,,,,,,,,,,,,,,,,,,,,,,,,,,,,,,,,,,
e1214,failed,Maximum_Iterations_Exceeded,1.33,,,,,,,,,,,,,,,,,,,,,,,,,,,,,,,,,,
e1230,ok,,0.2,1.6762670792493881,0.7393961015775066,4.226771359670735,1.7678399999999996,0.4182483152194241,0.4182483152194241,12.305176038842676,4.343994614561197,0.08131637790302364,3.00000002997,9.642404530244098,24.947580599056774,15.305176068812676,0.04395736015246445,28.163520562707127,31.292800312465268,0.6145662949090237,24.564614066287593,2.462013772982746,0.010891585993654333,14.462026932726035,500000.0,866134.6707158008,31.292800312615068,0.3770323664093516,18.646161829658844,0.25127621787996063,0.010179429346097576,17.080226679921033,500000.0,866134.6707199471,0.17446212291453864,1.6747,False
e1233,failed,Infeasible_Problem_Detected,0.77,,,,,,,,,,,,,,,,,,,,,,,,,,,,,,,,,,
e168,failed,Maximum_Iterations_Exceeded,1.34,,,,,,,,,,,,,,,,,,,,,,,,,,,,,,,,,,
e169,failed,Maximum_Iterations_Exceeded,1.35,,,,,,,,,,,,,,,,,,,,,,,,,,,,,,,,,,
e171,failed,Maximum_Iterations_Exceeded,1.44,,,,,,,,,,,,,,,,,,,,,,,,,,,,,,,,,,
e174,ok,,0.2,1.8063526040100044,0.8380280828157907,3.7293001627094284,1.7678399999999996,0.47404068400748417,0.47404068400748417,9.873305729379217,2.68888614422211,0.0792124136443706,3.00000002997,12.074274839834809,24.947580599184025,12.873305759349217,0.05241291926190451,28.163520562707127,31.292800312539917,0.5422347197363537,23.912363654430255,1.2696745011586585,0.006786493326434789,15.639664161766154,500000.0,981672.9842277835,31.292800312615068,0.2798008132578553,17.628224500784942,-1.0840652391202639,0.007735517320740905,18.45626776532564,500000.0,981672.984230141,0.08920135673198479,1.3599003344481606,False
e176,ok,,0.19,1.7638734903335163,0.8567571815255666,3.6477759778216496,1.7678399999986267,0.4846350243948729,0.4846350243948729,10.073955403128304,2.788289376895568,0.10623806162685434,3.000000029970006,11.280153468396092,24.3541089014944,13.073955433098309,0.04965177687293026,28.163520562708218,31.292800312510764,0.5177641189492906,23.297116060017107,1.7403094964354155,0.0067624642130808665,15.80733091835529,500000.0,1003612.4043966343,31.29280031261622,0.2779500183451731,17.344849212027068,-0.41244737343131144,0.006884660303634984,19.335389933386708,500000.0,1003612.4044000164,0.08822317336853061,1.2534,False
e178,ok,,0.2,1.7212977500805289,0.8567571815068078,3.647775977907184,1.7678399999999996,0.4846350243838854,0.4846350243838854,10.004185038677253,2.741775800538025,0.10623806138716567,3.00000002997,10.48422572146981,23.488410790117065,13.004185068647253,0.0468843537564886,28.163520562707127,31.29280031249415,0.4993595276981137,22.445588435007643,2.2378799936028355,0.006699439339149626,16.172725243012554,500000.0,1003612.4043733479,31.292800312615068,0.27646671253981453,17.07143784266271,0.12584132216949115,0.006161754450542349,20.369539995764047,500000.0,1003612.4043772259,0.08680656763962458,1.1733,False
e180,ok,,0.2,1.6526477572283693,0.8567571813810555,3.647775978442516,1.7678399999999808,0.4846350243127573,0.4846350243127573,9.959286797763253,2.7118436411481963,0.10623806022423322,3.00000002997,9.200855571885532,22.160142399618785,12.959286827733253,0.04242210422109823,28.163520562707127,31.29280031244852,0.4711207728327305,20.98738194173988,2.6024702067276406,0.006618559385213801,16.742838771599065,500000.0,1003612.404224588,31.292800312615068,0.2755121837882531,16.95209389824511,0.7362667782869969,0.006255472895312599,20.235648484901944,500000.0,1003612.4042299293,0.0857782699192283,1.0504,False
e182,ok,,0.2,1.6202387309242468,0.8567571732294799,3.6477760131336967,1.7678399999962462,0.4846350197027441,0.4846350197027441,9.902640728071102,2.6740796762350696,0.10623798353624568,3.00000002997,8.594988401216275,21.49762915925738,12.902640758041102,0.04031551751133026,28.163520562707127,31.292800312423466,0.45703586092672965,20.333136764936707,3.081348193889474,0.006608578887629839,17.014758641119894,500000.0,1003612.3946770818,31.292800312615068,0.27430790080631107,16.937739205809653,1.3395077207424573,0.006343856372773221,20.111473491328542,500000.0,1003612.3946832268,0.08462681807180253,0.9891,False
e184,ok,,0.22,1.5495890876302463,0.8555482160359132,3.6529306087277362,1.7678399999999992,0.48395115849619513,0.48395115849619513,9.805147021437259,2.620612749982513,0.09518763773603325,3.00000002997,7.274235994474472,20.07938304588173,12.805147051407259,0.03572329069722023,28.163520562707127,31.29280031235861,0.4274874160474758,18.962897176028072,3.3888169127241228,0.006668367484958005,17.547425256437425,500000.0,1002196.2122795345,31.292800312615068,0.2726198913839157,16.77385732354213,1.9105836630654243,0.006457764165848258,19.96688650712852,500000.0,1002196.212287748,0.0832253714103915,0.8605,False
e186,ok,,0.23,1.5903251597812518,0.8553019427293658,3.65398242359528,1.7678399999999996,0.48381185103254026,0.48381185103254026,10.741788210755297,3.2472844097762907,0.09304083547356636,3.00000002997,8.035772257449732,21.777560498175028,13.741788240725297,0.038371135387035585,28.163520562707127,31.2928003123979,0.46377488960747343,20.858704753262852,3.439640852752611,0.00789512911903367,16.15156672345952,500000.0,1001907.7257053063,31.292800312615068,0.29264509791155274,17.63818673209593,1.8112266066814522,0.007907098708883287,18.068405095468957,500000.0,1001907.7257122593,0.10268239951714138,1.018429431438127,False
e193,ok,,0.22,1.747037348725693,0.8567571631417183,3.6477760560961743,1.7678399999992205,0.48463501399566483,0.48463501399566483,10.910394506167043,3.3459155271891667,0.10623794963736334,3.0000000256397197,10.965412055911724,24.875806587718486,13.910394531806762,0.0485574278560505,28.163520481411506,31.29280025197119,0.5288553344061946,23.79598287333489,1.1135026785295559,0.006920019744556918,15.537320751815281,500000.0,1003612.380919701,31.292800267455462,0.2957325752882716,17.710026788488147,-0.7444786428401858,0.007051352914792876,19.041438056187268,500000.0,1003612.3814163075,0.10223691852512377,1.3016709030100335,False
e195,ok,,0.21,1.6744442390897039,0.8562128751278254,3.650094919596838,1.7678399999992866,0.484327130921447,0.484327130921447,11.651462619729264,3.8452589347447144,0.10115551456022157,3.00000002997,9.60832763451244,24.259790284211704,14.651462649699264,0.04383887554208498,28.163520562707127,31.292800312464017,0.5160867966519254,23.121895822828822,1.2952129845614917,0.007292028492104226,15.591883682036578,500000.0,1002974.7994066216,31.292800312615068,0.3116855643222684,17.898385622252537,-0.10072619966233165,0.007096633276533211,18.878794419273554,500000.0,1002974.799411463,0.11807589828510437,1.2461,False
e197,failed,Infeasible_Problem_Detected,0.98,,,,,,,,,,,,,,,,,,,,,,,,,,,,,,,,,,
e201,ok,,0.22,1.6850999816584313,0.8564588493474548,3.649046615565455,1.767839999995026,0.48446626920415,0.48446626920415,11.664504454978927,3.851581501844266,0.10343012290003371,3.00000002997,9.807530305426178,24.472034790375105,14.664504484948926,0.04453149880905226,28.163520562707127,31.292800312471233,0.5204524300322266,23.26286857938749,1.4031714587153026,0.007205396778102944,15.554892299018741,500000.0,1003262.9356318838,31.292800312615068,0.31187341223091614,18.01307199218042,-0.3949782614765158,0.007436901390694684,18.49327906945157,500000.0,1003262.9356364952,0.11861728889534007,1.2651,False
e203,failed,Maximum_Iterations_Exceeded,1.32,,,,,,,,,,,,,,,,,,,,,,,,,,,,,,,,,,
e205,ok,,0.2,1.694294341433424,0.8567571809761397,3.647775980165333,1.767839999999696,0.48463502408378983,0.48463502408378983,11.002512484250055,3.407327436207672,0.10623805643517956,3.00000002997,9.979413307732898,23.981925821952952,14.002512514220054,0.04512913219442678,28.163520562707127,31.29280031247728,0.5098515717462834,22.951937649840115,1.5062073732883448,0.007296759233682056,15.687443873193665,500000.0,1003612.4037513501,31.292800312615068,0.29769098056219684,17.64118659337146,-0.12863536159549194,0.007035372041984126,19.048931904699316,500000.0,1003612.4037557692,0.10473386445699974,1.2189632107023411,False
e207,ok,,0.2,1.6583923613520464,0.8557406339123107,3.6521092276661005,1.7678399999999967,0.4840600019867818,0.4840600019867818,11.700230651846093,3.88222439155751,0.09688896474537703,3.00000002997,9.308247476053426,24.00847815786952,14.700230681816093,0.042795503489137236,28.163520562707127,31.292800312452705,0.5110224006537429,22.960467049275117,1.8121379379650817,0.007577064849087644,15.548300858503476,500000.0,1002421.6121645042,31.292800312615068,0.3128955997839938,17.92882294279628,0.5513793197775121,0.007208554899830896,18.747777976639338,500000.0,1002421.6121697052,0.12020446433960726,1.224058862876254,False
e209,failed,Maximum_Iterations_Exceeded,1.29,,,,,,,,,,,,,,,,,,,,,,,,,,,,,,,,,,
e210,ok,,0.19,1.7227975870919527,0.7934953731420527,3.9385967094234218,1.7678399999999996,0.44885022012289166,0.44885022012289166,11.4353163006946,3.7461368474740158,0.08009759731463607,3.00000002997,10.512264268448979,24.94758059911358,14.4353163306646,0.04698184316223111,28.163520562707138,31.292800312494972,0.5726661276139342,24.263424004008584,0.2379376573088723,0.008716080146329283,15.005015233832328,500000.0,929507.0020862325,31.292800312615082,0.33135945471979394,18.01478423209792,-1.9939563649426004,0.008170982882179462,18.377505860882433,500000.0,929507.0020898003,0.1363752728987367,1.492343143812709,False
e211,ok,,0.2,1.7311767449652031,0.8557480944018618,3.6520773882464153,1.7678399999999996,0.4840642221026009,0.4840642221026009,11.278673003270239,3.6011166149845124,0.09695535730258172,3.00000002997,10.668907563610567,24.947580596850806,14.278673033240239,0.04752648842399242,28.163520562707127,31.292800312500017,0.5310066426651989,23.920347046517907,0.9821867042046403,0.007053509804243405,15.454162346221109,500000.0,1002430.3514447983,31.292800312615068,0.30392006149070655,17.638066608433913,-1.0533653491554944,0.006508190053229386,19.66698232365684,500000.0,1002430.3514484839,0.10948880165590483,1.311033779264214,False
e212,ok,,0.2,1.7731008273776665,0.8182499364771068,3.8194421120953406,1.7678399999999996,0.46285293718724935,0.46285293718724935,10.494927608361788,3.1104919937513595,0.07959365359935087,3.00000002997,11.452652960827665,24.94758059915945,13.494927638331788,0.050251553780802545,28.163520562707127,31.292800312523227,0.5553412256568685,23.70829005765014,0.5785112109334211,0.006499001344975124,15.841101363544016,500000.0,958504.7010433095,31.292800312615068,0.3004014607745345,17.516134125621406,-1.5089207489071783,0.006900743186611196,19.689418992297124,500000.0,958504.7010461226,0.10553657973534236,1.4169421404682274,False
e214,ok,,0.19,1.769734399739746,0.7990191632327024,3.911368349359367,1.7678399999999994,0.45197481855411276,0.45197481855411276,10.55786093962058,3.1592482782207827,0.07998243945116196,3.00000002997,11.389719629566489,24.94758059915707,13.55786096959058,0.05003273598433767,28.163520562707138,31.292800312521415,0.5687071643918977,23.67169158739362,-0.310172501670931,0.006988141491360807,15.695636676082863,500000.0,935977.615200976,31.29280031261508,0.30906614918200764,17.651774703421886,-2.6065462175429497,0.007895881014294911,18.69360433947035,500000.0,935977.6152037776,0.1110151474104881,1.4751130434782609,False
e216,ok,,0.19,1.822419383186098,0.7442737317936629,4.199071030047348,1.7678399999999999,0.42100740553085286,0.42100740553085286,9.572946997540308,2.520952853243856,0.08119922807716709,3.00000002997,12.37463357168444,24.947580599194747,12.572947027510308,0.05345725990835059,28.163520562707127,31.2928003125475,0.6105387080122908,23.814462066962413,-1.4901705493504416,0.007798328258531029,15.577034601359491,500000.0,871848.3668440662,31.292800312615068,0.3076960029662251,18.11684961419263,-3.5501709906666807,0.010798818941584501,16.390155405267084,500000.0,871848.3668459487,0.1041877885665622,1.657171237458194,False
e220,ok,,0.2,1.6278167267981225,0.8550699939005734,3.654973613731086,1.7678399999999423,0.48368064638236563,0.48368064638236563,11.604815839065763,3.8247187610456086,0.0910499436366526,3.00000002997,8.736654456726999,23.341470325762764,14.604815869035763,0.04080808724313218,28.163520562707127,31.29280031242956,0.4972147498855407,22.338895030420083,1.8655976994074965,0.007944627109824241,15.602618000807972,500000.0,1001636.0189418452,31.292800312615068,0.31110850207861973,18.13437668864899,0.6003521922448325,0.00808712563611365,17.825529246914854,500000.0,1001636.018947783,0.11459179802287382,1.1639655518394647,False
e221,ok,,0.2,1.6806230420811206,0.8567571812514011,3.647775978993801,1.7678399999998018,0.48463502423946575,0.48463502423946575,10.470850027921038,3.0528857959126556,0.10623805902140643,3.00000002997,9.723836624242752,23.194686682133792,13.470850057891038,0.04424049773652705,28.163520562707127,31.292800312468223,0.4931150044019285,22.17037461150438,2.7330189836429355,0.007127231671248126,16.06052348183653,500000.0,1003612.4040734431,31.292800312615068,0.2863879291220531,17.330937516341194,0.7751246634514817,0.006709770688100648,19.532665092591746,500000.0,1003612.4040781527,0.09377771535395789,1.1461227424749165,False
e222,ok,,0.2,1.7053021627700762,0.8567571813976855,3.6477759783717865,1.767839999999999,0.48463502432215927,0.48463502432215927,10.929796582070816,3.358850163851359,0.10623806037893409,3.00000002997,10.185197878546177,24.114994490586994,13.929796612040816,0.045844640581309166,28.163520562707127,31.292800312484314,0.5126805882444049,22.718207928720506,1.3172846927891662,0.00624716913603434,16.156835163169173,500000.0,1003612.404245206,31.292800312615068,0.2961450529841063,17.385118911200195,-0.8086809440138855,0.006160386862915573,20.1957864486066,500000.0,1003612.4042493996,0.1016583051499997,1.231275585284281,False
e224,ok,,0.2,1.705396667215838,0.8567571813141117,3.6477759787271316,1.767839999999882,0.4846350242749168,0.4846350242749168,10.921498256080291,3.353317947379746,0.10623805960332193,3.00000002997,10.18696458207599,24.10846286812628,13.92149828605029,0.045850783370283685,28.163520562707127,31.292800312484374,0.5125417271368753,22.859534935618917,2.405200151369022,0.006514495200025582,16.024429778716883,500000.0,1003612.4041473754,31.292800312615068,0.2959686320457431,17.31571869182158,0.5064884186118424,0.0059861528715029295,20.440750584442974,500000.0,1003612.4041515668,0.10172412057856328,1.2306712374581938,False
e226,ok,,0.2,1.6289878606766073,0.8560559625621459,3.6507639713653286,1.7678399999984016,0.48423837143798076,0.48423837143798076,10.918839175843532,3.358337589446947,0.09972333936957715,3.00000002997,8.758548097183034,22.677387302996564,13.918839205813532,0.0408842109452337,28.163520562707127,31.29280031243048,0.4825122249620285,21.489040241994296,2.891920237875956,0.006903054666902875,16.379703620029847,500000.0,1002790.9907368984,31.292800312615068,0.2961544901211286,17.28046179640296,1.6416590701629659,0.006222056057411522,20.120617913762718,500000.0,1002790.9907428136,0.10177398980746438,1.0999775919732442,False
e228,failed,Maximum_Iterations_Exceeded,1.31,,,,,,,,,,,,,,,,,,,,,,,,,,,,,,,,,,
e230,failed,Infeasible_Problem_Detected,1.06,,,,,,,,,,,,,,,,,,,,,,,,,,,,,,,,,,
e231,failed,Infeasible_Problem_Detected,0.68,,,,,,,,,,,,,,,,,,,,,,,,,,,,,,,,,,
e266,failed,Maximum_Iterations_Exceeded,1.35,,,,,,,,,,,,,,,,,,,,,,,,,,,,,,,,,,
e297,failed,Maximum_Iterations_Exceeded,1.35,,,,,,,,,,,,,,,,,,,,,,,,,,,,,,,,,,
e325,failed,Maximum_Iterations_Exceeded,1.32,,,,,,,,,,,,,,,,,,,,,,,,,,,,,,,,,,
e326,failed,Maximum_Iterations_Exceeded,1.28,,,,,,,,,,,,,,,,,,,,,,,,,,,,,,,,,,
e327,failed,Maximum_Iterations_Exceeded,1.3,,,,,,,,,,,,,,,,,,,,,,,,,,,,,,,,,,
e328,ok,,0.2,1.6544710203972812,0.8280439383600161,3.774266220449273,1.7678399999999967,0.46839303237850577,0.46839303237850577,12.234941628933067,4.266965157907313,0.07940258997272737,3.00000002997,9.234940375519207,24.469882034422273,15.234941658903066,0.04254061632707747,28.163520562707138,31.292800312449796,0.5382647675221801,24.176906016562548,3.6831727688901204,0.010357752699985501,14.350828177708106,500000.0,969977.4753466622,31.29280031261508,0.3351234925702173,18.852276065860615,1.7506981699445197,0.010165001141076855,16.198071722755337,500000.0,969977.4753517854,0.13334874486621573,1.342622408026756,False
e329,ok,,0.2,1.6846251811688902,0.8180433500621055,3.820406663488837,1.7678399999999996,0.46273607909205905,0.46273607909205905,12.148926372029079,4.21323189861895,0.0795977330042963,3.00000002997,9.798654197068856,24.947580599067933,15.148926401999079,0.04450063677723208,28.163520562707127,31.292800312470916,0.5554814700005876,24.671719059672593,3.1162353279676256,0.010217361134433589,14.322972523254117,500000.0,958262.7040171764,31.292800312615068,0.33730516966242496,18.80306596340013,1.0513879441324077,0.00997062980219247,16.451154791614503,500000.0,958262.7040215906,0.13537765036968813,1.417552508361204,False
e330,ok,,0.2,1.7001967303283965,0.8567571806446397,3.6477759815779303,1.7678399999999832,0.4846350238961941,0.4846350238961941,11.533325119873057,3.76120252982521,0.10623805324462401,3.00000002997,10.089754902893128,24.623080052736185,14.533325149843057,0.0455127874726,28.163520562707127,31.29280031248108,0.5234823993781628,24.8887863607586,3.3775482884501473,0.011072056285155141,13.907028355053185,500000.0,1003612.4033629872,31.292800312615068,0.3089759649898945,19.016422299012522,1.688367545945913,0.011012800237185342,15.243831513613674,500000.0,1003612.4033672845,0.11028070765409029,1.278286956521739,False
e331,ok,,0.2,1.7083617552820196,0.8567571808102225,3.6477759808729404,1.7678399999999843,0.4846350239898577,0.4846350239898577,11.647472860356414,3.837301021842429,0.10623805481684293,3.00000002997,10.242395112465427,24.889868002791843,14.647472890326414,0.04604351409458549,28.163520562707127,31.292800312486232,0.5291542646930947,25.02192575146989,2.782049614109936,0.010745085302920149,13.964258426426843,500000.0,1003612.4035571167,31.292800312615068,0.3114027260393408,19.016357353828102,0.9946693323089721,0.010843812263465187,15.381026922957407,500000.0,1003612.4035612487,0.11271217568412692,1.302971906354515,False
e332,ok,,0.2,1.7139538543576494,0.8479776151041127,3.6855433562550894,1.7678399999999994,0.4796687568468374,0.4796687568468374,11.600644542255557,3.8367526419146523,0.07902735171060041,3.00000002997,10.346936026877993,24.94758059910355,14.600644572225557,0.046407000534501426,28.163520562707127,31.292800312489693,0.5358725448914304,24.999019384631453,2.2539177448831795,0.010241968756176976,14.176976453706905,500000.0,993327.9481270767,31.292800312615068,0.3136209755022181,18.73174505641731,0.7647565910192315,0.009778838971434153,16.319442206667144,500000.0,993327.9481310565,0.11528349917089345,1.3322110367892976,False
e333,ok,,0.2,1.7222240686702333,0.8307033769017229,3.762183172116483,1.7678399999999996,0.4698973758381545,0.4698973758381545,11.446037881164223,3.740060685313806,0.07935148670964083,3.00000002997,10.501542687978336,24.94758059911256,14.446037911134223,0.046944564464819385,28.163520562707127,31.292800312494713,0.5470158605971146,24.83965804852137,1.735137054677527,0.009917653490057547,14.37717891874011,500000.0,973092.7635145686,31.292800312615068,0.3167526337362727,18.359644826258855,0.44395234530365657,0.009103845248820599,17.088566067423358,500000.0,973092.7635183113,0.1174652739514568,1.380708695652174,False
e334,ok,,0.2,1.7372174159656248,0.8065746413197525,3.874729139123829,1.7678399999999987,0.45624866578409423,0.45624866578409423,11.165746307768474,3.561855884597578,0.0798274566771861,3.0000000298954346,10.781834260681553,24.94758059834546,14.165746337663908,0.04791913204224501,28.16352056130971,31.29280031142716,0.5633798775142672,24.897164032643047,1.2741705051316599,0.009642181893245652,14.590213762993292,500000.0,944828.1642999623,31.292800311840164,0.31989861321231,18.05527596080503,0.13925755304022172,0.008058643596468759,18.385408634302905,500000.0,944828.1643124322,0.11933239151056146,1.4519277591973243,False
e335,ok,,0.2,1.6858716754027694,0.8424303625290289,3.709811997062614,1.7678399999999996,0.47653088657855297,0.47653088657855297,12.12562391525059,4.188803905367045,0.07912999177926384,3.00000002997,9.821956653848925,24.947580599069514,15.125623945220589,0.04458165890243423,28.163520562707127,31.292800312471748,0.5394011693174815,25.580064731463676,3.3018731359686218,0.012708014517425554,13.336232979809756,500000.0,986829.8508654478,31.292800312615068,0.3270368928255133,19.587862513216134,1.4658249230849218,0.012714093424525143,14.274511676506068,500000.0,986829.8508699674,0.12577973906569176,1.3475682274247491,False
e336,ok,,0.2,1.6957043388026611,0.8239935363693794,3.79281890895684,1.7678399999999994,0.46610187368165656,0.46610187368165656,11.941808212249688,4.073011229918643,0.07948105471402707,3.0000000299700025,10.005772356867764,24.947580599087452,14.94180824221969,0.04522078202342639,28.163520562707475,31.292800312476686,0.5514702513554042,25.39666910570622,2.865053850267255,0.012236724118910936,13.584468512187597,500000.0,965232.8011641395,31.292800312615427,0.3302910562504987,19.35035793572471,0.9561583392236029,0.01219538165061794,14.766132295209871,500000.0,965232.801168419,0.12798253496021855,1.400094983277592,False
e337,ok,,0.19,1.6975579606822349,0.8148968269980128,3.8351582213334843,1.7678399999999996,0.46095621040253243,0.46095621040253243,11.907155870855274,4.053176916596847,0.07966012219278087,3.00000002997,10.040424698259221,24.947580599084496,14.907155900825273,0.04534126744559948,28.163520562707127,31.29280031247939,0.5576263246609342,25.246155326181213,2.407925683368366,0.011818492803924479,13.770596706058694,500000.0,954576.8410378983,31.292800312615068,0.3332035554725383,19.123559969204923,0.5711329724921828,0.011544762288221738,15.296190998557083,500000.0,954576.8410420372,0.13104202601089096,1.4268872909698997,False
e338,ok,,0.19,1.6957667471550688,0.811998253181262,3.8488485084244974,1.7678399999999994,0.4593165971927676,0.4593165971927676,11.940641522198275,4.076532872097402,0.07971799638662831,3.00000002985215,10.00693904565703,24.947580597707457,14.940641552050426,0.04522483857142265,28.163520560502157,31.292800310658038,0.5596168721575432,25.16776938260743,1.8617778320550071,0.011410588540719833,13.924821202724827,500000.0,951181.4277893078,31.292800311394387,0.33514412590915676,18.904963642868466,0.52178714551703,0.0106507428849106,15.980416992666134,500000.0,951181.42781169,0.13301747438373662,1.4355505016722407,False
e339,ok,,0.19,1.7028490798452856,0.7978930374691016,3.916888754303767,1.7678399999999994,0.4513378119451431,0.4513378119451431,11.808241594114612,3.9932277417814555,0.08000578683565143,3.0000000299700007,10.139338975007718,24.94758059909233,14.808241624084612,0.04568519019119764,28.163520562707188,31.292800312482388,0.5695098230937982,25.182147690346582,1.4563350380874447,0.011163793858069085,14.079218965386417,500000.0,934658.4622243459,31.292800312615125,0.3380463702319054,18.445759680281512,0.2497477510364261,0.00931569813530686,17.217173825074575,500000.0,934658.4622283105,0.13537417787499936,1.47860635451505,False
e342,ok,,0.2,1.6806300463740385,0.8022047470074716,3.895836165590392,1.7678399999999996,0.45377678240534874,0.45377678240534874,12.22361300382455,4.268636214949089,0.07991674916202535,3.00000002997,9.723967565268037,24.947580599062587,15.22361303379455,0.04424095301556672,28.163520562707127,31.292800312468234,0.5664488078782856,25.501138431601948,2.3415344639761644,0.01290991801976372,13.474332878012014,500000.0,939709.23421646,31.292800312615068,0.34566067119295546,19.47057604754787,0.49510240653803456,0.012561816621009823,14.766303574458503,500000.0,939709.2342208693,0.14249671710268014,1.4652842809364548,False
e343,ok,,0.2,1.6832414176361254,0.7943550594553344,3.9343341851978577,1.7678399999999996,0.4493365120459626,0.4493365120459626,12.174794995435128,4.238825120098504,0.08007956988132034,3.00000002997,9.772785573661167,24.947580599066296,15.174795025405128,0.04441069214760234,28.163520562707138,31.29280031246995,0.5720463629051153,25.394993668441504,1.9148648607560999,0.012349804962866357,13.696186421700798,500000.0,930514.0456988986,31.29280031261508,0.34795704006495914,19.04528313046213,0.5488895721879937,0.011148703500177217,15.792769083768057,500000.0,930514.045703214,0.14467780544763326,1.4896458193979931,False
e344,ok,,0.2,1.688486128709346,0.7831828762783241,3.9904578614527293,1.7678399999999996,0.443016831997423,0.443016831997423,12.076748289901015,4.177297448355551,0.08031693536756088,3.00000002997,9.87083227920213,24.947580599073145,15.076748319871015,0.04475159836736171,28.163520562707127,31.292800312473474,0.5802066623009751,25.373997782073126,1.5182862818457554,0.012103568638074139,13.834129672602716,500000.0,917426.8584977809,31.292800312615068,0.350640407241335,18.720690720469026,0.283584498453794,0.010172929815841183,16.641708483079697,500000.0,917426.858501932,0.14717904858886735,1.5251608695652175,False
e360,ok,,0.2,1.667543509441395,0.8553682261126738,3.653699272654048,1.7678399999997907,0.48384934502713767,0.48384934502713767,12.138508371531286,4.177830531565316,0.0936152761193746,3.00000002997,9.479322661998307,24.617831063499594,15.138508401501285,0.043390328114944865,28.163520562707138,31.2928003124591,0.5242206609506047,23.77069668675887,4.047537732928622,0.008223282042661723,15.053172855142986,500000.0,1001985.370607395,31.292800312615082,0.32236466565600896,18.251707111005953,2.1948438010229343,0.007759198129020115,18.091528081725116,500000.0,1001985.3706123894,0.12228681849418063,1.2815,False
e361,ok,,0.2,1.6698104823021636,0.8555740648306451,3.652820245572336,1.7678399999999996,0.48396578017843545,0.48396578017843545,12.034058211530274,4.106315999442913,0.09541495717259488,3.00000002997,9.521702350306374,24.555760591806646,15.034058241500274,0.043537681350894857,28.163520562707127,31.292800312460805,0.522773108829623,23.735521124076822,3.812219524386458,0.00821789235916888,15.074689326411413,500000.0,1002226.4917734156,31.292800312615068,0.32006344644765833,18.229571975849044,2.2472537113459,0.007751145668707144,18.113616311714008,500000.0,1002226.4917783563,0.12107430052371641,1.2752,False
e374,ok,,0.2,1.5854613943467957,0.8224585821475664,3.7998974458257413,1.7678399999999994,0.4652336083285629,0.4652336083285629,10.944848224971391,3.4089255067774538,0.07951099288247364,3.00000002997,7.944847100522136,21.889695355463527,13.944848254941391,0.038054990633795936,28.163520562707127,31.2928003123935,0.48477826610725866,20.830289767780034,1.8799375893169488,0.007647230579195738,16.42151668521572,500000.0,963434.7431698769,31.292800312615068,0.3088283892619956,17.493749527271632,0.7424678190862614,0.007243915835562317,19.156904223174323,500000.0,963434.7431766983,0.1090648773539003,1.1098397993311038,False
e377m,failed,too few converged polar points,0.01,,,,,,,,,,,,,,,,,,,,,,,,,,,,,,,,,,
e378,failed,Maximum_Iterations_Exceeded,1.29,,,,,,,,,,,,,,,,,,,,,,,,,,,,,,,,,,
e385,ok,,0.2,1.854735013041962,0.7689257986830025,4.06444714295302,1.7678399999999994,0.43495214424552153,0.43495214424552153,8.9688258170761,2.110151533687632,0.08062985773958024,3.00000002997,12.978754752167928,24.947580599214028,11.9688258470461,0.055557775848981694,28.163520562707152,31.29280031256187,0.590964594236556,22.97252925739209,-1.1051397692159188,0.00868728449059444,15.123014175534404,500000.0,900726.0006217796,31.2928003126151,0.2835205715453759,20.326088745535703,-3.6444430892709496,0.02064814211404987,10.256526688900877,500000.0,900726.0006233118,0.08418983433141783,1.57198127090301,False
e387,ok,,0.2,1.8004863141805671,0.8411618900882376,3.715406394923765,1.7678399999999996,0.4758133598562301,0.4758133598562301,9.982972474310186,2.7608396229914596,0.07915365232870679,3.00000002997,11.964608094899777,24.947580599179965,12.982972504280186,0.05203161042299108,28.163520562707127,31.29280031253707,0.5402145864800835,23.912349269841656,1.3012700486382969,0.006839441168027758,15.604322488142957,500000.0,985343.9518243896,31.292800312615068,0.2811331180899197,17.602524761230615,-1.0077647587510767,0.007644997088235374,18.533898695862487,500000.0,985343.9518268455,0.09068898678469445,1.3511083612040133,False
e392,ok,,0.2,1.7836035242101191,0.8259668699264126,3.783757411333502,1.7678399999999994,0.4672181135885673,0.4672181135885673,10.298586035051397,2.9768154499135693,0.0794427312640456,3.00000002997,11.648994534146253,24.94758059916765,13.298586065021397,0.050934229074911956,28.163520562707127,31.29280031252865,0.5501527230230522,23.814582125948313,0.9180737258557393,0.006890577326120925,15.63744859149842,500000.0,967544.3803139015,31.292800312615068,0.29326504455632973,17.595244259695097,-1.440595522406685,0.0075866473979080955,18.768120609089078,500000.0,967544.3803165735,0.10143389272101934,1.3943608695652174,False
e393,ok,,0.2,1.7541719446000235,0.8208579054867283,3.807307263182018,1.7678399999999999,0.46432816628582246,0.46432816628582246,10.848791638224501,3.345464501655198,0.0795423313328385,3.00000002997,11.098788930948993,24.947580599143492,13.848791668194501,0.04902117640025574,28.163520562707127,31.292800312513066,0.5535768365992823,24.065152720332,0.16025902807536635,0.0077293215682260165,15.293626393155646,500000.0,961559.6973765868,31.292800312615068,0.3072991487845852,17.756416040156118,-2.0366544769055457,0.007694831372248401,18.66138948722652,500000.0,961559.6973797212,0.1152321722789957,1.409263210702341,False
e395,ok,,0.2,1.759640217336503,0.7783168439327429,4.015406180609478,1.7678399999999996,0.44026430216124934,0.44026430216124934,10.746565582432162,3.2921599192098676,0.08042244995172435,3.00000002997,11.201014986746214,24.947580599148374,13.746565612402161,0.049376614128126925,28.163520562707127,31.29280031251605,0.5838341109525375,24.1081195326176,-1.1898363114776216,0.008404822364142913,15.192923927124957,500000.0,911726.7482139637,31.292800312615068,0.32170309585814977,17.942945840518185,-3.496443981577794,0.00890070153315348,17.856153085721783,500000.0,911726.7482168486,0.12285352265060547,1.540948160535117,False
e396,ok,,0.19,1.743927701313162,0.7755540207456812,4.029710609449383,1.7678399999999996,0.43870147793108055,0.43870147793108055,11.040301578613235,3.4889158229157826,0.08048294811378776,3.00000002997,10.907278990551042,24.947580599134277,14.040301608583235,0.04835530058660975,28.163520562707127,31.292800312507353,0.5859139537178191,24.173793083558014,-1.2077319956670762,0.008731484683635252,15.076921091578509,500000.0,908490.3544238737,31.292800312615068,0.32974775225716674,18.164164288690014,-3.4587450011481677,0.009254370385232713,17.541970942060075,500000.0,908490.3544270009,0.13058133485601392,1.55,False
e397,ok,,0.2,1.726428651758634,0.7831087165988049,3.990835754164007,1.7678399999999996,0.4429748826810147,0.4429748826810147,11.367435740036901,3.7044476669449486,0.08031852450922797,3.0000000299700007,10.580144829113737,24.94758059912064,14.367435770006903,0.04721786236556521,28.163520562707227,31.292800312496762,0.5802616073416488,24.20962244768343,-1.1308144430068894,0.008898066313135467,14.979302277401377,500000.0,917339.9872403331,31.29280031261517,0.3341755462055651,18.270263169244615,-3.281214545169045,0.009210701300399792,17.489268607882483,500000.0,917339.9872438043,0.13513886250988316,1.5254,False
e398,ok,,0.2,1.7249021872790054,0.7753878480453356,4.0305742132513664,1.7678399999999996,0.4386074803406053,0.4386074803406053,11.395972071445945,3.726085408718528,0.08048659800229253,3.00000002997,10.551608497700233,24.94758059911618,14.395972101415945,0.04711864217438953,28.16352056270714,31.29280031249624,0.5860395204314218,24.205402344442412,-0.9283457238761265,0.009021661909104181,14.965916044445976,500000.0,908295.6983565404,31.292800312615086,0.3381734173730914,18.22917196627174,-3.1001328879387726,0.009238090047988347,17.546356277327842,500000.0,908295.69835999,0.14157834633968647,1.5505464882943143,False
e399,ok,,0.2,1.709184167738629,0.7778238851862981,4.01795101066029,1.7678399999999999,0.4399854541057438,0.4399854541057438,11.689810952552875,3.9211567312027085,0.08043320273418836,3.0000000299700007,10.257769616578456,24.947580599101332,14.689810982522875,0.04609697090426495,28.163520562707195,31.29280031248642,0.5842041254724368,24.21859233278778,-0.9007911810681563,0.009156403587393901,14.903684579223823,500000.0,911149.2922857322,31.292800312615135,0.3439952080418697,18.321652601969237,-2.9974549525391545,0.00920178901493906,17.53471556739,500000.0,911149.29228948,0.1483124497629352,1.5425585284280936,False
e403,failed,Infeasible_Problem_Detected,0.63,,,,,,,,,,,,,,,,,,,,,,,,,,,,,,,,,,
e407,ok,,0.2,1.674401217564974,0.8142291862472256,3.838302923043428,1.7678399999999994,0.4605785513662016,0.4605785513662016,12.340057195990351,4.342015930655243,0.07967342212712167,3.00000002997,9.60752337309404,24.94758059905439,15.34005722596035,0.04383607914297745,28.163520562707163,31.292800312463797,0.5580835596314372,24.368154329402408,-0.1087095891001113,0.009981110530409959,14.428177431558057,500000.0,953794.7611744025,31.292800312615107,0.3431608811740065,19.06942139050934,-1.6799163922954556,0.010846286269064538,15.815949798032886,500000.0,953794.7611790145,0.14426852091972503,1.4288772575250837,False
e417,failed,Maximum_Iterations_Exceeded,1.35,,,,,,,,,,,,,,,,,,,,,,,,,,,,,,,,,,
e420,ok,,0.2,1.5160152777353098,0.778944721287703,4.012169516257221,1.7678399999999996,0.44061946855354733,0.44061946855354733,11.51159588524732,3.801967784508069,0.08040876082237827,3.0000000299638545,10.435984683740955,24.94758059895213,14.511595915211174,0.04671662073862975,22.45471962073154,31.292800312492606,0.583363504746222,36.3084175809236,-4.574377068115384,0.04014250045561018,8.316951533619287,500000.0,912462.2489076019,24.949688218283214,0.533807424937281,26.720440791791006,-4.87772010558632,0.05328046074452292,6.808839025841914,500000.0,727504.3586338861,0.14337464517572923,1.5389,False
e421,ok,,0.2,1.8121007397925633,0.6586603587555968,4.744870742645771,1.7678399999999996,0.3725791693567274,0.3725791693567274,9.765847802985496,2.6757417749791053,0.07509239153485621,3.00000002997,12.181732766232269,24.947580599187766,12.765847832955496,0.05278654808777084,28.163520562707127,31.292800312542663,0.6898971777735526,24.81588763805701,-1.8940806441462794,0.012088072342997695,14.504154503871108,500000.0,771560.1579837924,31.292800312615068,0.35302511026214134,18.655262074128352,-4.962190406293442,0.014322546880955946,14.951030907689198,500000.0,771560.1579855776,0.14526918474044317,2.0025531772575254,False
e422,ok,,0.2,1.797576096898866,0.6950660225858334,4.49634734549848,1.7678399999999994,0.3931724718220165,0.3931724718220165,10.037377228525498,2.845775744870292,0.07955563251164918,3.00000002997,11.910203340682504,24.947580599178004,13.037377258495498,0.051842446299680524,28.163520562707127,31.292800312535647,0.653762243946709,24.808646624867272,-0.19960711928611966,0.011418295766491525,14.515953081928586,500000.0,814206.0518239964,31.292800312615068,0.3416501643422442,18.41931148068572,-3.064201762379522,0.012582214383326306,15.698194859457786,500000.0,814206.0518260628,0.13993697399053187,1.8452876254180601,False
e423,ok,,0.2,1.5700716046200909,0.7855037347125559,3.9786676084279136,1.7678399999999996,0.4443296535390963,0.4443296535390963,11.083811476058393,3.514547837388602,0.08026707023136845,3.0000000299659293,10.863769093004102,24.947580599028424,14.083811506024322,0.048204017638198655,23.332669430421415,31.29280031250602,0.578492376972908,24.859269834223678,-4.729711775638314,0.014749123124326139,13.000519724976119,500000.0,920145.5311444593,25.925187997066345,0.4758109570857345,25.71501764494224,-5.726409996604967,0.04762029924253849,7.023513111956944,500000.0,762314.1950018151,0.12520251857552783,1.5177,False
e426,ok,,0.2,1.7738022680954075,0.8197796518913244,3.812315002439588,1.7678399999999996,0.4637182391456945,0.4637182391456945,10.481814597836761,3.1012008969633613,0.07956351070896507,3.00000002997,11.465765971353251,24.947580599160013,13.481814627806761,0.05029714742745572,28.163520562707127,31.292800312523596,0.5543049544697536,24.94362277192986,4.039358205015471,0.009496878821877398,14.58636932646543,500000.0,960296.6222527483,31.292800312615068,0.29954955406152717,17.73987535061645,1.8866320198489728,0.008002291804584557,18.347158954252738,500000.0,960296.6222555554,0.10824243902439024,1.4124321070234114,False
e428,ok,,0.2,1.7603762863429104,0.8342833209953492,3.746039489164642,1.7678399999999996,0.4719224143561348,0.4719224143561348,10.732805216967048,3.2632626512805967,0.07928320976339483,3.00000002997,11.214775352211825,24.94758059914887,13.732805246937048,0.0494244586135434,28.163520562707127,31.292800312516455,0.5446685930083317,24.95932005226098,4.096193340383989,0.009536998187212889,14.50664356783657,500000.0,977286.339451206,31.292800312615068,0.299821767571108,17.91252064372751,2.0769680172939573,0.00817085051344489,17.998670947088193,500000.0,977286.3394542858,0.11123348968105065,1.370492976588629,False
e431,failed,Maximum_Iterations_Exceeded,1.32,,,,,,,,,,,,,,,,,,,,,,,,,,,,,,,,,,
e432,failed,Maximum_Iterations_Exceeded,1.27,,,,,,,,,,,,,,,,,,,,,,,,,,,,,,,,,,
e433,ok,,0.2,1.674744815609915,0.8044184473828395,3.8851151111314843,1.7678399999999992,0.4550289886996786,0.4550289886996786,12.33363383760785,4.341206623577796,0.07987139294373323,3.0000000299539824,9.613946731320594,24.947580598882425,15.333633867561833,0.04385841301658765,28.163520562408614,31.292800312200125,0.5648899824452309,24.190009372503745,-0.13933639547377324,0.00899596478966588,14.847949020490441,500000.0,942302.3810231892,31.292800312450467,0.3472006486477333,18.338612498485574,-2.1807290388111884,0.008336668364625275,17.97973642239214,500000.0,942302.3810307275,0.14213177172960864,1.4585,False
e434,ok,,0.19,1.679846108363822,0.8245414854665161,3.7902983909072345,1.7678399999999992,0.4664118276917122,0.4664118276917122,12.238268249175174,4.270453094663612,0.07947038083483642,3.0000000298960465,9.70931231916255,24.94758059823377,15.238268279071221,0.04418999704808945,28.163520561326337,31.292800311282317,0.5511037717855409,24.12315859487009,0.9899141032591684,0.00861525733666262,14.912699964130315,500000.0,965874.6732034257,31.29280031185226,0.33662050276465466,18.41341899608757,-1.3729925192398655,0.008389280979557887,17.751720227815234,500000.0,965874.6732210175,0.1333359815603337,1.3985,False
e435,ok,,0.2,1.666468504310247,0.7801863293281206,4.0057844493268675,1.7678399999999987,0.44132179910405983,0.44132179910405983,12.459227366243757,4.433301615980139,0.08038175684171657,3.00000002997,9.45922609040887,24.918453486622628,15.459227396213757,0.043320452781420264,28.16352056270713,31.292800312458446,0.5817551135077587,24.280301923730402,-0.8624553327346056,0.009651777804698405,14.715629572133137,500000.0,913916.6787703161,31.29280031261507,0.3609166432966909,18.46943894938083,-2.817182634365953,0.008859083717998373,17.72671794467721,500000.0,913916.6787748904,0.16231843864133333,1.5319,False
e471,ok,,0.2,1.865231426082083,0.8341400957150663,3.7466826995300684,1.7678399999999983,0.47184139725035473,0.47184139725035473,8.77260171546776,1.9565128355959525,0.0792859298756744,3.000000029969999,13.174978853784568,24.947580599222327,11.772601745437758,0.05624004269658844,28.163520562707635,31.292800312565547,0.5447621148425821,23.695301075482973,-1.1029380920743699,0.00831795391452921,14.994038651126132,500000.0,977118.5641822027,31.29280031261564,0.2570697145767742,19.59863444185879,-3.219753791145386,0.015974512065902384,11.573065699121996,500000.0,977118.5641837668,0.06259673617717289,1.3709,False
e472,ok,,0.19,1.7293373030593029,0.8289653996920932,3.7700708217264802,1.767839999999997,0.4689142680854006,0.4689142680854006,11.313059923332167,3.6520418530227956,0.07938477472061624,3.0000000189071225,10.634520526218566,24.947580468457858,14.31305994223929,0.04740692517943154,28.163520355023852,31.2928001540483,0.5481627158390179,25.239210394067634,3.9483426789628746,0.010736823987381038,14.082298402943632,500000.0,971056.8778094283,31.29280019725201,0.31449485845163083,18.43401163036731,2.5455984004214147,0.009404989647057735,16.832625488898646,500000.0,971056.8791500963,0.12088404756006936,1.3857,False
e473,failed,Maximum_Iterations_Exceeded,1.32,,,,,,,,,,,,,,,,,,,,,,,,,,,,,,,,,,
e474,ok,,0.2,1.6397366621179148,0.8086501827912422,3.864783972238609,1.7678399999998342,0.4574227208295536,0.4574227208295536,11.959491673388715,4.090286558399609,0.07978541937397733,3.0000000299700043,8.959490447510243,23.918982150868963,14.959491703358719,0.041582883038917676,28.163520562707568,31.292800312435148,0.5387651132184749,23.977391093499623,4.625844510353051,0.011026587909661548,14.332730354713119,500000.0,947259.4706697101,31.292800312615512,0.33695632156592165,18.652942877841156,3.267843169576501,0.009781512164532248,16.704285646153547,500000.0,947259.47067517,0.14073467787114846,1.3448,False
e475,failed,Maximum_Iterations_Exceeded,1.37,,,,,,,,,,,,,,,,,,,,,,,,,,,,,,,,,,
e476,failed,Maximum_Iterations_Exceeded,1.36,,,,,,,,,,,,,,,,,,,,,,,,,,,,,,,,,,
e477,failed,Maximum_Iterations_Exceeded,1.36,,,,,,,,,,,,,,,,,,,,,,,,,,,,,,,,,,
e478,failed,Infeasible_Problem_Detected,1.02,,,,,,,,,,,,,,,,,,,,,,,,,,,,,,,,,,
e479,failed,Maximum_Iterations_Exceeded,1.32,,,,,,,,,,,,,,,,,,,,,,,,,,,,,,,,,,
e485,failed,Maximum_Iterations_Exceeded,1.31,,,,,,,,,,,,,,,,,,,,,,,,,,,,,,,,,,
e49,failed,airfoil 'e49' not found in the aerosandbox UIUC database,0.0,,,,,,,,,,,,,,,,,,,,,,,,,,,,,,,,,,
e502,failed,Infeasible_Problem_Detected,0.77,,,,,,,,,,,,,,,,,,,,,,,,,,,,,,,,,,
e520,failed,Infeasible_Problem_Detected,1.26,,,,,,,,,,,,,,,,,,,,,,,,,,,,,,,,,,
e521,failed,Maximum_Iterations_Exceeded,1.33,,,,,,,,,,,,,,,,,,,,,,,,,,,,,,,,,,
e540,failed,Maximum_Iterations_Exceeded,1.34,,,,,,,,,,,,,,,,,,,,,,,,,,,,,,,,,,
e541,failed,Infeasible_Problem_Detected,1.3,,,,,,,,,,,,,,,,,,,,,,,,,,,,,,,,,,
e542,failed,Infeasible_Problem_Detected,0.86,,,,,,,,,,,,,,,,,,,,,,,,,,,,,,,,,,
e543,failed,Infeasible_Problem_Detected,0.59,,,,,,,,,,,,,,,,,,,,,,,,,,,,,,,,,,
e544,failed,Infeasible_Problem_Detected,0.46,,,,,,,,,,,,,,,,,,,,,,,,,,,,,,,,,,
e545,failed,Infeasible_Problem_Detected,0.96,,,,,,,,,,,,,,,,,,,,,,,,,,,,,,,,,,
e546,failed,Maximum_Iterations_Exceeded,1.33,,,,,,,,,,,,,,,,,,,,,,,,,,,,,,,,,,
e547,failed,Infeasible_Problem_Detected,1.03,,,,,,,,,,,,,,,,,,,,,,,,,,,,,,,,,,
e548,failed,Maximum_Iterations_Exceeded,1.34,,,,,,,,,,,,,,,,,,,,,,,,,,,,,,,,,,
e549,failed,Maximum_Iterations_Exceeded,1.34,,,,,,,,,,,,,,,,,,,,,,,,,,,,,,,,,,
e550,failed,Infeasible_Problem_Detected,0.67,,,,,,,,,,,,,,,,,,,,,,,,,,,,,,,,,,
e551,failed,Infeasible_Problem_Detected,0.97,,,,,,,,,,,,,,,,,,,,,,,,,,,,,,,,,,
e552,failed,Maximum_Iterations_Exceeded,1.37,,,,,,,,,,,,,,,,,,,,,,,,,,,,,,,,,,
e553,failed,Infeasible_Problem_Detected,1.04,,,,,,,,,,,,,,,,,,,,,,,,,,,,,,,,,,
e554,failed,Maximum_Iterations_Exceeded,1.3,,,,,,,,,,,,,,,,,,,,,,,,,,,,,,,,,,
e555,ok,,0.2,1.613617015640067,0.7497801586212934,4.16823282086681,1.7678399999999994,0.4241221822231048,0.4241221822231048,11.471200610772428,3.7846839229735423,0.08106880454308192,3.00000002997,8.471199433705921,22.94240007444835,14.471200640742428,0.039885106017858586,28.163520562707127,31.29280031241802,0.5573427621453217,22.046647894594507,1.1265513927292516,0.009165329922482772,15.689808924787457,500000.0,878298.6404853807,31.292800312615068,0.35155079287243635,17.980865410440547,-0.756849930489121,0.008840700694583311,18.189403052356496,500000.0,878298.6404909112,0.16022038564520633,1.4256531772575252,False
e556,ok,,0.2,1.68215011150233,0.7943696790208894,3.93426177778094,1.7678399999999996,0.4493447817793972,0.4493447817793972,12.195196304421088,4.252420929869177,0.08007926369708826,3.00000002997,9.752384264673593,24.94758059906468,15.195196334391088,0.04433975724890567,28.163520562707127,31.292800312469254,0.572035834973937,24.191554769641908,0.5588675647818377,0.009118816430442824,14.844460915824515,500000.0,930531.1711781317,31.292800312615068,0.34841842831770187,18.41777103025312,-1.4843736654341928,0.008821761301135815,17.65500675951774,500000.0,930531.1711824677,0.16006139228847976,1.4896,False
e557,ok,,0.19,1.6985707510203591,0.7766504684627509,4.024021606252195,1.7678399999999996,0.43932169679538363,0.43932169679538363,11.888222367245206,4.053826987505561,0.08045887860771916,3.00000002997,10.059358201872831,24.947580599088035,14.888222397215205,0.045407098817577485,28.163520562707163,31.29280031247983,0.5850867810795456,24.179653119049455,-0.033850404320578946,0.009086238943154053,14.93564188528819,500000.0,909774.7422908974,31.292800312615107,0.3491682122724913,18.29044094023498,-2.1835419083906475,0.0088661921976974,17.831264491334217,500000.0,909774.7422948303,0.15997928790571767,1.5464,False
e558,ok,,0.19,1.7060382637278355,0.7678217251563129,4.070291531492886,1.7678399999999996,0.4343276117501092,0.4343276117501092,11.748621727802059,3.9637163019447086,0.0806545756484956,3.00000002997,10.198958841323025,24.947580599095083,14.748621757772058,0.045892487143563525,28.16352056270713,31.292800312484754,0.5918143596735109,24.45476399692039,1.082274439829444,0.00987240970372837,14.683036107602957,500000.0,899432.679815669,31.29280031261507,0.34987144773014783,18.361576518968462,-1.1492944301752241,0.009428283297567876,17.437083085909784,500000.0,899432.6798194146,0.16025793109933728,1.5756795986622074,False
e559,ok,,0.2,1.726407941770892,0.7440437274144376,4.200369078387792,1.7678399999999996,0.4208773007819926,0.4208773007819926,11.367822900744905,3.7176104308737754,0.08120471786909395,3.00000002997,10.579757668402259,24.947580599117163,14.367822930714905,0.0472165162163622,28.163520562707127,31.292800312497207,0.6107274423183573,24.454337396958262,0.37800474548410695,0.009904145151056835,14.783895455637882,500000.0,871578.9378223624,31.292800312615068,0.3517304499821108,18.179920651291454,-2.0080502416570427,0.009445175750590123,17.708610745627258,500000.0,871578.9378256452,0.16031710252431758,1.657992642140468,False
e560,ok,,0.2,1.7410137896170779,0.7267124977508646,4.300542890444986,1.7678399999999996,0.4110736818664951,0.4110736818664951,11.094775397673247,3.5410474738779465,0.08162838114310005,3.00000002997,10.852805171488418,24.947580599131665,14.094775427643247,0.04816589632636428,28.163520562707127,31.292800312505697,0.6252925662118399,24.455146049410164,-0.3030619993553238,0.009948094675231568,14.851401898368252,500000.0,851276.9929438639,31.292800312615068,0.3532750705924479,18.057570230479815,-2.8244721996802475,0.00949125716678671,17.882720575511865,500000.0,851276.9929468392,0.16065213034396025,1.7213826086956523,False
e561,ok,,0.2,1.7362421286380638,0.7148159038575431,4.372116301182404,1.7678399999999994,0.40434423016649884,0.40434423016649884,11.183978717435826,3.604177944808155,0.08192890682588656,3.00000002997,10.763601851721283,24.947580599127107,14.183978747405826,0.04785573836272837,28.163520562707127,31.292800312502962,0.6356992341169431,24.509481089060788,-0.29161452793541814,0.010382717860218299,14.758631763718194,500000.0,837341.2250753083,31.292800312615068,0.36142760980628996,18.16277445557427,-2.7931584995630354,0.009977314631295135,17.592442563193224,500000.0,837341.2250783081,0.16891349035896983,1.7666742474916388,False
e562,ok,,0.2,1.7251715000038663,0.765417125257441,4.083078575683614,1.7678399999999996,0.43296742083980516,0.43296742083980516,11.39093743272781,3.726058287152346,0.08070865870341423,3.00000002997,10.556643136418009,24.947580599115817,14.39093746269781,0.047136147501505535,28.163520562707127,31.292800312496475,0.5936735769584428,24.311047784160294,0.2769981145881431,0.009155215576441066,14.959869704314542,500000.0,896615.9117303055,31.292800312615068,0.3424588322405541,18.03010973630147,-2.08273088179953,0.008586544370428549,18.269139183828646,500000.0,896615.9117337036,0.15016587524848649,1.583771237458194,False
e580,ok,,0.2,1.6912447285870167,0.7731883655264307,4.042039954225313,1.7678399999999996,0.43736331654812133,0.43736331654812133,12.025177931473943,4.146294850654054,0.08053509286793772,3.00000002997,9.922402637632809,24.94758059907675,15.025177961443942,0.0449309073594103,28.163520562707127,31.29280031247529,0.5877066221855913,24.36667248822954,-0.5819252187025321,0.009483208315392348,14.801622111831753,500000.0,905719.2064550513,31.292800312615068,0.35395803421937866,18.219508487083072,-2.7030812115454643,0.008459901970401225,18.22419255201109,500000.0,905719.2064590969,0.16071571805420776,1.5578020066889633,False
e582,failed,Infeasible_Problem_Detected,1.14,,,,,,,,,,,,,,,,,,,,,,,,,,,,,,,,,,
e583,failed,Infeasible_Problem_Detected,0.61,,,,,,,,,,,,,,,,,,,,,,,,,,,,,,,,,,
e584,failed,Infeasible_Problem_Detected,0.74,,,,,,,,,,,,,,,,,,,,,,,,,,,,,,,,,,
e585,ok,,0.2,1.6493620968615272,0.789341708085169,3.9593223487212628,1.7678399999998373,0.44650064942825235,0.44650064942825235,12.139433379838975,4.2169803853901024,0.08018525330442836,3.0000000299700034,9.139432135972196,24.278865545781173,15.139433409808978,0.042208536297252436,28.163520562707586,31.29280031244261,0.5602486248545641,23.57740632793003,-0.010026637479106846,0.009305959040199737,15.002355328904413,500000.0,924641.3646968595,31.29280031261554,0.34935103260220157,18.21985539007932,-1.9841472146216845,0.008378696465188188,18.119102810258074,500000.0,924641.3647019693,0.14616149546225193,1.4383,False
e587,failed,Maximum_Iterations_Exceeded,1.34,,,,,,,,,,,,,,,,,,,,,,,,,,,,,,,,,,
e58,failed,too few converged polar points,0.01,,,,,,,,,,,,,,,,,,,,,,,,,,,,,,,,,,
e591,ok,,0.2,1.7920828997363336,0.6709627660426787,4.657871380900453,1.7678399999999996,0.37953817429330644,0.37953817429330644,10.140069231408495,2.92152098701418,0.0765964733902011,3.00000002997,11.807511337795374,24.947580599173868,13.140069261378494,0.0514853884841159,28.163520562707127,31.292800312532925,0.6772475994412008,24.109470185371347,-1.9481994818508885,0.009661659028722397,15.222953997563275,500000.0,785971.2989970059,31.292800312615068,0.35671115795523967,18.12404019206452,-4.766078592479739,0.011564213129989072,16.805457011053324,500000.0,785971.298999069,0.1566109103314158,1.9475,False
e593,ok,,0.2,1.8093881566714627,0.780532455249027,4.004008090352748,1.7678399999999996,0.4415175894023369,0.4415175894023369,9.81655790594656,2.6714046115842653,0.0803742415569401,3.00000002997,12.131022663270087,24.947580599186647,12.81655793591656,0.05261023018489927,28.163520562707138,31.292800312541335,0.5821768455122565,24.690117189696732,2.3250481867413106,0.009765343151734145,14.663175879412783,500000.0,914322.1335214046,31.29280031261508,0.29908724975379,18.29739804967715,-0.033631272750846486,0.010998177753775646,15.825008394555379,500000.0,914322.1335235592,0.11297553008494468,1.5337354515050166,False
e598,ok,,0.2,1.7936961708928858,0.7877633452305579,3.96725524806605,1.7678399999999996,0.44560782945886396,0.44560782945886396,10.109910101605497,2.8645067392634296,0.080218803802127,3.00000002997,11.837670467599855,24.947580599175353,13.109910131575496,0.05159025110929177,28.163520562707138,31.29280031253369,0.5768330366829164,24.06197714291277,1.9927976634289528,0.008099438693336077,15.275238775446446,500000.0,922792.4574785122,31.29280031261508,0.3031247555944343,18.05197875079284,-0.1596713577003556,0.009690992216083485,16.95097970068925,500000.0,922792.4574809122,0.1114238956421263,1.510478260869565,False
e59,failed,Maximum_Iterations_Exceeded,1.4,,,,,,,,,,,,,,,,,,,,,,,,,,,,,,,,,,
e603,failed,Maximum_Iterations_Exceeded,1.4,,,,,,,,,,,,,,,,,,,,,,,,,,,,,,,,,,
e604,failed,Maximum_Iterations_Exceeded,1.35,,,,,,,,,,,,,,,,,,,,,,,,,,,,,,,,,,
e61,failed,Maximum_Iterations_Exceeded,1.43,,,,,,,,,,,,,,,,,,,,,,,,,,,,,,,,,,
e625,ok,,0.2,1.679493072452452,0.8270241087038971,3.7789203878202042,1.767839999999997,0.46781615344369315,0.46781615344369315,12.24486774706879,4.273952829903979,0.07942222142143113,3.0000000208054414,9.702712705147269,24.9475804730215,15.244867767874231,0.044167050107696504,28.163520390678748,31.29280017150475,0.549449429134615,25.131238925545194,2.9767403501265526,0.011430370447216617,13.845137588736657,500000.0,968782.8341417176,31.292800217067324,0.3357553601909955,19.117712125860557,1.1684813469543973,0.010937139183000618,15.625286712200182,500000.0,968782.8355522733,0.13,1.3913,False
e62,ok,,0.19,1.883652676042609,0.8162715671545396,3.828699162576997,1.7678399999999996,0.46173384873887896,0.46173384873887896,8.37031003435499,1.6947886383111253,0.0796327984550364,3.000000029970243,13.577270534820029,24.94758059914526,11.370310064325233,0.05763880194571954,28.076266508987988,31.29280031257298,0.5566871870828873,22.553219322586617,-1.308679928005346,0.009336286029799374,14.663754313736185,500000.0,956187.2229595338,31.195851365004238,0.2552996807572472,21.370362970099777,-3.2171843835219494,0.025552361983555212,8.085961624908366,500000.0,953224.8372344264,0.056396824529609306,1.4228,False
e635,ok,,0.2,1.7162405352814627,0.8516800535850028,3.6695214974740265,1.7678399999999996,0.4817630857911366,0.4817630857911366,11.557896423615643,3.8068669694924573,0.07895958999694137,3.00000002997,10.389684145520421,24.947580599106065,14.557896453585643,0.0465556347945493,28.163520562707127,31.292800312491092,0.5335429903566004,25.015044247935585,2.7563097862244064,0.01050501449231699,14.062053536834618,500000.0,997665.0149951394,31.292800312615068,0.3113433615829108,18.82167346681031,1.0149539228760966,0.010385639512161728,15.781442957365783,500000.0,997665.014999092,0.11630237615887834,1.3220724080267559,False
e636,ok,,0.2,1.724800365262802,0.8328366207346033,3.75254664335409,1.7678399999999996,0.47110407091965534,0.47110407091965534,11.397875572534225,3.707172894635542,0.07931073065917475,3.00000002997,10.549704996611037,24.947580599115263,14.397875602504225,0.04711202374333634,28.163520562707127,31.29280031249625,0.5456147235889065,24.76100518637908,2.3249715904577015,0.010047224137751125,14.318706642827259,500000.0,975591.6628742536,31.292800312615068,0.31488796622413734,18.62812181039048,0.7742717712562573,0.010173361010916872,16.132655181287465,500000.0,975591.6628779578,0.1188196838488878,1.3746107023411371,False
e637,ok,,0.2,1.738046667761732,0.8093656433599975,3.861367592310705,1.7678399999999994,0.4578274297221455,0.4578274297221455,11.150243948519575,3.550534921614053,0.07977097023858133,3.00000002997,10.797336620639031,24.947580599128607,14.150243978489575,0.04797303340576679,28.163520562707127,31.292800312504,0.5614371283792334,24.687359296552838,1.9048252895224334,0.009731162329228426,14.544015679243401,500000.0,948097.567062541,31.292800312615068,0.31844660501346655,18.465950814429554,0.5217381444868325,0.00977536430562266,16.704310128175685,500000.0,948097.5670659062,0.12095411595959596,1.4434725752508362,False
e638,ok,,0.2,1.7464090030743922,0.7911591935384764,3.950226820498937,1.7678399999999996,0.4475287319771453,0.4475287319771453,10.993915140975755,3.4526759986942257,0.08014678373098642,3.00000002997,10.953665428191833,24.947580599137588,13.993915170945755,0.048516585201089604,28.16352056270717,31.292800312508554,0.5743571285375824,24.43938283316415,1.3283323973502688,0.009505307036892873,14.711576963588584,500000.0,926770.3820972119,31.292800312615114,0.32217572772591985,18.648707841455426,0.06623739069899529,0.010739838301804529,16.082117935346588,500000.0,926770.3821003679,0.1234292839272848,1.4997026755852843,False
e639,ok,,0.2,1.7510180887721365,0.7793559941480321,4.01005225990009,1.7678399999999994,0.440852110003186,0.440852110003186,10.907751067894546,3.39926537761012,0.08039980651179986,3.00000002997,11.039829501276229,24.947580599140775,13.907751097864546,0.048816175771443086,28.163520562707127,31.292800312511325,0.5830556588117367,24.124419904492555,1.4653241430943125,0.009288624028335196,14.846675683026485,500000.0,912944.0173171185,31.292800312615068,0.3250412578757468,18.811885435343964,-0.5195531540589112,0.011879478986411144,15.333774191172692,500000.0,912944.017320145,0.12554984416762235,1.5375602006688964,False
e63,failed,Maximum_Iterations_Exceeded,1.43,,,,,,,,,,,,,,,,,,,,,,,,,,,,,,,,,,
e642,failed,Maximum_Iterations_Exceeded,1.36,,,,,,,,,,,,,,,,,,,,,,,,,,,,,,,,,,
e64,ok,,0.2,1.8093578305195432,0.8329806894594486,3.751897619173012,1.7678399999999999,0.47118556513001664,0.47118556513001664,9.81712483503817,2.653286336965234,0.07930798572258053,3.00000002997,12.130455734177904,24.947580599186075,12.81712486500817,0.052608258985024525,28.163520562707127,31.29280031254136,0.5455203564343026,23.41312038040914,0.6427295564388119,0.0055756825295696704,16.221900523819514,500000.0,975760.4261640898,31.292800312615068,0.28026775971283563,17.417006759958152,-1.779753617174208,0.007079198508538002,19.350402033388374,500000.0,975760.4261663881,0.08442298213129726,1.3742,False
e654,failed,Maximum_Iterations_Exceeded,1.34,,,,,,,,,,,,,,,,,,,,,,,,,,,,,,,,,,
e655,failed,Infeasible_Problem_Detected,0.87,,,,,,,,,,,,,,,,,,,,,,,,,,,,,,,,,,
e656,failed,Infeasible_Problem_Detected,1.11,,,,,,,,,,,,,,,,,,,,,,,,,,,,,,,,,,
e657,failed,Maximum_Iterations_Exceeded,1.28,,,,,,,,,,,,,,,,,,,,,,,,,,,,,,,,,,
e662,failed,Infeasible_Problem_Detected,0.9,,,,,,,,,,,,,,,,,,,,,,,,,,,,,,,,,,
e664,failed,Maximum_Iterations_Exceeded,1.32,,,,,,,,,,,,,,,,,,,,,,,,,,,,,,,,,,
e664ex,failed,airfoil 'e664ex' not found in the aerosandbox UIUC database,0.0,,,,,,,,,,,,,,,,,,,,,,,,,,,,,,,,,,
e668,ok,,0.2,1.6771068604979644,0.8096547747873702,3.8599886802628225,1.7678399999999983,0.4579909803983228,0.4579909803983228,12.28947683307193,4.309921125248242,0.07976511390453009,3.0000000298847844,9.658103735138926,24.94758059809564,15.289476862956715,0.04401194593728294,28.163520561120855,31.29280031105864,0.5612366366362338,24.594300497797626,0.08013015123464791,0.010126867225248812,14.395106350277723,500000.0,948436.2579492216,31.29280031174142,0.34396179366394214,18.75710722627154,-1.8758190846459768,0.009730011959836042,16.72125848303668,500000.0,948436.2579699156,0.1389881211098359,1.4426,False
e66,ok,,0.2,1.7807125591851811,0.8060729391866666,3.8771407817677126,1.7678399999999972,0.4559648719265702,0.4559648719265702,10.352630878823838,3.0199557632828924,0.0798376758005595,3.000000029929975,11.594949690033005,24.947580598786818,13.352630908753813,0.05074631635002074,28.16352056195765,31.292800311979775,0.5637305267732842,23.56488675522719,-0.2206107369922347,0.00652836307808081,15.871793599502361,500000.0,944240.4663143137,31.292800312199812,0.3017240740472533,17.650401629960992,-2.491709660428904,0.007824851327862887,18.706467445799667,500000.0,944240.4663209531,0.10125872043899736,1.4534538461538462,False
e678,ok,,0.2,1.651720284751161,0.7756661235165334,4.02912821747511,1.7678399999999996,0.43876489021434834,0.43876489021434834,12.183518282420584,4.251022557355253,0.08048048533358751,3.00000002997,9.183517034147096,24.36703534653768,15.183518312390584,0.042361818510079675,28.163520562707127,31.292800312447838,0.5721966741067893,23.05184299668229,-1.574010297675126,0.008176325346508527,15.499815690653339,500000.0,908621.6725293297,31.292800312615068,0.3565455770856029,18.398022499013585,-3.3694418111593927,0.008974756929710732,17.70881410201478,500000.0,908621.6725341853,0.1507755373095807,1.4903,False
e67,ok,,0.2,1.729198083251176,0.8250647214042206,3.787894676045485,1.7678399999999996,0.46670780240531995,0.46670780240531995,11.315662891110623,3.655193502867386,0.07946022885731335,3.0000000299700007,10.631917678041988,24.947580599122613,14.315662921080623,0.04739787541258032,28.16352056270727,31.292800312497878,0.5507542751840268,23.641901709361022,0.17873584217552577,0.0068252815745410865,15.669851485331026,500000.0,966487.5961190123,31.29280031261522,0.3160391655813057,17.875622169519303,-1.9916607804865256,0.007331573405063369,18.972796136670066,500000.0,966487.5961226365,0.1162050772675504,1.3969789297658863,False
e682,failed,Maximum_Iterations_Exceeded,1.35,,,,,,,,,,,,,,,,,,,,,,,,,,,,,,,,,,
e68,ok,,0.2,1.6719495677134684,0.8463613103827605,3.6925816755336127,1.7678399999999994,0.4787544746033356,0.4787544746033356,12.38588922065873,4.360852311116383,0.07905710420015008,3.0000000272748437,9.56169131308519,24.94758056101876,15.385889247933573,0.04367672201941132,28.163520512107397,31.292800270591226,0.5368959067063194,23.61155693518257,0.6108020440980237,0.007184576953582538,15.430693549480624,500000.0,991434.5941641201,31.29280028450614,0.33111912117850617,18.22021491801211,-1.3155463921157324,0.007325949843277151,18.573688767180442,500000.0,991434.5946049796,0.1309417725839656,1.3366648829431438,False
e694,failed,Infeasible_Problem_Detected,1.06,,,,,,,,,,,,,,,,,,,,,,,,,,,,,,,,,,
e715,failed,Maximum_Iterations_Exceeded,1.34,,,,,,,,,,,,,,,,,,,,,,,,,,,,,,,,,,
e71,failed,Maximum_Iterations_Exceeded,1.27,,,,,,,,,,,,,,,,,,,,,,,,,,,,,,,,,,
e748,ok,,0.2,1.711851891214808,0.7010005504380207,4.458282184867301,1.7678399999999999,0.39652940901779615,0.39652940901779615,11.639939473556035,3.912350898169085,0.08028665699865767,3.00000002997,10.307641095575402,24.947580599101435,14.639939503526035,0.04627037293021674,28.163520562707127,31.2928003124884,0.6482276259738582,24.80480758104272,-0.01578561423211324,0.012049800532429435,14.28305191884617,500000.0,821157.8065265656,31.292800312615068,0.38039813884944695,18.70858756287063,-2.3893760201304803,0.011915897516375534,16.259641578127127,500000.0,821157.8065298895,0.19717966893454128,1.8212,False
e793,ok,,0.2,1.7330990370854604,0.7419759709235179,4.212074768014485,1.7678399999999996,0.4197076494046509,0.4197076494046509,11.242736915480982,3.6348805712208505,0.08125422076379789,3.00000002997,10.70484365367298,24.94758059912396,14.242736945450982,0.04765143741180915,28.163520562707127,31.292800312501143,0.6124294322513658,24.34478860369172,0.660631921518099,0.009511560894644082,14.93538764828386,500000.0,869156.7508734684,31.292800312615068,0.3496399687531575,18.05503546448429,-1.733643364955683,0.009113692508679803,18.04261111034046,500000.0,869156.7508766326,0.15624559431603113,1.6654,False
e817,failed,Maximum_Iterations_Exceeded,1.32,,,,,,,,,,,,,,,,,,,,,,,,,,,,,,,,,,
e818,ok,,0.2,1.5767772955932595,0.8552651399455066,3.6541396575559304,1.7678399999999994,0.483791033094345,0.483791033094345,10.51442579844987,3.0960419077137087,0.09272294862769165,3.00000002997,7.782503119797601,21.29692894821747,13.51442582841987,0.03749052421481608,28.163520562707127,31.292800312385452,0.45355887715851334,20.529002150159833,0.0593925730414719,0.008148481679170816,16.164278913011493,500000.0,1001864.6146214018,31.292800312615068,0.28781557279896997,17.79301026950062,-1.2674404218753237,0.00850107255803482,17.423520380873015,500000.0,1001864.6146287529,0.09368717052253689,0.9739675585284281,False
e836,failed,Maximum_Iterations_Exceeded,1.39,,,,,,,,,,,,,,,,,,,,,,,,,,,,,,,,,,
e837,failed,Infeasible_Problem_Detected,1.34,,,,,,,,,,,,,,,,,,,,,,,,,,,,,,,,,,
e838,failed,Infeasible_Problem_Detected,0.46,,,,,,,,,,,,,,,,,,,,,,,,,,,,,,,,,,
e850,failed,too few converged polar points,0.01,,,,,,,,,,,,,,,,,,,,,,,,,,,,,,,,,,
e851,failed,Infeasible_Problem_Detected,0.24,,,,,,,,,,,,,,,,,,,,,,,,,,,,,,,,,,
e852,ok,,0.34,1.4101964913201386,0.8557758838558034,3.6519587950040266,1.7678399999998715,0.484079941542145,0.484079941542145,10.826644810535061,3.2995055984306254,0.09720314431742312,3.0000000193371807,7.826644048426844,21.653288878299087,13.826644829872242,0.037644000995137955,23.405519479832478,31.292800136008488,0.4608730269944425,22.179065482179723,0.314688317164306,0.007052586827534868,16.68435674020484,500000.0,1002462.8985857334,26.006132587740993,0.4261000022525543,17.004391658172747,2.0385169730982377e-08,0.0070400000008151685,17.304621808921773,500000.0,833104.8337509716,0.10071713374645808,1.0058,False
e853,ok,,0.2,1.6903524733699684,0.8567571777076136,3.6477759940823518,1.7678399999998813,0.4846350222348579,0.4846350222348579,11.470916230154073,3.719596632440594,0.10623802535907188,3.00000002997,9.905722465300718,24.37663872542479,14.470916260124072,0.044872910770302164,28.163520562707127,31.29280031247471,0.5182431013982277,23.46573062661493,0.43491785854873377,0.007767901073293435,15.328902307943956,500000.0,1003612.3999223844,31.292800312615068,0.3076491639034212,17.984784928114856,-1.4467151579154176,0.007555320279849549,18.38674881374274,500000.0,1003612.3999268857,0.11602263108390248,1.2554846153846153,False
e854,ok,,0.2,1.6846583702009967,0.8498582371560979,3.6773877441702862,1.7678399999999996,0.48073255337366394,0.48073255337366394,12.148305923121237,4.201156617373566,0.07899285893975812,3.00000002997,9.799274645976881,24.947580599068118,15.148305953091237,0.04450279406431897,28.163520562707138,31.29280031247085,0.5346867309744545,24.20756293992244,0.44350974001004184,0.008463260163568609,14.869301919579923,500000.0,995530.9242555953,31.292800312615082,0.3246646767056474,18.407688457586975,-1.4719689598106285,0.008149399732464906,17.75378068018847,500000.0,995530.9242601838,0.13399092140321908,1.3270501672240802,False
e855,failed,Maximum_Iterations_Exceeded,1.27,,,,,,,,,,,,,,,,,,,,,,,,,,,,,,,,,,
e856,ok,,0.2,1.5872347759857943,0.6695580885327376,4.667643209939639,1.767839999999999,0.37874360153223025,0.37874360153223025,10.97800052684723,3.480565063547539,0.07642452369404246,3.00000002997,7.977999399084112,21.95599995590134,13.97800055681723,0.03817026044033085,28.163520562707127,31.292800312395094,0.5972861174645463,21.22581388867218,0.5534523732887403,0.010523015116373326,15.904385947262272,500000.0,784325.848212919,31.292800312615068,0.380254404224356,17.829891957111986,-1.4697065356383547,0.010124693533924258,18.037901326870063,500000.0,784325.8482184324,0.18148669571518633,1.59949364548495,False
e857,failed,Maximum_Iterations_Exceeded,1.35,,,,,,,,,,,,,,,,,,,,,,,,,,,,,,,,,,
e858,failed,Restoration_Failed,0.58,,,,,,,,,,,,,,,,,,,,,,,,,,,,,,,,,,
e862,failed,Infeasible_Problem_Detected,1.36,,,,,,,,,,,,,,,,,,,,,,,,,,,,,,,,,,
e863,failed,Infeasible_Problem_Detected,0.54,,,,,,,,,,,,,,,,,,,,,,,,,,,,,,,,,,
e864,failed,Restoration_Failed,0.81,,,,,,,,,,,,,,,,,,,,,,,,,,,,,,,,,,
e874,failed,Infeasible_Problem_Detected,0.31,,,,,,,,,,,,,,,,,,,,,,,,,,,,,,,,,,
e904,failed,Infeasible_Problem_Detected,0.61,,,,,,,,,,,,,,,,,,,,,,,,,,,,,,,,,,
e908,failed,too few converged polar points,0.01,,,,,,,,,,,,,,,,,,,,,,,,,,,,,,,,,,
ea61009,ok,,0.2,1.69401947766156,0.8567571814590267,3.6477759781106203,1.7678399999999999,0.4846350243568574,0.4846350243568574,10.286729213401475,2.9301385841420444,0.10623806095106492,3.00000002997,9.974274895544392,23.261004138915865,13.286729243371475,0.04511126604925562,28.163520562707127,31.2928003124771,0.4945249018780237,24.628689500736378,4.713494508323968,0.012709502301370149,13.578080547652103,500000.0,1003612.4043168299,31.292800312615068,0.28247355256291384,18.26696258706281,2.79194406624375,0.009980457400136715,15.94383509120921,500000.0,1003612.4043212546,0.09,1.1522588628762542,False
ea61012,ok,,0.2,1.6413507894781394,0.8550726618708829,3.654962209599817,1.7678399999999999,0.48368215555190686,0.48368215555190686,11.8559771276796,3.9921358346436078,0.09107267437123427,3.00000002997,8.989665583524078,23.845642741173677,14.8559771576496,0.041687801317333274,28.163520562707127,31.292800312440075,0.5079529323542307,24.79815345186241,4.946505649616039,0.012255331243320827,13.646344820263334,500000.0,1001639.1442244987,31.292800312615068,0.31645769594213774,18.564539791644787,2.9975642601427657,0.00924328376369878,16.713722993599966,500000.0,1001639.1442301,0.12,1.2107,False
ea81006,ok,,0.2,1.5489091767690197,0.8565546176832126,3.6486386286179338,1.76784000000001,0.4845204417159968,0.4845204417159968,9.045090019875047,2.104371820428545,0.10432558898151217,3.00000002997,7.261525471611701,19.30661552145675,12.045090049845047,0.0356790964912405,28.163520562707127,31.292800312357905,0.4105523549336155,20.882367785585757,3.415815380756294,0.012484753201889251,14.24375841367519,500000.0,1003375.1194410784,31.292800312615068,0.2561370779758976,17.69639738304163,2.0993317467744035,0.010086010702587026,15.574911598210935,500000.0,1003375.1194493241,0.06,0.7867956521739129,False
ebambino7,failed,airfoil 'ebambino7' not found in the aerosandbox UIUC database,0.0,,,,,,,,,,,,,,,,,,,,,,,,,,,,,,,,,,
ec863914,ok,,0.2,1.6915386665253602,0.7902429313538893,3.954806986056335,1.7678399999999994,0.4470104372306824,0.4470104372306824,12.019682939265026,4.136836778802456,0.08016615595753515,3.00000002997,9.927897629842255,24.94758059907728,15.019682969235026,0.04495001332540259,28.16352056270715,31.29280031247543,0.575023077825224,24.608959377557014,-0.9853710784873755,0.01185630339110875,13.880591928226739,500000.0,925697.0650421598,31.29280031261509,0.3461924612108858,19.959821408638636,-2.1614489246136404,0.01514724595650628,13.384415964854576,500000.0,925697.0650462912,0.1426764120493679,1.5026010033444814,False
eh0009,failed,Infeasible_Problem_Detected,0.26,,,,,,,,,,,,,,,,,,,,,,,,,,,,,,,,,,
eh1070,failed,Infeasible_Problem_Detected,0.26,,,,,,,,,,,,,,,,,,,,,,,,,,,,,,,,,,
eh1090,ok,,0.2,1.5921704971197865,0.8559629106031382,3.6511608469084162,1.767839999999985,0.4841857354755778,0.4841857354755778,10.299452907201823,2.9462926821052764,0.09888089296348834,3.00000002997,8.070269724350991,21.369722661522815,13.299452937171823,0.03849108231404035,28.163520562707127,31.29280031239955,0.45473815914820065,20.447079889344824,3.0148913257596575,0.007346879959867828,16.609781180141812,500000.0,1002681.9889054045,31.292800312615068,0.28300642184437724,17.229203794667196,1.8287973772900472,0.006873303962265038,19.34206953944098,500000.0,1002681.9889123101,0.08990077452476758,0.9791,False
eh1590,ok,,0.2,1.62043635004086,0.856637576112348,3.6482852874412353,1.7678400000000003,0.4845673681511607,0.4845673681511607,10.31846817506705,2.9524775362339306,0.10510578939463193,3.00000002997,8.598682771233108,21.917150976270158,13.31846820503705,0.04032836275391013,28.163520562707127,31.29280031242363,0.46601987488356533,21.0230306990823,2.8419415661464726,0.007491584818417242,16.325654225631993,500000.0,1003472.2976289416,31.292800312615068,0.2831878510667819,17.359100890632156,1.5411348156034064,0.007156195091913619,18.9669231947221,500000.0,1003472.2976350805,0.08991997502428195,1.0282,False
eh2010,ok,,0.2,1.6256186198495601,0.8560461585092229,3.6508057825322595,1.7678399999999996,0.4842328256568599,0.4842328256568599,10.863133100545912,3.3212930865958232,0.09963433823078663,3.00000002997,8.695562175050384,22.558695305566296,13.863133130515912,0.04066521029147563,28.163520562707127,31.292800312427804,0.47999228393385496,21.786947899511915,2.908215843963988,0.008146145860989051,15.755119935097648,500000.0,1002779.5061877297,31.292800312615068,0.29497259675624415,17.715169839198975,1.5847093207296028,0.007776885568809871,18.2014375768777,500000.0,1002779.5061937305,0.10076657152768143,1.0890103678929766,False
eh2012,failed,Maximum_Iterations_Exceeded,1.34,,,,,,,,,,,,,,,,,,,,,,,,,,,,,,,,,,
eh2070,ok,,0.2,1.5891920467932987,0.8567571788937953,3.6477759890276515,1.7678399999988277,0.4846350229061247,0.4846350229061247,9.290948724006237,2.2662849501880693,0.10623803683464667,3.00000002997,8.014589394576358,20.305538148552593,12.290948753976236,0.03829748304281863,28.163520562707127,31.29280031239688,0.4316922103024247,19.440963298481833,2.6561202706500113,0.006936430924839214,17.264117179715363,500000.0,1003612.4013099893,31.292800312615068,0.26130343334988615,16.74432753512691,0.9138852263544002,0.006532524014975942,19.866900814074594,500000.0,1003612.4013169869,0.06999105868109257,0.8788,False
eh2510,ok,,0.2,1.629283223344459,0.8561894747253374,3.650194679844506,1.7678399999947079,0.48431389420303894,0.48431389420303894,10.824749824281596,3.294340841696581,0.10094100890841688,3.00000002997,8.76406972385004,22.588819578101635,13.824749854251596,0.04090340951864405,28.163520562707127,31.292800312430717,0.4805528002139526,21.99152761878671,2.6143901608248297,0.008467740795064056,15.580462112986458,500000.0,1002947.3879843422,31.292800312615068,0.29410665890003707,17.764157388364463,1.3219877876501016,0.00787826845760855,18.088436891695544,500000.0,1002947.3879902507,0.09994,1.0914498327759197,False
eh3012,failed,Maximum_Iterations_Exceeded,1.39,,,,,,,,,,,,,,,,,,,,,,,,,,,,,,,,,,
eiffel10,failed,airfoil 'eiffel10' not found in the aerosandbox UIUC database,0.0,,,,,,,,,,,,,,,,,,,,,,,,,,,,,,,,,,
eiffel371,failed,Infeasible_Problem_Detected,0.79,,,,,,,,,,,,,,,,,,,,,,,,,,,,,,,,,,
eiffel385,ok,,0.2,1.7049624476544898,0.8097106522717801,3.8597223055316836,1.7678399999999996,0.45802258817075087,0.45802258817075087,11.76873345947003,3.9627390929838415,0.07976401005407024,3.000000029970001,10.178847109659493,24.947580599099524,14.76873348944003,0.04582255909879522,28.16352056270749,31.2928003124825,0.5611979061186458,24.644964533275115,-2.2132396450751757,0.010030653167088609,14.43046141183277,500000.0,948501.713336888,31.29280031261546,0.33222389150336973,18.67517893893535,-4.34052617526848,0.009976554136836045,16.53650829342801,500000.0,948501.7133409182,0.1361606396404081,1.4424314381270902,False
eiffel428,failed,airfoil 'eiffel428' not found in the aerosandbox UIUC database,0.0,,,,,,,,,,,,,,,,,,,,,,,,,,,,,,,,,,
eiffel430,ok,,0.19,1.7928493653867954,0.7724943372958559,4.045671424000435,1.7678399999999994,0.43697073111585677,0.43697073111585677,10.125740619044496,2.8802359306880985,0.08055044573292196,3.00000002997,11.821839950161062,24.94758059917556,13.125740649014496,0.05153520875139586,28.163520562707152,31.29280031253323,0.5882346325120194,26.597176590247038,1.3422352241278055,0.015058499720055999,12.983019453611854,500000.0,904906.2160829963,31.292800312615093,0.30948953933174944,19.061432922272797,-1.378056909675694,0.013844195129401268,13.929843666822352,500000.0,904906.2160853636,0.0970602869473576,1.5601,False
esa40,ok,,0.19,1.7723857505596807,0.7970911099542706,3.920829409048728,1.7678399999999994,0.45088419198245927,0.45088419198245927,10.508295537551554,3.126876043217901,0.08002244473615105,3.0000000299700016,11.439285031645113,24.94758059916667,13.508295567521555,0.05020507378763286,28.163520562707394,31.292800312521443,0.5700827884569134,25.452805309308154,5.140387162133112,0.011391545622639604,14.00433280837654,500000.0,933719.0777433446,31.29280031261535,0.3086811073231874,18.261501019358157,2.710602816879727,0.010110650424310972,16.501956910305516,500000.0,933719.0777461466,0.10715835339638866,1.4811,False
falcon,failed,Infeasible_Problem_Detected,0.93,,,,,,,,,,,,,,,,,,,,,,,,,,,,,,,,,,
fauvel,ok,,0.2,1.668453441259151,0.8495504241340859,3.678720152232815,1.7678399999999992,0.48055843522835,0.48055843522835,12.451246867191397,4.403232171593934,0.07899840935379054,3.000000017394033,9.496333535456026,24.947580420041454,15.45124688458543,0.04344947422799166,28.163520326613362,31.29280011597791,0.5348804640074625,24.941496020107486,4.198719027660799,0.010537428126479707,14.059806147948597,500000.0,995170.3433027513,31.292800181467733,0.3312774196677324,18.925023112057488,2.841420455810785,0.009668396780273791,16.384121636764107,500000.0,995170.3453854518,0.13978282538444634,1.3278933110367894,False
fg1,ok,,0.41,1.598665430905781,0.840681983260529,3.717527350210232,1.7678399999999992,0.47554189477584474,0.47554189477584474,10.180923788354196,2.8929846064850606,0.07916259159017358,3.000000026972149,11.766656752500472,24.94758056782682,13.180923815326345,0.051343337928618,22.777752067248855,31.292800276899587,0.5405229707856002,26.77266045513307,1.2590532484988253,0.008634255877242704,14.837213673242287,500000.0,984781.7839003976,25.30861318051172,0.43660000013117545,17.349854129429154,1.5425896968723433e-09,0.009199999998928792,15.972115118907467,500000.0,796459.9209853393,0.0817,1.3524505016722408,False
fg2,ok,,0.77,1.6384043938365158,0.8567571736660554,3.6477760112903947,1.7678399999999987,0.4846350199486696,0.4846350199486696,10.189524547966286,2.865335365392842,0.10623808064450561,3.000000025987764,10.912764281627163,24.102288855581214,13.18952457395405,0.04837437272208966,25.1833490537668,31.292800256848636,0.5124104751004139,25.43850737061017,1.7485809840246684,0.009658292913832616,14.592030770102614,500000.0,1003612.393403982,27.981498706237588,0.35070000013839464,17.88616819701517,1.5245025073541558e-09,0.009629999999845205,16.27016035226918,500000.0,897413.4196076451,0.0816,1.2301,False
fg3,ok,,0.94,1.6363323244905472,0.8567571754490495,3.647776003698263,1.767839999999815,0.48463502095729205,0.48463502095729205,11.37274291383916,3.654147654854546,0.10623806805145242,3.000000027343787,10.209578479511265,24.582321420694214,14.372742941182945,0.04592941132233945,26.1843572193365,31.29280027266133,0.5226158824491742,25.672765976875713,1.4557242831380963,0.010813283073696136,14.013061885025449,500000.0,1003612.3959998398,29.093729978529637,0.35350000000023024,18.90021739130816,-0.9999999999966294,0.010989999999998144,15.299074488046783,500000.0,933084.5369512611,0.1014,1.2745157190635452,False
fg4,failed,Maximum_Iterations_Exceeded,1.24,,,,,,,,,,,,,,,,,,,,,,,,,,,,,,,,,,
fx049915,failed,airfoil 'fx049915' not found in the aerosandbox UIUC database,0.0,,,,,,,,,,,,,,,,,,,,,,,,,,,,,,,,,,
fx05188,failed,Maximum_Iterations_Exceeded,1.24,,,,,,,,,,,,,,,,,,,,,,,,,,,,,,,,,,
fx05191,failed,Infeasible_Problem_Detected,0.84,,,,,,,,,,,,,,,,,,,,,,,,,,,,,,,,,,
fx057816,failed,airfoil 'fx057816' not found in the aerosandbox UIUC database,0.0,,,,,,,,,,,,,,,,,,,,,,,,,,,,,,,,,,
fx05h126,ok,,0.19,1.7083491682631815,0.8567571806810786,3.6477759814228197,1.7678399999999914,0.484635023916804,0.484635023916804,11.684758028358543,3.8621578017863016,0.10623805358912702,3.00000002997,10.242159805751209,24.92691786407975,14.684758058328542,0.046042695938361015,28.163520562707127,31.292800312486225,0.5299419383799556,24.859452919099983,1.9413772174013726,0.010640061069698977,13.993959975643445,500000.0,1003612.4034058325,31.292800312615068,0.31219540227319037,19.300558260520685,0.4220878859692681,0.011818994010086422,14.678418391443154,500000.0,1003612.4034099646,0.12607799612465687,1.3064,False
fx082512,failed,airfoil 'fx082512' not found in the aerosandbox UIUC database,0.0,,,,,,,,,,,,,,,,,,,,,,,,,,,,,,,,,,
fx08s176,failed,Infeasible_Problem_Detected,1.07,,,,,,,,,,,,,,,,,,,,,,,,,,,,,,,,,,
fx2,failed,Infeasible_Problem_Detected,0.64,,,,,,,,,,,,,,,,,,,,,,,,,,,,,,,,,,
fx38153,failed,Infeasible_Problem_Detected,1.06,,,,,,,,,,,,,,,,,,,,,,,,,,,,,,,,,,
fx601001,ok,,0.19,1.8029208135692285,0.8238167488099997,3.7936328317121775,1.7678399999999996,0.4660018716682504,0.4660018716682504,9.937460978756217,2.7368436397841815,0.07948449766492989,3.00000002997,12.010119590455467,24.947580599181684,12.937461008726217,0.052189852883254076,28.163520562707127,31.292800312538258,0.5515885945183931,24.389680429204343,0.42153924795987524,0.0077875076506730345,15.257268195182304,500000.0,965025.7107659082,31.292800312615068,0.2860460117979878,17.43917229142776,-1.9957537740243412,0.00723073839573307,19.25072387525857,500000.0,965025.710768277,0.10104827586206896,1.4006100334448162,False
fx60100,ok,,0.19,1.82622080335502,0.7802854704415915,4.005275484408678,1.7678399999999994,0.4413778794696306,0.4413778794696306,9.501881743663754,2.4617042568197283,0.08037960396273792,3.00000002997,12.445698825563321,24.947580599197074,12.501881773633754,0.05370435221933053,28.163520562707127,31.29280031254925,0.5823611227306527,24.035585054708207,0.6473943994725264,0.007073400792574387,15.730621347354592,500000.0,914032.8134881598,31.292800312615068,0.29183631161985035,17.178976364502933,-1.9804956584859374,0.007041445544546019,20.04085401736322,500000.0,914032.8134900822,0.09992819463087249,1.53453745819398,False
fx60100sm,ok,,0.19,1.829412365440155,0.7747902561040058,4.033682975461261,1.7678399999999994,0.4382694452574928,0.4382694452574928,9.442217418290486,2.423783302855,0.08049974257263913,3.00000002997,12.505363150939585,24.947580599200073,12.442217448260486,0.05391180375486427,28.16352056270714,31.292800312550625,0.5864915298518988,24.023630818613725,0.6810107469190462,0.006997508155752179,15.783989379801891,500000.0,907595.6742462483,31.292800312615086,0.29250352020844855,17.189736271726627,-1.9623690284333117,0.0070380791720598785,20.117266743650575,500000.0,907595.674248118,0.09978475167785235,1.552513712374582,False
fx601261,ok,,0.2,1.7825114855941457,0.763755651266329,4.0919609045356715,1.7678399999999996,0.432027588054535,0.432027588054535,10.319001037350226,3.011983771748228,0.08074622387273798,3.00000002997,11.62857953184682,24.947580599167047,13.319001067320226,0.0508632465648737,28.163520562707127,31.292800312528083,0.5949650544168488,23.970384536840214,0.17669777088744668,0.008080699763130725,15.383192482152275,500000.0,894669.6474418441,31.292800312615068,0.3176396269471016,18.01406679023045,-2.2886171204506884,0.009537880043967424,17.396844098450575,500000.0,894669.6474443311,0.12593394276094277,1.589391973244147,False
fx60126,ok,,0.2,1.7901984804809958,0.7537111753155998,4.146493203170785,1.7678399999999996,0.4263458091883881,0.4263458091883881,10.175297311137708,2.919474090938853,0.08097679696568812,3.00000002997,11.772283258066215,24.947580599173925,13.175297341107708,0.051362901232518944,28.16352056270713,31.29280031253197,0.6028939698639525,24.155821131781508,0.8572615666652887,0.008062409574181171,15.432800175879335,500000.0,882903.4657545554,31.29280031261507,0.3183999060148954,17.381994343716443,-1.6890281741366802,0.0075894760122934635,19.609990993455117,500000.0,882903.4657569,0.12590283892617452,1.6239,False
fx60157,failed,Infeasible_Problem_Detected,0.68,,,,,,,,,,,,,,,,,,,,,,,,,,,,,,,,,,
fx60160,failed,Infeasible_Problem_Detected,0.93,,,,,,,,,,,,,,,,,,,,,,,,,,,,,,,,,,
fx60177,failed,Infeasible_Problem_Detected,1.22,,,,,,,,,,,,,,,,,,,,,,,,,,,,,,,,,,
fx61147,ok,,0.19,1.6912282907906013,0.8046851098231415,3.8838276332550588,1.7678399999999996,0.4551798295225482,0.4551798295225482,12.025485226151902,4.13568047330585,0.07986595997971453,3.000000029970001,9.922095342958075,24.947580599079977,15.025485256121904,0.04492983890264299,28.163520562707266,31.292800312474334,0.5647027850641684,24.549019691836143,0.08991593104666673,0.009666571215606847,14.589554888073923,500000.0,942614.7516057978,31.292800312615213,0.3401104703238713,18.36967160607559,-1.9667549594200697,0.008696612693083352,17.68601422471303,500000.0,942614.7516100415,0.14764262247838617,1.4576852842809365,False
fx61168,failed,Maximum_Iterations_Exceeded,1.21,,,,,,,,,,,,,,,,,,,,,,,,,,,,,,,,,,
fx61184,failed,Infeasible_Problem_Detected,1.15,,,,,,,,,,,,,,,,,,,,,,,,,,,,,,,,,,
fx63100,ok,,0.19,1.8502119339797802,0.7330864464626727,4.263151065853365,1.7678399999999996,0.41467918276692056,0.41467918276692056,9.05338204805676,2.1781258063752054,0.08147024287149841,3.00000002997,12.894198521184569,24.947580599211328,12.05338207802676,0.055263775709939934,28.163520562707127,31.29280031255994,0.6198558503016431,23.88202570959466,-0.5298080984323165,0.007125629456725068,15.893240629792226,500000.0,858743.4888558529,31.292800312615068,0.299482323235614,17.44485804873726,-3.2798053071769524,0.008617771042379676,18.649382555492853,500000.0,858743.4888573657,0.0992448275862069,1.6977210702341137,False
fx63110,ok,,0.19,1.8289797206938516,0.7350539873330124,4.251739762598031,1.7678399999999994,0.4157921459707964,0.4157921459707964,9.450305450490278,2.4421219217296004,0.08142194033392824,3.00000002997,12.497275118738644,24.947580599198922,12.450305480460278,0.053883681846354566,28.163520562707127,31.29280031255051,0.6181966637110557,23.936374915087587,-0.5273021550026402,0.00748690063317886,15.739336795280188,500000.0,861048.2824029505,31.292800312615068,0.30851638216250066,17.54165285561081,-3.1833871916925327,0.0087041441861869,18.560933037197103,500000.0,861048.2824047268,0.10993931034482758,1.6905,False
fx63120,ok,,0.19,1.8266792879928673,0.7110314060972462,4.395387093734877,1.7678399999999996,0.4022034834019178,0.4022034834019178,9.493310650298932,2.478217525740035,0.0815196545605851,3.00000002997,12.454269918928524,24.947580599197458,12.493310680268932,0.0537341537207906,28.163520562707127,31.29280031254946,0.6390827728847648,23.899711792299566,-1.4840635797451578,0.008030161445028364,15.627602526742704,500000.0,832908.0332941576,31.292800312615068,0.32004144050267086,17.83739364642265,-4.1111981468805245,0.01022508145797711,17.33054719757572,500000.0,832908.0332959038,0.11992765957446809,1.7814,False
fx63137,ok,,0.2,1.7999395671791782,0.704596961989653,4.435526171976162,1.7678399999999996,0.3985637625518447,0.3985637625518447,9.993193579248295,2.8134284746043847,0.08072997141637252,3.00000002997,11.954386989961453,24.947580599179748,12.993193609218295,0.051996071867900805,28.163520562707127,31.292800312536805,0.6449189354062237,24.011261794702538,-2.318122052545301,0.008999953516868262,15.295343093712397,500000.0,825370.6725794594,31.292800312615068,0.33588654244963584,18.200564139288243,-4.80698564674567,0.011462121973663286,16.41827846851695,500000.0,825370.6725815237,0.13706573481384715,1.8068,False
fx63137sm,ok,,0.2,1.8020325580797933,0.701696974493689,4.453857404551354,1.7678399999999999,0.39692334967739673,0.39692334967739673,9.954066378596046,2.788224145918842,0.08037252607525261,3.00000002997,11.99351419061514,24.947580599181187,12.954066408566046,0.052132116276440786,28.163520562707127,31.29280031253783,0.6475842694700261,23.836875307361257,-2.3948006725390707,0.008572018320268085,15.465243496230741,500000.0,821973.6033908016,31.292800312615068,0.3362590451793698,18.186652097209535,-4.837519822960283,0.011472917902735049,16.44158792146451,500000.0,821973.6033928304,0.13672105100671142,1.8184,False
fx63143,failed,Maximum_Iterations_Exceeded,1.24,,,,,,,,,,,,,,,,,,,,,,,,,,,,,,,,,,
fx63145,ok,,0.19,1.7331350223463966,0.7805036082540342,4.004156076345527,1.7678399999999999,0.4415012717519879,0.4415012717519879,11.242064192766161,3.621751919381198,0.08037486281436441,3.0000000299700007,10.705516376389989,24.94758059912615,14.242064222736161,0.04765377645376976,28.163520562707227,31.29280031250088,0.5821983624564793,25.606400155310286,-0.0014120420163320458,0.01311357810252938,13.522933726261162,500000.0,914288.3419131852,31.29280031261517,0.3323651540264593,19.23534037548384,-2.1707827359781504,0.013203487379469647,14.475367109001693,500000.0,914288.3419165246,0.14465875405580791,1.5338290969899666,False
fx63158,ok,,0.19,1.6938001300790764,0.7804509679923114,4.004426150741589,1.7678399999999994,0.44147149515358386,0.44147149515358386,11.977406244127131,4.111997806631478,0.08037601185039149,3.00000002997,9.9701743249828,24.94758059907993,14.977406274097131,0.04509700845639418,28.163520562707127,31.29280031247696,0.5822376308734656,24.108920253430142,-0.3451249322159386,0.009503175760091652,14.76101406576567,500000.0,914226.6786772377,31.292800312615068,0.3495493084369204,18.900124591293206,-2.1511109017834857,0.010963398091947484,16.067569950795765,500000.0,914226.6786812727,0.15813356388088376,1.534,False
fx6617a2,failed,Infeasible_Problem_Detected,0.76,,,,,,,,,,,,,,,,,,,,,,,,,,,,,,,,,,
fx6617ai,failed,Maximum_Iterations_Exceeded,1.2,,,,,,,,,,,,,,,,,,,,,,,,,,,,,,,,,,
fx66182,failed,Infeasible_Problem_Detected,0.88,,,,,,,,,,,,,,,,,,,,,,,,,,,,,,,,,,
fx66196v,failed,Maximum_Iterations_Exceeded,1.23,,,,,,,,,,,,,,,,,,,,,,,,,,,,,,,,,,
fx66a175,failed,Maximum_Iterations_Exceeded,1.26,,,,,,,,,,,,,,,,,,,,,,,,,,,,,,,,,,
fx66h60,ok,,0.19,1.5057137002716214,0.8559746993793976,3.651110561872782,1.7678399999999994,0.4841924039389299,0.4841924039389299,8.674491454075344,1.8628739327322612,0.09898734163694618,3.00000002997,6.454012129939353,18.128503613984698,11.674491484045344,0.03287139051890961,28.163520562707127,31.29280031230921,0.3857611517374764,17.94537271842393,2.7259946356363343,0.007865078852683883,17.314045443840584,500000.0,1002695.7983719076,31.292800312615068,0.24842454604319983,16.70243336440566,1.2675793565697844,0.007486444191785817,18.450115498950648,500000.0,1002695.7983817079,0.06015037783375315,0.6789,False
fx66h80,ok,,0.19,1.6733204868314895,0.8567571802269521,3.647775983340682,1.767839999996199,0.48463502366096156,0.48463502366096156,9.513380133167786,2.414572543800451,0.10623804960634002,3.0000000299700007,9.587319764827559,22.100699927965344,12.513380163137786,0.04376583164530086,28.163520562707205,31.292800312462607,0.469857036853731,21.500053366934516,3.041901101241047,0.007855749184805418,16.057703765156734,500000.0,1003612.4028752604,31.29280031261515,0.26603228601536566,17.235231320590202,1.0265845680043122,0.007461110038101693,18.573692264316193,500000.0,1003612.4028801528,0.07999819463087249,1.0449,False
fx66s161,ok,,0.19,1.654361067402407,0.8001829278709555,3.905679759896109,1.7678399999999996,0.4526331160461103,0.4526331160461103,12.232886123903599,4.2755255754613,0.07995838113511392,3.00000002997,9.23288487069513,24.46577102456873,15.232886153873599,0.04253346938241066,28.163520562707127,31.292800312449778,0.5569126538861052,24.051533894064143,0.8853030249148789,0.01021273126352491,14.541398278858889,500000.0,937340.8586614279,31.292800312615068,0.34674513407690866,18.802388612036562,-0.9644887919317309,0.010046077392656703,16.563994076366576,500000.0,937340.858666379,0.16112745768125197,1.42378127090301,False
fx66s171,failed,Maximum_Iterations_Exceeded,1.19,,,,,,,,,,,,,,,,,,,,,,,,,,,,,,,,,,
fx66s196,failed,Maximum_Iterations_Exceeded,1.27,,,,,,,,,,,,,,,,,,,,,,,,,,,,,,,,,,
fx67k150,failed,Maximum_Iterations_Exceeded,1.23,,,,,,,,,,,,,,,,,,,,,,,,,,,,,,,,,,
fx67k170,failed,Maximum_Iterations_Exceeded,1.24,,,,,,,,,,,,,,,,,,,,,,,,,,,,,,,,,,
fx68h120,failed,Maximum_Iterations_Exceeded,1.21,,,,,,,,,,,,,,,,,,,,,,,,,,,,,,,,,,
fx69h083,ok,,0.2,1.6032375111686092,0.8563225793769007,3.649627302685488,1.7678399999999994,0.4843891864517722,0.4843891864517722,10.237649304151063,2.901663305515726,0.1021655037129616,3.00000002997,8.277160867164005,21.514810201285066,13.237649334121063,0.03921043822721382,28.163520562707127,31.292800312409245,0.45763326338975896,20.146313684735,2.1127531737340632,0.006374424747196453,17.15931586070053,500000.0,1003103.3078635219,31.292800312615068,0.2815729540547639,16.950200599763356,0.5696595430349459,0.006243086417502887,20.21884094873502,500000.0,1003103.3078701195,0.08398794964028777,0.9917,False
fx69h098,ok,,0.2,1.6978253643789194,0.8567571776027499,3.6477759945163255,1.7678399999968526,0.4846350221763708,0.4846350221763708,11.102391463508425,3.4739134564383463,0.10623802490425632,3.00000002997,10.045423648848372,24.1478151423268,14.102391493478425,0.04535864868588398,28.163520562707127,31.292800312479564,0.5133783518617974,23.628757237914737,2.690732122935228,0.008319706851856476,15.155773064689143,500000.0,1003612.3998014212,31.292800312615068,0.2998143914667965,17.64770645454555,0.691178683392533,0.00694750831960096,19.14175231388749,500000.0,1003612.399805767,0.09885287958115184,1.2343123745819398,False
fx69pr281,failed,Infeasible_Problem_Detected,0.59,,,,,,,,,,,,,,,,,,,,,,,,,,,,,,,,,,
fx71089a,ok,,0.21,1.6368947417498574,0.8567571676757524,3.647776036791094,1.7678399999990437,0.4846350165604443,0.4846350165604443,10.475948612883862,3.0562849870953244,0.1062379302092241,3.00000002997,8.906362462838901,22.382311105692764,13.475948642853862,0.04139815821499494,28.163520562707127,31.29280031243666,0.47584404849058626,22.92333204025234,3.699836653168394,0.010968878926783703,14.453403282484146,500000.0,1003612.3881702347,31.292800312615068,0.2864963286904487,18.07075941071114,2.2243503442829455,0.009250565829016852,16.648230345270115,500000.0,1003612.3881759566,0.08935439366678662,1.0709565217391304,False
fx71120,ok,,0.2,1.6617862073576792,0.8553320522646299,3.6538537955234727,1.7678399999999999,0.48382888285400827,0.48382888285400827,12.056463770719015,4.123462239711316,0.09330147241086226,3.00000002997,9.371693377137424,24.42815717782644,15.056463800689015,0.04301610347950338,28.163520562707127,31.292800312455142,0.5202036788401657,25.2556318325673,4.371023875002559,0.01231361860158091,13.509079556118001,500000.0,1001942.996264227,31.292800312615068,0.32063113899036505,19.00451624975391,3.056348145275673,0.010426836841832394,15.734287064786523,500000.0,1001942.9962693475,0.11986,1.2640173913043478,False
fx711520,failed,Maximum_Iterations_Exceeded,1.25,,,,,,,,,,,,,,,,,,,,,,,,,,,,,,,,,,
fx711525,failed,Maximum_Iterations_Exceeded,1.28,,,,,,,,,,,,,,,,,,,,,,,,,,,,,,,,,,
fx711530,failed,Infeasible_Problem_Detected,0.94,,,,,,,,,,,,,,,,,,,,,,,,,,,,,,,,,,
fx71l150,failed,Infeasible_Problem_Detected,0.95,,,,,,,,,,,,,,,,,,,,,,,,,,,,,,,,,,
fx72150a,ok,,0.2,1.7701282007207562,0.6893821956584607,4.533418886188264,1.7678399999999996,0.3899573466255209,0.3899573466255209,10.122377674691231,2.9041640432611904,0.07885637181755734,3.000000029970219,11.825202894383427,24.947580599044876,13.12237770466145,0.051546901633842755,27.51854622464128,31.292800312533394,0.6591523910483981,22.705692595338512,-2.6563585557823237,0.011434986136112992,14.540754447197935,500000.0,807547.9702440469,30.57616216636555,0.3631556813577123,21.803477597889135,-4.921199663918719,0.030422800255948963,8.920187426055021,500000.0,789054.2696305703,0.15010792717981478,1.8687464882943143,False
fx72150b,ok,,0.63,1.607375021096964,0.6382715241148348,4.896440069035129,1.7678399999999996,0.3610459793391002,0.3610459793391002,9.438275291451504,2.4634700740254654,0.07260749861482202,3.0000000136624942,12.50930513969547,24.947580444809468,12.438275305113997,0.05392550959784846,21.904228714246255,31.29280013396062,0.7119351370429641,31.147783855985733,-3.246041613042156,0.024809245438965274,11.591269488602247,500000.0,747676.5052364859,24.338031793878656,0.5868000005529943,20.66628800267426,-3.999999996653117,0.03418999995904349,9.935354235709735,500000.0,581506.7516515835,0.15010792717981478,2.098466220735786,False
fx72ls160,ok,,0.21,1.745127479860248,0.6978877913988679,4.478167270035824,1.7678399999999996,0.39476863935586254,0.39476863935586254,11.017872443381123,3.498583812495442,0.07990311533871292,3.00000002997,10.929708125784282,24.947580599135406,14.017872473351122,0.048433286192170355,28.163520562707127,31.292800312508028,0.6511188879032047,24.440361315700738,-2.1285757495521582,0.013928975733176857,13.73313681336029,500000.0,817511.4950038716,31.292800312615068,0.36585918619584334,20.56075135480986,-4.696134230212707,0.021575604804002464,11.380793718179708,500000.0,817511.495006668,0.16009795273075694,1.8337832775919733,False
fx73170,failed,Infeasible_Problem_Detected,1.13,,,,,,,,,,,,,,,,,,,,,,,,,,,,,,,,,,
fx73170a,failed,Infeasible_Problem_Detected,1.08,,,,,,,,,,,,,,,,,,,,,,,,,,,,,,,,,,
fx73cl1152,ok,,0.2,1.8065641936290504,0.6773281570360907,4.61409766172392,1.7678399999999996,0.3831388344171932,0.3831388344171932,9.869350189258231,2.7391220407721546,0.07737636853370584,3.00000002997,12.078230379955992,24.94758059918422,12.869350219228231,0.052426672587142495,28.163520562707127,31.292800312540017,0.6708829655115031,24.97648782091832,0.6298423849588219,0.012092395510336447,14.399096006153114,500000.0,793427.7703260249,31.292800312615068,0.34607876322575487,18.44078243015047,-2.2949959886230777,0.013131105210860732,15.511090173514674,500000.0,793427.7703279278,0.15210992083483268,1.9198,False
fx73cl2152,ok,,0.2,1.8394912354986037,0.6291876918179135,4.9671319166625505,1.7678399999999996,0.35590760013231604,0.35590760013231604,9.253799030511663,2.3431992452765016,0.07150672403825283,3.00000002997,12.69378153872304,24.947580599204706,12.253799060481663,0.05456693030866346,28.163520562707127,31.292800312555237,0.7222136232573525,24.815539239108606,-1.6943170639277554,0.011947185884908373,14.713095888737032,500000.0,737035.6336881295,31.292800312615068,0.35473823134521854,18.15160301909484,-4.6383710679485,0.013322482359028717,15.919903883140059,500000.0,737035.6336895386,0.15210272400143937,2.1432,False
fx73cl3152,ok,,0.2,1.8326873236067631,0.639234195138744,4.889066150351467,1.7678399999999994,0.3615905258047924,0.3615905258047924,9.3809940535457,2.4249954606081636,0.07272615833069355,3.00000002997,12.56658651568503,24.94758059920073,12.3809940835157,0.054124676035693826,28.163520562707127,31.29280031255219,0.7108629764684804,24.88450965746813,-1.2478998021546648,0.012650329707630317,14.446703727084234,500000.0,748804.1902534656,31.292800312615068,0.3527873282466998,18.645105770394608,-4.637419871171343,0.015314440804028181,14.507332130963244,500000.0,748804.1902549701,0.15210552716804607,2.0938,False
fx73k170,failed,Infeasible_Problem_Detected,0.81,,,,,,,,,,,,,,,,,,,,,,,,,,,,,,,,,,
fx74080,ok,,0.5,1.5884062988113992,0.8567571611200032,3.6477760647071094,1.7678399999999888,0.4846350128518467,0.4846350128518467,10.009186513257994,2.745109861770526,0.10623810162689615,3.000000020612841,9.917222381904853,22.92640891577569,13.009186533870835,0.044912895489721355,25.275032602757847,31.292800171088366,0.4874114816103611,22.949187462665606,-0.6200846908096775,0.007299189954906516,16.06854147404111,500000.0,1003612.3759569639,28.083369365660484,0.343400000605939,17.95634092597659,-1.9999999932330415,0.010289999980727821,15.807749817395127,500000.0,900680.5686883745,0.08149707616707616,1.1213,False
fx74130wp1,ok,,0.24,1.661967104120611,0.844311909261878,3.701544691383262,1.7678399999999919,0.4775952061622556,0.4775952061622556,12.375076400275656,4.35440688550097,0.07909502665978234,3.00000002997,9.375075132853075,24.750151563098733,15.375076430245656,0.04302786176909387,28.16352056270716,31.292800312455064,0.5339399394802604,25.194518998264588,0.6356534655704891,0.011717571851359992,13.705626618303295,500000.0,989033.910172806,31.292800312615103,0.3316895800680887,19.09809323878113,-1.4853735289181669,0.010430067757897751,15.838381501907346,500000.0,989033.9101778643,0.13009412776412776,1.3238,False
fx74130wp2,failed,Maximum_Iterations_Exceeded,1.35,,,,,,,,,,,,,,,,,,,,,,,,,,,,,,,,,,
fx74130wp2mod,failed,Maximum_Iterations_Exceeded,1.52,,,,,,,,,,,,,,,,,,,,,,,,,,,,,,,,,,
fx74cl6140,ok,,0.21,1.83887812131954,0.650494071919281,4.804437735118681,1.7678399999999996,0.3679598107969506,0.3679598107969506,9.265260829748486,2.344468273426151,0.07409636866832095,3.00000002997,12.682319739485978,24.947580599204464,12.265260859718486,0.05452707788702433,28.163520562707127,31.292800312554967,0.6985581302470905,23.35841246015103,-0.7179333337830829,0.013171869181350188,14.228798678456705,500000.0,761994.1024627413,31.292800312615068,0.34344002453681116,21.06351261105598,-3.6167895628542874,0.028766365627923285,9.170797896062902,500000.0,761994.1024642048,0.14049798824297846,2.0402471571906355,False
fx74modsm,ok,,0.21,1.7401289528126553,0.6213182204028438,5.0300444490001865,1.7678399999999996,0.3514561387924495,0.3514561387924495,8.671672974154415,1.9574602361884657,0.07055358848918987,3.0000000299662712,13.275907595008636,24.94758059912932,11.671673004120686,0.05659096969046132,24.48814310568386,31.292800312568566,0.731361012268981,30.025492156851584,-2.7457204945077427,0.032941615387167646,10.366375521823107,500000.0,727817.2701911526,27.20904762341972,0.4525834393102857,24.501653863475454,-4.829646297111072,0.057251940347021656,6.316209249107924,500000.0,632836.133806298,0.13077678571428572,2.183011036789298,False
fx75141,ok,,0.22,1.6797298437599304,0.8248509980356812,3.788876140105982,1.7678399999999996,0.46658690720635426,0.46658690720635426,12.240441747946472,4.271790104219735,0.07946437974372336,3.000000029970001,9.707138821148774,24.947580599065247,15.240441777916473,0.04418243984564925,28.16352056270732,31.292800312466376,0.5508969786044948,24.395408844685786,0.3077238399448909,0.009339100577943002,14.624855895977477,500000.0,966237.238807473,31.292800312615267,0.33654218671153224,18.613569496738073,-1.607697418274712,0.009039739584984373,17.159835061766042,500000.0,966237.2388120702,0.14133415841584157,1.3976,False
fx75193,failed,Infeasible_Problem_Detected,0.73,,,,,,,,,,,,,,,,,,,,,,,,,,,,,,,,,,
fx75vg166,failed,Infeasible_Problem_Detected,0.96,,,,,,,,,,,,,,,,,,,,,,,,,,,,,,,,,,
fx76100,ok,,0.21,1.6283026085398804,0.8558359251648675,3.6517025912390295,1.7678399999999996,0.48411390463213166,0.48411390463213166,11.068231609674593,3.460003557503606,0.09773940152775765,3.00000002997,8.745737722401081,22.813969362045675,14.068231639644592,0.040839669556346436,28.163520562707127,31.29280031242994,0.48554311646288806,22.504912731590828,3.6485243908074656,0.009060339695678024,15.22384433644385,500000.0,1002533.2371202467,31.292800312615068,0.29941010812076946,17.70745776291807,2.3754429778312263,0.007479099060538943,18.526012196644025,500000.0,1002533.2371261776,0.10064622818791946,1.1131685618729097,False
fx76120,failed,Maximum_Iterations_Exceeded,1.38,,,,,,,,,,,,,,,,,,,,,,,,,,,,,,,,,,
fx76mp120,ok,,0.21,1.7857673674152572,0.730576404672162,4.27779797652023,1.7678399999999996,0.41325934737994513,0.41325934737994513,10.258134293363657,2.98208128261656,0.08153200757197053,3.00000002997,11.689446275835952,24.94758059916961,13.258134323333657,0.051074878883245946,28.163520562707127,31.29280031252975,0.6219854894174353,24.699031381749712,-2.9121803277045344,0.012130329413313367,14.099043171491502,500000.0,855803.2052707953,31.292800312615068,0.3305477712772784,19.658807239045796,-5.540976362714496,0.016876569791687238,12.75750456662547,500000.0,855803.2052731286,0.12111310124560842,1.7069896321070235,False
fx76mp140,ok,,0.21,1.7468379922765966,0.7282867806672966,4.291246729394793,1.7678399999999996,0.41196419396964473,0.41196419396964473,10.985895446963283,3.4679706563260453,0.08158906720647004,3.00000002997,10.961685122203818,24.9475805991371,13.985895476933283,0.04854446949923301,28.163520562707127,31.292800312508994,0.6239409181648249,24.733373238472105,-2.34079230816164,0.011865357855829059,14.19627698093417,500000.0,853121.1208917884,31.292800312615068,0.34978832638695617,19.151719243931304,-4.816082959433057,0.014134183867178665,14.443183887280796,500000.0,853121.1208946803,0.1410714915362504,1.7155,False
fx76mp160,ok,,0.21,1.6910327396411913,0.74401367626953,4.200538733736701,1.7678399999999996,0.4208603019897333,0.4208603019897333,12.029140936767861,4.158498741210316,0.08120543582246106,3.00000002997,9.918439632338691,24.947580599076552,15.029140966737861,0.04491712807793165,28.163520562707127,31.29280031247515,0.6107521099546582,24.493030285476202,-1.6338001799327204,0.01109275270244212,14.37057180976514,500000.0,871543.7356636035,31.292800312615068,0.3679346588221395,19.062523705295273,-3.79599048898713,0.01215214470076946,15.62318877443293,500000.0,871543.7356675003,0.16143941552219737,1.6581,False
fx77080,ok,,0.22,1.6174484123204127,0.8567571737787628,3.647776010805058,1.7678399999986738,0.4846350200127871,0.4846350200127871,10.03551131916743,2.7626600642894523,0.10623798828079443,3.00000002997,8.542825080359096,21.578336429496524,13.03551134913743,0.04013414680208104,28.163520562707127,31.292800312421186,0.45875168317853426,21.41691816055035,3.353095577661002,0.00879262130271855,15.711999591932088,500000.0,1003612.395319065,31.292800312615068,0.2771327063125333,17.14255565500185,1.7870731404054476,0.006846286673875051,19.389624489554425,500000.0,1003612.3953252832,0.08046469798657718,0.9965675585284282,False
fx77w121,ok,,0.21,1.7397358879796831,0.8320550843797337,3.756071351850175,1.7678399999999994,0.47066198546233484,0.47066198546233484,11.118664996210487,3.521318387174122,0.0793256363058267,3.000000029946647,10.828915572734221,24.947580598891356,14.118665026157135,0.04808283272094169,28.16352056227035,31.29280031216499,0.5461272109896194,24.779584724822303,1.213182490952662,0.009879699944043084,14.385450603886396,500000.0,974676.1647541489,31.292800312373355,0.30907153994189857,18.531315295164557,0.21715626338585928,0.010019149431372823,16.254983657485703,500000.0,974676.164760639,0.12099623775310256,1.3768411371237457,False
fx77w153,ok,,0.21,1.7282750596759542,0.7509282618260977,4.16185995983163,1.7678399999999996,0.4247716206365383,0.4247716206365383,11.332918259310468,3.6921243522603753,0.0810418508275744,3.00000002997,10.614662309838588,24.947580599119057,14.332918289280467,0.04733787888019124,28.163520562707127,31.29280031249831,0.6051282735208495,24.887194094014877,2.0899157913888455,0.01127164518738171,14.27529825212275,500000.0,879643.5380183627,31.292800312615068,0.3476591272802319,18.607967941382434,0.619470513070831,0.011089615455072548,16.275442569269575,500000.0,879643.5380216448,0.15245934228187918,1.6336240802675586,False
fx77w258,failed,Maximum_Iterations_Exceeded,1.31,,,,,,,,,,,,,,,,,,,,,,,,,,,,,,,,,,
fx77w270,failed,Infeasible_Problem_Detected,1.39,,,,,,,,,,,,,,,,,,,,,,,,,,,,,,,,,,
fx77w270s,failed,Infeasible_Problem_Detected,1.19,,,,,,,,,,,,,,,,,,,,,,,,,,,,,,,,,,
fx77w343,failed,Restoration_Failed,1.48,,,,,,,,,,,,,,,,,,,,,,,,,,,,,,,,,,
fx78k140,failed,Maximum_Iterations_Exceeded,1.43,,,,,,,,,,,,,,,,,,,,,,,,,,,,,,,,,,
fx78k140a20,failed,Maximum_Iterations_Exceeded,1.48,,,,,,,,,,,,,,,,,,,,,,,,,,,,,,,,,,
fx78k150,failed,Maximum_Iterations_Exceeded,1.35,,,,,,,,,,,,,,,,,,,,,,,,,,,,,,,,,,
fx78k161,failed,Infeasible_Problem_Detected,1.13,,,,,,,,,,,,,,,,,,,,,,,,,,,,,,,,,,
fx78pk188,failed,Infeasible_Problem_Detected,0.96,,,,,,,,,,,,,,,,,,,,,,,,,,,,,,,,,,
fx79k144,failed,Maximum_Iterations_Exceeded,1.26,,,,,,,,,,,,,,,,,,,,,,,,,,,,,,,,,,
fx79l100,ok,,0.21,1.6102322775838422,0.8559008671972373,3.6514255159384685,1.7678399999993932,0.4841506398755154,0.4841506398755154,10.682798176493913,3.202439638903015,0.0983220011935778,3.00000002997,8.407923800234618,22.09072200669853,13.682798206463913,0.03966509804420396,28.163520562707127,31.29280031241518,0.4701147790547525,21.740493478898305,3.9101387303375006,0.008633182856728457,15.649603838308835,500000.0,1002609.3107506146,31.292800312615068,0.29118494423348185,17.312574324502172,2.7366739695132147,0.006681021907932176,19.550924785502232,500000.0,1002609.3107570189,0.10064252315554136,1.0460217391304347,False
fx79l120,ok,,0.21,1.629663912290857,0.8550573712282431,3.655027569800067,1.7678399999999999,0.48367350621563215,0.48367350621563215,11.648094646400033,3.8536837796456194,0.09094245322706362,3.00000002997,8.771186473754673,23.419281150124704,14.648094676370032,0.04092815430015991,28.163520562707127,31.29280031243102,0.4988796230977773,22.981540661557208,4.634335116080073,0.008979462669376019,15.08905674575261,500000.0,1001621.232639742,31.292800312615068,0.31203502380444176,17.993955744318274,2.9096235075983183,0.00760287490005756,18.3286373933703,500000.0,1001621.232645633,0.12065884381986586,1.171211371237458,False
fx79w151a,failed,Infeasible_Problem_Detected,0.49,,,,,,,,,,,,,,,,,,,,,,,,,,,,,,,,,,
fx79w660a,failed,Restoration_Failed,0.37,,,,,,,,,,,,,,,,,,,,,,,,,,,,,,,,,,
fx80080,ok,,0.2,1.6889346889345096,0.8567571814709329,3.6477759780599266,1.7678399999999996,0.48463502436359235,0.48463502436359235,10.053412409793733,2.774594048289077,0.10623806106094126,3.00000002997,9.879217841666875,22.932630281430608,13.053412439763733,0.044780754781997355,28.163520562707127,31.292800312473776,0.48754373077992313,21.57014587310861,1.4922191703862309,0.006316517376553351,16.60395751660002,500000.0,1003612.4043306703,31.292800312615068,0.2775132778984909,17.01841288519374,-0.5760025906087484,0.006363856965862161,20.064771700861264,500000.0,1003612.4043352017,0.08059064725921337,1.121875585284281,False
fx83w108,ok,,0.2,1.7669087130140166,0.8052700651108644,3.8810063865589406,1.7678399999999996,0.4555107165302655,0.4555107165302655,10.61068544615049,3.1922748528176736,0.07985402915308955,3.00000002997,11.336895123033946,24.947580599154435,13.610685476120489,0.0498490663471653,28.163520562707127,31.292800312519958,0.5642925799735209,24.110266500875372,0.13607863434700565,0.007901677406548756,15.284207810058502,500000.0,943299.9730391424,31.292800312615068,0.307861870290612,17.786516595995508,-2.2203664738023936,0.008102522949452412,18.3910514131093,500000.0,943299.9730420094,0.10865855649902023,1.4559,False
fx83w160,failed,Maximum_Iterations_Exceeded,1.27,,,,,,,,,,,,,,,,,,,,,,,,,,,,,,,,,,
fx83w227,failed,Infeasible_Problem_Detected,0.95,,,,,,,,,,,,,,,,,,,,,,,,,,,,,,,,,,
fx84w097,ok,,0.2,1.7078980520598508,0.856757181444508,3.647775978172425,1.7678399999999972,0.4846350243486454,0.4846350243486454,10.67262123412949,3.187399931435161,0.10623806081650798,3.00000002997,10.233726460818527,23.906347724918017,13.67262126409949,0.04601337338514452,28.163520562707127,31.29280031248594,0.5082447942710187,22.65913434639749,2.064345036986269,0.006569994776578175,16.0759415146338,500000.0,1003612.4043001074,31.292800312615068,0.290677549804788,17.264448283243002,0.30884146090259446,0.006232752860402381,20.15097260288034,500000.0,1003612.4043042487,0.09739090790333116,1.2119702341137122,False
fx84w127,ok,,0.19,1.6872923612033586,0.8479452698587306,3.6856839429279127,1.7678399999999999,0.4796504603689987,0.4796504603689987,12.099065052351913,4.169045067896969,0.07902794624531011,3.0000000299700007,9.848515516751611,24.947580599073525,15.099065082321914,0.044674003479472306,28.16352056270722,31.292800312471947,0.535892985985362,23.785769073276985,1.4428419774061285,0.007403271944188671,15.328245332785746,500000.0,993290.0586402168,31.292800312615164,0.3243393899598823,18.098566930196117,-0.5238340567390549,0.0072711415199365175,18.67697240637445,500000.0,993290.0586447627,0.12753586074736506,1.3323,False
fx84w140,failed,Maximum_Iterations_Exceeded,1.25,,,,,,,,,,,,,,,,,,,,,,,,,,,,,,,,,,
fx84w150,failed,Maximum_Iterations_Exceeded,1.23,,,,,,,,,,,,,,,,,,,,,,,,,,,,,,,,,,
fx84w175,failed,Infeasible_Problem_Detected,0.5,,,,,,,,,,,,,,,,,,,,,,,,,,,,,,,,,,
fx84w218,failed,Infeasible_Problem_Detected,1.21,,,,,,,,,,,,,,,,,,,,,,,,,,,,,,,,,,
fxl142k,failed,Maximum_Iterations_Exceeded,1.24,,,,,,,,,,,,,,,,,,,,,,,,,,,,,,,,,,
fxlv152,failed,Maximum_Iterations_Exceeded,1.23,,,,,,,,,,,,,,,,,,,,,,,,,,,,,,,,,,
fxm2,ok,,0.2,1.8979498092943357,0.6913212685509015,4.520703192237877,1.7678399999999996,0.39105420657463436,0.39105420657463436,8.160951304275748,1.595959474582201,0.07909482623322703,3.00000002997,13.786629264989802,24.94758059923555,11.160951334245748,0.058366737605386035,28.163520562707127,31.292800312579505,0.6573035479858741,25.033167086175734,0.973797432590422,0.01414801650403105,13.708294743087082,500000.0,809819.4161692971,31.292800312615068,0.29406189837524893,20.026454183774426,-2.2443416716929883,0.022277342067802512,10.125220265451164,500000.0,809819.4161702174,0.08382222222222221,1.8607,False
fxs02196,failed,Infeasible_Problem_Detected,0.54,,,,,,,,,,,,,,,,,,,,,,,,,,,,,,,,,,
fxs03182,failed,Infeasible_Problem_Detected,1.23,,,,,,,,,,,,,,,,,,,,,,,,,,,,,,,,,,
fxs21158,failed,Maximum_Iterations_Exceeded,1.25,,,,,,,,,,,,,,,,,,,,,,,,,,,,,,,,,,
geminism,failed,Infeasible_Problem_Detected,1.12,,,,,,,,,,,,,,,,,,,,,,,,,,,,,,,,,,
giiia,failed,Infeasible_Problem_Detected,1.23,,,,,,,,,,,,,,,,,,,,,,,,,,,,,,,,,,
giiib,failed,Maximum_Iterations_Exceeded,1.29,,,,,,,,,,,,,,,,,,,,,,,,,,,,,,,,,,
giiic,failed,Maximum_Iterations_Exceeded,1.22,,,,,,,,,,,,,,,,,,,,,,,,,,,,,,,,,,
giiid,ok,,0.2,1.5915862956638875,0.8550723902011911,3.654963370835032,1.7678399999993533,0.4836820018788487,0.4836820018788487,10.925848999884492,3.3720528384117943,0.09107035982552263,3.00000002997,8.059348431009285,21.985197460863777,13.925849029854492,0.0384531092194069,28.163520562707127,31.29280031239901,0.4683224179750174,20.949566576922575,3.4749062900597845,0.00730541849396717,16.415779701402943,500000.0,1001638.8259874405,31.292800312615068,0.29664447187854603,17.4554507353046,2.220449594519892,0.006754921377085921,19.426408320369106,500000.0,1001638.8259943563,0.0971012251912958,1.0382210702341137,False
giiie,ok,,0.2,1.5718268747067183,0.8553052936552228,3.653968107976887,1.7678399999999972,0.4838137465241335,0.4838137465241335,10.393611724336143,3.0151364456137846,0.0930698169632933,3.00000002997,7.6899579915359455,21.083569745842087,13.393611754306143,0.03716874685719092,28.163520562707127,31.29280031238074,0.4489939047006402,19.783993439434475,2.9813737632658883,0.006522663815187175,17.24534974378575,500000.0,1001911.6510068494,31.292800312615068,0.2852292145975989,17.059748587093438,1.7774374300258287,0.0063821890883146715,20.006493136692917,500000.0,1001911.651014352,0.08775098007429986,0.9541,False
giiif,failed,Infeasible_Problem_Detected,0.25,,,,,,,,,,,,,,,,,,,,,,,,,,,,,,,,,,
giiig,ok,,0.2,1.5902412771103807,0.8561405227141642,3.650403389023829,1.7678399999989867,0.4842862039068326,0.4842862039068326,10.131513923373968,2.832650631250587,0.10049332688896721,3.00000002997,8.03420412158561,21.16571807492958,13.131513953343967,0.03836568301342897,28.163520562707127,31.292800312397823,0.4503035947143022,19.811376945701795,2.7238712318932143,0.006258887628691285,17.382854180174295,500000.0,1002890.0451926204,31.292800312615068,0.27937478502791896,16.856667053473107,1.5167681196981746,0.0060327490374249984,20.550079637561417,500000.0,1002890.0451995827,0.08286101078872055,0.9598,False
giiih,ok,,0.2,1.640128702793245,0.8567571768506266,3.647775997720837,1.7678399999973928,0.484635021750775,0.484635021750775,10.190192579721716,2.865780874560362,0.10623801769038488,3.00000002997,8.966819411129345,22.15701202082106,13.190192609691715,0.041608365682815146,28.163520562707127,31.29280031243914,0.47105422401224817,20.885184038081317,2.8386739429214165,0.0063008417773177975,16.935352218601658,500000.0,1003612.3989187744,31.292800312615068,0.2804212020288567,17.03677687231895,1.484677391963691,0.0059827100959243505,20.60855218109562,500000.0,1003612.3989244169,0.08321936350016676,1.0501103678929766,False
giiii,ok,,0.2,1.7007579914405766,0.8567571814698045,3.6477759780647223,1.7678399999999974,0.48463502436295464,0.48463502436295464,10.277527099723871,2.9240038415873983,0.10623806105054434,3.00000002997,10.100247340365707,23.377774470059578,13.27752712969387,0.0455492694448917,28.163520562707127,31.292800312481436,0.49700741880023247,22.28854763366861,3.016417881529279,0.00666588715233051,16.233653435914466,500000.0,1003612.4043295954,31.292800312615068,0.28227791722323103,17.06823804962811,1.3990776156727573,0.005922034000647809,20.683257713071477,500000.0,1003612.4043338812,0.0845133108995201,1.163063210702341,False
giiij,ok,,0.2,1.7305343161431284,0.8567571814128252,3.647775978305811,1.7678399999996315,0.48463502433082395,0.48463502433082395,10.317025288517538,2.950335968105498,0.10623806052544245,3.0000000299700007,10.656897744829692,23.97392306331723,13.317025318487538,0.04748473055055737,28.16352056270721,31.292800312498827,0.5096814342292246,23.07997094463744,3.1173956006298895,0.006969658962991119,15.84993148489602,500000.0,1003612.4042636149,31.292800312615153,0.2831176418650886,17.111907759427844,1.3545476722247842,0.005892731214203759,20.71938744545876,500000.0,1003612.4042673457,0.084860013329,1.2182227424749164,False
giiik,ok,,0.2,1.773508734353037,0.8567571815341266,3.647775977790542,1.7678399999999201,0.4846350243993604,0.4846350243993604,10.331242850804164,2.959814341719066,0.1062380616162986,3.0000000299700016,11.46027853534407,24.791521416118236,13.331242880774166,0.05027806773420118,28.16352056270732,31.292800312521678,0.5270634329191178,24.228055392172546,3.2858067547863383,0.0074344712963976736,15.335545959127481,500000.0,1003612.4044062773,31.292800312615263,0.28341990472633827,17.202807504702328,1.3190385162308735,0.005920931243259489,20.673722186659738,500000.0,1003612.4044092786,0.08533823625521893,1.2938722408026755,False
giiil,ok,,0.19,1.7864410023577009,0.8533182952186382,3.6624765730579183,1.7678399999999952,0.4826897769134314,0.4826897769134314,10.245541093861194,2.930741416546222,0.0795359024838792,3.0000000299700007,11.702039474188092,24.947580598019286,13.245541123831195,0.051118665154504646,28.163520562707184,31.292800312529657,0.5325186687570872,24.446129639618263,3.3321442782349986,0.007582930612317472,15.229055809384429,500000.0,999584.0647112366,31.29280031261512,0.2827327443027198,17.144336309058083,1.2986905286843502,0.005958216932863213,20.671160682724356,500000.0,999584.0647139666,0.08545399104394796,1.3176143812709031,False
giiim,ok,,0.2,1.8072920518468332,0.8239695393297707,3.792929369867399,1.7678399999999994,0.4660882994670168,0.4660882994670168,9.855743319526841,2.682309976144,0.07948152249339446,3.00000002997,12.091837249687845,24.947580599184686,12.85574334949684,0.052473983371298376,28.163520562707127,31.29280031254037,0.5514863122081375,24.2791699805207,3.539124084860211,0.008062457750842442,15.141486630347746,500000.0,965204.6908366669,31.292800312615068,0.2841865351346397,18.030068298643435,1.2357990589707835,0.009318789001048247,16.866102959505145,500000.0,965204.690838971,0.08507209350491757,1.4001648829431437,False
giiin,ok,,0.19,1.8199944471791238,0.8080668272113901,3.867574017838542,1.7678399999999996,0.4570927387158285,0.4570927387158285,9.618279711450286,2.5296847989054716,0.07979721925200693,3.00000002997,12.329300857772807,24.947580599193095,12.618279741420286,0.053299639067897274,28.163520562707127,31.292800312546373,0.5623395334578172,24.999526783887067,3.8146166938930293,0.009860067935604861,14.501534768122001,500000.0,946576.1231519659,31.292800312615068,0.28442668075913,18.16196044678707,1.2606675327898478,0.01022338303059348,16.141069414425704,500000.0,946576.1231540438,0.08424492777743181,1.4474,False
glennmartin2,failed,Maximum_Iterations_Exceeded,1.21,,,,,,,,,,,,,,,,,,,,,,,,,,,,,,,,,,
glennmartin3,ok,,0.2,1.6859224246879259,0.7591212777871821,4.116941992075418,1.7678399999999994,0.4294060988478495,0.4294060988478495,12.124675188019815,4.217292345007494,0.0808518643756647,3.00000002997,9.82290538108074,24.947580599070555,15.124675217989815,0.04458495760596939,28.16352056270713,31.292800312471762,0.5985972675424255,25.18205799553562,1.0420522231850375,0.012052925514610124,13.974386935946887,500000.0,889240.9042553945,31.29280031261507,0.36290449977380324,18.643316157177956,-0.7123414539948527,0.010249161126821456,16.829809086180408,500000.0,889240.9042594669,0.13770000000000002,1.6052,False
glennmartin4,failed,Maximum_Iterations_Exceeded,1.28,,,,,,,,,,,,,,,,,,,,,,,,,,,,,,,,,,
gm15sm,ok,,0.21,1.5212853850847798,0.824276324191391,3.791517691189121,1.7678399999999994,0.46626183602101506,0.46626183602101506,8.47608819673952,1.7624282487317942,0.0794754520558239,3.000000013031396,13.471492262109738,24.947580471880656,11.476088209770916,0.05587366007591804,18.635537233220212,30.52928856010125,0.5792000046692036,27.575067867455505,4.515762693208631e-08,0.00683000000046239,15.192800653380022,500000.0,942005.3031863001,20.706152391412434,0.5792000063745703,14.903154662589904,6.165088451604202e-08,0.006830000000631298,15.192800624608093,500000.0,638904.6807591089,0.06731345812807882,1.3992715719063544,False
goe05k,failed,too few converged polar points,0.01,,,,,,,,,,,,,,,,,,,,,,,,,,,,,,,,,,
goe06k,failed,too few converged polar points,0.01,,,,,,,,,,,,,,,,,,,,,,,,,,,,,,,,,,
goe07k,failed,Maximum_Iterations_Exceeded,1.22,,,,,,,,,,,,,,,,,,,,,,,,,,,,,,,,,,
goe08k,failed,Infeasible_Problem_Detected,0.57,,,,,,,,,,,,,,,,,,,,,,,,,,,,,,,,,,
goe09k,failed,too few converged polar points,0.01,,,,,,,,,,,,,,,,,,,,,,,,,,,,,,,,,,
goe100,failed,too few converged polar points,0.01,,,,,,,,,,,,,,,,,,,,,,,,,,,,,,,,,,
goe101,failed,Infeasible_Problem_Detected,0.33,,,,,,,,,,,,,,,,,,,,,,,,,,,,,,,,,,
goe10k,ok,,0.2,1.4447836367115434,0.8553715103939457,3.6536852439186136,1.7678399999985113,0.4838512028207677,0.4838512028207677,7.971822217363604,1.4000099364675138,0.09364380374454258,3.00000002997,5.314961395386931,16.286783642720536,10.971822247333604,0.028910936387504537,28.16352056270713,31.292800312224117,0.3468151065809352,15.896184642773575,1.3835923713290612,0.006180346034250554,19.458251017283693,500000.0,1001989.2178346724,31.29280031261507,0.23363690372950247,15.807483892582043,0.6582652060676222,0.005860779479589678,20.963876501790786,500000.0,1001989.2178471907,0.0385,0.5094,False
goe113,ok,,0.2,1.5689017668968863,0.8567518167247226,3.6477988194182442,1.7678399999951577,0.48463198973157595,0.48463198973157595,9.26593009000273,2.249658936178767,0.10618708717667075,3.00000002997,7.6352748678896125,19.901204987862343,12.26593011997273,0.03697861484955184,28.163520562707127,31.29280031237794,0.4230988056485578,19.637184007874914,0.9131188729211009,0.008627458677773495,16.28312266264753,500000.0,1003606.12002254,31.292800312615068,0.2607731736341946,17.5405975314691,-0.5964387165294031,0.009034537317101125,16.68645746715151,500000.0,1003606.120030145,0.06649999999999999,0.8414,False
goe114,failed,too few converged polar points,0.01,,,,,,,,,,,,,,,,,,,,,,,,,,,,,,,,,,
goe115,ok,,0.2,1.6239977034939395,0.8564731653696342,3.648985621459852,1.7678400000000005,0.484474367233253,0.484474367233253,10.511305228287378,3.0826428412607703,0.10356362813807028,3.00000002997,8.665260122867268,22.176565381124647,13.511305258257378,0.04055985072836028,28.163520562707127,31.292800312426508,0.4716262672248326,21.685330551985743,0.7350886618657301,0.008683222944112043,15.594888055674854,500000.0,1003279.7055336756,31.292800312615068,0.2873432542279108,17.822959222270736,-0.9528711176608377,0.008405170207225112,17.512507530100407,500000.0,1003279.7055397211,0.09695842576803088,1.0526,False
goe116,failed,too few converged polar points,0.01,,,,,,,,,,,,,,,,,,,,,,,,,,,,,,,,,,
goe117,failed,too few converged polar points,0.01,,,,,,,,,,,,,,,,,,,,,,,,,,,,,,,,,,
goe118,failed,Maximum_Iterations_Exceeded,1.26,,,,,,,,,,,,,,,,,,,,,,,,,,,,,,,,,,
goe11k,failed,Maximum_Iterations_Exceeded,1.28,,,,,,,,,,,,,,,,,,,,,,,,,,,,,,,,,,
goe121,ok,,0.2,1.8701490063583943,0.8057702190281755,3.878597386447609,1.7678399999999996,0.4557936346208795,0.4557936346208795,8.680670522577266,1.9054221607809219,0.07984384070062309,3.00000002997,13.26691004667469,24.947580599221958,11.680670552547266,0.056559685414549844,28.163520562707127,31.292800312568367,0.5639423149253785,24.66313408286027,0.5366686446085966,0.008552876543762623,15.017172317967413,500000.0,943885.8574502633,31.292800312615068,0.2640426138745487,18.011001176538933,-2.2323610121278192,0.010065670230150623,16.077522316664673,500000.0,943885.8574516721,0.06643645254460954,1.454375585284281,False
goe122,ok,,0.2,1.846082973292174,0.8206331446272369,3.808350035654006,1.7678399999999992,0.4642010275970887,0.4642010275970887,9.130570474090185,2.2000646017607868,0.07954674155580124,3.0000000299698986,12.81701009515023,24.947580599210312,12.130570504060083,0.054995393265232555,28.163520562712748,31.292800312558047,0.5537284541720211,24.8056750529839,1.5802681165219201,0.009051446121570016,14.7556676988277,500000.0,961296.4106597806,31.29280031262237,0.26924623118054514,18.417073186346595,-0.996855916911185,0.010776233000743997,15.377911232690437,500000.0,961296.4106617564,0.07301137141142343,1.4099230769230768,False
goe123,failed,Maximum_Iterations_Exceeded,1.31,,,,,,,,,,,,,,,,,,,,,,,,,,,,,,,,,,
goe124,ok,,0.2,1.861508609610274,0.7566684224709672,4.130287683202364,1.7678399999999996,0.4280186116792059,0.4280186116792059,8.84219752070358,2.029776929181149,0.08090831846499871,3.00000002997,13.105383048543997,24.947580599217574,11.84219755067358,0.05599805962592199,28.163520562707138,31.29280031256476,0.6005377112643258,24.598738212857523,0.2406517232736522,0.013204719461425188,13.621683128780399,500000.0,886367.6093798286,31.29280031261508,0.285065166344093,20.626687377962387,-2.397115027272708,0.022838016203901614,9.567063689521133,500000.0,886367.6093812538,0.07918304350555166,1.613645150501672,False
goe12k,ok,,0.2,1.687214682761132,0.8427779565724125,3.7082819279119015,1.7678399999999996,0.47672750733800157,0.47672750733800157,12.100517203921266,4.171937159780591,0.07912351955820753,3.000000029970006,9.84706336519502,24.947580599086294,15.10051723389127,0.044668954380725615,28.16352056270808,31.292800312469105,0.5391786995296831,24.836358668830368,0.7579827914922459,0.011076268825266123,13.895246014581799,500000.0,987237.0253847683,31.29280031261606,0.32635939232600336,19.55462465406701,0.041302070289963994,0.012510741312006886,14.396610058414574,500000.0,987237.0253894045,0.111,1.3466,False
goe133,ok,,0.19,1.8486432239042987,0.7792825574056844,4.010430152580753,1.7678399999999994,0.44081056962490084,0.44081056962490084,9.082708135366072,2.1825949503751025,0.0804014045516607,3.00000002997,12.864872433874407,24.94758059921048,12.082708165336072,0.05516180955503363,28.16352056270713,31.292800312559237,0.5831106038476038,23.803017683162693,1.1927388853811967,0.007010203719428469,15.761363124232327,500000.0,912857.9929149303,31.29280031261507,0.2824143698568228,17.938775754745876,-1.655480249372921,0.009884375763941808,16.692952737510044,500000.0,912857.9929165591,0.079,1.537799331103679,False
goe134,ok,,0.2,1.7849126430572206,0.8084412341553483,3.8657828591155607,1.767839999999993,0.4573045265156075,0.4573045265156075,10.274112847372821,2.966774549828612,0.0797896102495965,3.00000002991145,11.67346772140561,24.947580598689882,13.27411287728427,0.05101932180248534,28.16352056161881,31.292800311715933,0.5620791016492427,24.616607134708076,1.4012365500402524,0.010072702519339173,14.420724707160211,500000.0,947014.7064983594,31.292800312016553,0.2990711428538276,19.06703719885281,-0.9259414893606616,0.012901961392459187,14.18401319479993,500000.0,947014.7065074571,0.0945,1.4462665551839464,False
goe137,ok,,0.2,1.8030244132073279,0.8314398187676784,3.758850845310845,1.7678399999999954,0.47031395305439433,0.47031395305439433,9.935524245896572,2.7327827264353215,0.07933739156069348,3.000000029961777,12.0120563232779,24.94758059913625,12.935524275858349,0.052196586860080996,28.163520562555274,31.29280031242025,0.5465313452180484,24.511999087919836,0.8980900154811513,0.008844756057222382,14.791226758120963,500000.0,973955.4375670805,31.292800312532112,0.2833809657587607,18.388837801886144,-1.4620757828135984,0.01044394758427948,15.743403494895304,500000.0,973955.4375705621,0.08588649796759312,1.3786,False
goe13k,failed,Infeasible_Problem_Detected,0.91,,,,,,,,,,,,,,,,,,,,,,,,,,,,,,,,,,
goe140,ok,,0.35,1.5452514525395245,0.813127005610406,3.843505681199088,1.7678399999999994,0.45995508960675524,0.45995508960675524,9.741219652359014,2.6098496055553047,0.07969531389875906,3.0000000167374,12.206360810616852,24.947580479713267,12.741219669096413,0.052872178971250954,20.61100260236369,31.29280017381065,0.5588400352392537,28.920367558071355,0.22834519076307158,0.012613496255690426,13.514415731944768,500000.0,952503.6534968807,22.901113874857955,0.5329000041304666,17.289307302142007,3.635998230165562e-08,0.01301999993534889,13.611077736918864,500000.0,697073.9120114351,0.0877516267612367,1.4321695652173911,False
goe142,ok,,0.2,1.8702575663286063,0.8146502947359509,3.836318830048245,1.7678399999999663,0.46081675645757897,0.46081675645757897,8.678640781915986,1.9009212066084604,0.07966488383833084,3.000000019734093,13.268939711352111,24.947580513002187,11.67864080165008,0.05656674225613508,28.163520370535963,31.29280018982684,0.5577950778892363,23.763397331782727,1.492899496996801,0.006276796396676251,15.954795988243426,500000.0,954288.0473794662,31.292800205861617,0.2611190430040182,17.794670219720416,-1.3088158532472396,0.00907545977319204,16.998392076051726,500000.0,954288.0478684541,0.06162531999999999,1.4276217391304347,False
goe143,ok,,0.19,1.8446188046188787,0.8155822116546608,3.8319352984163655,1.767839999999995,0.46134390649304413,0.46134390649304413,9.157942223042339,2.2201231208758645,0.07964648878877238,3.0000000299700034,12.789638346212621,24.947580599224963,12.157942253012342,0.0549002223014785,28.163520562708353,31.292800312553,0.5571577164429015,24.461331930768722,1.4505191343274846,0.008391683650360785,15.040805429700663,500000.0,955379.706260337,31.292800312616396,0.27152498076356574,18.235578006746135,-1.1771843259337638,0.010444836898232054,15.741000464223195,500000.0,955379.7062622727,0.07442492565093833,1.4248478260869566,False
goe144,ok,,0.19,1.819897014845191,0.8567571815551549,3.647775977701245,1.7678399999999768,0.4846350244112398,0.4846350244112398,9.515138249830263,2.41574460754851,0.10623806179549349,3.0000000299700007,12.327479419142515,24.84261769894278,12.515138279800265,0.05329330596619123,28.163520562707305,31.29280031254538,0.5281497309902268,24.8266920994288,0.3214560072381495,0.008736663407023445,14.760176445687641,500000.0,1003612.4044316381,31.292800312615256,0.26606966286140216,17.745689892536898,-2.2476152994475833,0.008252796879841613,17.60105922682343,500000.0,1003612.4044338791,0.07304989841118034,1.2986,False
goe147,ok,,0.2,1.8571899228316102,0.8242079665746899,3.79183214958255,1.7678399999999912,0.4662231687113619,0.4662231687113619,8.922932625743908,2.060349852506771,0.07947684974964367,3.0000000250135193,13.024647905462418,24.947580556219844,11.922932650757428,0.05571734520008147,28.163520469649406,31.292800252232425,0.5513267791779095,25.302797962685876,1.848159340245871,0.009821724280454393,14.442745643212483,500000.0,965483.9846103835,31.292800260918312,0.26348976159088267,17.941156038547255,-0.7095088776332227,0.009623205072167284,16.366947675496565,500000.0,965483.9848783712,0.07547662632611567,1.3994705685618727,False
goe14,ok,,0.2,1.797834301191937,0.690283683384146,4.527498390630187,1.7678399999999996,0.3904672840212611,0.3904672840212611,9.047270568764509,2.1871531141149596,0.0789671354564919,3.0000000299684997,12.900310000367558,24.94758059910057,12.047270598733007,0.055285025187455816,26.67917494621729,31.292800312560075,0.6582915597641691,27.085985204372648,0.33351283138082577,0.022329436012332046,11.7172181148455,500000.0,808603.9803762161,29.643527421895193,0.35424816813341375,22.489451317368495,-2.3110763212678633,0.03639449121831183,7.668104921453352,500000.0,765986.8732206468,0.09891046441797617,1.865,False
goe14k,failed,Infeasible_Problem_Detected,1.23,,,,,,,,,,,,,,,,,,,,,,,,,,,,,,,,,,
goe155,ok,,0.35,1.590228958367148,0.8105742965472894,3.85560987920824,1.7678399999999996,0.45851111896285274,0.45851111896285274,9.056515740849306,2.1542877019685487,0.07974658668709024,3.0000000267231064,12.891064803460608,24.947580571033022,12.056515767572414,0.05525287977321264,20.846205728146842,31.292800279461495,0.5605999659751297,27.94296701729558,0.5844408188370059,0.009765881035170974,14.525464065632129,500000.0,949513.3923378309,23.162450602727837,0.49450000008371064,16.370600675449847,7.401291044713861e-10,0.010529999999038813,15.002614303609226,500000.0,702815.2434503702,0.07019485200214853,1.4398290969899665,False
goe15,failed,too few converged polar points,0.01,,,,,,,,,,,,,,,,,,,,,,,,,,,,,,,,,,
goe15k,failed,Infeasible_Problem_Detected,1.23,,,,,,,,,,,,,,,,,,,,,,,,,,,,,,,,,,
goe164,ok,,0.2,1.8555205457234734,0.7601255018637326,4.111502979359666,1.7678399999999994,0.4299741502985185,0.4299741502985185,8.954140758082527,2.1032730497341143,0.08082886600129771,3.00000002997,12.99343981116198,24.947580599214508,11.954140788052527,0.05560883547327998,28.163520562707127,31.292800312562218,0.5978064431499364,24.62762651788555,-1.4469246213999685,0.009054999295371373,15.021499833804095,500000.0,890417.2605952718,31.292800312615068,0.28645111925683275,17.9233125833441,-4.151742834525737,0.01025578366168768,16.54427628307304,500000.0,890417.2605967758,0.08860569607377448,1.6017581939799332,False
goe165,ok,,0.2,1.771229901965652,0.8274759236900453,3.776857037318047,1.7678399999999996,0.4680717280353683,0.4680717280353683,10.529903428839212,3.130479443943733,0.0794135473126324,3.00000002997,11.41767714034872,24.94758059915793,13.529903458809212,0.05012994362902161,28.163520562707127,31.292800312522246,0.5491494188622018,24.372451439686873,-1.5995365075586385,0.008932530399259602,14.773159598823446,500000.0,969312.098295811,31.292800312615068,0.29782201091970734,18.606397216643916,-3.8441166581108592,0.010735241759745254,15.6409122400416,500000.0,969312.0982986863,0.12115619654737259,1.3899943143812707,False
goe167,ok,,0.36,1.603890637906503,0.8207166329463242,3.80796262697943,1.7678399999999994,0.4642482537708868,0.4642482537708868,10.432862844656366,3.0682283843526776,0.0795449290502528,3.0000000098908517,11.514717522809677,24.947580377356896,13.432862854547217,0.050467350415797495,23.30446448176048,31.29280006440954,0.5536721293787662,27.414404521997852,1.0203894845509367,0.011080199037292775,13.998463815692363,500000.0,961394.2019392246,25.89384933880757,0.43540000532890183,18.15817153885112,4.5945738648976695e-08,0.01171999997185394,14.846255388109135,500000.0,795524.7395240451,0.10088066703490667,1.4096779264214045,False
goe16k,failed,Infeasible_Problem_Detected,0.68,,,,,,,,,,,,,,,,,,,,,,,,,,,,,,,,,,
goe173,failed,Maximum_Iterations_Exceeded,1.38,,,,,,,,,,,,,,,,,,,,,,,,,,,,,,,,,,
goe174,ok,,0.25,1.5255958483354979,0.7820098971536503,3.996443365966689,1.7678399999999996,0.44235332222013896,0.44235332222013896,9.324695919254356,2.342994810498694,0.08034218573769755,3.0000000265113913,12.622884624636438,24.947580570402184,12.324695945765747,0.05386246531174552,19.628355439733937,31.028980795175602,0.59100000019163,28.195140718496475,1.7340069778252397e-09,0.010289999999251013,14.344414579167358,500000.0,908329.8749156784,21.809283629195114,0.5910000004366929,16.206170269355763,3.951547059989817e-09,0.010289999998293236,14.344414576523864,500000.0,638436.1768655779,0.08583047457649,1.5289484949832775,False
goe176,ok,,0.2,1.8158369233915366,0.7822596309501044,3.9951675146577266,1.7678399999999996,0.44249458715161133,0.44249458715161133,9.696002107379769,2.5904475066895007,0.0803368530926863,3.00000002997,12.251578461840934,24.9475805991907,12.696002137349769,0.05302940002170408,28.16352056270713,31.292800312544404,0.5808914389010396,24.77438856251287,-0.5586850913329805,0.009465917250526217,14.766750024231719,500000.0,916345.3613339389,31.29280031261507,0.29561980651789793,18.017506651193923,-3.1625637673980105,0.009811785230632943,16.846162331982704,500000.0,916345.3613360082,0.1032631235641689,1.5281411371237459,False
goe177,ok,,0.19,1.765265920613997,0.8567571777765842,3.647775993678345,1.7678399999731407,0.4846350222812026,0.4846350222812026,9.515104200358675,2.4157219306675106,0.10623803820804698,3.000000029157299,11.306184127612989,23.821288357128964,12.515104229515973,0.04974228487616396,28.16352054754218,31.29280030088347,0.5064364494491955,23.71740512041912,0.1050767523777652,0.009147948056595908,14.888494210132142,500000.0,1003612.3996466075,31.292800304242355,0.2660689402712059,17.884781966279675,-2.0769468074155784,0.009220653753986984,16.541942219472325,500000.0,1003612.3997543324,0.077,1.2041,False
goe178,ok,,0.2,1.620790647178989,0.8219712198959371,3.802150476747418,1.7678399999999983,0.46495792599779273,0.46495792599779273,9.510454205020828,2.4528380072313096,0.07952028379912893,3.0000000211347433,12.437126287884684,24.947580514040254,12.510454226155572,0.053674545494929476,22.39079893947927,31.292800213218577,0.5528270490881603,28.048580854668238,1.0089716182744743,0.00986003124578294,14.438377549591188,500000.0,962863.8399709745,24.878665313042234,0.43860000176946523,17.45019133445085,1.561146610157851e-08,0.009870000000309166,15.797244707801488,500000.0,765504.1112795542,0.08499999999999999,1.406,False
goe180,ok,,0.2,1.8192584950097757,0.7994672614422365,3.9091760430089932,1.7678399999999994,0.45222829070630643,0.45222829070630643,9.632037892717298,2.5418766075848023,0.07997316785340598,3.00000002997,12.31554267650545,24.947580599192747,12.632037922687298,0.05325180217688961,28.163520562707138,31.292800312545992,0.5683884062957684,24.703387356382258,0.7760938266325834,0.009146935452953264,14.811093000707439,500000.0,936502.5211274202,31.29280031261508,0.2877996074434785,18.035666271255078,-1.8807575720127099,0.0097718988070117,16.668853862582285,500000.0,936502.5211294878,0.0867,1.4737257525083611,False
goe182,ok,,0.19,1.855756000159761,0.7551012692413738,4.1388597700807015,1.7678399999999994,0.42713213256933547,0.42713213256933547,8.949739079617993,2.1019827162634908,0.08094457503964839,3.00000002997,12.997841489626385,24.947580599214376,11.949739109587993,0.05562414001163869,28.163520562707127,31.29280031256232,0.60178407999929,24.880758320201593,0.6748313992341016,0.010142181023003391,14.646064319902422,500000.0,884531.8332056854,31.292800312615068,0.2882509078454347,18.211088665918663,-2.1745111232270626,0.011660368312516269,15.364752444766962,500000.0,884531.8332071763,0.09440905396774249,1.6190695652173912,False
goe184,ok,,0.2,1.8424861479503998,0.7861001034329506,3.9756492232373266,1.7678399999999976,0.4446669966925466,0.4446669966925466,9.19781095126128,2.2570102580635845,0.08025428423997263,3.000000029970001,12.749769617987235,24.94758059921852,12.197810981231282,0.054761599618029254,28.16352056270754,31.292800312554863,0.5780535082395045,24.967506066086823,0.43899786035993055,0.009502114334044997,14.73571588315076,500000.0,920844.1223667101,31.292800312615512,0.28263211346169914,17.79598311930548,-2.2159140142686105,0.009361858320248145,17.162355343687693,500000.0,920844.1223684947,0.08295755276333708,1.515789966555184,False
goe187,ok,,0.53,1.5706493157579042,0.8297305448127263,3.766594209576051,1.7678399999999992,0.4693470816435462,0.4693470816435462,9.754017467109774,2.6124016708665803,0.07937012080779925,3.0000000267801927,12.193563075332593,24.94758056922256,12.754017493889966,0.05282768174049259,21.345575824969014,31.29280027792285,0.5476572194628222,27.803461566922653,0.5418604646043781,0.0100253138097233,14.341024451352723,500000.0,971953.1789357052,23.717306260469783,0.4874000000570509,17.093763689112482,5.129321148188539e-10,0.010799999999267137,14.722220999358896,500000.0,736658.6246970883,0.08279629798380161,1.3835,False
goe188,failed,too few converged polar points,0.01,,,,,,,,,,,,,,,,,,,,,,,,,,,,,,,,,,
goe190,ok,,0.2,1.811764091370823,0.7403188441795027,4.221503059352394,1.7678399999999996,0.41877027569208913,0.41877027569208913,9.772141241884071,2.6550113959647152,0.08129398271950596,3.00000002997,12.175439327334226,24.9475805991883,12.772141271854071,0.052764665940357725,28.163520562707127,31.292800312542504,0.613800291846458,24.81985034907408,-0.3085227193452426,0.009888288072454352,14.807323360310598,500000.0,867215.5789862297,31.292800312615068,0.314240653876746,17.842159951564295,-3.2640246021014385,0.009532904337709935,17.64807335704131,500000.0,867215.5789882407,0.12669416033148284,1.671366220735786,False
goe195,ok,,0.19,1.8571218127909412,0.7683108681697335,4.067700191518798,1.7678399999999996,0.43460430139024664,0.43460430139024664,8.924206037473217,2.0806097740634613,0.08064361849007791,3.00000002997,13.023374531771877,24.947580599215094,11.924206067443217,0.0557129178326654,28.163520562707127,31.292800312562903,0.5914375826795222,24.348014915406043,-0.04527952274501289,0.008525370552940668,15.188597249882724,500000.0,900005.6659642573,31.292800312615068,0.2826896814234357,18.112277875240157,-2.833576402770177,0.010893046103791312,15.844638139273403,500000.0,900005.6659657577,0.086,1.5740397993311037,False
goe198,failed,too few converged polar points,0.01,,,,,,,,,,,,,,,,,,,,,,,,,,,,,,,,,,
goe199,ok,,0.2,1.5821340449408567,0.8560989262790465,3.6505807561019497,1.7678399999982546,0.4842626743822358,0.4842626743822358,10.010980106591399,2.7526905142912486,0.10011403052670541,3.00000002997,7.88264431320335,20.89362444976475,13.010980136561399,0.03783871292240988,28.16352056270714,31.29280031239043,0.4445363632486061,21.920212389930796,-0.434361541294867,0.015249496503463598,12.92455575346682,500000.0,1002841.3187868079,31.292800312615086,0.276823861078885,21.075182128908114,-1.8784758279170095,0.02102299611880707,9.731129720111767,500000.0,1002841.3187940074,0.07329777821057894,0.9347,False
goe207,ok,,0.19,1.7850300838069184,0.7624388131741701,4.099028291318206,1.7678399999999996,0.4312827027186681,0.4312827027186681,9.262504824009374,2.3080876547155493,0.08077610853439576,3.0000000299682013,12.685075745104573,24.94758059908215,12.262504853977575,0.054536660457405184,26.642818267576335,31.292800312555027,0.5959926419836034,27.559450282963397,0.2733898011556943,0.021283836847846557,11.47634144937264,500000.0,893127.0924779507,29.603131112700616,0.3273446265140237,22.520140328843553,-1.8201915370899568,0.0328116135089871,7.7833090245333985,500000.0,844902.2827887376,0.0877147267037254,1.5938642140468229,False
goe210,ok,,0.2,1.8532872958193,0.8210994356028032,3.806187326514988,1.7678399999999996,0.46446479070662694,0.46446479070662694,8.995890016085228,2.110109814530878,0.07953759475236381,3.00000002997,12.951690553157682,24.947580599212912,11.995890046055228,0.05546367422950872,28.163520562707127,31.292800312561262,0.5534139994666062,24.31474955925969,0.5558543323203128,0.008467170636639744,14.987090468558476,500000.0,961842.6277412506,31.292800312615068,0.26610570356211993,18.644373302905453,-2.063985972656221,0.01206773158392625,14.270138818874644,500000.0,961842.6277429044,0.06630275593359337,1.4085545150501673,False
goe217,ok,,0.2,1.7384737948567035,0.6945048616151949,4.49998040090267,1.7678399999999994,0.3928550443565001,0.3928550443565001,11.142259065477951,3.582533683541603,0.07948655538375358,3.00000002997,10.805321503681123,24.947580599129076,14.142259095447951,0.04800079666693994,28.163520562707127,31.292800312504244,0.6542904848211466,24.815378513669614,-1.788113241164592,0.012827691604042742,14.078616654562357,500000.0,813548.703249815,31.292800312615068,0.370903524018854,19.261948382159765,-3.9651373584435508,0.015130064794457308,14.297201983616013,500000.0,813548.7032526962,0.18987180445890167,1.8475866220735786,False
goe222,ok,,0.2,1.7034953493980303,0.7056025235101563,4.429205057335676,1.7678399999999999,0.3991325705438028,0.3991325705438028,11.79615997519314,4.015100634446552,0.0808541724718351,3.00000002997,10.151420593928725,24.947580599091864,14.79616000516314,0.04572719771212619,28.163520562707127,31.292800312483177,0.64399985470041,24.329526360115043,-2.628526641684497,0.010791860425655447,14.666679687365141,500000.0,826548.5956081877,31.292800312615068,0.38194985904627643,18.680160213105776,-4.8324702793644905,0.01149222989316246,16.505054035524964,500000.0,826548.5956116715,0.18523468846737218,1.8028,False
goe223,failed,Maximum_Iterations_Exceeded,1.25,,,,,,,,,,,,,,,,,,,,,,,,,,,,,,,,,,
goe225,ok,,0.2,1.8239828539246825,0.6847411516585669,4.564145528613342,1.7678399999999996,0.3873320841583893,0.3873320841583893,9.54371885646957,2.5197953393408055,0.07828606200041703,3.00000002997,12.403861712756047,24.947580599195618,12.543718886439569,0.05355888550635858,28.163520562707127,31.29280031254822,0.6636199993473821,24.416659727094792,-2.648227758498626,0.01033381489917732,14.926243644307498,500000.0,802111.4131567467,31.292800312615068,0.33367014032076525,18.372083324183347,-5.3570953456019605,0.012937065094519574,15.473105921381588,500000.0,802111.4131584602,0.12831656397575167,1.8881903010033445,False
goe226,ok,,0.2,1.8199267224412967,0.6732649850433189,4.641943863156518,1.7678399999999996,0.3808404522147474,0.3808404522147474,9.61954578451592,2.573811419264384,0.07687841525394061,3.00000002997,12.328034784707029,24.947580599192946,12.61954581448592,0.0532952369599385,28.163520562707127,31.29280031254634,0.6749317619533605,24.466070514706093,-2.421697209916683,0.010478214809209498,14.936730113230297,500000.0,788668.1372573581,31.292800312615068,0.3414091501867023,18.23364489104899,-5.243238030742027,0.012460799558554956,15.997263956700445,500000.0,788668.1372590902,0.13890042381339118,1.9374210702341137,False
goe227,ok,,0.2,1.7965528795821468,0.6916772357676697,4.518376641572393,1.7678399999999999,0.3912555637205119,0.3912555637205119,10.056505658204898,2.8595545914378686,0.07913861501136864,3.00000002997,11.891074911002349,24.947580599177247,13.056505688174898,0.051775937174093754,28.163520562707127,31.292800312535142,0.6569652709655783,24.703203476348495,-2.681015224083951,0.011305087223461206,14.570409571830284,500000.0,810236.3990916782,31.292800312615068,0.34382776170024704,18.489909383408467,-5.254731065601143,0.012931638159820244,15.498096798727103,500000.0,810236.3990937476,0.14600000000000002,1.8592277591973243,False
goe228,ok,,0.2,1.7472838475679895,0.6780400437719991,4.609253235566884,1.7678399999999996,0.38354152172821027,0.38354152172821027,10.977560451601649,3.4777140212330413,0.07746366810950006,3.00000002997,10.970020117565578,24.947580599137225,13.977560481571649,0.04857345009317353,28.163520562707127,31.292800312509243,0.670178593123998,24.33624005727902,-2.0526416237469705,0.010425452126340837,14.929732546328005,500000.0,794261.6802989087,31.292800312615068,0.37548578234098906,18.16952288446277,-4.657058144602387,0.010735743446054557,17.420564441940463,500000.0,794261.6803015947,0.1785586245349515,1.916734448160535,False
goe229,failed,airfoil 'goe229' not found in the aerosandbox UIUC database,0.0,,,,,,,,,,,,,,,,,,,,,,,,,,,,,,,,,,
goe233,ok,,0.2,1.8690011699855162,0.7012811331369319,4.456498425417873,1.7678399999999996,0.3966881240026993,0.3966881240026993,8.702128630237878,1.95372518683982,0.08032126507894109,3.00000002997,13.245451939013542,24.947580599221418,11.702128660207878,0.05648507605031278,28.163520562707127,31.2928003125679,0.6479682699918794,24.405677221836864,-2.49983187794633,0.009650100255116308,15.079074843222324,500000.0,821486.4834083543,31.292800312615068,0.3039416200299228,18.300124997885813,-5.293685344570799,0.012928389738516335,15.002118823278048,500000.0,821486.4834095925,0.11627042019892975,1.820071237458194,False
goe234,failed,Maximum_Iterations_Exceeded,1.24,,,,,,,,,,,,,,,,,,,,,,,,,,,,,,,,,,
goe235,ok,,0.2,1.8657870055740493,0.7990652678046244,3.9111426707187813,1.7678399999999992,0.4520008981608204,0.4520008981608204,8.76221549245151,1.9621352359445834,0.07998148489716198,3.00000002997,13.185365076799117,24.94758059922063,11.76221552242151,0.056276155363567205,28.163520562707227,31.292800312566328,0.5686743510516421,25.435930046240127,2.162871598589554,0.012009925179940513,13.78485770152038,500000.0,936031.622476817,31.292800312615185,0.26811699244817677,19.368931941003382,-0.5527766135981016,0.015565814824249426,12.150462190573029,500000.0,936031.6224782784,0.065432783465543,1.4749702341137123,False
goe238,ok,,0.19,1.7924211207006548,0.8168109833849156,3.826170716569824,1.7678399999999903,0.4620389760300254,0.4620389760300254,10.133746391933357,2.870219931049459,0.07962209617954684,3.000000029867194,11.813834176461004,24.947580598261556,13.133746421800552,0.05150737285123278,28.163520560785077,31.292800311148884,0.5563195548077668,25.915445800963667,0.9806919159532376,0.01223525224311345,13.620746404020766,500000.0,956819.0995218909,31.292800311551815,0.2928764949106034,18.573008854490627,-1.4021515675301386,0.0111983537592849,15.312008434097121,500000.0,956819.099534211,0.09801818004744492,1.4212,False
goe239,ok,,0.2,1.8172473544635332,0.73327571559351,4.262050684537438,1.7678399999999996,0.4147862451316353,0.4147862451316353,9.6696349504351,2.588901567703846,0.08146544832519989,3.00000002997,12.277945618786523,24.947580599191625,12.6696349804051,0.05312107804138389,28.163520562707127,31.292800312545094,0.6196958564883116,24.556170915181227,-0.7519417283973108,0.009617569283703399,14.937852158122773,500000.0,858965.200270971,31.292800312615068,0.3147126940556177,17.972702601036282,-3.5045623390113003,0.010442828888852397,16.864004010263745,500000.0,858965.2002728918,0.11221278133104519,1.6970247491638797,False
goe240,ok,,0.19,1.846235983536111,0.8096033388532491,3.8602339140877633,1.7678399999999999,0.4579618850423393,0.4579618850423393,9.127710039997817,2.202094820296525,0.07976617554063598,3.00000002997,12.819870529241147,24.947580599208962,12.127710069967817,0.05500533893110144,28.163520562707127,31.292800312558207,0.5612722932447101,23.386799649714806,0.21155912274207372,0.00924598259510626,14.728090715448074,500000.0,948376.0055186725,31.292800312615068,0.2728500110735747,20.359076805890076,-2.374668666982336,0.01967641686217651,10.297267819130186,500000.0,948376.0055203958,0.06999846437287457,1.4427551839464883,False
goe241,ok,,0.2,1.7504223300779849,0.671190481215895,4.656291102249302,1.7678399999999996,0.3796669841252009,0.3796669841252009,10.918888416823746,3.440665156490189,0.07662434947364488,3.00000002997,11.028692152346332,24.94758059914008,13.918888446793746,0.04877745145632323,28.16352056270713,31.29280031251099,0.6770178292660977,24.64927670629492,-3.436424497095473,0.013634335480659432,13.973697655912176,500000.0,786238.0464220232,31.29280031261507,0.37772543131125824,19.892980353725886,-5.971585132215791,0.018802352501845476,12.743934734696744,500000.0,786238.0464246381,0.18854650161069644,1.9465,False
goe242,ok,,0.2,1.7854324902895353,0.6953763807453716,4.494340550149324,1.7678399999999996,0.3933480296550433,0.3933480296550433,10.26439461895206,2.9970266151863507,0.07959384051612438,3.00000002997,11.683185950247053,24.947580599169115,13.26439464892206,0.05105311187007401,28.163520562707127,31.29280031252958,0.6534704588754721,24.679663951978675,-3.0224066194432524,0.012255134066289662,14.24945376087734,500000.0,814569.6079228531,31.292800312615068,0.3474441148083826,19.222716036182963,-5.34860469159536,0.015981714259957275,13.635177908942806,500000.0,814569.6079250784,0.16171513451977457,1.8440177257525086,False
goe243,ok,,0.2,1.7445763024854728,0.6834373822101757,4.572852388456118,1.7678399999999996,0.38659459125835816,0.38659459125835816,11.02817637147325,3.5098277783268887,0.07812594973741557,3.00000002997,10.919404197691579,24.94758059913483,14.02817640144325,0.04839745966280995,28.163520562707127,31.29280031250772,0.6648859638718292,24.764510150885247,-3.587676095647927,0.013524805069367287,13.934223966213471,500000.0,800584.1669077721,31.292800312615068,0.3738694239671919,19.71382733662392,-5.879717107015775,0.017614351459496407,13.152739255340537,500000.0,800584.1669105184,0.19001821028174468,1.8937,False
goe244,ok,,0.21,1.6819616362078964,0.6301299196714631,4.959704606995085,1.7678399999999996,0.35644058267233647,0.35644058267233647,9.949355308394283,2.8066223452727757,0.07162096622372402,3.0000000299667144,11.998225260692154,24.947580599053154,12.949355338360999,0.05214849656256049,24.774803354366217,31.29280031253795,0.7211337034296139,26.409698033616294,-4.237507424568532,0.022615934513104192,12.079359684583142,500000.0,738139.3671398385,27.52755900765896,0.48371433782637785,24.21815412828675,-5.290833604224929,0.050933275019802965,7.1535893394078744,500000.0,649324.2784883253,0.1767768137156607,2.1385,False
goe255,failed,Infeasible_Problem_Detected,0.78,,,,,,,,,,,,,,,,,,,,,,,,,,,,,,,,,,
goe256,failed,Maximum_Iterations_Exceeded,1.25,,,,,,,,,,,,,,,,,,,,,,,,,,,,,,,,,,
goe257,ok,,0.54,1.629096839977104,0.8361503271171199,3.737675109660326,1.7678399999999996,0.4729785088679519,0.4729785088679519,10.25280860031007,2.942578872448024,0.07924779222874519,3.000000021769281,11.694771885882865,24.947580507962215,13.252808622079352,0.05109339571597469,23.743103876942428,31.292800210414637,0.5434524261773165,27.13188251721256,1.1881061301078921,0.010455620443476206,14.151584968258799,500000.0,979473.362571944,26.38122633850259,0.40620000132675255,18.131168870191615,1.147679421352357e-08,0.011339999990439113,15.070687675328372,500000.0,825739.7323600618,0.08829667601320132,1.3652,False
goe264,ok,,0.24,1.6334304263813602,0.7927534811034156,3.9422826138206712,1.7678399999999461,0.4484305599508099,0.4484305599508099,8.690903451036792,1.9167844819559248,0.0801128875430986,3.000000026203555,13.256677091047102,24.94758056828745,11.690903477240347,0.05652410557141942,21.512108177722627,31.292800273615164,0.5732020533249571,28.040890453476933,-0.013723847841727203,0.010361519251966106,14.388331227327223,500000.0,928637.9425005694,23.902342210916366,0.4604000001700049,16.620429673961333,-0.9999999985138331,0.011909999997630306,14.88691128035856,500000.0,709320.4090911988,0.06426986967503248,1.4946755852842808,False
goe265,ok,,0.91,1.6979223163520318,0.7152855098079062,4.3692458783896,1.7678399999999994,0.40460986843147934,0.40460986843147934,8.156284383055306,1.5855704249716176,0.08184203363370164,3.0000000080888123,13.791296010932092,24.947580402076213,11.15628439114412,0.05838296327134467,22.523011815443738,31.292800082071366,0.6352818832328505,27.62948305428863,-0.33734124126665543,0.010873858254543204,14.589851203759903,500000.0,837891.3191754008,25.025568616350668,0.44420000503510976,17.244647160082057,-1.999999956704681,0.015209999844724008,14.245415870201604,500000.0,670080.8699149363,0.07652241461794693,1.7648578595317725,False
goe269,ok,,0.19,1.8792789575838291,0.7716985139726282,4.049843571048849,1.7678399999999996,0.43652056406271406,0.43652056406271406,8.509991599204659,1.8033363512616978,0.0805680951679357,3.00000002997,13.437588970052232,24.94758059922689,11.509991629174658,0.057153132244203014,28.16352056270717,31.29280031257208,0.5888412565127413,23.402057397263796,0.7009708062136791,0.01007342100295565,14.591851412872185,500000.0,903973.9821021666,31.292800312615114,0.27167195257265503,20.669109200861147,-1.9887069077842674,0.02255293606674029,9.368492256902043,500000.0,903973.9821034097,0.06586922316446983,1.5627401337792641,False
goe274,failed,too few converged polar points,0.01,,,,,,,,,,,,,,,,,,,,,,,,,,,,,,,,,,
goe275,ok,,0.2,1.8534259316534596,0.7742526832073641,4.036483609786829,1.7678399999999996,0.4379653606702893,0.4379653606702893,8.993298302906313,2.124684544223859,0.08051159309677587,3.00000002997,12.954282266336824,24.947580599213136,11.993298332876313,0.055472685558729064,28.163520562707138,31.29280031256131,0.5868987379343966,22.35057940358314,0.6469648501754945,0.006941103102074368,15.810038219329657,500000.0,906965.9569369503,31.292800312615082,0.2821456624709177,20.17825555056846,-2.5639959369999636,0.01969128730265041,10.580568455786706,500000.0,906965.9569385088,0.07730876661288044,1.5542859531772575,False
goe276,ok,,0.19,1.590357636374475,0.8126778765717715,3.845629806958309,1.7678399999999972,0.45970103435365917,0.45970103435365917,9.25816682890794,2.2879741021149846,0.07970392754522529,3.000000018269843,12.689413648841105,24.947580496018887,12.258166847177783,0.054551742998171435,21.153621753567986,31.29280019002453,0.559148879730199,28.360168103962494,0.7119700361827834,0.01065400322788626,14.188790276037254,500000.0,951977.540545077,23.504024027492818,0.48700000326192827,16.67305863695115,3.222053382399273e-08,0.01042000001070522,15.109147552482105,500000.0,715030.3856072866,0.07258661725266617,1.433513712374582,False
goe277,ok,,0.2,1.8147764146413823,0.8180321464502479,3.8204589870479784,1.7678399999999994,0.46272974163399866,0.46272974163399866,9.715827677884242,2.5911701183479283,0.07959795389386357,3.0000000299700007,12.231752891338079,24.94758059919232,12.715827707854242,0.05296046695294336,28.16352056270743,31.292800312543196,0.5554890777687501,24.407011007759557,0.8042551930779707,0.009718031058871002,14.509838236396112,500000.0,958249.5800163739,31.292800312615398,0.2831338044338392,19.248089688478956,-1.6675663575623696,0.014103031161171752,13.15417447670711,500000.0,958249.5800185848,0.08337155568519296,1.417585618729097,False
goe278,ok,,0.19,1.8460229513953532,0.7923214739364837,3.9444321129816196,1.7678399999999987,0.44818618989076175,0.44818618989076175,9.13169254719487,2.2107933310593104,0.08012227367877374,3.000000029969999,12.815888022047934,24.947580599212802,12.13169257716487,0.054991491841951054,28.16352056270761,31.29280031255739,0.5735145866477,21.170481444085247,1.0655722394693488,0.0033566587208082085,17.459016903245185,500000.0,928131.8869100347,31.292800312615615,0.2788928820585696,19.736142991767817,-1.8284978794146107,0.01682638019267801,11.717874241308856,500000.0,928131.8869117617,0.07439234273652634,1.4960357859531772,False
goe279,ok,,0.46,1.577681243353442,0.7551035839241179,4.138847082884542,1.7678399999999996,0.42713344189752356,0.42713344189752356,8.88209117817454,2.0568831950965447,0.08094435323924927,3.00000002641847,13.065489365251201,24.947580569844213,11.88209120459301,0.05585935009977644,20.230043444287595,31.292800277759806,0.6017822359298274,27.791773109276885,0.441203442534767,0.009563226116105633,14.855372655840611,500000.0,884534.5436603354,22.477825851265184,0.5555000004448724,15.80255785578187,4.241159546115823e-09,0.009849999997290039,15.337184418534505,500000.0,635367.0254929542,0.074298292,1.6190615384615383,False
goe280,failed,too few converged polar points,0.01,,,,,,,,,,,,,,,,,,,,,,,,,,,,,,,,,,
goe281,ok,,0.2,1.8063387760592027,0.8399502029789473,3.720766129368185,1.7678399999999996,0.47512795444098305,0.47512795444098305,9.873564234566915,2.688349005785107,0.07917632040931463,3.00000002997,12.074016334647096,24.94758059918401,12.873564264536915,0.052412020445102396,28.163520562707127,31.29280031253991,0.5409938839293351,24.106626832099327,0.45045604812848733,0.010580648994354264,14.088077788838893,500000.0,983924.5715854174,31.292800312615068,0.2791661301088276,20.490069299560517,-1.9301173179981794,0.018693192248820528,10.695533669974642,500000.0,983924.5715877806,0.08039323353323234,1.3545,False
goe282,ok,,0.2,1.788742304003967,0.8087938626329679,3.864097404777472,1.7678399999999996,0.45750399506344924,0.45750399506344924,10.202519650796313,2.918921058509053,0.07978251551273799,3.00000002997,11.745060918405226,24.947580599171538,13.202519680766313,0.051268249761512064,28.163520562707127,31.29280031253125,0.5618340390684313,24.560031457252606,-0.1952583753547789,0.009055861106483164,14.80547128672233,500000.0,947427.7784200781,31.292800312615068,0.2973284294482642,18.12081522645309,-2.6292087754978044,0.009634729678819901,16.773300141247756,500000.0,947427.7784226157,0.09117217213397125,1.4452,False
goe284,ok,,0.2,1.672366955522029,0.7354640211560574,4.249369344658741,1.7678399999999994,0.4160240865440637,0.4160240865440637,12.378086496120886,4.393846595390524,0.08141195374261052,3.00000002997,9.569494072960337,24.94758059905122,15.378086526090886,0.04370385211018611,28.163520562707127,31.29280031246258,0.6178520084536137,24.62019183138687,1.0469768434685398,0.011768954178049585,14.189955753301216,500000.0,861528.599391042,31.292800312615068,0.38085383103592246,19.233151741063487,-1.004752475910999,0.01252560436795681,15.483010997786085,500000.0,861528.5993952402,0.17632549964918343,1.689,False
goe285,ok,,0.2,1.732615698519564,0.8058471955762277,3.8782268930839376,1.7678399999999994,0.4558371773329193,0.4558371773329193,11.25177263801782,3.6194631271959317,0.07984227376249797,3.00000002997,10.69580793113547,24.94758059912329,14.25177266798782,0.04762002040502589,28.163520562707127,31.29280031250086,0.5638884457392869,23.744531484513793,1.4716896766291678,0.007774178944884822,15.334850552450355,500000.0,943976.0284093102,31.292800312615068,0.3221318358624746,18.274701035039318,-0.5149080554356537,0.009293616318900867,17.174047713051614,500000.0,943976.0284127553,0.1173,1.454141137123746,False
goe286,ok,,0.19,1.8069279044635467,0.7930877667422533,3.9406209459484454,1.7678399999999996,0.44861965265083575,0.44861965265083575,9.862550834900656,2.697767470047911,0.08010615859373144,3.00000002997,12.08502973431396,24.947580599184615,12.862550864870656,0.052450313791384755,28.16352056270713,31.292800312540166,0.5729604486063078,25.214883655939044,1.6830138663269116,0.009912971545906563,14.550634420255427,500000.0,929029.5286006044,31.29280031261507,0.29540872247801486,18.863341306180075,-0.7951756352889866,0.010741974538813889,15.904182097463734,500000.0,929029.5286028283,0.09345447339679712,1.4936240802675584,False
goe287,ok,,0.2,1.7996752038442088,0.8288959105212031,3.770386879620217,1.7678399999999994,0.46887496069848145,0.46887496069848145,9.998135692111914,2.7754512795140167,0.07938618284893777,3.00000002997,11.949444877098122,24.947580599180036,12.998135722081914,0.05197888825112756,28.163520562707223,31.292800312536468,0.5482086675166574,24.60512731782292,1.0580265358627947,0.010427659053571705,14.19536311214378,500000.0,970975.4825415899,31.292800312615174,0.2856265214191331,19.582276036030475,-1.1997564603286162,0.014921638299879598,12.652668220523028,500000.0,970975.482544032,0.08869190195769577,1.3859,False
goe288,ok,,0.2,1.7419636002855035,0.6869985593848349,4.549148208401595,1.7678399999999996,0.3886090140424671,0.3886090140424671,11.077019260943919,3.541312972145118,0.07856332508762286,3.00000002997,10.870561308218678,24.947580599132596,14.077019290913919,0.04822763401981194,28.163520562707127,31.292800312506234,0.661439411203055,24.603972317797226,0.06267515590186551,0.011099494663679894,14.661676308109358,500000.0,804755.7591205648,31.292800312615068,0.3732263861905337,18.24051186296824,-2.393336760772662,0.010830903002065117,17.230540650118876,500000.0,804755.7591233638,0.17380807500367648,1.8787,False
goe289,ok,,0.2,1.6821913598276517,0.7531803799447471,4.149415397450031,1.7678399999999996,0.4260455583903222,0.4260455583903222,12.194425191894766,4.265731886564659,0.08098921651605104,3.00000002997,9.753155377200178,24.947580599064942,15.194425221864766,0.044342438390051586,28.163520562707127,31.292800312469286,0.6033188525835353,24.26082794418956,0.21072399344626475,0.010333850041174042,14.587350269967958,500000.0,882281.6876925966,31.292800312615068,0.3674537959316163,18.73398857637112,-2.3082557586442203,0.010864502822692055,16.42383693238323,500000.0,882281.6876967069,0.16799999999999998,1.6257491638795987,False
goe290,failed,Infeasible_Problem_Detected,0.7,,,,,,,,,,,,,,,,,,,,,,,,,,,,,,,,,,
goe298,ok,,0.2,1.7787721941289811,0.7259076321054702,4.305311209547824,1.7678399999999996,0.41061839991485105,0.41061839991485105,10.388904832637179,3.0707171992830258,0.08164854560045713,3.00000002997,11.558675736556955,24.947580599164134,13.388904862607179,0.050620192619637995,28.163520562707127,31.292800312526175,0.625985872746449,24.76142863173529,1.4181959100631734,0.011091523761829161,14.462843715246876,500000.0,850334.1667119614,31.292800312615068,0.33595503428382656,18.562750828432975,-1.0711792735076764,0.01231214909247515,15.565019834999378,500000.0,850334.1667143769,0.12811066485213432,1.7244,False
goe29b,ok,,0.2,1.819758960724739,0.7115898018933149,4.3919379638166225,1.7678399999999996,0.402519346713116,0.402519346713116,8.94786360225206,2.1144163085517893,0.08159350343475363,3.000000029969093,12.999716966886336,24.94758059910749,11.947863632221154,0.05563066100445633,27.14689175443486,31.292800312562363,0.6385812745007484,24.73357451303952,0.2470428308705154,0.015977458818978735,13.081394420445363,500000.0,833562.1427196476,30.1632127591618,0.32916349481943125,22.101978066888197,-2.2109322248301684,0.03301322286707136,7.886344851791173,500000.0,803472.7479707851,0.09421001993631095,1.7792173913043479,False
goe300,ok,,0.2,1.8485395807746345,0.733991311488095,4.257895450102598,1.7678399999999996,0.41519103057295637,0.41519103057295637,9.084645681071365,2.198683582588061,0.0814479730082799,3.00000002997,12.862934888169086,24.94758059921045,12.084645711041365,0.055155072751605465,28.163520562707127,31.29280031255921,0.6190916915562215,24.324424777409906,-0.1493547785738794,0.012475932191903365,13.971124314136928,500000.0,859803.4551839844,31.292800312615068,0.29988895016602496,20.502708335370322,-3.018228250347102,0.02221511899052155,10.102256957397518,500000.0,859803.4551855193,0.0843,1.6943953177257525,False
goe301,failed,Maximum_Iterations_Exceeded,1.38,,,,,,,,,,,,,,,,,,,,,,,,,,,,,,,,,,
goe303,ok,,0.2,1.81927995334391,0.7377435625315928,4.236239290080101,1.7678399999999996,0.4173135365935791,0.4173135365935791,9.631636742122204,2.5621593194933574,0.08135642036420591,3.00000002997,12.315943827100561,24.947580599192765,12.631636772092204,0.053253196968608356,28.163520562707127,31.29280031254604,0.6159429179666152,23.487191663393787,-0.2182676140871327,0.009897463239019893,14.816349985207625,500000.0,864198.8728969125,31.292800312615068,0.3118686071030989,20.01765657885162,-2.9921567140486354,0.01943778765444952,11.316784880649845,500000.0,864198.8728988189,0.09839061180592236,1.6806913043478262,False
goe304,ok,,0.2,1.8318198951120226,0.7158960191478482,4.365519826915764,1.7678399999999996,0.40495521039678267,0.40495521039678267,9.065018076441861,2.1912081902256157,0.081902623205684,3.0000000299698195,12.882562492690935,24.947580599102615,12.065018106411681,0.05522331749704078,27.663065931869355,31.292800312559667,0.6347401165264931,24.108976247035002,-0.36666796494267834,0.014381406457489027,13.498671614745447,500000.0,838606.4810056983,30.736739617241106,0.31817697775063464,21.689570043250804,-3.1517641758319304,0.03014700590245106,8.296920151319213,500000.0,823704.7752373103,0.08978282249137462,1.7625,False
goe308,ok,,0.2,1.7617922867898455,0.8567571815147323,3.647775977873276,1.767839999999959,0.4846350243883792,0.4846350243883792,10.371585972027965,2.9867097560431857,0.10623806145595101,3.00000002997,11.24124662525786,24.612832627255827,13.371586001997965,0.049516498642594046,28.16352056270718,31.292800312517024,0.5232645403621105,24.435179823643992,0.8175604330850745,0.00944310922755908,14.538957191706826,500000.0,1003612.4043833874,31.292800312615125,0.2842775924724598,18.487167464424306,-1.7229235789932613,0.010260179399839139,15.709725655469708,500000.0,1003612.4043865337,0.08088417514217157,1.277338795986622,False
goe309,ok,,0.19,1.7783818852249729,0.8407522666595799,3.7172165803573267,1.7678399999999985,0.4755816514274938,0.4755816514274938,10.396201421628453,3.0364771926651954,0.07916130772759143,3.0000000299623046,11.551379147509149,24.947580599099908,13.396201451590757,0.05059482254120818,28.163520562563832,31.292800312416773,0.540477784763026,24.211916805749087,1.5544787140495597,0.008308057641266046,14.970979231001987,500000.0,984864.1155694503,31.292800312536123,0.2902225029788273,18.396083143044528,-0.6613301963500426,0.01006370348283007,16.054126494575087,500000.0,984864.1155732065,0.084295902,1.352253846153846,False
goe310,ok,,0.2,1.7632191511142663,0.8567571814748378,3.6477759780411594,1.7678399999994805,0.4846350243659435,0.4846350243659435,10.40754575661671,3.010682946268697,0.10623806110538152,3.0000000299700016,11.267920991931895,24.675466778518604,13.407545786586711,0.04960924482368067,28.163520562707497,31.292800312516054,0.5245961315471539,24.41000560019925,1.202936608588852,0.009011667371054875,14.696892058942273,500000.0,1003612.4043368951,31.292800312615462,0.28504209125077434,18.231617574589027,-1.2316860885074674,0.009336725416234006,16.55836203692416,500000.0,1003612.4043400834,0.08141819419419419,1.2831341137123746,False
goe311,ok,,0.19,1.7939605258229263,0.8261949086816323,3.78271305325157,1.7678399999999999,0.4673471064585213,0.4673471064585213,10.104968145867202,2.8476541813306295,0.07943831433022452,3.00000002997,11.842612423338133,24.947580599175335,13.104968175837202,0.05160743417974442,28.163520562707127,31.292800312533863,0.5500008749048515,25.109132582055366,0.4243952993949275,0.010391255079154376,14.22123770803894,500000.0,967811.5067862492,31.292800312615068,0.288915549691081,18.460713278321087,-1.8948632093117792,0.010830996343248075,15.503492618619948,500000.0,967811.5067887607,0.08437985829401688,1.3937,False
goe314,ok,,0.19,1.818743279756266,0.8223330073909916,3.800477710988977,1.7678399999999992,0.46516257545422207,0.46516257545422207,9.641669530676621,2.5401850013274667,0.07951344674319859,3.0000000299700007,12.305911038547437,24.947580599194062,12.641669560646623,0.05321831318541034,28.16352056270763,31.292800312545303,0.5525838298264523,21.338003130112927,1.2475035429762396,0.004964030922798362,16.55423171583315,500000.0,963287.6438725604,31.29280031261562,0.28001040635645874,20.448024313688286,-1.55724225516847,0.019193220340627273,10.570509508428353,500000.0,963287.6438747249,0.0803329760444448,1.4049414715719064,False
goe315,failed,too few converged polar points,0.01,,,,,,,,,,,,,,,,,,,,,,,,,,,,,,,,,,
goe316,ok,,0.19,1.8170274292147506,0.7942710874208623,3.9347501314044546,1.7678399999999992,0.449289012252728,0.449289012252728,9.673746320121886,2.5714884144511045,0.08008132701662167,3.0000000299700007,12.273834249102578,24.947580599194463,12.673746350091886,0.053106782900212285,28.16352056270744,31.29280031254419,0.5721068408676221,24.962465108371756,1.7880105204131151,0.011234128159850903,14.072491307221368,500000.0,930415.6801697331,31.292800312615405,0.2906388840972056,19.31655279964809,-0.7082520303499461,0.014758275301262993,13.003392660190487,500000.0,930415.6801718505,0.0907581295836249,1.4899090301003344,False
goe318,ok,,0.19,1.8093884755480212,0.8158582418437915,3.8306388356598005,1.7678399999999868,0.46150004629593044,0.46150004629593044,9.816551944235796,2.6590976491534506,0.07964099116155711,3.0000000299485805,12.131028624905573,24.94758059908995,12.816551974184376,0.052610250912785,28.163520562313092,31.292800312235542,0.5569692126851471,23.643460050117504,2.0135994915771174,0.007408448543899649,15.44984520365981,500000.0,955703.0502829733,31.292800312400676,0.28613695961207886,18.677231815791767,-0.3729737578474719,0.011729576561154155,14.834262106394391,500000.0,955703.0502880166,0.09125938156960593,1.4240274247491638,False
goe319,ok,,0.2,1.826569895044424,0.7148609264120229,4.37184094154658,1.7678399999999996,0.404369697717001,0.404369697717001,9.495355685393198,2.478415539718358,0.0819249403700459,3.00000002997,12.452224883834207,24.947580599197405,12.495355715363198,0.05372704317914178,28.163520562707127,31.29280031254941,0.6356591972336672,24.55587726224564,0.9207974686926927,0.013669353476036702,13.71207475511503,500000.0,837393.9648669234,31.292800312615068,0.3183790809518052,20.48502112437474,-1.9999079777038211,0.022691253297428104,10.306331217926507,500000.0,837393.9648686803,0.10244473059432171,1.7665,False
goe320,ok,,0.2,1.764654881340182,0.7082558295606197,4.412612131323809,1.7678399999999996,0.4006334450858787,0.4006334450858787,10.265092588621322,2.993582769440407,0.08118153947536039,3.0000000299693586,11.68248798040582,24.947580598996502,13.26509261859068,0.05105068504442,27.579401452794684,31.292800312529565,0.6415872678317379,23.823408231008003,0.21099657182186465,0.013843366504146774,13.698451087397256,500000.0,829656.700125285,30.64377908586929,0.35574745436899263,21.755367213793935,-2.2718329955312555,0.029116950459942535,9.061175687477684,500000.0,812449.393529377,0.12328413926638611,1.7923,False
goe321,ok,,0.2,1.7969385081522906,0.7425539288219289,4.208796350398764,1.7678399999999994,0.4200345782547794,0.4200345782547794,10.049296565018404,2.8390691986531977,0.08124035946098346,3.00000002997,11.898284004189229,24.947580599177634,13.049296594988403,0.05180100303115311,28.163520562707127,31.29280031253533,0.611952755186084,24.39094234986797,1.322546373546185,0.010836438833975297,14.465045087800048,500000.0,869833.7755070351,31.292800312615068,0.3200932841065188,19.27933937730333,-1.225609636904224,0.015426189231680043,13.317142989124548,500000.0,869833.7755092515,0.11154596307173668,1.6633254180602008,False
goe322,ok,,0.2,1.7349766292584214,0.7704469111201643,4.056422604194932,1.7678399999999994,0.4358125798263217,0.4358125798263217,11.207636463934877,3.6021846188211253,0.08059592158746949,3.00000002997,10.739944105220891,24.947580599125768,14.207636493904877,0.04777348090305162,28.163520562707127,31.292800312502223,0.5897978381874187,24.517859149717275,0.18652468942261297,0.011063013789478536,14.248768330609407,500000.0,902507.8442314552,31.292800312615068,0.3358896168909851,19.40438357595183,-2.0223148574449454,0.01411165994238465,14.025470927351584,500000.0,902507.8442347099,0.13063476722265963,1.5669033444816052,False
goe323,ok,,0.2,1.8084036105655272,0.7471163681126807,4.183094359844951,1.7678399999999996,0.42261537702092994,0.42261537702092994,9.834963400698689,2.6947180098560395,0.0811316579795946,3.00000002997,12.112617168516886,24.947580599185574,12.834963430668688,0.0525462346880135,28.163520562707127,31.2928003125409,0.6082157238298913,24.347854719034796,1.6774548253571941,0.011140626277618774,14.338745910189722,500000.0,875178.2543925053,31.292800312615068,0.3129131717699385,19.621050436835514,-0.9199406989604888,0.017101366900823464,12.329133345642841,500000.0,875178.2543945796,0.11040920712038563,1.6470612040133779,False
goe324,failed,too few converged polar points,0.01,,,,,,,,,,,,,,,,,,,,,,,,,,,,,,,,,,
goe325,ok,,0.19,1.69984916571876,0.8211912300304377,3.8057618631462438,1.7678399999999983,0.46451671533082095,0.46451671533082095,9.65987464824346,2.5527323960423267,0.07953535676226092,3.000000020108099,12.287705823291283,24.947580491642842,12.65987466835156,0.05315501381079616,24.842470402371912,31.292800188441433,0.5533521396682102,26.654857532130436,0.7487141335427671,0.01004644019522493,14.371985833232976,500000.0,961950.1526727887,27.602744706511437,0.3609000015710927,18.047240121435525,-0.9999999855951298,0.011089999987447299,15.559855641353693,500000.0,848516.7298778306,0.082,1.4082852842809366,False
goe326,ok,,0.8,1.6987994933983108,0.8165679116171847,3.8273096715379453,1.767839999999998,0.46190147955538147,0.46190147955538147,9.615171999537605,2.524589121483882,0.07962663563113176,3.0000000086536796,12.332408355173815,24.9475803633651,12.615172008191283,0.05331044323933798,24.745562705053782,31.29280004607631,0.5564851613536523,26.421575770818375,0.7428137259401077,0.009580817721118087,14.56857982230169,500000.0,956534.35515276,27.495069592970808,0.3645000046954406,18.133647027078048,-0.9999999576259775,0.011619999933220734,15.252657089082259,500000.0,840448.2380697106,0.08177522732684633,1.4219207357859531,False
goe328,ok,,0.67,1.6537390977066977,0.8102604147074962,3.8571034804016877,1.7678399999999996,0.45833356791762625,0.45833356791762625,9.596458773140206,2.5143608731838265,0.07975287446180987,3.000000025101314,12.3511217503833,24.94758054862482,12.596458798241521,0.05337550971218414,23.448311002158967,31.29280025495025,0.5608171337512445,27.087372249160264,1.3402055949810634,0.01003292339334185,14.427092145549826,500000.0,949145.7078277384,26.053678673293884,0.40850000035511574,17.90284529431941,3.1209784680946446e-09,0.012189999994058351,14.85920602823784,500000.0,790237.2777255082,0.082,1.440774247491639,False
goe329,ok,,0.2,1.7867614038197863,0.7857571669637818,3.977384358676874,1.7678399999999996,0.44447301054607996,0.44447301054607996,10.239551383211204,2.9516211516559916,0.08026164324388947,3.00000002997,11.708029185988904,24.94758059917011,13.239551413181204,0.05113949124954032,28.163520562707127,31.29280031253025,0.5783057943622757,25.547655971671652,-0.08713449403966425,0.015414244330594738,12.807648050430291,500000.0,920442.4037672974,31.292800312615068,0.30690388057963186,20.930111614612333,-2.471903918920054,0.02191502167599013,10.131984123604854,500000.0,920442.4037697923,0.10156648453025938,1.5168879598662206,False
goe330,ok,,0.2,1.7758079029384786,0.8017108560720877,3.898236180699765,1.7678399999999983,0.45349740704593655,0.45349740704593655,10.444320465983678,3.082614158191208,0.07992689954273668,3.000000029969897,11.503260103278045,24.94758059923162,13.444320495953574,0.050427513692257744,28.16352056270608,31.292800312524115,0.5667977665220295,22.950212518131625,-0.5540800529369847,0.010347570592920827,14.351237587678883,500000.0,939130.6863169849,31.29280031261498,0.30544889109219253,21.30131021444104,-3.0871461990871634,0.02323408630696622,9.635950985147419,500000.0,939130.6863197119,0.10197757029759208,1.4668030100334448,False
goe331,ok,,0.21,1.7452488238747539,0.7338655123390898,4.258625338093204,1.7678399999999996,0.41511987076833307,0.41511987076833307,9.961718095374518,2.783438124458413,0.08145106954065863,3.0000000299684118,11.985862473690112,24.947580599033042,12.96171812534293,0.05210551142645905,26.575818177373698,31.29280031253763,0.6191978161853807,26.25768499650127,-1.1075884545801151,0.019062944063477087,12.163863258984792,500000.0,859656.0930262639,29.528686568772606,0.36129683059577394,22.576915680849158,-3.425096626299989,0.03330083106285307,8.184921321805897,500000.0,811193.4718011711,0.10639300786418643,1.6948571906354515,False
goe332,ok,,0.2,1.7756948539156514,0.7453279869268479,4.193131507762281,1.7678399999999999,0.42160375765162456,0.42160375765162456,10.446433849111209,3.1029395161580164,0.08117410825921585,3.00000002997,11.501146720080465,24.947580599161675,13.446433879081209,0.05042016550577156,28.163520562707127,31.29280031252458,0.6096751102698783,23.666435710832033,-0.9866966494381394,0.011226927858158087,14.31868528285262,500000.0,873083.3299716958,31.292800312615068,0.3286072581400352,20.55406265262401,-3.570039291199883,0.02093200508262407,10.938984922744954,500000.0,873083.3299742204,0.11779386915089413,1.6534127090301003,False
goe335,ok,,0.39,1.5596558175204138,0.85675717709268,3.6477759966994006,1.7678399999996084,0.48463502188708807,0.48463502188708807,9.302576840524816,2.274036942664598,0.10623807084989738,3.0000000266502633,12.589756182404653,24.892333049579733,12.30257686717508,0.05420523638281447,20.439086542125654,31.29280027881235,0.5292066745940059,27.732186678270857,0.3174943971963947,0.00886112049280707,14.69410889281851,500000.0,1003612.3981225928,22.71009595617405,0.4966000002171064,16.207405925425995,2.1139586789398625e-09,0.008949999999405774,15.112261868397933,500000.0,728350.7279980334,0.0685,1.3032,False
goe336,ok,,0.2,1.7740714682286067,0.8338235750433418,3.7481049458664426,1.7678399999999967,0.47166235351804653,0.47166235351804653,10.476781880678857,3.092748810939176,0.07929191658094159,3.0000000236916753,11.470798628892549,24.947580533263082,13.476781904370533,0.05031464570815193,28.163520444837047,31.292800227892034,0.5449689088589654,25.004988639178674,1.051294351229335,0.010233282911217549,14.244619800529145,500000.0,976747.7866228324,31.292800247137098,0.29439436463579227,19.374107835403922,-1.292490652859381,0.012397860619507612,14.307653079407107,500000.0,976747.787223532,0.08948755123887611,1.3718,False
goe344,ok,,0.19,1.8216441732249904,0.8265097073639025,3.781272304190838,1.7678399999999996,0.46752517612674377,0.46752517612674377,9.587439079511023,2.5025206295173397,0.07943222092854169,3.00000002997,12.360141489713095,24.94758059919412,12.587439109481023,0.053406871260878605,28.163520562707127,31.29280031254714,0.5497913921254379,24.404842016438636,2.3234129370337624,0.0078072638641707,15.238183970021288,500000.0,968180.2645505012,31.292800312615068,0.27740027309458853,17.47006796316564,0.006407233059528597,0.007697685140458684,18.623449626279342,500000.0,968180.2645526028,0.07201614045077977,1.3927882943143812,False
goe346,ok,,0.26,1.6730737439032115,0.8136596976942793,3.840989389613675,1.7678399999999992,0.4602564133033983,0.4602564133033983,8.649400575312953,1.8817805421900813,0.0796846725769356,3.00000002076617,13.298179917636064,24.947580513715188,11.649400596079122,0.05666840984978684,22.566078696542206,31.292800213008334,0.558474169530264,25.82036787328961,1.4627669277998572,0.005649975774623696,16.249325894492515,500000.0,953127.6545734255,25.07342060037615,0.4062000017814795,17.389994909794382,1.7113181054725658e-08,0.012349999921621885,14.747833667785427,500000.0,763695.4956506297,0.05738206952871148,1.4305772575250837,False
goe358,ok,,0.19,1.7988130447511175,0.8204707736945123,3.809103707042742,1.767839999999998,0.4641091805222832,0.4641091805222832,10.014253235595042,2.789244852721657,0.07954992718440414,3.0000000299700025,11.933327333625613,24.94758059919066,13.014253265565046,0.051922847910074864,28.163520562707987,31.292800312532417,0.5538380368758745,24.295271425043886,-1.0794763573311883,0.008245763826047532,15.08008819698168,500000.0,961106.2080138223,31.292800312616002,0.28891733414016585,18.05079892521102,-3.412311291923939,0.00938709657468806,16.85864417699531,500000.0,961106.2080163895,0.10869999999999999,1.4104,False
goe359,failed,Maximum_Iterations_Exceeded,1.34,,,,,,,,,,,,,,,,,,,,,,,,,,,,,,,,,,
goe360,failed,too few converged polar points,0.01,,,,,,,,,,,,,,,,,,,,,,,,,,,,,,,,,,
goe361,failed,Maximum_Iterations_Exceeded,1.36,,,,,,,,,,,,,,,,,,,,,,,,,,,,,,,,,,
goe362,ok,,0.19,1.8853755900016238,0.7958106879867964,3.927137839158866,1.7678399999999996,0.45015990586636606,0.45015990586636606,8.396018738717354,1.7191363109596802,0.08004913417187082,3.00000002997,13.551561830542354,24.94758059922971,11.396018768687354,0.05754941335135974,28.16352056270714,31.292800312574528,0.5710000248503558,24.3211378805882,0.13305258811459325,0.007942459695669582,15.305979668226064,500000.0,932219.1809280352,31.292800312615086,0.26083198626080883,18.13181506607241,-2.7585476633578505,0.010794585707041712,15.414089462115856,500000.0,932219.1809292434,0.066,1.4850919732441472,False
goe363,ok,,0.2,1.7763226707402977,0.7768839294697214,4.022812349501438,1.7678399999999996,0.43945375682738347,0.43945375682738347,10.434697192798291,3.0847314780505446,0.08045376483969065,3.00000002997,11.512883376395903,24.947580599164194,13.43469722276829,0.05046097359937342,28.16352056270719,31.29280031252465,0.5849109569392685,24.400606271925213,-0.31010276527867164,0.009342216762499952,14.837623200769503,500000.0,910048.2204346554,31.29280031261514,0.31498451633326685,18.362884441292245,-2.837144920188566,0.010668049183955816,16.24397170528117,500000.0,910048.220437287,0.11065482272722464,1.5456347826086956,False
goe364,ok,,0.2,1.8051927616340162,0.7408519870312382,4.218465118955295,1.7678399999999996,0.4190718543710055,0.4190718543710055,9.89498828201588,2.7367397311538273,0.08128125228810577,3.00000002997,12.052592287197523,24.947580599183404,12.89498831198588,0.052337529507465265,28.163520562707127,31.29280031253936,0.6133585798125945,24.96127379070207,-0.24868147494417853,0.011542868003108081,14.23622804599298,500000.0,867840.106904735,31.292800312615068,0.31703481971956377,18.82742824062408,-3.1222941083641698,0.013652895138527922,14.358603831775078,500000.0,867840.1069068346,0.108,1.66944381270903,False
goe365,ok,,0.2,1.7396701530888339,0.7967334734480995,3.922589384972769,1.7678399999999996,0.4506818905829146,0.4506818905829146,11.119893870967958,3.5347325891467927,0.08002989731501345,3.00000002997,10.827686698192242,24.947580599130198,14.119893900937958,0.048078559952028414,28.163520562707127,31.29280031250493,0.570338686349232,23.963031224552008,0.06222136993390966,0.010519599996491718,14.312563478198912,500000.0,933300.1393999961,31.292800312615068,0.32280171244643957,20.14966803018065,-2.36911537375477,0.016899574445680868,12.276264510959757,500000.0,933300.139403281,0.1169856650840084,1.4822137123745818,False
goe366,failed,too few converged polar points,0.01,,,,,,,,,,,,,,,,,,,,,,,,,,,,,,,,,,
goe367,failed,Maximum_Iterations_Exceeded,1.31,,,,,,,,,,,,,,,,,,,,,,,,,,,,,,,,,,
goe368,ok,,0.2,1.6994978692153686,0.8567571815181904,3.647775977858703,1.7678399999999954,0.48463502439032524,0.48463502439032524,9.226114117634676,2.223061853072473,0.10623806148785529,3.00000002997,10.07669011651949,22.302804264124166,12.226114147604676,0.04546736150025316,28.16352056270713,31.292800312480612,0.4741537391803528,22.28754069805562,1.131591692529935,0.009362093808398711,15.216669384822179,500000.0,1003612.4043862497,31.29280031261507,0.2599250600969389,17.676180338400492,-0.8796332108227873,0.009136502115246655,16.5694330754071,500000.0,1003612.404390562,0.07708440188883711,1.0636,False
goe369,ok,,0.24,1.6081880352839653,0.7757963941756025,4.028451651829384,1.7678399999999959,0.43883857938252574,0.43883857938252574,8.150636975860461,1.5623901888829619,0.08047703781014348,3.0000000105374376,13.796943461688908,24.947580448086807,11.150636986397899,0.05840259943202192,19.987270492816013,31.29280013100673,0.5857309063906625,27.828655014569666,0.6150266453799743,0.008653936932004216,15.106013565874566,1000000.0,908774.2673808688,22.20807824734571,0.5198000065797098,15.285167046733006,6.137931682655666e-08,0.009809999884021167,15.501844938027078,1000000.0,644944.8420939159,0.0585,1.5492033444816056,True
goe370,failed,too few converged polar points,0.01,,,,,,,,,,,,,,,,,,,,,,,,,,,,,,,,,,
goe371,ok,,0.37,1.66678604775967,0.8344588611209247,3.7452514572160585,1.7678399999999987,0.47202171074357707,0.47202171074357707,9.104948575868558,2.1779597979018703,0.07927980785334658,3.0000000186874747,12.842631893792722,24.947580488348756,12.104948594556033,0.055084479426339414,23.075288222316104,31.292800184703804,0.5445540163583328,26.947666461280274,0.43138102345459667,0.008586008617506387,14.882889473691046,500000.0,977491.9646046465,25.639208976196095,0.3936000022783464,17.06335050611275,-0.9999999784627411,0.009919999975216085,16.0327517816086,500000.0,800890.9591063567,0.06949338978475865,1.369994314381271,False
goe372,ok,,0.2,1.6285102846859962,0.8567571786504635,3.647775990042506,1.7678399999936982,0.4846350227698873,0.4846350227698873,9.00768056873279,2.0774395170654163,0.1062380349576583,3.0000000299700007,8.749620102509844,20.757300701212635,12.007680598702791,0.04085316850584384,28.163520562707188,31.292800312429616,0.44129660373874996,20.077008099633225,-0.13510233045773062,0.007773176136129727,16.555955336647056,500000.0,1003612.4010289103,31.292800312615125,0.2552812016923196,17.24018438110745,-1.8832194210876245,0.008389225446564017,17.35689247259905,500000.0,1003612.4010348598,0.06199887856146031,0.9206,False
goe373,failed,too few converged polar points,0.01,,,,,,,,,,,,,,,,,,,,,,,,,,,,,,,,,,
goe374,failed,too few converged polar points,0.01,,,,,,,,,,,,,,,,,,,,,,,,,,,,,,,,,,
goe375,failed,too few converged polar points,0.01,,,,,,,,,,,,,,,,,,,,,,,,,,,,,,,,,,
goe376,failed,too few converged polar points,0.02,,,,,,,,,,,,,,,,,,,,,,,,,,,,,,,,,,
goe377,ok,,0.2,1.7543027539424463,0.8567571815470871,3.647775977734642,1.767839999999746,0.4846350244067394,0.4846350244067394,9.38069179861844,2.326113640158149,0.10623806176020842,3.0000000299700007,11.101234332593245,23.481926161181686,12.38069182858844,0.049029679007512136,28.163520562707603,31.29280031251094,0.49922166559083614,22.714427833045566,0.9114677036967687,0.007987778956573129,15.527098575467404,500000.0,1003612.4044212138,31.292800312615586,0.2632113546975673,18.008892268761453,-1.3538405605052917,0.009839768330150758,15.897309584675137,500000.0,1003612.40442457,0.0645,1.1727,False
goe379,ok,,0.43,1.5078282542811734,0.8567571671997419,3.6477760388217138,1.7678399999999965,0.48463501629092204,0.48463501629092204,9.267915092944165,2.250929001446435,0.10623808571931699,3.0000000206826183,11.338299346658623,23.606214460285408,12.267915113626783,0.049853948602064366,20.864787328167615,31.292800207572963,0.5018640249805507,26.13414167877308,0.26531234756948413,0.008842444577277841,15.087856789683991,500000.0,1003612.3842489374,23.1830968714683,0.47520000230790355,16.14607888163835,2.296975855382722e-08,0.008929999992429756,15.416376913365148,500000.0,743520.6491944983,0.0644956053449655,1.1842,False
goe380,failed,too few converged polar points,0.01,,,,,,,,,,,,,,,,,,,,,,,,,,,,,,,,,,
goe381,failed,Maximum_Iterations_Exceeded,1.27,,,,,,,,,,,,,,,,,,,,,,,,,,,,,,,,,,
goe382,failed,Infeasible_Problem_Detected,1.15,,,,,,,,,,,,,,,,,,,,,,,,,,,,,,,,,,
goe383,failed,Maximum_Iterations_Exceeded,1.32,,,,,,,,,,,,,,,,,,,,,,,,,,,,,,,,,,
goe384,failed,Maximum_Iterations_Exceeded,1.25,,,,,,,,,,,,,,,,,,,,,,,,,,,,,,,,,,
goe385,ok,,0.2,1.770772497548841,0.8259968678369649,3.7836199957804837,1.7678399999999972,0.46723508226817256,0.46723508226817256,10.538454327598908,3.1367167694415183,0.0794421466489291,3.0000000299502583,11.409126241454894,24.947580599004063,13.538454357549167,0.05010021234276848,28.163520562343344,31.292800312238857,0.5501327430109151,24.25724700289644,1.1695230282779967,0.009420728670519228,14.58817483163541,500000.0,967579.5201039255,31.29280031241678,0.29854386088439405,19.280918153333346,-1.0550718266412442,0.013215838921200922,13.855338246171158,500000.0,967579.520109427,0.09888097102190971,1.3942739130434783,False
goe386,failed,Maximum_Iterations_Exceeded,1.31,,,,,,,,,,,,,,,,,,,,,,,,,,,,,,,,,,
goe387,ok,,0.2,1.700350887300883,0.7674878736781334,4.07206207783116,1.7678399999999996,0.4341387646382781,0.4341387646382781,11.854943794741464,4.034708677623591,0.08066205340052232,3.00000002997,10.092636774378045,24.94758059908951,14.854943824711464,0.04552280767581156,28.163520562707152,31.2928003124811,0.5920717944885165,24.413533320835977,0.4908180993561241,0.010677795538063957,14.39701632874025,500000.0,899041.6034499946,31.292800312615093,0.3525469418693248,19.18561576777336,-1.931888950420793,0.012464452372642869,15.157074492416946,500000.0,899041.6034538442,0.14850000000000002,1.5768,False
goe388,failed,airfoil 'goe388' not found in the aerosandbox UIUC database,0.0,,,,,,,,,,,,,,,,,,,,,,,,,,,,,,,,,,
goe389,ok,,0.2,1.7624197314347942,0.8286875143117126,3.771335046836998,1.7678399999999994,0.4687570788712287,0.4687570788712287,10.694604245282088,3.2398394902107195,0.07939019299845007,3.00000002997,11.252976323898535,24.947580599150623,13.694604275252088,0.04955728254451584,28.163520562707127,31.292800312517556,0.5483465296255551,23.675883845217157,0.9165489849006264,0.0071733026619779,15.5024572578233,500000.0,970731.3655083318,31.292800312615068,0.30100669277479525,18.139772061808195,-1.381914997270089,0.00909672903561054,17.108764400137225,500000.0,970731.3655113567,0.10313147956502229,1.3865,False
goe390,failed,Maximum_Iterations_Exceeded,1.34,,,,,,,,,,,,,,,,,,,,,,,,,,,,,,,,,,
goe391,ok,,0.51,1.5565527574148634,0.8567571601611926,3.647776068789386,1.767839999999987,0.4846350123094844,0.4846350123094844,8.679610437280395,1.858725734705058,0.10623812729305632,3.0000000176740906,10.86636680335001,22.545977258304497,11.679610454954485,0.04821304953179417,22.948017715765516,31.292800153551728,0.47932357155493305,23.340846471811172,0.6902951325427111,0.006153776781085703,16.85991900843346,500000.0,1003612.374271377,25.49779731174489,0.37400000194172983,16.152925819424745,1.2722391042156316e-08,0.008209999962071168,17.17805362819373,500000.0,817756.9528186237,0.051,1.0861,False
goe392,failed,too few converged polar points,0.01,,,,,,,,,,,,,,,,,,,,,,,,,,,,,,,,,,
goe393,ok,,0.2,1.8853615358784017,0.8183477759858513,3.81898546963734,1.7678399999999996,0.46290828128442135,0.46290828128442135,8.396281472061712,1.7113594859185235,0.07959172230823389,3.00000002997,13.551299097197852,24.947580599229564,11.396281502031712,0.057548499833350336,28.163520562707127,31.29280031257455,0.5552748305196032,25.24696704430654,2.140564929480538,0.009451396467495429,14.61020247393799,500000.0,958619.3110495989,31.292800312615068,0.25365458804343477,17.82810713525908,-0.5604451793619556,0.009533016428824112,16.373656301352085,500000.0,958619.3110508402,0.06071680404910694,1.416653177257525,False
goe394,ok,,0.2,1.8986165893322218,0.782211513284033,3.9954132770034647,1.7678399999999994,0.44246736881393867,0.44246736881393867,8.148486254224556,1.5587866336192728,0.08033789280537193,3.00000002997,13.799094315041671,24.947580599236225,11.148486284194556,0.05841007830784858,28.16352056270715,31.292800312579704,0.5809271723818287,24.83874107135968,0.18149566222140426,0.009370094749448617,14.803025436601168,500000.0,916288.9959054423,31.29280031261509,0.2596026731986302,18.410867612948962,-2.660601484845898,0.01209132872009624,14.376790353891096,500000.0,916288.9959064785,0.061039854857357204,1.5282966555183946,False
goe395,ok,,0.2,1.906106554192604,0.7613958232391898,4.104643301435881,1.7678399999999994,0.43069272289301636,0.43069272289301636,8.008465885341076,1.4724053474164673,0.08079985601456913,3.00000002997,13.93911468392864,24.947580599239714,11.008465915311076,0.05889692602377336,28.16352056270718,31.29280031258262,0.5968090561403467,23.19112254640174,-0.9894598071728421,0.010227533746895272,14.585501552879231,500000.0,891905.3254962374,31.292800312615125,0.26335027263751826,20.70633077327762,-3.348043368095053,0.02424018189280484,8.715580764794685,500000.0,891905.3254971638,0.0610520184752542,1.5974173913043477,False
goe396,ok,,0.72,1.597430549929041,0.856757167269858,3.6477760385208393,1.7678399999994283,0.4846350163307398,0.4846350163307398,8.431127883194842,1.693070917906426,0.10623803380341411,3.0000000198270307,11.17969586174902,22.610823764770892,11.431127903021872,0.04930248779106116,23.627243084014882,31.2928002000443,0.4807021916342408,26.626641449831745,-0.7031468851650071,0.008323759139571445,15.643746524478694,500000.0,1003612.3840899377,26.2524921420691,0.3453000024515031,19.508669622831682,-1.9999999765407,0.010569999951660853,15.602976254861286,500000.0,841961.2837002367,0.047,1.0921,False
goe397,ok,,0.19,1.7941406551266064,0.856757181415182,3.6477759782895163,1.7678399999981147,0.4846350243325729,0.4846350243325729,8.493349497198041,1.73455210669693,0.10623806098149817,3.000000029939647,11.84597983247832,23.33932935961601,11.493349527137688,0.05161914258578688,28.163520562142452,31.29280031209856,0.49619008248331464,23.011840727410224,1.1206621413971334,0.008350478133132982,15.39922668426489,500000.0,1003612.4042543995,31.292800312304255,0.2443466117612305,17.796018888736775,-1.2447964481509886,0.009550945568433559,15.928938040619057,500000.0,1003612.4042609965,0.051000000000000004,1.1595060200668896,False
goe398,ok,,0.2,1.7041849199436319,0.7859012828367751,3.9766549996191927,1.7678399999999996,0.4445545314263594,0.4445545314263594,11.783268766937772,3.9807167015466014,0.08025836112878391,3.0000000266796967,10.16431176356828,24.94758055718575,14.783268793617468,0.04577201994015774,28.163520500934798,31.29280026370902,0.5781997474653318,23.642814209901125,0.39264568795740507,0.007834110535620309,15.390925950452296,500000.0,920611.2208491708,31.292800278300078,0.3426257009413397,18.38767040861461,-1.5750647723089053,0.009167071387927349,17.473975544261243,500000.0,920611.221278429,0.1385,1.5164264214046823,False
goe399,ok,,0.19,1.82481297381322,0.8567571815536152,3.6477759777078864,1.7678399999999976,0.48463502441036316,0.48463502441036316,9.361727361000488,2.313470681671993,0.10623806178516516,3.00000002997,12.419380302653355,24.781107693623845,12.361727390970488,0.05361284329911351,28.16352056270713,31.292800312548582,0.5268420389774399,23.592864464613083,0.7351404315575595,0.006736124767363157,15.657560275495273,500000.0,1003612.4044299254,31.29280031261507,0.2628081740506776,18.231542630376737,-1.5690508458925214,0.009907265557121084,15.82809018096422,500000.0,1003612.4044320579,0.06899435028894349,1.2929086956521738,False
goe400,ok,,0.2,1.8885198237463077,0.8073591754512339,3.8709639533771107,1.7678399999999979,0.45669244696988126,0.45669244696988126,8.337239188081611,1.6759077035905445,0.07981155587501976,3.0000000299700007,13.610341381181875,24.947580599233486,11.33723921805161,0.05775378854476385,28.16352056270729,31.292800312575228,0.5628324250637091,24.985484821521425,1.240859660278284,0.009295411108744649,14.718951551290738,500000.0,945747.1740645785,31.292800312615242,0.2557749364602734,17.90536007317453,-1.5182493427417605,0.010297953655045558,15.715580839626812,500000.0,945747.1740657878,0.061200000000000004,1.449545150501672,False
goe401,ok,,0.2,1.844662767399855,0.8169824062352711,3.8253678925612746,1.7678399999999599,0.4621359434311304,0.4621359434311304,9.157120362158455,2.2190745636896727,0.07961870007580993,3.000000029847243,12.790460206258707,24.947580598264405,12.157120392005698,0.05490307988748665,28.163520560435913,31.292800311008257,0.5562028253905816,23.961482748006127,1.1000190530298333,0.010204869533414792,14.332480040181853,500000.0,957019.9056534824,31.29280031137197,0.2710413013328495,20.376538078817692,-1.8331448767345757,0.019252238359698463,10.40691025942506,500000.0,957019.9056646057,0.07095448389844063,1.4206919732441472,False
goe402,failed,Maximum_Iterations_Exceeded,1.32,,,,,,,,,,,,,,,,,,,,,,,,,,,,,,,,,,
goe403,ok,,0.2,1.8046530554863152,0.85675718155203,3.6477759777146237,1.7678399999999947,0.4846350244094672,0.4846350244094672,9.125113310468745,2.1557279813313945,0.10623806177269844,3.00000002997,12.042502806766006,24.16761614720475,12.125113340438745,0.05230244860786468,28.163520562707138,31.292800312539054,0.5137993154165901,23.102321450878645,0.5834809246674653,0.006779071843203609,15.87037569799877,500000.0,1003612.4044277644,31.29280031261508,0.2577778004950754,17.761456866316042,-1.8095071690709779,0.008784842648135234,16.928348798646617,500000.0,1003612.4044302026,0.06647929947191356,1.236144481605351,False
goe404,ok,,0.2,1.7597790849829562,0.7365048238136647,4.243364285677356,1.7678399999999994,0.41661282910991093,0.41661282910991093,10.743969535662496,3.3041065340745894,0.08138651685994266,3.00000002997,11.203611033516166,24.94758059914866,13.743969565632495,0.04938564052514638,28.163520562707127,31.29280031251613,0.6169788817728431,24.974959734093133,1.2243983473810616,0.011393758967864952,14.307948271893803,500000.0,862747.8041803222,31.292800312615068,0.33990225785500255,18.446162139185386,-1.3346623274352956,0.011316814111654444,16.227277881828172,500000.0,862747.8041830501,0.13184007757213922,1.6852,False
goe405,ok,,0.2,1.7305242565488452,0.8229963693934442,3.797414401600996,1.7678399999999994,0.46553781416499485,0.46553781416499485,11.290870882360567,3.639413220921078,0.0795004911650389,3.00000002997,10.656709686790588,24.947580599121153,14.290870912330567,0.047484076676929166,28.163520562707127,31.29280031249963,0.5521384291789058,24.386965776972527,-1.3199071528136521,0.009436892612818866,14.595186362898296,500000.0,964064.711573208,31.292800312615068,0.3162847389438823,18.915408337273433,-3.5844607647810673,0.011111499720434155,15.482524023007885,500000.0,964064.7115767644,0.111,1.403003010033445,False
goe406,ok,,0.21,1.7442443016979083,0.7762004727101106,4.026354499228959,1.7678399999999996,0.4390671512750649,0.4390671512750649,11.03438292566083,3.4847523578530875,0.08046873677069177,3.0000000299700007,10.913197643507216,24.94758059913805,14.034382955630832,0.04837587961161809,28.1635205627072,31.29280031250724,0.5854259802629616,24.961823253092867,0.886968025751956,0.011150139954054528,14.190353885979674,500000.0,909247.6135683949,31.29280031261514,0.32933423609875,18.377516533965384,-1.8557604267472938,0.010748049570612577,16.243093764330066,500000.0,909247.61357153,0.11689772205280528,1.547876254180602,False
goe407,ok,,0.2,1.774081778744484,0.8104810835846261,3.8560533106799824,1.7678399999999992,0.4584583919272256,0.4584583919272256,10.476589315094735,3.1010366299691405,0.07974848671933704,3.0000000299700025,11.470991254105147,24.947580599169886,13.476589345064738,0.050315315619644654,28.16352056270757,31.29280031252144,0.5606644397019347,24.878188583470983,1.1023801231565262,0.009984395391234429,14.444113645695136,500000.0,949404.2029103541,31.292800312615533,0.30286882466062254,18.15405554169756,-1.5163493113597644,0.00975522461321405,16.66984276782747,500000.0,949404.202913209,0.09459788821117888,1.4401096989966555,False
goe408,failed,too few converged polar points,0.01,,,,,,,,,,,,,,,,,,,,,,,,,,,,,,,,,,
goe409,failed,Maximum_Iterations_Exceeded,1.26,,,,,,,,,,,,,,,,,,,,,,,,,,,,,,,,,,
goe410,failed,Maximum_Iterations_Exceeded,1.26,,,,,,,,,,,,,,,,,,,,,,,,,,,,,,,,,,
goe411,failed,Maximum_Iterations_Exceeded,1.32,,,,,,,,,,,,,,,,,,,,,,,,,,,,,,,,,,
goe412,ok,,0.2,1.7035781720805434,0.7911795178292093,3.9501253447193565,1.7678399999999999,0.44754022865712356,0.44754022865712356,11.794611558673468,3.9864665123847907,0.08014617599494518,3.0000000269011595,10.152968974400382,24.94758055997501,14.794611585574629,0.0457325813194595,28.163520505093246,31.292800266951637,0.5743423748782852,24.05490525895215,0.05346116019640275,0.008956290482114231,14.921320138659055,500000.0,926794.1887891757,31.292800280610514,0.3406010585111537,18.620951033018162,-2.0608158740781164,0.01001538717255523,16.694204270340713,500000.0,926794.1891937086,0.13123033103062662,1.4996384615384615,False
goe413,ok,,0.2,1.6690128379280558,0.7882601600292034,3.9647548158265584,1.7678399999999994,0.4458888587367656,0.4458888587367656,12.440789573853149,4.418255860290383,0.08020811798801267,3.00000002618994,9.506790944990811,24.9475805450339,15.44078960004309,0.04348583463036606,28.163520491740165,31.292800253488643,0.5764694784616314,24.40461891172565,0.36707607453680247,0.010274451761536397,14.441002598092563,500000.0,923374.4286748475,31.29280027319244,0.3567938742787955,19.082835567090218,-1.4962398884288954,0.010912665898850343,16.022225669465115,500000.0,923374.4292562586,0.1635,1.5088959866220737,False
goe414,failed,Maximum_Iterations_Exceeded,1.22,,,,,,,,,,,,,,,,,,,,,,,,,,,,,,,,,,
goe415,ok,,0.2,1.7661103986982363,0.8567571815306336,3.6477759778056003,1.7678399999999652,0.4846350243973722,0.4846350243973722,9.8235488194542,2.6213516541805126,0.10623806159494872,3.00000002997,11.32197111910784,24.14551996853204,12.8235488494242,0.04979717591663947,28.163520562707173,31.292800312519287,0.5133295545150194,23.162234383414994,1.3167880774640521,0.0074692668475311134,15.546888122321976,500000.0,1003612.4044020834,31.29280031261512,0.27262641793239945,18.02560984265552,-0.8887052277466523,0.009336072644548155,16.4804411428934,500000.0,1003612.404405157,0.08470724526545309,1.2341,False
goe416a,ok,,0.21,1.6533577742719414,0.8561956452640529,3.6501683731831656,1.7678399999999996,0.484317384641174,0.484317384641174,11.270189798097052,3.591241848065176,0.10099754024674214,3.00000002997,9.214128911642158,23.48431873970921,14.270189828067052,0.04246825532893042,28.163520562707127,31.29280031244904,0.4995999795011449,22.987994885323808,2.726873413603911,0.008859385822689463,15.119224646430625,500000.0,1002954.6162016962,31.292800312615068,0.30358072654878177,18.08164171533762,0.9821394001505714,0.008267064576704935,17.65323116399558,500000.0,1002954.6162070176,0.11666475624595207,1.1743464882943144,False
goe417,failed,too few converged polar points,0.01,,,,,,,,,,,,,,,,,,,,,,,,,,,,,,,,,,
goe417a,failed,too few converged polar points,0.01,,,,,,,,,,,,,,,,,,,,,,,,,,,,,,,,,,
goe418,ok,,0.2,1.7425830504629196,0.7812834325845395,4.000159398313912,1.7678399999999996,0.44194238878209546,0.44194238878209546,11.065439014045266,3.503737164744239,0.08035796631851866,3.00000002997,10.8821415551178,24.947580599133065,14.065439044015266,0.048267898281343986,28.16352056270713,31.292800312506568,0.5816172513906267,24.843455674749794,0.6972181972217241,0.010889350927483011,14.255829109796634,500000.0,915201.8345437269,31.29280031261507,0.3279156455199549,18.809469137853203,-1.6548151366610122,0.011695012956187854,15.46607329646384,500000.0,915201.8345469002,0.127,1.5313,False
goe419,failed,too few converged polar points,0.02,,,,,,,,,,,,,,,,,,,,,,,,,,,,,,,,,,
goe420,failed,Infeasible_Problem_Detected,1.03,,,,,,,,,,,,,,,,,,,,,,,,,,,,,,,,,,
goe421,failed,Maximum_Iterations_Exceeded,1.27,,,,,,,,,,,,,,,,,,,,,,,,,,,,,,,,,,
goe422,failed,Maximum_Iterations_Exceeded,1.26,,,,,,,,,,,,,,,,,,,,,,,,,,,,,,,,,,
goe423,failed,Infeasible_Problem_Detected,1.18,,,,,,,,,,,,,,,,,,,,,,,,,,,,,,,,,,
goe424,failed,Maximum_Iterations_Exceeded,1.27,,,,,,,,,,,,,,,,,,,,,,,,,,,,,,,,,,
goe425,ok,,0.2,1.6887165090907084,0.7707493846994102,4.05483069807294,1.7678399999999996,0.43598367765149015,0.43598367765149015,12.072441467829364,4.178620258328933,0.08058918491539024,3.00000002997,9.875139101274602,24.947580599073966,15.072441497799364,0.044766573092150236,28.163520562707138,31.292800312473602,0.5895663773950975,24.076496890302817,1.247089388437049,0.009631769403773043,14.75769782808412,500000.0,902862.1642674834,31.29280031261508,0.35619505053754774,18.930720531158656,-0.8808510818539795,0.011152474108295342,16.03111375958403,500000.0,902862.1642715653,0.16014546175535108,1.5658959866220736,False
goe426,ok,,0.19,1.7228690057526108,0.800130066367159,3.9059377930761294,1.7678399999999994,0.4526032142994611,0.4526032142994611,11.433981171972516,3.742940737535234,0.07995947226293916,3.00000002997,10.513599397170802,24.947580599113316,14.433981201942515,0.04698648537517392,28.163520562707127,31.292800312495096,0.5679175695521379,24.094102747300447,0.7506454519720738,0.009136665589663709,14.812133217769631,500000.0,937278.936262753,31.292800312615068,0.3285814225767824,18.91165567862329,-1.505355598800369,0.011317098675022667,15.577556108786778,500000.0,937278.9362663464,0.136,1.4716765886287626,False
goe427,ok,,0.94,1.5921912169450612,0.8455163576741032,3.6962717956127227,1.7678399999999963,0.47827651692127393,0.47827651692127393,8.243931755866056,1.599861510101837,0.0790726762742024,3.0000000141430636,13.703648707787659,24.947580477796777,11.24393177000912,0.05807821572259807,19.677294343977735,31.292800166295933,0.5374324464879214,27.91352938943658,-0.6124713153035679,0.008073634321610387,15.049631443249663,500000.0,990444.8063165562,21.86366027912444,0.4962000048838533,15.09356927005144,-0.9999999540947584,0.008309999972018431,15.569979325048815,500000.0,692004.1880384915,0.046000000000000006,1.339,False
goe428,ok,,0.19,1.8062307087985778,0.8567571815459335,3.6477759777405843,1.7678399999999956,0.4846350244060184,0.4846350244060184,9.779267759608588,2.5918309474756653,0.1062380617227541,3.00000002997,12.07199608248581,24.8512638720644,12.779267789578588,0.05240499607316162,28.163520562707195,31.29280031253972,0.5283335471326956,24.275955251507565,-0.21655113787477284,0.008500654129037041,14.855479312142487,500000.0,1003612.4044206437,31.292800312615142,0.27168501029775716,18.79486378643659,-2.660482214643906,0.01139723545971526,14.64301161634747,500000.0,1003612.4044230627,0.07899999999999999,1.2994,False
goe429,ok,,0.2,1.7189072478209546,0.8567571775168764,3.647775994875282,1.7678399999952377,0.48463502212823806,0.48463502212823806,11.261459977020525,3.579959133352384,0.10623802429209979,3.00000002997,10.439536725666773,24.7009967326573,14.261460006990525,0.046728971109616234,28.16352056270714,31.292800312492595,0.5251388963528001,24.69799676505802,4.578259086091317,0.009887002766104297,14.338288519968867,500000.0,1003612.399702163,31.292800312615086,0.30319616043909914,18.2112113136175,2.6100253708980374,0.008789410294821434,17.127335784709803,500000.0,1003612.3997060914,0.1138,1.2854963210702341,False
goe430,ok,,0.2,1.7620392964505962,0.7544913957100734,4.142205309921034,1.7678399999999996,0.42678715025685215,0.42678715025685215,10.701716247516657,3.2701661692623096,0.08095872401545057,3.00000002997,11.245864321663824,24.94758059915048,13.701716277486657,0.04953255427054297,28.163520562707127,31.29280031251735,0.6022705165367751,24.076433109945523,-0.4412778561868095,0.00856919016059574,15.23174764929089,500000.0,883817.4223371063,31.292800312615068,0.330779159407213,17.91626221488413,-2.816629263254794,0.00913896725168916,17.898109773283398,500000.0,883817.4223398662,0.1335871982697197,1.6211866220735787,False
goe431,ok,,0.2,1.701105137840731,0.8567571807676471,3.6477759810532033,1.76783999999974,0.4846350239658414,0.4846350239658414,11.301410400979922,3.6065927160738402,0.1062380544627652,3.00000002997,10.106737032629088,24.40814746357901,14.301410430949922,0.04557183396090174,28.163520562707127,31.29280031248166,0.5189129698397895,24.757823098087027,-3.388526879056476,0.011217572134473662,13.902458759933799,500000.0,1003612.4035072357,31.292800312615068,0.30404549835790107,18.967699430973173,-5.288183657905518,0.011127816314464183,15.13350620942221,500000.0,1003612.4035115143,0.118,1.2584,False
goe432,ok,,0.2,1.840198915738525,0.8142037365888465,3.838422897312469,1.7678399999999996,0.46056415546024904,0.46056415546024904,9.240569375888546,2.2756997900084897,0.07967392958085878,3.00000002997,12.707011193346915,24.94758059920546,12.240569405858546,0.05461292952425834,28.163520562707127,31.29280031255555,0.5581010037125583,24.12210821024149,0.7326131603583134,0.007461387147003615,15.433659229781405,500000.0,953764.949238195,31.292800312615068,0.27383312959872624,17.860742431362095,-1.9061218573466745,0.00923574294907679,16.960939226662084,500000.0,953764.949240009,0.07700000000000001,1.428953177257525,False
goe433,ok,,0.19,1.6707986159487986,0.7701889117522618,4.0577814324666175,1.7678399999999994,0.43566663937475225,0.43566663937475225,12.407405657112857,4.402116884570949,0.08060166879491806,3.00000002997,9.540174911965948,24.947580599048806,15.407405687082857,0.04360191003792612,28.163520562707127,31.292800312461495,0.5899954098051117,24.29318115069266,-0.22064813151869872,0.010033387399649148,14.613456477125307,500000.0,902205.621650142,31.292800312615068,0.3643759600737166,18.794109996507522,-2.1352079867409683,0.010224347366621084,16.717090740995904,500000.0,902205.6216545698,0.17408951385873353,1.5677632107023411,False
goe434,failed,Maximum_Iterations_Exceeded,1.28,,,,,,,,,,,,,,,,,,,,,,,,,,,,,,,,,,
goe435,failed,Infeasible_Problem_Detected,1.04,,,,,,,,,,,,,,,,,,,,,,,,,,,,,,,,,,
goe436,ok,,0.2,1.7533672882897924,0.8101415225595274,3.857669528807989,1.7678399999999996,0.45826631514137456,0.45826631514137456,10.863834201905789,3.359320263287651,0.07975532982336986,3.00000002997,11.083746367267352,24.94758059914314,13.863834231875789,0.04896887374009068,28.16352056270714,31.292800312512522,0.5608994354236081,23.81868776676595,1.3291751558189966,0.007676603680395837,15.358518770558712,500000.0,949006.4383343239,31.292800312615086,0.31170224152644554,18.264567009895867,-0.9317814022037573,0.009407731252939512,17.01861841031445,500000.0,949006.4383374343,0.11,1.4411324414715718,False
goe437,ok,,0.2,1.7455728906511352,0.8567571815348917,3.647775977787613,1.7678399999999996,0.4846350243997714,0.4846350243997714,9.37421016658482,2.32179255222061,0.10623806163244022,3.00000002997,10.938034811477579,23.3122450080324,12.37421019655482,0.04846223789357801,28.163520562707127,31.292800312508277,0.4956142737975186,22.632681540085116,-0.13280036224444,0.008022795538117066,15.566410742424685,500000.0,1003612.4044066987,31.292800312615068,0.26307355633180746,17.875344636074352,-2.3364668063133567,0.009355461932105336,16.374922231186478,500000.0,1003612.4044101236,0.07050000000000001,1.157,False
goe438,ok,,0.2,1.755143945388669,0.8073081409578715,3.871208658805146,1.7678399999999994,0.45666357869370067,0.45666357869370067,10.830620670612143,3.3381800382889746,0.07981258651231717,3.0000000299700034,11.116959898574086,24.947580599156232,13.830620700582147,0.049084356451516355,28.163520562707713,31.29280031251082,0.5628680048709338,24.075758855817483,1.1751044623685163,0.008511621711201126,15.027179955570123,500000.0,945687.3918376379,31.292800312615686,0.3120468475436986,18.35889388189562,-0.9338446496041646,0.010075350004397667,16.44821651564453,500000.0,945687.3918408069,0.10989482969241815,1.4497,False
goe439,ok,,0.2,1.8272463348216268,0.8328053029524268,3.7526877584958367,1.7678399999999967,0.4710863556387616,0.4710863556387616,9.482710052361822,2.4304073421138814,0.07931132563904733,3.0000000299700007,12.46487051687875,24.947580599210575,12.482710082331824,0.053771011764657636,28.163520562708133,31.292800312546433,0.545635241521662,24.29926923586557,-0.044398900409572374,0.008137368903090038,15.07436733227933,500000.0,975554.9769683674,31.292800312616173,0.2730127077252944,18.2842833253096,-2.612282102211328,0.010349273807469367,15.713843888569256,500000.0,975554.9769705415,0.07899999999999999,1.3747,False
goe440,failed,airfoil 'goe440' not found in the aerosandbox UIUC database,0.0,,,,,,,,,,,,,,,,,,,,,,,,,,,,,,,,,,
goe441,ok,,0.2,1.7986310952176403,0.6531207552212837,4.785115525139193,1.7678399999999996,0.36944562586053253,0.36944562586053253,10.017654672209126,2.845276287452428,0.07441653152429381,3.00000002997,11.929925896999325,24.94758059917845,13.017654702179126,0.051911021190400836,28.163520562707127,31.292800312536166,0.695748709536667,24.963977813640593,-2.1400964252416435,0.012704952622264915,14.350281951450198,500000.0,765071.0208717881,31.292800312615068,0.3630418759119126,18.523980313313714,-5.056443225101841,0.01391203823995562,15.348270855256766,500000.0,765071.0208737173,0.15974954138686787,2.028020066889632,False
goe442,ok,,0.2,1.8430764190993698,0.8091337358759505,3.862474306817333,1.7678399999999945,0.45769624845911,0.45769624845911,9.18677604900167,2.241638269919764,0.07977556634111237,3.000000024915732,12.760804480119997,24.9475805540374,12.186776073917402,0.054799967461723054,28.163520467813484,31.292800250007886,0.5615980442555981,24.53963512795074,0.7847458107436783,0.008413079274323814,15.059149363530087,500000.0,947825.9068366692,31.29280025989841,0.274338010041428,17.899967667874346,-1.9290832614074442,0.009464639500115021,16.77278131225319,500000.0,947825.9071362428,0.07702052232700163,1.4441729096989966,False
goe443,failed,too few converged polar points,0.01,,,,,,,,,,,,,,,,,,,,,,,,,,,,,,,,,,
goe444,ok,,0.2,1.5229222538786809,0.8562893803808104,3.6497688015354446,1.7678399999999996,0.4843704070395571,0.4843704070395571,8.76128003950083,1.917736676965311,0.10185909913491854,3.00000002997,6.775715645107691,18.536995714578524,11.76128006947083,0.03398994650336848,28.163520562707127,31.29280031232957,0.39430860235579956,23.024937322425394,3.4482886292393657,0.017468163635077964,12.119614986179597,500000.0,1003064.4182840749,31.292800312615068,0.25017936980890054,16.835391419069033,1.6943294417078407,0.007757939915668059,18.098589727860613,500000.0,1003064.4182932262,0.056,0.7161,False
goe445,failed,too few converged polar points,0.01,,,,,,,,,,,,,,,,,,,,,,,,,,,,,,,,,,
goe446,ok,,0.2,1.7324597985409664,0.7635953829468425,4.0928197516584035,1.7678399999999999,0.43193693034824565,0.43193693034824565,11.254687093951086,3.6358274271823685,0.08074982456770036,3.00000002997,10.692893475204155,24.94758059912524,14.254687123921086,0.04760988690641699,28.16352056270715,31.29280031250072,0.595089929516369,24.439552632483146,-1.2541460124000272,0.010325216597792605,14.540190591486402,500000.0,894481.9078143196,31.29280031261509,0.34002578815547413,18.856820820436276,-3.5167650658452514,0.011948486839387781,15.49835139831007,500000.0,894481.9078175888,0.12872317607961153,1.5899354515050168,False
goe447,ok,,0.2,1.7243320991775315,0.7302147210276423,4.279916818441809,1.7678399999999999,0.41305475666782193,0.41305475666782193,10.72741122792513,3.295045749610605,0.08154114950601514,3.0000000299703595,11.220169341129957,24.947580599025443,13.72741125789549,0.049443213393334115,27.14026319280786,31.292800312516608,0.6222935658912866,23.149348015629506,-2.225152791573025,0.011840086215800282,14.194316061807612,500000.0,855379.5260764535,30.155847690748203,0.3687239065900645,22.10737610993895,-4.470639566205699,0.029479825891205028,9.056246109631267,500000.0,824301.259348415,0.12664439091609758,1.7083304347826085,False
goe448,ok,,0.2,1.6230496831721055,0.7036921429232804,4.4412294453325,1.7678399999999996,0.39805194074309924,0.39805194074309924,10.421517017176816,3.099252210199781,0.08061851869850896,3.000000029964884,11.526063551855904,24.947580598997604,13.4215170471417,0.05050680077699595,23.826957400011445,31.292800312525273,0.6457481829001824,33.47051237430355,-3.9547588695129363,0.03750202644820746,9.132460335137521,500000.0,824310.7600878134,26.47439684668975,0.48537016139492034,25.181562046022382,-5.284127528247563,0.051281663795627305,6.929659152285904,500000.0,697385.0205034638,0.12879036091767804,1.8104090301003344,False
goe449,failed,Maximum_Iterations_Exceeded,1.3,,,,,,,,,,,,,,,,,,,,,,,,,,,,,,,,,,
goe450,ok,,0.2,1.8121939271002003,0.7916984599341365,3.9475361185621063,1.7678399999999994,0.44783377451247663,0.44783377451247663,9.764105722558936,2.6326171152976596,0.08013540369095501,3.00000002997,12.183474846660465,24.9475805991894,12.764105752528936,0.052792605262766884,28.163520562707287,31.292800312542433,0.5739659044614367,23.69123574030531,-0.1918851609273683,0.009061447243026991,14.87837570917679,500000.0,927402.0831864924,31.29280031261525,0.29366220398523935,19.674113295562,-2.7413626166699627,0.016300658738285897,12.22214149070257,500000.0,927402.0831886503,0.08900823013687498,1.498,False
goe456,failed,too few converged polar points,0.01,,,,,,,,,,,,,,,,,,,,,,,,,,,,,,,,,,
goe457,ok,,0.19,1.8282522961832182,0.8296724519375434,3.766857942916549,1.7678399999999954,0.4693142207086306,0.4693142207086306,9.46390421227246,2.4190141569677412,0.07937125651414158,3.0000000299674507,12.483676356952188,24.9475805991921,12.463904242239911,0.053836399253270516,28.163520562660715,31.29280031251207,0.5476955653479528,24.20066653466937,0.6244235278735609,0.007668398666397619,15.284580615118657,500000.0,971885.1295385741,31.29280031259009,0.27363074560336587,18.037990250554433,-1.9970339571730444,0.00945616211706686,16.597555034675647,500000.0,971885.1295409972,0.07832924619415392,1.383666889632107,False
goe458,failed,Maximum_Iterations_Exceeded,1.24,,,,,,,,,,,,,,,,,,,,,,,,,,,,,,,,,,
goe459,failed,Maximum_Iterations_Exceeded,1.28,,,,,,,,,,,,,,,,,,,,,,,,,,,,,,,,,,
goe460,failed,Maximum_Iterations_Exceeded,1.38,,,,,,,,,,,,,,,,,,,,,,,,,,,,,,,,,,
goe462,failed,too few converged polar points,0.01,,,,,,,,,,,,,,,,,,,,,,,,,,,,,,,,,,
goe464,failed,too few converged polar points,0.01,,,,,,,,,,,,,,,,,,,,,,,,,,,,,,,,,,
goe474,ok,,0.2,1.758360607680789,0.8567571815331938,3.6477759777948346,1.7678399999999979,0.48463502439881145,0.48463502439881145,9.696072019639788,2.536367120939463,0.10623806161776794,3.00000002997,11.177093457157726,23.873165506767513,12.696072049609787,0.04929343950050549,28.16352056270713,31.292800312515325,0.5075393460314918,22.303483522707065,1.1242897507031133,0.005668452823922944,16.562317312121753,500000.0,1003612.4044049367,31.29280031261507,0.26991628334164186,17.697702924208947,-0.5989674407671297,0.007844540998781459,18.105066732775843,500000.0,1003612.4044081358,0.0695,1.2089,False
goe476,ok,,0.2,1.6538669270867385,0.7882005574791955,3.96505462466951,1.7678399999999916,0.4458551438360933,0.4458551438360933,12.22364846825537,4.273515678931179,0.08020949700054592,3.00000002997,9.223647215970285,24.447295714195654,15.22364849822537,0.04250135026189217,28.163520562707152,31.292800312449245,0.5649519973425488,24.077351179557656,0.6502399670277668,0.01070819527157543,14.420204822727529,500000.0,923304.6114976642,31.2928003126151,0.3518029448479267,18.977396874392124,-1.426133826598321,0.010955198078472322,15.99475014220839,500000.0,923304.6115025579,0.14439359643358765,1.458769899665552,False
goe477,failed,airfoil 'goe477' not found in the aerosandbox UIUC database,0.0,,,,,,,,,,,,,,,,,,,,,,,,,,,,,,,,,,
goe478,ok,,0.2,1.6877948768713504,0.8106171877245449,3.8554058721266466,1.7678399999999996,0.4585353808741431,0.4585353808741431,12.08967082547464,4.176376039302322,0.07974575592537829,3.0000000299700007,9.857909743629143,24.94758059907378,15.089670855444641,0.04470666699789177,28.16352056270723,31.29280031247246,0.5605703030949862,23.571377508321238,0.9627074326139647,0.007855048936607191,15.28191870086791,500000.0,949563.6364170513,31.292800312615174,0.33906379543982146,18.751318474741037,-1.3833130246606582,0.009851823117417807,16.622299043097758,500000.0,949563.636421382,0.1333364775944105,1.4397,False
goe479,ok,,0.2,1.7183400995218712,0.83717679962393,3.733092301415768,1.7678399999999954,0.47355914541131106,0.47355914541131106,11.518645737415886,3.7860925873696876,0.07922834318586036,3.0000000104743414,10.428934615078637,24.947580362968864,14.518645747890227,0.04669210731463602,28.163520196815256,31.292800028387955,0.5427860957693723,23.537935890345576,0.612512308674666,0.0072185942223684935,15.450372640774223,500000.0,980675.775194921,31.292800109426466,0.3158830990906028,18.19392241220413,-1.1487875282376694,0.008675002089987444,17.424686332885393,500000.0,980675.7777345629,0.116,1.3623,False
goe480,failed,airfoil 'goe480' not found in the aerosandbox UIUC database,0.0,,,,,,,,,,,,,,,,,,,,,,,,,,,,,,,,,,
goe481,failed,airfoil 'goe481' not found in the aerosandbox UIUC database,0.0,,,,,,,,,,,,,,,,,,,,,,,,,,,,,,,,,,
goe481a,failed,Infeasible_Problem_Detected,0.75,,,,,,,,,,,,,,,,,,,,,,,,,,,,,,,,,,
goe482,failed,Maximum_Iterations_Exceeded,1.25,,,,,,,,,,,,,,,,,,,,,,,,,,,,,,,,,,
goe483,ok,,0.4,1.7040044193565507,0.8567571547236295,3.647776091940604,1.7678399999999752,0.48463500923366454,0.48463500923366454,8.48346991935241,1.727965126252006,0.10623820762256173,3.000000012032527,13.083550114702533,24.56702004608747,11.483469931384938,0.05592214656631818,23.760540046547064,31.292800105136536,0.5222905961100984,26.277541289212483,-0.34084855525106217,0.00803964521878967,15.143986426545217,500000.0,1003612.3663490214,26.400599945830315,0.34300000247924417,17.12421061722166,-1.9999999771074164,0.010069999959297813,15.970646557845136,500000.0,846711.33601494,0.05450000000000001,1.2731,False
goe484,ok,,0.2,1.8801844969638812,0.7904468078652954,3.953786939870329,1.767839999999999,0.4471257624362476,0.4471257624362476,8.493063087470668,1.785686695286673,0.0801618404799053,3.00000002997,13.454517481787631,24.947580599228296,11.493063117440668,0.057211992303906084,28.16352056270731,31.292800312572254,0.5748747646205987,23.39188635766166,-0.2830635535283208,0.008440406824448724,15.12713461070243,500000.0,925935.8876662111,31.292800312615267,0.2648381845329854,19.908355226452127,-3.046048747864534,0.018323948373882445,10.76660795119924,500000.0,925935.8876674839,0.0625,1.5019555183946487,False
goe488,failed,Restoration_Failed,0.83,,,,,,,,,,,,,,,,,,,,,,,,,,,,,,,,,,
goe490,failed,too few converged polar points,0.01,,,,,,,,,,,,,,,,,,,,,,,,,,,,,,,,,,
goe491,ok,,0.19,1.772122257576254,0.856757181550038,3.647775977722817,1.767839999999925,0.48463502440835954,0.48463502440835954,8.560138916848802,1.7790783856113077,0.10623806176045787,3.0000000299700007,11.434359189478025,22.994498136296826,11.560138946818803,0.05018794674371034,28.163520562707294,31.292800312521656,0.4888590305661701,22.14210131512468,1.7976412897290386,0.006935107470837159,16.237812468514015,500000.0,1003612.4044249125,31.292800312615245,0.2457665431626703,17.206447025773617,-0.1268108198402928,0.007744973232511508,18.069347874180973,500000.0,1003612.4044279142,0.0485,1.1276,False
goe492,failed,too few converged polar points,0.01,,,,,,,,,,,,,,,,,,,,,,,,,,,,,,,,,,
goe493,failed,Maximum_Iterations_Exceeded,1.28,,,,,,,,,,,,,,,,,,,,,,,,,,,,,,,,,,
goe494,failed,too few converged polar points,0.01,,,,,,,,,,,,,,,,,,,,,,,,,,,,,,,,,,
goe495,ok,,0.2,1.8699543539441545,0.8030348867353038,3.891808833244558,1.7678399999999994,0.45424636094629833,0.45424636094629833,8.684309431885284,1.9088094899537746,0.07989971619925262,3.00000002997,13.263271137366774,24.947580599222057,11.684309461855284,0.05654703300762423,28.16352056270714,31.29280031256823,0.5658632397205722,24.0777627398995,-0.4732079507894153,0.007204855065404703,15.586834408605435,500000.0,940681.666719827,31.292800312615086,0.26502454535288683,17.868803200701233,-3.193524383361156,0.009605627664025866,16.5757628161355,500000.0,940681.6667212355,0.069,1.4627357859531773,False
goe496,ok,,0.2,1.8109365781708369,0.7863934506550061,3.974166192504396,1.7678399999999996,0.4448329320837894,0.4448329320837894,9.787611101312514,2.650109999639114,0.0802480323074202,3.00000002997,12.159969467904878,24.94758059918739,12.787611131282514,0.05271087758235858,28.163520562707138,31.292800312542074,0.577837877767577,24.177709690928705,-0.41689508655773416,0.008037050945779,15.306191094921594,500000.0,921187.7517133618,31.29280031261508,0.29618768234477644,17.786488206848933,-2.9780750470530477,0.009031707646363282,17.589477985702196,500000.0,921187.751715511,0.0995,1.5148515050167224,False
goe497,ok,,0.2,1.772515604119199,0.755121326043103,4.138749837693773,1.7678399999999996,0.4271434779409354,0.4271434779409354,10.505868003684972,3.1393954619285993,0.08094411061973515,3.00000002997,11.441712565504144,24.947580599159117,13.505868033654972,0.05021351426900216,28.163520562707127,31.29280031252292,0.6017680959932473,24.146879687605182,-0.45267036237870034,0.008490785104600029,15.259269591987698,500000.0,884555.3279069704,31.292800312615068,0.32577910547264427,17.851262867134942,-2.9500198350778644,0.008900835315922147,18.128683373549958,500000.0,884555.3279095751,0.127,1.619,False
goe498,ok,,0.2,1.6916680855952007,0.7683824511975059,4.067321241823467,1.7678399999999996,0.4346447931925435,0.4346447931925435,12.017263527927621,4.142624275395917,0.08064201572675253,3.00000002997,9.93031704117966,24.94758059907728,15.017263557897621,0.044958425564942256,28.163520562707127,31.29280031247557,0.591382483955164,24.2403345819149,-0.6937319814265653,0.00954125698322949,14.802090722426767,500000.0,900089.5189088417,31.292800312615068,0.3559842843168588,18.508443851526618,-2.904102220593043,0.00959301144458408,17.270324635962904,500000.0,900089.518912854,0.15918141834898206,1.5738,False
goe499,ok,,0.19,1.849725618801906,0.8562051921604614,3.6501276729168612,1.7678399999999996,0.4843227849581759,0.4843227849581759,9.062473416027403,2.1193396374837987,0.1010850503490629,3.00000002997,12.8851071526841,24.947580598681505,12.062473445997403,0.055232165223378114,28.163520562707127,31.292800312559727,0.5307231569811889,24.4544552908441,-1.837788709561846,0.00925069064152648,14.52336696131537,500000.0,1002965.7995181658,31.292800312615068,0.25661141620190625,19.314409075236714,-4.111108306565704,0.014123324580558316,12.515323871411415,500000.0,1002965.7995199396,0.068,1.3098,False
goe500,ok,,0.19,1.8174892803528548,0.7733401450422791,4.041246643712177,1.7678399999999996,0.4374491724603354,0.4374491724603354,9.665112292065476,2.572866851217654,0.08053173575885075,3.00000002997,12.28246827715644,24.947580599191916,12.665112322035476,0.05313680322418977,28.163520562707138,31.292800312545168,0.5875912760121331,24.250169451578927,-1.222753757764393,0.008338532941356083,15.240359655526607,500000.0,905897.0022294625,31.29280031261508,0.29830185257922553,17.946197791974363,-3.8283165087812936,0.009697685864659664,17.060155271179156,500000.0,905897.0022314864,0.1,1.5573,False
goe501,ok,,0.2,1.777255772227858,0.7457531403551532,4.1907410059468795,1.7678399999999996,0.42184425081181176,0.42184425081181176,10.417253424110232,3.0833494657312794,0.08116399556737199,3.00000002997,11.530327145082689,24.94758059916292,13.417253454080232,0.050521625196064984,28.163520562707127,31.292800312525387,0.6093275348467818,24.182499933743106,-1.4440478705014064,0.00905426240983066,15.08667881770396,500000.0,873581.3581921052,31.292800312615068,0.32770720748033694,18.266074155508253,-3.962884298957624,0.010651080678444343,16.62270658532309,500000.0,873581.3581946087,0.128,1.6519,False
goe502,failed,Maximum_Iterations_Exceeded,1.29,,,,,,,,,,,,,,,,,,,,,,,,,,,,,,,,,,
goe503,failed,Infeasible_Problem_Detected,1.06,,,,,,,,,,,,,,,,,,,,,,,,,,,,,,,,,,
goe504,failed,Restoration_Failed,1.79,,,,,,,,,,,,,,,,,,,,,,,,,,,,,,,,,,
goe505,failed,Infeasible_Problem_Detected,1.19,,,,,,,,,,,,,,,,,,,,,,,,,,,,,,,,,,
goe506,failed,Infeasible_Problem_Detected,1.31,,,,,,,,,,,,,,,,,,,,,,,,,,,,,,,,,,
goe507,failed,airfoil 'goe507' not found in the aerosandbox UIUC database,0.0,,,,,,,,,,,,,,,,,,,,,,,,,,,,,,,,,,
goe508,failed,Maximum_Iterations_Exceeded,1.79,,,,,,,,,,,,,,,,,,,,,,,,,,,,,,,,,,
goe509,ok,,0.24,1.7201981731803233,0.824759189698233,3.789297900085822,1.7678399999999996,0.4665349747139069,0.4665349747139069,11.483910773640412,3.767469347055152,0.07946616381331179,3.00000002997,10.463669795500007,24.947580599110417,14.483910803610412,0.04681288125797523,28.163520562707127,31.292800312493494,0.5509583018809195,24.730803644976632,1.1822610505441495,0.009988028372864518,14.377592902083578,500000.0,966129.693767222,31.292800312615068,0.3198719358451313,18.55095430422,-1.4040969548226452,0.009857063236255239,16.48228475284682,500000.0,966129.6937709755,0.11054193800156854,1.397866889632107,False
goe510,failed,Infeasible_Problem_Detected,1.54,,,,,,,,,,,,,,,,,,,,,,,,,,,,,,,,,,
goe511,failed,Maximum_Iterations_Exceeded,1.45,,,,,,,,,,,,,,,,,,,,,,,,,,,,,,,,,,
goe512,ok,,0.21,1.6810610991380242,0.7828917116860826,3.991941949250241,1.7678399999999994,0.44285213123703665,0.44285213123703665,12.215554732772121,4.269934207777295,0.08032321206839052,3.00000002997,9.73202583632112,24.94758059906324,15.215554762742121,0.044268971445225784,28.163520562707127,31.292800312468522,0.5804224464684234,25.052679199158035,1.940759561918047,0.011448192610287823,14.055188368907283,500000.0,917085.7859011112,31.292800312615068,0.3540002400078006,18.78630083490341,-1.227886670416064,0.010187725057539685,16.627165864169022,500000.0,917085.785905406,0.13908445542308195,1.5261,False
goe513,failed,Maximum_Iterations_Exceeded,1.43,,,,,,,,,,,,,,,,,,,,,,,,,,,,,,,,,,
goe514,failed,Maximum_Iterations_Exceeded,1.56,,,,,,,,,,,,,,,,,,,,,,,,,,,,,,,,,,
goe515,ok,,0.2,1.727522545895164,0.8567571814940508,3.6477759779614995,1.7678399999999996,0.4846350243766692,0.4846350243766692,10.409012054701284,3.0116604780071694,0.10623806127224446,3.00000002997,10.600594519249057,24.00960660392034,13.409012084671284,0.04728896548443988,28.163520562707127,31.292800312497867,0.5104400600474639,22.469091498882996,1.1066476041274573,0.0060550166085852845,16.299090684951516,500000.0,1003612.4043585234,31.292800312615068,0.28507326448688775,17.601508919530726,-0.09560089987841362,0.00734674301747475,18.722634204841576,500000.0,1003612.4043622821,0.0845,1.221524414715719,False
goe517,failed,airfoil 'goe517' not found in the aerosandbox UIUC database,0.0,,,,,,,,,,,,,,,,,,,,,,,,,,,,,,,,,,
goe518,failed,Infeasible_Problem_Detected,0.44,,,,,,,,,,,,,,,,,,,,,,,,,,,,,,,,,,
goe522,failed,Maximum_Iterations_Exceeded,1.38,,,,,,,,,,,,,,,,,,,,,,,,,,,,,,,,,,
goe523,ok,,1.16,1.6150478781938107,0.6450933741347176,4.8446603095125536,1.7678399999999996,0.36490484101203596,0.36490484101203596,9.982500642134134,2.8242452706899486,0.0734361401895164,3.000000002682377,11.965079669321556,24.947580314138065,12.982500644816511,0.052033249444467404,22.940211194268596,31.292799989316595,0.7044064394887192,27.474914933763756,-4.704272473204792,0.0135321999248621,14.157289256572088,500000.0,755667.6728822059,25.489123526396853,0.5525000040298504,18.32989639172254,-5.999999966408785,0.016889999900069567,14.103452240856813,500000.0,615518.7987516371,0.16469328199672845,2.0657,False
goe525,ok,,1.18,1.6150478781938107,0.6450933741347176,4.8446603095125536,1.7678399999999996,0.36490484101203596,0.36490484101203596,9.982500642134134,2.8242452706899486,0.0734361401895164,3.000000002682377,11.965079669321556,24.947580314138065,12.982500644816511,0.052033249444467404,22.940211194268596,31.292799989316595,0.7044064394887192,27.474914933763756,-4.704272473204792,0.0135321999248621,14.157289256572088,500000.0,755667.6728822059,25.489123526396853,0.5525000040298504,18.32989639172254,-5.999999966408785,0.016889999900069567,14.103452240856813,500000.0,615518.7987516371,0.16469328199672845,2.0657,False
goe526,failed,too few converged polar points,0.01,,,,,,,,,,,,,,,,,,,,,,,,,,,,,,,,,,
goe527,ok,,0.2,1.6586953338838226,0.7590648432377368,4.11724807629001,1.7678399999999859,0.42937417596487404,0.42937417596487404,12.313912625838473,4.343469149670904,0.08085317314010501,3.00000002997,9.313911364529929,24.6278240203384,15.313912655808473,0.04281519670370263,28.16352056270715,31.29280031245282,0.5909688976434178,23.69179706444724,0.1458060977208981,0.009862522454732304,14.824955302025636,500000.0,889174.7963597897,31.29280031261509,0.36747241953828447,18.935407362632535,-2.088019640920915,0.011226387861133679,16.09872847787905,500000.0,889174.7963644007,0.16523851975934534,1.572,False
goe528,ok,,0.2,1.772502593260688,0.7502506621954693,4.165618803260381,1.7678399999999999,0.4243883282398121,0.4243883282398121,10.506111233825878,3.14113891102359,0.08105774700506672,3.00000002997,11.441469335363252,24.94758059915913,13.506111263795878,0.050212668563198934,28.163520562707127,31.29280031252291,0.6056748037877286,24.424977695579017,-0.28006219814518424,0.010334856996361691,14.601186953777788,500000.0,878849.7922423312,31.292800312615068,0.3278999844122093,18.898848870077043,-3.007847326481947,0.013086360916824896,14.760228687151,500000.0,878849.7922449195,0.12444420989897605,1.6360026755852843,False
goe529,ok,,0.2,1.78217557160889,0.8237379076682414,3.793995925775304,1.7678399999999947,0.4659572742263122,0.4659572742263122,10.325280744211208,2.9954186388032356,0.07948602836424504,3.000000029892192,11.622299824332991,24.94758059843639,13.3252807741034,0.050841412159189275,28.163520561252504,31.29280031146986,0.5516413878773937,24.508946080101826,-0.19038675718593132,0.009734659433988206,14.477872136173719,500000.0,964933.3555714904,31.29280031181043,0.29464886788935896,19.073843335349554,-2.5814953657400665,0.012725095094103269,14.153361571450546,500000.0,964933.3555819921,0.09697642971387135,1.4008397993311037,False
goe530,ok,,0.2,1.7059672385232516,0.7939953956031642,3.936116358994594,1.7678399999999996,0.44913306385372226,0.44913306385372226,11.749949501099968,3.955719310855849,0.08008710725922795,3.00000002997,10.197631068024824,24.947580599094792,14.749949531069968,0.04588787050526554,28.163520562707138,31.29280031248467,0.5723054883354802,24.60986683979586,1.3760045855450536,0.010529552081462763,14.32199222466056,500000.0,930092.7325067142,31.292800312615082,0.33836856586961356,19.01190579621641,-1.1083930876014365,0.011493872804506948,15.534601039683704,500000.0,930092.7325105902,0.12893699010869936,1.4907735785953178,False
goe531,failed,too few converged polar points,0.01,,,,,,,,,,,,,,,,,,,,,,,,,,,,,,,,,,
goe532,ok,,0.2,1.7658396304031494,0.7793437708488716,4.010115153927419,1.7678399999999994,0.44084519574671455,0.44084519574671455,10.630671299804913,3.214549669094051,0.08040005877275415,3.0000000299700007,11.316909269384047,24.94758059915896,13.630671329774913,0.04977957597745842,28.163520562707347,31.292800312518526,0.5830648035102343,24.20015623897138,0.4813295079692761,0.009188351173512388,14.884735563072457,500000.0,912929.6988442248,31.292800312615302,0.3185705591357314,18.63294573632721,-2.003636782244109,0.011451296224071794,15.614596288352518,500000.0,912929.6988470481,0.125,1.5376,False
goe533,ok,,0.2,1.7588672973947608,0.7574759329294476,4.125884572349958,1.7678399999999996,0.4284753897012443,0.4284753897012443,10.761014853874514,3.3087244645312417,0.08088968582322766,3.00000002997,11.186565715303658,24.94758059914817,13.761014883844513,0.04932637433191367,28.16352056270713,31.292800312515627,0.5998975054685817,24.003852437370966,0.4920830934431208,0.008900111250291245,15.09200241619353,500000.0,887313.5337666834,31.29280031261507,0.3309017669538539,18.48232044943348,-1.9847582739039338,0.01110110909371611,16.15156705099675,500000.0,887313.5337695032,0.13699999999999998,1.6108588628762541,False
goe534,ok,,0.2,1.7889942097227152,0.7323863100063802,4.267226493587479,1.7678399999999996,0.41428314214316925,0.41428314214316925,10.197810425543874,2.9412979984407244,0.08148731067983776,3.00000002997,11.74977014365813,24.947580599172007,13.197810455513874,0.051284623633230705,28.163520562707127,31.29280031253138,0.6204484114577213,24.70594085532305,0.7036512029485846,0.010370754729439356,14.67585266590559,500000.0,857923.3432555258,31.292800312615068,0.3282306474268542,18.199611171186824,-1.9797656866190545,0.010872656400900014,16.57561998273785,500000.0,857923.34325782,0.14099604482626987,1.7003,False
goe535,ok,,0.2,1.7555892426273894,0.7147575817353978,4.3724730530483065,1.7678399999999999,0.4043112395552753,0.4043112395552753,10.822296107697644,3.3630739700749075,0.08193081814378689,3.00000002997,11.125284461477355,24.947580599145,13.822296137667644,0.04911330077203452,28.163520562707127,31.29280031251384,0.6357511053098303,24.453574184076118,-0.12808952552492156,0.010476709345802467,14.726788085277935,500000.0,837272.9060623504,31.292800312615068,0.35224017064349394,18.44232081262352,-2.859623117030574,0.01152402543170628,16.33769319604719,500000.0,837272.906065059,0.16050000000000003,1.7669,False
goe546,ok,,0.2,1.761690723582166,0.8302879016356265,3.7640657649514013,1.7678399999999994,0.4696623572470511,0.4696623572470511,10.70823260675176,3.2483420663885694,0.07935944743231922,3.0000000299700025,11.239347962438744,24.947580599160506,13.708232636721764,0.049509897034093815,28.163520562707642,31.292800312514025,0.5472895868070293,23.44775612285917,0.7325582915152272,0.006183510744698609,15.943208417293913,500000.0,972606.072373542,31.292800312615615,0.3007254729866894,17.773102053404067,-1.4038104414373478,0.007547674472962875,18.742432039390284,500000.0,972606.0723766995,0.104,1.3819,False
goe547,ok,,0.2,1.7232286134077466,0.8567571761224282,3.6477760008308,1.7678399999997059,0.4846350213382267,0.4846350213382267,11.3754484501647,3.655951444673003,0.10623802105970986,3.0000000292692164,10.520322058871216,24.895770538305133,14.375448479433917,0.047009859903124396,28.163520549549716,31.29280030238619,0.5292797548089301,23.610250714255624,0.057929248147641575,0.007093141526880813,15.45143476002028,500000.0,1003612.3977420289,31.292800305305548,0.305619536191322,18.283893965019853,-1.8146966587181155,0.008510469742925545,17.397782816722234,500000.0,1003612.3978356576,0.10504743315859986,1.303518060200669,False
goe548,failed,Maximum_Iterations_Exceeded,1.37,,,,,,,,,,,,,,,,,,,,,,,,,,,,,,,,,,
goe549,ok,,0.2,1.7099409477275298,0.8005811460285002,3.903737030410583,1.7678399999999996,0.45285837294579845,0.45285837294579845,11.675663407777781,3.9039046240702318,0.07995016445484084,3.00000002997,10.27191716135162,24.947580599099403,14.675663437747781,0.046146161603543616,28.16352056270714,31.292800312487135,0.5675975819203551,24.007976650657877,0.6599396925826921,0.008872729482637785,14.91284538924586,500000.0,937807.3346853746,31.292800312615086,0.3338949461325785,18.738109291120722,-1.4091258821376547,0.010497347380460249,16.21011538496319,500000.0,937807.3346892092,0.13849999999999998,1.4702839464882942,False
goe54,failed,too few converged polar points,0.01,,,,,,,,,,,,,,,,,,,,,,,,,,,,,,,,,,
goe550,ok,,0.2,1.7215557564429491,0.8117113457293672,3.8502089222268823,1.7678399999999996,0.45915430453512046,0.45915430453512046,11.45853157457117,3.7552281824499056,0.07972377643423921,3.00000002997,10.489048994571228,24.9475805991124,14.45853160454117,0.046901124170045855,28.163520562707152,31.292800312494155,0.5598146742774965,24.443437271593663,0.5649039467325534,0.009281135518212087,14.705201259066548,500000.0,950845.3420977866,31.292800312615093,0.32444421327783785,18.39402400414136,-1.6473258360537015,0.009328898962782928,17.077462883186662,500000.0,950845.3421014614,0.1295,1.4364113712374582,False
goe553,ok,,0.2,1.762070200103992,0.7540067055084471,4.144868000202401,1.7678399999999994,0.4265129794033664,0.4265129794033664,10.701138522383225,3.269938774554405,0.0809699862933694,3.00000002997,11.246442046797267,24.94758059915049,13.701138552353225,0.049534563008013704,28.163520562707127,31.292800312517368,0.6026576677596505,24.05043484034459,0.5422683401112695,0.00897998887965788,15.077304397520582,500000.0,883249.6522511004,31.292800312615068,0.3309778346138556,18.440736741372998,-1.9678622802932881,0.011038325003090188,16.23569774762675,500000.0,883249.6522538579,0.13675548533903803,1.6228715719063544,False
goe559,failed,too few converged polar points,0.01,,,,,,,,,,,,,,,,,,,,,,,,,,,,,,,,,,
goe55,ok,,0.2,1.8938677123531318,0.8269298601800866,3.7793510865830426,1.7678399999998795,0.4677628406304547,0.4677628406304547,8.237263251062963,1.6022505657210209,0.0794239851175211,3.00000001538018,13.710317215766608,24.94758048220975,11.237263266443144,0.058101401936378784,28.163520288796956,31.292800142222248,0.5495120533206072,24.99986661879192,3.2479499732714197,0.009022294749314262,14.739926049872397,500000.0,968672.4297403862,31.292800160455876,0.24751945817943843,18.06769498602804,0.5457698320860653,0.010369664802835252,15.370993326274371,500000.0,968672.4303048104,0.061621737042225344,1.391572575250836,False
goe561,failed,Infeasible_Problem_Detected,1.22,,,,,,,,,,,,,,,,,,,,,,,,,,,,,,,,,,
goe562,ok,,0.2,1.6824135594087108,0.8036716177956619,3.8887254400896523,1.7678399999999994,0.4546065355437495,0.4546065355437495,12.190271304672699,4.245893953136381,0.07988666293859531,3.000000029960167,9.757309264347356,24.94758059898022,15.190271334632865,0.04435688136322921,28.163520562530003,31.29280031230383,0.565414918926512,24.60665651447904,0.5755213709886735,0.012075412811477167,13.73986196713373,500000.0,941427.5387094703,31.292800312520832,0.3442741071000977,20.045320421158166,-1.8341512340600152,0.015469506052090938,13.11557121284488,500000.0,941427.5387159989,0.14098590303091496,1.4607846153846153,False
goe563,ok,,0.2,1.739585029051036,0.8567571814989082,3.647775977940816,1.7678399999999992,0.484635024379417,0.484635024379417,10.532069119751394,3.0936985213282235,0.1062380613161513,3.00000002997,10.82609535572325,24.358164505444645,13.532069149721394,0.04807302688957156,28.163520562707127,31.29280031250488,0.5178503404007856,22.927471295011568,1.5870229801317965,0.005913038762326879,16.226474680276898,500000.0,1003612.4043644386,31.292800312615068,0.2876894362830366,17.09129254026246,-0.05091737539795992,0.005693187501824258,20.971889713197893,500000.0,1003612.4043679725,0.08891878556803798,1.2537752508361204,False
goe564,ok,,0.2,1.7521679923239288,0.8567571811822923,3.6477759792742535,1.7678399999964605,0.4846350242012895,0.4846350242012895,10.31055931422243,2.946025321483021,0.10623805841156336,3.000000029968895,11.061326253623065,24.37188559781439,13.310559344191326,0.048890919502355114,28.163520562687403,31.292800312488982,0.5181420486271245,22.844236725395394,0.9956383601359308,0.005759238961837819,16.29919959248489,500000.0,1003612.4039950512,31.292800312604676,0.2829801764506925,17.56212392668108,-0.6196311120162497,0.006962319853522475,19.215807648587173,500000.0,1003612.4039987616,0.082,1.2550448160535117,False
goe565,ok,,0.19,1.787079402365125,0.8567571411381807,3.647776149759517,1.7678399999943444,0.4846350015504353,0.4846350015504353,10.161520730289705,2.8466663290124576,0.1062378744502894,3.000000014469989,11.713974282360024,24.87549502711972,13.161520744759695,0.05116016182635798,28.163520271812356,31.29280010611542,0.5288487291944176,23.446096811859405,1.3750321719844818,0.005734671915525159,16.098054288526395,500000.0,1003612.3504695062,31.292800151078236,0.27981165771455097,17.46136832994584,-0.6430741527763867,0.0067149210073819505,19.558862097379986,500000.0,1003612.3519115389,0.08399999999999999,1.3016421404682275,False
goe566,ok,,0.2,1.748879135531507,0.8567571815073907,3.6477759779046637,1.76783999999999,0.48463502438421774,0.48463502438421774,10.4523413196664,3.040546654528441,0.10623806139165416,3.00000002997,10.999843062438714,24.452184412075113,13.4523413496364,0.048677143810802175,28.16352056270713,31.292800312510085,0.5198491872561166,23.218876161258958,1.6167850044333163,0.006198377476485957,16.044548388233284,500000.0,1003612.4043745472,31.29280031261507,0.2859944371186719,17.17039218638915,-0.00031968391127495043,0.005798750574048282,20.83119502737756,500000.0,1003612.4043779143,0.08650000000000001,1.2624745819397993,False
goe567,ok,,0.2,1.7050482683685035,0.7950083425376973,3.931101220427516,1.7678399999999996,0.44970604949412696,0.44970604949412696,11.767129093081012,3.966821504143428,0.08006588143417726,3.000000029970008,10.180451476071262,24.947580599122283,14.76712912305102,0.045828137445203476,28.16352056270863,31.292800312476633,0.5715762946169478,24.193448223638622,-0.5291864755565899,0.009153747138030313,14.828187860522304,500000.0,931279.3068713155,31.292800312616652,0.33833104226951877,18.561071627845674,-2.6425604214280294,0.009787522949662949,16.844041269362545,500000.0,931279.3068754826,0.14740031914355506,1.4876,False
goe570,failed,Infeasible_Problem_Detected,1.03,,,,,,,,,,,,,,,,,,,,,,,,,,,,,,,,,,
goe571,failed,Infeasible_Problem_Detected,1.03,,,,,,,,,,,,,,,,,,,,,,,,,,,,,,,,,,
goe572,failed,Infeasible_Problem_Detected,0.89,,,,,,,,,,,,,,,,,,,,,,,,,,,,,,,,,,
goe573,failed,Restoration_Failed,0.58,,,,,,,,,,,,,,,,,,,,,,,,,,,,,,,,,,
goe574,ok,,0.22,1.6248343438265584,0.855523661117384,3.653035453768929,1.7678399999999996,0.483937268710621,0.483937268710621,11.229406978046248,3.5703446887733477,0.09497204910344709,3.00000002997,8.680900608528116,22.910307616544365,14.229407008016247,0.04061423234998052,28.163520562707127,31.29280031242718,0.4877714261115644,22.726901169998396,0.3673503199815444,0.010324383999697073,14.621756881404213,500000.0,1002167.4484483408,31.292800312615068,0.30295089289532273,18.927823482707552,-1.7228489266406144,0.011245967649176734,15.048374483317954,500000.0,1002167.4484543579,0.10249280080993702,1.1228665551839465,False
goe575,failed,Infeasible_Problem_Detected,1.34,,,,,,,,,,,,,,,,,,,,,,,,,,,,,,,,,,
goe57,failed,Restoration_Failed,0.46,,,,,,,,,,,,,,,,,,,,,,,,,,,,,,,,,,
goe584,failed,airfoil 'goe584' not found in the aerosandbox UIUC database,0.0,,,,,,,,,,,,,,,,,,,,,,,,,,,,,,,,,,
goe585,ok,,0.21,1.806038030554307,0.8396846987054142,3.721942617768754,1.7678399999999992,0.4749777687491032,0.4749777687491032,9.879186490124772,2.692195288075479,0.07918129597207008,3.000000029970001,12.068394079093466,24.94758059918824,12.879186520094773,0.05239247198728358,28.163520562707383,31.292800312538343,0.5411649436002225,23.564942164706856,1.0918247607025438,0.006122208021685715,15.939500469615844,500000.0,983613.5576970883,31.292800312615338,0.2793763595238349,17.630335927574166,-0.9510732163342436,0.007808443226001051,18.349535762511746,500000.0,983613.5576995084,0.082,1.355244481605351,False
goe587,failed,too few converged polar points,0.01,,,,,,,,,,,,,,,,,,,,,,,,,,,,,,,,,,
goe590,ok,,0.21,1.6170321991901138,0.8567571814546628,3.647775978129148,1.7678399999999872,0.4846350243543924,0.4846350243543924,8.835340252356879,1.9625459434920491,0.10623806091070244,3.00000002997,8.53504422729417,20.370384509621047,11.835340282326879,0.04010709294861161,28.163520562707127,31.29280031242084,0.43307083136930974,19.747689159784603,1.0994947960860724,0.008055969953971828,16.504034515852123,500000.0,1003612.4043099207,31.292800312615068,0.25161727571325304,17.466915662571353,-0.28643429737417303,0.009393661870099778,16.19978664134485,500000.0,1003612.4043161499,0.05699966000000001,0.8848,False
goe591,ok,,0.21,1.7290569104636953,0.8362744917501761,3.7371201638105456,1.7678399999999996,0.4730487440889313,0.4730487440889313,11.318302031097051,3.652862646613378,0.07924548700199215,3.00000002997,10.629278538052578,24.94758059911963,14.318302061067051,0.04738869918139441,28.163520562707127,31.292800312498773,0.5433717363133246,24.088375046639932,0.06320228962391079,0.00837455397228785,14.961905461178382,500000.0,979618.813238916,31.292800312615068,0.31186032733760893,18.54295623192563,-2.164902310529735,0.009686162752258545,16.508876126279713,500000.0,979618.8132425566,0.112,1.364848829431438,False
goe592,ok,,0.21,1.704710718751663,0.7623420908845513,4.0995483562684285,1.7678399999999996,0.43122799058995803,0.43122799058995803,11.773439379250565,3.9820759176879634,0.08077831037393056,3.00000002997,10.174141189873005,24.94758059909357,14.773439409220565,0.04580619672011229,28.163520562707138,31.292800312483926,0.5960682586600157,24.829031992819857,-1.8395854322315905,0.01200676507252864,13.97282703002624,500000.0,893013.7911908712,31.29280031261508,0.3529792505538375,19.407869474563753,-4.163712835886689,0.013648559400312857,14.467782053552838,500000.0,893013.7911946139,0.14253484917073928,1.5941933110367894,False
goe593,ok,,0.21,1.72379314644503,0.8076708130764386,3.8694703522785603,1.7678399999999994,0.45686872854808064,0.45686872854808064,11.41670491995182,3.728774827771608,0.07980522960796306,3.0000000299700025,10.53087564920613,24.947580599127953,14.416704949921822,0.04704655452017997,28.163520562707642,31.292800312492474,0.5626152576768065,23.60670267355388,0.4214561334299461,0.007115134762833652,15.607747638177486,500000.0,946112.2289376889,31.29280031261561,0.3251240391009363,17.998204916356908,-1.3095554575819424,0.007942118702294889,18.46893297007176,500000.0,946112.2289414118,0.11900000000000001,1.4486,False
goe595,ok,,0.21,1.692756350432359,0.8567571805750712,3.647775981870968,1.7678399999992174,0.4846350238570518,0.4846350238570518,10.89900168957391,3.3383202438420425,0.1062380527057248,3.00000002997,9.950661494963644,23.84966321450755,13.899001719543909,0.04502916277935756,28.163520562707127,31.29280031247628,0.5070396919535409,22.28436641786181,0.6079522525156793,0.005999313089946672,16.39529219783333,500000.0,1003612.403281775,31.292800312615068,0.2954903592091383,17.37036101000354,-0.739248752358342,0.0062658170944155725,20.058294053202744,500000.0,1003612.4032862261,0.0955,1.2067254180602007,False
goe596,ok,,0.21,1.772469342133745,0.8352674561365556,3.741625802177806,1.7678399999999874,0.4724791022584406,0.4724791022584406,10.506732607936245,3.1121862229803963,0.07926451308791282,3.0000000219054845,11.44084788449211,24.947580514333836,13.506732629841729,0.05021050758933484,28.163520411322917,31.292800203498782,0.54402685139358,23.81000833474585,1.3314479396170862,0.007637331747481991,15.275868439471822,500000.0,978439.160035858,31.292800228530812,0.29453859099435425,18.56815665461581,-1.1248999081029716,0.010503217351679648,15.747733973716866,500000.0,978439.1608185404,0.0975,1.3677,False
goe598,failed,Infeasible_Problem_Detected,0.41,,,,,,,,,,,,,,,,,,,,,,,,,,,,,,,,,,
goe599,ok,,0.23,1.694809238114117,0.8567571812399107,3.647775979043537,1.7678399999999992,0.484635024232912,0.484635024232912,11.142586337149323,3.5007100021210724,0.10623805889025559,3.00000002997,9.989038990164428,24.131625357283752,14.142586367119323,0.045162600478671835,28.163520562707127,31.292800312477613,0.5130341576722586,23.522740403593147,2.6107329140935653,0.007870557296164135,15.364881806402378,500000.0,1003612.4040601724,31.292800312615068,0.30066892621919844,17.339568211801605,0.7196269535853177,0.005873437704747396,20.539555680098264,500000.0,1003612.4040645807,0.09970389865016702,1.2328143812709031,False
goe600,ok,,0.21,1.5843957743151162,0.7485306610770679,4.175190714436497,1.7678399999999963,0.42341538887968905,0.42341538887968905,10.9249271001565,3.4209049262069535,0.08109823181314386,3.00000002997,7.924925977698425,21.849853107824927,13.9249271301265,0.03798572533173676,28.16352056270713,31.292800312392444,0.5316874232802232,20.342361621829653,2.5880756611723488,0.0072620398276212455,17.03653937750634,500000.0,876834.9687913508,31.29280031261507,0.33884477797358964,17.23810245372424,1.088370060348206,0.007239212282433659,19.972953224885522,500000.0,876834.968797589,0.13074367630221662,1.3139966555183946,False
goe601,failed,Maximum_Iterations_Exceeded,1.47,,,,,,,,,,,,,,,,,,,,,,,,,,,,,,,,,,
goe602,ok,,0.5,1.521629318093319,0.8567571700540775,3.647776026668941,1.767839999999997,0.4846350179055112,0.4846350179055112,10.963837761980534,3.3815441898079364,0.1062380643956461,3.0000000243726146,10.207620347100487,24.171458133453633,13.963837786353148,0.04592260287810118,22.956866736298547,31.292800237929093,0.5138810047228339,24.560446896612337,0.49741468421083557,0.005993908492199389,16.263231721349893,500000.0,1003612.388566101,25.507629499769177,0.44680000050560015,16.93113082735604,3.743298893782606e-09,0.005810000001380385,17.754421807763254,500000.0,818072.2969590221,0.0995,1.2365,False
goe602m,ok,,0.22,1.4612306543994649,0.8567571675892526,3.647776037143792,1.7678399999952663,0.48463501651255014,0.48463501651255014,10.630186619071264,3.1591100951015187,0.10623805558779215,3.0000000233716846,9.712319556924419,23.342506199367367,13.630186642442949,0.04420045300218914,22.002009320798425,31.292800224775053,0.4962576323208172,24.109201942524425,0.17332649036537434,0.0065681447989527275,16.29964344731385,500000.0,1003612.3852595984,24.446676832656024,0.4748000010906554,16.683834354692,8.809030610412347e-09,0.006659999995327217,16.649414451573918,500000.0,784045.7700000814,0.096,1.1598,False
goe604,failed,Maximum_Iterations_Exceeded,1.4,,,,,,,,,,,,,,,,,,,,,,,,,,,,,,,,,,
goe610b,failed,Infeasible_Problem_Detected,0.28,,,,,,,,,,,,,,,,,,,,,,,,,,,,,,,,,,
goe610bm,ok,,0.59,1.5286243689497456,0.8129497066631007,3.8443439243347384,1.7678399999999996,0.45985479832060644,0.45985479832060644,9.262461370549214,2.290740560812506,0.07969886714676719,3.000000017162675,12.685119105662622,24.94758049337451,12.26246138771189,0.05412976987544391,19.597830202693064,31.05924316316213,0.5674000034068344,28.473501583770208,2.9704848996750803e-08,0.010559999973528886,14.121956978717943,500000.0,945188.4058491559,21.77536676730667,0.5674000043030356,16.257969540663698,3.751901091950783e-08,0.010559999966565413,14.121956970584948,500000.0,662663.4169238994,0.077,1.4327,False
goe611,ok,,0.33,1.4886377034683194,0.8065264558437466,3.8749606326682517,1.7678399999999908,0.4562214090889169,0.4562214090889169,11.900718411361002,4.051854130663501,0.0798283667946299,3.000000026865277,10.046862123617046,24.947580561843324,14.900718438226278,0.04536365016158233,22.269892509016586,31.292800272220838,0.5634135369070136,27.417088537756264,-0.7663245716428019,0.011497948674329756,13.921399038228195,500000.0,944771.718253632,24.744324788430717,0.5382000001581059,18.92517352055922,-0.999999998534816,0.011719999998621196,14.10453280044072,500000.0,747064.4379545812,0.128990028,1.4520742474916388,False
goe612,ok,,0.21,1.692326819137497,0.7723434948419363,4.046461563374205,1.7678399999999996,0.4368854052640151,0.4368854052640151,12.004948902251353,4.133091979105858,0.08055379313113778,3.00000002997,9.942631666856808,24.94758059907816,15.004948932221353,0.045001243245191516,28.163520562707127,31.292800312475993,0.5883495176064619,24.011930119401978,0.5660994121896147,0.00930077342662705,14.873769632326717,500000.0,904729.5179909982,31.292800312615068,0.35386816091616347,18.328619055474537,-1.6546974465655593,0.009636803271988976,17.193265899516195,500000.0,904729.517995019,0.15004437003719137,1.5606,False
goe613,ok,,0.21,1.7145893889397426,0.8567571804453232,3.647775982423036,1.7678399999991314,0.4846350237836819,0.4846350237836819,11.330331097325827,3.6258731836475495,0.10623805148600896,3.00000002997,10.358816962007054,24.689148089302883,14.330331127295826,0.046448310282337486,28.163520562707127,31.292800312490083,0.5248869944655132,23.815247181010736,0.5897616425103972,0.008610995535842974,14.85951891854197,500000.0,1003612.4031302786,31.292800312615068,0.30466034744612436,18.97800277094034,-1.6941509140777147,0.010946329154539356,15.274500684714429,500000.0,1003612.4031342871,0.103,1.2844,False
goe614,failed,Infeasible_Problem_Detected,1.05,,,,,,,,,,,,,,,,,,,,,,,,,,,,,,,,,,
goe615,ok,,0.2,1.6941365909970703,0.8044757933488799,3.8848381659690996,1.7678399999999996,0.4550614271364377,0.4550614271364377,11.97111631050124,4.099508117333907,0.07987023400997009,3.0000000299700007,9.976464258611747,24.94758059908299,14.97111634047124,0.045118878416063386,28.163520562707305,31.29280031247645,0.5648497150239674,24.338461381596733,-0.1207798220807364,0.009964813966838522,14.478959162915798,500000.0,942369.5565674739,31.292800312615256,0.33896797185781297,19.116089774759686,-2.41016560740379,0.01148865909036529,15.443331092962321,500000.0,942369.5565716539,0.13643562383061464,1.4583247491638796,False
goe617,failed,Maximum_Iterations_Exceeded,1.32,,,,,,,,,,,,,,,,,,,,,,,,,,,,,,,,,,
goe619,ok,,0.2,1.6947382343872406,0.8080770965356783,3.8675248673651907,1.7678399999999994,0.4570985476828664,0.4570985476828664,11.95986864122121,4.090740177071946,0.07979679645519158,3.000000020241503,9.987711810000478,24.94758047146319,14.959868661462712,0.04515798565796774,28.163520380058948,31.292800166335184,0.5623323894207076,24.245267356512063,0.5065876491134186,0.00906525045954842,14.804942386578535,500000.0,946588.1483000445,31.292800211149952,0.337203789172082,18.498173114389505,-1.6333108607897644,0.009153151249129224,17.24705762731342,500000.0,946588.149655664,0.13763539626981464,1.4473688963210702,False
goe620,failed,Maximum_Iterations_Exceeded,1.27,,,,,,,,,,,,,,,,,,,,,,,,,,,,,,,,,,
goe621,ok,,0.21,1.6881143893525867,0.7766504684619452,4.02402160625637,1.7678399999999996,0.4393216967949279,0.4393216967949279,12.083697732632732,4.184143898608299,0.08045888742871915,3.00000002997,9.863882836469955,24.947580599072687,15.083697762602732,0.04472743530917236,28.163520562707127,31.29280031247323,0.5850867810800635,24.136066135013053,0.5406949567172338,0.009293606405067267,14.856996140725354,500000.0,909774.7422897618,31.292800312615068,0.35375262685608155,18.559425338029882,-1.6466552073678298,0.009634164443512418,17.14499334672466,500000.0,909774.7422938854,0.15004437003719137,1.5464,False
goe622,ok,,0.2,1.6927377327677902,0.8567571792971851,3.6477759872910966,1.7678399999942087,0.4846350231355732,0.4846350231355732,10.01500376205864,2.748988306087003,0.10623804103827218,3.0000000299700007,9.95031344897035,22.965317240998992,13.01500379202864,0.045027952631160446,28.163520562707184,31.292800312475784,0.48823865108720765,21.701196415955945,1.933356763258216,0.006239080562318752,16.634247024151705,500000.0,1003612.4017876761,31.29280031261512,0.2766967174255699,16.7699018711563,-0.10982457875995333,0.00549707384596277,21.415805227793246,500000.0,1003612.401792145,0.08,1.1249,False
goe623,ok,,0.2,1.729102165016083,0.8056630692889585,3.879113223295948,1.7678399999999996,0.45573302407964444,0.45573302407964444,11.317456024575483,3.66331689436406,0.0798460223441861,3.00000002997,10.630124544574267,24.94758059911975,14.317456054545483,0.04739164072729961,28.163520562707127,31.2928003124988,0.5640173168392554,23.710991215158135,1.2274763446239654,0.007384600989363177,15.499774225662977,500000.0,943760.3413629489,31.292800312615068,0.3236904322527218,18.00680198766529,-0.7287461122453281,0.008156949415706412,18.277432131296557,500000.0,943760.3413664554,0.12,1.4547020066889633,False
goe624,ok,,0.2,1.701773135405975,0.7354913730127427,4.249211316780261,1.7678399999999996,0.4160395584514112,0.4160395584514112,11.82835572550042,4.027350781547604,0.08141124866059138,3.00000002997,10.11922484361947,24.94758059908989,14.82835575547042,0.04561525380264259,28.163520562707127,31.292800312482086,0.6178290314343436,23.66256015639907,0.8507118125020033,0.008642508915375012,15.287546805079764,500000.0,861560.6395813136,31.292800312615068,0.3672255366687742,18.524656774354664,-1.4026223568404335,0.010385372213093635,16.993455452682113,500000.0,861560.639584975,0.16,1.6889,False
goe625,failed,Infeasible_Problem_Detected,0.89,,,,,,,,,,,,,,,,,,,,,,,,,,,,,,,,,,
goe626,ok,,0.2,1.6859369307697532,0.7860019865538259,3.9761455048001695,1.7678399999999994,0.4446114956974761,0.4446114956974761,12.124404005581484,4.2081058546755905,0.0802564036594623,3.00000002997,9.823176563518372,24.947580599069855,15.124404035551484,0.044585900501288175,28.16352056270713,31.292800312471773,0.5781256668434579,24.949408331106554,-0.2060864891475215,0.011401369499683714,14.055708348599508,500000.0,920729.1874456041,31.29280031261507,0.35048713977935786,18.9383108129804,-2.3570641833652406,0.01094853719415799,16.022086224521797,500000.0,920729.1874498202,0.16557169856471876,1.5161040133779264,False
goe627,failed,Maximum_Iterations_Exceeded,1.27,,,,,,,,,,,,,,,,,,,,,,,,,,,,,,,,,,
goe628,ok,,0.2,1.713198647272467,0.7335000196187216,4.260747351069642,1.7678399999999996,0.4149131254065536,0.4149131254065536,11.61476268254336,3.885582850988505,0.08146005665250058,3.00000002997,10.332817886589693,24.947580599103052,14.61476271251336,0.04635791207396457,28.163520562707127,31.292800312489227,0.6195063537326357,24.48004120607855,0.3256940260690166,0.010360499097354167,14.673943954953584,500000.0,859227.9518481956,31.292800312615068,0.36291849314436253,18.368636865630506,-2.122103841715176,0.010037534708288462,17.30610114248053,500000.0,859227.9518516508,0.16711678739234226,1.6962,False
goe629,failed,Maximum_Iterations_Exceeded,1.3,,,,,,,,,,,,,,,,,,,,,,,,,,,,,,,,,,
goe630,ok,,0.2,1.7431341567490979,0.715265692538391,4.369366933438171,1.7678399999999996,0.40459865855416277,0.40459865855416277,10.123327723770759,2.896940218533183,0.08191925644098522,3.000000029969124,11.824252845296675,24.947580599036556,13.123327753739883,0.051543598334243476,26.759730182101592,31.292800312533373,0.6352994801158148,23.464866451603857,-1.2447190885776305,0.012845915182676318,13.95781373723357,500000.0,837868.1112338223,29.73303323864412,0.37017276748395983,22.42175096885659,-4.057522485385147,0.03295001545642791,8.405049199672009,500000.0,796105.1792139332,0.12542822445289234,1.7649344481605351,False
goe632,failed,Maximum_Iterations_Exceeded,1.27,,,,,,,,,,,,,,,,,,,,,,,,,,,,,,,,,,
goe633,failed,Infeasible_Problem_Detected,0.58,,,,,,,,,,,,,,,,,,,,,,,,,,,,,,,,,,
goe63,failed,Infeasible_Problem_Detected,0.25,,,,,,,,,,,,,,,,,,,,,,,,,,,,,,,,,,
goe645,ok,,0.2,1.6930505875862027,0.7853165837638739,3.979615775616537,1.7678399999999996,0.4442237893496437,0.4442237893496437,11.991418488285019,4.119683126460564,0.08027107648913684,3.0000000299700007,9.956162080826214,24.947580599081235,14.99141851825502,0.04504828819435723,28.163520562707195,31.29280031247612,0.5786302390799953,24.687230001787555,0.87345687649694,0.01053151566523736,14.362661995728828,500000.0,919926.3009840419,31.292800312615135,0.34770859029144824,18.688855440109766,-1.314695607029038,0.010144689817673355,16.645165296110964,500000.0,919926.3009881285,0.15457721321659293,1.5183,False
goe646,failed,Maximum_Iterations_Exceeded,1.34,,,,,,,,,,,,,,,,,,,,,,,,,,,,,,,,,,
goe647,ok,,0.2,1.712774189346133,0.7342898128303276,4.256164542925713,1.7678399999999996,0.4153598814543894,0.4153598814543894,11.622697667089541,3.890624246240274,0.08144069474271896,3.00000002997,10.324882902043015,24.947580599102558,14.622697697059541,0.04633032230875287,28.163520562707127,31.292800312488968,0.6188400202166634,24.50827016478573,1.0431024973783767,0.010427362540558368,14.646851602721402,500000.0,860153.122107822,31.292800312615068,0.3627249745702027,18.37749165969811,-1.6422024963571007,0.010053479615135268,17.28364652856537,500000.0,860153.1221112881,0.1625272135064058,1.6933,False
goe648,ok,,0.2,1.6958018882750228,0.7643436472493255,4.088813031739052,1.7678399999999999,0.4323601950681767,0.4323601950681767,11.939984583782543,4.092445077791889,0.08073290872977862,3.00000002997,10.00759598533018,24.947580599082723,14.939984613752543,0.045227122739130696,28.163520562707127,31.292800312478242,0.5945073583748027,24.317745330265723,1.5809060088607787,0.009410182152192817,14.869281686410481,500000.0,895358.4307678243,31.292800312615068,0.35602373350508765,18.15306481249141,-0.692955472426487,0.008424676716874375,18.362474725182345,500000.0,895358.4307717391,0.15165028481264267,1.5874,False
goe650,ok,,0.2,1.732135554174575,0.77903933924459,4.011682219578877,1.7678399999999996,0.44067299034108864,0.44067299034108864,11.260748646525764,3.6347042760381214,0.08040669557093431,3.00000002997,10.68683192262846,24.947580599124223,14.260748676495764,0.04758881102260154,28.163520562707152,31.29280031250042,0.5832926525347022,24.08609151380323,0.482968201473946,0.008509477465955867,15.148554372120033,500000.0,912573.085160222,31.2928003126151,0.33342671805516877,18.091192093099913,-1.8865095436027113,0.008767147672203086,17.95666770217344,500000.0,912573.0851635662,0.1341641556541305,1.5385916387959866,False
goe652,failed,Maximum_Iterations_Exceeded,1.23,,,,,,,,,,,,,,,,,,,,,,,,,,,,,,,,,,
goe654,ok,,0.2,1.7116913865441827,0.7798592282687681,4.0074646196568695,1.7678399999999996,0.4411367704479864,0.4411367704479864,11.642940011423192,3.8892209008509653,0.08038886253077875,3.00000002997,10.30464055770801,24.9475805991012,14.642940041393192,0.0462599401266261,28.163520562707127,31.292800312488296,0.5826794197531753,24.212405067512503,0.6197051399897358,0.009850516325186411,14.63491226709545,500000.0,913533.5099017157,31.292800312615068,0.342002695325004,19.035302773415882,-1.7785192600542306,0.011914674530478363,15.37957425373658,500000.0,913533.5099054166,0.145,1.5359227424749164,False
goe655,ok,,0.2,1.7174526701516102,0.7782411446699208,4.015796757861639,1.7678399999999996,0.4402214819609925,0.4402214819609925,11.53523629438792,3.8179659801192907,0.08042410184726961,3.00000002997,10.41234427474968,24.9475805991076,14.53523632435792,0.04663442356110888,28.163520562707127,31.292800312491824,0.5838909003064198,24.102848875507824,0.9725100892386275,0.008703377940202262,15.07612637171305,500000.0,911638.0734745921,31.292800312615068,0.34019299746576037,18.151046074309896,-1.2125439024874238,0.008749266701033443,17.959808639866836,500000.0,911638.0734781823,0.139,1.5411953177257525,False
goe670,ok,,0.2,1.7350250061142694,0.8567571814714396,3.6477759780577523,1.7678399999999954,0.4846350243638801,0.4846350243638801,10.89209586586992,3.3337163523362157,0.10623806106558444,3.00000002997,10.740848481319802,24.63294437715972,13.892095895839919,0.04777662539868173,28.163520562707127,31.29280031250225,0.5236921126936928,23.10929909195832,0.8718199667319985,0.006522032276493643,15.815379087397849,500000.0,1003612.4043321795,31.292800312615068,0.2953435422900169,18.0957521445046,-0.8856857094843545,0.008527179618444385,17.388971633800523,500000.0,1003612.4043357976,0.09000000000000001,1.2791996655518396,False
goe673,ok,,0.2,1.629854026206464,0.8554090769456182,3.65352478691307,1.7678399999918673,0.4838724527952492,0.4838724527952492,11.404951383592726,3.6884211250587033,0.09397053823107183,3.000000029952074,8.774740538926231,23.179691952471032,14.4049514135448,0.04094051170545058,28.163520562370813,31.29280031213088,0.49357285414937985,21.54233628532358,1.1237537971102076,0.006127452715928913,16.61279698731846,500000.0,1002033.2236028528,31.29280031242837,0.3067293990566079,17.480907029854286,-0.4720385239439551,0.006209903140718519,20.024698573677938,500000.0,1002033.2236123788,0.10789178850301687,1.1481153846153846,False
goe675,ok,,0.2,1.7064914913669265,0.74520606688638,4.193817528429354,1.7678399999999994,0.42153479211149214,0.42153479211149214,11.7401489108541,3.965455327219663,0.08117692809044871,3.00000002997,10.207431658271862,24.94758059909596,14.740148940824099,0.045921946940104444,28.163520562707127,31.292800312485063,0.6097748566586472,24.24232329076596,-0.7088795071910565,0.010124469860704078,14.699866996884008,500000.0,872940.5118330903,31.292800312615068,0.36028231963179075,18.7798484499099,-2.9317300393856103,0.011355785659085054,16.154343105662704,500000.0,872940.5118367169,0.14901261419703632,1.6538468227424747,False
goe676,ok,,0.2,1.6652329274498037,0.8552819867792089,3.654067680495631,1.7678399999999996,0.4838005627088475,0.4838005627088475,12.156199730402694,4.19040577893915,0.0928683705073749,3.00000002997,9.436127727330742,24.592327487703436,15.156199760372694,0.04324014028549147,28.163520562707127,31.292800312457594,0.5237303821094674,23.723557874073162,2.6876656334829567,0.008112322403408086,15.109979177775221,500000.0,1001884.3491431794,31.292800312615068,0.32277393409454747,18.21445945882834,1.437070846982954,0.007553387773038302,18.300670045458663,500000.0,1001884.3491482212,0.119,1.279366220735786,False
goe677,failed,Maximum_Iterations_Exceeded,1.29,,,,,,,,,,,,,,,,,,,,,,,,,,,,,,,,,,
goe679,failed,Infeasible_Problem_Detected,0.8,,,,,,,,,,,,,,,,,,,,,,,,,,,,,,,,,,
goe681,failed,Maximum_Iterations_Exceeded,1.29,,,,,,,,,,,,,,,,,,,,,,,,,,,,,,,,,,
goe682,ok,,0.2,1.7563010634153733,0.8219883582079052,3.8020712025820633,1.7678399999999959,0.46496762049048956,0.46496762049048956,10.808989041485054,3.3185222645654795,0.07952016686000182,3.000000029744963,11.138591525593213,24.94758059682323,13.808989071230016,0.049159569132987024,28.16352055848973,31.292800309365802,0.5528155212012268,23.812943030655415,0.5430350410119956,0.007510196246868245,15.382352120704633,500000.0,962883.9188888805,31.29280031027642,0.3059945416579949,18.16389192500276,-1.615273441400942,0.009065273644508485,17.21468427524716,500000.0,962883.9189169003,0.1065,1.4059498327759197,False
goe683,failed,Infeasible_Problem_Detected,1.28,,,,,,,,,,,,,,,,,,,,,,,,,,,,,,,,,,
goe685,ok,,0.2,1.7129615346366984,0.8264671966823421,3.7814668000685465,1.7678399999999996,0.46750112944742866,0.46750112944742866,11.619195360045135,3.8570402376578934,0.07943304344642675,3.00000002997,10.328385209087612,24.947580599102746,14.619195390015134,0.04634249975263959,28.163520562707138,31.29280031248904,0.5498196715379886,24.59878380802568,0.9220386687461644,0.00954311513701431,14.53889547705514,500000.0,968130.4671869151,31.29280031261508,0.3221924136287624,18.411107818816966,-1.2387319206491347,0.009142453771002252,17.091047781304713,500000.0,968130.4671908146,0.13072457469736917,1.3929113712374581,False
goe692,failed,Infeasible_Problem_Detected,0.6,,,,,,,,,,,,,,,,,,,,,,,,,,,,,,,,,,
goe693,ok,,0.2,1.7091346240972982,0.8168864727525403,3.8258171359715174,1.7678399999999996,0.46208167750053203,0.46208167750053203,11.690737140998722,3.9081867556993855,0.07962061565895902,3.00000002997,10.256843428129645,24.947580599098366,14.690737170968722,0.04609375056757858,28.163520562707138,31.292800312486648,0.5562681446855755,23.54718702802133,1.2186432635244127,0.007209999875672108,15.53142767185824,500000.0,956907.528428496,31.292800312615082,0.32756639777672175,18.17335719330946,-0.500989900333438,0.008305116432278539,17.974016233097824,500000.0,956907.5284324235,0.12,1.4209762541806021,False
goe701,ok,,0.2,1.706410655419576,0.8061516221302336,3.8767623605861994,1.7678399999999994,0.4560093798817958,0.4560093798817958,11.741660090061453,3.9459475154397423,0.07983607977330502,3.00000002997,10.205920479063636,24.94758059909509,14.741660120031453,0.04591669260352666,28.163520562707127,31.292800312485014,0.5636755048833473,24.289511836159157,0.49527347658944065,0.009306926075052008,14.719877444915372,500000.0,944332.6361763721,31.292800312615068,0.3330789002926306,18.603181616337476,-1.8086381694127398,0.009889305468818601,16.645188647042755,500000.0,944332.6361802967,0.12449278790123583,1.453214381270903,False
goe702,failed,Restoration_Failed,0.39,,,,,,,,,,,,,,,,,,,,,,,,,,,,,,,,,,
goe703,failed,Infeasible_Problem_Detected,1.02,,,,,,,,,,,,,,,,,,,,,,,,,,,,,,,,,,
goe704,failed,Maximum_Iterations_Exceeded,1.31,,,,,,,,,,,,,,,,,,,,,,,,,,,,,,,,,,
goe711,ok,,0.2,1.6819505790570142,0.7604485767327644,4.109756216557786,1.7678399999999996,0.4301569014915177,0.4301569014915177,12.198926442962325,4.266357332787082,0.08082148416089995,3.00000002997,9.74865412613237,24.947580599064693,15.198926472932325,0.04432678763996011,28.163520562707138,31.292800312469122,0.5975524664258561,24.891277032009494,-0.7727451799514921,0.014397493524603447,13.241820980643542,500000.0,890795.7131496602,31.29280031261508,0.3640495704493972,20.90988747777308,-2.9580651131471076,0.019778772462640485,11.674157224536486,500000.0,890795.713153815,0.1485,1.6006528428093645,False
goe723,ok,,0.2,1.760879378729773,0.8078357722419757,3.8686802107395,1.767839999999998,0.45696203968796756,0.45696203968796756,10.723400096619834,3.266513248321335,0.07980183344258866,3.0000000261774815,11.224180435199424,24.947580557996737,13.723400122797315,0.049457159783019525,28.163520491505384,31.2928002605001,0.5625003732075741,24.4120883529239,0.8323207771478692,0.008598380748606823,14.990209866231446,500000.0,946305.461887783,31.29280027306153,0.3094255038714558,18.854253445143556,-1.6293568950884327,0.010325115130951273,16.218870601714958,500000.0,946305.462267645,0.11548359591988283,1.4481,False
goe735,failed,Maximum_Iterations_Exceeded,1.29,,,,,,,,,,,,,,,,,,,,,,,,,,,,,,,,,,
goe738,failed,Maximum_Iterations_Exceeded,1.28,,,,,,,,,,,,,,,,,,,,,,,,,,,,,,,,,,
goe741,ok,,0.2,1.6814378787425963,0.7941145004449208,3.9355260026721597,1.7678399999999994,0.4492004369427782,0.4492004369427782,12.20851089187388,4.261385515310213,0.0800843805510254,3.0000000246083074,9.739069609044968,24.947580525527158,15.208510916482187,0.04429346235185147,28.163520462042698,31.292800230368314,0.5722196527149248,24.697280885243526,2.433365128994538,0.010868553694656644,14.200938534285008,500000.0,930232.2504562582,31.292800256693162,0.3488357843517468,19.11193137295272,1.0084504383479933,0.01128618394522901,15.697843868472077,500000.0,930232.2512388095,0.1533,1.4904,False
goe744,ok,,0.2,1.7453155136421992,0.7534814466041477,4.147757426125315,1.7678399999999996,0.4262158603743257,0.4262158603743257,11.014357265407837,3.4789220855553133,0.08098212619840368,3.00000002997,10.933223303759437,24.947580599137275,14.014357295377836,0.048445508387997105,28.163520562707152,31.292800312508117,0.6030777860089762,24.86587639111034,2.061855464874788,0.012936951952746361,13.721984875439185,500000.0,882634.3596530749,31.292800312615093,0.33878024910637916,20.048050207103667,-0.2824410547170506,0.01741601113422525,12.453975149218039,500000.0,882634.3596560921,0.1448,1.6247,False
goe746,failed,too few converged polar points,0.01,,,,,,,,,,,,,,,,,,,,,,,,,,,,,,,,,,
goe758,ok,,0.19,1.7055591024300236,0.8060915096034832,3.8770514617345557,1.7678399999999996,0.45597537650663145,0.45597537650663145,11.757579358834965,3.9565815421006403,0.0798373024770062,3.00000002997,10.190001210289136,24.947580599094103,14.757579388804965,0.04586134165920575,28.163520562707127,31.29280031248448,0.563717539762092,23.916235714065486,0.8444962392529504,0.008823216947596793,14.908451597021578,500000.0,944262.2198684367,31.292800312615068,0.33346345200838995,18.94116051132411,-1.4507535302994625,0.011056548519139084,15.729117340159197,500000.0,944262.219872377,0.13849999999999998,1.4533973244147156,False
goe765,failed,airfoil 'goe765' not found in the aerosandbox UIUC database,0.0,,,,,,,,,,,,,,,,,,,,,,,,,,,,,,,,,,
goe766,ok,,0.21,1.6944936570967641,0.8564562478440314,3.6490576996399433,1.7678399999999996,0.4844647976310252,0.4844647976310252,11.842109234600274,3.970009964668658,0.1034058744056948,3.00000002997,9.98313939366602,24.825248658236294,14.842109264570274,0.04514208771254389,28.163520562707127,31.29280031247741,0.5279659148501189,24.59051660549379,3.4079347500100314,0.009422456410184908,14.48881466868334,500000.0,1003259.8882067666,31.292800312615068,0.3156515330010817,18.372034054582628,2.017836380109003,0.008400749258626295,17.480105025648456,500000.0,1003259.88821118,0.12010000000000001,1.2978,False
goe767,ok,,0.2,1.7514701285017484,0.8176386300970462,3.8222977126570683,1.7678399999999996,0.46250714436659784,0.46250714436659784,10.899300458196626,3.380292987336624,0.07960573084935457,3.00000002997,11.048280110974986,24.94758059914161,13.899300488166626,0.048845558353867814,28.163520562707152,31.29280031251136,0.5557564257487819,24.775724964991046,3.6230392925568293,0.00952995303946171,14.583228382026268,500000.0,957788.6117248236,31.2928003126151,0.3096342560739654,17.987851082854217,1.981105782579511,0.008561584259265682,17.761632795259107,500000.0,957788.6117279988,0.12,1.4187491638795988,False
goe769,ok,,0.2,1.7619739452676726,0.7499669142604762,4.1671948537646335,1.7678399999999996,0.42422782280097543,0.42422782280097543,10.702937948407378,3.2724484570105083,0.08106439569024902,3.00000002997,11.24464262077327,24.947580599150648,13.702937978377378,0.04952830644365294,28.163520562707127,31.292800312517315,0.605903959196574,24.814511574190327,1.5538009735868723,0.010758295349045752,14.455048312583823,500000.0,878517.4075789097,31.292800312615068,0.3328043912183896,18.44448194697234,-0.8744738386290553,0.011071495925480353,16.256723391440428,500000.0,878517.407581654,0.1382,1.637,False
goe770,failed,Maximum_Iterations_Exceeded,1.32,,,,,,,,,,,,,,,,,,,,,,,,,,,,,,,,,,
goe775,failed,Infeasible_Problem_Detected,0.81,,,,,,,,,,,,,,,,,,,,,,,,,,,,,,,,,,
goe776,failed,Maximum_Iterations_Exceeded,1.3,,,,,,,,,,,,,,,,,,,,,,,,,,,,,,,,,,
goe777,failed,Maximum_Iterations_Exceeded,1.33,,,,,,,,,,,,,,,,,,,,,,,,,,,,,,,,,,
goe780,failed,Infeasible_Problem_Detected,0.71,,,,,,,,,,,,,,,,,,,,,,,,,,,,,,,,,,
goe795,ok,,0.2,1.7067230651317722,0.8567571814328221,3.6477759782215036,1.7678399999998333,0.4846350243420801,0.4846350243420801,10.153966117424357,2.841629853797316,0.10623806070878924,3.00000002997,10.211760789927746,23.3657269373221,13.153966147394357,0.045936999234819385,28.163520562707138,31.29280031248509,0.49675129037101434,21.947683335423545,1.0619363485319573,0.005984732338304193,16.60818071170393,500000.0,1003612.4042864844,31.292800312615082,0.27965103224426097,17.08115364193728,-0.4564057552955729,0.0060583033418589475,20.501070459447902,500000.0,1003612.4042906533,0.08005956237753102,1.1619484949832775,False
goe795sm,ok,,0.2,1.7074579386605242,0.8567571802324525,3.6477759833160563,1.7678399999959062,0.4846350236641531,0.4846350236641531,10.165906335552984,2.8495900119437696,0.10623804962998999,3.0000000299700025,10.225498806661616,23.391405172184605,13.165906365522986,0.04598476601418767,28.1635205627074,31.292800312482964,0.4972972058707584,21.942968530261677,0.9423831391466786,0.005871723120098409,16.66007240002605,500000.0,1003612.4028825227,31.29280031261534,0.27990487959392346,16.988556592510108,-0.5107911337185158,0.005782323928017795,20.921845703935553,500000.0,1003612.4028867682,0.08027693664271718,1.164324414715719,False
goe796,ok,,0.2,1.7221691744054266,0.8006586520390955,3.9033591376808046,1.7678399999999996,0.4529022151547061,0.4529022151547061,11.447064096286912,3.751477992515492,0.07994856628254714,3.00000002997,10.500516472855663,24.947580599112577,14.447064126256912,0.04694099633760694,28.163520562707127,31.29280031249468,0.5675426368772172,23.539764137888927,1.2380156205127355,0.007191290590816284,15.601808803663538,500000.0,937898.1258634584,31.292800312615068,0.3286621256402984,18.093006845320765,-0.528374345399203,0.008410505463788971,18.06041268864566,500000.0,937898.1258670666,0.12000000000000001,1.4700448160535118,False
goe797,ok,,0.2,1.6479562237669327,0.7349732120835233,4.25220703859405,1.7678399999998968,0.4157464544775354,0.4157464544775354,12.1131514288995,4.217378047771577,0.08142393373486362,3.00000002997,9.11315018765992,24.22630164652942,15.113151458869499,0.042117154546104846,28.163520562707127,31.292800312445067,0.6003894749394706,23.13013132527068,0.5463569129615728,0.00950566284137182,15.20451545861626,500000.0,860953.6616089304,31.292800312615068,0.374542396167697,18.73038003190156,-1.4817094543660194,0.01087423950000912,16.61516140157154,500000.0,860953.6616136077,0.16,1.613,False
goe798,failed,Maximum_Iterations_Exceeded,1.31,,,,,,,,,,,,,,,,,,,,,,,,,,,,,,,,,,
goe79,failed,too few converged polar points,0.01,,,,,,,,,,,,,,,,,,,,,,,,,,,,,,,,,,
goe801,ok,,0.2,1.826833808266792,0.7296393283890691,4.283291955355649,1.7678399999999994,0.4127292788878345,0.4127292788878345,9.490421987113185,2.4705661566569095,0.08155541139899466,3.00000002997,12.457158582114365,24.94758059919755,12.490422017083185,0.0537441975385957,28.163520562707127,31.29280031254953,0.6227843058022154,24.079749631282162,-0.11147166231162643,0.011238810287709879,14.39464506121333,1000000.0,854705.5064111952,31.292800312615068,0.3118073423642324,19.933061422843583,-2.8782895104836372,0.019389735149416196,11.3725053817427,1000000.0,854705.5064129853,0.098,1.710466220735786,True
goe802,ok,,0.2,1.826833808266792,0.7296393283890691,4.283291955355649,1.7678399999999994,0.4127292788878345,0.4127292788878345,9.490421987113185,2.4705661566569095,0.08155541139899466,3.00000002997,12.457158582114365,24.94758059919755,12.490422017083185,0.0537441975385957,28.163520562707127,31.29280031254953,0.6227843058022154,24.079749631282162,-0.11147166231162643,0.011238810287709879,14.39464506121333,1000000.0,854705.5064111952,31.292800312615068,0.3118073423642324,19.933061422843583,-2.8782895104836372,0.019389735149416196,11.3725053817427,1000000.0,854705.5064129853,0.098,1.710466220735786,True
goe802a,failed,airfoil 'goe802a' not found in the aerosandbox UIUC database,0.0,,,,,,,,,,,,,,,,,,,,,,,,,,,,,,,,,,
goe802b,failed,airfoil 'goe802b' not found in the aerosandbox UIUC database,0.0,,,,,,,,,,,,,,,,,,,,,,,,,,,,,,,,,,
goe803h,ok,,0.47,1.609251684897583,0.6916597611776643,4.518490797091784,1.7678399999999934,0.3912456790080928,0.3912456790080928,7.4813402184719155,1.1427827947448985,0.07913570466616122,3.0000000264650444,14.466240329621664,24.94758057455862,10.481340244936959,0.06072973012764467,19.008915945972888,31.292800282479334,0.6569818696213524,30.737267075382636,-0.6281199114409167,0.017421428301739258,12.830123556854412,500000.0,810215.9284351311,21.121017531424762,0.6059000002548672,15.690659733901198,-0.9999999981495948,0.01977999998812762,12.488837166828288,500000.0,546853.7386952627,0.063,1.8593,False
goe804,ok,,0.19,1.8759276587644775,0.7956800454371951,3.927782635145501,1.7678399999999994,0.45008600633382845,0.45008600633382845,8.572642106339355,1.836930558477707,0.08005186111657508,3.00000002997,13.374938462915868,24.947580599225223,11.572642136309355,0.05693529782094494,28.163520562707266,31.29280031257068,0.5710937772317616,24.2244819815442,-2.3099245099459744,0.0119069102226835,13.83632719666275,500000.0,932066.1451715251,31.292800312615224,0.26491803018216276,20.765154524525403,-3.901197743124441,0.02255266053481885,9.175550429520165,500000.0,932066.1451728519,0.060000000000000005,1.4855,False
goe81,failed,too few converged polar points,0.01,,,,,,,,,,,,,,,,,,,,,,,,,,,,,,,,,,
goe92,failed,Maximum_Iterations_Exceeded,1.3,,,,,,,,,,,,,,,,,,,,,,,,,,,,,,,,,,
griffith30SymSuction,failed,airfoil 'griffith30SymSuction' not found in the aerosandbox UIUC database,0.0,,,,,,,,,,,,,,,,,,,,,,,,,,,,,,,,,,
gs1,ok,,0.2,1.6855031426849596,0.8237858761573991,3.793775003982785,1.7678399999999996,0.46598440818026476,0.46598440818026476,12.132513411804679,4.200223085542158,0.07948509890742642,3.00000002997,9.815067157295067,24.947580599069745,15.132513441774678,0.04455770427577652,28.16352056270716,31.29280031247128,0.5516092661558313,24.261968499095307,0.7842853545321862,0.009047462749988097,14.743576511727658,500000.0,964989.5462848344,31.292800312615103,0.3345909476666864,18.57001712934391,-1.2355704825057756,0.009072095242830914,17.150748686714504,500000.0,964989.5462892696,0.139,1.4007,False
gu255118,failed,Infeasible_Problem_Detected,0.99,,,,,,,,,,,,,,,,,,,,,,,,,,,,,,,,,,
gw19,failed,airfoil 'gw19' not found in the aerosandbox UIUC database,0.0,,,,,,,,,,,,,,,,,,,,,,,,,,,,,,,,,,
gw25,failed,airfoil 'gw25' not found in the aerosandbox UIUC database,0.0,,,,,,,,,,,,,,,,,,,,,,,,,,,,,,,,,,
gw27,failed,airfoil 'gw27' not found in the aerosandbox UIUC database,0.0,,,,,,,,,,,,,,,,,,,,,,,,,,,,,,,,,,
gw30,failed,airfoil 'gw30' not found in the aerosandbox UIUC database,0.0,,,,,,,,,,,,,,,,,,,,,,,,,,,,,,,,,,
gw31,failed,airfoil 'gw31' not found in the aerosandbox UIUC database,0.0,,,,,,,,,,,,,,,,,,,,,,,,,,,,,,,,,,
hh02,ok,,0.2,1.7907405596867272,0.8461147411297084,3.693657743661625,1.7678399999999996,0.478614999733974,0.478614999733974,10.165163467818799,2.8804604672860052,0.07906167012347304,3.00000002997,11.782417101384228,24.947580599173026,13.165163497788798,0.05139813638089148,28.16352056270713,31.29280031253223,0.5370523648011659,24.257177257221972,4.221241632890915,0.007391517026309215,15.340404746244536,500000.0,991145.7622432607,31.29280031261507,0.2834095338959793,17.226127401530206,2.054382245067239,0.006461261160255883,20.025815718854275,500000.0,991145.7622458846,0.09572,1.3373458193979932,False
hobie,ok,,0.19,1.8187247462466027,0.8341491561778676,3.746642003355994,1.767839999999988,0.4718465224103274,0.4718465224103274,9.642016002538789,2.5361190359245556,0.07928575328861043,3.0000000299352743,12.3055645664704,24.947580598944462,12.642016032474062,0.05321710850877903,28.163520562059094,31.292800312083088,0.5447561976886398,24.240419725853997,0.8222239299534598,0.007621609670194022,15.286997264740883,500000.0,977129.1776677396,31.292800312257253,0.2760514815279451,17.871709573055792,-1.6839478337913751,0.008730085501522404,17.335916527418217,500000.0,977129.1776731779,0.08495,1.3708742474916389,False
hobiesm,ok,,0.2,1.7702863957781,0.8567571815318549,3.647775977800384,1.7678399999999612,0.4846350243980641,0.4846350243980641,9.93677766280516,2.6968375497350783,0.10623806160642747,3.0000000299700007,11.400038862080459,24.33681655485562,12.93677769277516,0.05006861572683055,28.163520562707205,31.29280031252126,0.5173964866641904,23.100925531452543,0.5581019340755388,0.006520349813725526,15.931818149238044,500000.0,1003612.4044035794,31.29280031261515,0.27503364344593545,17.57462182073892,-1.6685132182139548,0.00767409580653761,18.325475210746934,500000.0,1003612.4044065906,0.085743,1.2518,False
hor04,ok,,0.2,1.6999887286586666,0.8567571811828227,3.6477759792721782,1.7678399999965049,0.4846350242015774,0.4846350242015774,7.84868084944356,1.3047730112607725,0.10623805852278617,3.0000000299700305,10.085866437339376,20.934547316752965,10.84868087941359,0.04549926736405557,28.163520562712318,31.29280031241954,0.44506483465714175,20.989521220613685,2.359144580274684,0.008017770161370539,16.34868039687618,500000.0,1003612.4039934202,31.292800312620518,0.23064106850369206,15.895948018798821,0.3832906338664105,0.004958764095266127,22.79867447974226,500000.0,1003612.4039998659,0.0405557075590231,0.937,False
hor07,ok,,0.2,1.8795724467379742,0.7725897162722075,4.04517197132724,1.7678399999999996,0.4370246833832291,0.4370246833832291,8.504504996744702,1.7993802289752014,0.08054833872590036,3.00000002997,13.443075572512184,24.94758059922688,11.504505026714702,0.05717220903922254,28.16352056270713,31.292800312572208,0.5881620128328933,24.721934272846397,1.2346117994099854,0.008697653706528669,15.102988751827283,500000.0,905017.9438009716,31.29280031261507,0.2712292202535178,17.802735126214287,-1.5155450762973737,0.009702928474482694,16.81010437888366,500000.0,905017.9438022112,0.07173035383073026,1.5597839464882943,False
hor12,ok,,0.2,1.8066990539441166,0.7424415837801571,4.209433218553951,1.7678399999999999,0.4199710289280462,0.4199710289280462,9.86682905712826,2.717460065062096,0.08124304445966368,3.00000002997,12.080751512086218,24.947580599184477,12.86682908709826,0.0524354385076218,28.163520562707127,31.292800312540084,0.6120453548724861,24.591145886513797,1.1071594023150695,0.009414161954024076,14.968786124383685,500000.0,869702.1736018362,31.292800312615068,0.315665198208293,17.807240508718223,-1.3965990568384519,0.00942761889253913,17.734222449765802,500000.0,869702.17360392,0.11939245076175183,1.6637284280936453,False
hor20,failed,Maximum_Iterations_Exceeded,1.29,,,,,,,,,,,,,,,,,,,,,,,,,,,,,,,,,,
hq010,ok,,0.2,1.5994455276401118,0.855485434044473,3.653198688401183,1.767839999999317,0.48391564510634644,0.48391564510634644,10.782110317476134,3.272496981532205,0.09463710262430869,3.00000002997,8.20627202557785,21.98838237302398,13.782110347446134,0.03896395929786149,28.16352056270713,31.292800312405916,0.4681641147752961,21.73328568365502,4.341072434584157,0.008852287522216465,15.568332844406603,500000.0,1002122.6689406384,31.29280031261507,0.29344084439672485,17.282253646887433,2.720443182346879,0.006550751360088853,19.711092300153823,500000.0,1002122.6689473365,0.09999184758245278,1.0375321070234114,False
hq07,failed,Infeasible_Problem_Detected,0.29,,,,,,,,,,,,,,,,,,,,,,,,,,,,,,,,,,
hq09,failed,Infeasible_Problem_Detected,0.4,,,,,,,,,,,,,,,,,,,,,,,,,,,,,,,,,,
hq1010,ok,,0.2,1.6419398460571522,0.8565355180587384,3.648719988498689,1.7678399999999996,0.4845096377832488,0.4845096377832488,10.799016408143522,3.273842675410123,0.10414655641269543,3.00000002997,9.000677640459744,22.799694078573268,13.799016438113522,0.0417260899949691,28.163520562707127,31.292800312440523,0.4848429706126906,21.51922980656379,3.2038251195213903,0.006691350071857241,16.447948590645847,500000.0,1003352.7459866384,31.292800312615068,0.2934406092580491,17.331690590234757,1.4381188957968793,0.006430044499916047,19.858460152717214,500000.0,1003352.7459922348,0.0996,1.1101214046822743,False
hq1012,ok,,0.21,1.6393956590604049,0.8551256143143194,3.6547358812376043,1.7678399999999694,0.48371210873966775,0.48371210873966775,11.782640168697844,3.9427716350445494,0.09152463395491456,3.00000002997,8.95311560132571,23.735755799993555,14.782640198667844,0.04156071784018054,28.163520562707127,31.292800312438583,0.5055808434405129,22.604497549889167,3.382770135406654,0.007477548299173516,15.694571345062135,500000.0,1001701.1731519423,31.292800312615068,0.3148759939566658,17.931088187630575,1.6006946979218282,0.007170108356316426,18.781978769441636,500000.0,1001701.1731575917,0.11957999999999999,1.200376254180602,False
hq108,ok,,0.2,1.5903688246386558,0.8566113291548512,3.6483970725479904,1.7678400000000005,0.48455252124335396,0.48455252124335396,9.77661084263715,2.5914970089531373,0.1048584899492788,3.00000002997,8.03658854558393,20.81319941819108,12.776610872607149,0.03837397360276684,28.163520562707127,31.29280031239794,0.4425603397182315,19.44791108974424,2.6230013465794606,0.005907919949394723,17.7773170318759,500000.0,1003441.551726374,31.292800312615068,0.2716747739998179,16.59674076451888,1.2307539049869485,0.005510767050706862,21.44968504007699,500000.0,1003441.5517333364,0.07972,0.9261,False
hq109,ok,,0.2,1.6191939499107524,0.8566464523747648,3.648247485221317,1.7678399999999994,0.48457238911596356,0.48457238911596356,10.288406419401124,2.932349122658522,0.10518951708293853,3.00000002997,8.57545685125008,21.863863300621205,13.288406449371124,0.040247606745453135,28.163520562707127,31.292800312422617,0.4648820130024838,20.465110344786897,2.818827872618215,0.00618000487228543,17.13459059648849,500000.0,1003482.6953556613,31.292800312615068,0.2825457264694539,16.967539737863845,1.367896440872637,0.005964253010940265,20.618451709749774,500000.0,1003482.6953618329,0.08979999999999999,1.0232478260869566,False
hq1510,ok,,0.2,1.6982867019031604,0.8567571810028952,3.6477759800505227,1.7678399999994794,0.4846350240989838,0.4846350240989838,10.806357774785758,3.2765576296932983,0.10623805671118794,3.00000002997,10.054048075201473,23.86040587995723,13.806357804755757,0.04538863562495966,28.163520562707127,31.292800312479855,0.5072680788995081,22.51687482381789,2.7981210714931977,0.006456161696237594,16.152338260062482,500000.0,1003612.4037828974,31.292800312615068,0.2935207655472774,17.402476730103608,0.7940073321200009,0.0064618693523530125,19.812202169409108,500000.0,1003612.4037872339,0.09963,1.207719397993311,False
hq1511,ok,,0.21,1.6882644745941546,0.8567571806004646,3.6477759817660793,1.7678399999999994,0.4846350238712015,0.4846350238712015,11.329898688136032,3.625584909100193,0.10623805282185513,3.00000002997,9.866688589404788,24.196587307510818,14.329898718106032,0.04473719084987427,28.163520562707127,31.292800312473332,0.5144152378187669,23.003206811655545,2.8092557335367774,0.00699220891175389,15.755790319360457,500000.0,1003612.4033109825,31.292800312615068,0.30465115444765223,17.721060397710588,0.875006852117549,0.006857848816228803,19.212820622333055,500000.0,1003612.4033155282,0.1099903417438518,1.23882508361204,False
hq1512,ok,,0.21,1.7078760434941977,0.8517751928607038,3.6691116292125834,1.7678399999999999,0.4818169024689473,0.4818169024689473,11.714265545150488,3.9110773201784834,0.07895785643310305,3.00000002997,10.233315023977566,24.947580599098053,14.714265575120487,0.04601194282837704,28.16352056270714,31.292800312485795,0.5334833961184985,23.8676138363956,2.981038216009679,0.007370303327728985,15.328104636546874,500000.0,997776.4619245062,31.292800312615086,0.314652410447516,17.937264398962707,0.972561315251983,0.007171251458740517,18.824805090742615,500000.0,997776.4619286286,0.11959,1.321813043478261,False
hq1585,ok,,0.2,1.7053861652179914,0.8567571814858763,3.6477759779961665,1.7678399999999665,0.48463502437205436,0.48463502437205436,10.07369366295829,2.788114883595683,0.10623806119782032,3.00000002997,10.186768253569905,23.260461946498197,13.07369369292829,0.0458501007404236,28.163520562707152,31.29280031248406,0.49451337494580216,21.9423746163092,2.6578813991983874,0.006208031102685483,16.52882080314656,500000.0,1003612.4043485238,31.2928003126151,0.2779444538080935,17.025189034944706,0.695544028872083,0.00606656325595878,20.50221847157908,500000.0,1003612.4043527264,0.08560000000000001,1.152208695652174,False
hq158,ok,,0.21,1.6239653853464922,0.8567571809374699,3.6477759803301906,1.767839999999748,0.4846350240619015,0.4846350240619015,9.778934784233089,2.591608969897897,0.10623805606196561,3.00000002997,8.664655954621935,21.443590768825025,12.778934814203089,0.04055775004877621,28.163520562707127,31.29280031242648,0.45588701003702226,19.964156199573914,2.1740312889243274,0.005717309855614463,17.623463916213417,500000.0,1003612.4037043933,31.292800312615068,0.27167793149192043,16.638985406897472,0.7111895351953743,0.005504764257293274,21.457758354528785,500000.0,1003612.4037104415,0.079572,0.9841,False
hq159,ok,,0.2,1.6853301348616583,0.8567571813652246,3.647775978509495,1.7678399999998782,0.4846350243038305,0.4846350243038305,10.293214788957718,2.934462302133431,0.10623806008013525,3.00000002997,9.81183288054063,23.105047699468347,13.293214818927718,0.044546458767262015,28.163520562707127,31.29280031247138,0.49120929515690454,21.666201785486344,2.5623606775930896,0.006096281635105763,16.656402619474886,500000.0,1003612.4042068348,31.292800312615068,0.282611434801945,17.04324855988221,0.7278202961014496,0.006039122296398913,20.504336972448893,500000.0,1003612.4042114432,0.08967,1.137828762541806,False
hq159b,ok,,0.2,1.6845120292165623,0.8567571812609494,3.6477759789527866,1.7678399999997143,0.48463502424489086,0.48463502424489086,10.28436672348807,2.9285635928911087,0.10623805910949163,3.00000002997,9.796538889667506,23.080905643125575,13.28436675345807,0.04449328190033077,28.16352056270713,31.292800312470774,0.4906960392979437,21.733365367356175,2.5776856097825287,0.006267649711859448,16.570166000597325,500000.0,1003612.4040847595,31.29280031261507,0.28242332650334934,17.070185572951704,0.6979051835111615,0.006085078819577596,20.437824582571622,500000.0,1003612.4040893874,0.08951704666559018,1.1355949832775918,False
hq17,failed,Maximum_Iterations_Exceeded,1.3,,,,,,,,,,,,,,,,,,,,,,,,,,,,,,,,,,
hq2010,ok,,0.2,1.7285317170193877,0.8567571814340792,3.6477759782162567,1.7678399999998589,0.4846350243427842,0.4846350243427842,10.809453086286611,3.2786211663443945,0.10623806071884706,3.0000000299700007,10.61946036384504,24.42891348010165,13.809453116256613,0.04735456160751429,28.163520562707188,31.292800312497945,0.5193544513349628,23.16269058129453,2.248360543107264,0.006495321622752648,15.907959768956811,500000.0,1003612.4042883547,31.292800312615128,0.29358657118405523,17.466543249702482,0.17118875279400617,0.0065061382966261705,19.752627047755094,500000.0,1003612.4042921129,0.0997,1.2603214046822742,False
hq2012,ok,,0.2,1.7157331437105232,0.8415247249218446,3.7138044469106384,1.7678399999999994,0.4760186017523333,0.4760186017523333,11.567381802553864,3.816978149236806,0.0791468771269718,3.00000002997,10.380198766582499,24.947580599106363,14.567381832523864,0.046522654342438165,28.163520562707152,31.292800312490535,0.5399816656118221,23.885963287807133,2.432686906971219,0.007376452119576076,15.364578330464711,500000.0,985768.979529265,31.2928003126151,0.31530589005286946,17.907419569463112,0.37696183527898786,0.007207852731432423,18.908067890079188,500000.0,985768.979533189,0.11973,1.3500946488294314,False
hq208,ok,,0.75,1.66268139462035,0.8567571301544918,3.6477761965469657,1.7678399999998433,0.4846349953358719,0.4846349953358719,9.780740513708489,2.592811907227033,0.10623824833627162,3.0000000094488057,9.452892878457941,22.233633401615236,12.780740523157295,0.04329843177732989,28.066403590334627,31.29279995449096,0.4726832178281516,20.739326891336734,1.7364531935409608,0.005653246660414185,17.304067724588784,500000.0,1003612.3327371516,31.18489277992959,0.273600003043148,16.770845252073297,2.6542957823402294e-08,0.0057399999986728146,21.049536845644454,500000.0,1000151.5695156404,0.07976,1.0572,False
hq2090sm,ok,,0.2,1.7218366475536415,0.8567571796105535,3.647775985954038,1.7678399999935197,0.4846350233130227,0.4846350233130227,10.278205374237954,2.9244560444022167,0.1062380440596195,3.000000029963846,10.494300084341077,23.772505488542876,13.2782054042018,0.04691938209250671,28.163520562591962,31.29280031240148,0.5053993326849565,22.357658759617223,2.1427864214685495,0.006012708784397673,16.420635709822818,500000.0,1003612.4021527666,31.292800312551297,0.28229233783005026,17.172813775769423,0.05478370963290126,0.006166721448861798,20.318844542690332,500000.0,1003612.4021575714,0.0897,1.199586287625418,False
hq209,ok,,0.2,1.720485640231182,0.856757179283529,3.647775987343408,1.7678399999927958,0.4846350231282358,0.4846350231282358,10.293788905285668,2.9348450684816685,0.10623804104845233,3.0000000299625937,10.469043818523971,23.762832753772233,13.293788935248262,0.046831566616601,28.163520562568493,31.292800312382127,0.5051936922184844,22.304419108955074,2.1050047467284645,0.0059229526338783894,16.472776689579398,500000.0,1003612.4017694776,31.29280031253828,0.2826236410975992,17.176901779602602,0.07485744137770176,0.0061521679990647095,20.33743165624302,500000.0,1003612.4017744857,0.08972999999999999,1.1986913043478262,False
hq2195,ok,,0.2,1.775035252315897,0.8492430806605532,3.6800514914635847,1.7678399999999994,0.4803845826887917,0.4803845826887917,10.45876470259761,3.075026153749455,0.07900412480372457,3.00000002997,11.488815866593503,24.947580599161114,13.45876473256761,0.050377291401787504,28.163520562707138,31.292800312524168,0.5350740358854703,23.771068570243514,2.106444636569483,0.0064322177522174485,15.761588945170642,500000.0,994810.3248822456,31.29280031261508,0.28866268353446123,17.367920582343114,-0.1781482858120721,0.0064569171568230185,19.955776592155214,500000.0,994810.3248851357,0.09492,1.3287357859531772,False
hq2510,ok,,0.2,1.7127093218268645,0.8567571814402044,3.6477759781907526,1.7678399999999983,0.48463502434621075,0.48463502434621075,10.80239580293154,3.2739163106779103,0.1062380607764239,3.00000002997,10.323670242952343,24.126066075853885,13.80239583290154,0.04632610592000041,28.163520562707127,31.29280031248893,0.512915968195752,22.841038034488857,1.5402078842026228,0.006582686383261111,15.983459992213035,500000.0,1003612.4042951614,31.292800312615068,0.29343653456549124,17.45087763982599,-0.46877799435618683,0.006615843386163836,19.60906413659859,500000.0,1003612.4042992069,0.09965,1.2323,False
hq2511,ok,,0.2,1.7173227942068023,0.8567571812169774,3.6477759791405715,1.7678399999998518,0.4846350242199799,0.4846350242199799,11.32480128583429,3.6221866348458014,0.10623805869119968,3.00000002997,10.409916322410712,24.734717638215002,14.32480131580429,0.04662598162469637,28.163520562707127,31.29280031249175,0.5258557946771895,23.599179747320928,1.6366686752227715,0.007021900472119501,15.54274106377687,500000.0,1003612.404033845,31.292800312615068,0.30454278434198273,17.772265715613685,-0.3809468688115926,0.00694856265729604,19.10440448473799,500000.0,1003612.4040378002,0.10999057170233152,1.2886163879598662,False
hq2512,ok,,0.2,1.6996281329518714,0.8566080748360161,3.64841093308428,1.7678399999999996,0.4845506803986878,0.4845506803986878,11.8216836691373,3.95491081504429,0.10482785701754947,3.00000002997,10.07912531838995,24.900809017497252,14.8216836991073,0.04547582864312586,28.163520562707127,31.29280031248072,0.5294790167909111,23.821079872095382,1.6878635509630768,0.007378866352126913,15.322409899306534,500000.0,1003437.7395931972,31.292800312615068,0.315161266712554,18.039769801919757,-0.26239264503463594,0.0072594802339374575,18.661601251761105,500000.0,1003437.7395975053,0.11961,1.3043852842809365,False
hq258,failed,Infeasible_Problem_Detected,0.57,,,,,,,,,,,,,,,,,,,,,,,,,,,,,,,,,,
hq2590sm,ok,,0.19,1.7961758989648215,0.8350092650099952,3.7427827409347243,1.7678399999999999,0.47233305333627207,0.47233305333627207,10.063553083137133,2.8168282080936153,0.0792694359036731,3.00000002997,11.884027486069783,24.947580599176916,13.063553113107133,0.05175143343396763,28.163520562707127,31.292800312534958,0.5441950666396372,23.782387160776995,1.6282601776744183,0.006294180245258066,15.875474412062152,500000.0,978136.716237303,31.292800312615068,0.2849623484986727,17.26725554486951,-0.79359328354716,0.006424555046178386,20.21302401994626,500000.0,978136.7162398071,0.09032008398320336,1.3684321070234113,False
hq259,ok,,0.2,1.7019641410346495,0.8567571814694678,3.647775978066142,1.767839999999994,0.4846350243627651,0.4846350243627651,10.287799620130768,2.9308521885297494,0.10623806104742016,3.00000002997,10.122795578474053,23.41059522857482,13.287799650100768,0.04562766916850645,28.163520562707127,31.2928003124822,0.49770518241744705,21.959886061158215,1.4034486405637814,0.006045424728904289,16.555570111561526,500000.0,1003612.4043292274,31.292800312615068,0.2824963092203406,17.16543656831111,-0.5846045318782379,0.006264618322679425,20.17514335807704,500000.0,1003612.4043334887,0.08967,1.1661,False
hq259b,ok,,0.2,1.7962394422886079,0.8349031574116644,3.74325841009969,1.7678399999999996,0.4722730322945881,0.4722730322945881,10.062365179081192,2.8160752203789636,0.07927144766512467,3.00000002997,11.885215390125769,24.94758059917696,13.062365209051192,0.05175556375001372,28.163520562707127,31.29280031253499,0.5442642282316514,23.779858978519407,1.6288446796329699,0.0062945296156997075,15.875683051900772,500000.0,978012.4209244878,31.292800312615068,0.2849726485935225,17.263743233503703,-0.7935468342436035,0.006426667833118925,20.211328405984464,500000.0,978012.4209269905,0.09032,1.368733110367893,False
hq300gd2,ok,,0.2,1.6717505181372538,0.765017855099797,4.085209573562576,1.7678399999999996,0.43274156886358334,0.43274156886358334,12.389610420680697,4.391972520678526,0.08071766774240938,3.00000002997,9.557970148399823,24.947580599050518,15.389610450650697,0.043663783680175726,28.163520562707127,31.292800312462145,0.5939834208933084,24.7224168218661,0.31893699163432115,0.010780536830739925,14.373233912891818,500000.0,896148.2033849315,31.292800312615068,0.3664152291365457,18.551109983353992,-1.7594345792420847,0.009346359541788894,17.473347581771485,500000.0,896148.2033893107,0.1657503780551411,1.5851197324414714,False
hq3010,ok,,0.2,1.7634617220217526,0.849790455173889,3.677681064280863,1.7678399999998944,0.4806942116786246,0.4806942116786246,10.675124410452819,3.2190605834284414,0.07899406188874611,3.0000000146442574,11.272456010664985,24.947580435762063,13.675124425097076,0.04962501259653634,28.16352027506304,31.292800102297033,0.5347293829359105,23.823422704630218,1.130570655630753,0.006678867667673197,15.645928962814615,500000.0,995451.5171987595,31.292800152872328,0.29311422966216205,17.528817279371058,-1.1099286264499106,0.0067362013774722555,19.54274251313105,500000.0,995451.5188076041,0.09985,1.3272357859531771,False
hq3011,ok,,0.19,1.7482607233559277,0.8317840170757725,3.7572954053471137,1.76783999999999,0.47050865297525635,0.47050865297525635,10.959298219017239,3.4151728295976596,0.07933076685162692,3.000000025623927,10.98828230597969,24.947580550620856,13.959298244641165,0.048636947207696596,28.163520481116507,31.292800251843907,0.5463051875989695,23.7339135269,1.2805819446771796,0.0068143506321190475,15.650008152643922,500000.0,974358.6324081026,31.292800267292414,0.30568242973356896,17.63089194444352,-0.9513442661398717,0.007002386216213174,19.349262929994406,500000.0,974358.6328891203,0.10985,1.377615719063545,False
hq3012,ok,,0.2,1.7343777515189496,0.817736662704813,3.8218394846852464,1.7678399999999987,0.4625625976925591,0.4625625976925591,11.218832121664414,3.593278971044095,0.07960377316025952,3.0000000299700424,10.728748447636054,24.94758059927051,14.218832151634457,0.04773455384997254,28.163520562712932,31.29280031246263,0.5556898000827374,23.88662425844157,1.2998773932681456,0.007463997291291017,15.418736799511443,500000.0,957903.4479258315,31.29280031262107,0.31671447915368905,17.72391412683314,-0.875007206371523,0.0072997649670891954,19.099441992678017,500000.0,957903.4479306813,0.11979999999999999,1.4184591973244147,False
hq3013,ok,,0.2,1.7136426757680003,0.8127492511799002,3.845292088627505,1.7678399999999996,0.45974140826087223,0.45974140826087223,11.606461838027125,3.8534794016612515,0.07970298163658211,3.00000002997,10.341118731106329,24.947580599103453,14.606461867997124,0.04638677392617422,28.163520562707138,31.292800312489433,0.5590997739550408,23.881699852113282,1.3100618286309376,0.007711384254422504,15.333494048854066,500000.0,952061.1530732681,31.29280031261508,0.3273451506118393,17.959400735527947,-0.7897812038636329,0.00764451373141998,18.705144906788128,500000.0,952061.1530770909,0.12986999999999999,1.4333,False
hq3014,ok,,0.2,1.69382635637883,0.8067811989118058,3.8737371047012203,1.7678399999999994,0.4563655075752365,0.4563655075752365,11.97691595929471,4.102562817186556,0.0798232849719496,3.00000002997,9.97066460981517,24.947580599079878,14.97691598926471,0.045098713165878164,28.163520562707127,31.292800312476977,0.5632356371586927,23.90620816793832,1.37982582372928,0.008031775857819883,15.2243451987533,500000.0,945070.127592752,31.292800312615068,0.33813029629504004,18.137286307799407,-0.6597792583270433,0.007886792673456091,18.45138052800204,500000.0,945070.1275969225,0.13986,1.4513,False
hq3015,ok,,0.2,1.667473723014552,0.8089261909549615,3.8634652957775257,1.7678399999999994,0.4575788481734556,0.4575788481734556,12.469562369388264,4.430235941183139,0.07977980734910807,3.0000000253482035,9.478018137954763,24.94758053269123,15.469562394736467,0.043385792197454635,28.16352047593985,31.292800240141073,0.5617421324558204,23.91910106154045,1.3717571326443032,0.008344575280310325,15.08773030512048,500000.0,947582.78671205,31.29280026441663,0.34832656188366784,18.392889384690083,-0.5535835815751209,0.008172973338624743,18.066587210535975,500000.0,947582.7874471424,0.14983,1.4448,False
hq308,ok,,0.6,1.590281648679848,0.8567571498175403,3.6477761128291384,1.7678399999999996,0.48463500645846935,0.48463500645846935,9.777034031090665,2.5903413836545917,0.10623812953569413,3.000000011233581,11.50358138045838,24.280615422782624,12.777034042324246,0.05042863033135005,22.937964262977392,31.292800083304407,0.5162016870426234,24.45212446797326,0.9416225068295627,0.005587039499107225,16.42770814782667,500000.0,1003612.3599017817,25.486626863428405,0.40950000459174446,15.891634434964182,4.052910635297154e-08,0.005909999986256577,18.471944866199085,500000.0,817398.6880128531,0.07979,1.2466,False
hq309,ok,,0.19,1.7795285502595581,0.8567571524650033,3.647776101511703,1.7678399999889858,0.48463500795905806,0.48463500795905806,10.289692442927462,2.9321141062066443,0.10623793776207902,3.00000001847328,11.572815584152599,24.86250804555334,13.289692461400742,0.05066935626616002,28.163520346916272,31.29280015821164,0.5285726194601976,23.592933253888507,1.0830089381791468,0.006206708842941935,15.875222382908067,500000.0,1003612.3654116942,31.292800192768972,0.28253656178751363,17.401809397063584,-1.2401491862274834,0.006670461852590504,19.60664615212661,500000.0,1003612.3665200056,0.08979000000000001,1.3004404682274247,False
hq3510,ok,,0.2,1.7675980176364603,0.8433092064810266,3.7059458637254976,1.7678399999999976,0.4770280152508302,0.4770280152508302,10.59779931135964,3.1699280483238508,0.07911363839439327,3.0000000299261673,11.349781257459366,24.947580598745173,13.597799341285807,0.04989387114951509,28.163520561887808,31.29280031190286,0.5388390392688105,23.71898135166015,0.5459864596660694,0.0067400376257859985,15.641460185582254,500000.0,987859.3358763538,31.29280031216193,0.2936968217858869,17.802792654510462,-1.7571636477184531,0.0077745317245183476,18.34852439631767,500000.0,987859.3358845321,0.09963999999999999,1.3451217391304346,False
hq3512,ok,,0.2,1.7357389896269677,0.8159373831757577,3.8302672852615203,1.7678399999999994,0.4615448135440752,0.4615448135440752,11.193384597335594,3.576957806438389,0.07963943679477874,3.00000002997,10.754195971820875,24.947580599126468,14.193384627305594,0.047823034327007116,28.16352056270713,31.292800312502635,0.5569151898007412,23.927948131255455,0.7110838872316193,0.007498146540694511,15.411188994354063,500000.0,955795.7570978763,31.29280031261507,0.31684481235229545,17.737850405993246,-1.4868575331237357,0.007274425678409064,19.151349643587814,500000.0,955795.7571013104,0.11957000000000001,1.4237923076923076,False
hq3513,ok,,0.2,1.7147439323857872,0.8097873855115205,3.8593565687934976,1.7678399999999996,0.4580659932525119,0.4580659932525119,11.585874510752847,3.84080594772616,0.0797624649590812,3.00000002997,10.361706058381682,24.947580599104526,14.585874540722847,0.046458355606330375,28.163520562707127,31.292800312490176,0.5611447285385578,23.932764488851053,0.7496959719085292,0.007812387268950937,15.303052718954474,500000.0,948591.5992848474,31.292800312615068,0.32807937335133175,17.91527729756673,-1.36806287919507,0.007553244278368079,18.836529853587194,500000.0,948591.5992886332,0.13,1.4422,False
hq3514,ok,,0.2,1.702576936807101,0.7978307055406324,3.9171947681334682,1.7678399999999996,0.45130255313865086,0.45130255313865086,11.813329143829234,3.996641140056845,0.08000708149564797,3.00000002997,10.134251425291874,24.947580599091108,14.813329173799234,0.04566750089371574,28.16352056270715,31.29280031248244,0.5695543170513436,23.940296210848615,0.7797906145000089,0.008086899078796726,15.238594300443152,500000.0,934585.446091013,31.29280031261509,0.3381889296742367,18.055736996732325,-1.2838864308638245,0.007866226091608487,18.589285513050903,500000.0,934585.4460949746,0.14,1.4788,False
hq3518,failed,Maximum_Iterations_Exceeded,1.29,,,,,,,,,,,,,,,,,,,,,,,,,,,,,,,,,,
hq358,ok,,0.2,1.789715540192364,0.8567571815415589,3.647775977759226,1.7678399999999996,0.4846350244035428,0.4846350244035428,9.778908162132089,2.591591215860578,0.10623806168820038,3.00000002997,11.763254981081586,24.542163173183674,12.778908192102088,0.051331510113757875,28.163520562707127,31.292800312531742,0.521762120044369,22.91880643155014,0.3935134446172854,0.005892886894406389,16.15959844440115,500000.0,1003612.4044152612,31.292800312615068,0.2716773653193464,18.01872208242599,-1.9954018363622739,0.00900990254314886,16.80530503866762,500000.0,1003612.4044179337,0.07969,1.2708,False
hq359,ok,,0.38,1.557248760362553,0.8501322930788467,3.6762022699802825,1.7678399999999999,0.4808875764089775,0.4808875764089775,10.17469818897638,2.8853152652801133,0.07898783823403678,3.0000000261573003,11.772882346307247,24.94758056144093,13.174698215133681,0.051364984165302406,21.601933826558998,31.292800269592824,0.5345143654417247,26.19010841513644,0.5142637646498011,0.006348584684698125,15.79741359559006,500000.0,995851.9542515181,24.002148486899525,0.4798000003054313,16.487449242233666,2.8714653059531105e-09,0.0063999999997131,16.80695594919276,500000.0,763836.6100505274,0.08969999999999999,1.3263,False
hs1404,failed,too few converged polar points,0.01,,,,,,,,,,,,,,,,,,,,,,,,,,,,,,,,,,
hs1430,failed,Restoration_Failed,0.94,,,,,,,,,,,,,,,,,,,,,,,,,,,,,,,,,,
hs1606,ok,,0.2,1.8722883073462442,0.7964047955602376,3.924208245634067,1.7678399999999994,0.45049596997479285,0.45049596997479285,8.640677582816737,1.8820359280516707,0.08003674394308825,3.00000002997,13.306902986436487,24.947580599223222,11.640677612786737,0.05669873997876007,28.163520562707138,31.292800312569206,0.5705740662912737,24.563456957954788,0.021111390081358976,0.008050625821765868,15.259277737143693,500000.0,932915.123422564,31.292800312615082,0.2662329813296933,17.650263469568877,-2.7149661750111167,0.008867801608541922,17.451019496540773,500000.0,932915.1234239317,0.06014,1.483238127090301,False
hs1620,failed,Maximum_Iterations_Exceeded,1.29,,,,,,,,,,,,,,,,,,,,,,,,,,,,,,,,,,
hs1708,ok,,0.19,1.8428114797709643,0.7539985332735566,4.144912924473993,1.7678399999999996,0.4265083566802181,0.4265083566802181,9.191729069375778,2.2636684646788314,0.0809701759638495,3.00000002997,12.755851499861306,24.947580599207086,12.191729099345778,0.0547827461863669,28.163520562707127,31.292800312556707,0.6026641996820484,24.573228732788145,-0.5055639434154394,0.008950733010831014,15.08838456917327,500000.0,883240.0792290898,31.292800312615068,0.29451828529631796,17.834150783369285,-3.2144218022502917,0.00976943916393464,17.152187336166875,500000.0,883240.0792307369,0.07916000000000001,1.6229,False
hs1712,ok,,0.21,1.7673271084459932,0.7150677054293308,4.370576718638937,1.7678399999999996,0.4044866647600071,0.4044866647600071,10.602863796274429,3.2166912798369136,0.08192424553387874,3.00000002997,11.344716772910553,24.947580599154982,13.602863826244429,0.04987626205024378,28.163520562707127,31.29280031252018,0.6354753810955972,23.927824134814866,-0.9726977947881804,0.00909744545321774,15.211398511152572,500000.0,837636.1875065975,31.292800312615068,0.34649793151543395,18.41248096962178,-3.2113374869279587,0.011597227563426614,16.257708434365938,500000.0,837636.1875091374,0.11976,1.7657,False
hsnlf213,failed,Maximum_Iterations_Exceeded,1.33,,,,,,,,,,,,,,,,,,,,,,,,,,,,,,,,,,
ht05,ok,,0.2,1.5626222615718253,0.8567571813928092,3.6477759783924393,1.7678399999999725,0.48463502431940814,0.48463502431940814,8.195678193424213,1.536104571476704,0.10623806033490198,3.00000002997,7.517883308859243,18.713561532253458,11.195678223394212,0.03657044700342287,28.163520562707127,31.2928003123718,0.39784706309477,19.432437658294543,3.5740759023851347,0.00959997631859454,15.947971558244172,500000.0,1003612.4042359004,31.292800312615068,0.23801817162303404,16.605941162206864,2.038370870474301,0.007319885427941911,18.576650945920303,500000.0,1003612.4042437023,0.04811058297971067,0.7315,False
ht08,ok,,0.2,1.513813902569436,0.8566884448773326,3.6480686582011197,1.7678400000000156,0.4845961426810826,0.4845961426810826,8.285299045139652,1.5965308152021507,0.10558627670436965,3.00000002997,6.6054405191162635,17.890739594225916,11.285299075109652,0.033397903668267545,28.163520562707127,31.292800312318967,0.38038452957375835,18.581836762234317,3.4528238128569613,0.00921651339896395,16.364610631202044,500000.0,1003531.8857149857,31.292800312615068,0.2399427456363476,16.470605126549412,2.176615985437789,0.006964708029302981,19.124547374909362,500000.0,1003531.8857244813,0.04998922135991456,0.6555,False
ht12,ok,,0.2,1.6442222969857756,0.8567571815233883,3.6477759778365897,1.7678399999999996,0.4846350243932644,0.4846350243932644,8.026583274032077,1.4233746239551672,0.1062380615336484,3.00000002997,9.04334668189715,20.06992998589923,11.026583304002077,0.04187444930532963,28.163520562707127,31.29280031244225,0.4266832204224318,20.713575710068667,3.87125333465882,0.009606713595913148,15.653172273770947,500000.0,1003612.404391106,31.292800312615068,0.23442324301387232,16.503535622246147,2.133715153689334,0.006890939000940559,19.18491778200099,500000.0,1003612.4043966485,0.05018653189516628,0.857,False
ht13,ok,,0.2,1.6979940946065906,0.8567571815284118,3.64777597781518,1.7678399999999945,0.4846350243961074,0.4846350243961074,8.781050701470427,1.9263529088704023,0.10623806157626593,3.00000002997,10.048577958536283,21.82962868997671,11.781050731440427,0.045369616150682586,28.163520562707138,31.292800312479557,0.4640941087752885,22.030263443801875,4.1764940929227645,0.00920721475700648,15.423455446748589,500000.0,1003612.4043981899,31.29280031261508,0.25046308928320926,16.850627971623414,2.2495403153799614,0.00711754589633625,18.974716349493495,500000.0,1003612.4044025363,0.06500711897213415,1.01981872909699,False
ht14,ok,,0.2,1.7665192584012535,0.8567571814399018,3.6477759781870525,1.7678399999987895,0.48463502434637096,0.48463502434637096,9.285369436908642,2.262565400179007,0.10623806086697489,3.0000000299668033,11.329614504359272,23.614983971234718,12.285369466875444,0.04982375179747135,28.163520562648348,31.292800312463612,0.5020504515516903,23.985227248367607,4.495547483780189,0.00953689935771866,14.776890426570837,500000.0,1003612.4042946812,31.292800312583097,0.2611848179015243,17.271918685206,2.321127139519941,0.007374550227319248,18.671102439557384,500000.0,1003612.4042985133,0.07489598956598957,1.1850113712374581,False
ht21,ok,,0.2,1.5723034831077203,0.8567571748844499,3.6477760060748685,1.7678399999932082,0.4846350206397307,0.4846350206397307,8.52914077553109,1.7584130255994295,0.10623799954231243,3.00000002997,7.698867897706065,19.228008703207156,11.52914080550109,0.03719972640325601,28.163520562707138,31.292800312380944,0.4087841235637585,20.04959326648213,3.655402578487823,0.010260026365384227,15.447977044910685,500000.0,1003612.3966160882,31.292800312615082,0.2451075299719973,16.95829132205081,2.2153230029679336,0.008110368310091124,17.588934265216167,500000.0,1003612.3966235975,0.051035691326688545,0.7791,False
ht22,ok,,0.19,1.7533300282094508,0.8567571815524917,3.647775977712568,1.767839999999973,0.4846350244097344,0.4846350244097344,8.133632462929357,1.4947407496371081,0.10623806177495729,3.0000000299700007,11.083049812571922,22.21668230547128,11.133632492899359,0.04896645183486833,28.16352056270721,31.29280031251179,0.4723228013000821,22.17315951101833,3.551810825111336,0.00818005681807,15.844391119347701,500000.0,1003612.4044274433,31.292800312615153,0.2366990901410152,16.419197716894576,1.4086633192028464,0.006051758124471025,20.611351131253052,500000.0,1003612.4044307583,0.05078891332390381,1.0556314381270904,False
ht23,ok,,0.2,1.8114067512706677,0.8567571815559479,3.647775977697929,1.7678399999999916,0.4846350244116843,0.4846350244116843,8.814128227370295,1.9484045925679698,0.10623806180163953,3.00000002997,12.16875907000676,23.982887327347054,11.814128257340295,0.05274143883384755,28.16352056270716,31.29280031254206,0.5098720128369257,23.921243257824536,3.9007593044815,0.00819847801924224,15.263639059395707,500000.0,1003612.404432452,31.292800312615103,0.2511663117220628,16.951633747425277,1.5782778471029748,0.006565589093368882,19.80482218787821,500000.0,1003612.4044347947,0.06507682131415135,1.2190521739130435,False
ht33,ok,,0.2,1.550722314377602,0.8567571810000859,3.6477759800646186,1.7678399999999967,0.48463502409725284,0.48463502409725284,8.641860246062244,1.8335592770990214,0.10623805661697454,3.00000002997,7.2954209840111615,18.937281260043406,11.641860276032244,0.03579695043579835,28.163520562707127,31.292800312359784,0.40260330577812603,19.28045142733162,3.6428311483346123,0.00887351062776936,16.373159504159815,500000.0,1003612.403775462,31.292800312615068,0.24750392456548437,16.488596459437346,2.1979180633902993,0.006559342715839058,19.802282692606745,500000.0,1003612.4037836492,0.05946530695473251,0.7522,False
ht34,ok,,0.2,1.5884308476185292,0.856757181151722,3.647775979418948,1.767839999999983,0.4846350241830314,0.4846350241830314,9.225501845952273,2.2226536755312942,0.10623805805734562,3.00000002997,8.00035923579264,20.225861111714913,12.225501875922273,0.038248005096458614,28.163520562707127,31.292800312396196,0.4299982892215102,20.347583631344815,3.8429381539268497,0.00884208960896789,16.063108016131586,500000.0,1003612.4039542653,31.292800312615068,0.25991204341863516,16.653772878516545,2.190120235102619,0.006338459149084076,20.166475143785622,500000.0,1003612.4039612848,0.0697351646424462,0.8714277591973244,False
ht35,ok,,0.2,1.5524127320789338,0.8560433907855165,3.6508175861627437,1.7678399999994767,0.4842312600607351,0.4842312600607351,9.49664730325236,2.4103287656234293,0.09960922328656933,3.00000002997,7.327022321871323,19.82366965509368,12.49664733322236,0.035906827586384915,28.163520562707127,31.292800312361496,0.421799182488793,19.687784677557698,3.5576448653394177,0.00832763214890418,16.500163735151673,500000.0,1002776.2640516029,31.292800312615068,0.26589807642206525,16.637357072030387,1.903163666446712,0.006161943923867622,20.435980947404328,500000.0,1002776.2640597286,0.07499279342554431,0.83574381270903,False
isa571,ok,,0.2,1.8203248793481053,0.8403795871706944,3.7188650382641977,1.7678399999999985,0.47537084078349573,0.47537084078349573,9.612102481647613,2.5138824241042803,0.07916827974919274,3.000000029970001,12.335478087580976,24.947580599198588,12.612102511617614,0.05332111715888012,28.16352056270754,31.292800312544664,0.540717468098844,24.16993390939453,0.5194228476217827,0.007500535123702637,15.314954429001242,500000.0,984427.5557570243,31.292800312615512,0.27335653292456036,17.908901926491268,-1.9966680805821044,0.008894637375804234,17.08356270497443,500000.0,984427.5557592531,0.07400766928804754,1.353296989966555,False
isa960,ok,,0.2,1.7837824537505722,0.807421792425642,3.8706637533415513,1.7678399999999996,0.45672786701604345,0.45672786701604345,10.295241055371946,2.9812201778694796,0.07981028675890435,3.00000002997,11.652339513825872,24.947580599167818,13.295241085341946,0.05094585949504141,28.163520562707127,31.29280031252874,0.5627887764234344,25.764294815212693,0.00086566753286076,0.012514461853168901,13.57575596603915,500000.0,945820.524101663,31.292800312615068,0.29992537484306114,18.886710966820765,-2.3943423011879084,0.012486202173731554,14.485116077792826,500000.0,945820.5241042722,0.09444794868529474,1.4493551839464882,False
isa961,ok,,0.2,1.7763280300632291,0.8149464668647497,3.8349246148933536,1.7678399999999999,0.4609842897913554,0.4609842897913554,10.434597003491197,3.0714532906290315,0.07965913419436195,3.00000002997,11.512983565700832,24.94758059916203,13.434597033461197,0.050461321955364125,28.163520562707127,31.29280031252491,0.5575923586306728,24.67629414960959,-0.17744453408190244,0.009195733497162269,14.724057095981108,500000.0,954634.9895871882,31.292800312615068,0.3002707463884783,18.006173890708148,-2.623541619330275,0.00897980486375349,17.361624034784725,500000.0,954634.9895899385,0.09439890821865389,1.4267394648829432,False
isa962,ok,,0.2,1.8162014228454535,0.7452875929773427,4.1933587719002965,1.7678399999999994,0.42158090832730505,0.42158090832730505,9.689188010258208,2.5981219142228507,0.08117506211073522,3.00000002997,12.2583925589626,24.947580599190808,12.689188040228208,0.0530530924862087,28.163520562707127,31.2928003125446,0.609708154138848,24.35614294173169,0.08130501732560376,0.009147087238166466,15.054208104721658,500000.0,873036.0121677936,31.292800312615068,0.310118305329551,18.382146804584,-2.6301467272539734,0.011412937870584613,15.883608853213998,500000.0,873036.0121697595,0.09731371231766613,1.6535565217391304,False
ist-mt1-12,failed,Maximum_Iterations_Exceeded,1.36,,,,,,,,,,,,,,,,,,,,,,,,,,,,,,,,,,
ist-mt1-15,failed,Maximum_Iterations_Exceeded,1.2,,,,,,,,,,,,,,,,,,,,,,,,,,,,,,,,,,
ist-mt1-18,ok,,0.2,1.8002143068483334,0.6254494371059431,4.996820014837779,1.7678399999999996,0.3537930113052897,0.3537930113052897,9.9880574870846,2.8338194254731985,0.07105370832510192,3.00000002997,11.959523082124775,24.947580599179375,12.9880575170546,0.052013929946395886,28.163520562707127,31.29280031253694,0.7265302287574763,24.65691524800676,-3.183338709678827,0.011863295404914372,14.759514008007896,500000.0,732656.6113922013,31.292800312615068,0.37824174418116596,18.139623347031907,-5.933968564334188,0.012677667752881006,16.586629157012872,500000.0,732656.6113940305,0.17999214546650763,2.1619866220735786,False
ist-mt1-21,ok,,0.2,1.757960144451717,0.6518870071192325,4.794171737539137,1.7678399999999996,0.3687477413788763,0.3687477413788763,10.777973530193725,3.3525256549754796,0.07426612707931142,3.00000002997,11.16960703898279,24.947580599146512,13.777973560163725,0.049267409390615836,28.163520562707127,31.29280031251514,0.6970654694054021,25.20623193629133,-1.157121207569909,0.013691616998188355,14.071426254428008,500000.0,763625.7982039674,31.292800312615068,0.3849731868363211,18.593913398914946,-3.6933823702502258,0.013435004445740754,15.798050464048925,500000.0,763625.798206406,0.2099818753956264,2.0337508361204013,False
ist-mt1-24,ok,,0.2,1.7143483690348043,0.6532606605837797,4.784090722388125,1.7678399999999996,0.36952476501480896,0.36952476501480896,11.593269328665736,3.895644079306178,0.07443358987025198,3.00000002997,10.354311240467949,24.947580599103684,14.593269358635736,0.04643264398851649,28.163520562707127,31.29280031248993,0.6955997047345928,25.089272826090546,-0.2385548771587813,0.013978561881310256,13.982121473418927,500000.0,765234.9071622117,31.292800312615068,0.406896124318481,18.934832326538636,-2.545021972193815,0.013909835908716984,15.560281179202292,500000.0,765234.9071652719,0.23998690377767173,2.0273715719063543,False
j5012,failed,Infeasible_Problem_Detected,0.98,,,,,,,,,,,,,,,,,,,,,,,,,,,,,,,,,,
jn153,ok,,0.2,1.751225508001181,0.6413278700542544,4.873105335864496,1.7678399999999999,0.36277483825134316,0.36277483825134316,10.006216165347304,2.8411839698038754,0.07298063861031256,3.000000029968822,11.941364403716582,24.947580599032708,13.006216195316126,0.05195079262446131,26.811179969231222,31.292800312536464,0.7085422976795206,25.83228407206071,-1.2208266956140936,0.020673186731571452,12.406751702691835,500000.0,751256.7382576929,29.79019966822007,0.4075964052463345,22.37872435409943,-3.768006528814071,0.03667903487546067,8.363236942305681,500000.0,715183.3013112139,0.17567131914613282,2.0837,False
joukowsk,ok,,0.2,1.7040828625434905,0.8567571812410881,3.6477759790384967,1.7678399999999925,0.48463502423357985,0.48463502423357985,11.300808785814215,3.606191634554679,0.1062380589023215,3.00000002997,10.162403797306412,24.463212613090626,14.300808815784215,0.0457653860665811,28.163520562707127,31.292800312483546,0.5200836450539357,24.097284245627755,4.6399921400890465,0.008834284886309997,14.834140813656246,500000.0,1003612.4040617456,31.292800312615068,0.3040327079563524,17.995462393401702,2.7199529306482964,0.007767802475862898,18.172780742962935,500000.0,1003612.4040659637,0.118,1.2634949832775921,False
jx-gs-04,ok,,0.2,1.77934137633227,0.8567571815475207,3.647775977733703,1.7678399999999659,0.4846350244069244,0.4846350244069244,9.03534071803951,2.0958795864223645,0.10623806173601738,3.00000002997,11.569316254043324,23.604657002052832,12.03534074800951,0.05065718946285172,28.163520562707152,31.292800312526218,0.5018309019184944,23.120764081604463,3.3275146003860407,0.007338408884904337,15.8029507503488,500000.0,1003612.4044220869,31.2928003126151,0.255869250797009,16.807324202915616,0.9307227380102705,0.005980956498260557,20.754043648849088,500000.0,1003612.4044249374,0.06898946705198625,1.1840558528428096,False
jx-gs-06,ok,,0.2,1.7416094191684732,0.8567571815360977,3.647775977782468,1.7678399999999972,0.48463502440045425,0.48463502440045425,9.214366601894488,2.2152301757505666,0.1062380616421276,3.00000002997,10.863940106172516,23.078306738037003,12.214366631864488,0.04820461224720497,28.16352056270713,31.292800312505985,0.4906407868694389,22.393087695570742,3.032630620225864,0.0071664131006039045,16.083034165789925,500000.0,1003612.4044080392,31.29280031261507,0.2596753099503073,16.550482130151337,0.7109555443392968,0.005592402673487991,21.40709184472431,500000.0,1003612.4044115377,0.07099357922983782,1.1353545150501672,False
jx-gs-10,ok,,0.2,1.7446035779803901,0.8567571813864605,3.647775978414725,1.7678399999988228,0.48463502431613215,0.48463502431613215,9.432315814768618,2.3605296527334976,0.10623806030652566,3.0000000299700043,10.919914096596308,23.35222994133493,12.432315844738621,0.04839923256997792,28.163520562707845,31.29280031250099,0.49646434660988337,22.550111324900364,2.964309707785027,0.006799944983604033,16.17273265417906,500000.0,1003612.4042332595,31.292800312615817,0.2643088723501757,16.67445549486917,0.5766210397126835,0.005419465041788885,21.677444123489245,500000.0,1003612.4042369422,0.07408397344028882,1.1606996655518393,False
jx-gs-15,ok,,0.2,1.683966207183727,0.8567571814908459,3.647775977975142,1.7678399999999992,0.4846350243748565,0.4846350243748565,9.652523490782567,2.5073347687585437,0.10623806124312975,3.00000002997,9.786335076457553,22.43885859721012,12.652523520752567,0.04445780346819647,28.163520562707127,31.292800312470472,0.47704623065124246,21.23855378362494,2.479407339705726,0.006352313259691869,16.78727477956461,500000.0,1003612.4043538908,31.292800312615068,0.2689904492065327,16.41326593043221,0.29328450972819836,0.005180272065756046,22.056200250089383,500000.0,1003612.4043585282,0.07599343407396254,1.0761886287625417,False
k1,ok,,0.2,1.7407648498846726,0.8215798404072567,3.803961723368002,1.767839999999999,0.46473653747355936,0.46473653747355936,11.099429174815363,3.512296239326451,0.07952817361301738,3.0000000299412486,10.84815139413708,24.94758059889369,14.09942920475661,0.04814971524499528,28.163520562171005,31.292800312067584,0.5530904000748993,24.262477976763925,2.3112475874804295,0.008225203252205354,15.083966215926816,500000.0,962405.3778626039,31.292800312319283,0.31258577995715453,17.72456808288949,0.11029651634028997,0.007435952889428128,18.92092580303913,500000.0,962405.3778703449,0.11591770650530944,1.4071461538461538,False
k2,failed,Infeasible_Problem_Detected,1.29,,,,,,,,,,,,,,,,,,,,,,,,,,,,,,,,,,
k3311,ok,,0.2,1.7072586099705165,0.8567571812843625,3.6477759788542774,1.7678399999999992,0.48463502425805666,0.48463502425805666,11.303850153030412,3.608219212270431,0.10623805931078867,3.00000002997,10.221772477201851,24.525622660202263,14.303850183000412,0.045971809649337794,28.163520562707127,31.292800312485546,0.5214104717736096,23.06954883386273,0.9875761243704263,0.006797409213610684,15.725493622582553,500000.0,1003612.4041124979,31.292800312615068,0.3040973668790037,18.22466415438888,-0.693199340167659,0.008462998658653959,17.447656969673176,500000.0,1003612.404116652,0.11,1.2692695652173913,False
k3311sm,ok,,0.2,1.7215419262023428,0.8567571811330602,3.6477759794971814,1.7678399999996868,0.48463502417255633,0.48463502417255633,11.32752361328916,3.6240015206860674,0.10623805791693869,3.00000002997,10.488790446576955,24.816314089836112,14.327523643259159,0.0469002252044065,28.163520562707127,31.29280031249429,0.5275905210973185,23.576440845022486,0.9879040495159124,0.00672935364797571,15.64736889696438,500000.0,1003612.4039357188,31.292800312615068,0.30460066057981644,17.730606987399174,-0.512067288695666,0.006756948399307568,19.336315959290907,500000.0,1003612.4039395925,0.11025280945757998,1.296166220735786,False
k3,failed,Infeasible_Problem_Detected,0.68,,,,,,,,,,,,,,,,,,,,,,,,,,,,,,,,,,
kc135a,failed,Maximum_Iterations_Exceeded,1.35,,,,,,,,,,,,,,,,,,,,,,,,,,,,,,,,,,
kc135b,failed,Infeasible_Problem_Detected,1.26,,,,,,,,,,,,,,,,,,,,,,,,,,,,,,,,,,
kc135c,ok,,0.2,1.598098158500365,0.8549228988002551,3.6556024759335233,1.7678399999961754,0.48359744026727797,0.48359744026727797,11.15068583078058,3.523270756181542,0.08980275674267728,3.00000002997,8.181083773364234,22.331769634114814,14.15068586075058,0.03887638030377795,28.163520562707127,31.29280031240478,0.47578818129448724,20.974991112749958,2.686961445215177,0.006746973883172402,16.607740741391147,500000.0,1001463.7105336528,31.292800312615068,0.30148659062659744,17.42717137464638,1.3380884569017086,0.006517507382515193,19.690243605125733,500000.0,1001463.7105403827,0.10592,1.0707133779264213,False
kc135d,ok,,0.2,1.623325790202669,0.856611809745472,3.648395025663512,1.7678399999999996,0.48455279309523047,0.48455279309523047,10.39238260845681,3.0020068048163027,0.10486301430296786,3.00000002997,8.652699109744042,22.04508174817085,13.39238263842681,0.040516176364427704,28.163520562707127,31.292800312425967,0.46875414000079363,20.52066497064799,1.6983388420636638,0.006193850574041533,17.048919058842717,500000.0,1003442.1146950766,31.292800312615068,0.2847680438600474,17.33186245741766,0.4415308274182239,0.006950377167303028,19.226058237763446,500000.0,1003442.1147011404,0.08992,1.0401,False
kc135winglet,failed,Maximum_Iterations_Exceeded,1.18,,,,,,,,,,,,,,,,,,,,,,,,,,,,,,,,,,
l1003,failed,Maximum_Iterations_Exceeded,1.27,,,,,,,,,,,,,,,,,,,,,,,,,,,,,,,,,,
l188root,failed,Infeasible_Problem_Detected,1.02,,,,,,,,,,,,,,,,,,,,,,,,,,,,,,,,,,
l188tip,ok,,0.2,1.7127632294711579,0.8146575848145828,3.8362845002066877,1.7678399999999996,0.46082088017840017,0.46082088017840017,11.622902555331844,3.8637600641096204,0.07966488559643228,3.00000002997,10.324678013800469,24.947580599102313,14.622902585301844,0.04632960991687948,28.163520562707127,31.29280031248896,0.5577900839408859,23.409392177200985,1.7703768894606497,0.006614525677556256,15.802117947881673,500000.0,954296.5907781139,31.292800312615068,0.3269459348191332,17.788717140721857,-0.20409032843769984,0.007121153949122872,19.259333020916745,500000.0,954296.5907819596,0.1198895342297214,1.4276,False
l7769,ok,,0.2,1.8074953437119354,0.7945051223408919,3.9335910842108692,1.7678399999999994,0.44942139692556576,0.44942139692556576,9.85194290090396,2.6902050836380984,0.08007642697489611,3.00000002997,12.095637668311184,24.947580599185144,12.85194293087396,0.05248719734252999,28.16352056270714,31.29280031254039,0.571938317122452,25.04902577531574,2.5882486145563917,0.010536928326953505,14.316925859002955,500000.0,930689.8305985497,31.292800312615086,0.2946385354835888,18.53992770902075,0.19002338341378303,0.011536681929097271,15.232998013794802,500000.0,930689.8306007712,0.1098,1.489175585284281,False
la2573a,ok,,0.2,1.6889428207436088,0.8513840979543459,3.6707970857209675,1.7678399999999965,0.48159567492213523,0.48159567492213523,12.06821043077768,4.147187203172125,0.07896496155470174,3.00000002130396,9.879370031705669,24.94758048378731,15.06821045208164,0.04478128372500538,28.163520400044774,31.29280018092723,0.5337284610101944,25.392269905195963,3.1323485547705894,0.011509896091195397,13.700641092268762,500000.0,997318.3259438267,31.29280022227401,0.32236924773816183,19.024886730545973,2.209304462587465,0.010492128545247885,15.72156870516235,500000.0,997318.3272615707,0.1369863596873591,1.3228795986622073,False
la5055,ok,,0.19,1.6746790883044473,0.8093354012148233,3.861511878646287,1.7678399999999996,0.4578103228882837,0.4578103228882837,12.334862570358638,4.340291375451639,0.07977158046224354,3.00000002997,9.61271799872564,24.947580599054277,15.334862600328638,0.04385414074104327,28.163520562707138,31.29280031246417,0.5614581073984632,25.950793023762028,1.0367770663747558,0.015848389351950883,12.554706355043175,500000.0,948062.1411639075,31.29280031261508,0.3451189544624353,20.93749112209035,-0.8753058998343027,0.018555041935239307,11.713195853631335,500000.0,948062.1411684796,0.1593,1.443563879598662,False
lds2,ok,,0.2,1.7049674507651558,0.8462399456116767,3.693111252673151,1.7678399999999996,0.4786858231580216,0.4786858231580216,11.768639929332434,3.9493981047697795,0.07905935883387502,3.00000002997,10.178940639790936,24.94758059909337,14.768639959302433,0.045822884300989346,28.16352056270713,31.292800312484076,0.5369729058208546,23.730716960091915,2.1692748615106585,0.007062302849088119,15.485564070191456,500000.0,991292.4278010082,31.29280031261507,0.3178809056213816,17.76605707516157,0.6840799522693846,0.006682071928933876,19.43138633752909,500000.0,991292.4278051578,0.11970047619047619,1.337,False
legionair140_sm,failed,airfoil 'legionair140_sm' not found in the aerosandbox UIUC database,0.0,,,,,,,,,,,,,,,,,,,,,,,,,,,,,,,,,,
lg10sc,ok,,0.2,1.7508649791283224,0.8296492870054721,3.766963118693533,1.7678399999999999,0.4693011171856459,0.4693011171856459,10.91061336020228,3.383495363342131,0.07937170267601351,3.00000002997,11.036967208968242,24.947580599140522,13.91061339017228,0.048806223644595186,28.163520562707127,31.29280031251124,0.5477108577492907,24.930247071049624,3.337408908249171,0.009480024120241643,14.54912553811694,500000.0,971857.9939467178,31.292800312615068,0.30540011531065886,17.823580241924574,1.4913619265356393,0.0077347535057192855,18.51836913840468,500000.0,971857.9939499424,0.09999,1.3837334448160534,False
lnv109a,ok,,0.2,1.8400847315104816,0.7019767817277087,4.45208210150213,1.7678399999999999,0.39708162601123903,0.39708162601123903,9.242703981060922,2.313897620193945,0.08040700696796026,3.00000002997,12.704876588174564,24.947580599205487,12.242704011030922,0.05460550754943553,28.163520562707127,31.2928003125555,0.6473261430361859,25.19867934905137,2.18092247807061,0.015423064877213108,13.289034922241315,500000.0,822301.3718850206,31.292800312615068,0.3176669712018693,20.457510881998342,-0.6737506930538395,0.023267473953917202,10.15428100673573,500000.0,822301.371886586,0.12977523031526636,1.8172765886287625,False
lrn1015,failed,Infeasible_Problem_Detected,1.24,,,,,,,,,,,,,,,,,,,,,,,,,,,,,,,,,,
ls013,failed,Maximum_Iterations_Exceeded,1.3,,,,,,,,,,,,,,,,,,,,,,,,,,,,,,,,,,
ls413,ok,,0.2,1.7408098487717352,0.7626929243736695,4.097662592276556,1.7678399999999994,0.43142644378092465,0.43142644378092465,11.09858794858985,3.532059259170684,0.08077033926449739,3.00000002997,10.848992620571517,24.947580599131367,14.09858797855985,0.04815264017141701,28.163520562707127,31.292800312505584,0.5957940713689143,24.049965446421954,0.785884363883191,0.008340070193031821,15.28527295463477,500000.0,893424.7604242534,31.292800312615068,0.3367001901792712,17.838141190219023,-1.4704586939088555,0.008205498838587531,18.71550782979,500000.0,893424.7604273792,0.1293,1.593,False
ls413mod,ok,,0.2,1.755837109118757,0.7495405544452147,4.169565271772668,1.7678399999999994,0.4239866472334685,0.4239866472334685,10.817662393360928,3.349069186185925,0.08107443871909882,3.00000002997,11.1299181758142,24.947580599145127,13.817662423330928,0.049129412093973424,28.163520562707127,31.29280031251398,0.6062486144638253,24.139994589166154,1.0028282832019422,0.008376931945666405,15.327583119840329,500000.0,878017.9661868332,31.292800312615068,0.335781606794615,17.587188555651924,-1.3451198113875154,0.007692746729105892,19.458211590934937,500000.0,878017.9661896696,0.1302,1.6385,False
ls417,failed,Maximum_Iterations_Exceeded,1.2,,,,,,,,,,,,,,,,,,,,,,,,,,,,,,,,,,
ls417mod,ok,,0.2,1.7018272159530237,0.7145768004386418,4.373579248138988,1.7678399999999996,0.4042089784361944,0.4042089784361944,11.827344722339818,4.0331614329244365,0.08193141858677253,3.00000002997,10.12023584678017,24.94758059908999,14.827344752309818,0.045618769038200765,28.163520562707127,31.29280031248212,0.6359119444373819,25.115638262192856,1.8200342453193137,0.01252126122351921,14.06183966773425,500000.0,837061.1373645837,31.292800312615068,0.3779478973824248,18.631346354604112,-0.4090673435837457,0.011142374478377761,16.654257266011584,500000.0,837061.1373681398,0.170003765234147,1.7676,False
ls421,failed,Restoration_Failed,0.73,,,,,,,,,,,,,,,,,,,,,,,,,,,,,,,,,,
ls421mod,failed,Maximum_Iterations_Exceeded,1.32,,,,,,,,,,,,,,,,,,,,,,,,,,,,,,,,,,
lwk79100,ok,,0.21,1.6707051124472243,0.856757181339045,3.6477759786214525,1.7678399999999979,0.48463502428898886,0.48463502428898886,10.49348250734721,3.0679741146107657,0.10623805982732773,3.00000002997,9.538426920483118,23.031909457800328,13.49348253731721,0.043595832310323795,28.163520562707127,31.29280031246143,0.4896543888762447,22.501039248432658,4.176230001401081,0.008243413615323639,15.54953140619691,500000.0,1003612.4041757808,31.292800312615068,0.28686909166880975,17.473942665009975,2.6079221807099913,0.007154352016896273,18.956118259401915,500000.0,1003612.4041807082,0.09993387919463087,1.1310615384615383,False
lwk80080,failed,Infeasible_Problem_Detected,0.28,,,,,,,,,,,,,,,,,,,,,,,,,,,,,,,,,,
lwk80100,failed,Infeasible_Problem_Detected,0.56,,,,,,,,,,,,,,,,,,,,,,,,,,,,,,,,,,
lwk80120k25,failed,Infeasible_Problem_Detected,1.24,,,,,,,,,,,,,,,,,,,,,,,,,,,,,,,,,,
lwk80150k25,failed,Infeasible_Problem_Detected,0.56,,,,,,,,,,,,,,,,,,,,,,,,,,,,,,,,,,
m10,ok,,0.2,1.5993938274931492,0.8567571800437863,3.6477759841307713,1.7678399999986785,0.4846350235566719,0.4846350235566719,9.154271206889465,2.175166594111148,0.10623804775089704,3.00000002997,8.205305522558902,20.359576759418367,12.154271236859465,0.03896059878830891,28.163520562707127,31.29280031240592,0.4328410611917969,19.29311462586911,2.4891663503255703,0.006303132607977354,17.6899625406058,500000.0,1003612.4026574729,31.292800312615068,0.2583976927548057,16.346674059722712,0.8721261657932726,0.005520515864064654,21.54341413682672,500000.0,1003612.4026641805,0.061889764,0.8838,False
m11,ok,,0.2,1.6849634953636043,0.8567571814534649,3.6477759781342964,1.7678399999999987,0.4846350243537116,0.4846350243537116,10.169201542603695,2.8517868036641683,0.10623806089958061,3.00000002997,9.804978776586465,22.974180349160157,13.169201572573694,0.044522627199888504,28.163520562707127,31.292800312471144,0.48842707800249047,21.76205363896552,2.0275832582364792,0.006769037990936008,16.33578358538469,500000.0,1003612.4043101242,31.292800312615068,0.27997493472684143,17.42357483130342,0.36748604391375717,0.007270340575349047,18.827649518461904,500000.0,1003612.4043147401,0.0815,1.125720066889632,False
m12,ok,,0.2,1.6855103118507464,0.849949610147416,3.676992410241769,1.7678399999999996,0.4807842396073265,0.4807842396073265,12.132379388580182,4.190504696049225,0.07899118694288508,3.00000002997,9.81520118051899,24.94758059906917,15.132379418550181,0.0445581702715527,28.163520562707138,31.292800312471442,0.5346292500068289,24.08634578962174,2.6119455037091637,0.008168281046966692,14.991917229857965,500000.0,995637.9593286674,31.29280031261508,0.3242884666573973,18.169386668725092,1.2602258231175043,0.00761448904525296,18.290620340972065,500000.0,995637.9593332374,0.1193,1.3268,False
m13,failed,too few converged polar points,0.01,,,,,,,,,,,,,,,,,,,,,,,,,,,,,,,,,,
m14,ok,,0.2,1.7828873440164827,0.8567571587582977,3.6477760747563477,1.7678399999985135,0.48463501151632393,0.48463501151632393,10.21231346821731,2.8805281258589286,0.10623795787876925,3.000000021448404,11.635606145934444,24.847919635600157,13.212313489665714,0.05088767773149885,28.16352040274992,31.29280019874897,0.5282624671396605,24.494740762313825,1.9154240443362966,0.008982132613241354,14.658041222991795,500000.0,1003612.374078402,31.292800223773035,0.2808914956201422,18.371979134112912,-0.3117652242493736,0.010108175783778248,15.817662710009126,500000.0,1003612.3748809654,0.0806,1.299090635451505,False
m15,ok,,0.2,1.6930558382880694,0.8373311476114614,3.732404168309026,1.7678399999999996,0.47364645421048374,0.47364645421048374,11.991320329597576,4.101152660805375,0.07922554090594687,3.000000029970006,9.956260239527596,24.947580599095176,14.991320359567581,0.0450486294899765,28.163520562708097,31.292800312470874,0.5426860375531668,23.857685363416948,1.543133093529216,0.00813828387527406,15.055590752136013,500000.0,980856.5885989376,31.29280031261608,0.32610698304922486,18.702345481300355,0.0845322378812492,0.009488616282860872,16.667194465126425,500000.0,980856.5886034891,0.11998776505250525,1.3618645484949834,False
m16,ok,,0.2,1.6371754705066437,0.8567571814647836,3.6477759780860968,1.7678399999999967,0.48463502436011474,0.48463502436011474,9.147225518766108,2.1704694543306564,0.10623806100427499,3.00000002997,8.911610517377895,21.058836066114004,12.147225548736108,0.041416405584186064,28.163520562707127,31.292800312436878,0.447707191702625,20.880918861331033,1.9202142442688677,0.009727853019144521,15.352367367095235,500000.0,1003612.4043222853,31.292800312615068,0.2582479022234311,18.509534208717522,0.23708098068547648,0.012129759107365714,13.887269167311963,500000.0,1003612.404328,0.06149754524547545,0.9485,False
m17,ok,,0.2,1.757006127367442,0.8567571815206982,3.6477759778480277,1.7678399999999959,0.4846350243917437,0.4846350243917437,10.198425585598626,2.8712694983591573,0.10623806150953063,3.00000002997,11.151772265849035,24.35019788141766,13.198425615568626,0.04920539828013795,28.163520562707127,31.29280031251462,0.5176809713462354,24.0739005281342,2.438011914311771,0.00929386177008404,14.674439687744343,500000.0,1003612.4043902778,31.292800312615068,0.2805962327755388,18.485791463502423,0.3895096963370622,0.0104773001018747,15.493017559963404,500000.0,1003612.4043934994,0.08080256025602561,1.253038127090301,False
m18,ok,,0.2,1.6828452313264868,0.8509687472862405,3.672588770817403,1.7678399999999999,0.481360726811386,0.481360726811386,12.18220145918382,4.223337318158871,0.07897256250493256,3.00000002997,9.76537910991165,24.94758059906547,15.18220148915382,0.04438494003747587,28.163520562707127,31.292800312469712,0.5339889673572747,24.121013685457807,2.1283006045575035,0.008906293528620945,14.6836401972777,500000.0,996831.7849496384,31.292800312615068,0.3249665057954238,18.908532092166443,0.8186900211372585,0.010048646011770508,16.072771668840243,500000.0,996831.7849542687,0.1202,1.3240133779264216,False
m19,failed,too few converged polar points,0.01,,,,,,,,,,,,,,,,,,,,,,,,,,,,,,,,,,
m1,ok,,0.2,1.4911283626700351,0.8550120005101107,3.6552215217248114,1.7678399999993049,0.48364784172235437,0.48364784172235437,9.089630836561271,2.1484448138739944,0.0905568148389205,3.00000002997,6.181348053487144,18.270978920018415,12.089630866531271,0.03192334357480651,28.163520562707127,31.292800312290833,0.3892306814246344,19.094139071516963,3.518250638501447,0.010397263688094627,15.534189140488635,500000.0,1001568.0850035126,31.292800312615068,0.257548064657733,17.23551215735004,2.269517470769153,0.00879534589846847,16.928910204958388,500000.0,1001568.0850138902,0.0616,0.694,False
m20,failed,too few converged polar points,0.01,,,,,,,,,,,,,,,,,,,,,,,,,,,,,,,,,,
m21,ok,,0.19,1.7286003046099845,0.7946680572779686,3.9327845595117545,1.7678399999999994,0.44951356303623,0.44951356303623,11.326837807723976,3.6734117152840504,0.08007271354904924,3.0000000236208466,10.620742692472113,24.947580523816935,14.326837831344822,0.04735902007601191,28.163520443506673,31.2928002215704,0.5718210512204902,25.083605858811797,1.5231976554437432,0.01196691051666402,13.821332101405229,500000.0,930880.6912169306,31.292800246397718,0.3283840470436056,19.36071623331888,-0.6479601989380439,0.01345209524822367,14.18514292575733,500000.0,930880.6919554798,0.1195,1.4886652173913044,False
m22,failed,too few converged polar points,0.01,,,,,,,,,,,,,,,,,,,,,,,,,,,,,,,,,,
m23,failed,Infeasible_Problem_Detected,0.29,,,,,,,,,,,,,,,,,,,,,,,,,,,,,,,,,,
m24,ok,,0.2,1.7175728379091662,0.8110610379721654,3.8532960150740867,1.7678399999999994,0.4587864501154888,0.4587864501154888,11.532989827432454,3.805097900991276,0.07973680262422107,3.0000000298562144,10.414590740650299,24.947580597938966,14.532989857288669,0.04664223447024229,28.163520560587376,31.29280031077164,0.560263533036894,24.266276746318816,2.059944654473057,0.009666855852829507,14.560633709703291,1000000.0,950083.5661936196,31.292800311446676,0.32637650816191793,19.04685879451132,-0.017564287660514287,0.011750959138410894,15.160469977826216,1000000.0,950083.5662141144,0.11943157459563142,1.438364882943144,True
m25,failed,too few converged polar points,0.01,,,,,,,,,,,,,,,,,,,,,,,,,,,,,,,,,,
m26,failed,Infeasible_Problem_Detected,0.3,,,,,,,,,,,,,,,,,,,,,,,,,,,,,,,,,,
m27,failed,Maximum_Iterations_Exceeded,1.3,,,,,,,,,,,,,,,,,,,,,,,,,,,,,,,,,,
m2,ok,,0.2,1.5814049028862205,0.8560018492875376,3.650994759183283,1.7678399999999996,0.48420776161164913,0.48420776161164913,10.069421529992754,2.792571107885341,0.0992328059133112,3.00000002997,7.869013442917001,20.938435002879757,13.069421559962754,0.03779131868885856,28.163520562707127,31.29280031238977,0.44554028217986785,21.220008992060187,3.8911765623382504,0.01013652563974943,15.171909785236155,500000.0,1002727.6020000373,31.292800312615068,0.2780988058022843,17.737384580451575,2.266087973460773,0.008815608245466202,17.05337271221041,500000.0,1002727.6020072567,0.08,0.9390692307692308,False
m3,failed,Maximum_Iterations_Exceeded,1.24,,,,,,,,,,,,,,,,,,,,,,,,,,,,,,,,,,
m4,ok,,0.2,1.5721310572782783,0.856757138330068,3.647776161709971,1.7678399999930068,0.4846349999623592,0.4846349999623592,9.21108792893066,2.2130448230315976,0.10623765263990269,3.00000002997,7.695644500975273,19.906732459875933,12.21108795890066,0.03718851872434231,28.163520562707127,31.29280031238104,0.4232136907374346,18.910169107726304,2.886930446645574,0.006826764554288239,17.493426569095806,500000.0,1003612.3537961021,31.292800312615068,0.2596056190193681,17.116122919922304,1.5033756873751214,0.007743321030823833,18.182530625939442,500000.0,1003612.3538036079,0.06277355031294392,0.8419,False
m5,ok,,0.2,1.6499964716848137,0.8567571806150636,3.647775981702046,1.7678399999995449,0.4846350238795842,0.4846350238795842,10.299071287920468,2.938366642260137,0.10623805304097103,3.00000002997,9.151291390109849,22.450362708000316,13.299071317890467,0.04224977066076711,28.163520562707127,31.292800312446566,0.4772908065336675,21.56663565913601,3.2749082059726966,0.007572599964797088,16.092042761157334,500000.0,1003612.4033274833,31.292800312615068,0.2827359431984746,17.417111393063518,1.4657438053308882,0.007336186734835923,18.740496673546055,500000.0,1003612.4033328875,0.08208276727672767,1.077253065774805,False
m665,ok,,0.2,1.6142177790784262,0.8567571428594754,3.6477761424313413,1.7678399999944663,0.484635002524073,0.484635002524073,10.009794165909868,2.7455156024992555,0.10623769537151649,3.00000002997,8.482430343305754,21.49222453918562,13.009794195879868,0.03992415564135193,28.163520562707127,31.29280031241852,0.4569209758379128,20.51634702004708,2.0768933562131657,0.007095286869779901,16.713969538155816,500000.0,1003612.3591022607,31.292800312615068,0.27658597408060503,17.097142912948836,0.6467734224127561,0.006705378650460823,19.584670954583505,500000.0,1003612.3591085643,0.078065,0.9886,False
m685,ok,,0.2,1.6425756122784092,0.8558581452069348,3.6516077846571697,1.7678399999999688,0.48412647366670625,0.48412647366670625,11.31878766786451,3.626833076000076,0.0979384630897317,3.00000002997,9.012562905943055,23.331350603777565,14.31878769783451,0.04176741479935081,28.163520562707127,31.292800312441006,0.4965415002099794,22.782174430032953,2.025186949885506,0.008837986578237814,15.176400581280213,500000.0,1002559.2658605298,31.292800312615068,0.30473470847592143,18.131667464738616,0.770612072907882,0.008421446949846556,17.497654321284212,500000.0,1002559.2658661065,0.10208500000000001,1.1610354515050167,False
m6,ok,,0.2,1.6123705442156844,0.8018963474519911,3.897334456666721,1.767839999999953,0.453602332480322,0.453602332480322,11.447898578072747,3.7516012862774417,0.07992308610944404,3.000000029970001,8.44789740333593,22.89579601137868,14.447898608042749,0.03980408537527347,28.16352056270723,31.292800312415913,0.5200618207365808,22.05133464449876,2.7300636350411103,0.009086410434759681,15.463916258275718,500000.0,939347.972440792,31.29280031261517,0.3281738032644195,17.892734658901137,1.5491069905017896,0.008718756280689983,17.746603728658076,500000.0,939347.9724467733,0.1201,1.2634,False
m8,failed,airfoil 'm8' not found in the aerosandbox UIUC database,0.0,,,,,,,,,,,,,,,,,,,,,,,,,,,,,,,,,,
m9,ok,,0.2,1.867113313598686,0.7497638932139316,4.16832324667342,1.7678399999999996,0.42411298149941834,0.42411298149941834,8.737420965063183,1.9621694142794435,0.08106918615537873,3.00000002997,13.210159604187268,24.94758059922045,11.737420995033183,0.05636236538516881,28.163520562707127,31.29280031256711,0.6060680258538813,25.392455966056012,1.0523083432823566,0.011198684859104361,14.305781121665046,500000.0,878279.5870576908,31.292800312615068,0.2851449078503485,18.17797784460478,-1.81153338763713,0.011635785409770073,15.384425665980661,500000.0,878279.5870590368,0.104,1.6377140468227425,False
ma409,failed,airfoil 'ma409' not found in the aerosandbox UIUC database,0.0,,,,,,,,,,,,,,,,,,,,,,,,,,,,,,,,,,
ma409sm,ok,,0.35,1.5186393712079134,0.8567571731548429,3.647776013466957,1.7678399999999976,0.48463501965949635,0.48463501965949635,9.222423895486482,2.2206016017686663,0.10623807750273409,3.0000000248421115,11.046589965648314,23.269013885976907,12.222423920328595,0.04883968164262023,21.608733032336804,31.292800251246984,0.4946951944380875,24.065902673814634,0.47331939211118723,0.005292174179149661,17.046798380258714,500000.0,1003612.3926254897,24.009703170445874,0.4414000005780482,15.421444200825599,5.1335256580401195e-09,0.00532999999958855,18.224209953144847,500000.0,770031.2995849188,0.06692857142857143,1.153,False
marske1,ok,,0.19,1.6913364880843034,0.8290037506384549,3.769896412643597,1.7678399999999994,0.4689359617603715,0.4689359617603715,12.023462439477477,4.125629769191913,0.07938408254759448,3.0000000267256817,9.924118089918382,24.94758055612154,15.023462466203158,0.044936871867297536,28.163520501803042,31.292800263473183,0.5481373551151827,24.595874080299982,4.102581550912296,0.010134426786626046,14.30348083469554,500000.0,971101.8058187416,31.292800278785123,0.3300889621054961,18.957871671890437,2.3449951693731594,0.010645448326035029,15.81829006504865,500000.0,971101.8062939133,0.13995273151456708,1.3855896321070234,False
marske2,ok,,0.2,1.7300630764452283,0.8008677220778204,3.9023401486223426,1.7678399999999996,0.4530204781415855,0.4530204781415855,11.299492365829765,3.6530237475207032,0.07994425664294247,3.00000002997,10.648088203320969,24.947580599120734,14.299492395799765,0.04745409997019406,28.163520562707127,31.292800312499367,0.5673944773774814,25.427165004893656,3.9816530735860556,0.011810857689787436,13.842715503704389,500000.0,938143.0322253736,31.292800312615068,0.3252200341585043,18.64363707199825,2.0629085233950706,0.010643950330013103,16.07617180877925,500000.0,938143.0322288423,0.1205,1.4694,False
marske3,ok,,0.2,1.7252381743589813,0.805696550516624,3.8789520243024986,1.7678399999999996,0.4557519631395512,0.4557519631395512,11.389690995932337,3.71146175231897,0.0798453405806005,3.00000002997,10.557889573213442,24.94758059911578,14.389691025902337,0.04714048133458801,28.163520562707127,31.292800312496514,0.5639938787443718,25.26442367108369,4.205658974166975,0.01131532492198105,13.988546164380367,500000.0,943799.5615481602,31.292800312615068,0.32531000845259894,18.508012260969366,2.3304894849359203,0.010053940149233883,16.510627122488696,500000.0,943799.5615517357,0.12060000000000001,1.4546,False
marske4,ok,,0.2,1.7816556319510766,0.7922693505763507,3.9446916169689925,1.7678399999999996,0.44815670568397076,0.44815670568397076,10.33500070424367,3.013016764837449,0.08012337491149868,3.00000002997,11.612579864952554,24.947580599166223,13.33500073421367,0.05080761607807421,28.163520562707127,31.292800312527653,0.5735523181431652,25.63843016100902,3.6680653540831223,0.01162472996469369,13.948527158084715,500000.0,928070.8291766741,31.292800312615068,0.3065756438025876,18.27388337125956,1.728556321603371,0.010061085693422242,16.582390287037168,500000.0,928070.8291792667,0.10189999999999999,1.4962,False
marske5,ok,,0.2,1.6250763012126397,0.8189324731751338,3.8162588100608623,1.7678399999998686,0.46323902229567987,0.46323902229567987,11.685425054192853,3.9039121100642498,0.07958019047648332,3.000000029970004,8.68542385571172,23.370848939874577,14.685425084162857,0.04062995958007486,28.163520562707536,31.2928003124245,0.5198090735399635,24.13391217631934,3.318413481311294,0.012768453028733135,13.748002180166294,500000.0,959304.2301384072,31.292800312615483,0.3266298638566606,19.16696496614374,1.7400104476661689,0.011655269607097717,15.162004130497394,500000.0,959304.230144262,0.1222,1.2623,False
marske7,ok,,0.2,1.6443270533049037,0.8549588445937737,3.6554487802030846,1.767839999998345,0.48361777343796614,0.48361777343796614,11.99021568028216,4.082639430243752,0.09010643980855873,3.00000002997,9.04530503800709,24.035520748259252,14.99021571025216,0.041881258466072956,28.163520562707127,31.292800312442324,0.5120658185389988,24.221277548937394,2.646068631835299,0.01141631538042199,13.92005212749222,500000.0,1001505.8177316026,31.292800312615068,0.3193597158990317,19.317793223759228,0.9017704886445482,0.011661175648535997,14.833841366699724,500000.0,1001505.8177371311,0.12047390431175792,1.2286,False
mb253515sm,failed,Maximum_Iterations_Exceeded,1.29,,,,,,,,,,,,,,,,,,,,,,,,,,,,,,,,,,
mh102,failed,Maximum_Iterations_Exceeded,1.24,,,,,,,,,,,,,,,,,,,,,,,,,,,,,,,,,,
mh104,failed,Maximum_Iterations_Exceeded,1.29,,,,,,,,,,,,,,,,,,,,,,,,,,,,,,,,,,
mh106,failed,Infeasible_Problem_Detected,1.23,,,,,,,,,,,,,,,,,,,,,,,,,,,,,,,,,,
mh108,ok,,0.21,1.677557965520157,0.8564380901275084,3.6491350648787666,1.7678399999949352,0.4844545265012456,0.4844545265012456,11.539339872970883,3.7683400402393374,0.10323674970167115,3.00000002997,9.666536869339609,24.20587677228049,14.539339902940883,0.044041267760064416,28.163520562707127,31.29280031246615,0.5148044638896373,23.769074539394683,3.6187714134086986,0.009016171483331836,14.834788273347478,500000.0,1003238.6181109006,31.292800312615068,0.3092190030691564,18.24508841636045,2.2781090612877373,0.008402783300089157,17.499645556330915,500000.0,1003238.6181156748,0.11958051999182909,1.2405190635451504,False
mh110,ok,,0.2,1.6239010287348692,0.8563928957941042,3.6493276403257084,1.7678399999999996,0.4844289617805369,0.4844289617805369,10.570649980511082,3.122984759845585,0.10281666071381682,3.00000002997,8.663452846641087,22.234102857122167,13.570650010481081,0.04055356686902071,28.163520562707127,31.29280031242643,0.47289422974515377,21.82679192580743,3.6109713161086905,0.008898099760620483,15.468574273740197,500000.0,1003185.6770931372,31.292800312615068,0.28863238265152014,17.867013836705258,2.1131940666004803,0.008487099123433942,17.428410757833703,500000.0,1003185.6770991846,0.09995116175319824,1.0581183946488295,False
mh112,ok,,0.2,1.8594517454392017,0.7058039803455759,4.427940834323163,1.7678399999999996,0.39924652703048696,0.39924652703048696,8.880649353968982,2.0713656863662044,0.0808784183443783,3.00000002997,13.066931215277416,24.9475805992164,11.880649383938982,0.05586436345480233,28.163520562707127,31.292800312563894,0.6438160385468781,24.556418487092788,-2.516213675850201,0.010573706541727571,14.738893780154203,500000.0,826784.583803168,31.292800312615068,0.3066009784510823,18.683913328953768,-5.527638946823268,0.014483825666760002,13.941274618070228,500000.0,826784.5838045201,0.09995116175319824,1.802,False
mh113,ok,,0.2,1.7664150199968085,0.7028940691305452,4.446272066950048,1.7678399999999996,0.39760050068475955,0.39760050068475955,10.619914738900547,3.2317596711727647,0.08052014434996775,3.00000002997,11.327665830283582,24.94758059915413,13.619914768870547,0.049816976301046784,28.163520562707127,31.292800312519695,0.6464813726184134,24.010650524965502,-2.1628021699910187,0.009766751629967768,15.030415623017628,500000.0,823375.8898872365,31.292800312615068,0.3529408857775213,18.653223871894486,-4.774142521098946,0.012825859464069589,15.52443955102488,500000.0,823375.889889746,0.1465760955526004,1.8136,False
mh114,ok,,0.2,1.7913107103133292,0.7087126869416641,4.40976762965335,1.7678399999999996,0.40089187196899284,0.40089187196899284,10.15450484624423,2.9197187307874954,0.08123445642494301,3.00000002997,11.793075722959369,24.947580599173598,13.15450487621423,0.05143519617162062,28.163520562707127,31.29280031253254,0.6411736815066242,23.917694615654664,-2.0923782911294686,0.00903475273277592,15.263641240609283,500000.0,830191.8666165742,31.292800312615068,0.3380817745554858,18.417727145607582,-4.751917748694865,0.012169958749633959,15.8447619479945,500000.0,830191.8666187638,0.1305617088251963,1.7905,False
mh115,ok,,0.21,1.8115626389533745,0.7372151582888069,4.239275644920566,1.7678399999999996,0.41701463836591945,0.41701463836591945,9.77590727314402,2.6585069949215385,0.08136925278215247,3.00000002997,12.171673296073713,24.94758059918773,12.77590730311402,0.05275157153322357,28.163520562707127,31.29280031254241,0.6163843994629217,23.880207551291424,-1.1316608658317084,0.007834652145594347,15.59214296921892,500000.0,863579.8958236916,31.292800312615068,0.31565665934129533,17.849166759056704,-3.8117516320908713,0.009728464068065663,17.496398614015785,500000.0,863579.8958256968,0.11077616154630406,1.6826127090301004,False
mh116,ok,,0.2,1.769980067330009,0.837321425073819,3.732447507030494,1.767839999999999,0.4736409545399015,0.4736409545399015,10.553268332418316,3.1424549098453314,0.07922572416262927,3.0000000299700016,11.394312236776162,24.947580599164482,13.553268362388318,0.05004870437770395,28.163520562707497,31.292800312519358,0.5426923389389213,23.492734871475776,0.3000383353920982,0.006305022735831547,15.86237819229135,500000.0,980845.1995399508,31.292800312615462,0.29482838540469103,17.71464302137357,-2.0791822802821955,0.0076753286038595565,18.528665110327093,500000.0,980845.1995429632,0.09848824450926127,1.3618919732441472,False
mh117,ok,,0.19,1.7759132627406653,0.8392682931293298,3.723789271184109,1.7678399999999994,0.4747422239169439,0.4747422239169439,10.442350828055394,3.067791982780009,0.07918910620251893,3.0000000299700007,11.505229741138514,24.947580599163906,13.442350858025396,0.05043436207939721,28.16352056270724,31.29280031252386,0.5414334442715122,23.76916074631407,1.8682938755624598,0.0064366901743856874,15.794682870175706,500000.0,983125.776782239,31.29280031261519,0.29173724061915524,17.297983798279535,-0.24459175768503105,0.006308049346069033,20.27124808427773,500000.0,983125.7767851083,0.09792209975638146,1.3564130434782609,False
mh120,failed,Infeasible_Problem_Detected,0.89,,,,,,,,,,,,,,,,,,,,,,,,,,,,,,,,,,
mh121,failed,too few converged polar points,0.01,,,,,,,,,,,,,,,,,,,,,,,,,,,,,,,,,,
mh122,ok,,0.2,1.7449637249152143,0.8567571815007722,3.6477759779328824,1.7678399999999999,0.48463502438047124,0.48463502438047124,10.592064655107656,3.1336955448814794,0.10623806133296514,3.00000002997,10.926646826000084,24.51871151107774,13.592064685077656,0.048422642120743146,28.163520562707127,31.292800312507936,0.5212635418129341,23.65767770882798,-0.14662293556645817,0.007428938807874928,15.434010522355436,500000.0,1003612.4043667198,31.292800312615068,0.2889649309281399,17.75009189108464,-2.2130398361354158,0.007535627024475272,18.485931945028636,500000.0,1003612.4043701557,0.0931516303977727,1.268630100334448,False
mh126,failed,Infeasible_Problem_Detected,0.99,,,,,,,,,,,,,,,,,,,,,,,,,,,,,,,,,,
mh18,failed,Infeasible_Problem_Detected,1.16,,,,,,,,,,,,,,,,,,,,,,,,,,,,,,,,,,
mh200,ok,,0.2,1.6388904576313172,0.8225741220091008,3.799363707147358,1.7678399999999945,0.46529896484359634,0.46529896484359634,11.94367239006378,4.074766604140751,0.07950873551693646,3.00000002997,8.943671165766737,23.887343585800515,14.94367242003378,0.04152787974728982,28.163520562707138,31.292800312438086,0.5289447050750531,22.86245692140374,1.7627231177629177,0.008126968635223778,15.479098371650672,500000.0,963570.0875147118,31.292800312615082,0.3309022777050098,18.21880092324768,-0.027113447133719677,0.008052501763020695,18.136236269257502,500000.0,963570.0875201619,0.12950614431553148,1.3020598662207359,False
mh201,ok,,0.2,1.7171611123878843,0.7940507319811783,3.935842056089279,1.7678399999999994,0.44916436554279715,0.44916436554279715,11.540686623116883,3.8161914235370955,0.08008577355614487,3.000000024553132,10.406893885185893,24.94758053285591,14.540686647670015,0.046615472541169725,28.163520461013842,31.29280023359968,0.5722656064610421,23.93509325624235,1.0612235876689726,0.008026285974222391,15.278917582308031,500000.0,930157.5516499435,31.29280025612552,0.33354476358127566,17.779282465406894,-1.1276057528534846,0.007551771229493215,19.00651804383034,500000.0,930157.552319509,0.13068802368882515,1.4906,False
mh20,ok,,0.2,1.6051334575542886,0.8562833000021691,3.649794718164049,1.7678399999999996,0.48436696760010484,0.48436696760010484,10.302755196342368,2.945445235027178,0.1018030527682489,3.00000002997,8.312604439632148,21.615359665944517,13.302755226312367,0.03933367474228297,28.163520562707127,31.292800312410872,0.4597931030622017,20.376679591293573,2.4786541808912053,0.006643095602658286,16.948134967899897,500000.0,1003057.2956811639,31.292800312615068,0.2829707763012599,17.143970624376408,0.7812213498401438,0.006550670959455156,19.77438282294193,500000.0,1003057.2956877091,0.08999762396415019,1.0011,False
mh22,failed,too few converged polar points,0.01,,,,,,,,,,,,,,,,,,,,,,,,,,,,,,,,,,
mh23,ok,,0.2,1.5668035593324228,0.8554553069406791,3.6533273453814172,1.7678399999994447,0.4838986033469928,0.4838986033469928,10.193377735474089,2.8802838998975044,0.09437371172377554,3.00000002997,7.596050144856327,20.789427910300418,13.193377765444088,0.036842231357861695,28.16352056270713,31.29280031237583,0.44265224779005075,19.385581270550865,1.4564234734696748,0.006429866229118966,17.428033530661537,500000.0,1002087.3778025946,31.29280031261507,0.2809157783909919,17.264981141954,0.2390836719986463,0.00727986277714853,18.828798226788216,500000.0,1002087.3778102556,0.07984080083775905,0.9265,False
mh24,failed,Infeasible_Problem_Detected,0.71,,,,,,,,,,,,,,,,,,,,,,,,,,,,,,,,,,
mh25,failed,Infeasible_Problem_Detected,0.62,,,,,,,,,,,,,,,,,,,,,,,,,,,,,,,,,,
mh26,failed,Infeasible_Problem_Detected,0.6,,,,,,,,,,,,,,,,,,,,,,,,,,,,,,,,,,
mh27,failed,Maximum_Iterations_Exceeded,1.31,,,,,,,,,,,,,,,,,,,,,,,,,,,,,,,,,,
mh30,ok,,0.2,1.6665311502366191,0.8567571814568109,3.6477759781200536,1.7678399999999996,0.48463502435560407,0.48463502435560407,9.79563743349761,2.602744064227511,0.10623806093055695,3.00000002997,9.460397218162257,22.256034681629867,12.79563746346761,0.04332452476663447,28.163520562707127,31.29280031245851,0.47315942602645594,20.84065230178458,2.214972866605956,0.0057701099061579645,17.220298516076404,500000.0,1003612.404313638,31.292800312615068,0.27203302674549,16.599013277853427,0.2656773793469274,0.005180619907638182,22.01692268167864,500000.0,1003612.4043186591,0.07838249994010468,1.0592725752508363,False
mh32,ok,,0.26,1.6571611075459685,0.8567571366060028,3.647776169078959,1.7678399999999161,0.4846349989852269,0.4846349989852269,10.209846494582779,2.8788827860379542,0.10623818318597814,3.0000000103551683,10.073216316536689,23.283062821474637,13.209846504937946,0.04545528265324394,26.976401887251466,31.292800000385057,0.49499390141961064,22.333337714039146,1.767395965996451,0.00586373703662955,16.711444273875287,500000.0,1003612.3417663636,29.973779771262677,0.3061000033311769,16.76866848705529,2.9404538982992994e-08,0.005360000004418091,21.191301421132682,500000.0,961309.1608119451,0.08695496183776313,1.1543,False
mh33,ok,,0.2,1.6221320423173466,0.8567571813323932,3.6477759786497663,1.767839999999996,0.48463502428522665,0.48463502428522665,9.598427255870517,2.471270613692235,0.10623805976477782,3.00000002997,8.630382714089764,21.22880999993028,12.598427285840517,0.040438582751881745,28.163520562707127,31.292800312425,0.4513208080396558,20.038360917289623,2.4007207816209344,0.00621702424314069,17.381051564701448,500000.0,1003612.4041668215,31.292800312615068,0.2678403727116111,16.501169581061138,0.5622315053588425,0.005352715798692623,21.761014514032837,500000.0,1003612.4041729172,0.0726772819840604,0.9642270903010033,False
mh38,ok,,0.2,1.75790373883193,0.8567571068506541,3.6477762955957918,1.767839999958437,0.48463498216512635,0.48463498216512635,10.564994814159917,3.115649219125983,0.10623766095795416,3.0000000076393762,11.168553010475119,24.73354783227441,13.564994821799292,0.04926374399236532,28.163520143705153,31.29280000324907,0.5258309808447614,23.447139853629153,0.8458172351548852,0.006577068604721334,15.750269809626193,500000.0,1003612.3070261054,31.29280007998657,0.28838945975697,17.792578449633815,-1.2977185525388997,0.007704542323374579,18.28917609282306,500000.0,1003612.309487205,0.09685058004088934,1.2885083612040134,False
mh42,ok,,0.2,1.7003547689733858,0.8567571814733008,3.647775978049803,1.7678399999999894,0.4846350243649346,0.4846350243649346,10.194601980946187,2.8687204290375377,0.10623806108286048,3.00000002997,10.092709339900825,23.287311350817014,13.194602010916187,0.045523059984524286,28.16352056270713,31.292800312481145,0.4950841886186741,22.14188635816541,2.7525330394385454,0.0065709974081768815,16.320030693977316,500000.0,1003612.4043336862,31.29280031261507,0.2805149436212454,17.022159714460248,0.736522157093239,0.00594738492628295,20.66133874376548,500000.0,1003612.4043379815,0.0893488267195358,1.154692976588629,False
mh43,ok,,0.2,1.6691883218353125,0.8567571812934714,3.6477759788142015,1.7678399999996859,0.48463502426329513,0.48463502426329513,9.93539465305634,2.6959155456171704,0.10623805941539348,3.00000002997,9.510071436183475,22.445466119209815,12.93539468302634,0.043497240920549476,28.163520562707152,31.292800312460074,0.4771867055295692,21.246786444474413,2.8014801487937246,0.006392754421474795,16.760699941712875,500000.0,1003612.4041225292,31.292800312615093,0.27500424097552223,16.864536468638025,0.881384863949605,0.005823989035249653,20.902389903475196,500000.0,1003612.4041275008,0.08493396101837623,1.0768,False
mh44,ok,,0.2,1.722431841594438,0.8567571807798542,3.647775980994175,1.7678399999980305,0.4846350239732151,0.4846350239732151,10.608530169808008,3.1446725622506553,0.10623805469648959,3.0000000299700007,10.505426877295058,24.113957077073067,13.60853019977801,0.046958069704892545,28.163520562707188,31.2928003124943,0.5126585333808524,23.217436225514906,3.100929135854803,0.007133269347226536,15.71829379389,500000.0,1003612.4035229111,31.292800312615125,0.28931498514812376,17.291390293512237,0.9080979696664194,0.0061832266064818986,20.233459369639522,500000.0,1003612.4035267861,0.09654679504433064,1.2311795986622074,False
mh45,ok,,0.19,1.7578891620376709,0.8567571814897272,3.647775977970566,1.7678399999977361,0.4846350243748441,0.4846350243748441,10.474633406291384,3.055408045676914,0.10623806160901486,3.0000000299489624,11.168280066050148,24.642913502290494,13.474633436240346,0.049262795534610083,28.163520562314023,31.292800312205134,0.5239040545576791,23.888757248395198,3.595567581424023,0.007282418276696103,15.456789254441881,500000.0,1003612.4043453553,31.29280031239773,0.28646836301136624,17.274480056507965,1.3595223890481414,0.006206593238299356,20.226117569991054,500000.0,1003612.4043515322,0.09844055698731638,1.2801220735785952,False
mh46,ok,,0.2,1.728582590837724,0.8567571815016426,3.647775977929175,1.7678399999999994,0.48463502438096373,0.48463502438096373,10.266623357480828,2.9167346797887266,0.10623806134081437,3.00000002997,10.620411419149232,23.88703480660006,13.266623387450828,0.047357868405706265,28.163520562707127,31.292800312498493,0.5078342049526701,22.864957494937148,4.034302944074908,0.00714280729276037,15.796952652640725,500000.0,1003612.4043674367,31.292800312615068,0.28204610554931125,17.37956279506129,1.9807946380168335,0.007122074070886709,19.012196313435922,500000.0,1003612.4043711754,0.09098221426762587,1.2101832775919732,False
mh49,ok,,0.21,1.6261409412080279,0.856413520576754,3.6492397545233577,1.7678399999999996,0.4844406284373892,0.4844406284373892,10.596845421670933,3.1402486635660365,0.10300821826502586,3.00000002997,8.705326657348166,22.302172108989097,13.596845451640933,0.04069916117977604,28.163520562707127,31.29280031242822,0.47433056231887183,21.294137237633674,4.650285499806019,0.007331828709553844,16.279097956407234,500000.0,1003209.8371331121,31.292800312615068,0.2891825655924846,17.423478162576433,2.9168758924744878,0.007019500950346922,19.120223939100295,500000.0,1003209.8371391022,0.10486431204916805,1.0643695652173912,False
mh60,ok,,0.2,1.72552298446628,0.856757178952811,3.6477759887614205,1.767839999995202,0.4846350229405016,0.4846350229405016,10.632747975693595,3.160817785040857,0.10623803760032609,3.0000000299700016,10.56321392613564,24.19596193179924,13.632748005663597,0.04715899399156196,28.163520562707326,31.29280031249489,0.5144019434231588,23.236730218896707,3.3737311617758126,0.007130474315108886,15.68957713518034,500000.0,1003612.4013843226,31.292800312615267,0.2898298521047571,17.21613399703873,1.2493283487021931,0.006201452955135453,20.202866654582344,500000.0,1003612.4013881831,0.10075977134401726,1.2387672240802676,False
mh61,failed,Infeasible_Problem_Detected,0.31,,,,,,,,,,,,,,,,,,,,,,,,,,,,,,,,,,
mh62,ok,,0.2,1.7142567186276978,0.8567571814896271,3.6477759779803307,1.767839999999999,0.4846350243741671,0.4846350243741671,10.240423614076306,2.8992681842992916,0.10623806123205316,3.00000002997,10.352597891466866,23.593021535513174,13.240423644046306,0.04642668671205458,28.163520562707127,31.292800312489874,0.5015835339588778,22.60949706789473,3.357654412023364,0.00697455829033896,15.990496430570905,500000.0,1003612.4043530854,31.292800312615068,0.28148910356580276,16.989233457162083,1.278731174156616,0.005968178277125488,20.620885923170782,500000.0,1003612.4043571006,0.09287121023889292,1.1829792642140469,False
mh64,ok,,0.2,1.6730975067525087,0.8567571773991285,3.6477759953608953,1.7678399999914294,0.48463502206267656,0.48463502206267656,9.882650558249212,2.6607528563497707,0.10623802344998946,3.00000002997,9.58315128693796,22.465801875157172,12.882650588219212,0.0437513379401672,28.16352056270716,31.292800312462855,0.47761904232579844,21.479017704742066,3.2266821396181453,0.006767406487982689,16.535051300113654,500000.0,1003612.3995654404,31.292800312615103,0.2738829119320133,16.852268735172583,1.305948082078069,0.005782058260761034,20.979179276193904,500000.0,1003612.3995703232,0.08582480108010852,1.0786816053511705,False
mh70,ok,,0.2,1.7735829270815349,0.7995488762964055,3.908777009451285,1.7678399999999996,0.4522744571320966,0.4522744571320966,10.485915045602098,3.111099562749398,0.0799714802060342,3.00000002997,11.46166552358789,24.947580599159988,13.485915075572098,0.05028289026155397,28.16352056270713,31.29280031252344,0.5683303874076079,23.890296552635636,2.1374363656451156,0.0069344635502974145,15.716926334307507,500000.0,936598.1254377367,31.29280031261507,0.3072223901206347,17.27830182025573,0.06617323537024374,0.006400332812977158,20.562895005213438,500000.0,936598.1254404794,0.11074277414869481,1.4734732441471572,False
mh78,ok,,0.2,1.708365376006296,0.8028183619786484,3.8928584766016057,1.7678399999999994,0.45412388110838575,0.45412388110838575,11.70511776944575,3.9227576507036175,0.07990414209127335,3.0000000299700167,10.242462799722217,24.947580599137982,14.705117799415767,0.04604374944165887,28.163520562709117,31.29280031247486,0.5660158563109151,25.20756526448304,4.027126545172819,0.011556435223827951,13.919557400533018,500000.0,940428.0278373893,31.292800312617103,0.3336327468803112,18.739186790775772,2.4740028591445333,0.01063929334539378,16.07697580438256,500000.0,940428.0278416642,0.14447753908181007,1.4634,False
mh80,ok,,0.19,1.7687175292631765,0.7773831575889009,4.0202289374176425,1.7678399999999996,0.4397361512291276,0.4397361512291276,10.57687071895702,3.1793453874684223,0.0804428461161528,3.00000002997,11.370709850229256,24.947580599156275,13.57687074892702,0.04996663940336067,28.163520562707138,31.29280031252087,0.584535332648872,24.59835857769805,3.3080919830278757,0.009437127556142101,14.799714203453322,500000.0,910633.0203566654,31.29280031261508,0.318113439015219,17.81670455265503,1.4714905243379197,0.00876320476107021,18.007215908450352,500000.0,910633.0203594068,0.12702528738651936,1.544,False
mh81,ok,,0.2,1.7778660848581003,0.7598212513093612,4.113149323231484,1.7678399999999996,0.42980204730595606,0.42980204730595606,10.405843998137247,3.071175146430055,0.08083581356256833,3.00000002997,11.54173657105676,24.947580599164006,13.405844028107246,0.05056129551703074,28.163520562707127,31.2928003125257,0.5980458191104776,24.565603903964153,3.062406965368634,0.009288935272539746,14.935102546672502,500000.0,890060.8589941107,31.292800312615068,0.3213661918334273,17.66609016749733,1.0223388969992582,0.008414693234716823,18.581328978463347,500000.0,890060.8589966526,0.1298316584350984,1.6028,False
mh82,ok,,0.2,1.7874489425740634,0.7407254027903298,4.219186022009071,1.7678399999999996,0.41900025046968614,0.41900025046968614,10.226698261495955,2.9579200219584285,0.08128429824720856,3.00000002997,11.720882307704766,24.94758059917072,13.226698291465954,0.05118418126856834,28.163520562707127,31.292800312530602,0.6134633980488275,24.598498888822434,2.8322022618118434,0.009283353483640693,15.02473823706626,500000.0,867691.8250842561,31.292800312615068,0.32524577870590143,17.588983022387445,0.5265955517221519,0.008212398853496195,19.042580981928214,500000.0,867691.8250865983,0.13302375096168664,1.6699,False
mh83,ok,,0.2,1.8324015341008997,0.6940385165538949,4.503004071183,1.7678399999999996,0.39259125065271466,0.39259125065271466,9.38633671573196,2.412060082411145,0.07942915071217872,3.00000002997,12.561243853498896,24.947580599200855,12.38633674570196,0.0541060997178127,28.163520562707127,31.29280031255206,0.6547301220010624,24.26237402814202,1.7503111898845543,0.009099395268178725,15.308745366778215,500000.0,813002.4228132138,31.292800312615068,0.32506990954011816,17.838508589133895,-1.1658920521343337,0.01058358831471787,17.214749913106587,500000.0,813002.4228148507,0.13291105784736967,1.8495,False
mh84,ok,,0.2,1.8132923415223563,0.7133396165472545,4.381164585708899,1.7678399999999992,0.40350915045889607,0.40350915045889607,9.743571528413632,2.6443558651210974,0.0818086316534968,3.00000002997,12.204009040805266,24.947580599188896,12.743571558383632,0.05286400220020737,28.163520562707127,31.29280031254323,0.6370148412845158,24.406282409271455,1.5459883701674788,0.009313264991555967,15.141334626102877,500000.0,835611.8899870422,31.292800312615068,0.32539605118615283,17.806638930956563,-1.167744537822462,0.009917783769610316,17.621978766655964,500000.0,835611.8899889606,0.13714505305037455,1.7724,False
mh91,failed,Infeasible_Problem_Detected,0.79,,,,,,,,,,,,,,,,,,,,,,,,,,,,,,,,,,
mh92,failed,Infeasible_Problem_Detected,1.05,,,,,,,,,,,,,,,,,,,,,,,,,,,,,,,,,,
mh93,failed,Infeasible_Problem_Detected,0.98,,,,,,,,,,,,,,,,,,,,,,,,,,,,,,,,,,
mh94,failed,Infeasible_Problem_Detected,1.21,,,,,,,,,,,,,,,,,,,,,,,,,,,,,,,,,,
mh95,failed,Infeasible_Problem_Detected,1.24,,,,,,,,,,,,,,,,,,,,,,,,,,,,,,,,,,
mi-strut1,failed,Infeasible_Problem_Detected,0.28,,,,,,,,,,,,,,,,,,,,,,,,,,,,,,,,,,
mi-vawt1,failed,Maximum_Iterations_Exceeded,1.28,,,,,,,,,,,,,,,,,,,,,,,,,,,,,,,,,,
miley,ok,,0.46,1.7239749397994133,0.8163647631015678,3.828262079473376,1.7678399999999994,0.4617865661494072,0.4617865661494072,11.036152913769701,3.4719823414037316,0.07963065065501723,3.0000000101781077,10.91142739438715,24.947580318334957,14.036152923947808,0.04836972396072779,27.5953311228508,31.292800011571092,0.5566236402804942,26.177099706269257,1.5316153116080664,0.014158387739600271,13.010600606853203,500000.0,956296.3842593837,30.661478921364505,0.3262000030185308,20.067112838466283,1.7230395176573183e-08,0.016259999961472187,12.50265395561791,500000.0,937003.4454476438,0.1285567808619881,1.4225234113712375,False
mrc-16,ok,,0.2,1.6071671271612142,0.7506558611761993,4.163370230269738,1.7678399999995704,0.4246175339263631,0.4246175339263631,11.350623829546134,3.7040162326569357,0.08104823793363092,3.0000000299700025,8.350622664532965,22.7012465240491,14.350623859516137,0.03946586326673262,28.163520562707355,31.29280031241027,0.5508410345725248,21.40737632631183,1.7718239710112664,0.0078098866831644645,16.400978099372743,500000.0,879324.4456558649,31.29280031261529,0.3482149090385172,17.46329082509523,0.22560583583058877,0.007172033950833418,19.929300554863136,500000.0,879324.4456616259,0.1390057258749029,1.3973565217391304,False
mrc-20,failed,Infeasible_Problem_Detected,0.98,,,,,,,,,,,,,,,,,,,,,,,,,,,,,,,,,,
mrc12,failed,airfoil 'mrc12' not found in the aerosandbox UIUC database,0.0,,,,,,,,,,,,,,,,,,,,,,,,,,,,,,,,,,
mrc15,failed,airfoil 'mrc15' not found in the aerosandbox UIUC database,0.0,,,,,,,,,,,,,,,,,,,,,,,,,,,,,,,,,,
mrc16-85,failed,airfoil 'mrc16-85' not found in the aerosandbox UIUC database,0.0,,,,,,,,,,,,,,,,,,,,,,,,,,,,,,,,,,
mrc16-95,failed,airfoil 'mrc16-95' not found in the aerosandbox UIUC database,0.0,,,,,,,,,,,,,,,,,,,,,,,,,,,,,,,,,,
mrc20-700,failed,airfoil 'mrc20-700' not found in the aerosandbox UIUC database,0.0,,,,,,,,,,,,,,,,,,,,,,,,,,,,,,,,,,
mrc20-846,failed,airfoil 'mrc20-846' not found in the aerosandbox UIUC database,0.0,,,,,,,,,,,,,,,,,,,,,,,,,,,,,,,,,,
ms313,ok,,0.2,1.74789360971659,0.7469079057716699,4.184261863410228,1.7678399999999996,0.42249745778558584,0.42249745778558584,10.966161316550156,3.448917011560934,0.08113659511981368,3.00000002997,10.981419252617869,24.947580599138025,13.966161346520156,0.04861308463283257,28.163520562707127,31.292800312509584,0.6083854771190087,24.06475994857116,1.9384265343392004,0.008385235979780269,15.335782764991592,500000.0,874934.0598919519,31.292800312615068,0.340586523029813,17.751132150872927,-0.39378859544904127,0.008117743267134023,19.003129098027255,500000.0,874934.0598949012,0.13134880000000002,1.6478,False
ms317,failed,Maximum_Iterations_Exceeded,1.26,,,,,,,,,,,,,,,,,,,,,,,,,,,,,,,,,,
mue139,ok,,0.2,1.762608569104757,0.7423658982376055,4.20986237786439,1.7678399999999999,0.41992821648882567,0.41992821648882567,10.69107403910647,3.266980882852197,0.08124486666202099,3.00000002997,11.256506530074512,24.94758059915098,13.69107406907647,0.04956955699306343,28.163520562707127,31.292800312517656,0.6121077540006001,24.93991619363402,1.904830073286497,0.011384858941275272,14.280890907198993,500000.0,869613.5149345844,31.292800312615068,0.3359208547265414,18.60187801600057,-0.7246934221195257,0.011904787397483888,15.70831759972001,500000.0,869613.5149372915,0.13893420834900339,1.664,False
n0009sm,ok,,0.2,1.6321277840963027,0.8566312152958716,3.6483123773636574,1.76784,0.4845637700786675,0.4845637700786675,10.541943060636981,3.101523282888882,0.10504581896529938,3.00000002997,8.817247068900274,22.359190159507257,13.541943090606981,0.0410883059675139,28.163520562707127,31.292800312432956,0.4754223933180364,22.203517779327793,3.3931208109814914,0.009030460169993025,15.364904196927222,500000.0,1003464.8465165388,31.292800312615068,0.287941689672537,17.388664854363313,1.9829307621902001,0.006993727008782548,19.156145613969244,500000.0,1003464.8465223786,0.09015811887655127,1.0691214046822741,False
n0011sc,failed,Maximum_Iterations_Exceeded,1.3,,,,,,,,,,,,,,,,,,,,,,,,,,,,,,,,,,
n0012,ok,,0.19,1.6212488463778736,0.8239335493454588,3.7930950476151084,1.7678399999960965,0.4660679412997093,0.4660679412997093,11.613873090833783,3.8544095002293353,0.07948222326454044,3.0000000299700984,8.613871899510032,23.22774502031391,14.61387312080388,0.04038117501579687,28.163520562715416,31.292800312327877,0.5134903936499193,22.797874059085167,4.224340892584014,0.009295345536002482,15.155785510652922,500000.0,965162.5318688077,31.292800312623253,0.32306551733040473,17.96030504141554,2.9259602766991963,0.007794664039296321,18.432966280130035,500000.0,965162.531877918,0.12003129744677939,1.2348,False
n10,ok,,0.2,1.738336209065806,0.8152140871867634,3.833665677178134,1.7678399999999994,0.46113567245155873,0.46113567245155873,11.144831148764075,3.544847194810008,0.07965380266092134,3.000000029970007,10.802749420429727,24.947580599163807,14.144831178734082,0.04799185359052758,28.16352056270888,31.292800312494222,0.5574093109523485,23.652046674300706,-0.5108109275026337,0.007104713585348002,15.583566973846061,500000.0,954948.4822311144,31.29280031261694,0.3160410914184196,17.841784670210004,-2.5927253793817013,0.007836072884734046,18.535310637623187,500000.0,954948.4822348594,0.1122,1.4259428093645483,False
n11,ok,,0.19,1.753448906801631,0.8038792045376246,3.887721249609368,1.7678399999999996,0.45472395948594035,0.45472395948594035,10.862308393129046,3.3605124538594278,0.07988242775905792,3.0000000299700007,11.085272176046189,24.947580599145233,13.862308423099048,0.0489741789433599,28.163520562707273,31.292800312511933,0.5652689111149006,23.441750565853805,-0.6276185032869743,0.00688269435309587,15.723228065074526,500000.0,941670.7075314869,31.292800312615224,0.31409586820136276,18.184626196430763,-3.0035248611672443,0.009240653771742964,17.243135224808903,500000.0,941670.7075345952,0.1094,1.4601491638795985,False
n11h9,ok,,0.2,1.7624420450378615,0.8567571815201394,3.647775977850279,1.7678399999999648,0.48463502439143613,0.48463502439143613,10.218519520565328,2.884665455016204,0.10623806150431822,3.00000002997,11.253393463229786,24.471913013765114,13.218519550535328,0.04955873292871502,28.163520562707212,31.292800312517365,0.5202686138883525,24.22619060959878,2.259516708597241,0.009822340576873824,14.425209835048143,500000.0,1003612.4043897289,31.29280031261516,0.28102342633784705,19.006965261600868,0.5324666742334836,0.012224791178093488,14.134640246595337,500000.0,1003612.4043928654,0.08979567322851041,1.2643,False
n12,failed,Infeasible_Problem_Detected,0.67,,,,,,,,,,,,,,,,,,,,,,,,,,,,,,,,,,
n13,failed,Maximum_Iterations_Exceeded,1.27,,,,,,,,,,,,,,,,,,,,,,,,,,,,,,,,,,
n14,failed,Infeasible_Problem_Detected,1.24,,,,,,,,,,,,,,,,,,,,,,,,,,,,,,,,,,
n1h15,failed,airfoil 'n1h15' not found in the aerosandbox UIUC database,0.0,,,,,,,,,,,,,,,,,,,,,,,,,,,,,,,,,,
n22,ok,,0.19,1.7462886537236526,0.7731783568510466,4.0420922778133095,1.7678399999999996,0.4373576550202772,0.4373576550202772,10.996164999391974,3.460289585703166,0.08053531397075658,3.00000002997,10.951415569774552,24.947580599136526,13.996165029361974,0.04850876249329164,28.163520562707127,31.292800312508678,0.5877142299579368,23.566993936775663,-0.6401615322693559,0.007239012668531596,15.688381335463275,500000.0,905707.4822114084,31.292800312615068,0.3297211655395731,17.811322579856903,-2.857608786062527,0.008303250148869262,18.50727642591688,500000.0,905707.4822144876,0.1237,1.5578351170568563,False
n2414,failed,Maximum_Iterations_Exceeded,1.19,,,,,,,,,,,,,,,,,,,,,,,,,,,,,,,,,,
n2415,failed,Maximum_Iterations_Exceeded,1.22,,,,,,,,,,,,,,,,,,,,,,,,,,,,,,,,,,
n24,ok,,0.2,1.6804601588894452,0.7333661119768311,4.261525334427688,1.7678399999999996,0.41483737893521544,0.41483737893521544,12.226788947731741,4.293642474379631,0.08146325476398673,3.00000002997,9.72079162136103,24.94758059906277,15.226788977701741,0.04422991032906816,28.163520562707127,31.292800312468117,0.6196194713603627,24.10248320571459,-0.9636357791130199,0.010192850502203105,14.733098616545501,500000.0,859071.0913352766,31.292800312615068,0.37818556790814256,18.757619495636984,-3.0159461245584454,0.011089531003736263,16.47179945381133,500000.0,859071.0913393109,0.1702,1.6966923076923077,False
n2h15,failed,airfoil 'n2h15' not found in the aerosandbox UIUC database,0.0,,,,,,,,,,,,,,,,,,,,,,,,,,,,,,,,,,
n5h10,ok,,0.2,1.5983023992569994,0.8553629748569055,3.65372170349373,1.7678399999998973,0.483846374591001,0.483846374591001,10.847805826499899,3.3174098444443216,0.09356967651478543,3.00000002997,8.184901930941587,22.032707787411486,13.847805856469899,0.03888965595295918,28.16352056270713,31.29280031240493,0.46917502671198247,21.440497315209992,2.8948005321581043,0.008491551405312131,15.744385132756717,500000.0,1001979.2192414313,31.29280031261507,0.29488180686697324,17.94300511796346,1.58346050343179,0.008268238254956413,17.672993858380902,500000.0,1001979.2192481599,0.09899999999999999,1.0419317725752508,False
n5h15,failed,Maximum_Iterations_Exceeded,1.27,,,,,,,,,,,,,,,,,,,,,,,,,,,,,,,,,,
n5h20,failed,Infeasible_Problem_Detected,0.92,,,,,,,,,,,,,,,,,,,,,,,,,,,,,,,,,,
n63010a,failed,Infeasible_Problem_Detected,0.83,,,,,,,,,,,,,,,,,,,,,,,,,,,,,,,,,,
n63012a,failed,Maximum_Iterations_Exceeded,1.27,,,,,,,,,,,,,,,,,,,,,,,,,,,,,,,,,,
n63015a,failed,Infeasible_Problem_Detected,0.89,,,,,,,,,,,,,,,,,,,,,,,,,,,,,,,,,,
n63210,ok,,0.2,1.6366349774827311,0.8566026150751835,3.6484341871005097,1.7678399999999994,0.48454759201917813,0.48454759201917813,10.64827165386207,3.1726896786931826,0.10477647876416558,3.00000002997,8.901506326770887,22.549778010602957,13.64827168383207,0.04138127353763175,28.163520562707127,31.29280031243646,0.4794908623914528,22.453288378058787,2.9597023759210854,0.009070822086117475,15.29069491956185,500000.0,1003431.3439830635,31.292800312615068,0.29021223874938684,17.275436774285737,1.0418666418132396,0.006510879914650979,19.775374943608597,500000.0,1003431.3439887906,0.09999755555719145,1.0868280936454848,False
n63212,ok,,0.2,1.646607738697682,0.8555885289922174,3.652758492778247,1.7678399999999914,0.48397396200573667,0.48397396200573667,11.589899465038531,3.81007708012507,0.09554232406288309,3.00000002997,9.087941073818309,23.677840568826838,14.589899495008531,0.042029503016603555,28.163520562707127,31.29280031244404,0.5040743502737649,22.61882322675567,2.947128694413134,0.007495372890523891,15.704385219821784,500000.0,1002243.4352106345,31.292800312615068,0.3106024000392998,17.9395615822605,1.2110577213025724,0.007240563596959593,18.73172149384545,500000.0,1002243.4352161121,0.11999387677758636,1.1938197324414714,False
n63215,failed,Maximum_Iterations_Exceeded,1.28,,,,,,,,,,,,,,,,,,,,,,,,,,,,,,,,,,
n63215b,ok,,0.2,1.6390594799049292,0.7787985034971912,4.012922792694183,1.7678399999999996,0.44053675869829356,0.44053675869829356,11.946832159690098,4.09217476805916,0.08041194726036643,3.00000002997,8.946830935077031,23.89366312473713,14.946832189660098,0.04153886619507462,28.163520562707127,31.292800312438324,0.558824049751994,23.89931891838126,3.4095649226069455,0.011139473942271863,14.453884479372391,500000.0,912290.9681844038,31.292800312615068,0.3495759210921268,18.34686980509012,1.4570668893507435,0.00920536211325894,17.500047614351182,500000.0,912290.9681895566,0.1504,1.4321,False
n63412,ok,,0.2,1.7110248178137115,0.8567571809903394,3.6477759801060174,1.7678399999999728,0.4846350240917462,0.4846350240917462,11.629128493425752,3.825071442110303,0.10623805652830609,3.00000002997,10.29217945792064,24.92130798131639,14.629128523395751,0.046216613159145464,28.163520562707127,31.292800312487884,0.5298226730567765,23.935190263241587,1.7049453354789972,0.007512046789592009,15.25588665343645,500000.0,1003612.4037681668,31.292800312615068,0.3110127279236036,17.9506852226467,-0.242405497113664,0.007253336938235383,18.699784008113813,500000.0,1003612.4037722459,0.11999086204417966,1.3058809364548494,False
n63415,failed,Maximum_Iterations_Exceeded,1.29,,,,,,,,,,,,,,,,,,,,,,,,,,,,,,,,,,
n64008a,failed,Infeasible_Problem_Detected,0.36,,,,,,,,,,,,,,,,,,,,,,,,,,,,,,,,,,
n64012,failed,Infeasible_Problem_Detected,0.95,,,,,,,,,,,,,,,,,,,,,,,,,,,,,,,,,,
n64012a,failed,Infeasible_Problem_Detected,0.98,,,,,,,,,,,,,,,,,,,,,,,,,,,,,,,,,,
n64015,failed,Infeasible_Problem_Detected,0.9,,,,,,,,,,,,,,,,,,,,,,,,,,,,,,,,,,
n64015a,failed,Maximum_Iterations_Exceeded,1.33,,,,,,,,,,,,,,,,,,,,,,,,,,,,,,,,,,
n6409,ok,,0.2,1.8077173832723794,0.8003167629453597,3.905026622331752,1.7678399999999999,0.45270882146877534,0.45270882146877534,9.847792005440445,2.685416075416524,0.07995561860058836,3.00000002997,12.099788563774684,24.94758059918513,12.847792035410444,0.05250162991395885,28.163520562707138,31.292800312540532,0.5677850866755356,24.171624002327103,-1.0758807378505841,0.008380883913522158,15.109193634258386,500000.0,937497.6341703361,31.292800312615082,0.2924044953127948,18.383601042089328,-3.6673506558300195,0.010829980210044434,15.742900531461732,500000.0,937497.6341725695,0.09027010539595125,1.4711,False
n64108,failed,Infeasible_Problem_Detected,0.27,,,,,,,,,,,,,,,,,,,,,,,,,,,,,,,,,,
n64110,failed,Infeasible_Problem_Detected,0.55,,,,,,,,,,,,,,,,,,,,,,,,,,,,,,,,,,
n64212,ok,,0.2,1.6267198780820122,0.8550382830427357,3.6551091659617567,1.7678399999993513,0.4836627087536482,0.4836627087536482,11.606270381599918,3.825970864454345,0.0907800713757559,3.00000002997,8.716149532510954,23.32241994408087,14.606270411569918,0.04073679207658502,28.163520562707127,31.29280031242868,0.4968273681240591,22.19209549762633,2.905656059731027,0.007502627587527455,15.828957560937134,500000.0,1001598.8725826396,31.292800312615068,0.3111510256653586,17.886044757619146,1.2257064515723048,0.0073070006759116245,18.659661950326782,500000.0,1001598.8725886052,0.11961505004880077,1.1622795986622074,False
n64212ma,ok,,0.2,1.7359344531135044,0.8106171877281899,3.8554058721093103,1.7678399999999996,0.4585353808762049,0.4585353808762049,11.189730525526056,3.576415839095045,0.07974575480271004,3.0000000299700025,10.75785004363589,24.94758059913195,14.189730555496059,0.04783573945363108,28.163520562707525,31.29280031250124,0.5605703030926885,25.12624525002172,2.7645184471818967,0.011615895457219713,13.86082566935643,500000.0,949563.6364221944,31.292800312615483,0.31884220301971233,19.19379094381892,0.4261144220304795,0.012705499363115831,14.47219520499047,500000.0,949563.636425661,0.11962848305476545,1.4397,False
n64212mb,ok,,0.2,1.7391892247698184,0.8037645815625147,3.888275668386017,1.7678399999999983,0.4546591216187639,0.4546591216187639,11.128884530655847,3.538270123553402,0.07988473937706798,3.0000000298093985,10.818696036941338,24.947580597406585,14.128884560465245,0.048047299618241036,28.16352055969639,31.292800310199453,0.5653495228260209,25.36396071755783,3.6369300229723565,0.011197313407381523,14.038987509397204,500000.0,941536.4371667438,31.292800310945026,0.32018167504181444,18.190759564981903,1.3246676870635874,0.009209793434306857,17.274735298962057,500000.0,941536.4371891764,0.12046523607577722,1.4605,False
n64215,failed,Infeasible_Problem_Detected,0.75,,,,,,,,,,,,,,,,,,,,,,,,,,,,,,,,,,
n642415,failed,Maximum_Iterations_Exceeded,1.25,,,,,,,,,,,,,,,,,,,,,,,,,,,,,,,,,,
n66021,failed,Infeasible_Problem_Detected,0.5,,,,,,,,,,,,,,,,,,,,,,,,,,,,,,,,,,
n6h10,ok,,0.2,1.6594611370183077,0.8567571706250812,3.6477760242286275,1.767839999997773,0.48463501822911603,0.48463501822911603,10.804164395804722,3.2750954801388246,0.10623795850172052,3.00000002997,9.328227591559564,23.132392017334286,13.804164425774722,0.04286497390744421,28.163520562707127,31.292800312453473,0.4917906367614773,23.202457310122576,2.347014205582065,0.010567175821155662,14.45719330137238,500000.0,1003612.3916263633,31.292800312615068,0.29347413824532037,18.72269829240553,1.0111968493749495,0.010967821448500456,15.191392172301917,500000.0,1003612.3916315461,0.10017000000000001,1.1403588628762542,False
n6h15,failed,Restoration_Failed,0.43,,,,,,,,,,,,,,,,,,,,,,,,,,,,,,,,,,
n6h20,failed,Infeasible_Problem_Detected,1.17,,,,,,,,,,,,,,,,,,,,,,,,,,,,,,,,,,
n8h12,ok,,0.2,1.6612626476538388,0.8560926682791804,3.650607441694408,1.7678399999999996,0.4842591344687192,0.4842591344687192,11.494903226658634,3.742032045815899,0.10005705520358632,3.00000002997,9.361905744720897,23.856809001349532,14.494903256628634,0.042982072098753744,28.163520562707127,31.292800312454766,0.5075853000690544,23.140441184529596,2.2099395749979833,0.00832595857009563,15.24881126292142,500000.0,1002833.9881154001,31.292800312615068,0.30839832009788853,18.133983394600705,0.6145852264960884,0.007988795767836766,17.926816698354557,500000.0,1002833.9881205373,0.11978358227109079,1.2091,False
n9,ok,,0.2,1.7959568417771088,0.8416867908736437,3.7130893575697925,1.7678399999999994,0.4761102763110033,0.4761102763110033,10.06764822494684,2.817095728818495,0.07914385260799153,3.0000000299700007,11.879932344263391,24.94758059918023,13.06764825491684,0.05173719471676598,28.163520562707262,31.29280031253389,0.539877692680943,23.978639131796548,0.7523722510794902,0.006651066222220644,15.68780360921182,500000.0,985958.8249186394,31.292800312615213,0.28279021929786985,17.198553360799227,-1.601752572283314,0.006237431778855637,20.411094941872943,500000.0,985958.8249212017,0.0846,1.3496421404682275,False
naca0006,failed,too few converged polar points,0.01,,,,,,,,,,,,,,,,,,,,,,,,,,,,,,,,,,
naca000834,failed,too few converged polar points,0.01,,,,,,,,,,,,,,,,,,,,,,,,,,,,,,,,,,
naca0008,ok,,0.2,1.6018890287705638,0.8566057001399502,3.6484210472676075,1.7678399999999999,0.48454933712324094,0.48454933712324094,9.996342655022337,2.7380400950487083,0.10480550806294056,3.00000002997,8.251951803258956,21.248294488251293,12.996342684992337,0.03912278687134087,28.163520562707127,31.292800312408087,0.4518149291920044,21.51189874881223,3.889422113272468,0.009541610526774958,15.404212233144449,500000.0,1003434.9578523781,31.292800312615068,0.27634884546352195,16.981736154761503,2.0822851269968212,0.0064753539516296185,19.911970525598583,500000.0,1003434.9578590152,0.08001915623852546,0.9663775919732445,False
naca001034,failed,Maximum_Iterations_Exceeded,1.33,,,,,,,,,,,,,,,,,,,,,,,,,,,,,,,,,,
naca001034a08cli0.2,failed,Infeasible_Problem_Detected,0.72,,,,,,,,,,,,,,,,,,,,,,,,,,,,,,,,,,
naca001035,failed,Maximum_Iterations_Exceeded,1.35,,,,,,,,,,,,,,,,,,,,,,,,,,,,,,,,,,
naca001064,ok,,0.2,1.6113150212168215,0.8550552918168752,3.6550364584663377,1.7678399999986574,0.4836723299719005,0.4836723299719005,11.306514772578854,3.62598238520646,0.09092475453823091,3.00000002997,8.428165038441449,22.734679840990303,14.306514802548854,0.03973547638034761,28.163520562707127,31.292800312416098,0.4842973624986749,23.426886722485758,4.0445655467546295,0.011317917426098516,14.238413348149377,500000.0,1001618.7968004573,31.292800312615068,0.30475939990305867,17.995098073204453,2.6136936923923546,0.00812285239631907,17.811593175187607,500000.0,1001618.7968068259,0.1,1.107746822742475,False
naca001065,failed,Infeasible_Problem_Detected,0.96,,,,,,,,,,,,,,,,,,,,,,,,,,,,,,,,,,
naca001066,failed,Maximum_Iterations_Exceeded,1.31,,,,,,,,,,,,,,,,,,,,,,,,,,,,,,,,,,
naca0010,ok,,0.21,1.6743524273295507,0.8567571804320571,3.6477759824830143,1.7678399999999785,0.4846350237759455,0.4846350237759455,11.081456665936772,3.4599568959723372,0.10623805122630692,3.00000002997,9.60661126911361,23.68806796502038,14.081456695906772,0.04383290777767502,28.163520562707127,31.292800312463953,0.5036042051398094,23.549677748920633,4.043587632223877,0.009205972554561556,14.901317619659759,500000.0,1003612.4031134195,31.292800312615068,0.29936932032430746,17.700570659421746,2.437290235707097,0.007201217349827505,18.839275480132184,500000.0,1003612.403118266,0.10002394529815684,1.1917735785953179,False
naca001234,failed,Infeasible_Problem_Detected,1.16,,,,,,,,,,,,,,,,,,,,,,,,,,,,,,,,,,
naca001264,failed,Maximum_Iterations_Exceeded,1.3,,,,,,,,,,,,,,,,,,,,,,,,,,,,,,,,,,
naca001264a08cli0.2,ok,,0.21,1.6627643552273526,0.8555507356341272,3.6529198508369864,1.767839999998894,0.48395258373759076,0.48395258373759076,11.919082486556917,4.0298799225730395,0.0952097790394165,3.00000002997,9.38997926072845,24.309061777255366,14.919082516526917,0.04307968309103213,28.16352056270713,31.292800312455782,0.5175351940814775,23.295060860190095,1.9810797047654123,0.007701417371161898,15.387222248501095,500000.0,1002199.1637613304,31.29280031261507,0.317624363143788,18.04748368235786,0.6838217251409701,0.007295638322309633,18.61436459398669,500000.0,1002199.1637664319,0.10960326198692547,1.252403678929766,False
naca0015,failed,Maximum_Iterations_Exceeded,1.38,,,,,,,,,,,,,,,,,,,,,,,,,,,,,,,,,,
naca0018,failed,Maximum_Iterations_Exceeded,1.32,,,,,,,,,,,,,,,,,,,,,,,,,,,,,,,,,,
naca0021,failed,Infeasible_Problem_Detected,0.85,,,,,,,,,,,,,,,,,,,,,,,,,,,,,,,,,,
naca0024,failed,Restoration_Failed,0.83,,,,,,,,,,,,,,,,,,,,,,,,,,,,,,,,,,
naca1408,ok,,0.2,1.666503906529153,0.8567571811275084,3.647775979520339,1.7678399999995704,0.4846350241694478,0.4846350241694478,10.001059593056096,2.7396921739584377,0.10623805786358076,3.00000002997,9.459887913507252,22.460947536533347,13.001059623026096,0.04332275392564915,28.16352056270713,31.29280031245846,0.4775158378614051,21.702704368490043,3.134944842806539,0.007287842777641427,16.244175772847502,500000.0,1003612.4039281325,31.29280031261507,0.2764002662314548,16.644193655590964,1.0802081083705155,0.005323252865312767,21.71167175629242,500000.0,1003612.4039331552,0.08002533906372403,1.0782324414715718,False
naca1410,ok,,0.2,1.7272093700085829,0.8567571813950968,3.6477759783824415,1.7678399999999101,0.48463502432071925,0.48463502432071925,11.082642610140775,3.460747515950759,0.10623806035968628,3.00000002997,10.594739885217667,24.67738252532844,14.082642640110775,0.047268609051812106,28.163520562707127,31.292800312497654,0.5246368600407989,23.983668123166975,3.348015427135586,0.007637651509427303,15.284624016465012,500000.0,1003612.4042426519,31.292800312615068,0.29939453295523455,17.44857964788829,1.3868103921013488,0.006180616980209978,20.132011508123664,500000.0,1003612.4042464175,0.1000316745217622,1.2833113712374582,False
naca1412,ok,,0.2,1.690052312181788,0.8519267480064608,3.6684589055493513,1.7678399999999999,0.4819026314635153,0.4819026314635153,12.047469417632565,4.133156291810876,0.07895509217205272,3.000000029398347,9.900111144453517,24.947580591484428,15.047469447030911,0.04485340031784179,28.16352055197408,31.29280030383184,0.5333884911968996,24.23091557650818,3.2839105932290593,0.008047349473458658,15.035010548194904,500000.0,997953.9945919433,31.292800306652335,0.32172045677150596,18.087051094658165,1.8248263419186082,0.006953023003945851,19.000857108854294,500000.0,997953.9946818913,0.12003801044123691,1.3214,False
naca16006,failed,airfoil 'naca16006' not found in the aerosandbox UIUC database,0.0,,,,,,,,,,,,,,,,,,,,,,,,,,,,,,,,,,
naca16009,failed,too few converged polar points,0.01,,,,,,,,,,,,,,,,,,,,,,,,,,,,,,,,,,
naca16012,failed,Infeasible_Problem_Detected,0.72,,,,,,,,,,,,,,,,,,,,,,,,,,,,,,,,,,
naca16015,failed,Infeasible_Problem_Detected,0.99,,,,,,,,,,,,,,,,,,,,,,,,,,,,,,,,,,
naca16018,failed,Restoration_Failed,0.66,,,,,,,,,,,,,,,,,,,,,,,,,,,,,,,,,,
naca16021,failed,Maximum_Iterations_Exceeded,1.35,,,,,,,,,,,,,,,,,,,,,,,,,,,,,,,,,,
naca23012,ok,,0.2,1.7208580148443455,0.8145441317304484,3.8368188338188283,1.7678399999999967,0.4607567040741526,0.4607567040741526,11.471575002797136,3.762915103613255,0.07966695681439483,3.0000000160274922,10.476005411487503,24.94758043031213,14.471575018824629,0.04685577157027766,28.163520300941943,31.292800110593436,0.5578677786689005,24.65960867299976,3.3336953862439875,0.009598912877767976,14.570752140902806,500000.0,954163.6847467612,31.292800167198234,0.3236075499511701,17.91491996239213,1.7092980260091386,0.00810855378328012,18.21929399209872,500000.0,954163.6864727251,0.11999794414735143,1.4279381270903009,False
naca23015,failed,Infeasible_Problem_Detected,1.12,,,,,,,,,,,,,,,,,,,,,,,,,,,,,,,,,,
naca23018,failed,Maximum_Iterations_Exceeded,1.34,,,,,,,,,,,,,,,,,,,,,,,,,,,,,,,,,,
naca23021,failed,Maximum_Iterations_Exceeded,1.47,,,,,,,,,,,,,,,,,,,,,,,,,,,,,,,,,,
naca23024,failed,Infeasible_Problem_Detected,0.67,,,,,,,,,,,,,,,,,,,,,,,,,,,,,,,,,,
naca2408,ok,,0.2,1.750035854172291,0.8567571813945751,3.6477759783800074,1.7678399999987822,0.4846350243207334,0.4846350243207334,10.003902714567161,2.741587585811759,0.10623806042395832,3.0000000299700034,11.021467218734724,24.02536996327189,13.003902744537164,0.04875233052245213,28.16352056270756,31.292800312506657,0.5107751863836403,23.07775256459765,2.428523698726526,0.006541598143478053,16.043520503197573,500000.0,1003612.4042429699,31.292800312615512,0.276460710413945,16.799253188809498,0.10985648366382585,0.005153432508397869,22.00434981927268,500000.0,1003612.404246461,0.08004388468765333,1.2229829431438126,False
naca2410,ok,,0.2,1.757596414242316,0.8367978085801616,3.7347830426358155,1.7678399999999996,0.4733447645602327,0.4733447645602327,10.784773246757418,3.296984279559891,0.07923560223120699,3.000000029970001,11.162807322423165,24.947580599150584,13.78477327672742,0.04924376692700442,28.163520562707273,31.29280031251367,0.543031922356428,23.92452384731985,2.55701322825154,0.006875999265288548,15.603923901930692,500000.0,980231.8308753333,31.29280031261522,0.3000520191490827,17.206846488211003,0.4955645189346997,0.005872791109888994,20.8389787939546,500000.0,980231.8308785142,0.10005485862659336,1.3633698996655519,False
naca2411,ok,,0.2,1.7014188106002874,0.856757162345878,3.6477760594755257,1.7678399999970247,0.48463501354609007,0.48463501354609007,11.6273428500247,3.823881198409124,0.10623787999332145,3.00000002997,10.112600955400636,24.739943835395337,14.6273428799947,0.0455922226902729,28.163520562707127,31.29280031248186,0.5259669143020289,23.563369592167895,1.4816595227857878,0.0068352781122345396,15.626990069191024,500000.0,1003612.3819293719,31.292800312615068,0.3109747722202724,17.607572354145876,0.14816106828322964,0.0060790808888253,20.1208579271264,500000.0,1003612.3819336441,0.11006034626491962,1.2891,False
naca2412,ok,,0.2,1.7145228994887123,0.8218687415934133,3.8026245645269907,1.7678399999999996,0.4648999579110176,0.4648999579110176,11.590006587252837,3.839243751108319,0.07952252662774115,3.00000002997,10.357573981881856,24.947580599104693,14.590006617222837,0.04644398846802048,28.16352056270714,31.29280031248987,0.5528959791509127,23.900750147871694,2.432358639687757,0.007415845200060965,15.423307024198689,500000.0,962743.7990996242,31.292800312615086,0.32334822859225976,17.634474529832715,0.7652146044664251,0.0065272194859594245,19.89630588033611,500000.0,962743.7991034765,0.12006583441072505,1.4063,False
naca2415,failed,Maximum_Iterations_Exceeded,1.26,,,,,,,,,,,,,,,,,,,,,,,,,,,,,,,,,,
naca2418,failed,Maximum_Iterations_Exceeded,1.25,,,,,,,,,,,,,,,,,,,,,,,,,,,,,,,,,,
naca2421,failed,Maximum_Iterations_Exceeded,1.33,,,,,,,,,,,,,,,,,,,,,,,,,,,,,,,,,,
naca2424,failed,Infeasible_Problem_Detected,0.7,,,,,,,,,,,,,,,,,,,,,,,,,,,,,,,,,,
naca4412,ok,,0.2,1.7410897405244583,0.7872547882610589,3.96981804645898,1.7678399999999985,0.44532015808051606,0.44532015808051606,11.093355422698284,3.5203111581572704,0.0802294266813483,3.0000000260325956,10.854225105387085,24.947580554117966,14.093355448730879,0.04817083330594901,28.163520488786546,31.2928002570372,0.5772056647758579,23.54720936837964,0.8334384893026325,0.00705553030208752,15.711460850970287,500000.0,922196.7280289736,31.29280027155189,0.326074289067481,17.90641337453711,-1.4316312904008899,0.008215981739441094,18.434146959402078,500000.0,922196.7284567205,0.12017706615475723,1.5121,False
naca4415,failed,Maximum_Iterations_Exceeded,1.28,,,,,,,,,,,,,,,,,,,,,,,,,,,,,,,,,,
naca4418,failed,Infeasible_Problem_Detected,0.96,,,,,,,,,,,,,,,,,,,,,,,,,,,,,,,,,,
naca4421,failed,Maximum_Iterations_Exceeded,1.4,,,,,,,,,,,,,,,,,,,,,,,,,,,,,,,,,,
naca4424,failed,Restoration_Failed,0.6,,,,,,,,,,,,,,,,,,,,,,,,,,,,,,,,,,
naca63206,ok,,0.2,1.4891111454027577,0.8555698999451414,3.6528380273700725,1.7678399999979695,0.48396342426131556,0.48396342426131556,8.658986485851825,1.8563064827733071,0.09537830539151865,3.00000002997,6.143637395139132,17.802623910960957,11.658986515821825,0.03179222445243341,28.16352056270715,31.292800312287717,0.37900590850698,18.023469067028966,2.3612252594321768,0.008852258154295328,16.65198681504773,500000.0,1002221.6129879113,31.29280031261509,0.24821199384437706,17.336976777979157,1.2444110728125746,0.009249955355002728,16.31350446267322,500000.0,1002221.6129983963,0.06000143986236292,0.6495,False
naca63209,ok,,0.21,1.5434124237544933,0.8549354194693308,3.655548939053064,1.7678399999999996,0.4836045227335794,0.4836045227335794,10.119771693971014,2.8358840159193663,0.0899084548796036,3.00000002997,7.158766994219399,20.278538718160412,13.119771723941014,0.035321807545296284,28.163520562707127,31.292800312352135,0.4320368655705853,19.038353983429538,2.4688458382172547,0.006357072057731173,17.694685214436607,500000.0,1001478.3773444681,31.292800312615068,0.279518417539704,16.88197390349892,0.9779167675322659,0.0061493446773155285,20.39008595544844,500000.0,1001478.377352883,0.08999894715852444,0.8803,False
naca632615,ok,,0.22,1.677176483737247,0.8138529847281846,3.840077169028005,1.7678399999999996,0.46036574844340256,0.46036574844340256,12.288175271252486,4.307562062061902,0.07968092603973007,3.00000002997,9.659405297835281,24.947580599057765,15.288175301222486,0.04401647144417527,28.163520562707127,31.29280031246589,0.5583415323695473,24.04268693990734,0.3986058571057393,0.008515881256535303,14.997831173383412,500000.0,953354.0756229437,31.292800312615068,0.34215835843656256,18.33918999489454,-1.4735591832500592,0.008208575092905797,18.016738683520618,500000.0,953354.0756274884,0.1499863033601802,1.43,False
naca632a015,failed,Infeasible_Problem_Detected,0.87,,,,,,,,,,,,,,,,,,,,,,,,,,,,,,,,,,
naca633018,failed,Maximum_Iterations_Exceeded,1.38,,,,,,,,,,,,,,,,,,,,,,,,,,,,,,,,,,
naca633218,failed,Maximum_Iterations_Exceeded,1.36,,,,,,,,,,,,,,,,,,,,,,,,,,,,,,,,,,
naca633418,failed,Maximum_Iterations_Exceeded,1.35,,,,,,,,,,,,,,,,,,,,,,,,,,,,,,,,,,
naca633618,failed,Infeasible_Problem_Detected,0.95,,,,,,,,,,,,,,,,,,,,,,,,,,,,,,,,,,
naca634221,failed,Infeasible_Problem_Detected,0.65,,,,,,,,,,,,,,,,,,,,,,,,,,,,,,,,,,
naca634421,failed,Maximum_Iterations_Exceeded,1.34,,,,,,,,,,,,,,,,,,,,,,,,,,,,,,,,,,
naca63a210,ok,,0.2,1.585287138166881,0.8550205346584296,3.655185038156426,1.7678399999999999,0.4836526691660047,0.4836526691660047,10.843978093848646,3.3179338267598255,0.09062926623465002,3.00000002997,7.941589486494926,21.78556761031357,13.843978123818646,0.03804366398210148,28.163520562707127,31.29280031239334,0.464098104780976,21.455140379670397,2.788265188291309,0.009321128882955913,15.386799560258439,500000.0,1001578.0819778852,31.292800312615068,0.29491836635740515,18.077453555374245,1.522414091751776,0.009028344482669428,16.90631733313228,500000.0,1001578.0819849821,0.09990271202681744,1.0198361204013378,False
naca641112,failed,Infeasible_Problem_Detected,1.23,,,,,,,,,,,,,,,,,,,,,,,,,,,,,,,,,,
naca6412,ok,,0.21,1.7551388988920409,0.7673063206341361,4.073025572130237,1.7678399999999996,0.4340360669710699,0.4340360669710699,10.83071501181078,3.351949825049803,0.08066610186483206,3.00000002997,11.116865557367037,24.947580599147816,13.83071504178078,0.049084028429236794,28.163520562707163,31.29280031251347,0.5922118851325826,24.426655785123863,-0.6127718612046921,0.009057793264159682,14.988221017231028,500000.0,898828.9307229444,31.292800312615107,0.32831696023664036,18.425357131428004,-3.108404870541384,0.009723741884012146,17.20398923013743,500000.0,898828.9307258638,0.12037967053259345,1.5774096989966555,False
naca64206,failed,too few converged polar points,0.01,,,,,,,,,,,,,,,,,,,,,,,,,,,,,,,,,,
naca64208,failed,Infeasible_Problem_Detected,0.28,,,,,,,,,,,,,,,,,,,,,,,,,,,,,,,,,,
naca64209,ok,,0.2,1.5918829518244737,0.8561303308267704,3.650446845605627,1.7678399999982706,0.4842804387431034,0.4842804387431034,10.169813426087394,2.858280696592502,0.10040029777333373,3.00000002997,8.064894238741653,21.23470769479905,13.169813456057394,0.03847239186984501,28.163520562707127,31.29280031239929,0.45177673662423123,19.930900177066345,2.6076675929615356,0.006517942810301035,17.182646831723464,500000.0,1002878.1063324102,31.292800312615068,0.28019294781693554,17.09498802539138,0.8942093978062094,0.006688091256114935,19.601539591695666,500000.0,1002878.1063393255,0.08979584693062237,0.9662113712374583,False
naca64210,failed,Infeasible_Problem_Detected,0.25,,,,,,,,,,,,,,,,,,,,,,,,,,,,,,,,,,
naca642215,failed,Infeasible_Problem_Detected,0.78,,,,,,,,,,,,,,,,,,,,,,,,,,,,,,,,,,
naca642415,failed,Infeasible_Problem_Detected,0.45,,,,,,,,,,,,,,,,,,,,,,,,,,,,,,,,,,
naca643218,failed,Maximum_Iterations_Exceeded,1.33,,,,,,,,,,,,,,,,,,,,,,,,,,,,,,,,,,
naca643418,failed,Maximum_Iterations_Exceeded,1.35,,,,,,,,,,,,,,,,,,,,,,,,,,,,,,,,,,
naca643618,failed,Infeasible_Problem_Detected,0.92,,,,,,,,,,,,,,,,,,,,,,,,,,,,,,,,,,
naca644221,failed,Maximum_Iterations_Exceeded,1.33,,,,,,,,,,,,,,,,,,,,,,,,,,,,,,,,,,
naca644421,failed,Maximum_Iterations_Exceeded,1.4,,,,,,,,,,,,,,,,,,,,,,,,,,,,,,,,,,
naca64a010,failed,Infeasible_Problem_Detected,0.62,,,,,,,,,,,,,,,,,,,,,,,,,,,,,,,,,,
naca64a210,ok,,0.21,1.5972588607167477,0.8553278676718181,3.6538716715811868,1.7678399999999994,0.48382651578865643,0.48382651578865643,10.85311940748178,3.3212705724367493,0.09326521896358748,3.00000002997,8.165393608262153,22.01851304571393,13.85311943745178,0.038821825947842815,28.163520562707127,31.292800312404054,0.46889200210823156,20.540169833401734,2.504488819878166,0.006276647991961504,17.01470957715952,500000.0,1001938.0943961771,31.292800312615068,0.29500706495927714,17.16305746147954,1.0935225515408333,0.006044848785329181,20.389096036229084,500000.0,1001938.0944029335,0.09989661378582058,1.0407,False
naca64a410,ok,,0.2,1.708873061840495,0.8567571763375865,3.6477759998847654,1.767839999992445,0.4846350214619241,0.4846350214619241,10.896775896316624,3.336836425279679,0.1062380134427262,3.00000002997,10.251953679730644,24.14872960601727,13.896775926286624,0.04607674902088638,28.16352056270713,31.29280031248654,0.5133977939535393,22.719825433319404,1.4349411862129617,0.0062860876477609995,16.123407122590013,500000.0,1003612.3983221243,31.29280031261507,0.29544304068626903,17.45965014210047,-0.5489981572276289,0.006510746024538412,19.73066883496234,500000.0,1003612.3983262464,0.099926212821397,1.2343969899665552,False
naca651212,failed,Maximum_Iterations_Exceeded,1.35,,,,,,,,,,,,,,,,,,,,,,,,,,,,,,,,,,
naca651212a06,failed,Maximum_Iterations_Exceeded,1.33,,,,,,,,,,,,,,,,,,,,,,,,,,,,,,,,,,
naca651412,ok,,0.2,1.6620705648547782,0.8557606157470258,3.6520239516643453,1.7678399999997643,0.4840713049524504,0.4840713049524504,11.754458689304037,3.918190616030037,0.09706685976815553,3.00000002997,9.377009268784684,24.131467988058724,14.754458719274037,0.0430345867168148,28.163520562707127,31.292800312455334,0.5136282557484373,23.071138154045038,1.5127031443740346,0.007602062691004464,15.493625851591514,500000.0,1002445.0190501424,31.292800312615068,0.314042514950372,18.01461195860387,-0.25423745432850603,0.007404562279296126,18.52145479965016,500000.0,1002445.0190552593,0.11990187806873978,1.2354,False
naca65206,ok,,0.2,1.5619586837643475,0.8567571787340054,3.647775989707545,1.7678399999987218,0.4846350228157666,0.4846350228157666,8.775488448667868,1.9226447682381338,0.1062380353330111,3.00000002997,7.505478122570619,19.280966601208487,11.775488478637868,0.03652731444593681,28.163520562707127,31.292800312371142,0.4099099974358472,18.69797536377827,2.29726217109305,0.00680363590994256,17.74889127260066,500000.0,1003612.4011220447,31.292800312615068,0.2503448375716641,15.984200242483562,0.6824986107895045,0.004921903262058992,22.76183198459174,500000.0,1003612.4011298678,0.059960151004744555,0.784,False
naca65209,failed,Infeasible_Problem_Detected,0.35,,,,,,,,,,,,,,,,,,,,,,,,,,,,,,,,,,
naca65210,failed,Infeasible_Problem_Detected,0.48,,,,,,,,,,,,,,,,,,,,,,,,,,,,,,,,,,
naca652215,failed,Infeasible_Problem_Detected,1.17,,,,,,,,,,,,,,,,,,,,,,,,,,,,,,,,,,
naca652415,failed,Infeasible_Problem_Detected,0.33,,,,,,,,,,,,,,,,,,,,,,,,,,,,,,,,,,
naca652415a05,failed,Maximum_Iterations_Exceeded,1.3,,,,,,,,,,,,,,,,,,,,,,,,,,,,,,,,,,
naca653218,failed,Maximum_Iterations_Exceeded,1.32,,,,,,,,,,,,,,,,,,,,,,,,,,,,,,,,,,
naca653618,failed,airfoil 'naca653618' not found in the aerosandbox UIUC database,0.0,,,,,,,,,,,,,,,,,,,,,,,,,,,,,,,,,,
naca65410,ok,,0.2,1.6249333676726438,0.8561279768034851,3.6504568829387356,1.7678399999996313,0.4842791071610913,0.4842791071610913,10.789429404690443,3.2713804253629797,0.10037881923957741,3.00000002997,8.682751799517122,22.472181234177565,13.789429434660443,0.04062066889997608,28.163520562707127,31.292800312427257,0.47810578624227795,21.20967652077963,1.2288771316096028,0.0068105989631851585,16.51073589610488,500000.0,1002875.3488103098,31.292800312615068,0.2933763275094453,17.36665599889611,-0.44889613978805193,0.006646074112942758,19.577989392827476,500000.0,1002875.3488163288,0.0999230674438576,1.0808,False
naca654221,failed,Infeasible_Problem_Detected,0.49,,,,,,,,,,,,,,,,,,,,,,,,,,,,,,,,,,
naca654421,failed,Infeasible_Problem_Detected,0.64,,,,,,,,,,,,,,,,,,,,,,,,,,,,,,,,,,
naca654421a05,failed,Maximum_Iterations_Exceeded,1.4,,,,,,,,,,,,,,,,,,,,,,,,,,,,,,,,,,
naca66-018,failed,Infeasible_Problem_Detected,0.92,,,,,,,,,,,,,,,,,,,,,,,,,,,,,,,,,,
naca661212,failed,Infeasible_Problem_Detected,0.77,,,,,,,,,,,,,,,,,,,,,,,,,,,,,,,,,,
naca66206,failed,Infeasible_Problem_Detected,0.27,,,,,,,,,,,,,,,,,,,,,,,,,,,,,,,,,,
naca66209,failed,Infeasible_Problem_Detected,0.3,,,,,,,,,,,,,,,,,,,,,,,,,,,,,,,,,,
naca66210,failed,Maximum_Iterations_Exceeded,1.36,,,,,,,,,,,,,,,,,,,,,,,,,,,,,,,,,,
naca662215,failed,Infeasible_Problem_Detected,1.25,,,,,,,,,,,,,,,,,,,,,,,,,,,,,,,,,,
naca662415,failed,Infeasible_Problem_Detected,0.93,,,,,,,,,,,,,,,,,,,,,,,,,,,,,,,,,,
naca663218,failed,Infeasible_Problem_Detected,0.97,,,,,,,,,,,,,,,,,,,,,,,,,,,,,,,,,,
naca663418,failed,Infeasible_Problem_Detected,1.07,,,,,,,,,,,,,,,,,,,,,,,,,,,,,,,,,,
naca664221,failed,Maximum_Iterations_Exceeded,1.36,,,,,,,,,,,,,,,,,,,,,,,,,,,,,,,,,,
naca671215,failed,Maximum_Iterations_Exceeded,1.31,,,,,,,,,,,,,,,,,,,,,,,,,,,,,,,,,,
naca747a315,failed,Maximum_Iterations_Exceeded,1.36,,,,,,,,,,,,,,,,,,,,,,,,,,,,,,,,,,
naca747a415,failed,Infeasible_Problem_Detected,0.91,,,,,,,,,,,,,,,,,,,,,,,,,,,,,,,,,,
nacacyh,ok,,0.2,1.7002206037640022,0.8474040357734112,3.6880379767694036,1.7678399999999996,0.4793443047862993,0.4793443047862993,11.857379366766189,4.008123433420752,0.07903790228194427,3.00000002997,10.090201202351452,24.94758059908764,14.857379396736189,0.04551433924591435,28.163520562707127,31.292800312481095,0.5362352590190776,24.018865002373893,1.0669068805820134,0.007799025295694273,15.158808986484464,500000.0,992656.0525843916,31.292800312615068,0.31935163642187736,18.058727360222388,-0.18897697359765284,0.007392928108637204,18.595940490526935,500000.0,992656.0525886414,0.117,1.3337896321070235,False
nacam12,ok,,0.21,1.687025346417459,0.8496939860729088,3.678098605880721,1.7678399999999996,0.4806396427690905,0.4806396427690905,12.104056662790091,4.171718572727784,0.07899585254497382,3.0000000277985714,9.843523879387218,24.947580569975884,15.104056690588664,0.04465664761247566,28.163520521940818,31.292800279479174,0.5347900897170119,24.808301728706333,3.1620825874250227,0.0102259710602026,14.17521369785546,500000.0,995338.5181373414,31.292800289969193,0.32377888527365256,18.93512925415157,1.2248137560605226,0.010095693505585163,16.04758472591123,500000.0,995338.5184710003,0.1193,1.3275,False
nacam18,ok,,0.2,1.6808213147380817,0.8534834577577627,3.6617678259524107,1.7678399999999967,0.48278320309403805,0.48278320309403805,12.220037356613023,4.246070730980608,0.08047226474305012,3.00000002997,9.727543211801661,24.947580598384683,15.220037386583023,0.044253385459229466,28.163520562707152,31.29280031246823,0.5324156179876516,24.044150252648457,2.3220770943377036,0.008760811212903145,14.732087757828689,500000.0,999777.5374651266,31.292800312615093,0.3248164918814366,18.974817173041124,0.9774685791238482,0.010155336721783285,15.964811211017642,500000.0,999777.5374698187,0.11960000000000001,1.3171658862876254,False
nacam2,ok,,0.2,1.5742357902422324,0.8557109145136353,3.6522360678036625,1.7678399999999874,0.4840431908507792,0.4840431908507792,10.148553414926072,2.8480488191809843,0.09662480362468227,3.00000002997,7.734991212410502,20.883544657306572,13.148553444896072,0.03732532636699932,28.163520562707127,31.29280031238305,0.44452337623876803,21.43239040499647,3.8373244007076996,0.010358464084987784,15.071713986836839,500000.0,1002386.7986143968,31.292800312615068,0.2798777442147201,17.1707000592476,2.1062420843199,0.007125676514331888,19.024808382142712,500000.0,1002386.798621829,0.0806,0.9346434782608696,False
nacam3,failed,Maximum_Iterations_Exceeded,1.24,,,,,,,,,,,,,,,,,,,,,,,,,,,,,,,,,,
nacam6,failed,Maximum_Iterations_Exceeded,1.34,,,,,,,,,,,,,,,,,,,,,,,,,,,,,,,,,,
nasasc2-0714,ok,,0.2,1.7212000482604426,0.7658385335441342,4.080831831661673,1.7678399999999996,0.43320579551550725,0.43320579551550725,11.465181324187274,3.77541454657409,0.08069910715351111,3.00000002997,10.482399244958367,24.94758059911564,14.465181354157274,0.04687800313818288,28.163520562707173,31.2928003124939,0.5933469037056277,24.366862658241597,0.4260754881731959,0.009941187607213789,14.66735165097877,500000.0,897109.5528609512,31.29280031261512,0.3440361895560664,18.554800601649436,-1.6609004350378016,0.010653211675025986,16.452152696394187,500000.0,897109.5528644264,0.1393333333333333,1.5823494983277593,False
ncambre,ok,,0.2,1.7113255766268833,0.8431032376198575,3.706851220762517,1.7678399999999999,0.47691150648240654,0.47691150648240654,11.649778606866262,3.8713240461192067,0.07911746966438571,3.0000000299700007,10.297801962265064,24.94758059910133,14.649778636836263,0.04623616248200155,28.163520562707166,31.29280031248777,0.5389706768291417,24.45242844463119,3.4452004349673047,0.008782331837395449,14.766938389697506,500000.0,987618.0622779211,31.292800312615103,0.3164956648146003,17.943322491598238,1.908807183241927,0.007557256339240612,18.492710481854814,500000.0,987618.0622819398,0.1151911445380828,1.3456946488294315,False
nl722343,ok,,0.2,1.7413959748512238,0.8567571815059578,3.6477759779108023,1.7678399999999994,0.48463502438340467,0.48463502438340467,10.40134635436285,3.0065500110030228,0.10623806137952169,3.00000002997,10.859949893588702,24.261296277921552,13.40134638433285,0.04819073836658377,28.163520562707127,31.292800312505904,0.5157909387291272,24.765306489891415,3.019882383049802,0.010069941654187488,14.381686111107852,500000.0,1003612.4043727294,31.292800312615068,0.28491029302714466,17.457029938519902,0.5395386766422602,0.006975367673871655,19.191372960753,500000.0,1003612.4043762303,0.0861154422885594,1.24481237458194,False
nl722362,ok,,0.2,1.673745801230815,0.8567571812639054,3.647775978941368,1.767839999999997,0.48463502424648547,0.48463502424648547,10.708067783970161,3.211030966432429,0.10623805911760116,3.00000002997,9.595270760619274,23.303338574559433,13.708067813940161,0.0437934770812572,28.163520562707127,31.292800312463534,0.4954249247292355,22.772737695895017,1.9764311361635005,0.00836190722693855,15.40518736471673,500000.0,1003612.4040878296,31.292800312615068,0.2914311373501198,17.634467080925223,0.24073379194557057,0.007407332594785284,18.631202253128578,500000.0,1003612.4040926895,0.08614358920411244,1.1561759197324413,False
nlf0115,failed,Maximum_Iterations_Exceeded,1.3,,,,,,,,,,,,,,,,,,,,,,,,,,,,,,,,,,
nlf0215f,ok,,0.2,1.6997941963932104,0.7780866163959529,4.016594296501324,1.7678399999999994,0.4401340711806233,0.4401340711806233,11.865350794999202,4.038094535026717,0.08042747485404839,3.00000002997,10.08222977411817,24.947580599087374,14.865350824969202,0.045486622766812895,28.163520562707127,31.292800312480814,0.5840068612432352,25.150600289993555,-0.19485023455238468,0.011520435459641983,14.054666034358139,500000.0,911457.057784029,31.292800312615068,0.34798832864830553,18.56895219178239,-2.41606176844007,0.009956508071267339,16.876663308983538,500000.0,911457.0577879393,0.14971437260684486,1.5417,False
nlf1015,failed,Maximum_Iterations_Exceeded,1.19,,,,,,,,,,,,,,,,,,,,,,,,,,,,,,,,,,
nlf414f,ok,,0.2,1.6227072530253073,0.7701436613944197,4.0580198504021086,1.7678399999999759,0.43564104296453876,0.43564104296453876,11.64113712488365,3.8912863010493326,0.08060267755843538,3.0000000299700007,8.641135930829448,23.2822730856831,14.641137154853652,0.040475971447898905,28.16352056270725,31.29280031242528,0.5506442314187968,24.823835998580737,2.4095047480880853,0.017442118674175923,12.552191299008085,500000.0,902152.6150080069,31.2928003126152,0.34627451048116326,20.597822874565964,0.6268779967586996,0.018835868693382805,11.823768441805768,500000.0,902152.6150134822,0.14168440929419407,1.3965,False
nlf415,failed,Maximum_Iterations_Exceeded,1.29,,,,,,,,,,,,,,,,,,,,,,,,,,,,,,,,,,
nlf416,ok,,0.2,1.6961406623376905,0.7715557338252638,4.050593014331462,1.7678399999999996,0.43643979875173317,0.43643979875173317,11.933651407311483,4.085823989979405,0.0805712665906017,3.00000002997,10.013929161801403,24.947580599082887,14.933651437281483,0.0452491430532041,28.163520562707127,31.292800312478477,0.5889502244560694,24.95894849933708,1.4170735929413274,0.011318889502465995,14.155692097934029,500000.0,903806.7282612851,31.292800312615068,0.35254630527908476,18.72171420092625,-0.6933630993811777,0.01047410167237408,16.530987994373056,500000.0,903806.7282652302,0.1594441005350745,1.563214381270903,False
nlr1t,ok,,0.2,1.7517429856395768,0.8567571529071586,3.6477760996646964,1.7678399999975973,0.48463500820680777,0.48463500820680777,10.804933943799083,3.2756085181659627,0.10623789481350482,3.0000000226044796,11.053381155492707,24.85831512189627,13.804933966403564,0.04886329438694343,28.16352042443866,31.292800210094015,0.5284834766038204,25.058415840774728,2.9990139685526853,0.009472682424474372,14.458288731784629,500000.0,1003612.3675887042,31.29280023581269,0.29349050605679944,17.521256037200402,0.578556138789167,0.006772608033968517,19.405399552707788,500000.0,1003612.3684135451,0.08699888941736028,1.300052508361204,False
nlr7301,failed,Maximum_Iterations_Exceeded,1.27,,,,,,,,,,,,,,,,,,,,,,,,,,,,,,,,,,
nn7mk20,failed,Maximum_Iterations_Exceeded,1.28,,,,,,,,,,,,,,,,,,,,,,,,,,,,,,,,,,
npl9510,failed,Infeasible_Problem_Detected,1.08,,,,,,,,,,,,,,,,,,,,,,,,,,,,,,,,,,
npl9615,ok,,0.2,1.654976998445946,0.8555380717661114,3.6529739221855264,1.7678399999995742,0.48394542026785087,0.48394542026785087,11.78258286717825,3.938996433171092,0.09509853102228623,3.00000002997,9.244399329512097,24.026982226660348,14.78258289714825,0.0425735049002407,28.16352056270713,31.29280031245019,0.5115373471295043,23.293895313474874,3.3474199257214634,0.008351256932749419,15.18547837054089,500000.0,1002184.3292016836,31.29280031261507,0.31472297134580496,17.950281732639855,1.9735029127771633,0.0073589090056825944,18.56893846259439,500000.0,1002184.3292069641,0.11300131212956485,1.2263,False
npl9626,ok,,0.2,1.646416245907886,0.8549314299272152,3.6555659976829284,1.767839999997843,0.4836022660015942,0.4836022660015942,12.048107404342206,4.121476422455946,0.08987476663837597,3.00000002997,9.084361231780827,24.132468666093033,15.048107434312206,0.042017055985266796,28.163520562707127,31.292800312443894,0.5141477361510933,23.47865431882052,3.6347694639889934,0.008659228628571543,15.018187367946755,500000.0,1001473.703966201,31.292800312615068,0.3206033530040566,18.203007115791596,2.3361905934316036,0.007754908763435775,18.113644563648606,500000.0,1001473.7039716792,0.12061904190382244,1.2376608695652174,False
npl9627,ok,,0.2,1.7026591641410247,0.8347738604930464,3.743838197993062,1.7678399999999996,0.4721998939344321,0.4721998939344321,11.81179195348901,3.9824071892202966,0.07927389977888205,3.00000002997,10.135788615631592,24.9475805990906,14.81179198345901,0.04567284567042083,28.163520562707127,31.292800312482644,0.5443485285324897,24.445705548686362,3.592304692383666,0.008797569643315574,14.795995351440508,500000.0,977860.9614496505,31.292800312615068,0.3231887412501599,18.045852130704525,2.111897619289245,0.007541318066107471,18.564757651035276,500000.0,977860.9614537886,0.12155189800512892,1.3691,False
npl9660,ok,,0.2,1.6927278497533131,0.8565230294003027,3.6487731891904396,1.7678399999999996,0.4845025734231055,0.4845025734231055,11.758040660753995,3.9133140666419983,0.10402961240347504,3.00000002997,9.9501286919842,24.708169382708192,14.758040690723995,0.04502731023521958,28.163520562707127,31.292800312476263,0.5254349848133978,24.099245906123468,4.001514970333442,0.008432951196698124,14.929790319996743,500000.0,1003338.1166706445,31.292800312615068,0.3138391503647422,18.093020426264026,2.472173837829254,0.007563771656392043,18.34142284574511,500000.0,1003338.1166750949,0.11300131212956485,1.286784949832776,False
nplx,ok,,0.2,1.6124474210069746,0.8552988969364952,3.653995435740687,1.7678399999999994,0.48381012814309865,0.48381012814309865,11.15749710762524,3.5244512157579893,0.09301449846894896,3.00000002997,8.449334568512743,22.606831706107982,14.15749713759524,0.03980908236670757,28.163520562707127,31.29280031241705,0.48143676220658926,23.330572701353425,3.6220272740337096,0.011271901331824326,14.283206535097932,500000.0,1001904.1578391165,31.292800312615068,0.30149910749966324,17.86870324555495,1.594219039245304,0.007897182650503834,18.058440697420696,500000.0,1001904.1578454565,0.10663869932432432,1.095296989966555,False
oa206,ok,,0.21,1.495773471069116,0.8552703480755899,3.6541174058377264,1.7678399999999728,0.4837939791358964,0.4837939791358964,8.99644618177408,2.084008497571392,0.09276788829700178,3.00000002997,6.268185549214225,18.264631760958306,11.99644621174408,0.03222527562074676,28.163520562707127,31.2928003122968,0.38897793422876165,17.99726646034541,3.3245004219577057,0.007368726962585988,17.67017779002342,500000.0,1001870.7154649653,31.292800312615068,0.2554857347526858,16.271795581573382,2.1618385344184206,0.005707934070013757,21.245109267887266,500000.0,1001870.7154751549,0.0600707846762119,0.6929,False
oa209,ok,,0.2,1.7830541378801745,0.8270303555568663,3.7788918442971315,1.7678399999999996,0.46781968705135446,0.46781968705135446,10.308856480642408,2.983276619132295,0.07942215318023627,3.00000002997,11.638724088554822,24.94758059916723,13.308856510612408,0.05089851896346557,28.163520562707127,31.292800312528367,0.5494452767829495,24.888620159894643,4.205642444095822,0.009145531260113875,14.690924993019951,500000.0,968790.1561225299,31.292800312615068,0.2931141286438642,17.618154521416372,2.1217996247959614,0.00765884003779806,18.66973464720042,500000.0,968790.156125214,0.09009014116816867,1.391281939799331,False
oa212,ok,,0.2,1.6902135382797232,0.8384190066528965,3.7275613276904744,1.7678399999999999,0.47426181478691315,0.47426181478691315,12.044455411403899,4.136175122976367,0.07920505909938386,3.0000000299700043,9.903125157710994,24.947580599084898,15.044455441373902,0.044863879989435196,28.163520562707575,31.29280031247103,0.5419818957003588,24.40782695031162,3.420862471662276,0.008862803499230193,14.754313642622678,500000.0,982130.9156215335,31.292800312615515,0.32683820571037,18.155856571971146,2.184415821326237,0.007694756572973951,18.3304599223075,500000.0,982130.9156260684,0.1200831123974014,1.3588,False
oa213,ok,,0.2,1.7307163048499965,0.7882202324437731,3.964955651938223,1.7678399999999996,0.445866273216905,0.445866273216905,11.28728065537418,3.649263718465039,0.08020907806820195,3.00000002997,10.660299913777308,24.947580599121487,14.28728068534418,0.04749655981650398,28.163520562707127,31.292800312499732,0.5764986788121504,24.369650262103374,3.1921738247883695,0.008884516920868096,14.962136942696128,500000.0,923327.6589143707,31.292800312615068,0.3301562011647975,17.643437448922228,1.498297450909869,0.007435874747193239,19.2409348623543,500000.0,923327.6589177737,0.125635066427779,1.509023076923077,False
oaf095,ok,,0.2,1.8401473213077213,0.7658700760465953,4.080663761838711,1.7678399999999996,0.4332236379121388,0.4332236379121388,9.24153390260906,2.292972477008603,0.08069842733235918,3.00000002997,12.706046666627735,24.947580599206795,12.24153393257906,0.054609575886256076,28.163520562707138,31.292800312555485,0.593322466602174,24.333101818245925,0.558584111636567,0.007935641635264631,15.432306316290438,500000.0,897146.5020093576,31.292800312615082,0.2911375345180773,17.43077392337533,-2.0375349555912647,0.008146883714627509,18.791237142285627,500000.0,897146.5020110662,0.09476436584553928,1.5822431438127091,False
oaf102,ok,,0.2,1.8088435032665493,0.7874746382070417,3.9687097386599373,1.7678399999999992,0.44544451885184294,0.44544451885184294,9.826739872369638,2.6758255623144014,0.08022493824005582,3.000000029970001,12.12084069685361,24.94758059919325,12.82673990233964,0.052574827713579436,28.163520562707337,31.29280031254009,0.5770445174609117,24.58639760357311,0.9131208552865256,0.008895201404057435,14.961255384289249,500000.0,922454.2636983801,31.292800312615284,0.29668608176556194,17.743995902218092,-1.4620418861404565,0.00884417658600557,17.777930992836005,500000.0,922454.2637005966,0.1016650823239361,1.5113986622073579,False
oaf117,ok,,0.2,1.797217939659645,0.776274552589075,4.025970264227341,1.7678399999999999,0.4391090554513276,0.4391090554513276,10.044072761774101,2.824520623078446,0.08046712895143396,3.00000002997,11.903507807433671,24.947580599177773,13.044072791744101,0.05181916607913115,28.163520562707127,31.29280031253547,0.5853701130627844,24.387505546868812,2.883232244478478,0.00868066733289198,15.093525806873341,500000.0,909334.3913483197,31.292800312615068,0.30606616679756293,17.85995351014116,0.43668956435727957,0.009103055938171933,17.658566369699912,500000.0,909334.3913506328,0.1146310506543495,1.547633110367893,False
oaf128,ok,,0.2,1.7722561971478858,0.7686811073176433,4.065740963122883,1.7678399999999996,0.4348137316259636,0.4348137316259636,10.51071746032338,3.1381607970788408,0.08063533190693571,3.00000002997,11.436863108865532,24.94758059915891,13.51071749029338,0.0501966528158668,28.163520562707127,31.292800312522782,0.5911527137729929,24.50833866325029,3.900880264627315,0.009345387909760342,14.873657037292366,500000.0,900439.3671440772,31.292800312615068,0.3201471692862002,18.042784517920822,1.5094669814705863,0.009459713229858712,17.422353740730212,500000.0,900439.3671467328,0.12780753643290427,1.5728,False
oaf139,failed,Infeasible_Problem_Detected,0.22,,,,,,,,,,,,,,,,,,,,,,,,,,,,,,,,,,
p51droot,failed,Infeasible_Problem_Detected,0.51,,,,,,,,,,,,,,,,,,,,,,,,,,,,,,,,,,
p51dtip,failed,Maximum_Iterations_Exceeded,1.32,,,,,,,,,,,,,,,,,,,,,,,,,,,,,,,,,,
p51hroot,failed,Infeasible_Problem_Detected,0.95,,,,,,,,,,,,,,,,,,,,,,,,,,,,,,,,,,
p51htip,failed,Maximum_Iterations_Exceeded,1.34,,,,,,,,,,,,,,,,,,,,,,,,,,,,,,,,,,
pfcm,ok,,0.2,1.557033907884403,0.8555451774916707,3.6529435824333465,1.7678399999999992,0.48394943970702725,0.48394943970702725,9.946502410386865,2.7148775743970113,0.09516094116477855,3.00000002997,7.413412412216878,20.359914852573745,12.946502440356864,0.036207204013740425,28.163520562707127,31.292800312366218,0.433461440673319,18.896902918770987,2.224789889948311,0.005843812543738706,18.034450096682697,500000.0,1002192.6529040778,31.292800312615068,0.27563030788800524,16.45796376922278,0.7715897987845415,0.005372090649910418,21.655941834873552,500000.0,1002192.6529120475,0.08193,0.8865,False
pmc19sm,ok,,0.2,1.6930356512571172,0.8567571814492032,3.6477759781523478,1.7678399999999763,0.48463502435130706,0.48463502435130706,10.264160368527687,2.915092687662259,0.1062380608602362,3.00000002997,9.955882855175886,23.220043253673573,13.264160398497687,0.045047317332966845,28.163520562707127,31.292800312476455,0.4936540805883358,22.673006918708364,3.9724962277146845,0.008265758325001473,15.478131930747738,500000.0,1003612.4043053151,31.292800312615068,0.2819937428498349,17.5818537377184,2.0234435474862855,0.007727683015802085,18.26650006094155,500000.0,1003612.4043097607,0.09190254798331016,1.1484688963210703,False
prandtl-d-centerline,ok,,0.2,1.6181275388108771,0.8417530053747383,3.712797276212175,1.767839999999644,0.4761477313415851,0.4761477313415851,11.55552212538183,3.8089871311272026,0.07914261754913962,3.0000000299700065,8.555520939886426,23.111043095238262,14.555522155351836,0.040178290023959715,28.163520562707788,31.292800312414656,0.5000947922738569,22.11376937164037,2.394998877087484,0.007951902203385494,15.738276368809258,500000.0,986036.3891259006,31.292800312615732,0.31496375125205234,17.939432764528565,1.3323003600851513,0.007676950291469918,18.390049488561356,500000.0,986036.3891322365,0.12029474853037231,1.1765,False
prandtl-d-wingtip,failed,Infeasible_Problem_Detected,0.39,,,,,,,,,,,,,,,,,,,,,,,,,,,,,,,,,,
psu-90-125wl,ok,,0.21,1.6645036561632847,0.8552053356405562,3.654395190669798,1.7678399999999996,0.4837572040685562,0.4837572040685562,12.19637094615488,4.2178772723993,0.09220799567799387,3.00000002997,9.4224944411324,24.618865417257283,15.19637097612488,0.04319273765186772,28.163520562707127,31.292800312457075,0.5243425390450515,23.332980309748415,1.7581052825574353,0.007197213245719915,15.510417714680486,500000.0,1001794.5593693254,31.292800312615068,0.32365844675465516,18.139445824448224,-0.10436093140966973,0.00723973408734508,18.624550459748814,500000.0,1001794.5593743834,0.12533874145436028,1.2820304347826088,False
psu94097,ok,,0.2,1.8025266965908056,0.7902165301835983,3.9549391163379983,1.7678399999999999,0.44699550309055025,0.44699550309055025,9.94482875760839,2.75360974445004,0.08016671494299951,3.00000002997,12.002751811603083,24.94758059918147,12.94482878757839,0.05216423527965658,28.163520562707127,31.292800312538066,0.5750422893725656,23.63631771340714,0.7694536005743132,0.0065981466769303955,15.898655499567262,500000.0,925666.138496134,31.292800312615068,0.29837859234143793,17.577992622886345,-1.7618788191621353,0.008008937507751557,18.68300544497771,500000.0,925666.1384984117,0.09696090228881422,1.5026846153846152,False
pt40,ok,,0.2,1.7392525179019138,0.7927457223487393,3.9423211976981847,1.7678399999999985,0.44842617111771427,0.44842617111771427,11.127701190064357,3.5413191249991427,0.08011316916359162,3.0000000260460733,10.819879337931626,24.947580554042055,14.127701216110431,0.048051413834893246,28.163520489042355,31.29280025709037,0.5732076636842381,24.630320052796584,2.0600838405184674,0.010308101768768415,14.407686519319107,500000.0,928628.8533411726,31.29280027169554,0.3246048883252228,18.716845277811636,-0.2575521540255638,0.011299535883971526,15.641762021395653,500000.0,928628.853774588,0.11594382142857143,1.4947,False
r1046,ok,,0.2,1.6755868430102785,0.7353384482860705,4.250095004394726,1.7678399999999994,0.41595305473689403,0.41595305473689403,12.317892644447527,4.3537569856455764,0.08141500339700856,3.00000002997,9.629687924638342,24.94758059905587,15.317892674417527,0.043913144796922314,28.163520562707127,31.292800312464802,0.6179575183043895,24.36203964401444,0.037538352039043744,0.011222074010100908,14.37108866120732,500000.0,861381.5022990779,31.292800312615068,0.3794278529359019,19.29192499236229,-2.3481244463141575,0.012841484561357622,15.286087802387101,500000.0,861381.5023032143,0.18096099999999998,1.6894591973244146,False
r1080,failed,Infeasible_Problem_Detected,1.31,,,,,,,,,,,,,,,,,,,,,,,,,,,,,,,,,,
r1082,failed,Infeasible_Problem_Detected,1.14,,,,,,,,,,,,,,,,,,,,,,,,,,,,,,,,,,
r1082t,failed,Maximum_Iterations_Exceeded,1.3,,,,,,,,,,,,,,,,,,,,,,,,,,,,,,,,,,
r1145ms,failed,airfoil 'r1145ms' not found in the aerosandbox UIUC database,0.0,,,,,,,,,,,,,,,,,,,,,,,,,,,,,,,,,,
r1145msf,failed,airfoil 'r1145msf' not found in the aerosandbox UIUC database,0.0,,,,,,,,,,,,,,,,,,,,,,,,,,,,,,,,,,
r1145msm,failed,airfoil 'r1145msm' not found in the aerosandbox UIUC database,0.0,,,,,,,,,,,,,,,,,,,,,,,,,,,,,,,,,,
r140,failed,Infeasible_Problem_Detected,0.57,,,,,,,,,,,,,,,,,,,,,,,,,,,,,,,,,,
r140sm,failed,too few converged polar points,0.01,,,,,,,,,,,,,,,,,,,,,,,,,,,,,,,,,,
rae100,ok,,0.21,1.6522052706915593,0.8567571631544143,3.6477760560399446,1.7678399999986936,0.4846350140029909,0.4846350140029909,10.763534014547071,3.2480086330422524,0.10623788731942677,3.00000002997,9.192583553355856,22.956117597872925,13.76353404451707,0.04239334259620557,28.163520562707127,31.292800312448197,0.4880430774750847,22.46965588049147,3.8501190394685962,0.008413766166475985,15.489700972734497,500000.0,1003612.382874471,31.292800312615068,0.29261034594815927,17.504665655412747,2.4493165825825285,0.0070143055292072815,19.105069602310397,500000.0,1003612.3828798227,0.099956,1.1240488294314381,False
rae101,failed,Infeasible_Problem_Detected,0.29,,,,,,,,,,,,,,,,,,,,,,,,,,,,,,,,,,
rae102,failed,Infeasible_Problem_Detected,0.89,,,,,,,,,,,,,,,,,,,,,,,,,,,,,,,,,,
rae103,failed,Infeasible_Problem_Detected,1.27,,,,,,,,,,,,,,,,,,,,,,,,,,,,,,,,,,
rae104,failed,Infeasible_Problem_Detected,0.44,,,,,,,,,,,,,,,,,,,,,,,,,,,,,,,,,,
rae2822,failed,Infeasible_Problem_Detected,0.61,,,,,,,,,,,,,,,,,,,,,,,,,,,,,,,,,,
rae5212,ok,,0.2,1.730418547687433,0.8164737647176766,3.8277509953803133,1.7678399999999996,0.4618482242271228,0.4618482242271228,11.292847045674392,3.6430743412035267,0.0796287944519836,3.0000000299700007,10.654733523478209,24.947580599122603,14.292847075644392,0.047477205600937177,28.163520562707205,31.29280031249899,0.5565493249792243,24.603668285056028,2.671675685133096,0.009003943176179438,14.792381872591521,500000.0,956424.0788446569,31.292800312615142,0.31885554434090546,17.841691436991084,0.22904028524861372,0.007489865386930911,18.885189721475378,500000.0,956424.0788482071,0.11938871611683127,1.4222,False
rae5213,ok,,0.2,1.7808964086709191,0.8268920377743232,3.7795239557657334,1.7678399999999994,0.4677414459308102,0.4677414459308102,10.349193924872093,3.010218457862941,0.07942482639923978,3.0000000299700007,11.598386644325323,24.947580599167416,13.349193954842093,0.050758266564863784,28.163520562707205,31.292800312526687,0.5495371848542269,25.730891368446123,3.1062670873737,0.010758297559310157,14.084264763107706,500000.0,968628.1295351295,31.29280031261515,0.29405169919443147,17.431663309906615,0.5219015797644154,0.007013664118469953,19.467232264587818,500000.0,968628.1295378677,0.09948527272727273,1.391681939799331,False
rae5214,ok,,0.2,1.7862005223076651,0.8254734864278055,3.7860189539513796,1.7678399999999996,0.4669390252668826,0.4669390252668826,10.25003672428948,2.944628029035699,0.07945229607019957,3.00000002997,11.697543844910134,24.947580599169612,13.25003675425948,0.051103033951252444,28.163520562707127,31.29280031252997,0.5504815479698415,25.7218176365252,3.167768091533733,0.010759124427034123,14.090631776548603,500000.0,966966.4268283994,31.292800312615068,0.2923690621664999,17.304287046156343,0.5358902532059786,0.0068822513967623416,19.664997042390443,500000.0,966966.4268310289,0.09666158441558442,1.3957919732441473,False
rae5215,ok,,0.2,1.7917395289857756,0.8062396641544883,3.8763390149968466,1.7678399999999994,0.45605918191379796,0.45605918191379796,10.14648834018761,2.8824686561601442,0.07983428377887876,3.000000029970001,11.801092229021018,24.94758059917863,13.146488370157611,0.05146306938532925,28.163520562707294,31.2928003125316,0.5636139510618691,25.900545901093736,3.0751419418839254,0.011253512970127735,14.00738539766802,500000.0,944435.7693286351,31.292800312615242,0.29700452207766215,17.381075426571567,0.5185859493342412,0.007122368272259681,19.577363037924098,500000.0,944435.7693311594,0.09647792207792208,1.4529464882943144,False
rae69ck,failed,Infeasible_Problem_Detected,0.61,,,,,,,,,,,,,,,,,,,,,,,,,,,,,,,,,,
raf15,ok,,0.2,1.8345762329651951,0.8529484210684585,3.664064776255816,1.7678399999999868,0.4824805531430813,0.4824805531430813,9.345681979122034,2.331580568973617,0.0789365090792278,3.0000000279941332,12.601898574097616,24.947580581213785,12.345682007116167,0.05424745522960877,28.16352052561063,31.29280028784588,0.5327495916306244,24.937982946764766,2.3735399296159105,0.008546125100655548,14.822336007662962,500000.0,999150.7903034778,31.292800292006866,0.2636390741188678,17.504133277693498,0.6104749225315775,0.007652478296253543,18.357254002011278,500000.0,999150.7904363344,0.0649,1.318619397993311,False
raf19,failed,Maximum_Iterations_Exceeded,1.29,,,,,,,,,,,,,,,,,,,,,,,,,,,,,,,,,,
raf25,ok,,0.2,1.5116501116816141,0.8555710755030645,3.6528330083636362,1.7678399999996524,0.4839640892293606,0.4839640892293606,9.07949342899698,2.1366336351500714,0.09538864908729415,3.00000002997,6.564989755467213,18.644483214434192,12.07949345896698,0.03325725726055913,28.163520562707127,31.29280031231633,0.39692798238450155,17.435834805477516,2.0330352884082106,0.005843931974418463,18.813048845913297,500000.0,1002222.9900460872,31.292800312615068,0.25716395094769284,15.796308299747388,0.6033738542944936,0.004994516031266156,22.56273512398777,500000.0,1002222.9900556549,0.06475189438134218,0.7275,False
raf26,ok,,0.2,1.5740772224225075,0.8567571752713212,3.647776004451223,1.7678399999989072,0.48463502085700677,0.48463502085700677,9.217937271791797,2.2176106845451735,0.10623800241374387,3.00000002997,7.73202688280077,19.949964184562567,12.217937301761797,0.03731501945871721,28.163520562707127,31.292800312382898,0.42413277144908473,18.444530316547127,0.7802817824034526,0.005204692364397357,18.728680877487232,500000.0,1003612.3970660998,31.292800312615068,0.2597512236696572,16.207736681277172,-0.36100880391045154,0.004994897287516482,22.515291838478817,500000.0,1003612.3970735458,0.06618725891024634,0.8459,False
raf27,failed,Infeasible_Problem_Detected,0.94,,,,,,,,,,,,,,,,,,,,,,,,,,,,,,,,,,
raf28,ok,,0.2,1.6259066346360034,0.8560818547203826,3.650653554175172,1.7678399999999541,0.48425301764888495,0.48425301764888495,10.841992290530884,3.3068607641873364,0.09995865936960699,3.00000002997,8.700946437512817,22.5429387580137,13.841992320500884,0.040683931252594445,28.163520562707127,31.292800312428035,0.4796370238895183,21.22443000947557,1.6055615018350164,0.006587695950318152,16.610662588443155,500000.0,1002821.3210229136,31.292800312615068,0.29451049273098373,17.238144716041464,0.3321016603303153,0.006154847974426466,20.230246783903656,500000.0,1002821.3210289072,0.09820000000000001,1.087464214046823,False
raf30,failed,Maximum_Iterations_Exceeded,1.31,,,,,,,,,,,,,,,,,,,,,,,,,,,,,,,,,,
raf30md,failed,Infeasible_Problem_Detected,0.25,,,,,,,,,,,,,,,,,,,,,,,,,,,,,,,,,,
raf31,failed,Maximum_Iterations_Exceeded,1.27,,,,,,,,,,,,,,,,,,,,,,,,,,,,,,,,,,
raf32,failed,airfoil 'raf32' not found in the aerosandbox UIUC database,0.0,,,,,,,,,,,,,,,,,,,,,,,,,,,,,,,,,,
raf32md,ok,,0.2,1.7585070533491767,0.8408373876395215,3.7168402732108765,1.7678399999999996,0.47562980113557884,0.47562980113557884,10.767749398709286,3.284144347254086,0.07915971651708774,3.0000000299700007,11.17983117047062,24.94758059914991,13.767749428679288,0.049302958468950414,28.16352056270725,31.292800312514686,0.5404230702592342,23.6432014105155,0.30723710334093224,0.006701994653147431,15.667696479417264,500000.0,984963.826988071,31.2928003126152,0.2982417227669816,17.850528442402037,-1.9327875000425303,0.007832946599845597,18.30057875347341,500000.0,984963.8269912347,0.1016,1.3520157190635451,False
raf33,ok,,0.19,1.7000354894978074,0.8280219064480792,3.7743666456920804,1.7678399999999994,0.46838056976201436,0.46838056976201436,11.860839809044068,4.017571827252853,0.07940298975670262,3.00000002500136,10.086740700821755,24.947580534867186,14.860839834045429,0.04550230703390887,28.16352046942211,31.292800238420114,0.5487873207919262,24.525673464034423,1.6945482646425132,0.009899788076907133,14.396029837956661,500000.0,969951.6646893066,31.292800260792596,0.32690306196898017,18.81416008402057,0.6159703636664663,0.010428700010819346,15.991297768594347,500000.0,969951.6653827641,0.12637712465826834,1.3884183946488295,False
raf34,failed,Maximum_Iterations_Exceeded,1.22,,,,,,,,,,,,,,,,,,,,,,,,,,,,,,,,,,
raf38,failed,airfoil 'raf38' not found in the aerosandbox UIUC database,0.0,,,,,,,,,,,,,,,,,,,,,,,,,,,,,,,,,,
raf48,failed,Maximum_Iterations_Exceeded,1.26,,,,,,,,,,,,,,,,,,,,,,,,,,,,,,,,,,
raf69,failed,airfoil 'raf69' not found in the aerosandbox UIUC database,0.0,,,,,,,,,,,,,,,,,,,,,,,,,,,,,,,,,,
raf6,failed,airfoil 'raf6' not found in the aerosandbox UIUC database,0.0,,,,,,,,,,,,,,,,,,,,,,,,,,,,,,,,,,
raf6prop_sm,failed,airfoil 'raf6prop_sm' not found in the aerosandbox UIUC database,0.0,,,,,,,,,,,,,,,,,,,,,,,,,,,,,,,,,,
raf89,failed,airfoil 'raf89' not found in the aerosandbox UIUC database,0.0,,,,,,,,,,,,,,,,,,,,,,,,,,,,,,,,,,
rc0864c,failed,too few converged polar points,0.01,,,,,,,,,,,,,,,,,,,,,,,,,,,,,,,,,,
rc08b3,ok,,0.21,1.6268402955126686,0.8567570721450034,3.6477764435064,1.7678399999937937,0.48463496252376415,0.48463496252376415,10.306226757575434,2.9431380304605073,0.10623702352297316,3.00000002997,8.7184006636411,22.024627451186532,13.306226787545434,0.04074461920957767,28.163520562707127,31.29280031242878,0.4682398082947375,20.97915723553302,2.916768922280236,0.007017909098386414,16.559854530701813,500000.0,1003612.276267458,31.292800312615068,0.2828881030479806,17.14117185214991,1.1042340408760325,0.006465730116260002,19.886987541289674,500000.0,1003612.2762734325,0.07999618239660658,1.0378615384615386,False
rc08n1,ok,,0.2,1.6536083710151748,0.8567571808664621,3.6477759806306196,1.7678399999992884,0.48463502402186115,0.48463502402186115,9.841818174397556,2.6335312308362293,0.10623805542557434,3.00000002997,9.218813666388478,22.060631870756033,12.841818204367556,0.042484544117240564,28.16352056270713,31.292800312449195,0.46900519657911716,20.754751651827053,3.2837608423948126,0.00650897722867235,16.848737032621514,500000.0,1003612.4036222037,31.29280031261507,0.2730148214516583,16.901830914435063,1.639274066217003,0.006534004895707101,19.839891990145794,500000.0,1003612.4036275236,0.08015168854923553,1.0411926421404682,False
rc1064c,ok,,0.2,1.6499988717314156,0.856000408867425,3.6510009028311368,1.7678399999996581,0.48420694682074766,0.48420694682074766,11.352809863825406,3.6481769343693577,0.09921977218029418,3.00000002997,9.151336257531367,23.504146151326772,14.352809893795406,0.042249926663796226,28.163520562707127,31.292800312446563,0.5001358281469344,22.886933377626722,3.4963180737341415,0.008297400467273503,15.375351561458574,500000.0,1002725.9146820918,31.292800312615068,0.3054080082796147,17.43351409199333,1.7497811582446356,0.006383269218466882,19.80743210259015,500000.0,1002725.9146874913,0.09999859093781616,1.176678595317726,False
rc10b3,ok,,0.2,1.6721645391628348,0.8564370043043834,3.6491396914107006,1.7678400000000007,0.4844539122909217,0.4844539122909217,11.439335768414619,3.701681173341415,0.1032266412733771,3.00000002997,9.565710021391144,24.005045819775763,14.439335798384619,0.04369069504683849,28.163520562707127,31.292800312462443,0.5105338892751293,22.948261306106946,2.5089314346514904,0.007685656284711106,15.495341815324096,500000.0,1003237.3461657738,31.292800312615068,0.3070925304193341,17.94526344214273,0.7396066622421331,0.007767020309938022,18.163397006826475,500000.0,1003237.3461706669,0.09972366130308626,1.2219327759197325,False
rc10n1,ok,,0.2,1.6665847308936317,0.8567571804053687,3.6477759825961904,1.7678399999998686,0.484635023760879,0.484635023760879,10.876654464940374,3.323422095599204,0.10623805099402142,3.00000002997,9.461398876180676,23.33805337109105,13.876654494910374,0.04332800750934027,28.163520562707127,31.292800312458546,0.49616295576243,22.14214902498811,3.3176049387321256,0.006971356445833173,16.088281761451555,500000.0,1003612.4030820456,31.292800312615068,0.2950152611591744,17.564549539437035,1.5296305589337142,0.006981882847720525,19.131437014543696,500000.0,1003612.4030870654,0.100100048977105,1.1593879598662207,False
rc1264c,failed,Maximum_Iterations_Exceeded,1.26,,,,,,,,,,,,,,,,,,,,,,,,,,,,,,,,,,
rc12b3,failed,Maximum_Iterations_Exceeded,1.28,,,,,,,,,,,,,,,,,,,,,,,,,,,,,,,,,,
rc12n1,ok,,0.2,1.635204466225889,0.8548894887221927,3.655745341156683,1.7678399999999928,0.4835785414529574,0.4835785414529574,11.867248984628361,4.001274359824027,0.08952112556237318,3.00000002997,8.87476378289868,23.74201279749704,14.867249014598361,0.04128829030593701,28.163520562707127,31.292800312435354,0.5058538011904504,22.636069989239502,3.3852305565670098,0.007627670237719829,15.62061031283881,500000.0,1001424.5736924186,31.292800312615068,0.3167656631027504,18.036346380247366,2.1006730007934022,0.007420004920690556,18.494548146167144,500000.0,1001424.5736981699,0.12019302658056448,1.2015642140468228,False
rc410,ok,,0.2,1.7894967160741317,0.783108716603432,3.9908357541404262,1.7678399999999996,0.44297488268363205,0.44297488268363205,10.188416372834185,2.918434756446125,0.0803185335573069,3.00000002997,11.759164196367992,24.947580599172177,13.188416402804185,0.05131728654607279,28.163520562707127,31.29280031253163,0.58026160733817,25.015554765320523,3.6639158471709456,0.009910295091528317,14.597854182879395,500000.0,917339.9872467754,31.292800312615068,0.30675245920838357,17.607342251085527,1.4421275470437391,0.00817740455910156,18.572465669422368,500000.0,917339.9872492213,0.0997972300521294,1.5254,False
rc510,ok,,0.2,1.7717867477071916,0.8198276151524821,3.8120919664540978,1.7678399999999996,0.4637453701423671,0.4637453701423671,10.519493534054192,3.126302952100706,0.07956256741643924,3.00000002997,11.428087035134201,24.947580599158393,13.519493564024192,0.050166138602221674,28.163520562707127,31.292800312522537,0.5542725253678302,24.20103745959588,3.313743816758695,0.007663327584026945,15.325640760881159,500000.0,960352.8068110612,31.292800312615068,0.30036916043210593,17.42493002164096,1.0546781899636573,0.006881113639400015,19.69416666236831,500000.0,960352.8068139008,0.09961103962133702,1.4122909698996655,False
rcsc2,failed,Maximum_Iterations_Exceeded,1.31,,,,,,,,,,,,,,,,,,,,,,,,,,,,,,,,,,
rg12,ok,,0.21,1.6386401481937503,0.8566746126206669,3.6481275615551763,1.767839999996057,0.4845883182994941,0.4845883182994941,10.630098660620678,3.1598668202453437,0.10545548546382366,3.000000028792182,8.938991805222686,22.569090494635546,13.630098689412861,0.04151160968488675,28.1635205405928,31.292800293200663,0.4798611847274891,21.38906371007142,2.787700315682038,0.006783027894884425,16.486185773931673,500000.0,1003515.6818849861,31.292800300329333,0.2898014567137172,17.11920985794591,0.8437445600566882,0.006048838843683281,20.421522484782514,500000.0,1003515.6821135925,0.09256916920234055,1.0884397993311037,False
rg12a189,ok,,0.2,1.7048408301574014,0.856757181457539,3.6477759781169397,1.7678399999999963,0.4846350243560168,0.4846350243560168,10.488433137520284,3.064607866903421,0.10623806093736587,3.00000002997,10.176573544011843,23.665006711502127,13.488433167490284,0.04581465396148531,28.163520562707127,31.292800312484026,0.5031139262979762,22.602438144951627,2.478640110682444,0.006776937058180587,16.06414489903518,500000.0,1003612.4043153111,31.292800312615068,0.28676174290492196,17.128704831323983,0.2745157541689782,0.005905978656853526,20.661585082957387,500000.0,1003612.4043195138,0.0898716617507608,1.1896397993311036,False
rg12a,ok,,0.2,1.704788111146457,0.8567571814528834,3.6477759781367203,1.767839999999986,0.4846350243533861,0.4846350243533861,10.488410208203613,3.0645925807407157,0.10623806089430403,3.00000002997,10.175587993946206,23.663998232119816,13.488410238173612,0.045811227225773916,28.163520562707127,31.292800312483987,0.5030924862044518,22.593859649648234,2.4312637594761504,0.006816276438272954,16.044378774297307,500000.0,1003612.4043098621,31.292800312615068,0.2867612554331881,17.086899333800833,0.27470242662066663,0.00590381000946742,20.664819282581032,500000.0,1003612.404314066,0.0898716617507608,1.1895464882943143,False
rg1410,ok,,0.2,1.7203790475228926,0.8567571813768297,3.6477759784602672,1.7678399999999224,0.4846350243103829,0.4846350243103829,11.059655887097714,3.4454230340979484,0.10623806018838947,3.00000002997,10.467051132080465,24.52670704914818,14.059655917067714,0.04682463809024224,28.163520562707127,31.2928003124936,0.521433525637347,23.784143354862092,3.00226178998624,0.0076650482919066705,15.324116481228721,500000.0,1003612.4042211167,31.292800312615068,0.2989058392280999,17.420379991493114,1.115068680768751,0.006306690791508086,19.967936018531628,500000.0,1003612.4042250124,0.0999996633941094,1.2693698996655518,False
rg1495,ok,,0.2,1.7244001976992047,0.8567571793313278,3.647775987145213,1.767839999994084,0.48463502315492063,0.48463502315492063,10.790251196247453,3.2658199274711017,0.10623804188151853,3.0000000299363108,10.542224106391847,24.332475332575612,13.790251226183765,0.04708601285315986,28.16352056207569,31.292800311998153,0.5173041943749056,23.419404455851325,2.6786377507160974,0.007158191268536103,15.626517379434953,500000.0,1003612.4018124236,31.292800312264877,0.2931783430642916,17.306294105960763,1.0370090827824225,0.006120301394118845,20.283397377599616,500000.0,1003612.4018209778,0.09499967942296134,1.2513983277591973,False
rg149,ok,,0.2,1.7266742046703414,0.8567571731621657,3.6477760133885315,1.767839999988549,0.48463501966677713,0.48463501966677713,10.520846436191439,3.086216791457871,0.10623799974730415,3.0000000288570967,10.584735314395614,24.10558177944415,13.520846465048535,0.047233823353051395,28.163520541811966,31.29280029651841,0.5124804810803921,23.198625567882655,2.6702285253123734,0.007039362591268737,15.766785918159401,500000.0,1003612.3940924975,31.292800301006842,0.287450846961742,17.172104742012415,0.9301571796973035,0.005937322401652574,20.607731225666516,500000.0,1003612.394236449,0.08999969545181327,1.2304046822742474,False
rg14,ok,,0.2,1.6602691288217821,0.8567571811362781,3.6477759794837286,1.767839999999747,0.48463502417436005,0.48463502417436005,10.228276617858974,2.89117019035411,0.10623805794124053,3.00000002997,9.343332510272683,22.57160915810166,13.228276647828974,0.04291749337467006,28.163520562707127,31.292800312454055,0.4798684846833237,21.330660942361238,2.2004714127718374,0.006458242800724389,16.670834477195676,500000.0,1003612.4039381638,31.292800312615068,0.2812308606548842,16.875959163488716,0.7918166859390575,0.005730154487662264,20.98962386268455,500000.0,1003612.4039433277,0.08466553957988404,1.0884715719063545,False
rg14a147,ok,,0.2,1.6439432328815116,0.8567571814020722,3.647775978352734,1.767839999999908,0.4846350243246656,0.4846350243246656,9.435321387380187,2.3625333673778637,0.10623806042255712,3.00000002997,9.038129747031567,21.473451164381753,12.435321417350186,0.04185631013855246,28.16352056270713,31.292800312442015,0.45652183660507495,20.17674312027171,2.235865025988186,0.005903148882649404,17.484436633154935,500000.0,1003612.4042490397,31.29280031261507,0.26437277029676515,16.43533001374622,0.5498265773786362,0.00519890486818271,22.076097091357507,500000.0,1003612.4042545899,0.06995851509375645,0.9868628762541806,False
rg15,ok,,0.19,1.7205180155794173,0.8567571813335708,3.6477759786427093,1.767839999999501,0.48463502428602856,0.48463502428602856,10.364048368797334,2.9816846891107196,0.10623805978948135,3.00000002997,10.469649055956141,23.833697454723477,13.364048398767334,0.046833671013916285,28.163520562707152,31.292800312493444,0.5067002622286104,22.5268879972337,2.2948804368133215,0.006307482261946109,16.240008402305424,500000.0,1003612.4041706771,31.292800312615093,0.2841173443985796,16.93204065986155,0.14478729504513135,0.005707635422796708,20.99244245300259,500000.0,1003612.4041745786,0.08918106043107019,1.205248160535117,False
rg15a111,ok,,0.2,1.7281797381833175,0.8512146015152373,3.671528025995735,1.7678399999999959,0.48149979721877506,0.48149979721877506,11.334699849258888,3.658243623309768,0.07896798845417097,3.0000000172538557,10.612880582639612,24.947580449152355,14.334699866512743,0.047331683534146234,28.163520323977362,31.29280013009516,0.5338347396396491,23.94474644642672,2.5951505450257146,0.007201482740318824,15.404925115485979,500000.0,997119.7748030227,31.29280018000103,0.3067375917341277,17.621318023699047,0.33611174069512423,0.00653000541124394,19.67088609116696,500000.0,997119.7763932331,0.10989988863908418,1.3233421404682275,False
rg15a213,ok,,0.19,1.6981436164784733,0.821478487654447,3.8044310503169636,1.7678399999999996,0.4646792060675441,0.4646792060675441,11.89620738950063,4.0435182299289485,0.07953016682955251,3.00000002997,10.051373179615183,24.94758059908581,14.89620741947063,0.04537933507235493,28.163520562707152,31.292800312479542,0.5531586395089135,23.975449845725493,1.7714621382471072,0.007847304072770038,15.241448878326148,500000.0,962286.6524275818,31.292800312615093,0.3302911798279726,17.931368092443,-0.3742464473860113,0.007146412668645998,19.105075166318073,500000.0,962286.6524317502,0.12988422017993126,1.407443143812709,False
rg8,ok,,0.19,1.7250571992612973,0.8567571813331292,3.647775978646172,1.7678399999998842,0.4846350242856737,0.4846350242856737,11.258666606939338,3.57809684776326,0.10623805978142689,3.00000002997,10.55450635307698,24.813172989986317,14.258666636909338,0.04712871795323854,28.163520562707127,31.29280031249639,0.5275237417378442,23.686746193453807,1.3727897402776603,0.006875020576773677,15.581231028836585,500000.0,1003612.4041700367,31.292800312615068,0.303136772530971,17.619575410095212,-0.6892358098668321,0.006496648346761425,19.676262022658335,500000.0,1003612.404173843,0.10793665367692677,1.295875585284281,False
rhodesg30,ok,,0.2,1.757227013701117,0.8531013779673273,3.6634078273868314,1.7678399999999996,0.4825670750561858,0.4825670750561858,10.791678966741431,3.2955210663750822,0.0789337332740396,3.00000002997,11.155901602434689,24.94758059914612,13.79167899671143,0.04921975589182682,28.163520562707127,31.29280031251474,0.5326540717816752,25.11605161189886,0.48463204297413415,0.010234323476303266,14.156679354621987,500000.0,999329.9660596608,31.292800312615068,0.2944651865162622,18.547635220516923,-1.9489910851684584,0.010086967041540393,15.953068534656383,500000.0,999329.9660628648,0.0974,1.318203678929766,False
rhodesg32,ok,,0.19,1.718866191246939,0.8243259645944131,3.791289368323726,1.7678399999999996,0.4662899157131942,0.4662899157131942,11.508811371323995,3.784226472471441,0.07947458638751581,3.00000002997,10.438769197814993,24.94758059910899,14.508811401293995,0.04672630243230526,28.163520562707127,31.292800312492687,0.5512478584129009,24.667899732970422,-0.2874196424455236,0.010161013210070265,14.31496686697409,500000.0,965622.2103197693,31.292800312615068,0.32059025448355843,18.993995034457942,-2.3418858308667967,0.011201745859839646,15.42070501205229,500000.0,965622.2103235456,0.119,1.3991270903010034,False
rhodesg34,ok,,0.2,1.6893630480570274,0.7948720865171426,3.9317750850879802,1.7678399999999996,0.4496289746340974,0.4496289746340974,12.060354812384537,4.162352546491699,0.08006874663242969,3.00000002997,9.88722575671977,24.947580599074307,15.060354842354537,0.044808598124961005,28.16352056270713,31.292800312474036,0.57167427353977,24.79263085867142,-0.9127723385177882,0.010990394277341841,14.154455910482156,500000.0,931119.6954488296,31.29280031261507,0.3451083113845528,19.00908187468992,-3.0837506801989876,0.011153759347695039,15.781992748140297,500000.0,931119.6954530261,0.1407,1.488026421404682,False
rhodesg36,ok,,0.2,1.7022447631898252,0.7285550756655192,4.2896664507417555,1.7678399999999996,0.412115958268576,0.412115958268576,11.819538928960121,4.023649307351972,0.08158237536857943,3.00000002997,10.128041640160317,24.947580599090436,14.81953895893012,0.04564590960859286,28.163520562707127,31.292800312482385,0.6237111479893108,25.25941102872321,-0.3771656458026239,0.01292795914246703,13.859690237318732,500000.0,853435.4038571818,31.292800312615068,0.37050132456552676,18.895698149245465,-3.6978352313331215,0.012025822788914665,15.871600679940459,500000.0,853435.4038608003,0.1617045165585831,1.7145,False
s1010,ok,,0.19,1.609263217904392,0.8567571813031402,3.6477759787735877,1.7678399999998196,0.48463502426872773,0.48463502426872773,9.016816851153063,2.0835303442219004,0.10623805950497617,3.00000002997,8.38980781487027,20.406624695993333,12.016816881123063,0.0396021091650397,28.163520562707127,31.292800312414375,0.4338412915045618,20.56190444754441,3.713515810922443,0.008961764483084373,15.94368461268785,500000.0,1003612.4041323137,31.292800312615068,0.25547543668188866,16.82675870349888,1.8143125596986882,0.006924503659726871,19.2772831766862,500000.0,1003612.4041387502,0.06019133754977747,0.888153177257525,False
s1012,failed,Infeasible_Problem_Detected,1.21,,,,,,,,,,,,,,,,,,,,,,,,,,,,,,,,,,
s1014,failed,Infeasible_Problem_Detected,1.28,,,,,,,,,,,,,,,,,,,,,,,,,,,,,,,,,,
s1016,failed,Infeasible_Problem_Detected,0.7,,,,,,,,,,,,,,,,,,,,,,,,,,,,,,,,,,
s1020,ok,,0.2,1.6644059843363381,0.8012947914889799,3.9002603021948863,1.7678399999999992,0.45326205510056355,0.45326205510056355,12.42066979730488,4.400325994934368,0.07993546046016867,3.00000002997,9.420668525324542,24.841338352599422,15.42066982727488,0.0431863889831162,28.163520562707127,31.292800312456993,0.5646770415904289,23.765983638924382,-1.1500833525361385,0.008443465315729455,15.115342759961273,500000.0,938643.3048425528,31.292800312615068,0.35053257170458424,18.491955271705795,-3.1365536325552634,0.008684247348864823,17.68005336378818,500000.0,938643.3048472942,0.15093519775497663,1.4575732441471572,False
s102b,ok,,0.2,1.7063038203586802,0.7729170097686522,4.0434590338947825,1.7678399999999996,0.4372098208936625,0.4372098208936625,11.743657306996768,3.958705414176007,0.08054107104452828,3.0000000299700007,10.203923262132045,24.947580599098814,14.74365733696677,0.04590974832456831,28.163520562707184,31.292800312484687,0.587912954267684,24.298323279716104,1.996775804556979,0.009597260046142498,14.760475697815545,500000.0,905401.3380903035,31.29280031261512,0.3474480063179711,18.51516720513918,-0.07525761936738429,0.009921724955496699,16.964404005937833,500000.0,905401.3380940774,0.1498357687078881,1.5587,False
s102s,ok,,0.19,1.6795664335894913,0.8032748793217623,3.890646086478867,1.7678399999999996,0.4543821156449467,0.4543821156449467,12.243496602376506,4.281516740088889,0.07989479789021688,3.000000029970001,9.704083966717231,24.94758059906374,15.243496632346508,0.04417181818457084,28.163520562707262,31.29280031246671,0.5656941780631859,24.3221774892586,1.8495920663623846,0.00959837227407265,14.62167240237385,500000.0,940962.7960051269,31.292800312615206,0.345651044754443,18.766097291556306,-0.10711359311060038,0.00985237111911196,16.687503658987804,500000.0,940962.7960095921,0.1498357687078881,1.462,False
s1046,failed,Infeasible_Problem_Detected,0.67,,,,,,,,,,,,,,,,,,,,,,,,,,,,,,,,,,
s1048,failed,Infeasible_Problem_Detected,0.99,,,,,,,,,,,,,,,,,,,,,,,,,,,,,,,,,,
s1091,failed,too few converged polar points,0.01,,,,,,,,,,,,,,,,,,,,,,,,,,,,,,,,,,
s1210,ok,,0.2,1.8824790538533454,0.6450715571020655,4.8448241612759695,1.7678399999999996,0.36489249994460227,0.36489249994460227,8.45016773240739,1.8026977779212636,0.07343605097437893,3.00000002997,13.497412836850572,24.947580599227962,11.45016776237739,0.05736113850172168,28.163520562707127,31.292800312573394,0.7044302567889281,23.880228705873577,-3.046566452804305,0.01036418855226068,15.120112637156275,500000.0,755642.1240369359,31.292800312615068,0.32331169690081785,19.11742672267445,-5.049261781142991,0.018483052990742117,12.380830331942194,500000.0,755642.1240379422,0.11996494893942536,2.065803678929766,False
s1221-4deg-flap,failed,airfoil 's1221-4deg-flap' not found in the aerosandbox UIUC database,0.0,,,,,,,,,,,,,,,,,,,,,,,,,,,,,,,,,,
s1221,ok,,0.2,1.8848300008481784,0.655771428339831,4.765773759786986,1.7678399999999996,0.370945011052941,0.370945011052941,8.406218198387203,1.7701897184008657,0.07473981840259185,3.00000002997,13.541362370871948,24.94758059922915,11.406218228357202,0.057513950056385814,28.163520562707127,31.292800312574336,0.6929364455036231,24.898079111812457,-0.032903084535473776,0.01079600836715145,14.924417277503041,500000.0,768176.0411505103,31.292800312615068,0.31681566412175927,17.80344743753265,-3.1326348910452446,0.011692955881934869,16.55100674479686,500000.0,768176.0411515103,0.12131975080562682,2.015780602006689,False
s1223,ok,,0.2,1.8433015252686056,0.590354929206537,5.293863252400524,1.7678399999999996,0.3339413799928371,0.3339413799928371,7.937953254924396,1.4773190231803577,0.06320509058956739,3.000000029968165,14.009627314266739,24.9475805991593,10.937953284892561,0.059142096874956945,26.28848100361032,31.29280031258407,0.7697198755091703,25.75406325468558,-2.2179325898880107,0.0222303794936011,12.452472609929384,500000.0,691546.6163870431,29.20942304556053,0.3873318684823495,22.823684870083152,-3.0025985716625803,0.04729691090202275,6.757360508612712,500000.0,645505.5946415897,0.12140038664098121,2.3499555183946486,False
s1223rtl,ok,,0.21,1.8387483607427595,0.5862520759188997,5.3309120666249665,1.7678399999999996,0.3316205515877567,0.3316205515877567,8.157748627303812,1.6249907491162998,0.06209306152041014,3.000000029968655,13.7898319418779,24.947580599150363,11.157748657272467,0.058377873241862034,26.491374445560187,31.292800312579573,0.7751067182198066,23.598422997649582,-2.4329522679320568,0.016064509310391745,13.860061537611791,500000.0,686740.5003231529,29.434860201025813,0.39180912249949595,22.648881709455907,-3.70525759151846,0.04578472963151704,7.000392623990072,500000.0,645966.8172703783,0.13502623438621442,2.3734,False
s2027,ok,,0.19,1.6185502687701985,0.7787116330668772,4.013370460758988,1.7678399999999992,0.44048761939252284,0.44048761939252284,11.563424807416997,3.836599250116911,0.08041384060596429,3.00000002997,8.563423621131378,23.126848458518374,14.563424837386997,0.04020576747131713,28.163520562707127,31.292800312422088,0.5409501584504826,22.178250770315433,2.1790092391211817,0.008243970389038202,15.895485105197807,500000.0,912189.207447846,31.292800312615068,0.3406468022393803,18.104703370475853,0.3685636213444221,0.007964012247271578,18.727104905493544,500000.0,912189.2074534714,0.1450066757695081,1.3543096989966557,False
s2046,ok,,0.2,1.8283930324445778,0.7955214045486672,3.928565903733401,1.7678399999999996,0.4499962692034728,0.4499962692034728,9.461273232931493,2.4294063495600446,0.0800551739745539,3.00000002997,12.486307336296901,24.947580599198396,12.461273262901493,0.05384554711015178,28.163520562707127,31.292800312550245,0.5712076633243838,23.881826212219085,1.7415825827150684,0.006453824965088463,15.94317388137381,500000.0,931880.3119301752,31.292800312615068,0.28531723764619493,17.011055127668982,-0.9043010099014465,0.006363809631341467,20.837400362379352,500000.0,931880.3119321056,0.090138260536275,1.485995652173913,False
s2048,ok,,0.2,1.7322804004397625,0.8567571815046723,3.6477759779162757,1.7678399999999994,0.48463502438267747,0.48463502438267747,10.261871440357412,2.913566735011472,0.10623806136801223,3.00000002997,10.68953973606432,23.951411206391732,13.261871470327412,0.04759822602983878,28.163520562707127,31.292800312500656,0.5092028360124025,22.344455668801828,1.876283188523201,0.005641291382207529,16.542738219674163,500000.0,1003612.404371055,31.292800312615068,0.2819450806168443,16.959949868835036,-0.11494779066465247,0.0058024367906472935,20.869597586000147,500000.0,1003612.4043747245,0.0862730560254881,1.2161397993311036,False
s2050,ok,,0.2,1.7353203766754048,0.8567571815058845,3.647775977911114,1.7678399999999994,0.4846350243833632,0.4846350243833632,10.287674771201086,2.9307689555626117,0.10623806137886073,3.00000002997,10.74637025554698,24.034045056718064,13.287674801171086,0.047795824485155534,28.163520562707127,31.29280031250243,0.5109596172957892,23.181631446942642,2.576717140203797,0.00705862917742107,15.78392421453231,500000.0,1003612.4043725319,31.292800312615068,0.28249365494180906,17.116333478287707,0.341642605746336,0.005953024847278909,20.634348060265484,500000.0,1003612.4043761445,0.08928535306413438,1.2237856187290972,False
s2055,ok,,0.2,1.7049722309020896,0.8567571814874271,3.6477759779896974,1.7678399999999987,0.4846350243729227,0.4846350243729227,10.106380029030129,2.8099057942893304,0.10623806121202066,3.00000002997,10.179030001563547,23.285410060563677,13.106380059000129,0.04582319500989004,28.163520562707127,31.292800312484104,0.49504376751035706,21.882081259797406,1.9520861692568077,0.005896762938095052,16.69181852322767,500000.0,1003612.4043503235,31.292800312615068,0.27863936026465974,16.95412440144939,0.5138559750626822,0.005677372215945669,21.100876486099917,500000.0,1003612.4043545236,0.07985652767071658,1.1545170568561873,False
s2060,ok,,0.2,1.7034587441201898,0.8567571814971777,3.647775977948183,1.767839999999999,0.4846350243784382,0.4846350243784382,9.89239654986313,2.6672501414190806,0.10623806130052446,3.00000002997,10.150736280370253,23.043132860203386,12.89239657983313,0.045724818369066556,28.163520562707127,31.292800312483152,0.4898929963680238,21.55747355348,2.0759201387831636,0.00564651986898278,16.942084577624552,500000.0,1003612.4043617147,31.292800312615068,0.27409010871581285,16.695733234131712,0.19217454814230617,0.0052665406493231474,21.839017988961597,500000.0,1003612.4043659455,0.07997058170457635,1.1321,False
s2062,ok,,0.2,1.687755125465937,0.8567571814802794,3.6477759780201335,1.7678399999999996,0.4846350243688793,0.4846350243688793,9.90172326443105,2.6734679512911974,0.1062380611467383,3.00000002997,9.857166615115894,22.758889909516945,12.90172329440105,0.044704083156540134,28.163520562707127,31.292800312472995,0.48385004068895426,21.28748959985379,2.128753880333579,0.0056596790147141205,17.061976879586723,500000.0,1003612.4043415937,31.292800312615068,0.274288393050599,16.71442073957585,0.3302953498667826,0.005270087165627356,21.830310293578588,500000.0,1003612.4043461502,0.07983643996547574,1.1058,False
s2091,ok,,0.2,1.8102586291841618,0.7830030503604594,3.991374317330271,1.7678399999999994,0.4429151112999251,0.4429151112999251,9.800284948114953,2.659716449793223,0.08032081136921014,3.00000002997,12.147295621101804,24.947580599186757,12.800284978084953,0.05266681089822473,28.163520562707127,31.29280031254179,0.5803399136282044,23.725690761311725,1.5045802614016635,0.006722824364224276,15.870876062734787,500000.0,917216.208941551,31.292800312615068,0.2977649976529422,17.47576603828685,-1.0313948158232475,0.007838196670300437,18.97225919413512,500000.0,917216.2089436989,0.10108287677635414,1.5257408026755852,False
s3002,ok,,0.19,1.8095374032578018,0.7782300829601986,4.015853838124935,1.7678399999999999,0.44021522477158487,0.44021522477158487,9.813767831164432,2.67032407649288,0.0804243424987323,3.00000002997,12.133812738051986,24.947580599186416,12.813767861134432,0.05261993121301133,28.163520562707127,31.292800312541438,0.5838991996921455,24.007362584603158,1.6607895321580026,0.006970019367130671,15.782521483818003,500000.0,911625.1156983488,31.292800312615068,0.2999067893327536,17.166359326339048,-0.9928257244359131,0.0065616755731921295,20.707386885202403,500000.0,911625.1157004939,0.09938548364487167,1.5412314381270902,False
s3010,ok,,0.2,1.7986201710242953,0.7972562895388481,3.920017071809772,1.7678399999999996,0.45097762780503226,0.45097762780503226,10.017858893405839,2.7998608393633084,0.08001901771976719,3.00000002997,11.92972167580334,24.947580599179176,13.017858923375838,0.05191031111783338,28.163520562707138,31.29280031253607,0.5699646758254767,24.059852428332498,2.4591568497363494,0.007127687240164564,15.642182919437635,500000.0,933912.570466818,31.292800312615082,0.29741239683219334,17.08415759572838,0.12545471393403798,0.006295773512821446,20.83242886579774,500000.0,933912.5704691763,0.10317580577661166,1.4805859531772574,False
s3014,ok,,0.2,1.732209397076483,0.8567571804681875,3.6477759823146263,1.7678399999964511,0.4846350237973501,0.4846350237973501,10.60843845544184,3.144611422746528,0.106238051780044,3.0000000299700025,10.688212371077135,24.29665085648898,13.608438485411842,0.047593610811224846,28.163520562707454,31.29280031249776,0.516542571542227,23.049743379146253,2.120231891071754,0.0063067255628502725,16.05343879610121,500000.0,1003612.4031588298,31.292800312615405,0.2893130354207466,17.2164766024309,0.033603900987114105,0.005879314636361479,20.672868731257832,500000.0,1003612.4031626028,0.09452629642539583,1.2480836120401337,False
s3016,ok,,0.2,1.7283227512000268,0.8567571789500941,3.6477759887643595,1.767839999993111,0.4846350229395379,0.4846350229395379,10.6065706543735,3.1433662380061635,0.10623803778461394,3.0000000299697085,10.61555387408012,24.22212455842333,13.60657068434321,0.04734097882926832,28.16352056270177,31.292800312492936,0.5149581563154277,23.06561548357241,2.5272213126068306,0.006511705372382176,15.981092036011388,500000.0,1003612.4013822641,31.292800312612158,0.28927332680453127,17.170327379981817,0.48686554447512026,0.005810944252171142,20.774831643942385,500000.0,1003612.4013860879,0.09515851527029161,1.2411879598662208,False
s3021,ok,,0.2,1.7323325966693892,0.8567571814878602,3.647775977987829,1.767839999999993,0.4846350243731693,0.4846350243731693,10.583793369928781,3.128181354886079,0.10623806121597107,3.00000002997,10.690515513049013,24.274308912947795,13.58379339989878,0.04760161878476451,28.16352056270713,31.292800312500667,0.5160675850973674,23.050761530820232,1.585816573415922,0.006606081770718893,15.914138606619254,500000.0,1003612.4043513653,31.29280031261507,0.2887890848483378,17.396577939114966,-0.3840889936472129,0.006644716248770167,19.604371303653778,500000.0,1003612.4043550343,0.09470101255820713,1.2460163879598662,False
s3024,ok,,0.2,1.7575228120146316,0.8507089632649292,3.673710282309842,1.767839999999863,0.48121377684914646,0.48121377684914646,10.786148601465838,3.2927323488655227,0.07897726237726457,3.0000000098283293,11.161431770449465,24.947580381743634,13.786148611294166,0.04923898365460187,28.163520184710826,31.292800033721157,0.5341520382760008,23.570392779244443,1.1372296986147061,0.006143165896206772,15.891937717272366,500000.0,996527.462935084,31.292800102715603,0.2951748921236571,17.561020477664417,-0.7838465659190912,0.006633732511748071,19.64977796707565,500000.0,996527.4651322304,0.09845021759087254,1.324723076923077,False
s3025,ok,,0.2,1.7802897153664223,0.8436039661806026,3.704650986587379,1.7678399999999987,0.47719474962700426,0.47719474962700426,10.36053568974633,3.0116428360901315,0.07910816368315646,3.0000000299700034,11.587044879461072,24.947580599177407,13.360535719716333,0.050718831500070165,28.163520562707784,31.292800312522978,0.5386507660394008,23.77252168199206,1.1134569351140833,0.006503745033929624,15.74844141827239,500000.0,988204.6198307354,31.29280031261576,0.28847137186193295,17.487161431191485,-0.9757258747005474,0.006898683629280378,19.434621810048863,500000.0,988204.6198336654,0.09380899302783284,1.3443023411371238,False
s3,ok,,0.2,1.6391976310705814,0.8558924137132471,3.651461580365215,1.7678399999999919,0.48414585806026056,0.48414585806026056,11.230498962595242,3.5676528170099897,0.09824602532935191,3.00000002997,8.949413587671184,23.179912580236426,14.230498992565241,0.04154784602084201,28.163520562707127,31.29280031243843,0.4932988205452245,22.64343720483715,3.1360099628969724,0.008644413141970224,15.312947343643021,500000.0,1002599.408270392,31.292800312615068,0.3028436084227696,17.816206725458738,1.737997244508027,0.007562741340209984,18.414299823217995,500000.0,1002599.4082760514,0.10999999999999999,1.1469227424749164,False
s4022,ok,,0.43,1.726505187791323,0.79262458345216,3.942923712999659,1.7678399999999996,0.4483576474410355,0.4483576474410355,10.530833504324976,3.1434480892130683,0.08011544260719139,3.0000000146050976,11.416746877960161,24.947580396890235,13.530833518930073,0.05012670872057524,26.90531679245828,31.292800091942446,0.5732952709543915,24.223681773968337,-1.0564696242351332,0.007158758563202422,15.646699351727193,500000.0,928486.9453421967,29.894796290525946,0.3407000001248303,17.973781702356614,-2.9999999990038826,0.009059999998009284,17.496932633614946,500000.0,887006.851667607,0.11264133404393203,1.4950812709030101,False
s4053,ok,,0.2,1.7798399468746606,0.8551578973632874,3.654597911373989,1.7678399999996726,0.48373037003543634,0.48373037003543634,10.368943776857236,3.0000182835574116,0.09180095233073327,3.0000000289667517,11.578636748940616,24.947580554764603,13.368943805823989,0.050689596591580136,28.16352054387094,31.29280029910352,0.5313731225530715,23.73505481200383,1.3436261185822083,0.006259233022565541,15.821893005221543,500000.0,1001738.9893541366,31.292800302150784,0.2847529602463266,17.329712637095316,-0.6808300368143431,0.006357099826417606,20.04721542637004,500000.0,1001738.989451685,0.08919412885035355,1.312628762541806,False
s4061,ok,,0.19,1.7973381007529832,0.8172477511590472,3.82412586778935,1.7678399999999963,0.46228603898489057,0.46228603898489057,10.04182642275149,2.808783620427975,0.07961345599875493,3.000000029970009,11.905754146496434,24.947580599217932,13.041826452721498,0.05182697655019365,28.163520562709063,31.292800312524527,0.556022236797764,23.67170506875504,1.2772104613067996,0.00644740273529802,15.86803105582255,500000.0,957330.7329244993,31.292800312617118,0.2906712932454613,17.581717962910055,-1.0920786257260067,0.007625650175948673,18.82614888791021,500000.0,957330.7329273318,0.09614904114442833,1.4199060200668896,False
s4062,ok,,0.2,1.7925963403854452,0.8131502622881213,3.8433957541941175,1.7678399999999994,0.459968245026768,0.459968245026768,10.130470768608392,2.869342655649731,0.07969496142746599,3.00000002997,11.817109800595976,24.947580599174366,13.130470798578392,0.051518762126308154,28.163520562707127,31.29280031253318,0.5588240497373468,23.55860923200185,0.8315552471785129,0.006400074279183545,15.90407667058243,500000.0,952530.9007828062,31.292800312615068,0.2941216218306951,17.708363367369163,-1.5363861730839348,0.008063654203933412,18.354764696863217,500000.0,952530.9007852987,0.09540864754955213,1.4321,False
s4083,ok,,0.2,1.8353649979404638,0.8381667061760698,3.7286833783439333,1.7678399999999985,0.47411909798175766,0.47411909798175766,9.330936549283397,2.32725558598263,0.07920980475100718,3.00000002997,12.61664401995318,24.947580599206574,12.330936579253397,0.0542987248673838,28.163520562707372,31.292800312552306,0.5421450402032166,24.13003253645729,1.0944392018593805,0.0070947073903076035,15.501335498463591,500000.0,981835.368771793,31.292800312615338,0.26796811341648236,17.47855479481317,-1.439513282641154,0.00783389055193181,18.297574118210495,500000.0,981835.3687737706,0.0799870192236414,1.359510033444816,False
s4094,ok,,0.2,1.7901242178589354,0.7807065096422605,4.003115417895096,1.7678399999999999,0.4416160453673752,0.4416160453673752,10.176685605998859,2.9114307038877585,0.08037046826336408,3.00000002997,11.77089496320379,24.94758059917265,13.176685635968859,0.05135807416208502,28.163520562707127,31.292800312531938,0.5820470522591894,24.806922138944785,2.9264772792726057,0.009471546675953364,14.771697604053317,500000.0,914526.0222679714,31.292800312615068,0.30742263773567163,17.690788578668634,0.6003603531443824,0.008386478703968447,18.368529485661128,500000.0,914526.022270401,0.09902286548517905,1.5331705685618728,False
s4095,ok,,0.19,1.7930538821397382,0.7612628079466106,4.105360504908813,1.7678399999999994,0.4306174811898197,0.4306174811898197,10.121917301883144,2.88141674317084,0.0808028717523974,3.00000002997,11.825663267322662,24.947580599175808,13.121917331853144,0.05154850234033719,28.16352056270713,31.292800312533394,0.5969133364633125,25.48681946244625,2.997772658011106,0.011745340455278233,14.064499772345462,500000.0,891749.5102878123,31.29280031261507,0.31396421084495507,18.209409512918608,0.6132944547098871,0.010587595400548377,16.455384576833644,500000.0,891749.5102901398,0.09696697546781775,1.597871237458194,False
s4096,ok,,0.2,1.720099486916782,0.7451832465365192,4.193945959098852,1.7678399999999996,0.4215218835055884,0.4215218835055884,11.485755653727773,3.79586714535236,0.0811775523906389,3.00000002997,10.461824915412759,24.94758059911053,14.485755683697773,0.046806466650845056,28.163520562707127,31.292800312493434,0.6097935302877964,26.002443568409983,3.0050624837291373,0.01489477635669098,13.18389122778217,500000.0,872913.7798879292,31.292800312615068,0.3540752203239637,19.361783896489545,0.8856570956929846,0.014137203065038921,14.32942599595978,500000.0,872913.7798913221,0.12469455562857362,1.653928093645485,False
s4110,ok,,0.2,1.8287673437543401,0.8032587298763103,3.89072430757303,1.7678399999999996,0.4543729805165119,0.4543729805165119,9.45427570909168,2.422041811340392,0.07989512943489119,3.00000002997,12.493304860136933,24.947580599198613,12.45427573906168,0.05386987734528633,28.163520562707127,31.292800312550412,0.5657055512944712,23.639212076608807,1.4678579857416527,0.0058830011266086096,16.175049856230306,500000.0,940943.8784145038,31.292800312615068,0.2824102679975491,17.177929444021647,-1.1644198685626803,0.00668372063827014,20.268113241084723,500000.0,940943.878416448,0.08375300906959243,1.4620494983277592,False
s4158,ok,,0.2,1.7332414091340955,0.8438207762618201,3.703699118958748,1.767839999999997,0.47731739086219427,0.47731739086219427,11.240075259557543,3.5979219117018144,0.07910411163802908,3.000000026789933,10.707505275771705,24.94758056211918,14.240075286347476,0.04766069173275875,28.163520503005522,31.29280026721331,0.5385123666528598,23.807963160237364,1.0990155884606287,0.00725617264675241,15.408632945627831,500000.0,988458.5915106898,31.29280027945102,0.30738277880803183,18.001207236983536,-0.5834281872470679,0.007886918247114438,18.17810810048129,500000.0,988458.5918972472,0.10855023784413854,1.3437,False
s4180,ok,,0.2,1.8403867079221108,0.7540192045807277,4.1447992923970665,1.7678399999999996,0.4265200496542265,0.4265200496542265,9.237058714449288,2.293881501940972,0.0809696840461671,3.00000002997,12.710521854786583,24.94758059920587,12.237058744419288,0.05462513601619143,28.163520562707127,31.29280031255563,0.6026476777463865,23.888413020416003,1.332681850336681,0.0071632215794722506,15.795178822661041,500000.0,883264.2937681836,31.292800312615068,0.2956052193284461,17.766477330001784,-1.4578776911106472,0.009220945076199638,17.72497292644755,500000.0,883264.2937698613,0.09783180045011253,1.6228280936454849,False
s4233,failed,Maximum_Iterations_Exceeded,1.28,,,,,,,,,,,,,,,,,,,,,,,,,,,,,,,,,,
s4310,ok,,0.2,1.7761947888151908,0.7961611717211864,3.92540904606493,1.7678399999999996,0.4503581612143557,0.4503581612143557,10.437087868141244,3.0797273950924544,0.08004182258200873,3.00000002997,11.510492701050717,24.94758059916196,13.437087898111244,0.05045266127424162,28.163520562707127,31.29280031252484,0.5707486608954886,23.60122983792724,1.1371641306441191,0.0068144238937737035,15.781918004443128,500000.0,932629.7404537556,31.292800312615068,0.3074125722794684,17.71460848634617,-1.12546041135145,0.008143676046670564,18.454007904283994,500000.0,932629.7404564448,0.10852895109235901,1.4839979933110368,False
s4320,ok,,0.2,1.8277828453402551,0.781634665855084,3.9983618973463235,1.767839999999998,0.44214106811424386,0.44214106811424386,9.472680312197708,2.44177873012487,0.08035031767551401,3.000000029966727,12.474900257019206,24.947580599183638,12.472680342164434,0.05380588494851161,28.16352056264612,31.292800312506767,0.5813558974133497,23.589017224930668,0.9026712157773479,0.0067346680443527256,15.870843900223832,500000.0,915613.272083746,31.292800312581424,0.2906520832592547,17.899023119798116,-1.7266019478558183,0.009631597598510606,16.993015189106718,500000.0,915613.2720859305,0.09410817405098693,1.53016254180602,False
s5010,ok,,0.2,1.7712906662819536,0.8567571815415953,3.6477759777585694,1.7678399999998782,0.4846350244035967,0.4846350244035967,10.439643845202117,3.032081671275113,0.10623806168033745,3.000000029970004,11.418813092539901,24.858456967712023,13.43964387517212,0.05013389330958009,28.16352056270761,31.292800312518292,0.5284864710983309,24.12568178239559,3.480913469476628,0.007342584411174341,15.352939675589461,500000.0,1003612.4044149416,31.29280031261556,0.2857244910087984,17.406853416983623,1.1531337024657518,0.0065919679542651415,19.69509172817867,500000.0,1003612.404418061,0.0981807181187205,1.3000655518394648,False
s5020,ok,,0.2,1.788877077438209,0.8567571815413779,3.6477759777599497,1.7678399999999883,0.4846350244034435,0.4846350244034435,9.736213817221627,2.5631283192583854,0.10623806168461858,3.00000002997,11.747580426351039,24.483794273542664,12.736213847191626,0.051277010034737676,28.16352056270718,31.292800312531,0.5205212073911879,23.60905412171436,3.3188830790384816,0.00717322457301054,15.564430495601899,500000.0,1003612.4044150319,31.292800312615125,0.2707696909731321,17.559194630213085,1.1585338324665266,0.00779033679678155,18.173849527280435,500000.0,1003612.4044177299,0.08399531869145913,1.265399331103679,False
s6061,ok,,0.2,1.6862722486505102,0.8567571803928442,3.6477759826437373,1.7678399999984684,0.4846350237541782,0.4846350237541782,10.343651369131473,2.968086698887618,0.10623805101715782,3.00000002997,9.829445128756433,23.173096527857908,13.343651399101473,0.044607696163537366,28.16352056270713,31.292800312471954,0.4926560019694566,21.86371746362905,2.5597498792750604,0.006260440579903331,16.536029533435276,500000.0,1003612.4030685992,31.29280031261507,0.2836837080441598,17.025620109745862,0.8928023649117081,0.005803609372084311,20.84933170207805,500000.0,1003612.4030731892,0.08999204378806239,1.1441250836120402,False
s6062,ok,,0.2,1.617336675327484,0.8567571783955732,3.6477759911472654,1.7678399999984293,0.48463502262440855,0.48463502262440855,9.787211881843229,2.597127060438538,0.10623803217366384,3.00000002997,8.540736224769006,21.327948136582236,12.787211911813229,0.04012688389754068,28.163520562707127,31.292800312421093,0.45342846913338924,20.000245838104775,2.453061127439587,0.006046126620544223,17.45281750164797,500000.0,1003612.4007273705,31.292800312615068,0.27185390195284626,16.546597686043274,0.7271604320207311,0.005369565925173887,21.68735585159181,500000.0,1003612.4007335915,0.0793935398707134,0.9734,False
s6063,ok,,0.2,1.588162612180544,0.8567571800182595,3.647775984242312,1.7678399999993704,0.48463502354204263,0.48463502354204263,9.249670195269877,2.238765919773178,0.10623804740770512,3.00000002997,7.995344736302277,20.245014961542154,12.249670225239877,0.03823056979298959,28.163520562707127,31.29280031239595,0.43040549730607264,19.109174274474775,2.4387321057258964,0.0060825127445795005,17.900966575899478,500000.0,1003612.402626858,31.292800312615068,0.2604258586653783,16.185189345594758,0.7451022441938826,0.005011394885037186,22.475342576266126,500000.0,1003612.4026338855,0.06962312325380104,0.8732,False
s7012,ok,,0.2,1.7468781417463677,0.8567571815211118,3.6477759778462784,1.7678399999999985,0.4846350243919769,0.4846350243919769,10.026372353282513,2.756567343476559,0.10623806151368101,3.00000002997,10.962435692289633,23.988808075542146,13.026372383252513,0.04854707921476812,28.16352056270713,31.292800312509005,0.5099978869354722,22.967989051926253,2.2575181638904405,0.006632403313205794,16.012127109490415,500000.0,1003612.4043905807,31.29280031261507,0.2769384109843145,17.084535051938065,0.11924775696934924,0.006051449988834292,20.532875871104686,500000.0,1003612.4043939824,0.08748765941757279,1.2196,False
s7055,ok,,0.2,1.726446489582948,0.8567571813799808,3.6477759784468913,1.7678399999999321,0.4846350243121627,0.4846350243121627,11.211476839738882,3.5466370024899554,0.10623806021734976,3.00000002997,10.580478296464545,24.791955166173427,14.211476869708882,0.04721902182414584,28.163520562707127,31.292800312497214,0.527072654465439,23.462965341944628,0.9662033350389302,0.006536469717434727,15.74682232545939,500000.0,1003612.4042249182,31.292800312615068,0.3021335262720614,17.704181919694467,-0.6162324835435794,0.006821853226222935,19.277883357072223,500000.0,1003612.4042286981,0.10496821158656211,1.2939123745819399,False
s7075,ok,,0.2,1.8111177209568639,0.7994755843129945,3.9091353468731587,1.7678399999999996,0.4522329986384484,0.4522329986384484,9.78422474634374,2.6433316058343217,0.07997299573900499,3.00000002997,12.163355822873623,24.94758059918736,12.78422477631374,0.05272265186345036,28.16352056270713,31.292800312542184,0.5683824891379146,23.50265984542834,1.4319539853812513,0.005723545264220028,16.2617253664131,500000.0,936512.2706065202,31.29280031261507,0.29126389515553397,17.153530377835043,-1.0722134317067753,0.006431325332445395,20.64718640022617,500000.0,936512.2706087016,0.0899875828449966,1.4737,False
s8021,ok,,0.2,1.5749134158368219,0.8564833118711264,3.648942393019154,1.7678399999999994,0.4844801067240964,0.4844801067240964,9.585961969144776,2.4656486194952265,0.10365832605562846,3.00000002997,7.747659013593864,20.33362101270864,12.585961999114776,0.037369372030647635,28.163520562707127,31.29280031238369,0.432427474872154,20.16868133961728,3.8284615096715426,0.008399497377932358,16.303225192437004,500000.0,1003291.5912275487,31.292800312615068,0.26766092289376314,16.718446480292272,2.2092070558283208,0.0062361710177095036,20.307828292406167,500000.0,1003291.5912349669,0.07594060354182504,0.882,False
s8023,ok,,0.2,1.8038187120961284,0.85675718154989,3.6477759777232563,1.7678399999998788,0.4846350244082885,0.4846350244082885,9.069788377807333,2.118844692926741,0.10623806176061013,3.0000000299700016,12.026905261057195,24.09669366883453,12.069788407777335,0.05224821628750201,28.163520562707372,31.29280031253689,0.5122915158644947,24.57037057923061,4.588227650247104,0.00959052923767443,14.621780235370421,500000.0,1003612.4044252541,31.29280031261532,0.2566016020509008,17.292525129839035,2.25126530174388,0.007475964605102581,18.513767164944998,500000.0,1003612.4044277694,0.07593374662983442,1.2295822742474916,False
s8025,ok,,0.2,1.761620453832744,0.8567571815379506,3.647775977774589,1.7678399999999996,0.4846350244015017,0.4846350244015017,9.49332235460217,2.40120067753862,0.10623806165819169,3.00000002997,11.238034311917389,23.73135669648956,12.49332238457217,0.049505329500382576,28.163520562707127,31.292800312517123,0.5045245153892027,23.625484267249796,4.234898154214358,0.008514136105777252,15.19923597056807,500000.0,1003612.4044105656,31.292800312615068,0.2656058607289946,17.077116408466747,1.9320773568481981,0.006668688491304609,19.661884602903598,500000.0,1003612.4044137069,0.07980275510204081,1.1957789297658863,False
s8035,failed,Maximum_Iterations_Exceeded,1.27,,,,,,,,,,,,,,,,,,,,,,,,,,,,,,,,,,
s8036,failed,Maximum_Iterations_Exceeded,1.3,,,,,,,,,,,,,,,,,,,,,,,,,,,,,,,,,,
s8037,failed,Infeasible_Problem_Detected,0.8,,,,,,,,,,,,,,,,,,,,,,,,,,,,,,,,,,
s8038,failed,Maximum_Iterations_Exceeded,1.26,,,,,,,,,,,,,,,,,,,,,,,,,,,,,,,,,,
s8052,ok,,0.2,1.7117900264937842,0.843352986309507,3.705753482033728,1.7678399999999996,0.4770527798383944,0.4770527798383944,11.641095997147822,3.8654429181975822,0.07911282694080342,3.00000002997,10.306484571984218,24.94758059910204,14.641096027117822,0.04626635172335013,28.163520562707152,31.292800312488108,0.5388110672439761,23.847245182626313,3.446282300953738,0.007233848898699907,15.420252165606701,500000.0,987910.61994575,31.2928003126151,0.31621441384230786,17.90201522691468,1.3745038371726634,0.007013830234116993,19.098488380915704,500000.0,987910.6199497592,0.11886787848185781,1.345,False
s8055,ok,,0.2,1.6984965193770696,0.8433889517221758,3.7055954541713074,1.7678399999999996,0.4770731241074848,0.4770731241074848,11.889610082975814,4.031105620356329,0.07911215863183511,3.00000002997,10.057970486139748,24.947580599085562,14.889610112945814,0.045402273760763744,28.163520562707127,31.292800312479994,0.5387880902267845,23.668772030598255,2.983251786623073,0.006977873901784675,15.533917580232822,500000.0,987952.7501255051,31.292800312615068,0.3215680400367277,17.87910937781886,0.9998543528202137,0.00680234473752274,19.288084144386367,500000.0,987952.7501297696,0.11999234152050856,1.3449,False
s8064,failed,Infeasible_Problem_Detected,1.06,,,,,,,,,,,,,,,,,,,,,,,,,,,,,,,,,,
s8065,failed,Maximum_Iterations_Exceeded,1.29,,,,,,,,,,,,,,,,,,,,,,,,,,,,,,,,,,
s8066,ok,,0.2,1.595907839371565,0.8551118546548339,3.654794689824952,1.7678399999996757,0.4837043254225443,0.4837043254225443,10.979234488508737,3.4072908783272764,0.09140704386149746,3.00000002997,8.14013708027398,22.119371598752718,13.979234518478737,0.03873400956040595,28.163520562707127,31.292800312402864,0.4711588117097489,20.839053083788166,3.2670775844096926,0.006643884177743745,16.751652449670758,500000.0,1001685.0549727491,31.292800312615068,0.2977679313737374,17.307245702491073,1.6727296431286,0.006122461264304642,20.25257182820733,500000.0,1001685.0549795418,0.09992758646546587,1.0505655518394648,False
s9000,ok,,0.21,1.8009425885318255,0.8275184223962073,3.776663069989823,1.7678399999999987,0.4680957679406552,0.4680957679406552,9.974442700923182,2.760156853100737,0.07941272616467965,3.000000029970001,11.973137868292984,24.947580599186168,12.974442730893184,0.0520612682558223,28.16352056270738,31.292800312535476,0.5491212163000694,23.943804045045542,2.0379722541719927,0.0063890496279713545,15.858101495817081,500000.0,969361.8816299298,31.292800312615334,0.2855804692098569,17.046562607315416,-0.3977204549662658,0.005683305537935833,21.43853263738431,500000.0,969361.8816324036,0.09005290521020123,1.3898715719063544,False
s9026,ok,,0.2,1.6735448645653241,0.856757178490025,3.6477759907397367,1.7678399999971244,0.4846350226781941,0.4846350226781941,10.548526366692505,3.1046700497236057,0.1062380332616221,3.00000002997,9.591514371030081,23.140040767692586,13.548526396662504,0.04378041619800029,28.163520562707127,31.292800312463392,0.4919532433486176,22.787734166221128,3.956335382287339,0.008600113367576278,15.342150951754011,500000.0,1003612.4008401094,31.292800312615068,0.2880393154992642,17.456416081171312,2.444754747676212,0.00705425298348808,19.07740263652812,500000.0,1003612.400844974,0.094992697280428,1.1410665551839463,False
s9027,ok,,0.21,1.6846866971714303,0.8567571814872411,3.6477759779904906,1.7678399999999992,0.4846350243728174,0.4846350243728174,9.731042854961435,2.559681011578597,0.10623806121033165,3.00000002997,9.799804201578716,22.53084708651015,12.731042884931435,0.044504635317397186,28.163520562707127,31.292800312470956,0.4790018899348314,22.504713251951706,4.097747613815179,0.008902291924969554,15.378060906262926,500000.0,1003612.4043496837,31.292800312615068,0.2706597572320543,17.070541967661523,1.9365141829561512,0.006697660101110434,19.61243594347785,500000.0,1003612.4043543056,0.0799989516864175,1.0847,False
s9032,ok,,0.2,1.683591348359149,0.8567571814428154,3.647775978179625,1.7678399999999956,0.48463502434768846,0.48463502434768846,10.225870064398846,2.8895658182983124,0.10623806080086474,3.00000002997,9.77932731715876,23.005197411527604,13.225870094368846,0.0444334376445989,28.163520562707127,31.292800312470224,0.4890864953592957,22.763141147322226,4.056030428133379,0.00880166278476249,15.286658909157394,500000.0,1003612.4042976216,31.292800312615068,0.281179697646539,17.20123033220085,2.2250062646870354,0.006888096744117931,19.320127732114784,500000.0,1003612.404302267,0.08999911724137931,1.128589966555184,False
s9033,ok,,0.21,1.709220917581791,0.8567571813496031,3.6477759785713832,1.767839999998758,0.4846350242953011,0.4846350242953011,9.36965987089647,2.318759023826903,0.10623805995394252,3.0000000299700016,10.258456632699291,22.628116533565763,12.369659900866472,0.04609935964406982,28.16352056270748,31.292800312483635,0.48106982153576994,22.771606784058868,4.240606752771899,0.00909229154139668,15.257097207586096,500000.0,1003612.4041895648,31.29280031261544,0.26297681789309924,16.986157005989075,2.0458779426758134,0.0066962524873619,19.62294862886127,500000.0,1003612.4041937919,0.0749604918032787,1.0937,False
s9037,ok,,0.2,1.807154779181809,0.8160712717059083,3.829638873412343,1.7678399999999979,0.46162054920462786,0.46162054920462786,9.858309549095294,2.686859919987892,0.0796367732409093,3.0000000299700025,12.089271020133543,24.947580599198837,12.858309579065295,0.05246506064807059,28.163520562707657,31.292800312536976,0.5568238196488611,23.721702944250087,1.4204425657985258,0.006219502041714477,15.97602025294397,500000.0,955952.5952236166,31.292800312615626,0.28699428489811674,17.1242287629319,-0.9836822779836126,0.006377756521282956,20.522376629395826,500000.0,955952.5952260192,0.08996351315749306,1.4233946488294313,False
s9104BTE,failed,airfoil 's9104BTE' not found in the aerosandbox UIUC database,0.0,,,,,,,,,,,,,,,,,,,,,,,,,,,,,,,,,,
s9104,ok,,0.21,1.7591761221390136,0.5472529616790206,5.710811058950561,1.7678399999999996,0.3095602326449343,0.3095602326449343,7.369747048156204,1.1098818648117408,0.05214797946940447,3.0000000299679948,14.577833521076062,24.94758059920026,10.369747078124199,0.061117737248984234,23.063198278070534,31.29280031259521,0.8303434689894343,34.87249350554685,1.570374471375238,0.050514799212884154,8.907873709653295,500000.0,641056.6173567895,25.625775608538444,0.5146741113413542,25.623974852516614,-3.0181535070327996,0.08000597551228159,5.338338959091724,500000.0,524963.3418758549,0.12133612746704125,2.6138,False
sa7024,failed,airfoil 'sa7024' not found in the aerosandbox UIUC database,0.0,,,,,,,,,,,,,,,,,,,,,,,,,,,,,,,,,,
sa7025,failed,airfoil 'sa7025' not found in the aerosandbox UIUC database,0.0,,,,,,,,,,,,,,,,,,,,,,,,,,,,,,,,,,
sa7026,failed,airfoil 'sa7026' not found in the aerosandbox UIUC database,0.0,,,,,,,,,,,,,,,,,,,,,,,,,,,,,,,,,,
sa7035,ok,,0.2,1.783779296474322,0.8496959400856872,3.6780901475000847,1.7678399999999967,0.48064074807996693,0.48064074807996693,10.295300029612548,2.965880099606343,0.07899582024918436,3.0000000282706285,11.652280523925878,24.947580581809056,13.295300057883177,0.05094565434572165,28.163520530801538,31.29280028990163,0.5347888597792682,23.904030984267703,2.029755118525997,0.00635120442382382,15.797712500776088,500000.0,995340.8074154806,31.292800294890448,0.2850047255200709,17.075396448875164,-0.14928644665973853,0.005534942033998164,21.35565679486552,500000.0,995340.8075741614,0.09194744427226388,1.3274946488294312,False
sa7036,ok,,0.2,1.7916766053643962,0.8363635600837407,3.736722180109097,1.7678399999999777,0.4730991266651684,0.4730991266651684,10.14766444220823,2.8724046400362444,0.07924377713033418,3.000000022413904,11.799916058786101,24.947580523408234,13.147664464622133,0.05145897967733723,28.163520420850833,31.292800212856584,0.5433138718784007,23.885267640500167,1.8594238972357156,0.006299127266869645,15.8684548655219,500000.0,979723.1454973229,31.2928002338141,0.2863327155148769,17.091845788801248,-0.4461165127374944,0.0056601105085955904,21.336176575702734,500000.0,979723.1461534662,0.0919835718791955,1.364596989966555,False
sa7038,ok,,0.2,1.8034797535760174,0.8161707312314394,3.829172189113674,1.7678399999999996,0.46167680968381725,0.46167680968381725,9.927011932947304,2.7326259563085484,0.07963480529441108,3.00000002997,12.020568636264782,24.947580599182086,12.927011962917303,0.05222618398369536,28.163520562707127,31.292800312538528,0.5567559644428907,23.68032866555539,1.4886577780591876,0.0061687204063491435,15.998985554432219,500000.0,956069.1029293593,31.292800312615068,0.2884925447632208,17.222652869699928,-0.9881673406617673,0.0065584997206066566,20.251108275255604,500000.0,956069.1029316976,0.09199457829660668,1.423099331103679,False
saratov,failed,airfoil 'saratov' not found in the aerosandbox UIUC database,0.0,,,,,,,,,,,,,,,,,,,,,,,,,,,,,,,,,,
sc1012r8,ok,,0.21,1.7557485465013147,0.7602301656429913,4.110936933101967,1.7678399999999996,0.4300333546265451,0.4300333546265451,10.819318017999258,3.3466901666822326,0.08082648078908465,3.00000002997,11.128262551175766,24.947580599145024,13.819318047969258,0.049123655523839675,28.163520562707127,31.292800312513933,0.5977241408626913,24.907492660705483,3.0407579990941,0.010261459836765068,14.57901110271439,500000.0,890539.8646051859,31.292800312615068,0.3310998425138027,17.836686599300453,0.9560566882700372,0.008546567524488588,18.416787514166685,500000.0,890539.8646080641,0.1200203727107361,1.6014,False
sc1094r8,ok,,0.21,1.8139780349856627,0.764166442394026,4.089761198894058,1.7678399999999996,0.43225995700630493,0.43225995700630493,9.730752903298221,2.6196825605871954,0.08073692167735388,3.00000002997,12.216827665921045,24.947580599189266,12.73075293326822,0.052908572275322294,28.163520562707127,31.29280031254355,0.5946452204747541,25.1633657827654,3.699379225297238,0.010041901050497133,14.638840648633687,500000.0,895150.8515456927,31.292800312615068,0.3034475168716084,17.22226811651151,1.1191309169482826,0.007426716395951662,19.71754792985218,500000.0,895150.8515477383,0.09403390887767075,1.588,False
sc1095,ok,,0.21,1.7637018105959474,0.8451134711363096,3.6980338999896505,1.7678399999999994,0.4780486192960392,0.4780486192960392,10.670636549782156,3.217815461720041,0.07908017832969526,3.00000002997,11.276944019399568,24.947580599151724,13.670636579752156,0.049640617689990806,28.163520562707127,31.292800312518224,0.5376886514492244,25.095773182884052,4.076079614413323,0.009440042500723504,14.496763480185809,500000.0,989972.8663427968,31.292800312615068,0.29463963921310277,17.54849070168393,1.7777862111359506,0.007022807279822075,19.225447636326074,500000.0,989972.8663458604,0.09494985889449872,1.340115050167224,False
sc1095r8,ok,,0.2,1.8100736366332357,0.7755540207509141,4.029710609422194,1.7678399999999996,0.4387014779340405,0.4387014779340405,9.803743272113069,2.664543618547712,0.08048294776341562,3.00000002997,12.143837297103651,24.947580599186722,12.803743302083069,0.05265478638241454,28.163520562707127,31.29280031254169,0.5859139537138107,25.20150063029306,4.653734877322391,0.009955701134093208,14.616474086087774,500000.0,908490.3544310002,31.292800312615068,0.3007061879447173,17.30721976222345,2.102882031240515,0.007380824722960417,19.632016136226195,500000.0,908490.3544331305,0.09338296666666666,1.55,False
sc20010,ok,,0.21,1.5998405838324454,0.8541588441062293,3.6588724534809263,1.7678399999992622,0.48316524352123824,0.48316524352123824,11.213658494898565,3.571054696213834,0.08430244057915043,3.0000000278758696,8.213657403719667,22.427315926494103,14.213658522774434,0.03898963804110526,28.163520523389952,31.29280027595943,0.4782512570231239,22.839777177886788,4.338798861146962,0.010716555524105893,14.569400647245399,500000.0,1000568.6894180008,31.292800290773044,0.30309913461145815,17.907444545624315,2.878001500753616,0.00800880284289143,17.946386250764697,500000.0,1000568.6898916572,0.1,1.0814331103678927,False
sc20012,failed,Maximum_Iterations_Exceeded,1.36,,,,,,,,,,,,,,,,,,,,,,,,,,,,,,,,,,
sc20402,failed,too few converged polar points,0.01,,,,,,,,,,,,,,,,,,,,,,,,,,,,,,,,,,
sc20403,failed,too few converged polar points,0.01,,,,,,,,,,,,,,,,,,,,,,,,,,,,,,,,,,
sc20404,failed,too few converged polar points,0.01,,,,,,,,,,,,,,,,,,,,,,,,,,,,,,,,,,
sc20406,ok,,0.21,1.6285586071504659,0.8567571793411526,3.64777598710617,1.7678399999947594,0.484635023160293,0.484635023160293,8.896538515668889,2.0033448079385376,0.1062380414050215,3.00000002997,8.750523461794723,20.64706200743361,11.896538545638888,0.04085630946603447,28.16352056270714,31.292800312429915,0.4389529479239146,21.299651082150802,2.744119842652694,0.009680226403539795,15.476861645466581,500000.0,1003612.4018373963,31.292800312615086,0.2529183407656773,16.303585225634894,0.8458083664339675,0.0055067019332125135,21.600666608980656,500000.0,1003612.4018433351,0.0602,0.9104,False
sc20410,ok,,0.21,1.6644626194633498,0.8567571722803949,3.6477760171899964,1.7678399999999839,0.4846350191648581,0.4846350191648581,11.005079237637288,3.4090386911290516,0.10623797375880041,3.000000029969998,9.421727284814615,23.4268065524219,14.005079267607286,0.04319007026637202,28.163520562707106,31.292800312457043,0.49804983768513256,24.050205126890432,2.495499198949598,0.010852948662431907,14.26933743720317,500000.0,1003612.3935642709,31.292800312615064,0.2977455523150473,17.752859503831278,0.5571291457342421,0.007554914900421187,18.435808901187414,500000.0,1003612.393569339,0.09970000000000001,1.1676,False
sc20412,ok,,0.21,1.7303537048543205,0.80849992904259,3.8655022138355273,1.7678399999999996,0.45733772798589817,0.45733772798589817,11.294059161603377,3.646717942246758,0.07978841138385054,3.000000027292777,10.653521378610325,24.947580567506478,14.294059188896153,0.047472990932794494,28.163520512441984,31.292800274252023,0.5620382968856199,25.780528995574358,2.7984545585002096,0.011865239626200067,13.786392019757383,500000.0,947083.4610378473,31.292800284690845,0.32202756716237835,18.016044447769847,0.5240467794856264,0.008337898842648479,18.064861295495277,500000.0,947083.4613537806,0.12,1.4460889632107023,False
sc20414,ok,,0.2,1.7024253659897572,0.7843199495911403,3.984672667358737,1.7678399999999996,0.4436600312195337,0.4436600312195337,11.816162668705317,4.003186149173864,0.0802924678430739,3.00000002997,10.131417900415194,24.94758059909051,14.816162698675317,0.045657648790588444,28.163520562707127,31.29280031248249,0.5793655036489348,25.49531885686346,2.6634432749858266,0.011961573701987952,13.875361292231583,500000.0,918758.8355226403,31.292800312615068,0.3440804021013077,18.316788926878395,0.4564464028838923,0.009060171614209139,17.58335535994251,500000.0,918758.8355265326,0.14,1.5215,False
sc20503,failed,too few converged polar points,0.01,,,,,,,,,,,,,,,,,,,,,,,,,,,,,,,,,,
sc20518,failed,Infeasible_Problem_Detected,0.62,,,,,,,,,,,,,,,,,,,,,,,,,,,,,,,,,,
sc20606,ok,,0.21,1.5612542566058287,0.8567571809149858,3.6477759804269514,1.767839999999998,0.48463502404911457,0.48463502404911457,8.876199843449594,1.9897856761982855,0.1062380558089871,3.00000002997,7.492309282338597,19.36850915575819,11.876199873419594,0.036481526680633085,28.163520562707127,31.292800312370446,0.4117711358770585,19.19547581782381,0.5999736032314767,0.008017953747098504,16.836153436027633,500000.0,1003612.4036761161,31.292800312615068,0.2524859436716449,16.59901767641201,-0.5696634741859281,0.006597666287951018,19.758502863986127,500000.0,1003612.4036839616,0.06,0.7921,False
sc20610,ok,,0.2,1.7338329796421417,0.8567571814614896,3.6477759781001318,1.7678399999999992,0.48463502435825073,0.48463502435825073,11.002869616738401,3.4075655196763908,0.10623806097384084,3.00000002997,10.718564266445412,24.721433913153813,14.002869646708401,0.04769914367799344,28.163520562707127,31.292800312501562,0.5255733848427906,24.32620721458234,1.0342430763290236,0.008752675284257804,14.790355576219222,500000.0,1003612.4043204996,31.292800312615068,0.29769857296844116,18.083841590633234,-0.9324600468644045,0.00833809036141589,17.58319684433113,500000.0,1003612.40432414,0.0998,1.2873872909698998,False
sc20612,ok,,0.2,1.7434793390638246,0.791763865872689,3.947210020951526,1.7678399999999994,0.44787077216981697,0.44787077216981697,11.048683440039062,3.4889796984699704,0.08013402604624294,3.00000002997,10.898897129124792,24.947580599133854,14.048683470009061,0.048326157040402815,28.163520562707127,31.292800312507087,0.5739184903519197,24.55377717107276,1.2238554205210541,0.009493424891650464,14.713320518446087,500000.0,927478.7002394573,31.292800312615068,0.3231896245988615,17.796958078923723,-1.0799436786318302,0.008429844290723644,18.168046234246116,500000.0,927478.7002426577,0.12,1.4977936454849499,False
sc20614,ok,,0.2,1.71496030265993,0.7704010386245249,4.056664138433456,1.7678399999999994,0.43578663149636004,0.43578663149636004,11.581829599174918,3.8516620251575295,0.08059692480106263,3.00000002997,10.365750969962273,24.94758059910719,14.581829629144918,0.04647241967414962,28.163520562707152,31.29280031249018,0.5898329569079215,24.440650083417665,1.1065056900476313,0.009585077881440158,14.776570370363476,500000.0,902454.1088126753,31.292800312615093,0.34475662491796605,18.185317708637722,-1.067101872483844,0.008907626795288583,17.890745789385846,500000.0,902454.1088162778,0.13990000000000002,1.5670561872909698,False
sc20706,ok,,0.21,1.5422397080270995,0.856635443959167,3.648294367970337,1.7678399999999994,0.4845661620730198,0.4845661620730198,8.858261244404892,1.9790271883538413,0.10508569109006473,3.000000029563934,7.136843790050721,18.995105064019548,11.858261273968825,0.03524558104061188,28.163520555082965,31.29280030453951,0.40389001892257564,19.25596681952356,-0.20036996252841838,0.006765084586359437,17.887729252297216,500000.0,1003469.7997543601,31.292800308379427,0.2521403989614579,18.583289149813513,-1.1139347902426682,0.007594630539026644,18.3271153223257,500000.0,1003469.7998774952,0.06,0.7578,False
sc20710,ok,,0.2,1.755713014689984,0.8462962638016726,3.6928654884530454,1.767839999999986,0.4787176802208793,0.4787176802208793,10.819982159395373,3.3169384942860076,0.07905829807894518,3.0000000264457833,11.12759837485509,24.947580560696245,13.819982185841155,0.04912134610879592,28.16352049654766,31.292800263805297,0.5369371729065268,24.340220390825795,0.2359579365916502,0.008497392133953235,14.869915068652002,500000.0,991358.3978495264,31.292800275865417,0.2974421563907556,18.301984170550707,-1.5124994126192663,0.009269616121365742,16.764057856054567,500000.0,991358.3982315919,0.0998,1.336844481605351,False
sc20712,ok,,0.2,1.752137952456478,0.7813841952473806,3.9996435615268155,1.7678399999999994,0.44199938639660874,0.44199938639660874,10.886815892751088,3.3846208666121544,0.08035578346406134,3.00000002997,11.060764676421673,24.94758059914276,13.886815922721087,0.04888896691092518,28.16352056270717,31.292800312511684,0.5815422494858759,24.437190499038042,0.45554086986158104,0.009157294017579101,14.887427156704693,500000.0,915319.8687553287,31.292800312615118,0.32370955322695405,18.051351112427003,-1.8070757989145436,0.00901022205444131,17.71195590732782,500000.0,915319.868758354,0.1199,1.5309735785953176,False
sc20714,ok,,0.21,1.691948627719444,0.7975570555441172,3.918538797789025,1.7678399999999999,0.451147759720403,0.451147759720403,12.01201896237187,4.129196255944198,0.08001276591790879,3.00000002997,9.935561606736021,24.94758059907789,15.01201899234187,0.04497666080301802,28.16352056270715,31.29280031247565,0.569749736972402,24.407074470823975,0.182639305402704,0.009981625398326687,14.50462594823783,500000.0,934264.890235677,31.29280031261509,0.34284261907751257,18.90341572313149,-1.7141330500146468,0.010745855073015603,16.054576671429174,500000.0,934264.89023984,0.1396,1.4796505016722408,False
sc21006,ok,,0.21,1.6515253401063297,0.8567571814947187,3.6477759779585632,1.7678399999999774,0.48463502437705314,0.48463502437705314,8.84654022489863,1.9700125914739148,0.10623806127810385,3.00000002997,9.179872661764772,21.026412916633404,11.84654025486863,0.04234914710816565,28.163520562707127,31.29280031244768,0.44701788116854435,20.63885937566205,-2.6418287199214427,0.008438586703610538,16.07224629423307,500000.0,1003612.4043577089,31.292800312615068,0.25185538516954054,17.53694852885095,-3.8874760514946605,0.009199292188418978,16.408170230497888,500000.0,1003612.4043630773,0.06,0.9455,False
sc21010,failed,Maximum_Iterations_Exceeded,1.56,,,,,,,,,,,,,,,,,,,,,,,,,,,,,,,,,,
sc2110,ok,,0.22,1.8003588070963987,0.7621932219188713,4.100349065991373,1.7678399999999996,0.4311437810655215,0.4311437810655215,9.985356142232803,2.7900695005600133,0.08078165010383893,3.00000002997,11.962224426979612,24.947580599182416,12.985356172202803,0.05202332246252011,28.163520562707138,31.292800312536965,0.5961846806677705,25.05759273861151,4.109493221502213,0.00996016871456077,14.67766620081052,500000.0,892839.4048623864,31.29280031261508,0.31031748317497787,17.432341110883108,1.845354511111854,0.007793534322203427,19.27476706208381,500000.0,892839.4048646151,0.09922361586718527,1.5947,False
sd2030,ok,,0.21,1.7492583961963861,0.8567571814110844,3.647775978312483,1.7678399999994523,0.48463502432988836,0.48463502432988836,10.452281705705785,3.0405069129590325,0.10623806050927694,3.0000000299700007,11.006933111483365,24.459214847159153,13.452281735675786,0.04870179575401909,28.163520562707227,31.292800312509513,0.519998653141118,23.063493780123267,1.545865282375845,0.005877976532813622,16.20184299363295,500000.0,1003612.4042620201,31.29280031261517,0.28599316976810013,17.19125544216459,-0.013562562008437954,0.005850380132639591,20.75316499216814,500000.0,1003612.4042654088,0.08558270399789653,1.2631250836120402,False
sd2083,ok,,0.2,1.7176070838541073,0.8567571814761661,3.647775978037629,1.7678399999999954,0.4846350243665537,0.4846350243665537,10.500699110409963,3.072785181984346,0.10623806110894436,3.00000002997,10.415230945647059,23.91593008602702,13.500699140379963,0.04664446045177119,28.163520562707127,31.292800312491913,0.5084485135824215,22.393700885379015,1.4051686419989926,0.005924220251889965,16.407095716226294,500000.0,1003612.4043373845,31.292800312615068,0.2870225153487207,17.299861528477958,-0.3277114562004202,0.0063689405544362305,19.992582639021244,500000.0,1003612.4043413344,0.08960840436075321,1.212856856187291,False
sd5060,ok,,0.2,1.7992906952541943,0.8261939851944287,3.7827172814197265,1.7678399999999996,0.46734658407685586,0.46734658407685586,10.005323847945915,2.7812249842481815,0.07943833221253616,3.00000002997,11.94225672126323,24.947580599179144,13.005323877915915,0.05195389519277685,28.163520562707127,31.292800312536485,0.5500014896742305,23.97233056109182,2.695745575833988,0.006652658492138773,15.743093723586409,500000.0,967810.4250058299,31.292800312615068,0.2867190859681609,17.06733475349497,0.36336678677664913,0.005990192019457186,20.964384010901146,500000.0,967810.4250082602,0.09458506160767981,1.3937026755852842,False
sd6060,ok,,0.2,1.6521285086514617,0.85638133265723,3.6493769147241517,1.7678399999999999,0.4844224209528182,0.4844224209528182,11.107126543876845,3.4807476635876453,0.10270937743336603,3.00000002997,9.191148533382957,23.298275107229802,14.107126573846845,0.042388353063599234,28.163520562707127,31.29280031244814,0.4955346611223982,22.056887909554117,2.6025878314169755,0.006870740086887231,16.15774720011884,500000.0,1003172.1319402577,31.292800312615068,0.30004668388253847,17.490681114409043,1.255698524126211,0.006533130303932103,19.664679334912165,500000.0,1003172.131945609,0.10364941485229906,1.1566535117056858,False
sd6080,ok,,0.21,1.7968612475692334,0.8335279709895991,3.749434181422319,1.7678399999999983,0.4714951415227622,0.4714951415227622,10.050740904960987,2.8088299688338765,0.07929756635279024,3.000000029970004,11.896839664258614,24.947580599189607,13.05074093493099,0.05179598109325254,28.163520562707927,31.29280031253042,0.5451621762345471,23.74797823330911,1.3324696446919402,0.0064701442790933445,15.79966047433975,500000.0,976401.5162464475,31.292800312615917,0.28518879020080484,17.416115856809053,-0.9700750963495902,0.007111697895520007,19.290803195825912,500000.0,976401.5162491151,0.09184556030466136,1.372641137123746,False
sd7003,ok,,0.21,1.8107593872484793,0.8500452796741021,3.6765785780237357,1.7678399999999996,0.4808383562279971,0.4808383562279971,9.790923578576619,2.629498310257354,0.07898943671320328,3.00000002997,12.156656990640368,24.947580599186985,12.790923608546619,0.052699360172405375,28.163520562707127,31.292800312542024,0.5345690794154185,24.488154407431924,3.186687339035425,0.007508815748552108,15.274010373473883,500000.0,995750.0274008113,31.292800312615068,0.27407997465231637,16.9620926876386,0.8030604334463887,0.005852925171659882,20.9553041599431,500000.0,995750.0274031356,0.0850152477637511,1.326538127090301,False
sd7032,ok,,0.2,1.8115604590484455,0.7777849051488016,4.018152377233513,1.7678399999999999,0.4399634045777908,0.4399634045777908,9.77594802514984,2.6452612795276944,0.08043406456269563,3.00000002997,12.171632544067798,24.94758059918764,12.775948055119839,0.052751429839403174,28.163520562707127,31.292800312542404,0.5842334038738803,23.630462692693936,1.2429186757881028,0.006382559085232456,16.03878049965514,500000.0,911103.6307510497,31.292800312615068,0.29919276501573616,17.22722299239268,-1.4179745424435577,0.007109138682519832,19.96167239530314,500000.0,911103.6307531653,0.09955229948750516,1.5426859531772574,False
sd7034,ok,,0.2,1.7985131134729633,0.7848128473293907,3.9821701138491177,1.7678399999999803,0.44393884476502365,0.44393884476502365,10.019860137558576,2.8054827795475115,0.08028157203109616,3.000000025343624,11.927720390682136,24.947580553584338,13.0198601629022,0.05190335257745236,28.16352047585277,31.292800252045197,0.57900163725246,23.712421414878904,1.5083668029580595,0.006764188930761669,15.846175292020469,500000.0,919336.2182089594,31.292800264367642,0.30217440640974536,17.469801575363206,-0.921870128728503,0.0076647318553820405,19.155998148313426,500000.0,919336.2185709747,0.10508449986522966,1.5199163879598663,False
sd7037,ok,,0.2,1.7951585710999125,0.8282701079717576,3.7732356093992516,1.7678399999999996,0.46852096794492587,0.46852096794492587,10.082571413072387,2.8319694428479543,0.07939823110267548,3.00000002997,11.865009156133812,24.9475805991762,13.082571443042387,0.05168530712274854,28.163520562707127,31.292800312534453,0.5486228686069213,23.755631402931815,1.6064114028155787,0.006224655784114719,15.931133792610414,500000.0,970242.4122914381,31.292800312615068,0.2876991556462566,17.03823391820717,-0.7602518189322343,0.005881118457972926,21.093094004306124,500000.0,970242.4122939375,0.09198855960130205,1.3877026755852842,False
sd7043,ok,,0.2,1.835904680921889,0.7668331729047301,4.075538690849353,1.7678399999999996,0.4337684252560923,0.4337684252560923,9.320847501928318,2.3455286556289723,0.08067676837115167,3.00000002997,12.626733067304801,24.94758059920312,12.320847531898318,0.05433380426117701,28.163520562707127,31.29280031255363,0.5925772888716919,23.51308610518156,1.366531497093305,0.006000483663260949,16.246878647979095,500000.0,898274.6815849211,31.292800312615068,0.29265581077061636,17.148561045210368,-1.416087024622322,0.007278414982022284,19.8937412178327,500000.0,898274.6815866847,0.0913040613615346,1.579,False
sd7062,ok,,0.2,1.7471828002544012,0.754660288827785,4.141278283576399,1.7678399999999996,0.4268826866841938,0.4268826866841938,10.979449470093495,3.4552666513618964,0.0809548042392425,3.00000002997,10.968131099073851,24.947580599137346,13.979449500063495,0.048566882017790296,28.163520562707127,31.292800312509183,0.6021357282793944,23.974979462464475,1.385275644359804,0.008174667792915733,15.384537727404037,500000.0,884015.2651231487,31.292800312615068,0.3374085103025924,17.798109770675467,-1.0463265676875233,0.008243046819061095,18.780693834852535,500000.0,884015.26512614,0.1397735328659243,1.6206,False
sd7080,ok,,0.2,1.7821631948380632,0.8500154646386815,3.676707537231056,1.7678399999999996,0.4808214909939144,0.4808214909939144,10.32551212265592,2.9859018446737804,0.07898998212400433,3.00000002997,11.622068446540586,24.947580599166507,13.32551215262592,0.050840607665728337,28.163520562707127,31.292800312527916,0.5345878298931891,23.874782166604632,2.0061651341166926,0.0063586917240344935,15.793103913005778,500000.0,995715.1018228114,31.292800312615068,0.2855449888429633,17.020404687400962,-0.14432497296660027,0.0054896610204496175,21.416507240112068,500000.0,995715.1018255845,0.09151171597061275,1.3266197324414715,False
sd7084,ok,,0.2,1.7028112790771337,0.8567571813955581,3.647775978380694,1.7678399999999626,0.48463502432096583,0.48463502432096583,10.76621892801739,3.2497983945150875,0.10623806036116117,3.00000002997,10.13863231247987,23.90485127046726,13.76621895798739,0.04568273314126791,28.163520562707127,31.292800312482743,0.5082129799387948,22.66032105708019,1.8537742659365415,0.006437085269389139,16.144406902887443,500000.0,1003612.4042426842,31.292800312615068,0.2926674205127807,17.135490696431145,0.10224183429289918,0.005653797704650561,20.96684863546771,500000.0,1003612.404246928,0.09620761472732023,1.2118317725752508,False
sd7090,ok,,0.2,1.765283840295697,0.8377102656405241,3.7307150142303502,1.7678399999999994,0.473860906892323,0.473860906892323,10.641061460144241,3.200840427248214,0.07921839744824571,3.0000000299700007,11.306519109040098,24.947580599154342,13.641061490114243,0.049743449620474396,28.163520562707184,31.29280031251867,0.5424404370518641,24.10939020915903,2.3360620881460568,0.007102013515744338,15.499811588442961,500000.0,981300.6905757703,31.29280031261512,0.29660043895214233,17.35708612588538,0.579378738145777,0.006132541488998473,20.49420042084991,500000.0,981300.6905787949,0.09985369870886428,1.360795652173913,False
sd8000,ok,,0.2,1.7869973442223492,0.8547661566159056,3.656272819620173,1.7678399999903656,0.4835087771634107,0.4835087771634107,10.235140300284273,2.9142849245462616,0.08848681272387536,3.0000000255091583,11.712440037184086,24.94758036297752,13.23514032579343,0.05115482756899105,28.163520478960024,31.292800253327954,0.5316166492010955,24.09054149393649,2.776191050408806,0.00669034579416188,15.622775517468867,500000.0,1001280.0995635939,31.292800266093472,0.28203219885727715,17.07506526633952,0.43416382640071954,0.00557407902068753,21.256041675176036,500000.0,1001280.099972054,0.08859289418941894,1.3136886287625418,False
sd8020,ok,,0.2,1.5993830659846533,0.8551928585411043,3.65444850759297,1.7678399999999164,0.48375014624691415,0.48375014624691415,10.98771119064183,3.412216220157229,0.09210081083875656,3.00000002997,8.205104342657872,22.192815563269704,13.98771122061183,0.03895989929025669,28.163520562707127,31.2928003124059,0.47267844557870453,21.750391453348573,3.6205613685204887,0.00859739540586048,15.64100447494342,500000.0,1001779.9435908832,31.292800312615068,0.29792026964873036,17.658836704822285,2.413973744436141,0.007215713659430687,18.849068962940585,500000.0,1001779.9435975793,0.1009853306227263,1.0571792642140467,False
sd8040,ok,,0.2,1.7875817124890148,0.8077495876295084,3.869092988052958,1.7678399999999999,0.45691328832332595,0.45691328832332595,10.224216208133164,2.9337545341407427,0.07980364347624726,3.00000002997,11.723364361067512,24.947580599170678,13.224216238103164,0.051192811313040175,28.163520562707127,31.29280031253067,0.5625603894771203,23.990102467907363,2.1831189631298775,0.006726016460026622,15.777776797445796,500000.0,946204.5060977824,31.292800312615068,0.2982020724544388,17.1385561105343,-0.05040002743000972,0.005837124533351113,21.352309236635662,500000.0,946204.5061003345,0.09994277055711982,1.4483612040133778,False
sg6040,failed,Infeasible_Problem_Detected,0.61,,,,,,,,,,,,,,,,,,,,,,,,,,,,,,,,,,
sg6041,ok,,0.2,1.7481880704199009,0.8445414668413728,3.700538562409044,1.7678399999999996,0.47772505817346195,0.47772505817346195,10.960656551567576,3.411374954421039,0.07909077128771622,3.000000029970001,10.986924017602998,24.947580599140576,13.960656581537577,0.04863222457854747,28.163520562707266,31.292800312508653,0.5380528256550996,23.651172134074766,2.4461488298396676,0.0064115255752554765,15.787719492370181,500000.0,989302.8158099215,31.29280031261521,0.30109415587593996,17.405746499378328,0.27303133460416323,0.006239421444326617,20.202240960957123,500000.0,989302.8158132903,0.09993292494279836,1.3417,False
sg6042,ok,,0.2,1.7923253951406939,0.7821176749627899,3.995892645884375,1.7678399999999994,0.44241428803669464,0.44241428803669464,10.135535926299399,2.8835183211679363,0.08033992064005147,3.00000002997,11.812044642904933,24.94758059917433,13.135535956269399,0.05150115068539932,28.16352056270713,31.292800312533032,0.5809968719073578,23.409971198435763,0.4828305058697178,0.006358356577824195,16.03384278438834,500000.0,916179.0729232848,31.29280031261507,0.30590963604830207,17.75302799111924,-2.1204235386213415,0.008521994199791846,18.20365127336712,500000.0,916179.0729256867,0.09998609075406414,1.5286,False
sg6043,ok,,0.21,1.8230225116867063,0.736093628956696,4.245734703653924,1.7678399999999996,0.41638023178381306,0.41638023178381306,9.561671874530738,2.516038044520357,0.08139656407297288,3.00000002997,12.385908694694445,24.947580599195184,12.561671904500738,0.05349646326089013,28.163520562707127,31.29280031254778,0.617323537035424,23.69643320771048,-1.4078814011572933,0.008495185519578757,15.340829199421606,500000.0,862266.1271460011,31.292800312615068,0.31083638352416887,18.812321294476092,-4.077880906480877,0.01388638689626494,14.170825817385078,500000.0,862266.1271478552,0.1001385754854271,1.6867,False
sg6050,failed,Maximum_Iterations_Exceeded,1.34,,,,,,,,,,,,,,,,,,,,,,,,,,,,,,,,,,
sg6051,ok,,0.2,1.7046060580855376,0.8262428174297958,3.7824937169460426,1.7678399999999996,0.4673742066192619,0.4673742066192619,11.775395947187544,3.9612553427657757,0.07943738655398802,3.000000029970001,10.172184621938642,24.947580599096188,14.775395977157546,0.04579939377681373,28.163520562707316,31.29280031248247,0.5499689837309348,23.694465608938508,1.5510645485420425,0.007197944462982697,15.500964083730741,500000.0,967867.6274860357,31.292800312615263,0.32572334930163044,17.95514604659109,-0.4199479698911627,0.007288387625325997,18.92778387363513,500000.0,967867.627490143,0.12002984377490834,1.3935612040133778,False
sm701,ok,,0.2,1.683786357211459,0.761928938546281,4.1017713168406775,1.7678399999999996,0.43099428599097267,0.43099428599097267,12.164607679235969,4.242990960030039,0.08078771495528092,3.00000002997,9.782972889861126,24.947580599067095,15.164607709205969,0.044446113219999056,28.163520562707127,31.29280031247035,0.5963914738344098,23.98266439188232,0.4073644848372072,0.008776296467562051,15.11947320739917,500000.0,892529.8211456055,31.292800312615068,0.362521836769556,18.272097368210293,-1.6794949593128485,0.008525275932421857,18.256422166392237,500000.0,892529.8211497332,0.1598852176267367,1.5956,False
sokolov,ok,,0.2,1.8711835458152601,0.7995079046460034,3.9089773189719272,1.7678399999999994,0.4522512810243029,0.4522512810243029,8.661330432326825,1.8947241183446386,0.07997232736509258,3.00000002997,13.286250136925869,24.947580599222693,11.661330462296824,0.056626930479245774,28.16352056270728,31.292800312568755,0.5683595121149879,23.113655759118554,-1.119969750282035,0.009924916946939252,14.516611518332454,500000.0,936550.1309110532,31.292800312615242,0.265670174539869,20.930447665050067,-3.4265204952250845,0.02339880917305208,8.919648317093076,500000.0,936550.1309124446,0.071,1.4736,False
sp4621hp,failed,Infeasible_Problem_Detected,0.81,,,,,,,,,,,,,,,,,,,,,,,,,,,,,,,,,,
sp4721bs,failed,Infeasible_Problem_Detected,1.16,,,,,,,,,,,,,,,,,,,,,,,,,,,,,,,,,,
sp4721la,failed,Maximum_Iterations_Exceeded,1.32,,,,,,,,,,,,,,,,,,,,,,,,,,,,,,,,,,
spicasm,ok,,0.2,1.7487620074161372,0.7984298824850153,3.914255132677418,1.7678399999999996,0.45164148479784116,0.45164148479784116,10.949927146097997,3.4208311456170435,0.07999464889980014,3.00000002997,10.997653423071005,24.947580599139002,13.949927176067996,0.04866953048330309,28.163520562707152,31.292800312509968,0.5691268984103797,23.871115838523536,1.0338966496653845,0.008706975270168773,14.987327631070363,500000.0,935287.3268893091,31.292800312615093,0.31823842617375303,18.95876019623658,-1.453324799901124,0.012135193023115595,14.950533792045512,500000.0,935287.326892451,0.1172,1.4769397993311038,False
ssca07,ok,,0.2,1.6877283247531998,0.8567571811476485,3.6477759794306985,1.7678399999986278,0.4846350241810987,0.4846350241810987,9.55529657160673,2.442516826371216,0.1062380580970519,3.0000000299700007,9.85666559197995,22.411962193556683,12.555296601576732,0.04470234111021205,28.163520562707195,31.292800312472387,0.47647441797763446,22.24855858214079,3.7701043775624004,0.008410041825287474,15.662167271686268,500000.0,1003612.4039527066,31.292800312615135,0.2669234219229345,16.453659382191688,1.8667007297972318,0.0053359705869877585,21.80038309816978,500000.0,1003612.4039572848,0.06998020888226932,1.0737,False
ssca09,ok,,0.2,1.7544587902481261,0.8567571815006668,3.6477759779331844,1.7678399999999643,0.4846350243804214,0.4846350243804214,10.664030440411947,3.1816727350946654,0.10623806133029892,3.00000002997,11.104151337076425,24.768181807458372,13.664030470381947,0.04903982136738237,28.16352056270715,31.29280031251302,0.5265672369196958,24.9697022245346,4.005845246180226,0.009178263160792413,14.601783175563293,500000.0,1003612.4043667796,31.29280031261509,0.29049491100561453,17.26987361626505,1.9938949256208565,0.005969157259380334,20.528077671696277,500000.0,1003612.4043700531,0.08997457836752194,1.2917127090301004,False
stcyr171,failed,airfoil 'stcyr171' not found in the aerosandbox UIUC database,0.0,,,,,,,,,,,,,,,,,,,,,,,,,,,,,,,,,,
stcyr172,failed,Maximum_Iterations_Exceeded,1.35,,,,,,,,,,,,,,,,,,,,,,,,,,,,,,,,,,
stcyr234,failed,Maximum_Iterations_Exceeded,1.2,,,,,,,,,,,,,,,,,,,,,,,,,,,,,,,,,,
stcyr24,ok,,0.21,1.765902085458782,0.7363128757234496,4.244470480744123,1.7678399999999994,0.4165042513595404,0.4165042513595404,10.629503740259736,3.2278566779677655,0.08139123711227086,3.00000002997,11.31807682892401,24.947580599153746,13.629503770229736,0.049783635556075054,28.163520562707127,31.292800312519418,0.6171397208970282,24.24560314973339,-1.9673230616451616,0.009958928081450106,14.801342168863297,500000.0,862522.9546098532,31.292800312615068,0.337159273591383,18.716592812214806,-4.607432860417765,0.01250868104314206,15.338698908927203,500000.0,862522.9546124897,0.12350000000000001,1.6859,False
ste87151,failed,Maximum_Iterations_Exceeded,1.29,,,,,,,,,,,,,,,,,,,,,,,,,,,,,,,,,,
ste87391,failed,Maximum_Iterations_Exceeded,1.28,,,,,,,,,,,,,,,,,,,,,,,,,,,,,,,,,,
stf86361,failed,Maximum_Iterations_Exceeded,1.26,,,,,,,,,,,,,,,,,,,,,,,,,,,,,,,,,,
supermarine371i,failed,Infeasible_Problem_Detected,0.48,,,,,,,,,,,,,,,,,,,,,,,,,,,,,,,,,,
supermarine371ii,failed,Infeasible_Problem_Detected,0.3,,,,,,,,,,,,,,,,,,,,,,,,,,,,,,,,,,
t16,failed,airfoil 't16' not found in the aerosandbox UIUC database,0.0,,,,,,,,,,,,,,,,,,,,,,,,,,,,,,,,,,
tempest1,failed,Maximum_Iterations_Exceeded,1.29,,,,,,,,,,,,,,,,,,,,,,,,,,,,,,,,,,
tempest2,failed,Maximum_Iterations_Exceeded,1.33,,,,,,,,,,,,,,,,,,,,,,,,,,,,,,,,,,
tempest3,failed,Infeasible_Problem_Detected,0.91,,,,,,,,,,,,,,,,,,,,,,,,,,,,,,,,,,
th25816,failed,Maximum_Iterations_Exceeded,4.38,,,,,,,,,,,,,,,,,,,,,,,,,,,,,,,,,,
trainer60,failed,Maximum_Iterations_Exceeded,1.3,,,,,,,,,,,,,,,,,,,,,,,,,,,,,,,,,,
tsagi12,failed,Maximum_Iterations_Exceeded,1.31,,,,,,,,,,,,,,,,,,,,,,,,,,,,,,,,,,
tsagi8,failed,Infeasible_Problem_Detected,0.3,,,,,,,,,,,,,,,,,,,,,,,,,,,,,,,,,,
tsagi_r3a,ok,,0.21,1.7987109420176988,0.7393684585435554,4.226929387488733,1.7678399999999996,0.41823267860414715,0.41823267860414715,10.01616198451261,2.8179940246368775,0.08131700918483493,3.00000002997,11.9314185846964,24.947580599179012,13.01616201448261,0.051916211232404634,28.163520562707127,31.292800312536208,0.6145892719199086,24.578203361359108,3.05108097571504,0.009255972916308029,15.041071027853798,500000.0,866102.289440587,31.292800312615068,0.3206560854199762,17.489113932309028,0.5029767376026212,0.00827997880711411,18.992601756430147,500000.0,866102.2894427697,0.12088806074273223,1.6748,False
ua2-180,failed,Maximum_Iterations_Exceeded,1.26,,,,,,,,,,,,,,,,,,,,,,,,,,,,,,,,,,
ua2-180sm,ok,,0.2,1.6708823434249584,0.740793515317916,4.218798087424909,1.7678399999999996,0.41903877914173016,0.41903877914173016,12.405840422520344,4.410659776664423,0.08128265995245595,3.00000002997,9.541740146558695,24.94758059904904,15.405840452490343,0.043607352323876525,28.163520562707127,31.29280031246155,0.6134069929346229,25.32915821040493,0.03426218100248069,0.01590035994220891,12.928984773922645,500000.0,867771.6126569944,31.292800312615068,0.37879626154450313,20.94969637815289,-2.2243022659965637,0.02023196963832042,11.741619404298214,500000.0,867771.6126612514,0.18166485259472587,1.6696545150501672,False
ua79sf18,failed,too few converged polar points,0.01,,,,,,,,,,,,,,,,,,,,,,,,,,,,,,,,,,
ua79sff,failed,airfoil 'ua79sff' not found in the aerosandbox UIUC database,0.0,,,,,,,,,,,,,,,,,,,,,,,,,,,,,,,,,,
ua79sfm,failed,airfoil 'ua79sfm' not found in the aerosandbox UIUC database,0.0,,,,,,,,,,,,,,,,,,,,,,,,,,,,,,,,,,
uag8814320,failed,Maximum_Iterations_Exceeded,1.27,,,,,,,,,,,,,,,,,,,,,,,,,,,,,,,,,,
ui1720,ok,,0.2,1.818918452150537,0.722024491447214,4.328465727437836,1.7678399999999996,0.40842185460630726,0.40842185460630726,9.638394788573837,2.5715789684534,0.08174647700413487,3.00000002997,12.309185780648717,24.947580599192555,12.638394818543837,0.05322969939103913,28.163520562707127,31.29280031254587,0.6293525053505994,26.312756450089296,1.2090881487914484,0.014994225500060118,13.289204137876325,500000.0,845785.4238286556,31.292800312615068,0.3188287301447924,18.793092156998753,-1.5715388231617118,0.014166420395638625,14.187597296773951,500000.0,845785.423830526,0.13810598866816293,1.7390521739130433,False
ultimate,failed,Maximum_Iterations_Exceeded,1.39,,,,,,,,,,,,,,,,,,,,,,,,,,,,,,,,,,
us1000root,failed,Restoration_Failed,0.27,,,,,,,,,,,,,,,,,,,,,,,,,,,,,,,,,,
usa22,failed,Infeasible_Problem_Detected,0.44,,,,,,,,,,,,,,,,,,,,,,,,,,,,,,,,,,
usa25,ok,,0.21,1.7602801834468014,0.8567571815076023,3.6477759779038017,1.7678399999999996,0.4846350243843348,0.4846350243843348,10.71177754819048,3.21350414020627,0.10623806139408591,3.00000002997,11.212978766618285,24.924756344778764,13.71177757816048,0.04941821192529631,28.163520562707127,31.292800312516395,0.5298959843433505,25.228052566559047,1.069836674736454,0.010777471090137908,13.943889409556741,500000.0,1003612.4043749919,31.292800312615068,0.29151000620925427,18.852075613165017,-1.3800907195703962,0.0112194128052336,14.98100744679109,500000.0,1003612.4043781565,0.0827511909527622,1.3062,False
usa26,ok,,0.2,1.7088743549214018,0.8567571812052464,3.647775979190587,1.7678399999998684,0.48463502421333954,0.48463502421333954,11.214039674889062,3.5483455609935732,0.10623805857873261,3.00000002997,10.251977853097134,24.466017557956196,14.214039704859061,0.046076833071145344,28.163520562707127,31.292800312486552,0.5201432777153969,24.171715804998797,1.2334186820423938,0.009664025133688227,14.490420495873202,500000.0,1003612.4040199271,31.292800312615068,0.30218801176311694,18.62798430887768,-1.1772155911898332,0.010175062537074593,15.88043672874284,500000.0,1003612.4040240488,0.09824736600687395,1.2637545150501672,False
usa27,ok,,0.2,1.702085978374766,0.8444261700700436,3.7010438287822893,1.7678399999999996,0.47765983916533383,0.47765983916533383,11.82250731516655,3.9859850084232344,0.07909290829386605,3.00000002997,10.125073253953916,24.947580599090465,14.82250734513655,0.04563558859561384,28.163520562707195,31.292800312482086,0.5381262906372174,24.52234496541225,0.45629099336101503,0.010417583097244216,14.127646181374676,500000.0,989167.7562234863,31.292800312615142,0.3197256288573382,19.618187926612322,-1.8487804665963457,0.012988978084432477,14.049111164188629,500000.0,989167.7562276922,0.1107,1.3420197324414715,False
usa27m2,failed,Maximum_Iterations_Exceeded,1.27,,,,,,,,,,,,,,,,,,,,,,,,,,,,,,,,,,
usa28,failed,Infeasible_Problem_Detected,1.11,,,,,,,,,,,,,,,,,,,,,,,,,,,,,,,,,,
usa29,failed,Infeasible_Problem_Detected,0.9,,,,,,,,,,,,,,,,,,,,,,,,,,,,,,,,,,
usa31,ok,,0.2,1.5935835300087875,0.7541135377994017,4.144280813098642,1.7678399999999994,0.42657341037616636,0.42657341037616636,11.724920723334089,3.9524254801829573,0.08096749471330995,3.000000029968013,10.222659845665168,24.94758059896727,14.7249207533021,0.045974895009789386,24.96069327048315,31.29280031248557,0.6025722916213148,24.19893994979368,-1.795297193290793,0.013857670093228441,13.436935770978263,500000.0,883374.7964739153,27.734103356824846,0.4527873524570555,24.03779412739242,-5.0131183658395635,0.037422740394042316,8.244628516032002,500000.0,782915.1646248334,0.14855131463021404,1.6225,False
usa32,ok,,0.2,1.70021192546668,0.7400047718966074,4.223294746586657,1.7678399999999996,0.41859261692042693,0.41859261692042693,11.857541602292974,4.04537820484848,0.08130167708849441,3.00000002997,10.090038966824988,24.947580599087964,14.857541632262974,0.04551377515658843,28.163520562707127,31.29280031248109,0.6140608005163811,24.436860268840462,-0.49341401410515395,0.013110171289339927,13.741140523759263,500000.0,866847.6721308857,31.292800312615068,0.3657041560442246,20.54093546992166,-3.4677262430940714,0.019044587040674903,12.091577935079757,500000.0,866847.672134597,0.14720906404980066,1.6725,False
usa33,failed,Infeasible_Problem_Detected,0.99,,,,,,,,,,,,,,,,,,,,,,,,,,,,,,,,,,
usa34,failed,Infeasible_Problem_Detected,1.24,,,,,,,,,,,,,,,,,,,,,,,,,,,,,,,,,,
usa35,ok,,0.2,1.6769612725548289,0.716550119589134,4.361534776369873,1.7678399999999996,0.4053252101938717,0.4053252101938717,12.292198514313442,4.342462078230102,0.08188627505861902,3.00000002997,9.655382054774394,24.947580599057837,15.292198544283442,0.04400248271731809,28.163520562707127,31.292800312465744,0.6341606960825361,24.766151983199453,-0.51906030685567,0.012550908094257688,14.04187211410145,500000.0,839372.6996363597,31.292800312615068,0.3887235170912255,19.332589691412885,-2.709581771103049,0.013414490463069398,15.144461567852195,500000.0,839372.6996403651,0.18175556465002168,1.7599782608695653,False
usa35a,ok,,0.21,1.6780508668219025,0.7157505272180266,4.366407214182891,1.7678399999999996,0.4048729111333756,0.4048729111333756,12.27182920764173,4.329126674219255,0.08190613620979142,3.00000002997,9.67575136144763,24.947580599059357,15.27182923761173,0.04407330634467789,28.163520562707127,31.292800312466483,0.6348691413233954,24.76986901152254,-0.5216923351522432,0.01252594172357091,14.053991079349126,500000.0,838436.0505607644,31.292800312615068,0.38863941438848704,19.296873343140085,-2.7127179164822097,0.013304471668933256,15.21765813570284,500000.0,838436.0505647454,0.1817331035554247,1.7630615384615385,False
usa35b,ok,,0.2,1.7646609327742986,0.7781688395114824,4.016169893878003,1.7678399999999999,0.4401805816767821,0.4401805816767821,10.652706339999218,3.2296371134840562,0.08042567993723021,3.00000002997,11.294874229183426,24.947580599152644,13.652706369969218,0.04970296063158363,28.163520562707127,31.292800312518754,0.5839451537305508,23.725679609435485,-0.30104674889213473,0.007716787627419093,15.470506411099196,500000.0,911553.3746184828,31.292800312615068,0.3195673299186155,18.225781837305462,-2.681002053508833,0.009884263282966503,16.92839808868591,500000.0,911553.3746212885,0.1161,1.5414314381270904,False
usa40,ok,,0.2,1.7382635148408965,0.7834981338327198,3.9888522137402482,1.7678399999999994,0.443195161232193,0.443195161232193,11.146190123369053,3.5568179507779845,0.08031011242360167,3.0000000299700016,10.80139044580194,24.947580599140995,14.146190153339054,0.047987128465911785,28.163520562707436,31.292800312502557,0.5799732035022431,24.058805898830514,0.31141603181734706,0.00861881659348603,15.08638726036788,500000.0,917796.1537890537,31.29280031261539,0.32886600718329345,18.116041481999506,-1.970770183304338,0.009254181032454593,17.452288620226017,500000.0,917796.153792363,0.13319832606379362,1.5241448160535116,False
usa40b,ok,,0.2,1.7942411361378499,0.7115942547896306,4.391910480676833,1.7678399999999996,0.40252186554757824,0.40252186554757824,10.099722305527692,2.8823207562267177,0.08159404805887438,3.00000002997,11.847858263678045,24.947580599175737,13.099722335497692,0.05162567385021446,28.163520562707127,31.292800312534,0.6385772784958361,24.6871383953137,1.5156225725096006,0.010239567863675086,14.82377997552702,500000.0,833567.358878236,31.292800312615068,0.33531047248270146,17.87906592059217,-1.4722813575412084,0.009968839328680432,17.626578750346823,500000.0,833567.3588803955,0.136291556,1.7792,False
usa41,ok,,0.2,1.8607540150161712,0.8375668104904673,3.7313539964291107,1.7678399999999967,0.4737797597579356,0.4737797597579356,8.856304210845968,2.0110551133762313,0.07922109941807551,3.000000029969999,13.091276358406876,24.947580599222846,11.856304240815966,0.05594901097730414,28.163520562707653,31.292800312562985,0.5425333441169815,24.54266951015863,0.5476711433283431,0.008087448932149684,15.075900291719647,500000.0,981132.6460352818,31.292800312615658,0.2578382445957886,18.187558560376537,-2.2017404290259965,0.010020438170255112,15.797149789216364,500000.0,981132.6460369333,0.06599380061993801,1.3612,False
usa45,failed,Maximum_Iterations_Exceeded,1.24,,,,,,,,,,,,,,,,,,,,,,,,,,,,,,,,,,
usa45m,ok,,0.2,1.673232071886296,0.8561868673224025,3.6502057960475156,1.7678399999999996,0.48431241929269764,0.48431241929269764,11.648306844902589,3.84340376773289,0.1009171264572804,3.00000002997,9.585666900832413,24.233973775705003,14.648306874872588,0.04376008467386347,28.163520562707127,31.29280031246318,0.5155532533926479,23.633291575546323,1.6196444123926406,0.009394547293578746,14.668021729271905,500000.0,1002944.3336491514,31.292800312615068,0.31162789626900333,18.989514631062157,0.29212615305101564,0.010822651349807899,15.40266776650257,500000.0,1002944.3336540195,0.11629999999999999,1.2437779264214046,False
usa46,ok,,0.2,1.6068110922577807,0.8567571810522253,3.6477759798405565,1.767839999999495,0.4846350241268837,0.4846350241268837,8.935632842475444,2.0294076743343097,0.10623805715975314,3.00000002997,8.343966807069043,20.279599679514487,11.935632872445444,0.03944272099800997,28.163520562707127,31.29280031241227,0.43114076187498196,18.791160264282855,1.348222864964091,0.005486819238266878,18.339058790954383,500000.0,1003612.4038385066,31.292800312615068,0.25374947885266025,16.27671782653156,-0.2331471080395146,0.005683687602180956,21.275862637014775,500000.0,1003612.4038450108,0.06540302616563312,0.8764,False
usa48,failed,Maximum_Iterations_Exceeded,1.32,,,,,,,,,,,,,,,,,,,,,,,,,,,,,,,,,,
usa49,ok,,0.2,1.6708147021061146,0.8567571814025069,3.64777597835033,1.7678399999997738,0.48463502432494826,0.48463502432494826,9.613182107208909,2.4811071806305143,0.10623806042523017,3.00000002997,9.540475632960492,22.1536577701394,12.613182137178908,0.04360295563815165,28.163520562707138,31.292800312461317,0.47098291072559234,21.729667455808148,2.892711969410226,0.007814975919243482,16.062185555999044,500000.0,1003612.4042502441,31.292800312615082,0.268154058262491,16.590682122831556,0.8887511773608829,0.005459616208159742,21.57058501086702,500000.0,1003612.4042551756,0.0725,1.0498,False
usa50,failed,too few converged polar points,0.01,,,,,,,,,,,,,,,,,,,,,,,,,,,,,,,,,,
usa51,ok,,0.21,1.6582930711766808,0.856757180985106,3.6477759801283067,1.7678399999999745,0.4846350240887854,0.4846350240887854,10.635148972976236,3.1624184285288424,0.1062380564785567,3.00000002997,9.306391306199403,22.941540309145637,13.635149002946235,0.042789049627738475,28.163520562707127,31.292800312452634,0.48773315669649564,22.129666136520843,1.3645189158201203,0.0075114912177539,15.95150829866925,500000.0,1003612.4037609049,31.292800312615068,0.2898808962061588,17.21088313143524,0.012966480845595188,0.006204900056716918,20.1975322857191,500000.0,1003612.4037661145,0.09330000000000001,1.1227,False
usa5,failed,too few converged polar points,0.01,,,,,,,,,,,,,,,,,,,,,,,,,,,,,,,,,,
usa98,failed,airfoil 'usa98' not found in the aerosandbox UIUC database,0.0,,,,,,,,,,,,,,,,,,,,,,,,,,,,,,,,,,
usnps4,ok,,0.21,1.7757539223481291,0.7168301688743873,4.359830823676799,1.7678399999999999,0.40548362344691113,0.40548362344691113,10.445329600445367,3.111130549017025,0.08187909610807145,3.00000002997,11.502250968746418,24.947580599161785,13.445329630415367,0.05042400495388261,28.163520562707127,31.292800312524612,0.633912943885152,23.998150387904808,-0.17393776597863264,0.00937272070655692,15.10352530038225,500000.0,839700.7516724977,31.292800312615068,0.34164308853901304,18.549853914313143,-2.7156702044197765,0.012314824439329351,15.683665722472146,500000.0,839700.751674925,0.11941016912378302,1.7589,False
v13006,ok,,0.21,1.562476855114059,0.8567571808302898,3.6477759807875576,1.767839999999998,0.4846350240012053,0.4846350240012053,8.926836574680507,2.023543497856476,0.1062380550048113,3.00000002997,7.515165022961445,19.44200162761195,11.926836604650507,0.036560995583668064,28.163520562707127,31.292800312371657,0.41333357308691654,19.36596396849381,3.0919664189817238,0.008075319212178824,16.774959876719684,500000.0,1003612.4035769415,31.292800312615068,0.2535624717953922,16.33710358289693,1.5000940179436744,0.005779662714722911,21.106613790175185,500000.0,1003612.403584748,0.059767160562244286,0.7989,False
v13009,ok,,0.2,1.8013240395356198,0.8092903191524441,3.861726986766663,1.7678399999999996,0.4577848216764211,0.4577848216764211,9.967311704810966,2.7619400902749938,0.07977249023588064,3.00000002997,11.980268864399635,24.9475805991806,12.967311734780965,0.05208606257106951,28.163520562707127,31.29280031253748,0.5614893838007555,25.011289952207957,3.9399793793411098,0.009120975732154408,14.777933504596762,500000.0,948009.3316677139,31.292800312615068,0.29185226385108887,17.243079071835254,1.4366319957976528,0.00671786751290142,20.1015386019739,500000.0,948009.3316700644,0.08999546127798719,1.4437,False
v23010,ok,,0.2,1.7547890756475766,0.8477206238291688,3.686660649452116,1.767839999999999,0.4795233866351985,0.4795233866351985,10.837254695863956,3.327922046699624,0.07903207446176329,3.0000000282822663,11.110325856358621,24.94758058050484,13.837254724146224,0.0490612899914777,28.163520531020566,31.29280028917893,0.536034998065954,24.61919010677816,3.4241582183998944,0.009240266349945373,14.564015140096648,500000.0,993026.905695586,31.292800295012416,0.2973135123300312,18.09909696033915,1.6190439088281643,0.009108518264811532,16.90369258372894,500000.0,993026.9058807023,0.10179771656744835,1.332918060200669,False
v43012,ok,,0.2,1.7484008995415272,0.7791288472214888,4.011221349004368,1.7678399999999996,0.44072362160686995,0.44072362160686995,10.95667783969258,3.431960114320636,0.08040475097273285,3.00000002997,10.990902729475826,24.947580599138405,13.95667786966258,0.0486460584714535,28.163520562707127,31.29280031250987,0.5832256426358164,24.750263450412938,2.835029587273563,0.010469806049361305,14.414256579354753,500000.0,912677.935540331,31.292800312615068,0.3262798325149585,18.58030577866336,0.6495929504108193,0.011002522120358748,16.00258925179993,500000.0,912677.9355433992,0.1204,1.5383,False
v43015,failed,Maximum_Iterations_Exceeded,1.25,,,,,,,,,,,,,,,,,,,,,,,,,,,,,,,,,,
vr11x,ok,,0.2,1.7327974983967032,0.8043202996988201,3.885589194715414,1.7678399999999996,0.4549734702794485,0.4549734702794485,11.248373999127821,3.617734561065849,0.07987341135503047,3.00000002997,10.699206570025652,24.947580599123473,14.248374029097821,0.04763183739703992,28.163520562707127,31.292800312500965,0.5649589134912999,24.746284327830715,2.4381787234127597,0.009615894254058958,14.610329462887194,500000.0,942187.4100284809,31.292800312615068,0.3226663955831006,17.868799484315037,0.23121083135085463,0.00797682967247977,18.48714654092955,500000.0,942187.4100319165,0.10971,1.4588,False
vr12,ok,,0.2,1.7555777601646856,0.7958401420135321,3.926992495870933,1.7678399999999996,0.4501765668915356,0.4501765668915356,10.822510765401907,3.3367874396926567,0.08004851951584534,3.00000002997,11.125069803772883,24.94758059914479,13.822510795371906,0.04911255441195879,28.163520562707127,31.292800312513837,0.570978892151849,24.979928860813587,2.961174921757791,0.009771387921888244,14.590530757482254,500000.0,932253.6836152374,31.292800312615068,0.3163578074948844,17.521984856311846,0.7693447305274008,0.007199060392787309,19.512850842956283,500000.0,932253.6836182532,0.10565,1.485,False
vr13,ok,,0.2,1.7739374199884574,0.8125822799518878,3.846082227863776,1.7678399999999952,0.4596469589736006,0.4596469589736006,10.479288012383572,3.1020895721187616,0.07970630694230994,3.000000029883057,11.468292556081293,24.94758059834792,13.479288042266628,0.050305932304263785,28.16352056107805,31.292800311322768,0.5592146590527292,25.01006613720416,3.2128024828140127,0.009367175374272941,14.668177275476475,500000.0,951865.5615689002,31.29280031171188,0.30214615148339463,17.362955625879614,0.8751855983683355,0.00674726908978498,19.953759292468224,500000.0,951865.5615807363,0.09450800000000001,1.4338,False
vr14,ok,,0.2,1.7984181292878194,0.8413705028318182,3.714485182308212,1.7678399999999996,0.4759313641686003,0.4759313641686003,10.021635941630008,2.7865380258606045,0.07914975618179199,3.0000000299700007,11.925944627579726,24.947580599179737,13.02163597160001,0.05189717840496233,28.163520562707195,31.292800312535583,0.5400806435303304,25.122515509003648,3.4994745687610624,0.008910094013034846,14.722788236564025,500000.0,985588.3225068271,31.292800312615135,0.2819004234644906,17.202003058138676,1.0567555752602917,0.006179218144190293,20.508094832849125,500000.0,985588.3225093326,0.07958599999999999,1.3505254180602007,False
vr15,ok,,0.2,1.7383840413390137,0.856757181509099,3.647775977897428,1.7678399999999994,0.48463502438518147,0.48463502438518147,10.26100640681953,2.9129900459448996,0.10623806140761297,3.00000002997,10.803643615881905,24.064650052671432,13.261006436789529,0.04799496268829011,28.163520562707127,31.29280031250419,0.5116102741841844,24.092415160760837,3.5655468021343815,0.008981283907694572,14.890000918854081,500000.0,1003612.4043763538,31.292800312615068,0.281926690152841,17.257211426817218,1.421258892541502,0.006506081314740234,19.8365492529747,500000.0,1003612.4043799099,0.079557,1.2266173913043479,False
vr1,ok,,0.2,1.6427201469736794,0.8554725760766783,3.653253596898116,1.7678399999999497,0.48390837184174057,0.48390837184174057,11.600280490367023,3.818061324435632,0.09452462688798978,3.00000002997,9.015264894767574,23.6155454151046,14.600280520337023,0.04177680955454338,28.163520562707127,31.292800312441095,0.5028163009150688,22.529188999813325,2.707077454249894,0.007270334614893599,15.838392255230637,500000.0,1002107.6070122481,31.292800312615068,0.31086553007498413,17.760340666061037,1.2576641647788533,0.006605240629004549,19.47673035604133,500000.0,1002107.6070178194,0.10966168947499377,1.188344481605351,False
vr5,ok,,0.19,1.7296136845246468,0.8322445620918553,3.7552162044106723,1.7678399999999996,0.47076916581356654,0.47076916581356654,11.307893476337444,3.647401427705995,0.07932202111131756,3.00000002997,10.639687092812766,24.947580599120208,14.307893506307444,0.04742488949535627,28.163520562707127,31.292800312499097,0.5460028738123299,23.925224767902854,2.2675753600398947,0.007492883298600294,15.349815256320904,500000.0,974898.1205139114,31.292800312615068,0.3131426288632668,17.835844738096228,0.1430249603041106,0.007408008758910319,18.81478092323889,500000.0,974898.1205175243,0.12,1.3763,False
vr7,ok,,0.2,1.6992327434447807,0.8566339215165517,3.648300851858825,1.7678400000000005,0.4845653008850074,0.4845653008850074,11.794325262703392,3.9364181676453436,0.10507133046541503,3.00000002997,10.071733750382775,24.86605904305617,14.794325292673392,0.04545012832516497,28.163520562707127,31.292800312480466,0.5287241564371592,23.851216793625373,1.5411736043510487,0.007472145723479509,15.293191402471537,500000.0,1003468.0166072099,31.292800312615068,0.31457003889575746,17.987761728189128,0.24747802605990654,0.007126230573199964,18.814931954937236,500000.0,1003468.0166115263,0.12029999999999999,1.3011,False
vr7b,ok,,0.2,1.741735320097039,0.8142909671847112,3.8380117077868503,1.7678399999999999,0.4606134984980039,0.4606134984980039,11.08128682117827,3.502813654655049,0.0796721905251237,3.00000002997,10.866293747983852,24.947580599132124,14.08128685114827,0.048212795807561756,28.163520562707127,31.29280031250611,0.558041217364719,24.013631681710788,3.0296509039059956,0.007618490240334933,15.366552237594155,500000.0,953867.1318736596,31.292800312615068,0.3149779765295249,17.638172460011834,1.0618247652937598,0.0071112492939135186,19.378870955380368,500000.0,953867.1318769809,0.12029999999999999,1.428692976588629,False
vr8,ok,,0.2,1.6199819858137712,0.8567571812146657,3.647775979150998,1.7678399999999932,0.48463502421863347,0.48463502421863347,9.765396862278969,2.582583685791559,0.10623805865208029,3.00000002997,8.590188706458179,21.355585598707147,12.765396892248969,0.040298829079149355,28.163520562707127,31.292800312423257,0.4540160352806213,20.21017391079787,2.604697850890257,0.006535401878287748,17.118975104583402,500000.0,1003612.4040288603,31.292800312615068,0.27139011753825226,16.84597040024686,0.9127983732151391,0.006174309350503553,20.381597390677666,500000.0,1003612.4040350119,0.0815,0.9759571906354515,False
vr8b,ok,,0.2,1.6163289230519875,0.8567571762817425,3.647776000142523,1.7678399999972896,0.4846350214290072,0.4846350214290072,9.776870314337813,2.5902327032926413,0.10623801231635153,3.00000002997,8.521896904693135,21.298767249000946,12.776870344307813,0.040061379999633405,28.163520562707127,31.29280031242027,0.4528080896530172,20.360479250295686,3.3598333643879177,0.007053913255362281,16.81206441258252,500000.0,1003612.3982518325,31.292800312615068,0.2716340426949437,16.9066405355906,1.8507819327074202,0.006449256130412552,19.968336773742298,500000.0,1003612.39825808,0.0815,0.9707,False
vr9,ok,,0.2,1.5541331877880662,0.8567571808394474,3.6477759807484995,1.7678399999999816,0.4846350240063899,0.4846350240063899,8.753181035418578,1.9077731382622474,0.10623805509480003,3.00000002997,7.359185202143382,19.11236626753196,11.753181065388578,0.03601865720747852,28.163520562707127,31.292800312363276,0.40632558266042246,20.128702868829027,3.3957426187949356,0.010261699323695599,15.467663731019108,500000.0,1003612.4035874094,31.292800312615068,0.24987058523168545,16.417989000189692,1.6368346509369895,0.006270539870043214,20.274982006333182,500000.0,1003612.4035954848,0.0606,0.7684,False
w1011,ok,,0.2,1.712278492967291,0.8567571800773642,3.6477759839875077,1.7678399999986054,0.48463502357568566,0.48463502357568566,11.227244565542218,3.5571488328911847,0.10623804808882634,3.00000002997,10.315616157656997,24.542860753169215,14.227244595512218,0.046298102044128125,28.163520562707127,31.29280031248866,0.5217769513649819,24.194641136031045,4.443631338441139,0.008901197792505618,14.782107160980564,500000.0,1003612.4026995014,31.292800312615068,0.30246874583849687,17.7404567169761,2.6044089230128,0.0074119755447257275,18.57651438650811,500000.0,1003612.4027035555,0.10998391227110715,1.2708645484949832,False
w1015,failed,Maximum_Iterations_Exceeded,1.27,,,,,,,,,,,,,,,,,,,,,,,,,,,,,,,,,,
waspsm,ok,,0.2,1.7880022151889121,0.8303659027711406,3.763712184195208,1.7678399999999987,0.4697064795293359,0.4697064795293359,10.216355164165233,2.9203953233175852,0.07935795201735571,3.0000000299700025,11.731225405046196,24.947580599181432,13.216355194135236,0.051220143988532515,28.16352056270756,31.292800312527817,0.5472381766887804,23.90757298370862,1.479493334717428,0.006816844564205123,15.654101628751114,500000.0,972697.4435452282,31.29280031261552,0.28990763613788273,17.222154539312584,-0.6328249592500423,0.006527958578770312,20.096415027062854,500000.0,972697.4435479543,0.09353107142857142,1.381676254180602,False
wb13535sm,failed,Infeasible_Problem_Detected,1.08,,,,,,,,,,,,,,,,,,,,,,,,,,,,,,,,,,
wb140,failed,Infeasible_Problem_Detected,0.71,,,,,,,,,,,,,,,,,,,,,,,,,,,,,,,,,,
whitcomb,ok,,0.2,1.7343701911653517,0.8413203449347494,3.7147066327540013,1.7678399999999994,0.4759029917496774,0.4759029917496774,11.218973457777103,3.584781610350664,0.07915069277210483,3.0000000299700007,10.728607111379018,24.947580599126123,14.218973487747103,0.04773406242700184,28.163520562707237,31.292800312501466,0.5401128420971515,27.005809897371613,2.055168047087422,0.015111311912234172,12.594098207932133,500000.0,985529.5671328626,31.292800312615178,0.3078394777241145,19.282215487810923,0.033933969580627714,0.012503247197612342,14.30092247208969,500000.0,985529.5671364439,0.1096,1.3506655518394648,False
ys900,failed,too few converged polar points,0.01,,,,,,,,,,,,,,,,,,,,,,,,,,,,,,,,,,
ys915,failed,Infeasible_Problem_Detected,0.36,,,,,,,,,,,,,,,,,,,,,,,,,,,,,,,,,,
ys920,failed,too few converged polar points,0.01,,,,,,,,,,,,,,,,,,,,,,,,,,,,,,,,,,
ys930,failed,too few converged polar points,0.01,,,,,,,,,,,,,,,,,,,,,,,,,,,,,,,,,,
zv15_35,ok,,0.2,1.634307563929129,0.7818804662986256,3.9971049288272553,1.7678399999988657,0.44228010809752427,0.44228010809752427,11.85799795195718,4.031906972337893,0.08034504802681613,3.000000029970029,8.857996736224013,23.715994718151222,14.857997981927209,0.0412299916566395,28.163520562710637,31.292800312413526,0.5524823928421098,24.308820192706612,5.541318177915194,0.013161911493493291,13.753498304630744,500000.0,915901.2047414795,31.29280031261866,0.3461285252988408,19.13057811329743,3.6290703737591823,0.012159062199088706,15.207877186060363,500000.0,915901.2047474834,0.15648753445845848,1.4045,False
