airfoil,Re_requested,status,error,Re_actual,Re_clamped,alpha_deg,CL,CD,L_over_D,CL_max,alpha_stall_deg,t_over_c
e62,1000000,ok,,1000000.0,False,1.8983050847457628,0.9473559322033898,0.0015557627118644069,608.9334350147074,1.3547,7.0,0.056396824529609306
e71,1000000,ok,,1000000.0,False,1.0169491525423728,0.8122593220338983,0.0015859322033898306,512.165223896548,1.256,6.0,0.0516307190224511
goe574,1000000,ok,,1000000.0,False,3.9637208775012756,0.9921126466753585,0.0022563720877501275,439.6937243026319,1.1879892976588629,12.963210702341136,0.10249280080993702
m20,1000000,ok,,1000000.0,False,5.983050847457627,1.0449393855223625,0.0024950280596338077,418.8086709035758,1.3823,15.0,0.08149999999999999
goe402,1000000,ok,,1000000.0,False,5.8489314664701535,1.1559003684598377,0.0027697862932940308,417.32474857659764,1.4888635451505017,12.00334448160535,0.068
goe361,1000000,ok,,1000000.0,False,4.135593220338983,1.0002542372881356,0.002667457627118644,374.98411488117927,1.4394,11.0,0.068
goe610b,1000000,ok,,1000000.0,False,4.946998469474519,1.0219907091434723,0.0027706003061050964,368.8697741393758,1.3283147157190636,10.996655518394647,0.0779302418307185
goe281,1000000,ok,,1000000.0,False,3.950683067853297,0.9084611756703135,0.0024886038206450877,365.04853369341254,1.3355896321070233,11.003344481605351,0.08039323353323234
goe324,1000000,ok,,1000000.0,False,6.237401507851027,1.173439362847911,0.003405968482512329,344.5244337617453,1.6642384615384616,12.050167224080266,0.13125260252072857
goe329,1000000,ok,,1000000.0,False,5.915254237288136,1.2232762711864407,0.003616271186440678,338.27005999250093,1.6237,13.0,0.10156648453025938
goe134,1000000,ok,,1000000.0,False,6.042287852162577,1.0561852502692592,0.003168606654951534,333.32797828306474,1.4489394648829432,12.013377926421406,0.0945
fg1,1000000,ok,,1000000.0,False,4.170455189615101,0.8944080097500142,0.0030979547644691347,288.70918969124455,1.3665397993311037,12.00334448160535,0.0817
goe346,1000000,ok,,1000000.0,False,4.956918542032764,0.9126423105266142,0.0033178459271016383,275.07073281243913,1.5668983277591972,13.96989966555184,0.05738206952871148
e471,1000000,ok,,1000000.0,False,-0.9661016949152543,0.5743508474576271,0.00251593220338983,228.28550255995694,1.3209,7.0,0.06259673617717289
e63,1000000,ok,,1000000.0,False,1.0169491525423728,0.9252966101694915,0.004078983050847458,226.8449264522563,1.6846,10.0,0.04269836203904307
goe804,1000000,ok,,1000000.0,False,1.8813559322033901,1.1372983050847458,0.005152203389830508,220.7401802750181,1.5942,9.0,0.060000000000000005
e58,1000000,ok,,1000000.0,False,1.898305084745763,1.158828813559322,0.005292203389830509,218.96906225980015,1.5857,8.0,0.05600000000000001
e61,1000000,ok,,1000000.0,False,1.1355932203389831,1.0767135593220338,0.00502728813559322,214.17383095647483,1.5694,8.0,0.05672532265168199
fx76mp120,1000000,ok,,1000000.0,False,3.9637208775012756,1.361741018082875,0.007104399977325548,191.6757252447803,1.7295926421404682,12.963210702341136,0.12111310124560842
uag8814320,1000000,ok,,1000000.0,False,4.322033898305085,1.2391169491525422,0.006749152542372881,183.59593169261674,1.3171,15.0,0.14304532053267266
ah79100b,1000000,ok,,1000000.0,False,3.16019500028343,1.2500243580295902,0.00683412675018423,182.90915631552969,1.7671615384615387,14.016722408026755,0.10035599608099281
ist-mt1-12,1000000,ok,,1000000.0,False,2.898305084745763,1.2439830508474579,0.006826949152542373,182.21653963603865,1.6693,15.0,0.1199763000854029
ah79100c,1000000,ok,,1000000.0,False,3.0328212686355656,1.1936328779547647,0.006577090867864634,181.48340990494756,1.647728762541806,13.03344481605351,0.09942299804049641
fx76mp140,1000000,ok,,1000000.0,False,3.838727963267388,1.282224471401848,0.007126132872286151,179.9327200855988,1.7767715719063544,14.016722408026755,0.1410714915362504
dae11,1000000,ok,,1000000.0,False,6.101694915254237,1.3483271186440677,0.007640169491525423,176.47869201588392,1.6335,15.0,0.12827340600586576
ah94145,1000000,ok,,1000000.0,False,6.813559322033898,1.4399372881355932,0.00816186440677966,176.42259370781852,1.6621,15.0,0.1456851370193597
ch10sm,1000000,ok,,1000000.0,False,3.21852502692591,1.573590992574117,0.008976744515617028,175.29639947271622,2.0543953177257523,10.996655518394647,0.128353685674548
sg6043,1000000,ok,,1000000.0,False,2.186440677966102,0.9966847457627118,0.005723050847457628,174.15269798021674,1.795,15.0,0.1001385754854271
fx72ls160,1000000,ok,,1000000.0,False,7.842072444872738,1.7455814636358482,0.01004735332464146,173.73545124114955,1.8602371237458195,10.013377926421402,0.16009795273075694
dae21,1000000,ok,,1000000.0,False,5.033898305084746,1.2404593220338984,0.007155084745762712,173.3675233921592,1.6939,15.0,0.11783669674141589
fx74080,1000000,ok,,1000000.0,False,2.8644067796610173,0.8644050847457627,0.005009491525423729,172.5534578427392,0.9361,5.0,0.08149707616707616
ah95160,1000000,ok,,1000000.0,False,6.813559322033898,1.4249237288135592,0.008264237288135592,172.42047621977483,1.6292,15.0,0.1599531173149262
dae31,1000000,ok,,1000000.0,False,3.9661016949152543,1.174760451977401,0.00684954802259887,171.50919273819048,1.7528,15.0,0.11056416022591219
e385,1000000,ok,,1000000.0,False,3.957372031063997,1.1557279746046143,0.006741669973357519,171.43051783489085,1.6184602006688964,13.97658862876254,0.08418983433141783
ist-mt1-15,1000000,ok,,1000000.0,False,6.081457967235417,1.78124697012641,0.010392722634771272,171.39367928158052,1.8937010033444817,7.97658862876254,0.1499673339561207
as6098,1000000,ok,,1000000.0,False,2.0338983050847457,1.2898694915254236,0.0075338983050847455,171.20877390326208,2.1678,15.0,0.052233296017197714
e395,1000000,ok,,1000000.0,False,3.9661016949152543,1.1455762711864406,0.0067855932203389835,168.82477831897089,1.6385,15.0,0.12285352265060547
e396,1000000,ok,,1000000.0,False,5.033898305084746,1.2621271186440677,0.007489152542372881,168.52736160774907,1.6329,15.0,0.13058133485601392
e397,1000000,ok,,1000000.0,False,5.033898305084746,1.2451440677966101,0.007434576271186441,167.480165967536,1.611,15.0,0.13513886250988316
nlf1015,1000000,ok,,1000000.0,False,5.033898305084746,1.2752898305084746,0.007703389830508474,165.54917491749174,1.4989,15.0,0.14990643382132168
supermarine371ii,1000000,ok,,1000000.0,False,4.084745762711865,0.5019203389830509,0.0030415254237288144,165.02256896071324,0.5799,5.0,0.08360000000000001
as6099,1000000,ok,,1000000.0,False,1.1525423728813555,1.1935033898305083,0.0072952542372881355,163.59997212025462,2.1561,15.0,0.061962502156307574
e59,1000000,ok,,1000000.0,False,0.04965704892012823,0.8064581883113202,0.004939023297998979,163.28292855756578,1.6507484949832776,10.996655518394647,0.05600000000000001
miley,1000000,ok,,1000000.0,False,7.842072444872738,1.2571016268918993,0.007734744062127998,162.526596458066,1.4076719063545153,10.013377926421402,0.1285567808619881
jn153,1000000,ok,,1000000.0,False,11.097840258488748,2.110985924834193,0.013009797063658523,162.26124931118306,2.222333110367893,13.03344481605351,0.17567131914613282
goe07k,1000000,ok,,1000000.0,False,3.0328212686355656,0.9945289836177088,0.006129248908792019,162.2595196274571,1.266110033444816,13.03344481605351,0.11
e398,1000000,ok,,1000000.0,False,5.745762711864407,1.3153372881355931,0.008125084745762711,161.88597772122324,1.6189,15.0,0.14157834633968647
mh122,1000000,ok,,1000000.0,False,2.9416699733575182,0.8547407488237627,0.005307666798934301,161.03888604977647,1.326892642140468,9.986622073578594,0.0931516303977727
e399,1000000,ok,,1000000.0,False,6.101694915254237,1.344549152542373,0.008355423728813559,160.91932571961783,1.608,15.0,0.1483124497629352
mh114,1000000,ok,,1000000.0,False,3.2542372881355934,1.2056338983050847,0.007540677966101694,159.88401888064735,1.8465,15.0,0.1305617088251963
e656,1000000,ok,,1000000.0,False,6.101694915254237,1.270377966101695,0.00795322033898305,159.73126758162135,1.5059,15.0,0.16206429663366337
e657,1000000,ok,,1000000.0,False,5.033898305084746,1.1608050847457627,0.007292033898305085,159.18810868605163,1.511,15.0,0.15567320394662
fx69h083,1000000,ok,,1000000.0,False,7.118644067796611,0.9149050847457628,0.0057586440677966115,158.87508829762183,0.9818,8.0,0.08398794964028777
mh115,1000000,ok,,1000000.0,False,3.2542372881355934,1.0863135593220339,0.006862881355932203,158.28826158899508,1.7376,15.0,0.11077616154630406
fx72150a,1000000,ok,,1000000.0,False,7.094495776883397,1.7587705742304858,0.011111578141828695,158.28269862133507,1.8167107023411373,8.046822742474916,0.15010792717981478
hs1606,1000000,ok,,1000000.0,False,2.0389433705572255,0.7887553936851653,0.0049869825973584275,158.1628526441949,1.6013260869565216,12.96655518394649,0.06014
e654,1000000,ok,,1000000.0,False,6.101694915254237,1.3349406779661017,0.008450169491525423,157.9779765725289,1.5752,15.0,0.17207160820270748
fx74cl6140,1000000,ok,,1000000.0,False,9.908621960206334,1.8795439204126747,0.011945224760501106,157.34688614882347,2.0529799331103677,12.050167224080266,0.14049798824297846
goe06k,1000000,ok,,1000000.0,False,1.9322033898305087,0.7562118644067797,0.004808474576271186,157.26647867465633,0.9188,6.0,0.07500000000000001
as6094,1000000,ok,,1000000.0,False,1.9046539311830395,1.0495077319879826,0.006678535797290402,157.14638115944308,2.009020401337793,14.046822742474916,0.041289551191150235
fx83w108,1000000,ok,,1000000.0,False,3.2542372881355934,0.9006915254237288,0.005767966101694916,156.15409479592134,1.569,15.0,0.10865855649902023
goe495,1000000,ok,,1000000.0,False,2.9994898248398627,0.9291247236551218,0.005957456209965423,155.95997535003525,1.5457976588628763,12.963210702341136,0.069
ag16,1000000,ok,,1000000.0,False,7.506065415792754,1.0247572870018706,0.006582208491582109,155.6859355507225,1.2612759197324415,10.486622073578594,0.07113552915255875
ah80129,1000000,ok,,1000000.0,False,4.898305084745763,0.9983593220338983,0.006418474576271186,155.54464073516598,1.1318,11.0,0.1285969397363465
ah81k144,1000000,ok,,1000000.0,False,6.101694915254237,1.0608271186440679,0.00683457627118644,155.2147604404325,1.397,15.0,0.14458309165097302
hq259,1000000,ok,,1000000.0,False,7.050847457627119,1.0339457627118644,0.006674406779661019,154.91200893877445,1.102,8.0,0.08967
e668,1000000,ok,,1000000.0,False,3.9661016949152543,1.015557627118644,0.006557796610169492,154.8626295520922,1.5259,15.0,0.1389881211098359
fx74130wp2,1000000,ok,,1000000.0,False,5.033898305084746,1.046679661016949,0.006759661016949152,154.84203400030088,1.3331,15.0,0.12989515356265358
ist-mt1-18,1000000,ok,,1000000.0,False,7.7670766963324045,1.971987517714415,0.012743135309789693,154.74900562340179,2.210998662207358,12.050167224080266,0.17999214546650763
e423,1000000,ok,,1000000.0,False,4.970806643614306,1.577923269655915,0.010213051981180206,154.50065979920456,2.0191347826086954,11.979933110367892,0.12520251857552783
fx73170,1000000,ok,,1000000.0,False,6.813559322033898,1.3141389830508474,0.008506101694915254,154.4936834973897,1.3933,15.0,0.1708750449055435
e216,1000000,ok,,1000000.0,False,1.775749674054759,1.015845893089961,0.006575449804432855,154.49070760225803,1.7464715719063544,13.946488294314381,0.1041877885665622
fx05h126,1000000,ok,,1000000.0,False,6.813559322033898,1.0569542372881355,0.006865084745762712,153.960843373494,1.369,15.0,0.12607799612465687
goe500,1000000,ok,,1000000.0,False,3.9661016949152543,1.1349338983050847,0.007379491525423729,153.79567743861824,1.6738,15.0,0.1
lrn1015,1000000,ok,,1000000.0,False,5.033898305084746,1.1096559322033899,0.007222711864406779,153.6342516543859,1.5055,15.0,0.15187363857088942
goe227,1000000,ok,,1000000.0,False,4.042287852162575,1.4431250382631369,0.0093982410294201,153.55267371262366,1.862240468227425,10.013377926421402,0.14600000000000002
s4062,1000000,ok,,1000000.0,False,3.838727963267388,0.8911664928292046,0.005804849498327759,153.52103324744746,1.5275652173913044,14.016722408026755,0.09540864754955213
fx66h60,1000000,ok,,1000000.0,False,5.966101694915254,0.6713305084745762,0.004377627118644067,153.35488617004802,0.8275,8.0,0.06015037783375315
e694,1000000,ok,,1000000.0,False,3.9661016949152543,1.1948186440677966,0.007800847457627119,153.16523628462792,1.5206,15.0,0.15433628985763112
fx67k150,1000000,ok,,1000000.0,False,4.88135593220339,1.0683457627118644,0.007005762711864407,152.4952823341559,1.14,12.0,0.14980194177764014
e393,1000000,ok,,1000000.0,False,4.968425826200329,1.0835157870868999,0.007115852275948076,152.26788655369302,1.494752508361204,13.03344481605351,0.1152321722789957
fx72150b,1000000,ok,,1000000.0,False,6.963550819114561,1.8891450881469305,0.012420681934130717,152.09672851824345,2.0872478260869562,10.996655518394647,0.15010792717981478
fx74modsm,1000000,ok,,1000000.0,False,5.027776203163087,1.7742054021880846,0.011680276628309054,151.89754991658407,2.213992976588629,10.986622073578596,0.13077678571428572
e66,1000000,ok,,1000000.0,False,2.898305084745763,0.8855559322033898,0.005840169491525424,151.63188902109874,1.5942,15.0,0.10125872043899736
fx76mp160,1000000,ok,,1000000.0,False,2.898305084745763,1.1025254237288136,0.007271694915254237,151.6187679183274,1.7352,15.0,0.16143941552219737
fx73170a,1000000,ok,,1000000.0,False,7.842072444872738,1.350297879938779,0.008921042457910549,151.3609969136993,1.4985939799331105,10.013377926421402,0.17108036543821617
fx67k170,1000000,ok,,1000000.0,False,6.101694915254237,1.2055881355932203,0.007968135593220339,151.3011571513656,1.298,15.0,0.17006
goe395,1000000,ok,,1000000.0,False,4.839238138427527,1.23413989002891,0.00816569525537101,151.137147717722,1.6994732441471572,13.983277591973245,0.0610520184752542
lnv109a,1000000,ok,,1000000.0,False,9.943597301740263,1.538484422651777,0.010181234623887534,151.10980931940574,1.822615719063545,12.993311036789297,0.12977523031526636
fx63137sm,1000000,ok,,1000000.0,False,2.898305084745763,1.252506779661017,0.008289152542372882,151.1019097861203,1.9436,15.0,0.13672105100671142
e662,1000000,ok,,1000000.0,False,3.9661016949152543,1.0541762711864409,0.0069789830508474576,151.05012628715758,1.4906,15.0,0.15012856523392987
goe496,1000000,ok,,1000000.0,False,3.9661016949152543,1.046006779661017,0.006950677966101695,150.48989246263017,1.6197,15.0,0.0995
ah93w145,1000000,ok,,1000000.0,False,6.892126296695199,1.229286650416643,0.008172535570545888,150.416800245818,1.5218448160535116,14.016722408026755,0.1448191919514532
ah63k127,1000000,ok,,1000000.0,False,5.033898305084746,1.008077966101695,0.006703050847457627,150.3909173662385,1.325,15.0,0.12701847771500313
mh116,1000000,ok,,1000000.0,False,3.751828127657161,0.9249660393401733,0.006156133439147439,150.2511354705579,1.414901337792642,11.979933110367892,0.09848824450926127
n6409,1000000,ok,,1000000.0,False,5.033898305084746,1.1929915254237287,0.007949491525423728,150.07142552556394,1.5401,15.0,0.09027010539595125
s4158,1000000,ok,,1000000.0,False,3.728813559322033,0.8118847457627117,0.00541186440677966,150.01941747572815,1.4458,15.0,0.10855023784413854
fx73k170,1000000,ok,,1000000.0,False,6.101694915254237,1.2428322033898305,0.008296949152542374,149.7938797189083,1.4904,15.0,0.17076385122410545
fx74130wp1,1000000,ok,,1000000.0,False,4.83050847457627,1.057401694915254,0.007060338983050847,149.7664202035721,1.4214,15.0,0.13009412776412776
e655,1000000,ok,,1000000.0,False,6.101694915254237,1.2115305084745762,0.00810457627118644,149.48721166112472,1.4745,15.0,0.17328277550151183
goe447,1000000,ok,,1000000.0,False,4.970806643614306,1.37769952950513,0.009221953404002042,149.39346027353068,1.719712040133779,11.979933110367892,0.12664439091609758
psu94097,1000000,ok,,1000000.0,False,3.844169831642196,0.9336937701944332,0.006260918882149537,149.13046914830363,1.5713478260869564,12.993311036789297,0.09696090228881422
ec863914,1000000,ok,,1000000.0,False,0.8813559322033901,0.9053440677966101,0.006085084745762712,148.78084786362876,1.4057,8.0,0.1426764120493679
fx63120,1000000,ok,,1000000.0,False,2.898305084745763,1.1376779661016951,0.007648983050847458,148.73584612998295,1.8995,15.0,0.11992765957446809
mh113,1000000,ok,,1000000.0,False,3.2542372881355934,1.215841525423729,0.00817542372881356,148.7190836529491,1.8748,15.0,0.1465760955526004
goe499,1000000,ok,,1000000.0,False,1.915254237288135,0.9347728813559321,0.006302033898305084,148.32876122855143,1.3281,7.0,0.068
ah80140,1000000,ok,,1000000.0,False,7.10401904653931,1.1755163256051242,0.007925933903973696,148.31265814818047,1.507609364548495,11.979933110367892,0.13960680600914435
e1098,1000000,ok,,1000000.0,False,6.813559322033898,1.2887254237288135,0.008696949152542374,148.18132210788897,1.3573,15.0,0.18954288324449198
mh38,1000000,ok,,1000000.0,False,4.082761748200214,0.8882727453092226,0.005995381781078169,148.1594963831447,1.336930100334448,10.996655518394647,0.09685058004088934
goe257,1000000,ok,,1000000.0,False,8.03622243636982,1.2320258432061677,0.008323299132702227,148.02133427663802,1.3169357859531772,12.003344481605351,0.08829667601320132
fx77w121,1000000,ok,,1000000.0,False,7.951646732044667,1.2531760954594409,0.008476285924834194,147.84495315192598,1.343866220735786,9.983277591973243,0.12099623775310256
ah93w174,1000000,ok,,1000000.0,False,8.980103168754603,1.4229071084405644,0.009629484723088257,147.76565406754457,1.5165695652173912,10.996655518394647,0.1742373458958799
as6095,1000000,ok,,1000000.0,False,1.0169491525423728,0.9573813559322034,0.006482711864406779,147.6822317506798,1.4648,6.0,0.05122501882856367
s4022,1000000,ok,,1000000.0,False,3.2342270846323906,1.0308497590839523,0.006983958959242673,147.60249381473105,1.585574247491639,12.993311036789297,0.11264133404393203
e435,1000000,ok,,1000000.0,False,4.847457627118644,1.2057881355932203,0.008169830508474576,147.59034894817643,1.5715,14.0,0.16231843864133333
r1046,1000000,ok,,1000000.0,False,8.932486820475027,1.5698357065925967,0.010637172495890256,147.58016824481444,1.7271953177257524,11.979933110367892,0.18096099999999998
e593,1000000,ok,,1000000.0,False,8.990816847117507,1.3213325151635391,0.008965968482512325,147.37197858109053,1.5596966555183946,12.050167224080266,0.11297553008494468
goe332,1000000,ok,,1000000.0,False,3.9661016949152543,1.150230508474576,0.007810000000000001,147.27663360750012,1.6587,15.0,0.11779386915089413
goe233,1000000,ok,,1000000.0,False,3.9661016949152543,1.3855389830508476,0.00940864406779661,147.262344400209,1.9249,15.0,0.11627042019892975
goe446,1000000,ok,,1000000.0,False,3.2542372881355934,1.0843389830508474,0.007366271186440678,147.2032396861554,1.6425,15.0,0.12872317607961153
fx84w140,1000000,ok,,1000000.0,False,5.745762711864407,1.0925779661016948,0.007422542372881356,147.19726896992668,1.4454,15.0,0.14081868093260938
s1210,1000000,ok,,1000000.0,False,5.947225213990135,1.7486844906751318,0.01190886287625418,146.8389139119187,2.1772729096989965,13.996655518394647,0.11996494893942536
ah88k130,1000000,ok,,1000000.0,False,4.015361940933053,0.9843739924040587,0.006707412845076808,146.7591178805375,1.3497441471571907,13.996655518394647,0.12996445945945945
fx78k140,1000000,ok,,1000000.0,False,4.983050847457627,0.9978913071821325,0.006801928178674679,146.70712200559674,1.2168,14.0,0.14089862186435428
goe458,1000000,ok,,1000000.0,False,3.016949152542373,0.8938508474576271,0.006098474576271187,146.56957838859398,1.111,6.0,0.07201575220506287
fx66s171,1000000,ok,,1000000.0,False,8.051584377302873,1.344904126750184,0.009181186440677966,146.48478553833533,1.4321973244147157,9.943143812709028,0.17104515809645482
sokolov,1000000,ok,,1000000.0,False,4.058443398900289,1.1523917408310187,0.007869744345558642,146.43318642001134,1.5938591973244147,11.983277591973245,0.071
goe242,1000000,ok,,1000000.0,False,4.902953347315911,1.5976219148574344,0.010928269939345843,146.19165922186826,1.8489200668896322,8.959866220735785,0.16171513451977457
mh112,1000000,ok,,1000000.0,False,3.9661016949152543,1.2952440677966104,0.00886322033898305,146.1369590576177,1.8667,15.0,0.09995116175319824
fx66s161,1000000,ok,,1000000.0,False,7.246868091378039,1.2662190125276345,0.008670338983050847,146.04031226494075,1.4033117056856188,9.030100334448159,0.16112745768125197
ua2-180,1000000,ok,,1000000.0,False,8.018252933507169,1.5034863783232242,0.010303411938098748,145.92121399745346,1.6243628762541806,11.979933110367892,0.18122924965893586
ua2-180sm,1000000,ok,,1000000.0,False,8.932486820475027,1.5816917918485345,0.01084569525537101,145.83590582311894,1.712705016722408,11.979933110367892,0.18166485259472587
s1020,1000000,ok,,1000000.0,False,5.033898305084746,1.157166101694915,0.007944745762711864,145.65174723727438,1.4896,15.0,0.15093519775497663
e585,1000000,ok,,1000000.0,False,5.033898305084746,1.1258745762711864,0.007735423728813559,145.5478866758693,1.5007,15.0,0.14616149546225193
fx84w150,1000000,ok,,1000000.0,False,6.101694915254237,1.1343169491525422,0.007795593220338983,145.50745749445576,1.4352,15.0,0.14988830405621206
gm15sm,1000000,ok,,1000000.0,False,3.0567428150331617,0.8933983787767134,0.0061424170965364774,145.4473645693116,1.487619397993311,12.013377926421406,0.06731345812807882
e587,1000000,ok,,1000000.0,False,5.033898305084746,1.2019728813559323,0.008273728813559322,145.27583734507837,1.5431,15.0,0.16650871706520204
hq358,1000000,ok,,1000000.0,False,2.0338983050847457,0.7025881355932203,0.004840847457627119,145.13742516018345,1.243,8.0,0.07969
e214,1000000,ok,,1000000.0,False,4.177994444759367,1.0327282466980328,0.007116635111388243,145.11468278673323,1.5659795986622074,14.016722408026755,0.1110151474104881
raf32md,1000000,ok,,1000000.0,False,3.9661016949152543,0.9252898305084746,0.006379661016949153,145.03746014877788,1.4331,15.0,0.1016
fx78k140a20,1000000,ok,,1000000.0,False,5.813559322033898,1.0279983050847457,0.0070928813559322035,144.93380806729112,1.1602,11.0,0.14089862186435428
sg6042,1000000,ok,,1000000.0,False,2.186440677966102,0.7642101694915254,0.0052791525423728815,144.76000898962982,1.6479,15.0,0.09998609075406414
goe239,1000000,ok,,1000000.0,False,4.818434329119665,1.2460638115753075,0.008636507567598208,144.2786684110826,1.765555518394649,13.946488294314381,0.11221278133104519
l7769,1000000,ok,,1000000.0,False,8.018252933507169,1.1854908508587947,0.008223418173572925,144.16035106527005,1.4708254180602007,11.979933110367892,0.1098
e392,1000000,ok,,1000000.0,False,4.968425826200329,1.0046544640326514,0.006974201575874384,144.05297195710804,1.439095652173913,13.03344481605351,0.10143389272101934
e433,1000000,ok,,1000000.0,False,3.9661016949152543,1.0205118644067797,0.007086440677966103,144.00908873475242,1.5325,15.0,0.14213177172960864
goe304,1000000,ok,,1000000.0,False,4.1525423728813555,1.1253745762711862,0.007817966101694915,143.9472314963361,1.8197,15.0,0.08978282249137462
dae51,1000000,ok,,1000000.0,False,3.838727963267388,0.9028116943483928,0.0062719477353891506,143.94439055260668,1.5940933110367894,14.016722408026755,0.09378006999536195
e434,1000000,ok,,1000000.0,False,5.169491525423728,1.0430915254237287,0.007248474576271186,143.9049712388346,1.4703,15.0,0.1333359815603337
e431,1000000,ok,,1000000.0,False,5.033898305084746,1.128586440677966,0.007852711864406779,143.71932399473354,1.5149,15.0,0.15119797843556693
drgnfly,1000000,ok,,1000000.0,False,8.980103168754603,1.604241052094552,0.011170944390907545,143.60836433849806,1.684981939799331,10.996655518394647,0.19335490074190845
e407,1000000,ok,,1000000.0,False,2.898305084745763,0.9261915254237288,0.006464237288135594,143.27932038071265,1.5756,15.0,0.14426852091972503
ist-mt1-21,1000000,ok,,1000000.0,False,8.980103168754603,1.873076497930956,0.013117321580409272,142.7941280884961,2.0244030100334447,10.996655518394647,0.2099818753956264
e67,1000000,ok,,1000000.0,False,3.838727963267388,0.9244792131965308,0.0064780749390624115,142.70894083394674,1.509509364548495,14.016722408026755,0.1162050772675504
naca6412,1000000,ok,,1000000.0,False,6.101694915254237,1.309077966101695,0.009184406779661017,142.53266405846313,1.6744,15.0,0.12037967053259345
e583,1000000,ok,,1000000.0,False,6.813559322033898,1.2462627118644067,0.008783728813559322,141.88310435319542,1.4179,15.0,0.16483221063369916
goe425,1000000,ok,,1000000.0,False,7.871832662547474,1.3383653817810781,0.00943925457740491,141.78718995298343,1.5705127090301003,13.03344481605351,0.16014546175535108
goe12k,1000000,ok,,1000000.0,False,2.898305084745763,0.9059118644067796,0.006418305084745762,141.1450301045738,1.4446,15.0,0.111
goe426,1000000,ok,,1000000.0,False,6.892126296695199,1.2472831812255543,0.00884448840768664,141.0237792998355,1.4523879598662206,14.016722408026755,0.136
as6096,1000000,ok,,1000000.0,False,3.7627118644067803,1.2492542372881357,0.008859152542372881,141.01283743710422,2.051,15.0,0.061476557310034846
la5055,1000000,ok,,1000000.0,False,5.1864406779661,1.06228813559322,0.007560169491525422,140.5111534581325,1.372,14.0,0.1593
ma409sm,1000000,ok,,1000000.0,False,1.879598662207358,0.645814381270903,0.004600535117056857,140.37810055541013,1.2974304347826087,8.996655518394649,0.06692857142857143
e432,1000000,ok,,1000000.0,False,6.813559322033898,1.2977966101694915,0.00925,140.30233623453964,1.5243,15.0,0.15976408938599676
fx74130wp2mod,1000000,ok,,1000000.0,False,5.016949152542372,1.0192775522929538,0.00726577234850632,140.28481810367956,1.3276,15.0,0.12907275007742336
e422,1000000,ok,,1000000.0,False,8.927725185647072,1.6081398163369423,0.011476635111388243,140.12293679540167,1.8863903010033445,14.016722408026755,0.13993697399053187
e64,1000000,ok,,1000000.0,False,2.1221019216597696,0.7073666062014625,0.005052565614194207,140.00146860324836,1.407644481605351,11.050167224080267,0.08442298213129726
fx84w127,1000000,ok,,1000000.0,False,5.745762711864407,1.0306703389830507,0.007362372881355932,139.9915972190248,1.4348,15.0,0.12753586074736506
e421,1000000,ok,,1000000.0,False,6.892126296695199,1.5931942803695935,0.011399882092851879,139.7553296949081,2.049730769230769,14.016722408026755,0.14526918474044317
cr001sm,1000000,ok,,1000000.0,False,2.927498441131455,0.8240208434895981,0.005908523893203332,139.46306359825036,1.5046698996655519,13.03010033444816,0.073315
fx78k150,1000000,ok,,1000000.0,False,5.745762711864407,0.9873864406779661,0.007083559322033898,139.39128562199411,1.291,15.0,0.15101100650356147
goe08k,1000000,ok,,1000000.0,False,2.898305084745763,1.1113271186440676,0.007973728813559323,139.373578488681,1.3374,15.0,0.1485
fx08s176,1000000,ok,,1000000.0,False,7.029023297998979,1.3087499121365003,0.00939900345785386,139.2434759711575,1.3350561872909699,7.97658862876254,0.176010749233005
hq300gd2,1000000,ok,,1000000.0,False,5.885040530582165,1.285659027266028,0.009235622697126012,139.2065342455042,1.6363973244147159,11.979933110367892,0.1657503780551411
e210,1000000,ok,,1000000.0,False,6.258828864576838,1.2127946431608185,0.008716356782495324,139.1400872433791,1.5429030100334447,13.03344481605351,0.1363752728987367
s4320,1000000,ok,,1000000.0,False,4.082081514653364,0.9379909302193753,0.006744694178334561,139.07093567450517,1.5848277591973243,13.03010033444816,0.09410817405098693
e582,1000000,ok,,1000000.0,False,5.745762711864407,1.168086440677966,0.008399830508474575,139.06071551080532,1.4741,15.0,0.14734536017467248
e855,1000000,ok,,1000000.0,False,7.220338983050848,1.2637084745762712,0.009091694915254238,138.9959173020637,1.4558,14.0,0.15712157941362867
goe529,1000000,ok,,1000000.0,False,4.970806643614306,1.1079297035315459,0.00798262230032311,138.7927001740644,1.4698063545150502,11.979933110367892,0.09697642971387135
ste87391,1000000,ok,,1000000.0,False,1.8031290743155148,0.9033172099087353,0.006509126466753585,138.77702553830747,1.5452090301003345,14.016722408026755,0.145566646795915
n11h9,1000000,ok,,1000000.0,False,5.847457627118644,0.9794694915254237,0.007059152542372881,138.75171072534755,1.4027,15.0,0.08979567322851041
e174,1000000,ok,,1000000.0,False,4.051924494076301,0.8524728416756421,0.006148809024431724,138.64031852159013,1.380981939799331,12.96655518394649,0.08920135673198479
goe301,1000000,ok,,1000000.0,False,5.171078737033048,1.2812868941669975,0.009250019840145117,138.5172049692486,1.797479264214047,12.003344481605351,0.0994367082615961
e678,1000000,ok,,1000000.0,False,5.033898305084746,1.2400101694915253,0.008956101694915255,138.4542306163774,1.5616,15.0,0.1507755373095807
goe303,1000000,ok,,1000000.0,False,3.838727963267388,1.0614277648659372,0.007671624057593107,138.35763547555135,1.7208,14.016722408026755,0.09839061180592236
hq359,1000000,ok,,1000000.0,False,2.9322033898305087,0.7975033898305085,0.005764915254237288,138.33740040572724,1.3633,11.0,0.08969999999999999
goe405,1000000,ok,,1000000.0,False,3.178051130888271,1.022145320560059,0.00739175783685732,138.2817650577463,1.453014381270903,12.050167224080266,0.111
goe118,1000000,ok,,1000000.0,False,2.9322033898305087,0.9255033898305084,0.006693389830508475,138.2712516775974,1.235,7.0,0.08641319324162923
nlf0215f,1000000,ok,,1000000.0,False,5.745762711864407,1.2668711864406779,0.009170677966101696,138.14367826713732,1.6347,15.0,0.14971437260684486
s4061,1000000,ok,,1000000.0,False,4.177994444759367,0.878216603367156,0.0063595153335978686,138.09489517659654,1.5016297658862876,14.016722408026755,0.09614904114442833
fx66196v,1000000,ok,,1000000.0,False,8.775352871152426,1.4339898475143131,0.010389345275211155,138.0250448443363,1.4507919732441472,9.030100334448159,0.1956807793037368
mh121,1000000,ok,,1000000.0,False,1.9491525423728815,0.6930474576271187,0.005021525423728814,138.01532385999258,0.9116,5.0,0.08751927894250934
goe234,1000000,ok,,1000000.0,False,3.770874666968991,1.5020752394988943,0.010904194773538914,137.752055121389,1.922579264214047,10.013377926421402,0.14265973333095297
e378,1000000,ok,,1000000.0,False,7.958732498157701,1.4379173176123803,0.010439056742815034,137.74398904403563,1.708515719063545,12.040133779264215,0.04076385032137765
goe369,1000000,ok,,1000000.0,False,3.048296581826427,0.8545586361317385,0.006208296581826427,137.6478434734081,1.5492033444816056,11.989966555183948,0.0585
goe311,1000000,ok,,1000000.0,False,5.013661357065924,1.0653346182189218,0.007743945354571736,137.57000720440107,1.4838297658862876,12.050167224080266,0.08437985829401688
goe528,1000000,ok,,1000000.0,False,5.033898305084746,1.1780220338983052,0.008563389830508476,137.56491964215027,1.6536,15.0,0.12444420989897605
naca001034,1000000,ok,,1000000.0,False,5.0,0.5005,0.00364,137.49999999999997,0.5005,5.0,0.1
goe450,1000000,ok,,1000000.0,False,3.9057309676322207,1.0104478686015532,0.007352088883850122,137.43684068090383,1.6420903010033445,13.976588628762542,0.08900823013687498
e387,1000000,ok,,1000000.0,False,4.056742815033162,0.8463920412675019,0.006159933677229182,137.40278477287438,1.3719153846153846,13.013377926421406,0.09068898678469445
s1221,1000000,ok,,1000000.0,False,8.220338983050848,1.63474406779661,0.011911864406779661,137.236624928856,2.1021,15.0,0.12131975080562682
fx73cl1152,1000000,ok,,1000000.0,False,8.94915254237288,1.5824203389830507,0.011553389830508473,136.96589158659137,2.0136,15.0,0.15210992083483268
goe412,1000000,ok,,1000000.0,False,3.9661016949152543,1.0091610169491525,0.00736864406779661,136.95342150661298,1.5689,15.0,0.13123033103062662
ah82150a,1000000,ok,,1000000.0,False,5.033898305084746,1.0196559322033898,0.007447627118644068,136.91017500739628,1.2799,15.0,0.1499783090740167
goe225,1000000,ok,,1000000.0,False,5.1864406779661,1.5261711864406777,0.011147966101694915,136.90131208854694,1.9099,14.0,0.12831656397575167
ah93k131,1000000,ok,,1000000.0,False,5.033898305084746,0.9088966101694915,0.006643559322033898,136.8086843380871,1.3029,15.0,0.13093057455509297
spicasm,1000000,ok,,1000000.0,False,4.856527407743325,1.0293570489201291,0.007526785896491128,136.7591775660843,1.490318060200669,14.016722408026755,0.1172
e598,1000000,ok,,1000000.0,False,7.155206620939854,1.1352122158607787,0.008304165296751882,136.7039522087559,1.541928762541806,12.050167224080266,0.1114238956421263
cootie,1000000,ok,,1000000.0,False,3.2648375942406904,0.9841403661923929,0.0072001343461255045,136.6836115664943,1.5097759197324414,13.060200668896321,0.0846
e193,1000000,ok,,1000000.0,False,4.856527407743325,0.9168944901082705,0.006713916444645995,136.56626466351796,1.3282197324414715,14.016722408026755,0.10223691852512377
goe592,1000000,ok,,1000000.0,False,5.033898305084746,1.241606779661017,0.009092203389830508,136.55730370591309,1.6192,15.0,0.14253484917073928
goe362,1000000,ok,,1000000.0,False,5.202199421801486,1.1106243410237515,0.008142089450711413,136.40532295143367,1.5667060200668896,12.96655518394649,0.066
fx63100,1000000,ok,,1000000.0,False,2.820928518791451,0.9916467943994103,0.007272114959469418,136.36291504277347,1.8136983277591974,14.016722408026755,0.0992448275862069
goe265,1000000,ok,,1000000.0,False,6.89388356669123,1.4274198231392778,0.01047240972733972,136.30290069847007,1.786285618729097,12.993311036789297,0.07652241461794693
fx66s196,1000000,ok,,1000000.0,False,7.967462162008955,1.3345707272830336,0.009797071594580806,136.22139170864526,1.3985632107023411,8.983277591973243,0.19630626956244013
ah93k130,1000000,ok,,1000000.0,False,5.033898305084746,0.9213491525423728,0.0067674576271186445,136.14405930675213,1.3376,15.0,0.1305256731181721
sd6080,1000000,ok,,1000000.0,False,4.177994444759367,0.8576250155886854,0.006300874666968992,136.1120575980671,1.415696321070234,14.016722408026755,0.09184556030466136
e403,1000000,ok,,1000000.0,False,2.898305084745763,0.885677966101695,0.006509152542372881,136.06655556712846,1.4527,15.0,0.14956934995838878
goe501,1000000,ok,,1000000.0,False,5.033898305084746,1.2623457627118644,0.009280847457627119,136.01621710466242,1.7373,15.0,0.128
r1082,1000000,ok,,1000000.0,False,7.881355932203389,1.1917593220338982,0.008763898305084745,135.98506971976715,1.2549,15.0,0.18000596420215487
ah80136,1000000,ok,,1000000.0,False,7.169491525423728,0.9721830508474576,0.0071522033898305075,135.9277690885824,1.3204,15.0,0.1354874704567231
goe448,1000000,ok,,1000000.0,False,3.9351510685335285,1.5090533529845245,0.011110817980840088,135.81838489180478,1.7990488294314382,9.030100334448159,0.12879036091767804
e195,1000000,ok,,1000000.0,False,5.033898305084746,0.9131440677966102,0.006732033898305084,135.64163246808835,1.2953,15.0,0.11807589828510437
m21,1000000,ok,,1000000.0,False,7.84740094098974,1.336135230429114,0.00986081061164333,135.49953275154155,1.477619397993311,9.979933110367893,0.1195
fx63110,1000000,ok,,1000000.0,False,2.898305084745763,1.0031389830508475,0.007404745762711864,135.4724409448819,1.8434,15.0,0.10993931034482758
e604,1000000,ok,,1000000.0,False,6.101694915254237,1.1796796610169493,0.00871322033898305,135.38962807345163,1.4352,15.0,0.18798287210142473
e603,1000000,ok,,1000000.0,False,7.220338983050848,1.2549237288135593,0.009269661016949152,135.37967855771515,1.386,14.0,0.18980839758971266
fx6617ai,1000000,ok,,1000000.0,False,8.775352871152426,1.4225312425599452,0.01051003202766283,135.34984848911836,1.4455,9.030100334448159,0.18833912182468907
r1080,1000000,ok,,1000000.0,False,7.169491525423728,1.1198186440677966,0.008283898305084744,135.18015345268546,1.2596,15.0,0.17995394125
fx73cl2152,1000000,ok,,1000000.0,False,7.231392778187178,1.7084285924834193,0.01264280029476787,135.13055277717547,2.19996889632107,14.016722408026755,0.15210272400143937
naca643618,1000000,ok,,1000000.0,False,6.813559322033898,1.2683305084745762,0.009386271186440677,135.12613084382167,1.4481,15.0,0.17954074698860717
e68,1000000,ok,,1000000.0,False,4.677966101694915,0.949015254237288,0.007034237288135593,134.91373909691097,1.4342,15.0,0.1309417725839656
s4233,1000000,ok,,1000000.0,False,5.033898305084746,0.9342305084745762,0.0069264406779661015,134.87887241227426,1.3681,15.0,0.13640096861463877
fx75141,1000000,ok,,1000000.0,False,3.9661016949152543,0.952128813559322,0.007076101694915254,134.55555821696328,1.5057,15.0,0.14133415841584157
ah93k132,1000000,ok,,1000000.0,False,5.033898305084746,0.9072457627118644,0.006749152542372881,134.4236564540432,1.3112,15.0,0.13226274058577406
ah79100a,1000000,ok,,1000000.0,False,4.177994444759367,0.9299596394762202,0.006920033444816053,134.38658163897648,1.5043996655518395,14.016722408026755,0.0999843154362416
vr5,1000000,ok,,1000000.0,False,5.033898305084746,0.8805949152542374,0.006557118644067797,134.2960167498126,1.4775,15.0,0.12
goe226,1000000,ok,,1000000.0,False,6.189785159571452,1.6049587835156736,0.011955113088827164,134.24873287193014,1.9590441471571907,11.979933110367892,0.13890042381339118
goe652,1000000,ok,,1000000.0,False,2.186440677966102,1.3738271186440678,0.010247118644067799,134.06960203777828,2.1264,15.0,0.17049999999999998
e853,1000000,ok,,1000000.0,False,4.056572756646448,0.9135145059803866,0.006814659599795929,134.05137741696484,1.3175588628762542,11.979933110367892,0.11602263108390248
e197,1000000,ok,,1000000.0,False,5.745762711864407,0.9632881355932204,0.007187118644067797,134.02980850863125,1.2873,15.0,0.13477724199249397
goe364,1000000,ok,,1000000.0,False,4.968425826200329,1.1836434499178052,0.008833092795193016,134.00102063480483,1.7018531772575252,13.03344481605351,0.108
s4310,1000000,ok,,1000000.0,False,4.177994444759367,0.8976072161442095,0.0067006156113599,133.95891783770577,1.5130899665551838,14.016722408026755,0.10852895109235901
goe124,1000000,ok,,1000000.0,False,4.032934640893373,1.0370293974264497,0.0077473357519415,133.85626112390545,1.711486287625418,13.996655518394649,0.07918304350555166
e201,1000000,ok,,1000000.0,False,4.83050847457627,0.9018779661016948,0.006738474576271186,133.84007847674624,1.3102,15.0,0.11861728889534007
ah6407,1000000,ok,,1000000.0,False,2.1991383708406547,0.9302675471912022,0.0069530780567995006,133.79219096806804,1.633056856187291,11.989966555183944,0.06851859978353686
ah83159,1000000,ok,,1000000.0,False,6.813559322033898,1.1806661016949154,0.00882508474576271,133.78524237535532,1.2832,15.0,0.15942
ys930,1000000,ok,,1000000.0,False,2.084745762711864,0.6502406779661016,0.004863389830508475,133.7011221858228,0.8813,6.0,0.09090531585712024
hq308,1000000,ok,,1000000.0,False,2.20786803469191,0.6538390624114279,0.004890845190181962,133.6863133030596,1.2610448160535117,10.966555183946488,0.07979
fx66182,1000000,ok,,1000000.0,False,7.945638002380816,1.3194703758290345,0.009875537101071368,133.6099862037771,1.3607909698996656,8.959866220735785,0.1819477004152028
fx84w175,1000000,ok,,1000000.0,False,6.813559322033898,1.1745491525423728,0.008794237288135593,133.5589561731488,1.4238,15.0,0.1760883040562121
goe758,1000000,ok,,1000000.0,False,5.874326852219262,1.136636993367723,0.008522028796553484,133.37633801793848,1.4333598662207359,14.016722408026755,0.13849999999999998
r1082t,1000000,ok,,1000000.0,False,6.813559322033898,1.0672186440677967,0.008015254237288135,133.14844576020303,1.2727,15.0,0.1599599176041198
goe394,1000000,ok,,1000000.0,False,5.947225213990135,1.2040275267841958,0.00904369423502069,133.1344797264081,1.6343923076923077,13.996655518394647,0.061039854857357204
s4180,1000000,ok,,1000000.0,False,5.745762711864407,1.1023627118644068,0.008286610169491525,133.02939191262197,1.7511,15.0,0.09783180045011253
eh1070,1000000,ok,,1000000.0,False,4.983050847457626,0.5869254237288134,0.004412033898305086,133.02831239675766,0.6796,6.0,0.06999083509513743
goe300,1000000,ok,,1000000.0,False,6.892126296695199,1.3749350717079531,0.010336937248455304,133.01184274030646,1.7133565217391304,14.016722408026755,0.0843
ist-mt1-24,1000000,ok,,1000000.0,False,9.106286491695483,1.8120948188878183,0.013625029193356387,132.99749990784625,2.069523745819398,12.963210702341136,0.23998690377767173
hq309,1000000,ok,,1000000.0,False,2.951533359786861,0.7352383028173006,0.0055283680063488464,132.99373376970271,1.3425872909698997,11.036789297658864,0.08979000000000001
e584,1000000,ok,,1000000.0,False,6.813559322033898,1.1935813559322033,0.00897542372881356,132.9832876971013,1.3772,15.0,0.16606247094646182
goe437,1000000,ok,,1000000.0,False,3.935491185306956,0.9278620429680857,0.0069806496230372436,132.91915410078667,1.241381939799331,8.006688963210703,0.07050000000000001
e561,1000000,ok,,1000000.0,False,7.184966838614592,1.417057995578482,0.010666875460574798,132.84658668941861,1.7937678929765888,13.946488294314381,0.16891349035896983
ah83150q,1000000,ok,,1000000.0,False,6.813559322033898,1.1670813559322033,0.008786525423728814,132.8262651787695,1.4302,15.0,0.15002846202134337
goe439,1000000,ok,,1000000.0,False,4.970806643614306,1.0734615030327077,0.008082002720934187,132.82122514660918,1.4279220735785954,11.979933110367892,0.07899999999999999
a18sm,1000000,ok,,1000000.0,False,2.9994898248398627,0.8249199024998584,0.0062123876197494494,132.7862897475042,1.5364234113712374,12.963210702341136,0.07282035714285715
s1091,1000000,ok,,1000000.0,False,3.9711467603877324,1.0605637265461139,0.00799066832945978,132.72528439655744,1.690095652173913,12.966555183946488,0.05057141930073871
fx77w153,1000000,ok,,1000000.0,False,8.990816847117507,1.3450254690777164,0.010137111841732325,132.68330172116023,1.5778491638795986,12.050167224080266,0.15245934228187918
goe591,1000000,ok,,1000000.0,False,4.968425826200329,1.067127424749164,0.0080433161385409,132.6725701649154,1.4373394648829432,13.03344481605351,0.112
naca633618,1000000,ok,,1000000.0,False,6.101694915254237,1.207486440677966,0.009106440677966102,132.59696992257295,1.4977,15.0,0.1799498818174217
gu255118,1000000,ok,,1000000.0,False,9.199138370840654,1.6488152712431268,0.012453767360126976,132.39489895420013,1.6716983277591972,10.013377926421402,0.19988
e560,1000000,ok,,1000000.0,False,7.231392778187178,1.4076402358142963,0.010648997789240973,132.1852312934538,1.745166220735786,14.016722408026755,0.16065213034396025
sg6051,1000000,ok,,1000000.0,False,3.9661016949152543,0.8253322033898305,0.00624406779661017,132.1786102062975,1.5254,15.0,0.12002984377490834
fx63137,1000000,ok,,1000000.0,False,1.8305084745762707,1.1204983050847457,0.008486440677966101,132.03395246654682,1.8319,15.0,0.13706573481384715
goe423,1000000,ok,,1000000.0,False,6.101694915254237,1.1990338983050848,0.00908186440677966,132.02508258216227,1.3465,15.0,0.16925228553369687
goe802,1000000,ok,,1000000.0,False,5.874326852219262,1.271473439714302,0.009635170625248001,131.96169421043078,1.710466220735786,14.016722408026755,0.098
goe801,1000000,ok,,1000000.0,False,5.874326852219262,1.271473439714302,0.009635170625248001,131.96169421043078,1.710466220735786,14.016722408026755,0.098
ah82150f,1000000,ok,,1000000.0,False,4.847457627118644,0.9471593220338983,0.007184067796610169,131.84164582645215,1.1403,14.0,0.14994899877149878
e417,1000000,ok,,1000000.0,False,2.0650189898531828,0.7816199988662774,0.005930220509041437,131.8028558423064,1.4005775919732442,13.03344481605351,0.14183703013933205
goe379,1000000,ok,,1000000.0,False,3.9583356952553714,0.9402210645655009,0.007133751488010883,131.7989652633196,1.3533484949832777,11.020066889632107,0.0644956053449655
goe692,1000000,ok,,1000000.0,False,4.677966101694915,1.0785813559322033,0.008187457627118644,131.73580921624642,1.6699,15.0,0.161
fx79w151a,1000000,ok,,1000000.0,False,6.813559322033898,1.161315254237288,0.00882,131.6683961720281,1.3084,15.0,0.15161723411050781
e639,1000000,ok,,1000000.0,False,8.03622243636982,1.2922858284677738,0.009824083668726263,131.5426325797289,1.53298762541806,12.003344481605351,0.12554984416762235
goe117,1000000,ok,,1000000.0,False,3.796610169491526,0.8852355932203391,0.006733220338983051,131.4728389467855,1.2839,11.0,0.08992062831556032
e1200,1000000,ok,,1000000.0,False,3.9661016949152543,0.9645881355932203,0.007339491525423729,131.4243816825624,1.5379,15.0,0.1694668488035797
goe371,1000000,ok,,1000000.0,False,4.082761748200214,0.9296596224703814,0.00707951986848818,131.316761551643,1.4334742474916387,10.996655518394647,0.06949338978475865
sp4621hp,1000000,ok,,1000000.0,False,6.101694915254237,1.4459847457627117,0.011013559322033897,131.29132040627886,1.7067,15.0,0.21062359969937394
goe476,1000000,ok,,1000000.0,False,5.745762711864407,1.1945338983050846,0.009100169491525423,131.26501648320948,1.4984,15.0,0.14439359643358765
e203,1000000,ok,,1000000.0,False,4.968425826200329,0.9018983731081005,0.0068718258602120065,131.24581318774506,1.3179023411371238,13.03344481605351,0.13624446953084624
goe441,1000000,ok,,1000000.0,False,6.213593333711241,1.6217301967008673,0.01235728246698033,131.23679911293306,2.057534113712374,12.963210702341136,0.15974954138686787
goe610bm,1000000,ok,,1000000.0,False,4.135593220338983,1.033393220338983,0.007883389830508476,131.08488132094942,1.5294,12.0,0.077
goe508,1000000,ok,,1000000.0,False,5.033898305084746,1.1476389830508475,0.008756101694915254,131.06734286986315,1.582,15.0,0.165
k3311sm,1000000,ok,,1000000.0,False,5.033898305084746,0.9375220338983051,0.007154576271186441,131.03809343314697,1.4237,15.0,0.11025280945757998
e854,1000000,ok,,1000000.0,False,4.856527407743325,1.0151075449237572,0.007746958222322998,131.0330475255058,1.4235347826086957,14.016722408026755,0.13399092140321908
fx6617a2,1000000,ok,,1000000.0,False,8.011110481265233,1.278365240065756,0.009759220565727566,130.99050599953847,1.323661872909699,9.030100334448159,0.1819477004152028
hq17,1000000,ok,,1000000.0,False,4.322033898305085,1.010664406779661,0.007723220338983051,130.8604911449075,1.2846,15.0,0.15217
goe533,1000000,ok,,1000000.0,False,6.1864406779661,1.223130508474576,0.00935915254237288,130.68816892736194,1.6385,15.0,0.13699999999999998
ah79k132,1000000,ok,,1000000.0,False,5.033898305084746,0.9084576271186441,0.006952881355932203,130.65915850031692,1.2373,15.0,0.13196385750156936
goe173,1000000,ok,,1000000.0,False,-1.1240859361714195,0.5019885040530582,0.0038455461708519927,130.53763542301743,1.5470117056856187,11.979933110367892,0.07761725909411152
fx61184,1000000,ok,,1000000.0,False,6.101694915254237,1.2253050847457627,0.009392711864406779,130.45274915639607,1.5149,15.0,0.18371691002241436
naca652415a05,1000000,ok,,1000000.0,False,5.033898305084746,0.8676728813559322,0.006652881355932203,130.42061551003772,1.2604,15.0,0.1499491833174475
hobiesm,1000000,ok,,1000000.0,False,2.919902499858285,0.7712176747349924,0.005914344424919222,130.3978292988112,1.318824414715719,10.976588628762542,0.085743
goe502,1000000,ok,,1000000.0,False,6.101694915254237,1.2659474576271186,0.009708474576271185,130.396124301676,1.6833,15.0,0.15898037361209846
e580,1000000,ok,,1000000.0,False,5.745762711864407,1.2607118644067796,0.009672033898305085,130.3460965565583,1.5906,15.0,0.16071571805420776
k3311,1000000,ok,,1000000.0,False,4.856527407743325,0.9201388243296865,0.007069655348336262,130.1532789071857,1.3479866220735788,14.016722408026755,0.11
fx83w160,1000000,ok,,1000000.0,False,3.9661016949152543,0.9410135593220338,0.007230847457627119,130.13876517744126,1.4885,15.0,0.16049830405621207
goe482,1000000,ok,,1000000.0,False,5.892182982824103,1.5593662830905277,0.011995013321240292,130.001213114892,1.9192622073578596,12.963210702341136,0.16516730423034587
e852,1000000,ok,,1000000.0,False,3.0338983050847457,0.7520389830508474,0.005788644067796609,129.91625918660148,1.0369,7.0,0.10071713374645808
naca632615,1000000,ok,,1000000.0,False,5.745762711864407,1.1595211864406778,0.008927881355932202,129.87641078700318,1.5513,15.0,0.1499863033601802
arad6,1000000,ok,,1000000.0,False,2.833739583923813,0.925884708916728,0.007130048750070858,129.8567150620852,1.7469588628762542,13.010033444816052,0.060239
goe553,1000000,ok,,1000000.0,False,6.849271583243578,1.28734628422425,0.00992243183492999,129.74100559626905,1.6472678929765885,12.050167224080266,0.13675548533903803
e559,1000000,ok,,1000000.0,False,7.909925741171135,1.3985600419477353,0.010785146533643217,129.6746444366855,1.6873063545150502,14.016722408026755,0.16031710252431758
e638,1000000,ok,,1000000.0,False,8.00946658352701,1.2575734085369308,0.009698864009976759,129.661928164301,1.5094464882943144,12.056856187290968,0.1234292839272848
hq3510,1000000,ok,,1000000.0,False,2.9322033898305087,0.7989372881355932,0.006164745762711864,129.5977675134719,1.2524,8.0,0.09963999999999999
fx61168,1000000,ok,,1000000.0,False,6.101694915254237,1.2324288135593222,0.009510000000000001,129.59293517973944,1.4848,15.0,0.16805533781620235
m24,1000000,ok,,1000000.0,False,8.011110481265233,1.3422622527067625,0.010358276741681308,129.58354813069926,1.438364882943144,9.030100334448159,0.11943157459563142
e552,1000000,ok,,1000000.0,False,7.884927158324356,1.2804979026132302,0.009881669406496228,129.58315543033936,1.4373866220735787,11.06688963210702,0.18427535479690837
clarkv,1000000,ok,,1000000.0,False,2.898305084745763,0.7832237288135593,0.006045084745762712,129.56373016318062,1.4993,15.0,0.1164
e591,1000000,ok,,1000000.0,False,6.101694915254237,1.5094999999999998,0.011655762711864406,129.506754496939,2.0449,15.0,0.1566109103314158
s3025,1000000,ok,,1000000.0,False,3.9248341930729556,0.8305278555637436,0.006415652173913044,129.45337949285783,1.397643143812709,13.983277591973245,0.09380899302783284
goe380,1000000,ok,,1000000.0,False,5.102375148801086,1.0756949265914628,0.008309852616064846,129.4481353991644,1.3491635451505015,9.97658862876254,0.065496
goe392,1000000,ok,,1000000.0,False,2.0211439260812885,0.7848548665041666,0.006066337509211496,129.37870095628463,0.991353177257525,5.006688963210703,0.1015
e176,1000000,ok,,1000000.0,False,4.078793719176916,0.7744896831245393,0.005988978515957144,129.3191620342225,1.2204642140468225,10.989966555183944,0.08822317336853061
goe413,1000000,ok,,1000000.0,False,5.195793889235304,1.1307261606484893,0.008759499461481775,129.08570468217295,1.6174615384615385,14.016722408026755,0.1635
s7055,1000000,ok,,1000000.0,False,4.818434329119665,0.9062696955954878,0.007026535343801372,128.97817363076035,1.3584732441471572,13.946488294314381,0.10496821158656211
naca4412,1000000,ok,,1000000.0,False,5.033898305084746,1.0290711864406779,0.007989491525423728,128.8030888030888,1.6586,15.0,0.12017706615475723
goe549,1000000,ok,,1000000.0,False,4.322033898305085,0.9860813559322034,0.007658305084745763,128.75973796033992,1.472,15.0,0.13849999999999998
e793,1000000,ok,,1000000.0,False,6.813559322033898,1.2743830508474576,0.009897627118644068,128.75642167271732,1.7128,15.0,0.15624559431603113
gs1,1000000,ok,,1000000.0,False,5.745762711864407,1.085340677966102,0.008436949152542372,128.64136767246578,1.5218,15.0,0.139
e562,1000000,ok,,1000000.0,False,7.169491525423728,1.3102677966101695,0.01018779661016949,128.61149930125774,1.645,15.0,0.15016587524848649
goe573,1000000,ok,,1000000.0,False,7.856414035485516,1.4467992007255823,0.011252565614194207,128.57505126658063,1.5116471571906356,9.046822742474916,0.140975884940012
goe797,1000000,ok,,1000000.0,False,3.9661016949152543,0.990271186440678,0.007709322033898305,128.45113773771573,1.7,15.0,0.16
goe630,1000000,ok,,1000000.0,False,4.095856243977098,1.1890011507284166,0.00925805793322374,128.42878704199205,1.7752494983277594,12.050167224080266,0.12542822445289234
s3024,1000000,ok,,1000000.0,False,3.010430247718383,0.7229299189388356,0.005629564083668726,128.41667812895915,1.3769347826086957,13.983277591973245,0.09845021759087254
2032c,1000000,ok,,1000000.0,False,5.489314664701549,1.3141372654611418,0.010234250325945243,128.4058161182184,1.6221608695652174,9.521739130434783,0.0796
sd7034,1000000,ok,,1000000.0,False,5.033898305084746,0.9682830508474577,0.007541864406779661,128.3877564779648,1.6223,15.0,0.10508449986522966
goe269,1000000,ok,,1000000.0,False,5.142395555807495,1.0814936058046598,0.008425178844736694,128.36446866410216,1.6749508361204013,13.013377926421406,0.06586922316446983
fx73cl3152,1000000,ok,,1000000.0,False,6.101694915254237,1.517906779661017,0.011828305084745763,128.32834195480535,2.1701,15.0,0.15210552716804607
stf86361,1000000,ok,,1000000.0,False,2.11864406779661,0.9677237288135594,0.007542203389830508,128.307827142183,1.2805,10.0,0.14659998422457296
n8h12,1000000,ok,,1000000.0,False,6.813559322033898,0.9922661016949152,0.007745593220338982,128.10717958817483,1.2792,15.0,0.11978358227109079
goe264,1000000,ok,,1000000.0,False,4.79082818434329,1.1119329346408933,0.0086810294201009,128.08768186710847,1.5620555183946487,11.989966555183944,0.06426986967503248
s2091,1000000,ok,,1000000.0,False,5.033898305084746,0.970493220338983,0.007582542372881356,127.990477680667,1.6341,15.0,0.10108287677635414
goe527,1000000,ok,,1000000.0,False,5.033898305084746,1.1476237288135591,0.008980338983050846,127.79291861694095,1.6534,15.0,0.16523851975934534
sc21006,1000000,ok,,1000000.0,False,-2.0677966101694913,0.5942593220338984,0.004651525423728813,127.75579361609098,0.9838,2.0,0.06
goe744,1000000,ok,,1000000.0,False,7.169491525423728,1.3086186440677965,0.010249152542372882,127.68066809988422,1.6533,15.0,0.1448
e420,1000000,ok,,1000000.0,False,4.949152542372881,1.605428813559322,0.01258457627118644,127.57114573933656,2.1764,13.0,0.14337464517572923
goe428,1000000,ok,,1000000.0,False,4.949152542372881,1.0692881355932202,0.008387457627118643,127.48656185587843,1.3942,13.0,0.07899999999999999
s4053,1000000,ok,,1000000.0,False,3.0639419534040027,0.7034169378153167,0.005519874723655122,127.43349677862466,1.4116638795986622,14.036789297658864,0.08919412885035355
e266,1000000,ok,,1000000.0,False,7.169491525423728,1.0889898305084744,0.008547627118644067,127.40258967698439,1.1365,15.0,0.17316292640253544
goe497,1000000,ok,,1000000.0,False,4.177994444759367,1.0807960319709768,0.008486449180885439,127.35550628233555,1.6633648829431438,14.016722408026755,0.127
goe723,1000000,ok,,1000000.0,False,5.016949152542372,1.0544508587948527,0.008281717589705797,127.32272591684828,1.5963,15.0,0.11548359591988283
sd2083,1000000,ok,,1000000.0,False,3.040530582166543,0.6701802278782382,0.005263979933110367,127.31435841212331,1.2499073578595317,11.97658862876254,0.08960840436075321
raf33,1000000,ok,,1000000.0,False,7.0278328892919895,1.178117895810895,0.009254184570035712,127.30650517016312,1.4011695652173914,10.013377926421402,0.12637712465826834
goe803h,1000000,ok,,1000000.0,False,6.101694915254237,1.4085728813559322,0.011065593220338983,127.29302924012437,1.9368,15.0,0.063
e817,1000000,ok,,1000000.0,False,2.0677966101694913,0.6976491525423728,0.005488305084745762,127.11559247706988,1.1415,8.0,0.10980978654728982
aquilasm,1000000,ok,,1000000.0,False,5.919902499858285,1.033954327985942,0.00813832492489088,127.04756046586644,1.4701157190635452,13.976588628762542,0.09381503499999999
goe550,1000000,ok,,1000000.0,False,5.033898305084746,1.0283559322033897,0.008099152542372883,126.97080673851623,1.5322,15.0,0.1295
e856,1000000,ok,,1000000.0,False,8.07301173402868,1.3342767926988264,0.010516219035202085,126.87799562109313,1.599132441471572,12.050167224080266,0.18148669571518633
e205,1000000,ok,,1000000.0,False,4.970806643614306,0.8650659259679155,0.006820311206847684,126.83672338871835,1.2779772575250836,11.979933110367892,0.10473386445699974
goe217,1000000,ok,,1000000.0,False,5.874326852219262,1.56626446346579,0.012354542259509098,126.77640584055317,1.9915565217391304,14.016722408026755,0.18987180445890167
e637,1000000,ok,,1000000.0,False,8.990816847117507,1.2739729096989965,0.010060377529618499,126.63271392632389,1.461194314381271,12.050167224080266,0.12095411595959596
e554,1000000,ok,,1000000.0,False,8.142055439034069,1.333751527691174,0.010542223796836914,126.5151976845106,1.5152209030100334,12.963210702341136,0.18235
nn7mk20,1000000,ok,,1000000.0,False,6.101694915254237,1.1160983050847457,0.008829491525423729,126.4057281068837,1.3548,15.0,0.16856038965186843
goe682,1000000,ok,,1000000.0,False,4.322033898305085,0.9449830508474577,0.0074779661016949155,126.36899365367181,1.4995,15.0,0.1065
goe624,1000000,ok,,1000000.0,False,7.169491525423728,1.3137779661016948,0.010398983050847457,126.33715813149917,1.7661,15.0,0.16
e558,1000000,ok,,1000000.0,False,7.909925741171135,1.3143457003571226,0.010404245791054928,126.32782104082298,1.607286287625418,14.016722408026755,0.16025793109933728
fx05188,1000000,ok,,1000000.0,False,5.033898305084746,1.0468389830508473,0.008287796610169491,126.31089206102497,1.3736,15.0,0.18810341353140644
naca654421a05,1000000,ok,,1000000.0,False,7.029023297998979,1.0866411201179071,0.008605158437730288,126.27787483300791,1.1318856187290969,7.97658862876254,0.2099255374923069
goe326,1000000,ok,,1000000.0,False,4.92795193016269,1.0131332180715378,0.008025243466923645,126.24329993815215,1.5220535117056857,12.963210702341136,0.08177522732684633
goe701,1000000,ok,,1000000.0,False,3.9661016949152543,0.9933983050847458,0.007869152542372882,126.23955371758422,1.5168,15.0,0.12449278790123583
goe596,1000000,ok,,1000000.0,False,4.152542372881356,0.8820694915254238,0.006989661016949153,126.1963190184049,1.5182,15.0,0.0975
mh18,1000000,ok,,1000000.0,False,4.970806643614306,0.8363085766113031,0.006632042968085708,126.1011999825293,1.1558076923076923,11.979933110367892,0.11140181071658434
m18,1000000,ok,,1000000.0,False,7.231392778187178,1.128882313927782,0.008955114222549743,126.06006867954402,1.3932531772575252,14.016722408026755,0.1202
sg6050,1000000,ok,,1000000.0,False,6.101694915254237,1.0787898305084747,0.008571694915254238,125.85490281375436,1.5342,15.0,0.16006737886538
goe140,1000000,ok,,1000000.0,False,8.97908281843433,1.4061536590896209,0.01117487557394705,125.83170611473366,1.4948628762541807,12.040133779264215,0.0877516267612367
a18,1000000,ok,,1000000.0,False,1.857831188708122,0.8029467320446685,0.006389108327192335,125.67430241044603,1.4662521739130434,9.986622073578594,0.07345
goe174,1000000,ok,,1000000.0,False,6.052661413752055,1.2438764469134405,0.009911109914403946,125.50324410242878,1.6237772575250835,12.003344481605351,0.08583047457649
goe611,1000000,ok,,1000000.0,False,4.015361940933053,1.0799167847627684,0.008605528031290742,125.49105421957377,1.5291979933110367,13.996655518394647,0.128990028
goe399,1000000,ok,,1000000.0,False,3.9661016949152543,0.8619627118644068,0.006869322033898306,125.48002664758566,1.2103,8.0,0.06899435028894349
vr7,1000000,ok,,1000000.0,False,5.745762711864407,0.9650525423728814,0.007692203389830509,125.458531641107,1.4231,15.0,0.12029999999999999
la2573a,1000000,ok,,1000000.0,False,8.932486820475027,1.117762122328666,0.008918141828694517,125.33576431047742,1.3417076923076923,11.979933110367892,0.1369863596873591
nacam18,1000000,ok,,1000000.0,False,6.949152542372881,1.0836338983050846,0.008646610169491526,125.3247084190924,1.3938,15.0,0.11960000000000001
goe284,1000000,ok,,1000000.0,False,5.1864406779661,1.1018559322033896,0.008802542372881356,125.17473765283525,1.7354,14.0,0.17632549964918343
goe562,1000000,ok,,1000000.0,False,5.127940592936907,1.236253489031234,0.009888043761691513,125.02508269843584,1.465941806020067,10.013377926421402,0.14098590303091496
e715,1000000,ok,,1000000.0,False,6.813559322033898,1.030786440677966,0.008248983050847458,124.95921428424664,1.3667,15.0,0.1503598374407602
fx78pk188,1000000,ok,,1000000.0,False,6.101694915254237,0.9611983050847458,0.0076930508474576265,124.94370882813018,1.0997,15.0,0.1881109213759214
goe308,1000000,ok,,1000000.0,False,5.942690323677795,1.1335500878634994,0.00907300606541579,124.93655131393896,1.3546254180602006,11.989966555183944,0.08088417514217157
usa35b,1000000,ok,,1000000.0,False,3.16019500028343,0.9728005725299018,0.007786991100277761,124.92637528444101,1.6791414715719064,14.016722408026755,0.1161
e334,1000000,ok,,1000000.0,False,8.797290403038376,1.2791235190748824,0.010239723938552237,124.91777383363069,1.4839836120401337,13.976588628762542,0.11933239151056146
sd7032,1000000,ok,,1000000.0,False,4.847457627118644,0.9768847457627118,0.007821864406779662,124.89154694576261,1.6155,14.0,0.09955229948750516
m15,1000000,ok,,1000000.0,False,6.892126296695199,1.1134108950739754,0.008916645881752736,124.86880266855606,1.4677628762541806,14.016722408026755,0.11998776505250525
sd7043,1000000,ok,,1000000.0,False,2.898305084745763,0.7596796610169492,0.006085423728813559,124.83595142602496,1.7114,15.0,0.0913040613615346
hq3011,1000000,ok,,1000000.0,False,3.9637208775012756,0.8352269712601327,0.006693516240575932,124.78149618835721,1.4101314381270904,12.963210702341136,0.10985
hq3010,1000000,ok,,1000000.0,False,3.962076979763051,0.8379508134459497,0.006721557734822288,124.6661631878558,1.3763829431438128,12.056856187290968,0.09985
ah81131,1000000,ok,,1000000.0,False,4.932203389830509,0.8080898305084747,0.0064964406779661026,124.38962665344779,1.1503,15.0,0.1304896035924435
goe478,1000000,ok,,1000000.0,False,5.745762711864407,1.0915237288135593,0.008777457627118644,124.3553401432792,1.5464,15.0,0.1333364775944105
e207,1000000,ok,,1000000.0,False,5.832662547474634,0.9320041494246358,0.007502863783232244,124.21978811710842,1.3054287625418062,13.946488294314381,0.12020446433960726
ssca07,1000000,ok,,1000000.0,False,7.954310980103168,0.916848415622697,0.007381134856300667,124.2151015355124,1.2660565217391304,12.03344481605351,0.06998020888226932
ah94156,1000000,ok,,1000000.0,False,6.101694915254237,1.029728813559322,0.008291694915254237,124.18797653359499,1.272,15.0,0.156056859375
ah93156,1000000,ok,,1000000.0,False,5.915254237288135,1.0086711864406779,0.00812271186440678,124.1791169351473,1.1997,13.0,0.1566299106699752
e551,1000000,ok,,1000000.0,False,7.169491525423728,1.1890169491525424,0.009577457627118643,124.14745075831316,1.3893,15.0,0.18235899524847277
goe493,1000000,ok,,1000000.0,False,4.83050847457627,0.9345711864406778,0.007528983050847457,124.12980347133112,1.3877,15.0,0.14961839313023073
defcnd1,1000000,ok,,1000000.0,False,7.169491525423728,1.2699915254237288,0.0102335593220339,124.1006658054258,1.5766,15.0,0.20908979889833415
goe424,1000000,ok,,1000000.0,False,7.909925741171135,1.3144310073125107,0.010592260642820702,124.09352938302317,1.6002163879598663,14.016722408026755,0.19985281920736286
goe546,1000000,ok,,1000000.0,False,2.898305084745763,0.7664610169491526,0.006176949152542373,124.08407419602679,1.5362,15.0,0.104
goe101,1000000,ok,,1000000.0,False,3.915254237288136,0.8196389830508475,0.006608644067796611,124.02528788694826,1.3359,11.0,0.069
goe414,1000000,ok,,1000000.0,False,5.93622810498271,1.1886546964457798,0.00958492545774049,124.01293068855938,1.4003926421404682,13.03344481605351,0.1359225261153846
goe335,1000000,ok,,1000000.0,False,4.770874666968993,0.9948626154979876,0.008027107306842016,123.93787418912449,1.3729367892976587,11.013377926421406,0.0685
fx66a175,1000000,ok,,1000000.0,False,7.029023297998979,1.260958562439771,0.010175980386599396,123.91519190625695,1.3227759197324414,7.97658862876254,0.1750933120408815
goe602m,1000000,ok,,1000000.0,False,2.8704721954537735,0.7808731251062866,0.006317102205090416,123.612552045944,1.3271892976588628,12.046822742474916,0.096
mh83,1000000,ok,,1000000.0,False,8.94915254237288,1.46954406779661,0.01189779661016949,123.5139678333832,1.9347,15.0,0.13291105784736967
l188tip,1000000,ok,,1000000.0,False,3.2542372881355934,0.723477966101695,0.005862203389830509,123.41399947957326,1.5436,15.0,0.1198895342297214
e550,1000000,ok,,1000000.0,False,7.884927158324356,1.2005863953290625,0.009730518678079473,123.38359701561397,1.3637598662207358,11.06688963210702,0.18197360054347828
goe323,1000000,ok,,1000000.0,False,5.228048296581827,1.0077292160308373,0.008167523949889463,123.38246232439583,1.6443404682274247,12.013377926421406,0.11040920712038563
mrc-16,1000000,ok,,1000000.0,False,5.847457627118644,1.019942372881356,0.008277796610169492,123.21423452568644,1.4848,15.0,0.1390057258749029
goe322,1000000,ok,,1000000.0,False,4.818434329119665,1.1124638115753076,0.009032037866334108,123.1686390202027,1.5569785953177258,13.946488294314381,0.13063476722265963
goe13k,1000000,ok,,1000000.0,False,3.2542372881355934,1.0325915254237288,0.008386101694915254,123.13129067464328,1.4449,15.0,0.148
fx84w097,1000000,ok,,1000000.0,False,4.856527407743325,0.8037058216654385,0.006530917748426959,123.0616970882874,1.3514120401337792,14.016722408026755,0.09739090790333116
s4083,1000000,ok,,1000000.0,False,5.08321523723145,0.9655548098180377,0.007846558018252934,123.05456833071658,1.4226652173913044,11.02675585284281,0.0799870192236414
s9037,1000000,ok,,1000000.0,False,3.957372031063997,0.8240942236834645,0.006698455302987357,123.02750207438683,1.495374247491639,13.97658862876254,0.08996351315749306
fx61147,1000000,ok,,1000000.0,False,5.892182982824103,1.2219654668102717,0.009939918938835666,122.9351541324953,1.511738127090301,12.963210702341136,0.14764262247838617
goe567,1000000,ok,,1000000.0,False,4.847457627118644,1.146650847457627,0.009330847457627118,122.88817844946594,1.5546,14.0,0.14740031914355506
goe430,1000000,ok,,1000000.0,False,4.83050847457627,1.1872661016949153,0.009676440677966101,122.69657213921634,1.7174,15.0,0.1335871982697197
m14,1000000,ok,,1000000.0,False,4.9027266028002945,0.8616306558585114,0.007025099484156227,122.65031375025437,1.3686260869565217,12.043478260869565,0.0806
e220,1000000,ok,,1000000.0,False,4.981293577461594,0.8209891105946374,0.006697556827844226,122.58038740059382,1.2859976588628763,13.996655518394647,0.11459179802287382
goe187,1000000,ok,,1000000.0,False,5.942180148517659,1.1361537497874272,0.009271431324754833,122.54351135124985,1.4368321070234111,10.013377926421406,0.08279629798380161
s2027,1000000,ok,,1000000.0,False,6.813559322033898,1.0604847457627118,0.00865457627118644,122.53456582194195,1.3931,15.0,0.1450066757695081
naca644421,1000000,ok,,1000000.0,False,7.881355932203389,1.2127033898305084,0.009902881355932203,122.45965050404779,1.2693,15.0,0.2095524480420232
goe277,1000000,ok,,1000000.0,False,5.854826823876197,1.1069487103905673,0.009052896094325719,122.27564514789844,1.5265521739130434,12.043478260869565,0.08337155568519296
s7075,1000000,ok,,1000000.0,False,2.898305084745763,0.7154474576271187,0.005853559322033899,122.22434561037757,1.613,15.0,0.0899875828449966
ah79k135,1000000,ok,,1000000.0,False,3.9661016949152543,0.7583440677966102,0.006204915254237288,122.21666803245104,1.2103,15.0,0.13484539234149404
hq258,1000000,ok,,1000000.0,False,2.9491525423728815,0.6653203389830508,0.005446779661016949,122.14930296240975,0.9537,6.0,0.07969
clarkx,1000000,ok,,1000000.0,False,3.9661016949152543,0.8254389830508474,0.006758305084745762,122.13698149169886,1.4924,15.0,0.11699999999999999
m17,1000000,ok,,1000000.0,False,5.178334561532792,0.8497722918201915,0.006959801031687546,122.09721053105262,1.3142117056856188,13.020066889632107,0.08080256025602561
goe316,1000000,ok,,1000000.0,False,7.047219545377246,1.1608636131738563,0.009521773708973414,121.91674037368132,1.5722558528428094,12.993311036789297,0.0907581295836249
e178,1000000,ok,,1000000.0,False,4.847457627118644,0.7788610169491526,0.006391864406779661,121.85193042002545,1.1829,10.0,0.08680656763962458
goe623,1000000,ok,,1000000.0,False,3.9661016949152543,0.8554033898305085,0.007022033898305084,121.81704079169684,1.555,15.0,0.12
goe325,1000000,ok,,1000000.0,False,5.838387846493962,1.113297403775296,0.009141719857150956,121.78205208338757,1.500096989966555,10.986622073578594,0.082
goe358,1000000,ok,,1000000.0,False,5.874326852219262,1.3139529731874608,0.010792136500198403,121.75095942896063,1.774863210702341,14.016722408026755,0.10869999999999999
davis_corrected,1000000,ok,,1000000.0,False,7.909925741171135,1.1531517374298508,0.009475054702114393,121.70396622327898,1.3221414715719064,14.016722408026755,0.158983882498703
goe255,1000000,ok,,1000000.0,False,5.033898305084746,1.132179661016949,0.00930457627118644,121.67987321711568,1.4374,15.0,0.18555421310393705
hs1708,1000000,ok,,1000000.0,False,5.033898305084746,1.1834389830508472,0.009730338983050847,121.62361302234838,1.7919,15.0,0.07916000000000001
s4110,1000000,ok,,1000000.0,False,2.186440677966102,0.6404271186440679,0.005265932203389831,121.61704593002672,1.5972,15.0,0.08375300906959243
goe387,1000000,ok,,1000000.0,False,5.033898305084746,1.1280542372881357,0.009284067796610168,121.50430845625824,1.6567,15.0,0.14850000000000002
be50sm,1000000,ok,,1000000.0,False,4.970806643614306,1.0302013547984807,0.008481209115129527,121.46868928873795,1.599685618729097,11.979933110367892,0.07315526627218935
naca663418,1000000,ok,,1000000.0,False,5.033898305084746,0.8844203389830508,0.0072825423728813555,121.44389880606047,1.1734,15.0,0.17995168524670635
goe137,1000000,ok,,1000000.0,False,4.000623547417947,0.8906260926251346,0.007334680006802334,121.42671415782958,1.4453197324414715,13.03344481605351,0.08588649796759312
goe182,1000000,ok,,1000000.0,False,7.871832662547474,1.3874527124312679,0.011432846210532283,121.35671965508507,1.7149923076923077,13.03344481605351,0.09440905396774249
sd7062,1000000,ok,,1000000.0,False,6.101694915254237,1.1247830508474577,0.00927050847457627,121.32916483837941,1.7088,15.0,0.1397735328659243
goe479,1000000,ok,,1000000.0,False,4.677966101694915,0.9631559322033898,0.00794135593220339,121.2835617023093,1.4678,15.0,0.116
apex16,1000000,ok,,1000000.0,False,3.813559322033898,0.7699440677966102,0.006348644067796611,121.27693088074324,1.3503,15.0,0.12918326747864356
usa35,1000000,ok,,1000000.0,False,4.177994444759367,1.1545476616971826,0.009521295278045462,121.25951648189918,1.825918060200669,14.016722408026755,0.18175556465002168
fx75193,1000000,ok,,1000000.0,False,5.033898305084746,1.094850847457627,0.009029491525423728,121.25276870518452,1.2216,15.0,0.19269025085165686
usa35a,1000000,ok,,1000000.0,False,4.177994444759367,1.1555340683634714,0.009530195000283431,121.24978222681754,1.8251247491638796,14.016722408026755,0.1817331035554247
e557,1000000,ok,,1000000.0,False,5.745762711864407,1.1977627118644067,0.009884237288135594,121.17907299758217,1.6366,15.0,0.15997928790571767
eiffel385,1000000,ok,,1000000.0,False,3.2542372881355934,1.1455525423728814,0.009461525423728814,121.07482578865341,1.6025,15.0,0.1361606396404081
goe190,1000000,ok,,1000000.0,False,6.101694915254237,1.2706084745762711,0.010497288135593221,121.04159266315754,1.7159,15.0,0.12669416033148284
hq3512,1000000,ok,,1000000.0,False,3.16019500028343,0.8251345445269541,0.006823010600306104,120.93408509286732,1.4833678929765888,14.016722408026755,0.11957000000000001
hor12,1000000,ok,,1000000.0,False,5.745762711864407,1.146871186440678,0.009483559322033897,120.93256840562617,1.8133,15.0,0.11939245076175183
e553,1000000,ok,,1000000.0,False,7.169491525423728,1.2172271186440677,0.01006728813559322,120.90913682509218,1.4499,15.0,0.18119828916259811
usa22,1000000,ok,,1000000.0,False,4.92795193016269,0.9708963267388471,0.008037118077206508,120.80155068174702,1.397833779264214,12.963210702341136,0.0910411715935342
curtisc72,1000000,ok,,1000000.0,False,4.92795193016269,1.199650229578822,0.00993164106343178,120.79073558104352,1.6289548494983277,12.963210702341136,0.1173
goe796,1000000,ok,,1000000.0,False,3.2542372881355934,0.776077966101695,0.006426101694915255,120.76963654586696,1.5774,15.0,0.12000000000000001
goe365,1000000,ok,,1000000.0,False,3.0677966101694913,0.919628813559322,0.007616949152542372,120.73453493546953,1.5283,15.0,0.1169856650840084
e209,1000000,ok,,1000000.0,False,6.101694915254237,0.9385983050847457,0.007778305084745763,120.66874400767018,1.3395,15.0,0.13684803066465545
naca643418,1000000,ok,,1000000.0,False,6.101694915254237,1.0362677966101697,0.008589830508474576,120.63891081294398,1.3455,15.0,0.17953270872356863
goe328,1000000,ok,,1000000.0,False,5.040530582166543,0.9706740150785103,0.008051681310583298,120.55544396704276,1.5558103678929767,13.97658862876254,0.082
davis,1000000,ok,,1000000.0,False,2.9994898248398627,0.7976810384898817,0.00662254067229749,120.44939819345049,1.3046555183946487,12.963210702341136,0.11249999999999999
goe741,1000000,ok,,1000000.0,False,8.23728813559322,1.2638762711864406,0.010497627118644067,120.39637690519245,1.5484,15.0,0.1533
sa7038,1000000,ok,,1000000.0,False,-0.9519868488180943,0.28780892806530245,0.0023905838671277133,120.39273418635796,1.483369899665552,13.983277591973245,0.09199457829660668
goe14,1000000,ok,,1000000.0,False,10.016949152542374,1.6916728813559323,0.01405305084745763,120.37762473918444,1.9411,15.0,0.09891046441797617
goe408,1000000,ok,,1000000.0,False,4.056572756646448,0.9914066889632107,0.008237138484212913,120.35814268065485,1.4428505016722408,11.979933110367892,0.07749803999999999
mh104,1000000,ok,,1000000.0,False,7.871832662547474,1.0804166487160591,0.00897694461765206,120.35460780180735,1.3434933110367893,13.03344481605351,0.1525891750069398
ah93w257,1000000,ok,,1000000.0,False,8.980103168754603,1.4564570205770646,0.012101898418457,120.3494666882821,1.5752110367892975,10.996655518394647,0.2567242455911169
clarkz,1000000,ok,,1000000.0,False,5.847457627118644,1.0725694915254238,0.008913389830508473,120.33238890262224,1.6384,15.0,0.11750000000000001
e339,1000000,ok,,1000000.0,False,10.027832889291991,1.3178695708860042,0.010955626098293748,120.2915797839479,1.4959371237458194,13.013377926421406,0.13537417787499936
n22,1000000,ok,,1000000.0,False,4.968425826200329,1.1891624907885041,0.009886326171985716,120.28355833111817,1.6222795986622074,13.03344481605351,0.1237
goe398,1000000,ok,,1000000.0,False,5.033898305084746,1.0936813559322034,0.009095762711864406,120.24075281841051,1.5548,15.0,0.1385
e642,1000000,ok,,1000000.0,False,6.101694915254237,0.9682152542372882,0.008053050847457627,120.22962136678383,1.2371,15.0,0.15068785123700165
goe407,1000000,ok,,1000000.0,False,6.213593333711241,1.2036224193639815,0.010018641800351455,120.13828254861436,1.502143143812709,14.016722408026755,0.09459788821117888
goe241,1000000,ok,,1000000.0,False,3.9661016949152543,1.5157847457627118,0.01262762711864407,120.0371797108841,2.0379,15.0,0.18854650161069644
dh4009sm,1000000,ok,,1000000.0,False,4.983050847457626,0.5182101694915254,0.004323220338983055,119.86670325792907,0.6419,6.0,0.08943855938899131
raf48,1000000,ok,,1000000.0,False,6.813559322033898,1.1038966101694916,0.00921,119.85848101731723,1.3991,15.0,0.1496
goe673,1000000,ok,,1000000.0,False,3.0677966101694913,0.7049779661016949,0.005881864406779661,119.85620839696857,1.1911,9.0,0.10789178850301687
ah93157,1000000,ok,,1000000.0,False,6.203389830508474,1.0176983050847457,0.008497966101694916,119.75786828353742,1.2628,14.0,0.1568382147623286
goe195,1000000,ok,,1000000.0,False,3.0494303044045115,0.9310710409462805,0.007779924607448556,119.6761007240181,1.717678260869565,13.996655518394647,0.086
usa25,1000000,ok,,1000000.0,False,5.978969446176521,1.1189542486253614,0.009350514143189163,119.66767083502017,1.3394003344481604,12.993311036789297,0.0827511909527622
e664,1000000,ok,,1000000.0,False,5.033898305084746,0.9445152542372881,0.007899830508474577,119.56145808749382,1.3019,15.0,0.16605888729417922
goe167,1000000,ok,,1000000.0,False,4.133779264214047,0.9107361204013378,0.007619130434782608,119.53281653293067,1.4846030100334446,10.996655518394649,0.10088066703490667
goe602,1000000,ok,,1000000.0,False,3.794682841108779,0.8354670993707839,0.0069919057876537604,119.49061167929975,1.279093311036789,10.996655518394647,0.0995
naca654421,1000000,ok,,1000000.0,False,6.101694915254237,1.0162067796610168,0.008505084745762712,119.48226385013949,1.161,15.0,0.20992585626366686
naca633418,1000000,ok,,1000000.0,False,6.101694915254237,1.0406661016949152,0.008711694915254238,119.45621510146111,1.3912,15.0,0.1799629830725008
e636,1000000,ok,,1000000.0,False,8.322997562496456,1.1700617708746668,0.0097951680743722,119.45295496623312,1.3774411371237458,11.979933110367892,0.1188196838488878
oaf095,1000000,ok,,1000000.0,False,3.2542372881355934,0.9023355932203391,0.007561694915254237,119.3298067871072,1.7178,15.0,0.09476436584553928
fx60100sm,1000000,ok,,1000000.0,False,3.838727963267388,0.9279696729210362,0.007779369650246584,119.28597233988259,1.6543494983277593,14.016722408026755,0.09978475167785235
s3021,1000000,ok,,1000000.0,False,4.082761748200214,0.7682540899042003,0.006441934130718212,119.2582963928176,1.2799257525083612,10.996655518394647,0.09470101255820713
n642415,1000000,ok,,1000000.0,False,5.033898305084746,0.9172322033898305,0.007709661016949152,118.97179413898478,1.398,15.0,0.14962892530698893
naca642415,1000000,ok,,1000000.0,False,5.033898305084746,0.9172322033898305,0.007709661016949152,118.97179413898478,1.398,15.0,0.14962892530698893
s1223,1000000,ok,,1000000.0,False,4.856527407743325,1.7391336545547305,0.014619483022504392,118.95999686703067,2.397191304347826,14.016722408026755,0.12140038664098121
e851,1000000,ok,,1000000.0,False,1.9491525423728806,0.5921610169491525,0.0049789830508474575,118.93212145969498,0.816,5.0,0.09015026566225273
e1210,1000000,ok,,1000000.0,False,7.881355932203389,1.3834762711864406,0.011636949152542372,118.8865099478575,1.8284,15.0,0.15844454635931257
e212,1000000,ok,,1000000.0,False,3.0328212686355656,0.8145302647242221,0.0068530491468737605,118.85662093869506,1.4705060200668896,13.03344481605351,0.10553657973534236
goe526,1000000,ok,,1000000.0,False,5.033898305084746,1.0306457627118644,0.008672033898305086,118.8470634222613,1.54,15.0,0.12290778563650506
boe106,1000000,ok,,1000000.0,False,5.745762711864407,1.0008762711864407,0.00842186440677966,118.84260097808371,1.5336,15.0,0.1306
goe503,1000000,ok,,1000000.0,False,5.235077376565952,1.1849344878408252,0.009971046425939573,118.83752589479782,1.5000882943143812,10.996655518394647,0.15594368632752229
e748,1000000,ok,,1000000.0,False,7.909925741171135,1.4924212572983389,0.012564245791054928,118.78319495793875,1.8750247491638796,14.016722408026755,0.19717966893454128
goe457,1000000,ok,,1000000.0,False,5.013661357065924,1.0020756476390225,0.008438014284904483,118.75728267392545,1.4704287625418062,12.050167224080266,0.07832924619415392
goe210,1000000,ok,,1000000.0,False,2.066209398560172,0.7108672864350094,0.005986528541465903,118.74449132099878,1.480176923076923,10.996655518394647,0.06630275593359337
goe133,1000000,ok,,1000000.0,False,4.000623547417947,0.8953727396406099,0.007543016268918995,118.70221509795678,1.627931772575251,13.03344481605351,0.079
naca4415,1000000,ok,,1000000.0,False,5.033898305084746,1.025172881355932,0.00863864406779661,118.6728927954795,1.5296,15.0,0.1502208651018468
mh117,1000000,ok,,1000000.0,False,4.000623547417947,0.7660952950513009,0.006458828864576838,118.61210617499354,1.4437461538461538,13.03344481605351,0.09792209975638146
clarkysm,1000000,ok,,1000000.0,False,3.2542372881355934,0.8287254237288136,0.006988474576271186,118.58459448971675,1.5491,15.0,0.1172196577181208
as6091,1000000,ok,,1000000.0,False,2.055098917294938,0.8060523269655916,0.006798404852332634,118.56491992956597,1.7369361204013378,12.953177257525082,0.04051138397753505
mh102,1000000,ok,,1000000.0,False,7.169491525423728,1.1206983050847457,0.00945728813559322,118.50102154199074,1.5458,15.0,0.16977364823424201
goe243,1000000,ok,,1000000.0,False,2.898305084745763,1.4308474576271188,0.012080677966101697,118.4409899545429,1.9583,15.0,0.19001821028174468
naca634421,1000000,ok,,1000000.0,False,7.881355932203389,1.2243050847457626,0.010339830508474576,118.40668797639538,1.3343,15.0,0.2099193274598962
n11,1000000,ok,,1000000.0,False,4.970806643614306,1.157268499518168,0.009779841278839067,118.33203285437608,1.549996321070234,11.979933110367892,0.1094
hq3513,1000000,ok,,1000000.0,False,2.898305084745763,0.7994508474576272,0.006764237288135594,118.18787742113308,1.4931,15.0,0.13
goe142,1000000,ok,,1000000.0,False,4.870982370613912,0.9253531942633639,0.007835495720197268,118.0975942438607,1.5573578595317725,13.013377926421406,0.06162531999999999
goe389,1000000,ok,,1000000.0,False,4.968425826200329,0.9877665211722692,0.0083646199195057,118.08863172238918,1.4342595317725753,13.03344481605351,0.10313147956502229
goe321,1000000,ok,,1000000.0,False,3.142338869678589,0.8198142112125163,0.006946645314891446,118.01584420253755,1.6898869565217391,11.979933110367892,0.11154596307173668
be50,1000000,ok,,1000000.0,False,3.794682841108779,0.9775998979649677,0.008290118474009409,117.92351352153405,1.478081939799331,10.996655518394647,0.07275
goe654,1000000,ok,,1000000.0,False,6.963550819114561,1.258983124539425,0.010676672524233318,117.9190540575123,1.5242849498327757,10.996655518394647,0.145
n63415,1000000,ok,,1000000.0,False,5.033898305084746,0.9223610169491526,0.00782457627118644,117.87999566771367,1.4476,15.0,0.1499810962264027
vr7b,1000000,ok,,1000000.0,False,5.947225213990135,0.9100039680290232,0.007723057649793095,117.82949309635188,1.5537919732441472,13.996655518394647,0.12029999999999999
goe442,1000000,ok,,1000000.0,False,3.9637208775012756,0.8961720877501276,0.007605692987925854,117.82911684350309,1.5279267558528427,12.963210702341136,0.07702052232700163
e344,1000000,ok,,1000000.0,False,10.284791111614986,1.32202116093192,0.01122074542259509,117.81937038423318,1.5623842809364548,14.016722408026755,0.14717904858886735
goe287,1000000,ok,,1000000.0,False,3.0567428150331617,0.7746551952837141,0.006575821665438467,117.80355896133644,1.4659933110367893,12.013377926421406,0.08869190195769577
goe523,1000000,ok,,1000000.0,False,0.7853296298395787,1.2692660733518508,0.010779730740887705,117.74561942790488,2.1058983277591974,14.016722408026755,0.16469328199672845
goe525,1000000,ok,,1000000.0,False,0.7853296298395787,1.2692660733518508,0.010779730740887705,117.74561942790488,2.1058983277591974,14.016722408026755,0.16469328199672845
fx05191,1000000,ok,,1000000.0,False,5.033898305084746,0.9971457627118644,0.00848406779661017,117.53156464759469,1.382,15.0,0.19077186126266563
goe593,1000000,ok,,1000000.0,False,2.898305084745763,0.8434762711864406,0.007177627118644068,117.51464059695851,1.5328,15.0,0.11900000000000001
goe436,1000000,ok,,1000000.0,False,6.813559322033898,1.125022033898305,0.009573898305084746,117.50929433842012,1.5142,15.0,0.11
naca662415,1000000,ok,,1000000.0,False,3.9661016949152543,0.7778508474576271,0.006631186440677966,117.30191186995195,1.2642,15.0,0.14989549772267013
ah21-7,1000000,ok,,1000000.0,False,1.8305084745762707,0.5427627118644068,0.0046335593220338984,117.13731801887484,1.4969,15.0,0.08976669058288961
e222,1000000,ok,,1000000.0,False,3.9637208775012756,0.7975621336658919,0.006808799954651097,117.13696084154691,1.3560632107023411,12.963210702341136,0.1016583051499997
goe393,1000000,ok,,1000000.0,False,5.832662547474634,0.960417175897058,0.008207006972393856,117.02404775914542,1.5243411371237459,13.946488294314381,0.06071680404910694
august160,1000000,ok,,1000000.0,False,8.898305084745761,1.3991406779661015,0.011966101694915254,116.92535410764872,1.8241,15.0,0.16038000000000002
goe29b,1000000,ok,,1000000.0,False,9.102375148801086,1.5983665891956236,0.013671040190465389,116.91623804239669,1.7638220735785952,13.97658862876254,0.09421001993631095
goe675,1000000,ok,,1000000.0,False,5.033898305084746,1.181733898305085,0.010108813559322034,116.90134468998357,1.6432,15.0,0.14901261419703632
fx601001,1000000,ok,,1000000.0,False,3.751828127657161,0.9206952440337848,0.007878907658296014,116.85569674932644,1.4661953177257525,11.979933110367892,0.10104827586206896
goe509,1000000,ok,,1000000.0,False,5.033898305084746,1.1083796610169492,0.009486101694915254,116.84248141795312,1.5025,15.0,0.11054193800156854
usa26,1000000,ok,,1000000.0,False,5.892182982824103,1.0983864973640949,0.009400700640553256,116.84091849769317,1.336442474916388,12.963210702341136,0.09824736600687395
e211,1000000,ok,,1000000.0,False,3.9637208775012756,0.8470505526897568,0.007252041834363131,116.80166386742088,1.3501695652173913,12.963210702341136,0.10948880165590483
goe702,1000000,ok,,1000000.0,False,7.881355932203389,1.3074440677966102,0.0112,116.7360774818402,1.7401,15.0,0.1666405232050446
goe633,1000000,ok,,1000000.0,False,7.881355932203389,1.2598847457627118,0.010793389830508475,116.72743832540317,1.5224,15.0,0.13760317875604874
goe288,1000000,ok,,1000000.0,False,6.101694915254237,1.3287016949152541,0.01139050847457627,116.64990179156004,1.9635,15.0,0.17380807500367648
e333,1000000,ok,,1000000.0,False,8.927725185647072,1.2068847230882604,0.01034928915594354,116.61522882420897,1.4232361204013377,14.016722408026755,0.1174652739514568
usa27,1000000,ok,,1000000.0,False,5.956635111388245,1.1443004534890313,0.009813113769060711,116.60931284592262,1.4318210702341136,13.013377926421406,0.1107
e329,1000000,ok,,1000000.0,False,8.927725185647072,1.2089254804149425,0.010369407629952952,116.5857803605728,1.465623076923077,14.016722408026755,0.13537765036968813
fx80080,1000000,ok,,1000000.0,False,2.9566351113882448,0.6427784280936456,0.005514388640099768,116.56386048300294,1.213108026755853,10.013377926421406,0.08059064725921337
goe615,1000000,ok,,1000000.0,False,3.9661016949152543,1.0189423728813558,0.008743220338983051,116.54085489968013,1.5679,15.0,0.13643562383061464
e548,1000000,ok,,1000000.0,False,7.884927158324356,1.1131748880448953,0.009565915764412448,116.36887836564262,1.277553177257525,11.06688963210702,0.17388862690146972
hq3012,1000000,ok,,1000000.0,False,3.838727963267388,0.8293566691230655,0.0071277569298792585,116.35591354784239,1.4576581939799331,14.016722408026755,0.11979999999999999
mue139,1000000,ok,,1000000.0,False,8.94915254237288,1.3971457627118644,0.012011355932203389,116.31873791750745,1.759,15.0,0.13893420834900339
e549,1000000,ok,,1000000.0,False,6.813559322033898,1.0780118644067798,0.009273050847457626,116.25212480122829,1.325,15.0,0.18092460947959235
goe385,1000000,ok,,1000000.0,False,5.893373391531092,1.0685163142678986,0.00919830111671674,116.16452872215788,1.49442508361204,11.989966555183948,0.09888097102190971
as6092,1000000,ok,,1000000.0,False,1.9710900742588295,0.7924921829828242,0.006824677739357179,116.12155375668618,1.740892976588629,12.013377926421406,0.05050577030537938
mh120,1000000,ok,,1000000.0,False,0.938438864009977,0.5605821778810726,0.004828153165920299,116.1069582129173,1.0220484949832775,7.976588628762542,0.11559991120618512
naca652415,1000000,ok,,1000000.0,False,4.152542372881356,0.8143050847457628,0.007013728813559323,116.10159251830551,1.3244,15.0,0.14993185585710256
goe795sm,1000000,ok,,1000000.0,False,2.8721160931919947,0.6707124652797459,0.005778154299642876,116.07728532296203,1.2803083612040134,12.050167224080266,0.08027693664271718
goe279,1000000,ok,,1000000.0,False,4.948018819794797,1.0740899948982483,0.009256855620429681,116.03184050183896,1.6993909698996656,13.03010033444816,0.074298292
n6h10,1000000,ok,,1000000.0,False,5.9520435349469984,0.7869096933280426,0.006785133495833569,115.97556537557394,1.19748127090301,14.046822742474916,0.10017000000000001
goe535,1000000,ok,,1000000.0,False,6.813559322033898,1.339250847457627,0.011548813559322033,115.9643664328275,1.8681,15.0,0.16050000000000003
clarkw,1000000,ok,,1000000.0,False,5.033898305084746,0.9536898305084746,0.00822677966101695,115.92504841567431,1.5881,15.0,0.1122
prandtl-d-centerline,1000000,ok,,1000000.0,False,5.033898305084746,0.787050847457627,0.006790847457627119,115.89876703439322,1.2038,15.0,0.12029474853037231
du-80-176-v1,1000000,ok,,1000000.0,False,6.101694915254237,1.1453186440677967,0.00988322033898305,115.88516746411486,1.4226,15.0,0.1758095580753307
e556,1000000,ok,,1000000.0,False,5.745762711864407,1.1269033898305083,0.00972677966101695,115.8557538161288,1.5859,15.0,0.16006139228847976
goe498,1000000,ok,,1000000.0,False,4.000623547417947,1.0605937890898096,0.009155264818698864,115.84523332669039,1.6121160535117058,13.03344481605351,0.15918141834898206
goe155,1000000,ok,,1000000.0,False,5.9460914914120515,1.1413982767416813,0.009854663000963665,115.82316682265711,1.5130525083612039,12.993311036789297,0.07019485200214853
goe314,1000000,ok,,1000000.0,False,5.195793889235304,0.9987717759764186,0.00862383595034295,115.81525689118655,1.5302939799331103,14.016722408026755,0.0803329760444448
defcnd2,1000000,ok,,1000000.0,False,7.827787540388865,1.2035568618559038,0.01039250439317499,115.81008930304701,1.3635872909698996,10.996655518394647,0.14731131493984165
goe483,1000000,ok,,1000000.0,False,3.0,0.8777,0.00758,115.7915567282322,0.8777,3.0,0.05450000000000001
naca4418,1000000,ok,,1000000.0,False,6.101694915254237,1.1202033898305084,0.009685423728813558,115.65868682626348,1.6012,15.0,0.18026164549264234
goe474,1000000,ok,,1000000.0,False,1.923360353721443,0.5779081061164331,0.004999086219602064,115.60274832836062,1.3313759197324415,11.979933110367892,0.0695
goe449,1000000,ok,,1000000.0,False,5.033898305084746,1.0600050847457627,0.009171016949152542,115.58206583008372,1.5256,15.0,0.1695
goe400,1000000,ok,,1000000.0,False,5.813956124936228,1.0579397993311035,0.009157209908735333,115.5308013985683,1.553981939799331,13.03010033444816,0.061200000000000004
mh84,1000000,ok,,1000000.0,False,7.169491525423728,1.2772711864406778,0.011057796610169491,115.50865253444918,1.8729,15.0,0.13714505305037455
fx60160,1000000,ok,,1000000.0,False,3.9661016949152543,0.8824576271186442,0.007645762711864407,115.41786743515851,1.4195,15.0,0.15595
goe422,1000000,ok,,1000000.0,False,2.898305084745763,1.0161593220338982,0.008808305084745763,115.36377455790951,1.6207,15.0,0.17048506554040152
n10,1000000,ok,,1000000.0,False,4.92795193016269,1.1271565670880337,0.009777404909018763,115.28177236971486,1.517908026755853,12.963210702341136,0.1122
usa45,1000000,ok,,1000000.0,False,8.113485630066322,1.2584426676492262,0.010916462785556373,115.27934390197143,1.3548197324414717,10.013377926421402,0.1451994439884951
goe228,1000000,ok,,1000000.0,False,4.177994444759367,1.348652508361204,0.011705955444702681,115.21080143624776,1.8866832775919733,14.016722408026755,0.1785586245349515
mh82,1000000,ok,,1000000.0,False,8.94915254237288,1.2731338983050846,0.011051864406779658,115.19630095389996,1.7613,15.0,0.13302375096168664
usa45m,1000000,ok,,1000000.0,False,6.968539198458137,1.0755559435406155,0.009337348222889858,115.18858650938658,1.333956856187291,13.03010033444816,0.11629999999999999
waspsm,1000000,ok,,1000000.0,False,4.856527407743325,0.8985092681820759,0.007806699733575195,115.09463651045154,1.5110531772575253,14.016722408026755,0.09353107142857142
psu-90-125wl,1000000,ok,,1000000.0,False,4.856527407743325,0.8517164418116886,0.007400286548381611,115.09235976787315,1.3456799331103677,14.016722408026755,0.12533874145436028
e682,1000000,ok,,1000000.0,False,5.033898305084746,0.8894966101694916,0.007732203389830509,115.03792196405085,1.2259,15.0,0.15298031153758085
sd7037,1000000,ok,,1000000.0,False,5.013661357065924,0.9087463068987016,0.007900293634147723,115.0269026673635,1.4582742474916388,12.050167224080266,0.09198855960130205
e1211,1000000,ok,,1000000.0,False,7.169491525423728,1.2763050847457627,0.011104067796610169,114.9403180999481,1.7775,15.0,0.18019918301966986
goe534,1000000,ok,,1000000.0,False,6.101694915254237,1.2180474576271185,0.010598474576271185,114.92667636852121,1.8224,15.0,0.14099604482626987
n63412,1000000,ok,,1000000.0,False,3.9661016949152543,0.7870186440677966,0.006851016949152543,114.8761782241904,1.4249,15.0,0.11999086204417966
goe438,1000000,ok,,1000000.0,False,6.101694915254237,1.0581728813559321,0.009224406779661017,114.7144642069675,1.5286,15.0,0.10989482969241815
clarky,1000000,ok,,1000000.0,False,6.813559322033898,1.11518813559322,0.009722711864406779,114.69928875252769,1.5232,15.0,0.1170712
daytonwright6,1000000,ok,,1000000.0,False,3.8887251289609424,1.113832277081798,0.009713235077376566,114.67160716372074,1.409508695652174,8.959866220735785,0.13599999999999998
nlf416,1000000,ok,,1000000.0,False,6.213593333711241,1.1499020520378664,0.010030001133722578,114.6462534457448,1.6476548494983276,14.016722408026755,0.1594441005350745
goe530,1000000,ok,,1000000.0,False,5.033898305084746,1.1366711864406778,0.009918813559322033,114.5974949163548,1.5337,15.0,0.12893699010869936
goe276,1000000,ok,,1000000.0,False,4.064395442435236,0.9312903123405702,0.008131819624737828,114.52422155399141,1.541242474916388,11.989966555183948,0.07258661725266617
goe655,1000000,ok,,1000000.0,False,6.856414035485518,1.1879070007369197,0.010379540842355876,114.44697012891149,1.5356448160535117,12.963210702341136,0.139
mh200,1000000,ok,,1000000.0,False,3.9661016949152543,0.7748779661016949,0.006773559322033898,114.39745771194075,1.4019,15.0,0.12950614431553148
goe431,1000000,ok,,1000000.0,False,0.10679666685562061,0.896094206677626,0.00784068080040814,114.28780605773169,1.7175846153846155,14.016722408026755,0.118
marske1,1000000,ok,,1000000.0,False,9.807437220112238,1.2569995011620656,0.01100091661470438,114.26316053354105,1.461059866220736,13.03344481605351,0.13995273151456708
as6093,1000000,ok,,1000000.0,False,3.0494303044045115,0.8963753528711523,0.007852282183549684,114.15475551159307,1.80068127090301,13.996655518394647,0.06059791930051625
ua79sf18,1000000,ok,,1000000.0,False,3.9732441471571907,0.9063160535117057,0.007942140468227424,114.11483555817578,0.9063160535117057,3.9732441471571907,0.1876949656750572
goe318,1000000,ok,,1000000.0,False,7.921886514369932,1.2197621960206335,0.010691260132645541,114.08965649391645,1.5236956521739131,13.010033444816052,0.09125938156960593
usa5,1000000,ok,,1000000.0,False,3.770874666968991,0.8838769797630518,0.007748777280199535,114.0666388775458,1.3067605351170568,10.013377926421402,0.0638
goe693,1000000,ok,,1000000.0,False,2.898305084745763,0.7289271186440678,0.006396101694915254,113.96427908948777,1.5343,15.0,0.12
sg6040,1000000,ok,,1000000.0,False,5.745762711864407,0.9994796610169492,0.008774406779661017,113.90851667986634,1.4341,15.0,0.15994218945971542
kc135winglet,1000000,ok,,1000000.0,False,0.7746159514766733,0.64737252423332,0.005684069497194037,113.8924364934134,1.7380755852842809,13.03344481605351,0.07959999999999999
goe309,1000000,ok,,1000000.0,False,3.915254237288135,0.8151423728813558,0.007164237288135593,113.77936549244126,1.0929,7.0,0.084295902
goe144,1000000,ok,,1000000.0,False,4.92795193016269,1.0079979281219889,0.008862981973811008,113.731239790456,1.390111705685619,12.963210702341136,0.07304989841118034
sa7036,1000000,ok,,1000000.0,False,4.92795193016269,0.867020543053115,0.007625877217844794,113.694532220406,1.444546153846154,12.963210702341136,0.0919835718791955
goe620,1000000,ok,,1000000.0,False,3.9661016949152543,1.0161016949152541,0.008943559322033898,113.61267458828434,1.5658,15.0,0.175
mrc-20,1000000,ok,,1000000.0,False,5.847457627118644,0.993693220338983,0.00874813559322034,113.58914248072227,1.4762,15.0,0.15583858813640117
naca2411,1000000,ok,,1000000.0,False,3.9661016949152543,0.7858593220338983,0.006920338983050848,113.55792309576292,1.4166,15.0,0.11006034626491962
goe319,1000000,ok,,1000000.0,False,6.813559322033898,1.263413559322034,0.011125932203389829,113.5557485185016,1.855,15.0,0.10244473059432171
hq2510,1000000,ok,,1000000.0,False,3.8983050847457625,0.7653745762711864,0.006740508474576272,113.54849254444416,1.2366,10.0,0.09965
e343,1000000,ok,,1000000.0,False,10.917464996315402,1.3028534266764924,0.01149222549742078,113.36824420725942,1.4940545150501672,13.060200668896321,0.14467780544763326
hq3013,1000000,ok,,1000000.0,False,4.677966101694915,0.9106533898305085,0.008034661016949152,113.34061112341655,1.4637,15.0,0.12986999999999999
goe433,1000000,ok,,1000000.0,False,4.83050847457627,1.1680627118644065,0.010309491525423728,113.29974024265937,1.6242,15.0,0.17408951385873353
rhodesg32,1000000,ok,,1000000.0,False,5.874326852219262,1.1977773879031803,0.010574542259509098,113.26990412526706,1.5509090301003343,14.016722408026755,0.119
hq3014,1000000,ok,,1000000.0,False,3.9661016949152543,0.8419762711864407,0.007436610169491526,113.22043942018415,1.4698,15.0,0.13986
goe278,1000000,ok,,1000000.0,False,4.956918542032764,0.9925066039340174,0.008770795873249816,113.16038114181615,1.629281939799331,13.96989966555184,0.07439234273652634
s3010,1000000,ok,,1000000.0,False,5.745762711864407,0.9319694915254237,0.008238474576271186,113.1240356327278,1.5471,15.0,0.10317580577661166
goe289,1000000,ok,,1000000.0,False,6.213593333711241,1.2152515446970125,0.010748641800351455,113.06093990938247,1.641985618729097,12.963210702341136,0.16799999999999998
mh201,1000000,ok,,1000000.0,False,3.1355932203389827,0.8010305084745762,0.007086949152542372,113.028962284457,1.5866,15.0,0.13068802368882515
e338,1000000,ok,,1000000.0,False,9.803299132702229,1.2136872739640612,0.010742639306161783,112.978499917419,1.427285618729097,12.96655518394649,0.13301747438373662
oaf102,1000000,ok,,1000000.0,False,3.838727963267388,0.9117600192732839,0.008072265744572302,112.94970310985373,1.6396765886287625,14.016722408026755,0.1016650823239361
goe504,1000000,ok,,1000000.0,False,5.127940592936907,1.0797020236948018,0.009562117226914572,112.91453535580546,1.34951872909699,10.013377926421402,0.17963050259654453
naca747a415,1000000,ok,,1000000.0,False,5.745762711864407,0.8713067796610169,0.007718813559322034,112.88092048922948,1.2122,15.0,0.14984225065374426
e374,1000000,ok,,1000000.0,False,4.981293577461594,0.8257257241652967,0.007328084575704323,112.67961165499155,1.2368334448160536,13.996655518394647,0.1090648773539003
goe595,1000000,ok,,1000000.0,False,4.056572756646448,0.8265561022617766,0.007336938949039169,112.65680524301224,1.2979979933110368,11.979933110367892,0.0955
goe770,1000000,ok,,1000000.0,False,7.909925741171135,1.2545721557734824,0.011146047276231506,112.55758428809168,1.6814648829431438,14.016722408026755,0.20989999999999998
mh81,1000000,ok,,1000000.0,False,9.847457627118644,1.299713559322034,0.01154728813559322,112.55573984646773,1.693,15.0,0.1298316584350984
goe532,1000000,ok,,1000000.0,False,3.16019500028343,0.8900976475256505,0.007910778300549854,112.51707653895224,1.636338127090301,14.016722408026755,0.125
fx77w258,1000000,ok,,1000000.0,False,9.846720707442886,1.6375596904937357,0.014559712601326453,112.47197903786555,1.7748177257525084,11.979933110367892,0.2612412475506205
naca651412,1000000,ok,,1000000.0,False,2.929255711127487,0.6777605747973471,0.006030899042004422,112.38134979160378,1.3229622073578595,12.993311036789297,0.11990187806873978
ah88k136,1000000,ok,,1000000.0,False,5.033898305084746,0.8862610169491526,0.007888474576271187,112.34884620342916,1.1786,15.0,0.13540826503207648
goe415,1000000,ok,,1000000.0,False,4.915254237288135,0.9114389830508474,0.008120677966101693,112.23680915010854,1.2415,10.0,0.08470724526545309
e544,1000000,ok,,1000000.0,False,6.101694915254237,0.9434186440677966,0.00840593220338983,112.23248311321706,1.2429,15.0,0.17503378986065715
mh70,1000000,ok,,1000000.0,False,5.033898305084746,0.8676016949152542,0.007731864406779661,112.21118856591696,1.5646,15.0,0.11074277414869481
goe256,1000000,ok,,1000000.0,False,5.745762711864407,1.158857627118644,0.01035,111.96692049455497,1.5925,15.0,0.15988538637665498
goe222,1000000,ok,,1000000.0,False,0.7853296298395787,1.0188791281673375,0.009100410407573267,111.95969000688551,1.8617431438127092,14.016722408026755,0.18523468846737218
fx60126,1000000,ok,,1000000.0,False,4.677966101694915,1.0251254237288137,0.00916050847457627,111.90704386922496,1.7273,15.0,0.12590283892617452
e818,1000000,ok,,1000000.0,False,0.9491525423728815,0.5760118644067797,0.005148135593220338,111.88746954632254,0.8085,4.0,0.09368717052253689
goe604,1000000,ok,,1000000.0,False,6.813559322033898,1.2339542372881356,0.011035593220338983,111.81585009983105,1.5866,15.0,0.1782428046418889
goe547,1000000,ok,,1000000.0,False,5.033898305084746,0.9807440677966102,0.008775932203389831,111.75383367453358,1.3888,15.0,0.10504743315859986
e635,1000000,ok,,1000000.0,False,8.932486820475027,1.1777524290006234,0.01054868998356102,111.64916504665713,1.3839849498327759,11.979933110367892,0.11630237615887834
goe613,1000000,ok,,1000000.0,False,5.956635111388245,1.0705142452241938,0.009596609035768948,111.55130330246038,1.3477371237458196,13.013377926421406,0.103
fg3,1000000,ok,,1000000.0,False,5.885040530582165,1.147167501842299,0.010284126750184228,111.5473904307674,1.3622792642140469,11.979933110367892,0.1014
fx60100,1000000,ok,,1000000.0,False,2.929255711127487,0.8308525423728814,0.007449771554900515,111.52725103715971,1.6051224080267559,12.993311036789297,0.09992819463087249
goe298,1000000,ok,,1000000.0,False,6.101694915254237,1.1526627118644068,0.010335762711864406,111.52178547416409,1.8262,15.0,0.12811066485213432
hq3015,1000000,ok,,1000000.0,False,3.9661016949152543,0.8411966101694915,0.00755728813559322,111.30932089351396,1.486,15.0,0.14983
s3002,1000000,ok,,1000000.0,False,5.745762711864407,1.026179661016949,0.009223898305084747,111.25227393836934,1.6837,15.0,0.09938548364487167
isa571,1000000,ok,,1000000.0,False,4.082761748200214,0.9266754889178618,0.008330004534890311,111.24549633034073,1.426433779264214,10.996655518394647,0.07400766928804754
tsagi_r3a,1000000,ok,,1000000.0,False,9.26699166713905,1.2936137350490335,0.01163432175046766,111.18944127508205,1.7135120401337793,14.016722408026755,0.12088806074273223
marske7,1000000,ok,,1000000.0,False,4.915254237288136,0.7342949152542373,0.006609491525423729,111.09703559339418,1.3373,15.0,0.12047390431175792
hq2590sm,1000000,ok,,1000000.0,False,2.186440677966102,0.6104898305084747,0.005498474576271187,111.02894485373449,1.5267,15.0,0.09032008398320336
hq259b,1000000,ok,,1000000.0,False,2.186440677966102,0.6104898305084747,0.005498474576271187,111.02894485373449,1.5267,15.0,0.09032
hq3514,1000000,ok,,1000000.0,False,3.9661016949152543,0.9037898305084745,0.008154576271186442,110.8322248087795,1.5375,15.0,0.14
sc21010,1000000,ok,,1000000.0,False,-1.968482512329233,0.6275013207868034,0.0056642956748483644,110.78187947941151,1.652995652173913,10.989966555183944,0.1
e328,1000000,ok,,1000000.0,False,8.845020123575761,1.128841494246358,0.01018996428773879,110.7797301708556,1.3840782608695652,13.996655518394647,0.13334874486621573
ah79k143,1000000,ok,,1000000.0,False,5.033898305084746,0.8366389830508474,0.00755271186440678,110.77332196315162,1.1672,15.0,0.1427353236296067
sa7035,1000000,ok,,1000000.0,False,4.795363074655633,0.825592659146307,0.007453780397936626,110.76160217637343,1.4369735785953177,13.060200668896321,0.09194744427226388
usnps4,1000000,ok,,1000000.0,False,4.856527407743325,1.1194262003287794,0.010109483022504391,110.7303111184678,1.7852578595317727,14.016722408026755,0.11941016912378302
sp4721bs,1000000,ok,,1000000.0,False,5.892182982824103,1.35510051017516,0.012241590045915766,110.69644589407487,1.6293210702341137,12.963210702341136,0.214074681616539
goe164,1000000,ok,,1000000.0,False,5.931466470154751,1.354428260869565,0.012243677229182017,110.62266960463253,1.694784949832776,12.050167224080266,0.08860569607377448
hor20,1000000,ok,,1000000.0,False,10.016949152542374,1.5142389830508476,0.013693559322033899,110.58037924546986,1.8016,15.0,0.2038392801026306
goe383,1000000,ok,,1000000.0,False,6.813559322033898,1.2204677966101694,0.011048135593220338,110.46821305841924,1.6389,15.0,0.2016982452376845
naca65410,1000000,ok,,1000000.0,False,2.8375942406893024,0.6583534096706535,0.005959819738110084,110.46532254336667,1.3130508361204012,11.979933110367892,0.0999230674438576
ls413,1000000,ok,,1000000.0,False,1.8305084745762707,0.7276118644067796,0.006592033898305085,110.3774458128712,1.7382,15.0,0.1293
e547,1000000,ok,,1000000.0,False,7.169491525423728,1.0275372881355933,0.009309322033898304,110.37724169321804,1.2419,15.0,0.17387355458839576
nlf415,1000000,ok,,1000000.0,False,2.898305084745763,0.7609474576271186,0.006896101694915255,110.3445818074569,1.3215,15.0,0.15013838018090525
e555,1000000,ok,,1000000.0,False,6.101694915254237,1.0889677966101694,0.009873898305084746,110.28752403185936,1.5282,15.0,0.16022038564520633
usa40b,1000000,ok,,1000000.0,False,8.94915254237288,1.4304389830508475,0.01297728813559322,110.22634067340594,1.8584,15.0,0.136291556
goe434,1000000,ok,,1000000.0,False,5.033898305084746,1.2354338983050848,0.011208474576271185,110.22319673370636,1.6983,15.0,0.2272911477935476
goe798,1000000,ok,,1000000.0,False,5.033898305084746,1.1240542372881355,0.010201525423728814,110.18491750984398,1.716,15.0,0.2
goe363,1000000,ok,,1000000.0,False,5.93622810498271,1.2394187404342158,0.011250895640836686,110.1617844481264,1.6290655518394648,13.03344481605351,0.11065482272722464
e1230,1000000,ok,,1000000.0,False,9.661016949152541,1.3783322033898306,0.012518813559322033,110.10086513857111,1.7562,15.0,0.17446212291453864
sp4721la,1000000,ok,,1000000.0,False,5.885040530582165,1.350113338246131,0.012271134856300662,110.02351078823897,1.594496989966555,11.979933110367892,0.21376291193506342
nacacyh,1000000,ok,,1000000.0,False,5.832662547474634,1.0105388243296867,0.009187883906808005,109.98602448392946,1.4178591973244146,13.946488294314381,0.117
ah93w215,1000000,ok,,1000000.0,False,9.945524630123009,1.3083758347032481,0.011899062411427923,109.95621246987301,1.4459715719063544,14.016722408026755,0.2121707952730757
goe515,1000000,ok,,1000000.0,False,2.142395555807493,0.5787379400260755,0.005266699733575193,109.88626071401471,1.333770568561873,14.016722408026755,0.0845
fx79k144,1000000,ok,,1000000.0,False,3.9661016949152543,0.7779101694915254,0.00708135593220339,109.85327908089994,1.3624,15.0,0.1438706410653453
geminism,1000000,ok,,1000000.0,False,6.101694915254237,0.9660610169491525,0.008796949152542373,109.81773342067743,1.3131,15.0,0.15376389707927676
kc135d,1000000,ok,,1000000.0,False,2.88135593220339,0.5791593220338983,0.005275932203389831,109.77383705988177,1.1113,10.0,0.08992
goe432,1000000,ok,,1000000.0,False,2.929255711127487,0.7901397199705232,0.007204016212232867,109.68044722453801,1.514673244147157,12.993311036789297,0.07700000000000001
isa962,1000000,ok,,1000000.0,False,3.9661016949152543,1.0229966101694914,0.009337457627118644,109.55836706540087,1.6985,15.0,0.09731371231766613
s8037,1000000,ok,,1000000.0,False,6.101694915254237,0.9765305084745762,0.008914067796610168,109.54936968798131,1.3982,15.0,0.16000098670057666
du-80-141,1000000,ok,,1000000.0,False,5.745762711864407,1.0993949152542373,0.010046440677966102,109.43128521780207,1.5569,15.0,0.1404247346387626
stcyr24,1000000,ok,,1000000.0,False,1.0,0.8858,0.0081,109.35802469135804,0.8858,1.0,0.12350000000000001
goe391,1000000,ok,,1000000.0,False,1.9830508474576272,0.6030442832039,0.005516043308202482,109.32551640904622,1.1844,10.0,0.051
sm701,1000000,ok,,1000000.0,False,2.186440677966102,0.7903627118644069,0.007230169491525424,109.31454826761686,1.677,15.0,0.1598852176267367
e1212,1000000,ok,,1000000.0,False,7.881355932203389,1.204006779661017,0.011015084745762712,109.30526704519227,1.6657,15.0,0.17698976711309522
usa27m2,1000000,ok,,1000000.0,False,6.213593333711241,1.1766155886854486,0.010771068533529845,109.23852030304124,1.4344428093645485,14.016722408026755,0.13288
goe420,1000000,ok,,1000000.0,False,6.235134062694858,1.0674291083271923,0.009772809931409783,109.2243802774142,1.4657799331103678,12.996655518394647,0.1875
goe382,1000000,ok,,1000000.0,False,5.033898305084746,1.1294525423728814,0.010340847457627119,109.22243529855272,1.7669,15.0,0.20029065707316576
goe492,1000000,ok,,1000000.0,False,1.101694915254237,0.5296254237288135,0.004850677966101695,109.18585555050839,0.8756,5.0,0.06201594543018248
ls421,1000000,ok,,1000000.0,False,2.898305084745763,0.8778288135593221,0.008042542372881357,109.14817390571325,1.6338,15.0,0.20894000000000001
goe377,1000000,ok,,1000000.0,False,5.016949152542374,0.9319478586814807,0.008539089762485122,109.13901652326196,1.2448,10.0,0.0645
mh32,1000000,ok,,1000000.0,False,3.9416699733575182,0.7133328382744742,0.006538086276288191,109.10422532378209,1.275628093645485,10.986622073578594,0.08695496183776313
clarym15,1000000,ok,,1000000.0,False,7.881355932203389,1.2176491525423727,0.011162203389830507,109.08680929893558,1.6282,15.0,0.149857592877502
sd2030,1000000,ok,,1000000.0,False,2.035258772178448,0.513003520208605,0.004704778640666629,109.03882188512839,1.3317033444816053,12.963210702341136,0.08558270399789653
daytonwrightt1,1000000,ok,,1000000.0,False,2.0650189898531828,0.9323820134912987,0.008552990476730344,109.01239935061072,1.5601026755852843,13.03344481605351,0.1337
goe367,1000000,ok,,1000000.0,False,6.813559322033898,1.1827728813559322,0.010854406779661017,108.96706797208039,1.5181,15.0,0.16283851370274055
goe585,1000000,ok,,1000000.0,False,5.874326852219262,0.9888605124426053,0.009076948018819796,108.9419604907222,1.4592307692307693,14.016722408026755,0.082
naca644221,1000000,ok,,1000000.0,False,6.813559322033898,0.9565271186440678,0.008784745762711864,108.88500868223038,1.1671,15.0,0.20956640971147944
mh80,1000000,ok,,1000000.0,False,10.016949152542374,1.2496050847457627,0.011477457627118643,108.8747286501174,1.6245,15.0,0.12702528738651936
ste87151,1000000,ok,,1000000.0,False,2.898305084745763,0.7735372881355933,0.007109830508474576,108.79827405359018,1.5459,15.0,0.13928368167917782
goe336,1000000,ok,,1000000.0,False,4.868998356102261,1.0046863839918372,0.00924004449861119,108.73176900206974,1.411625752508361,13.010033444816052,0.08948755123887611
goe285,1000000,ok,,1000000.0,False,7.909925741171135,1.2225745592653476,0.01128983390964231,108.28986228231251,1.5571558528428093,14.016722408026755,0.1173
goe670,1000000,ok,,1000000.0,False,2.0650189898531828,0.632117487670767,0.005843874496910606,108.16753303051583,1.3802585284280937,13.03344481605351,0.09000000000000001
goe612,1000000,ok,,1000000.0,False,3.9661016949152543,0.9673745762711865,0.008946271186440678,108.13159540003412,1.649,15.0,0.15004437003719137
e857,1000000,ok,,1000000.0,False,8.94915254237288,1.379166101694915,0.01276050847457627,108.08081076414256,1.7379,15.0,0.20334491126861018
s9000,1000000,ok,,1000000.0,False,4.015361940933053,0.7615780171192108,0.007049547644691343,108.03218241850122,1.5020946488294313,13.996655518394647,0.09005290521020123
goe645,1000000,ok,,1000000.0,False,5.033898305084746,1.0509322033898305,0.009731525423728814,107.99254563187961,1.6004,15.0,0.15457721321659293
e540,1000000,ok,,1000000.0,False,5.033898305084746,0.8229813559322033,0.007625593220338984,107.92358471694337,1.193,15.0,0.16875245947878686
goe290,1000000,ok,,1000000.0,False,4.818434329119665,0.9587990136613571,0.008894775239498895,107.79350661988992,1.419414381270903,13.946488294314381,0.17552685903858306
e1212mod,1000000,ok,,1000000.0,False,9.305084745762711,1.2624237288135594,0.011712372881355931,107.78547964632506,1.6522,15.0,0.1771529211461148
goe320,1000000,ok,,1000000.0,False,5.033898305084746,1.1636474576271187,0.010799830508474577,107.74682590750012,1.8723,15.0,0.12328413926638611
goe777,1000000,ok,,1000000.0,False,6.101694915254237,1.2271237288135592,0.011392542372881356,107.71289573910973,1.7197,15.0,0.22
hq2512,1000000,ok,,1000000.0,False,4.000623547417947,0.7782475369876991,0.007227146420270959,107.68393107476591,1.3539260869565217,13.03344481605351,0.11961
n24,1000000,ok,,1000000.0,False,3.9661016949152543,1.1945516949152541,0.011098474576271188,107.63206120859483,1.7482,15.0,0.1702
s2046,1000000,ok,,1000000.0,False,4.177994444759367,0.8260716172552576,0.007676052944844396,107.61671697562831,1.6298110367892975,14.016722408026755,0.090138260536275
m13,1000000,ok,,1000000.0,False,5.033898305084746,0.8432440677966102,0.007835762711864406,107.61480391944801,1.1471,9.0,0.062099999999999995
wb13535sm,1000000,ok,,1000000.0,False,5.949152542372881,1.0499508474576271,0.009760847457627118,107.56759103300978,1.1832,9.0,0.1355
n6h15,1000000,ok,,1000000.0,False,6.813559322033898,0.897422033898305,0.008345254237288135,107.53681174726323,1.1914,15.0,0.1558
hq2511,1000000,ok,,1000000.0,False,4.082761748200214,0.7865513462955613,0.007318623660790204,107.47257718818625,1.3292545150501671,10.996655518394647,0.10999057170233152
e332,1000000,ok,,1000000.0,False,8.941159798197381,1.1206393458420725,0.010428220622413695,107.46218232412996,1.3772622073578595,11.989966555183948,0.11528349917089345
goe484,1000000,ok,,1000000.0,False,1.8305084745762707,0.7830322033898305,0.007286779661016949,107.4592947525121,1.6361,15.0,0.0625
ls417,1000000,ok,,1000000.0,False,2.186440677966102,0.7959,0.0074094915254237295,107.41627779302772,1.7235,15.0,0.16982999999999998
goe769,1000000,ok,,1000000.0,False,7.881355932203389,1.2839610169491524,0.011956271186440678,107.38808085962971,1.7424,15.0,0.1382
sd8040,1000000,ok,,1000000.0,False,5.033898305084746,0.8605915254237287,0.008015932203389831,107.36013024908021,1.5697,15.0,0.09994277055711982
fx601261,1000000,ok,,1000000.0,False,3.838727963267388,0.9903760897908283,0.009226791565104017,107.33699605141815,1.628622408026756,14.016722408026755,0.12593394276094277
sd7080,1000000,ok,,1000000.0,False,4.92795193016269,0.8391637718950173,0.0078229952950513,107.26885805822467,1.4056270903010033,12.963210702341136,0.09151171597061275
e342,1000000,ok,,1000000.0,False,10.776883396632844,1.2213135819964853,0.011389356045575647,107.23289157958332,1.426824414715719,13.996655518394647,0.14249671710268014
rg15a213,1000000,ok,,1000000.0,False,6.101694915254237,0.9969627118644067,0.009301694915254238,107.18075801749269,1.516,15.0,0.12988422017993126
cr1,1000000,ok,,1000000.0,False,6.813559322033898,1.1764572033898304,0.010995889830508475,106.99063209288524,1.5018,15.0,0.1220726
e908,1000000,ok,,1000000.0,False,0.9661016949152543,0.5655355932203391,0.005294745762711865,106.81071737251513,0.6473,3.0,0.09003927381329163
goe628,1000000,ok,,1000000.0,False,7.881355932203389,1.3349169491525423,0.012498022598870055,106.81025246931719,1.7868,15.0,0.16711678739234226
e543,1000000,ok,,1000000.0,False,6.1864406779661,0.9129559322033897,0.008548983050847458,106.79117349669896,1.2048,15.0,0.17218946239879504
ag24,1000000,ok,,1000000.0,False,4.056572756646448,0.7403504563233375,0.006936373221472705,106.73451855668013,1.4181060200668896,11.979933110367892,0.08414066448321955
naca634221,1000000,ok,,1000000.0,False,7.169491525423728,0.9991355932203388,0.009361186440677965,106.73172674765982,1.2227,15.0,0.20994105603942873
ag23,1000000,ok,,1000000.0,False,5.013661357065924,0.8459026188991552,0.007935618445666344,106.59567678195316,1.4195892976588629,12.050167224080266,0.08897400463574368
e337,1000000,ok,,1000000.0,False,9.85499688226291,1.1422821835496855,0.010721247661697183,106.54377359741555,1.3995394648829431,13.03010033444816,0.13104202601089096
goe629,1000000,ok,,1000000.0,False,5.033898305084746,0.9285627118644068,0.008715762711864406,106.53831942904927,1.4031,15.0,0.13616906662120767
ag25,1000000,ok,,1000000.0,False,3.879598662207358,0.7331919732441471,0.0068868227424749165,106.46302375726023,1.3739769230769232,10.996655518394649,0.07581896265030844
s3014,1000000,ok,,1000000.0,False,4.000623547417947,0.7060454055892522,0.006633084859134969,106.44299305426476,1.3123688963210702,13.03344481605351,0.09452629642539583
rhodesg34,1000000,ok,,1000000.0,False,5.93622810498271,1.2440365115356273,0.011689823706139107,106.42046816174829,1.5141688963210702,13.03344481605351,0.1407
ys915,1000000,ok,,1000000.0,False,1.9491525423728815,0.4709237288135593,0.004427966101694916,106.35215311004784,0.7138,5.0,0.0909431223883159
goe462,1000000,ok,,1000000.0,False,6.061674508247831,1.7923057649793097,0.01685766623207301,106.31992236086094,1.8633896321070234,6.993311036789297,0.10984160465873241
goe621,1000000,ok,,1000000.0,False,5.033898305084746,1.0467203389830508,0.009846440677966103,106.30443763555616,1.6378,15.0,0.15004437003719137
naca747a315,1000000,ok,,1000000.0,False,6.101694915254237,0.8252966101694915,0.007780508474576271,106.07232327633156,1.1797,15.0,0.1498359839427072
goe711,1000000,ok,,1000000.0,False,5.142395555807495,1.210657995578482,0.01141388413355252,106.06888780477483,1.6058866220735788,13.013377926421406,0.1485
e180,1000000,ok,,1000000.0,False,3.91463068987019,0.609344759367383,0.005747071027719517,106.02701035507748,1.1417759197324413,11.96655518394649,0.0857782699192283
eh2012,1000000,ok,,1000000.0,False,7.871832662547474,1.020699795929936,0.009630044215180546,105.9911847882206,1.2519959866220736,13.03344481605351,0.11988596600763095
rg8,1000000,ok,,1000000.0,False,4.323224307012074,0.8300012811065133,0.007834437390170626,105.94267842996148,1.3897090301003343,13.03344481605351,0.10793665367692677
e546,1000000,ok,,1000000.0,False,6.813559322033898,0.9823186440677967,0.009280847457627119,105.84363643004548,1.2669,15.0,0.16264572788009363
ah21-9,1000000,ok,,1000000.0,False,1.929255711127487,0.5080277081798084,0.0048021812822402355,105.79103085063285,1.2876585284280937,11.993311036789297,0.06999736928370706
goe565,1000000,ok,,1000000.0,False,2.1138257468397477,0.5912719687092568,0.005594070064055325,105.69620364758613,1.4267933110367894,13.946488294314381,0.08399999999999999
fx75vg166,1000000,ok,,1000000.0,False,5.745762711864407,0.9337491525423728,0.008841016949152543,105.61558222460793,1.1714,15.0,0.1671631155156395
e541,1000000,ok,,1000000.0,False,5.033898305084746,0.8018796610169492,0.007603389830508474,105.46344181899244,1.1598,15.0,0.16628316963385475
mb253515sm,1000000,ok,,1000000.0,False,5.195793889235304,0.7937546567654895,0.007526700300436484,105.45851768795133,1.165389297658863,14.016722408026755,0.14958
s2048,1000000,ok,,1000000.0,False,2.228104982710729,0.535852655745139,0.0050860070290799815,105.35822162284161,1.3125692307692307,11.979933110367892,0.0862730560254881
goe619,1000000,ok,,1000000.0,False,4.177994444759367,0.9436515333597868,0.008963075222493056,105.28211690019852,1.48157491638796,14.016722408026755,0.13763539626981464
goe626,1000000,ok,,1000000.0,False,6.101694915254237,1.2106813559322034,0.011507796610169492,105.20531400966183,1.585,15.0,0.16557169856471876
b29tip,1000000,ok,,1000000.0,False,4.051924494076301,0.661044555297319,0.00629348222889859,105.03637434009362,1.160366220735786,12.96655518394649,0.08999289664516896
mh20,1000000,ok,,1000000.0,False,3.9322033898305087,0.6122101694915254,0.005829322033898305,105.02253365510424,0.969,8.0,0.08999762396415019
ag35,1000000,ok,,1000000.0,False,3.142338869678589,0.7681160251686412,0.0073179598662207355,104.96313715988232,1.4507933110367894,11.979933110367892,0.08722612124722226
hq209,1000000,ok,,1000000.0,False,2.9322033898305087,0.5884084745762712,0.005606101694915254,104.95858023944855,1.2219,11.0,0.08972999999999999
fauvel,1000000,ok,,1000000.0,False,9.162235700923985,1.1100526047276231,0.010578220622413698,104.9375546559867,1.4120969899665552,13.03344481605351,0.13978282538444634
e1214,1000000,ok,,1000000.0,False,8.94915254237288,1.2232796610169492,0.011657457627118643,104.9353727155091,1.5749,15.0,0.1981554963493984
hq2090sm,1000000,ok,,1000000.0,False,3.142338869678589,0.6153868318122555,0.0058650042514596665,104.92521495770437,1.2843458193979933,11.979933110367892,0.0897
fxs03182,1000000,ok,,1000000.0,False,2.898305084745763,0.8047237288135594,0.007672881355932203,104.87894853103602,1.3109,15.0,0.18208245505269682
goe238,1000000,ok,,1000000.0,False,4.0,0.884,0.00843,104.86358244365361,0.884,4.0,0.09801818004744492
goe647,1000000,ok,,1000000.0,False,6.101694915254237,1.1708338983050848,0.011165593220338983,104.86087708912063,1.7786,15.0,0.1625272135064058
goe147,1000000,ok,,1000000.0,False,5.013661357065924,0.9031644691344025,0.008618922963550818,104.78855339047112,1.5122678929765885,12.050167224080266,0.07547662632611567
goe384,1000000,ok,,1000000.0,False,3.9661016949152543,1.0957830508474578,0.010457966101694914,104.77974782016793,1.8371,15.0,0.19534220544653585
ag26,1000000,ok,,1000000.0,False,3.879598662207358,0.734076254180602,0.007007190635451506,104.76042288141659,1.3873565217391304,10.996655518394649,0.06843191505189189
sd7084,1000000,ok,,1000000.0,False,5.013661357065924,0.8129693668159399,0.007767975738336827,104.65652754342945,1.2869096989966555,12.050167224080266,0.09620761472732023
s1223rtl,1000000,ok,,1000000.0,False,3.9661016949152543,1.551652542372881,0.01482677966101695,104.65202679530852,2.4321,15.0,0.13502623438621442
hq208,1000000,ok,,1000000.0,False,2.101694915254238,0.5009847457627119,0.004792542372881356,104.53423397934644,1.0712,8.0,0.07976
goe735,1000000,ok,,1000000.0,False,8.898305084745761,1.3648067796610168,0.013059999999999999,104.502816206816,1.5624,15.0,0.20099999999999998
s5020,1000000,ok,,1000000.0,False,6.042287852162577,0.8105063941953405,0.007760322544073466,104.44235914064187,1.2997809364548496,12.013377926421406,0.08399531869145913
naca643218,1000000,ok,,1000000.0,False,5.745762711864407,0.8354338983050846,0.008000677966101695,104.42038810270316,1.2382,15.0,0.17955889526915786
eh2010,1000000,ok,,1000000.0,False,6.189785159571452,0.8327471175103451,0.007981027152655744,104.34084505441666,1.1841755852842808,11.979933110367892,0.10076657152768143
goe244,1000000,ok,,1000000.0,False,2.0650189898531828,1.4345086673091094,0.013759323167620881,104.25721162541382,2.1730772575250836,13.03344481605351,0.1767768137156607
e545,1000000,ok,,1000000.0,False,5.033898305084746,0.8699067796610169,0.00835050847457627,104.17410895510271,1.2897,15.0,0.17440417332645491
goe390,1000000,ok,,1000000.0,False,5.033898305084746,1.207933898305085,0.011597288135593221,104.15658248567755,1.8051,15.0,0.20300407430163414
ui1720,1000000,ok,,1000000.0,False,15.0,2.0763,0.01995,104.07518796992481,2.0763,15.0,0.13810598866816293
hq3518,1000000,ok,,1000000.0,False,5.033898305084746,0.9713661016949152,0.009334067796610168,104.06675019520257,1.5139,15.0,0.18
atr72sm,1000000,ok,,1000000.0,False,10.016949152542374,1.2992372881355934,0.012494915254237288,103.98128052088987,1.6124,15.0,0.14517145454545455
sd6060,1000000,ok,,1000000.0,False,3.9661016949152543,0.6217508474576271,0.00598,103.97171362167677,1.2838,15.0,0.10364941485229906
goe650,1000000,ok,,1000000.0,False,6.813559322033898,1.1563330508474576,0.011128728813559322,103.90522315887267,1.6008,15.0,0.1341641556541305
nlf414f,1000000,ok,,1000000.0,False,3.9661016949152543,0.7847084745762711,0.007555254237288135,103.86261665470208,1.4658,15.0,0.14168440929419407
goe795,1000000,ok,,1000000.0,False,2.0508474576271185,0.5849033898305085,0.005632542372881356,103.84358449687049,1.2091,11.0,0.08005956237753102
e327,1000000,ok,,1000000.0,False,8.801655234964004,1.0405043648319257,0.010027191769174083,103.76827219268687,1.319713043478261,13.983277591973245,0.13117305463210008
l188root,1000000,ok,,1000000.0,False,3.9661016949152543,0.7056440677966103,0.006801016949152542,103.75566964063202,1.4966,15.0,0.13984920889357588
fx77w270,1000000,ok,,1000000.0,False,9.846720707442886,1.730643699336772,0.01670423728813559,103.60507154469035,1.9167397993311035,11.979933110367892,0.27115572341105076
hs1712,1000000,ok,,1000000.0,False,3.9661016949152543,1.1355305084745762,0.010964915254237288,103.56035428871748,1.8462,15.0,0.11976
e1233,1000000,ok,,1000000.0,False,7.881355932203389,1.276942372881356,0.012331016949152541,103.55531730650284,1.7167,15.0,0.1892732357731854
n2414,1000000,ok,,1000000.0,False,5.033898305084746,0.8473932203389831,0.008184237288135592,103.53966906206641,1.5263,15.0,0.13999151621078038
goe685,1000000,ok,,1000000.0,False,5.033898305084746,0.9838847457627119,0.009513559322033899,103.41920541599858,1.5146,15.0,0.13072457469736917
rhodesg30,1000000,ok,,1000000.0,False,2.9994898248398627,0.82979829374752,0.008026488294314384,103.38248351216224,1.4249123745819399,12.963210702341136,0.0974
goe648,1000000,ok,,1000000.0,False,7.169491525423728,1.1634271186440677,0.011253898305084744,103.3799210819603,1.6713,15.0,0.15165028481264267
naca654221,1000000,ok,,1000000.0,False,6.101694915254237,0.8564559322033898,0.008285593220338984,103.36688145647948,1.0747,15.0,0.20995377683161087
df101,1000000,ok,,1000000.0,False,4.177994444759367,0.756382926137974,0.007320874666968992,103.31865529001519,1.368033110367893,14.016722408026755,0.1099854841830119
fxm2,1000000,ok,,1000000.0,False,7.881355932203389,1.4045033898305086,0.013602542372881355,103.2530060432372,1.9681,15.0,0.08382222222222221
defcnd3,1000000,ok,,1000000.0,False,6.864406779661017,1.0286525423728814,0.009970169491525424,103.17302461580307,1.5199,15.0,0.11476411896857514
ds19,1000000,ok,,1000000.0,False,4.095856243977098,0.7168690493736181,0.006952151805453203,103.11470023012338,1.3963588628762542,12.050167224080266,0.08497850619710808
raf28,1000000,ok,,1000000.0,False,3.926931579842412,0.7087488974547927,0.00687423842185817,103.10216986381619,1.2219478260869563,11.989966555183944,0.09820000000000001
ag27,1000000,ok,,1000000.0,False,3.075619295958279,0.6468895697522816,0.006274693611473273,103.0950050803189,1.4169304347826086,11.020066889632107,0.06113226341409845
usa28,1000000,ok,,1000000.0,False,6.892126296695199,1.1158816620372995,0.010824165863613174,103.09170019174219,1.312514381270903,14.016722408026755,0.13161464351490895
boe103,1000000,ok,,1000000.0,False,4.677966101694915,0.9238474576271186,0.008966271186440677,103.03585943554944,1.5563,15.0,0.1272
goe381,1000000,ok,,500000.0,True,3.970353154583073,0.9810590329346408,0.009522451675075108,103.02588728305652,1.3323946488294314,8.010033444816052,0.063794774
goe421,1000000,ok,,1000000.0,False,3.0328212686355656,1.1694463352417663,0.011359754549061844,102.94644397385736,1.769092976588629,13.03344481605351,0.18991218401745977
v43012,1000000,ok,,1000000.0,False,8.220338983050848,1.1946745762711863,0.011610677966101695,102.89447177495875,1.6352,15.0,0.1204
e502,1000000,ok,,1000000.0,False,5.745762711864407,0.7626101694915254,0.007411864406779661,102.89046421221128,1.0988,15.0,0.15660519642318121
usa41,1000000,ok,,1000000.0,False,3.0,0.7967,0.00775,102.8,0.7967,3.0,0.06599380061993801
fx66h80,1000000,ok,,1000000.0,False,5.03236777960433,0.6787267275097782,0.006602759480755059,102.79440429233422,1.0736939799331104,10.996655518394649,0.07999819463087249
goe646,1000000,ok,,1000000.0,False,4.856527407743325,0.9442943597301741,0.009189784592710163,102.75478714476503,1.561947491638796,14.016722408026755,0.18335557243667827
s7012,1000000,ok,,1000000.0,False,3.1423955558074947,0.6130505640269827,0.0059680590669463195,102.72193306904762,1.282330100334448,11.013377926421406,0.08748765941757279
ls417mod,1000000,ok,,1000000.0,False,8.94915254237288,1.462593220338983,0.014241694915254238,102.69797443648395,1.8698,15.0,0.170003765234147
goe223,1000000,ok,,1000000.0,False,2.9304461198344747,1.0655925117623717,0.01037896321070234,102.66849300164958,1.5807401337792641,10.996655518394647,0.18817127485661253
ag36,1000000,ok,,1000000.0,False,2.9304461198344747,0.7203186270619577,0.007017401507851028,102.6474865740644,1.4005066889632107,10.996655518394647,0.08174253961069017
naca4421,1000000,ok,,1000000.0,False,6.101694915254237,1.079722033898305,0.01052050847457627,102.63021378743696,1.5631,15.0,0.21029608713884695
lds2,1000000,ok,,1000000.0,False,3.2542372881355934,0.6322644067796611,0.006165932203389831,102.54157618406225,1.4604,15.0,0.11970047619047619
fxs21158,1000000,ok,,1000000.0,False,3.928065302420496,0.9017217334618217,0.008800577631653534,102.46165322359617,1.3073096989966555,10.050167224080267,0.15777013671875
s5010,1000000,ok,,1000000.0,False,5.919902499858285,0.7863218014851765,0.007678713224873874,102.40280870732637,1.3635010033444814,13.976588628762542,0.0981807181187205
raf19,1000000,ok,,1000000.0,False,5.17895810895074,1.304580857094269,0.012741376906071085,102.38931527664445,1.5831140468227427,8.989966555183948,0.10500000000000001
goe564,1000000,ok,,1000000.0,False,1.8031290743155148,0.5716040417209909,0.0055844719687092575,102.3559693600013,1.359967558528428,14.016722408026755,0.082
n2415,1000000,ok,,1000000.0,False,6.101694915254237,0.9538186440677967,0.009332881355932203,102.19980386459393,1.5213,15.0,0.1499911151768592
e224,1000000,ok,,1000000.0,False,4.000623547417947,0.6839320786803469,0.00669547644691344,102.14838094093125,1.3739876254180603,13.03344481605351,0.10172412057856328
e1213,1000000,ok,,1000000.0,False,8.94915254237288,1.187137288135593,0.011625254237288135,102.11710332560614,1.5833,15.0,0.1738316107890765
goe738,1000000,ok,,1000000.0,False,8.23728813559322,1.0994728813559322,0.01077593220338983,102.03041932744033,1.3648,15.0,0.15439999999999998
goe572,1000000,ok,,1000000.0,False,2.9304461198344747,1.1419293917578368,0.011204527521115582,101.91678226554441,1.582938795986622,10.996655518394647,0.1858893366582571
ah94w301,1000000,ok,,1000000.0,False,9.889575420894507,1.4301986225270678,0.01404718156567088,101.81392016902878,1.645538127090301,13.946488294314381,0.30091422599608103
hq2010,1000000,ok,,1000000.0,False,3.178051130888271,0.6217312057139617,0.006113661357065925,101.69539485457264,1.304499331103679,12.050167224080266,0.0997
mh42,1000000,ok,,1000000.0,False,4.082761748200214,0.6322920412675017,0.006219382688056232,101.66475886453523,1.245191304347826,10.996655518394647,0.0893488267195358
goe614,1000000,ok,,1000000.0,False,6.101694915254237,1.181928813559322,0.011630169491525424,101.62610393774229,1.4796,15.0,0.18758199443627044
goe563,1000000,ok,,1000000.0,False,2.142395555807493,0.5496253160251686,0.005412330933620543,101.55057456131945,1.3709832775919732,14.016722408026755,0.08891878556803798
goe315,1000000,ok,,1000000.0,False,4.067796610169491,0.8226610169491525,0.008102711864406779,101.5290967660963,1.5332,15.0,0.0807673568037578
rg15a111,1000000,ok,,1000000.0,False,5.033898305084746,0.803271186440678,0.007912372881355932,101.52089625773837,1.4295,15.0,0.10989988863908418
rg15,1000000,ok,,1000000.0,False,4.056572756646448,0.7023516183889801,0.0069186361317385625,101.51590646124764,1.272351839464883,11.979933110367892,0.08918106043107019
mh108,1000000,ok,,1000000.0,False,7.226631143359221,0.8935087069893998,0.008807962700527182,101.44328914289348,1.312092976588629,13.03344481605351,0.11958051999182909
marske4,1000000,ok,,1000000.0,False,10.016949152542374,1.2461762711864406,0.01228542372881356,101.435351249931,1.5461,15.0,0.10189999999999999
usa40,1000000,ok,,1000000.0,False,3.7899212062808214,0.9684266084689075,0.00955353381327589,101.36841794846127,1.5691,12.050167224080266,0.13319832606379362
goe386,1000000,ok,,1000000.0,False,3.9661016949152543,0.9750186440677966,0.009620169491525422,101.35150372628131,1.7572,15.0,0.20260365162397287
fx77w270s,1000000,ok,,1000000.0,False,11.084745762711865,1.5877847457627121,0.015713728813559324,101.04442838498129,1.8278,15.0,0.2710560715426381
naca2415,1000000,ok,,1000000.0,False,6.101694915254237,0.9508694915254238,0.009413898305084746,101.0069857045119,1.5068,15.0,0.1500823023551126
goe625,1000000,ok,,1000000.0,False,6.101694915254237,1.227866101694915,0.012157627118644068,100.99553882615362,1.7779,15.0,0.2
e473,1000000,ok,,1000000.0,False,8.94915254237288,1.0996152542372881,0.010888983050847456,100.98420110514438,1.4478,15.0,0.1617542682926829
arad20,1000000,ok,,1000000.0,False,8.94915254237288,1.4287474576271186,0.01414864406779661,100.98122836230338,1.8971,15.0,0.2
fx78k161,1000000,ok,,1000000.0,False,5.745762711864407,0.8085881355932203,0.008013050847457627,100.90889861877868,1.0597,15.0,0.161496183301946
e231,1000000,ok,,1000000.0,False,4.152542372881356,0.6469872881355933,0.006419237288135594,100.78881011789245,1.2546,15.0,0.12330154439790524
goe198,1000000,ok,,1000000.0,False,3.8251232923303666,1.1216056799501164,0.011138349866787597,100.697652108642,1.797342474916388,13.983277591973243,0.07765030356691581
naca2412,1000000,ok,,1000000.0,False,4.322033898305085,0.7452745762711864,0.00740271186440678,100.67588607015294,1.5599,15.0,0.12006583441072505
fx60177,1000000,ok,,1000000.0,False,1.8305084745762707,0.7144186440677965,0.0070964406779661015,100.6728128209415,1.5067,15.0,0.17720153057957092
sd5060,1000000,ok,,1000000.0,False,3.838727963267388,0.6731664928292046,0.006695502522532735,100.54009994974405,1.489671237458194,14.016722408026755,0.09458506160767981
arad10,1000000,ok,,1000000.0,False,7.881355932203389,1.3210169491525423,0.013140169491525423,100.53271763385659,1.8703,15.0,0.09999999999999999
e542,1000000,ok,,1000000.0,False,6.101694915254237,0.8607830508474575,0.008562542372881357,100.52890991508143,1.1609,15.0,0.16860064332588026
marske3,1000000,ok,,1000000.0,False,10.728813559322035,1.3214050847457628,0.013163220338983051,100.38615556957625,1.5405,15.0,0.12060000000000001
goe632,1000000,ok,,1000000.0,False,6.258828864576838,1.0569346975795022,0.01053730003968029,100.30412853381847,1.3700836120401338,13.03344481605351,0.13999999999999999
glennmartin2,1000000,ok,,1000000.0,False,6.849271583243578,1.2783078453602401,0.012749011960773196,100.26720888594365,1.3906140468227426,12.050167224080266,0.13470000000000001
goe14k,1000000,ok,,1000000.0,False,2.898305084745763,0.8060932203389831,0.008040508474576272,100.25401041337295,1.2805,15.0,0.12
goe368,1000000,ok,,1000000.0,False,5.0,0.8907,0.00889,100.1912260967379,0.8907,5.0,0.07708440188883711
naca653218,1000000,ok,,1000000.0,False,5.033898305084746,0.7464067796610169,0.007455084745762712,100.120495623508,1.1481,15.0,0.17996306478233215
hq2195,1000000,ok,,1000000.0,False,3.9661016949152543,0.7232644067796611,0.007227627118644068,100.06941350280235,1.4846,15.0,0.09492
hq2012,1000000,ok,,1000000.0,False,5.874326852219262,0.9005676945751374,0.009000035995691855,100.06267697220565,1.3981859531772576,14.016722408026755,0.11973
usa29,1000000,ok,,1000000.0,False,6.813559322033898,1.0276796610169492,0.010303728813559322,99.73861692327938,1.3014,15.0,0.13168971072224472
e221,1000000,ok,,1000000.0,False,4.818434329119665,0.708461311717023,0.007108406552916502,99.66527750531503,1.2160448160535116,13.946488294314381,0.09377771535395789
goe488,1000000,ok,,1000000.0,False,4.056572756646448,0.7735729096989966,0.007763910776033103,99.63701696405202,1.267175585284281,11.979933110367892,0.06802614199892738
goe622,1000000,ok,,1000000.0,False,3.0610509608298853,0.6059234113712375,0.0060813445949776095,99.63642117429927,1.2154795986622073,10.033444816053512,0.08
mh43,1000000,ok,,1000000.0,False,4.065869281786746,0.6088911229522135,0.006112216994501445,99.61870193744306,1.1125615384615384,9.996655518394649,0.08493396101837623
ls413mod,1000000,ok,,1000000.0,False,2.898305084745763,0.8343118644067797,0.008377118644067797,99.5941325240263,1.7572,15.0,0.1302
ls421mod,1000000,ok,,1000000.0,False,5.033898305084746,1.1322661016949152,0.011370677966101694,99.57771252254534,1.74,15.0,0.20954
fx84w218,1000000,ok,,1000000.0,False,5.745762711864407,0.9120728813559322,0.00916728813559322,99.49211455617802,1.3484,15.0,0.21962631427658896
mh46,1000000,ok,,1000000.0,False,5.874326852219262,0.710561770874667,0.007151759537441188,99.35481851070419,1.2944063545150502,14.016722408026755,0.09098221426762587
goe116,1000000,ok,,1000000.0,False,2.9491525423728806,0.7645593220338982,0.007697457627118645,99.32621380601121,1.0213,6.0,0.09322132749147186
m9,1000000,ok,,1000000.0,False,9.900459157644123,1.5333730230712543,0.015438422425032594,99.3218724592592,1.6266351170568563,11.056856187290968,0.104
s2060,1000000,ok,,1000000.0,False,2.0508474576271185,0.48191864406779655,0.004857118644067796,99.2190389782601,1.2406,11.0,0.07997058170457635
raf34,1000000,ok,,1000000.0,False,6.101694915254237,0.885106779661017,0.00892322033898305,99.19140691777311,1.3093,15.0,0.1264
ds21,1000000,ok,,1000000.0,False,3.9637208775012756,0.6728798084008843,0.006785172042401225,99.16915948423865,1.397244481605351,12.963210702341136,0.08598970284501835
s3016,1000000,ok,,1000000.0,False,5.978969446176521,0.8588032934640893,0.008680227311376906,98.93788061730623,1.3281625418060201,12.993311036789297,0.09515851527029161
raf31,1000000,ok,,1000000.0,False,5.033898305084746,0.8415728813559322,0.008508983050847458,98.90404955879131,1.3456,15.0,0.1274
fx2,1000000,ok,,1000000.0,False,4.677966101694915,0.9621406779661016,0.00972864406779661,98.8977159880834,1.213,15.0,0.20435360711002146
goe115,1000000,ok,,1000000.0,False,2.983050847457627,0.7180221387676435,0.0072625585284280935,98.86627914350896,1.2507,11.0,0.09695842576803088
sd7090,1000000,ok,,1000000.0,False,5.033898305084746,0.7919593220338982,0.008014237288135592,98.81905084172236,1.4896,15.0,0.09985369870886428
m12,1000000,ok,,1000000.0,False,5.745762711864407,0.8561491525423728,0.008672542372881356,98.71951219512194,1.4713,15.0,0.1193
fx69h098,1000000,ok,,1000000.0,False,6.904030383765093,0.9416773198798254,0.009545546737713283,98.65095690741045,1.360138795986622,13.03344481605351,0.09885287958115184
e336,1000000,ok,,1000000.0,False,10.020860495436766,1.0826112181849101,0.01097873930049317,98.60979376168252,1.356563879598662,13.983277591973245,0.12798253496021855
ag37,1000000,ok,,1000000.0,False,3.142338869678589,0.7241868318122555,0.007347996145343234,98.55569021646892,1.5123207357859532,11.979933110367892,0.0773968750059376
marske2,1000000,ok,,1000000.0,False,10.728813559322035,1.3159288135593221,0.01335220338983051,98.55518038030922,1.5553,15.0,0.1205
s8036,1000000,ok,,1000000.0,False,6.101694915254237,0.8453457627118643,0.008582203389830508,98.4998518811099,1.3569,15.0,0.1599644639837
goe600,1000000,ok,,1000000.0,False,5.033898305084746,0.7915,0.008041016949152543,98.43282323679439,1.4575,15.0,0.13074367630221662
goe92,1000000,ok,,500000.0,True,5.8976815373278155,1.1616872569582224,0.01180860892239669,98.37630025624092,1.3734448160535115,9.02675585284281,0.08768358927114578
naca2410,1000000,ok,,1000000.0,False,3.9661016949152543,0.6853932203389831,0.006969491525423729,98.34192607003891,1.5283,15.0,0.10005485862659336
goe176,1000000,ok,,1000000.0,False,3.21852502692591,0.9938396887931522,0.010108952156907202,98.31282939786055,1.612291304347826,10.996655518394647,0.1032631235641689
mh60,1000000,ok,,1000000.0,False,5.978969446176521,0.7908681990816847,0.008051107646958789,98.23098060059175,1.3134484949832774,12.993311036789297,0.10075977134401726
goe184,1000000,ok,,1000000.0,False,3.0,0.8668,0.00883,98.16534541336354,0.8668,3.0,0.08295755276333708
falcon,1000000,ok,,1000000.0,False,7.231392778187178,1.002429550478998,0.010215195283714076,98.13121752818132,1.3710739130434781,14.016722408026755,0.13672153129346315
mh78,1000000,ok,,1000000.0,False,10.016949152542374,1.2086627118644069,0.012320000000000001,98.10573959938367,1.571,15.0,0.14447753908181007
usa34,1000000,ok,,1000000.0,False,6.189785159571452,1.29942947678703,0.013247597074995747,98.08793771661773,1.5983384615384615,11.979933110367892,0.18014322478154643
n63215,1000000,ok,,1000000.0,False,5.033898305084746,0.7518322033898306,0.007667627118644068,98.0527863126948,1.3285,15.0,0.14998597887046866
goe766,1000000,ok,,1000000.0,False,6.813559322033898,0.9170661016949152,0.009361355932203391,97.96295625724215,1.4451,15.0,0.12010000000000001
s6061,1000000,ok,,1000000.0,False,3.2342270846323906,0.556626336375489,0.005683414772405193,97.9387144288833,1.2563916387959866,12.993311036789297,0.08999204378806239
e331,1000000,ok,,1000000.0,False,8.142055439034069,0.9674560172325832,0.009886373221472707,97.85752525823294,1.3253411371237458,12.963210702341136,0.11271217568412692
mh61,1000000,ok,,1000000.0,False,4.896321070234114,0.6451478260869565,0.006599799331103679,97.75264272755835,1.0922260869565217,10.996655518394649,0.10234123333996005
arad13,1000000,ok,,1000000.0,False,8.94915254237288,1.3777830508474576,0.014106101694915253,97.67284262129623,1.8524,15.0,0.13
goe418,1000000,ok,,1000000.0,False,3.9661016949152543,0.9233779661016949,0.009468474576271188,97.52130173277959,1.6702,15.0,0.127
goe566,1000000,ok,,1000000.0,False,4.856527407743325,0.8150405475880053,0.008358177540955728,97.51414630692426,1.3947729096989967,14.016722408026755,0.08650000000000001
mh106,1000000,ok,,1000000.0,False,6.213593333711241,0.7773166260416077,0.007976991667139052,97.44483365122936,1.2733645484949834,14.016722408026755,0.1305309058379489
n9,1000000,ok,,1000000.0,False,2.8375942406893024,0.7578200272093417,0.007782210759027265,97.37850216023514,1.4700949832775918,11.979933110367892,0.0846
v23010,1000000,ok,,1000000.0,False,7.169491525423728,0.9314983050847457,0.009572881355932204,97.30594900849857,1.4524,15.0,0.10179771656744835
ag45c03,1000000,ok,,1000000.0,False,6.058443398900289,0.7591352644407914,0.007802469814636359,97.29422637646842,1.446720066889632,13.983277591973245,0.06928139148981188
v43015,1000000,ok,,1000000.0,False,8.23728813559322,1.235135593220339,0.01271457627118644,97.14327610109844,1.5652,15.0,0.1503
clarkyh,1000000,ok,,1000000.0,False,5.93622810498271,1.003854424352361,0.010334084235587552,97.14014338061821,1.3633678929765887,13.03344481605351,0.119
goe397,1000000,ok,,1000000.0,False,3.128847570999376,0.7063277776203163,0.007275483249248908,97.0832800272387,1.2621414715719064,10.020066889632107,0.051000000000000004
m6,1000000,ok,,1000000.0,False,6.101694915254237,0.8454559322033898,0.008716440677966102,96.99554708616095,1.4052,15.0,0.1201
goe177,1000000,ok,,1000000.0,False,1.9661016949152543,0.7071881355932204,0.007293050847457627,96.96739408306026,1.2118,7.0,0.077
goe681,1000000,ok,,1000000.0,False,5.033898305084746,1.015649152542373,0.010481016949152542,96.90368381901098,1.6273,15.0,0.168368106585232
ag44ct02r,1000000,ok,,1000000.0,False,5.142395555807495,0.7631078453602405,0.00787805906694632,96.86495606030472,1.4161083612040135,13.013377926421406,0.07288244929396161
naca2418,1000000,ok,,1000000.0,False,7.169491525423728,1.0420661016949153,0.010759999999999999,96.84629197908136,1.4858,15.0,0.1800987765311582
n64212mb,1000000,ok,,1000000.0,False,10.016949152542374,1.2619186440677967,0.013044237288135595,96.74146645703668,1.5698,15.0,0.12046523607577722
naca23012,1000000,ok,,1000000.0,False,8.23728813559322,1.06044406779661,0.010972033898305084,96.64972580520583,1.5304,15.0,0.11999794414735143
goe121,1000000,ok,,1000000.0,False,5.978969446176521,1.12935524630123,0.011697817017175899,96.54410259991229,1.5312565217391305,12.993311036789297,0.06643645254460954
oaf117,1000000,ok,,1000000.0,False,5.874326852219262,0.9405344821722125,0.009745475880052153,96.50985685546422,1.7058478260869565,14.016722408026755,0.1146310506543495
kc135a,1000000,ok,,1000000.0,False,5.745762711864407,0.7469830508474576,0.00775186440677966,96.36172817911493,1.3072,15.0,0.15493
goe676,1000000,ok,,1000000.0,False,5.847457627118644,0.8489694915254237,0.008810677966101695,96.3568859050074,1.4156,15.0,0.119
clarym18,1000000,ok,,1000000.0,False,6.101694915254237,1.0514389830508475,0.01091406779661017,96.33795598900501,1.5791,15.0,0.17980603246149918
goe113,1000000,ok,,1000000.0,False,2.1355932203389827,0.5522728813559322,0.0057422033898305086,96.17786829599457,1.1801,9.0,0.06649999999999999
oa212,1000000,ok,,1000000.0,False,7.881355932203389,0.9926237288135593,0.010328813559322034,96.1023957991467,1.5021,15.0,0.1200831123974014
ag54,1000000,ok,,1000000.0,False,4.078793719176916,0.6631600136046709,0.006901400714245223,96.09064030086506,1.3182585284280934,10.989966555183944,0.0753248999254249
bw3,1000000,ok,,1000000.0,False,2.0449521002210753,0.7944850405305821,0.008275291083271923,96.0068996408589,1.6833438127090299,10.986622073578594,0.05001312425492893
goe282,1000000,ok,,1000000.0,False,2.0,0.8074,0.00841,96.00475624256836,0.8074,2.0,0.09117217213397125
goe531,1000000,ok,,1000000.0,False,3.16019500028343,1.3956879145173176,0.014540971600249418,95.98312636092197,1.8381528428093645,14.016722408026755,0.13770040933023225
ag53,1000000,ok,,1000000.0,False,4.056572756646448,0.662060937588572,0.006897887307975738,95.98024844839937,1.3683822742474916,11.979933110367892,0.08077419359962494
mh91,1000000,ok,,1000000.0,False,10.728813559322035,1.2339915254237288,0.012869322033898307,95.88628850636778,1.425,15.0,0.1496584176212845
e625,1000000,ok,,1000000.0,False,10.016949152542374,1.205771186440678,0.012581864406779662,95.83406301779532,1.4773,15.0,0.13
ag52,1000000,ok,,1000000.0,False,4.095856243977098,0.6670965081344594,0.006965986055212288,95.76483542273323,1.3695548494983276,12.050167224080266,0.08350729115371155
goe165,1000000,ok,,1000000.0,False,2.8760841222152944,1.0296383991837197,0.010752106456550082,95.76155178006759,1.5405234113712374,9.989966555183948,0.12115619654737259
e326,1000000,ok,,1000000.0,False,9.080834419817473,0.9819810951760106,0.01025478487614081,95.7583320407556,1.2663170568561872,13.060200668896321,0.12866767251571398
sg6041,1000000,ok,,1000000.0,False,3.2542372881355934,0.611457627118644,0.00639542372881356,95.60861845069302,1.4821,15.0,0.09993292494279836
goe548,1000000,ok,,1000000.0,False,2.8704721954537735,0.6118535910662662,0.006399747746726378,95.60589186960436,1.1496709030100334,12.046822742474916,0.11900000000000001
goe683,1000000,ok,,1000000.0,False,9.846720707442886,1.3787859248341927,0.014423434045689017,95.5934571799352,1.4629217391304348,11.979933110367892,0.199
rg14,1000000,ok,,1000000.0,False,4.056572756646448,0.6599539425202652,0.006909584490675131,95.51282619250257,1.2123899665551838,11.979933110367892,0.08466553957988404
mh30,1000000,ok,,1000000.0,False,3.101694915254238,0.5560288135593222,0.005823898305084746,95.47364744914296,1.0783,9.0,0.07838249994010468
goe344,1000000,ok,,1000000.0,False,5.156510401904654,0.8345563006632277,0.008744682274247491,95.4358631326081,1.5086411371237458,13.946488294314381,0.07201614045077977
as5048,1000000,ok,,1000000.0,False,3.9661016949152543,0.7329847457627119,0.007682542372881356,95.40913804134402,1.4547,15.0,0.17982365642829512
naca23015,1000000,ok,,1000000.0,False,8.94915254237288,1.161986440677966,0.012182372881355933,95.3826033724748,1.5254,15.0,0.14976156951778835
ag18,1000000,ok,,1000000.0,False,4.4770137747293255,0.7440043251516356,0.007805968482512331,95.31223791364575,1.2937428093645484,10.531772575250837,0.05866731461245367
ag17,1000000,ok,,1000000.0,False,4.542287852162575,0.7419501728926932,0.007784974207811347,95.30541182117591,1.2953060200668898,10.95819397993311,0.06488084486268997
goe57,1000000,ok,,1000000.0,False,3.186440677966101,0.8844920903954803,0.009281186440677967,95.29946371068378,1.5112,12.0,0.06282839210310937
m16,1000000,ok,,500000.0,True,7.0,0.9485,0.00996,95.23092369477912,0.9485,7.0,0.06149754524547545
s102b,1000000,ok,,1000000.0,False,2.898305084745763,0.7004762711864406,0.007362542372881356,95.14054190934414,1.6334,15.0,0.1498357687078881
usa46,1000000,ok,,1000000.0,False,2.016949152542373,0.4973372881355932,0.005231694915254238,95.06236433731816,0.9808,7.0,0.06540302616563312
mh45,1000000,ok,,1000000.0,False,5.874326852219262,0.7657414829091322,0.00805552973187461,95.05786812246497,1.3945515050167225,14.016722408026755,0.09844055698731638
goe427,1000000,ok,,1000000.0,False,1.1918258602120062,0.7109165353438013,0.007481417153222607,95.02431434899674,1.3995682274247492,10.016722408026755,0.046000000000000006
ag19,1000000,ok,,1000000.0,False,4.064905617595375,0.705903316138541,0.007433992404058728,94.95615246433933,1.2284090301003343,10.96655518394649,0.05402066943051563
zv15_35,1000000,ok,,1000000.0,False,11.084745762711865,1.2119644067796609,0.01276677966101695,94.93109765811691,1.5002,15.0,0.15648753445845848
e474,1000000,ok,,1000000.0,False,9.305084745762711,1.1101372881355933,0.011697627118644067,94.90277616784515,1.4213,15.0,0.14073467787114846
n64215,1000000,ok,,1000000.0,False,5.033898305084746,0.7437254237288136,0.007842372881355931,94.83423384482387,1.2829,15.0,0.1496289446660281
naca642215,1000000,ok,,1000000.0,False,5.033898305084746,0.7437254237288136,0.007842372881355931,94.83423384482387,1.2829,15.0,0.1496289446660281
goe435,1000000,ok,,1000000.0,False,3.9661016949152543,1.079428813559322,0.011383050847457627,94.82772483621203,1.7152,15.0,0.260438669171041
s8055,1000000,ok,,1000000.0,False,6.101694915254237,0.898922033898305,0.009482711864406778,94.79588189032674,1.4579,15.0,0.11999234152050856
m11,1000000,ok,,1000000.0,False,3.0153619409330528,0.5860301428490448,0.00618549968822629,94.7425709137964,1.2484645484949832,12.996655518394647,0.0815
raf15,1000000,ok,,1000000.0,False,4.968425826200329,0.8759455756476391,0.009246785613060485,94.72973769505619,1.4143729096989968,13.03344481605351,0.0649
fx60157,1000000,ok,,1000000.0,False,1.1186440677966099,0.6436677966101695,0.006795254237288136,94.72313678539359,1.5311,15.0,0.15672161280200816
pt40,1000000,ok,,1000000.0,False,6.813559322033898,1.0673457627118643,0.011271694915254236,94.69257025998827,1.5953,15.0,0.11594382142857143
nlf0115,1000000,ok,,1000000.0,False,3.9661016949152543,0.6936898305084745,0.007329152542372881,94.6480273807872,1.4001,15.0,0.1496080807315409
mh110,1000000,ok,,1000000.0,False,6.929765886287626,0.80857491638796,0.00854418060200669,94.63457691871093,1.0967792642140468,10.996655518394649,0.09995116175319824
oa213,1000000,ok,,1000000.0,False,8.23728813559322,1.1359406779661017,0.012005254237288135,94.62029337436998,1.5407,15.0,0.125635066427779
goe178,1000000,ok,,1000000.0,False,5.93622810498271,1.0879258304517885,0.011498663624511081,94.61324080588945,1.4640996655518395,13.03344481605351,0.08499999999999999
naca652215,1000000,ok,,1000000.0,False,3.9661016949152543,0.6261745762711864,0.006619830508474576,94.5907263742735,1.2195,15.0,0.14994962412700447
e479,1000000,ok,,1000000.0,False,8.94915254237288,1.0367550847457627,0.010965084745762712,94.55057656042291,1.3865,15.0,0.16553295876755778
goe679,1000000,ok,,1000000.0,False,5.033898305084746,0.9873525423728814,0.010444745762711864,94.53102687264703,1.589,15.0,0.18285233163421855
s102s,1000000,ok,,1000000.0,False,2.898305084745763,0.6887627118644067,0.00728864406779661,94.49805827500407,1.5234,15.0,0.1498357687078881
rg12a,1000000,ok,,1000000.0,False,3.9637208775012756,0.6780337622583753,0.007175172042401225,94.49721320291384,1.3451862876254181,12.963210702341136,0.0898716617507608
rg12a189,1000000,ok,,1000000.0,False,3.9637208775012756,0.6780337622583753,0.007175172042401225,94.49721320291384,1.3451862876254181,12.963210702341136,0.0898716617507608
mh44,1000000,ok,,1000000.0,False,4.981293577461594,0.7059134289439373,0.007474711751034521,94.44022090166044,1.3194916387959865,13.996655518394647,0.09654679504433064
ag55,1000000,ok,,1000000.0,False,4.91463068987019,0.7537971883680065,0.00798524006575591,94.39881358114803,1.4237882943143811,12.96655518394649,0.06565847036159636
mh62,1000000,ok,,1000000.0,False,5.931466470154751,0.7733039793662488,0.008194613117170227,94.36735673901919,1.25329364548495,12.050167224080266,0.09287121023889292
ag45ct02r,1000000,ok,,1000000.0,False,4.92795193016269,0.7225827844226519,0.0076579519301626904,94.35718466403338,1.399569230769231,12.963210702341136,0.06894343319610685
vr13,1000000,ok,,1000000.0,False,8.94915254237288,1.1368694915254236,0.01205966101694915,94.27043512480326,1.5422,15.0,0.09450800000000001
vr12,1000000,ok,,1000000.0,False,8.94915254237288,1.1680915254237287,0.012392711864406778,94.25632889752042,1.5612,15.0,0.10565
eh1590,1000000,ok,,1000000.0,False,4.946998469474519,0.6716977949095855,0.007129718836800634,94.21097946283122,1.0945792642140468,10.996655518394647,0.08991997502428195
naca664221,1000000,ok,,1000000.0,False,5.033898305084746,0.731464406779661,0.007769661016949152,94.14367051329596,0.9688,15.0,0.20999181127554514
rc510,1000000,ok,,1000000.0,False,7.881355932203389,1.015372881355932,0.010789661016949153,94.10609654565731,1.5057,15.0,0.09961103962133702
fg2,1000000,ok,,500000.0,True,5.033898305084746,0.9592847457627118,0.010218305084745765,93.87904723991505,1.2301,11.0,0.0816
mh92,1000000,ok,,1000000.0,False,10.728813559322035,1.1921610169491526,0.012705593220338984,93.8296226138228,1.4082,15.0,0.15470607417272753
ag14,1000000,ok,,1000000.0,False,4.641120117907148,0.7483127487103906,0.007992166543846721,93.63077516027576,1.2692739130434783,10.521739130434781,0.05369695874003098
e478,1000000,ok,,1000000.0,False,8.23728813559322,0.9685254237288135,0.01035915254237288,93.49465796233578,1.3888,15.0,0.15689043790702895
kc135b,1000000,ok,,1000000.0,False,3.9661016949152543,0.5733762711864406,0.006136271186440678,93.4405038117335,1.2807,15.0,0.1298
du8608418,1000000,ok,,1000000.0,False,9.060427413411938,0.9583058216654385,0.010260736919675757,93.39541878593661,0.9929431438127091,10.953177257525084,0.08451997621088375
sd7003,1000000,ok,,1000000.0,False,5.874326852219262,0.8277781078170172,0.008875529731874611,93.26520588897641,1.4550173913043478,14.016722408026755,0.0850152477637511
df102,1000000,ok,,1000000.0,False,7.169491525423728,1.0142050847457627,0.010884406779661017,93.17963810769565,1.4576,15.0,0.1099848752930178
goe767,1000000,ok,,1000000.0,False,7.881355932203389,0.9841813559322034,0.010568983050847457,93.11977805218339,1.5341,15.0,0.12
usa51,1000000,ok,,1000000.0,False,3.0153619409330528,0.6509179014795079,0.007006329006292159,92.90427282175008,1.2107832775919734,12.996655518394647,0.09330000000000001
eh2070,1000000,ok,,1000000.0,False,4.067796610169491,0.5740322033898304,0.006180169491525424,92.88292241450236,0.6611,5.0,0.06999105868109257
rc10n1,1000000,ok,,1000000.0,False,3.9661016949152543,0.5645338983050848,0.006077966101694916,92.88204127161183,1.3067,15.0,0.100100048977105
hq1512,1000000,ok,,1000000.0,False,6.101694915254237,0.8508661016949153,0.009168305084745762,92.80516887582498,1.381,15.0,0.11959
ag13,1000000,ok,,1000000.0,False,4.042287852162575,0.6743709086786462,0.007270817980840088,92.75034947315898,1.2608648829431441,10.013377926421402,0.05833934249936804
ames01,1000000,ok,,1000000.0,False,7.881355932203389,0.9674542372881355,0.01043271186440678,92.73276688382369,1.5115,15.0,0.10275
kc135c,1000000,ok,,1000000.0,False,2.9994898248398627,0.48218045462275394,0.00520131568505187,92.70355498869233,1.168743143812709,12.963210702341136,0.10592
lg10sc,1000000,ok,,1000000.0,False,8.94915254237288,1.0907779661016948,0.011769661016949151,92.67709278380207,1.5056,15.0,0.09999
pmc19sm,1000000,ok,,1000000.0,False,5.854826823876197,0.7253695652173913,0.00783144436256448,92.62270554902624,1.2377217391304347,12.043478260869565,0.09190254798331016
goe100,1000000,ok,,1000000.0,False,2.0677966101694913,0.6113084745762712,0.006600169491525424,92.62011761382605,1.1712,8.0,0.06571810349647511
ag455ct02r,1000000,ok,,1000000.0,False,5.249362281049828,0.7586311263533815,0.008194247491638797,92.58093889981593,1.4205822742474916,12.963210702341136,0.0647310605166749
ag12,1000000,ok,,1000000.0,False,4.461708519925175,0.7091415452638741,0.007666347712714699,92.50057156783498,1.2805003344481605,10.506688963210701,0.06235503237490464
mh22,1000000,ok,,1000000.0,False,2.9661016949152543,0.48741525423728815,0.005273050847457628,92.43515155411268,0.6812,5.0,0.0719334266831357
goe464,1000000,ok,,1000000.0,False,4.0,1.3049,0.01412,92.41501416430594,1.3049,4.0,0.07649574161386823
ag03,1000000,ok,,1000000.0,False,4.907714982143869,0.7357885890822515,0.007968486480358257,92.33730783078032,1.3752093645484949,12.050167224080267,0.06236584658633721
naca632a015,1000000,ok,,1000000.0,False,8.898305084745761,1.116194915254237,0.01209372881355932,92.29534847869044,1.3549,15.0,0.1498673618652188
s8052,1000000,ok,,1000000.0,False,6.101694915254237,0.845528813559322,0.009165762711864407,92.24860386848626,1.4578,15.0,0.11886787848185781
goe286,1000000,ok,,1000000.0,False,6.170738620259623,1.0627934074032084,0.011521471571906356,92.24458878974237,1.5704073578595317,13.946488294314381,0.09345447339679712
sd8000,1000000,ok,,1000000.0,False,5.033898305084746,0.7649016949152542,0.008301355932203389,92.14177794111642,1.4333,15.0,0.08859289418941894
marske5,1000000,ok,,1000000.0,False,11.796610169491526,1.4333610169491526,0.015557627118644068,92.1323673602789,1.6139,15.0,0.1222
tsagi12,1000000,ok,,1000000.0,False,5.9421801485176555,0.8385896774559263,0.009104937928688847,92.10273414534821,1.1701344481605351,10.013377926421402,0.119
e426,1000000,ok,,1000000.0,False,7.909925741171135,0.9747602176747349,0.01058632277081798,92.07731889317952,1.4573314381270903,14.016722408026755,0.10824243902439024
b737d,1000000,ok,,1000000.0,False,4.082081514653364,0.5952952213593333,0.006468047162859248,92.03631426462553,1.340669899665552,13.03010033444816,0.108
vr11x,1000000,ok,,1000000.0,False,8.88135593220339,1.1903474576271187,0.01294322033898305,91.96686963923264,1.5189,15.0,0.10971
rc410,1000000,ok,,1000000.0,False,8.94915254237288,1.115457627118644,0.012130169491525422,91.95729935166555,1.5999,15.0,0.0997972300521294
amsoil1,1000000,ok,,1000000.0,False,2.898305084745763,0.5584593220338984,0.006073050847457627,91.95696463955794,1.5564,15.0,0.11624
ag38,1000000,ok,,1000000.0,False,2.9994898248398627,0.6785345955444704,0.007380724448727398,91.93333259602517,1.5001364548494982,12.963210702341136,0.07039610803973541
ag11,1000000,ok,,1000000.0,False,5.333456153279292,0.8044132645541636,0.008760140014738392,91.8265305349901,1.5691822742474917,14.006688963210701,0.05812335113571157
mh93,1000000,ok,,1000000.0,False,10.932203389830509,1.1732593220338983,0.012795254237288136,91.69488157685582,1.3912,15.0,0.1597011816205216
du84132v,1000000,ok,,1000000.0,False,5.033898305084746,0.9646762711864406,0.01053050847457627,91.60775792692742,1.534,15.0,0.13628601404741
hq159,1000000,ok,,1000000.0,False,2.9304461198344747,0.5187932996995632,0.005665485516694063,91.57084563553711,1.123783779264214,10.996655518394647,0.08967
goe627,1000000,ok,,1000000.0,False,6.813559322033898,1.0980559322033898,0.011999322033898304,91.50983106390193,1.5846,15.0,0.1575
naca001034a08cli0.2,1000000,ok,,1000000.0,False,2.9322033898305087,0.5209101694915255,0.005695932203389831,91.45301434267691,0.8663,7.0,0.09999415990695912
e169,1000000,ok,,1000000.0,False,7.231392778187178,0.8375507737656596,0.009158577745025794,91.44987323174169,1.2741929765886288,14.016722408026755,0.14385571815718157
naca64a410,1000000,ok,,1000000.0,False,1.923360353721443,0.5574057479734708,0.006104819454679439,91.30585304143771,1.3608474916387958,11.979933110367892,0.099926212821397
hq1511,1000000,ok,,1000000.0,False,5.745762711864407,0.8230881355932204,0.009015593220338984,91.29605955782824,1.3625,15.0,0.1099903417438518
e472,1000000,ok,,1000000.0,False,9.305084745762711,1.0928355932203389,0.011975084745762712,91.25911143192786,1.4992,15.0,0.12088404756006936
hobie,1000000,ok,,1000000.0,False,2.0,0.6677,0.00732,91.21584699453551,0.6677,2.0,0.08495
avistar,1000000,ok,,1000000.0,False,3.9661016949152543,0.6960237288135593,0.007633728813559322,91.17742401030219,1.3052,15.0,0.14517053936022253
hor07,1000000,ok,,1000000.0,False,4.1422821835496855,0.9123510401904654,0.010009154809818037,91.15165641114224,1.7010127090301004,13.946488294314381,0.07173035383073026
hq1510,1000000,ok,,1000000.0,False,5.013661357065924,0.7494326001927326,0.008229965988322655,91.06144560695493,1.2779889632107024,12.050167224080266,0.09963
sc2110,1000000,ok,,1000000.0,False,8.94915254237288,1.1415677966101694,0.012539999999999999,91.03411456221447,1.6558,15.0,0.09922361586718527
e428,1000000,ok,,1000000.0,False,7.909925741171135,0.9575692251006177,0.010520826483759424,91.01654005783469,1.4388498327759198,14.016722408026755,0.11123348968105065
fx68h120,1000000,ok,,1000000.0,False,5.89388356669123,0.9038099484156226,0.009930412675018423,91.01433928212312,1.1694505016722407,11.993311036789297,0.11807000000000001
rc12n1,1000000,ok,,1000000.0,False,5.033898305084746,0.655693220338983,0.007210677966101695,90.93364360764403,1.3295,15.0,0.12019302658056448
e904,1000000,ok,,1000000.0,False,2.9661016949152543,0.4704033898305085,0.005186949152542373,90.68980165343267,0.5739,5.0,0.08997828852430997
s1046,1000000,ok,,1000000.0,False,8.94915254237288,0.9726338983050846,0.01072966101694915,90.64907985151252,1.2452,15.0,0.16988897348742352
mh64,1000000,ok,,1000000.0,False,4.896321070234114,0.6539581939799332,0.007217357859531773,90.60908530623405,1.1750505016722408,10.996655518394649,0.08582480108010852
rg12,1000000,ok,,1000000.0,False,4.214897114676038,0.648110345218525,0.007157131681877444,90.55448104435519,1.2255357859531772,11.989966555183944,0.09256916920234055
n63212,1000000,ok,,1000000.0,False,3.838727963267388,0.6094890935887988,0.006732271413185193,90.53246017311643,1.2948361204013377,14.016722408026755,0.11999387677758636
s2062,1000000,ok,,1000000.0,False,2.926931579842412,0.552561116149878,0.006110585000850291,90.42687665305185,1.2122872909698996,10.989966555183944,0.07983643996547574
goe15k,1000000,ok,,1000000.0,False,3.9661016949152543,0.9300542372881355,0.010289322033898306,90.39023506350172,1.335,15.0,0.15
naca663218,1000000,ok,,1000000.0,False,3.9661016949152543,0.625242372881356,0.006917796610169492,90.3817224059782,1.0557,15.0,0.17995396510578618
vr14,1000000,ok,,1000000.0,False,7.169491525423728,0.9192084745762711,0.010175254237288135,90.33764200286504,1.4938,15.0,0.07958599999999999
p51droot,1000000,ok,,1000000.0,False,5.033898305084746,0.7334881355932203,0.008129491525423728,90.22558585605873,1.2992,15.0,0.16501756316394883
naca651212a06,1000000,ok,,1000000.0,False,2.9994898248398627,0.49740062354741804,0.005513611473272492,90.21321613947455,1.171872575250836,12.963210702341136,0.11993480015786293
bacxxx,1000000,ok,,1000000.0,False,6.269202426166316,0.8826013718043194,0.009783818377642991,90.21031848068156,1.4113274247491638,13.996655518394647,0.1131
ncambre,1000000,ok,,1000000.0,False,7.169491525423728,0.9241525423728814,0.010249491525423728,90.1656965207038,1.4591,15.0,0.1151911445380828
oa209,1000000,ok,,1000000.0,False,7.909925741171135,0.9846423785499687,0.010927407176463918,90.10759484379318,1.5370076923076923,14.016722408026755,0.09009014116816867
ag04,1000000,ok,,1000000.0,False,4.9640893373391535,0.7282216484326286,0.008088343631313418,90.03347058764577,1.3073591973244147,11.483277591973245,0.06422892855279998
goe677,1000000,ok,,1000000.0,False,5.874326852219262,0.797909886060881,0.008863016268918994,90.02690075826754,1.3300779264214047,14.016722408026755,0.11950000000000001
isa961,1000000,ok,,1000000.0,False,4.082761748200214,1.0002099654214611,0.011111796950286265,90.01334076714689,1.5110926421404682,10.996655518394647,0.09439890821865389
nacam6,1000000,ok,,1000000.0,False,6.101694915254237,0.8633406779661017,0.00961237288135593,89.81556256942855,1.3385,15.0,0.1201
as5046,1000000,ok,,1000000.0,False,4.169491525423728,0.7408593220338984,0.008250338983050847,89.79744026953183,1.5126,14.0,0.15992197950029252
goe704,1000000,ok,,1000000.0,False,7.909925741171135,1.0405135196417434,0.011589925741171134,89.77741038887812,1.3405163879598663,14.016722408026755,0.12945400686319383
s2055,1000000,ok,,1000000.0,False,4.078793719176916,0.6687556374355195,0.007451945467943993,89.74242233954921,1.263902675585284,10.989966555183944,0.07985652767071658
goe617,1000000,ok,,1000000.0,False,5.745762711864407,0.8737016949152542,0.009749830508474576,89.6119880397747,1.3756,15.0,0.1385
naca23018,1000000,ok,,1000000.0,False,10.016949152542374,1.2683983050847458,0.014155593220338984,89.60403745300414,1.4947,15.0,0.1802
eiffel371,1000000,ok,,1000000.0,False,6.963550819114561,0.9539002324131284,0.010661569638909357,89.47090013199119,1.1987140468227424,10.996655518394647,0.14426710239651416
rg1410,1000000,ok,,1000000.0,False,6.101694915254237,0.8562593220338983,0.009571016949152541,89.46377658538314,1.3772,15.0,0.0999996633941094
s3,1000000,ok,,1000000.0,False,5.885040530582165,0.8005764922623432,0.008948725128960942,89.46263079099626,1.2120899665551839,11.979933110367892,0.10999999999999999
k3,1000000,ok,,1000000.0,False,0.05084745762711851,0.6080254237288135,0.00679864406779661,89.43333665735939,1.6794,15.0,0.1731130003945731
e335,1000000,ok,,1000000.0,False,9.8135593220339,0.9965949152542374,0.011148305084745763,89.39429874572406,1.276,15.0,0.12577973906569176
e475,1000000,ok,,1000000.0,False,10.728813559322035,1.2239864406779661,0.013707118644067798,89.29567711939855,1.3905,15.0,0.1499362520268705
naca2421,1000000,ok,,1000000.0,False,7.169491525423728,0.9585423728813559,0.010737457627118644,89.27088759451311,1.4605,15.0,0.2101152581890503
jx-gs-15,1000000,ok,,1000000.0,False,4.061731194376736,0.6284953290629783,0.007042225497420781,89.2466918722164,1.1049826086956522,10.020066889632107,0.07599343407396254
rhodesg36,1000000,ok,,1000000.0,False,5.013661357065924,1.1825484014511647,0.01326358709823706,89.1575101586466,1.6918120401337793,12.050167224080266,0.1617045165585831
rg1495,1000000,ok,,1000000.0,False,4.177994444759367,0.6486146817073862,0.007276991667139051,89.13225565948588,1.3697147157190637,14.016722408026755,0.09499967942296134
b29root,1000000,ok,,1000000.0,False,8.990816847117507,1.001441414885777,0.0112433779264214,89.06944349281702,1.2975096989966555,12.050167224080266,0.21979186911872667
n5h15,1000000,ok,,1000000.0,False,6.813559322033898,0.7753711864406779,0.008708813559322032,89.03292981978126,1.0558,15.0,0.1542
hh02,1000000,ok,,1000000.0,False,6.892126296695199,0.8486493282693727,0.009537023978232527,88.98471160462059,1.4448297658862876,14.016722408026755,0.09572
vr8,1000000,ok,,1000000.0,False,2.9304461198344747,0.4881467093702169,0.005491482909132134,88.89160131199661,1.1433384615384614,10.996655518394647,0.0815
ag08,1000000,ok,,1000000.0,False,4.347457627118644,0.667064406779661,0.007509152542372881,88.83351390393643,1.2131,10.5,0.05828949218493054
s8064,1000000,ok,,1000000.0,False,3.9661016949152543,0.5603864406779662,0.006309152542372881,88.82119062970128,1.1836,15.0,0.1233003116694576
e186,1000000,ok,,1000000.0,False,4.946998469474519,0.6231461425089281,0.007024488974547927,88.71053036979558,1.0735421404682275,10.996655518394647,0.10268239951714138
goe372,1000000,ok,,1000000.0,False,1.0847457627118642,0.5659169491525423,0.006383163841807909,88.65775079216158,0.9315,5.0,0.06199887856146031
b737b,1000000,ok,,1000000.0,False,8.94915254237288,1.1166186440677965,0.012595084745762711,88.65511162546595,1.5665,15.0,0.1254468594217348
goe601,1000000,ok,,1000000.0,False,6.813559322033898,0.9708423728813559,0.01095271186440678,88.63945157147057,1.2854,15.0,0.16034689929648455
ag46ct02r,1000000,ok,,1000000.0,False,5.777336885664079,0.8001746499631541,0.009029484156226971,88.61798039828582,1.374108026755853,12.96655518394649,0.06083293485389402
jx-gs-10,1000000,ok,,1000000.0,False,4.051924494076301,0.6061249475653309,0.006841790147950798,88.59157244787359,1.302833110367893,12.96655518394649,0.07408397344028882
sc1012r8,1000000,ok,,1000000.0,False,8.23728813559322,1.1553779661016947,0.013051355932203388,88.52551199303923,1.6867,15.0,0.1200203727107361
e330,1000000,ok,,1000000.0,False,8.942180148517659,0.9814595317725754,0.01109061617822119,88.49459002105601,1.3170210702341136,13.013377926421406,0.11028070765409029
jx-gs-06,1000000,ok,,1000000.0,False,4.876084122215294,0.679810146817074,0.007682366645881753,88.48967748519219,1.2953762541806022,11.989966555183948,0.07099357922983782
as5045,1000000,ok,,1000000.0,False,5.033898305084746,0.8262728813559321,0.00934372881355932,88.4307429981135,1.5726,15.0,0.14992657411916854
rc08n1,1000000,ok,,1000000.0,False,3.877274530922284,0.5305315571679611,0.006000956294994615,88.4078355328927,1.1395976588628762,10.989966555183948,0.08015168854923553
ag46c03,1000000,ok,,1000000.0,False,6.841732328099313,0.8114754379003457,0.009200078793719178,88.2030965272095,1.3753408026755851,13.020066889632107,0.06024662136272416
v13009,1000000,ok,,1000000.0,False,7.169491525423728,0.8950508474576271,0.010150169491525423,88.18087699963263,1.553,15.0,0.08999546127798719
sc1094r8,1000000,ok,,1000000.0,False,8.94915254237288,1.1759898305084746,0.013343050847457627,88.13500330267772,1.7171,15.0,0.09403390887767075
jx-gs-04,1000000,ok,,1000000.0,False,5.142395555807495,0.6910667422481719,0.007849450711410919,88.0401403430119,1.335475585284281,13.013377926421406,0.06898946705198625
cast102,1000000,ok,,1000000.0,False,1.8305084745762707,0.4868474576271186,0.005531525423728813,88.01323691628876,1.422,15.0,0.12172777395480526
sc1095r8,1000000,ok,,1000000.0,False,9.915254237288135,1.1645423728813558,0.01324508474576271,87.92260640339877,1.6322,15.0,0.09338296666666666
e325,1000000,ok,,1000000.0,False,8.927725185647072,0.8821231109347542,0.010034229918938835,87.9113911143111,1.209699331103679,14.016722408026755,0.1262458880203516
nl722362,1000000,ok,,1000000.0,False,5.942690323677795,0.8692873930049316,0.009906187290969898,87.75196424938794,1.252278260869565,11.989966555183944,0.08614358920411244
rg149,1000000,ok,,1000000.0,False,4.968425826200329,0.741123388696786,0.008459987245620998,87.60336950630763,1.3237361204013378,13.03344481605351,0.08999969545181327
goe575,1000000,ok,,1000000.0,False,6.101694915254237,1.1074728813559322,0.012679830508474576,87.34130007619201,1.5317,15.0,0.13345405396161394
esa40,1000000,ok,,1000000.0,False,11.084745762711865,1.2027288135593222,0.013781355932203391,87.27216824498832,1.5688,15.0,0.10715835339638866
s4094,1000000,ok,,1000000.0,False,6.904030383765093,1.046149866787597,0.011990037979706365,87.25158907405039,1.6262725752508362,13.03344481605351,0.09902286548517905
s2050,1000000,ok,,1000000.0,False,4.095856243977098,0.6827734425486083,0.007825441868374809,87.2504650897633,1.3460197324414716,12.050167224080266,0.08928535306413438
ames03,1000000,ok,,1000000.0,False,7.881355932203389,0.9722627118644067,0.011159322033898305,87.12560753341432,1.4898,15.0,0.0999798
giiin,1000000,ok,,1000000.0,False,7.881355932203389,0.9968254237288136,0.01144593220338983,87.08992906961248,1.5917,15.0,0.08424492777743181
w1015,1000000,ok,,1000000.0,False,8.23728813559322,0.9712881355932202,0.011161525423728813,87.02109243314655,1.4501,15.0,0.14994750110497237
c141e,1000000,ok,,1000000.0,False,1.8305084745762707,0.44899661016949144,0.005159661016949152,87.0205636948952,1.4629,15.0,0.1050811628674076
e182,1000000,ok,,1000000.0,False,3.050847457627119,0.4537525423728814,0.005214745762711864,87.01335846848897,0.9976,9.0,0.08462681807180253
supermarine371i,1000000,ok,,1000000.0,False,3.9661016949152543,0.5397084745762712,0.006204406779661016,86.98792547669782,1.2374,15.0,0.13
ag09,1000000,ok,,1000000.0,False,4.479819738110084,0.6672792642140467,0.007671582109857717,86.98065857323172,1.1837471571906353,9.994983277591972,0.0486233395661265
s8065,1000000,ok,,1000000.0,False,3.0153619409330528,0.46199426336375476,0.0053146590329346405,86.92829784578889,1.183223076923077,12.996655518394647,0.10994390041861887
hq158,1000000,ok,,1000000.0,False,4.033898305084746,0.637628813559322,0.00734135593220339,86.8543657939696,0.9973,8.0,0.079572
ssca09,1000000,ok,,1000000.0,False,6.949152542372881,0.8607440677966101,0.009914745762711863,86.81453749764945,1.4595,15.0,0.08997457836752194
m5,1000000,ok,,1000000.0,False,4.970806643614306,0.6560263420441017,0.007558351000510173,86.79490301519753,1.2300418060200669,11.979933110367892,0.08208276727672767
goe491,1000000,ok,,1000000.0,False,3.06910039113429,0.6351946544980444,0.007319869621903521,86.77677162409115,1.2261685618729097,11.003344481605351,0.0485
n6h20,1000000,ok,,1000000.0,False,7.97658862876254,1.3721210702341136,0.015838127090301003,86.63404848382464,1.3721210702341136,7.97658862876254,0.1995
p51htip,1000000,ok,,1000000.0,False,3.047446289892863,0.4847241426223003,0.0055965001984014506,86.61201205009407,1.046410033444816,11.986622073578594,0.11998340846748284
hq1012,1000000,ok,,1000000.0,False,6.213593333711241,0.7989049827107307,0.009231069667252423,86.54522298156594,1.3111739130434783,14.016722408026755,0.11957999999999999
bacnlf,1000000,ok,,1000000.0,False,1.898305084745763,0.44680000000000003,0.005164745762711864,86.50958256760305,0.8155,6.0,0.10077286969618841
rg14a147,1000000,ok,,1000000.0,False,3.0526614137520554,0.5238763335411825,0.006057412278215522,86.4851704786905,1.0545979933110368,9.003344481605351,0.06995851509375645
fx63145,1000000,ok,,1000000.0,False,6.908621960206338,1.3436352984524687,0.015541363301400149,86.45543331011496,1.5769789297658863,11.989966555183948,0.14465875405580791
fx77w343,1000000,ok,,1000000.0,False,9.106286491695483,1.6675014284904486,0.019292378549968823,86.43316966705193,1.8318844481605352,12.963210702341136,0.34365663685723413
e168,1000000,ok,,1000000.0,False,5.93622810498271,0.7084916104529221,0.00819814126183323,86.42100542367241,1.2619515050167225,13.03344481605351,0.12431959319036039
sc1095,1000000,ok,,1000000.0,False,8.927725185647072,1.074923229975625,0.012451943200498838,86.32574150615805,1.4269468227424749,14.016722408026755,0.09494985889449872
rc12b3,1000000,ok,,1000000.0,False,6.813559322033898,0.980757627118644,0.011364406779661017,86.30082028337061,1.3794,15.0,0.11996507709707824
e361,1000000,ok,,1000000.0,False,8.94915254237288,1.0911220338983052,0.012645084745762711,86.28823419027961,1.3828,15.0,0.12107430052371641
s6062,1000000,ok,,1000000.0,False,2.8305084745762707,0.4871711864406779,0.005650338983050847,86.21981582025977,1.0571,9.0,0.0793935398707134
goe310,1000000,ok,,1000000.0,False,8.018252933507169,1.2172782155206618,0.014119267048353265,86.21398060904538,1.3603581939799332,11.979933110367892,0.08141819419419419
c141f,1000000,ok,,1000000.0,False,8.94915254237288,1.2190491525423728,0.014147627118644068,86.16633321752464,1.5765,15.0,0.09993627692102444
n63215b,1000000,ok,,1000000.0,False,8.94915254237288,1.1609627118644066,0.01348966101694915,86.06314943019764,1.5568,15.0,0.1504
e485,1000000,ok,,1000000.0,False,7.881355932203389,0.9002694915254236,0.010468305084745763,85.99954665414566,1.3168,15.0,0.12516919862470885
stcyr234,1000000,ok,,1000000.0,False,-1.7288135593220337,0.7145474576271187,0.008309661016949152,85.98996471332124,1.6706,15.0,0.16
e360,1000000,ok,,1000000.0,False,8.94915254237288,1.0836745762711864,0.012623898305084744,85.84310092506814,1.389,15.0,0.12228681849418063
e858,1000000,ok,,1000000.0,False,7.169491525423728,1.1531474576271186,0.01345593220338983,85.69807280513919,1.6893,15.0,0.2269730786249149
giiim,1000000,ok,,1000000.0,False,6.864406779661017,0.8890745762711865,0.010377627118644069,85.67224145815639,1.5379,15.0,0.08507209350491757
goe522,1000000,ok,,1000000.0,False,7.169491525423728,1.1699084745762711,0.013665084745762711,85.6129688430244,1.5789,15.0,0.21818208606749145
usa31,1000000,ok,,1000000.0,False,3.9661016949152543,1.0163,0.011878135593220339,85.56056563119819,1.6525,15.0,0.14855131463021404
fx38153,1000000,ok,,1000000.0,False,1.1186440677966099,0.5366694915254238,0.006286779661016949,85.36476868327404,1.4664,15.0,0.15536330130192189
naca2408,1000000,ok,,1000000.0,False,2.035258772178448,0.46648581713054815,0.005468657105606259,85.30171267317614,1.3693749163879598,12.963210702341136,0.08004388468765333
ms313,1000000,ok,,1000000.0,False,7.881355932203389,1.2408406779661016,0.014587118644067797,85.06413831567205,1.757,15.0,0.13134880000000002
s8038,1000000,ok,,1000000.0,False,7.881355932203389,0.9875593220338982,0.01161415254237288,85.03068290440505,1.4043,15.0,0.1299851362014936
fx63158,1000000,ok,,1000000.0,False,5.847457627118644,1.2350220338983051,0.014529491525423729,85.00104988101349,1.5742,15.0,0.15813356388088376
oaf128,1000000,ok,,1000000.0,False,7.881355932203389,1.0662847457627118,0.012545254237288136,84.99506870043368,1.7465,15.0,0.12780753643290427
hq1010,1000000,ok,,1000000.0,False,4.970806643614306,0.6842434839294822,0.00805292387052888,84.96832888655436,1.1762916387959865,11.979933110367892,0.0996
usa33,1000000,ok,,1000000.0,False,6.892126296695199,1.0221519301626893,0.012030173459554446,84.9656851249214,1.3119361204013378,14.016722408026755,0.14193432518469204
vr15,1000000,ok,,1000000.0,False,6.813559322033898,0.8479677966101695,0.00999237288135593,84.86150453735902,1.3722,15.0,0.079557
m4,1000000,ok,,1000000.0,False,4.033898305084746,0.5417813559322034,0.006392881355932203,84.74760061509095,1.0892,10.0,0.06277355031294392
e838,1000000,ok,,1000000.0,False,5.745762711864407,0.6513677966101695,0.007689830508474576,84.70509147013446,1.0305,15.0,0.183672906701142
hq159b,1000000,ok,,1000000.0,False,3.794682841108779,0.6163786293294028,0.007279778924097271,84.66996535967428,1.25988762541806,10.996655518394647,0.08951704666559018
isa960,1000000,ok,,1000000.0,False,7.0278328892919895,1.2964953970863329,0.015349845246868091,84.46309237878887,1.4956765886287626,10.013377926421402,0.09444794868529474
naca651212,1000000,ok,,1000000.0,False,2.8375942406893024,0.4947840882036164,0.005858030157020577,84.46253688377494,1.1898397993311036,11.979933110367892,0.11993469036682022
eh1090,1000000,ok,,1000000.0,False,4.847457627118644,0.6294525423728813,0.007473898305084745,84.22011066763424,1.0374,10.0,0.08990077452476758
m685,1000000,ok,,1000000.0,False,4.856527407743325,0.7262597641857037,0.008623571792982256,84.21797621917219,1.2340745819397994,14.016722408026755,0.10208500000000001
l1003,1000000,ok,,1000000.0,False,5.876877728019954,1.0423577574967406,0.012389549345275211,84.1320154953212,1.1457672240802674,6.976588628762542,0.17685
naca1412,1000000,ok,,1000000.0,False,5.033898305084746,0.7240593220338983,0.00863135593220339,83.88708885616103,1.4789,15.0,0.12003801044123691
goe513,1000000,ok,,1000000.0,False,7.881355932203389,1.2523355932203388,0.014930677966101695,83.87667298588958,1.6139,15.0,0.16616117301811537
n64212,1000000,ok,,1000000.0,False,3.16019500028343,0.5318277535287114,0.006343496400430814,83.83826835506562,1.2676926421404682,14.016722408026755,0.11961505004880077
m27,1000000,ok,,500000.0,True,5.0,1.0518,0.01255,83.80876494023904,1.0518,5.0,0.11945161335237348
goe404,1000000,ok,,1000000.0,False,3.0,0.8212,0.0098,83.79591836734694,0.8212,3.0,0.13184007757213922
npl9615,1000000,ok,,1000000.0,False,6.813559322033898,0.8879677966101694,0.010601864406779661,83.75581525475212,1.3217,15.0,0.11300131212956485
e226,1000000,ok,,1000000.0,False,4.056572756646448,0.5842042004421517,0.006977504676605633,83.72680886920612,1.1488434782608696,11.979933110367892,0.10177398980746438
giiif,1000000,ok,,1000000.0,False,2.898305084745763,0.42316779661016957,0.005061016949152543,83.61319490957804,1.0171,9.0,0.08262167613797747
naca64210,1000000,ok,,1000000.0,False,2.844169831642196,0.4907768437163425,0.005874293407403208,83.54653226851593,1.203991304347826,11.993311036789297,0.09975440144568071
giiig,1000000,ok,,1000000.0,False,3.0169491525423737,0.43898400884303623,0.005259305028059636,83.46806403145524,0.9424,8.0,0.08286101078872055
pfcm,1000000,ok,,1000000.0,False,2.1355932203389827,0.4180847457627118,0.0050149152542372875,83.36825740164932,1.0596,9.0,0.08193
m10,1000000,ok,,1000000.0,False,2.898305084745763,0.4735762711864407,0.005681694915254238,83.35123202672871,1.0721,9.0,0.061889764
s1048,1000000,ok,,1000000.0,False,6.904030383765093,0.7678026500765263,0.009218349016495665,83.29068998175171,1.17263745819398,13.03344481605351,0.13969973202322464
n64212ma,1000000,ok,,1000000.0,False,7.169491525423728,1.0389474576271187,0.012482033898305085,83.23542990603444,1.4992,15.0,0.11962848305476545
trainer60,1000000,ok,,1000000.0,False,8.23728813559322,1.0021593220338982,0.012041525423728813,83.22527975226969,1.5164,15.0,0.1830265113212955
goe512,1000000,ok,,1000000.0,False,11.03474859701831,1.4594712587154923,0.0175538400600873,83.14256332059995,1.5462785953177258,12.963210702341136,0.13908445542308195
s8035,1000000,ok,,1000000.0,False,8.94915254237288,1.036177966101695,0.012463389830508473,83.13773220551039,1.3003,15.0,0.1400242343541944
hq109,1000000,ok,,1000000.0,False,4.064905617595375,0.5876256561419422,0.007091901819624738,82.8586846078244,1.107372575250836,10.96655518394649,0.08979999999999999
nlr1t,1000000,ok,,1000000.0,False,6.102601893316706,0.8478291139958053,0.010244928858908226,82.7559786575381,1.3542351170568563,13.03010033444816,0.08699888941736028
hq108,1000000,ok,,1000000.0,False,2.898305084745763,0.46240508474576275,0.005590338983050848,82.7150350180396,1.0025,9.0,0.07972
rae5215,1000000,ok,,1000000.0,False,7.881355932203389,1.0911966101694914,0.013250847457627118,82.34919416730621,1.5886,15.0,0.09647792207792208
mh23,1000000,ok,,1000000.0,False,3.898305084745763,0.6520627118644068,0.007929661016949153,82.23084321898044,0.9542,8.0,0.07984080083775905
naca633018,1000000,ok,,1000000.0,False,6.101694915254237,0.7041847457627118,0.00857542372881356,82.1166123134697,1.2059,15.0,0.18012252315554136
eiffel430,1000000,ok,,1000000.0,False,7.169491525423728,1.1020129943502825,0.013438022598870057,82.00708000319526,1.6734,15.0,0.0970602869473576
clarkys,1000000,ok,,1000000.0,False,7.226631143359221,0.7807174820021541,0.00952388413355252,81.97469341859133,1.245752508361204,13.03344481605351,0.117
rae5213,1000000,ok,,1000000.0,False,7.881355932203389,1.0610491525423729,0.012943728813559322,81.9739943431804,1.4953,15.0,0.09948527272727273
giiil,1000000,ok,,1000000.0,False,7.203389830508474,0.9117796610169491,0.011128305084745762,81.93338105609455,1.4812,15.0,0.08545399104394796
rae5214,1000000,ok,,1000000.0,False,7.881355932203389,1.0561016949152542,0.012892542372881356,81.91570478268872,1.5012,15.0,0.09666158441558442
naca662215,1000000,ok,,1000000.0,False,2.898305084745763,0.5047932203389831,0.006164237288135593,81.89062113338284,1.1542,15.0,0.149896254992115
c141c,1000000,ok,,1000000.0,False,2.898305084745763,0.48710000000000003,0.00595,81.8655462184874,1.3824,15.0,0.10984653127297939
ag10,1000000,ok,,1000000.0,False,4.931919959185988,0.7040248115186215,0.008606942350206906,81.7973192886202,1.2347826086956524,10.973244147157192,0.04727162740815382
nl722343,1000000,ok,,1000000.0,False,5.978969446176521,0.8450343858057934,0.010392159741511251,81.31460705230717,1.3435648829431437,12.993311036789297,0.0861154422885594
goe410,1000000,ok,,1000000.0,False,8.94915254237288,0.9999711864406778,0.012302033898305084,81.28502934611888,1.4025,15.0,0.161
doa5,1000000,ok,,1000000.0,False,1.1186440677966099,0.5057745762711864,0.006226779661016949,81.22570635309488,1.3989,15.0,0.1620459519038076
c141d,1000000,ok,,1000000.0,False,2.186440677966102,0.4451898305084746,0.005481694915254238,81.21390142848307,1.4559,15.0,0.10762492447002964
giiih,1000000,ok,,1000000.0,False,3.1491412051470995,0.4597436143075788,0.005664076299529503,81.16833001451062,1.2229010033444816,11.993311036789297,0.08321936350016676
p51dtip,1000000,ok,,1000000.0,False,2.956635111388243,0.48174772972053737,0.005936504733291764,81.15006242964967,1.0566879598662207,10.013377926421402,0.11405037761322084
dfvlrr4,1000000,ok,,1000000.0,False,8.94915254237288,1.3665237288135592,0.01685101694915254,81.09443678900836,1.7466,15.0,0.13381410907677332
naca633218,1000000,ok,,1000000.0,False,7.881355932203389,1.0193711864406778,0.012591016949152543,80.9601949197033,1.2727,15.0,0.17997446372837506
goe587,1000000,ok,,1000000.0,False,1.915254237288135,0.46100338983050837,0.005698983050847458,80.89221984296928,0.9197,7.0,0.05799987
c5c,1000000,ok,,1000000.0,False,1.8305084745762707,0.4159101694915254,0.005144915254237288,80.83907099324658,1.4999,15.0,0.11103254796464197
sc20710,1000000,ok,,1000000.0,False,-0.8154866504166431,0.44704721954537724,0.005536110764695879,80.75113352070646,1.5520852842809365,11.993311036789297,0.0998
goe235,1000000,ok,,1000000.0,False,5.033898305084746,0.8817694915254236,0.010933898305084747,80.64548132072545,1.5603,15.0,0.065432783465543
tempest1,1000000,ok,,1000000.0,False,5.033898305084746,0.5915864406779661,0.0073386440677966095,80.61249942260612,1.2059,15.0,0.14496858045339123
npl9660,1000000,ok,,1000000.0,False,7.169491525423728,0.8580915254237288,0.010646949152542372,80.59506184631549,1.3944,15.0,0.11300131212956485
hq1585,1000000,ok,,1000000.0,False,3.8139561249362277,0.6118793605804659,0.0076069803299132705,80.43656405608743,1.2024160535117057,11.03010033444816,0.08560000000000001
w1011,1000000,ok,,1000000.0,False,7.881355932203389,0.8818016949152542,0.0109664406779661,80.4091063645637,1.4108,15.0,0.10998391227110715
npl9627,1000000,ok,,1000000.0,False,10.016949152542374,1.160827118644068,0.014446101694915257,80.35573493523559,1.4884,15.0,0.12155189800512892
joukowsk,1000000,ok,,1000000.0,False,7.881355932203389,0.8841745762711865,0.011015762711864406,80.26449002200238,1.417,15.0,0.118
ah93w300,1000000,ok,,1000000.0,False,6.101694915254237,1.082957627118644,0.013495762711864407,80.24427001569859,1.5575,15.0,0.29982737583892616
s8066,1000000,ok,,1000000.0,False,3.1491412051470995,0.45879899665551827,0.005723540048750069,80.16000460339448,1.150115050167224,11.993311036789297,0.09992758646546587
goe11k,1000000,ok,,1000000.0,False,4.932203389830509,0.8562949152542373,0.010688474576271185,80.11385620500461,1.1942,10.0,0.0745
goe416a,1000000,ok,,1000000.0,False,4.956635111388245,0.7488385352304293,0.009350537951363303,80.08507522513707,1.269179264214047,12.013377926421406,0.11666475624595207
mh33,1000000,ok,,1000000.0,False,3.9661016949152543,0.5910305084745763,0.0073822033898305085,80.06153139708415,0.9971,9.0,0.0726772819840604
n5h20,1000000,ok,,1000000.0,False,7.029023297998979,0.8787039056742815,0.010981659202993026,80.01558684636586,0.8982200668896321,7.97658862876254,0.19899999999999998
ag47c03,1000000,ok,,1000000.0,False,7.004534890312341,0.7904721727793209,0.009889967688906525,79.92666888750156,1.2786648829431437,12.953177257525084,0.05059264283555285
ms317,1000000,ok,,1000000.0,False,7.881355932203389,1.2435338983050845,0.015607118644067797,79.67735279424859,1.7067,15.0,0.170014
naca63209,1000000,ok,,1000000.0,False,2.8375942406893024,0.48552859815203203,0.006094601779944447,79.66535233684417,1.1785494983277591,11.979933110367892,0.08999894715852444
e837,1000000,ok,,1000000.0,False,5.033898305084746,0.5720050847457626,0.00718593220338983,79.60067929334622,1.0716,15.0,0.1610412048192771
goe510,1000000,ok,,1000000.0,False,5.0,0.8552,0.01075,79.55348837209303,0.8552,5.0,0.13722114698381632
giiik,1000000,ok,,1000000.0,False,6.813559322033898,0.8671677966101695,0.010905593220338981,79.51587585285114,1.4639,15.0,0.08533823625521893
s8023,1000000,ok,,1000000.0,False,7.86111898418457,0.871514738393515,0.010960286831812256,79.51568711358371,1.3879872909698996,13.946488294314381,0.07593374662983442
ag47ct02r,1000000,ok,,1000000.0,False,5.277648659373051,0.705047230882603,0.008877602176747351,79.41865571869137,1.2806394648829433,11.983277591973245,0.04991365017618022
ht23,1000000,ok,,1000000.0,False,5.303270789637775,0.6666081514653363,0.008397611813389261,79.38068182700319,1.4047702341137125,13.996655518394647,0.06507682131415135
s8025,1000000,ok,,1000000.0,False,6.904030383765093,0.7883135933337112,0.009939078283544017,79.31455723001098,1.323071237458194,13.03344481605351,0.07980275510204081
goe506,1000000,ok,,1000000.0,False,5.874326852219262,0.992748840768664,0.012525691287341987,79.25701009188214,1.3686765886287626,14.016722408026755,0.16463623591452803
giiie,1000000,ok,,1000000.0,False,2.983050847457627,0.40179322033898307,0.005072542372881356,79.20943597968457,1.1193,11.0,0.08775098007429986
e477,1000000,ok,,1000000.0,False,7.169491525423728,0.7606796610169491,0.009604915254237288,79.19691542112972,1.2202,15.0,0.15345213569447408
rc10b3,1000000,ok,,1000000.0,False,6.813559322033898,0.9342745762711864,0.01180186440677966,79.1633037009378,1.3743,15.0,0.09972366130308626
giiij,1000000,ok,,1000000.0,False,3.9661016949152543,0.5890033898305085,0.007445423728813559,79.10945183026772,1.4017,15.0,0.084860013329
tempest2,1000000,ok,,1000000.0,False,4.000623547417947,0.5192302477183833,0.0065793248682047495,78.91846931401972,1.1460247491638798,13.03344481605351,0.11996259024427547
sc20712,1000000,ok,,1000000.0,False,-0.2324698146363584,0.5248533983334278,0.006661737429850915,78.78626317236488,1.7129066889632107,14.016722408026755,0.1199
fx63143,1000000,ok,,1000000.0,False,6.101694915254237,0.9588830508474575,0.012178135593220339,78.7380829772724,1.318,15.0,0.14317455331412104
e476,1000000,ok,,1000000.0,False,7.169491525423728,0.7554525423728813,0.009603559322033899,78.66380755722629,1.1979,15.0,0.1672531675953708
c5d,1000000,ok,,1000000.0,False,1.8305084745762707,0.41726440677966103,0.0053081355932203395,78.60846797368924,1.493,15.0,0.11054232491681759
naca64206,1000000,ok,,1000000.0,False,2.0169491525423737,0.38397157190635456,0.004886126069950686,78.58404928758415,0.6889,5.0,0.05989905600022401
mi-vawt1,1000000,ok,,1000000.0,False,8.94915254237288,1.1707101694915254,0.014911864406779659,78.50863832689248,1.6004,15.0,0.2099847631000045
n5h10,1000000,ok,,1000000.0,False,3.9637208775012756,0.48276734312113834,0.006154037186100561,78.44725803924474,1.1479314381270904,12.963210702341136,0.09899999999999999
nasasc2-0714,1000000,ok,,1000000.0,False,-0.30508474576271194,0.5431593220338983,0.006946101694915254,78.19628129422672,1.756,15.0,0.1393333333333333
giiii,1000000,ok,,1000000.0,False,3.3554220282296914,0.4998777563630179,0.006397771668272772,78.1331035682259,1.3531675585284282,13.03344481605351,0.0845133108995201
naca0015,1000000,ok,,1000000.0,False,8.94915254237288,1.0310220338983052,0.013222203389830506,77.97656740716054,1.3764,15.0,0.15003591794723525
naca0018,1000000,ok,,1000000.0,False,10.016949152542374,1.103006779661017,0.01414762711864407,77.96408333433168,1.3599,15.0,0.18004310153668227
ys920,1000000,ok,,1000000.0,False,1.101694915254238,0.4119084745762712,0.00528542372881356,77.93291431503334,0.6584,4.0,0.09050190959305696
naca1410,1000000,ok,,1000000.0,False,4.177994444759367,0.6063288872512896,0.007783431778243863,77.89994240665042,1.445577591973244,14.016722408026755,0.1000316745217622
nacam12,1000000,ok,,1000000.0,False,6.101694915254237,0.8482338983050848,0.010892542372881356,77.8729032458843,1.4737,15.0,0.1193
goe599,1000000,ok,,1000000.0,False,7.871832662547474,1.0371217164559832,0.013336199195056969,77.76741343518549,1.3320090301003344,13.03344481605351,0.09970389865016702
sc20612,1000000,ok,,1000000.0,False,6.101694915254237,1.1153033898305085,0.014343559322033898,77.75638980467227,1.6541,15.0,0.12
naca64208,1000000,ok,,1000000.0,False,2.0338983050847457,0.39482203389830506,0.005090338983050847,77.56301401791363,0.9888,8.0,0.07983705213691218
naca64a210,1000000,ok,,1000000.0,False,2.066209398560172,0.40332675585284283,0.005201893883566691,77.53459891348281,1.2093759197324414,10.996655518394647,0.09989661378582058
e862,1000000,ok,,1000000.0,False,10.016949152542374,1.1346186440677966,0.014634237288135595,77.53179217530285,1.3894,15.0,0.32340490664145594
tempest3,1000000,ok,,1000000.0,False,3.214897114676038,0.47721890482398954,0.006159623037242786,77.47534255563887,1.0550314381270902,10.989966555183944,0.09997765471138037
fx76120,1000000,ok,,1000000.0,False,8.23728813559322,0.9611423728813558,0.012409491525423729,77.45219624125873,1.3424,15.0,0.1206831677852349
k1,1000000,ok,,1000000.0,False,5.033898305084746,0.8463983050847457,0.010947966101694915,77.3110089328565,1.6192,15.0,0.11591770650530944
naca66210,1000000,ok,,1000000.0,False,2.040700640553257,0.3999578028456437,0.005188292046936115,77.08852917827438,1.078981939799331,10.033444816053512,0.09999859178077983
wb140,1000000,ok,,1000000.0,False,5.885040530582165,1.0562432571849667,0.013703434045689019,77.07872739514163,1.353941806020067,11.979933110367892,0.13925
goe518,1000000,ok,,1000000.0,False,6.101694915254237,1.172635593220339,0.015218474576271186,77.0534252525365,1.727,15.0,0.1799083868266887
sc20518,1000000,ok,,1000000.0,False,7.881355932203389,1.2737796610169492,0.01653406779661017,77.03970230956115,1.7309,15.0,0.17980000000000002
mh95,1000000,ok,,1000000.0,False,6.813559322033898,0.8326305084745762,0.010811016949152543,77.01685349220035,1.3701,15.0,0.15843908570632156
c5b,1000000,ok,,1000000.0,False,1.8305084745762707,0.4059338983050847,0.0052716949152542365,77.002539947915,1.4687,15.0,0.11549868031407406
sc20614,1000000,ok,,1000000.0,False,6.813559322033898,1.2107830508474575,0.015733220338983053,76.95710253592742,1.7318,15.0,0.13990000000000002
mh49,1000000,ok,,1000000.0,False,5.291026585794457,0.5439129244373903,0.007067809081117852,76.95636910885041,1.1510127090301003,13.03344481605351,0.10486431204916805
sc20714,1000000,ok,,1000000.0,False,6.813559322033898,1.2878118644067797,0.01674135593220339,76.92398809403285,1.7695,15.0,0.1396
naca66209,1000000,ok,,1000000.0,False,1.9322033898305087,0.3840610169491525,0.004993728813559322,76.90866510538642,0.8325,7.0,0.08997904773434784
goe406,1000000,ok,,1000000.0,False,4.0,0.7881,0.01025,76.88780487804878,0.7881,4.0,0.11689772205280528
mh126,1000000,ok,,1000000.0,False,2.898305084745763,0.8902169491525425,0.01158457627118644,76.84501602071721,1.509,15.0,0.17851286987106482
c5e,1000000,ok,,1000000.0,False,7.881355932203389,1.0258559322033898,0.013352203389830508,76.83046028078905,1.5683,15.0,0.10781224506400294
goe199,1000000,ok,,500000.0,True,4.0,0.9347,0.01217,76.80361544782251,0.9347,4.0,0.07329777821057894
glennmartin3,1000000,ok,,1000000.0,False,6.813559322033898,1.1829881355932204,0.015405254237288135,76.79121145107877,1.6698,15.0,0.13770000000000002
usa49,1000000,ok,,1000000.0,False,5.922226631143358,0.7936615894790544,0.01036489144606315,76.57210821831688,1.1540421404682273,9.986622073578594,0.0725
b707e,1000000,ok,,1000000.0,False,5.915254237288136,0.8347949152542373,0.010907457627118644,76.53432576063648,1.1184,11.0,0.0900887
usa48,1000000,ok,,1000000.0,False,3.2542372881355934,0.6288762711864406,0.008219322033898305,76.51193962139645,1.3686,15.0,0.14900000000000002
glennmartin4,1000000,ok,,1000000.0,False,6.963550819114561,1.1781678986452016,0.015427924720820814,76.36593514454998,1.4283023411371236,10.996655518394647,0.1549
c141b,1000000,ok,,1000000.0,False,2.898305084745763,0.45555593220338986,0.005974237288135594,76.25340444847934,1.3817,15.0,0.1264130864760384
sc20606,1000000,ok,,1000000.0,False,-0.05084745762711851,0.3726542372881356,0.004889491525423729,76.21533555185802,0.6935,3.0,0.06
sd8020,1000000,ok,,1000000.0,False,6.170738620259623,0.7498079247208209,0.009867570999376454,75.98708180242153,1.1912127090301003,13.946488294314381,0.1009853306227263
naca65210,1000000,ok,,1000000.0,False,2.0338983050847457,0.4015305084745763,0.005284745762711865,75.97915330339961,0.9636,8.0,0.09991743506870729
goe459,1000000,ok,,1000000.0,False,10.016949152542374,1.124850847457627,0.014806101694915256,75.97211410778881,1.2628,15.0,0.127
eh3012,1000000,ok,,1000000.0,False,7.842072444872738,1.0341651096876594,0.013626279689360012,75.89489818671345,1.15508127090301,10.013377926421402,0.11976
mh94,1000000,ok,,1000000.0,False,8.94915254237288,1.0412983050847457,0.013731694915254238,75.83173901773701,1.4098,15.0,0.16016579758954022
rae5212,1000000,ok,,1000000.0,False,7.881355932203389,1.0419796610169492,0.013747966101694915,75.79155005979312,1.5373,15.0,0.11938871611683127
naca1408,1000000,ok,,1000000.0,False,6.907544923757157,0.86381070800975,0.011425695822232301,75.60245970568667,1.2519016722408027,11.986622073578594,0.08002533906372403
s6063,1000000,ok,,1000000.0,False,1.8364605181112177,0.36348438864009974,0.00480954367666232,75.57564980724888,1.0199702341137122,9.943143812709028,0.06962312325380104
naca001264a08cli0.2,1000000,ok,,1000000.0,False,6.123689133269087,0.9456311887081229,0.012517085199251739,75.54723593034679,1.3303341137123745,13.97658862876254,0.10960326198692547
sc20414,1000000,ok,,1000000.0,False,7.881355932203389,1.175649152542373,0.01556220338983051,75.54516048226363,1.6855,15.0,0.14
giiib,1000000,ok,,1000000.0,False,5.885040530582165,0.682352910832719,0.009034583640383197,75.5267689130362,1.1508153846153846,11.979933110367892,0.10444867260883381
hs1620,1000000,ok,,1000000.0,False,2.186440677966102,0.7597745762711865,0.010063728813559322,75.49632848288871,1.7254,15.0,0.20016
n0012,1000000,ok,,1000000.0,False,7.169491525423728,0.8405864406779661,0.011134915254237288,75.49104968339016,1.381,15.0,0.12003129744677939
naca65209,1000000,ok,,1000000.0,False,1.8644067796610173,0.3802694915254238,0.005037966101694916,75.48075629121249,1.1157,10.0,0.089918430331873
ht22,1000000,ok,,1000000.0,False,5.972847344254861,0.7394294994614817,0.009796602233433479,75.47815883939681,1.3882829431438126,12.983277591973245,0.05078891332390381
naca671215,1000000,ok,,1000000.0,False,3.2542372881355934,0.5015508474576271,0.006649491525423729,75.4269473898858,1.0805,15.0,0.14994
fx83w227,1000000,ok,,1000000.0,False,9.661016949152541,1.1595282485875704,0.01537502824858757,75.41633288993084,1.4098,15.0,0.22643988182689234
s4095,1000000,ok,,1000000.0,False,7.86111898418457,1.1650231166033673,0.01545278895754209,75.39241749850929,1.6824759197324415,13.946488294314381,0.09696697546781775
sc20412,1000000,ok,,1000000.0,False,7.881355932203389,1.1426830508474577,0.015170508474576272,75.32265993341228,1.6257,15.0,0.12
e228,1000000,ok,,1000000.0,False,5.942690323677795,0.7036010827050618,0.009362058840201802,75.15452473805382,1.0810458193979933,11.989966555183944,0.10063157125112185
n66021,1000000,ok,,1000000.0,False,5.033898305084746,0.5671322033898305,0.007547457627118644,75.14215135863464,0.8625,15.0,0.21
rae69ck,1000000,ok,,1000000.0,False,2.035258772178448,0.44432167677569306,0.005913465789921206,75.13727018307709,1.2585715719063546,12.963210702341136,0.12108702547504699
rae2822,1000000,ok,,1000000.0,False,2.035258772178448,0.44432167677569306,0.005913465789921206,75.13727018307709,1.2585715719063546,12.963210702341136,0.12108702547504699
b707d,1000000,ok,,1000000.0,False,7.016949152542374,0.9373949152542373,0.012483220338983053,75.09239521527202,1.1064,10.0,0.0897
goe55,1000000,ok,,1000000.0,False,6.101694915254237,0.8740067796610169,0.011658813559322034,74.96532775088316,1.6303,15.0,0.061621737042225344
m665,1000000,ok,,1000000.0,False,2.9994898248398627,0.4996806700300438,0.006669938212119497,74.9153371649092,1.1340944816053513,12.963210702341136,0.078065
sc20610,1000000,ok,,1000000.0,False,0.09942747009806663,0.44512572416529667,0.005944248058500083,74.8834368593991,1.5225040133779264,11.993311036789297,0.0998
eh2510,1000000,ok,,1000000.0,False,6.881355932203389,0.8992661016949153,0.012013050847457627,74.85742906725736,0.9861,8.0,0.09994
goe143,1000000,ok,,1000000.0,False,2.0,0.6225,0.00832,74.81971153846155,0.6225,2.0,0.07442492565093833
goe16k,1000000,ok,,1000000.0,False,3.9661016949152543,0.9459305084745763,0.012643559322033898,74.81520704585975,1.304,15.0,0.1815
hsnlf213,1000000,ok,,1000000.0,False,3.9661016949152543,0.5653932203389831,0.007557966101694916,74.80758880516684,1.3938,15.0,0.13251878921157953
c141a,1000000,ok,,1000000.0,False,2.898305084745763,0.4502610169491526,0.006019322033898305,74.80261305400688,1.3709,15.0,0.1298976612811732
fxl142k,1000000,ok,,1000000.0,False,8.94915254237288,0.9786966101694914,0.013084915254237287,74.7957928006114,1.3273,15.0,0.14198190104166666
n0009sm,1000000,ok,,1000000.0,False,7.871832662547474,0.8982263420441018,0.012009269315798423,74.7944207448548,1.2014354515050167,13.03344481605351,0.09015811887655127
giiid,1000000,ok,,1000000.0,False,4.970806643614306,0.5966345473612605,0.00799420526047276,74.63337854374493,1.1347745819397992,11.979933110367892,0.0971012251912958
b540ols,1000000,ok,,1000000.0,False,7.881355932203389,0.8891728813559321,0.011915762711864408,74.62156664722698,1.4315,15.0,0.09708834285714286
s9026,1000000,ok,,1000000.0,False,6.813559322033898,0.7654118644067797,0.010261864406779661,74.58799240234536,1.3163,15.0,0.094992697280428
naca0021,1000000,ok,,1000000.0,False,8.94915254237288,0.9002372881355931,0.012075593220338982,74.55015018386997,1.3294,15.0,0.21005028512612933
ht14,1000000,ok,,1000000.0,False,6.904030383765093,0.7707721330990307,0.010341957372031065,74.52865114137076,1.3203759197324416,13.03344481605351,0.07489598956598957
fx76100,1000000,ok,,1000000.0,False,6.892126296695199,0.8211957031914291,0.011029472819001192,74.45466493889914,1.2838836120401338,14.016722408026755,0.10064622818791946
amsoil2,1000000,ok,,1000000.0,False,7.881355932203389,0.9803067796610169,0.013166949152542372,74.45208212653665,1.5124,15.0,0.11761908272181454
vr1,1000000,ok,,1000000.0,False,6.101694915254237,0.8494050847457627,0.011408983050847457,74.45055189933593,1.3128,15.0,0.10966168947499377
goe775,1000000,ok,,1000000.0,False,8.94915254237288,0.8848423728813559,0.01190813559322034,74.30570184178313,1.3241,15.0,0.21000000000000002
usa32,1000000,ok,,1000000.0,False,3.229635508191146,0.8635055949209229,0.011635042798027323,74.21593628064068,1.6900448160535118,12.983277591973245,0.14720906404980066
rc1264c,1000000,ok,,1000000.0,False,8.94915254237288,1.0802983050847457,0.014566440677966102,74.16350562006934,1.4021,15.0,0.11999726963764856
n13,1000000,ok,,1000000.0,False,8.94915254237288,1.0385016949152541,0.014012881355932203,74.11050365281338,1.2101,15.0,0.118
mh24,1000000,ok,,1000000.0,False,4.879541976078453,0.6754002890992573,0.009119312964117679,74.0626285945878,1.0212240802675585,8.996655518394649,0.08998362867586804
prandtl-d-wingtip,1000000,ok,,1000000.0,False,5.811235190748823,0.6896520605407855,0.009338381044158493,73.85135145799055,1.0955936454849498,10.996655518394647,0.09631756214915799
s9032,1000000,ok,,1000000.0,False,6.892126296695199,0.7677901876310866,0.010425157870869,73.64782357651595,1.3580107023411372,14.016722408026755,0.08999911724137931
rae100,1000000,ok,,1000000.0,False,6.856414035485518,0.7759039396859589,0.010536260982937477,73.64129845895667,1.2671508361204014,12.963210702341136,0.099956
npl9626,1000000,ok,,1000000.0,False,8.23728813559322,0.9683101694915254,0.013159491525423728,73.58264319109749,1.3697,15.0,0.12061904190382244
fx79l120,1000000,ok,,1000000.0,False,7.169491525423728,0.8156593220338983,0.011097118644067795,73.50190154720268,1.3284,15.0,0.12065884381986586
mh26,1000000,ok,,1000000.0,False,2.7853296298395787,0.5050676889065245,0.006876009296525141,73.45360762699455,1.1416371237458194,12.013377926421406,0.10978946847614088
goe703,1000000,ok,,1000000.0,False,7.881355932203389,0.8555474576271186,0.011658305084745763,73.38523493835775,1.3159,15.0,0.194
naca661212,1000000,ok,,1000000.0,False,2.228104982710729,0.4215872909698995,0.005760569128734196,73.18500681937608,1.1247622073578594,11.979933110367892,0.11999787168046706
giiic,1000000,ok,,1000000.0,False,5.013661357065924,0.5896162575817695,0.008059215463975963,73.16050305607365,1.1349829431438128,12.050167224080266,0.09929403484434812
stcyr172,1000000,ok,,1000000.0,False,8.94915254237288,1.0404559322033897,0.014228644067796609,73.12403959546867,1.297,15.0,0.1356
vr8b,1000000,ok,,1000000.0,False,3.2076412901762943,0.43565300153052555,0.0059675250836120405,73.00396653998348,1.1969103678929767,10.976588628762542,0.0815
naca66206,1000000,ok,,1000000.0,False,5.0,0.6549,0.00898,72.92873051224944,0.6549,5.0,0.059999760099116534
tsagi8,1000000,ok,,1000000.0,False,3.9491525423728824,0.5981194915254238,0.00820898305084746,72.86158197922903,0.847,7.0,0.0795
oaf139,1000000,ok,,1000000.0,False,10.016949152542374,1.017820338983051,0.013971186440677966,72.85138905738202,1.502,15.0,0.1366486465742879
ea61009,1000000,ok,,1000000.0,False,9.889575420894507,1.0682716739413867,0.014678471175103451,72.77812935677599,1.3312919732441473,13.946488294314381,0.09
mh25,1000000,ok,,1000000.0,False,4.896321070234114,0.6614001672240803,0.009106254180602007,72.63141947355084,1.105890635451505,10.996655518394649,0.09976406169340198
n14,1000000,ok,,1000000.0,False,10.016949152542374,1.1140779661016948,0.01543084745762712,72.19810636848926,1.285,15.0,0.1148
giiia,1000000,ok,,1000000.0,False,6.904030383765093,0.7843654101241426,0.010870844056459387,72.15312868535518,1.1549130434782608,13.03344481605351,0.11007808378159073
goe481a,1000000,ok,,1000000.0,False,6.0,0.8832,0.01225,72.09795918367347,0.8832,6.0,0.15315942245336298
e520,1000000,ok,,1000000.0,False,6.101694915254237,0.6804322033898305,0.009486440677966102,71.72681793818116,1.2117,15.0,0.14998860306643952
sc20012,1000000,ok,,1000000.0,False,8.94915254237288,0.9824898305084745,0.013699999999999999,71.7145861685018,1.3883,15.0,0.12
s9027,1000000,ok,,1000000.0,False,6.170738620259623,0.689166532509495,0.009619522702794628,71.64248724204174,1.3076217391304348,13.946488294314381,0.0799989516864175
rc08b3,1000000,ok,,1000000.0,False,5.978969446176521,0.7732734878975115,0.010818276741681312,71.47843472317514,1.2427759197324415,12.993311036789297,0.07999618239660658
naca4424,1000000,ok,,1000000.0,False,7.881355932203389,1.1162847457627119,0.015625593220338983,71.43951144905685,1.3721,15.0,0.24032807275841217
naca64209,1000000,ok,,1000000.0,False,2.063034975341534,0.40650264157360694,0.005691400714245224,71.42400649389455,1.160771237458194,10.989966555183944,0.08979584693062237
sc20410,1000000,ok,,1000000.0,False,6.235134062694858,0.9312888044895413,0.013045052434669236,71.39019250045311,1.447851839464883,12.996655518394647,0.09970000000000001
goe122,1000000,ok,,1000000.0,False,2.0,0.6011,0.00842,71.38954869358669,0.6011,2.0,0.07301137141142343
lwk79100,1000000,ok,,1000000.0,False,7.184966838614592,0.7940261606484894,0.011154502579218867,71.18436299685663,1.2732357859531773,13.946488294314381,0.09993387919463087
raf27,1000000,ok,,1000000.0,False,6.2135933337112395,0.7527136840315174,0.010592719800464825,71.05952939475347,1.037323745819398,10.013377926421402,0.0976
goe598,1000000,ok,,1000000.0,False,2.0169491525423737,0.33807098803922686,0.004760505073408539,71.0157814824398,0.6418,5.0,0.06537364900104413
mh27,1000000,ok,,1000000.0,False,2.8375942406893024,0.534657162292387,0.007540842355875516,70.90151697387017,1.1814866220735785,11.979933110367892,0.11981200851640836
bqm34,1000000,ok,,1000000.0,False,6.170738620259623,0.7203103395499122,0.010198545433932317,70.62873271646323,1.1985645484949834,13.946488294314381,0.09894883011372252
sc20706,1000000,ok,,1000000.0,False,-1.0169491525423728,0.34868813559322037,0.004937796610169492,70.61613977276629,0.5733,1.0,0.06
th25816,1000000,ok,,1000000.0,False,6.0993140978402565,0.8199674054758799,0.011616266084689074,70.58786356113566,1.0340317725752508,10.996655518394647,0.2572297436182324
fx77080,1000000,ok,,1000000.0,False,5.892182982824103,0.696119919505697,0.00986493226007596,70.56509879170086,1.1631290969899666,12.963210702341136,0.08046469798657718
naca65206,1000000,ok,,1000000.0,False,1.0338983050847457,0.2786186440677966,0.003963050847457627,70.30408006158584,0.681,5.0,0.059960151004744555
naca641112,1000000,ok,,1000000.0,False,3.1287908848704724,0.44166317669066385,0.006282733405135764,70.29793375119661,1.1448464882943143,10.986622073578594,0.11961420034080136
fx79l100,1000000,ok,,1000000.0,False,6.904030383765093,0.7771773198798254,0.011091957372031065,70.06674239837214,1.234764882943144,13.03344481605351,0.10064252315554136
s9033,1000000,ok,,1000000.0,False,5.874326852219262,0.6521808004081402,0.009314219148574344,70.01991149284527,1.3440304347826086,14.016722408026755,0.0749604918032787
raf30,1000000,ok,,1000000.0,False,7.881355932203389,0.9074101694915253,0.012987288135593219,69.86910277324633,1.2915,15.0,0.1264
j5012,1000000,ok,,1000000.0,False,8.23728813559322,0.9250610169491524,0.013267118644067797,69.7258418927896,1.2011,15.0,0.11994381907490789
e521,1000000,ok,,1000000.0,False,6.813559322033898,0.7354542372881356,0.010556949152542372,69.66541437883313,1.173,15.0,0.13767840436699558
n64008a,1000000,ok,,1000000.0,False,7.0,0.717,0.0103,69.61165048543688,0.717,7.0,0.07996
hq010,1000000,ok,,1000000.0,False,8.018252933507169,0.8663999829941612,0.012456220168924661,69.5556092654516,1.1433618729096988,11.979933110367892,0.09999184758245278
dsma523b,1000000,ok,,1000000.0,False,6.813559322033898,1.2670050847457626,0.018238813559322033,69.46751665752865,1.7745,15.0,0.10997599999999999
s1012,1000000,ok,,1000000.0,False,9.305084745762711,0.9419338983050846,0.013564406779661016,69.4415844058478,1.2833,15.0,0.12017432432432432
a63a108c,1000000,ok,,1000000.0,False,7.231392778187178,0.8179920412675019,0.011790228445099485,69.37881187598988,1.4152695652173912,14.016722408026755,0.07735
ames02,1000000,ok,,1000000.0,False,7.909925741171135,0.8926918315288248,0.012878583413638681,69.31599562289172,1.4235277591973243,14.016722408026755,0.077352
rc1064c,1000000,ok,,1000000.0,False,7.881355932203389,0.9450237288135592,0.013641186440677964,69.27723867152069,1.3935,15.0,0.09999859093781616
naca0010,1000000,ok,,1000000.0,False,7.169491525423728,0.8023779661016948,0.011590847457627116,69.22513379931566,1.3663,15.0,0.10002394529815684
eh0009,1000000,ok,,1000000.0,False,8.927725185647073,0.8996850745422595,0.01299720367326115,69.22143386836055,0.9305230769230768,10.013377926421406,0.08998997571973638
e874,1000000,ok,,1000000.0,False,2.11864406779661,0.4109338983050847,0.005954745762711864,69.00947826829476,0.6543,5.0,0.07900775473076416
c5a,1000000,ok,,1000000.0,False,10.016949152542374,1.1026576271186441,0.015983050847457627,68.98918345705196,1.4143,15.0,0.13121441845711163
raf25,1000000,ok,,1000000.0,False,1.0508474576271185,0.299757627118644,0.0043552542372881356,68.82666562889165,0.8295,7.0,0.06475189438134218
whitcomb,1000000,ok,,1000000.0,False,6.258828864576838,1.0839558415055834,0.015756361317385635,68.79480735882478,1.6174789297658863,13.03344481605351,0.1096
naca0024,1000000,ok,,1000000.0,False,8.898305084745761,0.8577338983050846,0.012471355932203389,68.77631453772032,1.2768,15.0,0.2400574687155764
fg4,1000000,ok,,1000000.0,False,5.033898305084746,1.0513338983050846,0.015331186440677966,68.57485572777323,1.5124,15.0,0.127
ht13,1000000,ok,,1000000.0,False,6.203389830508476,0.6902491525423731,0.01006762711864407,68.56125523998722,1.1981,12.0,0.06500711897213415
ls013,1000000,ok,,1000000.0,False,9.661016949152541,1.0792084745762711,0.015778644067796607,68.39678174748106,1.4229,15.0,0.1286396015936255
n64015,1000000,ok,,1000000.0,False,3.9661016949152543,0.4590152542372881,0.006711525423728814,68.3920905096217,1.1688,15.0,0.14964
hor04,1000000,ok,,1000000.0,False,4.966101694915254,0.7393237288135593,0.010811186440677967,68.38506882387985,0.9567,7.0,0.0405557075590231
goe429,1000000,ok,,1000000.0,False,7.881355932203389,0.8989610169491525,0.013152542372881354,68.34884020618557,1.4954,15.0,0.1138
naca63a210,1000000,ok,,1000000.0,False,5.89388356669123,0.7814989683124539,0.011477803979366248,68.08784761591691,1.212421404682274,11.993311036789297,0.09990271202681744
e171,1000000,ok,,1000000.0,False,6.856414035485518,0.7565969446176523,0.01112000736919676,68.03924849128083,1.049634448160535,12.963210702341136,0.12252962868661149
naca66-018,1000000,ok,,1000000.0,False,3.9661016949152543,0.4534084745762712,0.006668474576271187,67.99283245221635,0.941,15.0,0.17996
r140sm,1000000,ok,,1000000.0,False,3.9322033898305087,0.42710169491525424,0.006293728813559322,67.86147092882342,0.8776,8.0,0.12037902730261549
rae101,1000000,ok,,1000000.0,False,5.89388356669123,0.6816394252026529,0.010078415622697125,67.6335895165471,1.1107732441471572,11.993311036789297,0.099938
n63015a,1000000,ok,,1000000.0,False,7.881355932203389,0.8232881355932203,0.012276779661016948,67.06059392818192,1.2287,15.0,0.14992
n64015a,1000000,ok,,1000000.0,False,3.9661016949152543,0.4438813559322034,0.0066208474576271185,67.04298184983233,1.2109,15.0,0.14974
s8021,1000000,ok,,1000000.0,False,5.936171418853807,0.6550724675471913,0.009783193129641177,66.95896307744849,0.9525217391304347,10.006688963210703,0.07594060354182504
sc20010,1000000,ok,,1000000.0,False,7.184966838614592,0.7957036109064114,0.011885195283714078,66.94914066719122,1.278318060200669,13.946488294314381,0.1
nlr7301,1000000,ok,,1000000.0,False,7.881355932203389,1.1116525423728814,0.016612711864406778,66.91577819721472,1.5602,15.0,0.16518
nacam3,1000000,ok,,1000000.0,False,7.881355932203389,0.894486440677966,0.013379152542372881,66.85673385104576,1.3632,15.0,0.119
m3,1000000,ok,,1000000.0,False,7.881355932203389,0.894486440677966,0.013379152542372881,66.85673385104576,1.3632,15.0,0.119
naca0008,1000000,ok,,1000000.0,False,6.7992744175500235,0.7482464259395724,0.01122704948699053,66.64675583790837,1.1622926421404682,11.979933110367892,0.08001915623852546
oa206,1000000,ok,,1000000.0,False,5.966101694915254,0.6949016949152542,0.010502372881355932,66.16616099670776,1.0369,10.0,0.0600707846762119
n12,1000000,ok,,1000000.0,False,9.945524630123009,1.0825968539198458,0.016364176633977667,66.15651237056449,1.2506113712374582,14.016722408026755,0.1046
n64110,1000000,ok,,1000000.0,False,2.956635111388243,0.41406862989626436,0.006259670653591066,66.14862870760146,1.0827507246376815,10.013377926421402,0.09975616754887232
goe776,1000000,ok,,1000000.0,False,8.94915254237288,0.8334898305084746,0.012632542372881354,65.97957924113133,1.2478,15.0,0.25
fxlv152,1000000,ok,,1000000.0,False,9.23728813559322,1.0056254237288136,0.015244915254237285,65.96464506087055,1.3081,15.0,0.1528
goe511,1000000,ok,,1000000.0,False,6.0,0.9549,0.01449,65.90062111801242,0.9549,6.0,0.1661327145596357
naca001064,1000000,ok,,1000000.0,False,9.26699166713905,1.0076311717022843,0.015290390000566862,65.8996383784147,1.3010491638795987,14.016722408026755,0.1
rcsc2,1000000,ok,,1000000.0,False,6.856414035485518,0.853109625304688,0.012994723088260303,65.65046592454168,1.2180635451505015,12.963210702341136,0.0997
s1010,1000000,ok,,1000000.0,False,5.127940592936909,0.5750567088033559,0.008788543166487162,65.43254074192707,1.0247879598662206,10.013377926421406,0.06019133754977747
ea81006,1000000,ok,,1000000.0,False,6.139277818717758,0.679393220338983,0.010395659543109798,65.35354659525014,0.8399847826086956,8.043478260869565,0.06
ht35,1000000,ok,,1000000.0,False,5.834476503599568,0.6484959356045573,0.009931577574967404,65.29636713900265,1.0700909698996655,11.03010033444816,0.07499279342554431
s4096,1000000,ok,,1000000.0,False,8.927725185647072,1.3049979933110367,0.020000746556317665,65.24746412022431,1.7566083612040135,14.016722408026755,0.12469455562857362
goe460,1000000,ok,,1000000.0,False,10.016949152542374,0.8734016949152543,0.013423389830508477,65.06565822369251,1.2137,15.0,0.205
goe409,1000000,ok,,1000000.0,False,12.864406779661017,1.2162915254237288,0.018752203389830507,64.86125924185181,1.2881,15.0,0.127
m2,1000000,ok,,1000000.0,False,8.020860495436766,0.8741015475313191,0.01349738280142849,64.7608177371104,1.1971451505016721,11.983277591973245,0.08
rae102,1000000,ok,,1000000.0,False,5.8872512896094324,0.6825803979366248,0.010558474576271185,64.64763380409482,1.0620428093645484,11.983277591973245,0.099994
fx71120,1000000,ok,,1000000.0,False,7.169491525423728,0.8394101694915254,0.012991694915254237,64.61129013320112,1.3619,15.0,0.11986
nacam2,1000000,ok,,1000000.0,False,8.018252933507169,0.8735856130604839,0.013582497590839519,64.31700850436069,1.1860565217391303,11.979933110367892,0.0806
n63012a,1000000,ok,,1000000.0,False,6.8468907658296025,0.7522221189274987,0.01172583867127714,64.15081598982711,1.172098662207358,13.946488294314381,0.1199
e863,1000000,ok,,1000000.0,False,9.305084745762711,0.9967576271186439,0.015548813559322033,64.10506006235147,1.2955,15.0,0.3571895443645084
b707a,1000000,ok,,1000000.0,False,7.871832662547474,0.8345137917351623,0.013056735445836402,63.91442908504945,1.1752789297658863,13.03344481605351,0.1142907
goe514,1000000,ok,,1000000.0,False,7.0,0.9284,0.01463,63.45864661654135,0.9284,7.0,0.1657303249814287
naca2424,1000000,ok,,1000000.0,False,7.881355932203389,0.8453237288135592,0.013375254237288135,63.20057277542641,1.2876,15.0,0.24013174858108471
naca23021,1000000,ok,,1000000.0,False,5.745762711864407,0.7083152542372881,0.011219322033898305,63.13351663292746,1.1802,15.0,0.2101
fx69pr281,1000000,ok,,1000000.0,False,5.033898305084746,1.019235593220339,0.01619864406779661,62.921043820365796,1.5247,15.0,0.2812301579541181
hq09,1000000,ok,,1000000.0,False,5.864406779661017,0.6424135593220339,0.010255254237288137,62.64238257362906,0.8154,8.0,0.08111356388088377
ht34,1000000,ok,,1000000.0,False,5.08814693044612,0.5631642423898872,0.008991612720367328,62.63217288198336,1.0334812709030101,10.006688963210703,0.0697351646424462
nplx,1000000,ok,,1000000.0,False,7.881355932203389,0.9213101694915253,0.014740338983050846,62.50264465090608,1.3631,15.0,0.10663869932432432
ultimate,1000000,ok,,1000000.0,False,6.856414035485518,0.7738312000453491,0.012387594807550594,62.46823633379393,1.1810973244147156,12.963210702341136,0.12844975577190543
raf30md,1000000,ok,,1000000.0,False,4.902953347315911,0.5697970239782325,0.009130126410067456,62.40844851281995,0.872585618729097,8.959866220735785,0.076
lwk80120k25,1000000,ok,,1000000.0,False,8.94915254237288,0.8387508474576271,0.013465423728813559,62.289227903229865,1.2258,15.0,0.12058258903685352
naca001264,1000000,ok,,1000000.0,False,8.23728813559322,0.8856779661016948,0.014222203389830507,62.274314452217226,1.3284,15.0,0.12
e836,1000000,ok,,1000000.0,False,4.064905617595375,0.43722610963097336,0.007021494246357918,62.26966715208299,0.9375147157190636,10.96655518394649,0.12636795422031474
rae103,1000000,ok,,1000000.0,False,6.0993140978402565,0.6753361827560793,0.010873593900572527,62.10790920934806,0.9895969899665552,10.996655518394647,0.09997
naca001065,1000000,ok,,1000000.0,False,10.070517544356896,1.0817421518054533,0.01746770421177938,61.92812396468097,1.253246822742475,12.963210702341136,0.1
ea61012,1000000,ok,,1000000.0,False,8.94915254237288,0.9216711864406779,0.01491593220338983,61.79105495204763,1.3614,15.0,0.12
goe505,1000000,ok,,1000000.0,False,3.0,0.6591,0.01071,61.540616246498594,0.6591,3.0,0.13969583925289714
n64012a,1000000,ok,,1000000.0,False,6.8468907658296025,0.7356804886344314,0.012008087410010772,61.26541750696428,1.1472090301003344,13.946488294314381,0.11986
v13006,1000000,ok,,1000000.0,False,4.95181679043138,0.6076311263533811,0.009926279689360011,61.21438699784991,0.9409866220735785,8.979933110367892,0.059767160562244286
p51hroot,1000000,ok,,1000000.0,False,2.186440677966102,0.3877084745762712,0.006392033898305085,60.654946570148226,1.1361,15.0,0.15498071054363832
e297,1000000,ok,,1000000.0,False,5.932203389830509,0.6279745762711866,0.010370338983050849,60.554874560758364,0.9351,10.0,0.11382235914065666
fx71089a,1000000,ok,,1000000.0,False,5.033898305084746,0.6119406779661017,0.01015864406779661,60.238420982381214,1.3289,15.0,0.08935439366678662
k2,1000000,ok,,1000000.0,False,5.790318009183155,0.7744527407743327,0.012875961113315576,60.1471792248144,1.2051685618729095,10.96655518394649,0.10278912973993796
n64012,1000000,ok,,1000000.0,False,6.963550819114561,0.7408191032254405,0.01232350376962757,60.114324389729056,1.08616254180602,10.996655518394647,0.11962
ht33,1000000,ok,,1000000.0,False,5.118644067796611,0.5643542372881357,0.00945542372881356,59.68576908598778,0.9686,10.0,0.05946530695473251
lwk80100,1000000,ok,,1000000.0,False,7.106456550082195,0.6882150048183209,0.011651577574967405,59.06625093385658,1.0620541806020067,11.983277591973245,0.10059194177764014
sc20406,1000000,ok,,1000000.0,False,4.0,0.5932,0.01005,59.024875621890544,0.5932,4.0,0.0602
fx71l150,1000000,ok,,1000000.0,False,7.881355932203389,0.8282,0.014055762711864407,58.922451735822214,1.1544,15.0,0.14999356116256787
fx711530,1000000,ok,,1000000.0,False,7.881355932203389,0.8282,0.014055762711864407,58.922451735822214,1.1544,15.0,0.14999356116256787
n63010a,1000000,ok,,1000000.0,False,6.0993140978402565,0.6815132758913892,0.01157842242503259,58.86063324291529,0.9643839464882943,10.996655518394647,0.0999
fxs02196,1000000,ok,,1000000.0,False,5.033898305084746,0.9182559322033899,0.01561728813559322,58.79739966573332,1.2995,15.0,0.19585995837335896
n64108,1000000,ok,,1000000.0,False,2.079360580465959,0.3114916387959865,0.005315543903406834,58.600144116267295,0.8967217391304348,8.020066889632107,0.07983768981747205
naca001234,1000000,ok,,1000000.0,False,3.0169491525423737,0.3189913213536648,0.005474847230882604,58.26488080878194,0.8142,8.0,0.12
n0011sc,1000000,ok,,1000000.0,False,8.875347202539539,0.9790374978742702,0.016828118020520377,58.17866838587785,1.2267304347826087,13.946488294314381,0.109566
naca64a010,1000000,ok,,1000000.0,False,5.936171418853807,0.660032073011734,0.011400214840428547,57.89645916768729,0.9454488294314382,10.006688963210703,0.099908002
fx711525,1000000,ok,,1000000.0,False,7.881355932203389,0.8240093220338982,0.01427635593220339,57.71846302705077,1.1601,15.0,0.1500117214947301
m1,1000000,ok,,1000000.0,False,5.864406779661017,0.6440779661016949,0.01116542372881356,57.68504462930353,0.8457,8.0,0.0616
fx711520,1000000,ok,,1000000.0,False,7.881355932203389,0.8363762711864406,0.014502033898305084,57.673032420934526,1.1732,15.0,0.15001126157777067
naca001066,1000000,ok,,1000000.0,False,10.016949152542374,1.045162711864407,0.01813813559322034,57.6223893846657,1.2926,15.0,0.1
ht12,1000000,ok,,1000000.0,False,5.9710900742588295,0.6599343631313419,0.011491720424012246,57.42694207495616,0.8679585284280936,8.006688963210703,0.05018653189516628
npl9510,1000000,ok,,1000000.0,False,6.963550819114561,0.9898619012527633,0.01738350376962757,56.94259997125829,1.320834448160535,10.996655518394647,0.110759030251595
coanda2,1000000,ok,,1000000.0,False,2.0169491525423737,0.5065847457627118,0.008907796610169492,56.86981505441814,0.6736,4.0,0.06
e230,1000000,ok,,1000000.0,False,6.203389830508474,0.6284915254237288,0.011126101694915253,56.488026323807205,0.9396,10.0,0.0995312099272195
rae104,1000000,ok,,1000000.0,False,5.9421801485176555,0.6055249362281048,0.010732100787937187,56.4218458429603,0.9462678929765888,10.013377926421402,0.1
lwk80150k25,1000000,ok,,1000000.0,False,3.9661016949152543,0.411371186440678,0.007297966101694916,56.367922337312464,1.2509,15.0,0.1503732362960669
ht05,1000000,ok,,1000000.0,False,4.983050847457627,0.5482898305084746,0.00981542372881356,55.86002659252991,0.7584,7.0,0.04811058297971067
coanda1,1000000,ok,,1000000.0,False,2.9322033898305087,0.5457220338983051,0.009813050847457629,55.61186244537713,0.6347,4.0,0.05650000000000001
naca23024,1000000,ok,,1000000.0,False,8.23728813559322,0.780864406779661,0.014126949152542373,55.27480833603282,1.2969,15.0,0.23994757543415804
naca63206,1000000,ok,,1000000.0,False,3.9322033898305087,0.5526644067796611,0.010016271186440679,55.176661702991744,0.6635,5.0,0.06000143986236292
ht08,1000000,ok,,1000000.0,False,5.881412618332293,0.6497739753982199,0.011779940479564648,55.159359805376,0.8638866220735787,8.020066889632107,0.04998922135991456
naca0006,1000000,ok,,1000000.0,False,4.796610169491526,0.5275677966101695,0.009607627118644069,54.91135220957925,0.7343,7.0,0.0600143671788941
ht21,1000000,ok,,1000000.0,False,4.902953347315911,0.5526463862592823,0.010173839351510686,54.320337403128086,0.9750565217391304,8.959866220735785,0.051035691326688545
ah85l120,1000000,ok,,1000000.0,False,2.898305084745763,0.3086440677966102,0.005709661016949153,54.05646094932764,0.7617,9.0,0.12103861179361179
lwk80080,1000000,ok,,1000000.0,False,5.864406779661017,0.6342406779661017,0.011857966101694916,53.486464080500845,0.8167,8.0,0.08060597088882007
naca16012,1000000,ok,,1000000.0,False,8.07301173402868,0.7760097783572357,0.014727640156453711,52.69070741229274,1.0864280936454849,12.050167224080266,0.12
us1000root,1000000,ok,,1000000.0,False,9.009579955784819,0.8475505980386598,0.016264855733801934,52.10932158944785,0.9729779264214047,11.03010033444816,0.18562335714285713
s1014,1000000,ok,,1000000.0,False,8.94915254237288,0.7649457627118644,0.01490186440677966,51.33221869632967,1.1567,15.0,0.16502685331710287
goe571,1000000,ok,,1000000.0,False,7.881355932203389,1.3603429378531073,0.026793050847457627,50.77222991879587,1.6007,15.0,0.2489443468926519
s1016,1000000,ok,,1000000.0,False,10.016949152542374,0.8170559322033899,0.016115932203389832,50.69864540827058,1.1322,15.0,0.17481940497874923
vr9,1000000,ok,,1000000.0,False,4.806246811405249,0.5497184343291196,0.010977681537327814,50.076004888636255,0.6815983277591973,7.053511705685619,0.0606
e864,1000000,ok,,1000000.0,False,8.927725185647072,0.8703181338926365,0.017385319993197663,50.06051854283758,1.1581739130434783,14.016722408026755,0.3881694548097892
naca16015,1000000,ok,,1000000.0,False,2.898305084745763,0.29696610169491533,0.006167457627118645,48.150489172254595,1.2038,15.0,0.15
goe561,1000000,ok,,1000000.0,False,3.9661016949152543,0.8634542372881356,0.018717118644067793,46.13179270313591,1.5056,15.0,0.24936761727147227
naca000834,1000000,ok,,1000000.0,False,1.9661016949152543,0.2055813559322034,0.004548983050847458,45.1928164238608,0.4447,4.0,0.08
goe780,1000000,ok,,1000000.0,False,1.9661016949152543,0.2508169491525423,0.005717966101694916,43.86471425183778,0.3834,4.0,0.12000000000000001
bambino6,1000000,ok,,1000000.0,False,5.0,0.4726,0.01093,43.2387923147301,0.4726,5.0,0.12
naca001035,1000000,ok,,1000000.0,False,1.9491525423728806,0.2180084745762711,0.005156440677966102,42.27886796173946,0.4718,5.0,0.1
r140,1000000,ok,,1000000.0,False,4.0,0.3975,0.00945,42.06349206349206,0.3975,4.0,0.11997731204705107
naca16009,1000000,ok,,1000000.0,False,2.1355932203389827,0.23036610169491523,0.005590169491525423,41.20914438178401,0.6299,6.0,0.09
naca16021,1000000,ok,,1000000.0,False,5.033898305084746,0.33275762711864404,0.008138813559322035,40.88527457881254,0.9042,15.0,0.21
naca16018,1000000,ok,,1000000.0,False,2.898305084745763,0.2689169491525424,0.006587966101694916,40.81941907432658,1.0713,15.0,0.18
mi-strut1,1000000,ok,,1000000.0,False,8.94915254237288,0.7020237288135592,0.01722457627118644,40.757097170971704,1.0533,15.0,0.3295513535911602
sc20503,1000000,ok,,1000000.0,False,1.0,0.312,0.00775,40.25806451612903,0.312,1.0,0.030100000000000002
goe443,1000000,ok,,1000000.0,False,1.0508474576271185,0.16217457627118642,0.004052542372881355,40.01798410706817,0.2681,2.0,0.05
m26,1000000,ok,,500000.0,True,2.0,0.6869,0.01912,35.92573221757322,0.6869,2.0,0.08300127412741275
hs1430,1000000,ok,,1000000.0,False,8.94915254237288,1.0320406779661018,0.02898152542372881,35.610295278698885,1.3789,15.0,0.29996
ah93w480b,1000000,ok,,1000000.0,False,7.881355932203389,1.5602830508474574,0.06388525423728814,24.423211106777774,1.7734,15.0,0.47833595193454176
goe570,1000000,ok,,1000000.0,False,8.23728813559322,0.9523186440677965,0.0487564406779661,19.532160896604708,1.3017,15.0,0.337
fx79w660a,1000000,ok,,1000000.0,False,15.0,0.7913,0.12773,6.1950990370312375,0.7913,15.0,0.663885515970516
ah7476,1000000,failed,too few converged polar points,,,,,,,,,
ah81k144wfKlappe,1000000,failed,'NoneType' object is not subscriptable,1000000.0,False,10.016949152542374,1.2856406779661018,0.015056864406779663,85.38568477691913,1.6742,15.0,
apex16_NASA_CR-201062,1000000,failed,'NoneType' object is not subscriptable,1000000.0,False,4.050847457627118,0.8995644067796609,0.006789661016949151,132.49032676801718,1.4423,15.0,
b707b,1000000,failed,'NoneType' object is not subscriptable,1000000.0,False,8.94915254237288,0.9683169491525423,0.014326610169491523,67.58869946880878,1.1372,15.0,
b707c,1000000,failed,'NoneType' object is not subscriptable,1000000.0,False,6.9255711127487105,0.9248874723655122,0.01214036109064112,76.18286354583789,1.201108695652174,10.989966555183948,
b737a,1000000,failed,'NoneType' object is not subscriptable,1000000.0,False,8.94915254237288,1.1307271186440677,0.013193050847457626,85.70626549673042,1.526,15.0,
b737c,1000000,failed,'NoneType' object is not subscriptable,1000000.0,False,4.142395555807495,0.5900399013661358,0.006734984978175842,87.60819857477203,1.299051839464883,12.013377926421406,
bte-fk,1000000,failed,'NoneType' object is not subscriptable,1000000.0,False,6.813559322033898,0.9705644067796609,0.010787457627118644,89.97156144926625,1.576,15.0,
cal1215j,1000000,failed,'NoneType' object is not subscriptable,1000000.0,False,3.9661016949152543,0.7570898305084746,0.006946949152542373,108.98162832117501,1.3563,15.0,
cal2263m,1000000,failed,'NoneType' object is not subscriptable,1000000.0,False,3.9661016949152543,0.8825,0.007020338983050848,125.70618058908738,1.5133,15.0,
cal4014l,1000000,failed,'NoneType' object is not subscriptable,1000000.0,False,6.101694915254237,0.7603322033898304,0.007823898305084745,97.18073698576721,1.401,15.0,
cap21c,1000000,failed,'NoneType' object is not subscriptable,1000000.0,False,11.084745762711865,1.3292457627118646,0.013437627118644069,98.91967912010293,1.7056,15.0,
chen,1000000,failed,too few converged polar points,,,,,,,,,
clarkk,1000000,failed,'NoneType' object is not subscriptable,1000000.0,False,4.322033898305085,0.8589644067796611,0.007195593220338983,119.37367503651012,1.509,15.0,
coanda3,1000000,failed,too few converged polar points,,,,,,,,,
dae41,1000000,failed,'NoneType' object is not subscriptable,1000000.0,False,4.322033898305085,0.8094406779661018,0.006686949152542373,121.04782906242872,1.502,15.0,
dai1238,1000000,failed,'NoneType' object is not subscriptable,1000000.0,False,3.2542372881355934,0.9819033898305085,0.006257966101694916,156.90455554953687,1.688,15.0,
dai1335,1000000,failed,'NoneType' object is not subscriptable,1000000.0,False,7.0278328892919895,1.3815776033104699,0.008345751374638624,165.5426265763031,1.6161876254180603,10.013377926421402,
dai1336,1000000,failed,'NoneType' object is not subscriptable,1000000.0,False,5.745762711864407,1.2320474576271188,0.007632372881355933,161.42390797450645,1.636,15.0,
davissm,1000000,failed,too few converged polar points,,,,,,,,,
dbln526,1000000,failed,too few converged polar points,,,,,,,,,
dga1138,1000000,failed,too few converged polar points,,,,,,,,,
dga1182,1000000,failed,'NoneType' object is not subscriptable,1000000.0,False,6.932203389830509,0.8229898305084746,0.014225762711864407,57.85207072391937,0.929,8.0,
dormoy,1000000,failed,too few converged polar points,,,,,,,,,
du861372,1000000,failed,'NoneType' object is not subscriptable,1000000.0,False,8.898305084745763,0.9145830508474577,0.01605830508474576,56.953896816684974,1.1479,15.0,
e184,1000000,failed,too few converged polar points,,,,,,,,,
e377m,1000000,failed,too few converged polar points,,,,,,,,,
e49,1000000,failed,too few converged polar points,,,,,,,,,
e664ex,1000000,failed,'NoneType' object is not subscriptable,1000000.0,False,1.0567428150331608,1.7450898305084745,0.01127554163596168,154.76771642993785,2.086897993311037,10.013377926421402,
e850,1000000,failed,too few converged polar points,,,,,,,,,
ebambino7,1000000,failed,too few converged polar points,,,,,,,,,
eiffel10,1000000,failed,too few converged polar points,,,,,,,,,
eiffel428,1000000,failed,'NoneType' object is not subscriptable,1000000.0,False,4.1422821835496855,0.9309919732441472,0.011449275551272604,81.31448746035866,1.4233966555183946,13.946488294314381,
fx049915,1000000,failed,'NoneType' object is not subscriptable,1000000.0,False,8.92772518564707,1.4917110254520716,0.009891445496287059,150.80819340429198,1.565115384615385,10.013377926421402,
fx057816,1000000,failed,'NoneType' object is not subscriptable,1000000.0,False,7.945638002380816,1.3648755512726034,0.008954248058500086,152.42771278565985,1.3976882943143814,8.959866220735785,
fx082512,1000000,failed,'NoneType' object is not subscriptable,1000000.0,False,-0.2324698146363584,0.6292264214046823,0.006699374751998186,93.92315621946756,1.6254722408026756,14.016722408026755,
goe05k,1000000,failed,too few converged polar points,,,,,,,,,
goe09k,1000000,failed,too few converged polar points,,,,,,,,,
goe10k,1000000,failed,too few converged polar points,,,,,,,,,
goe114,1000000,failed,too few converged polar points,,,,,,,,,
goe123,1000000,failed,too few converged polar points,,,,,,,,,
goe15,1000000,failed,too few converged polar points,,,,,,,,,
goe180,1000000,failed,too few converged polar points,,,,,,,,,
goe188,1000000,failed,too few converged polar points,,,,,,,,,
goe207,1000000,failed,too few converged polar points,,,,,,,,,
goe229,1000000,failed,'NoneType' object is not subscriptable,1000000.0,False,2.820928518791451,0.9525117170228445,0.01651213706705969,57.68555052289533,1.488511371237458,14.016722408026755,
goe240,1000000,failed,too few converged polar points,,,,,,,,,
goe274,1000000,failed,too few converged polar points,,,,,,,,,
goe275,1000000,failed,too few converged polar points,,,,,,,,,
goe280,1000000,failed,too few converged polar points,,,,,,,,,
goe330,1000000,failed,too few converged polar points,,,,,,,,,
goe331,1000000,failed,too few converged polar points,,,,,,,,,
goe359,1000000,failed,too few converged polar points,,,,,,,,,
goe360,1000000,failed,too few converged polar points,,,,,,,,,
goe366,1000000,failed,too few converged polar points,,,,,,,,,
goe370,1000000,failed,too few converged polar points,,,,,,,,,
goe373,1000000,failed,too few converged polar points,,,,,,,,,
goe374,1000000,failed,too few converged polar points,,,,,,,,,
goe375,1000000,failed,too few converged polar points,,,,,,,,,
goe376,1000000,failed,too few converged polar points,,,,,,,,,
goe388,1000000,failed,too few converged polar points,,,,,,,,,
goe396,1000000,failed,too few converged polar points,,,,,,,,,
goe401,1000000,failed,too few converged polar points,,,,,,,,,
goe403,1000000,failed,too few converged polar points,,,,,,,,,
goe411,1000000,failed,too few converged polar points,,,,,,,,,
goe417,1000000,failed,too few converged polar points,,,,,,,,,
goe417a,1000000,failed,too few converged polar points,,,,,,,,,
goe419,1000000,failed,too few converged polar points,,,,,,,,,
goe440,1000000,failed,'NoneType' object is not subscriptable,1000000.0,False,0.9106626608468907,1.278015832435803,0.011831412051471006,108.01887609661154,1.5000317725752508,5.969899665551839,
goe444,1000000,failed,too few converged polar points,,,,,,,,,
goe445,1000000,failed,too few converged polar points,,,,,,,,,
goe456,1000000,failed,too few converged polar points,,,,,,,,,
goe477,1000000,failed,'NoneType' object is not subscriptable,1000000.0,False,3.804206110764696,0.9227313436502088,0.008263575194149992,111.66248530096698,1.4384752508361205,13.946488294314381,
goe480,1000000,failed,'NoneType' object is not subscriptable,1000000.0,False,6.101694915254237,1.2145644067796608,0.008847288135593219,137.28098239429875,1.5838,15.0,
goe481,1000000,failed,'NoneType' object is not subscriptable,1000000.0,False,8.94915254237288,1.4415372881355932,0.020402033898305083,70.65654803442662,1.6925,15.0,
goe490,1000000,failed,too few converged polar points,,,,,,,,,
goe494,1000000,failed,too few converged polar points,,,,,,,,,
goe507,1000000,failed,'NoneType' object is not subscriptable,1000000.0,False,2.898305084745763,0.6626610169491526,0.006084576271186441,108.90832613721831,1.3829,15.0,
goe517,1000000,failed,'NoneType' object is not subscriptable,1000000.0,False,3.8709823706139117,0.8902078793719178,0.006685169774956069,133.16159639008833,1.336068227424749,12.013377926421406,
goe54,1000000,failed,too few converged polar points,,,,,,,,,
goe559,1000000,failed,too few converged polar points,,,,,,,,,
goe584,1000000,failed,'NoneType' object is not subscriptable,1000000.0,False,5.033898305084746,1.0725762711864408,0.0076984745762711864,139.32322053675614,1.5065,15.0,
goe590,1000000,failed,too few converged polar points,,,,,,,,,
goe63,1000000,failed,too few converged polar points,,,,,,,,,
goe746,1000000,failed,too few converged polar points,,,,,,,,,
goe765,1000000,failed,'NoneType' object is not subscriptable,1000000.0,False,8.07301173402868,0.9805659713168186,0.01155564537157757,84.85601104795346,1.3373645484949832,12.050167224080266,
goe79,1000000,failed,too few converged polar points,,,,,,,,,
goe802a,1000000,failed,'NoneType' object is not subscriptable,1000000.0,False,6.864406779661017,1.3839898305084746,0.012343728813559322,112.12088757071456,1.7085,15.0,
goe802b,1000000,failed,'NoneType' object is not subscriptable,1000000.0,False,6.034181735729266,1.2789413383595034,0.0058487126580125835,218.6705713106605,1.5898421404682275,11.02675585284281,
goe81,1000000,failed,too few converged polar points,,,,,,,,,
griffith30SymSuction,1000000,failed,'NoneType' object is not subscriptable,1000000.0,False,7.169491525423728,0.607064406779661,0.03649474576271187,16.634296090916266,0.8149,15.0,
gw19,1000000,failed,'NoneType' object is not subscriptable,1000000.0,False,6.856414035485516,1.6826270449521004,0.009663899438807324,174.11470965800558,1.7681130434782608,8.046822742474916,
gw25,1000000,failed,'NoneType' object is not subscriptable,1000000.0,False,5.208888385012186,1.499103503202766,0.008833688566407798,169.70300593383647,1.7671127090301004,9.030100334448159,
gw27,1000000,failed,'NoneType' object is not subscriptable,1000000.0,False,3.9661016949152543,1.3041881355932203,0.008092033898305085,161.16938608801289,1.8037,15.0,
gw30,1000000,failed,'NoneType' object is not subscriptable,1000000.0,False,5.033898305084746,1.2658610169491527,0.007958983050847458,159.04808552323354,1.7509,15.0,
gw31,1000000,failed,'NoneType' object is not subscriptable,1000000.0,False,5.033898305084746,1.160864406779661,0.00812322033898305,142.90692094226637,1.8102,15.0,
hq07,1000000,failed,too few converged polar points,,,,,,,,,
hs1404,1000000,failed,too few converged polar points,,,,,,,,,
legionair140_sm,1000000,failed,'NoneType' object is not subscriptable,1000000.0,False,4.79082818434329,0.8768400940989739,0.007601029420100902,115.35807133967573,1.375900668896321,11.989966555183944,
m19,1000000,failed,too few converged polar points,,,,,,,,,
m22,1000000,failed,too few converged polar points,,,,,,,,,
m23,1000000,failed,too few converged polar points,,,,,,,,,
m25,1000000,failed,too few converged polar points,,,,,,,,,
m8,1000000,failed,'NoneType' object is not subscriptable,1000000.0,False,6.813559322033898,1.2767966101694914,0.006734915254237288,189.57871954902356,1.7698,15.0,
ma409,1000000,failed,'NoneType' object is not subscriptable,1000000.0,False,1.101694915254237,0.6521593220338984,0.005945423728813559,109.6909743999088,1.0176,5.0,
mrc12,1000000,failed,'NoneType' object is not subscriptable,1000000.0,False,3.9661016949152543,0.8028084745762712,0.00640271186440678,125.38569462092335,1.4948,15.0,
mrc15,1000000,failed,'NoneType' object is not subscriptable,1000000.0,False,5.033898305084746,0.6985593220338984,0.007724237288135593,90.43732034318568,1.2928,15.0,
mrc16-85,1000000,failed,'NoneType' object is not subscriptable,1000000.0,False,4.856527407743325,0.9041152995861913,0.007178177540955728,125.95332094082117,1.4595605351170569,14.016722408026755,
mrc16-95,1000000,failed,'NoneType' object is not subscriptable,1000000.0,False,5.033898305084746,0.9434661016949152,0.007555084745762712,124.87829500841278,1.4832,15.0,
mrc20-700,1000000,failed,'NoneType' object is not subscriptable,1000000.0,False,3.0352020860495443,0.7554146647015476,0.005933904540558926,127.30482257309681,1.4731501672240803,14.046822742474916,
mrc20-846,1000000,failed,'NoneType' object is not subscriptable,1000000.0,False,4.050847457627118,0.8510898305084745,0.007054745762711864,120.64075150757995,1.4915,15.0,
n1h15,1000000,failed,'NoneType' object is not subscriptable,1000000.0,False,5.745762711864407,1.186735593220339,0.008002542372881356,148.29482156094463,1.303,15.0,
n2h15,1000000,failed,too few converged polar points,,,,,,,,,
n63210,1000000,failed,too few converged polar points,,,,,,,,,
naca16006,1000000,failed,too few converged polar points,,,,,,,,,
naca653618,1000000,failed,'NoneType' object is not subscriptable,1000000.0,False,5.745762711864407,1.141628813559322,0.008357966101694914,136.59170181700196,1.36,15.0,
r1145ms,1000000,failed,'NoneType' object is not subscriptable,1000000.0,False,3.2542372881355934,0.8494389830508474,0.0072410169491525424,117.3093488132578,1.5619,15.0,
r1145msf,1000000,failed,'NoneType' object is not subscriptable,1000000.0,False,4.177994444759367,0.3503382177881072,0.00993443455586418,35.265038570444524,0.46487391304347825,14.016722408026755,
r1145msm,1000000,failed,'NoneType' object is not subscriptable,1000000.0,False,12.152542372881356,0.811371186440678,0.030523050847457628,26.582244038959164,0.8634,15.0,
raf26,1000000,failed,too few converged polar points,,,,,,,,,
raf32,1000000,failed,'NoneType' object is not subscriptable,1000000.0,False,4.677966101694915,1.096177966101695,0.007132881355932203,153.67954567056367,1.4977,15.0,
raf38,1000000,failed,'NoneType' object is not subscriptable,1000000.0,False,5.033898305084746,0.8959237288135593,0.007574576271186441,118.28037592302528,1.3686,15.0,
raf69,1000000,failed,'NoneType' object is not subscriptable,1000000.0,False,8.94915254237288,1.040886440677966,0.01225694915254237,84.92214724265725,1.3345,15.0,
raf6,1000000,failed,'NoneType' object is not subscriptable,1000000.0,False,6.904257128280708,1.253623575761011,0.011810533416472988,106.14453484484396,1.5745966555183946,13.010033444816052,
raf6prop_sm,1000000,failed,'NoneType' object is not subscriptable,1000000.0,False,6.8468907658296025,1.3358206564253727,0.013177608412221532,101.37049262948732,1.6632879598662207,13.946488294314381,
raf89,1000000,failed,'NoneType' object is not subscriptable,1000000.0,False,11.796610169491526,1.11175593220339,0.022897288135593222,48.55404385094823,1.2598,15.0,
rc0864c,1000000,failed,too few converged polar points,,,,,,,,,
s1221-4deg-flap,1000000,failed,'NoneType' object is not subscriptable,1000000.0,False,7.909925741171135,1.8002087523383026,0.013528657672467546,133.06632453284297,2.1688628762541806,14.016722408026755,
s9104BTE,1000000,failed,'NoneType' object is not subscriptable,1000000.0,False,2.186440677966102,1.9658694915254238,0.022757457627118647,86.38352858813278,2.8719,15.0,
s9104,1000000,failed,too few converged polar points,,,,,,,,,
sa7024,1000000,failed,'NoneType' object is not subscriptable,1000000.0,False,3.0338983050847457,0.7386406779661016,0.0060637288135593215,121.8129472271914,1.2765,9.0,
sa7025,1000000,failed,'NoneType' object is not subscriptable,1000000.0,False,2.9491525423728815,0.7380406779661016,0.002146779661016949,343.78967314069155,1.2916,10.0,
sa7026,1000000,failed,'NoneType' object is not subscriptable,1000000.0,False,3.040530582166543,0.7888102261776542,0.005525173742985091,142.76659212375878,1.3514959866220737,11.97658862876254,
saratov,1000000,failed,'NoneType' object is not subscriptable,1000000.0,False,5.745762711864407,1.426035593220339,0.010288474576271186,138.60515304273338,1.6013,15.0,
sc20402,1000000,failed,too few converged polar points,,,,,,,,,
sc20403,1000000,failed,too few converged polar points,,,,,,,,,
sc20404,1000000,failed,too few converged polar points,,,,,,,,,
stcyr171,1000000,failed,'NoneType' object is not subscriptable,1000000.0,False,7.169491525423728,0.8684305084745763,0.011838474576271185,73.3566223316678,1.2976,15.0,
t16,1000000,failed,too few converged polar points,,,,,,,,,
ua79sff,1000000,failed,'NoneType' object is not subscriptable,1000000.0,False,8.0,0.4558,0.00828,55.04830917874396,0.4558,8.0,
ua79sfm,1000000,failed,'NoneType' object is not subscriptable,1000000.0,False,3.976588628762542,0.8044026755852842,0.003061638795986622,262.7359819975312,0.8044026755852842,3.976588628762542,
usa50,1000000,failed,too few converged polar points,,,,,,,,,
usa98,1000000,failed,'NoneType' object is not subscriptable,1000000.0,False,6.101694915254237,1.4561305084745761,0.009991694915254238,145.7340842394531,1.8243,15.0,
ys900,1000000,failed,too few converged polar points,,,,,,,,,
