
 ===================================================
  XFOIL Version 6.99
  Copyright (C) 2000   Mark Drela, Harold Youngren

  This software comes with ABSOLUTELY NO WARRANTY,
    subject to the GNU General Public License.

  Caveat computor
 ===================================================

 File  xfoil.def  not found

   QUIT    Exit program

  .OPER    Direct operating point(s)
  .MDES    Complex mapping design routine
  .QDES    Surface speed design routine
  .GDES    Geometry design routine

   SAVE f  Write airfoil to labeled coordinate file
   PSAV f  Write airfoil to plain coordinate file
   ISAV f  Write airfoil to ISES coordinate file
   MSAV f  Write airfoil to MSES coordinate file
   REVE    Reverse written-airfoil node ordering
   DELI i  Change written-airfoil file delimiters

   LOAD f  Read buffer airfoil from coordinate file
   NACA i  Set NACA 4,5-digit airfoil and buffer airfoil
   INTE    Set buffer airfoil by interpolating two airfoils
   NORM    Buffer airfoil normalization toggle
   HALF    Halve the number of points in buffer airfoil
   XYCM rr Change CM reference location, currently  0.25000 0.00000

   BEND    Display structural properties of current airfoil

   PCOP    Set current-airfoil panel nodes directly from buffer airfoil points
   PANE    Set current-airfoil panel nodes ( 160 ) based on curvature
  .PPAR    Show/change paneling

  .PLOP    Plotting options

   WDEF f  Write  current-settings file
   RDEF f  Reread current-settings file
   NAME s  Specify new airfoil name
   NINC    Increment name version number

   Z       Zoom    | (available in all menus)
   U       Unzoom  | 

 XFOIL   c>  
 XFOIL   c>  
 Labeled airfoil file.  Name:  E. Bambino                                      

 Number of input coordinate points:  33
 Counterclockwise ordering
 Max thickness =     0.060011  at x =   0.401
 Max camber    =     0.018489  at x =   0.201

  LE  x,y  =  -0.00011   0.00543  |   Chord =   1.00029
  TE  x,y  =   1.00000   0.02450  |

 Current airfoil nodes set from buffer airfoil nodes (  33 )

 WARNING: Poor input coordinate distribution
          Excessive panel angle   54.8  at i =  17
          Repaneling with PANE and/or PPAR suggested
           (doing GDES,CADD before repaneling _may_
            improve excessively coarse LE spacing

 XFOIL   c>  
 Blunt trailing edge.  Gap =  0.00500

 Paneling parameters used...
   Number of panel nodes       160
   Panel bunching parameter    1.000
   TE/LE panel density ratio   0.150
   Refined-area/LE panel density ratio    0.200
   Top    side refined area x/c limits  1.000 1.000
   Bottom side refined area x/c limits  1.000 1.000

 XFOIL   c>  
.OPERi   c>  
 M  =    0.0000
 Re =  0.1000E+07

.OPERv   c>  
.OPERv   c>  
 Xtr/c     =  1.0000    top    side
 Xtr/c     =  1.0000    bottom side
 NcritT    =    9.00   ( 0.070 % turb. level )
 NcritB    =    9.00   ( 0.070 % turb. level )
 Vacc      =  0.0100
 WakeL/c   =   1.000

 Klag  =  5.6000     Uxwt  =    1.00       Kdl =  0.9000
 A     =  6.7000     B     =  0.7500       KCt = 0.01485
 CtiniK=  1.8000     CtiniX=  3.3000

..VPAR   c>  
..VPAR   c>  
.OPERv   c>  
.OPERv   c>  
 Polar  1 newly created for accumulation
 Airfoil archived with polar: E. Bambino                                      

Enter  polar save filename  OR  <return> for no file   s>  
 New polar save file available

Enter  polar dump filename  OR  <return> for no file   s>  
 Polar dump file will NOT be written

 Polar accumulation enabled

.OPERva   c>   Calculating unit vorticity distributions ...
 Calculating wake trajectory ...
 Calculating source influence matrix ...

 Solving BL system ...

 Initializing BL ...
    side            1  ...
 MRCHUE: Inverse mode at   9     Hk =   6.747
 MRCHUE: Convergence failed at  10  side 1    Res =  0.6474E+01
 MRCHUE: Inverse mode at  11     Hk =   2.500
    side            2  ...
 MRCHUE: Inverse mode at   7     Hk =   5.529
 MRCHUE: Inverse mode at   8     Hk =   7.444
 MRCHUE: Inverse mode at   9     Hk =   9.545
 MRCHUE: Inverse mode at  10     Hk =   6.063
 MRCHUE: Inverse mode at  11     Hk =   2.500
 MRCHUE: Inverse mode at  12     Hk =   2.500
 MRCHUE: Inverse mode at  13     Hk =   2.500
 MRCHUE: Inverse mode at  14     Hk =   2.500
 MRCHUE: Inverse mode at  15     Hk =   2.500

 Side 1  free  transition at x/c =  0.0518   11
 Side 2  free  transition at x/c =  0.0073   10

   1   rms: 0.4671E+00   max: 0.4583E+01   T at   10  2   RLX: 0.294
       a =  0.000      CL = -0.0556
      Cm = -0.0039     CD =  0.01107   =>   CDf =  0.00759    CDp =  0.00348

 MRCHDU: Convergence failed at  11  side 1    Res =  0.1073E+02
 MRCHDU: Convergence failed at  10  side 2    Res =  0.2276E+02
 MRCHDU: Convergence failed at  11  side 2    Res =  0.1018E+03
 MRCHDU: Convergence failed at  12  side 2    Res =  0.3475E+03
 MRCHDU: Convergence failed at  13  side 2    Res =  0.2154E+03
 MRCHDU: Convergence failed at  14  side 2    Res =  0.2478E+03
 MRCHDU: Convergence failed at  15  side 2    Res =  0.7044E+03
 MRCHDU: Convergence failed at  16  side 2    Res =  0.1581E+03
 MRCHDU: Convergence failed at  17  side 2    Res =  0.1032E+03
 MRCHDU: Convergence failed at  18  side 2    Res =  0.1092E+03
 MRCHDU: Convergence failed at  19  side 2    Res =  0.1003E+03
 MRCHDU: Convergence failed at  20  side 2    Res =  0.1033E+03
 MRCHDU: Convergence failed at  21  side 2    Res =  0.1081E+03
 MRCHDU: Convergence failed at  22  side 2    Res =  0.1183E+03
 MRCHDU: Convergence failed at  23  side 2    Res =  0.1258E+03
 MRCHDU: Convergence failed at  24  side 2    Res =  0.1330E+03
 MRCHDU: Convergence failed at  25  side 2    Res =  0.1392E+03
 MRCHDU: Convergence failed at  26  side 2    Res =  0.1458E+03
 MRCHDU: Convergence failed at  27  side 2    Res =  0.1533E+03
 MRCHDU: Convergence failed at  28  side 2    Res =  0.1731E+03
 MRCHDU: Convergence failed at  29  side 2    Res =  0.1807E+03
 MRCHDU: Convergence failed at  30  side 2    Res =  0.2669E+03
 MRCHDU: Convergence failed at  31  side 2    Res =  0.2794E+03
 MRCHDU: Convergence failed at  32  side 2    Res =  0.2920E+03
 MRCHDU: Convergence failed at  33  side 2    Res =  0.3057E+03
 MRCHDU: Convergence failed at  34  side 2    Res =  0.3204E+03
 MRCHDU: Convergence failed at  35  side 2    Res =  0.3350E+03
 MRCHDU: Convergence failed at  36  side 2    Res =  0.3494E+03
 MRCHDU: Convergence failed at  37  side 2    Res =  0.3636E+03
 MRCHDU: Convergence failed at  38  side 2    Res =  0.3775E+03
 MRCHDU: Convergence failed at  39  side 2    Res =  0.3911E+03
 MRCHDU: Convergence failed at  40  side 2    Res =  0.4041E+03
 MRCHDU: Convergence failed at  41  side 2    Res =  0.4167E+03
 MRCHDU: Convergence failed at  42  side 2    Res =  0.4287E+03
 MRCHDU: Convergence failed at  43  side 2    Res =  0.4404E+03
 MRCHDU: Convergence failed at  44  side 2    Res =  0.4517E+03
 MRCHDU: Convergence failed at  45  side 2    Res =  0.4626E+03
 MRCHDU: Convergence failed at  46  side 2    Res =  0.4735E+03
 MRCHDU: Convergence failed at  47  side 2    Res =  0.4856E+03
 MRCHDU: Convergence failed at  48  side 2    Res =  0.4977E+03
 MRCHDU: Convergence failed at  49  side 2    Res =  0.5077E+03
 MRCHDU: Convergence failed at  50  side 2    Res =  0.5134E+03
 MRCHDU: Convergence failed at  51  side 2    Res =  0.5124E+03
 MRCHDU: Convergence failed at  52  side 2    Res =  0.5022E+03
 MRCHDU: Convergence failed at  53  side 2    Res =  0.4784E+03
 MRCHDU: Convergence failed at  54  side 2    Res =  0.4390E+03
 MRCHDU: Convergence failed at  55  side 2    Res =  0.4000E+03
 MRCHDU: Convergence failed at  56  side 2    Res =  0.3667E+03
 MRCHDU: Convergence failed at  57  side 2    Res =  0.3411E+03
 MRCHDU: Convergence failed at  58  side 2    Res =  0.3239E+03
 MRCHDU: Convergence failed at  59  side 2    Res =  0.3161E+03
 MRCHDU: Convergence failed at  60  side 2    Res =  0.3234E+03
 MRCHDU: Convergence failed at  61  side 2    Res =  0.3590E+03
 MRCHDU: Convergence failed at  62  side 2    Res =  0.4215E+03
 MRCHDU: Convergence failed at  63  side 2    Res =  0.5309E+03
 MRCHDU: Convergence failed at  64  side 2    Res =  0.1637E+03
 MRCHDU: Convergence failed at  65  side 2    Res =  0.4511E+04
 MRCHDU: Convergence failed at  66  side 2    Res =  0.1451E+04
 MRCHDU: Convergence failed at  67  side 2    Res =  0.9792E+03
 MRCHDU: Convergence failed at  68  side 2    Res =  0.8326E+03
 MRCHDU: Convergence failed at  69  side 2    Res =  0.7606E+03
 MRCHDU: Convergence failed at  70  side 2    Res =  0.7213E+03
 MRCHDU: Convergence failed at  71  side 2    Res =  0.6977E+03
 MRCHDU: Convergence failed at  72  side 2    Res =  0.6807E+03
 MRCHDU: Convergence failed at  73  side 2    Res =  0.6630E+03
 MRCHDU: Convergence failed at  74  side 2    Res =  0.6336E+03
 MRCHDU: Convergence failed at  75  side 2    Res =  0.5409E+03
 MRCHDU: Convergence failed at  76  side 2    Res =  0.4307E+03
 MRCHDU: Convergence failed at  77  side 2    Res =  0.3535E+03
 MRCHDU: Convergence failed at  78  side 2    Res =  0.3910E+03
 MRCHDU: Convergence failed at  79  side 2    Res =  0.4979E+03
 MRCHDU: Convergence failed at  80  side 2    Res =  0.7404E+03
 MRCHDU: Convergence failed at  81  side 2    Res =  0.1326E+04
 MRCHDU: Convergence failed at  82  side 2    Res =  0.4391E+04
 MRCHDU: Convergence failed at  83  side 2    Res =  0.1272E+03
 Side 1  free  transition at x/c =  0.0494   10
 Side 2  free  transition at x/c =  0.0067   10

   2   rms: 0.1561E+01   max: 0.2727E+01   D at   86  2   RLX: 0.398
       a =  0.000      CL = -1.5969
      Cm =  0.4141     CD =  0.00618   =>   CDf =  0.00356    CDp =  0.00262

 MRCHDU: Convergence failed at  11  side 2    Res =  0.8843E+00
 MRCHDU: Convergence failed at  12  side 2    Res =  0.1114E+01
 MRCHDU: Convergence failed at  13  side 2    Res =  0.2220E-03
 Side 1  free  transition at x/c =  0.0486   10
 Side 2  free  transition at x/c =  0.0082   10

   3   rms: 0.3931E+01   max: 0.1388E+02   T at   13  2   RLX: 0.108
       a =  0.000      CL = -0.9902
      Cm =  0.2111     CD =  0.30150   =>   CDf =  0.00400    CDp =  0.29750

 MRCHDU: Convergence failed at  14  side 2    Res =  0.2743E+04
 MRCHDU: Convergence failed at  15  side 2    Res =  0.9121E+02
 MRCHDU: Convergence failed at  16  side 2    Res =  0.1310E+03
 MRCHDU: Convergence failed at  17  side 2    Res =  0.1076E+04
 MRCHDU: Convergence failed at  18  side 2    Res =  0.3382E+04
 MRCHDU: Convergence failed at  19  side 2    Res =  0.1866E+05
 MRCHDU: Convergence failed at  20  side 2    Res =  0.8571E+03
 MRCHDU: Convergence failed at  21  side 2    Res =  0.4864E+03
 MRCHDU: Convergence failed at  22  side 2    Res =  0.1564E+03
 MRCHDU: Convergence failed at  23  side 2    Res =  0.1422E+03
 MRCHDU: Convergence failed at  24  side 2    Res =  0.1310E+03
 MRCHDU: Convergence failed at  25  side 2    Res =  0.1221E+03
 MRCHDU: Convergence failed at  26  side 2    Res =  0.9595E+02
 MRCHDU: Convergence failed at  27  side 2    Res =  0.9117E+02
 MRCHDU: Convergence failed at  28  side 2    Res =  0.8744E+02
 MRCHDU: Convergence failed at  29  side 2    Res =  0.8466E+02
 MRCHDU: Convergence failed at  30  side 2    Res =  0.8593E+02
 MRCHDU: Convergence failed at  31  side 2    Res =  0.8775E+02
 MRCHDU: Convergence failed at  32  side 2    Res =  0.8761E+02
 MRCHDU: Convergence failed at  33  side 2    Res =  0.8754E+02
 MRCHDU: Convergence failed at  34  side 2    Res =  0.8190E+02
 MRCHDU: Convergence failed at  35  side 2    Res =  0.8997E+02
 MRCHDU: Convergence failed at  36  side 2    Res =  0.9917E+02
 MRCHDU: Convergence failed at  37  side 2    Res =  0.1090E+03
 MRCHDU: Convergence failed at  38  side 2    Res =  0.1184E+03
 MRCHDU: Convergence failed at  39  side 2    Res =  0.1283E+03
 MRCHDU: Convergence failed at  40  side 2    Res =  0.1689E+03
 MRCHDU: Convergence failed at  41  side 2    Res =  0.1970E+03
 MRCHDU: Convergence failed at  42  side 2    Res =  0.2346E+03
 MRCHDU: Convergence failed at  43  side 2    Res =  0.2876E+03
 MRCHDU: Convergence failed at  44  side 2    Res =  0.3623E+03
 MRCHDU: Convergence failed at  45  side 2    Res =  0.4705E+03
 MRCHDU: Convergence failed at  46  side 2    Res =  0.6156E+03
 MRCHDU: Convergence failed at  47  side 2    Res =  0.6616E+04
 MRCHDU: Convergence failed at  48  side 2    Res =  0.1211E+04
 MRCHDU: Convergence failed at  49  side 2    Res =  0.6223E+03
 MRCHDU: Convergence failed at  50  side 2    Res =  0.4518E+03
 MRCHDU: Convergence failed at  51  side 2    Res =  0.3472E+03
 MRCHDU: Convergence failed at  52  side 2    Res =  0.2947E+03
 MRCHDU: Convergence failed at  53  side 2    Res =  0.2314E+03
 MRCHDU: Convergence failed at  54  side 2    Res =  0.2082E+03
 MRCHDU: Convergence failed at  55  side 2    Res =  0.1984E+03
 MRCHDU: Convergence failed at  56  side 2    Res =  0.1835E+03
 MRCHDU: Convergence failed at  57  side 2    Res =  0.1661E+03
 MRCHDU: Convergence failed at  58  side 2    Res =  0.1545E+03
 MRCHDU: Convergence failed at  59  side 2    Res =  0.1464E+03
 MRCHDU: Convergence failed at  60  side 2    Res =  0.1409E+03
 MRCHDU: Convergence failed at  61  side 2    Res =  0.1376E+03
 MRCHDU: Convergence failed at  62  side 2    Res =  0.1317E+03
 MRCHDU: Convergence failed at  63  side 2    Res =  0.1329E+03
 MRCHDU: Convergence failed at  64  side 2    Res =  0.1392E+03
 MRCHDU: Convergence failed at  65  side 2    Res =  0.1397E+03
 MRCHDU: Convergence failed at  66  side 2    Res =  0.1435E+03
 MRCHDU: Convergence failed at  67  side 2    Res =  0.1411E+03
 MRCHDU: Convergence failed at  68  side 2    Res =  0.1359E+03
 MRCHDU: Convergence failed at  69  side 2    Res =  0.1324E+03
 MRCHDU: Convergence failed at  70  side 2    Res =  0.1291E+03
 MRCHDU: Convergence failed at  71  side 2    Res =  0.1255E+03
 MRCHDU: Convergence failed at  72  side 2    Res =  0.1220E+03
 MRCHDU: Convergence failed at  73  side 2    Res =  0.1182E+03
 MRCHDU: Convergence failed at  74  side 2    Res =  0.1155E+03
 MRCHDU: Convergence failed at  75  side 2    Res =  0.1172E+03
 MRCHDU: Convergence failed at  76  side 2    Res =  0.1192E+03
 MRCHDU: Convergence failed at  77  side 2    Res =  0.1155E+03
 MRCHDU: Convergence failed at  78  side 2    Res =  0.1288E+03
 MRCHDU: Convergence failed at  79  side 2    Res =  0.1476E+03
 MRCHDU: Convergence failed at  80  side 2    Res =  0.1781E+03
 MRCHDU: Convergence failed at  81  side 2    Res =  0.2563E+03
 MRCHDU: Convergence failed at  82  side 2    Res =  0.3870E+03
 MRCHDU: Convergence failed at  83  side 2    Res =  0.5375E+03
 MRCHDU: Convergence failed at  84  side 2    Res =  0.1075E+04
 Side 1  free  transition at x/c =  0.0492    9
 Side 2  free  transition at x/c =  0.0071   11

   4   rms: 0.1888E+01   max: 0.1234E+02   D at   87  2   RLX: 0.122
       a =  0.000      CL = -1.9832
      Cm =  0.5080     CD =  0.02092   =>   CDf =  0.00396    CDp =  0.01696

 Side 1  free  transition at x/c =  0.0492   10
 Side 2  free  transition at x/c =  0.0072   10

   5   rms: 0.3976E+02   max: 0.6953E+03   T at    2  1   RLX: 0.002
       a =  0.000      CL = -1.7646
      Cm =  0.4350     CD =  0.09080   =>   CDf =  0.00384    CDp =  0.08696

 Side 1  free  transition at x/c =  0.0493    9
 Side 2  free  transition at x/c =  0.0072   11

   6   rms: 0.2524E+02   max: 0.4359E+03   T at    2  2   RLX: 0.002
       a =  0.000      CL = -1.7690
      Cm =  0.4356     CD =  0.09221   =>   CDf =  0.00394    CDp =  0.08827

 Side 1  free  transition at x/c =  0.0493    9
 Side 2  free  transition at x/c =  0.0072   11

   7   rms: 0.2571E+01   max: 0.1303E+02   D at   87  2   RLX: 0.094
       a =  0.000      CL = -1.9441
      Cm =  0.4625     CD =  0.10586   =>   CDf =  0.00394    CDp =  0.10192

 MRCHDU: Convergence failed at  95  side 2    Res =  0.4662E+02
 MRCHDU: Convergence failed at  96  side 2    Res =  0.2231E+01
 MRCHDU: Convergence failed at  97  side 2    Res =  0.1490E+01
 MRCHDU: Convergence failed at  98  side 2    Res =  0.2288E+01
 MRCHDU: Convergence failed at  99  side 2    Res =  0.4937E+01
 MRCHDU: Convergence failed at 100  side 2    Res =  0.2653E+02
 MRCHDU: Convergence failed at 101  side 2    Res =  0.3605E+01
 Side 1  free  transition at x/c =  0.0510   10
 Side 2  free  transition at x/c =  0.0045   10

   8   rms: 0.1305E+01   max: -.4745E+01   C at   99  2   RLX: 0.105
       a =  0.000      CL = -1.9755
      Cm =  0.4666     CD =  0.10744   =>   CDf =  0.00420    CDp =  0.10324

 Side 1  free  transition at x/c =  0.0509   10
 Side 2  free  transition at x/c =  0.0045   10

   9   rms: 0.1418E+01   max: -.7314E+01   D at  107  2   RLX: 0.068
       a =  0.000      CL = -1.8806
      Cm =  0.4393     CD =  0.15529   =>   CDf =  0.00436    CDp =  0.15093

 Side 1  free  transition at x/c =  0.0504   10
 Side 2  free  transition at x/c =  0.0044   10

  10   rms: 0.1395E+01   max: -.8887E+01   D at  107  2   RLX: 0.056
       a =  0.000      CL = -1.8360
      Cm =  0.4240     CD =  0.20151   =>   CDf =  0.00451    CDp =  0.19699

 Side 1  free  transition at x/c =  0.0504   10
 Side 2  free  transition at x/c =  0.0044   10

  11   rms: 0.1366E+01   max: -.1001E+02   D at  107  2   RLX: 0.050
       a =  0.000      CL = -1.8026
      Cm =  0.4120     CD =  0.22643   =>   CDf =  0.00466    CDp =  0.22177

 Side 1  free  transition at x/c =  0.0503   10
 Side 2  free  transition at x/c =  0.0043   10

  12   rms: 0.1409E+01   max: -.1234E+02   D at  107  2   RLX: 0.041
       a =  0.000      CL = -1.7849
      Cm =  0.4042     CD =  0.25070   =>   CDf =  0.00479    CDp =  0.24592

 Side 1  free  transition at x/c =  0.0504   10
 Side 2  free  transition at x/c =  0.0042   10

  13   rms: 0.1227E+01   max: -.1179E+02   D at  107  2   RLX: 0.042
       a =  0.000      CL = -1.7600
      Cm =  0.3954     CD =  0.25472   =>   CDf =  0.00489    CDp =  0.24983

 MRCHDU: Convergence failed at 107  side 2    Res =  0.7800E-01
 Side 1  free  transition at x/c =  0.0504   10
 Side 2  free  transition at x/c =  0.0041   10

  14   rms: 0.1037E+01   max: -.1036E+02   D at  107  2   RLX: 0.048
       a =  0.000      CL = -1.7251
      Cm =  0.3842     CD =  0.26350   =>   CDf =  0.00499    CDp =  0.25851

 MRCHDU: Convergence failed at 107  side 2    Res =  0.2373E+00
 Side 1  free  transition at x/c =  0.0505   10
 Side 2  free  transition at x/c =  0.0040   10

  15   rms: 0.9695E+00   max: -.3128E+01   T at   80  2   RLX: 0.160
       a =  0.000      CL = -1.4677
      Cm =  0.3255     CD =  0.45211   =>   CDf =  0.00507    CDp =  0.44704

 Side 1  free  transition at x/c =  0.0497   10
 Side 2  free  transition at x/c =  0.0043   10

  16   rms: 0.9750E+00   max: 0.1070E+02   T at   85  2   RLX: 0.140
       a =  0.000      CL = -1.3779
      Cm =  0.3003     CD =  0.48289   =>   CDf =  0.00494    CDp =  0.47795

 MRCHDU: Convergence failed at  76  side 2    Res =  0.1029E-01
 MRCHDU: Convergence failed at  77  side 2    Res =  0.3806E-01
 MRCHDU: Convergence failed at  78  side 2    Res =  0.4933E-01
 MRCHDU: Convergence failed at  79  side 2    Res =  0.7258E-01
 MRCHDU: Convergence failed at  80  side 2    Res =  0.1655E+00
 MRCHDU: Convergence failed at  81  side 2    Res =  0.1135E+00
 MRCHDU: Convergence failed at 106  side 2    Res =  0.2330E+02
 MRCHDU: Convergence failed at 107  side 2    Res =  0.1082E+01
 Side 1  free  transition at x/c =  0.0503   10
 Side 2  free  transition at x/c =  0.0041   10

  17   rms: 0.1471E+01   max: -.1081E+02   T at   11  2   RLX: 0.046
       a =  0.000      CL = -1.4258
      Cm =  0.3051     CD =  0.57732   =>   CDf =  0.00492    CDp =  0.57241

 MRCHDU: Convergence failed at  76  side 2    Res =  0.2521E-01
 MRCHDU: Convergence failed at 105  side 2    Res =  0.1329E+02
 MRCHDU: Convergence failed at 106  side 2    Res =  0.2377E+02
 MRCHDU: Convergence failed at 107  side 2    Res =  0.1598E+02
 Side 1  free  transition at x/c =  0.0515   10
 Side 2  free  transition at x/c =  0.0036   10

  18   rms: 0.8339E+00   max: -.5737E+01   C at   81  2   RLX: 0.087
       a =  0.000      CL = -1.4577
      Cm =  0.3075     CD =  0.28093   =>   CDf =  0.00485    CDp =  0.27608

 Side 1  free  transition at x/c =  0.0554    9
 Side 2  free  transition at x/c =  0.0033   11

  19   rms: 0.2752E+01   max: -.3530E+02   D at    2  2   RLX: 0.014
       a =  0.000      CL = -1.4356
      Cm =  0.3011     CD =  0.35852   =>   CDf =  0.00524    CDp =  0.35328

 Side 1  free  transition at x/c =  0.0548   10
 Side 2  free  transition at x/c =  0.0033   10

  20   rms: 0.2120E+02   max: -.3471E+03   D at    2  1   RLX: 0.001
       a =  0.000      CL = -1.4345
      Cm =  0.3007     CD =  0.37199   =>   CDf =  0.00512    CDp =  0.36687

 Side 1  free  transition at x/c =  0.0543   10
 Side 2  free  transition at x/c =  0.0033   10

  21   rms: 0.1028E+02   max: -.6334E+02   C at   82  2   RLX: 0.008
       a =  0.000      CL = -1.4144
      Cm =  0.2955     CD =  0.28187   =>   CDf =  0.00512    CDp =  0.27675

 Side 1  free  transition at x/c =  0.0528   10
 Side 2  free  transition at x/c =  0.0034   10

  22   rms: 0.5023E+01   max: 0.3214E+02   C at   82  2   RLX: 0.047
       a =  0.000      CL = -1.3855
      Cm =  0.2900     CD =  0.30721   =>   CDf =  0.00519    CDp =  0.30202

 Side 1  free  transition at x/c =  0.0548   10
 Side 2  free  transition at x/c =  0.0034   10

  23   rms: 0.1032E+01   max: 0.3353E+01   D at    3  1   RLX: 0.164
       a =  0.000      CL = -1.1389
      Cm =  0.2380     CD =  0.26053   =>   CDf =  0.00503    CDp =  0.25549

 MRCHDU: Convergence failed at  73  side 2    Res =  0.8999E-01
 MRCHDU: Convergence failed at  74  side 2    Res =  0.2274E+00
 MRCHDU: Convergence failed at  75  side 2    Res =  0.4418E+00
 MRCHDU: Convergence failed at  76  side 2    Res =  0.1451E+00
 MRCHDU: Convergence failed at  77  side 2    Res =  0.8682E-01
 MRCHDU: Convergence failed at  78  side 2    Res =  0.4013E-01
 MRCHDU: Convergence failed at  79  side 2    Res =  0.6288E-01
 MRCHDU: Convergence failed at  80  side 2    Res =  0.1025E+00
 MRCHDU: Convergence failed at  81  side 2    Res =  0.7011E-01
 MRCHDU: Convergence failed at 104  side 2    Res =  0.9509E+01
 MRCHDU: Convergence failed at 105  side 2    Res =  0.1330E+01
 MRCHDU: Convergence failed at 106  side 2    Res =  0.1949E+01
 MRCHDU: Convergence failed at 107  side 2    Res =  0.5917E+01
 Side 1  free  transition at x/c =  0.0508   10
 Side 2  free  transition at x/c =  0.0039   10

  24   rms: 0.7125E+00   max: -.2977E+01   C at  104  2   RLX: 0.168
       a =  0.000      CL = -0.9928
      Cm =  0.2025     CD =  0.27134   =>   CDf =  0.00483    CDp =  0.26651

 MRCHDU: Convergence failed at  73  side 2    Res =  0.3319E-01
 MRCHDU: Convergence failed at  74  side 2    Res =  0.1726E-01
 MRCHDU: Convergence failed at  75  side 2    Res =  0.3889E+00
 MRCHDU: Convergence failed at  76  side 2    Res =  0.1513E+00
 MRCHDU: Convergence failed at  77  side 2    Res =  0.1308E+00
 MRCHDU: Convergence failed at  78  side 2    Res =  0.1853E+00
 MRCHDU: Convergence failed at  79  side 2    Res =  0.5943E+00
 MRCHDU: Convergence failed at  80  side 2    Res =  0.1464E+01
 MRCHDU: Convergence failed at  81  side 2    Res =  0.2695E+00
 Side 1  free  transition at x/c =  0.0503   10
 Side 2  free  transition at x/c =  0.0041   10

  25   rms: 0.2891E+01   max: -.2199E+02   T at   11  2   RLX: 0.023
       a =  0.000      CL = -1.0593
      Cm =  0.2130     CD =  0.45503   =>   CDf =  0.00478    CDp =  0.45025

 MRCHDU: Convergence failed at  75  side 2    Res =  0.5232E+00
 MRCHDU: Convergence failed at  76  side 2    Res =  0.5223E+00
 MRCHDU: Convergence failed at  77  side 2    Res =  0.1223E+00
 MRCHDU: Convergence failed at  78  side 2    Res =  0.1409E+01
 MRCHDU: Convergence failed at  79  side 2    Res =  0.5235E+00
 MRCHDU: Convergence failed at  80  side 2    Res =  0.9838E-01
 MRCHDU: Convergence failed at  81  side 2    Res =  0.1428E+00
 Side 1  free  transition at x/c =  0.0515   10
 Side 2  free  transition at x/c =  0.0037   10

  26   rms: 0.7254E+00   max: -.8650E+01   C at   81  2   RLX: 0.058
       a =  0.000      CL = -1.0481
      Cm =  0.2113     CD =  0.36508   =>   CDf =  0.00482    CDp =  0.36026

 MRCHDU: Convergence failed at  77  side 2    Res =  0.6478E-01
 MRCHDU: Convergence failed at  78  side 2    Res =  0.7698E-01
 MRCHDU: Convergence failed at  79  side 2    Res =  0.2958E+00
 MRCHDU: Convergence failed at  80  side 2    Res =  0.1856E+00
 MRCHDU: Convergence failed at  81  side 2    Res =  0.1749E+00
 Side 1  free  transition at x/c =  0.0514   10
 Side 2  free  transition at x/c =  0.0037   10

  27   rms: 0.9579E+00   max: -.9364E+01   C at   77  2   RLX: 0.053
       a =  0.000      CL = -0.9968
      Cm =  0.1996     CD =  0.40489   =>   CDf =  0.00480    CDp =  0.40009

 MRCHDU: Convergence failed at  79  side 2    Res =  0.1099E+01
 MRCHDU: Convergence failed at  80  side 2    Res =  0.1472E+00
 MRCHDU: Convergence failed at  81  side 2    Res =  0.3478E+00
 MRCHDU: Convergence failed at 102  side 2    Res =  0.1953E+01
 MRCHDU: Convergence failed at 103  side 2    Res =  0.3253E+01
 MRCHDU: Convergence failed at 104  side 2    Res =  0.4477E+02
 MRCHDU: Convergence failed at 105  side 2    Res =  0.2819E+01
 MRCHDU: Convergence failed at 106  side 2    Res =  0.1313E+01
 MRCHDU: Convergence failed at 107  side 2    Res =  0.3048E+01
 Side 1  free  transition at x/c =  0.0509   10
 Side 2  free  transition at x/c =  0.0039   10

  28   rms: 0.2267E+01   max: -.1405E+02   C at   82  2   RLX: 0.036
       a =  0.000      CL = -0.9394
      Cm =  0.1875     CD =  0.25565   =>   CDf =  0.00477    CDp =  0.25088

 MRCHDU: Convergence failed at  79  side 2    Res =  0.2032E+00
 MRCHDU: Convergence failed at  80  side 2    Res =  0.1192E+00
 MRCHDU: Convergence failed at  81  side 2    Res =  0.4406E-01
 MRCHDU: Convergence failed at  82  side 2    Res =  0.7779E+00
 Side 1  free  transition at x/c =  0.0503   10
 Side 2  free  transition at x/c =  0.0041   10

  29   rms: 0.3310E+01   max: -.1562E+02   C at   83  2   RLX: 0.032
       a =  0.000      CL = -0.8628
      Cm =  0.1706     CD =  0.23109   =>   CDf =  0.00474    CDp =  0.22635

 MRCHDU: Convergence failed at  79  side 2    Res =  0.2937E+00
 MRCHDU: Convergence failed at  80  side 2    Res =  0.6921E-01
 MRCHDU: Convergence failed at  81  side 2    Res =  0.1188E+00
 MRCHDU: Convergence failed at  82  side 2    Res =  0.3633E-01
 MRCHDU: Convergence failed at  83  side 2    Res =  0.5810E-01
 Side 1  free  transition at x/c =  0.0497   10
 Side 2  free  transition at x/c =  0.0042   10

  30   rms: 0.6417E+02   max: 0.3108E+03   T at   99  2   RLX: 0.003
       a =  0.000      CL = -1.0066
      Cm =  0.2003     CD =  0.52768   =>   CDf =  0.00476    CDp =  0.52292

 MRCHDU: Convergence failed at  78  side 2    Res =  0.2943E+00
 MRCHDU: Convergence failed at  79  side 2    Res =  0.2976E+00
 MRCHDU: Convergence failed at  80  side 2    Res =  0.6501E-01
 MRCHDU: Convergence failed at  81  side 2    Res =  0.2796E+00
 MRCHDU: Convergence failed at  82  side 2    Res =  0.5001E-01
 MRCHDU: Convergence failed at  83  side 2    Res =  0.9692E-01
 MRCHDU: Convergence failed at  97  side 2    Res =  0.1710E+01
 MRCHDU: Convergence failed at  98  side 2    Res =  0.3307E+01
 MRCHDU: Convergence failed at  99  side 2    Res =  0.4398E+01
 MRCHDU: Convergence failed at 100  side 2    Res =  0.2334E+01
 MRCHDU: Convergence failed at 101  side 2    Res =  0.1415E+01
 Side 1  free  transition at x/c =  0.0515   10
 Side 2  free  transition at x/c =  0.0036   10

  31   rms: 0.3432E+01   max: -.1655E+02   C at   83  2   RLX: 0.030
       a =  0.000      CL = -0.9441
      Cm =  0.1910     CD =  0.27706   =>   CDf =  0.00472    CDp =  0.27234

 MRCHDU: Convergence failed at  78  side 2    Res =  0.2947E-01
 MRCHDU: Convergence failed at  79  side 2    Res =  0.1938E+00
 MRCHDU: Convergence failed at  80  side 2    Res =  0.2404E+00
 MRCHDU: Convergence failed at  81  side 2    Res =  0.1467E+00
 MRCHDU: Convergence failed at  82  side 2    Res =  0.3985E-01
 MRCHDU: Convergence failed at  83  side 2    Res =  0.1461E+01
 MRCHDU: Convergence failed at 102  side 2    Res =  0.1096E+04
 Side 1  free  transition at x/c =  0.0504   10
 Side 2  free  transition at x/c =  0.0038   10

  32   rms: 0.9399E+01   max: -.4891E+02   C at   85  2   RLX: 0.010
       a =  0.000      CL = -0.9021
      Cm =  0.1812     CD =  0.22706   =>   CDf =  0.00464    CDp =  0.22241

 MRCHDU: Convergence failed at  78  side 2    Res =  0.3093E-01
 MRCHDU: Convergence failed at  79  side 2    Res =  0.1802E+00
 MRCHDU: Convergence failed at  80  side 2    Res =  0.1356E+00
 MRCHDU: Convergence failed at  81  side 2    Res =  0.8243E-01
 MRCHDU: Convergence failed at  82  side 2    Res =  0.2762E-01
 MRCHDU: Convergence failed at  83  side 2    Res =  0.1126E-01
 MRCHDU: Convergence failed at  84  side 2    Res =  0.2722E-01
 Side 1  free  transition at x/c =  0.0500   10
 Side 2  free  transition at x/c =  0.0039   10

  33   rms: 0.1310E+02   max: -.6785E+02   C at   85  2   RLX: 0.007
       a =  0.000      CL = -0.8709
      Cm =  0.1733     CD =  0.26396   =>   CDf =  0.00468    CDp =  0.25929

 MRCHDU: Convergence failed at  78  side 2    Res =  0.2989E-01
 MRCHDU: Convergence failed at  79  side 2    Res =  0.1770E+00
 MRCHDU: Convergence failed at  80  side 2    Res =  0.1339E+00
 MRCHDU: Convergence failed at  81  side 2    Res =  0.7850E-01
 MRCHDU: Convergence failed at  82  side 2    Res =  0.2428E-01
 MRCHDU: Convergence failed at  83  side 2    Res =  0.9215E-02
 MRCHDU: Convergence failed at  84  side 2    Res =  0.1173E-01
 Side 1  free  transition at x/c =  0.0497   10
 Side 2  free  transition at x/c =  0.0039   10

  34   rms: 0.2245E+02   max: -.1144E+03   C at   85  2   RLX: 0.004
       a =  0.000      CL = -0.8466
      Cm =  0.1669     CD =  0.26515   =>   CDf =  0.00472    CDp =  0.26042

 MRCHDU: Convergence failed at  78  side 2    Res =  0.3101E-01
 MRCHDU: Convergence failed at  79  side 2    Res =  0.1736E+00
 MRCHDU: Convergence failed at  80  side 2    Res =  0.1310E+00
 MRCHDU: Convergence failed at  81  side 2    Res =  0.6900E-01
 MRCHDU: Convergence failed at  82  side 2    Res =  0.1832E-01
 MRCHDU: Convergence failed at  83  side 2    Res =  0.6226E-02
 MRCHDU: Convergence failed at  84  side 2    Res =  0.5169E-02
 Side 1  free  transition at x/c =  0.0496    9
 Side 2  free  transition at x/c =  0.0039   10

  35   rms: 0.3421E+02   max: -.1703E+03   C at   85  2   RLX: 0.003
       a =  0.000      CL = -0.8277
      Cm =  0.1616     CD =  0.27664   =>   CDf =  0.00478    CDp =  0.27186

 MRCHDU: Convergence failed at  78  side 2    Res =  0.3122E-01
 MRCHDU: Convergence failed at  79  side 2    Res =  0.1724E+00
 MRCHDU: Convergence failed at  80  side 2    Res =  0.1286E+00
 MRCHDU: Convergence failed at  81  side 2    Res =  0.5460E-01
 MRCHDU: Convergence failed at  82  side 2    Res =  0.1215E-01
 MRCHDU: Convergence failed at  83  side 2    Res =  0.3657E-02
 MRCHDU: Convergence failed at  84  side 2    Res =  0.2429E-02
 Side 1  free  transition at x/c =  0.0495    9
 Side 2  free  transition at x/c =  0.0040   10

  36   rms: 0.3775E+02   max: 0.2006E+03   T at   95  2   RLX: 0.007
       a =  0.000      CL = -0.8359
      Cm =  0.1669     CD =  0.63466   =>   CDf =  0.00483    CDp =  0.62983

 MRCHDU: Convergence failed at  78  side 2    Res =  0.3000E-01
 MRCHDU: Convergence failed at  79  side 2    Res =  0.1674E+00
 MRCHDU: Convergence failed at  80  side 2    Res =  0.1484E+00
 MRCHDU: Convergence failed at  81  side 2    Res =  0.5631E+00
 MRCHDU: Convergence failed at  82  side 2    Res =  0.1125E+01
 MRCHDU: Convergence failed at  83  side 2    Res =  0.2280E+00
 MRCHDU: Convergence failed at  96  side 2    Res =  0.1362E+02
 MRCHDU: Convergence failed at  97  side 2    Res =  0.3018E+00
 MRCHDU: Convergence failed at  98  side 2    Res =  0.3284E+00
 MRCHDU: Convergence failed at  99  side 2    Res =  0.2941E+00
 MRCHDU: Convergence failed at 100  side 2    Res =  0.2408E+00
 MRCHDU: Convergence failed at 101  side 2    Res =  0.1613E+00
 MRCHDU: Convergence failed at 102  side 2    Res =  0.6338E-01
 Side 1  free  transition at x/c =  0.0496    9
 Side 2  free  transition at x/c =  0.0040   10

  37   rms: 0.5059E+01   max: -.2889E+02   T at  101  2   RLX: 0.017
       a =  0.000      CL = -0.7829
      Cm =  0.1554     CD =  0.16039   =>   CDf =  0.00469    CDp =  0.15570

 MRCHDU: Convergence failed at  78  side 2    Res =  0.3596E-01
 MRCHDU: Convergence failed at  79  side 2    Res =  0.1685E+00
 MRCHDU: Convergence failed at  80  side 2    Res =  0.1279E+00
 MRCHDU: Convergence failed at  81  side 2    Res =  0.8216E-01
 MRCHDU: Convergence failed at  82  side 2    Res =  0.4557E-01
 MRCHDU: Convergence failed at  83  side 2    Res =  0.1804E-01
 MRCHDU: Convergence failed at  84  side 2    Res =  0.2261E+00
 MRCHDU: Convergence failed at 102  side 2    Res =  0.3730E+00
 Side 1  free  transition at x/c =  0.0495    9
 Side 2  free  transition at x/c =  0.0040   10

  38   rms: 0.4054E+01   max: -.2572E+02   T at  102  2   RLX: 0.019
       a =  0.000      CL = -0.7319
      Cm =  0.1443     CD =  0.36386   =>   CDf =  0.00473    CDp =  0.35914

 MRCHDU: Convergence failed at  78  side 2    Res =  0.4435E-01
 MRCHDU: Convergence failed at  79  side 2    Res =  0.1627E+00
 MRCHDU: Convergence failed at  80  side 2    Res =  0.1264E+00
 MRCHDU: Convergence failed at  81  side 2    Res =  0.7881E-01
 MRCHDU: Convergence failed at  82  side 2    Res =  0.3862E-01
 MRCHDU: Convergence failed at  83  side 2    Res =  0.1324E-01
 MRCHDU: Convergence failed at  84  side 2    Res =  0.5778E-02
 Side 1  free  transition at x/c =  0.0493    9
 Side 2  free  transition at x/c =  0.0040   10

  39   rms: 0.4844E+01   max: -.3445E+02   T at  102  2   RLX: 0.015
       a =  0.000      CL = -0.6972
      Cm =  0.1365     CD =  0.45764   =>   CDf =  0.00476    CDp =  0.45287

 MRCHDU: Convergence failed at  78  side 2    Res =  0.3595E-01
 MRCHDU: Convergence failed at  79  side 2    Res =  0.1646E+00
 MRCHDU: Convergence failed at  80  side 2    Res =  0.1267E+00
 MRCHDU: Convergence failed at  81  side 2    Res =  0.7727E-01
 MRCHDU: Convergence failed at  82  side 2    Res =  0.3230E-01
 MRCHDU: Convergence failed at  83  side 2    Res =  0.9914E-02
 MRCHDU: Convergence failed at  84  side 2    Res =  0.3971E-02
 Side 1  free  transition at x/c =  0.0492    9
 Side 2  free  transition at x/c =  0.0041   10

  40   rms: 0.3168E+02   max: -.2600E+03   T at  102  2   RLX: 0.002
       a =  0.000      CL = -0.6847
      Cm =  0.1331     CD =  0.53565   =>   CDf =  0.00480    CDp =  0.53085

 MRCHDU: Convergence failed at  78  side 2    Res =  0.3425E-01
 MRCHDU: Convergence failed at  79  side 2    Res =  0.1623E+00
 MRCHDU: Convergence failed at  80  side 2    Res =  0.1229E+00
 MRCHDU: Convergence failed at  81  side 2    Res =  0.7332E-01
 MRCHDU: Convergence failed at  82  side 2    Res =  0.2638E-01
 MRCHDU: Convergence failed at  83  side 2    Res =  0.7554E-02
 MRCHDU: Convergence failed at  84  side 2    Res =  0.2863E-02
 Side 1  free  transition at x/c =  0.0492    9
 Side 2  free  transition at x/c =  0.0041   10

  41   rms: 0.1816E+02   max: 0.1701E+03   T at  101  2   RLX: 0.009
       a =  0.000      CL = -0.6925
      Cm =  0.1369     CD =  0.78445   =>   CDf =  0.00485    CDp =  0.77961

 MRCHDU: Convergence failed at  78  side 2    Res =  0.3021E-01
 MRCHDU: Convergence failed at  79  side 2    Res =  0.1633E+00
 MRCHDU: Convergence failed at  80  side 2    Res =  0.1254E+00
 MRCHDU: Convergence failed at  81  side 2    Res =  0.9525E-01
 MRCHDU: Convergence failed at  82  side 2    Res =  0.6776E-01
 MRCHDU: Convergence failed at  83  side 2    Res =  0.2229E-01
 MRCHDU: Convergence failed at  84  side 2    Res =  0.8859E-02
 Side 1  free  transition at x/c =  0.0493    9
 Side 2  free  transition at x/c =  0.0041   10

  42   rms: 0.1005E+02   max: -.8305E+02   T at  102  2   RLX: 0.006
       a =  0.000      CL = -0.6741
      Cm =  0.1325     CD =  0.51277   =>   CDf =  0.00484    CDp =  0.50794

 MRCHDU: Convergence failed at  77  side 2    Res =  0.2613E-01
 MRCHDU: Convergence failed at  78  side 2    Res =  0.1658E+00
 MRCHDU: Convergence failed at  79  side 2    Res =  0.1259E+00
 MRCHDU: Convergence failed at  80  side 2    Res =  0.9605E-01
 MRCHDU: Convergence failed at  81  side 2    Res =  0.6020E-01
 MRCHDU: Convergence failed at  82  side 2    Res =  0.1734E-01
 MRCHDU: Convergence failed at  83  side 2    Res =  0.6306E-02
 Side 1  free  transition at x/c =  0.0492   10
 Side 2  free  transition at x/c =  0.0041    9

  43   rms: 0.2889E+02   max: 0.3917E+03   D at    2  1   RLX: 0.003
       a =  0.000      CL = -0.6820
      Cm =  0.1350     CD =  0.71224   =>   CDf =  0.00466    CDp =  0.70758

 MRCHDU: Convergence failed at  78  side 2    Res =  0.2473E-01
 MRCHDU: Convergence failed at  79  side 2    Res =  0.1647E+00
 MRCHDU: Convergence failed at  80  side 2    Res =  0.1246E+00
 MRCHDU: Convergence failed at  81  side 2    Res =  0.9686E-01
 MRCHDU: Convergence failed at  82  side 2    Res =  0.7058E-01
 MRCHDU: Convergence failed at  83  side 2    Res =  0.2310E-01
 MRCHDU: Convergence failed at  84  side 2    Res =  0.8919E-02
 Side 1  free  transition at x/c =  0.0493    9
 Side 2  free  transition at x/c =  0.0041   10

  44   rms: 0.6834E+02   max: -.9702E+03   D at    2  2   RLX: 0.001
       a =  0.000      CL = -0.6778
      Cm =  0.1339     CD =  0.59791   =>   CDf =  0.00484    CDp =  0.59307

 MRCHDU: Convergence failed at  77  side 2    Res =  0.2422E-01
 MRCHDU: Convergence failed at  78  side 2    Res =  0.1648E+00
 MRCHDU: Convergence failed at  79  side 2    Res =  0.1243E+00
 MRCHDU: Convergence failed at  80  side 2    Res =  0.9702E-01
 MRCHDU: Convergence failed at  81  side 2    Res =  0.6781E-01
 MRCHDU: Convergence failed at  82  side 2    Res =  0.2110E-01
 MRCHDU: Convergence failed at  83  side 2    Res =  0.7892E-02
 Side 1  free  transition at x/c =  0.0493   10
 Side 2  free  transition at x/c =  0.0041    9

  45   rms: 0.1736E+03   max: 0.2894E+04   T at    2  1   RLX: 0.000
       a =  0.000      CL = -0.6744
      Cm =  0.1333     CD =  0.66858   =>   CDf =  0.00463    CDp =  0.66394

 MRCHDU: Convergence failed at  78  side 2    Res =  0.2416E-01
 MRCHDU: Convergence failed at  79  side 2    Res =  0.1644E+00
 MRCHDU: Convergence failed at  80  side 2    Res =  0.1240E+00
 MRCHDU: Convergence failed at  81  side 2    Res =  0.9703E-01
 MRCHDU: Convergence failed at  82  side 2    Res =  0.7161E-01
 MRCHDU: Convergence failed at  83  side 2    Res =  0.2370E-01
 MRCHDU: Convergence failed at  84  side 2    Res =  0.9178E-02
 Side 1  free  transition at x/c =  0.0494    9
 Side 2  free  transition at x/c =  0.0041   10

  46   rms: 0.1799E+03   max: -.3065E+04   D at    2  2   RLX: 0.000
       a =  0.000      CL = -0.6732
      Cm =  0.1329     CD =  0.61725   =>   CDf =  0.00487    CDp =  0.61238

 MRCHDU: Convergence failed at  77  side 2    Res =  0.2400E-01
 MRCHDU: Convergence failed at  78  side 2    Res =  0.1645E+00
 MRCHDU: Convergence failed at  79  side 2    Res =  0.1241E+00
 MRCHDU: Convergence failed at  80  side 2    Res =  0.9710E-01
 MRCHDU: Convergence failed at  81  side 2    Res =  0.7072E-01
 MRCHDU: Convergence failed at  82  side 2    Res =  0.2301E-01
 MRCHDU: Convergence failed at  83  side 2    Res =  0.8812E-02
 Side 1  free  transition at x/c =  0.0494   10
 Side 2  free  transition at x/c =  0.0041    9

  47   rms: 0.6000E+03   max: -.1061E+05   D at    2  1   RLX: 0.000
       a =  0.000      CL = -0.6667
      Cm =  0.1313     CD =  0.62461   =>   CDf =  0.00477    CDp =  0.61984

 MRCHDU: Convergence failed at  77  side 2    Res =  0.2393E-01
 MRCHDU: Convergence failed at  78  side 2    Res =  0.1646E+00
 MRCHDU: Convergence failed at  79  side 2    Res =  0.1241E+00
 MRCHDU: Convergence failed at  80  side 2    Res =  0.9712E-01
 MRCHDU: Convergence failed at  81  side 2    Res =  0.7010E-01
 MRCHDU: Convergence failed at  82  side 2    Res =  0.2255E-01
 MRCHDU: Convergence failed at  83  side 2    Res =  0.8577E-02
 Side 1  free  transition at x/c =  0.0494   10
 Side 2  free  transition at x/c =  0.0041    9

  48   rms: 0.4200E+03   max: -.3675E+04   T at  101  2   RLX: 0.000
       a =  0.000      CL = -0.6574
      Cm =  0.1287     CD =  0.55313   =>   CDf =  0.00477    CDp =  0.54837

 MRCHDU: Convergence failed at  77  side 2    Res =  0.2336E-01
 MRCHDU: Convergence failed at  78  side 2    Res =  0.1660E+00
 MRCHDU: Convergence failed at  79  side 2    Res =  0.1251E+00
 MRCHDU: Convergence failed at  80  side 2    Res =  0.9738E-01
 MRCHDU: Convergence failed at  81  side 2    Res =  0.6283E-01
 MRCHDU: Convergence failed at  82  side 2    Res =  0.1786E-01
 MRCHDU: Convergence failed at  83  side 2    Res =  0.6308E-02
 Side 1  free  transition at x/c =  0.0493   10
 Side 2  free  transition at x/c =  0.0041    9

  49   rms: 0.9242E+01   max: 0.9297E+02   T at  101  2   RLX: 0.016
       a =  0.000      CL = -0.6529
      Cm =  0.1302     CD =  0.75425   =>   CDf =  0.00480    CDp =  0.74945

 MRCHDU: Convergence failed at  77  side 2    Res =  0.1374E-01
 MRCHDU: Convergence failed at  78  side 2    Res =  0.1731E+00
 MRCHDU: Convergence failed at  79  side 2    Res =  0.1324E+00
 MRCHDU: Convergence failed at  80  side 2    Res =  0.1003E+00
 MRCHDU: Convergence failed at  81  side 2    Res =  0.1000E+00
 MRCHDU: Convergence failed at  82  side 2    Res =  0.4586E-01
 MRCHDU: Convergence failed at  83  side 2    Res =  0.3167E-01
 Side 1  free  transition at x/c =  0.0493   10
 Side 2  free  transition at x/c =  0.0041    9

  50   rms: 0.6801E+01   max: -.6110E+02   T at  101  2   RLX: 0.008
       a =  0.000      CL = -0.6283
      Cm =  0.1246     CD =  0.47031   =>   CDf =  0.00466    CDp =  0.46565

 MRCHDU: Convergence failed at  77  side 2    Res =  0.7397E-02
 MRCHDU: Convergence failed at  78  side 2    Res =  0.1758E+00
 MRCHDU: Convergence failed at  79  side 2    Res =  0.1320E+00
 MRCHDU: Convergence failed at  80  side 2    Res =  0.8464E-01
 MRCHDU: Convergence failed at  81  side 2    Res =  0.5019E-01
 MRCHDU: Convergence failed at  82  side 2    Res =  0.3359E-01
 MRCHDU: Convergence failed at  83  side 2    Res =  0.1811E-01
 Side 1  free  transition at x/c =  0.0493   10
 Side 2  free  transition at x/c =  0.0041    9

  51   rms: 0.6605E+01   max: -.4232E+02   T at  101  2   RLX: 0.012
       a =  0.000      CL = -0.6708
      Cm =  0.1296     CD =  0.51813   =>   CDf =  0.00459    CDp =  0.51355

 MRCHDU: Convergence failed at  79  side 2    Res =  0.1135E+00
 MRCHDU: Convergence failed at  80  side 2    Res =  0.6989E-01
 MRCHDU: Convergence failed at  81  side 2    Res =  0.8394E-01
 MRCHDU: Convergence failed at  82  side 2    Res =  0.4740E-01
 MRCHDU: Convergence failed at  83  side 2    Res =  0.2877E-01
 MRCHDU: Convergence failed at  84  side 2    Res =  0.1331E-01
 Side 1  free  transition at x/c =  0.0492    9
 Side 2  free  transition at x/c =  0.0041   10

  52   rms: 0.1379E+02   max: 0.1477E+03   T at  102  2   RLX: 0.010
       a =  0.000      CL = -0.6663
      Cm =  0.1310     CD =  0.75216   =>   CDf =  0.00483    CDp =  0.74733

 MRCHDU: Convergence failed at  79  side 2    Res =  0.1553E+00
 MRCHDU: Convergence failed at  80  side 2    Res =  0.1003E+00
 MRCHDU: Convergence failed at  81  side 2    Res =  0.5235E-01
 MRCHDU: Convergence failed at  82  side 2    Res =  0.6626E-01
 MRCHDU: Convergence failed at  83  side 2    Res =  0.6939E-01
 MRCHDU: Convergence failed at  84  side 2    Res =  0.1159E+00
 Side 1  free  transition at x/c =  0.0493    9
 Side 2  free  transition at x/c =  0.0041   10

  53   rms: 0.1229E+02   max: -.1331E+03   T at  102  2   RLX: 0.004
       a =  0.000      CL = -0.6478
      Cm =  0.1264     CD =  0.53825   =>   CDf =  0.00470    CDp =  0.53355

 MRCHDU: Convergence failed at  79  side 2    Res =  0.1519E+00
 MRCHDU: Convergence failed at  80  side 2    Res =  0.1001E+00
 MRCHDU: Convergence failed at  81  side 2    Res =  0.5196E-01
 MRCHDU: Convergence failed at  82  side 2    Res =  0.6686E-01
 MRCHDU: Convergence failed at  83  side 2    Res =  0.6770E-01
 MRCHDU: Convergence failed at  84  side 2    Res =  0.4020E-01
 Side 1  free  transition at x/c =  0.0492    9
 Side 2  free  transition at x/c =  0.0041   10

  54   rms: 0.6383E+02   max: 0.8415E+03   T at  102  2   RLX: 0.002
       a =  0.000      CL = -0.6623
      Cm =  0.1310     CD =  0.75055   =>   CDf =  0.00473    CDp =  0.74582

 MRCHDU: Convergence failed at  79  side 2    Res =  0.1498E+00
 MRCHDU: Convergence failed at  80  side 2    Res =  0.9919E-01
 MRCHDU: Convergence failed at  81  side 2    Res =  0.7915E-01
 MRCHDU: Convergence failed at  82  side 2    Res =  0.5280E-01
 MRCHDU: Convergence failed at  83  side 2    Res =  0.6383E-01
 MRCHDU: Convergence failed at  84  side 2    Res =  0.2187E+00
 Side 1  free  transition at x/c =  0.0493    9
 Side 2  free  transition at x/c =  0.0041   10

  55   rms: 0.9101E+01   max: -.9192E+02   T at  102  2   RLX: 0.005
       a =  0.000      CL = -0.6459
      Cm =  0.1270     CD =  0.54138   =>   CDf =  0.00464    CDp =  0.53674

 MRCHDU: Convergence failed at  79  side 2    Res =  0.1543E+00
 MRCHDU: Convergence failed at  80  side 2    Res =  0.9686E-01
 MRCHDU: Convergence failed at  81  side 2    Res =  0.7965E-01
 MRCHDU: Convergence failed at  82  side 2    Res =  0.5289E-01
 MRCHDU: Convergence failed at  83  side 2    Res =  0.6292E-01
 MRCHDU: Convergence failed at  84  side 2    Res =  0.4464E-01
 Side 1  free  transition at x/c =  0.0493    9
 Side 2  free  transition at x/c =  0.0041   10

  56   rms: 0.5792E+02   max: 0.7492E+03   T at  102  2   RLX: 0.002
       a =  0.000      CL = -0.6610
      Cm =  0.1317     CD =  0.78782   =>   CDf =  0.00468    CDp =  0.78314

 MRCHDU: Convergence failed at  79  side 2    Res =  0.1501E+00
 MRCHDU: Convergence failed at  80  side 2    Res =  0.9476E-01
 MRCHDU: Convergence failed at  81  side 2    Res =  0.7888E-01
 MRCHDU: Convergence failed at  82  side 2    Res =  0.5282E-01
 MRCHDU: Convergence failed at  83  side 2    Res =  0.7240E-01
 MRCHDU: Convergence failed at  84  side 2    Res =  0.5927E+00
 Side 1  free  transition at x/c =  0.0494    9
 Side 2  free  transition at x/c =  0.0041   10

  57   rms: 0.3962E+01   max: -.3690E+02   T at  102  2   RLX: 0.014
       a =  0.000      CL = -0.6335
      Cm =  0.1256     CD =  0.50663   =>   CDf =  0.00458    CDp =  0.50205

 MRCHDU: Convergence failed at  79  side 2    Res =  0.1505E+00
 MRCHDU: Convergence failed at  80  side 2    Res =  0.7795E-01
 MRCHDU: Convergence failed at  81  side 2    Res =  0.8131E-01
 MRCHDU: Convergence failed at  82  side 2    Res =  0.5364E-01
 MRCHDU: Convergence failed at  83  side 2    Res =  0.7433E-01
 MRCHDU: Convergence failed at  84  side 2    Res =  0.6314E-01
 Side 1  free  transition at x/c =  0.0493    9
 Side 2  free  transition at x/c =  0.0041   10

  58   rms: 0.9764E+02   max: 0.1171E+04   T at  102  2   RLX: 0.001
       a =  0.000      CL = -0.6526
      Cm =  0.1313     CD =  0.76244   =>   CDf =  0.00461    CDp =  0.75783

 MRCHDU: Convergence failed at  79  side 2    Res =  0.1408E+00
 MRCHDU: Convergence failed at  80  side 2    Res =  0.7604E-01
 MRCHDU: Convergence failed at  81  side 2    Res =  0.8034E-01
 MRCHDU: Convergence failed at  82  side 2    Res =  0.5321E-01
 MRCHDU: Convergence failed at  83  side 2    Res =  0.7795E-01
 MRCHDU: Convergence failed at  84  side 2    Res =  0.2288E+00
 Side 1  free  transition at x/c =  0.0494    9
 Side 2  free  transition at x/c =  0.0041   10

  59   rms: 0.1619E+01   max: -.1186E+02   T at  102  2   RLX: 0.042
       a =  0.000      CL = -0.5852
      Cm =  0.1178     CD =  0.45371   =>   CDf =  0.00461    CDp =  0.44911

 MRCHDU: Convergence failed at  78  side 2    Res =  0.1613E+00
 MRCHDU: Convergence failed at  79  side 2    Res =  0.6707E-01
 MRCHDU: Convergence failed at  80  side 2    Res =  0.8282E-01
 MRCHDU: Convergence failed at  81  side 2    Res =  0.5258E-01
 MRCHDU: Convergence failed at  82  side 2    Res =  0.7624E-01
 MRCHDU: Convergence failed at  83  side 2    Res =  0.7853E-01
 Side 1  free  transition at x/c =  0.0492   10
 Side 2  free  transition at x/c =  0.0041    9

  60   rms: 0.5233E+01   max: -.5463E+02   T at  101  2   RLX: 0.009
       a =  0.000      CL = -0.5694
      Cm =  0.1140     CD =  0.54440   =>   CDf =  0.00449    CDp =  0.53992

 MRCHDU: Convergence failed at  77  side 2    Res =  0.4787E-02
 MRCHDU: Convergence failed at  78  side 2    Res =  0.5753E+00
 MRCHDU: Convergence failed at  79  side 2    Res =  0.7343E-01
 MRCHDU: Convergence failed at  80  side 2    Res =  0.8354E-01
 MRCHDU: Convergence failed at  81  side 2    Res =  0.5236E-01
 MRCHDU: Convergence failed at  82  side 2    Res =  0.7540E-01
 MRCHDU: Convergence failed at  83  side 2    Res =  0.5316E-01
 Side 1  free  transition at x/c =  0.0492   10
 Side 2  free  transition at x/c =  0.0041    9

  61   rms: 0.7947E+00   max: -.1170E+01   U at  106  2   RLX: 0.321
       a =  0.000      CL = -0.3520
      Cm =  0.0727     CD =  0.22547   =>   CDf =  0.00451    CDp =  0.22096

 MRCHDU: Convergence failed at  83  side 2    Res =  0.5964E-01
 MRCHDU: Convergence failed at 103  side 2    Res =  0.4239E+01
 MRCHDU: Convergence failed at 104  side 2    Res =  0.1316E+01
 MRCHDU: Convergence failed at 105  side 2    Res =  0.3252E+01
 MRCHDU: Convergence failed at 106  side 2    Res =  0.3942E+01
 Side 1  free  transition at x/c =  0.0489   10
 Side 2  free  transition at x/c =  0.0043    9

  62   rms: 0.9445E+00   max: -.6429E+01   T at  101  2   RLX: 0.078
       a =  0.000      CL = -0.2763
      Cm =  0.0562     CD =  0.26356   =>   CDf =  0.00413    CDp =  0.25943

 MRCHDU: Convergence failed at  81  side 2    Res =  0.5015E-01
 MRCHDU: Convergence failed at  82  side 2    Res =  0.1169E+00
 MRCHDU: Convergence failed at  83  side 2    Res =  0.1220E+01
 Side 1  free  transition at x/c =  0.0486   10
 Side 2  free  transition at x/c =  0.0043    9

  63   rms: 0.3071E+02   max: -.3886E+03   T at  101  2   RLX: 0.001
       a =  0.000      CL = -0.2598
      Cm =  0.0523     CD =  0.31301   =>   CDf =  0.00410    CDp =  0.30891

 MRCHDU: Convergence failed at  81  side 2    Res =  0.2936E+00
 MRCHDU: Convergence failed at  82  side 2    Res =  0.8238E-01
 MRCHDU: Convergence failed at  83  side 2    Res =  0.1366E+00
 Side 1  free  transition at x/c =  0.0485   10
 Side 2  free  transition at x/c =  0.0043    9

  64   rms: 0.2744E+02   max: 0.3034E+03   C at  101  2   RLX: 0.003
       a =  0.000      CL = -0.2425
      Cm =  0.0481     CD =  0.43027   =>   CDf =  0.00413    CDp =  0.42613

 MRCHDU: Convergence failed at  81  side 2    Res =  0.4568E-01
 MRCHDU: Convergence failed at  82  side 2    Res =  0.3932E+00
 MRCHDU: Convergence failed at  83  side 2    Res =  0.7668E-01
 MRCHDU: Convergence failed at 102  side 2    Res =  0.8182E-01
 Side 1  free  transition at x/c =  0.0484   10
 Side 2  free  transition at x/c =  0.0044    9

  65   rms: 0.2254E+02   max: -.2642E+03   C at  103  2   RLX: 0.002
       a =  0.000      CL = -0.2395
      Cm =  0.0478     CD =  0.40724   =>   CDf =  0.00418    CDp =  0.40305

 MRCHDU: Convergence failed at  81  side 2    Res =  0.4473E-01
 MRCHDU: Convergence failed at  82  side 2    Res =  0.1486E+00
 MRCHDU: Convergence failed at  83  side 2    Res =  0.7627E-01
 MRCHDU: Convergence failed at 102  side 2    Res =  0.3175E-01
 Side 1  free  transition at x/c =  0.0484   10
 Side 2  free  transition at x/c =  0.0044    9

  66   rms: 0.6520E+02   max: -.7644E+03   C at  103  2   RLX: 0.001
       a =  0.000      CL = -0.2379
      Cm =  0.0475     CD =  0.37330   =>   CDf =  0.00418    CDp =  0.36912

 MRCHDU: Convergence failed at  81  side 2    Res =  0.4451E-01
 MRCHDU: Convergence failed at  82  side 2    Res =  0.1467E+00
 MRCHDU: Convergence failed at  83  side 2    Res =  0.7561E-01
 Side 1  free  transition at x/c =  0.0484   10
 Side 2  free  transition at x/c =  0.0044    9

  67   rms: 0.5776E+02   max: -.6736E+03   C at  102  2   RLX: 0.001
       a =  0.000      CL = -0.2348
      Cm =  0.0470     CD =  0.34901   =>   CDf =  0.00419    CDp =  0.34482

 MRCHDU: Convergence failed at  81  side 2    Res =  0.4431E-01
 MRCHDU: Convergence failed at  82  side 2    Res =  0.1456E+00
 MRCHDU: Convergence failed at  83  side 2    Res =  0.7277E-01
 Side 1  free  transition at x/c =  0.0484   10
 Side 2  free  transition at x/c =  0.0044    9

  68   rms: 0.7687E+01   max: -.8452E+02   T at  101  2   RLX: 0.006
       a =  0.000      CL = -0.2189
      Cm =  0.0440     CD =  0.34701   =>   CDf =  0.00419    CDp =  0.34282

 MRCHDU: Convergence failed at  81  side 2    Res =  0.4350E-01
 MRCHDU: Convergence failed at  82  side 2    Res =  0.1413E+00
 MRCHDU: Convergence failed at  83  side 2    Res =  0.5883E-01
 Side 1  free  transition at x/c =  0.0483   10
 Side 2  free  transition at x/c =  0.0044    9

  69   rms: 0.4900E+01   max: -.6562E+02   T at  101  2   RLX: 0.008
       a =  0.000      CL = -0.2023
      Cm =  0.0410     CD =  0.41040   =>   CDf =  0.00420    CDp =  0.40621

 MRCHDU: Convergence failed at  81  side 2    Res =  0.4457E-01
 MRCHDU: Convergence failed at  82  side 2    Res =  0.1331E+00
 MRCHDU: Convergence failed at  83  side 2    Res =  0.4623E-01
 Side 1  free  transition at x/c =  0.0481   10
 Side 2  free  transition at x/c =  0.0044    9

  70   rms: 0.5029E+01   max: -.7369E+02   T at  100  2   RLX: 0.007
       a =  0.000      CL = -0.1826
      Cm =  0.0367     CD =  0.44686   =>   CDf =  0.00420    CDp =  0.44266

 MRCHDU: Convergence failed at  81  side 2    Res =  0.4613E-01
 MRCHDU: Convergence failed at  82  side 2    Res =  0.1254E+00
 MRCHDU: Convergence failed at  83  side 2    Res =  0.3819E-01
 Side 1  free  transition at x/c =  0.0480   10
 Side 2  free  transition at x/c =  0.0044    9

  71   rms: 0.5242E+01   max: -.8882E+02   T at  100  2   RLX: 0.006
       a =  0.000      CL = -0.1694
      Cm =  0.0341     CD =  0.53351   =>   CDf =  0.00429    CDp =  0.52922

 MRCHDU: Convergence failed at  80  side 2    Res =  0.4769E-01
 MRCHDU: Convergence failed at  81  side 2    Res =  0.1206E+00
 MRCHDU: Convergence failed at  82  side 2    Res =  0.3276E-01
 Side 1  free  transition at x/c =  0.0479   11
 Side 2  free  transition at x/c =  0.0044    8

  72   rms: 0.2053E+02   max: -.3476E+03   T at    2  1   RLX: 0.001
       a =  0.000      CL = -0.1606
      Cm =  0.0322     CD =  0.61609   =>   CDf =  0.00421    CDp =  0.61187

 MRCHDU: Convergence failed at  80  side 2    Res =  0.4819E-01
 MRCHDU: Convergence failed at  81  side 2    Res =  0.1225E+00
 MRCHDU: Convergence failed at  82  side 2    Res =  0.3136E-01
 Side 1  free  transition at x/c =  0.0479   11
 Side 2  free  transition at x/c =  0.0044    8

  73   rms: 0.4579E+01   max: -.5396E+02   T at   98  2   RLX: 0.009
       a =  0.000      CL = -0.1394
      Cm =  0.0281     CD =  0.63898   =>   CDf =  0.00422    CDp =  0.63476

 MRCHDU: Convergence failed at  80  side 2    Res =  0.5174E-01
 MRCHDU: Convergence failed at  81  side 2    Res =  0.1098E+00
 MRCHDU: Convergence failed at  82  side 2    Res =  0.2459E-01
 Side 1  free  transition at x/c =  0.0477   11
 Side 2  free  transition at x/c =  0.0044    8

  74   rms: 0.5604E+01   max: -.8471E+02   T at   98  2   RLX: 0.006
       a =  0.000      CL = -0.1268
      Cm =  0.0256     CD =  0.50886   =>   CDf =  0.00422    CDp =  0.50464

 MRCHDU: Convergence failed at  80  side 2    Res =  0.5400E-01
 MRCHDU: Convergence failed at  81  side 2    Res =  0.1096E+00
 MRCHDU: Convergence failed at  82  side 2    Res =  0.2130E-01
 Side 1  free  transition at x/c =  0.0476   11
 Side 2  free  transition at x/c =  0.0044    8

  75   rms: 0.3982E+01   max: -.5155E+02   T at   98  2   RLX: 0.010
       a =  0.000      CL = -0.1074
      Cm =  0.0220     CD =  0.60847   =>   CDf =  0.00423    CDp =  0.60424

 MRCHDU: Convergence failed at  80  side 2    Res =  0.5782E-01
 MRCHDU: Convergence failed at  81  side 2    Res =  0.1024E+00
 MRCHDU: Convergence failed at  82  side 2    Res =  0.1763E-01
 Side 1  free  transition at x/c =  0.0475   11
 Side 2  free  transition at x/c =  0.0044    8

  76   rms: 0.5583E+01   max: -.7371E+02   T at   97  2   RLX: 0.007
       a =  0.000      CL = -0.0940
      Cm =  0.0195     CD =  0.61596   =>   CDf =  0.00423    CDp =  0.61173

 MRCHDU: Convergence failed at  80  side 2    Res =  0.6021E-01
 MRCHDU: Convergence failed at  81  side 2    Res =  0.1026E+00
 MRCHDU: Convergence failed at  82  side 2    Res =  0.1543E-01
 Side 1  free  transition at x/c =  0.0473   11
 Side 2  free  transition at x/c =  0.0045    8

  77   rms: 0.4818E+01   max: -.7648E+02   T at   97  2   RLX: 0.007
       a =  0.000      CL = -0.0814
      Cm =  0.0171     CD =  0.81354   =>   CDf =  0.00423    CDp =  0.80931

 MRCHDU: Convergence failed at  80  side 2    Res =  0.6271E-01
 MRCHDU: Convergence failed at  81  side 2    Res =  0.1013E+00
 MRCHDU: Convergence failed at  82  side 2    Res =  0.1368E-01
 Side 1  free  transition at x/c =  0.0472   11
 Side 2  free  transition at x/c =  0.0045    8

  78   rms: 0.2419E+01   max: -.2370E+02   T at   96  2   RLX: 0.021
       a =  0.000      CL = -0.0474
      Cm =  0.0114     CD =  0.97042   =>   CDf =  0.00422    CDp =  0.96620

 MRCHDU: Convergence failed at  80  side 2    Res =  0.6880E-01
 MRCHDU: Convergence failed at  81  side 2    Res =  0.8870E-01
 MRCHDU: Convergence failed at  82  side 2    Res =  0.1004E-01
 Side 1  free  transition at x/c =  0.0470   11
 Side 2  free  transition at x/c =  0.0045    8

  79   rms: 0.6559E+01   max: -.8922E+02   T at   96  2   RLX: 0.006
       a =  0.000      CL = -0.0365
      Cm =  0.0093     CD =  0.76239   =>   CDf =  0.00419    CDp =  0.75819

 MRCHDU: Convergence failed at  80  side 2    Res =  0.7047E-01
 MRCHDU: Convergence failed at  81  side 2    Res =  0.7492E-01
 MRCHDU: Convergence failed at  82  side 2    Res =  0.8793E-02
 Side 1  free  transition at x/c =  0.0469   11
 Side 2  free  transition at x/c =  0.0045    8

  80   rms: 0.5794E+01   max: -.8857E+02   T at   96  2   RLX: 0.006
       a =  0.000      CL = -0.0260
      Cm =  0.0073     CD =  0.97341   =>   CDf =  0.00419    CDp =  0.96922

 MRCHDU: Convergence failed at  80  side 2    Res =  0.7125E-01
 MRCHDU: Convergence failed at  81  side 2    Res =  0.6343E-01
 MRCHDU: Convergence failed at  82  side 2    Res =  0.7718E-02
 MRCHDU: Convergence failed at 103  side 2    Res =  0.1022E-01
 Side 1  free  transition at x/c =  0.0468   11
 Side 2  free  transition at x/c =  0.0045    8

  81   rms: 0.7795E+01   max: -.8007E+02   T at   99  2   RLX: 0.006
       a =  0.000      CL = -0.0213
      Cm =  0.0069     CD =  1.24195   =>   CDf =  0.00419    CDp =  1.23776

 MRCHDU: Convergence failed at  80  side 2    Res =  0.7312E-01
 MRCHDU: Convergence failed at  81  side 2    Res =  0.7044E-01
 MRCHDU: Convergence failed at  82  side 2    Res =  0.8464E-02
 Side 1  free  transition at x/c =  0.0467   11
 Side 2  free  transition at x/c =  0.0045    8

  82   rms: 0.9492E+03   max: 0.1108E+05   T at   95  2   RLX: 0.000
       a =  0.000      CL = -0.0334
      Cm =  0.0100     CD =  1.98277   =>   CDf =  0.00416    CDp =  1.97861

 MRCHDU: Convergence failed at  80  side 2    Res =  0.7486E-01
 MRCHDU: Convergence failed at  81  side 2    Res =  0.1508E+00
 MRCHDU: Convergence failed at  82  side 2    Res =  0.1516E-01
 Side 1  free  transition at x/c =  0.0469   11
 Side 2  free  transition at x/c =  0.0045    8

  83   rms: 0.1981E+02   max: -.2982E+03   T at   98  2   RLX: 0.002
       a =  0.000      CL = -0.0288
      Cm =  0.0090     CD =  2.98052   =>   CDf =  0.00411    CDp =  2.97641

 MRCHDU: Convergence failed at  80  side 2    Res =  0.7614E-01
 MRCHDU: Convergence failed at  81  side 2    Res =  0.9569E-01
 MRCHDU: Convergence failed at  82  side 2    Res =  0.1246E-01
 Side 1  free  transition at x/c =  0.0468   11
 Side 2  free  transition at x/c =  0.0045    8

  84   rms: 0.2773E+02   max: -.4422E+03   T at  100  2   RLX: 0.001
       a =  0.000      CL = -0.0244
      Cm =  0.0080     CD =  3.69958   =>   CDf =  0.00412    CDp =  3.69546

 MRCHDU: Convergence failed at  80  side 2    Res =  0.7704E-01
 MRCHDU: Convergence failed at  81  side 2    Res =  0.8534E-01
 MRCHDU: Convergence failed at  82  side 2    Res =  0.1117E-01
 Side 1  free  transition at x/c =  0.0468   11
 Side 2  free  transition at x/c =  0.0045    8

  85   rms: 0.3106E+02   max: -.3958E+03   T at  100  2   RLX: 0.001
       a =  0.000      CL = -0.0182
      Cm =  0.0066     CD =  4.83956   =>   CDf =  0.00413    CDp =  4.83543

 MRCHDU: Convergence failed at  80  side 2    Res =  0.7783E-01
 MRCHDU: Convergence failed at  81  side 2    Res =  0.7139E-01
 MRCHDU: Convergence failed at  82  side 2    Res =  0.9457E-02
 Side 1  free  transition at x/c =  0.0467   11
 Side 2  free  transition at x/c =  0.0045    8

  86   rms: 0.1578E+02   max: -.2085E+03   T at   95  2   RLX: 0.002
       a =  0.000      CL = -0.0094
      Cm =  0.0046     CD =  7.60543   =>   CDf =  0.00414    CDp =  7.60129

 MRCHDU: Convergence failed at  80  side 2    Res =  0.7737E-01
 MRCHDU: Convergence failed at  81  side 2    Res =  0.5625E-01
 MRCHDU: Convergence failed at  82  side 2    Res =  0.7639E-02
 MRCHDU: Convergence failed at 103  side 2    Res =  0.1584E-01
 Side 1  free  transition at x/c =  0.0466   11
 Side 2  free  transition at x/c =  0.0045    8

  87   rms: 0.2352E+02   max: -.3880E+03   T at   95  2   RLX: 0.001
       a =  0.000      CL = -0.0043
      Cm =  0.0035     CD =  7.11529   =>   CDf =  0.00416    CDp =  7.11112

 MRCHDU: Convergence failed at  80  side 2    Res =  0.7546E-01
 MRCHDU: Convergence failed at  81  side 2    Res =  0.4848E-01
 MRCHDU: Convergence failed at  82  side 2    Res =  0.6728E-02
 MRCHDU: Convergence failed at 103  side 2    Res =  0.6275E-01
 Side 1  free  transition at x/c =  0.0466   11
 Side 2  free  transition at x/c =  0.0045    8

  88   rms: 0.2414E+02   max: -.4155E+03   T at   95  2   RLX: 0.001
       a =  0.000      CL =  0.0002
      Cm =  0.0025     CD =  8.27715   =>   CDf =  0.00417    CDp =  8.27298

 MRCHDU: Convergence failed at  80  side 2    Res =  0.7274E-01
 MRCHDU: Convergence failed at  81  side 2    Res =  0.4225E-01
 MRCHDU: Convergence failed at  82  side 2    Res =  0.5990E-02
 MRCHDU: Convergence failed at 103  side 2    Res =  0.8666E-01
 Side 1  free  transition at x/c =  0.0465   11
 Side 2  free  transition at x/c =  0.0045    8

  89   rms: 0.2548E+02   max: -.3919E+03   T at   99  2   RLX: 0.001
       a =  0.000      CL =  0.0048
      Cm =  0.0015     CD =  8.91550   =>   CDf =  0.00418    CDp =  8.91132

 MRCHDU: Convergence failed at  80  side 2    Res =  0.6906E-01
 MRCHDU: Convergence failed at  81  side 2    Res =  0.3669E-01
 MRCHDU: Convergence failed at  82  side 2    Res =  0.5315E-02
 MRCHDU: Convergence failed at 103  side 2    Res =  0.9697E-01
 Side 1  free  transition at x/c =  0.0465   11
 Side 2  free  transition at x/c =  0.0045    8

  90   rms: 0.1979E+02   max: -.2401E+03   T at   94  2   RLX: 0.002
       a =  0.000      CL =  0.0129
      Cm = -0.0003     CD =  9.85614   =>   CDf =  0.00419    CDp =  9.85195

 MRCHDU: Convergence failed at  80  side 2    Res =  0.6129E-01
 MRCHDU: Convergence failed at  81  side 2    Res =  0.2860E-01
 MRCHDU: Convergence failed at  82  side 2    Res =  0.4269E-02
 MRCHDU: Convergence failed at 103  side 2    Res =  0.1239E+00
 MRCHDU: Convergence failed at 104  side 2    Res =  0.7012E+00
 MRCHDU: Convergence failed at 105  side 2    Res =  0.1096E+01
 Side 1  free  transition at x/c =  0.0464   11
 Side 2  free  transition at x/c =  0.0045    8

  91   rms: 0.8449E+01   max: -.1208E+03   T at   94  2   RLX: 0.004
       a =  0.000      CL =  0.0209
      Cm = -0.0018     CD = 11.27602   =>   CDf =  0.00420    CDp = 11.27182

 MRCHDU: Convergence failed at  80  side 2    Res =  0.5556E-01
 MRCHDU: Convergence failed at  81  side 2    Res =  0.2451E-01
 MRCHDU: Convergence failed at  82  side 2    Res =  0.3724E-02
 Side 1  free  transition at x/c =  0.0463   11
 Side 2  free  transition at x/c =  0.0045    8

  92   rms: 0.9162E+01   max: -.1553E+03   T at   94  2   RLX: 0.003
       a =  0.000      CL =  0.0273
      Cm = -0.0030     CD = 13.33922   =>   CDf =  0.00420    CDp = 13.33502

 MRCHDU: Convergence failed at  80  side 2    Res =  0.5035E-01
 MRCHDU: Convergence failed at  81  side 2    Res =  0.2154E-01
 MRCHDU: Convergence failed at  82  side 2    Res =  0.3312E-02
 Side 1  free  transition at x/c =  0.0462   11
 Side 2  free  transition at x/c =  0.0045    8

  93   rms: 0.9727E+01   max: -.1348E+03   T at   94  2   RLX: 0.004
       a =  0.000      CL =  0.0344
      Cm = -0.0043     CD = 15.41707   =>   CDf =  0.00420    CDp = 15.41287

 MRCHDU: Convergence failed at  80  side 2    Res =  0.4446E-01
 MRCHDU: Convergence failed at  81  side 2    Res =  0.1858E-01
 MRCHDU: Convergence failed at  82  side 2    Res =  0.2877E-02
 Side 1  free  transition at x/c =  0.0461   11
 Side 2  free  transition at x/c =  0.0045    8

  94   rms: 0.7362E+01   max: -.7673E+02   T at   93  2   RLX: 0.007
       a =  0.000      CL =  0.0465
      Cm = -0.0066     CD = 21.29320   =>   CDf =  0.00420    CDp = 21.28899

 MRCHDU: Convergence failed at  80  side 2    Res =  0.3524E-01
 MRCHDU: Convergence failed at  81  side 2    Res =  0.1456E-01
 MRCHDU: Convergence failed at  82  side 2    Res =  0.2231E-02
 Side 1  free  transition at x/c =  0.0460   11
 Side 2  free  transition at x/c =  0.0045    8

  95   rms: 0.9133E+01   max: -.1309E+03   T at   93  2   RLX: 0.004
       a =  0.000      CL =  0.0533
      Cm = -0.0079     CD = 29.67002   =>   CDf =  0.00420    CDp = 29.66582

 MRCHDU: Convergence failed at  80  side 2    Res =  0.2897E-01
 MRCHDU: Convergence failed at  81  side 2    Res =  0.1256E-01
 MRCHDU: Convergence failed at  82  side 2    Res =  0.1888E-02
 Side 1  free  transition at x/c =  0.0459   11
 Side 2  free  transition at x/c =  0.0045    8

  96   rms: 0.1010E+02   max: -.1720E+03   T at   93  2   RLX: 0.003
       a =  0.000      CL =  0.0580
      Cm = -0.0088     CD = 33.79888   =>   CDf =  0.00421    CDp = 33.79468

 MRCHDU: Convergence failed at  80  side 2    Res =  0.2407E-01
 MRCHDU: Convergence failed at  81  side 2    Res =  0.1121E-01
 MRCHDU: Convergence failed at  82  side 2    Res =  0.1644E-02
 Side 1  free  transition at x/c =  0.0459   11
 Side 2  free  transition at x/c =  0.0045    8

  97   rms: 0.1090E+02   max: -.1546E+03   T at   93  2   RLX: 0.003
       a =  0.000      CL =  0.0629
      Cm = -0.0098     CD = 34.88439   =>   CDf =  0.00421    CDp = 34.88019

 MRCHDU: Convergence failed at  80  side 2    Res =  0.1904E-01
 MRCHDU: Convergence failed at  81  side 2    Res =  0.9959E-02
 MRCHDU: Convergence failed at  82  side 2    Res =  0.1405E-02
 Side 1  free  transition at x/c =  0.0458   11
 Side 2  free  transition at x/c =  0.0045    8

  98   rms: 0.9532E+01   max: -.1065E+03   T at   93  2   RLX: 0.005
       a =  0.000      CL =  0.0692
      Cm = -0.0110     CD = 34.43290   =>   CDf =  0.00421    CDp = 34.42869

 MRCHDU: Convergence failed at  80  side 2    Res =  0.1265E-01
 MRCHDU: Convergence failed at  81  side 2    Res =  0.8525E-02
 MRCHDU: Convergence failed at  82  side 2    Res =  0.1114E-02
 Side 1  free  transition at x/c =  0.0457   11
 Side 2  free  transition at x/c =  0.0045    8

  99   rms: 0.8381E+01   max: -.6808E+02   T at   93  2   RLX: 0.007
       a =  0.000      CL =  0.0800
      Cm = -0.0131     CD = 35.63228   =>   CDf =  0.00421    CDp = 35.62808

 MRCHDU: Convergence failed at  80  side 2    Res =  0.8661E-02
 MRCHDU: Convergence failed at  81  side 2    Res =  0.7690E-02
 MRCHDU: Convergence failed at  82  side 2    Res =  0.9337E-03
 Side 1  free  transition at x/c =  0.0456   11
 Side 2  free  transition at x/c =  0.0045    8

 100   rms: 0.1614E+02   max: 0.1196E+03   T at   94  2   RLX: 0.013
       a =  0.000      CL =  0.0949
      Cm = -0.0161     CD = 80.37059   =>   CDf =  0.00421    CDp = 80.36638

 MRCHDU: Convergence failed at  81  side 2    Res =  0.3014E-02
 MRCHDU: Convergence failed at  82  side 2    Res =  0.4551E-03
 Side 1  free  transition at x/c =  0.0454   11
 Side 2  free  transition at x/c =  0.0045    8

 101   rms: 0.6733E+01   max: -.6734E+02   T at   92  2   RLX: 0.007
       a =  0.000      CL =  0.1003
      Cm = -0.0173     CD = 26.00979   =>   CDf =  0.00421    CDp = 26.00559

 Side 1  free  transition at x/c =  0.0454   11
 Side 2  free  transition at x/c =  0.0045    8

 102   rms: 0.7583E+01   max: -.7066E+02   T at   92  2   RLX: 0.007
       a =  0.000      CL =  0.1024
      Cm = -0.0179     CD = 24.88004   =>   CDf =  0.00420    CDp = 24.87583

 Side 1  free  transition at x/c =  0.0454   11
 Side 2  free  transition at x/c =  0.0046    8

 103   rms: 0.5880E+01   max: -.4837E+02   T at   92  2   RLX: 0.010
       a =  0.000      CL =  0.1030
      Cm = -0.0184     CD = 24.55486   =>   CDf =  0.00420    CDp = 24.55065

 Side 1  free  transition at x/c =  0.0454   11
 Side 2  free  transition at x/c =  0.0046    8

 104   rms: 0.3668E+01   max: -.2610E+02   C at  100  2   RLX: 0.019
       a =  0.000      CL =  0.1021
      Cm = -0.0188     CD = 24.21648   =>   CDf =  0.00420    CDp = 24.21228

 Side 1  free  transition at x/c =  0.0455   11
 Side 2  free  transition at x/c =  0.0046    8

 105   rms: 0.2349E+01   max: 0.2174E+02   T at   94  2   RLX: 0.029
       a =  0.000      CL =  0.0995
      Cm = -0.0192     CD = 24.24751   =>   CDf =  0.00420    CDp = 24.24331

 Side 1  free  transition at x/c =  0.0456   11
 Side 2  free  transition at x/c =  0.0046    8

 106   rms: 0.1816E+01   max: 0.1965E+02   T at   83  2   RLX: 0.042
       a =  0.000      CL =  0.0955
      Cm = -0.0198     CD = 24.88352   =>   CDf =  0.00420    CDp = 24.87932

 Side 1  free  transition at x/c =  0.0459   11
 Side 2  free  transition at x/c =  0.0046    8

 107   rms: 0.2181E+01   max: 0.2174E+02   T at   92  2   RLX: 0.028
       a =  0.000      CL =  0.0936
      Cm = -0.0205     CD = 25.23011   =>   CDf =  0.00420    CDp = 25.22591

 Side 1  free  transition at x/c =  0.0460   11
 Side 2  free  transition at x/c =  0.0046    8

 108   rms: 0.2082E+01   max: 0.1909E+02   T at   83  2   RLX: 0.030
       a =  0.000      CL =  0.0910
      Cm = -0.0211     CD = 24.53248   =>   CDf =  0.00419    CDp = 24.52829

 Side 1  free  transition at x/c =  0.0461   11
 Side 2  free  transition at x/c =  0.0046    8

 109   rms: 0.2137E+01   max: -.3323E+02   T at   94  2   RLX: 0.015
       a =  0.000      CL =  0.0898
      Cm = -0.0214     CD = 24.75134   =>   CDf =  0.00419    CDp = 24.74715

 Side 1  free  transition at x/c =  0.0462   11
 Side 2  free  transition at x/c =  0.0046    8

 110   rms: 0.2334E+01   max: -.3027E+02   T at   94  2   RLX: 0.017
       a =  0.000      CL =  0.0880
      Cm = -0.0217     CD = 25.03939   =>   CDf =  0.00419    CDp = 25.03520

 Side 1  free  transition at x/c =  0.0463   11
 Side 2  free  transition at x/c =  0.0046    8

 111   rms: 0.2629E+01   max: -.2241E+02   C at  101  2   RLX: 0.022
       a =  0.000      CL =  0.0854
      Cm = -0.0220     CD = 26.00200   =>   CDf =  0.00418    CDp = 25.99782

 Side 1  free  transition at x/c =  0.0464   11
 Side 2  free  transition at x/c =  0.0046    8

 112   rms: 0.4113E+01   max: -.3619E+02   C at  101  2   RLX: 0.014
       a =  0.000      CL =  0.0840
      Cm = -0.0223     CD = 27.86664   =>   CDf =  0.00418    CDp = 27.86246

 Side 1  free  transition at x/c =  0.0464   11
 Side 2  free  transition at x/c =  0.0046    8

 113   rms: 0.7944E+01   max: -.6512E+02   C at  101  2   RLX: 0.008
       a =  0.000      CL =  0.0833
      Cm = -0.0224     CD = 28.65295   =>   CDf =  0.00418    CDp = 28.64877

 Side 1  free  transition at x/c =  0.0465   11
 Side 2  free  transition at x/c =  0.0046    8

 114   rms: 0.1988E+02   max: -.1526E+03   C at  101  2   RLX: 0.003
       a =  0.000      CL =  0.0829
      Cm = -0.0225     CD = 29.01975   =>   CDf =  0.00418    CDp = 29.01557

 Side 1  free  transition at x/c =  0.0465   11
 Side 2  free  transition at x/c =  0.0046    8

 115   rms: 0.4035E+02   max: -.3017E+03   C at  101  2   RLX: 0.002
       a =  0.000      CL =  0.0828
      Cm = -0.0225     CD = 29.17036   =>   CDf =  0.00418    CDp = 29.16618

 Side 1  free  transition at x/c =  0.0465   11
 Side 2  free  transition at x/c =  0.0046    8

 116   rms: 0.6783E+02   max: -.5016E+03   C at  101  2   RLX: 0.001
       a =  0.000      CL =  0.0827
      Cm = -0.0225     CD = 29.24637   =>   CDf =  0.00418    CDp = 29.24219

 Side 1  free  transition at x/c =  0.0465   11
 Side 2  free  transition at x/c =  0.0046    8

 117   rms: 0.1014E+03   max: -.7458E+03   C at  101  2   RLX: 0.001
       a =  0.000      CL =  0.0826
      Cm = -0.0225     CD = 29.29294   =>   CDf =  0.00418    CDp = 29.28876

 Side 1  free  transition at x/c =  0.0465   11
 Side 2  free  transition at x/c =  0.0046    8

 118   rms: 0.1408E+03   max: -.1032E+04   C at  101  2   RLX: 0.000
       a =  0.000      CL =  0.0825
      Cm = -0.0225     CD = 29.32483   =>   CDf =  0.00418    CDp = 29.32065

 Side 1  free  transition at x/c =  0.0465   11
 Side 2  free  transition at x/c =  0.0046    8

 119   rms: 0.1858E+03   max: -.1359E+04   C at  101  2   RLX: 0.000
       a =  0.000      CL =  0.0825
      Cm = -0.0225     CD = 29.34804   =>   CDf =  0.00418    CDp = 29.34386

 Side 1  free  transition at x/c =  0.0465   11
 Side 2  free  transition at x/c =  0.0046    8

 120   rms: 0.2365E+03   max: -.1728E+04   C at  101  2   RLX: 0.000
       a =  0.000      CL =  0.0825
      Cm = -0.0225     CD = 29.36589   =>   CDf =  0.00418    CDp = 29.36171

 Side 1  free  transition at x/c =  0.0465   11
 Side 2  free  transition at x/c =  0.0046    8

 121   rms: 0.2928E+03   max: -.2137E+04   C at  101  2   RLX: 0.000
       a =  0.000      CL =  0.0825
      Cm = -0.0225     CD = 29.37993   =>   CDf =  0.00418    CDp = 29.37575

 Side 1  free  transition at x/c =  0.0465   11
 Side 2  free  transition at x/c =  0.0046    8

 122   rms: 0.3546E+03   max: -.2586E+04   C at  101  2   RLX: 0.000
       a =  0.000      CL =  0.0824
      Cm = -0.0225     CD = 29.39134   =>   CDf =  0.00418    CDp = 29.38716

 Side 1  free  transition at x/c =  0.0465   11
 Side 2  free  transition at x/c =  0.0046    8

 123   rms: 0.4220E+03   max: -.3076E+04   C at  101  2   RLX: 0.000
       a =  0.000      CL =  0.0824
      Cm = -0.0226     CD = 29.40080   =>   CDf =  0.00418    CDp = 29.39662

 Side 1  free  transition at x/c =  0.0465   11
 Side 2  free  transition at x/c =  0.0046    8

 124   rms: 0.4949E+03   max: -.3606E+04   C at  101  2   RLX: 0.000
       a =  0.000      CL =  0.0824
      Cm = -0.0226     CD = 29.40878   =>   CDf =  0.00418    CDp = 29.40460

 Side 1  free  transition at x/c =  0.0465   11
 Side 2  free  transition at x/c =  0.0046    8

 125   rms: 0.5728E+03   max: -.4173E+04   C at  101  2   RLX: 0.000
       a =  0.000      CL =  0.0824
      Cm = -0.0226     CD = 29.41560   =>   CDf =  0.00418    CDp = 29.41142

 Side 1  free  transition at x/c =  0.0465   11
 Side 2  free  transition at x/c =  0.0046    8

 126   rms: 0.6566E+03   max: -.4782E+04   C at  101  2   RLX: 0.000
       a =  0.000      CL =  0.0824
      Cm = -0.0226     CD = 29.42151   =>   CDf =  0.00418    CDp = 29.41733

 Side 1  free  transition at x/c =  0.0465   11
 Side 2  free  transition at x/c =  0.0046    8

 127   rms: 0.7457E+03   max: -.5430E+04   C at  101  2   RLX: 0.000
       a =  0.000      CL =  0.0824
      Cm = -0.0226     CD = 29.42668   =>   CDf =  0.00418    CDp = 29.42250

 Side 1  free  transition at x/c =  0.0465   11
 Side 2  free  transition at x/c =  0.0046    8

 128   rms: 0.8402E+03   max: -.6117E+04   C at  101  2   RLX: 0.000
       a =  0.000      CL =  0.0824
      Cm = -0.0226     CD = 29.43124   =>   CDf =  0.00418    CDp = 29.42706

 Side 1  free  transition at x/c =  0.0465   11
 Side 2  free  transition at x/c =  0.0046    8

 129   rms: 0.9400E+03   max: -.6843E+04   C at  101  2   RLX: 0.000
       a =  0.000      CL =  0.0823
      Cm = -0.0226     CD = 29.43529   =>   CDf =  0.00418    CDp = 29.43112

 Side 1  free  transition at x/c =  0.0465   11
 Side 2  free  transition at x/c =  0.0046    8

 130   rms: 0.1045E+04   max: -.7607E+04   C at  101  2   RLX: 0.000
       a =  0.000      CL =  0.0823
      Cm = -0.0226     CD = 29.43892   =>   CDf =  0.00418    CDp = 29.43474

 Side 1  free  transition at x/c =  0.0465   11
 Side 2  free  transition at x/c =  0.0046    8

 131   rms: 0.1156E+04   max: -.8410E+04   C at  101  2   RLX: 0.000
       a =  0.000      CL =  0.0823
      Cm = -0.0226     CD = 29.44219   =>   CDf =  0.00418    CDp = 29.43802

 Side 1  free  transition at x/c =  0.0465   11
 Side 2  free  transition at x/c =  0.0046    8

 132   rms: 0.1271E+04   max: -.9252E+04   C at  101  2   RLX: 0.000
       a =  0.000      CL =  0.0823
      Cm = -0.0226     CD = 29.44515   =>   CDf =  0.00418    CDp = 29.44098

 Side 1  free  transition at x/c =  0.0465   11
 Side 2  free  transition at x/c =  0.0046    8

 133   rms: 0.1393E+04   max: -.1013E+05   C at  101  2   RLX: 0.000
       a =  0.000      CL =  0.0823
      Cm = -0.0226     CD = 29.44785   =>   CDf =  0.00418    CDp = 29.44367

 Side 1  free  transition at x/c =  0.0465   11
 Side 2  free  transition at x/c =  0.0046    8

 134   rms: 0.1519E+04   max: -.1105E+05   C at  101  2   RLX: 0.000
       a =  0.000      CL =  0.0823
      Cm = -0.0226     CD = 29.45031   =>   CDf =  0.00418    CDp = 29.44613

 Side 1  free  transition at x/c =  0.0465   11
 Side 2  free  transition at x/c =  0.0046    8

 135   rms: 0.1650E+04   max: -.1201E+05   C at  101  2   RLX: 0.000
       a =  0.000      CL =  0.0823
      Cm = -0.0226     CD = 29.45257   =>   CDf =  0.00418    CDp = 29.44839

 MRCHDU: Convergence failed at  92  side 2    Res =  0.1979E-01
 MRCHDU: Convergence failed at  93  side 2    Res =  0.1892E-02
 MRCHDU: Convergence failed at  94  side 2    Res =  0.1024E-01
 MRCHDU: Convergence failed at  95  side 2    Res =  0.6646E-02
 MRCHDU: Convergence failed at  96  side 2    Res =  0.4300E-02
 MRCHDU: Convergence failed at  97  side 2    Res =  0.2222E-02
 MRCHDU: Convergence failed at  98  side 2    Res =  0.1110E-02
 MRCHDU: Convergence failed at  99  side 2    Res =  0.5112E-03
 MRCHDU: Convergence failed at 100  side 2    Res =  0.2480E-03
 MRCHDU: Convergence failed at 102  side 2    Res =  0.6515E-03
 Side 1  free  transition at x/c =  0.0465   11
 Side 2  free  transition at x/c =  0.0046    8

 136   rms: 0.1787E+04   max: -.1300E+05   C at  101  2   RLX: 0.000
       a =  0.000      CL =  0.0823
      Cm = -0.0226     CD = 29.45465   =>   CDf =  0.00418    CDp = 29.45048

 MRCHDU: Convergence failed at  92  side 2    Res =  0.7171E-01
 MRCHDU: Convergence failed at  93  side 2    Res =  0.1892E-02
 MRCHDU: Convergence failed at  94  side 2    Res =  0.1024E-01
 MRCHDU: Convergence failed at  95  side 2    Res =  0.6646E-02
 MRCHDU: Convergence failed at  96  side 2    Res =  0.4301E-02
 MRCHDU: Convergence failed at  97  side 2    Res =  0.2222E-02
 MRCHDU: Convergence failed at  98  side 2    Res =  0.1111E-02
 MRCHDU: Convergence failed at  99  side 2    Res =  0.5112E-03
 MRCHDU: Convergence failed at 100  side 2    Res =  0.2480E-03
 MRCHDU: Convergence failed at 102  side 2    Res =  0.6515E-03
 Side 1  free  transition at x/c =  0.0465   11
 Side 2  free  transition at x/c =  0.0046    8

 137   rms: 0.1930E+04   max: -.1404E+05   C at  101  2   RLX: 0.000
       a =  0.000      CL =  0.0823
      Cm = -0.0226     CD = 29.45658   =>   CDf =  0.00418    CDp = 29.45240

 MRCHDU: Convergence failed at  92  side 2    Res =  0.1236E+00
 Side 1  free  transition at x/c =  0.0465   11
 Side 2  free  transition at x/c =  0.0046    8

 138   rms: 0.2591E+01   max: -.2268E+02   C at  101  2   RLX: 0.022
       a =  0.000      CL =  0.0797
      Cm = -0.0228     CD = 29.30649   =>   CDf =  0.00418    CDp = 29.30231

 Side 1  free  transition at x/c =  0.0466   11
 Side 2  free  transition at x/c =  0.0046    8

 139   rms: 0.2771E+01   max: -.2265E+02   C at  101  2   RLX: 0.022
       a =  0.000      CL =  0.0773
      Cm = -0.0232     CD = 31.13666   =>   CDf =  0.00417    CDp = 31.13248

 Side 1  free  transition at x/c =  0.0467   11
 Side 2  free  transition at x/c =  0.0046    8

 140   rms: 0.3368E+01   max: -.3887E+02   C at   82  2   RLX: 0.013
       a =  0.000      CL =  0.0761
      Cm = -0.0235     CD = 32.75036   =>   CDf =  0.00417    CDp = 32.74618

 Side 1  free  transition at x/c =  0.0467   11
 Side 2  free  transition at x/c =  0.0046    8

 141   rms: 0.4537E+01   max: -.6272E+02   C at   82  2   RLX: 0.008
       a =  0.000      CL =  0.0753
      Cm = -0.0236     CD = 33.57378   =>   CDf =  0.00417    CDp = 33.56962

 Side 1  free  transition at x/c =  0.0468   11
 Side 2  free  transition at x/c =  0.0046    8

 142   rms: 0.6404E+01   max: -.9550E+02   C at   82  2   RLX: 0.005
       a =  0.000      CL =  0.0747
      Cm = -0.0237     CD = 34.06435   =>   CDf =  0.00417    CDp = 34.06019

 Side 1  free  transition at x/c =  0.0468   11
 Side 2  free  transition at x/c =  0.0046    8

 143   rms: 0.8595E+01   max: -.1318E+03   C at   82  2   RLX: 0.004
       a =  0.000      CL =  0.0742
      Cm = -0.0237     CD = 34.37715   =>   CDf =  0.00417    CDp = 34.37299

 Side 1  free  transition at x/c =  0.0468   11
 Side 2  free  transition at x/c =  0.0046    8

 144   rms: 0.1120E+02   max: -.1740E+03   C at   82  2   RLX: 0.003
       a =  0.000      CL =  0.0738
      Cm = -0.0238     CD = 34.60699   =>   CDf =  0.00417    CDp = 34.60283

 Side 1  free  transition at x/c =  0.0468   11
 Side 2  free  transition at x/c =  0.0046    8

 145   rms: 0.1466E+02   max: -.2290E+03   C at   82  2   RLX: 0.002
       a =  0.000      CL =  0.0735
      Cm = -0.0238     CD = 34.78030   =>   CDf =  0.00417    CDp = 34.77613

 Side 1  free  transition at x/c =  0.0468   11
 Side 2  free  transition at x/c =  0.0046    8

 146   rms: 0.1819E+02   max: -.2851E+03   C at   82  2   RLX: 0.002
       a =  0.000      CL =  0.0733
      Cm = -0.0238     CD = 34.91214   =>   CDf =  0.00417    CDp = 34.90797

 Side 1  free  transition at x/c =  0.0468   11
 Side 2  free  transition at x/c =  0.0046    8

 147   rms: 0.2216E+02   max: -.3476E+03   C at   82  2   RLX: 0.001
       a =  0.000      CL =  0.0731
      Cm = -0.0238     CD = 35.01719   =>   CDf =  0.00417    CDp = 35.01302

 Side 1  free  transition at x/c =  0.0468   11
 Side 2  free  transition at x/c =  0.0046    8

 148   rms: 0.2660E+02   max: -.4176E+03   C at   82  2   RLX: 0.001
       a =  0.000      CL =  0.0730
      Cm = -0.0239     CD = 35.10215   =>   CDf =  0.00417    CDp = 35.09799

 Side 1  free  transition at x/c =  0.0468   11
 Side 2  free  transition at x/c =  0.0046    8

 149   rms: 0.3148E+02   max: -.4944E+03   C at   82  2   RLX: 0.001
       a =  0.000      CL =  0.0728
      Cm = -0.0239     CD = 35.17396   =>   CDf =  0.00417    CDp = 35.16980

 Side 1  free  transition at x/c =  0.0468   11
 Side 2  free  transition at x/c =  0.0046    8

 150   rms: 0.3680E+02   max: -.5782E+03   C at   82  2   RLX: 0.001
       a =  0.000      CL =  0.0727
      Cm = -0.0239     CD = 35.23450   =>   CDf =  0.00417    CDp = 35.23034

 Side 1  free  transition at x/c =  0.0468   11
 Side 2  free  transition at x/c =  0.0046    8

 151   rms: 0.4255E+02   max: -.6685E+03   C at   82  2   RLX: 0.001
       a =  0.000      CL =  0.0726
      Cm = -0.0239     CD = 35.28617   =>   CDf =  0.00417    CDp = 35.28201

 Side 1  free  transition at x/c =  0.0468   11
 Side 2  free  transition at x/c =  0.0046    8

 152   rms: 0.4914E+02   max: -.7721E+03   C at   82  2   RLX: 0.001
       a =  0.000      CL =  0.0725
      Cm = -0.0239     CD = 35.33079   =>   CDf =  0.00417    CDp = 35.32662

 Side 1  free  transition at x/c =  0.0468   11
 Side 2  free  transition at x/c =  0.0046    8

 153   rms: 0.5593E+02   max: -.8789E+03   C at   82  2   RLX: 0.001
       a =  0.000      CL =  0.0725
      Cm = -0.0239     CD = 35.37025   =>   CDf =  0.00417    CDp = 35.36609

 Side 1  free  transition at x/c =  0.0468   11
 Side 2  free  transition at x/c =  0.0046    8

 154   rms: 0.6303E+02   max: -.9904E+03   C at   82  2   RLX: 0.001
       a =  0.000      CL =  0.0724
      Cm = -0.0239     CD = 35.40414   =>   CDf =  0.00417    CDp = 35.39997

 Side 1  free  transition at x/c =  0.0469   11
 Side 2  free  transition at x/c =  0.0046    8

 155   rms: 0.7065E+02   max: -.1110E+04   C at   82  2   RLX: 0.000
       a =  0.000      CL =  0.0723
      Cm = -0.0239     CD = 35.43305   =>   CDf =  0.00417    CDp = 35.42888

 Side 1  free  transition at x/c =  0.0469   11
 Side 2  free  transition at x/c =  0.0046    8

 156   rms: 0.7859E+02   max: -.1235E+04   C at   82  2   RLX: 0.000
       a =  0.000      CL =  0.0723
      Cm = -0.0239     CD = 35.45987   =>   CDf =  0.00417    CDp = 35.45570

 Side 1  free  transition at x/c =  0.0469   11
 Side 2  free  transition at x/c =  0.0046    8

 157   rms: 0.8643E+02   max: -.1358E+04   C at   82  2   RLX: 0.000
       a =  0.000      CL =  0.0722
      Cm = -0.0239     CD = 35.48440   =>   CDf =  0.00417    CDp = 35.48024

 Side 1  free  transition at x/c =  0.0469   11
 Side 2  free  transition at x/c =  0.0046    8

 158   rms: 0.9513E+02   max: -.1495E+04   C at   82  2   RLX: 0.000
       a =  0.000      CL =  0.0722
      Cm = -0.0239     CD = 35.50626   =>   CDf =  0.00417    CDp = 35.50210

 Side 1  free  transition at x/c =  0.0469   11
 Side 2  free  transition at x/c =  0.0046    8

 159   rms: 0.1042E+03   max: -.1636E+04   C at   82  2   RLX: 0.000
       a =  0.000      CL =  0.0721
      Cm = -0.0239     CD = 35.52648   =>   CDf =  0.00417    CDp = 35.52232

 Side 1  free  transition at x/c =  0.0469   11
 Side 2  free  transition at x/c =  0.0046    8

 160   rms: 0.1136E+03   max: -.1785E+04   C at   82  2   RLX: 0.000
       a =  0.000      CL =  0.0721
      Cm = -0.0239     CD = 35.54453   =>   CDf =  0.00416    CDp = 35.54037

 Side 1  free  transition at x/c =  0.0469   11
 Side 2  free  transition at x/c =  0.0046    8

 161   rms: 0.1235E+03   max: -.1941E+04   C at   82  2   RLX: 0.000
       a =  0.000      CL =  0.0721
      Cm = -0.0239     CD = 35.56104   =>   CDf =  0.00416    CDp = 35.55687

 Side 1  free  transition at x/c =  0.0469   11
 Side 2  free  transition at x/c =  0.0046    8

 162   rms: 0.1338E+03   max: -.2103E+04   C at   82  2   RLX: 0.000
       a =  0.000      CL =  0.0720
      Cm = -0.0240     CD = 35.57621   =>   CDf =  0.00416    CDp = 35.57204

 Side 1  free  transition at x/c =  0.0469   11
 Side 2  free  transition at x/c =  0.0046    8

 163   rms: 0.1445E+03   max: -.2271E+04   C at   82  2   RLX: 0.000
       a =  0.000      CL =  0.0720
      Cm = -0.0240     CD = 35.59020   =>   CDf =  0.00416    CDp = 35.58604

 Side 1  free  transition at x/c =  0.0469   11
 Side 2  free  transition at x/c =  0.0046    8

 164   rms: 0.1556E+03   max: -.2445E+04   C at   82  2   RLX: 0.000
       a =  0.000      CL =  0.0720
      Cm = -0.0240     CD = 35.60315   =>   CDf =  0.00416    CDp = 35.59898

 MRCHDU: Convergence failed at  80  side 2    Res =  0.9632E-02
 MRCHDU: Convergence failed at  81  side 2    Res =  0.1226E-01
 MRCHDU: Convergence failed at  82  side 2    Res =  0.7115E-03
 Side 1  free  transition at x/c =  0.0469   11
 Side 2  free  transition at x/c =  0.0046    8

 165   rms: 0.1671E+03   max: -.2625E+04   C at   82  2   RLX: 0.000
       a =  0.000      CL =  0.0720
      Cm = -0.0240     CD = 35.61517   =>   CDf =  0.00416    CDp = 35.61100

 MRCHDU: Convergence failed at  80  side 2    Res =  0.6111E-01
 MRCHDU: Convergence failed at  81  side 2    Res =  0.1226E-01
 MRCHDU: Convergence failed at  82  side 2    Res =  0.7116E-03
 Side 1  free  transition at x/c =  0.0469   11
 Side 2  free  transition at x/c =  0.0046    8

 166   rms: 0.1790E+03   max: -.2812E+04   C at   82  2   RLX: 0.000
       a =  0.000      CL =  0.0719
      Cm = -0.0240     CD = 35.62628   =>   CDf =  0.00416    CDp = 35.62211

 MRCHDU: Convergence failed at  80  side 2    Res =  0.1125E+00
 Side 1  free  transition at x/c =  0.0469   11
 Side 2  free  transition at x/c =  0.0046    8

 167   rms: 0.2142E+01   max: -.1996E+02   C at  101  2   RLX: 0.025
       a =  0.000      CL =  0.0687
      Cm = -0.0242     CD = 35.62748   =>   CDf =  0.00416    CDp = 35.62332

 Side 1  free  transition at x/c =  0.0470   11
 Side 2  free  transition at x/c =  0.0046    8

 168   rms: 0.2064E+01   max: -.1919E+02   C at  101  2   RLX: 0.026
       a =  0.000      CL =  0.0656
      Cm = -0.0247     CD = 37.14798   =>   CDf =  0.00416    CDp = 37.14382

 Side 1  free  transition at x/c =  0.0471   11
 Side 2  free  transition at x/c =  0.0046    8

 169   rms: 0.2020E+01   max: -.1873E+02   C at  101  2   RLX: 0.027
       a =  0.000      CL =  0.0626
      Cm = -0.0251     CD = 38.59524   =>   CDf =  0.00416    CDp = 38.59108

 Side 1  free  transition at x/c =  0.0472   11
 Side 2  free  transition at x/c =  0.0046    8

 170   rms: 0.1967E+01   max: -.1818E+02   C at  101  2   RLX: 0.028
       a =  0.000      CL =  0.0594
      Cm = -0.0256     CD = 39.94666   =>   CDf =  0.00415    CDp = 39.94250

 Side 1  free  transition at x/c =  0.0473   11
 Side 2  free  transition at x/c =  0.0046    8

 171   rms: 0.1971E+01   max: -.1818E+02   C at  101  2   RLX: 0.028
       a =  0.000      CL =  0.0563
      Cm = -0.0262     CD = 41.26257   =>   CDf =  0.00415    CDp = 41.25842

 Side 1  free  transition at x/c =  0.0474   11
 Side 2  free  transition at x/c =  0.0046    8

 172   rms: 0.1589E+01   max: 0.1582E+02   T at   83  2   RLX: 0.037
       a =  0.000      CL =  0.0522
      Cm = -0.0269     CD = 42.12767   =>   CDf =  0.00415    CDp = 42.12352

 Side 1  free  transition at x/c =  0.0475   11
 Side 2  free  transition at x/c =  0.0047    8

 173   rms: 0.1749E+01   max: 0.1619E+02   T at   83  2   RLX: 0.033
       a =  0.000      CL =  0.0488
      Cm = -0.0278     CD = 43.26339   =>   CDf =  0.00407    CDp = 43.25932

 Side 1  free  transition at x/c =  0.0476   10
 Side 2  free  transition at x/c =  0.0047    9

 174   rms: 0.1592E+01   max: 0.1511E+02   T at   84  2   RLX: 0.041
       a =  0.000      CL =  0.0444
      Cm = -0.0286     CD = 43.72422   =>   CDf =  0.00412    CDp = 43.72010

 Side 1  free  transition at x/c =  0.0478   10
 Side 2  free  transition at x/c =  0.0047    9

 175   rms: 0.1540E+01   max: 0.1483E+02   T at   96  2   RLX: 0.045
       a =  0.000      CL =  0.0381
      Cm = -0.0293     CD = 43.93063   =>   CDf =  0.00412    CDp = 43.92651

 Side 1  free  transition at x/c =  0.0479   10
 Side 2  free  transition at x/c =  0.0047    9

 176   rms: 0.1258E+01   max: 0.1669E+02   T at   96  2   RLX: 0.077
       a =  0.000      CL =  0.0308
      Cm = -0.0315     CD = 41.61696   =>   CDf =  0.00411    CDp = 41.61285

 Side 1  free  transition at x/c =  0.0481   10
 Side 2  free  transition at x/c =  0.0047    9

 177   rms: 0.1400E+01   max: 0.1454E+02   T at  100  2   RLX: 0.044
       a =  0.000      CL =  0.0322
      Cm = -0.0344     CD = 41.67964   =>   CDf =  0.00410    CDp = 41.67554

 Side 1  free  transition at x/c =  0.0482   10
 Side 2  free  transition at x/c =  0.0047    9

 178   rms: 0.1732E+01   max: 0.2625E+02   T at  100  2   RLX: 0.021
       a =  0.000      CL =  0.0435
      Cm = -0.0393     CD = 42.07445   =>   CDf =  0.00409    CDp = 42.07036

 Side 1  free  transition at x/c =  0.0483   10
 Side 2  free  transition at x/c =  0.0047    9

 179   rms: 0.2837E+01   max: -.7063E+02   T at  100  2   RLX: 0.007
       a =  0.000      CL =  0.0458
      Cm = -0.0405     CD = 42.16985   =>   CDf =  0.00409    CDp = 42.16576

 Side 1  free  transition at x/c =  0.0483   10
 Side 2  free  transition at x/c =  0.0047    9

 180   rms: 0.2637E+01   max: -.6105E+02   T at  100  2   RLX: 0.008
       a =  0.000      CL =  0.0448
      Cm = -0.0408     CD = 41.78059   =>   CDf =  0.00409    CDp = 41.77650

 Side 1  free  transition at x/c =  0.0483   10
 Side 2  free  transition at x/c =  0.0047    9

 181   rms: 0.1564E+01   max: -.1337E+02   T at  100  2   RLX: 0.037
       a =  0.000      CL =  0.0388
      Cm = -0.0413     CD = 39.39223   =>   CDf =  0.00409    CDp = 39.38815

 Side 1  free  transition at x/c =  0.0484   10
 Side 2  free  transition at x/c =  0.0046    9

 182   rms: 0.2410E+01   max: -.2128E+02   C at  101  2   RLX: 0.023
       a =  0.000      CL =  0.0381
      Cm = -0.0430     CD = 38.04663   =>   CDf =  0.00408    CDp = 38.04255

 Side 1  free  transition at x/c =  0.0484   10
 Side 2  free  transition at x/c =  0.0046    9

 183   rms: 0.6357E+01   max: -.5216E+02   C at  101  2   RLX: 0.010
       a =  0.000      CL =  0.0280
      Cm = -0.0405     CD = 37.44542   =>   CDf =  0.00408    CDp = 37.44134

 Side 1  free  transition at x/c =  0.0484   10
 Side 2  free  transition at x/c =  0.0046    9

 184   rms: 0.1951E+02   max: -.1519E+03   C at  101  2   RLX: 0.003
       a =  0.000      CL =  0.0233
      Cm = -0.0393     CD = 37.20889   =>   CDf =  0.00408    CDp = 37.20481

 Side 1  free  transition at x/c =  0.0485   10
 Side 2  free  transition at x/c =  0.0046    9

 185   rms: 0.4064E+02   max: -.3114E+03   C at  101  2   RLX: 0.002
       a =  0.000      CL =  0.0230
      Cm = -0.0394     CD = 37.08375   =>   CDf =  0.00408    CDp = 37.07967

 Side 1  free  transition at x/c =  0.0485   10
 Side 2  free  transition at x/c =  0.0046    9

 186   rms: 0.6651E+02   max: -.5066E+03   C at  101  2   RLX: 0.001
       a =  0.000      CL =  0.0228
      Cm = -0.0394     CD = 37.00657   =>   CDf =  0.00408    CDp = 37.00249

 Side 1  free  transition at x/c =  0.0485   10
 Side 2  free  transition at x/c =  0.0046    9

 187   rms: 0.9735E+02   max: -.7392E+03   C at  101  2   RLX: 0.001
       a =  0.000      CL =  0.0226
      Cm = -0.0394     CD = 36.95264   =>   CDf =  0.00408    CDp = 36.94856

 Side 1  free  transition at x/c =  0.0485   10
 Side 2  free  transition at x/c =  0.0046    9

 188   rms: 0.1325E+03   max: -.1004E+04   C at  101  2   RLX: 0.000
       a =  0.000      CL =  0.0225
      Cm = -0.0394     CD = 36.91278   =>   CDf =  0.00408    CDp = 36.90870

 Side 1  free  transition at x/c =  0.0485   10
 Side 2  free  transition at x/c =  0.0046    9

 189   rms: 0.1726E+03   max: -.1307E+04   C at  101  2   RLX: 0.000
       a =  0.000      CL =  0.0224
      Cm = -0.0394     CD = 36.88217   =>   CDf =  0.00408    CDp = 36.87809

 Side 1  free  transition at x/c =  0.0485   10
 Side 2  free  transition at x/c =  0.0046    9

 190   rms: 0.2174E+03   max: -.1645E+04   C at  101  2   RLX: 0.000
       a =  0.000      CL =  0.0223
      Cm = -0.0394     CD = 36.85792   =>   CDf =  0.00408    CDp = 36.85384

 Side 1  free  transition at x/c =  0.0485   10
 Side 2  free  transition at x/c =  0.0046    9

 191   rms: 0.2668E+03   max: -.2017E+04   C at  101  2   RLX: 0.000
       a =  0.000      CL =  0.0223
      Cm = -0.0394     CD = 36.83820   =>   CDf =  0.00408    CDp = 36.83412

 Side 1  free  transition at x/c =  0.0485   10
 Side 2  free  transition at x/c =  0.0046    9

 192   rms: 0.3208E+03   max: -.2425E+04   C at  101  2   RLX: 0.000
       a =  0.000      CL =  0.0222
      Cm = -0.0394     CD = 36.82186   =>   CDf =  0.00408    CDp = 36.81778

 Side 1  free  transition at x/c =  0.0485   10
 Side 2  free  transition at x/c =  0.0046    9

 193   rms: 0.3794E+03   max: -.2867E+04   C at  101  2   RLX: 0.000
       a =  0.000      CL =  0.0222
      Cm = -0.0394     CD = 36.80807   =>   CDf =  0.00408    CDp = 36.80399

 Side 1  free  transition at x/c =  0.0485   10
 Side 2  free  transition at x/c =  0.0046    9

 194   rms: 0.4427E+03   max: -.3345E+04   C at  101  2   RLX: 0.000
       a =  0.000      CL =  0.0222
      Cm = -0.0394     CD = 36.79628   =>   CDf =  0.00408    CDp = 36.79220

 Side 1  free  transition at x/c =  0.0485   10
 Side 2  free  transition at x/c =  0.0046    9

 195   rms: 0.5106E+03   max: -.3857E+04   C at  101  2   RLX: 0.000
       a =  0.000      CL =  0.0221
      Cm = -0.0394     CD = 36.78607   =>   CDf =  0.00408    CDp = 36.78199

 Side 1  free  transition at x/c =  0.0485   10
 Side 2  free  transition at x/c =  0.0046    9

 196   rms: 0.5829E+03   max: -.4403E+04   C at  101  2   RLX: 0.000
       a =  0.000      CL =  0.0221
      Cm = -0.0394     CD = 36.77715   =>   CDf =  0.00408    CDp = 36.77307

 Side 1  free  transition at x/c =  0.0485   10
 Side 2  free  transition at x/c =  0.0046    9

 197   rms: 0.6599E+03   max: -.4983E+04   C at  101  2   RLX: 0.000
       a =  0.000      CL =  0.0221
      Cm = -0.0394     CD = 36.76928   =>   CDf =  0.00408    CDp = 36.76520

 Side 1  free  transition at x/c =  0.0485   10
 Side 2  free  transition at x/c =  0.0046    9

 198   rms: 0.7413E+03   max: -.5597E+04   C at  101  2   RLX: 0.000
       a =  0.000      CL =  0.0221
      Cm = -0.0394     CD = 36.76228   =>   CDf =  0.00408    CDp = 36.75820

 Side 1  free  transition at x/c =  0.0485   10
 Side 2  free  transition at x/c =  0.0046    9

 199   rms: 0.8272E+03   max: -.6246E+04   C at  101  2   RLX: 0.000
       a =  0.000      CL =  0.0221
      Cm = -0.0394     CD = 36.75601   =>   CDf =  0.00408    CDp = 36.75193

 Side 1  free  transition at x/c =  0.0485   10
 Side 2  free  transition at x/c =  0.0046    9

 200   rms: 0.9176E+03   max: -.6928E+04   C at  101  2   RLX: 0.000
       a =  0.000      CL =  0.0220
      Cm = -0.0394     CD = 36.75037   =>   CDf =  0.00408    CDp = 36.74629

 Side 1  free  transition at x/c =  0.0485   10
 Side 2  free  transition at x/c =  0.0046    9

 201   rms: 0.1012E+04   max: -.7644E+04   C at  101  2   RLX: 0.000
       a =  0.000      CL =  0.0220
      Cm = -0.0394     CD = 36.74526   =>   CDf =  0.00408    CDp = 36.74118

 Side 1  free  transition at x/c =  0.0485   10
 Side 2  free  transition at x/c =  0.0046    9

 202   rms: 0.1112E+04   max: -.8393E+04   C at  101  2   RLX: 0.000
       a =  0.000      CL =  0.0220
      Cm = -0.0394     CD = 36.74061   =>   CDf =  0.00408    CDp = 36.73653

 Side 1  free  transition at x/c =  0.0485   10
 Side 2  free  transition at x/c =  0.0046    9

 203   rms: 0.1216E+04   max: -.9176E+04   C at  101  2   RLX: 0.000
       a =  0.000      CL =  0.0220
      Cm = -0.0394     CD = 36.73636   =>   CDf =  0.00408    CDp = 36.73228

 Side 1  free  transition at x/c =  0.0485   10
 Side 2  free  transition at x/c =  0.0046    9

 204   rms: 0.1324E+04   max: -.9992E+04   C at  101  2   RLX: 0.000
       a =  0.000      CL =  0.0220
      Cm = -0.0394     CD = 36.73246   =>   CDf =  0.00408    CDp = 36.72838

 MRCHDU: Convergence failed at  97  side 2    Res =  0.4455E-02
 MRCHDU: Convergence failed at  98  side 2    Res =  0.3297E-02
 MRCHDU: Convergence failed at  99  side 2    Res =  0.1495E-02
 MRCHDU: Convergence failed at 100  side 2    Res =  0.6570E-03
 MRCHDU: Convergence failed at 101  side 2    Res =  0.2803E-03
 MRCHDU: Convergence failed at 103  side 2    Res =  0.6630E-03
 Side 1  free  transition at x/c =  0.0485   10
 Side 2  free  transition at x/c =  0.0046    9

 205   rms: 0.1436E+04   max: -.1084E+05   C at  101  2   RLX: 0.000
       a =  0.000      CL =  0.0220
      Cm = -0.0394     CD = 36.72887   =>   CDf =  0.00408    CDp = 36.72479
 VISCAL:  Convergence failed
      9.000   13.7231  36.728873   0.000185   0.000727   0.000541    0.0485     #
 Calculating wake trajectory ...
 Calculating source influence matrix ...

 Solving BL system ...

 MRCHDU: Convergence failed at  94  side 2    Res =  0.3908E-01
 MRCHDU: Convergence failed at  95  side 2    Res =  0.2377E-02
 MRCHDU: Convergence failed at  96  side 2    Res =  0.9517E-02
 MRCHDU: Convergence failed at  97  side 2    Res =  0.5436E-02
 MRCHDU: Convergence failed at  98  side 2    Res =  0.3297E-02
 MRCHDU: Convergence failed at  99  side 2    Res =  0.1495E-02
 MRCHDU: Convergence failed at 100  side 2    Res =  0.6570E-03
 MRCHDU: Convergence failed at 101  side 2    Res =  0.2803E-03
 MRCHDU: Convergence failed at 103  side 2    Res =  0.6630E-03
 Side 1  free  transition at x/c =  0.0485   10
 Side 2  free  transition at x/c =  0.0046    9

   1   rms: 0.1660E+04   max: -.1253E+05   C at  101  2   RLX: 0.000
       a =  1.000      CL =  0.0220
      Cm = -0.0394     CD = 36.72546   =>   CDf =  0.00408    CDp = 36.72138

 MRCHDU: Convergence failed at  94  side 2    Res =  0.9096E-01
 MRCHDU: Convergence failed at  95  side 2    Res =  0.2377E-02
 MRCHDU: Convergence failed at  96  side 2    Res =  0.9517E-02
 MRCHDU: Convergence failed at  97  side 2    Res =  0.5436E-02
 MRCHDU: Convergence failed at  98  side 2    Res =  0.3297E-02
 MRCHDU: Convergence failed at  99  side 2    Res =  0.1495E-02
 MRCHDU: Convergence failed at 100  side 2    Res =  0.6570E-03
 MRCHDU: Convergence failed at 101  side 2    Res =  0.2803E-03
 MRCHDU: Convergence failed at 103  side 2    Res =  0.6630E-03
 Side 1  free  transition at x/c =  0.0485   10
 Side 2  free  transition at x/c =  0.0046    9

   2   rms: 0.1790E+04   max: -.1351E+05   C at  101  2   RLX: 0.000
       a =  1.000      CL =  0.0219
      Cm = -0.0394     CD = 36.72247   =>   CDf =  0.00408    CDp = 36.71839

 MRCHDU: Convergence failed at  94  side 2    Res =  0.1428E+00
 Side 1  free  transition at x/c =  0.0485   10
 Side 2  free  transition at x/c =  0.0046    9

   3   rms: 0.1395E+01   max: 0.1224E+02   T at   84  2   RLX: 0.043
       a =  1.000      CL =  0.0103
      Cm = -0.0399     CD = 33.03090   =>   CDf =  0.00408    CDp = 33.02681

 Side 1  free  transition at x/c =  0.0486   10
 Side 2  free  transition at x/c =  0.0046    9

   4   rms: 0.1374E+01   max: 0.1163E+02   T at   84  2   RLX: 0.044
       a =  1.000      CL = -0.0117
      Cm = -0.0383     CD = 29.93886   =>   CDf =  0.00409    CDp = 29.93478

 Side 1  free  transition at x/c =  0.0487   10
 Side 2  free  transition at x/c =  0.0046    9

   5   rms: 0.1398E+01   max: -.1139E+02   C at  101  2   RLX: 0.044
       a =  1.000      CL = -0.0406
      Cm = -0.0347     CD = 26.99522   =>   CDf =  0.00409    CDp = 26.99113

 Side 1  free  transition at x/c =  0.0488   10
 Side 2  free  transition at x/c =  0.0046    9

   6   rms: 0.2294E+01   max: -.3287E+02   C at   83  2   RLX: 0.015
       a =  1.000      CL = -0.0557
      Cm = -0.0319     CD = 26.01150   =>   CDf =  0.00409    CDp = 26.00741

 Side 1  free  transition at x/c =  0.0489   10
 Side 2  free  transition at x/c =  0.0046    9

   7   rms: 0.6349E+01   max: -.1173E+03   C at   83  2   RLX: 0.004
       a =  1.000      CL = -0.0584
      Cm = -0.0316     CD = 25.67651   =>   CDf =  0.00409    CDp = 25.67243

 Side 1  free  transition at x/c =  0.0489   10
 Side 2  free  transition at x/c =  0.0046    9

   8   rms: 0.1387E+02   max: -.2644E+03   C at   83  2   RLX: 0.002
       a =  1.000      CL = -0.0596
      Cm = -0.0315     CD = 25.52331   =>   CDf =  0.00409    CDp = 25.51923

 Side 1  free  transition at x/c =  0.0489   10
 Side 2  free  transition at x/c =  0.0046    9

   9   rms: 0.2238E+02   max: -.4291E+03   C at   83  2   RLX: 0.001
       a =  1.000      CL = -0.0604
      Cm = -0.0314     CD = 25.42421   =>   CDf =  0.00409    CDp = 25.42012

 Side 1  free  transition at x/c =  0.0489   10
 Side 2  free  transition at x/c =  0.0046    9

  10   rms: 0.3209E+02   max: -.6165E+03   C at   83  2   RLX: 0.001
       a =  1.000      CL = -0.0609
      Cm = -0.0313     CD = 25.35661   =>   CDf =  0.00409    CDp = 25.35253

 Side 1  free  transition at x/c =  0.0489   10
 Side 2  free  transition at x/c =  0.0046    9

  11   rms: 0.4316E+02   max: -.8299E+03   C at   83  2   RLX: 0.001
       a =  1.000      CL = -0.0613
      Cm = -0.0313     CD = 25.30543   =>   CDf =  0.00409    CDp = 25.30134

 Side 1  free  transition at x/c =  0.0489   10
 Side 2  free  transition at x/c =  0.0046    9

  12   rms: 0.5576E+02   max: -.1072E+04   C at   83  2   RLX: 0.000
       a =  1.000      CL = -0.0617
      Cm = -0.0312     CD = 25.26524   =>   CDf =  0.00409    CDp = 25.26115

 Side 1  free  transition at x/c =  0.0489   10
 Side 2  free  transition at x/c =  0.0046    9

  13   rms: 0.6987E+02   max: -.1344E+04   C at   83  2   RLX: 0.000
       a =  1.000      CL = -0.0619
      Cm = -0.0312     CD = 25.23282   =>   CDf =  0.00409    CDp = 25.22873

 Side 1  free  transition at x/c =  0.0489   10
 Side 2  free  transition at x/c =  0.0046    9

  14   rms: 0.8551E+02   max: -.1645E+04   C at   83  2   RLX: 0.000
       a =  1.000      CL = -0.0621
      Cm = -0.0312     CD = 25.20612   =>   CDf =  0.00409    CDp = 25.20203

 Side 1  free  transition at x/c =  0.0489   10
 Side 2  free  transition at x/c =  0.0046    9

  15   rms: 0.1027E+03   max: -.1975E+04   C at   83  2   RLX: 0.000
       a =  1.000      CL = -0.0623
      Cm = -0.0312     CD = 25.18377   =>   CDf =  0.00409    CDp = 25.17968

 Side 1  free  transition at x/c =  0.0489   10
 Side 2  free  transition at x/c =  0.0046    9

  16   rms: 0.1215E+03   max: -.2337E+04   C at   83  2   RLX: 0.000
       a =  1.000      CL = -0.0625
      Cm = -0.0311     CD = 25.16478   =>   CDf =  0.00409    CDp = 25.16070

 Side 1  free  transition at x/c =  0.0489   10
 Side 2  free  transition at x/c =  0.0046    9

  17   rms: 0.1416E+03   max: -.2724E+04   C at   83  2   RLX: 0.000
       a =  1.000      CL = -0.0626
      Cm = -0.0311     CD = 25.14849   =>   CDf =  0.00409    CDp = 25.14440

 Side 1  free  transition at x/c =  0.0489   10
 Side 2  free  transition at x/c =  0.0046    9

  18   rms: 0.1633E+03   max: -.3140E+04   C at   83  2   RLX: 0.000
       a =  1.000      CL = -0.0627
      Cm = -0.0311     CD = 25.13433   =>   CDf =  0.00409    CDp = 25.13025

 Side 1  free  transition at x/c =  0.0489   10
 Side 2  free  transition at x/c =  0.0046    9

  19   rms: 0.1864E+03   max: -.3585E+04   C at   83  2   RLX: 0.000
       a =  1.000      CL = -0.0628
      Cm = -0.0311     CD = 25.12193   =>   CDf =  0.00409    CDp = 25.11785

 Side 1  free  transition at x/c =  0.0489   10
 Side 2  free  transition at x/c =  0.0046    9

  20   rms: 0.2108E+03   max: -.4054E+04   C at   83  2   RLX: 0.000
       a =  1.000      CL = -0.0629
      Cm = -0.0311     CD = 25.11100   =>   CDf =  0.00409    CDp = 25.10691

 Side 1  free  transition at x/c =  0.0489   10
 Side 2  free  transition at x/c =  0.0046    9

  21   rms: 0.2367E+03   max: -.4554E+04   C at   83  2   RLX: 0.000
       a =  1.000      CL = -0.0630
      Cm = -0.0311     CD = 25.10129   =>   CDf =  0.00409    CDp = 25.09720

 Side 1  free  transition at x/c =  0.0489   10
 Side 2  free  transition at x/c =  0.0046    9

  22   rms: 0.2642E+03   max: -.5082E+04   C at   83  2   RLX: 0.000
       a =  1.000      CL = -0.0631
      Cm = -0.0311     CD = 25.09258   =>   CDf =  0.00409    CDp = 25.08850

 Side 1  free  transition at x/c =  0.0489   10
 Side 2  free  transition at x/c =  0.0046    9

  23   rms: 0.2930E+03   max: -.5637E+04   C at   83  2   RLX: 0.000
       a =  1.000      CL = -0.0631
      Cm = -0.0311     CD = 25.08474   =>   CDf =  0.00409    CDp = 25.08066

 Side 1  free  transition at x/c =  0.0489   10
 Side 2  free  transition at x/c =  0.0046    9

  24   rms: 0.3233E+03   max: -.6219E+04   C at   83  2   RLX: 0.000
       a =  1.000      CL = -0.0632
      Cm = -0.0311     CD = 25.07764   =>   CDf =  0.00409    CDp = 25.07355

 Side 1  free  transition at x/c =  0.0489   10
 Side 2  free  transition at x/c =  0.0046    9

  25   rms: 0.3550E+03   max: -.6828E+04   C at   83  2   RLX: 0.000
       a =  1.000      CL = -0.0632
      Cm = -0.0311     CD = 25.07118   =>   CDf =  0.00409    CDp = 25.06709

 Side 1  free  transition at x/c =  0.0489   10
 Side 2  free  transition at x/c =  0.0046    9

  26   rms: 0.3881E+03   max: -.7465E+04   C at   83  2   RLX: 0.000
       a =  1.000      CL = -0.0633
      Cm = -0.0310     CD = 25.06527   =>   CDf =  0.00409    CDp = 25.06118

 Side 1  free  transition at x/c =  0.0489   10
 Side 2  free  transition at x/c =  0.0046    9

  27   rms: 0.4226E+03   max: -.8128E+04   C at   83  2   RLX: 0.000
       a =  1.000      CL = -0.0633
      Cm = -0.0310     CD = 25.05984   =>   CDf =  0.00409    CDp = 25.05576

 Side 1  free  transition at x/c =  0.0489   10
 Side 2  free  transition at x/c =  0.0046    9

  28   rms: 0.4585E+03   max: -.8819E+04   C at   83  2   RLX: 0.000
       a =  1.000      CL = -0.0634
      Cm = -0.0310     CD = 25.05485   =>   CDf =  0.00409    CDp = 25.05076

 Side 1  free  transition at x/c =  0.0489   10
 Side 2  free  transition at x/c =  0.0046    9

  29   rms: 0.4958E+03   max: -.9536E+04   C at   83  2   RLX: 0.000
       a =  1.000      CL = -0.0634
      Cm = -0.0310     CD = 25.05023   =>   CDf =  0.00409    CDp = 25.04614

 Side 1  free  transition at x/c =  0.0489   10
 Side 2  free  transition at x/c =  0.0046    9

  30   rms: 0.5345E+03   max: -.1028E+05   C at   83  2   RLX: 0.000
       a =  1.000      CL = -0.0634
      Cm = -0.0310     CD = 25.04594   =>   CDf =  0.00409    CDp = 25.04186

 MRCHDU: Convergence failed at  82  side 2    Res =  0.3032E-01
 MRCHDU: Convergence failed at  83  side 2    Res =  0.5569E-03
 Side 1  free  transition at x/c =  0.0489   10
 Side 2  free  transition at x/c =  0.0046    9

  31   rms: 0.5746E+03   max: -.1105E+05   C at   83  2   RLX: 0.000
       a =  1.000      CL = -0.0635
      Cm = -0.0310     CD = 25.04196   =>   CDf =  0.00409    CDp = 25.03788

 MRCHDU: Convergence failed at  82  side 2    Res =  0.8203E-01
 MRCHDU: Convergence failed at  83  side 2    Res =  0.5569E-03
 Side 1  free  transition at x/c =  0.0489   10
 Side 2  free  transition at x/c =  0.0046    9

  32   rms: 0.6161E+03   max: -.1185E+05   C at   83  2   RLX: 0.000
       a =  1.000      CL = -0.0635
      Cm = -0.0310     CD = 25.03825   =>   CDf =  0.00409    CDp = 25.03417

 MRCHDU: Convergence failed at  82  side 2    Res =  0.1337E+00
 Side 1  free  transition at x/c =  0.0489   10
 Side 2  free  transition at x/c =  0.0046    9

  33   rms: 0.1251E+01   max: 0.1080E+02   T at   84  2   RLX: 0.051
       a =  1.000      CL = -0.0961
      Cm = -0.0279     CD = 21.75849   =>   CDf =  0.00409    CDp = 21.75440

 Side 1  free  transition at x/c =  0.0491   10
 Side 2  free  transition at x/c =  0.0046    9

  34   rms: 0.1265E+01   max: 0.9709E+01   T at   84  2   RLX: 0.052
       a =  1.000      CL = -0.1400
      Cm = -0.0223     CD = 17.99443   =>   CDf =  0.00399    CDp = 17.99044

 Side 1  free  transition at x/c =  0.0492    9
 Side 2  free  transition at x/c =  0.0046   10

  35   rms: 0.1557E+01   max: -.9145E+01   C at  102  2   RLX: 0.055
       a =  1.000      CL = -0.2107
      Cm = -0.0117     CD = 12.85088   =>   CDf =  0.00408    CDp = 12.84680

 Side 1  free  transition at x/c =  0.0494    9
 Side 2  free  transition at x/c =  0.0046   10

  36   rms: 0.2515E+02   max: 0.4368E+03   T at  102  2   RLX: 0.003
       a =  1.000      CL = -0.2437
      Cm = -0.0104     CD =  9.71795   =>   CDf =  0.00408    CDp =  9.71386

 Side 1  free  transition at x/c =  0.0496    9
 Side 2  free  transition at x/c =  0.0045   10

  37   rms: 0.1298E+02   max: -.3321E+03   T at  102  2   RLX: 0.002
       a =  1.000      CL = -0.2129
      Cm = -0.0193     CD = 10.93908   =>   CDf =  0.00406    CDp = 10.93502

 Side 1  free  transition at x/c =  0.0496    9
 Side 2  free  transition at x/c =  0.0045   10

  38   rms: 0.6183E+01   max: -.1070E+03   T at  102  2   RLX: 0.005
       a =  1.000      CL = -0.1959
      Cm = -0.0226     CD = 11.75101   =>   CDf =  0.00407    CDp = 11.74695

 Side 1  free  transition at x/c =  0.0495    9
 Side 2  free  transition at x/c =  0.0045   10

  39   rms: 0.3719E+01   max: -.2758E+02   T at   98  2   RLX: 0.018
       a =  1.000      CL = -0.1302
      Cm = -0.0357     CD = 16.09232   =>   CDf =  0.00408    CDp = 16.08824

 Side 1  free  transition at x/c =  0.0493    9
 Side 2  free  transition at x/c =  0.0045   10

  40   rms: 0.3144E+01   max: 0.1082E+02   T at   85  2   RLX: 0.049
       a =  1.000      CL =  0.0179
      Cm = -0.0614     CD = 27.95188   =>   CDf =  0.00420    CDp = 27.94768

 Side 1  free  transition at x/c =  0.0488    9
 Side 2  free  transition at x/c =  0.0045   10

  41   rms: 0.4050E+01   max: -.1537E+02   D at   19  2   RLX: 0.033
       a =  1.000      CL =  0.1190
      Cm = -0.0745     CD = 34.99418   =>   CDf =  0.00487    CDp = 34.98931

 Side 1  free  transition at x/c =  0.0483   10
 Side 2  free  transition at x/c =  0.0045    9

  42   rms: 0.1345E+02   max: -.5506E+02   D at   17  2   RLX: 0.009
       a =  1.000      CL =  0.1840
      Cm = -0.0792     CD = 39.51709   =>   CDf =  0.00505    CDp = 39.51204

 Side 1  free  transition at x/c =  0.0478   10
 Side 2  free  transition at x/c =  0.0082   10

  43   rms: 0.3317E+01   max: 0.1788E+02   T at   10  2   RLX: 0.030
       a =  1.000      CL =  0.1473
      Cm = -0.0695     CD = 35.72935   =>   CDf =  0.00497    CDp = 35.72438

 Side 1  free  transition at x/c =  0.0480   10
 Side 2  free  transition at x/c =  0.0078   10

  44   rms: 0.3334E+01   max: 0.1340E+02   D at   17  2   RLX: 0.040
       a =  1.000      CL =  0.0558
      Cm = -0.0574     CD = 26.39276   =>   CDf =  0.00483    CDp = 26.38793

 Side 1  free  transition at x/c =  0.0485   10
 Side 2  free  transition at x/c =  0.0107   11

  45   rms: 0.9707E+01   max: -.5597E+02   T at   11  2   RLX: 0.009
       a =  1.000      CL =  0.0674
      Cm = -0.0653     CD = 19.89866   =>   CDf =  0.00474    CDp = 19.89392

 Side 1  free  transition at x/c =  0.0484   10
 Side 2  free  transition at x/c =  0.0135   11

  46   rms: 0.2758E+02   max: -.4097E+03   T at   11  2   RLX: 0.001
       a =  1.000      CL =  0.0583
      Cm = -0.0620     CD = 19.57639   =>   CDf =  0.00454    CDp = 19.57185

 Side 1  free  transition at x/c =  0.0484   10
 Side 2  free  transition at x/c =  0.0183   12

  47   rms: 0.6305E+01   max: -.5989E+02   T at   12  2   RLX: 0.008
       a =  1.000      CL =  0.0942
      Cm = -0.0693     CD = 19.84612   =>   CDf =  0.00499    CDp = 19.84114

 TRCHEK2: N2 convergence failed.
 x:  0.06260  0.07178  0.07551  N:  8.859  9.000  9.043  Nx:  30.886   dN:-0.459E+00
 TRCHEK2: N2 convergence failed.
 x:  0.06260  0.07199  0.07551  N:  8.859  9.000  9.040  Nx:  29.968   dN:-0.330E+00
 TRCHEK2: N2 convergence failed.
 x:  0.06260  0.07384  0.07551  N:  8.859  9.000  9.012  Nx:  24.681   dN:-0.196E+00
 TRCHEK2: N2 convergence failed.
 x:  0.06260  0.07551  0.07551  N:  8.859  9.000  9.113  Nx:  19.317   dN: 0.113E+00
 TRCHEK2: N2 convergence failed.
 x:  0.06260  0.07464  0.07551  N:  8.859  9.000  9.002  Nx:  17.712   dN:-0.495E-01
 TRCHEK2: N2 convergence failed.
 x:  0.06260  0.07456  0.07551  N:  8.859  9.000  9.003  Nx:  16.302   dN:-0.723E-01
 TRCHEK2: N2 convergence failed.
 x:  0.06260  0.07455  0.07551  N:  8.859  9.000  9.020  Nx:  15.859   dN: 0.754E-01
 TRCHEK2: N2 convergence failed.
 x:  0.06260  0.07412  0.07551  N:  8.859  9.000  9.008  Nx:  19.722   dN:-0.192E-01
 TRCHEK2: N2 convergence failed.
 x:  0.06260  0.07449  0.07551  N:  8.859  9.000  9.020  Nx:  15.949   dN: 0.142E+00
 TRCHEK2: N2 convergence failed.
 x:  0.06260  0.07426  0.07551  N:  8.859  9.000  9.006  Nx:  27.141   dN:-0.198E-01
 TRCHEK2: N2 convergence failed.
 x:  0.06260  0.07474  0.07551  N:  8.859  9.000  9.001  Nx:  16.304   dN:-0.426E-01
 TRCHEK2: N2 convergence failed.
 x:  0.06260  0.07503  0.07551  N:  8.859  9.000  9.013  Nx:  15.982   dN: 0.625E-01
 TRCHEK2: N2 convergence failed.
 x:  0.06260  0.07441  0.07551  N:  8.859  9.000  9.005  Nx:  16.373   dN:-0.333E-01
 TRCHEK2: N2 convergence failed.
 x:  0.06260  0.07476  0.07551  N:  8.859  9.000  9.017  Nx:  15.985   dN: 0.591E-01
 TRCHEK2: N2 convergence failed.
 x:  0.06260  0.07439  0.07551  N:  8.859  9.000  9.022  Nx:  15.939   dN: 0.534E-01
 TRCHEK2: N2 convergence failed.
 x:  0.06260  0.07343  0.07551  N:  8.859  9.000  9.020  Nx:  20.216   dN:-0.729E-02
 TRCHEK2: N2 convergence failed.
 x:  0.06260  0.07410  0.07551  N:  8.859  9.000  9.026  Nx:  16.095   dN: 0.779E+00
 TRCHEK2: N2 convergence failed.
 x:  0.06260  0.07503  0.07551  N:  8.859  9.000  9.013  Nx:  15.999   dN: 0.628E-01
 TRCHEK2: N2 convergence failed.
 x:  0.06260  0.07440  0.07551  N:  8.859  9.000  9.005  Nx:  16.705   dN:-0.184E-01
 TRCHEK2: N2 convergence failed.
 x:  0.06260  0.07482  0.07551  N:  8.859  9.000  9.016  Nx:  16.006   dN: 0.602E-01
 TRCHEK2: N2 convergence failed.
 x:  0.06260  0.07439  0.07551  N:  8.859  9.000  9.005  Nx:  16.109   dN:-0.250E+01
 TRCHEK2: N2 convergence failed.
 x:  0.06260  0.07449  0.07551  N:  8.859  9.000  9.020  Nx:  15.889   dN: 0.544E-01
 TRCHEK2: N2 convergence failed.
 x:  0.06260  0.07339  0.07551  N:  8.859  9.000  9.019  Nx:  19.553   dN:-0.835E-02
 TRCHEK2: N2 convergence failed.
 x:  0.06260  0.07445  0.07551  N:  8.859  9.000  9.021  Nx:  15.897   dN: 0.536E-01
 TRCHEK2: N2 convergence failed.
 x:  0.06260  0.07445  0.07551  N:  8.859  9.000  9.004  Nx:  16.047   dN:-0.344E+00
 MRCHDU: Convergence failed at  16  side 2    Res =  0.9993E+00
 MRCHDU: Convergence failed at  17  side 2    Res =  0.3288E+02
 MRCHDU: Convergence failed at  18  side 2    Res =  0.5031E+02
 MRCHDU: Convergence failed at  19  side 2    Res =  0.3162E+02
 MRCHDU: Convergence failed at  20  side 2    Res =  0.2873E+02
 MRCHDU: Convergence failed at  21  side 2    Res =  0.3932E+02
 MRCHDU: Convergence failed at  22  side 2    Res =  0.1333E+03
 MRCHDU: Convergence failed at  23  side 2    Res =  0.1533E+03
 MRCHDU: Convergence failed at  24  side 2    Res =  0.2255E+03
 MRCHDU: Convergence failed at  25  side 2    Res =  0.2528E+03
 MRCHDU: Convergence failed at  26  side 2    Res =  0.1570E+03
 MRCHDU: Convergence failed at  27  side 2    Res =  0.1549E+03
 MRCHDU: Convergence failed at  28  side 2    Res =  0.1436E+03
 MRCHDU: Convergence failed at  29  side 2    Res =  0.1148E+03
 MRCHDU: Convergence failed at  30  side 2    Res =  0.1113E+03
 MRCHDU: Convergence failed at  31  side 2    Res =  0.1081E+03
 MRCHDU: Convergence failed at  32  side 2    Res =  0.1082E+03
 MRCHDU: Convergence failed at  33  side 2    Res =  0.1094E+03
 MRCHDU: Convergence failed at  34  side 2    Res =  0.1127E+03
 MRCHDU: Convergence failed at  35  side 2    Res =  0.1162E+03
 MRCHDU: Convergence failed at  36  side 2    Res =  0.1234E+03
 MRCHDU: Convergence failed at  37  side 2    Res =  0.1322E+03
 MRCHDU: Convergence failed at  38  side 2    Res =  0.1368E+03
 MRCHDU: Convergence failed at  39  side 2    Res =  0.1478E+03
 MRCHDU: Convergence failed at  40  side 2    Res =  0.5071E+03
 MRCHDU: Convergence failed at  41  side 2    Res =  0.2194E+03
 MRCHDU: Convergence failed at  42  side 2    Res =  0.3668E+03
 MRCHDU: Convergence failed at  43  side 2    Res =  0.1433E+04
 MRCHDU: Convergence failed at  44  side 2    Res =  0.7301E+03
 MRCHDU: Convergence failed at  45  side 2    Res =  0.2307E+03
 MRCHDU: Convergence failed at  46  side 2    Res =  0.1260E+03
 MRCHDU: Convergence failed at  47  side 2    Res =  0.1348E+03
 MRCHDU: Convergence failed at  48  side 2    Res =  0.1933E+03
 MRCHDU: Convergence failed at  49  side 2    Res =  0.4631E+03
 MRCHDU: Convergence failed at  50  side 2    Res =  0.8372E+03
 MRCHDU: Convergence failed at  51  side 2    Res =  0.2232E+03
 MRCHDU: Convergence failed at  52  side 2    Res =  0.1075E+03
 MRCHDU: Convergence failed at  53  side 2    Res =  0.1450E+03
 MRCHDU: Convergence failed at  54  side 2    Res =  0.2233E+03
 MRCHDU: Convergence failed at  55  side 2    Res =  0.5420E+03
 MRCHDU: Convergence failed at  56  side 2    Res =  0.4342E+03
 MRCHDU: Convergence failed at  57  side 2    Res =  0.1550E+03
 MRCHDU: Convergence failed at  58  side 2    Res =  0.1081E+03
 MRCHDU: Convergence failed at  59  side 2    Res =  0.1628E+03
 MRCHDU: Convergence failed at  60  side 2    Res =  0.3698E+03
 MRCHDU: Convergence failed at  61  side 2    Res =  0.4058E+03
 MRCHDU: Convergence failed at  62  side 2    Res =  0.1226E+03
 MRCHDU: Convergence failed at  63  side 2    Res =  0.6404E+02
 MRCHDU: Convergence failed at  64  side 2    Res =  0.1763E+03
 MRCHDU: Convergence failed at  65  side 2    Res =  0.1340E+03
 MRCHDU: Convergence failed at  66  side 2    Res =  0.8278E+02
 MRCHDU: Convergence failed at  67  side 2    Res =  0.3163E+03
 MRCHDU: Convergence failed at  68  side 2    Res =  0.4094E+02
 MRCHDU: Convergence failed at  69  side 2    Res =  0.5813E+02
 MRCHDU: Convergence failed at  70  side 2    Res =  0.6919E+02
 MRCHDU: Convergence failed at  71  side 2    Res =  0.6815E+02
 MRCHDU: Convergence failed at  72  side 2    Res =  0.1289E+03
 MRCHDU: Convergence failed at  73  side 2    Res =  0.2004E+03
 MRCHDU: Convergence failed at  74  side 2    Res =  0.1070E+03
 MRCHDU: Convergence failed at  75  side 2    Res =  0.1151E+03
 MRCHDU: Convergence failed at  76  side 2    Res =  0.2105E+02
 MRCHDU: Convergence failed at  77  side 2    Res =  0.7519E+00
 Side 1  free  transition at x/c =  0.0482   10
 Side 2  free  transition at x/c =  0.0637   16

  48   rms: 0.1062E+02   max: -.1980E+03   T at   16  2   RLX: 0.003
       a =  1.000      CL = -1.0627
      Cm =  0.2807     CD = 19.76884   =>   CDf =  0.00374    CDp = 19.76509

 Side 1  free  transition at x/c =  0.0482   10
 Side 2  free  transition at x/c =  0.0512   15

  49   rms: 0.1163E+02   max: 0.2591E+03   T at   15  2   RLX: 0.006
       a =  1.000      CL = -0.7630
      Cm =  0.1803     CD = 20.02709   =>   CDf =  0.00402    CDp = 20.02307

 Side 1  free  transition at x/c =  0.0484   10
 Side 2  free  transition at x/c =  0.0464   15

  50   rms: 0.6822E+01   max: 0.7762E+02   T at   16  2   RLX: 0.019
       a =  1.000      CL = -0.7611
      Cm =  0.1657     CD = 19.72817   =>   CDf =  0.00393    CDp = 19.72424

 MRCHDU: Convergence failed at  16  side 2    Res =  0.2270E+02
 Side 1  free  transition at x/c =  0.0488    9
 Side 2  free  transition at x/c =  0.0091   12

  51   rms: 0.1404E+02   max: -.2105E+03   T at   12  2   RLX: 0.002
       a =  1.000      CL = -1.4251
      Cm =  0.3476     CD = 20.05533   =>   CDf =  0.00399    CDp = 20.05134

 Side 1  free  transition at x/c =  0.0487    9
 Side 2  free  transition at x/c =  0.0091   12

  52   rms: 0.4922E+01   max: -.7517E+02   T at   12  2   RLX: 0.007
       a =  1.000      CL = -1.3881
      Cm =  0.3419     CD = 20.99773   =>   CDf =  0.00400    CDp = 20.99373

 TRCHEK2: N2 convergence failed.
 x:  0.01363  0.02131  0.02216  N:  7.629  9.000  9.066  Nx: 582.854   dN:-0.422E+01
 TRCHEK2: N2 convergence failed.
 x:  0.01363  0.02131  0.02216  N:  7.629  9.000  9.066  Nx: 498.814   dN:-0.853E+01
 TRCHEK2: N2 convergence failed.
 x:  0.01363  0.02131  0.02216  N:  7.629  9.000  9.066  Nx: 525.646   dN:-0.605E+01
 TRCHEK2: N2 convergence failed.
 x:  0.01363  0.02177  0.02216  N:  7.629  9.000  9.000  Nx: 448.981   dN:-0.728E+02
 TRCHEK2: N2 convergence failed.
 x:  0.01363  0.02177  0.02216  N:  7.629  9.000  9.000  Nx: 459.468   dN:-0.218E+02
 TRCHEK2: N2 convergence failed.
 x:  0.01363  0.02177  0.02216  N:  7.629  9.000  9.000  Nx: 466.018   dN:-0.156E+02
 TRCHEK2: N2 convergence failed.
 x:  0.01363  0.02177  0.02216  N:  7.629  9.000  9.000  Nx: 464.484   dN:-0.166E+02
 TRCHEK2: N2 convergence failed.
 x:  0.01363  0.02177  0.02216  N:  7.629  9.000  9.000  Nx: 464.954   dN:-0.163E+02
 TRCHEK2: N2 convergence failed.
 x:  0.01363  0.02177  0.02216  N:  7.629  9.000  9.000  Nx: 464.835   dN:-0.164E+02
 TRCHEK2: N2 convergence failed.
 x:  0.01363  0.02177  0.02216  N:  7.629  9.000  9.000  Nx: 464.871   dN:-0.164E+02
 TRCHEK2: N2 convergence failed.
 x:  0.01363  0.02177  0.02216  N:  7.629  9.000  9.000  Nx: 464.862   dN:-0.164E+02
 TRCHEK2: N2 convergence failed.
 x:  0.01363  0.02177  0.02216  N:  7.629  9.000  9.000  Nx: 464.865   dN:-0.164E+02
 TRCHEK2: N2 convergence failed.
 x:  0.01363  0.02177  0.02216  N:  7.629  9.000  9.000  Nx: 464.865   dN:-0.164E+02
 MRCHDU: Convergence failed at  12  side 2    Res =  0.3302E+01
 Side 1  free  transition at x/c =  0.0486    9
 Side 2  free  transition at x/c =  0.0111   12

  53   rms: 0.3127E+01   max: -.3870E+02   T at   12  2   RLX: 0.013
       a =  1.000      CL = -1.2435
      Cm =  0.3060     CD = 22.48051   =>   CDf =  0.00408    CDp = 22.47643

 Side 1  free  transition at x/c =  0.0484   10
 Side 2  free  transition at x/c =  0.0121   11

  54   rms: 0.2796E+01   max: 0.2241E+02   T at   84  2   RLX: 0.040
       a =  1.000      CL = -1.0492
      Cm =  0.2667     CD = 27.01757   =>   CDf =  0.00401    CDp = 27.01356

 Side 1  free  transition at x/c =  0.0477   10
 Side 2  free  transition at x/c =  0.0098   11

  55   rms: 0.2505E+01   max: 0.2471E+02   T at   84  2   RLX: 0.061
       a =  1.000      CL = -0.9512
      Cm =  0.2528     CD = 31.79601   =>   CDf =  0.00410    CDp = 31.79191

 Side 1  free  transition at x/c =  0.0467   11
 Side 2  free  transition at x/c =  0.0080    9

  56   rms: 0.8494E+01   max: -.9564E+02   T at   10  2   RLX: 0.005
       a =  1.000      CL = -0.9000
      Cm =  0.2434     CD = 29.64148   =>   CDf =  0.00405    CDp = 29.63744

 Side 1  free  transition at x/c =  0.0464   11
 Side 2  free  transition at x/c =  0.0080    9

  57   rms: 0.5478E+01   max: -.1125E+03   T at   10  2   RLX: 0.004
       a =  1.000      CL = -0.8935
      Cm =  0.2425     CD = 29.57516   =>   CDf =  0.00405    CDp = 29.57110

 MRCHDU: Convergence failed at  11  side 2    Res =  0.6329E-02
 Side 1  free  transition at x/c =  0.0464   11
 Side 2  free  transition at x/c =  0.0080    9

  58   rms: 0.6050E+01   max: -.3338E+02   C at   82  2   RLX: 0.015
       a =  1.000      CL = -0.8715
      Cm =  0.2375     CD = 29.40975   =>   CDf =  0.00406    CDp = 29.40570

 Side 1  free  transition at x/c =  0.0464   11
 Side 2  free  transition at x/c =  0.0079    9

  59   rms: 0.6424E+01   max: -.4774E+02   C at   82  2   RLX: 0.010
       a =  1.000      CL = -0.8613
      Cm =  0.2316     CD = 29.61291   =>   CDf =  0.00405    CDp = 29.60886

 Side 1  free  transition at x/c =  0.0464   11
 Side 2  free  transition at x/c =  0.0079    9

  60   rms: 0.1689E+01   max: 0.1252E+02   D at   84  2   RLX: 0.111
       a =  1.000      CL = -0.7227
      Cm =  0.1949     CD = 26.52306   =>   CDf =  0.00405    CDp = 26.51900

 MRCHDU: Convergence failed at  10  side 2    Res =  0.3660E-02
 MRCHDU: Convergence failed at  11  side 2    Res =  0.4981E-02
 Side 1  free  transition at x/c =  0.0463   11
 Side 2  free  transition at x/c =  0.0078    9

  61   rms: 0.1259E+01   max: 0.1540E+02   T at   83  2   RLX: 0.097
       a =  1.000      CL = -0.6595
      Cm =  0.1799     CD = 21.01018   =>   CDf =  0.00408    CDp = 21.00610

 MRCHDU: Convergence failed at  11  side 2    Res =  0.5142E-02
 Side 1  free  transition at x/c =  0.0462   11
 Side 2  free  transition at x/c =  0.0078    9

  62   rms: 0.9967E+00   max: 0.1579E+02   T at   83  2   RLX: 0.095
       a =  1.000      CL = -0.5763
      Cm =  0.1585     CD = 18.68387   =>   CDf =  0.00410    CDp = 18.67976

 MRCHDU: Convergence failed at  11  side 2    Res =  0.3680E-02
 Side 1  free  transition at x/c =  0.0461   11
 Side 2  free  transition at x/c =  0.0078    9

  63   rms: 0.1541E+01   max: 0.3162E+02   T at   83  2   RLX: 0.047
       a =  1.000      CL = -0.5368
      Cm =  0.1481     CD = 18.14138   =>   CDf =  0.00412    CDp = 18.13726

 MRCHDU: Convergence failed at  11  side 2    Res =  0.2683E-02
 Side 1  free  transition at x/c =  0.0460   11
 Side 2  free  transition at x/c =  0.0078    9

  64   rms: 0.1780E+01   max: 0.3156E+02   T at   83  2   RLX: 0.048
       a =  1.000      CL = -0.4999
      Cm =  0.1386     CD = 17.89977   =>   CDf =  0.00413    CDp = 17.89564

 MRCHDU: Convergence failed at  11  side 2    Res =  0.2052E-02
 Side 1  free  transition at x/c =  0.0460   11
 Side 2  free  transition at x/c =  0.0078    9

  65   rms: 0.1591E+01   max: 0.3128E+02   T at   83  2   RLX: 0.048
       a =  1.000      CL = -0.4648
      Cm =  0.1297     CD = 18.48981   =>   CDf =  0.00413    CDp = 18.48567

 MRCHDU: Convergence failed at  11  side 2    Res =  0.1389E-02
 Side 1  free  transition at x/c =  0.0459   11
 Side 2  free  transition at x/c =  0.0078    9

  66   rms: 0.1590E+01   max: 0.3093E+02   T at   83  2   RLX: 0.048
       a =  1.000      CL = -0.4319
      Cm =  0.1213     CD = 19.54746   =>   CDf =  0.00414    CDp = 19.54332

 MRCHDU: Convergence failed at  11  side 2    Res =  0.4145E-03
 MRCHDU: Convergence failed at  94  side 2    Res =  0.3520E-01
 Side 1  free  transition at x/c =  0.0459   11
 Side 2  free  transition at x/c =  0.0077    9

  67   rms: 0.1759E+01   max: 0.3062E+02   T at   83  2   RLX: 0.032
       a =  1.000      CL = -0.4112
      Cm =  0.1161     CD = 42.56428   =>   CDf =  0.00414    CDp = 42.56013

 MRCHDU: Convergence failed at  94  side 2    Res =  0.5014E-01
 Side 1  free  transition at x/c =  0.0458   11
 Side 2  free  transition at x/c =  0.0077    9

  68   rms: 0.1997E+01   max: 0.3038E+02   T at   83  2   RLX: 0.040
       a =  1.000      CL = -0.3876
      Cm =  0.1103     CD = 51.03896   =>   CDf =  0.00415    CDp = 51.03481

 MRCHDU: Convergence failed at  78  side 2    Res =  0.3013E-01
 MRCHDU: Convergence failed at  79  side 2    Res =  0.2048E-02
 MRCHDU: Convergence failed at  80  side 2    Res =  0.9117E-03
 MRCHDU: Convergence failed at  81  side 2    Res =  0.4292E-03
 MRCHDU: Convergence failed at  82  side 2    Res =  0.1063E-04
 MRCHDU: Convergence failed at  94  side 2    Res =  0.9799E-01
 Side 1  free  transition at x/c =  0.0458   11
 Side 2  free  transition at x/c =  0.0077    9

  69   rms: 0.2294E+01   max: 0.3020E+02   T at   83  2   RLX: 0.044
       a =  1.000      CL = -0.3639
      Cm =  0.1045     CD = 59.88010   =>   CDf =  0.00415    CDp = 59.87595

 MRCHDU: Convergence failed at  78  side 2    Res =  0.2448E+00
 MRCHDU: Convergence failed at  94  side 2    Res =  0.1790E+00
 Side 1  free  transition at x/c =  0.0457   11
 Side 2  free  transition at x/c =  0.0077    9

  70   rms: 0.3077E+01   max: -.6234E+02   T at   98  2   RLX: 0.008
       a =  1.000      CL = -0.3589
      Cm =  0.1031     CD = 50.11328   =>   CDf =  0.00416    CDp = 50.10912

 Side 1  free  transition at x/c =  0.0457   11
 Side 2  free  transition at x/c =  0.0077    9

  71   rms: 0.1376E+01   max: 0.2254E+02   T at   83  2   RLX: 0.037
       a =  1.000      CL = -0.3398
      Cm =  0.0985     CD = 50.78611   =>   CDf =  0.00416    CDp = 50.78195

 Side 1  free  transition at x/c =  0.0457   11
 Side 2  free  transition at x/c =  0.0077    9

  72   rms: 0.1193E+01   max: 0.2225E+02   T at   83  2   RLX: 0.058
       a =  1.000      CL = -0.3109
      Cm =  0.0915     CD = 60.46951   =>   CDf =  0.00416    CDp = 60.46535

 Side 1  free  transition at x/c =  0.0456   11
 Side 2  free  transition at x/c =  0.0078    9

  73   rms: 0.1320E+01   max: 0.2182E+02   T at   83  2   RLX: 0.041
       a =  1.000      CL = -0.2921
      Cm =  0.0869     CD = 69.99833   =>   CDf =  0.00417    CDp = 69.99417

 Side 1  free  transition at x/c =  0.0455   11
 Side 2  free  transition at x/c =  0.0078    9

  74   rms: 0.1740E+01   max: 0.3086E+02   T at   97  2   RLX: 0.042
       a =  1.000      CL = -0.2743
      Cm =  0.0826     CD = 73.42843   =>   CDf =  0.00417    CDp = 73.42426

 Side 1  free  transition at x/c =  0.0455   11
 Side 2  free  transition at x/c =  0.0078    9

  75   rms: 0.7047E+01   max: 0.1886E+03   T at   97  2   RLX: 0.008
       a =  1.000      CL = -0.2706
      Cm =  0.0816     CD = 77.64730   =>   CDf =  0.00417    CDp = 77.64313

 Side 1  free  transition at x/c =  0.0455   11
 Side 2  free  transition at x/c =  0.0078    9

  76   rms: 0.8239E+01   max: 0.2212E+03   T at   97  2   RLX: 0.007
       a =  1.000      CL = -0.2678
      Cm =  0.0809     CD = 77.40886   =>   CDf =  0.00417    CDp = 77.40468

 Side 1  free  transition at x/c =  0.0455   11
 Side 2  free  transition at x/c =  0.0078    9

  77   rms: 0.3924E+01   max: 0.9988E+02   T at   97  2   RLX: 0.015
       a =  1.000      CL = -0.2618
      Cm =  0.0795     CD = 75.61300   =>   CDf =  0.00417    CDp = 75.60883

 Side 1  free  transition at x/c =  0.0455   11
 Side 2  free  transition at x/c =  0.0078    9

  78   rms: 0.1922E+01   max: 0.3943E+02   T at   97  2   RLX: 0.038
       a =  1.000      CL = -0.2468
      Cm =  0.0759     CD = 71.57538   =>   CDf =  0.00417    CDp = 71.57120

 Side 1  free  transition at x/c =  0.0454   11
 Side 2  free  transition at x/c =  0.0078    9

  79   rms: 0.1363E+01   max: 0.2068E+02   T at   83  2   RLX: 0.037
       a =  1.000      CL = -0.2318
      Cm =  0.0723     CD = 69.70327   =>   CDf =  0.00418    CDp = 69.69909

 Side 1  free  transition at x/c =  0.0454   11
 Side 2  free  transition at x/c =  0.0078    9

  80   rms: 0.1280E+01   max: 0.2042E+02   T at   83  2   RLX: 0.038
       a =  1.000      CL = -0.2170
      Cm =  0.0687     CD = 66.99499   =>   CDf =  0.00418    CDp = 66.99081

 Side 1  free  transition at x/c =  0.0453   11
 Side 2  free  transition at x/c =  0.0078    9

  81   rms: 0.1297E+01   max: 0.2014E+02   T at   83  2   RLX: 0.035
       a =  1.000      CL = -0.2035
      Cm =  0.0654     CD = 64.85659   =>   CDf =  0.00418    CDp = 64.85240

 Side 1  free  transition at x/c =  0.0453   11
 Side 2  free  transition at x/c =  0.0078    9

  82   rms: 0.1249E+01   max: 0.1991E+02   T at   83  2   RLX: 0.039
       a =  1.000      CL = -0.1891
      Cm =  0.0620     CD = 62.19595   =>   CDf =  0.00419    CDp = 62.19176

 Side 1  free  transition at x/c =  0.0452   11
 Side 2  free  transition at x/c =  0.0078    9

  83   rms: 0.1288E+01   max: 0.1962E+02   T at   83  2   RLX: 0.039
       a =  1.000      CL = -0.1747
      Cm =  0.0587     CD = 59.95695   =>   CDf =  0.00419    CDp = 59.95276

 Side 1  free  transition at x/c =  0.0451   11
 Side 2  free  transition at x/c =  0.0079    9

  84   rms: 0.2551E+01   max: 0.2208E+02   T at   80  2   RLX: 0.054
       a =  1.000      CL = -0.1490
      Cm =  0.0564     CD = 56.06793   =>   CDf =  0.00419    CDp = 56.06373

 Side 1  free  transition at x/c =  0.0446   11
 Side 2  free  transition at x/c =  0.0081    9

  85   rms: 0.1364E+01   max: 0.2073E+02   T at   83  2   RLX: 0.048
       a =  1.000      CL = -0.1376
      Cm =  0.0526     CD = 53.74783   =>   CDf =  0.00421    CDp = 53.74362

 Side 1  free  transition at x/c =  0.0447   11
 Side 2  free  transition at x/c =  0.0081    9

  86   rms: 0.1157E+01   max: 0.2118E+02   T at   83  2   RLX: 0.047
       a =  1.000      CL = -0.1239
      Cm =  0.0489     CD = 51.41010   =>   CDf =  0.00421    CDp = 51.40589

 Side 1  free  transition at x/c =  0.0447   11
 Side 2  free  transition at x/c =  0.0081    9

  87   rms: 0.1062E+01   max: 0.2118E+02   T at   83  2   RLX: 0.046
       a =  1.000      CL = -0.1107
      Cm =  0.0449     CD = 49.25712   =>   CDf =  0.00421    CDp = 49.25291

 Side 1  free  transition at x/c =  0.0447   11
 Side 2  free  transition at x/c =  0.0080    9

  88   rms: 0.1053E+01   max: 0.2108E+02   T at   83  2   RLX: 0.046
       a =  1.000      CL = -0.0984
      Cm =  0.0410     CD = 47.05299   =>   CDf =  0.00422    CDp = 47.04878

 Side 1  free  transition at x/c =  0.0448   11
 Side 2  free  transition at x/c =  0.0080    9

  89   rms: 0.1080E+01   max: 0.2092E+02   T at   83  2   RLX: 0.046
       a =  1.000      CL = -0.0868
      Cm =  0.0374     CD = 45.02931   =>   CDf =  0.00422    CDp = 45.02509

 Side 1  free  transition at x/c =  0.0448   11
 Side 2  free  transition at x/c =  0.0080    9

  90   rms: 0.1261E+01   max: 0.2064E+02   T at   83  2   RLX: 0.047
       a =  1.000      CL = -0.0786
      Cm =  0.0344     CD = 43.06891   =>   CDf =  0.00422    CDp = 43.06469

 Side 1  free  transition at x/c =  0.0449   11
 Side 2  free  transition at x/c =  0.0079    9

  91   rms: 0.2165E+01   max: 0.5092E+02   T at   98  2   RLX: 0.029
       a =  1.000      CL = -0.0726
      Cm =  0.0320     CD = 43.47484   =>   CDf =  0.00423    CDp = 43.47061

 MRCHDU: Convergence failed at  11  side 2    Res =  0.2516E-01
 Side 1  free  transition at x/c =  0.0449   11
 Side 2  free  transition at x/c =  0.0079    9

  92   rms: 0.2049E+01   max: 0.4204E+02   T at   98  2   RLX: 0.022
       a =  1.000      CL = -0.0698
      Cm =  0.0302     CD = 43.18269   =>   CDf =  0.00422    CDp = 43.17846

 MRCHDU: Convergence failed at  11  side 2    Res =  0.3753E-01
 Side 1  free  transition at x/c =  0.0449   11
 Side 2  free  transition at x/c =  0.0079    9

  93   rms: 0.1389E+01   max: 0.2376E+02   T at   98  2   RLX: 0.047
       a =  1.000      CL = -0.0606
      Cm =  0.0266     CD = 42.08283   =>   CDf =  0.00422    CDp = 42.07860

 Side 1  free  transition at x/c =  0.0451   11
 Side 2  free  transition at x/c =  0.0079    9

  94   rms: 0.1763E+01   max: 0.1896E+02   T at   83  2   RLX: 0.041
       a =  1.000      CL = -0.0601
      Cm =  0.0222     CD = 42.00375   =>   CDf =  0.00422    CDp = 41.99953

 Side 1  free  transition at x/c =  0.0455   11
 Side 2  free  transition at x/c =  0.0079    9

  95   rms: 0.1096E+01   max: 0.1769E+02   T at   83  2   RLX: 0.050
       a =  1.000      CL = -0.0553
      Cm =  0.0202     CD = 40.88245   =>   CDf =  0.00421    CDp = 40.87824

 Side 1  free  transition at x/c =  0.0455   11
 Side 2  free  transition at x/c =  0.0079    9

  96   rms: 0.8915E+00   max: 0.1736E+02   T at   83  2   RLX: 0.086
       a =  1.000      CL = -0.0397
      Cm =  0.0159     CD = 38.35559   =>   CDf =  0.00421    CDp = 38.35138

 Side 1  free  transition at x/c =  0.0454   11
 Side 2  free  transition at x/c =  0.0079    9

  97   rms: 0.1073E+01   max: 0.1661E+02   T at   83  2   RLX: 0.053
       a =  1.000      CL = -0.0337
      Cm =  0.0139     CD = 38.93725   =>   CDf =  0.00421    CDp = 38.93303

 Side 1  free  transition at x/c =  0.0454   11
 Side 2  free  transition at x/c =  0.0080    9

  98   rms: 0.1357E+01   max: 0.2812E+02   T at   83  2   RLX: 0.053
       a =  1.000      CL = -0.0281
      Cm =  0.0121     CD = 37.80298   =>   CDf =  0.00422    CDp = 37.79876

 Side 1  free  transition at x/c =  0.0455   11
 Side 2  free  transition at x/c =  0.0080    9

  99   rms: 0.1107E+01   max: 0.1586E+02   T at   83  2   RLX: 0.054
       a =  1.000      CL = -0.0270
      Cm =  0.0109     CD = 37.20919   =>   CDf =  0.00422    CDp = 37.20497

 Side 1  free  transition at x/c =  0.0456   11
 Side 2  free  transition at x/c =  0.0080    9

 100   rms: 0.7560E+01   max: -.1413E+03   T at   10  2   RLX: 0.004
       a =  1.000      CL = -0.0203
      Cm =  0.0107     CD = 38.40867   =>   CDf =  0.00424    CDp = 38.40443

 Side 1  free  transition at x/c =  0.0454   11
 Side 2  free  transition at x/c =  0.0080    9

 101   rms: 0.9243E+00   max: -.9443E+01   C at   82  2   RLX: 0.053
       a =  1.000      CL = -0.0198
      Cm =  0.0110     CD = 35.79138   =>   CDf =  0.00422    CDp = 35.78716

 Side 1  free  transition at x/c =  0.0454   11
 Side 2  free  transition at x/c =  0.0080    9

 102   rms: 0.1086E+01   max: 0.1607E+02   T at   83  2   RLX: 0.054
       a =  1.000      CL = -0.0118
      Cm =  0.0084     CD = 34.57386   =>   CDf =  0.00422    CDp = 34.56964

 Side 1  free  transition at x/c =  0.0454   11
 Side 2  free  transition at x/c =  0.0080    9

 103   rms: 0.1086E+01   max: 0.1570E+02   T at   83  2   RLX: 0.054
       a =  1.000      CL = -0.0046
      Cm =  0.0058     CD = 33.50022   =>   CDf =  0.00422    CDp = 33.49600

 Side 1  free  transition at x/c =  0.0455   11
 Side 2  free  transition at x/c =  0.0080    9

 104   rms: 0.1119E+01   max: 0.1528E+02   T at   83  2   RLX: 0.055
       a =  1.000      CL = -0.0013
      Cm =  0.0037     CD = 32.52778   =>   CDf =  0.00422    CDp = 32.52357

 Side 1  free  transition at x/c =  0.0456   11
 Side 2  free  transition at x/c =  0.0080    9

 105   rms: 0.1238E+01   max: 0.1512E+02   T at   83  2   RLX: 0.053
       a =  1.000      CL = -0.0013
      Cm =  0.0017     CD = 31.70269   =>   CDf =  0.00422    CDp = 31.69847

 Side 1  free  transition at x/c =  0.0459   11
 Side 2  free  transition at x/c =  0.0080    9

 106   rms: 0.1976E+02   max: -.1868E+03   T at   10  2   RLX: 0.003
       a =  1.000      CL =  0.0017
      Cm =  0.0039     CD = 32.98051   =>   CDf =  0.00422    CDp = 32.97629

 Side 1  free  transition at x/c =  0.0455   11
 Side 2  free  transition at x/c =  0.0080    9

 107   rms: 0.1161E+01   max: 0.1567E+02   T at   83  2   RLX: 0.053
       a =  1.000      CL = -0.0079
      Cm =  0.0058     CD = 30.90187   =>   CDf =  0.00423    CDp = 30.89764

 Side 1  free  transition at x/c =  0.0457   11
 Side 2  free  transition at x/c =  0.0080    9

 108   rms: 0.1174E+02   max: -.1389E+03   T at   10  2   RLX: 0.004
       a =  1.000      CL = -0.0007
      Cm =  0.0060     CD = 31.97408   =>   CDf =  0.00424    CDp = 31.96984

 Side 1  free  transition at x/c =  0.0454   11
 Side 2  free  transition at x/c =  0.0080    9

 109   rms: 0.1120E+01   max: 0.1602E+02   T at   83  2   RLX: 0.053
       a =  1.000      CL = -0.0053
      Cm =  0.0071     CD = 29.82002   =>   CDf =  0.00423    CDp = 29.81578

 Side 1  free  transition at x/c =  0.0455   11
 Side 2  free  transition at x/c =  0.0081    9

 110   rms: 0.1184E+01   max: 0.1576E+02   T at   83  2   RLX: 0.052
       a =  1.000      CL = -0.0023
      Cm =  0.0048     CD = 29.10183   =>   CDf =  0.00424    CDp = 29.09759

 Side 1  free  transition at x/c =  0.0457   11
 Side 2  free  transition at x/c =  0.0081    9

 111   rms: 0.2457E+01   max: 0.2343E+02   T at   10  2   RLX: 0.032
       a =  1.000      CL = -0.0060
      Cm =  0.0025     CD = 29.04078   =>   CDf =  0.00424    CDp = 29.03653

 Side 1  free  transition at x/c =  0.0462   11
 Side 2  free  transition at x/c =  0.0081    9

 112   rms: 0.1337E+01   max: 0.1743E+02   T at   83  2   RLX: 0.043
       a =  1.000      CL = -0.0089
      Cm =  0.0055     CD = 28.15760   =>   CDf =  0.00424    CDp = 28.15336

 Side 1  free  transition at x/c =  0.0460   11
 Side 2  free  transition at x/c =  0.0081    9

 113   rms: 0.1310E+01   max: 0.1702E+02   T at   83  2   RLX: 0.050
       a =  1.000      CL = -0.0033
      Cm =  0.0049     CD = 27.32165   =>   CDf =  0.00425    CDp = 27.31740

 Side 1  free  transition at x/c =  0.0459   11
 Side 2  free  transition at x/c =  0.0081    9

 114   rms: 0.1405E+01   max: 0.1661E+02   T at   83  2   RLX: 0.053
       a =  1.000      CL =  0.0025
      Cm =  0.0047     CD = 26.52620   =>   CDf =  0.00426    CDp = 26.52194

 Side 1  free  transition at x/c =  0.0457   11
 Side 2  free  transition at x/c =  0.0081    9

 115   rms: 0.5878E+01   max: -.5605E+02   T at   10  2   RLX: 0.009
       a =  1.000      CL =  0.0027
      Cm =  0.0069     CD = 27.41588   =>   CDf =  0.00427    CDp = 27.41161

 Side 1  free  transition at x/c =  0.0454   11
 Side 2  free  transition at x/c =  0.0081    9

 116   rms: 0.1249E+01   max: 0.1749E+02   T at   83  2   RLX: 0.050
       a =  1.000      CL = -0.0011
      Cm =  0.0078     CD = 25.90601   =>   CDf =  0.00428    CDp = 25.90173

 Side 1  free  transition at x/c =  0.0455   11
 Side 2  free  transition at x/c =  0.0081    9

 117   rms: 0.1776E+02   max: -.2665E+03   T at   10  2   RLX: 0.002
       a =  1.000      CL =  0.0075
      Cm =  0.0069     CD = 26.68456   =>   CDf =  0.00428    CDp = 26.68027

 Side 1  free  transition at x/c =  0.0452   11
 Side 2  free  transition at x/c =  0.0081    9

 118   rms: 0.2037E+01   max: 0.1799E+02   T at   83  2   RLX: 0.028
       a =  1.000      CL =  0.0053
      Cm =  0.0079     CD = 25.43037   =>   CDf =  0.00427    CDp = 25.42610

 Side 1  free  transition at x/c =  0.0452   11
 Side 2  free  transition at x/c =  0.0081    9

 119   rms: 0.5398E+01   max: -.5133E+02   C at  101  2   RLX: 0.010
       a =  1.000      CL =  0.0064
      Cm =  0.0075     CD = 30.04275   =>   CDf =  0.00428    CDp = 30.03847

 Side 1  free  transition at x/c =  0.0453   11
 Side 2  free  transition at x/c =  0.0081    9

 120   rms: 0.4885E+01   max: -.4653E+02   C at  105  2   RLX: 0.011
       a =  1.000      CL =  0.0064
      Cm =  0.0072     CD = 33.66025   =>   CDf =  0.00428    CDp = 33.65597

 Side 1  free  transition at x/c =  0.0453   11
 Side 2  free  transition at x/c =  0.0081    9

 121   rms: 0.2707E+01   max: -.2484E+02   C at  105  2   RLX: 0.020
       a =  1.000      CL =  0.0066
      Cm =  0.0068     CD = 35.11262   =>   CDf =  0.00428    CDp = 35.10834

 Side 1  free  transition at x/c =  0.0453   11
 Side 2  free  transition at x/c =  0.0081    9

 122   rms: 0.2071E+01   max: -.2618E+02   T at   10  2   RLX: 0.019
       a =  1.000      CL =  0.0172
      Cm =  0.0050     CD = 35.75285   =>   CDf =  0.00429    CDp = 35.74856

 Side 1  free  transition at x/c =  0.0451   11
 Side 2  free  transition at x/c =  0.0081    9

 123   rms: 0.1359E+01   max: 0.1861E+02   T at   83  2   RLX: 0.050
       a =  1.000      CL =  0.0194
      Cm =  0.0051     CD = 33.74100   =>   CDf =  0.00427    CDp = 33.73673

 Side 1  free  transition at x/c =  0.0451   11
 Side 2  free  transition at x/c =  0.0081    9

 124   rms: 0.1239E+01   max: 0.1818E+02   T at   83  2   RLX: 0.051
       a =  1.000      CL =  0.0262
      Cm =  0.0030     CD = 33.02552   =>   CDf =  0.00427    CDp = 33.02125

 Side 1  free  transition at x/c =  0.0451   11
 Side 2  free  transition at x/c =  0.0081    9

 125   rms: 0.1227E+01   max: 0.1773E+02   T at   83  2   RLX: 0.052
       a =  1.000      CL =  0.0321
      Cm =  0.0010     CD = 31.92445   =>   CDf =  0.00427    CDp = 31.92018

 Side 1  free  transition at x/c =  0.0451   11
 Side 2  free  transition at x/c =  0.0081    9

 126   rms: 0.1217E+01   max: 0.1732E+02   T at   83  2   RLX: 0.052
       a =  1.000      CL =  0.0379
      Cm = -0.0009     CD = 31.75974   =>   CDf =  0.00427    CDp = 31.75547

 Side 1  free  transition at x/c =  0.0451   11
 Side 2  free  transition at x/c =  0.0081    9

 127   rms: 0.1305E+01   max: 0.1718E+02   T at   83  2   RLX: 0.050
       a =  1.000      CL =  0.0523
      Cm = -0.0044     CD = 30.02341   =>   CDf =  0.00427    CDp = 30.01914

 Side 1  free  transition at x/c =  0.0450   11
 Side 2  free  transition at x/c =  0.0081    9

 128   rms: 0.1020E+01   max: 0.1710E+02   T at   83  2   RLX: 0.052
       a =  1.000      CL =  0.0546
      Cm = -0.0050     CD = 28.86398   =>   CDf =  0.00424    CDp = 28.85974

 Side 1  free  transition at x/c =  0.0450   11
 Side 2  free  transition at x/c =  0.0081    9

 129   rms: 0.2187E+01   max: -.2178E+02   C at  105  2   RLX: 0.023
       a =  1.000      CL =  0.0552
      Cm = -0.0055     CD = 28.95663   =>   CDf =  0.00424    CDp = 28.95239

 Side 1  free  transition at x/c =  0.0450   11
 Side 2  free  transition at x/c =  0.0081    9

 130   rms: 0.2149E+01   max: -.2184E+02   C at  101  2   RLX: 0.023
       a =  1.000      CL =  0.0569
      Cm = -0.0062     CD = 28.99206   =>   CDf =  0.00425    CDp = 28.98781

 Side 1  free  transition at x/c =  0.0450   11
 Side 2  free  transition at x/c =  0.0081    9

 131   rms: 0.2144E+01   max: -.2165E+02   C at  101  2   RLX: 0.023
       a =  1.000      CL =  0.0587
      Cm = -0.0069     CD = 26.27703   =>   CDf =  0.00425    CDp = 26.27278

 Side 1  free  transition at x/c =  0.0450   11
 Side 2  free  transition at x/c =  0.0081    9

 132   rms: 0.2107E+01   max: -.2154E+02   C at  101  2   RLX: 0.023
       a =  1.000      CL =  0.0622
      Cm = -0.0079     CD = 29.08472   =>   CDf =  0.00425    CDp = 29.08047

 Side 1  free  transition at x/c =  0.0450   11
 Side 2  free  transition at x/c =  0.0081    9

 133   rms: 0.1142E+02   max: 0.1761E+03   T at   10  2   RLX: 0.009
       a =  1.000      CL =  0.0223
      Cm = -0.0019     CD = 29.98866   =>   CDf =  0.00424    CDp = 29.98441

 Side 1  free  transition at x/c =  0.0457   11
 Side 2  free  transition at x/c =  0.0084   10

 134   rms: 0.2319E+01   max: -.1972E+02   C at  101  2   RLX: 0.025
       a =  1.000      CL =  0.0131
      Cm =  0.0009     CD = 30.88097   =>   CDf =  0.00436    CDp = 30.87661

 Side 1  free  transition at x/c =  0.0455   11
 Side 2  free  transition at x/c =  0.0084   10

 135   rms: 0.2037E+01   max: -.2000E+02   C at  101  2   RLX: 0.025
       a =  1.000      CL =  0.0041
      Cm =  0.0039     CD = 30.80587   =>   CDf =  0.00437    CDp = 30.80150

 Side 1  free  transition at x/c =  0.0455   11
 Side 2  free  transition at x/c =  0.0085   10

 136   rms: 0.1967E+01   max: -.1971E+02   C at  101  2   RLX: 0.025
       a =  1.000      CL =  0.0050
      Cm =  0.0037     CD = 30.69282   =>   CDf =  0.00438    CDp = 30.68844

 Side 1  free  transition at x/c =  0.0455   11
 Side 2  free  transition at x/c =  0.0085   10

 137   rms: 0.2061E+01   max: -.1940E+02   C at  105  2   RLX: 0.026
       a =  1.000      CL =  0.0028
      Cm =  0.0032     CD = 23.67123   =>   CDf =  0.00437    CDp = 23.66686

 Side 1  free  transition at x/c =  0.0456   11
 Side 2  free  transition at x/c =  0.0086   10

 138   rms: 0.2014E+01   max: -.2010E+02   C at  101  2   RLX: 0.025
       a =  1.000      CL =  0.0042
      Cm =  0.0030     CD = 30.78393   =>   CDf =  0.00438    CDp = 30.77955

 Side 1  free  transition at x/c =  0.0456   11
 Side 2  free  transition at x/c =  0.0086   10

 139   rms: 0.2012E+01   max: -.2005E+02   C at  101  2   RLX: 0.025
       a =  1.000      CL =  0.0078
      Cm =  0.0019     CD = 30.59226   =>   CDf =  0.00438    CDp = 30.58788

 Side 1  free  transition at x/c =  0.0456   11
 Side 2  free  transition at x/c =  0.0086   10

 140   rms: 0.2085E+01   max: -.2108E+02   C at  104  2   RLX: 0.024
       a =  1.000      CL =  0.0163
      Cm =  0.0003     CD = 35.05647   =>   CDf =  0.00438    CDp = 35.05209

 Side 1  free  transition at x/c =  0.0455   11
 Side 2  free  transition at x/c =  0.0085   10

 141   rms: 0.2002E+01   max: -.1991E+02   C at  101  2   RLX: 0.025
       a =  1.000      CL =  0.0185
      Cm = -0.0004     CD = 29.78615   =>   CDf =  0.00436    CDp = 29.78179

 Side 1  free  transition at x/c =  0.0455   11
 Side 2  free  transition at x/c =  0.0085   10

 142   rms: 0.4787E+01   max: -.6525E+02   T at   10  2   RLX: 0.008
       a =  1.000      CL =  0.0029
      Cm =  0.0010     CD = 30.97650   =>   CDf =  0.00436    CDp = 30.97214

 Side 1  free  transition at x/c =  0.0457   11
 Side 2  free  transition at x/c =  0.0085   10

 143   rms: 0.9308E+01   max: -.1048E+03   T at   80  2   RLX: 0.005
       a =  1.000      CL = -0.0192
      Cm =  0.0071     CD = 31.86221   =>   CDf =  0.00440    CDp = 31.85781

 MRCHDU: Convergence failed at  11  side 2    Res =  0.6754E-02
 Side 1  free  transition at x/c =  0.0459   11
 Side 2  free  transition at x/c =  0.0086   10

 144   rms: 0.2383E+01   max: -.2248E+02   T at   80  2   RLX: 0.022
       a =  1.000      CL = -0.0192
      Cm =  0.0061     CD = 30.77311   =>   CDf =  0.00439    CDp = 30.76872

 MRCHDU: Convergence failed at  11  side 2    Res =  0.1064E-01
 Side 1  free  transition at x/c =  0.0459   11
 Side 2  free  transition at x/c =  0.0086   10

 145   rms: 0.2456E+01   max: -.2356E+02   T at   80  2   RLX: 0.021
       a =  1.000      CL = -0.0190
      Cm =  0.0048     CD = 30.55330   =>   CDf =  0.00439    CDp = 30.54891

 MRCHDU: Convergence failed at  11  side 2    Res =  0.1362E-01
 Side 1  free  transition at x/c =  0.0460   11
 Side 2  free  transition at x/c =  0.0087   10

 146   rms: 0.2386E+01   max: -.2100E+02   C at  101  2   RLX: 0.024
       a =  1.000      CL = -0.0187
      Cm =  0.0035     CD = 30.16320   =>   CDf =  0.00438    CDp = 30.15882

 MRCHDU: Convergence failed at  11  side 2    Res =  0.1714E-01
 Side 1  free  transition at x/c =  0.0461   11
 Side 2  free  transition at x/c =  0.0087   10

 147   rms: 0.3167E+01   max: -.6076E+02   C at   10  2   RLX: 0.008
       a =  1.000      CL = -0.0187
      Cm =  0.0030     CD = 30.83190   =>   CDf =  0.00437    CDp = 30.82752

 MRCHDU: Convergence failed at  10  side 2    Res =  0.1765E+00
 Side 1  free  transition at x/c =  0.0461   11
 Side 2  free  transition at x/c =  0.0117   10

 148   rms: 0.2476E+01   max: -.2417E+02   C at  101  2   RLX: 0.021
       a =  1.000      CL =  0.0980
      Cm = -0.0348     CD = 30.16789   =>   CDf =  0.00436    CDp = 30.16353

 Side 1  free  transition at x/c =  0.0461   11
 Side 2  free  transition at x/c =  0.0136   10

 149   rms: 0.2472E+01   max: -.2468E+02   C at  101  2   RLX: 0.020
       a =  1.000      CL =  0.1354
      Cm = -0.0438     CD = 30.03525   =>   CDf =  0.00436    CDp = 30.03089

 Side 1  free  transition at x/c =  0.0462   11
 Side 2  free  transition at x/c =  0.0140   10

 150   rms: 0.2432E+01   max: -.2457E+02   C at  101  2   RLX: 0.020
       a =  1.000      CL =  0.1337
      Cm = -0.0440     CD = 29.86793   =>   CDf =  0.00436    CDp = 29.86358

 Side 1  free  transition at x/c =  0.0462   11
 Side 2  free  transition at x/c =  0.0142   10

 151   rms: 0.2416E+01   max: -.2444E+02   C at  101  2   RLX: 0.020
       a =  1.000      CL =  0.1314
      Cm = -0.0442     CD = 29.69747   =>   CDf =  0.00435    CDp = 29.69312

 Side 1  free  transition at x/c =  0.0462   11
 Side 2  free  transition at x/c =  0.0143   10

 152   rms: 0.2400E+01   max: -.2430E+02   C at  101  2   RLX: 0.021
       a =  1.000      CL =  0.1289
      Cm = -0.0444     CD = 29.52167   =>   CDf =  0.00435    CDp = 29.51733

 Side 1  free  transition at x/c =  0.0463   11
 Side 2  free  transition at x/c =  0.0145   10

 153   rms: 0.2384E+01   max: -.2415E+02   C at  101  2   RLX: 0.021
       a =  1.000      CL =  0.1263
      Cm = -0.0446     CD = 29.33877   =>   CDf =  0.00434    CDp = 29.33443

 Side 1  free  transition at x/c =  0.0464   11
 Side 2  free  transition at x/c =  0.0146   10

 154   rms: 0.2366E+01   max: -.2398E+02   C at  101  2   RLX: 0.021
       a =  1.000      CL =  0.1236
      Cm = -0.0447     CD = 29.14969   =>   CDf =  0.00434    CDp = 29.14536

 Side 1  free  transition at x/c =  0.0464   11
 Side 2  free  transition at x/c =  0.0147   10

 155   rms: 0.2349E+01   max: -.2381E+02   C at  101  2   RLX: 0.021
       a =  1.000      CL =  0.1208
      Cm = -0.0449     CD = 28.95441   =>   CDf =  0.00433    CDp = 28.95008

 Side 1  free  transition at x/c =  0.0465   11
 Side 2  free  transition at x/c =  0.0148   10

 156   rms: 0.2332E+01   max: -.2364E+02   C at  101  2   RLX: 0.021
       a =  1.000      CL =  0.1179
      Cm = -0.0452     CD = 28.75145   =>   CDf =  0.00433    CDp = 28.74712

 Side 1  free  transition at x/c =  0.0465   11
 Side 2  free  transition at x/c =  0.0148   10

 157   rms: 0.2314E+01   max: -.2346E+02   C at  101  2   RLX: 0.021
       a =  1.000      CL =  0.1150
      Cm = -0.0454     CD = 28.54176   =>   CDf =  0.00432    CDp = 28.53743

 Side 1  free  transition at x/c =  0.0466   11
 Side 2  free  transition at x/c =  0.0149   10

 158   rms: 0.2296E+01   max: -.2327E+02   C at  101  2   RLX: 0.021
       a =  1.000      CL =  0.1120
      Cm = -0.0457     CD = 28.32469   =>   CDf =  0.00432    CDp = 28.32037

 Side 1  free  transition at x/c =  0.0466   11
 Side 2  free  transition at x/c =  0.0150   10

 159   rms: 0.2279E+01   max: -.2308E+02   C at  101  2   RLX: 0.022
       a =  1.000      CL =  0.1089
      Cm = -0.0459     CD = 28.10050   =>   CDf =  0.00431    CDp = 28.09618

 Side 1  free  transition at x/c =  0.0467   11
 Side 2  free  transition at x/c =  0.0151   10

 160   rms: 0.2261E+01   max: -.2288E+02   C at  101  2   RLX: 0.022
       a =  1.000      CL =  0.1057
      Cm = -0.0462     CD = 27.86922   =>   CDf =  0.00431    CDp = 27.86491

 Side 1  free  transition at x/c =  0.0468   11
 Side 2  free  transition at x/c =  0.0151   10

 161   rms: 0.2240E+01   max: -.2267E+02   C at  101  2   RLX: 0.022
       a =  1.000      CL =  0.1025
      Cm = -0.0466     CD = 27.62660   =>   CDf =  0.00430    CDp = 27.62230

 Side 1  free  transition at x/c =  0.0468   11
 Side 2  free  transition at x/c =  0.0152   10

 162   rms: 0.2224E+01   max: -.2247E+02   C at  101  2   RLX: 0.022
       a =  1.000      CL =  0.0992
      Cm = -0.0469     CD = 27.37818   =>   CDf =  0.00430    CDp = 27.37389

 Side 1  free  transition at x/c =  0.0469   11
 Side 2  free  transition at x/c =  0.0152   10

 163   rms: 0.2202E+01   max: -.2225E+02   C at  101  2   RLX: 0.022
       a =  1.000      CL =  0.0959
      Cm = -0.0473     CD = 27.12288   =>   CDf =  0.00429    CDp = 27.11859

 Side 1  free  transition at x/c =  0.0470   11
 Side 2  free  transition at x/c =  0.0153   10

 164   rms: 0.2183E+01   max: -.2203E+02   C at  101  2   RLX: 0.023
       a =  1.000      CL =  0.0926
      Cm = -0.0478     CD = 26.85783   =>   CDf =  0.00429    CDp = 26.85354

 Side 1  free  transition at x/c =  0.0471   11
 Side 2  free  transition at x/c =  0.0153   10

 165   rms: 0.2139E+01   max: -.2164E+02   C at  101  2   RLX: 0.023
       a =  1.000      CL =  0.0890
      Cm = -0.0483     CD = 26.58111   =>   CDf =  0.00428    CDp = 26.57683

 Side 1  free  transition at x/c =  0.0471   11
 Side 2  free  transition at x/c =  0.0153   10

 166   rms: 0.2114E+01   max: -.2138E+02   C at  101  2   RLX: 0.023
       a =  1.000      CL =  0.0854
      Cm = -0.0489     CD = 26.29538   =>   CDf =  0.00427    CDp = 26.29111

 Side 1  free  transition at x/c =  0.0472   11
 Side 2  free  transition at x/c =  0.0154   10

 167   rms: 0.2093E+01   max: -.2112E+02   C at  101  2   RLX: 0.024
       a =  1.000      CL =  0.0817
      Cm = -0.0495     CD = 26.00023   =>   CDf =  0.00427    CDp = 25.99596

 Side 1  free  transition at x/c =  0.0473   11
 Side 2  free  transition at x/c =  0.0154   10

 168   rms: 0.2069E+01   max: -.2086E+02   C at  101  2   RLX: 0.024
       a =  1.000      CL =  0.0779
      Cm = -0.0502     CD = 25.69488   =>   CDf =  0.00426    CDp = 25.69062

 Side 1  free  transition at x/c =  0.0474   11
 Side 2  free  transition at x/c =  0.0154   10

 169   rms: 0.2052E+01   max: -.2061E+02   C at  101  2   RLX: 0.024
       a =  1.000      CL =  0.0739
      Cm = -0.0510     CD = 25.37833   =>   CDf =  0.00419    CDp = 25.37414

 Side 1  free  transition at x/c =  0.0475   10
 Side 2  free  transition at x/c =  0.0153   11

 170   rms: 0.2581E+01   max: 0.2656E+02   T at    2  2   RLX: 0.024
       a =  1.000      CL =  0.0701
      Cm = -0.0520     CD = 25.06610   =>   CDf =  0.00424    CDp = 25.06186

 Side 1  free  transition at x/c =  0.0476   10
 Side 2  free  transition at x/c =  0.0152   11

 171   rms: 0.2047E+01   max: -.2045E+02   C at  102  2   RLX: 0.024
       a =  1.000      CL =  0.0681
      Cm = -0.0535     CD = 24.73956   =>   CDf =  0.00423    CDp = 24.73532

 Side 1  free  transition at x/c =  0.0477   10
 Side 2  free  transition at x/c =  0.0151   11

 172   rms: 0.2038E+01   max: -.2020E+02   C at  102  2   RLX: 0.025
       a =  1.000      CL =  0.0635
      Cm = -0.0547     CD = 24.39904   =>   CDf =  0.00423    CDp = 24.39482

 Side 1  free  transition at x/c =  0.0478   10
 Side 2  free  transition at x/c =  0.0148   11

 173   rms: 0.2031E+01   max: -.1988E+02   C at  102  2   RLX: 0.025
       a =  1.000      CL =  0.0581
      Cm = -0.0561     CD = 24.03922   =>   CDf =  0.00422    CDp = 24.03500

 Side 1  free  transition at x/c =  0.0479   10
 Side 2  free  transition at x/c =  0.0137   11

 174   rms: 0.2141E+01   max: -.1949E+02   C at  102  2   RLX: 0.026
       a =  1.000      CL =  0.0481
      Cm = -0.0569     CD = 23.64487   =>   CDf =  0.00421    CDp = 23.64066

 Side 1  free  transition at x/c =  0.0480   10
 Side 2  free  transition at x/c =  0.0113   11

 175   rms: 0.2860E+01   max: 0.4061E+02   T at   11  2   RLX: 0.027
       a =  1.000      CL =  0.0245
      Cm = -0.0550     CD = 23.21670   =>   CDf =  0.00420    CDp = 23.21250

 Side 1  free  transition at x/c =  0.0483   10
 Side 2  free  transition at x/c =  0.0092   11

 176   rms: 0.7204E+01   max: -.7254E+02   T at   11  2   RLX: 0.007
       a =  1.000      CL =  0.0131
      Cm = -0.0491     CD = 23.62522   =>   CDf =  0.00419    CDp = 23.62104

 Side 1  free  transition at x/c =  0.0481   10
 Side 2  free  transition at x/c =  0.0110   11

 177   rms: 0.2849E+01   max: 0.4157E+02   T at   11  2   RLX: 0.030
       a =  1.000      CL = -0.0176
      Cm = -0.0460     CD = 22.56088   =>   CDf =  0.00419    CDp = 22.55669

 Side 1  free  transition at x/c =  0.0484   10
 Side 2  free  transition at x/c =  0.0090   11

 178   rms: 0.2472E+01   max: -.1960E+02   T at   11  2   RLX: 0.026
       a =  1.000      CL = -0.0345
      Cm = -0.0392     CD = 22.04049   =>   CDf =  0.00418    CDp = 22.03631

 Side 1  free  transition at x/c =  0.0482   10
 Side 2  free  transition at x/c =  0.0100   11

 179   rms: 0.6164E+01   max: 0.9650E+02   T at   11  2   RLX: 0.016
       a =  1.000      CL = -0.0691
      Cm = -0.0352     CD = 21.74661   =>   CDf =  0.00417    CDp = 21.74244

 Side 1  free  transition at x/c =  0.0485   10
 Side 2  free  transition at x/c =  0.0088   11

 180   rms: 0.1994E+01   max: -.1381E+02   T at   11  2   RLX: 0.036
       a =  1.000      CL = -0.0962
      Cm = -0.0285     CD = 21.21387   =>   CDf =  0.00415    CDp = 21.20972

 Side 1  free  transition at x/c =  0.0484   10
 Side 2  free  transition at x/c =  0.0093   11

 181   rms: 0.7114E+01   max: 0.8467E+02   T at   11  2   RLX: 0.018
       a =  1.000      CL = -0.1482
      Cm = -0.0248     CD = 20.71039   =>   CDf =  0.00416    CDp = 20.70623

 MRCHDU: Convergence failed at  11  side 2    Res =  0.1493E-01
 MRCHDU: Convergence failed at  30  side 2    Res =  0.1126E+01
 MRCHDU: Convergence failed at  31  side 2    Res =  0.3563E+01
 MRCHDU: Convergence failed at  32  side 2    Res =  0.6508E+01
 MRCHDU: Convergence failed at  33  side 2    Res =  0.2776E+01
 MRCHDU: Convergence failed at  34  side 2    Res =  0.2276E+01
 MRCHDU: Convergence failed at  35  side 2    Res =  0.2222E+01
 MRCHDU: Convergence failed at  36  side 2    Res =  0.2275E+01
 MRCHDU: Convergence failed at  37  side 2    Res =  0.2370E+01
 MRCHDU: Convergence failed at  38  side 2    Res =  0.2493E+01
 MRCHDU: Convergence failed at  39  side 2    Res =  0.2638E+01
 MRCHDU: Convergence failed at  40  side 2    Res =  0.2832E+01
 MRCHDU: Convergence failed at  41  side 2    Res =  0.3145E+01
 MRCHDU: Convergence failed at  42  side 2    Res =  0.3727E+01
 MRCHDU: Convergence failed at  43  side 2    Res =  0.4838E+01
 MRCHDU: Convergence failed at  44  side 2    Res =  0.7752E+01
 MRCHDU: Convergence failed at  45  side 2    Res =  0.2427E+02
 MRCHDU: Convergence failed at  46  side 2    Res =  0.4979E+02
 MRCHDU: Convergence failed at  47  side 2    Res =  0.7266E+01
 MRCHDU: Convergence failed at  48  side 2    Res =  0.3908E+01
 MRCHDU: Convergence failed at  49  side 2    Res =  0.2771E+01
 MRCHDU: Convergence failed at  50  side 2    Res =  0.2644E+01
 MRCHDU: Convergence failed at  51  side 2    Res =  0.3051E+01
 MRCHDU: Convergence failed at  52  side 2    Res =  0.3757E+01
 MRCHDU: Convergence failed at  53  side 2    Res =  0.4993E+01
 MRCHDU: Convergence failed at  54  side 2    Res =  0.1162E+02
 MRCHDU: Convergence failed at  55  side 2    Res =  0.4145E+02
 MRCHDU: Convergence failed at  56  side 2    Res =  0.6711E+01
 MRCHDU: Convergence failed at  57  side 2    Res =  0.3677E+01
 MRCHDU: Convergence failed at  58  side 2    Res =  0.2610E+01
 MRCHDU: Convergence failed at  59  side 2    Res =  0.2500E+01
 MRCHDU: Convergence failed at  60  side 2    Res =  0.3252E+01
 MRCHDU: Convergence failed at  61  side 2    Res =  0.5520E+01
 MRCHDU: Convergence failed at  62  side 2    Res =  0.7646E+02
 MRCHDU: Convergence failed at  63  side 2    Res =  0.6262E+01
 MRCHDU: Convergence failed at  64  side 2    Res =  0.2546E+01
 MRCHDU: Convergence failed at  65  side 2    Res =  0.1764E+01
 MRCHDU: Convergence failed at  66  side 2    Res =  0.2464E+01
 MRCHDU: Convergence failed at  67  side 2    Res =  0.2195E+01
 Side 1  free  transition at x/c =  0.0488   10
 Side 2  free  transition at x/c =  0.0078   10

 182   rms: 0.9138E+00   max: -.7488E+01   C at   83  2   RLX: 0.067
       a =  1.000      CL = -0.5441
      Cm =  0.1054     CD = 19.59819   =>   CDf =  0.00417    CDp = 19.59402

 Side 1  free  transition at x/c =  0.0487   10
 Side 2  free  transition at x/c =  0.0078   10

 183   rms: 0.8561E+00   max: -.6184E+01   C at   83  2   RLX: 0.081
       a =  1.000      CL = -0.4637
      Cm =  0.0875     CD = 18.28176   =>   CDf =  0.00578    CDp = 18.27598

 Side 1  free  transition at x/c =  0.0486   10
 Side 2  free  transition at x/c =  0.0078   10

 184   rms: 0.8284E+00   max: -.4846E+01   C at  102  2   RLX: 0.103
       a =  1.000      CL = -0.3850
      Cm =  0.0758     CD = 16.56575   =>   CDf =  0.00621    CDp = 16.55954

 Side 1  free  transition at x/c =  0.0483   10
 Side 2  free  transition at x/c =  0.0079   10

 185   rms: 0.8116E+00   max: -.5410E+01   C at   83  2   RLX: 0.092
       a =  1.000      CL = -0.3332
      Cm =  0.0661     CD = 15.17140   =>   CDf =  0.00622    CDp = 15.16518

 Side 1  free  transition at x/c =  0.0481   10
 Side 2  free  transition at x/c =  0.0079   10

 186   rms: 0.7994E+00   max: -.4581E+01   C at  102  2   RLX: 0.109
       a =  1.000      CL = -0.2692
      Cm =  0.0569     CD = 13.67626   =>   CDf =  0.00652    CDp = 13.66974

 Side 1  free  transition at x/c =  0.0479   10
 Side 2  free  transition at x/c =  0.0079   10

 187   rms: 0.8074E+00   max: -.4594E+01   C at   83  2   RLX: 0.109
       a =  1.000      CL = -0.2165
      Cm =  0.0487     CD = 12.31089   =>   CDf =  0.00670    CDp = 12.30419

 Side 1  free  transition at x/c =  0.0477   10
 Side 2  free  transition at x/c =  0.0079   10

 188   rms: 0.8554E+00   max: -.6779E+01   C at   83  2   RLX: 0.074
       a =  1.000      CL = -0.1861
      Cm =  0.0439     CD = 11.47049   =>   CDf =  0.00684    CDp = 11.46365

 Side 1  free  transition at x/c =  0.0475   10
 Side 2  free  transition at x/c =  0.0080   10

 189   rms: 0.1159E+01   max: -.1379E+02   C at   83  2   RLX: 0.036
       a =  1.000      CL = -0.1727
      Cm =  0.0416     CD = 11.09536   =>   CDf =  0.00694    CDp = 11.08842

 Side 1  free  transition at x/c =  0.0475   10
 Side 2  free  transition at x/c =  0.0080   10

 190   rms: 0.1971E+01   max: -.2663E+02   C at   83  2   RLX: 0.019
       a =  1.000      CL = -0.1659
      Cm =  0.0405     CD = 10.91274   =>   CDf =  0.00698    CDp = 10.90575

 Side 1  free  transition at x/c =  0.0474   10
 Side 2  free  transition at x/c =  0.0080   10

 191   rms: 0.3273E+01   max: -.4514E+02   C at   83  2   RLX: 0.011
       a =  1.000      CL = -0.1620
      Cm =  0.0399     CD = 10.80690   =>   CDf =  0.00701    CDp = 10.79989

 Side 1  free  transition at x/c =  0.0474   10
 Side 2  free  transition at x/c =  0.0080   10

 192   rms: 0.4897E+01   max: -.6760E+02   C at   83  2   RLX: 0.007
       a =  1.000      CL = -0.1595
      Cm =  0.0395     CD = 10.73683   =>   CDf =  0.00702    CDp = 10.72981

 Side 1  free  transition at x/c =  0.0474   10
 Side 2  free  transition at x/c =  0.0080   10

 193   rms: 0.6795E+01   max: -.9359E+02   C at   83  2   RLX: 0.005
       a =  1.000      CL = -0.1576
      Cm =  0.0392     CD = 10.68641   =>   CDf =  0.00703    CDp = 10.67938

 Side 1  free  transition at x/c =  0.0474   10
 Side 2  free  transition at x/c =  0.0080   10

 194   rms: 0.8965E+01   max: -.1232E+03   C at   83  2   RLX: 0.004
       a =  1.000      CL = -0.1562
      Cm =  0.0389     CD = 10.64820   =>   CDf =  0.00704    CDp = 10.64116

 Side 1  free  transition at x/c =  0.0474   10
 Side 2  free  transition at x/c =  0.0080   10

 195   rms: 0.1144E+02   max: -.1569E+03   C at   83  2   RLX: 0.003
       a =  1.000      CL = -0.1551
      Cm =  0.0388     CD = 10.61824   =>   CDf =  0.00704    CDp = 10.61120

 Side 1  free  transition at x/c =  0.0474   10
 Side 2  free  transition at x/c =  0.0080   10

 196   rms: 0.1418E+02   max: -.1942E+03   C at   83  2   RLX: 0.003
       a =  1.000      CL = -0.1543
      Cm =  0.0386     CD = 10.59408   =>   CDf =  0.00705    CDp = 10.58703

 Side 1  free  transition at x/c =  0.0474   10
 Side 2  free  transition at x/c =  0.0080   10

 197   rms: 0.1720E+02   max: -.2354E+03   C at   83  2   RLX: 0.002
       a =  1.000      CL = -0.1536
      Cm =  0.0385     CD = 10.57417   =>   CDf =  0.00705    CDp = 10.56712

 Side 1  free  transition at x/c =  0.0474   10
 Side 2  free  transition at x/c =  0.0080   10

 198   rms: 0.2051E+02   max: -.2804E+03   C at   83  2   RLX: 0.002
       a =  1.000      CL = -0.1530
      Cm =  0.0384     CD = 10.55747   =>   CDf =  0.00705    CDp = 10.55042

 Side 1  free  transition at x/c =  0.0474   10
 Side 2  free  transition at x/c =  0.0080   10

 199   rms: 0.2415E+02   max: -.3299E+03   C at   83  2   RLX: 0.002
       a =  1.000      CL = -0.1524
      Cm =  0.0383     CD = 10.54189   =>   CDf =  0.00706    CDp = 10.53483

 Side 1  free  transition at x/c =  0.0474   10
 Side 2  free  transition at x/c =  0.0080   10

 200   rms: 0.3041E+02   max: -.4151E+03   C at   83  2   RLX: 0.001
       a =  1.000      CL = -0.1521
      Cm =  0.0383     CD = 10.53321   =>   CDf =  0.00706    CDp = 10.52615

 Side 1  free  transition at x/c =  0.0474   10
 Side 2  free  transition at x/c =  0.0080   10

 201   rms: 0.3211E+02   max: -.4382E+03   C at   83  2   RLX: 0.001
       a =  1.000      CL = -0.1517
      Cm =  0.0382     CD = 10.52313   =>   CDf =  0.00706    CDp = 10.51607

 Side 1  free  transition at x/c =  0.0474   10
 Side 2  free  transition at x/c =  0.0080   10

 202   rms: 0.3655E+02   max: -.4985E+03   C at   83  2   RLX: 0.001
       a =  1.000      CL = -0.1514
      Cm =  0.0382     CD = 10.51379   =>   CDf =  0.00706    CDp = 10.50673

 Side 1  free  transition at x/c =  0.0474   10
 Side 2  free  transition at x/c =  0.0080   10

 203   rms: 0.4126E+02   max: -.5627E+03   C at   83  2   RLX: 0.001
       a =  1.000      CL = -0.1511
      Cm =  0.0381     CD = 10.50552   =>   CDf =  0.00706    CDp = 10.49846

 Side 1  free  transition at x/c =  0.0474   10
 Side 2  free  transition at x/c =  0.0080   10

 204   rms: 0.4624E+02   max: -.6304E+03   C at   83  2   RLX: 0.001
       a =  1.000      CL = -0.1508
      Cm =  0.0381     CD = 10.49815   =>   CDf =  0.00706    CDp = 10.49108

 Side 1  free  transition at x/c =  0.0474   10
 Side 2  free  transition at x/c =  0.0080   10

 205   rms: 0.5149E+02   max: -.7019E+03   C at   83  2   RLX: 0.001
       a =  1.000      CL = -0.1506
      Cm =  0.0380     CD = 10.49153   =>   CDf =  0.00706    CDp = 10.48447
 VISCAL:  Convergence failed
      9.000   12.8306  10.491532   0.000203   0.000821   0.000617    0.0474     #
 Calculating wake trajectory ...
 Calculating source influence matrix ...

 Solving BL system ...

 Side 1  free  transition at x/c =  0.0474   10
 Side 2  free  transition at x/c =  0.0080   10

   1   rms: 0.8003E+01   max: -.1097E+03   C at   83  2   RLX: 0.005
       a =  2.000      CL = -0.1485
      Cm =  0.0378     CD = 10.44881   =>   CDf =  0.00706    CDp = 10.44174

 Side 1  free  transition at x/c =  0.0473   10
 Side 2  free  transition at x/c =  0.0080   10

   2   rms: 0.1131E+02   max: -.1549E+03   C at   83  2   RLX: 0.003
       a =  2.000      CL = -0.1471
      Cm =  0.0376     CD = 10.41891   =>   CDf =  0.00707    CDp = 10.41184

 Side 1  free  transition at x/c =  0.0473   10
 Side 2  free  transition at x/c =  0.0080   10

   3   rms: 0.1411E+02   max: -.1930E+03   C at   83  2   RLX: 0.003
       a =  2.000      CL = -0.1460
      Cm =  0.0375     CD = 10.39495   =>   CDf =  0.00708    CDp = 10.38786

 Side 1  free  transition at x/c =  0.0473   10
 Side 2  free  transition at x/c =  0.0080   10

   4   rms: 0.1716E+02   max: -.2347E+03   C at   83  2   RLX: 0.002
       a =  2.000      CL = -0.1451
      Cm =  0.0374     CD = 10.37531   =>   CDf =  0.00709    CDp = 10.36822

 Side 1  free  transition at x/c =  0.0473   10
 Side 2  free  transition at x/c =  0.0080   10

   5   rms: 0.2006E+02   max: -.2741E+03   C at   83  2   RLX: 0.002
       a =  2.000      CL = -0.1443
      Cm =  0.0373     CD = 10.35854   =>   CDf =  0.00709    CDp = 10.35145

 Side 1  free  transition at x/c =  0.0473   10
 Side 2  free  transition at x/c =  0.0080   10

   6   rms: 0.2310E+02   max: -.3156E+03   C at   83  2   RLX: 0.002
       a =  2.000      CL = -0.1436
      Cm =  0.0372     CD = 10.34402   =>   CDf =  0.00709    CDp = 10.33693

 Side 1  free  transition at x/c =  0.0473   10
 Side 2  free  transition at x/c =  0.0080   10

   7   rms: 0.2621E+02   max: -.3579E+03   C at   83  2   RLX: 0.001
       a =  2.000      CL = -0.1430
      Cm =  0.0372     CD = 10.33125   =>   CDf =  0.00710    CDp = 10.32416

 MRCHDU: Convergence failed at  80  side 2    Res =  0.1106E-01
 MRCHDU: Convergence failed at  81  side 2    Res =  0.9547E-02
 MRCHDU: Convergence failed at  82  side 2    Res =  0.1223E-01
 MRCHDU: Convergence failed at  83  side 2    Res =  0.2335E-02
 Side 1  free  transition at x/c =  0.0473   10
 Side 2  free  transition at x/c =  0.0080   10

   8   rms: 0.2949E+02   max: -.4025E+03   C at   83  2   RLX: 0.001
       a =  2.000      CL = -0.1424
      Cm =  0.0371     CD = 10.31992   =>   CDf =  0.00710    CDp = 10.31282

 MRCHDU: Convergence failed at  80  side 2    Res =  0.6229E-01
 MRCHDU: Convergence failed at  81  side 2    Res =  0.9559E-02
 MRCHDU: Convergence failed at  82  side 2    Res =  0.1224E-01
 MRCHDU: Convergence failed at  83  side 2    Res =  0.2337E-02
 Side 1  free  transition at x/c =  0.0473   10
 Side 2  free  transition at x/c =  0.0080   10

   9   rms: 0.3286E+02   max: -.4484E+03   C at   83  2   RLX: 0.001
       a =  2.000      CL = -0.1420
      Cm =  0.0371     CD = 10.30977   =>   CDf =  0.00710    CDp = 10.30267

 MRCHDU: Convergence failed at  80  side 2    Res =  0.1135E+00
 Side 1  free  transition at x/c =  0.0473   10
 Side 2  free  transition at x/c =  0.0080   10

  10   rms: 0.9418E+00   max: -.3514E+01   C at  102  2   RLX: 0.142
       a =  2.000      CL = -0.0831
      Cm =  0.0305     CD =  9.06416   =>   CDf =  0.00719    CDp =  9.05696

 Side 1  free  transition at x/c =  0.0467   11
 Side 2  free  transition at x/c =  0.0080    9

  11   rms: 0.9799E+00   max: -.4895E+01   T at    2  1   RLX: 0.102
       a =  2.000      CL = -0.0496
      Cm =  0.0270     CD =  8.62526   =>   CDf =  0.00737    CDp =  8.61789

 Side 1  free  transition at x/c =  0.0463   11
 Side 2  free  transition at x/c =  0.0079    9

  12   rms: 0.1075E+01   max: -.4501E+01   C at  102  2   RLX: 0.111
       a =  2.000      CL = -0.0194
      Cm =  0.0238     CD =  8.82323   =>   CDf =  0.00750    CDp =  8.81574

 Side 1  free  transition at x/c =  0.0459   11
 Side 2  free  transition at x/c =  0.0075    9

  13   rms: 0.1263E+01   max: -.5839E+01   D at   13  2   RLX: 0.086
       a =  2.000      CL = -0.0022
      Cm =  0.0219     CD = 12.32785   =>   CDf =  0.00756    CDp = 12.32029

 Side 1  free  transition at x/c =  0.0457   11
 Side 2  free  transition at x/c =  0.0071    9

  14   rms: 0.1509E+01   max: -.9032E+01   D at   12  2   RLX: 0.055
       a =  2.000      CL =  0.0072
      Cm =  0.0208     CD = 15.13810   =>   CDf =  0.00764    CDp = 15.13047

 Side 1  free  transition at x/c =  0.0456   11
 Side 2  free  transition at x/c =  0.0070    9

  15   rms: 0.7567E+00   max: -.4055E+01   D at   12  2   RLX: 0.123
       a =  2.000      CL =  0.0318
      Cm =  0.0176     CD = 15.50247   =>   CDf =  0.00774    CDp = 15.49473

 Side 1  free  transition at x/c =  0.0450   11
 Side 2  free  transition at x/c =  0.0073    9

  16   rms: 0.6239E+00   max: -.3092E+01   C at  104  2   RLX: 0.162
       a =  2.000      CL =  0.0612
      Cm =  0.0140     CD = 19.96162   =>   CDf =  0.00783    CDp = 19.95379

 Side 1  free  transition at x/c =  0.0443   11
 Side 2  free  transition at x/c =  0.0083   10

  17   rms: 0.5301E+00   max: -.2804E+01   C at  103  2   RLX: 0.178
       a =  2.000      CL =  0.0899
      Cm =  0.0104     CD = 30.81655   =>   CDf =  0.00796    CDp = 30.80859

 MRCHDU: Convergence failed at  11  side 2    Res =  0.5806E+01
 MRCHDU: Convergence failed at  12  side 2    Res =  0.1823E+01
 MRCHDU: Convergence failed at  13  side 2    Res =  0.2305E+01
 MRCHDU: Convergence failed at  14  side 2    Res =  0.5052E+01
 MRCHDU: Convergence failed at  15  side 2    Res =  0.1471E+01
 MRCHDU: Convergence failed at  16  side 2    Res =  0.1688E+01
 MRCHDU: Convergence failed at  17  side 2    Res =  0.1614E+01
 MRCHDU: Convergence failed at  18  side 2    Res =  0.2972E+01
 MRCHDU: Convergence failed at  19  side 2    Res =  0.3057E+01
 MRCHDU: Convergence failed at  20  side 2    Res =  0.4026E+01
 MRCHDU: Convergence failed at  21  side 2    Res =  0.3388E+01
 MRCHDU: Convergence failed at  22  side 2    Res =  0.2901E+01
 MRCHDU: Convergence failed at  23  side 2    Res =  0.2809E+01
 MRCHDU: Convergence failed at  24  side 2    Res =  0.2250E+01
 MRCHDU: Convergence failed at  25  side 2    Res =  0.1837E+01
 MRCHDU: Convergence failed at  26  side 2    Res =  0.2316E+01
 MRCHDU: Convergence failed at  27  side 2    Res =  0.4674E+01
 MRCHDU: Convergence failed at  28  side 2    Res =  0.4889E+01
 MRCHDU: Convergence failed at  29  side 2    Res =  0.4491E+01
 MRCHDU: Convergence failed at  30  side 2    Res =  0.4040E+01
 MRCHDU: Convergence failed at  31  side 2    Res =  0.4050E+01
 MRCHDU: Convergence failed at  32  side 2    Res =  0.4249E+01
 MRCHDU: Convergence failed at  33  side 2    Res =  0.4530E+01
 MRCHDU: Convergence failed at  34  side 2    Res =  0.4862E+01
 MRCHDU: Convergence failed at  35  side 2    Res =  0.5236E+01
 MRCHDU: Convergence failed at  36  side 2    Res =  0.5657E+01
 MRCHDU: Convergence failed at  37  side 2    Res =  0.6128E+01
 MRCHDU: Convergence failed at  38  side 2    Res =  0.7033E+01
 MRCHDU: Convergence failed at  39  side 2    Res =  0.7727E+01
 MRCHDU: Convergence failed at  40  side 2    Res =  0.8544E+01
 MRCHDU: Convergence failed at  41  side 2    Res =  0.9903E+01
 MRCHDU: Convergence failed at  42  side 2    Res =  0.1125E+02
 MRCHDU: Convergence failed at  43  side 2    Res =  0.1299E+02
 MRCHDU: Convergence failed at  44  side 2    Res =  0.1537E+02
 MRCHDU: Convergence failed at  45  side 2    Res =  0.1880E+02
 MRCHDU: Convergence failed at  46  side 2    Res =  0.2425E+02
 MRCHDU: Convergence failed at  47  side 2    Res =  0.3399E+02
 MRCHDU: Convergence failed at  48  side 2    Res =  0.5581E+02
 MRCHDU: Convergence failed at  49  side 2    Res =  0.6226E+03
 MRCHDU: Convergence failed at  50  side 2    Res =  0.1073E+03
 MRCHDU: Convergence failed at  51  side 2    Res =  0.5028E+02
 MRCHDU: Convergence failed at  52  side 2    Res =  0.2922E+02
 MRCHDU: Convergence failed at  53  side 2    Res =  0.2289E+02
 MRCHDU: Convergence failed at  54  side 2    Res =  0.1836E+02
 MRCHDU: Convergence failed at  55  side 2    Res =  0.1476E+02
 MRCHDU: Convergence failed at  56  side 2    Res =  0.1187E+02
 MRCHDU: Convergence failed at  57  side 2    Res =  0.9107E+01
 MRCHDU: Convergence failed at  58  side 2    Res =  0.7529E+01
 MRCHDU: Convergence failed at  59  side 2    Res =  0.6345E+01
 MRCHDU: Convergence failed at  60  side 2    Res =  0.5508E+01
 MRCHDU: Convergence failed at  61  side 2    Res =  0.4880E+01
 MRCHDU: Convergence failed at  62  side 2    Res =  0.4542E+01
 MRCHDU: Convergence failed at  63  side 2    Res =  0.4338E+01
 MRCHDU: Convergence failed at  64  side 2    Res =  0.4222E+01
 MRCHDU: Convergence failed at  65  side 2    Res =  0.4164E+01
 MRCHDU: Convergence failed at  66  side 2    Res =  0.4146E+01
 MRCHDU: Convergence failed at  67  side 2    Res =  0.5415E+01
 MRCHDU: Convergence failed at  68  side 2    Res =  0.1306E+02
 MRCHDU: Convergence failed at  69  side 2    Res =  0.2340E+01
 MRCHDU: Convergence failed at  70  side 2    Res =  0.2421E+01
 MRCHDU: Convergence failed at  71  side 2    Res =  0.3516E+01
 MRCHDU: Convergence failed at  72  side 2    Res =  0.6972E+01
 MRCHDU: Convergence failed at  73  side 2    Res =  0.9562E+02
 MRCHDU: Convergence failed at  74  side 2    Res =  0.5968E+01
 MRCHDU: Convergence failed at  75  side 2    Res =  0.3148E+01
 MRCHDU: Convergence failed at  76  side 2    Res =  0.2417E+01
 MRCHDU: Convergence failed at  77  side 2    Res =  0.3125E+01
 MRCHDU: Convergence failed at  78  side 2    Res =  0.3882E+01
 MRCHDU: Convergence failed at  79  side 2    Res =  0.4523E+01
 TRCHEK2: N2 convergence failed.
 x:  0.98063  0.98259  0.98973  N:  7.239  9.000 14.405  Nx: 448.454   dN:-0.242E+01
 TRCHEK2: N2 convergence failed.
 x:  0.98063  0.98131  0.98973  N:  7.239  9.000 29.857  Nx:  26.552   dN:-0.223E+02
 TRCHEK2: N2 convergence failed.
 x:  0.98063  0.98098  0.98973  N:  7.239  9.000 51.531  Nx:  49.666   dN:-0.452E+02
 TRCHEK2: N2 convergence failed.
 x:  0.98063  0.98084  0.98973  N:  7.239  9.000 82.730  Nx:  65.871   dN:-0.759E+02
 TRCHEK2: N2 convergence failed.
 x:  0.98063  0.98076  0.98973  N:  7.239  9.000127.842  Nx:  59.605   dN:-0.121E+03
 TRCHEK2: N2 convergence failed.
 x:  0.98063  0.98072  0.98973  N:  7.239  9.000192.615  Nx:  42.433   dN:-0.186E+03
 TRCHEK2: N2 convergence failed.
 x:  0.98063  0.98069  0.98973  N:  7.239  9.000265.993  Nx:  25.956   dN:-0.259E+03
 TRCHEK2: N2 convergence failed.
 x:  0.98063  0.98070  0.98973  N:  7.239  9.000256.753  Nx:  27.869   dN:-0.250E+03
 TRCHEK2: N2 convergence failed.
 x:  0.98063  0.98070  0.98973  N:  7.239  9.000253.232  Nx:  28.762   dN:-0.246E+03
 TRCHEK2: N2 convergence failed.
 x:  0.98063  0.98070  0.98973  N:  7.239  9.000253.529  Nx:  28.771   dN:-0.247E+03
 TRCHEK2: N2 convergence failed.
 x:  0.98063  0.98070  0.98973  N:  7.239  9.000253.698  Nx:  28.769   dN:-0.247E+03
 TRCHEK2: N2 convergence failed.
 x:  0.98063  0.98070  0.98973  N:  7.239  9.000253.768  Nx:  28.772   dN:-0.247E+03
 TRCHEK2: N2 convergence failed.
 x:  0.98063  0.98070  0.98973  N:  7.239  9.000253.822  Nx:  28.769   dN:-0.247E+03
 TRCHEK2: N2 convergence failed.
 x:  0.98063  0.98070  0.98973  N:  7.239  9.000253.853  Nx:  28.767   dN:-0.247E+03
 TRCHEK2: N2 convergence failed.
 x:  0.98063  0.98070  0.98973  N:  7.239  9.000253.868  Nx:  28.766   dN:-0.247E+03
 TRCHEK2: N2 convergence failed.
 x:  0.98063  0.98070  0.98973  N:  7.239  9.000253.876  Nx:  28.765   dN:-0.247E+03
 Side 1  free  transition at x/c =  0.0435   11
 TRCHEK2: N2 convergence failed.
 x:  0.98063  0.98070  0.98973  N:  7.239  9.000253.843  Nx:  28.769   dN:-0.247E+03
 Side 2  free  transition at x/c =  0.9771   80

  18   rms: 0.8400E+00   max: 0.6109E+01   C at   80  2   RLX: 0.205
       a =  2.000      CL = -0.2460
      Cm =  0.0973     CD = 45.84821   =>   CDf =  0.00672    CDp = 45.84149

 TRCHEK2: N2 convergence failed.
 x:  0.98040  0.98061  0.98949  N:  6.055  9.000131.087  Nx:  44.914   dN:-0.125E+03
 TRCHEK2: N2 convergence failed.
 x:  0.98040  0.98064  0.98949  N:  6.055  9.000112.776  Nx:  49.432   dN:-0.107E+03
 TRCHEK2: N2 convergence failed.
 x:  0.98040  0.98066  0.98949  N:  6.055  9.000107.946  Nx:  50.589   dN:-0.102E+03
 TRCHEK2: N2 convergence failed.
 x:  0.98040  0.98066  0.98949  N:  6.055  9.000106.807  Nx:  50.857   dN:-0.101E+03
 TRCHEK2: N2 convergence failed.
 x:  0.98040  0.98066  0.98949  N:  6.055  9.000106.528  Nx:  50.922   dN:-0.101E+03
 TRCHEK2: N2 convergence failed.
 x:  0.98040  0.98066  0.98949  N:  6.055  9.000106.467  Nx:  50.936   dN:-0.101E+03
 TRCHEK2: N2 convergence failed.
 x:  0.98040  0.98066  0.98949  N:  6.055  9.000106.455  Nx:  50.939   dN:-0.101E+03
 TRCHEK2: N2 convergence failed.
 x:  0.98040  0.98066  0.98949  N:  6.055  9.000106.452  Nx:  50.940   dN:-0.101E+03
 TRCHEK2: N2 convergence failed.
 x:  0.98040  0.98066  0.98949  N:  6.055  9.000106.452  Nx:  50.940   dN:-0.101E+03
 MRCHDU: Convergence failed at  97  side 2    Res =  0.1027E-02
 MRCHDU: Convergence failed at  98  side 2    Res =  0.7065E-04
 MRCHDU: Convergence failed at 101  side 2    Res =  0.5020E-03
 MRCHDU: Convergence failed at 102  side 2    Res =  0.8061E-03
 Side 1  free  transition at x/c =  0.0428   12
 TRCHEK2: N2 convergence failed.
 x:  0.98040  0.98066  0.98949  N:  6.055  9.000106.425  Nx:  50.944   dN:-0.101E+03
 Side 2  free  transition at x/c =  0.9773   79

  19   rms: 0.1025E+01   max: -.1098E+02   C at   81  2   RLX: 0.046
       a =  2.000      CL = -0.2293
      Cm =  0.0934     CD = 58.32307   =>   CDf =  0.00597    CDp = 58.31710

 TRCHEK2: N2 convergence failed.
 x:  0.98040  0.98070  0.98949  N:  6.144  9.000 90.896  Nx:  51.439   dN:-0.852E+02
 TRCHEK2: N2 convergence failed.
 x:  0.98040  0.98071  0.98949  N:  6.144  9.000 87.863  Nx:  52.144   dN:-0.821E+02
 TRCHEK2: N2 convergence failed.
 x:  0.98040  0.98071  0.98949  N:  6.144  9.000 87.005  Nx:  52.338   dN:-0.813E+02
 TRCHEK2: N2 convergence failed.
 x:  0.98040  0.98071  0.98949  N:  6.144  9.000 86.754  Nx:  52.394   dN:-0.810E+02
 TRCHEK2: N2 convergence failed.
 x:  0.98040  0.98071  0.98949  N:  6.144  9.000 86.688  Nx:  52.409   dN:-0.810E+02
 TRCHEK2: N2 convergence failed.
 x:  0.98040  0.98071  0.98949  N:  6.144  9.000 86.671  Nx:  52.413   dN:-0.809E+02
 TRCHEK2: N2 convergence failed.
 x:  0.98040  0.98071  0.98949  N:  6.144  9.000 86.667  Nx:  52.414   dN:-0.809E+02
 TRCHEK2: N2 convergence failed.
 x:  0.98040  0.98071  0.98949  N:  6.144  9.000 86.665  Nx:  52.414   dN:-0.809E+02
 MRCHDU: Convergence failed at  97  side 2    Res =  0.1873E-02
 MRCHDU: Convergence failed at  98  side 2    Res =  0.8391E-04
 MRCHDU: Convergence failed at 101  side 2    Res =  0.5011E-03
 MRCHDU: Convergence failed at 102  side 2    Res =  0.7931E-03
 Side 1  free  transition at x/c =  0.0427   12
 TRCHEK2: N2 convergence failed.
 x:  0.98040  0.98071  0.98949  N:  6.144  9.000 86.639  Nx:  52.417   dN:-0.809E+02
 Side 2  free  transition at x/c =  0.9773   79

  20   rms: 0.9557E+00   max: -.1384E+02   C at   81  2   RLX: 0.036
       a =  2.000      CL = -0.2122
      Cm =  0.0896     CD = 59.78249   =>   CDf =  0.00590    CDp = 59.77659

 TRCHEK2: N2 convergence failed.
 x:  0.98038  0.98077  0.98947  N:  6.033  9.000 72.885  Nx:  54.121   dN:-0.673E+02
 TRCHEK2: N2 convergence failed.
 x:  0.98038  0.98080  0.98947  N:  6.033  9.000 69.302  Nx:  54.754   dN:-0.637E+02
 TRCHEK2: N2 convergence failed.
 x:  0.98038  0.98080  0.98947  N:  6.033  9.000 68.027  Nx:  54.950   dN:-0.624E+02
 TRCHEK2: N2 convergence failed.
 x:  0.98038  0.98081  0.98947  N:  6.033  9.000 67.566  Nx:  55.017   dN:-0.620E+02
 TRCHEK2: N2 convergence failed.
 x:  0.98038  0.98081  0.98947  N:  6.033  9.000 67.410  Nx:  55.039   dN:-0.618E+02
 TRCHEK2: N2 convergence failed.
 x:  0.98038  0.98081  0.98947  N:  6.033  9.000 67.360  Nx:  55.046   dN:-0.618E+02
 TRCHEK2: N2 convergence failed.
 x:  0.98038  0.98081  0.98947  N:  6.033  9.000 67.343  Nx:  55.048   dN:-0.618E+02
 TRCHEK2: N2 convergence failed.
 x:  0.98038  0.98081  0.98947  N:  6.033  9.000 67.338  Nx:  55.049   dN:-0.617E+02
 TRCHEK2: N2 convergence failed.
 x:  0.98038  0.98081  0.98947  N:  6.033  9.000 67.336  Nx:  55.049   dN:-0.617E+02
 TRCHEK2: N2 convergence failed.
 x:  0.98038  0.98081  0.98947  N:  6.033  9.000 67.335  Nx:  55.049   dN:-0.617E+02
 MRCHDU: Convergence failed at  97  side 2    Res =  0.2317E-02
 MRCHDU: Convergence failed at  98  side 2    Res =  0.9744E-04
 MRCHDU: Convergence failed at 101  side 2    Res =  0.5024E-03
 MRCHDU: Convergence failed at 102  side 2    Res =  0.7947E-03
 Side 1  free  transition at x/c =  0.0426   12
 TRCHEK2: N2 convergence failed.
 x:  0.98038  0.98081  0.98947  N:  6.033  9.000 67.310  Nx:  55.052   dN:-0.617E+02
 Side 2  free  transition at x/c =  0.9775   79

  21   rms: 0.1155E+01   max: -.1722E+02   C at   81  2   RLX: 0.029
       a =  2.000      CL = -0.1989
      Cm =  0.0866     CD = 61.16988   =>   CDf =  0.00589    CDp = 61.16399

 TRCHEK2: N2 convergence failed.
 x:  0.98036  0.98090  0.98946  N:  5.933  9.000 56.924  Nx:  55.760   dN:-0.515E+02
 TRCHEK2: N2 convergence failed.
 x:  0.98036  0.98093  0.98946  N:  5.933  9.000 53.679  Nx:  55.806   dN:-0.482E+02
 TRCHEK2: N2 convergence failed.
 x:  0.98036  0.98095  0.98946  N:  5.933  9.000 52.373  Nx:  55.751   dN:-0.469E+02
 TRCHEK2: N2 convergence failed.
 x:  0.98036  0.98095  0.98946  N:  5.933  9.000 51.828  Nx:  55.714   dN:-0.464E+02
 TRCHEK2: N2 convergence failed.
 x:  0.98036  0.98096  0.98946  N:  5.933  9.000 51.606  Nx:  55.696   dN:-0.462E+02
 TRCHEK2: N2 convergence failed.
 x:  0.98036  0.98096  0.98946  N:  5.933  9.000 51.517  Nx:  55.689   dN:-0.461E+02
 TRCHEK2: N2 convergence failed.
 x:  0.98036  0.98096  0.98946  N:  5.933  9.000 51.481  Nx:  55.686   dN:-0.461E+02
 TRCHEK2: N2 convergence failed.
 x:  0.98036  0.98096  0.98946  N:  5.933  9.000 51.467  Nx:  55.684   dN:-0.460E+02
 TRCHEK2: N2 convergence failed.
 x:  0.98036  0.98096  0.98946  N:  5.933  9.000 51.461  Nx:  55.684   dN:-0.460E+02
 TRCHEK2: N2 convergence failed.
 x:  0.98036  0.98096  0.98946  N:  5.933  9.000 51.459  Nx:  55.684   dN:-0.460E+02
 TRCHEK2: N2 convergence failed.
 x:  0.98036  0.98096  0.98946  N:  5.933  9.000 51.458  Nx:  55.684   dN:-0.460E+02
 MRCHDU: Convergence failed at  97  side 2    Res =  0.2663E-02
 MRCHDU: Convergence failed at  98  side 2    Res =  0.1096E-03
 MRCHDU: Convergence failed at 101  side 2    Res =  0.5036E-03
 MRCHDU: Convergence failed at 102  side 2    Res =  0.7964E-03
 Side 1  free  transition at x/c =  0.0425   12
 TRCHEK2: N2 convergence failed.
 x:  0.98036  0.98096  0.98946  N:  5.933  9.000 51.433  Nx:  55.683   dN:-0.460E+02
 Side 2  free  transition at x/c =  0.9776   79

  22   rms: 0.1428E+01   max: -.2179E+02   C at   81  2   RLX: 0.023
       a =  2.000      CL = -0.1887
      Cm =  0.0843     CD = 62.25542   =>   CDf =  0.00589    CDp = 62.24954

 TRCHEK2: N2 convergence failed.
 x:  0.98035  0.98107  0.98945  N:  5.860  9.000 44.415  Nx:  55.039   dN:-0.391E+02
 TRCHEK2: N2 convergence failed.
 x:  0.98035  0.98112  0.98945  N:  5.860  9.000 41.847  Nx:  54.161   dN:-0.366E+02
 TRCHEK2: N2 convergence failed.
 x:  0.98035  0.98114  0.98945  N:  5.860  9.000 40.713  Nx:  53.644   dN:-0.355E+02
 TRCHEK2: N2 convergence failed.
 x:  0.98035  0.98116  0.98945  N:  5.860  9.000 40.190  Nx:  53.375   dN:-0.349E+02
 TRCHEK2: N2 convergence failed.
 x:  0.98035  0.98116  0.98945  N:  5.860  9.000 39.952  Nx:  53.246   dN:-0.347E+02
 TRCHEK2: N2 convergence failed.
 x:  0.98035  0.98116  0.98945  N:  5.860  9.000 39.845  Nx:  53.187   dN:-0.346E+02
 TRCHEK2: N2 convergence failed.
 x:  0.98035  0.98116  0.98945  N:  5.860  9.000 39.798  Nx:  53.160   dN:-0.346E+02
 TRCHEK2: N2 convergence failed.
 x:  0.98035  0.98117  0.98945  N:  5.860  9.000 39.776  Nx:  53.148   dN:-0.345E+02
 TRCHEK2: N2 convergence failed.
 x:  0.98035  0.98117  0.98945  N:  5.860  9.000 39.767  Nx:  53.143   dN:-0.345E+02
 TRCHEK2: N2 convergence failed.
 x:  0.98035  0.98117  0.98945  N:  5.860  9.000 39.763  Nx:  53.140   dN:-0.345E+02
 TRCHEK2: N2 convergence failed.
 x:  0.98035  0.98117  0.98945  N:  5.860  9.000 39.761  Nx:  53.139   dN:-0.345E+02
 TRCHEK2: N2 convergence failed.
 x:  0.98035  0.98117  0.98945  N:  5.860  9.000 39.760  Nx:  53.139   dN:-0.345E+02
 TRCHEK2: N2 convergence failed.
 x:  0.98035  0.98117  0.98945  N:  5.860  9.000 39.760  Nx:  53.139   dN:-0.345E+02
 MRCHDU: Convergence failed at  97  side 2    Res =  0.2927E-02
 MRCHDU: Convergence failed at  98  side 2    Res =  0.1200E-03
 MRCHDU: Convergence failed at 101  side 2    Res =  0.5045E-03
 MRCHDU: Convergence failed at 102  side 2    Res =  0.7981E-03
 Side 1  free  transition at x/c =  0.0424   12
 TRCHEK2: N2 convergence failed.
 x:  0.98035  0.98117  0.98945  N:  5.860  9.000 39.735  Nx:  53.131   dN:-0.345E+02
 Side 2  free  transition at x/c =  0.9778   79

  23   rms: 0.1406E+01   max: -.2138E+02   C at   81  2   RLX: 0.023
       a =  2.000      CL = -0.1783
      Cm =  0.0819     CD = 62.52862   =>   CDf =  0.00588    CDp = 62.52274

 TRCHEK2: N2 convergence failed.
 x:  0.98033  0.98128  0.98943  N:  5.835  9.000 35.147  Nx:  51.207   dN:-0.300E+02
 TRCHEK2: N2 convergence failed.
 x:  0.98033  0.98135  0.98943  N:  5.835  9.000 33.282  Nx:  49.360   dN:-0.282E+02
 TRCHEK2: N2 convergence failed.
 x:  0.98033  0.98138  0.98943  N:  5.835  9.000 32.431  Nx:  48.354   dN:-0.274E+02
 TRCHEK2: N2 convergence failed.
 x:  0.98033  0.98139  0.98943  N:  5.835  9.000 32.017  Nx:  47.822   dN:-0.270E+02
 TRCHEK2: N2 convergence failed.
 x:  0.98033  0.98140  0.98943  N:  5.835  9.000 31.819  Nx:  47.556   dN:-0.268E+02
 TRCHEK2: N2 convergence failed.
 x:  0.98033  0.98140  0.98943  N:  5.835  9.000 31.726  Nx:  47.429   dN:-0.267E+02
 TRCHEK2: N2 convergence failed.
 x:  0.98033  0.98141  0.98943  N:  5.835  9.000 31.683  Nx:  47.369   dN:-0.266E+02
 TRCHEK2: N2 convergence failed.
 x:  0.98033  0.98141  0.98943  N:  5.835  9.000 31.662  Nx:  47.341   dN:-0.266E+02
 TRCHEK2: N2 convergence failed.
 x:  0.98033  0.98141  0.98943  N:  5.835  9.000 31.653  Nx:  47.328   dN:-0.266E+02
 TRCHEK2: N2 convergence failed.
 x:  0.98033  0.98141  0.98943  N:  5.835  9.000 31.649  Nx:  47.322   dN:-0.266E+02
 TRCHEK2: N2 convergence failed.
 x:  0.98033  0.98141  0.98943  N:  5.835  9.000 31.647  Nx:  47.320   dN:-0.266E+02
 TRCHEK2: N2 convergence failed.
 x:  0.98033  0.98141  0.98943  N:  5.835  9.000 31.646  Nx:  47.318   dN:-0.266E+02
 TRCHEK2: N2 convergence failed.
 x:  0.98033  0.98141  0.98943  N:  5.835  9.000 31.645  Nx:  47.318   dN:-0.266E+02
 MRCHDU: Convergence failed at  97  side 2    Res =  0.3218E-02
 MRCHDU: Convergence failed at  98  side 2    Res =  0.1308E-03
 MRCHDU: Convergence failed at 101  side 2    Res =  0.5053E-03
 MRCHDU: Convergence failed at 102  side 2    Res =  0.7988E-03
 Side 1  free  transition at x/c =  0.0424   12
 TRCHEK2: N2 convergence failed.
 x:  0.98033  0.98141  0.98943  N:  5.835  9.000 31.621  Nx:  47.296   dN:-0.266E+02
 Side 2  free  transition at x/c =  0.9781   79

  24   rms: 0.1683E+01   max: -.2605E+02   C at   81  2   RLX: 0.019
       a =  2.000      CL = -0.1703
      Cm =  0.0801     CD = 63.14547   =>   CDf =  0.00587    CDp = 63.13960

 TRCHEK2: N2 convergence failed.
 x:  0.98032  0.98159  0.98942  N:  5.771  9.000 27.930  Nx:  43.050   dN:-0.231E+02
 TRCHEK2: N2 convergence failed.
 x:  0.98032  0.98168  0.98942  N:  5.771  9.000 26.486  Nx:  39.701   dN:-0.217E+02
 TRCHEK2: N2 convergence failed.
 x:  0.98032  0.98172  0.98942  N:  5.771  9.000 25.812  Nx:  37.889   dN:-0.211E+02
 TRCHEK2: N2 convergence failed.
 x:  0.98032  0.98175  0.98942  N:  5.771  9.000 25.437  Nx:  36.800   dN:-0.207E+02
 TRCHEK2: N2 convergence failed.
 x:  0.98032  0.98176  0.98942  N:  5.771  9.000 25.221  Nx:  36.142   dN:-0.205E+02
 TRCHEK2: N2 convergence failed.
 x:  0.98032  0.98177  0.98942  N:  5.771  9.000 25.096  Nx:  35.753   dN:-0.204E+02
 TRCHEK2: N2 convergence failed.
 x:  0.98032  0.98177  0.98942  N:  5.771  9.000 25.024  Nx:  35.527   dN:-0.204E+02
 TRCHEK2: N2 convergence failed.
 x:  0.98032  0.98178  0.98942  N:  5.771  9.000 24.983  Nx:  35.394   dN:-0.203E+02
 TRCHEK2: N2 convergence failed.
 x:  0.98032  0.98178  0.98942  N:  5.771  9.000 24.959  Nx:  35.317   dN:-0.203E+02
 TRCHEK2: N2 convergence failed.
 x:  0.98032  0.98178  0.98942  N:  5.771  9.000 24.945  Nx:  35.272   dN:-0.203E+02
 TRCHEK2: N2 convergence failed.
 x:  0.98032  0.98178  0.98942  N:  5.771  9.000 24.936  Nx:  35.245   dN:-0.203E+02
 TRCHEK2: N2 convergence failed.
 x:  0.98032  0.98178  0.98942  N:  5.771  9.000 24.932  Nx:  35.230   dN:-0.203E+02
 TRCHEK2: N2 convergence failed.
 x:  0.98032  0.98178  0.98942  N:  5.771  9.000 24.929  Nx:  35.221   dN:-0.203E+02
 TRCHEK2: N2 convergence failed.
 x:  0.98032  0.98178  0.98942  N:  5.771  9.000 24.927  Nx:  35.216   dN:-0.203E+02
 TRCHEK2: N2 convergence failed.
 x:  0.98032  0.98178  0.98942  N:  5.771  9.000 24.926  Nx:  35.212   dN:-0.203E+02
 TRCHEK2: N2 convergence failed.
 x:  0.98032  0.98178  0.98942  N:  5.771  9.000 24.926  Nx:  35.211   dN:-0.203E+02
 TRCHEK2: N2 convergence failed.
 x:  0.98032  0.98178  0.98942  N:  5.771  9.000 24.925  Nx:  35.210   dN:-0.203E+02
 TRCHEK2: N2 convergence failed.
 x:  0.98032  0.98178  0.98942  N:  5.771  9.000 24.925  Nx:  35.209   dN:-0.203E+02
 MRCHDU: Convergence failed at  97  side 2    Res =  0.3357E-02
 MRCHDU: Convergence failed at  98  side 2    Res =  0.1400E-03
 MRCHDU: Convergence failed at 101  side 2    Res =  0.5062E-03
 MRCHDU: Convergence failed at 102  side 2    Res =  0.8006E-03
 Side 1  free  transition at x/c =  0.0423   12
 TRCHEK2: N2 convergence failed.
 x:  0.98032  0.98178  0.98942  N:  5.771  9.000 24.901  Nx:  35.154   dN:-0.202E+02
 Side 2  free  transition at x/c =  0.9785   79

  25   rms: 0.1379E+01   max: -.2120E+02   C at   81  2   RLX: 0.024
       a =  2.000      CL = -0.1606
      Cm =  0.0780     CD = 63.25917   =>   CDf =  0.00586    CDp = 63.25330

 TRCHEK2: N2 convergence failed.
 x:  0.98031  0.98200  0.98941  N:  5.693  9.000 22.530  Nx:  28.675   dN:-0.181E+02
 TRCHEK2: N2 convergence failed.
 x:  0.98031  0.98210  0.98941  N:  5.693  9.000 21.546  Nx:  23.954   dN:-0.172E+02
 TRCHEK2: N2 convergence failed.
 x:  0.98031  0.98216  0.98941  N:  5.693  9.000 20.930  Nx:  20.634   dN:-0.167E+02
 TRCHEK2: N2 convergence failed.
 x:  0.98031  0.98225  0.98941  N:  5.693  9.000 20.217  Nx:  16.422   dN:-0.161E+02
 TRCHEK2: N2 convergence failed.
 x:  0.98031  0.98257  0.98941  N:  5.693  9.000 18.011  Nx:   9.710   dN:-0.126E+02
 TRCHEK2: N2 convergence failed.
 x:  0.98031  0.98181  0.98941  N:  5.693  9.000 24.708  Nx:  36.747   dN:-0.201E+02
 TRCHEK2: N2 convergence failed.
 x:  0.98031  0.98200  0.98941  N:  5.693  9.000 22.560  Nx:  28.776   dN:-0.181E+02
 TRCHEK2: N2 convergence failed.
 x:  0.98031  0.98207  0.98941  N:  5.693  9.000 21.816  Nx:  25.318   dN:-0.175E+02
 TRCHEK2: N2 convergence failed.
 x:  0.98031  0.98212  0.98941  N:  5.693  9.000 21.354  Nx:  22.949   dN:-0.171E+02
 TRCHEK2: N2 convergence failed.
 x:  0.98031  0.98218  0.98941  N:  5.693  9.000 20.821  Nx:  20.012   dN:-0.166E+02
 TRCHEK2: N2 convergence failed.
 x:  0.98031  0.98227  0.98941  N:  5.693  9.000 20.049  Nx:  15.388   dN:-0.159E+02
 TRCHEK2: N2 convergence failed.
 x:  0.98031  0.98287  0.98941  N:  5.693  9.000 16.455  Nx:  27.862   dN:-0.103E+02
 TRCHEK2: N2 convergence failed.
 x:  0.98031  0.98168  0.98941  N:  5.693  9.000 26.705  Nx:  42.103   dN:-0.219E+02
 TRCHEK2: N2 convergence failed.
 x:  0.98031  0.98194  0.98941  N:  5.693  9.000 23.201  Nx:  31.447   dN:-0.187E+02
 TRCHEK2: N2 convergence failed.
 x:  0.98031  0.98206  0.98941  N:  5.693  9.000 21.938  Nx:  25.911   dN:-0.176E+02
 TRCHEK2: N2 convergence failed.
 x:  0.98031  0.98212  0.98941  N:  5.693  9.000 21.310  Nx:  22.719   dN:-0.170E+02
 TRCHEK2: N2 convergence failed.
 x:  0.98031  0.98219  0.98941  N:  5.693  9.000 20.731  Nx:  19.491   dN:-0.165E+02
 TRCHEK2: N2 convergence failed.
 x:  0.98031  0.98229  0.98941  N:  5.693  9.000 19.869  Nx:  14.273   dN:-0.157E+02
 TRCHEK2: N2 convergence failed.
 x:  0.98031  0.98425  0.98941  N:  5.693  9.000 12.456  Nx: 169.336   dN:-0.385E+01
 TRCHEK2: N2 convergence failed.
 x:  0.98031  0.98160  0.98941  N:  5.693  9.000 28.038  Nx:  44.880   dN:-0.232E+02
 TRCHEK2: N2 convergence failed.
 x:  0.98031  0.98298  0.98941  N:  5.693  9.000 15.963  Nx:  36.279   dN:-0.958E+01
 TRCHEK2: N2 convergence failed.
 x:  0.98031  0.98165  0.98941  N:  5.693  9.000 27.165  Nx:  43.125   dN:-0.224E+02
 TRCHEK2: N2 convergence failed.
 x:  0.98031  0.98193  0.98941  N:  5.693  9.000 23.328  Nx:  31.946   dN:-0.188E+02
 TRCHEK2: N2 convergence failed.
 x:  0.98031  0.98206  0.98941  N:  5.693  9.000 21.901  Nx:  25.735   dN:-0.176E+02
 TRCHEK2: N2 convergence failed.
 x:  0.98031  0.98213  0.98941  N:  5.693  9.000 21.215  Nx:  22.209   dN:-0.170E+02
 MRCHDU: Convergence failed at  79  side 2    Res =  0.3441E-01
 TRCHEK2: N2 convergence failed.
 x:  0.98031  0.98220  0.98941  N:  5.693  9.000 20.601  Nx:  18.735   dN:-0.164E+02
 MRCHDU: Convergence failed at  97  side 2    Res =  0.3384E-02
 MRCHDU: Convergence failed at  98  side 2    Res =  0.1513E-03
 MRCHDU: Convergence failed at 101  side 2    Res =  0.5074E-03
 MRCHDU: Convergence failed at 102  side 2    Res =  0.8034E-03
 Side 1  free  transition at x/c =  0.0423   12
 TRCHEK2: N2 convergence failed.
 x:  0.98031  0.98221  0.98941  N:  5.693  9.000 20.578  Nx:  18.629   dN:-0.164E+02
 Side 2  free  transition at x/c =  0.9789   79

  26   rms: 0.1130E+01   max: -.1711E+02   C at   81  2   RLX: 0.029
       a =  2.000      CL = -0.1489
      Cm =  0.0753     CD = 63.18571   =>   CDf =  0.00586    CDp = 63.17985

 TRCHEK2: N2 convergence failed.
 x:  0.98030  0.98242  0.98940  N:  5.603  9.000 19.148  Nx:  12.237   dN:-0.151E+02
 TRCHEK2: N2 convergence failed.
 x:  0.98030  0.98258  0.98940  N:  5.603  9.000 18.156  Nx:   8.626   dN:-0.134E+02
 TRCHEK2: N2 convergence failed.
 x:  0.98030  0.98285  0.98940  N:  5.603  9.000 16.691  Nx:  20.922   dN:-0.108E+02
 TRCHEK2: N2 convergence failed.
 x:  0.98030  0.98154  0.98940  N:  5.603  9.000 29.531  Nx:  48.336   dN:-0.247E+02
 TRCHEK2: N2 convergence failed.
 x:  0.98030  0.98166  0.98940  N:  5.603  9.000 27.313  Nx:  44.610   dN:-0.226E+02
 TRCHEK2: N2 convergence failed.
 x:  0.98030  0.98179  0.98940  N:  5.603  9.000 25.331  Nx:  40.034   dN:-0.207E+02
 TRCHEK2: N2 convergence failed.
 x:  0.98030  0.98192  0.98940  N:  5.603  9.000 23.586  Nx:  34.649   dN:-0.191E+02
 TRCHEK2: N2 convergence failed.
 x:  0.98030  0.98206  0.98940  N:  5.603  9.000 22.084  Nx:  28.625   dN:-0.178E+02
 TRCHEK2: N2 convergence failed.
 x:  0.98030  0.98220  0.98940  N:  5.603  9.000 20.832  Nx:  22.349   dN:-0.167E+02
 TRCHEK2: N2 convergence failed.
 x:  0.98030  0.98232  0.98940  N:  5.603  9.000 19.844  Nx:  16.524   dN:-0.158E+02
 TRCHEK2: N2 convergence failed.
 x:  0.98030  0.98242  0.98940  N:  5.603  9.000 19.139  Nx:  12.154   dN:-0.151E+02
 TRCHEK2: N2 convergence failed.
 x:  0.98030  0.98248  0.98940  N:  5.603  9.000 18.766  Nx:  10.111   dN:-0.146E+02
 TRCHEK2: N2 convergence failed.
 x:  0.98030  0.98250  0.98940  N:  5.603  9.000 18.626  Nx:   9.491   dN:-0.144E+02
 TRCHEK2: N2 convergence failed.
 x:  0.98030  0.98256  0.98940  N:  5.603  9.000 18.286  Nx:   8.628   dN:-0.137E+02
 TRCHEK2: N2 convergence failed.
 x:  0.98030  0.98273  0.98940  N:  5.603  9.000 17.322  Nx:  13.434   dN:-0.117E+02
 TRCHEK2: N2 convergence failed.
 x:  0.98030  0.98553  0.98940  N:  5.603  9.000 10.993  Nx: 385.528   dN:-0.856E+00
 TRCHEK2: N2 convergence failed.
 x:  0.98030  0.98184  0.98940  N:  5.603  9.000 24.599  Nx:  37.975   dN:-0.200E+02
 TRCHEK2: N2 convergence failed.
 x:  0.98030  0.98322  0.98940  N:  5.603  9.000 15.162  Nx:  48.465   dN:-0.858E+01
 TRCHEK2: N2 convergence failed.
 x:  0.98030  0.98168  0.98940  N:  5.603  9.000 26.872  Nx:  43.706   dN:-0.222E+02
 TRCHEK2: N2 convergence failed.
 x:  0.98030  0.98180  0.98940  N:  5.603  9.000 25.218  Nx:  39.728   dN:-0.206E+02
 TRCHEK2: N2 convergence failed.
 x:  0.98030  0.98191  0.98940  N:  5.603  9.000 23.732  Nx:  35.158   dN:-0.192E+02
 TRCHEK2: N2 convergence failed.
 x:  0.98030  0.98203  0.98940  N:  5.603  9.000 22.417  Nx:  30.093   dN:-0.181E+02
 TRCHEK2: N2 convergence failed.
 x:  0.98030  0.98215  0.98940  N:  5.603  9.000 21.281  Nx:  24.742   dN:-0.171E+02
 TRCHEK2: N2 convergence failed.
 x:  0.98030  0.98226  0.98940  N:  5.603  9.000 20.330  Nx:  19.476   dN:-0.162E+02
 TRCHEK2: N2 convergence failed.
 x:  0.98030  0.98236  0.98940  N:  5.603  9.000 19.578  Nx:  14.860   dN:-0.155E+02
 MRCHDU: Convergence failed at  79  side 2    Res =  0.4016E+00
 TRCHEK2: N2 convergence failed.
 x:  0.98940  0.98941  0.99724  N:  5.713  9.000*******  Nx:  41.410   dN:-0.200E+04
 TRCHEK2: N2 convergence failed.
 x:  0.98940  0.98941  0.99724  N:  5.713  9.000*******  Nx:  38.420   dN:-0.222E+04
 TRCHEK2: N2 convergence failed.
 x:  0.98940  0.98941  0.99724  N:  5.713  9.000*******  Nx:  39.070   dN:-0.217E+04
 TRCHEK2: N2 convergence failed.
 x:  0.98940  0.98941  0.99724  N:  5.713  9.000*******  Nx:  39.324   dN:-0.215E+04
 TRCHEK2: N2 convergence failed.
 x:  0.98940  0.98941  0.99724  N:  5.713  9.000*******  Nx:  39.363   dN:-0.215E+04
 TRCHEK2: N2 convergence failed.
 x:  0.98940  0.98941  0.99724  N:  5.713  9.000*******  Nx:  39.365   dN:-0.215E+04
 MRCHDU: Convergence failed at  97  side 2    Res =  0.6199E-03
 MRCHDU: Convergence failed at  98  side 2    Res =  0.1465E-03
 MRCHDU: Convergence failed at 101  side 2    Res =  0.5053E-03
 MRCHDU: Convergence failed at 102  side 2    Res =  0.7957E-03
 Side 1  free  transition at x/c =  0.0422   12
 TRCHEK2: N2 convergence failed.
 x:  0.98940  0.98941  0.99724  N:  5.713  9.000*******  Nx:  39.365   dN:-0.215E+04
 Side 2  free  transition at x/c =  0.9861   80

  27   rms: 0.1883E+01   max: -.2501E+01   U at  104  2   RLX: 0.125
       a =  2.000      CL = -0.0866
      Cm =  0.0561     CD = 30.09706   =>   CDf =  0.00586    CDp = 30.09120

 MRCHDU: Convergence failed at  97  side 2    Res =  0.5946E-02
 MRCHDU: Convergence failed at  98  side 2    Res =  0.1603E-03
 MRCHDU: Convergence failed at 101  side 2    Res =  0.4783E-03
 MRCHDU: Convergence failed at 102  side 2    Res =  0.3716E-03
 MRCHDU: Convergence failed at 104  side 2    Res =  0.4461E+01
 Side 1  free  transition at x/c =  0.0417   12
 Side 2  free  transition at x/c =  0.9799   79

  28   rms: 0.3582E+00   max: -.1379E+01   T at   96  2   RLX: 0.363
       a =  2.000      CL =  0.0302
      Cm =  0.0347     CD = 39.10637   =>   CDf =  0.00494    CDp = 39.10144

 MRCHDU: Convergence failed at  97  side 2    Res =  0.6422E-01
 MRCHDU: Convergence failed at  98  side 2    Res =  0.7643E-03
 MRCHDU: Convergence failed at 101  side 2    Res =  0.7875E-03
 MRCHDU: Convergence failed at 102  side 2    Res =  0.7133E-03
 Side 1  free  transition at x/c =  0.0406   12
 Side 2  free  transition at x/c =  0.9738   78

  29   rms: 0.8702E+00   max: -.1247E+02   C at   96  2   RLX: 0.040
       a =  2.000      CL =  0.0376
      Cm =  0.0329     CD = 25.08277   =>   CDf =  0.00518    CDp = 25.07759

 MRCHDU: Convergence failed at  97  side 2    Res =  0.7101E-01
 MRCHDU: Convergence failed at  98  side 2    Res =  0.1005E-02
 MRCHDU: Convergence failed at 101  side 2    Res =  0.8596E-03
 MRCHDU: Convergence failed at 102  side 2    Res =  0.8792E-03
 Side 1  free  transition at x/c =  0.0402   12
 Side 2  free  transition at x/c =  0.9744   78

  30   rms: 0.1212E+01   max: -.1832E+02   C at   96  2   RLX: 0.027
       a =  2.000      CL =  0.0429
      Cm =  0.0318     CD = 23.63951   =>   CDf =  0.00518    CDp = 23.63433

 MRCHDU: Convergence failed at  97  side 2    Res =  0.7561E-01
 MRCHDU: Convergence failed at  98  side 2    Res =  0.1188E-02
 MRCHDU: Convergence failed at 101  side 2    Res =  0.9104E-03
 MRCHDU: Convergence failed at 102  side 2    Res =  0.1025E-02
 Side 1  free  transition at x/c =  0.0404   12
 Side 2  free  transition at x/c =  0.9750   78

  31   rms: 0.1609E+01   max: -.2424E+02   C at   96  2   RLX: 0.021
       a =  2.000      CL =  0.0467
      Cm =  0.0310     CD = 22.93588   =>   CDf =  0.00520    CDp = 22.93067

 MRCHDU: Convergence failed at  97  side 2    Res =  0.7969E-01
 MRCHDU: Convergence failed at  98  side 2    Res =  0.1345E-02
 MRCHDU: Convergence failed at 101  side 2    Res =  0.9515E-03
 MRCHDU: Convergence failed at 102  side 2    Res =  0.1155E-02
 Side 1  free  transition at x/c =  0.0406   12
 Side 2  free  transition at x/c =  0.9753   78

  32   rms: 0.4412E+01   max: -.6962E+02   C at   96  2   RLX: 0.007
       a =  2.000      CL =  0.0479
      Cm =  0.0307     CD = 22.43579   =>   CDf =  0.00522    CDp = 22.43057

 MRCHDU: Convergence failed at  97  side 2    Res =  0.8367E-01
 MRCHDU: Convergence failed at  98  side 2    Res =  0.1418E-02
 MRCHDU: Convergence failed at 101  side 2    Res =  0.9709E-03
 MRCHDU: Convergence failed at 102  side 2    Res =  0.1241E-02
 Side 1  free  transition at x/c =  0.0405   12
 Side 2  free  transition at x/c =  0.9755   78

  33   rms: 0.7491E+01   max: -.1177E+03   C at   96  2   RLX: 0.004
       a =  2.000      CL =  0.0485
      Cm =  0.0306     CD = 22.15915   =>   CDf =  0.00522    CDp = 22.15392

 MRCHDU: Convergence failed at  97  side 2    Res =  0.8775E-01
 MRCHDU: Convergence failed at  98  side 2    Res =  0.1465E-02
 MRCHDU: Convergence failed at 101  side 2    Res =  0.9839E-03
 MRCHDU: Convergence failed at 102  side 2    Res =  0.1277E-02
 Side 1  free  transition at x/c =  0.0405   12
 Side 2  free  transition at x/c =  0.9756   78

  34   rms: 0.4294E+01   max: 0.6219E+02   C at   94  2   RLX: 0.024
       a =  2.000      CL =  0.0537
      Cm =  0.0296     CD = 21.76000   =>   CDf =  0.00522    CDp = 21.75478

 MRCHDU: Convergence failed at  97  side 2    Res =  0.7834E-01
 MRCHDU: Convergence failed at  98  side 2    Res =  0.1624E-02
 MRCHDU: Convergence failed at 101  side 2    Res =  0.1018E-02
 MRCHDU: Convergence failed at 102  side 2    Res =  0.1361E-02
 Side 1  free  transition at x/c =  0.0421   12
 Side 2  free  transition at x/c =  0.9757   78

  35   rms: 0.3656E+01   max: -.5738E+02   C at   95  2   RLX: 0.009
       a =  2.000      CL =  0.0561
      Cm =  0.0295     CD = 21.58369   =>   CDf =  0.00526    CDp = 21.57843

 MRCHDU: Convergence failed at  97  side 2    Res =  0.8206E-01
 MRCHDU: Convergence failed at  98  side 2    Res =  0.1729E-02
 MRCHDU: Convergence failed at 101  side 2    Res =  0.1047E-02
 MRCHDU: Convergence failed at 102  side 2    Res =  0.1356E-02
 Side 1  free  transition at x/c =  0.0421   12
 Side 2  free  transition at x/c =  0.9758   78

  36   rms: 0.5010E+01   max: -.7870E+02   C at   96  2   RLX: 0.006
       a =  2.000      CL =  0.0570
      Cm =  0.0293     CD = 21.27582   =>   CDf =  0.00526    CDp = 21.27056

 MRCHDU: Convergence failed at  97  side 2    Res =  0.8581E-01
 MRCHDU: Convergence failed at  98  side 2    Res =  0.1808E-02
 MRCHDU: Convergence failed at 101  side 2    Res =  0.1074E-02
 MRCHDU: Convergence failed at 102  side 2    Res =  0.1333E-02
 Side 1  free  transition at x/c =  0.0421   12
 Side 2  free  transition at x/c =  0.9759   78

  37   rms: 0.6537E+01   max: -.1027E+03   C at   95  2   RLX: 0.005
       a =  2.000      CL =  0.0577
      Cm =  0.0291     CD = 21.03063   =>   CDf =  0.00526    CDp = 21.02537

 MRCHDU: Convergence failed at  97  side 2    Res =  0.8973E-01
 MRCHDU: Convergence failed at  98  side 2    Res =  0.1867E-02
 MRCHDU: Convergence failed at 101  side 2    Res =  0.1090E-02
 MRCHDU: Convergence failed at 102  side 2    Res =  0.1313E-02
 Side 1  free  transition at x/c =  0.0421   12
 Side 2  free  transition at x/c =  0.9759   78

  38   rms: 0.8232E+01   max: -.1294E+03   C at   95  2   RLX: 0.004
       a =  2.000      CL =  0.0583
      Cm =  0.0290     CD = 20.83250   =>   CDf =  0.00526    CDp = 20.82724

 MRCHDU: Convergence failed at  97  side 2    Res =  0.9392E-01
 MRCHDU: Convergence failed at  98  side 2    Res =  0.1912E-02
 MRCHDU: Convergence failed at 101  side 2    Res =  0.1102E-02
 MRCHDU: Convergence failed at 102  side 2    Res =  0.1297E-02
 Side 1  free  transition at x/c =  0.0421   12
 Side 2  free  transition at x/c =  0.9760   78

  39   rms: 0.1010E+02   max: -.1587E+03   C at   95  2   RLX: 0.003
       a =  2.000      CL =  0.0587
      Cm =  0.0289     CD = 20.66416   =>   CDf =  0.00527    CDp = 20.65889

 MRCHDU: Convergence failed at  97  side 2    Res =  0.9844E-01
 MRCHDU: Convergence failed at  98  side 2    Res =  0.1944E-02
 MRCHDU: Convergence failed at 101  side 2    Res =  0.1111E-02
 MRCHDU: Convergence failed at 102  side 2    Res =  0.1286E-02
 Side 1  free  transition at x/c =  0.0421   12
 Side 2  free  transition at x/c =  0.9760   78

  40   rms: 0.1215E+02   max: -.1910E+03   C at   95  2   RLX: 0.003
       a =  2.000      CL =  0.0591
      Cm =  0.0288     CD = 20.53778   =>   CDf =  0.00527    CDp = 20.53252

 MRCHDU: Convergence failed at  97  side 2    Res =  0.1034E+00
 Side 1  free  transition at x/c =  0.0421   12
 Side 2  free  transition at x/c =  0.9761   78

  41   rms: 0.2710E+02   max: -.2257E+03   C at   95  2   RLX: 0.002
       a =  2.000      CL =  0.0594
      Cm =  0.0287     CD = 18.53064   =>   CDf =  0.00527    CDp = 18.52537

 Side 1  free  transition at x/c =  0.0421   12
 Side 2  free  transition at x/c =  0.9761   78

  42   rms: 0.3158E+02   max: -.2631E+03   C at   95  2   RLX: 0.002
       a =  2.000      CL =  0.0597
      Cm =  0.0287     CD = 18.47569   =>   CDf =  0.00527    CDp = 18.47042

 Side 1  free  transition at x/c =  0.0420   12
 Side 2  free  transition at x/c =  0.9761   78

  43   rms: 0.3647E+02   max: -.3032E+03   C at   95  2   RLX: 0.002
       a =  2.000      CL =  0.0599
      Cm =  0.0286     CD = 18.43446   =>   CDf =  0.00527    CDp = 18.42919

 Side 1  free  transition at x/c =  0.0420   12
 Side 2  free  transition at x/c =  0.9761   78

  44   rms: 0.4167E+02   max: -.3459E+03   C at   95  2   RLX: 0.001
       a =  2.000      CL =  0.0601
      Cm =  0.0286     CD = 18.39870   =>   CDf =  0.00527    CDp = 18.39343

 Side 1  free  transition at x/c =  0.0420   12
 Side 2  free  transition at x/c =  0.9761   78

  45   rms: 0.4720E+02   max: -.3913E+03   C at   95  2   RLX: 0.001
       a =  2.000      CL =  0.0603
      Cm =  0.0285     CD = 18.36740   =>   CDf =  0.00527    CDp = 18.36213

 Side 1  free  transition at x/c =  0.0420   12
 Side 2  free  transition at x/c =  0.9761   78

  46   rms: 0.5305E+02   max: -.4393E+03   C at   95  2   RLX: 0.001
       a =  2.000      CL =  0.0604
      Cm =  0.0285     CD = 18.33973   =>   CDf =  0.00527    CDp = 18.33446

 Side 1  free  transition at x/c =  0.0420   12
 Side 2  free  transition at x/c =  0.9762   78

  47   rms: 0.5923E+02   max: -.4899E+03   C at   95  2   RLX: 0.001
       a =  2.000      CL =  0.0606
      Cm =  0.0285     CD = 18.31510   =>   CDf =  0.00527    CDp = 18.30983

 Side 1  free  transition at x/c =  0.0420   12
 Side 2  free  transition at x/c =  0.9762   78

  48   rms: 0.6572E+02   max: -.5431E+03   C at   95  2   RLX: 0.001
       a =  2.000      CL =  0.0607
      Cm =  0.0284     CD = 18.29302   =>   CDf =  0.00527    CDp = 18.28774

 Side 1  free  transition at x/c =  0.0420   12
 Side 2  free  transition at x/c =  0.9762   78

  49   rms: 0.7252E+02   max: -.5989E+03   C at   95  2   RLX: 0.001
       a =  2.000      CL =  0.0608
      Cm =  0.0284     CD = 18.27310   =>   CDf =  0.00527    CDp = 18.26783

 Side 1  free  transition at x/c =  0.0420   12
 Side 2  free  transition at x/c =  0.9762   78

  50   rms: 0.7964E+02   max: -.6573E+03   C at   95  2   RLX: 0.001
       a =  2.000      CL =  0.0609
      Cm =  0.0284     CD = 18.25506   =>   CDf =  0.00527    CDp = 18.24979

 Side 1  free  transition at x/c =  0.0420   12
 Side 2  free  transition at x/c =  0.9762   78

  51   rms: 0.8708E+02   max: -.7183E+03   C at   95  2   RLX: 0.001
       a =  2.000      CL =  0.0610
      Cm =  0.0284     CD = 18.23861   =>   CDf =  0.00527    CDp = 18.23334

 Side 1  free  transition at x/c =  0.0420   12
 Side 2  free  transition at x/c =  0.9762   78

  52   rms: 0.9483E+02   max: -.7819E+03   C at   95  2   RLX: 0.001
       a =  2.000      CL =  0.0611
      Cm =  0.0284     CD = 18.22356   =>   CDf =  0.00527    CDp = 18.21829

 Side 1  free  transition at x/c =  0.0420   12
 Side 2  free  transition at x/c =  0.9762   78

  53   rms: 0.1029E+03   max: -.8481E+03   C at   95  2   RLX: 0.001
       a =  2.000      CL =  0.0612
      Cm =  0.0283     CD = 18.20973   =>   CDf =  0.00527    CDp = 18.20446

 MRCHDU: Convergence failed at  94  side 2    Res =  0.1329E-01
 MRCHDU: Convergence failed at  95  side 2    Res =  0.9096E-02
 MRCHDU: Convergence failed at  96  side 2    Res =  0.5243E-02
 Side 1  free  transition at x/c =  0.0420   12
 Side 2  free  transition at x/c =  0.9762   78

  54   rms: 0.1113E+03   max: -.9173E+03   C at   95  2   RLX: 0.001
       a =  2.000      CL =  0.0613
      Cm =  0.0283     CD = 18.19653   =>   CDf =  0.00527    CDp = 18.19126

 MRCHDU: Convergence failed at  94  side 2    Res =  0.6518E-01
 MRCHDU: Convergence failed at  95  side 2    Res =  0.9104E-02
 MRCHDU: Convergence failed at  96  side 2    Res =  0.5251E-02
 Side 1  free  transition at x/c =  0.0420   12
 Side 2  free  transition at x/c =  0.9762   78

  55   rms: 0.1200E+03   max: -.9888E+03   C at   95  2   RLX: 0.001
       a =  2.000      CL =  0.0613
      Cm =  0.0283     CD = 18.18423   =>   CDf =  0.00527    CDp = 18.17896

 MRCHDU: Convergence failed at  94  side 2    Res =  0.1170E+00
 Side 1  free  transition at x/c =  0.0420   12
 Side 2  free  transition at x/c =  0.9762   78

  56   rms: 0.2925E+00   max: 0.2445E+01   T at   98  2   RLX: 0.343
       a =  2.000      CL =  0.1082
      Cm =  0.0180     CD = 14.39364   =>   CDf =  0.00527    CDp = 14.38837

 MRCHDU: Convergence failed at  97  side 2    Res =  0.1038E-02
 MRCHDU: Convergence failed at  98  side 2    Res =  0.4334E-01
 MRCHDU: Convergence failed at 100  side 2    Res =  0.5045E-05
 MRCHDU: Convergence failed at 101  side 2    Res =  0.1981E-02
 MRCHDU: Convergence failed at 103  side 2    Res =  0.3433E-04
 Side 1  free  transition at x/c =  0.0413   12
 Side 2  free  transition at x/c =  0.9686   78

  57   rms: 0.5368E+00   max: -.5318E+01   T at   98  2   RLX: 0.094
       a =  2.000      CL =  0.1159
      Cm =  0.0158     CD =  9.56476   =>   CDf =  0.00539    CDp =  9.55936

 MRCHDU: Convergence failed at  97  side 2    Res =  0.3776E-02
 MRCHDU: Convergence failed at  98  side 2    Res =  0.9465E-02
 MRCHDU: Convergence failed at 101  side 2    Res =  0.2012E-02
 MRCHDU: Convergence failed at 102  side 2    Res =  0.2788E-04
 MRCHDU: Convergence failed at 103  side 2    Res =  0.9802E-04
 MRCHDU: Convergence failed at 104  side 2    Res =  0.9466E-05
 Side 1  free  transition at x/c =  0.0411   12
 Side 2  free  transition at x/c =  0.9678   78

  58   rms: 0.3333E+00   max: 0.3002E+01   T at   98  2   RLX: 0.383
       a =  2.000      CL =  0.1400
      Cm =  0.0105     CD = 15.37375   =>   CDf =  0.00542    CDp = 15.36833

 MRCHDU: Convergence failed at  97  side 2    Res =  0.2336E-01
 Side 1  free  transition at x/c =  0.0403   12
 Side 2  free  transition at x/c =  0.9457   76

  59   rms: 0.2297E+02   max: 0.1003E+03   D at   77  2   RLX: 0.006
       a =  2.000      CL =  0.1735
      Cm =  0.0023     CD =  4.13417   =>   CDf =  0.00549    CDp =  4.12868

 MRCHDU: Convergence failed at  12  side 1    Res =  0.1159E+04
 MRCHDU: Convergence failed at  13  side 1    Res =  0.2630E+02
 MRCHDU: Convergence failed at  14  side 1    Res =  0.1065E+02
 MRCHDU: Convergence failed at  15  side 1    Res =  0.4093E+01
 MRCHDU: Convergence failed at  16  side 1    Res =  0.1034E+02
 MRCHDU: Convergence failed at  17  side 1    Res =  0.1019E+02
 MRCHDU: Convergence failed at  18  side 1    Res =  0.1860E+02
 MRCHDU: Convergence failed at  19  side 1    Res =  0.1102E+03
 MRCHDU: Convergence failed at  20  side 1    Res =  0.1404E+03
 MRCHDU: Convergence failed at  21  side 1    Res =  0.3946E+03
 MRCHDU: Convergence failed at  22  side 1    Res =  0.1276E+03
 MRCHDU: Convergence failed at  23  side 1    Res =  0.5687E+02
 MRCHDU: Convergence failed at  24  side 1    Res =  0.7888E+02
 MRCHDU: Convergence failed at  25  side 1    Res =  0.5143E+03
 MRCHDU: Convergence failed at  26  side 1    Res =  0.1060E+03
 MRCHDU: Convergence failed at  27  side 1    Res =  0.5069E+02
 MRCHDU: Convergence failed at  28  side 1    Res =  0.3420E+02
 MRCHDU: Convergence failed at  29  side 1    Res =  0.2706E+02
 MRCHDU: Convergence failed at  30  side 1    Res =  0.2364E+02
 MRCHDU: Convergence failed at  31  side 1    Res =  0.2290E+02
 MRCHDU: Convergence failed at  32  side 1    Res =  0.2318E+02
 MRCHDU: Convergence failed at  33  side 1    Res =  0.2379E+02
 MRCHDU: Convergence failed at  34  side 1    Res =  0.2499E+02
 MRCHDU: Convergence failed at  35  side 1    Res =  0.2565E+02
 MRCHDU: Convergence failed at  36  side 1    Res =  0.2584E+02
 MRCHDU: Convergence failed at  37  side 1    Res =  0.2540E+02
 MRCHDU: Convergence failed at  38  side 1    Res =  0.2428E+02
 MRCHDU: Convergence failed at  39  side 1    Res =  0.2276E+02
 MRCHDU: Convergence failed at  40  side 1    Res =  0.2152E+02
 MRCHDU: Convergence failed at  41  side 1    Res =  0.2041E+02
 MRCHDU: Convergence failed at  42  side 1    Res =  0.1943E+02
 MRCHDU: Convergence failed at  43  side 1    Res =  0.1785E+02
 MRCHDU: Convergence failed at  44  side 1    Res =  0.1721E+02
 MRCHDU: Convergence failed at  45  side 1    Res =  0.1662E+02
 MRCHDU: Convergence failed at  46  side 1    Res =  0.1305E+02
 MRCHDU: Convergence failed at  47  side 1    Res =  0.1388E+02
 MRCHDU: Convergence failed at  48  side 1    Res =  0.1477E+02
 MRCHDU: Convergence failed at  49  side 1    Res =  0.1603E+02
 MRCHDU: Convergence failed at  50  side 1    Res =  0.1716E+02
 MRCHDU: Convergence failed at  51  side 1    Res =  0.1795E+02
 MRCHDU: Convergence failed at  52  side 1    Res =  0.1870E+02
 MRCHDU: Convergence failed at  53  side 1    Res =  0.1912E+02
 MRCHDU: Convergence failed at  54  side 1    Res =  0.1944E+02
 MRCHDU: Convergence failed at  55  side 1    Res =  0.1966E+02
 MRCHDU: Convergence failed at  56  side 1    Res =  0.1982E+02
 MRCHDU: Convergence failed at  57  side 1    Res =  0.1992E+02
 MRCHDU: Convergence failed at  58  side 1    Res =  0.1997E+02
 MRCHDU: Convergence failed at  59  side 1    Res =  0.1996E+02
 MRCHDU: Convergence failed at  60  side 1    Res =  0.1995E+02
 MRCHDU: Convergence failed at  61  side 1    Res =  0.1996E+02
 MRCHDU: Convergence failed at  62  side 1    Res =  0.2002E+02
 MRCHDU: Convergence failed at  63  side 1    Res =  0.2017E+02
 MRCHDU: Convergence failed at  64  side 1    Res =  0.2043E+02
 MRCHDU: Convergence failed at  65  side 1    Res =  0.2884E+02
 MRCHDU: Convergence failed at  66  side 1    Res =  0.3001E+02
 MRCHDU: Convergence failed at  67  side 1    Res =  0.3136E+02
 MRCHDU: Convergence failed at  68  side 1    Res =  0.3286E+02
 MRCHDU: Convergence failed at  69  side 1    Res =  0.2267E+02
 MRCHDU: Convergence failed at  70  side 1    Res =  0.2175E+02
 MRCHDU: Convergence failed at  71  side 1    Res =  0.4976E+02
 MRCHDU: Convergence failed at  72  side 1    Res =  0.5068E+02
 MRCHDU: Convergence failed at  73  side 1    Res =  0.5174E+02
 MRCHDU: Convergence failed at  74  side 1    Res =  0.5332E+02
 MRCHDU: Convergence failed at  75  side 1    Res =  0.5474E+02
 MRCHDU: Convergence failed at  76  side 1    Res =  0.5688E+02
 MRCHDU: Convergence failed at  77  side 1    Res =  0.5994E+02
 MRCHDU: Convergence failed at  78  side 1    Res =  0.6344E+02
 MRCHDU: Convergence failed at  79  side 1    Res =  0.2547E+02
 MRCHDU: Convergence failed at  80  side 1    Res =  0.2405E+02
 MRCHDU: Convergence failed at  81  side 1    Res =  0.4345E+02
 MRCHDU: Convergence failed at  97  side 2    Res =  0.2567E-01
 Side 1  free  transition at x/c =  0.0441   12
 Side 2  free  transition at x/c =  0.9424   76

  60   rms: 0.9443E+00   max: 0.8005E+01   T at   98  2   RLX: 0.187
       a =  2.000      CL =  0.7554
      Cm = -0.1916     CD =  3.61387   =>   CDf =  0.00130    CDp =  3.61257

 MRCHDU: Convergence failed at  14  side 1    Res =  0.2765E+00
 MRCHDU: Convergence failed at  15  side 1    Res =  0.3411E+00
 MRCHDU: Convergence failed at  16  side 1    Res =  0.3521E+00
 MRCHDU: Convergence failed at  17  side 1    Res =  0.3433E+00
 MRCHDU: Convergence failed at  18  side 1    Res =  0.3316E+00
 MRCHDU: Convergence failed at  19  side 1    Res =  0.3210E+00
 MRCHDU: Convergence failed at  20  side 1    Res =  0.3194E+00
 MRCHDU: Convergence failed at  21  side 1    Res =  0.3285E+00
 MRCHDU: Convergence failed at  22  side 1    Res =  0.3413E+00
 MRCHDU: Convergence failed at  23  side 1    Res =  0.3528E+00
 MRCHDU: Convergence failed at  24  side 1    Res =  0.3579E+00
 MRCHDU: Convergence failed at  25  side 1    Res =  0.3572E+00
 MRCHDU: Convergence failed at  26  side 1    Res =  0.3520E+00
 MRCHDU: Convergence failed at  27  side 1    Res =  0.3438E+00
 MRCHDU: Convergence failed at  28  side 1    Res =  0.3346E+00
 MRCHDU: Convergence failed at  29  side 1    Res =  0.3262E+00
 MRCHDU: Convergence failed at  30  side 1    Res =  0.3197E+00
 MRCHDU: Convergence failed at  31  side 1    Res =  0.3170E+00
 MRCHDU: Convergence failed at  32  side 1    Res =  0.3172E+00
 MRCHDU: Convergence failed at  33  side 1    Res =  0.3193E+00
 MRCHDU: Convergence failed at  34  side 1    Res =  0.3224E+00
 MRCHDU: Convergence failed at  35  side 1    Res =  0.3255E+00
 MRCHDU: Convergence failed at  36  side 1    Res =  0.3279E+00
 MRCHDU: Convergence failed at  37  side 1    Res =  0.3288E+00
 MRCHDU: Convergence failed at  38  side 1    Res =  0.3274E+00
 MRCHDU: Convergence failed at  39  side 1    Res =  0.3239E+00
 MRCHDU: Convergence failed at  40  side 1    Res =  0.3182E+00
 MRCHDU: Convergence failed at  41  side 1    Res =  0.3105E+00
 MRCHDU: Convergence failed at  42  side 1    Res =  0.3005E+00
 MRCHDU: Convergence failed at  43  side 1    Res =  0.2877E+00
 MRCHDU: Convergence failed at  44  side 1    Res =  0.2717E+00
 MRCHDU: Convergence failed at  45  side 1    Res =  0.2512E+00
 MRCHDU: Convergence failed at  46  side 1    Res =  0.2256E+00
 MRCHDU: Convergence failed at  47  side 1    Res =  0.1828E+00
 Side 1  free  transition at x/c =  0.0450   12
 Side 2  free  transition at x/c =  0.9282   75

  61   rms: 0.1173E+01   max: 0.9891E+01   C at   98  2   RLX: 0.152
       a =  2.000      CL =  0.3484
      Cm = -0.0952     CD =  0.80264   =>   CDf =  0.00176    CDp =  0.80088

 MRCHDU: Convergence failed at  18  side 1    Res =  0.7459E-01
 MRCHDU: Convergence failed at  27  side 1    Res =  0.8832E-01
 Side 1  free  transition at x/c =  0.0459   12
 Side 2  free  transition at x/c =  0.9006   73

  62   rms: 0.7650E+00   max: -.6822E+01   C at   96  2   RLX: 0.073
       a =  2.000      CL =  0.2848
      Cm = -0.0992     CD =  0.70571   =>   CDf =  0.00236    CDp =  0.70335

 MRCHDU: Convergence failed at  18  side 1    Res =  0.1677E+00
 MRCHDU: Convergence failed at  19  side 1    Res =  0.3089E+00
 MRCHDU: Convergence failed at  27  side 1    Res =  0.5510E+00
 MRCHDU: Convergence failed at  28  side 1    Res =  0.7635E+00
 MRCHDU: Convergence failed at  29  side 1    Res =  0.1931E+00
 MRCHDU: Convergence failed at  30  side 1    Res =  0.1553E+00
 MRCHDU: Convergence failed at  31  side 1    Res =  0.8819E-01
 MRCHDU: Convergence failed at  42  side 1    Res =  0.5274E-01
 MRCHDU: Convergence failed at  43  side 1    Res =  0.2696E-04
 Side 1  free  transition at x/c =  0.0461   12
 Side 2  free  transition at x/c =  0.9058   73

  63   rms: 0.4163E+01   max: -.3442E+02   C at   96  2   RLX: 0.015
       a =  2.000      CL =  0.2228
      Cm = -0.0956     CD =  0.67996   =>   CDf =  0.00215    CDp =  0.67781

 MRCHDU: Convergence failed at  31  side 1    Res =  0.4306E+00
 MRCHDU: Convergence failed at  32  side 1    Res =  0.6506E+00
 MRCHDU: Convergence failed at  42  side 1    Res =  0.7348E+00
 MRCHDU: Convergence failed at  43  side 1    Res =  0.1275E+01
 MRCHDU: Convergence failed at  44  side 1    Res =  0.8589E+00
 MRCHDU: Convergence failed at  45  side 1    Res =  0.8403E+00
 MRCHDU: Convergence failed at  46  side 1    Res =  0.8142E+00
 MRCHDU: Convergence failed at  47  side 1    Res =  0.7874E+00
 MRCHDU: Convergence failed at  48  side 1    Res =  0.8190E+00
 MRCHDU: Convergence failed at  49  side 1    Res =  0.1663E+01
 MRCHDU: Convergence failed at  50  side 1    Res =  0.1446E+01
 MRCHDU: Convergence failed at  51  side 1    Res =  0.1433E+01
 MRCHDU: Convergence failed at  52  side 1    Res =  0.1418E+01
 MRCHDU: Convergence failed at  53  side 1    Res =  0.1402E+01
 MRCHDU: Convergence failed at  54  side 1    Res =  0.1387E+01
 MRCHDU: Convergence failed at  55  side 1    Res =  0.1370E+01
 MRCHDU: Convergence failed at  56  side 1    Res =  0.1354E+01
 MRCHDU: Convergence failed at  57  side 1    Res =  0.1336E+01
 MRCHDU: Convergence failed at  58  side 1    Res =  0.1319E+01
 MRCHDU: Convergence failed at  59  side 1    Res =  0.1302E+01
 MRCHDU: Convergence failed at  60  side 1    Res =  0.1286E+01
 MRCHDU: Convergence failed at  61  side 1    Res =  0.1267E+01
 MRCHDU: Convergence failed at  62  side 1    Res =  0.1244E+01
 MRCHDU: Convergence failed at  63  side 1    Res =  0.1234E+01
 MRCHDU: Convergence failed at  64  side 1    Res =  0.1237E+01
 MRCHDU: Convergence failed at  65  side 1    Res =  0.1625E+01
 MRCHDU: Convergence failed at  66  side 1    Res =  0.1525E+01
 MRCHDU: Convergence failed at  67  side 1    Res =  0.1516E+01
 MRCHDU: Convergence failed at  68  side 1    Res =  0.1506E+01
 MRCHDU: Convergence failed at  69  side 1    Res =  0.1495E+01
 MRCHDU: Convergence failed at  70  side 1    Res =  0.1482E+01
 MRCHDU: Convergence failed at  71  side 1    Res =  0.1468E+01
 MRCHDU: Convergence failed at  72  side 1    Res =  0.1451E+01
 MRCHDU: Convergence failed at  73  side 1    Res =  0.1437E+01
 MRCHDU: Convergence failed at  74  side 1    Res =  0.1431E+01
 MRCHDU: Convergence failed at  75  side 1    Res =  0.1419E+01
 MRCHDU: Convergence failed at  76  side 1    Res =  0.1401E+01
 MRCHDU: Convergence failed at  77  side 1    Res =  0.1405E+01
 MRCHDU: Convergence failed at  78  side 1    Res =  0.1420E+01
 MRCHDU: Convergence failed at  79  side 1    Res =  0.1431E+01
 MRCHDU: Convergence failed at  80  side 1    Res =  0.1439E+01
 MRCHDU: Convergence failed at  81  side 1    Res =  0.1457E+01
 Side 1  free  transition at x/c =  0.0462   12
 Side 2  free  transition at x/c =  0.9099   73

  64   rms: 0.1620E+02   max: 0.1330E+03   C at   97  2   RLX: 0.011
       a =  2.000      CL = -0.1259
      Cm =  0.0694     CD =  0.68459   =>   CDf =  0.00172    CDp =  0.68288

 Side 1  free  transition at x/c =  0.0461   13
 Side 2  free  transition at x/c =  0.9133   73

  65   rms: 0.4486E+02   max: -.7228E+03   D at    2  1   RLX: 0.001
       a =  2.000      CL = -0.1690
      Cm =  0.0922     CD =  0.71359   =>   CDf =  0.00170    CDp =  0.71189

 Side 1  free  transition at x/c =  0.0461   13
 Side 2  free  transition at x/c =  0.9139   73

  66   rms: 0.2226E+02   max: 0.1323E+03   C at   95  2   RLX: 0.008
       a =  2.000      CL = -0.1137
      Cm =  0.0934     CD =  0.68762   =>   CDf =  0.00170    CDp =  0.68592

 Side 1  free  transition at x/c =  0.0461   13
 Side 2  free  transition at x/c =  0.9229   73

  67   rms: 0.2776E+01   max: -.9174E+01   C at   96  2   RLX: 0.055
       a =  2.000      CL = -0.1631
      Cm =  0.0914     CD =  0.65356   =>   CDf =  0.00176    CDp =  0.65180

 Side 1  free  transition at x/c =  0.0455   13
 Side 2  free  transition at x/c =  0.9140   73

  68   rms: 0.2931E+03   max: 0.8597E+03   T at   95  2   RLX: 0.000
       a =  2.000      CL = -0.1623
      Cm =  0.0989     CD =  0.77497   =>   CDf =  0.00167    CDp =  0.77330

 Side 1  free  transition at x/c =  0.0454   13
 Side 2  free  transition at x/c =  0.9152   73

  69   rms: 0.1075E+02   max: 0.1005E+03   T at   98  2   RLX: 0.015
       a =  2.000      CL = -0.1892
      Cm =  0.0969     CD =  1.80360   =>   CDf =  0.00172    CDp =  1.80188

 Side 1  free  transition at x/c =  0.0455   13
 Side 2  free  transition at x/c =  0.9093   72

  70   rms: 0.4838E+02   max: -.2949E+03   T at   95  2   RLX: 0.002
       a =  2.000      CL = -0.2012
      Cm =  0.0923     CD =  0.37540   =>   CDf =  0.00162    CDp =  0.37378

 Side 1  free  transition at x/c =  0.0451   12
 Side 2  free  transition at x/c =  0.8950   72

  71   rms: 0.6742E+01   max: 0.2173E+02   T at   96  2   RLX: 0.017
       a =  2.000      CL = -0.1822
      Cm =  0.0988     CD =  0.44720   =>   CDf =  0.00168    CDp =  0.44552

 Side 1  free  transition at x/c =  0.0456   13
 Side 2  free  transition at x/c =  0.9062   72

  72   rms: 0.2187E+02   max: 0.3263E+03   D at    2  1   RLX: 0.003
       a =  2.000      CL = -0.2022
      Cm =  0.1011     CD =  0.83244   =>   CDf =  0.00166    CDp =  0.83078

 Side 1  free  transition at x/c =  0.0456   12
 Side 2  free  transition at x/c =  0.9028   73

  73   rms: 0.2157E+02   max: 0.1739E+03   T at    2  2   RLX: 0.004
       a =  2.000      CL = -0.2176
      Cm =  0.0972     CD =  0.86870   =>   CDf =  0.00167    CDp =  0.86703

 Side 1  free  transition at x/c =  0.0454   12
 Side 2  free  transition at x/c =  0.8957   72

  74   rms: 0.1317E+02   max: 0.6106E+02   T at   96  2   RLX: 0.015
       a =  2.000      CL = -0.1854
      Cm =  0.1091     CD =  1.07885   =>   CDf =  0.00169    CDp =  1.07717

 MRCHDU: Convergence failed at  94  side 2    Res =  0.1924E-01
 MRCHDU: Convergence failed at  95  side 2    Res =  0.1981E-02
 MRCHDU: Convergence failed at  96  side 2    Res =  0.2108E-02
 Side 1  free  transition at x/c =  0.0460   13
 Side 2  free  transition at x/c =  0.9009   72

  75   rms: 0.3428E+01   max: 0.2243E+02   T at   95  2   RLX: 0.047
       a =  2.000      CL = -0.2553
      Cm =  0.1098     CD =  1.14734   =>   CDf =  0.00176    CDp =  1.14558

 Side 1  free  transition at x/c =  0.0463   12
 Side 2  free  transition at x/c =  0.8924   72

  76   rms: 0.1852E+02   max: -.1278E+03   C at   97  2   RLX: 0.004
       a =  2.000      CL = -0.2695
      Cm =  0.1092     CD =  0.18368   =>   CDf =  0.00168    CDp =  0.18201

 Side 1  free  transition at x/c =  0.0460   12
 Side 2  free  transition at x/c =  0.8739   71

  77   rms: 0.1039E+03   max: 0.9425E+03   C at   97  2   RLX: 0.002
       a =  2.000      CL = -0.2642
      Cm =  0.1120     CD =  0.18376   =>   CDf =  0.00163    CDp =  0.18213

 Side 1  free  transition at x/c =  0.0461   12
 Side 2  free  transition at x/c =  0.8803   71

  78   rms: 0.4086E+02   max: -.3055E+03   C at   97  2   RLX: 0.002
       a =  2.000      CL = -0.2711
      Cm =  0.1090     CD =  0.19216   =>   CDf =  0.00166    CDp =  0.19050

 Side 1  free  transition at x/c =  0.0460   12
 Side 2  free  transition at x/c =  0.8634   70

  79   rms: 0.1229E+03   max: 0.1121E+04   C at   97  2   RLX: 0.001
       a =  2.000      CL = -0.2652
      Cm =  0.1110     CD =  0.19129   =>   CDf =  0.00164    CDp =  0.18966

 Side 1  free  transition at x/c =  0.0461   12
 Side 2  free  transition at x/c =  0.8697   70

  80   rms: 0.3406E+02   max: -.2606E+03   C at   97  2   RLX: 0.002
       a =  2.000      CL = -0.2673
      Cm =  0.1074     CD =  0.19964   =>   CDf =  0.00168    CDp =  0.19797

 Side 1  free  transition at x/c =  0.0459   12
 Side 2  free  transition at x/c =  0.8569   69

  81   rms: 0.7465E+03   max: 0.6873E+04   C at   97  2   RLX: 0.000
       a =  2.000      CL = -0.2646
      Cm =  0.1096     CD =  0.19895   =>   CDf =  0.00164    CDp =  0.19731

 Side 1  free  transition at x/c =  0.0461   12
 Side 2  free  transition at x/c =  0.8695   70

  82   rms: 0.5922E+02   max: -.4710E+03   C at   97  2   RLX: 0.001
       a =  2.000      CL = -0.2728
      Cm =  0.1096     CD =  0.20572   =>   CDf =  0.00167    CDp =  0.20405

 Side 1  free  transition at x/c =  0.0460   12
 Side 2  free  transition at x/c =  0.8564   69

  83   rms: 0.2987E+03   max: 0.2764E+04   C at   97  2   RLX: 0.001
       a =  2.000      CL = -0.2675
      Cm =  0.1106     CD =  0.20450   =>   CDf =  0.00167    CDp =  0.20284

 Side 1  free  transition at x/c =  0.0461   12
 Side 2  free  transition at x/c =  0.8670   70

  84   rms: 0.7584E+02   max: -.6110E+03   C at   97  2   RLX: 0.001
       a =  2.000      CL = -0.2749
      Cm =  0.1103     CD =  0.21142   =>   CDf =  0.00169    CDp =  0.20973

 Side 1  free  transition at x/c =  0.0460   12
 Side 2  free  transition at x/c =  0.8559   69

  85   rms: 0.3472E+03   max: 0.3225E+04   C at   97  2   RLX: 0.000
       a =  2.000      CL = -0.2703
      Cm =  0.1116     CD =  0.21004   =>   CDf =  0.00169    CDp =  0.20835

 Side 1  free  transition at x/c =  0.0461   12
 Side 2  free  transition at x/c =  0.8656   70

  86   rms: 0.8223E+02   max: -.6731E+03   C at   97  2   RLX: 0.001
       a =  2.000      CL = -0.2763
      Cm =  0.1110     CD =  0.21688   =>   CDf =  0.00171    CDp =  0.21517

 Side 1  free  transition at x/c =  0.0460   12
 Side 2  free  transition at x/c =  0.8568   69

  87   rms: 0.1280E+03   max: 0.1176E+04   C at   97  2   RLX: 0.001
       a =  2.000      CL = -0.2698
      Cm =  0.1121     CD =  0.21550   =>   CDf =  0.00171    CDp =  0.21379

 Side 1  free  transition at x/c =  0.0461   12
 Side 2  free  transition at x/c =  0.8672   70

  88   rms: 0.1815E+03   max: -.1515E+04   C at   97  2   RLX: 0.000
       a =  2.000      CL = -0.2777
      Cm =  0.1127     CD =  0.22200   =>   CDf =  0.00174    CDp =  0.22027

 Side 1  free  transition at x/c =  0.0459   12
 Side 2  free  transition at x/c =  0.8591   70

  89   rms: 0.1706E+03   max: 0.1612E+04   C at   97  2   RLX: 0.001
       a =  2.000      CL = -0.2758
      Cm =  0.1146     CD =  0.22031   =>   CDf =  0.00173    CDp =  0.21857

 Side 1  free  transition at x/c =  0.0461   12
 Side 2  free  transition at x/c =  0.8611   70

  90   rms: 0.6837E+03   max: -.5726E+04   C at   97  2   RLX: 0.000
       a =  2.000      CL = -0.2773
      Cm =  0.1123     CD =  0.22770   =>   CDf =  0.00174    CDp =  0.22596

 Side 1  free  transition at x/c =  0.0459   12
 Side 2  free  transition at x/c =  0.8561   69

  91   rms: 0.6566E+02   max: 0.6200E+03   C at   97  2   RLX: 0.002
       a =  2.000      CL = -0.2767
      Cm =  0.1147     CD =  0.22481   =>   CDf =  0.00173    CDp =  0.22308

 Side 1  free  transition at x/c =  0.0462   12
 Side 2  free  transition at x/c =  0.8608   70

  92   rms: 0.6121E+02   max: -.4917E+03   C at   97  2   RLX: 0.001
       a =  2.000      CL = -0.2804
      Cm =  0.1130     CD =  0.23211   =>   CDf =  0.00176    CDp =  0.23036

 Side 1  free  transition at x/c =  0.0460   12
 Side 2  free  transition at x/c =  0.8540   69

  93   rms: 0.8912E+02   max: 0.8468E+03   C at   97  2   RLX: 0.002
       a =  2.000      CL = -0.2812
      Cm =  0.1155     CD =  0.23043   =>   CDf =  0.00174    CDp =  0.22868

 Side 1  free  transition at x/c =  0.0463   12
 Side 2  free  transition at x/c =  0.8572   70

  94   rms: 0.1261E+03   max: -.1024E+04   C at   97  2   RLX: 0.000
       a =  2.000      CL = -0.2824
      Cm =  0.1130     CD =  0.23809   =>   CDf =  0.00177    CDp =  0.23632

 Side 1  free  transition at x/c =  0.0461   12
 Side 2  free  transition at x/c =  0.8534   69

  95   rms: 0.8888E+02   max: 0.8496E+03   C at   97  2   RLX: 0.002
       a =  2.000      CL = -0.2862
      Cm =  0.1163     CD =  0.23576   =>   CDf =  0.00177    CDp =  0.23399

 Side 1  free  transition at x/c =  0.0464   12
 Side 2  free  transition at x/c =  0.8569   69

  96   rms: 0.3524E+02   max: -.2924E+03   C at   97  2   RLX: 0.002
       a =  2.000      CL = -0.2811
      Cm =  0.1128     CD =  0.24357   =>   CDf =  0.00180    CDp =  0.24178

 Side 1  free  transition at x/c =  0.0461   12
 Side 2  free  transition at x/c =  0.8527   69

  97   rms: 0.1113E+03   max: 0.1062E+04   C at   97  2   RLX: 0.001
       a =  2.000      CL = -0.2832
      Cm =  0.1157     CD =  0.24151   =>   CDf =  0.00175    CDp =  0.23976

 Side 1  free  transition at x/c =  0.0463   12
 Side 2  free  transition at x/c =  0.8560   69

  98   rms: 0.4679E+02   max: -.3930E+03   C at   97  2   RLX: 0.001
       a =  2.000      CL = -0.2805
      Cm =  0.1127     CD =  0.24928   =>   CDf =  0.00177    CDp =  0.24751

 Side 1  free  transition at x/c =  0.0461   12
 Side 2  free  transition at x/c =  0.8517   69

  99   rms: 0.1047E+03   max: 0.9998E+03   C at   97  2   RLX: 0.002
       a =  2.000      CL = -0.2824
      Cm =  0.1156     CD =  0.24714   =>   CDf =  0.00174    CDp =  0.24540

 Side 1  free  transition at x/c =  0.0464   12
 Side 2  free  transition at x/c =  0.8548   69

 100   rms: 0.5888E+02   max: -.4981E+03   C at   97  2   RLX: 0.001
       a =  2.000      CL = -0.2814
      Cm =  0.1130     CD =  0.25481   =>   CDf =  0.00176    CDp =  0.25305

 Side 1  free  transition at x/c =  0.0461   12
 Side 2  free  transition at x/c =  0.8504   69

 101   rms: 0.1138E+03   max: 0.1087E+04   C at   97  2   RLX: 0.001
       a =  2.000      CL = -0.2832
      Cm =  0.1158     CD =  0.25255   =>   CDf =  0.00174    CDp =  0.25081

 Side 1  free  transition at x/c =  0.0464   12
 Side 2  free  transition at x/c =  0.8536   69

 102   rms: 0.6248E+02   max: -.5311E+03   C at   97  2   RLX: 0.001
       a =  2.000      CL = -0.2828
      Cm =  0.1134     CD =  0.26015   =>   CDf =  0.00176    CDp =  0.25840

 Side 1  free  transition at x/c =  0.0462   12
 Side 2  free  transition at x/c =  0.8491   69

 103   rms: 0.1293E+03   max: 0.1237E+04   C at   97  2   RLX: 0.001
       a =  2.000      CL = -0.2850
      Cm =  0.1163     CD =  0.25777   =>   CDf =  0.00174    CDp =  0.25603

 Side 1  free  transition at x/c =  0.0464   12
 Side 2  free  transition at x/c =  0.8526   69

 104   rms: 0.5623E+02   max: -.4792E+03   C at   97  2   RLX: 0.001
       a =  2.000      CL = -0.2845
      Cm =  0.1140     CD =  0.26540   =>   CDf =  0.00175    CDp =  0.26364

 Side 1  free  transition at x/c =  0.0462   12
 Side 2  free  transition at x/c =  0.8481   69

 105   rms: 0.1520E+03   max: 0.1455E+04   C at   97  2   RLX: 0.001
       a =  2.000      CL = -0.2870
      Cm =  0.1170     CD =  0.26299   =>   CDf =  0.00173    CDp =  0.26126

 Side 1  free  transition at x/c =  0.0464   12
 Side 2  free  transition at x/c =  0.8519   69

 106   rms: 0.5080E+02   max: -.4336E+03   C at   97  2   RLX: 0.001
       a =  2.000      CL = -0.2864
      Cm =  0.1146     CD =  0.27061   =>   CDf =  0.00175    CDp =  0.26886

 Side 1  free  transition at x/c =  0.0463   12
 Side 2  free  transition at x/c =  0.8474   69

 107   rms: 0.1930E+03   max: 0.1848E+04   C at   97  2   RLX: 0.001
       a =  2.000      CL = -0.2894
      Cm =  0.1177     CD =  0.26817   =>   CDf =  0.00173    CDp =  0.26643

 Side 1  free  transition at x/c =  0.0465   12
 Side 2  free  transition at x/c =  0.8517   69

 108   rms: 0.4490E+02   max: -.3845E+03   C at   97  2   RLX: 0.001
       a =  2.000      CL = -0.2882
      Cm =  0.1152     CD =  0.27578   =>   CDf =  0.00176    CDp =  0.27402

 Side 1  free  transition at x/c =  0.0463   12
 Side 2  free  transition at x/c =  0.8474   69

 109   rms: 0.2418E+03   max: 0.2316E+04   C at   97  2   RLX: 0.001
       a =  2.000      CL = -0.2916
      Cm =  0.1184     CD =  0.27325   =>   CDf =  0.00174    CDp =  0.27151

 Side 1  free  transition at x/c =  0.0465   12
 Side 2  free  transition at x/c =  0.8518   69

 110   rms: 0.3970E+02   max: -.3416E+03   C at   97  2   RLX: 0.001
       a =  2.000      CL = -0.2898
      Cm =  0.1158     CD =  0.28088   =>   CDf =  0.00176    CDp =  0.27912

 Side 1  free  transition at x/c =  0.0463   12
 Side 2  free  transition at x/c =  0.8478   69

 111   rms: 0.3075E+03   max: 0.2948E+04   C at   97  2   RLX: 0.001
       a =  2.000      CL = -0.2934
      Cm =  0.1191     CD =  0.27834   =>   CDf =  0.00174    CDp =  0.27660

 Side 1  free  transition at x/c =  0.0465   12
 Side 2  free  transition at x/c =  0.8521   69

 112   rms: 0.3719E+02   max: -.3218E+03   C at   97  2   RLX: 0.002
       a =  2.000      CL = -0.2911
      Cm =  0.1164     CD =  0.28601   =>   CDf =  0.00177    CDp =  0.28425

 Side 1  free  transition at x/c =  0.0463   12
 Side 2  free  transition at x/c =  0.8483   69

 113   rms: 0.4106E+03   max: 0.3936E+04   C at   97  2   RLX: 0.000
       a =  2.000      CL = -0.2946
      Cm =  0.1197     CD =  0.28344   =>   CDf =  0.00175    CDp =  0.28170

 Side 1  free  transition at x/c =  0.0465   12
 Side 2  free  transition at x/c =  0.8523   69

 114   rms: 0.3342E+02   max: -.2895E+03   C at   97  2   RLX: 0.002
       a =  2.000      CL = -0.2921
      Cm =  0.1170     CD =  0.29120   =>   CDf =  0.00177    CDp =  0.28943

 Side 1  free  transition at x/c =  0.0464   12
 Side 2  free  transition at x/c =  0.8487   69

 115   rms: 0.5426E+03   max: 0.5203E+04   C at   97  2   RLX: 0.000
       a =  2.000      CL = -0.2955
      Cm =  0.1201     CD =  0.28865   =>   CDf =  0.00175    CDp =  0.28690

 Side 1  free  transition at x/c =  0.0466   12
 Side 2  free  transition at x/c =  0.8524   69

 116   rms: 0.3240E+02   max: -.2811E+03   C at   97  2   RLX: 0.002
       a =  2.000      CL = -0.2934
      Cm =  0.1175     CD =  0.29641   =>   CDf =  0.00177    CDp =  0.29464

 Side 1  free  transition at x/c =  0.0464   12
 Side 2  free  transition at x/c =  0.8489   69

 117   rms: 0.3464E+04   max: 0.3323E+05   C at   97  2   RLX: 0.000
       a =  2.000      CL = -0.2958
      Cm =  0.1194     CD =  0.29622   =>   CDf =  0.00175    CDp =  0.29447

 Side 1  free  transition at x/c =  0.0465   12
 Side 2  free  transition at x/c =  0.8514   69

 118   rms: 0.1518E+03   max: -.1403E+04   C at   97  2   RLX: 0.000
       a =  2.000      CL = -0.2939
      Cm =  0.1176     CD =  0.30061   =>   CDf =  0.00177    CDp =  0.29885

 Side 1  free  transition at x/c =  0.0464   12
 Side 2  free  transition at x/c =  0.8490   69

 119   rms: 0.1002E+04   max: 0.9640E+04   C at   97  2   RLX: 0.000
       a =  2.000      CL = -0.2968
      Cm =  0.1204     CD =  0.29763   =>   CDf =  0.00176    CDp =  0.29587

 Side 1  free  transition at x/c =  0.0465   12
 Side 2  free  transition at x/c =  0.8524   69

 120   rms: 0.8574E+02   max: -.7762E+03   C at   97  2   RLX: 0.001
       a =  2.000      CL = -0.2950
      Cm =  0.1184     CD =  0.30452   =>   CDf =  0.00178    CDp =  0.30275

 Side 1  free  transition at x/c =  0.0464   12
 Side 2  free  transition at x/c =  0.8500   69

 121   rms: 0.1677E+03   max: 0.1613E+04   C at   97  2   RLX: 0.001
       a =  2.000      CL = -0.2985
      Cm =  0.1211     CD =  0.30144   =>   CDf =  0.00176    CDp =  0.29967

 Side 1  free  transition at x/c =  0.0466   12
 Side 2  free  transition at x/c =  0.8525   69

 122   rms: 0.3691E+02   max: -.3281E+03   C at   97  2   RLX: 0.002
       a =  2.000      CL = -0.2958
      Cm =  0.1186     CD =  0.30887   =>   CDf =  0.00178    CDp =  0.30709

 Side 1  free  transition at x/c =  0.0464   12
 Side 2  free  transition at x/c =  0.8497   69

 123   rms: 0.9473E+03   max: -.9099E+04   C at   97  2   RLX: 0.000
       a =  2.000      CL = -0.2951
      Cm =  0.1177     CD =  0.31278   =>   CDf =  0.00176    CDp =  0.31102

 Side 1  free  transition at x/c =  0.0464   12
 Side 2  free  transition at x/c =  0.8480   69

 124   rms: 0.1554E+03   max: -.1495E+04   C at   97  2   RLX: 0.000
       a =  2.000      CL = -0.2945
      Cm =  0.1169     CD =  0.31402   =>   CDf =  0.00175    CDp =  0.31227

 Side 1  free  transition at x/c =  0.0463   12
 Side 2  free  transition at x/c =  0.8464   69

 125   rms: 0.1026E+03   max: -.9857E+03   C at   97  2   RLX: 0.001
       a =  2.000      CL = -0.2940
      Cm =  0.1164     CD =  0.31448   =>   CDf =  0.00175    CDp =  0.31273

 Side 1  free  transition at x/c =  0.0463   12
 Side 2  free  transition at x/c =  0.8446   69

 126   rms: 0.9278E+02   max: -.8862E+03   C at   97  2   RLX: 0.001
       a =  2.000      CL = -0.2935
      Cm =  0.1159     CD =  0.31467   =>   CDf =  0.00173    CDp =  0.31293

 Side 1  free  transition at x/c =  0.0463   12
 Side 2  free  transition at x/c =  0.8424   68

 127   rms: 0.2036E+03   max: -.1955E+04   C at   97  2   RLX: 0.000
       a =  2.000      CL = -0.2930
      Cm =  0.1153     CD =  0.31479   =>   CDf =  0.00172    CDp =  0.31307

 Side 1  free  transition at x/c =  0.0463   12
 Side 2  free  transition at x/c =  0.8417   68

 128   rms: 0.2524E+03   max: -.2425E+04   C at   97  2   RLX: 0.000
       a =  2.000      CL = -0.2931
      Cm =  0.1150     CD =  0.31488   =>   CDf =  0.00171    CDp =  0.31316

 Side 1  free  transition at x/c =  0.0463   12
 Side 2  free  transition at x/c =  0.8411   68

 129   rms: 0.3346E+03   max: -.3215E+04   C at   97  2   RLX: 0.000
       a =  2.000      CL = -0.2932
      Cm =  0.1148     CD =  0.31495   =>   CDf =  0.00171    CDp =  0.31323

 Side 1  free  transition at x/c =  0.0463   12
 Side 2  free  transition at x/c =  0.8406   68

 130   rms: 0.4226E+03   max: -.4062E+04   C at   97  2   RLX: 0.000
       a =  2.000      CL = -0.2933
      Cm =  0.1147     CD =  0.31500   =>   CDf =  0.00171    CDp =  0.31329

 Side 1  free  transition at x/c =  0.0463   12
 Side 2  free  transition at x/c =  0.8402   68

 131   rms: 0.5311E+03   max: -.5106E+04   C at   97  2   RLX: 0.000
       a =  2.000      CL = -0.2934
      Cm =  0.1146     CD =  0.31505   =>   CDf =  0.00171    CDp =  0.31334

 Side 1  free  transition at x/c =  0.0463   12
 Side 2  free  transition at x/c =  0.8399   68

 132   rms: 0.6548E+03   max: -.6295E+04   C at   98  2   RLX: 0.000
       a =  2.000      CL = -0.2935
      Cm =  0.1145     CD =  0.31510   =>   CDf =  0.00171    CDp =  0.31339

 Side 1  free  transition at x/c =  0.0463   12
 Side 2  free  transition at x/c =  0.8396   68

 133   rms: 0.8003E+03   max: -.7696E+04   C at   98  2   RLX: 0.000
       a =  2.000      CL = -0.2935
      Cm =  0.1144     CD =  0.31514   =>   CDf =  0.00171    CDp =  0.31343

 Side 1  free  transition at x/c =  0.0463   12
 Side 2  free  transition at x/c =  0.8393   68

 134   rms: 0.9519E+03   max: -.9153E+04   C at   98  2   RLX: 0.000
       a =  2.000      CL = -0.2936
      Cm =  0.1143     CD =  0.31517   =>   CDf =  0.00170    CDp =  0.31347

 Side 1  free  transition at x/c =  0.0463   12
 Side 2  free  transition at x/c =  0.8391   68

 135   rms: 0.1141E+04   max: -.1098E+05   C at   98  2   RLX: 0.000
       a =  2.000      CL = -0.2937
      Cm =  0.1143     CD =  0.31520   =>   CDf =  0.00170    CDp =  0.31350

 Side 1  free  transition at x/c =  0.0463   12
 Side 2  free  transition at x/c =  0.8389   68

 136   rms: 0.1323E+04   max: -.1272E+05   C at   98  2   RLX: 0.000
       a =  2.000      CL = -0.2937
      Cm =  0.1142     CD =  0.31524   =>   CDf =  0.00170    CDp =  0.31353

 Side 1  free  transition at x/c =  0.0463   12
 Side 2  free  transition at x/c =  0.8387   68

 137   rms: 0.1523E+04   max: -.1465E+05   C at   98  2   RLX: 0.000
       a =  2.000      CL = -0.2938
      Cm =  0.1141     CD =  0.31526   =>   CDf =  0.00170    CDp =  0.31356

 Side 1  free  transition at x/c =  0.0463   12
 Side 2  free  transition at x/c =  0.8386   68

 138   rms: 0.1731E+04   max: -.1664E+05   C at   98  2   RLX: 0.000
       a =  2.000      CL = -0.2938
      Cm =  0.1141     CD =  0.31529   =>   CDf =  0.00170    CDp =  0.31359

 Side 1  free  transition at x/c =  0.0463   12
 Side 2  free  transition at x/c =  0.8384   68

 139   rms: 0.1951E+04   max: -.1876E+05   C at   98  2   RLX: 0.000
       a =  2.000      CL = -0.2939
      Cm =  0.1141     CD =  0.31531   =>   CDf =  0.00170    CDp =  0.31361

 Side 1  free  transition at x/c =  0.0463   12
 Side 2  free  transition at x/c =  0.8383   68

 140   rms: 0.2196E+04   max: -.2112E+05   C at   98  2   RLX: 0.000
       a =  2.000      CL = -0.2939
      Cm =  0.1140     CD =  0.31533   =>   CDf =  0.00170    CDp =  0.31363

 Side 1  free  transition at x/c =  0.0463   12
 Side 2  free  transition at x/c =  0.8382   68

 141   rms: 0.2469E+04   max: -.2374E+05   C at   98  2   RLX: 0.000
       a =  2.000      CL = -0.2940
      Cm =  0.1140     CD =  0.31535   =>   CDf =  0.00170    CDp =  0.31365

 Side 1  free  transition at x/c =  0.0463   12
 Side 2  free  transition at x/c =  0.8381   68

 142   rms: 0.2716E+04   max: -.2612E+05   C at   98  2   RLX: 0.000
       a =  2.000      CL = -0.2940
      Cm =  0.1140     CD =  0.31537   =>   CDf =  0.00170    CDp =  0.31367

 Side 1  free  transition at x/c =  0.0463   12
 Side 2  free  transition at x/c =  0.8380   68

 143   rms: 0.2995E+04   max: -.2881E+05   C at   98  2   RLX: 0.000
       a =  2.000      CL = -0.2940
      Cm =  0.1139     CD =  0.31539   =>   CDf =  0.00170    CDp =  0.31369

 Side 1  free  transition at x/c =  0.0463   12
 Side 2  free  transition at x/c =  0.8379   68

 144   rms: 0.3304E+04   max: -.3177E+05   C at   98  2   RLX: 0.000
       a =  2.000      CL = -0.2941
      Cm =  0.1139     CD =  0.31540   =>   CDf =  0.00170    CDp =  0.31370

 MRCHDU: Convergence failed at  97  side 2    Res =  0.5398E-02
 Side 1  free  transition at x/c =  0.0463   12
 Side 2  free  transition at x/c =  0.8378   68

 145   rms: 0.3608E+04   max: -.3470E+05   C at   98  2   RLX: 0.000
       a =  2.000      CL = -0.2941
      Cm =  0.1139     CD =  0.31542   =>   CDf =  0.00170    CDp =  0.31372

 MRCHDU: Convergence failed at  97  side 2    Res =  0.5744E-01
 Side 1  free  transition at x/c =  0.0463   12
 Side 2  free  transition at x/c =  0.8377   68

 146   rms: 0.3927E+04   max: -.3777E+05   C at   98  2   RLX: 0.000
       a =  2.000      CL = -0.2941
      Cm =  0.1139     CD =  0.31543   =>   CDf =  0.00170    CDp =  0.31373

 MRCHDU: Convergence failed at  97  side 2    Res =  0.1094E+00
 Side 1  free  transition at x/c =  0.0463   12
 Side 2  free  transition at x/c =  0.8376   68

 147   rms: 0.1271E+02   max: 0.1044E+03   C at   97  2   RLX: 0.013
       a =  2.000      CL = -0.2888
      Cm =  0.1224     CD =  0.47092   =>   CDf =  0.00170    CDp =  0.46922

 Side 1  free  transition at x/c =  0.0469   12
 Side 2  free  transition at x/c =  0.8420   68

 148   rms: 0.3684E+01   max: -.3534E+02   T at   80  2   RLX: 0.014
       a =  2.000      CL = -0.2857
      Cm =  0.1177     CD =  0.41424   =>   CDf =  0.00173    CDp =  0.41251

 Side 1  free  transition at x/c =  0.0466   12
 Side 2  free  transition at x/c =  0.8384   68

 149   rms: 0.1137E+02   max: -.6021E+02   C at  104  2   RLX: 0.008
       a =  2.000      CL = -0.2947
      Cm =  0.1139     CD =  0.41062   =>   CDf =  0.00166    CDp =  0.40896

 Side 1  free  transition at x/c =  0.0465   12
 Side 2  free  transition at x/c =  0.8270   67

 150   rms: 0.2717E+03   max: 0.1666E+04   C at   97  2   RLX: 0.000
       a =  2.000      CL = -0.2916
      Cm =  0.1176     CD =  0.45537   =>   CDf =  0.00164    CDp =  0.45373

 Side 1  free  transition at x/c =  0.0465   12
 Side 2  free  transition at x/c =  0.8337   68

 151   rms: 0.1676E+02   max: -.9839E+02   C at   99  2   RLX: 0.005
       a =  2.000      CL = -0.3041
      Cm =  0.1146     CD =  0.46205   =>   CDf =  0.00168    CDp =  0.46037

 Side 1  free  transition at x/c =  0.0465   12
 Side 2  free  transition at x/c =  0.8191   67

 152   rms: 0.4396E+02   max: -.3440E+03   C at   97  2   RLX: 0.001
       a =  2.000      CL = -0.3023
      Cm =  0.1122     CD =  0.48609   =>   CDf =  0.00167    CDp =  0.48443

 Side 1  free  transition at x/c =  0.0464   12
 Side 2  free  transition at x/c =  0.8107   66

 153   rms: 0.2125E+03   max: 0.1861E+04   C at   98  2   RLX: 0.001
       a =  2.000      CL = -0.2914
      Cm =  0.1123     CD =  0.48271   =>   CDf =  0.00162    CDp =  0.48109

 Side 1  free  transition at x/c =  0.0464   12
 Side 2  free  transition at x/c =  0.8217   67

 154   rms: 0.2073E+03   max: -.1558E+04   C at   97  2   RLX: 0.000
       a =  2.000      CL = -0.2944
      Cm =  0.1099     CD =  0.49607   =>   CDf =  0.00164    CDp =  0.49442

 Side 1  free  transition at x/c =  0.0463   12
 Side 2  free  transition at x/c =  0.8130   66

 155   rms: 0.2452E+03   max: 0.2113E+04   C at   98  2   RLX: 0.001
       a =  2.000      CL = -0.2866
      Cm =  0.1120     CD =  0.49397   =>   CDf =  0.00162    CDp =  0.49235

 Side 1  free  transition at x/c =  0.0463   12
 Side 2  free  transition at x/c =  0.8227   67

 156   rms: 0.1287E+04   max: -.9759E+04   C at   98  2   RLX: 0.000
       a =  2.000      CL = -0.2909
      Cm =  0.1094     CD =  0.50922   =>   CDf =  0.00166    CDp =  0.50756

 Side 1  free  transition at x/c =  0.0463   12
 Side 2  free  transition at x/c =  0.8145   66

 157   rms: 0.1819E+03   max: 0.1537E+04   C at   98  2   RLX: 0.001
       a =  2.000      CL = -0.2835
      Cm =  0.1106     CD =  0.51070   =>   CDf =  0.00165    CDp =  0.50905

 Side 1  free  transition at x/c =  0.0462   12
 Side 2  free  transition at x/c =  0.8250   67

 158   rms: 0.1794E+03   max: 0.1452E+04   C at   98  2   RLX: 0.001
       a =  2.000      CL = -0.2787
      Cm =  0.1173     CD =  0.50193   =>   CDf =  0.00170    CDp =  0.50023

 Side 1  free  transition at x/c =  0.0465   12
 Side 2  free  transition at x/c =  0.8279   67

 159   rms: 0.1087E+02   max: -.7421E+02   C at  104  2   RLX: 0.007
       a =  2.000      CL = -0.2857
      Cm =  0.1163     CD =  0.52947   =>   CDf =  0.00175    CDp =  0.52772

 Side 1  free  transition at x/c =  0.0462   12
 Side 2  free  transition at x/c =  0.8272   67

 160   rms: 0.1335E+02   max: -.9925E+02   C at   99  2   RLX: 0.005
       a =  2.000      CL = -0.2898
      Cm =  0.1133     CD =  0.63909   =>   CDf =  0.00174    CDp =  0.63735

 Side 1  free  transition at x/c =  0.0462   12
 Side 2  free  transition at x/c =  0.8237   67

 161   rms: 0.5239E+02   max: -.4653E+03   C at   98  2   RLX: 0.001
       a =  2.000      CL = -0.2929
      Cm =  0.1124     CD =  0.65782   =>   CDf =  0.00170    CDp =  0.65612

 Side 1  free  transition at x/c =  0.0462   12
 Side 2  free  transition at x/c =  0.8204   67

 162   rms: 0.1044E+03   max: -.9537E+03   C at   98  2   RLX: 0.001
       a =  2.000      CL = -0.2937
      Cm =  0.1117     CD =  0.66146   =>   CDf =  0.00169    CDp =  0.65977

 Side 1  free  transition at x/c =  0.0462   12
 Side 2  free  transition at x/c =  0.8184   67

 163   rms: 0.1601E+03   max: -.1468E+04   C at   98  2   RLX: 0.000
       a =  2.000      CL = -0.2944
      Cm =  0.1112     CD =  0.66256   =>   CDf =  0.00168    CDp =  0.66088

 Side 1  free  transition at x/c =  0.0462   12
 Side 2  free  transition at x/c =  0.8169   67

 164   rms: 0.2321E+03   max: -.2128E+04   C at   98  2   RLX: 0.000
       a =  2.000      CL = -0.2948
      Cm =  0.1109     CD =  0.66296   =>   CDf =  0.00168    CDp =  0.66128

 Side 1  free  transition at x/c =  0.0462   12
 Side 2  free  transition at x/c =  0.8159   67

 165   rms: 0.3429E+03   max: -.3140E+04   C at   98  2   RLX: 0.000
       a =  2.000      CL = -0.2952
      Cm =  0.1106     CD =  0.66313   =>   CDf =  0.00168    CDp =  0.66145

 Side 1  free  transition at x/c =  0.0462   12
 Side 2  free  transition at x/c =  0.8152   66

 166   rms: 0.5192E+03   max: -.4728E+04   C at   98  2   RLX: 0.000
       a =  2.000      CL = -0.2958
      Cm =  0.1105     CD =  0.66326   =>   CDf =  0.00168    CDp =  0.66158

 Side 1  free  transition at x/c =  0.0462   12
 Side 2  free  transition at x/c =  0.8141   66

 167   rms: 0.7602E+03   max: -.6934E+04   C at   98  2   RLX: 0.000
       a =  2.000      CL = -0.2962
      Cm =  0.1104     CD =  0.66333   =>   CDf =  0.00167    CDp =  0.66166

 Side 1  free  transition at x/c =  0.0462   12
 Side 2  free  transition at x/c =  0.8134   66

 168   rms: 0.1067E+04   max: -.9727E+04   C at   98  2   RLX: 0.000
       a =  2.000      CL = -0.2965
      Cm =  0.1103     CD =  0.66339   =>   CDf =  0.00167    CDp =  0.66172

 Side 1  free  transition at x/c =  0.0463   12
 Side 2  free  transition at x/c =  0.8129   66

 169   rms: 0.1362E+04   max: -.1240E+05   C at   98  2   RLX: 0.000
       a =  2.000      CL = -0.2968
      Cm =  0.1102     CD =  0.66345   =>   CDf =  0.00167    CDp =  0.66178

 Side 1  free  transition at x/c =  0.0463   12
 Side 2  free  transition at x/c =  0.8125   66

 170   rms: 0.1661E+04   max: -.1512E+05   C at   98  2   RLX: 0.000
       a =  2.000      CL = -0.2970
      Cm =  0.1102     CD =  0.66350   =>   CDf =  0.00167    CDp =  0.66183

 Side 1  free  transition at x/c =  0.0463   12
 Side 2  free  transition at x/c =  0.8122   66

 171   rms: 0.2002E+04   max: -.1822E+05   C at   98  2   RLX: 0.000
       a =  2.000      CL = -0.2972
      Cm =  0.1101     CD =  0.66355   =>   CDf =  0.00167    CDp =  0.66188

 Side 1  free  transition at x/c =  0.0463   12
 Side 2  free  transition at x/c =  0.8119   66

 172   rms: 0.2336E+04   max: -.2125E+05   C at   98  2   RLX: 0.000
       a =  2.000      CL = -0.2974
      Cm =  0.1101     CD =  0.66359   =>   CDf =  0.00167    CDp =  0.66192

 Side 1  free  transition at x/c =  0.0463   12
 Side 2  free  transition at x/c =  0.8117   66

 173   rms: 0.2706E+04   max: -.2460E+05   C at   98  2   RLX: 0.000
       a =  2.000      CL = -0.2975
      Cm =  0.1100     CD =  0.66363   =>   CDf =  0.00167    CDp =  0.66197

 Side 1  free  transition at x/c =  0.0463   12
 Side 2  free  transition at x/c =  0.8115   66

 174   rms: 0.3078E+04   max: -.2798E+05   C at   98  2   RLX: 0.000
       a =  2.000      CL = -0.2976
      Cm =  0.1100     CD =  0.66367   =>   CDf =  0.00167    CDp =  0.66200

 Side 1  free  transition at x/c =  0.0463   12
 Side 2  free  transition at x/c =  0.8113   66

 175   rms: 0.3548E+04   max: -.3224E+05   C at   98  2   RLX: 0.000
       a =  2.000      CL = -0.2978
      Cm =  0.1099     CD =  0.66370   =>   CDf =  0.00167    CDp =  0.66204

 Side 1  free  transition at x/c =  0.0463   12
 Side 2  free  transition at x/c =  0.8111   66

 176   rms: 0.4030E+04   max: -.3661E+05   C at   98  2   RLX: 0.000
       a =  2.000      CL = -0.2979
      Cm =  0.1099     CD =  0.66374   =>   CDf =  0.00167    CDp =  0.66207

 Side 1  free  transition at x/c =  0.0463   12
 Side 2  free  transition at x/c =  0.8110   66

 177   rms: 0.4505E+04   max: -.4091E+05   C at   98  2   RLX: 0.000
       a =  2.000      CL = -0.2979
      Cm =  0.1099     CD =  0.66377   =>   CDf =  0.00167    CDp =  0.66210

 Side 1  free  transition at x/c =  0.0463   12
 Side 2  free  transition at x/c =  0.8109   66

 178   rms: 0.5070E+04   max: -.4604E+05   C at   98  2   RLX: 0.000
       a =  2.000      CL = -0.2980
      Cm =  0.1099     CD =  0.66379   =>   CDf =  0.00167    CDp =  0.66213

 Side 1  free  transition at x/c =  0.0463   12
 Side 2  free  transition at x/c =  0.8108   66

 179   rms: 0.5675E+04   max: -.5153E+05   C at   98  2   RLX: 0.000
       a =  2.000      CL = -0.2981
      Cm =  0.1098     CD =  0.66382   =>   CDf =  0.00167    CDp =  0.66215

 Side 1  free  transition at x/c =  0.0463   12
 Side 2  free  transition at x/c =  0.8107   66

 180   rms: 0.6317E+04   max: -.5735E+05   C at   98  2   RLX: 0.000
       a =  2.000      CL = -0.2982
      Cm =  0.1098     CD =  0.66384   =>   CDf =  0.00167    CDp =  0.66218

 Side 1  free  transition at x/c =  0.0463   12
 Side 2  free  transition at x/c =  0.8106   66

 181   rms: 0.7017E+04   max: -.6370E+05   C at   98  2   RLX: 0.000
       a =  2.000      CL = -0.2982
      Cm =  0.1098     CD =  0.66386   =>   CDf =  0.00167    CDp =  0.66220

 Side 1  free  transition at x/c =  0.0463   12
 Side 2  free  transition at x/c =  0.8105   66

 182   rms: 0.7646E+04   max: -.6941E+05   C at   98  2   RLX: 0.000
       a =  2.000      CL = -0.2983
      Cm =  0.1098     CD =  0.66388   =>   CDf =  0.00167    CDp =  0.66222

 MRCHDU: Convergence failed at  97  side 2    Res =  0.4626E-02
 Side 1  free  transition at x/c =  0.0463   12
 Side 2  free  transition at x/c =  0.8104   66

 183   rms: 0.8379E+04   max: -.7605E+05   C at   98  2   RLX: 0.000
       a =  2.000      CL = -0.2983
      Cm =  0.1098     CD =  0.66390   =>   CDf =  0.00167    CDp =  0.66224

 MRCHDU: Convergence failed at  97  side 2    Res =  0.5659E-01
 Side 1  free  transition at x/c =  0.0463   12
 Side 2  free  transition at x/c =  0.8104   66

 184   rms: 0.8971E+04   max: -.8142E+05   C at   98  2   RLX: 0.000
       a =  2.000      CL = -0.2984
      Cm =  0.1097     CD =  0.66392   =>   CDf =  0.00167    CDp =  0.66225

 MRCHDU: Convergence failed at  97  side 2    Res =  0.1085E+00
 Side 1  free  transition at x/c =  0.0463   12
 Side 2  free  transition at x/c =  0.8103   66

 185   rms: 0.9784E+04   max: -.8880E+05   C at   98  2   RLX: 0.000
       a =  2.000      CL = -0.2984
      Cm =  0.1097     CD =  0.66394   =>   CDf =  0.00167    CDp =  0.66228

 MRCHDU: Convergence failed at  96  side 2    Res =  0.4637E-01
 MRCHDU: Convergence failed at  97  side 2    Res =  0.1103E+00
 Side 1  free  transition at x/c =  0.0463   12
 Side 2  free  transition at x/c =  0.8102   66

 186   rms: 0.1061E+05   max: -.9631E+05   C at   98  2   RLX: 0.000
       a =  2.000      CL = -0.2985
      Cm =  0.1097     CD =  0.66396   =>   CDf =  0.00167    CDp =  0.66229

 MRCHDU: Convergence failed at  96  side 2    Res =  0.9791E-01
 MRCHDU: Convergence failed at  97  side 2    Res =  0.1104E+00
 Side 1  free  transition at x/c =  0.0463   12
 Side 2  free  transition at x/c =  0.8102   66

 187   rms: 0.1148E+05   max: -.1042E+06   C at   98  2   RLX: 0.000
       a =  2.000      CL = -0.2985
      Cm =  0.1097     CD =  0.66397   =>   CDf =  0.00167    CDp =  0.66231

 MRCHDU: Convergence failed at  96  side 2    Res =  0.1494E+00
 MRCHDU: Convergence failed at  97  side 2    Res =  0.5903E+00
 Side 1  free  transition at x/c =  0.0463   12
 Side 2  free  transition at x/c =  0.8101   66

 188   rms: 0.9921E+02   max: -.4912E+03   D at   66  2   RLX: 0.001
       a =  2.000      CL = -0.3107
      Cm =  0.1057     CD =  0.80801   =>   CDf =  0.00167    CDp =  0.80635

 MRCHDU: Convergence failed at  66  side 2    Res =  0.4125E+01
 Side 1  free  transition at x/c =  0.0464   12
 Side 2  free  transition at x/c =  0.8082   66

 189   rms: 0.2050E+02   max: 0.1002E+03   D at   66  2   RLX: 0.009
       a =  2.000      CL = -0.2890
      Cm =  0.1191     CD =  0.89286   =>   CDf =  0.00161    CDp =  0.89124

 Side 1  free  transition at x/c =  0.0460   12
 Side 2  free  transition at x/c =  0.8364   68

 190   rms: 0.8335E+01   max: -.2542E+02   C at   68  2   RLX: 0.020
       a =  2.000      CL = -0.3336
      Cm =  0.1107     CD =  0.94151   =>   CDf =  0.00170    CDp =  0.93981

 Side 1  free  transition at x/c =  0.0465   12
 Side 2  free  transition at x/c =  0.7738   64

 191   rms: 0.3235E+02   max: 0.2725E+03   C at   64  2   RLX: 0.002
       a =  2.000      CL = -0.3322
      Cm =  0.1090     CD =  0.96013   =>   CDf =  0.00168    CDp =  0.95845

 MRCHDU: Convergence failed at  66  side 2    Res =  0.1892E+01
 MRCHDU: Convergence failed at  68  side 2    Res =  0.2809E+01
 MRCHDU: Convergence failed at  69  side 2    Res =  0.1046E+01
 MRCHDU: Convergence failed at  70  side 2    Res =  0.2922E+01
 MRCHDU: Convergence failed at  71  side 2    Res =  0.1836E+01
 MRCHDU: Convergence failed at  72  side 2    Res =  0.2307E+01
 MRCHDU: Convergence failed at  73  side 2    Res =  0.4569E+01
 Side 1  free  transition at x/c =  0.0464   12
 Side 2  free  transition at x/c =  0.8223   67

 192   rms: 0.3105E+02   max: 0.5838E+03   C at   67  2   RLX: 0.003
       a =  2.000      CL = -0.3639
      Cm =  0.1301     CD =  0.98174   =>   CDf =  0.00165    CDp =  0.98009

 Side 1  free  transition at x/c =  0.0462   12
 Side 2  free  transition at x/c =  0.8136   66

 193   rms: 0.2043E+02   max: -.9295E+02   C at   66  2   RLX: 0.005
       a =  2.000      CL = -0.3442
      Cm =  0.1309     CD =  0.94918   =>   CDf =  0.00192    CDp =  0.94726

 MRCHDU: Convergence failed at  76  side 2    Res =  0.1751E+01
 MRCHDU: Convergence failed at  77  side 2    Res =  0.2285E+01
 MRCHDU: Convergence failed at  78  side 2    Res =  0.2137E+01
 MRCHDU: Convergence failed at  79  side 2    Res =  0.3923E+01
 TRCHEK2: N2 convergence failed.
 x:  0.98924  0.98924  0.99709  N:  8.763  9.000993.203  Nx:  26.066   dN:-0.985E+03
 TRCHEK2: N2 convergence failed.
 x:  0.98924  0.98924  0.99709  N:  8.763  9.000*******  Nx:  24.749   dN:-0.138E+04
 TRCHEK2: N2 convergence failed.
 x:  0.98924  0.98924  0.99709  N:  8.763  9.000*******  Nx:  24.963   dN:-0.129E+04
 TRCHEK2: N2 convergence failed.
 x:  0.98924  0.98924  0.99709  N:  8.763  9.000*******  Nx:  24.989   dN:-0.128E+04
 TRCHEK2: N2 convergence failed.
 x:  0.98924  0.98924  0.99709  N:  8.763  9.000*******  Nx:  24.990   dN:-0.128E+04
 Side 1  free  transition at x/c =  0.0460   12
 TRCHEK2: N2 convergence failed.
 x:  0.98924  0.98924  0.99709  N:  8.763  9.000*******  Nx:  24.990   dN:-0.128E+04
 Side 2  free  transition at x/c =  0.9861   80

 194   rms: 0.1543E+04   max: 0.1451E+05   C at   81  2   RLX: 0.000
       a =  2.000      CL = -0.3524
      Cm =  0.1420     CD =  0.96094   =>   CDf =  0.00161    CDp =  0.95933

 TRCHEK2: N2 convergence failed.
 x:  0.98916  0.98917  0.99701  N:  8.014  9.000*******  Nx:  28.960   dN:-0.126E+04
 TRCHEK2: N2 convergence failed.
 x:  0.98916  0.98917  0.99701  N:  8.014  9.000*******  Nx:  29.002   dN:-0.125E+04
 TRCHEK2: N2 convergence failed.
 x:  0.98916  0.98917  0.99701  N:  8.014  9.000*******  Nx:  29.006   dN:-0.125E+04
 TRCHEK2: N2 convergence failed.
 x:  0.98916  0.98917  0.99701  N:  8.014  9.000*******  Nx:  29.006   dN:-0.125E+04
 Side 1  free  transition at x/c =  0.0459   12
 TRCHEK2: N2 convergence failed.
 x:  0.98916  0.98917  0.99701  N:  8.014  9.000*******  Nx:  29.006   dN:-0.125E+04
 Side 2  free  transition at x/c =  0.9861   80

 195   rms: 0.3087E+02   max: -.1838E+03   C at   81  2   RLX: 0.003
       a =  2.000      CL = -0.3772
      Cm =  0.1404     CD =  0.98087   =>   CDf =  0.00164    CDp =  0.97923

 Side 1  free  transition at x/c =  0.0462   12
 Side 2  free  transition at x/c =  0.8122   66

 196   rms: 0.4163E+03   max: -.7945E+04   C at   66  2   RLX: 0.000
       a =  2.000      CL = -0.3789
      Cm =  0.1406     CD =  0.96747   =>   CDf =  0.00199    CDp =  0.96548

 Side 1  free  transition at x/c =  0.0462   12
 Side 2  free  transition at x/c =  0.8136   66

 197   rms: 0.7087E+03   max: -.1268E+05   C at   66  2   RLX: 0.000
       a =  2.000      CL = -0.3787
      Cm =  0.1408     CD =  0.96738   =>   CDf =  0.00194    CDp =  0.96543

 Side 1  free  transition at x/c =  0.0462   12
 Side 2  free  transition at x/c =  0.8145   66

 198   rms: 0.1247E+04   max: -.2091E+05   C at   66  2   RLX: 0.000
       a =  2.000      CL = -0.3785
      Cm =  0.1410     CD =  0.96726   =>   CDf =  0.00191    CDp =  0.96535

 Side 1  free  transition at x/c =  0.0462   12
 Side 2  free  transition at x/c =  0.8152   66

 199   rms: 0.3276E+04   max: -.5133E+05   C at   66  2   RLX: 0.000
       a =  2.000      CL = -0.3784
      Cm =  0.1411     CD =  0.96714   =>   CDf =  0.00187    CDp =  0.96527

 Side 1  free  transition at x/c =  0.0462   12
 Side 2  free  transition at x/c =  0.8125   66

 200   rms: 0.2881E+02   max: -.1537E+03   T at   66  2   RLX: 0.003
       a =  2.000      CL = -0.3549
      Cm =  0.1409     CD =  0.94862   =>   CDf =  0.00211    CDp =  0.94651

 Side 1  free  transition at x/c =  0.0459   12
 Side 2  free  transition at x/c =  0.8428   68

 201   rms: 0.2869E+02   max: -.2088E+03   C at   68  2   RLX: 0.002
       a =  2.000      CL = -0.3730
      Cm =  0.1392     CD =  0.97540   =>   CDf =  0.00212    CDp =  0.97328

 Side 1  free  transition at x/c =  0.0462   12
 Side 2  free  transition at x/c =  0.8103   66

 202   rms: 0.5105E+02   max: 0.2562E+03   C at   66  2   RLX: 0.002
       a =  2.000      CL = -0.3502
      Cm =  0.1396     CD =  0.94913   =>   CDf =  0.00212    CDp =  0.94701

 Side 1  free  transition at x/c =  0.0459   12
 Side 2  free  transition at x/c =  0.8315   68

 203   rms: 0.1485E+02   max: 0.4829E+02   T at   68  2   RLX: 0.011
       a =  2.000      CL = -0.4000
      Cm =  0.1357     CD =  0.99350   =>   CDf =  0.00211    CDp =  0.99140

 Side 1  free  transition at x/c =  0.0465   11
 Side 2  free  transition at x/c =  0.0828   16

 204   rms: 0.5601E+02   max: -.1112E+04   C at   16  2   RLX: 0.000
       a =  2.000      CL = -0.4099
      Cm =  0.1376     CD =  0.98041   =>   CDf =  0.00388    CDp =  0.97653

 Side 1  free  transition at x/c =  0.0465   11
 Side 2  free  transition at x/c =  0.0672   15

 205   rms: 0.2342E+02   max: -.4816E+03   C at   15  2   RLX: 0.001
       a =  2.000      CL = -0.4075
      Cm =  0.1375     CD =  0.97844   =>   CDf =  0.00392    CDp =  0.97452
 VISCAL:  Convergence failed
      9.000   14.2241   0.978436   0.000210   0.000000  -0.000210    0.0465     #
 Calculating wake trajectory ...
 Calculating source influence matrix ...

 Solving BL system ...

 Side 1  free  transition at x/c =  0.0465   11
 Side 2  free  transition at x/c =  0.0734   16

   1   rms: 0.1713E+02   max: -.2399E+03   C at   16  2   RLX: 0.002
       a =  3.000      CL = -0.4011
      Cm =  0.1376     CD =  0.97478   =>   CDf =  0.00398    CDp =  0.97081

 Side 1  free  transition at x/c =  0.0464   12
 Side 2  free  transition at x/c =  0.0853   16

   2   rms: 0.4088E+02   max: -.6582E+03   T at    2  1   RLX: 0.001
       a =  3.000      CL = -0.3984
      Cm =  0.1379     CD =  0.97649   =>   CDf =  0.00389    CDp =  0.97259

 Side 1  free  transition at x/c =  0.0464   12
 Side 2  free  transition at x/c =  0.0932   16

   3   rms: 0.4830E+02   max: -.1193E+04   C at   16  2   RLX: 0.000
       a =  3.000      CL = -0.3972
      Cm =  0.1379     CD =  0.97663   =>   CDf =  0.00387    CDp =  0.97276

 Side 1  free  transition at x/c =  0.0464   12
 Side 2  free  transition at x/c =  0.0977   16

   4   rms: 0.7912E+02   max: -.1937E+04   C at   16  2   RLX: 0.000
       a =  3.000      CL = -0.3963
      Cm =  0.1380     CD =  0.97675   =>   CDf =  0.00385    CDp =  0.97289

 Side 1  free  transition at x/c =  0.0464   12
 Side 2  free  transition at x/c =  0.1046   17

   5   rms: 0.1063E+03   max: -.2628E+04   C at   17  2   RLX: 0.000
       a =  3.000      CL = -0.3952
      Cm =  0.1380     CD =  0.97670   =>   CDf =  0.00384    CDp =  0.97286

 Side 1  free  transition at x/c =  0.0463   12
 Side 2  free  transition at x/c =  0.1117   17

   6   rms: 0.2157E+03   max: -.5261E+04   C at   17  2   RLX: 0.000
       a =  3.000      CL = -0.3948
      Cm =  0.1381     CD =  0.97686   =>   CDf =  0.00382    CDp =  0.97304

 Side 1  free  transition at x/c =  0.0463   12
 Side 2  free  transition at x/c =  0.1279   19

   7   rms: 0.5686E+03   max: -.1333E+05   C at   19  2   RLX: 0.000
       a =  3.000      CL = -0.3947
      Cm =  0.1381     CD =  0.97692   =>   CDf =  0.00378    CDp =  0.97314

 Side 1  free  transition at x/c =  0.0463   12
 Side 2  free  transition at x/c =  0.1385   19

   8   rms: 0.1249E+04   max: -.3049E+05   C at   19  2   RLX: 0.000
       a =  3.000      CL = -0.3945
      Cm =  0.1381     CD =  0.97699   =>   CDf =  0.00376    CDp =  0.97324

 Side 1  free  transition at x/c =  0.0463   12
 Side 2  free  transition at x/c =  0.1454   20

   9   rms: 0.1107E+04   max: -.2708E+05   C at   20  2   RLX: 0.000
       a =  3.000      CL = -0.3944
      Cm =  0.1381     CD =  0.97693   =>   CDf =  0.00374    CDp =  0.97320

 Side 1  free  transition at x/c =  0.0463   12
 Side 2  free  transition at x/c =  0.1551   21

  10   rms: 0.1744E+04   max: -.3956E+05   C at   21  2   RLX: 0.000
       a =  3.000      CL = -0.3943
      Cm =  0.1381     CD =  0.97689   =>   CDf =  0.00371    CDp =  0.97317

 Side 1  free  transition at x/c =  0.0463   12
 Side 2  free  transition at x/c =  0.1657   21

  11   rms: 0.3731E+04   max: -.8999E+05   C at   21  2   RLX: 0.000
       a =  3.000      CL = -0.3942
      Cm =  0.1381     CD =  0.97694   =>   CDf =  0.00369    CDp =  0.97325

 Side 1  free  transition at x/c =  0.0463   12
 Side 2  free  transition at x/c =  0.1730   22

  12   rms: 0.3505E+04   max: -.8467E+05   C at   22  2   RLX: 0.000
       a =  3.000      CL = -0.3941
      Cm =  0.1381     CD =  0.97690   =>   CDf =  0.00367    CDp =  0.97323

 Side 1  free  transition at x/c =  0.0463   12
 Side 2  free  transition at x/c =  0.1830   22

  13   rms: 0.1044E+05   max: -.2452E+06   C at   22  2   RLX: 0.000
       a =  3.000      CL = -0.3940
      Cm =  0.1381     CD =  0.97692   =>   CDf =  0.00364    CDp =  0.97328

 Side 1  free  transition at x/c =  0.0463   12
 Side 2  free  transition at x/c =  0.1902   23

  14   rms: 0.1017E+05   max: -.2464E+06   C at   23  2   RLX: 0.000
       a =  3.000      CL = -0.3940
      Cm =  0.1381     CD =  0.97690   =>   CDf =  0.00362    CDp =  0.97327

 Side 1  free  transition at x/c =  0.0463   12
 Side 2  free  transition at x/c =  0.1996   24

  15   rms: 0.1055E+05   max: 0.2459E+06   C at   24  2   RLX: 0.000
       a =  3.000      CL = -0.3940
      Cm =  0.1381     CD =  0.97717   =>   CDf =  0.00360    CDp =  0.97357

 Side 1  free  transition at x/c =  0.0463   12
 Side 2  free  transition at x/c =  0.1830   22

  16   rms: 0.9132E+04   max: -.2150E+06   C at   22  2   RLX: 0.000
       a =  3.000      CL = -0.3940
      Cm =  0.1381     CD =  0.97693   =>   CDf =  0.00364    CDp =  0.97329

 Side 1  free  transition at x/c =  0.0463   12
 Side 2  free  transition at x/c =  0.1902   23

  17   rms: 0.1281E+05   max: -.3096E+06   C at   23  2   RLX: 0.000
       a =  3.000      CL = -0.3940
      Cm =  0.1381     CD =  0.97691   =>   CDf =  0.00362    CDp =  0.97328

 Side 1  free  transition at x/c =  0.0463   12
 Side 2  free  transition at x/c =  0.1986   24

  18   rms: 0.1697E+06   max: 0.3934E+07   C at   24  2   RLX: 0.000
       a =  3.000      CL = -0.3939
      Cm =  0.1381     CD =  0.97699   =>   CDf =  0.00360    CDp =  0.97339

 Side 1  free  transition at x/c =  0.0463   12
 Side 2  free  transition at x/c =  0.1976   23

  19   rms: 0.1946E+06   max: 0.4473E+07   C at   23  2   RLX: 0.000
       a =  3.000      CL = -0.3940
      Cm =  0.1381     CD =  0.97700   =>   CDf =  0.00360    CDp =  0.97340

 Side 1  free  transition at x/c =  0.0463   12
 Side 2  free  transition at x/c =  0.1954   23

  20   rms: 0.7290E+05   max: -.1708E+07   C at   23  2   RLX: 0.000
       a =  3.000      CL = -0.3939
      Cm =  0.1381     CD =  0.97693   =>   CDf =  0.00361    CDp =  0.97332

 Side 1  free  transition at x/c =  0.0463   12
 Side 2  free  transition at x/c =  0.2016   24

  21   rms: 0.7793E+05   max: -.1856E+07   C at   24  2   RLX: 0.000
       a =  3.000      CL = -0.3939
      Cm =  0.1381     CD =  0.97694   =>   CDf =  0.00359    CDp =  0.97335

 Side 1  free  transition at x/c =  0.0463   12
 Side 2  free  transition at x/c =  0.2055   24

  22   rms: 0.2187E+05   max: -.5257E+06   C at   24  2   RLX: 0.000
       a =  3.000      CL = -0.3938
      Cm =  0.1381     CD =  0.97689   =>   CDf =  0.00359    CDp =  0.97330

 Side 1  free  transition at x/c =  0.0463   12
 Side 2  free  transition at x/c =  0.2123   24

  23   rms: 0.4271E+03   max: -.9949E+04   C at   24  2   RLX: 0.000
       a =  3.000      CL = -0.3935
      Cm =  0.1381     CD =  0.97670   =>   CDf =  0.00357    CDp =  0.97313

 Side 1  free  transition at x/c =  0.0463   12
 Side 2  free  transition at x/c =  0.2366   26

  24   rms: 0.4111E+03   max: -.9655E+04   C at   26  2   RLX: 0.000
       a =  3.000      CL = -0.3937
      Cm =  0.1380     CD =  0.97664   =>   CDf =  0.00351    CDp =  0.97313

 Side 1  free  transition at x/c =  0.0463   12
 Side 2  free  transition at x/c =  0.2415   27

  25   rms: 0.4861E+03   max: -.1117E+05   C at   27  2   RLX: 0.000
       a =  3.000      CL = -0.3934
      Cm =  0.1380     CD =  0.97656   =>   CDf =  0.00350    CDp =  0.97306

 Side 1  free  transition at x/c =  0.0463   12
 Side 2  free  transition at x/c =  0.2593   28

  26   rms: 0.1727E+04   max: -.4055E+05   C at   28  2   RLX: 0.000
       a =  3.000      CL = -0.3933
      Cm =  0.1380     CD =  0.97665   =>   CDf =  0.00345    CDp =  0.97321

 Side 1  free  transition at x/c =  0.0463   12
 Side 2  free  transition at x/c =  0.2694   28

  27   rms: 0.2819E+04   max: -.6299E+05   C at   28  2   RLX: 0.000
       a =  3.000      CL = -0.3932
      Cm =  0.1380     CD =  0.97667   =>   CDf =  0.00342    CDp =  0.97325

 Side 1  free  transition at x/c =  0.0463   12
 Side 2  free  transition at x/c =  0.2768   29

  28   rms: 0.2364E+04   max: -.5500E+05   C at   29  2   RLX: 0.000
       a =  3.000      CL = -0.3932
      Cm =  0.1380     CD =  0.97663   =>   CDf =  0.00340    CDp =  0.97323

 Side 1  free  transition at x/c =  0.0463   12
 Side 2  free  transition at x/c =  0.2858   30

  29   rms: 0.2856E+04   max: -.6647E+05   C at   30  2   RLX: 0.000
       a =  3.000      CL = -0.3931
      Cm =  0.1380     CD =  0.97660   =>   CDf =  0.00338    CDp =  0.97322

 Side 1  free  transition at x/c =  0.0463   12
 Side 2  free  transition at x/c =  0.2953   30

  30   rms: 0.3950E+04   max: -.8946E+05   C at   30  2   RLX: 0.000
       a =  3.000      CL = -0.3930
      Cm =  0.1380     CD =  0.97662   =>   CDf =  0.00335    CDp =  0.97327

 Side 1  free  transition at x/c =  0.0463   12
 Side 2  free  transition at x/c =  0.3037   31

  31   rms: 0.5114E+04   max: -.1183E+06   C at   31  2   RLX: 0.000
       a =  3.000      CL = -0.3929
      Cm =  0.1380     CD =  0.97660   =>   CDf =  0.00333    CDp =  0.97327

 Side 1  free  transition at x/c =  0.0463   12
 Side 2  free  transition at x/c =  0.3133   32

  32   rms: 0.2014E+05   max: -.4631E+06   C at   32  2   RLX: 0.000
       a =  3.000      CL = -0.3928
      Cm =  0.1380     CD =  0.97659   =>   CDf =  0.00330    CDp =  0.97328

 Side 1  free  transition at x/c =  0.0463   12
 Side 2  free  transition at x/c =  0.3222   32

  33   rms: 0.2197E+05   max: -.4974E+06   C at   32  2   RLX: 0.000
       a =  3.000      CL = -0.3927
      Cm =  0.1380     CD =  0.97660   =>   CDf =  0.00328    CDp =  0.97332

 Side 1  free  transition at x/c =  0.0463   12
 Side 2  free  transition at x/c =  0.3312   33

  34   rms: 0.4269E+05   max: 0.9850E+06   C at   33  2   RLX: 0.000
       a =  3.000      CL = -0.3927
      Cm =  0.1380     CD =  0.97675   =>   CDf =  0.00326    CDp =  0.97349

 Side 1  free  transition at x/c =  0.0463   12
 Side 2  free  transition at x/c =  0.3245   32

  35   rms: 0.5044E+05   max: -.1123E+07   C at   32  2   RLX: 0.000
       a =  3.000      CL = -0.3927
      Cm =  0.1380     CD =  0.97660   =>   CDf =  0.00327    CDp =  0.97333

 Side 1  free  transition at x/c =  0.0463   12
 Side 2  free  transition at x/c =  0.3329   33

  36   rms: 0.1319E+06   max: 0.3022E+07   C at   33  2   RLX: 0.000
       a =  3.000      CL = -0.3927
      Cm =  0.1380     CD =  0.97670   =>   CDf =  0.00325    CDp =  0.97345

 Side 1  free  transition at x/c =  0.0463   12
 Side 2  free  transition at x/c =  0.3303   33

  37   rms: 0.3486E+05   max: 0.8048E+06   C at   33  2   RLX: 0.000
       a =  3.000      CL = -0.3927
      Cm =  0.1380     CD =  0.97676   =>   CDf =  0.00326    CDp =  0.97350

 Side 1  free  transition at x/c =  0.0463   12
 Side 2  free  transition at x/c =  0.3232   32

  38   rms: 0.3167E+05   max: -.7115E+06   C at   32  2   RLX: 0.000
       a =  3.000      CL = -0.3927
      Cm =  0.1380     CD =  0.97660   =>   CDf =  0.00328    CDp =  0.97332

 Side 1  free  transition at x/c =  0.0463   12
 Side 2  free  transition at x/c =  0.3317   33

  39   rms: 0.4779E+05   max: 0.1100E+07   C at   33  2   RLX: 0.000
       a =  3.000      CL = -0.3927
      Cm =  0.1380     CD =  0.97674   =>   CDf =  0.00325    CDp =  0.97349

 Side 1  free  transition at x/c =  0.0463   12
 Side 2  free  transition at x/c =  0.3255   32

  40   rms: 0.2865E+05   max: -.6334E+06   C at   32  2   RLX: 0.000
       a =  3.000      CL = -0.3926
      Cm =  0.1380     CD =  0.97661   =>   CDf =  0.00327    CDp =  0.97334

 Side 1  free  transition at x/c =  0.0463   12
 Side 2  free  transition at x/c =  0.3336   33

  41   rms: 0.8594E+05   max: 0.1962E+07   C at   33  2   RLX: 0.000
       a =  3.000      CL = -0.3926
      Cm =  0.1380     CD =  0.97672   =>   CDf =  0.00325    CDp =  0.97347

 Side 1  free  transition at x/c =  0.0463   12
 Side 2  free  transition at x/c =  0.3297   33

  42   rms: 0.3015E+05   max: 0.6955E+06   C at   33  2   RLX: 0.000
       a =  3.000      CL = -0.3927
      Cm =  0.1380     CD =  0.97676   =>   CDf =  0.00326    CDp =  0.97351

 Side 1  free  transition at x/c =  0.0463   12
 Side 2  free  transition at x/c =  0.3223   32

  43   rms: 0.2453E+05   max: -.5542E+06   C at   32  2   RLX: 0.000
       a =  3.000      CL = -0.3926
      Cm =  0.1380     CD =  0.97660   =>   CDf =  0.00328    CDp =  0.97332

 Side 1  free  transition at x/c =  0.0463   12
 Side 2  free  transition at x/c =  0.3309   33

  44   rms: 0.4265E+05   max: 0.9827E+06   C at   33  2   RLX: 0.000
       a =  3.000      CL = -0.3926
      Cm =  0.1380     CD =  0.97674   =>   CDf =  0.00325    CDp =  0.97349

 Side 1  free  transition at x/c =  0.0463   12
 Side 2  free  transition at x/c =  0.3249   32

  45   rms: 0.2328E+05   max: -.5174E+06   C at   32  2   RLX: 0.000
       a =  3.000      CL = -0.3926
      Cm =  0.1380     CD =  0.97661   =>   CDf =  0.00327    CDp =  0.97334

 Side 1  free  transition at x/c =  0.0463   12
 Side 2  free  transition at x/c =  0.3329   33

  46   rms: 0.8847E+05   max: 0.2022E+07   C at   33  2   RLX: 0.000
       a =  3.000      CL = -0.3926
      Cm =  0.1380     CD =  0.97671   =>   CDf =  0.00325    CDp =  0.97346

 Side 1  free  transition at x/c =  0.0463   12
 Side 2  free  transition at x/c =  0.3295   33

  47   rms: 0.3045E+05   max: 0.7020E+06   C at   33  2   RLX: 0.000
       a =  3.000      CL = -0.3926
      Cm =  0.1380     CD =  0.97676   =>   CDf =  0.00326    CDp =  0.97350

 Side 1  free  transition at x/c =  0.0463   12
 Side 2  free  transition at x/c =  0.3227   32

  48   rms: 0.2492E+05   max: -.5620E+06   C at   32  2   RLX: 0.000
       a =  3.000      CL = -0.3926
      Cm =  0.1380     CD =  0.97660   =>   CDf =  0.00328    CDp =  0.97333

 Side 1  free  transition at x/c =  0.0463   12
 Side 2  free  transition at x/c =  0.3311   33

  49   rms: 0.4443E+05   max: 0.1022E+07   C at   33  2   RLX: 0.000
       a =  3.000      CL = -0.3926
      Cm =  0.1380     CD =  0.97674   =>   CDf =  0.00325    CDp =  0.97349

 Side 1  free  transition at x/c =  0.0463   12
 Side 2  free  transition at x/c =  0.3255   32

  50   rms: 0.2507E+05   max: -.5546E+06   C at   32  2   RLX: 0.000
       a =  3.000      CL = -0.3926
      Cm =  0.1380     CD =  0.97661   =>   CDf =  0.00327    CDp =  0.97334

 Side 1  free  transition at x/c =  0.0463   12
 Side 2  free  transition at x/c =  0.3334   33

  51   rms: 0.6242E+05   max: 0.1422E+07   C at   33  2   RLX: 0.000
       a =  3.000      CL = -0.3926
      Cm =  0.1380     CD =  0.97673   =>   CDf =  0.00325    CDp =  0.97348

 Side 1  free  transition at x/c =  0.0463   12
 Side 2  free  transition at x/c =  0.3288   33

  52   rms: 0.2539E+05   max: 0.5841E+06   C at   33  2   RLX: 0.000
       a =  3.000      CL = -0.3926
      Cm =  0.1380     CD =  0.97677   =>   CDf =  0.00326    CDp =  0.97351

 Side 1  free  transition at x/c =  0.0463   12
 Side 2  free  transition at x/c =  0.3217   32

  53   rms: 0.1896E+05   max: -.4305E+06   C at   32  2   RLX: 0.000
       a =  3.000      CL = -0.3926
      Cm =  0.1380     CD =  0.97661   =>   CDf =  0.00328    CDp =  0.97332

 Side 1  free  transition at x/c =  0.0463   12
 Side 2  free  transition at x/c =  0.3302   33

  54   rms: 0.4102E+05   max: 0.9443E+06   C at   33  2   RLX: 0.000
       a =  3.000      CL = -0.3926
      Cm =  0.1380     CD =  0.97674   =>   CDf =  0.00326    CDp =  0.97349

 Side 1  free  transition at x/c =  0.0463   12
 Side 2  free  transition at x/c =  0.3250   32

  55   rms: 0.2094E+05   max: -.4649E+06   C at   32  2   RLX: 0.000
       a =  3.000      CL = -0.3925
      Cm =  0.1380     CD =  0.97661   =>   CDf =  0.00327    CDp =  0.97334

 Side 1  free  transition at x/c =  0.0463   12
 Side 2  free  transition at x/c =  0.3329   33

  56   rms: 0.7009E+05   max: 0.1598E+07   C at   33  2   RLX: 0.000
       a =  3.000      CL = -0.3925
      Cm =  0.1380     CD =  0.97672   =>   CDf =  0.00325    CDp =  0.97348

 Side 1  free  transition at x/c =  0.0463   12
 Side 2  free  transition at x/c =  0.3291   33

  57   rms: 0.3013E+05   max: 0.6932E+06   C at   33  2   RLX: 0.000
       a =  3.000      CL = -0.3925
      Cm =  0.1380     CD =  0.97676   =>   CDf =  0.00326    CDp =  0.97350

 Side 1  free  transition at x/c =  0.0463   12
 Side 2  free  transition at x/c =  0.3231   32

  58   rms: 0.2259E+05   max: -.5083E+06   C at   32  2   RLX: 0.000
       a =  3.000      CL = -0.3925
      Cm =  0.1380     CD =  0.97661   =>   CDf =  0.00328    CDp =  0.97333

 Side 1  free  transition at x/c =  0.0463   12
 Side 2  free  transition at x/c =  0.3314   33

  59   rms: 0.4039E+05   max: 0.9271E+06   C at   33  2   RLX: 0.000
       a =  3.000      CL = -0.3925
      Cm =  0.1380     CD =  0.97675   =>   CDf =  0.00325    CDp =  0.97350

 Side 1  free  transition at x/c =  0.0463   12
 Side 2  free  transition at x/c =  0.3257   32

  60   rms: 0.2161E+05   max: -.4774E+06   C at   32  2   RLX: 0.000
       a =  3.000      CL = -0.3925
      Cm =  0.1380     CD =  0.97662   =>   CDf =  0.00327    CDp =  0.97335

 Side 1  free  transition at x/c =  0.0463   12
 Side 2  free  transition at x/c =  0.3336   33

  61   rms: 0.4633E+05   max: 0.1052E+07   C at   33  2   RLX: 0.000
       a =  3.000      CL = -0.3925
      Cm =  0.1380     CD =  0.97674   =>   CDf =  0.00325    CDp =  0.97350

 Side 1  free  transition at x/c =  0.0463   12
 Side 2  free  transition at x/c =  0.3281   33

  62   rms: 0.2437E+05   max: 0.5586E+06   C at   33  2   RLX: 0.000
       a =  3.000      CL = -0.3925
      Cm =  0.1380     CD =  0.97677   =>   CDf =  0.00326    CDp =  0.97351

 Side 1  free  transition at x/c =  0.0463   12
 Side 2  free  transition at x/c =  0.3220   32

  63   rms: 0.1641E+05   max: -.3722E+06   C at   32  2   RLX: 0.000
       a =  3.000      CL = -0.3925
      Cm =  0.1380     CD =  0.97661   =>   CDf =  0.00328    CDp =  0.97333

 Side 1  free  transition at x/c =  0.0463   12
 Side 2  free  transition at x/c =  0.3305   33

  64   rms: 0.4017E+05   max: 0.9229E+06   C at   33  2   RLX: 0.000
       a =  3.000      CL = -0.3925
      Cm =  0.1380     CD =  0.97675   =>   CDf =  0.00325    CDp =  0.97349

 Side 1  free  transition at x/c =  0.0463   12
 Side 2  free  transition at x/c =  0.3256   32

  65   rms: 0.1935E+05   max: -.4280E+06   C at   32  2   RLX: 0.000
       a =  3.000      CL = -0.3925
      Cm =  0.1380     CD =  0.97662   =>   CDf =  0.00327    CDp =  0.97335

 Side 1  free  transition at x/c =  0.0463   12
 Side 2  free  transition at x/c =  0.3334   33

  66   rms: 0.4806E+05   max: 0.1091E+07   C at   33  2   RLX: 0.000
       a =  3.000      CL = -0.3925
      Cm =  0.1380     CD =  0.97674   =>   CDf =  0.00325    CDp =  0.97350

 Side 1  free  transition at x/c =  0.0463   12
 Side 2  free  transition at x/c =  0.3286   33

  67   rms: 0.3024E+05   max: 0.6937E+06   C at   33  2   RLX: 0.000
       a =  3.000      CL = -0.3925
      Cm =  0.1380     CD =  0.97676   =>   CDf =  0.00326    CDp =  0.97350

 Side 1  free  transition at x/c =  0.0463   12
 Side 2  free  transition at x/c =  0.3236   32

  68   rms: 0.1888E+05   max: -.4240E+06   C at   32  2   RLX: 0.000
       a =  3.000      CL = -0.3925
      Cm =  0.1380     CD =  0.97662   =>   CDf =  0.00328    CDp =  0.97334

 Side 1  free  transition at x/c =  0.0463   12
 Side 2  free  transition at x/c =  0.3318   33

  69   rms: 0.2000E+06   max: 0.4566E+07   C at   33  2   RLX: 0.000
       a =  3.000      CL = -0.3924
      Cm =  0.1380     CD =  0.97670   =>   CDf =  0.00325    CDp =  0.97345

 Side 1  free  transition at x/c =  0.0463   12
 Side 2  free  transition at x/c =  0.3308   33

  70   rms: 0.3692E+05   max: 0.8469E+06   C at   33  2   RLX: 0.000
       a =  3.000      CL = -0.3925
      Cm =  0.1380     CD =  0.97675   =>   CDf =  0.00325    CDp =  0.97350

 Side 1  free  transition at x/c =  0.0463   12
 Side 2  free  transition at x/c =  0.3257   32

  71   rms: 0.1711E+05   max: -.3787E+06   C at   32  2   RLX: 0.000
       a =  3.000      CL = -0.3924
      Cm =  0.1380     CD =  0.97662   =>   CDf =  0.00327    CDp =  0.97335

 Side 1  free  transition at x/c =  0.0463   12
 Side 2  free  transition at x/c =  0.3325   33

  72   rms: 0.5692E+04   max: -.1296E+06   C at   33  2   RLX: 0.000
       a =  3.000      CL = -0.3924
      Cm =  0.1379     CD =  0.97659   =>   CDf =  0.00325    CDp =  0.97334

 Side 1  free  transition at x/c =  0.0463   12
 Side 2  free  transition at x/c =  0.3331   33

  73   rms: 0.1544E+04   max: -.3511E+05   C at   33  2   RLX: 0.000
       a =  3.000      CL = -0.3921
      Cm =  0.1379     CD =  0.97653   =>   CDf =  0.00325    CDp =  0.97329

 Side 1  free  transition at x/c =  0.0463   12
 Side 2  free  transition at x/c =  0.3343   33

  74   rms: 0.9451E+03   max: -.2139E+05   C at   33  2   RLX: 0.000
       a =  3.000      CL = -0.3918
      Cm =  0.1379     CD =  0.97647   =>   CDf =  0.00324    CDp =  0.97323

 Side 1  free  transition at x/c =  0.0463   12
 Side 2  free  transition at x/c =  0.3376   33

  75   rms: 0.8848E+03   max: -.1959E+05   C at   33  2   RLX: 0.000
       a =  3.000      CL = -0.3916
      Cm =  0.1379     CD =  0.97643   =>   CDf =  0.00323    CDp =  0.97320

 Side 1  free  transition at x/c =  0.0463   12
 Side 2  free  transition at x/c =  0.3383   33

  76   rms: 0.4968E+03   max: -.1096E+05   C at   33  2   RLX: 0.000
       a =  3.000      CL = -0.3913
      Cm =  0.1379     CD =  0.97631   =>   CDf =  0.00323    CDp =  0.97308

 Side 1  free  transition at x/c =  0.0463   12
 Side 2  free  transition at x/c =  0.3400   33

  77   rms: 0.3537E+03   max: -.7712E+04   C at   33  2   RLX: 0.000
       a =  3.000      CL = -0.3908
      Cm =  0.1379     CD =  0.97618   =>   CDf =  0.00323    CDp =  0.97295

 Side 1  free  transition at x/c =  0.0463   12
 Side 2  free  transition at x/c =  0.3489   34

  78   rms: 0.4449E+03   max: -.1010E+05   C at   34  2   RLX: 0.000
       a =  3.000      CL = -0.3905
      Cm =  0.1379     CD =  0.97615   =>   CDf =  0.00321    CDp =  0.97295

 Side 1  free  transition at x/c =  0.0463   12
 Side 2  free  transition at x/c =  0.3631   35

  79   rms: 0.5182E+03   max: -.1179E+05   C at   35  2   RLX: 0.000
       a =  3.000      CL = -0.3903
      Cm =  0.1379     CD =  0.97612   =>   CDf =  0.00317    CDp =  0.97295

 Side 1  free  transition at x/c =  0.0463   12
 Side 2  free  transition at x/c =  0.3615   35

  80   rms: 0.2251E+03   max: -.5140E+04   C at   35  2   RLX: 0.000
       a =  3.000      CL = -0.3896
      Cm =  0.1379     CD =  0.97582   =>   CDf =  0.00317    CDp =  0.97265

 Side 1  free  transition at x/c =  0.0463   12
 Side 2  free  transition at x/c =  0.3755   36

  81   rms: 0.5535E+03   max: -.1257E+05   C at   36  2   RLX: 0.000
       a =  3.000      CL = -0.3894
      Cm =  0.1379     CD =  0.97597   =>   CDf =  0.00314    CDp =  0.97284

 Side 1  free  transition at x/c =  0.0463   12
 Side 2  free  transition at x/c =  0.3767   36

  82   rms: 0.2992E+03   max: -.6761E+04   C at   36  2   RLX: 0.000
       a =  3.000      CL = -0.3889
      Cm =  0.1379     CD =  0.97576   =>   CDf =  0.00313    CDp =  0.97263

 Side 1  free  transition at x/c =  0.0463   12
 Side 2  free  transition at x/c =  0.3900   37

  83   rms: 0.1132E+04   max: -.2544E+05   C at   37  2   RLX: 0.000
       a =  3.000      CL = -0.3887
      Cm =  0.1379     CD =  0.97594   =>   CDf =  0.00309    CDp =  0.97284

 Side 1  free  transition at x/c =  0.0463   12
 Side 2  free  transition at x/c =  0.3998   38

  84   rms: 0.1595E+04   max: -.3612E+05   C at   38  2   RLX: 0.000
       a =  3.000      CL = -0.3886
      Cm =  0.1379     CD =  0.97592   =>   CDf =  0.00307    CDp =  0.97286

 Side 1  free  transition at x/c =  0.0463   12
 Side 2  free  transition at x/c =  0.4107   38

  85   rms: 0.2763E+04   max: -.5917E+05   C at   38  2   RLX: 0.000
       a =  3.000      CL = -0.3885
      Cm =  0.1379     CD =  0.97596   =>   CDf =  0.00304    CDp =  0.97292

 Side 1  free  transition at x/c =  0.0463   12
 Side 2  free  transition at x/c =  0.4203   39

  86   rms: 0.3279E+04   max: -.7248E+05   C at   39  2   RLX: 0.000
       a =  3.000      CL = -0.3884
      Cm =  0.1378     CD =  0.97594   =>   CDf =  0.00301    CDp =  0.97293

 Side 1  free  transition at x/c =  0.0463   12
 Side 2  free  transition at x/c =  0.4313   40

  87   rms: 0.6071E+04   max: -.1361E+06   C at   40  2   RLX: 0.000
       a =  3.000      CL = -0.3883
      Cm =  0.1378     CD =  0.97594   =>   CDf =  0.00298    CDp =  0.97296

 Side 1  free  transition at x/c =  0.0463   12
 Side 2  free  transition at x/c =  0.4421   40

  88   rms: 0.1266E+05   max: -.2650E+06   C at   40  2   RLX: 0.000
       a =  3.000      CL = -0.3882
      Cm =  0.1378     CD =  0.97596   =>   CDf =  0.00295    CDp =  0.97301

 Side 1  free  transition at x/c =  0.0463   12
 Side 2  free  transition at x/c =  0.4516   41

  89   rms: 0.4937E+05   max: -.1069E+07   C at   41  2   RLX: 0.000
       a =  3.000      CL = -0.3882
      Cm =  0.1378     CD =  0.97596   =>   CDf =  0.00293    CDp =  0.97303

 Side 1  free  transition at x/c =  0.0463   12
 Side 2  free  transition at x/c =  0.4616   42

  90   rms: 0.2696E+05   max: 0.5967E+06   C at   42  2   RLX: 0.000
       a =  3.000      CL = -0.3882
      Cm =  0.1378     CD =  0.97617   =>   CDf =  0.00290    CDp =  0.97327

 Side 1  free  transition at x/c =  0.0463   12
 Side 2  free  transition at x/c =  0.4492   41

  91   rms: 0.4799E+05   max: -.1054E+07   C at   41  2   RLX: 0.000
       a =  3.000      CL = -0.3882
      Cm =  0.1378     CD =  0.97597   =>   CDf =  0.00293    CDp =  0.97304

 Side 1  free  transition at x/c =  0.0463   12
 Side 2  free  transition at x/c =  0.4579   42

  92   rms: 0.1194E+05   max: 0.2668E+06   C at   42  2   RLX: 0.000
       a =  3.000      CL = -0.3882
      Cm =  0.1378     CD =  0.97625   =>   CDf =  0.00291    CDp =  0.97334

 Side 1  free  transition at x/c =  0.0463   12
 Side 2  free  transition at x/c =  0.4404   40

  93   rms: 0.9077E+04   max: -.1930E+06   C at   40  2   RLX: 0.000
       a =  3.000      CL = -0.3881
      Cm =  0.1378     CD =  0.97597   =>   CDf =  0.00296    CDp =  0.97301

 Side 1  free  transition at x/c =  0.0463   12
 Side 2  free  transition at x/c =  0.4502   41

  94   rms: 0.1358E+08   max: 0.2948E+09   C at   41  2   RLX: 0.000
       a =  3.000      CL = -0.3881
      Cm =  0.1378     CD =  0.97606   =>   CDf =  0.00293    CDp =  0.97314

 Side 1  free  transition at x/c =  0.0463   12
 Side 2  free  transition at x/c =  0.4501   41

  95   rms: 0.1926E+09   max: -.4182E+10   C at   41  2   RLX: 0.000
       a =  3.000      CL = -0.3881
      Cm =  0.1378     CD =  0.97607   =>   CDf =  0.00293    CDp =  0.97314

 Side 1  free  transition at x/c =  0.0463   12
 Side 2  free  transition at x/c =  0.4501   41

  96   rms: 0.2558E+09   max: -.5553E+10   C at   41  2   RLX: 0.000
       a =  3.000      CL = -0.3881
      Cm =  0.1378     CD =  0.97606   =>   CDf =  0.00293    CDp =  0.97314

 Side 1  free  transition at x/c =  0.0463   12
 Side 2  free  transition at x/c =  0.4501   41

  97   rms: 0.4408E+08   max: 0.9569E+09   C at   41  2   RLX: 0.000
       a =  3.000      CL = -0.3881
      Cm =  0.1378     CD =  0.97607   =>   CDf =  0.00293    CDp =  0.97314

 Side 1  free  transition at x/c =  0.0463   12
 Side 2  free  transition at x/c =  0.4501   41

  98   rms: 0.4609E+08   max: -.1001E+10   C at   41  2   RLX: 0.000
       a =  3.000      CL = -0.3881
      Cm =  0.1378     CD =  0.97606   =>   CDf =  0.00293    CDp =  0.97314

 Side 1  free  transition at x/c =  0.0463   12
 Side 2  free  transition at x/c =  0.4501   41

  99   rms: 0.7123E+08   max: 0.1546E+10   C at   41  2   RLX: 0.000
       a =  3.000      CL = -0.3881
      Cm =  0.1378     CD =  0.97607   =>   CDf =  0.00293    CDp =  0.97314

 Side 1  free  transition at x/c =  0.0463   12
 Side 2  free  transition at x/c =  0.4501   41

 100   rms: 0.1272E+09   max: -.2761E+10   C at   41  2   RLX: 0.000
       a =  3.000      CL = -0.3881
      Cm =  0.1378     CD =  0.97606   =>   CDf =  0.00293    CDp =  0.97314

 Side 1  free  transition at x/c =  0.0463   12
 Side 2  free  transition at x/c =  0.4501   41

 101   rms: 0.2344E+09   max: 0.5090E+10   C at   41  2   RLX: 0.000
       a =  3.000      CL = -0.3881
      Cm =  0.1378     CD =  0.97607   =>   CDf =  0.00293    CDp =  0.97314

 Side 1  free  transition at x/c =  0.0463   12
 Side 2  free  transition at x/c =  0.4501   41

 102   rms: 0.3472E+09   max: -.7537E+10   C at   41  2   RLX: 0.000
       a =  3.000      CL = -0.3881
      Cm =  0.1378     CD =  0.97606   =>   CDf =  0.00293    CDp =  0.97314

 Side 1  free  transition at x/c =  0.0463   12
 Side 2  free  transition at x/c =  0.4501   41

 103   rms: 0.7426E+09   max: 0.1612E+11   C at   41  2   RLX: 0.000
       a =  3.000      CL = -0.3881
      Cm =  0.1378     CD =  0.97607   =>   CDf =  0.00293    CDp =  0.97314

 Side 1  free  transition at x/c =  0.0463   12
 Side 2  free  transition at x/c =  0.4501   41

 104   rms: 0.1050E+10   max: -.2279E+11   C at   41  2   RLX: 0.000
       a =  3.000      CL = -0.3881
      Cm =  0.1378     CD =  0.97607   =>   CDf =  0.00293    CDp =  0.97314

 Side 1  free  transition at x/c =  0.0463   12
 Side 2  free  transition at x/c =  0.4501   41

 105   rms: 0.1960E+10   max: 0.4255E+11   C at   41  2   RLX: 0.000
       a =  3.000      CL = -0.3881
      Cm =  0.1378     CD =  0.97607   =>   CDf =  0.00293    CDp =  0.97314

 Side 1  free  transition at x/c =  0.0463   12
 Side 2  free  transition at x/c =  0.4501   41

 106   rms: 0.3627E+10   max: -.7875E+11   C at   41  2   RLX: 0.000
       a =  3.000      CL = -0.3881
      Cm =  0.1378     CD =  0.97607   =>   CDf =  0.00293    CDp =  0.97314

 Side 1  free  transition at x/c =  0.0463   12
 Side 2  free  transition at x/c =  0.4501   41

 107   rms: 0.5814E+10   max: 0.1262E+12   C at   41  2   RLX: 0.000
       a =  3.000      CL = -0.3881
      Cm =  0.1378     CD =  0.97607   =>   CDf =  0.00293    CDp =  0.97314

 Side 1  free  transition at x/c =  0.0463   12
 Side 2  free  transition at x/c =  0.4501   41

 108   rms: 0.5516E+10   max: -.1198E+12   C at   41  2   RLX: 0.000
       a =  3.000      CL = -0.3881
      Cm =  0.1378     CD =  0.97607   =>   CDf =  0.00293    CDp =  0.97314

 Side 1  free  transition at x/c =  0.0463   12
 Side 2  free  transition at x/c =  0.4501   41

 109   rms: 0.4290E+11   max: 0.9313E+12   C at   41  2   RLX: 0.000
       a =  3.000      CL = -0.3881
      Cm =  0.1378     CD =  0.97607   =>   CDf =  0.00293    CDp =  0.97314

 Side 1  free  transition at x/c =  0.0463   12
 Side 2  free  transition at x/c =  0.4501   41

 110   rms: 0.2538E+11   max: -.5510E+12   C at   41  2   RLX: 0.000
       a =  3.000      CL = -0.3881
      Cm =  0.1378     CD =  0.97607   =>   CDf =  0.00293    CDp =  0.97314

 Side 1  free  transition at x/c =  0.0463   12
 Side 2  free  transition at x/c =  0.4501   41

 111   rms: 0.6716E+12   max: 0.1458E+14   C at   41  2   RLX: 0.000
       a =  3.000      CL = -0.3881
      Cm =  0.1378     CD =  0.97607   =>   CDf =  0.00293    CDp =  0.97314

 Side 1  free  transition at x/c =  0.0463   12
 Side 2  free  transition at x/c =  0.4501   41

 112   rms: 0.9666E+11   max: -.2099E+13   C at   41  2   RLX: 0.000
       a =  3.000      CL = -0.3881
      Cm =  0.1378     CD =  0.97607   =>   CDf =  0.00293    CDp =  0.97314

 Side 1  free  transition at x/c =  0.0463   12
 Side 2  free  transition at x/c =  0.4501   41

 113   rms: 0.5226E+12   max: 0.1135E+14   C at   41  2   RLX: 0.000
       a =  3.000      CL = -0.3881
      Cm =  0.1378     CD =  0.97607   =>   CDf =  0.00293    CDp =  0.97314

 Side 1  free  transition at x/c =  0.0463   12
 Side 2  free  transition at x/c =  0.4501   41

 114   rms: 0.4018E+12   max: 0.8722E+13   C at   41  2   RLX: 0.000
       a =  3.000      CL = -0.3881
      Cm =  0.1378     CD =  0.97607   =>   CDf =  0.00293    CDp =  0.97314

 Side 1  free  transition at x/c =  0.0463   12
 Side 2  free  transition at x/c =  0.4501   41

 115   rms: 0.1962E+12   max: 0.4260E+13   C at   41  2   RLX: 0.000
       a =  3.000      CL = -0.3881
      Cm =  0.1378     CD =  0.97607   =>   CDf =  0.00293    CDp =  0.97314

 Side 1  free  transition at x/c =  0.0463   12
 Side 2  free  transition at x/c =  0.4501   41

 116   rms: 0.1736E+12   max: 0.3769E+13   C at   41  2   RLX: 0.000
       a =  3.000      CL = -0.3881
      Cm =  0.1378     CD =  0.97607   =>   CDf =  0.00293    CDp =  0.97314

 Side 1  free  transition at x/c =  0.0463   12
 Side 2  free  transition at x/c =  0.4501   41

 117   rms: 0.4116E+13   max: -.8936E+14   C at   41  2   RLX: 0.000
       a =  3.000      CL = -0.3881
      Cm =  0.1378     CD =  0.97607   =>   CDf =  0.00293    CDp =  0.97314

 Side 1  free  transition at x/c =  0.0463   12
 Side 2  free  transition at x/c =  0.4501   41

 118   rms: 0.1058E+12   max: -.2298E+13   C at   41  2   RLX: 0.000
       a =  3.000      CL = -0.3881
      Cm =  0.1378     CD =  0.97607   =>   CDf =  0.00293    CDp =  0.97314

 Side 1  free  transition at x/c =  0.0463   12
 Side 2  free  transition at x/c =  0.4501   41

 119   rms: 0.1121E+12   max: 0.2434E+13   C at   41  2   RLX: 0.000
       a =  3.000      CL = -0.3881
      Cm =  0.1378     CD =  0.97607   =>   CDf =  0.00293    CDp =  0.97314

 Side 1  free  transition at x/c =  0.0463   12
 Side 2  free  transition at x/c =  0.4501   41

 120   rms: 0.1112E+13   max: -.2415E+14   C at   41  2   RLX: 0.000
       a =  3.000      CL = -0.3881
      Cm =  0.1378     CD =  0.97607   =>   CDf =  0.00293    CDp =  0.97314

 Side 1  free  transition at x/c =  0.0463   12
 Side 2  free  transition at x/c =  0.4501   41

 121   rms: 0.5132E+12   max: 0.1114E+14   C at   41  2   RLX: 0.000
       a =  3.000      CL = -0.3881
      Cm =  0.1378     CD =  0.97607   =>   CDf =  0.00293    CDp =  0.97314

 Side 1  free  transition at x/c =  0.0463   12
 Side 2  free  transition at x/c =  0.4501   41

 122   rms: 0.7283E+14   max: -.1581E+16   C at   41  2   RLX: 0.000
       a =  3.000      CL = -0.3881
      Cm =  0.1378     CD =  0.97607   =>   CDf =  0.00293    CDp =  0.97314

 Side 1  free  transition at x/c =  0.0463   12
 Side 2  free  transition at x/c =  0.4501   41

 123   rms: 0.1282E+13   max: 0.2782E+14   C at   41  2   RLX: 0.000
       a =  3.000      CL = -0.3881
      Cm =  0.1378     CD =  0.97607   =>   CDf =  0.00293    CDp =  0.97314

 Side 1  free  transition at x/c =  0.0463   12
 Side 2  free  transition at x/c =  0.4501   41

 124   rms: 0.4204E+14   max: -.9126E+15   C at   41  2   RLX: 0.000
       a =  3.000      CL = -0.3881
      Cm =  0.1378     CD =  0.97607   =>   CDf =  0.00293    CDp =  0.97314

 Side 1  free  transition at x/c =  0.0463   12
 Side 2  free  transition at x/c =  0.4501   41

 125   rms: 0.3904E+13   max: -.8476E+14   C at   41  2   RLX: 0.000
       a =  3.000      CL = -0.3881
      Cm =  0.1378     CD =  0.97607   =>   CDf =  0.00293    CDp =  0.97314

 Side 1  free  transition at x/c =  0.0463   12
 Side 2  free  transition at x/c =  0.4501   41

 126   rms: 0.9498E+12   max: -.2062E+14   C at   41  2   RLX: 0.000
       a =  3.000      CL = -0.3881
      Cm =  0.1378     CD =  0.97607   =>   CDf =  0.00293    CDp =  0.97314

 Side 1  free  transition at x/c =  0.0463   12
 Side 2  free  transition at x/c =  0.4501   41

 127   rms: 0.2219E+13   max: -.4817E+14   C at   41  2   RLX: 0.000
       a =  3.000      CL = -0.3881
      Cm =  0.1378     CD =  0.97607   =>   CDf =  0.00293    CDp =  0.97314

 Side 1  free  transition at x/c =  0.0463   12
 Side 2  free  transition at x/c =  0.4501   41

 128   rms: 0.5429E+12   max: 0.1179E+14   C at   41  2   RLX: 0.000
       a =  3.000      CL = -0.3881
      Cm =  0.1378     CD =  0.97607   =>   CDf =  0.00293    CDp =  0.97314

 Side 1  free  transition at x/c =  0.0463   12
 Side 2  free  transition at x/c =  0.4501   41

 129   rms: 0.8867E+12   max: -.1925E+14   C at   41  2   RLX: 0.000
       a =  3.000      CL = -0.3881
      Cm =  0.1378     CD =  0.97607   =>   CDf =  0.00293    CDp =  0.97314

 Side 1  free  transition at x/c =  0.0463   12
 Side 2  free  transition at x/c =  0.4501   41

 130   rms: 0.2557E+13   max: 0.5551E+14   C at   41  2   RLX: 0.000
       a =  3.000      CL = -0.3881
      Cm =  0.1378     CD =  0.97607   =>   CDf =  0.00293    CDp =  0.97314

 Side 1  free  transition at x/c =  0.0463   12
 Side 2  free  transition at x/c =  0.4501   41

 131   rms: 0.3308E+13   max: -.7182E+14   C at   41  2   RLX: 0.000
       a =  3.000      CL = -0.3881
      Cm =  0.1378     CD =  0.97607   =>   CDf =  0.00293    CDp =  0.97314

 Side 1  free  transition at x/c =  0.0463   12
 Side 2  free  transition at x/c =  0.4501   41

 132   rms: 0.4760E+13   max: 0.1033E+15   C at   41  2   RLX: 0.000
       a =  3.000      CL = -0.3881
      Cm =  0.1378     CD =  0.97607   =>   CDf =  0.00293    CDp =  0.97314

 Side 1  free  transition at x/c =  0.0463   12
 Side 2  free  transition at x/c =  0.4501   41

 133   rms: 0.6078E+13   max: -.1320E+15   C at   41  2   RLX: 0.000
       a =  3.000      CL = -0.3881
      Cm =  0.1378     CD =  0.97607   =>   CDf =  0.00293    CDp =  0.97314

 Side 1  free  transition at x/c =  0.0463   12
 Side 2  free  transition at x/c =  0.4501   41

 134   rms: 0.6635E+13   max: 0.1441E+15   C at   41  2   RLX: 0.000
       a =  3.000      CL = -0.3881
      Cm =  0.1378     CD =  0.97607   =>   CDf =  0.00293    CDp =  0.97314

 Side 1  free  transition at x/c =  0.0463   12
 Side 2  free  transition at x/c =  0.4501   41

 135   rms: 0.6267E+13   max: -.1361E+15   C at   41  2   RLX: 0.000
       a =  3.000      CL = -0.3881
      Cm =  0.1378     CD =  0.97607   =>   CDf =  0.00293    CDp =  0.97314

 Side 1  free  transition at x/c =  0.0463   12
 Side 2  free  transition at x/c =  0.4501   41

 136   rms: 0.8269E+13   max: 0.1795E+15   C at   41  2   RLX: 0.000
       a =  3.000      CL = -0.3881
      Cm =  0.1378     CD =  0.97607   =>   CDf =  0.00293    CDp =  0.97314

 Side 1  free  transition at x/c =  0.0463   12
 Side 2  free  transition at x/c =  0.4501   41

 137   rms: 0.1135E+14   max: -.2464E+15   C at   41  2   RLX: 0.000
       a =  3.000      CL = -0.3881
      Cm =  0.1378     CD =  0.97607   =>   CDf =  0.00293    CDp =  0.97314

 Side 1  free  transition at x/c =  0.0463   12
 Side 2  free  transition at x/c =  0.4501   41

 138   rms: 0.1050E+14   max: 0.2280E+15   C at   41  2   RLX: 0.000
       a =  3.000      CL = -0.3881
      Cm =  0.1378     CD =  0.97607   =>   CDf =  0.00293    CDp =  0.97314

 Side 1  free  transition at x/c =  0.0463   12
 Side 2  free  transition at x/c =  0.4501   41

 139   rms: 0.9274E+13   max: -.2013E+15   C at   41  2   RLX: 0.000
       a =  3.000      CL = -0.3881
      Cm =  0.1378     CD =  0.97607   =>   CDf =  0.00293    CDp =  0.97314

 Side 1  free  transition at x/c =  0.0463   12
 Side 2  free  transition at x/c =  0.4501   41

 140   rms: 0.1798E+14   max: 0.3903E+15   C at   41  2   RLX: 0.000
       a =  3.000      CL = -0.3881
      Cm =  0.1378     CD =  0.97607   =>   CDf =  0.00293    CDp =  0.97314

 Side 1  free  transition at x/c =  0.0463   12
 Side 2  free  transition at x/c =  0.4501   41

 141   rms: 0.2604E+14   max: -.5653E+15   C at   41  2   RLX: 0.000
       a =  3.000      CL = -0.3881
      Cm =  0.1378     CD =  0.97607   =>   CDf =  0.00293    CDp =  0.97314

 Side 1  free  transition at x/c =  0.0463   12
 Side 2  free  transition at x/c =  0.4501   41

 142   rms: 0.4306E+14   max: 0.9348E+15   C at   41  2   RLX: 0.000
       a =  3.000      CL = -0.3881
      Cm =  0.1378     CD =  0.97607   =>   CDf =  0.00293    CDp =  0.97314

 Side 1  free  transition at x/c =  0.0463   12
 Side 2  free  transition at x/c =  0.4501   41

 143   rms: 0.4634E+14   max: 0.1006E+16   C at   41  2   RLX: 0.000
       a =  3.000      CL = -0.3881
      Cm =  0.1378     CD =  0.97607   =>   CDf =  0.00293    CDp =  0.97314

 Side 1  free  transition at x/c =  0.0463   12
 Side 2  free  transition at x/c =  0.4501   41

 144   rms: 0.1805E+14   max: -.3920E+15   C at   41  2   RLX: 0.000
       a =  3.000      CL = -0.3881
      Cm =  0.1378     CD =  0.97607   =>   CDf =  0.00293    CDp =  0.97314

 Side 1  free  transition at x/c =  0.0463   12
 Side 2  free  transition at x/c =  0.4501   41

 145   rms: 0.1120E+14   max: 0.2432E+15   C at   41  2   RLX: 0.000
       a =  3.000      CL = -0.3881
      Cm =  0.1378     CD =  0.97607   =>   CDf =  0.00293    CDp =  0.97314

 Side 1  free  transition at x/c =  0.0463   12
 Side 2  free  transition at x/c =  0.4501   41

 146   rms: 0.2878E+14   max: -.6248E+15   C at   41  2   RLX: 0.000
       a =  3.000      CL = -0.3881
      Cm =  0.1378     CD =  0.97607   =>   CDf =  0.00293    CDp =  0.97314

 Side 1  free  transition at x/c =  0.0463   12
 Side 2  free  transition at x/c =  0.4501   41

 147   rms: 0.7699E+14   max: 0.1672E+16   C at   41  2   RLX: 0.000
       a =  3.000      CL = -0.3881
      Cm =  0.1378     CD =  0.97607   =>   CDf =  0.00293    CDp =  0.97314

 Side 1  free  transition at x/c =  0.0463   12
 Side 2  free  transition at x/c =  0.4501   41

 148   rms: 0.1182E+14   max: -.2567E+15   C at   41  2   RLX: 0.000
       a =  3.000      CL = -0.3881
      Cm =  0.1378     CD =  0.97607   =>   CDf =  0.00293    CDp =  0.97314

 Side 1  free  transition at x/c =  0.0463   12
 Side 2  free  transition at x/c =  0.4501   41

 149   rms: 0.7878E+13   max: 0.1710E+15   C at   41  2   RLX: 0.000
       a =  3.000      CL = -0.3881
      Cm =  0.1378     CD =  0.97607   =>   CDf =  0.00293    CDp =  0.97314

 Side 1  free  transition at x/c =  0.0463   12
 Side 2  free  transition at x/c =  0.4501   41

 150   rms: 0.6822E+13   max: -.1481E+15   C at   41  2   RLX: 0.000
       a =  3.000      CL = -0.3881
      Cm =  0.1378     CD =  0.97607   =>   CDf =  0.00293    CDp =  0.97314

 Side 1  free  transition at x/c =  0.0463   12
 Side 2  free  transition at x/c =  0.4501   41

 151   rms: 0.8173E+13   max: 0.1774E+15   C at   41  2   RLX: 0.000
       a =  3.000      CL = -0.3881
      Cm =  0.1378     CD =  0.97607   =>   CDf =  0.00293    CDp =  0.97314

 Side 1  free  transition at x/c =  0.0463   12
 Side 2  free  transition at x/c =  0.4501   41

 152   rms: 0.9913E+13   max: -.2152E+15   C at   41  2   RLX: 0.000
       a =  3.000      CL = -0.3881
      Cm =  0.1378     CD =  0.97607   =>   CDf =  0.00293    CDp =  0.97314

 Side 1  free  transition at x/c =  0.0463   12
 Side 2  free  transition at x/c =  0.4501   41

 153   rms: 0.1036E+14   max: 0.2250E+15   C at   41  2   RLX: 0.000
       a =  3.000      CL = -0.3881
      Cm =  0.1378     CD =  0.97607   =>   CDf =  0.00293    CDp =  0.97314

 Side 1  free  transition at x/c =  0.0463   12
 Side 2  free  transition at x/c =  0.4501   41

 154   rms: 0.1271E+14   max: -.2760E+15   C at   41  2   RLX: 0.000
       a =  3.000      CL = -0.3881
      Cm =  0.1378     CD =  0.97607   =>   CDf =  0.00293    CDp =  0.97314

 Side 1  free  transition at x/c =  0.0463   12
 Side 2  free  transition at x/c =  0.4501   41

 155   rms: 0.2621E+14   max: 0.5690E+15   C at   41  2   RLX: 0.000
       a =  3.000      CL = -0.3881
      Cm =  0.1378     CD =  0.97607   =>   CDf =  0.00293    CDp =  0.97314

 Side 1  free  transition at x/c =  0.0463   12
 Side 2  free  transition at x/c =  0.4501   41

 156   rms: 0.1090E+15   max: -.2366E+16   C at   41  2   RLX: 0.000
       a =  3.000      CL = -0.3881
      Cm =  0.1378     CD =  0.97607   =>   CDf =  0.00293    CDp =  0.97314

 Side 1  free  transition at x/c =  0.0463   12
 Side 2  free  transition at x/c =  0.4501   41

 157   rms: 0.1061E+15   max: -.2303E+16   C at   41  2   RLX: 0.000
       a =  3.000      CL = -0.3881
      Cm =  0.1378     CD =  0.97607   =>   CDf =  0.00293    CDp =  0.97314

 Side 1  free  transition at x/c =  0.0463   12
 Side 2  free  transition at x/c =  0.4501   41

 158   rms: 0.2955E+15   max: -.6416E+16   C at   41  2   RLX: 0.000
       a =  3.000      CL = -0.3881
      Cm =  0.1378     CD =  0.97607   =>   CDf =  0.00293    CDp =  0.97314

 Side 1  free  transition at x/c =  0.0463   12
 Side 2  free  transition at x/c =  0.4501   41

 159   rms: 0.2767E+14   max: 0.6006E+15   C at   41  2   RLX: 0.000
       a =  3.000      CL = -0.3881
      Cm =  0.1378     CD =  0.97607   =>   CDf =  0.00293    CDp =  0.97314

 Side 1  free  transition at x/c =  0.0463   12
 Side 2  free  transition at x/c =  0.4501   41

 160   rms: 0.4314E+14   max: -.9366E+15   C at   41  2   RLX: 0.000
       a =  3.000      CL = -0.3881
      Cm =  0.1378     CD =  0.97607   =>   CDf =  0.00293    CDp =  0.97314

 Side 1  free  transition at x/c =  0.0463   12
 Side 2  free  transition at x/c =  0.4501   41

 161   rms: 0.8624E+14   max: 0.1872E+16   C at   41  2   RLX: 0.000
       a =  3.000      CL = -0.3881
      Cm =  0.1378     CD =  0.97607   =>   CDf =  0.00293    CDp =  0.97314

 Side 1  free  transition at x/c =  0.0463   12
 Side 2  free  transition at x/c =  0.4501   41

 162   rms: 0.1879E+14   max: -.4079E+15   C at   41  2   RLX: 0.000
       a =  3.000      CL = -0.3881
      Cm =  0.1378     CD =  0.97607   =>   CDf =  0.00293    CDp =  0.97314

 Side 1  free  transition at x/c =  0.0463   12
 Side 2  free  transition at x/c =  0.4501   41

 163   rms: 0.7908E+13   max: 0.1717E+15   C at   41  2   RLX: 0.000
       a =  3.000      CL = -0.3881
      Cm =  0.1378     CD =  0.97607   =>   CDf =  0.00293    CDp =  0.97314

 Side 1  free  transition at x/c =  0.0463   12
 Side 2  free  transition at x/c =  0.4501   41

 164   rms: 0.7287E+13   max: -.1582E+15   C at   41  2   RLX: 0.000
       a =  3.000      CL = -0.3881
      Cm =  0.1378     CD =  0.97607   =>   CDf =  0.00293    CDp =  0.97314

 Side 1  free  transition at x/c =  0.0463   12
 Side 2  free  transition at x/c =  0.4501   41

 165   rms: 0.8789E+13   max: 0.1908E+15   C at   41  2   RLX: 0.000
       a =  3.000      CL = -0.3881
      Cm =  0.1378     CD =  0.97607   =>   CDf =  0.00293    CDp =  0.97314

 Side 1  free  transition at x/c =  0.0463   12
 Side 2  free  transition at x/c =  0.4501   41

 166   rms: 0.7728E+13   max: -.1678E+15   C at   41  2   RLX: 0.000
       a =  3.000      CL = -0.3881
      Cm =  0.1378     CD =  0.97607   =>   CDf =  0.00293    CDp =  0.97314

 Side 1  free  transition at x/c =  0.0463   12
 Side 2  free  transition at x/c =  0.4501   41

 167   rms: 0.6794E+13   max: 0.1475E+15   C at   41  2   RLX: 0.000
       a =  3.000      CL = -0.3881
      Cm =  0.1378     CD =  0.97607   =>   CDf =  0.00293    CDp =  0.97314

 Side 1  free  transition at x/c =  0.0463   12
 Side 2  free  transition at x/c =  0.4501   41

 168   rms: 0.6000E+13   max: -.1303E+15   C at   41  2   RLX: 0.000
       a =  3.000      CL = -0.3881
      Cm =  0.1378     CD =  0.97607   =>   CDf =  0.00293    CDp =  0.97314

 Side 1  free  transition at x/c =  0.0463   12
 Side 2  free  transition at x/c =  0.4501   41

 169   rms: 0.8995E+13   max: 0.1953E+15   C at   41  2   RLX: 0.000
       a =  3.000      CL = -0.3881
      Cm =  0.1378     CD =  0.97607   =>   CDf =  0.00293    CDp =  0.97314

 Side 1  free  transition at x/c =  0.0463   12
 Side 2  free  transition at x/c =  0.4501   41

 170   rms: 0.9563E+15   max: 0.2076E+17   C at   41  2   RLX: 0.000
       a =  3.000      CL = -0.3881
      Cm =  0.1378     CD =  0.97607   =>   CDf =  0.00293    CDp =  0.97314

 Side 1  free  transition at x/c =  0.0463   12
 Side 2  free  transition at x/c =  0.4501   41

 171   rms: 0.4398E+14   max: 0.9549E+15   C at   41  2   RLX: 0.000
       a =  3.000      CL = -0.3881
      Cm =  0.1378     CD =  0.97607   =>   CDf =  0.00293    CDp =  0.97314

 Side 1  free  transition at x/c =  0.0463   12
 Side 2  free  transition at x/c =  0.4501   41

 172   rms: 0.1308E+14   max: -.2839E+15   C at   41  2   RLX: 0.000
       a =  3.000      CL = -0.3881
      Cm =  0.1378     CD =  0.97607   =>   CDf =  0.00293    CDp =  0.97314

 Side 1  free  transition at x/c =  0.0463   12
 Side 2  free  transition at x/c =  0.4501   41

 173   rms: 0.1038E+14   max: 0.2253E+15   C at   41  2   RLX: 0.000
       a =  3.000      CL = -0.3881
      Cm =  0.1378     CD =  0.97607   =>   CDf =  0.00293    CDp =  0.97314

 Side 1  free  transition at x/c =  0.0463   12
 Side 2  free  transition at x/c =  0.4501   41

 174   rms: 0.4344E+14   max: -.9432E+15   C at   41  2   RLX: 0.000
       a =  3.000      CL = -0.3881
      Cm =  0.1378     CD =  0.97607   =>   CDf =  0.00293    CDp =  0.97314

 Side 1  free  transition at x/c =  0.0463   12
 Side 2  free  transition at x/c =  0.4501   41

 175   rms: 0.1688E+14   max: -.3666E+15   C at   41  2   RLX: 0.000
       a =  3.000      CL = -0.3881
      Cm =  0.1378     CD =  0.97607   =>   CDf =  0.00293    CDp =  0.97314

 Side 1  free  transition at x/c =  0.0463   12
 Side 2  free  transition at x/c =  0.4501   41

 176   rms: 0.1364E+14   max: 0.2961E+15   C at   41  2   RLX: 0.000
       a =  3.000      CL = -0.3881
      Cm =  0.1378     CD =  0.97607   =>   CDf =  0.00293    CDp =  0.97314

 Side 1  free  transition at x/c =  0.0463   12
 Side 2  free  transition at x/c =  0.4501   41

 177   rms: 0.1540E+14   max: -.3343E+15   C at   41  2   RLX: 0.000
       a =  3.000      CL = -0.3881
      Cm =  0.1378     CD =  0.97607   =>   CDf =  0.00293    CDp =  0.97314

 Side 1  free  transition at x/c =  0.0463   12
 Side 2  free  transition at x/c =  0.4501   41

 178   rms: 0.1680E+14   max: -.3648E+15   C at   41  2   RLX: 0.000
       a =  3.000      CL = -0.3881
      Cm =  0.1378     CD =  0.97607   =>   CDf =  0.00293    CDp =  0.97314

 Side 1  free  transition at x/c =  0.0463   12
 Side 2  free  transition at x/c =  0.4501   41

 179   rms: 0.1147E+14   max: 0.2490E+15   C at   41  2   RLX: 0.000
       a =  3.000      CL = -0.3881
      Cm =  0.1378     CD =  0.97607   =>   CDf =  0.00293    CDp =  0.97314

 Side 1  free  transition at x/c =  0.0463   12
 Side 2  free  transition at x/c =  0.4501   41

 180   rms: 0.4186E+14   max: -.9089E+15   C at   41  2   RLX: 0.000
       a =  3.000      CL = -0.3881
      Cm =  0.1378     CD =  0.97607   =>   CDf =  0.00293    CDp =  0.97314

 Side 1  free  transition at x/c =  0.0463   12
 Side 2  free  transition at x/c =  0.4501   41

 181   rms: 0.8143E+14   max: -.1768E+16   C at   41  2   RLX: 0.000
       a =  3.000      CL = -0.3881
      Cm =  0.1378     CD =  0.97607   =>   CDf =  0.00293    CDp =  0.97314

 Side 1  free  transition at x/c =  0.0463   12
 Side 2  free  transition at x/c =  0.4501   41

 182   rms: 0.4354E+15   max: -.9452E+16   C at   41  2   RLX: 0.000
       a =  3.000      CL = -0.3881
      Cm =  0.1378     CD =  0.97607   =>   CDf =  0.00293    CDp =  0.97314

 Side 1  free  transition at x/c =  0.0463   12
 Side 2  free  transition at x/c =  0.4501   41

 183   rms: 0.1239E+14   max: 0.2691E+15   C at   41  2   RLX: 0.000
       a =  3.000      CL = -0.3881
      Cm =  0.1378     CD =  0.97607   =>   CDf =  0.00293    CDp =  0.97314

 Side 1  free  transition at x/c =  0.0463   12
 Side 2  free  transition at x/c =  0.4501   41

 184   rms: 0.9820E+13   max: -.2132E+15   C at   41  2   RLX: 0.000
       a =  3.000      CL = -0.3881
      Cm =  0.1378     CD =  0.97607   =>   CDf =  0.00293    CDp =  0.97314

 Side 1  free  transition at x/c =  0.0463   12
 Side 2  free  transition at x/c =  0.4501   41

 185   rms: 0.6977E+13   max: 0.1515E+15   C at   41  2   RLX: 0.000
       a =  3.000      CL = -0.3881
      Cm =  0.1378     CD =  0.97607   =>   CDf =  0.00293    CDp =  0.97314

 Side 1  free  transition at x/c =  0.0463   12
 Side 2  free  transition at x/c =  0.4501   41

 186   rms: 0.8475E+13   max: -.1840E+15   C at   41  2   RLX: 0.000
       a =  3.000      CL = -0.3881
      Cm =  0.1378     CD =  0.97607   =>   CDf =  0.00293    CDp =  0.97314

 Side 1  free  transition at x/c =  0.0463   12
 Side 2  free  transition at x/c =  0.4501   41

 187   rms: 0.2304E+14   max: 0.5002E+15   C at   41  2   RLX: 0.000
       a =  3.000      CL = -0.3881
      Cm =  0.1378     CD =  0.97607   =>   CDf =  0.00293    CDp =  0.97314

 Side 1  free  transition at x/c =  0.0463   12
 Side 2  free  transition at x/c =  0.4501   41

 188   rms: 0.1114E+15   max: 0.2419E+16   C at   41  2   RLX: 0.000
       a =  3.000      CL = -0.3881
      Cm =  0.1378     CD =  0.97607   =>   CDf =  0.00293    CDp =  0.97314

 Side 1  free  transition at x/c =  0.0463   12
 Side 2  free  transition at x/c =  0.4501   41

 189   rms: 0.3645E+14   max: -.7914E+15   C at   41  2   RLX: 0.000
       a =  3.000      CL = -0.3881
      Cm =  0.1378     CD =  0.97607   =>   CDf =  0.00293    CDp =  0.97314

 Side 1  free  transition at x/c =  0.0463   12
 Side 2  free  transition at x/c =  0.4501   41

 190   rms: 0.3344E+14   max: -.7260E+15   C at   41  2   RLX: 0.000
       a =  3.000      CL = -0.3881
      Cm =  0.1378     CD =  0.97607   =>   CDf =  0.00293    CDp =  0.97314

 Side 1  free  transition at x/c =  0.0463   12
 Side 2  free  transition at x/c =  0.4501   41

 191   rms: 0.1563E+14   max: 0.3394E+15   C at   41  2   RLX: 0.000
       a =  3.000      CL = -0.3881
      Cm =  0.1378     CD =  0.97607   =>   CDf =  0.00293    CDp =  0.97314

 Side 1  free  transition at x/c =  0.0463   12
 Side 2  free  transition at x/c =  0.4501   41

 192   rms: 0.3721E+14   max: -.8078E+15   C at   41  2   RLX: 0.000
       a =  3.000      CL = -0.3881
      Cm =  0.1378     CD =  0.97607   =>   CDf =  0.00293    CDp =  0.97314

 Side 1  free  transition at x/c =  0.0463   12
 Side 2  free  transition at x/c =  0.4501   41

 193   rms: 0.1606E+15   max: -.3486E+16   C at   41  2   RLX: 0.000
       a =  3.000      CL = -0.3881
      Cm =  0.1378     CD =  0.97607   =>   CDf =  0.00293    CDp =  0.97314

 Side 1  free  transition at x/c =  0.0463   12
 Side 2  free  transition at x/c =  0.4501   41

 194   rms: 0.6153E+14   max: 0.1336E+16   C at   41  2   RLX: 0.000
       a =  3.000      CL = -0.3881
      Cm =  0.1378     CD =  0.97607   =>   CDf =  0.00293    CDp =  0.97314

 Side 1  free  transition at x/c =  0.0463   12
 Side 2  free  transition at x/c =  0.4501   41

 195   rms: 0.9976E+13   max: -.2166E+15   C at   41  2   RLX: 0.000
       a =  3.000      CL = -0.3881
      Cm =  0.1378     CD =  0.97607   =>   CDf =  0.00293    CDp =  0.97314

 Side 1  free  transition at x/c =  0.0463   12
 Side 2  free  transition at x/c =  0.4501   41

 196   rms: 0.1110E+14   max: 0.2409E+15   C at   41  2   RLX: 0.000
       a =  3.000      CL = -0.3881
      Cm =  0.1378     CD =  0.97607   =>   CDf =  0.00293    CDp =  0.97314

 Side 1  free  transition at x/c =  0.0463   12
 Side 2  free  transition at x/c =  0.4501   41

 197   rms: 0.7909E+14   max: 0.1717E+16   C at   41  2   RLX: 0.000
       a =  3.000      CL = -0.3881
      Cm =  0.1378     CD =  0.97607   =>   CDf =  0.00293    CDp =  0.97314

 Side 1  free  transition at x/c =  0.0463   12
 Side 2  free  transition at x/c =  0.4501   41

 198   rms: 0.5318E+14   max: 0.1155E+16   C at   41  2   RLX: 0.000
       a =  3.000      CL = -0.3881
      Cm =  0.1378     CD =  0.97607   =>   CDf =  0.00293    CDp =  0.97314

 Side 1  free  transition at x/c =  0.0463   12
 Side 2  free  transition at x/c =  0.4501   41

 199   rms: 0.3284E+14   max: -.7130E+15   C at   41  2   RLX: 0.000
       a =  3.000      CL = -0.3881
      Cm =  0.1378     CD =  0.97607   =>   CDf =  0.00293    CDp =  0.97314

 Side 1  free  transition at x/c =  0.0463   12
 Side 2  free  transition at x/c =  0.4501   41

 200   rms: 0.5033E+14   max: -.1093E+16   C at   41  2   RLX: 0.000
       a =  3.000      CL = -0.3881
      Cm =  0.1378     CD =  0.97607   =>   CDf =  0.00293    CDp =  0.97314

 Side 1  free  transition at x/c =  0.0463   12
 Side 2  free  transition at x/c =  0.4501   41

 201   rms: 0.3079E+14   max: 0.6683E+15   C at   41  2   RLX: 0.000
       a =  3.000      CL = -0.3881
      Cm =  0.1378     CD =  0.97607   =>   CDf =  0.00293    CDp =  0.97314

 Side 1  free  transition at x/c =  0.0463   12
 Side 2  free  transition at x/c =  0.4501   41

 202   rms: 0.9824E+15   max: -.2133E+17   C at   41  2   RLX: 0.000
       a =  3.000      CL = -0.3881
      Cm =  0.1378     CD =  0.97607   =>   CDf =  0.00293    CDp =  0.97314

 Side 1  free  transition at x/c =  0.0463   12
 Side 2  free  transition at x/c =  0.4501   41

 203   rms: 0.1773E+14   max: -.3850E+15   C at   41  2   RLX: 0.000
       a =  3.000      CL = -0.3881
      Cm =  0.1378     CD =  0.97607   =>   CDf =  0.00293    CDp =  0.97314

 Side 1  free  transition at x/c =  0.0463   12
 Side 2  free  transition at x/c =  0.4501   41

 204   rms: 0.1341E+14   max: 0.2911E+15   C at   41  2   RLX: 0.000
       a =  3.000      CL = -0.3881
      Cm =  0.1378     CD =  0.97607   =>   CDf =  0.00293    CDp =  0.97314

 Side 1  free  transition at x/c =  0.0463   12
 Side 2  free  transition at x/c =  0.4501   41

 205   rms: 0.1322E+14   max: -.2870E+15   C at   41  2   RLX: 0.000
       a =  3.000      CL = -0.3881
      Cm =  0.1378     CD =  0.97607   =>   CDf =  0.00293    CDp =  0.97314
 VISCAL:  Convergence failed
      9.000   13.9749   0.976065   0.000220   0.000000  -0.000220    0.0463     #

 Sequence halted since previous  4 points did not converge
 Last-converged  alpha =   0.000    CL =   0.00000

.OPERva   c>   BLs will be initialized on next point

.OPERva   c>   Calculating wake trajectory ...
 Calculating source influence matrix ...

 Solving BL system ...

 Initializing BL ...
    side            1  ...
 MRCHUE: Inverse mode at   7     Hk =   6.509
 MRCHUE: Inverse mode at   8     Hk =   9.804
 MRCHUE: Inverse mode at   9     Hk =   2.500
    side            2  ...
 MRCHUE: Inverse mode at   8     Hk =   5.220
 MRCHUE: Inverse mode at   9     Hk =   7.548
 MRCHUE: Inverse mode at  10     Hk =   9.739
 MRCHUE: Inverse mode at  11     Hk =   4.970
 MRCHUE: Inverse mode at  12     Hk =   2.500
 MRCHUE: Inverse mode at  13     Hk =   2.500
 MRCHUE: Inverse mode at  14     Hk =   2.500
 MRCHUE: Inverse mode at  15     Hk =   2.500
 MRCHUE: Inverse mode at  16     Hk =   2.500
 MRCHUE: Inverse mode at  17     Hk =   2.500
 MRCHUE: Inverse mode at  18     Hk =   2.500
 MRCHUE: Inverse mode at  19     Hk =   2.500
 MRCHUE: Inverse mode at  20     Hk =   2.500
 MRCHUE: Inverse mode at  21     Hk =   2.500
 MRCHUE: Inverse mode at  22     Hk =   2.500

 Side 1  free  transition at x/c =  0.0541    9
 Side 2  free  transition at x/c =  0.0039   11

   1   rms: 0.6722E+00   max: 0.2166E+01   D at   13  2   RLX: 0.323
       a = -1.000      CL = -0.1860
      Cm = -0.0096     CD =  0.01745   =>   CDf =  0.00718    CDp =  0.01028

 Side 1  free  transition at x/c =  0.0505   10
 Side 2  free  transition at x/c =  0.0035   10

   2   rms: 0.5928E+01   max: 0.2103E+02   D at   15  2   RLX: 0.049
       a = -1.000      CL = -0.1780
      Cm = -0.0106     CD =  0.02065   =>   CDf =  0.00686    CDp =  0.01379

 Side 1  free  transition at x/c =  0.0496   10
 Side 2  free  transition at x/c =  0.0038   10

   3   rms: 0.2627E+01   max: 0.8316E+01   D at   12  2   RLX: 0.098
       a = -1.000      CL = -0.1637
      Cm = -0.0107     CD =  0.02412   =>   CDf =  0.00662    CDp =  0.01750

 Side 1  free  transition at x/c =  0.0494    9
 Side 2  free  transition at x/c =  0.0043   10

   4   rms: 0.2796E+00   max: 0.2417E+01   D at   10  2   RLX: 0.594
       a = -1.000      CL = -0.1367
      Cm = -0.0065     CD =  0.02134   =>   CDf =  0.00711    CDp =  0.01423

 MRCHDU: Convergence failed at  13  side 2    Res =  0.3512E+02
 MRCHDU: Convergence failed at  14  side 2    Res =  0.1784E+02
 MRCHDU: Convergence failed at  15  side 2    Res =  0.2407E+02
 MRCHDU: Convergence failed at  16  side 2    Res =  0.2730E+02
 MRCHDU: Convergence failed at  17  side 2    Res =  0.8204E+02
 MRCHDU: Convergence failed at  18  side 2    Res =  0.1798E+03
 MRCHDU: Convergence failed at  19  side 2    Res =  0.1020E+03
 MRCHDU: Convergence failed at  20  side 2    Res =  0.5474E+02
 MRCHDU: Convergence failed at  21  side 2    Res =  0.1934E+04
 MRCHDU: Convergence failed at  22  side 2    Res =  0.1482E+03
 MRCHDU: Convergence failed at  23  side 2    Res =  0.5795E+03
 MRCHDU: Convergence failed at  24  side 2    Res =  0.9333E+03
 MRCHDU: Convergence failed at  25  side 2    Res =  0.4072E+04
 MRCHDU: Convergence failed at  26  side 2    Res =  0.1464E+04
 MRCHDU: Convergence failed at  27  side 2    Res =  0.8931E+03
 MRCHDU: Convergence failed at  28  side 2    Res =  0.5868E+03
 MRCHDU: Convergence failed at  29  side 2    Res =  0.4527E+03
 MRCHDU: Convergence failed at  30  side 2    Res =  0.3763E+03
 MRCHDU: Convergence failed at  31  side 2    Res =  0.3366E+03
 MRCHDU: Convergence failed at  32  side 2    Res =  0.3008E+03
 MRCHDU: Convergence failed at  33  side 2    Res =  0.2629E+03
 MRCHDU: Convergence failed at  34  side 2    Res =  0.2454E+03
 MRCHDU: Convergence failed at  35  side 2    Res =  0.2304E+03
 MRCHDU: Convergence failed at  36  side 2    Res =  0.2181E+03
 MRCHDU: Convergence failed at  37  side 2    Res =  0.2078E+03
 MRCHDU: Convergence failed at  38  side 2    Res =  0.1995E+03
 MRCHDU: Convergence failed at  39  side 2    Res =  0.1933E+03
 MRCHDU: Convergence failed at  40  side 2    Res =  0.1884E+03
 MRCHDU: Convergence failed at  41  side 2    Res =  0.1844E+03
 MRCHDU: Convergence failed at  42  side 2    Res =  0.1770E+03
 MRCHDU: Convergence failed at  43  side 2    Res =  0.1756E+03
 MRCHDU: Convergence failed at  44  side 2    Res =  0.1753E+03
 MRCHDU: Convergence failed at  45  side 2    Res =  0.1756E+03
 MRCHDU: Convergence failed at  46  side 2    Res =  0.1759E+03
 MRCHDU: Convergence failed at  47  side 2    Res =  0.1760E+03
 MRCHDU: Convergence failed at  48  side 2    Res =  0.1762E+03
 MRCHDU: Convergence failed at  49  side 2    Res =  0.1762E+03
 MRCHDU: Convergence failed at  50  side 2    Res =  0.1497E+03
 MRCHDU: Convergence failed at  51  side 2    Res =  0.1471E+03
 MRCHDU: Convergence failed at  52  side 2    Res =  0.1443E+03
 MRCHDU: Convergence failed at  53  side 2    Res =  0.1412E+03
 MRCHDU: Convergence failed at  54  side 2    Res =  0.1385E+03
 MRCHDU: Convergence failed at  55  side 2    Res =  0.1368E+03
 MRCHDU: Convergence failed at  56  side 2    Res =  0.1347E+03
 MRCHDU: Convergence failed at  57  side 2    Res =  0.1326E+03
 MRCHDU: Convergence failed at  58  side 2    Res =  0.1308E+03
 MRCHDU: Convergence failed at  59  side 2    Res =  0.1296E+03
 MRCHDU: Convergence failed at  60  side 2    Res =  0.1292E+03
 MRCHDU: Convergence failed at  61  side 2    Res =  0.1302E+03
 MRCHDU: Convergence failed at  62  side 2    Res =  0.1329E+03
 MRCHDU: Convergence failed at  63  side 2    Res =  0.1370E+03
 MRCHDU: Convergence failed at  64  side 2    Res =  0.1421E+03
 MRCHDU: Convergence failed at  65  side 2    Res =  0.1478E+03
 MRCHDU: Convergence failed at  66  side 2    Res =  0.1538E+03
 MRCHDU: Convergence failed at  67  side 2    Res =  0.1595E+03
 MRCHDU: Convergence failed at  68  side 2    Res =  0.1644E+03
 MRCHDU: Convergence failed at  69  side 2    Res =  0.2123E+03
 MRCHDU: Convergence failed at  70  side 2    Res =  0.2170E+03
 MRCHDU: Convergence failed at  71  side 2    Res =  0.2210E+03
 MRCHDU: Convergence failed at  72  side 2    Res =  0.2246E+03
 MRCHDU: Convergence failed at  73  side 2    Res =  0.2283E+03
 MRCHDU: Convergence failed at  74  side 2    Res =  0.2325E+03
 MRCHDU: Convergence failed at  75  side 2    Res =  0.2379E+03
 MRCHDU: Convergence failed at  76  side 2    Res =  0.2473E+03
 MRCHDU: Convergence failed at  77  side 2    Res =  0.2616E+03
 MRCHDU: Convergence failed at  78  side 2    Res =  0.2764E+03
 MRCHDU: Convergence failed at  79  side 2    Res =  0.2898E+03
 MRCHDU: Convergence failed at  80  side 2    Res =  0.3117E+03
 MRCHDU: Convergence failed at  81  side 2    Res =  0.3388E+03
 MRCHDU: Convergence failed at  82  side 2    Res =  0.3652E+03
 MRCHDU: Convergence failed at  83  side 2    Res =  0.3902E+03
 MRCHDU: Convergence failed at  84  side 2    Res =  0.5704E+04
 Side 1  free  transition at x/c =  0.0494    9
 Side 2  free  transition at x/c =  0.0221   13

   5   rms: 0.1411E+01   max: 0.6194E+01   D at   87  2   RLX: 0.242
       a = -1.000      CL = -1.2545
      Cm =  0.3193     CD =  0.00731   =>   CDf =  0.00365    CDp =  0.00366

 Side 1  free  transition at x/c =  0.0493   10
 Side 2  free  transition at x/c =  0.0137   11

   6   rms: 0.1430E+01   max: 0.1681E+02   T at   11  2   RLX: 0.060
       a = -1.000      CL = -0.9034
      Cm =  0.2080     CD =  0.08700   =>   CDf =  0.00394    CDp =  0.08307

 Side 1  free  transition at x/c =  0.0495    9
 Side 2  free  transition at x/c =  0.0088   12

   7   rms: 0.2958E+01   max: 0.3224E+02   T at   12  2   RLX: 0.047
       a = -1.000      CL = -0.8813
      Cm =  0.2004     CD =  0.09430   =>   CDf =  0.00410    CDp =  0.09020

 Side 1  free  transition at x/c =  0.0498   10
 Side 2  free  transition at x/c =  0.0079   11

   8   rms: 0.1528E+01   max: -.8447E+01   T at   12  2   RLX: 0.059
       a = -1.000      CL = -1.2167
      Cm =  0.2838     CD =  0.10623   =>   CDf =  0.00412    CDp =  0.10211

 Side 1  free  transition at x/c =  0.0499   10
 Side 2  free  transition at x/c =  0.0073   11

   9   rms: 0.1062E+01   max: -.8553E+01   T at   12  2   RLX: 0.058
       a = -1.000      CL = -1.2498
      Cm =  0.2884     CD =  0.11492   =>   CDf =  0.00416    CDp =  0.11075

 Side 1  free  transition at x/c =  0.0499   10
 Side 2  free  transition at x/c =  0.0068   11

  10   rms: 0.9362E+00   max: -.3638E+01   C at  107  2   RLX: 0.137
       a = -1.000      CL = -1.1613
      Cm =  0.2649     CD =  0.09593   =>   CDf =  0.00421    CDp =  0.09172

 Side 1  free  transition at x/c =  0.0496   10
 Side 2  free  transition at x/c =  0.0062   11

  11   rms: 0.9720E+00   max: -.3767E+01   C at   98  2   RLX: 0.133
       a = -1.000      CL = -1.0211
      Cm =  0.2294     CD =  0.10767   =>   CDf =  0.00431    CDp =  0.10337

 Side 1  free  transition at x/c =  0.0495    9
 Side 2  free  transition at x/c =  0.0064   11

  12   rms: 0.9108E+00   max: -.3685E+01   C at  101  2   RLX: 0.136
       a = -1.000      CL = -0.8977
      Cm =  0.1972     CD =  0.11538   =>   CDf =  0.00438    CDp =  0.11100

 Side 1  free  transition at x/c =  0.0494    9
 Side 2  free  transition at x/c =  0.0065   11

  13   rms: 0.8768E+00   max: -.4587E+01   D at  107  2   RLX: 0.109
       a = -1.000      CL = -0.8247
      Cm =  0.1764     CD =  0.14441   =>   CDf =  0.00448    CDp =  0.13993

 Side 1  free  transition at x/c =  0.0493    9
 Side 2  free  transition at x/c =  0.0062   11

  14   rms: 0.8516E+00   max: -.5343E+01   D at  107  2   RLX: 0.094
       a = -1.000      CL = -0.7718
      Cm =  0.1609     CD =  0.16580   =>   CDf =  0.00457    CDp =  0.16123

 Side 1  free  transition at x/c =  0.0493    9
 Side 2  free  transition at x/c =  0.0060   11

  15   rms: 0.8452E+00   max: -.6456E+01   D at  107  2   RLX: 0.077
       a = -1.000      CL = -0.7333
      Cm =  0.1492     CD =  0.17849   =>   CDf =  0.00464    CDp =  0.17385

 Side 1  free  transition at x/c =  0.0493    9
 Side 2  free  transition at x/c =  0.0059   11

  16   rms: 0.7955E+00   max: -.6281E+01   D at  107  2   RLX: 0.080
       a = -1.000      CL = -0.6906
      Cm =  0.1373     CD =  0.17417   =>   CDf =  0.00469    CDp =  0.16948

 Side 1  free  transition at x/c =  0.0493    9
 Side 2  free  transition at x/c =  0.0058   11

  17   rms: 0.7545E+00   max: -.5903E+01   D at  107  2   RLX: 0.085
       a = -1.000      CL = -0.6434
      Cm =  0.1249     CD =  0.16332   =>   CDf =  0.00473    CDp =  0.15859

 MRCHDU: Convergence failed at 107  side 2    Res =  0.1820E+00
 Side 1  free  transition at x/c =  0.0492    9
 Side 2  free  transition at x/c =  0.0058   11

  18   rms: 0.8982E+00   max: -.4370E+01   T at   11  2   RLX: 0.114
       a = -1.000      CL = -0.5290
      Cm =  0.1014     CD =  0.23815   =>   CDf =  0.00485    CDp =  0.23330

 Side 1  free  transition at x/c =  0.0490   10
 Side 2  free  transition at x/c =  0.0067   10

  19   rms: 0.7446E+00   max: -.3669E+01   T at    2  1   RLX: 0.136
       a = -1.000      CL = -0.4543
      Cm =  0.0859     CD =  0.24722   =>   CDf =  0.00467    CDp =  0.24255

 Side 1  free  transition at x/c =  0.0489   10
 Side 2  free  transition at x/c =  0.0074   10

  20   rms: 0.5136E+00   max: 0.4079E+01   T at   84  2   RLX: 0.368
       a = -1.000      CL = -0.3413
      Cm =  0.0601     CD =  0.14283   =>   CDf =  0.00460    CDp =  0.13823

 MRCHDU: Convergence failed at  82  side 2    Res =  0.2027E-01
 MRCHDU: Convergence failed at  83  side 2    Res =  0.2088E-01
 Side 1  free  transition at x/c =  0.0490   10
 Side 2  free  transition at x/c =  0.0077   10

  21   rms: 0.1462E+01   max: 0.9973E+01   T at   11  2   RLX: 0.065
       a = -1.000      CL = -0.2453
      Cm =  0.0373     CD =  0.22254   =>   CDf =  0.00443    CDp =  0.21811

 MRCHDU: Convergence failed at  82  side 2    Res =  0.1202E-01
 MRCHDU: Convergence failed at  83  side 2    Res =  0.1884E-01
 Side 1  free  transition at x/c =  0.0488   10
 Side 2  free  transition at x/c =  0.0068   10

  22   rms: 0.1065E+01   max: -.5811E+01   T at  106  2   RLX: 0.086
       a = -1.000      CL = -0.0436
      Cm = -0.0185     CD =  0.14875   =>   CDf =  0.00440    CDp =  0.14435

 MRCHDU: Convergence failed at  82  side 2    Res =  0.1349E-01
 MRCHDU: Convergence failed at  83  side 2    Res =  0.1389E-01
 Side 1  free  transition at x/c =  0.0486   10
 Side 2  free  transition at x/c =  0.0069   10

  23   rms: 0.1331E+01   max: -.7839E+01   T at  106  2   RLX: 0.064
       a = -1.000      CL =  0.0086
      Cm = -0.0295     CD =  0.09619   =>   CDf =  0.00436    CDp =  0.09183

 MRCHDU: Convergence failed at  82  side 2    Res =  0.1062E-01
 MRCHDU: Convergence failed at  83  side 2    Res =  0.1008E-01
 Side 1  free  transition at x/c =  0.0484   10
 Side 2  free  transition at x/c =  0.0070   10

  24   rms: 0.1662E+01   max: -.1096E+02   T at  103  2   RLX: 0.046
       a = -1.000      CL =  0.0470
      Cm = -0.0378     CD =  0.04649   =>   CDf =  0.00433    CDp =  0.04216

 MRCHDU: Convergence failed at  82  side 2    Res =  0.2188E-01
 MRCHDU: Convergence failed at  83  side 2    Res =  0.7240E-02
 Side 1  free  transition at x/c =  0.0482   10
 Side 2  free  transition at x/c =  0.0073   10

  25   rms: 0.1464E+01   max: -.1142E+02   T at  103  2   RLX: 0.044
       a = -1.000      CL =  0.0749
      Cm = -0.0446     CD =  0.01621   =>   CDf =  0.00430    CDp =  0.01191

 MRCHDU: Convergence failed at  82  side 2    Res =  0.1768E-01
 MRCHDU: Convergence failed at  83  side 2    Res =  0.5741E-02
 Side 1  free  transition at x/c =  0.0482   10
 Side 2  free  transition at x/c =  0.0073   10

  26   rms: 0.1267E+01   max: -.1103E+02   T at  103  2   RLX: 0.045
       a = -1.000      CL =  0.0910
      Cm = -0.0490     CD =  0.01192   =>   CDf =  0.00428    CDp =  0.00764

 MRCHDU: Convergence failed at  81  side 2    Res =  0.9877E-02
 MRCHDU: Convergence failed at  82  side 2    Res =  0.8098E-02
 MRCHDU: Convergence failed at  83  side 2    Res =  0.4761E-02
 Side 1  free  transition at x/c =  0.0481   10
 Side 2  free  transition at x/c =  0.0074   10

  27   rms: 0.1650E+01   max: 0.1924E+02   C at  104  2   RLX: 0.045
       a = -1.000      CL =  0.1058
      Cm = -0.0533     CD =  0.01755   =>   CDf =  0.00426    CDp =  0.01328

 MRCHDU: Convergence failed at  81  side 2    Res =  0.1248E-01
 MRCHDU: Convergence failed at 104  side 2    Res =  0.7373E-01
 Side 1  free  transition at x/c =  0.0481   10
 Side 2  free  transition at x/c =  0.0074   10

  28   rms: 0.3151E+02   max: 0.4625E+03   T at  106  2   RLX: 0.003
       a = -1.000      CL =  0.1115
      Cm = -0.0544     CD =  0.17079   =>   CDf =  0.00424    CDp =  0.16655

 MRCHDU: Convergence failed at  81  side 2    Res =  0.3012E-01
 MRCHDU: Convergence failed at  82  side 2    Res =  0.4557E-02
 MRCHDU: Convergence failed at  83  side 2    Res =  0.3816E-02
 Side 1  free  transition at x/c =  0.0481   10
 Side 2  free  transition at x/c =  0.0074   10

  29   rms: 0.1371E+02   max: 0.2227E+03   C at  104  2   RLX: 0.007
       a = -1.000      CL =  0.1141
      Cm = -0.0548     CD =  0.15930   =>   CDf =  0.00423    CDp =  0.15507

 MRCHDU: Convergence failed at  81  side 2    Res =  0.7086E-02
 MRCHDU: Convergence failed at  82  side 2    Res =  0.6653E-02
 MRCHDU: Convergence failed at  83  side 2    Res =  0.3819E-02
 Side 1  free  transition at x/c =  0.0481   10
 Side 2  free  transition at x/c =  0.0074   10

  30   rms: 0.6281E+01   max: 0.7944E+02   C at  104  2   RLX: 0.019
       a = -1.000      CL =  0.1201
      Cm = -0.0559     CD =  0.36230   =>   CDf =  0.00421    CDp =  0.35809

 MRCHDU: Convergence failed at  81  side 2    Res =  0.1126E-01
 MRCHDU: Convergence failed at 102  side 2    Res =  0.1469E+01
 Side 1  free  transition at x/c =  0.0481   10
 Side 2  free  transition at x/c =  0.0075   10

  31   rms: 0.1964E+01   max: -.2454E+02   T at  103  2   RLX: 0.020
       a = -1.000      CL =  0.1233
      Cm = -0.0573     CD =  0.12710   =>   CDf =  0.00418    CDp =  0.12292

 MRCHDU: Convergence failed at  81  side 2    Res =  0.8368E+00
 MRCHDU: Convergence failed at 101  side 2    Res =  0.5416E-02
 MRCHDU: Convergence failed at 102  side 2    Res =  0.5722E-01
 MRCHDU: Convergence failed at 103  side 2    Res =  0.3303E-01
 Side 1  free  transition at x/c =  0.0481   10
 Side 2  free  transition at x/c =  0.0075   10

  32   rms: 0.8247E+01   max: 0.8839E+02   C at  104  2   RLX: 0.017
       a = -1.000      CL =  0.1315
      Cm = -0.0585     CD =  0.58900   =>   CDf =  0.00418    CDp =  0.58483

 MRCHDU: Convergence failed at 101  side 2    Res =  0.3548E-01
 MRCHDU: Convergence failed at 102  side 2    Res =  0.3275E-01
 Side 1  free  transition at x/c =  0.0481   10
 Side 2  free  transition at x/c =  0.0075   10

  33   rms: 0.4013E+01   max: 0.5010E+02   T at  103  2   RLX: 0.028
       a = -1.000      CL =  0.1371
      Cm = -0.0595     CD =  0.46178   =>   CDf =  0.00413    CDp =  0.45765

 Side 1  free  transition at x/c =  0.0481   10
 Side 2  free  transition at x/c =  0.0075   10

  34   rms: 0.3102E+01   max: 0.4169E+02   C at  102  2   RLX: 0.036
       a = -1.000      CL =  0.1430
      Cm = -0.0606     CD =  0.18659   =>   CDf =  0.00407    CDp =  0.18252

 Side 1  free  transition at x/c =  0.0482   10
 Side 2  free  transition at x/c =  0.0075   10

  35   rms: 0.1132E+02   max: -.1502E+03   T at  101  2   RLX: 0.003
       a = -1.000      CL =  0.1352
      Cm = -0.0593     CD =  0.15408   =>   CDf =  0.00401    CDp =  0.15007

 Side 1  free  transition at x/c =  0.0482   10
 Side 2  free  transition at x/c =  0.0075   10

  36   rms: 0.7191E+00   max: 0.6040E+01   T at   84  2   RLX: 0.095
       a = -1.000      CL =  0.1042
      Cm = -0.0558     CD =  0.15587   =>   CDf =  0.00402    CDp =  0.15184

 Side 1  free  transition at x/c =  0.0484   10
 Side 2  free  transition at x/c =  0.0074   10

  37   rms: 0.7566E+00   max: -.4515E+01   T at  101  2   RLX: 0.111
       a = -1.000      CL =  0.0854
      Cm = -0.0575     CD =  0.14653   =>   CDf =  0.00402    CDp =  0.14251

 TRCHEK2: N2 convergence failed.
 x:  0.02154  0.03143  0.03143  N:  8.343  9.000  9.181  Nx:  84.648   dN: 0.181E+00
 TRCHEK2: N2 convergence failed.
 x:  0.02154  0.03041  0.03143  N:  8.343  9.000  9.035  Nx:  90.096   dN:-0.146E+00
 TRCHEK2: N2 convergence failed.
 x:  0.02154  0.03122  0.03143  N:  8.343  9.000  9.049  Nx:  78.182   dN: 0.102E+00
 TRCHEK2: N2 convergence failed.
 x:  0.02154  0.03053  0.03143  N:  8.343  9.000  9.105  Nx:  78.586   dN: 0.116E+00
 TRCHEK2: N2 convergence failed.
 x:  0.02154  0.03023  0.03143  N:  8.343  9.000  9.049  Nx:  86.503   dN:-0.578E-01
 TRCHEK2: N2 convergence failed.
 x:  0.02154  0.03043  0.03143  N:  8.343  9.000  9.115  Nx:  78.944   dN: 0.560E+00
 TRCHEK2: N2 convergence failed.
 x:  0.02154  0.03050  0.03143  N:  8.343  9.000  9.028  Nx:  79.329   dN:-0.827E-01
 TRCHEK2: N2 convergence failed.
 x:  0.02154  0.03047  0.03143  N:  8.343  9.000  9.057  Nx:  78.572   dN:-0.135E-01
 TRCHEK2: N2 convergence failed.
 x:  0.02154  0.03096  0.03143  N:  8.343  9.000  9.070  Nx:  78.185   dN: 0.832E-01
 TRCHEK2: N2 convergence failed.
 x:  0.02154  0.03048  0.03143  N:  8.343  9.000  9.030  Nx:  79.439   dN:-0.955E-01
 TRCHEK2: N2 convergence failed.
 x:  0.02154  0.03024  0.03143  N:  8.343  9.000  9.067  Nx:  81.404   dN:-0.238E-01
 TRCHEK2: N2 convergence failed.
 x:  0.02154  0.03044  0.03143  N:  8.343  9.000  9.114  Nx:  78.601   dN: 0.137E+00
 TRCHEK2: N2 convergence failed.
 x:  0.02154  0.03046  0.03143  N:  8.343  9.000  9.112  Nx:  78.744   dN: 0.188E+00
 TRCHEK2: N2 convergence failed.
 x:  0.02154  0.03025  0.03143  N:  8.343  9.000  9.047  Nx:  82.112   dN:-0.576E-01
 TRCHEK2: N2 convergence failed.
 x:  0.02154  0.03028  0.03143  N:  8.343  9.000  9.045  Nx:  79.578   dN:-0.967E-01
 TRCHEK2: N2 convergence failed.
 x:  0.02154  0.03082  0.03143  N:  8.343  9.000  9.081  Nx:  78.185   dN: 0.727E-01
 TRCHEK2: N2 convergence failed.
 x:  0.02154  0.03023  0.03143  N:  8.343  9.000  9.048  Nx:  79.641   dN:-0.727E-01
 TRCHEK2: N2 convergence failed.
 x:  0.02154  0.03031  0.03143  N:  8.343  9.000  9.126  Nx:  79.040   dN: 0.393E+00
 TRCHEK2: N2 convergence failed.
 x:  0.02154  0.03026  0.03143  N:  8.343  9.000  9.046  Nx:  80.222   dN:-0.153E+00
 TRCHEK2: N2 convergence failed.
 x:  0.02154  0.03024  0.03143  N:  8.343  9.000  9.133  Nx:  79.083   dN: 0.801E+00
 TRCHEK2: N2 convergence failed.
 x:  0.02154  0.03022  0.03143  N:  8.343  9.000  9.049  Nx:  79.974   dN:-0.150E+00
 TRCHEK2: N2 convergence failed.
 x:  0.02154  0.03019  0.03143  N:  8.343  9.000  9.052  Nx:  79.132   dN:-0.991E+00
 TRCHEK2: N2 convergence failed.
 x:  0.02154  0.03017  0.03143  N:  8.343  9.000  9.053  Nx:  79.088   dN:-0.140E+00
 MRCHDU: Convergence failed at  12  side 2    Res =  0.6069E+01
 MRCHDU: Convergence failed at  13  side 2    Res =  0.2425E+02
 MRCHDU: Convergence failed at  14  side 2    Res =  0.4313E+02
 MRCHDU: Convergence failed at  15  side 2    Res =  0.3399E+02
 MRCHDU: Convergence failed at  16  side 2    Res =  0.3381E+02
 MRCHDU: Convergence failed at  17  side 2    Res =  0.3854E+02
 MRCHDU: Convergence failed at  18  side 2    Res =  0.3824E+02
 MRCHDU: Convergence failed at  19  side 2    Res =  0.3897E+02
 MRCHDU: Convergence failed at  20  side 2    Res =  0.5016E+02
 MRCHDU: Convergence failed at  21  side 2    Res =  0.6399E+02
 MRCHDU: Convergence failed at  22  side 2    Res =  0.1388E+03
 MRCHDU: Convergence failed at  23  side 2    Res =  0.1090E+04
 MRCHDU: Convergence failed at  24  side 2    Res =  0.1476E+03
 MRCHDU: Convergence failed at  25  side 2    Res =  0.8855E+02
 MRCHDU: Convergence failed at  26  side 2    Res =  0.1738E+03
 MRCHDU: Convergence failed at  27  side 2    Res =  0.4448E+03
 MRCHDU: Convergence failed at  28  side 2    Res =  0.1208E+03
 MRCHDU: Convergence failed at  29  side 2    Res =  0.5488E+03
 MRCHDU: Convergence failed at  30  side 2    Res =  0.4233E+03
 MRCHDU: Convergence failed at  31  side 2    Res =  0.2107E+03
 MRCHDU: Convergence failed at  32  side 2    Res =  0.2258E+03
 MRCHDU: Convergence failed at  33  side 2    Res =  0.4607E+03
 MRCHDU: Convergence failed at  34  side 2    Res =  0.1025E+04
 MRCHDU: Convergence failed at  35  side 2    Res =  0.1221E+03
 MRCHDU: Convergence failed at  36  side 2    Res =  0.8188E+03
 MRCHDU: Convergence failed at  37  side 2    Res =  0.3837E+03
 MRCHDU: Convergence failed at  38  side 2    Res =  0.2127E+03
 MRCHDU: Convergence failed at  39  side 2    Res =  0.1528E+03
 MRCHDU: Convergence failed at  40  side 2    Res =  0.1463E+03
 MRCHDU: Convergence failed at  41  side 2    Res =  0.1717E+03
 MRCHDU: Convergence failed at  42  side 2    Res =  0.2114E+03
 MRCHDU: Convergence failed at  43  side 2    Res =  0.2654E+03
 MRCHDU: Convergence failed at  44  side 2    Res =  0.5201E+03
 MRCHDU: Convergence failed at  45  side 2    Res =  0.1586E+04
 MRCHDU: Convergence failed at  46  side 2    Res =  0.7926E+03
 MRCHDU: Convergence failed at  47  side 2    Res =  0.3423E+03
 MRCHDU: Convergence failed at  48  side 2    Res =  0.2188E+03
 MRCHDU: Convergence failed at  49  side 2    Res =  0.1523E+03
 MRCHDU: Convergence failed at  50  side 2    Res =  0.1565E+03
 MRCHDU: Convergence failed at  51  side 2    Res =  0.2142E+03
 MRCHDU: Convergence failed at  52  side 2    Res =  0.3092E+03
 MRCHDU: Convergence failed at  53  side 2    Res =  0.6886E+02
 MRCHDU: Convergence failed at  54  side 2    Res =  0.6446E+02
 MRCHDU: Convergence failed at  55  side 2    Res =  0.4348E+03
 MRCHDU: Convergence failed at  56  side 2    Res =  0.1970E+03
 MRCHDU: Convergence failed at  57  side 2    Res =  0.8198E+03
 MRCHDU: Convergence failed at  58  side 2    Res =  0.1535E+03
 MRCHDU: Convergence failed at  59  side 2    Res =  0.2405E+03
 MRCHDU: Convergence failed at  60  side 2    Res =  0.5695E+03
 MRCHDU: Convergence failed at  61  side 2    Res =  0.1033E+03
 MRCHDU: Convergence failed at  62  side 2    Res =  0.1086E+03
 MRCHDU: Convergence failed at  63  side 2    Res =  0.1699E+03
 MRCHDU: Convergence failed at  64  side 2    Res =  0.3329E+03
 MRCHDU: Convergence failed at  65  side 2    Res =  0.1151E+03
 MRCHDU: Convergence failed at  66  side 2    Res =  0.6225E+02
 MRCHDU: Convergence failed at  67  side 2    Res =  0.9851E+02
 MRCHDU: Convergence failed at  68  side 2    Res =  0.1082E+03
 MRCHDU: Convergence failed at  69  side 2    Res =  0.7236E+02
 MRCHDU: Convergence failed at  70  side 2    Res =  0.1007E+03
 MRCHDU: Convergence failed at  71  side 2    Res =  0.5508E+03
 MRCHDU: Convergence failed at  72  side 2    Res =  0.7390E+02
 MRCHDU: Convergence failed at  73  side 2    Res =  0.9876E+02
 MRCHDU: Convergence failed at  74  side 2    Res =  0.2049E+03
 MRCHDU: Convergence failed at  75  side 2    Res =  0.4991E+02
 MRCHDU: Convergence failed at  76  side 2    Res =  0.1211E+03
 MRCHDU: Convergence failed at  83  side 2    Res =  0.8823E+03
 Side 1  free  transition at x/c =  0.0487   10
 Side 2  free  transition at x/c =  0.0228   12

  38   rms: 0.2390E+01   max: -.2970E+02   C at  103  2   RLX: 0.017
       a = -1.000      CL = -1.2831
      Cm =  0.3344     CD =  0.17707   =>   CDf =  0.00366    CDp =  0.17341

 Side 1  free  transition at x/c =  0.0487   10
 Side 2  free  transition at x/c =  0.0223   12

  39   rms: 0.2547E+02   max: 0.3516E+03   C at  103  2   RLX: 0.004
       a = -1.000      CL = -0.8958
      Cm =  0.2198     CD =  0.26681   =>   CDf =  0.00400    CDp =  0.26281

 Side 1  free  transition at x/c =  0.0487   10
 Side 2  free  transition at x/c =  0.0210   12

  40   rms: 0.8684E+01   max: 0.1186E+03   C at  103  2   RLX: 0.013
       a = -1.000      CL = -0.8805
      Cm =  0.2175     CD =  0.30198   =>   CDf =  0.00399    CDp =  0.29798

 Side 1  free  transition at x/c =  0.0486   10
 Side 2  free  transition at x/c =  0.0211   12

  41   rms: 0.3413E+01   max: -.4288E+02   T at  102  2   RLX: 0.012
       a = -1.000      CL = -0.8938
      Cm =  0.2194     CD =  0.32075   =>   CDf =  0.00396    CDp =  0.31679

 MRCHDU: Convergence failed at  83  side 2    Res =  0.1197E+00
 Side 1  free  transition at x/c =  0.0487   10
 Side 2  free  transition at x/c =  0.0165   11

  42   rms: 0.3298E+01   max: -.4473E+02   T at  101  2   RLX: 0.011
       a = -1.000      CL = -0.8520
      Cm =  0.2166     CD =  0.28765   =>   CDf =  0.00398    CDp =  0.28368

 Side 1  free  transition at x/c =  0.0487   10
 Side 2  free  transition at x/c =  0.0165   11

  43   rms: 0.5121E+01   max: 0.5102E+02   T at  102  2   RLX: 0.010
       a = -1.000      CL = -0.8405
      Cm =  0.2134     CD =  0.26200   =>   CDf =  0.00399    CDp =  0.25801

 Side 1  free  transition at x/c =  0.0487   10
 Side 2  free  transition at x/c =  0.0165   11

  44   rms: 0.8257E+01   max: 0.5726E+02   T at  102  2   RLX: 0.010
       a = -1.000      CL = -0.8299
      Cm =  0.2104     CD =  0.34065   =>   CDf =  0.00399    CDp =  0.33665

 Side 1  free  transition at x/c =  0.0487   10
 Side 2  free  transition at x/c =  0.0165   11

  45   rms: 0.2633E+01   max: 0.2299E+02   C at  103  2   RLX: 0.026
       a = -1.000      CL = -0.8023
      Cm =  0.2035     CD =  1.72036   =>   CDf =  0.00400    CDp =  1.71636

 Side 1  free  transition at x/c =  0.0487   10
 Side 2  free  transition at x/c =  0.0165   11

  46   rms: 0.7963E+01   max: -.5614E+02   C at   83  2   RLX: 0.009
       a = -1.000      CL = -0.7938
      Cm =  0.2010     CD =  2.49908   =>   CDf =  0.00398    CDp =  2.49510

 Side 1  free  transition at x/c =  0.0487   10
 Side 2  free  transition at x/c =  0.0165   11

  47   rms: 0.4501E+02   max: -.3573E+03   C at   83  2   RLX: 0.001
       a = -1.000      CL = -0.7922
      Cm =  0.2004     CD =  2.85069   =>   CDf =  0.00398    CDp =  2.84671

 Side 1  free  transition at x/c =  0.0487   10
 Side 2  free  transition at x/c =  0.0165   11

  48   rms: 0.8645E+02   max: 0.7535E+03   C at   83  2   RLX: 0.002
       a = -1.000      CL = -0.7904
      Cm =  0.2000     CD =  2.93322   =>   CDf =  0.00398    CDp =  2.92924

 Side 1  free  transition at x/c =  0.0487   10
 Side 2  free  transition at x/c =  0.0165   11

  49   rms: 0.1130E+02   max: -.8502E+02   C at   83  2   RLX: 0.006
       a = -1.000      CL = -0.7847
      Cm =  0.1985     CD =  2.84620   =>   CDf =  0.00398    CDp =  2.84223

 Side 1  free  transition at x/c =  0.0487   10
 Side 2  free  transition at x/c =  0.0165   11

  50   rms: 0.2413E+02   max: 0.1896E+03   C at   83  2   RLX: 0.008
       a = -1.000      CL = -0.7772
      Cm =  0.1967     CD =  3.11932   =>   CDf =  0.00398    CDp =  3.11535

 Side 1  free  transition at x/c =  0.0487   10
 Side 2  free  transition at x/c =  0.0165   11

  51   rms: 0.3767E+01   max: -.2416E+02   C at   84  2   RLX: 0.021
       a = -1.000      CL = -0.7579
      Cm =  0.1916     CD =  3.52781   =>   CDf =  0.00397    CDp =  3.52384

 MRCHDU: Convergence failed at 106  side 2    Res =  0.8014E-03
 Side 1  free  transition at x/c =  0.0487   10
 Side 2  free  transition at x/c =  0.0165   11

  52   rms: 0.8637E+01   max: -.6730E+02   C at   83  2   RLX: 0.007
       a = -1.000      CL = -0.7509
      Cm =  0.1896     CD =  3.87727   =>   CDf =  0.00397    CDp =  3.87330

 MRCHDU: Convergence failed at 100  side 2    Res =  0.2785E-02
 MRCHDU: Convergence failed at 101  side 2    Res =  0.2313E-04
 MRCHDU: Convergence failed at 102  side 2    Res =  0.4093E-04
 Side 1  free  transition at x/c =  0.0487   10
 Side 2  free  transition at x/c =  0.0165   11

  53   rms: 0.2571E+02   max: -.2151E+03   C at   83  2   RLX: 0.002
       a = -1.000      CL = -0.7487
      Cm =  0.1890     CD =  3.65361   =>   CDf =  0.00397    CDp =  3.64964

 MRCHDU: Convergence failed at 100  side 2    Res =  0.3803E-02
 MRCHDU: Convergence failed at 101  side 2    Res =  0.2468E-04
 MRCHDU: Convergence failed at 102  side 2    Res =  0.4153E-04
 Side 1  free  transition at x/c =  0.0487   10
 Side 2  free  transition at x/c =  0.0165   11

  54   rms: 0.9702E+02   max: -.9002E+03   C at   83  2   RLX: 0.001
       a = -1.000      CL = -0.7481
      Cm =  0.1888     CD =  3.53008   =>   CDf =  0.00397    CDp =  3.52612

 MRCHDU: Convergence failed at 100  side 2    Res =  0.4117E-02
 MRCHDU: Convergence failed at 101  side 2    Res =  0.2534E-04
 MRCHDU: Convergence failed at 102  side 2    Res =  0.4179E-04
 Side 1  free  transition at x/c =  0.0487   10
 Side 2  free  transition at x/c =  0.0165   11

  55   rms: 0.1558E+04   max: -.1716E+05   C at   83  2   RLX: 0.000
       a = -1.000      CL = -0.7480
      Cm =  0.1888     CD =  3.47218   =>   CDf =  0.00397    CDp =  3.46822

 MRCHDU: Convergence failed at 100  side 2    Res =  0.4263E-02
 MRCHDU: Convergence failed at 101  side 2    Res =  0.2561E-04
 MRCHDU: Convergence failed at 102  side 2    Res =  0.4191E-04
 Side 1  free  transition at x/c =  0.0487   10
 Side 2  free  transition at x/c =  0.0165   11

  56   rms: 0.2012E+03   max: 0.2754E+04   C at   83  2   RLX: 0.001
       a = -1.000      CL = -0.7476
      Cm =  0.1887     CD =  3.45625   =>   CDf =  0.00397    CDp =  3.45228

 MRCHDU: Convergence failed at 100  side 2    Res =  0.3949E-02
 MRCHDU: Convergence failed at 101  side 2    Res =  0.2502E-04
 MRCHDU: Convergence failed at 102  side 2    Res =  0.4166E-04
 Side 1  free  transition at x/c =  0.0487   10
 Side 2  free  transition at x/c =  0.0165   11

  57   rms: 0.1560E+03   max: -.1457E+04   C at   83  2   RLX: 0.000
       a = -1.000      CL = -0.7472
      Cm =  0.1886     CD =  3.49233   =>   CDf =  0.00397    CDp =  3.48836

 MRCHDU: Convergence failed at 100  side 2    Res =  0.4336E-02
 MRCHDU: Convergence failed at 101  side 2    Res =  0.2574E-04
 MRCHDU: Convergence failed at 102  side 2    Res =  0.4193E-04
 Side 1  free  transition at x/c =  0.0487   10
 Side 2  free  transition at x/c =  0.0165   11

  58   rms: 0.6022E+02   max: 0.6570E+03   C at   83  2   RLX: 0.002
       a = -1.000      CL = -0.7453
      Cm =  0.1881     CD =  3.47042   =>   CDf =  0.00397    CDp =  3.46646

 MRCHDU: Convergence failed at 100  side 2    Res =  0.2050E-02
 MRCHDU: Convergence failed at 101  side 2    Res =  0.2357E-04
 MRCHDU: Convergence failed at 102  side 2    Res =  0.4101E-04
 Side 1  free  transition at x/c =  0.0487   10
 Side 2  free  transition at x/c =  0.0165   11

  59   rms: 0.3157E+02   max: -.2650E+03   C at   83  2   RLX: 0.002
       a = -1.000      CL = -0.7435
      Cm =  0.1876     CD =  3.62737   =>   CDf =  0.00396    CDp =  3.62341

 MRCHDU: Convergence failed at 100  side 2    Res =  0.2946E-02
 MRCHDU: Convergence failed at 101  side 2    Res =  0.2487E-04
 MRCHDU: Convergence failed at 102  side 2    Res =  0.4151E-04
 Side 1  free  transition at x/c =  0.0487   10
 Side 2  free  transition at x/c =  0.0165   11

  60   rms: 0.1457E+03   max: -.1384E+04   C at   83  2   RLX: 0.000
       a = -1.000      CL = -0.7431
      Cm =  0.1875     CD =  3.51976   =>   CDf =  0.00397    CDp =  3.51580

 MRCHDU: Convergence failed at 100  side 2    Res =  0.3290E-02
 MRCHDU: Convergence failed at 101  side 2    Res =  0.2543E-04
 MRCHDU: Convergence failed at 102  side 2    Res =  0.4174E-04
 Side 1  free  transition at x/c =  0.0487   10
 Side 2  free  transition at x/c =  0.0165   11

  61   rms: 0.4055E+03   max: 0.4605E+04   C at   83  2   RLX: 0.000
       a = -1.000      CL = -0.7429
      Cm =  0.1875     CD =  3.49043   =>   CDf =  0.00397    CDp =  3.48647

 MRCHDU: Convergence failed at 100  side 2    Res =  0.1990E-02
 MRCHDU: Convergence failed at 101  side 2    Res =  0.2453E-04
 MRCHDU: Convergence failed at 102  side 2    Res =  0.4134E-04
 Side 1  free  transition at x/c =  0.0487   10
 Side 2  free  transition at x/c =  0.0165   11

  62   rms: 0.4647E+02   max: -.3939E+03   C at   83  2   RLX: 0.001
       a = -1.000      CL = -0.7417
      Cm =  0.1872     CD =  3.53795   =>   CDf =  0.00396    CDp =  3.53398

 MRCHDU: Convergence failed at 100  side 2    Res =  0.3007E-02
 MRCHDU: Convergence failed at 101  side 2    Res =  0.2588E-04
 MRCHDU: Convergence failed at 102  side 2    Res =  0.4183E-04
 Side 1  free  transition at x/c =  0.0487   10
 Side 2  free  transition at x/c =  0.0165   11

  63   rms: 0.1038E+02   max: 0.8822E+02   C at   83  2   RLX: 0.017
       a = -1.000      CL = -0.7269
      Cm =  0.1835     CD =  3.62120   =>   CDf =  0.00397    CDp =  3.61724

 Side 1  free  transition at x/c =  0.0487   10
 Side 2  free  transition at x/c =  0.0165   11

  64   rms: 0.9841E+01   max: -.7758E+02   C at   83  2   RLX: 0.006
       a = -1.000      CL = -0.7212
      Cm =  0.1819     CD =  4.34765   =>   CDf =  0.00395    CDp =  4.34369

 Side 1  free  transition at x/c =  0.0487   10
 Side 2  free  transition at x/c =  0.0165   11

  65   rms: 0.2488E+02   max: -.2115E+03   C at   83  2   RLX: 0.002
       a = -1.000      CL = -0.7190
      Cm =  0.1812     CD =  4.33932   =>   CDf =  0.00395    CDp =  4.33536

 Side 1  free  transition at x/c =  0.0487   10
 Side 2  free  transition at x/c =  0.0165   11

  66   rms: 0.6452E+02   max: -.6240E+03   C at   83  2   RLX: 0.001
       a = -1.000      CL = -0.7182
      Cm =  0.1810     CD =  4.32162   =>   CDf =  0.00395    CDp =  4.31767

 Side 1  free  transition at x/c =  0.0487   10
 Side 2  free  transition at x/c =  0.0165   11

  67   rms: 0.1624E+03   max: -.1888E+04   C at   83  2   RLX: 0.000
       a = -1.000      CL = -0.7180
      Cm =  0.1809     CD =  4.31721   =>   CDf =  0.00395    CDp =  4.31326

 Side 1  free  transition at x/c =  0.0487   10
 Side 2  free  transition at x/c =  0.0165   11

  68   rms: 0.4443E+03   max: -.6485E+04   C at   83  2   RLX: 0.000
       a = -1.000      CL = -0.7179
      Cm =  0.1809     CD =  4.32489   =>   CDf =  0.00395    CDp =  4.32093

 Side 1  free  transition at x/c =  0.0487   10
 Side 2  free  transition at x/c =  0.0165   11

  69   rms: 0.2693E+04   max: -.4961E+05   C at   83  2   RLX: 0.000
       a = -1.000      CL = -0.7179
      Cm =  0.1809     CD =  4.33750   =>   CDf =  0.00395    CDp =  4.33355

 Side 1  free  transition at x/c =  0.0487   10
 Side 2  free  transition at x/c =  0.0165   11

  70   rms: 0.1638E+04   max: 0.3637E+05   C at   83  2   RLX: 0.000
       a = -1.000      CL = -0.7179
      Cm =  0.1809     CD =  4.34900   =>   CDf =  0.00395    CDp =  4.34504

 MRCHDU: Convergence failed at 106  side 2    Res =  0.1802E-03
 Side 1  free  transition at x/c =  0.0487   10
 Side 2  free  transition at x/c =  0.0165   11

  71   rms: 0.3977E+03   max: -.5677E+04   C at   83  2   RLX: 0.000
       a = -1.000      CL = -0.7178
      Cm =  0.1809     CD =  4.40829   =>   CDf =  0.00395    CDp =  4.40433

 MRCHDU: Convergence failed at 106  side 2    Res =  0.3275E-03
 Side 1  free  transition at x/c =  0.0487   10
 Side 2  free  transition at x/c =  0.0165   11

  72   rms: 0.1941E+04   max: -.3503E+05   C at   83  2   RLX: 0.000
       a = -1.000      CL = -0.7177
      Cm =  0.1809     CD =  4.42034   =>   CDf =  0.00395    CDp =  4.41638

 MRCHDU: Convergence failed at 106  side 2    Res =  0.4640E-03
 Side 1  free  transition at x/c =  0.0487   10
 Side 2  free  transition at x/c =  0.0165   11

  73   rms: 0.1869E+04   max: 0.4090E+05   C at   83  2   RLX: 0.000
       a = -1.000      CL = -0.7177
      Cm =  0.1809     CD =  4.43190   =>   CDf =  0.00395    CDp =  4.42794

 MRCHDU: Convergence failed at 106  side 2    Res =  0.1120E-02
 Side 1  free  transition at x/c =  0.0487   10
 Side 2  free  transition at x/c =  0.0165   11

  74   rms: 0.3602E+03   max: -.5036E+04   C at   83  2   RLX: 0.000
       a = -1.000      CL = -0.7176
      Cm =  0.1809     CD =  4.49023   =>   CDf =  0.00395    CDp =  4.48627

 MRCHDU: Convergence failed at 106  side 2    Res =  0.1261E-02
 Side 1  free  transition at x/c =  0.0487   10
 Side 2  free  transition at x/c =  0.0165   11

  75   rms: 0.1526E+04   max: -.2700E+05   C at   83  2   RLX: 0.000
       a = -1.000      CL = -0.7176
      Cm =  0.1808     CD =  4.50167   =>   CDf =  0.00395    CDp =  4.49771

 MRCHDU: Convergence failed at 106  side 2    Res =  0.1395E-02
 Side 1  free  transition at x/c =  0.0487   10
 Side 2  free  transition at x/c =  0.0165   11

  76   rms: 0.2175E+04   max: 0.4692E+05   C at   83  2   RLX: 0.000
       a = -1.000      CL = -0.7176
      Cm =  0.1808     CD =  4.51322   =>   CDf =  0.00395    CDp =  4.50926

 MRCHDU: Convergence failed at 100  side 2    Res =  0.1161E-04
 MRCHDU: Convergence failed at 101  side 2    Res =  0.1650E-04
 MRCHDU: Convergence failed at 102  side 2    Res =  0.3687E-04
 MRCHDU: Convergence failed at 105  side 2    Res =  0.3189E-04
 MRCHDU: Convergence failed at 106  side 2    Res =  0.1931E-02
 Side 1  free  transition at x/c =  0.0487   10
 Side 2  free  transition at x/c =  0.0165   11

  77   rms: 0.3292E+03   max: -.4513E+04   C at   83  2   RLX: 0.000
       a = -1.000      CL = -0.7175
      Cm =  0.1808     CD =  4.56684   =>   CDf =  0.00395    CDp =  4.56288

 MRCHDU: Convergence failed at 100  side 2    Res =  0.1542E-03
 MRCHDU: Convergence failed at 101  side 2    Res =  0.1643E-04
 MRCHDU: Convergence failed at 102  side 2    Res =  0.3688E-04
 MRCHDU: Convergence failed at 105  side 2    Res =  0.2445E-04
 MRCHDU: Convergence failed at 106  side 2    Res =  0.1931E-02
 Side 1  free  transition at x/c =  0.0487   10
 Side 2  free  transition at x/c =  0.0165   11

  78   rms: 0.1259E+04   max: -.2186E+05   C at   83  2   RLX: 0.000
       a = -1.000      CL = -0.7175
      Cm =  0.1808     CD =  4.56384   =>   CDf =  0.00395    CDp =  4.55988

 MRCHDU: Convergence failed at 100  side 2    Res =  0.2833E-03
 MRCHDU: Convergence failed at 101  side 2    Res =  0.1637E-04
 MRCHDU: Convergence failed at 102  side 2    Res =  0.3688E-04
 MRCHDU: Convergence failed at 105  side 2    Res =  0.2286E-04
 MRCHDU: Convergence failed at 106  side 2    Res =  0.1931E-02
 Side 1  free  transition at x/c =  0.0487   10
 Side 2  free  transition at x/c =  0.0165   11

  79   rms: 0.2625E+04   max: 0.5583E+05   C at   83  2   RLX: 0.000
       a = -1.000      CL = -0.7175
      Cm =  0.1808     CD =  4.56247   =>   CDf =  0.00395    CDp =  4.55852

 MRCHDU: Convergence failed at 100  side 2    Res =  0.9069E-03
 MRCHDU: Convergence failed at 101  side 2    Res =  0.1637E-04
 MRCHDU: Convergence failed at 102  side 2    Res =  0.3687E-04
 MRCHDU: Convergence failed at 105  side 2    Res =  0.2168E-04
 MRCHDU: Convergence failed at 106  side 2    Res =  0.1931E-02
 Side 1  free  transition at x/c =  0.0487   10
 Side 2  free  transition at x/c =  0.0165   11

  80   rms: 0.3017E+03   max: -.4061E+04   C at   83  2   RLX: 0.000
       a = -1.000      CL = -0.7173
      Cm =  0.1808     CD =  4.55892   =>   CDf =  0.00395    CDp =  4.55496

 MRCHDU: Convergence failed at 100  side 2    Res =  0.1010E-02
 MRCHDU: Convergence failed at 101  side 2    Res =  0.1632E-04
 MRCHDU: Convergence failed at 102  side 2    Res =  0.3689E-04
 MRCHDU: Convergence failed at 105  side 2    Res =  0.1267E-04
 MRCHDU: Convergence failed at 106  side 2    Res =  0.1930E-02
 Side 1  free  transition at x/c =  0.0487   10
 Side 2  free  transition at x/c =  0.0165   11

  81   rms: 0.1063E+04   max: -.1812E+05   C at   83  2   RLX: 0.000
       a = -1.000      CL = -0.7173
      Cm =  0.1808     CD =  4.55540   =>   CDf =  0.00395    CDp =  4.55145

 MRCHDU: Convergence failed at 100  side 2    Res =  0.1113E-02
 MRCHDU: Convergence failed at 101  side 2    Res =  0.1627E-04
 MRCHDU: Convergence failed at 102  side 2    Res =  0.3689E-04
 MRCHDU: Convergence failed at 105  side 2    Res =  0.1043E-04
 MRCHDU: Convergence failed at 106  side 2    Res =  0.1930E-02
 Side 1  free  transition at x/c =  0.0487   10
 Side 2  free  transition at x/c =  0.0165   11

  82   rms: 0.3336E+04   max: 0.7002E+05   C at   83  2   RLX: 0.000
       a = -1.000      CL = -0.7173
      Cm =  0.1808     CD =  4.55399   =>   CDf =  0.00395    CDp =  4.55003

 MRCHDU: Convergence failed at 100  side 2    Res =  0.1753E-02
 MRCHDU: Convergence failed at 101  side 2    Res =  0.1626E-04
 MRCHDU: Convergence failed at 102  side 2    Res =  0.3688E-04
 MRCHDU: Convergence failed at 105  side 2    Res =  0.1013E-04
 MRCHDU: Convergence failed at 106  side 2    Res =  0.1930E-02
 Side 1  free  transition at x/c =  0.0487   10
 Side 2  free  transition at x/c =  0.0165   11

  83   rms: 0.2770E+03   max: -.3666E+04   C at   83  2   RLX: 0.000
       a = -1.000      CL = -0.7172
      Cm =  0.1807     CD =  4.55050   =>   CDf =  0.00395    CDp =  4.54655

 MRCHDU: Convergence failed at 100  side 2    Res =  0.1818E-02
 MRCHDU: Convergence failed at 101  side 2    Res =  0.1622E-04
 MRCHDU: Convergence failed at 102  side 2    Res =  0.3690E-04
 MRCHDU: Convergence failed at 106  side 2    Res =  0.1930E-02
 Side 1  free  transition at x/c =  0.0487   10
 Side 2  free  transition at x/c =  0.0165   11

  84   rms: 0.9251E+03   max: -.1552E+05   C at   83  2   RLX: 0.000
       a = -1.000      CL = -0.7171
      Cm =  0.1807     CD =  4.54652   =>   CDf =  0.00395    CDp =  4.54256

 MRCHDU: Convergence failed at 100  side 2    Res =  0.1897E-02
 MRCHDU: Convergence failed at 101  side 2    Res =  0.1618E-04
 MRCHDU: Convergence failed at 102  side 2    Res =  0.3691E-04
 MRCHDU: Convergence failed at 106  side 2    Res =  0.1927E-02
 Side 1  free  transition at x/c =  0.0487   10
 Side 2  free  transition at x/c =  0.0165   11

  85   rms: 0.4544E+04   max: 0.9413E+05   C at   83  2   RLX: 0.000
       a = -1.000      CL = -0.7172
      Cm =  0.1807     CD =  4.54503   =>   CDf =  0.00395    CDp =  4.54107

 MRCHDU: Convergence failed at 100  side 2    Res =  0.2551E-02
 MRCHDU: Convergence failed at 101  side 2    Res =  0.1616E-04
 MRCHDU: Convergence failed at 102  side 2    Res =  0.3689E-04
 MRCHDU: Convergence failed at 106  side 2    Res =  0.1927E-02
 Side 1  free  transition at x/c =  0.0487   10
 Side 2  free  transition at x/c =  0.0165   11

  86   rms: 0.2577E+03   max: -.3358E+04   C at   83  2   RLX: 0.000
       a = -1.000      CL = -0.7170
      Cm =  0.1807     CD =  4.54163   =>   CDf =  0.00395    CDp =  4.53767

 MRCHDU: Convergence failed at 100  side 2    Res =  0.2580E-02
 MRCHDU: Convergence failed at 101  side 2    Res =  0.1614E-04
 MRCHDU: Convergence failed at 102  side 2    Res =  0.3691E-04
 MRCHDU: Convergence failed at 106  side 2    Res =  0.1915E-02
 Side 1  free  transition at x/c =  0.0487   10
 Side 2  free  transition at x/c =  0.0165   11

  87   rms: 0.8195E+03   max: -.1353E+05   C at   83  2   RLX: 0.000
       a = -1.000      CL = -0.7170
      Cm =  0.1807     CD =  4.53710   =>   CDf =  0.00395    CDp =  4.53315

 MRCHDU: Convergence failed at 100  side 2    Res =  0.2636E-02
 MRCHDU: Convergence failed at 101  side 2    Res =  0.1610E-04
 MRCHDU: Convergence failed at 102  side 2    Res =  0.3692E-04
 MRCHDU: Convergence failed at 106  side 2    Res =  0.1911E-02
 Side 1  free  transition at x/c =  0.0487   10
 Side 2  free  transition at x/c =  0.0165   11

  88   rms: 0.7027E+04   max: 0.1438E+06   C at   83  2   RLX: 0.000
       a = -1.000      CL = -0.7170
      Cm =  0.1807     CD =  4.53555   =>   CDf =  0.00395    CDp =  4.53159

 MRCHDU: Convergence failed at 100  side 2    Res =  0.3302E-02
 MRCHDU: Convergence failed at 101  side 2    Res =  0.1608E-04
 MRCHDU: Convergence failed at 102  side 2    Res =  0.3691E-04
 MRCHDU: Convergence failed at 106  side 2    Res =  0.1913E-02
 Side 1  free  transition at x/c =  0.0487   10
 Side 2  free  transition at x/c =  0.0165   11

  89   rms: 0.2420E+03   max: -.3107E+04   C at   83  2   RLX: 0.000
       a = -1.000      CL = -0.7168
      Cm =  0.1806     CD =  4.53223   =>   CDf =  0.00395    CDp =  4.52828

 MRCHDU: Convergence failed at 100  side 2    Res =  0.3298E-02
 MRCHDU: Convergence failed at 101  side 2    Res =  0.1606E-04
 MRCHDU: Convergence failed at 102  side 2    Res =  0.3693E-04
 MRCHDU: Convergence failed at 106  side 2    Res =  0.1898E-02
 Side 1  free  transition at x/c =  0.0487   10
 Side 2  free  transition at x/c =  0.0165   11

  90   rms: 0.7378E+03   max: -.1200E+05   C at   83  2   RLX: 0.000
       a = -1.000      CL = -0.7168
      Cm =  0.1806     CD =  4.52714   =>   CDf =  0.00395    CDp =  4.52319

 MRCHDU: Convergence failed at 100  side 2    Res =  0.3332E-02
 MRCHDU: Convergence failed at 101  side 2    Res =  0.1603E-04
 MRCHDU: Convergence failed at 102  side 2    Res =  0.3694E-04
 MRCHDU: Convergence failed at 106  side 2    Res =  0.1894E-02
 Side 1  free  transition at x/c =  0.0487   10
 Side 2  free  transition at x/c =  0.0165   11

  91   rms: 0.1499E+05   max: 0.3030E+06   C at   83  2   RLX: 0.000
       a = -1.000      CL = -0.7168
      Cm =  0.1806     CD =  4.52551   =>   CDf =  0.00395    CDp =  4.52156

 MRCHDU: Convergence failed at 100  side 2    Res =  0.4008E-02
 MRCHDU: Convergence failed at 101  side 2    Res =  0.1600E-04
 MRCHDU: Convergence failed at 102  side 2    Res =  0.3692E-04
 MRCHDU: Convergence failed at 106  side 2    Res =  0.1896E-02
 Side 1  free  transition at x/c =  0.0487   10
 Side 2  free  transition at x/c =  0.0165   11

  92   rms: 0.2277E+03   max: -.2885E+04   C at   83  2   RLX: 0.000
       a = -1.000      CL = -0.7167
      Cm =  0.1806     CD =  4.52230   =>   CDf =  0.00395    CDp =  4.51834

 MRCHDU: Convergence failed at 100  side 2    Res =  0.3974E-02
 MRCHDU: Convergence failed at 101  side 2    Res =  0.1600E-04
 MRCHDU: Convergence failed at 102  side 2    Res =  0.3695E-04
 MRCHDU: Convergence failed at 106  side 2    Res =  0.1880E-02
 Side 1  free  transition at x/c =  0.0487   10
 Side 2  free  transition at x/c =  0.0165   11

  93   rms: 0.6728E+03   max: -.1079E+05   C at   83  2   RLX: 0.000
       a = -1.000      CL = -0.7166
      Cm =  0.1806     CD =  4.51666   =>   CDf =  0.00395    CDp =  4.51271

 MRCHDU: Convergence failed at 100  side 2    Res =  0.3987E-02
 MRCHDU: Convergence failed at 101  side 2    Res =  0.1597E-04
 MRCHDU: Convergence failed at 102  side 2    Res =  0.3696E-04
 MRCHDU: Convergence failed at 106  side 2    Res =  0.1875E-02
 Side 1  free  transition at x/c =  0.0487   10
 Side 2  free  transition at x/c =  0.0165   11

  94   rms: 0.1533E+06   max: -.3063E+07   C at   83  2   RLX: 0.000
       a = -1.000      CL = -0.7166
      Cm =  0.1806     CD =  4.51474   =>   CDf =  0.00395    CDp =  4.51078

 MRCHDU: Convergence failed at 100  side 2    Res =  0.4018E-02
 MRCHDU: Convergence failed at 101  side 2    Res =  0.1594E-04
 MRCHDU: Convergence failed at 102  side 2    Res =  0.3696E-04
 MRCHDU: Convergence failed at 106  side 2    Res =  0.1873E-02
 Side 1  free  transition at x/c =  0.0487   10
 Side 2  free  transition at x/c =  0.0165   11

  95   rms: 0.1301E+04   max: 0.3046E+05   C at   83  2   RLX: 0.000
       a = -1.000      CL = -0.7166
      Cm =  0.1806     CD =  4.51350   =>   CDf =  0.00395    CDp =  4.50954

 MRCHDU: Convergence failed at 100  side 2    Res =  0.4657E-02
 MRCHDU: Convergence failed at 101  side 2    Res =  0.1590E-04
 MRCHDU: Convergence failed at 102  side 2    Res =  0.3695E-04
 MRCHDU: Convergence failed at 106  side 2    Res =  0.1874E-02
 Side 1  free  transition at x/c =  0.0487   10
 Side 2  free  transition at x/c =  0.0165   11

  96   rms: 0.5725E+03   max: -.8925E+04   C at   83  2   RLX: 0.000
       a = -1.000      CL = -0.7165
      Cm =  0.1806     CD =  4.51188   =>   CDf =  0.00395    CDp =  4.50792

 MRCHDU: Convergence failed at 100  side 2    Res =  0.4646E-02
 MRCHDU: Convergence failed at 101  side 2    Res =  0.1588E-04
 MRCHDU: Convergence failed at 102  side 2    Res =  0.3696E-04
 MRCHDU: Convergence failed at 106  side 2    Res =  0.1868E-02
 Side 1  free  transition at x/c =  0.0487   10
 Side 2  free  transition at x/c =  0.0165   11

  97   rms: 0.6763E+04   max: -.1320E+06   C at   83  2   RLX: 0.000
       a = -1.000      CL = -0.7165
      Cm =  0.1806     CD =  4.50959   =>   CDf =  0.00395    CDp =  4.50563

 MRCHDU: Convergence failed at 100  side 2    Res =  0.4664E-02
 MRCHDU: Convergence failed at 101  side 2    Res =  0.1586E-04
 MRCHDU: Convergence failed at 102  side 2    Res =  0.3697E-04
 MRCHDU: Convergence failed at 106  side 2    Res =  0.1866E-02
 Side 1  free  transition at x/c =  0.0487   10
 Side 2  free  transition at x/c =  0.0165   11

  98   rms: 0.1437E+04   max: 0.3314E+05   C at   83  2   RLX: 0.000
       a = -1.000      CL = -0.7165
      Cm =  0.1806     CD =  4.50831   =>   CDf =  0.00395    CDp =  4.50435

 MRCHDU: Convergence failed at 100  side 2    Res =  0.5321E-02
 MRCHDU: Convergence failed at 101  side 2    Res =  0.1582E-04
 MRCHDU: Convergence failed at 102  side 2    Res =  0.3695E-04
 MRCHDU: Convergence failed at 106  side 2    Res =  0.1867E-02
 Side 1  free  transition at x/c =  0.0487   10
 Side 2  free  transition at x/c =  0.0165   11

  99   rms: 0.4977E+03   max: -.7557E+04   C at   83  2   RLX: 0.000
       a = -1.000      CL = -0.7164
      Cm =  0.1805     CD =  4.50667   =>   CDf =  0.00395    CDp =  4.50271

 MRCHDU: Convergence failed at 100  side 2    Res =  0.5286E-02
 MRCHDU: Convergence failed at 101  side 2    Res =  0.1580E-04
 MRCHDU: Convergence failed at 102  side 2    Res =  0.3697E-04
 MRCHDU: Convergence failed at 106  side 2    Res =  0.1859E-02
 Side 1  free  transition at x/c =  0.0487   10
 Side 2  free  transition at x/c =  0.0165   11

 100   rms: 0.3438E+04   max: -.6560E+05   C at   83  2   RLX: 0.000
       a = -1.000      CL = -0.7164
      Cm =  0.1805     CD =  4.50399   =>   CDf =  0.00395    CDp =  4.50004

 MRCHDU: Convergence failed at 100  side 2    Res =  0.5289E-02
 MRCHDU: Convergence failed at 101  side 2    Res =  0.1578E-04
 MRCHDU: Convergence failed at 102  side 2    Res =  0.3697E-04
 MRCHDU: Convergence failed at 106  side 2    Res =  0.1857E-02
 Side 1  free  transition at x/c =  0.0487   10
 Side 2  free  transition at x/c =  0.0165   11

 101   rms: 0.1609E+04   max: 0.3657E+05   C at   83  2   RLX: 0.000
       a = -1.000      CL = -0.7164
      Cm =  0.1805     CD =  4.50266   =>   CDf =  0.00395    CDp =  4.49871

 MRCHDU: Convergence failed at 100  side 2    Res =  0.5962E-02
 MRCHDU: Convergence failed at 101  side 2    Res =  0.1574E-04
 MRCHDU: Convergence failed at 102  side 2    Res =  0.3696E-04
 MRCHDU: Convergence failed at 106  side 2    Res =  0.1859E-02
 Side 1  free  transition at x/c =  0.0487   10
 Side 2  free  transition at x/c =  0.0165   11

 102   rms: 0.4397E+03   max: -.6513E+04   C at   83  2   RLX: 0.000
       a = -1.000      CL = -0.7163
      Cm =  0.1805     CD =  4.50101   =>   CDf =  0.00395    CDp =  4.49706

 MRCHDU: Convergence failed at 100  side 2    Res =  0.5903E-02
 MRCHDU: Convergence failed at 101  side 2    Res =  0.1573E-04
 MRCHDU: Convergence failed at 102  side 2    Res =  0.3698E-04
 MRCHDU: Convergence failed at 106  side 2    Res =  0.1850E-02
 Side 1  free  transition at x/c =  0.0487   10
 Side 2  free  transition at x/c =  0.0165   11

 103   rms: 0.2303E+04   max: -.4299E+05   C at   83  2   RLX: 0.000
       a = -1.000      CL = -0.7163
      Cm =  0.1805     CD =  4.49793   =>   CDf =  0.00395    CDp =  4.49398

 MRCHDU: Convergence failed at 100  side 2    Res =  0.5891E-02
 MRCHDU: Convergence failed at 101  side 2    Res =  0.1571E-04
 MRCHDU: Convergence failed at 102  side 2    Res =  0.3698E-04
 MRCHDU: Convergence failed at 106  side 2    Res =  0.1847E-02
 Side 1  free  transition at x/c =  0.0487   10
 Side 2  free  transition at x/c =  0.0165   11

 104   rms: 0.1833E+04   max: 0.4105E+05   C at   83  2   RLX: 0.000
       a = -1.000      CL = -0.7163
      Cm =  0.1805     CD =  4.49655   =>   CDf =  0.00395    CDp =  4.49259

 MRCHDU: Convergence failed at 100  side 2    Res =  0.6577E-02
 MRCHDU: Convergence failed at 101  side 2    Res =  0.1566E-04
 MRCHDU: Convergence failed at 102  side 2    Res =  0.3697E-04
 MRCHDU: Convergence failed at 106  side 2    Res =  0.1849E-02
 Side 1  free  transition at x/c =  0.0487   10
 Side 2  free  transition at x/c =  0.0165   11

 105   rms: 0.3935E+03   max: -.5695E+04   C at   83  2   RLX: 0.000
       a = -1.000      CL = -0.7162
      Cm =  0.1805     CD =  4.49490   =>   CDf =  0.00395    CDp =  4.49095

 MRCHDU: Convergence failed at 100  side 2    Res =  0.6496E-02
 MRCHDU: Convergence failed at 101  side 2    Res =  0.1566E-04
 MRCHDU: Convergence failed at 102  side 2    Res =  0.3698E-04
 MRCHDU: Convergence failed at 106  side 2    Res =  0.1839E-02
 Side 1  free  transition at x/c =  0.0487   10
 Side 2  free  transition at x/c =  0.0165   11

 106   rms: 0.1733E+04   max: -.3166E+05   C at   83  2   RLX: 0.000
       a = -1.000      CL = -0.7162
      Cm =  0.1805     CD =  4.49139   =>   CDf =  0.00395    CDp =  4.48744

 MRCHDU: Convergence failed at 100  side 2    Res =  0.6469E-02
 MRCHDU: Convergence failed at 101  side 2    Res =  0.1565E-04
 MRCHDU: Convergence failed at 102  side 2    Res =  0.3699E-04
 MRCHDU: Convergence failed at 106  side 2    Res =  0.1835E-02
 Side 1  free  transition at x/c =  0.0487   10
 Side 2  free  transition at x/c =  0.0165   11

 107   rms: 0.2133E+04   max: 0.4709E+05   C at   83  2   RLX: 0.000
       a = -1.000      CL = -0.7162
      Cm =  0.1805     CD =  4.48994   =>   CDf =  0.00395    CDp =  4.48599

 MRCHDU: Convergence failed at 100  side 2    Res =  0.7167E-02
 MRCHDU: Convergence failed at 101  side 2    Res =  0.1559E-04
 MRCHDU: Convergence failed at 102  side 2    Res =  0.3697E-04
 MRCHDU: Convergence failed at 106  side 2    Res =  0.1839E-02
 Side 1  free  transition at x/c =  0.0487   10
 Side 2  free  transition at x/c =  0.0165   11

 108   rms: 0.3561E+03   max: -.5042E+04   C at   83  2   RLX: 0.000
       a = -1.000      CL = -0.7161
      Cm =  0.1804     CD =  4.48832   =>   CDf =  0.00396    CDp =  4.48436

 MRCHDU: Convergence failed at 100  side 2    Res =  0.7063E-02
 MRCHDU: Convergence failed at 101  side 2    Res =  0.1560E-04
 MRCHDU: Convergence failed at 102  side 2    Res =  0.3700E-04
 MRCHDU: Convergence failed at 106  side 2    Res =  0.1827E-02
 Side 1  free  transition at x/c =  0.0487   10
 Side 2  free  transition at x/c =  0.0165   11

 109   rms: 0.1390E+04   max: -.2490E+05   C at   83  2   RLX: 0.000
       a = -1.000      CL = -0.7160
      Cm =  0.1804     CD =  4.48435   =>   CDf =  0.00395    CDp =  4.48040

 MRCHDU: Convergence failed at 100  side 2    Res =  0.7021E-02
 MRCHDU: Convergence failed at 101  side 2    Res =  0.1559E-04
 MRCHDU: Convergence failed at 102  side 2    Res =  0.3700E-04
 MRCHDU: Convergence failed at 106  side 2    Res =  0.1823E-02
 Side 1  free  transition at x/c =  0.0487   10
 Side 2  free  transition at x/c =  0.0165   11

 110   rms: 0.2541E+04   max: 0.5529E+05   C at   83  2   RLX: 0.000
       a = -1.000      CL = -0.7160
      Cm =  0.1804     CD =  4.48284   =>   CDf =  0.00395    CDp =  4.47888

 MRCHDU: Convergence failed at 100  side 2    Res =  0.7729E-02
 MRCHDU: Convergence failed at 101  side 2    Res =  0.1553E-04
 MRCHDU: Convergence failed at 102  side 2    Res =  0.3699E-04
 MRCHDU: Convergence failed at 106  side 2    Res =  0.1827E-02
 Side 1  free  transition at x/c =  0.0487   10
 Side 2  free  transition at x/c =  0.0165   11

 111   rms: 0.3252E+03   max: -.4512E+04   C at   83  2   RLX: 0.000
       a = -1.000      CL = -0.7159
      Cm =  0.1804     CD =  4.48125   =>   CDf =  0.00396    CDp =  4.47730

 MRCHDU: Convergence failed at 100  side 2    Res =  0.7604E-02
 MRCHDU: Convergence failed at 101  side 2    Res =  0.1555E-04
 MRCHDU: Convergence failed at 102  side 2    Res =  0.3701E-04
 MRCHDU: Convergence failed at 106  side 2    Res =  0.1813E-02
 Side 1  free  transition at x/c =  0.0487   10
 Side 2  free  transition at x/c =  0.0165   11

 112   rms: 0.1163E+04   max: -.2043E+05   C at   83  2   RLX: 0.000
       a = -1.000      CL = -0.7159
      Cm =  0.1804     CD =  4.47681   =>   CDf =  0.00395    CDp =  4.47286

 MRCHDU: Convergence failed at 100  side 2    Res =  0.7548E-02
 MRCHDU: Convergence failed at 101  side 2    Res =  0.1554E-04
 MRCHDU: Convergence failed at 102  side 2    Res =  0.3702E-04
 MRCHDU: Convergence failed at 106  side 2    Res =  0.1809E-02
 Side 1  free  transition at x/c =  0.0487   10
 Side 2  free  transition at x/c =  0.0165   11

 113   rms: 0.3160E+04   max: 0.6779E+05   C at   83  2   RLX: 0.000
       a = -1.000      CL = -0.7159
      Cm =  0.1804     CD =  4.47523   =>   CDf =  0.00395    CDp =  4.47127

 MRCHDU: Convergence failed at 100  side 2    Res =  0.8263E-02
 MRCHDU: Convergence failed at 101  side 2    Res =  0.1548E-04
 MRCHDU: Convergence failed at 102  side 2    Res =  0.3700E-04
 MRCHDU: Convergence failed at 106  side 2    Res =  0.1813E-02
 Side 1  free  transition at x/c =  0.0487   10
 Side 2  free  transition at x/c =  0.0165   11

 114   rms: 0.2991E+03   max: -.4071E+04   C at   83  2   RLX: 0.000
       a = -1.000      CL = -0.7158
      Cm =  0.1804     CD =  4.47368   =>   CDf =  0.00396    CDp =  4.46973

 MRCHDU: Convergence failed at 100  side 2    Res =  0.8118E-02
 MRCHDU: Convergence failed at 101  side 2    Res =  0.1551E-04
 MRCHDU: Convergence failed at 102  side 2    Res =  0.3703E-04
 MRCHDU: Convergence failed at 106  side 2    Res =  0.1798E-02
 Side 1  free  transition at x/c =  0.0487   10
 Side 2  free  transition at x/c =  0.0165   11

 115   rms: 0.1002E+04   max: -.1728E+05   C at   83  2   RLX: 0.000
       a = -1.000      CL = -0.7158
      Cm =  0.1804     CD =  4.46877   =>   CDf =  0.00396    CDp =  4.46481

 MRCHDU: Convergence failed at 100  side 2    Res =  0.8047E-02
 MRCHDU: Convergence failed at 101  side 2    Res =  0.1550E-04
 MRCHDU: Convergence failed at 102  side 2    Res =  0.3704E-04
 MRCHDU: Convergence failed at 106  side 2    Res =  0.1793E-02
 Side 1  free  transition at x/c =  0.0487   10
 Side 2  free  transition at x/c =  0.0165   11

 116   rms: 0.4164E+04   max: 0.8810E+05   C at   83  2   RLX: 0.000
       a = -1.000      CL = -0.7158
      Cm =  0.1804     CD =  4.46711   =>   CDf =  0.00395    CDp =  4.46315

 MRCHDU: Convergence failed at 100  side 2    Res =  0.8768E-02
 MRCHDU: Convergence failed at 101  side 2    Res =  0.1544E-04
 MRCHDU: Convergence failed at 102  side 2    Res =  0.3701E-04
 MRCHDU: Convergence failed at 106  side 2    Res =  0.1799E-02
 Side 1  free  transition at x/c =  0.0487   10
 Side 2  free  transition at x/c =  0.0165   11

 117   rms: 0.2773E+03   max: -.3708E+04   C at   83  2   RLX: 0.000
       a = -1.000      CL = -0.7156
      Cm =  0.1803     CD =  4.46561   =>   CDf =  0.00396    CDp =  4.46165

 MRCHDU: Convergence failed at 100  side 2    Res =  0.8604E-02
 MRCHDU: Convergence failed at 101  side 2    Res =  0.1547E-04
 MRCHDU: Convergence failed at 102  side 2    Res =  0.3704E-04
 MRCHDU: Convergence failed at 106  side 2    Res =  0.1782E-02
 Side 1  free  transition at x/c =  0.0487   10
 Side 2  free  transition at x/c =  0.0165   11

 118   rms: 0.8774E+03   max: -.1487E+05   C at   83  2   RLX: 0.000
       a = -1.000      CL = -0.7156
      Cm =  0.1803     CD =  4.46020   =>   CDf =  0.00396    CDp =  4.45625

 MRCHDU: Convergence failed at 100  side 2    Res =  0.8520E-02
 MRCHDU: Convergence failed at 101  side 2    Res =  0.1547E-04
 MRCHDU: Convergence failed at 102  side 2    Res =  0.3706E-04
 MRCHDU: Convergence failed at 106  side 2    Res =  0.1776E-02
 Side 1  free  transition at x/c =  0.0487   10
 Side 2  free  transition at x/c =  0.0165   11

 119   rms: 0.6057E+04   max: 0.1265E+06   C at   83  2   RLX: 0.000
       a = -1.000      CL = -0.7156
      Cm =  0.1803     CD =  4.45848   =>   CDf =  0.00395    CDp =  4.45452

 MRCHDU: Convergence failed at 100  side 2    Res =  0.9245E-02
 MRCHDU: Convergence failed at 101  side 2    Res =  0.1540E-04
 MRCHDU: Convergence failed at 102  side 2    Res =  0.3703E-04
 MRCHDU: Convergence failed at 106  side 2    Res =  0.1782E-02
 Side 1  free  transition at x/c =  0.0487   10
 Side 2  free  transition at x/c =  0.0165   11

 120   rms: 0.2587E+03   max: -.3402E+04   C at   83  2   RLX: 0.000
       a = -1.000      CL = -0.7155
      Cm =  0.1803     CD =  4.45703   =>   CDf =  0.00396    CDp =  4.45308

 MRCHDU: Convergence failed at 100  side 2    Res =  0.9064E-02
 MRCHDU: Convergence failed at 101  side 2    Res =  0.1544E-04
 MRCHDU: Convergence failed at 102  side 2    Res =  0.3706E-04
 MRCHDU: Convergence failed at 106  side 2    Res =  0.1764E-02
 Side 1  free  transition at x/c =  0.0487   10
 Side 2  free  transition at x/c =  0.0165   11

 121   rms: 0.7855E+03   max: -.1309E+05   C at   83  2   RLX: 0.000
       a = -1.000      CL = -0.7154
      Cm =  0.1803     CD =  4.45112   =>   CDf =  0.00396    CDp =  4.44717

 MRCHDU: Convergence failed at 100  side 2    Res =  0.8967E-02
 MRCHDU: Convergence failed at 101  side 2    Res =  0.1545E-04
 MRCHDU: Convergence failed at 102  side 2    Res =  0.3708E-04
 MRCHDU: Convergence failed at 106  side 2    Res =  0.1757E-02
 Side 1  free  transition at x/c =  0.0487   10
 Side 2  free  transition at x/c =  0.0165   11

 122   rms: 0.1093E+05   max: 0.2253E+06   C at   83  2   RLX: 0.000
       a = -1.000      CL = -0.7155
      Cm =  0.1803     CD =  4.44932   =>   CDf =  0.00396    CDp =  4.44536

 MRCHDU: Convergence failed at 100  side 2    Res =  0.9695E-02
 MRCHDU: Convergence failed at 101  side 2    Res =  0.1537E-04
 MRCHDU: Convergence failed at 102  side 2    Res =  0.3705E-04
 MRCHDU: Convergence failed at 106  side 2    Res =  0.1765E-02
 Side 1  free  transition at x/c =  0.0487   10
 Side 2  free  transition at x/c =  0.0165   11

 123   rms: 0.2427E+03   max: -.3143E+04   C at   83  2   RLX: 0.000
       a = -1.000      CL = -0.7153
      Cm =  0.1802     CD =  4.44793   =>   CDf =  0.00396    CDp =  4.44398

 MRCHDU: Convergence failed at 100  side 2    Res =  0.9497E-02
 MRCHDU: Convergence failed at 101  side 2    Res =  0.1542E-04
 MRCHDU: Convergence failed at 102  side 2    Res =  0.3709E-04
 MRCHDU: Convergence failed at 106  side 2    Res =  0.1744E-02
 Side 1  free  transition at x/c =  0.0487   10
 Side 2  free  transition at x/c =  0.0165   11

 124   rms: 0.7131E+03   max: -.1170E+05   C at   83  2   RLX: 0.000
       a = -1.000      CL = -0.7152
      Cm =  0.1802     CD =  4.44152   =>   CDf =  0.00396    CDp =  4.43756

 MRCHDU: Convergence failed at 100  side 2    Res =  0.9388E-02
 MRCHDU: Convergence failed at 101  side 2    Res =  0.1543E-04
 MRCHDU: Convergence failed at 102  side 2    Res =  0.3710E-04
 MRCHDU: Convergence failed at 106  side 2    Res =  0.1736E-02
 Side 1  free  transition at x/c =  0.0487   10
 Side 2  free  transition at x/c =  0.0165   11

 125   rms: 0.5008E+05   max: 0.1019E+07   C at   83  2   RLX: 0.000
       a = -1.000      CL = -0.7153
      Cm =  0.1802     CD =  4.43963   =>   CDf =  0.00396    CDp =  4.43568

 MRCHDU: Convergence failed at 100  side 2    Res =  0.1012E-01
 MRCHDU: Convergence failed at 101  side 2    Res =  0.1535E-04
 MRCHDU: Convergence failed at 102  side 2    Res =  0.3708E-04
 MRCHDU: Convergence failed at 106  side 2    Res =  0.1745E-02
 Side 1  free  transition at x/c =  0.0487   10
 Side 2  free  transition at x/c =  0.0165   11

 126   rms: 0.2276E+03   max: -.2906E+04   C at   83  2   RLX: 0.000
       a = -1.000      CL = -0.7151
      Cm =  0.1802     CD =  4.43831   =>   CDf =  0.00396    CDp =  4.43436

 MRCHDU: Convergence failed at 100  side 2    Res =  0.9904E-02
 MRCHDU: Convergence failed at 101  side 2    Res =  0.1541E-04
 MRCHDU: Convergence failed at 102  side 2    Res =  0.3711E-04
 MRCHDU: Convergence failed at 106  side 2    Res =  0.1723E-02
 Side 1  free  transition at x/c =  0.0487   10
 Side 2  free  transition at x/c =  0.0165   11

 127   rms: 0.6544E+03   max: -.1058E+05   C at   83  2   RLX: 0.000
       a = -1.000      CL = -0.7151
      Cm =  0.1802     CD =  4.43145   =>   CDf =  0.00396    CDp =  4.42749

 MRCHDU: Convergence failed at 100  side 2    Res =  0.9783E-02
 MRCHDU: Convergence failed at 101  side 2    Res =  0.1542E-04
 MRCHDU: Convergence failed at 102  side 2    Res =  0.3713E-04
 MRCHDU: Convergence failed at 106  side 2    Res =  0.1714E-02
 Side 1  free  transition at x/c =  0.0487   10
 Side 2  free  transition at x/c =  0.0165   11

 128   rms: 0.2022E+05   max: -.4067E+06   C at   83  2   RLX: 0.000
       a = -1.000      CL = -0.7150
      Cm =  0.1802     CD =  4.42875   =>   CDf =  0.00396    CDp =  4.42480

 MRCHDU: Convergence failed at 100  side 2    Res =  0.9722E-02
 MRCHDU: Convergence failed at 101  side 2    Res =  0.1542E-04
 MRCHDU: Convergence failed at 102  side 2    Res =  0.3713E-04
 MRCHDU: Convergence failed at 106  side 2    Res =  0.1710E-02
 Side 1  free  transition at x/c =  0.0487   10
 Side 2  free  transition at x/c =  0.0165   11

 129   rms: 0.1364E+04   max: 0.3206E+05   C at   83  2   RLX: 0.000
       a = -1.000      CL = -0.7150
      Cm =  0.1802     CD =  4.42738   =>   CDf =  0.00396    CDp =  4.42343

 MRCHDU: Convergence failed at 100  side 2    Res =  0.1037E-01
 MRCHDU: Convergence failed at 101  side 2    Res =  0.1535E-04
 MRCHDU: Convergence failed at 102  side 2    Res =  0.3712E-04
 MRCHDU: Convergence failed at 106  side 2    Res =  0.1715E-02
 Side 1  free  transition at x/c =  0.0487   10
 Side 2  free  transition at x/c =  0.0165   11

 130   rms: 0.5612E+03   max: -.8819E+04   C at   83  2   RLX: 0.000
       a = -1.000      CL = -0.7150
      Cm =  0.1801     CD =  4.42692   =>   CDf =  0.00396    CDp =  4.42297

 MRCHDU: Convergence failed at 100  side 2    Res =  0.1023E-01
 MRCHDU: Convergence failed at 101  side 2    Res =  0.1537E-04
 MRCHDU: Convergence failed at 102  side 2    Res =  0.3714E-04
 MRCHDU: Convergence failed at 106  side 2    Res =  0.1705E-02
 Side 1  free  transition at x/c =  0.0487   10
 Side 2  free  transition at x/c =  0.0165   11

 131   rms: 0.5321E+04   max: -.1046E+06   C at   83  2   RLX: 0.000
       a = -1.000      CL = -0.7150
      Cm =  0.1801     CD =  4.42385   =>   CDf =  0.00396    CDp =  4.41989

 MRCHDU: Convergence failed at 100  side 2    Res =  0.1016E-01
 MRCHDU: Convergence failed at 101  side 2    Res =  0.1537E-04
 MRCHDU: Convergence failed at 102  side 2    Res =  0.3714E-04
 MRCHDU: Convergence failed at 106  side 2    Res =  0.1701E-02
 Side 1  free  transition at x/c =  0.0487   10
 Side 2  free  transition at x/c =  0.0165   11

 132   rms: 0.1509E+04   max: 0.3495E+05   C at   83  2   RLX: 0.000
       a = -1.000      CL = -0.7149
      Cm =  0.1801     CD =  4.42242   =>   CDf =  0.00396    CDp =  4.41846

 MRCHDU: Convergence failed at 100  side 2    Res =  0.1083E-01
 MRCHDU: Convergence failed at 101  side 2    Res =  0.1530E-04
 MRCHDU: Convergence failed at 102  side 2    Res =  0.3712E-04
 MRCHDU: Convergence failed at 106  side 2    Res =  0.1706E-02
 Side 1  free  transition at x/c =  0.0487   10
 Side 2  free  transition at x/c =  0.0165   11

 133   rms: 0.4904E+03   max: -.7503E+04   C at   83  2   RLX: 0.000
       a = -1.000      CL = -0.7149
      Cm =  0.1801     CD =  4.42196   =>   CDf =  0.00396    CDp =  4.41800

 MRCHDU: Convergence failed at 100  side 2    Res =  0.1067E-01
 MRCHDU: Convergence failed at 101  side 2    Res =  0.1533E-04
 MRCHDU: Convergence failed at 102  side 2    Res =  0.3714E-04
 MRCHDU: Convergence failed at 106  side 2    Res =  0.1694E-02
 Side 1  free  transition at x/c =  0.0487   10
 Side 2  free  transition at x/c =  0.0165   11

 134   rms: 0.3050E+04   max: -.5858E+05   C at   83  2   RLX: 0.000
       a = -1.000      CL = -0.7149
      Cm =  0.1801     CD =  4.41849   =>   CDf =  0.00396    CDp =  4.41454

 MRCHDU: Convergence failed at 100  side 2    Res =  0.1059E-01
 MRCHDU: Convergence failed at 101  side 2    Res =  0.1533E-04
 MRCHDU: Convergence failed at 102  side 2    Res =  0.3715E-04
 MRCHDU: Convergence failed at 106  side 2    Res =  0.1690E-02
 Side 1  free  transition at x/c =  0.0487   10
 Side 2  free  transition at x/c =  0.0165   11

 135   rms: 0.1693E+04   max: 0.3865E+05   C at   83  2   RLX: 0.000
       a = -1.000      CL = -0.7149
      Cm =  0.1801     CD =  4.41700   =>   CDf =  0.00396    CDp =  4.41304

 MRCHDU: Convergence failed at 100  side 2    Res =  0.1127E-01
 MRCHDU: Convergence failed at 101  side 2    Res =  0.1526E-04
 MRCHDU: Convergence failed at 102  side 2    Res =  0.3713E-04
 MRCHDU: Convergence failed at 106  side 2    Res =  0.1696E-02
 Side 1  free  transition at x/c =  0.0487   10
 Side 2  free  transition at x/c =  0.0165   11

 136   rms: 0.4350E+03   max: -.6488E+04   C at   83  2   RLX: 0.000
       a = -1.000      CL = -0.7148
      Cm =  0.1801     CD =  4.41655   =>   CDf =  0.00396    CDp =  4.41259

 MRCHDU: Convergence failed at 100  side 2    Res =  0.1109E-01
 MRCHDU: Convergence failed at 101  side 2    Res =  0.1529E-04
 MRCHDU: Convergence failed at 102  side 2    Res =  0.3716E-04
 MRCHDU: Convergence failed at 106  side 2    Res =  0.1683E-02
 Side 1  free  transition at x/c =  0.0487   10
 Side 2  free  transition at x/c =  0.0165   11

 137   rms: 0.2134E+04   max: -.4008E+05   C at   83  2   RLX: 0.000
       a = -1.000      CL = -0.7147
      Cm =  0.1801     CD =  4.41267   =>   CDf =  0.00396    CDp =  4.40871

 MRCHDU: Convergence failed at 100  side 2    Res =  0.1100E-01
 MRCHDU: Convergence failed at 101  side 2    Res =  0.1530E-04
 MRCHDU: Convergence failed at 102  side 2    Res =  0.3716E-04
 MRCHDU: Convergence failed at 106  side 2    Res =  0.1677E-02
 Side 1  free  transition at x/c =  0.0487   10
 Side 2  free  transition at x/c =  0.0165   11

 138   rms: 0.1935E+04   max: 0.4353E+05   C at   83  2   RLX: 0.000
       a = -1.000      CL = -0.7147
      Cm =  0.1801     CD =  4.41111   =>   CDf =  0.00396    CDp =  4.40716

 MRCHDU: Convergence failed at 100  side 2    Res =  0.1169E-01
 MRCHDU: Convergence failed at 101  side 2    Res =  0.1522E-04
 MRCHDU: Convergence failed at 102  side 2    Res =  0.3714E-04
 MRCHDU: Convergence failed at 106  side 2    Res =  0.1684E-02
 Side 1  free  transition at x/c =  0.0487   10
 Side 2  free  transition at x/c =  0.0165   11

 139   rms: 0.3906E+03   max: -.5688E+04   C at   83  2   RLX: 0.000
       a = -1.000      CL = -0.7147
      Cm =  0.1801     CD =  4.41067   =>   CDf =  0.00396    CDp =  4.40672

 MRCHDU: Convergence failed at 100  side 2    Res =  0.1150E-01
 MRCHDU: Convergence failed at 101  side 2    Res =  0.1526E-04
 MRCHDU: Convergence failed at 102  side 2    Res =  0.3717E-04
 MRCHDU: Convergence failed at 106  side 2    Res =  0.1669E-02
 Side 1  free  transition at x/c =  0.0487   10
 Side 2  free  transition at x/c =  0.0165   11

 140   rms: 0.1643E+04   max: -.3020E+05   C at   83  2   RLX: 0.000
       a = -1.000      CL = -0.7146
      Cm =  0.1801     CD =  4.40636   =>   CDf =  0.00396    CDp =  4.40240

 MRCHDU: Convergence failed at 100  side 2    Res =  0.1139E-01
 MRCHDU: Convergence failed at 101  side 2    Res =  0.1527E-04
 MRCHDU: Convergence failed at 102  side 2    Res =  0.3718E-04
 MRCHDU: Convergence failed at 106  side 2    Res =  0.1663E-02
 Side 1  free  transition at x/c =  0.0487   10
 Side 2  free  transition at x/c =  0.0165   11

 141   rms: 0.2264E+04   max: 0.5018E+05   C at   83  2   RLX: 0.000
       a = -1.000      CL = -0.7146
      Cm =  0.1801     CD =  4.40473   =>   CDf =  0.00396    CDp =  4.40077

 MRCHDU: Convergence failed at 100  side 2    Res =  0.1209E-01
 MRCHDU: Convergence failed at 101  side 2    Res =  0.1519E-04
 MRCHDU: Convergence failed at 102  side 2    Res =  0.3716E-04
 MRCHDU: Convergence failed at 106  side 2    Res =  0.1671E-02
 Side 1  free  transition at x/c =  0.0487   10
 Side 2  free  transition at x/c =  0.0165   11

 142   rms: 0.3543E+03   max: -.5046E+04   C at   83  2   RLX: 0.000
       a = -1.000      CL = -0.7145
      Cm =  0.1800     CD =  4.40432   =>   CDf =  0.00396    CDp =  4.40036

 MRCHDU: Convergence failed at 100  side 2    Res =  0.1188E-01
 MRCHDU: Convergence failed at 101  side 2    Res =  0.1523E-04
 MRCHDU: Convergence failed at 102  side 2    Res =  0.3718E-04
 MRCHDU: Convergence failed at 106  side 2    Res =  0.1655E-02
 Side 1  free  transition at x/c =  0.0487   10
 Side 2  free  transition at x/c =  0.0165   11

 143   rms: 0.1337E+04   max: -.2408E+05   C at   83  2   RLX: 0.000
       a = -1.000      CL = -0.7145
      Cm =  0.1800     CD =  4.39955   =>   CDf =  0.00396    CDp =  4.39560

 MRCHDU: Convergence failed at 100  side 2    Res =  0.1177E-01
 MRCHDU: Convergence failed at 101  side 2    Res =  0.1524E-04
 MRCHDU: Convergence failed at 102  side 2    Res =  0.3719E-04
 MRCHDU: Convergence failed at 106  side 2    Res =  0.1648E-02
 Side 1  free  transition at x/c =  0.0487   10
 Side 2  free  transition at x/c =  0.0165   11

 144   rms: 0.2729E+04   max: 0.5961E+05   C at   83  2   RLX: 0.000
       a = -1.000      CL = -0.7145
      Cm =  0.1800     CD =  4.39785   =>   CDf =  0.00396    CDp =  4.39389

 MRCHDU: Convergence failed at 100  side 2    Res =  0.1247E-01
 MRCHDU: Convergence failed at 101  side 2    Res =  0.1516E-04
 MRCHDU: Convergence failed at 102  side 2    Res =  0.3717E-04
 MRCHDU: Convergence failed at 106  side 2    Res =  0.1657E-02
 Side 1  free  transition at x/c =  0.0487   10
 Side 2  free  transition at x/c =  0.0165   11

 145   rms: 0.3239E+03   max: -.4518E+04   C at   83  2   RLX: 0.000
       a = -1.000      CL = -0.7144
      Cm =  0.1800     CD =  4.39747   =>   CDf =  0.00396    CDp =  4.39352

 MRCHDU: Convergence failed at 100  side 2    Res =  0.1225E-01
 MRCHDU: Convergence failed at 101  side 2    Res =  0.1521E-04
 MRCHDU: Convergence failed at 102  side 2    Res =  0.3720E-04
 MRCHDU: Convergence failed at 106  side 2    Res =  0.1638E-02
 Side 1  free  transition at x/c =  0.0487   10
 Side 2  free  transition at x/c =  0.0165   11

 146   rms: 0.1129E+04   max: -.1994E+05   C at   83  2   RLX: 0.000
       a = -1.000      CL = -0.7144
      Cm =  0.1800     CD =  4.39225   =>   CDf =  0.00396    CDp =  4.38829

 MRCHDU: Convergence failed at 100  side 2    Res =  0.1212E-01
 MRCHDU: Convergence failed at 101  side 2    Res =  0.1523E-04
 MRCHDU: Convergence failed at 102  side 2    Res =  0.3721E-04
 MRCHDU: Convergence failed at 106  side 2    Res =  0.1631E-02
 Side 1  free  transition at x/c =  0.0487   10
 Side 2  free  transition at x/c =  0.0165   11

 147   rms: 0.3430E+04   max: 0.7386E+05   C at   83  2   RLX: 0.000
       a = -1.000      CL = -0.7144
      Cm =  0.1800     CD =  4.39046   =>   CDf =  0.00396    CDp =  4.38651

 MRCHDU: Convergence failed at 100  side 2    Res =  0.1283E-01
 MRCHDU: Convergence failed at 101  side 2    Res =  0.1514E-04
 MRCHDU: Convergence failed at 102  side 2    Res =  0.3719E-04
 MRCHDU: Convergence failed at 106  side 2    Res =  0.1640E-02
 Side 1  free  transition at x/c =  0.0487   10
 Side 2  free  transition at x/c =  0.0165   11

 148   rms: 0.2986E+03   max: -.4085E+04   C at   83  2   RLX: 0.000
       a = -1.000      CL = -0.7143
      Cm =  0.1800     CD =  4.39013   =>   CDf =  0.00396    CDp =  4.38618

 MRCHDU: Convergence failed at 100  side 2    Res =  0.1260E-01
 MRCHDU: Convergence failed at 101  side 2    Res =  0.1520E-04
 MRCHDU: Convergence failed at 102  side 2    Res =  0.3722E-04
 MRCHDU: Convergence failed at 106  side 2    Res =  0.1621E-02
 Side 1  free  transition at x/c =  0.0487   10
 Side 2  free  transition at x/c =  0.0165   11

 149   rms: 0.9792E+03   max: -.1697E+05   C at   83  2   RLX: 0.000
       a = -1.000      CL = -0.7142
      Cm =  0.1799     CD =  4.38443   =>   CDf =  0.00396    CDp =  4.38047

 MRCHDU: Convergence failed at 100  side 2    Res =  0.1246E-01
 MRCHDU: Convergence failed at 101  side 2    Res =  0.1522E-04
 MRCHDU: Convergence failed at 102  side 2    Res =  0.3723E-04
 MRCHDU: Convergence failed at 106  side 2    Res =  0.1612E-02
 Side 1  free  transition at x/c =  0.0487   10
 Side 2  free  transition at x/c =  0.0165   11

 150   rms: 0.4599E+04   max: 0.9768E+05   C at   83  2   RLX: 0.000
       a = -1.000      CL = -0.7142
      Cm =  0.1800     CD =  4.38256   =>   CDf =  0.00396    CDp =  4.37860

 MRCHDU: Convergence failed at 100  side 2    Res =  0.1317E-01
 MRCHDU: Convergence failed at 101  side 2    Res =  0.1513E-04
 MRCHDU: Convergence failed at 102  side 2    Res =  0.3721E-04
 MRCHDU: Convergence failed at 106  side 2    Res =  0.1623E-02
 Side 1  free  transition at x/c =  0.0487   10
 Side 2  free  transition at x/c =  0.0165   11

 151   rms: 0.2772E+03   max: -.3724E+04   C at   83  2   RLX: 0.000
       a = -1.000      CL = -0.7141
      Cm =  0.1799     CD =  4.38228   =>   CDf =  0.00396    CDp =  4.37832

 MRCHDU: Convergence failed at 100  side 2    Res =  0.1293E-01
 MRCHDU: Convergence failed at 101  side 2    Res =  0.1519E-04
 MRCHDU: Convergence failed at 102  side 2    Res =  0.3724E-04
 MRCHDU: Convergence failed at 106  side 2    Res =  0.1601E-02
 Side 1  free  transition at x/c =  0.0487   10
 Side 2  free  transition at x/c =  0.0165   11

 152   rms: 0.8652E+03   max: -.1473E+05   C at   83  2   RLX: 0.000
       a = -1.000      CL = -0.7141
      Cm =  0.1799     CD =  4.37608   =>   CDf =  0.00396    CDp =  4.37213

 MRCHDU: Convergence failed at 100  side 2    Res =  0.1278E-01
 MRCHDU: Convergence failed at 101  side 2    Res =  0.1521E-04
 MRCHDU: Convergence failed at 102  side 2    Res =  0.3726E-04
 MRCHDU: Convergence failed at 106  side 2    Res =  0.1592E-02
 Side 1  free  transition at x/c =  0.0487   10
 Side 2  free  transition at x/c =  0.0165   11

 153   rms: 0.6914E+04   max: 0.1449E+06   C at   83  2   RLX: 0.000
       a = -1.000      CL = -0.7141
      Cm =  0.1799     CD =  4.37412   =>   CDf =  0.00396    CDp =  4.37016

 MRCHDU: Convergence failed at 100  side 2    Res =  0.1349E-01
 MRCHDU: Convergence failed at 101  side 2    Res =  0.1512E-04
 MRCHDU: Convergence failed at 102  side 2    Res =  0.3723E-04
 MRCHDU: Convergence failed at 106  side 2    Res =  0.1603E-02
 Side 1  free  transition at x/c =  0.0487   10
 Side 2  free  transition at x/c =  0.0165   11

 154   rms: 0.2588E+03   max: -.3419E+04   C at   83  2   RLX: 0.000
       a = -1.000      CL = -0.7140
      Cm =  0.1799     CD =  4.37389   =>   CDf =  0.00396    CDp =  4.36993

 MRCHDU: Convergence failed at 100  side 2    Res =  0.1324E-01
 MRCHDU: Convergence failed at 101  side 2    Res =  0.1519E-04
 MRCHDU: Convergence failed at 102  side 2    Res =  0.3726E-04
 MRCHDU: Convergence failed at 106  side 2    Res =  0.1579E-02
 Side 1  free  transition at x/c =  0.0487   10
 Side 2  free  transition at x/c =  0.0165   11

 155   rms: 0.7776E+03   max: -.1302E+05   C at   83  2   RLX: 0.000
       a = -1.000      CL = -0.7139
      Cm =  0.1799     CD =  4.36720   =>   CDf =  0.00396    CDp =  4.36325

 MRCHDU: Convergence failed at 100  side 2    Res =  0.1308E-01
 MRCHDU: Convergence failed at 101  side 2    Res =  0.1521E-04
 MRCHDU: Convergence failed at 102  side 2    Res =  0.3728E-04
 MRCHDU: Convergence failed at 106  side 2    Res =  0.1569E-02
 Side 1  free  transition at x/c =  0.0487   10
 Side 2  free  transition at x/c =  0.0165   11

 156   rms: 0.1367E+05   max: 0.2828E+06   C at   83  2   RLX: 0.000
       a = -1.000      CL = -0.7139
      Cm =  0.1799     CD =  4.36515   =>   CDf =  0.00396    CDp =  4.36120

 MRCHDU: Convergence failed at 100  side 2    Res =  0.1379E-01
 MRCHDU: Convergence failed at 101  side 2    Res =  0.1512E-04
 MRCHDU: Convergence failed at 102  side 2    Res =  0.3725E-04
 MRCHDU: Convergence failed at 106  side 2    Res =  0.1582E-02
 Side 1  free  transition at x/c =  0.0487   10
 Side 2  free  transition at x/c =  0.0165   11

 157   rms: 0.2426E+03   max: -.3155E+04   C at   83  2   RLX: 0.000
       a = -1.000      CL = -0.7138
      Cm =  0.1798     CD =  4.36498   =>   CDf =  0.00396    CDp =  4.36102

 MRCHDU: Convergence failed at 100  side 2    Res =  0.1353E-01
 MRCHDU: Convergence failed at 101  side 2    Res =  0.1520E-04
 MRCHDU: Convergence failed at 102  side 2    Res =  0.3729E-04
 MRCHDU: Convergence failed at 106  side 2    Res =  0.1555E-02
 Side 1  free  transition at x/c =  0.0487   10
 Side 2  free  transition at x/c =  0.0165   11

 158   rms: 0.7066E+03   max: -.1164E+05   C at   83  2   RLX: 0.000
       a = -1.000      CL = -0.7137
      Cm =  0.1798     CD =  4.35776   =>   CDf =  0.00396    CDp =  4.35380

 MRCHDU: Convergence failed at 100  side 2    Res =  0.1336E-01
 MRCHDU: Convergence failed at 101  side 2    Res =  0.1522E-04
 MRCHDU: Convergence failed at 102  side 2    Res =  0.3731E-04
 MRCHDU: Convergence failed at 106  side 2    Res =  0.1544E-02
 Side 1  free  transition at x/c =  0.0487   10
 Side 2  free  transition at x/c =  0.0165   11

 159   rms: 0.2778E+06   max: 0.5674E+07   C at   83  2   RLX: 0.000
       a = -1.000      CL = -0.7138
      Cm =  0.1798     CD =  4.35560   =>   CDf =  0.00396    CDp =  4.35164

 MRCHDU: Convergence failed at 100  side 2    Res =  0.1407E-01
 MRCHDU: Convergence failed at 101  side 2    Res =  0.1513E-04
 MRCHDU: Convergence failed at 102  side 2    Res =  0.3728E-04
 MRCHDU: Convergence failed at 106  side 2    Res =  0.1558E-02
 Side 1  free  transition at x/c =  0.0487   10
 Side 2  free  transition at x/c =  0.0165   11

 160   rms: 0.2292E+03   max: -.2937E+04   C at   83  2   RLX: 0.000
       a = -1.000      CL = -0.7136
      Cm =  0.1798     CD =  4.35549   =>   CDf =  0.00396    CDp =  4.35154

 MRCHDU: Convergence failed at 100  side 2    Res =  0.1380E-01
 MRCHDU: Convergence failed at 101  side 2    Res =  0.1521E-04
 MRCHDU: Convergence failed at 102  side 2    Res =  0.3732E-04
 MRCHDU: Convergence failed at 106  side 2    Res =  0.1530E-02
 Side 1  free  transition at x/c =  0.0487   10
 Side 2  free  transition at x/c =  0.0165   11

 161   rms: 0.6513E+03   max: -.1057E+05   C at   83  2   RLX: 0.000
       a = -1.000      CL = -0.7135
      Cm =  0.1798     CD =  4.34783   =>   CDf =  0.00396    CDp =  4.34388

 MRCHDU: Convergence failed at 100  side 2    Res =  0.1362E-01
 MRCHDU: Convergence failed at 101  side 2    Res =  0.1524E-04
 MRCHDU: Convergence failed at 102  side 2    Res =  0.3734E-04
 MRCHDU: Convergence failed at 106  side 2    Res =  0.1518E-02
 Side 1  free  transition at x/c =  0.0487   10
 Side 2  free  transition at x/c =  0.0165   11

 162   rms: 0.1568E+05   max: -.3164E+06   C at   83  2   RLX: 0.000
       a = -1.000      CL = -0.7135
      Cm =  0.1798     CD =  4.34463   =>   CDf =  0.00396    CDp =  4.34068

 MRCHDU: Convergence failed at 100  side 2    Res =  0.1352E-01
 MRCHDU: Convergence failed at 101  side 2    Res =  0.1525E-04
 MRCHDU: Convergence failed at 102  side 2    Res =  0.3735E-04
 MRCHDU: Convergence failed at 106  side 2    Res =  0.1512E-02
 Side 1  free  transition at x/c =  0.0487   10
 Side 2  free  transition at x/c =  0.0165   11

 163   rms: 0.1386E+04   max: 0.3263E+05   C at   83  2   RLX: 0.000
       a = -1.000      CL = -0.7135
      Cm =  0.1798     CD =  4.34312   =>   CDf =  0.00396    CDp =  4.33917

 MRCHDU: Convergence failed at 100  side 2    Res =  0.1415E-01
 MRCHDU: Convergence failed at 101  side 2    Res =  0.1517E-04
 MRCHDU: Convergence failed at 102  side 2    Res =  0.3733E-04
 MRCHDU: Convergence failed at 106  side 2    Res =  0.1520E-02
 Side 1  free  transition at x/c =  0.0487   10
 Side 2  free  transition at x/c =  0.0165   11

 164   rms: 0.5602E+03   max: -.8835E+04   C at   83  2   RLX: 0.000
       a = -1.000      CL = -0.7135
      Cm =  0.1797     CD =  4.34339   =>   CDf =  0.00396    CDp =  4.33943

 MRCHDU: Convergence failed at 100  side 2    Res =  0.1396E-01
 MRCHDU: Convergence failed at 101  side 2    Res =  0.1521E-04
 MRCHDU: Convergence failed at 102  side 2    Res =  0.3735E-04
 MRCHDU: Convergence failed at 106  side 2    Res =  0.1506E-02
 Side 1  free  transition at x/c =  0.0487   10
 Side 2  free  transition at x/c =  0.0165   11

 165   rms: 0.4991E+04   max: -.9838E+05   C at   83  2   RLX: 0.000
       a = -1.000      CL = -0.7134
      Cm =  0.1797     CD =  4.33980   =>   CDf =  0.00396    CDp =  4.33584

 MRCHDU: Convergence failed at 100  side 2    Res =  0.1385E-01
 MRCHDU: Convergence failed at 101  side 2    Res =  0.1522E-04
 MRCHDU: Convergence failed at 102  side 2    Res =  0.3736E-04
 MRCHDU: Convergence failed at 106  side 2    Res =  0.1500E-02
 Side 1  free  transition at x/c =  0.0487   10
 Side 2  free  transition at x/c =  0.0165   11

 166   rms: 0.1536E+04   max: 0.3566E+05   C at   83  2   RLX: 0.000
       a = -1.000      CL = -0.7134
      Cm =  0.1797     CD =  4.33823   =>   CDf =  0.00396    CDp =  4.33427

 MRCHDU: Convergence failed at 100  side 2    Res =  0.1449E-01
 MRCHDU: Convergence failed at 101  side 2    Res =  0.1515E-04
 MRCHDU: Convergence failed at 102  side 2    Res =  0.3734E-04
 MRCHDU: Convergence failed at 106  side 2    Res =  0.1508E-02
 Side 1  free  transition at x/c =  0.0487   10
 Side 2  free  transition at x/c =  0.0165   11

 167   rms: 0.4906E+03   max: -.7530E+04   C at   83  2   RLX: 0.000
       a = -1.000      CL = -0.7134
      Cm =  0.1797     CD =  4.33853   =>   CDf =  0.00396    CDp =  4.33457

 MRCHDU: Convergence failed at 100  side 2    Res =  0.1429E-01
 MRCHDU: Convergence failed at 101  side 2    Res =  0.1519E-04
 MRCHDU: Convergence failed at 102  side 2    Res =  0.3736E-04
 MRCHDU: Convergence failed at 106  side 2    Res =  0.1493E-02
 Side 1  free  transition at x/c =  0.0487   10
 Side 2  free  transition at x/c =  0.0165   11

 168   rms: 0.2958E+04   max: -.5697E+05   C at   83  2   RLX: 0.000
       a = -1.000      CL = -0.7133
      Cm =  0.1797     CD =  4.33453   =>   CDf =  0.00396    CDp =  4.33058

 MRCHDU: Convergence failed at 100  side 2    Res =  0.1417E-01
 MRCHDU: Convergence failed at 101  side 2    Res =  0.1520E-04
 MRCHDU: Convergence failed at 102  side 2    Res =  0.3737E-04
 MRCHDU: Convergence failed at 106  side 2    Res =  0.1486E-02
 Side 1  free  transition at x/c =  0.0487   10
 Side 2  free  transition at x/c =  0.0165   11

 169   rms: 0.1726E+04   max: 0.3946E+05   C at   83  2   RLX: 0.000
       a = -1.000      CL = -0.7133
      Cm =  0.1797     CD =  4.33289   =>   CDf =  0.00396    CDp =  4.32894

 MRCHDU: Convergence failed at 100  side 2    Res =  0.1481E-01
 MRCHDU: Convergence failed at 101  side 2    Res =  0.1512E-04
 MRCHDU: Convergence failed at 102  side 2    Res =  0.3735E-04
 MRCHDU: Convergence failed at 106  side 2    Res =  0.1496E-02
 Side 1  free  transition at x/c =  0.0487   10
 Side 2  free  transition at x/c =  0.0165   11

 170   rms: 0.4359E+03   max: -.6522E+04   C at   83  2   RLX: 0.000
       a = -1.000      CL = -0.7133
      Cm =  0.1797     CD =  4.33321   =>   CDf =  0.00396    CDp =  4.32926

 MRCHDU: Convergence failed at 100  side 2    Res =  0.1460E-01
 MRCHDU: Convergence failed at 101  side 2    Res =  0.1517E-04
 MRCHDU: Convergence failed at 102  side 2    Res =  0.3737E-04
 MRCHDU: Convergence failed at 106  side 2    Res =  0.1479E-02
 Side 1  free  transition at x/c =  0.0487   10
 Side 2  free  transition at x/c =  0.0165   11

 171   rms: 0.2099E+04   max: -.3954E+05   C at   83  2   RLX: 0.000
       a = -1.000      CL = -0.7132
      Cm =  0.1797     CD =  4.32880   =>   CDf =  0.00396    CDp =  4.32484

 MRCHDU: Convergence failed at 100  side 2    Res =  0.1447E-01
 MRCHDU: Convergence failed at 101  side 2    Res =  0.1519E-04
 MRCHDU: Convergence failed at 102  side 2    Res =  0.3738E-04
 MRCHDU: Convergence failed at 106  side 2    Res =  0.1471E-02
 Side 1  free  transition at x/c =  0.0487   10
 Side 2  free  transition at x/c =  0.0165   11

 172   rms: 0.1974E+04   max: 0.4448E+05   C at   83  2   RLX: 0.000
       a = -1.000      CL = -0.7132
      Cm =  0.1797     CD =  4.32708   =>   CDf =  0.00396    CDp =  4.32312

 MRCHDU: Convergence failed at 100  side 2    Res =  0.1513E-01
 MRCHDU: Convergence failed at 101  side 2    Res =  0.1510E-04
 MRCHDU: Convergence failed at 102  side 2    Res =  0.3736E-04
 MRCHDU: Convergence failed at 106  side 2    Res =  0.1482E-02
 Side 1  free  transition at x/c =  0.0487   10
 Side 2  free  transition at x/c =  0.0165   11

 173   rms: 0.3919E+03   max: -.5724E+04   C at   83  2   RLX: 0.000
       a = -1.000      CL = -0.7131
      Cm =  0.1797     CD =  4.32744   =>   CDf =  0.00396    CDp =  4.32348

 MRCHDU: Convergence failed at 100  side 2    Res =  0.1490E-01
 MRCHDU: Convergence failed at 101  side 2    Res =  0.1516E-04
 MRCHDU: Convergence failed at 102  side 2    Res =  0.3739E-04
 MRCHDU: Convergence failed at 106  side 2    Res =  0.1463E-02
 Side 1  free  transition at x/c =  0.0487   10
 Side 2  free  transition at x/c =  0.0165   11

 174   rms: 0.1628E+04   max: -.3002E+05   C at   83  2   RLX: 0.000
       a = -1.000      CL = -0.7131
      Cm =  0.1797     CD =  4.32257   =>   CDf =  0.00396    CDp =  4.31862

 MRCHDU: Convergence failed at 100  side 2    Res =  0.1476E-01
 MRCHDU: Convergence failed at 101  side 2    Res =  0.1518E-04
 MRCHDU: Convergence failed at 102  side 2    Res =  0.3740E-04
 MRCHDU: Convergence failed at 106  side 2    Res =  0.1454E-02
 Side 1  free  transition at x/c =  0.0487   10
 Side 2  free  transition at x/c =  0.0165   11

 175   rms: 0.2310E+04   max: 0.5129E+05   C at   83  2   RLX: 0.000
       a = -1.000      CL = -0.7131
      Cm =  0.1797     CD =  4.32077   =>   CDf =  0.00396    CDp =  4.31682

 MRCHDU: Convergence failed at 100  side 2    Res =  0.1542E-01
 MRCHDU: Convergence failed at 101  side 2    Res =  0.1509E-04
 MRCHDU: Convergence failed at 102  side 2    Res =  0.3737E-04
 MRCHDU: Convergence failed at 106  side 2    Res =  0.1466E-02
 Side 1  free  transition at x/c =  0.0487   10
 Side 2  free  transition at x/c =  0.0165   11

 176   rms: 0.3558E+03   max: -.5081E+04   C at   83  2   RLX: 0.000
       a = -1.000      CL = -0.7130
      Cm =  0.1796     CD =  4.32117   =>   CDf =  0.00396    CDp =  4.31722

 MRCHDU: Convergence failed at 100  side 2    Res =  0.1518E-01
 MRCHDU: Convergence failed at 101  side 2    Res =  0.1515E-04
 MRCHDU: Convergence failed at 102  side 2    Res =  0.3740E-04
 MRCHDU: Convergence failed at 106  side 2    Res =  0.1445E-02
 Side 1  free  transition at x/c =  0.0487   10
 Side 2  free  transition at x/c =  0.0165   11

 177   rms: 0.1332E+04   max: -.2404E+05   C at   83  2   RLX: 0.000
       a = -1.000      CL = -0.7130
      Cm =  0.1796     CD =  4.31584   =>   CDf =  0.00396    CDp =  4.31189

 MRCHDU: Convergence failed at 100  side 2    Res =  0.1503E-01
 MRCHDU: Convergence failed at 101  side 2    Res =  0.1517E-04
 MRCHDU: Convergence failed at 102  side 2    Res =  0.3742E-04
 MRCHDU: Convergence failed at 106  side 2    Res =  0.1435E-02
 Side 1  free  transition at x/c =  0.0487   10
 Side 2  free  transition at x/c =  0.0165   11

 178   rms: 0.2784E+04   max: 0.6094E+05   C at   83  2   RLX: 0.000
       a = -1.000      CL = -0.7130
      Cm =  0.1796     CD =  4.31396   =>   CDf =  0.00396    CDp =  4.31001

 MRCHDU: Convergence failed at 100  side 2    Res =  0.1570E-01
 MRCHDU: Convergence failed at 101  side 2    Res =  0.1508E-04
 MRCHDU: Convergence failed at 102  side 2    Res =  0.3739E-04
 MRCHDU: Convergence failed at 106  side 2    Res =  0.1448E-02
 Side 1  free  transition at x/c =  0.0487   10
 Side 2  free  transition at x/c =  0.0165   11

 179   rms: 0.3259E+03   max: -.4557E+04   C at   83  2   RLX: 0.000
       a = -1.000      CL = -0.7129
      Cm =  0.1796     CD =  4.31441   =>   CDf =  0.00396    CDp =  4.31045

 MRCHDU: Convergence failed at 100  side 2    Res =  0.1545E-01
 MRCHDU: Convergence failed at 101  side 2    Res =  0.1515E-04
 MRCHDU: Convergence failed at 102  side 2    Res =  0.3742E-04
 MRCHDU: Convergence failed at 106  side 2    Res =  0.1425E-02
 Side 1  free  transition at x/c =  0.0487   10
 Side 2  free  transition at x/c =  0.0165   11

 180   rms: 0.1129E+04   max: -.1998E+05   C at   83  2   RLX: 0.000
       a = -1.000      CL = -0.7129
      Cm =  0.1796     CD =  4.30860   =>   CDf =  0.00396    CDp =  4.30465

 MRCHDU: Convergence failed at 100  side 2    Res =  0.1530E-01
 MRCHDU: Convergence failed at 101  side 2    Res =  0.1517E-04
 MRCHDU: Convergence failed at 102  side 2    Res =  0.3744E-04
 MRCHDU: Convergence failed at 106  side 2    Res =  0.1414E-02
 Side 1  free  transition at x/c =  0.0487   10
 Side 2  free  transition at x/c =  0.0165   11

 181   rms: 0.3500E+04   max: 0.7551E+05   C at   83  2   RLX: 0.000
       a = -1.000      CL = -0.7129
      Cm =  0.1796     CD =  4.30663   =>   CDf =  0.00396    CDp =  4.30268

 MRCHDU: Convergence failed at 100  side 2    Res =  0.1596E-01
 MRCHDU: Convergence failed at 101  side 2    Res =  0.1508E-04
 MRCHDU: Convergence failed at 102  side 2    Res =  0.3741E-04
 MRCHDU: Convergence failed at 106  side 2    Res =  0.1428E-02
 Side 1  free  transition at x/c =  0.0487   10
 Side 2  free  transition at x/c =  0.0165   11

 182   rms: 0.3007E+03   max: -.4124E+04   C at   83  2   RLX: 0.000
       a = -1.000      CL = -0.7128
      Cm =  0.1796     CD =  4.30713   =>   CDf =  0.00396    CDp =  4.30318

 MRCHDU: Convergence failed at 100  side 2    Res =  0.1571E-01
 MRCHDU: Convergence failed at 101  side 2    Res =  0.1515E-04
 MRCHDU: Convergence failed at 102  side 2    Res =  0.3744E-04
 MRCHDU: Convergence failed at 106  side 2    Res =  0.1403E-02
 Side 1  free  transition at x/c =  0.0487   10
 Side 2  free  transition at x/c =  0.0165   11

 183   rms: 0.9813E+03   max: -.1704E+05   C at   83  2   RLX: 0.000
       a = -1.000      CL = -0.7127
      Cm =  0.1795     CD =  4.30084   =>   CDf =  0.00396    CDp =  4.29689

 MRCHDU: Convergence failed at 100  side 2    Res =  0.1554E-01
 MRCHDU: Convergence failed at 101  side 2    Res =  0.1518E-04
 MRCHDU: Convergence failed at 102  side 2    Res =  0.3746E-04
 MRCHDU: Convergence failed at 106  side 2    Res =  0.1391E-02
 Side 1  free  transition at x/c =  0.0487   10
 Side 2  free  transition at x/c =  0.0165   11

 184   rms: 0.4691E+04   max: 0.9981E+05   C at   83  2   RLX: 0.000
       a = -1.000      CL = -0.7127
      Cm =  0.1796     CD =  4.29878   =>   CDf =  0.00396    CDp =  4.29483

 MRCHDU: Convergence failed at 100  side 2    Res =  0.1621E-01
 MRCHDU: Convergence failed at 101  side 2    Res =  0.1508E-04
 MRCHDU: Convergence failed at 102  side 2    Res =  0.3743E-04
 MRCHDU: Convergence failed at 106  side 2    Res =  0.1407E-02
 Side 1  free  transition at x/c =  0.0487   10
 Side 2  free  transition at x/c =  0.0165   11

 185   rms: 0.2794E+03   max: -.3761E+04   C at   83  2   RLX: 0.000
       a = -1.000      CL = -0.7126
      Cm =  0.1795     CD =  4.29934   =>   CDf =  0.00396    CDp =  4.29538

 MRCHDU: Convergence failed at 100  side 2    Res =  0.1594E-01
 MRCHDU: Convergence failed at 101  side 2    Res =  0.1516E-04
 MRCHDU: Convergence failed at 102  side 2    Res =  0.3747E-04
 MRCHDU: Convergence failed at 106  side 2    Res =  0.1378E-02
 Side 1  free  transition at x/c =  0.0487   10
 Side 2  free  transition at x/c =  0.0165   11

 186   rms: 0.8701E+03   max: -.1484E+05   C at   83  2   RLX: 0.000
       a = -1.000      CL = -0.7126
      Cm =  0.1795     CD =  4.29255   =>   CDf =  0.00396    CDp =  4.28860

 MRCHDU: Convergence failed at 100  side 2    Res =  0.1577E-01
 MRCHDU: Convergence failed at 101  side 2    Res =  0.1519E-04
 MRCHDU: Convergence failed at 102  side 2    Res =  0.3749E-04
 MRCHDU: Convergence failed at 106  side 2    Res =  0.1366E-02
 Side 1  free  transition at x/c =  0.0487   10
 Side 2  free  transition at x/c =  0.0165   11

 187   rms: 0.7050E+04   max: 0.1480E+06   C at   83  2   RLX: 0.000
       a = -1.000      CL = -0.7126
      Cm =  0.1795     CD =  4.29040   =>   CDf =  0.00396    CDp =  4.28644

 MRCHDU: Convergence failed at 100  side 2    Res =  0.1644E-01
 MRCHDU: Convergence failed at 101  side 2    Res =  0.1509E-04
 MRCHDU: Convergence failed at 102  side 2    Res =  0.3746E-04
 MRCHDU: Convergence failed at 106  side 2    Res =  0.1383E-02
 Side 1  free  transition at x/c =  0.0487   10
 Side 2  free  transition at x/c =  0.0165   11

 188   rms: 0.2611E+03   max: -.3455E+04   C at   83  2   RLX: 0.000
       a = -1.000      CL = -0.7124
      Cm =  0.1795     CD =  4.29102   =>   CDf =  0.00396    CDp =  4.28706

 MRCHDU: Convergence failed at 100  side 2    Res =  0.1617E-01
 MRCHDU: Convergence failed at 101  side 2    Res =  0.1517E-04
 MRCHDU: Convergence failed at 102  side 2    Res =  0.3749E-04
 MRCHDU: Convergence failed at 106  side 2    Res =  0.1352E-02
 Side 1  free  transition at x/c =  0.0487   10
 Side 2  free  transition at x/c =  0.0165   11

 189   rms: 0.7834E+03   max: -.1314E+05   C at   83  2   RLX: 0.000
       a = -1.000      CL = -0.7124
      Cm =  0.1795     CD =  4.28373   =>   CDf =  0.00396    CDp =  4.27977

 MRCHDU: Convergence failed at 100  side 2    Res =  0.1598E-01
 MRCHDU: Convergence failed at 101  side 2    Res =  0.1521E-04
 MRCHDU: Convergence failed at 102  side 2    Res =  0.3751E-04
 MRCHDU: Convergence failed at 106  side 2    Res =  0.1338E-02
 Side 1  free  transition at x/c =  0.0487   10
 Side 2  free  transition at x/c =  0.0165   11

 190   rms: 0.1386E+05   max: 0.2870E+06   C at   83  2   RLX: 0.000
       a = -1.000      CL = -0.7124
      Cm =  0.1795     CD =  4.28148   =>   CDf =  0.00396    CDp =  4.27753

 MRCHDU: Convergence failed at 100  side 2    Res =  0.1665E-01
 MRCHDU: Convergence failed at 101  side 2    Res =  0.1511E-04
 MRCHDU: Convergence failed at 102  side 2    Res =  0.3748E-04
 MRCHDU: Convergence failed at 106  side 2    Res =  0.1357E-02
 Side 1  free  transition at x/c =  0.0487   10
 Side 2  free  transition at x/c =  0.0165   11

 191   rms: 0.2453E+03   max: -.3195E+04   C at   83  2   RLX: 0.000
       a = -1.000      CL = -0.7123
      Cm =  0.1794     CD =  4.28216   =>   CDf =  0.00396    CDp =  4.27821

 MRCHDU: Convergence failed at 100  side 2    Res =  0.1637E-01
 MRCHDU: Convergence failed at 101  side 2    Res =  0.1520E-04
 MRCHDU: Convergence failed at 102  side 2    Res =  0.3752E-04
 MRCHDU: Convergence failed at 106  side 2    Res =  0.1323E-02
 Side 1  free  transition at x/c =  0.0487   10
 Side 2  free  transition at x/c =  0.0165   11

 192   rms: 0.7142E+03   max: -.1179E+05   C at   83  2   RLX: 0.000
       a = -1.000      CL = -0.7122
      Cm =  0.1794     CD =  4.27437   =>   CDf =  0.00396    CDp =  4.27042

 MRCHDU: Convergence failed at 100  side 2    Res =  0.1618E-01
 MRCHDU: Convergence failed at 101  side 2    Res =  0.1523E-04
 MRCHDU: Convergence failed at 102  side 2    Res =  0.3754E-04
 MRCHDU: Convergence failed at 106  side 2    Res =  0.1308E-02
 Side 1  free  transition at x/c =  0.0487   10
 Side 2  free  transition at x/c =  0.0165   11

 193   rms: 0.2257E+06   max: 0.4616E+07   C at   83  2   RLX: 0.000
       a = -1.000      CL = -0.7123
      Cm =  0.1794     CD =  4.27203   =>   CDf =  0.00396    CDp =  4.26807

 MRCHDU: Convergence failed at 100  side 2    Res =  0.1685E-01
 MRCHDU: Convergence failed at 101  side 2    Res =  0.1513E-04
 MRCHDU: Convergence failed at 102  side 2    Res =  0.3751E-04
 MRCHDU: Convergence failed at 106  side 2    Res =  0.1328E-02
 Side 1  free  transition at x/c =  0.0487   10
 Side 2  free  transition at x/c =  0.0165   11

 194   rms: 0.2315E+03   max: -.2972E+04   C at   83  2   RLX: 0.000
       a = -1.000      CL = -0.7121
      Cm =  0.1794     CD =  4.27278   =>   CDf =  0.00396    CDp =  4.26882

 MRCHDU: Convergence failed at 100  side 2    Res =  0.1656E-01
 MRCHDU: Convergence failed at 101  side 2    Res =  0.1522E-04
 MRCHDU: Convergence failed at 102  side 2    Res =  0.3755E-04
 MRCHDU: Convergence failed at 106  side 2    Res =  0.1291E-02
 Side 1  free  transition at x/c =  0.0487   10
 Side 2  free  transition at x/c =  0.0165   11

 195   rms: 0.6579E+03   max: -.1069E+05   C at   83  2   RLX: 0.000
       a = -1.000      CL = -0.7120
      Cm =  0.1794     CD =  4.26448   =>   CDf =  0.00396    CDp =  4.26053

 MRCHDU: Convergence failed at 100  side 2    Res =  0.1637E-01
 MRCHDU: Convergence failed at 101  side 2    Res =  0.1526E-04
 MRCHDU: Convergence failed at 102  side 2    Res =  0.3757E-04
 MRCHDU: Convergence failed at 106  side 2    Res =  0.1275E-02
 Side 1  free  transition at x/c =  0.0487   10
 Side 2  free  transition at x/c =  0.0165   11

 196   rms: 0.1637E+05   max: -.3308E+06   C at   83  2   RLX: 0.000
       a = -1.000      CL = -0.7120
      Cm =  0.1794     CD =  4.26093   =>   CDf =  0.00396    CDp =  4.25697

 MRCHDU: Convergence failed at 100  side 2    Res =  0.1625E-01
 MRCHDU: Convergence failed at 101  side 2    Res =  0.1528E-04
 MRCHDU: Convergence failed at 102  side 2    Res =  0.3758E-04
 MRCHDU: Convergence failed at 106  side 2    Res =  0.1268E-02
 Side 1  free  transition at x/c =  0.0487   10
 Side 2  free  transition at x/c =  0.0165   11

 197   rms: 0.1390E+04   max: 0.3277E+05   C at   83  2   RLX: 0.000
       a = -1.000      CL = -0.7120
      Cm =  0.1794     CD =  4.25932   =>   CDf =  0.00396    CDp =  4.25536

 MRCHDU: Convergence failed at 100  side 2    Res =  0.1684E-01
 MRCHDU: Convergence failed at 101  side 2    Res =  0.1520E-04
 MRCHDU: Convergence failed at 102  side 2    Res =  0.3756E-04
 MRCHDU: Convergence failed at 106  side 2    Res =  0.1279E-02
 Side 1  free  transition at x/c =  0.0487   10
 Side 2  free  transition at x/c =  0.0165   11

 198   rms: 0.5664E+03   max: -.8946E+04   C at   83  2   RLX: 0.000
       a = -1.000      CL = -0.7120
      Cm =  0.1794     CD =  4.26014   =>   CDf =  0.00396    CDp =  4.25618

 MRCHDU: Convergence failed at 100  side 2    Res =  0.1663E-01
 MRCHDU: Convergence failed at 101  side 2    Res =  0.1525E-04
 MRCHDU: Convergence failed at 102  side 2    Res =  0.3758E-04
 MRCHDU: Convergence failed at 106  side 2    Res =  0.1261E-02
 Side 1  free  transition at x/c =  0.0487   10
 Side 2  free  transition at x/c =  0.0165   11

 199   rms: 0.5114E+04   max: -.1009E+06   C at   83  2   RLX: 0.000
       a = -1.000      CL = -0.7119
      Cm =  0.1793     CD =  4.25618   =>   CDf =  0.00396    CDp =  4.25223

 MRCHDU: Convergence failed at 100  side 2    Res =  0.1651E-01
 MRCHDU: Convergence failed at 101  side 2    Res =  0.1527E-04
 MRCHDU: Convergence failed at 102  side 2    Res =  0.3759E-04
 MRCHDU: Convergence failed at 106  side 2    Res =  0.1253E-02
 Side 1  free  transition at x/c =  0.0487   10
 Side 2  free  transition at x/c =  0.0165   11

 200   rms: 0.1536E+04   max: 0.3569E+05   C at   83  2   RLX: 0.000
       a = -1.000      CL = -0.7119
      Cm =  0.1793     CD =  4.25450   =>   CDf =  0.00396    CDp =  4.25054

 MRCHDU: Convergence failed at 100  side 2    Res =  0.1711E-01
 MRCHDU: Convergence failed at 101  side 2    Res =  0.1519E-04
 MRCHDU: Convergence failed at 102  side 2    Res =  0.3757E-04
 MRCHDU: Convergence failed at 106  side 2    Res =  0.1265E-02
 Side 1  free  transition at x/c =  0.0487   10
 Side 2  free  transition at x/c =  0.0165   11

 201   rms: 0.4963E+03   max: -.7630E+04   C at   83  2   RLX: 0.000
       a = -1.000      CL = -0.7119
      Cm =  0.1793     CD =  4.25535   =>   CDf =  0.00396    CDp =  4.25140

 MRCHDU: Convergence failed at 100  side 2    Res =  0.1689E-01
 MRCHDU: Convergence failed at 101  side 2    Res =  0.1524E-04
 MRCHDU: Convergence failed at 102  side 2    Res =  0.3760E-04
 MRCHDU: Convergence failed at 106  side 2    Res =  0.1245E-02
 Side 1  free  transition at x/c =  0.0487   10
 Side 2  free  transition at x/c =  0.0165   11

 202   rms: 0.3021E+04   max: -.5827E+05   C at   83  2   RLX: 0.000
       a = -1.000      CL = -0.7118
      Cm =  0.1793     CD =  4.25098   =>   CDf =  0.00396    CDp =  4.24703

 MRCHDU: Convergence failed at 100  side 2    Res =  0.1675E-01
 MRCHDU: Convergence failed at 101  side 2    Res =  0.1526E-04
 MRCHDU: Convergence failed at 102  side 2    Res =  0.3761E-04
 MRCHDU: Convergence failed at 106  side 2    Res =  0.1236E-02
 Side 1  free  transition at x/c =  0.0487   10
 Side 2  free  transition at x/c =  0.0165   11

 203   rms: 0.1722E+04   max: 0.3942E+05   C at   83  2   RLX: 0.000
       a = -1.000      CL = -0.7118
      Cm =  0.1793     CD =  4.24922   =>   CDf =  0.00396    CDp =  4.24526

 MRCHDU: Convergence failed at 100  side 2    Res =  0.1736E-01
 MRCHDU: Convergence failed at 101  side 2    Res =  0.1518E-04
 MRCHDU: Convergence failed at 102  side 2    Res =  0.3758E-04
 MRCHDU: Convergence failed at 106  side 2    Res =  0.1250E-02
 Side 1  free  transition at x/c =  0.0487   10
 Side 2  free  transition at x/c =  0.0165   11

 204   rms: 0.4413E+03   max: -.6611E+04   C at   83  2   RLX: 0.000
       a = -1.000      CL = -0.7118
      Cm =  0.1793     CD =  4.25012   =>   CDf =  0.00396    CDp =  4.24616

 MRCHDU: Convergence failed at 100  side 2    Res =  0.1713E-01
 MRCHDU: Convergence failed at 101  side 2    Res =  0.1523E-04
 MRCHDU: Convergence failed at 102  side 2    Res =  0.3761E-04
 MRCHDU: Convergence failed at 106  side 2    Res =  0.1227E-02
 Side 1  free  transition at x/c =  0.0487   10
 Side 2  free  transition at x/c =  0.0165   11

 205   rms: 0.2143E+04   max: -.4041E+05   C at   83  2   RLX: 0.000
       a = -1.000      CL = -0.7117
      Cm =  0.1793     CD =  4.24531   =>   CDf =  0.00396    CDp =  4.24135
 VISCAL:  Convergence failed
      9.000   14.4559   4.245308   0.000178   0.000670   0.000492    0.0487     #
 Calculating wake trajectory ...
 Calculating source influence matrix ...

 Solving BL system ...

 MRCHDU: Convergence failed at 100  side 2    Res =  0.1699E-01
 MRCHDU: Convergence failed at 101  side 2    Res =  0.1526E-04
 MRCHDU: Convergence failed at 102  side 2    Res =  0.3762E-04
 MRCHDU: Convergence failed at 106  side 2    Res =  0.1217E-02
 Side 1  free  transition at x/c =  0.0487   10
 Side 2  free  transition at x/c =  0.0165   11

   1   rms: 0.2508E+04   max: 0.5658E+05   C at   83  2   RLX: 0.000
       a = -2.000      CL = -0.7111
      Cm =  0.1793     CD =  4.24346   =>   CDf =  0.00395    CDp =  4.23951

 MRCHDU: Convergence failed at 100  side 2    Res =  0.1761E-01
 MRCHDU: Convergence failed at 101  side 2    Res =  0.1517E-04
 MRCHDU: Convergence failed at 102  side 2    Res =  0.3760E-04
 MRCHDU: Convergence failed at 106  side 2    Res =  0.1231E-02
 Side 1  free  transition at x/c =  0.0487   10
 Side 2  free  transition at x/c =  0.0165   11

   2   rms: 0.5041E+03   max: -.7366E+04   C at   83  2   RLX: 0.000
       a = -2.000      CL = -0.7110
      Cm =  0.1793     CD =  4.24396   =>   CDf =  0.00395    CDp =  4.24001

 MRCHDU: Convergence failed at 100  side 2    Res =  0.1738E-01
 MRCHDU: Convergence failed at 101  side 2    Res =  0.1524E-04
 MRCHDU: Convergence failed at 102  side 2    Res =  0.3763E-04
 MRCHDU: Convergence failed at 106  side 2    Res =  0.1202E-02
 Side 1  free  transition at x/c =  0.0487   10
 Side 2  free  transition at x/c =  0.0165   11

   3   rms: 0.2107E+04   max: -.3888E+05   C at   83  2   RLX: 0.000
       a = -2.000      CL = -0.7110
      Cm =  0.1793     CD =  4.23758   =>   CDf =  0.00395    CDp =  4.23362

 MRCHDU: Convergence failed at 100  side 2    Res =  0.1723E-01
 MRCHDU: Convergence failed at 101  side 2    Res =  0.1527E-04
 MRCHDU: Convergence failed at 102  side 2    Res =  0.3765E-04
 MRCHDU: Convergence failed at 106  side 2    Res =  0.1190E-02
 Side 1  free  transition at x/c =  0.0487   10
 Side 2  free  transition at x/c =  0.0165   11

   4   rms: 0.2926E+04   max: 0.6504E+05   C at   83  2   RLX: 0.000
       a = -2.000      CL = -0.7110
      Cm =  0.1793     CD =  4.23543   =>   CDf =  0.00395    CDp =  4.23148

 MRCHDU: Convergence failed at 100  side 2    Res =  0.1785E-01
 MRCHDU: Convergence failed at 101  side 2    Res =  0.1518E-04
 MRCHDU: Convergence failed at 102  side 2    Res =  0.3762E-04
 MRCHDU: Convergence failed at 106  side 2    Res =  0.1205E-02
 Side 1  free  transition at x/c =  0.0487   10
 Side 2  free  transition at x/c =  0.0165   11

   5   rms: 0.4587E+03   max: -.6554E+04   C at   83  2   RLX: 0.000
       a = -2.000      CL = -0.7109
      Cm =  0.1792     CD =  4.23605   =>   CDf =  0.00395    CDp =  4.23209

 MRCHDU: Convergence failed at 100  side 2    Res =  0.1761E-01
 MRCHDU: Convergence failed at 101  side 2    Res =  0.1525E-04
 MRCHDU: Convergence failed at 102  side 2    Res =  0.3766E-04
 MRCHDU: Convergence failed at 106  side 2    Res =  0.1173E-02
 Side 1  free  transition at x/c =  0.0487   10
 Side 2  free  transition at x/c =  0.0165   11

   6   rms: 0.1729E+04   max: -.3124E+05   C at   83  2   RLX: 0.000
       a = -2.000      CL = -0.7108
      Cm =  0.1792     CD =  4.22905   =>   CDf =  0.00395    CDp =  4.22509

 MRCHDU: Convergence failed at 100  side 2    Res =  0.1745E-01
 MRCHDU: Convergence failed at 101  side 2    Res =  0.1529E-04
 MRCHDU: Convergence failed at 102  side 2    Res =  0.3767E-04
 MRCHDU: Convergence failed at 106  side 2    Res =  0.1160E-02
 Side 1  free  transition at x/c =  0.0487   10
 Side 2  free  transition at x/c =  0.0165   11

   7   rms: 0.3500E+04   max: 0.7668E+05   C at   83  2   RLX: 0.000
       a = -2.000      CL = -0.7109
      Cm =  0.1792     CD =  4.22676   =>   CDf =  0.00395    CDp =  4.22280

 MRCHDU: Convergence failed at 100  side 2    Res =  0.1808E-01
 MRCHDU: Convergence failed at 101  side 2    Res =  0.1519E-04
 MRCHDU: Convergence failed at 102  side 2    Res =  0.3765E-04
 MRCHDU: Convergence failed at 106  side 2    Res =  0.1177E-02
 Side 1  free  transition at x/c =  0.0487   10
 Side 2  free  transition at x/c =  0.0165   11

   8   rms: 0.4210E+03   max: -.5889E+04   C at   83  2   RLX: 0.000
       a = -2.000      CL = -0.7108
      Cm =  0.1792     CD =  4.22750   =>   CDf =  0.00395    CDp =  4.22355

 MRCHDU: Convergence failed at 100  side 2    Res =  0.1783E-01
 MRCHDU: Convergence failed at 101  side 2    Res =  0.1528E-04
 MRCHDU: Convergence failed at 102  side 2    Res =  0.3768E-04
 MRCHDU: Convergence failed at 106  side 2    Res =  0.1142E-02
 Side 1  free  transition at x/c =  0.0487   10
 Side 2  free  transition at x/c =  0.0165   11

   9   rms: 0.1469E+04   max: -.2603E+05   C at   83  2   RLX: 0.000
       a = -2.000      CL = -0.7107
      Cm =  0.1792     CD =  4.21987   =>   CDf =  0.00395    CDp =  4.21592

 MRCHDU: Convergence failed at 100  side 2    Res =  0.1767E-01
 MRCHDU: Convergence failed at 101  side 2    Res =  0.1531E-04
 MRCHDU: Convergence failed at 102  side 2    Res =  0.3770E-04
 MRCHDU: Convergence failed at 106  side 2    Res =  0.1127E-02
 Side 1  free  transition at x/c =  0.0487   10
 Side 2  free  transition at x/c =  0.0165   11

  10   rms: 0.4340E+04   max: 0.9375E+05   C at   83  2   RLX: 0.000
       a = -2.000      CL = -0.7108
      Cm =  0.1792     CD =  4.21743   =>   CDf =  0.00395    CDp =  4.21348

 MRCHDU: Convergence failed at 100  side 2    Res =  0.1830E-01
 MRCHDU: Convergence failed at 101  side 2    Res =  0.1521E-04
 MRCHDU: Convergence failed at 102  side 2    Res =  0.3767E-04
 MRCHDU: Convergence failed at 106  side 2    Res =  0.1146E-02
 Side 1  free  transition at x/c =  0.0487   10
 Side 2  free  transition at x/c =  0.0165   11

  11   rms: 0.3893E+03   max: -.5340E+04   C at   83  2   RLX: 0.000
       a = -2.000      CL = -0.7107
      Cm =  0.1792     CD =  4.21830   =>   CDf =  0.00395    CDp =  4.21435

 MRCHDU: Convergence failed at 100  side 2    Res =  0.1804E-01
 MRCHDU: Convergence failed at 101  side 2    Res =  0.1530E-04
 MRCHDU: Convergence failed at 102  side 2    Res =  0.3771E-04
 MRCHDU: Convergence failed at 106  side 2    Res =  0.1107E-02
 Side 1  free  transition at x/c =  0.0487   10
 Side 2  free  transition at x/c =  0.0165   11

  12   rms: 0.1282E+04   max: -.2230E+05   C at   83  2   RLX: 0.000
       a = -2.000      CL = -0.7106
      Cm =  0.1792     CD =  4.21004   =>   CDf =  0.00395    CDp =  4.20608

 MRCHDU: Convergence failed at 100  side 2    Res =  0.1787E-01
 MRCHDU: Convergence failed at 101  side 2    Res =  0.1534E-04
 MRCHDU: Convergence failed at 102  side 2    Res =  0.3773E-04
 MRCHDU: Convergence failed at 106  side 2    Res =  0.1090E-02
 Side 1  free  transition at x/c =  0.0487   10
 Side 2  free  transition at x/c =  0.0165   11

  13   rms: 0.5687E+04   max: 0.1212E+06   C at   83  2   RLX: 0.000
       a = -2.000      CL = -0.7106
      Cm =  0.1792     CD =  4.20743   =>   CDf =  0.00395    CDp =  4.20348

 MRCHDU: Convergence failed at 100  side 2    Res =  0.1850E-01
 MRCHDU: Convergence failed at 101  side 2    Res =  0.1524E-04
 MRCHDU: Convergence failed at 102  side 2    Res =  0.3770E-04
 MRCHDU: Convergence failed at 106  side 2    Res =  0.1111E-02
 Side 1  free  transition at x/c =  0.0487   10
 Side 2  free  transition at x/c =  0.0165   11

  14   rms: 0.3621E+03   max: -.4876E+04   C at   83  2   RLX: 0.000
       a = -2.000      CL = -0.7105
      Cm =  0.1792     CD =  4.20844   =>   CDf =  0.00395    CDp =  4.20448

 MRCHDU: Convergence failed at 100  side 2    Res =  0.1824E-01
 MRCHDU: Convergence failed at 101  side 2    Res =  0.1534E-04
 MRCHDU: Convergence failed at 102  side 2    Res =  0.3775E-04
 MRCHDU: Convergence failed at 106  side 2    Res =  0.1068E-02
 Side 1  free  transition at x/c =  0.0487   10
 Side 2  free  transition at x/c =  0.0165   11

  15   rms: 0.1140E+04   max: -.1948E+05   C at   83  2   RLX: 0.000
       a = -2.000      CL = -0.7105
      Cm =  0.1791     CD =  4.19950   =>   CDf =  0.00395    CDp =  4.19555

 MRCHDU: Convergence failed at 100  side 2    Res =  0.1806E-01
 MRCHDU: Convergence failed at 101  side 2    Res =  0.1538E-04
 MRCHDU: Convergence failed at 102  side 2    Res =  0.3777E-04
 MRCHDU: Convergence failed at 106  side 2    Res =  0.1049E-02
 Side 1  free  transition at x/c =  0.0487   10
 Side 2  free  transition at x/c =  0.0165   11

  16   rms: 0.8158E+04   max: 0.1715E+06   C at   83  2   RLX: 0.000
       a = -2.000      CL = -0.7105
      Cm =  0.1792     CD =  4.19674   =>   CDf =  0.00395    CDp =  4.19279

 MRCHDU: Convergence failed at 100  side 2    Res =  0.1868E-01
 MRCHDU: Convergence failed at 101  side 2    Res =  0.1527E-04
 MRCHDU: Convergence failed at 102  side 2    Res =  0.3774E-04
 MRCHDU: Convergence failed at 106  side 2    Res =  0.1072E-02
 Side 1  free  transition at x/c =  0.0487   10
 Side 2  free  transition at x/c =  0.0165   11

  17   rms: 0.3391E+03   max: -.4490E+04   C at   83  2   RLX: 0.000
       a = -2.000      CL = -0.7104
      Cm =  0.1791     CD =  4.19788   =>   CDf =  0.00395    CDp =  4.19393

 MRCHDU: Convergence failed at 100  side 2    Res =  0.1842E-01
 MRCHDU: Convergence failed at 101  side 2    Res =  0.1538E-04
 MRCHDU: Convergence failed at 102  side 2    Res =  0.3778E-04
 MRCHDU: Convergence failed at 106  side 2    Res =  0.1025E-02
 Side 1  free  transition at x/c =  0.0487   10
 Side 2  free  transition at x/c =  0.0165   11

  18   rms: 0.1030E+04   max: -.1730E+05   C at   83  2   RLX: 0.000
       a = -2.000      CL = -0.7103
      Cm =  0.1791     CD =  4.18829   =>   CDf =  0.00395    CDp =  4.18434

 MRCHDU: Convergence failed at 100  side 2    Res =  0.1824E-01
 MRCHDU: Convergence failed at 101  side 2    Res =  0.1542E-04
 MRCHDU: Convergence failed at 102  side 2    Res =  0.3780E-04
 MRCHDU: Convergence failed at 106  side 2    Res =  0.1005E-02
 Side 1  free  transition at x/c =  0.0487   10
 Side 2  free  transition at x/c =  0.0165   11

  19   rms: 0.1409E+05   max: 0.2924E+06   C at   83  2   RLX: 0.000
       a = -2.000      CL = -0.7104
      Cm =  0.1791     CD =  4.18537   =>   CDf =  0.00395    CDp =  4.18142

 MRCHDU: Convergence failed at 100  side 2    Res =  0.1886E-01
 MRCHDU: Convergence failed at 101  side 2    Res =  0.1531E-04
 MRCHDU: Convergence failed at 102  side 2    Res =  0.3777E-04
 MRCHDU: Convergence failed at 106  side 2    Res =  0.1030E-02
 Side 1  free  transition at x/c =  0.0487   10
 Side 2  free  transition at x/c =  0.0165   11

  20   rms: 0.3194E+03   max: -.4162E+04   C at   83  2   RLX: 0.000
       a = -2.000      CL = -0.7103
      Cm =  0.1791     CD =  4.18666   =>   CDf =  0.00395    CDp =  4.18271

 MRCHDU: Convergence failed at 100  side 2    Res =  0.1859E-01
 MRCHDU: Convergence failed at 101  side 2    Res =  0.1542E-04
 MRCHDU: Convergence failed at 102  side 2    Res =  0.3782E-04
 MRCHDU: Convergence failed at 106  side 2    Res =  0.9775E-03
 Side 1  free  transition at x/c =  0.0487   10
 Side 2  free  transition at x/c =  0.0165   11

  21   rms: 0.9422E+03   max: -.1557E+05   C at   83  2   RLX: 0.000
       a = -2.000      CL = -0.7102
      Cm =  0.1791     CD =  4.17641   =>   CDf =  0.00395    CDp =  4.17245

 MRCHDU: Convergence failed at 100  side 2    Res =  0.1840E-01
 MRCHDU: Convergence failed at 101  side 2    Res =  0.1547E-04
 MRCHDU: Convergence failed at 102  side 2    Res =  0.3784E-04
 MRCHDU: Convergence failed at 106  side 2    Res =  0.9553E-03
 Side 1  free  transition at x/c =  0.0487   10
 Side 2  free  transition at x/c =  0.0165   11

  22   rms: 0.4686E+05   max: 0.9602E+06   C at   83  2   RLX: 0.000
       a = -2.000      CL = -0.7102
      Cm =  0.1791     CD =  4.17333   =>   CDf =  0.00395    CDp =  4.16937

 MRCHDU: Convergence failed at 100  side 2    Res =  0.1902E-01
 MRCHDU: Convergence failed at 101  side 2    Res =  0.1536E-04
 MRCHDU: Convergence failed at 102  side 2    Res =  0.3781E-04
 MRCHDU: Convergence failed at 106  side 2    Res =  0.9834E-03
 Side 1  free  transition at x/c =  0.0487   10
 Side 2  free  transition at x/c =  0.0165   11

  23   rms: 0.3023E+03   max: -.3882E+04   C at   83  2   RLX: 0.000
       a = -2.000      CL = -0.7101
      Cm =  0.1790     CD =  4.17476   =>   CDf =  0.00395    CDp =  4.17081

 MRCHDU: Convergence failed at 100  side 2    Res =  0.1875E-01
 MRCHDU: Convergence failed at 101  side 2    Res =  0.1547E-04
 MRCHDU: Convergence failed at 102  side 2    Res =  0.3786E-04
 MRCHDU: Convergence failed at 106  side 2    Res =  0.9256E-03
 Side 1  free  transition at x/c =  0.0487   10
 Side 2  free  transition at x/c =  0.0165   11

  24   rms: 0.8711E+03   max: -.1418E+05   C at   83  2   RLX: 0.000
       a = -2.000      CL = -0.7101
      Cm =  0.1790     CD =  4.16385   =>   CDf =  0.00395    CDp =  4.15990

 MRCHDU: Convergence failed at 100  side 2    Res =  0.1855E-01
 MRCHDU: Convergence failed at 101  side 2    Res =  0.1553E-04
 MRCHDU: Convergence failed at 102  side 2    Res =  0.3788E-04
 MRCHDU: Convergence failed at 106  side 2    Res =  0.9012E-03
 Side 1  free  transition at x/c =  0.0487   10
 Side 2  free  transition at x/c =  0.0165   11

  25   rms: 0.3827E+05   max: -.7748E+06   C at   83  2   RLX: 0.000
       a = -2.000      CL = -0.7100
      Cm =  0.1790     CD =  4.15941   =>   CDf =  0.00395    CDp =  4.15546

 MRCHDU: Convergence failed at 100  side 2    Res =  0.1843E-01
 MRCHDU: Convergence failed at 101  side 2    Res =  0.1555E-04
 MRCHDU: Convergence failed at 102  side 2    Res =  0.3789E-04
 MRCHDU: Convergence failed at 106  side 2    Res =  0.8905E-03
 Side 1  free  transition at x/c =  0.0487   10
 Side 2  free  transition at x/c =  0.0165   11

  26   rms: 0.1741E+04   max: 0.4111E+05   C at   83  2   RLX: 0.000
       a = -2.000      CL = -0.7100
      Cm =  0.1790     CD =  4.15769   =>   CDf =  0.00395    CDp =  4.15373

 MRCHDU: Convergence failed at 100  side 2    Res =  0.1898E-01
 MRCHDU: Convergence failed at 101  side 2    Res =  0.1547E-04
 MRCHDU: Convergence failed at 102  side 2    Res =  0.3787E-04
 MRCHDU: Convergence failed at 106  side 2    Res =  0.9042E-03
 Side 1  free  transition at x/c =  0.0487   10
 Side 2  free  transition at x/c =  0.0165   11

  27   rms: 0.7477E+03   max: -.1183E+05   C at   83  2   RLX: 0.000
       a = -2.000      CL = -0.7100
      Cm =  0.1790     CD =  4.15829   =>   CDf =  0.00395    CDp =  4.15434

 MRCHDU: Convergence failed at 100  side 2    Res =  0.1878E-01
 MRCHDU: Convergence failed at 101  side 2    Res =  0.1553E-04
 MRCHDU: Convergence failed at 102  side 2    Res =  0.3790E-04
 MRCHDU: Convergence failed at 106  side 2    Res =  0.8764E-03
 Side 1  free  transition at x/c =  0.0487   10
 Side 2  free  transition at x/c =  0.0165   11

  28   rms: 0.7822E+04   max: -.1547E+06   C at   83  2   RLX: 0.000
       a = -2.000      CL = -0.7100
      Cm =  0.1790     CD =  4.15329   =>   CDf =  0.00395    CDp =  4.14933

 MRCHDU: Convergence failed at 100  side 2    Res =  0.1864E-01
 MRCHDU: Convergence failed at 101  side 2    Res =  0.1555E-04
 MRCHDU: Convergence failed at 102  side 2    Res =  0.3791E-04
 MRCHDU: Convergence failed at 106  side 2    Res =  0.8642E-03
 Side 1  free  transition at x/c =  0.0487   10
 Side 2  free  transition at x/c =  0.0165   11

  29   rms: 0.1911E+04   max: 0.4445E+05   C at   83  2   RLX: 0.000
       a = -2.000      CL = -0.7100
      Cm =  0.1790     CD =  4.15143   =>   CDf =  0.00395    CDp =  4.14748

 MRCHDU: Convergence failed at 100  side 2    Res =  0.1921E-01
 MRCHDU: Convergence failed at 101  side 2    Res =  0.1547E-04
 MRCHDU: Convergence failed at 102  side 2    Res =  0.3789E-04
 MRCHDU: Convergence failed at 106  side 2    Res =  0.8798E-03
 Side 1  free  transition at x/c =  0.0487   10
 Side 2  free  transition at x/c =  0.0165   11

  30   rms: 0.6571E+03   max: -.1011E+05   C at   83  2   RLX: 0.000
       a = -2.000      CL = -0.7099
      Cm =  0.1790     CD =  4.15214   =>   CDf =  0.00395    CDp =  4.14819

 MRCHDU: Convergence failed at 100  side 2    Res =  0.1900E-01
 MRCHDU: Convergence failed at 101  side 2    Res =  0.1554E-04
 MRCHDU: Convergence failed at 102  side 2    Res =  0.3792E-04
 MRCHDU: Convergence failed at 106  side 2    Res =  0.8483E-03
 Side 1  free  transition at x/c =  0.0487   10
 Side 2  free  transition at x/c =  0.0165   11

  31   rms: 0.4349E+04   max: -.8404E+05   C at   83  2   RLX: 0.000
       a = -2.000      CL = -0.7099
      Cm =  0.1790     CD =  4.14657   =>   CDf =  0.00395    CDp =  4.14261

 MRCHDU: Convergence failed at 100  side 2    Res =  0.1885E-01
 MRCHDU: Convergence failed at 101  side 2    Res =  0.1557E-04
 MRCHDU: Convergence failed at 102  side 2    Res =  0.3793E-04
 MRCHDU: Convergence failed at 106  side 2    Res =  0.8347E-03
 Side 1  free  transition at x/c =  0.0487   10
 Side 2  free  transition at x/c =  0.0165   11

  32   rms: 0.2126E+04   max: 0.4873E+05   C at   83  2   RLX: 0.000
       a = -2.000      CL = -0.7099
      Cm =  0.1790     CD =  4.14457   =>   CDf =  0.00395    CDp =  4.14062

 MRCHDU: Convergence failed at 100  side 2    Res =  0.1943E-01
 MRCHDU: Convergence failed at 101  side 2    Res =  0.1548E-04
 MRCHDU: Convergence failed at 102  side 2    Res =  0.3791E-04
 MRCHDU: Convergence failed at 106  side 2    Res =  0.8522E-03
 Side 1  free  transition at x/c =  0.0487   10
 Side 2  free  transition at x/c =  0.0165   11

  33   rms: 0.5844E+03   max: -.8768E+04   C at   83  2   RLX: 0.000
       a = -2.000      CL = -0.7098
      Cm =  0.1790     CD =  4.14540   =>   CDf =  0.00395    CDp =  4.14144

 MRCHDU: Convergence failed at 100  side 2    Res =  0.1920E-01
 MRCHDU: Convergence failed at 101  side 2    Res =  0.1555E-04
 MRCHDU: Convergence failed at 102  side 2    Res =  0.3794E-04
 MRCHDU: Convergence failed at 106  side 2    Res =  0.8168E-03
 Side 1  free  transition at x/c =  0.0487   10
 Side 2  free  transition at x/c =  0.0165   11

  34   rms: 0.3011E+04   max: -.5689E+05   C at   83  2   RLX: 0.000
       a = -2.000      CL = -0.7098
      Cm =  0.1790     CD =  4.13923   =>   CDf =  0.00395    CDp =  4.13528

 MRCHDU: Convergence failed at 100  side 2    Res =  0.1906E-01
 MRCHDU: Convergence failed at 101  side 2    Res =  0.1558E-04
 MRCHDU: Convergence failed at 102  side 2    Res =  0.3795E-04
 MRCHDU: Convergence failed at 106  side 2    Res =  0.8014E-03
 Side 1  free  transition at x/c =  0.0487   10
 Side 2  free  transition at x/c =  0.0165   11

  35   rms: 0.2399E+04   max: 0.5418E+05   C at   83  2   RLX: 0.000
       a = -2.000      CL = -0.7098
      Cm =  0.1790     CD =  4.13709   =>   CDf =  0.00395    CDp =  4.13314

 MRCHDU: Convergence failed at 100  side 2    Res =  0.1963E-01
 MRCHDU: Convergence failed at 101  side 2    Res =  0.1549E-04
 MRCHDU: Convergence failed at 102  side 2    Res =  0.3793E-04
 MRCHDU: Convergence failed at 106  side 2    Res =  0.8213E-03
 Side 1  free  transition at x/c =  0.0487   10
 Side 2  free  transition at x/c =  0.0165   11

  36   rms: 0.5264E+03   max: -.7708E+04   C at   83  2   RLX: 0.000
       a = -2.000      CL = -0.7097
      Cm =  0.1789     CD =  4.13804   =>   CDf =  0.00395    CDp =  4.13409

 MRCHDU: Convergence failed at 100  side 2    Res =  0.1940E-01
 MRCHDU: Convergence failed at 101  side 2    Res =  0.1557E-04
 MRCHDU: Convergence failed at 102  side 2    Res =  0.3796E-04
 MRCHDU: Convergence failed at 106  side 2    Res =  0.7815E-03
 Side 1  free  transition at x/c =  0.0487   10
 Side 2  free  transition at x/c =  0.0165   11

  37   rms: 0.2310E+04   max: -.4271E+05   C at   83  2   RLX: 0.000
       a = -2.000      CL = -0.7097
      Cm =  0.1789     CD =  4.13127   =>   CDf =  0.00395    CDp =  4.12732

 MRCHDU: Convergence failed at 100  side 2    Res =  0.1925E-01
 MRCHDU: Convergence failed at 101  side 2    Res =  0.1560E-04
 MRCHDU: Convergence failed at 102  side 2    Res =  0.3798E-04
 MRCHDU: Convergence failed at 106  side 2    Res =  0.7643E-03
 Side 1  free  transition at x/c =  0.0487   10
 Side 2  free  transition at x/c =  0.0165   11

  38   rms: 0.2753E+04   max: 0.6128E+05   C at   83  2   RLX: 0.000
       a = -2.000      CL = -0.7097
      Cm =  0.1789     CD =  4.12898   =>   CDf =  0.00395    CDp =  4.12503

 MRCHDU: Convergence failed at 100  side 2    Res =  0.1983E-01
 MRCHDU: Convergence failed at 101  side 2    Res =  0.1551E-04
 MRCHDU: Convergence failed at 102  side 2    Res =  0.3795E-04
 MRCHDU: Convergence failed at 106  side 2    Res =  0.7865E-03
 Side 1  free  transition at x/c =  0.0487   10
 Side 2  free  transition at x/c =  0.0165   11

  39   rms: 0.4784E+03   max: -.6848E+04   C at   83  2   RLX: 0.000
       a = -2.000      CL = -0.7096
      Cm =  0.1789     CD =  4.13006   =>   CDf =  0.00395    CDp =  4.12611

 MRCHDU: Convergence failed at 100  side 2    Res =  0.1959E-01
 MRCHDU: Convergence failed at 101  side 2    Res =  0.1559E-04
 MRCHDU: Convergence failed at 102  side 2    Res =  0.3799E-04
 MRCHDU: Convergence failed at 106  side 2    Res =  0.7420E-03
 Side 1  free  transition at x/c =  0.0487   10
 Side 2  free  transition at x/c =  0.0165   11

  40   rms: 0.1880E+04   max: -.3404E+05   C at   83  2   RLX: 0.000
       a = -2.000      CL = -0.7096
      Cm =  0.1789     CD =  4.12263   =>   CDf =  0.00395    CDp =  4.11868

 MRCHDU: Convergence failed at 100  side 2    Res =  0.1943E-01
 MRCHDU: Convergence failed at 101  side 2    Res =  0.1563E-04
 MRCHDU: Convergence failed at 102  side 2    Res =  0.3801E-04
 MRCHDU: Convergence failed at 106  side 2    Res =  0.7228E-03
 Side 1  free  transition at x/c =  0.0487   10
 Side 2  free  transition at x/c =  0.0165   11

  41   rms: 0.3227E+04   max: 0.7079E+05   C at   83  2   RLX: 0.000
       a = -2.000      CL = -0.7096
      Cm =  0.1789     CD =  4.12019   =>   CDf =  0.00395    CDp =  4.11623

 MRCHDU: Convergence failed at 100  side 2    Res =  0.2001E-01
 MRCHDU: Convergence failed at 101  side 2    Res =  0.1553E-04
 MRCHDU: Convergence failed at 102  side 2    Res =  0.3798E-04
 MRCHDU: Convergence failed at 106  side 2    Res =  0.7476E-03
 Side 1  free  transition at x/c =  0.0487   10
 Side 2  free  transition at x/c =  0.0165   11

  42   rms: 0.4392E+03   max: -.6156E+04   C at   83  2   RLX: 0.000
       a = -2.000      CL = -0.7095
      Cm =  0.1789     CD =  4.12141   =>   CDf =  0.00395    CDp =  4.11746

 MRCHDU: Convergence failed at 100  side 2    Res =  0.1977E-01
 MRCHDU: Convergence failed at 101  side 2    Res =  0.1562E-04
 MRCHDU: Convergence failed at 102  side 2    Res =  0.3802E-04
 MRCHDU: Convergence failed at 106  side 2    Res =  0.6979E-03
 Side 1  free  transition at x/c =  0.0487   10
 Side 2  free  transition at x/c =  0.0165   11

  43   rms: 0.1590E+04   max: -.2823E+05   C at   83  2   RLX: 0.000
       a = -2.000      CL = -0.7095
      Cm =  0.1789     CD =  4.11333   =>   CDf =  0.00395    CDp =  4.10938

 MRCHDU: Convergence failed at 100  side 2    Res =  0.1960E-01
 MRCHDU: Convergence failed at 101  side 2    Res =  0.1567E-04
 MRCHDU: Convergence failed at 102  side 2    Res =  0.3804E-04
 MRCHDU: Convergence failed at 106  side 2    Res =  0.6765E-03
 Side 1  free  transition at x/c =  0.0487   10
 Side 2  free  transition at x/c =  0.0165   11

  44   rms: 0.3869E+04   max: 0.8369E+05   C at   83  2   RLX: 0.000
       a = -2.000      CL = -0.7095
      Cm =  0.1789     CD =  4.11072   =>   CDf =  0.00395    CDp =  4.10677

 MRCHDU: Convergence failed at 100  side 2    Res =  0.2018E-01
 MRCHDU: Convergence failed at 101  side 2    Res =  0.1556E-04
 MRCHDU: Convergence failed at 102  side 2    Res =  0.3801E-04
 MRCHDU: Convergence failed at 106  side 2    Res =  0.7042E-03
 Side 1  free  transition at x/c =  0.0487   10
 Side 2  free  transition at x/c =  0.0165   11

  45   rms: 0.4065E+03   max: -.5585E+04   C at   83  2   RLX: 0.000
       a = -2.000      CL = -0.7094
      Cm =  0.1789     CD =  4.11210   =>   CDf =  0.00395    CDp =  4.10815

 MRCHDU: Convergence failed at 100  side 2    Res =  0.1994E-01
 MRCHDU: Convergence failed at 101  side 2    Res =  0.1566E-04
 MRCHDU: Convergence failed at 102  side 2    Res =  0.3805E-04
 MRCHDU: Convergence failed at 106  side 2    Res =  0.6489E-03
 Side 1  free  transition at x/c =  0.0487   10
 Side 2  free  transition at x/c =  0.0165   11

  46   rms: 0.1376E+04   max: -.2397E+05   C at   83  2   RLX: 0.000
       a = -2.000      CL = -0.7094
      Cm =  0.1788     CD =  4.10335   =>   CDf =  0.00395    CDp =  4.09940

 MRCHDU: Convergence failed at 100  side 2    Res =  0.1976E-01
 MRCHDU: Convergence failed at 101  side 2    Res =  0.1571E-04
 MRCHDU: Convergence failed at 102  side 2    Res =  0.3807E-04
 MRCHDU: Convergence failed at 106  side 2    Res =  0.6251E-03
 Side 1  free  transition at x/c =  0.0487   10
 Side 2  free  transition at x/c =  0.0165   11

  47   rms: 0.4830E+04   max: 0.1030E+06   C at   83  2   RLX: 0.000
       a = -2.000      CL = -0.7094
      Cm =  0.1789     CD =  4.10058   =>   CDf =  0.00395    CDp =  4.09663

 MRCHDU: Convergence failed at 100  side 2    Res =  0.2034E-01
 MRCHDU: Convergence failed at 101  side 2    Res =  0.1560E-04
 MRCHDU: Convergence failed at 102  side 2    Res =  0.3804E-04
 MRCHDU: Convergence failed at 106  side 2    Res =  0.6560E-03
 Side 1  free  transition at x/c =  0.0487   10
 Side 2  free  transition at x/c =  0.0165   11

  48   rms: 0.3789E+03   max: -.5111E+04   C at   83  2   RLX: 0.000
       a = -2.000      CL = -0.7093
      Cm =  0.1788     CD =  4.10211   =>   CDf =  0.00395    CDp =  4.09816

 MRCHDU: Convergence failed at 100  side 2    Res =  0.2009E-01
 MRCHDU: Convergence failed at 101  side 2    Res =  0.1571E-04
 MRCHDU: Convergence failed at 102  side 2    Res =  0.3809E-04
 MRCHDU: Convergence failed at 106  side 2    Res =  0.5945E-03
 Side 1  free  transition at x/c =  0.0487   10
 Side 2  free  transition at x/c =  0.0165   11

  49   rms: 0.1222E+04   max: -.2091E+05   C at   83  2   RLX: 0.000
       a = -2.000      CL = -0.7092
      Cm =  0.1788     CD =  4.09268   =>   CDf =  0.00395    CDp =  4.08873

 MRCHDU: Convergence failed at 100  side 2    Res =  0.1991E-01
 MRCHDU: Convergence failed at 101  side 2    Res =  0.1575E-04
 MRCHDU: Convergence failed at 102  side 2    Res =  0.3811E-04
 MRCHDU: Convergence failed at 106  side 2    Res =  0.5681E-03
 Side 1  free  transition at x/c =  0.0487   10
 Side 2  free  transition at x/c =  0.0165   11

  50   rms: 0.6354E+04   max: 0.1337E+06   C at   83  2   RLX: 0.000
       a = -2.000      CL = -0.7093
      Cm =  0.1788     CD =  4.08974   =>   CDf =  0.00395    CDp =  4.08579

 MRCHDU: Convergence failed at 100  side 2    Res =  0.2049E-01
 MRCHDU: Convergence failed at 101  side 2    Res =  0.1565E-04
 MRCHDU: Convergence failed at 102  side 2    Res =  0.3807E-04
 MRCHDU: Convergence failed at 106  side 2    Res =  0.6023E-03
 Side 1  free  transition at x/c =  0.0487   10
 Side 2  free  transition at x/c =  0.0165   11

  51   rms: 0.3537E+03   max: -.4689E+04   C at   83  2   RLX: 0.000
       a = -2.000      CL = -0.7092
      Cm =  0.1788     CD =  4.09143   =>   CDf =  0.00395    CDp =  4.08747

 MRCHDU: Convergence failed at 100  side 2    Res =  0.2023E-01
 MRCHDU: Convergence failed at 101  side 2    Res =  0.1576E-04
 MRCHDU: Convergence failed at 102  side 2    Res =  0.3812E-04
 MRCHDU: Convergence failed at 106  side 2    Res =  0.5343E-03
 Side 1  free  transition at x/c =  0.0487   10
 Side 2  free  transition at x/c =  0.0165   11

  52   rms: 0.1105E+04   max: -.1858E+05   C at   83  2   RLX: 0.000
       a = -2.000      CL = -0.7091
      Cm =  0.1788     CD =  4.08134   =>   CDf =  0.00395    CDp =  4.07739

 MRCHDU: Convergence failed at 100  side 2    Res =  0.2005E-01
 MRCHDU: Convergence failed at 101  side 2    Res =  0.1581E-04
 MRCHDU: Convergence failed at 102  side 2    Res =  0.3814E-04
 MRCHDU: Convergence failed at 106  side 2    Res =  0.5050E-03
 Side 1  free  transition at x/c =  0.0487   10
 Side 2  free  transition at x/c =  0.0165   11

  53   rms: 0.9081E+04   max: 0.1886E+06   C at   83  2   RLX: 0.000
       a = -2.000      CL = -0.7091
      Cm =  0.1788     CD =  4.07824   =>   CDf =  0.00395    CDp =  4.07428

 MRCHDU: Convergence failed at 100  side 2    Res =  0.2062E-01
 MRCHDU: Convergence failed at 101  side 2    Res =  0.1570E-04
 MRCHDU: Convergence failed at 102  side 2    Res =  0.3811E-04
 MRCHDU: Convergence failed at 106  side 2    Res =  0.5429E-03
 Side 1  free  transition at x/c =  0.0487   10
 Side 2  free  transition at x/c =  0.0165   11

  54   rms: 0.3337E+03   max: -.4354E+04   C at   83  2   RLX: 0.000
       a = -2.000      CL = -0.7090
      Cm =  0.1788     CD =  4.08008   =>   CDf =  0.00395    CDp =  4.07613

 MRCHDU: Convergence failed at 100  side 2    Res =  0.2037E-01
 MRCHDU: Convergence failed at 101  side 2    Res =  0.1582E-04
 MRCHDU: Convergence failed at 102  side 2    Res =  0.3816E-04
 MRCHDU: Convergence failed at 106  side 2    Res =  0.4675E-03
 Side 1  free  transition at x/c =  0.0487   10
 Side 2  free  transition at x/c =  0.0165   11

  55   rms: 0.1007E+04   max: -.1667E+05   C at   83  2   RLX: 0.000
       a = -2.000      CL = -0.7090
      Cm =  0.1787     CD =  4.06930   =>   CDf =  0.00395    CDp =  4.06535

 MRCHDU: Convergence failed at 100  side 2    Res =  0.2018E-01
 MRCHDU: Convergence failed at 101  side 2    Res =  0.1587E-04
 MRCHDU: Convergence failed at 102  side 2    Res =  0.3818E-04
 MRCHDU: Convergence failed at 106  side 2    Res =  0.4351E-03
 Side 1  free  transition at x/c =  0.0487   10
 Side 2  free  transition at x/c =  0.0165   11

  56   rms: 0.1542E+05   max: 0.3163E+06   C at   83  2   RLX: 0.000
       a = -2.000      CL = -0.7090
      Cm =  0.1788     CD =  4.06603   =>   CDf =  0.00395    CDp =  4.06208

 MRCHDU: Convergence failed at 100  side 2    Res =  0.2075E-01
 MRCHDU: Convergence failed at 101  side 2    Res =  0.1575E-04
 MRCHDU: Convergence failed at 102  side 2    Res =  0.3815E-04
 MRCHDU: Convergence failed at 106  side 2    Res =  0.4771E-03
 Side 1  free  transition at x/c =  0.0487   10
 Side 2  free  transition at x/c =  0.0165   11

  57   rms: 0.3167E+03   max: -.4072E+04   C at   83  2   RLX: 0.000
       a = -2.000      CL = -0.7089
      Cm =  0.1787     CD =  4.06803   =>   CDf =  0.00395    CDp =  4.06408

 MRCHDU: Convergence failed at 100  side 2    Res =  0.2049E-01
 MRCHDU: Convergence failed at 101  side 2    Res =  0.1588E-04
 MRCHDU: Convergence failed at 102  side 2    Res =  0.3820E-04
 MRCHDU: Convergence failed at 106  side 2    Res =  0.3935E-03
 Side 1  free  transition at x/c =  0.0487   10
 Side 2  free  transition at x/c =  0.0165   11

  58   rms: 0.9336E+03   max: -.1522E+05   C at   83  2   RLX: 0.000
       a = -2.000      CL = -0.7088
      Cm =  0.1787     CD =  4.05656   =>   CDf =  0.00395    CDp =  4.05261

 MRCHDU: Convergence failed at 100  side 2    Res =  0.2029E-01
 MRCHDU: Convergence failed at 101  side 2    Res =  0.1594E-04
 MRCHDU: Convergence failed at 102  side 2    Res =  0.3823E-04
 MRCHDU: Convergence failed at 106  side 2    Res =  0.3575E-03
 Side 1  free  transition at x/c =  0.0487   10
 Side 2  free  transition at x/c =  0.0165   11

  59   rms: 0.4429E+05   max: 0.8977E+06   C at   83  2   RLX: 0.000
       a = -2.000      CL = -0.7089
      Cm =  0.1787     CD =  4.05311   =>   CDf =  0.00395    CDp =  4.04916

 MRCHDU: Convergence failed at 100  side 2    Res =  0.2086E-01
 MRCHDU: Convergence failed at 101  side 2    Res =  0.1582E-04
 MRCHDU: Convergence failed at 102  side 2    Res =  0.3819E-04
 MRCHDU: Convergence failed at 106  side 2    Res =  0.4042E-03
 Side 1  free  transition at x/c =  0.0487   10
 Side 2  free  transition at x/c =  0.0165   11

  60   rms: 0.3005E+03   max: -.3811E+04   C at   83  2   RLX: 0.000
       a = -2.000      CL = -0.7087
      Cm =  0.1787     CD =  4.05528   =>   CDf =  0.00395    CDp =  4.05133

 MRCHDU: Convergence failed at 100  side 2    Res =  0.2060E-01
 MRCHDU: Convergence failed at 101  side 2    Res =  0.1595E-04
 MRCHDU: Convergence failed at 102  side 2    Res =  0.3825E-04
 MRCHDU: Convergence failed at 106  side 2    Res =  0.3117E-03
 Side 1  free  transition at x/c =  0.0487   10
 Side 2  free  transition at x/c =  0.0165   11

  61   rms: 0.8746E+03   max: -.1406E+05   C at   83  2   RLX: 0.000
       a = -2.000      CL = -0.7087
      Cm =  0.1787     CD =  4.04315   =>   CDf =  0.00395    CDp =  4.03919

 MRCHDU: Convergence failed at 100  side 2    Res =  0.2040E-01
 MRCHDU: Convergence failed at 101  side 2    Res =  0.1601E-04
 MRCHDU: Convergence failed at 102  side 2    Res =  0.3827E-04
 MRCHDU: Convergence failed at 106  side 2    Res =  0.2717E-03
 Side 1  free  transition at x/c =  0.0487   10
 Side 2  free  transition at x/c =  0.0165   11

  62   rms: 0.6149E+05   max: -.1232E+07   C at   83  2   RLX: 0.000
       a = -2.000      CL = -0.7087
      Cm =  0.1787     CD =  4.03815   =>   CDf =  0.00395    CDp =  4.03419

 MRCHDU: Convergence failed at 100  side 2    Res =  0.2027E-01
 MRCHDU: Convergence failed at 101  side 2    Res =  0.1604E-04
 MRCHDU: Convergence failed at 102  side 2    Res =  0.3829E-04
 MRCHDU: Convergence failed at 106  side 2    Res =  0.2539E-03
 Side 1  free  transition at x/c =  0.0487   10
 Side 2  free  transition at x/c =  0.0165   11

  63   rms: 0.1704E+04   max: 0.3996E+05   C at   83  2   RLX: 0.000
       a = -2.000      CL = -0.7087
      Cm =  0.1787     CD =  4.03625   =>   CDf =  0.00395    CDp =  4.03230

 MRCHDU: Convergence failed at 100  side 2    Res =  0.2080E-01
 MRCHDU: Convergence failed at 101  side 2    Res =  0.1596E-04
 MRCHDU: Convergence failed at 102  side 2    Res =  0.3826E-04
 MRCHDU: Convergence failed at 106  side 2    Res =  0.2778E-03
 Side 1  free  transition at x/c =  0.0487   10
 Side 2  free  transition at x/c =  0.0165   11

  64   rms: 0.7576E+03   max: -.1184E+05   C at   83  2   RLX: 0.000
       a = -2.000      CL = -0.7086
      Cm =  0.1786     CD =  4.03732   =>   CDf =  0.00395    CDp =  4.03336

 MRCHDU: Convergence failed at 100  side 2    Res =  0.2059E-01
 MRCHDU: Convergence failed at 101  side 2    Res =  0.1603E-04
 MRCHDU: Convergence failed at 102  side 2    Res =  0.3829E-04
 MRCHDU: Convergence failed at 106  side 2    Res =  0.2325E-03
 Side 1  free  transition at x/c =  0.0487   10
 Side 2  free  transition at x/c =  0.0165   11

  65   rms: 0.8932E+04   max: -.1748E+06   C at   83  2   RLX: 0.000
       a = -2.000      CL = -0.7086
      Cm =  0.1786     CD =  4.03174   =>   CDf =  0.00395    CDp =  4.02779

 MRCHDU: Convergence failed at 100  side 2    Res =  0.2045E-01
 MRCHDU: Convergence failed at 101  side 2    Res =  0.1606E-04
 MRCHDU: Convergence failed at 102  side 2    Res =  0.3831E-04
 MRCHDU: Convergence failed at 106  side 2    Res =  0.2123E-03
 Side 1  free  transition at x/c =  0.0487   10
 Side 2  free  transition at x/c =  0.0165   11

  66   rms: 0.1859E+04   max: 0.4298E+05   C at   83  2   RLX: 0.000
       a = -2.000      CL = -0.7086
      Cm =  0.1786     CD =  4.02971   =>   CDf =  0.00395    CDp =  4.02576

 MRCHDU: Convergence failed at 100  side 2    Res =  0.2098E-01
 MRCHDU: Convergence failed at 101  side 2    Res =  0.1597E-04
 MRCHDU: Convergence failed at 102  side 2    Res =  0.3828E-04
 MRCHDU: Convergence failed at 106  side 2    Res =  0.2393E-03
 Side 1  free  transition at x/c =  0.0487   10
 Side 2  free  transition at x/c =  0.0165   11

  67   rms: 0.6689E+03   max: -.1018E+05   C at   83  2   RLX: 0.000
       a = -2.000      CL = -0.7085
      Cm =  0.1786     CD =  4.03090   =>   CDf =  0.00395    CDp =  4.02695

 MRCHDU: Convergence failed at 100  side 2    Res =  0.2077E-01
 MRCHDU: Convergence failed at 101  side 2    Res =  0.1604E-04
 MRCHDU: Convergence failed at 102  side 2    Res =  0.3831E-04
 MRCHDU: Convergence failed at 106  side 2    Res =  0.1880E-03
 Side 1  free  transition at x/c =  0.0487   10
 Side 2  free  transition at x/c =  0.0165   11

  68   rms: 0.4847E+04   max: -.9273E+05   C at   83  2   RLX: 0.000
       a = -2.000      CL = -0.7085
      Cm =  0.1786     CD =  4.02473   =>   CDf =  0.00395    CDp =  4.02078

 MRCHDU: Convergence failed at 100  side 2    Res =  0.2062E-01
 MRCHDU: Convergence failed at 101  side 2    Res =  0.1608E-04
 MRCHDU: Convergence failed at 102  side 2    Res =  0.3833E-04
 MRCHDU: Convergence failed at 106  side 2    Res =  0.1653E-03
 Side 1  free  transition at x/c =  0.0487   10
 Side 2  free  transition at x/c =  0.0165   11

  69   rms: 0.2038E+04   max: 0.4641E+05   C at   83  2   RLX: 0.000
       a = -2.000      CL = -0.7085
      Cm =  0.1786     CD =  4.02254   =>   CDf =  0.00395    CDp =  4.01859

 MRCHDU: Convergence failed at 100  side 2    Res =  0.2116E-01
 MRCHDU: Convergence failed at 101  side 2    Res =  0.1599E-04
 MRCHDU: Convergence failed at 102  side 2    Res =  0.3830E-04
 MRCHDU: Convergence failed at 106  side 2    Res =  0.1957E-03
 Side 1  free  transition at x/c =  0.0487   10
 Side 2  free  transition at x/c =  0.0165   11

  70   rms: 0.5986E+03   max: -.8883E+04   C at   83  2   RLX: 0.000
       a = -2.000      CL = -0.7084
      Cm =  0.1786     CD =  4.02388   =>   CDf =  0.00395    CDp =  4.01993

 MRCHDU: Convergence failed at 100  side 2    Res =  0.2094E-01
 MRCHDU: Convergence failed at 101  side 2    Res =  0.1607E-04
 MRCHDU: Convergence failed at 102  side 2    Res =  0.3834E-04
 MRCHDU: Convergence failed at 106  side 2    Res =  0.1379E-03
 Side 1  free  transition at x/c =  0.0487   10
 Side 2  free  transition at x/c =  0.0165   11

  71   rms: 0.3324E+04   max: -.6220E+05   C at   83  2   RLX: 0.000
       a = -2.000      CL = -0.7084
      Cm =  0.1786     CD =  4.01708   =>   CDf =  0.00395    CDp =  4.01313

 MRCHDU: Convergence failed at 100  side 2    Res =  0.2078E-01
 MRCHDU: Convergence failed at 101  side 2    Res =  0.1611E-04
 MRCHDU: Convergence failed at 102  side 2    Res =  0.3835E-04
 MRCHDU: Convergence failed at 106  side 2    Res =  0.1123E-03
 Side 1  free  transition at x/c =  0.0487   10
 Side 2  free  transition at x/c =  0.0165   11

  72   rms: 0.2263E+04   max: 0.5080E+05   C at   83  2   RLX: 0.000
       a = -2.000      CL = -0.7084
      Cm =  0.1786     CD =  4.01474   =>   CDf =  0.00395    CDp =  4.01079

 MRCHDU: Convergence failed at 100  side 2    Res =  0.2132E-01
 MRCHDU: Convergence failed at 101  side 2    Res =  0.1601E-04
 MRCHDU: Convergence failed at 102  side 2    Res =  0.3833E-04
 MRCHDU: Convergence failed at 106  side 2    Res =  0.1465E-03
 Side 1  free  transition at x/c =  0.0487   10
 Side 2  free  transition at x/c =  0.0165   11

  73   rms: 0.5423E+03   max: -.7860E+04   C at   83  2   RLX: 0.000
       a = -2.000      CL = -0.7083
      Cm =  0.1786     CD =  4.01623   =>   CDf =  0.00395    CDp =  4.01228

 MRCHDU: Convergence failed at 100  side 2    Res =  0.2110E-01
 MRCHDU: Convergence failed at 101  side 2    Res =  0.1610E-04
 MRCHDU: Convergence failed at 102  side 2    Res =  0.3836E-04
 MRCHDU: Convergence failed at 106  side 2    Res =  0.8147E-04
 Side 1  free  transition at x/c =  0.0487   10
 Side 2  free  transition at x/c =  0.0165   11

  74   rms: 0.2552E+04   max: -.4676E+05   C at   83  2   RLX: 0.000
       a = -2.000      CL = -0.7083
      Cm =  0.1786     CD =  4.00878   =>   CDf =  0.00395    CDp =  4.00483

 MRCHDU: Convergence failed at 100  side 2    Res =  0.2094E-01
 MRCHDU: Convergence failed at 101  side 2    Res =  0.1614E-04
 MRCHDU: Convergence failed at 102  side 2    Res =  0.3838E-04
 MRCHDU: Convergence failed at 106  side 2    Res =  0.5269E-04
 Side 1  free  transition at x/c =  0.0487   10
 Side 2  free  transition at x/c =  0.0165   11

  75   rms: 0.2540E+04   max: 0.5618E+05   C at   83  2   RLX: 0.000
       a = -2.000      CL = -0.7083
      Cm =  0.1786     CD =  4.00628   =>   CDf =  0.00395    CDp =  4.00232

 MRCHDU: Convergence failed at 100  side 2    Res =  0.2148E-01
 MRCHDU: Convergence failed at 101  side 2    Res =  0.1604E-04
 MRCHDU: Convergence failed at 102  side 2    Res =  0.3835E-04
 MRCHDU: Convergence failed at 106  side 2    Res =  0.9114E-04
 Side 1  free  transition at x/c =  0.0487   10
 Side 2  free  transition at x/c =  0.0165   11

  76   rms: 0.4974E+03   max: -.7052E+04   C at   83  2   RLX: 0.000
       a = -2.000      CL = -0.7082
      Cm =  0.1786     CD =  4.00792   =>   CDf =  0.00395    CDp =  4.00396

 MRCHDU: Convergence failed at 100  side 2    Res =  0.2125E-01
 MRCHDU: Convergence failed at 101  side 2    Res =  0.1614E-04
 MRCHDU: Convergence failed at 102  side 2    Res =  0.3839E-04
 MRCHDU: Convergence failed at 106  side 2    Res =  0.1796E-04
 Side 1  free  transition at x/c =  0.0487   10
 Side 2  free  transition at x/c =  0.0165   11

  77   rms: 0.2086E+04   max: -.3744E+05   C at   83  2   RLX: 0.000
       a = -2.000      CL = -0.7082
      Cm =  0.1785     CD =  3.99979   =>   CDf =  0.00395    CDp =  3.99584

 MRCHDU: Convergence failed at 100  side 2    Res =  0.2108E-01
 MRCHDU: Convergence failed at 101  side 2    Res =  0.1618E-04
 MRCHDU: Convergence failed at 102  side 2    Res =  0.3841E-04
 Side 1  free  transition at x/c =  0.0487   10
 Side 2  free  transition at x/c =  0.0165   11

  78   rms: 0.2882E+04   max: 0.6283E+05   C at   83  2   RLX: 0.000
       a = -2.000      CL = -0.7082
      Cm =  0.1786     CD =  3.99711   =>   CDf =  0.00395    CDp =  3.99316

 MRCHDU: Convergence failed at 100  side 2    Res =  0.2162E-01
 MRCHDU: Convergence failed at 101  side 2    Res =  0.1608E-04
 MRCHDU: Convergence failed at 102  side 2    Res =  0.3838E-04
 MRCHDU: Convergence failed at 106  side 2    Res =  0.2876E-04
 Side 1  free  transition at x/c =  0.0487   10
 Side 2  free  transition at x/c =  0.0165   11

  79   rms: 0.4579E+03   max: -.6359E+04   C at   83  2   RLX: 0.000
       a = -2.000      CL = -0.7081
      Cm =  0.1785     CD =  3.99892   =>   CDf =  0.00395    CDp =  3.99497

 MRCHDU: Convergence failed at 100  side 2    Res =  0.2139E-01
 MRCHDU: Convergence failed at 101  side 2    Res =  0.1618E-04
 MRCHDU: Convergence failed at 102  side 2    Res =  0.3842E-04
 Side 1  free  transition at x/c =  0.0487   10
 Side 2  free  transition at x/c =  0.0165   11

  80   rms: 0.1777E+04   max: -.3127E+05   C at   83  2   RLX: 0.000
       a = -2.000      CL = -0.7081
      Cm =  0.1785     CD =  3.99011   =>   CDf =  0.00395    CDp =  3.98616

 MRCHDU: Convergence failed at 100  side 2    Res =  0.2122E-01
 MRCHDU: Convergence failed at 101  side 2    Res =  0.1623E-04
 MRCHDU: Convergence failed at 102  side 2    Res =  0.3844E-04
 Side 1  free  transition at x/c =  0.0487   10
 Side 2  free  transition at x/c =  0.0165   11

  81   rms: 0.3294E+04   max: 0.7081E+05   C at   83  2   RLX: 0.000
       a = -2.000      CL = -0.7081
      Cm =  0.1785     CD =  3.98726   =>   CDf =  0.00395    CDp =  3.98331

 MRCHDU: Convergence failed at 100  side 2    Res =  0.2176E-01
 MRCHDU: Convergence failed at 101  side 2    Res =  0.1612E-04
 MRCHDU: Convergence failed at 102  side 2    Res =  0.3841E-04
 Side 1  free  transition at x/c =  0.0487   10
 Side 2  free  transition at x/c =  0.0165   11

  82   rms: 0.4270E+03   max: -.5817E+04   C at   83  2   RLX: 0.000
       a = -2.000      CL = -0.7080
      Cm =  0.1785     CD =  3.98924   =>   CDf =  0.00395    CDp =  3.98529

 MRCHDU: Convergence failed at 100  side 2    Res =  0.2152E-01
 MRCHDU: Convergence failed at 101  side 2    Res =  0.1623E-04
 MRCHDU: Convergence failed at 102  side 2    Res =  0.3846E-04
 Side 1  free  transition at x/c =  0.0487   10
 Side 2  free  transition at x/c =  0.0165   11

  83   rms: 0.1552E+04   max: -.2682E+05   C at   83  2   RLX: 0.000
       a = -2.000      CL = -0.7080
      Cm =  0.1785     CD =  3.97972   =>   CDf =  0.00395    CDp =  3.97577

 MRCHDU: Convergence failed at 100  side 2    Res =  0.2135E-01
 MRCHDU: Convergence failed at 101  side 2    Res =  0.1628E-04
 MRCHDU: Convergence failed at 102  side 2    Res =  0.3848E-04
 Side 1  free  transition at x/c =  0.0487   10
 Side 2  free  transition at x/c =  0.0165   11

  84   rms: 0.3823E+04   max: 0.8107E+05   C at   83  2   RLX: 0.000
       a = -2.000      CL = -0.7080
      Cm =  0.1785     CD =  3.97669   =>   CDf =  0.00395    CDp =  3.97274

 MRCHDU: Convergence failed at 100  side 2    Res =  0.2188E-01
 MRCHDU: Convergence failed at 101  side 2    Res =  0.1617E-04
 MRCHDU: Convergence failed at 102  side 2    Res =  0.3844E-04
 Side 1  free  transition at x/c =  0.0487   10
 Side 2  free  transition at x/c =  0.0165   11

  85   rms: 0.4013E+03   max: -.5370E+04   C at   83  2   RLX: 0.000
       a = -2.000      CL = -0.7079
      Cm =  0.1785     CD =  3.97885   =>   CDf =  0.00395    CDp =  3.97489

 MRCHDU: Convergence failed at 100  side 2    Res =  0.2164E-01
 MRCHDU: Convergence failed at 101  side 2    Res =  0.1629E-04
 MRCHDU: Convergence failed at 102  side 2    Res =  0.3849E-04
 Side 1  free  transition at x/c =  0.0487   10
 Side 2  free  transition at x/c =  0.0165   11

  86   rms: 0.1395E+04   max: -.2369E+05   C at   83  2   RLX: 0.000
       a = -2.000      CL = -0.7079
      Cm =  0.1785     CD =  3.96859   =>   CDf =  0.00395    CDp =  3.96464

 MRCHDU: Convergence failed at 100  side 2    Res =  0.2146E-01
 MRCHDU: Convergence failed at 101  side 2    Res =  0.1634E-04
 MRCHDU: Convergence failed at 102  side 2    Res =  0.3851E-04
 Side 1  free  transition at x/c =  0.0487   10
 Side 2  free  transition at x/c =  0.0165   11

  87   rms: 0.4482E+04   max: 0.9378E+05   C at   83  2   RLX: 0.000
       a = -2.000      CL = -0.7079
      Cm =  0.1785     CD =  3.96537   =>   CDf =  0.00395    CDp =  3.96142

 MRCHDU: Convergence failed at 100  side 2    Res =  0.2199E-01
 MRCHDU: Convergence failed at 101  side 2    Res =  0.1623E-04
 MRCHDU: Convergence failed at 102  side 2    Res =  0.3848E-04
 Side 1  free  transition at x/c =  0.0487   10
 Side 2  free  transition at x/c =  0.0165   11

  88   rms: 0.3800E+03   max: -.5002E+04   C at   83  2   RLX: 0.000
       a = -2.000      CL = -0.7078
      Cm =  0.1784     CD =  3.96772   =>   CDf =  0.00395    CDp =  3.96377

 MRCHDU: Convergence failed at 100  side 2    Res =  0.2175E-01
 MRCHDU: Convergence failed at 101  side 2    Res =  0.1635E-04
 MRCHDU: Convergence failed at 102  side 2    Res =  0.3853E-04
 Side 1  free  transition at x/c =  0.0487   10
 Side 2  free  transition at x/c =  0.0165   11

  89   rms: 0.1279E+04   max: -.2136E+05   C at   83  2   RLX: 0.000
       a = -2.000      CL = -0.7077
      Cm =  0.1784     CD =  3.95671   =>   CDf =  0.00395    CDp =  3.95276

 MRCHDU: Convergence failed at 100  side 2    Res =  0.2157E-01
 MRCHDU: Convergence failed at 101  side 2    Res =  0.1641E-04
 MRCHDU: Convergence failed at 102  side 2    Res =  0.3855E-04
 Side 1  free  transition at x/c =  0.0487   10
 Side 2  free  transition at x/c =  0.0165   11

  90   rms: 0.5300E+04   max: 0.1095E+06   C at   83  2   RLX: 0.000
       a = -2.000      CL = -0.7078
      Cm =  0.1784     CD =  3.95329   =>   CDf =  0.00395    CDp =  3.94934

 MRCHDU: Convergence failed at 100  side 2    Res =  0.2210E-01
 MRCHDU: Convergence failed at 101  side 2    Res =  0.1629E-04
 MRCHDU: Convergence failed at 102  side 2    Res =  0.3852E-04
 Side 1  free  transition at x/c =  0.0487   10
 Side 2  free  transition at x/c =  0.0165   11

  91   rms: 0.3609E+03   max: -.4677E+04   C at   83  2   RLX: 0.000
       a = -2.000      CL = -0.7077
      Cm =  0.1784     CD =  3.95584   =>   CDf =  0.00395    CDp =  3.95189

 MRCHDU: Convergence failed at 100  side 2    Res =  0.2186E-01
 MRCHDU: Convergence failed at 101  side 2    Res =  0.1643E-04
 MRCHDU: Convergence failed at 102  side 2    Res =  0.3857E-04
 Side 1  free  transition at x/c =  0.0487   10
 Side 2  free  transition at x/c =  0.0165   11

  92   rms: 0.1192E+04   max: -.1959E+05   C at   83  2   RLX: 0.000
       a = -2.000      CL = -0.7076
      Cm =  0.1784     CD =  3.94408   =>   CDf =  0.00395    CDp =  3.94013

 MRCHDU: Convergence failed at 100  side 2    Res =  0.2167E-01
 MRCHDU: Convergence failed at 101  side 2    Res =  0.1649E-04
 MRCHDU: Convergence failed at 102  side 2    Res =  0.3860E-04
 Side 1  free  transition at x/c =  0.0487   10
 Side 2  free  transition at x/c =  0.0165   11

  93   rms: 0.6277E+04   max: 0.1281E+06   C at   83  2   RLX: 0.000
       a = -2.000      CL = -0.7076
      Cm =  0.1784     CD =  3.94047   =>   CDf =  0.00395    CDp =  3.93652

 MRCHDU: Convergence failed at 100  side 2    Res =  0.2219E-01
 MRCHDU: Convergence failed at 101  side 2    Res =  0.1636E-04
 MRCHDU: Convergence failed at 102  side 2    Res =  0.3856E-04
 Side 1  free  transition at x/c =  0.0487   10
 Side 2  free  transition at x/c =  0.0165   11

  94   rms: 0.3469E+03   max: -.4431E+04   C at   83  2   RLX: 0.000
       a = -2.000      CL = -0.7075
      Cm =  0.1784     CD =  3.94321   =>   CDf =  0.00395    CDp =  3.93926

 MRCHDU: Convergence failed at 100  side 2    Res =  0.2195E-01
 MRCHDU: Convergence failed at 101  side 2    Res =  0.1651E-04
 MRCHDU: Convergence failed at 102  side 2    Res =  0.3862E-04
 Side 1  free  transition at x/c =  0.0487   10
 Side 2  free  transition at x/c =  0.0165   11

  95   rms: 0.1129E+04   max: -.1830E+05   C at   83  2   RLX: 0.000
       a = -2.000      CL = -0.7075
      Cm =  0.1784     CD =  3.93066   =>   CDf =  0.00395    CDp =  3.92671

 MRCHDU: Convergence failed at 100  side 2    Res =  0.2176E-01
 MRCHDU: Convergence failed at 101  side 2    Res =  0.1657E-04
 MRCHDU: Convergence failed at 102  side 2    Res =  0.3864E-04
 Side 1  free  transition at x/c =  0.0487   10
 Side 2  free  transition at x/c =  0.0165   11

  96   rms: 0.7347E+04   max: 0.1482E+06   C at   83  2   RLX: 0.000
       a = -2.000      CL = -0.7075
      Cm =  0.1784     CD =  3.92684   =>   CDf =  0.00395    CDp =  3.92289

 MRCHDU: Convergence failed at 100  side 2    Res =  0.2227E-01
 MRCHDU: Convergence failed at 101  side 2    Res =  0.1644E-04
 MRCHDU: Convergence failed at 102  side 2    Res =  0.3860E-04
 Side 1  free  transition at x/c =  0.0487   10
 Side 2  free  transition at x/c =  0.0165   11

  97   rms: 0.3356E+03   max: -.4230E+04   C at   83  2   RLX: 0.000
       a = -2.000      CL = -0.7074
      Cm =  0.1783     CD =  3.92979   =>   CDf =  0.00395    CDp =  3.92584

 MRCHDU: Convergence failed at 100  side 2    Res =  0.2204E-01
 MRCHDU: Convergence failed at 101  side 2    Res =  0.1659E-04
 MRCHDU: Convergence failed at 102  side 2    Res =  0.3867E-04
 Side 1  free  transition at x/c =  0.0487   10
 Side 2  free  transition at x/c =  0.0165   11

  98   rms: 0.1088E+04   max: -.1738E+05   C at   83  2   RLX: 0.000
       a = -2.000      CL = -0.7073
      Cm =  0.1783     CD =  3.91644   =>   CDf =  0.00395    CDp =  3.91249

 MRCHDU: Convergence failed at 100  side 2    Res =  0.2184E-01
 MRCHDU: Convergence failed at 101  side 2    Res =  0.1666E-04
 MRCHDU: Convergence failed at 102  side 2    Res =  0.3869E-04
 Side 1  free  transition at x/c =  0.0487   10
 Side 2  free  transition at x/c =  0.0165   11

  99   rms: 0.8303E+04   max: 0.1655E+06   C at   83  2   RLX: 0.000
       a = -2.000      CL = -0.7074
      Cm =  0.1783     CD =  3.91240   =>   CDf =  0.00395    CDp =  3.90845

 MRCHDU: Convergence failed at 100  side 2    Res =  0.2235E-01
 MRCHDU: Convergence failed at 101  side 2    Res =  0.1653E-04
 MRCHDU: Convergence failed at 102  side 2    Res =  0.3865E-04
 Side 1  free  transition at x/c =  0.0487   10
 Side 2  free  transition at x/c =  0.0165   11

 100   rms: 0.3278E+03   max: -.4082E+04   C at   83  2   RLX: 0.000
       a = -2.000      CL = -0.7072
      Cm =  0.1783     CD =  3.91557   =>   CDf =  0.00395    CDp =  3.91162

 MRCHDU: Convergence failed at 100  side 2    Res =  0.2211E-01
 MRCHDU: Convergence failed at 101  side 2    Res =  0.1669E-04
 MRCHDU: Convergence failed at 102  side 2    Res =  0.3872E-04
 Side 1  free  transition at x/c =  0.0487   10
 Side 2  free  transition at x/c =  0.0165   11

 101   rms: 0.1066E+04   max: -.1682E+05   C at   83  2   RLX: 0.000
       a = -2.000      CL = -0.7072
      Cm =  0.1783     CD =  3.90137   =>   CDf =  0.00395    CDp =  3.89742

 MRCHDU: Convergence failed at 100  side 2    Res =  0.2192E-01
 MRCHDU: Convergence failed at 101  side 2    Res =  0.1676E-04
 MRCHDU: Convergence failed at 102  side 2    Res =  0.3874E-04
 Side 1  free  transition at x/c =  0.0487   10
 Side 2  free  transition at x/c =  0.0165   11

 102   rms: 0.8793E+04   max: 0.1734E+06   C at   83  2   RLX: 0.000
       a = -2.000      CL = -0.7072
      Cm =  0.1783     CD =  3.89711   =>   CDf =  0.00395    CDp =  3.89316

 MRCHDU: Convergence failed at 100  side 2    Res =  0.2241E-01
 MRCHDU: Convergence failed at 101  side 2    Res =  0.1662E-04
 MRCHDU: Convergence failed at 102  side 2    Res =  0.3870E-04
 Side 1  free  transition at x/c =  0.0487   10
 Side 2  free  transition at x/c =  0.0165   11

 103   rms: 0.3233E+03   max: -.3980E+04   C at   83  2   RLX: 0.000
       a = -2.000      CL = -0.7071
      Cm =  0.1782     CD =  3.90052   =>   CDf =  0.00395    CDp =  3.89657

 MRCHDU: Convergence failed at 100  side 2    Res =  0.2218E-01
 MRCHDU: Convergence failed at 101  side 2    Res =  0.1679E-04
 MRCHDU: Convergence failed at 102  side 2    Res =  0.3877E-04
 Side 1  free  transition at x/c =  0.0487   10
 Side 2  free  transition at x/c =  0.0165   11

 104   rms: 0.1069E+04   max: -.1666E+05   C at   83  2   RLX: 0.000
       a = -2.000      CL = -0.7070
      Cm =  0.1782     CD =  3.88543   =>   CDf =  0.00395    CDp =  3.88148

 MRCHDU: Convergence failed at 100  side 2    Res =  0.2198E-01
 MRCHDU: Convergence failed at 101  side 2    Res =  0.1687E-04
 MRCHDU: Convergence failed at 102  side 2    Res =  0.3880E-04
 Side 1  free  transition at x/c =  0.0487   10
 Side 2  free  transition at x/c =  0.0165   11

 105   rms: 0.8413E+04   max: 0.1643E+06   C at   83  2   RLX: 0.000
       a = -2.000      CL = -0.7071
      Cm =  0.1782     CD =  3.88092   =>   CDf =  0.00395    CDp =  3.87697

 MRCHDU: Convergence failed at 100  side 2    Res =  0.2247E-01
 MRCHDU: Convergence failed at 101  side 2    Res =  0.1673E-04
 MRCHDU: Convergence failed at 102  side 2    Res =  0.3875E-04
 Side 1  free  transition at x/c =  0.0487   10
 Side 2  free  transition at x/c =  0.0165   11

 106   rms: 0.3237E+03   max: -.3942E+04   C at   83  2   RLX: 0.000
       a = -2.000      CL = -0.7069
      Cm =  0.1782     CD =  3.88460   =>   CDf =  0.00395    CDp =  3.88064

 MRCHDU: Convergence failed at 100  side 2    Res =  0.2225E-01
 MRCHDU: Convergence failed at 101  side 2    Res =  0.1691E-04
 MRCHDU: Convergence failed at 102  side 2    Res =  0.3883E-04
 Side 1  free  transition at x/c =  0.0487   10
 Side 2  free  transition at x/c =  0.0165   11

 107   rms: 0.1098E+04   max: -.1691E+05   C at   83  2   RLX: 0.000
       a = -2.000      CL = -0.7069
      Cm =  0.1782     CD =  3.86854   =>   CDf =  0.00395    CDp =  3.86459

 MRCHDU: Convergence failed at 100  side 2    Res =  0.2205E-01
 MRCHDU: Convergence failed at 101  side 2    Res =  0.1699E-04
 MRCHDU: Convergence failed at 102  side 2    Res =  0.3886E-04
 Side 1  free  transition at x/c =  0.0487   10
 Side 2  free  transition at x/c =  0.0165   11

 108   rms: 0.7187E+04   max: 0.1390E+06   C at   83  2   RLX: 0.000
       a = -2.000      CL = -0.7069
      Cm =  0.1782     CD =  3.86377   =>   CDf =  0.00395    CDp =  3.85982

 MRCHDU: Convergence failed at 100  side 2    Res =  0.2253E-01
 MRCHDU: Convergence failed at 101  side 2    Res =  0.1684E-04
 MRCHDU: Convergence failed at 102  side 2    Res =  0.3881E-04
 Side 1  free  transition at x/c =  0.0487   10
 Side 2  free  transition at x/c =  0.0165   11

 109   rms: 0.3275E+03   max: -.3948E+04   C at   83  2   RLX: 0.000
       a = -2.000      CL = -0.7068
      Cm =  0.1782     CD =  3.86773   =>   CDf =  0.00395    CDp =  3.86378

 MRCHDU: Convergence failed at 100  side 2    Res =  0.2230E-01
 MRCHDU: Convergence failed at 101  side 2    Res =  0.1703E-04
 MRCHDU: Convergence failed at 102  side 2    Res =  0.3889E-04
 Side 1  free  transition at x/c =  0.0487   10
 Side 2  free  transition at x/c =  0.0165   11

 110   rms: 0.1171E+04   max: -.1784E+05   C at   83  2   RLX: 0.000
       a = -2.000      CL = -0.7067
      Cm =  0.1782     CD =  3.85067   =>   CDf =  0.00395    CDp =  3.84672

 MRCHDU: Convergence failed at 100  side 2    Res =  0.2210E-01
 MRCHDU: Convergence failed at 101  side 2    Res =  0.1712E-04
 MRCHDU: Convergence failed at 102  side 2    Res =  0.3892E-04
 Side 1  free  transition at x/c =  0.0487   10
 Side 2  free  transition at x/c =  0.0165   11

 111   rms: 0.5576E+04   max: 0.1068E+06   C at   83  2   RLX: 0.000
       a = -2.000      CL = -0.7067
      Cm =  0.1782     CD =  3.84560   =>   CDf =  0.00395    CDp =  3.84165

 MRCHDU: Convergence failed at 100  side 2    Res =  0.2258E-01
 MRCHDU: Convergence failed at 101  side 2    Res =  0.1696E-04
 MRCHDU: Convergence failed at 102  side 2    Res =  0.3887E-04
 Side 1  free  transition at x/c =  0.0487   10
 Side 2  free  transition at x/c =  0.0165   11

 112   rms: 0.3383E+03   max: -.4041E+04   C at   83  2   RLX: 0.000
       a = -2.000      CL = -0.7066
      Cm =  0.1781     CD =  3.84990   =>   CDf =  0.00395    CDp =  3.84595

 MRCHDU: Convergence failed at 100  side 2    Res =  0.2236E-01
 MRCHDU: Convergence failed at 101  side 2    Res =  0.1717E-04
 MRCHDU: Convergence failed at 102  side 2    Res =  0.3895E-04
 Side 1  free  transition at x/c =  0.0487   10
 Side 2  free  transition at x/c =  0.0165   11

 113   rms: 0.1331E+04   max: -.2008E+05   C at   83  2   RLX: 0.000
       a = -2.000      CL = -0.7066
      Cm =  0.1781     CD =  3.83171   =>   CDf =  0.00395    CDp =  3.82775

 MRCHDU: Convergence failed at 100  side 2    Res =  0.2216E-01
 MRCHDU: Convergence failed at 101  side 2    Res =  0.1726E-04
 MRCHDU: Convergence failed at 102  side 2    Res =  0.3898E-04
 Side 1  free  transition at x/c =  0.0487   10
 Side 2  free  transition at x/c =  0.0165   11

 114   rms: 0.4022E+04   max: 0.7641E+05   C at   83  2   RLX: 0.000
       a = -2.000      CL = -0.7066
      Cm =  0.1781     CD =  3.82632   =>   CDf =  0.00395    CDp =  3.82237

 MRCHDU: Convergence failed at 100  side 2    Res =  0.2262E-01
 MRCHDU: Convergence failed at 101  side 2    Res =  0.1709E-04
 MRCHDU: Convergence failed at 102  side 2    Res =  0.3893E-04
 Side 1  free  transition at x/c =  0.0487   10
 Side 2  free  transition at x/c =  0.0165   11

 115   rms: 0.3601E+03   max: -.4265E+04   C at   83  2   RLX: 0.000
       a = -2.000      CL = -0.7065
      Cm =  0.1781     CD =  3.83103   =>   CDf =  0.00395    CDp =  3.82708

 MRCHDU: Convergence failed at 100  side 2    Res =  0.2241E-01
 MRCHDU: Convergence failed at 101  side 2    Res =  0.1731E-04
 MRCHDU: Convergence failed at 102  side 2    Res =  0.3902E-04
 Side 1  free  transition at x/c =  0.0487   10
 Side 2  free  transition at x/c =  0.0165   11

 116   rms: 0.1700E+04   max: -.2540E+05   C at   83  2   RLX: 0.000
       a = -2.000      CL = -0.7064
      Cm =  0.1781     CD =  3.81159   =>   CDf =  0.00395    CDp =  3.80763

 MRCHDU: Convergence failed at 100  side 2    Res =  0.2221E-01
 MRCHDU: Convergence failed at 101  side 2    Res =  0.1741E-04
 MRCHDU: Convergence failed at 102  side 2    Res =  0.3905E-04
 Side 1  free  transition at x/c =  0.0487   10
 Side 2  free  transition at x/c =  0.0165   11

 117   rms: 0.2770E+04   max: 0.5220E+05   C at   83  2   RLX: 0.000
       a = -2.000      CL = -0.7064
      Cm =  0.1781     CD =  3.80581   =>   CDf =  0.00395    CDp =  3.80186

 MRCHDU: Convergence failed at 100  side 2    Res =  0.2266E-01
 MRCHDU: Convergence failed at 101  side 2    Res =  0.1724E-04
 MRCHDU: Convergence failed at 102  side 2    Res =  0.3900E-04
 Side 1  free  transition at x/c =  0.0487   10
 Side 2  free  transition at x/c =  0.0165   11

 118   rms: 0.4042E+03   max: -.4749E+04   C at   83  2   RLX: 0.000
       a = -2.000      CL = -0.7063
      Cm =  0.1781     CD =  3.81103   =>   CDf =  0.00395    CDp =  3.80708

 MRCHDU: Convergence failed at 100  side 2    Res =  0.2246E-01
 MRCHDU: Convergence failed at 101  side 2    Res =  0.1746E-04
 MRCHDU: Convergence failed at 102  side 2    Res =  0.3909E-04
 Side 1  free  transition at x/c =  0.0487   10
 Side 2  free  transition at x/c =  0.0165   11

 119   rms: 0.3082E+04   max: -.4565E+05   C at   83  2   RLX: 0.000
       a = -2.000      CL = -0.7063
      Cm =  0.1780     CD =  3.79002   =>   CDf =  0.00395    CDp =  3.78607

 MRCHDU: Convergence failed at 100  side 2    Res =  0.2226E-01
 MRCHDU: Convergence failed at 101  side 2    Res =  0.1757E-04
 MRCHDU: Convergence failed at 102  side 2    Res =  0.3913E-04
 Side 1  free  transition at x/c =  0.0487   10
 Side 2  free  transition at x/c =  0.0165   11

 120   rms: 0.1824E+04   max: 0.3411E+05   C at   83  2   RLX: 0.000
       a = -2.000      CL = -0.7063
      Cm =  0.1780     CD =  3.78375   =>   CDf =  0.00395    CDp =  3.77979

 MRCHDU: Convergence failed at 100  side 2    Res =  0.2270E-01
 MRCHDU: Convergence failed at 101  side 2    Res =  0.1739E-04
 MRCHDU: Convergence failed at 102  side 2    Res =  0.3907E-04
 Side 1  free  transition at x/c =  0.0487   10
 Side 2  free  transition at x/c =  0.0165   11

 121   rms: 0.4994E+03   max: -.5822E+04   C at   83  2   RLX: 0.000
       a = -2.000      CL = -0.7062
      Cm =  0.1780     CD =  3.78970   =>   CDf =  0.00395    CDp =  3.78575

 MRCHDU: Convergence failed at 100  side 2    Res =  0.2251E-01
 MRCHDU: Convergence failed at 101  side 2    Res =  0.1764E-04
 MRCHDU: Convergence failed at 102  side 2    Res =  0.3916E-04
 Side 1  free  transition at x/c =  0.0487   10
 Side 2  free  transition at x/c =  0.0165   11

 122   rms: 0.8945E+04   max: 0.1314E+06   C at   83  2   RLX: 0.000
       a = -2.000      CL = -0.7062
      Cm =  0.1780     CD =  3.77489   =>   CDf =  0.00395    CDp =  3.77094

 MRCHDU: Convergence failed at 100  side 2    Res =  0.2253E-01
 MRCHDU: Convergence failed at 101  side 2    Res =  0.1728E-04
 MRCHDU: Convergence failed at 102  side 2    Res =  0.3903E-04
 Side 1  free  transition at x/c =  0.0487   10
 Side 2  free  transition at x/c =  0.0165   11

 123   rms: 0.1653E+03   max: -.1605E+04   C at   83  2   RLX: 0.000
       a = -2.000      CL = -0.7059
      Cm =  0.1779     CD =  3.79019   =>   CDf =  0.00395    CDp =  3.78624

 MRCHDU: Convergence failed at 100  side 2    Res =  0.2255E-01
 MRCHDU: Convergence failed at 101  side 2    Res =  0.1784E-04
 MRCHDU: Convergence failed at 102  side 2    Res =  0.3925E-04
 Side 1  free  transition at x/c =  0.0487   10
 Side 2  free  transition at x/c =  0.0165   11

 124   rms: 0.1176E+04   max: 0.1378E+05   C at   83  2   RLX: 0.000
       a = -2.000      CL = -0.7059
      Cm =  0.1779     CD =  3.75717   =>   CDf =  0.00395    CDp =  3.75322

 MRCHDU: Convergence failed at 100  side 2    Res =  0.2153E-01
 MRCHDU: Convergence failed at 101  side 2    Res =  0.1701E-04
 MRCHDU: Convergence failed at 102  side 2    Res =  0.3890E-04
 Side 1  free  transition at x/c =  0.0487   10
 Side 2  free  transition at x/c =  0.0165   11

 125   rms: 0.5648E+02   max: -.4852E+03   C at   83  2   RLX: 0.001
       a = -2.000      CL = -0.7049
      Cm =  0.1777     CD =  3.80469   =>   CDf =  0.00395    CDp =  3.80074

 MRCHDU: Convergence failed at 100  side 2    Res =  0.2221E-01
 MRCHDU: Convergence failed at 101  side 2    Res =  0.1819E-04
 MRCHDU: Convergence failed at 102  side 2    Res =  0.3937E-04
 Side 1  free  transition at x/c =  0.0487   10
 Side 2  free  transition at x/c =  0.0165   11

 126   rms: 0.5781E+02   max: 0.5590E+03   C at   83  2   RLX: 0.003
       a = -2.000      CL = -0.7026
      Cm =  0.1771     CD =  3.76293   =>   CDf =  0.00395    CDp =  3.75898

 MRCHDU: Convergence failed at 100  side 2    Res =  0.1878E-01
 MRCHDU: Convergence failed at 101  side 2    Res =  0.1518E-04
 MRCHDU: Convergence failed at 102  side 2    Res =  0.3792E-04
 MRCHDU: Convergence failed at 106  side 2    Res =  0.3862E-03
 Side 1  free  transition at x/c =  0.0487   10
 Side 2  free  transition at x/c =  0.0165   11

 127   rms: 0.1783E+02   max: -.1432E+03   C at   83  2   RLX: 0.003
       a = -2.000      CL = -0.6994
      Cm =  0.1763     CD =  4.01531   =>   CDf =  0.00395    CDp =  4.01136

 MRCHDU: Convergence failed at 100  side 2    Res =  0.2061E-01
 MRCHDU: Convergence failed at 101  side 2    Res =  0.1719E-04
 MRCHDU: Convergence failed at 102  side 2    Res =  0.3880E-04
 Side 1  free  transition at x/c =  0.0487   10
 Side 2  free  transition at x/c =  0.0165   11

 128   rms: 0.1047E+03   max: -.9133E+03   C at   83  2   RLX: 0.001
       a = -2.000      CL = -0.6988
      Cm =  0.1761     CD =  3.79095   =>   CDf =  0.00395    CDp =  3.78700

 MRCHDU: Convergence failed at 100  side 2    Res =  0.2116E-01
 MRCHDU: Convergence failed at 101  side 2    Res =  0.1833E-04
 MRCHDU: Convergence failed at 102  side 2    Res =  0.3923E-04
 Side 1  free  transition at x/c =  0.0487   10
 Side 2  free  transition at x/c =  0.0165   11

 129   rms: 0.9668E+01   max: -.1030E+03   C at   83  2   RLX: 0.005
       a = -2.000      CL = -0.6945
      Cm =  0.1750     CD =  3.72036   =>   CDf =  0.00395    CDp =  3.71641

 MRCHDU: Convergence failed at 100  side 2    Res =  0.1944E-01
 MRCHDU: Convergence failed at 101  side 2    Res =  0.1686E-04
 MRCHDU: Convergence failed at 102  side 2    Res =  0.3851E-04
 Side 1  free  transition at x/c =  0.0487   10
 Side 2  free  transition at x/c =  0.0165   11

 130   rms: 0.3803E+03   max: -.4653E+04   C at   83  2   RLX: 0.000
       a = -2.000      CL = -0.6942
      Cm =  0.1749     CD =  3.89638   =>   CDf =  0.00395    CDp =  3.89244

 MRCHDU: Convergence failed at 100  side 2    Res =  0.1918E-01
 MRCHDU: Convergence failed at 101  side 2    Res =  0.1703E-04
 MRCHDU: Convergence failed at 102  side 2    Res =  0.3858E-04
 Side 1  free  transition at x/c =  0.0487   10
 Side 2  free  transition at x/c =  0.0165   11

 131   rms: 0.1555E+04   max: -.2409E+05   C at   83  2   RLX: 0.000
       a = -2.000      CL = -0.6942
      Cm =  0.1749     CD =  3.88104   =>   CDf =  0.00395    CDp =  3.87709

 MRCHDU: Convergence failed at 100  side 2    Res =  0.1898E-01
 MRCHDU: Convergence failed at 101  side 2    Res =  0.1710E-04
 MRCHDU: Convergence failed at 102  side 2    Res =  0.3861E-04
 Side 1  free  transition at x/c =  0.0487   10
 Side 2  free  transition at x/c =  0.0165   11

 132   rms: 0.3570E+04   max: 0.6936E+05   C at   83  2   RLX: 0.000
       a = -2.000      CL = -0.6942
      Cm =  0.1749     CD =  3.87659   =>   CDf =  0.00395    CDp =  3.87264

 MRCHDU: Convergence failed at 100  side 2    Res =  0.1957E-01
 MRCHDU: Convergence failed at 101  side 2    Res =  0.1696E-04
 MRCHDU: Convergence failed at 102  side 2    Res =  0.3856E-04
 Side 1  free  transition at x/c =  0.0487   10
 Side 2  free  transition at x/c =  0.0165   11

 133   rms: 0.4000E+03   max: -.4843E+04   C at   83  2   RLX: 0.000
       a = -2.000      CL = -0.6941
      Cm =  0.1749     CD =  3.87953   =>   CDf =  0.00395    CDp =  3.87558

 MRCHDU: Convergence failed at 100  side 2    Res =  0.1931E-01
 MRCHDU: Convergence failed at 101  side 2    Res =  0.1714E-04
 MRCHDU: Convergence failed at 102  side 2    Res =  0.3863E-04
 Side 1  free  transition at x/c =  0.0487   10
 Side 2  free  transition at x/c =  0.0165   11

 134   rms: 0.1929E+04   max: -.2953E+05   C at   83  2   RLX: 0.000
       a = -2.000      CL = -0.6941
      Cm =  0.1749     CD =  3.86291   =>   CDf =  0.00395    CDp =  3.85896

 MRCHDU: Convergence failed at 100  side 2    Res =  0.1911E-01
 MRCHDU: Convergence failed at 101  side 2    Res =  0.1722E-04
 MRCHDU: Convergence failed at 102  side 2    Res =  0.3867E-04
 Side 1  free  transition at x/c =  0.0487   10
 Side 2  free  transition at x/c =  0.0165   11

 135   rms: 0.2757E+04   max: 0.5307E+05   C at   83  2   RLX: 0.000
       a = -2.000      CL = -0.6941
      Cm =  0.1749     CD =  3.85809   =>   CDf =  0.00395    CDp =  3.85415

 MRCHDU: Convergence failed at 100  side 2    Res =  0.1969E-01
 MRCHDU: Convergence failed at 101  side 2    Res =  0.1707E-04
 MRCHDU: Convergence failed at 102  side 2    Res =  0.3862E-04
 Side 1  free  transition at x/c =  0.0487   10
 Side 2  free  transition at x/c =  0.0165   11

 136   rms: 0.4415E+03   max: -.5293E+04   C at   83  2   RLX: 0.000
       a = -2.000      CL = -0.6940
      Cm =  0.1749     CD =  3.86146   =>   CDf =  0.00395    CDp =  3.85751

 MRCHDU: Convergence failed at 100  side 2    Res =  0.1944E-01
 MRCHDU: Convergence failed at 101  side 2    Res =  0.1726E-04
 MRCHDU: Convergence failed at 102  side 2    Res =  0.3869E-04
 Side 1  free  transition at x/c =  0.0487   10
 Side 2  free  transition at x/c =  0.0165   11

 137   rms: 0.3253E+04   max: -.4929E+05   C at   83  2   RLX: 0.000
       a = -2.000      CL = -0.6939
      Cm =  0.1749     CD =  3.84333   =>   CDf =  0.00395    CDp =  3.83938

 MRCHDU: Convergence failed at 100  side 2    Res =  0.1924E-01
 MRCHDU: Convergence failed at 101  side 2    Res =  0.1735E-04
 MRCHDU: Convergence failed at 102  side 2    Res =  0.3873E-04
 Side 1  free  transition at x/c =  0.0487   10
 Side 2  free  transition at x/c =  0.0165   11

 138   rms: 0.1985E+04   max: 0.3786E+05   C at   83  2   RLX: 0.000
       a = -2.000      CL = -0.6939
      Cm =  0.1749     CD =  3.83807   =>   CDf =  0.00395    CDp =  3.83412

 MRCHDU: Convergence failed at 100  side 2    Res =  0.1981E-01
 MRCHDU: Convergence failed at 101  side 2    Res =  0.1719E-04
 MRCHDU: Convergence failed at 102  side 2    Res =  0.3868E-04
 Side 1  free  transition at x/c =  0.0487   10
 Side 2  free  transition at x/c =  0.0165   11

 139   rms: 0.5362E+03   max: -.6368E+04   C at   83  2   RLX: 0.000
       a = -2.000      CL = -0.6939
      Cm =  0.1748     CD =  3.84201   =>   CDf =  0.00395    CDp =  3.83806

 MRCHDU: Convergence failed at 100  side 2    Res =  0.1957E-01
 MRCHDU: Convergence failed at 101  side 2    Res =  0.1740E-04
 MRCHDU: Convergence failed at 102  side 2    Res =  0.3876E-04
 Side 1  free  transition at x/c =  0.0487   10
 Side 2  free  transition at x/c =  0.0165   11

 140   rms: 0.1928E+05   max: 0.2891E+06   C at   83  2   RLX: 0.000
       a = -2.000      CL = -0.6939
      Cm =  0.1748     CD =  3.82928   =>   CDf =  0.00395    CDp =  3.82533

 MRCHDU: Convergence failed at 100  side 2    Res =  0.1981E-01
 MRCHDU: Convergence failed at 101  side 2    Res =  0.1709E-04
 MRCHDU: Convergence failed at 102  side 2    Res =  0.3865E-04
 Side 1  free  transition at x/c =  0.0487   10
 Side 2  free  transition at x/c =  0.0165   11

 141   rms: 0.1801E+03   max: -.1772E+04   C at   83  2   RLX: 0.000
       a = -2.000      CL = -0.6936
      Cm =  0.1748     CD =  3.84075   =>   CDf =  0.00395    CDp =  3.83681

 MRCHDU: Convergence failed at 100  side 2    Res =  0.1971E-01
 MRCHDU: Convergence failed at 101  side 2    Res =  0.1758E-04
 MRCHDU: Convergence failed at 102  side 2    Res =  0.3884E-04
 Side 1  free  transition at x/c =  0.0487   10
 Side 2  free  transition at x/c =  0.0165   11

 142   rms: 0.1536E+04   max: 0.1832E+05   C at   83  2   RLX: 0.000
       a = -2.000      CL = -0.6936
      Cm =  0.1748     CD =  3.81182   =>   CDf =  0.00395    CDp =  3.80788

 MRCHDU: Convergence failed at 100  side 2    Res =  0.1901E-01
 MRCHDU: Convergence failed at 101  side 2    Res =  0.1687E-04
 MRCHDU: Convergence failed at 102  side 2    Res =  0.3854E-04
 Side 1  free  transition at x/c =  0.0487   10
 Side 2  free  transition at x/c =  0.0165   11

 143   rms: 0.6215E+02   max: -.5383E+03   C at   83  2   RLX: 0.001
       a = -2.000      CL = -0.6928
      Cm =  0.1746     CD =  3.85079   =>   CDf =  0.00395    CDp =  3.84685

 MRCHDU: Convergence failed at 100  side 2    Res =  0.1946E-01
 MRCHDU: Convergence failed at 101  side 2    Res =  0.1792E-04
 MRCHDU: Convergence failed at 102  side 2    Res =  0.3895E-04
 Side 1  free  transition at x/c =  0.0487   10
 Side 2  free  transition at x/c =  0.0165   11

 144   rms: 0.5459E+02   max: 0.5333E+03   C at   83  2   RLX: 0.003
       a = -2.000      CL = -0.6904
      Cm =  0.1740     CD =  3.81791   =>   CDf =  0.00395    CDp =  3.81397

 MRCHDU: Convergence failed at 100  side 2    Res =  0.1640E-01
 MRCHDU: Convergence failed at 101  side 2    Res =  0.1521E-04
 MRCHDU: Convergence failed at 102  side 2    Res =  0.3766E-04
 MRCHDU: Convergence failed at 106  side 2    Res =  0.2143E-03
 Side 1  free  transition at x/c =  0.0487   10
 Side 2  free  transition at x/c =  0.0165   11

 145   rms: 0.1805E+02   max: -.1460E+03   C at   83  2   RLX: 0.003
       a = -2.000      CL = -0.6873
      Cm =  0.1732     CD =  4.04933   =>   CDf =  0.00394    CDp =  4.04539

 MRCHDU: Convergence failed at 100  side 2    Res =  0.1783E-01
 MRCHDU: Convergence failed at 101  side 2    Res =  0.1703E-04
 MRCHDU: Convergence failed at 102  side 2    Res =  0.3844E-04
 Side 1  free  transition at x/c =  0.0487   10
 Side 2  free  transition at x/c =  0.0165   11

 146   rms: 0.9852E+02   max: -.8662E+03   C at   83  2   RLX: 0.001
       a = -2.000      CL = -0.6866
      Cm =  0.1730     CD =  3.84430   =>   CDf =  0.00394    CDp =  3.84035

 MRCHDU: Convergence failed at 100  side 2    Res =  0.1816E-01
 MRCHDU: Convergence failed at 101  side 2    Res =  0.1802E-04
 MRCHDU: Convergence failed at 102  side 2    Res =  0.3881E-04
 Side 1  free  transition at x/c =  0.0487   10
 Side 2  free  transition at x/c =  0.0165   11

 147   rms: 0.4713E+01   max: -.4472E+02   C at   83  2   RLX: 0.011
       a = -2.000      CL = -0.6770
      Cm =  0.1706     CD =  3.86087   =>   CDf =  0.00394    CDp =  3.85693

 MRCHDU: Convergence failed at 100  side 2    Res =  0.1439E-01
 MRCHDU: Convergence failed at 101  side 2    Res =  0.1428E-04
 MRCHDU: Convergence failed at 102  side 2    Res =  0.3671E-04
 MRCHDU: Convergence failed at 106  side 2    Res =  0.1071E-02
 Side 1  free  transition at x/c =  0.0488   10
 Side 2  free  transition at x/c =  0.0165   11

 148   rms: 0.2236E+03   max: -.2689E+04   C at   83  2   RLX: 0.000
       a = -2.000      CL = -0.6766
      Cm =  0.1704     CD =  4.35290   =>   CDf =  0.00394    CDp =  4.34896

 MRCHDU: Convergence failed at 100  side 2    Res =  0.1409E-01
 MRCHDU: Convergence failed at 101  side 2    Res =  0.1438E-04
 MRCHDU: Convergence failed at 102  side 2    Res =  0.3676E-04
 MRCHDU: Convergence failed at 106  side 2    Res =  0.1013E-02
 Side 1  free  transition at x/c =  0.0488   10
 Side 2  free  transition at x/c =  0.0165   11

 149   rms: 0.5986E+03   max: -.9086E+04   C at   83  2   RLX: 0.000
       a = -2.000      CL = -0.6765
      Cm =  0.1704     CD =  4.34208   =>   CDf =  0.00394    CDp =  4.33815

 MRCHDU: Convergence failed at 100  side 2    Res =  0.1389E-01
 MRCHDU: Convergence failed at 101  side 2    Res =  0.1442E-04
 MRCHDU: Convergence failed at 102  side 2    Res =  0.3678E-04
 MRCHDU: Convergence failed at 106  side 2    Res =  0.9901E-03
 Side 1  free  transition at x/c =  0.0488   10
 Side 2  free  transition at x/c =  0.0165   11

 150   rms: 0.3654E+04   max: -.6975E+05   C at   83  2   RLX: 0.000
       a = -2.000      CL = -0.6765
      Cm =  0.1704     CD =  4.33798   =>   CDf =  0.00394    CDp =  4.33404

 MRCHDU: Convergence failed at 100  side 2    Res =  0.1377E-01
 MRCHDU: Convergence failed at 101  side 2    Res =  0.1443E-04
 MRCHDU: Convergence failed at 102  side 2    Res =  0.3679E-04
 MRCHDU: Convergence failed at 106  side 2    Res =  0.9806E-03
 Side 1  free  transition at x/c =  0.0488   10
 Side 2  free  transition at x/c =  0.0165   11

 151   rms: 0.2114E+04   max: 0.4807E+05   C at   83  2   RLX: 0.000
       a = -2.000      CL = -0.6765
      Cm =  0.1704     CD =  4.33645   =>   CDf =  0.00394    CDp =  4.33251

 MRCHDU: Convergence failed at 100  side 2    Res =  0.1444E-01
 MRCHDU: Convergence failed at 101  side 2    Res =  0.1436E-04
 MRCHDU: Convergence failed at 102  side 2    Res =  0.3677E-04
 MRCHDU: Convergence failed at 106  side 2    Res =  0.9918E-03
 Side 1  free  transition at x/c =  0.0488   10
 Side 2  free  transition at x/c =  0.0165   11

 152   rms: 0.5319E+03   max: -.7873E+04   C at   83  2   RLX: 0.000
       a = -2.000      CL = -0.6764
      Cm =  0.1704     CD =  4.33608   =>   CDf =  0.00394    CDp =  4.33214

 MRCHDU: Convergence failed at 100  side 2    Res =  0.1423E-01
 MRCHDU: Convergence failed at 101  side 2    Res =  0.1441E-04
 MRCHDU: Convergence failed at 102  side 2    Res =  0.3680E-04
 MRCHDU: Convergence failed at 106  side 2    Res =  0.9656E-03
 Side 1  free  transition at x/c =  0.0488   10
 Side 2  free  transition at x/c =  0.0165   11

 153   rms: 0.2589E+04   max: -.4832E+05   C at   83  2   RLX: 0.000
       a = -2.000      CL = -0.6764
      Cm =  0.1703     CD =  4.33148   =>   CDf =  0.00394    CDp =  4.32754

 MRCHDU: Convergence failed at 100  side 2    Res =  0.1410E-01
 MRCHDU: Convergence failed at 101  side 2    Res =  0.1442E-04
 MRCHDU: Convergence failed at 102  side 2    Res =  0.3681E-04
 MRCHDU: Convergence failed at 106  side 2    Res =  0.9549E-03
 Side 1  free  transition at x/c =  0.0488   10
 Side 2  free  transition at x/c =  0.0165   11

 154   rms: 0.2417E+04   max: 0.5416E+05   C at   83  2   RLX: 0.000
       a = -2.000      CL = -0.6764
      Cm =  0.1703     CD =  4.32985   =>   CDf =  0.00394    CDp =  4.32592

 MRCHDU: Convergence failed at 100  side 2    Res =  0.1478E-01
 MRCHDU: Convergence failed at 101  side 2    Res =  0.1434E-04
 MRCHDU: Convergence failed at 102  side 2    Res =  0.3679E-04
 MRCHDU: Convergence failed at 106  side 2    Res =  0.9677E-03
 Side 1  free  transition at x/c =  0.0488   10
 Side 2  free  transition at x/c =  0.0165   11

 155   rms: 0.4783E+03   max: -.6913E+04   C at   83  2   RLX: 0.000
       a = -2.000      CL = -0.6763
      Cm =  0.1703     CD =  4.32955   =>   CDf =  0.00394    CDp =  4.32561

 MRCHDU: Convergence failed at 100  side 2    Res =  0.1455E-01
 MRCHDU: Convergence failed at 101  side 2    Res =  0.1439E-04
 MRCHDU: Convergence failed at 102  side 2    Res =  0.3681E-04
 MRCHDU: Convergence failed at 106  side 2    Res =  0.9382E-03
 Side 1  free  transition at x/c =  0.0488   10
 Side 2  free  transition at x/c =  0.0165   11

 156   rms: 0.2007E+04   max: -.3666E+05   C at   83  2   RLX: 0.000
       a = -2.000      CL = -0.6763
      Cm =  0.1703     CD =  4.32444   =>   CDf =  0.00394    CDp =  4.32050

 MRCHDU: Convergence failed at 100  side 2    Res =  0.1441E-01
 MRCHDU: Convergence failed at 101  side 2    Res =  0.1441E-04
 MRCHDU: Convergence failed at 102  side 2    Res =  0.3682E-04
 MRCHDU: Convergence failed at 106  side 2    Res =  0.9261E-03
 Side 1  free  transition at x/c =  0.0488   10
 Side 2  free  transition at x/c =  0.0165   11

 157   rms: 0.2826E+04   max: 0.6238E+05   C at   83  2   RLX: 0.000
       a = -2.000      CL = -0.6763
      Cm =  0.1703     CD =  4.32271   =>   CDf =  0.00394    CDp =  4.31877

 MRCHDU: Convergence failed at 100  side 2    Res =  0.1510E-01
 MRCHDU: Convergence failed at 101  side 2    Res =  0.1433E-04
 MRCHDU: Convergence failed at 102  side 2    Res =  0.3680E-04
 MRCHDU: Convergence failed at 106  side 2    Res =  0.9407E-03
 Side 1  free  transition at x/c =  0.0488   10
 Side 2  free  transition at x/c =  0.0165   11

 158   rms: 0.4346E+03   max: -.6142E+04   C at   83  2   RLX: 0.000
       a = -2.000      CL = -0.6762
      Cm =  0.1703     CD =  4.32248   =>   CDf =  0.00394    CDp =  4.31854

 MRCHDU: Convergence failed at 100  side 2    Res =  0.1486E-01
 MRCHDU: Convergence failed at 101  side 2    Res =  0.1439E-04
 MRCHDU: Convergence failed at 102  side 2    Res =  0.3683E-04
 MRCHDU: Convergence failed at 106  side 2    Res =  0.9076E-03
 Side 1  free  transition at x/c =  0.0488   10
 Side 2  free  transition at x/c =  0.0165   11

 159   rms: 0.1642E+04   max: -.2938E+05   C at   83  2   RLX: 0.000
       a = -2.000      CL = -0.6762
      Cm =  0.1703     CD =  4.31684   =>   CDf =  0.00394    CDp =  4.31291

 MRCHDU: Convergence failed at 100  side 2    Res =  0.1471E-01
 MRCHDU: Convergence failed at 101  side 2    Res =  0.1441E-04
 MRCHDU: Convergence failed at 102  side 2    Res =  0.3684E-04
 MRCHDU: Convergence failed at 106  side 2    Res =  0.8940E-03
 Side 1  free  transition at x/c =  0.0488   10
 Side 2  free  transition at x/c =  0.0165   11

 160   rms: 0.3400E+04   max: 0.7395E+05   C at   83  2   RLX: 0.000
       a = -2.000      CL = -0.6762
      Cm =  0.1703     CD =  4.31500   =>   CDf =  0.00394    CDp =  4.31106

 MRCHDU: Convergence failed at 100  side 2    Res =  0.1540E-01
 MRCHDU: Convergence failed at 101  side 2    Res =  0.1433E-04
 MRCHDU: Convergence failed at 102  side 2    Res =  0.3682E-04
 MRCHDU: Convergence failed at 106  side 2    Res =  0.9105E-03
 Side 1  free  transition at x/c =  0.0488   10
 Side 2  free  transition at x/c =  0.0165   11

 161   rms: 0.3984E+03   max: -.5514E+04   C at   83  2   RLX: 0.000
       a = -2.000      CL = -0.6761
      Cm =  0.1703     CD =  4.31485   =>   CDf =  0.00394    CDp =  4.31091

 MRCHDU: Convergence failed at 100  side 2    Res =  0.1515E-01
 MRCHDU: Convergence failed at 101  side 2    Res =  0.1439E-04
 MRCHDU: Convergence failed at 102  side 2    Res =  0.3685E-04
 MRCHDU: Convergence failed at 106  side 2    Res =  0.8735E-03
 Side 1  free  transition at x/c =  0.0488   10
 Side 2  free  transition at x/c =  0.0165   11

 162   rms: 0.1393E+04   max: -.2443E+05   C at   83  2   RLX: 0.000
       a = -2.000      CL = -0.6761
      Cm =  0.1703     CD =  4.30868   =>   CDf =  0.00394    CDp =  4.30474

 MRCHDU: Convergence failed at 100  side 2    Res =  0.1499E-01
 MRCHDU: Convergence failed at 101  side 2    Res =  0.1441E-04
 MRCHDU: Convergence failed at 102  side 2    Res =  0.3686E-04
 MRCHDU: Convergence failed at 106  side 2    Res =  0.8582E-03
 Side 1  free  transition at x/c =  0.0488   10
 Side 2  free  transition at x/c =  0.0165   11

 163   rms: 0.4256E+04   max: 0.9125E+05   C at   83  2   RLX: 0.000
       a = -2.000      CL = -0.6761
      Cm =  0.1703     CD =  4.30672   =>   CDf =  0.00394    CDp =  4.30278

 MRCHDU: Convergence failed at 100  side 2    Res =  0.1569E-01
 MRCHDU: Convergence failed at 101  side 2    Res =  0.1433E-04
 MRCHDU: Convergence failed at 102  side 2    Res =  0.3684E-04
 MRCHDU: Convergence failed at 106  side 2    Res =  0.8768E-03
 Side 1  free  transition at x/c =  0.0488   10
 Side 2  free  transition at x/c =  0.0165   11

 164   rms: 0.3680E+03   max: -.4995E+04   C at   83  2   RLX: 0.000
       a = -2.000      CL = -0.6760
      Cm =  0.1702     CD =  4.30666   =>   CDf =  0.00394    CDp =  4.30272

 MRCHDU: Convergence failed at 100  side 2    Res =  0.1543E-01
 MRCHDU: Convergence failed at 101  side 2    Res =  0.1440E-04
 MRCHDU: Convergence failed at 102  side 2    Res =  0.3687E-04
 MRCHDU: Convergence failed at 106  side 2    Res =  0.8356E-03
 Side 1  free  transition at x/c =  0.0488   10
 Side 2  free  transition at x/c =  0.0165   11

 165   rms: 0.1213E+04   max: -.2088E+05   C at   83  2   RLX: 0.000
       a = -2.000      CL = -0.6760
      Cm =  0.1702     CD =  4.29993   =>   CDf =  0.00394    CDp =  4.29599

 MRCHDU: Convergence failed at 100  side 2    Res =  0.1526E-01
 MRCHDU: Convergence failed at 101  side 2    Res =  0.1442E-04
 MRCHDU: Convergence failed at 102  side 2    Res =  0.3689E-04
 MRCHDU: Convergence failed at 106  side 2    Res =  0.8186E-03
 Side 1  free  transition at x/c =  0.0488   10
 Side 2  free  transition at x/c =  0.0165   11

 166   rms: 0.5656E+04   max: 0.1196E+06   C at   83  2   RLX: 0.000
       a = -2.000      CL = -0.6760
      Cm =  0.1702     CD =  4.29785   =>   CDf =  0.00394    CDp =  4.29392

 MRCHDU: Convergence failed at 100  side 2    Res =  0.1595E-01
 MRCHDU: Convergence failed at 101  side 2    Res =  0.1433E-04
 MRCHDU: Convergence failed at 102  side 2    Res =  0.3686E-04
 MRCHDU: Convergence failed at 106  side 2    Res =  0.8394E-03
 Side 1  free  transition at x/c =  0.0488   10
 Side 2  free  transition at x/c =  0.0165   11

 167   rms: 0.3423E+03   max: -.4564E+04   C at   83  2   RLX: 0.000
       a = -2.000      CL = -0.6759
      Cm =  0.1702     CD =  4.29788   =>   CDf =  0.00394    CDp =  4.29395

 MRCHDU: Convergence failed at 100  side 2    Res =  0.1569E-01
 MRCHDU: Convergence failed at 101  side 2    Res =  0.1441E-04
 MRCHDU: Convergence failed at 102  side 2    Res =  0.3690E-04
 MRCHDU: Convergence failed at 106  side 2    Res =  0.7936E-03
 Side 1  free  transition at x/c =  0.0488   10
 Side 2  free  transition at x/c =  0.0165   11

 168   rms: 0.1077E+04   max: -.1821E+05   C at   83  2   RLX: 0.000
       a = -2.000      CL = -0.6758
      Cm =  0.1702     CD =  4.29059   =>   CDf =  0.00394    CDp =  4.28665

 MRCHDU: Convergence failed at 100  side 2    Res =  0.1551E-01
 MRCHDU: Convergence failed at 101  side 2    Res =  0.1444E-04
 MRCHDU: Convergence failed at 102  side 2    Res =  0.3691E-04
 MRCHDU: Convergence failed at 106  side 2    Res =  0.7747E-03
 Side 1  free  transition at x/c =  0.0488   10
 Side 2  free  transition at x/c =  0.0165   11

 169   rms: 0.8337E+04   max: 0.1739E+06   C at   83  2   RLX: 0.000
       a = -2.000      CL = -0.6759
      Cm =  0.1702     CD =  4.28839   =>   CDf =  0.00394    CDp =  4.28445

 MRCHDU: Convergence failed at 100  side 2    Res =  0.1620E-01
 MRCHDU: Convergence failed at 101  side 2    Res =  0.1435E-04
 MRCHDU: Convergence failed at 102  side 2    Res =  0.3689E-04
 MRCHDU: Convergence failed at 106  side 2    Res =  0.7979E-03
 Side 1  free  transition at x/c =  0.0488   10
 Side 2  free  transition at x/c =  0.0165   11

 170   rms: 0.3203E+03   max: -.4199E+04   C at   83  2   RLX: 0.000
       a = -2.000      CL = -0.6758
      Cm =  0.1702     CD =  4.28852   =>   CDf =  0.00394    CDp =  4.28458

 MRCHDU: Convergence failed at 100  side 2    Res =  0.1593E-01
 MRCHDU: Convergence failed at 101  side 2    Res =  0.1443E-04
 MRCHDU: Convergence failed at 102  side 2    Res =  0.3692E-04
 MRCHDU: Convergence failed at 106  side 2    Res =  0.7471E-03
 Side 1  free  transition at x/c =  0.0488   10
 Side 2  free  transition at x/c =  0.0165   11

 171   rms: 0.9714E+03   max: -.1615E+05   C at   83  2   RLX: 0.000
       a = -2.000      CL = -0.6757
      Cm =  0.1702     CD =  4.28066   =>   CDf =  0.00394    CDp =  4.27672

 MRCHDU: Convergence failed at 100  side 2    Res =  0.1575E-01
 MRCHDU: Convergence failed at 101  side 2    Res =  0.1446E-04
 MRCHDU: Convergence failed at 102  side 2    Res =  0.3694E-04
 MRCHDU: Convergence failed at 106  side 2    Res =  0.7262E-03
 Side 1  free  transition at x/c =  0.0488   10
 Side 2  free  transition at x/c =  0.0165   11

 172   rms: 0.1543E+05   max: 0.3177E+06   C at   83  2   RLX: 0.000
       a = -2.000      CL = -0.6757
      Cm =  0.1702     CD =  4.27833   =>   CDf =  0.00394    CDp =  4.27439

 MRCHDU: Convergence failed at 100  side 2    Res =  0.1644E-01
 MRCHDU: Convergence failed at 101  side 2    Res =  0.1436E-04
 MRCHDU: Convergence failed at 102  side 2    Res =  0.3691E-04
 MRCHDU: Convergence failed at 106  side 2    Res =  0.7520E-03
 Side 1  free  transition at x/c =  0.0488   10
 Side 2  free  transition at x/c =  0.0165   11

 173   rms: 0.3014E+03   max: -.3890E+04   C at   83  2   RLX: 0.000
       a = -2.000      CL = -0.6756
      Cm =  0.1701     CD =  4.27856   =>   CDf =  0.00394    CDp =  4.27463

 MRCHDU: Convergence failed at 100  side 2    Res =  0.1616E-01
 MRCHDU: Convergence failed at 101  side 2    Res =  0.1445E-04
 MRCHDU: Convergence failed at 102  side 2    Res =  0.3695E-04
 MRCHDU: Convergence failed at 106  side 2    Res =  0.6959E-03
 Side 1  free  transition at x/c =  0.0488   10
 Side 2  free  transition at x/c =  0.0165   11

 174   rms: 0.8870E+03   max: -.1452E+05   C at   83  2   RLX: 0.000
       a = -2.000      CL = -0.6756
      Cm =  0.1701     CD =  4.27012   =>   CDf =  0.00394    CDp =  4.26618

 MRCHDU: Convergence failed at 100  side 2    Res =  0.1597E-01
 MRCHDU: Convergence failed at 101  side 2    Res =  0.1449E-04
 MRCHDU: Convergence failed at 102  side 2    Res =  0.3697E-04
 MRCHDU: Convergence failed at 106  side 2    Res =  0.6727E-03
 Side 1  free  transition at x/c =  0.0488   10
 Side 2  free  transition at x/c =  0.0165   11

 175   rms: 0.8602E+05   max: 0.1748E+07   C at   83  2   RLX: 0.000
       a = -2.000      CL = -0.6756
      Cm =  0.1701     CD =  4.26767   =>   CDf =  0.00394    CDp =  4.26373

 MRCHDU: Convergence failed at 100  side 2    Res =  0.1666E-01
 MRCHDU: Convergence failed at 101  side 2    Res =  0.1439E-04
 MRCHDU: Convergence failed at 102  side 2    Res =  0.3694E-04
 MRCHDU: Convergence failed at 106  side 2    Res =  0.7013E-03
 Side 1  free  transition at x/c =  0.0488   10
 Side 2  free  transition at x/c =  0.0165   11

 176   rms: 0.2851E+03   max: -.3626E+04   C at   83  2   RLX: 0.000
       a = -2.000      CL = -0.6755
      Cm =  0.1701     CD =  4.26801   =>   CDf =  0.00394    CDp =  4.26407

 MRCHDU: Convergence failed at 100  side 2    Res =  0.1637E-01
 MRCHDU: Convergence failed at 101  side 2    Res =  0.1448E-04
 MRCHDU: Convergence failed at 102  side 2    Res =  0.3698E-04
 MRCHDU: Convergence failed at 106  side 2    Res =  0.6394E-03
 Side 1  free  transition at x/c =  0.0488   10
 Side 2  free  transition at x/c =  0.0165   11

 177   rms: 0.8194E+03   max: -.1321E+05   C at   83  2   RLX: 0.000
       a = -2.000      CL = -0.6754
      Cm =  0.1701     CD =  4.25898   =>   CDf =  0.00394    CDp =  4.25505

 MRCHDU: Convergence failed at 100  side 2    Res =  0.1617E-01
 MRCHDU: Convergence failed at 101  side 2    Res =  0.1452E-04
 MRCHDU: Convergence failed at 102  side 2    Res =  0.3700E-04
 MRCHDU: Convergence failed at 106  side 2    Res =  0.6138E-03
 Side 1  free  transition at x/c =  0.0488   10
 Side 2  free  transition at x/c =  0.0165   11

 178   rms: 0.2546E+05   max: -.5112E+06   C at   83  2   RLX: 0.000
       a = -2.000      CL = -0.6754
      Cm =  0.1701     CD =  4.25539   =>   CDf =  0.00394    CDp =  4.25145

 MRCHDU: Convergence failed at 100  side 2    Res =  0.1605E-01
 MRCHDU: Convergence failed at 101  side 2    Res =  0.1454E-04
 MRCHDU: Convergence failed at 102  side 2    Res =  0.3701E-04
 MRCHDU: Convergence failed at 106  side 2    Res =  0.6026E-03
 Side 1  free  transition at x/c =  0.0488   10
 Side 2  free  transition at x/c =  0.0165   11

 179   rms: 0.1699E+04   max: 0.3990E+05   C at   83  2   RLX: 0.000
       a = -2.000      CL = -0.6754
      Cm =  0.1701     CD =  4.25395   =>   CDf =  0.00394    CDp =  4.25001

 MRCHDU: Convergence failed at 100  side 2    Res =  0.1666E-01
 MRCHDU: Convergence failed at 101  side 2    Res =  0.1447E-04
 MRCHDU: Convergence failed at 102  side 2    Res =  0.3699E-04
 MRCHDU: Convergence failed at 106  side 2    Res =  0.6170E-03
 Side 1  free  transition at x/c =  0.0488   10
 Side 2  free  transition at x/c =  0.0165   11

 180   rms: 0.7043E+03   max: -.1103E+05   C at   83  2   RLX: 0.000
       a = -2.000      CL = -0.6753
      Cm =  0.1701     CD =  4.25406   =>   CDf =  0.00394    CDp =  4.25012

 MRCHDU: Convergence failed at 100  side 2    Res =  0.1645E-01
 MRCHDU: Convergence failed at 101  side 2    Res =  0.1451E-04
 MRCHDU: Convergence failed at 102  side 2    Res =  0.3701E-04
 MRCHDU: Convergence failed at 106  side 2    Res =  0.5878E-03
 Side 1  free  transition at x/c =  0.0488   10
 Side 2  free  transition at x/c =  0.0165   11

 181   rms: 0.6785E+04   max: -.1330E+06   C at   83  2   RLX: 0.000
       a = -2.000      CL = -0.6753
      Cm =  0.1701     CD =  4.25002   =>   CDf =  0.00394    CDp =  4.24608

 MRCHDU: Convergence failed at 100  side 2    Res =  0.1632E-01
 MRCHDU: Convergence failed at 101  side 2    Res =  0.1453E-04
 MRCHDU: Convergence failed at 102  side 2    Res =  0.3702E-04
 MRCHDU: Convergence failed at 106  side 2    Res =  0.5752E-03
 Side 1  free  transition at x/c =  0.0488   10
 Side 2  free  transition at x/c =  0.0165   11

 182   rms: 0.1874E+04   max: 0.4335E+05   C at   83  2   RLX: 0.000
       a = -2.000      CL = -0.6753
      Cm =  0.1701     CD =  4.24847   =>   CDf =  0.00394    CDp =  4.24454

 MRCHDU: Convergence failed at 100  side 2    Res =  0.1695E-01
 MRCHDU: Convergence failed at 101  side 2    Res =  0.1445E-04
 MRCHDU: Convergence failed at 102  side 2    Res =  0.3700E-04
 MRCHDU: Convergence failed at 106  side 2    Res =  0.5915E-03
 Side 1  free  transition at x/c =  0.0488   10
 Side 2  free  transition at x/c =  0.0165   11

 183   rms: 0.6171E+03   max: -.9405E+04   C at   83  2   RLX: 0.000
       a = -2.000      CL = -0.6753
      Cm =  0.1700     CD =  4.24865   =>   CDf =  0.00394    CDp =  4.24471

 MRCHDU: Convergence failed at 100  side 2    Res =  0.1672E-01
 MRCHDU: Convergence failed at 101  side 2    Res =  0.1450E-04
 MRCHDU: Convergence failed at 102  side 2    Res =  0.3703E-04
 MRCHDU: Convergence failed at 106  side 2    Res =  0.5584E-03
 Side 1  free  transition at x/c =  0.0488   10
 Side 2  free  transition at x/c =  0.0165   11

 184   rms: 0.3907E+04   max: -.7485E+05   C at   83  2   RLX: 0.000
       a = -2.000      CL = -0.6752
      Cm =  0.1700     CD =  4.24413   =>   CDf =  0.00394    CDp =  4.24020

 MRCHDU: Convergence failed at 100  side 2    Res =  0.1659E-01
 MRCHDU: Convergence failed at 101  side 2    Res =  0.1452E-04
 MRCHDU: Convergence failed at 102  side 2    Res =  0.3704E-04
 MRCHDU: Convergence failed at 106  side 2    Res =  0.5442E-03
 Side 1  free  transition at x/c =  0.0488   10
 Side 2  free  transition at x/c =  0.0165   11

 185   rms: 0.2094E+04   max: 0.4774E+05   C at   83  2   RLX: 0.000
       a = -2.000      CL = -0.6752
      Cm =  0.1700     CD =  4.24249   =>   CDf =  0.00394    CDp =  4.23855

 MRCHDU: Convergence failed at 100  side 2    Res =  0.1722E-01
 MRCHDU: Convergence failed at 101  side 2    Res =  0.1444E-04
 MRCHDU: Convergence failed at 102  side 2    Res =  0.3702E-04
 MRCHDU: Convergence failed at 106  side 2    Res =  0.5627E-03
 Side 1  free  transition at x/c =  0.0488   10
 Side 2  free  transition at x/c =  0.0165   11

 186   rms: 0.5486E+03   max: -.8151E+04   C at   83  2   RLX: 0.000
       a = -2.000      CL = -0.6752
      Cm =  0.1700     CD =  4.24273   =>   CDf =  0.00394    CDp =  4.23880

 MRCHDU: Convergence failed at 100  side 2    Res =  0.1699E-01
 MRCHDU: Convergence failed at 101  side 2    Res =  0.1450E-04
 MRCHDU: Convergence failed at 102  side 2    Res =  0.3704E-04
 MRCHDU: Convergence failed at 106  side 2    Res =  0.5253E-03
 Side 1  free  transition at x/c =  0.0488   10
 Side 2  free  transition at x/c =  0.0165   11

 187   rms: 0.2746E+04   max: -.5142E+05   C at   83  2   RLX: 0.000
       a = -2.000      CL = -0.6752
      Cm =  0.1700     CD =  4.23772   =>   CDf =  0.00394    CDp =  4.23378

 MRCHDU: Convergence failed at 100  side 2    Res =  0.1684E-01
 MRCHDU: Convergence failed at 101  side 2    Res =  0.1452E-04
 MRCHDU: Convergence failed at 102  side 2    Res =  0.3705E-04
 MRCHDU: Convergence failed at 106  side 2    Res =  0.5092E-03
 Side 1  free  transition at x/c =  0.0488   10
 Side 2  free  transition at x/c =  0.0165   11

 188   rms: 0.2378E+04   max: 0.5339E+05   C at   83  2   RLX: 0.000
       a = -2.000      CL = -0.6752
      Cm =  0.1700     CD =  4.23597   =>   CDf =  0.00394    CDp =  4.23203

 MRCHDU: Convergence failed at 100  side 2    Res =  0.1748E-01
 MRCHDU: Convergence failed at 101  side 2    Res =  0.1444E-04
 MRCHDU: Convergence failed at 102  side 2    Res =  0.3703E-04
 MRCHDU: Convergence failed at 106  side 2    Res =  0.5300E-03
 Side 1  free  transition at x/c =  0.0488   10
 Side 2  free  transition at x/c =  0.0165   11

 189   rms: 0.4939E+03   max: -.7162E+04   C at   83  2   RLX: 0.000
       a = -2.000      CL = -0.6751
      Cm =  0.1700     CD =  4.23629   =>   CDf =  0.00394    CDp =  4.23235

 MRCHDU: Convergence failed at 100  side 2    Res =  0.1723E-01
 MRCHDU: Convergence failed at 101  side 2    Res =  0.1450E-04
 MRCHDU: Convergence failed at 102  side 2    Res =  0.3706E-04
 MRCHDU: Convergence failed at 106  side 2    Res =  0.4880E-03
 Side 1  free  transition at x/c =  0.0488   10
 Side 2  free  transition at x/c =  0.0165   11

 190   rms: 0.2121E+04   max: -.3886E+05   C at   83  2   RLX: 0.000
       a = -2.000      CL = -0.6751
      Cm =  0.1700     CD =  4.23076   =>   CDf =  0.00394    CDp =  4.22682

 MRCHDU: Convergence failed at 100  side 2    Res =  0.1708E-01
 MRCHDU: Convergence failed at 101  side 2    Res =  0.1453E-04
 MRCHDU: Convergence failed at 102  side 2    Res =  0.3707E-04
 MRCHDU: Convergence failed at 106  side 2    Res =  0.4699E-03
 Side 1  free  transition at x/c =  0.0488   10
 Side 2  free  transition at x/c =  0.0165   11

 191   rms: 0.2752E+04   max: 0.6088E+05   C at   83  2   RLX: 0.000
       a = -2.000      CL = -0.6751
      Cm =  0.1700     CD =  4.22889   =>   CDf =  0.00394    CDp =  4.22495

 MRCHDU: Convergence failed at 100  side 2    Res =  0.1772E-01
 MRCHDU: Convergence failed at 101  side 2    Res =  0.1444E-04
 MRCHDU: Convergence failed at 102  side 2    Res =  0.3705E-04
 MRCHDU: Convergence failed at 106  side 2    Res =  0.4934E-03
 Side 1  free  transition at x/c =  0.0488   10
 Side 2  free  transition at x/c =  0.0165   11

 192   rms: 0.4492E+03   max: -.6369E+04   C at   83  2   RLX: 0.000
       a = -2.000      CL = -0.6750
      Cm =  0.1700     CD =  4.22930   =>   CDf =  0.00394    CDp =  4.22536

 MRCHDU: Convergence failed at 100  side 2    Res =  0.1747E-01
 MRCHDU: Convergence failed at 101  side 2    Res =  0.1451E-04
 MRCHDU: Convergence failed at 102  side 2    Res =  0.3708E-04
 MRCHDU: Convergence failed at 106  side 2    Res =  0.4462E-03
 Side 1  free  transition at x/c =  0.0488   10
 Side 2  free  transition at x/c =  0.0165   11

 193   rms: 0.1732E+04   max: -.3109E+05   C at   83  2   RLX: 0.000
       a = -2.000      CL = -0.6750
      Cm =  0.1700     CD =  4.22322   =>   CDf =  0.00394    CDp =  4.21929

 MRCHDU: Convergence failed at 100  side 2    Res =  0.1731E-01
 MRCHDU: Convergence failed at 101  side 2    Res =  0.1454E-04
 MRCHDU: Convergence failed at 102  side 2    Res =  0.3709E-04
 MRCHDU: Convergence failed at 106  side 2    Res =  0.4260E-03
 Side 1  free  transition at x/c =  0.0488   10
 Side 2  free  transition at x/c =  0.0165   11

 194   rms: 0.3262E+04   max: 0.7111E+05   C at   83  2   RLX: 0.000
       a = -2.000      CL = -0.6750
      Cm =  0.1700     CD =  4.22123   =>   CDf =  0.00394    CDp =  4.21730

 MRCHDU: Convergence failed at 100  side 2    Res =  0.1795E-01
 MRCHDU: Convergence failed at 101  side 2    Res =  0.1445E-04
 MRCHDU: Convergence failed at 102  side 2    Res =  0.3707E-04
 MRCHDU: Convergence failed at 106  side 2    Res =  0.4522E-03
 Side 1  free  transition at x/c =  0.0488   10
 Side 2  free  transition at x/c =  0.0165   11

 195   rms: 0.4122E+03   max: -.5723E+04   C at   83  2   RLX: 0.000
       a = -2.000      CL = -0.6749
      Cm =  0.1699     CD =  4.22174   =>   CDf =  0.00394    CDp =  4.21781

 MRCHDU: Convergence failed at 100  side 2    Res =  0.1769E-01
 MRCHDU: Convergence failed at 101  side 2    Res =  0.1452E-04
 MRCHDU: Convergence failed at 102  side 2    Res =  0.3710E-04
 MRCHDU: Convergence failed at 106  side 2    Res =  0.3995E-03
 Side 1  free  transition at x/c =  0.0488   10
 Side 2  free  transition at x/c =  0.0165   11

 196   rms: 0.1469E+04   max: -.2584E+05   C at   83  2   RLX: 0.000
       a = -2.000      CL = -0.6748
      Cm =  0.1699     CD =  4.21511   =>   CDf =  0.00394    CDp =  4.21117

 MRCHDU: Convergence failed at 100  side 2    Res =  0.1752E-01
 MRCHDU: Convergence failed at 101  side 2    Res =  0.1455E-04
 MRCHDU: Convergence failed at 102  side 2    Res =  0.3711E-04
 MRCHDU: Convergence failed at 106  side 2    Res =  0.3769E-03
 Side 1  free  transition at x/c =  0.0488   10
 Side 2  free  transition at x/c =  0.0165   11

 197   rms: 0.3990E+04   max: 0.8574E+05   C at   83  2   RLX: 0.000
       a = -2.000      CL = -0.6749
      Cm =  0.1699     CD =  4.21299   =>   CDf =  0.00394    CDp =  4.20906

 MRCHDU: Convergence failed at 100  side 2    Res =  0.1817E-01
 MRCHDU: Convergence failed at 101  side 2    Res =  0.1446E-04
 MRCHDU: Convergence failed at 102  side 2    Res =  0.3709E-04
 MRCHDU: Convergence failed at 106  side 2    Res =  0.4062E-03
 Side 1  free  transition at x/c =  0.0488   10
 Side 2  free  transition at x/c =  0.0165   11

 198   rms: 0.3813E+03   max: -.5190E+04   C at   83  2   RLX: 0.000
       a = -2.000      CL = -0.6748
      Cm =  0.1699     CD =  4.21360   =>   CDf =  0.00394    CDp =  4.20967

 MRCHDU: Convergence failed at 100  side 2    Res =  0.1790E-01
 MRCHDU: Convergence failed at 101  side 2    Res =  0.1454E-04
 MRCHDU: Convergence failed at 102  side 2    Res =  0.3712E-04
 MRCHDU: Convergence failed at 106  side 2    Res =  0.3473E-03
 Side 1  free  transition at x/c =  0.0488   10
 Side 2  free  transition at x/c =  0.0165   11

 199   rms: 0.1280E+04   max: -.2209E+05   C at   83  2   RLX: 0.000
       a = -2.000      CL = -0.6747
      Cm =  0.1699     CD =  4.20639   =>   CDf =  0.00394    CDp =  4.20246

 MRCHDU: Convergence failed at 100  side 2    Res =  0.1772E-01
 MRCHDU: Convergence failed at 101  side 2    Res =  0.1458E-04
 MRCHDU: Convergence failed at 102  side 2    Res =  0.3714E-04
 MRCHDU: Convergence failed at 106  side 2    Res =  0.3222E-03
 Side 1  free  transition at x/c =  0.0488   10
 Side 2  free  transition at x/c =  0.0165   11

 200   rms: 0.5103E+04   max: 0.1081E+06   C at   83  2   RLX: 0.000
       a = -2.000      CL = -0.6747
      Cm =  0.1699     CD =  4.20415   =>   CDf =  0.00394    CDp =  4.20021

 MRCHDU: Convergence failed at 100  side 2    Res =  0.1837E-01
 MRCHDU: Convergence failed at 101  side 2    Res =  0.1448E-04
 MRCHDU: Convergence failed at 102  side 2    Res =  0.3711E-04
 MRCHDU: Convergence failed at 106  side 2    Res =  0.3548E-03
 Side 1  free  transition at x/c =  0.0488   10
 Side 2  free  transition at x/c =  0.0165   11

 201   rms: 0.3551E+03   max: -.4747E+04   C at   83  2   RLX: 0.000
       a = -2.000      CL = -0.6746
      Cm =  0.1699     CD =  4.20487   =>   CDf =  0.00394    CDp =  4.20093

 MRCHDU: Convergence failed at 100  side 2    Res =  0.1810E-01
 MRCHDU: Convergence failed at 101  side 2    Res =  0.1457E-04
 MRCHDU: Convergence failed at 102  side 2    Res =  0.3715E-04
 MRCHDU: Convergence failed at 106  side 2    Res =  0.2893E-03
 Side 1  free  transition at x/c =  0.0488   10
 Side 2  free  transition at x/c =  0.0165   11

 202   rms: 0.1138E+04   max: -.1930E+05   C at   83  2   RLX: 0.000
       a = -2.000      CL = -0.6746
      Cm =  0.1699     CD =  4.19707   =>   CDf =  0.00394    CDp =  4.19313

 MRCHDU: Convergence failed at 100  side 2    Res =  0.1791E-01
 MRCHDU: Convergence failed at 101  side 2    Res =  0.1460E-04
 MRCHDU: Convergence failed at 102  side 2    Res =  0.3717E-04
 MRCHDU: Convergence failed at 106  side 2    Res =  0.2612E-03
 Side 1  free  transition at x/c =  0.0488   10
 Side 2  free  transition at x/c =  0.0165   11

 203   rms: 0.6989E+04   max: 0.1461E+06   C at   83  2   RLX: 0.000
       a = -2.000      CL = -0.6746
      Cm =  0.1699     CD =  4.19469   =>   CDf =  0.00394    CDp =  4.19076

 MRCHDU: Convergence failed at 100  side 2    Res =  0.1856E-01
 MRCHDU: Convergence failed at 101  side 2    Res =  0.1450E-04
 MRCHDU: Convergence failed at 102  side 2    Res =  0.3714E-04
 MRCHDU: Convergence failed at 106  side 2    Res =  0.2976E-03
 Side 1  free  transition at x/c =  0.0488   10
 Side 2  free  transition at x/c =  0.0165   11

 204   rms: 0.3329E+03   max: -.4375E+04   C at   83  2   RLX: 0.000
       a = -2.000      CL = -0.6745
      Cm =  0.1698     CD =  4.19552   =>   CDf =  0.00394    CDp =  4.19159

 MRCHDU: Convergence failed at 100  side 2    Res =  0.1828E-01
 MRCHDU: Convergence failed at 101  side 2    Res =  0.1460E-04
 MRCHDU: Convergence failed at 102  side 2    Res =  0.3718E-04
 MRCHDU: Convergence failed at 106  side 2    Res =  0.2247E-03
 Side 1  free  transition at x/c =  0.0488   10
 Side 2  free  transition at x/c =  0.0165   11

 205   rms: 0.1018E+04   max: -.1697E+05   C at   83  2   RLX: 0.000
       a = -2.000      CL = -0.6745
      Cm =  0.1698     CD =  4.18713   =>   CDf =  0.00394    CDp =  4.18319
 VISCAL:  Convergence failed
      9.000   14.4973   4.187127   0.000178   0.000670   0.000492    0.0488     #
 Calculating wake trajectory ...
 Calculating source influence matrix ...

 Solving BL system ...

 MRCHDU: Convergence failed at 100  side 2    Res =  0.1809E-01
 MRCHDU: Convergence failed at 101  side 2    Res =  0.1464E-04
 MRCHDU: Convergence failed at 102  side 2    Res =  0.3720E-04
 MRCHDU: Convergence failed at 106  side 2    Res =  0.1935E-03
 Side 1  free  transition at x/c =  0.0488   10
 Side 2  free  transition at x/c =  0.0165   11

   1   rms: 0.1333E+05   max: 0.2750E+06   C at   83  2   RLX: 0.000
       a = -3.000      CL = -0.6736
      Cm =  0.1698     CD =  4.18461   =>   CDf =  0.00393    CDp =  4.18067

 MRCHDU: Convergence failed at 100  side 2    Res =  0.1874E-01
 MRCHDU: Convergence failed at 101  side 2    Res =  0.1454E-04
 MRCHDU: Convergence failed at 102  side 2    Res =  0.3717E-04
 MRCHDU: Convergence failed at 106  side 2    Res =  0.2333E-03
 Side 1  free  transition at x/c =  0.0488   10
 Side 2  free  transition at x/c =  0.0165   11

   2   rms: 0.3753E+03   max: -.4850E+04   C at   83  2   RLX: 0.000
       a = -3.000      CL = -0.6735
      Cm =  0.1698     CD =  4.18539   =>   CDf =  0.00393    CDp =  4.18145

 MRCHDU: Convergence failed at 100  side 2    Res =  0.1846E-01
 MRCHDU: Convergence failed at 101  side 2    Res =  0.1464E-04
 MRCHDU: Convergence failed at 102  side 2    Res =  0.3721E-04
 MRCHDU: Convergence failed at 106  side 2    Res =  0.1419E-03
 Side 1  free  transition at x/c =  0.0488   10
 Side 2  free  transition at x/c =  0.0165   11

   3   rms: 0.1128E+04   max: -.1850E+05   C at   83  2   RLX: 0.000
       a = -3.000      CL = -0.6735
      Cm =  0.1698     CD =  4.17490   =>   CDf =  0.00393    CDp =  4.17097

 MRCHDU: Convergence failed at 100  side 2    Res =  0.1827E-01
 MRCHDU: Convergence failed at 101  side 2    Res =  0.1469E-04
 MRCHDU: Convergence failed at 102  side 2    Res =  0.3723E-04
 MRCHDU: Convergence failed at 106  side 2    Res =  0.1042E-03
 Side 1  free  transition at x/c =  0.0488   10
 Side 2  free  transition at x/c =  0.0165   11

   4   rms: 0.2775E+05   max: 0.5652E+06   C at   83  2   RLX: 0.000
       a = -3.000      CL = -0.6735
      Cm =  0.1698     CD =  4.17186   =>   CDf =  0.00393    CDp =  4.16793

 MRCHDU: Convergence failed at 100  side 2    Res =  0.1891E-01
 MRCHDU: Convergence failed at 101  side 2    Res =  0.1458E-04
 MRCHDU: Convergence failed at 102  side 2    Res =  0.3720E-04
 MRCHDU: Convergence failed at 106  side 2    Res =  0.1492E-03
 Side 1  free  transition at x/c =  0.0488   10
 Side 2  free  transition at x/c =  0.0165   11

   5   rms: 0.3568E+03   max: -.4545E+04   C at   83  2   RLX: 0.000
       a = -3.000      CL = -0.6734
      Cm =  0.1698     CD =  4.17280   =>   CDf =  0.00393    CDp =  4.16887

 MRCHDU: Convergence failed at 100  side 2    Res =  0.1863E-01
 MRCHDU: Convergence failed at 101  side 2    Res =  0.1470E-04
 MRCHDU: Convergence failed at 102  side 2    Res =  0.3725E-04
 MRCHDU: Convergence failed at 106  side 2    Res =  0.4677E-04
 Side 1  free  transition at x/c =  0.0488   10
 Side 2  free  transition at x/c =  0.0165   11

   6   rms: 0.1052E+04   max: -.1699E+05   C at   83  2   RLX: 0.000
       a = -3.000      CL = -0.6734
      Cm =  0.1698     CD =  4.16159   =>   CDf =  0.00393    CDp =  4.15766

 MRCHDU: Convergence failed at 100  side 2    Res =  0.1843E-01
 MRCHDU: Convergence failed at 101  side 2    Res =  0.1474E-04
 MRCHDU: Convergence failed at 102  side 2    Res =  0.3727E-04
 Side 1  free  transition at x/c =  0.0488   10
 Side 2  free  transition at x/c =  0.0165   11

   7   rms: 0.1257E+09   max: 0.2529E+10   C at   83  2   RLX: 0.000
       a = -3.000      CL = -0.6734
      Cm =  0.1698     CD =  4.15826   =>   CDf =  0.00393    CDp =  4.15433

 MRCHDU: Convergence failed at 100  side 2    Res =  0.1899E-01
 MRCHDU: Convergence failed at 101  side 2    Res =  0.1465E-04
 MRCHDU: Convergence failed at 102  side 2    Res =  0.3725E-04
 MRCHDU: Convergence failed at 106  side 2    Res =  0.4840E-04
 Side 1  free  transition at x/c =  0.0488   10
 Side 2  free  transition at x/c =  0.0165   11

   8   rms: 0.4197E+03   max: -.5550E+04   C at   83  2   RLX: 0.000
       a = -3.000      CL = -0.6733
      Cm =  0.1698     CD =  4.15946   =>   CDf =  0.00393    CDp =  4.15552

 MRCHDU: Convergence failed at 100  side 2    Res =  0.1873E-01
 MRCHDU: Convergence failed at 101  side 2    Res =  0.1475E-04
 MRCHDU: Convergence failed at 102  side 2    Res =  0.3729E-04
 Side 1  free  transition at x/c =  0.0488   10
 Side 2  free  transition at x/c =  0.0165   11

   9   rms: 0.1344E+04   max: -.2256E+05   C at   83  2   RLX: 0.000
       a = -3.000      CL = -0.6733
      Cm =  0.1697     CD =  4.14981   =>   CDf =  0.00393    CDp =  4.14587

 MRCHDU: Convergence failed at 100  side 2    Res =  0.1854E-01
 MRCHDU: Convergence failed at 101  side 2    Res =  0.1480E-04
 MRCHDU: Convergence failed at 102  side 2    Res =  0.3731E-04
 Side 1  free  transition at x/c =  0.0488   10
 Side 2  free  transition at x/c =  0.0165   11

  10   rms: 0.8930E+04   max: 0.1853E+06   C at   83  2   RLX: 0.000
       a = -3.000      CL = -0.6733
      Cm =  0.1697     CD =  4.14695   =>   CDf =  0.00393    CDp =  4.14302

 MRCHDU: Convergence failed at 100  side 2    Res =  0.1917E-01
 MRCHDU: Convergence failed at 101  side 2    Res =  0.1469E-04
 MRCHDU: Convergence failed at 102  side 2    Res =  0.3728E-04
 Side 1  free  transition at x/c =  0.0488   10
 Side 2  free  transition at x/c =  0.0165   11

  11   rms: 0.3972E+03   max: -.5168E+04   C at   83  2   RLX: 0.000
       a = -3.000      CL = -0.6732
      Cm =  0.1697     CD =  4.14785   =>   CDf =  0.00393    CDp =  4.14392

 MRCHDU: Convergence failed at 100  side 2    Res =  0.1890E-01
 MRCHDU: Convergence failed at 101  side 2    Res =  0.1480E-04
 MRCHDU: Convergence failed at 102  side 2    Res =  0.3732E-04
 Side 1  free  transition at x/c =  0.0488   10
 Side 2  free  transition at x/c =  0.0165   11

  12   rms: 0.1233E+04   max: -.2037E+05   C at   83  2   RLX: 0.000
       a = -3.000      CL = -0.6731
      Cm =  0.1697     CD =  4.13745   =>   CDf =  0.00393    CDp =  4.13352

 MRCHDU: Convergence failed at 100  side 2    Res =  0.1871E-01
 MRCHDU: Convergence failed at 101  side 2    Res =  0.1485E-04
 MRCHDU: Convergence failed at 102  side 2    Res =  0.3734E-04
 Side 1  free  transition at x/c =  0.0488   10
 Side 2  free  transition at x/c =  0.0165   11

  13   rms: 0.1327E+05   max: 0.2718E+06   C at   83  2   RLX: 0.000
       a = -3.000      CL = -0.6732
      Cm =  0.1697     CD =  4.13442   =>   CDf =  0.00393    CDp =  4.13049

 MRCHDU: Convergence failed at 100  side 2    Res =  0.1934E-01
 MRCHDU: Convergence failed at 101  side 2    Res =  0.1474E-04
 MRCHDU: Convergence failed at 102  side 2    Res =  0.3731E-04
 Side 1  free  transition at x/c =  0.0488   10
 Side 2  free  transition at x/c =  0.0165   11

  14   rms: 0.3778E+03   max: -.4842E+04   C at   83  2   RLX: 0.000
       a = -3.000      CL = -0.6730
      Cm =  0.1697     CD =  4.13548   =>   CDf =  0.00393    CDp =  4.13155

 MRCHDU: Convergence failed at 100  side 2    Res =  0.1907E-01
 MRCHDU: Convergence failed at 101  side 2    Res =  0.1486E-04
 MRCHDU: Convergence failed at 102  side 2    Res =  0.3736E-04
 Side 1  free  transition at x/c =  0.0488   10
 Side 2  free  transition at x/c =  0.0165   11

  15   rms: 0.1147E+04   max: -.1866E+05   C at   83  2   RLX: 0.000
       a = -3.000      CL = -0.6730
      Cm =  0.1697     CD =  4.12434   =>   CDf =  0.00393    CDp =  4.12041

 MRCHDU: Convergence failed at 100  side 2    Res =  0.1887E-01
 MRCHDU: Convergence failed at 101  side 2    Res =  0.1491E-04
 MRCHDU: Convergence failed at 102  side 2    Res =  0.3738E-04
 Side 1  free  transition at x/c =  0.0488   10
 Side 2  free  transition at x/c =  0.0165   11

  16   rms: 0.2377E+05   max: 0.4810E+06   C at   83  2   RLX: 0.000
       a = -3.000      CL = -0.6730
      Cm =  0.1697     CD =  4.12113   =>   CDf =  0.00393    CDp =  4.11719

 MRCHDU: Convergence failed at 100  side 2    Res =  0.1949E-01
 MRCHDU: Convergence failed at 101  side 2    Res =  0.1480E-04
 MRCHDU: Convergence failed at 102  side 2    Res =  0.3735E-04
 Side 1  free  transition at x/c =  0.0488   10
 Side 2  free  transition at x/c =  0.0165   11

  17   rms: 0.3616E+03   max: -.4571E+04   C at   83  2   RLX: 0.000
       a = -3.000      CL = -0.6729
      Cm =  0.1697     CD =  4.12236   =>   CDf =  0.00393    CDp =  4.11843

 MRCHDU: Convergence failed at 100  side 2    Res =  0.1922E-01
 MRCHDU: Convergence failed at 101  side 2    Res =  0.1492E-04
 MRCHDU: Convergence failed at 102  side 2    Res =  0.3740E-04
 Side 1  free  transition at x/c =  0.0488   10
 Side 2  free  transition at x/c =  0.0165   11

  18   rms: 0.1081E+04   max: -.1732E+05   C at   83  2   RLX: 0.000
       a = -3.000      CL = -0.6729
      Cm =  0.1696     CD =  4.11046   =>   CDf =  0.00393    CDp =  4.10653

 MRCHDU: Convergence failed at 100  side 2    Res =  0.1902E-01
 MRCHDU: Convergence failed at 101  side 2    Res =  0.1497E-04
 MRCHDU: Convergence failed at 102  side 2    Res =  0.3742E-04
 Side 1  free  transition at x/c =  0.0488   10
 Side 2  free  transition at x/c =  0.0165   11

  19   rms: 0.7939E+05   max: 0.1587E+07   C at   83  2   RLX: 0.000
       a = -3.000      CL = -0.6729
      Cm =  0.1697     CD =  4.10705   =>   CDf =  0.00393    CDp =  4.10312

 MRCHDU: Convergence failed at 100  side 2    Res =  0.1964E-01
 MRCHDU: Convergence failed at 101  side 2    Res =  0.1486E-04
 MRCHDU: Convergence failed at 102  side 2    Res =  0.3739E-04
 Side 1  free  transition at x/c =  0.0488   10
 Side 2  free  transition at x/c =  0.0165   11

  20   rms: 0.3484E+03   max: -.4347E+04   C at   83  2   RLX: 0.000
       a = -3.000      CL = -0.6728
      Cm =  0.1696     CD =  4.10846   =>   CDf =  0.00393    CDp =  4.10453

 MRCHDU: Convergence failed at 100  side 2    Res =  0.1937E-01
 MRCHDU: Convergence failed at 101  side 2    Res =  0.1499E-04
 MRCHDU: Convergence failed at 102  side 2    Res =  0.3745E-04
 Side 1  free  transition at x/c =  0.0488   10
 Side 2  free  transition at x/c =  0.0165   11

  21   rms: 0.1025E+04   max: -.1621E+05   C at   83  2   RLX: 0.000
       a = -3.000      CL = -0.6727
      Cm =  0.1696     CD =  4.09579   =>   CDf =  0.00393    CDp =  4.09186

 MRCHDU: Convergence failed at 100  side 2    Res =  0.1916E-01
 MRCHDU: Convergence failed at 101  side 2    Res =  0.1504E-04
 MRCHDU: Convergence failed at 102  side 2    Res =  0.3747E-04
 Side 1  free  transition at x/c =  0.0488   10
 Side 2  free  transition at x/c =  0.0165   11

  22   rms: 0.8252E+05   max: -.1632E+07   C at   83  2   RLX: 0.000
       a = -3.000      CL = -0.6727
      Cm =  0.1696     CD =  4.09082   =>   CDf =  0.00393    CDp =  4.08688

 MRCHDU: Convergence failed at 100  side 2    Res =  0.1902E-01
 MRCHDU: Convergence failed at 101  side 2    Res =  0.1507E-04
 MRCHDU: Convergence failed at 102  side 2    Res =  0.3748E-04
 Side 1  free  transition at x/c =  0.0488   10
 Side 2  free  transition at x/c =  0.0165   11

  23   rms: 0.2026E+04   max: 0.4715E+05   C at   83  2   RLX: 0.000
       a = -3.000      CL = -0.6727
      Cm =  0.1696     CD =  4.08908   =>   CDf =  0.00393    CDp =  4.08515

 MRCHDU: Convergence failed at 100  side 2    Res =  0.1959E-01
 MRCHDU: Convergence failed at 101  side 2    Res =  0.1499E-04
 MRCHDU: Convergence failed at 102  side 2    Res =  0.3746E-04
 Side 1  free  transition at x/c =  0.0488   10
 Side 2  free  transition at x/c =  0.0165   11

  24   rms: 0.8948E+03   max: -.1376E+05   C at   83  2   RLX: 0.000
       a = -3.000      CL = -0.6727
      Cm =  0.1696     CD =  4.08942   =>   CDf =  0.00393    CDp =  4.08548

 MRCHDU: Convergence failed at 100  side 2    Res =  0.1938E-01
 MRCHDU: Convergence failed at 101  side 2    Res =  0.1505E-04
 MRCHDU: Convergence failed at 102  side 2    Res =  0.3749E-04
 Side 1  free  transition at x/c =  0.0488   10
 Side 2  free  transition at x/c =  0.0165   11

  25   rms: 0.1132E+05   max: -.2185E+06   C at   83  2   RLX: 0.000
       a = -3.000      CL = -0.6727
      Cm =  0.1696     CD =  4.08383   =>   CDf =  0.00393    CDp =  4.07990

 MRCHDU: Convergence failed at 100  side 2    Res =  0.1923E-01
 MRCHDU: Convergence failed at 101  side 2    Res =  0.1508E-04
 MRCHDU: Convergence failed at 102  side 2    Res =  0.3750E-04
 Side 1  free  transition at x/c =  0.0488   10
 Side 2  free  transition at x/c =  0.0165   11

  26   rms: 0.2197E+04   max: 0.5035E+05   C at   83  2   RLX: 0.000
       a = -3.000      CL = -0.6727
      Cm =  0.1696     CD =  4.08194   =>   CDf =  0.00393    CDp =  4.07801

 MRCHDU: Convergence failed at 100  side 2    Res =  0.1981E-01
 MRCHDU: Convergence failed at 101  side 2    Res =  0.1500E-04
 MRCHDU: Convergence failed at 102  side 2    Res =  0.3748E-04
 Side 1  free  transition at x/c =  0.0488   10
 Side 2  free  transition at x/c =  0.0165   11

  27   rms: 0.7952E+03   max: -.1191E+05   C at   83  2   RLX: 0.000
       a = -3.000      CL = -0.6726
      Cm =  0.1696     CD =  4.08241   =>   CDf =  0.00393    CDp =  4.07847

 MRCHDU: Convergence failed at 100  side 2    Res =  0.1959E-01
 MRCHDU: Convergence failed at 101  side 2    Res =  0.1507E-04
 MRCHDU: Convergence failed at 102  side 2    Res =  0.3751E-04
 Side 1  free  transition at x/c =  0.0488   10
 Side 2  free  transition at x/c =  0.0165   11

  28   rms: 0.6256E+04   max: -.1181E+06   C at   83  2   RLX: 0.000
       a = -3.000      CL = -0.6726
      Cm =  0.1696     CD =  4.07617   =>   CDf =  0.00393    CDp =  4.07224

 MRCHDU: Convergence failed at 100  side 2    Res =  0.1944E-01
 MRCHDU: Convergence failed at 101  side 2    Res =  0.1510E-04
 MRCHDU: Convergence failed at 102  side 2    Res =  0.3752E-04
 Side 1  free  transition at x/c =  0.0488   10
 Side 2  free  transition at x/c =  0.0165   11

  29   rms: 0.2388E+04   max: 0.5392E+05   C at   83  2   RLX: 0.000
       a = -3.000      CL = -0.6726
      Cm =  0.1696     CD =  4.07413   =>   CDf =  0.00393    CDp =  4.07020

 MRCHDU: Convergence failed at 100  side 2    Res =  0.2002E-01
 MRCHDU: Convergence failed at 101  side 2    Res =  0.1502E-04
 MRCHDU: Convergence failed at 102  side 2    Res =  0.3750E-04
 Side 1  free  transition at x/c =  0.0488   10
 Side 2  free  transition at x/c =  0.0165   11

  30   rms: 0.7175E+03   max: -.1049E+05   C at   83  2   RLX: 0.000
       a = -3.000      CL = -0.6725
      Cm =  0.1696     CD =  4.07474   =>   CDf =  0.00393    CDp =  4.07081

 MRCHDU: Convergence failed at 100  side 2    Res =  0.1979E-01
 MRCHDU: Convergence failed at 101  side 2    Res =  0.1509E-04
 MRCHDU: Convergence failed at 102  side 2    Res =  0.3753E-04
 Side 1  free  transition at x/c =  0.0488   10
 Side 2  free  transition at x/c =  0.0165   11

  31   rms: 0.4356E+04   max: -.8044E+05   C at   83  2   RLX: 0.000
       a = -3.000      CL = -0.6725
      Cm =  0.1695     CD =  4.06783   =>   CDf =  0.00393    CDp =  4.06390

 MRCHDU: Convergence failed at 100  side 2    Res =  0.1963E-01
 MRCHDU: Convergence failed at 101  side 2    Res =  0.1513E-04
 MRCHDU: Convergence failed at 102  side 2    Res =  0.3754E-04
 Side 1  free  transition at x/c =  0.0488   10
 Side 2  free  transition at x/c =  0.0165   11

  32   rms: 0.2617E+04   max: 0.5823E+05   C at   83  2   RLX: 0.000
       a = -3.000      CL = -0.6725
      Cm =  0.1696     CD =  4.06562   =>   CDf =  0.00393    CDp =  4.06168

 MRCHDU: Convergence failed at 100  side 2    Res =  0.2022E-01
 MRCHDU: Convergence failed at 101  side 2    Res =  0.1504E-04
 MRCHDU: Convergence failed at 102  side 2    Res =  0.3752E-04
 Side 1  free  transition at x/c =  0.0488   10
 Side 2  free  transition at x/c =  0.0165   11

  33   rms: 0.6561E+03   max: -.9371E+04   C at   83  2   RLX: 0.000
       a = -3.000      CL = -0.6724
      Cm =  0.1695     CD =  4.06638   =>   CDf =  0.00393    CDp =  4.06244

 MRCHDU: Convergence failed at 100  side 2    Res =  0.1998E-01
 MRCHDU: Convergence failed at 101  side 2    Res =  0.1512E-04
 MRCHDU: Convergence failed at 102  side 2    Res =  0.3755E-04
 Side 1  free  transition at x/c =  0.0488   10
 Side 2  free  transition at x/c =  0.0165   11

  34   rms: 0.3375E+04   max: -.6102E+05   C at   83  2   RLX: 0.000
       a = -3.000      CL = -0.6724
      Cm =  0.1695     CD =  4.05875   =>   CDf =  0.00393    CDp =  4.05482

 MRCHDU: Convergence failed at 100  side 2    Res =  0.1981E-01
 MRCHDU: Convergence failed at 101  side 2    Res =  0.1516E-04
 MRCHDU: Convergence failed at 102  side 2    Res =  0.3757E-04
 Side 1  free  transition at x/c =  0.0488   10
 Side 2  free  transition at x/c =  0.0165   11

  35   rms: 0.2879E+04   max: 0.6311E+05   C at   83  2   RLX: 0.000
       a = -3.000      CL = -0.6724
      Cm =  0.1695     CD =  4.05636   =>   CDf =  0.00393    CDp =  4.05243

 MRCHDU: Convergence failed at 100  side 2    Res =  0.2040E-01
 MRCHDU: Convergence failed at 101  side 2    Res =  0.1506E-04
 MRCHDU: Convergence failed at 102  side 2    Res =  0.3754E-04
 Side 1  free  transition at x/c =  0.0488   10
 Side 2  free  transition at x/c =  0.0165   11

  36   rms: 0.6072E+03   max: -.8487E+04   C at   83  2   RLX: 0.000
       a = -3.000      CL = -0.6724
      Cm =  0.1695     CD =  4.05728   =>   CDf =  0.00393    CDp =  4.05335

 MRCHDU: Convergence failed at 100  side 2    Res =  0.2016E-01
 MRCHDU: Convergence failed at 101  side 2    Res =  0.1515E-04
 MRCHDU: Convergence failed at 102  side 2    Res =  0.3758E-04
 Side 1  free  transition at x/c =  0.0488   10
 Side 2  free  transition at x/c =  0.0165   11

  37   rms: 0.2807E+04   max: -.4974E+05   C at   83  2   RLX: 0.000
       a = -3.000      CL = -0.6723
      Cm =  0.1695     CD =  4.04890   =>   CDf =  0.00393    CDp =  4.04497

 MRCHDU: Convergence failed at 100  side 2    Res =  0.1999E-01
 MRCHDU: Convergence failed at 101  side 2    Res =  0.1520E-04
 MRCHDU: Convergence failed at 102  side 2    Res =  0.3760E-04
 Side 1  free  transition at x/c =  0.0488   10
 Side 2  free  transition at x/c =  0.0165   11

  38   rms: 0.3177E+04   max: 0.6864E+05   C at   83  2   RLX: 0.000
       a = -3.000      CL = -0.6724
      Cm =  0.1695     CD =  4.04633   =>   CDf =  0.00393    CDp =  4.04240

 MRCHDU: Convergence failed at 100  side 2    Res =  0.2058E-01
 MRCHDU: Convergence failed at 101  side 2    Res =  0.1510E-04
 MRCHDU: Convergence failed at 102  side 2    Res =  0.3757E-04
 Side 1  free  transition at x/c =  0.0488   10
 Side 2  free  transition at x/c =  0.0165   11

  39   rms: 0.5764E+03   max: -.7896E+04   C at   83  2   RLX: 0.000
       a = -3.000      CL = -0.6723
      Cm =  0.1695     CD =  4.04743   =>   CDf =  0.00393    CDp =  4.04350

 MRCHDU: Convergence failed at 100  side 2    Res =  0.2033E-01
 MRCHDU: Convergence failed at 101  side 2    Res =  0.1520E-04
 MRCHDU: Convergence failed at 102  side 2    Res =  0.3761E-04
 Side 1  free  transition at x/c =  0.0488   10
 Side 2  free  transition at x/c =  0.0165   11

  40   rms: 0.2445E+04   max: -.4249E+05   C at   83  2   RLX: 0.000
       a = -3.000      CL = -0.6723
      Cm =  0.1695     CD =  4.03828   =>   CDf =  0.00393    CDp =  4.03435

 MRCHDU: Convergence failed at 100  side 2    Res =  0.2016E-01
 MRCHDU: Convergence failed at 101  side 2    Res =  0.1524E-04
 MRCHDU: Convergence failed at 102  side 2    Res =  0.3763E-04
 Side 1  free  transition at x/c =  0.0488   10
 Side 2  free  transition at x/c =  0.0165   11

  41   rms: 0.3486E+04   max: 0.7427E+05   C at   83  2   RLX: 0.000
       a = -3.000      CL = -0.6723
      Cm =  0.1695     CD =  4.03551   =>   CDf =  0.00393    CDp =  4.03158

 MRCHDU: Convergence failed at 100  side 2    Res =  0.2074E-01
 MRCHDU: Convergence failed at 101  side 2    Res =  0.1514E-04
 MRCHDU: Convergence failed at 102  side 2    Res =  0.3760E-04
 Side 1  free  transition at x/c =  0.0488   10
 Side 2  free  transition at x/c =  0.0165   11

  42   rms: 0.5435E+03   max: -.7307E+04   C at   83  2   RLX: 0.000
       a = -3.000      CL = -0.6722
      Cm =  0.1695     CD =  4.03680   =>   CDf =  0.00393    CDp =  4.03286

 MRCHDU: Convergence failed at 100  side 2    Res =  0.2049E-01
 MRCHDU: Convergence failed at 101  side 2    Res =  0.1524E-04
 MRCHDU: Convergence failed at 102  side 2    Res =  0.3764E-04
 Side 1  free  transition at x/c =  0.0488   10
 Side 2  free  transition at x/c =  0.0165   11

  43   rms: 0.2214E+04   max: -.3779E+05   C at   83  2   RLX: 0.000
       a = -3.000      CL = -0.6722
      Cm =  0.1695     CD =  4.02685   =>   CDf =  0.00393    CDp =  4.02291

 MRCHDU: Convergence failed at 100  side 2    Res =  0.2031E-01
 MRCHDU: Convergence failed at 101  side 2    Res =  0.1529E-04
 MRCHDU: Convergence failed at 102  side 2    Res =  0.3766E-04
 Side 1  free  transition at x/c =  0.0488   10
 Side 2  free  transition at x/c =  0.0165   11

  44   rms: 0.3789E+04   max: 0.7963E+05   C at   83  2   RLX: 0.000
       a = -3.000      CL = -0.6722
      Cm =  0.1695     CD =  4.02387   =>   CDf =  0.00393    CDp =  4.01993

 MRCHDU: Convergence failed at 100  side 2    Res =  0.2090E-01
 MRCHDU: Convergence failed at 101  side 2    Res =  0.1519E-04
 MRCHDU: Convergence failed at 102  side 2    Res =  0.3763E-04
 Side 1  free  transition at x/c =  0.0488   10
 Side 2  free  transition at x/c =  0.0165   11

  45   rms: 0.5200E+03   max: -.6870E+04   C at   83  2   RLX: 0.000
       a = -3.000      CL = -0.6721
      Cm =  0.1694     CD =  4.02534   =>   CDf =  0.00393    CDp =  4.02141

 MRCHDU: Convergence failed at 100  side 2    Res =  0.2064E-01
 MRCHDU: Convergence failed at 101  side 2    Res =  0.1530E-04
 MRCHDU: Convergence failed at 102  side 2    Res =  0.3768E-04
 Side 1  free  transition at x/c =  0.0488   10
 Side 2  free  transition at x/c =  0.0165   11

  46   rms: 0.2066E+04   max: -.3466E+05   C at   83  2   RLX: 0.000
       a = -3.000      CL = -0.6721
      Cm =  0.1694     CD =  4.01454   =>   CDf =  0.00393    CDp =  4.01060

 MRCHDU: Convergence failed at 100  side 2    Res =  0.2046E-01
 MRCHDU: Convergence failed at 101  side 2    Res =  0.1535E-04
 MRCHDU: Convergence failed at 102  side 2    Res =  0.3770E-04
 Side 1  free  transition at x/c =  0.0488   10
 Side 2  free  transition at x/c =  0.0165   11

  47   rms: 0.4041E+04   max: 0.8380E+05   C at   83  2   RLX: 0.000
       a = -3.000      CL = -0.6721
      Cm =  0.1694     CD =  4.01134   =>   CDf =  0.00393    CDp =  4.00741

 MRCHDU: Convergence failed at 100  side 2    Res =  0.2104E-01
 MRCHDU: Convergence failed at 101  side 2    Res =  0.1524E-04
 MRCHDU: Convergence failed at 102  side 2    Res =  0.3767E-04
 Side 1  free  transition at x/c =  0.0488   10
 Side 2  free  transition at x/c =  0.0165   11

  48   rms: 0.5039E+03   max: -.6551E+04   C at   83  2   RLX: 0.000
       a = -3.000      CL = -0.6720
      Cm =  0.1694     CD =  4.01302   =>   CDf =  0.00393    CDp =  4.00909

 MRCHDU: Convergence failed at 100  side 2    Res =  0.2079E-01
 MRCHDU: Convergence failed at 101  side 2    Res =  0.1537E-04
 MRCHDU: Convergence failed at 102  side 2    Res =  0.3772E-04
 Side 1  free  transition at x/c =  0.0488   10
 Side 2  free  transition at x/c =  0.0165   11

  49   rms: 0.1993E+04   max: -.3289E+05   C at   83  2   RLX: 0.000
       a = -3.000      CL = -0.6720
      Cm =  0.1694     CD =  4.00131   =>   CDf =  0.00393    CDp =  3.99737

 MRCHDU: Convergence failed at 100  side 2    Res =  0.2059E-01
 MRCHDU: Convergence failed at 101  side 2    Res =  0.1542E-04
 MRCHDU: Convergence failed at 102  side 2    Res =  0.3774E-04
 Side 1  free  transition at x/c =  0.0488   10
 Side 2  free  transition at x/c =  0.0165   11

  50   rms: 0.4175E+04   max: 0.8549E+05   C at   83  2   RLX: 0.000
       a = -3.000      CL = -0.6720
      Cm =  0.1694     CD =  3.99788   =>   CDf =  0.00393    CDp =  3.99395

 MRCHDU: Convergence failed at 100  side 2    Res =  0.2117E-01
 MRCHDU: Convergence failed at 101  side 2    Res =  0.1531E-04
 MRCHDU: Convergence failed at 102  side 2    Res =  0.3771E-04
 Side 1  free  transition at x/c =  0.0488   10
 Side 2  free  transition at x/c =  0.0165   11

  51   rms: 0.4968E+03   max: -.6362E+04   C at   83  2   RLX: 0.000
       a = -3.000      CL = -0.6719
      Cm =  0.1694     CD =  3.99979   =>   CDf =  0.00393    CDp =  3.99586

 MRCHDU: Convergence failed at 100  side 2    Res =  0.2092E-01
 MRCHDU: Convergence failed at 101  side 2    Res =  0.1544E-04
 MRCHDU: Convergence failed at 102  side 2    Res =  0.3776E-04
 Side 1  free  transition at x/c =  0.0488   10
 Side 2  free  transition at x/c =  0.0165   11

  52   rms: 0.1999E+04   max: -.3249E+05   C at   83  2   RLX: 0.000
       a = -3.000      CL = -0.6719
      Cm =  0.1694     CD =  3.98709   =>   CDf =  0.00393    CDp =  3.98316

 MRCHDU: Convergence failed at 100  side 2    Res =  0.2072E-01
 MRCHDU: Convergence failed at 101  side 2    Res =  0.1550E-04
 MRCHDU: Convergence failed at 102  side 2    Res =  0.3778E-04
 Side 1  free  transition at x/c =  0.0488   10
 Side 2  free  transition at x/c =  0.0165   11

  53   rms: 0.4119E+04   max: 0.8332E+05   C at   83  2   RLX: 0.000
       a = -3.000      CL = -0.6719
      Cm =  0.1694     CD =  3.98341   =>   CDf =  0.00393    CDp =  3.97948

 MRCHDU: Convergence failed at 100  side 2    Res =  0.2129E-01
 MRCHDU: Convergence failed at 101  side 2    Res =  0.1538E-04
 MRCHDU: Convergence failed at 102  side 2    Res =  0.3775E-04
 Side 1  free  transition at x/c =  0.0488   10
 Side 2  free  transition at x/c =  0.0165   11

  54   rms: 0.4974E+03   max: -.6280E+04   C at   83  2   RLX: 0.000
       a = -3.000      CL = -0.6718
      Cm =  0.1694     CD =  3.98556   =>   CDf =  0.00393    CDp =  3.98163

 MRCHDU: Convergence failed at 100  side 2    Res =  0.2104E-01
 MRCHDU: Convergence failed at 101  side 2    Res =  0.1552E-04
 MRCHDU: Convergence failed at 102  side 2    Res =  0.3780E-04
 Side 1  free  transition at x/c =  0.0488   10
 Side 2  free  transition at x/c =  0.0165   11

  55   rms: 0.2110E+04   max: -.3381E+05   C at   83  2   RLX: 0.000
       a = -3.000      CL = -0.6717
      Cm =  0.1693     CD =  3.97181   =>   CDf =  0.00393    CDp =  3.96788

 MRCHDU: Convergence failed at 100  side 2    Res =  0.2084E-01
 MRCHDU: Convergence failed at 101  side 2    Res =  0.1558E-04
 MRCHDU: Convergence failed at 102  side 2    Res =  0.3783E-04
 Side 1  free  transition at x/c =  0.0488   10
 Side 2  free  transition at x/c =  0.0165   11

  56   rms: 0.3822E+04   max: 0.7640E+05   C at   83  2   RLX: 0.000
       a = -3.000      CL = -0.6718
      Cm =  0.1694     CD =  3.96786   =>   CDf =  0.00393    CDp =  3.96393

 MRCHDU: Convergence failed at 100  side 2    Res =  0.2140E-01
 MRCHDU: Convergence failed at 101  side 2    Res =  0.1546E-04
 MRCHDU: Convergence failed at 102  side 2    Res =  0.3779E-04
 Side 1  free  transition at x/c =  0.0488   10
 Side 2  free  transition at x/c =  0.0165   11

  57   rms: 0.5106E+03   max: -.6364E+04   C at   83  2   RLX: 0.000
       a = -3.000      CL = -0.6717
      Cm =  0.1693     CD =  3.97028   =>   CDf =  0.00393    CDp =  3.96635

 MRCHDU: Convergence failed at 100  side 2    Res =  0.2116E-01
 MRCHDU: Convergence failed at 101  side 2    Res =  0.1561E-04
 MRCHDU: Convergence failed at 102  side 2    Res =  0.3785E-04
 Side 1  free  transition at x/c =  0.0488   10
 Side 2  free  transition at x/c =  0.0165   11

  58   rms: 0.2431E+04   max: -.3841E+05   C at   83  2   RLX: 0.000
       a = -3.000      CL = -0.6716
      Cm =  0.1693     CD =  3.95534   =>   CDf =  0.00393    CDp =  3.95141

 MRCHDU: Convergence failed at 100  side 2    Res =  0.2096E-01
 MRCHDU: Convergence failed at 101  side 2    Res =  0.1568E-04
 MRCHDU: Convergence failed at 102  side 2    Res =  0.3788E-04
 Side 1  free  transition at x/c =  0.0488   10
 Side 2  free  transition at x/c =  0.0165   11

  59   rms: 0.3302E+04   max: 0.6529E+05   C at   83  2   RLX: 0.000
       a = -3.000      CL = -0.6717
      Cm =  0.1693     CD =  3.95109   =>   CDf =  0.00393    CDp =  3.94716

 MRCHDU: Convergence failed at 100  side 2    Res =  0.2151E-01
 MRCHDU: Convergence failed at 101  side 2    Res =  0.1555E-04
 MRCHDU: Convergence failed at 102  side 2    Res =  0.3784E-04
 Side 1  free  transition at x/c =  0.0488   10
 Side 2  free  transition at x/c =  0.0165   11

  60   rms: 0.5436E+03   max: -.6694E+04   C at   83  2   RLX: 0.000
       a = -3.000      CL = -0.6716
      Cm =  0.1693     CD =  3.95382   =>   CDf =  0.00393    CDp =  3.94989

 MRCHDU: Convergence failed at 100  side 2    Res =  0.2127E-01
 MRCHDU: Convergence failed at 101  side 2    Res =  0.1571E-04
 MRCHDU: Convergence failed at 102  side 2    Res =  0.3790E-04
 Side 1  free  transition at x/c =  0.0488   10
 Side 2  free  transition at x/c =  0.0165   11

  61   rms: 0.3374E+04   max: -.5265E+05   C at   83  2   RLX: 0.000
       a = -3.000      CL = -0.6715
      Cm =  0.1693     CD =  3.93756   =>   CDf =  0.00393    CDp =  3.93362

 MRCHDU: Convergence failed at 100  side 2    Res =  0.2107E-01
 MRCHDU: Convergence failed at 101  side 2    Res =  0.1579E-04
 MRCHDU: Convergence failed at 102  side 2    Res =  0.3793E-04
 Side 1  free  transition at x/c =  0.0488   10
 Side 2  free  transition at x/c =  0.0165   11

  62   rms: 0.2646E+04   max: 0.5176E+05   C at   83  2   RLX: 0.000
       a = -3.000      CL = -0.6715
      Cm =  0.1693     CD =  3.93295   =>   CDf =  0.00393    CDp =  3.92902

 MRCHDU: Convergence failed at 100  side 2    Res =  0.2161E-01
 MRCHDU: Convergence failed at 101  side 2    Res =  0.1565E-04
 MRCHDU: Convergence failed at 102  side 2    Res =  0.3789E-04
 Side 1  free  transition at x/c =  0.0488   10
 Side 2  free  transition at x/c =  0.0165   11

  63   rms: 0.6170E+03   max: -.7512E+04   C at   83  2   RLX: 0.000
       a = -3.000      CL = -0.6715
      Cm =  0.1693     CD =  3.93607   =>   CDf =  0.00393    CDp =  3.93214

 MRCHDU: Convergence failed at 100  side 2    Res =  0.2137E-01
 MRCHDU: Convergence failed at 101  side 2    Res =  0.1582E-04
 MRCHDU: Convergence failed at 102  side 2    Res =  0.3796E-04
 Side 1  free  transition at x/c =  0.0488   10
 Side 2  free  transition at x/c =  0.0165   11

  64   rms: 0.1021E+05   max: -.1574E+06   C at   83  2   RLX: 0.000
       a = -3.000      CL = -0.6715
      Cm =  0.1693     CD =  3.91823   =>   CDf =  0.00393    CDp =  3.91430

 MRCHDU: Convergence failed at 100  side 2    Res =  0.2117E-01
 MRCHDU: Convergence failed at 101  side 2    Res =  0.1591E-04
 MRCHDU: Convergence failed at 102  side 2    Res =  0.3799E-04
 Side 1  free  transition at x/c =  0.0488   10
 Side 2  free  transition at x/c =  0.0165   11

  65   rms: 0.1965E+04   max: 0.3805E+05   C at   83  2   RLX: 0.000
       a = -3.000      CL = -0.6714
      Cm =  0.1693     CD =  3.91320   =>   CDf =  0.00393    CDp =  3.90926

 MRCHDU: Convergence failed at 100  side 2    Res =  0.2170E-01
 MRCHDU: Convergence failed at 101  side 2    Res =  0.1576E-04
 MRCHDU: Convergence failed at 102  side 2    Res =  0.3794E-04
 Side 1  free  transition at x/c =  0.0488   10
 Side 2  free  transition at x/c =  0.0165   11

  66   rms: 0.8020E+03   max: -.9661E+04   C at   83  2   RLX: 0.000
       a = -3.000      CL = -0.6714
      Cm =  0.1693     CD =  3.91683   =>   CDf =  0.00393    CDp =  3.91290

 MRCHDU: Convergence failed at 100  side 2    Res =  0.2148E-01
 MRCHDU: Convergence failed at 101  side 2    Res =  0.1595E-04
 MRCHDU: Convergence failed at 102  side 2    Res =  0.3802E-04
 Side 1  free  transition at x/c =  0.0488   10
 Side 2  free  transition at x/c =  0.0165   11

  67   rms: 0.4041E+04   max: 0.6160E+05   C at   83  2   RLX: 0.000
       a = -3.000      CL = -0.6714
      Cm =  0.1693     CD =  3.90450   =>   CDf =  0.00393    CDp =  3.90056

 MRCHDU: Convergence failed at 100  side 2    Res =  0.2169E-01
 MRCHDU: Convergence failed at 101  side 2    Res =  0.1567E-04
 MRCHDU: Convergence failed at 102  side 2    Res =  0.3791E-04
 Side 1  free  transition at x/c =  0.0488   10
 Side 2  free  transition at x/c =  0.0165   11

  68   rms: 0.2493E+03   max: -.2475E+04   C at   83  2   RLX: 0.000
       a = -3.000      CL = -0.6712
      Cm =  0.1692     CD =  3.91572   =>   CDf =  0.00393    CDp =  3.91179

 MRCHDU: Convergence failed at 100  side 2    Res =  0.2161E-01
 MRCHDU: Convergence failed at 101  side 2    Res =  0.1612E-04
 MRCHDU: Convergence failed at 102  side 2    Res =  0.3809E-04
 Side 1  free  transition at x/c =  0.0488   10
 Side 2  free  transition at x/c =  0.0165   11

  69   rms: 0.8589E+03   max: 0.1039E+05   C at   83  2   RLX: 0.000
       a = -3.000      CL = -0.6711
      Cm =  0.1692     CD =  3.88782   =>   CDf =  0.00393    CDp =  3.88389

 MRCHDU: Convergence failed at 100  side 2    Res =  0.2092E-01
 MRCHDU: Convergence failed at 101  side 2    Res =  0.1547E-04
 MRCHDU: Convergence failed at 102  side 2    Res =  0.3781E-04
 Side 1  free  transition at x/c =  0.0488   10
 Side 2  free  transition at x/c =  0.0165   11

  70   rms: 0.8071E+02   max: -.7025E+03   C at   83  2   RLX: 0.001
       a = -3.000      CL = -0.6704
      Cm =  0.1690     CD =  3.92677   =>   CDf =  0.00393    CDp =  3.92284

 MRCHDU: Convergence failed at 100  side 2    Res =  0.2138E-01
 MRCHDU: Convergence failed at 101  side 2    Res =  0.1642E-04
 MRCHDU: Convergence failed at 102  side 2    Res =  0.3820E-04
 Side 1  free  transition at x/c =  0.0488   10
 Side 2  free  transition at x/c =  0.0165   11

  71   rms: 0.4959E+02   max: 0.4869E+03   C at   83  2   RLX: 0.003
       a = -3.000      CL = -0.6677
      Cm =  0.1684     CD =  3.90681   =>   CDf =  0.00393    CDp =  3.90287

 MRCHDU: Convergence failed at 100  side 2    Res =  0.1836E-01
 MRCHDU: Convergence failed at 101  side 2    Res =  0.1382E-04
 MRCHDU: Convergence failed at 102  side 2    Res =  0.3690E-04
 MRCHDU: Convergence failed at 106  side 2    Res =  0.2396E-03
 Side 1  free  transition at x/c =  0.0488   10
 Side 2  free  transition at x/c =  0.0165   11

  72   rms: 0.2252E+02   max: -.1823E+03   C at   83  2   RLX: 0.003
       a = -3.000      CL = -0.6651
      Cm =  0.1677     CD =  4.14780   =>   CDf =  0.00393    CDp =  4.14387

 MRCHDU: Convergence failed at 100  side 2    Res =  0.1982E-01
 MRCHDU: Convergence failed at 101  side 2    Res =  0.1545E-04
 MRCHDU: Convergence failed at 102  side 2    Res =  0.3763E-04
 Side 1  free  transition at x/c =  0.0488   10
 Side 2  free  transition at x/c =  0.0165   11

  73   rms: 0.1034E+03   max: -.9165E+03   C at   83  2   RLX: 0.001
       a = -3.000      CL = -0.6645
      Cm =  0.1675     CD =  3.94235   =>   CDf =  0.00393    CDp =  3.93843

 MRCHDU: Convergence failed at 100  side 2    Res =  0.2009E-01
 MRCHDU: Convergence failed at 101  side 2    Res =  0.1628E-04
 MRCHDU: Convergence failed at 102  side 2    Res =  0.3796E-04
 Side 1  free  transition at x/c =  0.0488   10
 Side 2  free  transition at x/c =  0.0165   11

  74   rms: 0.3919E+02   max: 0.3915E+03   C at   83  2   RLX: 0.004
       a = -3.000      CL = -0.6611
      Cm =  0.1667     CD =  3.94070   =>   CDf =  0.00393    CDp =  3.93677

 MRCHDU: Convergence failed at 100  side 2    Res =  0.1730E-01
 MRCHDU: Convergence failed at 101  side 2    Res =  0.1366E-04
 MRCHDU: Convergence failed at 102  side 2    Res =  0.3664E-04
 MRCHDU: Convergence failed at 106  side 2    Res =  0.3050E-03
 Side 1  free  transition at x/c =  0.0488   10
 Side 2  free  transition at x/c =  0.0165   11

  75   rms: 0.2455E+02   max: -.2012E+03   C at   83  2   RLX: 0.002
       a = -3.000      CL = -0.6587
      Cm =  0.1660     CD =  4.19980   =>   CDf =  0.00392    CDp =  4.19587

 MRCHDU: Convergence failed at 100  side 2    Res =  0.1834E-01
 MRCHDU: Convergence failed at 101  side 2    Res =  0.1503E-04
 MRCHDU: Convergence failed at 102  side 2    Res =  0.3726E-04
 Side 1  free  transition at x/c =  0.0488   10
 Side 2  free  transition at x/c =  0.0165   11

  76   rms: 0.8346E+02   max: -.7544E+03   C at   83  2   RLX: 0.001
       a = -3.000      CL = -0.6580
      Cm =  0.1659     CD =  4.02680   =>   CDf =  0.00392    CDp =  4.02287

 MRCHDU: Convergence failed at 100  side 2    Res =  0.1839E-01
 MRCHDU: Convergence failed at 101  side 2    Res =  0.1567E-04
 MRCHDU: Convergence failed at 102  side 2    Res =  0.3752E-04
 Side 1  free  transition at x/c =  0.0488   10
 Side 2  free  transition at x/c =  0.0165   11

  77   rms: 0.9111E+03   max: -.9683E+04   C at   83  2   RLX: 0.000
       a = -3.000      CL = -0.6579
      Cm =  0.1658     CD =  3.94924   =>   CDf =  0.00392    CDp =  3.94532

 MRCHDU: Convergence failed at 100  side 2    Res =  0.1820E-01
 MRCHDU: Convergence failed at 101  side 2    Res =  0.1599E-04
 MRCHDU: Convergence failed at 102  side 2    Res =  0.3765E-04
 Side 1  free  transition at x/c =  0.0488   10
 Side 2  free  transition at x/c =  0.0165   11

  78   rms: 0.3226E+03   max: 0.4246E+04   C at   83  2   RLX: 0.000
       a = -3.000      CL = -0.6577
      Cm =  0.1658     CD =  3.93053   =>   CDf =  0.00392    CDp =  3.92660

 MRCHDU: Convergence failed at 100  side 2    Res =  0.1804E-01
 MRCHDU: Convergence failed at 101  side 2    Res =  0.1547E-04
 MRCHDU: Convergence failed at 102  side 2    Res =  0.3743E-04
 Side 1  free  transition at x/c =  0.0488   10
 Side 2  free  transition at x/c =  0.0165   11

  79   rms: 0.1418E+03   max: -.1291E+04   C at   83  2   RLX: 0.000
       a = -3.000      CL = -0.6573
      Cm =  0.1657     CD =  3.96337   =>   CDf =  0.00392    CDp =  3.95944

 MRCHDU: Convergence failed at 100  side 2    Res =  0.1813E-01
 MRCHDU: Convergence failed at 101  side 2    Res =  0.1617E-04
 MRCHDU: Convergence failed at 102  side 2    Res =  0.3770E-04
 Side 1  free  transition at x/c =  0.0488   10
 Side 2  free  transition at x/c =  0.0165   11

  80   rms: 0.4434E+02   max: 0.4617E+03   C at   83  2   RLX: 0.003
       a = -3.000      CL = -0.6544
      Cm =  0.1650     CD =  3.96158   =>   CDf =  0.00392    CDp =  3.95766

 MRCHDU: Convergence failed at 100  side 2    Res =  0.1594E-01
 MRCHDU: Convergence failed at 101  side 2    Res =  0.1408E-04
 MRCHDU: Convergence failed at 102  side 2    Res =  0.3668E-04
 Side 1  free  transition at x/c =  0.0488   10
 Side 2  free  transition at x/c =  0.0165   11

  81   rms: 0.3022E+02   max: -.2519E+03   C at   83  2   RLX: 0.002
       a = -3.000      CL = -0.6526
      Cm =  0.1645     CD =  4.16740   =>   CDf =  0.00392    CDp =  4.16348

 MRCHDU: Convergence failed at 100  side 2    Res =  0.1660E-01
 MRCHDU: Convergence failed at 101  side 2    Res =  0.1523E-04
 MRCHDU: Convergence failed at 102  side 2    Res =  0.3718E-04
 Side 1  free  transition at x/c =  0.0488   10
 Side 2  free  transition at x/c =  0.0165   11

  82   rms: 0.1183E+03   max: -.1097E+04   C at   83  2   RLX: 0.000
       a = -3.000      CL = -0.6521
      Cm =  0.1643     CD =  4.02395   =>   CDf =  0.00392    CDp =  4.02003

 MRCHDU: Convergence failed at 100  side 2    Res =  0.1654E-01
 MRCHDU: Convergence failed at 101  side 2    Res =  0.1578E-04
 MRCHDU: Convergence failed at 102  side 2    Res =  0.3740E-04
 Side 1  free  transition at x/c =  0.0488   10
 Side 2  free  transition at x/c =  0.0165   11

  83   rms: 0.1819E+04   max: 0.2004E+05   C at   83  2   RLX: 0.000
       a = -3.000      CL = -0.6521
      Cm =  0.1643     CD =  3.99024   =>   CDf =  0.00392    CDp =  3.98631

 MRCHDU: Convergence failed at 100  side 2    Res =  0.1551E-01
 MRCHDU: Convergence failed at 101  side 2    Res =  0.1497E-04
 MRCHDU: Convergence failed at 102  side 2    Res =  0.3704E-04
 Side 1  free  transition at x/c =  0.0488   10
 Side 2  free  transition at x/c =  0.0165   11

  84   rms: 0.4352E+02   max: -.3627E+03   C at   83  2   RLX: 0.001
       a = -3.000      CL = -0.6508
      Cm =  0.1640     CD =  4.04027   =>   CDf =  0.00392    CDp =  4.03635

 MRCHDU: Convergence failed at 100  side 2    Res =  0.1612E-01
 MRCHDU: Convergence failed at 101  side 2    Res =  0.1615E-04
 MRCHDU: Convergence failed at 102  side 2    Res =  0.3751E-04
 Side 1  free  transition at x/c =  0.0488   10
 Side 2  free  transition at x/c =  0.0165   11

  85   rms: 0.1426E+02   max: 0.1170E+03   C at   83  2   RLX: 0.013
       a = -3.000      CL = -0.6396
      Cm =  0.1613     CD =  4.16158   =>   CDf =  0.00392    CDp =  4.15766

 MRCHDU: Convergence failed at 100  side 2    Res =  0.1022E-01
 MRCHDU: Convergence failed at 101  side 2    Res =  0.9835E-05
 MRCHDU: Convergence failed at 102  side 2    Res =  0.3340E-04
 MRCHDU: Convergence failed at 105  side 2    Res =  0.5689E-03
 MRCHDU: Convergence failed at 106  side 2    Res =  0.1779E-02
 Side 1  free  transition at x/c =  0.0488   10
 Side 2  free  transition at x/c =  0.0165   11

  86   rms: 0.1190E+02   max: -.9297E+02   C at   83  2   RLX: 0.005
       a = -3.000      CL = -0.6346
      Cm =  0.1600     CD =  5.06177   =>   CDf =  0.00391    CDp =  5.05786

 MRCHDU: Convergence failed at 100  side 2    Res =  0.1199E-01
 MRCHDU: Convergence failed at 101  side 2    Res =  0.1136E-04
 MRCHDU: Convergence failed at 102  side 2    Res =  0.3433E-04
 MRCHDU: Convergence failed at 106  side 2    Res =  0.1716E-02
 Side 1  free  transition at x/c =  0.0488   10
 Side 2  free  transition at x/c =  0.0165   11

  87   rms: 0.3452E+02   max: -.2911E+03   C at   83  2   RLX: 0.002
       a = -3.000      CL = -0.6330
      Cm =  0.1595     CD =  4.78490   =>   CDf =  0.00391    CDp =  4.78099

 MRCHDU: Convergence failed at 100  side 2    Res =  0.1216E-01
 MRCHDU: Convergence failed at 101  side 2    Res =  0.1202E-04
 MRCHDU: Convergence failed at 102  side 2    Res =  0.3469E-04
 MRCHDU: Convergence failed at 106  side 2    Res =  0.1313E-02
 Side 1  free  transition at x/c =  0.0488   10
 Side 2  free  transition at x/c =  0.0165   11

  88   rms: 0.8843E+02   max: -.8512E+03   C at   83  2   RLX: 0.001
       a = -3.000      CL = -0.6324
      Cm =  0.1593     CD =  4.67896   =>   CDf =  0.00391    CDp =  4.67505

 MRCHDU: Convergence failed at 100  side 2    Res =  0.1189E-01
 MRCHDU: Convergence failed at 101  side 2    Res =  0.1227E-04
 MRCHDU: Convergence failed at 102  side 2    Res =  0.3482E-04
 MRCHDU: Convergence failed at 106  side 2    Res =  0.1130E-02
 Side 1  free  transition at x/c =  0.0488   10
 Side 2  free  transition at x/c =  0.0165   11

  89   rms: 0.2210E+03   max: -.2563E+04   C at   83  2   RLX: 0.000
       a = -3.000      CL = -0.6322
      Cm =  0.1593     CD =  4.64183   =>   CDf =  0.00391    CDp =  4.63793

 MRCHDU: Convergence failed at 100  side 2    Res =  0.1162E-01
 MRCHDU: Convergence failed at 101  side 2    Res =  0.1236E-04
 MRCHDU: Convergence failed at 102  side 2    Res =  0.3487E-04
 MRCHDU: Convergence failed at 106  side 2    Res =  0.1058E-02
 Side 1  free  transition at x/c =  0.0488   10
 Side 2  free  transition at x/c =  0.0165   11

  90   rms: 0.5887E+03   max: -.8591E+04   C at   83  2   RLX: 0.000
       a = -3.000      CL = -0.6322
      Cm =  0.1593     CD =  4.62875   =>   CDf =  0.00391    CDp =  4.62484

 MRCHDU: Convergence failed at 100  side 2    Res =  0.1143E-01
 MRCHDU: Convergence failed at 101  side 2    Res =  0.1239E-04
 MRCHDU: Convergence failed at 102  side 2    Res =  0.3489E-04
 MRCHDU: Convergence failed at 106  side 2    Res =  0.1031E-02
 Side 1  free  transition at x/c =  0.0488   10
 Side 2  free  transition at x/c =  0.0165   11

  91   rms: 0.2987E+04   max: -.5508E+05   C at   83  2   RLX: 0.000
       a = -3.000      CL = -0.6322
      Cm =  0.1593     CD =  4.62416   =>   CDf =  0.00391    CDp =  4.62025

 MRCHDU: Convergence failed at 100  side 2    Res =  0.1133E-01
 MRCHDU: Convergence failed at 101  side 2    Res =  0.1240E-04
 MRCHDU: Convergence failed at 102  side 2    Res =  0.3490E-04
 MRCHDU: Convergence failed at 106  side 2    Res =  0.1022E-02
 Side 1  free  transition at x/c =  0.0488   10
 Side 2  free  transition at x/c =  0.0165   11

  92   rms: 0.2614E+04   max: 0.5807E+05   C at   83  2   RLX: 0.000
       a = -3.000      CL = -0.6322
      Cm =  0.1593     CD =  4.62262   =>   CDf =  0.00391    CDp =  4.61872

 MRCHDU: Convergence failed at 100  side 2    Res =  0.1205E-01
 MRCHDU: Convergence failed at 101  side 2    Res =  0.1234E-04
 MRCHDU: Convergence failed at 102  side 2    Res =  0.3489E-04
 MRCHDU: Convergence failed at 106  side 2    Res =  0.1030E-02
 Side 1  free  transition at x/c =  0.0488   10
 Side 2  free  transition at x/c =  0.0165   11

  93   rms: 0.5298E+03   max: -.7554E+04   C at   83  2   RLX: 0.000
       a = -3.000      CL = -0.6321
      Cm =  0.1592     CD =  4.62104   =>   CDf =  0.00391    CDp =  4.61713

 MRCHDU: Convergence failed at 100  side 2    Res =  0.1185E-01
 MRCHDU: Convergence failed at 101  side 2    Res =  0.1237E-04
 MRCHDU: Convergence failed at 102  side 2    Res =  0.3491E-04
 MRCHDU: Convergence failed at 106  side 2    Res =  0.9995E-03
 Side 1  free  transition at x/c =  0.0488   10
 Side 2  free  transition at x/c =  0.0165   11

  94   rms: 0.2285E+04   max: -.4124E+05   C at   83  2   RLX: 0.000
       a = -3.000      CL = -0.6321
      Cm =  0.1592     CD =  4.61591   =>   CDf =  0.00391    CDp =  4.61201

 MRCHDU: Convergence failed at 100  side 2    Res =  0.1173E-01
 MRCHDU: Convergence failed at 101  side 2    Res =  0.1238E-04
 MRCHDU: Convergence failed at 102  side 2    Res =  0.3492E-04
 MRCHDU: Convergence failed at 106  side 2    Res =  0.9884E-03
 Side 1  free  transition at x/c =  0.0488   10
 Side 2  free  transition at x/c =  0.0165   11

  95   rms: 0.3053E+04   max: 0.6682E+05   C at   83  2   RLX: 0.000
       a = -3.000      CL = -0.6321
      Cm =  0.1592     CD =  4.61427   =>   CDf =  0.00391    CDp =  4.61036

 MRCHDU: Convergence failed at 100  side 2    Res =  0.1246E-01
 MRCHDU: Convergence failed at 101  side 2    Res =  0.1231E-04
 MRCHDU: Convergence failed at 102  side 2    Res =  0.3490E-04
 MRCHDU: Convergence failed at 106  side 2    Res =  0.9985E-03
 Side 1  free  transition at x/c =  0.0488   10
 Side 2  free  transition at x/c =  0.0165   11

  96   rms: 0.4801E+03   max: -.6697E+04   C at   83  2   RLX: 0.000
       a = -3.000      CL = -0.6320
      Cm =  0.1592     CD =  4.61275   =>   CDf =  0.00391    CDp =  4.60884

 MRCHDU: Convergence failed at 100  side 2    Res =  0.1225E-01
 MRCHDU: Convergence failed at 101  side 2    Res =  0.1235E-04
 MRCHDU: Convergence failed at 102  side 2    Res =  0.3492E-04
 MRCHDU: Convergence failed at 106  side 2    Res =  0.9638E-03
 Side 1  free  transition at x/c =  0.0488   10
 Side 2  free  transition at x/c =  0.0165   11

  97   rms: 0.1855E+04   max: -.3280E+05   C at   83  2   RLX: 0.000
       a = -3.000      CL = -0.6320
      Cm =  0.1592     CD =  4.60705   =>   CDf =  0.00391    CDp =  4.60315

 MRCHDU: Convergence failed at 100  side 2    Res =  0.1212E-01
 MRCHDU: Convergence failed at 101  side 2    Res =  0.1236E-04
 MRCHDU: Convergence failed at 102  side 2    Res =  0.3493E-04
 MRCHDU: Convergence failed at 106  side 2    Res =  0.9510E-03
 Side 1  free  transition at x/c =  0.0488   10
 Side 2  free  transition at x/c =  0.0165   11

  98   rms: 0.3669E+04   max: 0.7912E+05   C at   83  2   RLX: 0.000
       a = -3.000      CL = -0.6320
      Cm =  0.1592     CD =  4.60529   =>   CDf =  0.00391    CDp =  4.60138

 MRCHDU: Convergence failed at 100  side 2    Res =  0.1286E-01
 MRCHDU: Convergence failed at 101  side 2    Res =  0.1230E-04
 MRCHDU: Convergence failed at 102  side 2    Res =  0.3492E-04
 MRCHDU: Convergence failed at 106  side 2    Res =  0.9632E-03
 Side 1  free  transition at x/c =  0.0488   10
 Side 2  free  transition at x/c =  0.0165   11

  99   rms: 0.4396E+03   max: -.6009E+04   C at   83  2   RLX: 0.000
       a = -3.000      CL = -0.6319
      Cm =  0.1592     CD =  4.60385   =>   CDf =  0.00391    CDp =  4.59994

 MRCHDU: Convergence failed at 100  side 2    Res =  0.1263E-01
 MRCHDU: Convergence failed at 101  side 2    Res =  0.1234E-04
 MRCHDU: Convergence failed at 102  side 2    Res =  0.3494E-04
 MRCHDU: Convergence failed at 106  side 2    Res =  0.9239E-03
 Side 1  free  transition at x/c =  0.0488   10
 Side 2  free  transition at x/c =  0.0165   11

 100   rms: 0.1566E+04   max: -.2715E+05   C at   83  2   RLX: 0.000
       a = -3.000      CL = -0.6319
      Cm =  0.1592     CD =  4.59756   =>   CDf =  0.00391    CDp =  4.59365

 MRCHDU: Convergence failed at 100  side 2    Res =  0.1249E-01
 MRCHDU: Convergence failed at 101  side 2    Res =  0.1235E-04
 MRCHDU: Convergence failed at 102  side 2    Res =  0.3495E-04
 MRCHDU: Convergence failed at 106  side 2    Res =  0.9092E-03
 Side 1  free  transition at x/c =  0.0488   10
 Side 2  free  transition at x/c =  0.0165   11

 101   rms: 0.4584E+04   max: 0.9744E+05   C at   83  2   RLX: 0.000
       a = -3.000      CL = -0.6319
      Cm =  0.1592     CD =  4.59566   =>   CDf =  0.00391    CDp =  4.59176

 MRCHDU: Convergence failed at 100  side 2    Res =  0.1323E-01
 MRCHDU: Convergence failed at 101  side 2    Res =  0.1228E-04
 MRCHDU: Convergence failed at 102  side 2    Res =  0.3493E-04
 MRCHDU: Convergence failed at 106  side 2    Res =  0.9236E-03
 Side 1  free  transition at x/c =  0.0488   10
 Side 2  free  transition at x/c =  0.0165   11

 102   rms: 0.4059E+03   max: -.5444E+04   C at   83  2   RLX: 0.000
       a = -3.000      CL = -0.6318
      Cm =  0.1592     CD =  4.59432   =>   CDf =  0.00391    CDp =  4.59041

 MRCHDU: Convergence failed at 100  side 2    Res =  0.1299E-01
 MRCHDU: Convergence failed at 101  side 2    Res =  0.1234E-04
 MRCHDU: Convergence failed at 102  side 2    Res =  0.3496E-04
 MRCHDU: Convergence failed at 106  side 2    Res =  0.8793E-03
 Side 1  free  transition at x/c =  0.0488   10
 Side 2  free  transition at x/c =  0.0165   11

 103   rms: 0.1359E+04   max: -.2312E+05   C at   83  2   RLX: 0.000
       a = -3.000      CL = -0.6317
      Cm =  0.1592     CD =  4.58741   =>   CDf =  0.00391    CDp =  4.58350

 MRCHDU: Convergence failed at 100  side 2    Res =  0.1284E-01
 MRCHDU: Convergence failed at 101  side 2    Res =  0.1235E-04
 MRCHDU: Convergence failed at 102  side 2    Res =  0.3497E-04
 MRCHDU: Convergence failed at 106  side 2    Res =  0.8626E-03
 Side 1  free  transition at x/c =  0.0488   10
 Side 2  free  transition at x/c =  0.0165   11

 104   rms: 0.6067E+04   max: 0.1272E+06   C at   83  2   RLX: 0.000
       a = -3.000      CL = -0.6318
      Cm =  0.1592     CD =  4.58539   =>   CDf =  0.00391    CDp =  4.58148

 MRCHDU: Convergence failed at 100  side 2    Res =  0.1358E-01
 MRCHDU: Convergence failed at 101  side 2    Res =  0.1228E-04
 MRCHDU: Convergence failed at 102  side 2    Res =  0.3495E-04
 MRCHDU: Convergence failed at 106  side 2    Res =  0.8794E-03
 Side 1  free  transition at x/c =  0.0488   10
 Side 2  free  transition at x/c =  0.0165   11

 105   rms: 0.3774E+03   max: -.4974E+04   C at   83  2   RLX: 0.000
       a = -3.000      CL = -0.6317
      Cm =  0.1591     CD =  4.58415   =>   CDf =  0.00391    CDp =  4.58024

 MRCHDU: Convergence failed at 100  side 2    Res =  0.1333E-01
 MRCHDU: Convergence failed at 101  side 2    Res =  0.1234E-04
 MRCHDU: Convergence failed at 102  side 2    Res =  0.3498E-04
 MRCHDU: Convergence failed at 106  side 2    Res =  0.8296E-03
 Side 1  free  transition at x/c =  0.0488   10
 Side 2  free  transition at x/c =  0.0165   11

 106   rms: 0.1204E+04   max: -.2014E+05   C at   83  2   RLX: 0.000
       a = -3.000      CL = -0.6316
      Cm =  0.1591     CD =  4.57661   =>   CDf =  0.00391    CDp =  4.57270

 MRCHDU: Convergence failed at 100  side 2    Res =  0.1317E-01
 MRCHDU: Convergence failed at 101  side 2    Res =  0.1236E-04
 MRCHDU: Convergence failed at 102  side 2    Res =  0.3500E-04
 MRCHDU: Convergence failed at 106  side 2    Res =  0.8107E-03
 Side 1  free  transition at x/c =  0.0488   10
 Side 2  free  transition at x/c =  0.0165   11

 107   rms: 0.8864E+04   max: 0.1833E+06   C at   83  2   RLX: 0.000
       a = -3.000      CL = -0.6316
      Cm =  0.1591     CD =  4.57445   =>   CDf =  0.00391    CDp =  4.57054

 MRCHDU: Convergence failed at 100  side 2    Res =  0.1391E-01
 MRCHDU: Convergence failed at 101  side 2    Res =  0.1228E-04
 MRCHDU: Convergence failed at 102  side 2    Res =  0.3498E-04
 MRCHDU: Convergence failed at 106  side 2    Res =  0.8302E-03
 Side 1  free  transition at x/c =  0.0488   10
 Side 2  free  transition at x/c =  0.0165   11

 108   rms: 0.3532E+03   max: -.4579E+04   C at   83  2   RLX: 0.000
       a = -3.000      CL = -0.6315
      Cm =  0.1591     CD =  4.57332   =>   CDf =  0.00391    CDp =  4.56941

 MRCHDU: Convergence failed at 100  side 2    Res =  0.1365E-01
 MRCHDU: Convergence failed at 101  side 2    Res =  0.1234E-04
 MRCHDU: Convergence failed at 102  side 2    Res =  0.3501E-04
 MRCHDU: Convergence failed at 106  side 2    Res =  0.7744E-03
 Side 1  free  transition at x/c =  0.0488   10
 Side 2  free  transition at x/c =  0.0165   11

 109   rms: 0.1085E+04   max: -.1784E+05   C at   83  2   RLX: 0.000
       a = -3.000      CL = -0.6315
      Cm =  0.1591     CD =  4.56514   =>   CDf =  0.00391    CDp =  4.56123

 MRCHDU: Convergence failed at 100  side 2    Res =  0.1348E-01
 MRCHDU: Convergence failed at 101  side 2    Res =  0.1237E-04
 MRCHDU: Convergence failed at 102  side 2    Res =  0.3502E-04
 MRCHDU: Convergence failed at 106  side 2    Res =  0.7531E-03
 Side 1  free  transition at x/c =  0.0488   10
 Side 2  free  transition at x/c =  0.0165   11

 110   rms: 0.1599E+05   max: 0.3265E+06   C at   83  2   RLX: 0.000
       a = -3.000      CL = -0.6315
      Cm =  0.1591     CD =  4.56285   =>   CDf =  0.00391    CDp =  4.55894

 MRCHDU: Convergence failed at 100  side 2    Res =  0.1422E-01
 MRCHDU: Convergence failed at 101  side 2    Res =  0.1229E-04
 MRCHDU: Convergence failed at 102  side 2    Res =  0.3500E-04
 MRCHDU: Convergence failed at 106  side 2    Res =  0.7755E-03
 Side 1  free  transition at x/c =  0.0488   10
 Side 2  free  transition at x/c =  0.0165   11

 111   rms: 0.3325E+03   max: -.4246E+04   C at   83  2   RLX: 0.000
       a = -3.000      CL = -0.6314
      Cm =  0.1591     CD =  4.56183   =>   CDf =  0.00391    CDp =  4.55792

 MRCHDU: Convergence failed at 100  side 2    Res =  0.1395E-01
 MRCHDU: Convergence failed at 101  side 2    Res =  0.1236E-04
 MRCHDU: Convergence failed at 102  side 2    Res =  0.3503E-04
 MRCHDU: Convergence failed at 106  side 2    Res =  0.7131E-03
 Side 1  free  transition at x/c =  0.0488   10
 Side 2  free  transition at x/c =  0.0165   11

 112   rms: 0.9906E+03   max: -.1604E+05   C at   83  2   RLX: 0.000
       a = -3.000      CL = -0.6314
      Cm =  0.1591     CD =  4.55301   =>   CDf =  0.00391    CDp =  4.54910

 MRCHDU: Convergence failed at 100  side 2    Res =  0.1377E-01
 MRCHDU: Convergence failed at 101  side 2    Res =  0.1238E-04
 MRCHDU: Convergence failed at 102  side 2    Res =  0.3505E-04
 MRCHDU: Convergence failed at 106  side 2    Res =  0.6891E-03
 Side 1  free  transition at x/c =  0.0488   10
 Side 2  free  transition at x/c =  0.0165   11

 113   rms: 0.7144E+05   max: 0.1440E+07   C at   83  2   RLX: 0.000
       a = -3.000      CL = -0.6314
      Cm =  0.1591     CD =  4.55057   =>   CDf =  0.00391    CDp =  4.54667

 MRCHDU: Convergence failed at 100  side 2    Res =  0.1451E-01
 MRCHDU: Convergence failed at 101  side 2    Res =  0.1230E-04
 MRCHDU: Convergence failed at 102  side 2    Res =  0.3503E-04
 MRCHDU: Convergence failed at 106  side 2    Res =  0.7147E-03
 Side 1  free  transition at x/c =  0.0488   10
 Side 2  free  transition at x/c =  0.0165   11

 114   rms: 0.3146E+03   max: -.3962E+04   C at   83  2   RLX: 0.000
       a = -3.000      CL = -0.6313
      Cm =  0.1590     CD =  4.54967   =>   CDf =  0.00391    CDp =  4.54577

 MRCHDU: Convergence failed at 100  side 2    Res =  0.1423E-01
 MRCHDU: Convergence failed at 101  side 2    Res =  0.1238E-04
 MRCHDU: Convergence failed at 102  side 2    Res =  0.3506E-04
 MRCHDU: Convergence failed at 106  side 2    Res =  0.6451E-03
 Side 1  free  transition at x/c =  0.0488   10
 Side 2  free  transition at x/c =  0.0165   11

 115   rms: 0.9149E+03   max: -.1460E+05   C at   83  2   RLX: 0.000
       a = -3.000      CL = -0.6312
      Cm =  0.1590     CD =  4.54020   =>   CDf =  0.00391    CDp =  4.53629

 MRCHDU: Convergence failed at 100  side 2    Res =  0.1405E-01
 MRCHDU: Convergence failed at 101  side 2    Res =  0.1240E-04
 MRCHDU: Convergence failed at 102  side 2    Res =  0.3508E-04
 MRCHDU: Convergence failed at 106  side 2    Res =  0.6181E-03
 Side 1  free  transition at x/c =  0.0488   10
 Side 2  free  transition at x/c =  0.0165   11

 116   rms: 0.3097E+05   max: -.6168E+06   C at   83  2   RLX: 0.000
       a = -3.000      CL = -0.6312
      Cm =  0.1590     CD =  4.53673   =>   CDf =  0.00391    CDp =  4.53283

 MRCHDU: Convergence failed at 100  side 2    Res =  0.1394E-01
 MRCHDU: Convergence failed at 101  side 2    Res =  0.1241E-04
 MRCHDU: Convergence failed at 102  side 2    Res =  0.3508E-04
 MRCHDU: Convergence failed at 106  side 2    Res =  0.6078E-03
 Side 1  free  transition at x/c =  0.0488   10
 Side 2  free  transition at x/c =  0.0165   11

 117   rms: 0.1893E+04   max: 0.4424E+05   C at   83  2   RLX: 0.000
       a = -3.000      CL = -0.6312
      Cm =  0.1590     CD =  4.53542   =>   CDf =  0.00391    CDp =  4.53151

 MRCHDU: Convergence failed at 100  side 2    Res =  0.1459E-01
 MRCHDU: Convergence failed at 101  side 2    Res =  0.1235E-04
 MRCHDU: Convergence failed at 102  side 2    Res =  0.3507E-04
 MRCHDU: Convergence failed at 106  side 2    Res =  0.6180E-03
 Side 1  free  transition at x/c =  0.0488   10
 Side 2  free  transition at x/c =  0.0165   11

 118   rms: 0.7822E+03   max: -.1213E+05   C at   83  2   RLX: 0.000
       a = -3.000      CL = -0.6312
      Cm =  0.1590     CD =  4.53445   =>   CDf =  0.00391    CDp =  4.53054

 MRCHDU: Convergence failed at 100  side 2    Res =  0.1439E-01
 MRCHDU: Convergence failed at 101  side 2    Res =  0.1238E-04
 MRCHDU: Convergence failed at 102  side 2    Res =  0.3509E-04
 MRCHDU: Convergence failed at 106  side 2    Res =  0.5869E-03
 Side 1  free  transition at x/c =  0.0488   10
 Side 2  free  transition at x/c =  0.0165   11

 119   rms: 0.7661E+04   max: -.1490E+06   C at   83  2   RLX: 0.000
       a = -3.000      CL = -0.6311
      Cm =  0.1590     CD =  4.53049   =>   CDf =  0.00391    CDp =  4.52659

 MRCHDU: Convergence failed at 100  side 2    Res =  0.1427E-01
 MRCHDU: Convergence failed at 101  side 2    Res =  0.1239E-04
 MRCHDU: Convergence failed at 102  side 2    Res =  0.3510E-04
 MRCHDU: Convergence failed at 106  side 2    Res =  0.5748E-03
 Side 1  free  transition at x/c =  0.0488   10
 Side 2  free  transition at x/c =  0.0165   11

 120   rms: 0.2089E+04   max: 0.4808E+05   C at   83  2   RLX: 0.000
       a = -3.000      CL = -0.6311
      Cm =  0.1590     CD =  4.52908   =>   CDf =  0.00391    CDp =  4.52517

 MRCHDU: Convergence failed at 100  side 2    Res =  0.1494E-01
 MRCHDU: Convergence failed at 101  side 2    Res =  0.1233E-04
 MRCHDU: Convergence failed at 102  side 2    Res =  0.3508E-04
 MRCHDU: Convergence failed at 106  side 2    Res =  0.5872E-03
 Side 1  free  transition at x/c =  0.0488   10
 Side 2  free  transition at x/c =  0.0165   11

 121   rms: 0.6843E+03   max: -.1033E+05   C at   83  2   RLX: 0.000
       a = -3.000      CL = -0.6311
      Cm =  0.1590     CD =  4.52817   =>   CDf =  0.00391    CDp =  4.52426

 MRCHDU: Convergence failed at 100  side 2    Res =  0.1473E-01
 MRCHDU: Convergence failed at 101  side 2    Res =  0.1237E-04
 MRCHDU: Convergence failed at 102  side 2    Res =  0.3510E-04
 MRCHDU: Convergence failed at 106  side 2    Res =  0.5514E-03
 Side 1  free  transition at x/c =  0.0488   10
 Side 2  free  transition at x/c =  0.0165   11

 122   rms: 0.4359E+04   max: -.8281E+05   C at   83  2   RLX: 0.000
       a = -3.000      CL = -0.6311
      Cm =  0.1590     CD =  4.52369   =>   CDf =  0.00391    CDp =  4.51978

 MRCHDU: Convergence failed at 100  side 2    Res =  0.1460E-01
 MRCHDU: Convergence failed at 101  side 2    Res =  0.1238E-04
 MRCHDU: Convergence failed at 102  side 2    Res =  0.3511E-04
 MRCHDU: Convergence failed at 106  side 2    Res =  0.5374E-03
 Side 1  free  transition at x/c =  0.0488   10
 Side 2  free  transition at x/c =  0.0165   11

 123   rms: 0.2339E+04   max: 0.5304E+05   C at   83  2   RLX: 0.000
       a = -3.000      CL = -0.6311
      Cm =  0.1590     CD =  4.52217   =>   CDf =  0.00391    CDp =  4.51826

 MRCHDU: Convergence failed at 100  side 2    Res =  0.1527E-01
 MRCHDU: Convergence failed at 101  side 2    Res =  0.1232E-04
 MRCHDU: Convergence failed at 102  side 2    Res =  0.3509E-04
 MRCHDU: Convergence failed at 106  side 2    Res =  0.5522E-03
 Side 1  free  transition at x/c =  0.0488   10
 Side 2  free  transition at x/c =  0.0165   11

 124   rms: 0.6079E+03   max: -.8945E+04   C at   83  2   RLX: 0.000
       a = -3.000      CL = -0.6310
      Cm =  0.1590     CD =  4.52132   =>   CDf =  0.00391    CDp =  4.51741

 MRCHDU: Convergence failed at 100  side 2    Res =  0.1505E-01
 MRCHDU: Convergence failed at 101  side 2    Res =  0.1236E-04
 MRCHDU: Convergence failed at 102  side 2    Res =  0.3511E-04
 MRCHDU: Convergence failed at 106  side 2    Res =  0.5111E-03
 Side 1  free  transition at x/c =  0.0488   10
 Side 2  free  transition at x/c =  0.0165   11

 125   rms: 0.3051E+04   max: -.5667E+05   C at   83  2   RLX: 0.000
       a = -3.000      CL = -0.6310
      Cm =  0.1590     CD =  4.51630   =>   CDf =  0.00391    CDp =  4.51239

 MRCHDU: Convergence failed at 100  side 2    Res =  0.1491E-01
 MRCHDU: Convergence failed at 101  side 2    Res =  0.1237E-04
 MRCHDU: Convergence failed at 102  side 2    Res =  0.3512E-04
 MRCHDU: Convergence failed at 106  side 2    Res =  0.4950E-03
 Side 1  free  transition at x/c =  0.0488   10
 Side 2  free  transition at x/c =  0.0165   11

 126   rms: 0.2663E+04   max: 0.5946E+05   C at   83  2   RLX: 0.000
       a = -3.000      CL = -0.6310
      Cm =  0.1590     CD =  4.51466   =>   CDf =  0.00391    CDp =  4.51075

 MRCHDU: Convergence failed at 100  side 2    Res =  0.1559E-01
 MRCHDU: Convergence failed at 101  side 2    Res =  0.1231E-04
 MRCHDU: Convergence failed at 102  side 2    Res =  0.3511E-04
 MRCHDU: Convergence failed at 106  side 2    Res =  0.5124E-03
 Side 1  free  transition at x/c =  0.0488   10
 Side 2  free  transition at x/c =  0.0165   11

 127   rms: 0.5463E+03   max: -.7849E+04   C at   83  2   RLX: 0.000
       a = -3.000      CL = -0.6309
      Cm =  0.1589     CD =  4.51388   =>   CDf =  0.00391    CDp =  4.50997

 MRCHDU: Convergence failed at 100  side 2    Res =  0.1536E-01
 MRCHDU: Convergence failed at 101  side 2    Res =  0.1235E-04
 MRCHDU: Convergence failed at 102  side 2    Res =  0.3513E-04
 MRCHDU: Convergence failed at 106  side 2    Res =  0.4657E-03
 Side 1  free  transition at x/c =  0.0488   10
 Side 2  free  transition at x/c =  0.0165   11

 128   rms: 0.2353E+04   max: -.4276E+05   C at   83  2   RLX: 0.000
       a = -3.000      CL = -0.6309
      Cm =  0.1589     CD =  4.50829   =>   CDf =  0.00391    CDp =  4.50438

 MRCHDU: Convergence failed at 100  side 2    Res =  0.1521E-01
 MRCHDU: Convergence failed at 101  side 2    Res =  0.1237E-04
 MRCHDU: Convergence failed at 102  side 2    Res =  0.3514E-04
 MRCHDU: Convergence failed at 106  side 2    Res =  0.4472E-03
 Side 1  free  transition at x/c =  0.0488   10
 Side 2  free  transition at x/c =  0.0165   11

 129   rms: 0.3084E+04   max: 0.6783E+05   C at   83  2   RLX: 0.000
       a = -3.000      CL = -0.6309
      Cm =  0.1589     CD =  4.50652   =>   CDf =  0.00391    CDp =  4.50261

 MRCHDU: Convergence failed at 100  side 2    Res =  0.1590E-01
 MRCHDU: Convergence failed at 101  side 2    Res =  0.1230E-04
 MRCHDU: Convergence failed at 102  side 2    Res =  0.3512E-04
 MRCHDU: Convergence failed at 106  side 2    Res =  0.4675E-03
 Side 1  free  transition at x/c =  0.0488   10
 Side 2  free  transition at x/c =  0.0165   11

 130   rms: 0.4968E+03   max: -.6980E+04   C at   83  2   RLX: 0.000
       a = -3.000      CL = -0.6308
      Cm =  0.1589     CD =  4.50582   =>   CDf =  0.00391    CDp =  4.50191

 MRCHDU: Convergence failed at 100  side 2    Res =  0.1565E-01
 MRCHDU: Convergence failed at 101  side 2    Res =  0.1235E-04
 MRCHDU: Convergence failed at 102  side 2    Res =  0.3515E-04
 MRCHDU: Convergence failed at 106  side 2    Res =  0.4144E-03
 Side 1  free  transition at x/c =  0.0488   10
 Side 2  free  transition at x/c =  0.0165   11

 131   rms: 0.1921E+04   max: -.3419E+05   C at   83  2   RLX: 0.000
       a = -3.000      CL = -0.6308
      Cm =  0.1589     CD =  4.49963   =>   CDf =  0.00391    CDp =  4.49572

 MRCHDU: Convergence failed at 100  side 2    Res =  0.1549E-01
 MRCHDU: Convergence failed at 101  side 2    Res =  0.1237E-04
 MRCHDU: Convergence failed at 102  side 2    Res =  0.3516E-04
 MRCHDU: Convergence failed at 106  side 2    Res =  0.3933E-03
 Side 1  free  transition at x/c =  0.0488   10
 Side 2  free  transition at x/c =  0.0165   11

 132   rms: 0.3669E+04   max: 0.7953E+05   C at   83  2   RLX: 0.000
       a = -3.000      CL = -0.6308
      Cm =  0.1589     CD =  4.49773   =>   CDf =  0.00391    CDp =  4.49383

 MRCHDU: Convergence failed at 100  side 2    Res =  0.1619E-01
 MRCHDU: Convergence failed at 101  side 2    Res =  0.1230E-04
 MRCHDU: Convergence failed at 102  side 2    Res =  0.3514E-04
 MRCHDU: Convergence failed at 106  side 2    Res =  0.4168E-03
 Side 1  free  transition at x/c =  0.0488   10
 Side 2  free  transition at x/c =  0.0165   11

 133   rms: 0.4560E+03   max: -.6274E+04   C at   83  2   RLX: 0.000
       a = -3.000      CL = -0.6307
      Cm =  0.1589     CD =  4.49713   =>   CDf =  0.00391    CDp =  4.49322

 MRCHDU: Convergence failed at 100  side 2    Res =  0.1593E-01
 MRCHDU: Convergence failed at 101  side 2    Res =  0.1236E-04
 MRCHDU: Convergence failed at 102  side 2    Res =  0.3517E-04
 MRCHDU: Convergence failed at 106  side 2    Res =  0.3567E-03
 Side 1  free  transition at x/c =  0.0488   10
 Side 2  free  transition at x/c =  0.0165   11

 134   rms: 0.1624E+04   max: -.2834E+05   C at   83  2   RLX: 0.000
       a = -3.000      CL = -0.6307
      Cm =  0.1589     CD =  4.49032   =>   CDf =  0.00391    CDp =  4.48641

 MRCHDU: Convergence failed at 100  side 2    Res =  0.1576E-01
 MRCHDU: Convergence failed at 101  side 2    Res =  0.1238E-04
 MRCHDU: Convergence failed at 102  side 2    Res =  0.3518E-04
 MRCHDU: Convergence failed at 106  side 2    Res =  0.3327E-03
 Side 1  free  transition at x/c =  0.0488   10
 Side 2  free  transition at x/c =  0.0165   11

 135   rms: 0.4503E+04   max: 0.9617E+05   C at   83  2   RLX: 0.000
       a = -3.000      CL = -0.6307
      Cm =  0.1589     CD =  4.48827   =>   CDf =  0.00391    CDp =  4.48437

 MRCHDU: Convergence failed at 100  side 2    Res =  0.1646E-01
 MRCHDU: Convergence failed at 101  side 2    Res =  0.1230E-04
 MRCHDU: Convergence failed at 102  side 2    Res =  0.3516E-04
 MRCHDU: Convergence failed at 106  side 2    Res =  0.3597E-03
 Side 1  free  transition at x/c =  0.0488   10
 Side 2  free  transition at x/c =  0.0165   11

 136   rms: 0.4219E+03   max: -.5694E+04   C at   83  2   RLX: 0.000
       a = -3.000      CL = -0.6306
      Cm =  0.1589     CD =  4.48777   =>   CDf =  0.00391    CDp =  4.48386

 MRCHDU: Convergence failed at 100  side 2    Res =  0.1619E-01
 MRCHDU: Convergence failed at 101  side 2    Res =  0.1237E-04
 MRCHDU: Convergence failed at 102  side 2    Res =  0.3519E-04
 MRCHDU: Convergence failed at 106  side 2    Res =  0.2919E-03
 Side 1  free  transition at x/c =  0.0488   10
 Side 2  free  transition at x/c =  0.0165   11

 137   rms: 0.1412E+04   max: -.2418E+05   C at   83  2   RLX: 0.000
       a = -3.000      CL = -0.6306
      Cm =  0.1589     CD =  4.48032   =>   CDf =  0.00391    CDp =  4.47641

 MRCHDU: Convergence failed at 100  side 2    Res =  0.1602E-01
 MRCHDU: Convergence failed at 101  side 2    Res =  0.1239E-04
 MRCHDU: Convergence failed at 102  side 2    Res =  0.3520E-04
 MRCHDU: Convergence failed at 106  side 2    Res =  0.2645E-03
 Side 1  free  transition at x/c =  0.0488   10
 Side 2  free  transition at x/c =  0.0165   11

 138   rms: 0.5799E+04   max: 0.1221E+06   C at   83  2   RLX: 0.000
       a = -3.000      CL = -0.6306
      Cm =  0.1589     CD =  4.47813   =>   CDf =  0.00391    CDp =  4.47422

 MRCHDU: Convergence failed at 100  side 2    Res =  0.1672E-01
 MRCHDU: Convergence failed at 101  side 2    Res =  0.1231E-04
 MRCHDU: Convergence failed at 102  side 2    Res =  0.3518E-04
 MRCHDU: Convergence failed at 106  side 2    Res =  0.2955E-03
 Side 1  free  transition at x/c =  0.0488   10
 Side 2  free  transition at x/c =  0.0165   11

 139   rms: 0.3912E+03   max: -.5185E+04   C at   83  2   RLX: 0.000
       a = -3.000      CL = -0.6305
      Cm =  0.1588     CD =  4.47772   =>   CDf =  0.00391    CDp =  4.47381

 MRCHDU: Convergence failed at 100  side 2    Res =  0.1644E-01
 MRCHDU: Convergence failed at 101  side 2    Res =  0.1239E-04
 MRCHDU: Convergence failed at 102  side 2    Res =  0.3521E-04
 MRCHDU: Convergence failed at 106  side 2    Res =  0.2183E-03
 Side 1  free  transition at x/c =  0.0488   10
 Side 2  free  transition at x/c =  0.0165   11

 140   rms: 0.1257E+04   max: -.2115E+05   C at   83  2   RLX: 0.000
       a = -3.000      CL = -0.6305
      Cm =  0.1588     CD =  4.46953   =>   CDf =  0.00391    CDp =  4.46562

 MRCHDU: Convergence failed at 100  side 2    Res =  0.1626E-01
 MRCHDU: Convergence failed at 101  side 2    Res =  0.1241E-04
 MRCHDU: Convergence failed at 102  side 2    Res =  0.3523E-04
 MRCHDU: Convergence failed at 106  side 2    Res =  0.1874E-03
 Side 1  free  transition at x/c =  0.0488   10
 Side 2  free  transition at x/c =  0.0165   11

 141   rms: 0.8022E+04   max: 0.1667E+06   C at   83  2   RLX: 0.000
       a = -3.000      CL = -0.6305
      Cm =  0.1588     CD =  4.46719   =>   CDf =  0.00391    CDp =  4.46328

 MRCHDU: Convergence failed at 100  side 2    Res =  0.1696E-01
 MRCHDU: Convergence failed at 101  side 2    Res =  0.1233E-04
 MRCHDU: Convergence failed at 102  side 2    Res =  0.3520E-04
 MRCHDU: Convergence failed at 106  side 2    Res =  0.2228E-03
 Side 1  free  transition at x/c =  0.0488   10
 Side 2  free  transition at x/c =  0.0165   11

 142   rms: 0.3672E+03   max: -.4786E+04   C at   83  2   RLX: 0.000
       a = -3.000      CL = -0.6304
      Cm =  0.1588     CD =  4.46690   =>   CDf =  0.00391    CDp =  4.46299

 MRCHDU: Convergence failed at 100  side 2    Res =  0.1668E-01
 MRCHDU: Convergence failed at 101  side 2    Res =  0.1241E-04
 MRCHDU: Convergence failed at 102  side 2    Res =  0.3524E-04
 MRCHDU: Convergence failed at 106  side 2    Res =  0.1358E-03
 Side 1  free  transition at x/c =  0.0488   10
 Side 2  free  transition at x/c =  0.0165   11

 143   rms: 0.1139E+04   max: -.1883E+05   C at   83  2   RLX: 0.000
       a = -3.000      CL = -0.6304
      Cm =  0.1588     CD =  4.45803   =>   CDf =  0.00391    CDp =  4.45412

 MRCHDU: Convergence failed at 100  side 2    Res =  0.1648E-01
 MRCHDU: Convergence failed at 101  side 2    Res =  0.1244E-04
 MRCHDU: Convergence failed at 102  side 2    Res =  0.3525E-04
 MRCHDU: Convergence failed at 106  side 2    Res =  0.1008E-03
 Side 1  free  transition at x/c =  0.0488   10
 Side 2  free  transition at x/c =  0.0165   11

 144   rms: 0.1263E+05   max: 0.2589E+06   C at   83  2   RLX: 0.000
       a = -3.000      CL = -0.6304
      Cm =  0.1588     CD =  4.45554   =>   CDf =  0.00391    CDp =  4.45163

 MRCHDU: Convergence failed at 100  side 2    Res =  0.1718E-01
 MRCHDU: Convergence failed at 101  side 2    Res =  0.1235E-04
 MRCHDU: Convergence failed at 102  side 2    Res =  0.3523E-04
 MRCHDU: Convergence failed at 106  side 2    Res =  0.1412E-03
 Side 1  free  transition at x/c =  0.0488   10
 Side 2  free  transition at x/c =  0.0165   11

 145   rms: 0.3468E+03   max: -.4450E+04   C at   83  2   RLX: 0.000
       a = -3.000      CL = -0.6303
      Cm =  0.1588     CD =  4.45537   =>   CDf =  0.00391    CDp =  4.45147

 MRCHDU: Convergence failed at 100  side 2    Res =  0.1689E-01
 MRCHDU: Convergence failed at 101  side 2    Res =  0.1244E-04
 MRCHDU: Convergence failed at 102  side 2    Res =  0.3527E-04
 MRCHDU: Convergence failed at 106  side 2    Res =  0.4319E-04
 Side 1  free  transition at x/c =  0.0488   10
 Side 2  free  transition at x/c =  0.0165   11

 146   rms: 0.1043E+04   max: -.1697E+05   C at   83  2   RLX: 0.000
       a = -3.000      CL = -0.6302
      Cm =  0.1588     CD =  4.44582   =>   CDf =  0.00391    CDp =  4.44191

 MRCHDU: Convergence failed at 100  side 2    Res =  0.1670E-01
 MRCHDU: Convergence failed at 101  side 2    Res =  0.1247E-04
 MRCHDU: Convergence failed at 102  side 2    Res =  0.3528E-04
 Side 1  free  transition at x/c =  0.0488   10
 Side 2  free  transition at x/c =  0.0165   11

 147   rms: 0.2758E+05   max: 0.5584E+06   C at   83  2   RLX: 0.000
       a = -3.000      CL = -0.6303
      Cm =  0.1588     CD =  4.44318   =>   CDf =  0.00391    CDp =  4.43927

 MRCHDU: Convergence failed at 100  side 2    Res =  0.1739E-01
 MRCHDU: Convergence failed at 101  side 2    Res =  0.1238E-04
 MRCHDU: Convergence failed at 102  side 2    Res =  0.3526E-04
 MRCHDU: Convergence failed at 106  side 2    Res =  0.4959E-04
 Side 1  free  transition at x/c =  0.0488   10
 Side 2  free  transition at x/c =  0.0165   11

 148   rms: 0.3295E+03   max: -.4168E+04   C at   83  2   RLX: 0.000
       a = -3.000      CL = -0.6301
      Cm =  0.1587     CD =  4.44314   =>   CDf =  0.00391    CDp =  4.43924

 MRCHDU: Convergence failed at 100  side 2    Res =  0.1710E-01
 MRCHDU: Convergence failed at 101  side 2    Res =  0.1247E-04
 MRCHDU: Convergence failed at 102  side 2    Res =  0.3530E-04
 Side 1  free  transition at x/c =  0.0488   10
 Side 2  free  transition at x/c =  0.0165   11

 149   rms: 0.9698E+03   max: -.1555E+05   C at   83  2   RLX: 0.000
       a = -3.000      CL = -0.6301
      Cm =  0.1587     CD =  4.43289   =>   CDf =  0.00391    CDp =  4.42898

 MRCHDU: Convergence failed at 100  side 2    Res =  0.1690E-01
 MRCHDU: Convergence failed at 101  side 2    Res =  0.1251E-04
 MRCHDU: Convergence failed at 102  side 2    Res =  0.3531E-04
 Side 1  free  transition at x/c =  0.0488   10
 Side 2  free  transition at x/c =  0.0165   11

 150   rms: 0.2900E+06   max: -.5799E+07   C at   83  2   RLX: 0.000
       a = -3.000      CL = -0.6301
      Cm =  0.1587     CD =  4.42898   =>   CDf =  0.00391    CDp =  4.42508

 MRCHDU: Convergence failed at 100  side 2    Res =  0.1677E-01
 MRCHDU: Convergence failed at 101  side 2    Res =  0.1252E-04
 MRCHDU: Convergence failed at 102  side 2    Res =  0.3532E-04
 Side 1  free  transition at x/c =  0.0488   10
 Side 2  free  transition at x/c =  0.0165   11

 151   rms: 0.1863E+04   max: 0.4365E+05   C at   83  2   RLX: 0.000
       a = -3.000      CL = -0.6301
      Cm =  0.1587     CD =  4.42756   =>   CDf =  0.00391    CDp =  4.42365

 MRCHDU: Convergence failed at 100  side 2    Res =  0.1738E-01
 MRCHDU: Convergence failed at 101  side 2    Res =  0.1246E-04
 MRCHDU: Convergence failed at 102  side 2    Res =  0.3531E-04
 Side 1  free  transition at x/c =  0.0488   10
 Side 2  free  transition at x/c =  0.0165   11

 152   rms: 0.8330E+03   max: -.1298E+05   C at   83  2   RLX: 0.000
       a = -3.000      CL = -0.6300
      Cm =  0.1587     CD =  4.42712   =>   CDf =  0.00391    CDp =  4.42321

 MRCHDU: Convergence failed at 100  side 2    Res =  0.1717E-01
 MRCHDU: Convergence failed at 101  side 2    Res =  0.1250E-04
 MRCHDU: Convergence failed at 102  side 2    Res =  0.3533E-04
 Side 1  free  transition at x/c =  0.0488   10
 Side 2  free  transition at x/c =  0.0165   11

 153   rms: 0.1053E+05   max: -.2056E+06   C at   83  2   RLX: 0.000
       a = -3.000      CL = -0.6300
      Cm =  0.1587     CD =  4.42268   =>   CDf =  0.00391    CDp =  4.41878

 MRCHDU: Convergence failed at 100  side 2    Res =  0.1703E-01
 MRCHDU: Convergence failed at 101  side 2    Res =  0.1252E-04
 MRCHDU: Convergence failed at 102  side 2    Res =  0.3533E-04
 Side 1  free  transition at x/c =  0.0488   10
 Side 2  free  transition at x/c =  0.0165   11

 154   rms: 0.2038E+04   max: 0.4703E+05   C at   83  2   RLX: 0.000
       a = -3.000      CL = -0.6300
      Cm =  0.1587     CD =  4.42114   =>   CDf =  0.00391    CDp =  4.41724

 MRCHDU: Convergence failed at 100  side 2    Res =  0.1766E-01
 MRCHDU: Convergence failed at 101  side 2    Res =  0.1245E-04
 MRCHDU: Convergence failed at 102  side 2    Res =  0.3532E-04
 Side 1  free  transition at x/c =  0.0488   10
 Side 2  free  transition at x/c =  0.0165   11

 155   rms: 0.7299E+03   max: -.1106E+05   C at   83  2   RLX: 0.000
       a = -3.000      CL = -0.6300
      Cm =  0.1587     CD =  4.42078   =>   CDf =  0.00391    CDp =  4.41687

 MRCHDU: Convergence failed at 100  side 2    Res =  0.1743E-01
 MRCHDU: Convergence failed at 101  side 2    Res =  0.1250E-04
 MRCHDU: Convergence failed at 102  side 2    Res =  0.3534E-04
 Side 1  free  transition at x/c =  0.0488   10
 Side 2  free  transition at x/c =  0.0165   11

 156   rms: 0.5404E+04   max: -.1030E+06   C at   83  2   RLX: 0.000
       a = -3.000      CL = -0.6300
      Cm =  0.1587     CD =  4.41579   =>   CDf =  0.00391    CDp =  4.41188

 MRCHDU: Convergence failed at 100  side 2    Res =  0.1729E-01
 MRCHDU: Convergence failed at 101  side 2    Res =  0.1252E-04
 MRCHDU: Convergence failed at 102  side 2    Res =  0.3535E-04
 Side 1  free  transition at x/c =  0.0488   10
 Side 2  free  transition at x/c =  0.0165   11

 157   rms: 0.2249E+04   max: 0.5112E+05   C at   83  2   RLX: 0.000
       a = -3.000      CL = -0.6300
      Cm =  0.1587     CD =  4.41412   =>   CDf =  0.00391    CDp =  4.41022

 MRCHDU: Convergence failed at 100  side 2    Res =  0.1792E-01
 MRCHDU: Convergence failed at 101  side 2    Res =  0.1245E-04
 MRCHDU: Convergence failed at 102  side 2    Res =  0.3533E-04
 Side 1  free  transition at x/c =  0.0488   10
 Side 2  free  transition at x/c =  0.0165   11

 158   rms: 0.6499E+03   max: -.9600E+04   C at   83  2   RLX: 0.000
       a = -3.000      CL = -0.6299
      Cm =  0.1587     CD =  4.41384   =>   CDf =  0.00391    CDp =  4.40993

 MRCHDU: Convergence failed at 100  side 2    Res =  0.1768E-01
 MRCHDU: Convergence failed at 101  side 2    Res =  0.1250E-04
 MRCHDU: Convergence failed at 102  side 2    Res =  0.3536E-04
 Side 1  free  transition at x/c =  0.0488   10
 Side 2  free  transition at x/c =  0.0165   11

 159   rms: 0.3661E+04   max: -.6825E+05   C at   83  2   RLX: 0.000
       a = -3.000      CL = -0.6299
      Cm =  0.1587     CD =  4.40826   =>   CDf =  0.00391    CDp =  4.40435

 MRCHDU: Convergence failed at 100  side 2    Res =  0.1753E-01
 MRCHDU: Convergence failed at 101  side 2    Res =  0.1252E-04
 MRCHDU: Convergence failed at 102  side 2    Res =  0.3537E-04
 Side 1  free  transition at x/c =  0.0488   10
 Side 2  free  transition at x/c =  0.0165   11

 160   rms: 0.2530E+04   max: 0.5664E+05   C at   83  2   RLX: 0.000
       a = -3.000      CL = -0.6299
      Cm =  0.1587     CD =  4.40646   =>   CDf =  0.00391    CDp =  4.40255

 MRCHDU: Convergence failed at 100  side 2    Res =  0.1817E-01
 MRCHDU: Convergence failed at 101  side 2    Res =  0.1245E-04
 MRCHDU: Convergence failed at 102  side 2    Res =  0.3535E-04
 Side 1  free  transition at x/c =  0.0488   10
 Side 2  free  transition at x/c =  0.0165   11

 161   rms: 0.5881E+03   max: -.8480E+04   C at   83  2   RLX: 0.000
       a = -3.000      CL = -0.6298
      Cm =  0.1587     CD =  4.40627   =>   CDf =  0.00391    CDp =  4.40236

 MRCHDU: Convergence failed at 100  side 2    Res =  0.1792E-01
 MRCHDU: Convergence failed at 101  side 2    Res =  0.1251E-04
 MRCHDU: Convergence failed at 102  side 2    Res =  0.3537E-04
 Side 1  free  transition at x/c =  0.0488   10
 Side 2  free  transition at x/c =  0.0165   11

 162   rms: 0.2767E+04   max: -.5047E+05   C at   83  2   RLX: 0.000
       a = -3.000      CL = -0.6298
      Cm =  0.1587     CD =  4.40004   =>   CDf =  0.00391    CDp =  4.39613

 MRCHDU: Convergence failed at 100  side 2    Res =  0.1776E-01
 MRCHDU: Convergence failed at 101  side 2    Res =  0.1253E-04
 MRCHDU: Convergence failed at 102  side 2    Res =  0.3538E-04
 Side 1  free  transition at x/c =  0.0488   10
 Side 2  free  transition at x/c =  0.0165   11

 163   rms: 0.2839E+04   max: 0.6260E+05   C at   83  2   RLX: 0.000
       a = -3.000      CL = -0.6298
      Cm =  0.1587     CD =  4.39810   =>   CDf =  0.00391    CDp =  4.39419

 MRCHDU: Convergence failed at 100  side 2    Res =  0.1841E-01
 MRCHDU: Convergence failed at 101  side 2    Res =  0.1245E-04
 MRCHDU: Convergence failed at 102  side 2    Res =  0.3536E-04
 Side 1  free  transition at x/c =  0.0488   10
 Side 2  free  transition at x/c =  0.0165   11

 164   rms: 0.5388E+03   max: -.7596E+04   C at   83  2   RLX: 0.000
       a = -3.000      CL = -0.6297
      Cm =  0.1586     CD =  4.39802   =>   CDf =  0.00391    CDp =  4.39412

 MRCHDU: Convergence failed at 100  side 2    Res =  0.1815E-01
 MRCHDU: Convergence failed at 101  side 2    Res =  0.1252E-04
 MRCHDU: Convergence failed at 102  side 2    Res =  0.3539E-04
 Side 1  free  transition at x/c =  0.0488   10
 Side 2  free  transition at x/c =  0.0165   11

 165   rms: 0.2262E+04   max: -.4040E+05   C at   83  2   RLX: 0.000
       a = -3.000      CL = -0.6297
      Cm =  0.1586     CD =  4.39112   =>   CDf =  0.00391    CDp =  4.38721

 MRCHDU: Convergence failed at 100  side 2    Res =  0.1798E-01
 MRCHDU: Convergence failed at 101  side 2    Res =  0.1255E-04
 MRCHDU: Convergence failed at 102  side 2    Res =  0.3540E-04
 Side 1  free  transition at x/c =  0.0488   10
 Side 2  free  transition at x/c =  0.0165   11

 166   rms: 0.3239E+04   max: 0.7037E+05   C at   83  2   RLX: 0.000
       a = -3.000      CL = -0.6297
      Cm =  0.1586     CD =  4.38902   =>   CDf =  0.00391    CDp =  4.38512

 MRCHDU: Convergence failed at 100  side 2    Res =  0.1863E-01
 MRCHDU: Convergence failed at 101  side 2    Res =  0.1247E-04
 MRCHDU: Convergence failed at 102  side 2    Res =  0.3538E-04
 Side 1  free  transition at x/c =  0.0488   10
 Side 2  free  transition at x/c =  0.0165   11

 167   rms: 0.4980E+03   max: -.6873E+04   C at   83  2   RLX: 0.000
       a = -3.000      CL = -0.6296
      Cm =  0.1586     CD =  4.38908   =>   CDf =  0.00391    CDp =  4.38517

 MRCHDU: Convergence failed at 100  side 2    Res =  0.1837E-01
 MRCHDU: Convergence failed at 101  side 2    Res =  0.1254E-04
 MRCHDU: Convergence failed at 102  side 2    Res =  0.3541E-04
 Side 1  free  transition at x/c =  0.0488   10
 Side 2  free  transition at x/c =  0.0165   11

 168   rms: 0.1889E+04   max: -.3307E+05   C at   83  2   RLX: 0.000
       a = -3.000      CL = -0.6296
      Cm =  0.1586     CD =  4.38148   =>   CDf =  0.00391    CDp =  4.37757

 MRCHDU: Convergence failed at 100  side 2    Res =  0.1819E-01
 MRCHDU: Convergence failed at 101  side 2    Res =  0.1257E-04
 MRCHDU: Convergence failed at 102  side 2    Res =  0.3543E-04
 Side 1  free  transition at x/c =  0.0488   10
 Side 2  free  transition at x/c =  0.0165   11

 169   rms: 0.3780E+04   max: 0.8093E+05   C at   83  2   RLX: 0.000
       a = -3.000      CL = -0.6296
      Cm =  0.1586     CD =  4.37923   =>   CDf =  0.00391    CDp =  4.37532

 MRCHDU: Convergence failed at 100  side 2    Res =  0.1884E-01
 MRCHDU: Convergence failed at 101  side 2    Res =  0.1248E-04
 MRCHDU: Convergence failed at 102  side 2    Res =  0.3540E-04
 Side 1  free  transition at x/c =  0.0488   10
 Side 2  free  transition at x/c =  0.0165   11

 170   rms: 0.4617E+03   max: -.6248E+04   C at   83  2   RLX: 0.000
       a = -3.000      CL = -0.6295
      Cm =  0.1586     CD =  4.37940   =>   CDf =  0.00391    CDp =  4.37550

 MRCHDU: Convergence failed at 100  side 2    Res =  0.1858E-01
 MRCHDU: Convergence failed at 101  side 2    Res =  0.1256E-04
 MRCHDU: Convergence failed at 102  side 2    Res =  0.3544E-04
 Side 1  free  transition at x/c =  0.0488   10
 Side 2  free  transition at x/c =  0.0165   11

 171   rms: 0.1653E+04   max: -.2839E+05   C at   83  2   RLX: 0.000
       a = -3.000      CL = -0.6295
      Cm =  0.1586     CD =  4.37111   =>   CDf =  0.00391    CDp =  4.36720

 MRCHDU: Convergence failed at 100  side 2    Res =  0.1839E-01
 MRCHDU: Convergence failed at 101  side 2    Res =  0.1259E-04
 MRCHDU: Convergence failed at 102  side 2    Res =  0.3545E-04
 Side 1  free  transition at x/c =  0.0488   10
 Side 2  free  transition at x/c =  0.0165   11

 172   rms: 0.4463E+04   max: 0.9420E+05   C at   83  2   RLX: 0.000
       a = -3.000      CL = -0.6295
      Cm =  0.1586     CD =  4.36870   =>   CDf =  0.00391    CDp =  4.36479

 MRCHDU: Convergence failed at 100  side 2    Res =  0.1904E-01
 MRCHDU: Convergence failed at 101  side 2    Res =  0.1251E-04
 MRCHDU: Convergence failed at 102  side 2    Res =  0.3543E-04
 Side 1  free  transition at x/c =  0.0488   10
 Side 2  free  transition at x/c =  0.0165   11

 173   rms: 0.4358E+03   max: -.5791E+04   C at   83  2   RLX: 0.000
       a = -3.000      CL = -0.6294
      Cm =  0.1586     CD =  4.36901   =>   CDf =  0.00391    CDp =  4.36510

 MRCHDU: Convergence failed at 100  side 2    Res =  0.1877E-01
 MRCHDU: Convergence failed at 101  side 2    Res =  0.1259E-04
 MRCHDU: Convergence failed at 102  side 2    Res =  0.3546E-04
 Side 1  free  transition at x/c =  0.0488   10
 Side 2  free  transition at x/c =  0.0165   11

 174   rms: 0.1493E+04   max: -.2518E+05   C at   83  2   RLX: 0.000
       a = -3.000      CL = -0.6294
      Cm =  0.1586     CD =  4.35990   =>   CDf =  0.00391    CDp =  4.35599

 MRCHDU: Convergence failed at 100  side 2    Res =  0.1858E-01
 MRCHDU: Convergence failed at 101  side 2    Res =  0.1262E-04
 MRCHDU: Convergence failed at 102  side 2    Res =  0.3548E-04
 Side 1  free  transition at x/c =  0.0488   10
 Side 2  free  transition at x/c =  0.0165   11

 175   rms: 0.5348E+04   max: 0.1113E+06   C at   83  2   RLX: 0.000
       a = -3.000      CL = -0.6294
      Cm =  0.1586     CD =  4.35731   =>   CDf =  0.00391    CDp =  4.35340

 MRCHDU: Convergence failed at 100  side 2    Res =  0.1923E-01
 MRCHDU: Convergence failed at 101  side 2    Res =  0.1253E-04
 MRCHDU: Convergence failed at 102  side 2    Res =  0.3545E-04
 Side 1  free  transition at x/c =  0.0488   10
 Side 2  free  transition at x/c =  0.0165   11

 176   rms: 0.4064E+03   max: -.5310E+04   C at   83  2   RLX: 0.000
       a = -3.000      CL = -0.6293
      Cm =  0.1585     CD =  4.35777   =>   CDf =  0.00391    CDp =  4.35387

 MRCHDU: Convergence failed at 100  side 2    Res =  0.1895E-01
 MRCHDU: Convergence failed at 101  side 2    Res =  0.1262E-04
 MRCHDU: Convergence failed at 102  side 2    Res =  0.3549E-04
 Side 1  free  transition at x/c =  0.0488   10
 Side 2  free  transition at x/c =  0.0165   11

 177   rms: 0.1367E+04   max: -.2267E+05   C at   83  2   RLX: 0.000
       a = -3.000      CL = -0.6293
      Cm =  0.1585     CD =  4.34798   =>   CDf =  0.00391    CDp =  4.34407

 MRCHDU: Convergence failed at 100  side 2    Res =  0.1875E-01
 MRCHDU: Convergence failed at 101  side 2    Res =  0.1266E-04
 MRCHDU: Convergence failed at 102  side 2    Res =  0.3551E-04
 Side 1  free  transition at x/c =  0.0488   10
 Side 2  free  transition at x/c =  0.0165   11

 178   rms: 0.6475E+04   max: 0.1330E+06   C at   83  2   RLX: 0.000
       a = -3.000      CL = -0.6293
      Cm =  0.1585     CD =  4.34521   =>   CDf =  0.00391    CDp =  4.34130

 MRCHDU: Convergence failed at 100  side 2    Res =  0.1940E-01
 MRCHDU: Convergence failed at 101  side 2    Res =  0.1257E-04
 MRCHDU: Convergence failed at 102  side 2    Res =  0.3548E-04
 Side 1  free  transition at x/c =  0.0488   10
 Side 2  free  transition at x/c =  0.0165   11

 179   rms: 0.3888E+03   max: -.5000E+04   C at   83  2   RLX: 0.000
       a = -3.000      CL = -0.6292
      Cm =  0.1585     CD =  4.34583   =>   CDf =  0.00391    CDp =  4.34192

 MRCHDU: Convergence failed at 100  side 2    Res =  0.1912E-01
 MRCHDU: Convergence failed at 101  side 2    Res =  0.1266E-04
 MRCHDU: Convergence failed at 102  side 2    Res =  0.3552E-04
 Side 1  free  transition at x/c =  0.0488   10
 Side 2  free  transition at x/c =  0.0165   11

 180   rms: 0.1280E+04   max: -.2088E+05   C at   83  2   RLX: 0.000
       a = -3.000      CL = -0.6292
      Cm =  0.1585     CD =  4.33522   =>   CDf =  0.00391    CDp =  4.33131

 MRCHDU: Convergence failed at 100  side 2    Res =  0.1892E-01
 MRCHDU: Convergence failed at 101  side 2    Res =  0.1271E-04
 MRCHDU: Convergence failed at 102  side 2    Res =  0.3554E-04
 Side 1  free  transition at x/c =  0.0488   10
 Side 2  free  transition at x/c =  0.0165   11

 181   rms: 0.7845E+04   max: 0.1591E+06   C at   83  2   RLX: 0.000
       a = -3.000      CL = -0.6292
      Cm =  0.1585     CD =  4.33227   =>   CDf =  0.00391    CDp =  4.32836

 MRCHDU: Convergence failed at 100  side 2    Res =  0.1956E-01
 MRCHDU: Convergence failed at 101  side 2    Res =  0.1261E-04
 MRCHDU: Convergence failed at 102  side 2    Res =  0.3551E-04
 Side 1  free  transition at x/c =  0.0488   10
 Side 2  free  transition at x/c =  0.0165   11

 182   rms: 0.3767E+03   max: -.4774E+04   C at   83  2   RLX: 0.000
       a = -3.000      CL = -0.6291
      Cm =  0.1585     CD =  4.33305   =>   CDf =  0.00391    CDp =  4.32915

 MRCHDU: Convergence failed at 100  side 2    Res =  0.1927E-01
 MRCHDU: Convergence failed at 101  side 2    Res =  0.1271E-04
 MRCHDU: Convergence failed at 102  side 2    Res =  0.3555E-04
 Side 1  free  transition at x/c =  0.0488   10
 Side 2  free  transition at x/c =  0.0165   11

 183   rms: 0.1220E+04   max: -.1961E+05   C at   83  2   RLX: 0.000
       a = -3.000      CL = -0.6290
      Cm =  0.1585     CD =  4.32157   =>   CDf =  0.00391    CDp =  4.31766

 MRCHDU: Convergence failed at 100  side 2    Res =  0.1907E-01
 MRCHDU: Convergence failed at 101  side 2    Res =  0.1276E-04
 MRCHDU: Convergence failed at 102  side 2    Res =  0.3557E-04
 Side 1  free  transition at x/c =  0.0488   10
 Side 2  free  transition at x/c =  0.0165   11

 184   rms: 0.9300E+04   max: 0.1864E+06   C at   83  2   RLX: 0.000
       a = -3.000      CL = -0.6291
      Cm =  0.1585     CD =  4.31841   =>   CDf =  0.00391    CDp =  4.31451

 MRCHDU: Convergence failed at 100  side 2    Res =  0.1970E-01
 MRCHDU: Convergence failed at 101  side 2    Res =  0.1266E-04
 MRCHDU: Convergence failed at 102  side 2    Res =  0.3554E-04
 Side 1  free  transition at x/c =  0.0488   10
 Side 2  free  transition at x/c =  0.0165   11

 185   rms: 0.3656E+03   max: -.4571E+04   C at   83  2   RLX: 0.000
       a = -3.000      CL = -0.6290
      Cm =  0.1584     CD =  4.31938   =>   CDf =  0.00391    CDp =  4.31548

 MRCHDU: Convergence failed at 100  side 2    Res =  0.1942E-01
 MRCHDU: Convergence failed at 101  side 2    Res =  0.1277E-04
 MRCHDU: Convergence failed at 102  side 2    Res =  0.3559E-04
 Side 1  free  transition at x/c =  0.0488   10
 Side 2  free  transition at x/c =  0.0165   11

 186   rms: 0.1189E+04   max: -.1885E+05   C at   83  2   RLX: 0.000
       a = -3.000      CL = -0.6289
      Cm =  0.1584     CD =  4.30707   =>   CDf =  0.00391    CDp =  4.30316

 MRCHDU: Convergence failed at 100  side 2    Res =  0.1921E-01
 MRCHDU: Convergence failed at 101  side 2    Res =  0.1281E-04
 MRCHDU: Convergence failed at 102  side 2    Res =  0.3561E-04
 Side 1  free  transition at x/c =  0.0488   10
 Side 2  free  transition at x/c =  0.0165   11

 187   rms: 0.1034E+05   max: 0.2049E+06   C at   83  2   RLX: 0.000
       a = -3.000      CL = -0.6289
      Cm =  0.1584     CD =  4.30370   =>   CDf =  0.00391    CDp =  4.29979

 MRCHDU: Convergence failed at 100  side 2    Res =  0.1984E-01
 MRCHDU: Convergence failed at 101  side 2    Res =  0.1271E-04
 MRCHDU: Convergence failed at 102  side 2    Res =  0.3558E-04
 Side 1  free  transition at x/c =  0.0488   10
 Side 2  free  transition at x/c =  0.0165   11

 188   rms: 0.3594E+03   max: -.4437E+04   C at   83  2   RLX: 0.000
       a = -3.000      CL = -0.6288
      Cm =  0.1584     CD =  4.30486   =>   CDf =  0.00391    CDp =  4.30095

 MRCHDU: Convergence failed at 100  side 2    Res =  0.1956E-01
 MRCHDU: Convergence failed at 101  side 2    Res =  0.1283E-04
 MRCHDU: Convergence failed at 102  side 2    Res =  0.3563E-04
 Side 1  free  transition at x/c =  0.0488   10
 Side 2  free  transition at x/c =  0.0165   11

 189   rms: 0.1185E+04   max: -.1853E+05   C at   83  2   RLX: 0.000
       a = -3.000      CL = -0.6288
      Cm =  0.1584     CD =  4.29160   =>   CDf =  0.00391    CDp =  4.28769

 MRCHDU: Convergence failed at 100  side 2    Res =  0.1934E-01
 MRCHDU: Convergence failed at 101  side 2    Res =  0.1288E-04
 MRCHDU: Convergence failed at 102  side 2    Res =  0.3565E-04
 Side 1  free  transition at x/c =  0.0488   10
 Side 2  free  transition at x/c =  0.0165   11

 190   rms: 0.1023E+05   max: 0.2004E+06   C at   83  2   RLX: 0.000
       a = -3.000      CL = -0.6288
      Cm =  0.1584     CD =  4.28800   =>   CDf =  0.00391    CDp =  4.28409

 MRCHDU: Convergence failed at 100  side 2    Res =  0.1996E-01
 MRCHDU: Convergence failed at 101  side 2    Res =  0.1277E-04
 MRCHDU: Convergence failed at 102  side 2    Res =  0.3561E-04
 Side 1  free  transition at x/c =  0.0488   10
 Side 2  free  transition at x/c =  0.0165   11

 191   rms: 0.3587E+03   max: -.4376E+04   C at   83  2   RLX: 0.000
       a = -3.000      CL = -0.6287
      Cm =  0.1584     CD =  4.28937   =>   CDf =  0.00391    CDp =  4.28547

 MRCHDU: Convergence failed at 100  side 2    Res =  0.1968E-01
 MRCHDU: Convergence failed at 101  side 2    Res =  0.1289E-04
 MRCHDU: Convergence failed at 102  side 2    Res =  0.3567E-04
 Side 1  free  transition at x/c =  0.0488   10
 Side 2  free  transition at x/c =  0.0165   11

 192   rms: 0.1222E+04   max: -.1887E+05   C at   83  2   RLX: 0.000
       a = -3.000      CL = -0.6287
      Cm =  0.1584     CD =  4.27508   =>   CDf =  0.00391    CDp =  4.27117

 MRCHDU: Convergence failed at 100  side 2    Res =  0.1946E-01
 MRCHDU: Convergence failed at 101  side 2    Res =  0.1295E-04
 MRCHDU: Convergence failed at 102  side 2    Res =  0.3569E-04
 Side 1  free  transition at x/c =  0.0488   10
 Side 2  free  transition at x/c =  0.0165   11

 193   rms: 0.8684E+04   max: 0.1683E+06   C at   83  2   RLX: 0.000
       a = -3.000      CL = -0.6287
      Cm =  0.1584     CD =  4.27122   =>   CDf =  0.00391    CDp =  4.26732

 MRCHDU: Convergence failed at 100  side 2    Res =  0.2008E-01
 MRCHDU: Convergence failed at 101  side 2    Res =  0.1284E-04
 MRCHDU: Convergence failed at 102  side 2    Res =  0.3565E-04
 Side 1  free  transition at x/c =  0.0488   10
 Side 2  free  transition at x/c =  0.0165   11

 194   rms: 0.3658E+03   max: -.4415E+04   C at   83  2   RLX: 0.000
       a = -3.000      CL = -0.6286
      Cm =  0.1583     CD =  4.27285   =>   CDf =  0.00391    CDp =  4.26894

 MRCHDU: Convergence failed at 100  side 2    Res =  0.1980E-01
 MRCHDU: Convergence failed at 101  side 2    Res =  0.1297E-04
 MRCHDU: Convergence failed at 102  side 2    Res =  0.3571E-04
 Side 1  free  transition at x/c =  0.0488   10
 Side 2  free  transition at x/c =  0.0165   11

 195   rms: 0.1323E+04   max: -.2020E+05   C at   83  2   RLX: 0.000
       a = -3.000      CL = -0.6285
      Cm =  0.1583     CD =  4.25737   =>   CDf =  0.00391    CDp =  4.25346

 MRCHDU: Convergence failed at 100  side 2    Res =  0.1958E-01
 MRCHDU: Convergence failed at 101  side 2    Res =  0.1303E-04
 MRCHDU: Convergence failed at 102  side 2    Res =  0.3573E-04
 Side 1  free  transition at x/c =  0.0488   10
 Side 2  free  transition at x/c =  0.0165   11

 196   rms: 0.6395E+04   max: 0.1227E+06   C at   83  2   RLX: 0.000
       a = -3.000      CL = -0.6286
      Cm =  0.1583     CD =  4.25322   =>   CDf =  0.00391    CDp =  4.24931

 MRCHDU: Convergence failed at 100  side 2    Res =  0.2019E-01
 MRCHDU: Convergence failed at 101  side 2    Res =  0.1291E-04
 MRCHDU: Convergence failed at 102  side 2    Res =  0.3570E-04
 Side 1  free  transition at x/c =  0.0488   10
 Side 2  free  transition at x/c =  0.0165   11

 197   rms: 0.3828E+03   max: -.4574E+04   C at   83  2   RLX: 0.000
       a = -3.000      CL = -0.6284
      Cm =  0.1583     CD =  4.25513   =>   CDf =  0.00391    CDp =  4.25123

 MRCHDU: Convergence failed at 100  side 2    Res =  0.1991E-01
 MRCHDU: Convergence failed at 101  side 2    Res =  0.1305E-04
 MRCHDU: Convergence failed at 102  side 2    Res =  0.3575E-04
 Side 1  free  transition at x/c =  0.0488   10
 Side 2  free  transition at x/c =  0.0165   11

 198   rms: 0.1575E+04   max: -.2377E+05   C at   83  2   RLX: 0.000
       a = -3.000      CL = -0.6284
      Cm =  0.1583     CD =  4.23831   =>   CDf =  0.00391    CDp =  4.23440

 MRCHDU: Convergence failed at 100  side 2    Res =  0.1969E-01
 MRCHDU: Convergence failed at 101  side 2    Res =  0.1312E-04
 MRCHDU: Convergence failed at 102  side 2    Res =  0.3578E-04
 Side 1  free  transition at x/c =  0.0488   10
 Side 2  free  transition at x/c =  0.0165   11

 199   rms: 0.4262E+04   max: 0.8103E+05   C at   83  2   RLX: 0.000
       a = -3.000      CL = -0.6284
      Cm =  0.1583     CD =  4.23381   =>   CDf =  0.00391    CDp =  4.22990

 MRCHDU: Convergence failed at 100  side 2    Res =  0.2029E-01
 MRCHDU: Convergence failed at 101  side 2    Res =  0.1300E-04
 MRCHDU: Convergence failed at 102  side 2    Res =  0.3574E-04
 Side 1  free  transition at x/c =  0.0488   10
 Side 2  free  transition at x/c =  0.0165   11

 200   rms: 0.4206E+03   max: -.4977E+04   C at   83  2   RLX: 0.000
       a = -3.000      CL = -0.6283
      Cm =  0.1583     CD =  4.23609   =>   CDf =  0.00391    CDp =  4.23219

 MRCHDU: Convergence failed at 100  side 2    Res =  0.2002E-01
 MRCHDU: Convergence failed at 101  side 2    Res =  0.1315E-04
 MRCHDU: Convergence failed at 102  side 2    Res =  0.3580E-04
 Side 1  free  transition at x/c =  0.0488   10
 Side 2  free  transition at x/c =  0.0165   11

 201   rms: 0.2383E+04   max: -.3561E+05   C at   83  2   RLX: 0.000
       a = -3.000      CL = -0.6283
      Cm =  0.1583     CD =  4.21762   =>   CDf =  0.00391    CDp =  4.21371

 MRCHDU: Convergence failed at 100  side 2    Res =  0.1980E-01
 MRCHDU: Convergence failed at 101  side 2    Res =  0.1321E-04
 MRCHDU: Convergence failed at 102  side 2    Res =  0.3583E-04
 Side 1  free  transition at x/c =  0.0488   10
 Side 2  free  transition at x/c =  0.0165   11

 202   rms: 0.2651E+04   max: 0.4995E+05   C at   83  2   RLX: 0.000
       a = -3.000      CL = -0.6283
      Cm =  0.1583     CD =  4.21268   =>   CDf =  0.00391    CDp =  4.20877

 MRCHDU: Convergence failed at 100  side 2    Res =  0.2038E-01
 MRCHDU: Convergence failed at 101  side 2    Res =  0.1309E-04
 MRCHDU: Convergence failed at 102  side 2    Res =  0.3579E-04
 Side 1  free  transition at x/c =  0.0488   10
 Side 2  free  transition at x/c =  0.0165   11

 203   rms: 0.5086E+03   max: -.5965E+04   C at   83  2   RLX: 0.000
       a = -3.000      CL = -0.6282
      Cm =  0.1582     CD =  4.21549   =>   CDf =  0.00391    CDp =  4.21159

 MRCHDU: Convergence failed at 100  side 2    Res =  0.2012E-01
 MRCHDU: Convergence failed at 101  side 2    Res =  0.1325E-04
 MRCHDU: Convergence failed at 102  side 2    Res =  0.3586E-04
 Side 1  free  transition at x/c =  0.0488   10
 Side 2  free  transition at x/c =  0.0165   11

 204   rms: 0.3418E+05   max: -.5057E+06   C at   83  2   RLX: 0.000
       a = -3.000      CL = -0.6282
      Cm =  0.1582     CD =  4.19485   =>   CDf =  0.00391    CDp =  4.19094

 MRCHDU: Convergence failed at 100  side 2    Res =  0.1991E-01
 MRCHDU: Convergence failed at 101  side 2    Res =  0.1333E-04
 MRCHDU: Convergence failed at 102  side 2    Res =  0.3589E-04
 Side 1  free  transition at x/c =  0.0488   10
 Side 2  free  transition at x/c =  0.0165   11

 205   rms: 0.1538E+04   max: 0.2873E+05   C at   83  2   RLX: 0.000
       a = -3.000      CL = -0.6282
      Cm =  0.1582     CD =  4.18931   =>   CDf =  0.00391    CDp =  4.18540
 VISCAL:  Convergence failed
      9.000   14.5827   4.189306   0.000177   0.000668   0.000491    0.0488     #
 Calculating wake trajectory ...
 Calculating source influence matrix ...

 Solving BL system ...

 MRCHDU: Convergence failed at 100  side 2    Res =  0.2048E-01
 MRCHDU: Convergence failed at 101  side 2    Res =  0.1319E-04
 MRCHDU: Convergence failed at 102  side 2    Res =  0.3584E-04
 Side 1  free  transition at x/c =  0.0488   10
 Side 2  free  transition at x/c =  0.0165   11

   1   rms: 0.1025E+04   max: -.1192E+05   C at   83  2   RLX: 0.000
       a = -4.000      CL = -0.6271
      Cm =  0.1582     CD =  4.19292   =>   CDf =  0.00390    CDp =  4.18902

 MRCHDU: Convergence failed at 100  side 2    Res =  0.2024E-01
 MRCHDU: Convergence failed at 101  side 2    Res =  0.1337E-04
 MRCHDU: Convergence failed at 102  side 2    Res =  0.3592E-04
 Side 1  free  transition at x/c =  0.0488   10
 Side 2  free  transition at x/c =  0.0165   11

   2   rms: 0.1635E+04   max: 0.2396E+05   C at   83  2   RLX: 0.000
       a = -4.000      CL = -0.6271
      Cm =  0.1582     CD =  4.17884   =>   CDf =  0.00390    CDp =  4.17494

 MRCHDU: Convergence failed at 100  side 2    Res =  0.2044E-01
 MRCHDU: Convergence failed at 101  side 2    Res =  0.1311E-04
 MRCHDU: Convergence failed at 102  side 2    Res =  0.3581E-04
 Side 1  free  transition at x/c =  0.0488   10
 Side 2  free  transition at x/c =  0.0165   11

   3   rms: 0.2795E+03   max: -.2703E+04   C at   83  2   RLX: 0.000
       a = -4.000      CL = -0.6269
      Cm =  0.1582     CD =  4.19132   =>   CDf =  0.00390    CDp =  4.18742

 MRCHDU: Convergence failed at 100  side 2    Res =  0.2038E-01
 MRCHDU: Convergence failed at 101  side 2    Res =  0.1353E-04
 MRCHDU: Convergence failed at 102  side 2    Res =  0.3599E-04
 Side 1  free  transition at x/c =  0.0488   10
 Side 2  free  transition at x/c =  0.0165   11

   4   rms: 0.2347E+03   max: 0.2733E+04   C at   83  2   RLX: 0.001
       a = -4.000      CL = -0.6265
      Cm =  0.1581     CD =  4.16413   =>   CDf =  0.00390    CDp =  4.16023

 MRCHDU: Convergence failed at 100  side 2    Res =  0.1952E-01
 MRCHDU: Convergence failed at 101  side 2    Res =  0.1282E-04
 MRCHDU: Convergence failed at 102  side 2    Res =  0.3566E-04
 Side 1  free  transition at x/c =  0.0488   10
 Side 2  free  transition at x/c =  0.0165   11

   5   rms: 0.7126E+02   max: -.6095E+03   C at   83  2   RLX: 0.001
       a = -4.000      CL = -0.6257
      Cm =  0.1579     CD =  4.22425   =>   CDf =  0.00390    CDp =  4.22035

 MRCHDU: Convergence failed at 100  side 2    Res =  0.2001E-01
 MRCHDU: Convergence failed at 101  side 2    Res =  0.1370E-04
 MRCHDU: Convergence failed at 102  side 2    Res =  0.3603E-04
 Side 1  free  transition at x/c =  0.0488   10
 Side 2  free  transition at x/c =  0.0165   11

   6   rms: 0.2252E+02   max: 0.2030E+03   C at   83  2   RLX: 0.007
       a = -4.000      CL = -0.6189
      Cm =  0.1562     CD =  4.27830   =>   CDf =  0.00390    CDp =  4.27440

 MRCHDU: Convergence failed at 100  side 2    Res =  0.1597E-01
 MRCHDU: Convergence failed at 101  side 2    Res =  0.1015E-04
 MRCHDU: Convergence failed at 102  side 2    Res =  0.3391E-04
 MRCHDU: Convergence failed at 106  side 2    Res =  0.1591E-02
 Side 1  free  transition at x/c =  0.0488   10
 Side 2  free  transition at x/c =  0.0165   11

   7   rms: 0.1992E+02   max: -.1588E+03   C at   83  2   RLX: 0.003
       a = -4.000      CL = -0.6159
      Cm =  0.1554     CD =  4.74677   =>   CDf =  0.00389    CDp =  4.74288

 MRCHDU: Convergence failed at 100  side 2    Res =  0.1749E-01
 MRCHDU: Convergence failed at 101  side 2    Res =  0.1152E-04
 MRCHDU: Convergence failed at 102  side 2    Res =  0.3466E-04
 MRCHDU: Convergence failed at 106  side 2    Res =  0.1997E-03
 Side 1  free  transition at x/c =  0.0488   10
 Side 2  free  transition at x/c =  0.0165   11

   8   rms: 0.5654E+02   max: -.4926E+03   C at   83  2   RLX: 0.001
       a = -4.000      CL = -0.6149
      Cm =  0.1551     CD =  4.50603   =>   CDf =  0.00389    CDp =  4.50213

 MRCHDU: Convergence failed at 100  side 2    Res =  0.1762E-01
 MRCHDU: Convergence failed at 101  side 2    Res =  0.1211E-04
 MRCHDU: Convergence failed at 102  side 2    Res =  0.3494E-04
 Side 1  free  transition at x/c =  0.0488   10
 Side 2  free  transition at x/c =  0.0165   11

   9   rms: 0.1584E+03   max: -.1602E+04   C at   83  2   RLX: 0.000
       a = -4.000      CL = -0.6145
      Cm =  0.1551     CD =  4.41417   =>   CDf =  0.00389    CDp =  4.41028

 MRCHDU: Convergence failed at 100  side 2    Res =  0.1735E-01
 MRCHDU: Convergence failed at 101  side 2    Res =  0.1236E-04
 MRCHDU: Convergence failed at 102  side 2    Res =  0.3505E-04
 Side 1  free  transition at x/c =  0.0488   10
 Side 2  free  transition at x/c =  0.0165   11

  10   rms: 0.4356E+03   max: -.5403E+04   C at   83  2   RLX: 0.000
       a = -4.000      CL = -0.6144
      Cm =  0.1550     CD =  4.37953   =>   CDf =  0.00389    CDp =  4.37564

 MRCHDU: Convergence failed at 100  side 2    Res =  0.1707E-01
 MRCHDU: Convergence failed at 101  side 2    Res =  0.1247E-04
 MRCHDU: Convergence failed at 102  side 2    Res =  0.3510E-04
 Side 1  free  transition at x/c =  0.0488   10
 Side 2  free  transition at x/c =  0.0165   11

  11   rms: 0.1450E+04   max: -.2280E+05   C at   83  2   RLX: 0.000
       a = -4.000      CL = -0.6144
      Cm =  0.1550     CD =  4.36642   =>   CDf =  0.00389    CDp =  4.36253

 MRCHDU: Convergence failed at 100  side 2    Res =  0.1686E-01
 MRCHDU: Convergence failed at 101  side 2    Res =  0.1251E-04
 MRCHDU: Convergence failed at 102  side 2    Res =  0.3511E-04
 Side 1  free  transition at x/c =  0.0488   10
 Side 2  free  transition at x/c =  0.0165   11

  12   rms: 0.1140E+05   max: 0.2245E+06   C at   83  2   RLX: 0.000
       a = -4.000      CL = -0.6144
      Cm =  0.1550     CD =  4.36297   =>   CDf =  0.00389    CDp =  4.35908

 MRCHDU: Convergence failed at 100  side 2    Res =  0.1755E-01
 MRCHDU: Convergence failed at 101  side 2    Res =  0.1241E-04
 MRCHDU: Convergence failed at 102  side 2    Res =  0.3509E-04
 Side 1  free  transition at x/c =  0.0488   10
 Side 2  free  transition at x/c =  0.0165   11

  13   rms: 0.4359E+03   max: -.5343E+04   C at   83  2   RLX: 0.000
       a = -4.000      CL = -0.6143
      Cm =  0.1550     CD =  4.36313   =>   CDf =  0.00389    CDp =  4.35924

 MRCHDU: Convergence failed at 100  side 2    Res =  0.1727E-01
 MRCHDU: Convergence failed at 101  side 2    Res =  0.1253E-04
 MRCHDU: Convergence failed at 102  side 2    Res =  0.3513E-04
 Side 1  free  transition at x/c =  0.0488   10
 Side 2  free  transition at x/c =  0.0165   11

  14   rms: 0.1498E+04   max: -.2326E+05   C at   83  2   RLX: 0.000
       a = -4.000      CL = -0.6143
      Cm =  0.1550     CD =  4.34894   =>   CDf =  0.00389    CDp =  4.34505

 MRCHDU: Convergence failed at 100  side 2    Res =  0.1706E-01
 MRCHDU: Convergence failed at 101  side 2    Res =  0.1257E-04
 MRCHDU: Convergence failed at 102  side 2    Res =  0.3515E-04
 Side 1  free  transition at x/c =  0.0488   10
 Side 2  free  transition at x/c =  0.0165   11

  15   rms: 0.1008E+05   max: 0.1964E+06   C at   83  2   RLX: 0.000
       a = -4.000      CL = -0.6143
      Cm =  0.1550     CD =  4.34523   =>   CDf =  0.00389    CDp =  4.34134

 MRCHDU: Convergence failed at 100  side 2    Res =  0.1774E-01
 MRCHDU: Convergence failed at 101  side 2    Res =  0.1247E-04
 MRCHDU: Convergence failed at 102  side 2    Res =  0.3513E-04
 Side 1  free  transition at x/c =  0.0488   10
 Side 2  free  transition at x/c =  0.0165   11

  16   rms: 0.4449E+03   max: -.5392E+04   C at   83  2   RLX: 0.000
       a = -4.000      CL = -0.6142
      Cm =  0.1550     CD =  4.34560   =>   CDf =  0.00389    CDp =  4.34171

 MRCHDU: Convergence failed at 100  side 2    Res =  0.1746E-01
 MRCHDU: Convergence failed at 101  side 2    Res =  0.1259E-04
 MRCHDU: Convergence failed at 102  side 2    Res =  0.3518E-04
 Side 1  free  transition at x/c =  0.0488   10
 Side 2  free  transition at x/c =  0.0165   11

  17   rms: 0.1644E+04   max: -.2522E+05   C at   83  2   RLX: 0.000
       a = -4.000      CL = -0.6142
      Cm =  0.1550     CD =  4.33022   =>   CDf =  0.00389    CDp =  4.32633

 MRCHDU: Convergence failed at 100  side 2    Res =  0.1725E-01
 MRCHDU: Convergence failed at 101  side 2    Res =  0.1264E-04
 MRCHDU: Convergence failed at 102  side 2    Res =  0.3520E-04
 Side 1  free  transition at x/c =  0.0488   10
 Side 2  free  transition at x/c =  0.0165   11

  18   rms: 0.7611E+04   max: 0.1467E+06   C at   83  2   RLX: 0.000
       a = -4.000      CL = -0.6142
      Cm =  0.1550     CD =  4.32622   =>   CDf =  0.00389    CDp =  4.32233

 MRCHDU: Convergence failed at 100  side 2    Res =  0.1792E-01
 MRCHDU: Convergence failed at 101  side 2    Res =  0.1254E-04
 MRCHDU: Convergence failed at 102  side 2    Res =  0.3517E-04
 Side 1  free  transition at x/c =  0.0488   10
 Side 2  free  transition at x/c =  0.0165   11

  19   rms: 0.4725E+03   max: -.5667E+04   C at   83  2   RLX: 0.000
       a = -4.000      CL = -0.6141
      Cm =  0.1549     CD =  4.32684   =>   CDf =  0.00389    CDp =  4.32295

 MRCHDU: Convergence failed at 100  side 2    Res =  0.1764E-01
 MRCHDU: Convergence failed at 101  side 2    Res =  0.1267E-04
 MRCHDU: Convergence failed at 102  side 2    Res =  0.3522E-04
 Side 1  free  transition at x/c =  0.0488   10
 Side 2  free  transition at x/c =  0.0165   11

  20   rms: 0.2024E+04   max: -.3070E+05   C at   83  2   RLX: 0.000
       a = -4.000      CL = -0.6141
      Cm =  0.1549     CD =  4.31002   =>   CDf =  0.00389    CDp =  4.30613

 MRCHDU: Convergence failed at 100  side 2    Res =  0.1743E-01
 MRCHDU: Convergence failed at 101  side 2    Res =  0.1272E-04
 MRCHDU: Convergence failed at 102  side 2    Res =  0.3524E-04
 Side 1  free  transition at x/c =  0.0488   10
 Side 2  free  transition at x/c =  0.0165   11

  21   rms: 0.5087E+04   max: 0.9716E+05   C at   83  2   RLX: 0.000
       a = -4.000      CL = -0.6141
      Cm =  0.1549     CD =  4.30569   =>   CDf =  0.00389    CDp =  4.30180

 MRCHDU: Convergence failed at 100  side 2    Res =  0.1809E-01
 MRCHDU: Convergence failed at 101  side 2    Res =  0.1261E-04
 MRCHDU: Convergence failed at 102  side 2    Res =  0.3521E-04
 Side 1  free  transition at x/c =  0.0488   10
 Side 2  free  transition at x/c =  0.0165   11

  22   rms: 0.5327E+03   max: -.6326E+04   C at   83  2   RLX: 0.000
       a = -4.000      CL = -0.6140
      Cm =  0.1549     CD =  4.30659   =>   CDf =  0.00389    CDp =  4.30270

 MRCHDU: Convergence failed at 100  side 2    Res =  0.1782E-01
 MRCHDU: Convergence failed at 101  side 2    Res =  0.1275E-04
 MRCHDU: Convergence failed at 102  side 2    Res =  0.3527E-04
 Side 1  free  transition at x/c =  0.0488   10
 Side 2  free  transition at x/c =  0.0165   11

  23   rms: 0.3471E+04   max: -.5209E+05   C at   83  2   RLX: 0.000
       a = -4.000      CL = -0.6140
      Cm =  0.1549     CD =  4.28804   =>   CDf =  0.00389    CDp =  4.28415

 MRCHDU: Convergence failed at 100  side 2    Res =  0.1760E-01
 MRCHDU: Convergence failed at 101  side 2    Res =  0.1281E-04
 MRCHDU: Convergence failed at 102  side 2    Res =  0.3529E-04
 Side 1  free  transition at x/c =  0.0488   10
 Side 2  free  transition at x/c =  0.0165   11

  24   rms: 0.3125E+04   max: 0.5913E+05   C at   83  2   RLX: 0.000
       a = -4.000      CL = -0.6140
      Cm =  0.1549     CD =  4.28328   =>   CDf =  0.00389    CDp =  4.27939

 MRCHDU: Convergence failed at 100  side 2    Res =  0.1826E-01
 MRCHDU: Convergence failed at 101  side 2    Res =  0.1269E-04
 MRCHDU: Convergence failed at 102  side 2    Res =  0.3526E-04
 Side 1  free  transition at x/c =  0.0488   10
 Side 2  free  transition at x/c =  0.0165   11

  25   rms: 0.6906E+03   max: -.8126E+04   C at   83  2   RLX: 0.000
       a = -4.000      CL = -0.6139
      Cm =  0.1549     CD =  4.28456   =>   CDf =  0.00389    CDp =  4.28067

 MRCHDU: Convergence failed at 100  side 2    Res =  0.1799E-01
 MRCHDU: Convergence failed at 101  side 2    Res =  0.1284E-04
 MRCHDU: Convergence failed at 102  side 2    Res =  0.3532E-04
 Side 1  free  transition at x/c =  0.0488   10
 Side 2  free  transition at x/c =  0.0165   11

  26   rms: 0.1040E+05   max: 0.1546E+06   C at   83  2   RLX: 0.000
       a = -4.000      CL = -0.6139
      Cm =  0.1549     CD =  4.27233   =>   CDf =  0.00389    CDp =  4.26844

 MRCHDU: Convergence failed at 100  side 2    Res =  0.1834E-01
 MRCHDU: Convergence failed at 101  side 2    Res =  0.1263E-04
 MRCHDU: Convergence failed at 102  side 2    Res =  0.3524E-04
 Side 1  free  transition at x/c =  0.0488   10
 Side 2  free  transition at x/c =  0.0165   11

  27   rms: 0.2345E+03   max: -.2287E+04   C at   83  2   RLX: 0.000
       a = -4.000      CL = -0.6137
      Cm =  0.1548     CD =  4.28058   =>   CDf =  0.00389    CDp =  4.27669

 MRCHDU: Convergence failed at 100  side 2    Res =  0.1819E-01
 MRCHDU: Convergence failed at 101  side 2    Res =  0.1299E-04
 MRCHDU: Convergence failed at 102  side 2    Res =  0.3539E-04
 Side 1  free  transition at x/c =  0.0488   10
 Side 2  free  transition at x/c =  0.0165   11

  28   rms: 0.5657E+03   max: 0.6683E+04   C at   83  2   RLX: 0.000
       a = -4.000      CL = -0.6136
      Cm =  0.1548     CD =  4.25419   =>   CDf =  0.00389    CDp =  4.25030

 MRCHDU: Convergence failed at 100  side 2    Res =  0.1761E-01
 MRCHDU: Convergence failed at 101  side 2    Res =  0.1245E-04
 MRCHDU: Convergence failed at 102  side 2    Res =  0.3514E-04
 Side 1  free  transition at x/c =  0.0488   10
 Side 2  free  transition at x/c =  0.0165   11

  29   rms: 0.7440E+02   max: -.6398E+03   C at   83  2   RLX: 0.001
       a = -4.000      CL = -0.6128
      Cm =  0.1546     CD =  4.29503   =>   CDf =  0.00389    CDp =  4.29114

 MRCHDU: Convergence failed at 100  side 2    Res =  0.1795E-01
 MRCHDU: Convergence failed at 101  side 2    Res =  0.1323E-04
 MRCHDU: Convergence failed at 102  side 2    Res =  0.3547E-04
 Side 1  free  transition at x/c =  0.0488   10
 Side 2  free  transition at x/c =  0.0165   11

  30   rms: 0.2025E+02   max: 0.1799E+03   C at   83  2   RLX: 0.008
       a = -4.000      CL = -0.6054
      Cm =  0.1528     CD =  4.38635   =>   CDf =  0.00389    CDp =  4.38246

 MRCHDU: Convergence failed at 100  side 2    Res =  0.1379E-01
 MRCHDU: Convergence failed at 101  side 2    Res =  0.9607E-05
 MRCHDU: Convergence failed at 102  side 2    Res =  0.3320E-04
 MRCHDU: Convergence failed at 105  side 2    Res =  0.9143E-04
 MRCHDU: Convergence failed at 106  side 2    Res =  0.1729E-02
 Side 1  free  transition at x/c =  0.0488   10
 Side 2  free  transition at x/c =  0.0165   11

  31   rms: 0.1929E+02   max: -.1544E+03   C at   83  2   RLX: 0.003
       a = -4.000      CL = -0.6023
      Cm =  0.1520     CD =  4.91353   =>   CDf =  0.00388    CDp =  4.90964

 MRCHDU: Convergence failed at 100  side 2    Res =  0.1501E-01
 MRCHDU: Convergence failed at 101  side 2    Res =  0.1078E-04
 MRCHDU: Convergence failed at 102  side 2    Res =  0.3387E-04
 MRCHDU: Convergence failed at 106  side 2    Res =  0.8402E-03
 Side 1  free  transition at x/c =  0.0488   10
 Side 2  free  transition at x/c =  0.0165   11

  32   rms: 0.5255E+02   max: -.4601E+03   C at   83  2   RLX: 0.001
       a = -4.000      CL = -0.6013
      Cm =  0.1517     CD =  4.69248   =>   CDf =  0.00388    CDp =  4.68860

 MRCHDU: Convergence failed at 100  side 2    Res =  0.1502E-01
 MRCHDU: Convergence failed at 101  side 2    Res =  0.1129E-04
 MRCHDU: Convergence failed at 102  side 2    Res =  0.3412E-04
 MRCHDU: Convergence failed at 106  side 2    Res =  0.1534E-03
 Side 1  free  transition at x/c =  0.0488   10
 Side 2  free  transition at x/c =  0.0165   11

  33   rms: 0.1380E+03   max: -.1405E+04   C at   83  2   RLX: 0.000
       a = -4.000      CL = -0.6009
      Cm =  0.1516     CD =  4.60769   =>   CDf =  0.00388    CDp =  4.60381

 MRCHDU: Convergence failed at 100  side 2    Res =  0.1472E-01
 MRCHDU: Convergence failed at 101  side 2    Res =  0.1149E-04
 MRCHDU: Convergence failed at 102  side 2    Res =  0.3422E-04
 Side 1  free  transition at x/c =  0.0488   10
 Side 2  free  transition at x/c =  0.0165   11

  34   rms: 0.3542E+03   max: -.4424E+04   C at   83  2   RLX: 0.000
       a = -4.000      CL = -0.6008
      Cm =  0.1516     CD =  4.57716   =>   CDf =  0.00388    CDp =  4.57328

 MRCHDU: Convergence failed at 100  side 2    Res =  0.1444E-01
 MRCHDU: Convergence failed at 101  side 2    Res =  0.1157E-04
 MRCHDU: Convergence failed at 102  side 2    Res =  0.3426E-04
 Side 1  free  transition at x/c =  0.0488   10
 Side 2  free  transition at x/c =  0.0165   11

  35   rms: 0.1041E+04   max: -.1649E+05   C at   83  2   RLX: 0.000
       a = -4.000      CL = -0.6008
      Cm =  0.1516     CD =  4.56617   =>   CDf =  0.00388    CDp =  4.56229

 MRCHDU: Convergence failed at 100  side 2    Res =  0.1425E-01
 MRCHDU: Convergence failed at 101  side 2    Res =  0.1160E-04
 MRCHDU: Convergence failed at 102  side 2    Res =  0.3428E-04
 Side 1  free  transition at x/c =  0.0488   10
 Side 2  free  transition at x/c =  0.0165   11

  36   rms: 0.6049E+05   max: -.1197E+07   C at   83  2   RLX: 0.000
       a = -4.000      CL = -0.6007
      Cm =  0.1516     CD =  4.56228   =>   CDf =  0.00388    CDp =  4.55840

 MRCHDU: Convergence failed at 100  side 2    Res =  0.1414E-01
 MRCHDU: Convergence failed at 101  side 2    Res =  0.1161E-04
 MRCHDU: Convergence failed at 102  side 2    Res =  0.3428E-04
 Side 1  free  transition at x/c =  0.0488   10
 Side 2  free  transition at x/c =  0.0165   11

  37   rms: 0.2084E+04   max: 0.4851E+05   C at   83  2   RLX: 0.000
       a = -4.000      CL = -0.6007
      Cm =  0.1516     CD =  4.56094   =>   CDf =  0.00388    CDp =  4.55706

 MRCHDU: Convergence failed at 100  side 2    Res =  0.1480E-01
 MRCHDU: Convergence failed at 101  side 2    Res =  0.1155E-04
 MRCHDU: Convergence failed at 102  side 2    Res =  0.3427E-04
 Side 1  free  transition at x/c =  0.0488   10
 Side 2  free  transition at x/c =  0.0165   11

  38   rms: 0.8986E+03   max: -.1383E+05   C at   83  2   RLX: 0.000
       a = -4.000      CL = -0.6007
      Cm =  0.1516     CD =  4.55944   =>   CDf =  0.00388    CDp =  4.55556

 MRCHDU: Convergence failed at 100  side 2    Res =  0.1460E-01
 MRCHDU: Convergence failed at 101  side 2    Res =  0.1158E-04
 MRCHDU: Convergence failed at 102  side 2    Res =  0.3429E-04
 Side 1  free  transition at x/c =  0.0488   10
 Side 2  free  transition at x/c =  0.0165   11

  39   rms: 0.1009E+05   max: -.1951E+06   C at   83  2   RLX: 0.000
       a = -4.000      CL = -0.6007
      Cm =  0.1516     CD =  4.55495   =>   CDf =  0.00388    CDp =  4.55107

 MRCHDU: Convergence failed at 100  side 2    Res =  0.1448E-01
 MRCHDU: Convergence failed at 101  side 2    Res =  0.1159E-04
 MRCHDU: Convergence failed at 102  side 2    Res =  0.3429E-04
 Side 1  free  transition at x/c =  0.0488   10
 Side 2  free  transition at x/c =  0.0165   11

  40   rms: 0.2287E+04   max: 0.5245E+05   C at   83  2   RLX: 0.000
       a = -4.000      CL = -0.6007
      Cm =  0.1516     CD =  4.55349   =>   CDf =  0.00388    CDp =  4.54961

 MRCHDU: Convergence failed at 100  side 2    Res =  0.1515E-01
 MRCHDU: Convergence failed at 101  side 2    Res =  0.1154E-04
 MRCHDU: Convergence failed at 102  side 2    Res =  0.3428E-04
 Side 1  free  transition at x/c =  0.0488   10
 Side 2  free  transition at x/c =  0.0165   11

  41   rms: 0.7907E+03   max: -.1185E+05   C at   83  2   RLX: 0.000
       a = -4.000      CL = -0.6006
      Cm =  0.1516     CD =  4.55206   =>   CDf =  0.00388    CDp =  4.54818

 MRCHDU: Convergence failed at 100  side 2    Res =  0.1494E-01
 MRCHDU: Convergence failed at 101  side 2    Res =  0.1157E-04
 MRCHDU: Convergence failed at 102  side 2    Res =  0.3430E-04
 Side 1  free  transition at x/c =  0.0488   10
 Side 2  free  transition at x/c =  0.0165   11

  42   rms: 0.5518E+04   max: -.1042E+06   C at   83  2   RLX: 0.000
       a = -4.000      CL = -0.6006
      Cm =  0.1515     CD =  4.54695   =>   CDf =  0.00388    CDp =  4.54307

 MRCHDU: Convergence failed at 100  side 2    Res =  0.1480E-01
 MRCHDU: Convergence failed at 101  side 2    Res =  0.1159E-04
 MRCHDU: Convergence failed at 102  side 2    Res =  0.3431E-04
 Side 1  free  transition at x/c =  0.0488   10
 Side 2  free  transition at x/c =  0.0165   11

  43   rms: 0.2537E+04   max: 0.5730E+05   C at   83  2   RLX: 0.000
       a = -4.000      CL = -0.6006
      Cm =  0.1515     CD =  4.54535   =>   CDf =  0.00388    CDp =  4.54147

 MRCHDU: Convergence failed at 100  side 2    Res =  0.1549E-01
 MRCHDU: Convergence failed at 101  side 2    Res =  0.1152E-04
 MRCHDU: Convergence failed at 102  side 2    Res =  0.3429E-04
 Side 1  free  transition at x/c =  0.0488   10
 Side 2  free  transition at x/c =  0.0165   11

  44   rms: 0.7072E+03   max: -.1033E+05   C at   83  2   RLX: 0.000
       a = -4.000      CL = -0.6006
      Cm =  0.1515     CD =  4.54399   =>   CDf =  0.00388    CDp =  4.54012

 MRCHDU: Convergence failed at 100  side 2    Res =  0.1526E-01
 MRCHDU: Convergence failed at 101  side 2    Res =  0.1157E-04
 MRCHDU: Convergence failed at 102  side 2    Res =  0.3431E-04
 Side 1  free  transition at x/c =  0.0488   10
 Side 2  free  transition at x/c =  0.0165   11

  45   rms: 0.3825E+04   max: -.7061E+05   C at   83  2   RLX: 0.000
       a = -4.000      CL = -0.6005
      Cm =  0.1515     CD =  4.53822   =>   CDf =  0.00388    CDp =  4.53434

 MRCHDU: Convergence failed at 100  side 2    Res =  0.1512E-01
 MRCHDU: Convergence failed at 101  side 2    Res =  0.1158E-04
 MRCHDU: Convergence failed at 102  side 2    Res =  0.3432E-04
 Side 1  free  transition at x/c =  0.0488   10
 Side 2  free  transition at x/c =  0.0165   11

  46   rms: 0.2845E+04   max: 0.6328E+05   C at   83  2   RLX: 0.000
       a = -4.000      CL = -0.6005
      Cm =  0.1515     CD =  4.53648   =>   CDf =  0.00388    CDp =  4.53261

 MRCHDU: Convergence failed at 100  side 2    Res =  0.1581E-01
 MRCHDU: Convergence failed at 101  side 2    Res =  0.1152E-04
 MRCHDU: Convergence failed at 102  side 2    Res =  0.3431E-04
 Side 1  free  transition at x/c =  0.0488   10
 Side 2  free  transition at x/c =  0.0165   11

  47   rms: 0.6412E+03   max: -.9149E+04   C at   83  2   RLX: 0.000
       a = -4.000      CL = -0.6005
      Cm =  0.1515     CD =  4.53522   =>   CDf =  0.00388    CDp =  4.53134

 MRCHDU: Convergence failed at 100  side 2    Res =  0.1557E-01
 MRCHDU: Convergence failed at 101  side 2    Res =  0.1157E-04
 MRCHDU: Convergence failed at 102  side 2    Res =  0.3433E-04
 Side 1  free  transition at x/c =  0.0488   10
 Side 2  free  transition at x/c =  0.0165   11

  48   rms: 0.2959E+04   max: -.5346E+05   C at   83  2   RLX: 0.000
       a = -4.000      CL = -0.6005
      Cm =  0.1515     CD =  4.52875   =>   CDf =  0.00388    CDp =  4.52487

 MRCHDU: Convergence failed at 100  side 2    Res =  0.1542E-01
 MRCHDU: Convergence failed at 101  side 2    Res =  0.1159E-04
 MRCHDU: Convergence failed at 102  side 2    Res =  0.3434E-04
 Side 1  free  transition at x/c =  0.0488   10
 Side 2  free  transition at x/c =  0.0165   11

  49   rms: 0.3222E+04   max: 0.7059E+05   C at   83  2   RLX: 0.000
       a = -4.000      CL = -0.6005
      Cm =  0.1515     CD =  4.52686   =>   CDf =  0.00388    CDp =  4.52298

 MRCHDU: Convergence failed at 100  side 2    Res =  0.1612E-01
 MRCHDU: Convergence failed at 101  side 2    Res =  0.1152E-04
 MRCHDU: Convergence failed at 102  side 2    Res =  0.3432E-04
 Side 1  free  transition at x/c =  0.0488   10
 Side 2  free  transition at x/c =  0.0165   11

  50   rms: 0.5885E+03   max: -.8214E+04   C at   83  2   RLX: 0.000
       a = -4.000      CL = -0.6004
      Cm =  0.1515     CD =  4.52569   =>   CDf =  0.00388    CDp =  4.52181

 MRCHDU: Convergence failed at 100  side 2    Res =  0.1587E-01
 MRCHDU: Convergence failed at 101  side 2    Res =  0.1157E-04
 MRCHDU: Convergence failed at 102  side 2    Res =  0.3435E-04
 Side 1  free  transition at x/c =  0.0488   10
 Side 2  free  transition at x/c =  0.0165   11

  51   rms: 0.2439E+04   max: -.4316E+05   C at   83  2   RLX: 0.000
       a = -4.000      CL = -0.6004
      Cm =  0.1515     CD =  4.51848   =>   CDf =  0.00388    CDp =  4.51460

 MRCHDU: Convergence failed at 100  side 2    Res =  0.1571E-01
 MRCHDU: Convergence failed at 101  side 2    Res =  0.1159E-04
 MRCHDU: Convergence failed at 102  side 2    Res =  0.3436E-04
 Side 1  free  transition at x/c =  0.0488   10
 Side 2  free  transition at x/c =  0.0165   11

  52   rms: 0.3693E+04   max: 0.7971E+05   C at   83  2   RLX: 0.000
       a = -4.000      CL = -0.6004
      Cm =  0.1515     CD =  4.51642   =>   CDf =  0.00388    CDp =  4.51254

 MRCHDU: Convergence failed at 100  side 2    Res =  0.1641E-01
 MRCHDU: Convergence failed at 101  side 2    Res =  0.1152E-04
 MRCHDU: Convergence failed at 102  side 2    Res =  0.3434E-04
 Side 1  free  transition at x/c =  0.0488   10
 Side 2  free  transition at x/c =  0.0165   11

  53   rms: 0.5430E+03   max: -.7424E+04   C at   83  2   RLX: 0.000
       a = -4.000      CL = -0.6003
      Cm =  0.1515     CD =  4.51537   =>   CDf =  0.00388    CDp =  4.51149

 MRCHDU: Convergence failed at 100  side 2    Res =  0.1615E-01
 MRCHDU: Convergence failed at 101  side 2    Res =  0.1158E-04
 MRCHDU: Convergence failed at 102  side 2    Res =  0.3437E-04
 Side 1  free  transition at x/c =  0.0488   10
 Side 2  free  transition at x/c =  0.0165   11

  54   rms: 0.2092E+04   max: -.3630E+05   C at   83  2   RLX: 0.000
       a = -4.000      CL = -0.6003
      Cm =  0.1515     CD =  4.50741   =>   CDf =  0.00388    CDp =  4.50353

 MRCHDU: Convergence failed at 100  side 2    Res =  0.1598E-01
 MRCHDU: Convergence failed at 101  side 2    Res =  0.1161E-04
 MRCHDU: Convergence failed at 102  side 2    Res =  0.3438E-04
 Side 1  free  transition at x/c =  0.0488   10
 Side 2  free  transition at x/c =  0.0165   11

  55   rms: 0.4280E+04   max: 0.9106E+05   C at   83  2   RLX: 0.000
       a = -4.000      CL = -0.6003
      Cm =  0.1515     CD =  4.50518   =>   CDf =  0.00388    CDp =  4.50130

 MRCHDU: Convergence failed at 100  side 2    Res =  0.1669E-01
 MRCHDU: Convergence failed at 101  side 2    Res =  0.1153E-04
 MRCHDU: Convergence failed at 102  side 2    Res =  0.3436E-04
 Side 1  free  transition at x/c =  0.0488   10
 Side 2  free  transition at x/c =  0.0165   11

  56   rms: 0.5087E+03   max: -.6824E+04   C at   83  2   RLX: 0.000
       a = -4.000      CL = -0.6002
      Cm =  0.1514     CD =  4.50425   =>   CDf =  0.00388    CDp =  4.50037

 MRCHDU: Convergence failed at 100  side 2    Res =  0.1642E-01
 MRCHDU: Convergence failed at 101  side 2    Res =  0.1160E-04
 MRCHDU: Convergence failed at 102  side 2    Res =  0.3439E-04
 Side 1  free  transition at x/c =  0.0488   10
 Side 2  free  transition at x/c =  0.0165   11

  57   rms: 0.1862E+04   max: -.3170E+05   C at   83  2   RLX: 0.000
       a = -4.000      CL = -0.6002
      Cm =  0.1514     CD =  4.49549   =>   CDf =  0.00388    CDp =  4.49161

 MRCHDU: Convergence failed at 100  side 2    Res =  0.1625E-01
 MRCHDU: Convergence failed at 101  side 2    Res =  0.1163E-04
 MRCHDU: Convergence failed at 102  side 2    Res =  0.3441E-04
 Side 1  free  transition at x/c =  0.0488   10
 Side 2  free  transition at x/c =  0.0165   11

  58   rms: 0.4995E+04   max: 0.1048E+06   C at   83  2   RLX: 0.000
       a = -4.000      CL = -0.6002
      Cm =  0.1514     CD =  4.49308   =>   CDf =  0.00388    CDp =  4.48920

 MRCHDU: Convergence failed at 100  side 2    Res =  0.1695E-01
 MRCHDU: Convergence failed at 101  side 2    Res =  0.1155E-04
 MRCHDU: Convergence failed at 102  side 2    Res =  0.3439E-04
 Side 1  free  transition at x/c =  0.0488   10
 Side 2  free  transition at x/c =  0.0165   11

  59   rms: 0.4815E+03   max: -.6344E+04   C at   83  2   RLX: 0.000
       a = -4.000      CL = -0.6001
      Cm =  0.1514     CD =  4.49228   =>   CDf =  0.00388    CDp =  4.48840

 MRCHDU: Convergence failed at 100  side 2    Res =  0.1668E-01
 MRCHDU: Convergence failed at 101  side 2    Res =  0.1163E-04
 MRCHDU: Convergence failed at 102  side 2    Res =  0.3442E-04
 Side 1  free  transition at x/c =  0.0488   10
 Side 2  free  transition at x/c =  0.0165   11

  60   rms: 0.1703E+04   max: -.2850E+05   C at   83  2   RLX: 0.000
       a = -4.000      CL = -0.6001
      Cm =  0.1514     CD =  4.48264   =>   CDf =  0.00388    CDp =  4.47876

 MRCHDU: Convergence failed at 100  side 2    Res =  0.1649E-01
 MRCHDU: Convergence failed at 101  side 2    Res =  0.1166E-04
 MRCHDU: Convergence failed at 102  side 2    Res =  0.3443E-04
 Side 1  free  transition at x/c =  0.0488   10
 Side 2  free  transition at x/c =  0.0165   11

  61   rms: 0.5827E+04   max: 0.1206E+06   C at   83  2   RLX: 0.000
       a = -4.000      CL = -0.6001
      Cm =  0.1514     CD =  4.48004   =>   CDf =  0.00388    CDp =  4.47616

 MRCHDU: Convergence failed at 100  side 2    Res =  0.1719E-01
 MRCHDU: Convergence failed at 101  side 2    Res =  0.1157E-04
 MRCHDU: Convergence failed at 102  side 2    Res =  0.3441E-04
 Side 1  free  transition at x/c =  0.0488   10
 Side 2  free  transition at x/c =  0.0165   11

  62   rms: 0.4615E+03   max: -.5982E+04   C at   83  2   RLX: 0.000
       a = -4.000      CL = -0.6000
      Cm =  0.1514     CD =  4.47938   =>   CDf =  0.00388    CDp =  4.47550

 MRCHDU: Convergence failed at 100  side 2    Res =  0.1692E-01
 MRCHDU: Convergence failed at 101  side 2    Res =  0.1166E-04
 MRCHDU: Convergence failed at 102  side 2    Res =  0.3445E-04
 Side 1  free  transition at x/c =  0.0488   10
 Side 2  free  transition at x/c =  0.0165   11

  63   rms: 0.1600E+04   max: -.2632E+05   C at   83  2   RLX: 0.000
       a = -4.000      CL = -0.6000
      Cm =  0.1514     CD =  4.46884   =>   CDf =  0.00388    CDp =  4.46496

 MRCHDU: Convergence failed at 100  side 2    Res =  0.1673E-01
 MRCHDU: Convergence failed at 101  side 2    Res =  0.1169E-04
 MRCHDU: Convergence failed at 102  side 2    Res =  0.3446E-04
 Side 1  free  transition at x/c =  0.0488   10
 Side 2  free  transition at x/c =  0.0165   11

  64   rms: 0.6735E+04   max: 0.1376E+06   C at   83  2   RLX: 0.000
       a = -4.000      CL = -0.6000
      Cm =  0.1514     CD =  4.46603   =>   CDf =  0.00388    CDp =  4.46215

 MRCHDU: Convergence failed at 100  side 2    Res =  0.1743E-01
 MRCHDU: Convergence failed at 101  side 2    Res =  0.1160E-04
 MRCHDU: Convergence failed at 102  side 2    Res =  0.3444E-04
 Side 1  free  transition at x/c =  0.0488   10
 Side 2  free  transition at x/c =  0.0165   11

  65   rms: 0.4479E+03   max: -.5717E+04   C at   83  2   RLX: 0.000
       a = -4.000      CL = -0.5999
      Cm =  0.1514     CD =  4.46553   =>   CDf =  0.00388    CDp =  4.46165

 MRCHDU: Convergence failed at 100  side 2    Res =  0.1715E-01
 MRCHDU: Convergence failed at 101  side 2    Res =  0.1169E-04
 MRCHDU: Convergence failed at 102  side 2    Res =  0.3448E-04
 Side 1  free  transition at x/c =  0.0488   10
 Side 2  free  transition at x/c =  0.0165   11

  66   rms: 0.1545E+04   max: -.2502E+05   C at   83  2   RLX: 0.000
       a = -4.000      CL = -0.5999
      Cm =  0.1514     CD =  4.45403   =>   CDf =  0.00388    CDp =  4.45015

 MRCHDU: Convergence failed at 100  side 2    Res =  0.1695E-01
 MRCHDU: Convergence failed at 101  side 2    Res =  0.1173E-04
 MRCHDU: Convergence failed at 102  side 2    Res =  0.3449E-04
 Side 1  free  transition at x/c =  0.0488   10
 Side 2  free  transition at x/c =  0.0165   11

  67   rms: 0.7417E+04   max: 0.1496E+06   C at   83  2   RLX: 0.000
       a = -4.000      CL = -0.5999
      Cm =  0.1514     CD =  4.45100   =>   CDf =  0.00388    CDp =  4.44712

 MRCHDU: Convergence failed at 100  side 2    Res =  0.1764E-01
 MRCHDU: Convergence failed at 101  side 2    Res =  0.1164E-04
 MRCHDU: Convergence failed at 102  side 2    Res =  0.3447E-04
 Side 1  free  transition at x/c =  0.0488   10
 Side 2  free  transition at x/c =  0.0165   11

  68   rms: 0.4411E+03   max: -.5550E+04   C at   83  2   RLX: 0.000
       a = -4.000      CL = -0.5998
      Cm =  0.1513     CD =  4.45066   =>   CDf =  0.00388    CDp =  4.44678

 MRCHDU: Convergence failed at 100  side 2    Res =  0.1736E-01
 MRCHDU: Convergence failed at 101  side 2    Res =  0.1174E-04
 MRCHDU: Convergence failed at 102  side 2    Res =  0.3451E-04
 Side 1  free  transition at x/c =  0.0488   10
 Side 2  free  transition at x/c =  0.0165   11

  69   rms: 0.1555E+04   max: -.2481E+05   C at   83  2   RLX: 0.000
       a = -4.000      CL = -0.5998
      Cm =  0.1513     CD =  4.43813   =>   CDf =  0.00388    CDp =  4.43425

 MRCHDU: Convergence failed at 100  side 2    Res =  0.1716E-01
 MRCHDU: Convergence failed at 101  side 2    Res =  0.1177E-04
 MRCHDU: Convergence failed at 102  side 2    Res =  0.3453E-04
 Side 1  free  transition at x/c =  0.0488   10
 Side 2  free  transition at x/c =  0.0165   11

  70   rms: 0.7484E+04   max: 0.1492E+06   C at   83  2   RLX: 0.000
       a = -4.000      CL = -0.5998
      Cm =  0.1513     CD =  4.43486   =>   CDf =  0.00388    CDp =  4.43098

 MRCHDU: Convergence failed at 100  side 2    Res =  0.1785E-01
 MRCHDU: Convergence failed at 101  side 2    Res =  0.1168E-04
 MRCHDU: Convergence failed at 102  side 2    Res =  0.3450E-04
 Side 1  free  transition at x/c =  0.0488   10
 Side 2  free  transition at x/c =  0.0165   11

  71   rms: 0.4428E+03   max: -.5497E+04   C at   83  2   RLX: 0.000
       a = -4.000      CL = -0.5997
      Cm =  0.1513     CD =  4.43471   =>   CDf =  0.00388    CDp =  4.43083

 MRCHDU: Convergence failed at 100  side 2    Res =  0.1756E-01
 MRCHDU: Convergence failed at 101  side 2    Res =  0.1179E-04
 MRCHDU: Convergence failed at 102  side 2    Res =  0.3455E-04
 Side 1  free  transition at x/c =  0.0488   10
 Side 2  free  transition at x/c =  0.0165   11

  72   rms: 0.1628E+04   max: -.2562E+05   C at   83  2   RLX: 0.000
       a = -4.000      CL = -0.5997
      Cm =  0.1513     CD =  4.42104   =>   CDf =  0.00388    CDp =  4.41716

 MRCHDU: Convergence failed at 100  side 2    Res =  0.1736E-01
 MRCHDU: Convergence failed at 101  side 2    Res =  0.1183E-04
 MRCHDU: Convergence failed at 102  side 2    Res =  0.3456E-04
 Side 1  free  transition at x/c =  0.0488   10
 Side 2  free  transition at x/c =  0.0165   11

  73   rms: 0.6747E+04   max: 0.1329E+06   C at   83  2   RLX: 0.000
       a = -4.000      CL = -0.5997
      Cm =  0.1513     CD =  4.41750   =>   CDf =  0.00388    CDp =  4.41362

 MRCHDU: Convergence failed at 100  side 2    Res =  0.1804E-01
 MRCHDU: Convergence failed at 101  side 2    Res =  0.1173E-04
 MRCHDU: Convergence failed at 102  side 2    Res =  0.3454E-04
 Side 1  free  transition at x/c =  0.0488   10
 Side 2  free  transition at x/c =  0.0165   11

  74   rms: 0.4566E+03   max: -.5599E+04   C at   83  2   RLX: 0.000
       a = -4.000      CL = -0.5996
      Cm =  0.1513     CD =  4.41755   =>   CDf =  0.00388    CDp =  4.41367

 MRCHDU: Convergence failed at 100  side 2    Res =  0.1776E-01
 MRCHDU: Convergence failed at 101  side 2    Res =  0.1184E-04
 MRCHDU: Convergence failed at 102  side 2    Res =  0.3458E-04
 Side 1  free  transition at x/c =  0.0488   10
 Side 2  free  transition at x/c =  0.0165   11

  75   rms: 0.1827E+04   max: -.2838E+05   C at   83  2   RLX: 0.000
       a = -4.000      CL = -0.5996
      Cm =  0.1513     CD =  4.40260   =>   CDf =  0.00388    CDp =  4.39872

 MRCHDU: Convergence failed at 100  side 2    Res =  0.1755E-01
 MRCHDU: Convergence failed at 101  side 2    Res =  0.1189E-04
 MRCHDU: Convergence failed at 102  side 2    Res =  0.3460E-04
 Side 1  free  transition at x/c =  0.0488   10
 Side 2  free  transition at x/c =  0.0165   11

  76   rms: 0.5323E+04   max: 0.1038E+06   C at   83  2   RLX: 0.000
       a = -4.000      CL = -0.5996
      Cm =  0.1513     CD =  4.39877   =>   CDf =  0.00388    CDp =  4.39489

 MRCHDU: Convergence failed at 100  side 2    Res =  0.1822E-01
 MRCHDU: Convergence failed at 101  side 2    Res =  0.1179E-04
 MRCHDU: Convergence failed at 102  side 2    Res =  0.3458E-04
 Side 1  free  transition at x/c =  0.0488   10
 Side 2  free  transition at x/c =  0.0165   11

  77   rms: 0.4960E+03   max: -.6013E+04   C at   83  2   RLX: 0.000
       a = -4.000      CL = -0.5995
      Cm =  0.1513     CD =  4.39905   =>   CDf =  0.00388    CDp =  4.39517

 MRCHDU: Convergence failed at 100  side 2    Res =  0.1794E-01
 MRCHDU: Convergence failed at 101  side 2    Res =  0.1191E-04
 MRCHDU: Convergence failed at 102  side 2    Res =  0.3463E-04
 Side 1  free  transition at x/c =  0.0488   10
 Side 2  free  transition at x/c =  0.0165   11

  78   rms: 0.2457E+04   max: -.3771E+05   C at   83  2   RLX: 0.000
       a = -4.000      CL = -0.5995
      Cm =  0.1513     CD =  4.38254   =>   CDf =  0.00388    CDp =  4.37866

 MRCHDU: Convergence failed at 100  side 2    Res =  0.1773E-01
 MRCHDU: Convergence failed at 101  side 2    Res =  0.1196E-04
 MRCHDU: Convergence failed at 102  side 2    Res =  0.3465E-04
 Side 1  free  transition at x/c =  0.0488   10
 Side 2  free  transition at x/c =  0.0165   11

  79   rms: 0.3716E+04   max: 0.7168E+05   C at   83  2   RLX: 0.000
       a = -4.000      CL = -0.5995
      Cm =  0.1513     CD =  4.37835   =>   CDf =  0.00388    CDp =  4.37447

 MRCHDU: Convergence failed at 100  side 2    Res =  0.1839E-01
 MRCHDU: Convergence failed at 101  side 2    Res =  0.1186E-04
 MRCHDU: Convergence failed at 102  side 2    Res =  0.3462E-04
 Side 1  free  transition at x/c =  0.0488   10
 Side 2  free  transition at x/c =  0.0165   11

  80   rms: 0.5821E+03   max: -.6981E+04   C at   83  2   RLX: 0.000
       a = -4.000      CL = -0.5994
      Cm =  0.1512     CD =  4.37892   =>   CDf =  0.00388    CDp =  4.37504

 MRCHDU: Convergence failed at 100  side 2    Res =  0.1812E-01
 MRCHDU: Convergence failed at 101  side 2    Res =  0.1199E-04
 MRCHDU: Convergence failed at 102  side 2    Res =  0.3467E-04
 Side 1  free  transition at x/c =  0.0488   10
 Side 2  free  transition at x/c =  0.0165   11

  81   rms: 0.6916E+04   max: -.1049E+06   C at   83  2   RLX: 0.000
       a = -4.000      CL = -0.5994
      Cm =  0.1512     CD =  4.36049   =>   CDf =  0.00388    CDp =  4.35661

 MRCHDU: Convergence failed at 100  side 2    Res =  0.1791E-01
 MRCHDU: Convergence failed at 101  side 2    Res =  0.1204E-04
 MRCHDU: Convergence failed at 102  side 2    Res =  0.3470E-04
 Side 1  free  transition at x/c =  0.0488   10
 Side 2  free  transition at x/c =  0.0165   11

  82   rms: 0.2334E+04   max: 0.4459E+05   C at   83  2   RLX: 0.000
       a = -4.000      CL = -0.5994
      Cm =  0.1512     CD =  4.35583   =>   CDf =  0.00388    CDp =  4.35195

 MRCHDU: Convergence failed at 100  side 2    Res =  0.1856E-01
 MRCHDU: Convergence failed at 101  side 2    Res =  0.1193E-04
 MRCHDU: Convergence failed at 102  side 2    Res =  0.3466E-04
 Side 1  free  transition at x/c =  0.0488   10
 Side 2  free  transition at x/c =  0.0165   11

  83   rms: 0.8404E+03   max: -.9975E+04   C at   83  2   RLX: 0.000
       a = -4.000      CL = -0.5993
      Cm =  0.1512     CD =  4.35682   =>   CDf =  0.00388    CDp =  4.35294

 MRCHDU: Convergence failed at 100  side 2    Res =  0.1830E-01
 MRCHDU: Convergence failed at 101  side 2    Res =  0.1208E-04
 MRCHDU: Convergence failed at 102  side 2    Res =  0.3472E-04
 Side 1  free  transition at x/c =  0.0488   10
 Side 2  free  transition at x/c =  0.0165   11

  84   rms: 0.2701E+04   max: 0.4053E+05   C at   83  2   RLX: 0.000
       a = -4.000      CL = -0.5993
      Cm =  0.1512     CD =  4.34500   =>   CDf =  0.00388    CDp =  4.34112

 MRCHDU: Convergence failed at 100  side 2    Res =  0.1866E-01
 MRCHDU: Convergence failed at 101  side 2    Res =  0.1187E-04
 MRCHDU: Convergence failed at 102  side 2    Res =  0.3464E-04
 Side 1  free  transition at x/c =  0.0488   10
 Side 2  free  transition at x/c =  0.0165   11

  85   rms: 0.2604E+03   max: -.2555E+04   C at   83  2   RLX: 0.000
       a = -4.000      CL = -0.5991
      Cm =  0.1512     CD =  4.35308   =>   CDf =  0.00388    CDp =  4.34920

 MRCHDU: Convergence failed at 100  side 2    Res =  0.1850E-01
 MRCHDU: Convergence failed at 101  side 2    Res =  0.1221E-04
 MRCHDU: Convergence failed at 102  side 2    Res =  0.3478E-04
 Side 1  free  transition at x/c =  0.0488   10
 Side 2  free  transition at x/c =  0.0165   11

  86   rms: 0.3083E+03   max: 0.3664E+04   C at   83  2   RLX: 0.000
       a = -4.000      CL = -0.5988
      Cm =  0.1511     CD =  4.32948   =>   CDf =  0.00388    CDp =  4.32560

 MRCHDU: Convergence failed at 100  side 2    Res =  0.1792E-01
 MRCHDU: Convergence failed at 101  side 2    Res =  0.1167E-04
 MRCHDU: Convergence failed at 102  side 2    Res =  0.3453E-04
 Side 1  free  transition at x/c =  0.0488   10
 Side 2  free  transition at x/c =  0.0165   11

  87   rms: 0.7203E+02   max: -.6221E+03   C at   83  2   RLX: 0.001
       a = -4.000      CL = -0.5981
      Cm =  0.1509     CD =  4.37544   =>   CDf =  0.00388    CDp =  4.37156

 MRCHDU: Convergence failed at 100  side 2    Res =  0.1823E-01
 MRCHDU: Convergence failed at 101  side 2    Res =  0.1238E-04
 MRCHDU: Convergence failed at 102  side 2    Res =  0.3484E-04
 Side 1  free  transition at x/c =  0.0488   10
 Side 2  free  transition at x/c =  0.0165   11

  88   rms: 0.1767E+02   max: 0.1535E+03   C at   83  2   RLX: 0.010
       a = -4.000      CL = -0.5896
      Cm =  0.1489     CD =  4.48623   =>   CDf =  0.00388    CDp =  4.48235

 MRCHDU: Convergence failed at 100  side 2    Res =  0.1400E-01
 MRCHDU: Convergence failed at 101  side 2    Res =  0.8815E-05
 MRCHDU: Convergence failed at 102  side 2    Res =  0.3251E-04
 MRCHDU: Convergence failed at 105  side 2    Res =  0.2888E-03
 MRCHDU: Convergence failed at 106  side 2    Res =  0.1673E-02
 Side 1  free  transition at x/c =  0.0488   10
 Side 2  free  transition at x/c =  0.0165   11

  89   rms: 0.1795E+02   max: -.1443E+03   C at   83  2   RLX: 0.003
       a = -4.000      CL = -0.5864
      Cm =  0.1480     CD =  5.05427   =>   CDf =  0.00387    CDp =  5.05040

 MRCHDU: Convergence failed at 100  side 2    Res =  0.1513E-01
 MRCHDU: Convergence failed at 101  side 2    Res =  0.9886E-05
 MRCHDU: Convergence failed at 102  side 2    Res =  0.3314E-04
 MRCHDU: Convergence failed at 106  side 2    Res =  0.1126E-02
 Side 1  free  transition at x/c =  0.0488   10
 Side 2  free  transition at x/c =  0.0165   11

  90   rms: 0.5014E+02   max: -.4400E+03   C at   83  2   RLX: 0.001
       a = -4.000      CL = -0.5853
      Cm =  0.1477     CD =  4.83696   =>   CDf =  0.00387    CDp =  4.83309

 MRCHDU: Convergence failed at 100  side 2    Res =  0.1508E-01
 MRCHDU: Convergence failed at 101  side 2    Res =  0.1033E-04
 MRCHDU: Convergence failed at 102  side 2    Res =  0.3337E-04
 MRCHDU: Convergence failed at 106  side 2    Res =  0.5920E-03
 Side 1  free  transition at x/c =  0.0488   10
 Side 2  free  transition at x/c =  0.0165   11

  91   rms: 0.1295E+03   max: -.1323E+04   C at   83  2   RLX: 0.000
       a = -4.000      CL = -0.5849
      Cm =  0.1476     CD =  4.75716   =>   CDf =  0.00387    CDp =  4.75329

 MRCHDU: Convergence failed at 100  side 2    Res =  0.1477E-01
 MRCHDU: Convergence failed at 101  side 2    Res =  0.1051E-04
 MRCHDU: Convergence failed at 102  side 2    Res =  0.3346E-04
 MRCHDU: Convergence failed at 106  side 2    Res =  0.3408E-03
 Side 1  free  transition at x/c =  0.0488   10
 Side 2  free  transition at x/c =  0.0165   11

  92   rms: 0.3259E+03   max: -.4087E+04   C at   83  2   RLX: 0.000
       a = -4.000      CL = -0.5848
      Cm =  0.1476     CD =  4.72850   =>   CDf =  0.00387    CDp =  4.72464

 MRCHDU: Convergence failed at 100  side 2    Res =  0.1448E-01
 MRCHDU: Convergence failed at 101  side 2    Res =  0.1058E-04
 MRCHDU: Convergence failed at 102  side 2    Res =  0.3350E-04
 MRCHDU: Convergence failed at 106  side 2    Res =  0.2387E-03
 Side 1  free  transition at x/c =  0.0488   10
 Side 2  free  transition at x/c =  0.0165   11

  93   rms: 0.9419E+03   max: -.1497E+05   C at   83  2   RLX: 0.000
       a = -4.000      CL = -0.5847
      Cm =  0.1476     CD =  4.71830   =>   CDf =  0.00387    CDp =  4.71444

 MRCHDU: Convergence failed at 100  side 2    Res =  0.1429E-01
 MRCHDU: Convergence failed at 101  side 2    Res =  0.1060E-04
 MRCHDU: Convergence failed at 102  side 2    Res =  0.3351E-04
 MRCHDU: Convergence failed at 106  side 2    Res =  0.2000E-03
 Side 1  free  transition at x/c =  0.0488   10
 Side 2  free  transition at x/c =  0.0165   11

  94   rms: 0.1978E+05   max: -.3927E+06   C at   83  2   RLX: 0.000
       a = -4.000      CL = -0.5847
      Cm =  0.1475     CD =  4.71473   =>   CDf =  0.00387    CDp =  4.71086

 MRCHDU: Convergence failed at 100  side 2    Res =  0.1418E-01
 MRCHDU: Convergence failed at 101  side 2    Res =  0.1061E-04
 MRCHDU: Convergence failed at 102  side 2    Res =  0.3352E-04
 MRCHDU: Convergence failed at 106  side 2    Res =  0.1861E-03
 Side 1  free  transition at x/c =  0.0488   10
 Side 2  free  transition at x/c =  0.0165   11

  95   rms: 0.2088E+04   max: 0.4871E+05   C at   83  2   RLX: 0.000
       a = -4.000      CL = -0.5847
      Cm =  0.1476     CD =  4.71348   =>   CDf =  0.00387    CDp =  4.70962

 MRCHDU: Convergence failed at 100  side 2    Res =  0.1484E-01
 MRCHDU: Convergence failed at 101  side 2    Res =  0.1056E-04
 MRCHDU: Convergence failed at 102  side 2    Res =  0.3350E-04
 MRCHDU: Convergence failed at 106  side 2    Res =  0.1970E-03
 Side 1  free  transition at x/c =  0.0488   10
 Side 2  free  transition at x/c =  0.0165   11

  96   rms: 0.8111E+03   max: -.1253E+05   C at   83  2   RLX: 0.000
       a = -4.000      CL = -0.5847
      Cm =  0.1475     CD =  4.71184   =>   CDf =  0.00387    CDp =  4.70798

 MRCHDU: Convergence failed at 100  side 2    Res =  0.1464E-01
 MRCHDU: Convergence failed at 101  side 2    Res =  0.1059E-04
 MRCHDU: Convergence failed at 102  side 2    Res =  0.3352E-04
 MRCHDU: Convergence failed at 106  side 2    Res =  0.1516E-03
 Side 1  free  transition at x/c =  0.0488   10
 Side 2  free  transition at x/c =  0.0165   11

  97   rms: 0.6962E+04   max: -.1349E+06   C at   83  2   RLX: 0.000
       a = -4.000      CL = -0.5847
      Cm =  0.1475     CD =  4.70772   =>   CDf =  0.00387    CDp =  4.70385

 MRCHDU: Convergence failed at 100  side 2    Res =  0.1451E-01
 MRCHDU: Convergence failed at 101  side 2    Res =  0.1060E-04
 MRCHDU: Convergence failed at 102  side 2    Res =  0.3353E-04
 MRCHDU: Convergence failed at 106  side 2    Res =  0.1351E-03
 Side 1  free  transition at x/c =  0.0488   10
 Side 2  free  transition at x/c =  0.0165   11

  98   rms: 0.2319E+04   max: 0.5326E+05   C at   83  2   RLX: 0.000
       a = -4.000      CL = -0.5847
      Cm =  0.1475     CD =  4.70637   =>   CDf =  0.00387    CDp =  4.70250

 MRCHDU: Convergence failed at 100  side 2    Res =  0.1519E-01
 MRCHDU: Convergence failed at 101  side 2    Res =  0.1054E-04
 MRCHDU: Convergence failed at 102  side 2    Res =  0.3351E-04
 MRCHDU: Convergence failed at 106  side 2    Res =  0.1492E-03
 Side 1  free  transition at x/c =  0.0488   10
 Side 2  free  transition at x/c =  0.0165   11

  99   rms: 0.7118E+03   max: -.1070E+05   C at   83  2   RLX: 0.000
       a = -4.000      CL = -0.5846
      Cm =  0.1475     CD =  4.70478   =>   CDf =  0.00387    CDp =  4.70091

 MRCHDU: Convergence failed at 100  side 2    Res =  0.1497E-01
 MRCHDU: Convergence failed at 101  side 2    Res =  0.1057E-04
 MRCHDU: Convergence failed at 102  side 2    Res =  0.3353E-04
 MRCHDU: Convergence failed at 106  side 2    Res =  0.9631E-04
 Side 1  free  transition at x/c =  0.0488   10
 Side 2  free  transition at x/c =  0.0165   11

 100   rms: 0.4232E+04   max: -.8012E+05   C at   83  2   RLX: 0.000
       a = -4.000      CL = -0.5846
      Cm =  0.1475     CD =  4.70008   =>   CDf =  0.00387    CDp =  4.69621

 MRCHDU: Convergence failed at 100  side 2    Res =  0.1483E-01
 MRCHDU: Convergence failed at 101  side 2    Res =  0.1059E-04
 MRCHDU: Convergence failed at 102  side 2    Res =  0.3354E-04
 MRCHDU: Convergence failed at 106  side 2    Res =  0.7671E-04
 Side 1  free  transition at x/c =  0.0488   10
 Side 2  free  transition at x/c =  0.0165   11

 101   rms: 0.2615E+04   max: 0.5916E+05   C at   83  2   RLX: 0.000
       a = -4.000      CL = -0.5846
      Cm =  0.1475     CD =  4.69861   =>   CDf =  0.00387    CDp =  4.69474

 MRCHDU: Convergence failed at 100  side 2    Res =  0.1552E-01
 MRCHDU: Convergence failed at 101  side 2    Res =  0.1053E-04
 MRCHDU: Convergence failed at 102  side 2    Res =  0.3353E-04
 MRCHDU: Convergence failed at 106  side 2    Res =  0.9439E-04
 Side 1  free  transition at x/c =  0.0488   10
 Side 2  free  transition at x/c =  0.0165   11

 102   rms: 0.6342E+03   max: -.9292E+04   C at   83  2   RLX: 0.000
       a = -4.000      CL = -0.5845
      Cm =  0.1475     CD =  4.69708   =>   CDf =  0.00387    CDp =  4.69321

 MRCHDU: Convergence failed at 100  side 2    Res =  0.1529E-01
 MRCHDU: Convergence failed at 101  side 2    Res =  0.1057E-04
 MRCHDU: Convergence failed at 102  side 2    Res =  0.3354E-04
 MRCHDU: Convergence failed at 106  side 2    Res =  0.3310E-04
 Side 1  free  transition at x/c =  0.0488   10
 Side 2  free  transition at x/c =  0.0165   11

 103   rms: 0.3052E+04   max: -.5648E+05   C at   83  2   RLX: 0.000
       a = -4.000      CL = -0.5845
      Cm =  0.1475     CD =  4.69177   =>   CDf =  0.00387    CDp =  4.68791

 MRCHDU: Convergence failed at 100  side 2    Res =  0.1514E-01
 MRCHDU: Convergence failed at 101  side 2    Res =  0.1058E-04
 MRCHDU: Convergence failed at 102  side 2    Res =  0.3355E-04
 MRCHDU: Convergence failed at 106  side 2    Res =  0.1008E-04
 Side 1  free  transition at x/c =  0.0488   10
 Side 2  free  transition at x/c =  0.0165   11

 104   rms: 0.2997E+04   max: 0.6677E+05   C at   83  2   RLX: 0.000
       a = -4.000      CL = -0.5845
      Cm =  0.1475     CD =  4.69017   =>   CDf =  0.00387    CDp =  4.68631

 MRCHDU: Convergence failed at 100  side 2    Res =  0.1584E-01
 MRCHDU: Convergence failed at 101  side 2    Res =  0.1052E-04
 MRCHDU: Convergence failed at 102  side 2    Res =  0.3354E-04
 MRCHDU: Convergence failed at 106  side 2    Res =  0.3181E-04
 Side 1  free  transition at x/c =  0.0488   10
 Side 2  free  transition at x/c =  0.0165   11

 105   rms: 0.5710E+03   max: -.8169E+04   C at   83  2   RLX: 0.000
       a = -4.000      CL = -0.5844
      Cm =  0.1475     CD =  4.68871   =>   CDf =  0.00387    CDp =  4.68485

 MRCHDU: Convergence failed at 100  side 2    Res =  0.1560E-01
 MRCHDU: Convergence failed at 101  side 2    Res =  0.1056E-04
 MRCHDU: Convergence failed at 102  side 2    Res =  0.3356E-04
 Side 1  free  transition at x/c =  0.0488   10
 Side 2  free  transition at x/c =  0.0165   11

 106   rms: 0.2395E+04   max: -.4337E+05   C at   83  2   RLX: 0.000
       a = -4.000      CL = -0.5844
      Cm =  0.1475     CD =  4.68275   =>   CDf =  0.00387    CDp =  4.67888

 MRCHDU: Convergence failed at 100  side 2    Res =  0.1544E-01
 MRCHDU: Convergence failed at 101  side 2    Res =  0.1058E-04
 MRCHDU: Convergence failed at 102  side 2    Res =  0.3357E-04
 Side 1  free  transition at x/c =  0.0488   10
 Side 2  free  transition at x/c =  0.0165   11

 107   rms: 0.3507E+04   max: 0.7694E+05   C at   83  2   RLX: 0.000
       a = -4.000      CL = -0.5844
      Cm =  0.1475     CD =  4.68102   =>   CDf =  0.00387    CDp =  4.67715

 MRCHDU: Convergence failed at 100  side 2    Res =  0.1614E-01
 MRCHDU: Convergence failed at 101  side 2    Res =  0.1052E-04
 MRCHDU: Convergence failed at 102  side 2    Res =  0.3355E-04
 Side 1  free  transition at x/c =  0.0488   10
 Side 2  free  transition at x/c =  0.0165   11

 108   rms: 0.5211E+03   max: -.7290E+04   C at   83  2   RLX: 0.000
       a = -4.000      CL = -0.5844
      Cm =  0.1475     CD =  4.67964   =>   CDf =  0.00387    CDp =  4.67577

 MRCHDU: Convergence failed at 100  side 2    Res =  0.1589E-01
 MRCHDU: Convergence failed at 101  side 2    Res =  0.1056E-04
 MRCHDU: Convergence failed at 102  side 2    Res =  0.3358E-04
 Side 1  free  transition at x/c =  0.0488   10
 Side 2  free  transition at x/c =  0.0165   11

 109   rms: 0.1981E+04   max: -.3513E+05   C at   83  2   RLX: 0.000
       a = -4.000      CL = -0.5843
      Cm =  0.1475     CD =  4.67300   =>   CDf =  0.00387    CDp =  4.66914

 MRCHDU: Convergence failed at 100  side 2    Res =  0.1573E-01
 MRCHDU: Convergence failed at 101  side 2    Res =  0.1058E-04
 MRCHDU: Convergence failed at 102  side 2    Res =  0.3359E-04
 Side 1  free  transition at x/c =  0.0488   10
 Side 2  free  transition at x/c =  0.0165   11

 110   rms: 0.4209E+04   max: 0.9099E+05   C at   83  2   RLX: 0.000
       a = -4.000      CL = -0.5843
      Cm =  0.1475     CD =  4.67113   =>   CDf =  0.00387    CDp =  4.66726

 MRCHDU: Convergence failed at 100  side 2    Res =  0.1643E-01
 MRCHDU: Convergence failed at 101  side 2    Res =  0.1052E-04
 MRCHDU: Convergence failed at 102  side 2    Res =  0.3357E-04
 Side 1  free  transition at x/c =  0.0488   10
 Side 2  free  transition at x/c =  0.0165   11

 111   rms: 0.4806E+03   max: -.6586E+04   C at   83  2   RLX: 0.000
       a = -4.000      CL = -0.5843
      Cm =  0.1474     CD =  4.66985   =>   CDf =  0.00387    CDp =  4.66598

 MRCHDU: Convergence failed at 100  side 2    Res =  0.1617E-01
 MRCHDU: Convergence failed at 101  side 2    Res =  0.1057E-04
 MRCHDU: Convergence failed at 102  side 2    Res =  0.3360E-04
 Side 1  free  transition at x/c =  0.0488   10
 Side 2  free  transition at x/c =  0.0165   11

 112   rms: 0.1699E+04   max: -.2953E+05   C at   83  2   RLX: 0.000
       a = -4.000      CL = -0.5842
      Cm =  0.1474     CD =  4.66251   =>   CDf =  0.00387    CDp =  4.65864

 MRCHDU: Convergence failed at 100  side 2    Res =  0.1600E-01
 MRCHDU: Convergence failed at 101  side 2    Res =  0.1059E-04
 MRCHDU: Convergence failed at 102  side 2    Res =  0.3361E-04
 Side 1  free  transition at x/c =  0.0488   10
 Side 2  free  transition at x/c =  0.0165   11

 113   rms: 0.5223E+04   max: 0.1113E+06   C at   83  2   RLX: 0.000
       a = -4.000      CL = -0.5843
      Cm =  0.1474     CD =  4.66048   =>   CDf =  0.00387    CDp =  4.65661

 MRCHDU: Convergence failed at 100  side 2    Res =  0.1670E-01
 MRCHDU: Convergence failed at 101  side 2    Res =  0.1052E-04
 MRCHDU: Convergence failed at 102  side 2    Res =  0.3359E-04
 Side 1  free  transition at x/c =  0.0488   10
 Side 2  free  transition at x/c =  0.0165   11

 114   rms: 0.4468E+03   max: -.6005E+04   C at   83  2   RLX: 0.000
       a = -4.000      CL = -0.5842
      Cm =  0.1474     CD =  4.65931   =>   CDf =  0.00387    CDp =  4.65544

 MRCHDU: Convergence failed at 100  side 2    Res =  0.1643E-01
 MRCHDU: Convergence failed at 101  side 2    Res =  0.1058E-04
 MRCHDU: Convergence failed at 102  side 2    Res =  0.3362E-04
 Side 1  free  transition at x/c =  0.0488   10
 Side 2  free  transition at x/c =  0.0165   11

 115   rms: 0.1497E+04   max: -.2553E+05   C at   83  2   RLX: 0.000
       a = -4.000      CL = -0.5841
      Cm =  0.1474     CD =  4.65124   =>   CDf =  0.00387    CDp =  4.64737

 MRCHDU: Convergence failed at 100  side 2    Res =  0.1625E-01
 MRCHDU: Convergence failed at 101  side 2    Res =  0.1060E-04
 MRCHDU: Convergence failed at 102  side 2    Res =  0.3363E-04
 Side 1  free  transition at x/c =  0.0488   10
 Side 2  free  transition at x/c =  0.0165   11

 116   rms: 0.6781E+04   max: 0.1424E+06   C at   83  2   RLX: 0.000
       a = -4.000      CL = -0.5842
      Cm =  0.1474     CD =  4.64905   =>   CDf =  0.00387    CDp =  4.64518

 MRCHDU: Convergence failed at 100  side 2    Res =  0.1696E-01
 MRCHDU: Convergence failed at 101  side 2    Res =  0.1053E-04
 MRCHDU: Convergence failed at 102  side 2    Res =  0.3361E-04
 Side 1  free  transition at x/c =  0.0488   10
 Side 2  free  transition at x/c =  0.0165   11

 117   rms: 0.4187E+03   max: -.5527E+04   C at   83  2   RLX: 0.000
       a = -4.000      CL = -0.5841
      Cm =  0.1474     CD =  4.64799   =>   CDf =  0.00387    CDp =  4.64413

 MRCHDU: Convergence failed at 100  side 2    Res =  0.1668E-01
 MRCHDU: Convergence failed at 101  side 2    Res =  0.1060E-04
 MRCHDU: Convergence failed at 102  side 2    Res =  0.3364E-04
 Side 1  free  transition at x/c =  0.0488   10
 Side 2  free  transition at x/c =  0.0165   11

 118   rms: 0.1347E+04   max: -.2257E+05   C at   83  2   RLX: 0.000
       a = -4.000      CL = -0.5840
      Cm =  0.1474     CD =  4.63917   =>   CDf =  0.00387    CDp =  4.63530

 MRCHDU: Convergence failed at 100  side 2    Res =  0.1649E-01
 MRCHDU: Convergence failed at 101  side 2    Res =  0.1062E-04
 MRCHDU: Convergence failed at 102  side 2    Res =  0.3365E-04
 Side 1  free  transition at x/c =  0.0488   10
 Side 2  free  transition at x/c =  0.0165   11

 119   rms: 0.9420E+04   max: 0.1951E+06   C at   83  2   RLX: 0.000
       a = -4.000      CL = -0.5841
      Cm =  0.1474     CD =  4.63682   =>   CDf =  0.00387    CDp =  4.63295

 MRCHDU: Convergence failed at 100  side 2    Res =  0.1720E-01
 MRCHDU: Convergence failed at 101  side 2    Res =  0.1055E-04
 MRCHDU: Convergence failed at 102  side 2    Res =  0.3363E-04
 Side 1  free  transition at x/c =  0.0488   10
 Side 2  free  transition at x/c =  0.0165   11

 120   rms: 0.3955E+03   max: -.5134E+04   C at   83  2   RLX: 0.000
       a = -4.000      CL = -0.5840
      Cm =  0.1474     CD =  4.63589   =>   CDf =  0.00387    CDp =  4.63202

 MRCHDU: Convergence failed at 100  side 2    Res =  0.1691E-01
 MRCHDU: Convergence failed at 101  side 2    Res =  0.1062E-04
 MRCHDU: Convergence failed at 102  side 2    Res =  0.3366E-04
 Side 1  free  transition at x/c =  0.0488   10
 Side 2  free  transition at x/c =  0.0165   11

 121   rms: 0.1235E+04   max: -.2035E+05   C at   83  2   RLX: 0.000
       a = -4.000      CL = -0.5839
      Cm =  0.1473     CD =  4.62629   =>   CDf =  0.00387    CDp =  4.62242

 MRCHDU: Convergence failed at 100  side 2    Res =  0.1672E-01
 MRCHDU: Convergence failed at 101  side 2    Res =  0.1065E-04
 MRCHDU: Convergence failed at 102  side 2    Res =  0.3368E-04
 Side 1  free  transition at x/c =  0.0488   10
 Side 2  free  transition at x/c =  0.0165   11

 122   rms: 0.1463E+05   max: 0.2991E+06   C at   83  2   RLX: 0.000
       a = -4.000      CL = -0.5839
      Cm =  0.1474     CD =  4.62376   =>   CDf =  0.00387    CDp =  4.61990

 MRCHDU: Convergence failed at 100  side 2    Res =  0.1742E-01
 MRCHDU: Convergence failed at 101  side 2    Res =  0.1057E-04
 MRCHDU: Convergence failed at 102  side 2    Res =  0.3366E-04
 Side 1  free  transition at x/c =  0.0488   10
 Side 2  free  transition at x/c =  0.0165   11

 123   rms: 0.3765E+03   max: -.4812E+04   C at   83  2   RLX: 0.000
       a = -4.000      CL = -0.5838
      Cm =  0.1473     CD =  4.62295   =>   CDf =  0.00387    CDp =  4.61909

 MRCHDU: Convergence failed at 100  side 2    Res =  0.1713E-01
 MRCHDU: Convergence failed at 101  side 2    Res =  0.1065E-04
 MRCHDU: Convergence failed at 102  side 2    Res =  0.3369E-04
 Side 1  free  transition at x/c =  0.0488   10
 Side 2  free  transition at x/c =  0.0165   11

 124   rms: 0.1150E+04   max: -.1865E+05   C at   83  2   RLX: 0.000
       a = -4.000      CL = -0.5838
      Cm =  0.1473     CD =  4.61255   =>   CDf =  0.00387    CDp =  4.60868

 MRCHDU: Convergence failed at 100  side 2    Res =  0.1693E-01
 MRCHDU: Convergence failed at 101  side 2    Res =  0.1068E-04
 MRCHDU: Convergence failed at 102  side 2    Res =  0.3370E-04
 Side 1  free  transition at x/c =  0.0488   10
 Side 2  free  transition at x/c =  0.0165   11

 125   rms: 0.2872E+05   max: 0.5796E+06   C at   83  2   RLX: 0.000
       a = -4.000      CL = -0.5838
      Cm =  0.1473     CD =  4.60985   =>   CDf =  0.00387    CDp =  4.60599

 MRCHDU: Convergence failed at 100  side 2    Res =  0.1763E-01
 MRCHDU: Convergence failed at 101  side 2    Res =  0.1060E-04
 MRCHDU: Convergence failed at 102  side 2    Res =  0.3368E-04
 Side 1  free  transition at x/c =  0.0488   10
 Side 2  free  transition at x/c =  0.0165   11

 126   rms: 0.3612E+03   max: -.4550E+04   C at   83  2   RLX: 0.000
       a = -4.000      CL = -0.5837
      Cm =  0.1473     CD =  4.60918   =>   CDf =  0.00387    CDp =  4.60531

 MRCHDU: Convergence failed at 100  side 2    Res =  0.1734E-01
 MRCHDU: Convergence failed at 101  side 2    Res =  0.1068E-04
 MRCHDU: Convergence failed at 102  side 2    Res =  0.3372E-04
 Side 1  free  transition at x/c =  0.0488   10
 Side 2  free  transition at x/c =  0.0165   11

 127   rms: 0.1088E+04   max: -.1738E+05   C at   83  2   RLX: 0.000
       a = -4.000      CL = -0.5837
      Cm =  0.1473     CD =  4.59794   =>   CDf =  0.00387    CDp =  4.59407

 MRCHDU: Convergence failed at 100  side 2    Res =  0.1713E-01
 MRCHDU: Convergence failed at 101  side 2    Res =  0.1072E-04
 MRCHDU: Convergence failed at 102  side 2    Res =  0.3373E-04
 Side 1  free  transition at x/c =  0.0488   10
 Side 2  free  transition at x/c =  0.0165   11

 128   rms: 0.1516E+06   max: 0.3023E+07   C at   83  2   RLX: 0.000
       a = -4.000      CL = -0.5837
      Cm =  0.1473     CD =  4.59506   =>   CDf =  0.00387    CDp =  4.59119

 MRCHDU: Convergence failed at 100  side 2    Res =  0.1783E-01
 MRCHDU: Convergence failed at 101  side 2    Res =  0.1063E-04
 MRCHDU: Convergence failed at 102  side 2    Res =  0.3371E-04
 Side 1  free  transition at x/c =  0.0488   10
 Side 2  free  transition at x/c =  0.0165   11

 129   rms: 0.3494E+03   max: -.4343E+04   C at   83  2   RLX: 0.000
       a = -4.000      CL = -0.5836
      Cm =  0.1473     CD =  4.59452   =>   CDf =  0.00387    CDp =  4.59066

 MRCHDU: Convergence failed at 100  side 2    Res =  0.1753E-01
 MRCHDU: Convergence failed at 101  side 2    Res =  0.1072E-04
 MRCHDU: Convergence failed at 102  side 2    Res =  0.3375E-04
 Side 1  free  transition at x/c =  0.0488   10
 Side 2  free  transition at x/c =  0.0165   11

 130   rms: 0.1045E+04   max: -.1645E+05   C at   83  2   RLX: 0.000
       a = -4.000      CL = -0.5835
      Cm =  0.1472     CD =  4.58241   =>   CDf =  0.00387    CDp =  4.57855

 MRCHDU: Convergence failed at 100  side 2    Res =  0.1732E-01
 MRCHDU: Convergence failed at 101  side 2    Res =  0.1076E-04
 MRCHDU: Convergence failed at 102  side 2    Res =  0.3377E-04
 Side 1  free  transition at x/c =  0.0488   10
 Side 2  free  transition at x/c =  0.0165   11

 131   rms: 0.6696E+05   max: -.1320E+07   C at   83  2   RLX: 0.000
       a = -4.000      CL = -0.5835
      Cm =  0.1472     CD =  4.57793   =>   CDf =  0.00387    CDp =  4.57407

 MRCHDU: Convergence failed at 100  side 2    Res =  0.1719E-01
 MRCHDU: Convergence failed at 101  side 2    Res =  0.1077E-04
 MRCHDU: Convergence failed at 102  side 2    Res =  0.3377E-04
 Side 1  free  transition at x/c =  0.0488   10
 Side 2  free  transition at x/c =  0.0165   11

 132   rms: 0.2080E+04   max: 0.4829E+05   C at   83  2   RLX: 0.000
       a = -4.000      CL = -0.5835
      Cm =  0.1472     CD =  4.57650   =>   CDf =  0.00387    CDp =  4.57263

 MRCHDU: Convergence failed at 100  side 2    Res =  0.1781E-01
 MRCHDU: Convergence failed at 101  side 2    Res =  0.1071E-04
 MRCHDU: Convergence failed at 102  side 2    Res =  0.3376E-04
 Side 1  free  transition at x/c =  0.0488   10
 Side 2  free  transition at x/c =  0.0165   11

 133   rms: 0.9130E+03   max: -.1398E+05   C at   83  2   RLX: 0.000
       a = -4.000      CL = -0.5835
      Cm =  0.1472     CD =  4.57547   =>   CDf =  0.00387    CDp =  4.57160

 MRCHDU: Convergence failed at 100  side 2    Res =  0.1759E-01
 MRCHDU: Convergence failed at 101  side 2    Res =  0.1075E-04
 MRCHDU: Convergence failed at 102  side 2    Res =  0.3378E-04
 Side 1  free  transition at x/c =  0.0488   10
 Side 2  free  transition at x/c =  0.0165   11

 134   rms: 0.1131E+05   max: -.2176E+06   C at   83  2   RLX: 0.000
       a = -4.000      CL = -0.5835
      Cm =  0.1472     CD =  4.57034   =>   CDf =  0.00387    CDp =  4.56648

 MRCHDU: Convergence failed at 100  side 2    Res =  0.1744E-01
 MRCHDU: Convergence failed at 101  side 2    Res =  0.1077E-04
 MRCHDU: Convergence failed at 102  side 2    Res =  0.3379E-04
 Side 1  free  transition at x/c =  0.0488   10
 Side 2  free  transition at x/c =  0.0165   11

 135   rms: 0.2260E+04   max: 0.5168E+05   C at   83  2   RLX: 0.000
       a = -4.000      CL = -0.5835
      Cm =  0.1472     CD =  4.56877   =>   CDf =  0.00387    CDp =  4.56491

 MRCHDU: Convergence failed at 100  side 2    Res =  0.1808E-01
 MRCHDU: Convergence failed at 101  side 2    Res =  0.1071E-04
 MRCHDU: Convergence failed at 102  side 2    Res =  0.3377E-04
 Side 1  free  transition at x/c =  0.0488   10
 Side 2  free  transition at x/c =  0.0165   11

 136   rms: 0.8140E+03   max: -.1214E+05   C at   83  2   RLX: 0.000
       a = -4.000      CL = -0.5834
      Cm =  0.1472     CD =  4.56782   =>   CDf =  0.00387    CDp =  4.56396

 MRCHDU: Convergence failed at 100  side 2    Res =  0.1784E-01
 MRCHDU: Convergence failed at 101  side 2    Res =  0.1076E-04
 MRCHDU: Convergence failed at 102  side 2    Res =  0.3379E-04
 Side 1  free  transition at x/c =  0.0488   10
 Side 2  free  transition at x/c =  0.0165   11

 137   rms: 0.6283E+04   max: -.1181E+06   C at   83  2   RLX: 0.000
       a = -4.000      CL = -0.5834
      Cm =  0.1472     CD =  4.56201   =>   CDf =  0.00387    CDp =  4.55815

 MRCHDU: Convergence failed at 100  side 2    Res =  0.1769E-01
 MRCHDU: Convergence failed at 101  side 2    Res =  0.1077E-04
 MRCHDU: Convergence failed at 102  side 2    Res =  0.3380E-04
 Side 1  free  transition at x/c =  0.0488   10
 Side 2  free  transition at x/c =  0.0165   11

 138   rms: 0.2459E+04   max: 0.5538E+05   C at   83  2   RLX: 0.000
       a = -4.000      CL = -0.5834
      Cm =  0.1472     CD =  4.56030   =>   CDf =  0.00387    CDp =  4.55643

 MRCHDU: Convergence failed at 100  side 2    Res =  0.1833E-01
 MRCHDU: Convergence failed at 101  side 2    Res =  0.1071E-04
 MRCHDU: Convergence failed at 102  side 2    Res =  0.3379E-04
 Side 1  free  transition at x/c =  0.0488   10
 Side 2  free  transition at x/c =  0.0165   11

 139   rms: 0.7385E+03   max: -.1074E+05   C at   83  2   RLX: 0.000
       a = -4.000      CL = -0.5834
      Cm =  0.1472     CD =  4.55944   =>   CDf =  0.00387    CDp =  4.55558

 MRCHDU: Convergence failed at 100  side 2    Res =  0.1809E-01
 MRCHDU: Convergence failed at 101  side 2    Res =  0.1076E-04
 MRCHDU: Convergence failed at 102  side 2    Res =  0.3381E-04
 Side 1  free  transition at x/c =  0.0488   10
 Side 2  free  transition at x/c =  0.0165   11

 140   rms: 0.4475E+04   max: -.8226E+05   C at   83  2   RLX: 0.000
       a = -4.000      CL = -0.5833
      Cm =  0.1472     CD =  4.55290   =>   CDf =  0.00387    CDp =  4.54903

 MRCHDU: Convergence failed at 100  side 2    Res =  0.1793E-01
 MRCHDU: Convergence failed at 101  side 2    Res =  0.1078E-04
 MRCHDU: Convergence failed at 102  side 2    Res =  0.3382E-04
 Side 1  free  transition at x/c =  0.0488   10
 Side 2  free  transition at x/c =  0.0165   11

 141   rms: 0.2690E+04   max: 0.5967E+05   C at   83  2   RLX: 0.000
       a = -4.000      CL = -0.5833
      Cm =  0.1472     CD =  4.55102   =>   CDf =  0.00387    CDp =  4.54716

 MRCHDU: Convergence failed at 100  side 2    Res =  0.1858E-01
 MRCHDU: Convergence failed at 101  side 2    Res =  0.1072E-04
 MRCHDU: Convergence failed at 102  side 2    Res =  0.3380E-04
 Side 1  free  transition at x/c =  0.0488   10
 Side 2  free  transition at x/c =  0.0165   11

 142   rms: 0.6805E+03   max: -.9666E+04   C at   83  2   RLX: 0.000
       a = -4.000      CL = -0.5833
      Cm =  0.1472     CD =  4.55027   =>   CDf =  0.00387    CDp =  4.54641

 MRCHDU: Convergence failed at 100  side 2    Res =  0.1833E-01
 MRCHDU: Convergence failed at 101  side 2    Res =  0.1077E-04
 MRCHDU: Convergence failed at 102  side 2    Res =  0.3383E-04
 Side 1  free  transition at x/c =  0.0488   10
 Side 2  free  transition at x/c =  0.0165   11

 143   rms: 0.3557E+04   max: -.6400E+05   C at   83  2   RLX: 0.000
       a = -4.000      CL = -0.5833
      Cm =  0.1472     CD =  4.54294   =>   CDf =  0.00387    CDp =  4.53908

 MRCHDU: Convergence failed at 100  side 2    Res =  0.1816E-01
 MRCHDU: Convergence failed at 101  side 2    Res =  0.1080E-04
 MRCHDU: Convergence failed at 102  side 2    Res =  0.3384E-04
 Side 1  free  transition at x/c =  0.0488   10
 Side 2  free  transition at x/c =  0.0165   11

 144   rms: 0.2937E+04   max: 0.6416E+05   C at   83  2   RLX: 0.000
       a = -4.000      CL = -0.5833
      Cm =  0.1472     CD =  4.54090   =>   CDf =  0.00387    CDp =  4.53703

 MRCHDU: Convergence failed at 100  side 2    Res =  0.1881E-01
 MRCHDU: Convergence failed at 101  side 2    Res =  0.1073E-04
 MRCHDU: Convergence failed at 102  side 2    Res =  0.3382E-04
 Side 1  free  transition at x/c =  0.0488   10
 Side 2  free  transition at x/c =  0.0165   11

 145   rms: 0.6370E+03   max: -.8853E+04   C at   83  2   RLX: 0.000
       a = -4.000      CL = -0.5832
      Cm =  0.1472     CD =  4.54026   =>   CDf =  0.00387    CDp =  4.53640

 MRCHDU: Convergence failed at 100  side 2    Res =  0.1855E-01
 MRCHDU: Convergence failed at 101  side 2    Res =  0.1079E-04
 MRCHDU: Convergence failed at 102  side 2    Res =  0.3385E-04
 Side 1  free  transition at x/c =  0.0488   10
 Side 2  free  transition at x/c =  0.0165   11

 146   rms: 0.3053E+04   max: -.5380E+05   C at   83  2   RLX: 0.000
       a = -4.000      CL = -0.5832
      Cm =  0.1472     CD =  4.53208   =>   CDf =  0.00387    CDp =  4.52822

 MRCHDU: Convergence failed at 100  side 2    Res =  0.1838E-01
 MRCHDU: Convergence failed at 101  side 2    Res =  0.1082E-04
 MRCHDU: Convergence failed at 102  side 2    Res =  0.3386E-04
 Side 1  free  transition at x/c =  0.0488   10
 Side 2  free  transition at x/c =  0.0165   11

 147   rms: 0.3179E+04   max: 0.6842E+05   C at   83  2   RLX: 0.000
       a = -4.000      CL = -0.5832
      Cm =  0.1472     CD =  4.52985   =>   CDf =  0.00387    CDp =  4.52598

 MRCHDU: Convergence failed at 100  side 2    Res =  0.1903E-01
 MRCHDU: Convergence failed at 101  side 2    Res =  0.1074E-04
 MRCHDU: Convergence failed at 102  side 2    Res =  0.3384E-04
 Side 1  free  transition at x/c =  0.0488   10
 Side 2  free  transition at x/c =  0.0165   11

 148   rms: 0.6029E+03   max: -.8209E+04   C at   83  2   RLX: 0.000
       a = -4.000      CL = -0.5831
      Cm =  0.1471     CD =  4.52935   =>   CDf =  0.00387    CDp =  4.52548

 MRCHDU: Convergence failed at 100  side 2    Res =  0.1877E-01
 MRCHDU: Convergence failed at 101  side 2    Res =  0.1081E-04
 MRCHDU: Convergence failed at 102  side 2    Res =  0.3387E-04
 Side 1  free  transition at x/c =  0.0488   10
 Side 2  free  transition at x/c =  0.0165   11

 149   rms: 0.2779E+04   max: -.4804E+05   C at   83  2   RLX: 0.000
       a = -4.000      CL = -0.5831
      Cm =  0.1471     CD =  4.52027   =>   CDf =  0.00387    CDp =  4.51640

 MRCHDU: Convergence failed at 100  side 2    Res =  0.1859E-01
 MRCHDU: Convergence failed at 101  side 2    Res =  0.1084E-04
 MRCHDU: Convergence failed at 102  side 2    Res =  0.3388E-04
 Side 1  free  transition at x/c =  0.0488   10
 Side 2  free  transition at x/c =  0.0165   11

 150   rms: 0.3368E+04   max: 0.7144E+05   C at   83  2   RLX: 0.000
       a = -4.000      CL = -0.5831
      Cm =  0.1471     CD =  4.51783   =>   CDf =  0.00387    CDp =  4.51397

 MRCHDU: Convergence failed at 100  side 2    Res =  0.1924E-01
 MRCHDU: Convergence failed at 101  side 2    Res =  0.1076E-04
 MRCHDU: Convergence failed at 102  side 2    Res =  0.3386E-04
 Side 1  free  transition at x/c =  0.0488   10
 Side 2  free  transition at x/c =  0.0165   11

 151   rms: 0.5846E+03   max: -.7810E+04   C at   83  2   RLX: 0.000
       a = -4.000      CL = -0.5831
      Cm =  0.1471     CD =  4.51748   =>   CDf =  0.00387    CDp =  4.51361

 MRCHDU: Convergence failed at 100  side 2    Res =  0.1897E-01
 MRCHDU: Convergence failed at 101  side 2    Res =  0.1084E-04
 MRCHDU: Convergence failed at 102  side 2    Res =  0.3389E-04
 Side 1  free  transition at x/c =  0.0488   10
 Side 2  free  transition at x/c =  0.0165   11

 152   rms: 0.2684E+04   max: -.4553E+05   C at   83  2   RLX: 0.000
       a = -4.000      CL = -0.5830
      Cm =  0.1471     CD =  4.50740   =>   CDf =  0.00387    CDp =  4.50353

 MRCHDU: Convergence failed at 100  side 2    Res =  0.1878E-01
 MRCHDU: Convergence failed at 101  side 2    Res =  0.1087E-04
 MRCHDU: Convergence failed at 102  side 2    Res =  0.3391E-04
 Side 1  free  transition at x/c =  0.0488   10
 Side 2  free  transition at x/c =  0.0165   11

 153   rms: 0.3454E+04   max: 0.7225E+05   C at   83  2   RLX: 0.000
       a = -4.000      CL = -0.5830
      Cm =  0.1471     CD =  4.50474   =>   CDf =  0.00387    CDp =  4.50087

 MRCHDU: Convergence failed at 100  side 2    Res =  0.1943E-01
 MRCHDU: Convergence failed at 101  side 2    Res =  0.1079E-04
 MRCHDU: Convergence failed at 102  side 2    Res =  0.3388E-04
 Side 1  free  transition at x/c =  0.0488   10
 Side 2  free  transition at x/c =  0.0165   11

 154   rms: 0.5779E+03   max: -.7585E+04   C at   83  2   RLX: 0.000
       a = -4.000      CL = -0.5830
      Cm =  0.1471     CD =  4.50455   =>   CDf =  0.00387    CDp =  4.50068

 MRCHDU: Convergence failed at 100  side 2    Res =  0.1916E-01
 MRCHDU: Convergence failed at 101  side 2    Res =  0.1087E-04
 MRCHDU: Convergence failed at 102  side 2    Res =  0.3392E-04
 Side 1  free  transition at x/c =  0.0488   10
 Side 2  free  transition at x/c =  0.0165   11

 155   rms: 0.2784E+04   max: -.4641E+05   C at   83  2   RLX: 0.000
       a = -4.000      CL = -0.5829
      Cm =  0.1471     CD =  4.49337   =>   CDf =  0.00387    CDp =  4.48950

 MRCHDU: Convergence failed at 100  side 2    Res =  0.1897E-01
 MRCHDU: Convergence failed at 101  side 2    Res =  0.1091E-04
 MRCHDU: Convergence failed at 102  side 2    Res =  0.3393E-04
 Side 1  free  transition at x/c =  0.0488   10
 Side 2  free  transition at x/c =  0.0165   11

 156   rms: 0.3358E+04   max: 0.6930E+05   C at   83  2   RLX: 0.000
       a = -4.000      CL = -0.5830
      Cm =  0.1471     CD =  4.49046   =>   CDf =  0.00387    CDp =  4.48660

 MRCHDU: Convergence failed at 100  side 2    Res =  0.1961E-01
 MRCHDU: Convergence failed at 101  side 2    Res =  0.1083E-04
 MRCHDU: Convergence failed at 102  side 2    Res =  0.3391E-04
 Side 1  free  transition at x/c =  0.0488   10
 Side 2  free  transition at x/c =  0.0165   11

 157   rms: 0.5915E+03   max: -.7637E+04   C at   83  2   RLX: 0.000
       a = -4.000      CL = -0.5829
      Cm =  0.1471     CD =  4.49046   =>   CDf =  0.00387    CDp =  4.48659

 MRCHDU: Convergence failed at 100  side 2    Res =  0.1934E-01
 MRCHDU: Convergence failed at 101  side 2    Res =  0.1091E-04
 MRCHDU: Convergence failed at 102  side 2    Res =  0.3395E-04
 Side 1  free  transition at x/c =  0.0488   10
 Side 2  free  transition at x/c =  0.0165   11

 158   rms: 0.3288E+04   max: -.5390E+05   C at   83  2   RLX: 0.000
       a = -4.000      CL = -0.5829
      Cm =  0.1471     CD =  4.47802   =>   CDf =  0.00387    CDp =  4.47415

 MRCHDU: Convergence failed at 100  side 2    Res =  0.1915E-01
 MRCHDU: Convergence failed at 101  side 2    Res =  0.1095E-04
 MRCHDU: Convergence failed at 102  side 2    Res =  0.3396E-04
 Side 1  free  transition at x/c =  0.0488   10
 Side 2  free  transition at x/c =  0.0165   11

 159   rms: 0.3030E+04   max: 0.6171E+05   C at   83  2   RLX: 0.000
       a = -4.000      CL = -0.5829
      Cm =  0.1471     CD =  4.47482   =>   CDf =  0.00387    CDp =  4.47096

 MRCHDU: Convergence failed at 100  side 2    Res =  0.1979E-01
 MRCHDU: Convergence failed at 101  side 2    Res =  0.1087E-04
 MRCHDU: Convergence failed at 102  side 2    Res =  0.3394E-04
 Side 1  free  transition at x/c =  0.0488   10
 Side 2  free  transition at x/c =  0.0165   11

 160   rms: 0.6374E+03   max: -.8103E+04   C at   83  2   RLX: 0.000
       a = -4.000      CL = -0.5828
      Cm =  0.1471     CD =  4.47504   =>   CDf =  0.00387    CDp =  4.47118

 MRCHDU: Convergence failed at 100  side 2    Res =  0.1952E-01
 MRCHDU: Convergence failed at 101  side 2    Res =  0.1096E-04
 MRCHDU: Convergence failed at 102  side 2    Res =  0.3398E-04
 Side 1  free  transition at x/c =  0.0488   10
 Side 2  free  transition at x/c =  0.0165   11

 161   rms: 0.5427E+04   max: -.8757E+05   C at   83  2   RLX: 0.000
       a = -4.000      CL = -0.5828
      Cm =  0.1471     CD =  4.46110   =>   CDf =  0.00387    CDp =  4.45724

 MRCHDU: Convergence failed at 100  side 2    Res =  0.1932E-01
 MRCHDU: Convergence failed at 101  side 2    Res =  0.1101E-04
 MRCHDU: Convergence failed at 102  side 2    Res =  0.3400E-04
 Side 1  free  transition at x/c =  0.0488   10
 Side 2  free  transition at x/c =  0.0165   11

 162   rms: 0.2491E+04   max: 0.5010E+05   C at   83  2   RLX: 0.000
       a = -4.000      CL = -0.5828
      Cm =  0.1471     CD =  4.45756   =>   CDf =  0.00387    CDp =  4.45370

 MRCHDU: Convergence failed at 100  side 2    Res =  0.1995E-01
 MRCHDU: Convergence failed at 101  side 2    Res =  0.1091E-04
 MRCHDU: Convergence failed at 102  side 2    Res =  0.3397E-04
 Side 1  free  transition at x/c =  0.0488   10
 Side 2  free  transition at x/c =  0.0165   11

 163   rms: 0.7578E+03   max: -.9496E+04   C at   83  2   RLX: 0.000
       a = -4.000      CL = -0.5827
      Cm =  0.1470     CD =  4.45807   =>   CDf =  0.00387    CDp =  4.45420

 MRCHDU: Convergence failed at 100  side 2    Res =  0.1968E-01
 MRCHDU: Convergence failed at 101  side 2    Res =  0.1102E-04
 MRCHDU: Convergence failed at 102  side 2    Res =  0.3402E-04
 Side 1  free  transition at x/c =  0.0488   10
 Side 2  free  transition at x/c =  0.0165   11

 164   rms: 0.2013E+05   max: 0.3200E+06   C at   83  2   RLX: 0.000
       a = -4.000      CL = -0.5827
      Cm =  0.1470     CD =  4.44909   =>   CDf =  0.00387    CDp =  4.44522

 MRCHDU: Convergence failed at 100  side 2    Res =  0.2012E-01
 MRCHDU: Convergence failed at 101  side 2    Res =  0.1086E-04
 MRCHDU: Convergence failed at 102  side 2    Res =  0.3395E-04
 Side 1  free  transition at x/c =  0.0488   10
 Side 2  free  transition at x/c =  0.0165   11

 165   rms: 0.2551E+03   max: -.2605E+04   C at   83  2   RLX: 0.000
       a = -4.000      CL = -0.5826
      Cm =  0.1470     CD =  4.45418   =>   CDf =  0.00387    CDp =  4.45032

 MRCHDU: Convergence failed at 100  side 2    Res =  0.1991E-01
 MRCHDU: Convergence failed at 101  side 2    Res =  0.1111E-04
 MRCHDU: Convergence failed at 102  side 2    Res =  0.3406E-04
 Side 1  free  transition at x/c =  0.0488   10
 Side 2  free  transition at x/c =  0.0165   11

 166   rms: 0.1652E+04   max: 0.2071E+05   C at   83  2   RLX: 0.000
       a = -4.000      CL = -0.5825
      Cm =  0.1470     CD =  4.43354   =>   CDf =  0.00387    CDp =  4.42967

 MRCHDU: Convergence failed at 100  side 2    Res =  0.1963E-01
 MRCHDU: Convergence failed at 101  side 2    Res =  0.1076E-04
 MRCHDU: Convergence failed at 102  side 2    Res =  0.3390E-04
 Side 1  free  transition at x/c =  0.0488   10
 Side 2  free  transition at x/c =  0.0165   11

 167   rms: 0.8750E+02   max: -.7752E+03   C at   83  2   RLX: 0.001
       a = -4.000      CL = -0.5820
      Cm =  0.1469     CD =  4.45831   =>   CDf =  0.00387    CDp =  4.45445

 MRCHDU: Convergence failed at 100  side 2    Res =  0.1979E-01
 MRCHDU: Convergence failed at 101  side 2    Res =  0.1131E-04
 MRCHDU: Convergence failed at 102  side 2    Res =  0.3414E-04
 Side 1  free  transition at x/c =  0.0488   10
 Side 2  free  transition at x/c =  0.0165   11

 168   rms: 0.4821E+02   max: 0.4815E+03   C at   83  2   RLX: 0.003
       a = -4.000      CL = -0.5794
      Cm =  0.1462     CD =  4.46719   =>   CDf =  0.00387    CDp =  4.46332

 MRCHDU: Convergence failed at 100  side 2    Res =  0.1737E-01
 MRCHDU: Convergence failed at 101  side 2    Res =  0.9738E-05
 MRCHDU: Convergence failed at 102  side 2    Res =  0.3326E-04
 MRCHDU: Convergence failed at 106  side 2    Res =  0.3422E-03
 Side 1  free  transition at x/c =  0.0488   10
 Side 2  free  transition at x/c =  0.0165   11

 169   rms: 0.2409E+02   max: -.1975E+03   C at   83  2   RLX: 0.003
       a = -4.000      CL = -0.5771
      Cm =  0.1456     CD =  4.67756   =>   CDf =  0.00386    CDp =  4.67370

 MRCHDU: Convergence failed at 100  side 2    Res =  0.1825E-01
 MRCHDU: Convergence failed at 101  side 2    Res =  0.1070E-04
 MRCHDU: Convergence failed at 102  side 2    Res =  0.3373E-04
 Side 1  free  transition at x/c =  0.0488   10
 Side 2  free  transition at x/c =  0.0165   11

 170   rms: 0.8852E+02   max: -.8001E+03   C at   83  2   RLX: 0.001
       a = -4.000      CL = -0.5765
      Cm =  0.1455     CD =  4.49906   =>   CDf =  0.00386    CDp =  4.49519

 MRCHDU: Convergence failed at 100  side 2    Res =  0.1824E-01
 MRCHDU: Convergence failed at 101  side 2    Res =  0.1116E-04
 MRCHDU: Convergence failed at 102  side 2    Res =  0.3393E-04
 Side 1  free  transition at x/c =  0.0488   10
 Side 2  free  transition at x/c =  0.0165   11

 171   rms: 0.3607E+03   max: 0.3818E+04   C at   83  2   RLX: 0.000
       a = -4.000      CL = -0.5762
      Cm =  0.1454     CD =  4.46805   =>   CDf =  0.00386    CDp =  4.46419

 MRCHDU: Convergence failed at 100  side 2    Res =  0.1686E-01
 MRCHDU: Convergence failed at 101  side 2    Res =  0.1041E-04
 MRCHDU: Convergence failed at 102  side 2    Res =  0.3355E-04
 Side 1  free  transition at x/c =  0.0488   10
 Side 2  free  transition at x/c =  0.0165   11

 172   rms: 0.3156E+02   max: -.2617E+03   C at   83  2   RLX: 0.002
       a = -4.000      CL = -0.5745
      Cm =  0.1450     CD =  4.53908   =>   CDf =  0.00386    CDp =  4.53521

 MRCHDU: Convergence failed at 100  side 2    Res =  0.1759E-01
 MRCHDU: Convergence failed at 101  side 2    Res =  0.1135E-04
 MRCHDU: Convergence failed at 102  side 2    Res =  0.3397E-04
 Side 1  free  transition at x/c =  0.0488   10
 Side 2  free  transition at x/c =  0.0165   11

 173   rms: 0.9131E+01   max: 0.9121E+02   C at  103  2   RLX: 0.016
       a = -4.000      CL = -0.5608
      Cm =  0.1417     CD =  4.72784   =>   CDf =  0.00386    CDp =  4.72398

 MRCHDU: Convergence failed at 100  side 2    Res =  0.1271E-01
 MRCHDU: Convergence failed at 101  side 2    Res =  0.6863E-05
 MRCHDU: Convergence failed at 102  side 2    Res =  0.3055E-04
 MRCHDU: Convergence failed at 105  side 2    Res =  0.1112E-02
 MRCHDU: Convergence failed at 106  side 2    Res =  0.1405E-02
 Side 1  free  transition at x/c =  0.0488   10
 Side 2  free  transition at x/c =  0.0165   11

 174   rms: 0.1709E+02   max: -.1394E+03   C at   83  2   RLX: 0.004
       a = -4.000      CL = -0.5575
      Cm =  0.1407     CD =  5.68724   =>   CDf =  0.00385    CDp =  5.68340

 MRCHDU: Convergence failed at 100  side 2    Res =  0.1331E-01
 MRCHDU: Convergence failed at 101  side 2    Res =  0.7553E-05
 MRCHDU: Convergence failed at 102  side 2    Res =  0.3102E-04
 MRCHDU: Convergence failed at 105  side 2    Res =  0.8050E-03
 MRCHDU: Convergence failed at 106  side 2    Res =  0.1453E-02
 Side 1  free  transition at x/c =  0.0488   10
 Side 2  free  transition at x/c =  0.0165   11

 175   rms: 0.4635E+02   max: -.4138E+03   C at   83  2   RLX: 0.001
       a = -4.000      CL = -0.5564
      Cm =  0.1404     CD =  5.50780   =>   CDf =  0.00385    CDp =  5.50396

 MRCHDU: Convergence failed at 100  side 2    Res =  0.1310E-01
 MRCHDU: Convergence failed at 101  side 2    Res =  0.7833E-05
 MRCHDU: Convergence failed at 102  side 2    Res =  0.3119E-04
 MRCHDU: Convergence failed at 105  side 2    Res =  0.6613E-03
 MRCHDU: Convergence failed at 106  side 2    Res =  0.1469E-02
 Side 1  free  transition at x/c =  0.0488   10
 Side 2  free  transition at x/c =  0.0165   11

 176   rms: 0.1144E+03   max: -.1196E+04   C at   83  2   RLX: 0.000
       a = -4.000      CL = -0.5560
      Cm =  0.1403     CD =  5.44343   =>   CDf =  0.00384    CDp =  5.43959

 MRCHDU: Convergence failed at 100  side 2    Res =  0.1276E-01
 MRCHDU: Convergence failed at 101  side 2    Res =  0.7938E-05
 MRCHDU: Convergence failed at 102  side 2    Res =  0.3126E-04
 MRCHDU: Convergence failed at 105  side 2    Res =  0.6045E-03
 MRCHDU: Convergence failed at 106  side 2    Res =  0.1474E-02
 Side 1  free  transition at x/c =  0.0488   10
 Side 2  free  transition at x/c =  0.0165   11

 177   rms: 0.2816E+03   max: -.3628E+04   C at   83  2   RLX: 0.000
       a = -4.000      CL = -0.5559
      Cm =  0.1403     CD =  5.42118   =>   CDf =  0.00384    CDp =  5.41734

 MRCHDU: Convergence failed at 100  side 2    Res =  0.1250E-01
 MRCHDU: Convergence failed at 101  side 2    Res =  0.7974E-05
 MRCHDU: Convergence failed at 102  side 2    Res =  0.3129E-04
 MRCHDU: Convergence failed at 105  side 2    Res =  0.5833E-03
 MRCHDU: Convergence failed at 106  side 2    Res =  0.1476E-02
 Side 1  free  transition at x/c =  0.0488   10
 Side 2  free  transition at x/c =  0.0165   11

 178   rms: 0.8173E+03   max: -.1335E+05   C at   83  2   RLX: 0.000
       a = -4.000      CL = -0.5559
      Cm =  0.1403     CD =  5.41353   =>   CDf =  0.00384    CDp =  5.40968

 MRCHDU: Convergence failed at 100  side 2    Res =  0.1234E-01
 MRCHDU: Convergence failed at 101  side 2    Res =  0.7984E-05
 MRCHDU: Convergence failed at 102  side 2    Res =  0.3130E-04
 MRCHDU: Convergence failed at 105  side 2    Res =  0.5758E-03
 MRCHDU: Convergence failed at 106  side 2    Res =  0.1477E-02
 Side 1  free  transition at x/c =  0.0488   10
 Side 2  free  transition at x/c =  0.0165   11

 179   rms: 0.1874E+05   max: -.3803E+06   C at   83  2   RLX: 0.000
       a = -4.000      CL = -0.5558
      Cm =  0.1403     CD =  5.41099   =>   CDf =  0.00384    CDp =  5.40715

 MRCHDU: Convergence failed at 100  side 2    Res =  0.1224E-01
 MRCHDU: Convergence failed at 101  side 2    Res =  0.7984E-05
 MRCHDU: Convergence failed at 102  side 2    Res =  0.3130E-04
 MRCHDU: Convergence failed at 105  side 2    Res =  0.5734E-03
 MRCHDU: Convergence failed at 106  side 2    Res =  0.1477E-02
 Side 1  free  transition at x/c =  0.0488   10
 Side 2  free  transition at x/c =  0.0165   11

 180   rms: 0.1841E+04   max: 0.4352E+05   C at   83  2   RLX: 0.000
       a = -4.000      CL = -0.5558
      Cm =  0.1403     CD =  5.40998   =>   CDf =  0.00384    CDp =  5.40614

 MRCHDU: Convergence failed at 100  side 2    Res =  0.1291E-01
 MRCHDU: Convergence failed at 101  side 2    Res =  0.7945E-05
 MRCHDU: Convergence failed at 102  side 2    Res =  0.3129E-04
 MRCHDU: Convergence failed at 105  side 2    Res =  0.5742E-03
 MRCHDU: Convergence failed at 106  side 2    Res =  0.1477E-02
 Side 1  free  transition at x/c =  0.0488   10
 Side 2  free  transition at x/c =  0.0165   11

 181   rms: 0.6917E+03   max: -.1096E+05   C at   83  2   RLX: 0.000
       a = -4.000      CL = -0.5558
      Cm =  0.1403     CD =  5.40735   =>   CDf =  0.00384    CDp =  5.40351

 MRCHDU: Convergence failed at 100  side 2    Res =  0.1273E-01
 MRCHDU: Convergence failed at 101  side 2    Res =  0.7958E-05
 MRCHDU: Convergence failed at 102  side 2    Res =  0.3130E-04
 MRCHDU: Convergence failed at 105  side 2    Res =  0.5653E-03
 MRCHDU: Convergence failed at 106  side 2    Res =  0.1478E-02
 Side 1  free  transition at x/c =  0.0488   10
 Side 2  free  transition at x/c =  0.0165   11

 182   rms: 0.5737E+04   max: -.1136E+06   C at   83  2   RLX: 0.000
       a = -4.000      CL = -0.5558
      Cm =  0.1403     CD =  5.40436   =>   CDf =  0.00384    CDp =  5.40052

 MRCHDU: Convergence failed at 100  side 2    Res =  0.1262E-01
 MRCHDU: Convergence failed at 101  side 2    Res =  0.7959E-05
 MRCHDU: Convergence failed at 102  side 2    Res =  0.3131E-04
 MRCHDU: Convergence failed at 105  side 2    Res =  0.5624E-03
 MRCHDU: Convergence failed at 106  side 2    Res =  0.1478E-02
 Side 1  free  transition at x/c =  0.0488   10
 Side 2  free  transition at x/c =  0.0165   11

 183   rms: 0.2062E+04   max: 0.4801E+05   C at   83  2   RLX: 0.000
       a = -4.000      CL = -0.5558
      Cm =  0.1403     CD =  5.40329   =>   CDf =  0.00384    CDp =  5.39945

 MRCHDU: Convergence failed at 100  side 2    Res =  0.1330E-01
 MRCHDU: Convergence failed at 101  side 2    Res =  0.7918E-05
 MRCHDU: Convergence failed at 102  side 2    Res =  0.3130E-04
 MRCHDU: Convergence failed at 105  side 2    Res =  0.5637E-03
 MRCHDU: Convergence failed at 106  side 2    Res =  0.1477E-02
 Side 1  free  transition at x/c =  0.0488   10
 Side 2  free  transition at x/c =  0.0165   11

 184   rms: 0.5973E+03   max: -.9198E+04   C at   83  2   RLX: 0.000
       a = -4.000      CL = -0.5557
      Cm =  0.1403     CD =  5.40061   =>   CDf =  0.00384    CDp =  5.39677

 MRCHDU: Convergence failed at 100  side 2    Res =  0.1311E-01
 MRCHDU: Convergence failed at 101  side 2    Res =  0.7934E-05
 MRCHDU: Convergence failed at 102  side 2    Res =  0.3131E-04
 MRCHDU: Convergence failed at 105  side 2    Res =  0.5535E-03
 MRCHDU: Convergence failed at 106  side 2    Res =  0.1478E-02
 Side 1  free  transition at x/c =  0.0488   10
 Side 2  free  transition at x/c =  0.0165   11

 185   rms: 0.3363E+04   max: -.6498E+05   C at   83  2   RLX: 0.000
       a = -4.000      CL = -0.5557
      Cm =  0.1403     CD =  5.39715   =>   CDf =  0.00384    CDp =  5.39331

 MRCHDU: Convergence failed at 100  side 2    Res =  0.1299E-01
 MRCHDU: Convergence failed at 101  side 2    Res =  0.7938E-05
 MRCHDU: Convergence failed at 102  side 2    Res =  0.3131E-04
 MRCHDU: Convergence failed at 105  side 2    Res =  0.5500E-03
 MRCHDU: Convergence failed at 106  side 2    Res =  0.1479E-02
 Side 1  free  transition at x/c =  0.0488   10
 Side 2  free  transition at x/c =  0.0165   11

 186   rms: 0.2373E+04   max: 0.5441E+05   C at   83  2   RLX: 0.000
       a = -4.000      CL = -0.5557
      Cm =  0.1403     CD =  5.39602   =>   CDf =  0.00384    CDp =  5.39217

 MRCHDU: Convergence failed at 100  side 2    Res =  0.1368E-01
 MRCHDU: Convergence failed at 101  side 2    Res =  0.7894E-05
 MRCHDU: Convergence failed at 102  side 2    Res =  0.3130E-04
 MRCHDU: Convergence failed at 105  side 2    Res =  0.5519E-03
 MRCHDU: Convergence failed at 106  side 2    Res =  0.1478E-02
 Side 1  free  transition at x/c =  0.0488   10
 Side 2  free  transition at x/c =  0.0165   11

 187   rms: 0.5245E+03   max: -.7863E+04   C at   83  2   RLX: 0.000
       a = -4.000      CL = -0.5556
      Cm =  0.1402     CD =  5.39332   =>   CDf =  0.00384    CDp =  5.38948

 MRCHDU: Convergence failed at 100  side 2    Res =  0.1347E-01
 MRCHDU: Convergence failed at 101  side 2    Res =  0.7914E-05
 MRCHDU: Convergence failed at 102  side 2    Res =  0.3132E-04
 MRCHDU: Convergence failed at 105  side 2    Res =  0.5401E-03
 MRCHDU: Convergence failed at 106  side 2    Res =  0.1479E-02
 Side 1  free  transition at x/c =  0.0488   10
 Side 2  free  transition at x/c =  0.0165   11

 188   rms: 0.2371E+04   max: -.4475E+05   C at   83  2   RLX: 0.000
       a = -4.000      CL = -0.5556
      Cm =  0.1402     CD =  5.38936   =>   CDf =  0.00384    CDp =  5.38552

 MRCHDU: Convergence failed at 100  side 2    Res =  0.1335E-01
 MRCHDU: Convergence failed at 101  side 2    Res =  0.7919E-05
 MRCHDU: Convergence failed at 102  side 2    Res =  0.3132E-04
 MRCHDU: Convergence failed at 105  side 2    Res =  0.5360E-03
 MRCHDU: Convergence failed at 106  side 2    Res =  0.1480E-02
 Side 1  free  transition at x/c =  0.0488   10
 Side 2  free  transition at x/c =  0.0165   11

 189   rms: 0.2810E+04   max: 0.6343E+05   C at   83  2   RLX: 0.000
       a = -4.000      CL = -0.5556
      Cm =  0.1402     CD =  5.38815   =>   CDf =  0.00384    CDp =  5.38431

 MRCHDU: Convergence failed at 100  side 2    Res =  0.1405E-01
 MRCHDU: Convergence failed at 101  side 2    Res =  0.7874E-05
 MRCHDU: Convergence failed at 102  side 2    Res =  0.3131E-04
 MRCHDU: Convergence failed at 105  side 2    Res =  0.5387E-03
 MRCHDU: Convergence failed at 106  side 2    Res =  0.1479E-02
 Side 1  free  transition at x/c =  0.0488   10
 Side 2  free  transition at x/c =  0.0165   11

 190   rms: 0.4670E+03   max: -.6825E+04   C at   83  2   RLX: 0.000
       a = -4.000      CL = -0.5555
      Cm =  0.1402     CD =  5.38545   =>   CDf =  0.00384    CDp =  5.38161

 MRCHDU: Convergence failed at 100  side 2    Res =  0.1383E-01
 MRCHDU: Convergence failed at 101  side 2    Res =  0.7897E-05
 MRCHDU: Convergence failed at 102  side 2    Res =  0.3133E-04
 MRCHDU: Convergence failed at 105  side 2    Res =  0.5252E-03
 MRCHDU: Convergence failed at 106  side 2    Res =  0.1480E-02
 Side 1  free  transition at x/c =  0.0488   10
 Side 2  free  transition at x/c =  0.0165   11

 191   rms: 0.1818E+04   max: -.3355E+05   C at   83  2   RLX: 0.000
       a = -4.000      CL = -0.5555
      Cm =  0.1402     CD =  5.38096   =>   CDf =  0.00384    CDp =  5.37712

 MRCHDU: Convergence failed at 100  side 2    Res =  0.1369E-01
 MRCHDU: Convergence failed at 101  side 2    Res =  0.7904E-05
 MRCHDU: Convergence failed at 102  side 2    Res =  0.3134E-04
 MRCHDU: Convergence failed at 105  side 2    Res =  0.5204E-03
 MRCHDU: Convergence failed at 106  side 2    Res =  0.1481E-02
 Side 1  free  transition at x/c =  0.0488   10
 Side 2  free  transition at x/c =  0.0165   11

 192   rms: 0.3463E+04   max: 0.7697E+05   C at   83  2   RLX: 0.000
       a = -4.000      CL = -0.5555
      Cm =  0.1402     CD =  5.37966   =>   CDf =  0.00384    CDp =  5.37582

 MRCHDU: Convergence failed at 100  side 2    Res =  0.1440E-01
 MRCHDU: Convergence failed at 101  side 2    Res =  0.7856E-05
 MRCHDU: Convergence failed at 102  side 2    Res =  0.3132E-04
 MRCHDU: Convergence failed at 105  side 2    Res =  0.5239E-03
 MRCHDU: Convergence failed at 106  side 2    Res =  0.1480E-02
 Side 1  free  transition at x/c =  0.0488   10
 Side 2  free  transition at x/c =  0.0165   11

 193   rms: 0.4206E+03   max: -.6003E+04   C at   83  2   RLX: 0.000
       a = -4.000      CL = -0.5554
      Cm =  0.1402     CD =  5.37697   =>   CDf =  0.00384    CDp =  5.37312

 MRCHDU: Convergence failed at 100  side 2    Res =  0.1416E-01
 MRCHDU: Convergence failed at 101  side 2    Res =  0.7883E-05
 MRCHDU: Convergence failed at 102  side 2    Res =  0.3134E-04
 MRCHDU: Convergence failed at 105  side 2    Res =  0.5086E-03
 MRCHDU: Convergence failed at 106  side 2    Res =  0.1481E-02
 Side 1  free  transition at x/c =  0.0488   10
 Side 2  free  transition at x/c =  0.0165   11

 194   rms: 0.1480E+04   max: -.2672E+05   C at   83  2   RLX: 0.000
       a = -4.000      CL = -0.5554
      Cm =  0.1402     CD =  5.37192   =>   CDf =  0.00384    CDp =  5.36808

 MRCHDU: Convergence failed at 100  side 2    Res =  0.1402E-01
 MRCHDU: Convergence failed at 101  side 2    Res =  0.7892E-05
 MRCHDU: Convergence failed at 102  side 2    Res =  0.3135E-04
 MRCHDU: Convergence failed at 105  side 2    Res =  0.5031E-03
 MRCHDU: Convergence failed at 106  side 2    Res =  0.1482E-02
 Side 1  free  transition at x/c =  0.0488   10
 Side 2  free  transition at x/c =  0.0165   11

 195   rms: 0.4514E+04   max: 0.9882E+05   C at   83  2   RLX: 0.000
       a = -4.000      CL = -0.5554
      Cm =  0.1402     CD =  5.37053   =>   CDf =  0.00384    CDp =  5.36669

 MRCHDU: Convergence failed at 100  side 2    Res =  0.1474E-01
 MRCHDU: Convergence failed at 101  side 2    Res =  0.7843E-05
 MRCHDU: Convergence failed at 102  side 2    Res =  0.3134E-04
 MRCHDU: Convergence failed at 105  side 2    Res =  0.5075E-03
 MRCHDU: Convergence failed at 106  side 2    Res =  0.1481E-02
 Side 1  free  transition at x/c =  0.0488   10
 Side 2  free  transition at x/c =  0.0165   11

 196   rms: 0.3825E+03   max: -.5339E+04   C at   83  2   RLX: 0.000
       a = -4.000      CL = -0.5553
      Cm =  0.1402     CD =  5.36786   =>   CDf =  0.00384    CDp =  5.36402

 MRCHDU: Convergence failed at 100  side 2    Res =  0.1448E-01
 MRCHDU: Convergence failed at 101  side 2    Res =  0.7873E-05
 MRCHDU: Convergence failed at 102  side 2    Res =  0.3136E-04
 MRCHDU: Convergence failed at 105  side 2    Res =  0.4902E-03
 MRCHDU: Convergence failed at 106  side 2    Res =  0.1483E-02
 Side 1  free  transition at x/c =  0.0488   10
 Side 2  free  transition at x/c =  0.0165   11

 197   rms: 0.1252E+04   max: -.2213E+05   C at   83  2   RLX: 0.000
       a = -4.000      CL = -0.5553
      Cm =  0.1402     CD =  5.36224   =>   CDf =  0.00384    CDp =  5.35840

 MRCHDU: Convergence failed at 100  side 2    Res =  0.1433E-01
 MRCHDU: Convergence failed at 101  side 2    Res =  0.7884E-05
 MRCHDU: Convergence failed at 102  side 2    Res =  0.3136E-04
 MRCHDU: Convergence failed at 105  side 2    Res =  0.4839E-03
 MRCHDU: Convergence failed at 106  side 2    Res =  0.1483E-02
 Side 1  free  transition at x/c =  0.0488   10
 Side 2  free  transition at x/c =  0.0165   11

 198   rms: 0.6488E+04   max: 0.1399E+06   C at   83  2   RLX: 0.000
       a = -4.000      CL = -0.5553
      Cm =  0.1402     CD =  5.36075   =>   CDf =  0.00384    CDp =  5.35690

 MRCHDU: Convergence failed at 100  side 2    Res =  0.1505E-01
 MRCHDU: Convergence failed at 101  side 2    Res =  0.7833E-05
 MRCHDU: Convergence failed at 102  side 2    Res =  0.3135E-04
 MRCHDU: Convergence failed at 105  side 2    Res =  0.4892E-03
 MRCHDU: Convergence failed at 106  side 2    Res =  0.1483E-02
 Side 1  free  transition at x/c =  0.0488   10
 Side 2  free  transition at x/c =  0.0165   11

 199   rms: 0.3508E+03   max: -.4796E+04   C at   83  2   RLX: 0.000
       a = -4.000      CL = -0.5552
      Cm =  0.1401     CD =  5.35811   =>   CDf =  0.00384    CDp =  5.35427

 MRCHDU: Convergence failed at 100  side 2    Res =  0.1479E-01
 MRCHDU: Convergence failed at 101  side 2    Res =  0.7867E-05
 MRCHDU: Convergence failed at 102  side 2    Res =  0.3137E-04
 MRCHDU: Convergence failed at 105  side 2    Res =  0.4698E-03
 MRCHDU: Convergence failed at 106  side 2    Res =  0.1484E-02
 Side 1  free  transition at x/c =  0.0488   10
 Side 2  free  transition at x/c =  0.0165   11

 200   rms: 0.1085E+04   max: -.1880E+05   C at   83  2   RLX: 0.000
       a = -4.000      CL = -0.5552
      Cm =  0.1401     CD =  5.35189   =>   CDf =  0.00384    CDp =  5.34805

 MRCHDU: Convergence failed at 100  side 2    Res =  0.1462E-01
 MRCHDU: Convergence failed at 101  side 2    Res =  0.7879E-05
 MRCHDU: Convergence failed at 102  side 2    Res =  0.3138E-04
 MRCHDU: Convergence failed at 105  side 2    Res =  0.4626E-03
 MRCHDU: Convergence failed at 106  side 2    Res =  0.1485E-02
 Side 1  free  transition at x/c =  0.0488   10
 Side 2  free  transition at x/c =  0.0165   11

 201   rms: 0.1148E+05   max: 0.2439E+06   C at   83  2   RLX: 0.000
       a = -4.000      CL = -0.5552
      Cm =  0.1401     CD =  5.35030   =>   CDf =  0.00384    CDp =  5.34645

 MRCHDU: Convergence failed at 100  side 2    Res =  0.1535E-01
 MRCHDU: Convergence failed at 101  side 2    Res =  0.7827E-05
 MRCHDU: Convergence failed at 102  side 2    Res =  0.3136E-04
 MRCHDU: Convergence failed at 105  side 2    Res =  0.4689E-03
 MRCHDU: Convergence failed at 106  side 2    Res =  0.1484E-02
 Side 1  free  transition at x/c =  0.0488   10
 Side 2  free  transition at x/c =  0.0165   11

 202   rms: 0.3227E+03   max: -.4328E+04   C at   83  2   RLX: 0.000
       a = -4.000      CL = -0.5551
      Cm =  0.1401     CD =  5.34769   =>   CDf =  0.00384    CDp =  5.34384

 MRCHDU: Convergence failed at 100  side 2    Res =  0.1508E-01
 MRCHDU: Convergence failed at 101  side 2    Res =  0.7865E-05
 MRCHDU: Convergence failed at 102  side 2    Res =  0.3139E-04
 MRCHDU: Convergence failed at 105  side 2    Res =  0.4471E-03
 MRCHDU: Convergence failed at 106  side 2    Res =  0.1486E-02
 Side 1  free  transition at x/c =  0.0488   10
 Side 2  free  transition at x/c =  0.0165   11

 203   rms: 0.9590E+03   max: -.1631E+05   C at   83  2   RLX: 0.000
       a = -4.000      CL = -0.5551
      Cm =  0.1401     CD =  5.34077   =>   CDf =  0.00384    CDp =  5.33693

 MRCHDU: Convergence failed at 100  side 2    Res =  0.1490E-01
 MRCHDU: Convergence failed at 101  side 2    Res =  0.7879E-05
 MRCHDU: Convergence failed at 102  side 2    Res =  0.3140E-04
 MRCHDU: Convergence failed at 105  side 2    Res =  0.4390E-03
 MRCHDU: Convergence failed at 106  side 2    Res =  0.1486E-02
 Side 1  free  transition at x/c =  0.0488   10
 Side 2  free  transition at x/c =  0.0165   11

 204   rms: 0.4769E+05   max: 0.9990E+06   C at   83  2   RLX: 0.000
       a = -4.000      CL = -0.5551
      Cm =  0.1401     CD =  5.33907   =>   CDf =  0.00384    CDp =  5.33523

 MRCHDU: Convergence failed at 100  side 2    Res =  0.1563E-01
 MRCHDU: Convergence failed at 101  side 2    Res =  0.7825E-05
 MRCHDU: Convergence failed at 102  side 2    Res =  0.3138E-04
Note: The following floating-point exceptions are signalling: IEEE_UNDERFLOW_FLAG IEEE_DENORMAL
 MRCHDU: Convergence failed at 105  side 2    Res =  0.4464E-03
 MRCHDU: Convergence failed at 106  side 2    Res =  0.1485E-02
 Side 1  free  transition at x/c =  0.0488   10
 Side 2  free  transition at x/c =  0.0165   11

 205   rms: 0.3001E+03   max: -.3953E+04   C at   83  2   RLX: 0.000
       a = -4.000      CL = -0.5550
      Cm =  0.1401     CD =  5.33651   =>   CDf =  0.00384    CDp =  5.33267
 VISCAL:  Convergence failed
      9.000   14.7916   5.336512   0.000175   0.000663   0.000488    0.0488     #

 Sequence halted since previous  4 points did not converge
 Last-converged  alpha =   3.000    CL =  -0.38815

.OPERva   c>  
 Polar accumulation disabled

.OPERv   c>  
 XFOIL   c>  