
 ===================================================
  XFOIL Version 6.99
  Copyright (C) 2000   Mark Drela, Harold Youngren

  This software comes with ABSOLUTELY NO WARRANTY,
    subject to the GNU General Public License.

  Caveat computor
 ===================================================

 File  xfoil.def  not found

   QUIT    Exit program

  .OPER    Direct operating point(s)
  .MDES    Complex mapping design routine
  .QDES    Surface speed design routine
  .GDES    Geometry design routine

   SAVE f  Write airfoil to labeled coordinate file
   PSAV f  Write airfoil to plain coordinate file
   ISAV f  Write airfoil to ISES coordinate file
   MSAV f  Write airfoil to MSES coordinate file
   REVE    Reverse written-airfoil node ordering
   DELI i  Change written-airfoil file delimiters

   LOAD f  Read buffer airfoil from coordinate file
   NACA i  Set NACA 4,5-digit airfoil and buffer airfoil
   INTE    Set buffer airfoil by interpolating two airfoils
   NORM    Buffer airfoil normalization toggle
   HALF    Halve the number of points in buffer airfoil
   XYCM rr Change CM reference location, currently  0.25000 0.00000

   BEND    Display structural properties of current airfoil

   PCOP    Set current-airfoil panel nodes directly from buffer airfoil points
   PANE    Set current-airfoil panel nodes ( 160 ) based on curvature
  .PPAR    Show/change paneling

  .PLOP    Plotting options

   WDEF f  Write  current-settings file
   RDEF f  Reread current-settings file
   NAME s  Specify new airfoil name
   NINC    Increment name version number

   Z       Zoom    | (available in all menus)
   U       Unzoom  | 

 XFOIL   c>  
 XFOIL   c>  
 Labeled airfoil file.  Name:  GOE 373 AIRFOIL                                 

 Number of input coordinate points:  33
 Counterclockwise ordering
 Max thickness =     0.065013  at x =   0.299
 Max camber    =     0.050000  at x =   0.399

  LE  x,y  =  -0.00012   0.00123  |   Chord =   1.00012
  TE  x,y  =   1.00000   0.00000  |

 Current airfoil nodes set from buffer airfoil nodes (  33 )

 WARNING: Poor input coordinate distribution
          Excessive panel angle   88.5  at i =  17
          Repaneling with PANE and/or PPAR suggested
           (doing GDES,CADD before repaneling _may_
            improve excessively coarse LE spacing

 XFOIL   c>  
 Sharp trailing edge

 Paneling parameters used...
   Number of panel nodes       160
   Panel bunching parameter    1.000
   TE/LE panel density ratio   0.150
   Refined-area/LE panel density ratio    0.200
   Top    side refined area x/c limits  1.000 1.000
   Bottom side refined area x/c limits  1.000 1.000

 XFOIL   c>  
.OPERi   c>  
 M  =    0.0000
 Re =  0.1000E+07

.OPERv   c>  
.OPERv   c>  
 Xtr/c     =  1.0000    top    side
 Xtr/c     =  1.0000    bottom side
 NcritT    =    9.00   ( 0.070 % turb. level )
 NcritB    =    9.00   ( 0.070 % turb. level )
 Vacc      =  0.0100
 WakeL/c   =   1.000

 Klag  =  5.6000     Uxwt  =    1.00       Kdl =  0.9000
 A     =  6.7000     B     =  0.7500       KCt = 0.01485
 CtiniK=  1.8000     CtiniX=  3.3000

..VPAR   c>  
..VPAR   c>  
.OPERv   c>  
.OPERv   c>  
 Polar  1 newly created for accumulation
 Airfoil archived with polar: GOE 373 AIRFOIL                                 

Enter  polar save filename  OR  <return> for no file   s>  
 New polar save file available

Enter  polar dump filename  OR  <return> for no file   s>  
 Polar dump file will NOT be written

 Polar accumulation enabled

.OPERva   c>   Calculating unit vorticity distributions ...
 Calculating wake trajectory ...
 Calculating source influence matrix ...

 Solving BL system ...

 Initializing BL ...
    side            1  ...
 MRCHUE: Inverse mode at  41     Hk =   4.338
 MRCHUE: Inverse mode at  42     Hk =   5.370
 MRCHUE: Inverse mode at  43     Hk =   6.389
 MRCHUE: Inverse mode at  44     Hk =   4.425
 MRCHUE: Inverse mode at  45     Hk =   2.500
 MRCHUE: Inverse mode at  79     Hk =   2.500
    side            2  ...
 MRCHUE: Inverse mode at  13     Hk =   4.488
 MRCHUE: Convergence failed at  14  side 2    Res =  0.1865E+01
 MRCHUE: Convergence failed at  15  side 2    Res =  0.3765E+01
 MRCHUE: Convergence failed at  16  side 2    Res =  0.4391E+01
 MRCHUE: Inverse mode at  17     Hk =   2.500

 MRCHDU: Convergence failed at  14  side 2    Res =  0.2882E+01
 MRCHDU: Convergence failed at  15  side 2    Res =  0.1043E+02
 MRCHDU: Convergence failed at  16  side 2    Res =  0.2114E+03
 MRCHDU: Convergence failed at  17  side 2    Res =  0.1439E+02
 MRCHDU: Convergence failed at  18  side 2    Res =  0.1106E+02
 MRCHDU: Convergence failed at  19  side 2    Res =  0.2483E+02
 MRCHDU: Convergence failed at  20  side 2    Res =  0.8516E+01
 MRCHDU: Convergence failed at  21  side 2    Res =  0.2506E+02
 MRCHDU: Convergence failed at  22  side 2    Res =  0.2006E+02
 MRCHDU: Convergence failed at  23  side 2    Res =  0.1762E+02
 MRCHDU: Convergence failed at  24  side 2    Res =  0.2804E+02
 MRCHDU: Convergence failed at  25  side 2    Res =  0.2922E+03
 MRCHDU: Convergence failed at  26  side 2    Res =  0.7700E+01
 MRCHDU: Convergence failed at  27  side 2    Res =  0.7922E+01
 MRCHDU: Convergence failed at  28  side 2    Res =  0.8534E+01
 MRCHDU: Convergence failed at  29  side 2    Res =  0.8970E+01
 MRCHDU: Convergence failed at  30  side 2    Res =  0.8696E+01
 MRCHDU: Convergence failed at  31  side 2    Res =  0.8883E+01
 MRCHDU: Convergence failed at  32  side 2    Res =  0.9142E+01
 MRCHDU: Convergence failed at  33  side 2    Res =  0.9274E+01
 MRCHDU: Convergence failed at  34  side 2    Res =  0.9348E+01
 MRCHDU: Convergence failed at  35  side 2    Res =  0.9428E+01
 MRCHDU: Convergence failed at  36  side 2    Res =  0.9607E+01
 MRCHDU: Convergence failed at  37  side 2    Res =  0.1105E+02
 MRCHDU: Convergence failed at  38  side 2    Res =  0.1028E+02
 MRCHDU: Convergence failed at  39  side 2    Res =  0.1097E+02
 MRCHDU: Convergence failed at  40  side 2    Res =  0.1175E+02
 MRCHDU: Convergence failed at  41  side 2    Res =  0.1254E+02
 MRCHDU: Convergence failed at  42  side 2    Res =  0.1326E+02
 MRCHDU: Convergence failed at  43  side 2    Res =  0.1258E+02
 MRCHDU: Convergence failed at  44  side 2    Res =  0.1357E+02
 MRCHDU: Convergence failed at  45  side 2    Res =  0.1352E+02
 MRCHDU: Convergence failed at  46  side 2    Res =  0.1347E+02
 MRCHDU: Convergence failed at  47  side 2    Res =  0.1341E+02
 MRCHDU: Convergence failed at  48  side 2    Res =  0.1337E+02
 MRCHDU: Convergence failed at  49  side 2    Res =  0.1341E+02
 MRCHDU: Convergence failed at  50  side 2    Res =  0.1365E+02
 MRCHDU: Convergence failed at  51  side 2    Res =  0.1403E+02
 MRCHDU: Convergence failed at  52  side 2    Res =  0.1587E+02
 MRCHDU: Convergence failed at  53  side 2    Res =  0.1635E+02
 MRCHDU: Convergence failed at  54  side 2    Res =  0.1690E+02
 MRCHDU: Convergence failed at  55  side 2    Res =  0.1750E+02
 MRCHDU: Convergence failed at  56  side 2    Res =  0.1810E+02
 MRCHDU: Convergence failed at  57  side 2    Res =  0.1869E+02
 MRCHDU: Convergence failed at  58  side 2    Res =  0.1964E+02
 MRCHDU: Convergence failed at  59  side 2    Res =  0.2013E+02
 MRCHDU: Convergence failed at  60  side 2    Res =  0.2053E+02
 MRCHDU: Convergence failed at  61  side 2    Res =  0.2079E+02
 MRCHDU: Convergence failed at  62  side 2    Res =  0.2085E+02
 MRCHDU: Convergence failed at  63  side 2    Res =  0.2053E+02
 MRCHDU: Convergence failed at  64  side 2    Res =  0.1963E+02
 MRCHDU: Convergence failed at  65  side 2    Res =  0.1911E+02
 MRCHDU: Convergence failed at  66  side 2    Res =  0.1864E+02
 MRCHDU: Convergence failed at  67  side 2    Res =  0.1366E+02
 MRCHDU: Convergence failed at  68  side 2    Res =  0.1352E+02
 MRCHDU: Convergence failed at  69  side 2    Res =  0.1359E+02
 MRCHDU: Convergence failed at  70  side 2    Res =  0.1410E+02
 MRCHDU: Convergence failed at  71  side 2    Res =  0.1991E+02
 MRCHDU: Convergence failed at  72  side 2    Res =  0.2080E+02
 MRCHDU: Convergence failed at  73  side 2    Res =  0.2160E+02
 MRCHDU: Convergence failed at  74  side 2    Res =  0.2214E+02
 MRCHDU: Convergence failed at  75  side 2    Res =  0.2219E+02
 MRCHDU: Convergence failed at  76  side 2    Res =  0.2125E+02
 MRCHDU: Convergence failed at  77  side 2    Res =  0.1598E+02
 MRCHDU: Convergence failed at  78  side 2    Res =  0.1424E+02
 MRCHDU: Convergence failed at  79  side 2    Res =  0.1815E+02
 MRCHDU: Convergence failed at  80  side 2    Res =  0.2536E+02
 MRCHDU: Convergence failed at  81  side 2    Res =  0.3321E+02
 MRCHDU: Convergence failed at  82  side 2    Res =  0.4989E+02
 MRCHDU: Convergence failed at  83  side 2    Res =  0.3331E+02
 Side 1  free  transition at x/c =  0.4827   44
 Side 2  free  transition at x/c =  0.0308   17

   1   rms: 0.1101E+01   max: -.8084E+00   U at   83  2   RLX: 0.256
       a =  0.000      CL = -0.8370
      Cm =  0.2565     CD =  0.00541   =>   CDf =  0.00351    CDp =  0.00190

 Side 1  free  transition at x/c =  0.4873   44
 Side 2  free  transition at x/c =  0.0287   17

   2   rms: 0.1154E+01   max: 0.7698E+01   D at   16  2   RLX: 0.195
       a =  0.000      CL = -0.5067
      Cm =  0.1703     CD =  0.00752   =>   CDf =  0.01180    CDp = -0.00428

 MRCHDU: Convergence failed at  17  side 2    Res =  0.3472E+02
 MRCHDU: Convergence failed at  18  side 2    Res =  0.2642E+02
 MRCHDU: Convergence failed at  19  side 2    Res =  0.6744E+02
 MRCHDU: Convergence failed at  20  side 2    Res =  0.6866E+02
 MRCHDU: Convergence failed at  21  side 2    Res =  0.2321E+02
 MRCHDU: Convergence failed at  22  side 2    Res =  0.2393E+02
 MRCHDU: Convergence failed at  23  side 2    Res =  0.2513E+02
 MRCHDU: Convergence failed at  24  side 2    Res =  0.2446E+02
 MRCHDU: Convergence failed at  25  side 2    Res =  0.2347E+02
 MRCHDU: Convergence failed at  26  side 2    Res =  0.2204E+02
 MRCHDU: Convergence failed at  27  side 2    Res =  0.2111E+02
 MRCHDU: Convergence failed at  28  side 2    Res =  0.2006E+02
 MRCHDU: Convergence failed at  29  side 2    Res =  0.1956E+02
 MRCHDU: Convergence failed at  30  side 2    Res =  0.2059E+02
 MRCHDU: Convergence failed at  31  side 2    Res =  0.2688E+02
 MRCHDU: Convergence failed at  32  side 2    Res =  0.2731E+02
 MRCHDU: Convergence failed at  33  side 2    Res =  0.2764E+02
 MRCHDU: Convergence failed at  34  side 2    Res =  0.2785E+02
 MRCHDU: Convergence failed at  35  side 2    Res =  0.2778E+02
 MRCHDU: Convergence failed at  36  side 2    Res =  0.2795E+02
 MRCHDU: Convergence failed at  37  side 2    Res =  0.2908E+02
 MRCHDU: Convergence failed at  38  side 2    Res =  0.4073E+02
 MRCHDU: Convergence failed at  39  side 2    Res =  0.4297E+02
 MRCHDU: Convergence failed at  40  side 2    Res =  0.4564E+02
 MRCHDU: Convergence failed at  41  side 2    Res =  0.4862E+02
 MRCHDU: Convergence failed at  42  side 2    Res =  0.5175E+02
 MRCHDU: Convergence failed at  43  side 2    Res =  0.5438E+02
 MRCHDU: Convergence failed at  44  side 2    Res =  0.5692E+02
 MRCHDU: Convergence failed at  45  side 2    Res =  0.5863E+02
 MRCHDU: Convergence failed at  46  side 2    Res =  0.8543E+02
 MRCHDU: Convergence failed at  47  side 2    Res =  0.9962E+02
 MRCHDU: Convergence failed at  48  side 2    Res =  0.1211E+03
 MRCHDU: Convergence failed at  49  side 2    Res =  0.1450E+03
 MRCHDU: Convergence failed at  50  side 2    Res =  0.2024E+03
 MRCHDU: Convergence failed at  51  side 2    Res =  0.4696E+03
 MRCHDU: Convergence failed at  52  side 2    Res =  0.2856E+04
 MRCHDU: Convergence failed at  53  side 2    Res =  0.3618E+03
 MRCHDU: Convergence failed at  54  side 2    Res =  0.3407E+02
 MRCHDU: Convergence failed at  55  side 2    Res =  0.3505E+02
 MRCHDU: Convergence failed at  56  side 2    Res =  0.3614E+02
 MRCHDU: Convergence failed at  57  side 2    Res =  0.3730E+02
 MRCHDU: Convergence failed at  58  side 2    Res =  0.3355E+02
 MRCHDU: Convergence failed at  59  side 2    Res =  0.3385E+02
 MRCHDU: Convergence failed at  60  side 2    Res =  0.3412E+02
 MRCHDU: Convergence failed at  61  side 2    Res =  0.3433E+02
 MRCHDU: Convergence failed at  62  side 2    Res =  0.3447E+02
 MRCHDU: Convergence failed at  63  side 2    Res =  0.4204E+02
 MRCHDU: Convergence failed at  64  side 2    Res =  0.3201E+02
 MRCHDU: Convergence failed at  65  side 2    Res =  0.3110E+02
 MRCHDU: Convergence failed at  66  side 2    Res =  0.2998E+02
 MRCHDU: Convergence failed at  67  side 2    Res =  0.2881E+02
 MRCHDU: Convergence failed at  68  side 2    Res =  0.2772E+02
 MRCHDU: Convergence failed at  69  side 2    Res =  0.3978E+02
 MRCHDU: Convergence failed at  70  side 2    Res =  0.3915E+02
 MRCHDU: Convergence failed at  71  side 2    Res =  0.3885E+02
 MRCHDU: Convergence failed at  72  side 2    Res =  0.3876E+02
 MRCHDU: Convergence failed at  73  side 2    Res =  0.3872E+02
 MRCHDU: Convergence failed at  74  side 2    Res =  0.3861E+02
 MRCHDU: Convergence failed at  75  side 2    Res =  0.3823E+02
 MRCHDU: Convergence failed at  76  side 2    Res =  0.3735E+02
 MRCHDU: Convergence failed at  77  side 2    Res =  0.3676E+02
 MRCHDU: Convergence failed at  78  side 2    Res =  0.3601E+02
 MRCHDU: Convergence failed at  79  side 2    Res =  0.3656E+02
 MRCHDU: Convergence failed at  80  side 2    Res =  0.3929E+02
 MRCHDU: Convergence failed at  81  side 2    Res =  0.4346E+02
 MRCHDU: Convergence failed at  82  side 2    Res =  0.4980E+02
 MRCHDU: Convergence failed at  83  side 2    Res =  0.7175E+02
 Side 1  free  transition at x/c =  0.4904   45
 Side 2  free  transition at x/c =  0.0270   16

   3   rms: 0.1047E+01   max: -.6667E+01   T at   16  2   RLX: 0.075
       a =  0.000      CL = -0.8814
      Cm =  0.2709     CD =  0.00529   =>   CDf =  0.00353    CDp =  0.00176

 MRCHDU: Convergence failed at  85  side 2    Res =  0.2770E+00
 MRCHDU: Convergence failed at  86  side 2    Res =  0.7372E+00
 MRCHDU: Convergence failed at  87  side 2    Res =  0.1014E+01
 MRCHDU: Convergence failed at  88  side 2    Res =  0.1210E+01
 MRCHDU: Convergence failed at  89  side 2    Res =  0.1360E+01
 MRCHDU: Convergence failed at  90  side 2    Res =  0.1481E+01
 MRCHDU: Convergence failed at  91  side 2    Res =  0.1582E+01
 MRCHDU: Convergence failed at  92  side 2    Res =  0.1668E+01
 MRCHDU: Convergence failed at  93  side 2    Res =  0.1742E+01
 MRCHDU: Convergence failed at  94  side 2    Res =  0.1805E+01
 MRCHDU: Convergence failed at  95  side 2    Res =  0.1859E+01
 MRCHDU: Convergence failed at  96  side 2    Res =  0.1905E+01
 MRCHDU: Convergence failed at  97  side 2    Res =  0.1944E+01
 MRCHDU: Convergence failed at  98  side 2    Res =  0.1976E+01
 MRCHDU: Convergence failed at  99  side 2    Res =  0.2001E+01
 MRCHDU: Convergence failed at 100  side 2    Res =  0.2019E+01
 MRCHDU: Convergence failed at 101  side 2    Res =  0.2030E+01
 MRCHDU: Convergence failed at 102  side 2    Res =  0.2034E+01
 MRCHDU: Convergence failed at 103  side 2    Res =  0.2032E+01
 MRCHDU: Convergence failed at 104  side 2    Res =  0.2022E+01
 MRCHDU: Convergence failed at 105  side 2    Res =  0.2005E+01
 MRCHDU: Convergence failed at 106  side 2    Res =  0.1981E+01
 Side 1  free  transition at x/c =  0.4918   45
 Side 2  free  transition at x/c =  0.0276   16

   4   rms: 0.1042E+01   max: 0.7455E+01   T at   18  2   RLX: 0.201
       a =  0.000      CL = -0.1145
      Cm =  0.0429     CD =  0.01225   =>   CDf =  0.00375    CDp =  0.00850

 Side 1  free  transition at x/c =  0.4998   45
 Side 2  free  transition at x/c =  0.0277   17

   5   rms: 0.1401E+02   max: 0.9730E+02   T at   17  2   RLX: 0.015
       a =  0.000      CL = -0.2088
      Cm =  0.0494     CD =  0.02593   =>   CDf =  0.00374    CDp =  0.02219

 MRCHDU: Convergence failed at  18  side 2    Res =  0.3373E+02
 MRCHDU: Convergence failed at  19  side 2    Res =  0.1998E+02
 MRCHDU: Convergence failed at  20  side 2    Res =  0.2476E+02
 MRCHDU: Convergence failed at  21  side 2    Res =  0.1578E+02
 MRCHDU: Convergence failed at  22  side 2    Res =  0.1178E+02
 MRCHDU: Convergence failed at  23  side 2    Res =  0.3354E+03
 MRCHDU: Convergence failed at  24  side 2    Res =  0.1926E+02
 MRCHDU: Convergence failed at  25  side 2    Res =  0.1136E+02
 MRCHDU: Convergence failed at  26  side 2    Res =  0.3147E+02
 MRCHDU: Convergence failed at  27  side 2    Res =  0.6420E+02
 MRCHDU: Convergence failed at  28  side 2    Res =  0.1807E+02
 MRCHDU: Convergence failed at  29  side 2    Res =  0.1424E+02
 MRCHDU: Convergence failed at  30  side 2    Res =  0.2571E+02
 MRCHDU: Convergence failed at  31  side 2    Res =  0.7433E+02
 MRCHDU: Convergence failed at  32  side 2    Res =  0.1172E+03
 MRCHDU: Convergence failed at  33  side 2    Res =  0.3693E+02
 MRCHDU: Convergence failed at  34  side 2    Res =  0.2340E+02
 MRCHDU: Convergence failed at  35  side 2    Res =  0.1376E+02
 MRCHDU: Convergence failed at  36  side 2    Res =  0.1635E+02
 MRCHDU: Convergence failed at  37  side 2    Res =  0.2015E+02
 MRCHDU: Convergence failed at  38  side 2    Res =  0.2669E+02
 MRCHDU: Convergence failed at  39  side 2    Res =  0.4020E+02
 MRCHDU: Convergence failed at  40  side 2    Res =  0.8164E+02
 MRCHDU: Convergence failed at  41  side 2    Res =  0.6598E+04
 MRCHDU: Convergence failed at  42  side 2    Res =  0.8328E+02
 MRCHDU: Convergence failed at  43  side 2    Res =  0.4352E+02
 MRCHDU: Convergence failed at  44  side 2    Res =  0.3029E+02
 MRCHDU: Convergence failed at  45  side 2    Res =  0.2383E+02
 MRCHDU: Convergence failed at  46  side 2    Res =  0.1706E+02
 MRCHDU: Convergence failed at  47  side 2    Res =  0.1896E+02
 MRCHDU: Convergence failed at  48  side 2    Res =  0.2115E+02
 MRCHDU: Convergence failed at  49  side 2    Res =  0.2404E+02
 MRCHDU: Convergence failed at  50  side 2    Res =  0.2791E+02
 MRCHDU: Convergence failed at  51  side 2    Res =  0.3350E+02
 MRCHDU: Convergence failed at  52  side 2    Res =  0.4262E+02
 MRCHDU: Convergence failed at  53  side 2    Res =  0.5753E+02
 MRCHDU: Convergence failed at  54  side 2    Res =  0.8607E+02
 MRCHDU: Convergence failed at  55  side 2    Res =  0.1839E+03
 MRCHDU: Convergence failed at  56  side 2    Res =  0.1078E+04
 MRCHDU: Convergence failed at  57  side 2    Res =  0.1408E+03
 MRCHDU: Convergence failed at  58  side 2    Res =  0.7802E+02
 MRCHDU: Convergence failed at  59  side 2    Res =  0.5349E+02
 MRCHDU: Convergence failed at  60  side 2    Res =  0.4129E+02
 MRCHDU: Convergence failed at  61  side 2    Res =  0.3365E+02
 MRCHDU: Convergence failed at  62  side 2    Res =  0.2905E+02
 MRCHDU: Convergence failed at  63  side 2    Res =  0.2566E+02
 MRCHDU: Convergence failed at  64  side 2    Res =  0.2115E+02
 MRCHDU: Convergence failed at  65  side 2    Res =  0.2237E+02
 MRCHDU: Convergence failed at  66  side 2    Res =  0.2368E+02
 MRCHDU: Convergence failed at  67  side 2    Res =  0.2535E+02
 MRCHDU: Convergence failed at  68  side 2    Res =  0.2725E+02
 MRCHDU: Convergence failed at  69  side 2    Res =  0.3004E+02
 MRCHDU: Convergence failed at  70  side 2    Res =  0.3409E+02
 MRCHDU: Convergence failed at  71  side 2    Res =  0.4047E+02
 MRCHDU: Convergence failed at  72  side 2    Res =  0.5081E+02
 MRCHDU: Convergence failed at  73  side 2    Res =  0.6406E+02
 MRCHDU: Convergence failed at  74  side 2    Res =  0.8438E+02
 MRCHDU: Convergence failed at  75  side 2    Res =  0.1100E+03
 MRCHDU: Convergence failed at  76  side 2    Res =  0.1185E+03
 MRCHDU: Convergence failed at  77  side 2    Res =  0.1050E+03
 MRCHDU: Convergence failed at  78  side 2    Res =  0.1594E+03
 MRCHDU: Convergence failed at  79  side 2    Res =  0.2066E+03
 MRCHDU: Convergence failed at  80  side 2    Res =  0.2469E+03
 MRCHDU: Convergence failed at  81  side 2    Res =  0.3913E+02
 MRCHDU: Convergence failed at  82  side 2    Res =  0.9507E+02
 MRCHDU: Convergence failed at  83  side 2    Res =  0.1448E+03
 MRCHDU: Convergence failed at  84  side 2    Res =  0.6268E+02
 Side 1  free  transition at x/c =  0.5034   44
 Side 2  free  transition at x/c =  0.0277   17

   6   rms: 0.2362E+01   max: 0.2869E+02   T at   17  2   RLX: 0.019
       a =  0.000      CL = -1.6169
      Cm =  0.4480     CD =  0.00540   =>   CDf =  0.00336    CDp =  0.00203

 Side 1  free  transition at x/c =  0.5039   44
 Side 2  free  transition at x/c =  0.0279   18

   7   rms: 0.1183E+01   max: 0.9821E+01   T at   18  2   RLX: 0.153
       a =  0.000      CL = -0.7703
      Cm =  0.1976     CD =  0.01106   =>   CDf =  0.00378    CDp =  0.00728

 Side 1  free  transition at x/c =  0.5098   45
 Side 2  free  transition at x/c =  0.0277   17

   8   rms: 0.1364E+01   max: 0.6681E+01   T at   18  2   RLX: 0.194
       a =  0.000      CL = -0.5644
      Cm =  0.1284     CD =  0.00402   =>   CDf =  0.00375    CDp =  0.00027

 Side 1  free  transition at x/c =  0.5192   45
 Side 2  free  transition at x/c =  0.0278   18

   9   rms: 0.6489E+01   max: 0.2916E+02   T at   18  2   RLX: 0.026
       a =  0.000      CL = -0.6147
      Cm =  0.1091     CD =  0.00493   =>   CDf =  0.00374    CDp =  0.00119

 MRCHDU: Convergence failed at  19  side 2    Res =  0.1694E+02
 MRCHDU: Convergence failed at  20  side 2    Res =  0.6181E+02
 MRCHDU: Convergence failed at  21  side 2    Res =  0.1353E+02
 MRCHDU: Convergence failed at  22  side 2    Res =  0.8758E+02
 MRCHDU: Convergence failed at  23  side 2    Res =  0.5920E+03
 MRCHDU: Convergence failed at  24  side 2    Res =  0.3652E+02
 MRCHDU: Convergence failed at  25  side 2    Res =  0.3973E+02
 MRCHDU: Convergence failed at  26  side 2    Res =  0.2506E+02
 MRCHDU: Convergence failed at  27  side 2    Res =  0.4351E+03
 MRCHDU: Convergence failed at  28  side 2    Res =  0.1945E+03
 MRCHDU: Convergence failed at  29  side 2    Res =  0.7970E+02
 MRCHDU: Convergence failed at  30  side 2    Res =  0.1074E+03
 MRCHDU: Convergence failed at  31  side 2    Res =  0.3262E+02
 MRCHDU: Convergence failed at  32  side 2    Res =  0.9797E+02
 MRCHDU: Convergence failed at  33  side 2    Res =  0.5291E+02
 MRCHDU: Convergence failed at  34  side 2    Res =  0.2335E+02
 MRCHDU: Convergence failed at  35  side 2    Res =  0.3426E+02
 MRCHDU: Convergence failed at  36  side 2    Res =  0.5899E+02
 MRCHDU: Convergence failed at  37  side 2    Res =  0.1710E+03
 MRCHDU: Convergence failed at  38  side 2    Res =  0.1663E+03
 MRCHDU: Convergence failed at  39  side 2    Res =  0.5868E+02
 MRCHDU: Convergence failed at  40  side 2    Res =  0.3457E+02
 MRCHDU: Convergence failed at  41  side 2    Res =  0.2907E+02
 MRCHDU: Convergence failed at  42  side 2    Res =  0.3735E+02
 MRCHDU: Convergence failed at  43  side 2    Res =  0.5277E+02
 MRCHDU: Convergence failed at  44  side 2    Res =  0.8703E+02
 MRCHDU: Convergence failed at  45  side 2    Res =  0.2143E+03
 MRCHDU: Convergence failed at  46  side 2    Res =  0.4620E+03
 MRCHDU: Convergence failed at  47  side 2    Res =  0.1165E+03
 MRCHDU: Convergence failed at  48  side 2    Res =  0.6868E+02
 MRCHDU: Convergence failed at  49  side 2    Res =  0.4869E+02
 MRCHDU: Convergence failed at  50  side 2    Res =  0.3787E+02
 MRCHDU: Convergence failed at  51  side 2    Res =  0.3031E+02
 MRCHDU: Convergence failed at  52  side 2    Res =  0.3445E+02
 MRCHDU: Convergence failed at  53  side 2    Res =  0.4058E+02
 MRCHDU: Convergence failed at  54  side 2    Res =  0.4934E+02
 MRCHDU: Convergence failed at  55  side 2    Res =  0.6276E+02
 MRCHDU: Convergence failed at  56  side 2    Res =  0.8882E+02
 MRCHDU: Convergence failed at  57  side 2    Res =  0.1543E+03
 MRCHDU: Convergence failed at  58  side 2    Res =  0.5650E+03
 MRCHDU: Convergence failed at  59  side 2    Res =  0.3061E+03
 MRCHDU: Convergence failed at  60  side 2    Res =  0.1122E+03
 MRCHDU: Convergence failed at  61  side 2    Res =  0.7186E+02
 MRCHDU: Convergence failed at  62  side 2    Res =  0.5274E+02
 MRCHDU: Convergence failed at  63  side 2    Res =  0.4185E+02
 MRCHDU: Convergence failed at  64  side 2    Res =  0.3350E+02
 MRCHDU: Convergence failed at  65  side 2    Res =  0.3701E+02
 MRCHDU: Convergence failed at  66  side 2    Res =  0.4125E+02
 MRCHDU: Convergence failed at  67  side 2    Res =  0.4580E+02
 MRCHDU: Convergence failed at  68  side 2    Res =  0.5245E+02
 MRCHDU: Convergence failed at  69  side 2    Res =  0.6229E+02
 MRCHDU: Convergence failed at  70  side 2    Res =  0.8094E+02
 MRCHDU: Convergence failed at  71  side 2    Res =  0.1230E+03
 MRCHDU: Convergence failed at  72  side 2    Res =  0.2771E+03
 MRCHDU: Convergence failed at  73  side 2    Res =  0.9567E+03
 MRCHDU: Convergence failed at  74  side 2    Res =  0.1635E+03
 MRCHDU: Convergence failed at  75  side 2    Res =  0.9543E+02
 MRCHDU: Convergence failed at  76  side 2    Res =  0.7130E+02
 MRCHDU: Convergence failed at  77  side 2    Res =  0.6260E+02
 MRCHDU: Convergence failed at  78  side 2    Res =  0.5860E+02
 MRCHDU: Convergence failed at  79  side 2    Res =  0.4666E+02
 MRCHDU: Convergence failed at  80  side 2    Res =  0.3593E+02
 MRCHDU: Convergence failed at  81  side 2    Res =  0.4744E+02
 MRCHDU: Convergence failed at  82  side 2    Res =  0.2135E+03
 MRCHDU: Convergence failed at  83  side 2    Res =  0.6612E+02
 MRCHDU: Convergence failed at  84  side 2    Res =  0.1136E+04
 MRCHDU: Convergence failed at  85  side 2    Res =  0.8063E+03
 Side 1  free  transition at x/c =  0.5242   45
 Side 2  free  transition at x/c =  0.0277   18

  10   rms: 0.1787E+01   max: 0.1230E+02   T at   18  2   RLX: 0.045
       a =  0.000      CL = -2.8600
      Cm =  0.7453     CD =  0.00036   =>   CDf =  0.00317    CDp = -0.00281

 Side 1  free  transition at x/c =  0.5271   45
 Side 2  free  transition at x/c =  0.0294   19

  11   rms: 0.2285E+01   max: -.2961E+02   T at   19  2   RLX: 0.017
       a =  0.000      CL = -2.0674
      Cm =  0.5025     CD =  0.00517   =>   CDf =  0.00372    CDp =  0.00144

 Side 1  free  transition at x/c =  0.5266   45
 Side 2  free  transition at x/c =  0.0292   19

  12   rms: 0.1410E+01   max: -.3182E+01   T at  107  2   RLX: 0.135
       a =  0.000      CL = -1.6448
      Cm =  0.4084     CD =  0.00120   =>   CDf =  0.00372    CDp = -0.00252

 Side 1  free  transition at x/c =  0.5276   45
 Side 2  free  transition at x/c =  0.0290   19

  13   rms: 0.1250E+01   max: -.3412E+01   T at  107  2   RLX: 0.147
       a =  0.000      CL = -1.2590
      Cm =  0.3200     CD =  0.00021   =>   CDf =  0.00371    CDp = -0.00350

 Side 1  free  transition at x/c =  0.5279   46
 Side 2  free  transition at x/c =  0.0292   18

  14   rms: 0.1090E+01   max: -.3287E+01   T at  105  2   RLX: 0.152
       a =  0.000      CL = -0.9208
      Cm =  0.2406     CD =  0.00006   =>   CDf =  0.00365    CDp = -0.00359

 Side 1  free  transition at x/c =  0.5276   46
 Side 2  free  transition at x/c =  0.0291   18

  15   rms: 0.9366E+00   max: -.3107E+01   T at  104  2   RLX: 0.161
       a =  0.000      CL = -0.6414
      Cm =  0.1746     CD =  0.00015   =>   CDf =  0.00362    CDp = -0.00347

 Side 1  free  transition at x/c =  0.5276   46
 Side 2  free  transition at x/c =  0.0291   18

  16   rms: 0.7954E+00   max: -.2822E+01   T at  103  2   RLX: 0.177
       a =  0.000      CL = -0.4030
      Cm =  0.1175     CD =  0.00088   =>   CDf =  0.00359    CDp = -0.00271

 MRCHDU: Convergence failed at 103  side 2    Res =  0.1005E-01
 Side 1  free  transition at x/c =  0.5287   47
 Side 2  free  transition at x/c =  0.0287   17

  17   rms: 0.8798E+00   max: 0.1016E+02   C at  104  2   RLX: 0.148
       a =  0.000      CL = -0.2544
      Cm =  0.0813     CD =  0.02229   =>   CDf =  0.00356    CDp =  0.01874

 MRCHDU: Convergence failed at 102  side 2    Res =  0.8099E-02
 MRCHDU: Convergence failed at 103  side 2    Res =  0.4758E+00
 Side 1  free  transition at x/c =  0.5298   47
 Side 2  free  transition at x/c =  0.0282   17

  18   rms: 0.7402E+00   max: 0.4776E+01   T at   17  2   RLX: 0.114
       a =  0.000      CL = -0.1722
      Cm =  0.0611     CD =  0.00489   =>   CDf =  0.00353    CDp =  0.00136

 Side 1  free  transition at x/c =  0.5319   47
 Side 2  free  transition at x/c =  0.0277   16

  19   rms: 0.6701E+01   max: -.8487E+02   C at  106  2   RLX: 0.006
       a =  0.000      CL = -0.2050
      Cm =  0.0780     CD =  0.00644   =>   CDf =  0.00352    CDp =  0.00292

 Side 1  free  transition at x/c =  0.5312   47
 Side 2  free  transition at x/c =  0.0277   16

  20   rms: 0.3500E+02   max: -.5474E+03   C at  105  2   RLX: 0.001
       a =  0.000      CL = -0.2040
      Cm =  0.0779     CD =  0.00676   =>   CDf =  0.00352    CDp =  0.00324

 Side 1  free  transition at x/c =  0.5311   47
 Side 2  free  transition at x/c =  0.0277   16

  21   rms: 0.5678E+02   max: -.8912E+03   C at  105  2   RLX: 0.001
       a =  0.000      CL = -0.2032
      Cm =  0.0779     CD =  0.00688   =>   CDf =  0.00352    CDp =  0.00335

 Side 1  free  transition at x/c =  0.5310   47
 Side 2  free  transition at x/c =  0.0277   16

  22   rms: 0.8188E+02   max: -.1287E+04   C at  105  2   RLX: 0.000
       a =  0.000      CL = -0.2027
      Cm =  0.0778     CD =  0.00696   =>   CDf =  0.00352    CDp =  0.00344

 Side 1  free  transition at x/c =  0.5310   47
 Side 2  free  transition at x/c =  0.0277   16

  23   rms: 0.1107E+03   max: -.1740E+04   C at  106  2   RLX: 0.000
       a =  0.000      CL = -0.2023
      Cm =  0.0778     CD =  0.00703   =>   CDf =  0.00353    CDp =  0.00350

 Side 1  free  transition at x/c =  0.5309   47
 Side 2  free  transition at x/c =  0.0277   16

  24   rms: 0.1432E+03   max: -.2252E+04   C at  106  2   RLX: 0.000
       a =  0.000      CL = -0.2019
      Cm =  0.0778     CD =  0.00708   =>   CDf =  0.00353    CDp =  0.00355

 Side 1  free  transition at x/c =  0.5309   47
 Side 2  free  transition at x/c =  0.0277   16

  25   rms: 0.1805E+03   max: -.2839E+04   C at  106  2   RLX: 0.000
       a =  0.000      CL = -0.2017
      Cm =  0.0778     CD =  0.00712   =>   CDf =  0.00353    CDp =  0.00359

 Side 1  free  transition at x/c =  0.5309   47
 Side 2  free  transition at x/c =  0.0277   16

  26   rms: 0.2201E+03   max: -.3461E+04   C at  106  2   RLX: 0.000
       a =  0.000      CL = -0.2014
      Cm =  0.0777     CD =  0.00715   =>   CDf =  0.00353    CDp =  0.00363

 Side 1  free  transition at x/c =  0.5308   47
 Side 2  free  transition at x/c =  0.0277   16

  27   rms: 0.2636E+03   max: -.4144E+04   C at  106  2   RLX: 0.000
       a =  0.000      CL = -0.2013
      Cm =  0.0777     CD =  0.00718   =>   CDf =  0.00353    CDp =  0.00366

 Side 1  free  transition at x/c =  0.5308   47
 Side 2  free  transition at x/c =  0.0277   16

  28   rms: 0.3114E+03   max: -.4897E+04   C at  106  2   RLX: 0.000
       a =  0.000      CL = -0.2011
      Cm =  0.0777     CD =  0.00721   =>   CDf =  0.00353    CDp =  0.00368

 Side 1  free  transition at x/c =  0.5308   47
 Side 2  free  transition at x/c =  0.0277   16

  29   rms: 0.3636E+03   max: -.5716E+04   C at  106  2   RLX: 0.000
       a =  0.000      CL = -0.2010
      Cm =  0.0777     CD =  0.00723   =>   CDf =  0.00353    CDp =  0.00370

 Side 1  free  transition at x/c =  0.5308   47
 Side 2  free  transition at x/c =  0.0277   16

  30   rms: 0.4191E+03   max: -.6588E+04   C at  106  2   RLX: 0.000
       a =  0.000      CL = -0.2009
      Cm =  0.0777     CD =  0.00725   =>   CDf =  0.00353    CDp =  0.00372

 Side 1  free  transition at x/c =  0.5308   47
 Side 2  free  transition at x/c =  0.0277   16

  31   rms: 0.4780E+03   max: -.7513E+04   C at  106  2   RLX: 0.000
       a =  0.000      CL = -0.2008
      Cm =  0.0777     CD =  0.00726   =>   CDf =  0.00353    CDp =  0.00374

 Side 1  free  transition at x/c =  0.5308   47
 Side 2  free  transition at x/c =  0.0277   16

  32   rms: 0.5409E+03   max: -.8502E+04   C at  106  2   RLX: 0.000
       a =  0.000      CL = -0.2007
      Cm =  0.0777     CD =  0.00728   =>   CDf =  0.00353    CDp =  0.00375

 Side 1  free  transition at x/c =  0.5307   47
 Side 2  free  transition at x/c =  0.0277   16

  33   rms: 0.6082E+03   max: -.9558E+04   C at  106  2   RLX: 0.000
       a =  0.000      CL = -0.2006
      Cm =  0.0777     CD =  0.00729   =>   CDf =  0.00353    CDp =  0.00377

 Side 1  free  transition at x/c =  0.5307   47
 Side 2  free  transition at x/c =  0.0277   16

  34   rms: 0.6791E+03   max: -.1067E+05   C at  106  2   RLX: 0.000
       a =  0.000      CL = -0.2005
      Cm =  0.0777     CD =  0.00730   =>   CDf =  0.00353    CDp =  0.00378

 Side 1  free  transition at x/c =  0.5307   47
 Side 2  free  transition at x/c =  0.0277   16

  35   rms: 0.7528E+03   max: -.1183E+05   C at  106  2   RLX: 0.000
       a =  0.000      CL = -0.2004
      Cm =  0.0777     CD =  0.00731   =>   CDf =  0.00353    CDp =  0.00379

 Side 1  free  transition at x/c =  0.5307   47
 Side 2  free  transition at x/c =  0.0277   16

  36   rms: 0.8317E+03   max: -.1307E+05   C at  106  2   RLX: 0.000
       a =  0.000      CL = -0.2004
      Cm =  0.0777     CD =  0.00732   =>   CDf =  0.00353    CDp =  0.00380

 Side 1  free  transition at x/c =  0.5307   47
 Side 2  free  transition at x/c =  0.0277   16

  37   rms: 0.9119E+03   max: -.1433E+05   C at  106  2   RLX: 0.000
       a =  0.000      CL = -0.2003
      Cm =  0.0777     CD =  0.00733   =>   CDf =  0.00353    CDp =  0.00381

 Side 1  free  transition at x/c =  0.5307   47
 Side 2  free  transition at x/c =  0.0277   16

  38   rms: 0.9964E+03   max: -.1566E+05   C at  106  2   RLX: 0.000
       a =  0.000      CL = -0.2003
      Cm =  0.0777     CD =  0.00734   =>   CDf =  0.00353    CDp =  0.00382

 Side 1  free  transition at x/c =  0.5307   47
 Side 2  free  transition at x/c =  0.0277   16

  39   rms: 0.1086E+04   max: -.1706E+05   C at  106  2   RLX: 0.000
       a =  0.000      CL = -0.2002
      Cm =  0.0777     CD =  0.00735   =>   CDf =  0.00353    CDp =  0.00382

 MRCHDU: Convergence failed at 104  side 2    Res =  0.2663E-01
 Side 1  free  transition at x/c =  0.5307   47
 Side 2  free  transition at x/c =  0.0277   16

  40   rms: 0.1179E+04   max: -.1852E+05   C at  106  2   RLX: 0.000
       a =  0.000      CL = -0.2002
      Cm =  0.0777     CD =  0.00736   =>   CDf =  0.00353    CDp =  0.00383

 MRCHDU: Convergence failed at 104  side 2    Res =  0.7838E-01
 Side 1  free  transition at x/c =  0.5307   47
 Side 2  free  transition at x/c =  0.0277   16

  41   rms: 0.1276E+04   max: -.2005E+05   C at  106  2   RLX: 0.000
       a =  0.000      CL = -0.2001
      Cm =  0.0777     CD =  0.00736   =>   CDf =  0.00353    CDp =  0.00384

 MRCHDU: Convergence failed at 104  side 2    Res =  0.1300E+00
 Side 1  free  transition at x/c =  0.5307   47
 Side 2  free  transition at x/c =  0.0277   16

  42   rms: 0.3181E+02   max: -.3992E+03   C at  104  2   RLX: 0.001
       a =  0.000      CL = -0.1958
      Cm =  0.0780     CD =  0.00537   =>   CDf =  0.00353    CDp =  0.00184

 Side 1  free  transition at x/c =  0.5300   47
 Side 2  free  transition at x/c =  0.0277   16

  43   rms: 0.8669E+02   max: 0.1302E+04   C at  104  2   RLX: 0.001
       a =  0.000      CL = -0.1992
      Cm =  0.0774     CD =  0.00634   =>   CDf =  0.00353    CDp =  0.00281

 Side 1  free  transition at x/c =  0.5308   47
 Side 2  free  transition at x/c =  0.0277   16

  44   rms: 0.5744E+02   max: -.7797E+03   C at  105  2   RLX: 0.001
       a =  0.000      CL = -0.1970
      Cm =  0.0779     CD =  0.00519   =>   CDf =  0.00353    CDp =  0.00166

 Side 1  free  transition at x/c =  0.5303   47
 Side 2  free  transition at x/c =  0.0277   16

  45   rms: 0.5068E+02   max: 0.7941E+03   C at  104  2   RLX: 0.002
       a =  0.000      CL = -0.1994
      Cm =  0.0772     CD =  0.00706   =>   CDf =  0.00353    CDp =  0.00353

 Side 1  free  transition at x/c =  0.5310   47
 Side 2  free  transition at x/c =  0.0277   16

  46   rms: 0.3702E+02   max: -.4411E+03   C at  105  2   RLX: 0.001
       a =  0.000      CL = -0.1960
      Cm =  0.0777     CD =  0.00540   =>   CDf =  0.00353    CDp =  0.00188

 Side 1  free  transition at x/c =  0.5303   47
 Side 2  free  transition at x/c =  0.0277   16

  47   rms: 0.1645E+02   max: 0.2865E+03   C at  104  2   RLX: 0.005
       a =  0.000      CL = -0.1941
      Cm =  0.0767     CD =  0.01070   =>   CDf =  0.00353    CDp =  0.00717

 Side 1  free  transition at x/c =  0.5305   47
 Side 2  free  transition at x/c =  0.0277   16

  48   rms: 0.2911E+02   max: 0.2860E+03   C at  105  2   RLX: 0.002
       a =  0.000      CL = -0.1969
      Cm =  0.0755     CD =  0.01373   =>   CDf =  0.00353    CDp =  0.01021

 Side 1  free  transition at x/c =  0.5313   47
 Side 2  free  transition at x/c =  0.0277   16

  49   rms: 0.1863E+02   max: -.3268E+03   C at  105  2   RLX: 0.002
       a =  0.000      CL = -0.1961
      Cm =  0.0758     CD =  0.01328   =>   CDf =  0.00352    CDp =  0.00976

 Side 1  free  transition at x/c =  0.5311   47
 Side 2  free  transition at x/c =  0.0277   16

  50   rms: 0.3008E+03   max: -.5800E+04   C at  105  2   RLX: 0.000
       a =  0.000      CL = -0.1961
      Cm =  0.0758     CD =  0.01356   =>   CDf =  0.00352    CDp =  0.01004

 Side 1  free  transition at x/c =  0.5310   47
 Side 2  free  transition at x/c =  0.0277   16

  51   rms: 0.3912E+03   max: -.7535E+04   C at  105  2   RLX: 0.000
       a =  0.000      CL = -0.1960
      Cm =  0.0758     CD =  0.01362   =>   CDf =  0.00352    CDp =  0.01010

 Side 1  free  transition at x/c =  0.5310   47
 Side 2  free  transition at x/c =  0.0277   16

  52   rms: 0.5070E+03   max: -.9759E+04   C at  105  2   RLX: 0.000
       a =  0.000      CL = -0.1959
      Cm =  0.0758     CD =  0.01367   =>   CDf =  0.00352    CDp =  0.01014

 Side 1  free  transition at x/c =  0.5310   47
 Side 2  free  transition at x/c =  0.0277   16

  53   rms: 0.6474E+03   max: -.1246E+05   C at  105  2   RLX: 0.000
       a =  0.000      CL = -0.1959
      Cm =  0.0758     CD =  0.01370   =>   CDf =  0.00352    CDp =  0.01018

 Side 1  free  transition at x/c =  0.5310   47
 Side 2  free  transition at x/c =  0.0277   16

  54   rms: 0.8075E+03   max: -.1553E+05   C at  105  2   RLX: 0.000
       a =  0.000      CL = -0.1958
      Cm =  0.0758     CD =  0.01374   =>   CDf =  0.00352    CDp =  0.01021

 Side 1  free  transition at x/c =  0.5310   47
 Side 2  free  transition at x/c =  0.0277   16

  55   rms: 0.9870E+03   max: -.1899E+05   C at  105  2   RLX: 0.000
       a =  0.000      CL = -0.1958
      Cm =  0.0758     CD =  0.01376   =>   CDf =  0.00352    CDp =  0.01024

 Side 1  free  transition at x/c =  0.5310   47
 Side 2  free  transition at x/c =  0.0277   16

  56   rms: 0.1186E+04   max: -.2281E+05   C at  105  2   RLX: 0.000
       a =  0.000      CL = -0.1957
      Cm =  0.0758     CD =  0.01378   =>   CDf =  0.00352    CDp =  0.01026

 Side 1  free  transition at x/c =  0.5310   47
 Side 2  free  transition at x/c =  0.0277   16

  57   rms: 0.1403E+04   max: -.2699E+05   C at  106  2   RLX: 0.000
       a =  0.000      CL = -0.1957
      Cm =  0.0758     CD =  0.01380   =>   CDf =  0.00352    CDp =  0.01028

 Side 1  free  transition at x/c =  0.5310   47
 Side 2  free  transition at x/c =  0.0277   16

  58   rms: 0.1639E+04   max: -.3152E+05   C at  106  2   RLX: 0.000
       a =  0.000      CL = -0.1957
      Cm =  0.0758     CD =  0.01382   =>   CDf =  0.00352    CDp =  0.01029

 Side 1  free  transition at x/c =  0.5310   47
 Side 2  free  transition at x/c =  0.0277   16

  59   rms: 0.1891E+04   max: -.3638E+05   C at  106  2   RLX: 0.000
       a =  0.000      CL = -0.1957
      Cm =  0.0758     CD =  0.01383   =>   CDf =  0.00352    CDp =  0.01031

 Side 1  free  transition at x/c =  0.5310   47
 Side 2  free  transition at x/c =  0.0277   16

  60   rms: 0.2162E+04   max: -.4158E+05   C at  106  2   RLX: 0.000
       a =  0.000      CL = -0.1957
      Cm =  0.0758     CD =  0.01384   =>   CDf =  0.00352    CDp =  0.01032

 Side 1  free  transition at x/c =  0.5310   47
 Side 2  free  transition at x/c =  0.0277   16

  61   rms: 0.2449E+04   max: -.4711E+05   C at  106  2   RLX: 0.000
       a =  0.000      CL = -0.1956
      Cm =  0.0758     CD =  0.01385   =>   CDf =  0.00352    CDp =  0.01033

 Side 1  free  transition at x/c =  0.5310   47
 Side 2  free  transition at x/c =  0.0277   16

  62   rms: 0.2754E+04   max: -.5297E+05   C at  106  2   RLX: 0.000
       a =  0.000      CL = -0.1956
      Cm =  0.0758     CD =  0.01386   =>   CDf =  0.00352    CDp =  0.01034

 Side 1  free  transition at x/c =  0.5310   47
 Side 2  free  transition at x/c =  0.0277   16

  63   rms: 0.3082E+04   max: -.5929E+05   C at  106  2   RLX: 0.000
       a =  0.000      CL = -0.1956
      Cm =  0.0758     CD =  0.01387   =>   CDf =  0.00352    CDp =  0.01035

 Side 1  free  transition at x/c =  0.5310   47
 Side 2  free  transition at x/c =  0.0277   16

  64   rms: 0.3410E+04   max: -.6560E+05   C at  106  2   RLX: 0.000
       a =  0.000      CL = -0.1956
      Cm =  0.0758     CD =  0.01388   =>   CDf =  0.00352    CDp =  0.01036

 Side 1  free  transition at x/c =  0.5310   47
 Side 2  free  transition at x/c =  0.0277   16

  65   rms: 0.3765E+04   max: -.7243E+05   C at  106  2   RLX: 0.000
       a =  0.000      CL = -0.1956
      Cm =  0.0758     CD =  0.01388   =>   CDf =  0.00352    CDp =  0.01036

 Side 1  free  transition at x/c =  0.5310   47
 Side 2  free  transition at x/c =  0.0277   16

  66   rms: 0.4120E+04   max: -.7924E+05   C at  106  2   RLX: 0.000
       a =  0.000      CL = -0.1956
      Cm =  0.0758     CD =  0.01389   =>   CDf =  0.00352    CDp =  0.01037

 Side 1  free  transition at x/c =  0.5310   47
 Side 2  free  transition at x/c =  0.0277   16

  67   rms: 0.4512E+04   max: -.8680E+05   C at  106  2   RLX: 0.000
       a =  0.000      CL = -0.1956
      Cm =  0.0758     CD =  0.01390   =>   CDf =  0.00352    CDp =  0.01038

 Side 1  free  transition at x/c =  0.5310   47
 Side 2  free  transition at x/c =  0.0277   16

  68   rms: 0.4922E+04   max: -.9468E+05   C at  106  2   RLX: 0.000
       a =  0.000      CL = -0.1956
      Cm =  0.0758     CD =  0.01390   =>   CDf =  0.00352    CDp =  0.01038

 Side 1  free  transition at x/c =  0.5310   47
 Side 2  free  transition at x/c =  0.0277   16

  69   rms: 0.5349E+04   max: -.1029E+06   C at  106  2   RLX: 0.000
       a =  0.000      CL = -0.1956
      Cm =  0.0758     CD =  0.01391   =>   CDf =  0.00352    CDp =  0.01039

 Side 1  free  transition at x/c =  0.5310   47
 Side 2  free  transition at x/c =  0.0277   16

  70   rms: 0.5792E+04   max: -.1114E+06   C at  106  2   RLX: 0.000
       a =  0.000      CL = -0.1956
      Cm =  0.0758     CD =  0.01391   =>   CDf =  0.00352    CDp =  0.01039

 Side 1  free  transition at x/c =  0.5310   47
 Side 2  free  transition at x/c =  0.0277   16

  71   rms: 0.6253E+04   max: -.1203E+06   C at  106  2   RLX: 0.000
       a =  0.000      CL = -0.1956
      Cm =  0.0758     CD =  0.01392   =>   CDf =  0.00352    CDp =  0.01039

 MRCHDU: Convergence failed at 105  side 2    Res =  0.4575E-01
 Side 1  free  transition at x/c =  0.5310   47
 Side 2  free  transition at x/c =  0.0277   16

  72   rms: 0.6732E+04   max: -.1295E+06   C at  106  2   RLX: 0.000
       a =  0.000      CL = -0.1956
      Cm =  0.0758     CD =  0.01392   =>   CDf =  0.00352    CDp =  0.01040

 MRCHDU: Convergence failed at 105  side 2    Res =  0.9749E-01
 Side 1  free  transition at x/c =  0.5310   47
 Side 2  free  transition at x/c =  0.0277   16

  73   rms: 0.7213E+04   max: -.1387E+06   C at  106  2   RLX: 0.000
       a =  0.000      CL = -0.1955
      Cm =  0.0758     CD =  0.01392   =>   CDf =  0.00352    CDp =  0.01040

 MRCHDU: Convergence failed at 105  side 2    Res =  0.1492E+00
 Side 1  free  transition at x/c =  0.5310   47
 Side 2  free  transition at x/c =  0.0277   16

  74   rms: 0.9130E+01   max: -.1544E+03   C at  106  2   RLX: 0.003
       a =  0.000      CL = -0.1910
      Cm =  0.0755     CD =  0.01293   =>   CDf =  0.00352    CDp =  0.00941

 Side 1  free  transition at x/c =  0.5306   47
 Side 2  free  transition at x/c =  0.0277   16

  75   rms: 0.8232E+01   max: 0.1068E+03   T at  105  2   RLX: 0.011
       a =  0.000      CL = -0.1775
      Cm =  0.0742     CD =  0.03121   =>   CDf =  0.00352    CDp =  0.02769

 MRCHDU: Convergence failed at 102  side 2    Res =  0.8496E-01
 Side 1  free  transition at x/c =  0.5292   47
 Side 2  free  transition at x/c =  0.0277   16

  76   rms: 0.1888E+02   max: 0.3273E+03   C at  103  2   RLX: 0.005
       a =  0.000      CL = -0.1765
      Cm =  0.0735     CD =  0.10015   =>   CDf =  0.00352    CDp =  0.09662

 MRCHDU: Convergence failed at 102  side 2    Res =  0.1126E+00
 Side 1  free  transition at x/c =  0.5293   47
 Side 2  free  transition at x/c =  0.0277   16

  77   rms: 0.1346E+02   max: 0.1495E+03   T at  105  2   RLX: 0.010
       a =  0.000      CL = -0.1724
      Cm =  0.0711     CD =  0.22376   =>   CDf =  0.00352    CDp =  0.22024

 MRCHDU: Convergence failed at 102  side 2    Res =  0.7812E-01
 Side 1  free  transition at x/c =  0.5297   47
 Side 2  free  transition at x/c =  0.0277   16

  78   rms: 0.3013E+02   max: -.3475E+03   C at  102  2   RLX: 0.001
       a =  0.000      CL = -0.1700
      Cm =  0.0715     CD =  0.09162   =>   CDf =  0.00351    CDp =  0.08812

 MRCHDU: Convergence failed at 101  side 2    Res =  0.5156E-03
 Side 1  free  transition at x/c =  0.5292   47
 Side 2  free  transition at x/c =  0.0277   16

  79   rms: 0.4176E+02   max: 0.5439E+03   C at  102  2   RLX: 0.003
       a =  0.000      CL = -0.1700
      Cm =  0.0709     CD =  0.10873   =>   CDf =  0.00351    CDp =  0.10521

 MRCHDU: Convergence failed at 102  side 2    Res =  0.6032E+00
 Side 1  free  transition at x/c =  0.5294   47
 Side 2  free  transition at x/c =  0.0277   16

  80   rms: 0.7309E+01   max: 0.6943E+02   T at  105  2   RLX: 0.022
       a =  0.000      CL = -0.1581
      Cm =  0.0664     CD =  0.42506   =>   CDf =  0.00351    CDp =  0.42155

 Side 1  free  transition at x/c =  0.5292   47
 Side 2  free  transition at x/c =  0.0277   16

  81   rms: 0.2454E+01   max: 0.1153E+02   C at  101  2   RLX: 0.048
       a =  0.000      CL = -0.1095
      Cm =  0.0603     CD =  0.25412   =>   CDf =  0.00348    CDp =  0.25063

 Side 1  free  transition at x/c =  0.5257   47
 Side 2  free  transition at x/c =  0.0277   16

  82   rms: 0.1768E+02   max: -.1178E+03   T at   17  2   RLX: 0.004
       a =  0.000      CL = -0.1131
      Cm =  0.0645     CD =  0.18028   =>   CDf =  0.00349    CDp =  0.17679

 Side 1  free  transition at x/c =  0.5237   47
 Side 2  free  transition at x/c =  0.0277   16

  83   rms: 0.1620E+01   max: 0.1451E+02   T at   17  2   RLX: 0.103
       a =  0.000      CL = -0.0487
      Cm =  0.0459     CD =  0.29067   =>   CDf =  0.00350    CDp =  0.28718

 MRCHDU: Convergence failed at 100  side 2    Res =  0.4297E-01
 MRCHDU: Convergence failed at 101  side 2    Res =  0.1031E+00
 Side 1  free  transition at x/c =  0.5248   47
 Side 2  free  transition at x/c =  0.0277   16

  84   rms: 0.1131E+01   max: 0.8195E+01   T at  106  2   RLX: 0.183
       a =  0.000      CL =  0.0626
      Cm =  0.0215     CD =  0.46595   =>   CDf =  0.00347    CDp =  0.46248

 MRCHDU: Convergence failed at 106  side 2    Res =  0.5624E+01
 Side 1  free  transition at x/c =  0.5174   46
 Side 2  free  transition at x/c =  0.0277   16

  85   rms: 0.1861E+01   max: -.7916E+01   T at   17  2   RLX: 0.063
       a =  0.000      CL =  0.1090
      Cm =  0.0141     CD =  0.17284   =>   CDf =  0.00333    CDp =  0.16951

 Side 1  free  transition at x/c =  0.5147   47
 Side 2  free  transition at x/c =  0.0277   15

  86   rms: 0.7622E+01   max: -.5224E+02   T at   16  2   RLX: 0.010
       a =  0.000      CL =  0.1083
      Cm =  0.0170     CD =  0.12066   =>   CDf =  0.00334    CDp =  0.11732

 Side 1  free  transition at x/c =  0.5131   47
 Side 2  free  transition at x/c =  0.0277   15

  87   rms: 0.1833E+01   max: 0.1543E+02   T at   16  2   RLX: 0.097
       a =  0.000      CL =  0.1439
      Cm =  0.0056     CD =  0.10920   =>   CDf =  0.00334    CDp =  0.10586

 Side 1  free  transition at x/c =  0.5140   47
 Side 2  free  transition at x/c =  0.0277   15

  88   rms: 0.3231E+01   max: -.1894E+02   T at   16  2   RLX: 0.026
       a =  0.000      CL =  0.1587
      Cm =  0.0045     CD =  0.15145   =>   CDf =  0.00333    CDp =  0.14813

 Side 1  free  transition at x/c =  0.5123   47
 Side 2  free  transition at x/c =  0.0277   15

  89   rms: 0.1116E+02   max: 0.1063E+03   T at   16  2   RLX: 0.014
       a =  0.000      CL =  0.1466
      Cm =  0.0019     CD =  0.16150   =>   CDf =  0.00333    CDp =  0.15817

 Side 1  free  transition at x/c =  0.5156   47
 Side 2  free  transition at x/c =  0.0277   15

  90   rms: 0.2061E+01   max: -.9733E+01   T at   16  2   RLX: 0.051
       a =  0.000      CL =  0.1641
      Cm =  0.0016     CD =  0.17092   =>   CDf =  0.00334    CDp =  0.16757

 Side 1  free  transition at x/c =  0.5139   47
 Side 2  free  transition at x/c =  0.0277   15

  91   rms: 0.6143E+01   max: -.4688E+02   T at   16  2   RLX: 0.011
       a =  0.000      CL =  0.1631
      Cm =  0.0043     CD =  0.28038   =>   CDf =  0.00335    CDp =  0.27703

 Side 1  free  transition at x/c =  0.5123   47
 Side 2  free  transition at x/c =  0.0277   15

  92   rms: 0.2200E+01   max: 0.2689E+02   T at   16  2   RLX: 0.056
       a =  0.000      CL =  0.1760
      Cm = -0.0020     CD =  0.28681   =>   CDf =  0.00335    CDp =  0.28347

 Side 1  free  transition at x/c =  0.5142   47
 Side 2  free  transition at x/c =  0.0277   15

  93   rms: 0.2997E+01   max: -.1883E+02   T at   16  2   RLX: 0.027
       a =  0.000      CL =  0.1885
      Cm = -0.0025     CD =  0.35090   =>   CDf =  0.00334    CDp =  0.34755

 Side 1  free  transition at x/c =  0.5124   47
 Side 2  free  transition at x/c =  0.0277   15

  94   rms: 0.1227E+01   max: 0.1043E+02   T at   16  2   RLX: 0.144
       a =  0.000      CL =  0.2286
      Cm = -0.0149     CD =  0.40448   =>   CDf =  0.00334    CDp =  0.40114

 MRCHDU: Convergence failed at  97  side 2    Res =  0.3347E-01
 MRCHDU: Convergence failed at  98  side 2    Res =  0.3040E-02
 MRCHDU: Convergence failed at  99  side 2    Res =  0.2232E-02
 MRCHDU: Convergence failed at 104  side 2    Res =  0.1993E+01
 MRCHDU: Convergence failed at 105  side 2    Res =  0.3537E+01
 Side 1  free  transition at x/c =  0.5110   47
 Side 2  free  transition at x/c =  0.0277   15

  95   rms: 0.1372E+01   max: 0.1201E+02   C at  100  2   RLX: 0.125
       a =  0.000      CL =  0.2634
      Cm = -0.0210     CD =  0.37001   =>   CDf =  0.00328    CDp =  0.36672

 MRCHDU: Convergence failed at 103  side 2    Res =  0.2857E+01
 MRCHDU: Convergence failed at 104  side 2    Res =  0.5204E+01
 MRCHDU: Convergence failed at 105  side 2    Res =  0.3141E+01
 Side 1  free  transition at x/c =  0.5058   47
 Side 2  free  transition at x/c =  0.0277   15

  96   rms: 0.1920E+01   max: -.1592E+02   T at   97  2   RLX: 0.031
       a =  0.000      CL =  0.2703
      Cm = -0.0233     CD =  0.14541   =>   CDf =  0.00324    CDp =  0.14217

 Side 1  free  transition at x/c =  0.5054   47
 Side 2  free  transition at x/c =  0.0277   15

  97   rms: 0.6299E+01   max: -.4816E+02   T at   97  2   RLX: 0.010
       a =  0.000      CL =  0.2716
      Cm = -0.0249     CD =  0.12660   =>   CDf =  0.00322    CDp =  0.12337

 Side 1  free  transition at x/c =  0.5053   47
 Side 2  free  transition at x/c =  0.0277   15

  98   rms: 0.3015E+01   max: -.4746E+02   T at   97  2   RLX: 0.011
       a =  0.000      CL =  0.2750
      Cm = -0.0257     CD =  0.19108   =>   CDf =  0.00321    CDp =  0.18787

 MRCHDU: Convergence failed at  96  side 2    Res =  0.8507E-02
 MRCHDU: Convergence failed at  97  side 2    Res =  0.7608E-03
 MRCHDU: Convergence failed at  99  side 2    Res =  0.8994E-03
 Side 1  free  transition at x/c =  0.5052   47
 Side 2  free  transition at x/c =  0.0277   15

  99   rms: 0.1816E+01   max: 0.2206E+02   T at   97  2   RLX: 0.068
       a =  0.000      CL =  0.2910
      Cm = -0.0292     CD =  0.54383   =>   CDf =  0.00321    CDp =  0.54062

 MRCHDU: Convergence failed at 104  side 2    Res =  0.2893E+01
 MRCHDU: Convergence failed at 105  side 2    Res =  0.2178E+01
 Side 1  free  transition at x/c =  0.5035   46
 Side 2  free  transition at x/c =  0.0277   15

 100   rms: 0.1505E+03   max: -.1436E+04   C at   98  2   RLX: 0.000
       a =  0.000      CL =  0.2926
      Cm = -0.0297     CD =  0.08936   =>   CDf =  0.00317    CDp =  0.08619

 Side 1  free  transition at x/c =  0.5035   46
 Side 2  free  transition at x/c =  0.0277   15

 101   rms: 0.1026E+03   max: 0.9031E+03   C at   99  2   RLX: 0.002
       a =  0.000      CL =  0.2928
      Cm = -0.0298     CD =  0.09126   =>   CDf =  0.00317    CDp =  0.08809

 Side 1  free  transition at x/c =  0.5034   46
 Side 2  free  transition at x/c =  0.0277   15

 102   rms: 0.5262E+02   max: 0.5137E+03   C at   98  2   RLX: 0.003
       a =  0.000      CL =  0.2924
      Cm = -0.0301     CD =  0.10163   =>   CDf =  0.00317    CDp =  0.09846

 Side 1  free  transition at x/c =  0.5033   46
 Side 2  free  transition at x/c =  0.0277   15

 103   rms: 0.1254E+01   max: -.8165E+01   C at   98  2   RLX: 0.061
       a =  0.000      CL =  0.3116
      Cm = -0.0322     CD =  0.08502   =>   CDf =  0.00316    CDp =  0.08185

 MRCHDU: Convergence failed at  96  side 2    Res =  0.1995E-01
 MRCHDU: Convergence failed at  97  side 2    Res =  0.4986E-02
 MRCHDU: Convergence failed at  98  side 2    Res =  0.2429E-02
 MRCHDU: Convergence failed at  99  side 2    Res =  0.6985E-02
 Side 1  free  transition at x/c =  0.5024   46
 Side 2  free  transition at x/c =  0.0277   15

 104   rms: 0.1220E+01   max: 0.8394E+01   T at   98  2   RLX: 0.120
       a =  0.000      CL =  0.3285
      Cm = -0.0370     CD =  0.44137   =>   CDf =  0.00317    CDp =  0.43821

 MRCHDU: Convergence failed at 102  side 2    Res =  0.1656E+01
 MRCHDU: Convergence failed at 103  side 2    Res =  0.2079E+02
 Side 1  free  transition at x/c =  0.4990   46
 Side 2  free  transition at x/c =  0.0277   15

 105   rms: 0.1496E+01   max: 0.1236E+02   C at   98  2   RLX: 0.055
       a =  0.000      CL =  0.3415
      Cm = -0.0405     CD =  0.11174   =>   CDf =  0.00309    CDp =  0.10864

 Side 1  free  transition at x/c =  0.4977   46
 Side 2  free  transition at x/c =  0.0277   15

 106   rms: 0.3872E+01   max: 0.2522E+02   T at   96  2   RLX: 0.032
       a =  0.000      CL =  0.3538
      Cm = -0.0403     CD =  0.12625   =>   CDf =  0.00307    CDp =  0.12318

 Side 1  free  transition at x/c =  0.4979   46
 Side 2  free  transition at x/c =  0.0277   15

 107   rms: 0.1455E+01   max: 0.1033E+02   C at   98  2   RLX: 0.071
       a =  0.000      CL =  0.3558
      Cm = -0.0416     CD =  0.09607   =>   CDf =  0.00311    CDp =  0.09296

 Side 1  free  transition at x/c =  0.4968   46
 Side 2  free  transition at x/c =  0.0277   15

 108   rms: 0.1701E+01   max: -.1197E+02   C at   82  2   RLX: 0.042
       a =  0.000      CL =  0.3629
      Cm = -0.0432     CD =  0.07821   =>   CDf =  0.00308    CDp =  0.07514

 Side 1  free  transition at x/c =  0.4957   46
 Side 2  free  transition at x/c =  0.0277   15

 109   rms: 0.2720E+01   max: -.2667E+02   T at  103  2   RLX: 0.019
       a =  0.000      CL =  0.3678
      Cm = -0.0441     CD =  0.08498   =>   CDf =  0.00306    CDp =  0.08192

 Side 1  free  transition at x/c =  0.4954   46
 Side 2  free  transition at x/c =  0.0277   15

 110   rms: 0.2835E+01   max: -.2694E+02   C at   82  2   RLX: 0.019
       a =  0.000      CL =  0.3701
      Cm = -0.0446     CD =  0.11187   =>   CDf =  0.00306    CDp =  0.10880

 Side 1  free  transition at x/c =  0.4950   46
 Side 2  free  transition at x/c =  0.0277   15

 111   rms: 0.5333E+01   max: -.6414E+02   C at   82  2   RLX: 0.008
       a =  0.000      CL =  0.3710
      Cm = -0.0448     CD =  0.12961   =>   CDf =  0.00306    CDp =  0.12655

 Side 1  free  transition at x/c =  0.4948   46
 Side 2  free  transition at x/c =  0.0277   15

 112   rms: 0.9324E+01   max: -.1370E+03   C at   82  2   RLX: 0.004
       a =  0.000      CL =  0.3713
      Cm = -0.0449     CD =  0.13697   =>   CDf =  0.00305    CDp =  0.13392

 Side 1  free  transition at x/c =  0.4947   46
 Side 2  free  transition at x/c =  0.0277   15

 113   rms: 0.1776E+02   max: -.2992E+03   C at   82  2   RLX: 0.002
       a =  0.000      CL =  0.3715
      Cm = -0.0450     CD =  0.14008   =>   CDf =  0.00305    CDp =  0.13703

 Side 1  free  transition at x/c =  0.4946   46
 Side 2  free  transition at x/c =  0.0277   15

 114   rms: 0.3473E+02   max: -.6317E+03   C at   82  2   RLX: 0.001
       a =  0.000      CL =  0.3715
      Cm = -0.0450     CD =  0.14163   =>   CDf =  0.00305    CDp =  0.13858

 Side 1  free  transition at x/c =  0.4946   46
 Side 2  free  transition at x/c =  0.0277   15

 115   rms: 0.7218E+02   max: -.1359E+04   C at   82  2   RLX: 0.000
       a =  0.000      CL =  0.3715
      Cm = -0.0450     CD =  0.14245   =>   CDf =  0.00305    CDp =  0.13940

 Side 1  free  transition at x/c =  0.4946   46
 Side 2  free  transition at x/c =  0.0277   15

 116   rms: 0.1715E+03   max: -.3274E+04   C at   82  2   RLX: 0.000
       a =  0.000      CL =  0.3715
      Cm = -0.0450     CD =  0.14293   =>   CDf =  0.00305    CDp =  0.13988

 Side 1  free  transition at x/c =  0.4946   46
 Side 2  free  transition at x/c =  0.0277   15

 117   rms: 0.5875E+03   max: -.1127E+05   C at   82  2   RLX: 0.000
       a =  0.000      CL =  0.3715
      Cm = -0.0450     CD =  0.14322   =>   CDf =  0.00305    CDp =  0.14017

 Side 1  free  transition at x/c =  0.4946   46
 Side 2  free  transition at x/c =  0.0277   15

 118   rms: 0.2698E+04   max: 0.5186E+05   C at   82  2   RLX: 0.000
       a =  0.000      CL =  0.3716
      Cm = -0.0450     CD =  0.14284   =>   CDf =  0.00305    CDp =  0.13979

 Side 1  free  transition at x/c =  0.4946   46
 Side 2  free  transition at x/c =  0.0277   15

 119   rms: 0.1418E+03   max: -.2702E+04   C at   82  2   RLX: 0.000
       a =  0.000      CL =  0.3715
      Cm = -0.0450     CD =  0.14349   =>   CDf =  0.00305    CDp =  0.14044

 Side 1  free  transition at x/c =  0.4946   46
 Side 2  free  transition at x/c =  0.0277   15

 120   rms: 0.4312E+03   max: -.8268E+04   C at   82  2   RLX: 0.000
       a =  0.000      CL =  0.3715
      Cm = -0.0450     CD =  0.14381   =>   CDf =  0.00305    CDp =  0.14076

 Side 1  free  transition at x/c =  0.4946   46
 Side 2  free  transition at x/c =  0.0277   15

 121   rms: 0.1527E+05   max: 0.2935E+06   C at   82  2   RLX: 0.000
       a =  0.000      CL =  0.3716
      Cm = -0.0450     CD =  0.14339   =>   CDf =  0.00305    CDp =  0.14034

 Side 1  free  transition at x/c =  0.4946   46
 Side 2  free  transition at x/c =  0.0277   15

 122   rms: 0.1194E+03   max: -.2270E+04   C at   82  2   RLX: 0.000
       a =  0.000      CL =  0.3716
      Cm = -0.0450     CD =  0.14411   =>   CDf =  0.00305    CDp =  0.14106

 Side 1  free  transition at x/c =  0.4946   46
 Side 2  free  transition at x/c =  0.0277   15

 123   rms: 0.3348E+03   max: -.6415E+04   C at   82  2   RLX: 0.000
       a =  0.000      CL =  0.3716
      Cm = -0.0450     CD =  0.14447   =>   CDf =  0.00305    CDp =  0.14142

 Side 1  free  transition at x/c =  0.4946   46
 Side 2  free  transition at x/c =  0.0277   15

 124   rms: 0.3743E+04   max: -.7190E+05   C at   82  2   RLX: 0.000
       a =  0.000      CL =  0.3715
      Cm = -0.0450     CD =  0.14469   =>   CDf =  0.00305    CDp =  0.14164

 Side 1  free  transition at x/c =  0.4946   46
 Side 2  free  transition at x/c =  0.0277   15

 125   rms: 0.9297E+03   max: 0.1788E+05   C at   82  2   RLX: 0.000
       a =  0.000      CL =  0.3716
      Cm = -0.0450     CD =  0.14439   =>   CDf =  0.00305    CDp =  0.14134

 Side 1  free  transition at x/c =  0.4946   46
 Side 2  free  transition at x/c =  0.0277   15

 126   rms: 0.2556E+03   max: -.4892E+04   C at   82  2   RLX: 0.000
       a =  0.000      CL =  0.3716
      Cm = -0.0450     CD =  0.14488   =>   CDf =  0.00305    CDp =  0.14183

 Side 1  free  transition at x/c =  0.4946   46
 Side 2  free  transition at x/c =  0.0277   15

 127   rms: 0.1358E+04   max: -.2607E+05   C at   82  2   RLX: 0.000
       a =  0.000      CL =  0.3716
      Cm = -0.0450     CD =  0.14513   =>   CDf =  0.00305    CDp =  0.14208

 Side 1  free  transition at x/c =  0.4946   46
 Side 2  free  transition at x/c =  0.0277   15

 128   rms: 0.1176E+04   max: 0.2261E+05   C at   82  2   RLX: 0.000
       a =  0.000      CL =  0.3716
      Cm = -0.0450     CD =  0.14479   =>   CDf =  0.00305    CDp =  0.14174

 Side 1  free  transition at x/c =  0.4946   46
 Side 2  free  transition at x/c =  0.0277   15

 129   rms: 0.2010E+03   max: -.3841E+04   C at   82  2   RLX: 0.000
       a =  0.000      CL =  0.3716
      Cm = -0.0450     CD =  0.14534   =>   CDf =  0.00305    CDp =  0.14229

 Side 1  free  transition at x/c =  0.4946   46
 Side 2  free  transition at x/c =  0.0277   15

 130   rms: 0.7944E+03   max: -.1525E+05   C at   82  2   RLX: 0.000
       a =  0.000      CL =  0.3716
      Cm = -0.0450     CD =  0.14562   =>   CDf =  0.00305    CDp =  0.14257

 Side 1  free  transition at x/c =  0.4946   46
 Side 2  free  transition at x/c =  0.0277   15

 131   rms: 0.1676E+04   max: 0.3222E+05   C at   82  2   RLX: 0.000
       a =  0.000      CL =  0.3717
      Cm = -0.0450     CD =  0.14525   =>   CDf =  0.00305    CDp =  0.14220

 Side 1  free  transition at x/c =  0.4946   46
 Side 2  free  transition at x/c =  0.0277   15

 132   rms: 0.1636E+03   max: -.3122E+04   C at   82  2   RLX: 0.000
       a =  0.000      CL =  0.3716
      Cm = -0.0450     CD =  0.14586   =>   CDf =  0.00305    CDp =  0.14281

 Side 1  free  transition at x/c =  0.4946   46
 Side 2  free  transition at x/c =  0.0277   15

 133   rms: 0.5458E+03   max: -.1047E+05   C at   82  2   RLX: 0.000
       a =  0.000      CL =  0.3716
      Cm = -0.0450     CD =  0.14617   =>   CDf =  0.00305    CDp =  0.14312

 Side 1  free  transition at x/c =  0.4946   46
 Side 2  free  transition at x/c =  0.0277   15

 134   rms: 0.3180E+04   max: 0.6111E+05   C at   82  2   RLX: 0.000
       a =  0.000      CL =  0.3717
      Cm = -0.0450     CD =  0.14576   =>   CDf =  0.00305    CDp =  0.14271

 Side 1  free  transition at x/c =  0.4946   46
 Side 2  free  transition at x/c =  0.0277   15

 135   rms: 0.1358E+03   max: -.2586E+04   C at   82  2   RLX: 0.000
       a =  0.000      CL =  0.3717
      Cm = -0.0450     CD =  0.14645   =>   CDf =  0.00305    CDp =  0.14340

 Side 1  free  transition at x/c =  0.4945   46
 Side 2  free  transition at x/c =  0.0277   15

 136   rms: 0.4063E+03   max: -.7788E+04   C at   82  2   RLX: 0.000
       a =  0.000      CL =  0.3717
      Cm = -0.0450     CD =  0.14679   =>   CDf =  0.00305    CDp =  0.14374

 Side 1  free  transition at x/c =  0.4945   46
 Side 2  free  transition at x/c =  0.0277   15

 137   rms: 0.2481E+06   max: 0.4768E+07   C at   82  2   RLX: 0.000
       a =  0.000      CL =  0.3717
      Cm = -0.0450     CD =  0.14633   =>   CDf =  0.00305    CDp =  0.14328

 Side 1  free  transition at x/c =  0.4945   46
 Side 2  free  transition at x/c =  0.0277   15

 138   rms: 0.1150E+03   max: -.2186E+04   C at   82  2   RLX: 0.000
       a =  0.000      CL =  0.3717
      Cm = -0.0450     CD =  0.14710   =>   CDf =  0.00305    CDp =  0.14405

 Side 1  free  transition at x/c =  0.4945   46
 Side 2  free  transition at x/c =  0.0277   15

 139   rms: 0.3187E+03   max: -.6104E+04   C at   82  2   RLX: 0.000
       a =  0.000      CL =  0.3717
      Cm = -0.0450     CD =  0.14748   =>   CDf =  0.00305    CDp =  0.14443

 Side 1  free  transition at x/c =  0.4945   46
 Side 2  free  transition at x/c =  0.0277   15

 140   rms: 0.2999E+04   max: -.5760E+05   C at   82  2   RLX: 0.000
       a =  0.000      CL =  0.3717
      Cm = -0.0450     CD =  0.14772   =>   CDf =  0.00305    CDp =  0.14467

 Side 1  free  transition at x/c =  0.4945   46
 Side 2  free  transition at x/c =  0.0277   15

 141   rms: 0.9495E+03   max: 0.1826E+05   C at   82  2   RLX: 0.000
       a =  0.000      CL =  0.3717
      Cm = -0.0450     CD =  0.14739   =>   CDf =  0.00305    CDp =  0.14434

 Side 1  free  transition at x/c =  0.4945   46
 Side 2  free  transition at x/c =  0.0277   15

 142   rms: 0.2449E+03   max: -.4685E+04   C at   82  2   RLX: 0.000
       a =  0.000      CL =  0.3717
      Cm = -0.0450     CD =  0.14791   =>   CDf =  0.00305    CDp =  0.14486

 Side 1  free  transition at x/c =  0.4945   46
 Side 2  free  transition at x/c =  0.0277   15

 143   rms: 0.1233E+04   max: -.2367E+05   C at   82  2   RLX: 0.000
       a =  0.000      CL =  0.3717
      Cm = -0.0450     CD =  0.14817   =>   CDf =  0.00305    CDp =  0.14512

 Side 1  free  transition at x/c =  0.4945   46
 Side 2  free  transition at x/c =  0.0277   15

 144   rms: 0.1213E+04   max: 0.2333E+05   C at   82  2   RLX: 0.000
       a =  0.000      CL =  0.3718
      Cm = -0.0450     CD =  0.14781   =>   CDf =  0.00305    CDp =  0.14476

 Side 1  free  transition at x/c =  0.4945   46
 Side 2  free  transition at x/c =  0.0277   15

 145   rms: 0.1934E+03   max: -.3695E+04   C at   82  2   RLX: 0.000
       a =  0.000      CL =  0.3717
      Cm = -0.0450     CD =  0.14839   =>   CDf =  0.00305    CDp =  0.14534

 Side 1  free  transition at x/c =  0.4945   46
 Side 2  free  transition at x/c =  0.0277   15

 146   rms: 0.7452E+03   max: -.1430E+05   C at   82  2   RLX: 0.000
       a =  0.000      CL =  0.3717
      Cm = -0.0450     CD =  0.14868   =>   CDf =  0.00305    CDp =  0.14563

 Side 1  free  transition at x/c =  0.4945   46
 Side 2  free  transition at x/c =  0.0277   15

 147   rms: 0.1765E+04   max: 0.3392E+05   C at   82  2   RLX: 0.000
       a =  0.000      CL =  0.3718
      Cm = -0.0450     CD =  0.14828   =>   CDf =  0.00305    CDp =  0.14523

 Side 1  free  transition at x/c =  0.4945   46
 Side 2  free  transition at x/c =  0.0277   15

 148   rms: 0.1579E+03   max: -.3012E+04   C at   82  2   RLX: 0.000
       a =  0.000      CL =  0.3718
      Cm = -0.0450     CD =  0.14893   =>   CDf =  0.00305    CDp =  0.14588

 Side 1  free  transition at x/c =  0.4945   46
 Side 2  free  transition at x/c =  0.0277   15

 149   rms: 0.5198E+03   max: -.9970E+04   C at   82  2   RLX: 0.000
       a =  0.000      CL =  0.3718
      Cm = -0.0450     CD =  0.14926   =>   CDf =  0.00305    CDp =  0.14621

 Side 1  free  transition at x/c =  0.4945   46
 Side 2  free  transition at x/c =  0.0277   15

 150   rms: 0.3561E+04   max: 0.6843E+05   C at   82  2   RLX: 0.000
       a =  0.000      CL =  0.3718
      Cm = -0.0450     CD =  0.14881   =>   CDf =  0.00305    CDp =  0.14576

 Side 1  free  transition at x/c =  0.4945   46
 Side 2  free  transition at x/c =  0.0277   15

 151   rms: 0.1320E+03   max: -.2512E+04   C at   82  2   RLX: 0.000
       a =  0.000      CL =  0.3718
      Cm = -0.0450     CD =  0.14953   =>   CDf =  0.00305    CDp =  0.14648

 Side 1  free  transition at x/c =  0.4945   46
 Side 2  free  transition at x/c =  0.0277   15

 152   rms: 0.3803E+03   max: -.7288E+04   C at   82  2   RLX: 0.000
       a =  0.000      CL =  0.3718
      Cm = -0.0450     CD =  0.14990   =>   CDf =  0.00305    CDp =  0.14685

 Side 1  free  transition at x/c =  0.4945   46
 Side 2  free  transition at x/c =  0.0277   15

 153   rms: 0.2706E+05   max: -.5198E+06   C at   82  2   RLX: 0.000
       a =  0.000      CL =  0.3718
      Cm = -0.0451     CD =  0.15012   =>   CDf =  0.00305    CDp =  0.14707

 Side 1  free  transition at x/c =  0.4945   46
 Side 2  free  transition at x/c =  0.0277   15

 154   rms: 0.8107E+03   max: 0.1559E+05   C at   82  2   RLX: 0.000
       a =  0.000      CL =  0.3718
      Cm = -0.0451     CD =  0.14979   =>   CDf =  0.00305    CDp =  0.14674

 Side 1  free  transition at x/c =  0.4945   46
 Side 2  free  transition at x/c =  0.0277   15

 155   rms: 0.2828E+03   max: -.5414E+04   C at   82  2   RLX: 0.000
       a =  0.000      CL =  0.3718
      Cm = -0.0451     CD =  0.15028   =>   CDf =  0.00305    CDp =  0.14723

 Side 1  free  transition at x/c =  0.4945   46
 Side 2  free  transition at x/c =  0.0277   15

 156   rms: 0.2038E+04   max: -.3913E+05   C at   82  2   RLX: 0.000
       a =  0.000      CL =  0.3718
      Cm = -0.0451     CD =  0.15053   =>   CDf =  0.00305    CDp =  0.14748

 Side 1  free  transition at x/c =  0.4945   46
 Side 2  free  transition at x/c =  0.0277   15

 157   rms: 0.9812E+03   max: 0.1887E+05   C at   82  2   RLX: 0.000
       a =  0.000      CL =  0.3719
      Cm = -0.0451     CD =  0.15016   =>   CDf =  0.00305    CDp =  0.14711

 Side 1  free  transition at x/c =  0.4945   46
 Side 2  free  transition at x/c =  0.0277   15

 158   rms: 0.2202E+03   max: -.4210E+04   C at   82  2   RLX: 0.000
       a =  0.000      CL =  0.3718
      Cm = -0.0451     CD =  0.15071   =>   CDf =  0.00305    CDp =  0.14766

 Side 1  free  transition at x/c =  0.4945   46
 Side 2  free  transition at x/c =  0.0277   15

 159   rms: 0.1001E+04   max: -.1922E+05   C at   82  2   RLX: 0.000
       a =  0.000      CL =  0.3718
      Cm = -0.0451     CD =  0.15099   =>   CDf =  0.00305    CDp =  0.14794

 Side 1  free  transition at x/c =  0.4945   46
 Side 2  free  transition at x/c =  0.0277   15

 160   rms: 0.1288E+04   max: 0.2476E+05   C at   82  2   RLX: 0.000
       a =  0.000      CL =  0.3719
      Cm = -0.0451     CD =  0.15058   =>   CDf =  0.00305    CDp =  0.14753

 Side 1  free  transition at x/c =  0.4945   46
 Side 2  free  transition at x/c =  0.0277   15

 161   rms: 0.1754E+03   max: -.3349E+04   C at   82  2   RLX: 0.000
       a =  0.000      CL =  0.3719
      Cm = -0.0451     CD =  0.15119   =>   CDf =  0.00305    CDp =  0.14814

 Side 1  free  transition at x/c =  0.4945   46
 Side 2  free  transition at x/c =  0.0277   15

 162   rms: 0.6430E+03   max: -.1234E+05   C at   82  2   RLX: 0.000
       a =  0.000      CL =  0.3718
      Cm = -0.0451     CD =  0.15151   =>   CDf =  0.00305    CDp =  0.14846

 Side 1  free  transition at x/c =  0.4945   46
 Side 2  free  transition at x/c =  0.0277   15

 163   rms: 0.1989E+04   max: 0.3823E+05   C at   82  2   RLX: 0.000
       a =  0.000      CL =  0.3719
      Cm = -0.0451     CD =  0.15106   =>   CDf =  0.00305    CDp =  0.14801

 Side 1  free  transition at x/c =  0.4945   46
 Side 2  free  transition at x/c =  0.0277   15

 164   rms: 0.1443E+03   max: -.2751E+04   C at   82  2   RLX: 0.000
       a =  0.000      CL =  0.3719
      Cm = -0.0451     CD =  0.15173   =>   CDf =  0.00305    CDp =  0.14869

 Side 1  free  transition at x/c =  0.4945   46
 Side 2  free  transition at x/c =  0.0277   15

 165   rms: 0.4614E+03   max: -.8847E+04   C at   82  2   RLX: 0.000
       a =  0.000      CL =  0.3719
      Cm = -0.0451     CD =  0.15209   =>   CDf =  0.00305    CDp =  0.14904

 Side 1  free  transition at x/c =  0.4945   46
 Side 2  free  transition at x/c =  0.0277   15

 166   rms: 0.4969E+04   max: 0.9549E+05   C at   82  2   RLX: 0.000
       a =  0.000      CL =  0.3720
      Cm = -0.0451     CD =  0.15159   =>   CDf =  0.00305    CDp =  0.14854

 Side 1  free  transition at x/c =  0.4945   46
 Side 2  free  transition at x/c =  0.0277   15

 167   rms: 0.1218E+03   max: -.2316E+04   C at   82  2   RLX: 0.000
       a =  0.000      CL =  0.3719
      Cm = -0.0451     CD =  0.15234   =>   CDf =  0.00305    CDp =  0.14930

 Side 1  free  transition at x/c =  0.4945   46
 Side 2  free  transition at x/c =  0.0277   15

 168   rms: 0.3533E+03   max: -.6769E+04   C at   82  2   RLX: 0.000
       a =  0.000      CL =  0.3719
      Cm = -0.0451     CD =  0.15274   =>   CDf =  0.00305    CDp =  0.14969

 Side 1  free  transition at x/c =  0.4945   46
 Side 2  free  transition at x/c =  0.0277   15

 169   rms: 0.7881E+04   max: -.1514E+06   C at   82  2   RLX: 0.000
       a =  0.000      CL =  0.3719
      Cm = -0.0451     CD =  0.15298   =>   CDf =  0.00305    CDp =  0.14993

 Side 1  free  transition at x/c =  0.4945   46
 Side 2  free  transition at x/c =  0.0277   15

 170   rms: 0.8334E+03   max: 0.1603E+05   C at   82  2   RLX: 0.000
       a =  0.000      CL =  0.3720
      Cm = -0.0451     CD =  0.15261   =>   CDf =  0.00305    CDp =  0.14957

 Side 1  free  transition at x/c =  0.4945   46
 Side 2  free  transition at x/c =  0.0277   15

 171   rms: 0.2660E+03   max: -.5092E+04   C at   82  2   RLX: 0.000
       a =  0.000      CL =  0.3719
      Cm = -0.0451     CD =  0.15314   =>   CDf =  0.00305    CDp =  0.15009

 Side 1  free  transition at x/c =  0.4945   46
 Side 2  free  transition at x/c =  0.0277   15

 172   rms: 0.1691E+04   max: -.3248E+05   C at   82  2   RLX: 0.000
       a =  0.000      CL =  0.3719
      Cm = -0.0451     CD =  0.15341   =>   CDf =  0.00305    CDp =  0.15036

 Side 1  free  transition at x/c =  0.4945   46
 Side 2  free  transition at x/c =  0.0277   15

 173   rms: 0.1020E+04   max: 0.1961E+05   C at   82  2   RLX: 0.000
       a =  0.000      CL =  0.3720
      Cm = -0.0451     CD =  0.15300   =>   CDf =  0.00305    CDp =  0.14995

 Side 1  free  transition at x/c =  0.4945   46
 Side 2  free  transition at x/c =  0.0277   15

 174   rms: 0.2069E+03   max: -.3955E+04   C at   82  2   RLX: 0.000
       a =  0.000      CL =  0.3720
      Cm = -0.0451     CD =  0.15358   =>   CDf =  0.00305    CDp =  0.15054

 Side 1  free  transition at x/c =  0.4945   46
 Side 2  free  transition at x/c =  0.0277   15

 175   rms: 0.9016E+03   max: -.1730E+05   C at   82  2   RLX: 0.000
       a =  0.000      CL =  0.3719
      Cm = -0.0451     CD =  0.15389   =>   CDf =  0.00305    CDp =  0.15084

 Side 1  free  transition at x/c =  0.4945   46
 Side 2  free  transition at x/c =  0.0277   15

 176   rms: 0.1368E+04   max: 0.2630E+05   C at   82  2   RLX: 0.000
       a =  0.000      CL =  0.3720
      Cm = -0.0451     CD =  0.15344   =>   CDf =  0.00305    CDp =  0.15039

 Side 1  free  transition at x/c =  0.4945   46
 Side 2  free  transition at x/c =  0.0277   15

 177   rms: 0.1674E+03   max: -.3195E+04   C at   82  2   RLX: 0.000
       a =  0.000      CL =  0.3720
      Cm = -0.0451     CD =  0.15409   =>   CDf =  0.00305    CDp =  0.15104

 Side 1  free  transition at x/c =  0.4945   46
 Side 2  free  transition at x/c =  0.0277   15

 178   rms: 0.5946E+03   max: -.1141E+05   C at   82  2   RLX: 0.000
       a =  0.000      CL =  0.3720
      Cm = -0.0451     CD =  0.15443   =>   CDf =  0.00305    CDp =  0.15138

 Side 1  free  transition at x/c =  0.4945   46
 Side 2  free  transition at x/c =  0.0277   15

 179   rms: 0.2210E+04   max: 0.4248E+05   C at   82  2   RLX: 0.000
       a =  0.000      CL =  0.3721
      Cm = -0.0451     CD =  0.15394   =>   CDf =  0.00305    CDp =  0.15089

 Side 1  free  transition at x/c =  0.4945   46
 Side 2  free  transition at x/c =  0.0276   15

 180   rms: 0.1389E+03   max: -.2645E+04   C at   82  2   RLX: 0.000
       a =  0.000      CL =  0.3720
      Cm = -0.0451     CD =  0.15466   =>   CDf =  0.00305    CDp =  0.15161

 Side 1  free  transition at x/c =  0.4945   46
 Side 2  free  transition at x/c =  0.0277   15

 181   rms: 0.4342E+03   max: -.8324E+04   C at   82  2   RLX: 0.000
       a =  0.000      CL =  0.3720
      Cm = -0.0451     CD =  0.15504   =>   CDf =  0.00305    CDp =  0.15199

 Side 1  free  transition at x/c =  0.4945   46
 Side 2  free  transition at x/c =  0.0277   15

 182   rms: 0.6830E+04   max: 0.1312E+06   C at   82  2   RLX: 0.000
       a =  0.000      CL =  0.3721
      Cm = -0.0451     CD =  0.15450   =>   CDf =  0.00305    CDp =  0.15145

 Side 1  free  transition at x/c =  0.4945   46
 Side 2  free  transition at x/c =  0.0276   15

 183   rms: 0.1173E+03   max: -.2229E+04   C at   82  2   RLX: 0.000
       a =  0.000      CL =  0.3721
      Cm = -0.0451     CD =  0.15530   =>   CDf =  0.00305    CDp =  0.15225

 Side 1  free  transition at x/c =  0.4944   46
 Side 2  free  transition at x/c =  0.0276   15

 184   rms: 0.3362E+03   max: -.6440E+04   C at   82  2   RLX: 0.000
       a =  0.000      CL =  0.3721
      Cm = -0.0451     CD =  0.15572   =>   CDf =  0.00305    CDp =  0.15267

 Side 1  free  transition at x/c =  0.4944   46
 Side 2  free  transition at x/c =  0.0277   15

 185   rms: 0.5393E+04   max: -.1036E+06   C at   82  2   RLX: 0.000
       a =  0.000      CL =  0.3720
      Cm = -0.0451     CD =  0.15599   =>   CDf =  0.00305    CDp =  0.15294

 Side 1  free  transition at x/c =  0.4944   46
 Side 2  free  transition at x/c =  0.0277   15

 186   rms: 0.8431E+03   max: 0.1621E+05   C at   82  2   RLX: 0.000
       a =  0.000      CL =  0.3721
      Cm = -0.0451     CD =  0.15559   =>   CDf =  0.00305    CDp =  0.15254

 Side 1  free  transition at x/c =  0.4944   46
 Side 2  free  transition at x/c =  0.0276   15

 187   rms: 0.2550E+03   max: -.4879E+04   C at   82  2   RLX: 0.000
       a =  0.000      CL =  0.3721
      Cm = -0.0451     CD =  0.15614   =>   CDf =  0.00305    CDp =  0.15309

 Side 1  free  transition at x/c =  0.4944   46
 Side 2  free  transition at x/c =  0.0277   15

 188   rms: 0.1522E+04   max: -.2922E+05   C at   82  2   RLX: 0.000
       a =  0.000      CL =  0.3721
      Cm = -0.0451     CD =  0.15643   =>   CDf =  0.00305    CDp =  0.15339

 Side 1  free  transition at x/c =  0.4944   46
 Side 2  free  transition at x/c =  0.0277   15

 189   rms: 0.1041E+04   max: 0.2001E+05   C at   82  2   RLX: 0.000
       a =  0.000      CL =  0.3721
      Cm = -0.0451     CD =  0.15599   =>   CDf =  0.00305    CDp =  0.15294

 Side 1  free  transition at x/c =  0.4944   46
 Side 2  free  transition at x/c =  0.0276   15

 190   rms: 0.1997E+03   max: -.3815E+04   C at   82  2   RLX: 0.000
       a =  0.000      CL =  0.3721
      Cm = -0.0451     CD =  0.15661   =>   CDf =  0.00305    CDp =  0.15356

 Side 1  free  transition at x/c =  0.4944   46
 Side 2  free  transition at x/c =  0.0276   15

 191   rms: 0.8451E+03   max: -.1622E+05   C at   82  2   RLX: 0.000
       a =  0.000      CL =  0.3721
      Cm = -0.0451     CD =  0.15694   =>   CDf =  0.00305    CDp =  0.15389

 Side 1  free  transition at x/c =  0.4944   46
 Side 2  free  transition at x/c =  0.0277   15

 192   rms: 0.1411E+04   max: 0.2713E+05   C at   82  2   RLX: 0.000
       a =  0.000      CL =  0.3722
      Cm = -0.0451     CD =  0.15645   =>   CDf =  0.00305    CDp =  0.15340

 Side 1  free  transition at x/c =  0.4944   46
 Side 2  free  transition at x/c =  0.0276   15

 193   rms: 0.1624E+03   max: -.3097E+04   C at   82  2   RLX: 0.000
       a =  0.000      CL =  0.3721
      Cm = -0.0451     CD =  0.15714   =>   CDf =  0.00305    CDp =  0.15409

 Side 1  free  transition at x/c =  0.4944   46
 Side 2  free  transition at x/c =  0.0276   15

 194   rms: 0.5684E+03   max: -.1090E+05   C at   82  2   RLX: 0.000
       a =  0.000      CL =  0.3721
      Cm = -0.0451     CD =  0.15751   =>   CDf =  0.00305    CDp =  0.15446

 Side 1  free  transition at x/c =  0.4944   46
 Side 2  free  transition at x/c =  0.0276   15

 195   rms: 0.2338E+04   max: 0.4494E+05   C at   82  2   RLX: 0.000
       a =  0.000      CL =  0.3722
      Cm = -0.0451     CD =  0.15697   =>   CDf =  0.00305    CDp =  0.15392

 Side 1  free  transition at x/c =  0.4944   46
 Side 2  free  transition at x/c =  0.0276   15

 196   rms: 0.1353E+03   max: -.2575E+04   C at   82  2   RLX: 0.000
       a =  0.000      CL =  0.3722
      Cm = -0.0451     CD =  0.15773   =>   CDf =  0.00305    CDp =  0.15469

 Side 1  free  transition at x/c =  0.4944   46
 Side 2  free  transition at x/c =  0.0276   15

 197   rms: 0.4194E+03   max: -.8038E+04   C at   82  2   RLX: 0.000
       a =  0.000      CL =  0.3721
      Cm = -0.0451     CD =  0.15814   =>   CDf =  0.00305    CDp =  0.15510

 Side 1  free  transition at x/c =  0.4944   46
 Side 2  free  transition at x/c =  0.0276   15

 198   rms: 0.8270E+04   max: 0.1589E+06   C at   82  2   RLX: 0.000
       a =  0.000      CL =  0.3722
      Cm = -0.0451     CD =  0.15755   =>   CDf =  0.00305    CDp =  0.15450

 Side 1  free  transition at x/c =  0.4944   46
 Side 2  free  transition at x/c =  0.0276   15

 199   rms: 0.1146E+03   max: -.2176E+04   C at   82  2   RLX: 0.000
       a =  0.000      CL =  0.3722
      Cm = -0.0451     CD =  0.15840   =>   CDf =  0.00305    CDp =  0.15535

 Side 1  free  transition at x/c =  0.4944   46
 Side 2  free  transition at x/c =  0.0276   15

 200   rms: 0.3267E+03   max: -.6257E+04   C at   82  2   RLX: 0.000
       a =  0.000      CL =  0.3722
      Cm = -0.0451     CD =  0.15886   =>   CDf =  0.00305    CDp =  0.15581

 Side 1  free  transition at x/c =  0.4944   46
 Side 2  free  transition at x/c =  0.0276   15

 201   rms: 0.4739E+04   max: -.9103E+05   C at   82  2   RLX: 0.000
       a =  0.000      CL =  0.3722
      Cm = -0.0451     CD =  0.15914   =>   CDf =  0.00305    CDp =  0.15609

 Side 1  free  transition at x/c =  0.4944   46
 Side 2  free  transition at x/c =  0.0276   15

 202   rms: 0.8422E+03   max: 0.1619E+05   C at   82  2   RLX: 0.000
       a =  0.000      CL =  0.3722
      Cm = -0.0451     CD =  0.15870   =>   CDf =  0.00305    CDp =  0.15565

 Side 1  free  transition at x/c =  0.4944   46
 Side 2  free  transition at x/c =  0.0276   15

 203   rms: 0.2494E+03   max: -.4771E+04   C at   82  2   RLX: 0.000
       a =  0.000      CL =  0.3722
      Cm = -0.0451     CD =  0.15929   =>   CDf =  0.00305    CDp =  0.15624

 Side 1  free  transition at x/c =  0.4944   46
 Side 2  free  transition at x/c =  0.0276   15

 204   rms: 0.1459E+04   max: -.2801E+05   C at   82  2   RLX: 0.000
       a =  0.000      CL =  0.3722
      Cm = -0.0451     CD =  0.15961   =>   CDf =  0.00305    CDp =  0.15656

 Side 1  free  transition at x/c =  0.4944   46
 Side 2  free  transition at x/c =  0.0276   15

 205   rms: 0.1040E+04   max: 0.2000E+05   C at   82  2   RLX: 0.000
       a =  0.000      CL =  0.3723
      Cm = -0.0451     CD =  0.15912   =>   CDf =  0.00305    CDp =  0.15608
 VISCAL:  Convergence failed
      9.000    3.8006   0.159125   0.000000   0.000000   0.000000    0.4944     #
 Calculating wake trajectory ...
 Calculating source influence matrix ...

 Solving BL system ...

 Side 1  free  transition at x/c =  0.4944   46
 Side 2  free  transition at x/c =  0.0276   15

   1   rms: 0.1599E+03   max: -.3055E+04   C at   82  2   RLX: 0.000
       a =  1.000      CL =  0.3723
      Cm = -0.0451     CD =  0.15966   =>   CDf =  0.00305    CDp =  0.15661

 Side 1  free  transition at x/c =  0.4944   46
 Side 2  free  transition at x/c =  0.0276   15

   2   rms: 0.6763E+03   max: -.1298E+05   C at   82  2   RLX: 0.000
       a =  1.000      CL =  0.3722
      Cm = -0.0451     CD =  0.15998   =>   CDf =  0.00305    CDp =  0.15693

 Side 1  free  transition at x/c =  0.4944   46
 Side 2  free  transition at x/c =  0.0276   15

   3   rms: 0.1084E+04   max: 0.2084E+05   C at   82  2   RLX: 0.000
       a =  1.000      CL =  0.3723
      Cm = -0.0451     CD =  0.15937   =>   CDf =  0.00305    CDp =  0.15632

 Side 1  free  transition at x/c =  0.4944   46
 Side 2  free  transition at x/c =  0.0276   15

   4   rms: 0.1287E+03   max: -.2454E+04   C at   82  2   RLX: 0.000
       a =  1.000      CL =  0.3723
      Cm = -0.0451     CD =  0.15994   =>   CDf =  0.00305    CDp =  0.15689

 Side 1  free  transition at x/c =  0.4944   46
 Side 2  free  transition at x/c =  0.0276   15

   5   rms: 0.4544E+03   max: -.8714E+04   C at   82  2   RLX: 0.000
       a =  1.000      CL =  0.3723
      Cm = -0.0451     CD =  0.16028   =>   CDf =  0.00305    CDp =  0.15723

 Side 1  free  transition at x/c =  0.4944   46
 Side 2  free  transition at x/c =  0.0276   15

   6   rms: 0.1751E+04   max: 0.3365E+05   C at   82  2   RLX: 0.000
       a =  1.000      CL =  0.3724
      Cm = -0.0451     CD =  0.15965   =>   CDf =  0.00305    CDp =  0.15660

 Side 1  free  transition at x/c =  0.4944   46
 Side 2  free  transition at x/c =  0.0276   15

   7   rms: 0.1075E+03   max: -.2045E+04   C at   82  2   RLX: 0.000
       a =  1.000      CL =  0.3724
      Cm = -0.0451     CD =  0.16026   =>   CDf =  0.00305    CDp =  0.15721

 Side 1  free  transition at x/c =  0.4944   46
 Side 2  free  transition at x/c =  0.0276   15

   8   rms: 0.3356E+03   max: -.6432E+04   C at   82  2   RLX: 0.000
       a =  1.000      CL =  0.3724
      Cm = -0.0452     CD =  0.16063   =>   CDf =  0.00305    CDp =  0.15758

 Side 1  free  transition at x/c =  0.4944   46
 Side 2  free  transition at x/c =  0.0276   15

   9   rms: 0.5290E+04   max: 0.1016E+06   C at   82  2   RLX: 0.000
       a =  1.000      CL =  0.3725
      Cm = -0.0452     CD =  0.15996   =>   CDf =  0.00305    CDp =  0.15691

 Side 1  free  transition at x/c =  0.4944   46
 Side 2  free  transition at x/c =  0.0276   15

  10   rms: 0.9121E+02   max: -.1732E+04   C at   82  2   RLX: 0.000
       a =  1.000      CL =  0.3725
      Cm = -0.0452     CD =  0.16062   =>   CDf =  0.00305    CDp =  0.15757

 Side 1  free  transition at x/c =  0.4944   46
 Side 2  free  transition at x/c =  0.0276   15

  11   rms: 0.2622E+03   max: -.5021E+04   C at   82  2   RLX: 0.000
       a =  1.000      CL =  0.3724
      Cm = -0.0452     CD =  0.16101   =>   CDf =  0.00305    CDp =  0.15796

 Side 1  free  transition at x/c =  0.4944   46
 Side 2  free  transition at x/c =  0.0276   15

  12   rms: 0.4466E+04   max: -.8577E+05   C at   82  2   RLX: 0.000
       a =  1.000      CL =  0.3724
      Cm = -0.0452     CD =  0.16131   =>   CDf =  0.00305    CDp =  0.15826

 Side 1  free  transition at x/c =  0.4944   46
 Side 2  free  transition at x/c =  0.0276   15

  13   rms: 0.6475E+03   max: 0.1245E+05   C at   82  2   RLX: 0.000
       a =  1.000      CL =  0.3725
      Cm = -0.0452     CD =  0.16073   =>   CDf =  0.00305    CDp =  0.15768

 Side 1  free  transition at x/c =  0.4944   46
 Side 2  free  transition at x/c =  0.0276   15

  14   rms: 0.2003E+03   max: -.3830E+04   C at   82  2   RLX: 0.000
       a =  1.000      CL =  0.3725
      Cm = -0.0452     CD =  0.16124   =>   CDf =  0.00305    CDp =  0.15819

 Side 1  free  transition at x/c =  0.4944   46
 Side 2  free  transition at x/c =  0.0276   15

  15   rms: 0.1223E+04   max: -.2347E+05   C at   82  2   RLX: 0.000
       a =  1.000      CL =  0.3725
      Cm = -0.0452     CD =  0.16156   =>   CDf =  0.00305    CDp =  0.15851

 Side 1  free  transition at x/c =  0.4944   46
 Side 2  free  transition at x/c =  0.0276   15

  16   rms: 0.7916E+03   max: 0.1522E+05   C at   82  2   RLX: 0.000
       a =  1.000      CL =  0.3726
      Cm = -0.0452     CD =  0.16095   =>   CDf =  0.00305    CDp =  0.15790

 Side 1  free  transition at x/c =  0.4944   46
 Side 2  free  transition at x/c =  0.0276   15

  17   rms: 0.1569E+03   max: -.2996E+04   C at   82  2   RLX: 0.000
       a =  1.000      CL =  0.3725
      Cm = -0.0452     CD =  0.16149   =>   CDf =  0.00305    CDp =  0.15844

 Side 1  free  transition at x/c =  0.4944   46
 Side 2  free  transition at x/c =  0.0276   15

  18   rms: 0.6773E+03   max: -.1300E+05   C at   82  2   RLX: 0.000
       a =  1.000      CL =  0.3725
      Cm = -0.0452     CD =  0.16183   =>   CDf =  0.00305    CDp =  0.15878

 Side 1  free  transition at x/c =  0.4944   46
 Side 2  free  transition at x/c =  0.0276   15

  19   rms: 0.1055E+04   max: 0.2028E+05   C at   82  2   RLX: 0.000
       a =  1.000      CL =  0.3726
      Cm = -0.0452     CD =  0.16119   =>   CDf =  0.00305    CDp =  0.15814

 Side 1  free  transition at x/c =  0.4944   46
 Side 2  free  transition at x/c =  0.0276   15

  20   rms: 0.1283E+03   max: -.2445E+04   C at   82  2   RLX: 0.000
       a =  1.000      CL =  0.3726
      Cm = -0.0452     CD =  0.16178   =>   CDf =  0.00305    CDp =  0.15873

 Side 1  free  transition at x/c =  0.4944   46
 Side 2  free  transition at x/c =  0.0276   15

  21   rms: 0.4558E+03   max: -.8741E+04   C at   82  2   RLX: 0.000
       a =  1.000      CL =  0.3726
      Cm = -0.0452     CD =  0.16214   =>   CDf =  0.00305    CDp =  0.15910

 Side 1  free  transition at x/c =  0.4944   46
 Side 2  free  transition at x/c =  0.0276   15

  22   rms: 0.1671E+04   max: 0.3210E+05   C at   82  2   RLX: 0.000
       a =  1.000      CL =  0.3727
      Cm = -0.0452     CD =  0.16147   =>   CDf =  0.00305    CDp =  0.15842

 Side 1  free  transition at x/c =  0.4944   46
 Side 2  free  transition at x/c =  0.0276   15

  23   rms: 0.1070E+03   max: -.2035E+04   C at   82  2   RLX: 0.000
       a =  1.000      CL =  0.3727
      Cm = -0.0452     CD =  0.16211   =>   CDf =  0.00305    CDp =  0.15906

 Side 1  free  transition at x/c =  0.4944   46
 Side 2  free  transition at x/c =  0.0276   15

  24   rms: 0.3369E+03   max: -.6455E+04   C at   82  2   RLX: 0.000
       a =  1.000      CL =  0.3726
      Cm = -0.0452     CD =  0.16249   =>   CDf =  0.00305    CDp =  0.15944

 Side 1  free  transition at x/c =  0.4944   46
 Side 2  free  transition at x/c =  0.0276   15

  25   rms: 0.4567E+04   max: 0.8774E+05   C at   82  2   RLX: 0.000
       a =  1.000      CL =  0.3727
      Cm = -0.0452     CD =  0.16178   =>   CDf =  0.00305    CDp =  0.15874

 Side 1  free  transition at x/c =  0.4944   46
 Side 2  free  transition at x/c =  0.0276   15

  26   rms: 0.9112E+02   max: -.1730E+04   C at   82  2   RLX: 0.000
       a =  1.000      CL =  0.3727
      Cm = -0.0452     CD =  0.16247   =>   CDf =  0.00305    CDp =  0.15942

 Side 1  free  transition at x/c =  0.4943   46
 Side 2  free  transition at x/c =  0.0276   15

  27   rms: 0.2631E+03   max: -.5037E+04   C at   82  2   RLX: 0.000
       a =  1.000      CL =  0.3727
      Cm = -0.0452     CD =  0.16289   =>   CDf =  0.00305    CDp =  0.15984

 Side 1  free  transition at x/c =  0.4943   46
 Side 2  free  transition at x/c =  0.0276   15

  28   rms: 0.5250E+04   max: -.1008E+06   C at   82  2   RLX: 0.000
       a =  1.000      CL =  0.3727
      Cm = -0.0452     CD =  0.16320   =>   CDf =  0.00305    CDp =  0.16015

 MRCHDU: Convergence failed at  99  side 2    Res =  0.6015E-04
 Side 1  free  transition at x/c =  0.4943   46
 Side 2  free  transition at x/c =  0.0276   15

  29   rms: 0.6364E+03   max: 0.1224E+05   C at   82  2   RLX: 0.000
       a =  1.000      CL =  0.3728
      Cm = -0.0452     CD =  0.16249   =>   CDf =  0.00305    CDp =  0.15944

 Side 1  free  transition at x/c =  0.4943   46
 Side 2  free  transition at x/c =  0.0276   15

  30   rms: 0.2013E+03   max: -.3849E+04   C at   82  2   RLX: 0.000
       a =  1.000      CL =  0.3728
      Cm = -0.0452     CD =  0.16312   =>   CDf =  0.00305    CDp =  0.16007

 Side 1  free  transition at x/c =  0.4943   46
 Side 2  free  transition at x/c =  0.0276   15

  31   rms: 0.1278E+04   max: -.2453E+05   C at   82  2   RLX: 0.000
       a =  1.000      CL =  0.3727
      Cm = -0.0452     CD =  0.16346   =>   CDf =  0.00305    CDp =  0.16041

 MRCHDU: Convergence failed at  99  side 2    Res =  0.2079E-03
 Side 1  free  transition at x/c =  0.4943   46
 Side 2  free  transition at x/c =  0.0276   15

  32   rms: 0.7939E+03   max: 0.1526E+05   C at   82  2   RLX: 0.000
       a =  1.000      CL =  0.3728
      Cm = -0.0452     CD =  0.16250   =>   CDf =  0.00305    CDp =  0.15945

 Side 1  free  transition at x/c =  0.4943   46
 Side 2  free  transition at x/c =  0.0276   15

  33   rms: 0.1573E+03   max: -.3003E+04   C at   82  2   RLX: 0.000
       a =  1.000      CL =  0.3728
      Cm = -0.0452     CD =  0.16339   =>   CDf =  0.00305    CDp =  0.16034

 MRCHDU: Convergence failed at  99  side 2    Res =  0.1355E-03
 Side 1  free  transition at x/c =  0.4943   46
 Side 2  free  transition at x/c =  0.0276   15

  34   rms: 0.6792E+03   max: -.1303E+05   C at   82  2   RLX: 0.000
       a =  1.000      CL =  0.3728
      Cm = -0.0452     CD =  0.16354   =>   CDf =  0.00305    CDp =  0.16049

 MRCHDU: Convergence failed at  99  side 2    Res =  0.3738E-03
 Side 1  free  transition at x/c =  0.4943   46
 Side 2  free  transition at x/c =  0.0276   15

  35   rms: 0.1102E+04   max: 0.2118E+05   C at   82  2   RLX: 0.000
       a =  1.000      CL =  0.3729
      Cm = -0.0452     CD =  0.16251   =>   CDf =  0.00305    CDp =  0.15946

 Side 1  free  transition at x/c =  0.4943   46
 Side 2  free  transition at x/c =  0.0276   15

  36   rms: 0.1287E+03   max: -.2453E+04   C at   82  2   RLX: 0.000
       a =  1.000      CL =  0.3729
      Cm = -0.0453     CD =  0.16371   =>   CDf =  0.00305    CDp =  0.16066

 MRCHDU: Convergence failed at  99  side 2    Res =  0.3178E-03
 Side 1  free  transition at x/c =  0.4943   46
 Side 2  free  transition at x/c =  0.0276   15

  37   rms: 0.4467E+03   max: -.8564E+04   C at   82  2   RLX: 0.000
       a =  1.000      CL =  0.3728
      Cm = -0.0453     CD =  0.16359   =>   CDf =  0.00305    CDp =  0.16054

 MRCHDU: Convergence failed at  99  side 2    Res =  0.5672E-03
 Side 1  free  transition at x/c =  0.4943   46
 Side 2  free  transition at x/c =  0.0276   15

  38   rms: 0.1938E+04   max: 0.3724E+05   C at   82  2   RLX: 0.000
       a =  1.000      CL =  0.3729
      Cm = -0.0453     CD =  0.16252   =>   CDf =  0.00305    CDp =  0.15947

 MRCHDU: Convergence failed at  99  side 2    Res =  0.1611E-03
 Side 1  free  transition at x/c =  0.4943   46
 Side 2  free  transition at x/c =  0.0276   15

  39   rms: 0.1070E+03   max: -.2034E+04   C at   82  2   RLX: 0.000
       a =  1.000      CL =  0.3729
      Cm = -0.0453     CD =  0.16382   =>   CDf =  0.00305    CDp =  0.16077

 MRCHDU: Convergence failed at  99  side 2    Res =  0.5243E-03
 Side 1  free  transition at x/c =  0.4943   46
 Side 2  free  transition at x/c =  0.0276   15

  40   rms: 0.3249E+03   max: -.6226E+04   C at   82  2   RLX: 0.000
       a =  1.000      CL =  0.3729
      Cm = -0.0453     CD =  0.16365   =>   CDf =  0.00305    CDp =  0.16060

 MRCHDU: Convergence failed at  99  side 2    Res =  0.7845E-03
 Side 1  free  transition at x/c =  0.4943   46
 Side 2  free  transition at x/c =  0.0276   15

  41   rms: 0.1153E+05   max: 0.2214E+06   C at   82  2   RLX: 0.000
       a =  1.000      CL =  0.3730
      Cm = -0.0453     CD =  0.16253   =>   CDf =  0.00305    CDp =  0.15948

 MRCHDU: Convergence failed at  99  side 2    Res =  0.3722E-03
 Side 1  free  transition at x/c =  0.4943   46
 Side 2  free  transition at x/c =  0.0276   15

  42   rms: 0.9028E+02   max: -.1713E+04   C at   82  2   RLX: 0.000
       a =  1.000      CL =  0.3730
      Cm = -0.0453     CD =  0.16389   =>   CDf =  0.00305    CDp =  0.16084

 MRCHDU: Convergence failed at  99  side 2    Res =  0.7533E-03
 Side 1  free  transition at x/c =  0.4943   46
 Side 2  free  transition at x/c =  0.0276   15

  43   rms: 0.2525E+03   max: -.4834E+04   C at   82  2   RLX: 0.000
       a =  1.000      CL =  0.3730
      Cm = -0.0453     CD =  0.16371   =>   CDf =  0.00305    CDp =  0.16066

 MRCHDU: Convergence failed at  99  side 2    Res =  0.1025E-02
 Side 1  free  transition at x/c =  0.4943   46
 Side 2  free  transition at x/c =  0.0276   15

  44   rms: 0.2600E+04   max: -.4994E+05   C at   82  2   RLX: 0.000
       a =  1.000      CL =  0.3729
      Cm = -0.0453     CD =  0.16357   =>   CDf =  0.00305    CDp =  0.16052

 MRCHDU: Convergence failed at  99  side 2    Res =  0.1224E-02
 Side 1  free  transition at x/c =  0.4943   46
 Side 2  free  transition at x/c =  0.0276   15

  45   rms: 0.7189E+03   max: 0.1382E+05   C at   82  2   RLX: 0.000
       a =  1.000      CL =  0.3730
      Cm = -0.0453     CD =  0.16267   =>   CDf =  0.00305    CDp =  0.15962

 MRCHDU: Convergence failed at  99  side 2    Res =  0.8773E-03
 Side 1  free  transition at x/c =  0.4943   46
 Side 2  free  transition at x/c =  0.0276   15

  46   rms: 0.1927E+03   max: -.3685E+04   C at   82  2   RLX: 0.000
       a =  1.000      CL =  0.3730
      Cm = -0.0453     CD =  0.16376   =>   CDf =  0.00305    CDp =  0.16071

 MRCHDU: Convergence failed at  99  side 2    Res =  0.1166E-02
 Side 1  free  transition at x/c =  0.4943   46
 Side 2  free  transition at x/c =  0.0276   15

  47   rms: 0.9799E+03   max: -.1881E+05   C at   82  2   RLX: 0.000
       a =  1.000      CL =  0.3730
      Cm = -0.0453     CD =  0.16362   =>   CDf =  0.00305    CDp =  0.16057

 MRCHDU: Convergence failed at  99  side 2    Res =  0.1375E-02
 Side 1  free  transition at x/c =  0.4943   46
 Side 2  free  transition at x/c =  0.0276   15

  48   rms: 0.9321E+03   max: 0.1792E+05   C at   82  2   RLX: 0.000
       a =  1.000      CL =  0.3731
      Cm = -0.0453     CD =  0.16267   =>   CDf =  0.00305    CDp =  0.15962

 MRCHDU: Convergence failed at  99  side 2    Res =  0.1021E-02
 Side 1  free  transition at x/c =  0.4943   46
 Side 2  free  transition at x/c =  0.0276   15

  49   rms: 0.1511E+03   max: -.2885E+04   C at   82  2   RLX: 0.000
       a =  1.000      CL =  0.3731
      Cm = -0.0453     CD =  0.16381   =>   CDf =  0.00305    CDp =  0.16076

 MRCHDU: Convergence failed at  99  side 2    Res =  0.1322E-02
 Side 1  free  transition at x/c =  0.4943   46
 Side 2  free  transition at x/c =  0.0276   15

  50   rms: 0.5803E+03   max: -.1113E+05   C at   82  2   RLX: 0.000
       a =  1.000      CL =  0.3730
      Cm = -0.0453     CD =  0.16367   =>   CDf =  0.00305    CDp =  0.16062

 MRCHDU: Convergence failed at  99  side 2    Res =  0.1541E-02
 Side 1  free  transition at x/c =  0.4943   46
 Side 2  free  transition at x/c =  0.0276   15

  51   rms: 0.1394E+04   max: 0.2678E+05   C at   82  2   RLX: 0.000
       a =  1.000      CL =  0.3731
      Cm = -0.0453     CD =  0.16268   =>   CDf =  0.00305    CDp =  0.15963

 MRCHDU: Convergence failed at  99  side 2    Res =  0.1180E-02
 Side 1  free  transition at x/c =  0.4943   46
 Side 2  free  transition at x/c =  0.0276   15

  52   rms: 0.1207E+03   max: -.2299E+04   C at   82  2   RLX: 0.000
       a =  1.000      CL =  0.3731
      Cm = -0.0453     CD =  0.16388   =>   CDf =  0.00305    CDp =  0.16083

 MRCHDU: Convergence failed at  99  side 2    Res =  0.1497E-02
 Side 1  free  transition at x/c =  0.4943   46
 Side 2  free  transition at x/c =  0.0276   15

  53   rms: 0.4008E+03   max: -.7685E+04   C at   82  2   RLX: 0.000
       a =  1.000      CL =  0.3731
      Cm = -0.0453     CD =  0.16372   =>   CDf =  0.00305    CDp =  0.16067

 MRCHDU: Convergence failed at  99  side 2    Res =  0.1727E-02
 Side 1  free  transition at x/c =  0.4943   46
 Side 2  free  transition at x/c =  0.0276   15

  54   rms: 0.3105E+04   max: 0.5965E+05   C at   82  2   RLX: 0.000
       a =  1.000      CL =  0.3732
      Cm = -0.0453     CD =  0.16269   =>   CDf =  0.00305    CDp =  0.15964

 MRCHDU: Convergence failed at  99  side 2    Res =  0.1359E-02
 Side 1  free  transition at x/c =  0.4943   46
 Side 2  free  transition at x/c =  0.0276   15

  55   rms: 0.1011E+03   max: -.1923E+04   C at   82  2   RLX: 0.000
       a =  1.000      CL =  0.3732
      Cm = -0.0453     CD =  0.16394   =>   CDf =  0.00305    CDp =  0.16089

 MRCHDU: Convergence failed at  99  side 2    Res =  0.1695E-02
 Side 1  free  transition at x/c =  0.4943   46
 Side 2  free  transition at x/c =  0.0276   15

  56   rms: 0.3002E+03   max: -.5752E+04   C at   82  2   RLX: 0.000
       a =  1.000      CL =  0.3732
      Cm = -0.0453     CD =  0.16377   =>   CDf =  0.00305    CDp =  0.16072

 MRCHDU: Convergence failed at  99  side 2    Res =  0.1936E-02
 Side 1  free  transition at x/c =  0.4943   46
 Side 2  free  transition at x/c =  0.0276   15

  57   rms: 0.8832E+04   max: -.1697E+06   C at   82  2   RLX: 0.000
       a =  1.000      CL =  0.3731
      Cm = -0.0453     CD =  0.16365   =>   CDf =  0.00305    CDp =  0.16060

 MRCHDU: Convergence failed at  99  side 2    Res =  0.2114E-02
 Side 1  free  transition at x/c =  0.4943   46
 Side 2  free  transition at x/c =  0.0276   15

  58   rms: 0.6773E+03   max: 0.1302E+05   C at   82  2   RLX: 0.000
       a =  1.000      CL =  0.3732
      Cm = -0.0453     CD =  0.16280   =>   CDf =  0.00305    CDp =  0.15975

 MRCHDU: Convergence failed at  99  side 2    Res =  0.1801E-02
 Side 1  free  transition at x/c =  0.4943   46
 Side 2  free  transition at x/c =  0.0276   15

  59   rms: 0.2192E+03   max: -.4195E+04   C at   82  2   RLX: 0.000
       a =  1.000      CL =  0.3732
      Cm = -0.0453     CD =  0.16382   =>   CDf =  0.00305    CDp =  0.16077

 MRCHDU: Convergence failed at  99  side 2    Res =  0.2058E-02
 Side 1  free  transition at x/c =  0.4943   46
 Side 2  free  transition at x/c =  0.0276   15

  60   rms: 0.1427E+04   max: -.2740E+05   C at   82  2   RLX: 0.000
       a =  1.000      CL =  0.3732
      Cm = -0.0453     CD =  0.16369   =>   CDf =  0.00305    CDp =  0.16064

 MRCHDU: Convergence failed at  99  side 2    Res =  0.2246E-02
 Side 1  free  transition at x/c =  0.4943   46
 Side 2  free  transition at x/c =  0.0276   15

  61   rms: 0.8442E+03   max: 0.1623E+05   C at   82  2   RLX: 0.000
       a =  1.000      CL =  0.3733
      Cm = -0.0453     CD =  0.16281   =>   CDf =  0.00305    CDp =  0.15976

 MRCHDU: Convergence failed at  99  side 2    Res =  0.1926E-02
 Side 1  free  transition at x/c =  0.4943   46
 Side 2  free  transition at x/c =  0.0276   15

  62   rms: 0.1690E+03   max: -.3230E+04   C at   82  2   RLX: 0.000
       a =  1.000      CL =  0.3733
      Cm = -0.0453     CD =  0.16387   =>   CDf =  0.00305    CDp =  0.16082

 MRCHDU: Convergence failed at  99  side 2    Res =  0.2193E-02
 Side 1  free  transition at x/c =  0.4943   46
 Side 2  free  transition at x/c =  0.0276   15

  63   rms: 0.7375E+03   max: -.1415E+05   C at   82  2   RLX: 0.000
       a =  1.000      CL =  0.3732
      Cm = -0.0453     CD =  0.16373   =>   CDf =  0.00305    CDp =  0.16068

 MRCHDU: Convergence failed at  99  side 2    Res =  0.2391E-02
 Side 1  free  transition at x/c =  0.4943   46
 Side 2  free  transition at x/c =  0.0276   15

  64   rms: 0.1168E+04   max: 0.2245E+05   C at   82  2   RLX: 0.000
       a =  1.000      CL =  0.3733
      Cm = -0.0453     CD =  0.16281   =>   CDf =  0.00305    CDp =  0.15976

 MRCHDU: Convergence failed at  99  side 2    Res =  0.2064E-02
 Side 1  free  transition at x/c =  0.4943   46
 Side 2  free  transition at x/c =  0.0276   15

  65   rms: 0.1366E+03   max: -.2607E+04   C at   82  2   RLX: 0.000
       a =  1.000      CL =  0.3733
      Cm = -0.0454     CD =  0.16393   =>   CDf =  0.00305    CDp =  0.16088

 MRCHDU: Convergence failed at  99  side 2    Res =  0.2348E-02
 Side 1  free  transition at x/c =  0.4943   46
 Side 2  free  transition at x/c =  0.0276   15

  66   rms: 0.4703E+03   max: -.9021E+04   C at   82  2   RLX: 0.000
       a =  1.000      CL =  0.3733
      Cm = -0.0454     CD =  0.16377   =>   CDf =  0.00305    CDp =  0.16072

 MRCHDU: Convergence failed at  99  side 2    Res =  0.2555E-02
 Side 1  free  transition at x/c =  0.4943   46
 Side 2  free  transition at x/c =  0.0276   15

  67   rms: 0.2047E+04   max: 0.3934E+05   C at   82  2   RLX: 0.000
       a =  1.000      CL =  0.3734
      Cm = -0.0454     CD =  0.16281   =>   CDf =  0.00305    CDp =  0.15976

 MRCHDU: Convergence failed at  99  side 2    Res =  0.2222E-02
 Side 1  free  transition at x/c =  0.4943   46
 Side 2  free  transition at x/c =  0.0276   15

  68   rms: 0.1132E+03   max: -.2156E+04   C at   82  2   RLX: 0.000
       a =  1.000      CL =  0.3734
      Cm = -0.0454     CD =  0.16399   =>   CDf =  0.00305    CDp =  0.16094

 MRCHDU: Convergence failed at  99  side 2    Res =  0.2523E-02
 Side 1  free  transition at x/c =  0.4943   46
 Side 2  free  transition at x/c =  0.0276   15

  69   rms: 0.3415E+03   max: -.6546E+04   C at   82  2   RLX: 0.000
       a =  1.000      CL =  0.3734
      Cm = -0.0454     CD =  0.16382   =>   CDf =  0.00305    CDp =  0.16077

 MRCHDU: Convergence failed at  99  side 2    Res =  0.2739E-02
 Side 1  free  transition at x/c =  0.4943   46
 Side 2  free  transition at x/c =  0.0276   15

  70   rms: 0.1228E+05   max: 0.2360E+06   C at   82  2   RLX: 0.000
       a =  1.000      CL =  0.3734
      Cm = -0.0454     CD =  0.16282   =>   CDf =  0.00305    CDp =  0.15977

 MRCHDU: Convergence failed at  99  side 2    Res =  0.2401E-02
 Side 1  free  transition at x/c =  0.4943   46
 Side 2  free  transition at x/c =  0.0276   15

  71   rms: 0.9782E+02   max: -.1859E+04   C at   82  2   RLX: 0.000
       a =  1.000      CL =  0.3734
      Cm = -0.0454     CD =  0.16405   =>   CDf =  0.00305    CDp =  0.16100

 MRCHDU: Convergence failed at  99  side 2    Res =  0.2716E-02
 Side 1  free  transition at x/c =  0.4943   46
 Side 2  free  transition at x/c =  0.0276   15

  72   rms: 0.2642E+03   max: -.5061E+04   C at   82  2   RLX: 0.000
       a =  1.000      CL =  0.3734
      Cm = -0.0454     CD =  0.16387   =>   CDf =  0.00305    CDp =  0.16082

 MRCHDU: Convergence failed at  99  side 2    Res =  0.2944E-02
 Side 1  free  transition at x/c =  0.4943   46
 Side 2  free  transition at x/c =  0.0276   15

  73   rms: 0.2666E+04   max: -.5121E+05   C at   82  2   RLX: 0.000
       a =  1.000      CL =  0.3734
      Cm = -0.0454     CD =  0.16375   =>   CDf =  0.00305    CDp =  0.16070

 MRCHDU: Convergence failed at  99  side 2    Res =  0.3112E-02
 Side 1  free  transition at x/c =  0.4943   46
 Side 2  free  transition at x/c =  0.0276   15

  74   rms: 0.7448E+03   max: 0.1432E+05   C at   82  2   RLX: 0.000
       a =  1.000      CL =  0.3735
      Cm = -0.0454     CD =  0.16292   =>   CDf =  0.00305    CDp =  0.15987

 MRCHDU: Convergence failed at  99  side 2    Res =  0.2815E-02
 Side 1  free  transition at x/c =  0.4943   46
 Side 2  free  transition at x/c =  0.0276   15

  75   rms: 0.2014E+03   max: -.3854E+04   C at   82  2   RLX: 0.000
       a =  1.000      CL =  0.3735
      Cm = -0.0454     CD =  0.16392   =>   CDf =  0.00305    CDp =  0.16087

 MRCHDU: Convergence failed at  99  side 2    Res =  0.3057E-02
 Side 1  free  transition at x/c =  0.4943   46
 Side 2  free  transition at x/c =  0.0276   15

  76   rms: 0.9856E+03   max: -.1893E+05   C at   82  2   RLX: 0.000
       a =  1.000      CL =  0.3734
      Cm = -0.0454     CD =  0.16378   =>   CDf =  0.00305    CDp =  0.16073

 MRCHDU: Convergence failed at  99  side 2    Res =  0.3232E-02
 Side 1  free  transition at x/c =  0.4943   46
 Side 2  free  transition at x/c =  0.0276   15

  77   rms: 0.9655E+03   max: 0.1856E+05   C at   82  2   RLX: 0.000
       a =  1.000      CL =  0.3735
      Cm = -0.0454     CD =  0.16292   =>   CDf =  0.00305    CDp =  0.15987

 MRCHDU: Convergence failed at  99  side 2    Res =  0.2930E-02
 Side 1  free  transition at x/c =  0.4943   46
 Side 2  free  transition at x/c =  0.0276   15

  78   rms: 0.1621E+03   max: -.3098E+04   C at   82  2   RLX: 0.000
       a =  1.000      CL =  0.3735
      Cm = -0.0454     CD =  0.16397   =>   CDf =  0.00305    CDp =  0.16092

 MRCHDU: Convergence failed at  99  side 2    Res =  0.3182E-02
 Side 1  free  transition at x/c =  0.4942   46
 Side 2  free  transition at x/c =  0.0276   15

  79   rms: 0.5848E+03   max: -.1122E+05   C at   82  2   RLX: 0.000
       a =  1.000      CL =  0.3735
      Cm = -0.0454     CD =  0.16383   =>   CDf =  0.00305    CDp =  0.16078

 MRCHDU: Convergence failed at  99  side 2    Res =  0.3365E-02
 Side 1  free  transition at x/c =  0.4942   46
 Side 2  free  transition at x/c =  0.0276   15

  80   rms: 0.1426E+04   max: 0.2741E+05   C at   82  2   RLX: 0.000
       a =  1.000      CL =  0.3736
      Cm = -0.0454     CD =  0.16293   =>   CDf =  0.00305    CDp =  0.15988

 MRCHDU: Convergence failed at  99  side 2    Res =  0.3059E-02
 Side 1  free  transition at x/c =  0.4942   46
 Side 2  free  transition at x/c =  0.0276   15

  81   rms: 0.1286E+03   max: -.2452E+04   C at   82  2   RLX: 0.000
       a =  1.000      CL =  0.3736
      Cm = -0.0454     CD =  0.16403   =>   CDf =  0.00305    CDp =  0.16098

 MRCHDU: Convergence failed at  99  side 2    Res =  0.3327E-02
 Side 1  free  transition at x/c =  0.4942   46
 Side 2  free  transition at x/c =  0.0276   15

  82   rms: 0.4042E+03   max: -.7752E+04   C at   82  2   RLX: 0.000
       a =  1.000      CL =  0.3735
      Cm = -0.0454     CD =  0.16387   =>   CDf =  0.00305    CDp =  0.16082

 MRCHDU: Convergence failed at  99  side 2    Res =  0.3517E-02
 Side 1  free  transition at x/c =  0.4942   46
 Side 2  free  transition at x/c =  0.0276   15

  83   rms: 0.3253E+04   max: 0.6251E+05   C at   82  2   RLX: 0.000
       a =  1.000      CL =  0.3736
      Cm = -0.0454     CD =  0.16294   =>   CDf =  0.00305    CDp =  0.15989

 MRCHDU: Convergence failed at  99  side 2    Res =  0.3208E-02
 Side 1  free  transition at x/c =  0.4942   46
 Side 2  free  transition at x/c =  0.0276   15

  84   rms: 0.1069E+03   max: -.2035E+04   C at   82  2   RLX: 0.000
       a =  1.000      CL =  0.3736
      Cm = -0.0454     CD =  0.16409   =>   CDf =  0.00305    CDp =  0.16104

 MRCHDU: Convergence failed at  99  side 2    Res =  0.3493E-02
 Side 1  free  transition at x/c =  0.4942   46
 Side 2  free  transition at x/c =  0.0276   15

  85   rms: 0.3031E+03   max: -.5809E+04   C at   82  2   RLX: 0.000
       a =  1.000      CL =  0.3736
      Cm = -0.0454     CD =  0.16391   =>   CDf =  0.00305    CDp =  0.16086

 MRCHDU: Convergence failed at  99  side 2    Res =  0.3692E-02
 Side 1  free  transition at x/c =  0.4942   46
 Side 2  free  transition at x/c =  0.0276   15

  86   rms: 0.7953E+04   max: -.1528E+06   C at   82  2   RLX: 0.000
       a =  1.000      CL =  0.3736
      Cm = -0.0454     CD =  0.16381   =>   CDf =  0.00305    CDp =  0.16076

 MRCHDU: Convergence failed at  99  side 2    Res =  0.3845E-02
 Side 1  free  transition at x/c =  0.4942   46
 Side 2  free  transition at x/c =  0.0276   15

  87   rms: 0.6890E+03   max: 0.1325E+05   C at   82  2   RLX: 0.000
       a =  1.000      CL =  0.3737
      Cm = -0.0454     CD =  0.16302   =>   CDf =  0.00305    CDp =  0.15997

 MRCHDU: Convergence failed at  99  side 2    Res =  0.3572E-02
 Side 1  free  transition at x/c =  0.4942   46
 Side 2  free  transition at x/c =  0.0276   15

  88   rms: 0.2249E+03   max: -.4307E+04   C at   82  2   RLX: 0.000
       a =  1.000      CL =  0.3737
      Cm = -0.0454     CD =  0.16396   =>   CDf =  0.00305    CDp =  0.16091

 MRCHDU: Convergence failed at  99  side 2    Res =  0.3782E-02
 Side 1  free  transition at x/c =  0.4942   46
 Side 2  free  transition at x/c =  0.0276   15

  89   rms: 0.1412E+04   max: -.2712E+05   C at   82  2   RLX: 0.000
       a =  1.000      CL =  0.3736
      Cm = -0.0454     CD =  0.16384   =>   CDf =  0.00305    CDp =  0.16079

 MRCHDU: Convergence failed at  99  side 2    Res =  0.3942E-02
 Side 1  free  transition at x/c =  0.4942   46
 Side 2  free  transition at x/c =  0.0276   15

  90   rms: 0.8604E+03   max: 0.1654E+05   C at   82  2   RLX: 0.000
       a =  1.000      CL =  0.3737
      Cm = -0.0454     CD =  0.16303   =>   CDf =  0.00305    CDp =  0.15998

 MRCHDU: Convergence failed at  99  side 2    Res =  0.3665E-02
 Side 1  free  transition at x/c =  0.4942   46
 Side 2  free  transition at x/c =  0.0276   15

  91   rms: 0.1733E+03   max: -.3313E+04   C at   82  2   RLX: 0.000
       a =  1.000      CL =  0.3737
      Cm = -0.0454     CD =  0.16400   =>   CDf =  0.00305    CDp =  0.16095

 MRCHDU: Convergence failed at  99  side 2    Res =  0.3883E-02
 Side 1  free  transition at x/c =  0.4942   46
 Side 2  free  transition at x/c =  0.0276   15

  92   rms: 0.7385E+03   max: -.1418E+05   C at   82  2   RLX: 0.000
       a =  1.000      CL =  0.3737
      Cm = -0.0454     CD =  0.16388   =>   CDf =  0.00305    CDp =  0.16083

 MRCHDU: Convergence failed at  99  side 2    Res =  0.4051E-02
 Side 1  free  transition at x/c =  0.4942   46
 Side 2  free  transition at x/c =  0.0276   15

  93   rms: 0.1197E+04   max: 0.2301E+05   C at   82  2   RLX: 0.000
       a =  1.000      CL =  0.3738
      Cm = -0.0454     CD =  0.16303   =>   CDf =  0.00305    CDp =  0.15998

 MRCHDU: Convergence failed at  99  side 2    Res =  0.3769E-02
 Side 1  free  transition at x/c =  0.4942   46
 Side 2  free  transition at x/c =  0.0276   15

  94   rms: 0.1392E+03   max: -.2658E+04   C at   82  2   RLX: 0.000
       a =  1.000      CL =  0.3738
      Cm = -0.0454     CD =  0.16405   =>   CDf =  0.00305    CDp =  0.16100

 MRCHDU: Convergence failed at  99  side 2    Res =  0.4000E-02
 Side 1  free  transition at x/c =  0.4942   46
 Side 2  free  transition at x/c =  0.0276   15

  95   rms: 0.4812E+03   max: -.9233E+04   C at   82  2   RLX: 0.000
       a =  1.000      CL =  0.3737
      Cm = -0.0455     CD =  0.16392   =>   CDf =  0.00305    CDp =  0.16087

 MRCHDU: Convergence failed at  99  side 2    Res =  0.4175E-02
 Side 1  free  transition at x/c =  0.4942   46
 Side 2  free  transition at x/c =  0.0276   15

  96   rms: 0.2125E+04   max: 0.4085E+05   C at   82  2   RLX: 0.000
       a =  1.000      CL =  0.3738
      Cm = -0.0455     CD =  0.16304   =>   CDf =  0.00305    CDp =  0.15999

 MRCHDU: Convergence failed at  99  side 2    Res =  0.3890E-02
 Side 1  free  transition at x/c =  0.4942   46
 Side 2  free  transition at x/c =  0.0276   15

  97   rms: 0.1147E+03   max: -.2185E+04   C at   82  2   RLX: 0.000
       a =  1.000      CL =  0.3738
      Cm = -0.0455     CD =  0.16411   =>   CDf =  0.00305    CDp =  0.16106

 MRCHDU: Convergence failed at  99  side 2    Res =  0.4133E-02
 Side 1  free  transition at x/c =  0.4942   46
 Side 2  free  transition at x/c =  0.0276   15

  98   rms: 0.3484E+03   max: -.6681E+04   C at   82  2   RLX: 0.000
       a =  1.000      CL =  0.3738
      Cm = -0.0455     CD =  0.16397   =>   CDf =  0.00305    CDp =  0.16092

 MRCHDU: Convergence failed at  99  side 2    Res =  0.4316E-02
 Side 1  free  transition at x/c =  0.4942   46
 Side 2  free  transition at x/c =  0.0276   15

  99   rms: 0.1491E+05   max: 0.2864E+06   C at   82  2   RLX: 0.000
       a =  1.000      CL =  0.3739
      Cm = -0.0455     CD =  0.16305   =>   CDf =  0.00305    CDp =  0.16000

 MRCHDU: Convergence failed at  99  side 2    Res =  0.4028E-02
 Side 1  free  transition at x/c =  0.4942   46
 Side 2  free  transition at x/c =  0.0276   15

 100   rms: 0.9614E+02   max: -.1829E+04   C at   82  2   RLX: 0.000
       a =  1.000      CL =  0.3739
      Cm = -0.0455     CD =  0.16416   =>   CDf =  0.00305    CDp =  0.16111

 MRCHDU: Convergence failed at  99  side 2    Res =  0.4284E-02
 Side 1  free  transition at x/c =  0.4942   46
 Side 2  free  transition at x/c =  0.0276   15

 101   rms: 0.2676E+03   max: -.5128E+04   C at   82  2   RLX: 0.000
       a =  1.000      CL =  0.3739
      Cm = -0.0455     CD =  0.16401   =>   CDf =  0.00305    CDp =  0.16096

 MRCHDU: Convergence failed at  99  side 2    Res =  0.4475E-02
 Side 1  free  transition at x/c =  0.4942   46
 Side 2  free  transition at x/c =  0.0276   15

 102   rms: 0.2655E+04   max: -.5101E+05   C at   82  2   RLX: 0.000
       a =  1.000      CL =  0.3738
      Cm = -0.0455     CD =  0.16390   =>   CDf =  0.00305    CDp =  0.16085

 MRCHDU: Convergence failed at  99  side 2    Res =  0.4622E-02
 Side 1  free  transition at x/c =  0.4942   46
 Side 2  free  transition at x/c =  0.0276   15

 103   rms: 0.7795E+03   max: 0.1499E+05   C at   82  2   RLX: 0.000
       a =  1.000      CL =  0.3739
      Cm = -0.0455     CD =  0.16313   =>   CDf =  0.00305    CDp =  0.16008

 MRCHDU: Convergence failed at  99  side 2    Res =  0.4366E-02
 Side 1  free  transition at x/c =  0.4942   46
 Side 2  free  transition at x/c =  0.0276   15

 104   rms: 0.2029E+03   max: -.3883E+04   C at   82  2   RLX: 0.000
       a =  1.000      CL =  0.3739
      Cm = -0.0455     CD =  0.16406   =>   CDf =  0.00305    CDp =  0.16101

 MRCHDU: Convergence failed at  99  side 2    Res =  0.4569E-02
 Side 1  free  transition at x/c =  0.4942   46
 Side 2  free  transition at x/c =  0.0276   15

 105   rms: 0.1018E+04   max: -.1955E+05   C at   82  2   RLX: 0.000
       a =  1.000      CL =  0.3739
      Cm = -0.0455     CD =  0.16394   =>   CDf =  0.00305    CDp =  0.16089

 MRCHDU: Convergence failed at  99  side 2    Res =  0.4722E-02
 Side 1  free  transition at x/c =  0.4942   46
 Side 2  free  transition at x/c =  0.0276   15

 106   rms: 0.1015E+04   max: 0.1952E+05   C at   82  2   RLX: 0.000
       a =  1.000      CL =  0.3740
      Cm = -0.0455     CD =  0.16314   =>   CDf =  0.00305    CDp =  0.16009

 MRCHDU: Convergence failed at  99  side 2    Res =  0.4463E-02
 Side 1  free  transition at x/c =  0.4942   46
 Side 2  free  transition at x/c =  0.0276   15

 107   rms: 0.1587E+03   max: -.3034E+04   C at   82  2   RLX: 0.000
       a =  1.000      CL =  0.3740
      Cm = -0.0455     CD =  0.16410   =>   CDf =  0.00305    CDp =  0.16105

 MRCHDU: Convergence failed at  99  side 2    Res =  0.4674E-02
 Side 1  free  transition at x/c =  0.4942   46
 Side 2  free  transition at x/c =  0.0276   15

 108   rms: 0.6023E+03   max: -.1156E+05   C at   82  2   RLX: 0.000
       a =  1.000      CL =  0.3739
      Cm = -0.0455     CD =  0.16397   =>   CDf =  0.00305    CDp =  0.16092

 MRCHDU: Convergence failed at  99  side 2    Res =  0.4834E-02
 Side 1  free  transition at x/c =  0.4942   46
 Side 2  free  transition at x/c =  0.0276   15

 109   rms: 0.1536E+04   max: 0.2953E+05   C at   82  2   RLX: 0.000
       a =  1.000      CL =  0.3740
      Cm = -0.0455     CD =  0.16314   =>   CDf =  0.00305    CDp =  0.16009

 MRCHDU: Convergence failed at  99  side 2    Res =  0.4572E-02
 Side 1  free  transition at x/c =  0.4942   46
 Side 2  free  transition at x/c =  0.0276   15

 110   rms: 0.1290E+03   max: -.2462E+04   C at   82  2   RLX: 0.000
       a =  1.000      CL =  0.3740
      Cm = -0.0455     CD =  0.16415   =>   CDf =  0.00305    CDp =  0.16110

 MRCHDU: Convergence failed at  99  side 2    Res =  0.4794E-02
 Side 1  free  transition at x/c =  0.4942   46
 Side 2  free  transition at x/c =  0.0276   15

 111   rms: 0.4144E+03   max: -.7950E+04   C at   82  2   RLX: 0.000
       a =  1.000      CL =  0.3740
      Cm = -0.0455     CD =  0.16401   =>   CDf =  0.00305    CDp =  0.16096

 MRCHDU: Convergence failed at  99  side 2    Res =  0.4962E-02
 Side 1  free  transition at x/c =  0.4942   46
 Side 2  free  transition at x/c =  0.0276   15

 112   rms: 0.3653E+04   max: 0.7020E+05   C at   82  2   RLX: 0.000
       a =  1.000      CL =  0.3741
      Cm = -0.0455     CD =  0.16315   =>   CDf =  0.00305    CDp =  0.16010

 MRCHDU: Convergence failed at  99  side 2    Res =  0.4696E-02
 Side 1  free  transition at x/c =  0.4942   46
 Side 2  free  transition at x/c =  0.0276   15

 113   rms: 0.1069E+03   max: -.2037E+04   C at   82  2   RLX: 0.000
       a =  1.000      CL =  0.3741
      Cm = -0.0455     CD =  0.16420   =>   CDf =  0.00305    CDp =  0.16115

 MRCHDU: Convergence failed at  99  side 2    Res =  0.4931E-02
 Side 1  free  transition at x/c =  0.4942   46
 Side 2  free  transition at x/c =  0.0276   15

 114   rms: 0.3102E+03   max: -.5946E+04   C at   82  2   RLX: 0.000
       a =  1.000      CL =  0.3741
      Cm = -0.0455     CD =  0.16406   =>   CDf =  0.00305    CDp =  0.16101

 MRCHDU: Convergence failed at  99  side 2    Res =  0.5107E-02
 Side 1  free  transition at x/c =  0.4942   46
 Side 2  free  transition at x/c =  0.0276   15

 115   rms: 0.6953E+04   max: -.1336E+06   C at   82  2   RLX: 0.000
       a =  1.000      CL =  0.3740
      Cm = -0.0455     CD =  0.16395   =>   CDf =  0.00305    CDp =  0.16090

 MRCHDU: Convergence failed at  99  side 2    Res =  0.5242E-02
 Side 1  free  transition at x/c =  0.4942   46
 Side 2  free  transition at x/c =  0.0276   15

 116   rms: 0.7297E+03   max: 0.1403E+05   C at   82  2   RLX: 0.000
       a =  1.000      CL =  0.3741
      Cm = -0.0455     CD =  0.16322   =>   CDf =  0.00305    CDp =  0.16017

 MRCHDU: Convergence failed at  99  side 2    Res =  0.5006E-02
 Side 1  free  transition at x/c =  0.4942   46
 Side 2  free  transition at x/c =  0.0276   15

 117   rms: 0.2300E+03   max: -.4406E+04   C at   82  2   RLX: 0.000
       a =  1.000      CL =  0.3741
      Cm = -0.0455     CD =  0.16410   =>   CDf =  0.00305    CDp =  0.16105

 MRCHDU: Convergence failed at  99  side 2    Res =  0.5194E-02
 Side 1  free  transition at x/c =  0.4942   46
 Side 2  free  transition at x/c =  0.0276   15

 118   rms: 0.1402E+04   max: -.2693E+05   C at   82  2   RLX: 0.000
       a =  1.000      CL =  0.3741
      Cm = -0.0455     CD =  0.16398   =>   CDf =  0.00305    CDp =  0.16093

 MRCHDU: Convergence failed at  99  side 2    Res =  0.5335E-02
 Side 1  free  transition at x/c =  0.4942   46
 Side 2  free  transition at x/c =  0.0276   15

 119   rms: 0.9132E+03   max: 0.1756E+05   C at   82  2   RLX: 0.000
       a =  1.000      CL =  0.3742
      Cm = -0.0455     CD =  0.16322   =>   CDf =  0.00305    CDp =  0.16017

 MRCHDU: Convergence failed at  99  side 2    Res =  0.5095E-02
 Side 1  free  transition at x/c =  0.4942   46
 Side 2  free  transition at x/c =  0.0276   15

 120   rms: 0.1772E+03   max: -.3390E+04   C at   82  2   RLX: 0.000
       a =  1.000      CL =  0.3741
      Cm = -0.0455     CD =  0.16414   =>   CDf =  0.00305    CDp =  0.16109

 MRCHDU: Convergence failed at  99  side 2    Res =  0.5291E-02
 Side 1  free  transition at x/c =  0.4942   46
 Side 2  free  transition at x/c =  0.0276   15

 121   rms: 0.7388E+03   max: -.1419E+05   C at   82  2   RLX: 0.000
       a =  1.000      CL =  0.3741
      Cm = -0.0455     CD =  0.16402   =>   CDf =  0.00305    CDp =  0.16097

 MRCHDU: Convergence failed at  99  side 2    Res =  0.5440E-02
 Side 1  free  transition at x/c =  0.4942   46
 Side 2  free  transition at x/c =  0.0276   15

 122   rms: 0.1281E+04   max: 0.2463E+05   C at   82  2   RLX: 0.000
       a =  1.000      CL =  0.3742
      Cm = -0.0455     CD =  0.16322   =>   CDf =  0.00305    CDp =  0.16017

 MRCHDU: Convergence failed at  99  side 2    Res =  0.5196E-02
 Side 1  free  transition at x/c =  0.4942   46
 Side 2  free  transition at x/c =  0.0276   15

 123   rms: 0.1423E+03   max: -.2719E+04   C at   82  2   RLX: 0.000
       a =  1.000      CL =  0.3742
      Cm = -0.0455     CD =  0.16418   =>   CDf =  0.00305    CDp =  0.16113

 MRCHDU: Convergence failed at  99  side 2    Res =  0.5403E-02
 Side 1  free  transition at x/c =  0.4942   46
 Side 2  free  transition at x/c =  0.0276   15

 124   rms: 0.4847E+03   max: -.9301E+04   C at   82  2   RLX: 0.000
       a =  1.000      CL =  0.3742
      Cm = -0.0455     CD =  0.16405   =>   CDf =  0.00305    CDp =  0.16100

 MRCHDU: Convergence failed at  99  side 2    Res =  0.5559E-02
 Side 1  free  transition at x/c =  0.4942   46
 Side 2  free  transition at x/c =  0.0276   15

 125   rms: 0.2352E+04   max: 0.4521E+05   C at   82  2   RLX: 0.000
       a =  1.000      CL =  0.3743
      Cm = -0.0455     CD =  0.16323   =>   CDf =  0.00305    CDp =  0.16018

 MRCHDU: Convergence failed at  99  side 2    Res =  0.5312E-02
 Side 1  free  transition at x/c =  0.4942   46
 Side 2  free  transition at x/c =  0.0276   15

 126   rms: 0.1169E+03   max: -.2230E+04   C at   82  2   RLX: 0.000
       a =  1.000      CL =  0.3742
      Cm = -0.0456     CD =  0.16423   =>   CDf =  0.00305    CDp =  0.16118

 MRCHDU: Convergence failed at  99  side 2    Res =  0.5530E-02
 Side 1  free  transition at x/c =  0.4942   46
 Side 2  free  transition at x/c =  0.0276   15

 127   rms: 0.3513E+03   max: -.6737E+04   C at   82  2   RLX: 0.000
       a =  1.000      CL =  0.3742
      Cm = -0.0456     CD =  0.16409   =>   CDf =  0.00305    CDp =  0.16104

 MRCHDU: Convergence failed at  99  side 2    Res =  0.5694E-02
 Side 1  free  transition at x/c =  0.4942   46
 Side 2  free  transition at x/c =  0.0276   15

 128   rms: 0.3587E+05   max: 0.6894E+06   C at   82  2   RLX: 0.000
       a =  1.000      CL =  0.3743
      Cm = -0.0456     CD =  0.16323   =>   CDf =  0.00305    CDp =  0.16018

 MRCHDU: Convergence failed at  99  side 2    Res =  0.5445E-02
 Side 1  free  transition at x/c =  0.4942   46
 Side 2  free  transition at x/c =  0.0276   15

 129   rms: 0.9806E+02   max: -.1867E+04   C at   82  2   RLX: 0.000
       a =  1.000      CL =  0.3743
      Cm = -0.0456     CD =  0.16429   =>   CDf =  0.00305    CDp =  0.16124

 MRCHDU: Convergence failed at  99  side 2    Res =  0.5676E-02
 Side 1  free  transition at x/c =  0.4942   46
 Side 2  free  transition at x/c =  0.0276   15

 130   rms: 0.2697E+03   max: -.5169E+04   C at   82  2   RLX: 0.000
       a =  1.000      CL =  0.3743
      Cm = -0.0456     CD =  0.16413   =>   CDf =  0.00305    CDp =  0.16108

 MRCHDU: Convergence failed at  99  side 2    Res =  0.5846E-02
 Side 1  free  transition at x/c =  0.4942   46
 Side 2  free  transition at x/c =  0.0276   15

 131   rms: 0.2439E+04   max: -.4687E+05   C at   82  2   RLX: 0.000
       a =  1.000      CL =  0.3743
      Cm = -0.0456     CD =  0.16402   =>   CDf =  0.00305    CDp =  0.16097

 MRCHDU: Convergence failed at  99  side 2    Res =  0.5976E-02
 Side 1  free  transition at x/c =  0.4942   46
 Side 2  free  transition at x/c =  0.0276   15

 132   rms: 0.8180E+03   max: 0.1573E+05   C at   82  2   RLX: 0.000
       a =  1.000      CL =  0.3744
      Cm = -0.0456     CD =  0.16330   =>   CDf =  0.00305    CDp =  0.16025

 MRCHDU: Convergence failed at  99  side 2    Res =  0.5754E-02
 Side 1  free  transition at x/c =  0.4942   46
 Side 2  free  transition at x/c =  0.0276   15

 133   rms: 0.2052E+03   max: -.3929E+04   C at   82  2   RLX: 0.000
       a =  1.000      CL =  0.3743
      Cm = -0.0456     CD =  0.16417   =>   CDf =  0.00305    CDp =  0.16112

 MRCHDU: Convergence failed at  99  side 2    Res =  0.5936E-02
 Side 1  free  transition at x/c =  0.4942   46
 Side 2  free  transition at x/c =  0.0276   15

 134   rms: 0.9930E+03   max: -.1907E+05   C at   82  2   RLX: 0.000
       a =  1.000      CL =  0.3743
      Cm = -0.0456     CD =  0.16405   =>   CDf =  0.00305    CDp =  0.16100

 MRCHDU: Convergence failed at  99  side 2    Res =  0.6073E-02
 Side 1  free  transition at x/c =  0.4942   46
 Side 2  free  transition at x/c =  0.0276   15

 135   rms: 0.1075E+04   max: 0.2067E+05   C at   82  2   RLX: 0.000
       a =  1.000      CL =  0.3744
      Cm = -0.0456     CD =  0.16330   =>   CDf =  0.00305    CDp =  0.16025

 MRCHDU: Convergence failed at  99  side 2    Res =  0.5847E-02
 Side 1  free  transition at x/c =  0.4942   46
 Side 2  free  transition at x/c =  0.0276   15

 136   rms: 0.1607E+03   max: -.3073E+04   C at   82  2   RLX: 0.000
       a =  1.000      CL =  0.3744
      Cm = -0.0456     CD =  0.16421   =>   CDf =  0.00305    CDp =  0.16116

 MRCHDU: Convergence failed at  99  side 2    Res =  0.6037E-02
 Side 1  free  transition at x/c =  0.4941   46
 Side 2  free  transition at x/c =  0.0276   15

 137   rms: 0.5968E+03   max: -.1146E+05   C at   82  2   RLX: 0.000
       a =  1.000      CL =  0.3744
      Cm = -0.0456     CD =  0.16408   =>   CDf =  0.00305    CDp =  0.16103

 MRCHDU: Convergence failed at  99  side 2    Res =  0.6180E-02
 Side 1  free  transition at x/c =  0.4941   46
 Side 2  free  transition at x/c =  0.0276   15

 138   rms: 0.1670E+04   max: 0.3211E+05   C at   82  2   RLX: 0.000
       a =  1.000      CL =  0.3744
      Cm = -0.0456     CD =  0.16330   =>   CDf =  0.00305    CDp =  0.16025

 MRCHDU: Convergence failed at  99  side 2    Res =  0.5952E-02
 Side 1  free  transition at x/c =  0.4941   46
 Side 2  free  transition at x/c =  0.0276   15

 139   rms: 0.1305E+03   max: -.2492E+04   C at   82  2   RLX: 0.000
       a =  1.000      CL =  0.3744
      Cm = -0.0456     CD =  0.16425   =>   CDf =  0.00305    CDp =  0.16120

 MRCHDU: Convergence failed at  99  side 2    Res =  0.6152E-02
 Side 1  free  transition at x/c =  0.4941   46
 Side 2  free  transition at x/c =  0.0276   15

 140   rms: 0.4138E+03   max: -.7939E+04   C at   82  2   RLX: 0.000
       a =  1.000      CL =  0.3744
      Cm = -0.0456     CD =  0.16412   =>   CDf =  0.00305    CDp =  0.16107

 MRCHDU: Convergence failed at  99  side 2    Res =  0.6302E-02
 Side 1  free  transition at x/c =  0.4941   46
 Side 2  free  transition at x/c =  0.0276   15

 141   rms: 0.4436E+04   max: 0.8525E+05   C at   82  2   RLX: 0.000
       a =  1.000      CL =  0.3745
      Cm = -0.0456     CD =  0.16330   =>   CDf =  0.00305    CDp =  0.16025

 MRCHDU: Convergence failed at  99  side 2    Res =  0.6071E-02
 Side 1  free  transition at x/c =  0.4941   46
 Side 2  free  transition at x/c =  0.0276   15

 142   rms: 0.1081E+03   max: -.2061E+04   C at   82  2   RLX: 0.000
       a =  1.000      CL =  0.3745
      Cm = -0.0456     CD =  0.16430   =>   CDf =  0.00305    CDp =  0.16125

 MRCHDU: Convergence failed at  99  side 2    Res =  0.6282E-02
 Side 1  free  transition at x/c =  0.4941   46
 Side 2  free  transition at x/c =  0.0276   15

 143   rms: 0.3092E+03   max: -.5929E+04   C at   82  2   RLX: 0.000
       a =  1.000      CL =  0.3745
      Cm = -0.0456     CD =  0.16415   =>   CDf =  0.00305    CDp =  0.16110

 MRCHDU: Convergence failed at  99  side 2    Res =  0.6440E-02
 Side 1  free  transition at x/c =  0.4941   46
 Side 2  free  transition at x/c =  0.0276   15

 144   rms: 0.5308E+04   max: -.1020E+06   C at   82  2   RLX: 0.000
       a =  1.000      CL =  0.3745
      Cm = -0.0456     CD =  0.16405   =>   CDf =  0.00305    CDp =  0.16100

 MRCHDU: Convergence failed at  99  side 2    Res =  0.6560E-02
 Side 1  free  transition at x/c =  0.4941   46
 Side 2  free  transition at x/c =  0.0276   15

 145   rms: 0.7574E+03   max: 0.1457E+05   C at   82  2   RLX: 0.000
       a =  1.000      CL =  0.3745
      Cm = -0.0456     CD =  0.16336   =>   CDf =  0.00305    CDp =  0.16031

 MRCHDU: Convergence failed at  99  side 2    Res =  0.6351E-02
 Side 1  free  transition at x/c =  0.4941   46
 Side 2  free  transition at x/c =  0.0276   15

 146   rms: 0.2305E+03   max: -.4416E+04   C at   82  2   RLX: 0.000
       a =  1.000      CL =  0.3745
      Cm = -0.0456     CD =  0.16419   =>   CDf =  0.00305    CDp =  0.16114

 MRCHDU: Convergence failed at  99  side 2    Res =  0.6519E-02
 Side 1  free  transition at x/c =  0.4941   46
 Side 2  free  transition at x/c =  0.0276   15

 147   rms: 0.1294E+04   max: -.2487E+05   C at   82  2   RLX: 0.000
       a =  1.000      CL =  0.3745
      Cm = -0.0456     CD =  0.16408   =>   CDf =  0.00305    CDp =  0.16103

 MRCHDU: Convergence failed at  99  side 2    Res =  0.6644E-02
 Side 1  free  transition at x/c =  0.4941   46
 Side 2  free  transition at x/c =  0.0276   15

 148   rms: 0.9587E+03   max: 0.1843E+05   C at   82  2   RLX: 0.000
       a =  1.000      CL =  0.3746
      Cm = -0.0456     CD =  0.16336   =>   CDf =  0.00305    CDp =  0.16031

 MRCHDU: Convergence failed at  99  side 2    Res =  0.6433E-02
 Side 1  free  transition at x/c =  0.4941   46
 Side 2  free  transition at x/c =  0.0276   15

 149   rms: 0.1781E+03   max: -.3407E+04   C at   82  2   RLX: 0.000
       a =  1.000      CL =  0.3746
      Cm = -0.0456     CD =  0.16423   =>   CDf =  0.00305    CDp =  0.16118

 MRCHDU: Convergence failed at  99  side 2    Res =  0.6608E-02
 Side 1  free  transition at x/c =  0.4941   46
 Side 2  free  transition at x/c =  0.0276   15

 150   rms: 0.7057E+03   max: -.1355E+05   C at   82  2   RLX: 0.000
       a =  1.000      CL =  0.3745
      Cm = -0.0456     CD =  0.16411   =>   CDf =  0.00305    CDp =  0.16106

 MRCHDU: Convergence failed at  99  side 2    Res =  0.6739E-02
 Side 1  free  transition at x/c =  0.4941   46
 Side 2  free  transition at x/c =  0.0276   15

 151   rms: 0.1376E+04   max: 0.2645E+05   C at   82  2   RLX: 0.000
       a =  1.000      CL =  0.3746
      Cm = -0.0456     CD =  0.16336   =>   CDf =  0.00305    CDp =  0.16031

 MRCHDU: Convergence failed at  99  side 2    Res =  0.6526E-02
 Side 1  free  transition at x/c =  0.4941   46
 Side 2  free  transition at x/c =  0.0276   15

 152   rms: 0.1429E+03   max: -.2731E+04   C at   82  2   RLX: 0.000
       a =  1.000      CL =  0.3746
      Cm = -0.0456     CD =  0.16427   =>   CDf =  0.00305    CDp =  0.16122

 MRCHDU: Convergence failed at  99  side 2    Res =  0.6711E-02
 Side 1  free  transition at x/c =  0.4941   46
 Side 2  free  transition at x/c =  0.0276   15

 153   rms: 0.4684E+03   max: -.8989E+04   C at   82  2   RLX: 0.000
       a =  1.000      CL =  0.3746
      Cm = -0.0456     CD =  0.16414   =>   CDf =  0.00305    CDp =  0.16109

 MRCHDU: Convergence failed at  99  side 2    Res =  0.6848E-02
 Side 1  free  transition at x/c =  0.4941   46
 Side 2  free  transition at x/c =  0.0276   15

 154   rms: 0.2715E+04   max: 0.5219E+05   C at   82  2   RLX: 0.000
       a =  1.000      CL =  0.3747
      Cm = -0.0456     CD =  0.16337   =>   CDf =  0.00305    CDp =  0.16032

 MRCHDU: Convergence failed at  99  side 2    Res =  0.6633E-02
 Side 1  free  transition at x/c =  0.4941   46
 Side 2  free  transition at x/c =  0.0276   15

 155   rms: 0.1162E+03   max: -.2217E+04   C at   82  2   RLX: 0.000
       a =  1.000      CL =  0.3747
      Cm = -0.0456     CD =  0.16431   =>   CDf =  0.00305    CDp =  0.16126

 MRCHDU: Convergence failed at  99  side 2    Res =  0.6823E-02
 Side 1  free  transition at x/c =  0.4941   46
 Side 2  free  transition at x/c =  0.0276   15

 156   rms: 0.3413E+03   max: -.6546E+04   C at   82  2   RLX: 0.000
       a =  1.000      CL =  0.3747
      Cm = -0.0456     CD =  0.16417   =>   CDf =  0.00305    CDp =  0.16112

 MRCHDU: Convergence failed at  99  side 2    Res =  0.6965E-02
 Side 1  free  transition at x/c =  0.4941   46
 Side 2  free  transition at x/c =  0.0276   15

 157   rms: 0.3243E+05   max: -.6232E+06   C at   82  2   RLX: 0.000
       a =  1.000      CL =  0.3746
      Cm = -0.0456     CD =  0.16408   =>   CDf =  0.00305    CDp =  0.16103

 MRCHDU: Convergence failed at  99  side 2    Res =  0.7077E-02
 Side 1  free  transition at x/c =  0.4941   46
 Side 2  free  transition at x/c =  0.0276   15

 158   rms: 0.7216E+03   max: 0.1388E+05   C at   82  2   RLX: 0.000
       a =  1.000      CL =  0.3747
      Cm = -0.0457     CD =  0.16342   =>   CDf =  0.00305    CDp =  0.16037

 MRCHDU: Convergence failed at  99  side 2    Res =  0.6881E-02
 Side 1  free  transition at x/c =  0.4941   46
 Side 2  free  transition at x/c =  0.0276   15

 159   rms: 0.2497E+03   max: -.4785E+04   C at   82  2   RLX: 0.000
       a =  1.000      CL =  0.3747
      Cm = -0.0457     CD =  0.16421   =>   CDf =  0.00305    CDp =  0.16116

 MRCHDU: Convergence failed at  99  side 2    Res =  0.7032E-02
 Side 1  free  transition at x/c =  0.4941   46
 Side 2  free  transition at x/c =  0.0276   15

 160   rms: 0.1737E+04   max: -.3338E+05   C at   82  2   RLX: 0.000
       a =  1.000      CL =  0.3747
      Cm = -0.0457     CD =  0.16411   =>   CDf =  0.00305    CDp =  0.16106

 MRCHDU: Convergence failed at  99  side 2    Res =  0.7149E-02
 Side 1  free  transition at x/c =  0.4941   46
 Side 2  free  transition at x/c =  0.0276   15

 161   rms: 0.8885E+03   max: 0.1709E+05   C at   82  2   RLX: 0.000
       a =  1.000      CL =  0.3748
      Cm = -0.0457     CD =  0.16342   =>   CDf =  0.00305    CDp =  0.16037

 MRCHDU: Convergence failed at  99  side 2    Res =  0.6950E-02
 Side 1  free  transition at x/c =  0.4941   46
 Side 2  free  transition at x/c =  0.0276   15

 162   rms: 0.1920E+03   max: -.3676E+04   C at   82  2   RLX: 0.000
       a =  1.000      CL =  0.3747
      Cm = -0.0457     CD =  0.16425   =>   CDf =  0.00305    CDp =  0.16120

 MRCHDU: Convergence failed at  99  side 2    Res =  0.7110E-02
 Side 1  free  transition at x/c =  0.4941   46
 Side 2  free  transition at x/c =  0.0276   15

 163   rms: 0.8389E+03   max: -.1611E+05   C at   82  2   RLX: 0.000
       a =  1.000      CL =  0.3747
      Cm = -0.0457     CD =  0.16414   =>   CDf =  0.00305    CDp =  0.16109

 MRCHDU: Convergence failed at  99  side 2    Res =  0.7233E-02
 Side 1  free  transition at x/c =  0.4941   46
 Side 2  free  transition at x/c =  0.0276   15

 164   rms: 0.1214E+04   max: 0.2335E+05   C at   82  2   RLX: 0.000
       a =  1.000      CL =  0.3748
      Cm = -0.0457     CD =  0.16342   =>   CDf =  0.00305    CDp =  0.16037

 MRCHDU: Convergence failed at  99  side 2    Res =  0.7032E-02
 Side 1  free  transition at x/c =  0.4941   46
 Side 2  free  transition at x/c =  0.0276   15

 165   rms: 0.1528E+03   max: -.2921E+04   C at   82  2   RLX: 0.000
       a =  1.000      CL =  0.3748
      Cm = -0.0457     CD =  0.16429   =>   CDf =  0.00305    CDp =  0.16124

 MRCHDU: Convergence failed at  99  side 2    Res =  0.7201E-02
 Side 1  free  transition at x/c =  0.4941   46
 Side 2  free  transition at x/c =  0.0276   15

 166   rms: 0.5316E+03   max: -.1020E+05   C at   82  2   RLX: 0.000
       a =  1.000      CL =  0.3748
      Cm = -0.0457     CD =  0.16417   =>   CDf =  0.00305    CDp =  0.16112

 MRCHDU: Convergence failed at  99  side 2    Res =  0.7330E-02
 Side 1  free  transition at x/c =  0.4941   46
 Side 2  free  transition at x/c =  0.0276   15

 167   rms: 0.2080E+04   max: 0.3998E+05   C at   82  2   RLX: 0.000
       a =  1.000      CL =  0.3749
      Cm = -0.0457     CD =  0.16342   =>   CDf =  0.00305    CDp =  0.16037

 MRCHDU: Convergence failed at  99  side 2    Res =  0.7127E-02
 Side 1  free  transition at x/c =  0.4941   46
 Side 2  free  transition at x/c =  0.0276   15

 168   rms: 0.1246E+03   max: -.2379E+04   C at   82  2   RLX: 0.000
       a =  1.000      CL =  0.3748
      Cm = -0.0457     CD =  0.16433   =>   CDf =  0.00305    CDp =  0.16128

 MRCHDU: Convergence failed at  99  side 2    Res =  0.7305E-02
 Side 1  free  transition at x/c =  0.4941   46
 Side 2  free  transition at x/c =  0.0276   15

 169   rms: 0.3776E+03   max: -.7245E+04   C at   82  2   RLX: 0.000
       a =  1.000      CL =  0.3748
      Cm = -0.0457     CD =  0.16420   =>   CDf =  0.00305    CDp =  0.16115

 MRCHDU: Convergence failed at  99  side 2    Res =  0.7439E-02
 Side 1  free  transition at x/c =  0.4941   46
 Side 2  free  transition at x/c =  0.0276   15

 170   rms: 0.1030E+05   max: 0.1979E+06   C at   82  2   RLX: 0.000
       a =  1.000      CL =  0.3749
      Cm = -0.0457     CD =  0.16343   =>   CDf =  0.00305    CDp =  0.16037

 MRCHDU: Convergence failed at  99  side 2    Res =  0.7236E-02
 Side 1  free  transition at x/c =  0.4941   46
 Side 2  free  transition at x/c =  0.0276   15

 171   rms: 0.1041E+03   max: -.1983E+04   C at   82  2   RLX: 0.000
       a =  1.000      CL =  0.3749
      Cm = -0.0457     CD =  0.16438   =>   CDf =  0.00305    CDp =  0.16133

 MRCHDU: Convergence failed at  99  side 2    Res =  0.7425E-02
 Side 1  free  transition at x/c =  0.4941   46
 Side 2  free  transition at x/c =  0.0276   15

 172   rms: 0.2872E+03   max: -.5506E+04   C at   82  2   RLX: 0.000
       a =  1.000      CL =  0.3749
      Cm = -0.0457     CD =  0.16423   =>   CDf =  0.00305    CDp =  0.16118

 MRCHDU: Convergence failed at  99  side 2    Res =  0.7565E-02
 Side 1  free  transition at x/c =  0.4941   46
 Side 2  free  transition at x/c =  0.0276   15

 173   rms: 0.3055E+04   max: -.5870E+05   C at   82  2   RLX: 0.000
       a =  1.000      CL =  0.3749
      Cm = -0.0457     CD =  0.16413   =>   CDf =  0.00305    CDp =  0.16108

 MRCHDU: Convergence failed at  99  side 2    Res =  0.7674E-02
 Side 1  free  transition at x/c =  0.4941   46
 Side 2  free  transition at x/c =  0.0276   15

 174   rms: 0.8115E+03   max: 0.1561E+05   C at   82  2   RLX: 0.000
       a =  1.000      CL =  0.3749
      Cm = -0.0457     CD =  0.16348   =>   CDf =  0.00305    CDp =  0.16043

 MRCHDU: Convergence failed at  99  side 2    Res =  0.7487E-02
 Side 1  free  transition at x/c =  0.4941   46
 Side 2  free  transition at x/c =  0.0276   15

 175   rms: 0.2162E+03   max: -.4141E+04   C at   82  2   RLX: 0.000
       a =  1.000      CL =  0.3749
      Cm = -0.0457     CD =  0.16427   =>   CDf =  0.00305    CDp =  0.16122

 MRCHDU: Convergence failed at  99  side 2    Res =  0.7635E-02
 Side 1  free  transition at x/c =  0.4941   46
 Side 2  free  transition at x/c =  0.0276   15

 176   rms: 0.1101E+04   max: -.2115E+05   C at   82  2   RLX: 0.000
       a =  1.000      CL =  0.3749
      Cm = -0.0457     CD =  0.16416   =>   CDf =  0.00305    CDp =  0.16111

 MRCHDU: Convergence failed at  99  side 2    Res =  0.7750E-02
 Side 1  free  transition at x/c =  0.4941   46
 Side 2  free  transition at x/c =  0.0276   15

 177   rms: 0.1053E+04   max: 0.2026E+05   C at   82  2   RLX: 0.000
       a =  1.000      CL =  0.3750
      Cm = -0.0457     CD =  0.16348   =>   CDf =  0.00305    CDp =  0.16043

 MRCHDU: Convergence failed at  99  side 2    Res =  0.7561E-02
 Side 1  free  transition at x/c =  0.4941   46
 Side 2  free  transition at x/c =  0.0276   15

 178   rms: 0.1697E+03   max: -.3248E+04   C at   82  2   RLX: 0.000
       a =  1.000      CL =  0.3750
      Cm = -0.0457     CD =  0.16431   =>   CDf =  0.00305    CDp =  0.16125

 MRCHDU: Convergence failed at  99  side 2    Res =  0.7718E-02
 Side 1  free  transition at x/c =  0.4941   46
 Side 2  free  transition at x/c =  0.0276   15

 179   rms: 0.6407E+03   max: -.1230E+05   C at   82  2   RLX: 0.000
       a =  1.000      CL =  0.3750
      Cm = -0.0457     CD =  0.16419   =>   CDf =  0.00305    CDp =  0.16114

 MRCHDU: Convergence failed at  99  side 2    Res =  0.7838E-02
 Side 1  free  transition at x/c =  0.4941   46
 Side 2  free  transition at x/c =  0.0276   15

 180   rms: 0.1596E+04   max: 0.3069E+05   C at   82  2   RLX: 0.000
       a =  1.000      CL =  0.3750
      Cm = -0.0457     CD =  0.16348   =>   CDf =  0.00305    CDp =  0.16043

 MRCHDU: Convergence failed at  99  side 2    Res =  0.7648E-02
 Side 1  free  transition at x/c =  0.4941   46
 Side 2  free  transition at x/c =  0.0276   15

 181   rms: 0.1370E+03   max: -.2618E+04   C at   82  2   RLX: 0.000
       a =  1.000      CL =  0.3750
      Cm = -0.0457     CD =  0.16435   =>   CDf =  0.00305    CDp =  0.16130

 MRCHDU: Convergence failed at  99  side 2    Res =  0.7814E-02
 Side 1  free  transition at x/c =  0.4941   46
 Side 2  free  transition at x/c =  0.0276   15

 182   rms: 0.4368E+03   max: -.8382E+04   C at   82  2   RLX: 0.000
       a =  1.000      CL =  0.3750
      Cm = -0.0457     CD =  0.16422   =>   CDf =  0.00305    CDp =  0.16117

 MRCHDU: Convergence failed at  99  side 2    Res =  0.7939E-02
 Side 1  free  transition at x/c =  0.4941   46
 Side 2  free  transition at x/c =  0.0276   15

 183   rms: 0.3814E+04   max: 0.7331E+05   C at   82  2   RLX: 0.000
       a =  1.000      CL =  0.3751
      Cm = -0.0457     CD =  0.16348   =>   CDf =  0.00305    CDp =  0.16043

 MRCHDU: Convergence failed at  99  side 2    Res =  0.7749E-02
 Side 1  free  transition at x/c =  0.4941   46
 Side 2  free  transition at x/c =  0.0276   15

 184   rms: 0.1107E+03   max: -.2112E+04   C at   82  2   RLX: 0.000
       a =  1.000      CL =  0.3751
      Cm = -0.0457     CD =  0.16439   =>   CDf =  0.00305    CDp =  0.16134

 MRCHDU: Convergence failed at  99  side 2    Res =  0.7925E-02
 Side 1  free  transition at x/c =  0.4941   46
 Side 2  free  transition at x/c =  0.0276   15

 185   rms: 0.3238E+03   max: -.6210E+04   C at   82  2   RLX: 0.000
       a =  1.000      CL =  0.3751
      Cm = -0.0457     CD =  0.16425   =>   CDf =  0.00305    CDp =  0.16120

 MRCHDU: Convergence failed at  99  side 2    Res =  0.8055E-02
 Side 1  free  transition at x/c =  0.4941   46
 Side 2  free  transition at x/c =  0.0276   15

 186   rms: 0.7006E+04   max: -.1346E+06   C at   82  2   RLX: 0.000
       a =  1.000      CL =  0.3750
      Cm = -0.0457     CD =  0.16416   =>   CDf =  0.00305    CDp =  0.16111

 MRCHDU: Convergence failed at  99  side 2    Res =  0.8158E-02
 Side 1  free  transition at x/c =  0.4941   46
 Side 2  free  transition at x/c =  0.0276   15

 187   rms: 0.7642E+03   max: 0.1470E+05   C at   82  2   RLX: 0.000
       a =  1.000      CL =  0.3751
      Cm = -0.0457     CD =  0.16353   =>   CDf =  0.00305    CDp =  0.16048

 MRCHDU: Convergence failed at  99  side 2    Res =  0.7982E-02
 Side 1  free  transition at x/c =  0.4941   46
 Side 2  free  transition at x/c =  0.0276   15

 188   rms: 0.2393E+03   max: -.4586E+04   C at   82  2   RLX: 0.000
       a =  1.000      CL =  0.3751
      Cm = -0.0457     CD =  0.16428   =>   CDf =  0.00305    CDp =  0.16123

 MRCHDU: Convergence failed at  99  side 2    Res =  0.8120E-02
 Side 1  free  transition at x/c =  0.4941   46
 Side 2  free  transition at x/c =  0.0276   15

 189   rms: 0.1437E+04   max: -.2760E+05   C at   82  2   RLX: 0.000
       a =  1.000      CL =  0.3751
      Cm = -0.0457     CD =  0.16418   =>   CDf =  0.00305    CDp =  0.16113

 MRCHDU: Convergence failed at  99  side 2    Res =  0.8228E-02
 Side 1  free  transition at x/c =  0.4941   46
 Side 2  free  transition at x/c =  0.0276   15

 190   rms: 0.9608E+03   max: 0.1848E+05   C at   82  2   RLX: 0.000
       a =  1.000      CL =  0.3752
      Cm = -0.0457     CD =  0.16353   =>   CDf =  0.00305    CDp =  0.16047

 MRCHDU: Convergence failed at  99  side 2    Res =  0.8050E-02
 Side 1  free  transition at x/c =  0.4941   46
 Side 2  free  transition at x/c =  0.0276   15

 191   rms: 0.1810E+03   max: -.3465E+04   C at   82  2   RLX: 0.000
       a =  1.000      CL =  0.3752
      Cm = -0.0458     CD =  0.16432   =>   CDf =  0.00305    CDp =  0.16127

 MRCHDU: Convergence failed at  99  side 2    Res =  0.8197E-02
 Side 1  free  transition at x/c =  0.4941   46
 Side 2  free  transition at x/c =  0.0276   15

 192   rms: 0.7570E+03   max: -.1454E+05   C at   82  2   RLX: 0.000
       a =  1.000      CL =  0.3751
      Cm = -0.0458     CD =  0.16421   =>   CDf =  0.00305    CDp =  0.16116

 MRCHDU: Convergence failed at  99  side 2    Res =  0.8310E-02
 Side 1  free  transition at x/c =  0.4941   46
 Side 2  free  transition at x/c =  0.0276   15

 193   rms: 0.1364E+04   max: 0.2622E+05   C at   82  2   RLX: 0.000
       a =  1.000      CL =  0.3752
      Cm = -0.0458     CD =  0.16352   =>   CDf =  0.00305    CDp =  0.16047

 MRCHDU: Convergence failed at  99  side 2    Res =  0.8131E-02
 Side 1  free  transition at x/c =  0.4941   46
 Side 2  free  transition at x/c =  0.0276   15

 194   rms: 0.1444E+03   max: -.2761E+04   C at   82  2   RLX: 0.000
       a =  1.000      CL =  0.3752
      Cm = -0.0458     CD =  0.16436   =>   CDf =  0.00305    CDp =  0.16131

 MRCHDU: Convergence failed at  99  side 2    Res =  0.8286E-02
 Side 1  free  transition at x/c =  0.4941   46
 Side 2  free  transition at x/c =  0.0276   15

 195   rms: 0.4948E+03   max: -.9497E+04   C at   82  2   RLX: 0.000
       a =  1.000      CL =  0.3752
      Cm = -0.0458     CD =  0.16423   =>   CDf =  0.00305    CDp =  0.16118

 MRCHDU: Convergence failed at  99  side 2    Res =  0.8403E-02
 Side 1  free  transition at x/c =  0.4941   46
 Side 2  free  transition at x/c =  0.0276   15

 196   rms: 0.2598E+04   max: 0.4994E+05   C at   82  2   RLX: 0.000
       a =  1.000      CL =  0.3753
      Cm = -0.0458     CD =  0.16352   =>   CDf =  0.00305    CDp =  0.16047

 MRCHDU: Convergence failed at  99  side 2    Res =  0.8224E-02
 Side 1  free  transition at x/c =  0.4941   46
 Side 2  free  transition at x/c =  0.0276   15

 197   rms: 0.1241E+03   max: -.2369E+04   C at   82  2   RLX: 0.000
       a =  1.000      CL =  0.3753
      Cm = -0.0458     CD =  0.16440   =>   CDf =  0.00305    CDp =  0.16135

 MRCHDU: Convergence failed at  99  side 2    Res =  0.8388E-02
 Side 1  free  transition at x/c =  0.4940   46
 Side 2  free  transition at x/c =  0.0276   15

 198   rms: 0.3494E+03   max: -.6703E+04   C at   82  2   RLX: 0.000
       a =  1.000      CL =  0.3752
      Cm = -0.0458     CD =  0.16426   =>   CDf =  0.00305    CDp =  0.16121

 MRCHDU: Convergence failed at  99  side 2    Res =  0.8511E-02
 Side 1  free  transition at x/c =  0.4940   46
 Side 2  free  transition at x/c =  0.0276   15

 199   rms: 0.2924E+06   max: -.5621E+07   C at   82  2   RLX: 0.000
       a =  1.000      CL =  0.3752
      Cm = -0.0458     CD =  0.16417   =>   CDf =  0.00305    CDp =  0.16112

 MRCHDU: Convergence failed at  99  side 2    Res =  0.8608E-02
 Side 1  free  transition at x/c =  0.4940   46
 Side 2  free  transition at x/c =  0.0276   15

 200   rms: 0.7334E+03   max: 0.1410E+05   C at   82  2   RLX: 0.000
       a =  1.000      CL =  0.3753
      Cm = -0.0458     CD =  0.16357   =>   CDf =  0.00305    CDp =  0.16052

 MRCHDU: Convergence failed at  99  side 2    Res =  0.8441E-02
 Side 1  free  transition at x/c =  0.4940   46
 Side 2  free  transition at x/c =  0.0276   15

 201   rms: 0.2535E+03   max: -.4859E+04   C at   82  2   RLX: 0.000
       a =  1.000      CL =  0.3753
      Cm = -0.0458     CD =  0.16430   =>   CDf =  0.00305    CDp =  0.16124

 MRCHDU: Convergence failed at  99  side 2    Res =  0.8571E-02
 Side 1  free  transition at x/c =  0.4940   46
 Side 2  free  transition at x/c =  0.0276   15

 202   rms: 0.1819E+04   max: -.3495E+05   C at   82  2   RLX: 0.000
       a =  1.000      CL =  0.3753
      Cm = -0.0458     CD =  0.16420   =>   CDf =  0.00305    CDp =  0.16115

 MRCHDU: Convergence failed at  99  side 2    Res =  0.8673E-02
 Side 1  free  transition at x/c =  0.4940   46
 Side 2  free  transition at x/c =  0.0276   15

 203   rms: 0.9026E+03   max: 0.1736E+05   C at   82  2   RLX: 0.000
       a =  1.000      CL =  0.3753
      Cm = -0.0458     CD =  0.16357   =>   CDf =  0.00305    CDp =  0.16051

 MRCHDU: Convergence failed at  99  side 2    Res =  0.8505E-02
 Side 1  free  transition at x/c =  0.4940   46
 Side 2  free  transition at x/c =  0.0276   15

 204   rms: 0.2034E+03   max: -.3896E+04   C at   82  2   RLX: 0.000
       a =  1.000      CL =  0.3753
      Cm = -0.0458     CD =  0.16433   =>   CDf =  0.00305    CDp =  0.16128

 MRCHDU: Convergence failed at  99  side 2    Res =  0.8642E-02
 Side 1  free  transition at x/c =  0.4940   46
 Side 2  free  transition at x/c =  0.0276   15

 205   rms: 0.8560E+03   max: -.1644E+05   C at   82  2   RLX: 0.000
       a =  1.000      CL =  0.3753
      Cm = -0.0458     CD =  0.16422   =>   CDf =  0.00305    CDp =  0.16117
 VISCAL:  Convergence failed
      9.000    3.7969   0.164224   0.000000   0.000000   0.000000    0.4940     #
 Calculating wake trajectory ...
 Calculating source influence matrix ...

 Solving BL system ...

 MRCHDU: Convergence failed at  99  side 2    Res =  0.8748E-02
 Side 1  free  transition at x/c =  0.4940   46
 Side 2  free  transition at x/c =  0.0276   15

   1   rms: 0.1036E+04   max: 0.1993E+05   C at   82  2   RLX: 0.000
       a =  2.000      CL =  0.3753
      Cm = -0.0458     CD =  0.16349   =>   CDf =  0.00305    CDp =  0.16044

 MRCHDU: Convergence failed at  99  side 2    Res =  0.8538E-02
 Side 1  free  transition at x/c =  0.4940   46
 Side 2  free  transition at x/c =  0.0276   15

   2   rms: 0.1387E+03   max: -.2654E+04   C at   82  2   RLX: 0.000
       a =  2.000      CL =  0.3753
      Cm = -0.0458     CD =  0.16422   =>   CDf =  0.00305    CDp =  0.16117

 MRCHDU: Convergence failed at  99  side 2    Res =  0.8593E-02
 Side 1  free  transition at x/c =  0.4940   46
 Side 2  free  transition at x/c =  0.0276   15

   3   rms: 0.4928E+03   max: -.9461E+04   C at   82  2   RLX: 0.000
       a =  2.000      CL =  0.3753
      Cm = -0.0458     CD =  0.16425   =>   CDf =  0.00305    CDp =  0.16120

 MRCHDU: Convergence failed at  99  side 2    Res =  0.8681E-02
 Side 1  free  transition at x/c =  0.4940   46
 Side 2  free  transition at x/c =  0.0276   15

   4   rms: 0.1668E+04   max: 0.3207E+05   C at   82  2   RLX: 0.000
       a =  2.000      CL =  0.3754
      Cm = -0.0458     CD =  0.16355   =>   CDf =  0.00305    CDp =  0.16050

 MRCHDU: Convergence failed at  99  side 2    Res =  0.8480E-02
 Side 1  free  transition at x/c =  0.4940   46
 Side 2  free  transition at x/c =  0.0276   15

   5   rms: 0.1137E+03   max: -.2172E+04   C at   82  2   RLX: 0.000
       a =  2.000      CL =  0.3754
      Cm = -0.0458     CD =  0.16427   =>   CDf =  0.00305    CDp =  0.16122

 MRCHDU: Convergence failed at  99  side 2    Res =  0.8524E-02
 Side 1  free  transition at x/c =  0.4940   46
 Side 2  free  transition at x/c =  0.0276   15

   6   rms: 0.3508E+03   max: -.6731E+04   C at   82  2   RLX: 0.000
       a =  2.000      CL =  0.3754
      Cm = -0.0458     CD =  0.16431   =>   CDf =  0.00305    CDp =  0.16126

 MRCHDU: Convergence failed at  99  side 2    Res =  0.8609E-02
 Side 1  free  transition at x/c =  0.4940   46
 Side 2  free  transition at x/c =  0.0276   15

   7   rms: 0.5165E+04   max: 0.9927E+05   C at   82  2   RLX: 0.000
       a =  2.000      CL =  0.3754
      Cm = -0.0458     CD =  0.16363   =>   CDf =  0.00305    CDp =  0.16058

 MRCHDU: Convergence failed at  99  side 2    Res =  0.8419E-02
 Side 1  free  transition at x/c =  0.4940   46
 Side 2  free  transition at x/c =  0.0276   15

   8   rms: 0.9481E+02   max: -.1808E+04   C at   82  2   RLX: 0.000
       a =  2.000      CL =  0.3755
      Cm = -0.0458     CD =  0.16432   =>   CDf =  0.00305    CDp =  0.16127

 MRCHDU: Convergence failed at  99  side 2    Res =  0.8449E-02
 Side 1  free  transition at x/c =  0.4940   46
 Side 2  free  transition at x/c =  0.0276   15

   9   rms: 0.2671E+03   max: -.5122E+04   C at   82  2   RLX: 0.000
       a =  2.000      CL =  0.3755
      Cm = -0.0458     CD =  0.16437   =>   CDf =  0.00305    CDp =  0.16132

 MRCHDU: Convergence failed at  99  side 2    Res =  0.8529E-02
 Side 1  free  transition at x/c =  0.4940   46
 Side 2  free  transition at x/c =  0.0276   15

  10   rms: 0.3963E+04   max: -.7615E+05   C at   82  2   RLX: 0.000
       a =  2.000      CL =  0.3754
      Cm = -0.0458     CD =  0.16437   =>   CDf =  0.00305    CDp =  0.16132

 MRCHDU: Convergence failed at  99  side 2    Res =  0.8628E-02
 Side 1  free  transition at x/c =  0.4940   46
 Side 2  free  transition at x/c =  0.0276   15

  11   rms: 0.6782E+03   max: 0.1304E+05   C at   82  2   RLX: 0.000
       a =  2.000      CL =  0.3755
      Cm = -0.0458     CD =  0.16364   =>   CDf =  0.00305    CDp =  0.16059

 MRCHDU: Convergence failed at  99  side 2    Res =  0.8399E-02
 Side 1  free  transition at x/c =  0.4940   46
 Side 2  free  transition at x/c =  0.0276   15

  12   rms: 0.2003E+03   max: -.3838E+04   C at   82  2   RLX: 0.000
       a =  2.000      CL =  0.3755
      Cm = -0.0459     CD =  0.16441   =>   CDf =  0.00305    CDp =  0.16136

 MRCHDU: Convergence failed at  99  side 2    Res =  0.8471E-02
 Side 1  free  transition at x/c =  0.4940   46
 Side 2  free  transition at x/c =  0.0276   15

  13   rms: 0.1134E+04   max: -.2179E+05   C at   82  2   RLX: 0.000
       a =  2.000      CL =  0.3755
      Cm = -0.0459     CD =  0.16442   =>   CDf =  0.00305    CDp =  0.16137

 MRCHDU: Convergence failed at  99  side 2    Res =  0.8568E-02
 Side 1  free  transition at x/c =  0.4940   46
 Side 2  free  transition at x/c =  0.0276   15

  14   rms: 0.8520E+03   max: 0.1638E+05   C at   82  2   RLX: 0.000
       a =  2.000      CL =  0.3756
      Cm = -0.0459     CD =  0.16370   =>   CDf =  0.00305    CDp =  0.16064

 MRCHDU: Convergence failed at  99  side 2    Res =  0.8346E-02
 Side 1  free  transition at x/c =  0.4940   46
 Side 2  free  transition at x/c =  0.0276   15

  15   rms: 0.1567E+03   max: -.3000E+04   C at   82  2   RLX: 0.000
       a =  2.000      CL =  0.3756
      Cm = -0.0459     CD =  0.16445   =>   CDf =  0.00305    CDp =  0.16140

 MRCHDU: Convergence failed at  99  side 2    Res =  0.8409E-02
 Side 1  free  transition at x/c =  0.4940   46
 Side 2  free  transition at x/c =  0.0276   15

  16   rms: 0.6306E+03   max: -.1211E+05   C at   82  2   RLX: 0.000
       a =  2.000      CL =  0.3756
      Cm = -0.0459     CD =  0.16447   =>   CDf =  0.00305    CDp =  0.16142

 MRCHDU: Convergence failed at  99  side 2    Res =  0.8502E-02
 Side 1  free  transition at x/c =  0.4940   46
 Side 2  free  transition at x/c =  0.0276   15

  17   rms: 0.1200E+04   max: 0.2307E+05   C at   82  2   RLX: 0.000
       a =  2.000      CL =  0.3757
      Cm = -0.0459     CD =  0.16376   =>   CDf =  0.00305    CDp =  0.16070

 MRCHDU: Convergence failed at  99  side 2    Res =  0.8289E-02
 Side 1  free  transition at x/c =  0.4940   46
 Side 2  free  transition at x/c =  0.0276   15

  18   rms: 0.1233E+03   max: -.2356E+04   C at   82  2   RLX: 0.000
       a =  2.000      CL =  0.3757
      Cm = -0.0459     CD =  0.16450   =>   CDf =  0.00305    CDp =  0.16144

 MRCHDU: Convergence failed at  99  side 2    Res =  0.8339E-02
 Side 1  free  transition at x/c =  0.4940   46
 Side 2  free  transition at x/c =  0.0276   15

  19   rms: 0.4196E+03   max: -.8055E+04   C at   82  2   RLX: 0.000
       a =  2.000      CL =  0.3756
      Cm = -0.0459     CD =  0.16453   =>   CDf =  0.00305    CDp =  0.16148

 MRCHDU: Convergence failed at  99  side 2    Res =  0.8428E-02
 Side 1  free  transition at x/c =  0.4940   46
 Side 2  free  transition at x/c =  0.0276   15

  20   rms: 0.2212E+04   max: 0.4252E+05   C at   82  2   RLX: 0.000
       a =  2.000      CL =  0.3757
      Cm = -0.0459     CD =  0.16383   =>   CDf =  0.00305    CDp =  0.16077

 MRCHDU: Convergence failed at  99  side 2    Res =  0.8225E-02
 Side 1  free  transition at x/c =  0.4940   46
 Side 2  free  transition at x/c =  0.0276   15

  21   rms: 0.1008E+03   max: -.1923E+04   C at   82  2   RLX: 0.000
       a =  2.000      CL =  0.3757
      Cm = -0.0459     CD =  0.16454   =>   CDf =  0.00305    CDp =  0.16149

 MRCHDU: Convergence failed at  99  side 2    Res =  0.8260E-02
 Side 1  free  transition at x/c =  0.4940   46
 Side 2  free  transition at x/c =  0.0276   15

  22   rms: 0.3003E+03   max: -.5762E+04   C at   82  2   RLX: 0.000
       a =  2.000      CL =  0.3757
      Cm = -0.0459     CD =  0.16459   =>   CDf =  0.00305    CDp =  0.16154

 MRCHDU: Convergence failed at  99  side 2    Res =  0.8345E-02
 Side 1  free  transition at x/c =  0.4940   46
 Side 2  free  transition at x/c =  0.0276   15

  23   rms: 0.3532E+05   max: 0.6788E+06   C at   82  2   RLX: 0.000
       a =  2.000      CL =  0.3758
      Cm = -0.0459     CD =  0.16390   =>   CDf =  0.00305    CDp =  0.16085

 MRCHDU: Convergence failed at  99  side 2    Res =  0.8152E-02
 Side 1  free  transition at x/c =  0.4940   46
 Side 2  free  transition at x/c =  0.0276   15

  24   rms: 0.8625E+02   max: -.1643E+04   C at   82  2   RLX: 0.000
       a =  2.000      CL =  0.3758
      Cm = -0.0459     CD =  0.16459   =>   CDf =  0.00305    CDp =  0.16154

 MRCHDU: Convergence failed at  99  side 2    Res =  0.8174E-02
 Side 1  free  transition at x/c =  0.4940   46
 Side 2  free  transition at x/c =  0.0276   15

  25   rms: 0.2326E+03   max: -.4459E+04   C at   82  2   RLX: 0.000
       a =  2.000      CL =  0.3758
      Cm = -0.0459     CD =  0.16466   =>   CDf =  0.00305    CDp =  0.16161

 MRCHDU: Convergence failed at  99  side 2    Res =  0.8253E-02
 Side 1  free  transition at x/c =  0.4940   46
 Side 2  free  transition at x/c =  0.0276   15

  26   rms: 0.2297E+04   max: -.4414E+05   C at   82  2   RLX: 0.000
       a =  2.000      CL =  0.3758
      Cm = -0.0459     CD =  0.16467   =>   CDf =  0.00305    CDp =  0.16162

 MRCHDU: Convergence failed at  99  side 2    Res =  0.8354E-02
 Side 1  free  transition at x/c =  0.4940   46
 Side 2  free  transition at x/c =  0.0276   15

  27   rms: 0.7063E+03   max: 0.1358E+05   C at   82  2   RLX: 0.000
       a =  2.000      CL =  0.3759
      Cm = -0.0459     CD =  0.16392   =>   CDf =  0.00305    CDp =  0.16087

 MRCHDU: Convergence failed at  99  side 2    Res =  0.8119E-02
 Side 1  free  transition at x/c =  0.4940   46
 Side 2  free  transition at x/c =  0.0276   15

  28   rms: 0.1810E+03   max: -.3466E+04   C at   82  2   RLX: 0.000
       a =  2.000      CL =  0.3759
      Cm = -0.0459     CD =  0.16470   =>   CDf =  0.00305    CDp =  0.16165

 MRCHDU: Convergence failed at  99  side 2    Res =  0.8189E-02
 Side 1  free  transition at x/c =  0.4940   46
 Side 2  free  transition at x/c =  0.0276   15

  29   rms: 0.8880E+03   max: -.1706E+05   C at   82  2   RLX: 0.000
       a =  2.000      CL =  0.3759
      Cm = -0.0459     CD =  0.16472   =>   CDf =  0.00305    CDp =  0.16167

 MRCHDU: Convergence failed at  99  side 2    Res =  0.8288E-02
 Side 1  free  transition at x/c =  0.4940   46
 Side 2  free  transition at x/c =  0.0276   15

  30   rms: 0.9070E+03   max: 0.1744E+05   C at   82  2   RLX: 0.000
       a =  2.000      CL =  0.3760
      Cm = -0.0460     CD =  0.16397   =>   CDf =  0.00305    CDp =  0.16092

 MRCHDU: Convergence failed at  99  side 2    Res =  0.8060E-02
 Side 1  free  transition at x/c =  0.4940   46
 Side 2  free  transition at x/c =  0.0276   15

  31   rms: 0.1427E+03   max: -.2730E+04   C at   82  2   RLX: 0.000
       a =  2.000      CL =  0.3760
      Cm = -0.0460     CD =  0.16475   =>   CDf =  0.00305    CDp =  0.16170

 MRCHDU: Convergence failed at  99  side 2    Res =  0.8120E-02
 Side 1  free  transition at x/c =  0.4940   46
 Side 2  free  transition at x/c =  0.0276   15

  32   rms: 0.5308E+03   max: -.1019E+05   C at   82  2   RLX: 0.000
       a =  2.000      CL =  0.3760
      Cm = -0.0460     CD =  0.16478   =>   CDf =  0.00305    CDp =  0.16172

 MRCHDU: Convergence failed at  99  side 2    Res =  0.8215E-02
 Side 1  free  transition at x/c =  0.4940   46
 Side 2  free  transition at x/c =  0.0276   15

  33   rms: 0.1307E+04   max: 0.2512E+05   C at   82  2   RLX: 0.000
       a =  2.000      CL =  0.3760
      Cm = -0.0460     CD =  0.16404   =>   CDf =  0.00305    CDp =  0.16099

 MRCHDU: Convergence failed at  99  side 2    Res =  0.7995E-02
 Side 1  free  transition at x/c =  0.4940   46
 Side 2  free  transition at x/c =  0.0276   15

  34   rms: 0.1158E+03   max: -.2212E+04   C at   82  2   RLX: 0.000
       a =  2.000      CL =  0.3761
      Cm = -0.0460     CD =  0.16480   =>   CDf =  0.00305    CDp =  0.16174

 MRCHDU: Convergence failed at  99  side 2    Res =  0.8044E-02
 Side 1  free  transition at x/c =  0.4940   46
 Side 2  free  transition at x/c =  0.0276   15

  35   rms: 0.3761E+03   max: -.7218E+04   C at   82  2   RLX: 0.000
       a =  2.000      CL =  0.3760
      Cm = -0.0460     CD =  0.16484   =>   CDf =  0.00305    CDp =  0.16178

 MRCHDU: Convergence failed at  99  side 2    Res =  0.8136E-02
 Side 1  free  transition at x/c =  0.4940   46
 Side 2  free  transition at x/c =  0.0276   15

  36   rms: 0.2771E+04   max: 0.5327E+05   C at   82  2   RLX: 0.000
       a =  2.000      CL =  0.3761
      Cm = -0.0460     CD =  0.16411   =>   CDf =  0.00305    CDp =  0.16106

 MRCHDU: Convergence failed at  99  side 2    Res =  0.7926E-02
 Side 1  free  transition at x/c =  0.4940   46
 Side 2  free  transition at x/c =  0.0276   15

  37   rms: 0.9559E+02   max: -.1823E+04   C at   82  2   RLX: 0.000
       a =  2.000      CL =  0.3761
      Cm = -0.0460     CD =  0.16484   =>   CDf =  0.00305    CDp =  0.16179

 MRCHDU: Convergence failed at  99  side 2    Res =  0.7960E-02
 Side 1  free  transition at x/c =  0.4940   46
 Side 2  free  transition at x/c =  0.0276   15

  38   rms: 0.2806E+03   max: -.5381E+04   C at   82  2   RLX: 0.000
       a =  2.000      CL =  0.3761
      Cm = -0.0460     CD =  0.16490   =>   CDf =  0.00305    CDp =  0.16185

 MRCHDU: Convergence failed at  99  side 2    Res =  0.8047E-02
 Side 1  free  transition at x/c =  0.4940   46
 Side 2  free  transition at x/c =  0.0276   15

  39   rms: 0.1224E+05   max: -.2351E+06   C at   82  2   RLX: 0.000
       a =  2.000      CL =  0.3761
      Cm = -0.0460     CD =  0.16490   =>   CDf =  0.00305    CDp =  0.16185

 MRCHDU: Convergence failed at  99  side 2    Res =  0.8153E-02
 Side 1  free  transition at x/c =  0.4940   46
 Side 2  free  transition at x/c =  0.0276   15

  40   rms: 0.6077E+03   max: 0.1169E+05   C at   82  2   RLX: 0.000
       a =  2.000      CL =  0.3762
      Cm = -0.0460     CD =  0.16413   =>   CDf =  0.00305    CDp =  0.16107

 MRCHDU: Convergence failed at  99  side 2    Res =  0.7904E-02
 Side 1  free  transition at x/c =  0.4940   46
 Side 2  free  transition at x/c =  0.0276   15

  41   rms: 0.2070E+03   max: -.3966E+04   C at   82  2   RLX: 0.000
       a =  2.000      CL =  0.3762
      Cm = -0.0460     CD =  0.16494   =>   CDf =  0.00305    CDp =  0.16189

 MRCHDU: Convergence failed at  99  side 2    Res =  0.7982E-02
 Side 1  free  transition at x/c =  0.4940   46
 Side 2  free  transition at x/c =  0.0276   15

  42   rms: 0.1420E+04   max: -.2728E+05   C at   82  2   RLX: 0.000
       a =  2.000      CL =  0.3762
      Cm = -0.0460     CD =  0.16495   =>   CDf =  0.00305    CDp =  0.16190

 MRCHDU: Convergence failed at  99  side 2    Res =  0.8086E-02
 Side 1  free  transition at x/c =  0.4940   46
 Side 2  free  transition at x/c =  0.0276   15

  43   rms: 0.7415E+03   max: 0.1426E+05   C at   82  2   RLX: 0.000
       a =  2.000      CL =  0.3763
      Cm = -0.0460     CD =  0.16418   =>   CDf =  0.00305    CDp =  0.16113

 MRCHDU: Convergence failed at  99  side 2    Res =  0.7844E-02
 Side 1  free  transition at x/c =  0.4940   46
 Side 2  free  transition at x/c =  0.0276   15

  44   rms: 0.1601E+03   max: -.3064E+04   C at   82  2   RLX: 0.000
       a =  2.000      CL =  0.3763
      Cm = -0.0460     CD =  0.16499   =>   CDf =  0.00305    CDp =  0.16193

 MRCHDU: Convergence failed at  99  side 2    Res =  0.7913E-02
 Side 1  free  transition at x/c =  0.4940   46
 Side 2  free  transition at x/c =  0.0276   15

  45   rms: 0.7095E+03   max: -.1362E+05   C at   82  2   RLX: 0.000
       a =  2.000      CL =  0.3762
      Cm = -0.0460     CD =  0.16501   =>   CDf =  0.00305    CDp =  0.16196

 MRCHDU: Convergence failed at  99  side 2    Res =  0.8014E-02
 Side 1  free  transition at x/c =  0.4940   46
 Side 2  free  transition at x/c =  0.0276   15

  46   rms: 0.1007E+04   max: 0.1937E+05   C at   82  2   RLX: 0.000
       a =  2.000      CL =  0.3763
      Cm = -0.0460     CD =  0.16425   =>   CDf =  0.00305    CDp =  0.16119

 MRCHDU: Convergence failed at  99  side 2    Res =  0.7780E-02
 Side 1  free  transition at x/c =  0.4940   46
 Side 2  free  transition at x/c =  0.0276   15

  47   rms: 0.1281E+03   max: -.2448E+04   C at   82  2   RLX: 0.000
       a =  2.000      CL =  0.3763
      Cm = -0.0460     CD =  0.16504   =>   CDf =  0.00305    CDp =  0.16198

 MRCHDU: Convergence failed at  99  side 2    Res =  0.7839E-02
 Side 1  free  transition at x/c =  0.4940   46
 Side 2  free  transition at x/c =  0.0276   15

  48   rms: 0.4621E+03   max: -.8869E+04   C at   82  2   RLX: 0.000
       a =  2.000      CL =  0.3763
      Cm = -0.0461     CD =  0.16507   =>   CDf =  0.00305    CDp =  0.16202

 MRCHDU: Convergence failed at  99  side 2    Res =  0.7939E-02
 Side 1  free  transition at x/c =  0.4940   46
 Side 2  free  transition at x/c =  0.0276   15

  49   rms: 0.1609E+04   max: 0.3094E+05   C at   82  2   RLX: 0.000
       a =  2.000      CL =  0.3764
      Cm = -0.0461     CD =  0.16431   =>   CDf =  0.00305    CDp =  0.16126

 MRCHDU: Convergence failed at  99  side 2    Res =  0.7714E-02
 Side 1  free  transition at x/c =  0.4940   46
 Side 2  free  transition at x/c =  0.0276   15

  50   rms: 0.1047E+03   max: -.1998E+04   C at   82  2   RLX: 0.000
       a =  2.000      CL =  0.3764
      Cm = -0.0461     CD =  0.16508   =>   CDf =  0.00305    CDp =  0.16203

 MRCHDU: Convergence failed at  99  side 2    Res =  0.7760E-02
 Side 1  free  transition at x/c =  0.4940   46
 Side 2  free  transition at x/c =  0.0276   15

  51   rms: 0.3303E+03   max: -.6337E+04   C at   82  2   RLX: 0.000
       a =  2.000      CL =  0.3764
      Cm = -0.0461     CD =  0.16514   =>   CDf =  0.00305    CDp =  0.16208

 MRCHDU: Convergence failed at  99  side 2    Res =  0.7856E-02
 Side 1  free  transition at x/c =  0.4940   46
 Side 2  free  transition at x/c =  0.0276   15

  52   rms: 0.4748E+04   max: 0.9125E+05   C at   82  2   RLX: 0.000
       a =  2.000      CL =  0.3765
      Cm = -0.0461     CD =  0.16439   =>   CDf =  0.00305    CDp =  0.16133

 MRCHDU: Convergence failed at  99  side 2    Res =  0.7640E-02
 Side 1  free  transition at x/c =  0.4940   46
 Side 2  free  transition at x/c =  0.0276   15

  53   rms: 0.8722E+02   max: -.1662E+04   C at   82  2   RLX: 0.000
       a =  2.000      CL =  0.3765
      Cm = -0.0461     CD =  0.16513   =>   CDf =  0.00305    CDp =  0.16208

 MRCHDU: Convergence failed at  99  side 2    Res =  0.7670E-02
 Side 1  free  transition at x/c =  0.4940   46
 Side 2  free  transition at x/c =  0.0276   15

  54   rms: 0.2513E+03   max: -.4819E+04   C at   82  2   RLX: 0.000
       a =  2.000      CL =  0.3765
      Cm = -0.0461     CD =  0.16521   =>   CDf =  0.00305    CDp =  0.16215

 MRCHDU: Convergence failed at  99  side 2    Res =  0.7761E-02
 Side 1  free  transition at x/c =  0.4940   46
 Side 2  free  transition at x/c =  0.0276   15

  55   rms: 0.4156E+04   max: -.7985E+05   C at   82  2   RLX: 0.000
       a =  2.000      CL =  0.3765
      Cm = -0.0461     CD =  0.16521   =>   CDf =  0.00305    CDp =  0.16215

 MRCHDU: Convergence failed at  99  side 2    Res =  0.7872E-02
 Side 1  free  transition at x/c =  0.4940   46
 Side 2  free  transition at x/c =  0.0276   15

  56   rms: 0.6417E+03   max: 0.1234E+05   C at   82  2   RLX: 0.000
       a =  2.000      CL =  0.3766
      Cm = -0.0461     CD =  0.16441   =>   CDf =  0.00305    CDp =  0.16136

 MRCHDU: Convergence failed at  99  side 2    Res =  0.7618E-02
 Side 1  free  transition at x/c =  0.4940   46
 Side 2  free  transition at x/c =  0.0276   15

  57   rms: 0.1887E+03   max: -.3613E+04   C at   82  2   RLX: 0.000
       a =  2.000      CL =  0.3766
      Cm = -0.0461     CD =  0.16525   =>   CDf =  0.00305    CDp =  0.16220

 MRCHDU: Convergence failed at  99  side 2    Res =  0.7702E-02
 Side 1  free  transition at x/c =  0.4940   46
 Side 2  free  transition at x/c =  0.0276   15

  58   rms: 0.1114E+04   max: -.2141E+05   C at   82  2   RLX: 0.000
       a =  2.000      CL =  0.3765
      Cm = -0.0461     CD =  0.16526   =>   CDf =  0.00305    CDp =  0.16220

 MRCHDU: Convergence failed at  99  side 2    Res =  0.7810E-02
 Side 1  free  transition at x/c =  0.4940   46
 Side 2  free  transition at x/c =  0.0276   15

  59   rms: 0.7928E+03   max: 0.1524E+05   C at   82  2   RLX: 0.000
       a =  2.000      CL =  0.3766
      Cm = -0.0461     CD =  0.16447   =>   CDf =  0.00305    CDp =  0.16141

 MRCHDU: Convergence failed at  99  side 2    Res =  0.7562E-02
 Side 1  free  transition at x/c =  0.4940   46
 Side 2  free  transition at x/c =  0.0276   15

  60   rms: 0.1461E+03   max: -.2796E+04   C at   82  2   RLX: 0.000
       a =  2.000      CL =  0.3766
      Cm = -0.0461     CD =  0.16529   =>   CDf =  0.00305    CDp =  0.16223

 MRCHDU: Convergence failed at  99  side 2    Res =  0.7632E-02
 Side 1  free  transition at x/c =  0.4940   46
 Side 2  free  transition at x/c =  0.0276   15

  61   rms: 0.6131E+03   max: -.1177E+05   C at   82  2   RLX: 0.000
       a =  2.000      CL =  0.3766
      Cm = -0.0461     CD =  0.16532   =>   CDf =  0.00305    CDp =  0.16226

 MRCHDU: Convergence failed at  99  side 2    Res =  0.7737E-02
 Side 1  free  transition at x/c =  0.4940   46
 Side 2  free  transition at x/c =  0.0276   15

  62   rms: 0.1086E+04   max: 0.2087E+05   C at   82  2   RLX: 0.000
       a =  2.000      CL =  0.3767
      Cm = -0.0461     CD =  0.16453   =>   CDf =  0.00305    CDp =  0.16147

 MRCHDU: Convergence failed at  99  side 2    Res =  0.7496E-02
 Side 1  free  transition at x/c =  0.4940   46
 Side 2  free  transition at x/c =  0.0276   15

  63   rms: 0.1176E+03   max: -.2246E+04   C at   82  2   RLX: 0.000
       a =  2.000      CL =  0.3767
      Cm = -0.0461     CD =  0.16533   =>   CDf =  0.00305    CDp =  0.16228

 MRCHDU: Convergence failed at  99  side 2    Res =  0.7553E-02
 Side 1  free  transition at x/c =  0.4940   46
 Side 2  free  transition at x/c =  0.0276   15

  64   rms: 0.4081E+03   max: -.7832E+04   C at   82  2   RLX: 0.000
       a =  2.000      CL =  0.3767
      Cm = -0.0461     CD =  0.16538   =>   CDf =  0.00305    CDp =  0.16232

 MRCHDU: Convergence failed at  99  side 2    Res =  0.7655E-02
 Side 1  free  transition at x/c =  0.4940   46
 Side 2  free  transition at x/c =  0.0276   15

  65   rms: 0.1860E+04   max: 0.3576E+05   C at   82  2   RLX: 0.000
       a =  2.000      CL =  0.3768
      Cm = -0.0461     CD =  0.16460   =>   CDf =  0.00305    CDp =  0.16154

 MRCHDU: Convergence failed at  99  side 2    Res =  0.7422E-02
 Side 1  free  transition at x/c =  0.4940   46
 Side 2  free  transition at x/c =  0.0276   15

  66   rms: 0.9667E+02   max: -.1844E+04   C at   82  2   RLX: 0.000
       a =  2.000      CL =  0.3768
      Cm = -0.0462     CD =  0.16538   =>   CDf =  0.00305    CDp =  0.16233

 MRCHDU: Convergence failed at  99  side 2    Res =  0.7463E-02
 Side 1  free  transition at x/c =  0.4940   46
 Side 2  free  transition at x/c =  0.0276   15

  67   rms: 0.2981E+03   max: -.5717E+04   C at   82  2   RLX: 0.000
       a =  2.000      CL =  0.3768
      Cm = -0.0462     CD =  0.16545   =>   CDf =  0.00305    CDp =  0.16239

 MRCHDU: Convergence failed at  99  side 2    Res =  0.7561E-02
 Side 1  free  transition at x/c =  0.4940   46
 Side 2  free  transition at x/c =  0.0276   15

  68   rms: 0.8956E+04   max: 0.1721E+06   C at   82  2   RLX: 0.000
       a =  2.000      CL =  0.3769
      Cm = -0.0462     CD =  0.16468   =>   CDf =  0.00305    CDp =  0.16162

 MRCHDU: Convergence failed at  99  side 2    Res =  0.7338E-02
 Side 1  free  transition at x/c =  0.4940   46
 Side 2  free  transition at x/c =  0.0276   15

  69   rms: 0.8086E+02   max: -.1539E+04   C at   82  2   RLX: 0.000
       a =  2.000      CL =  0.3769
      Cm = -0.0462     CD =  0.16543   =>   CDf =  0.00306    CDp =  0.16237

 MRCHDU: Convergence failed at  99  side 2    Res =  0.7360E-02
 Side 1  free  transition at x/c =  0.4940   46
 Side 2  free  transition at x/c =  0.0276   15

  70   rms: 0.2303E+03   max: -.4414E+04   C at   82  2   RLX: 0.000
       a =  2.000      CL =  0.3769
      Cm = -0.0462     CD =  0.16552   =>   CDf =  0.00306    CDp =  0.16247

 MRCHDU: Convergence failed at  99  side 2    Res =  0.7453E-02
 Side 1  free  transition at x/c =  0.4940   46
 Side 2  free  transition at x/c =  0.0276   15

  71   rms: 0.2771E+04   max: -.5323E+05   C at   82  2   RLX: 0.000
       a =  2.000      CL =  0.3769
      Cm = -0.0462     CD =  0.16552   =>   CDf =  0.00306    CDp =  0.16247

 MRCHDU: Convergence failed at  99  side 2    Res =  0.7568E-02
 Side 1  free  transition at x/c =  0.4940   46
 Side 2  free  transition at x/c =  0.0276   15

  72   rms: 0.6394E+03   max: 0.1230E+05   C at   82  2   RLX: 0.000
       a =  2.000      CL =  0.3770
      Cm = -0.0462     CD =  0.16470   =>   CDf =  0.00306    CDp =  0.16164

 MRCHDU: Convergence failed at  99  side 2    Res =  0.7303E-02
 Side 1  free  transition at x/c =  0.4940   46
 Side 2  free  transition at x/c =  0.0276   15

  73   rms: 0.1730E+03   max: -.3312E+04   C at   82  2   RLX: 0.000
       a =  2.000      CL =  0.3770
      Cm = -0.0462     CD =  0.16556   =>   CDf =  0.00306    CDp =  0.16250

 MRCHDU: Convergence failed at  99  side 2    Res =  0.7383E-02
 Side 1  free  transition at x/c =  0.4940   46
 Side 2  free  transition at x/c =  0.0276   15

  74   rms: 0.9596E+03   max: -.1843E+05   C at   82  2   RLX: 0.000
       a =  2.000      CL =  0.3770
      Cm = -0.0462     CD =  0.16558   =>   CDf =  0.00306    CDp =  0.16252

 MRCHDU: Convergence failed at  99  side 2    Res =  0.7496E-02
 Side 1  free  transition at x/c =  0.4940   46
 Side 2  free  transition at x/c =  0.0276   15

  75   rms: 0.7987E+03   max: 0.1536E+05   C at   82  2   RLX: 0.000
       a =  2.000      CL =  0.3770
      Cm = -0.0462     CD =  0.16476   =>   CDf =  0.00306    CDp =  0.16170

 MRCHDU: Convergence failed at  99  side 2    Res =  0.7237E-02
 Side 1  free  transition at x/c =  0.4940   46
 Side 2  free  transition at x/c =  0.0276   15

  76   rms: 0.1361E+03   max: -.2603E+04   C at   82  2   RLX: 0.000
       a =  2.000      CL =  0.3770
      Cm = -0.0462     CD =  0.16560   =>   CDf =  0.00306    CDp =  0.16255

 MRCHDU: Convergence failed at  99  side 2    Res =  0.7305E-02
 Side 1  free  transition at x/c =  0.4940   46
 Side 2  free  transition at x/c =  0.0276   15

  77   rms: 0.5527E+03   max: -.1061E+05   C at   82  2   RLX: 0.000
       a =  2.000      CL =  0.3770
      Cm = -0.0462     CD =  0.16564   =>   CDf =  0.00306    CDp =  0.16258

 MRCHDU: Convergence failed at  99  side 2    Res =  0.7416E-02
 Side 1  free  transition at x/c =  0.4940   46
 Side 2  free  transition at x/c =  0.0276   15

  78   rms: 0.1103E+04   max: 0.2120E+05   C at   82  2   RLX: 0.000
       a =  2.000      CL =  0.3771
      Cm = -0.0462     CD =  0.16482   =>   CDf =  0.00306    CDp =  0.16176

 MRCHDU: Convergence failed at  99  side 2    Res =  0.7161E-02
 Side 1  free  transition at x/c =  0.4940   46
 Side 2  free  transition at x/c =  0.0276   15

  79   rms: 0.1104E+03   max: -.2107E+04   C at   82  2   RLX: 0.000
       a =  2.000      CL =  0.3771
      Cm = -0.0462     CD =  0.16565   =>   CDf =  0.00306    CDp =  0.16259

 MRCHDU: Convergence failed at  99  side 2    Res =  0.7217E-02
 Side 1  free  transition at x/c =  0.4940   46
 Side 2  free  transition at x/c =  0.0276   15

  80   rms: 0.3767E+03   max: -.7227E+04   C at   82  2   RLX: 0.000
       a =  2.000      CL =  0.3771
      Cm = -0.0462     CD =  0.16571   =>   CDf =  0.00306    CDp =  0.16265

 MRCHDU: Convergence failed at  99  side 2    Res =  0.7324E-02
 Side 1  free  transition at x/c =  0.4940   46
 Side 2  free  transition at x/c =  0.0276   15

  81   rms: 0.1969E+04   max: 0.3784E+05   C at   82  2   RLX: 0.000
       a =  2.000      CL =  0.3772
      Cm = -0.0462     CD =  0.16489   =>   CDf =  0.00306    CDp =  0.16184

 MRCHDU: Convergence failed at  99  side 2    Res =  0.7078E-02
 Side 1  free  transition at x/c =  0.4940   46
 Side 2  free  transition at x/c =  0.0276   15

  82   rms: 0.9043E+02   max: -.1724E+04   C at   82  2   RLX: 0.000
       a =  2.000      CL =  0.3772
      Cm = -0.0463     CD =  0.16569   =>   CDf =  0.00306    CDp =  0.16263

 MRCHDU: Convergence failed at  99  side 2    Res =  0.7111E-02
 Side 1  free  transition at x/c =  0.4940   46
 Side 2  free  transition at x/c =  0.0276   15

  83   rms: 0.2785E+03   max: -.5340E+04   C at   82  2   RLX: 0.000
       a =  2.000      CL =  0.3772
      Cm = -0.0463     CD =  0.16578   =>   CDf =  0.00306    CDp =  0.16272

 MRCHDU: Convergence failed at  99  side 2    Res =  0.7213E-02
 Side 1  free  transition at x/c =  0.4940   46
 Side 2  free  transition at x/c =  0.0276   15

  84   rms: 0.1521E+05   max: 0.2922E+06   C at   82  2   RLX: 0.000
       a =  2.000      CL =  0.3773
      Cm = -0.0463     CD =  0.16498   =>   CDf =  0.00306    CDp =  0.16192

 MRCHDU: Convergence failed at  99  side 2    Res =  0.6978E-02
 Side 1  free  transition at x/c =  0.4940   46
 Side 2  free  transition at x/c =  0.0276   15

  85   rms: 0.7629E+02   max: -.1451E+04   C at   82  2   RLX: 0.000
       a =  2.000      CL =  0.3773
      Cm = -0.0463     CD =  0.16575   =>   CDf =  0.00306    CDp =  0.16269

 MRCHDU: Convergence failed at  99  side 2    Res =  0.6994E-02
 Side 1  free  transition at x/c =  0.4939   46
 Side 2  free  transition at x/c =  0.0276   15

  86   rms: 0.2145E+03   max: -.4110E+04   C at   82  2   RLX: 0.000
       a =  2.000      CL =  0.3773
      Cm = -0.0463     CD =  0.16585   =>   CDf =  0.00306    CDp =  0.16279

 MRCHDU: Convergence failed at  99  side 2    Res =  0.7087E-02
 Side 1  free  transition at x/c =  0.4939   46
 Side 2  free  transition at x/c =  0.0276   15

  87   rms: 0.2400E+04   max: -.4611E+05   C at   82  2   RLX: 0.000
       a =  2.000      CL =  0.3773
      Cm = -0.0463     CD =  0.16586   =>   CDf =  0.00306    CDp =  0.16281

 MRCHDU: Convergence failed at  99  side 2    Res =  0.7209E-02
 Side 1  free  transition at x/c =  0.4939   46
 Side 2  free  transition at x/c =  0.0276   15

  88   rms: 0.6228E+03   max: 0.1198E+05   C at   82  2   RLX: 0.000
       a =  2.000      CL =  0.3774
      Cm = -0.0463     CD =  0.16500   =>   CDf =  0.00306    CDp =  0.16195

 MRCHDU: Convergence failed at  99  side 2    Res =  0.6928E-02
 Side 1  free  transition at x/c =  0.4939   46
 Side 2  free  transition at x/c =  0.0276   15

  89   rms: 0.1635E+03   max: -.3129E+04   C at   82  2   RLX: 0.000
       a =  2.000      CL =  0.3774
      Cm = -0.0463     CD =  0.16590   =>   CDf =  0.00306    CDp =  0.16284

 MRCHDU: Convergence failed at  99  side 2    Res =  0.7010E-02
 Side 1  free  transition at x/c =  0.4939   46
 Side 2  free  transition at x/c =  0.0276   15

  90   rms: 0.8886E+03   max: -.1706E+05   C at   82  2   RLX: 0.000
       a =  2.000      CL =  0.3774
      Cm = -0.0463     CD =  0.16592   =>   CDf =  0.00306    CDp =  0.16287

 MRCHDU: Convergence failed at  99  side 2    Res =  0.7129E-02
 Side 1  free  transition at x/c =  0.4939   46
 Side 2  free  transition at x/c =  0.0276   15

  91   rms: 0.7705E+03   max: 0.1481E+05   C at   82  2   RLX: 0.000
       a =  2.000      CL =  0.3775
      Cm = -0.0463     CD =  0.16506   =>   CDf =  0.00306    CDp =  0.16200

 MRCHDU: Convergence failed at  99  side 2    Res =  0.6851E-02
 Side 1  free  transition at x/c =  0.4939   46
 Side 2  free  transition at x/c =  0.0276   15

  92   rms: 0.1291E+03   max: -.2468E+04   C at   82  2   RLX: 0.000
       a =  2.000      CL =  0.3775
      Cm = -0.0463     CD =  0.16594   =>   CDf =  0.00306    CDp =  0.16288

 MRCHDU: Convergence failed at  99  side 2    Res =  0.6920E-02
 Side 1  free  transition at x/c =  0.4939   46
 Side 2  free  transition at x/c =  0.0276   15

  93   rms: 0.5222E+03   max: -.1002E+05   C at   82  2   RLX: 0.000
       a =  2.000      CL =  0.3775
      Cm = -0.0463     CD =  0.16599   =>   CDf =  0.00306    CDp =  0.16293

 MRCHDU: Convergence failed at  99  side 2    Res =  0.7036E-02
 Side 1  free  transition at x/c =  0.4939   46
 Side 2  free  transition at x/c =  0.0276   15

  94   rms: 0.1069E+04   max: 0.2055E+05   C at   82  2   RLX: 0.000
       a =  2.000      CL =  0.3776
      Cm = -0.0463     CD =  0.16513   =>   CDf =  0.00306    CDp =  0.16207

 MRCHDU: Convergence failed at  99  side 2    Res =  0.6765E-02
 Side 1  free  transition at x/c =  0.4939   46
 Side 2  free  transition at x/c =  0.0276   15

  95   rms: 0.1044E+03   max: -.1992E+04   C at   82  2   RLX: 0.000
       a =  2.000      CL =  0.3776
      Cm = -0.0463     CD =  0.16599   =>   CDf =  0.00306    CDp =  0.16293

 MRCHDU: Convergence failed at  99  side 2    Res =  0.6816E-02
 Side 1  free  transition at x/c =  0.4939   46
 Side 2  free  transition at x/c =  0.0276   15

  96   rms: 0.3535E+03   max: -.6781E+04   C at   82  2   RLX: 0.000
       a =  2.000      CL =  0.3776
      Cm = -0.0463     CD =  0.16605   =>   CDf =  0.00306    CDp =  0.16300

 MRCHDU: Convergence failed at  99  side 2    Res =  0.6926E-02
 Side 1  free  transition at x/c =  0.4939   46
 Side 2  free  transition at x/c =  0.0276   15

  97   rms: 0.1896E+04   max: 0.3644E+05   C at   82  2   RLX: 0.000
       a =  2.000      CL =  0.3776
      Cm = -0.0463     CD =  0.16521   =>   CDf =  0.00306    CDp =  0.16215

 MRCHDU: Convergence failed at  99  side 2    Res =  0.6663E-02
 Side 1  free  transition at x/c =  0.4939   46
 Side 2  free  transition at x/c =  0.0276   15

  98   rms: 0.8664E+02   max: -.1650E+04   C at   82  2   RLX: 0.000
       a =  2.000      CL =  0.3777
      Cm = -0.0464     CD =  0.16604   =>   CDf =  0.00306    CDp =  0.16298

 MRCHDU: Convergence failed at  99  side 2    Res =  0.6697E-02
 Side 1  free  transition at x/c =  0.4939   46
 Side 2  free  transition at x/c =  0.0276   15

  99   rms: 0.2638E+03   max: -.5057E+04   C at   82  2   RLX: 0.000
       a =  2.000      CL =  0.3777
      Cm = -0.0464     CD =  0.16613   =>   CDf =  0.00306    CDp =  0.16307

 MRCHDU: Convergence failed at  99  side 2    Res =  0.6802E-02
 Side 1  free  transition at x/c =  0.4939   46
 Side 2  free  transition at x/c =  0.0276   15

 100   rms: 0.1307E+05   max: 0.2511E+06   C at   82  2   RLX: 0.000
       a =  2.000      CL =  0.3777
      Cm = -0.0464     CD =  0.16530   =>   CDf =  0.00306    CDp =  0.16224

 MRCHDU: Convergence failed at  99  side 2    Res =  0.6550E-02
 Side 1  free  transition at x/c =  0.4939   46
 Side 2  free  transition at x/c =  0.0276   15

 101   rms: 0.7495E+02   max: -.1425E+04   C at   82  2   RLX: 0.000
       a =  2.000      CL =  0.3778
      Cm = -0.0464     CD =  0.16611   =>   CDf =  0.00306    CDp =  0.16305

 MRCHDU: Convergence failed at  99  side 2    Res =  0.6568E-02
 Side 1  free  transition at x/c =  0.4939   46
 Side 2  free  transition at x/c =  0.0276   15

 102   rms: 0.2061E+03   max: -.3949E+04   C at   82  2   RLX: 0.000
       a =  2.000      CL =  0.3778
      Cm = -0.0464     CD =  0.16621   =>   CDf =  0.00306    CDp =  0.16315

 MRCHDU: Convergence failed at  99  side 2    Res =  0.6666E-02
 Side 1  free  transition at x/c =  0.4939   46
 Side 2  free  transition at x/c =  0.0276   15

 103   rms: 0.2398E+04   max: -.4606E+05   C at   82  2   RLX: 0.000
       a =  2.000      CL =  0.3777
      Cm = -0.0464     CD =  0.16623   =>   CDf =  0.00306    CDp =  0.16317

 MRCHDU: Convergence failed at  99  side 2    Res =  0.6795E-02
 Side 1  free  transition at x/c =  0.4939   46
 Side 2  free  transition at x/c =  0.0276   15

 104   rms: 0.5847E+03   max: 0.1124E+05   C at   82  2   RLX: 0.000
       a =  2.000      CL =  0.3778
      Cm = -0.0464     CD =  0.16531   =>   CDf =  0.00306    CDp =  0.16226

 MRCHDU: Convergence failed at  99  side 2    Res =  0.6489E-02
 Side 1  free  transition at x/c =  0.4939   46
 Side 2  free  transition at x/c =  0.0276   15

 105   rms: 0.1573E+03   max: -.3010E+04   C at   82  2   RLX: 0.000
       a =  2.000      CL =  0.3778
      Cm = -0.0464     CD =  0.16626   =>   CDf =  0.00306    CDp =  0.16320

 MRCHDU: Convergence failed at  99  side 2    Res =  0.6575E-02
 Side 1  free  transition at x/c =  0.4939   46
 Side 2  free  transition at x/c =  0.0276   15

 106   rms: 0.8759E+03   max: -.1682E+05   C at   82  2   RLX: 0.000
       a =  2.000      CL =  0.3778
      Cm = -0.0464     CD =  0.16629   =>   CDf =  0.00306    CDp =  0.16323

 MRCHDU: Convergence failed at  99  side 2    Res =  0.6702E-02
 Side 1  free  transition at x/c =  0.4939   46
 Side 2  free  transition at x/c =  0.0276   15

 107   rms: 0.7236E+03   max: 0.1391E+05   C at   82  2   RLX: 0.000
       a =  2.000      CL =  0.3779
      Cm = -0.0464     CD =  0.16538   =>   CDf =  0.00306    CDp =  0.16232

 MRCHDU: Convergence failed at  99  side 2    Res =  0.6402E-02
 Side 1  free  transition at x/c =  0.4939   46
 Side 2  free  transition at x/c =  0.0276   15

 108   rms: 0.1311E+03   max: -.2504E+04   C at   82  2   RLX: 0.000
       a =  2.000      CL =  0.3779
      Cm = -0.0464     CD =  0.16633   =>   CDf =  0.00306    CDp =  0.16327

 MRCHDU: Convergence failed at  99  side 2    Res =  0.6491E-02
 Side 1  free  transition at x/c =  0.4939   46
 Side 2  free  transition at x/c =  0.0276   15

 109   rms: 0.5046E+03   max: -.9685E+04   C at   82  2   RLX: 0.000
       a =  2.000      CL =  0.3779
      Cm = -0.0464     CD =  0.16635   =>   CDf =  0.00306    CDp =  0.16329

 MRCHDU: Convergence failed at  99  side 2    Res =  0.6612E-02
 Side 1  free  transition at x/c =  0.4939   46
 Side 2  free  transition at x/c =  0.0276   15

 110   rms: 0.9903E+03   max: 0.1904E+05   C at   82  2   RLX: 0.000
       a =  2.000      CL =  0.3780
      Cm = -0.0464     CD =  0.16545   =>   CDf =  0.00306    CDp =  0.16239

 MRCHDU: Convergence failed at  99  side 2    Res =  0.6320E-02
 Side 1  free  transition at x/c =  0.4939   46
 Side 2  free  transition at x/c =  0.0276   15

 111   rms: 0.1071E+03   max: -.2043E+04   C at   82  2   RLX: 0.000
       a =  2.000      CL =  0.3780
      Cm = -0.0464     CD =  0.16639   =>   CDf =  0.00306    CDp =  0.16333

 MRCHDU: Convergence failed at  99  side 2    Res =  0.6397E-02
 Side 1  free  transition at x/c =  0.4939   46
 Side 2  free  transition at x/c =  0.0276   15

 112   rms: 0.3664E+03   max: -.7027E+04   C at   82  2   RLX: 0.000
       a =  2.000      CL =  0.3780
      Cm = -0.0464     CD =  0.16643   =>   CDf =  0.00306    CDp =  0.16337

 MRCHDU: Convergence failed at  99  side 2    Res =  0.6521E-02
 Side 1  free  transition at x/c =  0.4939   46
 Side 2  free  transition at x/c =  0.0276   15

 113   rms: 0.1690E+04   max: 0.3249E+05   C at   82  2   RLX: 0.000
       a =  2.000      CL =  0.3781
      Cm = -0.0464     CD =  0.16553   =>   CDf =  0.00306    CDp =  0.16247

 MRCHDU: Convergence failed at  99  side 2    Res =  0.6238E-02
 Side 1  free  transition at x/c =  0.4939   46
 Side 2  free  transition at x/c =  0.0276   15

 114   rms: 0.8939E+02   max: -.1702E+04   C at   82  2   RLX: 0.000
       a =  2.000      CL =  0.3781
      Cm = -0.0465     CD =  0.16645   =>   CDf =  0.00306    CDp =  0.16339

 MRCHDU: Convergence failed at  99  side 2    Res =  0.6303E-02
 Side 1  free  transition at x/c =  0.4939   46
 Side 2  free  transition at x/c =  0.0276   15

 115   rms: 0.2742E+03   max: -.5256E+04   C at   82  2   RLX: 0.000
       a =  2.000      CL =  0.3781
      Cm = -0.0465     CD =  0.16651   =>   CDf =  0.00306    CDp =  0.16345

 MRCHDU: Convergence failed at  99  side 2    Res =  0.6424E-02
 Side 1  free  transition at x/c =  0.4939   46
 Side 2  free  transition at x/c =  0.0276   15

 116   rms: 0.8117E+04   max: 0.1560E+06   C at   82  2   RLX: 0.000
       a =  2.000      CL =  0.3782
      Cm = -0.0465     CD =  0.16562   =>   CDf =  0.00306    CDp =  0.16256

 MRCHDU: Convergence failed at  99  side 2    Res =  0.6153E-02
 Side 1  free  transition at x/c =  0.4939   46
 Side 2  free  transition at x/c =  0.0276   15

 117   rms: 0.7572E+02   max: -.1439E+04   C at   82  2   RLX: 0.000
       a =  2.000      CL =  0.3782
      Cm = -0.0465     CD =  0.16651   =>   CDf =  0.00306    CDp =  0.16345

 MRCHDU: Convergence failed at  99  side 2    Res =  0.6203E-02
 Side 1  free  transition at x/c =  0.4939   46
 Side 2  free  transition at x/c =  0.0276   15

 118   rms: 0.2143E+03   max: -.4104E+04   C at   82  2   RLX: 0.000
       a =  2.000      CL =  0.3782
      Cm = -0.0465     CD =  0.16659   =>   CDf =  0.00306    CDp =  0.16353

 MRCHDU: Convergence failed at  99  side 2    Res =  0.6319E-02
 Side 1  free  transition at x/c =  0.4939   46
 Side 2  free  transition at x/c =  0.0276   15

 119   rms: 0.2809E+04   max: -.5395E+05   C at   82  2   RLX: 0.000
       a =  2.000      CL =  0.3782
      Cm = -0.0465     CD =  0.16659   =>   CDf =  0.00306    CDp =  0.16353

 MRCHDU: Convergence failed at  99  side 2    Res =  0.6457E-02
 Side 1  free  transition at x/c =  0.4939   46
 Side 2  free  transition at x/c =  0.0276   15

 120   rms: 0.5680E+03   max: 0.1092E+05   C at   82  2   RLX: 0.000
       a =  2.000      CL =  0.3783
      Cm = -0.0465     CD =  0.16564   =>   CDf =  0.00306    CDp =  0.16258

 MRCHDU: Convergence failed at  99  side 2    Res =  0.6141E-02
 Side 1  free  transition at x/c =  0.4939   46
 Side 2  free  transition at x/c =  0.0276   15

 121   rms: 0.1633E+03   max: -.3124E+04   C at   82  2   RLX: 0.000
       a =  2.000      CL =  0.3783
      Cm = -0.0465     CD =  0.16663   =>   CDf =  0.00306    CDp =  0.16358

 MRCHDU: Convergence failed at  99  side 2    Res =  0.6247E-02
 Side 1  free  transition at x/c =  0.4939   46
 Side 2  free  transition at x/c =  0.0276   15

 122   rms: 0.9352E+03   max: -.1796E+05   C at   82  2   RLX: 0.000
       a =  2.000      CL =  0.3783
      Cm = -0.0465     CD =  0.16665   =>   CDf =  0.00306    CDp =  0.16359

 MRCHDU: Convergence failed at  99  side 2    Res =  0.6383E-02
 Side 1  free  transition at x/c =  0.4939   46
 Side 2  free  transition at x/c =  0.0276   15

 123   rms: 0.7125E+03   max: 0.1370E+05   C at   82  2   RLX: 0.000
       a =  2.000      CL =  0.3784
      Cm = -0.0465     CD =  0.16570   =>   CDf =  0.00306    CDp =  0.16264

 MRCHDU: Convergence failed at  99  side 2    Res =  0.6072E-02
 Side 1  free  transition at x/c =  0.4939   46
 Side 2  free  transition at x/c =  0.0276   15

 124   rms: 0.1295E+03   max: -.2475E+04   C at   82  2   RLX: 0.000
       a =  2.000      CL =  0.3784
      Cm = -0.0465     CD =  0.16669   =>   CDf =  0.00306    CDp =  0.16363

 MRCHDU: Convergence failed at  99  side 2    Res =  0.6167E-02
 Side 1  free  transition at x/c =  0.4939   46
 Side 2  free  transition at x/c =  0.0276   15

 125   rms: 0.5407E+03   max: -.1038E+05   C at   82  2   RLX: 0.000
       a =  2.000      CL =  0.3783
      Cm = -0.0465     CD =  0.16672   =>   CDf =  0.00306    CDp =  0.16366

 MRCHDU: Convergence failed at  99  side 2    Res =  0.6301E-02
 Side 1  free  transition at x/c =  0.4939   46
 Side 2  free  transition at x/c =  0.0276   15

 126   rms: 0.9599E+03   max: 0.1845E+05   C at   82  2   RLX: 0.000
       a =  2.000      CL =  0.3784
      Cm = -0.0465     CD =  0.16577   =>   CDf =  0.00306    CDp =  0.16271

 MRCHDU: Convergence failed at  99  side 2    Res =  0.5995E-02
 Side 1  free  transition at x/c =  0.4939   46
 Side 2  free  transition at x/c =  0.0276   15

 127   rms: 0.1059E+03   max: -.2020E+04   C at   82  2   RLX: 0.000
       a =  2.000      CL =  0.3784
      Cm = -0.0465     CD =  0.16674   =>   CDf =  0.00306    CDp =  0.16369

 MRCHDU: Convergence failed at  99  side 2    Res =  0.6079E-02
 Side 1  free  transition at x/c =  0.4939   46
 Side 2  free  transition at x/c =  0.0276   15

 128   rms: 0.3698E+03   max: -.7093E+04   C at   82  2   RLX: 0.000
       a =  2.000      CL =  0.3784
      Cm = -0.0465     CD =  0.16679   =>   CDf =  0.00306    CDp =  0.16373

 MRCHDU: Convergence failed at  99  side 2    Res =  0.6211E-02
 Side 1  free  transition at x/c =  0.4939   46
 Side 2  free  transition at x/c =  0.0276   15

 129   rms: 0.1565E+04   max: 0.3007E+05   C at   82  2   RLX: 0.000
       a =  2.000      CL =  0.3785
      Cm = -0.0465     CD =  0.16584   =>   CDf =  0.00306    CDp =  0.16278

 MRCHDU: Convergence failed at  99  side 2    Res =  0.5912E-02
 Side 1  free  transition at x/c =  0.4939   46
 Side 2  free  transition at x/c =  0.0276   15

 130   rms: 0.8828E+02   max: -.1680E+04   C at   82  2   RLX: 0.000
       a =  2.000      CL =  0.3785
      Cm = -0.0466     CD =  0.16681   =>   CDf =  0.00306    CDp =  0.16375

 MRCHDU: Convergence failed at  99  side 2    Res =  0.5983E-02
 Side 1  free  transition at x/c =  0.4939   46
 Side 2  free  transition at x/c =  0.0276   15

 131   rms: 0.2741E+03   max: -.5252E+04   C at   82  2   RLX: 0.000
       a =  2.000      CL =  0.3785
      Cm = -0.0466     CD =  0.16687   =>   CDf =  0.00306    CDp =  0.16381

 MRCHDU: Convergence failed at  99  side 2    Res =  0.6111E-02
 Side 1  free  transition at x/c =  0.4939   46
 Side 2  free  transition at x/c =  0.0276   15

 132   rms: 0.4995E+04   max: 0.9597E+05   C at   82  2   RLX: 0.000
       a =  2.000      CL =  0.3786
      Cm = -0.0466     CD =  0.16593   =>   CDf =  0.00306    CDp =  0.16287

 MRCHDU: Convergence failed at  99  side 2    Res =  0.5818E-02
 Side 1  free  transition at x/c =  0.4939   46
 Side 2  free  transition at x/c =  0.0276   15

 133   rms: 0.7476E+02   max: -.1420E+04   C at   82  2   RLX: 0.000
       a =  2.000      CL =  0.3786
      Cm = -0.0466     CD =  0.16687   =>   CDf =  0.00306    CDp =  0.16381

 MRCHDU: Convergence failed at  99  side 2    Res =  0.5873E-02
 Side 1  free  transition at x/c =  0.4939   46
 Side 2  free  transition at x/c =  0.0276   15

 134   rms: 0.2139E+03   max: -.4096E+04   C at   82  2   RLX: 0.000
       a =  2.000      CL =  0.3786
      Cm = -0.0466     CD =  0.16695   =>   CDf =  0.00306    CDp =  0.16389

 MRCHDU: Convergence failed at  99  side 2    Res =  0.5995E-02
 Side 1  free  transition at x/c =  0.4939   46
 Side 2  free  transition at x/c =  0.0276   15

 135   rms: 0.3560E+04   max: -.6838E+05   C at   82  2   RLX: 0.000
       a =  2.000      CL =  0.3786
      Cm = -0.0466     CD =  0.16695   =>   CDf =  0.00306    CDp =  0.16389

 MRCHDU: Convergence failed at  99  side 2    Res =  0.6141E-02
 Side 1  free  transition at x/c =  0.4939   46
 Side 2  free  transition at x/c =  0.0276   15

 136   rms: 0.5465E+03   max: 0.1051E+05   C at   82  2   RLX: 0.000
       a =  2.000      CL =  0.3787
      Cm = -0.0466     CD =  0.16595   =>   CDf =  0.00306    CDp =  0.16289

 MRCHDU: Convergence failed at  99  side 2    Res =  0.5804E-02
 Side 1  free  transition at x/c =  0.4939   46
 Side 2  free  transition at x/c =  0.0276   15

 137   rms: 0.1632E+03   max: -.3121E+04   C at   82  2   RLX: 0.000
       a =  2.000      CL =  0.3787
      Cm = -0.0466     CD =  0.16700   =>   CDf =  0.00306    CDp =  0.16394

 MRCHDU: Convergence failed at  99  side 2    Res =  0.5918E-02
 Side 1  free  transition at x/c =  0.4939   46
 Side 2  free  transition at x/c =  0.0276   15

 138   rms: 0.1013E+04   max: -.1946E+05   C at   82  2   RLX: 0.000
       a =  2.000      CL =  0.3787
      Cm = -0.0466     CD =  0.16701   =>   CDf =  0.00306    CDp =  0.16396

 MRCHDU: Convergence failed at  99  side 2    Res =  0.6063E-02
 Side 1  free  transition at x/c =  0.4939   46
 Side 2  free  transition at x/c =  0.0276   15

 139   rms: 0.6630E+03   max: 0.1275E+05   C at   82  2   RLX: 0.000
       a =  2.000      CL =  0.3788
      Cm = -0.0466     CD =  0.16601   =>   CDf =  0.00306    CDp =  0.16295

 MRCHDU: Convergence failed at  99  side 2    Res =  0.5730E-02
 Side 1  free  transition at x/c =  0.4939   46
 Side 2  free  transition at x/c =  0.0276   15

 140   rms: 0.1351E+03   max: -.2580E+04   C at   82  2   RLX: 0.000
       a =  2.000      CL =  0.3788
      Cm = -0.0466     CD =  0.16709   =>   CDf =  0.00306    CDp =  0.16403

 MRCHDU: Convergence failed at  99  side 2    Res =  0.5857E-02
 Side 1  free  transition at x/c =  0.4939   46
 Side 2  free  transition at x/c =  0.0276   15

 141   rms: 0.5640E+03   max: -.1082E+05   C at   82  2   RLX: 0.000
       a =  2.000      CL =  0.3788
      Cm = -0.0466     CD =  0.16708   =>   CDf =  0.00306    CDp =  0.16402

 MRCHDU: Convergence failed at  99  side 2    Res =  0.6000E-02
 Side 1  free  transition at x/c =  0.4939   46
 Side 2  free  transition at x/c =  0.0276   15

 142   rms: 0.8642E+03   max: 0.1661E+05   C at   82  2   RLX: 0.000
       a =  2.000      CL =  0.3789
      Cm = -0.0466     CD =  0.16607   =>   CDf =  0.00306    CDp =  0.16301

 MRCHDU: Convergence failed at  99  side 2    Res =  0.5670E-02
 Side 1  free  transition at x/c =  0.4939   46
 Side 2  free  transition at x/c =  0.0276   15

 143   rms: 0.1103E+03   max: -.2104E+04   C at   82  2   RLX: 0.000
       a =  2.000      CL =  0.3789
      Cm = -0.0466     CD =  0.16716   =>   CDf =  0.00306    CDp =  0.16410

 MRCHDU: Convergence failed at  99  side 2    Res =  0.5791E-02
 Side 1  free  transition at x/c =  0.4939   46
 Side 2  free  transition at x/c =  0.0276   15

 144   rms: 0.3948E+03   max: -.7571E+04   C at   82  2   RLX: 0.000
       a =  2.000      CL =  0.3789
      Cm = -0.0466     CD =  0.16716   =>   CDf =  0.00306    CDp =  0.16410

 MRCHDU: Convergence failed at  99  side 2    Res =  0.5939E-02
 Side 1  free  transition at x/c =  0.4939   46
 Side 2  free  transition at x/c =  0.0276   15

 145   rms: 0.1384E+04   max: 0.2659E+05   C at   82  2   RLX: 0.000
       a =  2.000      CL =  0.3790
      Cm = -0.0466     CD =  0.16615   =>   CDf =  0.00306    CDp =  0.16309

 MRCHDU: Convergence failed at  99  side 2    Res =  0.5621E-02
 Side 1  free  transition at x/c =  0.4939   46
 Side 2  free  transition at x/c =  0.0276   15

 146   rms: 0.9177E+02   max: -.1746E+04   C at   82  2   RLX: 0.000
       a =  2.000      CL =  0.3790
      Cm = -0.0467     CD =  0.16722   =>   CDf =  0.00306    CDp =  0.16416

 MRCHDU: Convergence failed at  99  side 2    Res =  0.5733E-02
 Side 1  free  transition at x/c =  0.4939   46
 Side 2  free  transition at x/c =  0.0276   15

 147   rms: 0.2897E+03   max: -.5552E+04   C at   82  2   RLX: 0.000
       a =  2.000      CL =  0.3790
      Cm = -0.0467     CD =  0.16723   =>   CDf =  0.00306    CDp =  0.16417

 MRCHDU: Convergence failed at  99  side 2    Res =  0.5879E-02
 Side 1  free  transition at x/c =  0.4939   46
 Side 2  free  transition at x/c =  0.0276   15

 148   rms: 0.3469E+04   max: 0.6664E+05   C at   82  2   RLX: 0.000
       a =  2.000      CL =  0.3791
      Cm = -0.0467     CD =  0.16623   =>   CDf =  0.00306    CDp =  0.16317

 MRCHDU: Convergence failed at  99  side 2    Res =  0.5567E-02
 Side 1  free  transition at x/c =  0.4939   46
 Side 2  free  transition at x/c =  0.0276   15

 149   rms: 0.7788E+02   max: -.1479E+04   C at   82  2   RLX: 0.000
       a =  2.000      CL =  0.3791
      Cm = -0.0467     CD =  0.16729   =>   CDf =  0.00306    CDp =  0.16423

 MRCHDU: Convergence failed at  99  side 2    Res =  0.5670E-02
 Side 1  free  transition at x/c =  0.4939   46
 Side 2  free  transition at x/c =  0.0276   15

 150   rms: 0.2260E+03   max: -.4327E+04   C at   82  2   RLX: 0.000
       a =  2.000      CL =  0.3791
      Cm = -0.0467     CD =  0.16732   =>   CDf =  0.00306    CDp =  0.16426

 MRCHDU: Convergence failed at  99  side 2    Res =  0.5815E-02
 Side 1  free  transition at x/c =  0.4939   46
 Side 2  free  transition at x/c =  0.0276   15

 151   rms: 0.5517E+04   max: -.1060E+06   C at   82  2   RLX: 0.000
       a =  2.000      CL =  0.3790
      Cm = -0.0467     CD =  0.16729   =>   CDf =  0.00306    CDp =  0.16423

 MRCHDU: Convergence failed at  99  side 2    Res =  0.5970E-02
 Side 1  free  transition at x/c =  0.4939   46
 Side 2  free  transition at x/c =  0.0276   15

 152   rms: 0.5396E+03   max: 0.1037E+05   C at   82  2   RLX: 0.000
       a =  2.000      CL =  0.3791
      Cm = -0.0467     CD =  0.16627   =>   CDf =  0.00306    CDp =  0.16321

 MRCHDU: Convergence failed at  99  side 2    Res =  0.5629E-02
 Side 1  free  transition at x/c =  0.4939   46
 Side 2  free  transition at x/c =  0.0276   15

 153   rms: 0.1714E+03   max: -.3279E+04   C at   82  2   RLX: 0.000
       a =  2.000      CL =  0.3791
      Cm = -0.0467     CD =  0.16737   =>   CDf =  0.00306    CDp =  0.16431

 MRCHDU: Convergence failed at  99  side 2    Res =  0.5769E-02
 Side 1  free  transition at x/c =  0.4939   46
 Side 2  free  transition at x/c =  0.0276   15

 154   rms: 0.1156E+04   max: -.2219E+05   C at   82  2   RLX: 0.000
       a =  2.000      CL =  0.3791
      Cm = -0.0467     CD =  0.16735   =>   CDf =  0.00306    CDp =  0.16429

 MRCHDU: Convergence failed at  99  side 2    Res =  0.5925E-02
 Side 1  free  transition at x/c =  0.4939   46
 Side 2  free  transition at x/c =  0.0276   15

 155   rms: 0.6419E+03   max: 0.1234E+05   C at   82  2   RLX: 0.000
       a =  2.000      CL =  0.3792
      Cm = -0.0467     CD =  0.16631   =>   CDf =  0.00306    CDp =  0.16325

 MRCHDU: Convergence failed at  99  side 2    Res =  0.5583E-02
 Side 1  free  transition at x/c =  0.4939   46
 Side 2  free  transition at x/c =  0.0276   15

 156   rms: 0.1359E+03   max: -.2595E+04   C at   82  2   RLX: 0.000
       a =  2.000      CL =  0.3792
      Cm = -0.0467     CD =  0.16743   =>   CDf =  0.00306    CDp =  0.16437

 MRCHDU: Convergence failed at  99  side 2    Res =  0.5718E-02
 Side 1  free  transition at x/c =  0.4939   46
 Side 2  free  transition at x/c =  0.0276   15

 157   rms: 0.6142E+03   max: -.1179E+05   C at   82  2   RLX: 0.000
       a =  2.000      CL =  0.3792
      Cm = -0.0467     CD =  0.16742   =>   CDf =  0.00306    CDp =  0.16436

 MRCHDU: Convergence failed at  99  side 2    Res =  0.5874E-02
 Side 1  free  transition at x/c =  0.4939   46
 Side 2  free  transition at x/c =  0.0276   15

 158   rms: 0.8301E+03   max: 0.1595E+05   C at   82  2   RLX: 0.000
       a =  2.000      CL =  0.3793
      Cm = -0.0467     CD =  0.16637   =>   CDf =  0.00306    CDp =  0.16331

 MRCHDU: Convergence failed at  99  side 2    Res =  0.5534E-02
 Side 1  free  transition at x/c =  0.4939   46
 Side 2  free  transition at x/c =  0.0276   15

 159   rms: 0.1106E+03   max: -.2109E+04   C at   82  2   RLX: 0.000
       a =  2.000      CL =  0.3793
      Cm = -0.0467     CD =  0.16749   =>   CDf =  0.00306    CDp =  0.16443

 MRCHDU: Convergence failed at  99  side 2    Res =  0.5663E-02
 Side 1  free  transition at x/c =  0.4939   46
 Side 2  free  transition at x/c =  0.0276   15

 160   rms: 0.4048E+03   max: -.7762E+04   C at   82  2   RLX: 0.000
       a =  2.000      CL =  0.3793
      Cm = -0.0467     CD =  0.16749   =>   CDf =  0.00306    CDp =  0.16443

 MRCHDU: Convergence failed at  99  side 2    Res =  0.5818E-02
 Side 1  free  transition at x/c =  0.4939   46
 Side 2  free  transition at x/c =  0.0276   15

 161   rms: 0.1233E+04   max: 0.2369E+05   C at   82  2   RLX: 0.000
       a =  2.000      CL =  0.3794
      Cm = -0.0467     CD =  0.16644   =>   CDf =  0.00306    CDp =  0.16338

 MRCHDU: Convergence failed at  99  side 2    Res =  0.5483E-02
 Side 1  free  transition at x/c =  0.4939   46
 Side 2  free  transition at x/c =  0.0276   15

 162   rms: 0.9193E+02   max: -.1749E+04   C at   82  2   RLX: 0.000
       a =  2.000      CL =  0.3794
      Cm = -0.0468     CD =  0.16755   =>   CDf =  0.00306    CDp =  0.16449

 MRCHDU: Convergence failed at  99  side 2    Res =  0.5602E-02
 Side 1  free  transition at x/c =  0.4939   46
 Side 2  free  transition at x/c =  0.0276   15

 163   rms: 0.2963E+03   max: -.5677E+04   C at   82  2   RLX: 0.000
       a =  2.000      CL =  0.3794
      Cm = -0.0468     CD =  0.16757   =>   CDf =  0.00306    CDp =  0.16451

 MRCHDU: Convergence failed at  99  side 2    Res =  0.5757E-02
 Side 1  free  transition at x/c =  0.4939   46
 Side 2  free  transition at x/c =  0.0276   15

 164   rms: 0.2628E+04   max: 0.5048E+05   C at   82  2   RLX: 0.000
       a =  2.000      CL =  0.3795
      Cm = -0.0468     CD =  0.16651   =>   CDf =  0.00306    CDp =  0.16345

 MRCHDU: Convergence failed at  99  side 2    Res =  0.5426E-02
 Side 1  free  transition at x/c =  0.4939   46
 Side 2  free  transition at x/c =  0.0276   15

 165   rms: 0.7811E+02   max: -.1483E+04   C at   82  2   RLX: 0.000
       a =  2.000      CL =  0.3795
      Cm = -0.0468     CD =  0.16763   =>   CDf =  0.00306    CDp =  0.16456

 MRCHDU: Convergence failed at  99  side 2    Res =  0.5539E-02
 Side 1  free  transition at x/c =  0.4938   46
 Side 2  free  transition at x/c =  0.0276   15

 166   rms: 0.2315E+03   max: -.4432E+04   C at   82  2   RLX: 0.000
       a =  2.000      CL =  0.3795
      Cm = -0.0468     CD =  0.16765   =>   CDf =  0.00306    CDp =  0.16459

 MRCHDU: Convergence failed at  99  side 2    Res =  0.5692E-02
 Side 1  free  transition at x/c =  0.4938   46
 Side 2  free  transition at x/c =  0.0276   15

 167   rms: 0.1275E+05   max: -.2448E+06   C at   82  2   RLX: 0.000
       a =  2.000      CL =  0.3795
      Cm = -0.0468     CD =  0.16763   =>   CDf =  0.00306    CDp =  0.16456

 MRCHDU: Convergence failed at  99  side 2    Res =  0.5855E-02
 Side 1  free  transition at x/c =  0.4938   46
 Side 2  free  transition at x/c =  0.0276   15

 168   rms: 0.5089E+03   max: 0.9783E+04   C at   82  2   RLX: 0.000
       a =  2.000      CL =  0.3796
      Cm = -0.0468     CD =  0.16655   =>   CDf =  0.00306    CDp =  0.16349

 MRCHDU: Convergence failed at  99  side 2    Res =  0.5493E-02
 Side 1  free  transition at x/c =  0.4938   46
 Side 2  free  transition at x/c =  0.0276   15

 169   rms: 0.1755E+03   max: -.3356E+04   C at   82  2   RLX: 0.000
       a =  2.000      CL =  0.3796
      Cm = -0.0468     CD =  0.16771   =>   CDf =  0.00306    CDp =  0.16465

 MRCHDU: Convergence failed at  99  side 2    Res =  0.5643E-02
 Side 1  free  transition at x/c =  0.4938   46
 Side 2  free  transition at x/c =  0.0276   15

 170   rms: 0.1277E+04   max: -.2452E+05   C at   82  2   RLX: 0.000
       a =  2.000      CL =  0.3795
      Cm = -0.0468     CD =  0.16769   =>   CDf =  0.00306    CDp =  0.16463

 MRCHDU: Convergence failed at  99  side 2    Res =  0.5806E-02
 Side 1  free  transition at x/c =  0.4938   46
 Side 2  free  transition at x/c =  0.0276   15

 171   rms: 0.5882E+03   max: 0.1131E+05   C at   82  2   RLX: 0.000
       a =  2.000      CL =  0.3796
      Cm = -0.0468     CD =  0.16660   =>   CDf =  0.00306    CDp =  0.16354

 MRCHDU: Convergence failed at  99  side 2    Res =  0.5445E-02
 Side 1  free  transition at x/c =  0.4938   46
 Side 2  free  transition at x/c =  0.0276   15

 172   rms: 0.1358E+03   max: -.2594E+04   C at   82  2   RLX: 0.000
       a =  2.000      CL =  0.3796
      Cm = -0.0468     CD =  0.16777   =>   CDf =  0.00306    CDp =  0.16471

 MRCHDU: Convergence failed at  99  side 2    Res =  0.5589E-02
 Side 1  free  transition at x/c =  0.4938   46
 Side 2  free  transition at x/c =  0.0276   15

 173   rms: 0.6428E+03   max: -.1233E+05   C at   82  2   RLX: 0.000
       a =  2.000      CL =  0.3796
      Cm = -0.0468     CD =  0.16776   =>   CDf =  0.00306    CDp =  0.16470

 MRCHDU: Convergence failed at  99  side 2    Res =  0.5752E-02
 Side 1  free  transition at x/c =  0.4938   46
 Side 2  free  transition at x/c =  0.0276   15

 174   rms: 0.7476E+03   max: 0.1437E+05   C at   82  2   RLX: 0.000
       a =  2.000      CL =  0.3797
      Cm = -0.0468     CD =  0.16666   =>   CDf =  0.00306    CDp =  0.16360

 MRCHDU: Convergence failed at  99  side 2    Res =  0.5393E-02
 Side 1  free  transition at x/c =  0.4938   46
 Side 2  free  transition at x/c =  0.0276   15

 175   rms: 0.1105E+03   max: -.2107E+04   C at   82  2   RLX: 0.000
       a =  2.000      CL =  0.3797
      Cm = -0.0468     CD =  0.16783   =>   CDf =  0.00306    CDp =  0.16477

 MRCHDU: Convergence failed at  99  side 2    Res =  0.5531E-02
 Side 1  free  transition at x/c =  0.4938   46
 Side 2  free  transition at x/c =  0.0276   15

 176   rms: 0.4191E+03   max: -.8037E+04   C at   82  2   RLX: 0.000
       a =  2.000      CL =  0.3797
      Cm = -0.0468     CD =  0.16783   =>   CDf =  0.00306    CDp =  0.16477

 MRCHDU: Convergence failed at  99  side 2    Res =  0.5694E-02
 Side 1  free  transition at x/c =  0.4938   46
 Side 2  free  transition at x/c =  0.0276   15

 177   rms: 0.1069E+04   max: 0.2055E+05   C at   82  2   RLX: 0.000
       a =  2.000      CL =  0.3798
      Cm = -0.0468     CD =  0.16673   =>   CDf =  0.00306    CDp =  0.16366

 MRCHDU: Convergence failed at  99  side 2    Res =  0.5340E-02
 Side 1  free  transition at x/c =  0.4938   46
 Side 2  free  transition at x/c =  0.0276   15

 178   rms: 0.9249E+02   max: -.1759E+04   C at   82  2   RLX: 0.000
       a =  2.000      CL =  0.3798
      Cm = -0.0469     CD =  0.16790   =>   CDf =  0.00306    CDp =  0.16484

 MRCHDU: Convergence failed at  99  side 2    Res =  0.5472E-02
 Side 1  free  transition at x/c =  0.4938   46
 Side 2  free  transition at x/c =  0.0276   15

 179   rms: 0.3036E+03   max: -.5818E+04   C at   82  2   RLX: 0.000
       a =  2.000      CL =  0.3798
      Cm = -0.0469     CD =  0.16791   =>   CDf =  0.00306    CDp =  0.16485

 MRCHDU: Convergence failed at  99  side 2    Res =  0.5635E-02
 Side 1  free  transition at x/c =  0.4938   46
 Side 2  free  transition at x/c =  0.0276   15

 180   rms: 0.1984E+04   max: 0.3812E+05   C at   82  2   RLX: 0.000
       a =  2.000      CL =  0.3799
      Cm = -0.0469     CD =  0.16680   =>   CDf =  0.00306    CDp =  0.16373

 MRCHDU: Convergence failed at  99  side 2    Res =  0.5284E-02
 Side 1  free  transition at x/c =  0.4938   46
 Side 2  free  transition at x/c =  0.0276   15

 181   rms: 0.8107E+02   max: -.1539E+04   C at   82  2   RLX: 0.000
       a =  2.000      CL =  0.3799
      Cm = -0.0469     CD =  0.16799   =>   CDf =  0.00306    CDp =  0.16492

 MRCHDU: Convergence failed at  99  side 2    Res =  0.5413E-02
 Side 1  free  transition at x/c =  0.4938   46
 Side 2  free  transition at x/c =  0.0276   15

 182   rms: 0.2352E+03   max: -.4504E+04   C at   82  2   RLX: 0.000
       a =  2.000      CL =  0.3799
      Cm = -0.0469     CD =  0.16800   =>   CDf =  0.00306    CDp =  0.16493

 MRCHDU: Convergence failed at  99  side 2    Res =  0.5576E-02
 Side 1  free  transition at x/c =  0.4938   46
 Side 2  free  transition at x/c =  0.0276   15

 183   rms: 0.2652E+05   max: 0.5094E+06   C at   82  2   RLX: 0.000
       a =  2.000      CL =  0.3800
      Cm = -0.0469     CD =  0.16687   =>   CDf =  0.00306    CDp =  0.16381

 MRCHDU: Convergence failed at  99  side 2    Res =  0.5230E-02
 Side 1  free  transition at x/c =  0.4938   46
 Side 2  free  transition at x/c =  0.0276   15

 184   rms: 0.6968E+02   max: -.1319E+04   C at   82  2   RLX: 0.000
       a =  2.000      CL =  0.3800
      Cm = -0.0469     CD =  0.16806   =>   CDf =  0.00306    CDp =  0.16500

 MRCHDU: Convergence failed at  99  side 2    Res =  0.5350E-02
 Side 1  free  transition at x/c =  0.4938   46
 Side 2  free  transition at x/c =  0.0276   15

 185   rms: 0.1959E+03   max: -.3746E+04   C at   82  2   RLX: 0.000
       a =  2.000      CL =  0.3800
      Cm = -0.0469     CD =  0.16809   =>   CDf =  0.00306    CDp =  0.16503

 MRCHDU: Convergence failed at  99  side 2    Res =  0.5514E-02
 Side 1  free  transition at x/c =  0.4938   46
 Side 2  free  transition at x/c =  0.0276   15

 186   rms: 0.2167E+04   max: -.4161E+05   C at   82  2   RLX: 0.000
       a =  2.000      CL =  0.3800
      Cm = -0.0469     CD =  0.16806   =>   CDf =  0.00306    CDp =  0.16500

 MRCHDU: Convergence failed at  99  side 2    Res =  0.5687E-02
 Side 1  free  transition at x/c =  0.4938   46
 Side 2  free  transition at x/c =  0.0276   15

 187   rms: 0.5280E+03   max: 0.1015E+05   C at   82  2   RLX: 0.000
       a =  2.000      CL =  0.3801
      Cm = -0.0469     CD =  0.16691   =>   CDf =  0.00306    CDp =  0.16385

 MRCHDU: Convergence failed at  99  side 2    Res =  0.5303E-02
 Side 1  free  transition at x/c =  0.4938   46
 Side 2  free  transition at x/c =  0.0276   15

 188   rms: 0.1520E+03   max: -.2904E+04   C at   82  2   RLX: 0.000
       a =  2.000      CL =  0.3801
      Cm = -0.0469     CD =  0.16815   =>   CDf =  0.00306    CDp =  0.16508

 MRCHDU: Convergence failed at  99  side 2    Res =  0.5462E-02
 Side 1  free  transition at x/c =  0.4938   46
 Side 2  free  transition at x/c =  0.0276   15

 189   rms: 0.8368E+03   max: -.1606E+05   C at   82  2   RLX: 0.000
       a =  2.000      CL =  0.3801
      Cm = -0.0469     CD =  0.16813   =>   CDf =  0.00306    CDp =  0.16507

 MRCHDU: Convergence failed at  99  side 2    Res =  0.5636E-02
 Side 1  free  transition at x/c =  0.4938   46
 Side 2  free  transition at x/c =  0.0276   15

 190   rms: 0.6477E+03   max: 0.1245E+05   C at   82  2   RLX: 0.000
       a =  2.000      CL =  0.3802
      Cm = -0.0469     CD =  0.16697   =>   CDf =  0.00306    CDp =  0.16391

 MRCHDU: Convergence failed at  99  side 2    Res =  0.5254E-02
 Side 1  free  transition at x/c =  0.4938   46
 Side 2  free  transition at x/c =  0.0276   15

 191   rms: 0.1227E+03   max: -.2339E+04   C at   82  2   RLX: 0.000
       a =  2.000      CL =  0.3802
      Cm = -0.0469     CD =  0.16822   =>   CDf =  0.00306    CDp =  0.16515

 MRCHDU: Convergence failed at  99  side 2    Res =  0.5410E-02
 Side 1  free  transition at x/c =  0.4938   46
 Side 2  free  transition at x/c =  0.0276   15

 192   rms: 0.5157E+03   max: -.9890E+04   C at   82  2   RLX: 0.000
       a =  2.000      CL =  0.3802
      Cm = -0.0469     CD =  0.16820   =>   CDf =  0.00306    CDp =  0.16514

 MRCHDU: Convergence failed at  99  side 2    Res =  0.5585E-02
 Side 1  free  transition at x/c =  0.4938   46
 Side 2  free  transition at x/c =  0.0276   15

 193   rms: 0.8553E+03   max: 0.1644E+05   C at   82  2   RLX: 0.000
       a =  2.000      CL =  0.3803
      Cm = -0.0470     CD =  0.16703   =>   CDf =  0.00306    CDp =  0.16397

 MRCHDU: Convergence failed at  99  side 2    Res =  0.5205E-02
 Side 1  free  transition at x/c =  0.4938   46
 Side 2  free  transition at x/c =  0.0276   15

 194   rms: 0.1012E+03   max: -.1926E+04   C at   82  2   RLX: 0.000
       a =  2.000      CL =  0.3803
      Cm = -0.0470     CD =  0.16829   =>   CDf =  0.00306    CDp =  0.16522

 MRCHDU: Convergence failed at  99  side 2    Res =  0.5355E-02
 Side 1  free  transition at x/c =  0.4938   46
 Side 2  free  transition at x/c =  0.0276   15

 195   rms: 0.3586E+03   max: -.6872E+04   C at   82  2   RLX: 0.000
       a =  2.000      CL =  0.3803
      Cm = -0.0470     CD =  0.16828   =>   CDf =  0.00306    CDp =  0.16522

 MRCHDU: Convergence failed at  99  side 2    Res =  0.5530E-02
 Side 1  free  transition at x/c =  0.4938   46
 Side 2  free  transition at x/c =  0.0276   15

 196   rms: 0.1353E+04   max: 0.2600E+05   C at   82  2   RLX: 0.000
       a =  2.000      CL =  0.3804
      Cm = -0.0470     CD =  0.16710   =>   CDf =  0.00306    CDp =  0.16404

 MRCHDU: Convergence failed at  99  side 2    Res =  0.5153E-02
 Side 1  free  transition at x/c =  0.4938   46
 Side 2  free  transition at x/c =  0.0276   15

 197   rms: 0.8519E+02   max: -.1617E+04   C at   82  2   RLX: 0.000
       a =  2.000      CL =  0.3804
      Cm = -0.0470     CD =  0.16836   =>   CDf =  0.00306    CDp =  0.16530

 MRCHDU: Convergence failed at  99  side 2    Res =  0.5296E-02
 Side 1  free  transition at x/c =  0.4938   46
 Side 2  free  transition at x/c =  0.0276   15

 198   rms: 0.2696E+03   max: -.5163E+04   C at   82  2   RLX: 0.000
       a =  2.000      CL =  0.3804
      Cm = -0.0470     CD =  0.16837   =>   CDf =  0.00306    CDp =  0.16531

 MRCHDU: Convergence failed at  99  side 2    Res =  0.5472E-02
 Side 1  free  transition at x/c =  0.4938   46
 Side 2  free  transition at x/c =  0.0276   15

 199   rms: 0.3252E+04   max: 0.6245E+05   C at   82  2   RLX: 0.000
       a =  2.000      CL =  0.3805
      Cm = -0.0470     CD =  0.16717   =>   CDf =  0.00306    CDp =  0.16411

 MRCHDU: Convergence failed at  99  side 2    Res =  0.5097E-02
 Side 1  free  transition at x/c =  0.4938   46
 Side 2  free  transition at x/c =  0.0276   15

 200   rms: 0.7311E+02   max: -.1385E+04   C at   82  2   RLX: 0.000
       a =  2.000      CL =  0.3805
      Cm = -0.0470     CD =  0.16844   =>   CDf =  0.00306    CDp =  0.16538

 MRCHDU: Convergence failed at  99  side 2    Res =  0.5234E-02
 Side 1  free  transition at x/c =  0.4938   46
 Side 2  free  transition at x/c =  0.0276   15

 201   rms: 0.2131E+03   max: -.4077E+04   C at   82  2   RLX: 0.000
       a =  2.000      CL =  0.3805
      Cm = -0.0470     CD =  0.16846   =>   CDf =  0.00306    CDp =  0.16540

 MRCHDU: Convergence failed at  99  side 2    Res =  0.5410E-02
 Side 1  free  transition at x/c =  0.4938   46
 Side 2  free  transition at x/c =  0.0276   15

 202   rms: 0.6378E+04   max: -.1224E+06   C at   82  2   RLX: 0.000
       a =  2.000      CL =  0.3804
      Cm = -0.0470     CD =  0.16843   =>   CDf =  0.00306    CDp =  0.16536

 MRCHDU: Convergence failed at  99  side 2    Res =  0.5592E-02
 Side 1  free  transition at x/c =  0.4938   46
 Side 2  free  transition at x/c =  0.0276   15

 203   rms: 0.4958E+03   max: 0.9531E+04   C at   82  2   RLX: 0.000
       a =  2.000      CL =  0.3806
      Cm = -0.0470     CD =  0.16722   =>   CDf =  0.00306    CDp =  0.16416

 MRCHDU: Convergence failed at  99  side 2    Res =  0.5188E-02
 Side 1  free  transition at x/c =  0.4938   46
 Side 2  free  transition at x/c =  0.0276   15

 204   rms: 0.1632E+03   max: -.3117E+04   C at   82  2   RLX: 0.000
       a =  2.000      CL =  0.3805
      Cm = -0.0470     CD =  0.16852   =>   CDf =  0.00306    CDp =  0.16546

 MRCHDU: Convergence failed at  99  side 2    Res =  0.5360E-02
 Side 1  free  transition at x/c =  0.4938   46
 Side 2  free  transition at x/c =  0.0276   15

 205   rms: 0.1175E+04   max: -.2256E+05   C at   82  2   RLX: 0.000
       a =  2.000      CL =  0.3805
      Cm = -0.0470     CD =  0.16850   =>   CDf =  0.00306    CDp =  0.16543
 VISCAL:  Convergence failed
      9.000    3.7900   0.168496   0.000000   0.000000   0.000000    0.4938     #
 Calculating wake trajectory ...
 Calculating source influence matrix ...

 Solving BL system ...

 MRCHDU: Convergence failed at  99  side 2    Res =  0.5544E-02
 Side 1  free  transition at x/c =  0.4938   46
 Side 2  free  transition at x/c =  0.0276   15

   1   rms: 0.3720E+03   max: 0.7149E+04   C at   82  2   RLX: 0.000
       a =  3.000      CL =  0.3805
      Cm = -0.0470     CD =  0.16690   =>   CDf =  0.00306    CDp =  0.16384

 MRCHDU: Convergence failed at  99  side 2    Res =  0.4933E-02
 Side 1  free  transition at x/c =  0.4938   46
 Side 2  free  transition at x/c =  0.0276   15

   2   rms: 0.8275E+02   max: -.1578E+04   C at   82  2   RLX: 0.000
       a =  3.000      CL =  0.3805
      Cm = -0.0471     CD =  0.16811   =>   CDf =  0.00306    CDp =  0.16504

 MRCHDU: Convergence failed at  99  side 2    Res =  0.4779E-02
 Side 1  free  transition at x/c =  0.4938   46
 Side 2  free  transition at x/c =  0.0276   15

   3   rms: 0.4712E+03   max: -.9038E+04   C at   82  2   RLX: 0.000
       a =  3.000      CL =  0.3805
      Cm = -0.0471     CD =  0.16864   =>   CDf =  0.00306    CDp =  0.16557

 MRCHDU: Convergence failed at  99  side 2    Res =  0.4928E-02
 Side 1  free  transition at x/c =  0.4938   46
 Side 2  free  transition at x/c =  0.0276   15

   4   rms: 0.3740E+03   max: 0.7187E+04   C at   82  2   RLX: 0.000
       a =  3.000      CL =  0.3806
      Cm = -0.0471     CD =  0.16700   =>   CDf =  0.00306    CDp =  0.16394

 MRCHDU: Convergence failed at  99  side 2    Res =  0.4251E-02
 Side 1  free  transition at x/c =  0.4938   46
 Side 2  free  transition at x/c =  0.0276   15

   5   rms: 0.6474E+02   max: -.1232E+04   C at   82  2   RLX: 0.000
       a =  3.000      CL =  0.3807
      Cm = -0.0471     CD =  0.16813   =>   CDf =  0.00306    CDp =  0.16506

 MRCHDU: Convergence failed at  99  side 2    Res =  0.3971E-02
 Side 1  free  transition at x/c =  0.4938   46
 Side 2  free  transition at x/c =  0.0276   15

   6   rms: 0.3386E+03   max: -.6490E+04   C at   82  2   RLX: 0.000
       a =  3.000      CL =  0.3807
      Cm = -0.0471     CD =  0.16889   =>   CDf =  0.00306    CDp =  0.16582

 MRCHDU: Convergence failed at  99  side 2    Res =  0.4117E-02
 Side 1  free  transition at x/c =  0.4938   46
 Side 2  free  transition at x/c =  0.0276   15

   7   rms: 0.3446E+03   max: 0.6619E+04   C at   82  2   RLX: 0.000
       a =  3.000      CL =  0.3809
      Cm = -0.0471     CD =  0.16704   =>   CDf =  0.00306    CDp =  0.16398

 MRCHDU: Convergence failed at  99  side 2    Res =  0.3313E-02
 Side 1  free  transition at x/c =  0.4938   46
 Side 2  free  transition at x/c =  0.0276   15

   8   rms: 0.4168E+02   max: -.7908E+03   C at   82  2   RLX: 0.001
       a =  3.000      CL =  0.3810
      Cm = -0.0472     CD =  0.16765   =>   CDf =  0.00307    CDp =  0.16458

 MRCHDU: Convergence failed at  99  side 2    Res =  0.2569E-02
 Side 1  free  transition at x/c =  0.4938   46
 Side 2  free  transition at x/c =  0.0276   15

   9   rms: 0.2432E+03   max: -.4657E+04   C at   82  2   RLX: 0.000
       a =  3.000      CL =  0.3810
      Cm = -0.0472     CD =  0.16923   =>   CDf =  0.00307    CDp =  0.16616

 MRCHDU: Convergence failed at  99  side 2    Res =  0.2694E-02
 Side 1  free  transition at x/c =  0.4938   46
 Side 2  free  transition at x/c =  0.0276   15

  10   rms: 0.1600E+03   max: 0.3071E+04   C at   82  2   RLX: 0.000
       a =  3.000      CL =  0.3813
      Cm = -0.0472     CD =  0.16613   =>   CDf =  0.00307    CDp =  0.16307

 MRCHDU: Convergence failed at  99  side 2    Res =  0.1151E-02
 Side 1  free  transition at x/c =  0.4938   46
 Side 2  free  transition at x/c =  0.0276   15

  11   rms: 0.4950E+01   max: 0.4581E+02   C at   81  2   RLX: 0.012
       a =  3.000      CL =  0.3856
      Cm = -0.0482     CD =  0.10750   =>   CDf =  0.00307    CDp =  0.10443

 Side 1  free  transition at x/c =  0.4939   46
 Side 2  free  transition at x/c =  0.0276   15

  12   rms: 0.4049E+02   max: -.7489E+03   C at   82  2   RLX: 0.001
       a =  3.000      CL =  0.3857
      Cm = -0.0483     CD =  0.16867   =>   CDf =  0.00308    CDp =  0.16558

 Side 1  free  transition at x/c =  0.4939   46
 Side 2  free  transition at x/c =  0.0276   15

  13   rms: 0.8037E+02   max: -.1524E+04   C at   82  2   RLX: 0.000
       a =  3.000      CL =  0.3858
      Cm = -0.0483     CD =  0.16869   =>   CDf =  0.00308    CDp =  0.16561

 Side 1  free  transition at x/c =  0.4939   46
 Side 2  free  transition at x/c =  0.0276   15

  14   rms: 0.1733E+03   max: -.3317E+04   C at   82  2   RLX: 0.000
       a =  3.000      CL =  0.3858
      Cm = -0.0483     CD =  0.16866   =>   CDf =  0.00308    CDp =  0.16558

 Side 1  free  transition at x/c =  0.4939   46
 Side 2  free  transition at x/c =  0.0276   15

  15   rms: 0.4486E+03   max: -.8616E+04   C at   82  2   RLX: 0.000
       a =  3.000      CL =  0.3858
      Cm = -0.0483     CD =  0.16860   =>   CDf =  0.00308    CDp =  0.16551

 Side 1  free  transition at x/c =  0.4939   46
 Side 2  free  transition at x/c =  0.0276   15

  16   rms: 0.2203E+04   max: -.4236E+05   C at   82  2   RLX: 0.000
       a =  3.000      CL =  0.3858
      Cm = -0.0483     CD =  0.16852   =>   CDf =  0.00308    CDp =  0.16544

 Side 1  free  transition at x/c =  0.4939   46
 Side 2  free  transition at x/c =  0.0276   15

  17   rms: 0.2254E+04   max: 0.4336E+05   C at   82  2   RLX: 0.000
       a =  3.000      CL =  0.3858
      Cm = -0.0483     CD =  0.16883   =>   CDf =  0.00308    CDp =  0.16574

 Side 1  free  transition at x/c =  0.4939   46
 Side 2  free  transition at x/c =  0.0276   15

  18   rms: 0.3337E+03   max: -.6405E+04   C at   82  2   RLX: 0.000
       a =  3.000      CL =  0.3858
      Cm = -0.0483     CD =  0.16884   =>   CDf =  0.00308    CDp =  0.16576

 Side 1  free  transition at x/c =  0.4939   46
 Side 2  free  transition at x/c =  0.0276   15

  19   rms: 0.1221E+04   max: -.2348E+05   C at   82  2   RLX: 0.000
       a =  3.000      CL =  0.3858
      Cm = -0.0483     CD =  0.16877   =>   CDf =  0.00308    CDp =  0.16569

 Side 1  free  transition at x/c =  0.4939   46
 Side 2  free  transition at x/c =  0.0276   15

  20   rms: 0.3803E+04   max: 0.7314E+05   C at   82  2   RLX: 0.000
       a =  3.000      CL =  0.3858
      Cm = -0.0483     CD =  0.16908   =>   CDf =  0.00308    CDp =  0.16600

 Side 1  free  transition at x/c =  0.4939   46
 Side 2  free  transition at x/c =  0.0276   15

  21   rms: 0.2624E+03   max: -.5032E+04   C at   82  2   RLX: 0.000
       a =  3.000      CL =  0.3858
      Cm = -0.0483     CD =  0.16912   =>   CDf =  0.00308    CDp =  0.16603

 Side 1  free  transition at x/c =  0.4939   46
 Side 2  free  transition at x/c =  0.0276   15

  22   rms: 0.8149E+03   max: -.1566E+05   C at   82  2   RLX: 0.000
       a =  3.000      CL =  0.3858
      Cm = -0.0484     CD =  0.16904   =>   CDf =  0.00308    CDp =  0.16596

 Side 1  free  transition at x/c =  0.4939   46
 Side 2  free  transition at x/c =  0.0276   15

  23   rms: 0.1857E+05   max: 0.3571E+06   C at   82  2   RLX: 0.000
       a =  3.000      CL =  0.3859
      Cm = -0.0483     CD =  0.16937   =>   CDf =  0.00308    CDp =  0.16628

 Side 1  free  transition at x/c =  0.4939   46
 Side 2  free  transition at x/c =  0.0276   15

  24   rms: 0.2120E+03   max: -.4062E+04   C at   82  2   RLX: 0.000
       a =  3.000      CL =  0.3859
      Cm = -0.0484     CD =  0.16942   =>   CDf =  0.00308    CDp =  0.16633

 Side 1  free  transition at x/c =  0.4939   46
 Side 2  free  transition at x/c =  0.0276   15

  25   rms: 0.5772E+03   max: -.1109E+05   C at   82  2   RLX: 0.000
       a =  3.000      CL =  0.3859
      Cm = -0.0484     CD =  0.16935   =>   CDf =  0.00308    CDp =  0.16627

 Side 1  free  transition at x/c =  0.4939   46
 Side 2  free  transition at x/c =  0.0276   15

  26   rms: 0.5397E+04   max: -.1038E+06   C at   82  2   RLX: 0.000
       a =  3.000      CL =  0.3858
      Cm = -0.0484     CD =  0.16927   =>   CDf =  0.00308    CDp =  0.16619

 Side 1  free  transition at x/c =  0.4939   46
 Side 2  free  transition at x/c =  0.0276   15

  27   rms: 0.1756E+04   max: 0.3378E+05   C at   82  2   RLX: 0.000
       a =  3.000      CL =  0.3859
      Cm = -0.0484     CD =  0.16957   =>   CDf =  0.00308    CDp =  0.16649

 Side 1  free  transition at x/c =  0.4939   46
 Side 2  free  transition at x/c =  0.0276   15

  28   rms: 0.4218E+03   max: -.8100E+04   C at   82  2   RLX: 0.000
       a =  3.000      CL =  0.3859
      Cm = -0.0484     CD =  0.16957   =>   CDf =  0.00308    CDp =  0.16649

 Side 1  free  transition at x/c =  0.4939   46
 Side 2  free  transition at x/c =  0.0276   15

  29   rms: 0.1970E+04   max: -.3787E+05   C at   82  2   RLX: 0.000
       a =  3.000      CL =  0.3859
      Cm = -0.0484     CD =  0.16950   =>   CDf =  0.00308    CDp =  0.16641

 Side 1  free  transition at x/c =  0.4939   46
 Side 2  free  transition at x/c =  0.0276   15

  30   rms: 0.2434E+04   max: 0.4681E+05   C at   82  2   RLX: 0.000
       a =  3.000      CL =  0.3859
      Cm = -0.0484     CD =  0.16981   =>   CDf =  0.00308    CDp =  0.16672

 Side 1  free  transition at x/c =  0.4939   46
 Side 2  free  transition at x/c =  0.0276   15

  31   rms: 0.3237E+03   max: -.6212E+04   C at   82  2   RLX: 0.000
       a =  3.000      CL =  0.3859
      Cm = -0.0484     CD =  0.16982   =>   CDf =  0.00308    CDp =  0.16674

 Side 1  free  transition at x/c =  0.4939   46
 Side 2  free  transition at x/c =  0.0276   15

  32   rms: 0.1136E+04   max: -.2184E+05   C at   82  2   RLX: 0.000
       a =  3.000      CL =  0.3859
      Cm = -0.0484     CD =  0.16975   =>   CDf =  0.00308    CDp =  0.16666

 Side 1  free  transition at x/c =  0.4939   46
 Side 2  free  transition at x/c =  0.0276   15

  33   rms: 0.4459E+04   max: 0.8576E+05   C at   82  2   RLX: 0.000
       a =  3.000      CL =  0.3859
      Cm = -0.0484     CD =  0.17006   =>   CDf =  0.00308    CDp =  0.16698

 Side 1  free  transition at x/c =  0.4939   46
 Side 2  free  transition at x/c =  0.0276   15

  34   rms: 0.2557E+03   max: -.4904E+04   C at   82  2   RLX: 0.000
       a =  3.000      CL =  0.3859
      Cm = -0.0484     CD =  0.17010   =>   CDf =  0.00308    CDp =  0.16701

 Side 1  free  transition at x/c =  0.4939   46
 Side 2  free  transition at x/c =  0.0276   15

  35   rms: 0.7517E+03   max: -.1445E+05   C at   82  2   RLX: 0.000
       a =  3.000      CL =  0.3859
      Cm = -0.0484     CD =  0.17002   =>   CDf =  0.00308    CDp =  0.16694

 Side 1  free  transition at x/c =  0.4939   46
 Side 2  free  transition at x/c =  0.0276   15

  36   rms: 0.1081E+06   max: 0.2079E+07   C at   82  2   RLX: 0.000
       a =  3.000      CL =  0.3860
      Cm = -0.0484     CD =  0.17035   =>   CDf =  0.00308    CDp =  0.16727

 Side 1  free  transition at x/c =  0.4939   46
 Side 2  free  transition at x/c =  0.0276   15

  37   rms: 0.2075E+03   max: -.3975E+04   C at   82  2   RLX: 0.000
       a =  3.000      CL =  0.3860
      Cm = -0.0484     CD =  0.17040   =>   CDf =  0.00308    CDp =  0.16732

 Side 1  free  transition at x/c =  0.4939   46
 Side 2  free  transition at x/c =  0.0276   15

  38   rms: 0.5525E+03   max: -.1061E+05   C at   82  2   RLX: 0.000
       a =  3.000      CL =  0.3860
      Cm = -0.0484     CD =  0.17033   =>   CDf =  0.00308    CDp =  0.16725

 Side 1  free  transition at x/c =  0.4939   46
 Side 2  free  transition at x/c =  0.0276   15

  39   rms: 0.4228E+04   max: -.8130E+05   C at   82  2   RLX: 0.000
       a =  3.000      CL =  0.3860
      Cm = -0.0484     CD =  0.17025   =>   CDf =  0.00308    CDp =  0.16717

 Side 1  free  transition at x/c =  0.4939   46
 Side 2  free  transition at x/c =  0.0276   15

  40   rms: 0.1857E+04   max: 0.3572E+05   C at   82  2   RLX: 0.000
       a =  3.000      CL =  0.3860
      Cm = -0.0484     CD =  0.17056   =>   CDf =  0.00308    CDp =  0.16748

 Side 1  free  transition at x/c =  0.4939   46
 Side 2  free  transition at x/c =  0.0276   15

  41   rms: 0.4075E+03   max: -.7826E+04   C at   82  2   RLX: 0.000
       a =  3.000      CL =  0.3860
      Cm = -0.0484     CD =  0.17056   =>   CDf =  0.00308    CDp =  0.16748

 Side 1  free  transition at x/c =  0.4939   46
 Side 2  free  transition at x/c =  0.0276   15

  42   rms: 0.1722E+04   max: -.3312E+05   C at   82  2   RLX: 0.000
       a =  3.000      CL =  0.3860
      Cm = -0.0484     CD =  0.17048   =>   CDf =  0.00308    CDp =  0.16740

 Side 1  free  transition at x/c =  0.4939   46
 Side 2  free  transition at x/c =  0.0276   15

  43   rms: 0.2677E+04   max: 0.5148E+05   C at   82  2   RLX: 0.000
       a =  3.000      CL =  0.3860
      Cm = -0.0484     CD =  0.17080   =>   CDf =  0.00308    CDp =  0.16772

 Side 1  free  transition at x/c =  0.4939   46
 Side 2  free  transition at x/c =  0.0276   15

  44   rms: 0.3137E+03   max: -.6021E+04   C at   82  2   RLX: 0.000
       a =  3.000      CL =  0.3860
      Cm = -0.0484     CD =  0.17081   =>   CDf =  0.00308    CDp =  0.16773

 Side 1  free  transition at x/c =  0.4939   46
 Side 2  free  transition at x/c =  0.0276   15

  45   rms: 0.1035E+04   max: -.1990E+05   C at   82  2   RLX: 0.000
       a =  3.000      CL =  0.3860
      Cm = -0.0484     CD =  0.17074   =>   CDf =  0.00308    CDp =  0.16765

 Side 1  free  transition at x/c =  0.4939   46
 Side 2  free  transition at x/c =  0.0276   15

  46   rms: 0.5489E+04   max: 0.1056E+06   C at   82  2   RLX: 0.000
       a =  3.000      CL =  0.3861
      Cm = -0.0484     CD =  0.17106   =>   CDf =  0.00308    CDp =  0.16798

 Side 1  free  transition at x/c =  0.4939   46
 Side 2  free  transition at x/c =  0.0276   15

  47   rms: 0.2492E+03   max: -.4779E+04   C at   82  2   RLX: 0.000
       a =  3.000      CL =  0.3861
      Cm = -0.0484     CD =  0.17109   =>   CDf =  0.00308    CDp =  0.16801

 Side 1  free  transition at x/c =  0.4939   46
 Side 2  free  transition at x/c =  0.0276   15

  48   rms: 0.7136E+03   max: -.1371E+05   C at   82  2   RLX: 0.000
       a =  3.000      CL =  0.3861
      Cm = -0.0484     CD =  0.17102   =>   CDf =  0.00308    CDp =  0.16793

 Side 1  free  transition at x/c =  0.4939   46
 Side 2  free  transition at x/c =  0.0276   15

  49   rms: 0.2334E+05   max: -.4489E+06   C at   82  2   RLX: 0.000
       a =  3.000      CL =  0.3860
      Cm = -0.0484     CD =  0.17094   =>   CDf =  0.00308    CDp =  0.16785

 Side 1  free  transition at x/c =  0.4939   46
 Side 2  free  transition at x/c =  0.0276   15

  50   rms: 0.1593E+04   max: 0.3064E+05   C at   82  2   RLX: 0.000
       a =  3.000      CL =  0.3861
      Cm = -0.0484     CD =  0.17124   =>   CDf =  0.00308    CDp =  0.16816

 Side 1  free  transition at x/c =  0.4939   46
 Side 2  free  transition at x/c =  0.0276   15

  51   rms: 0.5041E+03   max: -.9683E+04   C at   82  2   RLX: 0.000
       a =  3.000      CL =  0.3861
      Cm = -0.0484     CD =  0.17123   =>   CDf =  0.00308    CDp =  0.16814

 Side 1  free  transition at x/c =  0.4939   46
 Side 2  free  transition at x/c =  0.0276   15

  52   rms: 0.2897E+04   max: -.5571E+05   C at   82  2   RLX: 0.000
       a =  3.000      CL =  0.3861
      Cm = -0.0484     CD =  0.17114   =>   CDf =  0.00308    CDp =  0.16806

 Side 1  free  transition at x/c =  0.4939   46
 Side 2  free  transition at x/c =  0.0276   15

  53   rms: 0.2078E+04   max: 0.3998E+05   C at   82  2   RLX: 0.000
       a =  3.000      CL =  0.3861
      Cm = -0.0484     CD =  0.17146   =>   CDf =  0.00308    CDp =  0.16838

 Side 1  free  transition at x/c =  0.4939   46
 Side 2  free  transition at x/c =  0.0276   15

  54   rms: 0.3780E+03   max: -.7258E+04   C at   82  2   RLX: 0.000
       a =  3.000      CL =  0.3861
      Cm = -0.0484     CD =  0.17146   =>   CDf =  0.00308    CDp =  0.16837

 Side 1  free  transition at x/c =  0.4939   46
 Side 2  free  transition at x/c =  0.0276   15

  55   rms: 0.1436E+04   max: -.2761E+05   C at   82  2   RLX: 0.000
       a =  3.000      CL =  0.3861
      Cm = -0.0484     CD =  0.17138   =>   CDf =  0.00308    CDp =  0.16829

 Side 1  free  transition at x/c =  0.4939   46
 Side 2  free  transition at x/c =  0.0276   15

  56   rms: 0.3216E+04   max: 0.6185E+05   C at   82  2   RLX: 0.000
       a =  3.000      CL =  0.3861
      Cm = -0.0484     CD =  0.17171   =>   CDf =  0.00308    CDp =  0.16862

 Side 1  free  transition at x/c =  0.4939   46
 Side 2  free  transition at x/c =  0.0276   15

  57   rms: 0.2938E+03   max: -.5638E+04   C at   82  2   RLX: 0.000
       a =  3.000      CL =  0.3861
      Cm = -0.0484     CD =  0.17172   =>   CDf =  0.00308    CDp =  0.16864

 Side 1  free  transition at x/c =  0.4939   46
 Side 2  free  transition at x/c =  0.0276   15

  58   rms: 0.9142E+03   max: -.1757E+05   C at   82  2   RLX: 0.000
       a =  3.000      CL =  0.3861
      Cm = -0.0484     CD =  0.17164   =>   CDf =  0.00308    CDp =  0.16856

 Side 1  free  transition at x/c =  0.4939   46
 Side 2  free  transition at x/c =  0.0276   15

  59   rms: 0.9536E+04   max: 0.1834E+06   C at   82  2   RLX: 0.000
       a =  3.000      CL =  0.3862
      Cm = -0.0484     CD =  0.17198   =>   CDf =  0.00308    CDp =  0.16890

 Side 1  free  transition at x/c =  0.4939   46
 Side 2  free  transition at x/c =  0.0276   15

  60   rms: 0.2352E+03   max: -.4509E+04   C at   82  2   RLX: 0.000
       a =  3.000      CL =  0.3862
      Cm = -0.0484     CD =  0.17201   =>   CDf =  0.00308    CDp =  0.16893

 Side 1  free  transition at x/c =  0.4939   46
 Side 2  free  transition at x/c =  0.0276   15

  61   rms: 0.6481E+03   max: -.1245E+05   C at   82  2   RLX: 0.000
       a =  3.000      CL =  0.3862
      Cm = -0.0484     CD =  0.17193   =>   CDf =  0.00308    CDp =  0.16885

 Side 1  free  transition at x/c =  0.4939   46
 Side 2  free  transition at x/c =  0.0276   15

  62   rms: 0.7611E+04   max: -.1464E+06   C at   82  2   RLX: 0.000
       a =  3.000      CL =  0.3861
      Cm = -0.0484     CD =  0.17185   =>   CDf =  0.00308    CDp =  0.16876

 Side 1  free  transition at x/c =  0.4939   46
 Side 2  free  transition at x/c =  0.0276   15

  63   rms: 0.1712E+04   max: 0.3293E+05   C at   82  2   RLX: 0.000
       a =  3.000      CL =  0.3862
      Cm = -0.0484     CD =  0.17217   =>   CDf =  0.00308    CDp =  0.16908

 Side 1  free  transition at x/c =  0.4939   46
 Side 2  free  transition at x/c =  0.0276   15

  64   rms: 0.4670E+03   max: -.8970E+04   C at   82  2   RLX: 0.000
       a =  3.000      CL =  0.3862
      Cm = -0.0484     CD =  0.17215   =>   CDf =  0.00308    CDp =  0.16906

 Side 1  free  transition at x/c =  0.4939   46
 Side 2  free  transition at x/c =  0.0276   15

  65   rms: 0.2243E+04   max: -.4313E+05   C at   82  2   RLX: 0.000
       a =  3.000      CL =  0.3862
      Cm = -0.0485     CD =  0.17206   =>   CDf =  0.00308    CDp =  0.16898

 Side 1  free  transition at x/c =  0.4939   46
 Side 2  free  transition at x/c =  0.0276   15

  66   rms: 0.2355E+04   max: 0.4530E+05   C at   82  2   RLX: 0.000
       a =  3.000      CL =  0.3862
      Cm = -0.0484     CD =  0.17239   =>   CDf =  0.00308    CDp =  0.16931

 Side 1  free  transition at x/c =  0.4939   46
 Side 2  free  transition at x/c =  0.0276   15

  67   rms: 0.3535E+03   max: -.6786E+04   C at   82  2   RLX: 0.000
       a =  3.000      CL =  0.3862
      Cm = -0.0485     CD =  0.17239   =>   CDf =  0.00309    CDp =  0.16930

 Side 1  free  transition at x/c =  0.4939   46
 Side 2  free  transition at x/c =  0.0276   15

  68   rms: 0.1238E+04   max: -.2380E+05   C at   82  2   RLX: 0.000
       a =  3.000      CL =  0.3862
      Cm = -0.0485     CD =  0.17230   =>   CDf =  0.00309    CDp =  0.16922

 Side 1  free  transition at x/c =  0.4939   46
 Side 2  free  transition at x/c =  0.0276   15

  69   rms: 0.4191E+04   max: 0.8061E+05   C at   82  2   RLX: 0.000
       a =  3.000      CL =  0.3862
      Cm = -0.0485     CD =  0.17265   =>   CDf =  0.00308    CDp =  0.16956

 Side 1  free  transition at x/c =  0.4939   46
 Side 2  free  transition at x/c =  0.0276   15

  70   rms: 0.2775E+03   max: -.5324E+04   C at   82  2   RLX: 0.000
       a =  3.000      CL =  0.3862
      Cm = -0.0485     CD =  0.17266   =>   CDf =  0.00309    CDp =  0.16957

 Side 1  free  transition at x/c =  0.4939   46
 Side 2  free  transition at x/c =  0.0276   15

  71   rms: 0.8202E+03   max: -.1576E+05   C at   82  2   RLX: 0.000
       a =  3.000      CL =  0.3862
      Cm = -0.0485     CD =  0.17257   =>   CDf =  0.00309    CDp =  0.16949

 Side 1  free  transition at x/c =  0.4939   46
 Side 2  free  transition at x/c =  0.0276   15

  72   rms: 0.4401E+05   max: 0.8465E+06   C at   82  2   RLX: 0.000
       a =  3.000      CL =  0.3863
      Cm = -0.0485     CD =  0.17293   =>   CDf =  0.00309    CDp =  0.16984

 Side 1  free  transition at x/c =  0.4939   46
 Side 2  free  transition at x/c =  0.0276   15

  73   rms: 0.2238E+03   max: -.4290E+04   C at   82  2   RLX: 0.000
       a =  3.000      CL =  0.3863
      Cm = -0.0485     CD =  0.17296   =>   CDf =  0.00309    CDp =  0.16987

 Side 1  free  transition at x/c =  0.4939   46
 Side 2  free  transition at x/c =  0.0276   15

  74   rms: 0.5929E+03   max: -.1139E+05   C at   82  2   RLX: 0.000
       a =  3.000      CL =  0.3863
      Cm = -0.0485     CD =  0.17288   =>   CDf =  0.00309    CDp =  0.16979

 Side 1  free  transition at x/c =  0.4939   46
 Side 2  free  transition at x/c =  0.0276   15

  75   rms: 0.4468E+04   max: -.8593E+05   C at   82  2   RLX: 0.000
       a =  3.000      CL =  0.3863
      Cm = -0.0485     CD =  0.17278   =>   CDf =  0.00309    CDp =  0.16970

 Side 1  free  transition at x/c =  0.4939   46
 Side 2  free  transition at x/c =  0.0276   15

  76   rms: 0.1919E+04   max: 0.3692E+05   C at   82  2   RLX: 0.000
       a =  3.000      CL =  0.3863
      Cm = -0.0485     CD =  0.17312   =>   CDf =  0.00309    CDp =  0.17003

 Side 1  free  transition at x/c =  0.4939   46
 Side 2  free  transition at x/c =  0.0276   15

  77   rms: 0.4350E+03   max: -.8354E+04   C at   82  2   RLX: 0.000
       a =  3.000      CL =  0.3863
      Cm = -0.0485     CD =  0.17310   =>   CDf =  0.00309    CDp =  0.17001

 Side 1  free  transition at x/c =  0.4939   46
 Side 2  free  transition at x/c =  0.0276   15

  78   rms: 0.1820E+04   max: -.3499E+05   C at   82  2   RLX: 0.000
       a =  3.000      CL =  0.3863
      Cm = -0.0485     CD =  0.17301   =>   CDf =  0.00309    CDp =  0.16992

 Side 1  free  transition at x/c =  0.4939   46
 Side 2  free  transition at x/c =  0.0276   15

  79   rms: 0.2821E+04   max: 0.5427E+05   C at   82  2   RLX: 0.000
       a =  3.000      CL =  0.3863
      Cm = -0.0485     CD =  0.17335   =>   CDf =  0.00309    CDp =  0.17027

 Side 1  free  transition at x/c =  0.4939   46
 Side 2  free  transition at x/c =  0.0276   15

  80   rms: 0.3330E+03   max: -.6392E+04   C at   82  2   RLX: 0.000
       a =  3.000      CL =  0.3863
      Cm = -0.0485     CD =  0.17335   =>   CDf =  0.00309    CDp =  0.17026

 Side 1  free  transition at x/c =  0.4939   46
 Side 2  free  transition at x/c =  0.0276   15

  81   rms: 0.1081E+04   max: -.2079E+05   C at   82  2   RLX: 0.000
       a =  3.000      CL =  0.3863
      Cm = -0.0485     CD =  0.17325   =>   CDf =  0.00309    CDp =  0.17017

 Side 1  free  transition at x/c =  0.4939   46
 Side 2  free  transition at x/c =  0.0276   15

  82   rms: 0.6299E+04   max: 0.1211E+06   C at   82  2   RLX: 0.000
       a =  3.000      CL =  0.3864
      Cm = -0.0485     CD =  0.17361   =>   CDf =  0.00309    CDp =  0.17053

 Side 1  free  transition at x/c =  0.4939   46
 Side 2  free  transition at x/c =  0.0276   15

  83   rms: 0.2635E+03   max: -.5055E+04   C at   82  2   RLX: 0.000
       a =  3.000      CL =  0.3864
      Cm = -0.0485     CD =  0.17362   =>   CDf =  0.00309    CDp =  0.17054

 Side 1  free  transition at x/c =  0.4939   46
 Side 2  free  transition at x/c =  0.0276   15

  84   rms: 0.7418E+03   max: -.1426E+05   C at   82  2   RLX: 0.000
       a =  3.000      CL =  0.3863
      Cm = -0.0485     CD =  0.17353   =>   CDf =  0.00309    CDp =  0.17045

 Side 1  free  transition at x/c =  0.4939   46
 Side 2  free  transition at x/c =  0.0276   15

  85   rms: 0.1489E+05   max: -.2864E+06   C at   82  2   RLX: 0.000
       a =  3.000      CL =  0.3863
      Cm = -0.0485     CD =  0.17344   =>   CDf =  0.00309    CDp =  0.17035

 Side 1  free  transition at x/c =  0.4939   46
 Side 2  free  transition at x/c =  0.0276   15

  86   rms: 0.1714E+04   max: 0.3298E+05   C at   82  2   RLX: 0.000
       a =  3.000      CL =  0.3864
      Cm = -0.0485     CD =  0.17378   =>   CDf =  0.00309    CDp =  0.17069

 Side 1  free  transition at x/c =  0.4939   46
 Side 2  free  transition at x/c =  0.0276   15

  87   rms: 0.5230E+03   max: -.1005E+05   C at   82  2   RLX: 0.000
       a =  3.000      CL =  0.3864
      Cm = -0.0485     CD =  0.17374   =>   CDf =  0.00309    CDp =  0.17065

 Side 1  free  transition at x/c =  0.4939   46
 Side 2  free  transition at x/c =  0.0276   15

  88   rms: 0.2743E+04   max: -.5274E+05   C at   82  2   RLX: 0.000
       a =  3.000      CL =  0.3864
      Cm = -0.0485     CD =  0.17364   =>   CDf =  0.00309    CDp =  0.17056

 Side 1  free  transition at x/c =  0.4939   46
 Side 2  free  transition at x/c =  0.0276   15

  89   rms: 0.2312E+04   max: 0.4448E+05   C at   82  2   RLX: 0.000
       a =  3.000      CL =  0.3864
      Cm = -0.0485     CD =  0.17399   =>   CDf =  0.00309    CDp =  0.17091

 Side 1  free  transition at x/c =  0.4939   46
 Side 2  free  transition at x/c =  0.0276   15

  90   rms: 0.3915E+03   max: -.7518E+04   C at   82  2   RLX: 0.000
       a =  3.000      CL =  0.3864
      Cm = -0.0485     CD =  0.17397   =>   CDf =  0.00309    CDp =  0.17088

 Side 1  free  transition at x/c =  0.4939   46
 Side 2  free  transition at x/c =  0.0276   15

  91   rms: 0.1412E+04   max: -.2714E+05   C at   82  2   RLX: 0.000
       a =  3.000      CL =  0.3864
      Cm = -0.0485     CD =  0.17387   =>   CDf =  0.00309    CDp =  0.17079

 Side 1  free  transition at x/c =  0.4939   46
 Side 2  free  transition at x/c =  0.0276   15

  92   rms: 0.3962E+04   max: 0.7620E+05   C at   82  2   RLX: 0.000
       a =  3.000      CL =  0.3864
      Cm = -0.0485     CD =  0.17424   =>   CDf =  0.00309    CDp =  0.17115

 Side 1  free  transition at x/c =  0.4939   46
 Side 2  free  transition at x/c =  0.0276   15

  93   rms: 0.3044E+03   max: -.5842E+04   C at   82  2   RLX: 0.000
       a =  3.000      CL =  0.3864
      Cm = -0.0485     CD =  0.17423   =>   CDf =  0.00309    CDp =  0.17114

 Side 1  free  transition at x/c =  0.4939   46
 Side 2  free  transition at x/c =  0.0276   15

  94   rms: 0.9076E+03   max: -.1745E+05   C at   82  2   RLX: 0.000
       a =  3.000      CL =  0.3864
      Cm = -0.0485     CD =  0.17413   =>   CDf =  0.00309    CDp =  0.17105

 Side 1  free  transition at x/c =  0.4939   46
 Side 2  free  transition at x/c =  0.0276   15

  95   rms: 0.2342E+05   max: 0.4505E+06   C at   82  2   RLX: 0.000
       a =  3.000      CL =  0.3865
      Cm = -0.0485     CD =  0.17451   =>   CDf =  0.00309    CDp =  0.17143

 Side 1  free  transition at x/c =  0.4939   46
 Side 2  free  transition at x/c =  0.0276   15

  96   rms: 0.2437E+03   max: -.4673E+04   C at   82  2   RLX: 0.000
       a =  3.000      CL =  0.3865
      Cm = -0.0485     CD =  0.17452   =>   CDf =  0.00309    CDp =  0.17144

 Side 1  free  transition at x/c =  0.4939   46
 Side 2  free  transition at x/c =  0.0276   15

  97   rms: 0.6449E+03   max: -.1239E+05   C at   82  2   RLX: 0.000
       a =  3.000      CL =  0.3864
      Cm = -0.0485     CD =  0.17442   =>   CDf =  0.00309    CDp =  0.17134

 Side 1  free  transition at x/c =  0.4939   46
 Side 2  free  transition at x/c =  0.0276   15

  98   rms: 0.5024E+04   max: -.9662E+05   C at   82  2   RLX: 0.000
       a =  3.000      CL =  0.3864
      Cm = -0.0485     CD =  0.17432   =>   CDf =  0.00309    CDp =  0.17123

 Side 1  free  transition at x/c =  0.4939   46
 Side 2  free  transition at x/c =  0.0276   15

  99   rms: 0.2016E+04   max: 0.3877E+05   C at   82  2   RLX: 0.000
       a =  3.000      CL =  0.3865
      Cm = -0.0485     CD =  0.17468   =>   CDf =  0.00309    CDp =  0.17159

 Side 1  free  transition at x/c =  0.4939   46
 Side 2  free  transition at x/c =  0.0276   15

 100   rms: 0.4688E+03   max: -.9006E+04   C at   82  2   RLX: 0.000
       a =  3.000      CL =  0.3865
      Cm = -0.0485     CD =  0.17464   =>   CDf =  0.00309    CDp =  0.17155

 Side 1  free  transition at x/c =  0.4939   46
 Side 2  free  transition at x/c =  0.0276   15

 101   rms: 0.1949E+04   max: -.3747E+05   C at   82  2   RLX: 0.000
       a =  3.000      CL =  0.3865
      Cm = -0.0485     CD =  0.17453   =>   CDf =  0.00309    CDp =  0.17145

 Side 1  free  transition at x/c =  0.4939   46
 Side 2  free  transition at x/c =  0.0276   15

 102   rms: 0.3017E+04   max: 0.5802E+05   C at   82  2   RLX: 0.000
       a =  3.000      CL =  0.3865
      Cm = -0.0485     CD =  0.17491   =>   CDf =  0.00309    CDp =  0.17182

 Side 1  free  transition at x/c =  0.4939   46
 Side 2  free  transition at x/c =  0.0276   15

 103   rms: 0.3564E+03   max: -.6844E+04   C at   82  2   RLX: 0.000
       a =  3.000      CL =  0.3865
      Cm = -0.0485     CD =  0.17488   =>   CDf =  0.00309    CDp =  0.17179

 Side 1  free  transition at x/c =  0.4939   46
 Side 2  free  transition at x/c =  0.0276   15

 104   rms: 0.1142E+04   max: -.2195E+05   C at   82  2   RLX: 0.000
       a =  3.000      CL =  0.3865
      Cm = -0.0485     CD =  0.17477   =>   CDf =  0.00309    CDp =  0.17169

 Side 1  free  transition at x/c =  0.4939   46
 Side 2  free  transition at x/c =  0.0276   15

 105   rms: 0.7266E+04   max: 0.1397E+06   C at   82  2   RLX: 0.000
       a =  3.000      CL =  0.3865
      Cm = -0.0485     CD =  0.17517   =>   CDf =  0.00309    CDp =  0.17208

 MRCHDU: Convergence failed at  99  side 2    Res =  0.3554E-04
 Side 1  free  transition at x/c =  0.4939   46
 Side 2  free  transition at x/c =  0.0276   15

 106   rms: 0.2742E+03   max: -.5262E+04   C at   82  2   RLX: 0.000
       a =  3.000      CL =  0.3865
      Cm = -0.0485     CD =  0.17509   =>   CDf =  0.00309    CDp =  0.17201

 Side 1  free  transition at x/c =  0.4939   46
 Side 2  free  transition at x/c =  0.0276   15

 107   rms: 0.7749E+03   max: -.1489E+05   C at   82  2   RLX: 0.000
       a =  3.000      CL =  0.3865
      Cm = -0.0485     CD =  0.17505   =>   CDf =  0.00309    CDp =  0.17196

 Side 1  free  transition at x/c =  0.4939   46
 Side 2  free  transition at x/c =  0.0276   15

 108   rms: 0.1135E+05   max: -.2183E+06   C at   82  2   RLX: 0.000
       a =  3.000      CL =  0.3865
      Cm = -0.0485     CD =  0.17493   =>   CDf =  0.00309    CDp =  0.17185

 Side 1  free  transition at x/c =  0.4939   46
 Side 2  free  transition at x/c =  0.0276   15

 109   rms: 0.1882E+04   max: 0.3620E+05   C at   82  2   RLX: 0.000
       a =  3.000      CL =  0.3866
      Cm = -0.0485     CD =  0.17530   =>   CDf =  0.00309    CDp =  0.17222

 MRCHDU: Convergence failed at  99  side 2    Res =  0.8803E-04
 Side 1  free  transition at x/c =  0.4939   46
 Side 2  free  transition at x/c =  0.0276   15

 110   rms: 0.5449E+03   max: -.1047E+05   C at   82  2   RLX: 0.000
       a =  3.000      CL =  0.3865
      Cm = -0.0485     CD =  0.17509   =>   CDf =  0.00309    CDp =  0.17201

 MRCHDU: Convergence failed at  99  side 2    Res =  0.4167E-04
 Side 1  free  transition at x/c =  0.4939   46
 Side 2  free  transition at x/c =  0.0276   15

 111   rms: 0.2631E+04   max: -.5060E+05   C at   82  2   RLX: 0.000
       a =  3.000      CL =  0.3865
      Cm = -0.0485     CD =  0.17506   =>   CDf =  0.00309    CDp =  0.17197

 Side 1  free  transition at x/c =  0.4939   46
 Side 2  free  transition at x/c =  0.0276   15

 112   rms: 0.2641E+04   max: 0.5080E+05   C at   82  2   RLX: 0.000
       a =  3.000      CL =  0.3866
      Cm = -0.0485     CD =  0.17552   =>   CDf =  0.00309    CDp =  0.17243

 MRCHDU: Convergence failed at  99  side 2    Res =  0.1907E-03
 Side 1  free  transition at x/c =  0.4939   46
 Side 2  free  transition at x/c =  0.0276   15

 113   rms: 0.3972E+03   max: -.7628E+04   C at   82  2   RLX: 0.000
       a =  3.000      CL =  0.3866
      Cm = -0.0486     CD =  0.17515   =>   CDf =  0.00309    CDp =  0.17206

 MRCHDU: Convergence failed at  99  side 2    Res =  0.1449E-03
 Side 1  free  transition at x/c =  0.4939   46
 Side 2  free  transition at x/c =  0.0276   15

 114   rms: 0.1384E+04   max: -.2661E+05   C at   82  2   RLX: 0.000
       a =  3.000      CL =  0.3866
      Cm = -0.0486     CD =  0.17511   =>   CDf =  0.00309    CDp =  0.17202

 MRCHDU: Convergence failed at  99  side 2    Res =  0.9528E-04
 Side 1  free  transition at x/c =  0.4939   46
 Side 2  free  transition at x/c =  0.0276   15

 115   rms: 0.5123E+04   max: 0.9855E+05   C at   82  2   RLX: 0.000
       a =  3.000      CL =  0.3866
      Cm = -0.0485     CD =  0.17560   =>   CDf =  0.00309    CDp =  0.17251

 MRCHDU: Convergence failed at  99  side 2    Res =  0.3064E-03
 Side 1  free  transition at x/c =  0.4938   46
 Side 2  free  transition at x/c =  0.0276   15

 116   rms: 0.3086E+03   max: -.5924E+04   C at   82  2   RLX: 0.000
       a =  3.000      CL =  0.3866
      Cm = -0.0486     CD =  0.17520   =>   CDf =  0.00309    CDp =  0.17211

 MRCHDU: Convergence failed at  99  side 2    Res =  0.2613E-03
 Side 1  free  transition at x/c =  0.4939   46
 Side 2  free  transition at x/c =  0.0276   15

 117   rms: 0.8965E+03   max: -.1723E+05   C at   82  2   RLX: 0.000
       a =  3.000      CL =  0.3866
      Cm = -0.0486     CD =  0.17516   =>   CDf =  0.00309    CDp =  0.17207

 MRCHDU: Convergence failed at  99  side 2    Res =  0.2102E-03
 Side 1  free  transition at x/c =  0.4939   46
 Side 2  free  transition at x/c =  0.0276   15

 118   rms: 0.4733E+05   max: -.9104E+06   C at   82  2   RLX: 0.000
       a =  3.000      CL =  0.3866
      Cm = -0.0486     CD =  0.17513   =>   CDf =  0.00309    CDp =  0.17204

 MRCHDU: Convergence failed at  99  side 2    Res =  0.1603E-03
 Side 1  free  transition at x/c =  0.4939   46
 Side 2  free  transition at x/c =  0.0276   15

 119   rms: 0.1840E+04   max: 0.3540E+05   C at   82  2   RLX: 0.000
       a =  3.000      CL =  0.3866
      Cm = -0.0486     CD =  0.17560   =>   CDf =  0.00309    CDp =  0.17251

 MRCHDU: Convergence failed at  99  side 2    Res =  0.3472E-03
 Side 1  free  transition at x/c =  0.4939   46
 Side 2  free  transition at x/c =  0.0276   15

 120   rms: 0.6000E+03   max: -.1153E+05   C at   82  2   RLX: 0.000
       a =  3.000      CL =  0.3866
      Cm = -0.0486     CD =  0.17520   =>   CDf =  0.00309    CDp =  0.17211

 MRCHDU: Convergence failed at  99  side 2    Res =  0.2959E-03
 Side 1  free  transition at x/c =  0.4939   46
 Side 2  free  transition at x/c =  0.0276   15

 121   rms: 0.3358E+04   max: -.6458E+05   C at   82  2   RLX: 0.000
       a =  3.000      CL =  0.3866
      Cm = -0.0486     CD =  0.17517   =>   CDf =  0.00309    CDp =  0.17208

 MRCHDU: Convergence failed at  99  side 2    Res =  0.2440E-03
 Side 1  free  transition at x/c =  0.4939   46
 Side 2  free  transition at x/c =  0.0276   15

 122   rms: 0.2519E+04   max: 0.4846E+05   C at   82  2   RLX: 0.000
       a =  3.000      CL =  0.3866
      Cm = -0.0486     CD =  0.17566   =>   CDf =  0.00309    CDp =  0.17257

 MRCHDU: Convergence failed at  99  side 2    Res =  0.4443E-03
 Side 1  free  transition at x/c =  0.4938   46
 Side 2  free  transition at x/c =  0.0276   15

 123   rms: 0.4431E+03   max: -.8513E+04   C at   82  2   RLX: 0.000
       a =  3.000      CL =  0.3866
      Cm = -0.0486     CD =  0.17525   =>   CDf =  0.00309    CDp =  0.17216

 MRCHDU: Convergence failed at  99  side 2    Res =  0.3931E-03
 Side 1  free  transition at x/c =  0.4939   46
 Side 2  free  transition at x/c =  0.0276   15

 124   rms: 0.1598E+04   max: -.3072E+05   C at   82  2   RLX: 0.000
       a =  3.000      CL =  0.3866
      Cm = -0.0486     CD =  0.17521   =>   CDf =  0.00309    CDp =  0.17212

 MRCHDU: Convergence failed at  99  side 2    Res =  0.3394E-03
 Side 1  free  transition at x/c =  0.4939   46
 Side 2  free  transition at x/c =  0.0276   15

 125   rms: 0.4536E+04   max: 0.8725E+05   C at   82  2   RLX: 0.000
       a =  3.000      CL =  0.3867
      Cm = -0.0486     CD =  0.17572   =>   CDf =  0.00309    CDp =  0.17264

 MRCHDU: Convergence failed at  99  side 2    Res =  0.5542E-03
 Side 1  free  transition at x/c =  0.4938   46
 Side 2  free  transition at x/c =  0.0276   15

 126   rms: 0.3395E+03   max: -.6519E+04   C at   82  2   RLX: 0.000
       a =  3.000      CL =  0.3867
      Cm = -0.0486     CD =  0.17530   =>   CDf =  0.00309    CDp =  0.17221

 MRCHDU: Convergence failed at  99  side 2    Res =  0.5026E-03
 Side 1  free  transition at x/c =  0.4938   46
 Side 2  free  transition at x/c =  0.0276   15

 127   rms: 0.9716E+03   max: -.1868E+05   C at   82  2   RLX: 0.000
       a =  3.000      CL =  0.3866
      Cm = -0.0486     CD =  0.17526   =>   CDf =  0.00309    CDp =  0.17217

 MRCHDU: Convergence failed at  99  side 2    Res =  0.4471E-03
 Side 1  free  transition at x/c =  0.4939   46
 Side 2  free  transition at x/c =  0.0276   15

 128   rms: 0.1059E+06   max: 0.2036E+07   C at   82  2   RLX: 0.000
       a =  3.000      CL =  0.3867
      Cm = -0.0486     CD =  0.17580   =>   CDf =  0.00309    CDp =  0.17271

 MRCHDU: Convergence failed at  99  side 2    Res =  0.6779E-03
 Side 1  free  transition at x/c =  0.4938   46
 Side 2  free  transition at x/c =  0.0276   15

 129   rms: 0.2688E+03   max: -.5158E+04   C at   82  2   RLX: 0.000
       a =  3.000      CL =  0.3867
      Cm = -0.0486     CD =  0.17536   =>   CDf =  0.00309    CDp =  0.17227

 MRCHDU: Convergence failed at  99  side 2    Res =  0.6263E-03
 Side 1  free  transition at x/c =  0.4938   46
 Side 2  free  transition at x/c =  0.0276   15

 130   rms: 0.6890E+03   max: -.1324E+05   C at   82  2   RLX: 0.000
       a =  3.000      CL =  0.3867
      Cm = -0.0486     CD =  0.17531   =>   CDf =  0.00309    CDp =  0.17222

 MRCHDU: Convergence failed at  99  side 2    Res =  0.5682E-03
 Side 1  free  transition at x/c =  0.4938   46
 Side 2  free  transition at x/c =  0.0276   15

 131   rms: 0.4190E+04   max: -.8058E+05   C at   82  2   RLX: 0.000
       a =  3.000      CL =  0.3867
      Cm = -0.0486     CD =  0.17528   =>   CDf =  0.00309    CDp =  0.17219

 MRCHDU: Convergence failed at  99  side 2    Res =  0.5121E-03
 Side 1  free  transition at x/c =  0.4939   46
 Side 2  free  transition at x/c =  0.0276   15

 132   rms: 0.2473E+04   max: 0.4757E+05   C at   82  2   RLX: 0.000
       a =  3.000      CL =  0.3867
      Cm = -0.0486     CD =  0.17579   =>   CDf =  0.00309    CDp =  0.17270

 MRCHDU: Convergence failed at  99  side 2    Res =  0.7170E-03
 Side 1  free  transition at x/c =  0.4938   46
 Side 2  free  transition at x/c =  0.0276   15

 133   rms: 0.4997E+03   max: -.9602E+04   C at   82  2   RLX: 0.000
       a =  3.000      CL =  0.3867
      Cm = -0.0486     CD =  0.17535   =>   CDf =  0.00309    CDp =  0.17226

 MRCHDU: Convergence failed at  99  side 2    Res =  0.6581E-03
 Side 1  free  transition at x/c =  0.4938   46
 Side 2  free  transition at x/c =  0.0276   15

 134   rms: 0.1825E+04   max: -.3510E+05   C at   82  2   RLX: 0.000
       a =  3.000      CL =  0.3867
      Cm = -0.0486     CD =  0.17531   =>   CDf =  0.00309    CDp =  0.17223

 MRCHDU: Convergence failed at  99  side 2    Res =  0.5995E-03
 Side 1  free  transition at x/c =  0.4938   46
 Side 2  free  transition at x/c =  0.0276   15

 135   rms: 0.4252E+04   max: 0.8180E+05   C at   82  2   RLX: 0.000
       a =  3.000      CL =  0.3867
      Cm = -0.0486     CD =  0.17586   =>   CDf =  0.00309    CDp =  0.17277

 MRCHDU: Convergence failed at  99  side 2    Res =  0.8196E-03
 Side 1  free  transition at x/c =  0.4938   46
 Side 2  free  transition at x/c =  0.0276   15

 136   rms: 0.3788E+03   max: -.7276E+04   C at   82  2   RLX: 0.000
       a =  3.000      CL =  0.3867
      Cm = -0.0486     CD =  0.17540   =>   CDf =  0.00309    CDp =  0.17231

 MRCHDU: Convergence failed at  99  side 2    Res =  0.7595E-03
 Side 1  free  transition at x/c =  0.4938   46
 Side 2  free  transition at x/c =  0.0276   15

 137   rms: 0.1100E+04   max: -.2115E+05   C at   82  2   RLX: 0.000
       a =  3.000      CL =  0.3867
      Cm = -0.0486     CD =  0.17536   =>   CDf =  0.00309    CDp =  0.17227

 MRCHDU: Convergence failed at  99  side 2    Res =  0.6982E-03
 Side 1  free  transition at x/c =  0.4938   46
 Side 2  free  transition at x/c =  0.0276   15

 138   rms: 0.3010E+05   max: 0.5790E+06   C at   82  2   RLX: 0.000
       a =  3.000      CL =  0.3868
      Cm = -0.0486     CD =  0.17593   =>   CDf =  0.00309    CDp =  0.17284

 MRCHDU: Convergence failed at  99  side 2    Res =  0.9353E-03
 Side 1  free  transition at x/c =  0.4938   46
 Side 2  free  transition at x/c =  0.0276   15

 139   rms: 0.2972E+03   max: -.5705E+04   C at   82  2   RLX: 0.000
       a =  3.000      CL =  0.3868
      Cm = -0.0486     CD =  0.17545   =>   CDf =  0.00309    CDp =  0.17236

 MRCHDU: Convergence failed at  99  side 2    Res =  0.8740E-03
 Side 1  free  transition at x/c =  0.4938   46
 Side 2  free  transition at x/c =  0.0276   15

 140   rms: 0.7534E+03   max: -.1448E+05   C at   82  2   RLX: 0.000
       a =  3.000      CL =  0.3867
      Cm = -0.0486     CD =  0.17540   =>   CDf =  0.00309    CDp =  0.17231

 MRCHDU: Convergence failed at  99  side 2    Res =  0.8096E-03
 Side 1  free  transition at x/c =  0.4938   46
 Side 2  free  transition at x/c =  0.0276   15

 141   rms: 0.4848E+04   max: -.9324E+05   C at   82  2   RLX: 0.000
       a =  3.000      CL =  0.3867
      Cm = -0.0486     CD =  0.17537   =>   CDf =  0.00309    CDp =  0.17228

 MRCHDU: Convergence failed at  99  side 2    Res =  0.7490E-03
 Side 1  free  transition at x/c =  0.4938   46
 Side 2  free  transition at x/c =  0.0276   15

 142   rms: 0.2529E+04   max: 0.4865E+05   C at   82  2   RLX: 0.000
       a =  3.000      CL =  0.3868
      Cm = -0.0486     CD =  0.17591   =>   CDf =  0.00309    CDp =  0.17282

 MRCHDU: Convergence failed at  99  side 2    Res =  0.9593E-03
 Side 1  free  transition at x/c =  0.4938   46
 Side 2  free  transition at x/c =  0.0276   15

 143   rms: 0.5388E+03   max: -.1036E+05   C at   82  2   RLX: 0.000
       a =  3.000      CL =  0.3868
      Cm = -0.0486     CD =  0.17544   =>   CDf =  0.00309    CDp =  0.17235

 MRCHDU: Convergence failed at  99  side 2    Res =  0.8930E-03
 Side 1  free  transition at x/c =  0.4938   46
 Side 2  free  transition at x/c =  0.0276   15

 144   rms: 0.1991E+04   max: -.3829E+05   C at   82  2   RLX: 0.000
       a =  3.000      CL =  0.3868
      Cm = -0.0486     CD =  0.17540   =>   CDf =  0.00309    CDp =  0.17232

 MRCHDU: Convergence failed at  99  side 2    Res =  0.8293E-03
 Side 1  free  transition at x/c =  0.4938   46
 Side 2  free  transition at x/c =  0.0276   15

 145   rms: 0.4283E+04   max: 0.8240E+05   C at   82  2   RLX: 0.000
       a =  3.000      CL =  0.3868
      Cm = -0.0486     CD =  0.17598   =>   CDf =  0.00309    CDp =  0.17289

 MRCHDU: Convergence failed at  99  side 2    Res =  0.1056E-02
 Side 1  free  transition at x/c =  0.4938   46
 Side 2  free  transition at x/c =  0.0276   15

 146   rms: 0.4057E+03   max: -.7794E+04   C at   82  2   RLX: 0.000
       a =  3.000      CL =  0.3868
      Cm = -0.0486     CD =  0.17548   =>   CDf =  0.00309    CDp =  0.17239

 MRCHDU: Convergence failed at  99  side 2    Res =  0.9871E-03
 Side 1  free  transition at x/c =  0.4938   46
 Side 2  free  transition at x/c =  0.0276   15

 147   rms: 0.1179E+04   max: -.2267E+05   C at   82  2   RLX: 0.000
       a =  3.000      CL =  0.3868
      Cm = -0.0486     CD =  0.17544   =>   CDf =  0.00309    CDp =  0.17235

 MRCHDU: Convergence failed at  99  side 2    Res =  0.9199E-03
 Side 1  free  transition at x/c =  0.4938   46
 Side 2  free  transition at x/c =  0.0276   15

 148   rms: 0.2551E+05   max: 0.4907E+06   C at   82  2   RLX: 0.000
       a =  3.000      CL =  0.3868
      Cm = -0.0486     CD =  0.17605   =>   CDf =  0.00309    CDp =  0.17296

 MRCHDU: Convergence failed at  99  side 2    Res =  0.1164E-02
 Side 1  free  transition at x/c =  0.4938   46
 Side 2  free  transition at x/c =  0.0276   15

 149   rms: 0.3161E+03   max: -.6071E+04   C at   82  2   RLX: 0.000
       a =  3.000      CL =  0.3868
      Cm = -0.0486     CD =  0.17552   =>   CDf =  0.00309    CDp =  0.17244

 MRCHDU: Convergence failed at  99  side 2    Res =  0.1093E-02
 Side 1  free  transition at x/c =  0.4938   46
 Side 2  free  transition at x/c =  0.0276   15

 150   rms: 0.7997E+03   max: -.1538E+05   C at   82  2   RLX: 0.000
       a =  3.000      CL =  0.3868
      Cm = -0.0486     CD =  0.17548   =>   CDf =  0.00309    CDp =  0.17239

 MRCHDU: Convergence failed at  99  side 2    Res =  0.1022E-02
 Side 1  free  transition at x/c =  0.4938   46
 Side 2  free  transition at x/c =  0.0276   15

 151   rms: 0.5205E+04   max: -.1001E+06   C at   82  2   RLX: 0.000
       a =  3.000      CL =  0.3868
      Cm = -0.0486     CD =  0.17545   =>   CDf =  0.00309    CDp =  0.17236

 MRCHDU: Convergence failed at  99  side 2    Res =  0.9574E-03
 Side 1  free  transition at x/c =  0.4938   46
 Side 2  free  transition at x/c =  0.0276   15

 152   rms: 0.2644E+04   max: 0.5087E+05   C at   82  2   RLX: 0.000
       a =  3.000      CL =  0.3868
      Cm = -0.0486     CD =  0.17602   =>   CDf =  0.00309    CDp =  0.17293

 MRCHDU: Convergence failed at  99  side 2    Res =  0.1173E-02
 Side 1  free  transition at x/c =  0.4938   46
 Side 2  free  transition at x/c =  0.0276   15

 153   rms: 0.5686E+03   max: -.1093E+05   C at   82  2   RLX: 0.000
       a =  3.000      CL =  0.3868
      Cm = -0.0486     CD =  0.17551   =>   CDf =  0.00309    CDp =  0.17242

 MRCHDU: Convergence failed at  99  side 2    Res =  0.1099E-02
 Side 1  free  transition at x/c =  0.4938   46
 Side 2  free  transition at x/c =  0.0276   15

 154   rms: 0.2100E+04   max: -.4039E+05   C at   82  2   RLX: 0.000
       a =  3.000      CL =  0.3868
      Cm = -0.0486     CD =  0.17548   =>   CDf =  0.00309    CDp =  0.17239

 MRCHDU: Convergence failed at  99  side 2    Res =  0.1031E-02
 Side 1  free  transition at x/c =  0.4938   46
 Side 2  free  transition at x/c =  0.0276   15

 155   rms: 0.4491E+04   max: 0.8639E+05   C at   82  2   RLX: 0.000
       a =  3.000      CL =  0.3869
      Cm = -0.0486     CD =  0.17608   =>   CDf =  0.00309    CDp =  0.17299

 MRCHDU: Convergence failed at  99  side 2    Res =  0.1263E-02
 Side 1  free  transition at x/c =  0.4938   46
 Side 2  free  transition at x/c =  0.0276   15

 156   rms: 0.4267E+03   max: -.8199E+04   C at   82  2   RLX: 0.000
       a =  3.000      CL =  0.3868
      Cm = -0.0486     CD =  0.17555   =>   CDf =  0.00309    CDp =  0.17246

 MRCHDU: Convergence failed at  99  side 2    Res =  0.1186E-02
 Side 1  free  transition at x/c =  0.4938   46
 Side 2  free  transition at x/c =  0.0276   15

 157   rms: 0.1229E+04   max: -.2364E+05   C at   82  2   RLX: 0.000
       a =  3.000      CL =  0.3868
      Cm = -0.0486     CD =  0.17551   =>   CDf =  0.00309    CDp =  0.17242

 MRCHDU: Convergence failed at  99  side 2    Res =  0.1114E-02
 Side 1  free  transition at x/c =  0.4938   46
 Side 2  free  transition at x/c =  0.0276   15

 158   rms: 0.2675E+05   max: 0.5146E+06   C at   82  2   RLX: 0.000
       a =  3.000      CL =  0.3869
      Cm = -0.0486     CD =  0.17615   =>   CDf =  0.00309    CDp =  0.17306

 MRCHDU: Convergence failed at  99  side 2    Res =  0.1364E-02
 Side 1  free  transition at x/c =  0.4938   46
 Side 2  free  transition at x/c =  0.0276   15

 159   rms: 0.3311E+03   max: -.6360E+04   C at   82  2   RLX: 0.000
       a =  3.000      CL =  0.3869
      Cm = -0.0486     CD =  0.17559   =>   CDf =  0.00309    CDp =  0.17250

 MRCHDU: Convergence failed at  99  side 2    Res =  0.1284E-02
 Side 1  free  transition at x/c =  0.4938   46
 Side 2  free  transition at x/c =  0.0276   15

 160   rms: 0.8307E+03   max: -.1597E+05   C at   82  2   RLX: 0.000
       a =  3.000      CL =  0.3869
      Cm = -0.0486     CD =  0.17555   =>   CDf =  0.00309    CDp =  0.17246

 MRCHDU: Convergence failed at  99  side 2    Res =  0.1207E-02
 Side 1  free  transition at x/c =  0.4938   46
 Side 2  free  transition at x/c =  0.0276   15

 161   rms: 0.5403E+04   max: -.1039E+06   C at   82  2   RLX: 0.000
       a =  3.000      CL =  0.3869
      Cm = -0.0486     CD =  0.17552   =>   CDf =  0.00309    CDp =  0.17243

 MRCHDU: Convergence failed at  99  side 2    Res =  0.1139E-02
 Side 1  free  transition at x/c =  0.4938   46
 Side 2  free  transition at x/c =  0.0276   15

 162   rms: 0.2750E+04   max: 0.5290E+05   C at   82  2   RLX: 0.000
       a =  3.000      CL =  0.3869
      Cm = -0.0486     CD =  0.17610   =>   CDf =  0.00309    CDp =  0.17302

 MRCHDU: Convergence failed at  99  side 2    Res =  0.1358E-02
 Side 1  free  transition at x/c =  0.4938   46
 Side 2  free  transition at x/c =  0.0276   15

 163   rms: 0.5894E+03   max: -.1133E+05   C at   82  2   RLX: 0.000
       a =  3.000      CL =  0.3869
      Cm = -0.0486     CD =  0.17557   =>   CDf =  0.00309    CDp =  0.17249

 MRCHDU: Convergence failed at  99  side 2    Res =  0.1278E-02
 Side 1  free  transition at x/c =  0.4938   46
 Side 2  free  transition at x/c =  0.0276   15

 164   rms: 0.2182E+04   max: -.4196E+05   C at   82  2   RLX: 0.000
       a =  3.000      CL =  0.3869
      Cm = -0.0486     CD =  0.17554   =>   CDf =  0.00309    CDp =  0.17246

 MRCHDU: Convergence failed at  99  side 2    Res =  0.1206E-02
 Side 1  free  transition at x/c =  0.4938   46
 Side 2  free  transition at x/c =  0.0276   15

 165   rms: 0.4652E+04   max: 0.8949E+05   C at   82  2   RLX: 0.000
       a =  3.000      CL =  0.3869
      Cm = -0.0486     CD =  0.17616   =>   CDf =  0.00309    CDp =  0.17308

 MRCHDU: Convergence failed at  99  side 2    Res =  0.1442E-02
 Side 1  free  transition at x/c =  0.4938   46
 Side 2  free  transition at x/c =  0.0276   15

 166   rms: 0.4440E+03   max: -.8533E+04   C at   82  2   RLX: 0.000
       a =  3.000      CL =  0.3869
      Cm = -0.0486     CD =  0.17560   =>   CDf =  0.00309    CDp =  0.17252

 MRCHDU: Convergence failed at  99  side 2    Res =  0.1359E-02
 Side 1  free  transition at x/c =  0.4938   46
 Side 2  free  transition at x/c =  0.0276   15

 167   rms: 0.1277E+04   max: -.2456E+05   C at   82  2   RLX: 0.000
       a =  3.000      CL =  0.3869
      Cm = -0.0486     CD =  0.17557   =>   CDf =  0.00309    CDp =  0.17248

 MRCHDU: Convergence failed at  99  side 2    Res =  0.1283E-02
 Side 1  free  transition at x/c =  0.4938   46
 Side 2  free  transition at x/c =  0.0276   15

 168   rms: 0.2778E+05   max: 0.5344E+06   C at   82  2   RLX: 0.000
       a =  3.000      CL =  0.3869
      Cm = -0.0486     CD =  0.17623   =>   CDf =  0.00309    CDp =  0.17314

 MRCHDU: Convergence failed at  99  side 2    Res =  0.1537E-02
 Side 1  free  transition at x/c =  0.4938   46
 Side 2  free  transition at x/c =  0.0276   15

 169   rms: 0.3417E+03   max: -.6564E+04   C at   82  2   RLX: 0.000
       a =  3.000      CL =  0.3869
      Cm = -0.0486     CD =  0.17564   =>   CDf =  0.00309    CDp =  0.17255

 MRCHDU: Convergence failed at  99  side 2    Res =  0.1448E-02
 Side 1  free  transition at x/c =  0.4938   46
 Side 2  free  transition at x/c =  0.0276   15

 170   rms: 0.8626E+03   max: -.1659E+05   C at   82  2   RLX: 0.000
       a =  3.000      CL =  0.3869
      Cm = -0.0487     CD =  0.17560   =>   CDf =  0.00309    CDp =  0.17251

 MRCHDU: Convergence failed at  99  side 2    Res =  0.1367E-02
 Side 1  free  transition at x/c =  0.4938   46
 Side 2  free  transition at x/c =  0.0276   15

 171   rms: 0.5696E+04   max: -.1096E+06   C at   82  2   RLX: 0.000
       a =  3.000      CL =  0.3869
      Cm = -0.0487     CD =  0.17558   =>   CDf =  0.00309    CDp =  0.17249

 MRCHDU: Convergence failed at  99  side 2    Res =  0.1297E-02
 Side 1  free  transition at x/c =  0.4938   46
 Side 2  free  transition at x/c =  0.0276   15

 172   rms: 0.2813E+04   max: 0.5411E+05   C at   82  2   RLX: 0.000
       a =  3.000      CL =  0.3869
      Cm = -0.0486     CD =  0.17617   =>   CDf =  0.00309    CDp =  0.17309

 MRCHDU: Convergence failed at  99  side 2    Res =  0.1519E-02
 Side 1  free  transition at x/c =  0.4938   46
 Side 2  free  transition at x/c =  0.0276   15

 173   rms: 0.6110E+03   max: -.1175E+05   C at   82  2   RLX: 0.000
       a =  3.000      CL =  0.3869
      Cm = -0.0487     CD =  0.17562   =>   CDf =  0.00309    CDp =  0.17254

 MRCHDU: Convergence failed at  99  side 2    Res =  0.1434E-02
 Side 1  free  transition at x/c =  0.4938   46
 Side 2  free  transition at x/c =  0.0276   15

 174   rms: 0.2281E+04   max: -.4387E+05   C at   82  2   RLX: 0.000
       a =  3.000      CL =  0.3869
      Cm = -0.0487     CD =  0.17560   =>   CDf =  0.00309    CDp =  0.17251

 MRCHDU: Convergence failed at  99  side 2    Res =  0.1359E-02
 Side 1  free  transition at x/c =  0.4938   46
 Side 2  free  transition at x/c =  0.0276   15

 175   rms: 0.4679E+04   max: 0.9001E+05   C at   82  2   RLX: 0.000
       a =  3.000      CL =  0.3870
      Cm = -0.0487     CD =  0.17623   =>   CDf =  0.00309    CDp =  0.17314

 MRCHDU: Convergence failed at  99  side 2    Res =  0.1597E-02
 Side 1  free  transition at x/c =  0.4938   46
 Side 2  free  transition at x/c =  0.0276   15

 176   rms: 0.4589E+03   max: -.8820E+04   C at   82  2   RLX: 0.000
       a =  3.000      CL =  0.3870
      Cm = -0.0487     CD =  0.17565   =>   CDf =  0.00309    CDp =  0.17256

 MRCHDU: Convergence failed at  99  side 2    Res =  0.1508E-02
 Side 1  free  transition at x/c =  0.4938   46
 Side 2  free  transition at x/c =  0.0276   15

 177   rms: 0.1332E+04   max: -.2561E+05   C at   82  2   RLX: 0.000
       a =  3.000      CL =  0.3870
      Cm = -0.0487     CD =  0.17562   =>   CDf =  0.00309    CDp =  0.17253

 MRCHDU: Convergence failed at  99  side 2    Res =  0.1429E-02
 Side 1  free  transition at x/c =  0.4938   46
 Side 2  free  transition at x/c =  0.0276   15

 178   rms: 0.2308E+05   max: 0.4439E+06   C at   82  2   RLX: 0.000
       a =  3.000      CL =  0.3870
      Cm = -0.0487     CD =  0.17629   =>   CDf =  0.00309    CDp =  0.17321

 MRCHDU: Convergence failed at  99  side 2    Res =  0.1686E-02
 Side 1  free  transition at x/c =  0.4938   46
 Side 2  free  transition at x/c =  0.0276   15

 179   rms: 0.3530E+03   max: -.6782E+04   C at   82  2   RLX: 0.000
       a =  3.000      CL =  0.3870
      Cm = -0.0487     CD =  0.17568   =>   CDf =  0.00309    CDp =  0.17259

 MRCHDU: Convergence failed at  99  side 2    Res =  0.1591E-02
 Side 1  free  transition at x/c =  0.4938   46
 Side 2  free  transition at x/c =  0.0276   15

 180   rms: 0.8992E+03   max: -.1729E+05   C at   82  2   RLX: 0.000
       a =  3.000      CL =  0.3870
      Cm = -0.0487     CD =  0.17565   =>   CDf =  0.00309    CDp =  0.17256

 MRCHDU: Convergence failed at  99  side 2    Res =  0.1507E-02
 Side 1  free  transition at x/c =  0.4938   46
 Side 2  free  transition at x/c =  0.0276   15

 181   rms: 0.6334E+04   max: -.1218E+06   C at   82  2   RLX: 0.000
       a =  3.000      CL =  0.3870
      Cm = -0.0487     CD =  0.17562   =>   CDf =  0.00309    CDp =  0.17254

 MRCHDU: Convergence failed at  99  side 2    Res =  0.1435E-02
 Side 1  free  transition at x/c =  0.4938   46
 Side 2  free  transition at x/c =  0.0276   15

 182   rms: 0.2811E+04   max: 0.5407E+05   C at   82  2   RLX: 0.000
       a =  3.000      CL =  0.3870
      Cm = -0.0487     CD =  0.17623   =>   CDf =  0.00309    CDp =  0.17314

 MRCHDU: Convergence failed at  99  side 2    Res =  0.1657E-02
 Side 1  free  transition at x/c =  0.4938   46
 Side 2  free  transition at x/c =  0.0276   15

 183   rms: 0.6351E+03   max: -.1221E+05   C at   82  2   RLX: 0.000
       a =  3.000      CL =  0.3870
      Cm = -0.0487     CD =  0.17567   =>   CDf =  0.00309    CDp =  0.17258

 MRCHDU: Convergence failed at  99  side 2    Res =  0.1569E-02
 Side 1  free  transition at x/c =  0.4938   46
 Side 2  free  transition at x/c =  0.0276   15

 184   rms: 0.2437E+04   max: -.4688E+05   C at   82  2   RLX: 0.000
       a =  3.000      CL =  0.3870
      Cm = -0.0487     CD =  0.17564   =>   CDf =  0.00309    CDp =  0.17256

 MRCHDU: Convergence failed at  99  side 2    Res =  0.1493E-02
 Side 1  free  transition at x/c =  0.4938   46
 Side 2  free  transition at x/c =  0.0276   15

 185   rms: 0.4523E+04   max: 0.8701E+05   C at   82  2   RLX: 0.000
       a =  3.000      CL =  0.3870
      Cm = -0.0487     CD =  0.17629   =>   CDf =  0.00309    CDp =  0.17320

 MRCHDU: Convergence failed at  99  side 2    Res =  0.1732E-02
 Side 1  free  transition at x/c =  0.4938   46
 Side 2  free  transition at x/c =  0.0276   15

 186   rms: 0.4745E+03   max: -.9121E+04   C at   82  2   RLX: 0.000
       a =  3.000      CL =  0.3870
      Cm = -0.0487     CD =  0.17569   =>   CDf =  0.00309    CDp =  0.17260

 MRCHDU: Convergence failed at  99  side 2    Res =  0.1639E-02
 Side 1  free  transition at x/c =  0.4938   46
 Side 2  free  transition at x/c =  0.0276   15

 187   rms: 0.1412E+04   max: -.2715E+05   C at   82  2   RLX: 0.000
       a =  3.000      CL =  0.3870
      Cm = -0.0487     CD =  0.17567   =>   CDf =  0.00309    CDp =  0.17258

 MRCHDU: Convergence failed at  99  side 2    Res =  0.1558E-02
 Side 1  free  transition at x/c =  0.4938   46
 Side 2  free  transition at x/c =  0.0276   15

 188   rms: 0.1678E+05   max: 0.3229E+06   C at   82  2   RLX: 0.000
       a =  3.000      CL =  0.3870
      Cm = -0.0487     CD =  0.17635   =>   CDf =  0.00309    CDp =  0.17326

 MRCHDU: Convergence failed at  99  side 2    Res =  0.1814E-02
 Side 1  free  transition at x/c =  0.4938   46
 Side 2  free  transition at x/c =  0.0276   15

 189   rms: 0.3607E+03   max: -.6931E+04   C at   82  2   RLX: 0.000
       a =  3.000      CL =  0.3870
      Cm = -0.0487     CD =  0.17572   =>   CDf =  0.00309    CDp =  0.17263

 MRCHDU: Convergence failed at  99  side 2    Res =  0.1717E-02
 Side 1  free  transition at x/c =  0.4938   46
 Side 2  free  transition at x/c =  0.0276   15

 190   rms: 0.9444E+03   max: -.1816E+05   C at   82  2   RLX: 0.000
       a =  3.000      CL =  0.3870
      Cm = -0.0487     CD =  0.17569   =>   CDf =  0.00309    CDp =  0.17260

 MRCHDU: Convergence failed at  99  side 2    Res =  0.1632E-02
 Side 1  free  transition at x/c =  0.4938   46
 Side 2  free  transition at x/c =  0.0276   15

 191   rms: 0.7451E+04   max: -.1433E+06   C at   82  2   RLX: 0.000
       a =  3.000      CL =  0.3870
      Cm = -0.0487     CD =  0.17567   =>   CDf =  0.00309    CDp =  0.17258

 MRCHDU: Convergence failed at  99  side 2    Res =  0.1559E-02
 Side 1  free  transition at x/c =  0.4938   46
 Side 2  free  transition at x/c =  0.0276   15

 192   rms: 0.2761E+04   max: 0.5312E+05   C at   82  2   RLX: 0.000
       a =  3.000      CL =  0.3871
      Cm = -0.0487     CD =  0.17628   =>   CDf =  0.00309    CDp =  0.17319

 MRCHDU: Convergence failed at  99  side 2    Res =  0.1781E-02
 Side 1  free  transition at x/c =  0.4938   46
 Side 2  free  transition at x/c =  0.0276   15

 193   rms: 0.6640E+03   max: -.1277E+05   C at   82  2   RLX: 0.000
       a =  3.000      CL =  0.3871
      Cm = -0.0487     CD =  0.17571   =>   CDf =  0.00309    CDp =  0.17262

 MRCHDU: Convergence failed at  99  side 2    Res =  0.1691E-02
 Side 1  free  transition at x/c =  0.4938   46
 Side 2  free  transition at x/c =  0.0276   15

 194   rms: 0.2656E+04   max: -.5109E+05   C at   82  2   RLX: 0.000
       a =  3.000      CL =  0.3870
      Cm = -0.0487     CD =  0.17569   =>   CDf =  0.00309    CDp =  0.17260

 MRCHDU: Convergence failed at  99  side 2    Res =  0.1613E-02
 Side 1  free  transition at x/c =  0.4938   46
 Side 2  free  transition at x/c =  0.0276   15

 195   rms: 0.4280E+04   max: 0.8233E+05   C at   82  2   RLX: 0.000
       a =  3.000      CL =  0.3871
      Cm = -0.0487     CD =  0.17633   =>   CDf =  0.00309    CDp =  0.17324

 MRCHDU: Convergence failed at  99  side 2    Res =  0.1851E-02
 Side 1  free  transition at x/c =  0.4938   46
 Side 2  free  transition at x/c =  0.0276   15

 196   rms: 0.4871E+03   max: -.9364E+04   C at   82  2   RLX: 0.000
       a =  3.000      CL =  0.3871
      Cm = -0.0487     CD =  0.17573   =>   CDf =  0.00309    CDp =  0.17264

 MRCHDU: Convergence failed at  99  side 2    Res =  0.1757E-02
 Side 1  free  transition at x/c =  0.4938   46
 Side 2  free  transition at x/c =  0.0276   15

 197   rms: 0.1501E+04   max: -.2887E+05   C at   82  2   RLX: 0.000
       a =  3.000      CL =  0.3871
      Cm = -0.0487     CD =  0.17571   =>   CDf =  0.00309    CDp =  0.17262

 MRCHDU: Convergence failed at  99  side 2    Res =  0.1676E-02
 Side 1  free  transition at x/c =  0.4938   46
 Side 2  free  transition at x/c =  0.0276   15

 198   rms: 0.1285E+05   max: 0.2472E+06   C at   82  2   RLX: 0.000
       a =  3.000      CL =  0.3871
      Cm = -0.0487     CD =  0.17639   =>   CDf =  0.00309    CDp =  0.17330

 MRCHDU: Convergence failed at  99  side 2    Res =  0.1931E-02
 Side 1  free  transition at x/c =  0.4938   46
 Side 2  free  transition at x/c =  0.0276   15

 199   rms: 0.3742E+03   max: -.7192E+04   C at   82  2   RLX: 0.000
       a =  3.000      CL =  0.3871
      Cm = -0.0487     CD =  0.17576   =>   CDf =  0.00309    CDp =  0.17267

 MRCHDU: Convergence failed at  99  side 2    Res =  0.1832E-02
 Side 1  free  transition at x/c =  0.4938   46
 Side 2  free  transition at x/c =  0.0276   15

 200   rms: 0.9964E+03   max: -.1916E+05   C at   82  2   RLX: 0.000
       a =  3.000      CL =  0.3871
      Cm = -0.0487     CD =  0.17573   =>   CDf =  0.00309    CDp =  0.17264

 MRCHDU: Convergence failed at  99  side 2    Res =  0.1745E-02
 Side 1  free  transition at x/c =  0.4938   46
 Side 2  free  transition at x/c =  0.0276   15

 201   rms: 0.9328E+04   max: -.1794E+06   C at   82  2   RLX: 0.000
       a =  3.000      CL =  0.3871
      Cm = -0.0487     CD =  0.17571   =>   CDf =  0.00309    CDp =  0.17262

 MRCHDU: Convergence failed at  99  side 2    Res =  0.1672E-02
 Side 1  free  transition at x/c =  0.4938   46
 Side 2  free  transition at x/c =  0.0276   15

 202   rms: 0.2686E+04   max: 0.5167E+05   C at   82  2   RLX: 0.000
       a =  3.000      CL =  0.3871
      Cm = -0.0487     CD =  0.17632   =>   CDf =  0.00309    CDp =  0.17323

 MRCHDU: Convergence failed at  99  side 2    Res =  0.1893E-02
 Side 1  free  transition at x/c =  0.4938   46
 Side 2  free  transition at x/c =  0.0276   15

 203   rms: 0.6960E+03   max: -.1338E+05   C at   82  2   RLX: 0.000
       a =  3.000      CL =  0.3871
      Cm = -0.0487     CD =  0.17575   =>   CDf =  0.00309    CDp =  0.17266

 MRCHDU: Convergence failed at  99  side 2    Res =  0.1802E-02
 Side 1  free  transition at x/c =  0.4938   46
 Side 2  free  transition at x/c =  0.0276   15

 204   rms: 0.2936E+04   max: -.5648E+05   C at   82  2   RLX: 0.000
       a =  3.000      CL =  0.3871
      Cm = -0.0487     CD =  0.17572   =>   CDf =  0.00309    CDp =  0.17264

 MRCHDU: Convergence failed at  99  side 2    Res =  0.1724E-02
 Side 1  free  transition at x/c =  0.4938   46
 Side 2  free  transition at x/c =  0.0276   15

 205   rms: 0.4010E+04   max: 0.7715E+05   C at   82  2   RLX: 0.000
       a =  3.000      CL =  0.3871
      Cm = -0.0487     CD =  0.17637   =>   CDf =  0.00309    CDp =  0.17328
 VISCAL:  Convergence failed
      9.000    3.7815   0.176370   0.000000   0.000000   0.000000    0.4938     #

 Sequence halted since previous  4 points did not converge
 Last-converged  alpha =   0.000    CL =  -0.00000

.OPERva   c>   BLs will be initialized on next point

.OPERva   c>   Calculating wake trajectory ...
 Calculating source influence matrix ...

 Solving BL system ...

 Initializing BL ...
    side            1  ...
 MRCHUE: Inverse mode at  41     Hk =   4.373
 MRCHUE: Inverse mode at  42     Hk =   5.406
 MRCHUE: Inverse mode at  43     Hk =   6.424
 MRCHUE: Inverse mode at  44     Hk =   7.433
 MRCHUE: Inverse mode at  45     Hk =   3.863
 MRCHUE: Inverse mode at  46     Hk =   2.500
    side            2  ...
 MRCHUE: Inverse mode at  14     Hk =   4.455
 MRCHUE: Convergence failed at  15  side 2    Res =  0.2381E+01
 MRCHUE: Convergence failed at  16  side 2    Res =  0.4262E+01
 MRCHUE: Convergence failed at  17  side 2    Res =  0.5478E+01
 MRCHUE: Inverse mode at  18     Hk =   2.500

 MRCHDU: Convergence failed at  15  side 2    Res =  0.3131E+01
 MRCHDU: Convergence failed at  16  side 2    Res =  0.1873E+02
 MRCHDU: Convergence failed at  17  side 2    Res =  0.2821E+02
 MRCHDU: Convergence failed at  18  side 2    Res =  0.2086E+02
 MRCHDU: Convergence failed at  19  side 2    Res =  0.2035E+02
 MRCHDU: Convergence failed at  20  side 2    Res =  0.2913E+02
 MRCHDU: Convergence failed at  21  side 2    Res =  0.1158E+02
 MRCHDU: Convergence failed at  22  side 2    Res =  0.4481E+04
 MRCHDU: Convergence failed at  23  side 2    Res =  0.5319E+02
 MRCHDU: Convergence failed at  24  side 2    Res =  0.5697E+02
 MRCHDU: Convergence failed at  25  side 2    Res =  0.7606E+01
 MRCHDU: Convergence failed at  26  side 2    Res =  0.2608E+02
 MRCHDU: Convergence failed at  27  side 2    Res =  0.2015E+02
 MRCHDU: Convergence failed at  28  side 2    Res =  0.2141E+02
 MRCHDU: Convergence failed at  29  side 2    Res =  0.2007E+02
 MRCHDU: Convergence failed at  30  side 2    Res =  0.1632E+02
 MRCHDU: Convergence failed at  31  side 2    Res =  0.1114E+02
 MRCHDU: Convergence failed at  32  side 2    Res =  0.1161E+02
 MRCHDU: Convergence failed at  33  side 2    Res =  0.1185E+02
 MRCHDU: Convergence failed at  34  side 2    Res =  0.1195E+02
 MRCHDU: Convergence failed at  35  side 2    Res =  0.1196E+02
 MRCHDU: Convergence failed at  36  side 2    Res =  0.1198E+02
 MRCHDU: Convergence failed at  37  side 2    Res =  0.1150E+02
 MRCHDU: Convergence failed at  38  side 2    Res =  0.1196E+02
 MRCHDU: Convergence failed at  39  side 2    Res =  0.1359E+02
 MRCHDU: Convergence failed at  40  side 2    Res =  0.1441E+02
 MRCHDU: Convergence failed at  41  side 2    Res =  0.1530E+02
 MRCHDU: Convergence failed at  42  side 2    Res =  0.1723E+02
 MRCHDU: Convergence failed at  43  side 2    Res =  0.2319E+02
 MRCHDU: Convergence failed at  44  side 2    Res =  0.2443E+02
 MRCHDU: Convergence failed at  45  side 2    Res =  0.2501E+02
 MRCHDU: Convergence failed at  46  side 2    Res =  0.2522E+02
 MRCHDU: Convergence failed at  47  side 2    Res =  0.2520E+02
 MRCHDU: Convergence failed at  48  side 2    Res =  0.2509E+02
 MRCHDU: Convergence failed at  49  side 2    Res =  0.2501E+02
 MRCHDU: Convergence failed at  50  side 2    Res =  0.2511E+02
 MRCHDU: Convergence failed at  51  side 2    Res =  0.2575E+02
 MRCHDU: Convergence failed at  52  side 2    Res =  0.3996E+02
 MRCHDU: Convergence failed at  53  side 2    Res =  0.4196E+02
 MRCHDU: Convergence failed at  54  side 2    Res =  0.4416E+02
 MRCHDU: Convergence failed at  55  side 2    Res =  0.4690E+02
 MRCHDU: Convergence failed at  56  side 2    Res =  0.5014E+02
 MRCHDU: Convergence failed at  57  side 2    Res =  0.5371E+02
 MRCHDU: Convergence failed at  58  side 2    Res =  0.5751E+02
 MRCHDU: Convergence failed at  59  side 2    Res =  0.6143E+02
 MRCHDU: Convergence failed at  60  side 2    Res =  0.6523E+02
 MRCHDU: Convergence failed at  61  side 2    Res =  0.6856E+02
 MRCHDU: Convergence failed at  62  side 2    Res =  0.7095E+02
 MRCHDU: Convergence failed at  63  side 2    Res =  0.7159E+02
 MRCHDU: Convergence failed at  64  side 2    Res =  0.6916E+02
 MRCHDU: Convergence failed at  65  side 2    Res =  0.6539E+02
 MRCHDU: Convergence failed at  66  side 2    Res =  0.6151E+02
 MRCHDU: Convergence failed at  67  side 2    Res =  0.5815E+02
 MRCHDU: Convergence failed at  68  side 2    Res =  0.5572E+02
 MRCHDU: Convergence failed at  69  side 2    Res =  0.5456E+02
 MRCHDU: Convergence failed at  70  side 2    Res =  0.5580E+02
 MRCHDU: Convergence failed at  71  side 2    Res =  0.5981E+02
 MRCHDU: Convergence failed at  72  side 2    Res =  0.6547E+02
 MRCHDU: Convergence failed at  73  side 2    Res =  0.7223E+02
 MRCHDU: Convergence failed at  74  side 2    Res =  0.7899E+02
 MRCHDU: Convergence failed at  75  side 2    Res =  0.8382E+02
 MRCHDU: Convergence failed at  76  side 2    Res =  0.8358E+02
 MRCHDU: Convergence failed at  77  side 2    Res =  0.7431E+02
 MRCHDU: Convergence failed at  78  side 2    Res =  0.7039E+02
 MRCHDU: Convergence failed at  79  side 2    Res =  0.6641E+02
 MRCHDU: Convergence failed at  80  side 2    Res =  0.7755E+02
 MRCHDU: Convergence failed at  81  side 2    Res =  0.2387E+02
 MRCHDU: Convergence failed at  82  side 2    Res =  0.2161E+03
 MRCHDU: Convergence failed at  83  side 2    Res =  0.6805E+02
 MRCHDU: Convergence failed at  84  side 2    Res =  0.2225E+04
 Side 1  free  transition at x/c =  0.5088   45
 Side 2  free  transition at x/c =  0.0308   18

   1   rms: 0.1360E+01   max: -.9929E+00   U at   84  2   RLX: 0.204
       a = -1.000      CL = -1.5699
      Cm =  0.4224     CD =  0.00525   =>   CDf =  0.00344    CDp =  0.00181

 Side 1  free  transition at x/c =  0.5132   45
 Side 2  free  transition at x/c =  0.0284   18

   2   rms: 0.1471E+01   max: 0.1058E+02   D at   17  2   RLX: 0.142
       a = -1.000      CL = -1.2010
      Cm =  0.3251     CD =  0.00732   =>   CDf =  0.01391    CDp = -0.00659

 MRCHDU: Convergence failed at  18  side 2    Res =  0.9977E+01
 MRCHDU: Convergence failed at  19  side 2    Res =  0.1776E+03
 MRCHDU: Convergence failed at  20  side 2    Res =  0.3360E+02
 MRCHDU: Convergence failed at  21  side 2    Res =  0.2392E+02
 MRCHDU: Convergence failed at  22  side 2    Res =  0.1550E+02
 MRCHDU: Convergence failed at  23  side 2    Res =  0.2964E+02
 MRCHDU: Convergence failed at  24  side 2    Res =  0.3843E+02
 MRCHDU: Convergence failed at  25  side 2    Res =  0.3212E+02
 MRCHDU: Convergence failed at  26  side 2    Res =  0.2779E+02
 MRCHDU: Convergence failed at  27  side 2    Res =  0.2320E+02
 MRCHDU: Convergence failed at  28  side 2    Res =  0.2061E+02
 MRCHDU: Convergence failed at  29  side 2    Res =  0.1933E+02
 MRCHDU: Convergence failed at  30  side 2    Res =  0.1850E+02
 MRCHDU: Convergence failed at  31  side 2    Res =  0.1813E+02
 MRCHDU: Convergence failed at  32  side 2    Res =  0.1974E+02
 MRCHDU: Convergence failed at  33  side 2    Res =  0.2038E+02
 MRCHDU: Convergence failed at  34  side 2    Res =  0.2091E+02
 MRCHDU: Convergence failed at  35  side 2    Res =  0.2134E+02
 MRCHDU: Convergence failed at  36  side 2    Res =  0.2170E+02
 MRCHDU: Convergence failed at  37  side 2    Res =  0.2203E+02
 MRCHDU: Convergence failed at  38  side 2    Res =  0.2236E+02
 MRCHDU: Convergence failed at  39  side 2    Res =  0.2066E+02
 MRCHDU: Convergence failed at  40  side 2    Res =  0.2274E+02
 MRCHDU: Convergence failed at  41  side 2    Res =  0.2491E+02
 MRCHDU: Convergence failed at  42  side 2    Res =  0.2821E+02
 MRCHDU: Convergence failed at  43  side 2    Res =  0.2456E+02
 MRCHDU: Convergence failed at  44  side 2    Res =  0.2518E+02
 MRCHDU: Convergence failed at  45  side 2    Res =  0.2570E+02
 MRCHDU: Convergence failed at  46  side 2    Res =  0.2611E+02
 MRCHDU: Convergence failed at  47  side 2    Res =  0.2641E+02
 MRCHDU: Convergence failed at  48  side 2    Res =  0.2662E+02
 MRCHDU: Convergence failed at  49  side 2    Res =  0.2676E+02
 MRCHDU: Convergence failed at  50  side 2    Res =  0.2688E+02
 MRCHDU: Convergence failed at  51  side 2    Res =  0.2701E+02
 MRCHDU: Convergence failed at  52  side 2    Res =  0.2720E+02
 MRCHDU: Convergence failed at  53  side 2    Res =  0.1219E+02
 MRCHDU: Convergence failed at  54  side 2    Res =  0.1218E+02
 MRCHDU: Convergence failed at  55  side 2    Res =  0.1217E+02
 MRCHDU: Convergence failed at  56  side 2    Res =  0.1215E+02
 MRCHDU: Convergence failed at  57  side 2    Res =  0.1212E+02
 MRCHDU: Convergence failed at  58  side 2    Res =  0.1210E+02
 MRCHDU: Convergence failed at  59  side 2    Res =  0.1208E+02
 MRCHDU: Convergence failed at  60  side 2    Res =  0.1206E+02
 MRCHDU: Convergence failed at  61  side 2    Res =  0.1206E+02
 MRCHDU: Convergence failed at  62  side 2    Res =  0.1206E+02
 MRCHDU: Convergence failed at  63  side 2    Res =  0.1209E+02
 MRCHDU: Convergence failed at  64  side 2    Res =  0.1216E+02
 MRCHDU: Convergence failed at  65  side 2    Res =  0.1226E+02
 MRCHDU: Convergence failed at  66  side 2    Res =  0.1216E+02
 MRCHDU: Convergence failed at  67  side 2    Res =  0.1231E+02
 MRCHDU: Convergence failed at  68  side 2    Res =  0.1248E+02
 MRCHDU: Convergence failed at  69  side 2    Res =  0.1265E+02
 MRCHDU: Convergence failed at  70  side 2    Res =  0.2884E+02
 MRCHDU: Convergence failed at  71  side 2    Res =  0.2880E+02
 MRCHDU: Convergence failed at  72  side 2    Res =  0.2881E+02
 MRCHDU: Convergence failed at  73  side 2    Res =  0.2884E+02
 MRCHDU: Convergence failed at  74  side 2    Res =  0.2884E+02
 MRCHDU: Convergence failed at  75  side 2    Res =  0.2880E+02
 MRCHDU: Convergence failed at  76  side 2    Res =  0.2869E+02
 MRCHDU: Convergence failed at  77  side 2    Res =  0.2847E+02
 MRCHDU: Convergence failed at  78  side 2    Res =  0.2841E+02
 MRCHDU: Convergence failed at  79  side 2    Res =  0.2830E+02
 MRCHDU: Convergence failed at  80  side 2    Res =  0.2850E+02
 MRCHDU: Convergence failed at  81  side 2    Res =  0.2923E+02
 MRCHDU: Convergence failed at  82  side 2    Res =  0.3015E+02
 MRCHDU: Convergence failed at  83  side 2    Res =  0.1299E+02
 MRCHDU: Convergence failed at  84  side 2    Res =  0.2796E+02
 Side 1  free  transition at x/c =  0.5164   45
 Side 2  free  transition at x/c =  0.0265   17

   3   rms: 0.1223E+01   max: -.3654E+01   T at   17  2   RLX: 0.137
       a = -1.000      CL = -1.3478
      Cm =  0.3707     CD =  0.00561   =>   CDf =  0.00349    CDp =  0.00212

 Side 1  free  transition at x/c =  0.5186   45
 Side 2  free  transition at x/c =  0.0284   18

   4   rms: 0.1350E+01   max: 0.1305E+02   T at   18  2   RLX: 0.115
       a = -1.000      CL = -0.5586
      Cm =  0.1262     CD =  0.04124   =>   CDf =  0.00367    CDp =  0.03757

 Side 1  free  transition at x/c =  0.5241   45
 Side 2  free  transition at x/c =  0.0275   18

   5   rms: 0.1584E+01   max: 0.1405E+02   T at   19  2   RLX: 0.050
       a = -1.000      CL = -0.6836
      Cm =  0.1523     CD =  0.04792   =>   CDf =  0.00371    CDp =  0.04421

 Side 1  free  transition at x/c =  0.5267   45
 Side 2  free  transition at x/c =  0.0278   19

   6   rms: 0.8410E+00   max: -.3065E+01   T at   19  2   RLX: 0.163
       a = -1.000      CL = -0.4361
      Cm =  0.0705     CD =  0.03805   =>   CDf =  0.00371    CDp =  0.03435

 Side 1  free  transition at x/c =  0.5337   45
 Side 2  free  transition at x/c =  0.0292   19

   7   rms: 0.1642E+01   max: 0.9602E+01   T at   19  2   RLX: 0.145
       a = -1.000      CL = -0.6412
      Cm =  0.0946     CD =  0.03459   =>   CDf =  0.00369    CDp =  0.03090

 MRCHDU: Convergence failed at  20  side 2    Res =  0.4504E+02
 MRCHDU: Convergence failed at  21  side 2    Res =  0.1403E+03
 MRCHDU: Convergence failed at  22  side 2    Res =  0.1938E+03
 MRCHDU: Convergence failed at  23  side 2    Res =  0.1106E+03
 MRCHDU: Convergence failed at  24  side 2    Res =  0.4914E+02
 MRCHDU: Convergence failed at  25  side 2    Res =  0.4769E+03
 MRCHDU: Convergence failed at  26  side 2    Res =  0.2883E+02
 MRCHDU: Convergence failed at  27  side 2    Res =  0.7310E+02
 MRCHDU: Convergence failed at  28  side 2    Res =  0.1107E+03
 MRCHDU: Convergence failed at  29  side 2    Res =  0.2925E+02
 MRCHDU: Convergence failed at  30  side 2    Res =  0.4884E+02
 MRCHDU: Convergence failed at  31  side 2    Res =  0.1882E+03
 MRCHDU: Convergence failed at  32  side 2    Res =  0.1076E+03
 MRCHDU: Convergence failed at  33  side 2    Res =  0.3972E+02
 MRCHDU: Convergence failed at  34  side 2    Res =  0.5148E+02
 MRCHDU: Convergence failed at  35  side 2    Res =  0.7313E+02
 MRCHDU: Convergence failed at  36  side 2    Res =  0.1208E+03
 MRCHDU: Convergence failed at  37  side 2    Res =  0.3234E+03
 MRCHDU: Convergence failed at  38  side 2    Res =  0.4701E+03
 MRCHDU: Convergence failed at  39  side 2    Res =  0.1265E+03
 MRCHDU: Convergence failed at  40  side 2    Res =  0.7823E+02
 MRCHDU: Convergence failed at  41  side 2    Res =  0.5032E+02
 MRCHDU: Convergence failed at  42  side 2    Res =  0.8913E+02
 MRCHDU: Convergence failed at  43  side 2    Res =  0.1190E+03
 MRCHDU: Convergence failed at  44  side 2    Res =  0.2075E+03
 MRCHDU: Convergence failed at  45  side 2    Res =  0.8159E+03
 MRCHDU: Convergence failed at  46  side 2    Res =  0.2995E+03
 MRCHDU: Convergence failed at  47  side 2    Res =  0.1647E+02
 MRCHDU: Convergence failed at  48  side 2    Res =  0.5627E+02
 MRCHDU: Convergence failed at  49  side 2    Res =  0.5822E+02
 MRCHDU: Convergence failed at  50  side 2    Res =  0.6037E+02
 MRCHDU: Convergence failed at  51  side 2    Res =  0.5997E+02
 MRCHDU: Convergence failed at  52  side 2    Res =  0.1178E+03
 MRCHDU: Convergence failed at  53  side 2    Res =  0.8271E+02
 MRCHDU: Convergence failed at  54  side 2    Res =  0.6653E+02
 MRCHDU: Convergence failed at  55  side 2    Res =  0.3220E+03
 MRCHDU: Convergence failed at  56  side 2    Res =  0.6859E+02
 MRCHDU: Convergence failed at  57  side 2    Res =  0.7234E+02
 MRCHDU: Convergence failed at  58  side 2    Res =  0.7946E+02
 MRCHDU: Convergence failed at  59  side 2    Res =  0.7679E+02
 MRCHDU: Convergence failed at  60  side 2    Res =  0.1069E+03
 MRCHDU: Convergence failed at  61  side 2    Res =  0.1117E+03
 MRCHDU: Convergence failed at  62  side 2    Res =  0.1157E+03
 MRCHDU: Convergence failed at  63  side 2    Res =  0.1197E+03
 MRCHDU: Convergence failed at  64  side 2    Res =  0.1244E+03
 MRCHDU: Convergence failed at  65  side 2    Res =  0.1295E+03
 MRCHDU: Convergence failed at  66  side 2    Res =  0.1354E+03
 MRCHDU: Convergence failed at  67  side 2    Res =  0.1424E+03
 MRCHDU: Convergence failed at  68  side 2    Res =  0.8716E+02
 MRCHDU: Convergence failed at  69  side 2    Res =  0.9587E+02
 MRCHDU: Convergence failed at  70  side 2    Res =  0.1354E+03
 MRCHDU: Convergence failed at  71  side 2    Res =  0.6051E+03
 MRCHDU: Convergence failed at  72  side 2    Res =  0.5798E+03
 MRCHDU: Convergence failed at  73  side 2    Res =  0.5588E+03
 MRCHDU: Convergence failed at  74  side 2    Res =  0.5440E+03
 MRCHDU: Convergence failed at  75  side 2    Res =  0.5301E+03
 MRCHDU: Convergence failed at  76  side 2    Res =  0.5211E+03
 MRCHDU: Convergence failed at  77  side 2    Res =  0.5021E+03
 MRCHDU: Convergence failed at  78  side 2    Res =  0.4691E+03
 MRCHDU: Convergence failed at  79  side 2    Res =  0.3319E+03
 MRCHDU: Convergence failed at  80  side 2    Res =  0.3683E+03
 MRCHDU: Convergence failed at  81  side 2    Res =  0.4232E+03
 MRCHDU: Convergence failed at  82  side 2    Res =  0.3775E+03
 MRCHDU: Convergence failed at  83  side 2    Res =  0.5638E+03
 MRCHDU: Convergence failed at  84  side 2    Res =  0.6480E+03
 MRCHDU: Convergence failed at  85  side 2    Res =  0.1316E+03
 MRCHDU: Convergence failed at  86  side 2    Res =  0.1609E+03
 Side 1  free  transition at x/c =  0.5427   45
 Side 2  free  transition at x/c =  0.0270   19

   8   rms: 0.2010E+01   max: -.1793E+02   T at   19  2   RLX: 0.028
       a = -1.000      CL = -3.4430
      Cm =  0.8803     CD =  0.00499   =>   CDf =  0.00328    CDp =  0.00170

 Side 1  free  transition at x/c =  0.5433   45
 Side 2  free  transition at x/c =  0.0276   19

   9   rms: 0.1667E+01   max: 0.9813E+01   T at   21  2   RLX: 0.132
       a = -1.000      CL = -1.8183
      Cm =  0.4034     CD =  0.04816   =>   CDf =  0.00367    CDp =  0.04449

 Side 1  free  transition at x/c =  0.5508   45
 Side 2  free  transition at x/c =  0.0276   19

  10   rms: 0.7071E+01   max: 0.3706E+02   T at   21  2   RLX: 0.028
       a = -1.000      CL = -1.9080
      Cm =  0.3935     CD =  0.06070   =>   CDf =  0.00371    CDp =  0.05699

 MRCHDU: Convergence failed at  21  side 2    Res =  0.7666E+02
 MRCHDU: Convergence failed at  22  side 2    Res =  0.7145E+02
 MRCHDU: Convergence failed at  23  side 2    Res =  0.4372E+02
 MRCHDU: Convergence failed at  24  side 2    Res =  0.1299E+03
 MRCHDU: Convergence failed at  25  side 2    Res =  0.1300E+03
 MRCHDU: Convergence failed at  26  side 2    Res =  0.1342E+03
 MRCHDU: Convergence failed at  27  side 2    Res =  0.6340E+02
 MRCHDU: Convergence failed at  28  side 2    Res =  0.8369E+02
 MRCHDU: Convergence failed at  29  side 2    Res =  0.1269E+04
 MRCHDU: Convergence failed at  30  side 2    Res =  0.8949E+02
 MRCHDU: Convergence failed at  31  side 2    Res =  0.7167E+02
 MRCHDU: Convergence failed at  32  side 2    Res =  0.1579E+03
 MRCHDU: Convergence failed at  33  side 2    Res =  0.7187E+03
 MRCHDU: Convergence failed at  34  side 2    Res =  0.1139E+03
 MRCHDU: Convergence failed at  35  side 2    Res =  0.6924E+02
 MRCHDU: Convergence failed at  36  side 2    Res =  0.8973E+02
 MRCHDU: Convergence failed at  37  side 2    Res =  0.1234E+03
 MRCHDU: Convergence failed at  38  side 2    Res =  0.2013E+03
 MRCHDU: Convergence failed at  39  side 2    Res =  0.4866E+03
 MRCHDU: Convergence failed at  40  side 2    Res =  0.9752E+03
 MRCHDU: Convergence failed at  41  side 2    Res =  0.2137E+03
 MRCHDU: Convergence failed at  42  side 2    Res =  0.1186E+03
 MRCHDU: Convergence failed at  43  side 2    Res =  0.8699E+02
 MRCHDU: Convergence failed at  44  side 2    Res =  0.1080E+03
 MRCHDU: Convergence failed at  45  side 2    Res =  0.1380E+03
 MRCHDU: Convergence failed at  46  side 2    Res =  0.2019E+03
 MRCHDU: Convergence failed at  47  side 2    Res =  0.4131E+03
 MRCHDU: Convergence failed at  48  side 2    Res =  0.4896E+04
 MRCHDU: Convergence failed at  49  side 2    Res =  0.5947E+03
 MRCHDU: Convergence failed at  50  side 2    Res =  0.2567E+03
 MRCHDU: Convergence failed at  51  side 2    Res =  0.1731E+03
 MRCHDU: Convergence failed at  52  side 2    Res =  0.1298E+03
 MRCHDU: Convergence failed at  53  side 2    Res =  0.2064E+03
 MRCHDU: Convergence failed at  54  side 2    Res =  0.2408E+03
 MRCHDU: Convergence failed at  55  side 2    Res =  0.3073E+03
 MRCHDU: Convergence failed at  56  side 2    Res =  0.4391E+03
 MRCHDU: Convergence failed at  57  side 2    Res =  0.8842E+03
 MRCHDU: Convergence failed at  58  side 2    Res =  0.1997E+03
 MRCHDU: Convergence failed at  59  side 2    Res =  0.1527E+03
 MRCHDU: Convergence failed at  60  side 2    Res =  0.1348E+03
 MRCHDU: Convergence failed at  61  side 2    Res =  0.1754E+03
 MRCHDU: Convergence failed at  62  side 2    Res =  0.1569E+03
 MRCHDU: Convergence failed at  63  side 2    Res =  0.1391E+03
 MRCHDU: Convergence failed at  64  side 2    Res =  0.1439E+03
 MRCHDU: Convergence failed at  65  side 2    Res =  0.1609E+03
 MRCHDU: Convergence failed at  66  side 2    Res =  0.1845E+03
 MRCHDU: Convergence failed at  67  side 2    Res =  0.6035E+03
 MRCHDU: Convergence failed at  68  side 2    Res =  0.5369E+03
 MRCHDU: Convergence failed at  69  side 2    Res =  0.5564E+03
 MRCHDU: Convergence failed at  70  side 2    Res =  0.1110E+03
 MRCHDU: Convergence failed at  71  side 2    Res =  0.3500E+03
 MRCHDU: Convergence failed at  72  side 2    Res =  0.1314E+03
 MRCHDU: Convergence failed at  73  side 2    Res =  0.1320E+03
 MRCHDU: Convergence failed at  74  side 2    Res =  0.1343E+03
 MRCHDU: Convergence failed at  75  side 2    Res =  0.2910E+03
 MRCHDU: Convergence failed at  76  side 2    Res =  0.3262E+03
 MRCHDU: Convergence failed at  77  side 2    Res =  0.2669E+03
 MRCHDU: Convergence failed at  78  side 2    Res =  0.1227E+03
 MRCHDU: Convergence failed at  79  side 2    Res =  0.1342E+03
 MRCHDU: Convergence failed at  80  side 2    Res =  0.9918E+03
 MRCHDU: Convergence failed at  81  side 2    Res =  0.1032E+04
 MRCHDU: Convergence failed at  82  side 2    Res =  0.8427E+03
 MRCHDU: Convergence failed at  83  side 2    Res =  0.3237E+04
 MRCHDU: Convergence failed at  84  side 2    Res =  0.6069E+03
 MRCHDU: Convergence failed at  85  side 2    Res =  0.1438E+03
 MRCHDU: Convergence failed at  86  side 2    Res =  0.1169E+03
 MRCHDU: Convergence failed at  87  side 2    Res =  0.1182E+03
 Side 1  free  transition at x/c =  0.5535   45
 Side 2  free  transition at x/c =  0.0273   20

  11   rms: 0.2005E+01   max: 0.2701E+01   D at   89  2   RLX: 0.212
       a = -1.000      CL = -3.3154
      Cm =  0.8424     CD =  0.00551   =>   CDf =  0.00322    CDp =  0.00229

 Side 1  free  transition at x/c =  0.5617   46
 Side 2  free  transition at x/c =  0.0270   19

  12   rms: 0.3192E+01   max: -.3986E+02   C at   46  1   RLX: 0.013
       a = -1.000      CL = -2.7752
      Cm =  0.6761     CD =  0.08328   =>   CDf =  0.00357    CDp =  0.07972

 Side 1  free  transition at x/c =  0.5628   46
 Side 2  free  transition at x/c =  0.0270   19

  13   rms: 0.2497E+01   max: 0.9854E+01   D at   97  2   RLX: 0.058
       a = -1.000      CL = -2.7341
      Cm =  0.6479     CD =  0.08991   =>   CDf =  0.00361    CDp =  0.08630

 MRCHDU: Convergence failed at  97  side 2    Res =  0.3781E+01
 MRCHDU: Convergence failed at  98  side 2    Res =  0.1635E+01
 MRCHDU: Convergence failed at  99  side 2    Res =  0.1194E+01
 MRCHDU: Convergence failed at 100  side 2    Res =  0.1990E+01
 Side 1  free  transition at x/c =  0.5814   47
 Side 2  free  transition at x/c =  0.0270   20

  14   rms: 0.1682E+01   max: 0.1009E+02   D at   94  2   RLX: 0.075
       a = -1.000      CL = -2.6050
      Cm =  0.6087     CD =  0.10158   =>   CDf =  0.00390    CDp =  0.09768

 MRCHDU: Convergence failed at  94  side 2    Res =  0.1219E+01
 Side 1  free  transition at x/c =  0.6097   48
 Side 2  free  transition at x/c =  0.0269   20

  15   rms: 0.3040E+01   max: -.5710E+02   C at   48  1   RLX: 0.009
       a = -1.000      CL = -2.6099
      Cm =  0.6082     CD =  0.16819   =>   CDf =  0.00371    CDp =  0.16448

 Side 1  free  transition at x/c =  0.6084   48
 Side 2  free  transition at x/c =  0.0269   20

  16   rms: 0.1484E+01   max: -.5050E+01   C at  102  2   RLX: 0.099
       a = -1.000      CL = -2.3279
      Cm =  0.5381     CD =  0.11624   =>   CDf =  0.00384    CDp =  0.11240

 Side 1  free  transition at x/c =  0.6291   50
 Side 2  free  transition at x/c =  0.0265   20

  17   rms: 0.2470E+01   max: -.2248E+02   C at   50  1   RLX: 0.022
       a = -1.000      CL = -2.3577
      Cm =  0.5415     CD =  0.21734   =>   CDf =  0.00383    CDp =  0.21350

 Side 1  free  transition at x/c =  0.6420   51
 Side 2  free  transition at x/c =  0.0255   20

  18   rms: 0.1737E+01   max: -.1410E+02   C at   51  1   RLX: 0.035
       a = -1.000      CL = -2.3130
      Cm =  0.5277     CD =  0.21518   =>   CDf =  0.00378    CDp =  0.21140

 Side 1  free  transition at x/c =  0.6627   52
 Side 2  free  transition at x/c =  0.0247   20

  19   rms: 0.2564E+01   max: -.4573E+02   C at   52  1   RLX: 0.011
       a = -1.000      CL = -2.2998
      Cm =  0.5234     CD =  0.26495   =>   CDf =  0.00368    CDp =  0.26126

 Side 1  free  transition at x/c =  0.6698   52
 Side 2  free  transition at x/c =  0.0244   20

  20   rms: 0.5100E+01   max: -.1028E+03   C at   52  1   RLX: 0.005
       a = -1.000      CL = -2.2920
      Cm =  0.5208     CD =  0.27682   =>   CDf =  0.00359    CDp =  0.27323

 Side 1  free  transition at x/c =  0.6710   52
 Side 2  free  transition at x/c =  0.0243   20

  21   rms: 0.2189E+01   max: -.3837E+02   C at   52  1   RLX: 0.013
       a = -1.000      CL = -2.2722
      Cm =  0.5148     CD =  0.27010   =>   CDf =  0.00365    CDp =  0.26645

 Side 1  free  transition at x/c =  0.6742   53
 Side 2  free  transition at x/c =  0.0241   20

  22   rms: 0.1946E+01   max: -.2506E+02   C at   53  1   RLX: 0.020
       a = -1.000      CL = -2.2419
      Cm =  0.5051     CD =  0.26351   =>   CDf =  0.00371    CDp =  0.25981

 Side 1  free  transition at x/c =  0.6872   53
 Side 2  free  transition at x/c =  0.0238   20

  23   rms: 0.1659E+01   max: -.1948E+02   C at   53  1   RLX: 0.026
       a = -1.000      CL = -2.2017
      Cm =  0.4923     CD =  0.26103   =>   CDf =  0.00365    CDp =  0.25738

 Side 1  free  transition at x/c =  0.7026   54
 Side 2  free  transition at x/c =  0.0236   20

  24   rms: 0.2898E+01   max: -.5497E+02   C at   54  1   RLX: 0.009
       a = -1.000      CL = -2.1927
      Cm =  0.4890     CD =  0.28998   =>   CDf =  0.00359    CDp =  0.28638

 Side 1  free  transition at x/c =  0.7046   55
 Side 2  free  transition at x/c =  0.0235   20

  25   rms: 0.2262E+01   max: -.3042E+02   C at   55  1   RLX: 0.016
       a = -1.000      CL = -2.1728
      Cm =  0.4817     CD =  0.27382   =>   CDf =  0.00365    CDp =  0.27017

 Side 1  free  transition at x/c =  0.7217   56
 Side 2  free  transition at x/c =  0.0234   20

  26   rms: 0.4281E+01   max: -.8928E+02   C at   56  1   RLX: 0.006
       a = -1.000      CL = -2.1675
      Cm =  0.4799     CD =  0.29568   =>   CDf =  0.00352    CDp =  0.29216

 Side 1  free  transition at x/c =  0.7299   56
 Side 2  free  transition at x/c =  0.0234   20

  27   rms: 0.8469E+01   max: -.1719E+03   C at   56  1   RLX: 0.003
       a = -1.000      CL = -2.1632
      Cm =  0.4785     CD =  0.30112   =>   CDf =  0.00343    CDp =  0.29768

 Side 1  free  transition at x/c =  0.7357   57
 Side 2  free  transition at x/c =  0.0234   20

  28   rms: 0.1148E+02   max: -.2472E+03   C at   57  1   RLX: 0.002
       a = -1.000      CL = -2.1609
      Cm =  0.4778     CD =  0.30384   =>   CDf =  0.00340    CDp =  0.30045

 MRCHDU: Convergence failed at 110  side 2    Res =  0.2418E-02
 Side 1  free  transition at x/c =  0.7479   57
 Side 2  free  transition at x/c =  0.0234   20

  29   rms: 0.2197E+02   max: -.4269E+03   C at   57  1   RLX: 0.001
       a = -1.000      CL = -2.1592
      Cm =  0.4772     CD =  0.30631   =>   CDf =  0.00333    CDp =  0.30299

 MRCHDU: Convergence failed at 110  side 2    Res =  0.1538E-02
 Side 1  free  transition at x/c =  0.7578   58
 Side 2  free  transition at x/c =  0.0233   20

  30   rms: 0.2178E+02   max: -.4461E+03   C at   58  1   RLX: 0.001
       a = -1.000      CL = -2.1578
      Cm =  0.4768     CD =  0.30728   =>   CDf =  0.00329    CDp =  0.30399

 MRCHDU: Convergence failed at 110  side 2    Res =  0.9509E-03
 Side 1  free  transition at x/c =  0.7720   59
 Side 2  free  transition at x/c =  0.0233   20

  31   rms: 0.3305E+02   max: -.6866E+03   C at   59  1   RLX: 0.001
       a = -1.000      CL = -2.1571
      Cm =  0.4765     CD =  0.30863   =>   CDf =  0.00322    CDp =  0.30542

 MRCHDU: Convergence failed at 110  side 2    Res =  0.6028E-03
 Side 1  free  transition at x/c =  0.7861   60
 Side 2  free  transition at x/c =  0.0233   20

  32   rms: 0.4249E+02   max: -.8921E+03   C at   60  1   RLX: 0.001
       a = -1.000      CL = -2.1566
      Cm =  0.4762     CD =  0.30958   =>   CDf =  0.00315    CDp =  0.30643

 MRCHDU: Convergence failed at 110  side 2    Res =  0.2797E-03
 Side 1  free  transition at x/c =  0.7998   61
 Side 2  free  transition at x/c =  0.0233   20

  33   rms: 0.5667E+02   max: -.1200E+04   C at   61  1   RLX: 0.000
       a = -1.000      CL = -2.1563
      Cm =  0.4761     CD =  0.31026   =>   CDf =  0.00308    CDp =  0.30718

 MRCHDU: Convergence failed at 110  side 2    Res =  0.7298E-03
 Side 1  free  transition at x/c =  0.8130   62
 Side 2  free  transition at x/c =  0.0233   20

  34   rms: 0.6752E+02   max: -.1442E+04   C at   62  1   RLX: 0.000
       a = -1.000      CL = -2.1562
      Cm =  0.4760     CD =  0.31098   =>   CDf =  0.00301    CDp =  0.30797

 MRCHDU: Convergence failed at 110  side 2    Res =  0.9286E-03
 Side 1  free  transition at x/c =  0.8256   63
 Side 2  free  transition at x/c =  0.0233   20

  35   rms: 0.7299E+02   max: -.1575E+04   C at   63  1   RLX: 0.000
       a = -1.000      CL = -2.1561
      Cm =  0.4759     CD =  0.31173   =>   CDf =  0.00294    CDp =  0.30879

 MRCHDU: Convergence failed at 110  side 2    Res =  0.7240E-03
 Side 1  free  transition at x/c =  0.8377   63
 Side 2  free  transition at x/c =  0.0233   20

  36   rms: 0.1058E+03   max: -.2068E+04   C at   63  1   RLX: 0.000
       a = -1.000      CL = -2.1561
      Cm =  0.4759     CD =  0.31249   =>   CDf =  0.00287    CDp =  0.30962

 MRCHDU: Convergence failed at 110  side 2    Res =  0.4525E-03
 Side 1  free  transition at x/c =  0.8486   64
 Side 2  free  transition at x/c =  0.0233   20

  37   rms: 0.1102E+03   max: -.2208E+04   C at   64  1   RLX: 0.000
       a = -1.000      CL = -2.1564
      Cm =  0.4759     CD =  0.31311   =>   CDf =  0.00281    CDp =  0.31030

 MRCHDU: Convergence failed at 110  side 2    Res =  0.5407E-04
 Side 1  free  transition at x/c =  0.8596   65
 Side 2  free  transition at x/c =  0.0233   20

  38   rms: 0.1071E+03   max: -.2201E+04   C at   65  1   RLX: 0.000
       a = -1.000      CL = -2.1569
      Cm =  0.4760     CD =  0.31381   =>   CDf =  0.00275    CDp =  0.31106

 Side 1  free  transition at x/c =  0.8710   66
 Side 2  free  transition at x/c =  0.0233   20

  39   rms: 0.1012E+03   max: -.2128E+04   C at   66  1   RLX: 0.000
       a = -1.000      CL = -2.1580
      Cm =  0.4763     CD =  0.31458   =>   CDf =  0.00268    CDp =  0.31190

 Side 1  free  transition at x/c =  0.8824   66
 Side 2  free  transition at x/c =  0.0233   20

  40   rms: 0.1574E+03   max: -.2976E+04   C at   66  1   RLX: 0.000
       a = -1.000      CL = -2.1600
      Cm =  0.4767     CD =  0.31549   =>   CDf =  0.00262    CDp =  0.31287

 Side 1  free  transition at x/c =  0.8925   67
 Side 2  free  transition at x/c =  0.0233   20

  41   rms: 0.1364E+03   max: -.2672E+04   C at   67  1   RLX: 0.000
       a = -1.000      CL = -2.1633
      Cm =  0.4775     CD =  0.31634   =>   CDf =  0.00256    CDp =  0.31378

 Side 1  free  transition at x/c =  0.9030   68
 Side 2  free  transition at x/c =  0.0233   20

  42   rms: 0.1279E+03   max: -.2556E+04   C at   68  1   RLX: 0.000
       a = -1.000      CL = -2.1691
      Cm =  0.4789     CD =  0.31735   =>   CDf =  0.00250    CDp =  0.31484

 Side 1  free  transition at x/c =  0.9140   68
 Side 2  free  transition at x/c =  0.0233   20

  43   rms: 0.1919E+03   max: -.3396E+04   C at   68  1   RLX: 0.000
       a = -1.000      CL = -2.1779
      Cm =  0.4811     CD =  0.31858   =>   CDf =  0.00245    CDp =  0.31613

 MRCHDU: Convergence failed at 110  side 2    Res =  0.1583E-02
 Side 1  free  transition at x/c =  0.9234   69
 Side 2  free  transition at x/c =  0.0233   20

  44   rms: 0.1932E+03   max: -.3393E+04   C at   69  1   RLX: 0.000
       a = -1.000      CL = -2.1925
      Cm =  0.4847     CD =  0.32014   =>   CDf =  0.00240    CDp =  0.31774

 MRCHDU: Convergence failed at 110  side 2    Res =  0.5396E-02
 Side 1  free  transition at x/c =  0.9328   70
 Side 2  free  transition at x/c =  0.0233   20

  45   rms: 0.1644E+03   max: -.2662E+04   C at   70  1   RLX: 0.000
       a = -1.000      CL = -2.2164
      Cm =  0.4906     CD =  0.32229   =>   CDf =  0.00236    CDp =  0.31994

 MRCHDU: Convergence failed at 110  side 2    Res =  0.1205E-01
 Side 1  free  transition at x/c =  0.9431   70
 Side 2  free  transition at x/c =  0.0232   20

  46   rms: 0.1393E+03   max: -.1931E+04   C at   70  1   RLX: 0.000
       a = -1.000      CL = -2.2482
      Cm =  0.4985     CD =  0.32480   =>   CDf =  0.00232    CDp =  0.32248

 MRCHDU: Convergence failed at 110  side 2    Res =  0.2127E-01
 Side 1  free  transition at x/c =  0.9501   71
 Side 2  free  transition at x/c =  0.0232   20

  47   rms: 0.5463E+02   max: -.4754E+03   C at   71  1   RLX: 0.001
       a = -1.000      CL = -2.3179
      Cm =  0.5156     CD =  0.33018   =>   CDf =  0.00219    CDp =  0.32799

 MRCHDU: Convergence failed at 111  side 2    Res =  0.3983E-01
 Side 1  free  transition at x/c =  0.9682   71
 Side 2  free  transition at x/c =  0.0231   21

  48   rms: 0.1593E+02   max: 0.1600E+03   T at    2  2   RLX: 0.005
       a = -1.000      CL = -2.3988
      Cm =  0.5351     CD =  0.33167   =>   CDf =  0.00220    CDp =  0.32947

 MRCHDU: Convergence failed at 111  side 2    Res =  0.6545E-01
 Side 1  free  transition at x/c =  0.9680   71
 Side 2  free  transition at x/c =  0.0230   21

  49   rms: 0.1475E+02   max: -.1010E+03   T at   21  2   RLX: 0.005
       a = -1.000      CL = -2.4744
      Cm =  0.5577     CD =  0.34105   =>   CDf =  0.00214    CDp =  0.33891

 MRCHDU: Convergence failed at 111  side 2    Res =  0.6330E-01
 Side 1  free  transition at x/c =  0.9714   71
 Side 2  free  transition at x/c =  0.0231   21

  50   rms: 0.2171E+01   max: 0.2211E+02   C at   71  1   RLX: 0.039
       a = -1.000      CL = -2.6135
      Cm =  0.5896     CD =  0.27731   =>   CDf =  0.00214    CDp =  0.27517

 MRCHDU: Convergence failed at 111  side 2    Res =  0.2540E+00
 Side 1 forced transition at x/c =  1.0000   74
 Side 2  free  transition at x/c =  0.0230   21

  51   rms: 0.1411E+01   max: -.4404E+01   T at   88  2   RLX: 0.114
       a = -1.000      CL = -2.2560
      Cm =  0.5063     CD =  0.45288   =>   CDf =  0.00227    CDp =  0.45061

 Side 1 forced transition at x/c =  1.0000   74
 Side 2  free  transition at x/c =  0.0230   21

  52   rms: 0.1737E+01   max: -.6238E+01   T at  111  2   RLX: 0.080
       a = -1.000      CL = -2.0179
      Cm =  0.4547     CD =  0.73066   =>   CDf =  0.00233    CDp =  0.72834

 MRCHDU: Convergence failed at  81  side 2    Res =  0.1114E-01
 MRCHDU: Convergence failed at  82  side 2    Res =  0.2414E-01
 MRCHDU: Convergence failed at  83  side 2    Res =  0.1677E-01
 MRCHDU: Convergence failed at  84  side 2    Res =  0.1078E-01
 MRCHDU: Convergence failed at  85  side 2    Res =  0.6777E-02
 MRCHDU: Convergence failed at  86  side 2    Res =  0.4194E-02
 MRCHDU: Convergence failed at  87  side 2    Res =  0.2125E-02
 Side 1 forced transition at x/c =  1.0000   75
 Side 2  free  transition at x/c =  0.0230   20

  53   rms: 0.1200E+02   max: -.5108E+02   T at  110  2   RLX: 0.010
       a = -1.000      CL = -1.9402
      Cm =  0.4415     CD =  2.11849   =>   CDf =  0.00220    CDp =  2.11629

 MRCHDU: Convergence failed at  80  side 2    Res =  0.8490E-02
 MRCHDU: Convergence failed at  81  side 2    Res =  0.2812E-01
 MRCHDU: Convergence failed at  82  side 2    Res =  0.2081E-01
 MRCHDU: Convergence failed at  83  side 2    Res =  0.1444E-01
 MRCHDU: Convergence failed at  84  side 2    Res =  0.8954E-02
 MRCHDU: Convergence failed at  85  side 2    Res =  0.5328E-02
 MRCHDU: Convergence failed at  86  side 2    Res =  0.3101E-02
 MRCHDU: Convergence failed at  87  side 2    Res =  0.1477E-02
 MRCHDU: Convergence failed at  89  side 2    Res =  0.2065E-02
 Side 1  free  transition at x/c =  0.9966   75
 Side 2  free  transition at x/c =  0.0231   20

  54   rms: 0.2546E+01   max: 0.1969E+02   T at   88  2   RLX: 0.076
       a = -1.000      CL = -1.9754
      Cm =  0.4488     CD =  1.88801   =>   CDf =  0.00214    CDp =  1.88587

 MRCHDU: Convergence failed at  78  side 2    Res =  0.1262E-01
 MRCHDU: Convergence failed at  79  side 2    Res =  0.3151E-01
 MRCHDU: Convergence failed at  80  side 2    Res =  0.2573E-01
 MRCHDU: Convergence failed at  81  side 2    Res =  0.2296E-01
 MRCHDU: Convergence failed at  82  side 2    Res =  0.2102E-01
 MRCHDU: Convergence failed at  83  side 2    Res =  0.1755E-01
 MRCHDU: Convergence failed at  84  side 2    Res =  0.1225E-01
 MRCHDU: Convergence failed at  85  side 2    Res =  0.7442E-02
 MRCHDU: Convergence failed at  86  side 2    Res =  0.4116E-02
 MRCHDU: Convergence failed at  87  side 2    Res =  0.1795E-02
 Side 1 forced transition at x/c =  1.0000   75
 Side 2  free  transition at x/c =  0.0230   19

  55   rms: 0.1124E+02   max: -.6264E+02   T at  110  2   RLX: 0.008
       a = -1.000      CL = -2.1020
      Cm =  0.4913     CD =  2.48185   =>   CDf =  0.00214    CDp =  2.47972

 MRCHDU: Convergence failed at  77  side 2    Res =  0.2212E-01
 Side 1  free  transition at x/c =  0.9855   74
 Side 2  free  transition at x/c =  0.0544   24

  56   rms: 0.3338E+02   max: -.1835E+03   C at   87  2   RLX: 0.003
       a = -1.000      CL = -2.1132
      Cm =  0.4663     CD =  0.98361   =>   CDf =  0.00203    CDp =  0.98159

 MRCHDU: Convergence failed at  77  side 2    Res =  0.1891E-01
 MRCHDU: Convergence failed at  78  side 2    Res =  0.1319E-01
 MRCHDU: Convergence failed at  79  side 2    Res =  0.1107E+00
 MRCHDU: Convergence failed at  80  side 2    Res =  0.1162E+00
 MRCHDU: Convergence failed at  81  side 2    Res =  0.1086E+00
 MRCHDU: Convergence failed at  82  side 2    Res =  0.9468E-01
 MRCHDU: Convergence failed at  83  side 2    Res =  0.4585E-01
 MRCHDU: Convergence failed at  84  side 2    Res =  0.2233E-01
 MRCHDU: Convergence failed at  85  side 2    Res =  0.1047E-01
 MRCHDU: Convergence failed at  86  side 2    Res =  0.4909E-02
 MRCHDU: Convergence failed at  87  side 2    Res =  0.1923E-02
 MRCHDU: Convergence failed at  89  side 2    Res =  0.6295E-02
 Side 1  free  transition at x/c =  0.9877   74
 Side 2  free  transition at x/c =  0.0538   24

  57   rms: 0.1421E+02   max: -.9456E+02   T at   24  2   RLX: 0.005
       a = -1.000      CL = -2.0523
      Cm =  0.4619     CD =  3.51351   =>   CDf =  0.00203    CDp =  3.51148

 MRCHDU: Convergence failed at  77  side 2    Res =  0.3342E-01
 Side 1  free  transition at x/c =  0.9675   72
 Side 2  free  transition at x/c =  0.0610   24

  58   rms: 0.8121E+01   max: -.8287E+02   T at   25  2   RLX: 0.006
       a = -1.000      CL = -1.9802
      Cm =  0.4500     CD =  1.23373   =>   CDf =  0.00202    CDp =  1.23172

 MRCHDU: Convergence failed at  77  side 2    Res =  0.1963E-01
 Side 1  free  transition at x/c =  0.9665   72
 Side 2  free  transition at x/c =  0.0599   24

  59   rms: 0.4953E+02   max: 0.4123E+03   C at   87  2   RLX: 0.004
       a = -1.000      CL = -1.9896
      Cm =  0.4538     CD =  1.24914   =>   CDf =  0.00202    CDp =  1.24712

 MRCHDU: Convergence failed at  77  side 2    Res =  0.1139E-01
 MRCHDU: Convergence failed at  78  side 2    Res =  0.3106E-02
 MRCHDU: Convergence failed at  79  side 2    Res =  0.4717E-01
 MRCHDU: Convergence failed at  80  side 2    Res =  0.3419E-01
 MRCHDU: Convergence failed at  81  side 2    Res =  0.2958E-01
 MRCHDU: Convergence failed at  82  side 2    Res =  0.2546E-01
 MRCHDU: Convergence failed at  83  side 2    Res =  0.1870E-01
 MRCHDU: Convergence failed at  84  side 2    Res =  0.1151E-01
 MRCHDU: Convergence failed at  85  side 2    Res =  0.6202E-02
 MRCHDU: Convergence failed at  86  side 2    Res =  0.3115E-02
 MRCHDU: Convergence failed at  87  side 2    Res =  0.1233E-02
 Side 1  free  transition at x/c =  0.9659   72
 Side 2  free  transition at x/c =  0.0598   24

  60   rms: 0.1013E+02   max: -.1833E+03   T at   25  2   RLX: 0.003
       a = -1.000      CL = -1.9890
      Cm =  0.4543     CD =  3.59198   =>   CDf =  0.00203    CDp =  3.58996

 MRCHDU: Convergence failed at  77  side 2    Res =  0.1935E-01
 Side 1  free  transition at x/c =  0.9666   72
 Side 2  free  transition at x/c =  0.0638   25

  61   rms: 0.7835E+02   max: -.7733E+03   T at   25  2   RLX: 0.001
       a = -1.000      CL = -2.1226
      Cm =  0.4937     CD =  1.56583   =>   CDf =  0.00202    CDp =  1.56381

 MRCHDU: Convergence failed at  77  side 2    Res =  0.2149E-01
 MRCHDU: Convergence failed at  82  side 2    Res =  0.1405E+00
 MRCHDU: Convergence failed at  83  side 2    Res =  0.2385E+00
 MRCHDU: Convergence failed at  84  side 2    Res =  0.4744E-01
 MRCHDU: Convergence failed at  85  side 2    Res =  0.4156E-01
 MRCHDU: Convergence failed at  86  side 2    Res =  0.1082E-01
 MRCHDU: Convergence failed at  87  side 2    Res =  0.3391E-02
 Side 1  free  transition at x/c =  0.9674   72
 Side 2  free  transition at x/c =  0.0629   25

  62   rms: 0.1340E+03   max: -.1146E+04   C at   25  2   RLX: 0.000
       a = -1.000      CL = -2.1961
      Cm =  0.5147     CD =  2.22786   =>   CDf =  0.00201    CDp =  2.22585

 MRCHDU: Convergence failed at  25  side 2    Res =  0.1292E+00
 Side 1  free  transition at x/c =  0.9714   72
 Side 2  free  transition at x/c =  0.0709   25

  63   rms: 0.1581E+02   max: -.2076E+03   C at   87  2   RLX: 0.002
       a = -1.000      CL = -2.0618
      Cm =  0.4716     CD =  0.69960   =>   CDf =  0.00197    CDp =  0.69762

 Side 1  free  transition at x/c =  0.9714   72
 Side 2  free  transition at x/c =  0.0725   25

  64   rms: 0.2881E+02   max: -.3718E+03   C at   87  2   RLX: 0.001
       a = -1.000      CL = -2.0203
      Cm =  0.4617     CD =  0.69472   =>   CDf =  0.00198    CDp =  0.69274

 Side 1  free  transition at x/c =  0.9710   72
 Side 2  free  transition at x/c =  0.0719   25

  65   rms: 0.2342E+02   max: -.3042E+03   C at   87  2   RLX: 0.002
       a = -1.000      CL = -2.0122
      Cm =  0.4597     CD =  0.68590   =>   CDf =  0.00198    CDp =  0.68392

 Side 1  free  transition at x/c =  0.9709   72
 Side 2  free  transition at x/c =  0.0718   25

  66   rms: 0.2859E+02   max: -.3723E+03   C at   87  2   RLX: 0.001
       a = -1.000      CL = -2.0079
      Cm =  0.4586     CD =  0.67858   =>   CDf =  0.00198    CDp =  0.67660

 Side 1  free  transition at x/c =  0.9709   72
 Side 2  free  transition at x/c =  0.0717   25

  67   rms: 0.2851E+02   max: -.3690E+03   C at   87  2   RLX: 0.001
       a = -1.000      CL = -2.0038
      Cm =  0.4577     CD =  0.67174   =>   CDf =  0.00198    CDp =  0.66976

 Side 1  free  transition at x/c =  0.9708   72
 Side 2  free  transition at x/c =  0.0716   25

  68   rms: 0.3624E+02   max: -.4721E+03   C at   87  2   RLX: 0.001
       a = -1.000      CL = -2.0007
      Cm =  0.4569     CD =  0.66640   =>   CDf =  0.00198    CDp =  0.66442

 Side 1  free  transition at x/c =  0.9708   72
 Side 2  free  transition at x/c =  0.0715   25

  69   rms: 0.3554E+02   max: -.4614E+03   C at   87  2   RLX: 0.001
       a = -1.000      CL = -1.9976
      Cm =  0.4561     CD =  0.66113   =>   CDf =  0.00198    CDp =  0.65915

 Side 1  free  transition at x/c =  0.9708   72
 Side 2  free  transition at x/c =  0.0713   25

  70   rms: 0.3088E+02   max: -.3978E+03   C at   87  2   RLX: 0.001
       a = -1.000      CL = -1.9941
      Cm =  0.4553     CD =  0.65556   =>   CDf =  0.00198    CDp =  0.65358

 Side 1  free  transition at x/c =  0.9708   72
 Side 2  free  transition at x/c =  0.0712   25

  71   rms: 0.3703E+02   max: -.4799E+03   C at   87  2   RLX: 0.001
       a = -1.000      CL = -1.9912
      Cm =  0.4545     CD =  0.65123   =>   CDf =  0.00198    CDp =  0.64925

 Side 1  free  transition at x/c =  0.9708   72
 Side 2  free  transition at x/c =  0.0711   25

  72   rms: 0.3432E+02   max: -.4430E+03   C at   86  2   RLX: 0.001
       a = -1.000      CL = -1.9882
      Cm =  0.4538     CD =  0.64662   =>   CDf =  0.00198    CDp =  0.64464

 Side 1  free  transition at x/c =  0.9708   72
 Side 2  free  transition at x/c =  0.0710   25

  73   rms: 0.2865E+02   max: -.3666E+03   C at   86  2   RLX: 0.001
       a = -1.000      CL = -1.9846
      Cm =  0.4528     CD =  0.64128   =>   CDf =  0.00198    CDp =  0.63930

 Side 1  free  transition at x/c =  0.9708   72
 Side 2  free  transition at x/c =  0.0709   25

  74   rms: 0.2573E+02   max: -.3268E+03   C at   86  2   RLX: 0.002
       a = -1.000      CL = -1.9806
      Cm =  0.4518     CD =  0.63526   =>   CDf =  0.00198    CDp =  0.63328

 Side 1  free  transition at x/c =  0.9708   72
 Side 2  free  transition at x/c =  0.0707   25

  75   rms: 0.2454E+02   max: -.3105E+03   C at   86  2   RLX: 0.002
       a = -1.000      CL = -1.9764
      Cm =  0.4507     CD =  0.62926   =>   CDf =  0.00198    CDp =  0.62728

 MRCHDU: Convergence failed at  86  side 2    Res =  0.2669E-01
 MRCHDU: Convergence failed at  87  side 2    Res =  0.2112E-01
 Side 1  free  transition at x/c =  0.9708   72
 Side 2  free  transition at x/c =  0.0705   25

  76   rms: 0.9707E+01   max: 0.8684E+02   C at   87  2   RLX: 0.017
       a = -1.000      CL = -1.9341
      Cm =  0.4393     CD =  0.56816   =>   CDf =  0.00198    CDp =  0.56618

 MRCHDU: Convergence failed at  77  side 2    Res =  0.8665E-02
 Side 1  free  transition at x/c =  0.9711   72
 Side 2  free  transition at x/c =  0.0640   25

  77   rms: 0.6649E+03   max: -.8741E+04   C at   87  2   RLX: 0.000
       a = -1.000      CL = -1.8297
      Cm =  0.4110     CD =  0.58724   =>   CDf =  0.00197    CDp =  0.58526

 MRCHDU: Convergence failed at  77  side 2    Res =  0.3313E-01
 MRCHDU: Convergence failed at  84  side 2    Res =  0.8113E-02
 MRCHDU: Convergence failed at  85  side 2    Res =  0.1731E+00
 MRCHDU: Convergence failed at  86  side 2    Res =  0.7129E-01
 MRCHDU: Convergence failed at  87  side 2    Res =  0.2179E-01
 Side 1  free  transition at x/c =  0.9711   72
 Side 2  free  transition at x/c =  0.0640   25

  78   rms: 0.7492E+02   max: -.1076E+04   C at   87  2   RLX: 0.000
       a = -1.000      CL = -1.8307
      Cm =  0.4106     CD =  0.55859   =>   CDf =  0.00197    CDp =  0.55661

 MRCHDU: Convergence failed at  77  side 2    Res =  0.1208E-01
 MRCHDU: Convergence failed at  86  side 2    Res =  0.2707E-01
 MRCHDU: Convergence failed at  87  side 2    Res =  0.1992E-01
 Side 1  free  transition at x/c =  0.9715   72
 Side 2  free  transition at x/c =  0.0638   25

  79   rms: 0.3492E+04   max: -.5104E+05   C at   87  2   RLX: 0.000
       a = -1.000      CL = -1.8297
      Cm =  0.4102     CD =  0.61180   =>   CDf =  0.00197    CDp =  0.60982

 MRCHDU: Convergence failed at  77  side 2    Res =  0.7967E+00
 MRCHDU: Convergence failed at  81  side 2    Res =  0.6903E-01
 Side 1  free  transition at x/c =  0.9715   72
 Side 2  free  transition at x/c =  0.0638   25

  80   rms: 0.2431E+04   max: 0.3626E+05   C at   87  2   RLX: 0.000
       a = -1.000      CL = -1.8293
      Cm =  0.4102     CD =  0.61891   =>   CDf =  0.00197    CDp =  0.61693

 MRCHDU: Convergence failed at  85  side 2    Res =  0.7463E-01
 MRCHDU: Convergence failed at  86  side 2    Res =  0.6679E-01
 MRCHDU: Convergence failed at  87  side 2    Res =  0.2056E-01
 Side 1  free  transition at x/c =  0.9715   72
 Side 2  free  transition at x/c =  0.0638   25

  81   rms: 0.4982E+02   max: -.7035E+03   C at   86  2   RLX: 0.001
       a = -1.000      CL = -1.8310
      Cm =  0.4096     CD =  0.58454   =>   CDf =  0.00197    CDp =  0.58256

 MRCHDU: Convergence failed at  85  side 2    Res =  0.1248E+00
 Side 1  free  transition at x/c =  0.9720   72
 Side 2  free  transition at x/c =  0.0636   25

  82   rms: 0.6097E+02   max: -.8707E+03   C at   86  2   RLX: 0.001
       a = -1.000      CL = -1.8301
      Cm =  0.4084     CD =  0.58541   =>   CDf =  0.00197    CDp =  0.58344

 MRCHDU: Convergence failed at  85  side 2    Res =  0.1753E+00
 Side 1  free  transition at x/c =  0.9723   73
 Side 2  free  transition at x/c =  0.0634   25

  83   rms: 0.1571E+02   max: -.1537E+03   C at   86  2   RLX: 0.003
       a = -1.000      CL = -1.8008
      Cm =  0.4048     CD =  0.57981   =>   CDf =  0.00197    CDp =  0.57784

 MRCHDU: Convergence failed at  85  side 2    Res =  0.2074E+00
 Side 1  free  transition at x/c =  0.9802   73
 Side 2  free  transition at x/c =  0.0633   25

  84   rms: 0.4782E+02   max: -.6993E+03   C at   86  2   RLX: 0.001
       a = -1.000      CL = -1.7812
      Cm =  0.3992     CD =  0.57755   =>   CDf =  0.00199    CDp =  0.57556

 MRCHDU: Convergence failed at  85  side 2    Res =  0.2587E+00
 Side 1  free  transition at x/c =  0.9807   73
 Side 2  free  transition at x/c =  0.0632   25

  85   rms: 0.5926E+02   max: -.8704E+03   C at   86  2   RLX: 0.001
       a = -1.000      CL = -1.7801
      Cm =  0.3984     CD =  0.57580   =>   CDf =  0.00199    CDp =  0.57381

 MRCHDU: Convergence failed at  85  side 2    Res =  0.3099E+00
 Side 1  free  transition at x/c =  0.9811   73
 Side 2  free  transition at x/c =  0.0631   25

  86   rms: 0.5685E+02   max: -.8376E+03   C at   86  2   RLX: 0.001
       a = -1.000      CL = -1.7793
      Cm =  0.3977     CD =  0.57360   =>   CDf =  0.00199    CDp =  0.57161

 MRCHDU: Convergence failed at  85  side 2    Res =  0.3604E+00
 Side 1  free  transition at x/c =  0.9815   73
 Side 2  free  transition at x/c =  0.0631   25

  87   rms: 0.6618E+02   max: -.9782E+03   C at   86  2   RLX: 0.001
       a = -1.000      CL = -1.7785
      Cm =  0.3970     CD =  0.57192   =>   CDf =  0.00199    CDp =  0.56993

 MRCHDU: Convergence failed at  85  side 2    Res =  0.4113E+00
 Side 1  free  transition at x/c =  0.9818   73
 Side 2  free  transition at x/c =  0.0630   25

  88   rms: 0.6092E+02   max: -.8930E+03   C at   86  2   RLX: 0.001
       a = -1.000      CL = -1.7778
      Cm =  0.3964     CD =  0.56967   =>   CDf =  0.00199    CDp =  0.56768

 MRCHDU: Convergence failed at  85  side 2    Res =  0.4616E+00
 Side 1  free  transition at x/c =  0.9822   73
 Side 2  free  transition at x/c =  0.0629   25

  89   rms: 0.6217E+02   max: -.9246E+03   C at   86  2   RLX: 0.001
       a = -1.000      CL = -1.7770
      Cm =  0.3957     CD =  0.56773   =>   CDf =  0.00199    CDp =  0.56574

 MRCHDU: Convergence failed at  85  side 2    Res =  0.5119E+00
 MRCHDU: Convergence failed at  87  side 2    Res =  0.2759E-02
 Side 1  free  transition at x/c =  0.9825   73
 Side 2  free  transition at x/c =  0.0629   25

  90   rms: 0.6577E+02   max: -.9810E+03   C at   86  2   RLX: 0.001
       a = -1.000      CL = -1.7763
      Cm =  0.3951     CD =  0.56596   =>   CDf =  0.00199    CDp =  0.56397

 MRCHDU: Convergence failed at  85  side 2    Res =  0.5621E+00
 MRCHDU: Convergence failed at  86  side 2    Res =  0.5261E-02
 MRCHDU: Convergence failed at  87  side 2    Res =  0.2070E-01
 Side 1  free  transition at x/c =  0.9829   73
 Side 2  free  transition at x/c =  0.0628   25

  91   rms: 0.5237E+02   max: -.7824E+03   C at   86  2   RLX: 0.001
       a = -1.000      CL = -1.7756
      Cm =  0.3943     CD =  0.56353   =>   CDf =  0.00199    CDp =  0.56153

 MRCHDU: Convergence failed at  85  side 2    Res =  0.6110E+00
 MRCHDU: Convergence failed at  86  side 2    Res =  0.2646E-01
 MRCHDU: Convergence failed at  87  side 2    Res =  0.2072E-01
 Side 1  free  transition at x/c =  0.9885   74
 Side 2  free  transition at x/c =  0.0628   25

  92   rms: 0.4476E+02   max: -.6715E+03   C at   86  2   RLX: 0.001
       a = -1.000      CL = -1.7735
      Cm =  0.3931     CD =  0.56116   =>   CDf =  0.00200    CDp =  0.55916

 MRCHDU: Convergence failed at  85  side 2    Res =  0.6594E+00
 MRCHDU: Convergence failed at  86  side 2    Res =  0.4673E-01
 MRCHDU: Convergence failed at  87  side 2    Res =  0.2074E-01
 Side 1  free  transition at x/c =  0.9890   74
 Side 2  free  transition at x/c =  0.0627   25

  93   rms: 0.5071E+02   max: -.7614E+03   C at   86  2   RLX: 0.001
       a = -1.000      CL = -1.7727
      Cm =  0.3923     CD =  0.56059   =>   CDf =  0.00200    CDp =  0.55859

 MRCHDU: Convergence failed at  85  side 2    Res =  0.7075E+00
 MRCHDU: Convergence failed at  86  side 2    Res =  0.6583E-01
 MRCHDU: Convergence failed at  87  side 2    Res =  0.2075E-01
 Side 1  free  transition at x/c =  0.9895   74
 Side 2  free  transition at x/c =  0.0627   25

  94   rms: 0.5370E+02   max: -.8070E+03   C at   86  2   RLX: 0.001
       a = -1.000      CL = -1.7720
      Cm =  0.3915     CD =  0.55950   =>   CDf =  0.00200    CDp =  0.55750

 MRCHDU: Convergence failed at  84  side 2    Res =  0.1196E-01
 MRCHDU: Convergence failed at  85  side 2    Res =  0.7429E+00
 MRCHDU: Convergence failed at  86  side 2    Res =  0.7170E-01
 MRCHDU: Convergence failed at  87  side 2    Res =  0.2076E-01
 Side 1  free  transition at x/c =  0.9899   74
 Side 2  free  transition at x/c =  0.0626   25

  95   rms: 0.6179E+02   max: -.9298E+03   C at   86  2   RLX: 0.001
       a = -1.000      CL = -1.7715
      Cm =  0.3908     CD =  0.55861   =>   CDf =  0.00200    CDp =  0.55661

 MRCHDU: Convergence failed at  84  side 2    Res =  0.2880E-01
 MRCHDU: Convergence failed at  85  side 2    Res =  0.7731E+00
 MRCHDU: Convergence failed at  86  side 2    Res =  0.7191E-01
 MRCHDU: Convergence failed at  87  side 2    Res =  0.2076E-01
 Side 1  free  transition at x/c =  0.9903   74
 Side 2  free  transition at x/c =  0.0626   25

  96   rms: 0.2327E+02   max: -.3260E+03   C at   86  2   RLX: 0.002
       a = -1.000      CL = -1.7722
      Cm =  0.3889     CD =  0.55190   =>   CDf =  0.00200    CDp =  0.54990

 MRCHDU: Convergence failed at  84  side 2    Res =  0.2176E-01
 MRCHDU: Convergence failed at  85  side 2    Res =  0.7933E+00
 MRCHDU: Convergence failed at  86  side 2    Res =  0.7114E-01
 MRCHDU: Convergence failed at  87  side 2    Res =  0.2048E-01
 Side 1  free  transition at x/c =  0.9911   74
 Side 2  free  transition at x/c =  0.0623   25

  97   rms: 0.4184E+02   max: 0.5886E+03   C at   87  2   RLX: 0.003
       a = -1.000      CL = -1.7679
      Cm =  0.3830     CD =  0.54558   =>   CDf =  0.00200    CDp =  0.54358

 MRCHDU: Convergence failed at  85  side 2    Res =  0.6995E+00
 MRCHDU: Convergence failed at  86  side 2    Res =  0.3178E-01
 MRCHDU: Convergence failed at  87  side 2    Res =  0.2107E-01
 Side 1  free  transition at x/c =  0.9968   75
 Side 2  free  transition at x/c =  0.0606   24

  98   rms: 0.4371E+02   max: 0.6003E+03   C at   87  2   RLX: 0.002
       a = -1.000      CL = -1.9962
      Cm =  0.4454     CD =  0.54065   =>   CDf =  0.00200    CDp =  0.53865

 MRCHDU: Convergence failed at  85  side 2    Res =  0.5965E+00
 MRCHDU: Convergence failed at  87  side 2    Res =  0.7027E-02
 Side 1  free  transition at x/c =  0.9966   75
 Side 2  free  transition at x/c =  0.0581   24

  99   rms: 0.2724E+03   max: -.4091E+04   C at   87  2   RLX: 0.000
       a = -1.000      CL = -2.0587
      Cm =  0.4638     CD =  0.54507   =>   CDf =  0.00200    CDp =  0.54306

 MRCHDU: Convergence failed at  85  side 2    Res =  0.6487E+00
 MRCHDU: Convergence failed at  86  side 2    Res =  0.8869E-02
 MRCHDU: Convergence failed at  87  side 2    Res =  0.2087E-01
 Side 1  free  transition at x/c =  0.9966   75
 Side 2  free  transition at x/c =  0.0580   24

 100   rms: 0.3084E+03   max: -.4645E+04   C at   87  2   RLX: 0.000
       a = -1.000      CL = -2.0586
      Cm =  0.4637     CD =  0.54488   =>   CDf =  0.00200    CDp =  0.54288

 MRCHDU: Convergence failed at  85  side 2    Res =  0.7001E+00
 MRCHDU: Convergence failed at  86  side 2    Res =  0.3102E-01
 MRCHDU: Convergence failed at  87  side 2    Res =  0.2091E-01
 Side 1  free  transition at x/c =  0.9967   75
 Side 2  free  transition at x/c =  0.0580   24

 101   rms: 0.3396E+03   max: -.5128E+04   C at   87  2   RLX: 0.000
       a = -1.000      CL = -2.0585
      Cm =  0.4636     CD =  0.54471   =>   CDf =  0.00200    CDp =  0.54270

 MRCHDU: Convergence failed at  85  side 2    Res =  0.7516E+00
 MRCHDU: Convergence failed at  86  side 2    Res =  0.5254E-01
 MRCHDU: Convergence failed at  87  side 2    Res =  0.2094E-01
 Side 1  free  transition at x/c =  0.9967   75
 Side 2  free  transition at x/c =  0.0579   24

 102   rms: 0.3720E+03   max: -.5630E+04   C at   87  2   RLX: 0.000
       a = -1.000      CL = -2.0584
      Cm =  0.4635     CD =  0.54454   =>   CDf =  0.00200    CDp =  0.54253

 MRCHDU: Convergence failed at  84  side 2    Res =  0.6877E-03
 MRCHDU: Convergence failed at  85  side 2    Res =  0.8023E+00
 MRCHDU: Convergence failed at  86  side 2    Res =  0.7276E-01
 MRCHDU: Convergence failed at  87  side 2    Res =  0.2097E-01
 Side 1  free  transition at x/c =  0.9967   75
 Side 2  free  transition at x/c =  0.0579   24

 103   rms: 0.4057E+03   max: -.6154E+04   C at   87  2   RLX: 0.000
       a = -1.000      CL = -2.0583
      Cm =  0.4635     CD =  0.54438   =>   CDf =  0.00200    CDp =  0.54238

 MRCHDU: Convergence failed at  84  side 2    Res =  0.2071E-01
 MRCHDU: Convergence failed at  85  side 2    Res =  0.8337E+00
 MRCHDU: Convergence failed at  86  side 2    Res =  0.7305E-01
 MRCHDU: Convergence failed at  87  side 2    Res =  0.2100E-01
 Side 1  free  transition at x/c =  0.9967   75
 Side 2  free  transition at x/c =  0.0578   24

 104   rms: 0.4407E+03   max: -.6699E+04   C at   87  2   RLX: 0.000
       a = -1.000      CL = -2.0582
      Cm =  0.4634     CD =  0.54425   =>   CDf =  0.00200    CDp =  0.54224

 MRCHDU: Convergence failed at  84  side 2    Res =  0.4015E-01
 MRCHDU: Convergence failed at  85  side 2    Res =  0.8656E+00
 MRCHDU: Convergence failed at  86  side 2    Res =  0.7332E-01
 MRCHDU: Convergence failed at  87  side 2    Res =  0.2103E-01
 Side 1  free  transition at x/c =  0.9967   75
 Side 2  free  transition at x/c =  0.0578   24

 105   rms: 0.4773E+03   max: -.7268E+04   C at   87  2   RLX: 0.000
       a = -1.000      CL = -2.0581
      Cm =  0.4634     CD =  0.54413   =>   CDf =  0.00200    CDp =  0.54212

 MRCHDU: Convergence failed at  84  side 2    Res =  0.5902E-01
 MRCHDU: Convergence failed at  85  side 2    Res =  0.8982E+00
 MRCHDU: Convergence failed at  86  side 2    Res =  0.7358E-01
 MRCHDU: Convergence failed at  87  side 2    Res =  0.2106E-01
 Side 1  free  transition at x/c =  0.9967   75
 Side 2  free  transition at x/c =  0.0577   24

 106   rms: 0.5397E+03   max: -.8234E+04   C at   87  2   RLX: 0.000
       a = -1.000      CL = -2.0580
      Cm =  0.4633     CD =  0.54401   =>   CDf =  0.00200    CDp =  0.54201

 MRCHDU: Convergence failed at  84  side 2    Res =  0.7734E-01
 MRCHDU: Convergence failed at  85  side 2    Res =  0.9313E+00
 MRCHDU: Convergence failed at  86  side 2    Res =  0.7382E-01
 MRCHDU: Convergence failed at  87  side 2    Res =  0.2108E-01
 Side 1  free  transition at x/c =  0.9967   75
 Side 2  free  transition at x/c =  0.0577   24

 107   rms: 0.5810E+03   max: -.8879E+04   C at   87  2   RLX: 0.000
       a = -1.000      CL = -2.0580
      Cm =  0.4633     CD =  0.54391   =>   CDf =  0.00200    CDp =  0.54190

 MRCHDU: Convergence failed at  84  side 2    Res =  0.9510E-01
 MRCHDU: Convergence failed at  85  side 2    Res =  0.9649E+00
 MRCHDU: Convergence failed at  86  side 2    Res =  0.7406E-01
 MRCHDU: Convergence failed at  87  side 2    Res =  0.2111E-01
 Side 1  free  transition at x/c =  0.9967   75
 Side 2  free  transition at x/c =  0.0577   24

 108   rms: 0.6237E+03   max: -.9548E+04   C at   87  2   RLX: 0.000
       a = -1.000      CL = -2.0579
      Cm =  0.4632     CD =  0.54381   =>   CDf =  0.00200    CDp =  0.54181

 MRCHDU: Convergence failed at  84  side 2    Res =  0.1123E+00
 MRCHDU: Convergence failed at  85  side 2    Res =  0.4526E-01
 MRCHDU: Convergence failed at  86  side 2    Res =  0.7421E-01
 MRCHDU: Convergence failed at  87  side 2    Res =  0.2111E-01
 Side 1  free  transition at x/c =  0.9967   75
 Side 2  free  transition at x/c =  0.0576   24

 109   rms: 0.2221E+03   max: -.3088E+04   C at   87  2   RLX: 0.000
       a = -1.000      CL = -2.0578
      Cm =  0.4631     CD =  0.54394   =>   CDf =  0.00200    CDp =  0.54194

 MRCHDU: Convergence failed at  85  side 2    Res =  0.4048E+00
 MRCHDU: Convergence failed at  86  side 2    Res =  0.4057E-01
 MRCHDU: Convergence failed at  87  side 2    Res =  0.2119E-01
 Side 1  free  transition at x/c =  0.9967   75
 Side 2  free  transition at x/c =  0.0575   24

 110   rms: 0.2103E+03   max: -.2769E+04   C at   87  2   RLX: 0.000
       a = -1.000      CL = -2.0576
      Cm =  0.4630     CD =  0.54316   =>   CDf =  0.00200    CDp =  0.54116

 MRCHDU: Convergence failed at  84  side 2    Res =  0.1591E-01
 MRCHDU: Convergence failed at  85  side 2    Res =  0.2792E+00
 MRCHDU: Convergence failed at  86  side 2    Res =  0.6849E-01
 MRCHDU: Convergence failed at  87  side 2    Res =  0.2126E-01
 Side 1  free  transition at x/c =  0.9967   75
 Side 2  free  transition at x/c =  0.0574   24

 111   rms: 0.2098E+03   max: -.2763E+04   C at   87  2   RLX: 0.000
       a = -1.000      CL = -2.0574
      Cm =  0.4629     CD =  0.54285   =>   CDf =  0.00200    CDp =  0.54085

 MRCHDU: Convergence failed at  84  side 2    Res =  0.5884E-01
 MRCHDU: Convergence failed at  85  side 2    Res =  0.2873E+00
 MRCHDU: Convergence failed at  86  side 2    Res =  0.6903E-01
 MRCHDU: Convergence failed at  87  side 2    Res =  0.2132E-01
 Side 1  free  transition at x/c =  0.9968   75
 Side 2  free  transition at x/c =  0.0573   24

 112   rms: 0.2362E+03   max: -.3109E+04   C at   87  2   RLX: 0.000
       a = -1.000      CL = -2.0573
      Cm =  0.4627     CD =  0.54263   =>   CDf =  0.00200    CDp =  0.54062

 MRCHDU: Convergence failed at  84  side 2    Res =  0.1018E+00
 MRCHDU: Convergence failed at  85  side 2    Res =  0.5421E-01
 MRCHDU: Convergence failed at  86  side 2    Res =  0.6948E-01
 MRCHDU: Convergence failed at  87  side 2    Res =  0.2136E-01
 Side 1  free  transition at x/c =  0.9968   75
 Side 2  free  transition at x/c =  0.0572   24

 113   rms: 0.2632E+03   max: -.3458E+04   C at   87  2   RLX: 0.000
       a = -1.000      CL = -2.0572
      Cm =  0.4626     CD =  0.54289   =>   CDf =  0.00200    CDp =  0.54088

 MRCHDU: Convergence failed at  84  side 2    Res =  0.1449E+00
 MRCHDU: Convergence failed at  85  side 2    Res =  0.9601E-01
 MRCHDU: Convergence failed at  86  side 2    Res =  0.6997E-01
 MRCHDU: Convergence failed at  87  side 2    Res =  0.2142E-01
 Side 1  free  transition at x/c =  0.9968   75
 Side 2  free  transition at x/c =  0.0572   24

 114   rms: 0.2903E+03   max: -.3814E+04   C at   87  2   RLX: 0.000
       a = -1.000      CL = -2.0571
      Cm =  0.4625     CD =  0.54267   =>   CDf =  0.00200    CDp =  0.54067

 MRCHDU: Convergence failed at  84  side 2    Res =  0.1881E+00
 MRCHDU: Convergence failed at  85  side 2    Res =  0.1378E+00
 Side 1  free  transition at x/c =  0.9968   75
 Side 2  free  transition at x/c =  0.0571   24

 115   rms: 0.3194E+03   max: -.4194E+04   C at   87  2   RLX: 0.000
       a = -1.000      CL = -2.0570
      Cm =  0.4624     CD =  0.54532   =>   CDf =  0.00200    CDp =  0.54331

 MRCHDU: Convergence failed at  84  side 2    Res =  0.2312E+00
 MRCHDU: Convergence failed at  85  side 2    Res =  0.1797E+00
 Side 1  free  transition at x/c =  0.9968   75
 Side 2  free  transition at x/c =  0.0570   24

 116   rms: 0.3560E+03   max: -.4672E+04   C at   87  2   RLX: 0.000
       a = -1.000      CL = -2.0569
      Cm =  0.4624     CD =  0.54512   =>   CDf =  0.00200    CDp =  0.54311

 MRCHDU: Convergence failed at  84  side 2    Res =  0.2744E+00
 MRCHDU: Convergence failed at  85  side 2    Res =  0.2216E+00
 Side 1  free  transition at x/c =  0.9968   75
 Side 2  free  transition at x/c =  0.0570   24

 117   rms: 0.3870E+03   max: -.5077E+04   C at   87  2   RLX: 0.000
       a = -1.000      CL = -2.0568
      Cm =  0.4623     CD =  0.54492   =>   CDf =  0.00200    CDp =  0.54292

 MRCHDU: Convergence failed at  84  side 2    Res =  0.3177E+00
 MRCHDU: Convergence failed at  85  side 2    Res =  0.2636E+00
 MRCHDU: Convergence failed at  86  side 2    Res =  0.1765E-02
 MRCHDU: Convergence failed at  87  side 2    Res =  0.2150E-01
 Side 1  free  transition at x/c =  0.9969   75
 Side 2  free  transition at x/c =  0.0569   24

 118   rms: 0.4193E+03   max: -.5499E+04   C at   87  2   RLX: 0.000
       a = -1.000      CL = -2.0568
      Cm =  0.4622     CD =  0.54473   =>   CDf =  0.00200    CDp =  0.54273

 MRCHDU: Convergence failed at  84  side 2    Res =  0.3609E+00
 MRCHDU: Convergence failed at  85  side 2    Res =  0.3055E+00
 MRCHDU: Convergence failed at  86  side 2    Res =  0.3620E-01
 MRCHDU: Convergence failed at  87  side 2    Res =  0.2155E-01
 Side 1  free  transition at x/c =  0.9969   75
 Side 2  free  transition at x/c =  0.0569   24

 119   rms: 0.4530E+03   max: -.5940E+04   C at   87  2   RLX: 0.000
       a = -1.000      CL = -2.0568
      Cm =  0.4621     CD =  0.54455   =>   CDf =  0.00200    CDp =  0.54255

 MRCHDU: Convergence failed at  84  side 2    Res =  0.4042E+00
 MRCHDU: Convergence failed at  85  side 2    Res =  0.3475E+00
 MRCHDU: Convergence failed at  86  side 2    Res =  0.7065E-01
 MRCHDU: Convergence failed at  87  side 2    Res =  0.2159E-01
 Side 1  free  transition at x/c =  0.9969   75
 Side 2  free  transition at x/c =  0.0568   24

 120   rms: 0.4131E+03   max: -.5415E+04   C at   87  2   RLX: 0.000
       a = -1.000      CL = -2.0567
      Cm =  0.4621     CD =  0.54434   =>   CDf =  0.00200    CDp =  0.54234

 MRCHDU: Convergence failed at  83  side 2    Res =  0.3229E-01
 MRCHDU: Convergence failed at  84  side 2    Res =  0.4148E+00
 MRCHDU: Convergence failed at  85  side 2    Res =  0.3568E+00
 MRCHDU: Convergence failed at  86  side 2    Res =  0.7254E-01
 MRCHDU: Convergence failed at  87  side 2    Res =  0.2163E-01
 Side 1  free  transition at x/c =  0.9969   75
 Side 2  free  transition at x/c =  0.0568   24

 121   rms: 0.5022E+03   max: -.6579E+04   C at   87  2   RLX: 0.000
       a = -1.000      CL = -2.0567
      Cm =  0.4620     CD =  0.54420   =>   CDf =  0.00200    CDp =  0.54220

 MRCHDU: Convergence failed at  83  side 2    Res =  0.6631E-01
 MRCHDU: Convergence failed at  84  side 2    Res =  0.4239E+00
 MRCHDU: Convergence failed at  85  side 2    Res =  0.3647E+00
 MRCHDU: Convergence failed at  86  side 2    Res =  0.7290E-01
 MRCHDU: Convergence failed at  87  side 2    Res =  0.2167E-01
 Side 1  free  transition at x/c =  0.9969   75
 Side 2  free  transition at x/c =  0.0567   24

 122   rms: 0.5377E+03   max: -.7041E+04   C at   87  2   RLX: 0.000
       a = -1.000      CL = -2.0567
      Cm =  0.4620     CD =  0.54405   =>   CDf =  0.00200    CDp =  0.54204

 MRCHDU: Convergence failed at  83  side 2    Res =  0.1004E+00
 MRCHDU: Convergence failed at  84  side 2    Res =  0.3812E-01
 MRCHDU: Convergence failed at  85  side 2    Res =  0.3721E+00
 MRCHDU: Convergence failed at  86  side 2    Res =  0.7318E-01
 MRCHDU: Convergence failed at  87  side 2    Res =  0.2169E-01
 Side 1  free  transition at x/c =  0.9969   75
 Side 2  free  transition at x/c =  0.0567   24

 123   rms: 0.5948E+03   max: -.7787E+04   C at   87  2   RLX: 0.000
       a = -1.000      CL = -2.0566
      Cm =  0.4619     CD =  0.54438   =>   CDf =  0.00200    CDp =  0.54238

 MRCHDU: Convergence failed at  83  side 2    Res =  0.1578E+00
 MRCHDU: Convergence failed at  84  side 2    Res =  0.6973E-01
 MRCHDU: Convergence failed at  85  side 2    Res =  0.3796E+00
 MRCHDU: Convergence failed at  86  side 2    Res =  0.7351E-01
 MRCHDU: Convergence failed at  87  side 2    Res =  0.2173E-01
 Side 1  free  transition at x/c =  0.9969   75
 Side 2  free  transition at x/c =  0.0567   24

 124   rms: 0.6331E+03   max: -.8285E+04   C at   87  2   RLX: 0.000
       a = -1.000      CL = -2.0566
      Cm =  0.4619     CD =  0.54423   =>   CDf =  0.00200    CDp =  0.54222

 MRCHDU: Convergence failed at  83  side 2    Res =  0.1918E+00
 MRCHDU: Convergence failed at  84  side 2    Res =  0.1014E+00
 MRCHDU: Convergence failed at  85  side 2    Res =  0.3605E-01
 MRCHDU: Convergence failed at  86  side 2    Res =  0.7375E-01
 MRCHDU: Convergence failed at  87  side 2    Res =  0.2174E-01
 Side 1  free  transition at x/c =  0.9969   75
 Side 2  free  transition at x/c =  0.0566   24

 125   rms: 0.6884E+03   max: -.9050E+04   C at   87  2   RLX: 0.000
       a = -1.000      CL = -2.0566
      Cm =  0.4618     CD =  0.54457   =>   CDf =  0.00200    CDp =  0.54256

 MRCHDU: Convergence failed at  83  side 2    Res =  0.2249E+00
 MRCHDU: Convergence failed at  84  side 2    Res =  0.1554E+00
 MRCHDU: Convergence failed at  85  side 2    Res =  0.6545E-01
 MRCHDU: Convergence failed at  86  side 2    Res =  0.7405E-01
 MRCHDU: Convergence failed at  87  side 2    Res =  0.2177E-01
 Side 1  free  transition at x/c =  0.9969   75
 Side 2  free  transition at x/c =  0.0566   24

 126   rms: 0.7295E+03   max: -.9588E+04   C at   87  2   RLX: 0.000
       a = -1.000      CL = -2.0566
      Cm =  0.4618     CD =  0.54443   =>   CDf =  0.00200    CDp =  0.54242

 MRCHDU: Convergence failed at  83  side 2    Res =  0.2579E+00
 MRCHDU: Convergence failed at  84  side 2    Res =  0.1871E+00
 MRCHDU: Convergence failed at  85  side 2    Res =  0.9485E-01
 MRCHDU: Convergence failed at  86  side 2    Res =  0.7433E-01
 MRCHDU: Convergence failed at  87  side 2    Res =  0.2180E-01
 Side 1  free  transition at x/c =  0.9969   75
 Side 2  free  transition at x/c =  0.0566   24

 127   rms: 0.7711E+03   max: -.1013E+05   C at   87  2   RLX: 0.000
       a = -1.000      CL = -2.0566
      Cm =  0.4617     CD =  0.54429   =>   CDf =  0.00200    CDp =  0.54229

 MRCHDU: Convergence failed at  83  side 2    Res =  0.2910E+00
 MRCHDU: Convergence failed at  84  side 2    Res =  0.2187E+00
 MRCHDU: Convergence failed at  85  side 2    Res =  0.1242E+00
 Side 1  free  transition at x/c =  0.9970   75
 Side 2  free  transition at x/c =  0.0566   24

 128   rms: 0.8211E+03   max: -.1084E+05   C at   87  2   RLX: 0.000
       a = -1.000      CL = -2.0566
      Cm =  0.4617     CD =  0.54703   =>   CDf =  0.00200    CDp =  0.54503

 MRCHDU: Convergence failed at  83  side 2    Res =  0.3235E+00
 MRCHDU: Convergence failed at  84  side 2    Res =  0.2499E+00
 MRCHDU: Convergence failed at  85  side 2    Res =  0.1758E+00
 Side 1  free  transition at x/c =  0.9970   75
 Side 2  free  transition at x/c =  0.0565   24

 129   rms: 0.8654E+03   max: -.1142E+05   C at   87  2   RLX: 0.000
       a = -1.000      CL = -2.0566
      Cm =  0.4617     CD =  0.54691   =>   CDf =  0.00200    CDp =  0.54491

 MRCHDU: Convergence failed at  83  side 2    Res =  0.3560E+00
 MRCHDU: Convergence failed at  84  side 2    Res =  0.2810E+00
 MRCHDU: Convergence failed at  85  side 2    Res =  0.2056E+00
 Side 1  free  transition at x/c =  0.9970   75
 Side 2  free  transition at x/c =  0.0565   24

 130   rms: 0.8013E+03   max: -.1057E+05   C at   87  2   RLX: 0.000
       a = -1.000      CL = -2.0566
      Cm =  0.4616     CD =  0.54678   =>   CDf =  0.00200    CDp =  0.54477

 MRCHDU: Convergence failed at  83  side 2    Res =  0.3884E+00
 MRCHDU: Convergence failed at  84  side 2    Res =  0.3120E+00
 MRCHDU: Convergence failed at  85  side 2    Res =  0.2352E+00
 Side 1  free  transition at x/c =  0.9970   75
 Side 2  free  transition at x/c =  0.0565   24

 131   rms: 0.8445E+03   max: -.1114E+05   C at   87  2   RLX: 0.000
       a = -1.000      CL = -2.0566
      Cm =  0.4616     CD =  0.54666   =>   CDf =  0.00200    CDp =  0.54466

 MRCHDU: Convergence failed at  83  side 2    Res =  0.4208E+00
 MRCHDU: Convergence failed at  84  side 2    Res =  0.3431E+00
 MRCHDU: Convergence failed at  85  side 2    Res =  0.2649E+00
 Side 1  free  transition at x/c =  0.9970   75
 Side 2  free  transition at x/c =  0.0565   24

 132   rms: 0.8889E+03   max: -.1172E+05   C at   87  2   RLX: 0.000
       a = -1.000      CL = -2.0566
      Cm =  0.4616     CD =  0.54656   =>   CDf =  0.00200    CDp =  0.54455

 MRCHDU: Convergence failed at  83  side 2    Res =  0.4533E+00
 MRCHDU: Convergence failed at  84  side 2    Res =  0.3741E+00
 MRCHDU: Convergence failed at  85  side 2    Res =  0.2945E+00
 Side 1  free  transition at x/c =  0.9970   75
 Side 2  free  transition at x/c =  0.0564   24

 133   rms: 0.9344E+03   max: -.1232E+05   C at   87  2   RLX: 0.000
       a = -1.000      CL = -2.0566
      Cm =  0.4615     CD =  0.54646   =>   CDf =  0.00200    CDp =  0.54445

 MRCHDU: Convergence failed at  83  side 2    Res =  0.4857E+00
 MRCHDU: Convergence failed at  84  side 2    Res =  0.4052E+00
 MRCHDU: Convergence failed at  85  side 2    Res =  0.3242E+00
 Side 1  free  transition at x/c =  0.9970   75
 Side 2  free  transition at x/c =  0.0564   24

 134   rms: 0.9812E+03   max: -.1293E+05   C at   87  2   RLX: 0.000
       a = -1.000      CL = -2.0566
      Cm =  0.4615     CD =  0.54636   =>   CDf =  0.00200    CDp =  0.54435

 MRCHDU: Convergence failed at  83  side 2    Res =  0.5182E+00
 MRCHDU: Convergence failed at  84  side 2    Res =  0.4363E+00
 MRCHDU: Convergence failed at  85  side 2    Res =  0.3539E+00
 Side 1  free  transition at x/c =  0.9970   75
 Side 2  free  transition at x/c =  0.0564   24

 135   rms: 0.1029E+04   max: -.1356E+05   C at   87  2   RLX: 0.000
       a = -1.000      CL = -2.0566
      Cm =  0.4615     CD =  0.54626   =>   CDf =  0.00200    CDp =  0.54425

 MRCHDU: Convergence failed at  83  side 2    Res =  0.5507E+00
 MRCHDU: Convergence failed at  84  side 2    Res =  0.4674E+00
 MRCHDU: Convergence failed at  85  side 2    Res =  0.3837E+00
 Side 1  free  transition at x/c =  0.9970   75
 Side 2  free  transition at x/c =  0.0564   24

 136   rms: 0.1078E+04   max: -.1421E+05   C at   87  2   RLX: 0.000
       a = -1.000      CL = -2.0566
      Cm =  0.4614     CD =  0.54617   =>   CDf =  0.00200    CDp =  0.54416

 MRCHDU: Convergence failed at  83  side 2    Res =  0.5832E+00
 MRCHDU: Convergence failed at  84  side 2    Res =  0.4986E+00
 MRCHDU: Convergence failed at  85  side 2    Res =  0.4134E+00
 Side 1  free  transition at x/c =  0.9970   75
 Side 2  free  transition at x/c =  0.0564   24

 137   rms: 0.1128E+04   max: -.1487E+05   C at   87  2   RLX: 0.000
       a = -1.000      CL = -2.0566
      Cm =  0.4614     CD =  0.54607   =>   CDf =  0.00200    CDp =  0.54407

 MRCHDU: Convergence failed at  83  side 2    Res =  0.6157E+00
 MRCHDU: Convergence failed at  84  side 2    Res =  0.5297E+00
 MRCHDU: Convergence failed at  85  side 2    Res =  0.4432E+00
 MRCHDU: Convergence failed at  87  side 2    Res =  0.1057E-01
 Side 1  free  transition at x/c =  0.9970   75
 Side 2  free  transition at x/c =  0.0563   24

 138   rms: 0.1180E+04   max: -.1554E+05   C at   87  2   RLX: 0.000
       a = -1.000      CL = -2.0566
      Cm =  0.4614     CD =  0.54599   =>   CDf =  0.00200    CDp =  0.54398

 MRCHDU: Convergence failed at  83  side 2    Res =  0.6483E+00
 MRCHDU: Convergence failed at  84  side 2    Res =  0.5609E+00
 MRCHDU: Convergence failed at  85  side 2    Res =  0.4730E+00
 MRCHDU: Convergence failed at  86  side 2    Res =  0.1021E-01
 MRCHDU: Convergence failed at  87  side 2    Res =  0.2197E-01
 Side 1  free  transition at x/c =  0.9970   75
 Side 2  free  transition at x/c =  0.0563   24

 139   rms: 0.1096E+04   max: -.1443E+05   C at   87  2   RLX: 0.000
       a = -1.000      CL = -2.0566
      Cm =  0.4614     CD =  0.54589   =>   CDf =  0.00200    CDp =  0.54389

 MRCHDU: Convergence failed at  83  side 2    Res =  0.6807E+00
 MRCHDU: Convergence failed at  84  side 2    Res =  0.5920E+00
 MRCHDU: Convergence failed at  85  side 2    Res =  0.5027E+00
 MRCHDU: Convergence failed at  86  side 2    Res =  0.3174E-01
 MRCHDU: Convergence failed at  87  side 2    Res =  0.2199E-01
 Side 1  free  transition at x/c =  0.9970   75
 Side 2  free  transition at x/c =  0.0563   24

 140   rms: 0.1146E+04   max: -.1509E+05   C at   87  2   RLX: 0.000
       a = -1.000      CL = -2.0566
      Cm =  0.4613     CD =  0.54581   =>   CDf =  0.00200    CDp =  0.54381

 MRCHDU: Convergence failed at  83  side 2    Res =  0.7132E+00
 MRCHDU: Convergence failed at  84  side 2    Res =  0.6231E+00
 MRCHDU: Convergence failed at  85  side 2    Res =  0.5325E+00
 MRCHDU: Convergence failed at  86  side 2    Res =  0.5329E-01
 MRCHDU: Convergence failed at  87  side 2    Res =  0.2201E-01
 Side 1  free  transition at x/c =  0.9970   75
 Side 2  free  transition at x/c =  0.0563   24

 141   rms: 0.1199E+04   max: -.1578E+05   C at   87  2   RLX: 0.000
       a = -1.000      CL = -2.0566
      Cm =  0.4613     CD =  0.54573   =>   CDf =  0.00200    CDp =  0.54373

 MRCHDU: Convergence failed at  83  side 2    Res =  0.7457E+00
 MRCHDU: Convergence failed at  84  side 2    Res =  0.6542E+00
 MRCHDU: Convergence failed at  85  side 2    Res =  0.5622E+00
 MRCHDU: Convergence failed at  86  side 2    Res =  0.7488E-01
 MRCHDU: Convergence failed at  87  side 2    Res =  0.2202E-01
 Side 1  free  transition at x/c =  0.9970   75
 Side 2  free  transition at x/c =  0.0563   24

 142   rms: 0.1252E+04   max: -.1648E+05   C at   87  2   RLX: 0.000
       a = -1.000      CL = -2.0566
      Cm =  0.4613     CD =  0.54566   =>   CDf =  0.00200    CDp =  0.54365

 MRCHDU: Convergence failed at  82  side 2    Res =  0.1842E-01
 MRCHDU: Convergence failed at  83  side 2    Res =  0.7598E+00
 MRCHDU: Convergence failed at  84  side 2    Res =  0.6670E+00
 MRCHDU: Convergence failed at  85  side 2    Res =  0.5736E+00
 MRCHDU: Convergence failed at  86  side 2    Res =  0.7808E-01
 MRCHDU: Convergence failed at  87  side 2    Res =  0.2204E-01
 Side 1  free  transition at x/c =  0.9970   75
 Side 2  free  transition at x/c =  0.0562   24

 143   rms: 0.1306E+04   max: -.1719E+05   C at   87  2   RLX: 0.000
       a = -1.000      CL = -2.0566
      Cm =  0.4613     CD =  0.54558   =>   CDf =  0.00200    CDp =  0.54358

 MRCHDU: Convergence failed at  82  side 2    Res =  0.3990E-01
 MRCHDU: Convergence failed at  83  side 2    Res =  0.7708E+00
 MRCHDU: Convergence failed at  84  side 2    Res =  0.6767E+00
 MRCHDU: Convergence failed at  85  side 2    Res =  0.5820E+00
 MRCHDU: Convergence failed at  86  side 2    Res =  0.7825E-01
 MRCHDU: Convergence failed at  87  side 2    Res =  0.2206E-01
 Side 1  free  transition at x/c =  0.9970   75
 Side 2  free  transition at x/c =  0.0562   24

 144   rms: 0.1362E+04   max: -.1792E+05   C at   87  2   RLX: 0.000
       a = -1.000      CL = -2.0566
      Cm =  0.4612     CD =  0.54551   =>   CDf =  0.00200    CDp =  0.54351

 MRCHDU: Convergence failed at  82  side 2    Res =  0.6143E-01
 MRCHDU: Convergence failed at  83  side 2    Res =  0.7819E+00
 MRCHDU: Convergence failed at  84  side 2    Res =  0.6863E+00
 MRCHDU: Convergence failed at  85  side 2    Res =  0.5903E+00
 MRCHDU: Convergence failed at  86  side 2    Res =  0.7842E-01
 MRCHDU: Convergence failed at  87  side 2    Res =  0.2207E-01
 Side 1  free  transition at x/c =  0.9970   75
 Side 2  free  transition at x/c =  0.0562   24

 145   rms: 0.1419E+04   max: -.1866E+05   C at   87  2   RLX: 0.000
       a = -1.000      CL = -2.0566
      Cm =  0.4612     CD =  0.54544   =>   CDf =  0.00200    CDp =  0.54344

 MRCHDU: Convergence failed at  82  side 2    Res =  0.8300E-01
 MRCHDU: Convergence failed at  83  side 2    Res =  0.7929E+00
 MRCHDU: Convergence failed at  84  side 2    Res =  0.6960E+00
 MRCHDU: Convergence failed at  85  side 2    Res =  0.5986E+00
 MRCHDU: Convergence failed at  86  side 2    Res =  0.7859E-01
 MRCHDU: Convergence failed at  87  side 2    Res =  0.2209E-01
 Side 1  free  transition at x/c =  0.9970   75
 Side 2  free  transition at x/c =  0.0562   24

 146   rms: 0.1477E+04   max: -.1941E+05   C at   87  2   RLX: 0.000
       a = -1.000      CL = -2.0566
      Cm =  0.4612     CD =  0.54537   =>   CDf =  0.00200    CDp =  0.54337

 MRCHDU: Convergence failed at  82  side 2    Res =  0.1046E+00
 MRCHDU: Convergence failed at  83  side 2    Res =  0.5267E-01
 MRCHDU: Convergence failed at  84  side 2    Res =  0.7053E+00
 MRCHDU: Convergence failed at  85  side 2    Res =  0.6066E+00
 MRCHDU: Convergence failed at  86  side 2    Res =  0.7871E-01
 MRCHDU: Convergence failed at  87  side 2    Res =  0.2210E-01
 Side 1  free  transition at x/c =  0.9971   75
 Side 2  free  transition at x/c =  0.0562   24

 147   rms: 0.1966E+04   max: -.2492E+05   C at   87  2   RLX: 0.000
       a = -1.000      CL = -2.0566
      Cm =  0.4612     CD =  0.54555   =>   CDf =  0.00200    CDp =  0.54354

 MRCHDU: Convergence failed at  82  side 2    Res =  0.4781E+00
 MRCHDU: Convergence failed at  83  side 2    Res =  0.6697E-01
 MRCHDU: Convergence failed at  84  side 2    Res =  0.7119E+00
 MRCHDU: Convergence failed at  85  side 2    Res =  0.6122E+00
 MRCHDU: Convergence failed at  86  side 2    Res =  0.7882E-01
 MRCHDU: Convergence failed at  87  side 2    Res =  0.2211E-01
 Side 1  free  transition at x/c =  0.9971   75
 Side 2  free  transition at x/c =  0.0562   24

 148   rms: 0.2033E+04   max: -.2576E+05   C at   87  2   RLX: 0.000
       a = -1.000      CL = -2.0566
      Cm =  0.4612     CD =  0.54551   =>   CDf =  0.00200    CDp =  0.54350

 MRCHDU: Convergence failed at  82  side 2    Res =  0.5032E+00
 MRCHDU: Convergence failed at  83  side 2    Res =  0.8122E-01
 MRCHDU: Convergence failed at  84  side 2    Res =  0.7184E+00
 MRCHDU: Convergence failed at  85  side 2    Res =  0.6178E+00
 MRCHDU: Convergence failed at  86  side 2    Res =  0.7892E-01
 MRCHDU: Convergence failed at  87  side 2    Res =  0.2212E-01
 Side 1  free  transition at x/c =  0.9971   75
 Side 2  free  transition at x/c =  0.0562   24

 149   rms: 0.2102E+04   max: -.2661E+05   C at   87  2   RLX: 0.000
       a = -1.000      CL = -2.0566
      Cm =  0.4611     CD =  0.54546   =>   CDf =  0.00200    CDp =  0.54346

 MRCHDU: Convergence failed at  82  side 2    Res =  0.5284E+00
 MRCHDU: Convergence failed at  83  side 2    Res =  0.9540E-01
 MRCHDU: Convergence failed at  84  side 2    Res =  0.7249E+00
 MRCHDU: Convergence failed at  85  side 2    Res =  0.6234E+00
 MRCHDU: Convergence failed at  86  side 2    Res =  0.7902E-01
 MRCHDU: Convergence failed at  87  side 2    Res =  0.2213E-01
 Side 1  free  transition at x/c =  0.9971   75
 Side 2  free  transition at x/c =  0.0562   24

 150   rms: 0.2173E+04   max: -.2748E+05   C at   87  2   RLX: 0.000
       a = -1.000      CL = -2.0566
      Cm =  0.4611     CD =  0.54542   =>   CDf =  0.00200    CDp =  0.54342

 MRCHDU: Convergence failed at  82  side 2    Res =  0.5538E+00
 MRCHDU: Convergence failed at  83  side 2    Res =  0.1095E+00
 MRCHDU: Convergence failed at  85  side 2    Res =  0.6105E+00
 MRCHDU: Convergence failed at  86  side 2    Res =  0.6131E-01
 MRCHDU: Convergence failed at  87  side 2    Res =  0.2211E-01
 Side 1  free  transition at x/c =  0.9971   75
 Side 2  free  transition at x/c =  0.0561   24

 151   rms: 0.2918E+04   max: -.3716E+05   C at   87  2   RLX: 0.000
       a = -1.000      CL = -2.0566
      Cm =  0.4611     CD =  0.54588   =>   CDf =  0.00200    CDp =  0.54388

 MRCHDU: Convergence failed at  82  side 2    Res =  0.5732E+00
 MRCHDU: Convergence failed at  83  side 2    Res =  0.4975E+00
 MRCHDU: Convergence failed at  85  side 2    Res =  0.6240E+00
 MRCHDU: Convergence failed at  86  side 2    Res =  0.7083E-01
 MRCHDU: Convergence failed at  87  side 2    Res =  0.2212E-01
 Side 1  free  transition at x/c =  0.9971   75
 Side 2  free  transition at x/c =  0.0561   24

 152   rms: 0.2995E+04   max: -.3813E+05   C at   87  2   RLX: 0.000
       a = -1.000      CL = -2.0566
      Cm =  0.4611     CD =  0.54585   =>   CDf =  0.00200    CDp =  0.54385

 MRCHDU: Convergence failed at  82  side 2    Res =  0.5925E+00
 MRCHDU: Convergence failed at  83  side 2    Res =  0.5159E+00
 MRCHDU: Convergence failed at  84  side 2    Res =  0.1109E-02
 MRCHDU: Convergence failed at  85  side 2    Res =  0.6362E+00
 MRCHDU: Convergence failed at  86  side 2    Res =  0.7918E-01
 MRCHDU: Convergence failed at  87  side 2    Res =  0.2213E-01
 Side 1  free  transition at x/c =  0.9971   75
 Side 2  free  transition at x/c =  0.0561   24

 153   rms: 0.3074E+04   max: -.3912E+05   C at   87  2   RLX: 0.000
       a = -1.000      CL = -2.0566
      Cm =  0.4611     CD =  0.54582   =>   CDf =  0.00200    CDp =  0.54382

 MRCHDU: Convergence failed at  82  side 2    Res =  0.6119E+00
 MRCHDU: Convergence failed at  83  side 2    Res =  0.5344E+00
 MRCHDU: Convergence failed at  84  side 2    Res =  0.1045E-01
 MRCHDU: Convergence failed at  85  side 2    Res =  0.6402E+00
 MRCHDU: Convergence failed at  86  side 2    Res =  0.7925E-01
 MRCHDU: Convergence failed at  87  side 2    Res =  0.2213E-01
 Side 1  free  transition at x/c =  0.9971   75
 Side 2  free  transition at x/c =  0.0561   24

 154   rms: 0.3155E+04   max: -.4014E+05   C at   87  2   RLX: 0.000
       a = -1.000      CL = -2.0566
      Cm =  0.4611     CD =  0.54579   =>   CDf =  0.00200    CDp =  0.54379

 MRCHDU: Convergence failed at  82  side 2    Res =  0.6313E+00
 MRCHDU: Convergence failed at  83  side 2    Res =  0.5529E+00
 MRCHDU: Convergence failed at  84  side 2    Res =  0.1974E-01
 MRCHDU: Convergence failed at  85  side 2    Res =  0.6441E+00
 MRCHDU: Convergence failed at  86  side 2    Res =  0.7932E-01
 MRCHDU: Convergence failed at  87  side 2    Res =  0.2214E-01
 Side 1  free  transition at x/c =  0.9971   75
 Side 2  free  transition at x/c =  0.0561   24

 155   rms: 0.3236E+04   max: -.4116E+05   C at   87  2   RLX: 0.000
       a = -1.000      CL = -2.0566
      Cm =  0.4611     CD =  0.54577   =>   CDf =  0.00200    CDp =  0.54376

 MRCHDU: Convergence failed at  82  side 2    Res =  0.6507E+00
 MRCHDU: Convergence failed at  83  side 2    Res =  0.5714E+00
 MRCHDU: Convergence failed at  84  side 2    Res =  0.2898E-01
 MRCHDU: Convergence failed at  85  side 2    Res =  0.6480E+00
 MRCHDU: Convergence failed at  86  side 2    Res =  0.7939E-01
 MRCHDU: Convergence failed at  87  side 2    Res =  0.2215E-01
 Side 1  free  transition at x/c =  0.9971   75
 Side 2  free  transition at x/c =  0.0561   24

 156   rms: 0.3318E+04   max: -.4219E+05   C at   87  2   RLX: 0.000
       a = -1.000      CL = -2.0566
      Cm =  0.4611     CD =  0.54574   =>   CDf =  0.00200    CDp =  0.54373

 MRCHDU: Convergence failed at  82  side 2    Res =  0.6701E+00
 MRCHDU: Convergence failed at  83  side 2    Res =  0.5899E+00
 MRCHDU: Convergence failed at  84  side 2    Res =  0.3817E-01
 MRCHDU: Convergence failed at  85  side 2    Res =  0.6519E+00
 MRCHDU: Convergence failed at  86  side 2    Res =  0.7945E-01
 MRCHDU: Convergence failed at  87  side 2    Res =  0.2215E-01
 Side 1  free  transition at x/c =  0.9971   75
 Side 2  free  transition at x/c =  0.0561   24

 157   rms: 0.3400E+04   max: -.4321E+05   C at   87  2   RLX: 0.000
       a = -1.000      CL = -2.0566
      Cm =  0.4611     CD =  0.54571   =>   CDf =  0.00200    CDp =  0.54371

 MRCHDU: Convergence failed at  82  side 2    Res =  0.6896E+00
 MRCHDU: Convergence failed at  83  side 2    Res =  0.6084E+00
 MRCHDU: Convergence failed at  84  side 2    Res =  0.4731E-01
 MRCHDU: Convergence failed at  85  side 2    Res =  0.6557E+00
 MRCHDU: Convergence failed at  86  side 2    Res =  0.7952E-01
 MRCHDU: Convergence failed at  87  side 2    Res =  0.2216E-01
 Side 1  free  transition at x/c =  0.9971   75
 Side 2  free  transition at x/c =  0.0561   24

 158   rms: 0.3485E+04   max: -.4427E+05   C at   87  2   RLX: 0.000
       a = -1.000      CL = -2.0566
      Cm =  0.4610     CD =  0.54568   =>   CDf =  0.00200    CDp =  0.54368

 MRCHDU: Convergence failed at  82  side 2    Res =  0.7091E+00
 MRCHDU: Convergence failed at  83  side 2    Res =  0.6270E+00
 MRCHDU: Convergence failed at  84  side 2    Res =  0.5640E-01
 MRCHDU: Convergence failed at  85  side 2    Res =  0.6595E+00
 MRCHDU: Convergence failed at  86  side 2    Res =  0.7958E-01
 MRCHDU: Convergence failed at  87  side 2    Res =  0.2216E-01
 Side 1  free  transition at x/c =  0.9971   75
 Side 2  free  transition at x/c =  0.0561   24

 159   rms: 0.3570E+04   max: -.4534E+05   C at   87  2   RLX: 0.000
       a = -1.000      CL = -2.0566
      Cm =  0.4610     CD =  0.54566   =>   CDf =  0.00200    CDp =  0.54365

 MRCHDU: Convergence failed at  82  side 2    Res =  0.7286E+00
 MRCHDU: Convergence failed at  83  side 2    Res =  0.6456E+00
 MRCHDU: Convergence failed at  84  side 2    Res =  0.6544E-01
 MRCHDU: Convergence failed at  85  side 2    Res =  0.6633E+00
 MRCHDU: Convergence failed at  86  side 2    Res =  0.7964E-01
 MRCHDU: Convergence failed at  87  side 2    Res =  0.2217E-01
 Side 1  free  transition at x/c =  0.9971   75
 Side 2  free  transition at x/c =  0.0561   24

 160   rms: 0.3657E+04   max: -.4643E+05   C at   87  2   RLX: 0.000
       a = -1.000      CL = -2.0567
      Cm =  0.4610     CD =  0.54563   =>   CDf =  0.00200    CDp =  0.54363

 MRCHDU: Convergence failed at  82  side 2    Res =  0.7482E+00
 MRCHDU: Convergence failed at  83  side 2    Res =  0.6642E+00
 MRCHDU: Convergence failed at  84  side 2    Res =  0.7443E-01
 MRCHDU: Convergence failed at  85  side 2    Res =  0.6671E+00
 MRCHDU: Convergence failed at  86  side 2    Res =  0.7970E-01
 MRCHDU: Convergence failed at  87  side 2    Res =  0.2218E-01
 Side 1  free  transition at x/c =  0.9971   75
 Side 2  free  transition at x/c =  0.0561   24

 161   rms: 0.3745E+04   max: -.4753E+05   C at   87  2   RLX: 0.000
       a = -1.000      CL = -2.0567
      Cm =  0.4610     CD =  0.54561   =>   CDf =  0.00200    CDp =  0.54360

 MRCHDU: Convergence failed at  82  side 2    Res =  0.7677E+00
 MRCHDU: Convergence failed at  83  side 2    Res =  0.6828E+00
 MRCHDU: Convergence failed at  84  side 2    Res =  0.8338E-01
 MRCHDU: Convergence failed at  85  side 2    Res =  0.6708E+00
 MRCHDU: Convergence failed at  86  side 2    Res =  0.7976E-01
 MRCHDU: Convergence failed at  87  side 2    Res =  0.2218E-01
 Side 1  free  transition at x/c =  0.9971   75
 Side 2  free  transition at x/c =  0.0561   24

 162   rms: 0.3835E+04   max: -.4865E+05   C at   87  2   RLX: 0.000
       a = -1.000      CL = -2.0567
      Cm =  0.4610     CD =  0.54558   =>   CDf =  0.00200    CDp =  0.54358

 MRCHDU: Convergence failed at  82  side 2    Res =  0.7873E+00
 MRCHDU: Convergence failed at  83  side 2    Res =  0.7015E+00
 MRCHDU: Convergence failed at  84  side 2    Res =  0.9227E-01
 MRCHDU: Convergence failed at  85  side 2    Res =  0.6745E+00
 MRCHDU: Convergence failed at  86  side 2    Res =  0.7982E-01
 MRCHDU: Convergence failed at  87  side 2    Res =  0.2219E-01
 Side 1  free  transition at x/c =  0.9971   75
 Side 2  free  transition at x/c =  0.0561   24

 163   rms: 0.3925E+04   max: -.4978E+05   C at   87  2   RLX: 0.000
       a = -1.000      CL = -2.0567
      Cm =  0.4610     CD =  0.54556   =>   CDf =  0.00200    CDp =  0.54355

 MRCHDU: Convergence failed at  82  side 2    Res =  0.8069E+00
 MRCHDU: Convergence failed at  83  side 2    Res =  0.7201E+00
 MRCHDU: Convergence failed at  84  side 2    Res =  0.1011E+00
 MRCHDU: Convergence failed at  86  side 2    Res =  0.3933E-01
 MRCHDU: Convergence failed at  87  side 2    Res =  0.2217E-01
 Side 1  free  transition at x/c =  0.9971   75
 Side 2  free  transition at x/c =  0.0561   24

 164   rms: 0.4788E+04   max: -.6299E+05   C at   87  2   RLX: 0.000
       a = -1.000      CL = -2.0567
      Cm =  0.4610     CD =  0.54602   =>   CDf =  0.00200    CDp =  0.54402

 MRCHDU: Convergence failed at  82  side 2    Res =  0.8228E+00
 MRCHDU: Convergence failed at  83  side 2    Res =  0.7353E+00
 MRCHDU: Convergence failed at  84  side 2    Res =  0.5330E+00
 MRCHDU: Convergence failed at  86  side 2    Res =  0.4553E-01
 MRCHDU: Convergence failed at  87  side 2    Res =  0.2218E-01
 Side 1  free  transition at x/c =  0.9971   75
 Side 2  free  transition at x/c =  0.0561   24

 165   rms: 0.4881E+04   max: -.6419E+05   C at   87  2   RLX: 0.000
       a = -1.000      CL = -2.0567
      Cm =  0.4610     CD =  0.54601   =>   CDf =  0.00200    CDp =  0.54400

 MRCHDU: Convergence failed at  82  side 2    Res =  0.8386E+00
 MRCHDU: Convergence failed at  83  side 2    Res =  0.7503E+00
 MRCHDU: Convergence failed at  84  side 2    Res =  0.5463E+00
 MRCHDU: Convergence failed at  86  side 2    Res =  0.5170E-01
 MRCHDU: Convergence failed at  87  side 2    Res =  0.2218E-01
 Side 1  free  transition at x/c =  0.9971   75
 Side 2  free  transition at x/c =  0.0561   24

 166   rms: 0.4974E+04   max: -.6541E+05   C at   87  2   RLX: 0.000
       a = -1.000      CL = -2.0567
      Cm =  0.4610     CD =  0.54599   =>   CDf =  0.00200    CDp =  0.54398

 MRCHDU: Convergence failed at  82  side 2    Res =  0.8544E+00
 MRCHDU: Convergence failed at  83  side 2    Res =  0.7654E+00
 MRCHDU: Convergence failed at  84  side 2    Res =  0.5596E+00
 MRCHDU: Convergence failed at  86  side 2    Res =  0.5783E-01
 MRCHDU: Convergence failed at  87  side 2    Res =  0.2218E-01
 Side 1  free  transition at x/c =  0.9971   75
 Side 2  free  transition at x/c =  0.0561   24

 167   rms: 0.5068E+04   max: -.6664E+05   C at   87  2   RLX: 0.000
       a = -1.000      CL = -2.0567
      Cm =  0.4610     CD =  0.54597   =>   CDf =  0.00200    CDp =  0.54397

 MRCHDU: Convergence failed at  82  side 2    Res =  0.8702E+00
 MRCHDU: Convergence failed at  83  side 2    Res =  0.7804E+00
 MRCHDU: Convergence failed at  84  side 2    Res =  0.5729E+00
 MRCHDU: Convergence failed at  86  side 2    Res =  0.6393E-01
 MRCHDU: Convergence failed at  87  side 2    Res =  0.2219E-01
 Side 1  free  transition at x/c =  0.9971   75
 Side 2  free  transition at x/c =  0.0561   24

 168   rms: 0.5163E+04   max: -.6788E+05   C at   87  2   RLX: 0.000
       a = -1.000      CL = -2.0567
      Cm =  0.4610     CD =  0.54595   =>   CDf =  0.00200    CDp =  0.54395

 MRCHDU: Convergence failed at  82  side 2    Res =  0.8860E+00
 MRCHDU: Convergence failed at  83  side 2    Res =  0.7955E+00
 MRCHDU: Convergence failed at  84  side 2    Res =  0.5863E+00
 MRCHDU: Convergence failed at  86  side 2    Res =  0.7000E-01
 MRCHDU: Convergence failed at  87  side 2    Res =  0.2219E-01
 Side 1  free  transition at x/c =  0.9971   75
 Side 2  free  transition at x/c =  0.0560   24

 169   rms: 0.5259E+04   max: -.6913E+05   C at   87  2   RLX: 0.000
       a = -1.000      CL = -2.0567
      Cm =  0.4610     CD =  0.54593   =>   CDf =  0.00200    CDp =  0.54393

 MRCHDU: Convergence failed at  82  side 2    Res =  0.9019E+00
 MRCHDU: Convergence failed at  83  side 2    Res =  0.8105E+00
 MRCHDU: Convergence failed at  84  side 2    Res =  0.5996E+00
 MRCHDU: Convergence failed at  86  side 2    Res =  0.7603E-01
 MRCHDU: Convergence failed at  87  side 2    Res =  0.2220E-01
 Side 1  free  transition at x/c =  0.9971   75
 Side 2  free  transition at x/c =  0.0560   24

 170   rms: 0.5356E+04   max: -.7040E+05   C at   87  2   RLX: 0.000
       a = -1.000      CL = -2.0567
      Cm =  0.4610     CD =  0.54592   =>   CDf =  0.00200    CDp =  0.54391

 MRCHDU: Convergence failed at  82  side 2    Res =  0.9177E+00
 MRCHDU: Convergence failed at  83  side 2    Res =  0.8256E+00
 MRCHDU: Convergence failed at  84  side 2    Res =  0.6129E+00
 MRCHDU: Convergence failed at  85  side 2    Res =  0.1937E-02
 MRCHDU: Convergence failed at  86  side 2    Res =  0.8010E-01
 MRCHDU: Convergence failed at  87  side 2    Res =  0.2220E-01
 Side 1  free  transition at x/c =  0.9971   75
 Side 2  free  transition at x/c =  0.0560   24

 171   rms: 0.5454E+04   max: -.7168E+05   C at   87  2   RLX: 0.000
       a = -1.000      CL = -2.0567
      Cm =  0.4610     CD =  0.54590   =>   CDf =  0.00200    CDp =  0.54390

 MRCHDU: Convergence failed at  82  side 2    Res =  0.9335E+00
 MRCHDU: Convergence failed at  83  side 2    Res =  0.8406E+00
 MRCHDU: Convergence failed at  84  side 2    Res =  0.6262E+00
 MRCHDU: Convergence failed at  85  side 2    Res =  0.7865E-02
 MRCHDU: Convergence failed at  86  side 2    Res =  0.8014E-01
 MRCHDU: Convergence failed at  87  side 2    Res =  0.2220E-01
 Side 1  free  transition at x/c =  0.9971   75
 Side 2  free  transition at x/c =  0.0560   24

 172   rms: 0.5553E+04   max: -.7297E+05   C at   87  2   RLX: 0.000
       a = -1.000      CL = -2.0567
      Cm =  0.4609     CD =  0.54588   =>   CDf =  0.00200    CDp =  0.54388

 MRCHDU: Convergence failed at  82  side 2    Res =  0.9494E+00
 MRCHDU: Convergence failed at  83  side 2    Res =  0.8557E+00
 MRCHDU: Convergence failed at  84  side 2    Res =  0.6395E+00
 MRCHDU: Convergence failed at  85  side 2    Res =  0.1376E-01
 MRCHDU: Convergence failed at  86  side 2    Res =  0.8018E-01
 MRCHDU: Convergence failed at  87  side 2    Res =  0.2221E-01
 Side 1  free  transition at x/c =  0.9971   75
 Side 2  free  transition at x/c =  0.0560   24

 173   rms: 0.5653E+04   max: -.7427E+05   C at   87  2   RLX: 0.000
       a = -1.000      CL = -2.0567
      Cm =  0.4609     CD =  0.54587   =>   CDf =  0.00200    CDp =  0.54386

 MRCHDU: Convergence failed at  82  side 2    Res =  0.9652E+00
 MRCHDU: Convergence failed at  83  side 2    Res =  0.8708E+00
 MRCHDU: Convergence failed at  84  side 2    Res =  0.6529E+00
 MRCHDU: Convergence failed at  85  side 2    Res =  0.1963E-01
 MRCHDU: Convergence failed at  86  side 2    Res =  0.8022E-01
 MRCHDU: Convergence failed at  87  side 2    Res =  0.2221E-01
 Side 1  free  transition at x/c =  0.9971   75
 Side 2  free  transition at x/c =  0.0560   24

 174   rms: 0.5761E+04   max: -.7567E+05   C at   87  2   RLX: 0.000
       a = -1.000      CL = -2.0567
      Cm =  0.4609     CD =  0.54585   =>   CDf =  0.00200    CDp =  0.54385

 MRCHDU: Convergence failed at  82  side 2    Res =  0.9810E+00
 MRCHDU: Convergence failed at  83  side 2    Res =  0.8858E+00
 MRCHDU: Convergence failed at  84  side 2    Res =  0.6662E+00
 MRCHDU: Convergence failed at  85  side 2    Res =  0.2546E-01
 MRCHDU: Convergence failed at  86  side 2    Res =  0.8025E-01
 MRCHDU: Convergence failed at  87  side 2    Res =  0.2221E-01
 Side 1  free  transition at x/c =  0.9971   75
 Side 2  free  transition at x/c =  0.0560   24

 175   rms: 0.5863E+04   max: -.7700E+05   C at   87  2   RLX: 0.000
       a = -1.000      CL = -2.0567
      Cm =  0.4609     CD =  0.54583   =>   CDf =  0.00200    CDp =  0.54383

 MRCHDU: Convergence failed at  82  side 2    Res =  0.9969E+00
 MRCHDU: Convergence failed at  83  side 2    Res =  0.9009E+00
 MRCHDU: Convergence failed at  84  side 2    Res =  0.6795E+00
 MRCHDU: Convergence failed at  85  side 2    Res =  0.3126E-01
 MRCHDU: Convergence failed at  86  side 2    Res =  0.8029E-01
 MRCHDU: Convergence failed at  87  side 2    Res =  0.2222E-01
 Side 1  free  transition at x/c =  0.9971   75
 Side 2  free  transition at x/c =  0.0560   24

 176   rms: 0.5966E+04   max: -.7834E+05   C at   87  2   RLX: 0.000
       a = -1.000      CL = -2.0567
      Cm =  0.4609     CD =  0.54582   =>   CDf =  0.00200    CDp =  0.54382

 MRCHDU: Convergence failed at  82  side 2    Res =  0.1013E+01
 MRCHDU: Convergence failed at  83  side 2    Res =  0.9160E+00
 MRCHDU: Convergence failed at  84  side 2    Res =  0.6928E+00
 MRCHDU: Convergence failed at  85  side 2    Res =  0.3703E-01
 MRCHDU: Convergence failed at  86  side 2    Res =  0.8033E-01
 MRCHDU: Convergence failed at  87  side 2    Res =  0.2222E-01
 Side 1  free  transition at x/c =  0.9971   75
 Side 2  free  transition at x/c =  0.0560   24

 177   rms: 0.6070E+04   max: -.7970E+05   C at   87  2   RLX: 0.000
       a = -1.000      CL = -2.0567
      Cm =  0.4609     CD =  0.54580   =>   CDf =  0.00200    CDp =  0.54380

 MRCHDU: Convergence failed at  82  side 2    Res =  0.1029E+01
 MRCHDU: Convergence failed at  83  side 2    Res =  0.9310E+00
 MRCHDU: Convergence failed at  84  side 2    Res =  0.7061E+00
 MRCHDU: Convergence failed at  85  side 2    Res =  0.4278E-01
 MRCHDU: Convergence failed at  86  side 2    Res =  0.8037E-01
 MRCHDU: Convergence failed at  87  side 2    Res =  0.2222E-01
 Side 1  free  transition at x/c =  0.9971   75
 Side 2  free  transition at x/c =  0.0560   24

 178   rms: 0.6174E+04   max: -.8107E+05   C at   87  2   RLX: 0.000
       a = -1.000      CL = -2.0567
      Cm =  0.4609     CD =  0.54579   =>   CDf =  0.00200    CDp =  0.54378

 MRCHDU: Convergence failed at  82  side 2    Res =  0.1044E+01
 MRCHDU: Convergence failed at  83  side 2    Res =  0.9461E+00
 MRCHDU: Convergence failed at  84  side 2    Res =  0.7195E+00
 MRCHDU: Convergence failed at  85  side 2    Res =  0.4849E-01
 MRCHDU: Convergence failed at  86  side 2    Res =  0.8040E-01
 MRCHDU: Convergence failed at  87  side 2    Res =  0.2223E-01
 Side 1  free  transition at x/c =  0.9971   75
 Side 2  free  transition at x/c =  0.0560   24

 179   rms: 0.6280E+04   max: -.8245E+05   C at   87  2   RLX: 0.000
       a = -1.000      CL = -2.0567
      Cm =  0.4609     CD =  0.54577   =>   CDf =  0.00200    CDp =  0.54377

 MRCHDU: Convergence failed at  82  side 2    Res =  0.1060E+01
 MRCHDU: Convergence failed at  83  side 2    Res =  0.9612E+00
 MRCHDU: Convergence failed at  84  side 2    Res =  0.7328E+00
 MRCHDU: Convergence failed at  85  side 2    Res =  0.5417E-01
 MRCHDU: Convergence failed at  86  side 2    Res =  0.8044E-01
 MRCHDU: Convergence failed at  87  side 2    Res =  0.2223E-01
 Side 1  free  transition at x/c =  0.9971   75
 Side 2  free  transition at x/c =  0.0560   24

 180   rms: 0.6387E+04   max: -.8384E+05   C at   87  2   RLX: 0.000
       a = -1.000      CL = -2.0567
      Cm =  0.4609     CD =  0.54576   =>   CDf =  0.00200    CDp =  0.54375

 MRCHDU: Convergence failed at  82  side 2    Res =  0.1076E+01
 MRCHDU: Convergence failed at  83  side 2    Res =  0.9762E+00
 MRCHDU: Convergence failed at  84  side 2    Res =  0.7461E+00
 MRCHDU: Convergence failed at  85  side 2    Res =  0.5982E-01
 MRCHDU: Convergence failed at  86  side 2    Res =  0.8047E-01
 MRCHDU: Convergence failed at  87  side 2    Res =  0.2223E-01
 Side 1  free  transition at x/c =  0.9971   75
 Side 2  free  transition at x/c =  0.0560   24

 181   rms: 0.6495E+04   max: -.8524E+05   C at   87  2   RLX: 0.000
       a = -1.000      CL = -2.0567
      Cm =  0.4609     CD =  0.54574   =>   CDf =  0.00200    CDp =  0.54374

 MRCHDU: Convergence failed at  82  side 2    Res =  0.1092E+01
 MRCHDU: Convergence failed at  83  side 2    Res =  0.9913E+00
 MRCHDU: Convergence failed at  84  side 2    Res =  0.7594E+00
 MRCHDU: Convergence failed at  85  side 2    Res =  0.6544E-01
 MRCHDU: Convergence failed at  86  side 2    Res =  0.8051E-01
 MRCHDU: Convergence failed at  87  side 2    Res =  0.2224E-01
 Side 1  free  transition at x/c =  0.9971   75
 Side 2  free  transition at x/c =  0.0560   24

 182   rms: 0.6597E+04   max: -.8657E+05   C at   87  2   RLX: 0.000
       a = -1.000      CL = -2.0567
      Cm =  0.4609     CD =  0.54573   =>   CDf =  0.00200    CDp =  0.54373

 MRCHDU: Convergence failed at  82  side 2    Res =  0.1108E+01
 MRCHDU: Convergence failed at  83  side 2    Res =  0.1006E+01
 MRCHDU: Convergence failed at  84  side 2    Res =  0.7727E+00
 MRCHDU: Convergence failed at  85  side 2    Res =  0.7103E-01
 MRCHDU: Convergence failed at  86  side 2    Res =  0.8054E-01
 MRCHDU: Convergence failed at  87  side 2    Res =  0.2224E-01
 Side 1  free  transition at x/c =  0.9971   75
 Side 2  free  transition at x/c =  0.0560   24

 183   rms: 0.6707E+04   max: -.8800E+05   C at   87  2   RLX: 0.000
       a = -1.000      CL = -2.0567
      Cm =  0.4609     CD =  0.54572   =>   CDf =  0.00200    CDp =  0.54371

 MRCHDU: Convergence failed at  82  side 2    Res =  0.1124E+01
 MRCHDU: Convergence failed at  83  side 2    Res =  0.1021E+01
 MRCHDU: Convergence failed at  84  side 2    Res =  0.7861E+00
 MRCHDU: Convergence failed at  85  side 2    Res =  0.7659E-01
 MRCHDU: Convergence failed at  86  side 2    Res =  0.8058E-01
 MRCHDU: Convergence failed at  87  side 2    Res =  0.2224E-01
 Side 1  free  transition at x/c =  0.9971   75
 Side 2  free  transition at x/c =  0.0560   24

 184   rms: 0.6818E+04   max: -.8944E+05   C at   87  2   RLX: 0.000
       a = -1.000      CL = -2.0567
      Cm =  0.4609     CD =  0.54570   =>   CDf =  0.00200    CDp =  0.54370

 MRCHDU: Convergence failed at  82  side 2    Res =  0.1140E+01
 MRCHDU: Convergence failed at  83  side 2    Res =  0.1037E+01
 MRCHDU: Convergence failed at  84  side 2    Res =  0.7994E+00
 MRCHDU: Convergence failed at  85  side 2    Res =  0.8212E-01
 MRCHDU: Convergence failed at  86  side 2    Res =  0.8061E-01
 MRCHDU: Convergence failed at  87  side 2    Res =  0.2225E-01
 Side 1  free  transition at x/c =  0.9971   75
 Side 2  free  transition at x/c =  0.0560   24

 185   rms: 0.6930E+04   max: -.9090E+05   C at   87  2   RLX: 0.000
       a = -1.000      CL = -2.0567
      Cm =  0.4609     CD =  0.54569   =>   CDf =  0.00200    CDp =  0.54368

 MRCHDU: Convergence failed at  82  side 2    Res =  0.1155E+01
 MRCHDU: Convergence failed at  83  side 2    Res =  0.1052E+01
 MRCHDU: Convergence failed at  84  side 2    Res =  0.8127E+00
 MRCHDU: Convergence failed at  85  side 2    Res =  0.8763E-01
 MRCHDU: Convergence failed at  86  side 2    Res =  0.8065E-01
 MRCHDU: Convergence failed at  87  side 2    Res =  0.2225E-01
 Side 1  free  transition at x/c =  0.9971   75
 Side 2  free  transition at x/c =  0.0560   24

 186   rms: 0.7042E+04   max: -.9236E+05   C at   87  2   RLX: 0.000
       a = -1.000      CL = -2.0567
      Cm =  0.4609     CD =  0.54567   =>   CDf =  0.00200    CDp =  0.54367

 MRCHDU: Convergence failed at  82  side 2    Res =  0.1171E+01
 MRCHDU: Convergence failed at  83  side 2    Res =  0.1067E+01
 MRCHDU: Convergence failed at  84  side 2    Res =  0.8260E+00
 MRCHDU: Convergence failed at  85  side 2    Res =  0.9310E-01
 MRCHDU: Convergence failed at  86  side 2    Res =  0.8068E-01
 MRCHDU: Convergence failed at  87  side 2    Res =  0.2225E-01
 Side 1  free  transition at x/c =  0.9971   75
 Side 2  free  transition at x/c =  0.0560   24

 187   rms: 0.7156E+04   max: -.9384E+05   C at   87  2   RLX: 0.000
       a = -1.000      CL = -2.0567
      Cm =  0.4609     CD =  0.54566   =>   CDf =  0.00200    CDp =  0.54366

 MRCHDU: Convergence failed at  82  side 2    Res =  0.1187E+01
 MRCHDU: Convergence failed at  83  side 2    Res =  0.1082E+01
 MRCHDU: Convergence failed at  84  side 2    Res =  0.8393E+00
 MRCHDU: Convergence failed at  85  side 2    Res =  0.9855E-01
 MRCHDU: Convergence failed at  86  side 2    Res =  0.8071E-01
 MRCHDU: Convergence failed at  87  side 2    Res =  0.2226E-01
 Side 1  free  transition at x/c =  0.9971   75
 Side 2  free  transition at x/c =  0.0560   24

 188   rms: 0.7271E+04   max: -.9534E+05   C at   87  2   RLX: 0.000
       a = -1.000      CL = -2.0567
      Cm =  0.4609     CD =  0.54565   =>   CDf =  0.00200    CDp =  0.54364

 MRCHDU: Convergence failed at  82  side 2    Res =  0.1203E+01
 MRCHDU: Convergence failed at  83  side 2    Res =  0.1097E+01
 MRCHDU: Convergence failed at  84  side 2    Res =  0.8527E+00
 MRCHDU: Convergence failed at  85  side 2    Res =  0.1040E+00
 Side 1  free  transition at x/c =  0.9971   75
 Side 2  free  transition at x/c =  0.0560   24

 189   rms: 0.6342E+04   max: -.8623E+05   C at   87  2   RLX: 0.000
       a = -1.000      CL = -2.0567
      Cm =  0.4609     CD =  0.54898   =>   CDf =  0.00200    CDp =  0.54698

 MRCHDU: Convergence failed at  82  side 2    Res =  0.1217E+01
 MRCHDU: Convergence failed at  83  side 2    Res =  0.1110E+01
 MRCHDU: Convergence failed at  84  side 2    Res =  0.8644E+00
 MRCHDU: Convergence failed at  85  side 2    Res =  0.6182E+00
 Side 1  free  transition at x/c =  0.9971   75
 Side 2  free  transition at x/c =  0.0560   24

 190   rms: 0.6421E+04   max: -.8731E+05   C at   87  2   RLX: 0.000
       a = -1.000      CL = -2.0567
      Cm =  0.4609     CD =  0.54932   =>   CDf =  0.00200    CDp =  0.54731

 MRCHDU: Convergence failed at  82  side 2    Res =  0.1231E+01
 MRCHDU: Convergence failed at  83  side 2    Res =  0.1123E+01
 MRCHDU: Convergence failed at  84  side 2    Res =  0.8760E+00
 MRCHDU: Convergence failed at  85  side 2    Res =  0.6283E+00
 Side 1  free  transition at x/c =  0.9971   75
 Side 2  free  transition at x/c =  0.0560   24

 191   rms: 0.6501E+04   max: -.8840E+05   C at   87  2   RLX: 0.000
       a = -1.000      CL = -2.0567
      Cm =  0.4609     CD =  0.54965   =>   CDf =  0.00200    CDp =  0.54764

 MRCHDU: Convergence failed at  82  side 2    Res =  0.1245E+01
 MRCHDU: Convergence failed at  83  side 2    Res =  0.1137E+01
 MRCHDU: Convergence failed at  84  side 2    Res =  0.8877E+00
 MRCHDU: Convergence failed at  85  side 2    Res =  0.6384E+00
 Side 1  free  transition at x/c =  0.9971   75
 Side 2  free  transition at x/c =  0.0560   24

 192   rms: 0.6581E+04   max: -.8949E+05   C at   87  2   RLX: 0.000
       a = -1.000      CL = -2.0567
      Cm =  0.4608     CD =  0.54997   =>   CDf =  0.00200    CDp =  0.54797

 MRCHDU: Convergence failed at  82  side 2    Res =  0.1259E+01
 MRCHDU: Convergence failed at  83  side 2    Res =  0.1150E+01
 MRCHDU: Convergence failed at  84  side 2    Res =  0.8994E+00
 MRCHDU: Convergence failed at  85  side 2    Res =  0.6486E+00
 Side 1  free  transition at x/c =  0.9971   75
 Side 2  free  transition at x/c =  0.0560   24

 193   rms: 0.6663E+04   max: -.9060E+05   C at   87  2   RLX: 0.000
       a = -1.000      CL = -2.0567
      Cm =  0.4608     CD =  0.55030   =>   CDf =  0.00200    CDp =  0.54829

 MRCHDU: Convergence failed at  82  side 2    Res =  0.1273E+01
 MRCHDU: Convergence failed at  83  side 2    Res =  0.1163E+01
 MRCHDU: Convergence failed at  84  side 2    Res =  0.9110E+00
 MRCHDU: Convergence failed at  85  side 2    Res =  0.6587E+00
 Side 1  free  transition at x/c =  0.9971   75
 Side 2  free  transition at x/c =  0.0560   24

 194   rms: 0.6744E+04   max: -.9170E+05   C at   87  2   RLX: 0.000
       a = -1.000      CL = -2.0567
      Cm =  0.4608     CD =  0.55062   =>   CDf =  0.00200    CDp =  0.54862

 MRCHDU: Convergence failed at  82  side 2    Res =  0.1287E+01
 MRCHDU: Convergence failed at  83  side 2    Res =  0.1176E+01
 MRCHDU: Convergence failed at  84  side 2    Res =  0.9227E+00
 MRCHDU: Convergence failed at  85  side 2    Res =  0.6688E+00
 Side 1  free  transition at x/c =  0.9971   75
 Side 2  free  transition at x/c =  0.0560   24

 195   rms: 0.6827E+04   max: -.9283E+05   C at   87  2   RLX: 0.000
       a = -1.000      CL = -2.0567
      Cm =  0.4608     CD =  0.55094   =>   CDf =  0.00200    CDp =  0.54894

 MRCHDU: Convergence failed at  82  side 2    Res =  0.1301E+01
 MRCHDU: Convergence failed at  83  side 2    Res =  0.1190E+01
 MRCHDU: Convergence failed at  84  side 2    Res =  0.9344E+00
 MRCHDU: Convergence failed at  85  side 2    Res =  0.6789E+00
 Side 1  free  transition at x/c =  0.9971   75
 Side 2  free  transition at x/c =  0.0560   24

 196   rms: 0.6909E+04   max: -.9394E+05   C at   87  2   RLX: 0.000
       a = -1.000      CL = -2.0566
      Cm =  0.4608     CD =  0.55126   =>   CDf =  0.00200    CDp =  0.54925

 MRCHDU: Convergence failed at  82  side 2    Res =  0.1315E+01
 MRCHDU: Convergence failed at  83  side 2    Res =  0.1203E+01
 MRCHDU: Convergence failed at  84  side 2    Res =  0.9460E+00
 MRCHDU: Convergence failed at  85  side 2    Res =  0.6890E+00
 Side 1  free  transition at x/c =  0.9971   75
 Side 2  free  transition at x/c =  0.0560   24

 197   rms: 0.6991E+04   max: -.9506E+05   C at   87  2   RLX: 0.000
       a = -1.000      CL = -2.0566
      Cm =  0.4608     CD =  0.55157   =>   CDf =  0.00200    CDp =  0.54957

 MRCHDU: Convergence failed at  82  side 2    Res =  0.1328E+01
 MRCHDU: Convergence failed at  83  side 2    Res =  0.1216E+01
 MRCHDU: Convergence failed at  84  side 2    Res =  0.9577E+00
 MRCHDU: Convergence failed at  85  side 2    Res =  0.6991E+00
 Side 1  free  transition at x/c =  0.9971   75
 Side 2  free  transition at x/c =  0.0560   24

 198   rms: 0.7074E+04   max: -.9619E+05   C at   87  2   RLX: 0.000
       a = -1.000      CL = -2.0566
      Cm =  0.4608     CD =  0.55189   =>   CDf =  0.00200    CDp =  0.54988

 MRCHDU: Convergence failed at  82  side 2    Res =  0.1342E+01
 MRCHDU: Convergence failed at  83  side 2    Res =  0.1229E+01
 MRCHDU: Convergence failed at  84  side 2    Res =  0.9693E+00
 MRCHDU: Convergence failed at  85  side 2    Res =  0.7092E+00
 Side 1  free  transition at x/c =  0.9971   75
 Side 2  free  transition at x/c =  0.0560   24

 199   rms: 0.7157E+04   max: -.9732E+05   C at   87  2   RLX: 0.000
       a = -1.000      CL = -2.0566
      Cm =  0.4608     CD =  0.55220   =>   CDf =  0.00200    CDp =  0.55019

 MRCHDU: Convergence failed at  82  side 2    Res =  0.1356E+01
 MRCHDU: Convergence failed at  83  side 2    Res =  0.1242E+01
 MRCHDU: Convergence failed at  84  side 2    Res =  0.9809E+00
 MRCHDU: Convergence failed at  85  side 2    Res =  0.7193E+00
 Side 1  free  transition at x/c =  0.9971   75
 Side 2  free  transition at x/c =  0.0560   24

 200   rms: 0.7240E+04   max: -.9846E+05   C at   87  2   RLX: 0.000
       a = -1.000      CL = -2.0566
      Cm =  0.4608     CD =  0.55251   =>   CDf =  0.00200    CDp =  0.55050

 MRCHDU: Convergence failed at  82  side 2    Res =  0.1370E+01
 MRCHDU: Convergence failed at  83  side 2    Res =  0.1256E+01
 MRCHDU: Convergence failed at  84  side 2    Res =  0.9926E+00
 MRCHDU: Convergence failed at  85  side 2    Res =  0.7293E+00
 Side 1  free  transition at x/c =  0.9971   75
 Side 2  free  transition at x/c =  0.0560   24

 201   rms: 0.7324E+04   max: -.9960E+05   C at   87  2   RLX: 0.000
       a = -1.000      CL = -2.0566
      Cm =  0.4608     CD =  0.55281   =>   CDf =  0.00200    CDp =  0.55081

 MRCHDU: Convergence failed at  82  side 2    Res =  0.1384E+01
 MRCHDU: Convergence failed at  83  side 2    Res =  0.1269E+01
 MRCHDU: Convergence failed at  84  side 2    Res =  0.1004E+01
 MRCHDU: Convergence failed at  85  side 2    Res =  0.7394E+00
 Side 1  free  transition at x/c =  0.9971   75
 Side 2  free  transition at x/c =  0.0560   24

 202   rms: 0.7406E+04   max: -.1007E+06   C at   87  2   RLX: 0.000
       a = -1.000      CL = -2.0566
      Cm =  0.4608     CD =  0.55312   =>   CDf =  0.00200    CDp =  0.55112

 MRCHDU: Convergence failed at  82  side 2    Res =  0.1398E+01
 MRCHDU: Convergence failed at  83  side 2    Res =  0.1282E+01
 MRCHDU: Convergence failed at  84  side 2    Res =  0.1016E+01
 MRCHDU: Convergence failed at  85  side 2    Res =  0.7495E+00
 Side 1  free  transition at x/c =  0.9971   75
 Side 2  free  transition at x/c =  0.0560   24

 203   rms: 0.7491E+04   max: -.1019E+06   C at   87  2   RLX: 0.000
       a = -1.000      CL = -2.0566
      Cm =  0.4608     CD =  0.55342   =>   CDf =  0.00200    CDp =  0.55142

 MRCHDU: Convergence failed at  82  side 2    Res =  0.1412E+01
 MRCHDU: Convergence failed at  83  side 2    Res =  0.1295E+01
 MRCHDU: Convergence failed at  84  side 2    Res =  0.1027E+01
 MRCHDU: Convergence failed at  85  side 2    Res =  0.7596E+00
 Side 1  free  transition at x/c =  0.9971   75
 Side 2  free  transition at x/c =  0.0560   24

 204   rms: 0.7576E+04   max: -.1030E+06   C at   87  2   RLX: 0.000
       a = -1.000      CL = -2.0566
      Cm =  0.4608     CD =  0.55372   =>   CDf =  0.00200    CDp =  0.55172

 MRCHDU: Convergence failed at  82  side 2    Res =  0.1426E+01
 MRCHDU: Convergence failed at  83  side 2    Res =  0.1308E+01
 MRCHDU: Convergence failed at  84  side 2    Res =  0.1039E+01
 MRCHDU: Convergence failed at  85  side 2    Res =  0.7696E+00
 Side 1  free  transition at x/c =  0.9971   75
 Side 2  free  transition at x/c =  0.0560   24

 205   rms: 0.7661E+04   max: -.1042E+06   C at   87  2   RLX: 0.000
       a = -1.000      CL = -2.0566
      Cm =  0.4608     CD =  0.55402   =>   CDf =  0.00200    CDp =  0.55202
 VISCAL:  Convergence failed
      9.000   24.9342   0.554022   0.001870   0.000000  -0.001870    0.9971     #
 Calculating wake trajectory ...
 Calculating source influence matrix ...

 Solving BL system ...

 MRCHDU: Convergence failed at  82  side 2    Res =  0.1440E+01
 MRCHDU: Convergence failed at  83  side 2    Res =  0.1322E+01
 MRCHDU: Convergence failed at  84  side 2    Res =  0.1051E+01
 MRCHDU: Convergence failed at  85  side 2    Res =  0.7797E+00
 Side 1  free  transition at x/c =  0.9971   75
 Side 2  free  transition at x/c =  0.0560   24

   1   rms: 0.8226E+04   max: -.1119E+06   C at   87  2   RLX: 0.000
       a = -2.000      CL = -2.0548
      Cm =  0.4608     CD =  0.55432   =>   CDf =  0.00201    CDp =  0.55231

 MRCHDU: Convergence failed at  82  side 2    Res =  0.1454E+01
 MRCHDU: Convergence failed at  83  side 2    Res =  0.1335E+01
 MRCHDU: Convergence failed at  84  side 2    Res =  0.1062E+01
 MRCHDU: Convergence failed at  85  side 2    Res =  0.7898E+00
 Side 1  free  transition at x/c =  0.9971   75
 Side 2  free  transition at x/c =  0.0560   24

   2   rms: 0.8318E+04   max: -.1131E+06   C at   87  2   RLX: 0.000
       a = -2.000      CL = -2.0548
      Cm =  0.4608     CD =  0.55462   =>   CDf =  0.00201    CDp =  0.55261

 MRCHDU: Convergence failed at  82  side 2    Res =  0.1467E+01
 MRCHDU: Convergence failed at  83  side 2    Res =  0.1348E+01
 MRCHDU: Convergence failed at  84  side 2    Res =  0.1074E+01
 MRCHDU: Convergence failed at  85  side 2    Res =  0.7998E+00
 Side 1  free  transition at x/c =  0.9971   75
 Side 2  free  transition at x/c =  0.0560   24

   3   rms: 0.8410E+04   max: -.1144E+06   C at   87  2   RLX: 0.000
       a = -2.000      CL = -2.0547
      Cm =  0.4608     CD =  0.55491   =>   CDf =  0.00201    CDp =  0.55290

 MRCHDU: Convergence failed at  82  side 2    Res =  0.1481E+01
 MRCHDU: Convergence failed at  83  side 2    Res =  0.1361E+01
 MRCHDU: Convergence failed at  84  side 2    Res =  0.1086E+01
 MRCHDU: Convergence failed at  85  side 2    Res =  0.8099E+00
 Side 1  free  transition at x/c =  0.9971   75
 Side 2  free  transition at x/c =  0.0560   24

   4   rms: 0.8503E+04   max: -.1157E+06   C at   87  2   RLX: 0.000
       a = -2.000      CL = -2.0547
      Cm =  0.4608     CD =  0.55520   =>   CDf =  0.00201    CDp =  0.55319

 MRCHDU: Convergence failed at  82  side 2    Res =  0.1495E+01
 MRCHDU: Convergence failed at  83  side 2    Res =  0.1374E+01
 MRCHDU: Convergence failed at  84  side 2    Res =  0.1097E+01
 MRCHDU: Convergence failed at  85  side 2    Res =  0.8199E+00
 Side 1  free  transition at x/c =  0.9971   75
 Side 2  free  transition at x/c =  0.0560   24

   5   rms: 0.8596E+04   max: -.1169E+06   C at   87  2   RLX: 0.000
       a = -2.000      CL = -2.0547
      Cm =  0.4608     CD =  0.55549   =>   CDf =  0.00201    CDp =  0.55348

 MRCHDU: Convergence failed at  82  side 2    Res =  0.1509E+01
 MRCHDU: Convergence failed at  83  side 2    Res =  0.1387E+01
 MRCHDU: Convergence failed at  84  side 2    Res =  0.1109E+01
 MRCHDU: Convergence failed at  85  side 2    Res =  0.8299E+00
 Side 1  free  transition at x/c =  0.9971   75
 Side 2  free  transition at x/c =  0.0559   24

   6   rms: 0.8690E+04   max: -.1182E+06   C at   87  2   RLX: 0.000
       a = -2.000      CL = -2.0547
      Cm =  0.4608     CD =  0.55578   =>   CDf =  0.00201    CDp =  0.55377

 MRCHDU: Convergence failed at  82  side 2    Res =  0.1523E+01
 MRCHDU: Convergence failed at  83  side 2    Res =  0.1401E+01
 MRCHDU: Convergence failed at  84  side 2    Res =  0.1120E+01
 MRCHDU: Convergence failed at  85  side 2    Res =  0.8400E+00
 Side 1  free  transition at x/c =  0.9971   75
 Side 2  free  transition at x/c =  0.0559   24

   7   rms: 0.8784E+04   max: -.1195E+06   C at   87  2   RLX: 0.000
       a = -2.000      CL = -2.0547
      Cm =  0.4608     CD =  0.55607   =>   CDf =  0.00201    CDp =  0.55406

 MRCHDU: Convergence failed at  82  side 2    Res =  0.1537E+01
 MRCHDU: Convergence failed at  83  side 2    Res =  0.1414E+01
 MRCHDU: Convergence failed at  84  side 2    Res =  0.1132E+01
 MRCHDU: Convergence failed at  85  side 2    Res =  0.8500E+00
 Side 1  free  transition at x/c =  0.9971   75
 Side 2  free  transition at x/c =  0.0559   24

   8   rms: 0.8878E+04   max: -.1208E+06   C at   87  2   RLX: 0.000
       a = -2.000      CL = -2.0547
      Cm =  0.4608     CD =  0.55635   =>   CDf =  0.00201    CDp =  0.55434

 MRCHDU: Convergence failed at  82  side 2    Res =  0.1551E+01
 MRCHDU: Convergence failed at  83  side 2    Res =  0.1427E+01
 MRCHDU: Convergence failed at  84  side 2    Res =  0.1144E+01
 MRCHDU: Convergence failed at  85  side 2    Res =  0.8600E+00
 Side 1  free  transition at x/c =  0.9971   75
 Side 2  free  transition at x/c =  0.0559   24

   9   rms: 0.8973E+04   max: -.1220E+06   C at   87  2   RLX: 0.000
       a = -2.000      CL = -2.0547
      Cm =  0.4607     CD =  0.55663   =>   CDf =  0.00201    CDp =  0.55463

 MRCHDU: Convergence failed at  82  side 2    Res =  0.1564E+01
 MRCHDU: Convergence failed at  83  side 2    Res =  0.1440E+01
 MRCHDU: Convergence failed at  84  side 2    Res =  0.1155E+01
 MRCHDU: Convergence failed at  85  side 2    Res =  0.8700E+00
 Side 1  free  transition at x/c =  0.9971   75
 Side 2  free  transition at x/c =  0.0559   24

  10   rms: 0.9069E+04   max: -.1233E+06   C at   87  2   RLX: 0.000
       a = -2.000      CL = -2.0547
      Cm =  0.4607     CD =  0.55691   =>   CDf =  0.00201    CDp =  0.55491

 MRCHDU: Convergence failed at  82  side 2    Res =  0.1578E+01
 MRCHDU: Convergence failed at  83  side 2    Res =  0.1453E+01
 MRCHDU: Convergence failed at  84  side 2    Res =  0.1167E+01
 MRCHDU: Convergence failed at  85  side 2    Res =  0.8801E+00
 Side 1  free  transition at x/c =  0.9971   75
 Side 2  free  transition at x/c =  0.0559   24

  11   rms: 0.9164E+04   max: -.1246E+06   C at   87  2   RLX: 0.000
       a = -2.000      CL = -2.0547
      Cm =  0.4607     CD =  0.55719   =>   CDf =  0.00201    CDp =  0.55519

 MRCHDU: Convergence failed at  82  side 2    Res =  0.1592E+01
 MRCHDU: Convergence failed at  83  side 2    Res =  0.1466E+01
 MRCHDU: Convergence failed at  84  side 2    Res =  0.1178E+01
 MRCHDU: Convergence failed at  85  side 2    Res =  0.8901E+00
 Side 1  free  transition at x/c =  0.9971   75
 Side 2  free  transition at x/c =  0.0559   24

  12   rms: 0.9266E+04   max: -.1260E+06   C at   87  2   RLX: 0.000
       a = -2.000      CL = -2.0547
      Cm =  0.4607     CD =  0.55747   =>   CDf =  0.00201    CDp =  0.55546

 MRCHDU: Convergence failed at  82  side 2    Res =  0.1606E+01
 MRCHDU: Convergence failed at  83  side 2    Res =  0.1479E+01
 MRCHDU: Convergence failed at  84  side 2    Res =  0.1190E+01
 MRCHDU: Convergence failed at  85  side 2    Res =  0.9001E+00
 Side 1  free  transition at x/c =  0.9971   75
 Side 2  free  transition at x/c =  0.0559   24

  13   rms: 0.9362E+04   max: -.1273E+06   C at   87  2   RLX: 0.000
       a = -2.000      CL = -2.0547
      Cm =  0.4607     CD =  0.55775   =>   CDf =  0.00201    CDp =  0.55574

 MRCHDU: Convergence failed at  82  side 2    Res =  0.1620E+01
 MRCHDU: Convergence failed at  83  side 2    Res =  0.1493E+01
 MRCHDU: Convergence failed at  84  side 2    Res =  0.1201E+01
 MRCHDU: Convergence failed at  85  side 2    Res =  0.9101E+00
 Side 1  free  transition at x/c =  0.9971   75
 Side 2  free  transition at x/c =  0.0559   24

  14   rms: 0.9459E+04   max: -.1287E+06   C at   87  2   RLX: 0.000
       a = -2.000      CL = -2.0547
      Cm =  0.4607     CD =  0.55802   =>   CDf =  0.00201    CDp =  0.55601

 MRCHDU: Convergence failed at  82  side 2    Res =  0.1634E+01
 MRCHDU: Convergence failed at  83  side 2    Res =  0.1506E+01
 MRCHDU: Convergence failed at  84  side 2    Res =  0.1213E+01
 MRCHDU: Convergence failed at  85  side 2    Res =  0.9201E+00
 Side 1  free  transition at x/c =  0.9971   75
 Side 2  free  transition at x/c =  0.0559   24

  15   rms: 0.9556E+04   max: -.1300E+06   C at   87  2   RLX: 0.000
       a = -2.000      CL = -2.0547
      Cm =  0.4607     CD =  0.55830   =>   CDf =  0.00201    CDp =  0.55629

 MRCHDU: Convergence failed at  82  side 2    Res =  0.1648E+01
 MRCHDU: Convergence failed at  83  side 2    Res =  0.1519E+01
 MRCHDU: Convergence failed at  84  side 2    Res =  0.1225E+01
 MRCHDU: Convergence failed at  85  side 2    Res =  0.9301E+00
 Side 1  free  transition at x/c =  0.9971   75
 Side 2  free  transition at x/c =  0.0559   24

  16   rms: 0.9654E+04   max: -.1313E+06   C at   87  2   RLX: 0.000
       a = -2.000      CL = -2.0547
      Cm =  0.4607     CD =  0.55857   =>   CDf =  0.00201    CDp =  0.55656

 MRCHDU: Convergence failed at  82  side 2    Res =  0.1661E+01
 MRCHDU: Convergence failed at  83  side 2    Res =  0.1532E+01
 MRCHDU: Convergence failed at  84  side 2    Res =  0.1236E+01
 MRCHDU: Convergence failed at  85  side 2    Res =  0.9401E+00
 Side 1  free  transition at x/c =  0.9971   75
 Side 2  free  transition at x/c =  0.0559   24

  17   rms: 0.9751E+04   max: -.1326E+06   C at   87  2   RLX: 0.000
       a = -2.000      CL = -2.0547
      Cm =  0.4607     CD =  0.55884   =>   CDf =  0.00201    CDp =  0.55683

 MRCHDU: Convergence failed at  82  side 2    Res =  0.1675E+01
 MRCHDU: Convergence failed at  83  side 2    Res =  0.1545E+01
 MRCHDU: Convergence failed at  84  side 2    Res =  0.1248E+01
 MRCHDU: Convergence failed at  85  side 2    Res =  0.9501E+00
 Side 1  free  transition at x/c =  0.9971   75
 Side 2  free  transition at x/c =  0.0559   24

  18   rms: 0.9850E+04   max: -.1340E+06   C at   87  2   RLX: 0.000
       a = -2.000      CL = -2.0547
      Cm =  0.4607     CD =  0.55911   =>   CDf =  0.00201    CDp =  0.55710

 MRCHDU: Convergence failed at  82  side 2    Res =  0.1689E+01
 MRCHDU: Convergence failed at  83  side 2    Res =  0.1558E+01
 MRCHDU: Convergence failed at  84  side 2    Res =  0.1259E+01
 MRCHDU: Convergence failed at  85  side 2    Res =  0.9601E+00
 Side 1  free  transition at x/c =  0.9971   75
 Side 2  free  transition at x/c =  0.0559   24

  19   rms: 0.9948E+04   max: -.1353E+06   C at   87  2   RLX: 0.000
       a = -2.000      CL = -2.0547
      Cm =  0.4607     CD =  0.55937   =>   CDf =  0.00201    CDp =  0.55736

 MRCHDU: Convergence failed at  82  side 2    Res =  0.1703E+01
 MRCHDU: Convergence failed at  83  side 2    Res =  0.1571E+01
 MRCHDU: Convergence failed at  84  side 2    Res =  0.1271E+01
 MRCHDU: Convergence failed at  85  side 2    Res =  0.9700E+00
 Side 1  free  transition at x/c =  0.9971   75
 Side 2  free  transition at x/c =  0.0559   24

  20   rms: 0.1005E+05   max: -.1367E+06   C at   87  2   RLX: 0.000
       a = -2.000      CL = -2.0547
      Cm =  0.4607     CD =  0.55964   =>   CDf =  0.00201    CDp =  0.55763

 MRCHDU: Convergence failed at  82  side 2    Res =  0.1717E+01
 MRCHDU: Convergence failed at  83  side 2    Res =  0.1585E+01
 MRCHDU: Convergence failed at  84  side 2    Res =  0.1282E+01
 MRCHDU: Convergence failed at  85  side 2    Res =  0.9800E+00
 Side 1  free  transition at x/c =  0.9971   75
 Side 2  free  transition at x/c =  0.0559   24

  21   rms: 0.1015E+05   max: -.1380E+06   C at   87  2   RLX: 0.000
       a = -2.000      CL = -2.0546
      Cm =  0.4607     CD =  0.55990   =>   CDf =  0.00201    CDp =  0.55789

 MRCHDU: Convergence failed at  82  side 2    Res =  0.1731E+01
 MRCHDU: Convergence failed at  83  side 2    Res =  0.1598E+01
 MRCHDU: Convergence failed at  84  side 2    Res =  0.1294E+01
 MRCHDU: Convergence failed at  85  side 2    Res =  0.9900E+00
 Side 1  free  transition at x/c =  0.9971   75
 Side 2  free  transition at x/c =  0.0559   24

  22   rms: 0.1025E+05   max: -.1394E+06   C at   87  2   RLX: 0.000
       a = -2.000      CL = -2.0546
      Cm =  0.4607     CD =  0.56017   =>   CDf =  0.00201    CDp =  0.55816

 MRCHDU: Convergence failed at  82  side 2    Res =  0.1745E+01
 MRCHDU: Convergence failed at  83  side 2    Res =  0.1611E+01
 MRCHDU: Convergence failed at  84  side 2    Res =  0.1305E+01
 MRCHDU: Convergence failed at  85  side 2    Res =  0.1000E+01
 Side 1  free  transition at x/c =  0.9971   75
 Side 2  free  transition at x/c =  0.0559   24

  23   rms: 0.1034E+05   max: -.1407E+06   C at   87  2   RLX: 0.000
       a = -2.000      CL = -2.0546
      Cm =  0.4607     CD =  0.56043   =>   CDf =  0.00201    CDp =  0.55842

 MRCHDU: Convergence failed at  82  side 2    Res =  0.1758E+01
 MRCHDU: Convergence failed at  83  side 2    Res =  0.1624E+01
 MRCHDU: Convergence failed at  84  side 2    Res =  0.1317E+01
 MRCHDU: Convergence failed at  85  side 2    Res =  0.1010E+01
 Side 1  free  transition at x/c =  0.9971   75
 Side 2  free  transition at x/c =  0.0559   24

  24   rms: 0.1044E+05   max: -.1421E+06   C at   87  2   RLX: 0.000
       a = -2.000      CL = -2.0546
      Cm =  0.4607     CD =  0.56069   =>   CDf =  0.00201    CDp =  0.55868

 MRCHDU: Convergence failed at  82  side 2    Res =  0.1772E+01
 MRCHDU: Convergence failed at  83  side 2    Res =  0.1637E+01
 MRCHDU: Convergence failed at  84  side 2    Res =  0.1328E+01
 MRCHDU: Convergence failed at  85  side 2    Res =  0.1020E+01
 Side 1  free  transition at x/c =  0.9971   75
 Side 2  free  transition at x/c =  0.0559   24

  25   rms: 0.1055E+05   max: -.1434E+06   C at   87  2   RLX: 0.000
       a = -2.000      CL = -2.0546
      Cm =  0.4607     CD =  0.56094   =>   CDf =  0.00201    CDp =  0.55894

 MRCHDU: Convergence failed at  82  side 2    Res =  0.1786E+01
 MRCHDU: Convergence failed at  83  side 2    Res =  0.1650E+01
 MRCHDU: Convergence failed at  84  side 2    Res =  0.1340E+01
 MRCHDU: Convergence failed at  85  side 2    Res =  0.1030E+01
 Side 1  free  transition at x/c =  0.9971   75
 Side 2  free  transition at x/c =  0.0559   24

  26   rms: 0.1065E+05   max: -.1448E+06   C at   87  2   RLX: 0.000
       a = -2.000      CL = -2.0546
      Cm =  0.4607     CD =  0.56120   =>   CDf =  0.00201    CDp =  0.55919

 MRCHDU: Convergence failed at  82  side 2    Res =  0.1800E+01
 MRCHDU: Convergence failed at  83  side 2    Res =  0.1663E+01
 MRCHDU: Convergence failed at  84  side 2    Res =  0.1352E+01
 MRCHDU: Convergence failed at  85  side 2    Res =  0.1040E+01
 Side 1  free  transition at x/c =  0.9971   75
 Side 2  free  transition at x/c =  0.0559   24

  27   rms: 0.1075E+05   max: -.1462E+06   C at   87  2   RLX: 0.000
       a = -2.000      CL = -2.0546
      Cm =  0.4607     CD =  0.56146   =>   CDf =  0.00201    CDp =  0.55945

 MRCHDU: Convergence failed at  82  side 2    Res =  0.1814E+01
 MRCHDU: Convergence failed at  83  side 2    Res =  0.1676E+01
 MRCHDU: Convergence failed at  84  side 2    Res =  0.1363E+01
 MRCHDU: Convergence failed at  85  side 2    Res =  0.1050E+01
 Side 1  free  transition at x/c =  0.9971   75
 Side 2  free  transition at x/c =  0.0559   24

  28   rms: 0.1085E+05   max: -.1476E+06   C at   87  2   RLX: 0.000
       a = -2.000      CL = -2.0546
      Cm =  0.4607     CD =  0.56171   =>   CDf =  0.00201    CDp =  0.55970

 MRCHDU: Convergence failed at  82  side 2    Res =  0.1828E+01
 MRCHDU: Convergence failed at  83  side 2    Res =  0.1689E+01
 MRCHDU: Convergence failed at  84  side 2    Res =  0.1375E+01
 MRCHDU: Convergence failed at  85  side 2    Res =  0.1060E+01
 Side 1  free  transition at x/c =  0.9971   75
 Side 2  free  transition at x/c =  0.0559   24

  29   rms: 0.1095E+05   max: -.1490E+06   C at   87  2   RLX: 0.000
       a = -2.000      CL = -2.0546
      Cm =  0.4607     CD =  0.56197   =>   CDf =  0.00201    CDp =  0.55996

 MRCHDU: Convergence failed at  82  side 2    Res =  0.1841E+01
 MRCHDU: Convergence failed at  83  side 2    Res =  0.1703E+01
 MRCHDU: Convergence failed at  84  side 2    Res =  0.1386E+01
 MRCHDU: Convergence failed at  85  side 2    Res =  0.1070E+01
 Side 1  free  transition at x/c =  0.9971   75
 Side 2  free  transition at x/c =  0.0559   24

  30   rms: 0.1105E+05   max: -.1503E+06   C at   87  2   RLX: 0.000
       a = -2.000      CL = -2.0546
      Cm =  0.4607     CD =  0.56222   =>   CDf =  0.00201    CDp =  0.56021

 MRCHDU: Convergence failed at  82  side 2    Res =  0.1855E+01
 MRCHDU: Convergence failed at  83  side 2    Res =  0.1716E+01
 MRCHDU: Convergence failed at  84  side 2    Res =  0.1398E+01
 MRCHDU: Convergence failed at  85  side 2    Res =  0.1080E+01
 Side 1  free  transition at x/c =  0.9971   75
 Side 2  free  transition at x/c =  0.0559   24

  31   rms: 0.1115E+05   max: -.1517E+06   C at   87  2   RLX: 0.000
       a = -2.000      CL = -2.0546
      Cm =  0.4607     CD =  0.56247   =>   CDf =  0.00201    CDp =  0.56046

 MRCHDU: Convergence failed at  82  side 2    Res =  0.1869E+01
 MRCHDU: Convergence failed at  83  side 2    Res =  0.1729E+01
 MRCHDU: Convergence failed at  84  side 2    Res =  0.1409E+01
 MRCHDU: Convergence failed at  85  side 2    Res =  0.1090E+01
 Side 1  free  transition at x/c =  0.9971   75
 Side 2  free  transition at x/c =  0.0559   24

  32   rms: 0.1126E+05   max: -.1531E+06   C at   87  2   RLX: 0.000
       a = -2.000      CL = -2.0546
      Cm =  0.4607     CD =  0.56272   =>   CDf =  0.00201    CDp =  0.56071

 MRCHDU: Convergence failed at  82  side 2    Res =  0.1883E+01
 MRCHDU: Convergence failed at  83  side 2    Res =  0.1742E+01
 MRCHDU: Convergence failed at  84  side 2    Res =  0.1421E+01
 MRCHDU: Convergence failed at  85  side 2    Res =  0.1100E+01
 Side 1  free  transition at x/c =  0.9971   75
 Side 2  free  transition at x/c =  0.0559   24

  33   rms: 0.1136E+05   max: -.1545E+06   C at   87  2   RLX: 0.000
       a = -2.000      CL = -2.0546
      Cm =  0.4607     CD =  0.56297   =>   CDf =  0.00201    CDp =  0.56096

 MRCHDU: Convergence failed at  82  side 2    Res =  0.1897E+01
 MRCHDU: Convergence failed at  83  side 2    Res =  0.1755E+01
 MRCHDU: Convergence failed at  84  side 2    Res =  0.1432E+01
 MRCHDU: Convergence failed at  85  side 2    Res =  0.1109E+01
 Side 1  free  transition at x/c =  0.9971   75
 Side 2  free  transition at x/c =  0.0559   24

  34   rms: 0.1147E+05   max: -.1560E+06   C at   87  2   RLX: 0.000
       a = -2.000      CL = -2.0546
      Cm =  0.4607     CD =  0.56321   =>   CDf =  0.00201    CDp =  0.56121

 MRCHDU: Convergence failed at  82  side 2    Res =  0.1911E+01
 MRCHDU: Convergence failed at  83  side 2    Res =  0.1768E+01
 MRCHDU: Convergence failed at  84  side 2    Res =  0.1444E+01
 MRCHDU: Convergence failed at  85  side 2    Res =  0.1119E+01
 Side 1  free  transition at x/c =  0.9971   75
 Side 2  free  transition at x/c =  0.0559   24

  35   rms: 0.1157E+05   max: -.1574E+06   C at   87  2   RLX: 0.000
       a = -2.000      CL = -2.0546
      Cm =  0.4607     CD =  0.56346   =>   CDf =  0.00201    CDp =  0.56145

 MRCHDU: Convergence failed at  82  side 2    Res =  0.1924E+01
 MRCHDU: Convergence failed at  83  side 2    Res =  0.1781E+01
 MRCHDU: Convergence failed at  84  side 2    Res =  0.1455E+01
 MRCHDU: Convergence failed at  85  side 2    Res =  0.1129E+01
 Side 1  free  transition at x/c =  0.9971   75
 Side 2  free  transition at x/c =  0.0559   24

  36   rms: 0.1167E+05   max: -.1588E+06   C at   87  2   RLX: 0.000
       a = -2.000      CL = -2.0546
      Cm =  0.4606     CD =  0.56370   =>   CDf =  0.00201    CDp =  0.56170

 MRCHDU: Convergence failed at  82  side 2    Res =  0.1938E+01
 MRCHDU: Convergence failed at  83  side 2    Res =  0.1794E+01
 MRCHDU: Convergence failed at  84  side 2    Res =  0.1467E+01
 MRCHDU: Convergence failed at  85  side 2    Res =  0.1139E+01
 Side 1  free  transition at x/c =  0.9971   75
 Side 2  free  transition at x/c =  0.0559   24

  37   rms: 0.1178E+05   max: -.1602E+06   C at   87  2   RLX: 0.000
       a = -2.000      CL = -2.0546
      Cm =  0.4606     CD =  0.56395   =>   CDf =  0.00201    CDp =  0.56194

 MRCHDU: Convergence failed at  82  side 2    Res =  0.1952E+01
 MRCHDU: Convergence failed at  83  side 2    Res =  0.1807E+01
 MRCHDU: Convergence failed at  84  side 2    Res =  0.1478E+01
 MRCHDU: Convergence failed at  85  side 2    Res =  0.1149E+01
 Side 1  free  transition at x/c =  0.9971   75
 Side 2  free  transition at x/c =  0.0559   24

  38   rms: 0.1188E+05   max: -.1616E+06   C at   87  2   RLX: 0.000
       a = -2.000      CL = -2.0546
      Cm =  0.4606     CD =  0.56419   =>   CDf =  0.00201    CDp =  0.56218

 MRCHDU: Convergence failed at  82  side 2    Res =  0.1966E+01
 MRCHDU: Convergence failed at  83  side 2    Res =  0.1820E+01
 MRCHDU: Convergence failed at  84  side 2    Res =  0.1490E+01
 MRCHDU: Convergence failed at  85  side 2    Res =  0.1159E+01
 Side 1  free  transition at x/c =  0.9971   75
 Side 2  free  transition at x/c =  0.0559   24

  39   rms: 0.1198E+05   max: -.1630E+06   C at   87  2   RLX: 0.000
       a = -2.000      CL = -2.0546
      Cm =  0.4606     CD =  0.56443   =>   CDf =  0.00201    CDp =  0.56242

 MRCHDU: Convergence failed at  82  side 2    Res =  0.1980E+01
 MRCHDU: Convergence failed at  83  side 2    Res =  0.1834E+01
 MRCHDU: Convergence failed at  84  side 2    Res =  0.1501E+01
 MRCHDU: Convergence failed at  85  side 2    Res =  0.1169E+01
 Side 1  free  transition at x/c =  0.9971   75
 Side 2  free  transition at x/c =  0.0559   24

  40   rms: 0.1209E+05   max: -.1644E+06   C at   87  2   RLX: 0.000
       a = -2.000      CL = -2.0545
      Cm =  0.4606     CD =  0.56467   =>   CDf =  0.00201    CDp =  0.56266

 MRCHDU: Convergence failed at  82  side 2    Res =  0.1993E+01
 MRCHDU: Convergence failed at  83  side 2    Res =  0.1847E+01
 MRCHDU: Convergence failed at  84  side 2    Res =  0.1513E+01
 MRCHDU: Convergence failed at  85  side 2    Res =  0.1179E+01
 Side 1  free  transition at x/c =  0.9971   75
 Side 2  free  transition at x/c =  0.0559   24

  41   rms: 0.1219E+05   max: -.1659E+06   C at   87  2   RLX: 0.000
       a = -2.000      CL = -2.0545
      Cm =  0.4606     CD =  0.56491   =>   CDf =  0.00201    CDp =  0.56290

 MRCHDU: Convergence failed at  82  side 2    Res =  0.2007E+01
 MRCHDU: Convergence failed at  83  side 2    Res =  0.1860E+01
 MRCHDU: Convergence failed at  84  side 2    Res =  0.1524E+01
 MRCHDU: Convergence failed at  85  side 2    Res =  0.1189E+01
 Side 1  free  transition at x/c =  0.9971   75
 Side 2  free  transition at x/c =  0.0559   24

  42   rms: 0.1227E+05   max: -.1669E+06   C at   87  2   RLX: 0.000
       a = -2.000      CL = -2.0545
      Cm =  0.4606     CD =  0.56515   =>   CDf =  0.00201    CDp =  0.56314

 MRCHDU: Convergence failed at  82  side 2    Res =  0.2021E+01
 MRCHDU: Convergence failed at  83  side 2    Res =  0.1873E+01
 MRCHDU: Convergence failed at  84  side 2    Res =  0.1536E+01
 MRCHDU: Convergence failed at  85  side 2    Res =  0.1199E+01
 Side 1  free  transition at x/c =  0.9971   75
 Side 2  free  transition at x/c =  0.0559   24

  43   rms: 0.1238E+05   max: -.1684E+06   C at   87  2   RLX: 0.000
       a = -2.000      CL = -2.0545
      Cm =  0.4606     CD =  0.56538   =>   CDf =  0.00201    CDp =  0.56338

 MRCHDU: Convergence failed at  82  side 2    Res =  0.2035E+01
 MRCHDU: Convergence failed at  83  side 2    Res =  0.1886E+01
 MRCHDU: Convergence failed at  84  side 2    Res =  0.1547E+01
 MRCHDU: Convergence failed at  85  side 2    Res =  0.1209E+01
 Side 1  free  transition at x/c =  0.9971   75
 Side 2  free  transition at x/c =  0.0559   24

  44   rms: 0.1248E+05   max: -.1698E+06   C at   87  2   RLX: 0.000
       a = -2.000      CL = -2.0545
      Cm =  0.4606     CD =  0.56562   =>   CDf =  0.00201    CDp =  0.56361

 MRCHDU: Convergence failed at  82  side 2    Res =  0.2049E+01
 MRCHDU: Convergence failed at  83  side 2    Res =  0.1899E+01
 MRCHDU: Convergence failed at  84  side 2    Res =  0.1559E+01
 MRCHDU: Convergence failed at  85  side 2    Res =  0.1219E+01
 Side 1  free  transition at x/c =  0.9971   75
 Side 2  free  transition at x/c =  0.0559   24

  45   rms: 0.1259E+05   max: -.1713E+06   C at   87  2   RLX: 0.000
       a = -2.000      CL = -2.0545
      Cm =  0.4606     CD =  0.56585   =>   CDf =  0.00201    CDp =  0.56385

 MRCHDU: Convergence failed at  82  side 2    Res =  0.2062E+01
 MRCHDU: Convergence failed at  83  side 2    Res =  0.1912E+01
 MRCHDU: Convergence failed at  84  side 2    Res =  0.1570E+01
 MRCHDU: Convergence failed at  85  side 2    Res =  0.1229E+01
 Side 1  free  transition at x/c =  0.9971   75
 Side 2  free  transition at x/c =  0.0559   24

  46   rms: 0.1269E+05   max: -.1727E+06   C at   87  2   RLX: 0.000
       a = -2.000      CL = -2.0545
      Cm =  0.4606     CD =  0.56609   =>   CDf =  0.00201    CDp =  0.56408

 MRCHDU: Convergence failed at  82  side 2    Res =  0.2076E+01
 MRCHDU: Convergence failed at  83  side 2    Res =  0.1925E+01
 MRCHDU: Convergence failed at  84  side 2    Res =  0.1582E+01
 MRCHDU: Convergence failed at  85  side 2    Res =  0.1238E+01
 Side 1  free  transition at x/c =  0.9971   75
 Side 2  free  transition at x/c =  0.0559   24

  47   rms: 0.1280E+05   max: -.1742E+06   C at   87  2   RLX: 0.000
       a = -2.000      CL = -2.0545
      Cm =  0.4606     CD =  0.56632   =>   CDf =  0.00201    CDp =  0.56431

 MRCHDU: Convergence failed at  82  side 2    Res =  0.2090E+01
 MRCHDU: Convergence failed at  83  side 2    Res =  0.1938E+01
 MRCHDU: Convergence failed at  84  side 2    Res =  0.1593E+01
 MRCHDU: Convergence failed at  85  side 2    Res =  0.1248E+01
 Side 1  free  transition at x/c =  0.9971   75
 Side 2  free  transition at x/c =  0.0559   24

  48   rms: 0.1291E+05   max: -.1756E+06   C at   87  2   RLX: 0.000
       a = -2.000      CL = -2.0545
      Cm =  0.4606     CD =  0.56655   =>   CDf =  0.00201    CDp =  0.56454

 MRCHDU: Convergence failed at  82  side 2    Res =  0.2104E+01
 MRCHDU: Convergence failed at  83  side 2    Res =  0.1951E+01
 MRCHDU: Convergence failed at  84  side 2    Res =  0.1605E+01
 MRCHDU: Convergence failed at  85  side 2    Res =  0.1258E+01
 Side 1  free  transition at x/c =  0.9971   75
 Side 2  free  transition at x/c =  0.0559   24

  49   rms: 0.1302E+05   max: -.1771E+06   C at   87  2   RLX: 0.000
       a = -2.000      CL = -2.0545
      Cm =  0.4606     CD =  0.56678   =>   CDf =  0.00201    CDp =  0.56477

 MRCHDU: Convergence failed at  82  side 2    Res =  0.2118E+01
 MRCHDU: Convergence failed at  83  side 2    Res =  0.1964E+01
 MRCHDU: Convergence failed at  84  side 2    Res =  0.1616E+01
 MRCHDU: Convergence failed at  85  side 2    Res =  0.1268E+01
 Side 1  free  transition at x/c =  0.9971   75
 Side 2  free  transition at x/c =  0.0559   24

  50   rms: 0.1312E+05   max: -.1785E+06   C at   87  2   RLX: 0.000
       a = -2.000      CL = -2.0545
      Cm =  0.4606     CD =  0.56701   =>   CDf =  0.00201    CDp =  0.56500

 MRCHDU: Convergence failed at  82  side 2    Res =  0.2131E+01
 MRCHDU: Convergence failed at  83  side 2    Res =  0.1977E+01
 MRCHDU: Convergence failed at  84  side 2    Res =  0.1628E+01
 MRCHDU: Convergence failed at  85  side 2    Res =  0.1278E+01
 Side 1  free  transition at x/c =  0.9971   75
 Side 2  free  transition at x/c =  0.0559   24

  51   rms: 0.1323E+05   max: -.1800E+06   C at   87  2   RLX: 0.000
       a = -2.000      CL = -2.0545
      Cm =  0.4606     CD =  0.56724   =>   CDf =  0.00201    CDp =  0.56523

 MRCHDU: Convergence failed at  82  side 2    Res =  0.2145E+01
 MRCHDU: Convergence failed at  83  side 2    Res =  0.1990E+01
 MRCHDU: Convergence failed at  84  side 2    Res =  0.1639E+01
 MRCHDU: Convergence failed at  85  side 2    Res =  0.1288E+01
 Side 1  free  transition at x/c =  0.9971   75
 Side 2  free  transition at x/c =  0.0559   24

  52   rms: 0.1334E+05   max: -.1815E+06   C at   87  2   RLX: 0.000
       a = -2.000      CL = -2.0545
      Cm =  0.4606     CD =  0.56746   =>   CDf =  0.00201    CDp =  0.56546

 MRCHDU: Convergence failed at  82  side 2    Res =  0.2159E+01
 MRCHDU: Convergence failed at  83  side 2    Res =  0.2004E+01
 MRCHDU: Convergence failed at  84  side 2    Res =  0.1650E+01
 MRCHDU: Convergence failed at  85  side 2    Res =  0.1298E+01
 Side 1  free  transition at x/c =  0.9971   75
 Side 2  free  transition at x/c =  0.0559   24

  53   rms: 0.1344E+05   max: -.1828E+06   C at   87  2   RLX: 0.000
       a = -2.000      CL = -2.0545
      Cm =  0.4606     CD =  0.56769   =>   CDf =  0.00201    CDp =  0.56568

 MRCHDU: Convergence failed at  82  side 2    Res =  0.2173E+01
 MRCHDU: Convergence failed at  83  side 2    Res =  0.2017E+01
 MRCHDU: Convergence failed at  84  side 2    Res =  0.1662E+01
 MRCHDU: Convergence failed at  85  side 2    Res =  0.1308E+01
 Side 1  free  transition at x/c =  0.9971   75
 Side 2  free  transition at x/c =  0.0559   24

  54   rms: 0.1355E+05   max: -.1843E+06   C at   87  2   RLX: 0.000
       a = -2.000      CL = -2.0545
      Cm =  0.4606     CD =  0.56792   =>   CDf =  0.00201    CDp =  0.56591

 MRCHDU: Convergence failed at  82  side 2    Res =  0.2187E+01
 MRCHDU: Convergence failed at  83  side 2    Res =  0.2030E+01
 MRCHDU: Convergence failed at  84  side 2    Res =  0.1673E+01
 MRCHDU: Convergence failed at  85  side 2    Res =  0.1318E+01
 Side 1  free  transition at x/c =  0.9971   75
 Side 2  free  transition at x/c =  0.0559   24

  55   rms: 0.1366E+05   max: -.1858E+06   C at   87  2   RLX: 0.000
       a = -2.000      CL = -2.0545
      Cm =  0.4606     CD =  0.56814   =>   CDf =  0.00201    CDp =  0.56613

 MRCHDU: Convergence failed at  82  side 2    Res =  0.2200E+01
 MRCHDU: Convergence failed at  83  side 2    Res =  0.2043E+01
 MRCHDU: Convergence failed at  84  side 2    Res =  0.1685E+01
 MRCHDU: Convergence failed at  85  side 2    Res =  0.1327E+01
 Side 1  free  transition at x/c =  0.9971   75
 Side 2  free  transition at x/c =  0.0559   24

  56   rms: 0.1377E+05   max: -.1873E+06   C at   87  2   RLX: 0.000
       a = -2.000      CL = -2.0545
      Cm =  0.4606     CD =  0.56836   =>   CDf =  0.00201    CDp =  0.56636

 MRCHDU: Convergence failed at  82  side 2    Res =  0.2214E+01
 MRCHDU: Convergence failed at  83  side 2    Res =  0.2056E+01
 MRCHDU: Convergence failed at  84  side 2    Res =  0.1696E+01
 MRCHDU: Convergence failed at  85  side 2    Res =  0.1337E+01
 Side 1  free  transition at x/c =  0.9971   75
 Side 2  free  transition at x/c =  0.0559   24

  57   rms: 0.1388E+05   max: -.1888E+06   C at   87  2   RLX: 0.000
       a = -2.000      CL = -2.0545
      Cm =  0.4606     CD =  0.56859   =>   CDf =  0.00201    CDp =  0.56658

 MRCHDU: Convergence failed at  82  side 2    Res =  0.2228E+01
 MRCHDU: Convergence failed at  83  side 2    Res =  0.2069E+01
 MRCHDU: Convergence failed at  84  side 2    Res =  0.1708E+01
 MRCHDU: Convergence failed at  85  side 2    Res =  0.1347E+01
 Side 1  free  transition at x/c =  0.9971   75
 Side 2  free  transition at x/c =  0.0559   24

  58   rms: 0.1399E+05   max: -.1903E+06   C at   87  2   RLX: 0.000
       a = -2.000      CL = -2.0545
      Cm =  0.4606     CD =  0.56881   =>   CDf =  0.00201    CDp =  0.56680

 MRCHDU: Convergence failed at  82  side 2    Res =  0.2242E+01
 MRCHDU: Convergence failed at  83  side 2    Res =  0.2082E+01
 MRCHDU: Convergence failed at  84  side 2    Res =  0.1719E+01
 MRCHDU: Convergence failed at  85  side 2    Res =  0.1357E+01
 Side 1  free  transition at x/c =  0.9971   75
 Side 2  free  transition at x/c =  0.0559   24

  59   rms: 0.1410E+05   max: -.1918E+06   C at   87  2   RLX: 0.000
       a = -2.000      CL = -2.0545
      Cm =  0.4606     CD =  0.56903   =>   CDf =  0.00201    CDp =  0.56702

 MRCHDU: Convergence failed at  82  side 2    Res =  0.2256E+01
 MRCHDU: Convergence failed at  83  side 2    Res =  0.2095E+01
 MRCHDU: Convergence failed at  84  side 2    Res =  0.1731E+01
 MRCHDU: Convergence failed at  85  side 2    Res =  0.1367E+01
 Side 1  free  transition at x/c =  0.9971   75
 Side 2  free  transition at x/c =  0.0559   24

  60   rms: 0.1421E+05   max: -.1933E+06   C at   87  2   RLX: 0.000
       a = -2.000      CL = -2.0544
      Cm =  0.4606     CD =  0.56925   =>   CDf =  0.00201    CDp =  0.56724

 MRCHDU: Convergence failed at  82  side 2    Res =  0.2269E+01
 MRCHDU: Convergence failed at  83  side 2    Res =  0.2108E+01
 MRCHDU: Convergence failed at  84  side 2    Res =  0.1742E+01
 MRCHDU: Convergence failed at  85  side 2    Res =  0.1377E+01
 Side 1  free  transition at x/c =  0.9971   75
 Side 2  free  transition at x/c =  0.0559   24

  61   rms: 0.1432E+05   max: -.1948E+06   C at   87  2   RLX: 0.000
       a = -2.000      CL = -2.0544
      Cm =  0.4606     CD =  0.56947   =>   CDf =  0.00201    CDp =  0.56746

 MRCHDU: Convergence failed at  82  side 2    Res =  0.2283E+01
 MRCHDU: Convergence failed at  83  side 2    Res =  0.2121E+01
 MRCHDU: Convergence failed at  84  side 2    Res =  0.1754E+01
 MRCHDU: Convergence failed at  85  side 2    Res =  0.1387E+01
 Side 1  free  transition at x/c =  0.9971   75
 Side 2  free  transition at x/c =  0.0559   24

  62   rms: 0.1443E+05   max: -.1963E+06   C at   87  2   RLX: 0.000
       a = -2.000      CL = -2.0544
      Cm =  0.4606     CD =  0.56968   =>   CDf =  0.00201    CDp =  0.56768

 MRCHDU: Convergence failed at  82  side 2    Res =  0.2297E+01
 MRCHDU: Convergence failed at  83  side 2    Res =  0.2134E+01
 MRCHDU: Convergence failed at  84  side 2    Res =  0.1765E+01
 MRCHDU: Convergence failed at  85  side 2    Res =  0.1397E+01
 Side 1  free  transition at x/c =  0.9971   75
 Side 2  free  transition at x/c =  0.0559   24

  63   rms: 0.1454E+05   max: -.1978E+06   C at   87  2   RLX: 0.000
       a = -2.000      CL = -2.0544
      Cm =  0.4606     CD =  0.56990   =>   CDf =  0.00201    CDp =  0.56789

 MRCHDU: Convergence failed at  82  side 2    Res =  0.2311E+01
 MRCHDU: Convergence failed at  83  side 2    Res =  0.2147E+01
 MRCHDU: Convergence failed at  84  side 2    Res =  0.1776E+01
 MRCHDU: Convergence failed at  85  side 2    Res =  0.1406E+01
 Side 1  free  transition at x/c =  0.9971   75
 Side 2  free  transition at x/c =  0.0559   24

  64   rms: 0.1465E+05   max: -.1993E+06   C at   87  2   RLX: 0.000
       a = -2.000      CL = -2.0544
      Cm =  0.4606     CD =  0.57012   =>   CDf =  0.00201    CDp =  0.56811

 MRCHDU: Convergence failed at  82  side 2    Res =  0.2325E+01
 MRCHDU: Convergence failed at  83  side 2    Res =  0.2160E+01
 MRCHDU: Convergence failed at  84  side 2    Res =  0.1788E+01
 MRCHDU: Convergence failed at  85  side 2    Res =  0.1416E+01
 Side 1  free  transition at x/c =  0.9971   75
 Side 2  free  transition at x/c =  0.0559   24

  65   rms: 0.1476E+05   max: -.2008E+06   C at   87  2   RLX: 0.000
       a = -2.000      CL = -2.0544
      Cm =  0.4606     CD =  0.57033   =>   CDf =  0.00201    CDp =  0.56832

 MRCHDU: Convergence failed at  82  side 2    Res =  0.2338E+01
 MRCHDU: Convergence failed at  83  side 2    Res =  0.2173E+01
 MRCHDU: Convergence failed at  84  side 2    Res =  0.1799E+01
 MRCHDU: Convergence failed at  85  side 2    Res =  0.1426E+01
 Side 1  free  transition at x/c =  0.9971   75
 Side 2  free  transition at x/c =  0.0559   24

  66   rms: 0.1487E+05   max: -.2024E+06   C at   87  2   RLX: 0.000
       a = -2.000      CL = -2.0544
      Cm =  0.4606     CD =  0.57055   =>   CDf =  0.00201    CDp =  0.56854

 MRCHDU: Convergence failed at  82  side 2    Res =  0.2352E+01
 MRCHDU: Convergence failed at  83  side 2    Res =  0.2186E+01
 MRCHDU: Convergence failed at  84  side 2    Res =  0.1811E+01
 MRCHDU: Convergence failed at  85  side 2    Res =  0.1436E+01
 Side 1  free  transition at x/c =  0.9971   75
 Side 2  free  transition at x/c =  0.0559   24

  67   rms: 0.1499E+05   max: -.2039E+06   C at   87  2   RLX: 0.000
       a = -2.000      CL = -2.0544
      Cm =  0.4606     CD =  0.57076   =>   CDf =  0.00201    CDp =  0.56875

 MRCHDU: Convergence failed at  82  side 2    Res =  0.2366E+01
 MRCHDU: Convergence failed at  83  side 2    Res =  0.2199E+01
 MRCHDU: Convergence failed at  84  side 2    Res =  0.1822E+01
 MRCHDU: Convergence failed at  85  side 2    Res =  0.1446E+01
 Side 1  free  transition at x/c =  0.9971   75
 Side 2  free  transition at x/c =  0.0559   24

  68   rms: 0.1510E+05   max: -.2054E+06   C at   87  2   RLX: 0.000
       a = -2.000      CL = -2.0544
      Cm =  0.4606     CD =  0.57097   =>   CDf =  0.00201    CDp =  0.56897

 MRCHDU: Convergence failed at  82  side 2    Res =  0.2380E+01
 MRCHDU: Convergence failed at  83  side 2    Res =  0.2212E+01
 MRCHDU: Convergence failed at  84  side 2    Res =  0.1834E+01
 MRCHDU: Convergence failed at  85  side 2    Res =  0.1456E+01
 Side 1  free  transition at x/c =  0.9971   75
 Side 2  free  transition at x/c =  0.0559   24

  69   rms: 0.1521E+05   max: -.2069E+06   C at   87  2   RLX: 0.000
       a = -2.000      CL = -2.0544
      Cm =  0.4606     CD =  0.57119   =>   CDf =  0.00201    CDp =  0.56918

 MRCHDU: Convergence failed at  82  side 2    Res =  0.2393E+01
 MRCHDU: Convergence failed at  83  side 2    Res =  0.2225E+01
 MRCHDU: Convergence failed at  84  side 2    Res =  0.1845E+01
 MRCHDU: Convergence failed at  85  side 2    Res =  0.1465E+01
 Side 1  free  transition at x/c =  0.9971   75
 Side 2  free  transition at x/c =  0.0559   24

  70   rms: 0.1532E+05   max: -.2085E+06   C at   87  2   RLX: 0.000
       a = -2.000      CL = -2.0544
      Cm =  0.4606     CD =  0.57140   =>   CDf =  0.00201    CDp =  0.56939

 MRCHDU: Convergence failed at  82  side 2    Res =  0.2407E+01
 MRCHDU: Convergence failed at  83  side 2    Res =  0.2238E+01
 MRCHDU: Convergence failed at  84  side 2    Res =  0.1857E+01
 MRCHDU: Convergence failed at  85  side 2    Res =  0.1475E+01
 Side 1  free  transition at x/c =  0.9971   75
 Side 2  free  transition at x/c =  0.0559   24

  71   rms: 0.1544E+05   max: -.2100E+06   C at   87  2   RLX: 0.000
       a = -2.000      CL = -2.0544
      Cm =  0.4606     CD =  0.57161   =>   CDf =  0.00201    CDp =  0.56960

 MRCHDU: Convergence failed at  82  side 2    Res =  0.2421E+01
 MRCHDU: Convergence failed at  83  side 2    Res =  0.2251E+01
 MRCHDU: Convergence failed at  84  side 2    Res =  0.1868E+01
 MRCHDU: Convergence failed at  85  side 2    Res =  0.1485E+01
 Side 1  free  transition at x/c =  0.9971   75
 Side 2  free  transition at x/c =  0.0559   24

  72   rms: 0.1555E+05   max: -.2115E+06   C at   87  2   RLX: 0.000
       a = -2.000      CL = -2.0544
      Cm =  0.4606     CD =  0.57182   =>   CDf =  0.00201    CDp =  0.56981

 MRCHDU: Convergence failed at  82  side 2    Res =  0.2435E+01
 MRCHDU: Convergence failed at  83  side 2    Res =  0.2264E+01
 MRCHDU: Convergence failed at  84  side 2    Res =  0.1879E+01
 MRCHDU: Convergence failed at  85  side 2    Res =  0.1495E+01
 Side 1  free  transition at x/c =  0.9971   75
 Side 2  free  transition at x/c =  0.0559   24

  73   rms: 0.1566E+05   max: -.2131E+06   C at   87  2   RLX: 0.000
       a = -2.000      CL = -2.0544
      Cm =  0.4605     CD =  0.57203   =>   CDf =  0.00201    CDp =  0.57002

 MRCHDU: Convergence failed at  82  side 2    Res =  0.2449E+01
 MRCHDU: Convergence failed at  83  side 2    Res =  0.2277E+01
 MRCHDU: Convergence failed at  84  side 2    Res =  0.1891E+01
 MRCHDU: Convergence failed at  85  side 2    Res =  0.1505E+01
 Side 1  free  transition at x/c =  0.9971   75
 Side 2  free  transition at x/c =  0.0559   24

  74   rms: 0.1578E+05   max: -.2146E+06   C at   87  2   RLX: 0.000
       a = -2.000      CL = -2.0544
      Cm =  0.4605     CD =  0.57223   =>   CDf =  0.00201    CDp =  0.57023

 MRCHDU: Convergence failed at  82  side 2    Res =  0.2462E+01
 MRCHDU: Convergence failed at  83  side 2    Res =  0.2291E+01
 MRCHDU: Convergence failed at  84  side 2    Res =  0.1902E+01
 MRCHDU: Convergence failed at  85  side 2    Res =  0.1515E+01
 Side 1  free  transition at x/c =  0.9971   75
 Side 2  free  transition at x/c =  0.0559   24

  75   rms: 0.1589E+05   max: -.2162E+06   C at   87  2   RLX: 0.000
       a = -2.000      CL = -2.0544
      Cm =  0.4605     CD =  0.57244   =>   CDf =  0.00201    CDp =  0.57043

 MRCHDU: Convergence failed at  82  side 2    Res =  0.2476E+01
 MRCHDU: Convergence failed at  83  side 2    Res =  0.2304E+01
 MRCHDU: Convergence failed at  84  side 2    Res =  0.1914E+01
 MRCHDU: Convergence failed at  85  side 2    Res =  0.1524E+01
 Side 1  free  transition at x/c =  0.9971   75
 Side 2  free  transition at x/c =  0.0559   24

  76   rms: 0.1600E+05   max: -.2177E+06   C at   87  2   RLX: 0.000
       a = -2.000      CL = -2.0544
      Cm =  0.4605     CD =  0.57265   =>   CDf =  0.00201    CDp =  0.57064

 MRCHDU: Convergence failed at  82  side 2    Res =  0.2490E+01
 MRCHDU: Convergence failed at  83  side 2    Res =  0.2317E+01
 MRCHDU: Convergence failed at  84  side 2    Res =  0.1925E+01
 MRCHDU: Convergence failed at  85  side 2    Res =  0.1534E+01
 Side 1  free  transition at x/c =  0.9971   75
 Side 2  free  transition at x/c =  0.0559   24

  77   rms: 0.1612E+05   max: -.2193E+06   C at   87  2   RLX: 0.000
       a = -2.000      CL = -2.0544
      Cm =  0.4605     CD =  0.57285   =>   CDf =  0.00201    CDp =  0.57085

 MRCHDU: Convergence failed at  82  side 2    Res =  0.2504E+01
 MRCHDU: Convergence failed at  83  side 2    Res =  0.2330E+01
 MRCHDU: Convergence failed at  84  side 2    Res =  0.1936E+01
 MRCHDU: Convergence failed at  85  side 2    Res =  0.1544E+01
 Side 1  free  transition at x/c =  0.9971   75
 Side 2  free  transition at x/c =  0.0559   24

  78   rms: 0.1623E+05   max: -.2208E+06   C at   87  2   RLX: 0.000
       a = -2.000      CL = -2.0544
      Cm =  0.4605     CD =  0.57306   =>   CDf =  0.00201    CDp =  0.57105

 MRCHDU: Convergence failed at  82  side 2    Res =  0.2517E+01
 MRCHDU: Convergence failed at  83  side 2    Res =  0.2343E+01
 MRCHDU: Convergence failed at  84  side 2    Res =  0.1948E+01
 MRCHDU: Convergence failed at  85  side 2    Res =  0.1554E+01
 Side 1  free  transition at x/c =  0.9971   75
 Side 2  free  transition at x/c =  0.0559   24

  79   rms: 0.1635E+05   max: -.2224E+06   C at   87  2   RLX: 0.000
       a = -2.000      CL = -2.0544
      Cm =  0.4605     CD =  0.57326   =>   CDf =  0.00201    CDp =  0.57126

 MRCHDU: Convergence failed at  82  side 2    Res =  0.2531E+01
 MRCHDU: Convergence failed at  83  side 2    Res =  0.2356E+01
 MRCHDU: Convergence failed at  84  side 2    Res =  0.1959E+01
 MRCHDU: Convergence failed at  85  side 2    Res =  0.1564E+01
 Side 1  free  transition at x/c =  0.9971   75
 Side 2  free  transition at x/c =  0.0559   24

  80   rms: 0.1646E+05   max: -.2239E+06   C at   87  2   RLX: 0.000
       a = -2.000      CL = -2.0544
      Cm =  0.4605     CD =  0.57347   =>   CDf =  0.00201    CDp =  0.57146

 MRCHDU: Convergence failed at  82  side 2    Res =  0.2545E+01
 MRCHDU: Convergence failed at  83  side 2    Res =  0.2369E+01
 MRCHDU: Convergence failed at  84  side 2    Res =  0.1971E+01
 MRCHDU: Convergence failed at  85  side 2    Res =  0.1574E+01
 Side 1  free  transition at x/c =  0.9971   75
 Side 2  free  transition at x/c =  0.0559   24

  81   rms: 0.1657E+05   max: -.2255E+06   C at   87  2   RLX: 0.000
       a = -2.000      CL = -2.0543
      Cm =  0.4605     CD =  0.57367   =>   CDf =  0.00201    CDp =  0.57166

 MRCHDU: Convergence failed at  82  side 2    Res =  0.2559E+01
 MRCHDU: Convergence failed at  83  side 2    Res =  0.2382E+01
 MRCHDU: Convergence failed at  84  side 2    Res =  0.1982E+01
 MRCHDU: Convergence failed at  85  side 2    Res =  0.1583E+01
 Side 1  free  transition at x/c =  0.9971   75
 Side 2  free  transition at x/c =  0.0559   24

  82   rms: 0.1669E+05   max: -.2271E+06   C at   87  2   RLX: 0.000
       a = -2.000      CL = -2.0543
      Cm =  0.4605     CD =  0.57387   =>   CDf =  0.00201    CDp =  0.57186

 MRCHDU: Convergence failed at  82  side 2    Res =  0.2572E+01
 MRCHDU: Convergence failed at  83  side 2    Res =  0.2395E+01
 MRCHDU: Convergence failed at  84  side 2    Res =  0.1994E+01
 MRCHDU: Convergence failed at  85  side 2    Res =  0.1593E+01
 Side 1  free  transition at x/c =  0.9971   75
 Side 2  free  transition at x/c =  0.0559   24

  83   rms: 0.1680E+05   max: -.2286E+06   C at   87  2   RLX: 0.000
       a = -2.000      CL = -2.0543
      Cm =  0.4605     CD =  0.57407   =>   CDf =  0.00201    CDp =  0.57207

 MRCHDU: Convergence failed at  82  side 2    Res =  0.2586E+01
 MRCHDU: Convergence failed at  83  side 2    Res =  0.2408E+01
 MRCHDU: Convergence failed at  84  side 2    Res =  0.2005E+01
 MRCHDU: Convergence failed at  85  side 2    Res =  0.1603E+01
 Side 1  free  transition at x/c =  0.9971   75
 Side 2  free  transition at x/c =  0.0559   24

  84   rms: 0.1692E+05   max: -.2302E+06   C at   87  2   RLX: 0.000
       a = -2.000      CL = -2.0543
      Cm =  0.4605     CD =  0.57427   =>   CDf =  0.00201    CDp =  0.57227

 MRCHDU: Convergence failed at  82  side 2    Res =  0.2600E+01
 MRCHDU: Convergence failed at  83  side 2    Res =  0.2421E+01
 MRCHDU: Convergence failed at  84  side 2    Res =  0.2016E+01
 MRCHDU: Convergence failed at  85  side 2    Res =  0.1613E+01
 Side 1  free  transition at x/c =  0.9971   75
 Side 2  free  transition at x/c =  0.0559   24

  85   rms: 0.1704E+05   max: -.2318E+06   C at   87  2   RLX: 0.000
       a = -2.000      CL = -2.0543
      Cm =  0.4605     CD =  0.57447   =>   CDf =  0.00201    CDp =  0.57247

 MRCHDU: Convergence failed at  82  side 2    Res =  0.2614E+01
 MRCHDU: Convergence failed at  83  side 2    Res =  0.2434E+01
 MRCHDU: Convergence failed at  84  side 2    Res =  0.2028E+01
 MRCHDU: Convergence failed at  85  side 2    Res =  0.1623E+01
 Side 1  free  transition at x/c =  0.9971   75
 Side 2  free  transition at x/c =  0.0559   24

  86   rms: 0.1715E+05   max: -.2334E+06   C at   87  2   RLX: 0.000
       a = -2.000      CL = -2.0543
      Cm =  0.4605     CD =  0.57467   =>   CDf =  0.00201    CDp =  0.57267

 MRCHDU: Convergence failed at  82  side 2    Res =  0.2628E+01
 MRCHDU: Convergence failed at  83  side 2    Res =  0.2447E+01
 MRCHDU: Convergence failed at  84  side 2    Res =  0.2039E+01
 MRCHDU: Convergence failed at  85  side 2    Res =  0.1632E+01
 Side 1  free  transition at x/c =  0.9971   75
 Side 2  free  transition at x/c =  0.0559   24

  87   rms: 0.1727E+05   max: -.2349E+06   C at   87  2   RLX: 0.000
       a = -2.000      CL = -2.0543
      Cm =  0.4605     CD =  0.57487   =>   CDf =  0.00201    CDp =  0.57287

 MRCHDU: Convergence failed at  82  side 2    Res =  0.2641E+01
 MRCHDU: Convergence failed at  83  side 2    Res =  0.2460E+01
 MRCHDU: Convergence failed at  84  side 2    Res =  0.2051E+01
 MRCHDU: Convergence failed at  85  side 2    Res =  0.1642E+01
 Side 1  free  transition at x/c =  0.9971   75
 Side 2  free  transition at x/c =  0.0559   24

  88   rms: 0.1738E+05   max: -.2365E+06   C at   87  2   RLX: 0.000
       a = -2.000      CL = -2.0543
      Cm =  0.4605     CD =  0.57507   =>   CDf =  0.00201    CDp =  0.57306

 MRCHDU: Convergence failed at  82  side 2    Res =  0.2655E+01
 MRCHDU: Convergence failed at  83  side 2    Res =  0.2473E+01
 MRCHDU: Convergence failed at  84  side 2    Res =  0.2062E+01
 MRCHDU: Convergence failed at  85  side 2    Res =  0.1652E+01
 Side 1  free  transition at x/c =  0.9971   75
 Side 2  free  transition at x/c =  0.0559   24

  89   rms: 0.1750E+05   max: -.2381E+06   C at   87  2   RLX: 0.000
       a = -2.000      CL = -2.0543
      Cm =  0.4605     CD =  0.57527   =>   CDf =  0.00201    CDp =  0.57326

 MRCHDU: Convergence failed at  82  side 2    Res =  0.2669E+01
 MRCHDU: Convergence failed at  83  side 2    Res =  0.2486E+01
 MRCHDU: Convergence failed at  84  side 2    Res =  0.2073E+01
 MRCHDU: Convergence failed at  85  side 2    Res =  0.1662E+01
 Side 1  free  transition at x/c =  0.9971   75
 Side 2  free  transition at x/c =  0.0559   24

  90   rms: 0.1762E+05   max: -.2397E+06   C at   87  2   RLX: 0.000
       a = -2.000      CL = -2.0543
      Cm =  0.4605     CD =  0.57547   =>   CDf =  0.00201    CDp =  0.57346

 MRCHDU: Convergence failed at  82  side 2    Res =  0.2683E+01
 MRCHDU: Convergence failed at  83  side 2    Res =  0.2499E+01
 MRCHDU: Convergence failed at  84  side 2    Res =  0.2085E+01
 MRCHDU: Convergence failed at  85  side 2    Res =  0.1672E+01
 Side 1  free  transition at x/c =  0.9971   75
 Side 2  free  transition at x/c =  0.0559   24

  91   rms: 0.1773E+05   max: -.2413E+06   C at   87  2   RLX: 0.000
       a = -2.000      CL = -2.0543
      Cm =  0.4605     CD =  0.57566   =>   CDf =  0.00201    CDp =  0.57365

 MRCHDU: Convergence failed at  82  side 2    Res =  0.2696E+01
 MRCHDU: Convergence failed at  83  side 2    Res =  0.2512E+01
 MRCHDU: Convergence failed at  84  side 2    Res =  0.2096E+01
 MRCHDU: Convergence failed at  85  side 2    Res =  0.1681E+01
 Side 1  free  transition at x/c =  0.9971   75
 Side 2  free  transition at x/c =  0.0559   24

  92   rms: 0.1785E+05   max: -.2429E+06   C at   87  2   RLX: 0.000
       a = -2.000      CL = -2.0543
      Cm =  0.4605     CD =  0.57586   =>   CDf =  0.00201    CDp =  0.57385

 MRCHDU: Convergence failed at  82  side 2    Res =  0.2710E+01
 MRCHDU: Convergence failed at  83  side 2    Res =  0.2525E+01
 MRCHDU: Convergence failed at  84  side 2    Res =  0.2107E+01
 MRCHDU: Convergence failed at  85  side 2    Res =  0.1691E+01
 Side 1  free  transition at x/c =  0.9971   75
 Side 2  free  transition at x/c =  0.0559   24

  93   rms: 0.1797E+05   max: -.2444E+06   C at   87  2   RLX: 0.000
       a = -2.000      CL = -2.0543
      Cm =  0.4605     CD =  0.57605   =>   CDf =  0.00201    CDp =  0.57405

 MRCHDU: Convergence failed at  82  side 2    Res =  0.2724E+01
 MRCHDU: Convergence failed at  83  side 2    Res =  0.2538E+01
 MRCHDU: Convergence failed at  84  side 2    Res =  0.2119E+01
 MRCHDU: Convergence failed at  85  side 2    Res =  0.1701E+01
 Side 1  free  transition at x/c =  0.9971   75
 Side 2  free  transition at x/c =  0.0559   24

  94   rms: 0.1809E+05   max: -.2461E+06   C at   87  2   RLX: 0.000
       a = -2.000      CL = -2.0543
      Cm =  0.4605     CD =  0.57625   =>   CDf =  0.00201    CDp =  0.57424

 MRCHDU: Convergence failed at  82  side 2    Res =  0.2738E+01
 MRCHDU: Convergence failed at  83  side 2    Res =  0.2551E+01
 MRCHDU: Convergence failed at  84  side 2    Res =  0.2130E+01
 MRCHDU: Convergence failed at  85  side 2    Res =  0.1711E+01
 Side 1  free  transition at x/c =  0.9971   75
 Side 2  free  transition at x/c =  0.0559   24

  95   rms: 0.1820E+05   max: -.2477E+06   C at   87  2   RLX: 0.000
       a = -2.000      CL = -2.0543
      Cm =  0.4605     CD =  0.57644   =>   CDf =  0.00201    CDp =  0.57443

 MRCHDU: Convergence failed at  82  side 2    Res =  0.2751E+01
 MRCHDU: Convergence failed at  83  side 2    Res =  0.2564E+01
 MRCHDU: Convergence failed at  84  side 2    Res =  0.2142E+01
 MRCHDU: Convergence failed at  85  side 2    Res =  0.1721E+01
 Side 1  free  transition at x/c =  0.9971   75
 Side 2  free  transition at x/c =  0.0559   24

  96   rms: 0.1832E+05   max: -.2493E+06   C at   87  2   RLX: 0.000
       a = -2.000      CL = -2.0543
      Cm =  0.4605     CD =  0.57663   =>   CDf =  0.00201    CDp =  0.57463

 MRCHDU: Convergence failed at  82  side 2    Res =  0.2765E+01
 MRCHDU: Convergence failed at  83  side 2    Res =  0.2577E+01
 MRCHDU: Convergence failed at  84  side 2    Res =  0.2153E+01
 MRCHDU: Convergence failed at  85  side 2    Res =  0.1730E+01
 Side 1  free  transition at x/c =  0.9971   75
 Side 2  free  transition at x/c =  0.0559   24

  97   rms: 0.1844E+05   max: -.2509E+06   C at   87  2   RLX: 0.000
       a = -2.000      CL = -2.0543
      Cm =  0.4605     CD =  0.57683   =>   CDf =  0.00201    CDp =  0.57482

 MRCHDU: Convergence failed at  82  side 2    Res =  0.2779E+01
 MRCHDU: Convergence failed at  83  side 2    Res =  0.2590E+01
 MRCHDU: Convergence failed at  84  side 2    Res =  0.2164E+01
 MRCHDU: Convergence failed at  85  side 2    Res =  0.1740E+01
 Side 1  free  transition at x/c =  0.9971   75
 Side 2  free  transition at x/c =  0.0559   24

  98   rms: 0.1856E+05   max: -.2525E+06   C at   87  2   RLX: 0.000
       a = -2.000      CL = -2.0543
      Cm =  0.4605     CD =  0.57702   =>   CDf =  0.00201    CDp =  0.57501

 MRCHDU: Convergence failed at  82  side 2    Res =  0.2793E+01
 MRCHDU: Convergence failed at  83  side 2    Res =  0.2603E+01
 MRCHDU: Convergence failed at  84  side 2    Res =  0.2176E+01
 MRCHDU: Convergence failed at  85  side 2    Res =  0.1750E+01
 Side 1  free  transition at x/c =  0.9971   75
 Side 2  free  transition at x/c =  0.0559   24

  99   rms: 0.1867E+05   max: -.2541E+06   C at   87  2   RLX: 0.000
       a = -2.000      CL = -2.0543
      Cm =  0.4605     CD =  0.57721   =>   CDf =  0.00201    CDp =  0.57520

 MRCHDU: Convergence failed at  82  side 2    Res =  0.2806E+01
 MRCHDU: Convergence failed at  83  side 2    Res =  0.2616E+01
 MRCHDU: Convergence failed at  84  side 2    Res =  0.2187E+01
 MRCHDU: Convergence failed at  85  side 2    Res =  0.1760E+01
 Side 1  free  transition at x/c =  0.9971   75
 Side 2  free  transition at x/c =  0.0559   24

 100   rms: 0.1879E+05   max: -.2557E+06   C at   87  2   RLX: 0.000
       a = -2.000      CL = -2.0543
      Cm =  0.4605     CD =  0.57740   =>   CDf =  0.00201    CDp =  0.57539

 MRCHDU: Convergence failed at  82  side 2    Res =  0.2820E+01
 MRCHDU: Convergence failed at  83  side 2    Res =  0.2629E+01
 MRCHDU: Convergence failed at  84  side 2    Res =  0.2199E+01
 MRCHDU: Convergence failed at  85  side 2    Res =  0.1770E+01
 Side 1  free  transition at x/c =  0.9971   75
 Side 2  free  transition at x/c =  0.0559   24

 101   rms: 0.1891E+05   max: -.2573E+06   C at   87  2   RLX: 0.000
       a = -2.000      CL = -2.0543
      Cm =  0.4605     CD =  0.57759   =>   CDf =  0.00201    CDp =  0.57558

 MRCHDU: Convergence failed at  82  side 2    Res =  0.2834E+01
 MRCHDU: Convergence failed at  83  side 2    Res =  0.2642E+01
 MRCHDU: Convergence failed at  84  side 2    Res =  0.2210E+01
 MRCHDU: Convergence failed at  85  side 2    Res =  0.1779E+01
 Side 1  free  transition at x/c =  0.9971   75
 Side 2  free  transition at x/c =  0.0559   24

 102   rms: 0.1903E+05   max: -.2589E+06   C at   87  2   RLX: 0.000
       a = -2.000      CL = -2.0543
      Cm =  0.4605     CD =  0.57778   =>   CDf =  0.00201    CDp =  0.57577

 MRCHDU: Convergence failed at  82  side 2    Res =  0.2848E+01
 MRCHDU: Convergence failed at  83  side 2    Res =  0.2655E+01
 MRCHDU: Convergence failed at  84  side 2    Res =  0.2221E+01
 MRCHDU: Convergence failed at  85  side 2    Res =  0.1789E+01
 Side 1  free  transition at x/c =  0.9971   75
 Side 2  free  transition at x/c =  0.0559   24

 103   rms: 0.1915E+05   max: -.2605E+06   C at   87  2   RLX: 0.000
       a = -2.000      CL = -2.0543
      Cm =  0.4605     CD =  0.57797   =>   CDf =  0.00201    CDp =  0.57596

 MRCHDU: Convergence failed at  82  side 2    Res =  0.2861E+01
 MRCHDU: Convergence failed at  83  side 2    Res =  0.2668E+01
 MRCHDU: Convergence failed at  84  side 2    Res =  0.2233E+01
 MRCHDU: Convergence failed at  85  side 2    Res =  0.1799E+01
 Side 1  free  transition at x/c =  0.9971   75
 Side 2  free  transition at x/c =  0.0559   24

 104   rms: 0.1927E+05   max: -.2621E+06   C at   87  2   RLX: 0.000
       a = -2.000      CL = -2.0542
      Cm =  0.4605     CD =  0.57816   =>   CDf =  0.00201    CDp =  0.57615

 MRCHDU: Convergence failed at  82  side 2    Res =  0.2875E+01
 MRCHDU: Convergence failed at  83  side 2    Res =  0.2681E+01
 MRCHDU: Convergence failed at  84  side 2    Res =  0.2244E+01
 MRCHDU: Convergence failed at  85  side 2    Res =  0.1809E+01
 Side 1  free  transition at x/c =  0.9971   75
 Side 2  free  transition at x/c =  0.0559   24

 105   rms: 0.1939E+05   max: -.2638E+06   C at   87  2   RLX: 0.000
       a = -2.000      CL = -2.0542
      Cm =  0.4605     CD =  0.57835   =>   CDf =  0.00201    CDp =  0.57634

 MRCHDU: Convergence failed at  82  side 2    Res =  0.2889E+01
 MRCHDU: Convergence failed at  83  side 2    Res =  0.2694E+01
 MRCHDU: Convergence failed at  84  side 2    Res =  0.2255E+01
 MRCHDU: Convergence failed at  85  side 2    Res =  0.1818E+01
 Side 1  free  transition at x/c =  0.9971   75
 Side 2  free  transition at x/c =  0.0559   24

 106   rms: 0.1950E+05   max: -.2654E+06   C at   87  2   RLX: 0.000
       a = -2.000      CL = -2.0542
      Cm =  0.4605     CD =  0.57854   =>   CDf =  0.00201    CDp =  0.57653

 MRCHDU: Convergence failed at  82  side 2    Res =  0.2903E+01
 MRCHDU: Convergence failed at  83  side 2    Res =  0.2707E+01
 MRCHDU: Convergence failed at  84  side 2    Res =  0.2267E+01
 MRCHDU: Convergence failed at  85  side 2    Res =  0.1828E+01
 Side 1  free  transition at x/c =  0.9971   75
 Side 2  free  transition at x/c =  0.0559   24

 107   rms: 0.1962E+05   max: -.2670E+06   C at   87  2   RLX: 0.000
       a = -2.000      CL = -2.0542
      Cm =  0.4605     CD =  0.57872   =>   CDf =  0.00201    CDp =  0.57671

 MRCHDU: Convergence failed at  82  side 2    Res =  0.2916E+01
 MRCHDU: Convergence failed at  83  side 2    Res =  0.2720E+01
 MRCHDU: Convergence failed at  84  side 2    Res =  0.2278E+01
 MRCHDU: Convergence failed at  85  side 2    Res =  0.1838E+01
 Side 1  free  transition at x/c =  0.9971   75
 Side 2  free  transition at x/c =  0.0559   24

 108   rms: 0.1974E+05   max: -.2686E+06   C at   87  2   RLX: 0.000
       a = -2.000      CL = -2.0542
      Cm =  0.4605     CD =  0.57891   =>   CDf =  0.00201    CDp =  0.57690

 MRCHDU: Convergence failed at  82  side 2    Res =  0.2930E+01
 MRCHDU: Convergence failed at  83  side 2    Res =  0.2733E+01
 MRCHDU: Convergence failed at  84  side 2    Res =  0.2289E+01
 MRCHDU: Convergence failed at  85  side 2    Res =  0.1848E+01
 Side 1  free  transition at x/c =  0.9971   75
 Side 2  free  transition at x/c =  0.0559   24

 109   rms: 0.1986E+05   max: -.2702E+06   C at   87  2   RLX: 0.000
       a = -2.000      CL = -2.0542
      Cm =  0.4605     CD =  0.57909   =>   CDf =  0.00201    CDp =  0.57709

 MRCHDU: Convergence failed at  82  side 2    Res =  0.2944E+01
 MRCHDU: Convergence failed at  83  side 2    Res =  0.2746E+01
 MRCHDU: Convergence failed at  84  side 2    Res =  0.2301E+01
 MRCHDU: Convergence failed at  85  side 2    Res =  0.1857E+01
 Side 1  free  transition at x/c =  0.9971   75
 Side 2  free  transition at x/c =  0.0559   24

 110   rms: 0.1998E+05   max: -.2719E+06   C at   87  2   RLX: 0.000
       a = -2.000      CL = -2.0542
      Cm =  0.4605     CD =  0.57928   =>   CDf =  0.00201    CDp =  0.57727

 MRCHDU: Convergence failed at  82  side 2    Res =  0.2958E+01
 MRCHDU: Convergence failed at  83  side 2    Res =  0.2759E+01
 MRCHDU: Convergence failed at  84  side 2    Res =  0.2312E+01
 MRCHDU: Convergence failed at  85  side 2    Res =  0.1867E+01
 Side 1  free  transition at x/c =  0.9971   75
 Side 2  free  transition at x/c =  0.0559   24

 111   rms: 0.2010E+05   max: -.2735E+06   C at   87  2   RLX: 0.000
       a = -2.000      CL = -2.0542
      Cm =  0.4605     CD =  0.57946   =>   CDf =  0.00201    CDp =  0.57746

 MRCHDU: Convergence failed at  82  side 2    Res =  0.2971E+01
 MRCHDU: Convergence failed at  83  side 2    Res =  0.2772E+01
 MRCHDU: Convergence failed at  84  side 2    Res =  0.2324E+01
 MRCHDU: Convergence failed at  85  side 2    Res =  0.1877E+01
 Side 1  free  transition at x/c =  0.9971   75
 Side 2  free  transition at x/c =  0.0559   24

 112   rms: 0.2022E+05   max: -.2751E+06   C at   87  2   RLX: 0.000
       a = -2.000      CL = -2.0542
      Cm =  0.4605     CD =  0.57965   =>   CDf =  0.00201    CDp =  0.57764

 MRCHDU: Convergence failed at  82  side 2    Res =  0.2985E+01
 MRCHDU: Convergence failed at  83  side 2    Res =  0.2785E+01
 MRCHDU: Convergence failed at  84  side 2    Res =  0.2335E+01
 MRCHDU: Convergence failed at  85  side 2    Res =  0.1887E+01
 Side 1  free  transition at x/c =  0.9971   75
 Side 2  free  transition at x/c =  0.0559   24

 113   rms: 0.2034E+05   max: -.2768E+06   C at   87  2   RLX: 0.000
       a = -2.000      CL = -2.0542
      Cm =  0.4605     CD =  0.57983   =>   CDf =  0.00201    CDp =  0.57783

 MRCHDU: Convergence failed at  82  side 2    Res =  0.2999E+01
 MRCHDU: Convergence failed at  83  side 2    Res =  0.2798E+01
 MRCHDU: Convergence failed at  84  side 2    Res =  0.2346E+01
 MRCHDU: Convergence failed at  85  side 2    Res =  0.1896E+01
 Side 1  free  transition at x/c =  0.9971   75
 Side 2  free  transition at x/c =  0.0559   24

 114   rms: 0.2046E+05   max: -.2784E+06   C at   87  2   RLX: 0.000
       a = -2.000      CL = -2.0542
      Cm =  0.4605     CD =  0.58002   =>   CDf =  0.00201    CDp =  0.57801

 MRCHDU: Convergence failed at  82  side 2    Res =  0.3013E+01
 MRCHDU: Convergence failed at  83  side 2    Res =  0.2811E+01
 MRCHDU: Convergence failed at  84  side 2    Res =  0.2358E+01
 MRCHDU: Convergence failed at  85  side 2    Res =  0.1906E+01
 Side 1  free  transition at x/c =  0.9971   75
 Side 2  free  transition at x/c =  0.0559   24

 115   rms: 0.2058E+05   max: -.2801E+06   C at   87  2   RLX: 0.000
       a = -2.000      CL = -2.0542
      Cm =  0.4605     CD =  0.58020   =>   CDf =  0.00201    CDp =  0.57819

 MRCHDU: Convergence failed at  82  side 2    Res =  0.3026E+01
 MRCHDU: Convergence failed at  83  side 2    Res =  0.2823E+01
 MRCHDU: Convergence failed at  84  side 2    Res =  0.2369E+01
 MRCHDU: Convergence failed at  85  side 2    Res =  0.1916E+01
 Side 1  free  transition at x/c =  0.9971   75
 Side 2  free  transition at x/c =  0.0559   24

 116   rms: 0.2070E+05   max: -.2817E+06   C at   87  2   RLX: 0.000
       a = -2.000      CL = -2.0542
      Cm =  0.4605     CD =  0.58038   =>   CDf =  0.00201    CDp =  0.57837

 MRCHDU: Convergence failed at  82  side 2    Res =  0.3040E+01
 MRCHDU: Convergence failed at  83  side 2    Res =  0.2836E+01
 MRCHDU: Convergence failed at  84  side 2    Res =  0.2380E+01
 MRCHDU: Convergence failed at  85  side 2    Res =  0.1926E+01
 Side 1  free  transition at x/c =  0.9971   75
 Side 2  free  transition at x/c =  0.0559   24

 117   rms: 0.2081E+05   max: -.2831E+06   C at   87  2   RLX: 0.000
       a = -2.000      CL = -2.0542
      Cm =  0.4605     CD =  0.58056   =>   CDf =  0.00201    CDp =  0.57856

 MRCHDU: Convergence failed at  82  side 2    Res =  0.3054E+01
 MRCHDU: Convergence failed at  83  side 2    Res =  0.2849E+01
 MRCHDU: Convergence failed at  84  side 2    Res =  0.2392E+01
 MRCHDU: Convergence failed at  85  side 2    Res =  0.1935E+01
 Side 1  free  transition at x/c =  0.9971   75
 Side 2  free  transition at x/c =  0.0559   24

 118   rms: 0.2093E+05   max: -.2848E+06   C at   87  2   RLX: 0.000
       a = -2.000      CL = -2.0542
      Cm =  0.4605     CD =  0.58074   =>   CDf =  0.00201    CDp =  0.57874

 MRCHDU: Convergence failed at  82  side 2    Res =  0.3067E+01
 MRCHDU: Convergence failed at  83  side 2    Res =  0.2862E+01
 MRCHDU: Convergence failed at  84  side 2    Res =  0.2403E+01
 MRCHDU: Convergence failed at  85  side 2    Res =  0.1945E+01
 Side 1  free  transition at x/c =  0.9971   75
 Side 2  free  transition at x/c =  0.0559   24

 119   rms: 0.2105E+05   max: -.2864E+06   C at   87  2   RLX: 0.000
       a = -2.000      CL = -2.0542
      Cm =  0.4605     CD =  0.58093   =>   CDf =  0.00201    CDp =  0.57892

 MRCHDU: Convergence failed at  82  side 2    Res =  0.3081E+01
 MRCHDU: Convergence failed at  83  side 2    Res =  0.2875E+01
 MRCHDU: Convergence failed at  84  side 2    Res =  0.2414E+01
 MRCHDU: Convergence failed at  85  side 2    Res =  0.1955E+01
 Side 1  free  transition at x/c =  0.9971   75
 Side 2  free  transition at x/c =  0.0559   24

 120   rms: 0.2117E+05   max: -.2881E+06   C at   87  2   RLX: 0.000
       a = -2.000      CL = -2.0542
      Cm =  0.4604     CD =  0.58111   =>   CDf =  0.00201    CDp =  0.57910

 MRCHDU: Convergence failed at  82  side 2    Res =  0.3095E+01
 MRCHDU: Convergence failed at  83  side 2    Res =  0.2888E+01
 MRCHDU: Convergence failed at  84  side 2    Res =  0.2426E+01
 MRCHDU: Convergence failed at  85  side 2    Res =  0.1965E+01
 Side 1  free  transition at x/c =  0.9971   75
 Side 2  free  transition at x/c =  0.0559   24

 121   rms: 0.2129E+05   max: -.2897E+06   C at   87  2   RLX: 0.000
       a = -2.000      CL = -2.0542
      Cm =  0.4604     CD =  0.58129   =>   CDf =  0.00201    CDp =  0.57928

 MRCHDU: Convergence failed at  82  side 2    Res =  0.3109E+01
 MRCHDU: Convergence failed at  83  side 2    Res =  0.2901E+01
 MRCHDU: Convergence failed at  84  side 2    Res =  0.2437E+01
 MRCHDU: Convergence failed at  85  side 2    Res =  0.1974E+01
 Side 1  free  transition at x/c =  0.9971   75
 Side 2  free  transition at x/c =  0.0559   24

 122   rms: 0.2141E+05   max: -.2913E+06   C at   87  2   RLX: 0.000
       a = -2.000      CL = -2.0542
      Cm =  0.4604     CD =  0.58146   =>   CDf =  0.00201    CDp =  0.57946

 MRCHDU: Convergence failed at  82  side 2    Res =  0.3122E+01
 MRCHDU: Convergence failed at  83  side 2    Res =  0.2914E+01
 MRCHDU: Convergence failed at  84  side 2    Res =  0.2448E+01
 MRCHDU: Convergence failed at  85  side 2    Res =  0.1984E+01
 Side 1  free  transition at x/c =  0.9971   75
 Side 2  free  transition at x/c =  0.0559   24

 123   rms: 0.2153E+05   max: -.2930E+06   C at   87  2   RLX: 0.000
       a = -2.000      CL = -2.0542
      Cm =  0.4604     CD =  0.58164   =>   CDf =  0.00201    CDp =  0.57964

 MRCHDU: Convergence failed at  82  side 2    Res =  0.3136E+01
 MRCHDU: Convergence failed at  83  side 2    Res =  0.2927E+01
 MRCHDU: Convergence failed at  84  side 2    Res =  0.2460E+01
 MRCHDU: Convergence failed at  85  side 2    Res =  0.1994E+01
 Side 1  free  transition at x/c =  0.9971   75
 Side 2  free  transition at x/c =  0.0559   24

 124   rms: 0.2166E+05   max: -.2946E+06   C at   87  2   RLX: 0.000
       a = -2.000      CL = -2.0542
      Cm =  0.4604     CD =  0.58182   =>   CDf =  0.00201    CDp =  0.57981

 MRCHDU: Convergence failed at  82  side 2    Res =  0.3150E+01
 MRCHDU: Convergence failed at  83  side 2    Res =  0.2940E+01
 MRCHDU: Convergence failed at  84  side 2    Res =  0.2471E+01
 MRCHDU: Convergence failed at  85  side 2    Res =  0.2004E+01
 Side 1  free  transition at x/c =  0.9971   75
 Side 2  free  transition at x/c =  0.0559   24

 125   rms: 0.2178E+05   max: -.2963E+06   C at   87  2   RLX: 0.000
       a = -2.000      CL = -2.0542
      Cm =  0.4604     CD =  0.58200   =>   CDf =  0.00201    CDp =  0.57999

 MRCHDU: Convergence failed at  82  side 2    Res =  0.3164E+01
 MRCHDU: Convergence failed at  83  side 2    Res =  0.2953E+01
 MRCHDU: Convergence failed at  84  side 2    Res =  0.2482E+01
 MRCHDU: Convergence failed at  85  side 2    Res =  0.2013E+01
 Side 1  free  transition at x/c =  0.9971   75
 Side 2  free  transition at x/c =  0.0558   24

 126   rms: 0.2190E+05   max: -.2979E+06   C at   87  2   RLX: 0.000
       a = -2.000      CL = -2.0542
      Cm =  0.4604     CD =  0.58218   =>   CDf =  0.00201    CDp =  0.58017

 MRCHDU: Convergence failed at  82  side 2    Res =  0.3177E+01
 MRCHDU: Convergence failed at  83  side 2    Res =  0.2966E+01
 MRCHDU: Convergence failed at  84  side 2    Res =  0.2494E+01
 MRCHDU: Convergence failed at  85  side 2    Res =  0.2023E+01
 Side 1  free  transition at x/c =  0.9971   75
 Side 2  free  transition at x/c =  0.0558   24

 127   rms: 0.2202E+05   max: -.2996E+06   C at   87  2   RLX: 0.000
       a = -2.000      CL = -2.0541
      Cm =  0.4604     CD =  0.58235   =>   CDf =  0.00201    CDp =  0.58035

 MRCHDU: Convergence failed at  82  side 2    Res =  0.3191E+01
 MRCHDU: Convergence failed at  83  side 2    Res =  0.2979E+01
 MRCHDU: Convergence failed at  84  side 2    Res =  0.2505E+01
 MRCHDU: Convergence failed at  85  side 2    Res =  0.2033E+01
 Side 1  free  transition at x/c =  0.9971   75
 Side 2  free  transition at x/c =  0.0558   24

 128   rms: 0.2214E+05   max: -.3012E+06   C at   87  2   RLX: 0.000
       a = -2.000      CL = -2.0541
      Cm =  0.4604     CD =  0.58253   =>   CDf =  0.00201    CDp =  0.58052

 MRCHDU: Convergence failed at  82  side 2    Res =  0.3205E+01
 MRCHDU: Convergence failed at  83  side 2    Res =  0.2992E+01
 MRCHDU: Convergence failed at  84  side 2    Res =  0.2516E+01
 MRCHDU: Convergence failed at  85  side 2    Res =  0.2043E+01
 Side 1  free  transition at x/c =  0.9971   75
 Side 2  free  transition at x/c =  0.0558   24

 129   rms: 0.2226E+05   max: -.3029E+06   C at   87  2   RLX: 0.000
       a = -2.000      CL = -2.0541
      Cm =  0.4604     CD =  0.58271   =>   CDf =  0.00201    CDp =  0.58070

 MRCHDU: Convergence failed at  82  side 2    Res =  0.3219E+01
 MRCHDU: Convergence failed at  83  side 2    Res =  0.3005E+01
 MRCHDU: Convergence failed at  84  side 2    Res =  0.2528E+01
 MRCHDU: Convergence failed at  85  side 2    Res =  0.2052E+01
 Side 1  free  transition at x/c =  0.9971   75
 Side 2  free  transition at x/c =  0.0558   24

 130   rms: 0.2238E+05   max: -.3046E+06   C at   87  2   RLX: 0.000
       a = -2.000      CL = -2.0541
      Cm =  0.4604     CD =  0.58288   =>   CDf =  0.00201    CDp =  0.58088

 MRCHDU: Convergence failed at  82  side 2    Res =  0.3232E+01
 MRCHDU: Convergence failed at  83  side 2    Res =  0.3018E+01
 MRCHDU: Convergence failed at  84  side 2    Res =  0.2539E+01
 MRCHDU: Convergence failed at  85  side 2    Res =  0.2062E+01
 Side 1  free  transition at x/c =  0.9971   75
 Side 2  free  transition at x/c =  0.0558   24

 131   rms: 0.2251E+05   max: -.3062E+06   C at   87  2   RLX: 0.000
       a = -2.000      CL = -2.0541
      Cm =  0.4604     CD =  0.58306   =>   CDf =  0.00201    CDp =  0.58105

 MRCHDU: Convergence failed at  82  side 2    Res =  0.3246E+01
 MRCHDU: Convergence failed at  83  side 2    Res =  0.3031E+01
 MRCHDU: Convergence failed at  84  side 2    Res =  0.2550E+01
 MRCHDU: Convergence failed at  85  side 2    Res =  0.2072E+01
 Side 1  free  transition at x/c =  0.9971   75
 Side 2  free  transition at x/c =  0.0558   24

 132   rms: 0.2263E+05   max: -.3079E+06   C at   87  2   RLX: 0.000
       a = -2.000      CL = -2.0541
      Cm =  0.4604     CD =  0.58323   =>   CDf =  0.00201    CDp =  0.58123

 MRCHDU: Convergence failed at  82  side 2    Res =  0.3260E+01
 MRCHDU: Convergence failed at  83  side 2    Res =  0.3044E+01
 MRCHDU: Convergence failed at  84  side 2    Res =  0.2562E+01
 MRCHDU: Convergence failed at  85  side 2    Res =  0.2081E+01
 Side 1  free  transition at x/c =  0.9971   75
 Side 2  free  transition at x/c =  0.0558   24

 133   rms: 0.2275E+05   max: -.3095E+06   C at   87  2   RLX: 0.000
       a = -2.000      CL = -2.0541
      Cm =  0.4604     CD =  0.58341   =>   CDf =  0.00201    CDp =  0.58140

 MRCHDU: Convergence failed at  82  side 2    Res =  0.3273E+01
 MRCHDU: Convergence failed at  83  side 2    Res =  0.3057E+01
 MRCHDU: Convergence failed at  84  side 2    Res =  0.2573E+01
 MRCHDU: Convergence failed at  85  side 2    Res =  0.2091E+01
 Side 1  free  transition at x/c =  0.9971   75
 Side 2  free  transition at x/c =  0.0558   24

 134   rms: 0.2287E+05   max: -.3112E+06   C at   87  2   RLX: 0.000
       a = -2.000      CL = -2.0541
      Cm =  0.4604     CD =  0.58358   =>   CDf =  0.00201    CDp =  0.58157

 MRCHDU: Convergence failed at  82  side 2    Res =  0.3287E+01
 MRCHDU: Convergence failed at  83  side 2    Res =  0.3070E+01
 MRCHDU: Convergence failed at  84  side 2    Res =  0.2584E+01
 MRCHDU: Convergence failed at  85  side 2    Res =  0.2101E+01
 Side 1  free  transition at x/c =  0.9971   75
 Side 2  free  transition at x/c =  0.0558   24

 135   rms: 0.2299E+05   max: -.3128E+06   C at   87  2   RLX: 0.000
       a = -2.000      CL = -2.0541
      Cm =  0.4604     CD =  0.58376   =>   CDf =  0.00201    CDp =  0.58175

 MRCHDU: Convergence failed at  82  side 2    Res =  0.3301E+01
 MRCHDU: Convergence failed at  83  side 2    Res =  0.3083E+01
 MRCHDU: Convergence failed at  84  side 2    Res =  0.2596E+01
 MRCHDU: Convergence failed at  85  side 2    Res =  0.2111E+01
 Side 1  free  transition at x/c =  0.9971   75
 Side 2  free  transition at x/c =  0.0558   24

 136   rms: 0.2312E+05   max: -.3145E+06   C at   87  2   RLX: 0.000
       a = -2.000      CL = -2.0541
      Cm =  0.4604     CD =  0.58393   =>   CDf =  0.00201    CDp =  0.58192

 MRCHDU: Convergence failed at  82  side 2    Res =  0.3315E+01
 MRCHDU: Convergence failed at  83  side 2    Res =  0.3096E+01
 MRCHDU: Convergence failed at  84  side 2    Res =  0.2607E+01
 MRCHDU: Convergence failed at  85  side 2    Res =  0.2120E+01
 Side 1  free  transition at x/c =  0.9971   75
 Side 2  free  transition at x/c =  0.0558   24

 137   rms: 0.2324E+05   max: -.3162E+06   C at   87  2   RLX: 0.000
       a = -2.000      CL = -2.0541
      Cm =  0.4604     CD =  0.58410   =>   CDf =  0.00201    CDp =  0.58209

 MRCHDU: Convergence failed at  82  side 2    Res =  0.3328E+01
 MRCHDU: Convergence failed at  83  side 2    Res =  0.3109E+01
 MRCHDU: Convergence failed at  84  side 2    Res =  0.2618E+01
 MRCHDU: Convergence failed at  85  side 2    Res =  0.2130E+01
 Side 1  free  transition at x/c =  0.9971   75
 Side 2  free  transition at x/c =  0.0558   24

 138   rms: 0.2336E+05   max: -.3178E+06   C at   87  2   RLX: 0.000
       a = -2.000      CL = -2.0541
      Cm =  0.4604     CD =  0.58427   =>   CDf =  0.00201    CDp =  0.58227

 MRCHDU: Convergence failed at  82  side 2    Res =  0.3342E+01
 MRCHDU: Convergence failed at  83  side 2    Res =  0.3122E+01
 MRCHDU: Convergence failed at  84  side 2    Res =  0.2630E+01
 MRCHDU: Convergence failed at  85  side 2    Res =  0.2140E+01
 Side 1  free  transition at x/c =  0.9971   75
 Side 2  free  transition at x/c =  0.0558   24

 139   rms: 0.2348E+05   max: -.3195E+06   C at   87  2   RLX: 0.000
       a = -2.000      CL = -2.0541
      Cm =  0.4604     CD =  0.58445   =>   CDf =  0.00201    CDp =  0.58244

 MRCHDU: Convergence failed at  82  side 2    Res =  0.3356E+01
 MRCHDU: Convergence failed at  83  side 2    Res =  0.3135E+01
 MRCHDU: Convergence failed at  84  side 2    Res =  0.2641E+01
 MRCHDU: Convergence failed at  85  side 2    Res =  0.2149E+01
 Side 1  free  transition at x/c =  0.9971   75
 Side 2  free  transition at x/c =  0.0558   24

 140   rms: 0.2361E+05   max: -.3212E+06   C at   87  2   RLX: 0.000
       a = -2.000      CL = -2.0541
      Cm =  0.4604     CD =  0.58462   =>   CDf =  0.00201    CDp =  0.58261

 MRCHDU: Convergence failed at  82  side 2    Res =  0.3370E+01
 MRCHDU: Convergence failed at  83  side 2    Res =  0.3148E+01
 MRCHDU: Convergence failed at  84  side 2    Res =  0.2652E+01
 MRCHDU: Convergence failed at  85  side 2    Res =  0.2159E+01
 Side 1  free  transition at x/c =  0.9971   75
 Side 2  free  transition at x/c =  0.0558   24

 141   rms: 0.2373E+05   max: -.3228E+06   C at   87  2   RLX: 0.000
       a = -2.000      CL = -2.0541
      Cm =  0.4604     CD =  0.58479   =>   CDf =  0.00201    CDp =  0.58278

 MRCHDU: Convergence failed at  82  side 2    Res =  0.3383E+01
 MRCHDU: Convergence failed at  83  side 2    Res =  0.3160E+01
 MRCHDU: Convergence failed at  84  side 2    Res =  0.2664E+01
 MRCHDU: Convergence failed at  85  side 2    Res =  0.2169E+01
 Side 1  free  transition at x/c =  0.9971   75
 Side 2  free  transition at x/c =  0.0558   24

 142   rms: 0.2385E+05   max: -.3245E+06   C at   87  2   RLX: 0.000
       a = -2.000      CL = -2.0541
      Cm =  0.4604     CD =  0.58496   =>   CDf =  0.00201    CDp =  0.58295

 MRCHDU: Convergence failed at  82  side 2    Res =  0.3397E+01
 MRCHDU: Convergence failed at  83  side 2    Res =  0.3173E+01
 MRCHDU: Convergence failed at  84  side 2    Res =  0.2675E+01
 MRCHDU: Convergence failed at  85  side 2    Res =  0.2178E+01
 Side 1  free  transition at x/c =  0.9971   75
 Side 2  free  transition at x/c =  0.0558   24

 143   rms: 0.2397E+05   max: -.3262E+06   C at   87  2   RLX: 0.000
       a = -2.000      CL = -2.0541
      Cm =  0.4604     CD =  0.58513   =>   CDf =  0.00201    CDp =  0.58312

 MRCHDU: Convergence failed at  82  side 2    Res =  0.3411E+01
 MRCHDU: Convergence failed at  83  side 2    Res =  0.3186E+01
 MRCHDU: Convergence failed at  84  side 2    Res =  0.2686E+01
 MRCHDU: Convergence failed at  85  side 2    Res =  0.2188E+01
 Side 1  free  transition at x/c =  0.9971   75
 Side 2  free  transition at x/c =  0.0558   24

 144   rms: 0.2410E+05   max: -.3279E+06   C at   87  2   RLX: 0.000
       a = -2.000      CL = -2.0541
      Cm =  0.4604     CD =  0.58530   =>   CDf =  0.00201    CDp =  0.58329

 MRCHDU: Convergence failed at  82  side 2    Res =  0.3424E+01
 MRCHDU: Convergence failed at  83  side 2    Res =  0.3199E+01
 MRCHDU: Convergence failed at  84  side 2    Res =  0.2697E+01
 MRCHDU: Convergence failed at  85  side 2    Res =  0.2198E+01
 Side 1  free  transition at x/c =  0.9971   75
 Side 2  free  transition at x/c =  0.0558   24

 145   rms: 0.2419E+05   max: -.3292E+06   C at   87  2   RLX: 0.000
       a = -2.000      CL = -2.0541
      Cm =  0.4604     CD =  0.58547   =>   CDf =  0.00201    CDp =  0.58346

 MRCHDU: Convergence failed at  82  side 2    Res =  0.3438E+01
 MRCHDU: Convergence failed at  83  side 2    Res =  0.3212E+01
 MRCHDU: Convergence failed at  84  side 2    Res =  0.2709E+01
 MRCHDU: Convergence failed at  85  side 2    Res =  0.2208E+01
 Side 1  free  transition at x/c =  0.9971   75
 Side 2  free  transition at x/c =  0.0558   24

 146   rms: 0.2432E+05   max: -.3308E+06   C at   87  2   RLX: 0.000
       a = -2.000      CL = -2.0541
      Cm =  0.4604     CD =  0.58564   =>   CDf =  0.00201    CDp =  0.58363

 MRCHDU: Convergence failed at  82  side 2    Res =  0.3452E+01
 MRCHDU: Convergence failed at  83  side 2    Res =  0.3225E+01
 MRCHDU: Convergence failed at  84  side 2    Res =  0.2720E+01
 MRCHDU: Convergence failed at  85  side 2    Res =  0.2217E+01
 Side 1  free  transition at x/c =  0.9971   75
 Side 2  free  transition at x/c =  0.0558   24

 147   rms: 0.2444E+05   max: -.3325E+06   C at   87  2   RLX: 0.000
       a = -2.000      CL = -2.0541
      Cm =  0.4604     CD =  0.58581   =>   CDf =  0.00201    CDp =  0.58380

 MRCHDU: Convergence failed at  82  side 2    Res =  0.3466E+01
 MRCHDU: Convergence failed at  83  side 2    Res =  0.3238E+01
 MRCHDU: Convergence failed at  84  side 2    Res =  0.2731E+01
 MRCHDU: Convergence failed at  85  side 2    Res =  0.2227E+01
 Side 1  free  transition at x/c =  0.9971   75
 Side 2  free  transition at x/c =  0.0558   24

 148   rms: 0.2456E+05   max: -.3342E+06   C at   87  2   RLX: 0.000
       a = -2.000      CL = -2.0541
      Cm =  0.4604     CD =  0.58598   =>   CDf =  0.00201    CDp =  0.58397

 MRCHDU: Convergence failed at  82  side 2    Res =  0.3479E+01
 MRCHDU: Convergence failed at  83  side 2    Res =  0.3251E+01
 MRCHDU: Convergence failed at  84  side 2    Res =  0.2743E+01
 MRCHDU: Convergence failed at  85  side 2    Res =  0.2237E+01
 Side 1  free  transition at x/c =  0.9971   75
 Side 2  free  transition at x/c =  0.0558   24

 149   rms: 0.2468E+05   max: -.3358E+06   C at   87  2   RLX: 0.000
       a = -2.000      CL = -2.0541
      Cm =  0.4604     CD =  0.58614   =>   CDf =  0.00201    CDp =  0.58414

 MRCHDU: Convergence failed at  82  side 2    Res =  0.3493E+01
 MRCHDU: Convergence failed at  83  side 2    Res =  0.3264E+01
 MRCHDU: Convergence failed at  84  side 2    Res =  0.2754E+01
 MRCHDU: Convergence failed at  85  side 2    Res =  0.2246E+01
 Side 1  free  transition at x/c =  0.9971   75
 Side 2  free  transition at x/c =  0.0558   24

 150   rms: 0.2481E+05   max: -.3375E+06   C at   87  2   RLX: 0.000
       a = -2.000      CL = -2.0541
      Cm =  0.4604     CD =  0.58631   =>   CDf =  0.00201    CDp =  0.58430

 MRCHDU: Convergence failed at  82  side 2    Res =  0.3507E+01
 MRCHDU: Convergence failed at  83  side 2    Res =  0.3277E+01
 MRCHDU: Convergence failed at  84  side 2    Res =  0.2765E+01
 MRCHDU: Convergence failed at  85  side 2    Res =  0.2256E+01
 Side 1  free  transition at x/c =  0.9971   75
 Side 2  free  transition at x/c =  0.0558   24

 151   rms: 0.2493E+05   max: -.3392E+06   C at   87  2   RLX: 0.000
       a = -2.000      CL = -2.0541
      Cm =  0.4604     CD =  0.58648   =>   CDf =  0.00201    CDp =  0.58447

 MRCHDU: Convergence failed at  82  side 2    Res =  0.3520E+01
 MRCHDU: Convergence failed at  83  side 2    Res =  0.3290E+01
 MRCHDU: Convergence failed at  84  side 2    Res =  0.2777E+01
 MRCHDU: Convergence failed at  85  side 2    Res =  0.2266E+01
 Side 1  free  transition at x/c =  0.9971   75
 Side 2  free  transition at x/c =  0.0558   24

 152   rms: 0.2505E+05   max: -.3409E+06   C at   87  2   RLX: 0.000
       a = -2.000      CL = -2.0540
      Cm =  0.4604     CD =  0.58665   =>   CDf =  0.00201    CDp =  0.58464

 MRCHDU: Convergence failed at  82  side 2    Res =  0.3534E+01
 MRCHDU: Convergence failed at  83  side 2    Res =  0.3303E+01
 MRCHDU: Convergence failed at  84  side 2    Res =  0.2788E+01
 MRCHDU: Convergence failed at  85  side 2    Res =  0.2275E+01
 Side 1  free  transition at x/c =  0.9971   75
 Side 2  free  transition at x/c =  0.0558   24

 153   rms: 0.2518E+05   max: -.3425E+06   C at   87  2   RLX: 0.000
       a = -2.000      CL = -2.0540
      Cm =  0.4604     CD =  0.58681   =>   CDf =  0.00201    CDp =  0.58480

 MRCHDU: Convergence failed at  82  side 2    Res =  0.3548E+01
 MRCHDU: Convergence failed at  83  side 2    Res =  0.3316E+01
 MRCHDU: Convergence failed at  84  side 2    Res =  0.2799E+01
 MRCHDU: Convergence failed at  85  side 2    Res =  0.2285E+01
 Side 1  free  transition at x/c =  0.9971   75
 Side 2  free  transition at x/c =  0.0558   24

 154   rms: 0.2530E+05   max: -.3442E+06   C at   87  2   RLX: 0.000
       a = -2.000      CL = -2.0540
      Cm =  0.4604     CD =  0.58698   =>   CDf =  0.00201    CDp =  0.58497

 MRCHDU: Convergence failed at  82  side 2    Res =  0.3562E+01
 MRCHDU: Convergence failed at  83  side 2    Res =  0.3329E+01
 MRCHDU: Convergence failed at  84  side 2    Res =  0.2810E+01
 MRCHDU: Convergence failed at  85  side 2    Res =  0.2295E+01
 Side 1  free  transition at x/c =  0.9971   75
 Side 2  free  transition at x/c =  0.0558   24

 155   rms: 0.2542E+05   max: -.3459E+06   C at   87  2   RLX: 0.000
       a = -2.000      CL = -2.0540
      Cm =  0.4604     CD =  0.58714   =>   CDf =  0.00201    CDp =  0.58514

 MRCHDU: Convergence failed at  82  side 2    Res =  0.3575E+01
 MRCHDU: Convergence failed at  83  side 2    Res =  0.3342E+01
 MRCHDU: Convergence failed at  84  side 2    Res =  0.2822E+01
 MRCHDU: Convergence failed at  85  side 2    Res =  0.2304E+01
 Side 1  free  transition at x/c =  0.9971   75
 Side 2  free  transition at x/c =  0.0558   24

 156   rms: 0.2555E+05   max: -.3476E+06   C at   87  2   RLX: 0.000
       a = -2.000      CL = -2.0540
      Cm =  0.4604     CD =  0.58731   =>   CDf =  0.00201    CDp =  0.58530

 MRCHDU: Convergence failed at  82  side 2    Res =  0.3589E+01
 MRCHDU: Convergence failed at  83  side 2    Res =  0.3355E+01
 MRCHDU: Convergence failed at  84  side 2    Res =  0.2833E+01
 MRCHDU: Convergence failed at  85  side 2    Res =  0.2314E+01
 Side 1  free  transition at x/c =  0.9971   75
 Side 2  free  transition at x/c =  0.0558   24

 157   rms: 0.2567E+05   max: -.3492E+06   C at   87  2   RLX: 0.000
       a = -2.000      CL = -2.0540
      Cm =  0.4604     CD =  0.58747   =>   CDf =  0.00201    CDp =  0.58547

 MRCHDU: Convergence failed at  82  side 2    Res =  0.3603E+01
 MRCHDU: Convergence failed at  83  side 2    Res =  0.3367E+01
 MRCHDU: Convergence failed at  84  side 2    Res =  0.2844E+01
 MRCHDU: Convergence failed at  85  side 2    Res =  0.2324E+01
 Side 1  free  transition at x/c =  0.9971   75
 Side 2  free  transition at x/c =  0.0558   24

 158   rms: 0.2579E+05   max: -.3509E+06   C at   87  2   RLX: 0.000
       a = -2.000      CL = -2.0540
      Cm =  0.4604     CD =  0.58764   =>   CDf =  0.00201    CDp =  0.58563

 MRCHDU: Convergence failed at  82  side 2    Res =  0.3616E+01
 MRCHDU: Convergence failed at  83  side 2    Res =  0.3380E+01
 MRCHDU: Convergence failed at  84  side 2    Res =  0.2856E+01
 MRCHDU: Convergence failed at  85  side 2    Res =  0.2334E+01
 Side 1  free  transition at x/c =  0.9971   75
 Side 2  free  transition at x/c =  0.0558   24

 159   rms: 0.2592E+05   max: -.3526E+06   C at   87  2   RLX: 0.000
       a = -2.000      CL = -2.0540
      Cm =  0.4604     CD =  0.58780   =>   CDf =  0.00201    CDp =  0.58580

 MRCHDU: Convergence failed at  82  side 2    Res =  0.3630E+01
 MRCHDU: Convergence failed at  83  side 2    Res =  0.3393E+01
 MRCHDU: Convergence failed at  84  side 2    Res =  0.2867E+01
 MRCHDU: Convergence failed at  85  side 2    Res =  0.2343E+01
 Side 1  free  transition at x/c =  0.9971   75
 Side 2  free  transition at x/c =  0.0558   24

 160   rms: 0.2604E+05   max: -.3543E+06   C at   87  2   RLX: 0.000
       a = -2.000      CL = -2.0540
      Cm =  0.4604     CD =  0.58797   =>   CDf =  0.00201    CDp =  0.58596

 MRCHDU: Convergence failed at  82  side 2    Res =  0.3644E+01
 MRCHDU: Convergence failed at  83  side 2    Res =  0.3406E+01
 MRCHDU: Convergence failed at  84  side 2    Res =  0.2878E+01
 MRCHDU: Convergence failed at  85  side 2    Res =  0.2353E+01
 Side 1  free  transition at x/c =  0.9971   75
 Side 2  free  transition at x/c =  0.0558   24

 161   rms: 0.2616E+05   max: -.3560E+06   C at   87  2   RLX: 0.000
       a = -2.000      CL = -2.0540
      Cm =  0.4604     CD =  0.58813   =>   CDf =  0.00201    CDp =  0.58612

 MRCHDU: Convergence failed at  82  side 2    Res =  0.3658E+01
 MRCHDU: Convergence failed at  83  side 2    Res =  0.3419E+01
 MRCHDU: Convergence failed at  84  side 2    Res =  0.2889E+01
 MRCHDU: Convergence failed at  85  side 2    Res =  0.2363E+01
 Side 1  free  transition at x/c =  0.9971   75
 Side 2  free  transition at x/c =  0.0558   24

 162   rms: 0.2629E+05   max: -.3576E+06   C at   87  2   RLX: 0.000
       a = -2.000      CL = -2.0540
      Cm =  0.4604     CD =  0.58830   =>   CDf =  0.00201    CDp =  0.58629

 MRCHDU: Convergence failed at  82  side 2    Res =  0.3671E+01
 MRCHDU: Convergence failed at  83  side 2    Res =  0.3432E+01
 MRCHDU: Convergence failed at  84  side 2    Res =  0.2901E+01
 MRCHDU: Convergence failed at  85  side 2    Res =  0.2372E+01
 Side 1  free  transition at x/c =  0.9971   75
 Side 2  free  transition at x/c =  0.0558   24

 163   rms: 0.2641E+05   max: -.3593E+06   C at   87  2   RLX: 0.000
       a = -2.000      CL = -2.0540
      Cm =  0.4604     CD =  0.58846   =>   CDf =  0.00201    CDp =  0.58645

 MRCHDU: Convergence failed at  82  side 2    Res =  0.3685E+01
 MRCHDU: Convergence failed at  83  side 2    Res =  0.3445E+01
 MRCHDU: Convergence failed at  84  side 2    Res =  0.2912E+01
 MRCHDU: Convergence failed at  85  side 2    Res =  0.2382E+01
 Side 1  free  transition at x/c =  0.9971   75
 Side 2  free  transition at x/c =  0.0558   24

 164   rms: 0.2653E+05   max: -.3610E+06   C at   87  2   RLX: 0.000
       a = -2.000      CL = -2.0540
      Cm =  0.4604     CD =  0.58862   =>   CDf =  0.00201    CDp =  0.58661

 MRCHDU: Convergence failed at  82  side 2    Res =  0.3699E+01
 MRCHDU: Convergence failed at  83  side 2    Res =  0.3458E+01
 MRCHDU: Convergence failed at  84  side 2    Res =  0.2923E+01
 MRCHDU: Convergence failed at  85  side 2    Res =  0.2392E+01
 Side 1  free  transition at x/c =  0.9971   75
 Side 2  free  transition at x/c =  0.0558   24

 165   rms: 0.2666E+05   max: -.3627E+06   C at   87  2   RLX: 0.000
       a = -2.000      CL = -2.0540
      Cm =  0.4604     CD =  0.58878   =>   CDf =  0.00201    CDp =  0.58678

 MRCHDU: Convergence failed at  82  side 2    Res =  0.3712E+01
 MRCHDU: Convergence failed at  83  side 2    Res =  0.3471E+01
 MRCHDU: Convergence failed at  84  side 2    Res =  0.2935E+01
 MRCHDU: Convergence failed at  85  side 2    Res =  0.2401E+01
 Side 1  free  transition at x/c =  0.9971   75
 Side 2  free  transition at x/c =  0.0558   24

 166   rms: 0.2678E+05   max: -.3644E+06   C at   87  2   RLX: 0.000
       a = -2.000      CL = -2.0540
      Cm =  0.4604     CD =  0.58895   =>   CDf =  0.00201    CDp =  0.58694

 MRCHDU: Convergence failed at  82  side 2    Res =  0.3726E+01
 MRCHDU: Convergence failed at  83  side 2    Res =  0.3484E+01
 MRCHDU: Convergence failed at  84  side 2    Res =  0.2946E+01
 MRCHDU: Convergence failed at  85  side 2    Res =  0.2411E+01
 Side 1  free  transition at x/c =  0.9971   75
 Side 2  free  transition at x/c =  0.0558   24

 167   rms: 0.2691E+05   max: -.3661E+06   C at   87  2   RLX: 0.000
       a = -2.000      CL = -2.0540
      Cm =  0.4604     CD =  0.58911   =>   CDf =  0.00201    CDp =  0.58710

 MRCHDU: Convergence failed at  82  side 2    Res =  0.3740E+01
 MRCHDU: Convergence failed at  83  side 2    Res =  0.3497E+01
 MRCHDU: Convergence failed at  84  side 2    Res =  0.2957E+01
 MRCHDU: Convergence failed at  85  side 2    Res =  0.2421E+01
 Side 1  free  transition at x/c =  0.9971   75
 Side 2  free  transition at x/c =  0.0558   24

 168   rms: 0.2703E+05   max: -.3678E+06   C at   87  2   RLX: 0.000
       a = -2.000      CL = -2.0540
      Cm =  0.4604     CD =  0.58927   =>   CDf =  0.00201    CDp =  0.58726

 MRCHDU: Convergence failed at  82  side 2    Res =  0.3754E+01
 MRCHDU: Convergence failed at  83  side 2    Res =  0.3510E+01
 MRCHDU: Convergence failed at  84  side 2    Res =  0.2968E+01
 MRCHDU: Convergence failed at  85  side 2    Res =  0.2430E+01
 Side 1  free  transition at x/c =  0.9971   75
 Side 2  free  transition at x/c =  0.0558   24

 169   rms: 0.2715E+05   max: -.3694E+06   C at   87  2   RLX: 0.000
       a = -2.000      CL = -2.0540
      Cm =  0.4604     CD =  0.58943   =>   CDf =  0.00201    CDp =  0.58742

 MRCHDU: Convergence failed at  82  side 2    Res =  0.3767E+01
 MRCHDU: Convergence failed at  83  side 2    Res =  0.3523E+01
 MRCHDU: Convergence failed at  84  side 2    Res =  0.2980E+01
 MRCHDU: Convergence failed at  85  side 2    Res =  0.2440E+01
 Side 1  free  transition at x/c =  0.9971   75
 Side 2  free  transition at x/c =  0.0558   24

 170   rms: 0.2728E+05   max: -.3711E+06   C at   87  2   RLX: 0.000
       a = -2.000      CL = -2.0540
      Cm =  0.4604     CD =  0.58959   =>   CDf =  0.00201    CDp =  0.58758

 MRCHDU: Convergence failed at  82  side 2    Res =  0.3781E+01
 MRCHDU: Convergence failed at  83  side 2    Res =  0.3536E+01
 MRCHDU: Convergence failed at  84  side 2    Res =  0.2991E+01
 MRCHDU: Convergence failed at  85  side 2    Res =  0.2450E+01
 Side 1  free  transition at x/c =  0.9971   75
 Side 2  free  transition at x/c =  0.0558   24

 171   rms: 0.2740E+05   max: -.3728E+06   C at   87  2   RLX: 0.000
       a = -2.000      CL = -2.0540
      Cm =  0.4604     CD =  0.58975   =>   CDf =  0.00201    CDp =  0.58774

 MRCHDU: Convergence failed at  82  side 2    Res =  0.3795E+01
 MRCHDU: Convergence failed at  83  side 2    Res =  0.3548E+01
 MRCHDU: Convergence failed at  84  side 2    Res =  0.3002E+01
 MRCHDU: Convergence failed at  85  side 2    Res =  0.2459E+01
 Side 1  free  transition at x/c =  0.9971   75
 Side 2  free  transition at x/c =  0.0558   24

 172   rms: 0.2753E+05   max: -.3745E+06   C at   87  2   RLX: 0.000
       a = -2.000      CL = -2.0540
      Cm =  0.4604     CD =  0.58991   =>   CDf =  0.00201    CDp =  0.58790

 MRCHDU: Convergence failed at  82  side 2    Res =  0.3808E+01
 MRCHDU: Convergence failed at  83  side 2    Res =  0.3561E+01
 MRCHDU: Convergence failed at  84  side 2    Res =  0.3014E+01
 MRCHDU: Convergence failed at  85  side 2    Res =  0.2469E+01
 Side 1  free  transition at x/c =  0.9971   75
 Side 2  free  transition at x/c =  0.0558   24

 173   rms: 0.2765E+05   max: -.3762E+06   C at   87  2   RLX: 0.000
       a = -2.000      CL = -2.0540
      Cm =  0.4604     CD =  0.59007   =>   CDf =  0.00201    CDp =  0.58806

 MRCHDU: Convergence failed at  82  side 2    Res =  0.3822E+01
 MRCHDU: Convergence failed at  83  side 2    Res =  0.3574E+01
 MRCHDU: Convergence failed at  84  side 2    Res =  0.3025E+01
 MRCHDU: Convergence failed at  85  side 2    Res =  0.2478E+01
 Side 1  free  transition at x/c =  0.9971   75
 Side 2  free  transition at x/c =  0.0558   24

 174   rms: 0.2777E+05   max: -.3779E+06   C at   87  2   RLX: 0.000
       a = -2.000      CL = -2.0540
      Cm =  0.4604     CD =  0.59023   =>   CDf =  0.00201    CDp =  0.58822

 MRCHDU: Convergence failed at  82  side 2    Res =  0.3836E+01
 MRCHDU: Convergence failed at  83  side 2    Res =  0.3587E+01
 MRCHDU: Convergence failed at  84  side 2    Res =  0.3036E+01
 MRCHDU: Convergence failed at  85  side 2    Res =  0.2488E+01
 Side 1  free  transition at x/c =  0.9971   75
 Side 2  free  transition at x/c =  0.0558   24

 175   rms: 0.2790E+05   max: -.3796E+06   C at   87  2   RLX: 0.000
       a = -2.000      CL = -2.0540
      Cm =  0.4604     CD =  0.59039   =>   CDf =  0.00201    CDp =  0.58838

 MRCHDU: Convergence failed at  82  side 2    Res =  0.3850E+01
 MRCHDU: Convergence failed at  83  side 2    Res =  0.3600E+01
 MRCHDU: Convergence failed at  84  side 2    Res =  0.3047E+01
 MRCHDU: Convergence failed at  85  side 2    Res =  0.2498E+01
 Side 1  free  transition at x/c =  0.9971   75
 Side 2  free  transition at x/c =  0.0558   24

 176   rms: 0.2802E+05   max: -.3812E+06   C at   87  2   RLX: 0.000
       a = -2.000      CL = -2.0539
      Cm =  0.4604     CD =  0.59055   =>   CDf =  0.00201    CDp =  0.58854

 MRCHDU: Convergence failed at  82  side 2    Res =  0.3863E+01
 MRCHDU: Convergence failed at  83  side 2    Res =  0.3613E+01
 MRCHDU: Convergence failed at  84  side 2    Res =  0.3059E+01
 MRCHDU: Convergence failed at  85  side 2    Res =  0.2507E+01
 Side 1  free  transition at x/c =  0.9971   75
 Side 2  free  transition at x/c =  0.0558   24

 177   rms: 0.2815E+05   max: -.3829E+06   C at   87  2   RLX: 0.000
       a = -2.000      CL = -2.0539
      Cm =  0.4604     CD =  0.59071   =>   CDf =  0.00201    CDp =  0.58870

 MRCHDU: Convergence failed at  82  side 2    Res =  0.3877E+01
 MRCHDU: Convergence failed at  83  side 2    Res =  0.3626E+01
 MRCHDU: Convergence failed at  84  side 2    Res =  0.3070E+01
 MRCHDU: Convergence failed at  85  side 2    Res =  0.2517E+01
 Side 1  free  transition at x/c =  0.9971   75
 Side 2  free  transition at x/c =  0.0558   24

 178   rms: 0.2827E+05   max: -.3846E+06   C at   87  2   RLX: 0.000
       a = -2.000      CL = -2.0539
      Cm =  0.4604     CD =  0.59087   =>   CDf =  0.00201    CDp =  0.58886

 MRCHDU: Convergence failed at  82  side 2    Res =  0.3891E+01
 MRCHDU: Convergence failed at  83  side 2    Res =  0.3639E+01
 MRCHDU: Convergence failed at  84  side 2    Res =  0.3081E+01
 MRCHDU: Convergence failed at  85  side 2    Res =  0.2527E+01
 Side 1  free  transition at x/c =  0.9971   75
 Side 2  free  transition at x/c =  0.0558   24

 179   rms: 0.2839E+05   max: -.3863E+06   C at   87  2   RLX: 0.000
       a = -2.000      CL = -2.0539
      Cm =  0.4604     CD =  0.59102   =>   CDf =  0.00201    CDp =  0.58902

 MRCHDU: Convergence failed at  82  side 2    Res =  0.3904E+01
 MRCHDU: Convergence failed at  83  side 2    Res =  0.3652E+01
 MRCHDU: Convergence failed at  84  side 2    Res =  0.3092E+01
 MRCHDU: Convergence failed at  85  side 2    Res =  0.2536E+01
 Side 1  free  transition at x/c =  0.9971   75
 Side 2  free  transition at x/c =  0.0558   24

 180   rms: 0.2852E+05   max: -.3880E+06   C at   87  2   RLX: 0.000
       a = -2.000      CL = -2.0539
      Cm =  0.4604     CD =  0.59118   =>   CDf =  0.00201    CDp =  0.58917

 MRCHDU: Convergence failed at  82  side 2    Res =  0.3918E+01
 MRCHDU: Convergence failed at  83  side 2    Res =  0.3665E+01
 MRCHDU: Convergence failed at  84  side 2    Res =  0.3104E+01
 MRCHDU: Convergence failed at  85  side 2    Res =  0.2546E+01
 Side 1  free  transition at x/c =  0.9971   75
 Side 2  free  transition at x/c =  0.0558   24

 181   rms: 0.2864E+05   max: -.3897E+06   C at   87  2   RLX: 0.000
       a = -2.000      CL = -2.0539
      Cm =  0.4604     CD =  0.59134   =>   CDf =  0.00201    CDp =  0.58933

 MRCHDU: Convergence failed at  82  side 2    Res =  0.3932E+01
 MRCHDU: Convergence failed at  83  side 2    Res =  0.3678E+01
 MRCHDU: Convergence failed at  84  side 2    Res =  0.3115E+01
 MRCHDU: Convergence failed at  85  side 2    Res =  0.2556E+01
 Side 1  free  transition at x/c =  0.9971   75
 Side 2  free  transition at x/c =  0.0558   24

 182   rms: 0.2877E+05   max: -.3914E+06   C at   87  2   RLX: 0.000
       a = -2.000      CL = -2.0539
      Cm =  0.4604     CD =  0.59150   =>   CDf =  0.00201    CDp =  0.58949

 MRCHDU: Convergence failed at  82  side 2    Res =  0.3945E+01
 MRCHDU: Convergence failed at  83  side 2    Res =  0.3691E+01
 MRCHDU: Convergence failed at  84  side 2    Res =  0.3126E+01
 MRCHDU: Convergence failed at  85  side 2    Res =  0.2565E+01
 Side 1  free  transition at x/c =  0.9971   75
 Side 2  free  transition at x/c =  0.0558   24

 183   rms: 0.2889E+05   max: -.3931E+06   C at   87  2   RLX: 0.000
       a = -2.000      CL = -2.0539
      Cm =  0.4603     CD =  0.59165   =>   CDf =  0.00201    CDp =  0.58964

 MRCHDU: Convergence failed at  82  side 2    Res =  0.3959E+01
 MRCHDU: Convergence failed at  83  side 2    Res =  0.3703E+01
 MRCHDU: Convergence failed at  84  side 2    Res =  0.3137E+01
 MRCHDU: Convergence failed at  85  side 2    Res =  0.2575E+01
 Side 1  free  transition at x/c =  0.9971   75
 Side 2  free  transition at x/c =  0.0558   24

 184   rms: 0.2901E+05   max: -.3947E+06   C at   87  2   RLX: 0.000
       a = -2.000      CL = -2.0539
      Cm =  0.4603     CD =  0.59181   =>   CDf =  0.00201    CDp =  0.58980

 MRCHDU: Convergence failed at  82  side 2    Res =  0.3973E+01
 MRCHDU: Convergence failed at  83  side 2    Res =  0.3716E+01
 MRCHDU: Convergence failed at  84  side 2    Res =  0.3149E+01
 MRCHDU: Convergence failed at  85  side 2    Res =  0.2585E+01
 Side 1  free  transition at x/c =  0.9971   75
 Side 2  free  transition at x/c =  0.0558   24

 185   rms: 0.2914E+05   max: -.3964E+06   C at   87  2   RLX: 0.000
       a = -2.000      CL = -2.0539
      Cm =  0.4603     CD =  0.59197   =>   CDf =  0.00201    CDp =  0.58996

 MRCHDU: Convergence failed at  82  side 2    Res =  0.3987E+01
 MRCHDU: Convergence failed at  83  side 2    Res =  0.3729E+01
 MRCHDU: Convergence failed at  84  side 2    Res =  0.3160E+01
 MRCHDU: Convergence failed at  85  side 2    Res =  0.2594E+01
 Side 1  free  transition at x/c =  0.9971   75
 Side 2  free  transition at x/c =  0.0558   24

 186   rms: 0.2926E+05   max: -.3981E+06   C at   87  2   RLX: 0.000
       a = -2.000      CL = -2.0539
      Cm =  0.4603     CD =  0.59212   =>   CDf =  0.00201    CDp =  0.59011

 MRCHDU: Convergence failed at  82  side 2    Res =  0.4000E+01
 MRCHDU: Convergence failed at  83  side 2    Res =  0.3742E+01
 MRCHDU: Convergence failed at  84  side 2    Res =  0.3171E+01
 MRCHDU: Convergence failed at  85  side 2    Res =  0.2604E+01
 Side 1  free  transition at x/c =  0.9971   75
 Side 2  free  transition at x/c =  0.0558   24

 187   rms: 0.2939E+05   max: -.3998E+06   C at   87  2   RLX: 0.000
       a = -2.000      CL = -2.0539
      Cm =  0.4603     CD =  0.59228   =>   CDf =  0.00201    CDp =  0.59027

 MRCHDU: Convergence failed at  82  side 2    Res =  0.4014E+01
 MRCHDU: Convergence failed at  83  side 2    Res =  0.3755E+01
 MRCHDU: Convergence failed at  84  side 2    Res =  0.3183E+01
 MRCHDU: Convergence failed at  85  side 2    Res =  0.2614E+01
 Side 1  free  transition at x/c =  0.9971   75
 Side 2  free  transition at x/c =  0.0558   24

 188   rms: 0.2951E+05   max: -.4015E+06   C at   87  2   RLX: 0.000
       a = -2.000      CL = -2.0539
      Cm =  0.4603     CD =  0.59243   =>   CDf =  0.00201    CDp =  0.59042

 MRCHDU: Convergence failed at  82  side 2    Res =  0.4028E+01
 MRCHDU: Convergence failed at  83  side 2    Res =  0.3768E+01
 MRCHDU: Convergence failed at  84  side 2    Res =  0.3194E+01
 MRCHDU: Convergence failed at  85  side 2    Res =  0.2623E+01
 Side 1  free  transition at x/c =  0.9971   75
 Side 2  free  transition at x/c =  0.0558   24

 189   rms: 0.2963E+05   max: -.4032E+06   C at   87  2   RLX: 0.000
       a = -2.000      CL = -2.0539
      Cm =  0.4603     CD =  0.59259   =>   CDf =  0.00201    CDp =  0.59058

 MRCHDU: Convergence failed at  82  side 2    Res =  0.4041E+01
 MRCHDU: Convergence failed at  83  side 2    Res =  0.3781E+01
 MRCHDU: Convergence failed at  84  side 2    Res =  0.3205E+01
 MRCHDU: Convergence failed at  85  side 2    Res =  0.2633E+01
 Side 1  free  transition at x/c =  0.9971   75
 Side 2  free  transition at x/c =  0.0558   24

 190   rms: 0.2976E+05   max: -.4049E+06   C at   87  2   RLX: 0.000
       a = -2.000      CL = -2.0539
      Cm =  0.4603     CD =  0.59274   =>   CDf =  0.00201    CDp =  0.59074

 MRCHDU: Convergence failed at  82  side 2    Res =  0.4055E+01
 MRCHDU: Convergence failed at  83  side 2    Res =  0.3794E+01
 MRCHDU: Convergence failed at  84  side 2    Res =  0.3216E+01
 MRCHDU: Convergence failed at  85  side 2    Res =  0.2642E+01
 Side 1  free  transition at x/c =  0.9971   75
 Side 2  free  transition at x/c =  0.0558   24

 191   rms: 0.2988E+05   max: -.4065E+06   C at   87  2   RLX: 0.000
       a = -2.000      CL = -2.0539
      Cm =  0.4603     CD =  0.59290   =>   CDf =  0.00201    CDp =  0.59089

 MRCHDU: Convergence failed at  82  side 2    Res =  0.4069E+01
 MRCHDU: Convergence failed at  83  side 2    Res =  0.3807E+01
 MRCHDU: Convergence failed at  84  side 2    Res =  0.3228E+01
 MRCHDU: Convergence failed at  85  side 2    Res =  0.2652E+01
 Side 1  free  transition at x/c =  0.9971   75
 Side 2  free  transition at x/c =  0.0558   24

 192   rms: 0.3001E+05   max: -.4082E+06   C at   87  2   RLX: 0.000
       a = -2.000      CL = -2.0539
      Cm =  0.4603     CD =  0.59305   =>   CDf =  0.00201    CDp =  0.59104

 MRCHDU: Convergence failed at  82  side 2    Res =  0.4083E+01
 MRCHDU: Convergence failed at  83  side 2    Res =  0.3820E+01
 MRCHDU: Convergence failed at  84  side 2    Res =  0.3239E+01
 MRCHDU: Convergence failed at  85  side 2    Res =  0.2662E+01
 Side 1  free  transition at x/c =  0.9971   75
 Side 2  free  transition at x/c =  0.0558   24

 193   rms: 0.3013E+05   max: -.4099E+06   C at   87  2   RLX: 0.000
       a = -2.000      CL = -2.0539
      Cm =  0.4603     CD =  0.59321   =>   CDf =  0.00201    CDp =  0.59120

 MRCHDU: Convergence failed at  82  side 2    Res =  0.4096E+01
 MRCHDU: Convergence failed at  83  side 2    Res =  0.3832E+01
 MRCHDU: Convergence failed at  84  side 2    Res =  0.3250E+01
 MRCHDU: Convergence failed at  85  side 2    Res =  0.2671E+01
 Side 1  free  transition at x/c =  0.9971   75
 Side 2  free  transition at x/c =  0.0558   24

 194   rms: 0.3025E+05   max: -.4116E+06   C at   87  2   RLX: 0.000
       a = -2.000      CL = -2.0539
      Cm =  0.4603     CD =  0.59336   =>   CDf =  0.00201    CDp =  0.59135

 MRCHDU: Convergence failed at  82  side 2    Res =  0.4110E+01
 MRCHDU: Convergence failed at  83  side 2    Res =  0.3845E+01
 MRCHDU: Convergence failed at  84  side 2    Res =  0.3261E+01
 MRCHDU: Convergence failed at  85  side 2    Res =  0.2681E+01
 Side 1  free  transition at x/c =  0.9971   75
 Side 2  free  transition at x/c =  0.0558   24

 195   rms: 0.3038E+05   max: -.4133E+06   C at   87  2   RLX: 0.000
       a = -2.000      CL = -2.0539
      Cm =  0.4603     CD =  0.59351   =>   CDf =  0.00201    CDp =  0.59151

 MRCHDU: Convergence failed at  82  side 2    Res =  0.4124E+01
 MRCHDU: Convergence failed at  83  side 2    Res =  0.3858E+01
 MRCHDU: Convergence failed at  84  side 2    Res =  0.3273E+01
 MRCHDU: Convergence failed at  85  side 2    Res =  0.2691E+01
 Side 1  free  transition at x/c =  0.9971   75
 Side 2  free  transition at x/c =  0.0558   24

 196   rms: 0.3050E+05   max: -.4150E+06   C at   87  2   RLX: 0.000
       a = -2.000      CL = -2.0539
      Cm =  0.4603     CD =  0.59367   =>   CDf =  0.00201    CDp =  0.59166

 MRCHDU: Convergence failed at  82  side 2    Res =  0.4137E+01
 MRCHDU: Convergence failed at  83  side 2    Res =  0.3871E+01
 MRCHDU: Convergence failed at  84  side 2    Res =  0.3284E+01
 MRCHDU: Convergence failed at  85  side 2    Res =  0.2700E+01
 Side 1  free  transition at x/c =  0.9971   75
 Side 2  free  transition at x/c =  0.0558   24

 197   rms: 0.3064E+05   max: -.4168E+06   C at   87  2   RLX: 0.000
       a = -2.000      CL = -2.0539
      Cm =  0.4603     CD =  0.59382   =>   CDf =  0.00201    CDp =  0.59181

 MRCHDU: Convergence failed at  82  side 2    Res =  0.4151E+01
 MRCHDU: Convergence failed at  83  side 2    Res =  0.3884E+01
 MRCHDU: Convergence failed at  84  side 2    Res =  0.3295E+01
 MRCHDU: Convergence failed at  85  side 2    Res =  0.2710E+01
 Side 1  free  transition at x/c =  0.9971   75
 Side 2  free  transition at x/c =  0.0558   24

 198   rms: 0.3076E+05   max: -.4185E+06   C at   87  2   RLX: 0.000
       a = -2.000      CL = -2.0539
      Cm =  0.4603     CD =  0.59397   =>   CDf =  0.00201    CDp =  0.59196

 MRCHDU: Convergence failed at  82  side 2    Res =  0.4165E+01
 MRCHDU: Convergence failed at  83  side 2    Res =  0.3897E+01
 MRCHDU: Convergence failed at  84  side 2    Res =  0.3306E+01
 MRCHDU: Convergence failed at  85  side 2    Res =  0.2719E+01
 Side 1  free  transition at x/c =  0.9971   75
 Side 2  free  transition at x/c =  0.0558   24

 199   rms: 0.3088E+05   max: -.4202E+06   C at   87  2   RLX: 0.000
       a = -2.000      CL = -2.0539
      Cm =  0.4603     CD =  0.59413   =>   CDf =  0.00201    CDp =  0.59212

 MRCHDU: Convergence failed at  82  side 2    Res =  0.4178E+01
 MRCHDU: Convergence failed at  83  side 2    Res =  0.3910E+01
 MRCHDU: Convergence failed at  84  side 2    Res =  0.3317E+01
 MRCHDU: Convergence failed at  85  side 2    Res =  0.2729E+01
 Side 1  free  transition at x/c =  0.9971   75
 Side 2  free  transition at x/c =  0.0558   24

 200   rms: 0.3101E+05   max: -.4219E+06   C at   87  2   RLX: 0.000
       a = -2.000      CL = -2.0539
      Cm =  0.4603     CD =  0.59428   =>   CDf =  0.00201    CDp =  0.59227

 MRCHDU: Convergence failed at  82  side 2    Res =  0.4192E+01
 MRCHDU: Convergence failed at  83  side 2    Res =  0.3923E+01
 MRCHDU: Convergence failed at  84  side 2    Res =  0.3329E+01
 MRCHDU: Convergence failed at  85  side 2    Res =  0.2739E+01
 Side 1  free  transition at x/c =  0.9971   75
 Side 2  free  transition at x/c =  0.0558   24

 201   rms: 0.3113E+05   max: -.4236E+06   C at   87  2   RLX: 0.000
       a = -2.000      CL = -2.0539
      Cm =  0.4603     CD =  0.59443   =>   CDf =  0.00201    CDp =  0.59242

 MRCHDU: Convergence failed at  82  side 2    Res =  0.4206E+01
 MRCHDU: Convergence failed at  83  side 2    Res =  0.3936E+01
 MRCHDU: Convergence failed at  84  side 2    Res =  0.3340E+01
 MRCHDU: Convergence failed at  85  side 2    Res =  0.2748E+01
 Side 1  free  transition at x/c =  0.9971   75
 Side 2  free  transition at x/c =  0.0558   24

 202   rms: 0.3126E+05   max: -.4253E+06   C at   87  2   RLX: 0.000
       a = -2.000      CL = -2.0538
      Cm =  0.4603     CD =  0.59458   =>   CDf =  0.00201    CDp =  0.59257

 MRCHDU: Convergence failed at  82  side 2    Res =  0.4220E+01
 MRCHDU: Convergence failed at  83  side 2    Res =  0.3949E+01
 MRCHDU: Convergence failed at  84  side 2    Res =  0.3351E+01
 MRCHDU: Convergence failed at  85  side 2    Res =  0.2758E+01
 Side 1  free  transition at x/c =  0.9971   75
 Side 2  free  transition at x/c =  0.0558   24

 203   rms: 0.3138E+05   max: -.4270E+06   C at   87  2   RLX: 0.000
       a = -2.000      CL = -2.0538
      Cm =  0.4603     CD =  0.59473   =>   CDf =  0.00201    CDp =  0.59272

 MRCHDU: Convergence failed at  82  side 2    Res =  0.4233E+01
 MRCHDU: Convergence failed at  83  side 2    Res =  0.3961E+01
 MRCHDU: Convergence failed at  84  side 2    Res =  0.3362E+01
 MRCHDU: Convergence failed at  85  side 2    Res =  0.2768E+01
 Side 1  free  transition at x/c =  0.9971   75
 Side 2  free  transition at x/c =  0.0558   24

 204   rms: 0.3150E+05   max: -.4287E+06   C at   87  2   RLX: 0.000
       a = -2.000      CL = -2.0538
      Cm =  0.4603     CD =  0.59488   =>   CDf =  0.00201    CDp =  0.59288

 MRCHDU: Convergence failed at  82  side 2    Res =  0.4247E+01
 MRCHDU: Convergence failed at  83  side 2    Res =  0.3974E+01
 MRCHDU: Convergence failed at  84  side 2    Res =  0.3374E+01
 MRCHDU: Convergence failed at  85  side 2    Res =  0.2777E+01
 Side 1  free  transition at x/c =  0.9971   75
 Side 2  free  transition at x/c =  0.0558   24

 205   rms: 0.3163E+05   max: -.4303E+06   C at   87  2   RLX: 0.000
       a = -2.000      CL = -2.0538
      Cm =  0.4603     CD =  0.59504   =>   CDf =  0.00201    CDp =  0.59303
 VISCAL:  Convergence failed
      9.000   24.9214   0.595035   0.001871   0.000000  -0.001871    0.9971     #
 Calculating wake trajectory ...
 Calculating source influence matrix ...

 Solving BL system ...

 MRCHDU: Convergence failed at  82  side 2    Res =  0.4261E+01
 MRCHDU: Convergence failed at  83  side 2    Res =  0.3987E+01
 MRCHDU: Convergence failed at  84  side 2    Res =  0.3385E+01
 MRCHDU: Convergence failed at  85  side 2    Res =  0.2787E+01
 Side 1  free  transition at x/c =  0.9971   75
 Side 2  free  transition at x/c =  0.0558   24

   1   rms: 0.3397E+05   max: -.4622E+06   C at   87  2   RLX: 0.000
       a = -3.000      CL = -2.0514
      Cm =  0.4603     CD =  0.59519   =>   CDf =  0.00201    CDp =  0.59317

 MRCHDU: Convergence failed at  82  side 2    Res =  0.4274E+01
 MRCHDU: Convergence failed at  83  side 2    Res =  0.4000E+01
 MRCHDU: Convergence failed at  84  side 2    Res =  0.3396E+01
 MRCHDU: Convergence failed at  85  side 2    Res =  0.2796E+01
 Side 1  free  transition at x/c =  0.9971   75
 Side 2  free  transition at x/c =  0.0558   24

   2   rms: 0.3410E+05   max: -.4640E+06   C at   87  2   RLX: 0.000
       a = -3.000      CL = -2.0514
      Cm =  0.4603     CD =  0.59534   =>   CDf =  0.00201    CDp =  0.59333

 MRCHDU: Convergence failed at  82  side 2    Res =  0.4288E+01
 MRCHDU: Convergence failed at  83  side 2    Res =  0.4013E+01
 MRCHDU: Convergence failed at  84  side 2    Res =  0.3407E+01
 MRCHDU: Convergence failed at  85  side 2    Res =  0.2806E+01
 Side 1  free  transition at x/c =  0.9971   75
 Side 2  free  transition at x/c =  0.0558   24

   3   rms: 0.3424E+05   max: -.4658E+06   C at   87  2   RLX: 0.000
       a = -3.000      CL = -2.0514
      Cm =  0.4603     CD =  0.59549   =>   CDf =  0.00201    CDp =  0.59348

 MRCHDU: Convergence failed at  82  side 2    Res =  0.4302E+01
 MRCHDU: Convergence failed at  83  side 2    Res =  0.4026E+01
 MRCHDU: Convergence failed at  84  side 2    Res =  0.3419E+01
 MRCHDU: Convergence failed at  85  side 2    Res =  0.2816E+01
 Side 1  free  transition at x/c =  0.9971   75
 Side 2  free  transition at x/c =  0.0558   24

   4   rms: 0.3437E+05   max: -.4677E+06   C at   87  2   RLX: 0.000
       a = -3.000      CL = -2.0514
      Cm =  0.4603     CD =  0.59564   =>   CDf =  0.00201    CDp =  0.59363

 MRCHDU: Convergence failed at  82  side 2    Res =  0.4315E+01
 MRCHDU: Convergence failed at  83  side 2    Res =  0.4039E+01
 MRCHDU: Convergence failed at  84  side 2    Res =  0.3430E+01
 MRCHDU: Convergence failed at  85  side 2    Res =  0.2825E+01
 Side 1  free  transition at x/c =  0.9971   75
 Side 2  free  transition at x/c =  0.0558   24

   5   rms: 0.3450E+05   max: -.4695E+06   C at   87  2   RLX: 0.000
       a = -3.000      CL = -2.0514
      Cm =  0.4603     CD =  0.59579   =>   CDf =  0.00201    CDp =  0.59378

 MRCHDU: Convergence failed at  82  side 2    Res =  0.4329E+01
 MRCHDU: Convergence failed at  83  side 2    Res =  0.4052E+01
 MRCHDU: Convergence failed at  84  side 2    Res =  0.3441E+01
 MRCHDU: Convergence failed at  85  side 2    Res =  0.2835E+01
 Side 1  free  transition at x/c =  0.9971   75
 Side 2  free  transition at x/c =  0.0558   24

   6   rms: 0.3464E+05   max: -.4713E+06   C at   87  2   RLX: 0.000
       a = -3.000      CL = -2.0514
      Cm =  0.4603     CD =  0.59594   =>   CDf =  0.00201    CDp =  0.59393

 MRCHDU: Convergence failed at  82  side 2    Res =  0.4343E+01
 MRCHDU: Convergence failed at  83  side 2    Res =  0.4064E+01
 MRCHDU: Convergence failed at  84  side 2    Res =  0.3452E+01
 MRCHDU: Convergence failed at  85  side 2    Res =  0.2844E+01
 Side 1  free  transition at x/c =  0.9971   75
 Side 2  free  transition at x/c =  0.0558   24

   7   rms: 0.3477E+05   max: -.4731E+06   C at   87  2   RLX: 0.000
       a = -3.000      CL = -2.0514
      Cm =  0.4603     CD =  0.59609   =>   CDf =  0.00201    CDp =  0.59407

 MRCHDU: Convergence failed at  82  side 2    Res =  0.4356E+01
 MRCHDU: Convergence failed at  83  side 2    Res =  0.4077E+01
 MRCHDU: Convergence failed at  84  side 2    Res =  0.3463E+01
 MRCHDU: Convergence failed at  85  side 2    Res =  0.2854E+01
 Side 1  free  transition at x/c =  0.9971   75
 Side 2  free  transition at x/c =  0.0558   24

   8   rms: 0.3490E+05   max: -.4749E+06   C at   87  2   RLX: 0.000
       a = -3.000      CL = -2.0514
      Cm =  0.4603     CD =  0.59624   =>   CDf =  0.00201    CDp =  0.59422

 MRCHDU: Convergence failed at  82  side 2    Res =  0.4370E+01
 MRCHDU: Convergence failed at  83  side 2    Res =  0.4090E+01
 MRCHDU: Convergence failed at  84  side 2    Res =  0.3475E+01
 MRCHDU: Convergence failed at  85  side 2    Res =  0.2863E+01
 Side 1  free  transition at x/c =  0.9971   75
 Side 2  free  transition at x/c =  0.0558   24

   9   rms: 0.3504E+05   max: -.4767E+06   C at   87  2   RLX: 0.000
       a = -3.000      CL = -2.0514
      Cm =  0.4603     CD =  0.59638   =>   CDf =  0.00201    CDp =  0.59437

 MRCHDU: Convergence failed at  82  side 2    Res =  0.4384E+01
 MRCHDU: Convergence failed at  83  side 2    Res =  0.4103E+01
 MRCHDU: Convergence failed at  84  side 2    Res =  0.3486E+01
 MRCHDU: Convergence failed at  85  side 2    Res =  0.2873E+01
 Side 1  free  transition at x/c =  0.9971   75
 Side 2  free  transition at x/c =  0.0558   24

  10   rms: 0.3517E+05   max: -.4785E+06   C at   87  2   RLX: 0.000
       a = -3.000      CL = -2.0514
      Cm =  0.4603     CD =  0.59653   =>   CDf =  0.00201    CDp =  0.59452

 MRCHDU: Convergence failed at  82  side 2    Res =  0.4397E+01
 MRCHDU: Convergence failed at  83  side 2    Res =  0.4116E+01
 MRCHDU: Convergence failed at  84  side 2    Res =  0.3497E+01
 MRCHDU: Convergence failed at  85  side 2    Res =  0.2883E+01
 Side 1  free  transition at x/c =  0.9971   75
 Side 2  free  transition at x/c =  0.0558   24

  11   rms: 0.3530E+05   max: -.4804E+06   C at   87  2   RLX: 0.000
       a = -3.000      CL = -2.0514
      Cm =  0.4603     CD =  0.59668   =>   CDf =  0.00201    CDp =  0.59467

 MRCHDU: Convergence failed at  82  side 2    Res =  0.4411E+01
 MRCHDU: Convergence failed at  83  side 2    Res =  0.4129E+01
 MRCHDU: Convergence failed at  84  side 2    Res =  0.3508E+01
 MRCHDU: Convergence failed at  85  side 2    Res =  0.2892E+01
 Side 1  free  transition at x/c =  0.9971   75
 Side 2  free  transition at x/c =  0.0558   24

  12   rms: 0.3544E+05   max: -.4822E+06   C at   87  2   RLX: 0.000
       a = -3.000      CL = -2.0514
      Cm =  0.4603     CD =  0.59683   =>   CDf =  0.00201    CDp =  0.59482

 MRCHDU: Convergence failed at  82  side 2    Res =  0.4425E+01
 MRCHDU: Convergence failed at  83  side 2    Res =  0.4142E+01
 MRCHDU: Convergence failed at  84  side 2    Res =  0.3519E+01
 MRCHDU: Convergence failed at  85  side 2    Res =  0.2902E+01
 Side 1  free  transition at x/c =  0.9971   75
 Side 2  free  transition at x/c =  0.0558   24

  13   rms: 0.3557E+05   max: -.4840E+06   C at   87  2   RLX: 0.000
       a = -3.000      CL = -2.0514
      Cm =  0.4603     CD =  0.59698   =>   CDf =  0.00201    CDp =  0.59497

 MRCHDU: Convergence failed at  82  side 2    Res =  0.4438E+01
 MRCHDU: Convergence failed at  83  side 2    Res =  0.4155E+01
 MRCHDU: Convergence failed at  84  side 2    Res =  0.3531E+01
 MRCHDU: Convergence failed at  85  side 2    Res =  0.2911E+01
 Side 1  free  transition at x/c =  0.9971   75
 Side 2  free  transition at x/c =  0.0558   24

  14   rms: 0.3570E+05   max: -.4858E+06   C at   87  2   RLX: 0.000
       a = -3.000      CL = -2.0514
      Cm =  0.4603     CD =  0.59713   =>   CDf =  0.00201    CDp =  0.59511

 MRCHDU: Convergence failed at  82  side 2    Res =  0.4452E+01
 MRCHDU: Convergence failed at  83  side 2    Res =  0.4167E+01
 MRCHDU: Convergence failed at  84  side 2    Res =  0.3542E+01
 MRCHDU: Convergence failed at  85  side 2    Res =  0.2921E+01
 Side 1  free  transition at x/c =  0.9971   75
 Side 2  free  transition at x/c =  0.0558   24

  15   rms: 0.3584E+05   max: -.4876E+06   C at   87  2   RLX: 0.000
       a = -3.000      CL = -2.0514
      Cm =  0.4603     CD =  0.59727   =>   CDf =  0.00201    CDp =  0.59526

 MRCHDU: Convergence failed at  82  side 2    Res =  0.4466E+01
 MRCHDU: Convergence failed at  83  side 2    Res =  0.4180E+01
 MRCHDU: Convergence failed at  84  side 2    Res =  0.3553E+01
 MRCHDU: Convergence failed at  85  side 2    Res =  0.2931E+01
 Side 1  free  transition at x/c =  0.9971   75
 Side 2  free  transition at x/c =  0.0558   24

  16   rms: 0.3597E+05   max: -.4894E+06   C at   87  2   RLX: 0.000
       a = -3.000      CL = -2.0514
      Cm =  0.4603     CD =  0.59742   =>   CDf =  0.00201    CDp =  0.59541

 MRCHDU: Convergence failed at  82  side 2    Res =  0.4480E+01
 MRCHDU: Convergence failed at  83  side 2    Res =  0.4193E+01
 MRCHDU: Convergence failed at  84  side 2    Res =  0.3564E+01
 MRCHDU: Convergence failed at  85  side 2    Res =  0.2940E+01
 Side 1  free  transition at x/c =  0.9971   75
 Side 2  free  transition at x/c =  0.0558   24

  17   rms: 0.3610E+05   max: -.4912E+06   C at   87  2   RLX: 0.000
       a = -3.000      CL = -2.0514
      Cm =  0.4603     CD =  0.59757   =>   CDf =  0.00201    CDp =  0.59556

 MRCHDU: Convergence failed at  82  side 2    Res =  0.4493E+01
 MRCHDU: Convergence failed at  83  side 2    Res =  0.4206E+01
 MRCHDU: Convergence failed at  84  side 2    Res =  0.3576E+01
 MRCHDU: Convergence failed at  85  side 2    Res =  0.2950E+01
 Side 1  free  transition at x/c =  0.9971   75
 Side 2  free  transition at x/c =  0.0558   24

  18   rms: 0.3624E+05   max: -.4930E+06   C at   87  2   RLX: 0.000
       a = -3.000      CL = -2.0513
      Cm =  0.4603     CD =  0.59771   =>   CDf =  0.00201    CDp =  0.59570

 MRCHDU: Convergence failed at  82  side 2    Res =  0.4507E+01
 MRCHDU: Convergence failed at  83  side 2    Res =  0.4219E+01
 MRCHDU: Convergence failed at  84  side 2    Res =  0.3587E+01
 MRCHDU: Convergence failed at  85  side 2    Res =  0.2959E+01
 Side 1  free  transition at x/c =  0.9971   75
 Side 2  free  transition at x/c =  0.0558   24

  19   rms: 0.3637E+05   max: -.4949E+06   C at   87  2   RLX: 0.000
       a = -3.000      CL = -2.0513
      Cm =  0.4603     CD =  0.59786   =>   CDf =  0.00201    CDp =  0.59585

 MRCHDU: Convergence failed at  82  side 2    Res =  0.4521E+01
 MRCHDU: Convergence failed at  83  side 2    Res =  0.4232E+01
 MRCHDU: Convergence failed at  84  side 2    Res =  0.3598E+01
 MRCHDU: Convergence failed at  85  side 2    Res =  0.2969E+01
 Side 1  free  transition at x/c =  0.9971   75
 Side 2  free  transition at x/c =  0.0558   24

  20   rms: 0.3650E+05   max: -.4967E+06   C at   87  2   RLX: 0.000
       a = -3.000      CL = -2.0513
      Cm =  0.4603     CD =  0.59801   =>   CDf =  0.00201    CDp =  0.59600

 MRCHDU: Convergence failed at  82  side 2    Res =  0.4534E+01
 MRCHDU: Convergence failed at  83  side 2    Res =  0.4245E+01
 MRCHDU: Convergence failed at  84  side 2    Res =  0.3609E+01
 MRCHDU: Convergence failed at  85  side 2    Res =  0.2978E+01
 Side 1  free  transition at x/c =  0.9971   75
 Side 2  free  transition at x/c =  0.0558   24

  21   rms: 0.3664E+05   max: -.4985E+06   C at   87  2   RLX: 0.000
       a = -3.000      CL = -2.0513
      Cm =  0.4603     CD =  0.59815   =>   CDf =  0.00201    CDp =  0.59614

 MRCHDU: Convergence failed at  82  side 2    Res =  0.4548E+01
 MRCHDU: Convergence failed at  83  side 2    Res =  0.4258E+01
 MRCHDU: Convergence failed at  84  side 2    Res =  0.3620E+01
 MRCHDU: Convergence failed at  85  side 2    Res =  0.2988E+01
 Side 1  free  transition at x/c =  0.9971   75
 Side 2  free  transition at x/c =  0.0558   24

  22   rms: 0.3677E+05   max: -.5003E+06   C at   87  2   RLX: 0.000
       a = -3.000      CL = -2.0513
      Cm =  0.4603     CD =  0.59830   =>   CDf =  0.00201    CDp =  0.59629

 MRCHDU: Convergence failed at  82  side 2    Res =  0.4562E+01
 MRCHDU: Convergence failed at  83  side 2    Res =  0.4270E+01
 MRCHDU: Convergence failed at  84  side 2    Res =  0.3632E+01
 MRCHDU: Convergence failed at  85  side 2    Res =  0.2998E+01
 Side 1  free  transition at x/c =  0.9971   75
 Side 2  free  transition at x/c =  0.0558   24

  23   rms: 0.3690E+05   max: -.5021E+06   C at   87  2   RLX: 0.000
       a = -3.000      CL = -2.0513
      Cm =  0.4603     CD =  0.59845   =>   CDf =  0.00201    CDp =  0.59643

 MRCHDU: Convergence failed at  82  side 2    Res =  0.4575E+01
 MRCHDU: Convergence failed at  83  side 2    Res =  0.4283E+01
 MRCHDU: Convergence failed at  84  side 2    Res =  0.3643E+01
 MRCHDU: Convergence failed at  85  side 2    Res =  0.3007E+01
 Side 1  free  transition at x/c =  0.9971   75
 Side 2  free  transition at x/c =  0.0558   24

  24   rms: 0.3702E+05   max: -.5037E+06   C at   87  2   RLX: 0.000
       a = -3.000      CL = -2.0513
      Cm =  0.4603     CD =  0.59859   =>   CDf =  0.00201    CDp =  0.59658

 MRCHDU: Convergence failed at  82  side 2    Res =  0.4589E+01
 MRCHDU: Convergence failed at  83  side 2    Res =  0.4296E+01
 MRCHDU: Convergence failed at  84  side 2    Res =  0.3654E+01
 MRCHDU: Convergence failed at  85  side 2    Res =  0.3017E+01
 Side 1  free  transition at x/c =  0.9971   75
 Side 2  free  transition at x/c =  0.0558   24

  25   rms: 0.3716E+05   max: -.5055E+06   C at   87  2   RLX: 0.000
       a = -3.000      CL = -2.0513
      Cm =  0.4603     CD =  0.59874   =>   CDf =  0.00201    CDp =  0.59673

 MRCHDU: Convergence failed at  82  side 2    Res =  0.4603E+01
 MRCHDU: Convergence failed at  83  side 2    Res =  0.4309E+01
 MRCHDU: Convergence failed at  84  side 2    Res =  0.3665E+01
 MRCHDU: Convergence failed at  85  side 2    Res =  0.3026E+01
 Side 1  free  transition at x/c =  0.9971   75
 Side 2  free  transition at x/c =  0.0558   24

  26   rms: 0.3729E+05   max: -.5073E+06   C at   87  2   RLX: 0.000
       a = -3.000      CL = -2.0513
      Cm =  0.4603     CD =  0.59888   =>   CDf =  0.00201    CDp =  0.59687

 MRCHDU: Convergence failed at  82  side 2    Res =  0.4616E+01
 MRCHDU: Convergence failed at  83  side 2    Res =  0.4322E+01
 MRCHDU: Convergence failed at  84  side 2    Res =  0.3676E+01
 MRCHDU: Convergence failed at  85  side 2    Res =  0.3036E+01
 Side 1  free  transition at x/c =  0.9971   75
 Side 2  free  transition at x/c =  0.0558   24

  27   rms: 0.3742E+05   max: -.5091E+06   C at   87  2   RLX: 0.000
       a = -3.000      CL = -2.0513
      Cm =  0.4603     CD =  0.59903   =>   CDf =  0.00201    CDp =  0.59702

 MRCHDU: Convergence failed at  82  side 2    Res =  0.4630E+01
 MRCHDU: Convergence failed at  83  side 2    Res =  0.4335E+01
 MRCHDU: Convergence failed at  84  side 2    Res =  0.3688E+01
 MRCHDU: Convergence failed at  85  side 2    Res =  0.3045E+01
 Side 1  free  transition at x/c =  0.9971   75
 Side 2  free  transition at x/c =  0.0558   24

  28   rms: 0.3755E+05   max: -.5109E+06   C at   87  2   RLX: 0.000
       a = -3.000      CL = -2.0513
      Cm =  0.4603     CD =  0.59917   =>   CDf =  0.00201    CDp =  0.59716

 MRCHDU: Convergence failed at  82  side 2    Res =  0.4644E+01
 MRCHDU: Convergence failed at  83  side 2    Res =  0.4348E+01
 MRCHDU: Convergence failed at  84  side 2    Res =  0.3699E+01
 MRCHDU: Convergence failed at  85  side 2    Res =  0.3055E+01
 Side 1  free  transition at x/c =  0.9971   75
 Side 2  free  transition at x/c =  0.0558   24

  29   rms: 0.3769E+05   max: -.5127E+06   C at   87  2   RLX: 0.000
       a = -3.000      CL = -2.0513
      Cm =  0.4603     CD =  0.59932   =>   CDf =  0.00201    CDp =  0.59731

 MRCHDU: Convergence failed at  82  side 2    Res =  0.4657E+01
 MRCHDU: Convergence failed at  83  side 2    Res =  0.4360E+01
 MRCHDU: Convergence failed at  84  side 2    Res =  0.3710E+01
 MRCHDU: Convergence failed at  85  side 2    Res =  0.3065E+01
 Side 1  free  transition at x/c =  0.9971   75
 Side 2  free  transition at x/c =  0.0558   24

  30   rms: 0.3782E+05   max: -.5145E+06   C at   87  2   RLX: 0.000
       a = -3.000      CL = -2.0513
      Cm =  0.4603     CD =  0.59946   =>   CDf =  0.00201    CDp =  0.59745

 MRCHDU: Convergence failed at  82  side 2    Res =  0.4671E+01
 MRCHDU: Convergence failed at  83  side 2    Res =  0.4373E+01
 MRCHDU: Convergence failed at  84  side 2    Res =  0.3721E+01
 MRCHDU: Convergence failed at  85  side 2    Res =  0.3074E+01
 Side 1  free  transition at x/c =  0.9971   75
 Side 2  free  transition at x/c =  0.0558   24

  31   rms: 0.3795E+05   max: -.5163E+06   C at   87  2   RLX: 0.000
       a = -3.000      CL = -2.0513
      Cm =  0.4603     CD =  0.59961   =>   CDf =  0.00201    CDp =  0.59759

 MRCHDU: Convergence failed at  82  side 2    Res =  0.4685E+01
 MRCHDU: Convergence failed at  83  side 2    Res =  0.4386E+01
 MRCHDU: Convergence failed at  84  side 2    Res =  0.3732E+01
 MRCHDU: Convergence failed at  85  side 2    Res =  0.3084E+01
 Side 1  free  transition at x/c =  0.9971   75
 Side 2  free  transition at x/c =  0.0558   24

  32   rms: 0.3808E+05   max: -.5181E+06   C at   87  2   RLX: 0.000
       a = -3.000      CL = -2.0513
      Cm =  0.4603     CD =  0.59975   =>   CDf =  0.00201    CDp =  0.59774

 MRCHDU: Convergence failed at  82  side 2    Res =  0.4698E+01
 MRCHDU: Convergence failed at  83  side 2    Res =  0.4399E+01
 MRCHDU: Convergence failed at  84  side 2    Res =  0.3744E+01
 MRCHDU: Convergence failed at  85  side 2    Res =  0.3093E+01
 Side 1  free  transition at x/c =  0.9971   75
 Side 2  free  transition at x/c =  0.0558   24

  33   rms: 0.3822E+05   max: -.5199E+06   C at   87  2   RLX: 0.000
       a = -3.000      CL = -2.0513
      Cm =  0.4603     CD =  0.59989   =>   CDf =  0.00201    CDp =  0.59788

 MRCHDU: Convergence failed at  82  side 2    Res =  0.4712E+01
 MRCHDU: Convergence failed at  83  side 2    Res =  0.4412E+01
 MRCHDU: Convergence failed at  84  side 2    Res =  0.3755E+01
 MRCHDU: Convergence failed at  85  side 2    Res =  0.3103E+01
 Side 1  free  transition at x/c =  0.9971   75
 Side 2  free  transition at x/c =  0.0558   24

  34   rms: 0.3835E+05   max: -.5217E+06   C at   87  2   RLX: 0.000
       a = -3.000      CL = -2.0513
      Cm =  0.4603     CD =  0.60004   =>   CDf =  0.00201    CDp =  0.59803

 MRCHDU: Convergence failed at  82  side 2    Res =  0.4726E+01
 MRCHDU: Convergence failed at  83  side 2    Res =  0.4425E+01
 MRCHDU: Convergence failed at  84  side 2    Res =  0.3766E+01
 MRCHDU: Convergence failed at  85  side 2    Res =  0.3112E+01
 Side 1  free  transition at x/c =  0.9971   75
 Side 2  free  transition at x/c =  0.0558   24

  35   rms: 0.3848E+05   max: -.5235E+06   C at   87  2   RLX: 0.000
       a = -3.000      CL = -2.0513
      Cm =  0.4603     CD =  0.60018   =>   CDf =  0.00201    CDp =  0.59817

 MRCHDU: Convergence failed at  82  side 2    Res =  0.4739E+01
 MRCHDU: Convergence failed at  83  side 2    Res =  0.4438E+01
 MRCHDU: Convergence failed at  84  side 2    Res =  0.3777E+01
 MRCHDU: Convergence failed at  85  side 2    Res =  0.3122E+01
 Side 1  free  transition at x/c =  0.9971   75
 Side 2  free  transition at x/c =  0.0558   24

  36   rms: 0.3861E+05   max: -.5253E+06   C at   87  2   RLX: 0.000
       a = -3.000      CL = -2.0513
      Cm =  0.4603     CD =  0.60032   =>   CDf =  0.00201    CDp =  0.59831

 MRCHDU: Convergence failed at  82  side 2    Res =  0.4753E+01
 MRCHDU: Convergence failed at  83  side 2    Res =  0.4451E+01
 MRCHDU: Convergence failed at  84  side 2    Res =  0.3788E+01
 MRCHDU: Convergence failed at  85  side 2    Res =  0.3132E+01
 Side 1  free  transition at x/c =  0.9971   75
 Side 2  free  transition at x/c =  0.0558   24

  37   rms: 0.3875E+05   max: -.5271E+06   C at   87  2   RLX: 0.000
       a = -3.000      CL = -2.0513
      Cm =  0.4603     CD =  0.60047   =>   CDf =  0.00201    CDp =  0.59846

 MRCHDU: Convergence failed at  82  side 2    Res =  0.4767E+01
 MRCHDU: Convergence failed at  83  side 2    Res =  0.4463E+01
 MRCHDU: Convergence failed at  84  side 2    Res =  0.3800E+01
 MRCHDU: Convergence failed at  85  side 2    Res =  0.3141E+01
 Side 1  free  transition at x/c =  0.9971   75
 Side 2  free  transition at x/c =  0.0558   24

  38   rms: 0.3888E+05   max: -.5289E+06   C at   87  2   RLX: 0.000
       a = -3.000      CL = -2.0513
      Cm =  0.4603     CD =  0.60061   =>   CDf =  0.00201    CDp =  0.59860

 MRCHDU: Convergence failed at  82  side 2    Res =  0.4781E+01
 MRCHDU: Convergence failed at  83  side 2    Res =  0.4476E+01
 MRCHDU: Convergence failed at  84  side 2    Res =  0.3811E+01
 MRCHDU: Convergence failed at  85  side 2    Res =  0.3151E+01
 Side 1  free  transition at x/c =  0.9971   75
 Side 2  free  transition at x/c =  0.0558   24

  39   rms: 0.3894E+05   max: -.5297E+06   C at   87  2   RLX: 0.000
       a = -3.000      CL = -2.0513
      Cm =  0.4603     CD =  0.60075   =>   CDf =  0.00201    CDp =  0.59874

 MRCHDU: Convergence failed at  82  side 2    Res =  0.4794E+01
 MRCHDU: Convergence failed at  83  side 2    Res =  0.4489E+01
 MRCHDU: Convergence failed at  84  side 2    Res =  0.3822E+01
 MRCHDU: Convergence failed at  85  side 2    Res =  0.3160E+01
 Side 1  free  transition at x/c =  0.9971   75
 Side 2  free  transition at x/c =  0.0558   24

  40   rms: 0.3907E+05   max: -.5315E+06   C at   87  2   RLX: 0.000
       a = -3.000      CL = -2.0513
      Cm =  0.4603     CD =  0.60089   =>   CDf =  0.00201    CDp =  0.59888

 MRCHDU: Convergence failed at  82  side 2    Res =  0.4808E+01
 MRCHDU: Convergence failed at  83  side 2    Res =  0.4502E+01
 MRCHDU: Convergence failed at  84  side 2    Res =  0.3833E+01
 MRCHDU: Convergence failed at  85  side 2    Res =  0.3170E+01
 Side 1  free  transition at x/c =  0.9971   75
 Side 2  free  transition at x/c =  0.0558   24

  41   rms: 0.3920E+05   max: -.5333E+06   C at   87  2   RLX: 0.000
       a = -3.000      CL = -2.0513
      Cm =  0.4603     CD =  0.60104   =>   CDf =  0.00201    CDp =  0.59903

 MRCHDU: Convergence failed at  82  side 2    Res =  0.4822E+01
 MRCHDU: Convergence failed at  83  side 2    Res =  0.4515E+01
 MRCHDU: Convergence failed at  84  side 2    Res =  0.3844E+01
 MRCHDU: Convergence failed at  85  side 2    Res =  0.3179E+01
 Side 1  free  transition at x/c =  0.9971   75
 Side 2  free  transition at x/c =  0.0558   24

  42   rms: 0.3933E+05   max: -.5351E+06   C at   87  2   RLX: 0.000
       a = -3.000      CL = -2.0513
      Cm =  0.4603     CD =  0.60118   =>   CDf =  0.00201    CDp =  0.59917

 MRCHDU: Convergence failed at  82  side 2    Res =  0.4835E+01
 MRCHDU: Convergence failed at  83  side 2    Res =  0.4528E+01
 MRCHDU: Convergence failed at  84  side 2    Res =  0.3855E+01
 MRCHDU: Convergence failed at  85  side 2    Res =  0.3189E+01
 Side 1  free  transition at x/c =  0.9971   75
 Side 2  free  transition at x/c =  0.0558   24

  43   rms: 0.3946E+05   max: -.5369E+06   C at   87  2   RLX: 0.000
       a = -3.000      CL = -2.0513
      Cm =  0.4603     CD =  0.60132   =>   CDf =  0.00201    CDp =  0.59931

 MRCHDU: Convergence failed at  82  side 2    Res =  0.4849E+01
 MRCHDU: Convergence failed at  83  side 2    Res =  0.4541E+01
 MRCHDU: Convergence failed at  84  side 2    Res =  0.3867E+01
 MRCHDU: Convergence failed at  85  side 2    Res =  0.3199E+01
 Side 1  free  transition at x/c =  0.9971   75
 Side 2  free  transition at x/c =  0.0558   24

  44   rms: 0.4015E+05   max: -.5462E+06   C at   87  2   RLX: 0.000
       a = -3.000      CL = -2.0513
      Cm =  0.4603     CD =  0.60146   =>   CDf =  0.00201    CDp =  0.59945

 MRCHDU: Convergence failed at  82  side 2    Res =  0.4863E+01
 MRCHDU: Convergence failed at  83  side 2    Res =  0.4553E+01
 MRCHDU: Convergence failed at  84  side 2    Res =  0.3878E+01
 MRCHDU: Convergence failed at  85  side 2    Res =  0.3208E+01
 Side 1  free  transition at x/c =  0.9971   75
 Side 2  free  transition at x/c =  0.0558   24

  45   rms: 0.4028E+05   max: -.5480E+06   C at   87  2   RLX: 0.000
       a = -3.000      CL = -2.0513
      Cm =  0.4603     CD =  0.60161   =>   CDf =  0.00201    CDp =  0.59959

 MRCHDU: Convergence failed at  82  side 2    Res =  0.4876E+01
 MRCHDU: Convergence failed at  83  side 2    Res =  0.4566E+01
 MRCHDU: Convergence failed at  84  side 2    Res =  0.3889E+01
 MRCHDU: Convergence failed at  85  side 2    Res =  0.3218E+01
 Side 1  free  transition at x/c =  0.9971   75
 Side 2  free  transition at x/c =  0.0558   24

  46   rms: 0.4042E+05   max: -.5498E+06   C at   87  2   RLX: 0.000
       a = -3.000      CL = -2.0513
      Cm =  0.4603     CD =  0.60175   =>   CDf =  0.00201    CDp =  0.59974

 MRCHDU: Convergence failed at  82  side 2    Res =  0.4890E+01
 MRCHDU: Convergence failed at  83  side 2    Res =  0.4579E+01
 MRCHDU: Convergence failed at  84  side 2    Res =  0.3900E+01
 MRCHDU: Convergence failed at  85  side 2    Res =  0.3227E+01
 Side 1  free  transition at x/c =  0.9971   75
 Side 2  free  transition at x/c =  0.0558   24

  47   rms: 0.4055E+05   max: -.5517E+06   C at   87  2   RLX: 0.000
       a = -3.000      CL = -2.0513
      Cm =  0.4603     CD =  0.60189   =>   CDf =  0.00201    CDp =  0.59988

 MRCHDU: Convergence failed at  82  side 2    Res =  0.4904E+01
 MRCHDU: Convergence failed at  83  side 2    Res =  0.4592E+01
 MRCHDU: Convergence failed at  84  side 2    Res =  0.3911E+01
 MRCHDU: Convergence failed at  85  side 2    Res =  0.3237E+01
 Side 1  free  transition at x/c =  0.9971   75
 Side 2  free  transition at x/c =  0.0558   24

  48   rms: 0.4065E+05   max: -.5530E+06   C at   87  2   RLX: 0.000
       a = -3.000      CL = -2.0513
      Cm =  0.4603     CD =  0.60203   =>   CDf =  0.00201    CDp =  0.60002

 MRCHDU: Convergence failed at  82  side 2    Res =  0.4917E+01
 MRCHDU: Convergence failed at  83  side 2    Res =  0.4605E+01
 MRCHDU: Convergence failed at  84  side 2    Res =  0.3923E+01
 MRCHDU: Convergence failed at  85  side 2    Res =  0.3246E+01
 Side 1  free  transition at x/c =  0.9971   75
 Side 2  free  transition at x/c =  0.0558   24

  49   rms: 0.4078E+05   max: -.5548E+06   C at   87  2   RLX: 0.000
       a = -3.000      CL = -2.0513
      Cm =  0.4603     CD =  0.60217   =>   CDf =  0.00201    CDp =  0.60016

 MRCHDU: Convergence failed at  82  side 2    Res =  0.4931E+01
 MRCHDU: Convergence failed at  83  side 2    Res =  0.4618E+01
 MRCHDU: Convergence failed at  84  side 2    Res =  0.3934E+01
 MRCHDU: Convergence failed at  85  side 2    Res =  0.3256E+01
 Side 1  free  transition at x/c =  0.9971   75
 Side 2  free  transition at x/c =  0.0558   24

  50   rms: 0.4092E+05   max: -.5566E+06   C at   87  2   RLX: 0.000
       a = -3.000      CL = -2.0512
      Cm =  0.4603     CD =  0.60231   =>   CDf =  0.00201    CDp =  0.60030

 MRCHDU: Convergence failed at  82  side 2    Res =  0.4945E+01
 MRCHDU: Convergence failed at  83  side 2    Res =  0.4631E+01
 MRCHDU: Convergence failed at  84  side 2    Res =  0.3945E+01
 MRCHDU: Convergence failed at  85  side 2    Res =  0.3265E+01
 Side 1  free  transition at x/c =  0.9971   75
 Side 2  free  transition at x/c =  0.0558   24

  51   rms: 0.4105E+05   max: -.5584E+06   C at   87  2   RLX: 0.000
       a = -3.000      CL = -2.0512
      Cm =  0.4603     CD =  0.60245   =>   CDf =  0.00201    CDp =  0.60044

 MRCHDU: Convergence failed at  82  side 2    Res =  0.4958E+01
 MRCHDU: Convergence failed at  83  side 2    Res =  0.4643E+01
 MRCHDU: Convergence failed at  84  side 2    Res =  0.3956E+01
 MRCHDU: Convergence failed at  85  side 2    Res =  0.3275E+01
 Side 1  free  transition at x/c =  0.9971   75
 Side 2  free  transition at x/c =  0.0558   24

  52   rms: 0.4118E+05   max: -.5602E+06   C at   87  2   RLX: 0.000
       a = -3.000      CL = -2.0512
      Cm =  0.4603     CD =  0.60259   =>   CDf =  0.00201    CDp =  0.60058

 MRCHDU: Convergence failed at  82  side 2    Res =  0.4972E+01
 MRCHDU: Convergence failed at  83  side 2    Res =  0.4656E+01
 MRCHDU: Convergence failed at  84  side 2    Res =  0.3967E+01
 MRCHDU: Convergence failed at  85  side 2    Res =  0.3284E+01
 Side 1  free  transition at x/c =  0.9971   75
 Side 2  free  transition at x/c =  0.0558   24

  53   rms: 0.4131E+05   max: -.5620E+06   C at   87  2   RLX: 0.000
       a = -3.000      CL = -2.0512
      Cm =  0.4603     CD =  0.60273   =>   CDf =  0.00201    CDp =  0.60072

 MRCHDU: Convergence failed at  82  side 2    Res =  0.4986E+01
 MRCHDU: Convergence failed at  83  side 2    Res =  0.4669E+01
 MRCHDU: Convergence failed at  84  side 2    Res =  0.3978E+01
 MRCHDU: Convergence failed at  85  side 2    Res =  0.3294E+01
 Side 1  free  transition at x/c =  0.9971   75
 Side 2  free  transition at x/c =  0.0558   24

  54   rms: 0.4139E+05   max: -.5630E+06   C at   87  2   RLX: 0.000
       a = -3.000      CL = -2.0512
      Cm =  0.4603     CD =  0.60287   =>   CDf =  0.00201    CDp =  0.60086

 MRCHDU: Convergence failed at  82  side 2    Res =  0.4999E+01
 MRCHDU: Convergence failed at  83  side 2    Res =  0.4682E+01
 MRCHDU: Convergence failed at  84  side 2    Res =  0.3990E+01
 MRCHDU: Convergence failed at  85  side 2    Res =  0.3304E+01
 Side 1  free  transition at x/c =  0.9971   75
 Side 2  free  transition at x/c =  0.0558   24

  55   rms: 0.4152E+05   max: -.5648E+06   C at   87  2   RLX: 0.000
       a = -3.000      CL = -2.0512
      Cm =  0.4603     CD =  0.60301   =>   CDf =  0.00201    CDp =  0.60100

 MRCHDU: Convergence failed at  82  side 2    Res =  0.5013E+01
 MRCHDU: Convergence failed at  83  side 2    Res =  0.4695E+01
 MRCHDU: Convergence failed at  84  side 2    Res =  0.4001E+01
 MRCHDU: Convergence failed at  85  side 2    Res =  0.3313E+01
 Side 1  free  transition at x/c =  0.9971   75
 Side 2  free  transition at x/c =  0.0558   24

  56   rms: 0.4165E+05   max: -.5666E+06   C at   87  2   RLX: 0.000
       a = -3.000      CL = -2.0512
      Cm =  0.4603     CD =  0.60315   =>   CDf =  0.00201    CDp =  0.60114

 MRCHDU: Convergence failed at  82  side 2    Res =  0.5027E+01
 MRCHDU: Convergence failed at  83  side 2    Res =  0.4708E+01
 MRCHDU: Convergence failed at  84  side 2    Res =  0.4012E+01
 MRCHDU: Convergence failed at  85  side 2    Res =  0.3323E+01
 Side 1  free  transition at x/c =  0.9971   75
 Side 2  free  transition at x/c =  0.0558   24

  57   rms: 0.4178E+05   max: -.5684E+06   C at   87  2   RLX: 0.000
       a = -3.000      CL = -2.0512
      Cm =  0.4603     CD =  0.60329   =>   CDf =  0.00201    CDp =  0.60128

 MRCHDU: Convergence failed at  82  side 2    Res =  0.5040E+01
 MRCHDU: Convergence failed at  83  side 2    Res =  0.4721E+01
 MRCHDU: Convergence failed at  84  side 2    Res =  0.4023E+01
 MRCHDU: Convergence failed at  85  side 2    Res =  0.3332E+01
 Side 1  free  transition at x/c =  0.9971   75
 Side 2  free  transition at x/c =  0.0558   24

  58   rms: 0.4191E+05   max: -.5702E+06   C at   87  2   RLX: 0.000
       a = -3.000      CL = -2.0512
      Cm =  0.4603     CD =  0.60343   =>   CDf =  0.00201    CDp =  0.60142

 MRCHDU: Convergence failed at  82  side 2    Res =  0.5054E+01
 MRCHDU: Convergence failed at  83  side 2    Res =  0.4733E+01
 MRCHDU: Convergence failed at  84  side 2    Res =  0.4034E+01
 MRCHDU: Convergence failed at  85  side 2    Res =  0.3342E+01
 Side 1  free  transition at x/c =  0.9971   75
 Side 2  free  transition at x/c =  0.0558   24

  59   rms: 0.4204E+05   max: -.5720E+06   C at   87  2   RLX: 0.000
       a = -3.000      CL = -2.0512
      Cm =  0.4603     CD =  0.60357   =>   CDf =  0.00201    CDp =  0.60156

 MRCHDU: Convergence failed at  82  side 2    Res =  0.5068E+01
 MRCHDU: Convergence failed at  83  side 2    Res =  0.4746E+01
 MRCHDU: Convergence failed at  84  side 2    Res =  0.4045E+01
 MRCHDU: Convergence failed at  85  side 2    Res =  0.3351E+01
 Side 1  free  transition at x/c =  0.9971   75
 Side 2  free  transition at x/c =  0.0558   24

  60   rms: 0.4218E+05   max: -.5738E+06   C at   87  2   RLX: 0.000
       a = -3.000      CL = -2.0512
      Cm =  0.4603     CD =  0.60371   =>   CDf =  0.00201    CDp =  0.60170

 MRCHDU: Convergence failed at  82  side 2    Res =  0.5082E+01
 MRCHDU: Convergence failed at  83  side 2    Res =  0.4759E+01
 MRCHDU: Convergence failed at  84  side 2    Res =  0.4057E+01
 MRCHDU: Convergence failed at  85  side 2    Res =  0.3361E+01
 Side 1  free  transition at x/c =  0.9971   75
 Side 2  free  transition at x/c =  0.0558   24

  61   rms: 0.4231E+05   max: -.5755E+06   C at   87  2   RLX: 0.000
       a = -3.000      CL = -2.0512
      Cm =  0.4603     CD =  0.60385   =>   CDf =  0.00201    CDp =  0.60184

 MRCHDU: Convergence failed at  82  side 2    Res =  0.5095E+01
 MRCHDU: Convergence failed at  83  side 2    Res =  0.4772E+01
 MRCHDU: Convergence failed at  84  side 2    Res =  0.4068E+01
 MRCHDU: Convergence failed at  85  side 2    Res =  0.3370E+01
 Side 1  free  transition at x/c =  0.9971   75
 Side 2  free  transition at x/c =  0.0558   24

  62   rms: 0.4244E+05   max: -.5773E+06   C at   87  2   RLX: 0.000
       a = -3.000      CL = -2.0512
      Cm =  0.4603     CD =  0.60399   =>   CDf =  0.00201    CDp =  0.60197

 MRCHDU: Convergence failed at  82  side 2    Res =  0.5109E+01
 MRCHDU: Convergence failed at  83  side 2    Res =  0.4785E+01
 MRCHDU: Convergence failed at  84  side 2    Res =  0.4079E+01
 MRCHDU: Convergence failed at  85  side 2    Res =  0.3380E+01
 Side 1  free  transition at x/c =  0.9971   75
 Side 2  free  transition at x/c =  0.0558   24

  63   rms: 0.4257E+05   max: -.5791E+06   C at   87  2   RLX: 0.000
       a = -3.000      CL = -2.0512
      Cm =  0.4602     CD =  0.60412   =>   CDf =  0.00201    CDp =  0.60211

 MRCHDU: Convergence failed at  82  side 2    Res =  0.5123E+01
 MRCHDU: Convergence failed at  83  side 2    Res =  0.4798E+01
 MRCHDU: Convergence failed at  84  side 2    Res =  0.4090E+01
 MRCHDU: Convergence failed at  85  side 2    Res =  0.3389E+01
 Side 1  free  transition at x/c =  0.9971   75
 Side 2  free  transition at x/c =  0.0558   24

  64   rms: 0.4270E+05   max: -.5809E+06   C at   87  2   RLX: 0.000
       a = -3.000      CL = -2.0512
      Cm =  0.4602     CD =  0.60426   =>   CDf =  0.00201    CDp =  0.60225

 MRCHDU: Convergence failed at  82  side 2    Res =  0.5136E+01
 MRCHDU: Convergence failed at  83  side 2    Res =  0.4810E+01
 MRCHDU: Convergence failed at  84  side 2    Res =  0.4101E+01
 MRCHDU: Convergence failed at  85  side 2    Res =  0.3399E+01
 Side 1  free  transition at x/c =  0.9971   75
 Side 2  free  transition at x/c =  0.0558   24

  65   rms: 0.4283E+05   max: -.5827E+06   C at   87  2   RLX: 0.000
       a = -3.000      CL = -2.0512
      Cm =  0.4602     CD =  0.60440   =>   CDf =  0.00201    CDp =  0.60239

 MRCHDU: Convergence failed at  82  side 2    Res =  0.5150E+01
 MRCHDU: Convergence failed at  83  side 2    Res =  0.4823E+01
 MRCHDU: Convergence failed at  84  side 2    Res =  0.4112E+01
 MRCHDU: Convergence failed at  85  side 2    Res =  0.3408E+01
 Side 1  free  transition at x/c =  0.9971   75
 Side 2  free  transition at x/c =  0.0558   24

  66   rms: 0.4296E+05   max: -.5844E+06   C at   87  2   RLX: 0.000
       a = -3.000      CL = -2.0512
      Cm =  0.4602     CD =  0.60454   =>   CDf =  0.00201    CDp =  0.60253

 MRCHDU: Convergence failed at  82  side 2    Res =  0.5164E+01
 MRCHDU: Convergence failed at  83  side 2    Res =  0.4836E+01
 MRCHDU: Convergence failed at  84  side 2    Res =  0.4124E+01
 MRCHDU: Convergence failed at  85  side 2    Res =  0.3418E+01
 Side 1  free  transition at x/c =  0.9971   75
 Side 2  free  transition at x/c =  0.0558   24

  67   rms: 0.4309E+05   max: -.5862E+06   C at   87  2   RLX: 0.000
       a = -3.000      CL = -2.0512
      Cm =  0.4602     CD =  0.60468   =>   CDf =  0.00201    CDp =  0.60267

 MRCHDU: Convergence failed at  82  side 2    Res =  0.5177E+01
 MRCHDU: Convergence failed at  83  side 2    Res =  0.4849E+01
 MRCHDU: Convergence failed at  84  side 2    Res =  0.4135E+01
 MRCHDU: Convergence failed at  85  side 2    Res =  0.3427E+01
 Side 1  free  transition at x/c =  0.9971   75
 Side 2  free  transition at x/c =  0.0558   24

  68   rms: 0.4322E+05   max: -.5880E+06   C at   87  2   RLX: 0.000
       a = -3.000      CL = -2.0512
      Cm =  0.4602     CD =  0.60481   =>   CDf =  0.00201    CDp =  0.60280

 MRCHDU: Convergence failed at  82  side 2    Res =  0.5191E+01
 MRCHDU: Convergence failed at  83  side 2    Res =  0.4862E+01
 MRCHDU: Convergence failed at  84  side 2    Res =  0.4146E+01
 MRCHDU: Convergence failed at  85  side 2    Res =  0.3437E+01
 Side 1  free  transition at x/c =  0.9971   75
 Side 2  free  transition at x/c =  0.0558   24

  69   rms: 0.4335E+05   max: -.5898E+06   C at   87  2   RLX: 0.000
       a = -3.000      CL = -2.0512
      Cm =  0.4602     CD =  0.60495   =>   CDf =  0.00201    CDp =  0.60294

 MRCHDU: Convergence failed at  82  side 2    Res =  0.5205E+01
 MRCHDU: Convergence failed at  83  side 2    Res =  0.4875E+01
 MRCHDU: Convergence failed at  84  side 2    Res =  0.4157E+01
 MRCHDU: Convergence failed at  85  side 2    Res =  0.3447E+01
 Side 1  free  transition at x/c =  0.9971   75
 Side 2  free  transition at x/c =  0.0558   24

  70   rms: 0.4348E+05   max: -.5915E+06   C at   87  2   RLX: 0.000
       a = -3.000      CL = -2.0512
      Cm =  0.4602     CD =  0.60509   =>   CDf =  0.00201    CDp =  0.60308

 MRCHDU: Convergence failed at  82  side 2    Res =  0.5218E+01
 MRCHDU: Convergence failed at  83  side 2    Res =  0.4888E+01
 MRCHDU: Convergence failed at  84  side 2    Res =  0.4168E+01
 MRCHDU: Convergence failed at  85  side 2    Res =  0.3456E+01
 Side 1  free  transition at x/c =  0.9971   75
 Side 2  free  transition at x/c =  0.0558   24

  71   rms: 0.4362E+05   max: -.5933E+06   C at   87  2   RLX: 0.000
       a = -3.000      CL = -2.0512
      Cm =  0.4602     CD =  0.60523   =>   CDf =  0.00201    CDp =  0.60322

 MRCHDU: Convergence failed at  82  side 2    Res =  0.5232E+01
 MRCHDU: Convergence failed at  83  side 2    Res =  0.4900E+01
 MRCHDU: Convergence failed at  84  side 2    Res =  0.4179E+01
 MRCHDU: Convergence failed at  85  side 2    Res =  0.3466E+01
 Side 1  free  transition at x/c =  0.9971   75
 Side 2  free  transition at x/c =  0.0558   24

  72   rms: 0.4375E+05   max: -.5951E+06   C at   87  2   RLX: 0.000
       a = -3.000      CL = -2.0512
      Cm =  0.4602     CD =  0.60536   =>   CDf =  0.00201    CDp =  0.60335

 MRCHDU: Convergence failed at  82  side 2    Res =  0.5246E+01
 MRCHDU: Convergence failed at  83  side 2    Res =  0.4913E+01
 MRCHDU: Convergence failed at  84  side 2    Res =  0.4191E+01
 MRCHDU: Convergence failed at  85  side 2    Res =  0.3475E+01
 Side 1  free  transition at x/c =  0.9971   75
 Side 2  free  transition at x/c =  0.0558   24

  73   rms: 0.4388E+05   max: -.5969E+06   C at   87  2   RLX: 0.000
       a = -3.000      CL = -2.0512
      Cm =  0.4602     CD =  0.60550   =>   CDf =  0.00201    CDp =  0.60349

 MRCHDU: Convergence failed at  82  side 2    Res =  0.5259E+01
 MRCHDU: Convergence failed at  83  side 2    Res =  0.4926E+01
 MRCHDU: Convergence failed at  84  side 2    Res =  0.4202E+01
 MRCHDU: Convergence failed at  85  side 2    Res =  0.3485E+01
 Side 1  free  transition at x/c =  0.9971   75
 Side 2  free  transition at x/c =  0.0558   24

  74   rms: 0.4401E+05   max: -.5986E+06   C at   87  2   RLX: 0.000
       a = -3.000      CL = -2.0512
      Cm =  0.4602     CD =  0.60564   =>   CDf =  0.00201    CDp =  0.60363

 MRCHDU: Convergence failed at  82  side 2    Res =  0.5273E+01
 MRCHDU: Convergence failed at  83  side 2    Res =  0.4939E+01
 MRCHDU: Convergence failed at  84  side 2    Res =  0.4213E+01
 MRCHDU: Convergence failed at  85  side 2    Res =  0.3494E+01
 Side 1  free  transition at x/c =  0.9971   75
 Side 2  free  transition at x/c =  0.0558   24

  75   rms: 0.4414E+05   max: -.6004E+06   C at   87  2   RLX: 0.000
       a = -3.000      CL = -2.0512
      Cm =  0.4602     CD =  0.60577   =>   CDf =  0.00201    CDp =  0.60376

 MRCHDU: Convergence failed at  82  side 2    Res =  0.5287E+01
 MRCHDU: Convergence failed at  83  side 2    Res =  0.4952E+01
 MRCHDU: Convergence failed at  84  side 2    Res =  0.4224E+01
 MRCHDU: Convergence failed at  85  side 2    Res =  0.3504E+01
 Side 1  free  transition at x/c =  0.9971   75
 Side 2  free  transition at x/c =  0.0558   24

  76   rms: 0.4427E+05   max: -.6022E+06   C at   87  2   RLX: 0.000
       a = -3.000      CL = -2.0512
      Cm =  0.4602     CD =  0.60591   =>   CDf =  0.00201    CDp =  0.60390

 MRCHDU: Convergence failed at  82  side 2    Res =  0.5300E+01
 MRCHDU: Convergence failed at  83  side 2    Res =  0.4965E+01
 MRCHDU: Convergence failed at  84  side 2    Res =  0.4235E+01
 MRCHDU: Convergence failed at  85  side 2    Res =  0.3513E+01
 Side 1  free  transition at x/c =  0.9971   75
 Side 2  free  transition at x/c =  0.0558   24

  77   rms: 0.4440E+05   max: -.6039E+06   C at   87  2   RLX: 0.000
       a = -3.000      CL = -2.0512
      Cm =  0.4602     CD =  0.60605   =>   CDf =  0.00201    CDp =  0.60404

 MRCHDU: Convergence failed at  82  side 2    Res =  0.5314E+01
 MRCHDU: Convergence failed at  83  side 2    Res =  0.4977E+01
 MRCHDU: Convergence failed at  84  side 2    Res =  0.4246E+01
 MRCHDU: Convergence failed at  85  side 2    Res =  0.3523E+01
 Side 1  free  transition at x/c =  0.9971   75
 Side 2  free  transition at x/c =  0.0558   24

  78   rms: 0.4453E+05   max: -.6057E+06   C at   87  2   RLX: 0.000
       a = -3.000      CL = -2.0512
      Cm =  0.4602     CD =  0.60618   =>   CDf =  0.00201    CDp =  0.60417

 MRCHDU: Convergence failed at  82  side 2    Res =  0.5328E+01
 MRCHDU: Convergence failed at  83  side 2    Res =  0.4990E+01
 MRCHDU: Convergence failed at  84  side 2    Res =  0.4258E+01
 MRCHDU: Convergence failed at  85  side 2    Res =  0.3532E+01
 Side 1  free  transition at x/c =  0.9971   75
 Side 2  free  transition at x/c =  0.0558   24

  79   rms: 0.4466E+05   max: -.6075E+06   C at   87  2   RLX: 0.000
       a = -3.000      CL = -2.0512
      Cm =  0.4602     CD =  0.60632   =>   CDf =  0.00201    CDp =  0.60431

 MRCHDU: Convergence failed at  82  side 2    Res =  0.5341E+01
 MRCHDU: Convergence failed at  83  side 2    Res =  0.5003E+01
 MRCHDU: Convergence failed at  84  side 2    Res =  0.4269E+01
 MRCHDU: Convergence failed at  85  side 2    Res =  0.3542E+01
 Side 1  free  transition at x/c =  0.9971   75
 Side 2  free  transition at x/c =  0.0558   24

  80   rms: 0.4479E+05   max: -.6092E+06   C at   87  2   RLX: 0.000
       a = -3.000      CL = -2.0512
      Cm =  0.4602     CD =  0.60646   =>   CDf =  0.00201    CDp =  0.60444

 MRCHDU: Convergence failed at  82  side 2    Res =  0.5355E+01
 MRCHDU: Convergence failed at  83  side 2    Res =  0.5016E+01
 MRCHDU: Convergence failed at  84  side 2    Res =  0.4280E+01
 MRCHDU: Convergence failed at  85  side 2    Res =  0.3551E+01
 Side 1  free  transition at x/c =  0.9971   75
 Side 2  free  transition at x/c =  0.0558   24

  81   rms: 0.4491E+05   max: -.6110E+06   C at   87  2   RLX: 0.000
       a = -3.000      CL = -2.0511
      Cm =  0.4602     CD =  0.60659   =>   CDf =  0.00201    CDp =  0.60458

 MRCHDU: Convergence failed at  82  side 2    Res =  0.5369E+01
 MRCHDU: Convergence failed at  83  side 2    Res =  0.5029E+01
 MRCHDU: Convergence failed at  84  side 2    Res =  0.4291E+01
 MRCHDU: Convergence failed at  85  side 2    Res =  0.3561E+01
 Side 1  free  transition at x/c =  0.9971   75
 Side 2  free  transition at x/c =  0.0558   24

  82   rms: 0.4504E+05   max: -.6127E+06   C at   87  2   RLX: 0.000
       a = -3.000      CL = -2.0511
      Cm =  0.4602     CD =  0.60673   =>   CDf =  0.00201    CDp =  0.60472

 MRCHDU: Convergence failed at  82  side 2    Res =  0.5382E+01
 MRCHDU: Convergence failed at  83  side 2    Res =  0.5042E+01
 MRCHDU: Convergence failed at  84  side 2    Res =  0.4302E+01
 MRCHDU: Convergence failed at  85  side 2    Res =  0.3570E+01
 Side 1  free  transition at x/c =  0.9971   75
 Side 2  free  transition at x/c =  0.0558   24

  83   rms: 0.4517E+05   max: -.6145E+06   C at   87  2   RLX: 0.000
       a = -3.000      CL = -2.0511
      Cm =  0.4602     CD =  0.60686   =>   CDf =  0.00201    CDp =  0.60485

 MRCHDU: Convergence failed at  82  side 2    Res =  0.5396E+01
 MRCHDU: Convergence failed at  83  side 2    Res =  0.5054E+01
 MRCHDU: Convergence failed at  84  side 2    Res =  0.4313E+01
 MRCHDU: Convergence failed at  85  side 2    Res =  0.3580E+01
 Side 1  free  transition at x/c =  0.9971   75
 Side 2  free  transition at x/c =  0.0558   24

  84   rms: 0.4530E+05   max: -.6162E+06   C at   87  2   RLX: 0.000
       a = -3.000      CL = -2.0511
      Cm =  0.4602     CD =  0.60700   =>   CDf =  0.00201    CDp =  0.60499

 MRCHDU: Convergence failed at  82  side 2    Res =  0.5410E+01
 MRCHDU: Convergence failed at  83  side 2    Res =  0.5067E+01
 MRCHDU: Convergence failed at  84  side 2    Res =  0.4324E+01
 MRCHDU: Convergence failed at  85  side 2    Res =  0.3589E+01
 Side 1  free  transition at x/c =  0.9971   75
 Side 2  free  transition at x/c =  0.0558   24

  85   rms: 0.4543E+05   max: -.6180E+06   C at   87  2   RLX: 0.000
       a = -3.000      CL = -2.0511
      Cm =  0.4602     CD =  0.60713   =>   CDf =  0.00201    CDp =  0.60512

 MRCHDU: Convergence failed at  82  side 2    Res =  0.5423E+01
 MRCHDU: Convergence failed at  83  side 2    Res =  0.5080E+01
 MRCHDU: Convergence failed at  84  side 2    Res =  0.4336E+01
 MRCHDU: Convergence failed at  85  side 2    Res =  0.3599E+01
 Side 1  free  transition at x/c =  0.9971   75
 Side 2  free  transition at x/c =  0.0558   24

  86   rms: 0.4556E+05   max: -.6198E+06   C at   87  2   RLX: 0.000
       a = -3.000      CL = -2.0511
      Cm =  0.4602     CD =  0.60727   =>   CDf =  0.00201    CDp =  0.60526

 MRCHDU: Convergence failed at  82  side 2    Res =  0.5437E+01
 MRCHDU: Convergence failed at  83  side 2    Res =  0.5093E+01
 MRCHDU: Convergence failed at  84  side 2    Res =  0.4347E+01
 MRCHDU: Convergence failed at  85  side 2    Res =  0.3608E+01
 Side 1  free  transition at x/c =  0.9971   75
 Side 2  free  transition at x/c =  0.0558   24

  87   rms: 0.4569E+05   max: -.6215E+06   C at   87  2   RLX: 0.000
       a = -3.000      CL = -2.0511
      Cm =  0.4602     CD =  0.60740   =>   CDf =  0.00201    CDp =  0.60539

 MRCHDU: Convergence failed at  82  side 2    Res =  0.5451E+01
 MRCHDU: Convergence failed at  83  side 2    Res =  0.5106E+01
 MRCHDU: Convergence failed at  84  side 2    Res =  0.4358E+01
 MRCHDU: Convergence failed at  85  side 2    Res =  0.3618E+01
 Side 1  free  transition at x/c =  0.9971   75
 Side 2  free  transition at x/c =  0.0558   24

  88   rms: 0.4582E+05   max: -.6233E+06   C at   87  2   RLX: 0.000
       a = -3.000      CL = -2.0511
      Cm =  0.4602     CD =  0.60754   =>   CDf =  0.00201    CDp =  0.60553

 MRCHDU: Convergence failed at  82  side 2    Res =  0.5465E+01
 MRCHDU: Convergence failed at  83  side 2    Res =  0.5119E+01
 MRCHDU: Convergence failed at  84  side 2    Res =  0.4369E+01
 MRCHDU: Convergence failed at  85  side 2    Res =  0.3627E+01
 Side 1  free  transition at x/c =  0.9971   75
 Side 2  free  transition at x/c =  0.0558   24

  89   rms: 0.4595E+05   max: -.6250E+06   C at   87  2   RLX: 0.000
       a = -3.000      CL = -2.0511
      Cm =  0.4602     CD =  0.60767   =>   CDf =  0.00201    CDp =  0.60566

 MRCHDU: Convergence failed at  82  side 2    Res =  0.5478E+01
 MRCHDU: Convergence failed at  83  side 2    Res =  0.5131E+01
 MRCHDU: Convergence failed at  84  side 2    Res =  0.4380E+01
 MRCHDU: Convergence failed at  85  side 2    Res =  0.3637E+01
 Side 1  free  transition at x/c =  0.9971   75
 Side 2  free  transition at x/c =  0.0558   24

  90   rms: 0.4608E+05   max: -.6268E+06   C at   87  2   RLX: 0.000
       a = -3.000      CL = -2.0511
      Cm =  0.4602     CD =  0.60781   =>   CDf =  0.00201    CDp =  0.60580

 MRCHDU: Convergence failed at  82  side 2    Res =  0.5492E+01
 MRCHDU: Convergence failed at  83  side 2    Res =  0.5144E+01
 MRCHDU: Convergence failed at  84  side 2    Res =  0.4391E+01
 MRCHDU: Convergence failed at  85  side 2    Res =  0.3646E+01
 Side 1  free  transition at x/c =  0.9971   75
 Side 2  free  transition at x/c =  0.0558   24

  91   rms: 0.4620E+05   max: -.6285E+06   C at   87  2   RLX: 0.000
       a = -3.000      CL = -2.0511
      Cm =  0.4602     CD =  0.60794   =>   CDf =  0.00201    CDp =  0.60593

 MRCHDU: Convergence failed at  82  side 2    Res =  0.5506E+01
 MRCHDU: Convergence failed at  83  side 2    Res =  0.5157E+01
 MRCHDU: Convergence failed at  84  side 2    Res =  0.4403E+01
 MRCHDU: Convergence failed at  85  side 2    Res =  0.3656E+01
 Side 1  free  transition at x/c =  0.9971   75
 Side 2  free  transition at x/c =  0.0558   24

  92   rms: 0.4633E+05   max: -.6302E+06   C at   87  2   RLX: 0.000
       a = -3.000      CL = -2.0511
      Cm =  0.4602     CD =  0.60808   =>   CDf =  0.00201    CDp =  0.60606

 MRCHDU: Convergence failed at  82  side 2    Res =  0.5519E+01
 MRCHDU: Convergence failed at  83  side 2    Res =  0.5170E+01
 MRCHDU: Convergence failed at  84  side 2    Res =  0.4414E+01
 MRCHDU: Convergence failed at  85  side 2    Res =  0.3665E+01
 Side 1  free  transition at x/c =  0.9971   75
 Side 2  free  transition at x/c =  0.0558   24

  93   rms: 0.4646E+05   max: -.6320E+06   C at   87  2   RLX: 0.000
       a = -3.000      CL = -2.0511
      Cm =  0.4602     CD =  0.60821   =>   CDf =  0.00201    CDp =  0.60620

 MRCHDU: Convergence failed at  82  side 2    Res =  0.5533E+01
 MRCHDU: Convergence failed at  83  side 2    Res =  0.5183E+01
 MRCHDU: Convergence failed at  84  side 2    Res =  0.4425E+01
 MRCHDU: Convergence failed at  85  side 2    Res =  0.3675E+01
 Side 1  free  transition at x/c =  0.9971   75
 Side 2  free  transition at x/c =  0.0558   24

  94   rms: 0.4659E+05   max: -.6337E+06   C at   87  2   RLX: 0.000
       a = -3.000      CL = -2.0511
      Cm =  0.4602     CD =  0.60834   =>   CDf =  0.00201    CDp =  0.60633

 MRCHDU: Convergence failed at  82  side 2    Res =  0.5547E+01
 MRCHDU: Convergence failed at  83  side 2    Res =  0.5196E+01
 MRCHDU: Convergence failed at  84  side 2    Res =  0.4436E+01
 MRCHDU: Convergence failed at  85  side 2    Res =  0.3684E+01
 Side 1  free  transition at x/c =  0.9971   75
 Side 2  free  transition at x/c =  0.0558   24

  95   rms: 0.4672E+05   max: -.6355E+06   C at   87  2   RLX: 0.000
       a = -3.000      CL = -2.0511
      Cm =  0.4602     CD =  0.60848   =>   CDf =  0.00201    CDp =  0.60647

 MRCHDU: Convergence failed at  82  side 2    Res =  0.5560E+01
 MRCHDU: Convergence failed at  83  side 2    Res =  0.5208E+01
 MRCHDU: Convergence failed at  84  side 2    Res =  0.4447E+01
 MRCHDU: Convergence failed at  85  side 2    Res =  0.3694E+01
 Side 1  free  transition at x/c =  0.9971   75
 Side 2  free  transition at x/c =  0.0558   24

  96   rms: 0.4684E+05   max: -.6372E+06   C at   87  2   RLX: 0.000
       a = -3.000      CL = -2.0511
      Cm =  0.4602     CD =  0.60861   =>   CDf =  0.00201    CDp =  0.60660

 MRCHDU: Convergence failed at  82  side 2    Res =  0.5574E+01
 MRCHDU: Convergence failed at  83  side 2    Res =  0.5221E+01
 MRCHDU: Convergence failed at  84  side 2    Res =  0.4458E+01
 MRCHDU: Convergence failed at  85  side 2    Res =  0.3703E+01
 Side 1  free  transition at x/c =  0.9971   75
 Side 2  free  transition at x/c =  0.0558   24

  97   rms: 0.4697E+05   max: -.6389E+06   C at   87  2   RLX: 0.000
       a = -3.000      CL = -2.0511
      Cm =  0.4602     CD =  0.60875   =>   CDf =  0.00201    CDp =  0.60673

 MRCHDU: Convergence failed at  82  side 2    Res =  0.5588E+01
 MRCHDU: Convergence failed at  83  side 2    Res =  0.5234E+01
 MRCHDU: Convergence failed at  84  side 2    Res =  0.4469E+01
 MRCHDU: Convergence failed at  85  side 2    Res =  0.3713E+01
 Side 1  free  transition at x/c =  0.9971   75
 Side 2  free  transition at x/c =  0.0558   24

  98   rms: 0.4710E+05   max: -.6407E+06   C at   87  2   RLX: 0.000
       a = -3.000      CL = -2.0511
      Cm =  0.4602     CD =  0.60888   =>   CDf =  0.00201    CDp =  0.60687

 MRCHDU: Convergence failed at  82  side 2    Res =  0.5601E+01
 MRCHDU: Convergence failed at  83  side 2    Res =  0.5247E+01
 MRCHDU: Convergence failed at  84  side 2    Res =  0.4481E+01
 MRCHDU: Convergence failed at  85  side 2    Res =  0.3722E+01
 Side 1  free  transition at x/c =  0.9971   75
 Side 2  free  transition at x/c =  0.0558   24

  99   rms: 0.4723E+05   max: -.6424E+06   C at   87  2   RLX: 0.000
       a = -3.000      CL = -2.0511
      Cm =  0.4602     CD =  0.60901   =>   CDf =  0.00201    CDp =  0.60700

 MRCHDU: Convergence failed at  82  side 2    Res =  0.5615E+01
 MRCHDU: Convergence failed at  83  side 2    Res =  0.5260E+01
 MRCHDU: Convergence failed at  84  side 2    Res =  0.4492E+01
 MRCHDU: Convergence failed at  85  side 2    Res =  0.3732E+01
 Side 1  free  transition at x/c =  0.9971   75
 Side 2  free  transition at x/c =  0.0558   24

 100   rms: 0.4735E+05   max: -.6441E+06   C at   87  2   RLX: 0.000
       a = -3.000      CL = -2.0511
      Cm =  0.4602     CD =  0.60915   =>   CDf =  0.00201    CDp =  0.60713

 MRCHDU: Convergence failed at  82  side 2    Res =  0.5629E+01
 MRCHDU: Convergence failed at  83  side 2    Res =  0.5273E+01
 MRCHDU: Convergence failed at  84  side 2    Res =  0.4503E+01
 MRCHDU: Convergence failed at  85  side 2    Res =  0.3741E+01
 Side 1  free  transition at x/c =  0.9971   75
 Side 2  free  transition at x/c =  0.0558   24

 101   rms: 0.4748E+05   max: -.6459E+06   C at   87  2   RLX: 0.000
       a = -3.000      CL = -2.0511
      Cm =  0.4602     CD =  0.60928   =>   CDf =  0.00201    CDp =  0.60727

 MRCHDU: Convergence failed at  82  side 2    Res =  0.5642E+01
 MRCHDU: Convergence failed at  83  side 2    Res =  0.5285E+01
 MRCHDU: Convergence failed at  84  side 2    Res =  0.4514E+01
 MRCHDU: Convergence failed at  85  side 2    Res =  0.3751E+01
 Side 1  free  transition at x/c =  0.9971   75
 Side 2  free  transition at x/c =  0.0558   24

 102   rms: 0.4761E+05   max: -.6476E+06   C at   87  2   RLX: 0.000
       a = -3.000      CL = -2.0511
      Cm =  0.4602     CD =  0.60941   =>   CDf =  0.00201    CDp =  0.60740

 MRCHDU: Convergence failed at  82  side 2    Res =  0.5656E+01
 MRCHDU: Convergence failed at  83  side 2    Res =  0.5298E+01
 MRCHDU: Convergence failed at  84  side 2    Res =  0.4525E+01
 MRCHDU: Convergence failed at  85  side 2    Res =  0.3760E+01
 Side 1  free  transition at x/c =  0.9971   75
 Side 2  free  transition at x/c =  0.0558   24

 103   rms: 0.4774E+05   max: -.6493E+06   C at   87  2   RLX: 0.000
       a = -3.000      CL = -2.0511
      Cm =  0.4602     CD =  0.60954   =>   CDf =  0.00201    CDp =  0.60753

 MRCHDU: Convergence failed at  82  side 2    Res =  0.5670E+01
 MRCHDU: Convergence failed at  83  side 2    Res =  0.5311E+01
 MRCHDU: Convergence failed at  84  side 2    Res =  0.4536E+01
 MRCHDU: Convergence failed at  85  side 2    Res =  0.3770E+01
 Side 1  free  transition at x/c =  0.9971   75
 Side 2  free  transition at x/c =  0.0558   24

 104   rms: 0.4786E+05   max: -.6511E+06   C at   87  2   RLX: 0.000
       a = -3.000      CL = -2.0511
      Cm =  0.4602     CD =  0.60968   =>   CDf =  0.00201    CDp =  0.60766

 MRCHDU: Convergence failed at  82  side 2    Res =  0.5683E+01
 MRCHDU: Convergence failed at  83  side 2    Res =  0.5324E+01
 MRCHDU: Convergence failed at  84  side 2    Res =  0.4547E+01
 MRCHDU: Convergence failed at  85  side 2    Res =  0.3779E+01
 Side 1  free  transition at x/c =  0.9971   75
 Side 2  free  transition at x/c =  0.0558   24

 105   rms: 0.4800E+05   max: -.6529E+06   C at   87  2   RLX: 0.000
       a = -3.000      CL = -2.0511
      Cm =  0.4602     CD =  0.60981   =>   CDf =  0.00201    CDp =  0.60780

 MRCHDU: Convergence failed at  82  side 2    Res =  0.5697E+01
 MRCHDU: Convergence failed at  83  side 2    Res =  0.5337E+01
 MRCHDU: Convergence failed at  84  side 2    Res =  0.4558E+01
 MRCHDU: Convergence failed at  85  side 2    Res =  0.3789E+01
 Side 1  free  transition at x/c =  0.9971   75
 Side 2  free  transition at x/c =  0.0558   24

 106   rms: 0.4813E+05   max: -.6546E+06   C at   87  2   RLX: 0.000
       a = -3.000      CL = -2.0511
      Cm =  0.4602     CD =  0.60994   =>   CDf =  0.00201    CDp =  0.60793

 MRCHDU: Convergence failed at  82  side 2    Res =  0.5711E+01
 MRCHDU: Convergence failed at  83  side 2    Res =  0.5350E+01
 MRCHDU: Convergence failed at  84  side 2    Res =  0.4570E+01
 MRCHDU: Convergence failed at  85  side 2    Res =  0.3798E+01
 Side 1  free  transition at x/c =  0.9971   75
 Side 2  free  transition at x/c =  0.0558   24

 107   rms: 0.4825E+05   max: -.6563E+06   C at   87  2   RLX: 0.000
       a = -3.000      CL = -2.0511
      Cm =  0.4602     CD =  0.61007   =>   CDf =  0.00201    CDp =  0.60806

 MRCHDU: Convergence failed at  82  side 2    Res =  0.5724E+01
 MRCHDU: Convergence failed at  83  side 2    Res =  0.5362E+01
 MRCHDU: Convergence failed at  84  side 2    Res =  0.4581E+01
 MRCHDU: Convergence failed at  85  side 2    Res =  0.3808E+01
 Side 1  free  transition at x/c =  0.9971   75
 Side 2  free  transition at x/c =  0.0558   24

 108   rms: 0.4838E+05   max: -.6581E+06   C at   87  2   RLX: 0.000
       a = -3.000      CL = -2.0511
      Cm =  0.4602     CD =  0.61021   =>   CDf =  0.00201    CDp =  0.60819

 MRCHDU: Convergence failed at  82  side 2    Res =  0.5738E+01
 MRCHDU: Convergence failed at  83  side 2    Res =  0.5375E+01
 MRCHDU: Convergence failed at  84  side 2    Res =  0.4592E+01
 MRCHDU: Convergence failed at  85  side 2    Res =  0.3817E+01
 Side 1  free  transition at x/c =  0.9971   75
 Side 2  free  transition at x/c =  0.0558   24

 109   rms: 0.4851E+05   max: -.6598E+06   C at   87  2   RLX: 0.000
       a = -3.000      CL = -2.0511
      Cm =  0.4602     CD =  0.61034   =>   CDf =  0.00201    CDp =  0.60833

 MRCHDU: Convergence failed at  82  side 2    Res =  0.5752E+01
 MRCHDU: Convergence failed at  83  side 2    Res =  0.5388E+01
 MRCHDU: Convergence failed at  84  side 2    Res =  0.4603E+01
 MRCHDU: Convergence failed at  85  side 2    Res =  0.3827E+01
 Side 1  free  transition at x/c =  0.9971   75
 Side 2  free  transition at x/c =  0.0558   24

 110   rms: 0.4863E+05   max: -.6615E+06   C at   87  2   RLX: 0.000
       a = -3.000      CL = -2.0511
      Cm =  0.4602     CD =  0.61047   =>   CDf =  0.00201    CDp =  0.60846

 MRCHDU: Convergence failed at  82  side 2    Res =  0.5765E+01
 MRCHDU: Convergence failed at  83  side 2    Res =  0.5401E+01
 MRCHDU: Convergence failed at  84  side 2    Res =  0.4614E+01
 MRCHDU: Convergence failed at  85  side 2    Res =  0.3836E+01
 Side 1  free  transition at x/c =  0.9971   75
 Side 2  free  transition at x/c =  0.0558   24

 111   rms: 0.4876E+05   max: -.6633E+06   C at   87  2   RLX: 0.000
       a = -3.000      CL = -2.0511
      Cm =  0.4602     CD =  0.61060   =>   CDf =  0.00201    CDp =  0.60859

 MRCHDU: Convergence failed at  82  side 2    Res =  0.5779E+01
 MRCHDU: Convergence failed at  83  side 2    Res =  0.5414E+01
 MRCHDU: Convergence failed at  84  side 2    Res =  0.4625E+01
 MRCHDU: Convergence failed at  85  side 2    Res =  0.3846E+01
 Side 1  free  transition at x/c =  0.9971   75
 Side 2  free  transition at x/c =  0.0558   24

 112   rms: 0.4889E+05   max: -.6650E+06   C at   87  2   RLX: 0.000
       a = -3.000      CL = -2.0511
      Cm =  0.4602     CD =  0.61073   =>   CDf =  0.00201    CDp =  0.60872

 MRCHDU: Convergence failed at  82  side 2    Res =  0.5793E+01
 MRCHDU: Convergence failed at  83  side 2    Res =  0.5427E+01
 MRCHDU: Convergence failed at  84  side 2    Res =  0.4636E+01
 MRCHDU: Convergence failed at  85  side 2    Res =  0.3855E+01
 Side 1  free  transition at x/c =  0.9971   75
 Side 2  free  transition at x/c =  0.0558   24

 113   rms: 0.4902E+05   max: -.6667E+06   C at   87  2   RLX: 0.000
       a = -3.000      CL = -2.0510
      Cm =  0.4602     CD =  0.61086   =>   CDf =  0.00201    CDp =  0.60885

 MRCHDU: Convergence failed at  82  side 2    Res =  0.5806E+01
 MRCHDU: Convergence failed at  83  side 2    Res =  0.5439E+01
 MRCHDU: Convergence failed at  84  side 2    Res =  0.4647E+01
 MRCHDU: Convergence failed at  85  side 2    Res =  0.3865E+01
 Side 1  free  transition at x/c =  0.9971   75
 Side 2  free  transition at x/c =  0.0558   24

 114   rms: 0.4914E+05   max: -.6684E+06   C at   87  2   RLX: 0.000
       a = -3.000      CL = -2.0510
      Cm =  0.4602     CD =  0.61100   =>   CDf =  0.00201    CDp =  0.60898

 MRCHDU: Convergence failed at  82  side 2    Res =  0.5820E+01
 MRCHDU: Convergence failed at  83  side 2    Res =  0.5452E+01
 MRCHDU: Convergence failed at  84  side 2    Res =  0.4659E+01
 MRCHDU: Convergence failed at  85  side 2    Res =  0.3874E+01
 Side 1  free  transition at x/c =  0.9971   75
 Side 2  free  transition at x/c =  0.0558   24

 115   rms: 0.4927E+05   max: -.6701E+06   C at   87  2   RLX: 0.000
       a = -3.000      CL = -2.0510
      Cm =  0.4602     CD =  0.61113   =>   CDf =  0.00201    CDp =  0.60912

 MRCHDU: Convergence failed at  82  side 2    Res =  0.5834E+01
 MRCHDU: Convergence failed at  83  side 2    Res =  0.5465E+01
 MRCHDU: Convergence failed at  84  side 2    Res =  0.4670E+01
 MRCHDU: Convergence failed at  85  side 2    Res =  0.3884E+01
 Side 1  free  transition at x/c =  0.9971   75
 Side 2  free  transition at x/c =  0.0558   24

 116   rms: 0.4939E+05   max: -.6718E+06   C at   87  2   RLX: 0.000
       a = -3.000      CL = -2.0510
      Cm =  0.4602     CD =  0.61126   =>   CDf =  0.00201    CDp =  0.60925

 MRCHDU: Convergence failed at  82  side 2    Res =  0.5848E+01
 MRCHDU: Convergence failed at  83  side 2    Res =  0.5478E+01
 MRCHDU: Convergence failed at  84  side 2    Res =  0.4681E+01
 MRCHDU: Convergence failed at  85  side 2    Res =  0.3893E+01
 Side 1  free  transition at x/c =  0.9971   75
 Side 2  free  transition at x/c =  0.0558   24

 117   rms: 0.4952E+05   max: -.6735E+06   C at   87  2   RLX: 0.000
       a = -3.000      CL = -2.0510
      Cm =  0.4602     CD =  0.61139   =>   CDf =  0.00201    CDp =  0.60938

 MRCHDU: Convergence failed at  82  side 2    Res =  0.5861E+01
 MRCHDU: Convergence failed at  83  side 2    Res =  0.5491E+01
 MRCHDU: Convergence failed at  84  side 2    Res =  0.4692E+01
 MRCHDU: Convergence failed at  85  side 2    Res =  0.3903E+01
 Side 1  free  transition at x/c =  0.9971   75
 Side 2  free  transition at x/c =  0.0558   24

 118   rms: 0.4964E+05   max: -.6752E+06   C at   87  2   RLX: 0.000
       a = -3.000      CL = -2.0510
      Cm =  0.4602     CD =  0.61152   =>   CDf =  0.00201    CDp =  0.60951

 MRCHDU: Convergence failed at  82  side 2    Res =  0.5875E+01
 MRCHDU: Convergence failed at  83  side 2    Res =  0.5503E+01
 MRCHDU: Convergence failed at  84  side 2    Res =  0.4703E+01
 MRCHDU: Convergence failed at  85  side 2    Res =  0.3912E+01
 Side 1  free  transition at x/c =  0.9971   75
 Side 2  free  transition at x/c =  0.0558   24

 119   rms: 0.4977E+05   max: -.6769E+06   C at   87  2   RLX: 0.000
       a = -3.000      CL = -2.0510
      Cm =  0.4602     CD =  0.61165   =>   CDf =  0.00201    CDp =  0.60964

 MRCHDU: Convergence failed at  82  side 2    Res =  0.5889E+01
 MRCHDU: Convergence failed at  83  side 2    Res =  0.5516E+01
 MRCHDU: Convergence failed at  84  side 2    Res =  0.4714E+01
 MRCHDU: Convergence failed at  85  side 2    Res =  0.3922E+01
 Side 1  free  transition at x/c =  0.9971   75
 Side 2  free  transition at x/c =  0.0558   24

 120   rms: 0.4989E+05   max: -.6786E+06   C at   87  2   RLX: 0.000
       a = -3.000      CL = -2.0510
      Cm =  0.4602     CD =  0.61178   =>   CDf =  0.00201    CDp =  0.60977

 MRCHDU: Convergence failed at  82  side 2    Res =  0.5902E+01
 MRCHDU: Convergence failed at  83  side 2    Res =  0.5529E+01
 MRCHDU: Convergence failed at  84  side 2    Res =  0.4725E+01
 MRCHDU: Convergence failed at  85  side 2    Res =  0.3931E+01
 Side 1  free  transition at x/c =  0.9971   75
 Side 2  free  transition at x/c =  0.0558   24

 121   rms: 0.5002E+05   max: -.6803E+06   C at   87  2   RLX: 0.000
       a = -3.000      CL = -2.0510
      Cm =  0.4602     CD =  0.61191   =>   CDf =  0.00201    CDp =  0.60990

 MRCHDU: Convergence failed at  82  side 2    Res =  0.5916E+01
 MRCHDU: Convergence failed at  83  side 2    Res =  0.5542E+01
 MRCHDU: Convergence failed at  84  side 2    Res =  0.4736E+01
 MRCHDU: Convergence failed at  85  side 2    Res =  0.3940E+01
 Side 1  free  transition at x/c =  0.9971   75
 Side 2  free  transition at x/c =  0.0558   24

 122   rms: 0.5014E+05   max: -.6820E+06   C at   87  2   RLX: 0.000
       a = -3.000      CL = -2.0510
      Cm =  0.4602     CD =  0.61204   =>   CDf =  0.00201    CDp =  0.61003

 MRCHDU: Convergence failed at  82  side 2    Res =  0.5930E+01
 MRCHDU: Convergence failed at  83  side 2    Res =  0.5555E+01
 MRCHDU: Convergence failed at  84  side 2    Res =  0.4748E+01
 MRCHDU: Convergence failed at  85  side 2    Res =  0.3950E+01
 Side 1  free  transition at x/c =  0.9971   75
 Side 2  free  transition at x/c =  0.0558   24

 123   rms: 0.5027E+05   max: -.6837E+06   C at   87  2   RLX: 0.000
       a = -3.000      CL = -2.0510
      Cm =  0.4602     CD =  0.61217   =>   CDf =  0.00201    CDp =  0.61016

 MRCHDU: Convergence failed at  82  side 2    Res =  0.5943E+01
 MRCHDU: Convergence failed at  83  side 2    Res =  0.5568E+01
 MRCHDU: Convergence failed at  84  side 2    Res =  0.4759E+01
 MRCHDU: Convergence failed at  85  side 2    Res =  0.3959E+01
 Side 1  free  transition at x/c =  0.9971   75
 Side 2  free  transition at x/c =  0.0558   24

 124   rms: 0.5039E+05   max: -.6854E+06   C at   87  2   RLX: 0.000
       a = -3.000      CL = -2.0510
      Cm =  0.4602     CD =  0.61230   =>   CDf =  0.00201    CDp =  0.61029

 MRCHDU: Convergence failed at  82  side 2    Res =  0.5957E+01
 MRCHDU: Convergence failed at  83  side 2    Res =  0.5580E+01
 MRCHDU: Convergence failed at  84  side 2    Res =  0.4770E+01
 MRCHDU: Convergence failed at  85  side 2    Res =  0.3969E+01
 Side 1  free  transition at x/c =  0.9971   75
 Side 2  free  transition at x/c =  0.0558   24

 125   rms: 0.5052E+05   max: -.6871E+06   C at   87  2   RLX: 0.000
       a = -3.000      CL = -2.0510
      Cm =  0.4602     CD =  0.61243   =>   CDf =  0.00201    CDp =  0.61042

 MRCHDU: Convergence failed at  82  side 2    Res =  0.5971E+01
 MRCHDU: Convergence failed at  83  side 2    Res =  0.5593E+01
 MRCHDU: Convergence failed at  84  side 2    Res =  0.4781E+01
 MRCHDU: Convergence failed at  85  side 2    Res =  0.3978E+01
 Side 1  free  transition at x/c =  0.9971   75
 Side 2  free  transition at x/c =  0.0558   24

 126   rms: 0.5064E+05   max: -.6888E+06   C at   87  2   RLX: 0.000
       a = -3.000      CL = -2.0510
      Cm =  0.4602     CD =  0.61256   =>   CDf =  0.00201    CDp =  0.61055

 MRCHDU: Convergence failed at  82  side 2    Res =  0.5984E+01
 MRCHDU: Convergence failed at  83  side 2    Res =  0.5606E+01
 MRCHDU: Convergence failed at  84  side 2    Res =  0.4792E+01
 MRCHDU: Convergence failed at  85  side 2    Res =  0.3988E+01
 Side 1  free  transition at x/c =  0.9971   75
 Side 2  free  transition at x/c =  0.0558   24

 127   rms: 0.5077E+05   max: -.6905E+06   C at   87  2   RLX: 0.000
       a = -3.000      CL = -2.0510
      Cm =  0.4602     CD =  0.61269   =>   CDf =  0.00201    CDp =  0.61068

 MRCHDU: Convergence failed at  82  side 2    Res =  0.5998E+01
 MRCHDU: Convergence failed at  83  side 2    Res =  0.5619E+01
 MRCHDU: Convergence failed at  84  side 2    Res =  0.4803E+01
 MRCHDU: Convergence failed at  85  side 2    Res =  0.3997E+01
 Side 1  free  transition at x/c =  0.9971   75
 Side 2  free  transition at x/c =  0.0558   24

 128   rms: 0.5089E+05   max: -.6922E+06   C at   87  2   RLX: 0.000
       a = -3.000      CL = -2.0510
      Cm =  0.4602     CD =  0.61282   =>   CDf =  0.00201    CDp =  0.61081

 MRCHDU: Convergence failed at  82  side 2    Res =  0.6012E+01
 MRCHDU: Convergence failed at  83  side 2    Res =  0.5632E+01
 MRCHDU: Convergence failed at  84  side 2    Res =  0.4814E+01
 MRCHDU: Convergence failed at  85  side 2    Res =  0.4007E+01
 Side 1  free  transition at x/c =  0.9971   75
 Side 2  free  transition at x/c =  0.0558   24

 129   rms: 0.5102E+05   max: -.6939E+06   C at   87  2   RLX: 0.000
       a = -3.000      CL = -2.0510
      Cm =  0.4602     CD =  0.61295   =>   CDf =  0.00201    CDp =  0.61094

 MRCHDU: Convergence failed at  82  side 2    Res =  0.6025E+01
 MRCHDU: Convergence failed at  83  side 2    Res =  0.5644E+01
 MRCHDU: Convergence failed at  84  side 2    Res =  0.4825E+01
 MRCHDU: Convergence failed at  85  side 2    Res =  0.4016E+01
 Side 1  free  transition at x/c =  0.9971   75
 Side 2  free  transition at x/c =  0.0558   24

 130   rms: 0.5114E+05   max: -.6956E+06   C at   87  2   RLX: 0.000
       a = -3.000      CL = -2.0510
      Cm =  0.4602     CD =  0.61308   =>   CDf =  0.00201    CDp =  0.61107

 MRCHDU: Convergence failed at  82  side 2    Res =  0.6039E+01
 MRCHDU: Convergence failed at  83  side 2    Res =  0.5657E+01
 MRCHDU: Convergence failed at  84  side 2    Res =  0.4837E+01
 MRCHDU: Convergence failed at  85  side 2    Res =  0.4026E+01
 Side 1  free  transition at x/c =  0.9971   75
 Side 2  free  transition at x/c =  0.0558   24

 131   rms: 0.5126E+05   max: -.6972E+06   C at   87  2   RLX: 0.000
       a = -3.000      CL = -2.0510
      Cm =  0.4602     CD =  0.61321   =>   CDf =  0.00201    CDp =  0.61120

 MRCHDU: Convergence failed at  82  side 2    Res =  0.6053E+01
 MRCHDU: Convergence failed at  83  side 2    Res =  0.5670E+01
 MRCHDU: Convergence failed at  84  side 2    Res =  0.4848E+01
 MRCHDU: Convergence failed at  85  side 2    Res =  0.4035E+01
 Side 1  free  transition at x/c =  0.9971   75
 Side 2  free  transition at x/c =  0.0558   24

 132   rms: 0.5139E+05   max: -.6989E+06   C at   87  2   RLX: 0.000
       a = -3.000      CL = -2.0510
      Cm =  0.4602     CD =  0.61334   =>   CDf =  0.00201    CDp =  0.61133

 MRCHDU: Convergence failed at  82  side 2    Res =  0.6066E+01
 MRCHDU: Convergence failed at  83  side 2    Res =  0.5683E+01
 MRCHDU: Convergence failed at  84  side 2    Res =  0.4859E+01
 MRCHDU: Convergence failed at  85  side 2    Res =  0.4045E+01
 Side 1  free  transition at x/c =  0.9971   75
 Side 2  free  transition at x/c =  0.0558   24

 133   rms: 0.5151E+05   max: -.7006E+06   C at   87  2   RLX: 0.000
       a = -3.000      CL = -2.0510
      Cm =  0.4602     CD =  0.61347   =>   CDf =  0.00201    CDp =  0.61146

 MRCHDU: Convergence failed at  82  side 2    Res =  0.6080E+01
 MRCHDU: Convergence failed at  83  side 2    Res =  0.5696E+01
 MRCHDU: Convergence failed at  84  side 2    Res =  0.4870E+01
 MRCHDU: Convergence failed at  85  side 2    Res =  0.4054E+01
 Side 1  free  transition at x/c =  0.9971   75
 Side 2  free  transition at x/c =  0.0558   24

 134   rms: 0.5163E+05   max: -.7023E+06   C at   87  2   RLX: 0.000
       a = -3.000      CL = -2.0510
      Cm =  0.4602     CD =  0.61360   =>   CDf =  0.00201    CDp =  0.61159

 MRCHDU: Convergence failed at  82  side 2    Res =  0.6094E+01
 MRCHDU: Convergence failed at  83  side 2    Res =  0.5709E+01
 MRCHDU: Convergence failed at  84  side 2    Res =  0.4881E+01
 MRCHDU: Convergence failed at  85  side 2    Res =  0.4064E+01
 Side 1  free  transition at x/c =  0.9971   75
 Side 2  free  transition at x/c =  0.0558   24

 135   rms: 0.5176E+05   max: -.7040E+06   C at   87  2   RLX: 0.000
       a = -3.000      CL = -2.0510
      Cm =  0.4602     CD =  0.61373   =>   CDf =  0.00201    CDp =  0.61172

 MRCHDU: Convergence failed at  82  side 2    Res =  0.6107E+01
 MRCHDU: Convergence failed at  83  side 2    Res =  0.5721E+01
 MRCHDU: Convergence failed at  84  side 2    Res =  0.4892E+01
 MRCHDU: Convergence failed at  85  side 2    Res =  0.4073E+01
 Side 1  free  transition at x/c =  0.9971   75
 Side 2  free  transition at x/c =  0.0558   24

 136   rms: 0.5188E+05   max: -.7056E+06   C at   87  2   RLX: 0.000
       a = -3.000      CL = -2.0510
      Cm =  0.4602     CD =  0.61386   =>   CDf =  0.00201    CDp =  0.61185

 MRCHDU: Convergence failed at  82  side 2    Res =  0.6121E+01
 MRCHDU: Convergence failed at  83  side 2    Res =  0.5734E+01
 MRCHDU: Convergence failed at  84  side 2    Res =  0.4903E+01
 MRCHDU: Convergence failed at  85  side 2    Res =  0.4082E+01
 Side 1  free  transition at x/c =  0.9971   75
 Side 2  free  transition at x/c =  0.0558   24

 137   rms: 0.5200E+05   max: -.7073E+06   C at   87  2   RLX: 0.000
       a = -3.000      CL = -2.0510
      Cm =  0.4602     CD =  0.61399   =>   CDf =  0.00201    CDp =  0.61198

 MRCHDU: Convergence failed at  82  side 2    Res =  0.6135E+01
 MRCHDU: Convergence failed at  83  side 2    Res =  0.5747E+01
 MRCHDU: Convergence failed at  84  side 2    Res =  0.4914E+01
 MRCHDU: Convergence failed at  85  side 2    Res =  0.4092E+01
 Side 1  free  transition at x/c =  0.9971   75
 Side 2  free  transition at x/c =  0.0558   24

 138   rms: 0.5213E+05   max: -.7090E+06   C at   87  2   RLX: 0.000
       a = -3.000      CL = -2.0510
      Cm =  0.4602     CD =  0.61412   =>   CDf =  0.00201    CDp =  0.61210

 MRCHDU: Convergence failed at  82  side 2    Res =  0.6148E+01
 MRCHDU: Convergence failed at  83  side 2    Res =  0.5760E+01
 MRCHDU: Convergence failed at  84  side 2    Res =  0.4925E+01
 MRCHDU: Convergence failed at  85  side 2    Res =  0.4101E+01
 Side 1  free  transition at x/c =  0.9971   75
 Side 2  free  transition at x/c =  0.0558   24

 139   rms: 0.5225E+05   max: -.7106E+06   C at   87  2   RLX: 0.000
       a = -3.000      CL = -2.0510
      Cm =  0.4602     CD =  0.61424   =>   CDf =  0.00201    CDp =  0.61223

 MRCHDU: Convergence failed at  82  side 2    Res =  0.6162E+01
 MRCHDU: Convergence failed at  83  side 2    Res =  0.5773E+01
 MRCHDU: Convergence failed at  84  side 2    Res =  0.4937E+01
 MRCHDU: Convergence failed at  85  side 2    Res =  0.4111E+01
 Side 1  free  transition at x/c =  0.9971   75
 Side 2  free  transition at x/c =  0.0558   24

 140   rms: 0.5237E+05   max: -.7123E+06   C at   87  2   RLX: 0.000
       a = -3.000      CL = -2.0510
      Cm =  0.4602     CD =  0.61437   =>   CDf =  0.00201    CDp =  0.61236

 MRCHDU: Convergence failed at  82  side 2    Res =  0.6176E+01
 MRCHDU: Convergence failed at  83  side 2    Res =  0.5785E+01
 MRCHDU: Convergence failed at  84  side 2    Res =  0.4948E+01
 MRCHDU: Convergence failed at  85  side 2    Res =  0.4120E+01
 Side 1  free  transition at x/c =  0.9971   75
 Side 2  free  transition at x/c =  0.0558   24

 141   rms: 0.5250E+05   max: -.7141E+06   C at   87  2   RLX: 0.000
       a = -3.000      CL = -2.0510
      Cm =  0.4602     CD =  0.61450   =>   CDf =  0.00201    CDp =  0.61249

 MRCHDU: Convergence failed at  82  side 2    Res =  0.6189E+01
 MRCHDU: Convergence failed at  83  side 2    Res =  0.5798E+01
 MRCHDU: Convergence failed at  84  side 2    Res =  0.4959E+01
 MRCHDU: Convergence failed at  85  side 2    Res =  0.4130E+01
 Side 1  free  transition at x/c =  0.9971   75
 Side 2  free  transition at x/c =  0.0558   24

 142   rms: 0.5262E+05   max: -.7157E+06   C at   87  2   RLX: 0.000
       a = -3.000      CL = -2.0510
      Cm =  0.4602     CD =  0.61463   =>   CDf =  0.00201    CDp =  0.61262

 MRCHDU: Convergence failed at  82  side 2    Res =  0.6203E+01
 MRCHDU: Convergence failed at  83  side 2    Res =  0.5811E+01
 MRCHDU: Convergence failed at  84  side 2    Res =  0.4970E+01
 MRCHDU: Convergence failed at  85  side 2    Res =  0.4139E+01
 Side 1  free  transition at x/c =  0.9971   75
 Side 2  free  transition at x/c =  0.0558   24

 143   rms: 0.5275E+05   max: -.7174E+06   C at   87  2   RLX: 0.000
       a = -3.000      CL = -2.0510
      Cm =  0.4602     CD =  0.61476   =>   CDf =  0.00201    CDp =  0.61275

 MRCHDU: Convergence failed at  82  side 2    Res =  0.6217E+01
 MRCHDU: Convergence failed at  83  side 2    Res =  0.5824E+01
 MRCHDU: Convergence failed at  84  side 2    Res =  0.4981E+01
 MRCHDU: Convergence failed at  85  side 2    Res =  0.4149E+01
 Side 1  free  transition at x/c =  0.9971   75
 Side 2  free  transition at x/c =  0.0558   24

 144   rms: 0.5287E+05   max: -.7190E+06   C at   87  2   RLX: 0.000
       a = -3.000      CL = -2.0510
      Cm =  0.4602     CD =  0.61489   =>   CDf =  0.00201    CDp =  0.61287

 MRCHDU: Convergence failed at  82  side 2    Res =  0.6231E+01
 MRCHDU: Convergence failed at  83  side 2    Res =  0.5837E+01
 MRCHDU: Convergence failed at  84  side 2    Res =  0.4992E+01
 MRCHDU: Convergence failed at  85  side 2    Res =  0.4158E+01
 Side 1  free  transition at x/c =  0.9971   75
 Side 2  free  transition at x/c =  0.0558   24

 145   rms: 0.5299E+05   max: -.7207E+06   C at   87  2   RLX: 0.000
       a = -3.000      CL = -2.0509
      Cm =  0.4602     CD =  0.61501   =>   CDf =  0.00201    CDp =  0.61300

 MRCHDU: Convergence failed at  82  side 2    Res =  0.6244E+01
 MRCHDU: Convergence failed at  83  side 2    Res =  0.5850E+01
 MRCHDU: Convergence failed at  84  side 2    Res =  0.5003E+01
 MRCHDU: Convergence failed at  85  side 2    Res =  0.4168E+01
 Side 1  free  transition at x/c =  0.9971   75
 Side 2  free  transition at x/c =  0.0558   24

 146   rms: 0.5311E+05   max: -.7224E+06   C at   87  2   RLX: 0.000
       a = -3.000      CL = -2.0509
      Cm =  0.4602     CD =  0.61514   =>   CDf =  0.00201    CDp =  0.61313

 MRCHDU: Convergence failed at  82  side 2    Res =  0.6258E+01
 MRCHDU: Convergence failed at  83  side 2    Res =  0.5862E+01
 MRCHDU: Convergence failed at  84  side 2    Res =  0.5014E+01
 MRCHDU: Convergence failed at  85  side 2    Res =  0.4177E+01
 Side 1  free  transition at x/c =  0.9971   75
 Side 2  free  transition at x/c =  0.0558   24

 147   rms: 0.5323E+05   max: -.7240E+06   C at   87  2   RLX: 0.000
       a = -3.000      CL = -2.0509
      Cm =  0.4602     CD =  0.61527   =>   CDf =  0.00201    CDp =  0.61326

 MRCHDU: Convergence failed at  82  side 2    Res =  0.6272E+01
 MRCHDU: Convergence failed at  83  side 2    Res =  0.5875E+01
 MRCHDU: Convergence failed at  84  side 2    Res =  0.5025E+01
 MRCHDU: Convergence failed at  85  side 2    Res =  0.4186E+01
 Side 1  free  transition at x/c =  0.9971   75
 Side 2  free  transition at x/c =  0.0558   24

 148   rms: 0.5336E+05   max: -.7257E+06   C at   87  2   RLX: 0.000
       a = -3.000      CL = -2.0509
      Cm =  0.4602     CD =  0.61540   =>   CDf =  0.00201    CDp =  0.61339

 MRCHDU: Convergence failed at  82  side 2    Res =  0.6285E+01
 MRCHDU: Convergence failed at  83  side 2    Res =  0.5888E+01
 MRCHDU: Convergence failed at  84  side 2    Res =  0.5037E+01
 MRCHDU: Convergence failed at  85  side 2    Res =  0.4196E+01
 Side 1  free  transition at x/c =  0.9971   75
 Side 2  free  transition at x/c =  0.0558   24

 149   rms: 0.5348E+05   max: -.7273E+06   C at   87  2   RLX: 0.000
       a = -3.000      CL = -2.0509
      Cm =  0.4602     CD =  0.61552   =>   CDf =  0.00201    CDp =  0.61351

 MRCHDU: Convergence failed at  82  side 2    Res =  0.6299E+01
 MRCHDU: Convergence failed at  83  side 2    Res =  0.5901E+01
 MRCHDU: Convergence failed at  84  side 2    Res =  0.5048E+01
 MRCHDU: Convergence failed at  85  side 2    Res =  0.4205E+01
 Side 1  free  transition at x/c =  0.9971   75
 Side 2  free  transition at x/c =  0.0558   24

 150   rms: 0.5360E+05   max: -.7290E+06   C at   87  2   RLX: 0.000
       a = -3.000      CL = -2.0509
      Cm =  0.4602     CD =  0.61565   =>   CDf =  0.00201    CDp =  0.61364

 MRCHDU: Convergence failed at  82  side 2    Res =  0.6313E+01
 MRCHDU: Convergence failed at  83  side 2    Res =  0.5914E+01
 MRCHDU: Convergence failed at  84  side 2    Res =  0.5059E+01
 MRCHDU: Convergence failed at  85  side 2    Res =  0.4215E+01
 Side 1  free  transition at x/c =  0.9971   75
 Side 2  free  transition at x/c =  0.0558   24

 151   rms: 0.5372E+05   max: -.7306E+06   C at   87  2   RLX: 0.000
       a = -3.000      CL = -2.0509
      Cm =  0.4602     CD =  0.61578   =>   CDf =  0.00201    CDp =  0.61377

 MRCHDU: Convergence failed at  82  side 2    Res =  0.6326E+01
 MRCHDU: Convergence failed at  83  side 2    Res =  0.5926E+01
 MRCHDU: Convergence failed at  84  side 2    Res =  0.5070E+01
 MRCHDU: Convergence failed at  85  side 2    Res =  0.4224E+01
 Side 1  free  transition at x/c =  0.9971   75
 Side 2  free  transition at x/c =  0.0558   24

 152   rms: 0.5384E+05   max: -.7323E+06   C at   87  2   RLX: 0.000
       a = -3.000      CL = -2.0509
      Cm =  0.4602     CD =  0.61591   =>   CDf =  0.00201    CDp =  0.61390

 MRCHDU: Convergence failed at  82  side 2    Res =  0.6340E+01
 MRCHDU: Convergence failed at  83  side 2    Res =  0.5939E+01
 MRCHDU: Convergence failed at  84  side 2    Res =  0.5081E+01
 MRCHDU: Convergence failed at  85  side 2    Res =  0.4234E+01
 Side 1  free  transition at x/c =  0.9971   75
 Side 2  free  transition at x/c =  0.0558   24

 153   rms: 0.5396E+05   max: -.7339E+06   C at   87  2   RLX: 0.000
       a = -3.000      CL = -2.0509
      Cm =  0.4602     CD =  0.61603   =>   CDf =  0.00201    CDp =  0.61402

 MRCHDU: Convergence failed at  82  side 2    Res =  0.6354E+01
 MRCHDU: Convergence failed at  83  side 2    Res =  0.5952E+01
 MRCHDU: Convergence failed at  84  side 2    Res =  0.5092E+01
 MRCHDU: Convergence failed at  85  side 2    Res =  0.4243E+01
 Side 1  free  transition at x/c =  0.9971   75
 Side 2  free  transition at x/c =  0.0558   24

 154   rms: 0.5408E+05   max: -.7355E+06   C at   87  2   RLX: 0.000
       a = -3.000      CL = -2.0509
      Cm =  0.4602     CD =  0.61616   =>   CDf =  0.00201    CDp =  0.61415

 MRCHDU: Convergence failed at  82  side 2    Res =  0.6367E+01
 MRCHDU: Convergence failed at  83  side 2    Res =  0.5965E+01
 MRCHDU: Convergence failed at  84  side 2    Res =  0.5103E+01
 MRCHDU: Convergence failed at  85  side 2    Res =  0.4253E+01
 Side 1  free  transition at x/c =  0.9971   75
 Side 2  free  transition at x/c =  0.0558   24

 155   rms: 0.5420E+05   max: -.7372E+06   C at   87  2   RLX: 0.000
       a = -3.000      CL = -2.0509
      Cm =  0.4602     CD =  0.61629   =>   CDf =  0.00201    CDp =  0.61428

 MRCHDU: Convergence failed at  82  side 2    Res =  0.6381E+01
 MRCHDU: Convergence failed at  83  side 2    Res =  0.5978E+01
 MRCHDU: Convergence failed at  84  side 2    Res =  0.5114E+01
 MRCHDU: Convergence failed at  85  side 2    Res =  0.4262E+01
 Side 1  free  transition at x/c =  0.9971   75
 Side 2  free  transition at x/c =  0.0558   24

 156   rms: 0.5432E+05   max: -.7388E+06   C at   87  2   RLX: 0.000
       a = -3.000      CL = -2.0509
      Cm =  0.4602     CD =  0.61642   =>   CDf =  0.00201    CDp =  0.61440

 MRCHDU: Convergence failed at  82  side 2    Res =  0.6395E+01
 MRCHDU: Convergence failed at  83  side 2    Res =  0.5990E+01
 MRCHDU: Convergence failed at  84  side 2    Res =  0.5125E+01
 MRCHDU: Convergence failed at  85  side 2    Res =  0.4272E+01
 Side 1  free  transition at x/c =  0.9971   75
 Side 2  free  transition at x/c =  0.0558   24

 157   rms: 0.5444E+05   max: -.7404E+06   C at   87  2   RLX: 0.000
       a = -3.000      CL = -2.0509
      Cm =  0.4602     CD =  0.61654   =>   CDf =  0.00201    CDp =  0.61453

 MRCHDU: Convergence failed at  82  side 2    Res =  0.6408E+01
 MRCHDU: Convergence failed at  83  side 2    Res =  0.6003E+01
 MRCHDU: Convergence failed at  84  side 2    Res =  0.5136E+01
 MRCHDU: Convergence failed at  85  side 2    Res =  0.4281E+01
 Side 1  free  transition at x/c =  0.9971   75
 Side 2  free  transition at x/c =  0.0558   24

 158   rms: 0.5457E+05   max: -.7421E+06   C at   87  2   RLX: 0.000
       a = -3.000      CL = -2.0509
      Cm =  0.4602     CD =  0.61667   =>   CDf =  0.00201    CDp =  0.61466

 MRCHDU: Convergence failed at  82  side 2    Res =  0.6422E+01
 MRCHDU: Convergence failed at  83  side 2    Res =  0.6016E+01
 MRCHDU: Convergence failed at  84  side 2    Res =  0.5148E+01
 MRCHDU: Convergence failed at  85  side 2    Res =  0.4290E+01
 Side 1  free  transition at x/c =  0.9971   75
 Side 2  free  transition at x/c =  0.0558   24

 159   rms: 0.5469E+05   max: -.7437E+06   C at   87  2   RLX: 0.000
       a = -3.000      CL = -2.0509
      Cm =  0.4602     CD =  0.61680   =>   CDf =  0.00201    CDp =  0.61478

 MRCHDU: Convergence failed at  82  side 2    Res =  0.6436E+01
 MRCHDU: Convergence failed at  83  side 2    Res =  0.6029E+01
 MRCHDU: Convergence failed at  84  side 2    Res =  0.5159E+01
 MRCHDU: Convergence failed at  85  side 2    Res =  0.4300E+01
 Side 1  free  transition at x/c =  0.9971   75
 Side 2  free  transition at x/c =  0.0558   24

 160   rms: 0.5481E+05   max: -.7453E+06   C at   87  2   RLX: 0.000
       a = -3.000      CL = -2.0509
      Cm =  0.4602     CD =  0.61692   =>   CDf =  0.00201    CDp =  0.61491

 MRCHDU: Convergence failed at  82  side 2    Res =  0.6449E+01
 MRCHDU: Convergence failed at  83  side 2    Res =  0.6042E+01
 MRCHDU: Convergence failed at  84  side 2    Res =  0.5170E+01
 MRCHDU: Convergence failed at  85  side 2    Res =  0.4309E+01
 Side 1  free  transition at x/c =  0.9971   75
 Side 2  free  transition at x/c =  0.0558   24

 161   rms: 0.5493E+05   max: -.7470E+06   C at   87  2   RLX: 0.000
       a = -3.000      CL = -2.0509
      Cm =  0.4602     CD =  0.61705   =>   CDf =  0.00201    CDp =  0.61504

 MRCHDU: Convergence failed at  82  side 2    Res =  0.6463E+01
 MRCHDU: Convergence failed at  83  side 2    Res =  0.6054E+01
 MRCHDU: Convergence failed at  84  side 2    Res =  0.5181E+01
 MRCHDU: Convergence failed at  85  side 2    Res =  0.4319E+01
 Side 1  free  transition at x/c =  0.9971   75
 Side 2  free  transition at x/c =  0.0558   24

 162   rms: 0.5505E+05   max: -.7486E+06   C at   87  2   RLX: 0.000
       a = -3.000      CL = -2.0509
      Cm =  0.4602     CD =  0.61717   =>   CDf =  0.00201    CDp =  0.61516

 MRCHDU: Convergence failed at  82  side 2    Res =  0.6477E+01
 MRCHDU: Convergence failed at  83  side 2    Res =  0.6067E+01
 MRCHDU: Convergence failed at  84  side 2    Res =  0.5192E+01
 MRCHDU: Convergence failed at  85  side 2    Res =  0.4328E+01
 Side 1  free  transition at x/c =  0.9971   75
 Side 2  free  transition at x/c =  0.0558   24

 163   rms: 0.5516E+05   max: -.7502E+06   C at   87  2   RLX: 0.000
       a = -3.000      CL = -2.0509
      Cm =  0.4602     CD =  0.61730   =>   CDf =  0.00201    CDp =  0.61529

 MRCHDU: Convergence failed at  82  side 2    Res =  0.6490E+01
 MRCHDU: Convergence failed at  83  side 2    Res =  0.6080E+01
 MRCHDU: Convergence failed at  84  side 2    Res =  0.5203E+01
 MRCHDU: Convergence failed at  85  side 2    Res =  0.4338E+01
 Side 1  free  transition at x/c =  0.9971   75
 Side 2  free  transition at x/c =  0.0558   24

 164   rms: 0.5528E+05   max: -.7518E+06   C at   87  2   RLX: 0.000
       a = -3.000      CL = -2.0509
      Cm =  0.4602     CD =  0.61743   =>   CDf =  0.00201    CDp =  0.61542

 MRCHDU: Convergence failed at  82  side 2    Res =  0.6504E+01
 MRCHDU: Convergence failed at  83  side 2    Res =  0.6093E+01
 MRCHDU: Convergence failed at  84  side 2    Res =  0.5214E+01
 MRCHDU: Convergence failed at  85  side 2    Res =  0.4347E+01
 Side 1  free  transition at x/c =  0.9971   75
 Side 2  free  transition at x/c =  0.0558   24

 165   rms: 0.5540E+05   max: -.7535E+06   C at   87  2   RLX: 0.000
       a = -3.000      CL = -2.0509
      Cm =  0.4602     CD =  0.61755   =>   CDf =  0.00201    CDp =  0.61554

 MRCHDU: Convergence failed at  82  side 2    Res =  0.6518E+01
 MRCHDU: Convergence failed at  83  side 2    Res =  0.6106E+01
 MRCHDU: Convergence failed at  84  side 2    Res =  0.5225E+01
 MRCHDU: Convergence failed at  85  side 2    Res =  0.4356E+01
 Side 1  free  transition at x/c =  0.9971   75
 Side 2  free  transition at x/c =  0.0558   24

 166   rms: 0.5552E+05   max: -.7551E+06   C at   87  2   RLX: 0.000
       a = -3.000      CL = -2.0509
      Cm =  0.4602     CD =  0.61768   =>   CDf =  0.00201    CDp =  0.61567

 MRCHDU: Convergence failed at  82  side 2    Res =  0.6532E+01
 MRCHDU: Convergence failed at  83  side 2    Res =  0.6119E+01
 MRCHDU: Convergence failed at  84  side 2    Res =  0.5236E+01
 MRCHDU: Convergence failed at  85  side 2    Res =  0.4366E+01
 Side 1  free  transition at x/c =  0.9971   75
 Side 2  free  transition at x/c =  0.0558   24

 167   rms: 0.5564E+05   max: -.7567E+06   C at   87  2   RLX: 0.000
       a = -3.000      CL = -2.0509
      Cm =  0.4602     CD =  0.61781   =>   CDf =  0.00201    CDp =  0.61579

 MRCHDU: Convergence failed at  82  side 2    Res =  0.6545E+01
 MRCHDU: Convergence failed at  83  side 2    Res =  0.6131E+01
 MRCHDU: Convergence failed at  84  side 2    Res =  0.5247E+01
 MRCHDU: Convergence failed at  85  side 2    Res =  0.4375E+01
 Side 1  free  transition at x/c =  0.9971   75
 Side 2  free  transition at x/c =  0.0558   24

 168   rms: 0.5576E+05   max: -.7583E+06   C at   87  2   RLX: 0.000
       a = -3.000      CL = -2.0509
      Cm =  0.4602     CD =  0.61793   =>   CDf =  0.00201    CDp =  0.61592

 MRCHDU: Convergence failed at  82  side 2    Res =  0.6559E+01
 MRCHDU: Convergence failed at  83  side 2    Res =  0.6144E+01
 MRCHDU: Convergence failed at  84  side 2    Res =  0.5258E+01
 MRCHDU: Convergence failed at  85  side 2    Res =  0.4385E+01
 Side 1  free  transition at x/c =  0.9971   75
 Side 2  free  transition at x/c =  0.0558   24

 169   rms: 0.5588E+05   max: -.7599E+06   C at   87  2   RLX: 0.000
       a = -3.000      CL = -2.0509
      Cm =  0.4602     CD =  0.61806   =>   CDf =  0.00201    CDp =  0.61605

 MRCHDU: Convergence failed at  82  side 2    Res =  0.6573E+01
 MRCHDU: Convergence failed at  83  side 2    Res =  0.6157E+01
 MRCHDU: Convergence failed at  84  side 2    Res =  0.5270E+01
 MRCHDU: Convergence failed at  85  side 2    Res =  0.4394E+01
 Side 1  free  transition at x/c =  0.9971   75
 Side 2  free  transition at x/c =  0.0558   24

 170   rms: 0.5600E+05   max: -.7615E+06   C at   87  2   RLX: 0.000
       a = -3.000      CL = -2.0509
      Cm =  0.4602     CD =  0.61818   =>   CDf =  0.00201    CDp =  0.61617

 MRCHDU: Convergence failed at  82  side 2    Res =  0.6586E+01
 MRCHDU: Convergence failed at  83  side 2    Res =  0.6170E+01
 MRCHDU: Convergence failed at  84  side 2    Res =  0.5281E+01
 MRCHDU: Convergence failed at  85  side 2    Res =  0.4404E+01
 Side 1  free  transition at x/c =  0.9971   75
 Side 2  free  transition at x/c =  0.0558   24

 171   rms: 0.5612E+05   max: -.7632E+06   C at   87  2   RLX: 0.000
       a = -3.000      CL = -2.0509
      Cm =  0.4602     CD =  0.61831   =>   CDf =  0.00201    CDp =  0.61630

 MRCHDU: Convergence failed at  82  side 2    Res =  0.6600E+01
 MRCHDU: Convergence failed at  83  side 2    Res =  0.6183E+01
 MRCHDU: Convergence failed at  84  side 2    Res =  0.5292E+01
 MRCHDU: Convergence failed at  85  side 2    Res =  0.4413E+01
 Side 1  free  transition at x/c =  0.9971   75
 Side 2  free  transition at x/c =  0.0558   24

 172   rms: 0.5624E+05   max: -.7648E+06   C at   87  2   RLX: 0.000
       a = -3.000      CL = -2.0509
      Cm =  0.4602     CD =  0.61843   =>   CDf =  0.00201    CDp =  0.61642

 MRCHDU: Convergence failed at  82  side 2    Res =  0.6614E+01
 MRCHDU: Convergence failed at  83  side 2    Res =  0.6195E+01
 MRCHDU: Convergence failed at  84  side 2    Res =  0.5303E+01
 MRCHDU: Convergence failed at  85  side 2    Res =  0.4422E+01
 Side 1  free  transition at x/c =  0.9971   75
 Side 2  free  transition at x/c =  0.0558   24

 173   rms: 0.5635E+05   max: -.7664E+06   C at   87  2   RLX: 0.000
       a = -3.000      CL = -2.0509
      Cm =  0.4602     CD =  0.61856   =>   CDf =  0.00201    CDp =  0.61655

 MRCHDU: Convergence failed at  82  side 2    Res =  0.6627E+01
 MRCHDU: Convergence failed at  83  side 2    Res =  0.6208E+01
 MRCHDU: Convergence failed at  84  side 2    Res =  0.5314E+01
 MRCHDU: Convergence failed at  85  side 2    Res =  0.4432E+01
 Side 1  free  transition at x/c =  0.9971   75
 Side 2  free  transition at x/c =  0.0558   24

 174   rms: 0.5647E+05   max: -.7680E+06   C at   87  2   RLX: 0.000
       a = -3.000      CL = -2.0509
      Cm =  0.4602     CD =  0.61868   =>   CDf =  0.00201    CDp =  0.61667

 MRCHDU: Convergence failed at  82  side 2    Res =  0.6641E+01
 MRCHDU: Convergence failed at  83  side 2    Res =  0.6221E+01
 MRCHDU: Convergence failed at  84  side 2    Res =  0.5325E+01
 MRCHDU: Convergence failed at  85  side 2    Res =  0.4441E+01
 Side 1  free  transition at x/c =  0.9971   75
 Side 2  free  transition at x/c =  0.0558   24

 175   rms: 0.5659E+05   max: -.7696E+06   C at   87  2   RLX: 0.000
       a = -3.000      CL = -2.0509
      Cm =  0.4602     CD =  0.61881   =>   CDf =  0.00201    CDp =  0.61680

 MRCHDU: Convergence failed at  82  side 2    Res =  0.6655E+01
 MRCHDU: Convergence failed at  83  side 2    Res =  0.6234E+01
 MRCHDU: Convergence failed at  84  side 2    Res =  0.5336E+01
 MRCHDU: Convergence failed at  85  side 2    Res =  0.4451E+01
 Side 1  free  transition at x/c =  0.9971   75
 Side 2  free  transition at x/c =  0.0558   24

 176   rms: 0.5671E+05   max: -.7712E+06   C at   87  2   RLX: 0.000
       a = -3.000      CL = -2.0509
      Cm =  0.4601     CD =  0.61893   =>   CDf =  0.00201    CDp =  0.61692

 MRCHDU: Convergence failed at  82  side 2    Res =  0.6668E+01
 MRCHDU: Convergence failed at  83  side 2    Res =  0.6247E+01
 MRCHDU: Convergence failed at  84  side 2    Res =  0.5347E+01
 MRCHDU: Convergence failed at  85  side 2    Res =  0.4460E+01
 Side 1  free  transition at x/c =  0.9971   75
 Side 2  free  transition at x/c =  0.0558   24

 177   rms: 0.5683E+05   max: -.7728E+06   C at   87  2   RLX: 0.000
       a = -3.000      CL = -2.0509
      Cm =  0.4601     CD =  0.61906   =>   CDf =  0.00201    CDp =  0.61705

 MRCHDU: Convergence failed at  82  side 2    Res =  0.6682E+01
 MRCHDU: Convergence failed at  83  side 2    Res =  0.6259E+01
 MRCHDU: Convergence failed at  84  side 2    Res =  0.5358E+01
 MRCHDU: Convergence failed at  85  side 2    Res =  0.4470E+01
 Side 1  free  transition at x/c =  0.9971   75
 Side 2  free  transition at x/c =  0.0558   24

 178   rms: 0.5694E+05   max: -.7744E+06   C at   87  2   RLX: 0.000
       a = -3.000      CL = -2.0508
      Cm =  0.4601     CD =  0.61918   =>   CDf =  0.00201    CDp =  0.61717

 MRCHDU: Convergence failed at  82  side 2    Res =  0.6696E+01
 MRCHDU: Convergence failed at  83  side 2    Res =  0.6272E+01
 MRCHDU: Convergence failed at  84  side 2    Res =  0.5369E+01
 MRCHDU: Convergence failed at  85  side 2    Res =  0.4479E+01
 Side 1  free  transition at x/c =  0.9971   75
 Side 2  free  transition at x/c =  0.0558   24

 179   rms: 0.5706E+05   max: -.7760E+06   C at   87  2   RLX: 0.000
       a = -3.000      CL = -2.0508
      Cm =  0.4601     CD =  0.61931   =>   CDf =  0.00201    CDp =  0.61730

 MRCHDU: Convergence failed at  82  side 2    Res =  0.6709E+01
 MRCHDU: Convergence failed at  83  side 2    Res =  0.6285E+01
 MRCHDU: Convergence failed at  84  side 2    Res =  0.5380E+01
 MRCHDU: Convergence failed at  85  side 2    Res =  0.4488E+01
 Side 1  free  transition at x/c =  0.9971   75
 Side 2  free  transition at x/c =  0.0558   24

 180   rms: 0.5718E+05   max: -.7775E+06   C at   87  2   RLX: 0.000
       a = -3.000      CL = -2.0508
      Cm =  0.4601     CD =  0.61943   =>   CDf =  0.00201    CDp =  0.61742

 MRCHDU: Convergence failed at  82  side 2    Res =  0.6723E+01
 MRCHDU: Convergence failed at  83  side 2    Res =  0.6298E+01
 MRCHDU: Convergence failed at  84  side 2    Res =  0.5391E+01
 MRCHDU: Convergence failed at  85  side 2    Res =  0.4498E+01
 Side 1  free  transition at x/c =  0.9971   75
 Side 2  free  transition at x/c =  0.0558   24

 181   rms: 0.5729E+05   max: -.7791E+06   C at   87  2   RLX: 0.000
       a = -3.000      CL = -2.0508
      Cm =  0.4601     CD =  0.61956   =>   CDf =  0.00201    CDp =  0.61755

 MRCHDU: Convergence failed at  82  side 2    Res =  0.6737E+01
 MRCHDU: Convergence failed at  83  side 2    Res =  0.6311E+01
 MRCHDU: Convergence failed at  84  side 2    Res =  0.5403E+01
 MRCHDU: Convergence failed at  85  side 2    Res =  0.4507E+01
 Side 1  free  transition at x/c =  0.9971   75
 Side 2  free  transition at x/c =  0.0558   24

 182   rms: 0.5741E+05   max: -.7807E+06   C at   87  2   RLX: 0.000
       a = -3.000      CL = -2.0508
      Cm =  0.4601     CD =  0.61968   =>   CDf =  0.00201    CDp =  0.61767

 MRCHDU: Convergence failed at  82  side 2    Res =  0.6751E+01
 MRCHDU: Convergence failed at  83  side 2    Res =  0.6323E+01
 MRCHDU: Convergence failed at  84  side 2    Res =  0.5414E+01
 MRCHDU: Convergence failed at  85  side 2    Res =  0.4517E+01
 Side 1  free  transition at x/c =  0.9971   75
 Side 2  free  transition at x/c =  0.0558   24

 183   rms: 0.5753E+05   max: -.7823E+06   C at   87  2   RLX: 0.000
       a = -3.000      CL = -2.0508
      Cm =  0.4601     CD =  0.61981   =>   CDf =  0.00201    CDp =  0.61780

 MRCHDU: Convergence failed at  82  side 2    Res =  0.6764E+01
 MRCHDU: Convergence failed at  83  side 2    Res =  0.6336E+01
 MRCHDU: Convergence failed at  84  side 2    Res =  0.5425E+01
 MRCHDU: Convergence failed at  85  side 2    Res =  0.4526E+01
 Side 1  free  transition at x/c =  0.9971   75
 Side 2  free  transition at x/c =  0.0558   24

 184   rms: 0.5764E+05   max: -.7839E+06   C at   87  2   RLX: 0.000
       a = -3.000      CL = -2.0508
      Cm =  0.4601     CD =  0.61993   =>   CDf =  0.00201    CDp =  0.61792

 MRCHDU: Convergence failed at  82  side 2    Res =  0.6778E+01
 MRCHDU: Convergence failed at  83  side 2    Res =  0.6349E+01
 MRCHDU: Convergence failed at  84  side 2    Res =  0.5436E+01
 MRCHDU: Convergence failed at  85  side 2    Res =  0.4536E+01
 Side 1  free  transition at x/c =  0.9971   75
 Side 2  free  transition at x/c =  0.0558   24

 185   rms: 0.5776E+05   max: -.7855E+06   C at   87  2   RLX: 0.000
       a = -3.000      CL = -2.0508
      Cm =  0.4601     CD =  0.62006   =>   CDf =  0.00201    CDp =  0.61804

 MRCHDU: Convergence failed at  82  side 2    Res =  0.6792E+01
 MRCHDU: Convergence failed at  83  side 2    Res =  0.6362E+01
 MRCHDU: Convergence failed at  84  side 2    Res =  0.5447E+01
 MRCHDU: Convergence failed at  85  side 2    Res =  0.4545E+01
 Side 1  free  transition at x/c =  0.9971   75
 Side 2  free  transition at x/c =  0.0558   24

 186   rms: 0.5788E+05   max: -.7871E+06   C at   87  2   RLX: 0.000
       a = -3.000      CL = -2.0508
      Cm =  0.4601     CD =  0.62018   =>   CDf =  0.00201    CDp =  0.61817

 MRCHDU: Convergence failed at  82  side 2    Res =  0.6805E+01
 MRCHDU: Convergence failed at  83  side 2    Res =  0.6375E+01
 MRCHDU: Convergence failed at  84  side 2    Res =  0.5458E+01
 MRCHDU: Convergence failed at  85  side 2    Res =  0.4554E+01
 Side 1  free  transition at x/c =  0.9971   75
 Side 2  free  transition at x/c =  0.0558   24

 187   rms: 0.5799E+05   max: -.7886E+06   C at   87  2   RLX: 0.000
       a = -3.000      CL = -2.0508
      Cm =  0.4601     CD =  0.62031   =>   CDf =  0.00201    CDp =  0.61829

 MRCHDU: Convergence failed at  82  side 2    Res =  0.6819E+01
 MRCHDU: Convergence failed at  83  side 2    Res =  0.6387E+01
 MRCHDU: Convergence failed at  84  side 2    Res =  0.5469E+01
 MRCHDU: Convergence failed at  85  side 2    Res =  0.4564E+01
 Side 1  free  transition at x/c =  0.9971   75
 Side 2  free  transition at x/c =  0.0558   24

 188   rms: 0.5811E+05   max: -.7902E+06   C at   87  2   RLX: 0.000
       a = -3.000      CL = -2.0508
      Cm =  0.4601     CD =  0.62043   =>   CDf =  0.00201    CDp =  0.61842

 MRCHDU: Convergence failed at  82  side 2    Res =  0.6833E+01
 MRCHDU: Convergence failed at  83  side 2    Res =  0.6400E+01
 MRCHDU: Convergence failed at  84  side 2    Res =  0.5480E+01
 MRCHDU: Convergence failed at  85  side 2    Res =  0.4573E+01
 Side 1  free  transition at x/c =  0.9971   75
 Side 2  free  transition at x/c =  0.0558   24

 189   rms: 0.5823E+05   max: -.7918E+06   C at   87  2   RLX: 0.000
       a = -3.000      CL = -2.0508
      Cm =  0.4601     CD =  0.62055   =>   CDf =  0.00201    CDp =  0.61854

 MRCHDU: Convergence failed at  82  side 2    Res =  0.6846E+01
 MRCHDU: Convergence failed at  83  side 2    Res =  0.6413E+01
 MRCHDU: Convergence failed at  84  side 2    Res =  0.5491E+01
 MRCHDU: Convergence failed at  85  side 2    Res =  0.4583E+01
 Side 1  free  transition at x/c =  0.9971   75
 Side 2  free  transition at x/c =  0.0558   24

 190   rms: 0.5834E+05   max: -.7934E+06   C at   87  2   RLX: 0.000
       a = -3.000      CL = -2.0508
      Cm =  0.4601     CD =  0.62068   =>   CDf =  0.00201    CDp =  0.61867

 MRCHDU: Convergence failed at  82  side 2    Res =  0.6860E+01
 MRCHDU: Convergence failed at  83  side 2    Res =  0.6426E+01
 MRCHDU: Convergence failed at  84  side 2    Res =  0.5502E+01
 MRCHDU: Convergence failed at  85  side 2    Res =  0.4592E+01
 Side 1  free  transition at x/c =  0.9971   75
 Side 2  free  transition at x/c =  0.0558   24

 191   rms: 0.5846E+05   max: -.7949E+06   C at   87  2   RLX: 0.000
       a = -3.000      CL = -2.0508
      Cm =  0.4601     CD =  0.62080   =>   CDf =  0.00201    CDp =  0.61879

 MRCHDU: Convergence failed at  82  side 2    Res =  0.6874E+01
 MRCHDU: Convergence failed at  83  side 2    Res =  0.6439E+01
 MRCHDU: Convergence failed at  84  side 2    Res =  0.5513E+01
 MRCHDU: Convergence failed at  85  side 2    Res =  0.4602E+01
 Side 1  free  transition at x/c =  0.9971   75
 Side 2  free  transition at x/c =  0.0558   24

 192   rms: 0.5857E+05   max: -.7965E+06   C at   87  2   RLX: 0.000
       a = -3.000      CL = -2.0508
      Cm =  0.4601     CD =  0.62092   =>   CDf =  0.00201    CDp =  0.61891

 MRCHDU: Convergence failed at  82  side 2    Res =  0.6887E+01
 MRCHDU: Convergence failed at  83  side 2    Res =  0.6451E+01
 MRCHDU: Convergence failed at  84  side 2    Res =  0.5524E+01
 MRCHDU: Convergence failed at  85  side 2    Res =  0.4611E+01
 Side 1  free  transition at x/c =  0.9971   75
 Side 2  free  transition at x/c =  0.0558   24

 193   rms: 0.5869E+05   max: -.7981E+06   C at   87  2   RLX: 0.000
       a = -3.000      CL = -2.0508
      Cm =  0.4601     CD =  0.62105   =>   CDf =  0.00201    CDp =  0.61904

 MRCHDU: Convergence failed at  82  side 2    Res =  0.6901E+01
 MRCHDU: Convergence failed at  83  side 2    Res =  0.6464E+01
 MRCHDU: Convergence failed at  84  side 2    Res =  0.5536E+01
 MRCHDU: Convergence failed at  85  side 2    Res =  0.4620E+01
 Side 1  free  transition at x/c =  0.9971   75
 Side 2  free  transition at x/c =  0.0558   24

 194   rms: 0.5880E+05   max: -.7996E+06   C at   87  2   RLX: 0.000
       a = -3.000      CL = -2.0508
      Cm =  0.4601     CD =  0.62117   =>   CDf =  0.00201    CDp =  0.61916

 MRCHDU: Convergence failed at  82  side 2    Res =  0.6915E+01
 MRCHDU: Convergence failed at  83  side 2    Res =  0.6477E+01
 MRCHDU: Convergence failed at  84  side 2    Res =  0.5547E+01
 MRCHDU: Convergence failed at  85  side 2    Res =  0.4630E+01
 Side 1  free  transition at x/c =  0.9971   75
 Side 2  free  transition at x/c =  0.0558   24

 195   rms: 0.5892E+05   max: -.8012E+06   C at   87  2   RLX: 0.000
       a = -3.000      CL = -2.0508
      Cm =  0.4601     CD =  0.62130   =>   CDf =  0.00201    CDp =  0.61928

 MRCHDU: Convergence failed at  82  side 2    Res =  0.6928E+01
 MRCHDU: Convergence failed at  83  side 2    Res =  0.6490E+01
 MRCHDU: Convergence failed at  84  side 2    Res =  0.5558E+01
 MRCHDU: Convergence failed at  85  side 2    Res =  0.4639E+01
 Side 1  free  transition at x/c =  0.9971   75
 Side 2  free  transition at x/c =  0.0558   24

 196   rms: 0.5903E+05   max: -.8027E+06   C at   87  2   RLX: 0.000
       a = -3.000      CL = -2.0508
      Cm =  0.4601     CD =  0.62142   =>   CDf =  0.00201    CDp =  0.61941

 MRCHDU: Convergence failed at  82  side 2    Res =  0.6942E+01
 MRCHDU: Convergence failed at  83  side 2    Res =  0.6503E+01
 MRCHDU: Convergence failed at  84  side 2    Res =  0.5569E+01
 MRCHDU: Convergence failed at  85  side 2    Res =  0.4649E+01
 Side 1  free  transition at x/c =  0.9971   75
 Side 2  free  transition at x/c =  0.0558   24

 197   rms: 0.5915E+05   max: -.8043E+06   C at   87  2   RLX: 0.000
       a = -3.000      CL = -2.0508
      Cm =  0.4601     CD =  0.62154   =>   CDf =  0.00201    CDp =  0.61953

 MRCHDU: Convergence failed at  82  side 2    Res =  0.6956E+01
 MRCHDU: Convergence failed at  83  side 2    Res =  0.6515E+01
 MRCHDU: Convergence failed at  84  side 2    Res =  0.5580E+01
 MRCHDU: Convergence failed at  85  side 2    Res =  0.4658E+01
 Side 1  free  transition at x/c =  0.9971   75
 Side 2  free  transition at x/c =  0.0558   24

 198   rms: 0.5926E+05   max: -.8059E+06   C at   87  2   RLX: 0.000
       a = -3.000      CL = -2.0508
      Cm =  0.4601     CD =  0.62167   =>   CDf =  0.00201    CDp =  0.61965

 MRCHDU: Convergence failed at  82  side 2    Res =  0.6970E+01
 MRCHDU: Convergence failed at  83  side 2    Res =  0.6528E+01
 MRCHDU: Convergence failed at  84  side 2    Res =  0.5591E+01
 MRCHDU: Convergence failed at  85  side 2    Res =  0.4667E+01
 Side 1  free  transition at x/c =  0.9971   75
 Side 2  free  transition at x/c =  0.0558   24

 199   rms: 0.5938E+05   max: -.8074E+06   C at   87  2   RLX: 0.000
       a = -3.000      CL = -2.0508
      Cm =  0.4601     CD =  0.62179   =>   CDf =  0.00201    CDp =  0.61978

 MRCHDU: Convergence failed at  82  side 2    Res =  0.6983E+01
 MRCHDU: Convergence failed at  83  side 2    Res =  0.6541E+01
 MRCHDU: Convergence failed at  84  side 2    Res =  0.5602E+01
 MRCHDU: Convergence failed at  85  side 2    Res =  0.4677E+01
 Side 1  free  transition at x/c =  0.9971   75
 Side 2  free  transition at x/c =  0.0558   24

 200   rms: 0.5949E+05   max: -.8090E+06   C at   87  2   RLX: 0.000
       a = -3.000      CL = -2.0508
      Cm =  0.4601     CD =  0.62191   =>   CDf =  0.00201    CDp =  0.61990

 MRCHDU: Convergence failed at  82  side 2    Res =  0.6997E+01
 MRCHDU: Convergence failed at  83  side 2    Res =  0.6554E+01
 MRCHDU: Convergence failed at  84  side 2    Res =  0.5613E+01
 MRCHDU: Convergence failed at  85  side 2    Res =  0.4686E+01
 Side 1  free  transition at x/c =  0.9971   75
 Side 2  free  transition at x/c =  0.0558   24

 201   rms: 0.5961E+05   max: -.8105E+06   C at   87  2   RLX: 0.000
       a = -3.000      CL = -2.0508
      Cm =  0.4601     CD =  0.62204   =>   CDf =  0.00201    CDp =  0.62002

 MRCHDU: Convergence failed at  82  side 2    Res =  0.7011E+01
 MRCHDU: Convergence failed at  83  side 2    Res =  0.6567E+01
 MRCHDU: Convergence failed at  84  side 2    Res =  0.5624E+01
 MRCHDU: Convergence failed at  85  side 2    Res =  0.4696E+01
 Side 1  free  transition at x/c =  0.9971   75
 Side 2  free  transition at x/c =  0.0558   24

 202   rms: 0.5972E+05   max: -.8121E+06   C at   87  2   RLX: 0.000
       a = -3.000      CL = -2.0508
      Cm =  0.4601     CD =  0.62216   =>   CDf =  0.00201    CDp =  0.62015

 MRCHDU: Convergence failed at  82  side 2    Res =  0.7024E+01
 MRCHDU: Convergence failed at  83  side 2    Res =  0.6579E+01
 MRCHDU: Convergence failed at  84  side 2    Res =  0.5635E+01
 MRCHDU: Convergence failed at  85  side 2    Res =  0.4705E+01
 Side 1  free  transition at x/c =  0.9971   75
 Side 2  free  transition at x/c =  0.0558   24

 203   rms: 0.5983E+05   max: -.8136E+06   C at   87  2   RLX: 0.000
       a = -3.000      CL = -2.0508
      Cm =  0.4601     CD =  0.62228   =>   CDf =  0.00201    CDp =  0.62027

 MRCHDU: Convergence failed at  82  side 2    Res =  0.7038E+01
 MRCHDU: Convergence failed at  83  side 2    Res =  0.6592E+01
 MRCHDU: Convergence failed at  84  side 2    Res =  0.5646E+01
 MRCHDU: Convergence failed at  85  side 2    Res =  0.4714E+01
 Side 1  free  transition at x/c =  0.9971   75
 Side 2  free  transition at x/c =  0.0558   24

 204   rms: 0.5995E+05   max: -.8152E+06   C at   87  2   RLX: 0.000
       a = -3.000      CL = -2.0508
      Cm =  0.4601     CD =  0.62240   =>   CDf =  0.00201    CDp =  0.62039

 MRCHDU: Convergence failed at  82  side 2    Res =  0.7052E+01
 MRCHDU: Convergence failed at  83  side 2    Res =  0.6605E+01
 MRCHDU: Convergence failed at  84  side 2    Res =  0.5657E+01
 MRCHDU: Convergence failed at  85  side 2    Res =  0.4724E+01
 Side 1  free  transition at x/c =  0.9971   75
 Side 2  free  transition at x/c =  0.0558   24

 205   rms: 0.6006E+05   max: -.8167E+06   C at   87  2   RLX: 0.000
       a = -3.000      CL = -2.0508
      Cm =  0.4601     CD =  0.62253   =>   CDf =  0.00201    CDp =  0.62052
 VISCAL:  Convergence failed
      9.000   24.8878   0.622527   0.001871   0.000000  -0.001871    0.9971     #
 Calculating wake trajectory ...
 Calculating source influence matrix ...

 Solving BL system ...

 MRCHDU: Convergence failed at  82  side 2    Res =  0.7065E+01
 MRCHDU: Convergence failed at  83  side 2    Res =  0.6618E+01
 MRCHDU: Convergence failed at  84  side 2    Res =  0.5668E+01
 MRCHDU: Convergence failed at  85  side 2    Res =  0.4733E+01
 Side 1  free  transition at x/c =  0.9971   75
 Side 2  free  transition at x/c =  0.0558   24

   1   rms: 0.6425E+05   max: -.8737E+06   C at   87  2   RLX: 0.000
       a = -4.000      CL = -2.0477
      Cm =  0.4601     CD =  0.62265   =>   CDf =  0.00201    CDp =  0.62064

 MRCHDU: Convergence failed at  82  side 2    Res =  0.7079E+01
 MRCHDU: Convergence failed at  83  side 2    Res =  0.6631E+01
 MRCHDU: Convergence failed at  84  side 2    Res =  0.5679E+01
 MRCHDU: Convergence failed at  85  side 2    Res =  0.4743E+01
 Side 1  free  transition at x/c =  0.9971   75
 Side 2  free  transition at x/c =  0.0558   24

   2   rms: 0.6437E+05   max: -.8753E+06   C at   87  2   RLX: 0.000
       a = -4.000      CL = -2.0477
      Cm =  0.4601     CD =  0.62277   =>   CDf =  0.00201    CDp =  0.62076

 MRCHDU: Convergence failed at  82  side 2    Res =  0.7093E+01
 MRCHDU: Convergence failed at  83  side 2    Res =  0.6643E+01
 MRCHDU: Convergence failed at  84  side 2    Res =  0.5690E+01
 MRCHDU: Convergence failed at  85  side 2    Res =  0.4752E+01
 Side 1  free  transition at x/c =  0.9971   75
 Side 2  free  transition at x/c =  0.0558   24

   3   rms: 0.6449E+05   max: -.8770E+06   C at   87  2   RLX: 0.000
       a = -4.000      CL = -2.0477
      Cm =  0.4601     CD =  0.62290   =>   CDf =  0.00201    CDp =  0.62088

 MRCHDU: Convergence failed at  82  side 2    Res =  0.7106E+01
 MRCHDU: Convergence failed at  83  side 2    Res =  0.6656E+01
 MRCHDU: Convergence failed at  84  side 2    Res =  0.5702E+01
 MRCHDU: Convergence failed at  85  side 2    Res =  0.4761E+01
 Side 1  free  transition at x/c =  0.9971   75
 Side 2  free  transition at x/c =  0.0558   24

   4   rms: 0.6461E+05   max: -.8786E+06   C at   87  2   RLX: 0.000
       a = -4.000      CL = -2.0477
      Cm =  0.4601     CD =  0.62302   =>   CDf =  0.00201    CDp =  0.62100

 MRCHDU: Convergence failed at  82  side 2    Res =  0.7120E+01
 MRCHDU: Convergence failed at  83  side 2    Res =  0.6669E+01
 MRCHDU: Convergence failed at  84  side 2    Res =  0.5713E+01
 MRCHDU: Convergence failed at  85  side 2    Res =  0.4771E+01
 Side 1  free  transition at x/c =  0.9971   75
 Side 2  free  transition at x/c =  0.0558   24

   5   rms: 0.6474E+05   max: -.8803E+06   C at   87  2   RLX: 0.000
       a = -4.000      CL = -2.0477
      Cm =  0.4601     CD =  0.62314   =>   CDf =  0.00201    CDp =  0.62113

 MRCHDU: Convergence failed at  82  side 2    Res =  0.7134E+01
 MRCHDU: Convergence failed at  83  side 2    Res =  0.6682E+01
 MRCHDU: Convergence failed at  84  side 2    Res =  0.5724E+01
 MRCHDU: Convergence failed at  85  side 2    Res =  0.4780E+01
 Side 1  free  transition at x/c =  0.9971   75
 Side 2  free  transition at x/c =  0.0558   24

   6   rms: 0.6486E+05   max: -.8819E+06   C at   87  2   RLX: 0.000
       a = -4.000      CL = -2.0477
      Cm =  0.4601     CD =  0.62326   =>   CDf =  0.00201    CDp =  0.62125

 MRCHDU: Convergence failed at  82  side 2    Res =  0.7147E+01
 MRCHDU: Convergence failed at  83  side 2    Res =  0.6694E+01
 MRCHDU: Convergence failed at  84  side 2    Res =  0.5735E+01
 MRCHDU: Convergence failed at  85  side 2    Res =  0.4790E+01
 Side 1  free  transition at x/c =  0.9971   75
 Side 2  free  transition at x/c =  0.0558   24

   7   rms: 0.6498E+05   max: -.8836E+06   C at   87  2   RLX: 0.000
       a = -4.000      CL = -2.0477
      Cm =  0.4601     CD =  0.62339   =>   CDf =  0.00201    CDp =  0.62137

 MRCHDU: Convergence failed at  82  side 2    Res =  0.7161E+01
 MRCHDU: Convergence failed at  83  side 2    Res =  0.6707E+01
 MRCHDU: Convergence failed at  84  side 2    Res =  0.5746E+01
 MRCHDU: Convergence failed at  85  side 2    Res =  0.4799E+01
 Side 1  free  transition at x/c =  0.9971   75
 Side 2  free  transition at x/c =  0.0558   24

   8   rms: 0.6510E+05   max: -.8852E+06   C at   87  2   RLX: 0.000
       a = -4.000      CL = -2.0477
      Cm =  0.4601     CD =  0.62351   =>   CDf =  0.00201    CDp =  0.62149

 MRCHDU: Convergence failed at  82  side 2    Res =  0.7175E+01
 MRCHDU: Convergence failed at  83  side 2    Res =  0.6720E+01
 MRCHDU: Convergence failed at  84  side 2    Res =  0.5757E+01
 MRCHDU: Convergence failed at  85  side 2    Res =  0.4808E+01
 Side 1  free  transition at x/c =  0.9971   75
 Side 2  free  transition at x/c =  0.0558   24

   9   rms: 0.6522E+05   max: -.8869E+06   C at   87  2   RLX: 0.000
       a = -4.000      CL = -2.0477
      Cm =  0.4601     CD =  0.62363   =>   CDf =  0.00201    CDp =  0.62162

 MRCHDU: Convergence failed at  82  side 2    Res =  0.7188E+01
 MRCHDU: Convergence failed at  83  side 2    Res =  0.6733E+01
 MRCHDU: Convergence failed at  84  side 2    Res =  0.5768E+01
 MRCHDU: Convergence failed at  85  side 2    Res =  0.4818E+01
 Side 1  free  transition at x/c =  0.9971   75
 Side 2  free  transition at x/c =  0.0558   24

  10   rms: 0.6534E+05   max: -.8885E+06   C at   87  2   RLX: 0.000
       a = -4.000      CL = -2.0477
      Cm =  0.4601     CD =  0.62375   =>   CDf =  0.00201    CDp =  0.62174

 MRCHDU: Convergence failed at  82  side 2    Res =  0.7202E+01
 MRCHDU: Convergence failed at  83  side 2    Res =  0.6746E+01
 MRCHDU: Convergence failed at  84  side 2    Res =  0.5779E+01
 MRCHDU: Convergence failed at  85  side 2    Res =  0.4827E+01
 Side 1  free  transition at x/c =  0.9971   75
 Side 2  free  transition at x/c =  0.0558   24

  11   rms: 0.6546E+05   max: -.8901E+06   C at   87  2   RLX: 0.000
       a = -4.000      CL = -2.0477
      Cm =  0.4601     CD =  0.62388   =>   CDf =  0.00201    CDp =  0.62186

 MRCHDU: Convergence failed at  82  side 2    Res =  0.7216E+01
 MRCHDU: Convergence failed at  83  side 2    Res =  0.6758E+01
 MRCHDU: Convergence failed at  84  side 2    Res =  0.5790E+01
 MRCHDU: Convergence failed at  85  side 2    Res =  0.4837E+01
 Side 1  free  transition at x/c =  0.9971   75
 Side 2  free  transition at x/c =  0.0558   24

  12   rms: 0.6558E+05   max: -.8918E+06   C at   87  2   RLX: 0.000
       a = -4.000      CL = -2.0477
      Cm =  0.4601     CD =  0.62400   =>   CDf =  0.00201    CDp =  0.62198

 MRCHDU: Convergence failed at  82  side 2    Res =  0.7230E+01
 MRCHDU: Convergence failed at  83  side 2    Res =  0.6771E+01
 MRCHDU: Convergence failed at  84  side 2    Res =  0.5801E+01
 MRCHDU: Convergence failed at  85  side 2    Res =  0.4846E+01
 Side 1  free  transition at x/c =  0.9971   75
 Side 2  free  transition at x/c =  0.0558   24

  13   rms: 0.6570E+05   max: -.8934E+06   C at   87  2   RLX: 0.000
       a = -4.000      CL = -2.0477
      Cm =  0.4601     CD =  0.62412   =>   CDf =  0.00201    CDp =  0.62211

 MRCHDU: Convergence failed at  82  side 2    Res =  0.7243E+01
 MRCHDU: Convergence failed at  83  side 2    Res =  0.6784E+01
 MRCHDU: Convergence failed at  84  side 2    Res =  0.5812E+01
 MRCHDU: Convergence failed at  85  side 2    Res =  0.4855E+01
 Side 1  free  transition at x/c =  0.9971   75
 Side 2  free  transition at x/c =  0.0558   24

  14   rms: 0.6582E+05   max: -.8950E+06   C at   87  2   RLX: 0.000
       a = -4.000      CL = -2.0477
      Cm =  0.4601     CD =  0.62424   =>   CDf =  0.00201    CDp =  0.62223

 MRCHDU: Convergence failed at  82  side 2    Res =  0.7257E+01
 MRCHDU: Convergence failed at  83  side 2    Res =  0.6797E+01
 MRCHDU: Convergence failed at  84  side 2    Res =  0.5823E+01
 MRCHDU: Convergence failed at  85  side 2    Res =  0.4865E+01
 Side 1  free  transition at x/c =  0.9971   75
 Side 2  free  transition at x/c =  0.0558   24

  15   rms: 0.6594E+05   max: -.8966E+06   C at   87  2   RLX: 0.000
       a = -4.000      CL = -2.0477
      Cm =  0.4601     CD =  0.62436   =>   CDf =  0.00201    CDp =  0.62235

 MRCHDU: Convergence failed at  82  side 2    Res =  0.7271E+01
 MRCHDU: Convergence failed at  83  side 2    Res =  0.6809E+01
 MRCHDU: Convergence failed at  84  side 2    Res =  0.5834E+01
 MRCHDU: Convergence failed at  85  side 2    Res =  0.4874E+01
 Side 1  free  transition at x/c =  0.9971   75
 Side 2  free  transition at x/c =  0.0558   24

  16   rms: 0.6606E+05   max: -.8982E+06   C at   87  2   RLX: 0.000
       a = -4.000      CL = -2.0477
      Cm =  0.4601     CD =  0.62448   =>   CDf =  0.00201    CDp =  0.62247

 MRCHDU: Convergence failed at  82  side 2    Res =  0.7284E+01
 MRCHDU: Convergence failed at  83  side 2    Res =  0.6822E+01
 MRCHDU: Convergence failed at  84  side 2    Res =  0.5845E+01
 MRCHDU: Convergence failed at  85  side 2    Res =  0.4883E+01
 Side 1  free  transition at x/c =  0.9971   75
 Side 2  free  transition at x/c =  0.0558   24

  17   rms: 0.6618E+05   max: -.8999E+06   C at   87  2   RLX: 0.000
       a = -4.000      CL = -2.0477
      Cm =  0.4601     CD =  0.62461   =>   CDf =  0.00201    CDp =  0.62259

 MRCHDU: Convergence failed at  82  side 2    Res =  0.7298E+01
 MRCHDU: Convergence failed at  83  side 2    Res =  0.6835E+01
 MRCHDU: Convergence failed at  84  side 2    Res =  0.5856E+01
 MRCHDU: Convergence failed at  85  side 2    Res =  0.4893E+01
 Side 1  free  transition at x/c =  0.9971   75
 Side 2  free  transition at x/c =  0.0558   24

  18   rms: 0.6630E+05   max: -.9015E+06   C at   87  2   RLX: 0.000
       a = -4.000      CL = -2.0477
      Cm =  0.4601     CD =  0.62473   =>   CDf =  0.00201    CDp =  0.62271

 MRCHDU: Convergence failed at  82  side 2    Res =  0.7312E+01
 MRCHDU: Convergence failed at  83  side 2    Res =  0.6848E+01
 MRCHDU: Convergence failed at  84  side 2    Res =  0.5867E+01
 MRCHDU: Convergence failed at  85  side 2    Res =  0.4902E+01
 Side 1  free  transition at x/c =  0.9971   75
 Side 2  free  transition at x/c =  0.0558   24

  19   rms: 0.6642E+05   max: -.9031E+06   C at   87  2   RLX: 0.000
       a = -4.000      CL = -2.0477
      Cm =  0.4601     CD =  0.62485   =>   CDf =  0.00201    CDp =  0.62284

 MRCHDU: Convergence failed at  82  side 2    Res =  0.7325E+01
 MRCHDU: Convergence failed at  83  side 2    Res =  0.6861E+01
 MRCHDU: Convergence failed at  84  side 2    Res =  0.5878E+01
 MRCHDU: Convergence failed at  85  side 2    Res =  0.4912E+01
 Side 1  free  transition at x/c =  0.9971   75
 Side 2  free  transition at x/c =  0.0558   24

  20   rms: 0.6653E+05   max: -.9047E+06   C at   87  2   RLX: 0.000
       a = -4.000      CL = -2.0477
      Cm =  0.4601     CD =  0.62497   =>   CDf =  0.00201    CDp =  0.62296

 MRCHDU: Convergence failed at  82  side 2    Res =  0.7339E+01
 MRCHDU: Convergence failed at  83  side 2    Res =  0.6873E+01
 MRCHDU: Convergence failed at  84  side 2    Res =  0.5889E+01
 MRCHDU: Convergence failed at  85  side 2    Res =  0.4921E+01
 Side 1  free  transition at x/c =  0.9971   75
 Side 2  free  transition at x/c =  0.0558   24

  21   rms: 0.6665E+05   max: -.9063E+06   C at   87  2   RLX: 0.000
       a = -4.000      CL = -2.0477
      Cm =  0.4601     CD =  0.62509   =>   CDf =  0.00201    CDp =  0.62308

 MRCHDU: Convergence failed at  82  side 2    Res =  0.7353E+01
 MRCHDU: Convergence failed at  83  side 2    Res =  0.6886E+01
 MRCHDU: Convergence failed at  84  side 2    Res =  0.5900E+01
 MRCHDU: Convergence failed at  85  side 2    Res =  0.4930E+01
 Side 1  free  transition at x/c =  0.9971   75
 Side 2  free  transition at x/c =  0.0558   24

  22   rms: 0.6677E+05   max: -.9079E+06   C at   87  2   RLX: 0.000
       a = -4.000      CL = -2.0477
      Cm =  0.4601     CD =  0.62521   =>   CDf =  0.00201    CDp =  0.62320

 MRCHDU: Convergence failed at  82  side 2    Res =  0.7366E+01
 MRCHDU: Convergence failed at  83  side 2    Res =  0.6899E+01
 MRCHDU: Convergence failed at  84  side 2    Res =  0.5912E+01
 MRCHDU: Convergence failed at  85  side 2    Res =  0.4940E+01
 Side 1  free  transition at x/c =  0.9971   75
 Side 2  free  transition at x/c =  0.0558   24

  23   rms: 0.6689E+05   max: -.9095E+06   C at   87  2   RLX: 0.000
       a = -4.000      CL = -2.0476
      Cm =  0.4601     CD =  0.62534   =>   CDf =  0.00201    CDp =  0.62332

 MRCHDU: Convergence failed at  82  side 2    Res =  0.7380E+01
 MRCHDU: Convergence failed at  83  side 2    Res =  0.6912E+01
 MRCHDU: Convergence failed at  84  side 2    Res =  0.5923E+01
 MRCHDU: Convergence failed at  85  side 2    Res =  0.4949E+01
 Side 1  free  transition at x/c =  0.9971   75
 Side 2  free  transition at x/c =  0.0558   24

  24   rms: 0.6701E+05   max: -.9111E+06   C at   87  2   RLX: 0.000
       a = -4.000      CL = -2.0476
      Cm =  0.4601     CD =  0.62546   =>   CDf =  0.00201    CDp =  0.62344

 MRCHDU: Convergence failed at  82  side 2    Res =  0.7394E+01
 MRCHDU: Convergence failed at  83  side 2    Res =  0.6925E+01
 MRCHDU: Convergence failed at  84  side 2    Res =  0.5934E+01
 MRCHDU: Convergence failed at  85  side 2    Res =  0.4959E+01
 Side 1  free  transition at x/c =  0.9971   75
 Side 2  free  transition at x/c =  0.0558   24

  25   rms: 0.6713E+05   max: -.9127E+06   C at   87  2   RLX: 0.000
       a = -4.000      CL = -2.0476
      Cm =  0.4601     CD =  0.62558   =>   CDf =  0.00201    CDp =  0.62356

 MRCHDU: Convergence failed at  82  side 2    Res =  0.7407E+01
 MRCHDU: Convergence failed at  83  side 2    Res =  0.6937E+01
 MRCHDU: Convergence failed at  84  side 2    Res =  0.5945E+01
 MRCHDU: Convergence failed at  85  side 2    Res =  0.4968E+01
 Side 1  free  transition at x/c =  0.9971   75
 Side 2  free  transition at x/c =  0.0558   24

  26   rms: 0.6725E+05   max: -.9143E+06   C at   87  2   RLX: 0.000
       a = -4.000      CL = -2.0476
      Cm =  0.4601     CD =  0.62570   =>   CDf =  0.00201    CDp =  0.62369

 MRCHDU: Convergence failed at  82  side 2    Res =  0.7421E+01
 MRCHDU: Convergence failed at  83  side 2    Res =  0.6950E+01
 MRCHDU: Convergence failed at  84  side 2    Res =  0.5956E+01
 MRCHDU: Convergence failed at  85  side 2    Res =  0.4977E+01
 Side 1  free  transition at x/c =  0.9971   75
 Side 2  free  transition at x/c =  0.0558   24

  27   rms: 0.6736E+05   max: -.9159E+06   C at   87  2   RLX: 0.000
       a = -4.000      CL = -2.0476
      Cm =  0.4601     CD =  0.62582   =>   CDf =  0.00201    CDp =  0.62381

 MRCHDU: Convergence failed at  82  side 2    Res =  0.7435E+01
 MRCHDU: Convergence failed at  83  side 2    Res =  0.6963E+01
 MRCHDU: Convergence failed at  84  side 2    Res =  0.5967E+01
 MRCHDU: Convergence failed at  85  side 2    Res =  0.4987E+01
 Side 1  free  transition at x/c =  0.9971   75
 Side 2  free  transition at x/c =  0.0558   24

  28   rms: 0.6748E+05   max: -.9175E+06   C at   87  2   RLX: 0.000
       a = -4.000      CL = -2.0476
      Cm =  0.4601     CD =  0.62594   =>   CDf =  0.00201    CDp =  0.62393

 MRCHDU: Convergence failed at  82  side 2    Res =  0.7448E+01
 MRCHDU: Convergence failed at  83  side 2    Res =  0.6976E+01
 MRCHDU: Convergence failed at  84  side 2    Res =  0.5978E+01
 MRCHDU: Convergence failed at  85  side 2    Res =  0.4996E+01
 Side 1  free  transition at x/c =  0.9971   75
 Side 2  free  transition at x/c =  0.0558   24

  29   rms: 0.6760E+05   max: -.9191E+06   C at   87  2   RLX: 0.000
       a = -4.000      CL = -2.0476
      Cm =  0.4601     CD =  0.62606   =>   CDf =  0.00201    CDp =  0.62405

 MRCHDU: Convergence failed at  82  side 2    Res =  0.7462E+01
 MRCHDU: Convergence failed at  83  side 2    Res =  0.6988E+01
 MRCHDU: Convergence failed at  84  side 2    Res =  0.5989E+01
 MRCHDU: Convergence failed at  85  side 2    Res =  0.5005E+01
 Side 1  free  transition at x/c =  0.9971   75
 Side 2  free  transition at x/c =  0.0558   24

  30   rms: 0.6772E+05   max: -.9207E+06   C at   87  2   RLX: 0.000
       a = -4.000      CL = -2.0476
      Cm =  0.4601     CD =  0.62618   =>   CDf =  0.00201    CDp =  0.62417

 MRCHDU: Convergence failed at  82  side 2    Res =  0.7476E+01
 MRCHDU: Convergence failed at  83  side 2    Res =  0.7001E+01
 MRCHDU: Convergence failed at  84  side 2    Res =  0.6000E+01
 MRCHDU: Convergence failed at  85  side 2    Res =  0.5015E+01
 Side 1  free  transition at x/c =  0.9971   75
 Side 2  free  transition at x/c =  0.0558   24

  31   rms: 0.6783E+05   max: -.9223E+06   C at   87  2   RLX: 0.000
       a = -4.000      CL = -2.0476
      Cm =  0.4601     CD =  0.62630   =>   CDf =  0.00201    CDp =  0.62429

 MRCHDU: Convergence failed at  82  side 2    Res =  0.7490E+01
 MRCHDU: Convergence failed at  83  side 2    Res =  0.7014E+01
 MRCHDU: Convergence failed at  84  side 2    Res =  0.6011E+01
 MRCHDU: Convergence failed at  85  side 2    Res =  0.5024E+01
 Side 1  free  transition at x/c =  0.9971   75
 Side 2  free  transition at x/c =  0.0558   24

  32   rms: 0.6795E+05   max: -.9239E+06   C at   87  2   RLX: 0.000
       a = -4.000      CL = -2.0476
      Cm =  0.4601     CD =  0.62643   =>   CDf =  0.00201    CDp =  0.62441

 MRCHDU: Convergence failed at  82  side 2    Res =  0.7503E+01
 MRCHDU: Convergence failed at  83  side 2    Res =  0.7027E+01
 MRCHDU: Convergence failed at  84  side 2    Res =  0.6022E+01
 MRCHDU: Convergence failed at  85  side 2    Res =  0.5034E+01
 Side 1  free  transition at x/c =  0.9971   75
 Side 2  free  transition at x/c =  0.0558   24

  33   rms: 0.6807E+05   max: -.9255E+06   C at   87  2   RLX: 0.000
       a = -4.000      CL = -2.0476
      Cm =  0.4601     CD =  0.62655   =>   CDf =  0.00201    CDp =  0.62453

 MRCHDU: Convergence failed at  82  side 2    Res =  0.7517E+01
 MRCHDU: Convergence failed at  83  side 2    Res =  0.7040E+01
 MRCHDU: Convergence failed at  84  side 2    Res =  0.6033E+01
 MRCHDU: Convergence failed at  85  side 2    Res =  0.5043E+01
 Side 1  free  transition at x/c =  0.9971   75
 Side 2  free  transition at x/c =  0.0558   24

  34   rms: 0.6818E+05   max: -.9271E+06   C at   87  2   RLX: 0.000
       a = -4.000      CL = -2.0476
      Cm =  0.4601     CD =  0.62667   =>   CDf =  0.00201    CDp =  0.62465

 MRCHDU: Convergence failed at  82  side 2    Res =  0.7531E+01
 MRCHDU: Convergence failed at  83  side 2    Res =  0.7052E+01
 MRCHDU: Convergence failed at  84  side 2    Res =  0.6044E+01
 MRCHDU: Convergence failed at  85  side 2    Res =  0.5052E+01
 Side 1  free  transition at x/c =  0.9971   75
 Side 2  free  transition at x/c =  0.0558   24

  35   rms: 0.6830E+05   max: -.9287E+06   C at   87  2   RLX: 0.000
       a = -4.000      CL = -2.0476
      Cm =  0.4601     CD =  0.62679   =>   CDf =  0.00201    CDp =  0.62477

 MRCHDU: Convergence failed at  82  side 2    Res =  0.7544E+01
 MRCHDU: Convergence failed at  83  side 2    Res =  0.7065E+01
 MRCHDU: Convergence failed at  84  side 2    Res =  0.6055E+01
 MRCHDU: Convergence failed at  85  side 2    Res =  0.5062E+01
 Side 1  free  transition at x/c =  0.9971   75
 Side 2  free  transition at x/c =  0.0558   24

  36   rms: 0.6842E+05   max: -.9302E+06   C at   87  2   RLX: 0.000
       a = -4.000      CL = -2.0476
      Cm =  0.4601     CD =  0.62691   =>   CDf =  0.00201    CDp =  0.62489

 MRCHDU: Convergence failed at  82  side 2    Res =  0.7558E+01
 MRCHDU: Convergence failed at  83  side 2    Res =  0.7078E+01
 MRCHDU: Convergence failed at  84  side 2    Res =  0.6066E+01
 MRCHDU: Convergence failed at  85  side 2    Res =  0.5071E+01
 Side 1  free  transition at x/c =  0.9971   75
 Side 2  free  transition at x/c =  0.0558   24

  37   rms: 0.6853E+05   max: -.9318E+06   C at   87  2   RLX: 0.000
       a = -4.000      CL = -2.0476
      Cm =  0.4601     CD =  0.62703   =>   CDf =  0.00201    CDp =  0.62501

 MRCHDU: Convergence failed at  82  side 2    Res =  0.7572E+01
 MRCHDU: Convergence failed at  83  side 2    Res =  0.7091E+01
 MRCHDU: Convergence failed at  84  side 2    Res =  0.6077E+01
 MRCHDU: Convergence failed at  85  side 2    Res =  0.5080E+01
 Side 1  free  transition at x/c =  0.9971   75
 Side 2  free  transition at x/c =  0.0558   24

  38   rms: 0.6865E+05   max: -.9334E+06   C at   87  2   RLX: 0.000
       a = -4.000      CL = -2.0476
      Cm =  0.4601     CD =  0.62715   =>   CDf =  0.00201    CDp =  0.62513

 MRCHDU: Convergence failed at  82  side 2    Res =  0.7585E+01
 MRCHDU: Convergence failed at  83  side 2    Res =  0.7103E+01
 MRCHDU: Convergence failed at  84  side 2    Res =  0.6088E+01
 MRCHDU: Convergence failed at  85  side 2    Res =  0.5090E+01
 Side 1  free  transition at x/c =  0.9971   75
 Side 2  free  transition at x/c =  0.0558   24

  39   rms: 0.6877E+05   max: -.9350E+06   C at   87  2   RLX: 0.000
       a = -4.000      CL = -2.0476
      Cm =  0.4601     CD =  0.62727   =>   CDf =  0.00201    CDp =  0.62526

 MRCHDU: Convergence failed at  82  side 2    Res =  0.7599E+01
 MRCHDU: Convergence failed at  83  side 2    Res =  0.7116E+01
 MRCHDU: Convergence failed at  84  side 2    Res =  0.6099E+01
 MRCHDU: Convergence failed at  85  side 2    Res =  0.5099E+01
 Side 1  free  transition at x/c =  0.9971   75
 Side 2  free  transition at x/c =  0.0558   24

  40   rms: 0.6888E+05   max: -.9365E+06   C at   87  2   RLX: 0.000
       a = -4.000      CL = -2.0476
      Cm =  0.4601     CD =  0.62739   =>   CDf =  0.00201    CDp =  0.62538

 MRCHDU: Convergence failed at  82  side 2    Res =  0.7613E+01
 MRCHDU: Convergence failed at  83  side 2    Res =  0.7129E+01
 MRCHDU: Convergence failed at  84  side 2    Res =  0.6110E+01
 MRCHDU: Convergence failed at  85  side 2    Res =  0.5108E+01
 Side 1  free  transition at x/c =  0.9971   75
 Side 2  free  transition at x/c =  0.0558   24

  41   rms: 0.6900E+05   max: -.9381E+06   C at   87  2   RLX: 0.000
       a = -4.000      CL = -2.0476
      Cm =  0.4601     CD =  0.62751   =>   CDf =  0.00201    CDp =  0.62550

 MRCHDU: Convergence failed at  82  side 2    Res =  0.7626E+01
 MRCHDU: Convergence failed at  83  side 2    Res =  0.7142E+01
 MRCHDU: Convergence failed at  84  side 2    Res =  0.6121E+01
 MRCHDU: Convergence failed at  85  side 2    Res =  0.5118E+01
 Side 1  free  transition at x/c =  0.9971   75
 Side 2  free  transition at x/c =  0.0558   24

  42   rms: 0.6911E+05   max: -.9397E+06   C at   87  2   RLX: 0.000
       a = -4.000      CL = -2.0476
      Cm =  0.4601     CD =  0.62763   =>   CDf =  0.00201    CDp =  0.62562

 MRCHDU: Convergence failed at  82  side 2    Res =  0.7640E+01
 MRCHDU: Convergence failed at  83  side 2    Res =  0.7155E+01
 MRCHDU: Convergence failed at  84  side 2    Res =  0.6132E+01
 MRCHDU: Convergence failed at  85  side 2    Res =  0.5127E+01
 Side 1  free  transition at x/c =  0.9971   75
 Side 2  free  transition at x/c =  0.0558   24

  43   rms: 0.6923E+05   max: -.9412E+06   C at   87  2   RLX: 0.000
       a = -4.000      CL = -2.0476
      Cm =  0.4601     CD =  0.62775   =>   CDf =  0.00201    CDp =  0.62574

 MRCHDU: Convergence failed at  82  side 2    Res =  0.7654E+01
 MRCHDU: Convergence failed at  83  side 2    Res =  0.7167E+01
 MRCHDU: Convergence failed at  84  side 2    Res =  0.6143E+01
 MRCHDU: Convergence failed at  85  side 2    Res =  0.5137E+01
 Side 1  free  transition at x/c =  0.9971   75
 Side 2  free  transition at x/c =  0.0558   24

  44   rms: 0.6934E+05   max: -.9428E+06   C at   87  2   RLX: 0.000
       a = -4.000      CL = -2.0476
      Cm =  0.4601     CD =  0.62787   =>   CDf =  0.00201    CDp =  0.62586

 MRCHDU: Convergence failed at  82  side 2    Res =  0.7667E+01
 MRCHDU: Convergence failed at  83  side 2    Res =  0.7180E+01
 MRCHDU: Convergence failed at  84  side 2    Res =  0.6154E+01
 MRCHDU: Convergence failed at  85  side 2    Res =  0.5146E+01
 Side 1  free  transition at x/c =  0.9971   75
 Side 2  free  transition at x/c =  0.0558   24

  45   rms: 0.6946E+05   max: -.9444E+06   C at   87  2   RLX: 0.000
       a = -4.000      CL = -2.0476
      Cm =  0.4601     CD =  0.62799   =>   CDf =  0.00201    CDp =  0.62598

 MRCHDU: Convergence failed at  82  side 2    Res =  0.7681E+01
 MRCHDU: Convergence failed at  83  side 2    Res =  0.7193E+01
 MRCHDU: Convergence failed at  84  side 2    Res =  0.6165E+01
 MRCHDU: Convergence failed at  85  side 2    Res =  0.5155E+01
 Side 1  free  transition at x/c =  0.9971   75
 Side 2  free  transition at x/c =  0.0558   24

  46   rms: 0.6957E+05   max: -.9459E+06   C at   87  2   RLX: 0.000
       a = -4.000      CL = -2.0476
      Cm =  0.4601     CD =  0.62811   =>   CDf =  0.00201    CDp =  0.62610

 MRCHDU: Convergence failed at  82  side 2    Res =  0.7695E+01
 MRCHDU: Convergence failed at  83  side 2    Res =  0.7206E+01
 MRCHDU: Convergence failed at  84  side 2    Res =  0.6176E+01
 MRCHDU: Convergence failed at  85  side 2    Res =  0.5165E+01
 Side 1  free  transition at x/c =  0.9971   75
 Side 2  free  transition at x/c =  0.0558   24

  47   rms: 0.6969E+05   max: -.9475E+06   C at   87  2   RLX: 0.000
       a = -4.000      CL = -2.0476
      Cm =  0.4601     CD =  0.62823   =>   CDf =  0.00201    CDp =  0.62622

 MRCHDU: Convergence failed at  82  side 2    Res =  0.7709E+01
 MRCHDU: Convergence failed at  83  side 2    Res =  0.7218E+01
 MRCHDU: Convergence failed at  84  side 2    Res =  0.6187E+01
 MRCHDU: Convergence failed at  85  side 2    Res =  0.5174E+01
 Side 1  free  transition at x/c =  0.9971   75
 Side 2  free  transition at x/c =  0.0558   24

  48   rms: 0.6980E+05   max: -.9490E+06   C at   87  2   RLX: 0.000
       a = -4.000      CL = -2.0476
      Cm =  0.4601     CD =  0.62835   =>   CDf =  0.00201    CDp =  0.62634

 MRCHDU: Convergence failed at  82  side 2    Res =  0.7722E+01
 MRCHDU: Convergence failed at  83  side 2    Res =  0.7231E+01
 MRCHDU: Convergence failed at  84  side 2    Res =  0.6199E+01
 MRCHDU: Convergence failed at  85  side 2    Res =  0.5183E+01
 Side 1  free  transition at x/c =  0.9971   75
 Side 2  free  transition at x/c =  0.0558   24

  49   rms: 0.6992E+05   max: -.9506E+06   C at   87  2   RLX: 0.000
       a = -4.000      CL = -2.0476
      Cm =  0.4601     CD =  0.62847   =>   CDf =  0.00201    CDp =  0.62646

 MRCHDU: Convergence failed at  82  side 2    Res =  0.7736E+01
 MRCHDU: Convergence failed at  83  side 2    Res =  0.7244E+01
 MRCHDU: Convergence failed at  84  side 2    Res =  0.6210E+01
 MRCHDU: Convergence failed at  85  side 2    Res =  0.5193E+01
 Side 1  free  transition at x/c =  0.9971   75
 Side 2  free  transition at x/c =  0.0558   24

  50   rms: 0.7003E+05   max: -.9521E+06   C at   87  2   RLX: 0.000
       a = -4.000      CL = -2.0476
      Cm =  0.4601     CD =  0.62859   =>   CDf =  0.00201    CDp =  0.62658

 MRCHDU: Convergence failed at  82  side 2    Res =  0.7750E+01
 MRCHDU: Convergence failed at  83  side 2    Res =  0.7257E+01
 MRCHDU: Convergence failed at  84  side 2    Res =  0.6221E+01
 MRCHDU: Convergence failed at  85  side 2    Res =  0.5202E+01
 Side 1  free  transition at x/c =  0.9971   75
 Side 2  free  transition at x/c =  0.0558   24

  51   rms: 0.7014E+05   max: -.9537E+06   C at   87  2   RLX: 0.000
       a = -4.000      CL = -2.0476
      Cm =  0.4601     CD =  0.62871   =>   CDf =  0.00201    CDp =  0.62669

 MRCHDU: Convergence failed at  82  side 2    Res =  0.7763E+01
 MRCHDU: Convergence failed at  83  side 2    Res =  0.7269E+01
 MRCHDU: Convergence failed at  84  side 2    Res =  0.6232E+01
 MRCHDU: Convergence failed at  85  side 2    Res =  0.5211E+01
 Side 1  free  transition at x/c =  0.9971   75
 Side 2  free  transition at x/c =  0.0558   24

  52   rms: 0.7026E+05   max: -.9552E+06   C at   87  2   RLX: 0.000
       a = -4.000      CL = -2.0476
      Cm =  0.4601     CD =  0.62883   =>   CDf =  0.00201    CDp =  0.62681

 MRCHDU: Convergence failed at  82  side 2    Res =  0.7777E+01
 MRCHDU: Convergence failed at  83  side 2    Res =  0.7282E+01
 MRCHDU: Convergence failed at  84  side 2    Res =  0.6243E+01
 MRCHDU: Convergence failed at  85  side 2    Res =  0.5221E+01
 Side 1  free  transition at x/c =  0.9971   75
 Side 2  free  transition at x/c =  0.0558   24

  53   rms: 0.7037E+05   max: -.9567E+06   C at   87  2   RLX: 0.000
       a = -4.000      CL = -2.0476
      Cm =  0.4601     CD =  0.62895   =>   CDf =  0.00201    CDp =  0.62693

 MRCHDU: Convergence failed at  82  side 2    Res =  0.7791E+01
 MRCHDU: Convergence failed at  83  side 2    Res =  0.7295E+01
 MRCHDU: Convergence failed at  84  side 2    Res =  0.6254E+01
 MRCHDU: Convergence failed at  85  side 2    Res =  0.5230E+01
 Side 1  free  transition at x/c =  0.9971   75
 Side 2  free  transition at x/c =  0.0558   24

  54   rms: 0.7048E+05   max: -.9583E+06   C at   87  2   RLX: 0.000
       a = -4.000      CL = -2.0476
      Cm =  0.4601     CD =  0.62907   =>   CDf =  0.00201    CDp =  0.62705

 MRCHDU: Convergence failed at  82  side 2    Res =  0.7804E+01
 MRCHDU: Convergence failed at  83  side 2    Res =  0.7308E+01
 MRCHDU: Convergence failed at  84  side 2    Res =  0.6265E+01
 MRCHDU: Convergence failed at  85  side 2    Res =  0.5240E+01
 Side 1  free  transition at x/c =  0.9971   75
 Side 2  free  transition at x/c =  0.0558   24

  55   rms: 0.7060E+05   max: -.9598E+06   C at   87  2   RLX: 0.000
       a = -4.000      CL = -2.0476
      Cm =  0.4601     CD =  0.62919   =>   CDf =  0.00201    CDp =  0.62717

 MRCHDU: Convergence failed at  82  side 2    Res =  0.7818E+01
 MRCHDU: Convergence failed at  83  side 2    Res =  0.7321E+01
 MRCHDU: Convergence failed at  84  side 2    Res =  0.6276E+01
 MRCHDU: Convergence failed at  85  side 2    Res =  0.5249E+01
 Side 1  free  transition at x/c =  0.9971   75
 Side 2  free  transition at x/c =  0.0558   24

  56   rms: 0.7071E+05   max: -.9614E+06   C at   87  2   RLX: 0.000
       a = -4.000      CL = -2.0476
      Cm =  0.4601     CD =  0.62931   =>   CDf =  0.00201    CDp =  0.62729

 MRCHDU: Convergence failed at  82  side 2    Res =  0.7832E+01
 MRCHDU: Convergence failed at  83  side 2    Res =  0.7333E+01
 MRCHDU: Convergence failed at  84  side 2    Res =  0.6287E+01
 MRCHDU: Convergence failed at  85  side 2    Res =  0.5258E+01
 Side 1  free  transition at x/c =  0.9971   75
 Side 2  free  transition at x/c =  0.0558   24

  57   rms: 0.7082E+05   max: -.9629E+06   C at   87  2   RLX: 0.000
       a = -4.000      CL = -2.0476
      Cm =  0.4601     CD =  0.62943   =>   CDf =  0.00201    CDp =  0.62741

 MRCHDU: Convergence failed at  82  side 2    Res =  0.7845E+01
 MRCHDU: Convergence failed at  83  side 2    Res =  0.7346E+01
 MRCHDU: Convergence failed at  84  side 2    Res =  0.6298E+01
 MRCHDU: Convergence failed at  85  side 2    Res =  0.5268E+01
 Side 1  free  transition at x/c =  0.9971   75
 Side 2  free  transition at x/c =  0.0558   24

  58   rms: 0.7094E+05   max: -.9644E+06   C at   87  2   RLX: 0.000
       a = -4.000      CL = -2.0476
      Cm =  0.4601     CD =  0.62955   =>   CDf =  0.00201    CDp =  0.62753

 MRCHDU: Convergence failed at  82  side 2    Res =  0.7859E+01
 MRCHDU: Convergence failed at  83  side 2    Res =  0.7359E+01
 MRCHDU: Convergence failed at  84  side 2    Res =  0.6309E+01
 MRCHDU: Convergence failed at  85  side 2    Res =  0.5277E+01
 Side 1  free  transition at x/c =  0.9971   75
 Side 2  free  transition at x/c =  0.0558   24

  59   rms: 0.7105E+05   max: -.9659E+06   C at   87  2   RLX: 0.000
       a = -4.000      CL = -2.0476
      Cm =  0.4601     CD =  0.62966   =>   CDf =  0.00201    CDp =  0.62765

 MRCHDU: Convergence failed at  82  side 2    Res =  0.7873E+01
 MRCHDU: Convergence failed at  83  side 2    Res =  0.7372E+01
 MRCHDU: Convergence failed at  84  side 2    Res =  0.6320E+01
 MRCHDU: Convergence failed at  85  side 2    Res =  0.5286E+01
 Side 1  free  transition at x/c =  0.9971   75
 Side 2  free  transition at x/c =  0.0558   24

  60   rms: 0.7116E+05   max: -.9675E+06   C at   87  2   RLX: 0.000
       a = -4.000      CL = -2.0475
      Cm =  0.4601     CD =  0.62978   =>   CDf =  0.00201    CDp =  0.62777

 MRCHDU: Convergence failed at  82  side 2    Res =  0.7887E+01
 MRCHDU: Convergence failed at  83  side 2    Res =  0.7384E+01
 MRCHDU: Convergence failed at  84  side 2    Res =  0.6331E+01
 MRCHDU: Convergence failed at  85  side 2    Res =  0.5296E+01
 Side 1  free  transition at x/c =  0.9971   75
 Side 2  free  transition at x/c =  0.0558   24

  61   rms: 0.7127E+05   max: -.9690E+06   C at   87  2   RLX: 0.000
       a = -4.000      CL = -2.0475
      Cm =  0.4601     CD =  0.62990   =>   CDf =  0.00201    CDp =  0.62789

 MRCHDU: Convergence failed at  82  side 2    Res =  0.7900E+01
 MRCHDU: Convergence failed at  83  side 2    Res =  0.7397E+01
 MRCHDU: Convergence failed at  84  side 2    Res =  0.6342E+01
 MRCHDU: Convergence failed at  85  side 2    Res =  0.5305E+01
 Side 1  free  transition at x/c =  0.9971   75
 Side 2  free  transition at x/c =  0.0558   24

  62   rms: 0.7139E+05   max: -.9705E+06   C at   87  2   RLX: 0.000
       a = -4.000      CL = -2.0475
      Cm =  0.4601     CD =  0.63002   =>   CDf =  0.00201    CDp =  0.62801

 MRCHDU: Convergence failed at  82  side 2    Res =  0.7914E+01
 MRCHDU: Convergence failed at  83  side 2    Res =  0.7410E+01
 MRCHDU: Convergence failed at  84  side 2    Res =  0.6353E+01
 MRCHDU: Convergence failed at  85  side 2    Res =  0.5314E+01
 Side 1  free  transition at x/c =  0.9971   75
 Side 2  free  transition at x/c =  0.0558   24

  63   rms: 0.7150E+05   max: -.9720E+06   C at   87  2   RLX: 0.000
       a = -4.000      CL = -2.0475
      Cm =  0.4601     CD =  0.63014   =>   CDf =  0.00201    CDp =  0.62813

 MRCHDU: Convergence failed at  82  side 2    Res =  0.7928E+01
 MRCHDU: Convergence failed at  83  side 2    Res =  0.7423E+01
 MRCHDU: Convergence failed at  84  side 2    Res =  0.6364E+01
 MRCHDU: Convergence failed at  85  side 2    Res =  0.5324E+01
 Side 1  free  transition at x/c =  0.9971   75
 Side 2  free  transition at x/c =  0.0558   24

  64   rms: 0.7161E+05   max: -.9736E+06   C at   87  2   RLX: 0.000
       a = -4.000      CL = -2.0475
      Cm =  0.4601     CD =  0.63026   =>   CDf =  0.00201    CDp =  0.62825

 MRCHDU: Convergence failed at  82  side 2    Res =  0.7941E+01
 MRCHDU: Convergence failed at  83  side 2    Res =  0.7436E+01
 MRCHDU: Convergence failed at  84  side 2    Res =  0.6375E+01
 MRCHDU: Convergence failed at  85  side 2    Res =  0.5333E+01
 Side 1  free  transition at x/c =  0.9971   75
 Side 2  free  transition at x/c =  0.0558   24

  65   rms: 0.7172E+05   max: -.9751E+06   C at   87  2   RLX: 0.000
       a = -4.000      CL = -2.0475
      Cm =  0.4601     CD =  0.63038   =>   CDf =  0.00201    CDp =  0.62836

 MRCHDU: Convergence failed at  82  side 2    Res =  0.7955E+01
 MRCHDU: Convergence failed at  83  side 2    Res =  0.7448E+01
 MRCHDU: Convergence failed at  84  side 2    Res =  0.6386E+01
 MRCHDU: Convergence failed at  85  side 2    Res =  0.5342E+01
 Side 1  free  transition at x/c =  0.9971   75
 Side 2  free  transition at x/c =  0.0558   24

  66   rms: 0.7183E+05   max: -.9766E+06   C at   87  2   RLX: 0.000
       a = -4.000      CL = -2.0475
      Cm =  0.4601     CD =  0.63050   =>   CDf =  0.00201    CDp =  0.62848

 MRCHDU: Convergence failed at  82  side 2    Res =  0.7969E+01
 MRCHDU: Convergence failed at  83  side 2    Res =  0.7461E+01
 MRCHDU: Convergence failed at  84  side 2    Res =  0.6397E+01
 MRCHDU: Convergence failed at  85  side 2    Res =  0.5352E+01
 Side 1  free  transition at x/c =  0.9971   75
 Side 2  free  transition at x/c =  0.0558   24

  67   rms: 0.7195E+05   max: -.9781E+06   C at   87  2   RLX: 0.000
       a = -4.000      CL = -2.0475
      Cm =  0.4601     CD =  0.63062   =>   CDf =  0.00201    CDp =  0.62860

 MRCHDU: Convergence failed at  82  side 2    Res =  0.7982E+01
 MRCHDU: Convergence failed at  83  side 2    Res =  0.7474E+01
 MRCHDU: Convergence failed at  84  side 2    Res =  0.6408E+01
 MRCHDU: Convergence failed at  85  side 2    Res =  0.5361E+01
 Side 1  free  transition at x/c =  0.9971   75
 Side 2  free  transition at x/c =  0.0558   24

  68   rms: 0.7206E+05   max: -.9796E+06   C at   87  2   RLX: 0.000
       a = -4.000      CL = -2.0475
      Cm =  0.4601     CD =  0.63074   =>   CDf =  0.00201    CDp =  0.62872

 MRCHDU: Convergence failed at  82  side 2    Res =  0.7996E+01
 MRCHDU: Convergence failed at  83  side 2    Res =  0.7487E+01
 MRCHDU: Convergence failed at  84  side 2    Res =  0.6419E+01
 MRCHDU: Convergence failed at  85  side 2    Res =  0.5370E+01
 Side 1  free  transition at x/c =  0.9971   75
 Side 2  free  transition at x/c =  0.0558   24

  69   rms: 0.7217E+05   max: -.9811E+06   C at   87  2   RLX: 0.000
       a = -4.000      CL = -2.0475
      Cm =  0.4601     CD =  0.63085   =>   CDf =  0.00201    CDp =  0.62884

 MRCHDU: Convergence failed at  82  side 2    Res =  0.8010E+01
 MRCHDU: Convergence failed at  83  side 2    Res =  0.7499E+01
 MRCHDU: Convergence failed at  84  side 2    Res =  0.6430E+01
 MRCHDU: Convergence failed at  85  side 2    Res =  0.5380E+01
 Side 1  free  transition at x/c =  0.9971   75
 Side 2  free  transition at x/c =  0.0558   24

  70   rms: 0.7228E+05   max: -.9826E+06   C at   87  2   RLX: 0.000
       a = -4.000      CL = -2.0475
      Cm =  0.4601     CD =  0.63097   =>   CDf =  0.00201    CDp =  0.62896

 MRCHDU: Convergence failed at  82  side 2    Res =  0.8023E+01
 MRCHDU: Convergence failed at  83  side 2    Res =  0.7512E+01
 MRCHDU: Convergence failed at  84  side 2    Res =  0.6441E+01
 MRCHDU: Convergence failed at  85  side 2    Res =  0.5389E+01
 Side 1  free  transition at x/c =  0.9971   75
 Side 2  free  transition at x/c =  0.0558   24

  71   rms: 0.7239E+05   max: -.9841E+06   C at   87  2   RLX: 0.000
       a = -4.000      CL = -2.0475
      Cm =  0.4601     CD =  0.63109   =>   CDf =  0.00201    CDp =  0.62908

 MRCHDU: Convergence failed at  82  side 2    Res =  0.8037E+01
 MRCHDU: Convergence failed at  83  side 2    Res =  0.7525E+01
 MRCHDU: Convergence failed at  84  side 2    Res =  0.6452E+01
 MRCHDU: Convergence failed at  85  side 2    Res =  0.5398E+01
 Side 1  free  transition at x/c =  0.9971   75
 Side 2  free  transition at x/c =  0.0558   24

  72   rms: 0.7250E+05   max: -.9856E+06   C at   87  2   RLX: 0.000
       a = -4.000      CL = -2.0475
      Cm =  0.4601     CD =  0.63121   =>   CDf =  0.00201    CDp =  0.62920

 MRCHDU: Convergence failed at  82  side 2    Res =  0.8051E+01
 MRCHDU: Convergence failed at  83  side 2    Res =  0.7538E+01
 MRCHDU: Convergence failed at  84  side 2    Res =  0.6463E+01
 MRCHDU: Convergence failed at  85  side 2    Res =  0.5408E+01
 Side 1  free  transition at x/c =  0.9971   75
 Side 2  free  transition at x/c =  0.0558   24

  73   rms: 0.7253E+05   max: -.9860E+06   C at   87  2   RLX: 0.000
       a = -4.000      CL = -2.0475
      Cm =  0.4601     CD =  0.63133   =>   CDf =  0.00201    CDp =  0.62931

 MRCHDU: Convergence failed at  82  side 2    Res =  0.8065E+01
 MRCHDU: Convergence failed at  83  side 2    Res =  0.7550E+01
 MRCHDU: Convergence failed at  84  side 2    Res =  0.6474E+01
 MRCHDU: Convergence failed at  85  side 2    Res =  0.5417E+01
 Side 1  free  transition at x/c =  0.9971   75
 Side 2  free  transition at x/c =  0.0558   24

  74   rms: 0.7264E+05   max: -.9875E+06   C at   87  2   RLX: 0.000
       a = -4.000      CL = -2.0475
      Cm =  0.4601     CD =  0.63145   =>   CDf =  0.00201    CDp =  0.62943

 MRCHDU: Convergence failed at  82  side 2    Res =  0.8078E+01
 MRCHDU: Convergence failed at  83  side 2    Res =  0.7563E+01
 MRCHDU: Convergence failed at  84  side 2    Res =  0.6485E+01
 MRCHDU: Convergence failed at  85  side 2    Res =  0.5426E+01
 Side 1  free  transition at x/c =  0.9971   75
 Side 2  free  transition at x/c =  0.0558   24

  75   rms: 0.7275E+05   max: -.9890E+06   C at   87  2   RLX: 0.000
       a = -4.000      CL = -2.0475
      Cm =  0.4601     CD =  0.63157   =>   CDf =  0.00201    CDp =  0.62955

 MRCHDU: Convergence failed at  82  side 2    Res =  0.8092E+01
 MRCHDU: Convergence failed at  83  side 2    Res =  0.7576E+01
 MRCHDU: Convergence failed at  84  side 2    Res =  0.6496E+01
 MRCHDU: Convergence failed at  85  side 2    Res =  0.5436E+01
 Side 1  free  transition at x/c =  0.9971   75
 Side 2  free  transition at x/c =  0.0558   24

  76   rms: 0.7286E+05   max: -.9905E+06   C at   87  2   RLX: 0.000
       a = -4.000      CL = -2.0475
      Cm =  0.4601     CD =  0.63168   =>   CDf =  0.00201    CDp =  0.62967

 MRCHDU: Convergence failed at  82  side 2    Res =  0.8106E+01
 MRCHDU: Convergence failed at  83  side 2    Res =  0.7589E+01
 MRCHDU: Convergence failed at  84  side 2    Res =  0.6507E+01
 MRCHDU: Convergence failed at  85  side 2    Res =  0.5445E+01
 Side 1  free  transition at x/c =  0.9971   75
 Side 2  free  transition at x/c =  0.0558   24

  77   rms: 0.7297E+05   max: -.9920E+06   C at   87  2   RLX: 0.000
       a = -4.000      CL = -2.0475
      Cm =  0.4601     CD =  0.63180   =>   CDf =  0.00201    CDp =  0.62979

 MRCHDU: Convergence failed at  82  side 2    Res =  0.8119E+01
 MRCHDU: Convergence failed at  83  side 2    Res =  0.7602E+01
 MRCHDU: Convergence failed at  84  side 2    Res =  0.6518E+01
 MRCHDU: Convergence failed at  85  side 2    Res =  0.5455E+01
 Side 1  free  transition at x/c =  0.9971   75
 Side 2  free  transition at x/c =  0.0558   24

  78   rms: 0.7308E+05   max: -.9934E+06   C at   87  2   RLX: 0.000
       a = -4.000      CL = -2.0475
      Cm =  0.4601     CD =  0.63192   =>   CDf =  0.00201    CDp =  0.62991

 MRCHDU: Convergence failed at  82  side 2    Res =  0.8133E+01
 MRCHDU: Convergence failed at  83  side 2    Res =  0.7614E+01
 MRCHDU: Convergence failed at  84  side 2    Res =  0.6529E+01
 MRCHDU: Convergence failed at  85  side 2    Res =  0.5464E+01
 Side 1  free  transition at x/c =  0.9971   75
 Side 2  free  transition at x/c =  0.0558   24

  79   rms: 0.7319E+05   max: -.9949E+06   C at   87  2   RLX: 0.000
       a = -4.000      CL = -2.0475
      Cm =  0.4601     CD =  0.63204   =>   CDf =  0.00201    CDp =  0.63002

 MRCHDU: Convergence failed at  82  side 2    Res =  0.8147E+01
 MRCHDU: Convergence failed at  83  side 2    Res =  0.7627E+01
 MRCHDU: Convergence failed at  84  side 2    Res =  0.6540E+01
 MRCHDU: Convergence failed at  85  side 2    Res =  0.5473E+01
 Side 1  free  transition at x/c =  0.9971   75
 Side 2  free  transition at x/c =  0.0558   24

  80   rms: 0.7330E+05   max: -.9964E+06   C at   87  2   RLX: 0.000
       a = -4.000      CL = -2.0475
      Cm =  0.4601     CD =  0.63216   =>   CDf =  0.00201    CDp =  0.63014

 MRCHDU: Convergence failed at  82  side 2    Res =  0.8160E+01
 MRCHDU: Convergence failed at  83  side 2    Res =  0.7640E+01
 MRCHDU: Convergence failed at  84  side 2    Res =  0.6551E+01
 MRCHDU: Convergence failed at  85  side 2    Res =  0.5483E+01
 Side 1  free  transition at x/c =  0.9971   75
 Side 2  free  transition at x/c =  0.0558   24

  81   rms: 0.7341E+05   max: -.9979E+06   C at   87  2   RLX: 0.000
       a = -4.000      CL = -2.0475
      Cm =  0.4601     CD =  0.63227   =>   CDf =  0.00201    CDp =  0.63026

 MRCHDU: Convergence failed at  82  side 2    Res =  0.8174E+01
 MRCHDU: Convergence failed at  83  side 2    Res =  0.7653E+01
 MRCHDU: Convergence failed at  84  side 2    Res =  0.6562E+01
 MRCHDU: Convergence failed at  85  side 2    Res =  0.5492E+01
 Side 1  free  transition at x/c =  0.9971   75
 Side 2  free  transition at x/c =  0.0558   24

  82   rms: 0.7351E+05   max: -.9994E+06   C at   87  2   RLX: 0.000
       a = -4.000      CL = -2.0475
      Cm =  0.4601     CD =  0.63239   =>   CDf =  0.00201    CDp =  0.63038

 MRCHDU: Convergence failed at  82  side 2    Res =  0.8188E+01
 MRCHDU: Convergence failed at  83  side 2    Res =  0.7665E+01
 MRCHDU: Convergence failed at  84  side 2    Res =  0.6573E+01
 MRCHDU: Convergence failed at  85  side 2    Res =  0.5501E+01
 Side 1  free  transition at x/c =  0.9971   75
 Side 2  free  transition at x/c =  0.0558   24

  83   rms: 0.7362E+05   max: -.1001E+07   C at   87  2   RLX: 0.000
       a = -4.000      CL = -2.0475
      Cm =  0.4601     CD =  0.63251   =>   CDf =  0.00201    CDp =  0.63050

 MRCHDU: Convergence failed at  82  side 2    Res =  0.8202E+01
 MRCHDU: Convergence failed at  83  side 2    Res =  0.7678E+01
 MRCHDU: Convergence failed at  84  side 2    Res =  0.6584E+01
 MRCHDU: Convergence failed at  85  side 2    Res =  0.5511E+01
 Side 1  free  transition at x/c =  0.9971   75
 Side 2  free  transition at x/c =  0.0558   24

  84   rms: 0.7373E+05   max: -.1002E+07   C at   87  2   RLX: 0.000
       a = -4.000      CL = -2.0475
      Cm =  0.4601     CD =  0.63263   =>   CDf =  0.00201    CDp =  0.63061

 MRCHDU: Convergence failed at  82  side 2    Res =  0.8215E+01
 MRCHDU: Convergence failed at  83  side 2    Res =  0.7691E+01
 MRCHDU: Convergence failed at  84  side 2    Res =  0.6595E+01
 MRCHDU: Convergence failed at  85  side 2    Res =  0.5520E+01
 Side 1  free  transition at x/c =  0.9971   75
 Side 2  free  transition at x/c =  0.0558   24

  85   rms: 0.7384E+05   max: -.1004E+07   C at   87  2   RLX: 0.000
       a = -4.000      CL = -2.0475
      Cm =  0.4601     CD =  0.63275   =>   CDf =  0.00201    CDp =  0.63073

 MRCHDU: Convergence failed at  82  side 2    Res =  0.8229E+01
 MRCHDU: Convergence failed at  83  side 2    Res =  0.7704E+01
 MRCHDU: Convergence failed at  84  side 2    Res =  0.6606E+01
 MRCHDU: Convergence failed at  85  side 2    Res =  0.5529E+01
 Side 1  free  transition at x/c =  0.9971   75
 Side 2  free  transition at x/c =  0.0558   24

  86   rms: 0.7395E+05   max: -.1005E+07   C at   87  2   RLX: 0.000
       a = -4.000      CL = -2.0475
      Cm =  0.4601     CD =  0.63286   =>   CDf =  0.00201    CDp =  0.63085

 MRCHDU: Convergence failed at  82  side 2    Res =  0.8243E+01
 MRCHDU: Convergence failed at  83  side 2    Res =  0.7716E+01
 MRCHDU: Convergence failed at  84  side 2    Res =  0.6617E+01
 MRCHDU: Convergence failed at  85  side 2    Res =  0.5539E+01
 Side 1  free  transition at x/c =  0.9971   75
 Side 2  free  transition at x/c =  0.0558   24

  87   rms: 0.7406E+05   max: -.1007E+07   C at   87  2   RLX: 0.000
       a = -4.000      CL = -2.0475
      Cm =  0.4601     CD =  0.63298   =>   CDf =  0.00201    CDp =  0.63097

 MRCHDU: Convergence failed at  82  side 2    Res =  0.8256E+01
 MRCHDU: Convergence failed at  83  side 2    Res =  0.7729E+01
 MRCHDU: Convergence failed at  84  side 2    Res =  0.6628E+01
 MRCHDU: Convergence failed at  85  side 2    Res =  0.5548E+01
 Side 1  free  transition at x/c =  0.9971   75
 Side 2  free  transition at x/c =  0.0558   24

  88   rms: 0.7416E+05   max: -.1008E+07   C at   87  2   RLX: 0.000
       a = -4.000      CL = -2.0475
      Cm =  0.4601     CD =  0.63310   =>   CDf =  0.00201    CDp =  0.63109

 MRCHDU: Convergence failed at  82  side 2    Res =  0.8270E+01
 MRCHDU: Convergence failed at  83  side 2    Res =  0.7742E+01
 MRCHDU: Convergence failed at  84  side 2    Res =  0.6639E+01
 MRCHDU: Convergence failed at  85  side 2    Res =  0.5557E+01
 Side 1  free  transition at x/c =  0.9971   75
 Side 2  free  transition at x/c =  0.0558   24

  89   rms: 0.7427E+05   max: -.1010E+07   C at   87  2   RLX: 0.000
       a = -4.000      CL = -2.0475
      Cm =  0.4601     CD =  0.63322   =>   CDf =  0.00201    CDp =  0.63120

 MRCHDU: Convergence failed at  82  side 2    Res =  0.8284E+01
 MRCHDU: Convergence failed at  83  side 2    Res =  0.7755E+01
 MRCHDU: Convergence failed at  84  side 2    Res =  0.6650E+01
 MRCHDU: Convergence failed at  85  side 2    Res =  0.5567E+01
 Side 1  free  transition at x/c =  0.9971   75
 Side 2  free  transition at x/c =  0.0558   24

  90   rms: 0.7438E+05   max: -.1011E+07   C at   87  2   RLX: 0.000
       a = -4.000      CL = -2.0475
      Cm =  0.4601     CD =  0.63333   =>   CDf =  0.00201    CDp =  0.63132

 MRCHDU: Convergence failed at  82  side 2    Res =  0.8297E+01
 MRCHDU: Convergence failed at  83  side 2    Res =  0.7768E+01
 MRCHDU: Convergence failed at  84  side 2    Res =  0.6661E+01
 MRCHDU: Convergence failed at  85  side 2    Res =  0.5576E+01
 Side 1  free  transition at x/c =  0.9971   75
 Side 2  free  transition at x/c =  0.0558   24

  91   rms: 0.7449E+05   max: -.1013E+07   C at   87  2   RLX: 0.000
       a = -4.000      CL = -2.0475
      Cm =  0.4601     CD =  0.63345   =>   CDf =  0.00201    CDp =  0.63144

 MRCHDU: Convergence failed at  82  side 2    Res =  0.8311E+01
 MRCHDU: Convergence failed at  83  side 2    Res =  0.7780E+01
 MRCHDU: Convergence failed at  84  side 2    Res =  0.6672E+01
 MRCHDU: Convergence failed at  85  side 2    Res =  0.5585E+01
 Side 1  free  transition at x/c =  0.9971   75
 Side 2  free  transition at x/c =  0.0558   24

  92   rms: 0.7459E+05   max: -.1014E+07   C at   87  2   RLX: 0.000
       a = -4.000      CL = -2.0475
      Cm =  0.4601     CD =  0.63357   =>   CDf =  0.00201    CDp =  0.63156

 MRCHDU: Convergence failed at  82  side 2    Res =  0.8325E+01
 MRCHDU: Convergence failed at  83  side 2    Res =  0.7793E+01
 MRCHDU: Convergence failed at  84  side 2    Res =  0.6683E+01
 MRCHDU: Convergence failed at  85  side 2    Res =  0.5595E+01
 Side 1  free  transition at x/c =  0.9971   75
 Side 2  free  transition at x/c =  0.0558   24

  93   rms: 0.7470E+05   max: -.1015E+07   C at   87  2   RLX: 0.000
       a = -4.000      CL = -2.0475
      Cm =  0.4601     CD =  0.63369   =>   CDf =  0.00201    CDp =  0.63167

 MRCHDU: Convergence failed at  82  side 2    Res =  0.8339E+01
 MRCHDU: Convergence failed at  83  side 2    Res =  0.7806E+01
 MRCHDU: Convergence failed at  84  side 2    Res =  0.6694E+01
 MRCHDU: Convergence failed at  85  side 2    Res =  0.5604E+01
 Side 1  free  transition at x/c =  0.9971   75
 Side 2  free  transition at x/c =  0.0558   24

  94   rms: 0.7481E+05   max: -.1017E+07   C at   87  2   RLX: 0.000
       a = -4.000      CL = -2.0475
      Cm =  0.4601     CD =  0.63381   =>   CDf =  0.00201    CDp =  0.63179

 MRCHDU: Convergence failed at  82  side 2    Res =  0.8352E+01
 MRCHDU: Convergence failed at  83  side 2    Res =  0.7819E+01
 MRCHDU: Convergence failed at  84  side 2    Res =  0.6706E+01
 MRCHDU: Convergence failed at  85  side 2    Res =  0.5613E+01
 Side 1  free  transition at x/c =  0.9971   75
 Side 2  free  transition at x/c =  0.0558   24

  95   rms: 0.7491E+05   max: -.1018E+07   C at   87  2   RLX: 0.000
       a = -4.000      CL = -2.0475
      Cm =  0.4601     CD =  0.63392   =>   CDf =  0.00201    CDp =  0.63191

 MRCHDU: Convergence failed at  82  side 2    Res =  0.8366E+01
 MRCHDU: Convergence failed at  83  side 2    Res =  0.7831E+01
 MRCHDU: Convergence failed at  84  side 2    Res =  0.6717E+01
 MRCHDU: Convergence failed at  85  side 2    Res =  0.5623E+01
 Side 1  free  transition at x/c =  0.9971   75
 Side 2  free  transition at x/c =  0.0558   24

  96   rms: 0.7502E+05   max: -.1020E+07   C at   87  2   RLX: 0.000
       a = -4.000      CL = -2.0475
      Cm =  0.4601     CD =  0.63404   =>   CDf =  0.00201    CDp =  0.63203

 MRCHDU: Convergence failed at  82  side 2    Res =  0.8380E+01
 MRCHDU: Convergence failed at  83  side 2    Res =  0.7844E+01
 MRCHDU: Convergence failed at  84  side 2    Res =  0.6728E+01
 MRCHDU: Convergence failed at  85  side 2    Res =  0.5632E+01
 Side 1  free  transition at x/c =  0.9971   75
 Side 2  free  transition at x/c =  0.0558   24

  97   rms: 0.7513E+05   max: -.1021E+07   C at   87  2   RLX: 0.000
       a = -4.000      CL = -2.0474
      Cm =  0.4601     CD =  0.63416   =>   CDf =  0.00201    CDp =  0.63214

 MRCHDU: Convergence failed at  82  side 2    Res =  0.8393E+01
 MRCHDU: Convergence failed at  83  side 2    Res =  0.7857E+01
 MRCHDU: Convergence failed at  84  side 2    Res =  0.6739E+01
 MRCHDU: Convergence failed at  85  side 2    Res =  0.5641E+01
 Side 1  free  transition at x/c =  0.9971   75
 Side 2  free  transition at x/c =  0.0558   24

  98   rms: 0.7523E+05   max: -.1023E+07   C at   87  2   RLX: 0.000
       a = -4.000      CL = -2.0474
      Cm =  0.4601     CD =  0.63427   =>   CDf =  0.00201    CDp =  0.63226

 MRCHDU: Convergence failed at  82  side 2    Res =  0.8407E+01
 MRCHDU: Convergence failed at  83  side 2    Res =  0.7870E+01
 MRCHDU: Convergence failed at  84  side 2    Res =  0.6750E+01
 MRCHDU: Convergence failed at  85  side 2    Res =  0.5651E+01
 Side 1  free  transition at x/c =  0.9971   75
 Side 2  free  transition at x/c =  0.0558   24

  99   rms: 0.7534E+05   max: -.1024E+07   C at   87  2   RLX: 0.000
       a = -4.000      CL = -2.0474
      Cm =  0.4601     CD =  0.63439   =>   CDf =  0.00201    CDp =  0.63238

 MRCHDU: Convergence failed at  82  side 2    Res =  0.8421E+01
 MRCHDU: Convergence failed at  83  side 2    Res =  0.7882E+01
 MRCHDU: Convergence failed at  84  side 2    Res =  0.6761E+01
 MRCHDU: Convergence failed at  85  side 2    Res =  0.5660E+01
 Side 1  free  transition at x/c =  0.9971   75
 Side 2  free  transition at x/c =  0.0558   24

 100   rms: 0.7544E+05   max: -.1026E+07   C at   87  2   RLX: 0.000
       a = -4.000      CL = -2.0474
      Cm =  0.4601     CD =  0.63451   =>   CDf =  0.00201    CDp =  0.63249

 MRCHDU: Convergence failed at  82  side 2    Res =  0.8435E+01
 MRCHDU: Convergence failed at  83  side 2    Res =  0.7895E+01
 MRCHDU: Convergence failed at  84  side 2    Res =  0.6772E+01
 MRCHDU: Convergence failed at  85  side 2    Res =  0.5669E+01
 Side 1  free  transition at x/c =  0.9971   75
 Side 2  free  transition at x/c =  0.0558   24

 101   rms: 0.7555E+05   max: -.1027E+07   C at   87  2   RLX: 0.000
       a = -4.000      CL = -2.0474
      Cm =  0.4601     CD =  0.63463   =>   CDf =  0.00201    CDp =  0.63261

 MRCHDU: Convergence failed at  82  side 2    Res =  0.8448E+01
 MRCHDU: Convergence failed at  83  side 2    Res =  0.7908E+01
 MRCHDU: Convergence failed at  84  side 2    Res =  0.6783E+01
 MRCHDU: Convergence failed at  85  side 2    Res =  0.5678E+01
 Side 1  free  transition at x/c =  0.9971   75
 Side 2  free  transition at x/c =  0.0558   24

 102   rms: 0.7566E+05   max: -.1028E+07   C at   87  2   RLX: 0.000
       a = -4.000      CL = -2.0474
      Cm =  0.4601     CD =  0.63474   =>   CDf =  0.00201    CDp =  0.63273

 MRCHDU: Convergence failed at  82  side 2    Res =  0.8462E+01
 MRCHDU: Convergence failed at  83  side 2    Res =  0.7921E+01
 MRCHDU: Convergence failed at  84  side 2    Res =  0.6794E+01
 MRCHDU: Convergence failed at  85  side 2    Res =  0.5688E+01
 Side 1  free  transition at x/c =  0.9971   75
 Side 2  free  transition at x/c =  0.0558   24

 103   rms: 0.7576E+05   max: -.1030E+07   C at   87  2   RLX: 0.000
       a = -4.000      CL = -2.0474
      Cm =  0.4601     CD =  0.63486   =>   CDf =  0.00201    CDp =  0.63285

 MRCHDU: Convergence failed at  82  side 2    Res =  0.8476E+01
 MRCHDU: Convergence failed at  83  side 2    Res =  0.7934E+01
 MRCHDU: Convergence failed at  84  side 2    Res =  0.6805E+01
 MRCHDU: Convergence failed at  85  side 2    Res =  0.5697E+01
 Side 1  free  transition at x/c =  0.9971   75
 Side 2  free  transition at x/c =  0.0558   24

 104   rms: 0.7587E+05   max: -.1031E+07   C at   87  2   RLX: 0.000
       a = -4.000      CL = -2.0474
      Cm =  0.4601     CD =  0.63498   =>   CDf =  0.00201    CDp =  0.63296

 MRCHDU: Convergence failed at  82  side 2    Res =  0.8489E+01
 MRCHDU: Convergence failed at  83  side 2    Res =  0.7946E+01
 MRCHDU: Convergence failed at  84  side 2    Res =  0.6816E+01
 MRCHDU: Convergence failed at  85  side 2    Res =  0.5706E+01
 Side 1  free  transition at x/c =  0.9971   75
 Side 2  free  transition at x/c =  0.0558   24

 105   rms: 0.7597E+05   max: -.1033E+07   C at   87  2   RLX: 0.000
       a = -4.000      CL = -2.0474
      Cm =  0.4601     CD =  0.63509   =>   CDf =  0.00201    CDp =  0.63308

 MRCHDU: Convergence failed at  82  side 2    Res =  0.8503E+01
 MRCHDU: Convergence failed at  83  side 2    Res =  0.7959E+01
 MRCHDU: Convergence failed at  84  side 2    Res =  0.6827E+01
 MRCHDU: Convergence failed at  85  side 2    Res =  0.5716E+01
 Side 1  free  transition at x/c =  0.9971   75
 Side 2  free  transition at x/c =  0.0558   24

 106   rms: 0.7608E+05   max: -.1034E+07   C at   87  2   RLX: 0.000
       a = -4.000      CL = -2.0474
      Cm =  0.4601     CD =  0.63521   =>   CDf =  0.00201    CDp =  0.63320

 MRCHDU: Convergence failed at  82  side 2    Res =  0.8517E+01
 MRCHDU: Convergence failed at  83  side 2    Res =  0.7972E+01
 MRCHDU: Convergence failed at  84  side 2    Res =  0.6838E+01
 MRCHDU: Convergence failed at  85  side 2    Res =  0.5725E+01
 Side 1  free  transition at x/c =  0.9971   75
 Side 2  free  transition at x/c =  0.0558   24

 107   rms: 0.7618E+05   max: -.1035E+07   C at   87  2   RLX: 0.000
       a = -4.000      CL = -2.0474
      Cm =  0.4601     CD =  0.63533   =>   CDf =  0.00201    CDp =  0.63331

 MRCHDU: Convergence failed at  82  side 2    Res =  0.8530E+01
 MRCHDU: Convergence failed at  83  side 2    Res =  0.7985E+01
 MRCHDU: Convergence failed at  84  side 2    Res =  0.6849E+01
 MRCHDU: Convergence failed at  85  side 2    Res =  0.5734E+01
 Side 1  free  transition at x/c =  0.9971   75
 Side 2  free  transition at x/c =  0.0558   24

 108   rms: 0.7629E+05   max: -.1037E+07   C at   87  2   RLX: 0.000
       a = -4.000      CL = -2.0474
      Cm =  0.4601     CD =  0.63545   =>   CDf =  0.00201    CDp =  0.63343

 MRCHDU: Convergence failed at  82  side 2    Res =  0.8544E+01
 MRCHDU: Convergence failed at  83  side 2    Res =  0.7997E+01
 MRCHDU: Convergence failed at  84  side 2    Res =  0.6860E+01
 MRCHDU: Convergence failed at  85  side 2    Res =  0.5744E+01
 Side 1  free  transition at x/c =  0.9971   75
 Side 2  free  transition at x/c =  0.0558   24

 109   rms: 0.7639E+05   max: -.1038E+07   C at   87  2   RLX: 0.000
       a = -4.000      CL = -2.0474
      Cm =  0.4601     CD =  0.63556   =>   CDf =  0.00201    CDp =  0.63355

 MRCHDU: Convergence failed at  82  side 2    Res =  0.8558E+01
 MRCHDU: Convergence failed at  83  side 2    Res =  0.8010E+01
 MRCHDU: Convergence failed at  84  side 2    Res =  0.6871E+01
 MRCHDU: Convergence failed at  85  side 2    Res =  0.5753E+01
 Side 1  free  transition at x/c =  0.9971   75
 Side 2  free  transition at x/c =  0.0558   24

 110   rms: 0.7649E+05   max: -.1040E+07   C at   87  2   RLX: 0.000
       a = -4.000      CL = -2.0474
      Cm =  0.4601     CD =  0.63568   =>   CDf =  0.00201    CDp =  0.63366

 MRCHDU: Convergence failed at  82  side 2    Res =  0.8572E+01
 MRCHDU: Convergence failed at  83  side 2    Res =  0.8023E+01
 MRCHDU: Convergence failed at  84  side 2    Res =  0.6882E+01
 MRCHDU: Convergence failed at  85  side 2    Res =  0.5762E+01
 Side 1  free  transition at x/c =  0.9971   75
 Side 2  free  transition at x/c =  0.0558   24

 111   rms: 0.7660E+05   max: -.1041E+07   C at   87  2   RLX: 0.000
       a = -4.000      CL = -2.0474
      Cm =  0.4601     CD =  0.63580   =>   CDf =  0.00201    CDp =  0.63378

 MRCHDU: Convergence failed at  82  side 2    Res =  0.8585E+01
 MRCHDU: Convergence failed at  83  side 2    Res =  0.8036E+01
 MRCHDU: Convergence failed at  84  side 2    Res =  0.6893E+01
 MRCHDU: Convergence failed at  85  side 2    Res =  0.5772E+01
 Side 1  free  transition at x/c =  0.9971   75
 Side 2  free  transition at x/c =  0.0558   24

 112   rms: 0.7670E+05   max: -.1043E+07   C at   87  2   RLX: 0.000
       a = -4.000      CL = -2.0474
      Cm =  0.4601     CD =  0.63591   =>   CDf =  0.00201    CDp =  0.63390

 MRCHDU: Convergence failed at  82  side 2    Res =  0.8599E+01
 MRCHDU: Convergence failed at  83  side 2    Res =  0.8048E+01
 MRCHDU: Convergence failed at  84  side 2    Res =  0.6904E+01
 MRCHDU: Convergence failed at  85  side 2    Res =  0.5781E+01
 Side 1  free  transition at x/c =  0.9971   75
 Side 2  free  transition at x/c =  0.0558   24

 113   rms: 0.7681E+05   max: -.1044E+07   C at   87  2   RLX: 0.000
       a = -4.000      CL = -2.0474
      Cm =  0.4601     CD =  0.63603   =>   CDf =  0.00201    CDp =  0.63401

 MRCHDU: Convergence failed at  82  side 2    Res =  0.8613E+01
 MRCHDU: Convergence failed at  83  side 2    Res =  0.8061E+01
 MRCHDU: Convergence failed at  84  side 2    Res =  0.6915E+01
 MRCHDU: Convergence failed at  85  side 2    Res =  0.5790E+01
 Side 1  free  transition at x/c =  0.9971   75
 Side 2  free  transition at x/c =  0.0558   24

 114   rms: 0.7691E+05   max: -.1045E+07   C at   87  2   RLX: 0.000
       a = -4.000      CL = -2.0474
      Cm =  0.4601     CD =  0.63615   =>   CDf =  0.00201    CDp =  0.63413

 MRCHDU: Convergence failed at  82  side 2    Res =  0.8626E+01
 MRCHDU: Convergence failed at  83  side 2    Res =  0.8074E+01
 MRCHDU: Convergence failed at  84  side 2    Res =  0.6926E+01
 MRCHDU: Convergence failed at  85  side 2    Res =  0.5800E+01
 Side 1  free  transition at x/c =  0.9971   75
 Side 2  free  transition at x/c =  0.0558   24

 115   rms: 0.7701E+05   max: -.1047E+07   C at   87  2   RLX: 0.000
       a = -4.000      CL = -2.0474
      Cm =  0.4601     CD =  0.63626   =>   CDf =  0.00201    CDp =  0.63425

 MRCHDU: Convergence failed at  82  side 2    Res =  0.8640E+01
 MRCHDU: Convergence failed at  83  side 2    Res =  0.8087E+01
 MRCHDU: Convergence failed at  84  side 2    Res =  0.6937E+01
 MRCHDU: Convergence failed at  85  side 2    Res =  0.5809E+01
 Side 1  free  transition at x/c =  0.9971   75
 Side 2  free  transition at x/c =  0.0558   24

 116   rms: 0.7712E+05   max: -.1048E+07   C at   87  2   RLX: 0.000
       a = -4.000      CL = -2.0474
      Cm =  0.4601     CD =  0.63638   =>   CDf =  0.00201    CDp =  0.63436

 MRCHDU: Convergence failed at  82  side 2    Res =  0.8654E+01
 MRCHDU: Convergence failed at  83  side 2    Res =  0.8100E+01
 MRCHDU: Convergence failed at  84  side 2    Res =  0.6948E+01
 MRCHDU: Convergence failed at  85  side 2    Res =  0.5818E+01
 Side 1  free  transition at x/c =  0.9971   75
 Side 2  free  transition at x/c =  0.0558   24

 117   rms: 0.7722E+05   max: -.1050E+07   C at   87  2   RLX: 0.000
       a = -4.000      CL = -2.0474
      Cm =  0.4600     CD =  0.63649   =>   CDf =  0.00201    CDp =  0.63448

 MRCHDU: Convergence failed at  82  side 2    Res =  0.8668E+01
 MRCHDU: Convergence failed at  83  side 2    Res =  0.8112E+01
 MRCHDU: Convergence failed at  84  side 2    Res =  0.6959E+01
 MRCHDU: Convergence failed at  85  side 2    Res =  0.5828E+01
 Side 1  free  transition at x/c =  0.9971   75
 Side 2  free  transition at x/c =  0.0558   24

 118   rms: 0.7732E+05   max: -.1051E+07   C at   87  2   RLX: 0.000
       a = -4.000      CL = -2.0474
      Cm =  0.4600     CD =  0.63661   =>   CDf =  0.00201    CDp =  0.63460

 MRCHDU: Convergence failed at  82  side 2    Res =  0.8681E+01
 MRCHDU: Convergence failed at  83  side 2    Res =  0.8125E+01
 MRCHDU: Convergence failed at  84  side 2    Res =  0.6970E+01
 MRCHDU: Convergence failed at  85  side 2    Res =  0.5837E+01
 Side 1  free  transition at x/c =  0.9971   75
 Side 2  free  transition at x/c =  0.0558   24

 119   rms: 0.7743E+05   max: -.1052E+07   C at   87  2   RLX: 0.000
       a = -4.000      CL = -2.0474
      Cm =  0.4600     CD =  0.63673   =>   CDf =  0.00201    CDp =  0.63471

 MRCHDU: Convergence failed at  82  side 2    Res =  0.8695E+01
 MRCHDU: Convergence failed at  83  side 2    Res =  0.8138E+01
 MRCHDU: Convergence failed at  84  side 2    Res =  0.6981E+01
 MRCHDU: Convergence failed at  85  side 2    Res =  0.5846E+01
 Side 1  free  transition at x/c =  0.9971   75
 Side 2  free  transition at x/c =  0.0558   24

 120   rms: 0.7753E+05   max: -.1054E+07   C at   87  2   RLX: 0.000
       a = -4.000      CL = -2.0474
      Cm =  0.4600     CD =  0.63684   =>   CDf =  0.00201    CDp =  0.63483

 MRCHDU: Convergence failed at  82  side 2    Res =  0.8709E+01
 MRCHDU: Convergence failed at  83  side 2    Res =  0.8151E+01
 MRCHDU: Convergence failed at  84  side 2    Res =  0.6992E+01
 MRCHDU: Convergence failed at  85  side 2    Res =  0.5856E+01
 Side 1  free  transition at x/c =  0.9971   75
 Side 2  free  transition at x/c =  0.0558   24

 121   rms: 0.7763E+05   max: -.1055E+07   C at   87  2   RLX: 0.000
       a = -4.000      CL = -2.0474
      Cm =  0.4600     CD =  0.63696   =>   CDf =  0.00201    CDp =  0.63495

 MRCHDU: Convergence failed at  82  side 2    Res =  0.8722E+01
 MRCHDU: Convergence failed at  83  side 2    Res =  0.8163E+01
 MRCHDU: Convergence failed at  84  side 2    Res =  0.7003E+01
 MRCHDU: Convergence failed at  85  side 2    Res =  0.5865E+01
 Side 1  free  transition at x/c =  0.9971   75
 Side 2  free  transition at x/c =  0.0558   24

 122   rms: 0.7773E+05   max: -.1057E+07   C at   87  2   RLX: 0.000
       a = -4.000      CL = -2.0474
      Cm =  0.4600     CD =  0.63708   =>   CDf =  0.00201    CDp =  0.63506

 MRCHDU: Convergence failed at  82  side 2    Res =  0.8736E+01
 MRCHDU: Convergence failed at  83  side 2    Res =  0.8176E+01
 MRCHDU: Convergence failed at  84  side 2    Res =  0.7014E+01
 MRCHDU: Convergence failed at  85  side 2    Res =  0.5874E+01
 Side 1  free  transition at x/c =  0.9971   75
 Side 2  free  transition at x/c =  0.0558   24

 123   rms: 0.7784E+05   max: -.1058E+07   C at   87  2   RLX: 0.000
       a = -4.000      CL = -2.0474
      Cm =  0.4600     CD =  0.63719   =>   CDf =  0.00201    CDp =  0.63518

 MRCHDU: Convergence failed at  82  side 2    Res =  0.8750E+01
 MRCHDU: Convergence failed at  83  side 2    Res =  0.8189E+01
 MRCHDU: Convergence failed at  84  side 2    Res =  0.7025E+01
 MRCHDU: Convergence failed at  85  side 2    Res =  0.5883E+01
 Side 1  free  transition at x/c =  0.9971   75
 Side 2  free  transition at x/c =  0.0558   24

 124   rms: 0.7794E+05   max: -.1059E+07   C at   87  2   RLX: 0.000
       a = -4.000      CL = -2.0474
      Cm =  0.4600     CD =  0.63731   =>   CDf =  0.00201    CDp =  0.63529

 MRCHDU: Convergence failed at  82  side 2    Res =  0.8764E+01
 MRCHDU: Convergence failed at  83  side 2    Res =  0.8202E+01
 MRCHDU: Convergence failed at  84  side 2    Res =  0.7036E+01
 MRCHDU: Convergence failed at  85  side 2    Res =  0.5893E+01
 Side 1  free  transition at x/c =  0.9971   75
 Side 2  free  transition at x/c =  0.0558   24

 125   rms: 0.7804E+05   max: -.1061E+07   C at   87  2   RLX: 0.000
       a = -4.000      CL = -2.0474
      Cm =  0.4600     CD =  0.63743   =>   CDf =  0.00201    CDp =  0.63541

 MRCHDU: Convergence failed at  82  side 2    Res =  0.8777E+01
 MRCHDU: Convergence failed at  83  side 2    Res =  0.8214E+01
 MRCHDU: Convergence failed at  84  side 2    Res =  0.7047E+01
 MRCHDU: Convergence failed at  85  side 2    Res =  0.5902E+01
 Side 1  free  transition at x/c =  0.9971   75
 Side 2  free  transition at x/c =  0.0558   24

 126   rms: 0.7814E+05   max: -.1062E+07   C at   87  2   RLX: 0.000
       a = -4.000      CL = -2.0474
      Cm =  0.4600     CD =  0.63754   =>   CDf =  0.00201    CDp =  0.63553

 MRCHDU: Convergence failed at  82  side 2    Res =  0.8791E+01
 MRCHDU: Convergence failed at  83  side 2    Res =  0.8227E+01
 MRCHDU: Convergence failed at  84  side 2    Res =  0.7058E+01
 MRCHDU: Convergence failed at  85  side 2    Res =  0.5911E+01
 Side 1  free  transition at x/c =  0.9971   75
 Side 2  free  transition at x/c =  0.0558   24

 127   rms: 0.7824E+05   max: -.1063E+07   C at   87  2   RLX: 0.000
       a = -4.000      CL = -2.0474
      Cm =  0.4600     CD =  0.63766   =>   CDf =  0.00201    CDp =  0.63564

 MRCHDU: Convergence failed at  82  side 2    Res =  0.8805E+01
 MRCHDU: Convergence failed at  83  side 2    Res =  0.8240E+01
 MRCHDU: Convergence failed at  84  side 2    Res =  0.7069E+01
 MRCHDU: Convergence failed at  85  side 2    Res =  0.5921E+01
 Side 1  free  transition at x/c =  0.9971   75
 Side 2  free  transition at x/c =  0.0558   24

 128   rms: 0.7834E+05   max: -.1065E+07   C at   87  2   RLX: 0.000
       a = -4.000      CL = -2.0474
      Cm =  0.4600     CD =  0.63777   =>   CDf =  0.00201    CDp =  0.63576

 MRCHDU: Convergence failed at  82  side 2    Res =  0.8818E+01
 MRCHDU: Convergence failed at  83  side 2    Res =  0.8253E+01
 MRCHDU: Convergence failed at  84  side 2    Res =  0.7080E+01
 MRCHDU: Convergence failed at  85  side 2    Res =  0.5930E+01
 Side 1  free  transition at x/c =  0.9971   75
 Side 2  free  transition at x/c =  0.0558   24

 129   rms: 0.7845E+05   max: -.1066E+07   C at   87  2   RLX: 0.000
       a = -4.000      CL = -2.0474
      Cm =  0.4600     CD =  0.63789   =>   CDf =  0.00201    CDp =  0.63587

 MRCHDU: Convergence failed at  82  side 2    Res =  0.8832E+01
 MRCHDU: Convergence failed at  83  side 2    Res =  0.8265E+01
 MRCHDU: Convergence failed at  84  side 2    Res =  0.7091E+01
 MRCHDU: Convergence failed at  85  side 2    Res =  0.5939E+01
 Side 1  free  transition at x/c =  0.9971   75
 Side 2  free  transition at x/c =  0.0558   24

 130   rms: 0.7855E+05   max: -.1068E+07   C at   87  2   RLX: 0.000
       a = -4.000      CL = -2.0474
      Cm =  0.4600     CD =  0.63801   =>   CDf =  0.00201    CDp =  0.63599

 MRCHDU: Convergence failed at  82  side 2    Res =  0.8846E+01
 MRCHDU: Convergence failed at  83  side 2    Res =  0.8278E+01
 MRCHDU: Convergence failed at  84  side 2    Res =  0.7102E+01
 MRCHDU: Convergence failed at  85  side 2    Res =  0.5949E+01
 Side 1  free  transition at x/c =  0.9971   75
 Side 2  free  transition at x/c =  0.0558   24

 131   rms: 0.7865E+05   max: -.1069E+07   C at   87  2   RLX: 0.000
       a = -4.000      CL = -2.0474
      Cm =  0.4600     CD =  0.63812   =>   CDf =  0.00201    CDp =  0.63611

 MRCHDU: Convergence failed at  82  side 2    Res =  0.8860E+01
 MRCHDU: Convergence failed at  83  side 2    Res =  0.8291E+01
 MRCHDU: Convergence failed at  84  side 2    Res =  0.7113E+01
 MRCHDU: Convergence failed at  85  side 2    Res =  0.5958E+01
 Side 1  free  transition at x/c =  0.9971   75
 Side 2  free  transition at x/c =  0.0558   24

 132   rms: 0.7875E+05   max: -.1070E+07   C at   87  2   RLX: 0.000
       a = -4.000      CL = -2.0474
      Cm =  0.4600     CD =  0.63824   =>   CDf =  0.00201    CDp =  0.63622

 MRCHDU: Convergence failed at  82  side 2    Res =  0.8873E+01
 MRCHDU: Convergence failed at  83  side 2    Res =  0.8304E+01
 MRCHDU: Convergence failed at  84  side 2    Res =  0.7124E+01
 MRCHDU: Convergence failed at  85  side 2    Res =  0.5967E+01
 Side 1  free  transition at x/c =  0.9971   75
 Side 2  free  transition at x/c =  0.0558   24

 133   rms: 0.7885E+05   max: -.1072E+07   C at   87  2   RLX: 0.000
       a = -4.000      CL = -2.0474
      Cm =  0.4600     CD =  0.63835   =>   CDf =  0.00201    CDp =  0.63634

 MRCHDU: Convergence failed at  82  side 2    Res =  0.8887E+01
 MRCHDU: Convergence failed at  83  side 2    Res =  0.8317E+01
 MRCHDU: Convergence failed at  84  side 2    Res =  0.7135E+01
 MRCHDU: Convergence failed at  85  side 2    Res =  0.5977E+01
 Side 1  free  transition at x/c =  0.9971   75
 Side 2  free  transition at x/c =  0.0558   24

 134   rms: 0.7895E+05   max: -.1073E+07   C at   87  2   RLX: 0.000
       a = -4.000      CL = -2.0473
      Cm =  0.4600     CD =  0.63847   =>   CDf =  0.00201    CDp =  0.63645

 MRCHDU: Convergence failed at  82  side 2    Res =  0.8901E+01
 MRCHDU: Convergence failed at  83  side 2    Res =  0.8329E+01
 MRCHDU: Convergence failed at  84  side 2    Res =  0.7146E+01
 MRCHDU: Convergence failed at  85  side 2    Res =  0.5986E+01
 Side 1  free  transition at x/c =  0.9971   75
 Side 2  free  transition at x/c =  0.0558   24

 135   rms: 0.7905E+05   max: -.1074E+07   C at   87  2   RLX: 0.000
       a = -4.000      CL = -2.0473
      Cm =  0.4600     CD =  0.63858   =>   CDf =  0.00201    CDp =  0.63657

 MRCHDU: Convergence failed at  82  side 2    Res =  0.8914E+01
 MRCHDU: Convergence failed at  83  side 2    Res =  0.8342E+01
 MRCHDU: Convergence failed at  84  side 2    Res =  0.7157E+01
 MRCHDU: Convergence failed at  85  side 2    Res =  0.5995E+01
 Side 1  free  transition at x/c =  0.9971   75
 Side 2  free  transition at x/c =  0.0558   24

 136   rms: 0.7915E+05   max: -.1076E+07   C at   87  2   RLX: 0.000
       a = -4.000      CL = -2.0473
      Cm =  0.4600     CD =  0.63870   =>   CDf =  0.00201    CDp =  0.63669

 MRCHDU: Convergence failed at  82  side 2    Res =  0.8928E+01
 MRCHDU: Convergence failed at  83  side 2    Res =  0.8355E+01
 MRCHDU: Convergence failed at  84  side 2    Res =  0.7168E+01
 MRCHDU: Convergence failed at  85  side 2    Res =  0.6004E+01
 Side 1  free  transition at x/c =  0.9971   75
 Side 2  free  transition at x/c =  0.0558   24

 137   rms: 0.7925E+05   max: -.1077E+07   C at   87  2   RLX: 0.000
       a = -4.000      CL = -2.0473
      Cm =  0.4600     CD =  0.63882   =>   CDf =  0.00201    CDp =  0.63680

 MRCHDU: Convergence failed at  82  side 2    Res =  0.8942E+01
 MRCHDU: Convergence failed at  83  side 2    Res =  0.8368E+01
 MRCHDU: Convergence failed at  84  side 2    Res =  0.7179E+01
 MRCHDU: Convergence failed at  85  side 2    Res =  0.6014E+01
 Side 1  free  transition at x/c =  0.9971   75
 Side 2  free  transition at x/c =  0.0558   24

 138   rms: 0.7935E+05   max: -.1078E+07   C at   87  2   RLX: 0.000
       a = -4.000      CL = -2.0473
      Cm =  0.4600     CD =  0.63893   =>   CDf =  0.00201    CDp =  0.63692

 MRCHDU: Convergence failed at  82  side 2    Res =  0.8956E+01
 MRCHDU: Convergence failed at  83  side 2    Res =  0.8380E+01
 MRCHDU: Convergence failed at  84  side 2    Res =  0.7190E+01
 MRCHDU: Convergence failed at  85  side 2    Res =  0.6023E+01
 Side 1  free  transition at x/c =  0.9971   75
 Side 2  free  transition at x/c =  0.0558   24

 139   rms: 0.7945E+05   max: -.1080E+07   C at   87  2   RLX: 0.000
       a = -4.000      CL = -2.0473
      Cm =  0.4600     CD =  0.63905   =>   CDf =  0.00201    CDp =  0.63703

 MRCHDU: Convergence failed at  82  side 2    Res =  0.8969E+01
 MRCHDU: Convergence failed at  83  side 2    Res =  0.8393E+01
 MRCHDU: Convergence failed at  84  side 2    Res =  0.7201E+01
 MRCHDU: Convergence failed at  85  side 2    Res =  0.6032E+01
 Side 1  free  transition at x/c =  0.9971   75
 Side 2  free  transition at x/c =  0.0558   24

 140   rms: 0.7955E+05   max: -.1081E+07   C at   87  2   RLX: 0.000
       a = -4.000      CL = -2.0473
      Cm =  0.4600     CD =  0.63916   =>   CDf =  0.00201    CDp =  0.63715

 MRCHDU: Convergence failed at  82  side 2    Res =  0.8983E+01
 MRCHDU: Convergence failed at  83  side 2    Res =  0.8406E+01
 MRCHDU: Convergence failed at  84  side 2    Res =  0.7212E+01
 MRCHDU: Convergence failed at  85  side 2    Res =  0.6042E+01
 Side 1  free  transition at x/c =  0.9971   75
 Side 2  free  transition at x/c =  0.0558   24

 141   rms: 0.7965E+05   max: -.1082E+07   C at   87  2   RLX: 0.000
       a = -4.000      CL = -2.0473
      Cm =  0.4600     CD =  0.63928   =>   CDf =  0.00201    CDp =  0.63726

 MRCHDU: Convergence failed at  82  side 2    Res =  0.8997E+01
 MRCHDU: Convergence failed at  83  side 2    Res =  0.8419E+01
 MRCHDU: Convergence failed at  84  side 2    Res =  0.7223E+01
 MRCHDU: Convergence failed at  85  side 2    Res =  0.6051E+01
 Side 1  free  transition at x/c =  0.9971   75
 Side 2  free  transition at x/c =  0.0558   24

 142   rms: 0.7975E+05   max: -.1084E+07   C at   87  2   RLX: 0.000
       a = -4.000      CL = -2.0473
      Cm =  0.4600     CD =  0.63939   =>   CDf =  0.00201    CDp =  0.63738

 MRCHDU: Convergence failed at  82  side 2    Res =  0.9011E+01
 MRCHDU: Convergence failed at  83  side 2    Res =  0.8431E+01
 MRCHDU: Convergence failed at  84  side 2    Res =  0.7234E+01
 MRCHDU: Convergence failed at  85  side 2    Res =  0.6060E+01
 Side 1  free  transition at x/c =  0.9971   75
 Side 2  free  transition at x/c =  0.0558   24

 143   rms: 0.7985E+05   max: -.1085E+07   C at   87  2   RLX: 0.000
       a = -4.000      CL = -2.0473
      Cm =  0.4600     CD =  0.63951   =>   CDf =  0.00201    CDp =  0.63750

 MRCHDU: Convergence failed at  82  side 2    Res =  0.9024E+01
 MRCHDU: Convergence failed at  83  side 2    Res =  0.8444E+01
 MRCHDU: Convergence failed at  84  side 2    Res =  0.7245E+01
 MRCHDU: Convergence failed at  85  side 2    Res =  0.6070E+01
 Side 1  free  transition at x/c =  0.9971   75
 Side 2  free  transition at x/c =  0.0558   24

 144   rms: 0.7995E+05   max: -.1086E+07   C at   87  2   RLX: 0.000
       a = -4.000      CL = -2.0473
      Cm =  0.4600     CD =  0.63962   =>   CDf =  0.00201    CDp =  0.63761

 MRCHDU: Convergence failed at  82  side 2    Res =  0.9038E+01
 MRCHDU: Convergence failed at  83  side 2    Res =  0.8457E+01
 MRCHDU: Convergence failed at  84  side 2    Res =  0.7255E+01
 MRCHDU: Convergence failed at  85  side 2    Res =  0.6079E+01
 Side 1  free  transition at x/c =  0.9971   75
 Side 2  free  transition at x/c =  0.0558   24

 145   rms: 0.8004E+05   max: -.1088E+07   C at   87  2   RLX: 0.000
       a = -4.000      CL = -2.0473
      Cm =  0.4600     CD =  0.63974   =>   CDf =  0.00201    CDp =  0.63773

 MRCHDU: Convergence failed at  82  side 2    Res =  0.9052E+01
 MRCHDU: Convergence failed at  83  side 2    Res =  0.8470E+01
 MRCHDU: Convergence failed at  84  side 2    Res =  0.7266E+01
 MRCHDU: Convergence failed at  85  side 2    Res =  0.6088E+01
 Side 1  free  transition at x/c =  0.9971   75
 Side 2  free  transition at x/c =  0.0558   24

 146   rms: 0.8014E+05   max: -.1089E+07   C at   87  2   RLX: 0.000
       a = -4.000      CL = -2.0473
      Cm =  0.4600     CD =  0.63986   =>   CDf =  0.00201    CDp =  0.63784

 MRCHDU: Convergence failed at  82  side 2    Res =  0.9065E+01
 MRCHDU: Convergence failed at  83  side 2    Res =  0.8483E+01
 MRCHDU: Convergence failed at  84  side 2    Res =  0.7277E+01
 MRCHDU: Convergence failed at  85  side 2    Res =  0.6097E+01
 Side 1  free  transition at x/c =  0.9971   75
 Side 2  free  transition at x/c =  0.0558   24

 147   rms: 0.8024E+05   max: -.1090E+07   C at   87  2   RLX: 0.000
       a = -4.000      CL = -2.0473
      Cm =  0.4600     CD =  0.63997   =>   CDf =  0.00201    CDp =  0.63796

 MRCHDU: Convergence failed at  82  side 2    Res =  0.9079E+01
 MRCHDU: Convergence failed at  83  side 2    Res =  0.8495E+01
 MRCHDU: Convergence failed at  84  side 2    Res =  0.7288E+01
 MRCHDU: Convergence failed at  85  side 2    Res =  0.6107E+01
 Side 1  free  transition at x/c =  0.9971   75
 Side 2  free  transition at x/c =  0.0558   24

 148   rms: 0.8034E+05   max: -.1092E+07   C at   87  2   RLX: 0.000
       a = -4.000      CL = -2.0473
      Cm =  0.4600     CD =  0.64009   =>   CDf =  0.00201    CDp =  0.63807

 MRCHDU: Convergence failed at  82  side 2    Res =  0.9093E+01
 MRCHDU: Convergence failed at  83  side 2    Res =  0.8508E+01
 MRCHDU: Convergence failed at  84  side 2    Res =  0.7299E+01
 MRCHDU: Convergence failed at  85  side 2    Res =  0.6116E+01
 Side 1  free  transition at x/c =  0.9971   75
 Side 2  free  transition at x/c =  0.0558   24

 149   rms: 0.8044E+05   max: -.1093E+07   C at   87  2   RLX: 0.000
       a = -4.000      CL = -2.0473
      Cm =  0.4600     CD =  0.64020   =>   CDf =  0.00201    CDp =  0.63819

 MRCHDU: Convergence failed at  82  side 2    Res =  0.9107E+01
 MRCHDU: Convergence failed at  83  side 2    Res =  0.8521E+01
 MRCHDU: Convergence failed at  84  side 2    Res =  0.7310E+01
 MRCHDU: Convergence failed at  85  side 2    Res =  0.6125E+01
 Side 1  free  transition at x/c =  0.9971   75
 Side 2  free  transition at x/c =  0.0558   24

 150   rms: 0.8054E+05   max: -.1094E+07   C at   87  2   RLX: 0.000
       a = -4.000      CL = -2.0473
      Cm =  0.4600     CD =  0.64032   =>   CDf =  0.00201    CDp =  0.63830

 MRCHDU: Convergence failed at  82  side 2    Res =  0.9120E+01
 MRCHDU: Convergence failed at  83  side 2    Res =  0.8534E+01
 MRCHDU: Convergence failed at  84  side 2    Res =  0.7321E+01
 MRCHDU: Convergence failed at  85  side 2    Res =  0.6135E+01
 Side 1  free  transition at x/c =  0.9971   75
 Side 2  free  transition at x/c =  0.0558   24

 151   rms: 0.8063E+05   max: -.1096E+07   C at   87  2   RLX: 0.000
       a = -4.000      CL = -2.0473
      Cm =  0.4600     CD =  0.64043   =>   CDf =  0.00201    CDp =  0.63842

 MRCHDU: Convergence failed at  82  side 2    Res =  0.9134E+01
 MRCHDU: Convergence failed at  83  side 2    Res =  0.8546E+01
 MRCHDU: Convergence failed at  84  side 2    Res =  0.7332E+01
 MRCHDU: Convergence failed at  85  side 2    Res =  0.6144E+01
 Side 1  free  transition at x/c =  0.9971   75
 Side 2  free  transition at x/c =  0.0558   24

 152   rms: 0.8073E+05   max: -.1097E+07   C at   87  2   RLX: 0.000
       a = -4.000      CL = -2.0473
      Cm =  0.4600     CD =  0.64055   =>   CDf =  0.00201    CDp =  0.63853

 MRCHDU: Convergence failed at  82  side 2    Res =  0.9148E+01
 MRCHDU: Convergence failed at  83  side 2    Res =  0.8559E+01
 MRCHDU: Convergence failed at  84  side 2    Res =  0.7343E+01
 MRCHDU: Convergence failed at  85  side 2    Res =  0.6153E+01
 Side 1  free  transition at x/c =  0.9971   75
 Side 2  free  transition at x/c =  0.0558   24

 153   rms: 0.8083E+05   max: -.1098E+07   C at   87  2   RLX: 0.000
       a = -4.000      CL = -2.0473
      Cm =  0.4600     CD =  0.64066   =>   CDf =  0.00201    CDp =  0.63865

 MRCHDU: Convergence failed at  82  side 2    Res =  0.9162E+01
 MRCHDU: Convergence failed at  83  side 2    Res =  0.8572E+01
 MRCHDU: Convergence failed at  84  side 2    Res =  0.7354E+01
 MRCHDU: Convergence failed at  85  side 2    Res =  0.6163E+01
 Side 1  free  transition at x/c =  0.9971   75
 Side 2  free  transition at x/c =  0.0558   24

 154   rms: 0.8092E+05   max: -.1100E+07   C at   87  2   RLX: 0.000
       a = -4.000      CL = -2.0473
      Cm =  0.4600     CD =  0.64078   =>   CDf =  0.00201    CDp =  0.63876

 MRCHDU: Convergence failed at  82  side 2    Res =  0.9175E+01
 MRCHDU: Convergence failed at  83  side 2    Res =  0.8585E+01
 MRCHDU: Convergence failed at  84  side 2    Res =  0.7365E+01
 MRCHDU: Convergence failed at  85  side 2    Res =  0.6172E+01
 Side 1  free  transition at x/c =  0.9971   75
 Side 2  free  transition at x/c =  0.0558   24

 155   rms: 0.8102E+05   max: -.1101E+07   C at   87  2   RLX: 0.000
       a = -4.000      CL = -2.0473
      Cm =  0.4600     CD =  0.64089   =>   CDf =  0.00201    CDp =  0.63888

 MRCHDU: Convergence failed at  82  side 2    Res =  0.9189E+01
 MRCHDU: Convergence failed at  83  side 2    Res =  0.8597E+01
 MRCHDU: Convergence failed at  84  side 2    Res =  0.7376E+01
 MRCHDU: Convergence failed at  85  side 2    Res =  0.6181E+01
 Side 1  free  transition at x/c =  0.9971   75
 Side 2  free  transition at x/c =  0.0558   24

 156   rms: 0.8112E+05   max: -.1102E+07   C at   87  2   RLX: 0.000
       a = -4.000      CL = -2.0473
      Cm =  0.4600     CD =  0.64101   =>   CDf =  0.00201    CDp =  0.63899

 MRCHDU: Convergence failed at  82  side 2    Res =  0.9203E+01
 MRCHDU: Convergence failed at  83  side 2    Res =  0.8610E+01
 MRCHDU: Convergence failed at  84  side 2    Res =  0.7387E+01
 MRCHDU: Convergence failed at  85  side 2    Res =  0.6190E+01
 Side 1  free  transition at x/c =  0.9971   75
 Side 2  free  transition at x/c =  0.0558   24

 157   rms: 0.8121E+05   max: -.1104E+07   C at   87  2   RLX: 0.000
       a = -4.000      CL = -2.0473
      Cm =  0.4600     CD =  0.64112   =>   CDf =  0.00201    CDp =  0.63911

 MRCHDU: Convergence failed at  82  side 2    Res =  0.9216E+01
 MRCHDU: Convergence failed at  83  side 2    Res =  0.8623E+01
 MRCHDU: Convergence failed at  84  side 2    Res =  0.7398E+01
 MRCHDU: Convergence failed at  85  side 2    Res =  0.6200E+01
 Side 1  free  transition at x/c =  0.9971   75
 Side 2  free  transition at x/c =  0.0558   24

 158   rms: 0.8131E+05   max: -.1105E+07   C at   87  2   RLX: 0.000
       a = -4.000      CL = -2.0473
      Cm =  0.4600     CD =  0.64124   =>   CDf =  0.00201    CDp =  0.63922

 MRCHDU: Convergence failed at  82  side 2    Res =  0.9230E+01
 MRCHDU: Convergence failed at  83  side 2    Res =  0.8636E+01
 MRCHDU: Convergence failed at  84  side 2    Res =  0.7409E+01
 MRCHDU: Convergence failed at  85  side 2    Res =  0.6209E+01
 Side 1  free  transition at x/c =  0.9971   75
 Side 2  free  transition at x/c =  0.0558   24

 159   rms: 0.8141E+05   max: -.1106E+07   C at   87  2   RLX: 0.000
       a = -4.000      CL = -2.0473
      Cm =  0.4600     CD =  0.64135   =>   CDf =  0.00201    CDp =  0.63934

 MRCHDU: Convergence failed at  82  side 2    Res =  0.9244E+01
 MRCHDU: Convergence failed at  83  side 2    Res =  0.8648E+01
 MRCHDU: Convergence failed at  84  side 2    Res =  0.7420E+01
 MRCHDU: Convergence failed at  85  side 2    Res =  0.6218E+01
 Side 1  free  transition at x/c =  0.9971   75
 Side 2  free  transition at x/c =  0.0558   24

 160   rms: 0.8150E+05   max: -.1108E+07   C at   87  2   RLX: 0.000
       a = -4.000      CL = -2.0473
      Cm =  0.4600     CD =  0.64147   =>   CDf =  0.00201    CDp =  0.63945

 MRCHDU: Convergence failed at  82  side 2    Res =  0.9258E+01
 MRCHDU: Convergence failed at  83  side 2    Res =  0.8661E+01
 MRCHDU: Convergence failed at  84  side 2    Res =  0.7431E+01
 MRCHDU: Convergence failed at  85  side 2    Res =  0.6228E+01
 Side 1  free  transition at x/c =  0.9971   75
 Side 2  free  transition at x/c =  0.0558   24

 161   rms: 0.8160E+05   max: -.1109E+07   C at   87  2   RLX: 0.000
       a = -4.000      CL = -2.0473
      Cm =  0.4600     CD =  0.64158   =>   CDf =  0.00201    CDp =  0.63957

 MRCHDU: Convergence failed at  82  side 2    Res =  0.9271E+01
 MRCHDU: Convergence failed at  83  side 2    Res =  0.8674E+01
 MRCHDU: Convergence failed at  84  side 2    Res =  0.7442E+01
 MRCHDU: Convergence failed at  85  side 2    Res =  0.6237E+01
 Side 1  free  transition at x/c =  0.9971   75
 Side 2  free  transition at x/c =  0.0558   24

 162   rms: 0.8170E+05   max: -.1110E+07   C at   87  2   RLX: 0.000
       a = -4.000      CL = -2.0473
      Cm =  0.4600     CD =  0.64170   =>   CDf =  0.00201    CDp =  0.63968

 MRCHDU: Convergence failed at  82  side 2    Res =  0.9285E+01
 MRCHDU: Convergence failed at  83  side 2    Res =  0.8687E+01
 MRCHDU: Convergence failed at  84  side 2    Res =  0.7453E+01
 MRCHDU: Convergence failed at  85  side 2    Res =  0.6246E+01
 Side 1  free  transition at x/c =  0.9971   75
 Side 2  free  transition at x/c =  0.0558   24

 163   rms: 0.8179E+05   max: -.1111E+07   C at   87  2   RLX: 0.000
       a = -4.000      CL = -2.0473
      Cm =  0.4600     CD =  0.64181   =>   CDf =  0.00201    CDp =  0.63980

 MRCHDU: Convergence failed at  82  side 2    Res =  0.9299E+01
 MRCHDU: Convergence failed at  83  side 2    Res =  0.8700E+01
 MRCHDU: Convergence failed at  84  side 2    Res =  0.7464E+01
 MRCHDU: Convergence failed at  85  side 2    Res =  0.6255E+01
 Side 1  free  transition at x/c =  0.9971   75
 Side 2  free  transition at x/c =  0.0558   24

 164   rms: 0.8189E+05   max: -.1113E+07   C at   87  2   RLX: 0.000
       a = -4.000      CL = -2.0473
      Cm =  0.4600     CD =  0.64193   =>   CDf =  0.00201    CDp =  0.63991

 MRCHDU: Convergence failed at  82  side 2    Res =  0.9313E+01
 MRCHDU: Convergence failed at  83  side 2    Res =  0.8712E+01
 MRCHDU: Convergence failed at  84  side 2    Res =  0.7475E+01
 MRCHDU: Convergence failed at  85  side 2    Res =  0.6265E+01
 Side 1  free  transition at x/c =  0.9971   75
 Side 2  free  transition at x/c =  0.0558   24

 165   rms: 0.8198E+05   max: -.1114E+07   C at   87  2   RLX: 0.000
       a = -4.000      CL = -2.0473
      Cm =  0.4600     CD =  0.64204   =>   CDf =  0.00201    CDp =  0.64003

 MRCHDU: Convergence failed at  82  side 2    Res =  0.9326E+01
 MRCHDU: Convergence failed at  83  side 2    Res =  0.8725E+01
 MRCHDU: Convergence failed at  84  side 2    Res =  0.7486E+01
 MRCHDU: Convergence failed at  85  side 2    Res =  0.6274E+01
 Side 1  free  transition at x/c =  0.9971   75
 Side 2  free  transition at x/c =  0.0558   24

 166   rms: 0.8208E+05   max: -.1115E+07   C at   87  2   RLX: 0.000
       a = -4.000      CL = -2.0473
      Cm =  0.4600     CD =  0.64216   =>   CDf =  0.00201    CDp =  0.64014

 MRCHDU: Convergence failed at  82  side 2    Res =  0.9340E+01
 MRCHDU: Convergence failed at  83  side 2    Res =  0.8738E+01
 MRCHDU: Convergence failed at  84  side 2    Res =  0.7497E+01
 MRCHDU: Convergence failed at  85  side 2    Res =  0.6283E+01
 Side 1  free  transition at x/c =  0.9971   75
 Side 2  free  transition at x/c =  0.0558   24

 167   rms: 0.8217E+05   max: -.1117E+07   C at   87  2   RLX: 0.000
       a = -4.000      CL = -2.0473
      Cm =  0.4600     CD =  0.64227   =>   CDf =  0.00201    CDp =  0.64026

 MRCHDU: Convergence failed at  82  side 2    Res =  0.9354E+01
 MRCHDU: Convergence failed at  83  side 2    Res =  0.8751E+01
 MRCHDU: Convergence failed at  84  side 2    Res =  0.7508E+01
 MRCHDU: Convergence failed at  85  side 2    Res =  0.6293E+01
 Side 1  free  transition at x/c =  0.9971   75
 Side 2  free  transition at x/c =  0.0558   24

 168   rms: 0.8227E+05   max: -.1118E+07   C at   87  2   RLX: 0.000
       a = -4.000      CL = -2.0473
      Cm =  0.4600     CD =  0.64239   =>   CDf =  0.00201    CDp =  0.64037

 MRCHDU: Convergence failed at  82  side 2    Res =  0.9367E+01
 MRCHDU: Convergence failed at  83  side 2    Res =  0.8763E+01
 MRCHDU: Convergence failed at  84  side 2    Res =  0.7519E+01
 MRCHDU: Convergence failed at  85  side 2    Res =  0.6302E+01
 Side 1  free  transition at x/c =  0.9971   75
 Side 2  free  transition at x/c =  0.0558   24

 169   rms: 0.8236E+05   max: -.1119E+07   C at   87  2   RLX: 0.000
       a = -4.000      CL = -2.0473
      Cm =  0.4600     CD =  0.64250   =>   CDf =  0.00201    CDp =  0.64049

 MRCHDU: Convergence failed at  82  side 2    Res =  0.9381E+01
 MRCHDU: Convergence failed at  83  side 2    Res =  0.8776E+01
 MRCHDU: Convergence failed at  84  side 2    Res =  0.7530E+01
 MRCHDU: Convergence failed at  85  side 2    Res =  0.6311E+01
 Side 1  free  transition at x/c =  0.9971   75
 Side 2  free  transition at x/c =  0.0558   24

 170   rms: 0.8246E+05   max: -.1120E+07   C at   87  2   RLX: 0.000
       a = -4.000      CL = -2.0473
      Cm =  0.4600     CD =  0.64261   =>   CDf =  0.00201    CDp =  0.64060

 MRCHDU: Convergence failed at  82  side 2    Res =  0.9395E+01
 MRCHDU: Convergence failed at  83  side 2    Res =  0.8789E+01
 MRCHDU: Convergence failed at  84  side 2    Res =  0.7541E+01
 MRCHDU: Convergence failed at  85  side 2    Res =  0.6320E+01
 Side 1  free  transition at x/c =  0.9971   75
 Side 2  free  transition at x/c =  0.0558   24

 171   rms: 0.8255E+05   max: -.1122E+07   C at   87  2   RLX: 0.000
       a = -4.000      CL = -2.0472
      Cm =  0.4600     CD =  0.64273   =>   CDf =  0.00201    CDp =  0.64071

 MRCHDU: Convergence failed at  82  side 2    Res =  0.9409E+01
 MRCHDU: Convergence failed at  83  side 2    Res =  0.8802E+01
 MRCHDU: Convergence failed at  84  side 2    Res =  0.7552E+01
 MRCHDU: Convergence failed at  85  side 2    Res =  0.6330E+01
 Side 1  free  transition at x/c =  0.9971   75
 Side 2  free  transition at x/c =  0.0558   24

 172   rms: 0.8265E+05   max: -.1123E+07   C at   87  2   RLX: 0.000
       a = -4.000      CL = -2.0472
      Cm =  0.4600     CD =  0.64284   =>   CDf =  0.00201    CDp =  0.64083

 MRCHDU: Convergence failed at  82  side 2    Res =  0.9422E+01
 MRCHDU: Convergence failed at  83  side 2    Res =  0.8814E+01
 MRCHDU: Convergence failed at  84  side 2    Res =  0.7563E+01
 MRCHDU: Convergence failed at  85  side 2    Res =  0.6339E+01
 Side 1  free  transition at x/c =  0.9971   75
 Side 2  free  transition at x/c =  0.0558   24

 173   rms: 0.8274E+05   max: -.1124E+07   C at   87  2   RLX: 0.000
       a = -4.000      CL = -2.0472
      Cm =  0.4600     CD =  0.64296   =>   CDf =  0.00201    CDp =  0.64094

 MRCHDU: Convergence failed at  82  side 2    Res =  0.9436E+01
 MRCHDU: Convergence failed at  83  side 2    Res =  0.8827E+01
 MRCHDU: Convergence failed at  84  side 2    Res =  0.7574E+01
 MRCHDU: Convergence failed at  85  side 2    Res =  0.6348E+01
 Side 1  free  transition at x/c =  0.9971   75
 Side 2  free  transition at x/c =  0.0558   24

 174   rms: 0.8284E+05   max: -.1126E+07   C at   87  2   RLX: 0.000
       a = -4.000      CL = -2.0472
      Cm =  0.4600     CD =  0.64307   =>   CDf =  0.00201    CDp =  0.64106

 MRCHDU: Convergence failed at  82  side 2    Res =  0.9450E+01
 MRCHDU: Convergence failed at  83  side 2    Res =  0.8840E+01
 MRCHDU: Convergence failed at  84  side 2    Res =  0.7585E+01
 MRCHDU: Convergence failed at  85  side 2    Res =  0.6358E+01
 Side 1  free  transition at x/c =  0.9971   75
 Side 2  free  transition at x/c =  0.0558   24

 175   rms: 0.8293E+05   max: -.1127E+07   C at   87  2   RLX: 0.000
       a = -4.000      CL = -2.0472
      Cm =  0.4600     CD =  0.64319   =>   CDf =  0.00201    CDp =  0.64117

 MRCHDU: Convergence failed at  82  side 2    Res =  0.9464E+01
 MRCHDU: Convergence failed at  83  side 2    Res =  0.8853E+01
 MRCHDU: Convergence failed at  84  side 2    Res =  0.7596E+01
 MRCHDU: Convergence failed at  85  side 2    Res =  0.6367E+01
 Side 1  free  transition at x/c =  0.9971   75
 Side 2  free  transition at x/c =  0.0558   24

 176   rms: 0.8303E+05   max: -.1128E+07   C at   87  2   RLX: 0.000
       a = -4.000      CL = -2.0472
      Cm =  0.4600     CD =  0.64330   =>   CDf =  0.00201    CDp =  0.64129

 MRCHDU: Convergence failed at  82  side 2    Res =  0.9477E+01
 MRCHDU: Convergence failed at  83  side 2    Res =  0.8865E+01
 MRCHDU: Convergence failed at  84  side 2    Res =  0.7607E+01
 MRCHDU: Convergence failed at  85  side 2    Res =  0.6376E+01
 Side 1  free  transition at x/c =  0.9971   75
 Side 2  free  transition at x/c =  0.0558   24

 177   rms: 0.8312E+05   max: -.1129E+07   C at   87  2   RLX: 0.000
       a = -4.000      CL = -2.0472
      Cm =  0.4600     CD =  0.64342   =>   CDf =  0.00201    CDp =  0.64140

 MRCHDU: Convergence failed at  82  side 2    Res =  0.9491E+01
 MRCHDU: Convergence failed at  83  side 2    Res =  0.8878E+01
 MRCHDU: Convergence failed at  84  side 2    Res =  0.7618E+01
 MRCHDU: Convergence failed at  85  side 2    Res =  0.6385E+01
 Side 1  free  transition at x/c =  0.9971   75
 Side 2  free  transition at x/c =  0.0558   24

 178   rms: 0.8321E+05   max: -.1131E+07   C at   87  2   RLX: 0.000
       a = -4.000      CL = -2.0472
      Cm =  0.4600     CD =  0.64353   =>   CDf =  0.00201    CDp =  0.64152

 MRCHDU: Convergence failed at  82  side 2    Res =  0.9505E+01
 MRCHDU: Convergence failed at  83  side 2    Res =  0.8891E+01
 MRCHDU: Convergence failed at  84  side 2    Res =  0.7629E+01
 MRCHDU: Convergence failed at  85  side 2    Res =  0.6395E+01
 Side 1  free  transition at x/c =  0.9971   75
 Side 2  free  transition at x/c =  0.0558   24

 179   rms: 0.8331E+05   max: -.1132E+07   C at   87  2   RLX: 0.000
       a = -4.000      CL = -2.0472
      Cm =  0.4600     CD =  0.64364   =>   CDf =  0.00201    CDp =  0.64163

 MRCHDU: Convergence failed at  82  side 2    Res =  0.9519E+01
 MRCHDU: Convergence failed at  83  side 2    Res =  0.8904E+01
 MRCHDU: Convergence failed at  84  side 2    Res =  0.7640E+01
 MRCHDU: Convergence failed at  85  side 2    Res =  0.6404E+01
 Side 1  free  transition at x/c =  0.9971   75
 Side 2  free  transition at x/c =  0.0558   24

 180   rms: 0.8340E+05   max: -.1133E+07   C at   87  2   RLX: 0.000
       a = -4.000      CL = -2.0472
      Cm =  0.4600     CD =  0.64376   =>   CDf =  0.00201    CDp =  0.64174

 MRCHDU: Convergence failed at  82  side 2    Res =  0.9532E+01
 MRCHDU: Convergence failed at  83  side 2    Res =  0.8916E+01
 MRCHDU: Convergence failed at  84  side 2    Res =  0.7651E+01
 MRCHDU: Convergence failed at  85  side 2    Res =  0.6413E+01
 Side 1  free  transition at x/c =  0.9971   75
 Side 2  free  transition at x/c =  0.0558   24

 181   rms: 0.8349E+05   max: -.1134E+07   C at   87  2   RLX: 0.000
       a = -4.000      CL = -2.0472
      Cm =  0.4600     CD =  0.64387   =>   CDf =  0.00201    CDp =  0.64186

 MRCHDU: Convergence failed at  82  side 2    Res =  0.9546E+01
 MRCHDU: Convergence failed at  83  side 2    Res =  0.8929E+01
 MRCHDU: Convergence failed at  84  side 2    Res =  0.7662E+01
 MRCHDU: Convergence failed at  85  side 2    Res =  0.6423E+01
 Side 1  free  transition at x/c =  0.9971   75
 Side 2  free  transition at x/c =  0.0558   24

 182   rms: 0.8359E+05   max: -.1136E+07   C at   87  2   RLX: 0.000
       a = -4.000      CL = -2.0472
      Cm =  0.4600     CD =  0.64399   =>   CDf =  0.00201    CDp =  0.64197

 MRCHDU: Convergence failed at  82  side 2    Res =  0.9560E+01
 MRCHDU: Convergence failed at  83  side 2    Res =  0.8942E+01
 MRCHDU: Convergence failed at  84  side 2    Res =  0.7673E+01
 MRCHDU: Convergence failed at  85  side 2    Res =  0.6432E+01
 Side 1  free  transition at x/c =  0.9971   75
 Side 2  free  transition at x/c =  0.0558   24

 183   rms: 0.8368E+05   max: -.1137E+07   C at   87  2   RLX: 0.000
       a = -4.000      CL = -2.0472
      Cm =  0.4600     CD =  0.64410   =>   CDf =  0.00201    CDp =  0.64209

 MRCHDU: Convergence failed at  82  side 2    Res =  0.9574E+01
 MRCHDU: Convergence failed at  83  side 2    Res =  0.8955E+01
 MRCHDU: Convergence failed at  84  side 2    Res =  0.7684E+01
 MRCHDU: Convergence failed at  85  side 2    Res =  0.6441E+01
 Side 1  free  transition at x/c =  0.9971   75
 Side 2  free  transition at x/c =  0.0558   24

 184   rms: 0.8377E+05   max: -.1138E+07   C at   87  2   RLX: 0.000
       a = -4.000      CL = -2.0472
      Cm =  0.4600     CD =  0.64422   =>   CDf =  0.00201    CDp =  0.64220

 MRCHDU: Convergence failed at  82  side 2    Res =  0.9587E+01
 MRCHDU: Convergence failed at  83  side 2    Res =  0.8968E+01
 MRCHDU: Convergence failed at  84  side 2    Res =  0.7695E+01
 MRCHDU: Convergence failed at  85  side 2    Res =  0.6450E+01
 Side 1  free  transition at x/c =  0.9971   75
 Side 2  free  transition at x/c =  0.0558   24

 185   rms: 0.8387E+05   max: -.1139E+07   C at   87  2   RLX: 0.000
       a = -4.000      CL = -2.0472
      Cm =  0.4600     CD =  0.64433   =>   CDf =  0.00201    CDp =  0.64231

 MRCHDU: Convergence failed at  82  side 2    Res =  0.9601E+01
 MRCHDU: Convergence failed at  83  side 2    Res =  0.8980E+01
 MRCHDU: Convergence failed at  84  side 2    Res =  0.7706E+01
 MRCHDU: Convergence failed at  85  side 2    Res =  0.6460E+01
 Side 1  free  transition at x/c =  0.9971   75
 Side 2  free  transition at x/c =  0.0558   24

 186   rms: 0.8396E+05   max: -.1141E+07   C at   87  2   RLX: 0.000
       a = -4.000      CL = -2.0472
      Cm =  0.4600     CD =  0.64444   =>   CDf =  0.00201    CDp =  0.64243

 MRCHDU: Convergence failed at  82  side 2    Res =  0.9615E+01
 MRCHDU: Convergence failed at  83  side 2    Res =  0.8993E+01
 MRCHDU: Convergence failed at  84  side 2    Res =  0.7717E+01
 MRCHDU: Convergence failed at  85  side 2    Res =  0.6469E+01
 Side 1  free  transition at x/c =  0.9971   75
 Side 2  free  transition at x/c =  0.0558   24

 187   rms: 0.8405E+05   max: -.1142E+07   C at   87  2   RLX: 0.000
       a = -4.000      CL = -2.0472
      Cm =  0.4600     CD =  0.64456   =>   CDf =  0.00201    CDp =  0.64254

 MRCHDU: Convergence failed at  82  side 2    Res =  0.9629E+01
 MRCHDU: Convergence failed at  83  side 2    Res =  0.9006E+01
 MRCHDU: Convergence failed at  84  side 2    Res =  0.7728E+01
 MRCHDU: Convergence failed at  85  side 2    Res =  0.6478E+01
 Side 1  free  transition at x/c =  0.9971   75
 Side 2  free  transition at x/c =  0.0558   24

 188   rms: 0.8414E+05   max: -.1143E+07   C at   87  2   RLX: 0.000
       a = -4.000      CL = -2.0472
      Cm =  0.4600     CD =  0.64467   =>   CDf =  0.00201    CDp =  0.64266

 MRCHDU: Convergence failed at  82  side 2    Res =  0.9642E+01
 MRCHDU: Convergence failed at  83  side 2    Res =  0.9019E+01
 MRCHDU: Convergence failed at  84  side 2    Res =  0.7739E+01
 MRCHDU: Convergence failed at  85  side 2    Res =  0.6487E+01
 Side 1  free  transition at x/c =  0.9971   75
 Side 2  free  transition at x/c =  0.0558   24

 189   rms: 0.8423E+05   max: -.1144E+07   C at   87  2   RLX: 0.000
       a = -4.000      CL = -2.0472
      Cm =  0.4600     CD =  0.64479   =>   CDf =  0.00201    CDp =  0.64277

 MRCHDU: Convergence failed at  82  side 2    Res =  0.9656E+01
 MRCHDU: Convergence failed at  83  side 2    Res =  0.9031E+01
 MRCHDU: Convergence failed at  84  side 2    Res =  0.7750E+01
 MRCHDU: Convergence failed at  85  side 2    Res =  0.6497E+01
 Side 1  free  transition at x/c =  0.9971   75
 Side 2  free  transition at x/c =  0.0558   24

 190   rms: 0.8433E+05   max: -.1146E+07   C at   87  2   RLX: 0.000
       a = -4.000      CL = -2.0472
      Cm =  0.4600     CD =  0.64490   =>   CDf =  0.00201    CDp =  0.64289

 MRCHDU: Convergence failed at  82  side 2    Res =  0.9670E+01
 MRCHDU: Convergence failed at  83  side 2    Res =  0.9044E+01
 MRCHDU: Convergence failed at  84  side 2    Res =  0.7761E+01
 MRCHDU: Convergence failed at  85  side 2    Res =  0.6506E+01
 Side 1  free  transition at x/c =  0.9971   75
 Side 2  free  transition at x/c =  0.0558   24

 191   rms: 0.8442E+05   max: -.1147E+07   C at   87  2   RLX: 0.000
       a = -4.000      CL = -2.0472
      Cm =  0.4600     CD =  0.64501   =>   CDf =  0.00201    CDp =  0.64300

 MRCHDU: Convergence failed at  82  side 2    Res =  0.9683E+01
 MRCHDU: Convergence failed at  83  side 2    Res =  0.9057E+01
 MRCHDU: Convergence failed at  84  side 2    Res =  0.7772E+01
 MRCHDU: Convergence failed at  85  side 2    Res =  0.6515E+01
 Side 1  free  transition at x/c =  0.9971   75
 Side 2  free  transition at x/c =  0.0558   24

 192   rms: 0.8451E+05   max: -.1148E+07   C at   87  2   RLX: 0.000
       a = -4.000      CL = -2.0472
      Cm =  0.4600     CD =  0.64513   =>   CDf =  0.00201    CDp =  0.64311

 MRCHDU: Convergence failed at  82  side 2    Res =  0.9697E+01
 MRCHDU: Convergence failed at  83  side 2    Res =  0.9070E+01
 MRCHDU: Convergence failed at  84  side 2    Res =  0.7783E+01
 MRCHDU: Convergence failed at  85  side 2    Res =  0.6525E+01
 Side 1  free  transition at x/c =  0.9971   75
 Side 2  free  transition at x/c =  0.0558   24

 193   rms: 0.8460E+05   max: -.1149E+07   C at   87  2   RLX: 0.000
       a = -4.000      CL = -2.0472
      Cm =  0.4600     CD =  0.64524   =>   CDf =  0.00201    CDp =  0.64323

 MRCHDU: Convergence failed at  82  side 2    Res =  0.9711E+01
 MRCHDU: Convergence failed at  83  side 2    Res =  0.9082E+01
 MRCHDU: Convergence failed at  84  side 2    Res =  0.7794E+01
 MRCHDU: Convergence failed at  85  side 2    Res =  0.6534E+01
 Side 1  free  transition at x/c =  0.9971   75
 Side 2  free  transition at x/c =  0.0558   24

 194   rms: 0.8469E+05   max: -.1151E+07   C at   87  2   RLX: 0.000
       a = -4.000      CL = -2.0472
      Cm =  0.4600     CD =  0.64536   =>   CDf =  0.00201    CDp =  0.64334

 MRCHDU: Convergence failed at  82  side 2    Res =  0.9725E+01
 MRCHDU: Convergence failed at  83  side 2    Res =  0.9095E+01
 MRCHDU: Convergence failed at  84  side 2    Res =  0.7805E+01
 MRCHDU: Convergence failed at  85  side 2    Res =  0.6543E+01
 Side 1  free  transition at x/c =  0.9971   75
 Side 2  free  transition at x/c =  0.0558   24

 195   rms: 0.8478E+05   max: -.1152E+07   C at   87  2   RLX: 0.000
       a = -4.000      CL = -2.0472
      Cm =  0.4600     CD =  0.64547   =>   CDf =  0.00201    CDp =  0.64345

 MRCHDU: Convergence failed at  82  side 2    Res =  0.9738E+01
 MRCHDU: Convergence failed at  83  side 2    Res =  0.9108E+01
 MRCHDU: Convergence failed at  84  side 2    Res =  0.7815E+01
 MRCHDU: Convergence failed at  85  side 2    Res =  0.6552E+01
 Side 1  free  transition at x/c =  0.9971   75
 Side 2  free  transition at x/c =  0.0558   24

 196   rms: 0.8487E+05   max: -.1153E+07   C at   87  2   RLX: 0.000
       a = -4.000      CL = -2.0472
      Cm =  0.4600     CD =  0.64558   =>   CDf =  0.00201    CDp =  0.64357

 MRCHDU: Convergence failed at  82  side 2    Res =  0.9752E+01
 MRCHDU: Convergence failed at  83  side 2    Res =  0.9121E+01
 MRCHDU: Convergence failed at  84  side 2    Res =  0.7826E+01
 MRCHDU: Convergence failed at  85  side 2    Res =  0.6562E+01
 Side 1  free  transition at x/c =  0.9971   75
 Side 2  free  transition at x/c =  0.0558   24

 197   rms: 0.8497E+05   max: -.1154E+07   C at   87  2   RLX: 0.000
       a = -4.000      CL = -2.0472
      Cm =  0.4600     CD =  0.64570   =>   CDf =  0.00201    CDp =  0.64368

 MRCHDU: Convergence failed at  82  side 2    Res =  0.9766E+01
 MRCHDU: Convergence failed at  83  side 2    Res =  0.9133E+01
 MRCHDU: Convergence failed at  84  side 2    Res =  0.7837E+01
 MRCHDU: Convergence failed at  85  side 2    Res =  0.6571E+01
 Side 1  free  transition at x/c =  0.9971   75
 Side 2  free  transition at x/c =  0.0558   24

 198   rms: 0.8506E+05   max: -.1156E+07   C at   87  2   RLX: 0.000
       a = -4.000      CL = -2.0472
      Cm =  0.4600     CD =  0.64581   =>   CDf =  0.00201    CDp =  0.64380

 MRCHDU: Convergence failed at  82  side 2    Res =  0.9780E+01
 MRCHDU: Convergence failed at  83  side 2    Res =  0.9146E+01
 MRCHDU: Convergence failed at  84  side 2    Res =  0.7848E+01
 MRCHDU: Convergence failed at  85  side 2    Res =  0.6580E+01
 Side 1  free  transition at x/c =  0.9971   75
 Side 2  free  transition at x/c =  0.0558   24

 199   rms: 0.8515E+05   max: -.1157E+07   C at   87  2   RLX: 0.000
       a = -4.000      CL = -2.0472
      Cm =  0.4600     CD =  0.64592   =>   CDf =  0.00201    CDp =  0.64391

 MRCHDU: Convergence failed at  82  side 2    Res =  0.9793E+01
 MRCHDU: Convergence failed at  83  side 2    Res =  0.9159E+01
 MRCHDU: Convergence failed at  84  side 2    Res =  0.7859E+01
 MRCHDU: Convergence failed at  85  side 2    Res =  0.6589E+01
 Side 1  free  transition at x/c =  0.9971   75
 Side 2  free  transition at x/c =  0.0558   24

 200   rms: 0.8524E+05   max: -.1158E+07   C at   87  2   RLX: 0.000
       a = -4.000      CL = -2.0472
      Cm =  0.4600     CD =  0.64604   =>   CDf =  0.00201    CDp =  0.64402

 MRCHDU: Convergence failed at  82  side 2    Res =  0.9807E+01
 MRCHDU: Convergence failed at  83  side 2    Res =  0.9172E+01
 MRCHDU: Convergence failed at  84  side 2    Res =  0.7870E+01
 MRCHDU: Convergence failed at  85  side 2    Res =  0.6599E+01
 Side 1  free  transition at x/c =  0.9971   75
 Side 2  free  transition at x/c =  0.0558   24

 201   rms: 0.8533E+05   max: -.1159E+07   C at   87  2   RLX: 0.000
       a = -4.000      CL = -2.0472
      Cm =  0.4600     CD =  0.64615   =>   CDf =  0.00201    CDp =  0.64414

 MRCHDU: Convergence failed at  82  side 2    Res =  0.9821E+01
 MRCHDU: Convergence failed at  83  side 2    Res =  0.9185E+01
 MRCHDU: Convergence failed at  84  side 2    Res =  0.7881E+01
 MRCHDU: Convergence failed at  85  side 2    Res =  0.6608E+01
 Side 1  free  transition at x/c =  0.9971   75
 Side 2  free  transition at x/c =  0.0558   24

 202   rms: 0.8542E+05   max: -.1160E+07   C at   87  2   RLX: 0.000
       a = -4.000      CL = -2.0472
      Cm =  0.4600     CD =  0.64627   =>   CDf =  0.00201    CDp =  0.64425

 MRCHDU: Convergence failed at  82  side 2    Res =  0.9835E+01
 MRCHDU: Convergence failed at  83  side 2    Res =  0.9197E+01
 MRCHDU: Convergence failed at  84  side 2    Res =  0.7892E+01
 MRCHDU: Convergence failed at  85  side 2    Res =  0.6617E+01
 Side 1  free  transition at x/c =  0.9971   75
 Side 2  free  transition at x/c =  0.0558   24

 203   rms: 0.8551E+05   max: -.1162E+07   C at   87  2   RLX: 0.000
       a = -4.000      CL = -2.0472
      Cm =  0.4600     CD =  0.64638   =>   CDf =  0.00201    CDp =  0.64436

 MRCHDU: Convergence failed at  82  side 2    Res =  0.9848E+01
 MRCHDU: Convergence failed at  83  side 2    Res =  0.9210E+01
 MRCHDU: Convergence failed at  84  side 2    Res =  0.7903E+01
 MRCHDU: Convergence failed at  85  side 2    Res =  0.6627E+01
 Side 1  free  transition at x/c =  0.9971   75
 Side 2  free  transition at x/c =  0.0558   24

 204   rms: 0.8560E+05   max: -.1163E+07   C at   87  2   RLX: 0.000
       a = -4.000      CL = -2.0472
      Cm =  0.4600     CD =  0.64649   =>   CDf =  0.00201    CDp =  0.64448

 MRCHDU: Convergence failed at  82  side 2    Res =  0.9862E+01
 MRCHDU: Convergence failed at  83  side 2    Res =  0.9223E+01
 MRCHDU: Convergence failed at  84  side 2    Res =  0.7914E+01
 MRCHDU: Convergence failed at  85  side 2    Res =  0.6636E+01
Note: The following floating-point exceptions are signalling: IEEE_UNDERFLOW_FLAG
 Side 1  free  transition at x/c =  0.9971   75
 Side 2  free  transition at x/c =  0.0558   24

 205   rms: 0.8569E+05   max: -.1164E+07   C at   87  2   RLX: 0.000
       a = -4.000      CL = -2.0472
      Cm =  0.4600     CD =  0.64661   =>   CDf =  0.00201    CDp =  0.64459
 VISCAL:  Convergence failed
      9.000   24.8527   0.646606   0.001872   0.000000  -0.001872    0.9971     #

 Sequence halted since previous  4 points did not converge
 Last-converged  alpha =   3.000    CL =   0.38714

.OPERva   c>  
 Polar accumulation disabled

.OPERv   c>  
 XFOIL   c>  