
 ===================================================
  XFOIL Version 6.99
  Copyright (C) 2000   Mark Drela, Harold Youngren

  This software comes with ABSOLUTELY NO WARRANTY,
    subject to the GNU General Public License.

  Caveat computor
 ===================================================

 File  xfoil.def  not found

   QUIT    Exit program

  .OPER    Direct operating point(s)
  .MDES    Complex mapping design routine
  .QDES    Surface speed design routine
  .GDES    Geometry design routine

   SAVE f  Write airfoil to labeled coordinate file
   PSAV f  Write airfoil to plain coordinate file
   ISAV f  Write airfoil to ISES coordinate file
   MSAV f  Write airfoil to MSES coordinate file
   REVE    Reverse written-airfoil node ordering
   DELI i  Change written-airfoil file delimiters

   LOAD f  Read buffer airfoil from coordinate file
   NACA i  Set NACA 4,5-digit airfoil and buffer airfoil
   INTE    Set buffer airfoil by interpolating two airfoils
   NORM    Buffer airfoil normalization toggle
   HALF    Halve the number of points in buffer airfoil
   XYCM rr Change CM reference location, currently  0.25000 0.00000

   BEND    Display structural properties of current airfoil

   PCOP    Set current-airfoil panel nodes directly from buffer airfoil points
   PANE    Set current-airfoil panel nodes ( 160 ) based on curvature
  .PPAR    Show/change paneling

  .PLOP    Plotting options

   WDEF f  Write  current-settings file
   RDEF f  Reread current-settings file
   NAME s  Specify new airfoil name
   NINC    Increment name version number

   Z       Zoom    | (available in all menus)
   U       Unzoom  | 

 XFOIL   c>  
 XFOIL   c>  
 Labeled airfoil file.  Name:  GOE 375 AIRFOIL                                 

 Number of input coordinate points:  33
 Counterclockwise ordering
 Max thickness =     0.065022  at x =   0.200
 Max camber    =     0.042952  at x =   0.299

  LE  x,y  =  -0.00086   0.00271  |   Chord =   1.00086
  TE  x,y  =   1.00000   0.00000  |

 Current airfoil nodes set from buffer airfoil nodes (  33 )

 WARNING: Poor input coordinate distribution
          Excessive panel angle   77.0  at i =  17
          Repaneling with PANE and/or PPAR suggested
           (doing GDES,CADD before repaneling _may_
            improve excessively coarse LE spacing

 XFOIL   c>  
 Sharp trailing edge

 Paneling parameters used...
   Number of panel nodes       160
   Panel bunching parameter    1.000
   TE/LE panel density ratio   0.150
   Refined-area/LE panel density ratio    0.200
   Top    side refined area x/c limits  1.000 1.000
   Bottom side refined area x/c limits  1.000 1.000

 XFOIL   c>  
.OPERi   c>  
 M  =    0.0000
 Re =  0.1000E+07

.OPERv   c>  
.OPERv   c>  
 Xtr/c     =  1.0000    top    side
 Xtr/c     =  1.0000    bottom side
 NcritT    =    9.00   ( 0.070 % turb. level )
 NcritB    =    9.00   ( 0.070 % turb. level )
 Vacc      =  0.0100
 WakeL/c   =   1.000

 Klag  =  5.6000     Uxwt  =    1.00       Kdl =  0.9000
 A     =  6.7000     B     =  0.7500       KCt = 0.01485
 CtiniK=  1.8000     CtiniX=  3.3000

..VPAR   c>  
..VPAR   c>  
.OPERv   c>  
.OPERv   c>  
 Polar  1 newly created for accumulation
 Airfoil archived with polar: GOE 375 AIRFOIL                                 

Enter  polar save filename  OR  <return> for no file   s>  
 New polar save file available

Enter  polar dump filename  OR  <return> for no file   s>  
 Polar dump file will NOT be written

 Polar accumulation enabled

.OPERva   c>   Calculating unit vorticity distributions ...
 Calculating wake trajectory ...
 Calculating source influence matrix ...

 Solving BL system ...

 Initializing BL ...
    side            1  ...
 MRCHUE: Inverse mode at  37     Hk =   4.552
 MRCHUE: Inverse mode at  38     Hk =   5.560
 MRCHUE: Inverse mode at  39     Hk =   2.500
 MRCHUE: Inverse mode at  79     Hk =   2.500
    side            2  ...
 MRCHUE: Inverse mode at  13     Hk =   4.601
 MRCHUE: Convergence failed at  14  side 2    Res =  0.3402E+01
 MRCHUE: Convergence failed at  15  side 2    Res =  0.4466E+01
 MRCHUE: Inverse mode at  16     Hk =   7.165
 MRCHUE: Inverse mode at  17     Hk =   2.500

 MRCHDU: Convergence failed at  14  side 2    Res =  0.4126E+01
 MRCHDU: Convergence failed at  15  side 2    Res =  0.1947E+02
 MRCHDU: Convergence failed at  16  side 2    Res =  0.3947E+02
 MRCHDU: Convergence failed at  17  side 2    Res =  0.1183E+03
 MRCHDU: Convergence failed at  18  side 2    Res =  0.9174E+01
 MRCHDU: Convergence failed at  19  side 2    Res =  0.7836E+01
 MRCHDU: Convergence failed at  20  side 2    Res =  0.1171E+02
 MRCHDU: Convergence failed at  21  side 2    Res =  0.3773E+02
 MRCHDU: Convergence failed at  22  side 2    Res =  0.1073E+02
 MRCHDU: Convergence failed at  23  side 2    Res =  0.9812E+01
 MRCHDU: Convergence failed at  24  side 2    Res =  0.8276E+01
 MRCHDU: Convergence failed at  25  side 2    Res =  0.5168E+02
 MRCHDU: Convergence failed at  26  side 2    Res =  0.6502E+02
 MRCHDU: Convergence failed at  27  side 2    Res =  0.1710E+02
 MRCHDU: Convergence failed at  28  side 2    Res =  0.1252E+02
 MRCHDU: Convergence failed at  29  side 2    Res =  0.1290E+02
 MRCHDU: Convergence failed at  30  side 2    Res =  0.1322E+02
 MRCHDU: Convergence failed at  31  side 2    Res =  0.1296E+02
 MRCHDU: Convergence failed at  32  side 2    Res =  0.1272E+02
 MRCHDU: Convergence failed at  33  side 2    Res =  0.1265E+02
 MRCHDU: Convergence failed at  34  side 2    Res =  0.1240E+02
 MRCHDU: Convergence failed at  35  side 2    Res =  0.1251E+02
 MRCHDU: Convergence failed at  36  side 2    Res =  0.1250E+02
 MRCHDU: Convergence failed at  37  side 2    Res =  0.1253E+02
 MRCHDU: Convergence failed at  38  side 2    Res =  0.1258E+02
 MRCHDU: Convergence failed at  39  side 2    Res =  0.1267E+02
 MRCHDU: Convergence failed at  40  side 2    Res =  0.1278E+02
 MRCHDU: Convergence failed at  41  side 2    Res =  0.1292E+02
 MRCHDU: Convergence failed at  42  side 2    Res =  0.1315E+02
 MRCHDU: Convergence failed at  43  side 2    Res =  0.1342E+02
 MRCHDU: Convergence failed at  44  side 2    Res =  0.1346E+02
 MRCHDU: Convergence failed at  45  side 2    Res =  0.1371E+02
 MRCHDU: Convergence failed at  46  side 2    Res =  0.1394E+02
 MRCHDU: Convergence failed at  47  side 2    Res =  0.1412E+02
 MRCHDU: Convergence failed at  48  side 2    Res =  0.1422E+02
 MRCHDU: Convergence failed at  49  side 2    Res =  0.1422E+02
 MRCHDU: Convergence failed at  50  side 2    Res =  0.1418E+02
 MRCHDU: Convergence failed at  51  side 2    Res =  0.1413E+02
 MRCHDU: Convergence failed at  52  side 2    Res =  0.1407E+02
 MRCHDU: Convergence failed at  53  side 2    Res =  0.1422E+02
 MRCHDU: Convergence failed at  54  side 2    Res =  0.1420E+02
 MRCHDU: Convergence failed at  55  side 2    Res =  0.1427E+02
 MRCHDU: Convergence failed at  56  side 2    Res =  0.1440E+02
 MRCHDU: Convergence failed at  57  side 2    Res =  0.1451E+02
 MRCHDU: Convergence failed at  58  side 2    Res =  0.1459E+02
 MRCHDU: Convergence failed at  59  side 2    Res =  0.1458E+02
 MRCHDU: Convergence failed at  60  side 2    Res =  0.1447E+02
 MRCHDU: Convergence failed at  61  side 2    Res =  0.1419E+02
 MRCHDU: Convergence failed at  62  side 2    Res =  0.1402E+02
 MRCHDU: Convergence failed at  63  side 2    Res =  0.1323E+02
 MRCHDU: Convergence failed at  64  side 2    Res =  0.1253E+02
 MRCHDU: Convergence failed at  65  side 2    Res =  0.1197E+02
 MRCHDU: Convergence failed at  66  side 2    Res =  0.1159E+02
 MRCHDU: Convergence failed at  67  side 2    Res =  0.1141E+02
 MRCHDU: Convergence failed at  68  side 2    Res =  0.1159E+02
 MRCHDU: Convergence failed at  69  side 2    Res =  0.1230E+02
 MRCHDU: Convergence failed at  70  side 2    Res =  0.1326E+02
 MRCHDU: Convergence failed at  71  side 2    Res =  0.1438E+02
 MRCHDU: Convergence failed at  72  side 2    Res =  0.1503E+02
 MRCHDU: Convergence failed at  73  side 2    Res =  0.1489E+02
 MRCHDU: Convergence failed at  74  side 2    Res =  0.1392E+02
 MRCHDU: Convergence failed at  75  side 2    Res =  0.1483E+02
 MRCHDU: Convergence failed at  76  side 2    Res =  0.1441E+02
 MRCHDU: Convergence failed at  77  side 2    Res =  0.1284E+02
 MRCHDU: Convergence failed at  78  side 2    Res =  0.1211E+02
 MRCHDU: Convergence failed at  79  side 2    Res =  0.1280E+02
 MRCHDU: Convergence failed at  80  side 2    Res =  0.1465E+02
 MRCHDU: Convergence failed at  81  side 2    Res =  0.1495E+02
 MRCHDU: Convergence failed at  82  side 2    Res =  0.5799E+02
 MRCHDU: Convergence failed at  83  side 2    Res =  0.2005E+02
 Side 1  free  transition at x/c =  0.4195   39
 Side 2  free  transition at x/c =  0.0371   17

   1   rms: 0.8768E+00   max: -.5393E+01   D at   17  2   RLX: 0.093
       a =  0.000      CL = -0.7713
      Cm =  0.2428     CD =  0.00513   =>   CDf =  0.00355    CDp =  0.00157

 Side 1  free  transition at x/c =  0.4214   39
 Side 2  free  transition at x/c =  0.0354   16

   2   rms: 0.7930E+00   max: 0.5379E+01   T at   16  2   RLX: 0.144
       a =  0.000      CL = -0.5449
      Cm =  0.1862     CD =  0.00683   =>   CDf =  0.01138    CDp = -0.00456

 MRCHDU: Convergence failed at  16  side 2    Res =  0.1019E+03
 MRCHDU: Convergence failed at  17  side 2    Res =  0.7429E+02
 Side 1  free  transition at x/c =  0.4246   39
 Side 2  free  transition at x/c =  0.0302   16

   3   rms: 0.6947E+00   max: 0.4205E+01   T at   16  2   RLX: 0.357
       a =  0.000      CL = -0.1533
      Cm =  0.0830     CD =  0.00707   =>   CDf =  0.01045    CDp = -0.00338

 Side 1  free  transition at x/c =  0.4318   39
 Side 2  free  transition at x/c =  0.0312   16

   4   rms: 0.6344E+00   max: 0.4279E+01   D at   18  2   RLX: 0.237
       a =  0.000      CL =  0.0040
      Cm =  0.0438     CD =  0.00833   =>   CDf =  0.00897    CDp = -0.00064

 MRCHDU: Convergence failed at  18  side 2    Res =  0.3291E+01
 MRCHDU: Convergence failed at  19  side 2    Res =  0.4984E+02
 MRCHDU: Convergence failed at  20  side 2    Res =  0.8982E+03
 MRCHDU: Convergence failed at  21  side 2    Res =  0.1012E+03
 MRCHDU: Convergence failed at  22  side 2    Res =  0.1170E+03
 MRCHDU: Convergence failed at  23  side 2    Res =  0.2956E+03
 MRCHDU: Convergence failed at  24  side 2    Res =  0.1188E+03
 MRCHDU: Convergence failed at  25  side 2    Res =  0.5912E+02
 MRCHDU: Convergence failed at  26  side 2    Res =  0.5222E+02
 MRCHDU: Convergence failed at  27  side 2    Res =  0.4871E+02
 MRCHDU: Convergence failed at  28  side 2    Res =  0.4916E+02
 MRCHDU: Convergence failed at  29  side 2    Res =  0.4718E+02
 MRCHDU: Convergence failed at  30  side 2    Res =  0.4534E+02
 MRCHDU: Convergence failed at  31  side 2    Res =  0.4548E+02
 MRCHDU: Convergence failed at  32  side 2    Res =  0.4353E+02
 MRCHDU: Convergence failed at  33  side 2    Res =  0.4168E+02
 MRCHDU: Convergence failed at  34  side 2    Res =  0.3169E+02
 MRCHDU: Convergence failed at  35  side 2    Res =  0.3227E+02
 MRCHDU: Convergence failed at  36  side 2    Res =  0.3423E+02
 MRCHDU: Convergence failed at  37  side 2    Res =  0.3385E+02
 MRCHDU: Convergence failed at  38  side 2    Res =  0.3447E+02
 MRCHDU: Convergence failed at  39  side 2    Res =  0.3647E+02
 MRCHDU: Convergence failed at  40  side 2    Res =  0.3716E+02
 MRCHDU: Convergence failed at  41  side 2    Res =  0.3785E+02
 MRCHDU: Convergence failed at  42  side 2    Res =  0.3901E+02
 MRCHDU: Convergence failed at  43  side 2    Res =  0.3973E+02
 MRCHDU: Convergence failed at  44  side 2    Res =  0.4129E+02
 MRCHDU: Convergence failed at  45  side 2    Res =  0.4140E+02
 MRCHDU: Convergence failed at  46  side 2    Res =  0.4208E+02
 MRCHDU: Convergence failed at  47  side 2    Res =  0.4336E+02
 MRCHDU: Convergence failed at  48  side 2    Res =  0.4402E+02
 MRCHDU: Convergence failed at  49  side 2    Res =  0.4465E+02
 MRCHDU: Convergence failed at  50  side 2    Res =  0.4524E+02
 MRCHDU: Convergence failed at  51  side 2    Res =  0.4581E+02
 MRCHDU: Convergence failed at  52  side 2    Res =  0.4637E+02
 MRCHDU: Convergence failed at  53  side 2    Res =  0.4690E+02
 MRCHDU: Convergence failed at  54  side 2    Res =  0.4742E+02
 MRCHDU: Convergence failed at  55  side 2    Res =  0.4793E+02
 MRCHDU: Convergence failed at  56  side 2    Res =  0.4841E+02
 MRCHDU: Convergence failed at  57  side 2    Res =  0.4887E+02
 MRCHDU: Convergence failed at  58  side 2    Res =  0.4930E+02
 MRCHDU: Convergence failed at  59  side 2    Res =  0.4914E+02
 MRCHDU: Convergence failed at  60  side 2    Res =  0.4950E+02
 MRCHDU: Convergence failed at  61  side 2    Res =  0.4985E+02
 MRCHDU: Convergence failed at  62  side 2    Res =  0.5022E+02
 MRCHDU: Convergence failed at  63  side 2    Res =  0.5066E+02
 MRCHDU: Convergence failed at  64  side 2    Res =  0.4945E+02
 MRCHDU: Convergence failed at  65  side 2    Res =  0.5004E+02
 MRCHDU: Convergence failed at  66  side 2    Res =  0.5071E+02
 MRCHDU: Convergence failed at  67  side 2    Res =  0.5137E+02
 MRCHDU: Convergence failed at  68  side 2    Res =  0.5190E+02
 MRCHDU: Convergence failed at  69  side 2    Res =  0.5220E+02
 MRCHDU: Convergence failed at  70  side 2    Res =  0.5238E+02
 MRCHDU: Convergence failed at  71  side 2    Res =  0.5249E+02
 MRCHDU: Convergence failed at  72  side 2    Res =  0.5256E+02
 MRCHDU: Convergence failed at  73  side 2    Res =  0.5259E+02
 MRCHDU: Convergence failed at  74  side 2    Res =  0.5258E+02
 MRCHDU: Convergence failed at  75  side 2    Res =  0.5254E+02
 MRCHDU: Convergence failed at  76  side 2    Res =  0.5263E+02
 MRCHDU: Convergence failed at  77  side 2    Res =  0.5318E+02
 MRCHDU: Convergence failed at  78  side 2    Res =  0.5142E+02
 MRCHDU: Convergence failed at  79  side 2    Res =  0.5237E+02
 MRCHDU: Convergence failed at  80  side 2    Res =  0.5488E+02
 MRCHDU: Convergence failed at  81  side 2    Res =  0.5550E+02
 MRCHDU: Convergence failed at  82  side 2    Res =  0.5799E+02
 MRCHDU: Convergence failed at  83  side 2    Res =  0.6150E+02
 Side 1  free  transition at x/c =  0.4358   40
 Side 2  free  transition at x/c =  0.0501   18

   5   rms: 0.2357E+01   max: 0.4371E+02   T at   18  2   RLX: 0.018
       a =  0.000      CL = -0.4582
      Cm =  0.1656     CD =  0.00461   =>   CDf =  0.00335    CDp =  0.00126

 MRCHDU: Convergence failed at  85  side 2    Res =  0.9554E+00
 MRCHDU: Convergence failed at  86  side 2    Res =  0.1625E+01
 MRCHDU: Convergence failed at  87  side 2    Res =  0.2037E+01
 MRCHDU: Convergence failed at  88  side 2    Res =  0.2350E+01
 MRCHDU: Convergence failed at  89  side 2    Res =  0.2605E+01
 MRCHDU: Convergence failed at  90  side 2    Res =  0.2817E+01
 MRCHDU: Convergence failed at  91  side 2    Res =  0.2999E+01
 MRCHDU: Convergence failed at  92  side 2    Res =  0.3157E+01
 MRCHDU: Convergence failed at  93  side 2    Res =  0.3296E+01
 MRCHDU: Convergence failed at  94  side 2    Res =  0.3418E+01
 MRCHDU: Convergence failed at  95  side 2    Res =  0.3525E+01
 MRCHDU: Convergence failed at  96  side 2    Res =  0.3620E+01
 MRCHDU: Convergence failed at  97  side 2    Res =  0.3702E+01
 MRCHDU: Convergence failed at  98  side 2    Res =  0.3773E+01
 MRCHDU: Convergence failed at  99  side 2    Res =  0.3832E+01
 MRCHDU: Convergence failed at 100  side 2    Res =  0.3880E+01
 MRCHDU: Convergence failed at 101  side 2    Res =  0.3918E+01
 MRCHDU: Convergence failed at 102  side 2    Res =  0.3944E+01
 MRCHDU: Convergence failed at 103  side 2    Res =  0.3960E+01
 MRCHDU: Convergence failed at 104  side 2    Res =  0.3963E+01
 MRCHDU: Convergence failed at 105  side 2    Res =  0.3955E+01
 MRCHDU: Convergence failed at 106  side 2    Res =  0.3939E+01
 Side 1  free  transition at x/c =  0.4358   40
 Side 2  free  transition at x/c =  0.0500   18

   6   rms: 0.1356E+01   max: 0.1806E+02   T at   18  2   RLX: 0.083
       a =  0.000      CL = -0.0776
      Cm =  0.0391     CD =  0.00304   =>   CDf =  0.00359    CDp = -0.00056

 Side 1  free  transition at x/c =  0.4473   39
 Side 2  free  transition at x/c =  0.0456   18

   7   rms: 0.3694E+01   max: -.1456E+02   T at   21  2   RLX: 0.034
       a =  0.000      CL = -0.0675
      Cm =  0.0469     CD =  0.00434   =>   CDf =  0.00354    CDp =  0.00081

 Side 1  free  transition at x/c =  0.4442   40
 Side 2  free  transition at x/c =  0.0657   19

   8   rms: 0.1390E+01   max: 0.2058E+02   T at   19  2   RLX: 0.073
       a =  0.000      CL = -0.2702
      Cm =  0.0922     CD =  0.00155   =>   CDf =  0.00352    CDp = -0.00197

 Side 1  free  transition at x/c =  0.4463   39
 Side 2  free  transition at x/c =  0.0602   20

   9   rms: 0.9206E+00   max: -.3964E+01   T at  104  2   RLX: 0.126
       a =  0.000      CL = -0.1547
      Cm =  0.0636     CD =  0.00023   =>   CDf =  0.00357    CDp = -0.00334

 Side 1  free  transition at x/c =  0.4479   39
 Side 2  free  transition at x/c =  0.0361   18

  10   rms: 0.1085E+01   max: 0.6923E+01   T at   18  2   RLX: 0.111
       a =  0.000      CL = -0.2171
      Cm =  0.0846     CD =  0.00009   =>   CDf =  0.00358    CDp = -0.00349

 Side 1  free  transition at x/c =  0.4522   40
 Side 2  free  transition at x/c =  0.0354   17

  11   rms: 0.5669E+01   max: 0.2783E+02   T at   18  2   RLX: 0.054
       a =  0.000      CL = -0.2137
      Cm =  0.0751     CD =  0.00013   =>   CDf =  0.00355    CDp = -0.00342

 Side 1  free  transition at x/c =  0.4615   40
 Side 2  free  transition at x/c =  0.0353   17

  12   rms: 0.9227E+00   max: -.3044E+01   T at  101  2   RLX: 0.164
       a =  0.000      CL = -0.1601
      Cm =  0.0622     CD =  0.00061   =>   CDf =  0.00348    CDp = -0.00287

 MRCHDU: Convergence failed at 102  side 2    Res =  0.1546E+01
 Side 1  free  transition at x/c =  0.4608   40
 Side 2  free  transition at x/c =  0.0316   17

  13   rms: 0.7262E+00   max: -.5860E+01   T at  103  2   RLX: 0.085
       a =  0.000      CL = -0.1188
      Cm =  0.0467     CD =  0.00038   =>   CDf =  0.00348    CDp = -0.00310

 MRCHDU: Convergence failed at 102  side 2    Res =  0.9416E-01
 MRCHDU: Convergence failed at 103  side 2    Res =  0.1857E-01
 MRCHDU: Convergence failed at 104  side 2    Res =  0.3850E-01
 Side 1  free  transition at x/c =  0.4608   40
 Side 2  free  transition at x/c =  0.0300   17

  14   rms: 0.1141E+02   max: 0.1347E+03   T at  106  2   RLX: 0.011
       a =  0.000      CL = -0.1203
      Cm =  0.0474     CD =  0.04476   =>   CDf =  0.00353    CDp =  0.04123

 MRCHDU: Convergence failed at 102  side 2    Res =  0.1036E+00
 MRCHDU: Convergence failed at 103  side 2    Res =  0.2170E+00
 Side 1  free  transition at x/c =  0.4607   40
 Side 2  free  transition at x/c =  0.0299   17

  15   rms: 0.6081E+00   max: 0.4128E+01   T at   17  2   RLX: 0.237
       a =  0.000      CL =  0.0068
      Cm =  0.0113     CD =  0.02198   =>   CDf =  0.00352    CDp =  0.01846

 MRCHDU: Convergence failed at 102  side 2    Res =  0.3736E-01
 Side 1  free  transition at x/c =  0.4720   41
 Side 2  free  transition at x/c =  0.0277   17

  16   rms: 0.1159E+02   max: -.1563E+03   C at  103  2   RLX: 0.003
       a =  0.000      CL = -0.1380
      Cm =  0.0594     CD =  0.01265   =>   CDf =  0.00344    CDp =  0.00921

 MRCHDU: Convergence failed at 102  side 2    Res =  0.3709E-01
 MRCHDU: Convergence failed at 103  side 2    Res =  0.1081E+00
 Side 1  free  transition at x/c =  0.4718   41
 Side 2  free  transition at x/c =  0.0277   17

  17   rms: 0.3801E+01   max: -.4842E+02   C at  101  2   RLX: 0.010
       a =  0.000      CL = -0.1291
      Cm =  0.0583     CD =  0.02865   =>   CDf =  0.00345    CDp =  0.02520

 MRCHDU: Convergence failed at 102  side 2    Res =  0.4585E-01
 Side 1  free  transition at x/c =  0.4709   41
 Side 2  free  transition at x/c =  0.0277   17

  18   rms: 0.1292E+02   max: -.2865E+03   C at  101  2   RLX: 0.002
       a =  0.000      CL = -0.1294
      Cm =  0.0585     CD =  0.02907   =>   CDf =  0.00345    CDp =  0.02561

 MRCHDU: Convergence failed at 102  side 2    Res =  0.4600E-01
 Side 1  free  transition at x/c =  0.4709   41
 Side 2  free  transition at x/c =  0.0277   17

  19   rms: 0.1500E+02   max: -.3598E+03   C at  101  2   RLX: 0.001
       a =  0.000      CL = -0.1284
      Cm =  0.0582     CD =  0.03346   =>   CDf =  0.00345    CDp =  0.03001

 MRCHDU: Convergence failed at 102  side 2    Res =  0.4560E-01
 Side 1  free  transition at x/c =  0.4708   41
 Side 2  free  transition at x/c =  0.0277   17

  20   rms: 0.1558E+02   max: -.3807E+03   C at  101  2   RLX: 0.001
       a =  0.000      CL = -0.1275
      Cm =  0.0580     CD =  0.03844   =>   CDf =  0.00345    CDp =  0.03499

 MRCHDU: Convergence failed at 102  side 2    Res =  0.4494E-01
 Side 1  free  transition at x/c =  0.4708   41
 Side 2  free  transition at x/c =  0.0277   17

  21   rms: 0.1077E+02   max: -.2237E+03   C at  101  2   RLX: 0.002
       a =  0.000      CL = -0.1261
      Cm =  0.0577     CD =  0.04931   =>   CDf =  0.00345    CDp =  0.04585

 MRCHDU: Convergence failed at 102  side 2    Res =  0.4416E-01
 Side 1  free  transition at x/c =  0.4708   41
 Side 2  free  transition at x/c =  0.0277   17

  22   rms: 0.5631E+02   max: 0.1511E+04   C at  101  2   RLX: 0.001
       a =  0.000      CL = -0.1255
      Cm =  0.0575     CD =  0.05690   =>   CDf =  0.00345    CDp =  0.05345

 MRCHDU: Convergence failed at 102  side 2    Res =  0.4570E-01
 Side 1  free  transition at x/c =  0.4708   41
 Side 2  free  transition at x/c =  0.0277   17

  23   rms: 0.2452E+03   max: 0.6633E+04   C at  101  2   RLX: 0.000
       a =  0.000      CL = -0.1255
      Cm =  0.0574     CD =  0.06242   =>   CDf =  0.00345    CDp =  0.05897

 MRCHDU: Convergence failed at 102  side 2    Res =  0.4616E-01
 Side 1  free  transition at x/c =  0.4708   41
 Side 2  free  transition at x/c =  0.0277   17

  24   rms: 0.2877E+03   max: -.7755E+04   C at  101  2   RLX: 0.000
       a =  0.000      CL = -0.1254
      Cm =  0.0574     CD =  0.05955   =>   CDf =  0.00345    CDp =  0.05610

 MRCHDU: Convergence failed at 102  side 2    Res =  0.4642E-01
 Side 1  free  transition at x/c =  0.4708   41
 Side 2  free  transition at x/c =  0.0277   17

  25   rms: 0.1008E+04   max: 0.2726E+05   C at  101  2   RLX: 0.000
       a =  0.000      CL = -0.1256
      Cm =  0.0574     CD =  0.06599   =>   CDf =  0.00345    CDp =  0.06254

 MRCHDU: Convergence failed at 102  side 2    Res =  0.4576E-01
 Side 1  free  transition at x/c =  0.4708   41
 Side 2  free  transition at x/c =  0.0277   17

  26   rms: 0.9641E+02   max: -.2586E+04   C at  101  2   RLX: 0.000
       a =  0.000      CL = -0.1253
      Cm =  0.0574     CD =  0.06230   =>   CDf =  0.00345    CDp =  0.05886

 MRCHDU: Convergence failed at 102  side 2    Res =  0.4710E-01
 Side 1  free  transition at x/c =  0.4708   41
 Side 2  free  transition at x/c =  0.0277   17

  27   rms: 0.4346E+03   max: -.1173E+05   C at  101  2   RLX: 0.000
       a =  0.000      CL = -0.1252
      Cm =  0.0574     CD =  0.06035   =>   CDf =  0.00345    CDp =  0.05691

 MRCHDU: Convergence failed at 102  side 2    Res =  0.4732E-01
 Side 1  free  transition at x/c =  0.4708   41
 Side 2  free  transition at x/c =  0.0277   17

  28   rms: 0.8103E+03   max: 0.2193E+05   C at  101  2   RLX: 0.000
       a =  0.000      CL = -0.1254
      Cm =  0.0573     CD =  0.06633   =>   CDf =  0.00345    CDp =  0.06288

 MRCHDU: Convergence failed at 102  side 2    Res =  0.4673E-01
 Side 1  free  transition at x/c =  0.4708   41
 Side 2  free  transition at x/c =  0.0277   17

  29   rms: 0.1265E+03   max: -.3401E+04   C at  101  2   RLX: 0.000
       a =  0.000      CL = -0.1251
      Cm =  0.0573     CD =  0.06291   =>   CDf =  0.00345    CDp =  0.05947

 MRCHDU: Convergence failed at 102  side 2    Res =  0.4792E-01
 Side 1  free  transition at x/c =  0.4708   41
 Side 2  free  transition at x/c =  0.0277   17

  30   rms: 0.6460E+03   max: -.1746E+05   C at  101  2   RLX: 0.000
       a =  0.000      CL = -0.1250
      Cm =  0.0573     CD =  0.06107   =>   CDf =  0.00345    CDp =  0.05762

 MRCHDU: Convergence failed at 102  side 2    Res =  0.4812E-01
 Side 1  free  transition at x/c =  0.4708   41
 Side 2  free  transition at x/c =  0.0277   17

  31   rms: 0.7365E+03   max: 0.1995E+05   C at  101  2   RLX: 0.000
       a =  0.000      CL = -0.1252
      Cm =  0.0573     CD =  0.06669   =>   CDf =  0.00345    CDp =  0.06324

 MRCHDU: Convergence failed at 102  side 2    Res =  0.4757E-01
 Side 1  free  transition at x/c =  0.4708   41
 Side 2  free  transition at x/c =  0.0277   17

  32   rms: 0.1590E+03   max: -.4281E+04   C at  101  2   RLX: 0.000
       a =  0.000      CL = -0.1250
      Cm =  0.0573     CD =  0.06347   =>   CDf =  0.00345    CDp =  0.06003

 MRCHDU: Convergence failed at 102  side 2    Res =  0.4867E-01
 Side 1  free  transition at x/c =  0.4708   41
 Side 2  free  transition at x/c =  0.0277   17

  33   rms: 0.9686E+03   max: -.2619E+05   C at  101  2   RLX: 0.000
       a =  0.000      CL = -0.1249
      Cm =  0.0573     CD =  0.06171   =>   CDf =  0.00345    CDp =  0.05826

 MRCHDU: Convergence failed at 102  side 2    Res =  0.4888E-01
 Side 1  free  transition at x/c =  0.4707   41
 Side 2  free  transition at x/c =  0.0277   17

  34   rms: 0.6996E+03   max: 0.1895E+05   C at  101  2   RLX: 0.000
       a =  0.000      CL = -0.1250
      Cm =  0.0573     CD =  0.06705   =>   CDf =  0.00345    CDp =  0.06360

 MRCHDU: Convergence failed at 102  side 2    Res =  0.4833E-01
 Side 1  free  transition at x/c =  0.4708   41
 Side 2  free  transition at x/c =  0.0277   17

  35   rms: 0.1947E+03   max: -.5248E+04   C at  101  2   RLX: 0.000
       a =  0.000      CL = -0.1248
      Cm =  0.0573     CD =  0.06399   =>   CDf =  0.00345    CDp =  0.06054

 MRCHDU: Convergence failed at 102  side 2    Res =  0.4937E-01
 Side 1  free  transition at x/c =  0.4708   41
 Side 2  free  transition at x/c =  0.0277   17

  36   rms: 0.1509E+04   max: -.4082E+05   C at  101  2   RLX: 0.000
       a =  0.000      CL = -0.1247
      Cm =  0.0573     CD =  0.06230   =>   CDf =  0.00345    CDp =  0.05885

 MRCHDU: Convergence failed at 102  side 2    Res =  0.4960E-01
 Side 1  free  transition at x/c =  0.4707   41
 Side 2  free  transition at x/c =  0.0277   17

  37   rms: 0.6806E+03   max: 0.1845E+05   C at  101  2   RLX: 0.000
       a =  0.000      CL = -0.1249
      Cm =  0.0573     CD =  0.06741   =>   CDf =  0.00345    CDp =  0.06396

 MRCHDU: Convergence failed at 102  side 2    Res =  0.4902E-01
 Side 1  free  transition at x/c =  0.4708   41
 Side 2  free  transition at x/c =  0.0277   17

  38   rms: 0.2332E+03   max: -.6292E+04   C at  101  2   RLX: 0.000
       a =  0.000      CL = -0.1247
      Cm =  0.0573     CD =  0.06448   =>   CDf =  0.00345    CDp =  0.06103

 MRCHDU: Convergence failed at 102  side 2    Res =  0.5003E-01
 Side 1  free  transition at x/c =  0.4707   41
 Side 2  free  transition at x/c =  0.0277   17

  39   rms: 0.2593E+04   max: -.7021E+05   C at  101  2   RLX: 0.000
       a =  0.000      CL = -0.1246
      Cm =  0.0573     CD =  0.06285   =>   CDf =  0.00345    CDp =  0.05940

 MRCHDU: Convergence failed at 102  side 2    Res =  0.5030E-01
 Side 1  free  transition at x/c =  0.4707   41
 Side 2  free  transition at x/c =  0.0277   17

  40   rms: 0.6703E+03   max: 0.1817E+05   C at  101  2   RLX: 0.000
       a =  0.000      CL = -0.1248
      Cm =  0.0572     CD =  0.06777   =>   CDf =  0.00345    CDp =  0.06432

 MRCHDU: Convergence failed at 102  side 2    Res =  0.4968E-01
 Side 1  free  transition at x/c =  0.4708   41
 Side 2  free  transition at x/c =  0.0277   17

  41   rms: 0.2752E+03   max: -.7429E+04   C at  101  2   RLX: 0.000
       a =  0.000      CL = -0.1246
      Cm =  0.0572     CD =  0.06493   =>   CDf =  0.00345    CDp =  0.06148

 MRCHDU: Convergence failed at 102  side 2    Res =  0.5068E-01
 Side 1  free  transition at x/c =  0.4707   41
 Side 2  free  transition at x/c =  0.0277   17

  42   rms: 0.5763E+04   max: -.1561E+06   C at  101  2   RLX: 0.000
       a =  0.000      CL = -0.1245
      Cm =  0.0573     CD =  0.06336   =>   CDf =  0.00345    CDp =  0.05991

 MRCHDU: Convergence failed at 102  side 2    Res =  0.5098E-01
 Side 1  free  transition at x/c =  0.4707   41
 Side 2  free  transition at x/c =  0.0277   17

  43   rms: 0.6650E+03   max: 0.1804E+05   C at  101  2   RLX: 0.000
       a =  0.000      CL = -0.1246
      Cm =  0.0572     CD =  0.06813   =>   CDf =  0.00345    CDp =  0.06468

 MRCHDU: Convergence failed at 102  side 2    Res =  0.5030E-01
 Side 1  free  transition at x/c =  0.4708   41
 Side 2  free  transition at x/c =  0.0277   17

  44   rms: 0.3203E+03   max: -.8652E+04   C at  101  2   RLX: 0.000
       a =  0.000      CL = -0.1245
      Cm =  0.0572     CD =  0.06537   =>   CDf =  0.00345    CDp =  0.06192

 MRCHDU: Convergence failed at 102  side 2    Res =  0.5131E-01
 Side 1  free  transition at x/c =  0.4707   41
 Side 2  free  transition at x/c =  0.0277   17

  45   rms: 0.1439E+06   max: -.3899E+07   C at  101  2   RLX: 0.000
       a =  0.000      CL = -0.1244
      Cm =  0.0572     CD =  0.06384   =>   CDf =  0.00345    CDp =  0.06039

 MRCHDU: Convergence failed at 102  side 2    Res =  0.5166E-01
 Side 1  free  transition at x/c =  0.4707   41
 Side 2  free  transition at x/c =  0.0277   17

  46   rms: 0.6627E+03   max: 0.1798E+05   C at  101  2   RLX: 0.000
       a =  0.000      CL = -0.1245
      Cm =  0.0572     CD =  0.06848   =>   CDf =  0.00345    CDp =  0.06503

 MRCHDU: Convergence failed at 102  side 2    Res =  0.5090E-01
 Side 1  free  transition at x/c =  0.4708   41
 Side 2  free  transition at x/c =  0.0277   17

  47   rms: 0.3697E+03   max: -.9992E+04   C at  101  2   RLX: 0.000
       a =  0.000      CL = -0.1244
      Cm =  0.0572     CD =  0.06578   =>   CDf =  0.00345    CDp =  0.06233

 MRCHDU: Convergence failed at 102  side 2    Res =  0.5193E-01
 Side 1  free  transition at x/c =  0.4707   41
 Side 2  free  transition at x/c =  0.0277   17

  48   rms: 0.7863E+04   max: 0.2131E+06   C at  101  2   RLX: 0.000
       a =  0.000      CL = -0.1246
      Cm =  0.0572     CD =  0.07140   =>   CDf =  0.00345    CDp =  0.06796

 MRCHDU: Convergence failed at 102  side 2    Res =  0.4993E-01
 Side 1  free  transition at x/c =  0.4708   41
 Side 2  free  transition at x/c =  0.0277   17

  49   rms: 0.1348E+03   max: -.3629E+04   C at  101  2   RLX: 0.000
       a =  0.000      CL = -0.1244
      Cm =  0.0572     CD =  0.06782   =>   CDf =  0.00345    CDp =  0.06437

 MRCHDU: Convergence failed at 102  side 2    Res =  0.5213E-01
 Side 1  free  transition at x/c =  0.4707   41
 Side 2  free  transition at x/c =  0.0277   17

  50   rms: 0.5356E+03   max: -.1449E+05   C at  101  2   RLX: 0.000
       a =  0.000      CL = -0.1243
      Cm =  0.0572     CD =  0.06622   =>   CDf =  0.00345    CDp =  0.06277

 MRCHDU: Convergence failed at 102  side 2    Res =  0.5318E-01
 Side 1  free  transition at x/c =  0.4707   41
 Side 2  free  transition at x/c =  0.0277   17

  51   rms: 0.2269E+04   max: 0.6152E+05   C at  101  2   RLX: 0.000
       a =  0.000      CL = -0.1245
      Cm =  0.0572     CD =  0.07155   =>   CDf =  0.00345    CDp =  0.06810

 MRCHDU: Convergence failed at 102  side 2    Res =  0.5112E-01
 Side 1  free  transition at x/c =  0.4708   41
 Side 2  free  transition at x/c =  0.0277   17

  52   rms: 0.1720E+03   max: -.4636E+04   C at  101  2   RLX: 0.000
       a =  0.000      CL = -0.1243
      Cm =  0.0572     CD =  0.06815   =>   CDf =  0.00345    CDp =  0.06471

 MRCHDU: Convergence failed at 102  side 2    Res =  0.4992E-01
 Side 1  free  transition at x/c =  0.4707   41
 Side 2  free  transition at x/c =  0.0277   17

  53   rms: 0.7524E+03   max: -.2037E+05   C at  101  2   RLX: 0.000
       a =  0.000      CL = -0.1242
      Cm =  0.0572     CD =  0.06629   =>   CDf =  0.00345    CDp =  0.06284

 MRCHDU: Convergence failed at 102  side 2    Res =  0.2027E+00
 Side 1  free  transition at x/c =  0.4707   41
 Side 2  free  transition at x/c =  0.0277   17

  54   rms: 0.1175E+03   max: 0.1265E+04   C at  102  2   RLX: 0.001
       a =  0.000      CL = -0.1236
      Cm =  0.0570     CD =  0.03588   =>   CDf =  0.00345    CDp =  0.03243

 Side 1  free  transition at x/c =  0.4707   41
 Side 2  free  transition at x/c =  0.0277   17

  55   rms: 0.3726E+02   max: 0.8085E+03   C at  101  2   RLX: 0.002
       a =  0.000      CL = -0.1228
      Cm =  0.0566     CD =  0.06005   =>   CDf =  0.00345    CDp =  0.05660

 Side 1  free  transition at x/c =  0.4708   41
 Side 2  free  transition at x/c =  0.0277   17

  56   rms: 0.1307E+03   max: -.3015E+04   C at  101  2   RLX: 0.000
       a =  0.000      CL = -0.1223
      Cm =  0.0566     CD =  0.05248   =>   CDf =  0.00344    CDp =  0.04903

 Side 1  free  transition at x/c =  0.4707   41
 Side 2  free  transition at x/c =  0.0277   17

  57   rms: 0.4540E+02   max: 0.1026E+04   C at  101  2   RLX: 0.001
       a =  0.000      CL = -0.1219
      Cm =  0.0563     CD =  0.06808   =>   CDf =  0.00345    CDp =  0.06463

 Side 1  free  transition at x/c =  0.4708   41
 Side 2  free  transition at x/c =  0.0277   17

  58   rms: 0.9744E+02   max: -.2166E+04   C at  101  2   RLX: 0.000
       a =  0.000      CL = -0.1213
      Cm =  0.0564     CD =  0.05763   =>   CDf =  0.00344    CDp =  0.05419

 Side 1  free  transition at x/c =  0.4707   41
 Side 2  free  transition at x/c =  0.0277   17

  59   rms: 0.2578E+02   max: 0.5715E+03   C at  101  2   RLX: 0.003
       a =  0.000      CL = -0.1202
      Cm =  0.0559     CD =  0.07711   =>   CDf =  0.00345    CDp =  0.07366

 Side 1  free  transition at x/c =  0.4707   41
 Side 2  free  transition at x/c =  0.0277   17

  60   rms: 0.1238E+05   max: -.2612E+06   C at  101  2   RLX: 0.000
       a =  0.000      CL = -0.1197
      Cm =  0.0560     CD =  0.06317   =>   CDf =  0.00344    CDp =  0.05973

 Side 1  free  transition at x/c =  0.4706   41
 Side 2  free  transition at x/c =  0.0277   17

  61   rms: 0.1447E+02   max: 0.3034E+03   C at  101  2   RLX: 0.005
       a =  0.000      CL = -0.1171
      Cm =  0.0552     CD =  0.08702   =>   CDf =  0.00344    CDp =  0.08357

 Side 1  free  transition at x/c =  0.4706   41
 Side 2  free  transition at x/c =  0.0277   17

  62   rms: 0.3860E+02   max: 0.7872E+03   C at  101  2   RLX: 0.002
       a =  0.000      CL = -0.1178
      Cm =  0.0546     CD =  0.12582   =>   CDf =  0.00344    CDp =  0.12238

 Side 1  free  transition at x/c =  0.4709   41
 Side 2  free  transition at x/c =  0.0277   17

  63   rms: 0.6611E+01   max: -.5510E+02   C at  102  2   RLX: 0.009
       a =  0.000      CL = -0.1088
      Cm =  0.0542     CD =  0.06744   =>   CDf =  0.00343    CDp =  0.06401

 MRCHDU: Convergence failed at  99  side 2    Res =  0.1898E-01
 MRCHDU: Convergence failed at 100  side 2    Res =  0.2970E-01
 Side 1  free  transition at x/c =  0.4700   41
 Side 2  free  transition at x/c =  0.0277   17

  64   rms: 0.1824E+02   max: 0.3096E+03   C at  101  2   RLX: 0.005
       a =  0.000      CL = -0.1110
      Cm =  0.0551     CD =  0.20381   =>   CDf =  0.00345    CDp =  0.20037

 MRCHDU: Convergence failed at  99  side 2    Res =  0.3458E-01
 MRCHDU: Convergence failed at 100  side 2    Res =  0.2772E-01
 Side 1  free  transition at x/c =  0.4697   41
 Side 2  free  transition at x/c =  0.0277   17

  65   rms: 0.8419E+01   max: 0.6936E+02   T at  103  2   RLX: 0.022
       a =  0.000      CL = -0.0991
      Cm =  0.0519     CD =  0.49050   =>   CDf =  0.00344    CDp =  0.48705

 Side 1  free  transition at x/c =  0.4692   41
 Side 2  free  transition at x/c =  0.0277   17

  66   rms: 0.2445E+01   max: 0.1486E+02   C at   99  2   RLX: 0.052
       a =  0.000      CL = -0.0548
      Cm =  0.0465     CD =  0.25682   =>   CDf =  0.00344    CDp =  0.25338

 MRCHDU: Convergence failed at  97  side 2    Res =  0.4872E-01
 MRCHDU: Convergence failed at  98  side 2    Res =  0.1655E-01
 Side 1  free  transition at x/c =  0.4642   42
 Side 2  free  transition at x/c =  0.0277   16

  67   rms: 0.5418E+01   max: -.8651E+02   T at    2  1   RLX: 0.006
       a =  0.000      CL = -0.0795
      Cm =  0.0541     CD =  0.32470   =>   CDf =  0.00346    CDp =  0.32123

 MRCHDU: Convergence failed at  97  side 2    Res =  0.8486E-01
 MRCHDU: Convergence failed at  98  side 2    Res =  0.1830E-01
 Side 1  free  transition at x/c =  0.4637   42
 Side 2  free  transition at x/c =  0.0277   16

  68   rms: 0.2599E+01   max: 0.1494E+02   T at  106  2   RLX: 0.064
       a =  0.000      CL = -0.0293
      Cm =  0.0477     CD =  0.51959   =>   CDf =  0.00346    CDp =  0.51613

 MRCHDU: Convergence failed at 106  side 2    Res =  0.5429E+01
 Side 1  free  transition at x/c =  0.4547   41
 Side 2  free  transition at x/c =  0.0277   16

  69   rms: 0.7891E+00   max: 0.5285E+01   T at   84  2   RLX: 0.186
       a =  0.000      CL =  0.0561
      Cm =  0.0249     CD =  0.10859   =>   CDf =  0.00342    CDp =  0.10516

 Side 1  free  transition at x/c =  0.4571   41
 Side 2  free  transition at x/c =  0.0277   16

  70   rms: 0.3640E+01   max: -.5205E+02   T at   97  2   RLX: 0.010
       a =  0.000      CL =  0.0492
      Cm =  0.0264     CD =  0.21216   =>   CDf =  0.00340    CDp =  0.20875

 MRCHDU: Convergence failed at  96  side 2    Res =  0.5280E-01
 MRCHDU: Convergence failed at  97  side 2    Res =  0.9638E-03
 MRCHDU: Convergence failed at  98  side 2    Res =  0.1225E-02
 Side 1  free  transition at x/c =  0.4571   41
 Side 2  free  transition at x/c =  0.0277   16

  71   rms: 0.2240E+01   max: 0.2908E+02   T at   97  2   RLX: 0.052
       a =  0.000      CL =  0.0720
      Cm =  0.0212     CD =  0.53474   =>   CDf =  0.00340    CDp =  0.53134

 MRCHDU: Convergence failed at  96  side 2    Res =  0.3350E-02
 MRCHDU: Convergence failed at  97  side 2    Res =  0.6061E-02
 MRCHDU: Convergence failed at  98  side 2    Res =  0.1784E-01
 Side 1  free  transition at x/c =  0.4551   41
 Side 2  free  transition at x/c =  0.0277   16

  72   rms: 0.1185E+01   max: 0.1046E+02   T at  106  2   RLX: 0.143
       a =  0.000      CL =  0.1311
      Cm =  0.0084     CD =  0.38519   =>   CDf =  0.00338    CDp =  0.38181

 MRCHDU: Convergence failed at 104  side 2    Res =  0.1499E+01
 MRCHDU: Convergence failed at 105  side 2    Res =  0.1322E+02
 MRCHDU: Convergence failed at 106  side 2    Res =  0.1357E+02
 Side 1  free  transition at x/c =  0.4477   40
 Side 2  free  transition at x/c =  0.0277   16

  73   rms: 0.1562E+01   max: -.1120E+02   C at   97  2   RLX: 0.045
       a =  0.000      CL =  0.1577
      Cm =  0.0015     CD =  0.09165   =>   CDf =  0.00332    CDp =  0.08834

 Side 1  free  transition at x/c =  0.4463   40
 Side 2  free  transition at x/c =  0.0277   16

  74   rms: 0.8626E+01   max: 0.6091E+02   C at   97  2   RLX: 0.017
       a =  0.000      CL =  0.1612
      Cm =  0.0000     CD =  0.23264   =>   CDf =  0.00331    CDp =  0.22934

 Side 1  free  transition at x/c =  0.4463   40
 Side 2  free  transition at x/c =  0.0277   16

  75   rms: 0.3700E+01   max: -.4450E+02   T at   96  2   RLX: 0.011
       a =  0.000      CL =  0.1663
      Cm = -0.0012     CD =  0.18219   =>   CDf =  0.00329    CDp =  0.17890

 Side 1  free  transition at x/c =  0.4462   40
 Side 2  free  transition at x/c =  0.0277   16

  76   rms: 0.3209E+01   max: -.3047E+02   T at   95  2   RLX: 0.016
       a =  0.000      CL =  0.1715
      Cm = -0.0024     CD =  0.23138   =>   CDf =  0.00329    CDp =  0.22809

 MRCHDU: Convergence failed at  98  side 2    Res =  0.8787E-01
 Side 1  free  transition at x/c =  0.4458   40
 Side 2  free  transition at x/c =  0.0277   16

  77   rms: 0.3482E+01   max: 0.3191E+02   T at  106  2   RLX: 0.026
       a =  0.000      CL =  0.1763
      Cm = -0.0036     CD =  0.35757   =>   CDf =  0.00329    CDp =  0.35428

 MRCHDU: Convergence failed at 104  side 2    Res =  0.1132E+01
 MRCHDU: Convergence failed at 105  side 2    Res =  0.2076E+01
 MRCHDU: Convergence failed at 106  side 2    Res =  0.2634E+01
 Side 1  free  transition at x/c =  0.4444   40
 Side 2  free  transition at x/c =  0.0277   16

  78   rms: 0.2076E+01   max: 0.3439E+02   T at   95  2   RLX: 0.044
       a =  0.000      CL =  0.1911
      Cm = -0.0056     CD =  0.18473   =>   CDf =  0.00326    CDp =  0.18147

 Side 1  free  transition at x/c =  0.4405   40
 Side 2  free  transition at x/c =  0.0277   16

  79   rms: 0.1690E+01   max: 0.1367E+02   C at   98  2   RLX: 0.085
       a =  0.000      CL =  0.2112
      Cm = -0.0091     CD =  0.16888   =>   CDf =  0.00324    CDp =  0.16564

 MRCHDU: Convergence failed at  80  side 2    Res =  0.3011E-03
 MRCHDU: Convergence failed at  81  side 2    Res =  0.2390E-01
 MRCHDU: Convergence failed at  82  side 2    Res =  0.7092E-02
 MRCHDU: Convergence failed at  83  side 2    Res =  0.2493E-02
 MRCHDU: Convergence failed at 105  side 2    Res =  0.1761E+01
 MRCHDU: Convergence failed at 106  side 2    Res =  0.2764E+01
 Side 1  free  transition at x/c =  0.4348   40
 Side 2  free  transition at x/c =  0.0277   16

  80   rms: 0.2174E+01   max: -.3572E+02   T at   96  2   RLX: 0.014
       a =  0.000      CL =  0.2183
      Cm = -0.0110     CD =  0.22563   =>   CDf =  0.00321    CDp =  0.22243

 MRCHDU: Convergence failed at  81  side 2    Res =  0.1862E-01
 MRCHDU: Convergence failed at  82  side 2    Res =  0.6513E-02
 MRCHDU: Convergence failed at  83  side 2    Res =  0.2228E-02
 Side 1  free  transition at x/c =  0.4344   40
 Side 2  free  transition at x/c =  0.0277   16

  81   rms: 0.6967E+00   max: -.7812E+01   T at   97  2   RLX: 0.064
       a =  0.000      CL =  0.2343
      Cm = -0.0140     CD =  0.25789   =>   CDf =  0.00321    CDp =  0.25468

 MRCHDU: Convergence failed at  81  side 2    Res =  0.2300E-01
 MRCHDU: Convergence failed at  82  side 2    Res =  0.8126E-02
 MRCHDU: Convergence failed at  83  side 2    Res =  0.2771E-02
 Side 1  free  transition at x/c =  0.4317   39
 Side 2  free  transition at x/c =  0.0277   16

  82   rms: 0.9614E+00   max: -.1144E+02   T at   96  2   RLX: 0.044
       a =  0.000      CL =  0.2471
      Cm = -0.0168     CD =  0.24786   =>   CDf =  0.00319    CDp =  0.24468

 MRCHDU: Convergence failed at  81  side 2    Res =  0.1597E-01
 MRCHDU: Convergence failed at  82  side 2    Res =  0.7692E-02
 MRCHDU: Convergence failed at  83  side 2    Res =  0.2526E-02
 Side 1  free  transition at x/c =  0.4301   39
 Side 2  free  transition at x/c =  0.0277   16

  83   rms: 0.8054E+00   max: -.7568E+01   T at   96  2   RLX: 0.066
       a =  0.000      CL =  0.2640
      Cm = -0.0202     CD =  0.24703   =>   CDf =  0.00318    CDp =  0.24385

 MRCHDU: Convergence failed at  81  side 2    Res =  0.7306E-02
 MRCHDU: Convergence failed at  82  side 2    Res =  0.7346E-02
 MRCHDU: Convergence failed at  83  side 2    Res =  0.2282E-02
 Side 1  free  transition at x/c =  0.4274   39
 Side 2  free  transition at x/c =  0.0277   16

  84   rms: 0.2277E+01   max: 0.3709E+02   T at   97  2   RLX: 0.020
       a =  0.000      CL =  0.2703
      Cm = -0.0217     CD =  0.37406   =>   CDf =  0.00317    CDp =  0.37090

 MRCHDU: Convergence failed at  82  side 2    Res =  0.2751E-02
 MRCHDU: Convergence failed at  83  side 2    Res =  0.1781E-02
 Side 1  free  transition at x/c =  0.4270   39
 Side 2  free  transition at x/c =  0.0277   16

  85   rms: 0.7857E+01   max: -.1202E+03   T at   95  2   RLX: 0.004
       a =  0.000      CL =  0.2724
      Cm = -0.0223     CD =  0.34422   =>   CDf =  0.00317    CDp =  0.34105

 Side 1  free  transition at x/c =  0.4271   39
 Side 2  free  transition at x/c =  0.0277   16

  86   rms: 0.4384E+01   max: 0.8500E+02   T at   95  2   RLX: 0.018
       a =  0.000      CL =  0.2735
      Cm = -0.0221     CD =  0.42784   =>   CDf =  0.00317    CDp =  0.42467

 MRCHDU: Convergence failed at  81  side 2    Res =  0.1453E-01
 MRCHDU: Convergence failed at  82  side 2    Res =  0.7432E-02
 MRCHDU: Convergence failed at  83  side 2    Res =  0.2222E-02
 Side 1  free  transition at x/c =  0.4255   39
 Side 2  free  transition at x/c =  0.0277   16

  87   rms: 0.2124E+01   max: -.2517E+02   T at   95  2   RLX: 0.020
       a =  0.000      CL =  0.2792
      Cm = -0.0234     CD =  0.34256   =>   CDf =  0.00315    CDp =  0.33940

 MRCHDU: Convergence failed at  81  side 2    Res =  0.7461E-02
 MRCHDU: Convergence failed at  82  side 2    Res =  0.6645E-02
 MRCHDU: Convergence failed at  83  side 2    Res =  0.1901E-02
 Side 1  free  transition at x/c =  0.4249   39
 Side 2  free  transition at x/c =  0.0277   16

  88   rms: 0.9074E+01   max: 0.1726E+03   T at   95  2   RLX: 0.009
       a =  0.000      CL =  0.2781
      Cm = -0.0229     CD =  0.52303   =>   CDf =  0.00316    CDp =  0.51987

 MRCHDU: Convergence failed at  81  side 2    Res =  0.2666E-01
 MRCHDU: Convergence failed at  82  side 2    Res =  0.9333E-02
 MRCHDU: Convergence failed at  83  side 2    Res =  0.2824E-02
 Side 1  free  transition at x/c =  0.4237   39
 Side 2  free  transition at x/c =  0.0277   16

  89   rms: 0.2306E+01   max: -.2973E+02   T at   95  2   RLX: 0.017
       a =  0.000      CL =  0.2831
      Cm = -0.0240     CD =  0.40242   =>   CDf =  0.00314    CDp =  0.39928

 MRCHDU: Convergence failed at  81  side 2    Res =  0.1844E-01
 MRCHDU: Convergence failed at  82  side 2    Res =  0.8031E-02
 MRCHDU: Convergence failed at  83  side 2    Res =  0.2333E-02
 Side 1  free  transition at x/c =  0.4234   39
 Side 2  free  transition at x/c =  0.0277   16

  90   rms: 0.4483E+01   max: -.4466E+02   T at   95  2   RLX: 0.011
       a =  0.000      CL =  0.2870
      Cm = -0.0249     CD =  0.41557   =>   CDf =  0.00315    CDp =  0.41243

 MRCHDU: Convergence failed at  81  side 2    Res =  0.1281E-01
 MRCHDU: Convergence failed at  82  side 2    Res =  0.7289E-02
 MRCHDU: Convergence failed at  83  side 2    Res =  0.2053E-02
 Side 1  free  transition at x/c =  0.4232   39
 Side 2  free  transition at x/c =  0.0277   16

  91   rms: 0.6661E+01   max: -.1338E+03   T at   95  2   RLX: 0.004
       a =  0.000      CL =  0.2886
      Cm = -0.0253     CD =  0.51547   =>   CDf =  0.00315    CDp =  0.51232

 MRCHDU: Convergence failed at  81  side 2    Res =  0.7916E-02
 MRCHDU: Convergence failed at  82  side 2    Res =  0.6627E-02
 MRCHDU: Convergence failed at  83  side 2    Res =  0.1811E-02
 MRCHDU: Convergence failed at  98  side 2    Res =  0.5120E-02
 Side 1  free  transition at x/c =  0.4233   39
 Side 2  free  transition at x/c =  0.0277   16

  92   rms: 0.1490E+01   max: 0.1118E+02   C at   98  2   RLX: 0.097
       a =  0.000      CL =  0.3032
      Cm = -0.0279     CD =  0.76996   =>   CDf =  0.00315    CDp =  0.76681

 MRCHDU: Convergence failed at  82  side 2    Res =  0.4462E-02
 MRCHDU: Convergence failed at  83  side 2    Res =  0.1649E-02
 MRCHDU: Convergence failed at 104  side 2    Res =  0.9030E+00
 MRCHDU: Convergence failed at 105  side 2    Res =  0.4059E+01
 MRCHDU: Convergence failed at 106  side 2    Res =  0.4954E+01
 Side 1  free  transition at x/c =  0.4187   39
 Side 2  free  transition at x/c =  0.0278   16

  93   rms: 0.3078E+01   max: 0.2743E+02   C at   98  2   RLX: 0.055
       a =  0.000      CL =  0.3122
      Cm = -0.0298     CD =  0.92269   =>   CDf =  0.00313    CDp =  0.91956

 MRCHDU: Convergence failed at 105  side 2    Res =  0.9071E+01
 MRCHDU: Convergence failed at 106  side 2    Res =  0.2919E+01
 Side 1  free  transition at x/c =  0.4169   38
 Side 2  free  transition at x/c =  0.0278   16

  94   rms: 0.1874E+01   max: -.2193E+02   T at   97  2   RLX: 0.023
       a =  0.000      CL =  0.3174
      Cm = -0.0310     CD =  0.87368   =>   CDf =  0.00311    CDp =  0.87057

 Side 1  free  transition at x/c =  0.4164   38
 Side 2  free  transition at x/c =  0.0278   16

  95   rms: 0.2437E+01   max: -.3793E+02   T at   97  2   RLX: 0.013
       a =  0.000      CL =  0.3202
      Cm = -0.0317     CD =  0.84998   =>   CDf =  0.00311    CDp =  0.84688

 Side 1  free  transition at x/c =  0.4162   38
 Side 2  free  transition at x/c =  0.0278   16

  96   rms: 0.3371E+01   max: -.6949E+02   T at   97  2   RLX: 0.007
       a =  0.000      CL =  0.3219
      Cm = -0.0321     CD =  0.87843   =>   CDf =  0.00311    CDp =  0.87532

 Side 1  free  transition at x/c =  0.4161   38
 Side 2  free  transition at x/c =  0.0278   16

  97   rms: 0.8006E+01   max: -.1960E+03   T at   97  2   RLX: 0.003
       a =  0.000      CL =  0.3226
      Cm = -0.0323     CD =  0.90559   =>   CDf =  0.00311    CDp =  0.90248

 Side 1  free  transition at x/c =  0.4161   38
 Side 2  free  transition at x/c =  0.0278   16

  98   rms: 0.1017E+02   max: -.2492E+03   T at   97  2   RLX: 0.002
       a =  0.000      CL =  0.3230
      Cm = -0.0324     CD =  0.93512   =>   CDf =  0.00311    CDp =  0.93201

 Side 1  free  transition at x/c =  0.4161   38
 Side 2  free  transition at x/c =  0.0278   16

  99   rms: 0.1040E+02   max: -.2245E+03   T at   97  2   RLX: 0.002
       a =  0.000      CL =  0.3235
      Cm = -0.0326     CD =  1.00291   =>   CDf =  0.00311    CDp =  0.99980

 Side 1  free  transition at x/c =  0.4162   38
 Side 2  free  transition at x/c =  0.0278   16

 100   rms: 0.2618E+02   max: -.3299E+03   T at   97  2   RLX: 0.002
       a =  0.000      CL =  0.3236
      Cm = -0.0330     CD =  1.21783   =>   CDf =  0.00311    CDp =  1.21472

 Side 1  free  transition at x/c =  0.4167   38
 Side 2  free  transition at x/c =  0.0278   16

 101   rms: 0.1054E+02   max: -.5736E+02   C at   85  2   RLX: 0.009
       a =  0.000      CL =  0.3233
      Cm = -0.0340     CD =  1.86912   =>   CDf =  0.00311    CDp =  1.86601

 Side 1  free  transition at x/c =  0.4180   38
 Side 2  free  transition at x/c =  0.0278   16

 102   rms: 0.7758E+02   max: -.9193E+03   C at   83  2   RLX: 0.001
       a =  0.000      CL =  0.3227
      Cm = -0.0340     CD =  0.88942   =>   CDf =  0.00311    CDp =  0.88631

 Side 1  free  transition at x/c =  0.4175   38
 Side 2  free  transition at x/c =  0.0278   16

 103   rms: 0.2061E+04   max: -.2910E+05   C at   83  2   RLX: 0.000
       a =  0.000      CL =  0.3225
      Cm = -0.0340     CD =  0.89471   =>   CDf =  0.00311    CDp =  0.89159

 Side 1  free  transition at x/c =  0.4176   38
 Side 2  free  transition at x/c =  0.0277   16

 104   rms: 0.1038E+04   max: 0.1562E+05   C at   83  2   RLX: 0.000
       a =  0.000      CL =  0.3226
      Cm = -0.0339     CD =  0.88705   =>   CDf =  0.00311    CDp =  0.88394

 Side 1  free  transition at x/c =  0.4175   38
 Side 2  free  transition at x/c =  0.0278   16

 105   rms: 0.4646E+03   max: -.6195E+04   C at   83  2   RLX: 0.000
       a =  0.000      CL =  0.3225
      Cm = -0.0340     CD =  0.89913   =>   CDf =  0.00311    CDp =  0.89601

 Side 1  free  transition at x/c =  0.4175   38
 Side 2  free  transition at x/c =  0.0278   16

 106   rms: 0.1160E+04   max: 0.1720E+05   C at   83  2   RLX: 0.000
       a =  0.000      CL =  0.3227
      Cm = -0.0339     CD =  0.88784   =>   CDf =  0.00311    CDp =  0.88473

 Side 1  free  transition at x/c =  0.4174   38
 Side 2  free  transition at x/c =  0.0278   16

 107   rms: 0.2748E+03   max: -.3417E+04   C at   83  2   RLX: 0.000
       a =  0.000      CL =  0.3226
      Cm = -0.0340     CD =  0.90556   =>   CDf =  0.00311    CDp =  0.90245

 Side 1  free  transition at x/c =  0.4175   38
 Side 2  free  transition at x/c =  0.0278   16

 108   rms: 0.7778E+03   max: 0.1149E+05   C at   83  2   RLX: 0.000
       a =  0.000      CL =  0.3228
      Cm = -0.0339     CD =  0.89167   =>   CDf =  0.00311    CDp =  0.88855

 Side 1  free  transition at x/c =  0.4174   38
 Side 2  free  transition at x/c =  0.0278   16

 109   rms: 0.3219E+03   max: -.3770E+04   C at   82  2   RLX: 0.000
       a =  0.000      CL =  0.3226
      Cm = -0.0340     CD =  0.91372   =>   CDf =  0.00311    CDp =  0.91061

 Side 1  free  transition at x/c =  0.4176   38
 Side 2  free  transition at x/c =  0.0278   16

 110   rms: 0.4493E+03   max: 0.6698E+04   C at   83  2   RLX: 0.000
       a =  0.000      CL =  0.3229
      Cm = -0.0339     CD =  0.90011   =>   CDf =  0.00311    CDp =  0.89699

 Side 1  free  transition at x/c =  0.4174   38
 Side 2  free  transition at x/c =  0.0278   16

 111   rms: 0.2512E+04   max: 0.2907E+05   C at   82  2   RLX: 0.000
       a =  0.000      CL =  0.3235
      Cm = -0.0337     CD =  0.83966   =>   CDf =  0.00311    CDp =  0.83655

 Side 1  free  transition at x/c =  0.4170   38
 Side 2  free  transition at x/c =  0.0278   16

 112   rms: 0.1887E+03   max: 0.1389E+04   C at   98  2   RLX: 0.001
       a =  0.000      CL =  0.3224
      Cm = -0.0341     CD =  0.85755   =>   CDf =  0.00312    CDp =  0.85443

 Side 1  free  transition at x/c =  0.4177   38
 Side 2  free  transition at x/c =  0.0277   16

 113   rms: 0.1563E+02   max: -.1429E+03   T at   83  2   RLX: 0.003
       a =  0.000      CL =  0.3227
      Cm = -0.0343     CD =  1.03798   =>   CDf =  0.00311    CDp =  1.03486

 Side 1  free  transition at x/c =  0.4179   38
 Side 2  free  transition at x/c =  0.0277   16

 114   rms: 0.2121E+03   max: 0.1765E+04   T at   83  2   RLX: 0.001
       a =  0.000      CL =  0.3241
      Cm = -0.0337     CD =  0.89871   =>   CDf =  0.00311    CDp =  0.89560

 Side 1  free  transition at x/c =  0.4168   38
 Side 2  free  transition at x/c =  0.0278   16

 115   rms: 0.1543E+03   max: 0.1121E+04   C at   98  2   RLX: 0.001
       a =  0.000      CL =  0.3217
      Cm = -0.0340     CD =  0.78403   =>   CDf =  0.00312    CDp =  0.78092

 Side 1  free  transition at x/c =  0.4177   38
 Side 2  free  transition at x/c =  0.0277   16

 116   rms: 0.4413E+02   max: -.3914E+03   T at   83  2   RLX: 0.001
       a =  0.000      CL =  0.3212
      Cm = -0.0341     CD =  0.87350   =>   CDf =  0.00311    CDp =  0.87038

 Side 1  free  transition at x/c =  0.4179   38
 Side 2  free  transition at x/c =  0.0277   16

 117   rms: 0.2691E+02   max: 0.2201E+03   T at   83  2   RLX: 0.007
       a =  0.000      CL =  0.3252
      Cm = -0.0333     CD =  0.77853   =>   CDf =  0.00311    CDp =  0.77542

 MRCHDU: Convergence failed at  80  side 2    Res =  0.2348E-02
 MRCHDU: Convergence failed at  81  side 2    Res =  0.1748E-01
 MRCHDU: Convergence failed at  82  side 2    Res =  0.4945E-02
 MRCHDU: Convergence failed at  83  side 2    Res =  0.1750E-03
 Side 1  free  transition at x/c =  0.4160   38
 Side 2  free  transition at x/c =  0.0278   16

 118   rms: 0.5070E+01   max: -.4373E+02   T at   83  2   RLX: 0.011
       a =  0.000      CL =  0.3246
      Cm = -0.0331     CD =  0.82182   =>   CDf =  0.00312    CDp =  0.81870

 MRCHDU: Convergence failed at  81  side 2    Res =  0.8847E-02
 MRCHDU: Convergence failed at  82  side 2    Res =  0.3965E-02
 MRCHDU: Convergence failed at  83  side 2    Res =  0.7677E-04
 Side 1  free  transition at x/c =  0.4159   38
 Side 2  free  transition at x/c =  0.0278   16

 119   rms: 0.1978E+02   max: -.1604E+03   T at   83  2   RLX: 0.003
       a =  0.000      CL =  0.3254
      Cm = -0.0334     CD =  0.81319   =>   CDf =  0.00312    CDp =  0.81007

 Side 1  free  transition at x/c =  0.4161   38
 Side 2  free  transition at x/c =  0.0278   16

 120   rms: 0.2408E+02   max: -.1852E+03   T at   83  2   RLX: 0.003
       a =  0.000      CL =  0.3258
      Cm = -0.0338     CD =  0.89078   =>   CDf =  0.00312    CDp =  0.88766

 Side 1  free  transition at x/c =  0.4165   38
 Side 2  free  transition at x/c =  0.0278   16

 121   rms: 0.1226E+03   max: -.1080E+04   C at   83  2   RLX: 0.000
       a =  0.000      CL =  0.3248
      Cm = -0.0343     CD =  0.93106   =>   CDf =  0.00312    CDp =  0.92794

 Side 1  free  transition at x/c =  0.4173   38
 Side 2  free  transition at x/c =  0.0278   16

 122   rms: 0.8390E+01   max: 0.6896E+02   C at   82  2   RLX: 0.016
       a =  0.000      CL =  0.3357
      Cm = -0.0328     CD =  0.92447   =>   CDf =  0.00310    CDp =  0.92137

 Side 1  free  transition at x/c =  0.4119   39
 Side 2  free  transition at x/c =  0.0278   15

 123   rms: 0.9282E+01   max: -.1020E+03   C at   82  2   RLX: 0.005
       a =  0.000      CL =  0.3274
      Cm = -0.0316     CD =  0.89191   =>   CDf =  0.00314    CDp =  0.88877

 Side 1  free  transition at x/c =  0.4127   39
 Side 2  free  transition at x/c =  0.0278   15

 124   rms: 0.3267E+02   max: -.3732E+03   C at   82  2   RLX: 0.001
       a =  0.000      CL =  0.3274
      Cm = -0.0318     CD =  0.89144   =>   CDf =  0.00314    CDp =  0.88829

 Side 1  free  transition at x/c =  0.4130   39
 Side 2  free  transition at x/c =  0.0278   15

 125   rms: 0.7506E+02   max: -.8521E+03   C at   82  2   RLX: 0.001
       a =  0.000      CL =  0.3273
      Cm = -0.0319     CD =  0.89096   =>   CDf =  0.00314    CDp =  0.88781

 Side 1  free  transition at x/c =  0.4132   39
 Side 2  free  transition at x/c =  0.0278   15

 126   rms: 0.1375E+03   max: -.1549E+04   C at   82  2   RLX: 0.000
       a =  0.000      CL =  0.3272
      Cm = -0.0319     CD =  0.89067   =>   CDf =  0.00314    CDp =  0.88753

 Side 1  free  transition at x/c =  0.4133   39
 Side 2  free  transition at x/c =  0.0278   15

 127   rms: 0.2183E+03   max: -.2447E+04   C at   82  2   RLX: 0.000
       a =  0.000      CL =  0.3271
      Cm = -0.0319     CD =  0.89046   =>   CDf =  0.00314    CDp =  0.88732

 Side 1  free  transition at x/c =  0.4133   39
 Side 2  free  transition at x/c =  0.0278   15

 128   rms: 0.3144E+03   max: -.3512E+04   C at   82  2   RLX: 0.000
       a =  0.000      CL =  0.3271
      Cm = -0.0320     CD =  0.89029   =>   CDf =  0.00314    CDp =  0.88715

 Side 1  free  transition at x/c =  0.4134   39
 Side 2  free  transition at x/c =  0.0278   15

 129   rms: 0.4248E+03   max: -.4737E+04   C at   82  2   RLX: 0.000
       a =  0.000      CL =  0.3271
      Cm = -0.0320     CD =  0.89014   =>   CDf =  0.00314    CDp =  0.88700

 Side 1  free  transition at x/c =  0.4134   39
 Side 2  free  transition at x/c =  0.0278   15

 130   rms: 0.5501E+03   max: -.6127E+04   C at   82  2   RLX: 0.000
       a =  0.000      CL =  0.3270
      Cm = -0.0320     CD =  0.89002   =>   CDf =  0.00314    CDp =  0.88687

 Side 1  free  transition at x/c =  0.4135   39
 Side 2  free  transition at x/c =  0.0278   15

 131   rms: 0.6911E+03   max: -.7691E+04   C at   82  2   RLX: 0.000
       a =  0.000      CL =  0.3270
      Cm = -0.0320     CD =  0.88991   =>   CDf =  0.00314    CDp =  0.88677

 Side 1  free  transition at x/c =  0.4135   39
 Side 2  free  transition at x/c =  0.0278   15

 132   rms: 0.8483E+03   max: -.9436E+04   C at   82  2   RLX: 0.000
       a =  0.000      CL =  0.3270
      Cm = -0.0320     CD =  0.88982   =>   CDf =  0.00314    CDp =  0.88667

 Side 1  free  transition at x/c =  0.4135   39
 Side 2  free  transition at x/c =  0.0278   15

 133   rms: 0.1022E+04   max: -.1136E+05   C at   82  2   RLX: 0.000
       a =  0.000      CL =  0.3270
      Cm = -0.0320     CD =  0.88974   =>   CDf =  0.00314    CDp =  0.88659

 Side 1  free  transition at x/c =  0.4135   39
 Side 2  free  transition at x/c =  0.0278   15

 134   rms: 0.1212E+04   max: -.1347E+05   C at   82  2   RLX: 0.000
       a =  0.000      CL =  0.3269
      Cm = -0.0320     CD =  0.88967   =>   CDf =  0.00314    CDp =  0.88653

 Side 1  free  transition at x/c =  0.4135   39
 Side 2  free  transition at x/c =  0.0278   15

 135   rms: 0.1418E+04   max: -.1577E+05   C at   82  2   RLX: 0.000
       a =  0.000      CL =  0.3269
      Cm = -0.0320     CD =  0.88961   =>   CDf =  0.00314    CDp =  0.88647

 Side 1  free  transition at x/c =  0.4135   39
 Side 2  free  transition at x/c =  0.0278   15

 136   rms: 0.1641E+04   max: -.1824E+05   C at   82  2   RLX: 0.000
       a =  0.000      CL =  0.3269
      Cm = -0.0320     CD =  0.88956   =>   CDf =  0.00314    CDp =  0.88641

 Side 1  free  transition at x/c =  0.4136   39
 Side 2  free  transition at x/c =  0.0278   15

 137   rms: 0.1880E+04   max: -.2089E+05   C at   82  2   RLX: 0.000
       a =  0.000      CL =  0.3269
      Cm = -0.0320     CD =  0.88951   =>   CDf =  0.00314    CDp =  0.88637

 Side 1  free  transition at x/c =  0.4136   39
 Side 2  free  transition at x/c =  0.0278   15

 138   rms: 0.2134E+04   max: -.2371E+05   C at   82  2   RLX: 0.000
       a =  0.000      CL =  0.3269
      Cm = -0.0320     CD =  0.88947   =>   CDf =  0.00314    CDp =  0.88633

 Side 1  free  transition at x/c =  0.4136   39
 Side 2  free  transition at x/c =  0.0278   15

 139   rms: 0.2404E+04   max: -.2671E+05   C at   82  2   RLX: 0.000
       a =  0.000      CL =  0.3269
      Cm = -0.0320     CD =  0.88943   =>   CDf =  0.00314    CDp =  0.88629

 Side 1  free  transition at x/c =  0.4136   39
 Side 2  free  transition at x/c =  0.0278   15

 140   rms: 0.2690E+04   max: -.2988E+05   C at   82  2   RLX: 0.000
       a =  0.000      CL =  0.3269
      Cm = -0.0320     CD =  0.88940   =>   CDf =  0.00314    CDp =  0.88626

 Side 1  free  transition at x/c =  0.4136   39
 Side 2  free  transition at x/c =  0.0278   15

 141   rms: 0.2991E+04   max: -.3323E+05   C at   82  2   RLX: 0.000
       a =  0.000      CL =  0.3269
      Cm = -0.0320     CD =  0.88937   =>   CDf =  0.00314    CDp =  0.88623

 Side 1  free  transition at x/c =  0.4136   39
 Side 2  free  transition at x/c =  0.0278   15

 142   rms: 0.3307E+04   max: -.3674E+05   C at   82  2   RLX: 0.000
       a =  0.000      CL =  0.3269
      Cm = -0.0320     CD =  0.88934   =>   CDf =  0.00314    CDp =  0.88620

 Side 1  free  transition at x/c =  0.4136   39
 Side 2  free  transition at x/c =  0.0278   15

 143   rms: 0.3639E+04   max: -.4042E+05   C at   82  2   RLX: 0.000
       a =  0.000      CL =  0.3269
      Cm = -0.0320     CD =  0.88932   =>   CDf =  0.00314    CDp =  0.88618

 Side 1  free  transition at x/c =  0.4136   39
 Side 2  free  transition at x/c =  0.0278   15

 144   rms: 0.3986E+04   max: -.4428E+05   C at   82  2   RLX: 0.000
       a =  0.000      CL =  0.3269
      Cm = -0.0320     CD =  0.88930   =>   CDf =  0.00314    CDp =  0.88616

 Side 1  free  transition at x/c =  0.4136   39
 Side 2  free  transition at x/c =  0.0278   15

 145   rms: 0.4348E+04   max: -.4830E+05   C at   82  2   RLX: 0.000
       a =  0.000      CL =  0.3269
      Cm = -0.0320     CD =  0.88928   =>   CDf =  0.00314    CDp =  0.88614

 Side 1  free  transition at x/c =  0.4136   39
 Side 2  free  transition at x/c =  0.0278   15

 146   rms: 0.4725E+04   max: -.5249E+05   C at   82  2   RLX: 0.000
       a =  0.000      CL =  0.3269
      Cm = -0.0320     CD =  0.88926   =>   CDf =  0.00314    CDp =  0.88612

 Side 1  free  transition at x/c =  0.4136   39
 Side 2  free  transition at x/c =  0.0278   15

 147   rms: 0.5118E+04   max: -.5685E+05   C at   82  2   RLX: 0.000
       a =  0.000      CL =  0.3269
      Cm = -0.0320     CD =  0.88924   =>   CDf =  0.00314    CDp =  0.88610

 MRCHDU: Convergence failed at  78  side 2    Res =  0.8464E-02
 MRCHDU: Convergence failed at  79  side 2    Res =  0.1948E-01
 MRCHDU: Convergence failed at  80  side 2    Res =  0.1176E-01
 MRCHDU: Convergence failed at  81  side 2    Res =  0.6684E-02
 MRCHDU: Convergence failed at  82  side 2    Res =  0.1194E-02
 Side 1  free  transition at x/c =  0.4136   39
 Side 2  free  transition at x/c =  0.0278   15

 148   rms: 0.5526E+04   max: -.6139E+05   C at   82  2   RLX: 0.000
       a =  0.000      CL =  0.3268
      Cm = -0.0320     CD =  0.88922   =>   CDf =  0.00314    CDp =  0.88608

 MRCHDU: Convergence failed at  77  side 2    Res =  0.2243E-01
 MRCHDU: Convergence failed at  78  side 2    Res =  0.3783E-01
 MRCHDU: Convergence failed at  79  side 2    Res =  0.1948E-01
 MRCHDU: Convergence failed at  80  side 2    Res =  0.1176E-01
 MRCHDU: Convergence failed at  81  side 2    Res =  0.6687E-02
 MRCHDU: Convergence failed at  82  side 2    Res =  0.1193E-02
 Side 1  free  transition at x/c =  0.4136   39
 Side 2  free  transition at x/c =  0.0278   15

 149   rms: 0.5949E+04   max: -.6609E+05   C at   82  2   RLX: 0.000
       a =  0.000      CL =  0.3268
      Cm = -0.0320     CD =  0.88921   =>   CDf =  0.00314    CDp =  0.88607

 MRCHDU: Convergence failed at  77  side 2    Res =  0.7413E-01
 MRCHDU: Convergence failed at  78  side 2    Res =  0.3785E-01
 MRCHDU: Convergence failed at  79  side 2    Res =  0.1949E-01
 MRCHDU: Convergence failed at  80  side 2    Res =  0.1176E-01
 MRCHDU: Convergence failed at  81  side 2    Res =  0.6689E-02
 MRCHDU: Convergence failed at  82  side 2    Res =  0.1192E-02
 Side 1  free  transition at x/c =  0.4136   39
 Side 2  free  transition at x/c =  0.0278   15

 150   rms: 0.6388E+04   max: -.7096E+05   C at   82  2   RLX: 0.000
       a =  0.000      CL =  0.3268
      Cm = -0.0321     CD =  0.88920   =>   CDf =  0.00314    CDp =  0.88605

 MRCHDU: Convergence failed at  77  side 2    Res =  0.1258E+00
 Side 1  free  transition at x/c =  0.4136   39
 Side 2  free  transition at x/c =  0.0278   15

 151   rms: 0.4716E+01   max: -.3630E+02   C at   82  2   RLX: 0.014
       a =  0.000      CL =  0.3234
      Cm = -0.0337     CD =  0.87885   =>   CDf =  0.00316    CDp =  0.87569

 Side 1  free  transition at x/c =  0.4169   38
 Side 2  free  transition at x/c =  0.0278   16

 152   rms: 0.2805E+03   max: -.3447E+04   C at   83  2   RLX: 0.000
       a =  0.000      CL =  0.3298
      Cm = -0.0361     CD =  0.87943   =>   CDf =  0.00314    CDp =  0.87629

 Side 1  free  transition at x/c =  0.4170   38
 Side 2  free  transition at x/c =  0.0278   16

 153   rms: 0.5040E+03   max: -.6171E+04   C at   83  2   RLX: 0.000
       a =  0.000      CL =  0.3294
      Cm = -0.0360     CD =  0.87957   =>   CDf =  0.00314    CDp =  0.87643

 Side 1  free  transition at x/c =  0.4171   38
 Side 2  free  transition at x/c =  0.0278   16

 154   rms: 0.7730E+03   max: -.9442E+04   C at   83  2   RLX: 0.000
       a =  0.000      CL =  0.3293
      Cm = -0.0360     CD =  0.87962   =>   CDf =  0.00314    CDp =  0.87648

 Side 1  free  transition at x/c =  0.4171   38
 Side 2  free  transition at x/c =  0.0278   16

 155   rms: 0.1107E+04   max: -.1350E+05   C at   83  2   RLX: 0.000
       a =  0.000      CL =  0.3292
      Cm = -0.0360     CD =  0.87964   =>   CDf =  0.00314    CDp =  0.87650

 Side 1  free  transition at x/c =  0.4172   38
 Side 2  free  transition at x/c =  0.0278   16

 156   rms: 0.1501E+04   max: -.1829E+05   C at   83  2   RLX: 0.000
       a =  0.000      CL =  0.3292
      Cm = -0.0361     CD =  0.87964   =>   CDf =  0.00314    CDp =  0.87650

 Side 1  free  transition at x/c =  0.4172   38
 Side 2  free  transition at x/c =  0.0278   16

 157   rms: 0.1956E+04   max: -.2382E+05   C at   83  2   RLX: 0.000
       a =  0.000      CL =  0.3292
      Cm = -0.0361     CD =  0.87962   =>   CDf =  0.00314    CDp =  0.87648

 Side 1  free  transition at x/c =  0.4172   38
 Side 2  free  transition at x/c =  0.0278   16

 158   rms: 0.2631E+04   max: -.3203E+05   C at   83  2   RLX: 0.000
       a =  0.000      CL =  0.3292
      Cm = -0.0361     CD =  0.87961   =>   CDf =  0.00314    CDp =  0.87647

 Side 1  free  transition at x/c =  0.4172   38
 Side 2  free  transition at x/c =  0.0278   16

 159   rms: 0.3254E+04   max: -.3962E+05   C at   83  2   RLX: 0.000
       a =  0.000      CL =  0.3291
      Cm = -0.0361     CD =  0.87959   =>   CDf =  0.00314    CDp =  0.87645

 Side 1  free  transition at x/c =  0.4172   38
 Side 2  free  transition at x/c =  0.0278   16

 160   rms: 0.3949E+04   max: -.4806E+05   C at   82  2   RLX: 0.000
       a =  0.000      CL =  0.3291
      Cm = -0.0361     CD =  0.87957   =>   CDf =  0.00314    CDp =  0.87643

 Side 1  free  transition at x/c =  0.4172   38
 Side 2  free  transition at x/c =  0.0278   16

 161   rms: 0.4713E+04   max: -.5736E+05   C at   82  2   RLX: 0.000
       a =  0.000      CL =  0.3291
      Cm = -0.0361     CD =  0.87956   =>   CDf =  0.00314    CDp =  0.87642

 Side 1  free  transition at x/c =  0.4172   38
 Side 2  free  transition at x/c =  0.0278   16

 162   rms: 0.5548E+04   max: -.6752E+05   C at   82  2   RLX: 0.000
       a =  0.000      CL =  0.3291
      Cm = -0.0361     CD =  0.87954   =>   CDf =  0.00314    CDp =  0.87640

 Side 1  free  transition at x/c =  0.4172   38
 Side 2  free  transition at x/c =  0.0278   16

 163   rms: 0.6457E+04   max: -.7858E+05   C at   82  2   RLX: 0.000
       a =  0.000      CL =  0.3291
      Cm = -0.0361     CD =  0.87953   =>   CDf =  0.00314    CDp =  0.87639

 Side 1  free  transition at x/c =  0.4173   38
 Side 2  free  transition at x/c =  0.0278   16

 164   rms: 0.7432E+04   max: -.9044E+05   C at   82  2   RLX: 0.000
       a =  0.000      CL =  0.3291
      Cm = -0.0361     CD =  0.87952   =>   CDf =  0.00314    CDp =  0.87638

 Side 1  free  transition at x/c =  0.4173   38
 Side 2  free  transition at x/c =  0.0278   16

 165   rms: 0.8476E+04   max: -.1031E+06   C at   82  2   RLX: 0.000
       a =  0.000      CL =  0.3291
      Cm = -0.0361     CD =  0.87951   =>   CDf =  0.00314    CDp =  0.87637

 Side 1  free  transition at x/c =  0.4173   38
 Side 2  free  transition at x/c =  0.0278   16

 166   rms: 0.9588E+04   max: -.1167E+06   C at   82  2   RLX: 0.000
       a =  0.000      CL =  0.3290
      Cm = -0.0361     CD =  0.87950   =>   CDf =  0.00314    CDp =  0.87636

 Side 1  free  transition at x/c =  0.4173   38
 Side 2  free  transition at x/c =  0.0278   16

 167   rms: 0.1077E+05   max: -.1310E+06   C at   82  2   RLX: 0.000
       a =  0.000      CL =  0.3290
      Cm = -0.0361     CD =  0.87949   =>   CDf =  0.00314    CDp =  0.87635

 Side 1  free  transition at x/c =  0.4173   38
 Side 2  free  transition at x/c =  0.0278   16

 168   rms: 0.1202E+05   max: -.1462E+06   C at   82  2   RLX: 0.000
       a =  0.000      CL =  0.3290
      Cm = -0.0361     CD =  0.87948   =>   CDf =  0.00314    CDp =  0.87634

 Side 1  free  transition at x/c =  0.4173   38
 Side 2  free  transition at x/c =  0.0278   16

 169   rms: 0.1337E+05   max: -.1627E+06   C at   82  2   RLX: 0.000
       a =  0.000      CL =  0.3290
      Cm = -0.0361     CD =  0.87948   =>   CDf =  0.00314    CDp =  0.87634

 Side 1  free  transition at x/c =  0.4173   38
 Side 2  free  transition at x/c =  0.0278   16

 170   rms: 0.1476E+05   max: -.1796E+06   C at   82  2   RLX: 0.000
       a =  0.000      CL =  0.3290
      Cm = -0.0361     CD =  0.87947   =>   CDf =  0.00314    CDp =  0.87633

 Side 1  free  transition at x/c =  0.4173   38
 Side 2  free  transition at x/c =  0.0278   16

 171   rms: 0.1621E+05   max: -.1973E+06   C at   82  2   RLX: 0.000
       a =  0.000      CL =  0.3290
      Cm = -0.0361     CD =  0.87946   =>   CDf =  0.00314    CDp =  0.87633

 Side 1  free  transition at x/c =  0.4173   38
 Side 2  free  transition at x/c =  0.0278   16

 172   rms: 0.1774E+05   max: -.2158E+06   C at   82  2   RLX: 0.000
       a =  0.000      CL =  0.3290
      Cm = -0.0361     CD =  0.87946   =>   CDf =  0.00314    CDp =  0.87632

 Side 1  free  transition at x/c =  0.4173   38
 Side 2  free  transition at x/c =  0.0278   16

 173   rms: 0.1932E+05   max: -.2351E+06   C at   82  2   RLX: 0.000
       a =  0.000      CL =  0.3290
      Cm = -0.0361     CD =  0.87945   =>   CDf =  0.00314    CDp =  0.87632

 MRCHDU: Convergence failed at  83  side 2    Res =  0.1394E-02
 Side 1  free  transition at x/c =  0.4173   38
 Side 2  free  transition at x/c =  0.0278   16

 174   rms: 0.2098E+05   max: -.2553E+06   C at   83  2   RLX: 0.000
       a =  0.000      CL =  0.3290
      Cm = -0.0361     CD =  0.87945   =>   CDf =  0.00314    CDp =  0.87631

 MRCHDU: Convergence failed at  79  side 2    Res =  0.9497E-02
 MRCHDU: Convergence failed at  80  side 2    Res =  0.2484E-01
 MRCHDU: Convergence failed at  81  side 2    Res =  0.1225E-01
 MRCHDU: Convergence failed at  82  side 2    Res =  0.5085E-02
 MRCHDU: Convergence failed at  83  side 2    Res =  0.1570E-02
 Side 1  free  transition at x/c =  0.4173   38
 Side 2  free  transition at x/c =  0.0278   16

 175   rms: 0.2271E+05   max: -.2763E+06   C at   83  2   RLX: 0.000
       a =  0.000      CL =  0.3290
      Cm = -0.0361     CD =  0.87945   =>   CDf =  0.00314    CDp =  0.87631

 MRCHDU: Convergence failed at  79  side 2    Res =  0.6126E-01
 MRCHDU: Convergence failed at  80  side 2    Res =  0.2485E-01
 MRCHDU: Convergence failed at  81  side 2    Res =  0.1226E-01
 MRCHDU: Convergence failed at  82  side 2    Res =  0.5087E-02
 MRCHDU: Convergence failed at  83  side 2    Res =  0.1569E-02
 Side 1  free  transition at x/c =  0.4173   38
 Side 2  free  transition at x/c =  0.0278   16

 176   rms: 0.2450E+05   max: -.2981E+06   C at   83  2   RLX: 0.000
       a =  0.000      CL =  0.3290
      Cm = -0.0361     CD =  0.87944   =>   CDf =  0.00314    CDp =  0.87630

 MRCHDU: Convergence failed at  79  side 2    Res =  0.1129E+00
 Side 1  free  transition at x/c =  0.4173   38
 Side 2  free  transition at x/c =  0.0278   16

 177   rms: 0.1655E+02   max: 0.8993E+02   T at   81  2   RLX: 0.006
       a =  0.000      CL =  0.3177
      Cm = -0.0389     CD =  0.87890   =>   CDf =  0.00314    CDp =  0.87576

 Side 1  free  transition at x/c =  0.4285   39
 Side 2  free  transition at x/c =  0.0277   16

 178   rms: 0.3626E+01   max: -.4666E+02   T at   82  2   RLX: 0.011
       a =  0.000      CL =  0.3011
      Cm = -0.0328     CD =  0.87451   =>   CDf =  0.00308    CDp =  0.87143

 Side 1  free  transition at x/c =  0.4270   39
 Side 2  free  transition at x/c =  0.0278   16

 179   rms: 0.2763E+02   max: 0.3533E+03   C at   81  2   RLX: 0.004
       a =  0.000      CL =  0.3014
      Cm = -0.0323     CD =  0.85731   =>   CDf =  0.00310    CDp =  0.85422

 Side 1  free  transition at x/c =  0.4262   39
 Side 2  free  transition at x/c =  0.0278   16

 180   rms: 0.7578E+01   max: 0.7579E+02   C at   82  2   RLX: 0.016
       a =  0.000      CL =  0.3109
      Cm = -0.0311     CD =  0.81874   =>   CDf =  0.00310    CDp =  0.81564

 Side 1  free  transition at x/c =  0.4207   39
 Side 2  free  transition at x/c =  0.0278   16

 181   rms: 0.7838E+01   max: -.4722E+02   C at   78  2   RLX: 0.011
       a =  0.000      CL =  0.2948
      Cm = -0.0309     CD =  0.80228   =>   CDf =  0.00314    CDp =  0.79914

 Side 1  free  transition at x/c =  0.4271   39
 Side 2  free  transition at x/c =  0.0277   16

 182   rms: 0.5456E+01   max: -.5472E+02   T at   81  2   RLX: 0.009
       a =  0.000      CL =  0.2906
      Cm = -0.0278     CD =  0.79571   =>   CDf =  0.00311    CDp =  0.79260

 Side 1  free  transition at x/c =  0.4244   39
 Side 2  free  transition at x/c =  0.0278   16

 183   rms: 0.1680E+02   max: 0.2185E+03   T at   82  2   RLX: 0.007
       a =  0.000      CL =  0.2955
      Cm = -0.0258     CD =  0.78764   =>   CDf =  0.00313    CDp =  0.78451

 Side 1  free  transition at x/c =  0.4196   39
 Side 2  free  transition at x/c =  0.0278   16

 184   rms: 0.2903E+02   max: -.3093E+03   C at   83  2   RLX: 0.002
       a =  0.000      CL =  0.2898
      Cm = -0.0246     CD =  0.74960   =>   CDf =  0.00316    CDp =  0.74644

 Side 1  free  transition at x/c =  0.4201   39
 Side 2  free  transition at x/c =  0.0278   16

 185   rms: 0.9914E+02   max: -.1058E+04   C at   83  2   RLX: 0.000
       a =  0.000      CL =  0.2896
      Cm = -0.0246     CD =  0.75079   =>   CDf =  0.00316    CDp =  0.74763

 Side 1  free  transition at x/c =  0.4203   39
 Side 2  free  transition at x/c =  0.0278   16

 186   rms: 0.2256E+03   max: -.2384E+04   C at   83  2   RLX: 0.000
       a =  0.000      CL =  0.2895
      Cm = -0.0247     CD =  0.75116   =>   CDf =  0.00316    CDp =  0.74801

 Side 1  free  transition at x/c =  0.4204   39
 Side 2  free  transition at x/c =  0.0278   16

 187   rms: 0.4166E+03   max: -.4363E+04   C at   83  2   RLX: 0.000
       a =  0.000      CL =  0.2894
      Cm = -0.0247     CD =  0.75131   =>   CDf =  0.00316    CDp =  0.74815

 Side 1  free  transition at x/c =  0.4205   39
 Side 2  free  transition at x/c =  0.0278   16

 188   rms: 0.6746E+03   max: -.7021E+04   C at   83  2   RLX: 0.000
       a =  0.000      CL =  0.2894
      Cm = -0.0247     CD =  0.75138   =>   CDf =  0.00316    CDp =  0.74822

 Side 1  free  transition at x/c =  0.4205   39
 Side 2  free  transition at x/c =  0.0278   16

 189   rms: 0.9905E+03   max: -.1027E+05   C at   83  2   RLX: 0.000
       a =  0.000      CL =  0.2893
      Cm = -0.0247     CD =  0.75140   =>   CDf =  0.00316    CDp =  0.74825

 Side 1  free  transition at x/c =  0.4206   39
 Side 2  free  transition at x/c =  0.0278   16

 190   rms: 0.1414E+04   max: -.1462E+05   C at   82  2   RLX: 0.000
       a =  0.000      CL =  0.2893
      Cm = -0.0248     CD =  0.75140   =>   CDf =  0.00316    CDp =  0.74825

 Side 1  free  transition at x/c =  0.4206   39
 Side 2  free  transition at x/c =  0.0278   16

 191   rms: 0.1856E+04   max: -.1916E+05   C at   82  2   RLX: 0.000
       a =  0.000      CL =  0.2893
      Cm = -0.0248     CD =  0.75139   =>   CDf =  0.00316    CDp =  0.74823

 Side 1  free  transition at x/c =  0.4206   39
 Side 2  free  transition at x/c =  0.0278   16

 192   rms: 0.2353E+04   max: -.2426E+05   C at   82  2   RLX: 0.000
       a =  0.000      CL =  0.2892
      Cm = -0.0248     CD =  0.75137   =>   CDf =  0.00316    CDp =  0.74822

 Side 1  free  transition at x/c =  0.4207   39
 Side 2  free  transition at x/c =  0.0278   16

 193   rms: 0.2909E+04   max: -.2998E+05   C at   82  2   RLX: 0.000
       a =  0.000      CL =  0.2892
      Cm = -0.0248     CD =  0.75136   =>   CDf =  0.00316    CDp =  0.74820

 Side 1  free  transition at x/c =  0.4207   39
 Side 2  free  transition at x/c =  0.0278   16

 194   rms: 0.3530E+04   max: -.3637E+05   C at   82  2   RLX: 0.000
       a =  0.000      CL =  0.2892
      Cm = -0.0248     CD =  0.75134   =>   CDf =  0.00316    CDp =  0.74818

 Side 1  free  transition at x/c =  0.4207   39
 Side 2  free  transition at x/c =  0.0278   16

 195   rms: 0.4215E+04   max: -.4340E+05   C at   82  2   RLX: 0.000
       a =  0.000      CL =  0.2892
      Cm = -0.0248     CD =  0.75133   =>   CDf =  0.00316    CDp =  0.74817

 Side 1  free  transition at x/c =  0.4207   39
 Side 2  free  transition at x/c =  0.0278   16

 196   rms: 0.4990E+04   max: -.5137E+05   C at   82  2   RLX: 0.000
       a =  0.000      CL =  0.2892
      Cm = -0.0248     CD =  0.75131   =>   CDf =  0.00316    CDp =  0.74816

 Side 1  free  transition at x/c =  0.4207   39
 Side 2  free  transition at x/c =  0.0278   16

 197   rms: 0.5805E+04   max: -.5975E+05   C at   82  2   RLX: 0.000
       a =  0.000      CL =  0.2892
      Cm = -0.0248     CD =  0.75130   =>   CDf =  0.00316    CDp =  0.74814

 Side 1  free  transition at x/c =  0.4207   39
 Side 2  free  transition at x/c =  0.0278   16

 198   rms: 0.6682E+04   max: -.6877E+05   C at   82  2   RLX: 0.000
       a =  0.000      CL =  0.2892
      Cm = -0.0248     CD =  0.75129   =>   CDf =  0.00316    CDp =  0.74813

 Side 1  free  transition at x/c =  0.4207   39
 Side 2  free  transition at x/c =  0.0278   16

 199   rms: 0.7620E+04   max: -.7842E+05   C at   82  2   RLX: 0.000
       a =  0.000      CL =  0.2892
      Cm = -0.0248     CD =  0.75128   =>   CDf =  0.00316    CDp =  0.74812

 Side 1  free  transition at x/c =  0.4207   39
 Side 2  free  transition at x/c =  0.0278   16

 200   rms: 0.8620E+04   max: -.8870E+05   C at   82  2   RLX: 0.000
       a =  0.000      CL =  0.2892
      Cm = -0.0248     CD =  0.75127   =>   CDf =  0.00316    CDp =  0.74811

 Side 1  free  transition at x/c =  0.4207   39
 Side 2  free  transition at x/c =  0.0278   16

 201   rms: 0.9678E+04   max: -.9958E+05   C at   82  2   RLX: 0.000
       a =  0.000      CL =  0.2892
      Cm = -0.0248     CD =  0.75126   =>   CDf =  0.00316    CDp =  0.74811

 Side 1  free  transition at x/c =  0.4207   39
 Side 2  free  transition at x/c =  0.0278   16

 202   rms: 0.1080E+05   max: -.1111E+06   C at   82  2   RLX: 0.000
       a =  0.000      CL =  0.2891
      Cm = -0.0248     CD =  0.75126   =>   CDf =  0.00316    CDp =  0.74810

 Side 1  free  transition at x/c =  0.4207   39
 Side 2  free  transition at x/c =  0.0278   16

 203   rms: 0.1198E+05   max: -.1232E+06   C at   82  2   RLX: 0.000
       a =  0.000      CL =  0.2891
      Cm = -0.0248     CD =  0.75125   =>   CDf =  0.00316    CDp =  0.74809

 Side 1  free  transition at x/c =  0.4207   39
 Side 2  free  transition at x/c =  0.0278   16

 204   rms: 0.1322E+05   max: -.1360E+06   C at   82  2   RLX: 0.000
       a =  0.000      CL =  0.2891
      Cm = -0.0248     CD =  0.75124   =>   CDf =  0.00316    CDp =  0.74809

 Side 1  free  transition at x/c =  0.4207   39
 Side 2  free  transition at x/c =  0.0278   16

 205   rms: 0.1452E+05   max: -.1493E+06   C at   82  2   RLX: 0.000
       a =  0.000      CL =  0.2891
      Cm = -0.0248     CD =  0.75124   =>   CDf =  0.00316    CDp =  0.74808
 VISCAL:  Convergence failed
      9.000    3.3639   0.751237   0.000000   0.000000   0.000000    0.4207     #
 Calculating wake trajectory ...
 Calculating source influence matrix ...

 Solving BL system ...

 Side 1  free  transition at x/c =  0.4207   39
 Side 2  free  transition at x/c =  0.0278   16

   1   rms: 0.1600E+05   max: -.1646E+06   C at   82  2   RLX: 0.000
       a =  1.000      CL =  0.2891
      Cm = -0.0248     CD =  0.75123   =>   CDf =  0.00316    CDp =  0.74808

 Side 1  free  transition at x/c =  0.4208   39
 Side 2  free  transition at x/c =  0.0278   16

   2   rms: 0.1744E+05   max: -.1793E+06   C at   82  2   RLX: 0.000
       a =  1.000      CL =  0.2891
      Cm = -0.0248     CD =  0.75123   =>   CDf =  0.00316    CDp =  0.74807

 MRCHDU: Convergence failed at  79  side 2    Res =  0.9965E-02
 MRCHDU: Convergence failed at  80  side 2    Res =  0.1047E-01
 MRCHDU: Convergence failed at  81  side 2    Res =  0.9466E-02
 MRCHDU: Convergence failed at  82  side 2    Res =  0.6319E-02
 MRCHDU: Convergence failed at  83  side 2    Res =  0.1542E-02
 Side 1  free  transition at x/c =  0.4208   39
 Side 2  free  transition at x/c =  0.0278   16

   3   rms: 0.1894E+05   max: -.1948E+06   C at   83  2   RLX: 0.000
       a =  1.000      CL =  0.2891
      Cm = -0.0248     CD =  0.75122   =>   CDf =  0.00316    CDp =  0.74807

 MRCHDU: Convergence failed at  78  side 2    Res =  0.1930E-01
 MRCHDU: Convergence failed at  79  side 2    Res =  0.4255E-01
 MRCHDU: Convergence failed at  80  side 2    Res =  0.1047E-01
 MRCHDU: Convergence failed at  81  side 2    Res =  0.9467E-02
 MRCHDU: Convergence failed at  82  side 2    Res =  0.6321E-02
 MRCHDU: Convergence failed at  83  side 2    Res =  0.1541E-02
 Side 1  free  transition at x/c =  0.4208   39
 Side 2  free  transition at x/c =  0.0278   16

   4   rms: 0.2049E+05   max: -.2108E+06   C at   83  2   RLX: 0.000
       a =  1.000      CL =  0.2891
      Cm = -0.0248     CD =  0.75122   =>   CDf =  0.00316    CDp =  0.74806

 MRCHDU: Convergence failed at  77  side 2    Res =  0.1911E-01
 MRCHDU: Convergence failed at  78  side 2    Res =  0.5197E-01
 MRCHDU: Convergence failed at  79  side 2    Res =  0.4257E-01
 MRCHDU: Convergence failed at  80  side 2    Res =  0.1048E-01
 MRCHDU: Convergence failed at  81  side 2    Res =  0.9468E-02
 MRCHDU: Convergence failed at  82  side 2    Res =  0.6323E-02
 MRCHDU: Convergence failed at  83  side 2    Res =  0.1539E-02
 Side 1  free  transition at x/c =  0.4208   39
 Side 2  free  transition at x/c =  0.0278   16

   5   rms: 0.2211E+05   max: -.2275E+06   C at   83  2   RLX: 0.000
       a =  1.000      CL =  0.2891
      Cm = -0.0248     CD =  0.75121   =>   CDf =  0.00316    CDp =  0.74806

 MRCHDU: Convergence failed at  77  side 2    Res =  0.7078E-01
 MRCHDU: Convergence failed at  78  side 2    Res =  0.5201E-01
 MRCHDU: Convergence failed at  79  side 2    Res =  0.4260E-01
 MRCHDU: Convergence failed at  80  side 2    Res =  0.1048E-01
 MRCHDU: Convergence failed at  81  side 2    Res =  0.9469E-02
 MRCHDU: Convergence failed at  82  side 2    Res =  0.6324E-02
 MRCHDU: Convergence failed at  83  side 2    Res =  0.1538E-02
 Side 1  free  transition at x/c =  0.4208   39
 Side 2  free  transition at x/c =  0.0278   16

   6   rms: 0.2379E+05   max: -.2447E+06   C at   83  2   RLX: 0.000
       a =  1.000      CL =  0.2891
      Cm = -0.0248     CD =  0.75121   =>   CDf =  0.00316    CDp =  0.74805

 MRCHDU: Convergence failed at  77  side 2    Res =  0.1224E+00
 Side 1  free  transition at x/c =  0.4208   39
 Side 2  free  transition at x/c =  0.0278   16

   7   rms: 0.1918E+02   max: -.2092E+03   C at   83  2   RLX: 0.002
       a =  1.000      CL =  0.2889
      Cm = -0.0251     CD =  0.75137   =>   CDf =  0.00316    CDp =  0.74821

 Side 1  free  transition at x/c =  0.4213   39
 Side 2  free  transition at x/c =  0.0278   16

   8   rms: 0.1806E+03   max: -.2030E+04   C at   83  2   RLX: 0.000
       a =  1.000      CL =  0.2886
      Cm = -0.0252     CD =  0.75465   =>   CDf =  0.00315    CDp =  0.75150

 Side 1  free  transition at x/c =  0.4216   39
 Side 2  free  transition at x/c =  0.0278   16

   9   rms: 0.5711E+03   max: -.6461E+04   C at   83  2   RLX: 0.000
       a =  1.000      CL =  0.2885
      Cm = -0.0253     CD =  0.75539   =>   CDf =  0.00315    CDp =  0.75223

 Side 1  free  transition at x/c =  0.4217   39
 Side 2  free  transition at x/c =  0.0278   16

  10   rms: 0.9961E+03   max: -.1120E+05   C at   83  2   RLX: 0.000
       a =  1.000      CL =  0.2884
      Cm = -0.0253     CD =  0.75572   =>   CDf =  0.00315    CDp =  0.75256

 Side 1  free  transition at x/c =  0.4218   39
 Side 2  free  transition at x/c =  0.0278   16

  11   rms: 0.1542E+04   max: -.1726E+05   C at   83  2   RLX: 0.000
       a =  1.000      CL =  0.2883
      Cm = -0.0253     CD =  0.75588   =>   CDf =  0.00315    CDp =  0.75273

 Side 1  free  transition at x/c =  0.4218   39
 Side 2  free  transition at x/c =  0.0278   16

  12   rms: 0.2206E+04   max: -.2463E+05   C at   83  2   RLX: 0.000
       a =  1.000      CL =  0.2883
      Cm = -0.0253     CD =  0.75597   =>   CDf =  0.00315    CDp =  0.75282

 Side 1  free  transition at x/c =  0.4219   39
 Side 2  free  transition at x/c =  0.0278   16

  13   rms: 0.2992E+04   max: -.3335E+05   C at   83  2   RLX: 0.000
       a =  1.000      CL =  0.2882
      Cm = -0.0253     CD =  0.75601   =>   CDf =  0.00315    CDp =  0.75286

 Side 1  free  transition at x/c =  0.4219   39
 Side 2  free  transition at x/c =  0.0278   16

  14   rms: 0.3916E+04   max: -.4359E+05   C at   82  2   RLX: 0.000
       a =  1.000      CL =  0.2882
      Cm = -0.0254     CD =  0.75603   =>   CDf =  0.00315    CDp =  0.75288

 Side 1  free  transition at x/c =  0.4219   39
 Side 2  free  transition at x/c =  0.0278   16

  15   rms: 0.4982E+04   max: -.5543E+05   C at   82  2   RLX: 0.000
       a =  1.000      CL =  0.2882
      Cm = -0.0254     CD =  0.75603   =>   CDf =  0.00315    CDp =  0.75288

 Side 1  free  transition at x/c =  0.4219   39
 Side 2  free  transition at x/c =  0.0278   16

  16   rms: 0.6200E+04   max: -.6895E+05   C at   82  2   RLX: 0.000
       a =  1.000      CL =  0.2882
      Cm = -0.0254     CD =  0.75603   =>   CDf =  0.00315    CDp =  0.75288

 Side 1  free  transition at x/c =  0.4219   39
 Side 2  free  transition at x/c =  0.0278   16

  17   rms: 0.7573E+04   max: -.8419E+05   C at   82  2   RLX: 0.000
       a =  1.000      CL =  0.2882
      Cm = -0.0254     CD =  0.75603   =>   CDf =  0.00315    CDp =  0.75288

 Side 1  free  transition at x/c =  0.4220   39
 Side 2  free  transition at x/c =  0.0278   16

  18   rms: 0.9121E+04   max: -.1014E+06   C at   82  2   RLX: 0.000
       a =  1.000      CL =  0.2882
      Cm = -0.0254     CD =  0.75602   =>   CDf =  0.00315    CDp =  0.75287

 Side 1  free  transition at x/c =  0.4220   39
 Side 2  free  transition at x/c =  0.0278   16

  19   rms: 0.1081E+05   max: -.1202E+06   C at   82  2   RLX: 0.000
       a =  1.000      CL =  0.2881
      Cm = -0.0254     CD =  0.75601   =>   CDf =  0.00315    CDp =  0.75286

 Side 1  free  transition at x/c =  0.4220   39
 Side 2  free  transition at x/c =  0.0278   16

  20   rms: 0.1266E+05   max: -.1407E+06   C at   82  2   RLX: 0.000
       a =  1.000      CL =  0.2881
      Cm = -0.0254     CD =  0.75601   =>   CDf =  0.00315    CDp =  0.75286

 Side 1  free  transition at x/c =  0.4220   39
 Side 2  free  transition at x/c =  0.0278   16

  21   rms: 0.1467E+05   max: -.1629E+06   C at   82  2   RLX: 0.000
       a =  1.000      CL =  0.2881
      Cm = -0.0254     CD =  0.75600   =>   CDf =  0.00315    CDp =  0.75285

 Side 1  free  transition at x/c =  0.4220   39
 Side 2  free  transition at x/c =  0.0278   16

  22   rms: 0.1683E+05   max: -.1869E+06   C at   82  2   RLX: 0.000
       a =  1.000      CL =  0.2881
      Cm = -0.0254     CD =  0.75600   =>   CDf =  0.00315    CDp =  0.75285

 Side 1  free  transition at x/c =  0.4220   39
 Side 2  free  transition at x/c =  0.0278   16

  23   rms: 0.1914E+05   max: -.2127E+06   C at   82  2   RLX: 0.000
       a =  1.000      CL =  0.2881
      Cm = -0.0254     CD =  0.75599   =>   CDf =  0.00315    CDp =  0.75284

 Side 1  free  transition at x/c =  0.4220   39
 Side 2  free  transition at x/c =  0.0278   16

  24   rms: 0.2161E+05   max: -.2401E+06   C at   82  2   RLX: 0.000
       a =  1.000      CL =  0.2881
      Cm = -0.0254     CD =  0.75599   =>   CDf =  0.00315    CDp =  0.75284

 Side 1  free  transition at x/c =  0.4220   39
 Side 2  free  transition at x/c =  0.0278   16

  25   rms: 0.2423E+05   max: -.2692E+06   C at   82  2   RLX: 0.000
       a =  1.000      CL =  0.2881
      Cm = -0.0254     CD =  0.75598   =>   CDf =  0.00315    CDp =  0.75283

 Side 1  free  transition at x/c =  0.4220   39
 Side 2  free  transition at x/c =  0.0278   16

  26   rms: 0.2700E+05   max: -.3000E+06   C at   82  2   RLX: 0.000
       a =  1.000      CL =  0.2881
      Cm = -0.0254     CD =  0.75598   =>   CDf =  0.00315    CDp =  0.75283

 Side 1  free  transition at x/c =  0.4220   39
 Side 2  free  transition at x/c =  0.0278   16

  27   rms: 0.2993E+05   max: -.3324E+06   C at   82  2   RLX: 0.000
       a =  1.000      CL =  0.2881
      Cm = -0.0254     CD =  0.75598   =>   CDf =  0.00315    CDp =  0.75282

 Side 1  free  transition at x/c =  0.4220   39
 Side 2  free  transition at x/c =  0.0278   16

  28   rms: 0.3300E+05   max: -.3666E+06   C at   82  2   RLX: 0.000
       a =  1.000      CL =  0.2881
      Cm = -0.0254     CD =  0.75597   =>   CDf =  0.00315    CDp =  0.75282

 Side 1  free  transition at x/c =  0.4220   39
 Side 2  free  transition at x/c =  0.0278   16

  29   rms: 0.3622E+05   max: -.4023E+06   C at   82  2   RLX: 0.000
       a =  1.000      CL =  0.2881
      Cm = -0.0254     CD =  0.75597   =>   CDf =  0.00315    CDp =  0.75282

 Side 1  free  transition at x/c =  0.4220   39
 Side 2  free  transition at x/c =  0.0278   16

  30   rms: 0.3959E+05   max: -.4397E+06   C at   82  2   RLX: 0.000
       a =  1.000      CL =  0.2881
      Cm = -0.0254     CD =  0.75597   =>   CDf =  0.00315    CDp =  0.75282

 Side 1  free  transition at x/c =  0.4220   39
 Side 2  free  transition at x/c =  0.0278   16

  31   rms: 0.4311E+05   max: -.4788E+06   C at   82  2   RLX: 0.000
       a =  1.000      CL =  0.2881
      Cm = -0.0254     CD =  0.75596   =>   CDf =  0.00315    CDp =  0.75281

 MRCHDU: Convergence failed at  79  side 2    Res =  0.8229E-02
 MRCHDU: Convergence failed at  80  side 2    Res =  0.9759E-02
 MRCHDU: Convergence failed at  81  side 2    Res =  0.8787E-02
 MRCHDU: Convergence failed at  82  side 2    Res =  0.4484E-02
 MRCHDU: Convergence failed at  83  side 2    Res =  0.2293E-02
 Side 1  free  transition at x/c =  0.4220   39
 Side 2  free  transition at x/c =  0.0278   16

  32   rms: 0.4678E+05   max: -.5196E+06   C at   83  2   RLX: 0.000
       a =  1.000      CL =  0.2881
      Cm = -0.0254     CD =  0.75596   =>   CDf =  0.00315    CDp =  0.75281

 MRCHDU: Convergence failed at  78  side 2    Res =  0.1153E-01
 MRCHDU: Convergence failed at  79  side 2    Res =  0.4853E-01
 MRCHDU: Convergence failed at  80  side 2    Res =  0.9763E-02
 MRCHDU: Convergence failed at  81  side 2    Res =  0.8788E-02
 MRCHDU: Convergence failed at  82  side 2    Res =  0.4485E-02
 MRCHDU: Convergence failed at  83  side 2    Res =  0.2292E-02
 Side 1  free  transition at x/c =  0.4220   39
 Side 2  free  transition at x/c =  0.0278   16

  33   rms: 0.5060E+05   max: -.5621E+06   C at   83  2   RLX: 0.000
       a =  1.000      CL =  0.2881
      Cm = -0.0254     CD =  0.75596   =>   CDf =  0.00315    CDp =  0.75281

 MRCHDU: Convergence failed at  78  side 2    Res =  0.6326E-01
 MRCHDU: Convergence failed at  79  side 2    Res =  0.4856E-01
 MRCHDU: Convergence failed at  80  side 2    Res =  0.9766E-02
 MRCHDU: Convergence failed at  81  side 2    Res =  0.8789E-02
 MRCHDU: Convergence failed at  82  side 2    Res =  0.4486E-02
 MRCHDU: Convergence failed at  83  side 2    Res =  0.2290E-02
 Side 1  free  transition at x/c =  0.4220   39
 Side 2  free  transition at x/c =  0.0278   16

  34   rms: 0.5456E+05   max: -.6061E+06   C at   83  2   RLX: 0.000
       a =  1.000      CL =  0.2881
      Cm = -0.0254     CD =  0.75596   =>   CDf =  0.00315    CDp =  0.75281

 MRCHDU: Convergence failed at  78  side 2    Res =  0.1149E+00
 Side 1  free  transition at x/c =  0.4220   39
 Side 2  free  transition at x/c =  0.0278   16

  35   rms: 0.6688E+02   max: -.1025E+04   T at   82  2   RLX: 0.000
       a =  1.000      CL =  0.2873
      Cm = -0.0257     CD =  0.78939   =>   CDf =  0.00315    CDp =  0.78624

 Side 1  free  transition at x/c =  0.4228   39
 Side 2  free  transition at x/c =  0.0278   16

  36   rms: 0.8080E+02   max: 0.9373E+03   T at   81  2   RLX: 0.002
       a =  1.000      CL =  0.2938
      Cm = -0.0242     CD =  0.78095   =>   CDf =  0.00315    CDp =  0.77780

 Side 1  free  transition at x/c =  0.4180   39
 Side 2  free  transition at x/c =  0.0278   16

  37   rms: 0.1342E+03   max: 0.1984E+04   T at   82  2   RLX: 0.001
       a =  1.000      CL =  0.2891
      Cm = -0.0229     CD =  0.72464   =>   CDf =  0.00318    CDp =  0.72146

 Side 1  free  transition at x/c =  0.4180   39
 Side 2  free  transition at x/c =  0.0278   16

  38   rms: 0.2157E+01   max: 0.1958E+02   T at   84  2   RLX: 0.029
       a =  1.000      CL =  0.2898
      Cm = -0.0254     CD =  0.65115   =>   CDf =  0.00318    CDp =  0.64797

 Side 1  free  transition at x/c =  0.4215   39
 Side 2  free  transition at x/c =  0.0278   16

  39   rms: 0.2086E+02   max: -.2167E+03   C at   83  2   RLX: 0.002
       a =  1.000      CL =  0.2886
      Cm = -0.0254     CD =  0.67267   =>   CDf =  0.00317    CDp =  0.66950

 Side 1  free  transition at x/c =  0.4218   39
 Side 2  free  transition at x/c =  0.0278   16

  40   rms: 0.1545E+03   max: 0.1675E+04   C at   83  2   RLX: 0.001
       a =  1.000      CL =  0.2898
      Cm = -0.0252     CD =  0.66803   =>   CDf =  0.00317    CDp =  0.66486

 Side 1  free  transition at x/c =  0.4210   39
 Side 2  free  transition at x/c =  0.0278   16

  41   rms: 0.2679E+02   max: -.4324E+03   T at   82  2   RLX: 0.001
       a =  1.000      CL =  0.2902
      Cm = -0.0253     CD =  0.68989   =>   CDf =  0.00317    CDp =  0.68671

 Side 1  free  transition at x/c =  0.4210   39
 Side 2  free  transition at x/c =  0.0278   16

  42   rms: 0.9831E+02   max: -.1878E+04   T at   82  2   RLX: 0.000
       a =  1.000      CL =  0.2903
      Cm = -0.0254     CD =  0.69943   =>   CDf =  0.00317    CDp =  0.69625

 Side 1  free  transition at x/c =  0.4211   39
 Side 2  free  transition at x/c =  0.0278   16

  43   rms: 0.5192E+03   max: -.9183E+04   T at   82  2   RLX: 0.000
       a =  1.000      CL =  0.2902
      Cm = -0.0254     CD =  0.70551   =>   CDf =  0.00317    CDp =  0.70234

 Side 1  free  transition at x/c =  0.4213   39
 Side 2  free  transition at x/c =  0.0278   16

  44   rms: 0.2571E+02   max: -.2987E+03   T at   80  2   RLX: 0.002
       a =  1.000      CL =  0.2901
      Cm = -0.0257     CD =  0.70987   =>   CDf =  0.00317    CDp =  0.70670

 Side 1  free  transition at x/c =  0.4217   39
 Side 2  free  transition at x/c =  0.0278   16

  45   rms: 0.6306E+02   max: 0.8831E+03   T at   80  2   RLX: 0.002
       a =  1.000      CL =  0.2926
      Cm = -0.0253     CD =  0.71017   =>   CDf =  0.00317    CDp =  0.70700

 MRCHDU: Convergence failed at  77  side 2    Res =  0.7635E-02
 MRCHDU: Convergence failed at  78  side 2    Res =  0.7105E-01
 MRCHDU: Convergence failed at  79  side 2    Res =  0.9603E-02
 MRCHDU: Convergence failed at  80  side 2    Res =  0.1454E-02
 MRCHDU: Convergence failed at  81  side 2    Res =  0.9503E-03
 MRCHDU: Convergence failed at  82  side 2    Res =  0.5599E-04
 MRCHDU: Convergence failed at  83  side 2    Res =  0.2249E-04
 Side 1  free  transition at x/c =  0.4199   39
 Side 2  free  transition at x/c =  0.0278   16

  46   rms: 0.7536E+02   max: -.7544E+03   T at   80  2   RLX: 0.001
       a =  1.000      CL =  0.2927
      Cm = -0.0253     CD =  0.75736   =>   CDf =  0.00318    CDp =  0.75417

 MRCHDU: Convergence failed at  77  side 2    Res =  0.7337E-02
 MRCHDU: Convergence failed at  78  side 2    Res =  0.5521E-01
 MRCHDU: Convergence failed at  79  side 2    Res =  0.6948E-02
 MRCHDU: Convergence failed at  80  side 2    Res =  0.6647E-03
 MRCHDU: Convergence failed at  81  side 2    Res =  0.4471E-03
 MRCHDU: Convergence failed at  82  side 2    Res =  0.3099E-04
 MRCHDU: Convergence failed at  83  side 2    Res =  0.1400E-04
 Side 1  free  transition at x/c =  0.4200   39
 Side 2  free  transition at x/c =  0.0278   16

  47   rms: 0.6895E+02   max: 0.8908E+03   T at   80  2   RLX: 0.002
       a =  1.000      CL =  0.2927
      Cm = -0.0252     CD =  0.82190   =>   CDf =  0.00318    CDp =  0.81871

 MRCHDU: Convergence failed at  77  side 2    Res =  0.1135E-01
 MRCHDU: Convergence failed at  78  side 2    Res =  0.1519E+00
 MRCHDU: Convergence failed at  79  side 2    Res =  0.2167E-01
 MRCHDU: Convergence failed at  80  side 2    Res =  0.2187E-02
 MRCHDU: Convergence failed at  81  side 2    Res =  0.1201E-02
 MRCHDU: Convergence failed at  82  side 2    Res =  0.5443E-04
 MRCHDU: Convergence failed at  83  side 2    Res =  0.2476E-04
 Side 1  free  transition at x/c =  0.4197   39
 Side 2  free  transition at x/c =  0.0278   16

  48   rms: 0.5597E+02   max: -.5789E+03   T at   81  2   RLX: 0.001
       a =  1.000      CL =  0.2934
      Cm = -0.0254     CD =  0.69144   =>   CDf =  0.00318    CDp =  0.68826

 MRCHDU: Convergence failed at  77  side 2    Res =  0.1323E-01
 MRCHDU: Convergence failed at  78  side 2    Res =  0.1046E+00
 MRCHDU: Convergence failed at  79  side 2    Res =  0.1598E-01
 MRCHDU: Convergence failed at  80  side 2    Res =  0.1165E-02
 MRCHDU: Convergence failed at  81  side 2    Res =  0.5931E-03
 MRCHDU: Convergence failed at  82  side 2    Res =  0.3522E-04
 MRCHDU: Convergence failed at  83  side 2    Res =  0.1520E-04
 Side 1  free  transition at x/c =  0.4197   39
 Side 2  free  transition at x/c =  0.0278   16

  49   rms: 0.4549E+02   max: 0.4942E+03   T at   81  2   RLX: 0.003
       a =  1.000      CL =  0.2931
      Cm = -0.0254     CD =  0.75465   =>   CDf =  0.00318    CDp =  0.75146

 MRCHDU: Convergence failed at  77  side 2    Res =  0.5413E-02
 MRCHDU: Convergence failed at  78  side 2    Res =  0.3967E+00
 MRCHDU: Convergence failed at  79  side 2    Res =  0.5573E-01
 MRCHDU: Convergence failed at  80  side 2    Res =  0.4023E-02
 MRCHDU: Convergence failed at  81  side 2    Res =  0.1773E-02
 MRCHDU: Convergence failed at  82  side 2    Res =  0.4907E-04
 MRCHDU: Convergence failed at  83  side 2    Res =  0.2777E-04
 Side 1  free  transition at x/c =  0.4196   39
 Side 2  free  transition at x/c =  0.0278   16

  50   rms: 0.2026E+02   max: -.1946E+03   T at   81  2   RLX: 0.003
       a =  1.000      CL =  0.2942
      Cm = -0.0257     CD =  0.59500   =>   CDf =  0.00318    CDp =  0.59182

 MRCHDU: Convergence failed at  77  side 2    Res =  0.5383E-02
 MRCHDU: Convergence failed at  78  side 2    Res =  0.1243E+00
 MRCHDU: Convergence failed at  79  side 2    Res =  0.3823E-01
 MRCHDU: Convergence failed at  80  side 2    Res =  0.2440E-02
 MRCHDU: Convergence failed at  81  side 2    Res =  0.8751E-03
 MRCHDU: Convergence failed at  82  side 2    Res =  0.2942E-04
 MRCHDU: Convergence failed at  83  side 2    Res =  0.1433E-04
 Side 1  free  transition at x/c =  0.4196   39
 Side 2  free  transition at x/c =  0.0278   16

  51   rms: 0.4659E+02   max: -.5228E+03   T at   81  2   RLX: 0.001
       a =  1.000      CL =  0.2948
      Cm = -0.0258     CD =  0.69780   =>   CDf =  0.00318    CDp =  0.69462

 MRCHDU: Convergence failed at  77  side 2    Res =  0.5833E-02
 MRCHDU: Convergence failed at  78  side 2    Res =  0.1201E+00
 MRCHDU: Convergence failed at  79  side 2    Res =  0.2936E-01
 MRCHDU: Convergence failed at  80  side 2    Res =  0.1584E-02
 MRCHDU: Convergence failed at  81  side 2    Res =  0.4489E-03
 MRCHDU: Convergence failed at  82  side 2    Res =  0.2733E-04
 MRCHDU: Convergence failed at  83  side 2    Res =  0.1097E-04
 Side 1  free  transition at x/c =  0.4196   39
 Side 2  free  transition at x/c =  0.0278   16

  52   rms: 0.3957E+02   max: 0.4599E+03   T at   81  2   RLX: 0.003
       a =  1.000      CL =  0.2949
      Cm = -0.0259     CD =  0.79516   =>   CDf =  0.00319    CDp =  0.79197

 MRCHDU: Convergence failed at  77  side 2    Res =  0.2827E-02
 MRCHDU: Convergence failed at  78  side 2    Res =  0.2046E+00
 MRCHDU: Convergence failed at  79  side 2    Res =  0.1054E+00
 MRCHDU: Convergence failed at  80  side 2    Res =  0.5091E-02
 MRCHDU: Convergence failed at  81  side 2    Res =  0.1306E-02
 MRCHDU: Convergence failed at  82  side 2    Res =  0.3601E-04
 MRCHDU: Convergence failed at  83  side 2    Res =  0.1835E-04
 Side 1  free  transition at x/c =  0.4195   39
 Side 2  free  transition at x/c =  0.0278   16

  53   rms: 0.1456E+02   max: -.1731E+03   T at   81  2   RLX: 0.003
       a =  1.000      CL =  0.2959
      Cm = -0.0261     CD =  0.56883   =>   CDf =  0.00318    CDp =  0.56565

 MRCHDU: Convergence failed at  77  side 2    Res =  0.2274E-02
 MRCHDU: Convergence failed at  78  side 2    Res =  0.1368E+00
 MRCHDU: Convergence failed at  79  side 2    Res =  0.7167E-01
 MRCHDU: Convergence failed at  80  side 2    Res =  0.3197E-02
 MRCHDU: Convergence failed at  81  side 2    Res =  0.5772E-03
 MRCHDU: Convergence failed at  82  side 2    Res =  0.2901E-04
 MRCHDU: Convergence failed at  83  side 2    Res =  0.1289E-04
 Side 1  free  transition at x/c =  0.4195   39
 Side 2  free  transition at x/c =  0.0278   16

  54   rms: 0.9967E+02   max: 0.1198E+04   T at   81  2   RLX: 0.001
       a =  1.000      CL =  0.2955
      Cm = -0.0260     CD =  0.66830   =>   CDf =  0.00319    CDp =  0.66511

 MRCHDU: Convergence failed at  77  side 2    Res =  0.2040E-02
 MRCHDU: Convergence failed at  78  side 2    Res =  0.1339E+00
 MRCHDU: Convergence failed at  79  side 2    Res =  0.3819E+00
 MRCHDU: Convergence failed at  80  side 2    Res =  0.8413E-02
 MRCHDU: Convergence failed at  81  side 2    Res =  0.1776E-02
 MRCHDU: Convergence failed at  82  side 2    Res =  0.3723E-04
 MRCHDU: Convergence failed at  83  side 2    Res =  0.2165E-04
 MRCHDU: Convergence failed at  94  side 2    Res =  0.2607E-01
 MRCHDU: Convergence failed at 100  side 2    Res =  0.2898E-03
 MRCHDU: Convergence failed at 101  side 2    Res =  0.3909E-03
 MRCHDU: Convergence failed at 102  side 2    Res =  0.5713E-03
 MRCHDU: Convergence failed at 103  side 2    Res =  0.1617E-02
 MRCHDU: Convergence failed at 106  side 2    Res =  0.4047E-03
 Side 1  free  transition at x/c =  0.4193   39
 Side 2  free  transition at x/c =  0.0278   16

  55   rms: 0.1879E+01   max: 0.2202E+02   T at   81  2   RLX: 0.030
       a =  1.000      CL =  0.3010
      Cm = -0.0270     CD =  1.78634   =>   CDf =  0.00318    CDp =  1.78315

 MRCHDU: Convergence failed at  78  side 2    Res =  0.1396E+00
 MRCHDU: Convergence failed at  79  side 2    Res =  0.3018E+00
 MRCHDU: Convergence failed at  80  side 2    Res =  0.1407E-01
 MRCHDU: Convergence failed at  81  side 2    Res =  0.3768E-02
 MRCHDU: Convergence failed at  82  side 2    Res =  0.4278E-04
 MRCHDU: Convergence failed at  83  side 2    Res =  0.2835E-04
 MRCHDU: Convergence failed at  94  side 2    Res =  0.3661E-01
 MRCHDU: Convergence failed at  99  side 2    Res =  0.3296E-04
 MRCHDU: Convergence failed at 100  side 2    Res =  0.4924E-03
 MRCHDU: Convergence failed at 101  side 2    Res =  0.4383E-03
 MRCHDU: Convergence failed at 102  side 2    Res =  0.6070E-03
 MRCHDU: Convergence failed at 103  side 2    Res =  0.1448E-02
 MRCHDU: Convergence failed at 106  side 2    Res =  0.5626E-03
 Side 1  free  transition at x/c =  0.4179   38
 Side 2  free  transition at x/c =  0.0278   16

  56   rms: 0.4261E+01   max: 0.2744E+02   T at   97  2   RLX: 0.021
       a =  1.000      CL =  0.3055
      Cm = -0.0280     CD =  2.84364   =>   CDf =  0.00319    CDp =  2.84045

 MRCHDU: Convergence failed at  78  side 2    Res =  0.1540E+00
 MRCHDU: Convergence failed at  79  side 2    Res =  0.7883E-01
 MRCHDU: Convergence failed at  80  side 2    Res =  0.8925E-02
 MRCHDU: Convergence failed at  81  side 2    Res =  0.1771E-02
 MRCHDU: Convergence failed at  82  side 2    Res =  0.2226E-04
 MRCHDU: Convergence failed at  83  side 2    Res =  0.1207E-04
 MRCHDU: Convergence failed at  94  side 2    Res =  0.6948E-01
 MRCHDU: Convergence failed at 100  side 2    Res =  0.3438E-03
 MRCHDU: Convergence failed at 101  side 2    Res =  0.3969E-03
 MRCHDU: Convergence failed at 102  side 2    Res =  0.5835E-03
 MRCHDU: Convergence failed at 103  side 2    Res =  0.1695E-02
 MRCHDU: Convergence failed at 106  side 2    Res =  0.3282E-03
 Side 1  free  transition at x/c =  0.4171   38
 Side 2  free  transition at x/c =  0.0278   16

  57   rms: 0.1584E+01   max: 0.2385E+02   T at   84  2   RLX: 0.038
       a =  1.000      CL =  0.3124
      Cm = -0.0293     CD =  1.89183   =>   CDf =  0.00319    CDp =  1.88864

 MRCHDU: Convergence failed at  78  side 2    Res =  0.1696E+00
 MRCHDU: Convergence failed at  79  side 2    Res =  0.1705E+00
 MRCHDU: Convergence failed at  80  side 2    Res =  0.8468E-02
 MRCHDU: Convergence failed at  81  side 2    Res =  0.4141E-02
 MRCHDU: Convergence failed at  82  side 2    Res =  0.2799E-04
 MRCHDU: Convergence failed at  83  side 2    Res =  0.1520E-04
 MRCHDU: Convergence failed at  94  side 2    Res =  0.1262E+00
 Side 1  free  transition at x/c =  0.4153   38
 Side 2  free  transition at x/c =  0.0278   16

  58   rms: 0.6823E+01   max: -.3802E+02   C at   98  2   RLX: 0.013
       a =  1.000      CL =  0.3168
      Cm = -0.0305     CD =  0.71855   =>   CDf =  0.00319    CDp =  0.71537

 MRCHDU: Convergence failed at  78  side 2    Res =  0.1668E+00
 MRCHDU: Convergence failed at  79  side 2    Res =  0.7206E-01
 MRCHDU: Convergence failed at  80  side 2    Res =  0.1026E-01
 MRCHDU: Convergence failed at  81  side 2    Res =  0.1691E-02
 MRCHDU: Convergence failed at  82  side 2    Res =  0.1901E-04
 MRCHDU: Convergence failed at  83  side 2    Res =  0.8179E-05
 Side 1  free  transition at x/c =  0.4149   38
 Side 2  free  transition at x/c =  0.0278   16

  59   rms: 0.6863E+02   max: -.7347E+03   T at   81  2   RLX: 0.001
       a =  1.000      CL =  0.3178
      Cm = -0.0308     CD =  1.01770   =>   CDf =  0.00319    CDp =  1.01451

 MRCHDU: Convergence failed at  78  side 2    Res =  0.1583E+00
 MRCHDU: Convergence failed at  79  side 2    Res =  0.4781E-01
 MRCHDU: Convergence failed at  80  side 2    Res =  0.7168E-02
 MRCHDU: Convergence failed at  81  side 2    Res =  0.7626E-03
 MRCHDU: Convergence failed at  82  side 2    Res =  0.1979E-04
 MRCHDU: Convergence failed at  83  side 2    Res =  0.6462E-05
 Side 1  free  transition at x/c =  0.4150   38
 Side 2  free  transition at x/c =  0.0278   16

  60   rms: 0.9001E+02   max: 0.1253E+04   T at   81  2   RLX: 0.001
       a =  1.000      CL =  0.3174
      Cm = -0.0307     CD =  1.18703   =>   CDf =  0.00319    CDp =  1.18384

 MRCHDU: Convergence failed at  78  side 2    Res =  0.1593E+00
 MRCHDU: Convergence failed at  79  side 2    Res =  0.2395E+00
 MRCHDU: Convergence failed at  80  side 2    Res =  0.7837E-02
 MRCHDU: Convergence failed at  81  side 2    Res =  0.2627E-02
 MRCHDU: Convergence failed at  82  side 2    Res =  0.2174E-04
 MRCHDU: Convergence failed at  83  side 2    Res =  0.9408E-05
 Side 1  free  transition at x/c =  0.4148   38
 Side 2  free  transition at x/c =  0.0278   16

  61   rms: 0.9049E+02   max: -.7861E+03   T at   81  2   RLX: 0.001
       a =  1.000      CL =  0.3181
      Cm = -0.0309     CD =  0.91903   =>   CDf =  0.00319    CDp =  0.91583

 MRCHDU: Convergence failed at  78  side 2    Res =  0.1589E+00
 MRCHDU: Convergence failed at  79  side 2    Res =  0.7286E-01
 MRCHDU: Convergence failed at  80  side 2    Res =  0.1195E-01
 MRCHDU: Convergence failed at  81  side 2    Res =  0.9666E-03
 MRCHDU: Convergence failed at  82  side 2    Res =  0.1865E-04
 MRCHDU: Convergence failed at  83  side 2    Res =  0.6763E-05
 Side 1  free  transition at x/c =  0.4150   38
 Side 2  free  transition at x/c =  0.0278   16

  62   rms: 0.6509E+02   max: 0.8322E+03   T at   81  2   RLX: 0.002
       a =  1.000      CL =  0.3178
      Cm = -0.0308     CD =  1.13990   =>   CDf =  0.00319    CDp =  1.13670

 MRCHDU: Convergence failed at  78  side 2    Res =  0.1451E+00
 MRCHDU: Convergence failed at  79  side 2    Res =  0.3967E+00
 MRCHDU: Convergence failed at  80  side 2    Res =  0.2798E-01
 MRCHDU: Convergence failed at  81  side 2    Res =  0.3826E-02
 MRCHDU: Convergence failed at  82  side 2    Res =  0.2026E-04
 MRCHDU: Convergence failed at  83  side 2    Res =  0.1025E-04
 Side 1  free  transition at x/c =  0.4147   38
 Side 2  free  transition at x/c =  0.0278   16

  63   rms: 0.2741E+03   max: -.1734E+04   T at   81  2   RLX: 0.000
       a =  1.000      CL =  0.3188
      Cm = -0.0311     CD =  0.84180   =>   CDf =  0.00319    CDp =  0.83861

 MRCHDU: Convergence failed at  78  side 2    Res =  0.1575E+00
 MRCHDU: Convergence failed at  79  side 2    Res =  0.8979E-01
 MRCHDU: Convergence failed at  80  side 2    Res =  0.2158E-01
 MRCHDU: Convergence failed at  81  side 2    Res =  0.1258E-02
 MRCHDU: Convergence failed at  82  side 2    Res =  0.1588E-04
 MRCHDU: Convergence failed at  83  side 2    Res =  0.6272E-05
 Side 1  free  transition at x/c =  0.4149   38
 Side 2  free  transition at x/c =  0.0278   16

  64   rms: 0.6091E+02   max: 0.6762E+03   T at   81  2   RLX: 0.002
       a =  1.000      CL =  0.3183
      Cm = -0.0309     CD =  1.19982   =>   CDf =  0.00320    CDp =  1.19662

 MRCHDU: Convergence failed at  78  side 2    Res =  0.1452E+00
 MRCHDU: Convergence failed at  79  side 2    Res =  0.3298E+00
 MRCHDU: Convergence failed at  80  side 2    Res =  0.3737E+00
 Side 1  free  transition at x/c =  0.4146   38
 Side 2  free  transition at x/c =  0.0278   16

  65   rms: 0.1172E+04   max: -.6853E+04   C at   83  2   RLX: 0.000
       a =  1.000      CL =  0.3193
      Cm = -0.0312     CD =  0.80246   =>   CDf =  0.00319    CDp =  0.79927

 MRCHDU: Convergence failed at  78  side 2    Res =  0.1576E+00
 MRCHDU: Convergence failed at  79  side 2    Res =  0.1094E+00
 MRCHDU: Convergence failed at  80  side 2    Res =  0.2543E-01
 MRCHDU: Convergence failed at  81  side 2    Res =  0.2487E-02
 MRCHDU: Convergence failed at  82  side 2    Res =  0.1544E-04
 MRCHDU: Convergence failed at  83  side 2    Res =  0.6110E-05
 Side 1  free  transition at x/c =  0.4148   38
 Side 2  free  transition at x/c =  0.0278   16

  66   rms: 0.2438E+03   max: 0.2036E+04   T at   81  2   RLX: 0.001
       a =  1.000      CL =  0.3178
      Cm = -0.0307     CD =  1.22368   =>   CDf =  0.00320    CDp =  1.22048

 MRCHDU: Convergence failed at  78  side 2    Res =  0.1509E+00
 MRCHDU: Convergence failed at  79  side 2    Res =  0.2117E+00
 MRCHDU: Convergence failed at  80  side 2    Res =  0.1207E+00
 MRCHDU: Convergence failed at  81  side 2    Res =  0.5627E-02
 MRCHDU: Convergence failed at  82  side 2    Res =  0.1560E-04
 MRCHDU: Convergence failed at  83  side 2    Res =  0.1076E-04
 Side 1  free  transition at x/c =  0.4144   38
 Side 2  free  transition at x/c =  0.0278   16

  67   rms: 0.5176E+03   max: -.2863E+04   C at   83  2   RLX: 0.000
       a =  1.000      CL =  0.3188
      Cm = -0.0310     CD =  0.72206   =>   CDf =  0.00319    CDp =  0.71887

 MRCHDU: Convergence failed at  78  side 2    Res =  0.1589E+00
 MRCHDU: Convergence failed at  79  side 2    Res =  0.1105E+00
 MRCHDU: Convergence failed at  80  side 2    Res =  0.3610E-01
 MRCHDU: Convergence failed at  81  side 2    Res =  0.7750E-02
 MRCHDU: Convergence failed at  82  side 2    Res =  0.1069E-04
 MRCHDU: Convergence failed at  83  side 2    Res =  0.6117E-05
 Side 1  free  transition at x/c =  0.4146   38
 Side 2  free  transition at x/c =  0.0278   16

  68   rms: 0.1349E+03   max: -.7923E+03   C at   83  2   RLX: 0.001
       a =  1.000      CL =  0.3200
      Cm = -0.0314     CD =  1.20011   =>   CDf =  0.00318    CDp =  1.19693

 MRCHDU: Convergence failed at  77  side 2    Res =  0.1616E+00
 MRCHDU: Convergence failed at  78  side 2    Res =  0.9969E-01
 MRCHDU: Convergence failed at  79  side 2    Res =  0.2619E-01
 MRCHDU: Convergence failed at  80  side 2    Res =  0.3015E-02
 MRCHDU: Convergence failed at  81  side 2    Res =  0.8757E-05
 Side 1  free  transition at x/c =  0.4148   39
 Side 2  free  transition at x/c =  0.0278   15

  69   rms: 0.4018E+02   max: -.2681E+03   T at   80  2   RLX: 0.002
       a =  1.000      CL =  0.3212
      Cm = -0.0317     CD =  1.77151   =>   CDf =  0.00320    CDp =  1.76831

 MRCHDU: Convergence failed at  77  side 2    Res =  0.1683E+00
 MRCHDU: Convergence failed at  78  side 2    Res =  0.6905E-01
 MRCHDU: Convergence failed at  79  side 2    Res =  0.1518E-01
 MRCHDU: Convergence failed at  80  side 2    Res =  0.1196E-02
 MRCHDU: Convergence failed at  81  side 2    Res =  0.1034E-04
 Side 1  free  transition at x/c =  0.4149   39
 Side 2  free  transition at x/c =  0.0278   15

  70   rms: 0.7987E+02   max: -.9409E+03   T at   80  2   RLX: 0.001
       a =  1.000      CL =  0.3216
      Cm = -0.0319     CD =  2.36053   =>   CDf =  0.00321    CDp =  2.35733

 MRCHDU: Convergence failed at  77  side 2    Res =  0.1633E+00
 MRCHDU: Convergence failed at  78  side 2    Res =  0.5031E-01
 MRCHDU: Convergence failed at  79  side 2    Res =  0.1091E-01
 MRCHDU: Convergence failed at  80  side 2    Res =  0.5247E-03
 MRCHDU: Convergence failed at  81  side 2    Res =  0.1148E-04
 Side 1  free  transition at x/c =  0.4149   39
 Side 2  free  transition at x/c =  0.0278   15

  71   rms: 0.1220E+03   max: 0.1605E+04   T at   80  2   RLX: 0.001
       a =  1.000      CL =  0.3215
      Cm = -0.0318     CD =  2.65425   =>   CDf =  0.00321    CDp =  2.65105

 MRCHDU: Convergence failed at  77  side 2    Res =  0.1615E+00
 MRCHDU: Convergence failed at  78  side 2    Res =  0.2021E+00
 MRCHDU: Convergence failed at  79  side 2    Res =  0.2056E-01
 MRCHDU: Convergence failed at  80  side 2    Res =  0.1790E-02
 MRCHDU: Convergence failed at  81  side 2    Res =  0.1184E-04
 Side 1  free  transition at x/c =  0.4148   39
 Side 2  free  transition at x/c =  0.0278   15

  72   rms: 0.2595E+03   max: -.2548E+04   T at   80  2   RLX: 0.000
       a =  1.000      CL =  0.3218
      Cm = -0.0319     CD =  2.09356   =>   CDf =  0.00320    CDp =  2.09035

 MRCHDU: Convergence failed at  77  side 2    Res =  0.1625E+00
 MRCHDU: Convergence failed at  78  side 2    Res =  0.9129E-01
 MRCHDU: Convergence failed at  79  side 2    Res =  0.2165E-01
 MRCHDU: Convergence failed at  80  side 2    Res =  0.6429E-03
 MRCHDU: Convergence failed at  81  side 2    Res =  0.1117E-04
 Side 1  free  transition at x/c =  0.4149   39
 Side 2  free  transition at x/c =  0.0278   15

  73   rms: 0.4850E+02   max: 0.5962E+03   T at   80  2   RLX: 0.003
       a =  1.000      CL =  0.3222
      Cm = -0.0320     CD =  2.44934   =>   CDf =  0.00321    CDp =  2.44614

 MRCHDU: Convergence failed at  77  side 2    Res =  0.1512E+00
 MRCHDU: Convergence failed at  78  side 2    Res =  0.2731E+00
 MRCHDU: Convergence failed at  79  side 2    Res =  0.1226E+00
 Side 1  free  transition at x/c =  0.4147   39
 Side 2  free  transition at x/c =  0.0278   15

  74   rms: 0.7507E+03   max: -.5876E+04   T at   80  2   RLX: 0.000
       a =  1.000      CL =  0.3226
      Cm = -0.0321     CD =  1.78726   =>   CDf =  0.00321    CDp =  1.78405

 MRCHDU: Convergence failed at  77  side 2    Res =  0.1626E+00
 MRCHDU: Convergence failed at  78  side 2    Res =  0.1116E+00
 MRCHDU: Convergence failed at  79  side 2    Res =  0.2729E-01
 MRCHDU: Convergence failed at  80  side 2    Res =  0.9546E-03
 MRCHDU: Convergence failed at  81  side 2    Res =  0.1275E-04
 Side 1  free  transition at x/c =  0.4148   39
 Side 2  free  transition at x/c =  0.0278   15

  75   rms: 0.3864E+02   max: 0.4344E+03   T at   80  2   RLX: 0.003
       a =  1.000      CL =  0.3231
      Cm = -0.0322     CD =  2.31138   =>   CDf =  0.00321    CDp =  2.30817

 MRCHDU: Convergence failed at  77  side 2    Res =  0.1611E+00
 MRCHDU: Convergence failed at  78  side 2    Res =  0.1687E+00
 MRCHDU: Convergence failed at  79  side 2    Res =  0.1478E+00
 Side 1  free  transition at x/c =  0.4146   39
 Side 2  free  transition at x/c =  0.0278   15

  76   rms: 0.2020E+03   max: -.1289E+04   T at   80  2   RLX: 0.000
       a =  1.000      CL =  0.3239
      Cm = -0.0324     CD =  1.57202   =>   CDf =  0.00321    CDp =  1.56881

 MRCHDU: Convergence failed at  77  side 2    Res =  0.1655E+00
 MRCHDU: Convergence failed at  78  side 2    Res =  0.1132E+00
 MRCHDU: Convergence failed at  79  side 2    Res =  0.2385E-01
 MRCHDU: Convergence failed at  80  side 2    Res =  0.1298E-02
 MRCHDU: Convergence failed at  81  side 2    Res =  0.1241E-04
 Side 1  free  transition at x/c =  0.4147   39
 Side 2  free  transition at x/c =  0.0278   15

  77   rms: 0.8060E+02   max: 0.8497E+03   T at   80  2   RLX: 0.002
       a =  1.000      CL =  0.3237
      Cm = -0.0324     CD =  2.26552   =>   CDf =  0.00321    CDp =  2.26231

 MRCHDU: Convergence failed at  77  side 2    Res =  0.1609E+00
 MRCHDU: Convergence failed at  78  side 2    Res =  0.1903E+00
 MRCHDU: Convergence failed at  79  side 2    Res =  0.1293E+01
 Side 1  free  transition at x/c =  0.4145   39
 Side 2  free  transition at x/c =  0.0278   15

  78   rms: 0.1628E+03   max: -.9510E+03   C at   82  2   RLX: 0.001
       a =  1.000      CL =  0.3247
      Cm = -0.0327     CD =  1.46840   =>   CDf =  0.00321    CDp =  1.46519

 MRCHDU: Convergence failed at  77  side 2    Res =  0.1677E+00
 MRCHDU: Convergence failed at  78  side 2    Res =  0.1147E+00
 MRCHDU: Convergence failed at  79  side 2    Res =  0.2388E-01
 MRCHDU: Convergence failed at  80  side 2    Res =  0.2117E-02
 MRCHDU: Convergence failed at  81  side 2    Res =  0.1128E-04
 Side 1  free  transition at x/c =  0.4147   39
 Side 2  free  transition at x/c =  0.0278   15

  79   rms: 0.6663E+02   max: -.5971E+03   T at   80  2   RLX: 0.001
       a =  1.000      CL =  0.3253
      Cm = -0.0328     CD =  2.32895   =>   CDf =  0.00321    CDp =  2.32573

 MRCHDU: Convergence failed at  77  side 2    Res =  0.1709E+00
 MRCHDU: Convergence failed at  78  side 2    Res =  0.9686E-01
 MRCHDU: Convergence failed at  79  side 2    Res =  0.2339E-01
 MRCHDU: Convergence failed at  80  side 2    Res =  0.7466E-03
 MRCHDU: Convergence failed at  81  side 2    Res =  0.1066E-04
 Side 1  free  transition at x/c =  0.4148   39
 Side 2  free  transition at x/c =  0.0278   15

  80   rms: 0.7091E+02   max: 0.8009E+03   T at   80  2   RLX: 0.002
       a =  1.000      CL =  0.3254
      Cm = -0.0329     CD =  2.84057   =>   CDf =  0.00322    CDp =  2.83735

 MRCHDU: Convergence failed at  77  side 2    Res =  0.1571E+00
 MRCHDU: Convergence failed at  78  side 2    Res =  0.2821E+00
 MRCHDU: Convergence failed at  79  side 2    Res =  0.1834E+00
 Side 1  free  transition at x/c =  0.4146   39
 Side 2  free  transition at x/c =  0.0278   15

  81   rms: 0.7567E+02   max: -.5504E+03   T at   80  2   RLX: 0.001
       a =  1.000      CL =  0.3262
      Cm = -0.0331     CD =  1.98781   =>   CDf =  0.00321    CDp =  1.98459

 MRCHDU: Convergence failed at  77  side 2    Res =  0.1715E+00
 MRCHDU: Convergence failed at  78  side 2    Res =  0.1173E+00
 MRCHDU: Convergence failed at  79  side 2    Res =  0.2573E-01
 MRCHDU: Convergence failed at  80  side 2    Res =  0.1125E-02
 MRCHDU: Convergence failed at  81  side 2    Res =  0.1214E-04
 Side 1  free  transition at x/c =  0.4147   39
 Side 2  free  transition at x/c =  0.0278   15

  82   rms: 0.6751E+02   max: 0.7424E+03   T at   80  2   RLX: 0.002
       a =  1.000      CL =  0.3262
      Cm = -0.0330     CD =  2.78760   =>   CDf =  0.00322    CDp =  2.78438

 MRCHDU: Convergence failed at  77  side 2    Res =  0.1676E+00
 MRCHDU: Convergence failed at  78  side 2    Res =  0.1818E+00
 MRCHDU: Convergence failed at  79  side 2    Res =  0.4747E+01
 Side 1  free  transition at x/c =  0.4145   39
 Side 2  free  transition at x/c =  0.0278   15

  83   rms: 0.6023E+02   max: -.3726E+03   C at   82  2   RLX: 0.001
       a =  1.000      CL =  0.3273
      Cm = -0.0333     CD =  1.76242   =>   CDf =  0.00322    CDp =  1.75920

 MRCHDU: Convergence failed at  77  side 2    Res =  0.1747E+00
 MRCHDU: Convergence failed at  78  side 2    Res =  0.1193E+00
 MRCHDU: Convergence failed at  79  side 2    Res =  0.2325E-01
 MRCHDU: Convergence failed at  80  side 2    Res =  0.1620E-02
 MRCHDU: Convergence failed at  81  side 2    Res =  0.1152E-04
 Side 1  free  transition at x/c =  0.4146   39
 Side 2  free  transition at x/c =  0.0278   15

  84   rms: 0.1105E+03   max: -.1205E+04   T at   80  2   RLX: 0.000
       a =  1.000      CL =  0.3276
      Cm = -0.0335     CD =  2.90261   =>   CDf =  0.00322    CDp =  2.89939

 MRCHDU: Convergence failed at  77  side 2    Res =  0.1770E+00
 MRCHDU: Convergence failed at  78  side 2    Res =  0.1009E+00
 MRCHDU: Convergence failed at  79  side 2    Res =  0.1112E-01
 MRCHDU: Convergence failed at  80  side 2    Res =  0.6697E-03
 MRCHDU: Convergence failed at  81  side 2    Res =  0.1249E-04
 Side 1  free  transition at x/c =  0.4147   39
 Side 2  free  transition at x/c =  0.0278   15

  85   rms: 0.5627E+02   max: 0.6157E+03   T at   80  2   RLX: 0.002
       a =  1.000      CL =  0.3279
      Cm = -0.0335     CD =  3.53102   =>   CDf =  0.00322    CDp =  3.52780

 MRCHDU: Convergence failed at  77  side 2    Res =  0.1661E+00
 MRCHDU: Convergence failed at  78  side 2    Res =  0.3008E+00
 MRCHDU: Convergence failed at  79  side 2    Res =  0.1943E+00
 Side 1  free  transition at x/c =  0.4145   39
 Side 2  free  transition at x/c =  0.0278   15

  86   rms: 0.1324E+03   max: -.1432E+04   T at   80  2   RLX: 0.000
       a =  1.000      CL =  0.3283
      Cm = -0.0336     CD =  2.32560   =>   CDf =  0.00322    CDp =  2.32238

 MRCHDU: Convergence failed at  77  side 2    Res =  0.1773E+00
 MRCHDU: Convergence failed at  78  side 2    Res =  0.1207E+00
 MRCHDU: Convergence failed at  79  side 2    Res =  0.2858E-01
 MRCHDU: Convergence failed at  80  side 2    Res =  0.8680E-03
 MRCHDU: Convergence failed at  81  side 2    Res =  0.1245E-04
 MRCHDU: Convergence failed at  82  side 2    Res =  0.5026E-05
 Side 1  free  transition at x/c =  0.4146   39
 Side 2  free  transition at x/c =  0.0278   15

  87   rms: 0.2512E+02   max: 0.3402E+03   T at   80  2   RLX: 0.004
       a =  1.000      CL =  0.3289
      Cm = -0.0338     CD =  3.29760   =>   CDf =  0.00322    CDp =  3.29437

 MRCHDU: Convergence failed at  77  side 2    Res =  0.1775E+00
 MRCHDU: Convergence failed at  78  side 2    Res =  0.1735E+00
 MRCHDU: Convergence failed at  79  side 2    Res =  0.1463E+00
 Side 1  free  transition at x/c =  0.4143   39
 Side 2  free  transition at x/c =  0.0278   15

  88   rms: 0.2473E+03   max: -.1848E+04   T at   80  2   RLX: 0.000
       a =  1.000      CL =  0.3297
      Cm = -0.0340     CD =  1.69475   =>   CDf =  0.00322    CDp =  1.69153

 MRCHDU: Convergence failed at  77  side 2    Res =  0.1812E+00
 MRCHDU: Convergence failed at  78  side 2    Res =  0.1229E+00
 MRCHDU: Convergence failed at  79  side 2    Res =  0.2492E-01
 MRCHDU: Convergence failed at  80  side 2    Res =  0.1180E-02
 MRCHDU: Convergence failed at  81  side 2    Res =  0.1233E-04
 Side 1  free  transition at x/c =  0.4145   39
 Side 2  free  transition at x/c =  0.0278   15

  89   rms: 0.5313E+02   max: 0.6268E+03   T at   80  2   RLX: 0.002
       a =  1.000      CL =  0.3297
      Cm = -0.0339     CD =  2.60695   =>   CDf =  0.00323    CDp =  2.60373

 MRCHDU: Convergence failed at  77  side 2    Res =  0.1776E+00
 MRCHDU: Convergence failed at  78  side 2    Res =  0.1930E+00
 MRCHDU: Convergence failed at  79  side 2    Res =  0.1647E+01
 Side 1  free  transition at x/c =  0.4143   39
 Side 2  free  transition at x/c =  0.0278   15

  90   rms: 0.1388E+03   max: -.8642E+03   C at   82  2   RLX: 0.001
       a =  1.000      CL =  0.3307
      Cm = -0.0342     CD =  1.51688   =>   CDf =  0.00322    CDp =  1.51366

 MRCHDU: Convergence failed at  77  side 2    Res =  0.1844E+00
 MRCHDU: Convergence failed at  78  side 2    Res =  0.1251E+00
 MRCHDU: Convergence failed at  79  side 2    Res =  0.2311E-01
 MRCHDU: Convergence failed at  80  side 2    Res =  0.1760E-02
 MRCHDU: Convergence failed at  81  side 2    Res =  0.1159E-04
 Side 1  free  transition at x/c =  0.4144   39
 Side 2  free  transition at x/c =  0.0278   15

  91   rms: 0.8254E+02   max: -.9062E+03   T at   80  2   RLX: 0.001
       a =  1.000      CL =  0.3311
      Cm = -0.0344     CD =  2.65879   =>   CDf =  0.00323    CDp =  2.65556

 MRCHDU: Convergence failed at  77  side 2    Res =  0.1878E+00
 MRCHDU: Convergence failed at  78  side 2    Res =  0.1052E+00
 MRCHDU: Convergence failed at  79  side 2    Res =  0.1048E-01
 MRCHDU: Convergence failed at  80  side 2    Res =  0.7242E-03
 MRCHDU: Convergence failed at  81  side 2    Res =  0.1261E-04
 Side 1  free  transition at x/c =  0.4145   39
 Side 2  free  transition at x/c =  0.0278   15

  92   rms: 0.5163E+02   max: 0.5811E+03   T at   80  2   RLX: 0.003
       a =  1.000      CL =  0.3313
      Cm = -0.0344     CD =  3.31661   =>   CDf =  0.00323    CDp =  3.31338

 MRCHDU: Convergence failed at  77  side 2    Res =  0.1755E+00
 MRCHDU: Convergence failed at  78  side 2    Res =  0.3171E+00
 MRCHDU: Convergence failed at  79  side 2    Res =  0.2100E+00
 Side 1  free  transition at x/c =  0.4143   39
 Side 2  free  transition at x/c =  0.0278   15

  93   rms: 0.1019E+03   max: -.1075E+04   T at   80  2   RLX: 0.000
       a =  1.000      CL =  0.3318
      Cm = -0.0345     CD =  2.11605   =>   CDf =  0.00323    CDp =  2.11283

 MRCHDU: Convergence failed at  77  side 2    Res =  0.1882E+00
 MRCHDU: Convergence failed at  78  side 2    Res =  0.1273E+00
 MRCHDU: Convergence failed at  79  side 2    Res =  0.2766E-01
 MRCHDU: Convergence failed at  80  side 2    Res =  0.9417E-03
 MRCHDU: Convergence failed at  81  side 2    Res =  0.1251E-04
 MRCHDU: Convergence failed at  82  side 2    Res =  0.5170E-05
 Side 1  free  transition at x/c =  0.4143   39
 Side 2  free  transition at x/c =  0.0278   15

  94   rms: 0.2589E+02   max: 0.3674E+03   T at   80  2   RLX: 0.003
       a =  1.000      CL =  0.3322
      Cm = -0.0346     CD =  3.12160   =>   CDf =  0.00323    CDp =  3.11837

 MRCHDU: Convergence failed at  77  side 2    Res =  0.1881E+00
 MRCHDU: Convergence failed at  78  side 2    Res =  0.1675E+00
 MRCHDU: Convergence failed at  79  side 2    Res =  0.2064E+00
 Side 1  free  transition at x/c =  0.4142   39
 Side 2  free  transition at x/c =  0.0278   15

  95   rms: 0.3992E+03   max: -.3199E+04   T at   80  2   RLX: 0.000
       a =  1.000      CL =  0.3328
      Cm = -0.0348     CD =  1.71756   =>   CDf =  0.00323    CDp =  1.71433

 MRCHDU: Convergence failed at  77  side 2    Res =  0.1914E+00
 MRCHDU: Convergence failed at  78  side 2    Res =  0.1291E+00
 MRCHDU: Convergence failed at  79  side 2    Res =  0.2619E-01
 MRCHDU: Convergence failed at  80  side 2    Res =  0.1058E-02
 MRCHDU: Convergence failed at  81  side 2    Res =  0.1256E-04
 Side 1  free  transition at x/c =  0.4143   39
 Side 2  free  transition at x/c =  0.0278   15

  96   rms: 0.3729E+02   max: 0.4296E+03   T at   80  2   RLX: 0.003
       a =  1.000      CL =  0.3331
      Cm = -0.0348     CD =  2.53637   =>   CDf =  0.00323    CDp =  2.53314

 MRCHDU: Convergence failed at  77  side 2    Res =  0.1900E+00
 MRCHDU: Convergence failed at  78  side 2    Res =  0.1927E+00
 MRCHDU: Convergence failed at  79  side 2    Res =  0.2327E+01
 Side 1  free  transition at x/c =  0.4140   39
 Side 2  free  transition at x/c =  0.0278   15

  97   rms: 0.2057E+03   max: -.1348E+04   T at   80  2   RLX: 0.000
       a =  1.000      CL =  0.3340
      Cm = -0.0351     CD =  1.50943   =>   CDf =  0.00323    CDp =  1.50619

 MRCHDU: Convergence failed at  77  side 2    Res =  0.1956E+00
 MRCHDU: Convergence failed at  78  side 2    Res =  0.1321E+00
 MRCHDU: Convergence failed at  79  side 2    Res =  0.2256E-01
 MRCHDU: Convergence failed at  80  side 2    Res =  0.1440E-02
 MRCHDU: Convergence failed at  81  side 2    Res =  0.1215E-04
 Side 1  free  transition at x/c =  0.4142   39
 Side 2  free  transition at x/c =  0.0278   15

  98   rms: 0.2384E+03   max: 0.2893E+04   T at   80  2   RLX: 0.001
       a =  1.000      CL =  0.3335
      Cm = -0.0350     CD =  2.60867   =>   CDf =  0.00324    CDp =  2.60544

 MRCHDU: Convergence failed at  77  side 2    Res =  0.1879E+00
 MRCHDU: Convergence failed at  78  side 2    Res =  0.2182E+00
 MRCHDU: Convergence failed at  79  side 2    Res =  0.5530E+00
 Side 1  free  transition at x/c =  0.4140   39
 Side 2  free  transition at x/c =  0.0278   15

  99   rms: 0.7308E+02   max: -.4308E+03   C at   82  2   RLX: 0.001
       a =  1.000      CL =  0.3346
      Cm = -0.0353     CD =  1.43758   =>   CDf =  0.00323    CDp =  1.43434

 MRCHDU: Convergence failed at  77  side 2    Res =  0.1986E+00
 MRCHDU: Convergence failed at  78  side 2    Res =  0.1343E+00
 MRCHDU: Convergence failed at  79  side 2    Res =  0.2475E-01
 MRCHDU: Convergence failed at  80  side 2    Res =  0.2555E-02
 MRCHDU: Convergence failed at  81  side 2    Res =  0.1087E-04
 Side 1  free  transition at x/c =  0.4142   39
 Side 2  free  transition at x/c =  0.0278   15

 100   rms: 0.3130E+02   max: -.2669E+03   T at   80  2   RLX: 0.002
       a =  1.000      CL =  0.3355
      Cm = -0.0355     CD =  2.37213   =>   CDf =  0.00324    CDp =  2.36889

 MRCHDU: Convergence failed at  77  side 2    Res =  0.2047E+00
 MRCHDU: Convergence failed at  78  side 2    Res =  0.1121E+00
 MRCHDU: Convergence failed at  79  side 2    Res =  0.9488E-02
 MRCHDU: Convergence failed at  80  side 2    Res =  0.1019E-02
 MRCHDU: Convergence failed at  81  side 2    Res =  0.1209E-04
 Side 1  free  transition at x/c =  0.4142   39
 Side 2  free  transition at x/c =  0.0278   15

 101   rms: 0.2229E+03   max: 0.2551E+04   T at   80  2   RLX: 0.001
       a =  1.000      CL =  0.3352
      Cm = -0.0354     CD =  3.05544   =>   CDf =  0.00324    CDp =  3.05220

 MRCHDU: Convergence failed at  77  side 2    Res =  0.1859E+00
 MRCHDU: Convergence failed at  78  side 2    Res =  0.3511E+00
 MRCHDU: Convergence failed at  79  side 2    Res =  0.2671E+00
 Side 1  free  transition at x/c =  0.4141   39
 Side 2  free  transition at x/c =  0.0278   15

 102   rms: 0.3453E+02   max: -.2345E+03   T at   80  2   RLX: 0.002
       a =  1.000      CL =  0.3363
      Cm = -0.0357     CD =  2.02866   =>   CDf =  0.00324    CDp =  2.02542

 MRCHDU: Convergence failed at  77  side 2    Res =  0.2051E+00
 MRCHDU: Convergence failed at  78  side 2    Res =  0.1389E+00
 MRCHDU: Convergence failed at  79  side 2    Res =  0.2389E-01
 MRCHDU: Convergence failed at  80  side 2    Res =  0.1347E-02
 MRCHDU: Convergence failed at  81  side 2    Res =  0.1160E-04
 Side 1  free  transition at x/c =  0.4141   39
 Side 2  free  transition at x/c =  0.0278   15

 103   rms: 0.1262E+04   max: 0.1459E+05   T at   80  2   RLX: 0.000
       a =  1.000      CL =  0.3358
      Cm = -0.0356     CD =  3.04699   =>   CDf =  0.00324    CDp =  3.04375

 MRCHDU: Convergence failed at  77  side 2    Res =  0.1961E+00
 MRCHDU: Convergence failed at  78  side 2    Res =  0.2129E+00
 MRCHDU: Convergence failed at  79  side 2    Res =  0.6419E+00
 Side 1  free  transition at x/c =  0.4140   39
 Side 2  free  transition at x/c =  0.0278   15

 104   rms: 0.3282E+02   max: -.2020E+03   C at   82  2   RLX: 0.002
       a =  1.000      CL =  0.3371
      Cm = -0.0359     CD =  1.81439   =>   CDf =  0.00324    CDp =  1.81115

 MRCHDU: Convergence failed at  77  side 2    Res =  0.2089E+00
 MRCHDU: Convergence failed at  78  side 2    Res =  0.1416E+00
 MRCHDU: Convergence failed at  79  side 2    Res =  0.2469E-01
 MRCHDU: Convergence failed at  80  side 2    Res =  0.2267E-02
 MRCHDU: Convergence failed at  81  side 2    Res =  0.1061E-04
 Side 1  free  transition at x/c =  0.4141   39
 Side 2  free  transition at x/c =  0.0278   15

 105   rms: 0.2904E+02   max: -.2793E+03   T at   80  2   RLX: 0.002
       a =  1.000      CL =  0.3379
      Cm = -0.0362     CD =  2.88976   =>   CDf =  0.00324    CDp =  2.88652

 MRCHDU: Convergence failed at  77  side 2    Res =  0.2145E+00
 MRCHDU: Convergence failed at  78  side 2    Res =  0.1176E+00
 MRCHDU: Convergence failed at  79  side 2    Res =  0.9839E-02
 MRCHDU: Convergence failed at  80  side 2    Res =  0.9160E-03
 MRCHDU: Convergence failed at  81  side 2    Res =  0.1177E-04
 Side 1  free  transition at x/c =  0.4141   39
 Side 2  free  transition at x/c =  0.0278   15

 106   rms: 0.1575E+03   max: 0.1856E+04   T at   80  2   RLX: 0.001
       a =  1.000      CL =  0.3378
      Cm = -0.0361     CD =  3.64333   =>   CDf =  0.00325    CDp =  3.64009

 MRCHDU: Convergence failed at  77  side 2    Res =  0.1950E+00
 MRCHDU: Convergence failed at  78  side 2    Res =  0.3451E+00
 MRCHDU: Convergence failed at  79  side 2    Res =  0.2743E+00
 Side 1  free  transition at x/c =  0.4140   39
 Side 2  free  transition at x/c =  0.0278   15

 107   rms: 0.2947E+02   max: -.2397E+03   T at   80  2   RLX: 0.002
       a =  1.000      CL =  0.3387
      Cm = -0.0364     CD =  2.38244   =>   CDf =  0.00325    CDp =  2.37920

 MRCHDU: Convergence failed at  77  side 2    Res =  0.2150E+00
 MRCHDU: Convergence failed at  78  side 2    Res =  0.1455E+00
 MRCHDU: Convergence failed at  79  side 2    Res =  0.2558E-01
 MRCHDU: Convergence failed at  80  side 2    Res =  0.1204E-02
 MRCHDU: Convergence failed at  81  side 2    Res =  0.1145E-04
 Side 1  free  transition at x/c =  0.4140   39
 Side 2  free  transition at x/c =  0.0278   15

 108   rms: 0.1196E+03   max: 0.1584E+04   T at   80  2   RLX: 0.001
       a =  1.000      CL =  0.3386
      Cm = -0.0363     CD =  3.51100   =>   CDf =  0.00325    CDp =  3.50775

 MRCHDU: Convergence failed at  77  side 2    Res =  0.2080E+00
 MRCHDU: Convergence failed at  78  side 2    Res =  0.2092E+00
 MRCHDU: Convergence failed at  79  side 2    Res =  0.8446E+00
 Side 1  free  transition at x/c =  0.4139   39
 Side 2  free  transition at x/c =  0.0278   15

 109   rms: 0.3190E+02   max: -.1938E+03   C at   82  2   RLX: 0.003
       a =  1.000      CL =  0.3398
      Cm = -0.0366     CD =  1.93220   =>   CDf =  0.00325    CDp =  1.92895

 MRCHDU: Convergence failed at  77  side 2    Res =  0.2202E+00
 MRCHDU: Convergence failed at  78  side 2    Res =  0.1495E+00
 MRCHDU: Convergence failed at  79  side 2    Res =  0.2413E-01
 MRCHDU: Convergence failed at  80  side 2    Res =  0.1841E-02
 MRCHDU: Convergence failed at  81  side 2    Res =  0.1082E-04
 Side 1  free  transition at x/c =  0.4139   39
 Side 2  free  transition at x/c =  0.0278   15

 110   rms: 0.5023E+02   max: -.5002E+03   T at   80  2   RLX: 0.001
       a =  1.000      CL =  0.3403
      Cm = -0.0368     CD =  2.94585   =>   CDf =  0.00325    CDp =  2.94260

 MRCHDU: Convergence failed at  77  side 2    Res =  0.2247E+00
 MRCHDU: Convergence failed at  78  side 2    Res =  0.1233E+00
 MRCHDU: Convergence failed at  79  side 2    Res =  0.1023E-01
 MRCHDU: Convergence failed at  80  side 2    Res =  0.7565E-03
 MRCHDU: Convergence failed at  81  side 2    Res =  0.1185E-04
 Side 1  free  transition at x/c =  0.4139   39
 Side 2  free  transition at x/c =  0.0278   15

 111   rms: 0.7392E+02   max: 0.8263E+03   T at   80  2   RLX: 0.002
       a =  1.000      CL =  0.3405
      Cm = -0.0368     CD =  3.54573   =>   CDf =  0.00325    CDp =  3.54248

 MRCHDU: Convergence failed at  77  side 2    Res =  0.2067E+00
 MRCHDU: Convergence failed at  78  side 2    Res =  0.3405E+00
 MRCHDU: Convergence failed at  79  side 2    Res =  0.2876E+00
 Side 1  free  transition at x/c =  0.4138   39
 Side 2  free  transition at x/c =  0.0278   15

 112   rms: 0.5291E+02   max: -.4657E+03   T at   80  2   RLX: 0.001
       a =  1.000      CL =  0.3411
      Cm = -0.0370     CD =  2.43371   =>   CDf =  0.00325    CDp =  2.43046

 MRCHDU: Convergence failed at  77  side 2    Res =  0.2251E+00
 MRCHDU: Convergence failed at  78  side 2    Res =  0.1518E+00
 MRCHDU: Convergence failed at  79  side 2    Res =  0.2831E-01
 MRCHDU: Convergence failed at  80  side 2    Res =  0.9846E-03
 MRCHDU: Convergence failed at  81  side 2    Res =  0.1174E-04
 Side 1  free  transition at x/c =  0.4138   39
 Side 2  free  transition at x/c =  0.0278   15

 113   rms: 0.4793E+02   max: 0.5741E+03   T at   80  2   RLX: 0.003
       a =  1.000      CL =  0.3413
      Cm = -0.0370     CD =  3.35710   =>   CDf =  0.00325    CDp =  3.35385

 MRCHDU: Convergence failed at  77  side 2    Res =  0.2233E+00
 MRCHDU: Convergence failed at  78  side 2    Res =  0.2028E+00
 MRCHDU: Convergence failed at  79  side 2    Res =  0.1360E+01
 Side 1  free  transition at x/c =  0.4137   39
 Side 2  free  transition at x/c =  0.0278   15

 114   rms: 0.3050E+03   max: 0.2042E+04   C at   98  2   RLX: 0.001
       a =  1.000      CL =  0.3394
      Cm = -0.0364     CD =  2.01565   =>   CDf =  0.00325    CDp =  2.01240

 MRCHDU: Convergence failed at  77  side 2    Res =  0.2317E+00
 MRCHDU: Convergence failed at  78  side 2    Res =  0.1275E+00
 MRCHDU: Convergence failed at  80  side 2    Res =  0.4478E-01
 MRCHDU: Convergence failed at  81  side 2    Res =  0.8523E-05
 MRCHDU: Convergence failed at  82  side 2    Res =  0.5357E-05
 Side 1  free  transition at x/c =  0.4132   39
 Side 2  free  transition at x/c =  0.0278   15

 115   rms: 0.2214E+02   max: 0.1267E+03   C at   80  2   RLX: 0.009
       a =  1.000      CL =  0.3401
      Cm = -0.0365     CD =  1.06665   =>   CDf =  0.00324    CDp =  1.06340

 MRCHDU: Convergence failed at  77  side 2    Res =  0.2433E+00
 MRCHDU: Convergence failed at  78  side 2    Res =  0.6369E-01
 MRCHDU: Convergence failed at  79  side 2    Res =  0.2917E+00
 MRCHDU: Convergence failed at  80  side 2    Res =  0.7335E-01
 MRCHDU: Convergence failed at  81  side 2    Res =  0.9409E-05
 MRCHDU: Convergence failed at  82  side 2    Res =  0.9640E-05
 Side 1  free  transition at x/c =  0.4127   39
 Side 2  free  transition at x/c =  0.0278   15

 116   rms: 0.1033E+02   max: 0.6847E+02   T at   96  2   RLX: 0.022
       a =  1.000      CL =  0.3420
      Cm = -0.0366     CD =  0.59279   =>   CDf =  0.00324    CDp =  0.58956

 MRCHDU: Convergence failed at  77  side 2    Res =  0.2395E+00
 MRCHDU: Convergence failed at  78  side 2    Res =  0.6187E-01
 MRCHDU: Convergence failed at  79  side 2    Res =  0.5494E-01
 Side 1  free  transition at x/c =  0.4112   39
 Side 2  free  transition at x/c =  0.0278   15

 117   rms: 0.1974E+02   max: -.1512E+03   C at   82  2   RLX: 0.003
       a =  1.000      CL =  0.3433
      Cm = -0.0369     CD =  0.20317   =>   CDf =  0.00323    CDp =  0.19994

 MRCHDU: Convergence failed at  77  side 2    Res =  0.2281E+00
 MRCHDU: Convergence failed at  78  side 2    Res =  0.5741E-01
 MRCHDU: Convergence failed at  79  side 2    Res =  0.3829E-01
 MRCHDU: Convergence failed at  80  side 2    Res =  0.4736E+00
 MRCHDU: Convergence failed at  81  side 2    Res =  0.1581E-04
 MRCHDU: Convergence failed at  82  side 2    Res =  0.1476E-04
 Side 1  free  transition at x/c =  0.4112   39
 Side 2  free  transition at x/c =  0.0278   15

 118   rms: 0.8008E+01   max: 0.6795E+02   T at   96  2   RLX: 0.022
       a =  1.000      CL =  0.3447
      Cm = -0.0369     CD =  0.42121   =>   CDf =  0.00323    CDp =  0.41798

 MRCHDU: Convergence failed at  77  side 2    Res =  0.2458E+00
 MRCHDU: Convergence failed at  78  side 2    Res =  0.7882E-01
 MRCHDU: Convergence failed at  79  side 2    Res =  0.1127E+00
 Side 1  free  transition at x/c =  0.4096   39
 Side 2  free  transition at x/c =  0.0278   15

 119   rms: 0.7666E+01   max: -.6247E+02   C at   82  2   RLX: 0.008
       a =  1.000      CL =  0.3465
      Cm = -0.0373     CD =  0.14327   =>   CDf =  0.00322    CDp =  0.14005

 MRCHDU: Convergence failed at  77  side 2    Res =  0.2438E+00
 MRCHDU: Convergence failed at  78  side 2    Res =  0.7701E-01
 MRCHDU: Convergence failed at  79  side 2    Res =  0.4845E-01
 MRCHDU: Convergence failed at  80  side 2    Res =  0.1774E+00
 MRCHDU: Convergence failed at  81  side 2    Res =  0.2132E-04
 MRCHDU: Convergence failed at  82  side 2    Res =  0.2061E-04
 Side 1  free  transition at x/c =  0.4093   39
 Side 2  free  transition at x/c =  0.0278   15

 120   rms: 0.6298E+01   max: 0.6209E+02   T at   94  2   RLX: 0.024
       a =  1.000      CL =  0.3484
      Cm = -0.0374     CD =  0.31976   =>   CDf =  0.00323    CDp =  0.31654

 MRCHDU: Convergence failed at  77  side 2    Res =  0.1879E+00
 MRCHDU: Convergence failed at  78  side 2    Res =  0.9401E-01
 MRCHDU: Convergence failed at  79  side 2    Res =  0.9499E-01
 Side 1  free  transition at x/c =  0.4076   39
 Side 2  free  transition at x/c =  0.0278   15

 121   rms: 0.2678E+01   max: -.2319E+02   C at   82  2   RLX: 0.022
       a =  1.000      CL =  0.3520
      Cm = -0.0381     CD =  0.11346   =>   CDf =  0.00322    CDp =  0.11024

 MRCHDU: Convergence failed at  77  side 2    Res =  0.1126E+00
 MRCHDU: Convergence failed at  78  side 2    Res =  0.1012E+00
 MRCHDU: Convergence failed at  79  side 2    Res =  0.5808E-01
 MRCHDU: Convergence failed at  80  side 2    Res =  0.9529E+00
 MRCHDU: Convergence failed at  81  side 2    Res =  0.3656E-04
 MRCHDU: Convergence failed at  82  side 2    Res =  0.2872E-04
 Side 1  free  transition at x/c =  0.4065   39
 Side 2  free  transition at x/c =  0.0278   15

 122   rms: 0.5504E+01   max: 0.5588E+02   T at   94  2   RLX: 0.027
       a =  1.000      CL =  0.3546
      Cm = -0.0384     CD =  0.24123   =>   CDf =  0.00322    CDp =  0.23801

 MRCHDU: Convergence failed at  77  side 2    Res =  0.1087E+00
 MRCHDU: Convergence failed at  78  side 2    Res =  0.1802E+00
 MRCHDU: Convergence failed at  79  side 2    Res =  0.6159E-01
 MRCHDU: Convergence failed at  80  side 2    Res =  0.6004E+00
 MRCHDU: Convergence failed at  81  side 2    Res =  0.8322E-04
 MRCHDU: Convergence failed at  82  side 2    Res =  0.6109E-04
 Side 1  free  transition at x/c =  0.4049   39
 Side 2  free  transition at x/c =  0.0278   15

 123   rms: 0.9243E+00   max: 0.1364E+02   T at   83  2   RLX: 0.110
       a =  1.000      CL =  0.3705
      Cm = -0.0408     CD =  0.10468   =>   CDf =  0.00322    CDp =  0.10146

 MRCHDU: Convergence failed at  77  side 2    Res =  0.8699E-01
 MRCHDU: Convergence failed at  78  side 2    Res =  0.1237E+00
 MRCHDU: Convergence failed at  80  side 2    Res =  0.3166E+00
 Side 1  free  transition at x/c =  0.4002   38
 Side 2  free  transition at x/c =  0.0278   15

 124   rms: 0.1506E+02   max: 0.2023E+03   C at   80  2   RLX: 0.005
       a =  1.000      CL =  0.3689
      Cm = -0.0412     CD =  0.06084   =>   CDf =  0.00322    CDp =  0.05762

 Side 1  free  transition at x/c =  0.4012   38
 Side 2  free  transition at x/c =  0.0278   15

 125   rms: 0.1922E+02   max: 0.2662E+03   C at   81  2   RLX: 0.003
       a =  1.000      CL =  0.3682
      Cm = -0.0415     CD =  0.05902   =>   CDf =  0.00322    CDp =  0.05581

 Side 1  free  transition at x/c =  0.4019   38
 Side 2  free  transition at x/c =  0.0278   15

 126   rms: 0.2324E+02   max: -.2954E+03   C at   78  2   RLX: 0.002
       a =  1.000      CL =  0.3677
      Cm = -0.0417     CD =  0.05924   =>   CDf =  0.00322    CDp =  0.05603

 Side 1  free  transition at x/c =  0.4023   38
 Side 2  free  transition at x/c =  0.0278   15

 127   rms: 0.5636E+02   max: -.6518E+03   C at   82  2   RLX: 0.001
       a =  1.000      CL =  0.3673
      Cm = -0.0418     CD =  0.05924   =>   CDf =  0.00322    CDp =  0.05602

 Side 1  free  transition at x/c =  0.4026   38
 Side 2  free  transition at x/c =  0.0278   15

 128   rms: 0.1017E+03   max: -.1188E+04   C at   82  2   RLX: 0.000
       a =  1.000      CL =  0.3671
      Cm = -0.0418     CD =  0.05921   =>   CDf =  0.00322    CDp =  0.05599

 Side 1  free  transition at x/c =  0.4027   38
 Side 2  free  transition at x/c =  0.0278   15

 129   rms: 0.1584E+03   max: -.1845E+04   C at   82  2   RLX: 0.000
       a =  1.000      CL =  0.3670
      Cm = -0.0419     CD =  0.05918   =>   CDf =  0.00322    CDp =  0.05596

 Side 1  free  transition at x/c =  0.4029   38
 Side 2  free  transition at x/c =  0.0278   15

 130   rms: 0.2282E+03   max: -.2643E+04   C at   82  2   RLX: 0.000
       a =  1.000      CL =  0.3669
      Cm = -0.0419     CD =  0.05916   =>   CDf =  0.00322    CDp =  0.05594

 Side 1  free  transition at x/c =  0.4029   38
 Side 2  free  transition at x/c =  0.0278   15

 131   rms: 0.3116E+03   max: -.3587E+04   C at   82  2   RLX: 0.000
       a =  1.000      CL =  0.3668
      Cm = -0.0420     CD =  0.05914   =>   CDf =  0.00322    CDp =  0.05592

 Side 1  free  transition at x/c =  0.4030   38
 Side 2  free  transition at x/c =  0.0278   15

 132   rms: 0.4096E+03   max: -.4685E+04   C at   82  2   RLX: 0.000
       a =  1.000      CL =  0.3667
      Cm = -0.0420     CD =  0.05913   =>   CDf =  0.00322    CDp =  0.05591

 Side 1  free  transition at x/c =  0.4024   38
 Side 2  free  transition at x/c =  0.0278   15

 133   rms: 0.4841E+03   max: -.5511E+04   C at   82  2   RLX: 0.000
       a =  1.000      CL =  0.3665
      Cm = -0.0420     CD =  0.05913   =>   CDf =  0.00322    CDp =  0.05590

 Side 1  free  transition at x/c =  0.4024   38
 Side 2  free  transition at x/c =  0.0278   15

 134   rms: 0.6051E+03   max: -.6862E+04   C at   82  2   RLX: 0.000
       a =  1.000      CL =  0.3665
      Cm = -0.0420     CD =  0.05912   =>   CDf =  0.00322    CDp =  0.05590

 Side 1  free  transition at x/c =  0.4025   38
 Side 2  free  transition at x/c =  0.0278   15

 135   rms: 0.7455E+03   max: -.8428E+04   C at   82  2   RLX: 0.000
       a =  1.000      CL =  0.3664
      Cm = -0.0420     CD =  0.05912   =>   CDf =  0.00322    CDp =  0.05589

 Side 1  free  transition at x/c =  0.4025   38
 Side 2  free  transition at x/c =  0.0278   15

 136   rms: 0.9035E+03   max: -.1019E+05   C at   82  2   RLX: 0.000
       a =  1.000      CL =  0.3664
      Cm = -0.0420     CD =  0.05911   =>   CDf =  0.00322    CDp =  0.05589

 Side 1  free  transition at x/c =  0.4025   38
 Side 2  free  transition at x/c =  0.0278   15

 137   rms: 0.1079E+04   max: -.1214E+05   C at   82  2   RLX: 0.000
       a =  1.000      CL =  0.3663
      Cm = -0.0420     CD =  0.05911   =>   CDf =  0.00322    CDp =  0.05589

 Side 1  free  transition at x/c =  0.4025   38
 Side 2  free  transition at x/c =  0.0278   15

 138   rms: 0.1274E+04   max: -.1431E+05   C at   82  2   RLX: 0.000
       a =  1.000      CL =  0.3663
      Cm = -0.0420     CD =  0.05911   =>   CDf =  0.00322    CDp =  0.05588

 Side 1  free  transition at x/c =  0.4026   38
 Side 2  free  transition at x/c =  0.0278   15

 139   rms: 0.1487E+04   max: -.1668E+05   C at   82  2   RLX: 0.000
       a =  1.000      CL =  0.3663
      Cm = -0.0420     CD =  0.05910   =>   CDf =  0.00322    CDp =  0.05588

 Side 1  free  transition at x/c =  0.4026   38
 Side 2  free  transition at x/c =  0.0278   15

 140   rms: 0.1719E+04   max: -.1926E+05   C at   82  2   RLX: 0.000
       a =  1.000      CL =  0.3663
      Cm = -0.0420     CD =  0.05910   =>   CDf =  0.00322    CDp =  0.05588

 Side 1  free  transition at x/c =  0.4026   38
 Side 2  free  transition at x/c =  0.0278   15

 141   rms: 0.1969E+04   max: -.2204E+05   C at   82  2   RLX: 0.000
       a =  1.000      CL =  0.3663
      Cm = -0.0420     CD =  0.05910   =>   CDf =  0.00322    CDp =  0.05588

 Side 1  free  transition at x/c =  0.4026   38
 Side 2  free  transition at x/c =  0.0278   15

 142   rms: 0.2240E+04   max: -.2505E+05   C at   82  2   RLX: 0.000
       a =  1.000      CL =  0.3662
      Cm = -0.0420     CD =  0.05910   =>   CDf =  0.00322    CDp =  0.05587

 Side 1  free  transition at x/c =  0.4026   38
 Side 2  free  transition at x/c =  0.0278   15

 143   rms: 0.2526E+04   max: -.2823E+05   C at   82  2   RLX: 0.000
       a =  1.000      CL =  0.3662
      Cm = -0.0420     CD =  0.05910   =>   CDf =  0.00322    CDp =  0.05587

 Side 1  free  transition at x/c =  0.4026   38
 Side 2  free  transition at x/c =  0.0278   15

 144   rms: 0.2830E+04   max: -.3161E+05   C at   82  2   RLX: 0.000
       a =  1.000      CL =  0.3662
      Cm = -0.0421     CD =  0.05910   =>   CDf =  0.00322    CDp =  0.05587

 Side 1  free  transition at x/c =  0.4026   38
 Side 2  free  transition at x/c =  0.0278   15

 145   rms: 0.3160E+04   max: -.3528E+05   C at   82  2   RLX: 0.000
       a =  1.000      CL =  0.3662
      Cm = -0.0421     CD =  0.05909   =>   CDf =  0.00322    CDp =  0.05587

 Side 1  free  transition at x/c =  0.4026   38
 Side 2  free  transition at x/c =  0.0278   15

 146   rms: 0.3500E+04   max: -.3906E+05   C at   82  2   RLX: 0.000
       a =  1.000      CL =  0.3662
      Cm = -0.0421     CD =  0.05909   =>   CDf =  0.00322    CDp =  0.05587

 MRCHDU: Convergence failed at  80  side 2    Res =  0.2564E-02
 MRCHDU: Convergence failed at  81  side 2    Res =  0.1462E-02
 MRCHDU: Convergence failed at  82  side 2    Res =  0.5021E-02
 Side 1  free  transition at x/c =  0.4026   38
 Side 2  free  transition at x/c =  0.0278   15

 147   rms: 0.3859E+04   max: -.4305E+05   C at   82  2   RLX: 0.000
       a =  1.000      CL =  0.3662
      Cm = -0.0421     CD =  0.05909   =>   CDf =  0.00323    CDp =  0.05587

 MRCHDU: Convergence failed at  80  side 2    Res =  0.5477E-01
 MRCHDU: Convergence failed at  81  side 2    Res =  0.1463E-02
 MRCHDU: Convergence failed at  82  side 2    Res =  0.5019E-02
 Side 1  free  transition at x/c =  0.4026   38
 Side 2  free  transition at x/c =  0.0278   15

 148   rms: 0.4239E+04   max: -.4727E+05   C at   82  2   RLX: 0.000
       a =  1.000      CL =  0.3662
      Cm = -0.0421     CD =  0.05909   =>   CDf =  0.00323    CDp =  0.05587

 MRCHDU: Convergence failed at  79  side 2    Res =  0.3965E-01
 MRCHDU: Convergence failed at  80  side 2    Res =  0.6722E-01
 MRCHDU: Convergence failed at  81  side 2    Res =  0.1464E-02
 MRCHDU: Convergence failed at  82  side 2    Res =  0.5018E-02
 Side 1  free  transition at x/c =  0.4026   38
 Side 2  free  transition at x/c =  0.0278   15

 149   rms: 0.4630E+04   max: -.5162E+05   C at   82  2   RLX: 0.000
       a =  1.000      CL =  0.3662
      Cm = -0.0421     CD =  0.05909   =>   CDf =  0.00323    CDp =  0.05587

 MRCHDU: Convergence failed at  78  side 2    Res =  0.8618E-03
 MRCHDU: Convergence failed at  79  side 2    Res =  0.9068E-01
 MRCHDU: Convergence failed at  80  side 2    Res =  0.6732E-01
 MRCHDU: Convergence failed at  81  side 2    Res =  0.1464E-02
 MRCHDU: Convergence failed at  82  side 2    Res =  0.5017E-02
 Side 1  free  transition at x/c =  0.4027   38
 Side 2  free  transition at x/c =  0.0278   15

 150   rms: 0.5042E+04   max: -.5620E+05   C at   82  2   RLX: 0.000
       a =  1.000      CL =  0.3662
      Cm = -0.0421     CD =  0.05909   =>   CDf =  0.00323    CDp =  0.05586

 MRCHDU: Convergence failed at  78  side 2    Res =  0.5253E-01
 MRCHDU: Convergence failed at  79  side 2    Res =  0.9083E-01
 MRCHDU: Convergence failed at  80  side 2    Res =  0.6742E-01
 MRCHDU: Convergence failed at  81  side 2    Res =  0.1465E-02
 MRCHDU: Convergence failed at  82  side 2    Res =  0.5016E-02
 Side 1  free  transition at x/c =  0.4027   38
 Side 2  free  transition at x/c =  0.0278   15

 151   rms: 0.5471E+04   max: -.6098E+05   C at   82  2   RLX: 0.000
       a =  1.000      CL =  0.3662
      Cm = -0.0421     CD =  0.05909   =>   CDf =  0.00323    CDp =  0.05586

 MRCHDU: Convergence failed at  78  side 2    Res =  0.1041E+00
 MRCHDU: Convergence failed at  79  side 2    Res =  0.4807E-01
 MRCHDU: Convergence failed at  80  side 2    Res =  0.6703E-01
 MRCHDU: Convergence failed at  81  side 2    Res =  0.1456E-02
 MRCHDU: Convergence failed at  82  side 2    Res =  0.4984E-02
 Side 1  free  transition at x/c =  0.4027   38
 Side 2  free  transition at x/c =  0.0278   15

 152   rms: 0.5943E+04   max: -.6633E+05   C at   82  2   RLX: 0.000
       a =  1.000      CL =  0.3662
      Cm = -0.0421     CD =  0.05935   =>   CDf =  0.00323    CDp =  0.05613

 MRCHDU: Convergence failed at  78  side 2    Res =  0.2304E+00
 MRCHDU: Convergence failed at  79  side 2    Res =  0.9889E-01
 MRCHDU: Convergence failed at  80  side 2    Res =  0.6711E-01
 MRCHDU: Convergence failed at  81  side 2    Res =  0.1456E-02
 MRCHDU: Convergence failed at  82  side 2    Res =  0.4983E-02
 Side 1  free  transition at x/c =  0.4027   38
 Side 2  free  transition at x/c =  0.0278   15

 153   rms: 0.6400E+04   max: -.7142E+05   C at   82  2   RLX: 0.000
       a =  1.000      CL =  0.3662
      Cm = -0.0421     CD =  0.05935   =>   CDf =  0.00323    CDp =  0.05613

 MRCHDU: Convergence failed at  77  side 2    Res =  0.3921E-01
 MRCHDU: Convergence failed at  78  side 2    Res =  0.2426E+00
 MRCHDU: Convergence failed at  79  side 2    Res =  0.1105E+00
 MRCHDU: Convergence failed at  80  side 2    Res =  0.9621E-01
 MRCHDU: Convergence failed at  81  side 2    Res =  0.1448E-02
 MRCHDU: Convergence failed at  82  side 2    Res =  0.4956E-02
 Side 1  free  transition at x/c =  0.4027   38
 Side 2  free  transition at x/c =  0.0278   15

 154   rms: 0.6899E+04   max: -.7725E+05   C at   82  2   RLX: 0.000
       a =  1.000      CL =  0.3661
      Cm = -0.0421     CD =  0.05958   =>   CDf =  0.00323    CDp =  0.05635

 MRCHDU: Convergence failed at  77  side 2    Res =  0.8929E-01
 MRCHDU: Convergence failed at  78  side 2    Res =  0.2433E+00
 MRCHDU: Convergence failed at  79  side 2    Res =  0.2091E+00
 MRCHDU: Convergence failed at  80  side 2    Res =  0.9636E-01
 MRCHDU: Convergence failed at  81  side 2    Res =  0.1449E-02
 MRCHDU: Convergence failed at  82  side 2    Res =  0.4955E-02
 Side 1  free  transition at x/c =  0.4027   38
 Side 2  free  transition at x/c =  0.0278   15

 155   rms: 0.7384E+04   max: -.8265E+05   C at   82  2   RLX: 0.000
       a =  1.000      CL =  0.3661
      Cm = -0.0421     CD =  0.05958   =>   CDf =  0.00323    CDp =  0.05635

 MRCHDU: Convergence failed at  77  side 2    Res =  0.1394E+00
 MRCHDU: Convergence failed at  79  side 2    Res =  0.1942E+00
 MRCHDU: Convergence failed at  80  side 2    Res =  0.8086E-01
 MRCHDU: Convergence failed at  81  side 2    Res =  0.1450E-02
 MRCHDU: Convergence failed at  82  side 2    Res =  0.4958E-02
 Side 1  free  transition at x/c =  0.4027   38
 Side 2  free  transition at x/c =  0.0278   15

 156   rms: 0.1811E+04   max: -.2208E+05   C at   82  2   RLX: 0.000
       a =  1.000      CL =  0.3661
      Cm = -0.0421     CD =  0.05954   =>   CDf =  0.00323    CDp =  0.05632

 MRCHDU: Convergence failed at  79  side 2    Res =  0.3471E-02
 MRCHDU: Convergence failed at  80  side 2    Res =  0.9396E-01
 MRCHDU: Convergence failed at  81  side 2    Res =  0.1413E-02
 MRCHDU: Convergence failed at  82  side 2    Res =  0.4836E-02
 Side 1  free  transition at x/c =  0.4027   38
 Side 2  free  transition at x/c =  0.0278   15

 157   rms: 0.2922E+04   max: -.3568E+05   C at   82  2   RLX: 0.000
       a =  1.000      CL =  0.3661
      Cm = -0.0421     CD =  0.06063   =>   CDf =  0.00323    CDp =  0.05740

 MRCHDU: Convergence failed at  79  side 2    Res =  0.5527E-01
 MRCHDU: Convergence failed at  80  side 2    Res =  0.9410E-01
 MRCHDU: Convergence failed at  81  side 2    Res =  0.1413E-02
 MRCHDU: Convergence failed at  82  side 2    Res =  0.4835E-02
 Side 1  free  transition at x/c =  0.4027   38
 Side 2  free  transition at x/c =  0.0278   15

 158   rms: 0.3181E+04   max: -.3883E+05   C at   82  2   RLX: 0.000
       a =  1.000      CL =  0.3661
      Cm = -0.0421     CD =  0.06063   =>   CDf =  0.00323    CDp =  0.05740

 MRCHDU: Convergence failed at  79  side 2    Res =  0.1070E+00
 MRCHDU: Convergence failed at  82  side 2    Res =  0.2762E-02
 Side 1  free  transition at x/c =  0.4027   38
 Side 2  free  transition at x/c =  0.0278   15

 159   rms: 0.3444E+04   max: -.4203E+05   C at   82  2   RLX: 0.000
       a =  1.000      CL =  0.3661
      Cm = -0.0421     CD =  0.06086   =>   CDf =  0.00323    CDp =  0.05764

 MRCHDU: Convergence failed at  79  side 2    Res =  0.1587E+00
 MRCHDU: Convergence failed at  80  side 2    Res =  0.4783E-01
 MRCHDU: Convergence failed at  81  side 2    Res =  0.1406E-02
 MRCHDU: Convergence failed at  82  side 2    Res =  0.4808E-02
 Side 1  free  transition at x/c =  0.4027   38
 Side 2  free  transition at x/c =  0.0278   15

 160   rms: 0.3723E+04   max: -.4543E+05   C at   82  2   RLX: 0.000
       a =  1.000      CL =  0.3661
      Cm = -0.0421     CD =  0.06086   =>   CDf =  0.00323    CDp =  0.05763

 MRCHDU: Convergence failed at  78  side 2    Res =  0.5163E-02
 MRCHDU: Convergence failed at  79  side 2    Res =  0.2051E+00
 MRCHDU: Convergence failed at  80  side 2    Res =  0.9391E-01
 MRCHDU: Convergence failed at  81  side 2    Res =  0.1406E-02
 MRCHDU: Convergence failed at  82  side 2    Res =  0.4807E-02
 Side 1  free  transition at x/c =  0.4027   38
 Side 2  free  transition at x/c =  0.0278   15

 161   rms: 0.4014E+04   max: -.4898E+05   C at   82  2   RLX: 0.000
       a =  1.000      CL =  0.3661
      Cm = -0.0421     CD =  0.06086   =>   CDf =  0.00323    CDp =  0.05763

 MRCHDU: Convergence failed at  78  side 2    Res =  0.5627E-01
 MRCHDU: Convergence failed at  79  side 2    Res =  0.2056E+00
 MRCHDU: Convergence failed at  80  side 2    Res =  0.9402E-01
 MRCHDU: Convergence failed at  81  side 2    Res =  0.1407E-02
 MRCHDU: Convergence failed at  82  side 2    Res =  0.4807E-02
 Side 1  free  transition at x/c =  0.4027   38
 Side 2  free  transition at x/c =  0.0278   15

 162   rms: 0.4316E+04   max: -.5265E+05   C at   82  2   RLX: 0.000
       a =  1.000      CL =  0.3661
      Cm = -0.0421     CD =  0.06086   =>   CDf =  0.00323    CDp =  0.05763

 MRCHDU: Convergence failed at  78  side 2    Res =  0.1073E+00
 Side 1  free  transition at x/c =  0.4027   38
 Side 2  free  transition at x/c =  0.0278   15

 163   rms: 0.3172E+04   max: -.4318E+05   C at   82  2   RLX: 0.000
       a =  1.000      CL =  0.3661
      Cm = -0.0421     CD =  0.06079   =>   CDf =  0.00323    CDp =  0.05757

 MRCHDU: Convergence failed at  82  side 2    Res =  0.3745E-02
 Side 1  free  transition at x/c =  0.4027   38
 Side 2  free  transition at x/c =  0.0278   15

 164   rms: 0.3025E+04   max: -.4117E+05   C at   82  2   RLX: 0.000
       a =  1.000      CL =  0.3661
      Cm = -0.0421     CD =  0.06194   =>   CDf =  0.00323    CDp =  0.05872

 MRCHDU: Convergence failed at  80  side 2    Res =  0.4956E-01
 MRCHDU: Convergence failed at  81  side 2    Res =  0.1373E-02
 MRCHDU: Convergence failed at  82  side 2    Res =  0.4690E-02
 Side 1  free  transition at x/c =  0.4027   38
 Side 2  free  transition at x/c =  0.0278   15

 165   rms: 0.3272E+04   max: -.4453E+05   C at   82  2   RLX: 0.000
       a =  1.000      CL =  0.3661
      Cm = -0.0421     CD =  0.06194   =>   CDf =  0.00323    CDp =  0.05872

 MRCHDU: Convergence failed at  79  side 2    Res =  0.9375E-02
 MRCHDU: Convergence failed at  80  side 2    Res =  0.9198E-01
 MRCHDU: Convergence failed at  81  side 2    Res =  0.1373E-02
 MRCHDU: Convergence failed at  82  side 2    Res =  0.4689E-02
 Side 1  free  transition at x/c =  0.4027   38
 Side 2  free  transition at x/c =  0.0278   15

 166   rms: 0.3528E+04   max: -.4802E+05   C at   82  2   RLX: 0.000
       a =  1.000      CL =  0.3661
      Cm = -0.0421     CD =  0.06194   =>   CDf =  0.00323    CDp =  0.05872

 MRCHDU: Convergence failed at  79  side 2    Res =  0.6099E-01
 MRCHDU: Convergence failed at  80  side 2    Res =  0.9209E-01
 MRCHDU: Convergence failed at  81  side 2    Res =  0.1373E-02
 MRCHDU: Convergence failed at  82  side 2    Res =  0.4689E-02
 Side 1  free  transition at x/c =  0.4027   38
 Side 2  free  transition at x/c =  0.0278   15

 167   rms: 0.3794E+04   max: -.5164E+05   C at   82  2   RLX: 0.000
       a =  1.000      CL =  0.3661
      Cm = -0.0421     CD =  0.06194   =>   CDf =  0.00323    CDp =  0.05872

 MRCHDU: Convergence failed at  79  side 2    Res =  0.1125E+00
 Side 1  free  transition at x/c =  0.4027   38
 Side 2  free  transition at x/c =  0.0278   15

 168   rms: 0.1971E+02   max: -.1673E+03   T at   81  2   RLX: 0.003
       a =  1.000      CL =  0.3614
      Cm = -0.0432     CD =  0.07897   =>   CDf =  0.00323    CDp =  0.07574

 Side 1  free  transition at x/c =  0.4068   39
 Side 2  free  transition at x/c =  0.0278   15

 169   rms: 0.9429E+01   max: -.3853E+02   T at   15  2   RLX: 0.013
       a =  1.000      CL =  0.3772
      Cm = -0.0410     CD =  0.12202   =>   CDf =  0.00320    CDp =  0.11882

 MRCHDU: Convergence failed at  75  side 2    Res =  0.2302E-01
 MRCHDU: Convergence failed at  76  side 2    Res =  0.2005E-01
 MRCHDU: Convergence failed at  77  side 2    Res =  0.1381E-01
 MRCHDU: Convergence failed at  78  side 2    Res =  0.1675E-01
 MRCHDU: Convergence failed at  79  side 2    Res =  0.2470E-01
 MRCHDU: Convergence failed at  80  side 2    Res =  0.1564E-01
 MRCHDU: Convergence failed at  81  side 2    Res =  0.6609E-04
 MRCHDU: Convergence failed at  82  side 2    Res =  0.4551E-04
 Side 1  free  transition at x/c =  0.3985   38
 Side 2  free  transition at x/c =  0.0279   15

 170   rms: 0.5303E+03   max: -.5086E+04   T at   81  2   RLX: 0.000
       a =  1.000      CL =  0.3641
      Cm = -0.0377     CD =  0.14248   =>   CDf =  0.00324    CDp =  0.13924

 MRCHDU: Convergence failed at  75  side 2    Res =  0.2239E-01
 MRCHDU: Convergence failed at  76  side 2    Res =  0.1991E-01
 MRCHDU: Convergence failed at  77  side 2    Res =  0.1355E-01
 MRCHDU: Convergence failed at  78  side 2    Res =  0.1577E-01
 MRCHDU: Convergence failed at  79  side 2    Res =  0.1956E-01
 MRCHDU: Convergence failed at  80  side 2    Res =  0.9719E-02
 MRCHDU: Convergence failed at  81  side 2    Res =  0.2923E-04
 MRCHDU: Convergence failed at  82  side 2    Res =  0.2521E-04
 Side 1  free  transition at x/c =  0.3986   38
 Side 2  free  transition at x/c =  0.0279   15

 171   rms: 0.1438E+03   max: 0.1558E+04   T at   95  2   RLX: 0.001
       a =  1.000      CL =  0.3628
      Cm = -0.0371     CD =  0.23405   =>   CDf =  0.00324    CDp =  0.23081

 MRCHDU: Convergence failed at  75  side 2    Res =  0.2548E-01
 MRCHDU: Convergence failed at  76  side 2    Res =  0.2063E-01
 MRCHDU: Convergence failed at  77  side 2    Res =  0.1493E-01
 MRCHDU: Convergence failed at  78  side 2    Res =  0.2170E-01
 MRCHDU: Convergence failed at  79  side 2    Res =  0.1152E+00
 MRCHDU: Convergence failed at  80  side 2    Res =  0.6517E-01
 MRCHDU: Convergence failed at  81  side 2    Res =  0.5482E-04
 MRCHDU: Convergence failed at  82  side 2    Res =  0.4925E-04
 Side 1  free  transition at x/c =  0.3980   38
 Side 2  free  transition at x/c =  0.0279   15

 172   rms: 0.1019E+02   max: -.8292E+02   T at   81  2   RLX: 0.006
       a =  1.000      CL =  0.3639
      Cm = -0.0372     CD =  0.14448   =>   CDf =  0.00323    CDp =  0.14125

 MRCHDU: Convergence failed at  75  side 2    Res =  0.2502E-01
 MRCHDU: Convergence failed at  76  side 2    Res =  0.2078E-01
 MRCHDU: Convergence failed at  77  side 2    Res =  0.1503E-01
 MRCHDU: Convergence failed at  78  side 2    Res =  0.2176E-01
 MRCHDU: Convergence failed at  79  side 2    Res =  0.2938E-01
 MRCHDU: Convergence failed at  80  side 2    Res =  0.3508E-01
 MRCHDU: Convergence failed at  81  side 2    Res =  0.1987E-04
 MRCHDU: Convergence failed at  82  side 2    Res =  0.2336E-04
 Side 1  free  transition at x/c =  0.3975   38
 Side 2  free  transition at x/c =  0.0279   15

 173   rms: 0.1897E+02   max: 0.2098E+03   T at   96  2   RLX: 0.007
       a =  1.000      CL =  0.3639
      Cm = -0.0370     CD =  0.23374   =>   CDf =  0.00323    CDp =  0.23051

 MRCHDU: Convergence failed at  75  side 2    Res =  0.2504E-01
 MRCHDU: Convergence failed at  76  side 2    Res =  0.2106E-01
 MRCHDU: Convergence failed at  77  side 2    Res =  0.1541E-01
 MRCHDU: Convergence failed at  78  side 2    Res =  0.2353E-01
 MRCHDU: Convergence failed at  79  side 2    Res =  0.4350E-01
 MRCHDU: Convergence failed at  80  side 2    Res =  0.1082E+01
 MRCHDU: Convergence failed at  81  side 2    Res =  0.5223E-04
 MRCHDU: Convergence failed at  82  side 2    Res =  0.4615E-04
 MRCHDU: Convergence failed at  94  side 2    Res =  0.1608E-01
 MRCHDU: Convergence failed at  95  side 2    Res =  0.1159E-02
 MRCHDU: Convergence failed at  96  side 2    Res =  0.1430E-03
 MRCHDU: Convergence failed at  97  side 2    Res =  0.2199E-03
 MRCHDU: Convergence failed at  98  side 2    Res =  0.2156E-02
 Side 1  free  transition at x/c =  0.3966   38
 Side 2  free  transition at x/c =  0.0279   15

 174   rms: 0.1462E+01   max: 0.1920E+02   T at   83  2   RLX: 0.053
       a =  1.000      CL =  0.3729
      Cm = -0.0377     CD =  0.44164   =>   CDf =  0.00322    CDp =  0.43842

 MRCHDU: Convergence failed at  75  side 2    Res =  0.2328E-01
 MRCHDU: Convergence failed at  76  side 2    Res =  0.2218E-01
 MRCHDU: Convergence failed at  77  side 2    Res =  0.1635E-01
 MRCHDU: Convergence failed at  78  side 2    Res =  0.2546E-01
 MRCHDU: Convergence failed at  79  side 2    Res =  0.4577E-01
 MRCHDU: Convergence failed at  80  side 2    Res =  0.3541E-01
 MRCHDU: Convergence failed at  81  side 2    Res =  0.3929E-04
 MRCHDU: Convergence failed at  82  side 2    Res =  0.2781E-04
 MRCHDU: Convergence failed at  94  side 2    Res =  0.2443E-01
 MRCHDU: Convergence failed at  95  side 2    Res =  0.9792E-03
 MRCHDU: Convergence failed at  96  side 2    Res =  0.1238E-03
 MRCHDU: Convergence failed at  97  side 2    Res =  0.1799E-03
 MRCHDU: Convergence failed at  98  side 2    Res =  0.1842E-02
 Side 1  free  transition at x/c =  0.3914   38
 Side 2  free  transition at x/c =  0.0280   15

 175   rms: 0.1460E+01   max: 0.1846E+02   T at   83  2   RLX: 0.068
       a =  1.000      CL =  0.3840
      Cm = -0.0380     CD =  0.40264   =>   CDf =  0.00322    CDp =  0.39942

 MRCHDU: Convergence failed at  75  side 2    Res =  0.2343E-01
 MRCHDU: Convergence failed at  76  side 2    Res =  0.2332E-01
 MRCHDU: Convergence failed at  77  side 2    Res =  0.1743E-01
 MRCHDU: Convergence failed at  78  side 2    Res =  0.2782E-01
 MRCHDU: Convergence failed at  79  side 2    Res =  0.4684E-01
 MRCHDU: Convergence failed at  80  side 2    Res =  0.2620E-01
 MRCHDU: Convergence failed at  81  side 2    Res =  0.2627E-04
 MRCHDU: Convergence failed at  82  side 2    Res =  0.1573E-04
 MRCHDU: Convergence failed at  94  side 2    Res =  0.4684E-01
 MRCHDU: Convergence failed at  95  side 2    Res =  0.4218E-03
 MRCHDU: Convergence failed at  98  side 2    Res =  0.6447E-03
 Side 1  free  transition at x/c =  0.3853   37
 Side 2  free  transition at x/c =  0.0281   15

 176   rms: 0.3276E+02   max: 0.3427E+03   T at   81  2   RLX: 0.002
       a =  1.000      CL =  0.3800
      Cm = -0.0365     CD =  0.57440   =>   CDf =  0.00320    CDp =  0.57120

 MRCHDU: Convergence failed at  75  side 2    Res =  0.2356E-01
 MRCHDU: Convergence failed at  76  side 2    Res =  0.2343E-01
 MRCHDU: Convergence failed at  77  side 2    Res =  0.1761E-01
 MRCHDU: Convergence failed at  78  side 2    Res =  0.2906E-01
 MRCHDU: Convergence failed at  79  side 2    Res =  0.8037E-01
 MRCHDU: Convergence failed at  80  side 2    Res =  0.1888E+00
 MRCHDU: Convergence failed at  81  side 2    Res =  0.5755E-04
 MRCHDU: Convergence failed at  82  side 2    Res =  0.2370E-04
 MRCHDU: Convergence failed at  94  side 2    Res =  0.3705E-01
 MRCHDU: Convergence failed at  95  side 2    Res =  0.3120E-03
 MRCHDU: Convergence failed at  98  side 2    Res =  0.2587E-03
 Side 1  free  transition at x/c =  0.3850   37
 Side 2  free  transition at x/c =  0.0281   15

 177   rms: 0.2579E+02   max: -.3430E+03   T at   81  2   RLX: 0.001
       a =  1.000      CL =  0.3800
      Cm = -0.0365     CD =  0.74239   =>   CDf =  0.00320    CDp =  0.73919

 MRCHDU: Convergence failed at  75  side 2    Res =  0.2350E-01
 MRCHDU: Convergence failed at  76  side 2    Res =  0.2346E-01
 MRCHDU: Convergence failed at  77  side 2    Res =  0.1764E-01
 MRCHDU: Convergence failed at  78  side 2    Res =  0.2912E-01
 MRCHDU: Convergence failed at  79  side 2    Res =  0.8396E-01
 MRCHDU: Convergence failed at  80  side 2    Res =  0.5310E-01
 MRCHDU: Convergence failed at  81  side 2    Res =  0.2016E-04
 MRCHDU: Convergence failed at  82  side 2    Res =  0.1546E-04
 MRCHDU: Convergence failed at  94  side 2    Res =  0.4829E-01
 MRCHDU: Convergence failed at  95  side 2    Res =  0.2776E-03
 MRCHDU: Convergence failed at  98  side 2    Res =  0.3684E-03
 MRCHDU: Convergence failed at 105  side 2    Res =  0.7751E-04
 Side 1  free  transition at x/c =  0.3848   37
 Side 2  free  transition at x/c =  0.0281   15

 178   rms: 0.2785E+02   max: -.2532E+03   T at   81  2   RLX: 0.002
       a =  1.000      CL =  0.3804
      Cm = -0.0366     CD =  0.80490   =>   CDf =  0.00320    CDp =  0.80170

 MRCHDU: Convergence failed at  75  side 2    Res =  0.2344E-01
 MRCHDU: Convergence failed at  76  side 2    Res =  0.2350E-01
 MRCHDU: Convergence failed at  77  side 2    Res =  0.1768E-01
 MRCHDU: Convergence failed at  78  side 2    Res =  0.2921E-01
 MRCHDU: Convergence failed at  79  side 2    Res =  0.7691E-01
 MRCHDU: Convergence failed at  80  side 2    Res =  0.2462E-01
 MRCHDU: Convergence failed at  81  side 2    Res =  0.9034E-05
 MRCHDU: Convergence failed at  82  side 2    Res =  0.8190E-05
 MRCHDU: Convergence failed at  94  side 2    Res =  0.9776E-01
 MRCHDU: Convergence failed at  95  side 2    Res =  0.2072E-03
 MRCHDU: Convergence failed at  98  side 2    Res =  0.4611E-03
 MRCHDU: Convergence failed at 101  side 2    Res =  0.1019E-03
 MRCHDU: Convergence failed at 102  side 2    Res =  0.1911E-04
 MRCHDU: Convergence failed at 105  side 2    Res =  0.6775E-03
 Side 1  free  transition at x/c =  0.3846   37
 Side 2  free  transition at x/c =  0.0281   15

 179   rms: 0.6016E+02   max: 0.5306E+03   T at   96  2   RLX: 0.001
       a =  1.000      CL =  0.3807
      Cm = -0.0367     CD =  0.99224   =>   CDf =  0.00320    CDp =  0.98904

 MRCHDU: Convergence failed at  75  side 2    Res =  0.2339E-01
 MRCHDU: Convergence failed at  76  side 2    Res =  0.2353E-01
 MRCHDU: Convergence failed at  77  side 2    Res =  0.1769E-01
 MRCHDU: Convergence failed at  78  side 2    Res =  0.2917E-01
 MRCHDU: Convergence failed at  79  side 2    Res =  0.5473E-01
 MRCHDU: Convergence failed at  80  side 2    Res =  0.1137E-01
 MRCHDU: Convergence failed at  81  side 2    Res =  0.7213E-05
 MRCHDU: Convergence failed at  82  side 2    Res =  0.5093E-05
 MRCHDU: Convergence failed at  94  side 2    Res =  0.1055E-01
 Side 1  free  transition at x/c =  0.3846   37
 Side 2  free  transition at x/c =  0.0281   15

 180   rms: 0.4555E+03   max: 0.3585E+04   C at   98  2   RLX: 0.000
       a =  1.000      CL =  0.3808
      Cm = -0.0367     CD =  0.71221   =>   CDf =  0.00320    CDp =  0.70901

 MRCHDU: Convergence failed at  75  side 2    Res =  0.2335E-01
 MRCHDU: Convergence failed at  76  side 2    Res =  0.2353E-01
 MRCHDU: Convergence failed at  77  side 2    Res =  0.1767E-01
 MRCHDU: Convergence failed at  78  side 2    Res =  0.2898E-01
 MRCHDU: Convergence failed at  79  side 2    Res =  0.4874E-01
 MRCHDU: Convergence failed at  80  side 2    Res =  0.9780E-02
 MRCHDU: Convergence failed at  81  side 2    Res =  0.7271E-05
 Side 1  free  transition at x/c =  0.3845   37
 Side 2  free  transition at x/c =  0.0281   15

 181   rms: 0.6280E+02   max: 0.4694E+03   C at   98  2   RLX: 0.003
       a =  1.000      CL =  0.3820
      Cm = -0.0369     CD =  0.77917   =>   CDf =  0.00320    CDp =  0.77597

 MRCHDU: Convergence failed at  75  side 2    Res =  0.2304E-01
 MRCHDU: Convergence failed at  76  side 2    Res =  0.2351E-01
 MRCHDU: Convergence failed at  77  side 2    Res =  0.1754E-01
 MRCHDU: Convergence failed at  78  side 2    Res =  0.2745E-01
 MRCHDU: Convergence failed at  79  side 2    Res =  0.2762E-01
 MRCHDU: Convergence failed at  80  side 2    Res =  0.4599E-02
 MRCHDU: Convergence failed at  81  side 2    Res =  0.7525E-05
 Side 1  free  transition at x/c =  0.3843   37
 Side 2  free  transition at x/c =  0.0281   15

 182   rms: 0.1317E+02   max: -.9061E+02   C at   82  2   RLX: 0.006
       a =  1.000      CL =  0.3841
      Cm = -0.0373     CD =  1.07729   =>   CDf =  0.00320    CDp =  1.07409

 MRCHDU: Convergence failed at  75  side 2    Res =  0.2206E-01
 MRCHDU: Convergence failed at  76  side 2    Res =  0.2336E-01
 MRCHDU: Convergence failed at  77  side 2    Res =  0.1700E-01
 MRCHDU: Convergence failed at  78  side 2    Res =  0.2314E-01
 MRCHDU: Convergence failed at  79  side 2    Res =  0.1425E-01
 MRCHDU: Convergence failed at  80  side 2    Res =  0.1786E-02
 MRCHDU: Convergence failed at  81  side 2    Res =  0.8873E-05
 Side 1  free  transition at x/c =  0.3839   37
 Side 2  free  transition at x/c =  0.0281   15

 183   rms: 0.1451E+02   max: -.1621E+03   T at   80  2   RLX: 0.003
       a =  1.000      CL =  0.3851
      Cm = -0.0375     CD =  1.46461   =>   CDf =  0.00320    CDp =  1.46140

 MRCHDU: Convergence failed at  75  side 2    Res =  0.2082E-01
 MRCHDU: Convergence failed at  76  side 2    Res =  0.2306E-01
 MRCHDU: Convergence failed at  77  side 2    Res =  0.1623E-01
 MRCHDU: Convergence failed at  78  side 2    Res =  0.1907E-01
 MRCHDU: Convergence failed at  79  side 2    Res =  0.9279E-02
 MRCHDU: Convergence failed at  80  side 2    Res =  0.7643E-03
 MRCHDU: Convergence failed at  81  side 2    Res =  0.1021E-04
 Side 1  free  transition at x/c =  0.3837   37
 Side 2  free  transition at x/c =  0.0281   15

 184   rms: 0.1759E+02   max: -.2489E+03   T at   80  2   RLX: 0.002
       a =  1.000      CL =  0.3855
      Cm = -0.0376     CD =  1.66150   =>   CDf =  0.00320    CDp =  1.65830

 MRCHDU: Convergence failed at  75  side 2    Res =  0.1949E-01
 MRCHDU: Convergence failed at  76  side 2    Res =  0.2269E-01
 MRCHDU: Convergence failed at  77  side 2    Res =  0.1541E-01
 MRCHDU: Convergence failed at  78  side 2    Res =  0.1596E-01
 MRCHDU: Convergence failed at  79  side 2    Res =  0.6724E-02
 MRCHDU: Convergence failed at  80  side 2    Res =  0.3465E-03
 MRCHDU: Convergence failed at  81  side 2    Res =  0.1088E-04
 Side 1  free  transition at x/c =  0.3837   37
 Side 2  free  transition at x/c =  0.0281   15

 185   rms: 0.1609E+02   max: -.2143E+03   T at   80  2   RLX: 0.002
       a =  1.000      CL =  0.3859
      Cm = -0.0378     CD =  1.77195   =>   CDf =  0.00320    CDp =  1.76875

 MRCHDU: Convergence failed at  75  side 2    Res =  0.1776E-01
 MRCHDU: Convergence failed at  76  side 2    Res =  0.2217E-01
 MRCHDU: Convergence failed at  77  side 2    Res =  0.1438E-01
 MRCHDU: Convergence failed at  78  side 2    Res =  0.1303E-01
 MRCHDU: Convergence failed at  79  side 2    Res =  0.4783E-02
 MRCHDU: Convergence failed at  80  side 2    Res =  0.1638E-03
 MRCHDU: Convergence failed at  81  side 2    Res =  0.1071E-04
 Side 1  free  transition at x/c =  0.3838   37
 Side 2  free  transition at x/c =  0.0281   15

 186   rms: 0.1220E+02   max: -.1278E+03   T at   80  2   RLX: 0.004
       a =  1.000      CL =  0.3867
      Cm = -0.0380     CD =  1.85762   =>   CDf =  0.00321    CDp =  1.85441

 MRCHDU: Convergence failed at  75  side 2    Res =  0.1507E-01
 MRCHDU: Convergence failed at  76  side 2    Res =  0.2135E-01
 MRCHDU: Convergence failed at  77  side 2    Res =  0.1291E-01
 MRCHDU: Convergence failed at  78  side 2    Res =  0.9891E-02
 MRCHDU: Convergence failed at  79  side 2    Res =  0.2979E-02
 MRCHDU: Convergence failed at  80  side 2    Res =  0.8250E-04
 MRCHDU: Convergence failed at  81  side 2    Res =  0.9465E-05
 Side 1  free  transition at x/c =  0.3838   37
 Side 2  free  transition at x/c =  0.0281   15

 187   rms: 0.9588E+01   max: -.7843E+02   T at   79  2   RLX: 0.006
       a =  1.000      CL =  0.3879
      Cm = -0.0384     CD =  1.96841   =>   CDf =  0.00321    CDp =  1.96521

 MRCHDU: Convergence failed at  75  side 2    Res =  0.1097E-01
 MRCHDU: Convergence failed at  76  side 2    Res =  0.1995E-01
 MRCHDU: Convergence failed at  77  side 2    Res =  0.1080E-01
 MRCHDU: Convergence failed at  78  side 2    Res =  0.6679E-02
 MRCHDU: Convergence failed at  79  side 2    Res =  0.1297E-02
 MRCHDU: Convergence failed at  80  side 2    Res =  0.5237E-04
 MRCHDU: Convergence failed at  81  side 2    Res =  0.7445E-05
 Side 1  free  transition at x/c =  0.3840   37
 Side 2  free  transition at x/c =  0.0281   15

 188   rms: 0.8438E+01   max: -.1017E+03   T at   79  2   RLX: 0.005
       a =  1.000      CL =  0.3885
      Cm = -0.0387     CD =  2.20856   =>   CDf =  0.00321    CDp =  2.20535

 MRCHDU: Convergence failed at  75  side 2    Res =  0.7635E-02
 MRCHDU: Convergence failed at  76  side 2    Res =  0.1868E-01
 MRCHDU: Convergence failed at  77  side 2    Res =  0.9255E-02
 MRCHDU: Convergence failed at  78  side 2    Res =  0.4920E-02
 MRCHDU: Convergence failed at  79  side 2    Res =  0.6117E-03
 MRCHDU: Convergence failed at  80  side 2    Res =  0.4610E-04
 MRCHDU: Convergence failed at  81  side 2    Res =  0.6398E-05
 Side 1  free  transition at x/c =  0.3842   37
 Side 2  free  transition at x/c =  0.0281   15

 189   rms: 0.7615E+01   max: -.9537E+02   T at   79  2   RLX: 0.005
       a =  1.000      CL =  0.3890
      Cm = -0.0390     CD =  2.41111   =>   CDf =  0.00321    CDp =  2.40789

 MRCHDU: Convergence failed at  75  side 2    Res =  0.4207E-02
 MRCHDU: Convergence failed at  76  side 2    Res =  0.1727E-01
 MRCHDU: Convergence failed at  77  side 2    Res =  0.7774E-02
 MRCHDU: Convergence failed at  78  side 2    Res =  0.3516E-02
 MRCHDU: Convergence failed at  79  side 2    Res =  0.2994E-03
 MRCHDU: Convergence failed at  80  side 2    Res =  0.3877E-04
 MRCHDU: Convergence failed at  81  side 2    Res =  0.5424E-05
 Side 1  free  transition at x/c =  0.3846   37
 Side 2  free  transition at x/c =  0.0281   15

 190   rms: 0.6749E+01   max: -.6839E+02   T at   79  2   RLX: 0.007
       a =  1.000      CL =  0.3896
      Cm = -0.0395     CD =  2.63515   =>   CDf =  0.00322    CDp =  2.63193

 MRCHDU: Convergence failed at  75  side 2    Res =  0.7552E-04
 MRCHDU: Convergence failed at  76  side 2    Res =  0.1540E-01
 MRCHDU: Convergence failed at  77  side 2    Res =  0.6084E-02
 MRCHDU: Convergence failed at  78  side 2    Res =  0.2140E-02
 MRCHDU: Convergence failed at  79  side 2    Res =  0.1525E-03
 MRCHDU: Convergence failed at  80  side 2    Res =  0.2837E-04
 Side 1  free  transition at x/c =  0.3850   37
 Side 2  free  transition at x/c =  0.0281   15

 191   rms: 0.6272E+01   max: -.5827E+02   T at   78  2   RLX: 0.009
       a =  1.000      CL =  0.3902
      Cm = -0.0400     CD =  2.98644   =>   CDf =  0.00322    CDp =  2.98323

 MRCHDU: Convergence failed at  76  side 2    Res =  0.6811E-02
 MRCHDU: Convergence failed at  77  side 2    Res =  0.4480E-02
 MRCHDU: Convergence failed at  78  side 2    Res =  0.1062E-02
 MRCHDU: Convergence failed at  79  side 2    Res =  0.9878E-04
 MRCHDU: Convergence failed at  80  side 2    Res =  0.1981E-04
 Side 1  free  transition at x/c =  0.3856   37
 Side 2  free  transition at x/c =  0.0280   15

 192   rms: 0.6996E+01   max: -.7200E+02   T at   78  2   RLX: 0.007
       a =  1.000      CL =  0.3902
      Cm = -0.0405     CD =  3.42980   =>   CDf =  0.00322    CDp =  3.42658

 MRCHDU: Convergence failed at  77  side 2    Res =  0.7527E-03
 MRCHDU: Convergence failed at  78  side 2    Res =  0.5414E-03
 MRCHDU: Convergence failed at  79  side 2    Res =  0.7230E-04
 MRCHDU: Convergence failed at  80  side 2    Res =  0.1452E-04
 Side 1  free  transition at x/c =  0.3866   37
 Side 2  free  transition at x/c =  0.0280   15

 193   rms: 0.6973E+01   max: -.5846E+02   T at   78  2   RLX: 0.009
       a =  1.000      CL =  0.3896
      Cm = -0.0411     CD =  3.84468   =>   CDf =  0.00323    CDp =  3.84145

 Side 1  free  transition at x/c =  0.3879   37
 Side 2  free  transition at x/c =  0.0280   15

 194   rms: 0.6059E+01   max: -.4979E+02   T at   77  2   RLX: 0.010
       a =  1.000      CL =  0.3884
      Cm = -0.0418     CD =  4.22181   =>   CDf =  0.00324    CDp =  4.21857

 Side 1  free  transition at x/c =  0.3890   38
 Side 2  free  transition at x/c =  0.0279   15

 195   rms: 0.5497E+01   max: -.4359E+02   T at   77  2   RLX: 0.011
       a =  1.000      CL =  0.3861
      Cm = -0.0425     CD =  4.53769   =>   CDf =  0.00325    CDp =  4.53444

 Side 1  free  transition at x/c =  0.3913   38
 Side 2  free  transition at x/c =  0.0279   15

 196   rms: 0.5907E+01   max: -.4215E+02   C at   82  2   RLX: 0.012
       a =  1.000      CL =  0.3827
      Cm = -0.0433     CD =  4.82511   =>   CDf =  0.00325    CDp =  4.82187

 Side 1  free  transition at x/c =  0.3943   38
 Side 2  free  transition at x/c =  0.0278   15

 197   rms: 0.4489E+01   max: 0.3110E+02   T at   83  2   RLX: 0.021
       a =  1.000      CL =  0.3934
      Cm = -0.0408     CD =  5.33151   =>   CDf =  0.00325    CDp =  5.32826

 Side 1  free  transition at x/c =  0.3860   37
 Side 2  free  transition at x/c =  0.0279   15

 198   rms: 0.4268E+01   max: -.4129E+02   C at   82  2   RLX: 0.012
       a =  1.000      CL =  0.3773
      Cm = -0.0370     CD =  5.07504   =>   CDf =  0.00325    CDp =  5.07179

 Side 1  free  transition at x/c =  0.3879   37
 Side 2  free  transition at x/c =  0.0278   15

 199   rms: 0.1012E+02   max: -.9422E+02   C at   82  2   RLX: 0.005
       a =  1.000      CL =  0.3751
      Cm = -0.0372     CD =  5.14382   =>   CDf =  0.00327    CDp =  5.14055

 Side 1  free  transition at x/c =  0.3893   38
 Side 2  free  transition at x/c =  0.0278   15

 200   rms: 0.1233E+03   max: 0.1138E+04   C at   79  2   RLX: 0.001
       a =  1.000      CL =  0.3766
      Cm = -0.0366     CD =  5.19284   =>   CDf =  0.00327    CDp =  5.18957

 Side 1  free  transition at x/c =  0.3880   37
 Side 2  free  transition at x/c =  0.0278   15

 201   rms: 0.1040E+02   max: -.9651E+02   C at   82  2   RLX: 0.005
       a =  1.000      CL =  0.3748
      Cm = -0.0370     CD =  5.14970   =>   CDf =  0.00327    CDp =  5.14643

 Side 1  free  transition at x/c =  0.3894   38
 Side 2  free  transition at x/c =  0.0278   15

 202   rms: 0.1324E+03   max: 0.1225E+04   C at   79  2   RLX: 0.001
       a =  1.000      CL =  0.3762
      Cm = -0.0365     CD =  5.19225   =>   CDf =  0.00326    CDp =  5.18898

 Side 1  free  transition at x/c =  0.3882   38
 Side 2  free  transition at x/c =  0.0278   15

 203   rms: 0.1113E+02   max: -.1019E+03   C at   82  2   RLX: 0.005
       a =  1.000      CL =  0.3746
      Cm = -0.0369     CD =  5.14677   =>   CDf =  0.00327    CDp =  5.14350

 Side 1  free  transition at x/c =  0.3894   38
 Side 2  free  transition at x/c =  0.0278   15

 204   rms: 0.1452E+03   max: 0.1345E+04   C at   79  2   RLX: 0.001
       a =  1.000      CL =  0.3759
      Cm = -0.0364     CD =  5.19520   =>   CDf =  0.00326    CDp =  5.19194

 Side 1  free  transition at x/c =  0.3883   38
 Side 2  free  transition at x/c =  0.0278   15

 205   rms: 0.1250E+02   max: -.1129E+03   C at   82  2   RLX: 0.004
       a =  1.000      CL =  0.3744
      Cm = -0.0368     CD =  5.15378   =>   CDf =  0.00327    CDp =  5.15051
 VISCAL:  Convergence failed
      9.000    3.2784   5.153778   0.000000   0.000000   0.000000    0.3883     #
 Calculating wake trajectory ...
 Calculating source influence matrix ...

 Solving BL system ...

 Side 1  free  transition at x/c =  0.3894   38
 Side 2  free  transition at x/c =  0.0278   15

   1   rms: 0.1788E+03   max: 0.1664E+04   C at   80  2   RLX: 0.001
       a =  2.000      CL =  0.3755
      Cm = -0.0364     CD =  5.20038   =>   CDf =  0.00327    CDp =  5.19712

 Side 1  free  transition at x/c =  0.3884   38
 Side 2  free  transition at x/c =  0.0278   15

   2   rms: 0.1091E+02   max: -.1006E+03   C at   82  2   RLX: 0.005
       a =  2.000      CL =  0.3746
      Cm = -0.0367     CD =  5.15143   =>   CDf =  0.00327    CDp =  5.14817

 Side 1  free  transition at x/c =  0.3893   38
 Side 2  free  transition at x/c =  0.0278   15

   3   rms: 0.1730E+03   max: 0.1598E+04   C at   80  2   RLX: 0.001
       a =  2.000      CL =  0.3761
      Cm = -0.0364     CD =  5.21547   =>   CDf =  0.00327    CDp =  5.21220

 Side 1  free  transition at x/c =  0.3882   38
 Side 2  free  transition at x/c =  0.0278   15

   4   rms: 0.9966E+01   max: -.9119E+02   C at   82  2   RLX: 0.005
       a =  2.000      CL =  0.3750
      Cm = -0.0367     CD =  5.14304   =>   CDf =  0.00327    CDp =  5.13977

 Side 1  free  transition at x/c =  0.3891   38
 Side 2  free  transition at x/c =  0.0278   15

   5   rms: 0.1710E+03   max: 0.1574E+04   C at   80  2   RLX: 0.001
       a =  2.000      CL =  0.3765
      Cm = -0.0363     CD =  5.22228   =>   CDf =  0.00327    CDp =  5.21901

 Side 1  free  transition at x/c =  0.3880   37
 Side 2  free  transition at x/c =  0.0278   15

   6   rms: 0.9791E+01   max: -.9022E+02   C at   82  2   RLX: 0.006
       a =  2.000      CL =  0.3753
      Cm = -0.0367     CD =  5.14556   =>   CDf =  0.00327    CDp =  5.14228

 Side 1  free  transition at x/c =  0.3890   38
 Side 2  free  transition at x/c =  0.0278   15

   7   rms: 0.1812E+03   max: 0.1670E+04   C at   80  2   RLX: 0.001
       a =  2.000      CL =  0.3767
      Cm = -0.0363     CD =  5.21041   =>   CDf =  0.00327    CDp =  5.20713

 Side 1  free  transition at x/c =  0.3880   37
 Side 2  free  transition at x/c =  0.0278   15

   8   rms: 0.9524E+01   max: -.9403E+02   C at   82  2   RLX: 0.005
       a =  2.000      CL =  0.3756
      Cm = -0.0367     CD =  5.13840   =>   CDf =  0.00328    CDp =  5.13513

 Side 1  free  transition at x/c =  0.3890   38
 Side 2  free  transition at x/c =  0.0278   15

   9   rms: 0.1989E+03   max: 0.1838E+04   C at   80  2   RLX: 0.001
       a =  2.000      CL =  0.3768
      Cm = -0.0363     CD =  5.17675   =>   CDf =  0.00328    CDp =  5.17348

 Side 1  free  transition at x/c =  0.3880   37
 Side 2  free  transition at x/c =  0.0278   15

  10   rms: 0.1065E+02   max: -.1043E+03   C at   82  2   RLX: 0.005
       a =  2.000      CL =  0.3757
      Cm = -0.0367     CD =  5.11222   =>   CDf =  0.00328    CDp =  5.10895

 Side 1  free  transition at x/c =  0.3891   38
 Side 2  free  transition at x/c =  0.0278   15

  11   rms: 0.2206E+03   max: 0.2047E+04   C at   80  2   RLX: 0.001
       a =  2.000      CL =  0.3768
      Cm = -0.0364     CD =  5.14330   =>   CDf =  0.00328    CDp =  5.14002

 Side 1  free  transition at x/c =  0.3881   38
 Side 2  free  transition at x/c =  0.0278   15

  12   rms: 0.4790E+02   max: 0.3933E+03   C at   78  2   RLX: 0.004
       a =  2.000      CL =  0.3828
      Cm = -0.0351     CD =  5.20207   =>   CDf =  0.00328    CDp =  5.19879

 Side 1  free  transition at x/c =  0.3842   37
 Side 2  free  transition at x/c =  0.0278   15

  13   rms: 0.3260E+01   max: -.3197E+02   C at   82  2   RLX: 0.016
       a =  2.000      CL =  0.3797
      Cm = -0.0342     CD =  4.91202   =>   CDf =  0.00327    CDp =  4.90875

 Side 1  free  transition at x/c =  0.3846   37
 Side 2  free  transition at x/c =  0.0278   15

  14   rms: 0.4668E+01   max: -.4286E+02   C at   82  2   RLX: 0.012
       a =  2.000      CL =  0.3796
      Cm = -0.0352     CD =  5.07567   =>   CDf =  0.00328    CDp =  5.07240

 Side 1  free  transition at x/c =  0.3861   37
 Side 2  free  transition at x/c =  0.0278   15

  15   rms: 0.6667E+01   max: -.5668E+02   C at   82  2   RLX: 0.009
       a =  2.000      CL =  0.3773
      Cm = -0.0361     CD =  5.19238   =>   CDf =  0.00329    CDp =  5.18909

 Side 1  free  transition at x/c =  0.3881   37
 Side 2  free  transition at x/c =  0.0278   15

  16   rms: 0.2850E+02   max: 0.2380E+03   C at   78  2   RLX: 0.006
       a =  2.000      CL =  0.3816
      Cm = -0.0347     CD =  5.36972   =>   CDf =  0.00330    CDp =  5.36643

 Side 1  free  transition at x/c =  0.3848   37
 Side 2  free  transition at x/c =  0.0278   15

  17   rms: 0.8028E+01   max: -.6418E+02   C at   82  2   RLX: 0.008
       a =  2.000      CL =  0.3767
      Cm = -0.0344     CD =  5.15022   =>   CDf =  0.00330    CDp =  5.14693

 Side 1  free  transition at x/c =  0.3866   37
 Side 2  free  transition at x/c =  0.0278   15

  18   rms: 0.1093E+02   max: -.6619E+02   T at   76  2   RLX: 0.008
       a =  2.000      CL =  0.3836
      Cm = -0.0329     CD =  5.43990   =>   CDf =  0.00331    CDp =  5.43659

 Side 1  free  transition at x/c =  0.3813   37
 Side 2  free  transition at x/c =  0.0278   15

  19   rms: 0.8917E+01   max: -.7329E+02   C at   82  2   RLX: 0.007
       a =  2.000      CL =  0.3763
      Cm = -0.0312     CD =  5.18122   =>   CDf =  0.00331    CDp =  5.17791

 Side 1  free  transition at x/c =  0.3829   37
 Side 2  free  transition at x/c =  0.0277   15

  20   rms: 0.2204E+02   max: -.1940E+03   C at   82  2   RLX: 0.003
       a =  2.000      CL =  0.3752
      Cm = -0.0314     CD =  5.30708   =>   CDf =  0.00331    CDp =  5.30376

 Side 1  free  transition at x/c =  0.3837   37
 Side 2  free  transition at x/c =  0.0277   15

  21   rms: 0.2020E+04   max: 0.1820E+05   C at   81  2   RLX: 0.000
       a =  2.000      CL =  0.3754
      Cm = -0.0313     CD =  5.30674   =>   CDf =  0.00332    CDp =  5.30343

 Side 1  free  transition at x/c =  0.3834   37
 Side 2  free  transition at x/c =  0.0277   15

  22   rms: 0.6516E+03   max: 0.5545E+04   C at   80  2   RLX: 0.000
       a =  2.000      CL =  0.3765
      Cm = -0.0311     CD =  5.34525   =>   CDf =  0.00332    CDp =  5.34193

 Side 1  free  transition at x/c =  0.3826   37
 Side 2  free  transition at x/c =  0.0277   15

  23   rms: 0.1747E+02   max: -.1559E+03   C at   82  2   RLX: 0.003
       a =  2.000      CL =  0.3757
      Cm = -0.0315     CD =  5.22997   =>   CDf =  0.00332    CDp =  5.22666

 Side 1  free  transition at x/c =  0.3836   37
 Side 2  free  transition at x/c =  0.0277   15

  24   rms: 0.3707E+03   max: -.3382E+04   C at   82  2   RLX: 0.000
       a =  2.000      CL =  0.3754
      Cm = -0.0314     CD =  5.21628   =>   CDf =  0.00332    CDp =  5.21296

 Side 1  free  transition at x/c =  0.3837   37
 Side 2  free  transition at x/c =  0.0277   15

  25   rms: 0.3539E+04   max: 0.3211E+05   C at   80  2   RLX: 0.000
       a =  2.000      CL =  0.3756
      Cm = -0.0314     CD =  5.22272   =>   CDf =  0.00332    CDp =  5.21940

 Side 1  free  transition at x/c =  0.3836   37
 Side 2  free  transition at x/c =  0.0277   15

  26   rms: 0.2403E+03   max: -.2185E+04   C at   82  2   RLX: 0.000
       a =  2.000      CL =  0.3755
      Cm = -0.0314     CD =  5.22265   =>   CDf =  0.00332    CDp =  5.21933

 Side 1  free  transition at x/c =  0.3837   37
 Side 2  free  transition at x/c =  0.0277   15

  27   rms: 0.4488E+03   max: -.4096E+04   C at   82  2   RLX: 0.000
       a =  2.000      CL =  0.3755
      Cm = -0.0314     CD =  5.22350   =>   CDf =  0.00332    CDp =  5.22018

 Side 1  free  transition at x/c =  0.3837   37
 Side 2  free  transition at x/c =  0.0277   15

  28   rms: 0.3887E+04   max: 0.3528E+05   C at   80  2   RLX: 0.000
       a =  2.000      CL =  0.3756
      Cm = -0.0314     CD =  5.22877   =>   CDf =  0.00332    CDp =  5.22545

 Side 1  free  transition at x/c =  0.3836   37
 Side 2  free  transition at x/c =  0.0277   15

  29   rms: 0.3041E+03   max: -.2769E+04   C at   82  2   RLX: 0.000
       a =  2.000      CL =  0.3755
      Cm = -0.0314     CD =  5.22879   =>   CDf =  0.00332    CDp =  5.22547

 Side 1  free  transition at x/c =  0.3837   37
 Side 2  free  transition at x/c =  0.0277   15

  30   rms: 0.5099E+03   max: -.4653E+04   C at   82  2   RLX: 0.000
       a =  2.000      CL =  0.3755
      Cm = -0.0315     CD =  5.22922   =>   CDf =  0.00332    CDp =  5.22590

 Side 1  free  transition at x/c =  0.3837   37
 Side 2  free  transition at x/c =  0.0277   15

  31   rms: 0.7177E+03   max: -.6545E+04   C at   82  2   RLX: 0.000
       a =  2.000      CL =  0.3755
      Cm = -0.0315     CD =  5.22898   =>   CDf =  0.00332    CDp =  5.22566

 Side 1  free  transition at x/c =  0.3838   37
 Side 2  free  transition at x/c =  0.0277   15

  32   rms: 0.5123E+04   max: 0.4650E+05   C at   80  2   RLX: 0.000
       a =  2.000      CL =  0.3755
      Cm = -0.0314     CD =  5.23167   =>   CDf =  0.00332    CDp =  5.22835

 Side 1  free  transition at x/c =  0.3837   37
 Side 2  free  transition at x/c =  0.0277   15

  33   rms: 0.5351E+03   max: -.4884E+04   C at   82  2   RLX: 0.000
       a =  2.000      CL =  0.3755
      Cm = -0.0315     CD =  5.23132   =>   CDf =  0.00332    CDp =  5.22800

 Side 1  free  transition at x/c =  0.3837   37
 Side 2  free  transition at x/c =  0.0277   15

  34   rms: 0.7400E+03   max: -.6748E+04   C at   82  2   RLX: 0.000
       a =  2.000      CL =  0.3755
      Cm = -0.0315     CD =  5.23105   =>   CDf =  0.00332    CDp =  5.22773

 Side 1  free  transition at x/c =  0.3838   37
 Side 2  free  transition at x/c =  0.0277   15

  35   rms: 0.5243E+04   max: 0.4759E+05   C at   80  2   RLX: 0.000
       a =  2.000      CL =  0.3756
      Cm = -0.0315     CD =  5.23360   =>   CDf =  0.00332    CDp =  5.23028

 Side 1  free  transition at x/c =  0.3837   37
 Side 2  free  transition at x/c =  0.0277   15

  36   rms: 0.5570E+03   max: -.5083E+04   C at   82  2   RLX: 0.000
       a =  2.000      CL =  0.3755
      Cm = -0.0315     CD =  5.23322   =>   CDf =  0.00332    CDp =  5.22990

 Side 1  free  transition at x/c =  0.3837   37
 Side 2  free  transition at x/c =  0.0277   15

  37   rms: 0.7597E+03   max: -.6927E+04   C at   82  2   RLX: 0.000
       a =  2.000      CL =  0.3755
      Cm = -0.0315     CD =  5.23292   =>   CDf =  0.00332    CDp =  5.22960

 Side 1  free  transition at x/c =  0.3838   37
 Side 2  free  transition at x/c =  0.0277   15

  38   rms: 0.9772E+03   max: -.8898E+04   C at   82  2   RLX: 0.000
       a =  2.000      CL =  0.3755
      Cm = -0.0315     CD =  5.23253   =>   CDf =  0.00332    CDp =  5.22921

 Side 1  free  transition at x/c =  0.3838   37
 Side 2  free  transition at x/c =  0.0277   15

  39   rms: 0.6429E+04   max: 0.5833E+05   C at   80  2   RLX: 0.000
       a =  2.000      CL =  0.3755
      Cm = -0.0315     CD =  5.23411   =>   CDf =  0.00332    CDp =  5.23079

 Side 1  free  transition at x/c =  0.3837   37
 Side 2  free  transition at x/c =  0.0277   15

  40   rms: 0.7612E+03   max: -.6940E+04   C at   82  2   RLX: 0.000
       a =  2.000      CL =  0.3755
      Cm = -0.0315     CD =  5.23358   =>   CDf =  0.00332    CDp =  5.23026

 Side 1  free  transition at x/c =  0.3838   37
 Side 2  free  transition at x/c =  0.0277   15

  41   rms: 0.9781E+03   max: -.8907E+04   C at   82  2   RLX: 0.000
       a =  2.000      CL =  0.3755
      Cm = -0.0315     CD =  5.23319   =>   CDf =  0.00332    CDp =  5.22987

 Side 1  free  transition at x/c =  0.3838   37
 Side 2  free  transition at x/c =  0.0277   15

  42   rms: 0.6444E+04   max: 0.5847E+05   C at   80  2   RLX: 0.000
       a =  2.000      CL =  0.3756
      Cm = -0.0315     CD =  5.23477   =>   CDf =  0.00332    CDp =  5.23145

 Side 1  free  transition at x/c =  0.3837   37
 Side 2  free  transition at x/c =  0.0277   15

  43   rms: 0.7624E+03   max: -.6951E+04   C at   82  2   RLX: 0.000
       a =  2.000      CL =  0.3755
      Cm = -0.0315     CD =  5.23424   =>   CDf =  0.00332    CDp =  5.23092

 Side 1  free  transition at x/c =  0.3838   37
 Side 2  free  transition at x/c =  0.0277   15

  44   rms: 0.9789E+03   max: -.8914E+04   C at   82  2   RLX: 0.000
       a =  2.000      CL =  0.3755
      Cm = -0.0315     CD =  5.23385   =>   CDf =  0.00332    CDp =  5.23053

 Side 1  free  transition at x/c =  0.3838   37
 Side 2  free  transition at x/c =  0.0277   15

  45   rms: 0.1220E+04   max: -.1109E+05   C at   82  2   RLX: 0.000
       a =  2.000      CL =  0.3755
      Cm = -0.0315     CD =  5.23347   =>   CDf =  0.00332    CDp =  5.23015

 Side 1  free  transition at x/c =  0.3838   37
 Side 2  free  transition at x/c =  0.0277   15

  46   rms: 0.7692E+04   max: 0.6978E+05   C at   76  2   RLX: 0.000
       a =  2.000      CL =  0.3756
      Cm = -0.0315     CD =  5.23456   =>   CDf =  0.00332    CDp =  5.23124

 Side 1  free  transition at x/c =  0.3837   37
 Side 2  free  transition at x/c =  0.0277   15

  47   rms: 0.9644E+03   max: -.8783E+04   C at   82  2   RLX: 0.000
       a =  2.000      CL =  0.3756
      Cm = -0.0315     CD =  5.23400   =>   CDf =  0.00332    CDp =  5.23068

 Side 1  free  transition at x/c =  0.3838   37
 Side 2  free  transition at x/c =  0.0277   15

  48   rms: 0.1203E+04   max: -.1095E+05   C at   82  2   RLX: 0.000
       a =  2.000      CL =  0.3755
      Cm = -0.0315     CD =  5.23362   =>   CDf =  0.00332    CDp =  5.23030

 Side 1  free  transition at x/c =  0.3838   37
 Side 2  free  transition at x/c =  0.0277   15

  49   rms: 0.7614E+04   max: 0.6908E+05   C at   76  2   RLX: 0.000
       a =  2.000      CL =  0.3756
      Cm = -0.0315     CD =  5.23473   =>   CDf =  0.00332    CDp =  5.23141

 Side 1  free  transition at x/c =  0.3837   37
 Side 2  free  transition at x/c =  0.0277   15

  50   rms: 0.9509E+03   max: -.8660E+04   C at   82  2   RLX: 0.000
       a =  2.000      CL =  0.3756
      Cm = -0.0315     CD =  5.23417   =>   CDf =  0.00332    CDp =  5.23085

 Side 1  free  transition at x/c =  0.3838   37
 Side 2  free  transition at x/c =  0.0277   15

  51   rms: 0.1188E+04   max: -.1081E+05   C at   82  2   RLX: 0.000
       a =  2.000      CL =  0.3756
      Cm = -0.0315     CD =  5.23379   =>   CDf =  0.00332    CDp =  5.23047

 Side 1  free  transition at x/c =  0.3838   37
 Side 2  free  transition at x/c =  0.0277   15

  52   rms: 0.7542E+04   max: 0.6842E+05   C at   76  2   RLX: 0.000
       a =  2.000      CL =  0.3756
      Cm = -0.0315     CD =  5.23492   =>   CDf =  0.00332    CDp =  5.23160

 Side 1  free  transition at x/c =  0.3837   37
 Side 2  free  transition at x/c =  0.0277   15

  53   rms: 0.9383E+03   max: -.8546E+04   C at   82  2   RLX: 0.000
       a =  2.000      CL =  0.3756
      Cm = -0.0315     CD =  5.23436   =>   CDf =  0.00332    CDp =  5.23104

 Side 1  free  transition at x/c =  0.3838   37
 Side 2  free  transition at x/c =  0.0277   15

  54   rms: 0.1171E+04   max: -.1065E+05   C at   82  2   RLX: 0.000
       a =  2.000      CL =  0.3756
      Cm = -0.0315     CD =  5.23398   =>   CDf =  0.00332    CDp =  5.23066

 Side 1  free  transition at x/c =  0.3838   37
 Side 2  free  transition at x/c =  0.0277   15

  55   rms: 0.7475E+04   max: 0.6781E+05   C at   76  2   RLX: 0.000
       a =  2.000      CL =  0.3756
      Cm = -0.0315     CD =  5.23514   =>   CDf =  0.00332    CDp =  5.23181

 Side 1  free  transition at x/c =  0.3837   37
 Side 2  free  transition at x/c =  0.0277   15

  56   rms: 0.9241E+03   max: -.8417E+04   C at   82  2   RLX: 0.000
       a =  2.000      CL =  0.3756
      Cm = -0.0315     CD =  5.23458   =>   CDf =  0.00332    CDp =  5.23126

 Side 1  free  transition at x/c =  0.3838   37
 Side 2  free  transition at x/c =  0.0277   15

  57   rms: 0.1157E+04   max: -.1053E+05   C at   82  2   RLX: 0.000
       a =  2.000      CL =  0.3756
      Cm = -0.0315     CD =  5.23419   =>   CDf =  0.00332    CDp =  5.23087

 Side 1  free  transition at x/c =  0.3838   37
 Side 2  free  transition at x/c =  0.0277   15

  58   rms: 0.1419E+04   max: -.1291E+05   C at   82  2   RLX: 0.000
       a =  2.000      CL =  0.3756
      Cm = -0.0315     CD =  5.23385   =>   CDf =  0.00332    CDp =  5.23053

 Side 1  free  transition at x/c =  0.3838   37
 Side 2  free  transition at x/c =  0.0277   15

  59   rms: 0.8785E+04   max: 0.7969E+05   C at   76  2   RLX: 0.000
       a =  2.000      CL =  0.3756
      Cm = -0.0315     CD =  5.23469   =>   CDf =  0.00332    CDp =  5.23137

 Side 1  free  transition at x/c =  0.3838   37
 Side 2  free  transition at x/c =  0.0277   15

  60   rms: 0.1130E+04   max: -.1028E+05   C at   82  2   RLX: 0.000
       a =  2.000      CL =  0.3756
      Cm = -0.0315     CD =  5.23414   =>   CDf =  0.00332    CDp =  5.23082

 Side 1  free  transition at x/c =  0.3838   37
 Side 2  free  transition at x/c =  0.0277   15

  61   rms: 0.1389E+04   max: -.1263E+05   C at   82  2   RLX: 0.000
       a =  2.000      CL =  0.3756
      Cm = -0.0315     CD =  5.23380   =>   CDf =  0.00332    CDp =  5.23047

 Side 1  free  transition at x/c =  0.3838   37
 Side 2  free  transition at x/c =  0.0277   15

  62   rms: 0.8627E+04   max: 0.7826E+05   C at   76  2   RLX: 0.000
       a =  2.000      CL =  0.3757
      Cm = -0.0315     CD =  5.23466   =>   CDf =  0.00332    CDp =  5.23134

 Side 1  free  transition at x/c =  0.3838   37
 Side 2  free  transition at x/c =  0.0277   15

  63   rms: 0.1104E+04   max: -.1005E+05   C at   82  2   RLX: 0.000
       a =  2.000      CL =  0.3756
      Cm = -0.0315     CD =  5.23411   =>   CDf =  0.00332    CDp =  5.23079

 Side 1  free  transition at x/c =  0.3838   37
 Side 2  free  transition at x/c =  0.0277   15

  64   rms: 0.1360E+04   max: -.1236E+05   C at   82  2   RLX: 0.000
       a =  2.000      CL =  0.3756
      Cm = -0.0316     CD =  5.23376   =>   CDf =  0.00332    CDp =  5.23044

 Side 1  free  transition at x/c =  0.3838   37
 Side 2  free  transition at x/c =  0.0277   15

  65   rms: 0.8481E+04   max: 0.7693E+05   C at   76  2   RLX: 0.000
       a =  2.000      CL =  0.3757
      Cm = -0.0315     CD =  5.23466   =>   CDf =  0.00332    CDp =  5.23134

 Side 1  free  transition at x/c =  0.3837   37
 Side 2  free  transition at x/c =  0.0277   15

  66   rms: 0.1081E+04   max: -.9836E+04   C at   82  2   RLX: 0.000
       a =  2.000      CL =  0.3757
      Cm = -0.0315     CD =  5.23411   =>   CDf =  0.00332    CDp =  5.23079

 Side 1  free  transition at x/c =  0.3838   37
 Side 2  free  transition at x/c =  0.0277   15

  67   rms: 0.1333E+04   max: -.1212E+05   C at   82  2   RLX: 0.000
       a =  2.000      CL =  0.3757
      Cm = -0.0316     CD =  5.23375   =>   CDf =  0.00332    CDp =  5.23043

 Side 1  free  transition at x/c =  0.3838   37
 Side 2  free  transition at x/c =  0.0277   15

  68   rms: 0.8345E+04   max: 0.7571E+05   C at   76  2   RLX: 0.000
       a =  2.000      CL =  0.3757
      Cm = -0.0315     CD =  5.23468   =>   CDf =  0.00332    CDp =  5.23135

 Side 1  free  transition at x/c =  0.3837   37
 Side 2  free  transition at x/c =  0.0277   15

  69   rms: 0.1059E+04   max: -.9636E+04   C at   82  2   RLX: 0.000
       a =  2.000      CL =  0.3757
      Cm = -0.0316     CD =  5.23412   =>   CDf =  0.00332    CDp =  5.23080

 Side 1  free  transition at x/c =  0.3838   37
 Side 2  free  transition at x/c =  0.0277   15

  70   rms: 0.1308E+04   max: -.1190E+05   C at   82  2   RLX: 0.000
       a =  2.000      CL =  0.3757
      Cm = -0.0316     CD =  5.23376   =>   CDf =  0.00332    CDp =  5.23044

 Side 1  free  transition at x/c =  0.3838   37
 Side 2  free  transition at x/c =  0.0277   15

  71   rms: 0.1589E+04   max: -.1444E+05   C at   82  2   RLX: 0.000
       a =  2.000      CL =  0.3757
      Cm = -0.0316     CD =  5.23344   =>   CDf =  0.00332    CDp =  5.23012

 Side 1  free  transition at x/c =  0.3838   37
 Side 2  free  transition at x/c =  0.0277   15

  72   rms: 0.9703E+04   max: 0.8802E+05   C at   76  2   RLX: 0.000
       a =  2.000      CL =  0.3757
      Cm = -0.0316     CD =  5.23414   =>   CDf =  0.00332    CDp =  5.23082

 Side 1  free  transition at x/c =  0.3838   37
 Side 2  free  transition at x/c =  0.0277   15

  73   rms: 0.1270E+04   max: -.1155E+05   C at   82  2   RLX: 0.000
       a =  2.000      CL =  0.3757
      Cm = -0.0316     CD =  5.23362   =>   CDf =  0.00332    CDp =  5.23030

 Side 1  free  transition at x/c =  0.3838   37
 Side 2  free  transition at x/c =  0.0277   15

  74   rms: 0.1546E+04   max: -.1405E+05   C at   82  2   RLX: 0.000
       a =  2.000      CL =  0.3757
      Cm = -0.0316     CD =  5.23329   =>   CDf =  0.00332    CDp =  5.22997

 Side 1  free  transition at x/c =  0.3838   37
 Side 2  free  transition at x/c =  0.0277   15

  75   rms: 0.9479E+04   max: 0.8598E+05   C at   76  2   RLX: 0.000
       a =  2.000      CL =  0.3757
      Cm = -0.0316     CD =  5.23402   =>   CDf =  0.00332    CDp =  5.23070

 Side 1  free  transition at x/c =  0.3838   37
 Side 2  free  transition at x/c =  0.0277   15

  76   rms: 0.1234E+04   max: -.1123E+05   C at   82  2   RLX: 0.000
       a =  2.000      CL =  0.3757
      Cm = -0.0316     CD =  5.23349   =>   CDf =  0.00332    CDp =  5.23017

 Side 1  free  transition at x/c =  0.3838   37
 Side 2  free  transition at x/c =  0.0277   15

  77   rms: 0.1506E+04   max: -.1369E+05   C at   82  2   RLX: 0.000
       a =  2.000      CL =  0.3757
      Cm = -0.0316     CD =  5.23316   =>   CDf =  0.00332    CDp =  5.22984

 Side 1  free  transition at x/c =  0.3838   37
 Side 2  free  transition at x/c =  0.0277   15

  78   rms: 0.9271E+04   max: 0.8410E+05   C at   76  2   RLX: 0.000
       a =  2.000      CL =  0.3757
      Cm = -0.0316     CD =  5.23392   =>   CDf =  0.00332    CDp =  5.23060

 Side 1  free  transition at x/c =  0.3838   37
 Side 2  free  transition at x/c =  0.0277   15

  79   rms: 0.1201E+04   max: -.1093E+05   C at   82  2   RLX: 0.000
       a =  2.000      CL =  0.3757
      Cm = -0.0316     CD =  5.23339   =>   CDf =  0.00332    CDp =  5.23007

 Side 1  free  transition at x/c =  0.3838   37
 Side 2  free  transition at x/c =  0.0277   15

  80   rms: 0.1469E+04   max: -.1335E+05   C at   82  2   RLX: 0.000
       a =  2.000      CL =  0.3757
      Cm = -0.0316     CD =  5.23305   =>   CDf =  0.00332    CDp =  5.22973

 Side 1  free  transition at x/c =  0.3838   37
 Side 2  free  transition at x/c =  0.0277   15

  81   rms: 0.1770E+04   max: -.1608E+05   C at   82  2   RLX: 0.000
       a =  2.000      CL =  0.3757
      Cm = -0.0316     CD =  5.23276   =>   CDf =  0.00332    CDp =  5.22944

 Side 1  free  transition at x/c =  0.3838   37
 Side 2  free  transition at x/c =  0.0277   15

  82   rms: 0.1067E+05   max: 0.9682E+05   C at   76  2   RLX: 0.000
       a =  2.000      CL =  0.3757
      Cm = -0.0316     CD =  5.23336   =>   CDf =  0.00332    CDp =  5.23003

 Side 1  free  transition at x/c =  0.3838   37
 Side 2  free  transition at x/c =  0.0277   15

  83   rms: 0.1419E+04   max: -.1290E+05   C at   82  2   RLX: 0.000
       a =  2.000      CL =  0.3757
      Cm = -0.0316     CD =  5.23285   =>   CDf =  0.00332    CDp =  5.22953

 Side 1  free  transition at x/c =  0.3838   37
 Side 2  free  transition at x/c =  0.0277   15

  84   rms: 0.1714E+04   max: -.1557E+05   C at   82  2   RLX: 0.000
       a =  2.000      CL =  0.3757
      Cm = -0.0316     CD =  5.23256   =>   CDf =  0.00332    CDp =  5.22923

 Side 1  free  transition at x/c =  0.3838   37
 Side 2  free  transition at x/c =  0.0277   15

  85   rms: 0.1038E+05   max: 0.9415E+05   C at   76  2   RLX: 0.000
       a =  2.000      CL =  0.3758
      Cm = -0.0316     CD =  5.23318   =>   CDf =  0.00332    CDp =  5.22986

 Side 1  free  transition at x/c =  0.3838   37
 Side 2  free  transition at x/c =  0.0277   15

  86   rms: 0.1372E+04   max: -.1248E+05   C at   82  2   RLX: 0.000
       a =  2.000      CL =  0.3757
      Cm = -0.0316     CD =  5.23267   =>   CDf =  0.00332    CDp =  5.22935

 Side 1  free  transition at x/c =  0.3838   37
 Side 2  free  transition at x/c =  0.0277   15

  87   rms: 0.1661E+04   max: -.1510E+05   C at   82  2   RLX: 0.000
       a =  2.000      CL =  0.3757
      Cm = -0.0316     CD =  5.23236   =>   CDf =  0.00332    CDp =  5.22904

 Side 1  free  transition at x/c =  0.3838   37
 Side 2  free  transition at x/c =  0.0277   15

  88   rms: 0.1011E+05   max: 0.9167E+05   C at   76  2   RLX: 0.000
       a =  2.000      CL =  0.3758
      Cm = -0.0316     CD =  5.23302   =>   CDf =  0.00332    CDp =  5.22970

 Side 1  free  transition at x/c =  0.3838   37
 Side 2  free  transition at x/c =  0.0277   15

  89   rms: 0.1329E+04   max: -.1209E+05   C at   82  2   RLX: 0.000
       a =  2.000      CL =  0.3758
      Cm = -0.0316     CD =  5.23250   =>   CDf =  0.00332    CDp =  5.22918

 Side 1  free  transition at x/c =  0.3838   37
 Side 2  free  transition at x/c =  0.0277   15

  90   rms: 0.1613E+04   max: -.1466E+05   C at   82  2   RLX: 0.000
       a =  2.000      CL =  0.3758
      Cm = -0.0316     CD =  5.23219   =>   CDf =  0.00332    CDp =  5.22887

 Side 1  free  transition at x/c =  0.3838   37
 Side 2  free  transition at x/c =  0.0277   15

  91   rms: 0.9853E+04   max: 0.8938E+05   C at   76  2   RLX: 0.000
       a =  2.000      CL =  0.3758
      Cm = -0.0316     CD =  5.23287   =>   CDf =  0.00332    CDp =  5.22955

 Side 1  free  transition at x/c =  0.3838   37
 Side 2  free  transition at x/c =  0.0277   15

  92   rms: 0.1289E+04   max: -.1173E+05   C at   82  2   RLX: 0.000
       a =  2.000      CL =  0.3758
      Cm = -0.0316     CD =  5.23235   =>   CDf =  0.00332    CDp =  5.22902

 Side 1  free  transition at x/c =  0.3838   37
 Side 2  free  transition at x/c =  0.0277   15

  93   rms: 0.1568E+04   max: -.1425E+05   C at   82  2   RLX: 0.000
       a =  2.000      CL =  0.3758
      Cm = -0.0316     CD =  5.23203   =>   CDf =  0.00332    CDp =  5.22871

 Side 1  free  transition at x/c =  0.3838   37
 Side 2  free  transition at x/c =  0.0277   15

  94   rms: 0.1881E+04   max: -.1709E+05   C at   82  2   RLX: 0.000
       a =  2.000      CL =  0.3758
      Cm = -0.0316     CD =  5.23175   =>   CDf =  0.00332    CDp =  5.22843

 Side 1  free  transition at x/c =  0.3838   37
 Side 2  free  transition at x/c =  0.0277   15

  95   rms: 0.1128E+05   max: 0.1023E+06   C at   76  2   RLX: 0.000
       a =  2.000      CL =  0.3758
      Cm = -0.0316     CD =  5.23229   =>   CDf =  0.00332    CDp =  5.22897

 Side 1  free  transition at x/c =  0.3838   37
 Side 2  free  transition at x/c =  0.0277   15

  96   rms: 0.1511E+04   max: -.1373E+05   C at   82  2   RLX: 0.000
       a =  2.000      CL =  0.3758
      Cm = -0.0316     CD =  5.23181   =>   CDf =  0.00332    CDp =  5.22849

 Side 1  free  transition at x/c =  0.3838   37
 Side 2  free  transition at x/c =  0.0277   15

  97   rms: 0.1817E+04   max: -.1651E+05   C at   82  2   RLX: 0.000
       a =  2.000      CL =  0.3758
      Cm = -0.0316     CD =  5.23152   =>   CDf =  0.00332    CDp =  5.22820

 Side 1  free  transition at x/c =  0.3838   37
 Side 2  free  transition at x/c =  0.0277   15

  98   rms: 0.1094E+05   max: 0.9926E+05   C at   76  2   RLX: 0.000
       a =  2.000      CL =  0.3758
      Cm = -0.0316     CD =  5.23209   =>   CDf =  0.00332    CDp =  5.22877

 Side 1  free  transition at x/c =  0.3838   37
 Side 2  free  transition at x/c =  0.0277   15

  99   rms: 0.1458E+04   max: -.1325E+05   C at   82  2   RLX: 0.000
       a =  2.000      CL =  0.3758
      Cm = -0.0316     CD =  5.23160   =>   CDf =  0.00332    CDp =  5.22828

 Side 1  free  transition at x/c =  0.3838   37
 Side 2  free  transition at x/c =  0.0277   15

 100   rms: 0.1757E+04   max: -.1597E+05   C at   82  2   RLX: 0.000
       a =  2.000      CL =  0.3758
      Cm = -0.0316     CD =  5.23131   =>   CDf =  0.00332    CDp =  5.22798

 Side 1  free  transition at x/c =  0.3838   37
 Side 2  free  transition at x/c =  0.0277   15

 101   rms: 0.1063E+05   max: 0.9642E+05   C at   76  2   RLX: 0.000
       a =  2.000      CL =  0.3758
      Cm = -0.0316     CD =  5.23191   =>   CDf =  0.00332    CDp =  5.22858

 Side 1  free  transition at x/c =  0.3838   37
 Side 2  free  transition at x/c =  0.0277   15

 102   rms: 0.1408E+04   max: -.1280E+05   C at   82  2   RLX: 0.000
       a =  2.000      CL =  0.3758
      Cm = -0.0316     CD =  5.23140   =>   CDf =  0.00332    CDp =  5.22808

 Side 1  free  transition at x/c =  0.3838   37
 Side 2  free  transition at x/c =  0.0277   15

 103   rms: 0.1702E+04   max: -.1546E+05   C at   82  2   RLX: 0.000
       a =  2.000      CL =  0.3758
      Cm = -0.0316     CD =  5.23110   =>   CDf =  0.00332    CDp =  5.22778

 Side 1  free  transition at x/c =  0.3838   37
 Side 2  free  transition at x/c =  0.0277   15

 104   rms: 0.1034E+05   max: 0.9378E+05   C at   76  2   RLX: 0.000
       a =  2.000      CL =  0.3758
      Cm = -0.0316     CD =  5.23173   =>   CDf =  0.00332    CDp =  5.22841

 Side 1  free  transition at x/c =  0.3837   37
 Side 2  free  transition at x/c =  0.0277   15

 105   rms: 0.1362E+04   max: -.1239E+05   C at   82  2   RLX: 0.000
       a =  2.000      CL =  0.3758
      Cm = -0.0316     CD =  5.23122   =>   CDf =  0.00332    CDp =  5.22790

 Side 1  free  transition at x/c =  0.3838   37
 Side 2  free  transition at x/c =  0.0277   15

 106   rms: 0.1650E+04   max: -.1500E+05   C at   82  2   RLX: 0.000
       a =  2.000      CL =  0.3758
      Cm = -0.0316     CD =  5.23091   =>   CDf =  0.00332    CDp =  5.22759

 Side 1  free  transition at x/c =  0.3838   37
 Side 2  free  transition at x/c =  0.0277   15

 107   rms: 0.1973E+04   max: -.1793E+05   C at   82  2   RLX: 0.000
       a =  2.000      CL =  0.3758
      Cm = -0.0316     CD =  5.23065   =>   CDf =  0.00332    CDp =  5.22732

 Side 1  free  transition at x/c =  0.3838   37
 Side 2  free  transition at x/c =  0.0277   15

 108   rms: 0.1179E+05   max: 0.1069E+06   C at   76  2   RLX: 0.000
       a =  2.000      CL =  0.3759
      Cm = -0.0316     CD =  5.23115   =>   CDf =  0.00332    CDp =  5.22783

 Side 1  free  transition at x/c =  0.3838   37
 Side 2  free  transition at x/c =  0.0277   15

 109   rms: 0.1587E+04   max: -.1442E+05   C at   82  2   RLX: 0.000
       a =  2.000      CL =  0.3758
      Cm = -0.0316     CD =  5.23068   =>   CDf =  0.00332    CDp =  5.22736

 Side 1  free  transition at x/c =  0.3838   37
 Side 2  free  transition at x/c =  0.0277   15

 110   rms: 0.1903E+04   max: -.1728E+05   C at   82  2   RLX: 0.000
       a =  2.000      CL =  0.3758
      Cm = -0.0316     CD =  5.23040   =>   CDf =  0.00332    CDp =  5.22708

 Side 1  free  transition at x/c =  0.3838   37
 Side 2  free  transition at x/c =  0.0277   15

 111   rms: 0.1141E+05   max: 0.1035E+06   C at   76  2   RLX: 0.000
       a =  2.000      CL =  0.3759
      Cm = -0.0316     CD =  5.23094   =>   CDf =  0.00332    CDp =  5.22762

 Side 1  free  transition at x/c =  0.3838   37
 Side 2  free  transition at x/c =  0.0277   15

 112   rms: 0.1528E+04   max: -.1389E+05   C at   82  2   RLX: 0.000
       a =  2.000      CL =  0.3759
      Cm = -0.0316     CD =  5.23045   =>   CDf =  0.00332    CDp =  5.22713

 Side 1  free  transition at x/c =  0.3838   37
 Side 2  free  transition at x/c =  0.0277   15

 113   rms: 0.1837E+04   max: -.1669E+05   C at   82  2   RLX: 0.000
       a =  2.000      CL =  0.3759
      Cm = -0.0316     CD =  5.23017   =>   CDf =  0.00332    CDp =  5.22685

 Side 1  free  transition at x/c =  0.3838   37
 Side 2  free  transition at x/c =  0.0277   15

 114   rms: 0.1107E+05   max: 0.1004E+06   C at   76  2   RLX: 0.000
       a =  2.000      CL =  0.3759
      Cm = -0.0316     CD =  5.23073   =>   CDf =  0.00332    CDp =  5.22741

 Side 1  free  transition at x/c =  0.3838   37
 Side 2  free  transition at x/c =  0.0277   15

 115   rms: 0.1474E+04   max: -.1340E+05   C at   82  2   RLX: 0.000
       a =  2.000      CL =  0.3759
      Cm = -0.0316     CD =  5.23024   =>   CDf =  0.00332    CDp =  5.22692

 Side 1  free  transition at x/c =  0.3838   37
 Side 2  free  transition at x/c =  0.0277   15

 116   rms: 0.1775E+04   max: -.1613E+05   C at   82  2   RLX: 0.000
       a =  2.000      CL =  0.3759
      Cm = -0.0316     CD =  5.22995   =>   CDf =  0.00332    CDp =  5.22663

 Side 1  free  transition at x/c =  0.3838   37
 Side 2  free  transition at x/c =  0.0277   15

 117   rms: 0.1074E+05   max: 0.9745E+05   C at   76  2   RLX: 0.000
       a =  2.000      CL =  0.3759
      Cm = -0.0316     CD =  5.23054   =>   CDf =  0.00332    CDp =  5.22722

 Side 1  free  transition at x/c =  0.3837   37
 Side 2  free  transition at x/c =  0.0277   15

 118   rms: 0.1423E+04   max: -.1294E+05   C at   82  2   RLX: 0.000
       a =  2.000      CL =  0.3759
      Cm = -0.0316     CD =  5.23004   =>   CDf =  0.00332    CDp =  5.22672

 Side 1  free  transition at x/c =  0.3838   37
 Side 2  free  transition at x/c =  0.0277   15

 119   rms: 0.1718E+04   max: -.1561E+05   C at   82  2   RLX: 0.000
       a =  2.000      CL =  0.3759
      Cm = -0.0316     CD =  5.22974   =>   CDf =  0.00332    CDp =  5.22642

 Side 1  free  transition at x/c =  0.3838   37
 Side 2  free  transition at x/c =  0.0277   15

 120   rms: 0.2050E+04   max: -.1862E+05   C at   82  2   RLX: 0.000
       a =  2.000      CL =  0.3759
      Cm = -0.0316     CD =  5.22948   =>   CDf =  0.00332    CDp =  5.22616

 Side 1  free  transition at x/c =  0.3838   37
 Side 2  free  transition at x/c =  0.0277   15

 121   rms: 0.1221E+05   max: 0.1107E+06   C at   76  2   RLX: 0.000
       a =  2.000      CL =  0.3759
      Cm = -0.0316     CD =  5.22996   =>   CDf =  0.00332    CDp =  5.22664

 Side 1  free  transition at x/c =  0.3838   37
 Side 2  free  transition at x/c =  0.0277   15

 122   rms: 0.1650E+04   max: -.1500E+05   C at   82  2   RLX: 0.000
       a =  2.000      CL =  0.3759
      Cm = -0.0316     CD =  5.22950   =>   CDf =  0.00332    CDp =  5.22618

 Side 1  free  transition at x/c =  0.3838   37
 Side 2  free  transition at x/c =  0.0277   15

 123   rms: 0.1973E+04   max: -.1792E+05   C at   82  2   RLX: 0.000
       a =  2.000      CL =  0.3759
      Cm = -0.0316     CD =  5.22923   =>   CDf =  0.00332    CDp =  5.22591

 Side 1  free  transition at x/c =  0.3838   37
 Side 2  free  transition at x/c =  0.0277   15

 124   rms: 0.1180E+05   max: 0.1071E+06   C at   76  2   RLX: 0.000
       a =  2.000      CL =  0.3759
      Cm = -0.0316     CD =  5.22974   =>   CDf =  0.00332    CDp =  5.22642

 Side 1  free  transition at x/c =  0.3838   37
 Side 2  free  transition at x/c =  0.0277   15

 125   rms: 0.1587E+04   max: -.1442E+05   C at   82  2   RLX: 0.000
       a =  2.000      CL =  0.3759
      Cm = -0.0316     CD =  5.22927   =>   CDf =  0.00332    CDp =  5.22594

 Side 1  free  transition at x/c =  0.3838   37
 Side 2  free  transition at x/c =  0.0277   15

 126   rms: 0.1902E+04   max: -.1728E+05   C at   82  2   RLX: 0.000
       a =  2.000      CL =  0.3759
      Cm = -0.0316     CD =  5.22899   =>   CDf =  0.00332    CDp =  5.22567

 Side 1  free  transition at x/c =  0.3838   37
 Side 2  free  transition at x/c =  0.0277   15

 127   rms: 0.1143E+05   max: 0.1037E+06   C at   76  2   RLX: 0.000
       a =  2.000      CL =  0.3759
      Cm = -0.0316     CD =  5.22953   =>   CDf =  0.00332    CDp =  5.22620

 Side 1  free  transition at x/c =  0.3837   37
 Side 2  free  transition at x/c =  0.0277   15

 128   rms: 0.1528E+04   max: -.1389E+05   C at   82  2   RLX: 0.000
       a =  2.000      CL =  0.3759
      Cm = -0.0316     CD =  5.22904   =>   CDf =  0.00332    CDp =  5.22572

 Side 1  free  transition at x/c =  0.3838   37
 Side 2  free  transition at x/c =  0.0277   15

 129   rms: 0.1836E+04   max: -.1668E+05   C at   82  2   RLX: 0.000
       a =  2.000      CL =  0.3759
      Cm = -0.0316     CD =  5.22876   =>   CDf =  0.00332    CDp =  5.22544

 Side 1  free  transition at x/c =  0.3838   37
 Side 2  free  transition at x/c =  0.0277   15

 130   rms: 0.1108E+05   max: 0.1005E+06   C at   76  2   RLX: 0.000
       a =  2.000      CL =  0.3760
      Cm = -0.0316     CD =  5.22932   =>   CDf =  0.00332    CDp =  5.22600

 Side 1  free  transition at x/c =  0.3837   37
 Side 2  free  transition at x/c =  0.0277   15

 131   rms: 0.1473E+04   max: -.1339E+05   C at   82  2   RLX: 0.000
       a =  2.000      CL =  0.3759
      Cm = -0.0316     CD =  5.22883   =>   CDf =  0.00332    CDp =  5.22550

 Side 1  free  transition at x/c =  0.3838   37
 Side 2  free  transition at x/c =  0.0277   15

 132   rms: 0.1775E+04   max: -.1613E+05   C at   82  2   RLX: 0.000
       a =  2.000      CL =  0.3759
      Cm = -0.0316     CD =  5.22854   =>   CDf =  0.00332    CDp =  5.22521

 Side 1  free  transition at x/c =  0.3838   37
 Side 2  free  transition at x/c =  0.0277   15

 133   rms: 0.2112E+04   max: -.1918E+05   C at   82  2   RLX: 0.000
       a =  2.000      CL =  0.3759
      Cm = -0.0316     CD =  5.22829   =>   CDf =  0.00332    CDp =  5.22496

 Side 1  free  transition at x/c =  0.3838   37
 Side 2  free  transition at x/c =  0.0277   15

 134   rms: 0.1255E+05   max: 0.1139E+06   C at   76  2   RLX: 0.000
       a =  2.000      CL =  0.3760
      Cm = -0.0316     CD =  5.22875   =>   CDf =  0.00332    CDp =  5.22542

 Side 1  free  transition at x/c =  0.3838   37
 Side 2  free  transition at x/c =  0.0277   15

 135   rms: 0.1702E+04   max: -.1547E+05   C at   82  2   RLX: 0.000
       a =  2.000      CL =  0.3760
      Cm = -0.0316     CD =  5.22829   =>   CDf =  0.00332    CDp =  5.22497

 Side 1  free  transition at x/c =  0.3838   37
 Side 2  free  transition at x/c =  0.0277   15

 136   rms: 0.2031E+04   max: -.1845E+05   C at   82  2   RLX: 0.000
       a =  2.000      CL =  0.3759
      Cm = -0.0316     CD =  5.22803   =>   CDf =  0.00332    CDp =  5.22471

 Side 1  free  transition at x/c =  0.3838   37
 Side 2  free  transition at x/c =  0.0277   15

 137   rms: 0.1213E+05   max: 0.1100E+06   C at   76  2   RLX: 0.000
       a =  2.000      CL =  0.3760
      Cm = -0.0316     CD =  5.22852   =>   CDf =  0.00332    CDp =  5.22520

 Side 1  free  transition at x/c =  0.3837   37
 Side 2  free  transition at x/c =  0.0277   15

 138   rms: 0.1635E+04   max: -.1486E+05   C at   82  2   RLX: 0.000
       a =  2.000      CL =  0.3760
      Cm = -0.0316     CD =  5.22805   =>   CDf =  0.00332    CDp =  5.22473

 Side 1  free  transition at x/c =  0.3838   37
 Side 2  free  transition at x/c =  0.0277   15

 139   rms: 0.1956E+04   max: -.1777E+05   C at   82  2   RLX: 0.000
       a =  2.000      CL =  0.3760
      Cm = -0.0317     CD =  5.22778   =>   CDf =  0.00332    CDp =  5.22446

 Side 1  free  transition at x/c =  0.3838   37
 Side 2  free  transition at x/c =  0.0277   15

 140   rms: 0.1173E+05   max: 0.1064E+06   C at   76  2   RLX: 0.000
       a =  2.000      CL =  0.3760
      Cm = -0.0316     CD =  5.22830   =>   CDf =  0.00332    CDp =  5.22497

 Side 1  free  transition at x/c =  0.3837   37
 Side 2  free  transition at x/c =  0.0277   15

 141   rms: 0.1573E+04   max: -.1429E+05   C at   82  2   RLX: 0.000
       a =  2.000      CL =  0.3760
      Cm = -0.0317     CD =  5.22782   =>   CDf =  0.00332    CDp =  5.22450

 Side 1  free  transition at x/c =  0.3838   37
 Side 2  free  transition at x/c =  0.0277   15

 142   rms: 0.1886E+04   max: -.1714E+05   C at   82  2   RLX: 0.000
       a =  2.000      CL =  0.3760
      Cm = -0.0317     CD =  5.22754   =>   CDf =  0.00332    CDp =  5.22422

 Side 1  free  transition at x/c =  0.3838   37
 Side 2  free  transition at x/c =  0.0277   15

 143   rms: 0.2236E+04   max: -.2031E+05   C at   82  2   RLX: 0.000
       a =  2.000      CL =  0.3760
      Cm = -0.0317     CD =  5.22731   =>   CDf =  0.00332    CDp =  5.22398

 Side 1  free  transition at x/c =  0.3838   37
 Side 2  free  transition at x/c =  0.0277   15

 144   rms: 0.1322E+05   max: 0.1199E+06   C at   76  2   RLX: 0.000
       a =  2.000      CL =  0.3760
      Cm = -0.0317     CD =  5.22773   =>   CDf =  0.00332    CDp =  5.22441

 Side 1  free  transition at x/c =  0.3838   37
 Side 2  free  transition at x/c =  0.0277   15

 145   rms: 0.1806E+04   max: -.1641E+05   C at   82  2   RLX: 0.000
       a =  2.000      CL =  0.3760
      Cm = -0.0317     CD =  5.22729   =>   CDf =  0.00332    CDp =  5.22397

 Side 1  free  transition at x/c =  0.3838   37
 Side 2  free  transition at x/c =  0.0277   15

 146   rms: 0.2147E+04   max: -.1950E+05   C at   82  2   RLX: 0.000
       a =  2.000      CL =  0.3760
      Cm = -0.0317     CD =  5.22705   =>   CDf =  0.00332    CDp =  5.22372

 Side 1  free  transition at x/c =  0.3838   37
 Side 2  free  transition at x/c =  0.0277   15

 147   rms: 0.1275E+05   max: 0.1156E+06   C at   76  2   RLX: 0.000
       a =  2.000      CL =  0.3760
      Cm = -0.0317     CD =  5.22750   =>   CDf =  0.00332    CDp =  5.22417

 Side 1  free  transition at x/c =  0.3837   37
 Side 2  free  transition at x/c =  0.0277   15

 148   rms: 0.1731E+04   max: -.1573E+05   C at   82  2   RLX: 0.000
       a =  2.000      CL =  0.3760
      Cm = -0.0317     CD =  5.22704   =>   CDf =  0.00332    CDp =  5.22372

 Side 1  free  transition at x/c =  0.3838   37
 Side 2  free  transition at x/c =  0.0277   15

 149   rms: 0.2063E+04   max: -.1874E+05   C at   82  2   RLX: 0.000
       a =  2.000      CL =  0.3760
      Cm = -0.0317     CD =  5.22679   =>   CDf =  0.00332    CDp =  5.22347

 Side 1  free  transition at x/c =  0.3838   37
 Side 2  free  transition at x/c =  0.0277   15

 150   rms: 0.1231E+05   max: 0.1116E+06   C at   76  2   RLX: 0.000
       a =  2.000      CL =  0.3760
      Cm = -0.0317     CD =  5.22726   =>   CDf =  0.00332    CDp =  5.22394

 Side 1  free  transition at x/c =  0.3837   37
 Side 2  free  transition at x/c =  0.0277   15

 151   rms: 0.1662E+04   max: -.1510E+05   C at   82  2   RLX: 0.000
       a =  2.000      CL =  0.3760
      Cm = -0.0317     CD =  5.22680   =>   CDf =  0.00332    CDp =  5.22348

 Side 1  free  transition at x/c =  0.3838   37
 Side 2  free  transition at x/c =  0.0277   15

 152   rms: 0.1986E+04   max: -.1804E+05   C at   82  2   RLX: 0.000
       a =  2.000      CL =  0.3760
      Cm = -0.0317     CD =  5.22654   =>   CDf =  0.00332    CDp =  5.22321

 Side 1  free  transition at x/c =  0.3838   37
 Side 2  free  transition at x/c =  0.0277   15

 153   rms: 0.1190E+05   max: 0.1079E+06   C at   76  2   RLX: 0.000
       a =  2.000      CL =  0.3760
      Cm = -0.0317     CD =  5.22704   =>   CDf =  0.00332    CDp =  5.22372

 Side 1  free  transition at x/c =  0.3837   37
 Side 2  free  transition at x/c =  0.0277   15

 154   rms: 0.1597E+04   max: -.1452E+05   C at   82  2   RLX: 0.000
       a =  2.000      CL =  0.3760
      Cm = -0.0317     CD =  5.22656   =>   CDf =  0.00332    CDp =  5.22324

 Side 1  free  transition at x/c =  0.3837   37
 Side 2  free  transition at x/c =  0.0277   15

 155   rms: 0.1914E+04   max: -.1738E+05   C at   82  2   RLX: 0.000
       a =  2.000      CL =  0.3760
      Cm = -0.0317     CD =  5.22629   =>   CDf =  0.00332    CDp =  5.22297

 Side 1  free  transition at x/c =  0.3838   37
 Side 2  free  transition at x/c =  0.0277   15

 156   rms: 0.2267E+04   max: -.2058E+05   C at   82  2   RLX: 0.000
       a =  2.000      CL =  0.3760
      Cm = -0.0317     CD =  5.22606   =>   CDf =  0.00332    CDp =  5.22274

 Side 1  free  transition at x/c =  0.3838   37
 Side 2  free  transition at x/c =  0.0277   15

 157   rms: 0.1340E+05   max: 0.1215E+06   C at   76  2   RLX: 0.000
       a =  2.000      CL =  0.3760
      Cm = -0.0317     CD =  5.22648   =>   CDf =  0.00332    CDp =  5.22315

 Side 1  free  transition at x/c =  0.3837   37
 Side 2  free  transition at x/c =  0.0277   15

 158   rms: 0.1831E+04   max: -.1664E+05   C at   82  2   RLX: 0.000
       a =  2.000      CL =  0.3760
      Cm = -0.0317     CD =  5.22604   =>   CDf =  0.00332    CDp =  5.22272

 Side 1  free  transition at x/c =  0.3838   37
 Side 2  free  transition at x/c =  0.0277   15

 159   rms: 0.2175E+04   max: -.1975E+05   C at   82  2   RLX: 0.000
       a =  2.000      CL =  0.3760
      Cm = -0.0317     CD =  5.22580   =>   CDf =  0.00332    CDp =  5.22247

 Side 1  free  transition at x/c =  0.3838   37
 Side 2  free  transition at x/c =  0.0277   15

 160   rms: 0.1291E+05   max: 0.1171E+06   C at   76  2   RLX: 0.000
       a =  2.000      CL =  0.3761
      Cm = -0.0317     CD =  5.22624   =>   CDf =  0.00332    CDp =  5.22292

 Side 1  free  transition at x/c =  0.3837   37
 Side 2  free  transition at x/c =  0.0277   15

 161   rms: 0.1755E+04   max: -.1594E+05   C at   82  2   RLX: 0.000
       a =  2.000      CL =  0.3761
      Cm = -0.0317     CD =  5.22579   =>   CDf =  0.00332    CDp =  5.22247

 Side 1  free  transition at x/c =  0.3838   37
 Side 2  free  transition at x/c =  0.0277   15

 162   rms: 0.2089E+04   max: -.1898E+05   C at   82  2   RLX: 0.000
       a =  2.000      CL =  0.3760
      Cm = -0.0317     CD =  5.22554   =>   CDf =  0.00332    CDp =  5.22222

 Side 1  free  transition at x/c =  0.3838   37
 Side 2  free  transition at x/c =  0.0277   15

 163   rms: 0.1246E+05   max: 0.1130E+06   C at   76  2   RLX: 0.000
       a =  2.000      CL =  0.3761
      Cm = -0.0317     CD =  5.22600   =>   CDf =  0.00332    CDp =  5.22268

 Side 1  free  transition at x/c =  0.3837   37
 Side 2  free  transition at x/c =  0.0277   15

 164   rms: 0.1684E+04   max: -.1530E+05   C at   82  2   RLX: 0.000
       a =  2.000      CL =  0.3761
      Cm = -0.0317     CD =  5.22554   =>   CDf =  0.00332    CDp =  5.22222

 Side 1  free  transition at x/c =  0.3837   37
 Side 2  free  transition at x/c =  0.0277   15

 165   rms: 0.2010E+04   max: -.1826E+05   C at   82  2   RLX: 0.000
       a =  2.000      CL =  0.3761
      Cm = -0.0317     CD =  5.22528   =>   CDf =  0.00332    CDp =  5.22196

 Side 1  free  transition at x/c =  0.3838   37
 Side 2  free  transition at x/c =  0.0277   15

 166   rms: 0.2373E+04   max: -.2155E+05   C at   82  2   RLX: 0.000
       a =  2.000      CL =  0.3761
      Cm = -0.0317     CD =  5.22506   =>   CDf =  0.00332    CDp =  5.22174

 Side 1  free  transition at x/c =  0.3838   37
 Side 2  free  transition at x/c =  0.0277   15

 167   rms: 0.1398E+05   max: 0.1268E+06   C at   76  2   RLX: 0.000
       a =  2.000      CL =  0.3761
      Cm = -0.0317     CD =  5.22545   =>   CDf =  0.00332    CDp =  5.22213

 Side 1  free  transition at x/c =  0.3837   37
 Side 2  free  transition at x/c =  0.0277   15

 168   rms: 0.1921E+04   max: -.1745E+05   C at   82  2   RLX: 0.000
       a =  2.000      CL =  0.3761
      Cm = -0.0317     CD =  5.22503   =>   CDf =  0.00332    CDp =  5.22171

 Side 1  free  transition at x/c =  0.3838   37
 Side 2  free  transition at x/c =  0.0277   15

 169   rms: 0.2274E+04   max: -.2065E+05   C at   82  2   RLX: 0.000
       a =  2.000      CL =  0.3761
      Cm = -0.0317     CD =  5.22480   =>   CDf =  0.00332    CDp =  5.22147

 Side 1  free  transition at x/c =  0.3838   37
 Side 2  free  transition at x/c =  0.0277   15

 170   rms: 0.1345E+05   max: 0.1220E+06   C at   76  2   RLX: 0.000
       a =  2.000      CL =  0.3761
      Cm = -0.0317     CD =  5.22521   =>   CDf =  0.00332    CDp =  5.22189

 Side 1  free  transition at x/c =  0.3837   37
 Side 2  free  transition at x/c =  0.0277   15

 171   rms: 0.1838E+04   max: -.1669E+05   C at   82  2   RLX: 0.000
       a =  2.000      CL =  0.3761
      Cm = -0.0317     CD =  5.22478   =>   CDf =  0.00332    CDp =  5.22145

 Side 1  free  transition at x/c =  0.3837   37
 Side 2  free  transition at x/c =  0.0277   15

 172   rms: 0.2182E+04   max: -.1981E+05   C at   82  2   RLX: 0.000
       a =  2.000      CL =  0.3761
      Cm = -0.0317     CD =  5.22453   =>   CDf =  0.00332    CDp =  5.22121

 Side 1  free  transition at x/c =  0.3838   37
 Side 2  free  transition at x/c =  0.0277   15

 173   rms: 0.1296E+05   max: 0.1176E+06   C at   76  2   RLX: 0.000
       a =  2.000      CL =  0.3761
      Cm = -0.0317     CD =  5.22497   =>   CDf =  0.00332    CDp =  5.22165

 Side 1  free  transition at x/c =  0.3837   37
 Side 2  free  transition at x/c =  0.0277   15

 174   rms: 0.1760E+04   max: -.1600E+05   C at   82  2   RLX: 0.000
       a =  2.000      CL =  0.3761
      Cm = -0.0317     CD =  5.22453   =>   CDf =  0.00332    CDp =  5.22120

 Side 1  free  transition at x/c =  0.3837   37
 Side 2  free  transition at x/c =  0.0277   15

 175   rms: 0.2096E+04   max: -.1903E+05   C at   82  2   RLX: 0.000
       a =  2.000      CL =  0.3761
      Cm = -0.0317     CD =  5.22427   =>   CDf =  0.00332    CDp =  5.22095

 Side 1  free  transition at x/c =  0.3838   37
 Side 2  free  transition at x/c =  0.0277   15

 176   rms: 0.2473E+04   max: -.2246E+05   C at   82  2   RLX: 0.000
       a =  2.000      CL =  0.3761
      Cm = -0.0317     CD =  5.22406   =>   CDf =  0.00332    CDp =  5.22073

 Side 1  free  transition at x/c =  0.3838   37
 Side 2  free  transition at x/c =  0.0277   15

 177   rms: 0.1449E+05   max: 0.1314E+06   C at   76  2   RLX: 0.000
       a =  2.000      CL =  0.3761
      Cm = -0.0317     CD =  5.22443   =>   CDf =  0.00332    CDp =  5.22111

 Side 1  free  transition at x/c =  0.3837   37
 Side 2  free  transition at x/c =  0.0277   15

 178   rms: 0.2007E+04   max: -.1823E+05   C at   82  2   RLX: 0.000
       a =  2.000      CL =  0.3761
      Cm = -0.0317     CD =  5.22402   =>   CDf =  0.00332    CDp =  5.22069

 Side 1  free  transition at x/c =  0.3838   37
 Side 2  free  transition at x/c =  0.0277   15

 179   rms: 0.2371E+04   max: -.2153E+05   C at   82  2   RLX: 0.000
       a =  2.000      CL =  0.3761
      Cm = -0.0317     CD =  5.22379   =>   CDf =  0.00332    CDp =  5.22047

 Side 1  free  transition at x/c =  0.3838   37
 Side 2  free  transition at x/c =  0.0277   15

 180   rms: 0.1393E+05   max: 0.1263E+06   C at   76  2   RLX: 0.000
       a =  2.000      CL =  0.3761
      Cm = -0.0317     CD =  5.22419   =>   CDf =  0.00332    CDp =  5.22086

 Side 1  free  transition at x/c =  0.3837   37
 Side 2  free  transition at x/c =  0.0277   15

 181   rms: 0.1918E+04   max: -.1743E+05   C at   82  2   RLX: 0.000
       a =  2.000      CL =  0.3761
      Cm = -0.0317     CD =  5.22376   =>   CDf =  0.00332    CDp =  5.22044

 Side 1  free  transition at x/c =  0.3837   37
 Side 2  free  transition at x/c =  0.0277   15

 182   rms: 0.2272E+04   max: -.2063E+05   C at   82  2   RLX: 0.000
       a =  2.000      CL =  0.3761
      Cm = -0.0317     CD =  5.22352   =>   CDf =  0.00332    CDp =  5.22020

 Side 1  free  transition at x/c =  0.3838   37
 Side 2  free  transition at x/c =  0.0277   15

 183   rms: 0.1341E+05   max: 0.1216E+06   C at   76  2   RLX: 0.000
       a =  2.000      CL =  0.3761
      Cm = -0.0317     CD =  5.22394   =>   CDf =  0.00332    CDp =  5.22062

 Side 1  free  transition at x/c =  0.3837   37
 Side 2  free  transition at x/c =  0.0277   15

 184   rms: 0.1836E+04   max: -.1668E+05   C at   82  2   RLX: 0.000
       a =  2.000      CL =  0.3761
      Cm = -0.0317     CD =  5.22350   =>   CDf =  0.00332    CDp =  5.22018

 Side 1  free  transition at x/c =  0.3837   37
 Side 2  free  transition at x/c =  0.0277   15

 185   rms: 0.2180E+04   max: -.1980E+05   C at   82  2   RLX: 0.000
       a =  2.000      CL =  0.3761
      Cm = -0.0317     CD =  5.22326   =>   CDf =  0.00332    CDp =  5.21994

 Side 1  free  transition at x/c =  0.3838   37
 Side 2  free  transition at x/c =  0.0277   15

 186   rms: 0.2561E+04   max: -.2326E+05   C at   82  2   RLX: 0.000
       a =  2.000      CL =  0.3761
      Cm = -0.0317     CD =  5.22305   =>   CDf =  0.00332    CDp =  5.21972

 Side 1  free  transition at x/c =  0.3838   37
 Side 2  free  transition at x/c =  0.0277   15

 187   rms: 0.1495E+05   max: 0.1356E+06   C at   76  2   RLX: 0.000
       a =  2.000      CL =  0.3761
      Cm = -0.0317     CD =  5.22341   =>   CDf =  0.00332    CDp =  5.22008

 Side 1  free  transition at x/c =  0.3837   37
 Side 2  free  transition at x/c =  0.0277   15

 188   rms: 0.2079E+04   max: -.1888E+05   C at   82  2   RLX: 0.000
       a =  2.000      CL =  0.3761
      Cm = -0.0317     CD =  5.22300   =>   CDf =  0.00332    CDp =  5.21968

 Side 1  free  transition at x/c =  0.3837   37
 Side 2  free  transition at x/c =  0.0277   15

 189   rms: 0.2450E+04   max: -.2224E+05   C at   82  2   RLX: 0.000
       a =  2.000      CL =  0.3761
      Cm = -0.0317     CD =  5.22278   =>   CDf =  0.00332    CDp =  5.21946

 Side 1  free  transition at x/c =  0.3838   37
 Side 2  free  transition at x/c =  0.0277   15

 190   rms: 0.1436E+05   max: 0.1302E+06   C at   76  2   RLX: 0.000
       a =  2.000      CL =  0.3762
      Cm = -0.0317     CD =  5.22316   =>   CDf =  0.00332    CDp =  5.21984

 Side 1  free  transition at x/c =  0.3837   37
 Side 2  free  transition at x/c =  0.0277   15

 191   rms: 0.1984E+04   max: -.1803E+05   C at   82  2   RLX: 0.000
       a =  2.000      CL =  0.3762
      Cm = -0.0317     CD =  5.22274   =>   CDf =  0.00332    CDp =  5.21942

 Side 1  free  transition at x/c =  0.3837   37
 Side 2  free  transition at x/c =  0.0277   15

 192   rms: 0.2345E+04   max: -.2130E+05   C at   82  2   RLX: 0.000
       a =  2.000      CL =  0.3761
      Cm = -0.0317     CD =  5.22251   =>   CDf =  0.00332    CDp =  5.21919

 Side 1  free  transition at x/c =  0.3838   37
 Side 2  free  transition at x/c =  0.0277   15

 193   rms: 0.1381E+05   max: 0.1252E+06   C at   76  2   RLX: 0.000
       a =  2.000      CL =  0.3762
      Cm = -0.0317     CD =  5.22292   =>   CDf =  0.00332    CDp =  5.21959

 Side 1  free  transition at x/c =  0.3837   37
 Side 2  free  transition at x/c =  0.0277   15

 194   rms: 0.1897E+04   max: -.1723E+05   C at   82  2   RLX: 0.000
       a =  2.000      CL =  0.3762
      Cm = -0.0317     CD =  5.22249   =>   CDf =  0.00332    CDp =  5.21916

 Side 1  free  transition at x/c =  0.3837   37
 Side 2  free  transition at x/c =  0.0277   15

 195   rms: 0.2248E+04   max: -.2042E+05   C at   82  2   RLX: 0.000
       a =  2.000      CL =  0.3762
      Cm = -0.0317     CD =  5.22225   =>   CDf =  0.00332    CDp =  5.21893

 Side 1  free  transition at x/c =  0.3837   37
 Side 2  free  transition at x/c =  0.0277   15

 196   rms: 0.2636E+04   max: -.2394E+05   C at   82  2   RLX: 0.000
       a =  2.000      CL =  0.3762
      Cm = -0.0317     CD =  5.22204   =>   CDf =  0.00332    CDp =  5.21872

 Side 1  free  transition at x/c =  0.3838   37
 Side 2  free  transition at x/c =  0.0277   15

 197   rms: 0.1536E+05   max: 0.1393E+06   C at   76  2   RLX: 0.000
       a =  2.000      CL =  0.3762
      Cm = -0.0317     CD =  5.22239   =>   CDf =  0.00332    CDp =  5.21906

 Side 1  free  transition at x/c =  0.3837   37
 Side 2  free  transition at x/c =  0.0277   15

 198   rms: 0.2142E+04   max: -.1945E+05   C at   82  2   RLX: 0.000
       a =  2.000      CL =  0.3762
      Cm = -0.0317     CD =  5.22199   =>   CDf =  0.00332    CDp =  5.21867

 Side 1  free  transition at x/c =  0.3837   37
 Side 2  free  transition at x/c =  0.0277   15

 199   rms: 0.2520E+04   max: -.2288E+05   C at   82  2   RLX: 0.000
       a =  2.000      CL =  0.3762
      Cm = -0.0317     CD =  5.22178   =>   CDf =  0.00332    CDp =  5.21846

 Side 1  free  transition at x/c =  0.3838   37
 Side 2  free  transition at x/c =  0.0277   15

 200   rms: 0.1474E+05   max: 0.1337E+06   C at   76  2   RLX: 0.000
       a =  2.000      CL =  0.3762
      Cm = -0.0317     CD =  5.22214   =>   CDf =  0.00332    CDp =  5.21882

 Side 1  free  transition at x/c =  0.3837   37
 Side 2  free  transition at x/c =  0.0277   15

 201   rms: 0.2043E+04   max: -.1856E+05   C at   82  2   RLX: 0.000
       a =  2.000      CL =  0.3762
      Cm = -0.0317     CD =  5.22174   =>   CDf =  0.00332    CDp =  5.21841

 Side 1  free  transition at x/c =  0.3837   37
 Side 2  free  transition at x/c =  0.0277   15

 202   rms: 0.2410E+04   max: -.2189E+05   C at   82  2   RLX: 0.000
       a =  2.000      CL =  0.3762
      Cm = -0.0317     CD =  5.22151   =>   CDf =  0.00332    CDp =  5.21819

 Side 1  free  transition at x/c =  0.3837   37
 Side 2  free  transition at x/c =  0.0277   15

 203   rms: 0.1416E+05   max: 0.1284E+06   C at   76  2   RLX: 0.000
       a =  2.000      CL =  0.3762
      Cm = -0.0317     CD =  5.22190   =>   CDf =  0.00332    CDp =  5.21858

 Side 1  free  transition at x/c =  0.3837   37
 Side 2  free  transition at x/c =  0.0277   15

 204   rms: 0.1952E+04   max: -.1773E+05   C at   82  2   RLX: 0.000
       a =  2.000      CL =  0.3762
      Cm = -0.0317     CD =  5.22148   =>   CDf =  0.00332    CDp =  5.21815

 Side 1  free  transition at x/c =  0.3837   37
 Side 2  free  transition at x/c =  0.0277   15

 205   rms: 0.2309E+04   max: -.2097E+05   C at   82  2   RLX: 0.000
       a =  2.000      CL =  0.3762
      Cm = -0.0317     CD =  5.22125   =>   CDf =  0.00332    CDp =  5.21792
 VISCAL:  Convergence failed
      9.000    3.2694   5.221246   0.000000   0.000000   0.000000    0.3837     #
 Calculating wake trajectory ...
 Calculating source influence matrix ...

 Solving BL system ...

 Side 1  free  transition at x/c =  0.3837   37
 Side 2  free  transition at x/c =  0.0277   15

   1   rms: 0.1926E+04   max: -.1749E+05   C at   82  2   RLX: 0.000
       a =  3.000      CL =  0.3761
      Cm = -0.0317     CD =  5.22089   =>   CDf =  0.00332    CDp =  5.21757

 Side 1  free  transition at x/c =  0.3838   37
 Side 2  free  transition at x/c =  0.0277   15

   2   rms: 0.2233E+04   max: -.2027E+05   C at   82  2   RLX: 0.000
       a =  3.000      CL =  0.3761
      Cm = -0.0317     CD =  5.22063   =>   CDf =  0.00332    CDp =  5.21731

 Side 1  free  transition at x/c =  0.3838   37
 Side 2  free  transition at x/c =  0.0277   15

   3   rms: 0.2566E+04   max: -.2329E+05   C at   82  2   RLX: 0.000
       a =  3.000      CL =  0.3761
      Cm = -0.0317     CD =  5.22040   =>   CDf =  0.00332    CDp =  5.21708

 Side 1  free  transition at x/c =  0.3838   37
 Side 2  free  transition at x/c =  0.0277   15

   4   rms: 0.2925E+04   max: -.2655E+05   C at   82  2   RLX: 0.000
       a =  3.000      CL =  0.3761
      Cm = -0.0317     CD =  5.22020   =>   CDf =  0.00332    CDp =  5.21687

 Side 1  free  transition at x/c =  0.3838   37
 Side 2  free  transition at x/c =  0.0277   15

   5   rms: 0.3309E+04   max: -.3004E+05   C at   82  2   RLX: 0.000
       a =  3.000      CL =  0.3761
      Cm = -0.0317     CD =  5.22002   =>   CDf =  0.00332    CDp =  5.21669

 Side 1  free  transition at x/c =  0.3838   37
 Side 2  free  transition at x/c =  0.0277   15

   6   rms: 0.3719E+04   max: -.3375E+05   C at   82  2   RLX: 0.000
       a =  3.000      CL =  0.3761
      Cm = -0.0317     CD =  5.21985   =>   CDf =  0.00332    CDp =  5.21653

 Side 1  free  transition at x/c =  0.3838   37
 Side 2  free  transition at x/c =  0.0277   15

   7   rms: 0.4153E+04   max: -.3769E+05   C at   82  2   RLX: 0.000
       a =  3.000      CL =  0.3761
      Cm = -0.0317     CD =  5.21971   =>   CDf =  0.00332    CDp =  5.21639

 Side 1  free  transition at x/c =  0.3838   37
 Side 2  free  transition at x/c =  0.0277   15

   8   rms: 0.4611E+04   max: -.4184E+05   C at   82  2   RLX: 0.000
       a =  3.000      CL =  0.3761
      Cm = -0.0317     CD =  5.21958   =>   CDf =  0.00332    CDp =  5.21626

 Side 1  free  transition at x/c =  0.3838   37
 Side 2  free  transition at x/c =  0.0277   15

   9   rms: 0.5094E+04   max: -.4622E+05   C at   82  2   RLX: 0.000
       a =  3.000      CL =  0.3761
      Cm = -0.0317     CD =  5.21946   =>   CDf =  0.00332    CDp =  5.21614

 Side 1  free  transition at x/c =  0.3838   37
 Side 2  free  transition at x/c =  0.0277   15

  10   rms: 0.5600E+04   max: -.5081E+05   C at   82  2   RLX: 0.000
       a =  3.000      CL =  0.3761
      Cm = -0.0317     CD =  5.21935   =>   CDf =  0.00332    CDp =  5.21603

 Side 1  free  transition at x/c =  0.3838   37
 Side 2  free  transition at x/c =  0.0277   15

  11   rms: 0.4456E+05   max: 0.4041E+06   C at   76  2   RLX: 0.000
       a =  3.000      CL =  0.3761
      Cm = -0.0317     CD =  5.21947   =>   CDf =  0.00332    CDp =  5.21614

 Side 1  free  transition at x/c =  0.3838   37
 Side 2  free  transition at x/c =  0.0277   15

  12   rms: 0.4827E+04   max: -.4380E+05   C at   82  2   RLX: 0.000
       a =  3.000      CL =  0.3761
      Cm = -0.0317     CD =  5.21927   =>   CDf =  0.00332    CDp =  5.21594

 Side 1  free  transition at x/c =  0.3838   37
 Side 2  free  transition at x/c =  0.0277   15

  13   rms: 0.5320E+04   max: -.4827E+05   C at   82  2   RLX: 0.000
       a =  3.000      CL =  0.3761
      Cm = -0.0317     CD =  5.21915   =>   CDf =  0.00332    CDp =  5.21583

 Side 1  free  transition at x/c =  0.3838   37
 Side 2  free  transition at x/c =  0.0277   15

  14   rms: 0.5837E+04   max: -.5295E+05   C at   82  2   RLX: 0.000
       a =  3.000      CL =  0.3761
      Cm = -0.0317     CD =  5.21905   =>   CDf =  0.00332    CDp =  5.21572

 Side 1  free  transition at x/c =  0.3838   37
 Side 2  free  transition at x/c =  0.0277   15

  15   rms: 0.4636E+05   max: 0.4205E+06   C at   76  2   RLX: 0.000
       a =  3.000      CL =  0.3761
      Cm = -0.0317     CD =  5.21916   =>   CDf =  0.00332    CDp =  5.21584

 Side 1  free  transition at x/c =  0.3838   37
 Side 2  free  transition at x/c =  0.0277   15

  16   rms: 0.5043E+04   max: -.4576E+05   C at   82  2   RLX: 0.000
       a =  3.000      CL =  0.3761
      Cm = -0.0317     CD =  5.21896   =>   CDf =  0.00332    CDp =  5.21564

 Side 1  free  transition at x/c =  0.3838   37
 Side 2  free  transition at x/c =  0.0277   15

  17   rms: 0.5547E+04   max: -.5032E+05   C at   82  2   RLX: 0.000
       a =  3.000      CL =  0.3761
      Cm = -0.0317     CD =  5.21885   =>   CDf =  0.00332    CDp =  5.21553

 Side 1  free  transition at x/c =  0.3838   37
 Side 2  free  transition at x/c =  0.0277   15

  18   rms: 0.6074E+04   max: -.5510E+05   C at   82  2   RLX: 0.000
       a =  3.000      CL =  0.3761
      Cm = -0.0317     CD =  5.21875   =>   CDf =  0.00332    CDp =  5.21543

 Side 1  free  transition at x/c =  0.3838   37
 Side 2  free  transition at x/c =  0.0277   15

  19   rms: 0.4817E+05   max: 0.4368E+06   C at   76  2   RLX: 0.000
       a =  3.000      CL =  0.3761
      Cm = -0.0317     CD =  5.21886   =>   CDf =  0.00332    CDp =  5.21554

 Side 1  free  transition at x/c =  0.3838   37
 Side 2  free  transition at x/c =  0.0277   15

  20   rms: 0.5260E+04   max: -.4772E+05   C at   82  2   RLX: 0.000
       a =  3.000      CL =  0.3761
      Cm = -0.0317     CD =  5.21867   =>   CDf =  0.00332    CDp =  5.21535

 Side 1  free  transition at x/c =  0.3838   37
 Side 2  free  transition at x/c =  0.0277   15

  21   rms: 0.5774E+04   max: -.5238E+05   C at   82  2   RLX: 0.000
       a =  3.000      CL =  0.3761
      Cm = -0.0317     CD =  5.21857   =>   CDf =  0.00332    CDp =  5.21525

 Side 1  free  transition at x/c =  0.3838   37
 Side 2  free  transition at x/c =  0.0277   15

  22   rms: 0.4591E+05   max: 0.4164E+06   C at   76  2   RLX: 0.000
       a =  3.000      CL =  0.3761
      Cm = -0.0317     CD =  5.21868   =>   CDf =  0.00332    CDp =  5.21536

 Side 1  free  transition at x/c =  0.3838   37
 Side 2  free  transition at x/c =  0.0277   15

  23   rms: 0.4986E+04   max: -.4524E+05   C at   82  2   RLX: 0.000
       a =  3.000      CL =  0.3761
      Cm = -0.0317     CD =  5.21849   =>   CDf =  0.00332    CDp =  5.21516

 Side 1  free  transition at x/c =  0.3838   37
 Side 2  free  transition at x/c =  0.0277   15

  24   rms: 0.5487E+04   max: -.4978E+05   C at   82  2   RLX: 0.000
       a =  3.000      CL =  0.3761
      Cm = -0.0317     CD =  5.21837   =>   CDf =  0.00332    CDp =  5.21505

 Side 1  free  transition at x/c =  0.3838   37
 Side 2  free  transition at x/c =  0.0277   15

  25   rms: 0.6011E+04   max: -.5453E+05   C at   82  2   RLX: 0.000
       a =  3.000      CL =  0.3761
      Cm = -0.0317     CD =  5.21827   =>   CDf =  0.00332    CDp =  5.21495

 Side 1  free  transition at x/c =  0.3838   37
 Side 2  free  transition at x/c =  0.0277   15

  26   rms: 0.4772E+05   max: 0.4327E+06   C at   76  2   RLX: 0.000
       a =  3.000      CL =  0.3761
      Cm = -0.0317     CD =  5.21838   =>   CDf =  0.00332    CDp =  5.21506

 Side 1  free  transition at x/c =  0.3838   37
 Side 2  free  transition at x/c =  0.0277   15

  27   rms: 0.5203E+04   max: -.4720E+05   C at   82  2   RLX: 0.000
       a =  3.000      CL =  0.3761
      Cm = -0.0317     CD =  5.21819   =>   CDf =  0.00332    CDp =  5.21487

 Side 1  free  transition at x/c =  0.3838   37
 Side 2  free  transition at x/c =  0.0277   15

  28   rms: 0.5714E+04   max: -.5184E+05   C at   82  2   RLX: 0.000
       a =  3.000      CL =  0.3761
      Cm = -0.0317     CD =  5.21809   =>   CDf =  0.00332    CDp =  5.21476

 Side 1  free  transition at x/c =  0.3838   37
 Side 2  free  transition at x/c =  0.0277   15

  29   rms: 0.6248E+04   max: -.5668E+05   C at   82  2   RLX: 0.000
       a =  3.000      CL =  0.3761
      Cm = -0.0317     CD =  5.21799   =>   CDf =  0.00332    CDp =  5.21467

 Side 1  free  transition at x/c =  0.3838   37
 Side 2  free  transition at x/c =  0.0277   15

  30   rms: 0.4952E+05   max: 0.4491E+06   C at   76  2   RLX: 0.000
       a =  3.000      CL =  0.3761
      Cm = -0.0317     CD =  5.21810   =>   CDf =  0.00332    CDp =  5.21477

 Side 1  free  transition at x/c =  0.3838   37
 Side 2  free  transition at x/c =  0.0277   15

  31   rms: 0.5420E+04   max: -.4918E+05   C at   82  2   RLX: 0.000
       a =  3.000      CL =  0.3761
      Cm = -0.0317     CD =  5.21791   =>   CDf =  0.00332    CDp =  5.21459

 Side 1  free  transition at x/c =  0.3838   37
 Side 2  free  transition at x/c =  0.0277   15

  32   rms: 0.5941E+04   max: -.5390E+05   C at   82  2   RLX: 0.000
       a =  3.000      CL =  0.3761
      Cm = -0.0317     CD =  5.21781   =>   CDf =  0.00332    CDp =  5.21449

 Side 1  free  transition at x/c =  0.3838   37
 Side 2  free  transition at x/c =  0.0277   15

  33   rms: 0.6486E+04   max: -.5884E+05   C at   82  2   RLX: 0.000
       a =  3.000      CL =  0.3761
      Cm = -0.0317     CD =  5.21772   =>   CDf =  0.00332    CDp =  5.21440

 Side 1  free  transition at x/c =  0.3838   37
 Side 2  free  transition at x/c =  0.0277   15

  34   rms: 0.5133E+05   max: 0.4655E+06   C at   76  2   RLX: 0.000
       a =  3.000      CL =  0.3761
      Cm = -0.0317     CD =  5.21782   =>   CDf =  0.00332    CDp =  5.21450

 Side 1  free  transition at x/c =  0.3838   37
 Side 2  free  transition at x/c =  0.0277   15

  35   rms: 0.5638E+04   max: -.5116E+05   C at   82  2   RLX: 0.000
       a =  3.000      CL =  0.3761
      Cm = -0.0317     CD =  5.21764   =>   CDf =  0.00332    CDp =  5.21432

 Side 1  free  transition at x/c =  0.3838   37
 Side 2  free  transition at x/c =  0.0277   15

  36   rms: 0.6169E+04   max: -.5597E+05   C at   82  2   RLX: 0.000
       a =  3.000      CL =  0.3761
      Cm = -0.0318     CD =  5.21754   =>   CDf =  0.00332    CDp =  5.21422

 Side 1  free  transition at x/c =  0.3838   37
 Side 2  free  transition at x/c =  0.0277   15

  37   rms: 0.6724E+04   max: -.6100E+05   C at   82  2   RLX: 0.000
       a =  3.000      CL =  0.3761
      Cm = -0.0318     CD =  5.21746   =>   CDf =  0.00332    CDp =  5.21413

 Side 1  free  transition at x/c =  0.3838   37
 Side 2  free  transition at x/c =  0.0277   15

  38   rms: 0.5314E+05   max: 0.4819E+06   C at   76  2   RLX: 0.000
       a =  3.000      CL =  0.3761
      Cm = -0.0318     CD =  5.21755   =>   CDf =  0.00332    CDp =  5.21423

 Side 1  free  transition at x/c =  0.3838   37
 Side 2  free  transition at x/c =  0.0277   15

  39   rms: 0.5858E+04   max: -.5314E+05   C at   82  2   RLX: 0.000
       a =  3.000      CL =  0.3761
      Cm = -0.0318     CD =  5.21738   =>   CDf =  0.00332    CDp =  5.21406

 Side 1  free  transition at x/c =  0.3838   37
 Side 2  free  transition at x/c =  0.0277   15

  40   rms: 0.6398E+04   max: -.5804E+05   C at   82  2   RLX: 0.000
       a =  3.000      CL =  0.3761
      Cm = -0.0318     CD =  5.21729   =>   CDf =  0.00332    CDp =  5.21397

 Side 1  free  transition at x/c =  0.3838   37
 Side 2  free  transition at x/c =  0.0277   15

  41   rms: 0.6962E+04   max: -.6316E+05   C at   82  2   RLX: 0.000
       a =  3.000      CL =  0.3761
      Cm = -0.0318     CD =  5.21720   =>   CDf =  0.00332    CDp =  5.21388

 Side 1  free  transition at x/c =  0.3838   37
 Side 2  free  transition at x/c =  0.0277   15

  42   rms: 0.5495E+05   max: 0.4983E+06   C at   76  2   RLX: 0.000
       a =  3.000      CL =  0.3761
      Cm = -0.0318     CD =  5.21729   =>   CDf =  0.00332    CDp =  5.21397

 Side 1  free  transition at x/c =  0.3838   37
 Side 2  free  transition at x/c =  0.0277   15

  43   rms: 0.6077E+04   max: -.5513E+05   C at   82  2   RLX: 0.000
       a =  3.000      CL =  0.3761
      Cm = -0.0318     CD =  5.21713   =>   CDf =  0.00332    CDp =  5.21381

 Side 1  free  transition at x/c =  0.3838   37
 Side 2  free  transition at x/c =  0.0277   15

  44   rms: 0.6627E+04   max: -.6012E+05   C at   82  2   RLX: 0.000
       a =  3.000      CL =  0.3761
      Cm = -0.0318     CD =  5.21704   =>   CDf =  0.00332    CDp =  5.21372

 Side 1  free  transition at x/c =  0.3838   37
 Side 2  free  transition at x/c =  0.0277   15

  45   rms: 0.5244E+05   max: 0.4755E+06   C at   76  2   RLX: 0.000
       a =  3.000      CL =  0.3761
      Cm = -0.0318     CD =  5.21714   =>   CDf =  0.00332    CDp =  5.21382

 Side 1  free  transition at x/c =  0.3838   37
 Side 2  free  transition at x/c =  0.0277   15

  46   rms: 0.5769E+04   max: -.5234E+05   C at   82  2   RLX: 0.000
       a =  3.000      CL =  0.3761
      Cm = -0.0318     CD =  5.21697   =>   CDf =  0.00332    CDp =  5.21364

 Side 1  free  transition at x/c =  0.3838   37
 Side 2  free  transition at x/c =  0.0277   15

  47   rms: 0.6306E+04   max: -.5720E+05   C at   82  2   RLX: 0.000
       a =  3.000      CL =  0.3761
      Cm = -0.0318     CD =  5.21687   =>   CDf =  0.00332    CDp =  5.21355

 Side 1  free  transition at x/c =  0.3838   37
 Side 2  free  transition at x/c =  0.0277   15

  48   rms: 0.6865E+04   max: -.6228E+05   C at   82  2   RLX: 0.000
       a =  3.000      CL =  0.3761
      Cm = -0.0318     CD =  5.21678   =>   CDf =  0.00332    CDp =  5.21346

 Side 1  free  transition at x/c =  0.3838   37
 Side 2  free  transition at x/c =  0.0277   15

  49   rms: 0.5425E+05   max: 0.4919E+06   C at   76  2   RLX: 0.000
       a =  3.000      CL =  0.3761
      Cm = -0.0318     CD =  5.21688   =>   CDf =  0.00332    CDp =  5.21356

 Side 1  free  transition at x/c =  0.3838   37
 Side 2  free  transition at x/c =  0.0277   15

  50   rms: 0.5988E+04   max: -.5433E+05   C at   82  2   RLX: 0.000
       a =  3.000      CL =  0.3761
      Cm = -0.0318     CD =  5.21671   =>   CDf =  0.00332    CDp =  5.21339

 Side 1  free  transition at x/c =  0.3838   37
 Side 2  free  transition at x/c =  0.0277   15

  51   rms: 0.6534E+04   max: -.5928E+05   C at   82  2   RLX: 0.000
       a =  3.000      CL =  0.3761
      Cm = -0.0318     CD =  5.21662   =>   CDf =  0.00332    CDp =  5.21330

 Side 1  free  transition at x/c =  0.3838   37
 Side 2  free  transition at x/c =  0.0277   15

  52   rms: 0.7104E+04   max: -.6444E+05   C at   82  2   RLX: 0.000
       a =  3.000      CL =  0.3761
      Cm = -0.0318     CD =  5.21654   =>   CDf =  0.00332    CDp =  5.21321

 Side 1  free  transition at x/c =  0.3838   37
 Side 2  free  transition at x/c =  0.0277   15

  53   rms: 0.5606E+05   max: 0.5084E+06   C at   76  2   RLX: 0.000
       a =  3.000      CL =  0.3761
      Cm = -0.0318     CD =  5.21663   =>   CDf =  0.00332    CDp =  5.21330

 Side 1  free  transition at x/c =  0.3838   37
 Side 2  free  transition at x/c =  0.0277   15

  54   rms: 0.6208E+04   max: -.5632E+05   C at   82  2   RLX: 0.000
       a =  3.000      CL =  0.3761
      Cm = -0.0318     CD =  5.21647   =>   CDf =  0.00332    CDp =  5.21314

 Side 1  free  transition at x/c =  0.3838   37
 Side 2  free  transition at x/c =  0.0277   15

  55   rms: 0.6764E+04   max: -.6136E+05   C at   82  2   RLX: 0.000
       a =  3.000      CL =  0.3761
      Cm = -0.0318     CD =  5.21638   =>   CDf =  0.00332    CDp =  5.21306

 Side 1  free  transition at x/c =  0.3838   37
 Side 2  free  transition at x/c =  0.0277   15

  56   rms: 0.7342E+04   max: -.6661E+05   C at   82  2   RLX: 0.000
       a =  3.000      CL =  0.3761
      Cm = -0.0318     CD =  5.21630   =>   CDf =  0.00332    CDp =  5.21297

 Side 1  free  transition at x/c =  0.3838   37
 Side 2  free  transition at x/c =  0.0277   15

  57   rms: 0.5788E+05   max: 0.5248E+06   C at   76  2   RLX: 0.000
       a =  3.000      CL =  0.3761
      Cm = -0.0318     CD =  5.21638   =>   CDf =  0.00332    CDp =  5.21306

 Side 1  free  transition at x/c =  0.3838   37
 Side 2  free  transition at x/c =  0.0277   15

  58   rms: 0.6429E+04   max: -.5832E+05   C at   82  2   RLX: 0.000
       a =  3.000      CL =  0.3761
      Cm = -0.0318     CD =  5.21623   =>   CDf =  0.00332    CDp =  5.21291

 Side 1  free  transition at x/c =  0.3838   37
 Side 2  free  transition at x/c =  0.0277   15

  59   rms: 0.6994E+04   max: -.6344E+05   C at   82  2   RLX: 0.000
       a =  3.000      CL =  0.3761
      Cm = -0.0318     CD =  5.21614   =>   CDf =  0.00332    CDp =  5.21282

 Side 1  free  transition at x/c =  0.3838   37
 Side 2  free  transition at x/c =  0.0277   15

  60   rms: 0.7581E+04   max: -.6877E+05   C at   82  2   RLX: 0.000
       a =  3.000      CL =  0.3761
      Cm = -0.0318     CD =  5.21606   =>   CDf =  0.00332    CDp =  5.21274

 Side 1  free  transition at x/c =  0.3838   37
 Side 2  free  transition at x/c =  0.0277   15

  61   rms: 0.5969E+05   max: 0.5413E+06   C at   76  2   RLX: 0.000
       a =  3.000      CL =  0.3761
      Cm = -0.0318     CD =  5.21615   =>   CDf =  0.00332    CDp =  5.21283

 Side 1  free  transition at x/c =  0.3838   37
 Side 2  free  transition at x/c =  0.0277   15

  62   rms: 0.6650E+04   max: -.6033E+05   C at   82  2   RLX: 0.000
       a =  3.000      CL =  0.3761
      Cm = -0.0318     CD =  5.21600   =>   CDf =  0.00332    CDp =  5.21268

 Side 1  free  transition at x/c =  0.3838   37
 Side 2  free  transition at x/c =  0.0277   15

  63   rms: 0.7224E+04   max: -.6553E+05   C at   82  2   RLX: 0.000
       a =  3.000      CL =  0.3761
      Cm = -0.0318     CD =  5.21592   =>   CDf =  0.00332    CDp =  5.21259

 Side 1  free  transition at x/c =  0.3838   37
 Side 2  free  transition at x/c =  0.0277   15

  64   rms: 0.7821E+04   max: -.7094E+05   C at   82  2   RLX: 0.000
       a =  3.000      CL =  0.3761
      Cm = -0.0318     CD =  5.21584   =>   CDf =  0.00332    CDp =  5.21252

 Side 1  free  transition at x/c =  0.3838   37
 Side 2  free  transition at x/c =  0.0277   15

  65   rms: 0.6151E+05   max: 0.5578E+06   C at   76  2   RLX: 0.000
       a =  3.000      CL =  0.3761
      Cm = -0.0318     CD =  5.21592   =>   CDf =  0.00332    CDp =  5.21260

 Side 1  free  transition at x/c =  0.3838   37
 Side 2  free  transition at x/c =  0.0277   15

  66   rms: 0.6871E+04   max: -.6234E+05   C at   82  2   RLX: 0.000
       a =  3.000      CL =  0.3761
      Cm = -0.0318     CD =  5.21578   =>   CDf =  0.00332    CDp =  5.21245

 Side 1  free  transition at x/c =  0.3838   37
 Side 2  free  transition at x/c =  0.0277   15

  67   rms: 0.7454E+04   max: -.6762E+05   C at   82  2   RLX: 0.000
       a =  3.000      CL =  0.3761
      Cm = -0.0318     CD =  5.21570   =>   CDf =  0.00332    CDp =  5.21237

 Side 1  free  transition at x/c =  0.3838   37
 Side 2  free  transition at x/c =  0.0277   15

  68   rms: 0.8060E+04   max: -.7311E+05   C at   82  2   RLX: 0.000
       a =  3.000      CL =  0.3761
      Cm = -0.0318     CD =  5.21562   =>   CDf =  0.00332    CDp =  5.21230

 MRCHDU: Convergence failed at  76  side 2    Res =  0.5894E-02
 MRCHDU: Convergence failed at  77  side 2    Res =  0.3476E-02
 MRCHDU: Convergence failed at  78  side 2    Res =  0.5607E-02
 MRCHDU: Convergence failed at  79  side 2    Res =  0.2607E-02
 MRCHDU: Convergence failed at  80  side 2    Res =  0.1022E-02
 MRCHDU: Convergence failed at  81  side 2    Res =  0.3242E-03
 MRCHDU: Convergence failed at  82  side 2    Res =  0.9756E-04
 Side 1  free  transition at x/c =  0.3838   37
 Side 2  free  transition at x/c =  0.0277   15

  69   rms: 0.6333E+05   max: 0.5743E+06   C at   77  2   RLX: 0.000
       a =  3.000      CL =  0.3761
      Cm = -0.0318     CD =  5.21570   =>   CDf =  0.00332    CDp =  5.21238

 Side 1  free  transition at x/c =  0.3838   37
 Side 2  free  transition at x/c =  0.0277   15

  70   rms: 0.7094E+04   max: -.6435E+05   C at   82  2   RLX: 0.000
       a =  3.000      CL =  0.3761
      Cm = -0.0318     CD =  5.21556   =>   CDf =  0.00332    CDp =  5.21224

 Side 1  free  transition at x/c =  0.3838   37
 Side 2  free  transition at x/c =  0.0277   15

  71   rms: 0.7685E+04   max: -.6972E+05   C at   82  2   RLX: 0.000
       a =  3.000      CL =  0.3761
      Cm = -0.0318     CD =  5.21548   =>   CDf =  0.00332    CDp =  5.21216

 Side 1  free  transition at x/c =  0.3838   37
 Side 2  free  transition at x/c =  0.0277   15

  72   rms: 0.6051E+05   max: 0.5487E+06   C at   76  2   RLX: 0.000
       a =  3.000      CL =  0.3761
      Cm = -0.0318     CD =  5.21557   =>   CDf =  0.00332    CDp =  5.21224

 Side 1  free  transition at x/c =  0.3838   37
 Side 2  free  transition at x/c =  0.0277   15

  73   rms: 0.6746E+04   max: -.6120E+05   C at   82  2   RLX: 0.000
       a =  3.000      CL =  0.3761
      Cm = -0.0318     CD =  5.21542   =>   CDf =  0.00332    CDp =  5.21210

 Side 1  free  transition at x/c =  0.3838   37
 Side 2  free  transition at x/c =  0.0277   15

  74   rms: 0.7324E+04   max: -.6644E+05   C at   82  2   RLX: 0.000
       a =  3.000      CL =  0.3761
      Cm = -0.0318     CD =  5.21534   =>   CDf =  0.00332    CDp =  5.21202

 Side 1  free  transition at x/c =  0.3838   37
 Side 2  free  transition at x/c =  0.0277   15

  75   rms: 0.7925E+04   max: -.7188E+05   C at   82  2   RLX: 0.000
       a =  3.000      CL =  0.3761
      Cm = -0.0318     CD =  5.21526   =>   CDf =  0.00332    CDp =  5.21194

 MRCHDU: Convergence failed at  78  side 2    Res =  0.3819E-02
 MRCHDU: Convergence failed at  79  side 2    Res =  0.2607E-02
 MRCHDU: Convergence failed at  80  side 2    Res =  0.1022E-02
 MRCHDU: Convergence failed at  81  side 2    Res =  0.3242E-03
 MRCHDU: Convergence failed at  82  side 2    Res =  0.9757E-04
 Side 1  free  transition at x/c =  0.3838   37
 Side 2  free  transition at x/c =  0.0277   15

  76   rms: 0.6233E+05   max: 0.5652E+06   C at   76  2   RLX: 0.000
       a =  3.000      CL =  0.3761
      Cm = -0.0318     CD =  5.21534   =>   CDf =  0.00332    CDp =  5.21202

 Side 1  free  transition at x/c =  0.3838   37
 Side 2  free  transition at x/c =  0.0277   15

  77   rms: 0.6968E+04   max: -.6321E+05   C at   82  2   RLX: 0.000
       a =  3.000      CL =  0.3761
      Cm = -0.0318     CD =  5.21520   =>   CDf =  0.00332    CDp =  5.21188

 Side 1  free  transition at x/c =  0.3838   37
 Side 2  free  transition at x/c =  0.0277   15

  78   rms: 0.7555E+04   max: -.6853E+05   C at   82  2   RLX: 0.000
       a =  3.000      CL =  0.3761
      Cm = -0.0318     CD =  5.21512   =>   CDf =  0.00332    CDp =  5.21180

 Side 1  free  transition at x/c =  0.3838   37
 Side 2  free  transition at x/c =  0.0277   15

  79   rms: 0.8164E+04   max: -.7406E+05   C at   82  2   RLX: 0.000
       a =  3.000      CL =  0.3761
      Cm = -0.0318     CD =  5.21505   =>   CDf =  0.00332    CDp =  5.21172

 MRCHDU: Convergence failed at  75  side 2    Res =  0.7042E-02
 MRCHDU: Convergence failed at  76  side 2    Res =  0.7961E-02
 MRCHDU: Convergence failed at  77  side 2    Res =  0.3476E-02
 MRCHDU: Convergence failed at  78  side 2    Res =  0.5607E-02
 MRCHDU: Convergence failed at  79  side 2    Res =  0.2607E-02
 MRCHDU: Convergence failed at  80  side 2    Res =  0.1022E-02
 MRCHDU: Convergence failed at  81  side 2    Res =  0.3242E-03
 MRCHDU: Convergence failed at  82  side 2    Res =  0.9757E-04
 Side 1  free  transition at x/c =  0.3838   37
 Side 2  free  transition at x/c =  0.0277   15

  80   rms: 0.6415E+05   max: 0.5818E+06   C at   77  2   RLX: 0.000
       a =  3.000      CL =  0.3761
      Cm = -0.0318     CD =  5.21513   =>   CDf =  0.00332    CDp =  5.21180

 Side 1  free  transition at x/c =  0.3838   37
 Side 2  free  transition at x/c =  0.0277   15

  81   rms: 0.7190E+04   max: -.6523E+05   C at   82  2   RLX: 0.000
       a =  3.000      CL =  0.3761
      Cm = -0.0318     CD =  5.21499   =>   CDf =  0.00332    CDp =  5.21166

 Side 1  free  transition at x/c =  0.3838   37
 Side 2  free  transition at x/c =  0.0277   15

  82   rms: 0.7786E+04   max: -.7063E+05   C at   82  2   RLX: 0.000
       a =  3.000      CL =  0.3761
      Cm = -0.0318     CD =  5.21491   =>   CDf =  0.00332    CDp =  5.21159

 Side 1  free  transition at x/c =  0.3838   37
 Side 2  free  transition at x/c =  0.0277   15

  83   rms: 0.8404E+04   max: -.7623E+05   C at   82  2   RLX: 0.000
       a =  3.000      CL =  0.3761
      Cm = -0.0318     CD =  5.21484   =>   CDf =  0.00332    CDp =  5.21152

 MRCHDU: Convergence failed at  74  side 2    Res =  0.9707E-02
 MRCHDU: Convergence failed at  75  side 2    Res =  0.1734E-01
 MRCHDU: Convergence failed at  76  side 2    Res =  0.7962E-02
 MRCHDU: Convergence failed at  77  side 2    Res =  0.3475E-02
 MRCHDU: Convergence failed at  78  side 2    Res =  0.5607E-02
 MRCHDU: Convergence failed at  79  side 2    Res =  0.2608E-02
 MRCHDU: Convergence failed at  80  side 2    Res =  0.1022E-02
 MRCHDU: Convergence failed at  81  side 2    Res =  0.3242E-03
 MRCHDU: Convergence failed at  82  side 2    Res =  0.9757E-04
 Side 1  free  transition at x/c =  0.3838   37
 Side 2  free  transition at x/c =  0.0277   15

  84   rms: 0.6598E+05   max: 0.5983E+06   C at   77  2   RLX: 0.000
       a =  3.000      CL =  0.3762
      Cm = -0.0318     CD =  5.21492   =>   CDf =  0.00332    CDp =  5.21159

 Side 1  free  transition at x/c =  0.3838   37
 Side 2  free  transition at x/c =  0.0277   15

  85   rms: 0.7413E+04   max: -.6725E+05   C at   82  2   RLX: 0.000
       a =  3.000      CL =  0.3762
      Cm = -0.0318     CD =  5.21478   =>   CDf =  0.00332    CDp =  5.21146

 Side 1  free  transition at x/c =  0.3838   37
 Side 2  free  transition at x/c =  0.0277   15

  86   rms: 0.8017E+04   max: -.7272E+05   C at   82  2   RLX: 0.000
       a =  3.000      CL =  0.3762
      Cm = -0.0318     CD =  5.21471   =>   CDf =  0.00332    CDp =  5.21138

 MRCHDU: Convergence failed at  76  side 2    Res =  0.2956E-02
 MRCHDU: Convergence failed at  77  side 2    Res =  0.3476E-02
 MRCHDU: Convergence failed at  78  side 2    Res =  0.5607E-02
 MRCHDU: Convergence failed at  79  side 2    Res =  0.2608E-02
 MRCHDU: Convergence failed at  80  side 2    Res =  0.1022E-02
 MRCHDU: Convergence failed at  81  side 2    Res =  0.3242E-03
 MRCHDU: Convergence failed at  82  side 2    Res =  0.9757E-04
 Side 1  free  transition at x/c =  0.3838   37
 Side 2  free  transition at x/c =  0.0277   15

  87   rms: 0.8644E+04   max: -.7841E+05   C at   82  2   RLX: 0.000
       a =  3.000      CL =  0.3762
      Cm = -0.0318     CD =  5.21464   =>   CDf =  0.00332    CDp =  5.21131

 MRCHDU: Convergence failed at  74  side 2    Res =  0.2945E-01
 MRCHDU: Convergence failed at  75  side 2    Res =  0.1734E-01
 MRCHDU: Convergence failed at  76  side 2    Res =  0.7963E-02
 MRCHDU: Convergence failed at  77  side 2    Res =  0.3474E-02
 MRCHDU: Convergence failed at  78  side 2    Res =  0.5607E-02
 MRCHDU: Convergence failed at  79  side 2    Res =  0.2608E-02
 MRCHDU: Convergence failed at  80  side 2    Res =  0.1022E-02
 MRCHDU: Convergence failed at  81  side 2    Res =  0.3242E-03
 MRCHDU: Convergence failed at  82  side 2    Res =  0.9757E-04
 Side 1  free  transition at x/c =  0.3838   37
 Side 2  free  transition at x/c =  0.0277   15

  88   rms: 0.6780E+05   max: 0.6149E+06   C at   77  2   RLX: 0.000
       a =  3.000      CL =  0.3762
      Cm = -0.0318     CD =  5.21471   =>   CDf =  0.00332    CDp =  5.21139

 Side 1  free  transition at x/c =  0.3838   37
 Side 2  free  transition at x/c =  0.0277   15

  89   rms: 0.7637E+04   max: -.6927E+05   C at   82  2   RLX: 0.000
       a =  3.000      CL =  0.3762
      Cm = -0.0318     CD =  5.21458   =>   CDf =  0.00332    CDp =  5.21126

 Side 1  free  transition at x/c =  0.3838   37
 Side 2  free  transition at x/c =  0.0277   15

  90   rms: 0.8249E+04   max: -.7483E+05   C at   82  2   RLX: 0.000
       a =  3.000      CL =  0.3762
      Cm = -0.0318     CD =  5.21451   =>   CDf =  0.00332    CDp =  5.21119

 MRCHDU: Convergence failed at  75  side 2    Res =  0.1451E-01
 MRCHDU: Convergence failed at  76  side 2    Res =  0.7962E-02
 MRCHDU: Convergence failed at  77  side 2    Res =  0.3476E-02
 MRCHDU: Convergence failed at  78  side 2    Res =  0.5607E-02
 MRCHDU: Convergence failed at  79  side 2    Res =  0.2608E-02
 MRCHDU: Convergence failed at  80  side 2    Res =  0.1022E-02
 MRCHDU: Convergence failed at  81  side 2    Res =  0.3242E-03
 MRCHDU: Convergence failed at  82  side 2    Res =  0.9758E-04
 Side 1  free  transition at x/c =  0.3838   37
 Side 2  free  transition at x/c =  0.0277   15

  91   rms: 0.8886E+04   max: -.8060E+05   C at   82  2   RLX: 0.000
       a =  3.000      CL =  0.3762
      Cm = -0.0318     CD =  5.21444   =>   CDf =  0.00332    CDp =  5.21112

 MRCHDU: Convergence failed at  74  side 2    Res =  0.4893E-01
 MRCHDU: Convergence failed at  75  side 2    Res =  0.1734E-01
 MRCHDU: Convergence failed at  76  side 2    Res =  0.7964E-02
 MRCHDU: Convergence failed at  77  side 2    Res =  0.3474E-02
 MRCHDU: Convergence failed at  78  side 2    Res =  0.5607E-02
 MRCHDU: Convergence failed at  79  side 2    Res =  0.2608E-02
 MRCHDU: Convergence failed at  80  side 2    Res =  0.1022E-02
 MRCHDU: Convergence failed at  81  side 2    Res =  0.3242E-03
 MRCHDU: Convergence failed at  82  side 2    Res =  0.9758E-04
 Side 1  free  transition at x/c =  0.3838   37
 Side 2  free  transition at x/c =  0.0277   15

  92   rms: 0.6963E+05   max: 0.6314E+06   C at   77  2   RLX: 0.000
       a =  3.000      CL =  0.3762
      Cm = -0.0318     CD =  5.21451   =>   CDf =  0.00332    CDp =  5.21119

 Side 1  free  transition at x/c =  0.3838   37
 Side 2  free  transition at x/c =  0.0277   15

  93   rms: 0.7860E+04   max: -.7130E+05   C at   82  2   RLX: 0.000
       a =  3.000      CL =  0.3762
      Cm = -0.0318     CD =  5.21439   =>   CDf =  0.00332    CDp =  5.21106

 MRCHDU: Convergence failed at  79  side 2    Res =  0.1626E-02
 MRCHDU: Convergence failed at  80  side 2    Res =  0.1022E-02
 MRCHDU: Convergence failed at  81  side 2    Res =  0.3242E-03
 MRCHDU: Convergence failed at  82  side 2    Res =  0.9758E-04
 Side 1  free  transition at x/c =  0.3838   37
 Side 2  free  transition at x/c =  0.0277   15

  94   rms: 0.8481E+04   max: -.7693E+05   C at   82  2   RLX: 0.000
       a =  3.000      CL =  0.3762
      Cm = -0.0318     CD =  5.21432   =>   CDf =  0.00332    CDp =  5.21099

 MRCHDU: Convergence failed at  74  side 2    Res =  0.1645E-01
 MRCHDU: Convergence failed at  75  side 2    Res =  0.1734E-01
 MRCHDU: Convergence failed at  76  side 2    Res =  0.7963E-02
 MRCHDU: Convergence failed at  77  side 2    Res =  0.3475E-02
 MRCHDU: Convergence failed at  78  side 2    Res =  0.5608E-02
 MRCHDU: Convergence failed at  79  side 2    Res =  0.2608E-02
 MRCHDU: Convergence failed at  80  side 2    Res =  0.1022E-02
 MRCHDU: Convergence failed at  81  side 2    Res =  0.3242E-03
 MRCHDU: Convergence failed at  82  side 2    Res =  0.9758E-04
 Side 1  free  transition at x/c =  0.3838   37
 Side 2  free  transition at x/c =  0.0277   15

  95   rms: 0.9127E+04   max: -.8279E+05   C at   82  2   RLX: 0.000
       a =  3.000      CL =  0.3762
      Cm = -0.0318     CD =  5.21425   =>   CDf =  0.00332    CDp =  5.21092

 MRCHDU: Convergence failed at  74  side 2    Res =  0.6818E-01
 MRCHDU: Convergence failed at  75  side 2    Res =  0.1734E-01
 MRCHDU: Convergence failed at  76  side 2    Res =  0.7965E-02
 MRCHDU: Convergence failed at  77  side 2    Res =  0.3473E-02
 MRCHDU: Convergence failed at  78  side 2    Res =  0.5608E-02
 MRCHDU: Convergence failed at  79  side 2    Res =  0.2608E-02
 MRCHDU: Convergence failed at  80  side 2    Res =  0.1022E-02
 MRCHDU: Convergence failed at  81  side 2    Res =  0.3242E-03
 MRCHDU: Convergence failed at  82  side 2    Res =  0.9758E-04
 Side 1  free  transition at x/c =  0.3838   37
 Side 2  free  transition at x/c =  0.0277   15

  96   rms: 0.7146E+05   max: 0.6480E+06   C at   77  2   RLX: 0.000
       a =  3.000      CL =  0.3762
      Cm = -0.0318     CD =  5.21432   =>   CDf =  0.00332    CDp =  5.21100

 Side 1  free  transition at x/c =  0.3838   37
 Side 2  free  transition at x/c =  0.0277   15

  97   rms: 0.8085E+04   max: -.7334E+05   C at   82  2   RLX: 0.000
       a =  3.000      CL =  0.3762
      Cm = -0.0318     CD =  5.21420   =>   CDf =  0.00332    CDp =  5.21087

 MRCHDU: Convergence failed at  75  side 2    Res =  0.1037E-02
 MRCHDU: Convergence failed at  76  side 2    Res =  0.7961E-02
 MRCHDU: Convergence failed at  77  side 2    Res =  0.3476E-02
 MRCHDU: Convergence failed at  78  side 2    Res =  0.5608E-02
 MRCHDU: Convergence failed at  79  side 2    Res =  0.2608E-02
 MRCHDU: Convergence failed at  80  side 2    Res =  0.1022E-02
 MRCHDU: Convergence failed at  81  side 2    Res =  0.3242E-03
 MRCHDU: Convergence failed at  82  side 2    Res =  0.9758E-04
 Side 1  free  transition at x/c =  0.3838   37
 Side 2  free  transition at x/c =  0.0277   15

  98   rms: 0.8715E+04   max: -.7905E+05   C at   82  2   RLX: 0.000
       a =  3.000      CL =  0.3762
      Cm = -0.0318     CD =  5.21413   =>   CDf =  0.00332    CDp =  5.21080

 MRCHDU: Convergence failed at  74  side 2    Res =  0.3548E-01
 MRCHDU: Convergence failed at  75  side 2    Res =  0.1734E-01
 MRCHDU: Convergence failed at  76  side 2    Res =  0.7964E-02
 MRCHDU: Convergence failed at  77  side 2    Res =  0.3474E-02
 MRCHDU: Convergence failed at  78  side 2    Res =  0.5608E-02
 MRCHDU: Convergence failed at  79  side 2    Res =  0.2608E-02
 MRCHDU: Convergence failed at  80  side 2    Res =  0.1022E-02
 MRCHDU: Convergence failed at  81  side 2    Res =  0.3242E-03
 MRCHDU: Convergence failed at  82  side 2    Res =  0.9758E-04
 Side 1  free  transition at x/c =  0.3838   37
 Side 2  free  transition at x/c =  0.0277   15

  99   rms: 0.9368E+04   max: -.8498E+05   C at   82  2   RLX: 0.000
       a =  3.000      CL =  0.3762
      Cm = -0.0318     CD =  5.21406   =>   CDf =  0.00332    CDp =  5.21074

 MRCHDU: Convergence failed at  74  side 2    Res =  0.8718E-01
 MRCHDU: Convergence failed at  75  side 2    Res =  0.1734E-01
 MRCHDU: Convergence failed at  76  side 2    Res =  0.7967E-02
 MRCHDU: Convergence failed at  77  side 2    Res =  0.3473E-02
 MRCHDU: Convergence failed at  78  side 2    Res =  0.5608E-02
 MRCHDU: Convergence failed at  79  side 2    Res =  0.2608E-02
 MRCHDU: Convergence failed at  80  side 2    Res =  0.1022E-02
 MRCHDU: Convergence failed at  81  side 2    Res =  0.3242E-03
 MRCHDU: Convergence failed at  82  side 2    Res =  0.9758E-04
 Side 1  free  transition at x/c =  0.3838   37
 Side 2  free  transition at x/c =  0.0277   15

 100   rms: 0.7329E+05   max: 0.6646E+06   C at   77  2   RLX: 0.000
       a =  3.000      CL =  0.3762
      Cm = -0.0318     CD =  5.21413   =>   CDf =  0.00332    CDp =  5.21081

 Side 1  free  transition at x/c =  0.3838   37
 Side 2  free  transition at x/c =  0.0277   15

 101   rms: 0.8309E+04   max: -.7537E+05   C at   82  2   RLX: 0.000
       a =  3.000      CL =  0.3762
      Cm = -0.0318     CD =  5.21401   =>   CDf =  0.00332    CDp =  5.21069

 MRCHDU: Convergence failed at  74  side 2    Res =  0.2530E-02
 MRCHDU: Convergence failed at  75  side 2    Res =  0.1734E-01
 MRCHDU: Convergence failed at  76  side 2    Res =  0.7962E-02
 MRCHDU: Convergence failed at  77  side 2    Res =  0.3476E-02
 MRCHDU: Convergence failed at  78  side 2    Res =  0.5608E-02
 MRCHDU: Convergence failed at  79  side 2    Res =  0.2608E-02
 MRCHDU: Convergence failed at  80  side 2    Res =  0.1022E-02
 MRCHDU: Convergence failed at  81  side 2    Res =  0.3242E-03
 MRCHDU: Convergence failed at  82  side 2    Res =  0.9758E-04
 Side 1  free  transition at x/c =  0.3838   37
 Side 2  free  transition at x/c =  0.0277   15

 102   rms: 0.8948E+04   max: -.8117E+05   C at   82  2   RLX: 0.000
       a =  3.000      CL =  0.3762
      Cm = -0.0318     CD =  5.21394   =>   CDf =  0.00332    CDp =  5.21062

 MRCHDU: Convergence failed at  74  side 2    Res =  0.5428E-01
 MRCHDU: Convergence failed at  75  side 2    Res =  0.1734E-01
 MRCHDU: Convergence failed at  76  side 2    Res =  0.7965E-02
 MRCHDU: Convergence failed at  77  side 2    Res =  0.3474E-02
 MRCHDU: Convergence failed at  78  side 2    Res =  0.5608E-02
 MRCHDU: Convergence failed at  79  side 2    Res =  0.2608E-02
 MRCHDU: Convergence failed at  80  side 2    Res =  0.1022E-02
 MRCHDU: Convergence failed at  81  side 2    Res =  0.3242E-03
 MRCHDU: Convergence failed at  82  side 2    Res =  0.9758E-04
 Side 1  free  transition at x/c =  0.3838   37
 Side 2  free  transition at x/c =  0.0277   15

 103   rms: 0.9609E+04   max: -.8716E+05   C at   82  2   RLX: 0.000
       a =  3.000      CL =  0.3762
      Cm = -0.0318     CD =  5.21388   =>   CDf =  0.00332    CDp =  5.21056

 MRCHDU: Convergence failed at  74  side 2    Res =  0.1060E+00
 Side 1  free  transition at x/c =  0.3838   37
 Side 2  free  transition at x/c =  0.0277   15

 104   rms: 0.7333E+01   max: 0.5543E+02   T at   83  2   RLX: 0.009
       a =  3.000      CL =  0.3749
      Cm = -0.0330     CD =  5.35543   =>   CDf =  0.00332    CDp =  5.35210

 Side 1  free  transition at x/c =  0.3858   37
 Side 2  free  transition at x/c =  0.0277   15

 105   rms: 0.8080E+01   max: -.1061E+03   T at   76  2   RLX: 0.005
       a =  3.000      CL =  0.3765
      Cm = -0.0320     CD =  5.68977   =>   CDf =  0.00334    CDp =  5.68643

 Side 1  free  transition at x/c =  0.3841   37
 Side 2  free  transition at x/c =  0.0277   15

 106   rms: 0.7890E+01   max: 0.6495E+02   T at   83  2   RLX: 0.009
       a =  3.000      CL =  0.3738
      Cm = -0.0326     CD =  5.56071   =>   CDf =  0.00334    CDp =  5.55737

 Side 1  free  transition at x/c =  0.3860   37
 Side 2  free  transition at x/c =  0.0277   14

 107   rms: 0.6797E+01   max: -.9406E+02   T at   97  2   RLX: 0.005
       a =  3.000      CL =  0.3737
      Cm = -0.0327     CD =  5.88049   =>   CDf =  0.00336    CDp =  5.87713

 Side 1  free  transition at x/c =  0.3861   37
 Side 2  free  transition at x/c =  0.0277   14

 108   rms: 0.9744E+01   max: -.1531E+03   T at   97  2   RLX: 0.003
       a =  3.000      CL =  0.3741
      Cm = -0.0329     CD =  6.01203   =>   CDf =  0.00337    CDp =  6.00867

 Side 1  free  transition at x/c =  0.3862   37
 Side 2  free  transition at x/c =  0.0277   14

 109   rms: 0.1045E+02   max: -.1640E+03   T at   94  2   RLX: 0.003
       a =  3.000      CL =  0.3745
      Cm = -0.0331     CD =  6.11959   =>   CDf =  0.00337    CDp =  6.11623

 Side 1  free  transition at x/c =  0.3862   37
 Side 2  free  transition at x/c =  0.0277   14

 110   rms: 0.9411E+01   max: -.1731E+03   T at   94  2   RLX: 0.003
       a =  3.000      CL =  0.3748
      Cm = -0.0333     CD =  6.23584   =>   CDf =  0.00337    CDp =  6.23246

 Side 1  free  transition at x/c =  0.3863   37
 Side 2  free  transition at x/c =  0.0277   14

 111   rms: 0.9187E+01   max: -.9083E+02   T at   96  2   RLX: 0.006
       a =  3.000      CL =  0.3755
      Cm = -0.0336     CD =  6.28352   =>   CDf =  0.00337    CDp =  6.28015

 MRCHDU: Convergence failed at  14  side 2    Res =  0.6441E-05
 Side 1  free  transition at x/c =  0.3864   37
 Side 2  free  transition at x/c =  0.0277   14

 112   rms: 0.1019E+02   max: 0.2126E+03   T at   97  2   RLX: 0.007
       a =  3.000      CL =  0.3763
      Cm = -0.0341     CD =  6.89066   =>   CDf =  0.00338    CDp =  6.88728

 Side 1  free  transition at x/c =  0.3865   37
 Side 2  free  transition at x/c =  0.0996   20

 113   rms: 0.1133E+02   max: 0.1469E+03   T at   97  2   RLX: 0.010
       a =  3.000      CL =  0.4588
      Cm = -0.0667     CD =  7.20969   =>   CDf =  0.00334    CDp =  7.20635

 Side 1  free  transition at x/c =  0.3848   37
 Side 2  free  transition at x/c =  0.0992   20

 114   rms: 0.3849E+01   max: 0.6265E+02   T at   97  2   RLX: 0.024
       a =  3.000      CL =  0.4634
      Cm = -0.0655     CD =  7.85882   =>   CDf =  0.00335    CDp =  7.85547

 Side 1  free  transition at x/c =  0.3806   37
 Side 2  free  transition at x/c =  0.0985   20

 115   rms: 0.5845E+01   max: -.5027E+02   T at   21  2   RLX: 0.010
       a =  3.000      CL =  0.4581
      Cm = -0.0621     CD =  7.68189   =>   CDf =  0.00337    CDp =  7.67852

 Side 1  free  transition at x/c =  0.3785   37
 Side 2  free  transition at x/c =  0.0976   20

 116   rms: 0.1720E+02   max: -.2173E+03   T at   21  2   RLX: 0.002
       a =  3.000      CL =  0.4518
      Cm = -0.0600     CD =  7.77260   =>   CDf =  0.00339    CDp =  7.76921

 Side 1  free  transition at x/c =  0.3788   37
 Side 2  free  transition at x/c =  0.0952   20

 117   rms: 0.1552E+02   max: -.1510E+03   C at   82  2   RLX: 0.003
       a =  3.000      CL =  0.4523
      Cm = -0.0587     CD =  7.80080   =>   CDf =  0.00339    CDp =  7.79741

 Side 1  free  transition at x/c =  0.3773   37
 Side 2  free  transition at x/c =  0.0971   20

 118   rms: 0.1112E+02   max: -.1047E+03   C at   82  2   RLX: 0.005
       a =  3.000      CL =  0.4564
      Cm = -0.0585     CD =  7.83064   =>   CDf =  0.00340    CDp =  7.82724

 Side 1  free  transition at x/c =  0.3755   37
 Side 2  free  transition at x/c =  0.1043   21

 119   rms: 0.2117E+02   max: -.2148E+03   C at   82  2   RLX: 0.002
       a =  3.000      CL =  0.4520
      Cm = -0.0573     CD =  7.85185   =>   CDf =  0.00341    CDp =  7.84844

 Side 1  free  transition at x/c =  0.3754   37
 Side 2  free  transition at x/c =  0.1044   21

 120   rms: 0.2927E+02   max: -.2933E+03   C at   82  2   RLX: 0.002
       a =  3.000      CL =  0.4521
      Cm = -0.0573     CD =  7.86139   =>   CDf =  0.00341    CDp =  7.85797

 Side 1  free  transition at x/c =  0.3754   37
 Side 2  free  transition at x/c =  0.1045   21

 121   rms: 0.3878E+02   max: -.3851E+03   C at   82  2   RLX: 0.001
       a =  3.000      CL =  0.4522
      Cm = -0.0573     CD =  7.86757   =>   CDf =  0.00341    CDp =  7.86416

 Side 1  free  transition at x/c =  0.3755   37
 Side 2  free  transition at x/c =  0.1046   21

 122   rms: 0.4966E+02   max: -.4899E+03   C at   82  2   RLX: 0.001
       a =  3.000      CL =  0.4522
      Cm = -0.0574     CD =  7.87194   =>   CDf =  0.00342    CDp =  7.86853

 Side 1  free  transition at x/c =  0.3755   37
 Side 2  free  transition at x/c =  0.1046   21

 123   rms: 0.6209E+02   max: -.6094E+03   C at   82  2   RLX: 0.001
       a =  3.000      CL =  0.4523
      Cm = -0.0574     CD =  7.87313   =>   CDf =  0.00342    CDp =  7.86971

 Side 1  free  transition at x/c =  0.3755   37
 Side 2  free  transition at x/c =  0.1047   21

 124   rms: 0.7605E+02   max: -.7437E+03   C at   82  2   RLX: 0.001
       a =  3.000      CL =  0.4524
      Cm = -0.0574     CD =  7.87397   =>   CDf =  0.00342    CDp =  7.87056

 Side 1  free  transition at x/c =  0.3755   37
 Side 2  free  transition at x/c =  0.1047   21

 125   rms: 0.9623E+02   max: -.9378E+03   C at   82  2   RLX: 0.001
       a =  3.000      CL =  0.4524
      Cm = -0.0575     CD =  7.86914   =>   CDf =  0.00342    CDp =  7.86572

 Side 1  free  transition at x/c =  0.3755   37
 Side 2  free  transition at x/c =  0.1047   21

 126   rms: 0.2400E+03   max: -.2321E+04   C at   82  2   RLX: 0.000
       a =  3.000      CL =  0.4524
      Cm = -0.0575     CD =  7.87385   =>   CDf =  0.00342    CDp =  7.87043

 Side 1  free  transition at x/c =  0.3755   37
 Side 2  free  transition at x/c =  0.1047   21

 127   rms: 0.1279E+03   max: -.1242E+04   C at   82  2   RLX: 0.000
       a =  3.000      CL =  0.4524
      Cm = -0.0575     CD =  7.87519   =>   CDf =  0.00342    CDp =  7.87177

 Side 1  free  transition at x/c =  0.3755   37
 Side 2  free  transition at x/c =  0.1048   21

 128   rms: 0.1482E+03   max: -.1438E+04   C at   82  2   RLX: 0.000
       a =  3.000      CL =  0.4524
      Cm = -0.0575     CD =  7.87547   =>   CDf =  0.00342    CDp =  7.87205

 Side 1  free  transition at x/c =  0.3756   37
 Side 2  free  transition at x/c =  0.1048   21

 129   rms: 0.1701E+03   max: -.1648E+04   C at   82  2   RLX: 0.000
       a =  3.000      CL =  0.4524
      Cm = -0.0575     CD =  7.87569   =>   CDf =  0.00342    CDp =  7.87228

 Side 1  free  transition at x/c =  0.3756   37
 Side 2  free  transition at x/c =  0.1048   21

 130   rms: 0.1935E+03   max: -.1873E+04   C at   82  2   RLX: 0.000
       a =  3.000      CL =  0.4525
      Cm = -0.0575     CD =  7.87588   =>   CDf =  0.00342    CDp =  7.87246

 Side 1  free  transition at x/c =  0.3756   37
 Side 2  free  transition at x/c =  0.1048   21

 131   rms: 0.2184E+03   max: -.2113E+04   C at   82  2   RLX: 0.000
       a =  3.000      CL =  0.4525
      Cm = -0.0575     CD =  7.87604   =>   CDf =  0.00342    CDp =  7.87262

 Side 1  free  transition at x/c =  0.3756   37
 Side 2  free  transition at x/c =  0.1048   21

 132   rms: 0.2448E+03   max: -.2367E+04   C at   82  2   RLX: 0.000
       a =  3.000      CL =  0.4525
      Cm = -0.0575     CD =  7.87617   =>   CDf =  0.00342    CDp =  7.87275

 Side 1  free  transition at x/c =  0.3756   37
 Side 2  free  transition at x/c =  0.1048   21

 133   rms: 0.2727E+03   max: -.2635E+04   C at   82  2   RLX: 0.000
       a =  3.000      CL =  0.4525
      Cm = -0.0576     CD =  7.87628   =>   CDf =  0.00342    CDp =  7.87286

 Side 1  free  transition at x/c =  0.3756   37
 Side 2  free  transition at x/c =  0.1049   21

 134   rms: 0.3021E+03   max: -.2918E+04   C at   82  2   RLX: 0.000
       a =  3.000      CL =  0.4525
      Cm = -0.0576     CD =  7.87638   =>   CDf =  0.00342    CDp =  7.87296

 Side 1  free  transition at x/c =  0.3756   37
 Side 2  free  transition at x/c =  0.1049   21

 135   rms: 0.3329E+03   max: -.3214E+04   C at   82  2   RLX: 0.000
       a =  3.000      CL =  0.4525
      Cm = -0.0576     CD =  7.87647   =>   CDf =  0.00342    CDp =  7.87305

 Side 1  free  transition at x/c =  0.3756   37
 Side 2  free  transition at x/c =  0.1049   21

 136   rms: 0.3653E+03   max: -.3525E+04   C at   82  2   RLX: 0.000
       a =  3.000      CL =  0.4525
      Cm = -0.0576     CD =  7.87655   =>   CDf =  0.00342    CDp =  7.87313

 Side 1  free  transition at x/c =  0.3756   37
 Side 2  free  transition at x/c =  0.1049   21

 137   rms: 0.3990E+03   max: -.3850E+04   C at   82  2   RLX: 0.000
       a =  3.000      CL =  0.4526
      Cm = -0.0576     CD =  7.87662   =>   CDf =  0.00342    CDp =  7.87320

 Side 1  free  transition at x/c =  0.3756   37
 Side 2  free  transition at x/c =  0.1049   21

 138   rms: 0.4343E+03   max: -.4189E+04   C at   82  2   RLX: 0.000
       a =  3.000      CL =  0.4526
      Cm = -0.0576     CD =  7.87668   =>   CDf =  0.00342    CDp =  7.87326

 Side 1  free  transition at x/c =  0.3756   37
 Side 2  free  transition at x/c =  0.1049   21

 139   rms: 0.4710E+03   max: -.4542E+04   C at   82  2   RLX: 0.000
       a =  3.000      CL =  0.4526
      Cm = -0.0576     CD =  7.87673   =>   CDf =  0.00342    CDp =  7.87331

 Side 1  free  transition at x/c =  0.3756   37
 Side 2  free  transition at x/c =  0.1049   21

 140   rms: 0.5091E+03   max: -.4909E+04   C at   82  2   RLX: 0.000
       a =  3.000      CL =  0.4526
      Cm = -0.0576     CD =  7.87678   =>   CDf =  0.00342    CDp =  7.87336

 Side 1  free  transition at x/c =  0.3756   37
 Side 2  free  transition at x/c =  0.1049   21

 141   rms: 0.5487E+03   max: -.5289E+04   C at   82  2   RLX: 0.000
       a =  3.000      CL =  0.4526
      Cm = -0.0576     CD =  7.87683   =>   CDf =  0.00342    CDp =  7.87341

 MRCHDU: Convergence failed at  75  side 2    Res =  0.1588E-01
 MRCHDU: Convergence failed at  76  side 2    Res =  0.1454E-01
 MRCHDU: Convergence failed at  77  side 2    Res =  0.3656E-02
 MRCHDU: Convergence failed at  78  side 2    Res =  0.5084E-02
 MRCHDU: Convergence failed at  79  side 2    Res =  0.1968E-02
 MRCHDU: Convergence failed at  80  side 2    Res =  0.7851E-03
 MRCHDU: Convergence failed at  81  side 2    Res =  0.2698E-03
 MRCHDU: Convergence failed at  82  side 2    Res =  0.8655E-04
 Side 1  free  transition at x/c =  0.3756   37
 Side 2  free  transition at x/c =  0.1049   21

 142   rms: 0.5898E+03   max: -.5685E+04   C at   82  2   RLX: 0.000
       a =  3.000      CL =  0.4526
      Cm = -0.0576     CD =  7.87687   =>   CDf =  0.00342    CDp =  7.87345

 MRCHDU: Convergence failed at  75  side 2    Res =  0.6734E-01
 MRCHDU: Convergence failed at  76  side 2    Res =  0.1455E-01
 MRCHDU: Convergence failed at  77  side 2    Res =  0.3654E-02
 MRCHDU: Convergence failed at  78  side 2    Res =  0.5084E-02
 MRCHDU: Convergence failed at  79  side 2    Res =  0.1968E-02
 MRCHDU: Convergence failed at  80  side 2    Res =  0.7852E-03
 MRCHDU: Convergence failed at  81  side 2    Res =  0.2698E-03
 MRCHDU: Convergence failed at  82  side 2    Res =  0.8656E-04
 Side 1  free  transition at x/c =  0.3756   37
 Side 2  free  transition at x/c =  0.1049   21

 143   rms: 0.6324E+03   max: -.6095E+04   C at   82  2   RLX: 0.000
       a =  3.000      CL =  0.4526
      Cm = -0.0576     CD =  7.87691   =>   CDf =  0.00342    CDp =  7.87349

 MRCHDU: Convergence failed at  75  side 2    Res =  0.1187E+00
 Side 1  free  transition at x/c =  0.3756   37
 Side 2  free  transition at x/c =  0.1049   21

 144   rms: 0.2853E+01   max: 0.4191E+02   T at   83  2   RLX: 0.025
       a =  3.000      CL =  0.4543
      Cm = -0.0586     CD =  8.46133   =>   CDf =  0.00342    CDp =  8.45791

 Side 1  free  transition at x/c =  0.3760   37
 Side 2  free  transition at x/c =  0.1052   21

 145   rms: 0.5301E+01   max: 0.6593E+02   T at   95  2   RLX: 0.015
       a =  3.000      CL =  0.4529
      Cm = -0.0586     CD =  8.90318   =>   CDf =  0.00344    CDp =  8.89974

 Side 1  free  transition at x/c =  0.3765   37
 Side 2  free  transition at x/c =  0.1053   21

 146   rms: 0.5896E+01   max: 0.1385E+03   T at   95  2   RLX: 0.011
       a =  3.000      CL =  0.4528
      Cm = -0.0590     CD =  9.38586   =>   CDf =  0.00345    CDp =  9.38241

 Side 1  free  transition at x/c =  0.3772   37
 Side 2  free  transition at x/c =  0.1051   21

 147   rms: 0.4513E+01   max: 0.9330E+02   T at   95  2   RLX: 0.016
       a =  3.000      CL =  0.4523
      Cm = -0.0597     CD =  8.99245   =>   CDf =  0.00346    CDp =  8.98898

 Side 1  free  transition at x/c =  0.3787   37
 Side 2  free  transition at x/c =  0.1037   21

 148   rms: 0.3268E+01   max: 0.4562E+02   T at   83  2   RLX: 0.029
       a =  3.000      CL =  0.4515
      Cm = -0.0599     CD =  8.94302   =>   CDf =  0.00348    CDp =  8.93954

 Side 1  free  transition at x/c =  0.3790   37
 Side 2  free  transition at x/c =  0.1014   21

 149   rms: 0.4886E+01   max: 0.5703E+02   T at   21  2   RLX: 0.023
       a =  3.000      CL =  0.4377
      Cm = -0.0598     CD =  8.91913   =>   CDf =  0.00349    CDp =  8.91564

 Side 1  free  transition at x/c =  0.3839   37
 Side 2  free  transition at x/c =  0.0602   18

 150   rms: 0.3927E+01   max: 0.5190E+02   T at   83  2   RLX: 0.013
       a =  3.000      CL =  0.4420
      Cm = -0.0626     CD =  9.21595   =>   CDf =  0.00350    CDp =  9.21245

 Side 1  free  transition at x/c =  0.3859   37
 Side 2  free  transition at x/c =  0.0577   17

 151   rms: 0.6349E+01   max: 0.6680E+02   T at   97  2   RLX: 0.009
       a =  3.000      CL =  0.4368
      Cm = -0.0579     CD =  9.48716   =>   CDf =  0.00351    CDp =  9.48365

 Side 1  free  transition at x/c =  0.3830   37
 Side 2  free  transition at x/c =  0.0565   17

 152   rms: 0.8991E+01   max: -.1654E+03   T at   18  2   RLX: 0.003
       a =  3.000      CL =  0.4308
      Cm = -0.0558     CD =  9.51293   =>   CDf =  0.00352    CDp =  9.50942

 Side 1  free  transition at x/c =  0.3820   37
 Side 2  free  transition at x/c =  0.0548   17

 153   rms: 0.3870E+01   max: -.5279E+02   T at   97  2   RLX: 0.009
       a =  3.000      CL =  0.4287
      Cm = -0.0553     CD =  9.32891   =>   CDf =  0.00352    CDp =  9.32539

 Side 1  free  transition at x/c =  0.3825   37
 Side 2  free  transition at x/c =  0.0533   17

 154   rms: 0.4827E+01   max: -.1003E+03   T at   97  2   RLX: 0.005
       a =  3.000      CL =  0.4283
      Cm = -0.0555     CD =  9.41590   =>   CDf =  0.00353    CDp =  9.41237

 Side 1  free  transition at x/c =  0.3828   37
 Side 2  free  transition at x/c =  0.0528   17

 155   rms: 0.7190E+01   max: -.1766E+03   T at   97  2   RLX: 0.003
       a =  3.000      CL =  0.4284
      Cm = -0.0556     CD =  9.45582   =>   CDf =  0.00353    CDp =  9.45229

 Side 1  free  transition at x/c =  0.3829   37
 Side 2  free  transition at x/c =  0.0525   17

 156   rms: 0.8596E+01   max: -.2182E+03   T at   97  2   RLX: 0.002
       a =  3.000      CL =  0.4285
      Cm = -0.0558     CD =  9.50458   =>   CDf =  0.00353    CDp =  9.50105

 Side 1  free  transition at x/c =  0.3830   37
 Side 2  free  transition at x/c =  0.0523   17

 157   rms: 0.6195E+01   max: -.1262E+03   T at   97  2   RLX: 0.004
       a =  3.000      CL =  0.4284
      Cm = -0.0560     CD =  9.63242   =>   CDf =  0.00353    CDp =  9.62889

 Side 1  free  transition at x/c =  0.3832   37
 Side 2  free  transition at x/c =  0.0519   17

 158   rms: 0.3297E+01   max: 0.5149E+02   T at   83  2   RLX: 0.018
       a =  3.000      CL =  0.4279
      Cm = -0.0570     CD = 10.17553   =>   CDf =  0.00353    CDp = 10.17200

 Side 1  free  transition at x/c =  0.3843   37
 Side 2  free  transition at x/c =  0.0502   17

 159   rms: 0.4065E+01   max: 0.5242E+02   T at   83  2   RLX: 0.019
       a =  3.000      CL =  0.4285
      Cm = -0.0585     CD = 12.46774   =>   CDf =  0.00353    CDp = 12.46421

 Side 1  free  transition at x/c =  0.3856   37
 Side 2  free  transition at x/c =  0.0488   17

 160   rms: 0.3508E+01   max: 0.5346E+02   T at   83  2   RLX: 0.028
       a =  3.000      CL =  0.4282
      Cm = -0.0606     CD = 13.97218   =>   CDf =  0.00354    CDp = 13.96864

 Side 1  free  transition at x/c =  0.3876   37
 Side 2  free  transition at x/c =  0.0471   17

 161   rms: 0.7276E+01   max: 0.1665E+03   T at   96  2   RLX: 0.009
       a =  3.000      CL =  0.4317
      Cm = -0.0620     CD = 15.08666   =>   CDf =  0.00355    CDp = 15.08311

 Side 1  free  transition at x/c =  0.3881   37
 Side 2  free  transition at x/c =  0.0469   17

 162   rms: 0.7202E+01   max: 0.1788E+03   T at   96  2   RLX: 0.008
       a =  3.000      CL =  0.4310
      Cm = -0.0624     CD = 15.21569   =>   CDf =  0.00355    CDp = 15.21214

 Side 1  free  transition at x/c =  0.3885   38
 Side 2  free  transition at x/c =  0.0466   17

 163   rms: 0.3920E+01   max: 0.6653E+02   T at   96  2   RLX: 0.023
       a =  3.000      CL =  0.4295
      Cm = -0.0635     CD = 14.51776   =>   CDf =  0.00355    CDp = 14.51421

 TRCHEK2: N2 convergence failed.
 x:  0.05142  0.06201  0.06422  N:  8.962  9.000  9.005  Nx:  28.392   dN:-0.941E-01
 TRCHEK2: N2 convergence failed.
 x:  0.05142  0.06201  0.06422  N:  8.962  9.000  9.005  Nx:  28.286   dN:-0.786E-01
 TRCHEK2: N2 convergence failed.
 x:  0.05142  0.06202  0.06422  N:  8.962  9.000  9.005  Nx:  27.627   dN:-0.594E-01
 TRCHEK2: N2 convergence failed.
 x:  0.05142  0.06206  0.06422  N:  8.962  9.000  9.005  Nx:  26.338   dN:-0.398E-01
 TRCHEK2: N2 convergence failed.
 x:  0.05142  0.06279  0.06422  N:  8.962  9.000  9.002  Nx:  22.288   dN:-0.292E-01
 TRCHEK2: N2 convergence failed.
 x:  0.05142  0.06342  0.06422  N:  8.962  9.000  9.005  Nx:  20.253   dN: 0.325E+00
 TRCHEK2: N2 convergence failed.
 x:  0.05142  0.06201  0.06422  N:  8.962  9.000  9.005  Nx:  27.929   dN:-0.960E-01
 TRCHEK2: N2 convergence failed.
 x:  0.05142  0.06201  0.06422  N:  8.962  9.000  9.005  Nx:  28.296   dN:-0.952E-01
 MRCHDU: Convergence failed at  17  side 2    Res =  0.3564E+00
 Side 1  free  transition at x/c =  0.3901   38
 Side 2  free  transition at x/c =  0.0467   17

 164   rms: 0.3897E+01   max: 0.4830E+02   T at   17  2   RLX: 0.026
       a =  3.000      CL =  0.2949
      Cm = -0.0318     CD = 14.09098   =>   CDf =  0.00354    CDp = 14.08743

 Side 1  free  transition at x/c =  0.3906   38
 Side 2  free  transition at x/c =  0.0444   16

 165   rms: 0.3365E+01   max: 0.4452E+02   T at   83  2   RLX: 0.025
       a =  3.000      CL =  0.3199
      Cm = -0.0341     CD = 14.28087   =>   CDf =  0.00356    CDp = 14.27730

 Side 1  free  transition at x/c =  0.3880   37
 Side 2  free  transition at x/c =  0.0433   16

 166   rms: 0.4109E+01   max: 0.5840E+02   T at   83  2   RLX: 0.014
       a =  3.000      CL =  0.3125
      Cm = -0.0318     CD = 14.87264   =>   CDf =  0.00356    CDp = 14.86908

 Side 1  free  transition at x/c =  0.3876   37
 Side 2  free  transition at x/c =  0.0415   16

 167   rms: 0.3402E+01   max: 0.5840E+02   T at   83  2   RLX: 0.023
       a =  3.000      CL =  0.3097
      Cm = -0.0312     CD = 13.16151   =>   CDf =  0.00357    CDp = 13.15794

 Side 1  free  transition at x/c =  0.3881   37
 Side 2  free  transition at x/c =  0.0404   16

 168   rms: 0.3058E+01   max: 0.5842E+02   T at   83  2   RLX: 0.024
       a =  3.000      CL =  0.3142
      Cm = -0.0332     CD = 13.01091   =>   CDf =  0.00359    CDp = 13.00733

 Side 1  free  transition at x/c =  0.3886   38
 Side 2  free  transition at x/c =  0.0395   16

 169   rms: 0.4051E+01   max: 0.4324E+02   T at   83  2   RLX: 0.024
       a =  3.000      CL =  0.3184
      Cm = -0.0353     CD = 12.69876   =>   CDf =  0.00360    CDp = 12.69516

 Side 1  free  transition at x/c =  0.3893   38
 Side 2  free  transition at x/c =  0.0387   16

 170   rms: 0.3676E+01   max: 0.4341E+02   T at   83  2   RLX: 0.024
       a =  3.000      CL =  0.3223
      Cm = -0.0373     CD = 12.44612   =>   CDf =  0.00360    CDp = 12.44252

 Side 1  free  transition at x/c =  0.3901   38
 Side 2  free  transition at x/c =  0.0381   16

 171   rms: 0.2736E+01   max: 0.4314E+02   T at   83  2   RLX: 0.027
       a =  3.000      CL =  0.3263
      Cm = -0.0395     CD = 12.25628   =>   CDf =  0.00361    CDp = 12.25267

 Side 1  free  transition at x/c =  0.3911   38
 Side 2  free  transition at x/c =  0.0376   16

 172   rms: 0.3883E+01   max: 0.8910E+02   T at   97  2   RLX: 0.017
       a =  3.000      CL =  0.3287
      Cm = -0.0410     CD = 12.47778   =>   CDf =  0.00362    CDp = 12.47416

 Side 1  free  transition at x/c =  0.3919   38
 Side 2  free  transition at x/c =  0.0373   16

 173   rms: 0.7208E+01   max: 0.1862E+03   T at   97  2   RLX: 0.008
       a =  3.000      CL =  0.3297
      Cm = -0.0417     CD = 12.77658   =>   CDf =  0.00362    CDp = 12.77296

 Side 1  free  transition at x/c =  0.3923   38
 Side 2  free  transition at x/c =  0.0372   16

 174   rms: 0.4589E+01   max: 0.1054E+03   T at   97  2   RLX: 0.014
       a =  3.000      CL =  0.3310
      Cm = -0.0427     CD = 12.89750   =>   CDf =  0.00362    CDp = 12.89388

 Side 1  free  transition at x/c =  0.3930   38
 Side 2  free  transition at x/c =  0.0369   16

 175   rms: 0.3375E+01   max: 0.4386E+02   T at   97  2   RLX: 0.028
       a =  3.000      CL =  0.3332
      Cm = -0.0447     CD = 13.07323   =>   CDf =  0.00362    CDp = 13.06961

 Side 1  free  transition at x/c =  0.3944   38
 Side 2  free  transition at x/c =  0.0366   16

 176   rms: 0.2315E+01   max: 0.4457E+02   T at   83  2   RLX: 0.028
       a =  3.000      CL =  0.3345
      Cm = -0.0463     CD = 13.16431   =>   CDf =  0.00363    CDp = 13.16068

 Side 1  free  transition at x/c =  0.3957   38
 Side 2  free  transition at x/c =  0.0362   16

 177   rms: 0.2320E+01   max: 0.4478E+02   T at   83  2   RLX: 0.028
       a =  3.000      CL =  0.3339
      Cm = -0.0468     CD = 13.38536   =>   CDf =  0.00363    CDp = 13.38172

 Side 1  free  transition at x/c =  0.3961   38
 Side 2  free  transition at x/c =  0.0357   16

 178   rms: 0.2661E+01   max: 0.4441E+02   T at   83  2   RLX: 0.018
       a =  3.000      CL =  0.3184
      Cm = -0.0409     CD = 13.37661   =>   CDf =  0.00364    CDp = 13.37297

 Side 1  free  transition at x/c =  0.3926   38
 Side 2  free  transition at x/c =  0.0355   16

 179   rms: 0.3124E+01   max: -.4886E+02   T at   92  2   RLX: 0.010
       a =  3.000      CL =  0.3061
      Cm = -0.0386     CD = 13.40803   =>   CDf =  0.00365    CDp = 13.40438

 Side 1  free  transition at x/c =  0.3938   38
 Side 2  free  transition at x/c =  0.0356   16

 180   rms: 0.4426E+01   max: -.9171E+02   T at   92  2   RLX: 0.005
       a =  3.000      CL =  0.3067
      Cm = -0.0396     CD = 13.40999   =>   CDf =  0.00364    CDp = 13.40634

 Side 1  free  transition at x/c =  0.3947   38
 Side 2  free  transition at x/c =  0.0357   16

 181   rms: 0.6646E+01   max: -.1484E+03   T at   92  2   RLX: 0.003
       a =  3.000      CL =  0.3086
      Cm = -0.0389     CD = 13.52790   =>   CDf =  0.00364    CDp = 13.52426

 Side 1  free  transition at x/c =  0.3927   38
 Side 2  free  transition at x/c =  0.0356   16

 182   rms: 0.5595E+01   max: -.1337E+03   T at   92  2   RLX: 0.004
       a =  3.000      CL =  0.3033
      Cm = -0.0378     CD = 13.36034   =>   CDf =  0.00364    CDp = 13.35669

 Side 1  free  transition at x/c =  0.3932   38
 Side 2  free  transition at x/c =  0.0356   16

 183   rms: 0.3731E+01   max: 0.6345E+02   T at   93  2   RLX: 0.013
       a =  3.000      CL =  0.3029
      Cm = -0.0391     CD = 13.11514   =>   CDf =  0.00364    CDp = 13.11150

 Side 1  free  transition at x/c =  0.3948   38
 Side 2  free  transition at x/c =  0.0357   16

 184   rms: 0.2959E+01   max: 0.4298E+02   T at   83  2   RLX: 0.023
       a =  3.000      CL =  0.3087
      Cm = -0.0382     CD = 13.31953   =>   CDf =  0.00364    CDp = 13.31589

 Side 1  free  transition at x/c =  0.3903   38
 Side 2  free  transition at x/c =  0.0355   15

 185   rms: 0.2773E+01   max: 0.3928E+02   T at   83  2   RLX: 0.018
       a =  3.000      CL =  0.3036
      Cm = -0.0374     CD = 12.14650   =>   CDf =  0.00365    CDp = 12.14285

 Side 1  free  transition at x/c =  0.3905   38
 Side 2  free  transition at x/c =  0.0355   15

 186   rms: 0.3432E+01   max: 0.3870E+02   T at   83  2   RLX: 0.014
       a =  3.000      CL =  0.3052
      Cm = -0.0385     CD = 11.94212   =>   CDf =  0.00365    CDp = 11.93846

 Side 1  free  transition at x/c =  0.3907   38
 Side 2  free  transition at x/c =  0.0354   15

 187   rms: 0.4940E+01   max: -.5291E+02   C at   82  2   RLX: 0.009
       a =  3.000      CL =  0.3058
      Cm = -0.0392     CD = 11.40907   =>   CDf =  0.00366    CDp = 11.40542

 Side 1  free  transition at x/c =  0.3909   38
 Side 2  free  transition at x/c =  0.0353   15

 188   rms: 0.7859E+01   max: -.8518E+02   C at   82  2   RLX: 0.006
       a =  3.000      CL =  0.3060
      Cm = -0.0397     CD = 11.40939   =>   CDf =  0.00366    CDp = 11.40574

 Side 1  free  transition at x/c =  0.3910   38
 Side 2  free  transition at x/c =  0.0353   15

 189   rms: 0.1261E+02   max: -.1358E+03   C at   82  2   RLX: 0.004
       a =  3.000      CL =  0.3062
      Cm = -0.0400     CD = 11.30586   =>   CDf =  0.00366    CDp = 11.30220

 Side 1  free  transition at x/c =  0.3911   38
 Side 2  free  transition at x/c =  0.0353   15

 190   rms: 0.1947E+02   max: -.2075E+03   C at   82  2   RLX: 0.002
       a =  3.000      CL =  0.3063
      Cm = -0.0402     CD = 11.22980   =>   CDf =  0.00366    CDp = 11.22614

 Side 1  free  transition at x/c =  0.3912   38
 Side 2  free  transition at x/c =  0.0352   15

 191   rms: 0.2795E+02   max: -.2954E+03   C at   82  2   RLX: 0.002
       a =  3.000      CL =  0.3064
      Cm = -0.0403     CD = 11.18892   =>   CDf =  0.00366    CDp = 11.18526

 Side 1  free  transition at x/c =  0.3913   38
 Side 2  free  transition at x/c =  0.0352   15

 192   rms: 0.3788E+02   max: -.3978E+03   C at   82  2   RLX: 0.001
       a =  3.000      CL =  0.3065
      Cm = -0.0404     CD = 11.15783   =>   CDf =  0.00366    CDp = 11.15417

 Side 1  free  transition at x/c =  0.3913   38
 Side 2  free  transition at x/c =  0.0352   15

 193   rms: 0.4995E+02   max: -.5221E+03   C at   82  2   RLX: 0.001
       a =  3.000      CL =  0.3066
      Cm = -0.0405     CD = 11.14034   =>   CDf =  0.00366    CDp = 11.13668

 Side 1  free  transition at x/c =  0.3914   38
 Side 2  free  transition at x/c =  0.0352   15

 194   rms: 0.6290E+02   max: -.6554E+03   C at   82  2   RLX: 0.001
       a =  3.000      CL =  0.3066
      Cm = -0.0405     CD = 11.12170   =>   CDf =  0.00366    CDp = 11.11804

 Side 1  free  transition at x/c =  0.3914   38
 Side 2  free  transition at x/c =  0.0352   15

 195   rms: 0.7740E+02   max: -.8045E+03   C at   82  2   RLX: 0.001
       a =  3.000      CL =  0.3067
      Cm = -0.0406     CD = 11.10641   =>   CDf =  0.00366    CDp = 11.10275

 Side 1  free  transition at x/c =  0.3914   38
 Side 2  free  transition at x/c =  0.0352   15

 196   rms: 0.9348E+02   max: -.9698E+03   C at   82  2   RLX: 0.001
       a =  3.000      CL =  0.3067
      Cm = -0.0406     CD = 11.09017   =>   CDf =  0.00366    CDp = 11.08651

 Side 1  free  transition at x/c =  0.3915   38
 Side 2  free  transition at x/c =  0.0352   15

 197   rms: 0.1111E+03   max: -.1151E+04   C at   82  2   RLX: 0.000
       a =  3.000      CL =  0.3067
      Cm = -0.0406     CD = 11.07931   =>   CDf =  0.00366    CDp = 11.07564

 Side 1  free  transition at x/c =  0.3915   38
 Side 2  free  transition at x/c =  0.0352   15

 198   rms: 0.1303E+03   max: -.1349E+04   C at   82  2   RLX: 0.000
       a =  3.000      CL =  0.3068
      Cm = -0.0407     CD = 11.06995   =>   CDf =  0.00366    CDp = 11.06629

 Side 1  free  transition at x/c =  0.3915   38
 Side 2  free  transition at x/c =  0.0352   15

 199   rms: 0.1511E+03   max: -.1562E+04   C at   82  2   RLX: 0.000
       a =  3.000      CL =  0.3068
      Cm = -0.0407     CD = 11.06186   =>   CDf =  0.00366    CDp = 11.05820

 Side 1  free  transition at x/c =  0.3915   38
 Side 2  free  transition at x/c =  0.0352   15

 200   rms: 0.1735E+03   max: -.1792E+04   C at   82  2   RLX: 0.000
       a =  3.000      CL =  0.3068
      Cm = -0.0407     CD = 11.05478   =>   CDf =  0.00366    CDp = 11.05112

 Side 1  free  transition at x/c =  0.3915   38
 Side 2  free  transition at x/c =  0.0352   15

 201   rms: 0.1974E+03   max: -.2038E+04   C at   82  2   RLX: 0.000
       a =  3.000      CL =  0.3068
      Cm = -0.0407     CD = 11.04853   =>   CDf =  0.00366    CDp = 11.04487

 Side 1  free  transition at x/c =  0.3916   38
 Side 2  free  transition at x/c =  0.0352   15

 202   rms: 0.2228E+03   max: -.2300E+04   C at   82  2   RLX: 0.000
       a =  3.000      CL =  0.3068
      Cm = -0.0408     CD = 11.04298   =>   CDf =  0.00366    CDp = 11.03932

 Side 1  free  transition at x/c =  0.3916   38
 Side 2  free  transition at x/c =  0.0352   15

 203   rms: 0.2497E+03   max: -.2577E+04   C at   82  2   RLX: 0.000
       a =  3.000      CL =  0.3069
      Cm = -0.0408     CD = 11.03802   =>   CDf =  0.00366    CDp = 11.03436

 Side 1  free  transition at x/c =  0.3916   38
 Side 2  free  transition at x/c =  0.0352   15

 204   rms: 0.2782E+03   max: -.2869E+04   C at   82  2   RLX: 0.000
       a =  3.000      CL =  0.3069
      Cm = -0.0408     CD = 11.03356   =>   CDf =  0.00366    CDp = 11.02990

 Side 1  free  transition at x/c =  0.3916   38
 Side 2  free  transition at x/c =  0.0352   15

 205   rms: 0.3080E+03   max: -.3176E+04   C at   82  2   RLX: 0.000
       a =  3.000      CL =  0.3069
      Cm = -0.0408     CD = 11.02839   =>   CDf =  0.00366    CDp = 11.02473
 VISCAL:  Convergence failed
      9.000    3.2837  11.028395   0.000000   0.000000   0.000000    0.3916     #

 Sequence halted since previous  4 points did not converge
 Last-converged  alpha =   0.000    CL =  -0.00000

.OPERva   c>   BLs will be initialized on next point

.OPERva   c>   Calculating wake trajectory ...
 Calculating source influence matrix ...

 Solving BL system ...

 Initializing BL ...
    side            1  ...
 MRCHUE: Inverse mode at  77     Hk =   2.500
    side            2  ...
 MRCHUE: Inverse mode at  15     Hk =   4.591
 MRCHUE: Convergence failed at  16  side 2    Res =  0.4923E+01
 MRCHUE: Convergence failed at  17  side 2    Res =  0.4106E+01
 MRCHUE: Convergence failed at  18  side 2    Res =  0.1835E+01
 MRCHUE: Inverse mode at  19     Hk =   2.500

 MRCHDU: Convergence failed at  16  side 2    Res =  0.5185E+01
 MRCHDU: Convergence failed at  17  side 2    Res =  0.7522E+02
 MRCHDU: Convergence failed at  18  side 2    Res =  0.1437E+02
 MRCHDU: Convergence failed at  19  side 2    Res =  0.2634E+02
 MRCHDU: Convergence failed at  20  side 2    Res =  0.6000E+01
 MRCHDU: Convergence failed at  21  side 2    Res =  0.1181E+02
 MRCHDU: Convergence failed at  22  side 2    Res =  0.2430E+02
 MRCHDU: Convergence failed at  23  side 2    Res =  0.1182E+02
 MRCHDU: Convergence failed at  24  side 2    Res =  0.2516E+03
 MRCHDU: Convergence failed at  25  side 2    Res =  0.3046E+03
 MRCHDU: Convergence failed at  26  side 2    Res =  0.7774E+01
 MRCHDU: Convergence failed at  27  side 2    Res =  0.1037E+02
 MRCHDU: Convergence failed at  28  side 2    Res =  0.8728E+01
 MRCHDU: Convergence failed at  29  side 2    Res =  0.8479E+01
 MRCHDU: Convergence failed at  30  side 2    Res =  0.9633E+01
 MRCHDU: Convergence failed at  31  side 2    Res =  0.8706E+01
 MRCHDU: Convergence failed at  32  side 2    Res =  0.8945E+01
 MRCHDU: Convergence failed at  33  side 2    Res =  0.1687E+02
 MRCHDU: Convergence failed at  34  side 2    Res =  0.1644E+02
 MRCHDU: Convergence failed at  35  side 2    Res =  0.1610E+02
 MRCHDU: Convergence failed at  36  side 2    Res =  0.1580E+02
 MRCHDU: Convergence failed at  37  side 2    Res =  0.1544E+02
 MRCHDU: Convergence failed at  38  side 2    Res =  0.8707E+01
 MRCHDU: Convergence failed at  39  side 2    Res =  0.8825E+01
 MRCHDU: Convergence failed at  40  side 2    Res =  0.9030E+01
 MRCHDU: Convergence failed at  41  side 2    Res =  0.9257E+01
 MRCHDU: Convergence failed at  42  side 2    Res =  0.9487E+01
 MRCHDU: Convergence failed at  43  side 2    Res =  0.9740E+01
 MRCHDU: Convergence failed at  44  side 2    Res =  0.1005E+02
 MRCHDU: Convergence failed at  45  side 2    Res =  0.9170E+01
 MRCHDU: Convergence failed at  46  side 2    Res =  0.9463E+01
 MRCHDU: Convergence failed at  47  side 2    Res =  0.9751E+01
 MRCHDU: Convergence failed at  48  side 2    Res =  0.1003E+02
 MRCHDU: Convergence failed at  49  side 2    Res =  0.1028E+02
 MRCHDU: Convergence failed at  50  side 2    Res =  0.1048E+02
 MRCHDU: Convergence failed at  51  side 2    Res =  0.1062E+02
 MRCHDU: Convergence failed at  52  side 2    Res =  0.1073E+02
 MRCHDU: Convergence failed at  53  side 2    Res =  0.1083E+02
 MRCHDU: Convergence failed at  54  side 2    Res =  0.1092E+02
 MRCHDU: Convergence failed at  55  side 2    Res =  0.1102E+02
 MRCHDU: Convergence failed at  56  side 2    Res =  0.1114E+02
 MRCHDU: Convergence failed at  57  side 2    Res =  0.1132E+02
 MRCHDU: Convergence failed at  58  side 2    Res =  0.1154E+02
 MRCHDU: Convergence failed at  59  side 2    Res =  0.1176E+02
 MRCHDU: Convergence failed at  60  side 2    Res =  0.1195E+02
 MRCHDU: Convergence failed at  61  side 2    Res =  0.1209E+02
 MRCHDU: Convergence failed at  62  side 2    Res =  0.1215E+02
 MRCHDU: Convergence failed at  63  side 2    Res =  0.1206E+02
 MRCHDU: Convergence failed at  64  side 2    Res =  0.1174E+02
 MRCHDU: Convergence failed at  65  side 2    Res =  0.1135E+02
 MRCHDU: Convergence failed at  66  side 2    Res =  0.1114E+02
 MRCHDU: Convergence failed at  67  side 2    Res =  0.1183E+02
 MRCHDU: Convergence failed at  68  side 2    Res =  0.1160E+02
 MRCHDU: Convergence failed at  69  side 2    Res =  0.1058E+02
 MRCHDU: Convergence failed at  70  side 2    Res =  0.1184E+02
 MRCHDU: Convergence failed at  71  side 2    Res =  0.1142E+02
 MRCHDU: Convergence failed at  72  side 2    Res =  0.1234E+02
 MRCHDU: Convergence failed at  73  side 2    Res =  0.1327E+02
 MRCHDU: Convergence failed at  74  side 2    Res =  0.1423E+02
 MRCHDU: Convergence failed at  75  side 2    Res =  0.1650E+02
 MRCHDU: Convergence failed at  76  side 2    Res =  0.1751E+02
 MRCHDU: Convergence failed at  77  side 2    Res =  0.1652E+02
 MRCHDU: Convergence failed at  78  side 2    Res =  0.1366E+02
 MRCHDU: Convergence failed at  79  side 2    Res =  0.1269E+02
 MRCHDU: Convergence failed at  80  side 2    Res =  0.1217E+02
 MRCHDU: Convergence failed at  81  side 2    Res =  0.1347E+02
 MRCHDU: Convergence failed at  82  side 2    Res =  0.1759E+02
 MRCHDU: Convergence failed at  83  side 2    Res =  0.2687E+02
 MRCHDU: Convergence failed at  84  side 2    Res =  0.5361E+02
 MRCHDU: Convergence failed at  85  side 2    Res =  0.4091E+02
 Side 1  free  transition at x/c =  0.5703   47
 Side 2  free  transition at x/c =  0.0374   19

   1   rms: 0.1094E+01   max: -.8086E+00   U at   85  2   RLX: 0.082
       a = -1.000      CL = -1.3762
      Cm =  0.3767     CD =  0.00408   =>   CDf =  0.00274    CDp =  0.00134

 Side 1  free  transition at x/c =  0.5714   47
 Side 2  free  transition at x/c =  0.0352   18

   2   rms: 0.9748E+00   max: 0.5826E+01   T at   18  2   RLX: 0.145
       a = -1.000      CL = -1.0499
      Cm =  0.2928     CD =  0.00580   =>   CDf =  0.01236    CDp = -0.00656

 MRCHDU: Convergence failed at  18  side 2    Res =  0.1611E+01
 MRCHDU: Convergence failed at  19  side 2    Res =  0.2847E+02
 Side 1  free  transition at x/c =  0.5758   47
 Side 2  free  transition at x/c =  0.0295   18

   3   rms: 0.8572E+00   max: 0.5186E+01   T at   18  2   RLX: 0.289
       a = -1.000      CL = -0.5900
      Cm =  0.1685     CD =  0.00607   =>   CDf =  0.01107    CDp = -0.00500

 Side 1  free  transition at x/c =  0.5827   48
 Side 2  free  transition at x/c =  0.0286   18

   4   rms: 0.6741E+00   max: 0.3579E+01   D at   20  2   RLX: 0.419
       a = -1.000      CL = -0.1555
      Cm =  0.0583     CD =  0.00834   =>   CDf =  0.00982    CDp = -0.00148

 MRCHDU: Convergence failed at  20  side 2    Res =  0.6015E+00
 TRCHEK2: N2 convergence failed.
 x:  0.08214  0.09543  0.09629  N:  8.324  9.000  9.005  Nx:  59.108   dN:-0.196E+00
 MRCHDU: Convergence failed at  23  side 2    Res =  0.5892E+02
 MRCHDU: Convergence failed at  24  side 2    Res =  0.5065E+02
 MRCHDU: Convergence failed at  25  side 2    Res =  0.6178E+02
 MRCHDU: Convergence failed at  26  side 2    Res =  0.7766E+02
 MRCHDU: Convergence failed at  27  side 2    Res =  0.1285E+03
 MRCHDU: Convergence failed at  28  side 2    Res =  0.4713E+03
 MRCHDU: Convergence failed at  29  side 2    Res =  0.7991E+03
 MRCHDU: Convergence failed at  30  side 2    Res =  0.4270E+03
 MRCHDU: Convergence failed at  31  side 2    Res =  0.3182E+03
 MRCHDU: Convergence failed at  32  side 2    Res =  0.2960E+03
 MRCHDU: Convergence failed at  33  side 2    Res =  0.2580E+03
 MRCHDU: Convergence failed at  34  side 2    Res =  0.2309E+03
 MRCHDU: Convergence failed at  35  side 2    Res =  0.2103E+03
 MRCHDU: Convergence failed at  36  side 2    Res =  0.1939E+03
 MRCHDU: Convergence failed at  37  side 2    Res =  0.1805E+03
 MRCHDU: Convergence failed at  38  side 2    Res =  0.1693E+03
 MRCHDU: Convergence failed at  39  side 2    Res =  0.1596E+03
 MRCHDU: Convergence failed at  40  side 2    Res =  0.1513E+03
 MRCHDU: Convergence failed at  41  side 2    Res =  0.1343E+03
 MRCHDU: Convergence failed at  42  side 2    Res =  0.1268E+03
 MRCHDU: Convergence failed at  43  side 2    Res =  0.1891E+03
 MRCHDU: Convergence failed at  44  side 2    Res =  0.1756E+03
 MRCHDU: Convergence failed at  45  side 2    Res =  0.1542E+03
 MRCHDU: Convergence failed at  46  side 2    Res =  0.1868E+03
 MRCHDU: Convergence failed at  47  side 2    Res =  0.1757E+03
 MRCHDU: Convergence failed at  48  side 2    Res =  0.1784E+03
 MRCHDU: Convergence failed at  49  side 2    Res =  0.1941E+03
 MRCHDU: Convergence failed at  50  side 2    Res =  0.2310E+03
 MRCHDU: Convergence failed at  51  side 2    Res =  0.9418E+02
 MRCHDU: Convergence failed at  52  side 2    Res =  0.9174E+02
 MRCHDU: Convergence failed at  53  side 2    Res =  0.8943E+02
 MRCHDU: Convergence failed at  54  side 2    Res =  0.8725E+02
 MRCHDU: Convergence failed at  55  side 2    Res =  0.8519E+02
 MRCHDU: Convergence failed at  56  side 2    Res =  0.8325E+02
 MRCHDU: Convergence failed at  57  side 2    Res =  0.8143E+02
 MRCHDU: Convergence failed at  58  side 2    Res =  0.7972E+02
 MRCHDU: Convergence failed at  59  side 2    Res =  0.7812E+02
 MRCHDU: Convergence failed at  60  side 2    Res =  0.7661E+02
 MRCHDU: Convergence failed at  61  side 2    Res =  0.7517E+02
 MRCHDU: Convergence failed at  62  side 2    Res =  0.7378E+02
 MRCHDU: Convergence failed at  63  side 2    Res =  0.7241E+02
 MRCHDU: Convergence failed at  64  side 2    Res =  0.7103E+02
 MRCHDU: Convergence failed at  65  side 2    Res =  0.6964E+02
 MRCHDU: Convergence failed at  66  side 2    Res =  0.6825E+02
 MRCHDU: Convergence failed at  67  side 2    Res =  0.6690E+02
 MRCHDU: Convergence failed at  68  side 2    Res =  0.6564E+02
 MRCHDU: Convergence failed at  69  side 2    Res =  0.6455E+02
 MRCHDU: Convergence failed at  70  side 2    Res =  0.6366E+02
 MRCHDU: Convergence failed at  71  side 2    Res =  0.6292E+02
 MRCHDU: Convergence failed at  72  side 2    Res =  0.6226E+02
 MRCHDU: Convergence failed at  73  side 2    Res =  0.6167E+02
 MRCHDU: Convergence failed at  74  side 2    Res =  0.6112E+02
 MRCHDU: Convergence failed at  75  side 2    Res =  0.6060E+02
 MRCHDU: Convergence failed at  76  side 2    Res =  0.5998E+02
 MRCHDU: Convergence failed at  77  side 2    Res =  0.5939E+02
 MRCHDU: Convergence failed at  78  side 2    Res =  0.5875E+02
 MRCHDU: Convergence failed at  79  side 2    Res =  0.5818E+02
 MRCHDU: Convergence failed at  80  side 2    Res =  0.3955E+03
 MRCHDU: Convergence failed at  81  side 2    Res =  0.7369E+03
 MRCHDU: Convergence failed at  82  side 2    Res =  0.2735E+03
 MRCHDU: Convergence failed at  83  side 2    Res =  0.4030E+03
 MRCHDU: Convergence failed at  84  side 2    Res =  0.9387E+02
 Side 1  free  transition at x/c =  0.5890   49
 Side 2  free  transition at x/c =  0.1008   23

   5   rms: 0.6205E+01   max: 0.1282E+03   T at   23  2   RLX: 0.006
       a = -1.000      CL = -0.9752
      Cm =  0.2787     CD =  0.00360   =>   CDf =  0.00256    CDp =  0.00104

 MRCHDU: Convergence failed at  86  side 2    Res =  0.9628E+00
 MRCHDU: Convergence failed at  87  side 2    Res =  0.1655E+01
 MRCHDU: Convergence failed at  88  side 2    Res =  0.2081E+01
 MRCHDU: Convergence failed at  89  side 2    Res =  0.2409E+01
 MRCHDU: Convergence failed at  90  side 2    Res =  0.2675E+01
 MRCHDU: Convergence failed at  91  side 2    Res =  0.2898E+01
 MRCHDU: Convergence failed at  92  side 2    Res =  0.3088E+01
 MRCHDU: Convergence failed at  93  side 2    Res =  0.3253E+01
 MRCHDU: Convergence failed at  94  side 2    Res =  0.3396E+01
 MRCHDU: Convergence failed at  95  side 2    Res =  0.3522E+01
 MRCHDU: Convergence failed at  96  side 2    Res =  0.3633E+01
 MRCHDU: Convergence failed at  97  side 2    Res =  0.3730E+01
 MRCHDU: Convergence failed at  98  side 2    Res =  0.3815E+01
 MRCHDU: Convergence failed at  99  side 2    Res =  0.3887E+01
 MRCHDU: Convergence failed at 100  side 2    Res =  0.3948E+01
 MRCHDU: Convergence failed at 101  side 2    Res =  0.3998E+01
 MRCHDU: Convergence failed at 102  side 2    Res =  0.4037E+01
 MRCHDU: Convergence failed at 103  side 2    Res =  0.4065E+01
 MRCHDU: Convergence failed at 104  side 2    Res =  0.4082E+01
 MRCHDU: Convergence failed at 105  side 2    Res =  0.4088E+01
 MRCHDU: Convergence failed at 106  side 2    Res =  0.4082E+01
 MRCHDU: Convergence failed at 107  side 2    Res =  0.4069E+01
 Side 1  free  transition at x/c =  0.5883   49
 Side 2  free  transition at x/c =  0.1002   22

   6   rms: 0.2918E+02   max: 0.2771E+03   C at   49  1   RLX: 0.003
       a = -1.000      CL = -0.5535
      Cm =  0.1487     CD =  0.00360   =>   CDf =  0.00283    CDp =  0.00078

 Side 1  free  transition at x/c =  0.5718   48
 Side 2  free  transition at x/c =  0.0578   19

   7   rms: 0.4685E+01   max: 0.4700E+02   T at   20  2   RLX: 0.019
       a = -1.000      CL = -0.5392
      Cm =  0.1463     CD =  0.00483   =>   CDf =  0.00294    CDp =  0.00189

 Side 1  free  transition at x/c =  0.5826   49
 Side 2  free  transition at x/c =  0.0549   19

   8   rms: 0.1360E+02   max: 0.2558E+03   T at   19  2   RLX: 0.003
       a = -1.000      CL = -0.6091
      Cm =  0.1599     CD =  0.00454   =>   CDf =  0.00290    CDp =  0.00164

 Side 1  free  transition at x/c =  0.5856   49
 Side 2  free  transition at x/c =  0.0461   19

   9   rms: 0.1414E+01   max: 0.9409E+01   T at   20  2   RLX: 0.058
       a = -1.000      CL = -0.5245
      Cm =  0.1382     CD =  0.00236   =>   CDf =  0.00285    CDp = -0.00049

 Side 1  free  transition at x/c =  0.5964   48
 Side 2  free  transition at x/c =  0.0455   19

  10   rms: 0.2700E+01   max: -.1369E+02   C at   48  1   RLX: 0.037
       a = -1.000      CL = -0.5181
      Cm =  0.1360     CD =  0.00205   =>   CDf =  0.00284    CDp = -0.00079

 Side 1  free  transition at x/c =  0.6051   49
 Side 2  free  transition at x/c =  0.0392   19

  11   rms: 0.5593E+01   max: 0.8613E+02   T at   19  2   RLX: 0.010
       a = -1.000      CL = -0.6670
      Cm =  0.1613     CD =  0.00132   =>   CDf =  0.00280    CDp = -0.00148

 Side 1  free  transition at x/c =  0.6168   50
 Side 2  free  transition at x/c =  0.0354   18

  12   rms: 0.1085E+01   max: -.3674E+01   T at  107  2   RLX: 0.136
       a = -1.000      CL = -0.5561
      Cm =  0.1428     CD =  0.00013   =>   CDf =  0.00277    CDp = -0.00265

 Side 1  free  transition at x/c =  0.6196   50
 Side 2  free  transition at x/c =  0.0277   17

  13   rms: 0.1120E+01   max: 0.5365E+01   C at   50  1   RLX: 0.119
       a = -1.000      CL = -0.5760
      Cm =  0.1575     CD =  0.00001   =>   CDf =  0.00278    CDp = -0.00277

 Side 1  free  transition at x/c =  0.5985   49
 Side 2  free  transition at x/c =  0.0277   17

  14   rms: 0.1102E+01   max: 0.5184E+01   C at   49  1   RLX: 0.124
       a = -1.000      CL = -0.4197
      Cm =  0.1233     CD =  0.00002   =>   CDf =  0.00291    CDp = -0.00288

 Side 1  free  transition at x/c =  0.5797   48
 Side 2  free  transition at x/c =  0.0276   16

  15   rms: 0.1073E+01   max: 0.4017E+01   C at   48  1   RLX: 0.128
       a = -1.000      CL = -0.2854
      Cm =  0.0949     CD =  0.00017   =>   CDf =  0.00296    CDp = -0.00278

 MRCHDU: Convergence failed at 103  side 2    Res =  0.8848E+00
 Side 1  free  transition at x/c =  0.5606   47
 Side 2  free  transition at x/c =  0.0276   16

  16   rms: 0.1285E+01   max: -.1056E+02   T at   17  2   RLX: 0.047
       a = -1.000      CL = -0.2471
      Cm =  0.0869     CD =  0.00026   =>   CDf =  0.00304    CDp = -0.00278

 MRCHDU: Convergence failed at 103  side 2    Res =  0.1001E+01
 Side 1  free  transition at x/c =  0.5531   47
 Side 2  free  transition at x/c =  0.0275   16

  17   rms: 0.1839E+01   max: -.3646E+02   T at   17  2   RLX: 0.014
       a = -1.000      CL = -0.2363
      Cm =  0.0846     CD =  0.00032   =>   CDf =  0.00307    CDp = -0.00275

 MRCHDU: Convergence failed at 103  side 2    Res =  0.1874E+00
 Side 1  free  transition at x/c =  0.5516   46
 Side 2  free  transition at x/c =  0.0275   16

  18   rms: 0.1216E+01   max: -.4666E+01   T at   25  2   RLX: 0.107
       a = -1.000      CL = -0.1437
      Cm =  0.0664     CD =  0.00168   =>   CDf =  0.00308    CDp = -0.00140

 MRCHDU: Convergence failed at 100  side 2    Res =  0.5143E-01
 MRCHDU: Convergence failed at 101  side 2    Res =  0.1388E+00
 MRCHDU: Convergence failed at 102  side 2    Res =  0.5764E+00
 Side 1  free  transition at x/c =  0.5404   47
 Side 2  free  transition at x/c =  0.0275   15

  19   rms: 0.5711E+02   max: -.6535E+03   T at  105  2   RLX: 0.001
       a = -1.000      CL = -0.1331
      Cm =  0.0639     CD =  0.00002   =>   CDf =  0.00313    CDp = -0.00311

 MRCHDU: Convergence failed at 100  side 2    Res =  0.4766E-01
 MRCHDU: Convergence failed at 101  side 2    Res =  0.8834E-01
 MRCHDU: Convergence failed at 102  side 2    Res =  0.2646E-01
 MRCHDU: Convergence failed at 103  side 2    Res =  0.1603E-01
 MRCHDU: Convergence failed at 104  side 2    Res =  0.8240E-01
 Side 1  free  transition at x/c =  0.5405   47
 Side 2  free  transition at x/c =  0.0275   15

  20   rms: 0.7451E+02   max: -.9257E+03   T at  106  2   RLX: 0.001
       a = -1.000      CL = -0.1329
      Cm =  0.0637     CD =  0.00000   =>   CDf =  0.00313    CDp = -0.00313

 MRCHDU: Convergence failed at  17  side 2    Res =  0.6000E-04
 MRCHDU: Convergence failed at 100  side 2    Res =  0.4030E-01
 MRCHDU: Convergence failed at 101  side 2    Res =  0.8444E-01
 MRCHDU: Convergence failed at 102  side 2    Res =  0.2675E-01
 MRCHDU: Convergence failed at 103  side 2    Res =  0.1727E-01
 MRCHDU: Convergence failed at 104  side 2    Res =  0.2802E-01
 MRCHDU: Convergence failed at 105  side 2    Res =  0.1339E-01
 MRCHDU: Convergence failed at 106  side 2    Res =  0.8977E-02
 Side 1  free  transition at x/c =  0.5413   47
 Side 2  free  transition at x/c =  0.0275   15

  21   rms: 0.2462E+02   max: 0.4366E+03   T at  106  2   RLX: 0.003
       a = -1.000      CL = -0.1209
      Cm =  0.0609     CD =  0.00030   =>   CDf =  0.00311    CDp = -0.00282

 MRCHDU: Convergence failed at  18  side 2    Res =  0.1359E-01
 MRCHDU: Convergence failed at 101  side 2    Res =  0.4042E-01
 MRCHDU: Convergence failed at 102  side 2    Res =  0.8655E-01
 MRCHDU: Convergence failed at 103  side 2    Res =  0.2741E-01
 MRCHDU: Convergence failed at 104  side 2    Res =  0.1849E-01
 MRCHDU: Convergence failed at 105  side 2    Res =  0.6825E-01
 Side 1  free  transition at x/c =  0.5407   46
 Side 2  free  transition at x/c =  0.0275   16

  22   rms: 0.2570E+02   max: 0.4515E+03   C at  106  2   RLX: 0.003
       a = -1.000      CL = -0.1247
      Cm =  0.0615     CD =  0.00972   =>   CDf =  0.00312    CDp =  0.00661

 MRCHDU: Convergence failed at  18  side 2    Res =  0.2663E-01
 MRCHDU: Convergence failed at 101  side 2    Res =  0.4006E-01
 MRCHDU: Convergence failed at 102  side 2    Res =  0.8780E-01
 MRCHDU: Convergence failed at 103  side 2    Res =  0.2700E-01
 MRCHDU: Convergence failed at 104  side 2    Res =  0.1722E-01
 MRCHDU: Convergence failed at 105  side 2    Res =  0.5405E+01
 Side 1  free  transition at x/c =  0.5399   46
 Side 2  free  transition at x/c =  0.0275   16

  23   rms: 0.1974E+02   max: 0.2367E+03   C at  106  2   RLX: 0.006
       a = -1.000      CL = -0.1254
      Cm =  0.0612     CD =  0.11097   =>   CDf =  0.00311    CDp =  0.10786

 MRCHDU: Convergence failed at  18  side 2    Res =  0.7319E-01
 MRCHDU: Convergence failed at 101  side 2    Res =  0.3764E-01
 MRCHDU: Convergence failed at 102  side 2    Res =  0.9076E-01
 MRCHDU: Convergence failed at 103  side 2    Res =  0.3199E-01
 MRCHDU: Convergence failed at 104  side 2    Res =  0.3405E-01
 Side 1  free  transition at x/c =  0.5383   46
 Side 2  free  transition at x/c =  0.0275   16

  24   rms: 0.1743E+02   max: 0.1999E+03   C at  104  2   RLX: 0.008
       a = -1.000      CL = -0.1312
      Cm =  0.0627     CD =  0.34256   =>   CDf =  0.00310    CDp =  0.33946

 MRCHDU: Convergence failed at 101  side 2    Res =  0.7466E-01
 MRCHDU: Convergence failed at 102  side 2    Res =  0.1091E+00
 MRCHDU: Convergence failed at 103  side 2    Res =  0.9191E-01
 Side 1  free  transition at x/c =  0.5367   45
 Side 2  free  transition at x/c =  0.0275   16

  25   rms: 0.7488E+01   max: -.7455E+02   C at   18  2   RLX: 0.007
       a = -1.000      CL = -0.1766
      Cm =  0.0709     CD =  0.09599   =>   CDf =  0.00309    CDp =  0.09290

 MRCHDU: Convergence failed at 101  side 2    Res =  0.7002E-01
 MRCHDU: Convergence failed at 102  side 2    Res =  0.9208E-01
 MRCHDU: Convergence failed at 103  side 2    Res =  0.2060E-01
 MRCHDU: Convergence failed at 104  side 2    Res =  0.9657E-01
 Side 1  free  transition at x/c =  0.5363   45
 Side 2  free  transition at x/c =  0.0275   16

  26   rms: 0.1132E+02   max: -.1235E+03   C at   18  2   RLX: 0.004
       a = -1.000      CL = -0.1737
      Cm =  0.0705     CD =  0.11320   =>   CDf =  0.00309    CDp =  0.11010

 MRCHDU: Convergence failed at 101  side 2    Res =  0.7074E-01
 MRCHDU: Convergence failed at 102  side 2    Res =  0.9351E-01
 MRCHDU: Convergence failed at 103  side 2    Res =  0.2136E-01
 MRCHDU: Convergence failed at 104  side 2    Res =  0.5532E-01
 Side 1  free  transition at x/c =  0.5363   45
 Side 2  free  transition at x/c =  0.0275   16

  27   rms: 0.1726E+02   max: -.1747E+03   C at   18  2   RLX: 0.003
       a = -1.000      CL = -0.1715
      Cm =  0.0701     CD =  0.07881   =>   CDf =  0.00310    CDp =  0.07571

 MRCHDU: Convergence failed at 101  side 2    Res =  0.7150E-01
 MRCHDU: Convergence failed at 102  side 2    Res =  0.9403E-01
 MRCHDU: Convergence failed at 103  side 2    Res =  0.2113E-01
 MRCHDU: Convergence failed at 104  side 2    Res =  0.2900E-01
 Side 1  free  transition at x/c =  0.5366   45
 Side 2  free  transition at x/c =  0.0275   16

  28   rms: 0.2132E+02   max: -.1952E+03   C at   18  2   RLX: 0.003
       a = -1.000      CL = -0.1697
      Cm =  0.0697     CD =  0.04487   =>   CDf =  0.00310    CDp =  0.04177

 MRCHDU: Convergence failed at 101  side 2    Res =  0.7264E-01
 MRCHDU: Convergence failed at 102  side 2    Res =  0.9227E-01
 MRCHDU: Convergence failed at 103  side 2    Res =  0.1838E-01
 MRCHDU: Convergence failed at 104  side 2    Res =  0.1322E-01
 Side 1  free  transition at x/c =  0.5369   45
 Side 2  free  transition at x/c =  0.0275   16

  29   rms: 0.2658E+02   max: -.2277E+03   C at   18  2   RLX: 0.002
       a = -1.000      CL = -0.1682
      Cm =  0.0694     CD =  0.02213   =>   CDf =  0.00311    CDp =  0.01902

 MRCHDU: Convergence failed at 100  side 2    Res =  0.7405E-01
 MRCHDU: Convergence failed at 101  side 2    Res =  0.8861E-01
 MRCHDU: Convergence failed at 102  side 2    Res =  0.1506E-01
 MRCHDU: Convergence failed at 103  side 2    Res =  0.7914E-02
 MRCHDU: Convergence failed at 104  side 2    Res =  0.3196E-01
 Side 1  free  transition at x/c =  0.5372   46
 Side 2  free  transition at x/c =  0.0275   15

  30   rms: 0.2914E+02   max: -.2484E+03   C at   17  2   RLX: 0.002
       a = -1.000      CL = -0.1670
      Cm =  0.0692     CD =  0.01268   =>   CDf =  0.00311    CDp =  0.00957

 MRCHDU: Convergence failed at 100  side 2    Res =  0.7486E-01
 MRCHDU: Convergence failed at 101  side 2    Res =  0.8776E-01
 MRCHDU: Convergence failed at 102  side 2    Res =  0.1434E-01
 MRCHDU: Convergence failed at 103  side 2    Res =  0.7169E-02
 MRCHDU: Convergence failed at 104  side 2    Res =  0.1577E-01
 Side 1  free  transition at x/c =  0.5375   46
 Side 2  free  transition at x/c =  0.0275   15

  31   rms: 0.3714E+02   max: -.2991E+03   C at   17  2   RLX: 0.002
       a = -1.000      CL = -0.1660
      Cm =  0.0690     CD =  0.00311   =>   CDf =  0.00311    CDp = -0.00000

 MRCHDU: Convergence failed at 100  side 2    Res =  0.7610E-01
 MRCHDU: Convergence failed at 101  side 2    Res =  0.8389E-01
 MRCHDU: Convergence failed at 102  side 2    Res =  0.1226E-01
 MRCHDU: Convergence failed at 103  side 2    Res =  0.5267E-02
 MRCHDU: Convergence failed at 104  side 2    Res =  0.6227E-02
 Side 1  free  transition at x/c =  0.5371   46
 Side 2  free  transition at x/c =  0.0275   15

  32   rms: 0.4010E+02   max: -.3184E+03   C at   17  2   RLX: 0.002
       a = -1.000      CL = -0.1652
      Cm =  0.0689     CD =  0.00094   =>   CDf =  0.00312    CDp = -0.00218

 MRCHDU: Convergence failed at 100  side 2    Res =  0.7676E-01
 MRCHDU: Convergence failed at 101  side 2    Res =  0.8178E-01
 MRCHDU: Convergence failed at 102  side 2    Res =  0.1129E-01
 MRCHDU: Convergence failed at 103  side 2    Res =  0.4528E-02
 MRCHDU: Convergence failed at 104  side 2    Res =  0.4659E-02
 MRCHDU: Convergence failed at 105  side 2    Res =  0.6600E-01
 Side 1  free  transition at x/c =  0.5374   46
 Side 2  free  transition at x/c =  0.0275   15

  33   rms: 0.4117E+02   max: -.3360E+03   C at   17  2   RLX: 0.001
       a = -1.000      CL = -0.1643
      Cm =  0.0688     CD =  0.00035   =>   CDf =  0.00313    CDp = -0.00278

 MRCHDU: Convergence failed at 100  side 2    Res =  0.7685E-01
 MRCHDU: Convergence failed at 101  side 2    Res =  0.8209E-01
 MRCHDU: Convergence failed at 102  side 2    Res =  0.1125E-01
 MRCHDU: Convergence failed at 103  side 2    Res =  0.4494E-02
 MRCHDU: Convergence failed at 104  side 2    Res =  0.4589E-02
 MRCHDU: Convergence failed at 105  side 2    Res =  0.3818E-01
 Side 1  free  transition at x/c =  0.5376   46
 Side 2  free  transition at x/c =  0.0275   15

  34   rms: 0.4842E+02   max: -.3853E+03   C at   17  2   RLX: 0.001
       a = -1.000      CL = -0.1636
      Cm =  0.0687     CD =  0.00007   =>   CDf =  0.00313    CDp = -0.00306

 MRCHDU: Convergence failed at 100  side 2    Res =  0.7673E-01
 MRCHDU: Convergence failed at 101  side 2    Res =  0.8190E-01
 MRCHDU: Convergence failed at 102  side 2    Res =  0.1101E-01
 MRCHDU: Convergence failed at 103  side 2    Res =  0.4321E-02
 MRCHDU: Convergence failed at 104  side 2    Res =  0.4279E-02
 MRCHDU: Convergence failed at 105  side 2    Res =  0.2112E-01
 Side 1  free  transition at x/c =  0.5375   46
 Side 2  free  transition at x/c =  0.0275   15

  35   rms: 0.5401E+02   max: -.4181E+03   C at   17  2   RLX: 0.001
       a = -1.000      CL = -0.1629
      Cm =  0.0686     CD =  0.00001   =>   CDf =  0.00313    CDp = -0.00313

 MRCHDU: Convergence failed at 100  side 2    Res =  0.7598E-01
 MRCHDU: Convergence failed at 101  side 2    Res =  0.8087E-01
 MRCHDU: Convergence failed at 102  side 2    Res =  0.1042E-01
 MRCHDU: Convergence failed at 103  side 2    Res =  0.3903E-02
 MRCHDU: Convergence failed at 104  side 2    Res =  0.3595E-02
 MRCHDU: Convergence failed at 105  side 2    Res =  0.1099E-01
 Side 1  free  transition at x/c =  0.5377   46
 Side 2  free  transition at x/c =  0.0275   15

  36   rms: 0.7533E+02   max: -.5600E+03   C at   17  2   RLX: 0.001
       a = -1.000      CL = -0.1624
      Cm =  0.0685     CD =  0.00000   =>   CDf =  0.00314    CDp = -0.00314

 MRCHDU: Convergence failed at 100  side 2    Res =  0.7202E-01
 MRCHDU: Convergence failed at 101  side 2    Res =  0.7948E-01
 MRCHDU: Convergence failed at 102  side 2    Res =  0.9337E-02
 MRCHDU: Convergence failed at 103  side 2    Res =  0.3176E-02
 MRCHDU: Convergence failed at 104  side 2    Res =  0.2552E-02
 MRCHDU: Convergence failed at 105  side 2    Res =  0.5384E-02
 MRCHDU: Convergence failed at 106  side 2    Res =  0.2610E-01
 Side 1  free  transition at x/c =  0.5378   46
 Side 2  free  transition at x/c =  0.0275   15

  37   rms: 0.6965E+02   max: -.5220E+03   C at   17  2   RLX: 0.001
       a = -1.000      CL = -0.1619
      Cm =  0.0684     CD =  0.00000   =>   CDf =  0.00314    CDp = -0.00314

 MRCHDU: Convergence failed at 100  side 2    Res =  0.2305E+00
 MRCHDU: Convergence failed at 101  side 2    Res =  0.2008E+00
 MRCHDU: Convergence failed at 105  side 2    Res =  0.3574E-02
 MRCHDU: Convergence failed at 106  side 2    Res =  0.1465E-01
 Side 1  free  transition at x/c =  0.5379   47
 Side 2  free  transition at x/c =  0.0275   15

  38   rms: 0.6914E+02   max: -.5123E+03   C at   17  2   RLX: 0.001
       a = -1.000      CL = -0.1613
      Cm =  0.0683     CD =  0.00000   =>   CDf =  0.00314    CDp = -0.00314

 MRCHDU: Convergence failed at 100  side 2    Res =  0.7425E-01
 MRCHDU: Convergence failed at 101  side 2    Res =  0.8390E-01
 MRCHDU: Convergence failed at 102  side 2    Res =  0.8810E-02
 MRCHDU: Convergence failed at 103  side 2    Res =  0.2811E-02
 MRCHDU: Convergence failed at 104  side 2    Res =  0.2102E-02
 MRCHDU: Convergence failed at 105  side 2    Res =  0.3999E-02
 MRCHDU: Convergence failed at 106  side 2    Res =  0.4343E-02
 Side 1  free  transition at x/c =  0.5381   47
 Side 2  free  transition at x/c =  0.0275   15

  39   rms: 0.1772E+03   max: -.1791E+04   T at  106  2   RLX: 0.000
       a = -1.000      CL = -0.1612
      Cm =  0.0683     CD =  0.00000   =>   CDf =  0.00314    CDp = -0.00314

 MRCHDU: Convergence failed at 100  side 2    Res =  0.2299E+00
 MRCHDU: Convergence failed at 101  side 2    Res =  0.8539E+00
 Side 1  free  transition at x/c =  0.5382   47
 Side 2  free  transition at x/c =  0.0275   15

  40   rms: 0.3791E+02   max: 0.6016E+03   T at  106  2   RLX: 0.002
       a = -1.000      CL = -0.1596
      Cm =  0.0680     CD =  0.00000   =>   CDf =  0.00314    CDp = -0.00314

 MRCHDU: Convergence failed at 100  side 2    Res =  0.7608E-01
 MRCHDU: Convergence failed at 101  side 2    Res =  0.9916E-01
 MRCHDU: Convergence failed at 102  side 2    Res =  0.1253E-01
 MRCHDU: Convergence failed at 103  side 2    Res =  0.4594E-02
 MRCHDU: Convergence failed at 104  side 2    Res =  0.3993E-02
 MRCHDU: Convergence failed at 105  side 2    Res =  0.1036E-01
 MRCHDU: Convergence failed at 106  side 2    Res =  0.1124E-01
 Side 1  free  transition at x/c =  0.5381   47
 Side 2  free  transition at x/c =  0.0275   15

  41   rms: 0.8486E+02   max: -.6101E+03   C at   17  2   RLX: 0.001
       a = -1.000      CL = -0.1591
      Cm =  0.0679     CD =  0.00000   =>   CDf =  0.00314    CDp = -0.00314

 MRCHDU: Convergence failed at 100  side 2    Res =  0.7449E-01
 MRCHDU: Convergence failed at 101  side 2    Res =  0.9928E-01
 MRCHDU: Convergence failed at 102  side 2    Res =  0.1215E-01
 MRCHDU: Convergence failed at 103  side 2    Res =  0.4337E-02
 MRCHDU: Convergence failed at 104  side 2    Res =  0.3610E-02
 MRCHDU: Convergence failed at 105  side 2    Res =  0.8190E-02
 MRCHDU: Convergence failed at 106  side 2    Res =  0.4665E-02
 Side 1  free  transition at x/c =  0.5382   47
 Side 2  free  transition at x/c =  0.0275   15

  42   rms: 0.1253E+03   max: -.1032E+04   T at  106  2   RLX: 0.000
       a = -1.000      CL = -0.1588
      Cm =  0.0679     CD =  0.00000   =>   CDf =  0.00314    CDp = -0.00314

 MRCHDU: Convergence failed at 100  side 2    Res =  0.7293E-01
 MRCHDU: Convergence failed at 101  side 2    Res =  0.9755E-01
 MRCHDU: Convergence failed at 102  side 2    Res =  0.1117E-01
 MRCHDU: Convergence failed at 103  side 2    Res =  0.3724E-02
 MRCHDU: Convergence failed at 104  side 2    Res =  0.2780E-02
 MRCHDU: Convergence failed at 105  side 2    Res =  0.5036E-02
 MRCHDU: Convergence failed at 106  side 2    Res =  0.1211E-02
 Side 1  free  transition at x/c =  0.5383   47
 Side 2  free  transition at x/c =  0.0275   15

  43   rms: 0.6709E+02   max: 0.8141E+03   T at  106  2   RLX: 0.001
       a = -1.000      CL = -0.1581
      Cm =  0.0677     CD =  0.00000   =>   CDf =  0.00314    CDp = -0.00314

 MRCHDU: Convergence failed at 100  side 2    Res =  0.7400E-01
 MRCHDU: Convergence failed at 101  side 2    Res =  0.1056E+00
 MRCHDU: Convergence failed at 102  side 2    Res =  0.2257E-01
 MRCHDU: Convergence failed at 103  side 2    Res =  0.7517E-02
 MRCHDU: Convergence failed at 104  side 2    Res =  0.6428E-02
 MRCHDU: Convergence failed at 105  side 2    Res =  0.2081E-01
 MRCHDU: Convergence failed at 106  side 2    Res =  0.6175E-02
 Side 1  free  transition at x/c =  0.5384   47
 Side 2  free  transition at x/c =  0.0275   15

  44   rms: 0.9190E+02   max: -.6435E+03   C at   17  2   RLX: 0.001
       a = -1.000      CL = -0.1576
      Cm =  0.0677     CD =  0.00000   =>   CDf =  0.00314    CDp = -0.00314

 MRCHDU: Convergence failed at 100  side 2    Res =  0.7384E-01
 MRCHDU: Convergence failed at 101  side 2    Res =  0.7647E-01
 MRCHDU: Convergence failed at 102  side 2    Res =  0.1358E-01
 MRCHDU: Convergence failed at 103  side 2    Res =  0.5462E-02
 MRCHDU: Convergence failed at 104  side 2    Res =  0.4892E-02
 MRCHDU: Convergence failed at 105  side 2    Res =  0.1323E-01
 MRCHDU: Convergence failed at 106  side 2    Res =  0.2412E-02
 Side 1  free  transition at x/c =  0.5384   47
 Side 2  free  transition at x/c =  0.0275   15

  45   rms: 0.4454E+03   max: -.8865E+04   T at  106  2   RLX: 0.000
       a = -1.000      CL = -0.1576
      Cm =  0.0677     CD =  0.00000   =>   CDf =  0.00314    CDp = -0.00314

 MRCHDU: Convergence failed at 100  side 2    Res =  0.7360E-01
 MRCHDU: Convergence failed at 101  side 2    Res =  0.7545E-01
 MRCHDU: Convergence failed at 102  side 2    Res =  0.1294E-01
 MRCHDU: Convergence failed at 103  side 2    Res =  0.4984E-02
 MRCHDU: Convergence failed at 104  side 2    Res =  0.4139E-02
 MRCHDU: Convergence failed at 105  side 2    Res =  0.8424E-02
 MRCHDU: Convergence failed at 106  side 2    Res =  0.7059E-03
 Side 1  free  transition at x/c =  0.5384   47
 Side 2  free  transition at x/c =  0.0275   15

  46   rms: 0.1009E+03   max: -.6900E+03   C at   17  2   RLX: 0.001
       a = -1.000      CL = -0.1572
      Cm =  0.0676     CD =  0.00000   =>   CDf =  0.00314    CDp = -0.00314

 MRCHDU: Convergence failed at 100  side 2    Res =  0.7345E-01
 MRCHDU: Convergence failed at 101  side 2    Res =  0.7725E-01
 MRCHDU: Convergence failed at 102  side 2    Res =  0.1382E-01
 MRCHDU: Convergence failed at 103  side 2    Res =  0.5610E-02
 MRCHDU: Convergence failed at 104  side 2    Res =  0.5082E-02
 MRCHDU: Convergence failed at 105  side 2    Res =  0.1383E-01
 MRCHDU: Convergence failed at 106  side 2    Res =  0.1350E-02
 Side 1  free  transition at x/c =  0.5385   47
 Side 2  free  transition at x/c =  0.0275   15

  47   rms: 0.1203E+03   max: 0.1263E+04   T at  106  2   RLX: 0.001
       a = -1.000      CL = -0.1568
      Cm =  0.0675     CD =  0.00000   =>   CDf =  0.00314    CDp = -0.00314

 MRCHDU: Convergence failed at 100  side 2    Res =  0.7341E-01
 MRCHDU: Convergence failed at 101  side 2    Res =  0.7921E-01
 MRCHDU: Convergence failed at 102  side 2    Res =  0.1494E-01
 MRCHDU: Convergence failed at 103  side 2    Res =  0.6466E-02
 MRCHDU: Convergence failed at 104  side 2    Res =  0.6628E-02
 MRCHDU: Convergence failed at 105  side 2    Res =  0.4849E-01
 MRCHDU: Convergence failed at 106  side 2    Res =  0.4456E-02
 Side 1  free  transition at x/c =  0.5385   47
 Side 2  free  transition at x/c =  0.0275   15

  48   rms: 0.1443E+03   max: -.9834E+03   C at   17  2   RLX: 0.001
       a = -1.000      CL = -0.1565
      Cm =  0.0675     CD =  0.00000   =>   CDf =  0.00314    CDp = -0.00314

 MRCHDU: Convergence failed at 100  side 2    Res =  0.7307E-01
 MRCHDU: Convergence failed at 101  side 2    Res =  0.7943E-01
 MRCHDU: Convergence failed at 102  side 2    Res =  0.1491E-01
 MRCHDU: Convergence failed at 103  side 2    Res =  0.6428E-02
 MRCHDU: Convergence failed at 104  side 2    Res =  0.6541E-02
 MRCHDU: Convergence failed at 105  side 2    Res =  0.3481E-01
 MRCHDU: Convergence failed at 106  side 2    Res =  0.1775E-02
 Side 1  free  transition at x/c =  0.5386   47
 Side 2  free  transition at x/c =  0.0275   15

  49   rms: 0.3412E+03   max: 0.7759E+04   T at  106  2   RLX: 0.000
       a = -1.000      CL = -0.1564
      Cm =  0.0675     CD =  0.00000   =>   CDf =  0.00314    CDp = -0.00314

 MRCHDU: Convergence failed at 100  side 2    Res =  0.7308E-01
 MRCHDU: Convergence failed at 101  side 2    Res =  0.8024E-01
 MRCHDU: Convergence failed at 102  side 2    Res =  0.1544E-01
 MRCHDU: Convergence failed at 103  side 2    Res =  0.6871E-02
 MRCHDU: Convergence failed at 104  side 2    Res =  0.7506E-02
 MRCHDU: Convergence failed at 105  side 2    Res =  0.2640E+00
 MRCHDU: Convergence failed at 106  side 2    Res =  0.9186E-02
 Side 1  free  transition at x/c =  0.5386   47
 Side 2  free  transition at x/c =  0.0275   15

  50   rms: 0.1496E+03   max: -.1032E+04   C at   17  2   RLX: 0.000
       a = -1.000      CL = -0.1561
      Cm =  0.0674     CD =  0.00000   =>   CDf =  0.00314    CDp = -0.00314

 MRCHDU: Convergence failed at 100  side 2    Res =  0.7259E-01
 MRCHDU: Convergence failed at 101  side 2    Res =  0.8037E-01
 MRCHDU: Convergence failed at 102  side 2    Res =  0.1529E-01
 MRCHDU: Convergence failed at 103  side 2    Res =  0.6733E-02
 MRCHDU: Convergence failed at 104  side 2    Res =  0.7171E-02
 MRCHDU: Convergence failed at 105  side 2    Res =  0.9302E-02
 MRCHDU: Convergence failed at 106  side 2    Res =  0.5068E-02
 Side 1  free  transition at x/c =  0.5387   47
 Side 2  free  transition at x/c =  0.0275   15

  51   rms: 0.1597E+03   max: -.1093E+04   C at   17  2   RLX: 0.000
       a = -1.000      CL = -0.1559
      Cm =  0.0674     CD =  0.00000   =>   CDf =  0.00314    CDp = -0.00314

 MRCHDU: Convergence failed at  17  side 2    Res =  0.5089E-01
 MRCHDU: Convergence failed at 100  side 2    Res =  0.7302E-01
 MRCHDU: Convergence failed at 101  side 2    Res =  0.7900E-01
 MRCHDU: Convergence failed at 102  side 2    Res =  0.1494E-01
 MRCHDU: Convergence failed at 103  side 2    Res =  0.6459E-02
 MRCHDU: Convergence failed at 104  side 2    Res =  0.6582E-02
 MRCHDU: Convergence failed at 105  side 2    Res =  0.7423E-02
 MRCHDU: Convergence failed at 106  side 2    Res =  0.3300E-02
 Side 1  free  transition at x/c =  0.5387   47
 Side 2  free  transition at x/c =  0.0275   15

  52   rms: 0.1925E+03   max: -.1319E+04   C at   17  2   RLX: 0.000
       a = -1.000      CL = -0.1561
      Cm =  0.0676     CD =  0.00000   =>   CDf =  0.00314    CDp = -0.00314

 MRCHDU: Convergence failed at  17  side 2    Res =  0.1025E+00
 MRCHDU: Convergence failed at 100  side 2    Res =  0.2813E-01
 MRCHDU: Convergence failed at 101  side 2    Res =  0.7334E-01
 MRCHDU: Convergence failed at 102  side 2    Res =  0.1433E-01
 MRCHDU: Convergence failed at 103  side 2    Res =  0.6112E-02
 MRCHDU: Convergence failed at 104  side 2    Res =  0.5975E-02
 MRCHDU: Convergence failed at 105  side 2    Res =  0.6000E-02
 MRCHDU: Convergence failed at 106  side 2    Res =  0.2261E-02
 Side 1  free  transition at x/c =  0.5388   47
 Side 2  free  transition at x/c =  0.0275   15

  53   rms: 0.1434E+03   max: -.3134E+04   T at  106  2   RLX: 0.000
       a = -1.000      CL = -0.1260
      Cm =  0.0621     CD =  0.00000   =>   CDf =  0.00315    CDp = -0.00315

 MRCHDU: Convergence failed at 100  side 2    Res =  0.2767E-01
 MRCHDU: Convergence failed at 101  side 2    Res =  0.7171E-01
 MRCHDU: Convergence failed at 102  side 2    Res =  0.1333E-01
 MRCHDU: Convergence failed at 103  side 2    Res =  0.5328E-02
 MRCHDU: Convergence failed at 104  side 2    Res =  0.4577E-02
 MRCHDU: Convergence failed at 105  side 2    Res =  0.3380E-02
 MRCHDU: Convergence failed at 106  side 2    Res =  0.5900E-03
 Side 1  free  transition at x/c =  0.5389   47
 Side 2  free  transition at x/c =  0.0275   15

  54   rms: 0.5789E+03   max: -.1216E+05   T at  106  2   RLX: 0.000
       a = -1.000      CL = -0.1209
      Cm =  0.0607     CD =  0.00000   =>   CDf =  0.00315    CDp = -0.00315

 MRCHDU: Convergence failed at 100  side 2    Res =  0.2786E-01
 MRCHDU: Convergence failed at 101  side 2    Res =  0.6939E-01
 MRCHDU: Convergence failed at 102  side 2    Res =  0.1207E-01
 MRCHDU: Convergence failed at 103  side 2    Res =  0.4426E-02
 MRCHDU: Convergence failed at 104  side 2    Res =  0.3274E-02
 MRCHDU: Convergence failed at 105  side 2    Res =  0.1742E-02
 Side 1  free  transition at x/c =  0.5388   47
 Side 2  free  transition at x/c =  0.0275   15

  55   rms: 0.7814E+02   max: -.1357E+04   T at  106  2   RLX: 0.000
       a = -1.000      CL = -0.1204
      Cm =  0.0607     CD =  0.00000   =>   CDf =  0.00315    CDp = -0.00315

 MRCHDU: Convergence failed at 100  side 2    Res =  0.2809E-01
 MRCHDU: Convergence failed at 101  side 2    Res =  0.6552E-01
 MRCHDU: Convergence failed at 102  side 2    Res =  0.1029E-01
 MRCHDU: Convergence failed at 103  side 2    Res =  0.3274E-02
 MRCHDU: Convergence failed at 104  side 2    Res =  0.1926E-02
 MRCHDU: Convergence failed at 105  side 2    Res =  0.5304E-03
 Side 1  free  transition at x/c =  0.5385   47
 Side 2  free  transition at x/c =  0.0275   15

  56   rms: 0.1011E+02   max: 0.7819E+02   T at   16  2   RLX: 0.007
       a = -1.000      CL = -0.1145
      Cm =  0.0604     CD =  0.00000   =>   CDf =  0.00315    CDp = -0.00315

 MRCHDU: Convergence failed at 100  side 2    Res =  0.2043E-01
 MRCHDU: Convergence failed at 101  side 2    Res =  0.7290E-01
 MRCHDU: Convergence failed at 102  side 2    Res =  0.1283E-01
 MRCHDU: Convergence failed at 103  side 2    Res =  0.4694E-02
 MRCHDU: Convergence failed at 104  side 2    Res =  0.3325E-02
 MRCHDU: Convergence failed at 105  side 2    Res =  0.1302E-02
 Side 1  free  transition at x/c =  0.5366   46
 Side 2  free  transition at x/c =  0.0275   15

  57   rms: 0.1107E+03   max: 0.1750E+04   T at  105  2   RLX: 0.001
       a = -1.000      CL = -0.1099
      Cm =  0.0597     CD =  0.00000   =>   CDf =  0.00316    CDp = -0.00316

 MRCHDU: Convergence failed at 100  side 2    Res =  0.1859E-01
 MRCHDU: Convergence failed at 101  side 2    Res =  0.8909E-01
 MRCHDU: Convergence failed at 102  side 2    Res =  0.2362E-01
 MRCHDU: Convergence failed at 103  side 2    Res =  0.1292E-01
 MRCHDU: Convergence failed at 104  side 2    Res =  0.2208E-01
 MRCHDU: Convergence failed at 105  side 2    Res =  0.1376E-01
 MRCHDU: Convergence failed at 106  side 2    Res =  0.5875E-03
 Side 1  free  transition at x/c =  0.5363   46
 Side 2  free  transition at x/c =  0.0275   15

  58   rms: 0.3653E+03   max: 0.8598E+04   T at  106  2   RLX: 0.000
       a = -1.000      CL = -0.1089
      Cm =  0.0595     CD =  0.00000   =>   CDf =  0.00316    CDp = -0.00316

 MRCHDU: Convergence failed at 100  side 2    Res =  0.1848E-01
 MRCHDU: Convergence failed at 101  side 2    Res =  0.8954E-01
 MRCHDU: Convergence failed at 102  side 2    Res =  0.2425E-01
 MRCHDU: Convergence failed at 103  side 2    Res =  0.1388E-01
 MRCHDU: Convergence failed at 104  side 2    Res =  0.3660E-01
 MRCHDU: Convergence failed at 105  side 2    Res =  0.5066E-01
 Side 1  free  transition at x/c =  0.5363   46
 Side 2  free  transition at x/c =  0.0275   15

  59   rms: 0.7156E+03   max: -.1371E+05   C at  106  2   RLX: 0.000
       a = -1.000      CL = -0.1088
      Cm =  0.0595     CD =  0.00000   =>   CDf =  0.00316    CDp = -0.00316

 MRCHDU: Convergence failed at 100  side 2    Res =  0.1847E-01
 MRCHDU: Convergence failed at 101  side 2    Res =  0.8959E-01
 MRCHDU: Convergence failed at 102  side 2    Res =  0.2427E-01
 MRCHDU: Convergence failed at 103  side 2    Res =  0.1391E-01
 MRCHDU: Convergence failed at 104  side 2    Res =  0.3785E-01
 Side 1  free  transition at x/c =  0.5363   46
 Side 2  free  transition at x/c =  0.0275   15

  60   rms: 0.1305E+04   max: -.2519E+05   C at  106  2   RLX: 0.000
       a = -1.000      CL = -0.1087
      Cm =  0.0595     CD =  0.00000   =>   CDf =  0.00316    CDp = -0.00316

 MRCHDU: Convergence failed at 100  side 2    Res =  0.1847E-01
 MRCHDU: Convergence failed at 101  side 2    Res =  0.8961E-01
 MRCHDU: Convergence failed at 102  side 2    Res =  0.2428E-01
 MRCHDU: Convergence failed at 103  side 2    Res =  0.1392E-01
 MRCHDU: Convergence failed at 104  side 2    Res =  0.3874E-01
 Side 1  free  transition at x/c =  0.5363   46
 Side 2  free  transition at x/c =  0.0275   15

  61   rms: 0.3602E+04   max: -.6970E+05   C at  106  2   RLX: 0.000
       a = -1.000      CL = -0.1087
      Cm =  0.0595     CD =  0.00000   =>   CDf =  0.00317    CDp = -0.00317

 MRCHDU: Convergence failed at 100  side 2    Res =  0.1847E-01
 MRCHDU: Convergence failed at 101  side 2    Res =  0.8962E-01
 MRCHDU: Convergence failed at 102  side 2    Res =  0.2429E-01
 MRCHDU: Convergence failed at 103  side 2    Res =  0.1393E-01
 MRCHDU: Convergence failed at 104  side 2    Res =  0.3925E-01
 Side 1  free  transition at x/c =  0.5363   46
 Side 2  free  transition at x/c =  0.0275   15

  62   rms: 0.8783E+04   max: -.1698E+06   C at  106  2   RLX: 0.000
       a = -1.000      CL = -0.1087
      Cm =  0.0595     CD =  0.00000   =>   CDf =  0.00317    CDp = -0.00317

 MRCHDU: Convergence failed at 100  side 2    Res =  0.1847E-01
 MRCHDU: Convergence failed at 101  side 2    Res =  0.8962E-01
 MRCHDU: Convergence failed at 102  side 2    Res =  0.2429E-01
 MRCHDU: Convergence failed at 103  side 2    Res =  0.1394E-01
 MRCHDU: Convergence failed at 104  side 2    Res =  0.3958E-01
 Side 1  free  transition at x/c =  0.5363   46
 Side 2  free  transition at x/c =  0.0275   15

  63   rms: 0.1762E+05   max: -.3401E+06   C at  106  2   RLX: 0.000
       a = -1.000      CL = -0.1087
      Cm =  0.0595     CD =  0.00000   =>   CDf =  0.00317    CDp = -0.00317

 MRCHDU: Convergence failed at 100  side 2    Res =  0.1847E-01
 MRCHDU: Convergence failed at 101  side 2    Res =  0.8963E-01
 MRCHDU: Convergence failed at 102  side 2    Res =  0.2429E-01
 MRCHDU: Convergence failed at 103  side 2    Res =  0.1394E-01
 MRCHDU: Convergence failed at 104  side 2    Res =  0.3982E-01
 Side 1  free  transition at x/c =  0.5363   46
 Side 2  free  transition at x/c =  0.0275   15

  64   rms: 0.2901E+05   max: -.5592E+06   C at  106  2   RLX: 0.000
       a = -1.000      CL = -0.1087
      Cm =  0.0595     CD =  0.00000   =>   CDf =  0.00317    CDp = -0.00317

 MRCHDU: Convergence failed at 100  side 2    Res =  0.1847E-01
 MRCHDU: Convergence failed at 101  side 2    Res =  0.8963E-01
 MRCHDU: Convergence failed at 102  side 2    Res =  0.2430E-01
 MRCHDU: Convergence failed at 103  side 2    Res =  0.1394E-01
 MRCHDU: Convergence failed at 104  side 2    Res =  0.4001E-01
 Side 1  free  transition at x/c =  0.5363   46
 Side 2  free  transition at x/c =  0.0275   15

  65   rms: 0.4119E+05   max: -.7934E+06   C at  106  2   RLX: 0.000
       a = -1.000      CL = -0.1087
      Cm =  0.0595     CD =  0.00000   =>   CDf =  0.00317    CDp = -0.00317

 MRCHDU: Convergence failed at 100  side 2    Res =  0.1847E-01
 MRCHDU: Convergence failed at 101  side 2    Res =  0.8963E-01
 MRCHDU: Convergence failed at 102  side 2    Res =  0.2430E-01
 MRCHDU: Convergence failed at 103  side 2    Res =  0.1395E-01
 MRCHDU: Convergence failed at 104  side 2    Res =  0.4016E-01
 Side 1  free  transition at x/c =  0.5363   46
 Side 2  free  transition at x/c =  0.0275   15

  66   rms: 0.5355E+05   max: -.1031E+07   C at  106  2   RLX: 0.000
       a = -1.000      CL = -0.1087
      Cm =  0.0595     CD =  0.00000   =>   CDf =  0.00317    CDp = -0.00317

 MRCHDU: Convergence failed at 100  side 2    Res =  0.1847E-01
 MRCHDU: Convergence failed at 101  side 2    Res =  0.8963E-01
 MRCHDU: Convergence failed at 102  side 2    Res =  0.2430E-01
 MRCHDU: Convergence failed at 103  side 2    Res =  0.1395E-01
 MRCHDU: Convergence failed at 104  side 2    Res =  0.4028E-01
 Side 1  free  transition at x/c =  0.5363   46
 Side 2  free  transition at x/c =  0.0275   15

  67   rms: 0.6632E+05   max: -.1277E+07   C at  106  2   RLX: 0.000
       a = -1.000      CL = -0.1087
      Cm =  0.0595     CD =  0.00000   =>   CDf =  0.00317    CDp = -0.00317

 MRCHDU: Convergence failed at 100  side 2    Res =  0.1847E-01
 MRCHDU: Convergence failed at 101  side 2    Res =  0.8963E-01
 MRCHDU: Convergence failed at 102  side 2    Res =  0.2430E-01
 MRCHDU: Convergence failed at 103  side 2    Res =  0.1395E-01
 MRCHDU: Convergence failed at 104  side 2    Res =  0.4039E-01
 Side 1  free  transition at x/c =  0.5363   46
 Side 2  free  transition at x/c =  0.0275   15

  68   rms: 0.7988E+05   max: -.1537E+07   C at  106  2   RLX: 0.000
       a = -1.000      CL = -0.1087
      Cm =  0.0595     CD =  0.00000   =>   CDf =  0.00317    CDp = -0.00317

 MRCHDU: Convergence failed at 100  side 2    Res =  0.1847E-01
 MRCHDU: Convergence failed at 101  side 2    Res =  0.8963E-01
 MRCHDU: Convergence failed at 102  side 2    Res =  0.2430E-01
 MRCHDU: Convergence failed at 103  side 2    Res =  0.1395E-01
 MRCHDU: Convergence failed at 104  side 2    Res =  0.4047E-01
 Side 1  free  transition at x/c =  0.5363   46
 Side 2  free  transition at x/c =  0.0275   15

  69   rms: 0.9445E+05   max: -.1818E+07   C at  106  2   RLX: 0.000
       a = -1.000      CL = -0.1087
      Cm =  0.0595     CD =  0.00000   =>   CDf =  0.00317    CDp = -0.00317

 MRCHDU: Convergence failed at 100  side 2    Res =  0.1847E-01
 MRCHDU: Convergence failed at 101  side 2    Res =  0.8963E-01
 MRCHDU: Convergence failed at 102  side 2    Res =  0.2430E-01
 MRCHDU: Convergence failed at 103  side 2    Res =  0.1395E-01
 MRCHDU: Convergence failed at 104  side 2    Res =  0.4055E-01
 Side 1  free  transition at x/c =  0.5363   46
 Side 2  free  transition at x/c =  0.0275   15

  70   rms: 0.1102E+06   max: -.2120E+07   C at  106  2   RLX: 0.000
       a = -1.000      CL = -0.1087
      Cm =  0.0595     CD =  0.00000   =>   CDf =  0.00317    CDp = -0.00317

 MRCHDU: Convergence failed at 100  side 2    Res =  0.1847E-01
 MRCHDU: Convergence failed at 101  side 2    Res =  0.8963E-01
 MRCHDU: Convergence failed at 102  side 2    Res =  0.2430E-01
 MRCHDU: Convergence failed at 103  side 2    Res =  0.1395E-01
 MRCHDU: Convergence failed at 104  side 2    Res =  0.4061E-01
 Side 1  free  transition at x/c =  0.5363   46
 Side 2  free  transition at x/c =  0.0275   15

  71   rms: 0.1271E+06   max: -.2445E+07   C at  106  2   RLX: 0.000
       a = -1.000      CL = -0.1087
      Cm =  0.0595     CD =  0.00000   =>   CDf =  0.00317    CDp = -0.00317

 MRCHDU: Convergence failed at 100  side 2    Res =  0.1847E-01
 MRCHDU: Convergence failed at 101  side 2    Res =  0.8963E-01
 MRCHDU: Convergence failed at 102  side 2    Res =  0.2430E-01
 MRCHDU: Convergence failed at 103  side 2    Res =  0.1395E-01
 MRCHDU: Convergence failed at 104  side 2    Res =  0.4067E-01
 Side 1  free  transition at x/c =  0.5363   46
 Side 2  free  transition at x/c =  0.0275   15

  72   rms: 0.1451E+06   max: -.2792E+07   C at  106  2   RLX: 0.000
       a = -1.000      CL = -0.1087
      Cm =  0.0595     CD =  0.00000   =>   CDf =  0.00317    CDp = -0.00317

 MRCHDU: Convergence failed at 100  side 2    Res =  0.1847E-01
 MRCHDU: Convergence failed at 101  side 2    Res =  0.8963E-01
 MRCHDU: Convergence failed at 102  side 2    Res =  0.2430E-01
 MRCHDU: Convergence failed at 103  side 2    Res =  0.1395E-01
 MRCHDU: Convergence failed at 104  side 2    Res =  0.4071E-01
 Side 1  free  transition at x/c =  0.5363   46
 Side 2  free  transition at x/c =  0.0275   15

  73   rms: 0.1644E+06   max: -.3163E+07   C at  106  2   RLX: 0.000
       a = -1.000      CL = -0.1087
      Cm =  0.0595     CD =  0.00000   =>   CDf =  0.00317    CDp = -0.00317

 MRCHDU: Convergence failed at 100  side 2    Res =  0.1847E-01
 MRCHDU: Convergence failed at 101  side 2    Res =  0.8963E-01
 MRCHDU: Convergence failed at 102  side 2    Res =  0.2430E-01
 MRCHDU: Convergence failed at 103  side 2    Res =  0.1395E-01
 MRCHDU: Convergence failed at 104  side 2    Res =  0.4076E-01
 Side 1  free  transition at x/c =  0.5363   46
 Side 2  free  transition at x/c =  0.0275   15

  74   rms: 0.1848E+06   max: -.3556E+07   C at  106  2   RLX: 0.000
       a = -1.000      CL = -0.1087
      Cm =  0.0595     CD =  0.00000   =>   CDf =  0.00317    CDp = -0.00317

 MRCHDU: Convergence failed at 100  side 2    Res =  0.1847E-01
 MRCHDU: Convergence failed at 101  side 2    Res =  0.8963E-01
 MRCHDU: Convergence failed at 102  side 2    Res =  0.2430E-01
 MRCHDU: Convergence failed at 103  side 2    Res =  0.1396E-01
 MRCHDU: Convergence failed at 104  side 2    Res =  0.4080E-01
 Side 1  free  transition at x/c =  0.5363   46
 Side 2  free  transition at x/c =  0.0275   15

  75   rms: 0.2064E+06   max: -.3971E+07   C at  106  2   RLX: 0.000
       a = -1.000      CL = -0.1087
      Cm =  0.0595     CD =  0.00000   =>   CDf =  0.00317    CDp = -0.00317

 MRCHDU: Convergence failed at 100  side 2    Res =  0.1847E-01
 MRCHDU: Convergence failed at 101  side 2    Res =  0.8964E-01
 MRCHDU: Convergence failed at 102  side 2    Res =  0.2430E-01
 MRCHDU: Convergence failed at 103  side 2    Res =  0.1396E-01
 MRCHDU: Convergence failed at 104  side 2    Res =  0.4083E-01
 Side 1  free  transition at x/c =  0.5363   46
 Side 2  free  transition at x/c =  0.0275   15

  76   rms: 0.2291E+06   max: -.4408E+07   C at  106  2   RLX: 0.000
       a = -1.000      CL = -0.1087
      Cm =  0.0595     CD =  0.00000   =>   CDf =  0.00317    CDp = -0.00317

 MRCHDU: Convergence failed at 100  side 2    Res =  0.1847E-01
 MRCHDU: Convergence failed at 101  side 2    Res =  0.8964E-01
 MRCHDU: Convergence failed at 102  side 2    Res =  0.2430E-01
 MRCHDU: Convergence failed at 103  side 2    Res =  0.1396E-01
 MRCHDU: Convergence failed at 104  side 2    Res =  0.4086E-01
 Side 1  free  transition at x/c =  0.5363   46
 Side 2  free  transition at x/c =  0.0275   15

  77   rms: 0.2530E+06   max: -.4867E+07   C at  106  2   RLX: 0.000
       a = -1.000      CL = -0.1087
      Cm =  0.0595     CD =  0.00000   =>   CDf =  0.00317    CDp = -0.00317

 MRCHDU: Convergence failed at 100  side 2    Res =  0.1847E-01
 MRCHDU: Convergence failed at 101  side 2    Res =  0.8964E-01
 MRCHDU: Convergence failed at 102  side 2    Res =  0.2430E-01
 MRCHDU: Convergence failed at 103  side 2    Res =  0.1396E-01
 MRCHDU: Convergence failed at 104  side 2    Res =  0.4089E-01
 Side 1  free  transition at x/c =  0.5363   46
 Side 2  free  transition at x/c =  0.0275   15

  78   rms: 0.2780E+06   max: -.5348E+07   C at  106  2   RLX: 0.000
       a = -1.000      CL = -0.1087
      Cm =  0.0595     CD =  0.00000   =>   CDf =  0.00317    CDp = -0.00317

 MRCHDU: Convergence failed at 100  side 2    Res =  0.1847E-01
 MRCHDU: Convergence failed at 101  side 2    Res =  0.8964E-01
 MRCHDU: Convergence failed at 102  side 2    Res =  0.2430E-01
 MRCHDU: Convergence failed at 103  side 2    Res =  0.1396E-01
 MRCHDU: Convergence failed at 104  side 2    Res =  0.4092E-01
 Side 1  free  transition at x/c =  0.5363   46
 Side 2  free  transition at x/c =  0.0275   15

  79   rms: 0.3041E+06   max: -.5850E+07   C at  106  2   RLX: 0.000
       a = -1.000      CL = -0.1087
      Cm =  0.0595     CD =  0.00000   =>   CDf =  0.00317    CDp = -0.00317

 MRCHDU: Convergence failed at 100  side 2    Res =  0.1847E-01
 MRCHDU: Convergence failed at 101  side 2    Res =  0.8964E-01
 MRCHDU: Convergence failed at 102  side 2    Res =  0.2430E-01
 MRCHDU: Convergence failed at 103  side 2    Res =  0.1396E-01
 MRCHDU: Convergence failed at 104  side 2    Res =  0.4094E-01
 Side 1  free  transition at x/c =  0.5363   46
 Side 2  free  transition at x/c =  0.0275   15

  80   rms: 0.3313E+06   max: -.6374E+07   C at  106  2   RLX: 0.000
       a = -1.000      CL = -0.1087
      Cm =  0.0595     CD =  0.00000   =>   CDf =  0.00317    CDp = -0.00317

 MRCHDU: Convergence failed at 100  side 2    Res =  0.1847E-01
 MRCHDU: Convergence failed at 101  side 2    Res =  0.8964E-01
 MRCHDU: Convergence failed at 102  side 2    Res =  0.2430E-01
 MRCHDU: Convergence failed at 103  side 2    Res =  0.1396E-01
 MRCHDU: Convergence failed at 104  side 2    Res =  0.4096E-01
 Side 1  free  transition at x/c =  0.5363   46
 Side 2  free  transition at x/c =  0.0275   15

  81   rms: 0.3597E+06   max: -.6919E+07   C at  106  2   RLX: 0.000
       a = -1.000      CL = -0.1087
      Cm =  0.0595     CD =  0.00000   =>   CDf =  0.00317    CDp = -0.00317

 MRCHDU: Convergence failed at 100  side 2    Res =  0.1847E-01
 MRCHDU: Convergence failed at 101  side 2    Res =  0.8964E-01
 MRCHDU: Convergence failed at 102  side 2    Res =  0.2430E-01
 MRCHDU: Convergence failed at 103  side 2    Res =  0.1396E-01
 MRCHDU: Convergence failed at 104  side 2    Res =  0.4098E-01
 Side 1  free  transition at x/c =  0.5363   46
 Side 2  free  transition at x/c =  0.0275   15

  82   rms: 0.3891E+06   max: -.7485E+07   C at  106  2   RLX: 0.000
       a = -1.000      CL = -0.1087
      Cm =  0.0595     CD =  0.00000   =>   CDf =  0.00317    CDp = -0.00317

 MRCHDU: Convergence failed at 100  side 2    Res =  0.1847E-01
 MRCHDU: Convergence failed at 101  side 2    Res =  0.8964E-01
 MRCHDU: Convergence failed at 102  side 2    Res =  0.2430E-01
 MRCHDU: Convergence failed at 103  side 2    Res =  0.1396E-01
 MRCHDU: Convergence failed at 104  side 2    Res =  0.4100E-01
 Side 1  free  transition at x/c =  0.5363   46
 Side 2  free  transition at x/c =  0.0275   15

  83   rms: 0.4196E+06   max: -.8072E+07   C at  106  2   RLX: 0.000
       a = -1.000      CL = -0.1087
      Cm =  0.0595     CD =  0.00000   =>   CDf =  0.00317    CDp = -0.00317

 MRCHDU: Convergence failed at 100  side 2    Res =  0.1847E-01
 MRCHDU: Convergence failed at 101  side 2    Res =  0.8964E-01
 MRCHDU: Convergence failed at 102  side 2    Res =  0.2430E-01
 MRCHDU: Convergence failed at 103  side 2    Res =  0.1396E-01
 MRCHDU: Convergence failed at 104  side 2    Res =  0.4102E-01
 MRCHDU: Convergence failed at 106  side 2    Res =  0.8724E-02
 Side 1  free  transition at x/c =  0.5363   46
 Side 2  free  transition at x/c =  0.0275   15

  84   rms: 0.4513E+06   max: -.8681E+07   C at  106  2   RLX: 0.000
       a = -1.000      CL = -0.1087
      Cm =  0.0595     CD =  0.00000   =>   CDf =  0.00317    CDp = -0.00317

 MRCHDU: Convergence failed at 100  side 2    Res =  0.1847E-01
 MRCHDU: Convergence failed at 101  side 2    Res =  0.8964E-01
 MRCHDU: Convergence failed at 102  side 2    Res =  0.2430E-01
 MRCHDU: Convergence failed at 103  side 2    Res =  0.1396E-01
 MRCHDU: Convergence failed at 104  side 2    Res =  0.4103E-01
 MRCHDU: Convergence failed at 105  side 2    Res =  0.4181E-01
 MRCHDU: Convergence failed at 106  side 2    Res =  0.1900E-01
 Side 1  free  transition at x/c =  0.5363   46
 Side 2  free  transition at x/c =  0.0275   15

  85   rms: 0.4841E+06   max: -.9312E+07   C at  106  2   RLX: 0.000
       a = -1.000      CL = -0.1087
      Cm =  0.0595     CD =  0.00000   =>   CDf =  0.00317    CDp = -0.00317

 MRCHDU: Convergence failed at 100  side 2    Res =  0.1847E-01
 MRCHDU: Convergence failed at 101  side 2    Res =  0.8964E-01
 MRCHDU: Convergence failed at 102  side 2    Res =  0.2430E-01
 MRCHDU: Convergence failed at 103  side 2    Res =  0.1396E-01
 MRCHDU: Convergence failed at 104  side 2    Res =  0.4105E-01
 MRCHDU: Convergence failed at 105  side 2    Res =  0.9382E-01
 MRCHDU: Convergence failed at 106  side 2    Res =  0.1901E-01
 Side 1  free  transition at x/c =  0.5363   46
 Side 2  free  transition at x/c =  0.0275   15

  86   rms: 0.5180E+06   max: -.9964E+07   C at  106  2   RLX: 0.000
       a = -1.000      CL = -0.1087
      Cm =  0.0595     CD =  0.00000   =>   CDf =  0.00317    CDp = -0.00317

 MRCHDU: Convergence failed at 100  side 2    Res =  0.1847E-01
 MRCHDU: Convergence failed at 101  side 2    Res =  0.8964E-01
 MRCHDU: Convergence failed at 102  side 2    Res =  0.2430E-01
 MRCHDU: Convergence failed at 103  side 2    Res =  0.1396E-01
 MRCHDU: Convergence failed at 104  side 2    Res =  0.4106E-01
 MRCHDU: Convergence failed at 105  side 2    Res =  0.1457E+00
 MRCHDU: Convergence failed at 106  side 2    Res =  0.3315E-02
 Side 1  free  transition at x/c =  0.5363   46
 Side 2  free  transition at x/c =  0.0275   15

  87   rms: 0.1304E+03   max: -.2124E+04   T at  106  2   RLX: 0.000
       a = -1.000      CL = -0.1085
      Cm =  0.0595     CD =  0.00000   =>   CDf =  0.00317    CDp = -0.00317

 MRCHDU: Convergence failed at 100  side 2    Res =  0.1828E-01
 MRCHDU: Convergence failed at 101  side 2    Res =  0.8985E-01
 MRCHDU: Convergence failed at 102  side 2    Res =  0.2438E-01
 MRCHDU: Convergence failed at 103  side 2    Res =  0.1407E-01
 MRCHDU: Convergence failed at 104  side 2    Res =  0.5139E-01
 Side 1  free  transition at x/c =  0.5363   46
 Side 2  free  transition at x/c =  0.0275   15

  88   rms: 0.2858E+03   max: 0.5783E+04   T at  106  2   RLX: 0.000
       a = -1.000      CL = -0.1080
      Cm =  0.0595     CD =  0.00000   =>   CDf =  0.00317    CDp = -0.00317

 MRCHDU: Convergence failed at 100  side 2    Res =  0.1797E-01
 MRCHDU: Convergence failed at 101  side 2    Res =  0.9002E-01
 MRCHDU: Convergence failed at 102  side 2    Res =  0.2439E-01
 MRCHDU: Convergence failed at 103  side 2    Res =  0.1408E-01
 MRCHDU: Convergence failed at 104  side 2    Res =  0.4826E-01
 Side 1  free  transition at x/c =  0.5363   46
 Side 2  free  transition at x/c =  0.0275   15

  89   rms: 0.3197E+03   max: -.4640E+04   T at  106  2   RLX: 0.000
       a = -1.000      CL = -0.1075
      Cm =  0.0594     CD =  0.00000   =>   CDf =  0.00317    CDp = -0.00317

 MRCHDU: Convergence failed at 100  side 2    Res =  0.1785E-01
 MRCHDU: Convergence failed at 101  side 2    Res =  0.9009E-01
 MRCHDU: Convergence failed at 102  side 2    Res =  0.2436E-01
 MRCHDU: Convergence failed at 103  side 2    Res =  0.1402E-01
 MRCHDU: Convergence failed at 104  side 2    Res =  0.3586E-01
 MRCHDU: Convergence failed at 105  side 2    Res =  0.7340E+00
 MRCHDU: Convergence failed at 106  side 2    Res =  0.1453E-02
 Side 1  free  transition at x/c =  0.5363   46
 Side 2  free  transition at x/c =  0.0275   15

  90   rms: 0.9463E+03   max: -.1876E+05   T at  106  2   RLX: 0.000
       a = -1.000      CL = -0.1073
      Cm =  0.0594     CD =  0.00000   =>   CDf =  0.00317    CDp = -0.00317

 MRCHDU: Convergence failed at 100  side 2    Res =  0.1782E-01
 MRCHDU: Convergence failed at 101  side 2    Res =  0.9017E-01
 MRCHDU: Convergence failed at 102  side 2    Res =  0.2447E-01
 MRCHDU: Convergence failed at 103  side 2    Res =  0.1421E-01
 MRCHDU: Convergence failed at 104  side 2    Res =  0.4564E-01
 MRCHDU: Convergence failed at 105  side 2    Res =  0.3853E-01
 Side 1  free  transition at x/c =  0.5363   46
 Side 2  free  transition at x/c =  0.0275   15

  91   rms: 0.1218E+04   max: -.1442E+05   C at   18  2   RLX: 0.000
       a = -1.000      CL = -0.1073
      Cm =  0.0594     CD =  0.00000   =>   CDf =  0.00317    CDp = -0.00317

 MRCHDU: Convergence failed at 100  side 2    Res =  0.1761E-01
 MRCHDU: Convergence failed at 101  side 2    Res =  0.9014E-01
 MRCHDU: Convergence failed at 102  side 2    Res =  0.2447E-01
 MRCHDU: Convergence failed at 103  side 2    Res =  0.1420E-01
 MRCHDU: Convergence failed at 104  side 2    Res =  0.4458E-01
 MRCHDU: Convergence failed at 105  side 2    Res =  0.7405E-01
 Side 1  free  transition at x/c =  0.5364   46
 Side 2  free  transition at x/c =  0.0275   15

  92   rms: 0.6480E+03   max: 0.7766E+04   C at   18  2   RLX: 0.000
       a = -1.000      CL = -0.1071
      Cm =  0.0593     CD =  0.00000   =>   CDf =  0.00317    CDp = -0.00317

 MRCHDU: Convergence failed at 100  side 2    Res =  0.1635E-01
 MRCHDU: Convergence failed at 101  side 2    Res =  0.8975E-01
 MRCHDU: Convergence failed at 102  side 2    Res =  0.2443E-01
 MRCHDU: Convergence failed at 103  side 2    Res =  0.1419E-01
 MRCHDU: Convergence failed at 104  side 2    Res =  0.4395E-01
 MRCHDU: Convergence failed at 105  side 2    Res =  0.3169E+00
 MRCHDU: Convergence failed at 106  side 2    Res =  0.7663E-03
 Side 1  free  transition at x/c =  0.5363   46
 Side 2  free  transition at x/c =  0.0275   15

  93   rms: 0.4129E+03   max: 0.8460E+04   T at  106  2   RLX: 0.000
       a = -1.000      CL = -0.1061
      Cm =  0.0591     CD =  0.00000   =>   CDf =  0.00317    CDp = -0.00317

 MRCHDU: Convergence failed at 100  side 2    Res =  0.1612E-01
 MRCHDU: Convergence failed at 101  side 2    Res =  0.8980E-01
 MRCHDU: Convergence failed at 102  side 2    Res =  0.2432E-01
 MRCHDU: Convergence failed at 103  side 2    Res =  0.1399E-01
 MRCHDU: Convergence failed at 104  side 2    Res =  0.2664E-01
 Side 1  free  transition at x/c =  0.5364   46
 Side 2  free  transition at x/c =  0.0275   15

  94   rms: 0.7165E+03   max: -.7989E+04   T at  106  2   RLX: 0.000
       a = -1.000      CL = -0.1057
      Cm =  0.0591     CD =  0.00000   =>   CDf =  0.00317    CDp = -0.00317

 MRCHDU: Convergence failed at 100  side 2    Res =  0.1598E-01
 MRCHDU: Convergence failed at 101  side 2    Res =  0.8979E-01
 MRCHDU: Convergence failed at 102  side 2    Res =  0.2425E-01
 MRCHDU: Convergence failed at 103  side 2    Res =  0.1388E-01
 MRCHDU: Convergence failed at 104  side 2    Res =  0.2489E-01
 MRCHDU: Convergence failed at 105  side 2    Res =  0.2395E+00
 MRCHDU: Convergence failed at 106  side 2    Res =  0.1051E-02
 Side 1  free  transition at x/c =  0.5364   46
 Side 2  free  transition at x/c =  0.0275   15

  95   rms: 0.1159E+05   max: -.1446E+06   T at  106  2   RLX: 0.000
       a = -1.000      CL = -0.1055
      Cm =  0.0590     CD =  0.00000   =>   CDf =  0.00317    CDp = -0.00317

 MRCHDU: Convergence failed at 100  side 2    Res =  0.1590E-01
 MRCHDU: Convergence failed at 101  side 2    Res =  0.8981E-01
 MRCHDU: Convergence failed at 102  side 2    Res =  0.2437E-01
 MRCHDU: Convergence failed at 103  side 2    Res =  0.1407E-01
 MRCHDU: Convergence failed at 104  side 2    Res =  0.2781E-01
 MRCHDU: Convergence failed at 105  side 2    Res =  0.5545E-01
 MRCHDU: Convergence failed at 106  side 2    Res =  0.2488E-03
 Side 1  free  transition at x/c =  0.5364   46
 Side 2  free  transition at x/c =  0.0275   15

  96   rms: 0.9548E+03   max: -.1149E+05   C at   18  2   RLX: 0.000
       a = -1.000      CL = -0.1054
      Cm =  0.0590     CD =  0.00000   =>   CDf =  0.00317    CDp = -0.00317

 MRCHDU: Convergence failed at 100  side 2    Res =  0.1576E-01
 MRCHDU: Convergence failed at 101  side 2    Res =  0.8980E-01
 MRCHDU: Convergence failed at 102  side 2    Res =  0.2435E-01
 MRCHDU: Convergence failed at 103  side 2    Res =  0.1404E-01
 MRCHDU: Convergence failed at 104  side 2    Res =  0.2717E-01
 MRCHDU: Convergence failed at 105  side 2    Res =  0.9534E-01
 MRCHDU: Convergence failed at 106  side 2    Res =  0.3758E-03
 Side 1  free  transition at x/c =  0.5364   46
 Side 2  free  transition at x/c =  0.0275   15

  97   rms: 0.2841E+04   max: 0.3431E+05   C at   18  2   RLX: 0.000
       a = -1.000      CL = -0.1053
      Cm =  0.0590     CD =  0.00000   =>   CDf =  0.00317    CDp = -0.00317

 MRCHDU: Convergence failed at 100  side 2    Res =  0.1500E-01
 MRCHDU: Convergence failed at 101  side 2    Res =  0.8949E-01
 MRCHDU: Convergence failed at 102  side 2    Res =  0.2434E-01
 MRCHDU: Convergence failed at 103  side 2    Res =  0.1405E-01
 MRCHDU: Convergence failed at 104  side 2    Res =  0.2758E-01
 MRCHDU: Convergence failed at 105  side 2    Res =  0.8177E-01
 MRCHDU: Convergence failed at 106  side 2    Res =  0.3149E-03
 Side 1  free  transition at x/c =  0.5364   46
 Side 2  free  transition at x/c =  0.0275   15

  98   rms: 0.3544E+03   max: 0.5542E+04   T at  106  2   RLX: 0.000
       a = -1.000      CL = -0.1044
      Cm =  0.0588     CD =  0.00000   =>   CDf =  0.00317    CDp = -0.00317

 MRCHDU: Convergence failed at 100  side 2    Res =  0.1483E-01
 MRCHDU: Convergence failed at 101  side 2    Res =  0.8954E-01
 MRCHDU: Convergence failed at 102  side 2    Res =  0.2425E-01
 MRCHDU: Convergence failed at 103  side 2    Res =  0.1390E-01
 MRCHDU: Convergence failed at 104  side 2    Res =  0.2503E-01
 MRCHDU: Convergence failed at 105  side 2    Res =  0.4578E+00
 MRCHDU: Convergence failed at 106  side 2    Res =  0.1101E-02
 Side 1  free  transition at x/c =  0.5364   46
 Side 2  free  transition at x/c =  0.0275   15

  99   rms: 0.3192E+04   max: 0.7561E+05   T at  106  2   RLX: 0.000
       a = -1.000      CL = -0.1041
      Cm =  0.0588     CD =  0.00000   =>   CDf =  0.00317    CDp = -0.00317

 MRCHDU: Convergence failed at 100  side 2    Res =  0.1482E-01
 MRCHDU: Convergence failed at 101  side 2    Res =  0.8940E-01
 MRCHDU: Convergence failed at 102  side 2    Res =  0.2391E-01
 MRCHDU: Convergence failed at 103  side 2    Res =  0.1334E-01
 MRCHDU: Convergence failed at 104  side 2    Res =  0.1864E-01
 MRCHDU: Convergence failed at 105  side 2    Res =  0.1450E+00
 MRCHDU: Convergence failed at 106  side 2    Res =  0.5255E-02
 Side 1  free  transition at x/c =  0.5364   46
 Side 2  free  transition at x/c =  0.0275   15

 100   rms: 0.1018E+04   max: -.1278E+05   C at   18  2   RLX: 0.000
       a = -1.000      CL = -0.1040
      Cm =  0.0587     CD =  0.00000   =>   CDf =  0.00317    CDp = -0.00317

 MRCHDU: Convergence failed at 100  side 2    Res =  0.1475E-01
 MRCHDU: Convergence failed at 101  side 2    Res =  0.8941E-01
 MRCHDU: Convergence failed at 102  side 2    Res =  0.2391E-01
 MRCHDU: Convergence failed at 103  side 2    Res =  0.1334E-01
 MRCHDU: Convergence failed at 104  side 2    Res =  0.1862E-01
 MRCHDU: Convergence failed at 105  side 2    Res =  0.2804E-01
 MRCHDU: Convergence failed at 106  side 2    Res =  0.3624E-02
 Side 1  free  transition at x/c =  0.5364   46
 Side 2  free  transition at x/c =  0.0275   15

 101   rms: 0.7161E+04   max: -.8637E+05   C at   18  2   RLX: 0.000
       a = -1.000      CL = -0.1039
      Cm =  0.0587     CD =  0.00000   =>   CDf =  0.00317    CDp = -0.00317

 MRCHDU: Convergence failed at 100  side 2    Res =  0.1469E-01
 MRCHDU: Convergence failed at 101  side 2    Res =  0.8940E-01
 MRCHDU: Convergence failed at 102  side 2    Res =  0.2390E-01
 MRCHDU: Convergence failed at 103  side 2    Res =  0.1333E-01
 MRCHDU: Convergence failed at 104  side 2    Res =  0.1857E-01
 MRCHDU: Convergence failed at 105  side 2    Res =  0.2708E-01
 MRCHDU: Convergence failed at 106  side 2    Res =  0.3430E-02
 Side 1  free  transition at x/c =  0.5365   46
 Side 2  free  transition at x/c =  0.0275   15

 102   rms: 0.2206E+04   max: 0.2576E+05   C at   18  2   RLX: 0.000
       a = -1.000      CL = -0.1038
      Cm =  0.0587     CD =  0.00000   =>   CDf =  0.00317    CDp = -0.00317

 MRCHDU: Convergence failed at 100  side 2    Res =  0.1421E-01
 MRCHDU: Convergence failed at 101  side 2    Res =  0.8923E-01
 MRCHDU: Convergence failed at 102  side 2    Res =  0.2388E-01
 MRCHDU: Convergence failed at 103  side 2    Res =  0.1331E-01
 MRCHDU: Convergence failed at 104  side 2    Res =  0.1844E-01
 MRCHDU: Convergence failed at 105  side 2    Res =  0.2520E-01
 MRCHDU: Convergence failed at 106  side 2    Res =  0.3056E-02
 Side 1  free  transition at x/c =  0.5364   46
 Side 2  free  transition at x/c =  0.0275   15

 103   rms: 0.9174E+03   max: -.1159E+05   C at   18  2   RLX: 0.000
       a = -1.000      CL = -0.1035
      Cm =  0.0587     CD =  0.00000   =>   CDf =  0.00317    CDp = -0.00317

 MRCHDU: Convergence failed at 100  side 2    Res =  0.1413E-01
 MRCHDU: Convergence failed at 101  side 2    Res =  0.8924E-01
 MRCHDU: Convergence failed at 102  side 2    Res =  0.2385E-01
 MRCHDU: Convergence failed at 103  side 2    Res =  0.1326E-01
 MRCHDU: Convergence failed at 104  side 2    Res =  0.1813E-01
 MRCHDU: Convergence failed at 105  side 2    Res =  0.2176E-01
 MRCHDU: Convergence failed at 106  side 2    Res =  0.2388E-02
 Side 1  free  transition at x/c =  0.5365   46
 Side 2  free  transition at x/c =  0.0275   15

 104   rms: 0.2713E+04   max: -.3302E+05   C at   18  2   RLX: 0.000
       a = -1.000      CL = -0.1033
      Cm =  0.0586     CD =  0.00000   =>   CDf =  0.00317    CDp = -0.00317

 MRCHDU: Convergence failed at 100  side 2    Res =  0.1409E-01
 MRCHDU: Convergence failed at 101  side 2    Res =  0.8924E-01
 MRCHDU: Convergence failed at 102  side 2    Res =  0.2383E-01
 MRCHDU: Convergence failed at 103  side 2    Res =  0.1323E-01
 MRCHDU: Convergence failed at 104  side 2    Res =  0.1791E-01
 MRCHDU: Convergence failed at 105  side 2    Res =  0.2004E-01
 MRCHDU: Convergence failed at 106  side 2    Res =  0.2090E-02
 Side 1  free  transition at x/c =  0.5365   46
 Side 2  free  transition at x/c =  0.0275   15

 105   rms: 0.1546E+05   max: -.1822E+06   C at   18  2   RLX: 0.000
       a = -1.000      CL = -0.1033
      Cm =  0.0586     CD =  0.00000   =>   CDf =  0.00317    CDp = -0.00317

 MRCHDU: Convergence failed at 100  side 2    Res =  0.1406E-01
 MRCHDU: Convergence failed at 101  side 2    Res =  0.8923E-01
 MRCHDU: Convergence failed at 102  side 2    Res =  0.2382E-01
 MRCHDU: Convergence failed at 103  side 2    Res =  0.1322E-01
 MRCHDU: Convergence failed at 104  side 2    Res =  0.1784E-01
 MRCHDU: Convergence failed at 105  side 2    Res =  0.1957E-01
 MRCHDU: Convergence failed at 106  side 2    Res =  0.2012E-02
 Side 1  free  transition at x/c =  0.5365   46
 Side 2  free  transition at x/c =  0.0275   15

 106   rms: 0.5115E+04   max: 0.5878E+05   C at   18  2   RLX: 0.000
       a = -1.000      CL = -0.1032
      Cm =  0.0586     CD =  0.00000   =>   CDf =  0.00317    CDp = -0.00317

 MRCHDU: Convergence failed at 100  side 2    Res =  0.1375E-01
 MRCHDU: Convergence failed at 101  side 2    Res =  0.8910E-01
 MRCHDU: Convergence failed at 102  side 2    Res =  0.2377E-01
 MRCHDU: Convergence failed at 103  side 2    Res =  0.1315E-01
 MRCHDU: Convergence failed at 104  side 2    Res =  0.1746E-01
 MRCHDU: Convergence failed at 105  side 2    Res =  0.1736E-01
 MRCHDU: Convergence failed at 106  side 2    Res =  0.1644E-02
 Side 1  free  transition at x/c =  0.5365   46
 Side 2  free  transition at x/c =  0.0275   15

 107   rms: 0.2798E+04   max: -.3406E+05   C at   18  2   RLX: 0.000
       a = -1.000      CL = -0.1031
      Cm =  0.0586     CD =  0.00000   =>   CDf =  0.00317    CDp = -0.00317

 MRCHDU: Convergence failed at 100  side 2    Res =  0.1372E-01
 MRCHDU: Convergence failed at 101  side 2    Res =  0.8907E-01
 MRCHDU: Convergence failed at 102  side 2    Res =  0.2370E-01
 MRCHDU: Convergence failed at 103  side 2    Res =  0.1305E-01
 MRCHDU: Convergence failed at 104  side 2    Res =  0.1682E-01
 MRCHDU: Convergence failed at 105  side 2    Res =  0.1456E-01
 MRCHDU: Convergence failed at 106  side 2    Res =  0.1198E-02
 Side 1  free  transition at x/c =  0.5365   46
 Side 2  free  transition at x/c =  0.0275   15

 108   rms: 0.6369E+04   max: -.7394E+05   C at   18  2   RLX: 0.000
       a = -1.000      CL = -0.1030
      Cm =  0.0586     CD =  0.00000   =>   CDf =  0.00317    CDp = -0.00317

 MRCHDU: Convergence failed at 100  side 2    Res =  0.1370E-01
 MRCHDU: Convergence failed at 101  side 2    Res =  0.8901E-01
 MRCHDU: Convergence failed at 102  side 2    Res =  0.2358E-01
 MRCHDU: Convergence failed at 103  side 2    Res =  0.1286E-01
 MRCHDU: Convergence failed at 104  side 2    Res =  0.1582E-01
 MRCHDU: Convergence failed at 105  side 2    Res =  0.1156E-01
 MRCHDU: Convergence failed at 106  side 2    Res =  0.7625E-03
 Side 1  free  transition at x/c =  0.5365   46
 Side 2  free  transition at x/c =  0.0275   15

 109   rms: 0.1204E+05   max: -.1394E+06   C at   18  2   RLX: 0.000
       a = -1.000      CL = -0.1030
      Cm =  0.0586     CD =  0.00000   =>   CDf =  0.00317    CDp = -0.00317

 MRCHDU: Convergence failed at 100  side 2    Res =  0.1367E-01
 MRCHDU: Convergence failed at 101  side 2    Res =  0.8901E-01
 MRCHDU: Convergence failed at 102  side 2    Res =  0.2359E-01
 MRCHDU: Convergence failed at 103  side 2    Res =  0.1288E-01
 MRCHDU: Convergence failed at 104  side 2    Res =  0.1590E-01
 MRCHDU: Convergence failed at 105  side 2    Res =  0.1175E-01
 MRCHDU: Convergence failed at 106  side 2    Res =  0.7837E-03
 Side 1  free  transition at x/c =  0.5365   46
 Side 2  free  transition at x/c =  0.0275   15

 110   rms: 0.1951E+05   max: 0.2199E+06   C at   18  2   RLX: 0.000
       a = -1.000      CL = -0.1030
      Cm =  0.0586     CD =  0.00000   =>   CDf =  0.00317    CDp = -0.00317

 MRCHDU: Convergence failed at 100  side 2    Res =  0.1342E-01
 MRCHDU: Convergence failed at 101  side 2    Res =  0.8907E-01
 MRCHDU: Convergence failed at 102  side 2    Res =  0.2388E-01
 MRCHDU: Convergence failed at 103  side 2    Res =  0.1333E-01
 MRCHDU: Convergence failed at 104  side 2    Res =  0.1842E-01
 MRCHDU: Convergence failed at 105  side 2    Res =  0.1946E-01
 MRCHDU: Convergence failed at 106  side 2    Res =  0.1469E-02
 Side 1  free  transition at x/c =  0.5365   46
 Side 2  free  transition at x/c =  0.0275   15

 111   rms: 0.8094E+04   max: -.9669E+05   C at   18  2   RLX: 0.000
       a = -1.000      CL = -0.1029
      Cm =  0.0586     CD =  0.00000   =>   CDf =  0.00317    CDp = -0.00317

 MRCHDU: Convergence failed at 100  side 2    Res =  0.1341E-01
 MRCHDU: Convergence failed at 101  side 2    Res =  0.8906E-01
 MRCHDU: Convergence failed at 102  side 2    Res =  0.2385E-01
 MRCHDU: Convergence failed at 103  side 2    Res =  0.1327E-01
 MRCHDU: Convergence failed at 104  side 2    Res =  0.1802E-01
 MRCHDU: Convergence failed at 105  side 2    Res =  0.1724E-01
 MRCHDU: Convergence failed at 106  side 2    Res =  0.1197E-02
 Side 1  free  transition at x/c =  0.5365   46
 Side 2  free  transition at x/c =  0.0275   15

 112   rms: 0.1764E+05   max: -.2047E+06   C at   18  2   RLX: 0.000
       a = -1.000      CL = -0.1029
      Cm =  0.0586     CD =  0.00000   =>   CDf =  0.00317    CDp = -0.00317

 MRCHDU: Convergence failed at 100  side 2    Res =  0.1340E-01
 MRCHDU: Convergence failed at 101  side 2    Res =  0.8903E-01
 MRCHDU: Convergence failed at 102  side 2    Res =  0.2380E-01
 MRCHDU: Convergence failed at 103  side 2    Res =  0.1321E-01
 MRCHDU: Convergence failed at 104  side 2    Res =  0.1761E-01
 MRCHDU: Convergence failed at 105  side 2    Res =  0.1547E-01
 MRCHDU: Convergence failed at 106  side 2    Res =  0.9931E-03
 Side 1  free  transition at x/c =  0.5365   46
 Side 2  free  transition at x/c =  0.0275   15

 113   rms: 0.4667E+05   max: 0.4929E+06   C at   18  2   RLX: 0.000
       a = -1.000      CL = -0.1029
      Cm =  0.0586     CD =  0.00000   =>   CDf =  0.00317    CDp = -0.00317

 MRCHDU: Convergence failed at 100  side 2    Res =  0.1325E-01
 MRCHDU: Convergence failed at 101  side 2    Res =  0.8929E-01
 MRCHDU: Convergence failed at 102  side 2    Res =  0.2443E-01
 MRCHDU: Convergence failed at 103  side 2    Res =  0.1421E-01
 MRCHDU: Convergence failed at 104  side 2    Res =  0.2564E-01
 MRCHDU: Convergence failed at 105  side 2    Res =  0.1435E+00
 MRCHDU: Convergence failed at 106  side 2    Res =  0.5844E-02
 Side 1  free  transition at x/c =  0.5365   46
 Side 2  free  transition at x/c =  0.0275   15

 114   rms: 0.1159E+05   max: -.1409E+06   C at   18  2   RLX: 0.000
       a = -1.000      CL = -0.1028
      Cm =  0.0585     CD =  0.00000   =>   CDf =  0.00317    CDp = -0.00317

 MRCHDU: Convergence failed at 100  side 2    Res =  0.1324E-01
 MRCHDU: Convergence failed at 101  side 2    Res =  0.8929E-01
 MRCHDU: Convergence failed at 102  side 2    Res =  0.2444E-01
 MRCHDU: Convergence failed at 103  side 2    Res =  0.1421E-01
 MRCHDU: Convergence failed at 104  side 2    Res =  0.2573E-01
 MRCHDU: Convergence failed at 105  side 2    Res =  0.8898E-01
 MRCHDU: Convergence failed at 106  side 2    Res =  0.4198E-02
 Side 1  free  transition at x/c =  0.5365   46
 Side 2  free  transition at x/c =  0.0275   15

 115   rms: 0.1403E+05   max: -.1650E+06   C at   18  2   RLX: 0.000
       a = -1.000      CL = -0.1027
      Cm =  0.0585     CD =  0.00000   =>   CDf =  0.00317    CDp = -0.00317

 MRCHDU: Convergence failed at 100  side 2    Res =  0.1324E-01
 MRCHDU: Convergence failed at 101  side 2    Res =  0.8930E-01
 MRCHDU: Convergence failed at 102  side 2    Res =  0.2444E-01
 MRCHDU: Convergence failed at 103  side 2    Res =  0.1422E-01
 MRCHDU: Convergence failed at 104  side 2    Res =  0.2578E-01
 MRCHDU: Convergence failed at 105  side 2    Res =  0.8742E-01
 MRCHDU: Convergence failed at 106  side 2    Res =  0.4108E-02
 Side 1  free  transition at x/c =  0.5365   46
 Side 2  free  transition at x/c =  0.0275   15

 116   rms: 0.1232E+05   max: 0.1413E+06   C at   18  2   RLX: 0.000
       a = -1.000      CL = -0.1027
      Cm =  0.0585     CD =  0.00000   =>   CDf =  0.00317    CDp = -0.00317

 MRCHDU: Convergence failed at 100  side 2    Res =  0.1318E-01
 MRCHDU: Convergence failed at 101  side 2    Res =  0.8928E-01
 MRCHDU: Convergence failed at 102  side 2    Res =  0.2444E-01
 MRCHDU: Convergence failed at 103  side 2    Res =  0.1421E-01
 MRCHDU: Convergence failed at 104  side 2    Res =  0.2575E-01
 MRCHDU: Convergence failed at 105  side 2    Res =  0.8827E-01
 MRCHDU: Convergence failed at 106  side 2    Res =  0.4157E-02
 Side 1  free  transition at x/c =  0.5365   46
 Side 2  free  transition at x/c =  0.0275   15

 117   rms: 0.6503E+04   max: 0.7991E+05   C at   18  2   RLX: 0.000
       a = -1.000      CL = -0.1025
      Cm =  0.0585     CD =  0.00000   =>   CDf =  0.00317    CDp = -0.00317

 MRCHDU: Convergence failed at 100  side 2    Res =  0.1283E-01
 MRCHDU: Convergence failed at 101  side 2    Res =  0.8910E-01
 MRCHDU: Convergence failed at 102  side 2    Res =  0.2441E-01
 MRCHDU: Convergence failed at 103  side 2    Res =  0.1420E-01
 MRCHDU: Convergence failed at 104  side 2    Res =  0.2556E-01
 MRCHDU: Convergence failed at 105  side 2    Res =  0.9556E-01
 MRCHDU: Convergence failed at 106  side 2    Res =  0.4563E-02
 Side 1  free  transition at x/c =  0.5365   46
 Side 2  free  transition at x/c =  0.0275   15

 118   rms: 0.5369E+03   max: -.7220E+04   C at   18  2   RLX: 0.000
       a = -1.000      CL = -0.1017
      Cm =  0.0583     CD =  0.00000   =>   CDf =  0.00317    CDp = -0.00317

 MRCHDU: Convergence failed at 100  side 2    Res =  0.1252E-01
 MRCHDU: Convergence failed at 101  side 2    Res =  0.8906E-01
 MRCHDU: Convergence failed at 102  side 2    Res =  0.2443E-01
 MRCHDU: Convergence failed at 103  side 2    Res =  0.1423E-01
 MRCHDU: Convergence failed at 104  side 2    Res =  0.2603E-01
 MRCHDU: Convergence failed at 105  side 2    Res =  0.7995E-01
 MRCHDU: Convergence failed at 106  side 2    Res =  0.3607E-02
 Side 1  free  transition at x/c =  0.5365   46
 Side 2  free  transition at x/c =  0.0275   15

 119   rms: 0.1553E+04   max: 0.2004E+05   C at   18  2   RLX: 0.000
       a = -1.000      CL = -0.1014
      Cm =  0.0582     CD =  0.00000   =>   CDf =  0.00317    CDp = -0.00317

 MRCHDU: Convergence failed at 100  side 2    Res =  0.1127E-01
 MRCHDU: Convergence failed at 101  side 2    Res =  0.8845E-01
 MRCHDU: Convergence failed at 102  side 2    Res =  0.2437E-01
 MRCHDU: Convergence failed at 103  side 2    Res =  0.1419E-01
 MRCHDU: Convergence failed at 104  side 2    Res =  0.2573E-01
 MRCHDU: Convergence failed at 105  side 2    Res =  0.9097E-01
 MRCHDU: Convergence failed at 106  side 2    Res =  0.4175E-02
 Side 1  free  transition at x/c =  0.5364   46
 Side 2  free  transition at x/c =  0.0275   15

 120   rms: 0.2218E+03   max: -.3050E+04   C at   18  2   RLX: 0.000
       a = -1.000      CL = -0.0999
      Cm =  0.0579     CD =  0.00000   =>   CDf =  0.00317    CDp = -0.00317

 MRCHDU: Convergence failed at 100  side 2    Res =  0.1094E-01
 MRCHDU: Convergence failed at 101  side 2    Res =  0.8850E-01
 MRCHDU: Convergence failed at 102  side 2    Res =  0.2441E-01
 MRCHDU: Convergence failed at 103  side 2    Res =  0.1425E-01
 MRCHDU: Convergence failed at 104  side 2    Res =  0.2664E-01
 MRCHDU: Convergence failed at 105  side 2    Res =  0.6567E-01
 MRCHDU: Convergence failed at 106  side 2    Res =  0.2633E-02
 Side 1  free  transition at x/c =  0.5364   46
 Side 2  free  transition at x/c =  0.0275   15

 121   rms: 0.6096E+03   max: -.8177E+04   C at   18  2   RLX: 0.000
       a = -1.000      CL = -0.0994
      Cm =  0.0578     CD =  0.00000   =>   CDf =  0.00317    CDp = -0.00317

 MRCHDU: Convergence failed at 100  side 2    Res =  0.1036E-01
 MRCHDU: Convergence failed at 101  side 2    Res =  0.8827E-01
 MRCHDU: Convergence failed at 102  side 2    Res =  0.2440E-01
 MRCHDU: Convergence failed at 103  side 2    Res =  0.1427E-01
 MRCHDU: Convergence failed at 104  side 2    Res =  0.2697E-01
 MRCHDU: Convergence failed at 105  side 2    Res =  0.5503E-01
 MRCHDU: Convergence failed at 106  side 2    Res =  0.2083E-02
 Side 1  free  transition at x/c =  0.5364   46
 Side 2  free  transition at x/c =  0.0275   15

 122   rms: 0.3155E+03   max: 0.4035E+04   C at   18  2   RLX: 0.000
       a = -1.000      CL = -0.0991
      Cm =  0.0578     CD =  0.00000   =>   CDf =  0.00317    CDp = -0.00317

 MRCHDU: Convergence failed at 100  side 2    Res =  0.7206E-02
 MRCHDU: Convergence failed at 101  side 2    Res =  0.8683E-01
 MRCHDU: Convergence failed at 102  side 2    Res =  0.2430E-01
 MRCHDU: Convergence failed at 103  side 2    Res =  0.1427E-01
 MRCHDU: Convergence failed at 104  side 2    Res =  0.2757E-01
 MRCHDU: Convergence failed at 105  side 2    Res =  0.3606E-01
 MRCHDU: Convergence failed at 106  side 2    Res =  0.1025E-02
 Side 1  free  transition at x/c =  0.5364   46
 Side 2  free  transition at x/c =  0.0275   15

 123   rms: 0.1404E+04   max: -.3392E+05   T at  106  2   RLX: 0.000
       a = -1.000      CL = -0.0982
      Cm =  0.0577     CD =  0.00000   =>   CDf =  0.00318    CDp = -0.00318

 MRCHDU: Convergence failed at 100  side 2    Res =  0.7196E-02
 MRCHDU: Convergence failed at 101  side 2    Res =  0.8684E-01
 MRCHDU: Convergence failed at 102  side 2    Res =  0.2430E-01
 MRCHDU: Convergence failed at 103  side 2    Res =  0.1425E-01
 MRCHDU: Convergence failed at 104  side 2    Res =  0.2732E-01
 MRCHDU: Convergence failed at 105  side 2    Res =  0.2113E-01
 MRCHDU: Convergence failed at 106  side 2    Res =  0.3148E-03
 Side 1  free  transition at x/c =  0.5364   46
 Side 2  free  transition at x/c =  0.0275   15

 124   rms: 0.2673E+03   max: 0.4913E+04   T at  106  2   RLX: 0.000
       a = -1.000      CL = -0.0980
      Cm =  0.0577     CD =  0.00000   =>   CDf =  0.00318    CDp = -0.00318

 MRCHDU: Convergence failed at  26  side 2    Res =  0.9950E+00
 MRCHDU: Convergence failed at  27  side 2    Res =  0.3552E+00
 MRCHDU: Convergence failed at 100  side 2    Res =  0.1138E-01
 MRCHDU: Convergence failed at 101  side 2    Res =  0.8950E-01
 MRCHDU: Convergence failed at 102  side 2    Res =  0.2468E-01
 MRCHDU: Convergence failed at 103  side 2    Res =  0.1465E-01
 MRCHDU: Convergence failed at 104  side 2    Res =  0.3405E-01
 MRCHDU: Convergence failed at 105  side 2    Res =  0.1232E+01
 MRCHDU: Convergence failed at 106  side 2    Res =  0.1530E-02
 Side 1  free  transition at x/c =  0.5364   46
 Side 2  free  transition at x/c =  0.0275   15

 125   rms: 0.1213E+04   max: -.1339E+05   T at  106  2   RLX: 0.000
       a = -1.000      CL = -0.0974
      Cm =  0.0574     CD =  0.00000   =>   CDf =  0.00318    CDp = -0.00318

 MRCHDU: Convergence failed at  28  side 2    Res =  0.1537E+00
 MRCHDU: Convergence failed at 100  side 2    Res =  0.9111E-02
 MRCHDU: Convergence failed at 101  side 2    Res =  0.8842E-01
 MRCHDU: Convergence failed at 102  side 2    Res =  0.2470E-01
 MRCHDU: Convergence failed at 103  side 2    Res =  0.1481E-01
 MRCHDU: Convergence failed at 104  side 2    Res =  0.4214E-01
 MRCHDU: Convergence failed at 105  side 2    Res =  0.1433E+00
 MRCHDU: Convergence failed at 106  side 2    Res =  0.4967E-03
 Side 1  free  transition at x/c =  0.5365   46
 Side 2  free  transition at x/c =  0.0275   15

 126   rms: 0.1351E+03   max: -.3296E+04   C at   29  2   RLX: 0.000
       a = -1.000      CL = -0.0971
      Cm =  0.0574     CD =  0.00000   =>   CDf =  0.00318    CDp = -0.00318

 MRCHDU: Convergence failed at  28  side 2    Res =  0.1281E+00
 MRCHDU: Convergence failed at  29  side 2    Res =  0.1087E+00
 MRCHDU: Convergence failed at 100  side 2    Res =  0.9820E-02
 MRCHDU: Convergence failed at 101  side 2    Res =  0.8890E-01
 MRCHDU: Convergence failed at 102  side 2    Res =  0.2475E-01
 MRCHDU: Convergence failed at 103  side 2    Res =  0.1486E-01
 MRCHDU: Convergence failed at 104  side 2    Res =  0.4551E-01
 Side 1  free  transition at x/c =  0.5365   46
 Side 2  free  transition at x/c =  0.0275   15

 127   rms: 0.1125E+03   max: 0.1871E+04   C at   30  2   RLX: 0.000
       a = -1.000      CL = -0.0969
      Cm =  0.0574     CD =  0.00000   =>   CDf =  0.00318    CDp = -0.00318

 MRCHDU: Convergence failed at  28  side 2    Res =  0.3791E+02
 MRCHDU: Convergence failed at  29  side 2    Res =  0.1655E+00
 MRCHDU: Convergence failed at 100  side 2    Res =  0.1043E-01
 MRCHDU: Convergence failed at 101  side 2    Res =  0.8942E-01
 MRCHDU: Convergence failed at 102  side 2    Res =  0.2479E-01
 MRCHDU: Convergence failed at 103  side 2    Res =  0.1488E-01
 MRCHDU: Convergence failed at 104  side 2    Res =  0.4780E-01
 MRCHDU: Convergence failed at 105  side 2    Res =  0.5808E-02
 Side 1  free  transition at x/c =  0.5364   46
 Side 2  free  transition at x/c =  0.0275   15

 128   rms: 0.5856E+02   max: -.1051E+04   T at  106  2   RLX: 0.000
       a = -1.000      CL = -0.0968
      Cm =  0.0573     CD =  0.00000   =>   CDf =  0.00318    CDp = -0.00318

 MRCHDU: Convergence failed at  28  side 2    Res =  0.2772E+00
 MRCHDU: Convergence failed at  29  side 2    Res =  0.1338E+00
 MRCHDU: Convergence failed at 100  side 2    Res =  0.9386E-02
 MRCHDU: Convergence failed at 101  side 2    Res =  0.8912E-01
 MRCHDU: Convergence failed at 102  side 2    Res =  0.2476E-01
 MRCHDU: Convergence failed at 103  side 2    Res =  0.1488E-01
 MRCHDU: Convergence failed at 104  side 2    Res =  0.4931E-01
 Side 1  free  transition at x/c =  0.5362   46
 Side 2  free  transition at x/c =  0.0275   15

 129   rms: 0.1027E+03   max: -.1787E+04   C at  105  2   RLX: 0.000
       a = -1.000      CL = -0.0967
      Cm =  0.0574     CD =  0.00000   =>   CDf =  0.00317    CDp = -0.00317

 MRCHDU: Convergence failed at  28  side 2    Res =  0.2051E+00
 MRCHDU: Convergence failed at  29  side 2    Res =  0.1286E+00
 MRCHDU: Convergence failed at 100  side 2    Res =  0.8968E-02
 MRCHDU: Convergence failed at 101  side 2    Res =  0.8905E-01
 MRCHDU: Convergence failed at 102  side 2    Res =  0.2475E-01
 MRCHDU: Convergence failed at 103  side 2    Res =  0.1488E-01
 MRCHDU: Convergence failed at 104  side 2    Res =  0.5065E-01
 Side 1  free  transition at x/c =  0.5362   46
 Side 2  free  transition at x/c =  0.0275   15

 130   rms: 0.7073E+03   max: -.1352E+05   C at  105  2   RLX: 0.000
       a = -1.000      CL = -0.0968
      Cm =  0.0574     CD =  0.00000   =>   CDf =  0.00317    CDp = -0.00317

 MRCHDU: Convergence failed at  28  side 2    Res =  0.1305E+00
 MRCHDU: Convergence failed at  29  side 2    Res =  0.1309E+00
 MRCHDU: Convergence failed at 100  side 2    Res =  0.9047E-02
 MRCHDU: Convergence failed at 101  side 2    Res =  0.8911E-01
 MRCHDU: Convergence failed at 102  side 2    Res =  0.2476E-01
 MRCHDU: Convergence failed at 103  side 2    Res =  0.1489E-01
 MRCHDU: Convergence failed at 104  side 2    Res =  0.5141E-01
 Side 1  free  transition at x/c =  0.5362   46
 Side 2  free  transition at x/c =  0.0275   15

 131   rms: 0.2208E+04   max: 0.4209E+05   C at  106  2   RLX: 0.000
       a = -1.000      CL = -0.0968
      Cm =  0.0574     CD =  0.00000   =>   CDf =  0.00317    CDp = -0.00317

 MRCHDU: Convergence failed at  28  side 2    Res =  0.2727E+00
 MRCHDU: Convergence failed at  29  side 2    Res =  0.1187E+00
 MRCHDU: Convergence failed at 100  side 2    Res =  0.8939E-02
 MRCHDU: Convergence failed at 101  side 2    Res =  0.8902E-01
 MRCHDU: Convergence failed at 102  side 2    Res =  0.2475E-01
 MRCHDU: Convergence failed at 103  side 2    Res =  0.1488E-01
 MRCHDU: Convergence failed at 104  side 2    Res =  0.5001E-01
 MRCHDU: Convergence failed at 105  side 2    Res =  0.1737E+00
 MRCHDU: Convergence failed at 106  side 2    Res =  0.2368E-04
 Side 1  free  transition at x/c =  0.5362   46
 Side 2  free  transition at x/c =  0.0275   15

 132   rms: 0.2064E+03   max: -.4616E+04   T at  106  2   RLX: 0.000
       a = -1.000      CL = -0.0969
      Cm =  0.0575     CD =  0.00000   =>   CDf =  0.00317    CDp = -0.00317

 MRCHDU: Convergence failed at  28  side 2    Res =  0.1276E+00
 MRCHDU: Convergence failed at  29  side 2    Res =  0.1746E+00
 MRCHDU: Convergence failed at 100  side 2    Res =  0.8897E-02
 MRCHDU: Convergence failed at 101  side 2    Res =  0.8907E-01
 MRCHDU: Convergence failed at 102  side 2    Res =  0.2476E-01
 MRCHDU: Convergence failed at 103  side 2    Res =  0.1490E-01
 MRCHDU: Convergence failed at 104  side 2    Res =  0.6985E-01
 Side 1  free  transition at x/c =  0.5362   46
 Side 2  free  transition at x/c =  0.0275   15

 133   rms: 0.2611E+03   max: -.4849E+04   T at  106  2   RLX: 0.000
       a = -1.000      CL = -0.0969
      Cm =  0.0575     CD =  0.00000   =>   CDf =  0.00317    CDp = -0.00317

 MRCHDU: Convergence failed at  28  side 2    Res =  0.1373E+01
 MRCHDU: Convergence failed at  29  side 2    Res =  0.1206E+00
 MRCHDU: Convergence failed at 100  side 2    Res =  0.8867E-02
 MRCHDU: Convergence failed at 101  side 2    Res =  0.8911E-01
 MRCHDU: Convergence failed at 102  side 2    Res =  0.2475E-01
 MRCHDU: Convergence failed at 103  side 2    Res =  0.1487E-01
 MRCHDU: Convergence failed at 104  side 2    Res =  0.7316E-01
 MRCHDU: Convergence failed at 105  side 2    Res =  0.2677E+00
 Side 1  free  transition at x/c =  0.5361   46
 Side 2  free  transition at x/c =  0.0275   15

 134   rms: 0.3369E+03   max: 0.6681E+04   T at  106  2   RLX: 0.000
       a = -1.000      CL = -0.0967
      Cm =  0.0574     CD =  0.00000   =>   CDf =  0.00317    CDp = -0.00317

 MRCHDU: Convergence failed at  28  side 2    Res =  0.2191E+00
 MRCHDU: Convergence failed at  29  side 2    Res =  0.1829E+00
 MRCHDU: Convergence failed at 100  side 2    Res =  0.8805E-02
 MRCHDU: Convergence failed at 101  side 2    Res =  0.8920E-01
 MRCHDU: Convergence failed at 102  side 2    Res =  0.2475E-01
 MRCHDU: Convergence failed at 103  side 2    Res =  0.1487E-01
 MRCHDU: Convergence failed at 104  side 2    Res =  0.7433E-01
 Side 1  free  transition at x/c =  0.5361   46
 Side 2  free  transition at x/c =  0.0275   15

 135   rms: 0.2688E+03   max: -.5148E+04   T at  106  2   RLX: 0.000
       a = -1.000      CL = -0.0966
      Cm =  0.0574     CD =  0.00000   =>   CDf =  0.00317    CDp = -0.00317

 MRCHDU: Convergence failed at  28  side 2    Res =  0.2934E+00
 MRCHDU: Convergence failed at  29  side 2    Res =  0.1218E+00
 MRCHDU: Convergence failed at 100  side 2    Res =  0.8772E-02
 MRCHDU: Convergence failed at 101  side 2    Res =  0.8940E-01
 MRCHDU: Convergence failed at 102  side 2    Res =  0.2507E-01
 MRCHDU: Convergence failed at 103  side 2    Res =  0.1548E-01
 MRCHDU: Convergence failed at 104  side 2    Res =  0.3497E-01
 Side 1  free  transition at x/c =  0.5361   46
 Side 2  free  transition at x/c =  0.0275   15

 136   rms: 0.8383E+03   max: -.1490E+05   T at  106  2   RLX: 0.000
       a = -1.000      CL = -0.0966
      Cm =  0.0574     CD =  0.00000   =>   CDf =  0.00317    CDp = -0.00317

 MRCHDU: Convergence failed at  28  side 2    Res =  0.1367E+01
 MRCHDU: Convergence failed at  29  side 2    Res =  0.1220E+00
 MRCHDU: Convergence failed at 100  side 2    Res =  0.8768E-02
 MRCHDU: Convergence failed at 101  side 2    Res =  0.8932E-01
 MRCHDU: Convergence failed at 102  side 2    Res =  0.2484E-01
 MRCHDU: Convergence failed at 103  side 2    Res =  0.1502E-01
 MRCHDU: Convergence failed at 104  side 2    Res =  0.2189E-01
 MRCHDU: Convergence failed at 105  side 2    Res =  0.5485E-01
 Side 1  free  transition at x/c =  0.5361   46
 Side 2  free  transition at x/c =  0.0275   15

 137   rms: 0.2087E+03   max: 0.3775E+04   T at  106  2   RLX: 0.000
       a = -1.000      CL = -0.0963
      Cm =  0.0573     CD =  0.00000   =>   CDf =  0.00317    CDp = -0.00317

 MRCHDU: Convergence failed at  28  side 2    Res =  0.1232E+00
 MRCHDU: Convergence failed at  29  side 2    Res =  0.1197E+01
 MRCHDU: Convergence failed at 100  side 2    Res =  0.8693E-02
 MRCHDU: Convergence failed at 101  side 2    Res =  0.8943E-01
 MRCHDU: Convergence failed at 102  side 2    Res =  0.2467E-01
 MRCHDU: Convergence failed at 103  side 2    Res =  0.1469E-01
 MRCHDU: Convergence failed at 104  side 2    Res =  0.1899E-01
 Side 1  free  transition at x/c =  0.5360   46
 Side 2  free  transition at x/c =  0.0275   15

 138   rms: 0.2228E+03   max: -.4233E+04   T at  106  2   RLX: 0.000
       a = -1.000      CL = -0.0962
      Cm =  0.0573     CD =  0.00000   =>   CDf =  0.00317    CDp = -0.00317

 MRCHDU: Convergence failed at  28  side 2    Res =  0.5550E+00
 MRCHDU: Convergence failed at  29  side 2    Res =  0.1242E+00
 MRCHDU: Convergence failed at 100  side 2    Res =  0.8690E-02
 MRCHDU: Convergence failed at 101  side 2    Res =  0.8923E-01
 MRCHDU: Convergence failed at 102  side 2    Res =  0.2410E-01
 MRCHDU: Convergence failed at 103  side 2    Res =  0.1369E-01
 MRCHDU: Convergence failed at 104  side 2    Res =  0.1344E-01
 MRCHDU: Convergence failed at 105  side 2    Res =  0.1315E+00
 Side 1  free  transition at x/c =  0.5360   46
 Side 2  free  transition at x/c =  0.0275   15

 139   rms: 0.6066E+04   max: 0.1035E+06   T at  106  2   RLX: 0.000
       a = -1.000      CL = -0.0963
      Cm =  0.0573     CD =  0.00000   =>   CDf =  0.00317    CDp = -0.00317

 MRCHDU: Convergence failed at  28  side 2    Res =  0.3263E+00
 MRCHDU: Convergence failed at  29  side 2    Res =  0.1243E+00
 MRCHDU: Convergence failed at 100  side 2    Res =  0.8628E-02
 MRCHDU: Convergence failed at 101  side 2    Res =  0.9045E-01
 MRCHDU: Convergence failed at 102  side 2    Res =  0.2681E-01
 MRCHDU: Convergence failed at 103  side 2    Res =  0.1884E-01
 MRCHDU: Convergence failed at 104  side 2    Res =  0.8101E-01
 Side 1  free  transition at x/c =  0.5359   46
 Side 2  free  transition at x/c =  0.0275   15

 140   rms: 0.7848E+03   max: -.1447E+05   T at  106  2   RLX: 0.000
       a = -1.000      CL = -0.0962
      Cm =  0.0573     CD =  0.00000   =>   CDf =  0.00317    CDp = -0.00317

 MRCHDU: Convergence failed at  28  side 2    Res =  0.2837E+00
 MRCHDU: Convergence failed at  29  side 2    Res =  0.1244E+00
 MRCHDU: Convergence failed at 100  side 2    Res =  0.8616E-02
 MRCHDU: Convergence failed at 101  side 2    Res =  0.9064E-01
 MRCHDU: Convergence failed at 102  side 2    Res =  0.2731E-01
 MRCHDU: Convergence failed at 103  side 2    Res =  0.2030E-01
 MRCHDU: Convergence failed at 104  side 2    Res =  0.3385E-01
 Side 1  free  transition at x/c =  0.5359   46
 Side 2  free  transition at x/c =  0.0275   15

 141   rms: 0.3465E+04   max: 0.5729E+05   C at  106  2   RLX: 0.000
       a = -1.000      CL = -0.0962
      Cm =  0.0573     CD =  0.00000   =>   CDf =  0.00317    CDp = -0.00317

 MRCHDU: Convergence failed at  28  side 2    Res =  0.2644E+00
 MRCHDU: Convergence failed at  29  side 2    Res =  0.1246E+00
 MRCHDU: Convergence failed at 100  side 2    Res =  0.8614E-02
 MRCHDU: Convergence failed at 101  side 2    Res =  0.9066E-01
 MRCHDU: Convergence failed at 102  side 2    Res =  0.2736E-01
 MRCHDU: Convergence failed at 103  side 2    Res =  0.2046E-01
 MRCHDU: Convergence failed at 104  side 2    Res =  0.4131E-01
 Side 1  free  transition at x/c =  0.5359   46
 Side 2  free  transition at x/c =  0.0275   15

 142   rms: 0.2156E+03   max: -.4099E+04   T at  106  2   RLX: 0.000
       a = -1.000      CL = -0.0961
      Cm =  0.0573     CD =  0.00000   =>   CDf =  0.00317    CDp = -0.00317

 MRCHDU: Convergence failed at  28  side 2    Res =  0.1566E+01
 MRCHDU: Convergence failed at  29  side 2    Res =  0.1254E+00
 MRCHDU: Convergence failed at 100  side 2    Res =  0.8609E-02
 MRCHDU: Convergence failed at 101  side 2    Res =  0.9072E-01
 MRCHDU: Convergence failed at 102  side 2    Res =  0.2731E-01
 MRCHDU: Convergence failed at 103  side 2    Res =  0.2028E-01
 MRCHDU: Convergence failed at 104  side 2    Res =  0.1929E-01
 MRCHDU: Convergence failed at 105  side 2    Res =  0.1789E+00
 Side 1  free  transition at x/c =  0.5359   46
 Side 2  free  transition at x/c =  0.0275   15

 143   rms: 0.3316E+04   max: 0.6179E+05   T at  106  2   RLX: 0.000
       a = -1.000      CL = -0.0961
      Cm =  0.0573     CD =  0.00000   =>   CDf =  0.00317    CDp = -0.00317

 MRCHDU: Convergence failed at  28  side 2    Res =  0.1691E+00
 MRCHDU: Convergence failed at  29  side 2    Res =  0.1256E+00
 MRCHDU: Convergence failed at 100  side 2    Res =  0.8597E-02
 MRCHDU: Convergence failed at 101  side 2    Res =  0.9103E-01
 MRCHDU: Convergence failed at 102  side 2    Res =  0.2832E-01
 MRCHDU: Convergence failed at 103  side 2    Res =  0.2394E-01
 MRCHDU: Convergence failed at 104  side 2    Res =  0.8642E-01
 Side 1  free  transition at x/c =  0.5359   46
 Side 2  free  transition at x/c =  0.0275   15

 144   rms: 0.2416E+03   max: -.4696E+04   T at  106  2   RLX: 0.000
       a = -1.000      CL = -0.0960
      Cm =  0.0572     CD =  0.00000   =>   CDf =  0.00317    CDp = -0.00317

 MRCHDU: Convergence failed at  28  side 2    Res =  0.1323E+01
 MRCHDU: Convergence failed at  29  side 2    Res =  0.1265E+00
 MRCHDU: Convergence failed at 100  side 2    Res =  0.8601E-02
 MRCHDU: Convergence failed at 101  side 2    Res =  0.9123E-01
 MRCHDU: Convergence failed at 102  side 2    Res =  0.2877E-01
 MRCHDU: Convergence failed at 103  side 2    Res =  0.2619E-01
 MRCHDU: Convergence failed at 104  side 2    Res =  0.3728E-01
 MRCHDU: Convergence failed at 105  side 2    Res =  0.5007E+00
 Side 1  free  transition at x/c =  0.5359   46
 Side 2  free  transition at x/c =  0.0275   15

 145   rms: 0.9045E+03   max: 0.1831E+05   T at  106  2   RLX: 0.000
       a = -1.000      CL = -0.0960
      Cm =  0.0572     CD =  0.00000   =>   CDf =  0.00317    CDp = -0.00317

 MRCHDU: Convergence failed at  28  side 2    Res =  0.1272E+00
 MRCHDU: Convergence failed at  29  side 2    Res =  0.1275E+00
 MRCHDU: Convergence failed at 100  side 2    Res =  0.8628E-02
 MRCHDU: Convergence failed at 101  side 2    Res =  0.9128E-01
 MRCHDU: Convergence failed at 102  side 2    Res =  0.2880E-01
 MRCHDU: Convergence failed at 103  side 2    Res =  0.2633E-01
 MRCHDU: Convergence failed at 104  side 2    Res =  0.5679E-01
 Side 1  free  transition at x/c =  0.5358   46
 Side 2  free  transition at x/c =  0.0275   15

 146   rms: 0.1302E+03   max: -.2725E+04   T at  106  2   RLX: 0.000
       a = -1.000      CL = -0.0958
      Cm =  0.0572     CD =  0.00000   =>   CDf =  0.00317    CDp = -0.00317

 MRCHDU: Convergence failed at  28  side 2    Res =  0.1302E+00
 MRCHDU: Convergence failed at  29  side 2    Res =  0.1927E+00
 MRCHDU: Convergence failed at 100  side 2    Res =  0.8768E-02
 MRCHDU: Convergence failed at 101  side 2    Res =  0.9151E-01
 MRCHDU: Convergence failed at 102  side 2    Res =  0.2895E-01
 MRCHDU: Convergence failed at 103  side 2    Res =  0.2718E-01
 MRCHDU: Convergence failed at 104  side 2    Res =  0.3280E-01
 MRCHDU: Convergence failed at 105  side 2    Res =  0.2072E+00
 Side 1  free  transition at x/c =  0.5358   46
 Side 2  free  transition at x/c =  0.0275   15

 147   rms: 0.2479E+03   max: -.4160E+04   T at  106  2   RLX: 0.000
       a = -1.000      CL = -0.0959
      Cm =  0.0572     CD =  0.00000   =>   CDf =  0.00317    CDp = -0.00317

 MRCHDU: Convergence failed at  28  side 2    Res =  0.1404E+01
 MRCHDU: Convergence failed at  29  side 2    Res =  0.1781E+00
 MRCHDU: Convergence failed at 100  side 2    Res =  0.4287E-02
 MRCHDU: Convergence failed at 101  side 2    Res =  0.8910E-01
 MRCHDU: Convergence failed at 102  side 2    Res =  0.2870E-01
 MRCHDU: Convergence failed at 103  side 2    Res =  0.2686E-01
 MRCHDU: Convergence failed at 104  side 2    Res =  0.2737E-01
 MRCHDU: Convergence failed at 105  side 2    Res =  0.8477E-02
 Side 1  free  transition at x/c =  0.5358   46
 Side 2  free  transition at x/c =  0.0275   15

 148   rms: 0.7191E+03   max: 0.1202E+05   T at  106  2   RLX: 0.000
       a = -1.000      CL = -0.0955
      Cm =  0.0571     CD =  0.00000   =>   CDf =  0.00317    CDp = -0.00317

 MRCHDU: Convergence failed at  28  side 2    Res =  0.1462E+00
 MRCHDU: Convergence failed at  29  side 2    Res =  0.4138E+00
 MRCHDU: Convergence failed at 100  side 2    Res =  0.4221E-02
 MRCHDU: Convergence failed at 101  side 2    Res =  0.8925E-01
 MRCHDU: Convergence failed at 102  side 2    Res =  0.2925E-01
 MRCHDU: Convergence failed at 103  side 2    Res =  0.3076E-01
 MRCHDU: Convergence failed at 104  side 2    Res =  0.1022E+00
 Side 1  free  transition at x/c =  0.5358   46
 Side 2  free  transition at x/c =  0.0275   15

 149   rms: 0.3323E+03   max: 0.5968E+04   T at  106  2   RLX: 0.000
       a = -1.000      CL = -0.0954
      Cm =  0.0571     CD =  0.00000   =>   CDf =  0.00317    CDp = -0.00317

 MRCHDU: Convergence failed at  28  side 2    Res =  0.1336E+00
 MRCHDU: Convergence failed at  29  side 2    Res =  0.1525E+01
 MRCHDU: Convergence failed at 100  side 2    Res =  0.4120E-02
 MRCHDU: Convergence failed at 101  side 2    Res =  0.8871E-01
 MRCHDU: Convergence failed at 102  side 2    Res =  0.2677E-01
 MRCHDU: Convergence failed at 103  side 2    Res =  0.1550E-01
 MRCHDU: Convergence failed at 104  side 2    Res =  0.1453E+00
 Side 1  free  transition at x/c =  0.5357   46
 Side 2  free  transition at x/c =  0.0275   15

 150   rms: 0.5030E+02   max: -.1052E+04   T at  106  2   RLX: 0.000
       a = -1.000      CL = -0.0951
      Cm =  0.0570     CD =  0.00000   =>   CDf =  0.00317    CDp = -0.00317

 MRCHDU: Convergence failed at  28  side 2    Res =  0.1544E+00
 MRCHDU: Convergence failed at  29  side 2    Res =  0.1698E+00
 MRCHDU: Convergence failed at 100  side 2    Res =  0.3895E-02
 MRCHDU: Convergence failed at 101  side 2    Res =  0.8848E-01
 MRCHDU: Convergence failed at 102  side 2    Res =  0.2571E-01
 MRCHDU: Convergence failed at 103  side 2    Res =  0.1363E-01
 MRCHDU: Convergence failed at 104  side 2    Res =  0.8568E-02
 Side 1  free  transition at x/c =  0.5356   46
 Side 2  free  transition at x/c =  0.0275   15

 151   rms: 0.1177E+03   max: -.1877E+04   T at  106  2   RLX: 0.000
       a = -1.000      CL = -0.0949
      Cm =  0.0569     CD =  0.00000   =>   CDf =  0.00317    CDp = -0.00317

 MRCHDU: Convergence failed at  28  side 2    Res =  0.1201E+00
 MRCHDU: Convergence failed at  29  side 2    Res =  0.1110E+00
 MRCHDU: Convergence failed at 100  side 2    Res =  0.3756E-02
 MRCHDU: Convergence failed at 101  side 2    Res =  0.8854E-01
 MRCHDU: Convergence failed at 102  side 2    Res =  0.2566E-01
 MRCHDU: Convergence failed at 103  side 2    Res =  0.1356E-01
 MRCHDU: Convergence failed at 104  side 2    Res =  0.8454E-02
 MRCHDU: Convergence failed at 105  side 2    Res =  0.2272E+00
 Side 1  free  transition at x/c =  0.5355   46
 Side 2  free  transition at x/c =  0.0275   15

 152   rms: 0.1589E+03   max: -.2682E+04   T at  106  2   RLX: 0.000
       a = -1.000      CL = -0.0948
      Cm =  0.0569     CD =  0.00000   =>   CDf =  0.00317    CDp = -0.00317

 MRCHDU: Convergence failed at  28  side 2    Res =  0.1199E+00
 MRCHDU: Convergence failed at  29  side 2    Res =  0.1157E+01
 MRCHDU: Convergence failed at 100  side 2    Res =  0.3686E-02
 MRCHDU: Convergence failed at 101  side 2    Res =  0.8789E-01
 MRCHDU: Convergence failed at 102  side 2    Res =  0.2392E-01
 MRCHDU: Convergence failed at 103  side 2    Res =  0.1115E-01
 MRCHDU: Convergence failed at 104  side 2    Res =  0.5155E-02
 MRCHDU: Convergence failed at 105  side 2    Res =  0.2062E-02
 Side 1  free  transition at x/c =  0.5355   46
 Side 2  free  transition at x/c =  0.0275   15

 153   rms: 0.1100E+03   max: -.2083E+04   T at  105  2   RLX: 0.000
       a = -1.000      CL = -0.0946
      Cm =  0.0569     CD =  0.00000   =>   CDf =  0.00317    CDp = -0.00317

 MRCHDU: Convergence failed at  28  side 2    Res =  0.1306E+01
 MRCHDU: Convergence failed at  29  side 2    Res =  0.1154E+01
 MRCHDU: Convergence failed at 100  side 2    Res =  0.3613E-02
 MRCHDU: Convergence failed at 101  side 2    Res =  0.8664E-01
 MRCHDU: Convergence failed at 102  side 2    Res =  0.2142E-01
 MRCHDU: Convergence failed at 103  side 2    Res =  0.8535E-02
 MRCHDU: Convergence failed at 104  side 2    Res =  0.2836E-02
 MRCHDU: Convergence failed at 105  side 2    Res =  0.4926E-03
 Side 1  free  transition at x/c =  0.5355   46
 Side 2  free  transition at x/c =  0.0275   15

 154   rms: 0.7625E+02   max: -.1459E+04   T at  105  2   RLX: 0.000
       a = -1.000      CL = -0.0944
      Cm =  0.0568     CD =  0.00000   =>   CDf =  0.00317    CDp = -0.00317

 MRCHDU: Convergence failed at  28  side 2    Res =  0.1174E+00
 MRCHDU: Convergence failed at  29  side 2    Res =  0.1150E+01
 MRCHDU: Convergence failed at 100  side 2    Res =  0.3514E-02
 MRCHDU: Convergence failed at 101  side 2    Res =  0.8448E-01
 MRCHDU: Convergence failed at 102  side 2    Res =  0.1842E-01
 MRCHDU: Convergence failed at 103  side 2    Res =  0.6183E-02
 MRCHDU: Convergence failed at 104  side 2    Res =  0.1353E-02
 Side 1  free  transition at x/c =  0.5354   46
 Side 2  free  transition at x/c =  0.0275   15

 155   rms: 0.6492E+02   max: -.1054E+04   T at  104  2   RLX: 0.000
       a = -1.000      CL = -0.0940
      Cm =  0.0567     CD =  0.00000   =>   CDf =  0.00317    CDp = -0.00317

 MRCHDU: Convergence failed at  28  side 2    Res =  0.1174E+00
 MRCHDU: Convergence failed at  29  side 2    Res =  0.1791E+00
 MRCHDU: Convergence failed at 100  side 2    Res =  0.3436E-02
 MRCHDU: Convergence failed at 101  side 2    Res =  0.8007E-01
 MRCHDU: Convergence failed at 102  side 2    Res =  0.1447E-01
 MRCHDU: Convergence failed at 103  side 2    Res =  0.3801E-02
 MRCHDU: Convergence failed at 104  side 2    Res =  0.3064E-03
 Side 1  free  transition at x/c =  0.5353   46
 Side 2  free  transition at x/c =  0.0275   15

 156   rms: 0.6581E+02   max: -.1150E+04   T at  104  2   RLX: 0.000
       a = -1.000      CL = -0.0937
      Cm =  0.0566     CD =  0.00000   =>   CDf =  0.00317    CDp = -0.00317

 MRCHDU: Convergence failed at  28  side 2    Res =  0.1175E+00
 MRCHDU: Convergence failed at  29  side 2    Res =  0.1703E+00
 MRCHDU: Convergence failed at 100  side 2    Res =  0.3501E-02
 MRCHDU: Convergence failed at 101  side 2    Res =  0.7291E-01
 MRCHDU: Convergence failed at 102  side 2    Res =  0.1066E-01
 MRCHDU: Convergence failed at 103  side 2    Res =  0.2018E-02
 Side 1  free  transition at x/c =  0.5352   46
 Side 2  free  transition at x/c =  0.0275   15

 157   rms: 0.6904E+02   max: -.1036E+04   T at  104  2   RLX: 0.000
       a = -1.000      CL = -0.0934
      Cm =  0.0566     CD =  0.00000   =>   CDf =  0.00317    CDp = -0.00317

 MRCHDU: Convergence failed at  28  side 2    Res =  0.2769E+00
 MRCHDU: Convergence failed at  29  side 2    Res =  0.4112E+00
 MRCHDU: Convergence failed at 100  side 2    Res =  0.3782E-02
 MRCHDU: Convergence failed at 101  side 2    Res =  0.6110E-01
 MRCHDU: Convergence failed at 102  side 2    Res =  0.6823E-02
 MRCHDU: Convergence failed at 103  side 2    Res =  0.6241E-03
 Side 1  free  transition at x/c =  0.5351   46
 Side 2  free  transition at x/c =  0.0275   15

 158   rms: 0.8572E+02   max: -.1363E+04   T at  103  2   RLX: 0.000
       a = -1.000      CL = -0.0931
      Cm =  0.0565     CD =  0.00000   =>   CDf =  0.00317    CDp = -0.00317

 MRCHDU: Convergence failed at  28  side 2    Res =  0.2763E+00
 MRCHDU: Convergence failed at  29  side 2    Res =  0.1161E+00
 MRCHDU: Convergence failed at 100  side 2    Res =  0.4209E-02
 MRCHDU: Convergence failed at 101  side 2    Res =  0.4767E-01
 MRCHDU: Convergence failed at 102  side 2    Res =  0.4029E-02
 MRCHDU: Convergence failed at 103  side 2    Res =  0.4341E-04
 Side 1  free  transition at x/c =  0.5351   46
 Side 2  free  transition at x/c =  0.0275   15

 159   rms: 0.8560E+02   max: -.1232E+04   T at  103  2   RLX: 0.000
       a = -1.000      CL = -0.0928
      Cm =  0.0564     CD =  0.00000   =>   CDf =  0.00317    CDp = -0.00317

 MRCHDU: Convergence failed at  28  side 2    Res =  0.8383E+00
 MRCHDU: Convergence failed at  29  side 2    Res =  0.1212E+00
 MRCHDU: Convergence failed at 100  side 2    Res =  0.4468E-02
 MRCHDU: Convergence failed at 101  side 2    Res =  0.3341E-01
 MRCHDU: Convergence failed at 102  side 2    Res =  0.1877E-02
 Side 1  free  transition at x/c =  0.5350   46
 Side 2  free  transition at x/c =  0.0275   15

 160   rms: 0.6643E+02   max: -.9087E+03   T at  102  2   RLX: 0.001
       a = -1.000      CL = -0.0925
      Cm =  0.0563     CD =  0.00000   =>   CDf =  0.00317    CDp = -0.00317

 MRCHDU: Convergence failed at  28  side 2    Res =  0.1187E+00
 MRCHDU: Convergence failed at  29  side 2    Res =  0.4430E+00
 MRCHDU: Convergence failed at 100  side 2    Res =  0.3652E-02
 MRCHDU: Convergence failed at 101  side 2    Res =  0.2096E-01
 MRCHDU: Convergence failed at 102  side 2    Res =  0.5854E-03
 Side 1  free  transition at x/c =  0.5349   46
 Side 2  free  transition at x/c =  0.0275   15

 161   rms: 0.4052E+02   max: -.6155E+03   T at  102  2   RLX: 0.001
       a = -1.000      CL = -0.0919
      Cm =  0.0562     CD =  0.00000   =>   CDf =  0.00317    CDp = -0.00317

 MRCHDU: Convergence failed at  28  side 2    Res =  0.1204E+00
 MRCHDU: Convergence failed at  29  side 2    Res =  0.3295E+00
 MRCHDU: Convergence failed at 100  side 2    Res =  0.1098E-02
 MRCHDU: Convergence failed at 101  side 2    Res =  0.1253E-01
 MRCHDU: Convergence failed at 102  side 2    Res =  0.1429E-03
 Side 1  free  transition at x/c =  0.5348   46
 Side 2  free  transition at x/c =  0.0275   15

 162   rms: 0.2533E+02   max: -.3671E+03   T at  102  2   RLX: 0.001
       a = -1.000      CL = -0.0910
      Cm =  0.0560     CD =  0.00000   =>   CDf =  0.00317    CDp = -0.00317

 MRCHDU: Convergence failed at  28  side 2    Res =  0.1278E+01
 MRCHDU: Convergence failed at  29  side 2    Res =  0.1180E+00
 MRCHDU: Convergence failed at 101  side 2    Res =  0.2408E-02
 Side 1  free  transition at x/c =  0.5347   46
 Side 2  free  transition at x/c =  0.0275   15

 163   rms: 0.3266E+02   max: -.4308E+03   T at  102  2   RLX: 0.001
       a = -1.000      CL = -0.0902
      Cm =  0.0558     CD =  0.00000   =>   CDf =  0.00317    CDp = -0.00317

 MRCHDU: Convergence failed at  28  side 2    Res =  0.1373E+01
 MRCHDU: Convergence failed at  29  side 2    Res =  0.1308E+00
 Side 1  free  transition at x/c =  0.5345   46
 Side 2  free  transition at x/c =  0.0275   15

 164   rms: 0.1486E+02   max: 0.2278E+03   T at  101  2   RLX: 0.007
       a = -1.000      CL = -0.0858
      Cm =  0.0548     CD =  0.00000   =>   CDf =  0.00317    CDp = -0.00317

 MRCHDU: Convergence failed at  28  side 2    Res =  0.1016E+01
 MRCHDU: Convergence failed at  29  side 2    Res =  0.1396E+00
 MRCHDU: Convergence failed at 100  side 2    Res =  0.2834E+00
 MRCHDU: Convergence failed at 101  side 2    Res =  0.3329E-02
 MRCHDU: Convergence failed at 102  side 2    Res =  0.7326E-04
 Side 1  free  transition at x/c =  0.5344   46
 Side 2  free  transition at x/c =  0.0275   15

 165   rms: 0.2512E+02   max: -.3609E+03   T at  102  2   RLX: 0.001
       a = -1.000      CL = -0.0846
      Cm =  0.0545     CD =  0.00000   =>   CDf =  0.00317    CDp = -0.00317

 MRCHDU: Convergence failed at  28  side 2    Res =  0.6934E+00
 MRCHDU: Convergence failed at  29  side 2    Res =  0.1464E+00
 MRCHDU: Convergence failed at 100  side 2    Res =  0.3844E-01
 MRCHDU: Convergence failed at 101  side 2    Res =  0.7365E-02
 Side 1  free  transition at x/c =  0.5343   46
 Side 2  free  transition at x/c =  0.0275   15

 166   rms: 0.1603E+02   max: -.2136E+03   T at  102  2   RLX: 0.002
       a = -1.000      CL = -0.0831
      Cm =  0.0542     CD =  0.00000   =>   CDf =  0.00317    CDp = -0.00317

 MRCHDU: Convergence failed at  28  side 2    Res =  0.9940E+00
 MRCHDU: Convergence failed at  29  side 2    Res =  0.1378E+00
 MRCHDU: Convergence failed at 100  side 2    Res =  0.2234E-01
 MRCHDU: Convergence failed at 101  side 2    Res =  0.2790E-02
 Side 1  free  transition at x/c =  0.5340   46
 Side 2  free  transition at x/c =  0.0275   15

 167   rms: 0.3468E+02   max: -.5446E+03   T at  101  2   RLX: 0.001
       a = -1.000      CL = -0.0823
      Cm =  0.0540     CD =  0.00000   =>   CDf =  0.00317    CDp = -0.00317

 MRCHDU: Convergence failed at  28  side 2    Res =  0.1009E+01
 MRCHDU: Convergence failed at  29  side 2    Res =  0.1319E+01
 MRCHDU: Convergence failed at 100  side 2    Res =  0.9695E-02
 MRCHDU: Convergence failed at 101  side 2    Res =  0.8826E-03
 Side 1  free  transition at x/c =  0.5339   46
 Side 2  free  transition at x/c =  0.0275   15

 168   rms: 0.2001E+02   max: 0.2940E+03   T at  101  2   RLX: 0.005
       a = -1.000      CL = -0.0790
      Cm =  0.0532     CD =  0.00000   =>   CDf =  0.00317    CDp = -0.00317

 MRCHDU: Convergence failed at  28  side 2    Res =  0.2602E+00
 MRCHDU: Convergence failed at  29  side 2    Res =  0.1015E+00
 MRCHDU: Convergence failed at 100  side 2    Res =  0.1351E+00
 MRCHDU: Convergence failed at 101  side 2    Res =  0.2751E-02
 Side 1  free  transition at x/c =  0.5338   46
 Side 2  free  transition at x/c =  0.0275   15

 169   rms: 0.9456E+01   max: 0.1679E+03   T at  105  2   RLX: 0.005
       a = -1.000      CL = -0.0756
      Cm =  0.0525     CD =  0.00000   =>   CDf =  0.00317    CDp = -0.00317

 MRCHDU: Convergence failed at  28  side 2    Res =  0.9788E+00
 MRCHDU: Convergence failed at  29  side 2    Res =  0.2661E+00
 MRCHDU: Convergence failed at  99  side 2    Res =  0.5360E-03
 MRCHDU: Convergence failed at 100  side 2    Res =  0.5999E-01
 MRCHDU: Convergence failed at 101  side 2    Res =  0.1208E-02
 Side 1  free  transition at x/c =  0.5335   46
 Side 2  free  transition at x/c =  0.0275   15

 170   rms: 0.1541E+02   max: -.2478E+03   T at  101  2   RLX: 0.002
       a = -1.000      CL = -0.0741
      Cm =  0.0521     CD =  0.00000   =>   CDf =  0.00317    CDp = -0.00317

 MRCHDU: Convergence failed at  28  side 2    Res =  0.1005E+00
 MRCHDU: Convergence failed at  29  side 2    Res =  0.1108E+00
 MRCHDU: Convergence failed at  99  side 2    Res =  0.1777E-02
 MRCHDU: Convergence failed at 100  side 2    Res =  0.3529E-01
 MRCHDU: Convergence failed at 101  side 2    Res =  0.3957E-03
 Side 1  free  transition at x/c =  0.5333   46
 Side 2  free  transition at x/c =  0.0275   15

 171   rms: 0.9340E+04   max: -.2293E+06   T at  105  2   RLX: 0.000
       a = -1.000      CL = -0.0739
      Cm =  0.0520     CD =  0.00000   =>   CDf =  0.00317    CDp = -0.00317

 MRCHDU: Convergence failed at  28  side 2    Res =  0.1071E+00
 MRCHDU: Convergence failed at  29  side 2    Res =  0.1529E+01
 MRCHDU: Convergence failed at  99  side 2    Res =  0.1676E-02
 MRCHDU: Convergence failed at 100  side 2    Res =  0.3032E-01
 MRCHDU: Convergence failed at 101  side 2    Res =  0.3137E-03
 Side 1  free  transition at x/c =  0.5333   46
 Side 2  free  transition at x/c =  0.0275   15

 172   rms: 0.8988E+02   max: 0.2130E+04   T at  105  2   RLX: 0.001
       a = -1.000      CL = -0.0735
      Cm =  0.0519     CD =  0.00000   =>   CDf =  0.00317    CDp = -0.00317

 MRCHDU: Convergence failed at  28  side 2    Res =  0.1030E+00
 MRCHDU: Convergence failed at  29  side 2    Res =  0.1082E+00
 MRCHDU: Convergence failed at  99  side 2    Res =  0.2734E-02
 MRCHDU: Convergence failed at 100  side 2    Res =  0.5792E-01
 MRCHDU: Convergence failed at 101  side 2    Res =  0.5716E-03
 Side 1  free  transition at x/c =  0.5333   46
 Side 2  free  transition at x/c =  0.0275   15

 173   rms: 0.2326E+02   max: -.4841E+03   T at  105  2   RLX: 0.001
       a = -1.000      CL = -0.0728
      Cm =  0.0517     CD =  0.00000   =>   CDf =  0.00317    CDp = -0.00317

 MRCHDU: Convergence failed at  28  side 2    Res =  0.1975E+00
 MRCHDU: Convergence failed at  29  side 2    Res =  0.1649E+00
 MRCHDU: Convergence failed at  99  side 2    Res =  0.3670E-02
 MRCHDU: Convergence failed at 100  side 2    Res =  0.4323E-01
 MRCHDU: Convergence failed at 101  side 2    Res =  0.3730E-03
 Side 1  free  transition at x/c =  0.5332   46
 Side 2  free  transition at x/c =  0.0275   15

 174   rms: 0.6440E+02   max: -.1500E+04   T at  105  2   RLX: 0.000
       a = -1.000      CL = -0.0725
      Cm =  0.0516     CD =  0.00000   =>   CDf =  0.00317    CDp = -0.00317

 MRCHDU: Convergence failed at  28  side 2    Res =  0.9951E+00
 MRCHDU: Convergence failed at  29  side 2    Res =  0.9014E-01
 MRCHDU: Convergence failed at  30  side 2    Res =  0.1572E-01
 MRCHDU: Convergence failed at  32  side 2    Res =  0.6011E-02
 MRCHDU: Convergence failed at  33  side 2    Res =  0.5884E-01
 MRCHDU: Convergence failed at  99  side 2    Res =  0.2357E-02
 MRCHDU: Convergence failed at 100  side 2    Res =  0.5249E-01
 MRCHDU: Convergence failed at 101  side 2    Res =  0.3324E-03
 Side 1  free  transition at x/c =  0.5332   46
 Side 2  free  transition at x/c =  0.0275   15

 175   rms: 0.1369E+02   max: -.3026E+03   T at  105  2   RLX: 0.002
       a = -1.000      CL = -0.0821
      Cm =  0.0563     CD =  0.00000   =>   CDf =  0.00317    CDp = -0.00317

 MRCHDU: Convergence failed at  28  side 2    Res =  0.8953E-01
 MRCHDU: Convergence failed at  30  side 2    Res =  0.1090E+00
 MRCHDU: Convergence failed at  31  side 2    Res =  0.1085E+00
 MRCHDU: Convergence failed at  33  side 2    Res =  0.9830E-01
 MRCHDU: Convergence failed at  99  side 2    Res =  0.5033E-02
 MRCHDU: Convergence failed at 100  side 2    Res =  0.2846E-01
 MRCHDU: Convergence failed at 101  side 2    Res =  0.1975E-03
 Side 1  free  transition at x/c =  0.5331   46
 Side 2  free  transition at x/c =  0.0275   15

 176   rms: 0.3370E+02   max: 0.6575E+03   T at  105  2   RLX: 0.002
       a = -1.000      CL = -0.0698
      Cm =  0.0510     CD =  0.00000   =>   CDf =  0.00317    CDp = -0.00317

 MRCHDU: Convergence failed at  28  side 2    Res =  0.9156E-01
 MRCHDU: Convergence failed at  33  side 2    Res =  0.1915E+00
 MRCHDU: Convergence failed at 100  side 2    Res =  0.3627E+00
 Side 1  free  transition at x/c =  0.5331   46
 Side 2  free  transition at x/c =  0.0275   15

 177   rms: 0.3640E+02   max: 0.1864E+03   T at  105  2   RLX: 0.004
       a = -1.000      CL = -0.0940
      Cm =  0.0631     CD =  0.00000   =>   CDf =  0.00317    CDp = -0.00317

 MRCHDU: Convergence failed at  28  side 2    Res =  0.1035E+00
 MRCHDU: Convergence failed at  29  side 2    Res =  0.1072E+00
 MRCHDU: Convergence failed at  30  side 2    Res =  0.1003E+00
 MRCHDU: Convergence failed at  31  side 2    Res =  0.9993E-01
 MRCHDU: Convergence failed at 100  side 2    Res =  0.5681E+00
 Side 1  free  transition at x/c =  0.5328   46
 Side 2  free  transition at x/c =  0.0275   15

 178   rms: 0.1336E+01   max: -.8901E+01   C at   32  2   RLX: 0.056
       a = -1.000      CL = -0.0522
      Cm =  0.0519     CD =  0.00000   =>   CDf =  0.00317    CDp = -0.00317

 MRCHDU: Convergence failed at  28  side 2    Res =  0.1692E-01
 MRCHDU: Convergence failed at  29  side 2    Res =  0.8313E-01
 MRCHDU: Convergence failed at  30  side 2    Res =  0.2617E+00
 MRCHDU: Convergence failed at  31  side 2    Res =  0.1785E+00
 MRCHDU: Convergence failed at  32  side 2    Res =  0.4676E+00
 MRCHDU: Convergence failed at  33  side 2    Res =  0.7487E+00
 MRCHDU: Convergence failed at  99  side 2    Res =  0.1000E-01
 MRCHDU: Convergence failed at 100  side 2    Res =  0.1389E+00
 MRCHDU: Convergence failed at 101  side 2    Res =  0.7492E-03
 Side 1  free  transition at x/c =  0.5298   46
 Side 2  free  transition at x/c =  0.0275   15

 179   rms: 0.4622E+01   max: -.5265E+02   C at   18  2   RLX: 0.009
       a = -1.000      CL = -0.0263
      Cm =  0.0416     CD =  0.00000   =>   CDf =  0.00319    CDp = -0.00319

 MRCHDU: Convergence failed at  29  side 2    Res =  0.1597E-01
 MRCHDU: Convergence failed at  30  side 2    Res =  0.2006E+00
 MRCHDU: Convergence failed at  31  side 2    Res =  0.2016E+00
 MRCHDU: Convergence failed at  32  side 2    Res =  0.2105E+00
 MRCHDU: Convergence failed at  33  side 2    Res =  0.2370E+00
 MRCHDU: Convergence failed at  99  side 2    Res =  0.1888E-01
 MRCHDU: Convergence failed at 100  side 2    Res =  0.3324E+00
 MRCHDU: Convergence failed at 101  side 2    Res =  0.5237E-03
 Side 1  free  transition at x/c =  0.5292   46
 Side 2  free  transition at x/c =  0.0275   15

 180   rms: 0.1681E+01   max: 0.1723E+02   C at   18  2   RLX: 0.087
       a = -1.000      CL =  0.0246
      Cm =  0.0305     CD =  0.00000   =>   CDf =  0.00319    CDp = -0.00319

 MRCHDU: Convergence failed at  28  side 2    Res =  0.3249E-01
 MRCHDU: Convergence failed at  29  side 2    Res =  0.3921E+00
 MRCHDU: Convergence failed at  30  side 2    Res =  0.2342E+00
 MRCHDU: Convergence failed at  31  side 2    Res =  0.3919E+00
 MRCHDU: Convergence failed at  32  side 2    Res =  0.3746E+00
 MRCHDU: Convergence failed at  33  side 2    Res =  0.1224E+00
 Side 1  free  transition at x/c =  0.5244   46
 Side 2  free  transition at x/c =  0.0275   15

 181   rms: 0.6490E+02   max: 0.1697E+04   T at  105  2   RLX: 0.001
       a = -1.000      CL =  0.0292
      Cm =  0.0287     CD =  0.00000   =>   CDf =  0.00322    CDp = -0.00322

 MRCHDU: Convergence failed at  28  side 2    Res =  0.2918E-01
 MRCHDU: Convergence failed at  29  side 2    Res =  0.1105E+01
 MRCHDU: Convergence failed at  30  side 2    Res =  0.9632E+00
 MRCHDU: Convergence failed at  31  side 2    Res =  0.6970E+00
 MRCHDU: Convergence failed at  32  side 2    Res =  0.1258E+01
 MRCHDU: Convergence failed at  33  side 2    Res =  0.1317E+00
 Side 1  free  transition at x/c =  0.5244   46
 Side 2  free  transition at x/c =  0.0275   15

 182   rms: 0.8014E+02   max: 0.2032E+04   T at  105  2   RLX: 0.001
       a = -1.000      CL =  0.0296
      Cm =  0.0286     CD =  0.00000   =>   CDf =  0.00322    CDp = -0.00322

 MRCHDU: Convergence failed at  28  side 2    Res =  0.2674E-01
 MRCHDU: Convergence failed at  29  side 2    Res =  0.7522E-01
 MRCHDU: Convergence failed at  30  side 2    Res =  0.7344E-01
 MRCHDU: Convergence failed at  31  side 2    Res =  0.6163E+00
 MRCHDU: Convergence failed at  32  side 2    Res =  0.1314E+01
 MRCHDU: Convergence failed at  33  side 2    Res =  0.7980E-01
 Side 1  free  transition at x/c =  0.5244   46
 Side 2  free  transition at x/c =  0.0275   15

 183   rms: 0.4303E+02   max: 0.7579E+03   T at  103  2   RLX: 0.002
       a = -1.000      CL =  0.0210
      Cm =  0.0329     CD =  0.00000   =>   CDf =  0.00322    CDp = -0.00322

 MRCHDU: Convergence failed at  28  side 2    Res =  0.2171E-01
 MRCHDU: Convergence failed at  29  side 2    Res =  0.2733E+00
 MRCHDU: Convergence failed at  30  side 2    Res =  0.8082E+00
 MRCHDU: Convergence failed at  31  side 2    Res =  0.6669E+00
 MRCHDU: Convergence failed at  32  side 2    Res =  0.1100E+01
 MRCHDU: Convergence failed at  33  side 2    Res =  0.1244E+01
 Side 1  free  transition at x/c =  0.5244   46
 Side 2  free  transition at x/c =  0.0275   15

 184   rms: 0.7859E+02   max: -.7477E+03   C at  102  2   RLX: 0.001
       a = -1.000      CL =  0.0309
      Cm =  0.0283     CD =  0.00000   =>   CDf =  0.00322    CDp = -0.00322

 MRCHDU: Convergence failed at  28  side 2    Res =  0.1994E-01
 MRCHDU: Convergence failed at  30  side 2    Res =  0.6336E-01
 MRCHDU: Convergence failed at  31  side 2    Res =  0.3162E+00
 MRCHDU: Convergence failed at  32  side 2    Res =  0.3192E+00
 MRCHDU: Convergence failed at  33  side 2    Res =  0.3269E+00
 Side 1  free  transition at x/c =  0.5244   46
 Side 2  free  transition at x/c =  0.0275   15

 185   rms: 0.1361E+03   max: -.1365E+04   C at  102  2   RLX: 0.000
       a = -1.000      CL =  0.0310
      Cm =  0.0285     CD =  0.00000   =>   CDf =  0.00322    CDp = -0.00322

 MRCHDU: Convergence failed at  28  side 2    Res =  0.1910E-01
 MRCHDU: Convergence failed at  30  side 2    Res =  0.6689E-01
 MRCHDU: Convergence failed at  31  side 2    Res =  0.3142E+00
 MRCHDU: Convergence failed at  32  side 2    Res =  0.3205E+00
 MRCHDU: Convergence failed at  33  side 2    Res =  0.3256E+00
 Side 1  free  transition at x/c =  0.5244   46
 Side 2  free  transition at x/c =  0.0275   15

 186   rms: 0.2064E+03   max: -.2100E+04   C at  102  2   RLX: 0.000
       a = -1.000      CL =  0.0311
      Cm =  0.0285     CD =  0.00000   =>   CDf =  0.00322    CDp = -0.00322

 MRCHDU: Convergence failed at  28  side 2    Res =  0.1856E-01
 MRCHDU: Convergence failed at  30  side 2    Res =  0.6949E-01
 MRCHDU: Convergence failed at  31  side 2    Res =  0.3163E+00
 MRCHDU: Convergence failed at  32  side 2    Res =  0.3224E+00
 MRCHDU: Convergence failed at  33  side 2    Res =  0.3274E+00
 Side 1  free  transition at x/c =  0.5244   46
 Side 2  free  transition at x/c =  0.0275   15

 187   rms: 0.2816E+03   max: -.2879E+04   C at  106  2   RLX: 0.000
       a = -1.000      CL =  0.0312
      Cm =  0.0285     CD =  0.00000   =>   CDf =  0.00322    CDp = -0.00322

 MRCHDU: Convergence failed at  28  side 2    Res =  0.1816E-01
 MRCHDU: Convergence failed at  30  side 2    Res =  0.7180E-01
 MRCHDU: Convergence failed at  31  side 2    Res =  0.3178E+00
 MRCHDU: Convergence failed at  32  side 2    Res =  0.3238E+00
 MRCHDU: Convergence failed at  33  side 2    Res =  0.3288E+00
 Side 1  free  transition at x/c =  0.5244   46
 Side 2  free  transition at x/c =  0.0275   15

 188   rms: 0.3543E+03   max: -.3631E+04   C at  106  2   RLX: 0.000
       a = -1.000      CL =  0.0312
      Cm =  0.0285     CD =  0.00000   =>   CDf =  0.00322    CDp = -0.00322

 MRCHDU: Convergence failed at  28  side 2    Res =  0.1784E-01
 MRCHDU: Convergence failed at  30  side 2    Res =  0.7450E-01
 MRCHDU: Convergence failed at  31  side 2    Res =  0.3193E+00
 MRCHDU: Convergence failed at  32  side 2    Res =  0.3251E+00
 MRCHDU: Convergence failed at  33  side 2    Res =  0.3301E+00
 Side 1  free  transition at x/c =  0.5244   46
 Side 2  free  transition at x/c =  0.0275   15

 189   rms: 0.4534E+03   max: -.4652E+04   C at  106  2   RLX: 0.000
       a = -1.000      CL =  0.0313
      Cm =  0.0285     CD =  0.00000   =>   CDf =  0.00322    CDp = -0.00322

 MRCHDU: Convergence failed at  28  side 2    Res =  0.1759E-01
 MRCHDU: Convergence failed at  29  side 2    Res =  0.1093E-01
 MRCHDU: Convergence failed at  30  side 2    Res =  0.8023E-01
 MRCHDU: Convergence failed at  31  side 2    Res =  0.3213E+00
 MRCHDU: Convergence failed at  32  side 2    Res =  0.3271E+00
 MRCHDU: Convergence failed at  33  side 2    Res =  0.3320E+00
 Side 1  free  transition at x/c =  0.5244   46
 Side 2  free  transition at x/c =  0.0275   15

 190   rms: 0.5455E+03   max: -.5600E+04   C at  106  2   RLX: 0.000
       a = -1.000      CL =  0.0313
      Cm =  0.0285     CD =  0.00000   =>   CDf =  0.00322    CDp = -0.00322

 MRCHDU: Convergence failed at  28  side 2    Res =  0.1738E-01
 MRCHDU: Convergence failed at  29  side 2    Res =  0.2098E+00
 MRCHDU: Convergence failed at  31  side 2    Res =  0.6287E-01
 MRCHDU: Convergence failed at  32  side 2    Res =  0.3215E+00
 MRCHDU: Convergence failed at  33  side 2    Res =  0.3266E+00
 Side 1  free  transition at x/c =  0.5244   46
 Side 2  free  transition at x/c =  0.0275   15

 191   rms: 0.6244E+03   max: -.6412E+04   C at  106  2   RLX: 0.000
       a = -1.000      CL =  0.0313
      Cm =  0.0284     CD =  0.00000   =>   CDf =  0.00322    CDp = -0.00322

 MRCHDU: Convergence failed at  28  side 2    Res =  0.1717E-01
 MRCHDU: Convergence failed at  30  side 2    Res =  0.4926E-01
 MRCHDU: Convergence failed at  31  side 2    Res =  0.3128E+00
 MRCHDU: Convergence failed at  32  side 2    Res =  0.3186E+00
 MRCHDU: Convergence failed at  33  side 2    Res =  0.3238E+00
 Side 1  free  transition at x/c =  0.5244   46
 Side 2  free  transition at x/c =  0.0275   15

 192   rms: 0.7594E+03   max: -.7801E+04   C at  106  2   RLX: 0.000
       a = -1.000      CL =  0.0315
      Cm =  0.0284     CD =  0.00000   =>   CDf =  0.00322    CDp = -0.00322

 MRCHDU: Convergence failed at  28  side 2    Res =  0.1702E-01
 MRCHDU: Convergence failed at  30  side 2    Res =  0.5000E-01
 MRCHDU: Convergence failed at  31  side 2    Res =  0.3130E+00
 MRCHDU: Convergence failed at  32  side 2    Res =  0.3192E+00
 MRCHDU: Convergence failed at  33  side 2    Res =  0.3241E+00
 Side 1  free  transition at x/c =  0.5244   46
 Side 2  free  transition at x/c =  0.0275   15

 193   rms: 0.9097E+03   max: -.9347E+04   C at  106  2   RLX: 0.000
       a = -1.000      CL =  0.0315
      Cm =  0.0284     CD =  0.00000   =>   CDf =  0.00322    CDp = -0.00322

 MRCHDU: Convergence failed at  28  side 2    Res =  0.1688E-01
 MRCHDU: Convergence failed at  30  side 2    Res =  0.5062E-01
 MRCHDU: Convergence failed at  31  side 2    Res =  0.3140E+00
 MRCHDU: Convergence failed at  32  side 2    Res =  0.3200E+00
 MRCHDU: Convergence failed at  33  side 2    Res =  0.3250E+00
 Side 1  free  transition at x/c =  0.5244   46
 Side 2  free  transition at x/c =  0.0275   15

 194   rms: 0.9963E+03   max: -.1024E+05   C at  106  2   RLX: 0.000
       a = -1.000      CL =  0.0315
      Cm =  0.0284     CD =  0.00000   =>   CDf =  0.00322    CDp = -0.00322

 MRCHDU: Convergence failed at  28  side 2    Res =  0.1676E-01
 MRCHDU: Convergence failed at  30  side 2    Res =  0.5120E-01
 MRCHDU: Convergence failed at  31  side 2    Res =  0.3148E+00
 MRCHDU: Convergence failed at  32  side 2    Res =  0.3208E+00
 MRCHDU: Convergence failed at  33  side 2    Res =  0.3258E+00
 Side 1  free  transition at x/c =  0.5244   46
 Side 2  free  transition at x/c =  0.0275   15

 195   rms: 0.1184E+04   max: -.1217E+05   C at  106  2   RLX: 0.000
       a = -1.000      CL =  0.0315
      Cm =  0.0284     CD =  0.00000   =>   CDf =  0.00322    CDp = -0.00322

 MRCHDU: Convergence failed at  28  side 2    Res =  0.1665E-01
 MRCHDU: Convergence failed at  30  side 2    Res =  0.5169E-01
 MRCHDU: Convergence failed at  31  side 2    Res =  0.3155E+00
 MRCHDU: Convergence failed at  32  side 2    Res =  0.3215E+00
 MRCHDU: Convergence failed at  33  side 2    Res =  0.3265E+00
 Side 1  free  transition at x/c =  0.5244   46
 Side 2  free  transition at x/c =  0.0275   15

 196   rms: 0.1351E+04   max: -.1388E+05   C at  106  2   RLX: 0.000
       a = -1.000      CL =  0.0315
      Cm =  0.0284     CD =  0.00000   =>   CDf =  0.00322    CDp = -0.00322

 MRCHDU: Convergence failed at  28  side 2    Res =  0.1655E-01
 MRCHDU: Convergence failed at  30  side 2    Res =  0.5213E-01
 MRCHDU: Convergence failed at  31  side 2    Res =  0.3161E+00
 MRCHDU: Convergence failed at  32  side 2    Res =  0.3221E+00
 MRCHDU: Convergence failed at  33  side 2    Res =  0.3271E+00
 Side 1  free  transition at x/c =  0.5244   46
 Side 2  free  transition at x/c =  0.0275   15

 197   rms: 0.1588E+04   max: -.1632E+05   C at  101  2   RLX: 0.000
       a = -1.000      CL =  0.0315
      Cm =  0.0283     CD =  0.00000   =>   CDf =  0.00322    CDp = -0.00322

 MRCHDU: Convergence failed at  28  side 2    Res =  0.1647E-01
 MRCHDU: Convergence failed at  30  side 2    Res =  0.5251E-01
 MRCHDU: Convergence failed at  31  side 2    Res =  0.3167E+00
 MRCHDU: Convergence failed at  32  side 2    Res =  0.3226E+00
 MRCHDU: Convergence failed at  33  side 2    Res =  0.3276E+00
 Side 1  free  transition at x/c =  0.5244   46
 Side 2  free  transition at x/c =  0.0275   15

 198   rms: 0.1714E+04   max: -.1762E+05   C at  106  2   RLX: 0.000
       a = -1.000      CL =  0.0316
      Cm =  0.0283     CD =  0.00000   =>   CDf =  0.00322    CDp = -0.00322

 MRCHDU: Convergence failed at  28  side 2    Res =  0.1639E-01
 MRCHDU: Convergence failed at  30  side 2    Res =  0.5287E-01
 MRCHDU: Convergence failed at  31  side 2    Res =  0.3172E+00
 MRCHDU: Convergence failed at  32  side 2    Res =  0.3230E+00
 MRCHDU: Convergence failed at  33  side 2    Res =  0.3280E+00
 Side 1  free  transition at x/c =  0.5244   46
 Side 2  free  transition at x/c =  0.0275   15

 199   rms: 0.1809E+04   max: -.1860E+05   C at  106  2   RLX: 0.000
       a = -1.000      CL =  0.0316
      Cm =  0.0283     CD =  0.00000   =>   CDf =  0.00322    CDp = -0.00322

 MRCHDU: Convergence failed at  28  side 2    Res =  0.1631E-01
 MRCHDU: Convergence failed at  30  side 2    Res =  0.5321E-01
 MRCHDU: Convergence failed at  31  side 2    Res =  0.3176E+00
 MRCHDU: Convergence failed at  32  side 2    Res =  0.3235E+00
 MRCHDU: Convergence failed at  33  side 2    Res =  0.3284E+00
 Side 1  free  transition at x/c =  0.5244   46
 Side 2  free  transition at x/c =  0.0275   15

 200   rms: 0.2034E+04   max: -.2091E+05   C at  106  2   RLX: 0.000
       a = -1.000      CL =  0.0316
      Cm =  0.0283     CD =  0.00000   =>   CDf =  0.00322    CDp = -0.00322

 MRCHDU: Convergence failed at  28  side 2    Res =  0.1624E-01
 MRCHDU: Convergence failed at  30  side 2    Res =  0.5353E-01
 MRCHDU: Convergence failed at  31  side 2    Res =  0.3181E+00
 MRCHDU: Convergence failed at  32  side 2    Res =  0.3239E+00
 MRCHDU: Convergence failed at  33  side 2    Res =  0.3288E+00
 Side 1  free  transition at x/c =  0.5244   46
 Side 2  free  transition at x/c =  0.0275   15

 201   rms: 0.2190E+04   max: -.2252E+05   C at  106  2   RLX: 0.000
       a = -1.000      CL =  0.0316
      Cm =  0.0283     CD =  0.00000   =>   CDf =  0.00322    CDp = -0.00322

 MRCHDU: Convergence failed at  28  side 2    Res =  0.1617E-01
 MRCHDU: Convergence failed at  30  side 2    Res =  0.5384E-01
 MRCHDU: Convergence failed at  31  side 2    Res =  0.3185E+00
 MRCHDU: Convergence failed at  32  side 2    Res =  0.3243E+00
 MRCHDU: Convergence failed at  33  side 2    Res =  0.3292E+00
 Side 1  free  transition at x/c =  0.5244   46
 Side 2  free  transition at x/c =  0.0275   15

 202   rms: 0.2425E+04   max: -.2493E+05   C at  106  2   RLX: 0.000
       a = -1.000      CL =  0.0316
      Cm =  0.0283     CD =  0.00000   =>   CDf =  0.00322    CDp = -0.00322

 MRCHDU: Convergence failed at  28  side 2    Res =  0.1610E-01
 MRCHDU: Convergence failed at  30  side 2    Res =  0.5413E-01
 MRCHDU: Convergence failed at  31  side 2    Res =  0.3189E+00
 MRCHDU: Convergence failed at  32  side 2    Res =  0.3246E+00
 MRCHDU: Convergence failed at  33  side 2    Res =  0.3296E+00
 Side 1  free  transition at x/c =  0.5244   46
 Side 2  free  transition at x/c =  0.0275   15

 203   rms: 0.2623E+04   max: -.2696E+05   C at  106  2   RLX: 0.000
       a = -1.000      CL =  0.0316
      Cm =  0.0283     CD =  0.00000   =>   CDf =  0.00322    CDp = -0.00322

 MRCHDU: Convergence failed at  28  side 2    Res =  0.1604E-01
 MRCHDU: Convergence failed at  30  side 2    Res =  0.5441E-01
 MRCHDU: Convergence failed at  31  side 2    Res =  0.3192E+00
 MRCHDU: Convergence failed at  32  side 2    Res =  0.3250E+00
 MRCHDU: Convergence failed at  33  side 2    Res =  0.3299E+00
 Side 1  free  transition at x/c =  0.5244   46
 Side 2  free  transition at x/c =  0.0275   15

 204   rms: 0.2783E+04   max: -.2861E+05   C at  106  2   RLX: 0.000
       a = -1.000      CL =  0.0316
      Cm =  0.0283     CD =  0.00000   =>   CDf =  0.00322    CDp = -0.00322

 MRCHDU: Convergence failed at  28  side 2    Res =  0.1597E-01
 MRCHDU: Convergence failed at  30  side 2    Res =  0.5469E-01
 MRCHDU: Convergence failed at  31  side 2    Res =  0.3196E+00
 MRCHDU: Convergence failed at  32  side 2    Res =  0.3253E+00
 MRCHDU: Convergence failed at  33  side 2    Res =  0.3303E+00
 Side 1  free  transition at x/c =  0.5244   46
 Side 2  free  transition at x/c =  0.0275   15

 205   rms: 0.2931E+04   max: -.3013E+05   C at  106  2   RLX: 0.000
       a = -1.000      CL =  0.0316
      Cm =  0.0283     CD =  0.00000   =>   CDf =  0.00322    CDp = -0.00322
 VISCAL:  Convergence failed
      9.000    3.1957   0.000000   0.000000   0.000000   0.000000    0.5244     #
 Calculating wake trajectory ...
 Calculating source influence matrix ...

 Solving BL system ...

 MRCHDU: Convergence failed at  28  side 2    Res =  0.1591E-01
 MRCHDU: Convergence failed at  30  side 2    Res =  0.5498E-01
 MRCHDU: Convergence failed at  31  side 2    Res =  0.3199E+00
 MRCHDU: Convergence failed at  32  side 2    Res =  0.3257E+00
 MRCHDU: Convergence failed at  33  side 2    Res =  0.3306E+00
 Side 1  free  transition at x/c =  0.5244   46
 Side 2  free  transition at x/c =  0.0275   15

   1   rms: 0.5336E+04   max: -.5487E+05   C at  101  2   RLX: 0.000
       a = -2.000      CL =  0.0317
      Cm =  0.0283     CD =  0.00000   =>   CDf =  0.00322    CDp = -0.00322

 MRCHDU: Convergence failed at  28  side 2    Res =  0.1587E-01
 MRCHDU: Convergence failed at  30  side 2    Res =  0.5513E-01
 MRCHDU: Convergence failed at  31  side 2    Res =  0.3202E+00
 MRCHDU: Convergence failed at  32  side 2    Res =  0.3259E+00
 MRCHDU: Convergence failed at  33  side 2    Res =  0.3309E+00
 Side 1  free  transition at x/c =  0.5244   46
 Side 2  free  transition at x/c =  0.0275   15

   2   rms: 0.5654E+04   max: -.5813E+05   C at  101  2   RLX: 0.000
       a = -2.000      CL =  0.0317
      Cm =  0.0283     CD =  0.00000   =>   CDf =  0.00322    CDp = -0.00322

 MRCHDU: Convergence failed at  28  side 2    Res =  0.1583E-01
 MRCHDU: Convergence failed at  30  side 2    Res =  0.5529E-01
 MRCHDU: Convergence failed at  31  side 2    Res =  0.3204E+00
 MRCHDU: Convergence failed at  32  side 2    Res =  0.3260E+00
 MRCHDU: Convergence failed at  33  side 2    Res =  0.3310E+00
 MRCHDU: Convergence failed at 100  side 2    Res =  0.4091E-01
 MRCHDU: Convergence failed at 101  side 2    Res =  0.4183E-02
 MRCHDU: Convergence failed at 102  side 2    Res =  0.4126E-02
 MRCHDU: Convergence failed at 103  side 2    Res =  0.1717E-03
 MRCHDU: Convergence failed at 104  side 2    Res =  0.3908E-04
 MRCHDU: Convergence failed at 105  side 2    Res =  0.3499E-04
 MRCHDU: Convergence failed at 106  side 2    Res =  0.1235E-04
 Side 1  free  transition at x/c =  0.5244   46
 Side 2  free  transition at x/c =  0.0275   15

   3   rms: 0.5977E+04   max: -.6145E+05   C at  106  2   RLX: 0.000
       a = -2.000      CL =  0.0317
      Cm =  0.0283     CD =  0.00000   =>   CDf =  0.00322    CDp = -0.00322

 MRCHDU: Convergence failed at  28  side 2    Res =  0.1579E-01
 MRCHDU: Convergence failed at  30  side 2    Res =  0.5546E-01
 MRCHDU: Convergence failed at  31  side 2    Res =  0.3206E+00
 MRCHDU: Convergence failed at  32  side 2    Res =  0.3262E+00
 MRCHDU: Convergence failed at  33  side 2    Res =  0.3312E+00
 MRCHDU: Convergence failed at 100  side 2    Res =  0.9254E-01
 MRCHDU: Convergence failed at 101  side 2    Res =  0.4186E-02
 MRCHDU: Convergence failed at 102  side 2    Res =  0.4123E-02
 MRCHDU: Convergence failed at 103  side 2    Res =  0.1714E-03
 MRCHDU: Convergence failed at 104  side 2    Res =  0.3903E-04
 MRCHDU: Convergence failed at 105  side 2    Res =  0.3542E-04
 MRCHDU: Convergence failed at 106  side 2    Res =  0.1249E-04
 Side 1  free  transition at x/c =  0.5245   46
 Side 2  free  transition at x/c =  0.0275   15

   4   rms: 0.5894E+04   max: -.6060E+05   C at  106  2   RLX: 0.000
       a = -2.000      CL =  0.0318
      Cm =  0.0283     CD =  0.00000   =>   CDf =  0.00322    CDp = -0.00322

 MRCHDU: Convergence failed at  28  side 2    Res =  0.1573E-01
 MRCHDU: Convergence failed at  30  side 2    Res =  0.5567E-01
 MRCHDU: Convergence failed at  31  side 2    Res =  0.3208E+00
 MRCHDU: Convergence failed at  32  side 2    Res =  0.3264E+00
 MRCHDU: Convergence failed at  33  side 2    Res =  0.3314E+00
 MRCHDU: Convergence failed at 100  side 2    Res =  0.1441E+00
 Side 1  free  transition at x/c =  0.5245   46
 Side 2  free  transition at x/c =  0.0275   15

   5   rms: 0.8482E+02   max: 0.1228E+04   C at   18  2   RLX: 0.001
       a = -2.000      CL =  0.0315
      Cm =  0.0280     CD =  0.00000   =>   CDf =  0.00322    CDp = -0.00322

 MRCHDU: Convergence failed at  30  side 2    Res =  0.3129E+00
 MRCHDU: Convergence failed at  31  side 2    Res =  0.2671E+00
 MRCHDU: Convergence failed at  32  side 2    Res =  0.3105E+00
 MRCHDU: Convergence failed at  33  side 2    Res =  0.2976E+00
 MRCHDU: Convergence failed at  99  side 2    Res =  0.4569E-01
 MRCHDU: Convergence failed at 100  side 2    Res =  0.4235E+00
 MRCHDU: Convergence failed at 101  side 2    Res =  0.2281E-03
 Side 1  free  transition at x/c =  0.5255   46
 Side 2  free  transition at x/c =  0.0274   15

   6   rms: 0.5433E+02   max: -.1294E+04   T at  103  2   RLX: 0.000
       a = -2.000      CL =  0.0168
      Cm =  0.0359     CD =  0.00000   =>   CDf =  0.00321    CDp = -0.00321

 MRCHDU: Convergence failed at  31  side 2    Res =  0.2997E+00
 MRCHDU: Convergence failed at  32  side 2    Res =  0.2835E+00
 MRCHDU: Convergence failed at  33  side 2    Res =  0.2690E+00
 MRCHDU: Convergence failed at  97  side 2    Res =  0.3689E-02
 MRCHDU: Convergence failed at  98  side 2    Res =  0.2620E+00
 MRCHDU: Convergence failed at  99  side 2    Res =  0.4951E+00
 MRCHDU: Convergence failed at 100  side 2    Res =  0.1870E+00
 MRCHDU: Convergence failed at 101  side 2    Res =  0.6847E-03
 Side 1  free  transition at x/c =  0.5255   46
 Side 2  free  transition at x/c =  0.0274   15

   7   rms: 0.1937E+03   max: -.3102E+04   T at  105  2   RLX: 0.000
       a = -2.000      CL =  0.0163
      Cm =  0.0363     CD =  0.00000   =>   CDf =  0.00321    CDp = -0.00321

 MRCHDU: Convergence failed at  31  side 2    Res =  0.3044E+00
 MRCHDU: Convergence failed at  32  side 2    Res =  0.2883E+00
 MRCHDU: Convergence failed at  33  side 2    Res =  0.2738E+00
 MRCHDU: Convergence failed at  97  side 2    Res =  0.3932E-02
 MRCHDU: Convergence failed at  98  side 2    Res =  0.1401E+01
 MRCHDU: Convergence failed at  99  side 2    Res =  0.1412E+01
 MRCHDU: Convergence failed at 100  side 2    Res =  0.1790E+00
 MRCHDU: Convergence failed at 101  side 2    Res =  0.6473E-03
 Side 1  free  transition at x/c =  0.5255   46
 Side 2  free  transition at x/c =  0.0274   15

   8   rms: 0.1734E+03   max: -.2214E+04   T at  105  2   RLX: 0.000
       a = -2.000      CL =  0.0164
      Cm =  0.0363     CD =  0.00000   =>   CDf =  0.00321    CDp = -0.00321

 MRCHDU: Convergence failed at  31  side 2    Res =  0.3111E+00
 MRCHDU: Convergence failed at  32  side 2    Res =  0.2948E+00
 MRCHDU: Convergence failed at  33  side 2    Res =  0.2803E+00
 MRCHDU: Convergence failed at  97  side 2    Res =  0.4283E-02
 MRCHDU: Convergence failed at  98  side 2    Res =  0.1393E+01
 MRCHDU: Convergence failed at  99  side 2    Res =  0.1050E+01
 MRCHDU: Convergence failed at 100  side 2    Res =  0.1791E+00
 MRCHDU: Convergence failed at 101  side 2    Res =  0.5978E-03
 Side 1  free  transition at x/c =  0.5255   46
 Side 2  free  transition at x/c =  0.0274   15

   9   rms: 0.1632E+03   max: -.1358E+04   T at  105  2   RLX: 0.000
       a = -2.000      CL =  0.0166
      Cm =  0.0362     CD =  0.00000   =>   CDf =  0.00321    CDp = -0.00321

 MRCHDU: Convergence failed at  31  side 2    Res =  0.3228E+00
 MRCHDU: Convergence failed at  32  side 2    Res =  0.3063E+00
 MRCHDU: Convergence failed at  33  side 2    Res =  0.2915E+00
 MRCHDU: Convergence failed at  97  side 2    Res =  0.4876E-02
 MRCHDU: Convergence failed at  98  side 2    Res =  0.1447E+00
 MRCHDU: Convergence failed at  99  side 2    Res =  0.5658E+00
 MRCHDU: Convergence failed at 100  side 2    Res =  0.1796E+00
 MRCHDU: Convergence failed at 101  side 2    Res =  0.5242E-03
 Side 1  free  transition at x/c =  0.5255   46
 Side 2  free  transition at x/c =  0.0274   15

  10   rms: 0.1689E+03   max: -.8382E+03   T at  103  2   RLX: 0.001
       a = -2.000      CL =  0.0169
      Cm =  0.0361     CD =  0.00000   =>   CDf =  0.00321    CDp = -0.00321

 MRCHDU: Convergence failed at  31  side 2    Res =  0.3440E+00
 MRCHDU: Convergence failed at  32  side 2    Res =  0.3271E+00
 MRCHDU: Convergence failed at  33  side 2    Res =  0.3120E+00
 MRCHDU: Convergence failed at  97  side 2    Res =  0.5884E-02
 MRCHDU: Convergence failed at  98  side 2    Res =  0.1554E+00
 MRCHDU: Convergence failed at  99  side 2    Res =  0.1776E+00
 MRCHDU: Convergence failed at 100  side 2    Res =  0.1804E+00
 MRCHDU: Convergence failed at 101  side 2    Res =  0.4228E-03
 Side 1  free  transition at x/c =  0.5254   46
 Side 2  free  transition at x/c =  0.0274   15

  11   rms: 0.1938E+03   max: -.7210E+03   C at   64  2   RLX: 0.001
       a = -2.000      CL =  0.0173
      Cm =  0.0361     CD =  0.00000   =>   CDf =  0.00321    CDp = -0.00321

 MRCHDU: Convergence failed at  31  side 2    Res =  0.3735E+00
 MRCHDU: Convergence failed at  32  side 2    Res =  0.3562E+00
 MRCHDU: Convergence failed at  33  side 2    Res =  0.3406E+00
 MRCHDU: Convergence failed at  97  side 2    Res =  0.7095E-02
 MRCHDU: Convergence failed at  98  side 2    Res =  0.3367E+00
 MRCHDU: Convergence failed at  99  side 2    Res =  0.1737E+00
 MRCHDU: Convergence failed at 100  side 2    Res =  0.1793E+00
 MRCHDU: Convergence failed at 101  side 2    Res =  0.3330E-03
 Side 1  free  transition at x/c =  0.5254   46
 Side 2  free  transition at x/c =  0.0274   15

  12   rms: 0.2382E+03   max: -.8922E+03   C at   66  2   RLX: 0.001
       a = -2.000      CL =  0.0176
      Cm =  0.0360     CD =  0.00000   =>   CDf =  0.00321    CDp = -0.00321

 MRCHDU: Convergence failed at  31  side 2    Res =  0.4034E+00
 MRCHDU: Convergence failed at  32  side 2    Res =  0.3858E+00
 MRCHDU: Convergence failed at  33  side 2    Res =  0.3700E+00
 MRCHDU: Convergence failed at  97  side 2    Res =  0.8080E-02
 MRCHDU: Convergence failed at  98  side 2    Res =  0.1482E+00
 MRCHDU: Convergence failed at  99  side 2    Res =  0.7003E+00
 MRCHDU: Convergence failed at 100  side 2    Res =  0.1752E+00
 MRCHDU: Convergence failed at 101  side 2    Res =  0.2796E-03
 Side 1  free  transition at x/c =  0.5253   46
 Side 2  free  transition at x/c =  0.0274   15

  13   rms: 0.2938E+03   max: -.1103E+04   C at   67  2   RLX: 0.000
       a = -2.000      CL =  0.0178
      Cm =  0.0360     CD =  0.00000   =>   CDf =  0.00321    CDp = -0.00321

 MRCHDU: Convergence failed at  31  side 2    Res =  0.4335E+00
 MRCHDU: Convergence failed at  32  side 2    Res =  0.4156E+00
 MRCHDU: Convergence failed at  33  side 2    Res =  0.3996E+00
 MRCHDU: Convergence failed at  97  side 2    Res =  0.8876E-02
 MRCHDU: Convergence failed at  98  side 2    Res =  0.2942E+00
 MRCHDU: Convergence failed at  99  side 2    Res =  0.8563E+00
 MRCHDU: Convergence failed at 100  side 2    Res =  0.5477E+00
 MRCHDU: Convergence failed at 101  side 2    Res =  0.2454E-03
 Side 1  free  transition at x/c =  0.5253   46
 Side 2  free  transition at x/c =  0.0274   15

  14   rms: 0.3621E+03   max: -.1361E+04   C at   70  2   RLX: 0.000
       a = -2.000      CL =  0.0180
      Cm =  0.0359     CD =  0.00000   =>   CDf =  0.00321    CDp = -0.00321

 MRCHDU: Convergence failed at  31  side 2    Res =  0.4639E+00
 MRCHDU: Convergence failed at  32  side 2    Res =  0.4457E+00
 MRCHDU: Convergence failed at  33  side 2    Res =  0.4295E+00
 MRCHDU: Convergence failed at  97  side 2    Res =  0.9517E-02
 MRCHDU: Convergence failed at  98  side 2    Res =  0.1220E+01
 MRCHDU: Convergence failed at  99  side 2    Res =  0.3968E+00
 MRCHDU: Convergence failed at 100  side 2    Res =  0.1384E+01
 MRCHDU: Convergence failed at 101  side 2    Res =  0.2223E-03
 Side 1  free  transition at x/c =  0.5253   46
 Side 2  free  transition at x/c =  0.0274   15

  15   rms: 0.4447E+03   max: -.1672E+04   C at   71  2   RLX: 0.000
       a = -2.000      CL =  0.0182
      Cm =  0.0359     CD =  0.00000   =>   CDf =  0.00321    CDp = -0.00321

 MRCHDU: Convergence failed at  31  side 2    Res =  0.4945E+00
 MRCHDU: Convergence failed at  32  side 2    Res =  0.4761E+00
 MRCHDU: Convergence failed at  33  side 2    Res =  0.4596E+00
 MRCHDU: Convergence failed at  97  side 2    Res =  0.1003E-01
 MRCHDU: Convergence failed at  98  side 2    Res =  0.5609E+00
 MRCHDU: Convergence failed at  99  side 2    Res =  0.8479E+00
 MRCHDU: Convergence failed at 100  side 2    Res =  0.1312E+00
 MRCHDU: Convergence failed at 101  side 2    Res =  0.2062E-03
 Side 1  free  transition at x/c =  0.5253   46
 Side 2  free  transition at x/c =  0.0274   15

  16   rms: 0.5424E+03   max: -.2040E+04   C at   72  2   RLX: 0.000
       a = -2.000      CL =  0.0183
      Cm =  0.0359     CD =  0.00000   =>   CDf =  0.00321    CDp = -0.00321

 MRCHDU: Convergence failed at  31  side 2    Res =  0.5253E+00
 MRCHDU: Convergence failed at  32  side 2    Res =  0.5067E+00
 MRCHDU: Convergence failed at  33  side 2    Res =  0.4899E+00
 MRCHDU: Convergence failed at  97  side 2    Res =  0.1045E-01
 MRCHDU: Convergence failed at  98  side 2    Res =  0.1764E+00
 MRCHDU: Convergence failed at  99  side 2    Res =  0.6838E+00
 MRCHDU: Convergence failed at 100  side 2    Res =  0.1279E+00
 MRCHDU: Convergence failed at 101  side 2    Res =  0.1946E-03
 Side 1  free  transition at x/c =  0.5252   46
 Side 2  free  transition at x/c =  0.0274   15

  17   rms: 0.6570E+03   max: -.2470E+04   C at   74  2   RLX: 0.000
       a = -2.000      CL =  0.0184
      Cm =  0.0358     CD =  0.00000   =>   CDf =  0.00321    CDp = -0.00321

 MRCHDU: Convergence failed at  31  side 2    Res =  0.5563E+00
 MRCHDU: Convergence failed at  32  side 2    Res =  0.5374E+00
 MRCHDU: Convergence failed at  33  side 2    Res =  0.5205E+00
 MRCHDU: Convergence failed at  97  side 2    Res =  0.1078E-01
 MRCHDU: Convergence failed at  98  side 2    Res =  0.1742E+00
 MRCHDU: Convergence failed at  99  side 2    Res =  0.1010E+01
 MRCHDU: Convergence failed at 100  side 2    Res =  0.1244E+00
 MRCHDU: Convergence failed at 101  side 2    Res =  0.1860E-03
 Side 1  free  transition at x/c =  0.5252   46
 Side 2  free  transition at x/c =  0.0274   15

  18   rms: 0.7878E+03   max: -.2962E+04   C at   75  2   RLX: 0.000
       a = -2.000      CL =  0.0185
      Cm =  0.0358     CD =  0.00000   =>   CDf =  0.00321    CDp = -0.00321

 MRCHDU: Convergence failed at  31  side 2    Res =  0.5875E+00
 MRCHDU: Convergence failed at  32  side 2    Res =  0.5683E+00
 MRCHDU: Convergence failed at  33  side 2    Res =  0.5512E+00
 MRCHDU: Convergence failed at  97  side 2    Res =  0.1104E-01
 MRCHDU: Convergence failed at  98  side 2    Res =  0.1722E+00
 MRCHDU: Convergence failed at  99  side 2    Res =  0.1007E+01
 MRCHDU: Convergence failed at 100  side 2    Res =  0.1210E+00
 MRCHDU: Convergence failed at 101  side 2    Res =  0.1797E-03
 Side 1  free  transition at x/c =  0.5252   46
 Side 2  free  transition at x/c =  0.0274   15

  19   rms: 0.9345E+03   max: -.3513E+04   C at   77  2   RLX: 0.000
       a = -2.000      CL =  0.0186
      Cm =  0.0358     CD =  0.00000   =>   CDf =  0.00321    CDp = -0.00321

 MRCHDU: Convergence failed at  31  side 2    Res =  0.6189E+00
 MRCHDU: Convergence failed at  32  side 2    Res =  0.5994E+00
 MRCHDU: Convergence failed at  33  side 2    Res =  0.5820E+00
 MRCHDU: Convergence failed at  97  side 2    Res =  0.1125E-01
 MRCHDU: Convergence failed at  98  side 2    Res =  0.1704E+00
 MRCHDU: Convergence failed at  99  side 2    Res =  0.1271E+00
 MRCHDU: Convergence failed at 100  side 2    Res =  0.1177E+00
 MRCHDU: Convergence failed at 101  side 2    Res =  0.1749E-03
 Side 1  free  transition at x/c =  0.5252   46
 Side 2  free  transition at x/c =  0.0274   15

  20   rms: 0.1093E+04   max: -.4107E+04   C at   78  2   RLX: 0.000
       a = -2.000      CL =  0.0187
      Cm =  0.0358     CD =  0.00000   =>   CDf =  0.00321    CDp = -0.00321

 MRCHDU: Convergence failed at  31  side 2    Res =  0.6503E+00
 MRCHDU: Convergence failed at  32  side 2    Res =  0.6306E+00
 MRCHDU: Convergence failed at  33  side 2    Res =  0.6129E+00
 MRCHDU: Convergence failed at  97  side 2    Res =  0.1142E-01
 MRCHDU: Convergence failed at  98  side 2    Res =  0.5432E+00
 MRCHDU: Convergence failed at  99  side 2    Res =  0.1258E+00
 MRCHDU: Convergence failed at 100  side 2    Res =  0.1319E+01
 MRCHDU: Convergence failed at 101  side 2    Res =  0.1713E-03
 Side 1  free  transition at x/c =  0.5252   46
 Side 2  free  transition at x/c =  0.0274   15

  21   rms: 0.1259E+04   max: -.4731E+04   C at   79  2   RLX: 0.000
       a = -2.000      CL =  0.0187
      Cm =  0.0358     CD =  0.00000   =>   CDf =  0.00321    CDp = -0.00321

 MRCHDU: Convergence failed at  31  side 2    Res =  0.6819E+00
 MRCHDU: Convergence failed at  32  side 2    Res =  0.6619E+00
 MRCHDU: Convergence failed at  33  side 2    Res =  0.6440E+00
 MRCHDU: Convergence failed at  97  side 2    Res =  0.1155E-01
 MRCHDU: Convergence failed at  98  side 2    Res =  0.1381E+01
 MRCHDU: Convergence failed at  99  side 2    Res =  0.1247E+00
 MRCHDU: Convergence failed at 100  side 2    Res =  0.3603E+00
 MRCHDU: Convergence failed at 101  side 2    Res =  0.1685E-03
 Side 1  free  transition at x/c =  0.5252   46
 Side 2  free  transition at x/c =  0.0274   15

  22   rms: 0.1427E+04   max: -.5365E+04   C at   81  2   RLX: 0.000
       a = -2.000      CL =  0.0187
      Cm =  0.0358     CD =  0.00000   =>   CDf =  0.00321    CDp = -0.00321

 MRCHDU: Convergence failed at  31  side 2    Res =  0.7135E+00
 MRCHDU: Convergence failed at  32  side 2    Res =  0.6933E+00
 MRCHDU: Convergence failed at  33  side 2    Res =  0.6751E+00
 MRCHDU: Convergence failed at  97  side 2    Res =  0.1166E-01
 MRCHDU: Convergence failed at  98  side 2    Res =  0.3965E+00
 MRCHDU: Convergence failed at  99  side 2    Res =  0.1238E+00
 MRCHDU: Convergence failed at 100  side 2    Res =  0.4254E+00
 MRCHDU: Convergence failed at 101  side 2    Res =  0.1663E-03
 Side 1  free  transition at x/c =  0.5252   46
 Side 2  free  transition at x/c =  0.0274   15

  23   rms: 0.1592E+04   max: -.5986E+04   C at   83  2   RLX: 0.000
       a = -2.000      CL =  0.0188
      Cm =  0.0357     CD =  0.00000   =>   CDf =  0.00321    CDp = -0.00321

 MRCHDU: Convergence failed at  30  side 2    Res =  0.9142E-02
 MRCHDU: Convergence failed at  31  side 2    Res =  0.7361E+00
 MRCHDU: Convergence failed at  32  side 2    Res =  0.7156E+00
 MRCHDU: Convergence failed at  33  side 2    Res =  0.6972E+00
 MRCHDU: Convergence failed at  97  side 2    Res =  0.1172E-01
 MRCHDU: Convergence failed at  98  side 2    Res =  0.3951E+00
 MRCHDU: Convergence failed at  99  side 2    Res =  0.1230E+00
 MRCHDU: Convergence failed at 100  side 2    Res =  0.4938E+00
 MRCHDU: Convergence failed at 101  side 2    Res =  0.1647E-03
 Side 1  free  transition at x/c =  0.5252   46
 Side 2  free  transition at x/c =  0.0274   15

  24   rms: 0.1677E+04   max: -.6303E+04   C at   83  2   RLX: 0.000
       a = -2.000      CL =  0.0188
      Cm =  0.0357     CD =  0.00000   =>   CDf =  0.00321    CDp = -0.00321

 MRCHDU: Convergence failed at  30  side 2    Res =  0.3140E-01
 MRCHDU: Convergence failed at  31  side 2    Res =  0.7457E+00
 MRCHDU: Convergence failed at  32  side 2    Res =  0.7249E+00
 MRCHDU: Convergence failed at  33  side 2    Res =  0.7062E+00
 MRCHDU: Convergence failed at  97  side 2    Res =  0.1176E-01
 MRCHDU: Convergence failed at  98  side 2    Res =  0.3940E+00
 MRCHDU: Convergence failed at  99  side 2    Res =  0.1223E+00
 MRCHDU: Convergence failed at 100  side 2    Res =  0.4919E+00
 MRCHDU: Convergence failed at 101  side 2    Res =  0.1632E-03
 Side 1  free  transition at x/c =  0.5252   46
 Side 2  free  transition at x/c =  0.0274   15

  25   rms: 0.1657E+04   max: -.6219E+04   C at   83  2   RLX: 0.000
       a = -2.000      CL =  0.0189
      Cm =  0.0357     CD =  0.00000   =>   CDf =  0.00321    CDp = -0.00321

 MRCHDU: Convergence failed at  30  side 2    Res =  0.5368E-01
 MRCHDU: Convergence failed at  31  side 2    Res =  0.7552E+00
 MRCHDU: Convergence failed at  32  side 2    Res =  0.7341E+00
 MRCHDU: Convergence failed at  33  side 2    Res =  0.7152E+00
 MRCHDU: Convergence failed at  97  side 2    Res =  0.1179E-01
 MRCHDU: Convergence failed at  98  side 2    Res =  0.3931E+00
 MRCHDU: Convergence failed at  99  side 2    Res =  0.1215E+00
 MRCHDU: Convergence failed at 100  side 2    Res =  0.2261E+00
 MRCHDU: Convergence failed at 101  side 2    Res =  0.1619E-03
 Side 1  free  transition at x/c =  0.5252   46
 Side 2  free  transition at x/c =  0.0274   15

  26   rms: 0.1637E+04   max: -.6122E+04   C at   83  2   RLX: 0.000
       a = -2.000      CL =  0.0189
      Cm =  0.0357     CD =  0.00000   =>   CDf =  0.00321    CDp = -0.00321

 MRCHDU: Convergence failed at  30  side 2    Res =  0.7600E-01
 MRCHDU: Convergence failed at  31  side 2    Res =  0.7647E+00
 MRCHDU: Convergence failed at  32  side 2    Res =  0.7433E+00
 MRCHDU: Convergence failed at  33  side 2    Res =  0.7242E+00
 MRCHDU: Convergence failed at  97  side 2    Res =  0.1183E-01
 MRCHDU: Convergence failed at  98  side 2    Res =  0.1014E+01
 MRCHDU: Convergence failed at  99  side 2    Res =  0.1207E+00
 MRCHDU: Convergence failed at 100  side 2    Res =  0.2248E+00
 MRCHDU: Convergence failed at 101  side 2    Res =  0.1605E-03
 Side 1  free  transition at x/c =  0.5252   46
 Side 2  free  transition at x/c =  0.0274   15

  27   rms: 0.1617E+04   max: 0.7424E+04   T at  106  2   RLX: 0.000
       a = -2.000      CL =  0.0189
      Cm =  0.0357     CD =  0.00000   =>   CDf =  0.00321    CDp = -0.00321

 MRCHDU: Convergence failed at  30  side 2    Res =  0.9835E-01
 MRCHDU: Convergence failed at  31  side 2    Res =  0.7742E+00
 MRCHDU: Convergence failed at  32  side 2    Res =  0.7526E+00
 MRCHDU: Convergence failed at  33  side 2    Res =  0.7332E+00
 MRCHDU: Convergence failed at  97  side 2    Res =  0.1186E-01
 MRCHDU: Convergence failed at  98  side 2    Res =  0.1374E+01
 MRCHDU: Convergence failed at  99  side 2    Res =  0.1199E+00
 MRCHDU: Convergence failed at 100  side 2    Res =  0.2236E+00
 MRCHDU: Convergence failed at 101  side 2    Res =  0.1592E-03
 Side 1  free  transition at x/c =  0.5252   46
 Side 2  free  transition at x/c =  0.0274   15

  28   rms: 0.1601E+04   max: 0.9869E+04   T at  106  2   RLX: 0.000
       a = -2.000      CL =  0.0190
      Cm =  0.0357     CD =  0.00000   =>   CDf =  0.00321    CDp = -0.00321

 MRCHDU: Convergence failed at  30  side 2    Res =  0.1207E+00
 MRCHDU: Convergence failed at  31  side 2    Res =  0.9656E-01
 MRCHDU: Convergence failed at  32  side 2    Res =  0.7603E+00
 MRCHDU: Convergence failed at  33  side 2    Res =  0.7407E+00
 MRCHDU: Convergence failed at  97  side 2    Res =  0.1193E-01
 MRCHDU: Convergence failed at  98  side 2    Res =  0.8441E+00
 MRCHDU: Convergence failed at  99  side 2    Res =  0.1191E+00
 MRCHDU: Convergence failed at 100  side 2    Res =  0.2224E+00
 MRCHDU: Convergence failed at 101  side 2    Res =  0.1577E-03
 Side 1  free  transition at x/c =  0.5252   46
 Side 2  free  transition at x/c =  0.0274   15

  29   rms: 0.1587E+04   max: 0.1081E+05   T at  106  2   RLX: 0.000
       a = -2.000      CL =  0.0190
      Cm =  0.0357     CD =  0.00000   =>   CDf =  0.00321    CDp = -0.00321

 MRCHDU: Convergence failed at  30  side 2    Res =  0.1441E+00
 MRCHDU: Convergence failed at  31  side 2    Res =  0.1188E+00
 MRCHDU: Convergence failed at  32  side 2    Res =  0.9727E-01
 MRCHDU: Convergence failed at  33  side 2    Res =  0.7482E+00
 MRCHDU: Convergence failed at  97  side 2    Res =  0.1199E-01
 MRCHDU: Convergence failed at  98  side 2    Res =  0.3015E+00
 MRCHDU: Convergence failed at  99  side 2    Res =  0.1183E+00
 MRCHDU: Convergence failed at 100  side 2    Res =  0.2212E+00
 MRCHDU: Convergence failed at 101  side 2    Res =  0.1564E-03
 Side 1  free  transition at x/c =  0.5252   46
 Side 2  free  transition at x/c =  0.0274   15

  30   rms: 0.1563E+04   max: 0.8200E+04   T at  106  2   RLX: 0.000
       a = -2.000      CL =  0.0190
      Cm =  0.0357     CD =  0.00000   =>   CDf =  0.00321    CDp = -0.00321

 MRCHDU: Convergence failed at  30  side 2    Res =  0.1671E+00
 MRCHDU: Convergence failed at  31  side 2    Res =  0.1423E+00
 MRCHDU: Convergence failed at  32  side 2    Res =  0.1193E+00
 MRCHDU: Convergence failed at  33  side 2    Res =  0.9984E-01
 MRCHDU: Convergence failed at  97  side 2    Res =  0.1204E-01
 MRCHDU: Convergence failed at  98  side 2    Res =  0.1184E+01
 MRCHDU: Convergence failed at  99  side 2    Res =  0.1175E+00
 MRCHDU: Convergence failed at 100  side 2    Res =  0.1094E+01
 MRCHDU: Convergence failed at 101  side 2    Res =  0.1551E-03
 Side 1  free  transition at x/c =  0.5252   46
 Side 2  free  transition at x/c =  0.0274   15

  31   rms: 0.1542E+04   max: -.5757E+04   C at   83  2   RLX: 0.000
       a = -2.000      CL =  0.0191
      Cm =  0.0357     CD =  0.00000   =>   CDf =  0.00321    CDp = -0.00321

 MRCHDU: Convergence failed at  30  side 2    Res =  0.1902E+00
 MRCHDU: Convergence failed at  31  side 2    Res =  0.1651E+00
 MRCHDU: Convergence failed at  32  side 2    Res =  0.1430E+00
 MRCHDU: Convergence failed at  33  side 2    Res =  0.1218E+00
 MRCHDU: Convergence failed at  98  side 2    Res =  0.3916E+00
 MRCHDU: Convergence failed at  99  side 2    Res =  0.1981E+00
 MRCHDU: Convergence failed at 100  side 2    Res =  0.6224E+00
 Side 1  free  transition at x/c =  0.5252   46
 Side 2  free  transition at x/c =  0.0274   15

  32   rms: 0.7690E+02   max: 0.2035E+04   T at  106  2   RLX: 0.001
       a = -2.000      CL =  0.0195
      Cm =  0.0356     CD =  0.00000   =>   CDf =  0.00321    CDp = -0.00321

 MRCHDU: Convergence failed at  30  side 2    Res =  0.1855E+00
 MRCHDU: Convergence failed at  31  side 2    Res =  0.1594E+00
 MRCHDU: Convergence failed at  32  side 2    Res =  0.1364E+00
 MRCHDU: Convergence failed at  33  side 2    Res =  0.1159E+00
 MRCHDU: Convergence failed at  98  side 2    Res =  0.8470E+00
 MRCHDU: Convergence failed at  99  side 2    Res =  0.2364E+00
 MRCHDU: Convergence failed at 100  side 2    Res =  0.1890E+00
 Side 1  free  transition at x/c =  0.5252   46
 Side 2  free  transition at x/c =  0.0274   15

  33   rms: 0.3402E+02   max: 0.7846E+03   T at  106  2   RLX: 0.002
       a = -2.000      CL =  0.0207
      Cm =  0.0353     CD =  0.00000   =>   CDf =  0.00321    CDp = -0.00321

 MRCHDU: Convergence failed at  30  side 2    Res =  0.1722E+00
 MRCHDU: Convergence failed at  31  side 2    Res =  0.1439E+00
 MRCHDU: Convergence failed at  32  side 2    Res =  0.1190E+00
 MRCHDU: Convergence failed at  33  side 2    Res =  0.9676E-01
 MRCHDU: Convergence failed at  97  side 2    Res =  0.1462E-01
 MRCHDU: Convergence failed at  98  side 2    Res =  0.1355E+01
 MRCHDU: Convergence failed at  99  side 2    Res =  0.7647E+00
 MRCHDU: Convergence failed at 100  side 2    Res =  0.1075E+00
 MRCHDU: Convergence failed at 101  side 2    Res =  0.1304E-03
 Side 1  free  transition at x/c =  0.5251   46
 Side 2  free  transition at x/c =  0.0274   15

  34   rms: 0.1525E+04   max: -.5739E+04   C at   83  2   RLX: 0.000
       a = -2.000      CL =  0.0207
      Cm =  0.0353     CD =  0.00000   =>   CDf =  0.00321    CDp = -0.00321

 MRCHDU: Convergence failed at  30  side 2    Res =  0.1974E+00
 MRCHDU: Convergence failed at  31  side 2    Res =  0.1711E+00
 MRCHDU: Convergence failed at  32  side 2    Res =  0.1479E+00
 MRCHDU: Convergence failed at  33  side 2    Res =  0.1180E+00
 MRCHDU: Convergence failed at  98  side 2    Res =  0.1330E+00
 MRCHDU: Convergence failed at  99  side 2    Res =  0.1462E+01
 MRCHDU: Convergence failed at 100  side 2    Res =  0.8947E+00
 Side 1  free  transition at x/c =  0.5251   46
 Side 2  free  transition at x/c =  0.0274   15

  35   rms: 0.2251E+02   max: 0.2560E+03   T at  106  2   RLX: 0.006
       a = -2.000      CL =  0.0243
      Cm =  0.0346     CD =  0.00272   =>   CDf =  0.00321    CDp = -0.00049

 MRCHDU: Convergence failed at  30  side 2    Res =  0.1298E+00
 MRCHDU: Convergence failed at  31  side 2    Res =  0.9226E-01
 MRCHDU: Convergence failed at  32  side 2    Res =  0.8622E+00
 MRCHDU: Convergence failed at  33  side 2    Res =  0.8327E+00
 MRCHDU: Convergence failed at  97  side 2    Res =  0.1644E-01
 MRCHDU: Convergence failed at  98  side 2    Res =  0.8227E+00
 MRCHDU: Convergence failed at 100  side 2    Res =  0.2323E+00
 Side 1  free  transition at x/c =  0.5247   46
 Side 2  free  transition at x/c =  0.0274   15

  36   rms: 0.1504E+04   max: -.1057E+05   T at  104  2   RLX: 0.000
       a = -2.000      CL =  0.0243
      Cm =  0.0345     CD =  0.00237   =>   CDf =  0.00321    CDp = -0.00084

 MRCHDU: Convergence failed at  30  side 2    Res =  0.1352E+00
 MRCHDU: Convergence failed at  31  side 2    Res =  0.8808E-01
 MRCHDU: Convergence failed at  32  side 2    Res =  0.8636E+00
 MRCHDU: Convergence failed at  33  side 2    Res =  0.8412E+00
 MRCHDU: Convergence failed at  97  side 2    Res =  0.1652E-01
 MRCHDU: Convergence failed at  98  side 2    Res =  0.1220E+00
 MRCHDU: Convergence failed at 100  side 2    Res =  0.6116E-01
 MRCHDU: Convergence failed at 101  side 2    Res =  0.3293E-04
 Side 1  free  transition at x/c =  0.5247   46
 Side 2  free  transition at x/c =  0.0274   15

  37   rms: 0.3853E+03   max: 0.1469E+04   C at   83  2   RLX: 0.001
       a = -2.000      CL =  0.0247
      Cm =  0.0344     CD =  0.00151   =>   CDf =  0.00321    CDp = -0.00170

 MRCHDU: Convergence failed at  30  side 2    Res =  0.1409E+00
 MRCHDU: Convergence failed at  31  side 2    Res =  0.9687E-01
 MRCHDU: Convergence failed at  32  side 2    Res =  0.8223E+00
 MRCHDU: Convergence failed at  33  side 2    Res =  0.8002E+00
 MRCHDU: Convergence failed at  97  side 2    Res =  0.1715E-01
 MRCHDU: Convergence failed at  98  side 2    Res =  0.9023E+00
 MRCHDU: Convergence failed at  99  side 2    Res =  0.3244E-01
 MRCHDU: Convergence failed at 100  side 2    Res =  0.1229E+00
 Side 1  free  transition at x/c =  0.5248   46
 Side 2  free  transition at x/c =  0.0274   15

  38   rms: 0.7955E+03   max: -.2985E+04   C at   77  2   RLX: 0.000
       a = -2.000      CL =  0.0247
      Cm =  0.0344     CD =  0.00149   =>   CDf =  0.00321    CDp = -0.00172

 MRCHDU: Convergence failed at  30  side 2    Res =  0.1687E+00
 MRCHDU: Convergence failed at  31  side 2    Res =  0.1226E+00
 MRCHDU: Convergence failed at  32  side 2    Res =  0.9872E-01
 MRCHDU: Convergence failed at  33  side 2    Res =  0.8079E+00
 MRCHDU: Convergence failed at  97  side 2    Res =  0.1713E-01
 MRCHDU: Convergence failed at  98  side 2    Res =  0.7681E+00
 MRCHDU: Convergence failed at  99  side 2    Res =  0.3231E-01
 MRCHDU: Convergence failed at 100  side 2    Res =  0.9966E-01
 MRCHDU: Convergence failed at 101  side 2    Res =  0.2970E-04
 Side 1  free  transition at x/c =  0.5248   46
 Side 2  free  transition at x/c =  0.0274   15

  39   rms: 0.1035E+04   max: -.3878E+04   C at   77  2   RLX: 0.000
       a = -2.000      CL =  0.0248
      Cm =  0.0344     CD =  0.00104   =>   CDf =  0.00321    CDp = -0.00217

 MRCHDU: Convergence failed at  30  side 2    Res =  0.1972E+00
 MRCHDU: Convergence failed at  31  side 2    Res =  0.1692E+00
 MRCHDU: Convergence failed at  32  side 2    Res =  0.1259E+00
 MRCHDU: Convergence failed at  33  side 2    Res =  0.1043E+00
 MRCHDU: Convergence failed at  98  side 2    Res =  0.1549E+00
 MRCHDU: Convergence failed at  99  side 2    Res =  0.7724E-01
 MRCHDU: Convergence failed at 100  side 2    Res =  0.2027E+00
 Side 1  free  transition at x/c =  0.5248   46
 Side 2  free  transition at x/c =  0.0274   15

  40   rms: 0.1797E+03   max: 0.1618E+04   C at  102  2   RLX: 0.001
       a = -2.000      CL =  0.0256
      Cm =  0.0342     CD =  0.00030   =>   CDf =  0.00321    CDp = -0.00291

 MRCHDU: Convergence failed at  30  side 2    Res =  0.1365E+00
 MRCHDU: Convergence failed at  31  side 2    Res =  0.1066E+00
 MRCHDU: Convergence failed at  32  side 2    Res =  0.8034E-01
 MRCHDU: Convergence failed at  33  side 2    Res =  0.8742E+00
 MRCHDU: Convergence failed at  97  side 2    Res =  0.1600E-01
 MRCHDU: Convergence failed at  98  side 2    Res =  0.9563E-01
 Side 1  free  transition at x/c =  0.5247   46
 Side 2  free  transition at x/c =  0.0274   15

  41   rms: 0.4497E+04   max: 0.2107E+05   C at  100  2   RLX: 0.000
       a = -2.000      CL =  0.0255
      Cm =  0.0343     CD =  0.00074   =>   CDf =  0.00321    CDp = -0.00247

 MRCHDU: Convergence failed at  30  side 2    Res =  0.1519E+00
 MRCHDU: Convergence failed at  31  side 2    Res =  0.1225E+00
 MRCHDU: Convergence failed at  32  side 2    Res =  0.9362E-01
 MRCHDU: Convergence failed at  33  side 2    Res =  0.8864E+00
 MRCHDU: Convergence failed at  97  side 2    Res =  0.1580E-01
 MRCHDU: Convergence failed at  98  side 2    Res =  0.7588E+00
 MRCHDU: Convergence failed at  99  side 2    Res =  0.1899E+00
 Side 1  free  transition at x/c =  0.5246   46
 Side 2  free  transition at x/c =  0.0274   15

  42   rms: 0.7333E+03   max: 0.2719E+04   C at   83  2   RLX: 0.001
       a = -2.000      CL =  0.0258
      Cm =  0.0342     CD =  0.00084   =>   CDf =  0.00321    CDp = -0.00237

 MRCHDU: Convergence failed at  30  side 2    Res =  0.1292E+00
 MRCHDU: Convergence failed at  31  side 2    Res =  0.1004E+00
 MRCHDU: Convergence failed at  32  side 2    Res =  0.7277E-01
 MRCHDU: Convergence failed at  33  side 2    Res =  0.8476E+00
 MRCHDU: Convergence failed at  97  side 2    Res =  0.1663E-01
 MRCHDU: Convergence failed at  98  side 2    Res =  0.6098E-01
 MRCHDU: Convergence failed at  99  side 2    Res =  0.2123E+00
 Side 1  free  transition at x/c =  0.5247   46
 Side 2  free  transition at x/c =  0.0274   15

  43   rms: 0.2013E+04   max: 0.7410E+04   C at   83  2   RLX: 0.000
       a = -2.000      CL =  0.0258
      Cm =  0.0342     CD =  0.00069   =>   CDf =  0.00321    CDp = -0.00252

 MRCHDU: Convergence failed at  30  side 2    Res =  0.1186E+00
 MRCHDU: Convergence failed at  31  side 2    Res =  0.9106E-01
 MRCHDU: Convergence failed at  32  side 2    Res =  0.8572E+00
 MRCHDU: Convergence failed at  33  side 2    Res =  0.8350E+00
 MRCHDU: Convergence failed at  97  side 2    Res =  0.1687E-01
 MRCHDU: Convergence failed at  98  side 2    Res =  0.6066E+00
 MRCHDU: Convergence failed at  99  side 2    Res =  0.2154E-01
 Side 1  free  transition at x/c =  0.5247   46
 Side 2  free  transition at x/c =  0.0274   15

  44   rms: 0.9012E+02   max: -.7750E+03   C at   29  2   RLX: 0.001
       a = -2.000      CL =  0.0261
      Cm =  0.0341     CD =  0.00066   =>   CDf =  0.00321    CDp = -0.00255

 MRCHDU: Convergence failed at  30  side 2    Res =  0.1636E+00
 MRCHDU: Convergence failed at  31  side 2    Res =  0.1362E+00
 MRCHDU: Convergence failed at  32  side 2    Res =  0.1115E+00
 MRCHDU: Convergence failed at  33  side 2    Res =  0.8935E-01
 MRCHDU: Convergence failed at  97  side 2    Res =  0.1720E-01
 MRCHDU: Convergence failed at  98  side 2    Res =  0.1019E+00
 MRCHDU: Convergence failed at  99  side 2    Res =  0.3985E-01
 Side 1  free  transition at x/c =  0.5247   46
 Side 2  free  transition at x/c =  0.0274   15

  45   rms: 0.7906E+03   max: -.2947E+04   C at   77  2   RLX: 0.000
       a = -2.000      CL =  0.0261
      Cm =  0.0341     CD =  0.00061   =>   CDf =  0.00321    CDp = -0.00260

 MRCHDU: Convergence failed at  30  side 2    Res =  0.1898E+00
 MRCHDU: Convergence failed at  31  side 2    Res =  0.1621E+00
 MRCHDU: Convergence failed at  32  side 2    Res =  0.1377E+00
 MRCHDU: Convergence failed at  33  side 2    Res =  0.1133E+00
 MRCHDU: Convergence failed at  98  side 2    Res =  0.2867E+00
 MRCHDU: Convergence failed at  99  side 2    Res =  0.4667E+00
 MRCHDU: Convergence failed at 100  side 2    Res =  0.1124E+00
 Side 1  free  transition at x/c =  0.5248   46
 Side 2  free  transition at x/c =  0.0274   15

  46   rms: 0.1368E+03   max: 0.2375E+04   C at   29  2   RLX: 0.001
       a = -2.000      CL =  0.0271
      Cm =  0.0339     CD =  0.00118   =>   CDf =  0.00321    CDp = -0.00203

 MRCHDU: Convergence failed at  30  side 2    Res =  0.8521E-01
 MRCHDU: Convergence failed at  31  side 2    Res =  0.9358E+00
 MRCHDU: Convergence failed at  32  side 2    Res =  0.9085E+00
 MRCHDU: Convergence failed at  33  side 2    Res =  0.8840E+00
 MRCHDU: Convergence failed at  97  side 2    Res =  0.1450E-01
 MRCHDU: Convergence failed at  98  side 2    Res =  0.1013E+00
 MRCHDU: Convergence failed at  99  side 2    Res =  0.1283E+01
 MRCHDU: Convergence failed at 100  side 2    Res =  0.3039E-01
 Side 1  free  transition at x/c =  0.5245   46
 Side 2  free  transition at x/c =  0.0274   15

  47   rms: 0.2488E+04   max: 0.9351E+04   C at   83  2   RLX: 0.000
       a = -2.000      CL =  0.0272
      Cm =  0.0339     CD =  0.00080   =>   CDf =  0.00321    CDp = -0.00241

 MRCHDU: Convergence failed at  30  side 2    Res =  0.4513E-01
 MRCHDU: Convergence failed at  31  side 2    Res =  0.9026E+00
 MRCHDU: Convergence failed at  32  side 2    Res =  0.8771E+00
 MRCHDU: Convergence failed at  33  side 2    Res =  0.8542E+00
 MRCHDU: Convergence failed at  97  side 2    Res =  0.1575E-01
 MRCHDU: Convergence failed at  98  side 2    Res =  0.1732E+00
 MRCHDU: Convergence failed at  99  side 2    Res =  0.1985E+00
 MRCHDU: Convergence failed at 100  side 2    Res =  0.1126E+00
 MRCHDU: Convergence failed at 101  side 2    Res =  0.9760E-04
 Side 1  free  transition at x/c =  0.5245   46
 Side 2  free  transition at x/c =  0.0274   15

  48   rms: 0.5787E+04   max: -.2189E+05   C at   83  2   RLX: 0.000
       a = -2.000      CL =  0.0272
      Cm =  0.0339     CD =  0.00236   =>   CDf =  0.00321    CDp = -0.00085

 MRCHDU: Convergence failed at  30  side 2    Res =  0.6026E-01
 MRCHDU: Convergence failed at  31  side 2    Res =  0.9146E+00
 MRCHDU: Convergence failed at  32  side 2    Res =  0.8889E+00
 MRCHDU: Convergence failed at  33  side 2    Res =  0.8659E+00
 MRCHDU: Convergence failed at  97  side 2    Res =  0.1537E-01
 MRCHDU: Convergence failed at  98  side 2    Res =  0.1066E+00
 MRCHDU: Convergence failed at  99  side 2    Res =  0.1173E+01
 MRCHDU: Convergence failed at 100  side 2    Res =  0.5435E-01
 Side 1  free  transition at x/c =  0.5245   46
 Side 2  free  transition at x/c =  0.0274   15

  49   rms: 0.1081E+04   max: 0.4039E+04   C at   83  2   RLX: 0.000
       a = -2.000      CL =  0.0274
      Cm =  0.0339     CD =  0.00150   =>   CDf =  0.00321    CDp = -0.00171

 MRCHDU: Convergence failed at  30  side 2    Res =  0.2355E-01
 MRCHDU: Convergence failed at  31  side 2    Res =  0.8799E+00
 MRCHDU: Convergence failed at  32  side 2    Res =  0.8548E+00
 MRCHDU: Convergence failed at  33  side 2    Res =  0.8323E+00
 MRCHDU: Convergence failed at  97  side 2    Res =  0.1676E-01
 MRCHDU: Convergence failed at  98  side 2    Res =  0.1027E+00
 MRCHDU: Convergence failed at  99  side 2    Res =  0.1330E+01
 MRCHDU: Convergence failed at 100  side 2    Res =  0.1246E+01
 MRCHDU: Convergence failed at 101  side 2    Res =  0.9764E-04
 Side 1  free  transition at x/c =  0.5244   46
 Side 2  free  transition at x/c =  0.0274   15

  50   rms: 0.6119E+04   max: -.2315E+05   C at   83  2   RLX: 0.000
       a = -2.000      CL =  0.0274
      Cm =  0.0339     CD =  0.00430   =>   CDf =  0.00321    CDp =  0.00109

 MRCHDU: Convergence failed at  30  side 2    Res =  0.3857E-01
 MRCHDU: Convergence failed at  31  side 2    Res =  0.8923E+00
 MRCHDU: Convergence failed at  32  side 2    Res =  0.8672E+00
 MRCHDU: Convergence failed at  33  side 2    Res =  0.8448E+00
 MRCHDU: Convergence failed at  97  side 2    Res =  0.1637E-01
 MRCHDU: Convergence failed at  98  side 2    Res =  0.1164E+00
 MRCHDU: Convergence failed at  99  side 2    Res =  0.8862E+00
 MRCHDU: Convergence failed at 100  side 2    Res =  0.7272E-01
 Side 1  free  transition at x/c =  0.5244   46
 Side 2  free  transition at x/c =  0.0274   15

  51   rms: 0.6961E+03   max: 0.2600E+04   C at   83  2   RLX: 0.001
       a = -2.000      CL =  0.0276
      Cm =  0.0338     CD =  0.00483   =>   CDf =  0.00321    CDp =  0.00162

 MRCHDU: Convergence failed at  30  side 2    Res =  0.5544E-02
 MRCHDU: Convergence failed at  31  side 2    Res =  0.8570E+00
 MRCHDU: Convergence failed at  32  side 2    Res =  0.8323E+00
 MRCHDU: Convergence failed at  33  side 2    Res =  0.8102E+00
 MRCHDU: Convergence failed at  97  side 2    Res =  0.1792E-01
 MRCHDU: Convergence failed at  98  side 2    Res =  0.1132E+00
 MRCHDU: Convergence failed at  99  side 2    Res =  0.1063E+00
 MRCHDU: Convergence failed at 100  side 2    Res =  0.1730E+00
 MRCHDU: Convergence failed at 101  side 2    Res =  0.9651E-04
 Side 1  free  transition at x/c =  0.5244   46
 Side 2  free  transition at x/c =  0.0274   15

  52   rms: 0.7285E+04   max: -.2757E+05   C at   83  2   RLX: 0.000
       a = -2.000      CL =  0.0277
      Cm =  0.0338     CD =  0.01284   =>   CDf =  0.00321    CDp =  0.00963

 MRCHDU: Convergence failed at  30  side 2    Res =  0.2034E-01
 MRCHDU: Convergence failed at  31  side 2    Res =  0.8696E+00
 MRCHDU: Convergence failed at  32  side 2    Res =  0.8452E+00
 MRCHDU: Convergence failed at  33  side 2    Res =  0.8234E+00
 MRCHDU: Convergence failed at  97  side 2    Res =  0.1750E-01
 MRCHDU: Convergence failed at  98  side 2    Res =  0.1718E+00
 MRCHDU: Convergence failed at  99  side 2    Res =  0.9241E+00
 MRCHDU: Convergence failed at 100  side 2    Res =  0.3257E+00
 MRCHDU: Convergence failed at 101  side 2    Res =  0.9552E-04
 Side 1  free  transition at x/c =  0.5244   46
 Side 2  free  transition at x/c =  0.0274   15

  53   rms: 0.6987E+04   max: -.2643E+05   C at   83  2   RLX: 0.000
       a = -2.000      CL =  0.0277
      Cm =  0.0338     CD =  0.02011   =>   CDf =  0.00321    CDp =  0.01690

 MRCHDU: Convergence failed at  30  side 2    Res =  0.3520E-01
 MRCHDU: Convergence failed at  31  side 2    Res =  0.8815E+00
 MRCHDU: Convergence failed at  32  side 2    Res =  0.8568E+00
 MRCHDU: Convergence failed at  33  side 2    Res =  0.8347E+00
 MRCHDU: Convergence failed at  97  side 2    Res =  0.1710E-01
 MRCHDU: Convergence failed at  98  side 2    Res =  0.1216E+00
 MRCHDU: Convergence failed at  99  side 2    Res =  0.1232E+01
 MRCHDU: Convergence failed at 100  side 2    Res =  0.3195E+00
 MRCHDU: Convergence failed at 101  side 2    Res =  0.9457E-04
 Side 1  free  transition at x/c =  0.5244   46
 Side 2  free  transition at x/c =  0.0274   15

  54   rms: 0.6771E+04   max: -.2561E+05   C at   83  2   RLX: 0.000
       a = -2.000      CL =  0.0277
      Cm =  0.0338     CD =  0.03029   =>   CDf =  0.00321    CDp =  0.02708

 MRCHDU: Convergence failed at  30  side 2    Res =  0.5012E-01
 MRCHDU: Convergence failed at  31  side 2    Res =  0.8935E+00
 MRCHDU: Convergence failed at  32  side 2    Res =  0.8684E+00
 MRCHDU: Convergence failed at  33  side 2    Res =  0.8459E+00
 MRCHDU: Convergence failed at  97  side 2    Res =  0.1669E-01
 MRCHDU: Convergence failed at  98  side 2    Res =  0.1182E+00
 MRCHDU: Convergence failed at  99  side 2    Res =  0.1467E+00
 MRCHDU: Convergence failed at 100  side 2    Res =  0.8839E+00
 MRCHDU: Convergence failed at 101  side 2    Res =  0.9366E-04
 Side 1  free  transition at x/c =  0.5244   46
 Side 2  free  transition at x/c =  0.0274   15

  55   rms: 0.6610E+04   max: -.2500E+05   C at   83  2   RLX: 0.000
       a = -2.000      CL =  0.0277
      Cm =  0.0338     CD =  0.04412   =>   CDf =  0.00321    CDp =  0.04091

 MRCHDU: Convergence failed at  30  side 2    Res =  0.6508E-01
 MRCHDU: Convergence failed at  31  side 2    Res =  0.9054E+00
 MRCHDU: Convergence failed at  32  side 2    Res =  0.8799E+00
 MRCHDU: Convergence failed at  33  side 2    Res =  0.8571E+00
 MRCHDU: Convergence failed at  97  side 2    Res =  0.1629E-01
 MRCHDU: Convergence failed at  98  side 2    Res =  0.1145E+00
 MRCHDU: Convergence failed at  99  side 2    Res =  0.1841E+00
 MRCHDU: Convergence failed at 100  side 2    Res =  0.3074E+00
 MRCHDU: Convergence failed at 101  side 2    Res =  0.9279E-04
 Side 1  free  transition at x/c =  0.5244   46
 Side 2  free  transition at x/c =  0.0274   15

  56   rms: 0.6488E+04   max: -.2453E+05   C at   83  2   RLX: 0.000
       a = -2.000      CL =  0.0277
      Cm =  0.0338     CD =  0.06238   =>   CDf =  0.00321    CDp =  0.05917

 MRCHDU: Convergence failed at  30  side 2    Res =  0.8009E-01
 MRCHDU: Convergence failed at  31  side 2    Res =  0.9173E+00
 MRCHDU: Convergence failed at  32  side 2    Res =  0.8915E+00
 MRCHDU: Convergence failed at  33  side 2    Res =  0.8684E+00
 MRCHDU: Convergence failed at  97  side 2    Res =  0.1590E-01
 MRCHDU: Convergence failed at  98  side 2    Res =  0.1103E+00
 MRCHDU: Convergence failed at  99  side 2    Res =  0.1526E+00
 MRCHDU: Convergence failed at 100  side 2    Res =  0.6582E-01
 Side 1  free  transition at x/c =  0.5244   46
 Side 2  free  transition at x/c =  0.0274   15

  57   rms: 0.1472E+04   max: 0.5526E+04   C at   83  2   RLX: 0.000
       a = -2.000      CL =  0.0278
      Cm =  0.0338     CD =  0.02934   =>   CDf =  0.00321    CDp =  0.02613

 MRCHDU: Convergence failed at  30  side 2    Res =  0.4248E-01
 MRCHDU: Convergence failed at  31  side 2    Res =  0.8826E+00
 MRCHDU: Convergence failed at  32  side 2    Res =  0.8575E+00
 MRCHDU: Convergence failed at  33  side 2    Res =  0.8351E+00
 MRCHDU: Convergence failed at  97  side 2    Res =  0.1728E-01
 MRCHDU: Convergence failed at  98  side 2    Res =  0.1066E+00
 MRCHDU: Convergence failed at  99  side 2    Res =  0.3422E+00
 MRCHDU: Convergence failed at 100  side 2    Res =  0.1077E+01
 MRCHDU: Convergence failed at 101  side 2    Res =  0.9365E-04
 Side 1  free  transition at x/c =  0.5244   46
 Side 2  free  transition at x/c =  0.0274   15

  58   rms: 0.7248E+04   max: -.2742E+05   C at   83  2   RLX: 0.000
       a = -2.000      CL =  0.0279
      Cm =  0.0338     CD =  0.06754   =>   CDf =  0.00321    CDp =  0.06433

 MRCHDU: Convergence failed at  30  side 2    Res =  0.5733E-01
 MRCHDU: Convergence failed at  31  side 2    Res =  0.8948E+00
 MRCHDU: Convergence failed at  32  side 2    Res =  0.8697E+00
 MRCHDU: Convergence failed at  33  side 2    Res =  0.8472E+00
 MRCHDU: Convergence failed at  97  side 2    Res =  0.1687E-01
 MRCHDU: Convergence failed at  98  side 2    Res =  0.1191E+00
 MRCHDU: Convergence failed at  99  side 2    Res =  0.1327E+01
 MRCHDU: Convergence failed at 100  side 2    Res =  0.7195E-01
 Side 1  free  transition at x/c =  0.5244   46
 Side 2  free  transition at x/c =  0.0274   15

  59   rms: 0.2052E+04   max: 0.7742E+04   C at   83  2   RLX: 0.000
       a = -2.000      CL =  0.0279
      Cm =  0.0337     CD =  0.02434   =>   CDf =  0.00321    CDp =  0.02113

 MRCHDU: Convergence failed at  30  side 2    Res =  0.1887E-01
 MRCHDU: Convergence failed at  31  side 2    Res =  0.8603E+00
 MRCHDU: Convergence failed at  32  side 2    Res =  0.8360E+00
 MRCHDU: Convergence failed at  33  side 2    Res =  0.8143E+00
 MRCHDU: Convergence failed at  97  side 2    Res =  0.1824E-01
 MRCHDU: Convergence failed at  98  side 2    Res =  0.1161E+00
 MRCHDU: Convergence failed at  99  side 2    Res =  0.1084E+00
 MRCHDU: Convergence failed at 100  side 2    Res =  0.7516E+00
 MRCHDU: Convergence failed at 101  side 2    Res =  0.9529E-04
 Side 1  free  transition at x/c =  0.5244   46
 Side 2  free  transition at x/c =  0.0274   15

  60   rms: 0.8828E+04   max: -.3341E+05   C at   83  2   RLX: 0.000
       a = -2.000      CL =  0.0279
      Cm =  0.0337     CD =  0.05803   =>   CDf =  0.00321    CDp =  0.05482

 MRCHDU: Convergence failed at  30  side 2    Res =  0.3350E-01
 MRCHDU: Convergence failed at  31  side 2    Res =  0.8725E+00
 MRCHDU: Convergence failed at  32  side 2    Res =  0.8480E+00
 MRCHDU: Convergence failed at  33  side 2    Res =  0.8261E+00
 MRCHDU: Convergence failed at  97  side 2    Res =  0.1782E-01
 MRCHDU: Convergence failed at  98  side 2    Res =  0.1780E+00
 MRCHDU: Convergence failed at  99  side 2    Res =  0.1250E+01
 MRCHDU: Convergence failed at 100  side 2    Res =  0.1188E+01
 MRCHDU: Convergence failed at 101  side 2    Res =  0.9430E-04
 Side 1  free  transition at x/c =  0.5244   46
 Side 2  free  transition at x/c =  0.0274   15

  61   rms: 0.8134E+04   max: -.3078E+05   C at   83  2   RLX: 0.000
       a = -2.000      CL =  0.0280
      Cm =  0.0337     CD =  0.08311   =>   CDf =  0.00321    CDp =  0.07990

 MRCHDU: Convergence failed at  30  side 2    Res =  0.4823E-01
 MRCHDU: Convergence failed at  31  side 2    Res =  0.8844E+00
 MRCHDU: Convergence failed at  32  side 2    Res =  0.8596E+00
 MRCHDU: Convergence failed at  33  side 2    Res =  0.8374E+00
 MRCHDU: Convergence failed at  97  side 2    Res =  0.1741E-01
 MRCHDU: Convergence failed at  98  side 2    Res =  0.1230E+00
 MRCHDU: Convergence failed at  99  side 2    Res =  0.3420E+00
 MRCHDU: Convergence failed at 100  side 2    Res =  0.5974E-01
 Side 1  free  transition at x/c =  0.5244   46
 Side 2  free  transition at x/c =  0.0274   15

  62   rms: 0.9835E+03   max: 0.3704E+04   C at   83  2   RLX: 0.000
       a = -2.000      CL =  0.0281
      Cm =  0.0337     CD =  0.04603   =>   CDf =  0.00321    CDp =  0.04282

 MRCHDU: Convergence failed at  30  side 2    Res =  0.1388E-01
 MRCHDU: Convergence failed at  31  side 2    Res =  0.8491E+00
 MRCHDU: Convergence failed at  32  side 2    Res =  0.8249E+00
 MRCHDU: Convergence failed at  33  side 2    Res =  0.8032E+00
 MRCHDU: Convergence failed at  97  side 2    Res =  0.1892E-01
 MRCHDU: Convergence failed at  98  side 2    Res =  0.1203E+00
 MRCHDU: Convergence failed at  99  side 2    Res =  0.1138E+00
 MRCHDU: Convergence failed at 100  side 2    Res =  0.7959E+00
 MRCHDU: Convergence failed at 101  side 2    Res =  0.9471E-04
 Side 1  free  transition at x/c =  0.5244   46
 Side 2  free  transition at x/c =  0.0274   15

  63   rms: 0.1456E+05   max: -.5512E+05   C at   83  2   RLX: 0.000
       a = -2.000      CL =  0.0282
      Cm =  0.0337     CD =  0.10629   =>   CDf =  0.00321    CDp =  0.10308

 MRCHDU: Convergence failed at  30  side 2    Res =  0.2817E-01
 MRCHDU: Convergence failed at  31  side 2    Res =  0.8616E+00
 MRCHDU: Convergence failed at  32  side 2    Res =  0.8375E+00
 MRCHDU: Convergence failed at  33  side 2    Res =  0.8159E+00
 MRCHDU: Convergence failed at  97  side 2    Res =  0.1849E-01
 MRCHDU: Convergence failed at  98  side 2    Res =  0.1628E+00
 MRCHDU: Convergence failed at  99  side 2    Res =  0.1086E+00
 MRCHDU: Convergence failed at 100  side 2    Res =  0.6391E-01
 Side 1  free  transition at x/c =  0.5244   46
 Side 2  free  transition at x/c =  0.0274   15

  64   rms: 0.8076E+03   max: 0.3050E+04   C at   83  2   RLX: 0.000
       a = -2.000      CL =  0.0284
      Cm =  0.0336     CD =  0.06071   =>   CDf =  0.00321    CDp =  0.05750

 MRCHDU: Convergence failed at  31  side 2    Res =  0.8224E+00
 MRCHDU: Convergence failed at  32  side 2    Res =  0.7988E+00
 MRCHDU: Convergence failed at  33  side 2    Res =  0.7777E+00
 MRCHDU: Convergence failed at  97  side 2    Res =  0.2008E-01
 MRCHDU: Convergence failed at  98  side 2    Res =  0.1734E+00
 MRCHDU: Convergence failed at  99  side 2    Res =  0.1220E+00
 MRCHDU: Convergence failed at 100  side 2    Res =  0.2430E+00
 MRCHDU: Convergence failed at 101  side 2    Res =  0.9503E-04
 Side 1  free  transition at x/c =  0.5244   46
 Side 2  free  transition at x/c =  0.0274   15

  65   rms: 0.1857E+05   max: 0.7035E+05   C at   83  2   RLX: 0.000
       a = -2.000      CL =  0.0283
      Cm =  0.0336     CD =  0.02462   =>   CDf =  0.00321    CDp =  0.02141

 MRCHDU: Convergence failed at  31  side 2    Res =  0.7500E+00
 MRCHDU: Convergence failed at  32  side 2    Res =  0.7280E+00
 MRCHDU: Convergence failed at  33  side 2    Res =  0.7082E+00
 MRCHDU: Convergence failed at  97  side 2    Res =  0.2127E-01
 MRCHDU: Convergence failed at  98  side 2    Res =  0.8401E+00
 MRCHDU: Convergence failed at  99  side 2    Res =  0.1000E+01
 MRCHDU: Convergence failed at 100  side 2    Res =  0.4801E+00
 MRCHDU: Convergence failed at 101  side 2    Res =  0.9838E-04
 Side 1  free  transition at x/c =  0.5244   46
 Side 2  free  transition at x/c =  0.0274   15

  66   rms: 0.4518E+05   max: 0.1711E+06   C at   83  2   RLX: 0.000
       a = -2.000      CL =  0.0283
      Cm =  0.0336     CD =  0.00117   =>   CDf =  0.00321    CDp = -0.00204

 MRCHDU: Convergence failed at  31  side 2    Res =  0.6791E+00
 MRCHDU: Convergence failed at  32  side 2    Res =  0.6581E+00
 MRCHDU: Convergence failed at  33  side 2    Res =  0.6393E+00
 MRCHDU: Convergence failed at  97  side 2    Res =  0.2320E-01
 MRCHDU: Convergence failed at  98  side 2    Res =  0.1697E+00
 MRCHDU: Convergence failed at  99  side 2    Res =  0.8545E+00
 MRCHDU: Convergence failed at 100  side 2    Res =  0.9480E+00
 MRCHDU: Convergence failed at 101  side 2    Res =  0.1040E-03
 Side 1  free  transition at x/c =  0.5244   46
 Side 2  free  transition at x/c =  0.0274   15

  67   rms: 0.9972E+03   max: 0.3788E+04   C at   83  2   RLX: 0.000
       a = -2.000      CL =  0.0284
      Cm =  0.0336     CD =  0.00000   =>   CDf =  0.00321    CDp = -0.00321

 MRCHDU: Convergence failed at  31  side 2    Res =  0.6252E+00
 MRCHDU: Convergence failed at  32  side 2    Res =  0.6052E+00
 MRCHDU: Convergence failed at  33  side 2    Res =  0.5872E+00
 MRCHDU: Convergence failed at  97  side 2    Res =  0.2687E-01
 MRCHDU: Convergence failed at  98  side 2    Res =  0.5573E+00
 MRCHDU: Convergence failed at  99  side 2    Res =  0.5626E+00
 MRCHDU: Convergence failed at 100  side 2    Res =  0.1201E+00
 MRCHDU: Convergence failed at 101  side 2    Res =  0.1142E-03
 Side 1  free  transition at x/c =  0.5246   46
 Side 2  free  transition at x/c =  0.0274   15

  68   rms: 0.4828E+03   max: -.1810E+04   C at   75  2   RLX: 0.000
       a = -2.000      CL =  0.0285
      Cm =  0.0336     CD =  0.00001   =>   CDf =  0.00321    CDp = -0.00320

 MRCHDU: Convergence failed at  31  side 2    Res =  0.6570E+00
 MRCHDU: Convergence failed at  32  side 2    Res =  0.6366E+00
 MRCHDU: Convergence failed at  33  side 2    Res =  0.6184E+00
 MRCHDU: Convergence failed at  97  side 2    Res =  0.2598E-01
 MRCHDU: Convergence failed at  98  side 2    Res =  0.1523E+00
 MRCHDU: Convergence failed at  99  side 2    Res =  0.1732E+00
 MRCHDU: Convergence failed at 100  side 2    Res =  0.1579E+01
 MRCHDU: Convergence failed at 101  side 2    Res =  0.1088E-03
 Side 1  free  transition at x/c =  0.5246   46
 Side 2  free  transition at x/c =  0.0274   15

  69   rms: 0.5082E+03   max: -.1910E+04   C at   75  2   RLX: 0.000
       a = -2.000      CL =  0.0286
      Cm =  0.0335     CD =  0.00010   =>   CDf =  0.00321    CDp = -0.00311

 MRCHDU: Convergence failed at  31  side 2    Res =  0.6892E+00
 MRCHDU: Convergence failed at  32  side 2    Res =  0.6686E+00
 MRCHDU: Convergence failed at  33  side 2    Res =  0.6501E+00
 MRCHDU: Convergence failed at  97  side 2    Res =  0.2533E-01
 MRCHDU: Convergence failed at  98  side 2    Res =  0.2924E+00
 MRCHDU: Convergence failed at  99  side 2    Res =  0.1709E+00
 MRCHDU: Convergence failed at 100  side 2    Res =  0.3973E+00
 MRCHDU: Convergence failed at 101  side 2    Res =  0.1050E-03
 Side 1  free  transition at x/c =  0.5245   46
 Side 2  free  transition at x/c =  0.0274   15

  70   rms: 0.5327E+03   max: -.2003E+04   C at   77  2   RLX: 0.000
       a = -2.000      CL =  0.0288
      Cm =  0.0335     CD =  0.00057   =>   CDf =  0.00321    CDp = -0.00264

 MRCHDU: Convergence failed at  31  side 2    Res =  0.7216E+00
 MRCHDU: Convergence failed at  32  side 2    Res =  0.7007E+00
 MRCHDU: Convergence failed at  33  side 2    Res =  0.6820E+00
 MRCHDU: Convergence failed at  97  side 2    Res =  0.2485E-01
 MRCHDU: Convergence failed at  98  side 2    Res =  0.2889E+00
 MRCHDU: Convergence failed at  99  side 2    Res =  0.5435E+00
 MRCHDU: Convergence failed at 100  side 2    Res =  0.1192E+01
 MRCHDU: Convergence failed at 101  side 2    Res =  0.1024E-03
 Side 1  free  transition at x/c =  0.5245   46
 Side 2  free  transition at x/c =  0.0274   15

  71   rms: 0.5549E+03   max: -.2088E+04   C at   78  2   RLX: 0.000
       a = -2.000      CL =  0.0289
      Cm =  0.0335     CD =  0.00174   =>   CDf =  0.00321    CDp = -0.00147

 MRCHDU: Convergence failed at  30  side 2    Res =  0.7504E-03
 MRCHDU: Convergence failed at  31  side 2    Res =  0.7533E+00
 MRCHDU: Convergence failed at  32  side 2    Res =  0.7322E+00
 MRCHDU: Convergence failed at  33  side 2    Res =  0.7132E+00
 MRCHDU: Convergence failed at  97  side 2    Res =  0.2451E-01
 MRCHDU: Convergence failed at  98  side 2    Res =  0.7129E+00
 MRCHDU: Convergence failed at  99  side 2    Res =  0.8525E+00
 MRCHDU: Convergence failed at 100  side 2    Res =  0.1602E+00
 MRCHDU: Convergence failed at 101  side 2    Res =  0.1004E-03
 Side 1  free  transition at x/c =  0.5246   46
 Side 2  free  transition at x/c =  0.0274   15

  72   rms: 0.5734E+03   max: -.2158E+04   C at   78  2   RLX: 0.000
       a = -2.000      CL =  0.0290
      Cm =  0.0334     CD =  0.00371   =>   CDf =  0.00321    CDp =  0.00051

 MRCHDU: Convergence failed at  30  side 2    Res =  0.2319E-01
 MRCHDU: Convergence failed at  31  side 2    Res =  0.7633E+00
 MRCHDU: Convergence failed at  32  side 2    Res =  0.7418E+00
 MRCHDU: Convergence failed at  33  side 2    Res =  0.7226E+00
 MRCHDU: Convergence failed at  97  side 2    Res =  0.2416E-01
 MRCHDU: Convergence failed at  98  side 2    Res =  0.1037E+01
 MRCHDU: Convergence failed at  99  side 2    Res =  0.3960E+00
 MRCHDU: Convergence failed at 100  side 2    Res =  0.1006E+01
 MRCHDU: Convergence failed at 101  side 2    Res =  0.9893E-04
 Side 1  free  transition at x/c =  0.5246   46
 Side 2  free  transition at x/c =  0.0274   15

  73   rms: 0.5807E+03   max: -.2186E+04   C at   78  2   RLX: 0.000
       a = -2.000      CL =  0.0291
      Cm =  0.0334     CD =  0.00727   =>   CDf =  0.00321    CDp =  0.00407

 MRCHDU: Convergence failed at  30  side 2    Res =  0.4524E-01
 MRCHDU: Convergence failed at  31  side 2    Res =  0.7734E+00
 MRCHDU: Convergence failed at  32  side 2    Res =  0.7517E+00
 MRCHDU: Convergence failed at  33  side 2    Res =  0.7322E+00
 MRCHDU: Convergence failed at  97  side 2    Res =  0.2381E-01
 MRCHDU: Convergence failed at  98  side 2    Res =  0.5564E+00
 MRCHDU: Convergence failed at  99  side 2    Res =  0.3936E+00
 MRCHDU: Convergence failed at 100  side 2    Res =  0.1266E+00
 MRCHDU: Convergence failed at 101  side 2    Res =  0.9752E-04
 Side 1  free  transition at x/c =  0.5246   46
 Side 2  free  transition at x/c =  0.0274   15

  74   rms: 0.5866E+03   max: -.2209E+04   C at   78  2   RLX: 0.000
       a = -2.000      CL =  0.0292
      Cm =  0.0334     CD =  0.01327   =>   CDf =  0.00321    CDp =  0.01006

 MRCHDU: Convergence failed at  30  side 2    Res =  0.6692E-01
 MRCHDU: Convergence failed at  31  side 2    Res =  0.7837E+00
 MRCHDU: Convergence failed at  32  side 2    Res =  0.7616E+00
 MRCHDU: Convergence failed at  33  side 2    Res =  0.7418E+00
 MRCHDU: Convergence failed at  97  side 2    Res =  0.2346E-01
 MRCHDU: Convergence failed at  98  side 2    Res =  0.1755E+00
 MRCHDU: Convergence failed at  99  side 2    Res =  0.8453E+00
 MRCHDU: Convergence failed at 100  side 2    Res =  0.1248E+00
 MRCHDU: Convergence failed at 101  side 2    Res =  0.9619E-04
 Side 1  free  transition at x/c =  0.5246   46
 Side 2  free  transition at x/c =  0.0274   15

  75   rms: 0.5919E+03   max: -.2229E+04   C at   78  2   RLX: 0.000
       a = -2.000      CL =  0.0293
      Cm =  0.0334     CD =  0.02280   =>   CDf =  0.00321    CDp =  0.01959

 MRCHDU: Convergence failed at  30  side 2    Res =  0.8827E-01
 MRCHDU: Convergence failed at  31  side 2    Res =  0.7940E+00
 MRCHDU: Convergence failed at  32  side 2    Res =  0.7717E+00
 MRCHDU: Convergence failed at  33  side 2    Res =  0.7516E+00
 MRCHDU: Convergence failed at  97  side 2    Res =  0.2311E-01
 MRCHDU: Convergence failed at  98  side 2    Res =  0.1742E+00
 MRCHDU: Convergence failed at  99  side 2    Res =  0.1187E+01
 MRCHDU: Convergence failed at 100  side 2    Res =  0.1228E+00
 MRCHDU: Convergence failed at 101  side 2    Res =  0.9491E-04
 Side 1  free  transition at x/c =  0.5246   46
 Side 2  free  transition at x/c =  0.0274   15

  76   rms: 0.5974E+03   max: -.2250E+04   C at   78  2   RLX: 0.000
       a = -2.000      CL =  0.0294
      Cm =  0.0334     CD =  0.03719   =>   CDf =  0.00321    CDp =  0.03398

 MRCHDU: Convergence failed at  30  side 2    Res =  0.1093E+00
 MRCHDU: Convergence failed at  31  side 2    Res =  0.8432E-01
 MRCHDU: Convergence failed at  32  side 2    Res =  0.7801E+00
 MRCHDU: Convergence failed at  33  side 2    Res =  0.7598E+00
 MRCHDU: Convergence failed at  97  side 2    Res =  0.2291E-01
 MRCHDU: Convergence failed at  98  side 2    Res =  0.1730E+00
 MRCHDU: Convergence failed at  99  side 2    Res =  0.6784E+00
 MRCHDU: Convergence failed at 100  side 2    Res =  0.1208E+00
 MRCHDU: Convergence failed at 101  side 2    Res =  0.9360E-04
 Side 1  free  transition at x/c =  0.5246   46
 Side 2  free  transition at x/c =  0.0274   15

  77   rms: 0.5931E+03   max: -.2234E+04   C at   78  2   RLX: 0.000
       a = -2.000      CL =  0.0295
      Cm =  0.0333     CD =  0.05760   =>   CDf =  0.00321    CDp =  0.05439

 MRCHDU: Convergence failed at  30  side 2    Res =  0.1310E+00
 MRCHDU: Convergence failed at  31  side 2    Res =  0.1048E+00
 MRCHDU: Convergence failed at  32  side 2    Res =  0.8255E-01
 MRCHDU: Convergence failed at  33  side 2    Res =  0.7678E+00
 MRCHDU: Convergence failed at  97  side 2    Res =  0.2271E-01
 MRCHDU: Convergence failed at  98  side 2    Res =  0.1716E+00
 MRCHDU: Convergence failed at  99  side 2    Res =  0.2541E+00
 MRCHDU: Convergence failed at 100  side 2    Res =  0.1185E+00
 MRCHDU: Convergence failed at 101  side 2    Res =  0.9238E-04
 Side 1  free  transition at x/c =  0.5246   46
 Side 2  free  transition at x/c =  0.0274   15

  78   rms: 0.5912E+03   max: -.2227E+04   C at   78  2   RLX: 0.000
       a = -2.000      CL =  0.0296
      Cm =  0.0333     CD =  0.08548   =>   CDf =  0.00321    CDp =  0.08227

 MRCHDU: Convergence failed at  30  side 2    Res =  0.1522E+00
 MRCHDU: Convergence failed at  31  side 2    Res =  0.1265E+00
 MRCHDU: Convergence failed at  32  side 2    Res =  0.1025E+00
 MRCHDU: Convergence failed at  33  side 2    Res =  0.8226E-01
 MRCHDU: Convergence failed at  97  side 2    Res =  0.2250E-01
 MRCHDU: Convergence failed at  98  side 2    Res =  0.1703E+00
 MRCHDU: Convergence failed at  99  side 2    Res =  0.2873E+00
 MRCHDU: Convergence failed at 100  side 2    Res =  0.1161E+00
 MRCHDU: Convergence failed at 101  side 2    Res =  0.9122E-04
 Side 1  free  transition at x/c =  0.5246   46
 Side 2  free  transition at x/c =  0.0274   15

  79   rms: 0.5923E+03   max: -.2231E+04   C at   78  2   RLX: 0.000
       a = -2.000      CL =  0.0297
      Cm =  0.0333     CD =  0.12230   =>   CDf =  0.00321    CDp =  0.11909

 MRCHDU: Convergence failed at  30  side 2    Res =  0.1734E+00
 MRCHDU: Convergence failed at  31  side 2    Res =  0.1473E+00
 MRCHDU: Convergence failed at  32  side 2    Res =  0.1244E+00
 MRCHDU: Convergence failed at  33  side 2    Res =  0.1016E+00
 MRCHDU: Convergence failed at  97  side 2    Res =  0.8166E-03
 MRCHDU: Convergence failed at  98  side 2    Res =  0.2955E+00
 MRCHDU: Convergence failed at  99  side 2    Res =  0.4102E+00
 MRCHDU: Convergence failed at 100  side 2    Res =  0.1366E+00
 MRCHDU: Convergence failed at 101  side 2    Res =  0.6490E-04
 Side 1  free  transition at x/c =  0.5246   46
 Side 2  free  transition at x/c =  0.0274   15

  80   rms: 0.1102E+03   max: -.4429E+03   C at   34  2   RLX: 0.001
       a = -2.000      CL =  0.0314
      Cm =  0.0329     CD =  0.09879   =>   CDf =  0.00321    CDp =  0.09558

 MRCHDU: Convergence failed at  30  side 2    Res =  0.1527E+00
 MRCHDU: Convergence failed at  31  side 2    Res =  0.1243E+00
 MRCHDU: Convergence failed at  32  side 2    Res =  0.9943E-01
 MRCHDU: Convergence failed at  33  side 2    Res =  0.8106E+00
 MRCHDU: Convergence failed at  97  side 2    Res =  0.1030E-01
 MRCHDU: Convergence failed at  98  side 2    Res =  0.2840E+00
 MRCHDU: Convergence failed at  99  side 2    Res =  0.1844E+00
 MRCHDU: Convergence failed at 100  side 2    Res =  0.1130E+00
 MRCHDU: Convergence failed at 101  side 2    Res =  0.8588E-04
 Side 1  free  transition at x/c =  0.5241   46
 Side 2  free  transition at x/c =  0.0274   15

  81   rms: 0.1553E+04   max: 0.5918E+04   C at   83  2   RLX: 0.000
       a = -2.000      CL =  0.0315
      Cm =  0.0329     CD =  0.25507   =>   CDf =  0.00321    CDp =  0.25186

 MRCHDU: Convergence failed at  30  side 2    Res =  0.1479E+00
 MRCHDU: Convergence failed at  31  side 2    Res =  0.1223E+00
 MRCHDU: Convergence failed at  32  side 2    Res =  0.9589E-01
 MRCHDU: Convergence failed at  33  side 2    Res =  0.7690E+00
 MRCHDU: Convergence failed at  97  side 2    Res =  0.1066E-01
 MRCHDU: Convergence failed at  98  side 2    Res =  0.3922E+00
 MRCHDU: Convergence failed at  99  side 2    Res =  0.1177E+00
 MRCHDU: Convergence failed at 100  side 2    Res =  0.1054E+00
 MRCHDU: Convergence failed at 101  side 2    Res =  0.8464E-04
 Side 1  free  transition at x/c =  0.5242   46
 Side 2  free  transition at x/c =  0.0274   15

  82   rms: 0.8184E+03   max: -.3053E+04   C at   74  2   RLX: 0.000
       a = -2.000      CL =  0.0316
      Cm =  0.0329     CD =  0.23649   =>   CDf =  0.00321    CDp =  0.23328

 MRCHDU: Convergence failed at  30  side 2    Res =  0.1830E+00
 MRCHDU: Convergence failed at  31  side 2    Res =  0.1572E+00
 MRCHDU: Convergence failed at  32  side 2    Res =  0.1301E+00
 MRCHDU: Convergence failed at  33  side 2    Res =  0.1099E+00
 MRCHDU: Convergence failed at  98  side 2    Res =  0.1351E+00
 MRCHDU: Convergence failed at  99  side 2    Res =  0.1303E+00
 MRCHDU: Convergence failed at 100  side 2    Res =  0.8158E+00
 Side 1  free  transition at x/c =  0.5242   46
 Side 2  free  transition at x/c =  0.0274   15

  83   rms: 0.5979E+02   max: 0.1007E+04   C at   29  2   RLX: 0.001
       a = -2.000      CL =  0.0328
      Cm =  0.0327     CD =  0.03845   =>   CDf =  0.00321    CDp =  0.03524

 MRCHDU: Convergence failed at  30  side 2    Res =  0.7109E-01
 MRCHDU: Convergence failed at  31  side 2    Res =  0.8747E+00
 MRCHDU: Convergence failed at  32  side 2    Res =  0.8482E+00
 MRCHDU: Convergence failed at  33  side 2    Res =  0.8245E+00
 MRCHDU: Convergence failed at  97  side 2    Res =  0.4870E-02
 MRCHDU: Convergence failed at  98  side 2    Res =  0.1609E+00
 MRCHDU: Convergence failed at  99  side 2    Res =  0.3795E+00
 MRCHDU: Convergence failed at 100  side 2    Res =  0.1032E+01
 MRCHDU: Convergence failed at 101  side 2    Res =  0.8901E-04
 Side 1  free  transition at x/c =  0.5239   46
 Side 2  free  transition at x/c =  0.0274   15

  84   rms: 0.7084E+04   max: -.2681E+05   C at   83  2   RLX: 0.000
       a = -2.000      CL =  0.0329
      Cm =  0.0326     CD =  0.05661   =>   CDf =  0.00321    CDp =  0.05340

 MRCHDU: Convergence failed at  30  side 2    Res =  0.8678E-01
 MRCHDU: Convergence failed at  31  side 2    Res =  0.8884E+00
 MRCHDU: Convergence failed at  32  side 2    Res =  0.8635E+00
 MRCHDU: Convergence failed at  33  side 2    Res =  0.8412E+00
 MRCHDU: Convergence failed at  97  side 2    Res =  0.4506E-02
 MRCHDU: Convergence failed at  98  side 2    Res =  0.3926E+00
 MRCHDU: Convergence failed at  99  side 2    Res =  0.1241E+00
 MRCHDU: Convergence failed at 100  side 2    Res =  0.4857E+00
 MRCHDU: Convergence failed at 101  side 2    Res =  0.8939E-04
 Side 1  free  transition at x/c =  0.5239   46
 Side 2  free  transition at x/c =  0.0274   15

  85   rms: 0.7072E+04   max: -.2676E+05   C at   83  2   RLX: 0.000
       a = -2.000      CL =  0.0329
      Cm =  0.0326     CD =  0.04817   =>   CDf =  0.00321    CDp =  0.04496

 MRCHDU: Convergence failed at  30  side 2    Res =  0.1025E+00
 MRCHDU: Convergence failed at  31  side 2    Res =  0.7462E-01
 MRCHDU: Convergence failed at  32  side 2    Res =  0.8731E+00
 MRCHDU: Convergence failed at  33  side 2    Res =  0.8505E+00
 MRCHDU: Convergence failed at  97  side 2    Res =  0.4300E-02
 MRCHDU: Convergence failed at  98  side 2    Res =  0.8439E+00
 MRCHDU: Convergence failed at  99  side 2    Res =  0.1246E+00
 MRCHDU: Convergence failed at 100  side 2    Res =  0.7801E+00
 MRCHDU: Convergence failed at 101  side 2    Res =  0.8971E-04
 Side 1  free  transition at x/c =  0.5239   46
 Side 2  free  transition at x/c =  0.0274   15

  86   rms: 0.7367E+04   max: -.2787E+05   C at   83  2   RLX: 0.000
       a = -2.000      CL =  0.0329
      Cm =  0.0326     CD =  0.04090   =>   CDf =  0.00321    CDp =  0.03769

 MRCHDU: Convergence failed at  30  side 2    Res =  0.1208E+00
 MRCHDU: Convergence failed at  31  side 2    Res =  0.8999E-01
 MRCHDU: Convergence failed at  32  side 2    Res =  0.8843E+00
 MRCHDU: Convergence failed at  33  side 2    Res =  0.8614E+00
 MRCHDU: Convergence failed at  97  side 2    Res =  0.3928E-02
 MRCHDU: Convergence failed at  98  side 2    Res =  0.8457E+00
 MRCHDU: Convergence failed at  99  side 2    Res =  0.1251E+00
 MRCHDU: Convergence failed at 100  side 2    Res =  0.1052E+00
 MRCHDU: Convergence failed at 101  side 2    Res =  0.9011E-04
 Side 1  free  transition at x/c =  0.5239   46
 Side 2  free  transition at x/c =  0.0274   15

  87   rms: 0.7377E+04   max: -.2790E+05   C at   83  2   RLX: 0.000
       a = -2.000      CL =  0.0329
      Cm =  0.0326     CD =  0.03450   =>   CDf =  0.00321    CDp =  0.03128

 MRCHDU: Convergence failed at  30  side 2    Res =  0.1367E+00
 MRCHDU: Convergence failed at  31  side 2    Res =  0.1054E+00
 MRCHDU: Convergence failed at  32  side 2    Res =  0.8020E-01
 MRCHDU: Convergence failed at  33  side 2    Res =  0.8708E+00
 MRCHDU: Convergence failed at  97  side 2    Res =  0.3694E-02
 MRCHDU: Convergence failed at  98  side 2    Res =  0.8474E+00
 MRCHDU: Convergence failed at  99  side 2    Res =  0.1256E+00
 MRCHDU: Convergence failed at 100  side 2    Res =  0.1059E+00
 MRCHDU: Convergence failed at 101  side 2    Res =  0.9046E-04
 Side 1  free  transition at x/c =  0.5239   46
 Side 2  free  transition at x/c =  0.0274   15

  88   rms: 0.7635E+04   max: -.2888E+05   C at   83  2   RLX: 0.000
       a = -2.000      CL =  0.0329
      Cm =  0.0326     CD =  0.02900   =>   CDf =  0.00321    CDp =  0.02579

 MRCHDU: Convergence failed at  30  side 2    Res =  0.1526E+00
 MRCHDU: Convergence failed at  31  side 2    Res =  0.1235E+00
 MRCHDU: Convergence failed at  32  side 2    Res =  0.9522E-01
 MRCHDU: Convergence failed at  33  side 2    Res =  0.8817E+00
 MRCHDU: Convergence failed at  97  side 2    Res =  0.3315E-02
 MRCHDU: Convergence failed at  98  side 2    Res =  0.1191E+01
 MRCHDU: Convergence failed at  99  side 2    Res =  0.1854E+00
 MRCHDU: Convergence failed at 100  side 2    Res =  0.1066E+00
 MRCHDU: Convergence failed at 101  side 2    Res =  0.9088E-04
 Side 1  free  transition at x/c =  0.5239   46
 Side 2  free  transition at x/c =  0.0274   15

  89   rms: 0.7664E+04   max: -.2898E+05   C at   83  2   RLX: 0.000
       a = -2.000      CL =  0.0329
      Cm =  0.0326     CD =  0.02420   =>   CDf =  0.00321    CDp =  0.02099

 MRCHDU: Convergence failed at  30  side 2    Res =  0.1686E+00
 MRCHDU: Convergence failed at  31  side 2    Res =  0.1391E+00
 MRCHDU: Convergence failed at  32  side 2    Res =  0.1102E+00
 MRCHDU: Convergence failed at  33  side 2    Res =  0.8710E-01
 MRCHDU: Convergence failed at  97  side 2    Res =  0.3059E-02
 MRCHDU: Convergence failed at  98  side 2    Res =  0.5386E+00
 MRCHDU: Convergence failed at  99  side 2    Res =  0.1833E+00
 MRCHDU: Convergence failed at 100  side 2    Res =  0.1073E+00
 MRCHDU: Convergence failed at 101  side 2    Res =  0.9125E-04
 Side 1  free  transition at x/c =  0.5239   46
 Side 2  free  transition at x/c =  0.0274   15

  90   rms: 0.7895E+04   max: -.2985E+05   C at   83  2   RLX: 0.000
       a = -2.000      CL =  0.0329
      Cm =  0.0326     CD =  0.02010   =>   CDf =  0.00321    CDp =  0.01689

 MRCHDU: Convergence failed at  30  side 2    Res =  0.1845E+00
 MRCHDU: Convergence failed at  31  side 2    Res =  0.1546E+00
 MRCHDU: Convergence failed at  32  side 2    Res =  0.1283E+00
 MRCHDU: Convergence failed at  33  side 2    Res =  0.1018E+00
 MRCHDU: Convergence failed at  98  side 2    Res =  0.1049E+01
 MRCHDU: Convergence failed at  99  side 2    Res =  0.5677E+00
 MRCHDU: Convergence failed at 100  side 2    Res =  0.1406E+00
 MRCHDU: Convergence failed at 101  side 2    Res =  0.3165E-04
 Side 1  free  transition at x/c =  0.5239   46
 Side 2  free  transition at x/c =  0.0274   15

  91   rms: 0.2696E+02   max: -.2210E+03   C at   30  2   RLX: 0.002
       a = -2.000      CL =  0.0344
      Cm =  0.0322     CD =  0.01223   =>   CDf =  0.00321    CDp =  0.00902

 MRCHDU: Convergence failed at  30  side 2    Res =  0.2355E+00
 MRCHDU: Convergence failed at  31  side 2    Res =  0.2017E+00
 MRCHDU: Convergence failed at  32  side 2    Res =  0.1719E+00
 MRCHDU: Convergence failed at  33  side 2    Res =  0.1453E+00
 MRCHDU: Convergence failed at  98  side 2    Res =  0.5725E+00
 MRCHDU: Convergence failed at  99  side 2    Res =  0.9248E+00
 MRCHDU: Convergence failed at 100  side 2    Res =  0.1722E+00
 Side 1  free  transition at x/c =  0.5240   46
 Side 2  free  transition at x/c =  0.0274   15

  92   rms: 0.4856E+02   max: -.2853E+03   C at   31  2   RLX: 0.002
       a = -2.000      CL =  0.0355
      Cm =  0.0319     CD =  0.01955   =>   CDf =  0.00321    CDp =  0.01634

 MRCHDU: Convergence failed at  30  side 2    Res =  0.2907E+00
 MRCHDU: Convergence failed at  31  side 2    Res =  0.2574E+00
 MRCHDU: Convergence failed at  32  side 2    Res =  0.2280E+00
 MRCHDU: Convergence failed at  33  side 2    Res =  0.2018E+00
 MRCHDU: Convergence failed at  98  side 2    Res =  0.5706E+00
 MRCHDU: Convergence failed at  99  side 2    Res =  0.2859E+00
 MRCHDU: Convergence failed at 100  side 2    Res =  0.1716E+00
 Side 1  free  transition at x/c =  0.5241   46
 Side 2  free  transition at x/c =  0.0274   15

  93   rms: 0.1780E+03   max: 0.7384E+03   C at   35  2   RLX: 0.002
       a = -2.000      CL =  0.0360
      Cm =  0.0320     CD =  0.27300   =>   CDf =  0.00321    CDp =  0.26978

 MRCHDU: Convergence failed at  30  side 2    Res =  0.2936E+00
 MRCHDU: Convergence failed at  31  side 2    Res =  0.2610E+00
 MRCHDU: Convergence failed at  32  side 2    Res =  0.2324E+00
 MRCHDU: Convergence failed at  33  side 2    Res =  0.2067E+00
 MRCHDU: Convergence failed at  97  side 2    Res =  0.4351E+00
 MRCHDU: Convergence failed at  98  side 2    Res =  0.4331E+00
 MRCHDU: Convergence failed at  99  side 2    Res =  0.1581E+01
 MRCHDU: Convergence failed at 100  side 2    Res =  0.8705E+00
 Side 1  free  transition at x/c =  0.5235   46
 Side 2  free  transition at x/c =  0.0274   15

  94   rms: 0.3710E+02   max: -.3655E+03   C at   29  2   RLX: 0.001
       a = -2.000      CL =  0.0366
      Cm =  0.0319     CD =  0.00197   =>   CDf =  0.00321    CDp = -0.00124

 MRCHDU: Convergence failed at  30  side 2    Res =  0.3458E+00
 MRCHDU: Convergence failed at  31  side 2    Res =  0.3143E+00
 MRCHDU: Convergence failed at  32  side 2    Res =  0.2866E+00
 MRCHDU: Convergence failed at  33  side 2    Res =  0.2619E+00
 MRCHDU: Convergence failed at  96  side 2    Res =  0.1907E-02
 MRCHDU: Convergence failed at  97  side 2    Res =  0.1386E+00
 MRCHDU: Convergence failed at  98  side 2    Res =  0.1046E+01
 MRCHDU: Convergence failed at  99  side 2    Res =  0.8848E+00
 MRCHDU: Convergence failed at 100  side 2    Res =  0.6794E+00
 MRCHDU: Convergence failed at 101  side 2    Res =  0.8031E-04
 Side 1  free  transition at x/c =  0.5236   46
 Side 2  free  transition at x/c =  0.0274   15

  95   rms: 0.2014E+03   max: -.4027E+04   T at  106  2   RLX: 0.000
       a = -2.000      CL =  0.0367
      Cm =  0.0319     CD =  0.00000   =>   CDf =  0.00321    CDp = -0.00321

 MRCHDU: Convergence failed at  30  side 2    Res =  0.3549E+00
 MRCHDU: Convergence failed at  31  side 2    Res =  0.3254E+00
 MRCHDU: Convergence failed at  32  side 2    Res =  0.2994E+00
 MRCHDU: Convergence failed at  33  side 2    Res =  0.2761E+00
 MRCHDU: Convergence failed at  96  side 2    Res =  0.1281E-02
 MRCHDU: Convergence failed at  97  side 2    Res =  0.1392E+00
 MRCHDU: Convergence failed at  98  side 2    Res =  0.8846E+00
 MRCHDU: Convergence failed at  99  side 2    Res =  0.3552E+00
 MRCHDU: Convergence failed at 100  side 2    Res =  0.5171E+00
 MRCHDU: Convergence failed at 101  side 2    Res =  0.9425E-04
 Side 1  free  transition at x/c =  0.5236   46
 Side 2  free  transition at x/c =  0.0274   15

  96   rms: 0.8791E+02   max: -.1898E+04   T at  106  2   RLX: 0.000
       a = -2.000      CL =  0.0368
      Cm =  0.0318     CD =  0.00000   =>   CDf =  0.00321    CDp = -0.00321

 MRCHDU: Convergence failed at  30  side 2    Res =  0.3677E+00
 MRCHDU: Convergence failed at  31  side 2    Res =  0.3380E+00
 MRCHDU: Convergence failed at  32  side 2    Res =  0.3118E+00
 MRCHDU: Convergence failed at  33  side 2    Res =  0.2884E+00
 MRCHDU: Convergence failed at  96  side 2    Res =  0.1459E-02
 MRCHDU: Convergence failed at  97  side 2    Res =  0.5869E+00
 MRCHDU: Convergence failed at  98  side 2    Res =  0.4264E+00
 MRCHDU: Convergence failed at  99  side 2    Res =  0.2915E+00
 MRCHDU: Convergence failed at 100  side 2    Res =  0.6824E+00
 MRCHDU: Convergence failed at 101  side 2    Res =  0.1050E-03
 Side 1  free  transition at x/c =  0.5236   46
 Side 2  free  transition at x/c =  0.0274   15

  97   rms: 0.1113E+03   max: -.2708E+04   T at  106  2   RLX: 0.000
       a = -2.000      CL =  0.0369
      Cm =  0.0318     CD =  0.00000   =>   CDf =  0.00321    CDp = -0.00321

 MRCHDU: Convergence failed at  30  side 2    Res =  0.3776E+00
 MRCHDU: Convergence failed at  31  side 2    Res =  0.3480E+00
 MRCHDU: Convergence failed at  32  side 2    Res =  0.3220E+00
 MRCHDU: Convergence failed at  33  side 2    Res =  0.2987E+00
 MRCHDU: Convergence failed at  96  side 2    Res =  0.1708E-02
 MRCHDU: Convergence failed at  97  side 2    Res =  0.5965E+00
 MRCHDU: Convergence failed at  98  side 2    Res =  0.7212E+00
 MRCHDU: Convergence failed at  99  side 2    Res =  0.5601E+00
 MRCHDU: Convergence failed at 100  side 2    Res =  0.1190E+01
 MRCHDU: Convergence failed at 101  side 2    Res =  0.1118E-03
 Side 1  free  transition at x/c =  0.5236   46
 Side 2  free  transition at x/c =  0.0274   15

  98   rms: 0.1770E+03   max: -.4620E+04   T at  106  2   RLX: 0.000
       a = -2.000      CL =  0.0370
      Cm =  0.0318     CD =  0.00000   =>   CDf =  0.00321    CDp = -0.00321

 MRCHDU: Convergence failed at  30  side 2    Res =  0.3839E+00
 MRCHDU: Convergence failed at  31  side 2    Res =  0.3544E+00
 MRCHDU: Convergence failed at  32  side 2    Res =  0.3285E+00
 MRCHDU: Convergence failed at  33  side 2    Res =  0.3054E+00
 MRCHDU: Convergence failed at  96  side 2    Res =  0.1900E-02
 MRCHDU: Convergence failed at  97  side 2    Res =  0.4382E+00
 MRCHDU: Convergence failed at  98  side 2    Res =  0.2913E+00
 MRCHDU: Convergence failed at  99  side 2    Res =  0.1760E+00
 MRCHDU: Convergence failed at 100  side 2    Res =  0.1191E+01
 MRCHDU: Convergence failed at 101  side 2    Res =  0.1157E-03
 Side 1  free  transition at x/c =  0.5236   46
 Side 2  free  transition at x/c =  0.0274   15

  99   rms: 0.3136E+03   max: -.8419E+04   T at  106  2   RLX: 0.000
       a = -2.000      CL =  0.0370
      Cm =  0.0318     CD =  0.00000   =>   CDf =  0.00321    CDp = -0.00321

 MRCHDU: Convergence failed at  30  side 2    Res =  0.3875E+00
 MRCHDU: Convergence failed at  31  side 2    Res =  0.3581E+00
 MRCHDU: Convergence failed at  32  side 2    Res =  0.3323E+00
 MRCHDU: Convergence failed at  33  side 2    Res =  0.3092E+00
 MRCHDU: Convergence failed at  96  side 2    Res =  0.2022E-02
 MRCHDU: Convergence failed at  97  side 2    Res =  0.4365E+00
 MRCHDU: Convergence failed at  98  side 2    Res =  0.2907E+00
 MRCHDU: Convergence failed at  99  side 2    Res =  0.1746E+00
 MRCHDU: Convergence failed at 100  side 2    Res =  0.1191E+01
 MRCHDU: Convergence failed at 101  side 2    Res =  0.1179E-03
 Side 1  free  transition at x/c =  0.5236   46
 Side 2  free  transition at x/c =  0.0274   15

 100   rms: 0.5680E+03   max: -.1539E+05   T at  106  2   RLX: 0.000
       a = -2.000      CL =  0.0370
      Cm =  0.0318     CD =  0.00000   =>   CDf =  0.00321    CDp = -0.00321

 MRCHDU: Convergence failed at  30  side 2    Res =  0.3895E+00
 MRCHDU: Convergence failed at  31  side 2    Res =  0.3602E+00
 MRCHDU: Convergence failed at  32  side 2    Res =  0.3345E+00
 MRCHDU: Convergence failed at  33  side 2    Res =  0.3114E+00
 MRCHDU: Convergence failed at  96  side 2    Res =  0.2093E-02
 MRCHDU: Convergence failed at  97  side 2    Res =  0.4355E+00
 MRCHDU: Convergence failed at  98  side 2    Res =  0.2904E+00
 MRCHDU: Convergence failed at  99  side 2    Res =  0.1739E+00
 MRCHDU: Convergence failed at 100  side 2    Res =  0.1191E+01
 MRCHDU: Convergence failed at 101  side 2    Res =  0.1191E-03
 Side 1  free  transition at x/c =  0.5236   46
 Side 2  free  transition at x/c =  0.0274   15

 101   rms: 0.8714E+03   max: -.2366E+05   T at  106  2   RLX: 0.000
       a = -2.000      CL =  0.0370
      Cm =  0.0318     CD =  0.00000   =>   CDf =  0.00321    CDp = -0.00321

 MRCHDU: Convergence failed at  30  side 2    Res =  0.3909E+00
 MRCHDU: Convergence failed at  31  side 2    Res =  0.3616E+00
 MRCHDU: Convergence failed at  32  side 2    Res =  0.3359E+00
 MRCHDU: Convergence failed at  33  side 2    Res =  0.3128E+00
 MRCHDU: Convergence failed at  96  side 2    Res =  0.2140E-02
 MRCHDU: Convergence failed at  97  side 2    Res =  0.4350E+00
 MRCHDU: Convergence failed at  98  side 2    Res =  0.2901E+00
 MRCHDU: Convergence failed at  99  side 2    Res =  0.1734E+00
 MRCHDU: Convergence failed at 100  side 2    Res =  0.1190E+01
 MRCHDU: Convergence failed at 101  side 2    Res =  0.1200E-03
 Side 1  free  transition at x/c =  0.5236   46
 Side 2  free  transition at x/c =  0.0274   15

Program received signal SIGFPE: Floating-point exception - erroneous arithmetic operation.

Backtrace for this error:
#0  0x78e370e23e59 in ???
#1  0x78e370e22e75 in ???
#2  0x78e370a4532f in ???
	at ./signal/../sysdeps/unix/sysv/linux/x86_64/libc_sigaction.c:0
#3  0x5693e8f49575 in ???
#4  0x5693e8f4d04d in ???
#5  0x5693e8f3db9e in ???
#6  0x5693e8f4075b in ???
#7  0x5693e8f0a67a in ???
#8  0x5693e8f0ea77 in ???
#9  0x5693e8efa406 in ???
#10  0x5693e8ef0758 in ???
#11  0x78e370a2a1c9 in __libc_start_call_main
	at ../sysdeps/nptl/libc_start_call_main.h:58
#12  0x78e370a2a28a in __libc_start_main_impl
	at ../csu/libc-start.c:360
#13  0x5693e8ef0784 in ???
#14  0xffffffffffffffff in ???
timeout: the monitored command dumped core
