
 ===================================================
  XFOIL Version 6.99
  Copyright (C) 2000   Mark Drela, Harold Youngren

  This software comes with ABSOLUTELY NO WARRANTY,
    subject to the GNU General Public License.

  Caveat computor
 ===================================================

 File  xfoil.def  not found

   QUIT    Exit program

  .OPER    Direct operating point(s)
  .MDES    Complex mapping design routine
  .QDES    Surface speed design routine
  .GDES    Geometry design routine

   SAVE f  Write airfoil to labeled coordinate file
   PSAV f  Write airfoil to plain coordinate file
   ISAV f  Write airfoil to ISES coordinate file
   MSAV f  Write airfoil to MSES coordinate file
   REVE    Reverse written-airfoil node ordering
   DELI i  Change written-airfoil file delimiters

   LOAD f  Read buffer airfoil from coordinate file
   NACA i  Set NACA 4,5-digit airfoil and buffer airfoil
   INTE    Set buffer airfoil by interpolating two airfoils
   NORM    Buffer airfoil normalization toggle
   HALF    Halve the number of points in buffer airfoil
   XYCM rr Change CM reference location, currently  0.25000 0.00000

   BEND    Display structural properties of current airfoil

   PCOP    Set current-airfoil panel nodes directly from buffer airfoil points
   PANE    Set current-airfoil panel nodes ( 160 ) based on curvature
  .PPAR    Show/change paneling

  .PLOP    Plotting options

   WDEF f  Write  current-settings file
   RDEF f  Reread current-settings file
   NAME s  Specify new airfoil name
   NINC    Increment name version number

   Z       Zoom    | (available in all menus)
   U       Unzoom  | 

 XFOIL   c>  
 XFOIL   c>  
 Labeled airfoil file.  Name:  GOE 81 AIRFOIL                                  

 Number of input coordinate points:  33
 Counterclockwise ordering
 Max thickness =     0.074326  at x =   0.300
 Max camber    =     0.061129  at x =   0.399

  LE  x,y  =  -0.00045   0.00288  |   Chord =   1.00046
  TE  x,y  =   1.00000   0.00000  |

 Current airfoil nodes set from buffer airfoil nodes (  33 )

 WARNING: Poor input coordinate distribution
          Excessive panel angle   80.4  at i =  17
          Repaneling with PANE and/or PPAR suggested
           (doing GDES,CADD before repaneling _may_
            improve excessively coarse LE spacing

 XFOIL   c>  
 Blunt trailing edge.  Gap =  0.00270

 Paneling parameters used...
   Number of panel nodes       160
   Panel bunching parameter    1.000
   TE/LE panel density ratio   0.150
   Refined-area/LE panel density ratio    0.200
   Top    side refined area x/c limits  1.000 1.000
   Bottom side refined area x/c limits  1.000 1.000

 XFOIL   c>  
.OPERi   c>  
 M  =    0.0000
 Re =  0.1000E+07

.OPERv   c>  
.OPERv   c>  
 Xtr/c     =  1.0000    top    side
 Xtr/c     =  1.0000    bottom side
 NcritT    =    9.00   ( 0.070 % turb. level )
 NcritB    =    9.00   ( 0.070 % turb. level )
 Vacc      =  0.0100
 WakeL/c   =   1.000

 Klag  =  5.6000     Uxwt  =    1.00       Kdl =  0.9000
 A     =  6.7000     B     =  0.7500       KCt = 0.01485
 CtiniK=  1.8000     CtiniX=  3.3000

..VPAR   c>  
..VPAR   c>  
.OPERv   c>  
.OPERv   c>  
 Polar  1 newly created for accumulation
 Airfoil archived with polar: GOE 81 AIRFOIL                                  

Enter  polar save filename  OR  <return> for no file   s>  
 New polar save file available

Enter  polar dump filename  OR  <return> for no file   s>  
 Polar dump file will NOT be written

 Polar accumulation enabled

.OPERva   c>   Calculating unit vorticity distributions ...
 Calculating wake trajectory ...
 Calculating source influence matrix ...

 Solving BL system ...

 Initializing BL ...
    side            1  ...
 MRCHUE: Inverse mode at  49     Hk =   4.247
 MRCHUE: Inverse mode at  50     Hk =   5.021
 MRCHUE: Inverse mode at  51     Hk =   2.500
 MRCHUE: Inverse mode at  80     Hk =   2.500
    side            2  ...
 MRCHUE: Inverse mode at  15     Hk =   4.706
 MRCHUE: Convergence failed at  16  side 2    Res =  0.3395E+01
 MRCHUE: Convergence failed at  17  side 2    Res =  0.2234E+01
 MRCHUE: Inverse mode at  18     Hk =   7.027
 MRCHUE: Inverse mode at  19     Hk =   2.500

 MRCHDU: Convergence failed at  16  side 2    Res =  0.5249E+02
 MRCHDU: Convergence failed at  17  side 2    Res =  0.6196E+01
 MRCHDU: Convergence failed at  18  side 2    Res =  0.6699E+01
 MRCHDU: Convergence failed at  19  side 2    Res =  0.8300E+01
 MRCHDU: Convergence failed at  20  side 2    Res =  0.1088E+02
 MRCHDU: Convergence failed at  21  side 2    Res =  0.1324E+02
 MRCHDU: Convergence failed at  22  side 2    Res =  0.3562E+02
 MRCHDU: Convergence failed at  23  side 2    Res =  0.4593E+03
 MRCHDU: Convergence failed at  24  side 2    Res =  0.6382E+02
 MRCHDU: Convergence failed at  25  side 2    Res =  0.1098E+02
 MRCHDU: Convergence failed at  26  side 2    Res =  0.1437E+02
 MRCHDU: Convergence failed at  27  side 2    Res =  0.1174E+02
 MRCHDU: Convergence failed at  28  side 2    Res =  0.1176E+02
 MRCHDU: Convergence failed at  29  side 2    Res =  0.1426E+02
 MRCHDU: Convergence failed at  30  side 2    Res =  0.1450E+02
 MRCHDU: Convergence failed at  31  side 2    Res =  0.1372E+02
 MRCHDU: Convergence failed at  32  side 2    Res =  0.1429E+02
 MRCHDU: Convergence failed at  33  side 2    Res =  0.1285E+02
 MRCHDU: Convergence failed at  34  side 2    Res =  0.1279E+02
 MRCHDU: Convergence failed at  35  side 2    Res =  0.1304E+02
 MRCHDU: Convergence failed at  36  side 2    Res =  0.1312E+02
 MRCHDU: Convergence failed at  37  side 2    Res =  0.1308E+02
 MRCHDU: Convergence failed at  38  side 2    Res =  0.1293E+02
 MRCHDU: Convergence failed at  39  side 2    Res =  0.1273E+02
 MRCHDU: Convergence failed at  40  side 2    Res =  0.1236E+02
 MRCHDU: Convergence failed at  41  side 2    Res =  0.1183E+02
 MRCHDU: Convergence failed at  42  side 2    Res =  0.1152E+02
 MRCHDU: Convergence failed at  43  side 2    Res =  0.1133E+02
 MRCHDU: Convergence failed at  44  side 2    Res =  0.1120E+02
 MRCHDU: Convergence failed at  45  side 2    Res =  0.1110E+02
 MRCHDU: Convergence failed at  46  side 2    Res =  0.1102E+02
 MRCHDU: Convergence failed at  47  side 2    Res =  0.1098E+02
 MRCHDU: Convergence failed at  48  side 2    Res =  0.1097E+02
 MRCHDU: Convergence failed at  49  side 2    Res =  0.1117E+02
 MRCHDU: Convergence failed at  50  side 2    Res =  0.1157E+02
 MRCHDU: Convergence failed at  51  side 2    Res =  0.1192E+02
 MRCHDU: Convergence failed at  52  side 2    Res =  0.1252E+02
 MRCHDU: Convergence failed at  53  side 2    Res =  0.1292E+02
 MRCHDU: Convergence failed at  54  side 2    Res =  0.1510E+02
 MRCHDU: Convergence failed at  55  side 2    Res =  0.1564E+02
 MRCHDU: Convergence failed at  56  side 2    Res =  0.1589E+02
 MRCHDU: Convergence failed at  57  side 2    Res =  0.1576E+02
 MRCHDU: Convergence failed at  58  side 2    Res =  0.1548E+02
 MRCHDU: Convergence failed at  59  side 2    Res =  0.1514E+02
 MRCHDU: Convergence failed at  60  side 2    Res =  0.1477E+02
 MRCHDU: Convergence failed at  61  side 2    Res =  0.1304E+02
 MRCHDU: Convergence failed at  62  side 2    Res =  0.1277E+02
 MRCHDU: Convergence failed at  63  side 2    Res =  0.1601E+02
 MRCHDU: Convergence failed at  64  side 2    Res =  0.1576E+02
 MRCHDU: Convergence failed at  65  side 2    Res =  0.1562E+02
 MRCHDU: Convergence failed at  66  side 2    Res =  0.1553E+02
 MRCHDU: Convergence failed at  67  side 2    Res =  0.1550E+02
 MRCHDU: Convergence failed at  68  side 2    Res =  0.1557E+02
 MRCHDU: Convergence failed at  69  side 2    Res =  0.1594E+02
 MRCHDU: Convergence failed at  70  side 2    Res =  0.1445E+02
 MRCHDU: Convergence failed at  71  side 2    Res =  0.1498E+02
 MRCHDU: Convergence failed at  72  side 2    Res =  0.1549E+02
 MRCHDU: Convergence failed at  73  side 2    Res =  0.1588E+02
 MRCHDU: Convergence failed at  74  side 2    Res =  0.1605E+02
 MRCHDU: Convergence failed at  75  side 2    Res =  0.1564E+02
 MRCHDU: Convergence failed at  76  side 2    Res =  0.1496E+02
 MRCHDU: Convergence failed at  77  side 2    Res =  0.1466E+02
 MRCHDU: Convergence failed at  78  side 2    Res =  0.1538E+02
 MRCHDU: Convergence failed at  79  side 2    Res =  0.1753E+02
 MRCHDU: Convergence failed at  80  side 2    Res =  0.2154E+02
 MRCHDU: Convergence failed at  81  side 2    Res =  0.3051E+02
 MRCHDU: Convergence failed at  82  side 2    Res =  0.2448E+02
 Side 1  free  transition at x/c =  0.5570   50
 Side 2  free  transition at x/c =  0.0361   19

   1   rms: 0.9778E+00   max: -.6667E+00   U at   82  2   RLX: 0.205
       a =  0.000      CL = -0.5204
      Cm =  0.1841     CD =  0.00488   =>   CDf =  0.00338    CDp =  0.00150

 Side 1  free  transition at x/c =  0.5642   51
 Side 2  free  transition at x/c =  0.0332   18

   2   rms: 0.7042E+00   max: 0.2817E+01   T at   18  2   RLX: 0.306
       a =  0.000      CL = -0.0749
      Cm =  0.0679     CD =  0.00663   =>   CDf =  0.01087    CDp = -0.00424

 Side 1  free  transition at x/c =  0.5707   51
 Side 2  free  transition at x/c =  0.0306   18

   3   rms: 0.5627E+00   max: 0.2590E+01   D at   18  2   RLX: 0.579
       a =  0.000      CL =  0.3963
      Cm = -0.0562     CD =  0.00764   =>   CDf =  0.00922    CDp = -0.00158

 Side 1  free  transition at x/c =  0.5866   52
 Side 2  free  transition at x/c =  0.0312   18

   4   rms: 0.6584E+00   max: 0.3505E+01   D at   18  2   RLX: 0.428
       a =  0.000      CL =  0.5201
      Cm = -0.0894     CD =  0.00926   =>   CDf =  0.00721    CDp =  0.00204

 MRCHDU: Convergence failed at  21  side 2    Res =  0.1044E+03
 MRCHDU: Convergence failed at  22  side 2    Res =  0.8200E+02
 MRCHDU: Convergence failed at  23  side 2    Res =  0.4087E+03
 MRCHDU: Convergence failed at  24  side 2    Res =  0.5345E+03
 MRCHDU: Convergence failed at  25  side 2    Res =  0.9281E+03
 MRCHDU: Convergence failed at  26  side 2    Res =  0.1476E+03
 MRCHDU: Convergence failed at  27  side 2    Res =  0.1386E+03
 MRCHDU: Convergence failed at  28  side 2    Res =  0.1231E+03
 MRCHDU: Convergence failed at  29  side 2    Res =  0.1124E+03
 MRCHDU: Convergence failed at  30  side 2    Res =  0.1066E+03
 MRCHDU: Convergence failed at  31  side 2    Res =  0.1045E+03
 MRCHDU: Convergence failed at  32  side 2    Res =  0.1044E+03
 MRCHDU: Convergence failed at  33  side 2    Res =  0.1049E+03
 MRCHDU: Convergence failed at  34  side 2    Res =  0.1058E+03
 MRCHDU: Convergence failed at  35  side 2    Res =  0.1205E+03
 MRCHDU: Convergence failed at  36  side 2    Res =  0.1225E+03
 MRCHDU: Convergence failed at  37  side 2    Res =  0.1243E+03
 MRCHDU: Convergence failed at  38  side 2    Res =  0.1261E+03
 MRCHDU: Convergence failed at  39  side 2    Res =  0.1276E+03
 MRCHDU: Convergence failed at  40  side 2    Res =  0.1505E+03
 MRCHDU: Convergence failed at  41  side 2    Res =  0.1164E+04
 MRCHDU: Convergence failed at  42  side 2    Res =  0.1424E+03
 MRCHDU: Convergence failed at  43  side 2    Res =  0.1386E+03
 MRCHDU: Convergence failed at  44  side 2    Res =  0.1202E+04
 MRCHDU: Convergence failed at  45  side 2    Res =  0.2570E+04
 MRCHDU: Convergence failed at  46  side 2    Res =  0.4959E+04
 MRCHDU: Convergence failed at  47  side 2    Res =  0.1055E+04
 MRCHDU: Convergence failed at  48  side 2    Res =  0.4675E+03
 MRCHDU: Convergence failed at  49  side 2    Res =  0.1061E+03
 MRCHDU: Convergence failed at  50  side 2    Res =  0.1018E+03
 MRCHDU: Convergence failed at  51  side 2    Res =  0.9892E+02
 MRCHDU: Convergence failed at  52  side 2    Res =  0.9604E+02
 MRCHDU: Convergence failed at  53  side 2    Res =  0.9334E+02
 MRCHDU: Convergence failed at  54  side 2    Res =  0.9092E+02
 MRCHDU: Convergence failed at  55  side 2    Res =  0.9026E+02
 MRCHDU: Convergence failed at  56  side 2    Res =  0.8852E+02
 MRCHDU: Convergence failed at  57  side 2    Res =  0.8726E+02
 MRCHDU: Convergence failed at  58  side 2    Res =  0.8747E+02
 MRCHDU: Convergence failed at  59  side 2    Res =  0.8746E+02
 MRCHDU: Convergence failed at  60  side 2    Res =  0.8676E+02
 MRCHDU: Convergence failed at  61  side 2    Res =  0.8420E+02
 MRCHDU: Convergence failed at  62  side 2    Res =  0.8360E+02
 MRCHDU: Convergence failed at  63  side 2    Res =  0.8295E+02
 MRCHDU: Convergence failed at  64  side 2    Res =  0.8227E+02
 MRCHDU: Convergence failed at  65  side 2    Res =  0.8152E+02
 MRCHDU: Convergence failed at  66  side 2    Res =  0.8251E+02
 MRCHDU: Convergence failed at  67  side 2    Res =  0.8162E+02
 MRCHDU: Convergence failed at  68  side 2    Res =  0.8065E+02
 MRCHDU: Convergence failed at  69  side 2    Res =  0.7946E+02
 MRCHDU: Convergence failed at  70  side 2    Res =  0.7989E+02
 MRCHDU: Convergence failed at  71  side 2    Res =  0.7132E+02
 MRCHDU: Convergence failed at  72  side 2    Res =  0.7183E+02
 MRCHDU: Convergence failed at  73  side 2    Res =  0.7537E+02
 MRCHDU: Convergence failed at  74  side 2    Res =  0.7527E+02
 MRCHDU: Convergence failed at  75  side 2    Res =  0.1702E+03
 MRCHDU: Convergence failed at  76  side 2    Res =  0.7319E+02
 MRCHDU: Convergence failed at  77  side 2    Res =  0.7216E+02
 MRCHDU: Convergence failed at  78  side 2    Res =  0.7213E+02
 MRCHDU: Convergence failed at  79  side 2    Res =  0.1494E+03
 MRCHDU: Convergence failed at  80  side 2    Res =  0.1328E+03
 MRCHDU: Convergence failed at  81  side 2    Res =  0.8549E+02
 MRCHDU: Convergence failed at  82  side 2    Res =  0.1260E+03
 Side 1  free  transition at x/c =  0.5896   52
 Side 2  free  transition at x/c =  0.0576   21

   5   rms: 0.1874E+01   max: 0.2511E+02   T at   21  2   RLX: 0.029
       a =  0.000      CL = -0.3650
      Cm =  0.1475     CD =  0.00507   =>   CDf =  0.00305    CDp =  0.00202

 Side 1  free  transition at x/c =  0.5898   52
 Side 2  free  transition at x/c =  0.0599   21

   6   rms: 0.3083E+01   max: 0.4460E+02   T at   22  2   RLX: 0.024
       a =  0.000      CL = -0.0157
      Cm =  0.0312     CD =  0.05738   =>   CDf =  0.00331    CDp =  0.05407

 Side 1  free  transition at x/c =  0.5920   53
 Side 2  free  transition at x/c =  0.0737   22

   7   rms: 0.4037E+01   max: 0.2182E+02   T at   23  2   RLX: 0.069
       a =  0.000      CL = -0.0453
      Cm =  0.0226     CD =  0.07016   =>   CDf =  0.00332    CDp =  0.06685

 Side 1  free  transition at x/c =  0.5983   53
 Side 2  free  transition at x/c =  0.0599   21

   8   rms: 0.5547E+01   max: -.6936E+02   T at   22  2   RLX: 0.007
       a =  0.000      CL = -0.2421
      Cm =  0.0695     CD =  0.04865   =>   CDf =  0.00327    CDp =  0.04537

 Side 1  free  transition at x/c =  0.5984   53
 Side 2  free  transition at x/c =  0.0564   21

   9   rms: 0.2796E+01   max: 0.5689E+02   T at   21  2   RLX: 0.026
       a =  0.000      CL = -0.2341
      Cm =  0.0632     CD =  0.04540   =>   CDf =  0.00328    CDp =  0.04212

 Side 1  free  transition at x/c =  0.6008   52
 Side 2  free  transition at x/c =  0.0526   22

  10   rms: 0.7317E+01   max: 0.6170E+02   T at   22  2   RLX: 0.024
       a =  0.000      CL = -0.2138
      Cm =  0.0413     CD =  0.03613   =>   CDf =  0.00327    CDp =  0.03286

 MRCHDU: Convergence failed at  22  side 2    Res =  0.2775E+02
 MRCHDU: Convergence failed at  24  side 2    Res =  0.8090E+01
 MRCHDU: Convergence failed at  25  side 2    Res =  0.1280E+02
 Side 1  free  transition at x/c =  0.6041   52
 Side 2  free  transition at x/c =  0.0405   20

  11   rms: 0.2409E+01   max: 0.2975E+02   T at   21  2   RLX: 0.050
       a =  0.000      CL = -0.7244
      Cm =  0.1705     CD =  0.04237   =>   CDf =  0.00329    CDp =  0.03908

 Side 1  free  transition at x/c =  0.6083   52
 Side 2  free  transition at x/c =  0.0412   22

  12   rms: 0.2076E+02   max: 0.1552E+03   T at   22  2   RLX: 0.010
       a =  0.000      CL = -0.5614
      Cm =  0.1223     CD =  0.05124   =>   CDf =  0.00332    CDp =  0.04792

 MRCHDU: Convergence failed at  22  side 2    Res =  0.1730E+02
 MRCHDU: Convergence failed at  23  side 2    Res =  0.1550E+02
 MRCHDU: Convergence failed at  24  side 2    Res =  0.5704E+02
 MRCHDU: Convergence failed at  25  side 2    Res =  0.1720E+02
 MRCHDU: Convergence failed at  26  side 2    Res =  0.2285E+02
 MRCHDU: Convergence failed at  27  side 2    Res =  0.4968E+02
 MRCHDU: Convergence failed at  28  side 2    Res =  0.3004E+02
 MRCHDU: Convergence failed at  29  side 2    Res =  0.3293E+02
 MRCHDU: Convergence failed at  30  side 2    Res =  0.1188E+03
 MRCHDU: Convergence failed at  31  side 2    Res =  0.2137E+02
 MRCHDU: Convergence failed at  32  side 2    Res =  0.7845E+02
 MRCHDU: Convergence failed at  33  side 2    Res =  0.6437E+02
 MRCHDU: Convergence failed at  34  side 2    Res =  0.2644E+02
 MRCHDU: Convergence failed at  35  side 2    Res =  0.4513E+02
 MRCHDU: Convergence failed at  36  side 2    Res =  0.1323E+03
 MRCHDU: Convergence failed at  37  side 2    Res =  0.1847E+03
 MRCHDU: Convergence failed at  38  side 2    Res =  0.5719E+02
 MRCHDU: Convergence failed at  39  side 2    Res =  0.3424E+02
 MRCHDU: Convergence failed at  40  side 2    Res =  0.3204E+02
 MRCHDU: Convergence failed at  41  side 2    Res =  0.4260E+02
 MRCHDU: Convergence failed at  42  side 2    Res =  0.6554E+02
 MRCHDU: Convergence failed at  43  side 2    Res =  0.1454E+03
 MRCHDU: Convergence failed at  44  side 2    Res =  0.6180E+03
 MRCHDU: Convergence failed at  45  side 2    Res =  0.9906E+02
 MRCHDU: Convergence failed at  46  side 2    Res =  0.5183E+02
 MRCHDU: Convergence failed at  47  side 2    Res =  0.3565E+02
 MRCHDU: Convergence failed at  48  side 2    Res =  0.3396E+02
 MRCHDU: Convergence failed at  49  side 2    Res =  0.4167E+02
 MRCHDU: Convergence failed at  50  side 2    Res =  0.5582E+02
 MRCHDU: Convergence failed at  51  side 2    Res =  0.9025E+02
 MRCHDU: Convergence failed at  52  side 2    Res =  0.2418E+03
 MRCHDU: Convergence failed at  53  side 2    Res =  0.2679E+03
 MRCHDU: Convergence failed at  54  side 2    Res =  0.8531E+02
 MRCHDU: Convergence failed at  55  side 2    Res =  0.4949E+02
 MRCHDU: Convergence failed at  56  side 2    Res =  0.3482E+02
 MRCHDU: Convergence failed at  57  side 2    Res =  0.4027E+02
 MRCHDU: Convergence failed at  58  side 2    Res =  0.4868E+02
 MRCHDU: Convergence failed at  59  side 2    Res =  0.6339E+02
 MRCHDU: Convergence failed at  60  side 2    Res =  0.9904E+02
 MRCHDU: Convergence failed at  61  side 2    Res =  0.1677E+03
 MRCHDU: Convergence failed at  62  side 2    Res =  0.1585E+04
 MRCHDU: Convergence failed at  63  side 2    Res =  0.1951E+03
 MRCHDU: Convergence failed at  64  side 2    Res =  0.9493E+02
 MRCHDU: Convergence failed at  65  side 2    Res =  0.6398E+02
 MRCHDU: Convergence failed at  66  side 2    Res =  0.4405E+02
 MRCHDU: Convergence failed at  67  side 2    Res =  0.4374E+02
 MRCHDU: Convergence failed at  68  side 2    Res =  0.4956E+02
 MRCHDU: Convergence failed at  69  side 2    Res =  0.5765E+02
 MRCHDU: Convergence failed at  70  side 2    Res =  0.7337E+02
 MRCHDU: Convergence failed at  71  side 2    Res =  0.1216E+03
 MRCHDU: Convergence failed at  72  side 2    Res =  0.4292E+03
 MRCHDU: Convergence failed at  73  side 2    Res =  0.2075E+03
 MRCHDU: Convergence failed at  74  side 2    Res =  0.8082E+02
 MRCHDU: Convergence failed at  75  side 2    Res =  0.5612E+02
 MRCHDU: Convergence failed at  76  side 2    Res =  0.4368E+02
 MRCHDU: Convergence failed at  77  side 2    Res =  0.5863E+02
 MRCHDU: Convergence failed at  78  side 2    Res =  0.5593E+02
 MRCHDU: Convergence failed at  79  side 2    Res =  0.6403E+02
 MRCHDU: Convergence failed at  80  side 2    Res =  0.2390E+03
 MRCHDU: Convergence failed at  81  side 2    Res =  0.6883E+03
 MRCHDU: Convergence failed at  82  side 2    Res =  0.1998E+03
 MRCHDU: Convergence failed at  83  side 2    Res =  0.1013E+03
 MRCHDU: Convergence failed at  84  side 2    Res =  0.1427E+03
 Side 1  free  transition at x/c =  0.6076   52
 Side 2  free  transition at x/c =  0.0408   21

  13   rms: 0.1305E+01   max: 0.7818E+01   T at   21  2   RLX: 0.084
       a =  0.000      CL = -1.7279
      Cm =  0.4764     CD =  0.00472   =>   CDf =  0.00293    CDp =  0.00179

 Side 1  free  transition at x/c =  0.6072   52
 Side 2  free  transition at x/c =  0.0460   22

  14   rms: 0.3091E+01   max: -.2587E+02   T at   22  2   RLX: 0.019
       a =  0.000      CL = -1.3716
      Cm =  0.3527     CD =  0.05871   =>   CDf =  0.00328    CDp =  0.05543

 TRCHEK2: N2 convergence failed.
 x:  0.05378  0.06203  0.06347  N:  8.812  9.000  9.020  Nx: 161.682   dN:-0.402E+00
 TRCHEK2: N2 convergence failed.
 x:  0.05378  0.06203  0.06347  N:  8.812  9.000  9.020  Nx: 160.148   dN:-0.406E+00
 TRCHEK2: N2 convergence failed.
 x:  0.05378  0.06203  0.06347  N:  8.812  9.000  9.020  Nx: 171.060   dN:-0.384E+00
 TRCHEK2: N2 convergence failed.
 x:  0.05378  0.06203  0.06347  N:  8.812  9.000  9.020  Nx: 161.033   dN:-0.404E+00
 TRCHEK2: N2 convergence failed.
 x:  0.05378  0.06203  0.06347  N:  8.812  9.000  9.020  Nx: 172.091   dN:-0.382E+00
 TRCHEK2: N2 convergence failed.
 x:  0.05378  0.06203  0.06347  N:  8.812  9.000  9.020  Nx: 161.179   dN:-0.404E+00
 TRCHEK2: N2 convergence failed.
 x:  0.05378  0.06203  0.06347  N:  8.812  9.000  9.020  Nx: 172.267   dN:-0.382E+00
 MRCHDU: Convergence failed at  22  side 2    Res =  0.7375E+01
 Side 1  free  transition at x/c =  0.6126   52
 Side 2  free  transition at x/c =  0.0426   22

  15   rms: 0.3458E+01   max: 0.7348E+02   T at   22  2   RLX: 0.017
       a =  0.000      CL = -1.2650
      Cm =  0.3196     CD =  0.06160   =>   CDf =  0.00325    CDp =  0.05835

 Side 1  free  transition at x/c =  0.6152   52
 Side 2  free  transition at x/c =  0.0398   21

  16   rms: 0.3294E+01   max: -.4524E+02   T at   22  2   RLX: 0.011
       a =  0.000      CL = -1.2525
      Cm =  0.3196     CD =  0.06774   =>   CDf =  0.00327    CDp =  0.06447

 Side 1  free  transition at x/c =  0.6168   52
 Side 2  free  transition at x/c =  0.0363   21

  17   rms: 0.1651E+01   max: 0.2109E+02   T at   21  2   RLX: 0.071
       a =  0.000      CL = -1.2701
      Cm =  0.3130     CD =  0.06740   =>   CDf =  0.00324    CDp =  0.06416

 Side 1  free  transition at x/c =  0.6235   52
 Side 2  free  transition at x/c =  0.0330   21

  18   rms: 0.8025E+02   max: -.1112E+04   T at   25  2   RLX: 0.000
       a =  0.000      CL = -1.3730
      Cm =  0.3435     CD =  0.09193   =>   CDf =  0.00341    CDp =  0.08853

 Side 1  free  transition at x/c =  0.6234   53
 Side 2  free  transition at x/c =  0.0328   20

  19   rms: 0.3220E+02   max: 0.4347E+03   D at    2  1   RLX: 0.002
       a =  0.000      CL = -1.4079
      Cm =  0.3501     CD =  0.09062   =>   CDf =  0.00331    CDp =  0.08732

 Side 1  free  transition at x/c =  0.6241   52
 Side 2  free  transition at x/c =  0.0326   21

  20   rms: 0.1284E+01   max: -.8927E+01   T at   22  2   RLX: 0.056
       a =  0.000      CL = -1.4550
      Cm =  0.3575     CD =  0.08692   =>   CDf =  0.00335    CDp =  0.08357

 Side 1  free  transition at x/c =  0.6312   52
 Side 2  free  transition at x/c =  0.0303   21

  21   rms: 0.9584E+00   max: 0.6648E+01   T at   21  2   RLX: 0.174
       a =  0.000      CL = -1.2965
      Cm =  0.3104     CD =  0.07636   =>   CDf =  0.00331    CDp =  0.07304

 MRCHDU: Convergence failed at  99  side 2    Res =  0.8829E+00
 MRCHDU: Convergence failed at 100  side 2    Res =  0.1821E+01
 MRCHDU: Convergence failed at 101  side 2    Res =  0.7550E+02
 Side 1  free  transition at x/c =  0.6413   53
 Side 2  free  transition at x/c =  0.0276   21

  22   rms: 0.9473E+00   max: 0.3640E+01   T at   21  2   RLX: 0.170
       a =  0.000      CL = -1.0271
      Cm =  0.2377     CD =  0.08569   =>   CDf =  0.00342    CDp =  0.08227

 Side 1  free  transition at x/c =  0.6500   53
 Side 2  free  transition at x/c =  0.0274   21

  23   rms: 0.1289E+01   max: 0.1776E+02   T at   25  2   RLX: 0.084
       a =  0.000      CL = -1.0006
      Cm =  0.2339     CD =  0.14459   =>   CDf =  0.00341    CDp =  0.14118

 Side 1  free  transition at x/c =  0.6534   53
 Side 2  free  transition at x/c =  0.0274   20

  24   rms: 0.9456E+00   max: -.3785E+01   T at  108  2   RLX: 0.132
       a =  0.000      CL = -0.8689
      Cm =  0.2006     CD =  0.11773   =>   CDf =  0.00345    CDp =  0.11428

 Side 1  free  transition at x/c =  0.6550   54
 Side 2  free  transition at x/c =  0.0273   20

  25   rms: 0.8528E+00   max: -.3902E+01   D at  108  2   RLX: 0.128
       a =  0.000      CL = -0.7074
      Cm =  0.1592     CD =  0.13069   =>   CDf =  0.00356    CDp =  0.12714

 Side 1  free  transition at x/c =  0.6598   54
 Side 2  free  transition at x/c =  0.0272   20

  26   rms: 0.7523E+00   max: -.3801E+01   D at  108  2   RLX: 0.132
       a =  0.000      CL = -0.5595
      Cm =  0.1210     CD =  0.13651   =>   CDf =  0.00353    CDp =  0.13298

 Side 1  free  transition at x/c =  0.6625   54
 Side 2  free  transition at x/c =  0.0270   20

  27   rms: 0.7013E+00   max: -.4509E+01   D at  108  2   RLX: 0.111
       a =  0.000      CL = -0.4552
      Cm =  0.0942     CD =  0.14688   =>   CDf =  0.00357    CDp =  0.14331

 Side 1  free  transition at x/c =  0.6644   55
 Side 2  free  transition at x/c =  0.0268   19

  28   rms: 0.6860E+00   max: -.4053E+01   D at  107  2   RLX: 0.123
       a =  0.000      CL = -0.3455
      Cm =  0.0675     CD =  0.13295   =>   CDf =  0.00351    CDp =  0.12944

 MRCHDU: Convergence failed at 107  side 2    Res =  0.3748E-01
 Side 1  free  transition at x/c =  0.6642   55
 Side 2  free  transition at x/c =  0.0266   19

  29   rms: 0.6486E+00   max: -.3756E+01   D at  107  2   RLX: 0.133
       a =  0.000      CL = -0.2382
      Cm =  0.0423     CD =  0.12300   =>   CDf =  0.00350    CDp =  0.11950

 MRCHDU: Convergence failed at 107  side 2    Res =  0.2076E+00
 Side 1  free  transition at x/c =  0.6626   55
 Side 2  free  transition at x/c =  0.0266   19

  30   rms: 0.7596E+00   max: 0.2495E+01   T at   20  2   RLX: 0.218
       a =  0.000      CL = -0.0431
      Cm =  0.0029     CD =  0.11415   =>   CDf =  0.00348    CDp =  0.11067

 Side 1  free  transition at x/c =  0.6502   54
 Side 2  free  transition at x/c =  0.0259   19

  31   rms: 0.5885E+00   max: -.2095E+01   T at  107  2   RLX: 0.239
       a =  0.000      CL =  0.1016
      Cm = -0.0303     CD =  0.09385   =>   CDf =  0.00348    CDp =  0.09037

 Side 1  free  transition at x/c =  0.6401   55
 Side 2  free  transition at x/c =  0.0262   18

  32   rms: 0.4851E+00   max: -.1679E+01   T at  106  2   RLX: 0.298
       a =  0.000      CL =  0.2104
      Cm = -0.0554     CD =  0.06045   =>   CDf =  0.00339    CDp =  0.05706

 Side 1  free  transition at x/c =  0.6342   54
 Side 2  free  transition at x/c =  0.0265   18

  33   rms: 0.4046E+00   max: 0.1453E+01   T at   84  2   RLX: 0.403
       a =  0.000      CL =  0.2639
      Cm = -0.0749     CD =  0.03634   =>   CDf =  0.00331    CDp =  0.03303

 Side 1  free  transition at x/c =  0.6324   54
 Side 2  free  transition at x/c =  0.0265   18

  34   rms: 0.4420E+00   max: -.1601E+01   D at   89  2   RLX: 0.312
       a =  0.000      CL =  0.2653
      Cm = -0.0885     CD =  0.02783   =>   CDf =  0.00320    CDp =  0.02463

 Side 1  free  transition at x/c =  0.6347   53
 Side 2  free  transition at x/c =  0.0259   19

  35   rms: 0.5476E+00   max: -.2906E+01   D at   99  2   RLX: 0.172
       a =  0.000      CL =  0.2916
      Cm = -0.1022     CD =  0.01578   =>   CDf =  0.00316    CDp =  0.01261

 Side 1  free  transition at x/c =  0.6338   53
 Side 2  free  transition at x/c =  0.0259   19

  36   rms: 0.6441E+00   max: -.3342E+01   D at   86  2   RLX: 0.150
       a =  0.000      CL =  0.3180
      Cm = -0.1123     CD =  0.01152   =>   CDf =  0.00313    CDp =  0.00839

 MRCHDU: Convergence failed at  86  side 2    Res =  0.1480E+00
 Side 1  free  transition at x/c =  0.6312   53
 Side 2  free  transition at x/c =  0.0261   19

  37   rms: 0.6946E+00   max: -.3765E+01   D at   87  2   RLX: 0.133
       a =  0.000      CL =  0.3334
      Cm = -0.1207     CD =  0.01383   =>   CDf =  0.00311    CDp =  0.01072

 MRCHDU: Convergence failed at  87  side 2    Res =  0.6696E-01
 Side 1  free  transition at x/c =  0.6292   53
 Side 2  free  transition at x/c =  0.0262   19

  38   rms: 0.1075E+01   max: -.7003E+01   D at   87  2   RLX: 0.071
       a =  0.000      CL =  0.3353
      Cm = -0.1267     CD =  0.01296   =>   CDf =  0.00308    CDp =  0.00989

 MRCHDU: Convergence failed at  87  side 2    Res =  0.2533E+00
 Side 1  free  transition at x/c =  0.6290   53
 Side 2  free  transition at x/c =  0.0261   19

  39   rms: 0.9903E+00   max: -.4931E+01   D at   88  2   RLX: 0.101
       a =  0.000      CL =  0.3340
      Cm = -0.1354     CD =  0.01934   =>   CDf =  0.00307    CDp =  0.01627

 Side 1  free  transition at x/c =  0.6281   53
 Side 2  free  transition at x/c =  0.0259   19

  40   rms: 0.1026E+01   max: -.6795E+01   D at   88  2   RLX: 0.074
       a =  0.000      CL =  0.3184
      Cm = -0.1359     CD =  0.01846   =>   CDf =  0.00310    CDp =  0.01536

 MRCHDU: Convergence failed at  88  side 2    Res =  0.1960E+00
 Side 1  free  transition at x/c =  0.6276   53
 Side 2  free  transition at x/c =  0.0257   19

  41   rms: 0.7066E+00   max: -.3107E+01   D at   91  2   RLX: 0.161
       a =  0.000      CL =  0.3042
      Cm = -0.1372     CD =  0.03123   =>   CDf =  0.00313    CDp =  0.02810

 Side 1  free  transition at x/c =  0.6253   53
 Side 2  free  transition at x/c =  0.0255   19

  42   rms: 0.6060E+00   max: -.3079E+01   D at   89  2   RLX: 0.162
       a =  0.000      CL =  0.2830
      Cm = -0.1309     CD =  0.02734   =>   CDf =  0.00321    CDp =  0.02413

 Side 1  free  transition at x/c =  0.6236   53
 Side 2  free  transition at x/c =  0.0253   19

  43   rms: 0.5387E+00   max: -.3155E+01   D at   89  2   RLX: 0.158
       a =  0.000      CL =  0.2622
      Cm = -0.1229     CD =  0.02335   =>   CDf =  0.00330    CDp =  0.02004

 MRCHDU: Convergence failed at  89  side 2    Res =  0.1258E+00
 MRCHDU: Convergence failed at  90  side 2    Res =  0.8676E-01
 Side 1  free  transition at x/c =  0.6227   53
 Side 2  free  transition at x/c =  0.0252   19

  44   rms: 0.4756E+00   max: -.2530E+01   D at   90  2   RLX: 0.198
       a =  0.000      CL =  0.2279
      Cm = -0.1105     CD =  0.02039   =>   CDf =  0.00339    CDp =  0.01700

 MRCHDU: Convergence failed at  90  side 2    Res =  0.1579E+00
 MRCHDU: Convergence failed at  91  side 2    Res =  0.5907E+00
 MRCHDU: Convergence failed at  92  side 2    Res =  0.5853E+00
 MRCHDU: Convergence failed at  93  side 2    Res =  0.4840E+00
 MRCHDU: Convergence failed at  94  side 2    Res =  0.5171E+00
 MRCHDU: Convergence failed at  95  side 2    Res =  0.4578E+00
 MRCHDU: Convergence failed at  96  side 2    Res =  0.4360E+00
 MRCHDU: Convergence failed at  97  side 2    Res =  0.4462E+00
 MRCHDU: Convergence failed at  98  side 2    Res =  0.4750E+00
 MRCHDU: Convergence failed at  99  side 2    Res =  0.5846E+00
 MRCHDU: Convergence failed at 100  side 2    Res =  0.1494E+00
 MRCHDU: Convergence failed at 101  side 2    Res =  0.1067E+00
 MRCHDU: Convergence failed at 102  side 2    Res =  0.4064E-01
 Side 1  free  transition at x/c =  0.6227   53
 Side 2  free  transition at x/c =  0.0248   19

  45   rms: 0.8526E+00   max: 0.7136E+01   C at  103  2   RLX: 0.203
       a =  0.000      CL =  0.1386
      Cm = -0.0893     CD =  0.04215   =>   CDf =  0.00347    CDp =  0.03867

 Side 1  free  transition at x/c =  0.6297   52
 Side 2  free  transition at x/c =  0.0239   20

  46   rms: 0.5347E+00   max: -.2074E+01   D at   99  2   RLX: 0.241
       a =  0.000      CL =  0.0458
      Cm = -0.0610     CD =  0.03231   =>   CDf =  0.00349    CDp =  0.02882

 Side 1  free  transition at x/c =  0.6341   52
 Side 2  free  transition at x/c =  0.0234   20

  47   rms: 0.4008E+00   max: -.1383E+01   T at  104  2   RLX: 0.344
       a =  0.000      CL =  0.0806
      Cm = -0.0515     CD =  0.03423   =>   CDf =  0.00351    CDp =  0.03072

 Side 1  free  transition at x/c =  0.6213   51
 Side 2  free  transition at x/c =  0.0237   20

  48   rms: 0.3709E+00   max: -.1457E+01   D at   82  2   RLX: 0.343
       a =  0.000      CL =  0.1362
      Cm = -0.0509     CD =  0.02797   =>   CDf =  0.00361    CDp =  0.02436

 Side 1  free  transition at x/c =  0.6181   52
 Side 2  free  transition at x/c =  0.0243   19

  49   rms: 0.6405E+00   max: -.8959E+01   D at    2  1   RLX: 0.056
       a =  0.000      CL =  0.1457
      Cm = -0.0522     CD =  0.02701   =>   CDf =  0.00373    CDp =  0.02328

 Side 1  free  transition at x/c =  0.6175   52
 Side 2  free  transition at x/c =  0.0244   19

  50   rms: 0.3820E+00   max: -.1641E+01   D at  105  2   RLX: 0.305
       a =  0.000      CL =  0.2237
      Cm = -0.0598     CD =  0.02373   =>   CDf =  0.00377    CDp =  0.01996

 Side 1  free  transition at x/c =  0.6149   52
 Side 2  free  transition at x/c =  0.0255   19

  51   rms: 0.4275E+00   max: -.3248E+01   T at  104  2   RLX: 0.154
       a =  0.000      CL =  0.2604
      Cm = -0.0651     CD =  0.02640   =>   CDf =  0.00393    CDp =  0.02247

 Side 1  free  transition at x/c =  0.6131   52
 Side 2  free  transition at x/c =  0.0262   19

  52   rms: 0.4012E+00   max: -.2257E+01   T at   19  2   RLX: 0.222
       a =  0.000      CL =  0.3191
      Cm = -0.0729     CD =  0.02673   =>   CDf =  0.00398    CDp =  0.02275

 Side 1  free  transition at x/c =  0.6117   53
 Side 2  free  transition at x/c =  0.0259   18

  53   rms: 0.3489E+00   max: -.2383E+01   T at    2  1   RLX: 0.210
       a =  0.000      CL =  0.3736
      Cm = -0.0805     CD =  0.01985   =>   CDf =  0.00435    CDp =  0.01550

 Side 1  free  transition at x/c =  0.6086   53
 Side 2  free  transition at x/c =  0.0262   18

  54   rms: 0.3077E+00   max: -.1725E+01   D at  104  2   RLX: 0.290
       a =  0.000      CL =  0.4383
      Cm = -0.0896     CD =  0.01249   =>   CDf =  0.00449    CDp =  0.00800

 Side 1  free  transition at x/c =  0.6048   52
 Side 2  free  transition at x/c =  0.0265   18

  55   rms: 0.2723E+00   max: -.1903E+01   T at  103  2   RLX: 0.263
       a =  0.000      CL =  0.4887
      Cm = -0.0974     CD =  0.01427   =>   CDf =  0.00461    CDp =  0.00966

 Side 1  free  transition at x/c =  0.6024   53
 Side 2  free  transition at x/c =  0.0268   17

  56   rms: 0.4952E+00   max: -.7576E+01   D at    2  1   RLX: 0.066
       a =  0.000      CL =  0.4979
      Cm = -0.0989     CD =  0.01467   =>   CDf =  0.00479    CDp =  0.00988

 Side 1  free  transition at x/c =  0.6017   53
 Side 2  free  transition at x/c =  0.0268   17

  57   rms: 0.2286E+00   max: -.1322E+01   D at  103  2   RLX: 0.378
       a =  0.000      CL =  0.5507
      Cm = -0.1067     CD =  0.00890   =>   CDf =  0.00482    CDp =  0.00408

 Side 1  free  transition at x/c =  0.5973   53
 Side 2  free  transition at x/c =  0.0271   17

  58   rms: 0.2468E+00   max: -.2812E+01   T at  102  2   RLX: 0.178
       a =  0.000      CL =  0.5681
      Cm = -0.1100     CD =  0.01229   =>   CDf =  0.00494    CDp =  0.00736

 Side 1  free  transition at x/c =  0.5967   53
 Side 2  free  transition at x/c =  0.0272   17

  59   rms: 0.1597E+00   max: -.1055E+01   D at  102  2   RLX: 0.474
       a =  0.000      CL =  0.6065
      Cm = -0.1159     CD =  0.00899   =>   CDf =  0.00504    CDp =  0.00396

 MRCHDU: Convergence failed at  21  side 2    Res =  0.2547E+02
 MRCHDU: Convergence failed at  22  side 2    Res =  0.8171E+02
 MRCHDU: Convergence failed at  23  side 2    Res =  0.1035E+03
 MRCHDU: Convergence failed at  24  side 2    Res =  0.5344E+02
 MRCHDU: Convergence failed at  25  side 2    Res =  0.3886E+02
 MRCHDU: Convergence failed at  26  side 2    Res =  0.4215E+02
 MRCHDU: Convergence failed at  27  side 2    Res =  0.3038E+02
 MRCHDU: Convergence failed at  28  side 2    Res =  0.5068E+03
 MRCHDU: Convergence failed at  29  side 2    Res =  0.5739E+03
 MRCHDU: Convergence failed at  30  side 2    Res =  0.7016E+03
 MRCHDU: Convergence failed at  31  side 2    Res =  0.5453E+03
 MRCHDU: Convergence failed at  32  side 2    Res =  0.5676E+03
 MRCHDU: Convergence failed at  33  side 2    Res =  0.3685E+03
 MRCHDU: Convergence failed at  34  side 2    Res =  0.2989E+03
 MRCHDU: Convergence failed at  35  side 2    Res =  0.2562E+03
 MRCHDU: Convergence failed at  36  side 2    Res =  0.2495E+03
 MRCHDU: Convergence failed at  37  side 2    Res =  0.2425E+03
 MRCHDU: Convergence failed at  38  side 2    Res =  0.1755E+03
 MRCHDU: Convergence failed at  39  side 2    Res =  0.1580E+03
 MRCHDU: Convergence failed at  40  side 2    Res =  0.1428E+03
 MRCHDU: Convergence failed at  41  side 2    Res =  0.1294E+03
 MRCHDU: Convergence failed at  42  side 2    Res =  0.1273E+03
 MRCHDU: Convergence failed at  43  side 2    Res =  0.1252E+03
 MRCHDU: Convergence failed at  44  side 2    Res =  0.1040E+03
 MRCHDU: Convergence failed at  45  side 2    Res =  0.9487E+02
 MRCHDU: Convergence failed at  46  side 2    Res =  0.9008E+02
 MRCHDU: Convergence failed at  47  side 2    Res =  0.8623E+02
 MRCHDU: Convergence failed at  48  side 2    Res =  0.8321E+02
 MRCHDU: Convergence failed at  49  side 2    Res =  0.8191E+02
 MRCHDU: Convergence failed at  50  side 2    Res =  0.8221E+02
 MRCHDU: Convergence failed at  51  side 2    Res =  0.9127E+02
 MRCHDU: Convergence failed at  52  side 2    Res =  0.8395E+02
 MRCHDU: Convergence failed at  53  side 2    Res =  0.9220E+02
 MRCHDU: Convergence failed at  54  side 2    Res =  0.9296E+02
 MRCHDU: Convergence failed at  55  side 2    Res =  0.9808E+02
 MRCHDU: Convergence failed at  56  side 2    Res =  0.1017E+03
 MRCHDU: Convergence failed at  57  side 2    Res =  0.1061E+03
 MRCHDU: Convergence failed at  58  side 2    Res =  0.1110E+03
 MRCHDU: Convergence failed at  59  side 2    Res =  0.1163E+03
 MRCHDU: Convergence failed at  60  side 2    Res =  0.1200E+04
 MRCHDU: Convergence failed at  61  side 2    Res =  0.1500E+03
 MRCHDU: Convergence failed at  62  side 2    Res =  0.1619E+03
 MRCHDU: Convergence failed at  63  side 2    Res =  0.1797E+03
 MRCHDU: Convergence failed at  64  side 2    Res =  0.1943E+03
 MRCHDU: Convergence failed at  65  side 2    Res =  0.1973E+03
 MRCHDU: Convergence failed at  66  side 2    Res =  0.2225E+03
 MRCHDU: Convergence failed at  67  side 2    Res =  0.2468E+03
 MRCHDU: Convergence failed at  68  side 2    Res =  0.2608E+03
 MRCHDU: Convergence failed at  69  side 2    Res =  0.2493E+03
 MRCHDU: Convergence failed at  70  side 2    Res =  0.2539E+03
 MRCHDU: Convergence failed at  71  side 2    Res =  0.1289E+03
 MRCHDU: Convergence failed at  72  side 2    Res =  0.2570E+03
 MRCHDU: Convergence failed at  73  side 2    Res =  0.2494E+03
 MRCHDU: Convergence failed at  74  side 2    Res =  0.1032E+03
 MRCHDU: Convergence failed at  75  side 2    Res =  0.2080E+03
 MRCHDU: Convergence failed at  76  side 2    Res =  0.1037E+03
 MRCHDU: Convergence failed at  77  side 2    Res =  0.5721E+03
 MRCHDU: Convergence failed at  78  side 2    Res =  0.1334E+04
 MRCHDU: Convergence failed at  79  side 2    Res =  0.1201E+03
 MRCHDU: Convergence failed at  80  side 2    Res =  0.3385E+03
 MRCHDU: Convergence failed at  81  side 2    Res =  0.1560E+03
 MRCHDU: Convergence failed at  82  side 2    Res =  0.1309E+03
 Side 1  free  transition at x/c =  0.5934   53
 Side 2  free  transition at x/c =  0.0535   21

  60   rms: 0.1517E+02   max: 0.3147E+03   T at   21  2   RLX: 0.002
       a =  0.000      CL = -0.2721
      Cm =  0.1244     CD =  0.00305   =>   CDf =  0.00290    CDp =  0.00016

 Side 1  free  transition at x/c =  0.5934   53
 Side 2  free  transition at x/c =  0.0517   21

  61   rms: 0.1721E+01   max: 0.1636E+02   T at   21  2   RLX: 0.082
       a =  0.000      CL =  0.0945
      Cm = -0.0016     CD =  0.02140   =>   CDf =  0.00314    CDp =  0.01826

 Side 1  free  transition at x/c =  0.6009   53
 Side 2  free  transition at x/c =  0.0506   20

  62   rms: 0.4697E+01   max: 0.2267E+02   T at   23  2   RLX: 0.059
       a =  0.000      CL =  0.0662
      Cm = -0.0032     CD =  0.03810   =>   CDf =  0.00319    CDp =  0.03491

 MRCHDU: Convergence failed at  22  side 2    Res =  0.9101E+02
 MRCHDU: Convergence failed at  23  side 2    Res =  0.5286E+02
 MRCHDU: Convergence failed at  24  side 2    Res =  0.9676E+02
 MRCHDU: Convergence failed at  25  side 2    Res =  0.5456E+02
 MRCHDU: Convergence failed at  26  side 2    Res =  0.7835E+02
 MRCHDU: Convergence failed at  27  side 2    Res =  0.1707E+03
 MRCHDU: Convergence failed at  28  side 2    Res =  0.4068E+02
 MRCHDU: Convergence failed at  29  side 2    Res =  0.6247E+02
 MRCHDU: Convergence failed at  30  side 2    Res =  0.1723E+03
 MRCHDU: Convergence failed at  31  side 2    Res =  0.2222E+03
 MRCHDU: Convergence failed at  32  side 2    Res =  0.6704E+02
 MRCHDU: Convergence failed at  33  side 2    Res =  0.6119E+02
 MRCHDU: Convergence failed at  34  side 2    Res =  0.8106E+02
 MRCHDU: Convergence failed at  35  side 2    Res =  0.1180E+03
 MRCHDU: Convergence failed at  36  side 2    Res =  0.2452E+03
 MRCHDU: Convergence failed at  37  side 2    Res =  0.1248E+04
 MRCHDU: Convergence failed at  38  side 2    Res =  0.4332E+03
 MRCHDU: Convergence failed at  39  side 2    Res =  0.1484E+03
 MRCHDU: Convergence failed at  40  side 2    Res =  0.1015E+03
 MRCHDU: Convergence failed at  41  side 2    Res =  0.7288E+02
 MRCHDU: Convergence failed at  42  side 2    Res =  0.8235E+02
 MRCHDU: Convergence failed at  43  side 2    Res =  0.9568E+02
 MRCHDU: Convergence failed at  44  side 2    Res =  0.1162E+03
 MRCHDU: Convergence failed at  45  side 2    Res =  0.1567E+03
 MRCHDU: Convergence failed at  46  side 2    Res =  0.2611E+03
 MRCHDU: Convergence failed at  47  side 2    Res =  0.7036E+03
 MRCHDU: Convergence failed at  48  side 2    Res =  0.6034E+03
 MRCHDU: Convergence failed at  49  side 2    Res =  0.1829E+03
 MRCHDU: Convergence failed at  50  side 2    Res =  0.1123E+03
 MRCHDU: Convergence failed at  51  side 2    Res =  0.4418E+03
 MRCHDU: Convergence failed at  52  side 2    Res =  0.6801E+02
 MRCHDU: Convergence failed at  53  side 2    Res =  0.2648E+03
 MRCHDU: Convergence failed at  54  side 2    Res =  0.3787E+03
 MRCHDU: Convergence failed at  55  side 2    Res =  0.2001E+03
 MRCHDU: Convergence failed at  56  side 2    Res =  0.1430E+03
 MRCHDU: Convergence failed at  57  side 2    Res =  0.7952E+03
 MRCHDU: Convergence failed at  58  side 2    Res =  0.3002E+03
 MRCHDU: Convergence failed at  59  side 2    Res =  0.2876E+03
 MRCHDU: Convergence failed at  60  side 2    Res =  0.7202E+03
 MRCHDU: Convergence failed at  61  side 2    Res =  0.1584E+03
 MRCHDU: Convergence failed at  62  side 2    Res =  0.6797E+02
 MRCHDU: Convergence failed at  63  side 2    Res =  0.8396E+03
 MRCHDU: Convergence failed at  64  side 2    Res =  0.8531E+03
 MRCHDU: Convergence failed at  65  side 2    Res =  0.1282E+04
 MRCHDU: Convergence failed at  66  side 2    Res =  0.1541E+03
 MRCHDU: Convergence failed at  67  side 2    Res =  0.6130E+02
 MRCHDU: Convergence failed at  68  side 2    Res =  0.7118E+02
 MRCHDU: Convergence failed at  69  side 2    Res =  0.6729E+02
 MRCHDU: Convergence failed at  70  side 2    Res =  0.3325E+03
 MRCHDU: Convergence failed at  71  side 2    Res =  0.6273E+02
 MRCHDU: Convergence failed at  72  side 2    Res =  0.5388E+02
 MRCHDU: Convergence failed at  73  side 2    Res =  0.6906E+02
 MRCHDU: Convergence failed at  74  side 2    Res =  0.1746E+03
 MRCHDU: Convergence failed at  75  side 2    Res =  0.1929E+03
 MRCHDU: Convergence failed at  76  side 2    Res =  0.1924E+03
 MRCHDU: Convergence failed at  77  side 2    Res =  0.1798E+03
 MRCHDU: Convergence failed at  78  side 2    Res =  0.2032E+03
 MRCHDU: Convergence failed at  79  side 2    Res =  0.2017E+03
 MRCHDU: Convergence failed at  80  side 2    Res =  0.1782E+03
 MRCHDU: Convergence failed at  81  side 2    Res =  0.1840E+03
 MRCHDU: Convergence failed at  82  side 2    Res =  0.1887E+03
 MRCHDU: Convergence failed at  83  side 2    Res =  0.5179E+02
 Side 1  free  transition at x/c =  0.6036   52
 Side 2  free  transition at x/c =  0.0502   21

  63   rms: 0.9596E+00   max: -.5406E+01   T at   21  2   RLX: 0.092
       a =  0.000      CL = -0.7386
      Cm =  0.2337     CD =  0.00280   =>   CDf =  0.00292    CDp = -0.00012

 Side 1  free  transition at x/c =  0.6033   52
 Side 2  free  transition at x/c =  0.0468   21

  64   rms: 0.2515E+01   max: 0.1124E+02   D at   90  2   RLX: 0.073
       a =  0.000      CL = -0.6701
      Cm =  0.1831     CD =  0.04035   =>   CDf =  0.00318    CDp =  0.03717

 Side 1  free  transition at x/c =  0.6192   52
 Side 2  free  transition at x/c =  0.0318   20

  65   rms: 0.1044E+01   max: 0.8513E+01   T at   20  2   RLX: 0.069
       a =  0.000      CL = -0.6802
      Cm =  0.1821     CD =  0.04324   =>   CDf =  0.00326    CDp =  0.03999

 Side 1  free  transition at x/c =  0.6256   53
 Side 2  free  transition at x/c =  0.0289   20

  66   rms: 0.9679E+00   max: 0.8526E+01   T at   20  2   RLX: 0.151
       a =  0.000      CL = -0.6088
      Cm =  0.1541     CD =  0.02265   =>   CDf =  0.00325    CDp =  0.01940

 MRCHDU: Convergence failed at  98  side 2    Res =  0.9179E+00
 MRCHDU: Convergence failed at  99  side 2    Res =  0.2144E+01
 Side 1  free  transition at x/c =  0.6356   53
 Side 2  free  transition at x/c =  0.0272   19

  67   rms: 0.1352E+01   max: -.1137E+02   T at   22  2   RLX: 0.044
       a =  0.000      CL = -0.6631
      Cm =  0.1710     CD =  0.03444   =>   CDf =  0.00334    CDp =  0.03110

 Side 1  free  transition at x/c =  0.6368   53
 Side 2  free  transition at x/c =  0.0271   19

  68   rms: 0.1056E+01   max: -.8962E+01   T at   21  2   RLX: 0.056
       a =  0.000      CL = -0.6251
      Cm =  0.1619     CD =  0.02505   =>   CDf =  0.00336    CDp =  0.02170

 Side 1  free  transition at x/c =  0.6378   53
 Side 2  free  transition at x/c =  0.0270   19

  69   rms: 0.9622E+00   max: -.3632E+01   T at  107  2   RLX: 0.138
       a =  0.000      CL = -0.4850
      Cm =  0.1298     CD =  0.00336   =>   CDf =  0.00337    CDp = -0.00002

 Side 1  free  transition at x/c =  0.6382   54
 Side 2  free  transition at x/c =  0.0269   19

  70   rms: 0.1006E+01   max: 0.5354E+01   T at   21  2   RLX: 0.121
       a =  0.000      CL = -0.3448
      Cm =  0.0975     CD =  0.00133   =>   CDf =  0.00340    CDp = -0.00207

 Side 1  free  transition at x/c =  0.6359   53
 Side 2  free  transition at x/c =  0.0269   19

  71   rms: 0.8554E+00   max: -.3862E+01   T at  107  2   RLX: 0.129
       a =  0.000      CL = -0.2407
      Cm =  0.0743     CD =  0.00063   =>   CDf =  0.00341    CDp = -0.00278

 Side 1  free  transition at x/c =  0.6343   54
 Side 2  free  transition at x/c =  0.0270   18

  72   rms: 0.7385E+00   max: -.3898E+01   T at  106  2   RLX: 0.128
       a =  0.000      CL = -0.1428
      Cm =  0.0517     CD =  0.00004   =>   CDf =  0.00336    CDp = -0.00332

 Side 1  free  transition at x/c =  0.6329   54
 Side 2  free  transition at x/c =  0.0270   18

  73   rms: 0.5375E+00   max: 0.2969E+01   T at   84  2   RLX: 0.245
       a =  0.000      CL = -0.0218
      Cm =  0.0215     CD =  0.00000   =>   CDf =  0.00334    CDp = -0.00334

 Side 1  free  transition at x/c =  0.6340   54
 Side 2  free  transition at x/c =  0.0268   18

  74   rms: 0.7514E+00   max: -.7605E+01   T at  106  2   RLX: 0.066
       a =  0.000      CL =  0.0222
      Cm =  0.0109     CD =  0.00000   =>   CDf =  0.00332    CDp = -0.00332

 Side 1  free  transition at x/c =  0.6320   54
 Side 2  free  transition at x/c =  0.0269   18

  75   rms: 0.7166E+01   max: 0.1479E+03   C at  106  2   RLX: 0.010
       a =  0.000      CL =  0.0334
      Cm =  0.0085     CD =  0.00001   =>   CDf =  0.00331    CDp = -0.00330

 Side 1  free  transition at x/c =  0.6313   54
 Side 2  free  transition at x/c =  0.0269   18

  76   rms: 0.1562E+01   max: -.1852E+02   T at  106  2   RLX: 0.027
       a =  0.000      CL =  0.0667
      Cm =  0.0026     CD =  0.00000   =>   CDf =  0.00331    CDp = -0.00331

 Side 1  free  transition at x/c =  0.6282   54
 Side 2  free  transition at x/c =  0.0269   18

  77   rms: 0.2732E+01   max: -.4566E+02   T at  106  2   RLX: 0.011
       a =  0.000      CL =  0.0845
      Cm = -0.0004     CD =  0.00000   =>   CDf =  0.00330    CDp = -0.00330

 Side 1  free  transition at x/c =  0.6260   54
 Side 2  free  transition at x/c =  0.0270   18

  78   rms: 0.3071E+01   max: -.5608E+02   T at  106  2   RLX: 0.009
       a =  0.000      CL =  0.1013
      Cm = -0.0033     CD =  0.00000   =>   CDf =  0.00330    CDp = -0.00330

 Side 1  free  transition at x/c =  0.6242   54
 Side 2  free  transition at x/c =  0.0270   18

  79   rms: 0.3697E+01   max: -.6511E+02   T at  106  2   RLX: 0.008
       a =  0.000      CL =  0.1185
      Cm = -0.0062     CD =  0.00000   =>   CDf =  0.00330    CDp = -0.00330

 MRCHDU: Convergence failed at  80  side 2    Res =  0.7108E-02
 Side 1  free  transition at x/c =  0.6225   54
 Side 2  free  transition at x/c =  0.0270   18

  80   rms: 0.2757E+01   max: -.4102E+02   T at  106  2   RLX: 0.012
       a =  0.000      CL =  0.1404
      Cm = -0.0099     CD =  0.00000   =>   CDf =  0.00331    CDp = -0.00331

 MRCHDU: Convergence failed at  79  side 2    Res =  0.4041E-02
 MRCHDU: Convergence failed at  81  side 2    Res =  0.1005E-01
 MRCHDU: Convergence failed at  82  side 2    Res =  0.4945E-02
 Side 1  free  transition at x/c =  0.6206   54
 Side 2  free  transition at x/c =  0.0270   17

  81   rms: 0.1189E+01   max: -.1333E+02   T at  105  2   RLX: 0.038
       a =  0.000      CL =  0.1707
      Cm = -0.0157     CD =  0.00000   =>   CDf =  0.00330    CDp = -0.00330

 MRCHDU: Convergence failed at  79  side 2    Res =  0.8584E-01
 Side 1  free  transition at x/c =  0.6185   54
 Side 2  free  transition at x/c =  0.0271   17

  82   rms: 0.1085E+01   max: 0.7583E+01   T at   83  2   RLX: 0.086
       a =  0.000      CL =  0.1992
      Cm = -0.0225     CD =  0.00000   =>   CDf =  0.00328    CDp = -0.00328

 Side 1  free  transition at x/c =  0.6178   54
 Side 2  free  transition at x/c =  0.0271   17

  83   rms: 0.1350E+01   max: -.6670E+01   C at   96  2   RLX: 0.075
       a =  0.000      CL =  0.2396
      Cm = -0.0309     CD =  0.00000   =>   CDf =  0.00327    CDp = -0.00327

 Side 1  free  transition at x/c =  0.6149   54
 Side 2  free  transition at x/c =  0.0271   17

  84   rms: 0.1917E+01   max: -.1025E+02   C at   92  2   RLX: 0.049
       a =  0.000      CL =  0.2637
      Cm = -0.0360     CD =  0.00000   =>   CDf =  0.00325    CDp = -0.00325

 Side 1  free  transition at x/c =  0.6131   54
 Side 2  free  transition at x/c =  0.0271   17

  85   rms: 0.2747E+01   max: -.1897E+02   C at   82  2   RLX: 0.026
       a =  0.000      CL =  0.2741
      Cm = -0.0384     CD =  0.00000   =>   CDf =  0.00325    CDp = -0.00325

 Side 1  free  transition at x/c =  0.6124   54
 Side 2  free  transition at x/c =  0.0271   17

  86   rms: 0.4173E+01   max: -.3418E+02   C at   82  2   RLX: 0.015
       a =  0.000      CL =  0.2789
      Cm = -0.0395     CD =  0.00000   =>   CDf =  0.00324    CDp = -0.00324

 Side 1  free  transition at x/c =  0.6122   54
 Side 2  free  transition at x/c =  0.0271   17

  87   rms: 0.5859E+01   max: -.5602E+02   C at   82  2   RLX: 0.009
       a =  0.000      CL =  0.2811
      Cm = -0.0401     CD =  0.00000   =>   CDf =  0.00324    CDp = -0.00324

 Side 1  free  transition at x/c =  0.6121   54
 Side 2  free  transition at x/c =  0.0271   17

  88   rms: 0.7618E+01   max: -.8530E+02   C at   82  2   RLX: 0.006
       a =  0.000      CL =  0.2822
      Cm = -0.0404     CD =  0.00000   =>   CDf =  0.00324    CDp = -0.00324

 Side 1  free  transition at x/c =  0.6121   54
 Side 2  free  transition at x/c =  0.0271   17

  89   rms: 0.9844E+01   max: -.1227E+03   C at   82  2   RLX: 0.004
       a =  0.000      CL =  0.2828
      Cm = -0.0406     CD =  0.00000   =>   CDf =  0.00324    CDp = -0.00324

 Side 1  free  transition at x/c =  0.6121   54
 Side 2  free  transition at x/c =  0.0271   17

  90   rms: 0.1258E+02   max: -.1655E+03   C at   82  2   RLX: 0.003
       a =  0.000      CL =  0.2832
      Cm = -0.0408     CD =  0.00000   =>   CDf =  0.00324    CDp = -0.00324

 Side 1  free  transition at x/c =  0.6122   54
 Side 2  free  transition at x/c =  0.0271   17

  91   rms: 0.1601E+02   max: -.2156E+03   C at   82  2   RLX: 0.002
       a =  0.000      CL =  0.2834
      Cm = -0.0409     CD =  0.00000   =>   CDf =  0.00324    CDp = -0.00324

 Side 1  free  transition at x/c =  0.6122   54
 Side 2  free  transition at x/c =  0.0271   17

  92   rms: 0.1987E+02   max: -.2699E+03   C at   82  2   RLX: 0.002
       a =  0.000      CL =  0.2835
      Cm = -0.0410     CD =  0.00005   =>   CDf =  0.00324    CDp = -0.00319

 Side 1  free  transition at x/c =  0.6122   54
 Side 2  free  transition at x/c =  0.0271   17

  93   rms: 0.2485E+02   max: -.3384E+03   C at   82  2   RLX: 0.001
       a =  0.000      CL =  0.2836
      Cm = -0.0410     CD =  0.00431   =>   CDf =  0.00324    CDp =  0.00107

 Side 1  free  transition at x/c =  0.6123   54
 Side 2  free  transition at x/c =  0.0271   17

  94   rms: 0.3002E+02   max: -.4091E+03   C at   82  2   RLX: 0.001
       a =  0.000      CL =  0.2837
      Cm = -0.0411     CD =  0.12772   =>   CDf =  0.00324    CDp =  0.12448

 Side 1  free  transition at x/c =  0.6123   54
 Side 2  free  transition at x/c =  0.0271   17

  95   rms: 0.3573E+02   max: -.4869E+03   C at   82  2   RLX: 0.001
       a =  0.000      CL =  0.2838
      Cm = -0.0411     CD =  1.95855   =>   CDf =  0.00324    CDp =  1.95531

 Side 1  free  transition at x/c =  0.6123   54
 Side 2  free  transition at x/c =  0.0271   17

  96   rms: 0.4196E+02   max: -.5717E+03   C at   82  2   RLX: 0.001
       a =  0.000      CL =  0.2838
      Cm = -0.0411     CD = 18.51188   =>   CDf =  0.00324    CDp = 18.50864

 Side 1  free  transition at x/c =  0.6123   54
 Side 2  free  transition at x/c =  0.0271   17

  97   rms: 0.4870E+02   max: -.6633E+03   C at   82  2   RLX: 0.001
       a =  0.000      CL =  0.2839
      Cm = -0.0412     CD =120.95071   =>   CDf =  0.00324    CDp =120.94747

 Side 1  free  transition at x/c =  0.6123   54
 Side 2  free  transition at x/c =  0.0271   17

  98   rms: 0.5594E+02   max: -.7618E+03   C at   82  2   RLX: 0.001
       a =  0.000      CL =  0.2839
      Cm = -0.0412     CD =593.79553   =>   CDf =  0.00324    CDp =593.79229

 Side 1  free  transition at x/c =  0.6123   54
 Side 2  free  transition at x/c =  0.0271   17

  99   rms: 0.6423E+02   max: -.8746E+03   C at   82  2   RLX: 0.001
       a =  0.000      CL =  0.2839
      Cm = -0.0412     CD =*********   =>   CDf =  0.00324    CDp =*********

 Side 1  free  transition at x/c =  0.6124   54
 Side 2  free  transition at x/c =  0.0271   17

 100   rms: 0.7251E+02   max: -.9873E+03   C at   82  2   RLX: 0.001
       a =  0.000      CL =  0.2839
      Cm = -0.0412     CD =*********   =>   CDf =  0.00324    CDp =*********

 Side 1  free  transition at x/c =  0.6124   54
 Side 2  free  transition at x/c =  0.0271   17

 101   rms: 0.8127E+02   max: -.1106E+04   C at   82  2   RLX: 0.000
       a =  0.000      CL =  0.2840
      Cm = -0.0412     CD =*********   =>   CDf =  0.00324    CDp =*********

 Side 1  free  transition at x/c =  0.6124   54
 Side 2  free  transition at x/c =  0.0271   17

 102   rms: 0.9196E+02   max: -.1252E+04   C at   82  2   RLX: 0.000
       a =  0.000      CL =  0.2840
      Cm = -0.0412     CD =*********   =>   CDf =  0.00324    CDp =*********

 Side 1  free  transition at x/c =  0.6124   54
 Side 2  free  transition at x/c =  0.0271   17

 103   rms: 0.1018E+03   max: -.1386E+04   C at   82  2   RLX: 0.000
       a =  0.000      CL =  0.2840
      Cm = -0.0413     CD =*********   =>   CDf =  0.00324    CDp =*********

 Side 1  free  transition at x/c =  0.6124   54
 Side 2  free  transition at x/c =  0.0271   17

 104   rms: 0.1122E+03   max: -.1527E+04   C at   82  2   RLX: 0.000
       a =  0.000      CL =  0.2840
      Cm = -0.0413     CD =*********   =>   CDf =  0.00324    CDp =*********

 Side 1  free  transition at x/c =  0.6124   54
 Side 2  free  transition at x/c =  0.0271   17

 105   rms: 0.1230E+03   max: -.1674E+04   C at   82  2   RLX: 0.000
       a =  0.000      CL =  0.2840
      Cm = -0.0413     CD =*********   =>   CDf =  0.00324    CDp =*********

 Side 1  free  transition at x/c =  0.6124   54
 Side 2  free  transition at x/c =  0.0271   17

 106   rms: 0.1343E+03   max: -.1827E+04   C at   82  2   RLX: 0.000
       a =  0.000      CL =  0.2840
      Cm = -0.0413     CD =*********   =>   CDf =  0.00324    CDp =*********

 Side 1  free  transition at x/c =  0.6124   54
 Side 2  free  transition at x/c =  0.0271   17

 107   rms: 0.1460E+03   max: -.1987E+04   C at   82  2   RLX: 0.000
       a =  0.000      CL =  0.2840
      Cm = -0.0413     CD =*********   =>   CDf =  0.00324    CDp =*********

 Side 1  free  transition at x/c =  0.6124   54
 Side 2  free  transition at x/c =  0.0271   17

 108   rms: 0.1583E+03   max: -.2154E+04   C at   82  2   RLX: 0.000
       a =  0.000      CL =  0.2840
      Cm = -0.0413     CD =*********   =>   CDf =  0.00324    CDp =*********

 Side 1  free  transition at x/c =  0.6124   54
 Side 2  free  transition at x/c =  0.0271   17

 109   rms: 0.1710E+03   max: -.2327E+04   C at   82  2   RLX: 0.000
       a =  0.000      CL =  0.2841
      Cm = -0.0413     CD =*********   =>   CDf =  0.00324    CDp =*********

 MRCHDU: Convergence failed at  80  side 2    Res =  0.6290E-02
 MRCHDU: Convergence failed at  81  side 2    Res =  0.2198E-01
 MRCHDU: Convergence failed at  82  side 2    Res =  0.1132E-01
 Side 1  free  transition at x/c =  0.6124   54
 Side 2  free  transition at x/c =  0.0271   17

 110   rms: 0.1842E+03   max: -.2507E+04   C at   82  2   RLX: 0.000
       a =  0.000      CL =  0.2841
      Cm = -0.0413     CD =*********   =>   CDf =  0.00324    CDp =*********

 MRCHDU: Convergence failed at  79  side 2    Res =  0.4516E-02
 MRCHDU: Convergence failed at  80  side 2    Res =  0.5347E-01
 MRCHDU: Convergence failed at  81  side 2    Res =  0.2199E-01
 MRCHDU: Convergence failed at  82  side 2    Res =  0.1132E-01
 Side 1  free  transition at x/c =  0.6124   54
 Side 2  free  transition at x/c =  0.0271   17

 111   rms: 0.1980E+03   max: -.2695E+04   C at   82  2   RLX: 0.000
       a =  0.000      CL =  0.2841
      Cm = -0.0413     CD =*********   =>   CDf =  0.00324    CDp =*********

 MRCHDU: Convergence failed at  79  side 2    Res =  0.5609E-01
 MRCHDU: Convergence failed at  80  side 2    Res =  0.5351E-01
 MRCHDU: Convergence failed at  81  side 2    Res =  0.2200E-01
 MRCHDU: Convergence failed at  82  side 2    Res =  0.1133E-01
 Side 1  free  transition at x/c =  0.6124   54
 Side 2  free  transition at x/c =  0.0271   17

 112   rms: 0.2122E+03   max: -.2888E+04   C at   82  2   RLX: 0.000
       a =  0.000      CL =  0.2841
      Cm = -0.0413     CD =*********   =>   CDf =  0.00324    CDp =*********

 MRCHDU: Convergence failed at  79  side 2    Res =  0.1076E+00
 Side 1  free  transition at x/c =  0.6124   54
 Side 2  free  transition at x/c =  0.0271   17

 113   rms: 0.7643E+00   max: 0.9541E+01   T at   83  2   RLX: 0.081
       a =  0.000      CL =  0.3090
      Cm = -0.0468     CD =  0.00000   =>   CDf =  0.00324    CDp = -0.00324

 Side 1  free  transition at x/c =  0.6109   54
 Side 2  free  transition at x/c =  0.0272   17

 114   rms: 0.9860E+00   max: 0.7871E+01   T at   83  2   RLX: 0.109
       a =  0.000      CL =  0.3551
      Cm = -0.0563     CD =  0.00000   =>   CDf =  0.00323    CDp = -0.00323

 Side 1  free  transition at x/c =  0.6070   54
 Side 2  free  transition at x/c =  0.0272   17

 115   rms: 0.1025E+01   max: -.1185E+02   T at  102  2   RLX: 0.042
       a =  0.000      CL =  0.3711
      Cm = -0.0602     CD =  0.00000   =>   CDf =  0.00324    CDp = -0.00324

 Side 1  free  transition at x/c =  0.6060   54
 Side 2  free  transition at x/c =  0.0272   17

 116   rms: 0.7991E+00   max: -.1181E+02   T at  102  2   RLX: 0.042
       a =  0.000      CL =  0.3808
      Cm = -0.0626     CD =  0.00000   =>   CDf =  0.00324    CDp = -0.00324

 Side 1  free  transition at x/c =  0.6056   53
 Side 2  free  transition at x/c =  0.0272   17

 117   rms: 0.6529E+00   max: -.8446E+01   T at  102  2   RLX: 0.059
       a =  0.000      CL =  0.3905
      Cm = -0.0655     CD =  0.00000   =>   CDf =  0.00323    CDp = -0.00323

 Side 1  free  transition at x/c =  0.6054   53
 Side 2  free  transition at x/c =  0.0272   17

 118   rms: 0.5831E+00   max: -.5640E+01   T at  102  2   RLX: 0.089
       a =  0.000      CL =  0.4014
      Cm = -0.0692     CD =  0.00000   =>   CDf =  0.00323    CDp = -0.00323

 Side 1  free  transition at x/c =  0.6056   53
 Side 2  free  transition at x/c =  0.0272   17

 119   rms: 0.5378E+00   max: 0.5373E+01   T at   83  2   RLX: 0.147
       a =  0.000      CL =  0.4133
      Cm = -0.0743     CD =  0.00000   =>   CDf =  0.00323    CDp = -0.00323

 Side 1  free  transition at x/c =  0.6057   53
 Side 2  free  transition at x/c =  0.0272   17

 120   rms: 0.2180E+01   max: -.1487E+02   C at   82  2   RLX: 0.034
       a =  0.000      CL =  0.4306
      Cm = -0.0782     CD =  0.00000   =>   CDf =  0.00323    CDp = -0.00323

 Side 1  free  transition at x/c =  0.6045   53
 Side 2  free  transition at x/c =  0.0273   17

 121   rms: 0.4210E+01   max: -.3818E+02   C at   82  2   RLX: 0.013
       a =  0.000      CL =  0.4356
      Cm = -0.0793     CD =  0.00000   =>   CDf =  0.00322    CDp = -0.00322

 Side 1  free  transition at x/c =  0.6041   53
 Side 2  free  transition at x/c =  0.0273   17

 122   rms: 0.6938E+01   max: -.7559E+02   C at   82  2   RLX: 0.007
       a =  0.000      CL =  0.4375
      Cm = -0.0797     CD =  0.00000   =>   CDf =  0.00321    CDp = -0.00321

 Side 1  free  transition at x/c =  0.6039   53
 Side 2  free  transition at x/c =  0.0273   17

 123   rms: 0.9881E+01   max: -.1306E+03   C at   82  2   RLX: 0.004
       a =  0.000      CL =  0.4383
      Cm = -0.0799     CD =  0.00000   =>   CDf =  0.00321    CDp = -0.00321

 Side 1  free  transition at x/c =  0.6039   53
 Side 2  free  transition at x/c =  0.0273   17

 124   rms: 0.1299E+02   max: -.2017E+03   C at   82  2   RLX: 0.002
       a =  0.000      CL =  0.4386
      Cm = -0.0800     CD =  0.00000   =>   CDf =  0.00321    CDp = -0.00321

 Side 1  free  transition at x/c =  0.6039   53
 Side 2  free  transition at x/c =  0.0273   17

 125   rms: 0.1662E+02   max: -.2895E+03   C at   82  2   RLX: 0.002
       a =  0.000      CL =  0.4387
      Cm = -0.0801     CD =  0.00000   =>   CDf =  0.00321    CDp = -0.00321

 Side 1  free  transition at x/c =  0.6039   53
 Side 2  free  transition at x/c =  0.0273   17

 126   rms: 0.2124E+02   max: -.3928E+03   C at   82  2   RLX: 0.001
       a =  0.000      CL =  0.4388
      Cm = -0.0801     CD =  0.00000   =>   CDf =  0.00321    CDp = -0.00321

 Side 1  free  transition at x/c =  0.6039   53
 Side 2  free  transition at x/c =  0.0273   17

 127   rms: 0.2695E+02   max: -.5113E+03   C at   82  2   RLX: 0.001
       a =  0.000      CL =  0.4388
      Cm = -0.0802     CD =  0.00000   =>   CDf =  0.00321    CDp = -0.00321

 Side 1  free  transition at x/c =  0.6039   53
 Side 2  free  transition at x/c =  0.0273   17

 128   rms: 0.3367E+02   max: -.6447E+03   C at   82  2   RLX: 0.001
       a =  0.000      CL =  0.4388
      Cm = -0.0802     CD =  0.00000   =>   CDf =  0.00321    CDp = -0.00321

 Side 1  free  transition at x/c =  0.6039   53
 Side 2  free  transition at x/c =  0.0273   17

 129   rms: 0.4125E+02   max: -.7924E+03   C at   82  2   RLX: 0.001
       a =  0.000      CL =  0.4387
      Cm = -0.0802     CD =  0.00000   =>   CDf =  0.00321    CDp = -0.00321

 Side 1  free  transition at x/c =  0.6039   53
 Side 2  free  transition at x/c =  0.0273   17

 130   rms: 0.4960E+02   max: -.9539E+03   C at   82  2   RLX: 0.001
       a =  0.000      CL =  0.4387
      Cm = -0.0802     CD =  0.00000   =>   CDf =  0.00321    CDp = -0.00321

 Side 1  free  transition at x/c =  0.6039   53
 Side 2  free  transition at x/c =  0.0273   17

 131   rms: 0.5867E+02   max: -.1129E+04   C at   82  2   RLX: 0.000
       a =  0.000      CL =  0.4387
      Cm = -0.0802     CD =  0.00000   =>   CDf =  0.00321    CDp = -0.00321

 Side 1  free  transition at x/c =  0.6039   53
 Side 2  free  transition at x/c =  0.0273   17

 132   rms: 0.6844E+02   max: -.1317E+04   C at   82  2   RLX: 0.000
       a =  0.000      CL =  0.4387
      Cm = -0.0802     CD =  0.00000   =>   CDf =  0.00321    CDp = -0.00321

 Side 1  free  transition at x/c =  0.6039   53
 Side 2  free  transition at x/c =  0.0273   17

 133   rms: 0.7885E+02   max: -.1517E+04   C at   82  2   RLX: 0.000
       a =  0.000      CL =  0.4386
      Cm = -0.0802     CD =  0.00000   =>   CDf =  0.00321    CDp = -0.00321

 Side 1  free  transition at x/c =  0.6039   53
 Side 2  free  transition at x/c =  0.0273   17

 134   rms: 0.8990E+02   max: -.1730E+04   C at   82  2   RLX: 0.000
       a =  0.000      CL =  0.4386
      Cm = -0.0802     CD =  0.00000   =>   CDf =  0.00321    CDp = -0.00321

 Side 1  free  transition at x/c =  0.6039   53
 Side 2  free  transition at x/c =  0.0273   17

 135   rms: 0.1016E+03   max: -.1955E+04   C at   82  2   RLX: 0.000
       a =  0.000      CL =  0.4386
      Cm = -0.0802     CD =  0.00000   =>   CDf =  0.00321    CDp = -0.00321

 Side 1  free  transition at x/c =  0.6039   53
 Side 2  free  transition at x/c =  0.0273   17

 136   rms: 0.1139E+03   max: -.2192E+04   C at   82  2   RLX: 0.000
       a =  0.000      CL =  0.4386
      Cm = -0.0802     CD =  0.00000   =>   CDf =  0.00321    CDp = -0.00321

 Side 1  free  transition at x/c =  0.6040   53
 Side 2  free  transition at x/c =  0.0273   17

 137   rms: 0.1269E+03   max: -.2442E+04   C at   82  2   RLX: 0.000
       a =  0.000      CL =  0.4386
      Cm = -0.0802     CD =  0.00000   =>   CDf =  0.00321    CDp = -0.00321

 Side 1  free  transition at x/c =  0.6040   53
 Side 2  free  transition at x/c =  0.0273   17

 138   rms: 0.1406E+03   max: -.2704E+04   C at   82  2   RLX: 0.000
       a =  0.000      CL =  0.4386
      Cm = -0.0802     CD =  0.00000   =>   CDf =  0.00321    CDp = -0.00321

 Side 1  free  transition at x/c =  0.6040   53
 Side 2  free  transition at x/c =  0.0273   17

 139   rms: 0.1548E+03   max: -.2978E+04   C at   82  2   RLX: 0.000
       a =  0.000      CL =  0.4385
      Cm = -0.0802     CD =  0.00000   =>   CDf =  0.00321    CDp = -0.00321

 Side 1  free  transition at x/c =  0.6040   53
 Side 2  free  transition at x/c =  0.0273   17

 140   rms: 0.1697E+03   max: -.3265E+04   C at   82  2   RLX: 0.000
       a =  0.000      CL =  0.4385
      Cm = -0.0802     CD =  0.00000   =>   CDf =  0.00321    CDp = -0.00321

 Side 1  free  transition at x/c =  0.6040   53
 Side 2  free  transition at x/c =  0.0273   17

 141   rms: 0.1853E+03   max: -.3564E+04   C at   82  2   RLX: 0.000
       a =  0.000      CL =  0.4385
      Cm = -0.0802     CD =  0.00000   =>   CDf =  0.00321    CDp = -0.00321

 Side 1  free  transition at x/c =  0.6040   53
 Side 2  free  transition at x/c =  0.0273   17

 142   rms: 0.2015E+03   max: -.3876E+04   C at   82  2   RLX: 0.000
       a =  0.000      CL =  0.4385
      Cm = -0.0802     CD =  0.00000   =>   CDf =  0.00321    CDp = -0.00321

 Side 1  free  transition at x/c =  0.6040   53
 Side 2  free  transition at x/c =  0.0273   17

 143   rms: 0.2183E+03   max: -.4200E+04   C at   82  2   RLX: 0.000
       a =  0.000      CL =  0.4385
      Cm = -0.0802     CD =  0.00000   =>   CDf =  0.00321    CDp = -0.00321

 Side 1  free  transition at x/c =  0.6040   53
 Side 2  free  transition at x/c =  0.0273   17

 144   rms: 0.2358E+03   max: -.4536E+04   C at   82  2   RLX: 0.000
       a =  0.000      CL =  0.4385
      Cm = -0.0802     CD =  0.00000   =>   CDf =  0.00321    CDp = -0.00321

 MRCHDU: Convergence failed at  82  side 2    Res =  0.1065E-02
 Side 1  free  transition at x/c =  0.6040   53
 Side 2  free  transition at x/c =  0.0273   17

 145   rms: 0.2539E+03   max: -.4885E+04   C at   82  2   RLX: 0.000
       a =  0.000      CL =  0.4385
      Cm = -0.0802     CD =  0.00000   =>   CDf =  0.00321    CDp = -0.00321

 MRCHDU: Convergence failed at  81  side 2    Res =  0.3369E-01
 MRCHDU: Convergence failed at  82  side 2    Res =  0.1905E-01
 Side 1  free  transition at x/c =  0.6040   53
 Side 2  free  transition at x/c =  0.0273   17

 146   rms: 0.2727E+03   max: -.5247E+04   C at   82  2   RLX: 0.000
       a =  0.000      CL =  0.4385
      Cm = -0.0802     CD =  0.00000   =>   CDf =  0.00321    CDp = -0.00321

 MRCHDU: Convergence failed at  81  side 2    Res =  0.8530E-01
 MRCHDU: Convergence failed at  82  side 2    Res =  0.1906E-01
 Side 1  free  transition at x/c =  0.6040   53
 Side 2  free  transition at x/c =  0.0273   17

 147   rms: 0.2922E+03   max: -.5621E+04   C at   82  2   RLX: 0.000
       a =  0.000      CL =  0.4385
      Cm = -0.0802     CD =  0.00000   =>   CDf =  0.00321    CDp = -0.00321

 MRCHDU: Convergence failed at  81  side 2    Res =  0.1368E+00
 Side 1  free  transition at x/c =  0.6040   53
 Side 2  free  transition at x/c =  0.0273   17

 148   rms: 0.4752E+00   max: 0.4890E+01   T at   83  2   RLX: 0.285
       a =  0.000      CL =  0.4325
      Cm = -0.0854     CD =  0.00000   =>   CDf =  0.00321    CDp = -0.00321

 Side 1  free  transition at x/c =  0.6077   54
 Side 2  free  transition at x/c =  0.0273   17

 149   rms: 0.4923E+00   max: 0.4558E+01   T at   83  2   RLX: 0.273
       a =  0.000      CL =  0.4559
      Cm = -0.0975     CD =  0.00000   =>   CDf =  0.00320    CDp = -0.00320

 MRCHDU: Convergence failed at 101  side 2    Res =  0.1619E-01
 MRCHDU: Convergence failed at 102  side 2    Res =  0.1706E-03
 MRCHDU: Convergence failed at 103  side 2    Res =  0.1125E-03
 Side 1  free  transition at x/c =  0.6086   54
 Side 2  free  transition at x/c =  0.0273   17

 150   rms: 0.8600E+00   max: -.9276E+01   T at  102  2   RLX: 0.054
       a =  0.000      CL =  0.4493
      Cm = -0.1011     CD =  0.00000   =>   CDf =  0.00317    CDp = -0.00317

 MRCHDU: Convergence failed at 101  side 2    Res =  0.2158E+00
 Side 1  free  transition at x/c =  0.6117   54
 Side 2  free  transition at x/c =  0.0272   17

 151   rms: 0.9025E+00   max: -.4921E+01   D at   91  2   RLX: 0.102
       a =  0.000      CL =  0.3958
      Cm = -0.0983     CD =  0.00000   =>   CDf =  0.00317    CDp = -0.00317

 Side 1  free  transition at x/c =  0.6187   53
 Side 2  free  transition at x/c =  0.0270   18

 152   rms: 0.1081E+01   max: -.8043E+01   D at   92  2   RLX: 0.062
       a =  0.000      CL =  0.3911
      Cm = -0.1060     CD =  0.00000   =>   CDf =  0.00320    CDp = -0.00320

 Side 1  free  transition at x/c =  0.6228   54
 Side 2  free  transition at x/c =  0.0267   18

 153   rms: 0.7728E+00   max: -.4112E+01   T at  101  2   RLX: 0.122
       a =  0.000      CL =  0.4528
      Cm = -0.1164     CD =  0.00000   =>   CDf =  0.00325    CDp = -0.00325

 MRCHDU: Convergence failed at  85  side 2    Res =  0.3107E-02
 Side 1  free  transition at x/c =  0.6144   53
 Side 2  free  transition at x/c =  0.0265   18

 154   rms: 0.1003E+01   max: -.7818E+01   D at   92  2   RLX: 0.064
       a =  0.000      CL =  0.4654
      Cm = -0.1261     CD =  0.00000   =>   CDf =  0.00318    CDp = -0.00318

 MRCHDU: Convergence failed at  85  side 2    Res =  0.2599E-01
 Side 1  free  transition at x/c =  0.6169   53
 Side 2  free  transition at x/c =  0.0265   18

 155   rms: 0.1417E+01   max: -.1136E+02   D at   92  2   RLX: 0.044
       a =  0.000      CL =  0.4476
      Cm = -0.1270     CD =  0.00000   =>   CDf =  0.00320    CDp = -0.00320

 MRCHDU: Convergence failed at  85  side 2    Res =  0.3065E-01
 Side 1  free  transition at x/c =  0.6197   53
 Side 2  free  transition at x/c =  0.0264   18

 156   rms: 0.2407E+01   max: -.8986E+01   T at  101  2   RLX: 0.056
       a =  0.000      CL =  0.5170
      Cm = -0.1323     CD =  0.00000   =>   CDf =  0.00324    CDp = -0.00324

 MRCHDU: Convergence failed at 102  side 2    Res =  0.1259E-01
 MRCHDU: Convergence failed at 103  side 2    Res =  0.1750E-03
 MRCHDU: Convergence failed at 104  side 2    Res =  0.7934E-04
 Side 1  free  transition at x/c =  0.6063   53
 Side 2  free  transition at x/c =  0.0262   18

 157   rms: 0.7463E+00   max: -.4937E+01   D at   93  2   RLX: 0.101
       a =  0.000      CL =  0.5117
      Cm = -0.1366     CD =  0.00000   =>   CDf =  0.00315    CDp = -0.00315

 MRCHDU: Convergence failed at  85  side 2    Res =  0.5825E-02
 MRCHDU: Convergence failed at 102  side 2    Res =  0.1647E-02
 MRCHDU: Convergence failed at 103  side 2    Res =  0.2389E-03
 MRCHDU: Convergence failed at 104  side 2    Res =  0.9086E-04
 Side 1  free  transition at x/c =  0.6077   53
 Side 2  free  transition at x/c =  0.0263   18

 158   rms: 0.9163E+00   max: -.6658E+01   D at   85  2   RLX: 0.075
       a =  0.000      CL =  0.5053
      Cm = -0.1393     CD =  0.00000   =>   CDf =  0.00313    CDp = -0.00313

 MRCHDU: Convergence failed at  85  side 2    Res =  0.5004E-01
 Side 1  free  transition at x/c =  0.6088   53
 Side 2  free  transition at x/c =  0.0263   18

 159   rms: 0.9864E+00   max: -.7217E+01   D at   85  2   RLX: 0.069
       a =  0.000      CL =  0.4991
      Cm = -0.1421     CD =  0.00000   =>   CDf =  0.00312    CDp = -0.00312

 MRCHDU: Convergence failed at  85  side 2    Res =  0.6531E-01
 Side 1  free  transition at x/c =  0.6097   53
 Side 2  free  transition at x/c =  0.0264   18

 160   rms: 0.1210E+01   max: -.8736E+01   D at   85  2   RLX: 0.057
       a =  0.000      CL =  0.4923
      Cm = -0.1453     CD =  0.00000   =>   CDf =  0.00311    CDp = -0.00311

 MRCHDU: Convergence failed at  85  side 2    Res =  0.7430E-01
 Side 1  free  transition at x/c =  0.6106   53
 Side 2  free  transition at x/c =  0.0264   18

 161   rms: 0.1526E+01   max: -.1116E+02   D at   85  2   RLX: 0.045
       a =  0.000      CL =  0.4794
      Cm = -0.1476     CD =  0.00000   =>   CDf =  0.00311    CDp = -0.00311

 MRCHDU: Convergence failed at  85  side 2    Res =  0.8222E-01
 Side 1  free  transition at x/c =  0.6119   53
 Side 2  free  transition at x/c =  0.0264   18

 162   rms: 0.2822E+01   max: -.5627E+01   D at   94  2   RLX: 0.027
       a =  0.000      CL =  0.4498
      Cm = -0.1458     CD =  0.00000   =>   CDf =  0.00313    CDp = -0.00313

 MRCHDU: Convergence failed at  85  side 2    Res =  0.9003E-01
 MRCHDU: Convergence failed at  92  side 2    Res =  0.6831E+00
 Side 1  free  transition at x/c =  0.6148   53
 Side 2  free  transition at x/c =  0.0261   18

 163   rms: 0.2340E+01   max: -.7915E+01   T at  100  2   RLX: 0.051
       a =  0.000      CL =  0.5012
      Cm = -0.1510     CD =  0.00000   =>   CDf =  0.00315    CDp = -0.00315

 MRCHDU: Convergence failed at  94  side 2    Res =  0.9426E+00
 Side 1  free  transition at x/c =  0.6041   52
 Side 2  free  transition at x/c =  0.0261   18

 164   rms: 0.9402E+00   max: -.6602E+01   D at   85  2   RLX: 0.076
       a =  0.000      CL =  0.4879
      Cm = -0.1524     CD =  0.00000   =>   CDf =  0.00314    CDp = -0.00314

 MRCHDU: Convergence failed at  85  side 2    Res =  0.4571E-01
 Side 1  free  transition at x/c =  0.6046   52
 Side 2  free  transition at x/c =  0.0262   18

 165   rms: 0.1343E+01   max: -.9376E+01   D at   88  2   RLX: 0.047
       a =  0.000      CL =  0.4609
      Cm = -0.1484     CD =  0.00000   =>   CDf =  0.00317    CDp = -0.00317

 MRCHDU: Convergence failed at  85  side 2    Res =  0.1158E+00
 MRCHDU: Convergence failed at  86  side 2    Res =  0.3937E+03
 MRCHDU: Convergence failed at  87  side 2    Res =  0.3912E+02
 MRCHDU: Convergence failed at  88  side 2    Res =  0.4252E+01
 MRCHDU: Convergence failed at  89  side 2    Res =  0.7126E+01
 MRCHDU: Convergence failed at  90  side 2    Res =  0.8555E+01
 MRCHDU: Convergence failed at  91  side 2    Res =  0.5721E+01
 MRCHDU: Convergence failed at  92  side 2    Res =  0.3009E+01
 MRCHDU: Convergence failed at  93  side 2    Res =  0.1006E+02
 MRCHDU: Convergence failed at  94  side 2    Res =  0.1008E+02
 MRCHDU: Convergence failed at  95  side 2    Res =  0.2884E+01
 Side 1  free  transition at x/c =  0.6057   52
 Side 2  free  transition at x/c =  0.0261   18

 166   rms: 0.7870E+00   max: -.2582E+01   D at   60  2   RLX: 0.194
       a =  0.000      CL =  0.3470
      Cm = -0.1396     CD =  0.00000   =>   CDf =  0.00318    CDp = -0.00318

 MRCHDU: Convergence failed at  52  side 1    Res =  0.6079E+01
 Side 1  free  transition at x/c =  0.6160   52
 Side 2  free  transition at x/c =  0.0249   19

 167   rms: 0.7896E+00   max: 0.3060E+01   T at   19  2   RLX: 0.173
       a =  0.000      CL =  0.2285
      Cm = -0.1257     CD =  0.00000   =>   CDf =  0.00316    CDp = -0.00316

 MRCHDU: Convergence failed at  70  side 2    Res =  0.2001E+01
 MRCHDU: Convergence failed at  71  side 2    Res =  0.2622E+01
 Side 1  free  transition at x/c =  0.6269   52
 Side 2  free  transition at x/c =  0.0237   20

 168   rms: 0.7676E+00   max: -.3076E+01   T at  105  2   RLX: 0.163
       a =  0.000      CL =  0.1169
      Cm = -0.1053     CD =  0.00000   =>   CDf =  0.00319    CDp = -0.00319

 Side 1  free  transition at x/c =  0.6363   52
 Side 2  free  transition at x/c =  0.0232   20

 169   rms: 0.2072E+01   max: -.1081E+02   D at   98  2   RLX: 0.046
       a =  0.000      CL =  0.0293
      Cm = -0.0929     CD =  0.00000   =>   CDf =  0.00321    CDp = -0.00321

 Side 1  free  transition at x/c =  0.6426   52
 Side 2  free  transition at x/c =  0.0230   21

 170   rms: 0.1200E+01   max: -.4530E+01   T at  104  2   RLX: 0.110
       a =  0.000      CL =  0.1002
      Cm = -0.0934     CD =  0.00000   =>   CDf =  0.00331    CDp = -0.00331

 Side 1  free  transition at x/c =  0.6281   52
 Side 2  free  transition at x/c =  0.0232   20

 171   rms: 0.1628E+01   max: -.7339E+01   D at   98  2   RLX: 0.068
       a =  0.000      CL = -0.0006
      Cm = -0.0802     CD =  0.00000   =>   CDf =  0.00307    CDp = -0.00307

 Side 1  free  transition at x/c =  0.6346   51
 Side 2  free  transition at x/c =  0.0230   21

 172   rms: 0.4134E+01   max: -.1549E+02   T at   21  2   RLX: 0.032
       a =  0.000      CL =  0.0685
      Cm = -0.0776     CD =  0.00000   =>   CDf =  0.00321    CDp = -0.00321

 Side 1  free  transition at x/c =  0.6228   52
 Side 2  free  transition at x/c =  0.0231   20

 173   rms: 0.9713E+01   max: 0.4342E+02   T at   20  2   RLX: 0.021
       a =  0.000      CL = -0.0849
      Cm = -0.0713     CD =  0.00000   =>   CDf =  0.00297    CDp = -0.00297

 MRCHDU: Convergence failed at  37  side 2    Res =  0.5178E+01
 MRCHDU: Convergence failed at  38  side 2    Res =  0.2212E+02
 MRCHDU: Convergence failed at  39  side 2    Res =  0.9498E+01
 MRCHDU: Convergence failed at  40  side 2    Res =  0.7875E+01
 MRCHDU: Convergence failed at  41  side 2    Res =  0.7669E+01
 MRCHDU: Convergence failed at  42  side 2    Res =  0.2354E+02
 MRCHDU: Convergence failed at  43  side 2    Res =  0.2493E+02
 MRCHDU: Convergence failed at  44  side 2    Res =  0.2848E+02
 MRCHDU: Convergence failed at  45  side 2    Res =  0.3175E+02
 MRCHDU: Convergence failed at  46  side 2    Res =  0.9954E+01
 MRCHDU: Convergence failed at  47  side 2    Res =  0.1115E+02
 MRCHDU: Convergence failed at  48  side 2    Res =  0.4022E+02
 MRCHDU: Convergence failed at  49  side 2    Res =  0.6437E+01
 MRCHDU: Convergence failed at  50  side 2    Res =  0.5221E+01
 MRCHDU: Convergence failed at  51  side 2    Res =  0.4007E+01
 MRCHDU: Convergence failed at  52  side 2    Res =  0.3200E+01
 MRCHDU: Convergence failed at  53  side 2    Res =  0.2992E+01
 MRCHDU: Convergence failed at  54  side 2    Res =  0.2405E+01
 MRCHDU: Convergence failed at  55  side 2    Res =  0.3574E+01
 MRCHDU: Convergence failed at  56  side 2    Res =  0.3355E+01
 MRCHDU: Convergence failed at  57  side 2    Res =  0.3629E+01
 MRCHDU: Convergence failed at  58  side 2    Res =  0.4845E+01
 MRCHDU: Convergence failed at  59  side 2    Res =  0.2597E+01
 MRCHDU: Convergence failed at  60  side 2    Res =  0.3612E+01
 MRCHDU: Convergence failed at  61  side 2    Res =  0.3400E+01
 MRCHDU: Convergence failed at  62  side 2    Res =  0.8533E+01
 MRCHDU: Convergence failed at  63  side 2    Res =  0.1313E+02
 MRCHDU: Convergence failed at  64  side 2    Res =  0.4520E+01
 MRCHDU: Convergence failed at  65  side 2    Res =  0.5721E+01
 MRCHDU: Convergence failed at  66  side 2    Res =  0.6475E+01
 MRCHDU: Convergence failed at  67  side 2    Res =  0.6862E+01
 MRCHDU: Convergence failed at  68  side 2    Res =  0.6512E+01
 MRCHDU: Convergence failed at  69  side 2    Res =  0.4938E+01
 MRCHDU: Convergence failed at  70  side 2    Res =  0.4478E+01
 MRCHDU: Convergence failed at  71  side 2    Res =  0.4519E+01
 MRCHDU: Convergence failed at  72  side 2    Res =  0.4000E+01
 MRCHDU: Convergence failed at  73  side 2    Res =  0.6961E+01
 MRCHDU: Convergence failed at  74  side 2    Res =  0.4751E+01
 MRCHDU: Convergence failed at  75  side 2    Res =  0.5467E+01
 MRCHDU: Convergence failed at  76  side 2    Res =  0.5611E+01
 MRCHDU: Convergence failed at  77  side 2    Res =  0.5809E+01
 MRCHDU: Convergence failed at  78  side 2    Res =  0.4961E+01
 MRCHDU: Convergence failed at  79  side 2    Res =  0.5067E+01
 MRCHDU: Convergence failed at  80  side 2    Res =  0.8721E+01
 MRCHDU: Convergence failed at  81  side 2    Res =  0.7753E+01
 MRCHDU: Convergence failed at  82  side 2    Res =  0.1498E+02
 MRCHDU: Convergence failed at  83  side 2    Res =  0.5080E+01
 MRCHDU: Convergence failed at  84  side 2    Res =  0.4582E+01
 MRCHDU: Convergence failed at  85  side 2    Res =  0.4652E+01
 MRCHDU: Convergence failed at  86  side 2    Res =  0.5282E+01
 Side 1  free  transition at x/c =  0.6307   51
 Side 2  free  transition at x/c =  0.0228   20

 174   rms: 0.5902E+00   max: -.4149E+01   T at  109  2   RLX: 0.121
       a =  0.000      CL = -0.5134
      Cm =  0.1045     CD =  0.00000   =>   CDf =  0.00299    CDp = -0.00299

 MRCHDU: Convergence failed at  90  side 2    Res =  0.5410E+01
 MRCHDU: Convergence failed at  94  side 2    Res =  0.1666E+01
 MRCHDU: Convergence failed at  95  side 2    Res =  0.1134E+01
 Side 1  free  transition at x/c =  0.6338   51
 Side 2  free  transition at x/c =  0.0228   20

 175   rms: 0.8815E+01   max: -.9134E+02   T at  109  2   RLX: 0.005
       a =  0.000      CL = -0.5050
      Cm =  0.1033     CD =  0.00000   =>   CDf =  0.00510    CDp = -0.00510

 MRCHDU: Convergence failed at  99  side 2    Res =  0.7563E-01
 Side 1  free  transition at x/c =  0.6351   51
 Side 2  free  transition at x/c =  0.0228   20

 176   rms: 0.4674E+01   max: -.2228E+02   T at   21  2   RLX: 0.022
       a =  0.000      CL = -0.4974
      Cm =  0.0943     CD =  0.00000   =>   CDf =  0.00525    CDp = -0.00525

 MRCHDU: Convergence failed at  99  side 2    Res =  0.8106E-01
 MRCHDU: Convergence failed at 105  side 2    Res =  0.4714E-03
 MRCHDU: Convergence failed at 106  side 2    Res =  0.4036E-04
 MRCHDU: Convergence failed at 107  side 2    Res =  0.2719E-04
 Side 1  free  transition at x/c =  0.6356   51
 Side 2  free  transition at x/c =  0.0228   20

 177   rms: 0.1932E+01   max: -.1059E+02   T at   21  2   RLX: 0.047
       a =  0.000      CL = -0.4664
      Cm =  0.0799     CD =  0.00000   =>   CDf =  0.00478    CDp = -0.00478

 MRCHDU: Convergence failed at  99  side 2    Res =  0.7793E-01
 MRCHDU: Convergence failed at 105  side 2    Res =  0.1667E-01
 MRCHDU: Convergence failed at 106  side 2    Res =  0.5424E-04
 MRCHDU: Convergence failed at 107  side 2    Res =  0.3190E-04
 Side 1  free  transition at x/c =  0.6355   51
 Side 2  free  transition at x/c =  0.0227   20

 178   rms: 0.2477E+01   max: -.2101E+02   T at   21  2   RLX: 0.024
       a =  0.000      CL = -0.4624
      Cm =  0.0738     CD =  0.00000   =>   CDf =  0.00433    CDp = -0.00433

 MRCHDU: Convergence failed at  99  side 2    Res =  0.7189E-01
 MRCHDU: Convergence failed at 105  side 2    Res =  0.2039E-01
 MRCHDU: Convergence failed at 106  side 2    Res =  0.6936E-04
 MRCHDU: Convergence failed at 107  side 2    Res =  0.3578E-04
 Side 1  free  transition at x/c =  0.6353   51
 Side 2  free  transition at x/c =  0.0227   20

 179   rms: 0.1106E+03   max: -.1854E+04   T at   21  2   RLX: 0.000
       a =  0.000      CL = -0.4719
      Cm =  0.0736     CD =  0.00000   =>   CDf =  0.00414    CDp = -0.00414

 MRCHDU: Convergence failed at  99  side 2    Res =  0.6385E-01
 MRCHDU: Convergence failed at 105  side 2    Res =  0.2012E-01
 MRCHDU: Convergence failed at 106  side 2    Res =  0.7266E-04
 MRCHDU: Convergence failed at 107  side 2    Res =  0.3681E-04
 Side 1  free  transition at x/c =  0.6353   51
 Side 2  free  transition at x/c =  0.0226   20

 180   rms: 0.1189E+01   max: 0.2362E+02   T at   21  2   RLX: 0.064
       a =  0.000      CL = -0.3998
      Cm =  0.0593     CD =  0.00000   =>   CDf =  0.00404    CDp = -0.00404

 MRCHDU: Convergence failed at  98  side 2    Res =  0.4511E-01
 MRCHDU: Convergence failed at 104  side 2    Res =  0.2043E-01
 MRCHDU: Convergence failed at 105  side 2    Res =  0.8744E-04
 MRCHDU: Convergence failed at 106  side 2    Res =  0.4085E-04
 Side 1  free  transition at x/c =  0.6341   52
 Side 2  free  transition at x/c =  0.0227   19

 181   rms: 0.1898E+01   max: 0.2763E+02   T at   20  2   RLX: 0.054
       a =  0.000      CL = -0.3263
      Cm =  0.0484     CD =  0.00000   =>   CDf =  0.00399    CDp = -0.00399

 MRCHDU: Convergence failed at  98  side 2    Res =  0.3005E-01
 MRCHDU: Convergence failed at 104  side 2    Res =  0.2722E-01
 MRCHDU: Convergence failed at 105  side 2    Res =  0.6343E-04
 MRCHDU: Convergence failed at 106  side 2    Res =  0.3678E-04
 Side 1  free  transition at x/c =  0.6327   52
 Side 2  free  transition at x/c =  0.0227   19

 182   rms: 0.3804E+01   max: 0.2727E+02   T at   20  2   RLX: 0.034
       a =  0.000      CL = -0.2690
      Cm =  0.0413     CD =  0.00000   =>   CDf =  0.00404    CDp = -0.00404

 MRCHDU: Convergence failed at  98  side 2    Res =  0.1589E-01
 Side 1  free  transition at x/c =  0.6309   52
 Side 2  free  transition at x/c =  0.0228   19

 183   rms: 0.7615E+01   max: -.9117E+02   C at  106  2   RLX: 0.005
       a =  0.000      CL = -0.2826
      Cm =  0.0399     CD =  0.00000   =>   CDf =  0.00419    CDp = -0.00419

 MRCHDU: Convergence failed at  98  side 2    Res =  0.1415E-01
 Side 1  free  transition at x/c =  0.6306   52
 Side 2  free  transition at x/c =  0.0228   19

 184   rms: 0.9634E+01   max: -.1163E+03   C at  106  2   RLX: 0.004
       a =  0.000      CL = -0.2772
      Cm =  0.0391     CD =  0.00000   =>   CDf =  0.00422    CDp = -0.00422

 MRCHDU: Convergence failed at  98  side 2    Res =  0.1274E-01
 Side 1  free  transition at x/c =  0.6304   52
 Side 2  free  transition at x/c =  0.0228   19

 185   rms: 0.1075E+02   max: -.1301E+03   C at  106  2   RLX: 0.004
       a =  0.000      CL = -0.2725
      Cm =  0.0384     CD =  0.00000   =>   CDf =  0.00424    CDp = -0.00424

 MRCHDU: Convergence failed at  98  side 2    Res =  0.1150E-01
 Side 1  free  transition at x/c =  0.6303   52
 Side 2  free  transition at x/c =  0.0228   19

 186   rms: 0.1151E+02   max: -.1396E+03   C at  106  2   RLX: 0.004
       a =  0.000      CL = -0.2684
      Cm =  0.0377     CD =  0.00000   =>   CDf =  0.00426    CDp = -0.00426

 MRCHDU: Convergence failed at  98  side 2    Res =  0.1056E-01
 Side 1  free  transition at x/c =  0.6301   52
 Side 2  free  transition at x/c =  0.0228   19

 187   rms: 0.1417E+02   max: -.1720E+03   C at  106  2   RLX: 0.003
       a =  0.000      CL = -0.2649
      Cm =  0.0372     CD =  0.00000   =>   CDf =  0.00427    CDp = -0.00427

 MRCHDU: Convergence failed at  98  side 2    Res =  0.9750E-02
 Side 1  free  transition at x/c =  0.6300   52
 Side 2  free  transition at x/c =  0.0228   19

 188   rms: 0.1717E+02   max: -.2086E+03   C at  106  2   RLX: 0.002
       a =  0.000      CL = -0.2621
      Cm =  0.0368     CD =  0.00000   =>   CDf =  0.00428    CDp = -0.00428

 MRCHDU: Convergence failed at  98  side 2    Res =  0.9055E-02
 Side 1  free  transition at x/c =  0.6299   52
 Side 2  free  transition at x/c =  0.0228   19

 189   rms: 0.2048E+02   max: -.2489E+03   C at  106  2   RLX: 0.002
       a =  0.000      CL = -0.2598
      Cm =  0.0364     CD =  0.00000   =>   CDf =  0.00429    CDp = -0.00429

 MRCHDU: Convergence failed at  98  side 2    Res =  0.8445E-02
 Side 1  free  transition at x/c =  0.6298   52
 Side 2  free  transition at x/c =  0.0228   19

 190   rms: 0.2404E+02   max: -.2923E+03   C at  106  2   RLX: 0.002
       a =  0.000      CL = -0.2578
      Cm =  0.0361     CD =  0.00000   =>   CDf =  0.00429    CDp = -0.00429

 MRCHDU: Convergence failed at  98  side 2    Res =  0.7906E-02
 Side 1  free  transition at x/c =  0.6297   52
 Side 2  free  transition at x/c =  0.0228   19

 191   rms: 0.2796E+02   max: -.3399E+03   C at  106  2   RLX: 0.001
       a =  0.000      CL = -0.2561
      Cm =  0.0358     CD =  0.00000   =>   CDf =  0.00430    CDp = -0.00430

 MRCHDU: Convergence failed at  98  side 2    Res =  0.7420E-02
 Side 1  free  transition at x/c =  0.6296   52
 Side 2  free  transition at x/c =  0.0228   19

 192   rms: 0.3218E+02   max: -.3913E+03   C at  106  2   RLX: 0.001
       a =  0.000      CL = -0.2546
      Cm =  0.0356     CD =  0.00000   =>   CDf =  0.00430    CDp = -0.00430

 MRCHDU: Convergence failed at  98  side 2    Res =  0.6983E-02
 Side 1  free  transition at x/c =  0.6296   52
 Side 2  free  transition at x/c =  0.0228   19

 193   rms: 0.3665E+02   max: -.4457E+03   C at  106  2   RLX: 0.001
       a =  0.000      CL = -0.2533
      Cm =  0.0354     CD =  0.00000   =>   CDf =  0.00431    CDp = -0.00431

 MRCHDU: Convergence failed at  98  side 2    Res =  0.6582E-02
 Side 1  free  transition at x/c =  0.6295   52
 Side 2  free  transition at x/c =  0.0228   19

 194   rms: 0.4133E+02   max: -.5027E+03   C at  106  2   RLX: 0.001
       a =  0.000      CL = -0.2522
      Cm =  0.0352     CD =  0.00000   =>   CDf =  0.00431    CDp = -0.00431

 MRCHDU: Convergence failed at  98  side 2    Res =  0.6214E-02
 Side 1  free  transition at x/c =  0.6295   52
 Side 2  free  transition at x/c =  0.0228   19

 195   rms: 0.4625E+02   max: -.5625E+03   C at  106  2   RLX: 0.001
       a =  0.000      CL = -0.2512
      Cm =  0.0351     CD =  0.00000   =>   CDf =  0.00431    CDp = -0.00431

 MRCHDU: Convergence failed at  98  side 2    Res =  0.5872E-02
 Side 1  free  transition at x/c =  0.6294   52
 Side 2  free  transition at x/c =  0.0228   19

 196   rms: 0.5134E+02   max: -.6245E+03   C at  106  2   RLX: 0.001
       a =  0.000      CL = -0.2503
      Cm =  0.0350     CD =  0.00000   =>   CDf =  0.00432    CDp = -0.00432

 MRCHDU: Convergence failed at  98  side 2    Res =  0.5552E-02
 Side 1  free  transition at x/c =  0.6294   52
 Side 2  free  transition at x/c =  0.0228   19

 197   rms: 0.5689E+02   max: -.6920E+03   C at  106  2   RLX: 0.001
       a =  0.000      CL = -0.2494
      Cm =  0.0348     CD =  0.00000   =>   CDf =  0.00432    CDp = -0.00432

 MRCHDU: Convergence failed at  98  side 2    Res =  0.5256E-02
 Side 1  free  transition at x/c =  0.6294   52
 Side 2  free  transition at x/c =  0.0228   19

 198   rms: 0.6269E+02   max: -.7626E+03   C at  106  2   RLX: 0.001
       a =  0.000      CL = -0.2487
      Cm =  0.0347     CD =  0.00000   =>   CDf =  0.00432    CDp = -0.00432

 MRCHDU: Convergence failed at  98  side 2    Res =  0.4979E-02
 Side 1  free  transition at x/c =  0.6293   52
 Side 2  free  transition at x/c =  0.0228   19

 199   rms: 0.6863E+02   max: -.8348E+03   C at  106  2   RLX: 0.001
       a =  0.000      CL = -0.2480
      Cm =  0.0346     CD =  0.00000   =>   CDf =  0.00432    CDp = -0.00432

 MRCHDU: Convergence failed at  98  side 2    Res =  0.4721E-02
 Side 1  free  transition at x/c =  0.6293   52
 Side 2  free  transition at x/c =  0.0228   19

 200   rms: 0.7485E+02   max: -.9105E+03   C at  106  2   RLX: 0.001
       a =  0.000      CL = -0.2474
      Cm =  0.0345     CD =  0.00000   =>   CDf =  0.00433    CDp = -0.00433

 MRCHDU: Convergence failed at  98  side 2    Res =  0.4479E-02
 Side 1  free  transition at x/c =  0.6293   52
 Side 2  free  transition at x/c =  0.0228   19

 201   rms: 0.8149E+02   max: -.9913E+03   C at  106  2   RLX: 0.001
       a =  0.000      CL = -0.2468
      Cm =  0.0344     CD =  0.00000   =>   CDf =  0.00433    CDp = -0.00433

 MRCHDU: Convergence failed at  98  side 2    Res =  0.4252E-02
 Side 1  free  transition at x/c =  0.6293   52
 Side 2  free  transition at x/c =  0.0228   19

 202   rms: 0.8829E+02   max: -.1074E+04   C at  106  2   RLX: 0.000
       a =  0.000      CL = -0.2463
      Cm =  0.0343     CD =  0.00000   =>   CDf =  0.00433    CDp = -0.00433

 MRCHDU: Convergence failed at  98  side 2    Res =  0.4038E-02
 Side 1  free  transition at x/c =  0.6292   52
 Side 2  free  transition at x/c =  0.0228   19

 203   rms: 0.9538E+02   max: -.1160E+04   C at  106  2   RLX: 0.000
       a =  0.000      CL = -0.2458
      Cm =  0.0343     CD =  0.00000   =>   CDf =  0.00433    CDp = -0.00433

 MRCHDU: Convergence failed at  98  side 2    Res =  0.3837E-02
 Side 1  free  transition at x/c =  0.6292   52
 Side 2  free  transition at x/c =  0.0228   19

 204   rms: 0.1028E+03   max: -.1250E+04   C at  106  2   RLX: 0.000
       a =  0.000      CL = -0.2454
      Cm =  0.0342     CD =  0.00000   =>   CDf =  0.00433    CDp = -0.00433

 MRCHDU: Convergence failed at  98  side 2    Res =  0.3648E-02
 MRCHDU: Convergence failed at 104  side 2    Res =  0.3107E-01
 MRCHDU: Convergence failed at 105  side 2    Res =  0.1332E-02
 MRCHDU: Convergence failed at 107  side 2    Res =  0.1794E-03
 MRCHDU: Convergence failed at 108  side 2    Res =  0.2069E-04
 Side 1  free  transition at x/c =  0.6292   52
 Side 2  free  transition at x/c =  0.0228   19

 205   rms: 0.1103E+03   max: -.1342E+04   C at  106  2   RLX: 0.000
       a =  0.000      CL = -0.2449
      Cm =  0.0341     CD =  0.00000   =>   CDf =  0.00433    CDp = -0.00433
 VISCAL:  Convergence failed
      9.000    6.2031   0.000000   0.001418   0.001944   0.000526    0.6292     #
 Calculating wake trajectory ...
 Calculating source influence matrix ...

 Solving BL system ...

 MRCHDU: Convergence failed at  98  side 2    Res =  0.3468E-02
 MRCHDU: Convergence failed at 104  side 2    Res =  0.8186E-01
 MRCHDU: Convergence failed at 105  side 2    Res =  0.1331E-02
 MRCHDU: Convergence failed at 107  side 2    Res =  0.1792E-03
 MRCHDU: Convergence failed at 108  side 2    Res =  0.2070E-04
 Side 1  free  transition at x/c =  0.6292   52
 Side 2  free  transition at x/c =  0.0228   19

   1   rms: 0.1151E+03   max: -.1400E+04   C at  106  2   RLX: 0.000
       a =  1.000      CL = -0.2449
      Cm =  0.0341     CD =  0.00000   =>   CDf =  0.00433    CDp = -0.00433

 MRCHDU: Convergence failed at  98  side 2    Res =  0.3294E-02
 MRCHDU: Convergence failed at 104  side 2    Res =  0.1325E+00
 Side 1  free  transition at x/c =  0.6292   52
 Side 2  free  transition at x/c =  0.0228   19

   2   rms: 0.1056E+01   max: -.2198E+01   T at  108  2   RLX: 0.203
       a =  1.000      CL =  0.0087
      Cm = -0.0011     CD =  0.00000   =>   CDf =  0.00432    CDp = -0.00432

 MRCHDU: Convergence failed at  21  side 2    Res =  0.9494E+01
 MRCHDU: Convergence failed at  23  side 2    Res =  0.1279E+02
 MRCHDU: Convergence failed at  24  side 2    Res =  0.6200E+01
 MRCHDU: Convergence failed at  25  side 2    Res =  0.3489E+00
 Side 1  free  transition at x/c =  0.6188   52
 Side 2  free  transition at x/c =  0.0290   20

   3   rms: 0.6149E+00   max: -.1542E+01   D at   95  2   RLX: 0.299
       a =  1.000      CL =  0.2514
      Cm = -0.0424     CD =  0.00000   =>   CDf =  0.00718    CDp = -0.00718

 Side 1  free  transition at x/c =  0.6064   53
 Side 2  free  transition at x/c =  0.0293   19

   4   rms: 0.4640E+00   max: 0.1780E+01   D at   20  2   RLX: 0.307
       a =  1.000      CL =  0.4226
      Cm = -0.0705     CD =  0.00000   =>   CDf =  0.00708    CDp = -0.00708

 Side 1  free  transition at x/c =  0.5963   53
 Side 2  free  transition at x/c =  0.0302   18

   5   rms: 0.8174E+00   max: 0.6067E+01   D at   97  2   RLX: 0.150
       a =  1.000      CL =  0.4673
      Cm = -0.0763     CD =  0.00000   =>   CDf =  0.00679    CDp = -0.00679

 Side 1  free  transition at x/c =  0.5842   52
 Side 2  free  transition at x/c =  0.0313   18

   6   rms: 0.4555E+00   max: 0.2165E+01   D at   19  2   RLX: 0.313
       a =  1.000      CL =  0.5676
      Cm = -0.0928     CD =  0.00000   =>   CDf =  0.00643    CDp = -0.00643

 Side 1  free  transition at x/c =  0.5748   53
 Side 2  free  transition at x/c =  0.0365   18

   7   rms: 0.4097E+01   max: -.4163E+02   T at   18  2   RLX: 0.012
       a =  1.000      CL =  0.5691
      Cm = -0.0933     CD =  0.00000   =>   CDf =  0.00638    CDp = -0.00638

 Side 1  free  transition at x/c =  0.5744   53
 Side 2  free  transition at x/c =  0.0399   18

   8   rms: 0.9926E+00   max: -.7591E+01   T at   18  2   RLX: 0.066
       a =  1.000      CL =  0.5833
      Cm = -0.0957     CD =  0.00000   =>   CDf =  0.00631    CDp = -0.00631

 MRCHDU: Convergence failed at  22  side 2    Res =  0.2935E+02
 MRCHDU: Convergence failed at  23  side 2    Res =  0.8672E+02
 MRCHDU: Convergence failed at  24  side 2    Res =  0.2312E+03
 MRCHDU: Convergence failed at  25  side 2    Res =  0.9078E+02
 MRCHDU: Convergence failed at  26  side 2    Res =  0.7407E+02
 TRCHEK2: N2 convergence failed.
 x:  0.15806  0.17023  0.17405  N:  8.955  9.000  9.018  Nx:  10.007   dN: 0.263E+00
 TRCHEK2: N2 convergence failed.
 x:  0.15806  0.17156  0.17405  N:  8.955  9.000  9.011  Nx:  10.125   dN: 0.136E+00
 TRCHEK2: N2 convergence failed.
 x:  0.15806  0.17154  0.17405  N:  8.955  9.000  9.012  Nx:  10.221   dN: 0.140E+00
 TRCHEK2: N2 convergence failed.
 x:  0.15806  0.17150  0.17405  N:  8.955  9.000  9.012  Nx:  10.320   dN: 0.144E+00
 TRCHEK2: N2 convergence failed.
 x:  0.15806  0.17143  0.17405  N:  8.955  9.000  9.006  Nx:  10.436   dN:-0.629E-01
 TRCHEK2: N2 convergence failed.
 x:  0.15806  0.17149  0.17405  N:  8.955  9.000  9.005  Nx:  10.349   dN:-0.235E-01
 TRCHEK2: N2 convergence failed.
 x:  0.15806  0.17146  0.17405  N:  8.955  9.000  9.012  Nx:  10.428   dN: 0.149E+00
 TRCHEK2: N2 convergence failed.
 x:  0.15806  0.17137  0.17405  N:  8.955  9.000  9.006  Nx:  11.058   dN:-0.109E-01
 TRCHEK2: N2 convergence failed.
 x:  0.15806  0.17143  0.17405  N:  8.955  9.000  9.006  Nx:  10.722   dN:-0.203E-01
 TRCHEK2: N2 convergence failed.
 x:  0.15806  0.17146  0.17405  N:  8.955  9.000  9.005  Nx:  10.807   dN:-0.156E-01
 TRCHEK2: N2 convergence failed.
 x:  0.15806  0.17144  0.17405  N:  8.955  9.000  9.006  Nx:  10.606   dN:-0.387E-01
 TRCHEK2: N2 convergence failed.
 x:  0.15806  0.17146  0.17405  N:  8.955  9.000  9.005  Nx:  10.631   dN:-0.242E-01
 TRCHEK2: N2 convergence failed.
 x:  0.15806  0.17144  0.17405  N:  8.955  9.000  9.006  Nx:  10.569   dN:-0.724E-01
 TRCHEK2: N2 convergence failed.
 x:  0.15806  0.17145  0.17405  N:  8.955  9.000  9.005  Nx:  10.574   dN:-0.342E-01
 TRCHEK2: N2 convergence failed.
 x:  0.15806  0.17143  0.17405  N:  8.955  9.000  9.006  Nx:  10.615   dN:-0.463E-01
 TRCHEK2: N2 convergence failed.
 x:  0.15806  0.17144  0.17405  N:  8.955  9.000  9.006  Nx:  10.660   dN:-0.238E-01
 TRCHEK2: N2 convergence failed.
 x:  0.15806  0.17143  0.17405  N:  8.955  9.000  9.006  Nx:  10.654   dN:-0.354E-01
 TRCHEK2: N2 convergence failed.
 x:  0.15806  0.17144  0.17405  N:  8.955  9.000  9.006  Nx:  10.715   dN:-0.201E-01
 TRCHEK2: N2 convergence failed.
 x:  0.15806  0.17142  0.17405  N:  8.955  9.000  9.006  Nx:  10.696   dN:-0.282E-01
 TRCHEK2: N2 convergence failed.
 x:  0.15806  0.17144  0.17405  N:  8.955  9.000  9.006  Nx:  10.774   dN:-0.173E-01
 TRCHEK2: N2 convergence failed.
 x:  0.15806  0.17142  0.17405  N:  8.955  9.000  9.006  Nx:  10.751   dN:-0.222E-01
 TRCHEK2: N2 convergence failed.
 x:  0.15806  0.17143  0.17405  N:  8.955  9.000  9.006  Nx:  10.838   dN:-0.151E-01
 TRCHEK2: N2 convergence failed.
 x:  0.15806  0.17141  0.17405  N:  8.955  9.000  9.006  Nx:  10.804   dN:-0.186E-01
 TRCHEK2: N2 convergence failed.
 x:  0.15806  0.17143  0.17405  N:  8.955  9.000  9.006  Nx:  10.908   dN:-0.134E-01
 TRCHEK2: N2 convergence failed.
 x:  0.15806  0.17141  0.17405  N:  8.955  9.000  9.006  Nx:  10.863   dN:-0.158E-01
 MRCHDU: Convergence failed at  27  side 2    Res =  0.9403E+02
 MRCHDU: Convergence failed at  28  side 2    Res =  0.8427E+02
 MRCHDU: Convergence failed at  29  side 2    Res =  0.1009E+03
 MRCHDU: Convergence failed at  30  side 2    Res =  0.1112E+03
 MRCHDU: Convergence failed at  31  side 2    Res =  0.1020E+03
 MRCHDU: Convergence failed at  32  side 2    Res =  0.7927E+02
 MRCHDU: Convergence failed at  33  side 2    Res =  0.9392E+02
 MRCHDU: Convergence failed at  34  side 2    Res =  0.9541E+02
 MRCHDU: Convergence failed at  35  side 2    Res =  0.9623E+02
 MRCHDU: Convergence failed at  36  side 2    Res =  0.9727E+02
 MRCHDU: Convergence failed at  37  side 2    Res =  0.9673E+02
 MRCHDU: Convergence failed at  38  side 2    Res =  0.9941E+02
 MRCHDU: Convergence failed at  39  side 2    Res =  0.1011E+03
 MRCHDU: Convergence failed at  40  side 2    Res =  0.1019E+03
 MRCHDU: Convergence failed at  41  side 2    Res =  0.1028E+03
 MRCHDU: Convergence failed at  42  side 2    Res =  0.1043E+03
 MRCHDU: Convergence failed at  43  side 2    Res =  0.1093E+03
 MRCHDU: Convergence failed at  44  side 2    Res =  0.1114E+03
 MRCHDU: Convergence failed at  45  side 2    Res =  0.1140E+03
 MRCHDU: Convergence failed at  46  side 2    Res =  0.1172E+03
 MRCHDU: Convergence failed at  47  side 2    Res =  0.1203E+03
 MRCHDU: Convergence failed at  48  side 2    Res =  0.1223E+03
 MRCHDU: Convergence failed at  49  side 2    Res =  0.1224E+03
 MRCHDU: Convergence failed at  50  side 2    Res =  0.1207E+03
 MRCHDU: Convergence failed at  51  side 2    Res =  0.1179E+03
 MRCHDU: Convergence failed at  52  side 2    Res =  0.1146E+03
 MRCHDU: Convergence failed at  53  side 2    Res =  0.1112E+03
 MRCHDU: Convergence failed at  54  side 2    Res =  0.1080E+03
 MRCHDU: Convergence failed at  55  side 2    Res =  0.1059E+03
 MRCHDU: Convergence failed at  56  side 2    Res =  0.1049E+03
 MRCHDU: Convergence failed at  57  side 2    Res =  0.1041E+03
 MRCHDU: Convergence failed at  58  side 2    Res =  0.1033E+03
 MRCHDU: Convergence failed at  59  side 2    Res =  0.1025E+03
 MRCHDU: Convergence failed at  60  side 2    Res =  0.1017E+03
 MRCHDU: Convergence failed at  61  side 2    Res =  0.1007E+03
 MRCHDU: Convergence failed at  62  side 2    Res =  0.9966E+02
 MRCHDU: Convergence failed at  63  side 2    Res =  0.9848E+02
 MRCHDU: Convergence failed at  64  side 2    Res =  0.9720E+02
 MRCHDU: Convergence failed at  65  side 2    Res =  0.9584E+02
 MRCHDU: Convergence failed at  66  side 2    Res =  0.9442E+02
 MRCHDU: Convergence failed at  67  side 2    Res =  0.9293E+02
 MRCHDU: Convergence failed at  68  side 2    Res =  0.9128E+02
 MRCHDU: Convergence failed at  69  side 2    Res =  0.8963E+02
 MRCHDU: Convergence failed at  70  side 2    Res =  0.8808E+02
 MRCHDU: Convergence failed at  71  side 2    Res =  0.8668E+02
 MRCHDU: Convergence failed at  72  side 2    Res =  0.8547E+02
 MRCHDU: Convergence failed at  73  side 2    Res =  0.8449E+02
 MRCHDU: Convergence failed at  74  side 2    Res =  0.8384E+02
 MRCHDU: Convergence failed at  75  side 2    Res =  0.8336E+02
 MRCHDU: Convergence failed at  76  side 2    Res =  0.8276E+02
 MRCHDU: Convergence failed at  77  side 2    Res =  0.8185E+02
 MRCHDU: Convergence failed at  78  side 2    Res =  0.8073E+02
 MRCHDU: Convergence failed at  79  side 2    Res =  0.7969E+02
 MRCHDU: Convergence failed at  80  side 2    Res =  0.7872E+02
 MRCHDU: Convergence failed at  81  side 2    Res =  0.7882E+02
 Side 1  free  transition at x/c =  0.5735   52
 Side 2  free  transition at x/c =  0.1511   27

   9   rms: 0.7520E+01   max: 0.1536E+03   T at   27  2   RLX: 0.005
       a =  1.000      CL = -0.1515
      Cm =  0.1018     CD =  0.00000   =>   CDf =  0.00301    CDp = -0.00301

 Side 1  free  transition at x/c =  0.5734   52
 Side 2  free  transition at x/c =  0.1507   27

  10   rms: 0.2941E+01   max: 0.2936E+02   T at   27  2   RLX: 0.046
       a =  1.000      CL =  0.1129
      Cm = -0.0108     CD =  0.00000   =>   CDf =  0.00323    CDp = -0.00323

 Side 1  free  transition at x/c =  0.5826   52
 Side 2  free  transition at x/c =  0.0485   20

  11   rms: 0.1891E+01   max: -.2889E+02   T at   21  2   RLX: 0.017
       a =  1.000      CL = -0.0795
      Cm =  0.0582     CD =  0.00000   =>   CDf =  0.00317    CDp = -0.00317

 Side 1  free  transition at x/c =  0.5845   52
 Side 2  free  transition at x/c =  0.0432   20

  12   rms: 0.1225E+01   max: 0.1633E+02   T at   20  2   RLX: 0.092
       a =  1.000      CL = -0.0703
      Cm =  0.0464     CD =  0.00000   =>   CDf =  0.00318    CDp = -0.00318

 Side 1  free  transition at x/c =  0.5938   53
 Side 2  free  transition at x/c =  0.0401   19

  13   rms: 0.1548E+01   max: -.1908E+02   T at   21  2   RLX: 0.026
       a =  1.000      CL = -0.2044
      Cm =  0.0798     CD =  0.00000   =>   CDf =  0.00320    CDp = -0.00320

 Side 1  free  transition at x/c =  0.5958   53
 Side 2  free  transition at x/c =  0.0374   19

  14   rms: 0.8403E+00   max: 0.1175E+02   T at   19  2   RLX: 0.128
       a =  1.000      CL = -0.2149
      Cm =  0.0747     CD =  0.00000   =>   CDf =  0.00320    CDp = -0.00320

 Side 1  free  transition at x/c =  0.6030   52
 Side 2  free  transition at x/c =  0.0332   19

  15   rms: 0.4947E+02   max: -.3381E+03   T at   22  2   RLX: 0.001
       a =  1.000      CL = -0.2835
      Cm =  0.1017     CD =  0.00000   =>   CDf =  0.00327    CDp = -0.00327

 Side 1  free  transition at x/c =  0.6033   52
 Side 2  free  transition at x/c =  0.0331   19

  16   rms: 0.6579E+01   max: 0.1020E+03   T at   22  2   RLX: 0.015
       a =  1.000      CL = -0.3000
      Cm =  0.1031     CD =  0.00000   =>   CDf =  0.00327    CDp = -0.00327

 Side 1  free  transition at x/c =  0.6046   52
 Side 2  free  transition at x/c =  0.0331   19

  17   rms: 0.1440E+01   max: -.1199E+02   T at   22  2   RLX: 0.042
       a =  1.000      CL = -0.3483
      Cm =  0.1114     CD =  0.00000   =>   CDf =  0.00329    CDp = -0.00329

 Side 1  free  transition at x/c =  0.6085   53
 Side 2  free  transition at x/c =  0.0324   19

  18   rms: 0.8754E+00   max: -.8401E+01   T at   20  2   RLX: 0.060
       a =  1.000      CL = -0.3562
      Cm =  0.1108     CD =  0.00000   =>   CDf =  0.00326    CDp = -0.00326

 Side 1  free  transition at x/c =  0.6109   53
 Side 2  free  transition at x/c =  0.0310   19

  19   rms: 0.7063E+00   max: 0.4649E+01   T at   19  2   RLX: 0.188
       a =  1.000      CL = -0.2616
      Cm =  0.0843     CD =  0.00000   =>   CDf =  0.00326    CDp = -0.00326

 Side 1  free  transition at x/c =  0.6155   53
 Side 2  free  transition at x/c =  0.0287   19

  20   rms: 0.6641E+00   max: -.2526E+01   C at  100  2   RLX: 0.198
       a =  1.000      CL = -0.1143
      Cm =  0.0473     CD =  0.00000   =>   CDf =  0.00329    CDp = -0.00329

 Side 1  free  transition at x/c =  0.6157   53
 Side 2  free  transition at x/c =  0.0283   19

  21   rms: 0.6100E+00   max: -.2390E+01   C at  100  2   RLX: 0.209
       a =  1.000      CL =  0.0129
      Cm =  0.0158     CD =  0.00000   =>   CDf =  0.00330    CDp = -0.00330

 Side 1  free  transition at x/c =  0.6142   53
 Side 2  free  transition at x/c =  0.0280   19

  22   rms: 0.5467E+00   max: -.2196E+01   C at  100  2   RLX: 0.228
       a =  1.000      CL =  0.1167
      Cm = -0.0105     CD =  0.00000   =>   CDf =  0.00330    CDp = -0.00330

 Side 1  free  transition at x/c =  0.6127   53
 Side 2  free  transition at x/c =  0.0279   19

  23   rms: 0.5015E+00   max: -.2019E+01   C at   99  2   RLX: 0.248
       a =  1.000      CL =  0.1857
      Cm = -0.0310     CD =  0.00000   =>   CDf =  0.00329    CDp = -0.00329

 Side 1  free  transition at x/c =  0.6135   53
 Side 2  free  transition at x/c =  0.0276   19

  24   rms: 0.5563E+00   max: 0.2775E+01   T at   22  2   RLX: 0.259
       a =  1.000      CL =  0.2029
      Cm = -0.0428     CD =  0.00000   =>   CDf =  0.00328    CDp = -0.00328

 Side 1  free  transition at x/c =  0.6171   53
 Side 2  free  transition at x/c =  0.0273   18

  25   rms: 0.5840E+00   max: -.3027E+01   D at   98  2   RLX: 0.165
       a =  1.000      CL =  0.2115
      Cm = -0.0602     CD =  0.00000   =>   CDf =  0.00328    CDp = -0.00328

 Side 1  free  transition at x/c =  0.6215   53
 Side 2  free  transition at x/c =  0.0272   18

  26   rms: 0.8380E+00   max: -.5978E+01   D at   98  2   RLX: 0.084
       a =  1.000      CL =  0.2030
      Cm = -0.0659     CD =  0.00000   =>   CDf =  0.00332    CDp = -0.00332

 Side 1  free  transition at x/c =  0.6272   54
 Side 2  free  transition at x/c =  0.0271   18

  27   rms: 0.8359E+00   max: -.6469E+01   D at   98  2   RLX: 0.077
       a =  1.000      CL =  0.2197
      Cm = -0.0748     CD =  0.00000   =>   CDf =  0.00325    CDp = -0.00325

 Side 1  free  transition at x/c =  0.6293   53
 Side 2  free  transition at x/c =  0.0270   19

  28   rms: 0.7162E+00   max: -.4195E+01   T at  103  2   RLX: 0.119
       a =  1.000      CL =  0.2760
      Cm = -0.0861     CD =  0.00000   =>   CDf =  0.00330    CDp = -0.00330

 MRCHDU: Convergence failed at  85  side 2    Res =  0.2945E-01
 Side 1  free  transition at x/c =  0.6232   54
 Side 2  free  transition at x/c =  0.0270   18

  29   rms: 0.6841E+00   max: -.3713E+01   T at  102  2   RLX: 0.135
       a =  1.000      CL =  0.3247
      Cm = -0.0991     CD =  0.00000   =>   CDf =  0.00328    CDp = -0.00328

 MRCHDU: Convergence failed at  85  side 2    Res =  0.1214E+00
 Side 1  free  transition at x/c =  0.6200   53
 Side 2  free  transition at x/c =  0.0271   18

  30   rms: 0.6388E+00   max: -.3584E+01   T at  102  2   RLX: 0.140
       a =  1.000      CL =  0.3642
      Cm = -0.1100     CD =  0.00000   =>   CDf =  0.00326    CDp = -0.00326

 MRCHDU: Convergence failed at  86  side 2    Res =  0.2135E-01
 Side 1  free  transition at x/c =  0.6164   53
 Side 2  free  transition at x/c =  0.0271   18

  31   rms: 0.7898E+00   max: -.4936E+01   D at   86  2   RLX: 0.101
       a =  1.000      CL =  0.3833
      Cm = -0.1174     CD =  0.00000   =>   CDf =  0.00322    CDp = -0.00322

 MRCHDU: Convergence failed at  86  side 2    Res =  0.1703E+00
 Side 1  free  transition at x/c =  0.6149   53
 Side 2  free  transition at x/c =  0.0272   18

  32   rms: 0.7474E+00   max: -.3887E+01   D at   87  2   RLX: 0.129
       a =  1.000      CL =  0.4079
      Cm = -0.1263     CD =  0.00000   =>   CDf =  0.00320    CDp = -0.00320

 MRCHDU: Convergence failed at  87  side 2    Res =  0.2140E-01
 MRCHDU: Convergence failed at 102  side 2    Res =  0.4330E-02
 MRCHDU: Convergence failed at 103  side 2    Res =  0.7389E-04
 MRCHDU: Convergence failed at 104  side 2    Res =  0.4921E-04
 Side 1  free  transition at x/c =  0.6119   53
 Side 2  free  transition at x/c =  0.0272   18

  33   rms: 0.1142E+01   max: -.7411E+01   D at   87  2   RLX: 0.067
       a =  1.000      CL =  0.4192
      Cm = -0.1335     CD =  0.00000   =>   CDf =  0.00318    CDp = -0.00318

 MRCHDU: Convergence failed at  87  side 2    Res =  0.2038E+00
 MRCHDU: Convergence failed at 102  side 2    Res =  0.1218E-01
 MRCHDU: Convergence failed at 103  side 2    Res =  0.1078E-03
 MRCHDU: Convergence failed at 104  side 2    Res =  0.6225E-04
 Side 1  free  transition at x/c =  0.6114   53
 Side 2  free  transition at x/c =  0.0272   18

  34   rms: 0.1631E+01   max: 0.8486E+01   T at  103  2   RLX: 0.066
       a =  1.000      CL =  0.4339
      Cm = -0.1441     CD =  0.00000   =>   CDf =  0.00317    CDp = -0.00317

 MRCHDU: Convergence failed at 102  side 2    Res =  0.5442E-01
 MRCHDU: Convergence failed at 103  side 2    Res =  0.2340E-03
 MRCHDU: Convergence failed at 104  side 2    Res =  0.1084E-03
 Side 1  free  transition at x/c =  0.6097   53
 Side 2  free  transition at x/c =  0.0272   18

  35   rms: 0.1564E+01   max: -.1013E+02   D at   88  2   RLX: 0.049
       a =  1.000      CL =  0.4405
      Cm = -0.1538     CD =  0.00000   =>   CDf =  0.00323    CDp = -0.00323

 MRCHDU: Convergence failed at  89  side 2    Res =  0.1950E+00
 MRCHDU: Convergence failed at  90  side 2    Res =  0.1037E+02
 MRCHDU: Convergence failed at  91  side 2    Res =  0.2722E+01
 MRCHDU: Convergence failed at  92  side 2    Res =  0.2989E+01
 MRCHDU: Convergence failed at  93  side 2    Res =  0.2479E+01
 MRCHDU: Convergence failed at  94  side 2    Res =  0.2137E+01
 MRCHDU: Convergence failed at  95  side 2    Res =  0.2207E+01
 MRCHDU: Convergence failed at  96  side 2    Res =  0.2298E+01
 MRCHDU: Convergence failed at  97  side 2    Res =  0.1508E+01
 MRCHDU: Convergence failed at  98  side 2    Res =  0.7585E+00
 MRCHDU: Convergence failed at  99  side 2    Res =  0.3554E+01
 MRCHDU: Convergence failed at 103  side 2    Res =  0.4538E-01
 MRCHDU: Convergence failed at 104  side 2    Res =  0.3320E-03
 MRCHDU: Convergence failed at 105  side 2    Res =  0.1491E-03
 Side 1  free  transition at x/c =  0.6100   52
 Side 2  free  transition at x/c =  0.0272   19

  36   rms: 0.9030E+00   max: -.7209E+01   T at  104  2   RLX: 0.069
       a =  1.000      CL =  0.4035
      Cm = -0.1508     CD =  0.00000   =>   CDf =  0.00329    CDp = -0.00329

 Side 1  free  transition at x/c =  0.6126   52
 Side 2  free  transition at x/c =  0.0272   19

  37   rms: 0.1850E+01   max: -.2070E+02   C at  105  2   RLX: 0.024
       a =  1.000      CL =  0.3990
      Cm = -0.1533     CD =  0.00000   =>   CDf =  0.00336    CDp = -0.00336

 Side 1  free  transition at x/c =  0.6136   52
 Side 2  free  transition at x/c =  0.0272   19

  38   rms: 0.3281E+01   max: -.3890E+02   C at  105  2   RLX: 0.013
       a =  1.000      CL =  0.3930
      Cm = -0.1531     CD =  0.00000   =>   CDf =  0.00337    CDp = -0.00337

 Side 1  free  transition at x/c =  0.6141   52
 Side 2  free  transition at x/c =  0.0272   19

  39   rms: 0.5087E+01   max: -.6128E+02   C at  105  2   RLX: 0.008
       a =  1.000      CL =  0.3887
      Cm = -0.1527     CD =  0.00000   =>   CDf =  0.00338    CDp = -0.00338

 Side 1  free  transition at x/c =  0.6145   52
 Side 2  free  transition at x/c =  0.0272   19

  40   rms: 0.7270E+01   max: -.8805E+02   C at  105  2   RLX: 0.006
       a =  1.000      CL =  0.3857
      Cm = -0.1524     CD =  0.00000   =>   CDf =  0.00338    CDp = -0.00338

 Side 1  free  transition at x/c =  0.6147   52
 Side 2  free  transition at x/c =  0.0271   19

  41   rms: 0.9858E+01   max: -.1196E+03   C at  105  2   RLX: 0.004
       a =  1.000      CL =  0.3835
      Cm = -0.1522     CD =  0.00000   =>   CDf =  0.00339    CDp = -0.00339

 Side 1  free  transition at x/c =  0.6149   52
 Side 2  free  transition at x/c =  0.0271   19

  42   rms: 0.1251E+02   max: -.1520E+03   C at  105  2   RLX: 0.003
       a =  1.000      CL =  0.3817
      Cm = -0.1521     CD =  0.00000   =>   CDf =  0.00339    CDp = -0.00339

 Side 1  free  transition at x/c =  0.6150   52
 Side 2  free  transition at x/c =  0.0271   19

  43   rms: 0.1568E+02   max: -.1906E+03   C at  105  2   RLX: 0.003
       a =  1.000      CL =  0.3803
      Cm = -0.1519     CD =  0.00000   =>   CDf =  0.00339    CDp = -0.00339

 Side 1  free  transition at x/c =  0.6152   52
 Side 2  free  transition at x/c =  0.0271   19

  44   rms: 0.1877E+02   max: -.2282E+03   C at  105  2   RLX: 0.002
       a =  1.000      CL =  0.3791
      Cm = -0.1518     CD =  0.00000   =>   CDf =  0.00339    CDp = -0.00339

 Side 1  free  transition at x/c =  0.6153   52
 Side 2  free  transition at x/c =  0.0271   19

  45   rms: 0.2244E+02   max: -.2729E+03   C at  105  2   RLX: 0.002
       a =  1.000      CL =  0.3780
      Cm = -0.1517     CD =  0.00000   =>   CDf =  0.00339    CDp = -0.00339

 Side 1  free  transition at x/c =  0.6153   52
 Side 2  free  transition at x/c =  0.0271   19

  46   rms: 0.2665E+02   max: -.3241E+03   C at  105  2   RLX: 0.002
       a =  1.000      CL =  0.3772
      Cm = -0.1516     CD =  0.00000   =>   CDf =  0.00339    CDp = -0.00339

 Side 1  free  transition at x/c =  0.6154   52
 Side 2  free  transition at x/c =  0.0271   19

  47   rms: 0.3100E+02   max: -.3771E+03   C at  105  2   RLX: 0.001
       a =  1.000      CL =  0.3764
      Cm = -0.1515     CD =  0.00000   =>   CDf =  0.00339    CDp = -0.00339

 Side 1  free  transition at x/c =  0.6155   52
 Side 2  free  transition at x/c =  0.0271   19

  48   rms: 0.3571E+02   max: -.4344E+03   C at  105  2   RLX: 0.001
       a =  1.000      CL =  0.3757
      Cm = -0.1514     CD =  0.00000   =>   CDf =  0.00340    CDp = -0.00340

 Side 1  free  transition at x/c =  0.6155   52
 Side 2  free  transition at x/c =  0.0271   19

  49   rms: 0.4079E+02   max: -.4961E+03   C at  105  2   RLX: 0.001
       a =  1.000      CL =  0.3752
      Cm = -0.1514     CD =  0.00000   =>   CDf =  0.00340    CDp = -0.00340

 Side 1  free  transition at x/c =  0.6155   52
 Side 2  free  transition at x/c =  0.0271   19

  50   rms: 0.4613E+02   max: -.5611E+03   C at  105  2   RLX: 0.001
       a =  1.000      CL =  0.3746
      Cm = -0.1513     CD =  0.00000   =>   CDf =  0.00340    CDp = -0.00340

 Side 1  free  transition at x/c =  0.6156   52
 Side 2  free  transition at x/c =  0.0271   19

  51   rms: 0.5173E+02   max: -.6293E+03   C at  105  2   RLX: 0.001
       a =  1.000      CL =  0.3742
      Cm = -0.1513     CD =  0.00000   =>   CDf =  0.00340    CDp = -0.00340

 Side 1  free  transition at x/c =  0.6156   52
 Side 2  free  transition at x/c =  0.0271   19

  52   rms: 0.5857E+02   max: -.7126E+03   C at  105  2   RLX: 0.001
       a =  1.000      CL =  0.3738
      Cm = -0.1512     CD =  0.00000   =>   CDf =  0.00340    CDp = -0.00340

 Side 1  free  transition at x/c =  0.6157   52
 Side 2  free  transition at x/c =  0.0271   19

  53   rms: 0.6495E+02   max: -.7901E+03   C at  105  2   RLX: 0.001
       a =  1.000      CL =  0.3734
      Cm = -0.1512     CD =  0.00000   =>   CDf =  0.00340    CDp = -0.00340

 Side 1  free  transition at x/c =  0.6157   52
 Side 2  free  transition at x/c =  0.0271   19

  54   rms: 0.7196E+02   max: -.8754E+03   C at  105  2   RLX: 0.001
       a =  1.000      CL =  0.3730
      Cm = -0.1511     CD =  0.00000   =>   CDf =  0.00340    CDp = -0.00340

 Side 1  free  transition at x/c =  0.6157   52
 Side 2  free  transition at x/c =  0.0271   19

  55   rms: 0.7896E+02   max: -.9606E+03   C at  105  2   RLX: 0.001
       a =  1.000      CL =  0.3727
      Cm = -0.1511     CD =  0.00000   =>   CDf =  0.00340    CDp = -0.00340

 Side 1  free  transition at x/c =  0.6157   52
 Side 2  free  transition at x/c =  0.0271   19

  56   rms: 0.8628E+02   max: -.1050E+04   C at  105  2   RLX: 0.000
       a =  1.000      CL =  0.3724
      Cm = -0.1511     CD =  0.00000   =>   CDf =  0.00340    CDp = -0.00340

 Side 1  free  transition at x/c =  0.6157   52
 Side 2  free  transition at x/c =  0.0271   19

  57   rms: 0.9418E+02   max: -.1146E+04   C at  105  2   RLX: 0.000
       a =  1.000      CL =  0.3722
      Cm = -0.1510     CD =  0.00000   =>   CDf =  0.00340    CDp = -0.00340

 Side 1  free  transition at x/c =  0.6158   52
 Side 2  free  transition at x/c =  0.0271   19

  58   rms: 0.1021E+03   max: -.1242E+04   C at  105  2   RLX: 0.000
       a =  1.000      CL =  0.3719
      Cm = -0.1510     CD =  0.00000   =>   CDf =  0.00340    CDp = -0.00340

 Side 1  free  transition at x/c =  0.6158   52
 Side 2  free  transition at x/c =  0.0271   19

  59   rms: 0.1104E+03   max: -.1343E+04   C at  105  2   RLX: 0.000
       a =  1.000      CL =  0.3717
      Cm = -0.1510     CD =  0.00000   =>   CDf =  0.00340    CDp = -0.00340

 MRCHDU: Convergence failed at 103  side 2    Res =  0.1619E-01
 MRCHDU: Convergence failed at 104  side 2    Res =  0.7578E-02
 MRCHDU: Convergence failed at 105  side 2    Res =  0.3898E-03
 Side 1  free  transition at x/c =  0.6158   52
 Side 2  free  transition at x/c =  0.0271   19

  60   rms: 0.1190E+03   max: -.1448E+04   C at  105  2   RLX: 0.000
       a =  1.000      CL =  0.3715
      Cm = -0.1510     CD =  0.00000   =>   CDf =  0.00340    CDp = -0.00340

 MRCHDU: Convergence failed at 103  side 2    Res =  0.6787E-01
 MRCHDU: Convergence failed at 104  side 2    Res =  0.7575E-02
 MRCHDU: Convergence failed at 105  side 2    Res =  0.3902E-03
 Side 1  free  transition at x/c =  0.6158   52
 Side 2  free  transition at x/c =  0.0271   19

  61   rms: 0.1280E+03   max: -.1557E+04   C at  105  2   RLX: 0.000
       a =  1.000      CL =  0.3713
      Cm = -0.1509     CD =  0.00000   =>   CDf =  0.00340    CDp = -0.00340

 MRCHDU: Convergence failed at 103  side 2    Res =  0.1194E+00
 Side 1  free  transition at x/c =  0.6158   52
 Side 2  free  transition at x/c =  0.0271   19

  62   rms: 0.8014E+00   max: -.3459E+01   D at  100  2   RLX: 0.145
       a =  1.000      CL =  0.2834
      Cm = -0.1406     CD =  0.00000   =>   CDf =  0.00340    CDp = -0.00340

 Side 1  free  transition at x/c =  0.6208   52
 Side 2  free  transition at x/c =  0.0260   19

  63   rms: 0.5521E+00   max: -.4011E+01   D at  100  2   RLX: 0.125
       a =  1.000      CL =  0.2836
      Cm = -0.1364     CD =  0.00000   =>   CDf =  0.00383    CDp = -0.00383

 Side 1  free  transition at x/c =  0.6210   52
 Side 2  free  transition at x/c =  0.0260   19

  64   rms: 0.5306E+00   max: -.4328E+01   D at  100  2   RLX: 0.116
       a =  1.000      CL =  0.2781
      Cm = -0.1287     CD =  0.00000   =>   CDf =  0.00394    CDp = -0.00394

 Side 1  free  transition at x/c =  0.6204   52
 Side 2  free  transition at x/c =  0.0261   19

  65   rms: 0.5501E+00   max: -.4251E+01   D at  100  2   RLX: 0.118
       a =  1.000      CL =  0.2560
      Cm = -0.1183     CD =  0.00000   =>   CDf =  0.00401    CDp = -0.00401

 Side 1  free  transition at x/c =  0.6198   52
 Side 2  free  transition at x/c =  0.0260   19

  66   rms: 0.5343E+00   max: -.3814E+01   D at  100  2   RLX: 0.131
       a =  1.000      CL =  0.2346
      Cm = -0.1080     CD =  0.00000   =>   CDf =  0.00407    CDp = -0.00407

 MRCHDU: Convergence failed at 100  side 2    Res =  0.1006E+00
 Side 1  free  transition at x/c =  0.6188   52
 Side 2  free  transition at x/c =  0.0259   19

  67   rms: 0.1095E+01   max: 0.5952E+01   T at   19  2   RLX: 0.126
       a =  1.000      CL =  0.1183
      Cm = -0.0837     CD =  0.00000   =>   CDf =  0.00412    CDp = -0.00412

 MRCHDU: Convergence failed at  73  side 2    Res =  0.1470E+00
 MRCHDU: Convergence failed at  74  side 2    Res =  0.2236E+00
 MRCHDU: Convergence failed at  79  side 2    Res =  0.9423E+00
 Side 1  free  transition at x/c =  0.6268   52
 Side 2  free  transition at x/c =  0.0243   20

  68   rms: 0.6737E+00   max: -.4448E+01   D at  101  2   RLX: 0.112
       a =  1.000      CL =  0.0490
      Cm = -0.0560     CD =  0.00000   =>   CDf =  0.00413    CDp = -0.00413

 Side 1  free  transition at x/c =  0.6294   52
 Side 2  free  transition at x/c =  0.0241   20

  69   rms: 0.6668E+00   max: -.4999E+01   D at  101  2   RLX: 0.100
       a =  1.000      CL =  0.0346
      Cm = -0.0476     CD =  0.00000   =>   CDf =  0.00423    CDp = -0.00423

 Side 1  free  transition at x/c =  0.6310   52
 Side 2  free  transition at x/c =  0.0241   20

  70   rms: 0.2914E+01   max: -.2564E+02   D at  101  2   RLX: 0.020
       a =  1.000      CL =  0.0215
      Cm = -0.0449     CD =  0.00000   =>   CDf =  0.00433    CDp = -0.00433

 MRCHDU: Convergence failed at 102  side 2    Res =  0.4983E+00
 Side 1  free  transition at x/c =  0.6354   52
 Side 2  free  transition at x/c =  0.0239   20

  71   rms: 0.5505E+00   max: -.1697E+01   T at   20  2   RLX: 0.295
       a =  1.000      CL =  0.1232
      Cm = -0.0476     CD =  0.00000   =>   CDf =  0.00446    CDp = -0.00446

 Side 1  free  transition at x/c =  0.6210   52
 Side 2  free  transition at x/c =  0.0248   19

  72   rms: 0.4784E+00   max: -.1766E+01   T at   19  2   RLX: 0.283
       a =  1.000      CL =  0.1949
      Cm = -0.0500     CD =  0.00000   =>   CDf =  0.00442    CDp = -0.00442

 Side 1  free  transition at x/c =  0.6111   52
 Side 2  free  transition at x/c =  0.0258   19

  73   rms: 0.4081E+00   max: -.1854E+01   T at  106  2   RLX: 0.270
       a =  1.000      CL =  0.2475
      Cm = -0.0513     CD =  0.00000   =>   CDf =  0.00440    CDp = -0.00440

 Side 1  free  transition at x/c =  0.6046   52
 Side 2  free  transition at x/c =  0.0261   18

  74   rms: 0.4476E+00   max: -.3346E+01   D at    2  1   RLX: 0.149
       a =  1.000      CL =  0.2865
      Cm = -0.0546     CD =  0.00000   =>   CDf =  0.00458    CDp = -0.00458

 Side 1  free  transition at x/c =  0.6015   52
 Side 2  free  transition at x/c =  0.0263   18

  75   rms: 0.4141E+00   max: -.2375E+01   C at  104  2   RLX: 0.210
       a =  1.000      CL =  0.3488
      Cm = -0.0612     CD =  0.00000   =>   CDf =  0.00468    CDp = -0.00468

 Side 1  free  transition at x/c =  0.5960   52
 Side 2  free  transition at x/c =  0.0265   18

  76   rms: 0.4671E+00   max: -.5897E+01   C at  104  2   RLX: 0.085
       a =  1.000      CL =  0.3743
      Cm = -0.0643     CD =  0.00000   =>   CDf =  0.00484    CDp = -0.00484

 Side 1  free  transition at x/c =  0.5941   52
 Side 2  free  transition at x/c =  0.0266   18

  77   rms: 0.5526E+00   max: -.9656E+01   C at  104  2   RLX: 0.052
       a =  1.000      CL =  0.3897
      Cm = -0.0663     CD =  0.00000   =>   CDf =  0.00491    CDp = -0.00491

 Side 1  free  transition at x/c =  0.5930   52
 Side 2  free  transition at x/c =  0.0267   18

  78   rms: 0.6843E+00   max: -.1401E+02   C at  104  2   RLX: 0.036
       a =  1.000      CL =  0.4001
      Cm = -0.0677     CD =  0.00000   =>   CDf =  0.00496    CDp = -0.00496

 Side 1  free  transition at x/c =  0.5922   52
 Side 2  free  transition at x/c =  0.0267   18

  79   rms: 0.8564E+00   max: -.1900E+02   C at  104  2   RLX: 0.026
       a =  1.000      CL =  0.4078
      Cm = -0.0688     CD =  0.00000   =>   CDf =  0.00500    CDp = -0.00500

 Side 1  free  transition at x/c =  0.5917   52
 Side 2  free  transition at x/c =  0.0267   18

  80   rms: 0.1082E+01   max: -.2507E+02   C at  104  2   RLX: 0.020
       a =  1.000      CL =  0.4135
      Cm = -0.0696     CD =  0.00000   =>   CDf =  0.00497    CDp = -0.00497

 Side 1  free  transition at x/c =  0.5913   53
 Side 2  free  transition at x/c =  0.0267   17

  81   rms: 0.1462E+01   max: -.3221E+02   C at  103  2   RLX: 0.016
       a =  1.000      CL =  0.4179
      Cm = -0.0702     CD =  0.00000   =>   CDf =  0.00504    CDp = -0.00504

 Side 1  free  transition at x/c =  0.5910   53
 Side 2  free  transition at x/c =  0.0268   17

  82   rms: 0.1688E+01   max: -.4048E+02   C at  103  2   RLX: 0.012
       a =  1.000      CL =  0.4214
      Cm = -0.0707     CD =  0.00000   =>   CDf =  0.00506    CDp = -0.00506

 Side 1  free  transition at x/c =  0.5907   53
 Side 2  free  transition at x/c =  0.0268   17

  83   rms: 0.2066E+01   max: -.4974E+02   C at  103  2   RLX: 0.010
       a =  1.000      CL =  0.4242
      Cm = -0.0711     CD =  0.00000   =>   CDf =  0.00507    CDp = -0.00507

 Side 1  free  transition at x/c =  0.5905   53
 Side 2  free  transition at x/c =  0.0268   17

  84   rms: 0.2487E+01   max: -.5990E+02   C at  103  2   RLX: 0.008
       a =  1.000      CL =  0.4265
      Cm = -0.0714     CD =  0.00000   =>   CDf =  0.00508    CDp = -0.00508

 Side 1  free  transition at x/c =  0.5904   53
 Side 2  free  transition at x/c =  0.0268   17

  85   rms: 0.2952E+01   max: -.7098E+02   C at  103  2   RLX: 0.007
       a =  1.000      CL =  0.4285
      Cm = -0.0717     CD =  0.00000   =>   CDf =  0.00509    CDp = -0.00509

 Side 1  free  transition at x/c =  0.5902   53
 Side 2  free  transition at x/c =  0.0268   17

  86   rms: 0.3459E+01   max: -.8286E+02   C at  103  2   RLX: 0.006
       a =  1.000      CL =  0.4302
      Cm = -0.0719     CD =  0.00000   =>   CDf =  0.00509    CDp = -0.00509

 Side 1  free  transition at x/c =  0.5901   53
 Side 2  free  transition at x/c =  0.0268   17

  87   rms: 0.4005E+01   max: -.9553E+02   C at  103  2   RLX: 0.005
       a =  1.000      CL =  0.4316
      Cm = -0.0721     CD =  0.00000   =>   CDf =  0.00510    CDp = -0.00510

 Side 1  free  transition at x/c =  0.5900   53
 Side 2  free  transition at x/c =  0.0268   17

  88   rms: 0.4594E+01   max: -.1090E+03   C at  103  2   RLX: 0.005
       a =  1.000      CL =  0.4329
      Cm = -0.0723     CD =  0.00000   =>   CDf =  0.00510    CDp = -0.00510

 Side 1  free  transition at x/c =  0.5899   53
 Side 2  free  transition at x/c =  0.0268   17

  89   rms: 0.5223E+01   max: -.1233E+03   C at  103  2   RLX: 0.004
       a =  1.000      CL =  0.4340
      Cm = -0.0724     CD =  0.00000   =>   CDf =  0.00511    CDp = -0.00511

 Side 1  free  transition at x/c =  0.5898   52
 Side 2  free  transition at x/c =  0.0268   17

  90   rms: 0.5704E+01   max: -.1338E+03   C at  103  2   RLX: 0.004
       a =  1.000      CL =  0.4351
      Cm = -0.0726     CD =  0.00000   =>   CDf =  0.00511    CDp = -0.00511

 Side 1  free  transition at x/c =  0.5898   52
 Side 2  free  transition at x/c =  0.0268   17

  91   rms: 0.6401E+01   max: -.1493E+03   C at  103  2   RLX: 0.003
       a =  1.000      CL =  0.4360
      Cm = -0.0727     CD =  0.00000   =>   CDf =  0.00512    CDp = -0.00512

 Side 1  free  transition at x/c =  0.5897   52
 Side 2  free  transition at x/c =  0.0268   17

  92   rms: 0.7147E+01   max: -.1657E+03   C at  103  2   RLX: 0.003
       a =  1.000      CL =  0.4368
      Cm = -0.0728     CD =  0.00000   =>   CDf =  0.00512    CDp = -0.00512

 Side 1  free  transition at x/c =  0.5897   52
 Side 2  free  transition at x/c =  0.0268   17

  93   rms: 0.7948E+01   max: -.1831E+03   C at  103  2   RLX: 0.003
       a =  1.000      CL =  0.4376
      Cm = -0.0729     CD =  0.00000   =>   CDf =  0.00512    CDp = -0.00512

 Side 1  free  transition at x/c =  0.5896   52
 Side 2  free  transition at x/c =  0.0268   17

  94   rms: 0.8804E+01   max: -.2015E+03   C at  103  2   RLX: 0.002
       a =  1.000      CL =  0.4383
      Cm = -0.0730     CD =  0.00000   =>   CDf =  0.00512    CDp = -0.00512

 Side 1  free  transition at x/c =  0.5896   52
 Side 2  free  transition at x/c =  0.0268   17

  95   rms: 0.9723E+01   max: -.2212E+03   C at  103  2   RLX: 0.002
       a =  1.000      CL =  0.4389
      Cm = -0.0731     CD =  0.00000   =>   CDf =  0.00512    CDp = -0.00512

 Side 1  free  transition at x/c =  0.5895   52
 Side 2  free  transition at x/c =  0.0268   17

  96   rms: 0.1071E+02   max: -.2421E+03   C at  103  2   RLX: 0.002
       a =  1.000      CL =  0.4395
      Cm = -0.0732     CD =  0.00000   =>   CDf =  0.00513    CDp = -0.00513

 Side 1  free  transition at x/c =  0.5895   52
 Side 2  free  transition at x/c =  0.0268   17

  97   rms: 0.1176E+02   max: -.2642E+03   C at  103  2   RLX: 0.002
       a =  1.000      CL =  0.4400
      Cm = -0.0733     CD =  0.00000   =>   CDf =  0.00513    CDp = -0.00513

 Side 1  free  transition at x/c =  0.5895   52
 Side 2  free  transition at x/c =  0.0268   17

  98   rms: 0.1287E+02   max: -.2875E+03   C at  103  2   RLX: 0.002
       a =  1.000      CL =  0.4405
      Cm = -0.0734     CD =  0.00000   =>   CDf =  0.00513    CDp = -0.00513

 MRCHDU: Convergence failed at 103  side 2    Res =  0.5182E-01
 Side 1  free  transition at x/c =  0.5894   52
 Side 2  free  transition at x/c =  0.0268   17

  99   rms: 0.1406E+02   max: -.3131E+03   C at  103  2   RLX: 0.002
       a =  1.000      CL =  0.4410
      Cm = -0.0734     CD =  0.00000   =>   CDf =  0.00513    CDp = -0.00513

 MRCHDU: Convergence failed at 103  side 2    Res =  0.1036E+00
 MRCHDU: Convergence failed at 104  side 2    Res =  0.1132E+00
 Side 1  free  transition at x/c =  0.5894   52
 Side 2  free  transition at x/c =  0.0268   17

 100   rms: 0.2110E+02   max: -.3121E+03   C at  104  2   RLX: 0.002
       a =  1.000      CL =  0.4414
      Cm = -0.0735     CD =  0.00000   =>   CDf =  0.00513    CDp = -0.00513

 MRCHDU: Convergence failed at 104  side 2    Res =  0.5620E+00
 MRCHDU: Convergence failed at 105  side 2    Res =  0.2721E-01
 Side 1  free  transition at x/c =  0.5894   52
 Side 2  free  transition at x/c =  0.0268   17

 101   rms: 0.2181E+02   max: -.3168E+03   C at  105  2   RLX: 0.002
       a =  1.000      CL =  0.4419
      Cm = -0.0736     CD =  0.00000   =>   CDf =  0.00513    CDp = -0.00513

 MRCHDU: Convergence failed at 103  side 2    Res =  0.1624E-01
 MRCHDU: Convergence failed at 104  side 2    Res =  0.5954E+00
 MRCHDU: Convergence failed at 105  side 2    Res =  0.5790E-01
 Side 1  free  transition at x/c =  0.5894   52
 Side 2  free  transition at x/c =  0.0268   17

 102   rms: 0.2412E+02   max: -.3491E+03   C at  105  2   RLX: 0.001
       a =  1.000      CL =  0.4423
      Cm = -0.0736     CD =  0.00000   =>   CDf =  0.00513    CDp = -0.00513

 MRCHDU: Convergence failed at 103  side 2    Res =  0.6343E-01
 MRCHDU: Convergence failed at 104  side 2    Res =  0.5980E+00
 MRCHDU: Convergence failed at 105  side 2    Res =  0.5782E-01
 Side 1  free  transition at x/c =  0.5893   52
 Side 2  free  transition at x/c =  0.0268   17

 103   rms: 0.2661E+02   max: -.3837E+03   C at  105  2   RLX: 0.001
       a =  1.000      CL =  0.4426
      Cm = -0.0737     CD =  0.00000   =>   CDf =  0.00513    CDp = -0.00513

 MRCHDU: Convergence failed at 103  side 2    Res =  0.1107E+00
 MRCHDU: Convergence failed at 104  side 2    Res =  0.1974E+00
 Side 1  free  transition at x/c =  0.5893   52
 Side 2  free  transition at x/c =  0.0268   17

 104   rms: 0.3028E+02   max: -.4385E+03   C at  104  2   RLX: 0.001
       a =  1.000      CL =  0.4429
      Cm = -0.0737     CD =  0.00000   =>   CDf =  0.00514    CDp = -0.00514

 MRCHDU: Convergence failed at 103  side 2    Res =  0.1575E+00
 MRCHDU: Convergence failed at 104  side 2    Res =  0.2448E+00
 Side 1  free  transition at x/c =  0.5893   52
 Side 2  free  transition at x/c =  0.0268   17

 105   rms: 0.3284E+02   max: -.4737E+03   C at  104  2   RLX: 0.001
       a =  1.000      CL =  0.4432
      Cm = -0.0738     CD =  0.00000   =>   CDf =  0.00514    CDp = -0.00514

 MRCHDU: Convergence failed at 103  side 2    Res =  0.2035E+00
 MRCHDU: Convergence failed at 104  side 2    Res =  0.2913E+00
 Side 1  free  transition at x/c =  0.5893   52
 Side 2  free  transition at x/c =  0.0268   17

 106   rms: 0.3556E+02   max: -.5110E+03   C at  104  2   RLX: 0.001
       a =  1.000      CL =  0.4435
      Cm = -0.0738     CD =  0.00000   =>   CDf =  0.00514    CDp = -0.00514

 MRCHDU: Convergence failed at 103  side 2    Res =  0.2498E+00
 MRCHDU: Convergence failed at 104  side 2    Res =  0.3380E+00
 Side 1  free  transition at x/c =  0.5893   52
 Side 2  free  transition at x/c =  0.0268   17

 107   rms: 0.3842E+02   max: -.5502E+03   C at  104  2   RLX: 0.001
       a =  1.000      CL =  0.4438
      Cm = -0.0738     CD =  0.00000   =>   CDf =  0.00514    CDp = -0.00514

 MRCHDU: Convergence failed at 103  side 2    Res =  0.2965E+00
 MRCHDU: Convergence failed at 104  side 2    Res =  0.3851E+00
 Side 1  free  transition at x/c =  0.5892   52
 Side 2  free  transition at x/c =  0.0268   17

 108   rms: 0.4143E+02   max: -.5914E+03   C at  104  2   RLX: 0.001
       a =  1.000      CL =  0.4440
      Cm = -0.0739     CD =  0.00000   =>   CDf =  0.00514    CDp = -0.00514

 MRCHDU: Convergence failed at 103  side 2    Res =  0.3434E+00
 MRCHDU: Convergence failed at 104  side 2    Res =  0.4324E+00
 Side 1  free  transition at x/c =  0.5892   52
 Side 2  free  transition at x/c =  0.0268   17

 109   rms: 0.4464E+02   max: -.6352E+03   C at  104  2   RLX: 0.001
       a =  1.000      CL =  0.4442
      Cm = -0.0739     CD =  0.00000   =>   CDf =  0.00514    CDp = -0.00514

 MRCHDU: Convergence failed at 103  side 2    Res =  0.3907E+00
 MRCHDU: Convergence failed at 104  side 2    Res =  0.4799E+00
 Side 1  free  transition at x/c =  0.5892   52
 Side 2  free  transition at x/c =  0.0268   17

 110   rms: 0.4795E+02   max: -.6806E+03   C at  104  2   RLX: 0.001
       a =  1.000      CL =  0.4444
      Cm = -0.0739     CD =  0.00000   =>   CDf =  0.00514    CDp = -0.00514

 MRCHDU: Convergence failed at 103  side 2    Res =  0.4381E+00
 MRCHDU: Convergence failed at 104  side 2    Res =  0.5277E+00
 Side 1  free  transition at x/c =  0.5892   52
 Side 2  free  transition at x/c =  0.0268   17

 111   rms: 0.5142E+02   max: -.7280E+03   C at  104  2   RLX: 0.001
       a =  1.000      CL =  0.4446
      Cm = -0.0739     CD =  0.00000   =>   CDf =  0.00514    CDp = -0.00514

 MRCHDU: Convergence failed at 103  side 2    Res =  0.4858E+00
 MRCHDU: Convergence failed at 104  side 2    Res =  0.5756E+00
 Side 1  free  transition at x/c =  0.5892   52
 Side 2  free  transition at x/c =  0.0268   17

 112   rms: 0.5505E+02   max: -.7775E+03   C at  104  2   RLX: 0.001
       a =  1.000      CL =  0.4448
      Cm = -0.0740     CD =  0.00000   =>   CDf =  0.00514    CDp = -0.00514

 MRCHDU: Convergence failed at 103  side 2    Res =  0.5336E+00
 MRCHDU: Convergence failed at 104  side 2    Res =  0.6238E+00
 MRCHDU: Convergence failed at 105  side 2    Res =  0.4136E-01
 Side 1  free  transition at x/c =  0.5892   52
 Side 2  free  transition at x/c =  0.0268   17

 113   rms: 0.5884E+02   max: -.8299E+03   C at  105  2   RLX: 0.001
       a =  1.000      CL =  0.4449
      Cm = -0.0740     CD =  0.00000   =>   CDf =  0.00514    CDp = -0.00514

 MRCHDU: Convergence failed at 102  side 2    Res =  0.2995E-01
 MRCHDU: Convergence failed at 103  side 2    Res =  0.5517E+00
 MRCHDU: Convergence failed at 104  side 2    Res =  0.6421E+00
 MRCHDU: Convergence failed at 105  side 2    Res =  0.5805E-01
 Side 1  free  transition at x/c =  0.5892   52
 Side 2  free  transition at x/c =  0.0268   17

 114   rms: 0.6279E+02   max: -.8840E+03   C at  105  2   RLX: 0.001
       a =  1.000      CL =  0.4451
      Cm = -0.0740     CD =  0.00000   =>   CDf =  0.00514    CDp = -0.00514

 MRCHDU: Convergence failed at 102  side 2    Res =  0.7684E-01
 MRCHDU: Convergence failed at 103  side 2    Res =  0.5529E+00
 MRCHDU: Convergence failed at 104  side 2    Res =  0.6435E+00
 MRCHDU: Convergence failed at 105  side 2    Res =  0.5799E-01
 Side 1  free  transition at x/c =  0.5891   52
 Side 2  free  transition at x/c =  0.0268   17

 115   rms: 0.6690E+02   max: -.9402E+03   C at  105  2   RLX: 0.001
       a =  1.000      CL =  0.4452
      Cm = -0.0740     CD =  0.00000   =>   CDf =  0.00514    CDp = -0.00514

 MRCHDU: Convergence failed at 102  side 2    Res =  0.1239E+00
 MRCHDU: Convergence failed at 103  side 2    Res =  0.7545E+00
 MRCHDU: Convergence failed at 104  side 2    Res =  0.2110E+01
 Side 1  free  transition at x/c =  0.5891   52
 Side 2  free  transition at x/c =  0.0268   17

 116   rms: 0.3661E+00   max: -.1193E+01   D at  104  2   RLX: 0.419
       a =  1.000      CL =  0.5601
      Cm = -0.0906     CD =  0.00000   =>   CDf =  0.00514    CDp = -0.00514

 Side 1  free  transition at x/c =  0.5766   52
 Side 2  free  transition at x/c =  0.0271   17

 117   rms: 0.3047E+00   max: -.2033E+01   D at  103  2   RLX: 0.246
       a =  1.000      CL =  0.6064
      Cm = -0.0987     CD =  0.00000   =>   CDf =  0.00541    CDp = -0.00541

 Side 1  free  transition at x/c =  0.5733   52
 Side 2  free  transition at x/c =  0.0272   16

 118   rms: 0.6859E+00   max: -.8578E+01   D at  103  2   RLX: 0.058
       a =  1.000      CL =  0.6178
      Cm = -0.1010     CD =  0.00000   =>   CDf =  0.00559    CDp = -0.00559

 Side 1  free  transition at x/c =  0.5738   52
 Side 2  free  transition at x/c =  0.0273   16

 119   rms: 0.1205E+01   max: 0.1249E+02   D at  101  2   RLX: 0.082
       a =  1.000      CL =  0.6241
      Cm = -0.1012     CD =  0.00000   =>   CDf =  0.00566    CDp = -0.00566

 MRCHDU: Convergence failed at  99  side 2    Res =  0.7425E+01
 Side 1  free  transition at x/c =  0.5686   52
 Side 2  free  transition at x/c =  0.0273   16

 120   rms: 0.2538E+00   max: -.2325E+01   D at  102  2   RLX: 0.215
       a =  1.000      CL =  0.6560
      Cm = -0.1065     CD =  0.00000   =>   CDf =  0.00562    CDp = -0.00562

 Side 1  free  transition at x/c =  0.5662   52
 Side 2  free  transition at x/c =  0.0273   16

 121   rms: 0.2083E+00   max: -.1768E+01   D at  103  2   RLX: 0.283
       a =  1.000      CL =  0.6898
      Cm = -0.1121     CD =  0.00000   =>   CDf =  0.00576    CDp = -0.00576

 MRCHDU: Convergence failed at  18  side 2    Res =  0.7941E+01
 MRCHDU: Convergence failed at  19  side 2    Res =  0.1438E+02
 MRCHDU: Convergence failed at  20  side 2    Res =  0.8245E+03
 MRCHDU: Convergence failed at  21  side 2    Res =  0.3909E+02
 MRCHDU: Convergence failed at  22  side 2    Res =  0.2657E+02
 MRCHDU: Convergence failed at  23  side 2    Res =  0.3292E+02
 MRCHDU: Convergence failed at  24  side 2    Res =  0.2717E+02
 MRCHDU: Convergence failed at  25  side 2    Res =  0.4214E+02
 MRCHDU: Convergence failed at  26  side 2    Res =  0.4559E+02
 MRCHDU: Convergence failed at  27  side 2    Res =  0.4430E+02
 MRCHDU: Convergence failed at  28  side 2    Res =  0.7929E+02
 MRCHDU: Convergence failed at  29  side 2    Res =  0.8571E+02
 MRCHDU: Convergence failed at  30  side 2    Res =  0.9190E+02
 MRCHDU: Convergence failed at  31  side 2    Res =  0.9481E+02
 MRCHDU: Convergence failed at  32  side 2    Res =  0.9616E+02
 MRCHDU: Convergence failed at  33  side 2    Res =  0.9623E+02
 MRCHDU: Convergence failed at  34  side 2    Res =  0.9511E+02
 MRCHDU: Convergence failed at  35  side 2    Res =  0.9280E+02
 MRCHDU: Convergence failed at  36  side 2    Res =  0.8920E+02
 MRCHDU: Convergence failed at  37  side 2    Res =  0.7286E+02
 MRCHDU: Convergence failed at  38  side 2    Res =  0.6888E+02
 MRCHDU: Convergence failed at  39  side 2    Res =  0.6588E+02
 MRCHDU: Convergence failed at  40  side 2    Res =  0.6692E+02
 MRCHDU: Convergence failed at  41  side 2    Res =  0.7744E+02
 MRCHDU: Convergence failed at  42  side 2    Res =  0.8255E+02
 MRCHDU: Convergence failed at  43  side 2    Res =  0.8763E+02
 MRCHDU: Convergence failed at  44  side 2    Res =  0.9404E+02
 MRCHDU: Convergence failed at  45  side 2    Res =  0.1023E+03
 MRCHDU: Convergence failed at  46  side 2    Res =  0.1103E+03
 MRCHDU: Convergence failed at  47  side 2    Res =  0.1180E+03
 MRCHDU: Convergence failed at  48  side 2    Res =  0.6545E+03
 MRCHDU: Convergence failed at  49  side 2    Res =  0.1512E+03
 MRCHDU: Convergence failed at  50  side 2    Res =  0.2343E+03
 MRCHDU: Convergence failed at  51  side 2    Res =  0.1505E+03
 MRCHDU: Convergence failed at  52  side 2    Res =  0.1529E+03
 MRCHDU: Convergence failed at  53  side 2    Res =  0.1539E+03
 MRCHDU: Convergence failed at  54  side 2    Res =  0.1498E+03
 MRCHDU: Convergence failed at  55  side 2    Res =  0.2751E+03
 MRCHDU: Convergence failed at  56  side 2    Res =  0.2947E+03
 MRCHDU: Convergence failed at  57  side 2    Res =  0.2528E+03
 MRCHDU: Convergence failed at  58  side 2    Res =  0.3019E+03
 MRCHDU: Convergence failed at  59  side 2    Res =  0.2586E+03
 MRCHDU: Convergence failed at  60  side 2    Res =  0.2261E+03
 MRCHDU: Convergence failed at  61  side 2    Res =  0.3077E+03
 MRCHDU: Convergence failed at  62  side 2    Res =  0.2341E+03
 MRCHDU: Convergence failed at  63  side 2    Res =  0.1634E+03
 MRCHDU: Convergence failed at  64  side 2    Res =  0.4853E+03
 MRCHDU: Convergence failed at  65  side 2    Res =  0.4266E+03
 MRCHDU: Convergence failed at  66  side 2    Res =  0.3812E+03
 MRCHDU: Convergence failed at  67  side 2    Res =  0.3349E+03
 MRCHDU: Convergence failed at  68  side 2    Res =  0.4062E+03
 MRCHDU: Convergence failed at  69  side 2    Res =  0.4302E+03
 MRCHDU: Convergence failed at  70  side 2    Res =  0.5965E+03
 MRCHDU: Convergence failed at  71  side 2    Res =  0.1412E+03
 MRCHDU: Convergence failed at  72  side 2    Res =  0.3742E+03
 MRCHDU: Convergence failed at  73  side 2    Res =  0.1529E+03
 MRCHDU: Convergence failed at  74  side 2    Res =  0.1222E+03
 MRCHDU: Convergence failed at  75  side 2    Res =  0.1465E+03
 MRCHDU: Convergence failed at  76  side 2    Res =  0.1412E+03
 MRCHDU: Convergence failed at  77  side 2    Res =  0.5762E+02
 MRCHDU: Convergence failed at  78  side 2    Res =  0.1433E+03
 MRCHDU: Convergence failed at  79  side 2    Res =  0.1403E+03
 MRCHDU: Convergence failed at  80  side 2    Res =  0.1476E+03
 MRCHDU: Convergence failed at  81  side 2    Res =  0.7477E+02
 Side 1  free  transition at x/c =  0.5629   52
 Side 2  free  transition at x/c =  0.0350   18

 122   rms: 0.1064E+01   max: -.7113E+01   T at   18  2   RLX: 0.070
       a =  1.000      CL = -0.0310
      Cm =  0.0769     CD =  0.00000   =>   CDf =  0.00305    CDp = -0.00305

 MRCHDU: Convergence failed at  83  side 2    Res =  0.1338E+00
 MRCHDU: Convergence failed at  84  side 2    Res =  0.3317E+00
 MRCHDU: Convergence failed at  85  side 2    Res =  0.5643E+00
 MRCHDU: Convergence failed at  86  side 2    Res =  0.7672E+00
 MRCHDU: Convergence failed at  87  side 2    Res =  0.9475E+00
 MRCHDU: Convergence failed at  88  side 2    Res =  0.1109E+01
 MRCHDU: Convergence failed at  89  side 2    Res =  0.1251E+01
 MRCHDU: Convergence failed at  90  side 2    Res =  0.1380E+01
 MRCHDU: Convergence failed at  91  side 2    Res =  0.1497E+01
 MRCHDU: Convergence failed at  92  side 2    Res =  0.1602E+01
 MRCHDU: Convergence failed at  93  side 2    Res =  0.1701E+01
 MRCHDU: Convergence failed at  94  side 2    Res =  0.1793E+01
 MRCHDU: Convergence failed at  95  side 2    Res =  0.1875E+01
 MRCHDU: Convergence failed at  96  side 2    Res =  0.1941E+01
 MRCHDU: Convergence failed at  97  side 2    Res =  0.2124E+01
 MRCHDU: Convergence failed at  98  side 2    Res =  0.2078E+01
 MRCHDU: Convergence failed at  99  side 2    Res =  0.2499E+01
 Side 1  free  transition at x/c =  0.5627   52
 Side 2  free  transition at x/c =  0.0383   18

 123   rms: 0.5285E+00   max: -.5341E+01   T at   18  2   RLX: 0.094
       a =  1.000      CL =  0.2826
      Cm = -0.0231     CD =  0.00000   =>   CDf =  0.00330    CDp = -0.00330

 Side 1  free  transition at x/c =  0.5646   52
 Side 2  free  transition at x/c =  0.0371   18

 124   rms: 0.4915E+00   max: -.2810E+01   T at  104  2   RLX: 0.178
       a =  1.000      CL =  0.3238
      Cm = -0.0364     CD =  0.00000   =>   CDf =  0.00329    CDp = -0.00329

 Side 1  free  transition at x/c =  0.5688   52
 Side 2  free  transition at x/c =  0.0367   18

 125   rms: 0.4621E+00   max: -.2524E+01   T at  104  2   RLX: 0.198
       a =  1.000      CL =  0.3612
      Cm = -0.0497     CD =  0.00000   =>   CDf =  0.00329    CDp = -0.00329

 Side 1  free  transition at x/c =  0.5727   52
 Side 2  free  transition at x/c =  0.0358   18

 126   rms: 0.4504E+00   max: 0.2098E+01   T at   18  2   RLX: 0.260
       a =  1.000      CL =  0.3944
      Cm = -0.0641     CD =  0.00000   =>   CDf =  0.00329    CDp = -0.00329

 Side 1  free  transition at x/c =  0.5800   53
 Side 2  free  transition at x/c =  0.0330   17

 127   rms: 0.1183E+01   max: -.1312E+02   T at   18  2   RLX: 0.038
       a =  1.000      CL =  0.3671
      Cm = -0.0537     CD =  0.00000   =>   CDf =  0.00324    CDp = -0.00324

 Side 1  free  transition at x/c =  0.5794   53
 Side 2  free  transition at x/c =  0.0328   17

 128   rms: 0.7031E+00   max: -.1284E+02   T at   18  2   RLX: 0.039
       a =  1.000      CL =  0.3688
      Cm = -0.0545     CD =  0.00000   =>   CDf =  0.00324    CDp = -0.00324

 Side 1  free  transition at x/c =  0.5797   53
 Side 2  free  transition at x/c =  0.0325   17

 129   rms: 0.4832E+00   max: -.6066E+01   T at   18  2   RLX: 0.082
       a =  1.000      CL =  0.3749
      Cm = -0.0572     CD =  0.00000   =>   CDf =  0.00323    CDp = -0.00323

 Side 1  free  transition at x/c =  0.5809   53
 Side 2  free  transition at x/c =  0.0318   17

 130   rms: 0.4325E+00   max: 0.2764E+01   T at   17  2   RLX: 0.327
       a =  1.000      CL =  0.3980
      Cm = -0.0683     CD =  0.00000   =>   CDf =  0.00323    CDp = -0.00323

 MRCHDU: Convergence failed at 101  side 2    Res =  0.4774E-01
 Side 1  free  transition at x/c =  0.5854   53
 Side 2  free  transition at x/c =  0.0292   17

 131   rms: 0.6052E+00   max: 0.2414E+01   C at   19  2   RLX: 0.230
       a =  1.000      CL =  0.3908
      Cm = -0.0817     CD =*********   =>   CDf =  0.00323    CDp =*********

 MRCHDU: Convergence failed at 102  side 2    Res =  0.1061E+00
 MRCHDU: Convergence failed at 103  side 2    Res =  0.3654E-01
 Side 1  free  transition at x/c =  0.5925   53
 Side 2  free  transition at x/c =  0.0280   18

 132   rms: 0.6681E+00   max: 0.6645E+01   T at   19  2   RLX: 0.182
       a =  1.000      CL =  0.3591
      Cm = -0.0860     CD =*********   =>   CDf =  0.00318    CDp =*********

 MRCHDU: Convergence failed at 103  side 2    Res =  0.8602E-01
 Side 1  free  transition at x/c =  0.5987   53
 Side 2  free  transition at x/c =  0.0274   17

 133   rms: 0.5056E+00   max: -.1644E+01   D at  103  2   RLX: 0.304
       a =  1.000      CL =  0.2227
      Cm = -0.0508     CD = Infinity   =>   CDf =  0.00317    CDp = Infinity

 Side 1  free  transition at x/c =  0.6035   52
 Side 2  free  transition at x/c =  0.0272   18

 134   rms: 0.6363E+00   max: -.2923E+01   T at   20  2   RLX: 0.171
       a =  1.000      CL =  0.1748
      Cm = -0.0525     CD = Infinity   =>   CDf =  0.00315    CDp = Infinity

 Side 1  free  transition at x/c =  0.6095   53
 Side 2  free  transition at x/c =  0.0260   18

 135   rms: 0.1099E+01   max: -.4916E+01   D at  102  2   RLX: 0.102
       a =  1.000      CL =  0.0856
      Cm = -0.0468     CD = Infinity   =>   CDf =  0.00310    CDp = Infinity

 Side 1  free  transition at x/c =  0.6172   52
 Side 2  free  transition at x/c =  0.0246   19

 136   rms: 0.1791E+01   max: -.9458E+01   D at  103  2   RLX: 0.053
       a =  1.000      CL =  0.0176
      Cm = -0.0422     CD = Infinity   =>   CDf =  0.00310    CDp = Infinity

 Side 1  free  transition at x/c =  0.6219   53
 Side 2  free  transition at x/c =  0.0238   19

 137   rms: 0.2430E+01   max: -.1472E+02   D at  103  2   RLX: 0.034
       a =  1.000      CL = -0.0286
      Cm = -0.0411     CD = Infinity   =>   CDf =  0.00315    CDp = Infinity

 MRCHDU: Convergence failed at 100  side 2    Res =  0.1792E+01
 MRCHDU: Convergence failed at 105  side 2    Res =  0.2035E-01
 Side 1  free  transition at x/c =  0.6295   53
 Side 2  free  transition at x/c =  0.0234   19

 138   rms: 0.1417E+01   max: -.8509E+01   D at  103  2   RLX: 0.059
       a =  1.000      CL = -0.0355
      Cm = -0.0494     CD = Infinity   =>   CDf =  0.00308    CDp = Infinity

 MRCHDU: Convergence failed at 104  side 2    Res =  0.5278E-01
 MRCHDU: Convergence failed at 106  side 2    Res =  0.1047E-02
 Side 1  free  transition at x/c =  0.6335   52
 Side 2  free  transition at x/c =  0.0233   20

 139   rms: 0.3665E+01   max: -.6085E+02   D at    2  2   RLX: 0.008
       a =  1.000      CL = -0.0337
      Cm = -0.0497     CD = Infinity   =>   CDf =  0.00317    CDp = Infinity

 MRCHDU: Convergence failed at 103  side 2    Res =  0.9000E-01
 MRCHDU: Convergence failed at 105  side 2    Res =  0.1484E-02
 Side 1  free  transition at x/c =  0.6336   53
 Side 2  free  transition at x/c =  0.0233   19

 140   rms: 0.2158E+01   max: -.3186E+02   D at    2  1   RLX: 0.016
       a =  1.000      CL = -0.0244
      Cm = -0.0527     CD = Infinity   =>   CDf =  0.00315    CDp = Infinity

 MRCHDU: Convergence failed at 103  side 2    Res =  0.1546E+00
 MRCHDU: Convergence failed at 105  side 2    Res =  0.2297E+00
 MRCHDU: Convergence failed at 106  side 2    Res =  0.2225E+00
 Side 1  free  transition at x/c =  0.6338   53
 Side 2  free  transition at x/c =  0.0233   19

 141   rms: 0.2068E+01   max: -.1195E+02   D at  101  2   RLX: 0.042
       a =  1.000      CL = -0.0091
      Cm = -0.0641     CD =  0.00000   =>   CDf =  0.00313    CDp = -0.00313

 Side 1  free  transition at x/c =  0.6367   52
 Side 2  free  transition at x/c =  0.0233   20

 142   rms: 0.1319E+01   max: -.1362E+02   T at    2  2   RLX: 0.037
       a =  1.000      CL =  0.0179
      Cm = -0.0691     CD =  0.00000   =>   CDf =  0.00336    CDp = -0.00336

 Side 1  free  transition at x/c =  0.6362   53
 Side 2  free  transition at x/c =  0.0234   19

 143   rms: 0.1025E+01   max: -.7527E+01   D at    2  1   RLX: 0.066
       a =  1.000      CL =  0.0685
      Cm = -0.0769     CD =  0.00000   =>   CDf =  0.00335    CDp = -0.00335

 MRCHDU: Convergence failed at  86  side 2    Res =  0.5665E-02
 Side 1  free  transition at x/c =  0.6328   53
 Side 2  free  transition at x/c =  0.0236   19

 144   rms: 0.8440E+00   max: -.2871E+01   T at   19  2   RLX: 0.174
       a =  1.000      CL =  0.1787
      Cm = -0.0954     CD =  0.00000   =>   CDf =  0.00332    CDp = -0.00332

 MRCHDU: Convergence failed at  86  side 2    Res =  0.1752E+00
 MRCHDU: Convergence failed at  87  side 2    Res =  0.3369E-01
 Side 1  free  transition at x/c =  0.6253   53
 Side 2  free  transition at x/c =  0.0242   19

 145   rms: 0.6308E+00   max: 0.2119E+01   D at   77  1   RLX: 0.279
       a =  1.000      CL =  0.2254
      Cm = -0.0946     CD =  0.00000   =>   CDf =  0.00332    CDp = -0.00332

 MRCHDU: Convergence failed at  86  side 2    Res =  0.8191E-01
 Side 1  free  transition at x/c =  0.6162   53
 Side 2  free  transition at x/c =  0.0247   18

 146   rms: 0.4897E+00   max: -.1662E+01   D at   74  2   RLX: 0.301
       a =  1.000      CL =  0.2151
      Cm = -0.0785     CD =  0.00000   =>   CDf =  0.00331    CDp = -0.00331

 MRCHDU: Convergence failed at  87  side 2    Res =  0.3999E-01
 Side 1  free  transition at x/c =  0.6076   52
 Side 2  free  transition at x/c =  0.0248   19

 147   rms: 0.4102E+00   max: -.1628E+01   D at   78  2   RLX: 0.307
       a =  1.000      CL =  0.2046
      Cm = -0.0624     CD =  0.00000   =>   CDf =  0.00333    CDp = -0.00333

 Side 1  free  transition at x/c =  0.6034   51
 Side 2  free  transition at x/c =  0.0251   19

 148   rms: 0.3909E+00   max: -.1517E+01   D at   80  2   RLX: 0.330
       a =  1.000      CL =  0.2540
      Cm = -0.0583     CD =  0.00000   =>   CDf =  0.00345    CDp = -0.00345

 Side 1  free  transition at x/c =  0.5975   52
 Side 2  free  transition at x/c =  0.0260   18

 149   rms: 0.4233E+00   max: -.1849E+01   T at   18  2   RLX: 0.270
       a =  1.000      CL =  0.3231
      Cm = -0.0632     CD =  0.00000   =>   CDf =  0.00370    CDp = -0.00370

 Side 1  free  transition at x/c =  0.5924   52
 Side 2  free  transition at x/c =  0.0259   18

 150   rms: 0.4464E+00   max: -.1546E+01   D at  102  2   RLX: 0.323
       a =  1.000      CL =  0.4208
      Cm = -0.0744     CD =  0.00000   =>   CDf =  0.00396    CDp = -0.00396

 Side 1  free  transition at x/c =  0.5872   52
 Side 2  free  transition at x/c =  0.0260   17

 151   rms: 0.1021E+01   max: -.9478E+01   D at  101  2   RLX: 0.053
       a =  1.000      CL =  0.4405
      Cm = -0.0773     CD =  0.00000   =>   CDf =  0.00439    CDp = -0.00439

 Side 1  free  transition at x/c =  0.5869   52
 Side 2  free  transition at x/c =  0.0261   17

 152   rms: 0.5512E+00   max: -.3456E+01   D at  100  2   RLX: 0.145
       a =  1.000      CL =  0.4899
      Cm = -0.0846     CD =  0.00785   =>   CDf =  0.00448    CDp =  0.00337

 MRCHDU: Convergence failed at 100  side 2    Res =  0.4727E+00
 Side 1  free  transition at x/c =  0.5836   52
 Side 2  free  transition at x/c =  0.0263   17

 153   rms: 0.4004E+00   max: -.1057E+01   C at  105  2   RLX: 0.473
       a =  1.000      CL =  0.6111
      Cm = -0.1013     CD =  0.01670   =>   CDf =  0.00459    CDp =  0.01210

 Side 1  free  transition at x/c =  0.5712   52
 Side 2  free  transition at x/c =  0.0268   16

 154   rms: 0.4344E+00   max: -.7230E+01   C at  104  2   RLX: 0.069
       a =  1.000      CL =  0.6166
      Cm = -0.1034     CD =  0.09124   =>   CDf =  0.00503    CDp =  0.08621

 Side 1  free  transition at x/c =  0.5703   52
 Side 2  free  transition at x/c =  0.0269   16

 155   rms: 0.6314E+00   max: -.1471E+02   C at  104  2   RLX: 0.034
       a =  1.000      CL =  0.6217
      Cm = -0.1042     CD =  0.16000   =>   CDf =  0.00509    CDp =  0.15491

 Side 1  free  transition at x/c =  0.5698   52
 Side 2  free  transition at x/c =  0.0269   16

 156   rms: 0.9511E+00   max: -.2438E+02   C at  104  2   RLX: 0.021
       a =  1.000      CL =  0.6247
      Cm = -0.1046     CD =  0.22337   =>   CDf =  0.00512    CDp =  0.21825

 Side 1  free  transition at x/c =  0.5696   52
 Side 2  free  transition at x/c =  0.0269   16

 157   rms: 0.1359E+01   max: -.3596E+02   C at  104  2   RLX: 0.014
       a =  1.000      CL =  0.6268
      Cm = -0.1049     CD =  0.27886   =>   CDf =  0.00514    CDp =  0.27372

 Side 1  free  transition at x/c =  0.5694   52
 Side 2  free  transition at x/c =  0.0269   16

 158   rms: 0.1842E+01   max: -.4939E+02   C at  104  2   RLX: 0.010
       a =  1.000      CL =  0.6282
      Cm = -0.1051     CD =  0.32671   =>   CDf =  0.00515    CDp =  0.32156

 Side 1  free  transition at x/c =  0.5693   52
 Side 2  free  transition at x/c =  0.0269   16

 159   rms: 0.2397E+01   max: -.6465E+02   C at  104  2   RLX: 0.008
       a =  1.000      CL =  0.6293
      Cm = -0.1052     CD =  0.36789   =>   CDf =  0.00516    CDp =  0.36273

 Side 1  free  transition at x/c =  0.5692   52
 Side 2  free  transition at x/c =  0.0269   16

 160   rms: 0.3018E+01   max: -.8166E+02   C at  104  2   RLX: 0.006
       a =  1.000      CL =  0.6302
      Cm = -0.1053     CD =  0.40346   =>   CDf =  0.00517    CDp =  0.39829

 Side 1  free  transition at x/c =  0.5691   52
 Side 2  free  transition at x/c =  0.0269   16

 161   rms: 0.3708E+01   max: -.1005E+03   C at  104  2   RLX: 0.005
       a =  1.000      CL =  0.6309
      Cm = -0.1054     CD =  0.43437   =>   CDf =  0.00517    CDp =  0.42919

 Side 1  free  transition at x/c =  0.5691   52
 Side 2  free  transition at x/c =  0.0269   16

 162   rms: 0.4463E+01   max: -.1211E+03   C at  104  2   RLX: 0.004
       a =  1.000      CL =  0.6315
      Cm = -0.1055     CD =  0.46141   =>   CDf =  0.00518    CDp =  0.45623

 Side 1  free  transition at x/c =  0.5690   52
 Side 2  free  transition at x/c =  0.0269   16

 163   rms: 0.5285E+01   max: -.1435E+03   C at  104  2   RLX: 0.003
       a =  1.000      CL =  0.6320
      Cm = -0.1056     CD =  0.48522   =>   CDf =  0.00518    CDp =  0.48004

 Side 1  free  transition at x/c =  0.5690   52
 Side 2  free  transition at x/c =  0.0269   16

 164   rms: 0.6173E+01   max: -.1677E+03   C at  104  2   RLX: 0.003
       a =  1.000      CL =  0.6324
      Cm = -0.1056     CD =  0.50634   =>   CDf =  0.00518    CDp =  0.50115

 Side 1  free  transition at x/c =  0.5689   52
 Side 2  free  transition at x/c =  0.0269   16

 165   rms: 0.7126E+01   max: -.1937E+03   C at  104  2   RLX: 0.003
       a =  1.000      CL =  0.6328
      Cm = -0.1057     CD =  0.52515   =>   CDf =  0.00519    CDp =  0.51996

 Side 1  free  transition at x/c =  0.5689   52
 Side 2  free  transition at x/c =  0.0270   16

 166   rms: 0.8144E+01   max: -.2214E+03   C at  104  2   RLX: 0.002
       a =  1.000      CL =  0.6331
      Cm = -0.1057     CD =  0.54205   =>   CDf =  0.00519    CDp =  0.53686

 Side 1  free  transition at x/c =  0.5689   52
 Side 2  free  transition at x/c =  0.0270   16

 167   rms: 0.9225E+01   max: -.2508E+03   C at  104  2   RLX: 0.002
       a =  1.000      CL =  0.6334
      Cm = -0.1058     CD =  0.55728   =>   CDf =  0.00519    CDp =  0.55209

 Side 1  free  transition at x/c =  0.5688   52
 Side 2  free  transition at x/c =  0.0270   16

 168   rms: 0.1037E+02   max: -.2820E+03   C at  104  2   RLX: 0.002
       a =  1.000      CL =  0.6336
      Cm = -0.1058     CD =  0.57108   =>   CDf =  0.00519    CDp =  0.56589

 Side 1  free  transition at x/c =  0.5688   52
 Side 2  free  transition at x/c =  0.0270   16

 169   rms: 0.1158E+02   max: -.3149E+03   C at  104  2   RLX: 0.002
       a =  1.000      CL =  0.6339
      Cm = -0.1058     CD =  0.58365   =>   CDf =  0.00520    CDp =  0.57845

 Side 1  free  transition at x/c =  0.5688   52
 Side 2  free  transition at x/c =  0.0270   16

 170   rms: 0.1285E+02   max: -.3495E+03   C at  104  2   RLX: 0.001
       a =  1.000      CL =  0.6341
      Cm = -0.1059     CD =  0.59513   =>   CDf =  0.00520    CDp =  0.58993

 Side 1  free  transition at x/c =  0.5688   52
 Side 2  free  transition at x/c =  0.0270   16

 171   rms: 0.1419E+02   max: -.3859E+03   C at  104  2   RLX: 0.001
       a =  1.000      CL =  0.6343
      Cm = -0.1059     CD =  0.60567   =>   CDf =  0.00520    CDp =  0.60047

 Side 1  free  transition at x/c =  0.5688   52
 Side 2  free  transition at x/c =  0.0270   16

 172   rms: 0.1559E+02   max: -.4240E+03   C at  104  2   RLX: 0.001
       a =  1.000      CL =  0.6344
      Cm = -0.1059     CD =  0.61536   =>   CDf =  0.00520    CDp =  0.61016

 Side 1  free  transition at x/c =  0.5688   52
 Side 2  free  transition at x/c =  0.0270   16

 173   rms: 0.1705E+02   max: -.4637E+03   C at  104  2   RLX: 0.001
       a =  1.000      CL =  0.6346
      Cm = -0.1059     CD =  0.62432   =>   CDf =  0.00520    CDp =  0.61912

 Side 1  free  transition at x/c =  0.5687   52
 Side 2  free  transition at x/c =  0.0270   16

 174   rms: 0.1858E+02   max: -.5052E+03   C at  104  2   RLX: 0.001
       a =  1.000      CL =  0.6347
      Cm = -0.1060     CD =  0.63262   =>   CDf =  0.00520    CDp =  0.62742

 MRCHDU: Convergence failed at 104  side 2    Res =  0.3778E-01
 Side 1  free  transition at x/c =  0.5687   52
 Side 2  free  transition at x/c =  0.0270   16

 175   rms: 0.2017E+02   max: -.5487E+03   C at  104  2   RLX: 0.001
       a =  1.000      CL =  0.6348
      Cm = -0.1060     CD =  0.64032   =>   CDf =  0.00520    CDp =  0.63512

 MRCHDU: Convergence failed at 104  side 2    Res =  0.8969E-01
 Side 1  free  transition at x/c =  0.5687   52
 Side 2  free  transition at x/c =  0.0270   16

 176   rms: 0.2184E+02   max: -.5940E+03   C at  104  2   RLX: 0.001
       a =  1.000      CL =  0.6349
      Cm = -0.1060     CD =  0.64750   =>   CDf =  0.00520    CDp =  0.64229

 MRCHDU: Convergence failed at 104  side 2    Res =  0.1415E+00
 Side 1  free  transition at x/c =  0.5687   52
 Side 2  free  transition at x/c =  0.0270   16

 177   rms: 0.2884E+00   max: -.9637E+00   D at   28  2   RLX: 0.519
       a =  1.000      CL =  0.7050
      Cm = -0.1157     CD =  0.01168   =>   CDf =  0.00520    CDp =  0.00648

 Side 1  free  transition at x/c =  0.5602   52
 Side 2  free  transition at x/c =  0.0273   16

 178   rms: 0.1726E+00   max: -.6633E+00   D at   27  2   RLX: 0.754
       a =  1.000      CL =  0.7586
      Cm = -0.1239     CD =  0.01091   =>   CDf =  0.00553    CDp =  0.00537

 MRCHDU: Convergence failed at  17  side 2    Res =  0.9148E+01
 MRCHDU: Convergence failed at  18  side 2    Res =  0.7314E+02
 MRCHDU: Convergence failed at  19  side 2    Res =  0.7509E+02
 MRCHDU: Convergence failed at  20  side 2    Res =  0.5524E+02
 MRCHDU: Convergence failed at  21  side 2    Res =  0.2764E+03
 MRCHDU: Convergence failed at  22  side 2    Res =  0.1675E+03
 MRCHDU: Convergence failed at  23  side 2    Res =  0.1339E+04
 MRCHDU: Convergence failed at  24  side 2    Res =  0.2304E+03
 MRCHDU: Convergence failed at  25  side 2    Res =  0.5182E+02
 MRCHDU: Convergence failed at  26  side 2    Res =  0.2716E+03
 MRCHDU: Convergence failed at  27  side 2    Res =  0.1066E+03
 MRCHDU: Convergence failed at  28  side 2    Res =  0.2126E+03
 MRCHDU: Convergence failed at  29  side 2    Res =  0.3274E+03
 MRCHDU: Convergence failed at  30  side 2    Res =  0.7742E+02
 MRCHDU: Convergence failed at  31  side 2    Res =  0.1289E+03
 MRCHDU: Convergence failed at  32  side 2    Res =  0.1315E+03
 MRCHDU: Convergence failed at  33  side 2    Res =  0.1118E+03
 MRCHDU: Convergence failed at  34  side 2    Res =  0.1357E+03
 MRCHDU: Convergence failed at  35  side 2    Res =  0.1349E+03
 MRCHDU: Convergence failed at  36  side 2    Res =  0.1355E+03
 MRCHDU: Convergence failed at  37  side 2    Res =  0.1294E+03
 MRCHDU: Convergence failed at  38  side 2    Res =  0.2650E+03
 MRCHDU: Convergence failed at  39  side 2    Res =  0.2472E+03
 MRCHDU: Convergence failed at  40  side 2    Res =  0.2342E+03
 MRCHDU: Convergence failed at  41  side 2    Res =  0.2189E+03
 MRCHDU: Convergence failed at  42  side 2    Res =  0.2075E+03
 MRCHDU: Convergence failed at  43  side 2    Res =  0.1940E+03
 MRCHDU: Convergence failed at  44  side 2    Res =  0.1826E+03
 MRCHDU: Convergence failed at  45  side 2    Res =  0.1774E+03
 MRCHDU: Convergence failed at  46  side 2    Res =  0.1757E+03
 MRCHDU: Convergence failed at  47  side 2    Res =  0.1740E+03
 MRCHDU: Convergence failed at  48  side 2    Res =  0.1687E+03
 MRCHDU: Convergence failed at  49  side 2    Res =  0.1717E+03
 MRCHDU: Convergence failed at  50  side 2    Res =  0.1734E+03
 MRCHDU: Convergence failed at  51  side 2    Res =  0.1789E+03
 MRCHDU: Convergence failed at  52  side 2    Res =  0.1867E+03
 MRCHDU: Convergence failed at  53  side 2    Res =  0.1934E+03
 MRCHDU: Convergence failed at  54  side 2    Res =  0.1657E+03
 MRCHDU: Convergence failed at  55  side 2    Res =  0.5684E+02
 MRCHDU: Convergence failed at  56  side 2    Res =  0.1747E+03
 MRCHDU: Convergence failed at  57  side 2    Res =  0.1596E+03
 MRCHDU: Convergence failed at  58  side 2    Res =  0.7175E+02
 MRCHDU: Convergence failed at  59  side 2    Res =  0.9387E+02
 MRCHDU: Convergence failed at  60  side 2    Res =  0.6835E+02
 MRCHDU: Convergence failed at  61  side 2    Res =  0.6933E+02
 MRCHDU: Convergence failed at  62  side 2    Res =  0.5273E+02
 MRCHDU: Convergence failed at  63  side 2    Res =  0.9174E+02
 MRCHDU: Convergence failed at  64  side 2    Res =  0.6690E+02
 MRCHDU: Convergence failed at  65  side 2    Res =  0.4858E+02
 MRCHDU: Convergence failed at  66  side 2    Res =  0.1358E+03
 MRCHDU: Convergence failed at  67  side 2    Res =  0.8037E+02
 MRCHDU: Convergence failed at  68  side 2    Res =  0.2628E+03
 MRCHDU: Convergence failed at  69  side 2    Res =  0.1344E+03
 MRCHDU: Convergence failed at  70  side 2    Res =  0.9205E+02
 MRCHDU: Convergence failed at  71  side 2    Res =  0.6619E+02
 MRCHDU: Convergence failed at  72  side 2    Res =  0.4421E+02
 MRCHDU: Convergence failed at  73  side 2    Res =  0.1313E+03
 MRCHDU: Convergence failed at  74  side 2    Res =  0.1178E+03
 MRCHDU: Convergence failed at  75  side 2    Res =  0.7102E+02
 MRCHDU: Convergence failed at  76  side 2    Res =  0.6999E+02
 MRCHDU: Convergence failed at  77  side 2    Res =  0.1148E+03
 MRCHDU: Convergence failed at  78  side 2    Res =  0.9979E+02
 MRCHDU: Convergence failed at  79  side 2    Res =  0.1170E+03
 MRCHDU: Convergence failed at  80  side 2    Res =  0.3790E+04
 Side 1  free  transition at x/c =  0.5549   52
 Side 2  free  transition at x/c =  0.0331   16

 179   rms: 0.2566E+01   max: 0.3943E+02   T at   16  2   RLX: 0.015
       a =  1.000      CL =  0.0526
      Cm =  0.0585     CD =  0.00553   =>   CDf =  0.00318    CDp =  0.00235

 Side 1  free  transition at x/c =  0.5550   52
 Side 2  free  transition at x/c =  0.0326   16

 180   rms: 0.6915E+00   max: 0.8425E+01   T at   17  2   RLX: 0.178
       a =  1.000      CL =  0.3931
      Cm = -0.0530     CD =  0.04171   =>   CDf =  0.00341    CDp =  0.03829

 Side 1  free  transition at x/c =  0.5653   52
 Side 2  free  transition at x/c =  0.0359   18

 181   rms: 0.8551E+00   max: 0.9272E+01   T at   18  2   RLX: 0.162
       a =  1.000      CL =  0.4264
      Cm = -0.0723     CD =  0.03754   =>   CDf =  0.00333    CDp =  0.03421

 Side 1  free  transition at x/c =  0.5714   52
 Side 2  free  transition at x/c =  0.0328   17

 182   rms: 0.6017E+02   max: 0.8121E+03   T at   17  2   RLX: 0.001
       a =  1.000      CL =  0.3392
      Cm = -0.0505     CD =  0.04893   =>   CDf =  0.00334    CDp =  0.04560

 Side 1  free  transition at x/c =  0.5714   52
 Side 2  free  transition at x/c =  0.0320   17

 183   rms: 0.5740E+00   max: 0.3293E+01   T at   18  2   RLX: 0.227
       a =  1.000      CL =  0.3282
      Cm = -0.0536     CD =  0.03575   =>   CDf =  0.00335    CDp =  0.03240

 Side 1  free  transition at x/c =  0.5810   52
 Side 2  free  transition at x/c =  0.0363   19

 184   rms: 0.7722E+00   max: 0.5100E+01   T at   19  2   RLX: 0.210
       a =  1.000      CL =  0.4445
      Cm = -0.0964     CD =  0.02749   =>   CDf =  0.00327    CDp =  0.02422

 MRCHDU: Convergence failed at  19  side 2    Res =  0.2115E+04
 MRCHDU: Convergence failed at  20  side 2    Res =  0.4944E+02
 MRCHDU: Convergence failed at  21  side 2    Res =  0.2668E+03
 MRCHDU: Convergence failed at  22  side 2    Res =  0.2953E+02
 MRCHDU: Convergence failed at  23  side 2    Res =  0.2180E+02
 MRCHDU: Convergence failed at  24  side 2    Res =  0.3030E+02
 MRCHDU: Convergence failed at  25  side 2    Res =  0.1754E+04
 MRCHDU: Convergence failed at  26  side 2    Res =  0.7563E+02
 MRCHDU: Convergence failed at  27  side 2    Res =  0.2406E+02
 MRCHDU: Convergence failed at  28  side 2    Res =  0.3276E+02
 MRCHDU: Convergence failed at  29  side 2    Res =  0.6325E+02
 MRCHDU: Convergence failed at  30  side 2    Res =  0.5191E+03
 MRCHDU: Convergence failed at  31  side 2    Res =  0.9677E+02
 MRCHDU: Convergence failed at  32  side 2    Res =  0.4701E+02
 MRCHDU: Convergence failed at  33  side 2    Res =  0.3974E+02
 MRCHDU: Convergence failed at  34  side 2    Res =  0.4731E+02
 MRCHDU: Convergence failed at  35  side 2    Res =  0.5452E+02
 MRCHDU: Convergence failed at  36  side 2    Res =  0.6605E+02
 MRCHDU: Convergence failed at  37  side 2    Res =  0.7663E+02
 MRCHDU: Convergence failed at  38  side 2    Res =  0.9052E+02
 MRCHDU: Convergence failed at  39  side 2    Res =  0.1365E+03
 MRCHDU: Convergence failed at  40  side 2    Res =  0.1886E+03
 MRCHDU: Convergence failed at  41  side 2    Res =  0.5392E+03
 MRCHDU: Convergence failed at  42  side 2    Res =  0.4930E+04
 MRCHDU: Convergence failed at  43  side 2    Res =  0.4470E+03
 MRCHDU: Convergence failed at  44  side 2    Res =  0.1692E+03
 MRCHDU: Convergence failed at  45  side 2    Res =  0.1089E+03
 MRCHDU: Convergence failed at  46  side 2    Res =  0.7820E+02
 MRCHDU: Convergence failed at  47  side 2    Res =  0.6139E+02
 MRCHDU: Convergence failed at  48  side 2    Res =  0.1620E+03
 MRCHDU: Convergence failed at  49  side 2    Res =  0.1891E+03
 MRCHDU: Convergence failed at  50  side 2    Res =  0.2603E+03
 MRCHDU: Convergence failed at  51  side 2    Res =  0.2633E+02
 MRCHDU: Convergence failed at  52  side 2    Res =  0.2870E+03
 MRCHDU: Convergence failed at  53  side 2    Res =  0.4140E+03
 MRCHDU: Convergence failed at  54  side 2    Res =  0.4448E+03
 MRCHDU: Convergence failed at  55  side 2    Res =  0.4953E+03
 MRCHDU: Convergence failed at  56  side 2    Res =  0.5897E+03
 MRCHDU: Convergence failed at  57  side 2    Res =  0.8137E+03
 MRCHDU: Convergence failed at  58  side 2    Res =  0.6792E+03
 MRCHDU: Convergence failed at  59  side 2    Res =  0.3150E+03
 MRCHDU: Convergence failed at  60  side 2    Res =  0.5309E+03
 MRCHDU: Convergence failed at  61  side 2    Res =  0.3241E+04
 MRCHDU: Convergence failed at  62  side 2    Res =  0.3293E+03
 MRCHDU: Convergence failed at  63  side 2    Res =  0.3507E+03
 MRCHDU: Convergence failed at  64  side 2    Res =  0.5586E+04
 MRCHDU: Convergence failed at  65  side 2    Res =  0.1556E+03
 MRCHDU: Convergence failed at  66  side 2    Res =  0.1380E+03
 MRCHDU: Convergence failed at  67  side 2    Res =  0.1221E+03
 MRCHDU: Convergence failed at  68  side 2    Res =  0.3352E+03
 MRCHDU: Convergence failed at  69  side 2    Res =  0.1783E+03
 MRCHDU: Convergence failed at  70  side 2    Res =  0.5742E+03
 MRCHDU: Convergence failed at  71  side 2    Res =  0.7666E+03
 MRCHDU: Convergence failed at  72  side 2    Res =  0.7719E+02
 MRCHDU: Convergence failed at  73  side 2    Res =  0.6959E+02
 MRCHDU: Convergence failed at  74  side 2    Res =  0.7294E+02
 MRCHDU: Convergence failed at  75  side 2    Res =  0.1043E+03
 MRCHDU: Convergence failed at  76  side 2    Res =  0.2026E+04
 MRCHDU: Convergence failed at  77  side 2    Res =  0.5557E+03
 MRCHDU: Convergence failed at  78  side 2    Res =  0.5000E+03
 MRCHDU: Convergence failed at  79  side 2    Res =  0.2089E+03
 MRCHDU: Convergence failed at  80  side 2    Res =  0.7209E+02
 MRCHDU: Convergence failed at  81  side 2    Res =  0.1005E+03
 MRCHDU: Convergence failed at  82  side 2    Res =  0.7453E+02
 Side 1  free  transition at x/c =  0.5841   52
 Side 2  free  transition at x/c =  0.0327   18

 185   rms: 0.1403E+01   max: 0.2108E+02   T at   18  2   RLX: 0.034
       a =  1.000      CL = -0.7459
      Cm =  0.2483     CD =  0.00496   =>   CDf =  0.00301    CDp =  0.00195

 Side 1  free  transition at x/c =  0.5834   52
 Side 2  free  transition at x/c =  0.0321   18

 186   rms: 0.1066E+01   max: 0.1489E+02   T at   19  2   RLX: 0.064
       a =  1.000      CL = -0.2944
      Cm =  0.1030     CD =  0.04627   =>   CDf =  0.00326    CDp =  0.04301

 Side 1  free  transition at x/c =  0.5886   52
 Side 2  free  transition at x/c =  0.0374   19

 187   rms: 0.1301E+01   max: 0.2481E+02   T at   19  2   RLX: 0.060
       a =  1.000      CL = -0.2556
      Cm =  0.0852     CD =  0.04693   =>   CDf =  0.00327    CDp =  0.04366

 Side 1  free  transition at x/c =  0.5945   53
 Side 2  free  transition at x/c =  0.0342   19

 188   rms: 0.9001E+00   max: 0.6168E+01   T at   19  2   RLX: 0.226
       a =  1.000      CL = -0.1518
      Cm =  0.0418     CD =  0.03640   =>   CDf =  0.00325    CDp =  0.03315

 MRCHDU: Convergence failed at  20  side 2    Res =  0.3712E+02
 MRCHDU: Convergence failed at  21  side 2    Res =  0.2405E+02
 MRCHDU: Convergence failed at  22  side 2    Res =  0.7267E+01
 MRCHDU: Convergence failed at  23  side 2    Res =  0.2714E+02
 Side 1  free  transition at x/c =  0.6034   52
 Side 2  free  transition at x/c =  0.0330   19

 189   rms: 0.7231E+01   max: -.3297E+02   T at   24  2   RLX: 0.015
       a =  1.000      CL = -0.7112
      Cm =  0.1895     CD =  0.07150   =>   CDf =  0.00331    CDp =  0.06819

 Side 1  free  transition at x/c =  0.6025   52
 Side 2  free  transition at x/c =  0.0345   20

 190   rms: 0.1307E+01   max: 0.1756E+02   T at   20  2   RLX: 0.085
       a =  1.000      CL = -0.6774
      Cm =  0.1779     CD =  0.06175   =>   CDf =  0.00334    CDp =  0.05841

 Side 1  free  transition at x/c =  0.6088   53
 Side 2  free  transition at x/c =  0.0331   19

 191   rms: 0.1313E+01   max: 0.8343E+01   T at   20  2   RLX: 0.180
       a =  1.000      CL = -0.5531
      Cm =  0.1338     CD =  0.06117   =>   CDf =  0.00331    CDp =  0.05786

 MRCHDU: Convergence failed at  21  side 2    Res =  0.6920E+02
 MRCHDU: Convergence failed at  22  side 2    Res =  0.3382E+02
 MRCHDU: Convergence failed at  23  side 2    Res =  0.1280E+02
 MRCHDU: Convergence failed at  24  side 2    Res =  0.1451E+02
 MRCHDU: Convergence failed at  25  side 2    Res =  0.3565E+02
 MRCHDU: Convergence failed at  26  side 2    Res =  0.2034E+02
 MRCHDU: Convergence failed at  27  side 2    Res =  0.4235E+04
 MRCHDU: Convergence failed at  28  side 2    Res =  0.1857E+02
 MRCHDU: Convergence failed at  29  side 2    Res =  0.1568E+02
 MRCHDU: Convergence failed at  30  side 2    Res =  0.9301E+02
 MRCHDU: Convergence failed at  31  side 2    Res =  0.4040E+02
 MRCHDU: Convergence failed at  32  side 2    Res =  0.1776E+02
 MRCHDU: Convergence failed at  33  side 2    Res =  0.8532E+01
 MRCHDU: Convergence failed at  34  side 2    Res =  0.1098E+02
 MRCHDU: Convergence failed at  35  side 2    Res =  0.1442E+02
 MRCHDU: Convergence failed at  36  side 2    Res =  0.1969E+02
 MRCHDU: Convergence failed at  37  side 2    Res =  0.2751E+02
 MRCHDU: Convergence failed at  38  side 2    Res =  0.4378E+02
 MRCHDU: Convergence failed at  39  side 2    Res =  0.9734E+02
 MRCHDU: Convergence failed at  40  side 2    Res =  0.2948E+03
 MRCHDU: Convergence failed at  41  side 2    Res =  0.7585E+02
 MRCHDU: Convergence failed at  42  side 2    Res =  0.4370E+02
 MRCHDU: Convergence failed at  43  side 2    Res =  0.3099E+02
 MRCHDU: Convergence failed at  44  side 2    Res =  0.2397E+02
 MRCHDU: Convergence failed at  45  side 2    Res =  0.1943E+02
 MRCHDU: Convergence failed at  46  side 2    Res =  0.1639E+02
 MRCHDU: Convergence failed at  47  side 2    Res =  0.1122E+02
 MRCHDU: Convergence failed at  48  side 2    Res =  0.1238E+02
 MRCHDU: Convergence failed at  49  side 2    Res =  0.1387E+02
 MRCHDU: Convergence failed at  50  side 2    Res =  0.1575E+02
 MRCHDU: Convergence failed at  51  side 2    Res =  0.1847E+02
 MRCHDU: Convergence failed at  52  side 2    Res =  0.2278E+02
 MRCHDU: Convergence failed at  53  side 2    Res =  0.2949E+02
 MRCHDU: Convergence failed at  54  side 2    Res =  0.4269E+02
 MRCHDU: Convergence failed at  55  side 2    Res =  0.8178E+02
 MRCHDU: Convergence failed at  56  side 2    Res =  0.9953E+03
 MRCHDU: Convergence failed at  57  side 2    Res =  0.9345E+02
 MRCHDU: Convergence failed at  58  side 2    Res =  0.4553E+02
 MRCHDU: Convergence failed at  59  side 2    Res =  0.2985E+02
 MRCHDU: Convergence failed at  60  side 2    Res =  0.2165E+02
 MRCHDU: Convergence failed at  61  side 2    Res =  0.1723E+02
 MRCHDU: Convergence failed at  62  side 2    Res =  0.1350E+02
 MRCHDU: Convergence failed at  63  side 2    Res =  0.1459E+02
 MRCHDU: Convergence failed at  64  side 2    Res =  0.1637E+02
 MRCHDU: Convergence failed at  65  side 2    Res =  0.1892E+02
 MRCHDU: Convergence failed at  66  side 2    Res =  0.2381E+02
 MRCHDU: Convergence failed at  67  side 2    Res =  0.3628E+02
 MRCHDU: Convergence failed at  68  side 2    Res =  0.8285E+02
 MRCHDU: Convergence failed at  69  side 2    Res =  0.1719E+03
 MRCHDU: Convergence failed at  70  side 2    Res =  0.3802E+02
 MRCHDU: Convergence failed at  71  side 2    Res =  0.1942E+02
 MRCHDU: Convergence failed at  72  side 2    Res =  0.1193E+02
 MRCHDU: Convergence failed at  73  side 2    Res =  0.1142E+02
 MRCHDU: Convergence failed at  74  side 2    Res =  0.1438E+02
 MRCHDU: Convergence failed at  75  side 2    Res =  0.2178E+02
 MRCHDU: Convergence failed at  76  side 2    Res =  0.1715E+03
 MRCHDU: Convergence failed at  77  side 2    Res =  0.8522E+01
 MRCHDU: Convergence failed at  78  side 2    Res =  0.2399E+01
 MRCHDU: Convergence failed at  79  side 2    Res =  0.6661E+01
 Side 1  free  transition at x/c =  0.6175   52
 Side 2  free  transition at x/c =  0.0331   20

 192   rms: 0.1229E+01   max: 0.6374E+01   T at   20  2   RLX: 0.100
       a =  1.000      CL = -1.6547
      Cm =  0.4419     CD =  0.01387   =>   CDf =  0.00296    CDp =  0.01092

 Side 1  free  transition at x/c =  0.6155   52
 Side 2  free  transition at x/c =  0.0365   21

 193   rms: 0.9802E+00   max: -.1280E+02   T at   21  2   RLX: 0.039
       a =  1.000      CL = -1.2220
      Cm =  0.3119     CD =  0.08607   =>   CDf =  0.00331    CDp =  0.08276

 Side 1  free  transition at x/c =  0.6178   52
 Side 2  free  transition at x/c =  0.0358   21

 194   rms: 0.8190E+00   max: -.2496E+01   C at  105  2   RLX: 0.200
       a =  1.000      CL = -0.9810
      Cm =  0.2487     CD =  0.06876   =>   CDf =  0.00332    CDp =  0.06544

 Side 1  free  transition at x/c =  0.6255   53
 Side 2  free  transition at x/c =  0.0327   20

 195   rms: 0.9712E+00   max: -.1190E+02   T at   21  2   RLX: 0.042
       a =  1.000      CL = -0.9532
      Cm =  0.2431     CD =  0.11597   =>   CDf =  0.00337    CDp =  0.11260

 Side 1  free  transition at x/c =  0.6261   53
 Side 2  free  transition at x/c =  0.0323   20

 196   rms: 0.8766E+00   max: -.4017E+01   T at   21  2   RLX: 0.124
       a =  1.000      CL = -0.7743
      Cm =  0.2009     CD =  0.09807   =>   CDf =  0.00337    CDp =  0.09470

 MRCHDU: Convergence failed at  22  side 2    Res =  0.3110E-01
 Side 1  free  transition at x/c =  0.6276   53
 Side 2  free  transition at x/c =  0.0308   20

 197   rms: 0.9553E+00   max: 0.5176E+01   T at   20  2   RLX: 0.152
       a =  1.000      CL = -0.6368
      Cm =  0.1628     CD =  0.11278   =>   CDf =  0.00339    CDp =  0.10939

 MRCHDU: Convergence failed at  22  side 2    Res =  0.1798E+00
 MRCHDU: Convergence failed at  23  side 2    Res =  0.3559E+00
 MRCHDU: Convergence failed at  24  side 2    Res =  0.1715E+00
 MRCHDU: Convergence failed at  25  side 2    Res =  0.2243E+00
 MRCHDU: Convergence failed at  26  side 2    Res =  0.5999E+00
 MRCHDU: Convergence failed at  27  side 2    Res =  0.5889E+00
 MRCHDU: Convergence failed at  28  side 2    Res =  0.6486E+00
 MRCHDU: Convergence failed at  29  side 2    Res =  0.2459E+00
 MRCHDU: Convergence failed at  30  side 2    Res =  0.1614E+00
 MRCHDU: Convergence failed at  31  side 2    Res =  0.2976E+00
 MRCHDU: Convergence failed at  32  side 2    Res =  0.3472E+00
 MRCHDU: Convergence failed at  33  side 2    Res =  0.4092E+00
 MRCHDU: Convergence failed at  34  side 2    Res =  0.3002E+00
 MRCHDU: Convergence failed at  35  side 2    Res =  0.3134E+00
 MRCHDU: Convergence failed at  36  side 2    Res =  0.1407E+00
 MRCHDU: Convergence failed at  37  side 2    Res =  0.2488E+00
 MRCHDU: Convergence failed at  38  side 2    Res =  0.2220E+00
 MRCHDU: Convergence failed at  39  side 2    Res =  0.1824E+00
 MRCHDU: Convergence failed at  40  side 2    Res =  0.2834E+00
 MRCHDU: Convergence failed at  41  side 2    Res =  0.2774E+00
 MRCHDU: Convergence failed at  42  side 2    Res =  0.2795E+00
 MRCHDU: Convergence failed at  43  side 2    Res =  0.2263E+00
 MRCHDU: Convergence failed at  44  side 2    Res =  0.2476E+00
 MRCHDU: Convergence failed at  45  side 2    Res =  0.2691E+00
 MRCHDU: Convergence failed at  46  side 2    Res =  0.2216E+00
 MRCHDU: Convergence failed at  47  side 2    Res =  0.1511E+00
 MRCHDU: Convergence failed at  48  side 2    Res =  0.1012E+00
 MRCHDU: Convergence failed at  49  side 2    Res =  0.1047E+00
 MRCHDU: Convergence failed at  50  side 2    Res =  0.1035E+00
 MRCHDU: Convergence failed at  51  side 2    Res =  0.1008E+00
 MRCHDU: Convergence failed at  52  side 2    Res =  0.9776E-01
 Side 1  free  transition at x/c =  0.6334   53
 Side 2  free  transition at x/c =  0.0287   20

 198   rms: 0.1287E+01   max: -.3878E+01   T at   99  2   RLX: 0.129
       a =  1.000      CL = -0.5828
      Cm =  0.1584     CD =  0.11686   =>   CDf =  0.00335    CDp =  0.11352

 MRCHDU: Convergence failed at  21  side 2    Res =  0.7956E+01
 MRCHDU: Convergence failed at  22  side 2    Res =  0.9920E-01
 MRCHDU: Convergence failed at  32  side 2    Res =  0.7491E-01
 MRCHDU: Convergence failed at  33  side 2    Res =  0.1613E+00
 MRCHDU: Convergence failed at  34  side 2    Res =  0.1565E+00
 MRCHDU: Convergence failed at  35  side 2    Res =  0.1524E+00
 MRCHDU: Convergence failed at  36  side 2    Res =  0.1496E+00
 MRCHDU: Convergence failed at  37  side 2    Res =  0.1471E+00
 MRCHDU: Convergence failed at  38  side 2    Res =  0.1452E+00
 MRCHDU: Convergence failed at  39  side 2    Res =  0.1432E+00
 MRCHDU: Convergence failed at  40  side 2    Res =  0.1412E+00
 MRCHDU: Convergence failed at  41  side 2    Res =  0.1391E+00
 MRCHDU: Convergence failed at  42  side 2    Res =  0.1370E+00
 MRCHDU: Convergence failed at  43  side 2    Res =  0.1349E+00
 MRCHDU: Convergence failed at  44  side 2    Res =  0.1329E+00
 MRCHDU: Convergence failed at  45  side 2    Res =  0.1309E+00
 MRCHDU: Convergence failed at  46  side 2    Res =  0.1290E+00
 MRCHDU: Convergence failed at  47  side 2    Res =  0.1272E+00
 MRCHDU: Convergence failed at  48  side 2    Res =  0.1251E+00
 MRCHDU: Convergence failed at  49  side 2    Res =  0.1250E+00
 MRCHDU: Convergence failed at  50  side 2    Res =  0.1111E+00
 MRCHDU: Convergence failed at  51  side 2    Res =  0.4015E+00
 MRCHDU: Convergence failed at  52  side 2    Res =  0.3780E+00
 MRCHDU: Convergence failed at  53  side 2    Res =  0.3605E+00
 MRCHDU: Convergence failed at  54  side 2    Res =  0.3459E+00
 MRCHDU: Convergence failed at  55  side 2    Res =  0.3331E+00
 MRCHDU: Convergence failed at  56  side 2    Res =  0.3220E+00
 MRCHDU: Convergence failed at  57  side 2    Res =  0.3123E+00
 MRCHDU: Convergence failed at  58  side 2    Res =  0.3039E+00
 MRCHDU: Convergence failed at  59  side 2    Res =  0.2966E+00
 MRCHDU: Convergence failed at  60  side 2    Res =  0.2901E+00
 MRCHDU: Convergence failed at  61  side 2    Res =  0.2843E+00
 MRCHDU: Convergence failed at  62  side 2    Res =  0.2792E+00
 MRCHDU: Convergence failed at  63  side 2    Res =  0.2745E+00
 MRCHDU: Convergence failed at  64  side 2    Res =  0.2703E+00
 MRCHDU: Convergence failed at  65  side 2    Res =  0.2654E+00
 MRCHDU: Convergence failed at  66  side 2    Res =  0.2591E+00
 MRCHDU: Convergence failed at  67  side 2    Res =  0.2534E+00
 MRCHDU: Convergence failed at  68  side 2    Res =  0.2485E+00
 MRCHDU: Convergence failed at  69  side 2    Res =  0.2445E+00
 MRCHDU: Convergence failed at  70  side 2    Res =  0.2383E+00
 MRCHDU: Convergence failed at  71  side 2    Res =  0.2308E+00
 MRCHDU: Convergence failed at  72  side 2    Res =  0.2236E+00
 MRCHDU: Convergence failed at  73  side 2    Res =  0.2175E+00
 MRCHDU: Convergence failed at  74  side 2    Res =  0.2127E+00
 MRCHDU: Convergence failed at  75  side 2    Res =  0.2099E+00
 MRCHDU: Convergence failed at  76  side 2    Res =  0.2099E+00
 MRCHDU: Convergence failed at  77  side 2    Res =  0.2104E+00
 MRCHDU: Convergence failed at  78  side 2    Res =  0.2061E+00
 MRCHDU: Convergence failed at  79  side 2    Res =  0.2666E+00
 MRCHDU: Convergence failed at  80  side 2    Res =  0.1550E+00
 MRCHDU: Convergence failed at  81  side 2    Res =  0.1303E+00
 MRCHDU: Convergence failed at  82  side 2    Res =  0.1099E+00
 MRCHDU: Convergence failed at  83  side 2    Res =  0.8242E-01
 MRCHDU: Convergence failed at 100  side 2    Res =  0.6277E+02
 MRCHDU: Convergence failed at 101  side 2    Res =  0.3516E+01
 MRCHDU: Convergence failed at 102  side 2    Res =  0.2306E+01
 MRCHDU: Convergence failed at 103  side 2    Res =  0.3939E+02
 MRCHDU: Convergence failed at 104  side 2    Res =  0.2439E+01
 MRCHDU: Convergence failed at 105  side 2    Res =  0.3686E+01
 Side 1  free  transition at x/c =  0.6304   54
 Side 2  free  transition at x/c =  0.0290   19

 199   rms: 0.3257E+04   max: 0.1609E+05   C at   83  2   RLX: 0.000
       a =  1.000      CL = -0.6247
      Cm =  0.1828     CD =  0.03901   =>   CDf =  0.00341    CDp =  0.03560

 MRCHDU: Convergence failed at  21  side 2    Res =  0.3099E+00
 MRCHDU: Convergence failed at  22  side 2    Res =  0.2264E+00
 MRCHDU: Convergence failed at  23  side 2    Res =  0.6902E+00
 MRCHDU: Convergence failed at  24  side 2    Res =  0.1101E+01
 MRCHDU: Convergence failed at  25  side 2    Res =  0.1073E+01
 MRCHDU: Convergence failed at  26  side 2    Res =  0.2090E+00
 MRCHDU: Convergence failed at  27  side 2    Res =  0.3245E+00
 MRCHDU: Convergence failed at  28  side 2    Res =  0.1035E+01
 MRCHDU: Convergence failed at  29  side 2    Res =  0.1801E+00
 MRCHDU: Convergence failed at  30  side 2    Res =  0.2559E+00
 MRCHDU: Convergence failed at  31  side 2    Res =  0.2842E+01
 MRCHDU: Convergence failed at  32  side 2    Res =  0.1564E-01
 MRCHDU: Convergence failed at  33  side 2    Res =  0.4129E-01
 MRCHDU: Convergence failed at  34  side 2    Res =  0.1935E-01
 MRCHDU: Convergence failed at  35  side 2    Res =  0.1316E-01
 MRCHDU: Convergence failed at  36  side 2    Res =  0.1013E-01
 MRCHDU: Convergence failed at  37  side 2    Res =  0.8308E-02
 MRCHDU: Convergence failed at  38  side 2    Res =  0.7078E-02
 MRCHDU: Convergence failed at  39  side 2    Res =  0.6178E-02
 MRCHDU: Convergence failed at  40  side 2    Res =  0.5485E-02
 MRCHDU: Convergence failed at  41  side 2    Res =  0.4932E-02
 MRCHDU: Convergence failed at  42  side 2    Res =  0.4481E-02
 MRCHDU: Convergence failed at  43  side 2    Res =  0.4104E-02
 MRCHDU: Convergence failed at  44  side 2    Res =  0.3786E-02
 MRCHDU: Convergence failed at  45  side 2    Res =  0.3515E-02
 MRCHDU: Convergence failed at  46  side 2    Res =  0.3280E-02
 MRCHDU: Convergence failed at  47  side 2    Res =  0.3074E-02
 MRCHDU: Convergence failed at  48  side 2    Res =  0.2892E-02
 MRCHDU: Convergence failed at  49  side 2    Res =  0.2728E-02
 MRCHDU: Convergence failed at  50  side 2    Res =  0.2579E-02
 MRCHDU: Convergence failed at  51  side 2    Res =  0.2441E-02
 MRCHDU: Convergence failed at  52  side 2    Res =  0.2314E-02
 MRCHDU: Convergence failed at  53  side 2    Res =  0.2197E-02
 MRCHDU: Convergence failed at  54  side 2    Res =  0.2090E-02
 MRCHDU: Convergence failed at  55  side 2    Res =  0.1993E-02
 MRCHDU: Convergence failed at  56  side 2    Res =  0.1906E-02
 MRCHDU: Convergence failed at  57  side 2    Res =  0.1828E-02
 MRCHDU: Convergence failed at  58  side 2    Res =  0.1759E-02
 MRCHDU: Convergence failed at  59  side 2    Res =  0.1698E-02
 MRCHDU: Convergence failed at  60  side 2    Res =  0.1643E-02
 MRCHDU: Convergence failed at  61  side 2    Res =  0.1594E-02
 MRCHDU: Convergence failed at  62  side 2    Res =  0.1550E-02
 MRCHDU: Convergence failed at  63  side 2    Res =  0.1509E-02
 MRCHDU: Convergence failed at  64  side 2    Res =  0.1471E-02
 MRCHDU: Convergence failed at  65  side 2    Res =  0.1432E-02
 MRCHDU: Convergence failed at  66  side 2    Res =  0.1386E-02
 MRCHDU: Convergence failed at  67  side 2    Res =  0.1344E-02
 MRCHDU: Convergence failed at  68  side 2    Res =  0.1308E-02
 MRCHDU: Convergence failed at  69  side 2    Res =  0.1278E-02
 MRCHDU: Convergence failed at  70  side 2    Res =  0.1238E-02
 MRCHDU: Convergence failed at  71  side 2    Res =  0.1192E-02
 MRCHDU: Convergence failed at  72  side 2    Res =  0.1149E-02
 MRCHDU: Convergence failed at  73  side 2    Res =  0.1112E-02
 MRCHDU: Convergence failed at  74  side 2    Res =  0.1083E-02
 MRCHDU: Convergence failed at  75  side 2    Res =  0.1064E-02
 MRCHDU: Convergence failed at  76  side 2    Res =  0.1058E-02
 MRCHDU: Convergence failed at  77  side 2    Res =  0.1055E-02
 MRCHDU: Convergence failed at  78  side 2    Res =  0.1029E-02
 MRCHDU: Convergence failed at  79  side 2    Res =  0.9460E-03
 MRCHDU: Convergence failed at  80  side 2    Res =  0.8203E-03
 MRCHDU: Convergence failed at  81  side 2    Res =  0.6967E-03
 MRCHDU: Convergence failed at  82  side 2    Res =  0.5947E-03
 MRCHDU: Convergence failed at  83  side 2    Res =  0.2112E-02
 Side 1  free  transition at x/c =  0.6304   54
 Side 2  free  transition at x/c =  0.0290   19

 200   rms: 0.8636E+01   max: -.1605E+02   U at  106  2   RLX: 0.023
       a =  1.000      CL = -0.6210
      Cm =  0.1805     CD =  0.44834   =>   CDf =  0.00342    CDp =  0.44492

 MRCHDU: Convergence failed at  21  side 2    Res =  0.8907E-01
 MRCHDU: Convergence failed at  23  side 2    Res =  0.2052E-02
 MRCHDU: Convergence failed at  24  side 2    Res =  0.1924E-01
 MRCHDU: Convergence failed at  25  side 2    Res =  0.1253E-01
 MRCHDU: Convergence failed at  26  side 2    Res =  0.9325E-02
 MRCHDU: Convergence failed at  27  side 2    Res =  0.7506E-02
 MRCHDU: Convergence failed at  28  side 2    Res =  0.6304E-02
 MRCHDU: Convergence failed at  29  side 2    Res =  0.5355E-02
 MRCHDU: Convergence failed at  30  side 2    Res =  0.4573E-02
 MRCHDU: Convergence failed at  31  side 2    Res =  0.3954E-02
 MRCHDU: Convergence failed at  32  side 2    Res =  0.3734E-02
 MRCHDU: Convergence failed at  33  side 2    Res =  0.3727E-02
 MRCHDU: Convergence failed at  34  side 2    Res =  0.3509E-02
 MRCHDU: Convergence failed at  35  side 2    Res =  0.3259E-02
 MRCHDU: Convergence failed at  36  side 2    Res =  0.3080E-02
 MRCHDU: Convergence failed at  37  side 2    Res =  0.2932E-02
 MRCHDU: Convergence failed at  38  side 2    Res =  0.2806E-02
 MRCHDU: Convergence failed at  39  side 2    Res =  0.2696E-02
 MRCHDU: Convergence failed at  40  side 2    Res =  0.2601E-02
 MRCHDU: Convergence failed at  41  side 2    Res =  0.2517E-02
 MRCHDU: Convergence failed at  42  side 2    Res =  0.2443E-02
 MRCHDU: Convergence failed at  43  side 2    Res =  0.2381E-02
 MRCHDU: Convergence failed at  44  side 2    Res =  0.2333E-02
 MRCHDU: Convergence failed at  45  side 2    Res =  0.2298E-02
 MRCHDU: Convergence failed at  46  side 2    Res =  0.2273E-02
 MRCHDU: Convergence failed at  47  side 2    Res =  0.2254E-02
 MRCHDU: Convergence failed at  48  side 2    Res =  0.2240E-02
 MRCHDU: Convergence failed at  49  side 2    Res =  0.2234E-02
 MRCHDU: Convergence failed at  50  side 2    Res =  0.2235E-02
 MRCHDU: Convergence failed at  51  side 2    Res =  0.2241E-02
 MRCHDU: Convergence failed at  52  side 2    Res =  0.2253E-02
 MRCHDU: Convergence failed at  53  side 2    Res =  0.2274E-02
 MRCHDU: Convergence failed at  54  side 2    Res =  0.2296E-02
 MRCHDU: Convergence failed at  55  side 2    Res =  0.2313E-02
 MRCHDU: Convergence failed at  56  side 2    Res =  0.2334E-02
 MRCHDU: Convergence failed at  57  side 2    Res =  0.2365E-02
 MRCHDU: Convergence failed at  58  side 2    Res =  0.2409E-02
 MRCHDU: Convergence failed at  59  side 2    Res =  0.2466E-02
 MRCHDU: Convergence failed at  60  side 2    Res =  0.2533E-02
 MRCHDU: Convergence failed at  61  side 2    Res =  0.2608E-02
 MRCHDU: Convergence failed at  62  side 2    Res =  0.2689E-02
 MRCHDU: Convergence failed at  63  side 2    Res =  0.2780E-02
 MRCHDU: Convergence failed at  64  side 2    Res =  0.2890E-02
 MRCHDU: Convergence failed at  65  side 2    Res =  0.3016E-02
 MRCHDU: Convergence failed at  66  side 2    Res =  0.3139E-02
 MRCHDU: Convergence failed at  67  side 2    Res =  0.3270E-02
 MRCHDU: Convergence failed at  68  side 2    Res =  0.3400E-02
 MRCHDU: Convergence failed at  69  side 2    Res =  0.3535E-02
 MRCHDU: Convergence failed at  70  side 2    Res =  0.3636E-02
 MRCHDU: Convergence failed at  71  side 2    Res =  0.3710E-02
 MRCHDU: Convergence failed at  72  side 2    Res =  0.3777E-02
 MRCHDU: Convergence failed at  73  side 2    Res =  0.3846E-02
 MRCHDU: Convergence failed at  74  side 2    Res =  0.3925E-02
 MRCHDU: Convergence failed at  75  side 2    Res =  0.4027E-02
 MRCHDU: Convergence failed at  76  side 2    Res =  0.4179E-02
 MRCHDU: Convergence failed at  77  side 2    Res =  0.4345E-02
 MRCHDU: Convergence failed at  78  side 2    Res =  0.4396E-02
 MRCHDU: Convergence failed at  79  side 2    Res =  0.4159E-02
 MRCHDU: Convergence failed at  80  side 2    Res =  0.3664E-02
 MRCHDU: Convergence failed at  81  side 2    Res =  0.3127E-02
 MRCHDU: Convergence failed at  82  side 2    Res =  0.2657E-02
 MRCHDU: Convergence failed at  97  side 2    Res =  0.3473E-03
 MRCHDU: Convergence failed at  99  side 2    Res =  0.2232E+01
 MRCHDU: Convergence failed at 100  side 2    Res =  0.1914E+01
 MRCHDU: Convergence failed at 101  side 2    Res =  0.2859E+01
 MRCHDU: Convergence failed at 102  side 2    Res =  0.1391E+01
 MRCHDU: Convergence failed at 103  side 2    Res =  0.1648E+01
 MRCHDU: Convergence failed at 104  side 2    Res =  0.2408E+01
 MRCHDU: Convergence failed at 105  side 2    Res =  0.4325E+01
 MRCHDU: Convergence failed at 106  side 2    Res =  0.7804E+01
 Side 1  free  transition at x/c =  0.6211   53
 Side 2  free  transition at x/c =  0.0290   19

 201   rms: 0.1435E+02   max: -.7970E+02   T at  106  2   RLX: 0.006
       a =  1.000      CL = -0.6040
      Cm =  0.1777     CD =  0.48815   =>   CDf =  0.00331    CDp =  0.48484

 MRCHDU: Convergence failed at  21  side 2    Res =  0.9311E-01
 MRCHDU: Convergence failed at  22  side 2    Res =  0.1256E-01
 MRCHDU: Convergence failed at  23  side 2    Res =  0.2416E-01
 MRCHDU: Convergence failed at  24  side 2    Res =  0.1535E-01
 MRCHDU: Convergence failed at  25  side 2    Res =  0.1091E-01
 MRCHDU: Convergence failed at  26  side 2    Res =  0.8454E-02
 MRCHDU: Convergence failed at  27  side 2    Res =  0.6966E-02
 MRCHDU: Convergence failed at  28  side 2    Res =  0.5945E-02
 MRCHDU: Convergence failed at  29  side 2    Res =  0.5112E-02
 MRCHDU: Convergence failed at  30  side 2    Res =  0.4408E-02
 MRCHDU: Convergence failed at  31  side 2    Res =  0.3843E-02
 MRCHDU: Convergence failed at  32  side 2    Res =  0.3655E-02
 MRCHDU: Convergence failed at  33  side 2    Res =  0.3672E-02
 MRCHDU: Convergence failed at  34  side 2    Res =  0.3480E-02
 MRCHDU: Convergence failed at  35  side 2    Res =  0.3254E-02
 MRCHDU: Convergence failed at  36  side 2    Res =  0.3096E-02
 MRCHDU: Convergence failed at  37  side 2    Res =  0.2968E-02
 MRCHDU: Convergence failed at  38  side 2    Res =  0.2860E-02
 MRCHDU: Convergence failed at  39  side 2    Res =  0.2769E-02
 MRCHDU: Convergence failed at  40  side 2    Res =  0.2690E-02
 MRCHDU: Convergence failed at  41  side 2    Res =  0.2621E-02
 MRCHDU: Convergence failed at  42  side 2    Res =  0.2561E-02
 MRCHDU: Convergence failed at  43  side 2    Res =  0.2513E-02
 MRCHDU: Convergence failed at  44  side 2    Res =  0.2479E-02
 MRCHDU: Convergence failed at  45  side 2    Res =  0.2457E-02
 MRCHDU: Convergence failed at  46  side 2    Res =  0.2444E-02
 MRCHDU: Convergence failed at  47  side 2    Res =  0.2435E-02
 MRCHDU: Convergence failed at  48  side 2    Res =  0.2432E-02
 MRCHDU: Convergence failed at  49  side 2    Res =  0.2437E-02
 MRCHDU: Convergence failed at  50  side 2    Res =  0.2449E-02
 MRCHDU: Convergence failed at  51  side 2    Res =  0.2466E-02
 MRCHDU: Convergence failed at  52  side 2    Res =  0.2489E-02
 MRCHDU: Convergence failed at  53  side 2    Res =  0.2521E-02
 MRCHDU: Convergence failed at  54  side 2    Res =  0.2554E-02
 MRCHDU: Convergence failed at  55  side 2    Res =  0.2582E-02
 MRCHDU: Convergence failed at  56  side 2    Res =  0.2611E-02
 MRCHDU: Convergence failed at  57  side 2    Res =  0.2653E-02
 MRCHDU: Convergence failed at  58  side 2    Res =  0.2710E-02
 MRCHDU: Convergence failed at  59  side 2    Res =  0.2779E-02
 MRCHDU: Convergence failed at  60  side 2    Res =  0.2859E-02
 MRCHDU: Convergence failed at  61  side 2    Res =  0.2948E-02
 MRCHDU: Convergence failed at  62  side 2    Res =  0.3042E-02
 MRCHDU: Convergence failed at  63  side 2    Res =  0.3147E-02
 MRCHDU: Convergence failed at  64  side 2    Res =  0.3273E-02
 MRCHDU: Convergence failed at  65  side 2    Res =  0.3417E-02
 MRCHDU: Convergence failed at  66  side 2    Res =  0.3557E-02
 MRCHDU: Convergence failed at  67  side 2    Res =  0.3698E-02
 MRCHDU: Convergence failed at  68  side 2    Res =  0.3832E-02
 MRCHDU: Convergence failed at  69  side 2    Res =  0.3963E-02
 MRCHDU: Convergence failed at  70  side 2    Res =  0.4046E-02
 MRCHDU: Convergence failed at  71  side 2    Res =  0.4089E-02
 MRCHDU: Convergence failed at  72  side 2    Res =  0.4111E-02
 MRCHDU: Convergence failed at  73  side 2    Res =  0.4115E-02
 MRCHDU: Convergence failed at  74  side 2    Res =  0.4097E-02
 MRCHDU: Convergence failed at  75  side 2    Res =  0.4058E-02
 MRCHDU: Convergence failed at  76  side 2    Res =  0.4007E-02
 MRCHDU: Convergence failed at  77  side 2    Res =  0.3894E-02
 MRCHDU: Convergence failed at  78  side 2    Res =  0.3609E-02
 MRCHDU: Convergence failed at  79  side 2    Res =  0.3077E-02
 MRCHDU: Convergence failed at  80  side 2    Res =  0.2424E-02
 MRCHDU: Convergence failed at  81  side 2    Res =  0.1851E-02
 MRCHDU: Convergence failed at  82  side 2    Res =  0.1415E-02
 Side 1  free  transition at x/c =  0.6211   53
 Side 2  free  transition at x/c =  0.0290   19

 202   rms: 0.1466E+02   max: -.7288E+02   T at  106  2   RLX: 0.007
       a =  1.000      CL = -0.5912
      Cm =  0.1749     CD =  0.47296   =>   CDf =  0.00332    CDp =  0.46964

 MRCHDU: Convergence failed at  21  side 2    Res =  0.7803E+00
 MRCHDU: Convergence failed at  22  side 2    Res =  0.7077E-01
 MRCHDU: Convergence failed at  23  side 2    Res =  0.1764E-01
 MRCHDU: Convergence failed at  24  side 2    Res =  0.2290E-01
 MRCHDU: Convergence failed at  25  side 2    Res =  0.1381E-01
 MRCHDU: Convergence failed at  26  side 2    Res =  0.1001E-01
 MRCHDU: Convergence failed at  27  side 2    Res =  0.7950E-02
 MRCHDU: Convergence failed at  28  side 2    Res =  0.6636E-02
 MRCHDU: Convergence failed at  29  side 2    Res =  0.5625E-02
 MRCHDU: Convergence failed at  30  side 2    Res =  0.4806E-02
 MRCHDU: Convergence failed at  31  side 2    Res =  0.4165E-02
 MRCHDU: Convergence failed at  32  side 2    Res =  0.3945E-02
 MRCHDU: Convergence failed at  33  side 2    Res =  0.3960E-02
 MRCHDU: Convergence failed at  34  side 2    Res =  0.3753E-02
 MRCHDU: Convergence failed at  35  side 2    Res =  0.3512E-02
 MRCHDU: Convergence failed at  36  side 2    Res =  0.3349E-02
 MRCHDU: Convergence failed at  37  side 2    Res =  0.3217E-02
 MRCHDU: Convergence failed at  38  side 2    Res =  0.3110E-02
 MRCHDU: Convergence failed at  39  side 2    Res =  0.3020E-02
 MRCHDU: Convergence failed at  40  side 2    Res =  0.2945E-02
 MRCHDU: Convergence failed at  41  side 2    Res =  0.2882E-02
 MRCHDU: Convergence failed at  42  side 2    Res =  0.2829E-02
 MRCHDU: Convergence failed at  43  side 2    Res =  0.2789E-02
 MRCHDU: Convergence failed at  44  side 2    Res =  0.2762E-02
 MRCHDU: Convergence failed at  45  side 2    Res =  0.2749E-02
 MRCHDU: Convergence failed at  46  side 2    Res =  0.2745E-02
 MRCHDU: Convergence failed at  47  side 2    Res =  0.2747E-02
 MRCHDU: Convergence failed at  48  side 2    Res =  0.2754E-02
 MRCHDU: Convergence failed at  49  side 2    Res =  0.2770E-02
 MRCHDU: Convergence failed at  50  side 2    Res =  0.2793E-02
 MRCHDU: Convergence failed at  51  side 2    Res =  0.2820E-02
 MRCHDU: Convergence failed at  52  side 2    Res =  0.2853E-02
 MRCHDU: Convergence failed at  53  side 2    Res =  0.2897E-02
 MRCHDU: Convergence failed at  54  side 2    Res =  0.2942E-02
 MRCHDU: Convergence failed at  55  side 2    Res =  0.2980E-02
 MRCHDU: Convergence failed at  56  side 2    Res =  0.3020E-02
 MRCHDU: Convergence failed at  57  side 2    Res =  0.3072E-02
 MRCHDU: Convergence failed at  58  side 2    Res =  0.3142E-02
 MRCHDU: Convergence failed at  59  side 2    Res =  0.3225E-02
 MRCHDU: Convergence failed at  60  side 2    Res =  0.3320E-02
 MRCHDU: Convergence failed at  61  side 2    Res =  0.3421E-02
 MRCHDU: Convergence failed at  62  side 2    Res =  0.3528E-02
 MRCHDU: Convergence failed at  63  side 2    Res =  0.3646E-02
 MRCHDU: Convergence failed at  64  side 2    Res =  0.3783E-02
 MRCHDU: Convergence failed at  65  side 2    Res =  0.3937E-02
 MRCHDU: Convergence failed at  66  side 2    Res =  0.4083E-02
 MRCHDU: Convergence failed at  67  side 2    Res =  0.4222E-02
 MRCHDU: Convergence failed at  68  side 2    Res =  0.4340E-02
 MRCHDU: Convergence failed at  69  side 2    Res =  0.4435E-02
 MRCHDU: Convergence failed at  70  side 2    Res =  0.4454E-02
 MRCHDU: Convergence failed at  71  side 2    Res =  0.4404E-02
 MRCHDU: Convergence failed at  72  side 2    Res =  0.4304E-02
 MRCHDU: Convergence failed at  73  side 2    Res =  0.4160E-02
 MRCHDU: Convergence failed at  74  side 2    Res =  0.3969E-02
 MRCHDU: Convergence failed at  75  side 2    Res =  0.3726E-02
 MRCHDU: Convergence failed at  76  side 2    Res =  0.3439E-02
 MRCHDU: Convergence failed at  77  side 2    Res =  0.3081E-02
 MRCHDU: Convergence failed at  78  side 2    Res =  0.2604E-02
 MRCHDU: Convergence failed at  79  side 2    Res =  0.2020E-02
 MRCHDU: Convergence failed at  80  side 2    Res =  0.1460E-02
 MRCHDU: Convergence failed at  81  side 2    Res =  0.1033E-02
 MRCHDU: Convergence failed at  82  side 2    Res =  0.7368E-03
 MRCHDU: Convergence failed at  83  side 2    Res =  0.4934E-02
 MRCHDU: Convergence failed at  85  side 2    Res =  0.4494E-04
 Side 1  free  transition at x/c =  0.6209   53
 Side 2  free  transition at x/c =  0.0290   19

 203   rms: 0.1337E+02   max: -.6704E+02   T at  106  2   RLX: 0.007
       a =  1.000      CL = -0.5799
      Cm =  0.1722     CD =  0.43398   =>   CDf =  0.00332    CDp =  0.43066

 MRCHDU: Convergence failed at  22  side 2    Res =  0.1390E-02
 MRCHDU: Convergence failed at  23  side 2    Res =  0.2570E-01
 MRCHDU: Convergence failed at  24  side 2    Res =  0.1608E-01
 MRCHDU: Convergence failed at  25  side 2    Res =  0.1117E-01
 MRCHDU: Convergence failed at  26  side 2    Res =  0.8649E-02
 MRCHDU: Convergence failed at  27  side 2    Res =  0.7115E-02
 MRCHDU: Convergence failed at  28  side 2    Res =  0.6077E-02
 MRCHDU: Convergence failed at  29  side 2    Res =  0.5238E-02
 MRCHDU: Convergence failed at  30  side 2    Res =  0.4535E-02
 MRCHDU: Convergence failed at  31  side 2    Res =  0.3972E-02
 MRCHDU: Convergence failed at  32  side 2    Res =  0.3797E-02
 MRCHDU: Convergence failed at  33  side 2    Res =  0.3841E-02
 MRCHDU: Convergence failed at  34  side 2    Res =  0.3668E-02
 MRCHDU: Convergence failed at  35  side 2    Res =  0.3459E-02
 MRCHDU: Convergence failed at  36  side 2    Res =  0.3321E-02
 MRCHDU: Convergence failed at  37  side 2    Res =  0.3212E-02
 MRCHDU: Convergence failed at  38  side 2    Res =  0.3127E-02
 MRCHDU: Convergence failed at  39  side 2    Res =  0.3059E-02
 MRCHDU: Convergence failed at  40  side 2    Res =  0.3004E-02
 MRCHDU: Convergence failed at  41  side 2    Res =  0.2960E-02
 MRCHDU: Convergence failed at  42  side 2    Res =  0.2927E-02
 MRCHDU: Convergence failed at  43  side 2    Res =  0.2904E-02
 MRCHDU: Convergence failed at  44  side 2    Res =  0.2896E-02
 MRCHDU: Convergence failed at  45  side 2    Res =  0.2900E-02
 MRCHDU: Convergence failed at  46  side 2    Res =  0.2914E-02
 MRCHDU: Convergence failed at  47  side 2    Res =  0.2934E-02
 MRCHDU: Convergence failed at  48  side 2    Res =  0.2959E-02
 MRCHDU: Convergence failed at  49  side 2    Res =  0.2992E-02
 MRCHDU: Convergence failed at  50  side 2    Res =  0.3032E-02
 MRCHDU: Convergence failed at  51  side 2    Res =  0.3077E-02
 MRCHDU: Convergence failed at  52  side 2    Res =  0.3129E-02
 MRCHDU: Convergence failed at  53  side 2    Res =  0.3193E-02
 MRCHDU: Convergence failed at  54  side 2    Res =  0.3258E-02
 MRCHDU: Convergence failed at  55  side 2    Res =  0.3315E-02
 MRCHDU: Convergence failed at  56  side 2    Res =  0.3372E-02
 MRCHDU: Convergence failed at  57  side 2    Res =  0.3443E-02
 MRCHDU: Convergence failed at  58  side 2    Res =  0.3529E-02
 MRCHDU: Convergence failed at  59  side 2    Res =  0.3631E-02
 MRCHDU: Convergence failed at  60  side 2    Res =  0.3743E-02
 MRCHDU: Convergence failed at  61  side 2    Res =  0.3862E-02
 MRCHDU: Convergence failed at  62  side 2    Res =  0.3983E-02
 MRCHDU: Convergence failed at  63  side 2    Res =  0.4113E-02
 MRCHDU: Convergence failed at  64  side 2    Res =  0.4262E-02
 MRCHDU: Convergence failed at  65  side 2    Res =  0.4431E-02
 MRCHDU: Convergence failed at  66  side 2    Res =  0.4587E-02
 MRCHDU: Convergence failed at  67  side 2    Res =  0.4730E-02
 MRCHDU: Convergence failed at  68  side 2    Res =  0.4833E-02
 MRCHDU: Convergence failed at  69  side 2    Res =  0.4887E-02
 MRCHDU: Convergence failed at  70  side 2    Res =  0.4833E-02
 MRCHDU: Convergence failed at  71  side 2    Res =  0.4683E-02
 MRCHDU: Convergence failed at  72  side 2    Res =  0.4462E-02
 MRCHDU: Convergence failed at  73  side 2    Res =  0.4179E-02
 MRCHDU: Convergence failed at  74  side 2    Res =  0.3840E-02
 MRCHDU: Convergence failed at  75  side 2    Res =  0.3455E-02
 MRCHDU: Convergence failed at  76  side 2    Res =  0.3041E-02
 MRCHDU: Convergence failed at  77  side 2    Res =  0.2584E-02
 MRCHDU: Convergence failed at  78  side 2    Res =  0.2068E-02
 MRCHDU: Convergence failed at  79  side 2    Res =  0.1522E-02
 MRCHDU: Convergence failed at  80  side 2    Res =  0.1046E-02
 MRCHDU: Convergence failed at  81  side 2    Res =  0.7048E-03
 MRCHDU: Convergence failed at  82  side 2    Res =  0.4772E-03
 MRCHDU: Convergence failed at  83  side 2    Res =  0.1216E-02
 Side 1  free  transition at x/c =  0.6207   53
 Side 2  free  transition at x/c =  0.0291   19

 204   rms: 0.1448E+02   max: -.7342E+02   T at  106  2   RLX: 0.007
       a =  1.000      CL = -0.5675
      Cm =  0.1695     CD =  0.52888   =>   CDf =  0.00332    CDp =  0.52556

 MRCHDU: Convergence failed at  22  side 2    Res =  0.1416E-02
 MRCHDU: Convergence failed at  23  side 2    Res =  0.2583E-01
 MRCHDU: Convergence failed at  24  side 2    Res =  0.1612E-01
 MRCHDU: Convergence failed at  25  side 2    Res =  0.1121E-01
 MRCHDU: Convergence failed at  26  side 2    Res =  0.8678E-02
 MRCHDU: Convergence failed at  27  side 2    Res =  0.7144E-02
 MRCHDU: Convergence failed at  28  side 2    Res =  0.6109E-02
 MRCHDU: Convergence failed at  29  side 2    Res =  0.5274E-02
 MRCHDU: Convergence failed at  30  side 2    Res =  0.4575E-02
 MRCHDU: Convergence failed at  31  side 2    Res =  0.4016E-02
 MRCHDU: Convergence failed at  32  side 2    Res =  0.3848E-02
 MRCHDU: Convergence failed at  33  side 2    Res =  0.3905E-02
 MRCHDU: Convergence failed at  34  side 2    Res =  0.3741E-02
 MRCHDU: Convergence failed at  35  side 2    Res =  0.3539E-02
 MRCHDU: Convergence failed at  36  side 2    Res =  0.3410E-02
 MRCHDU: Convergence failed at  37  side 2    Res =  0.3312E-02
 MRCHDU: Convergence failed at  38  side 2    Res =  0.3237E-02
 MRCHDU: Convergence failed at  39  side 2    Res =  0.3180E-02
 MRCHDU: Convergence failed at  40  side 2    Res =  0.3136E-02
 MRCHDU: Convergence failed at  41  side 2    Res =  0.3105E-02
 MRCHDU: Convergence failed at  42  side 2    Res =  0.3083E-02
 MRCHDU: Convergence failed at  43  side 2    Res =  0.3074E-02
 MRCHDU: Convergence failed at  44  side 2    Res =  0.3080E-02
 MRCHDU: Convergence failed at  45  side 2    Res =  0.3100E-02
 MRCHDU: Convergence failed at  46  side 2    Res =  0.3129E-02
 MRCHDU: Convergence failed at  47  side 2    Res =  0.3164E-02
 MRCHDU: Convergence failed at  48  side 2    Res =  0.3203E-02
 MRCHDU: Convergence failed at  49  side 2    Res =  0.3251E-02
 MRCHDU: Convergence failed at  50  side 2    Res =  0.3307E-02
 MRCHDU: Convergence failed at  51  side 2    Res =  0.3368E-02
 MRCHDU: Convergence failed at  52  side 2    Res =  0.3436E-02
 MRCHDU: Convergence failed at  53  side 2    Res =  0.3518E-02
 MRCHDU: Convergence failed at  54  side 2    Res =  0.3601E-02
 MRCHDU: Convergence failed at  55  side 2    Res =  0.3674E-02
 MRCHDU: Convergence failed at  56  side 2    Res =  0.3747E-02
 MRCHDU: Convergence failed at  57  side 2    Res =  0.3833E-02
 MRCHDU: Convergence failed at  58  side 2    Res =  0.3938E-02
 MRCHDU: Convergence failed at  59  side 2    Res =  0.4059E-02
 MRCHDU: Convergence failed at  60  side 2    Res =  0.4191E-02
 MRCHDU: Convergence failed at  61  side 2    Res =  0.4327E-02
 MRCHDU: Convergence failed at  62  side 2    Res =  0.4461E-02
 MRCHDU: Convergence failed at  63  side 2    Res =  0.4599E-02
 MRCHDU: Convergence failed at  64  side 2    Res =  0.4753E-02
 MRCHDU: Convergence failed at  65  side 2    Res =  0.4921E-02
 MRCHDU: Convergence failed at  66  side 2    Res =  0.5063E-02
 MRCHDU: Convergence failed at  67  side 2    Res =  0.5172E-02
 MRCHDU: Convergence failed at  68  side 2    Res =  0.5211E-02
 MRCHDU: Convergence failed at  69  side 2    Res =  0.5168E-02
 MRCHDU: Convergence failed at  70  side 2    Res =  0.4979E-02
 MRCHDU: Convergence failed at  71  side 2    Res =  0.4666E-02
 MRCHDU: Convergence failed at  72  side 2    Res =  0.4268E-02
 MRCHDU: Convergence failed at  73  side 2    Res =  0.3811E-02
 MRCHDU: Convergence failed at  74  side 2    Res =  0.3319E-02
 MRCHDU: Convergence failed at  75  side 2    Res =  0.2820E-02
 MRCHDU: Convergence failed at  76  side 2    Res =  0.2334E-02
 MRCHDU: Convergence failed at  77  side 2    Res =  0.1861E-02
 MRCHDU: Convergence failed at  78  side 2    Res =  0.1394E-02
 MRCHDU: Convergence failed at  79  side 2    Res =  0.9570E-03
 MRCHDU: Convergence failed at  80  side 2    Res =  0.6069E-03
 MRCHDU: Convergence failed at  81  side 2    Res =  0.3685E-03
 MRCHDU: Convergence failed at  82  side 2    Res =  0.2148E-03
 MRCHDU: Convergence failed at  83  side 2    Res =  0.4813E-03
 Side 1  free  transition at x/c =  0.6206   53
 Side 2  free  transition at x/c =  0.0291   19

 205   rms: 0.1564E+02   max: -.1266E+03   T at   82  2   RLX: 0.004
       a =  1.000      CL = -0.5606
      Cm =  0.1679     CD =  1.13923   =>   CDf =  0.00332    CDp =  1.13591
 VISCAL:  Convergence failed
      9.000    4.1524   1.139231   0.001547   0.001606   0.000059    0.6206     #
 Calculating wake trajectory ...
 Calculating source influence matrix ...

 Solving BL system ...

 MRCHDU: Convergence failed at  22  side 2    Res =  0.1427E-02
 MRCHDU: Convergence failed at  23  side 2    Res =  0.2591E-01
 MRCHDU: Convergence failed at  24  side 2    Res =  0.1615E-01
 MRCHDU: Convergence failed at  25  side 2    Res =  0.1122E-01
 MRCHDU: Convergence failed at  26  side 2    Res =  0.8695E-02
 MRCHDU: Convergence failed at  27  side 2    Res =  0.7161E-02
 MRCHDU: Convergence failed at  28  side 2    Res =  0.6126E-02
 MRCHDU: Convergence failed at  29  side 2    Res =  0.5294E-02
 MRCHDU: Convergence failed at  30  side 2    Res =  0.4597E-02
 MRCHDU: Convergence failed at  31  side 2    Res =  0.4040E-02
 MRCHDU: Convergence failed at  32  side 2    Res =  0.3875E-02
 MRCHDU: Convergence failed at  33  side 2    Res =  0.3939E-02
 MRCHDU: Convergence failed at  34  side 2    Res =  0.3781E-02
 MRCHDU: Convergence failed at  35  side 2    Res =  0.3583E-02
 MRCHDU: Convergence failed at  36  side 2    Res =  0.3460E-02
 MRCHDU: Convergence failed at  37  side 2    Res =  0.3367E-02
 MRCHDU: Convergence failed at  38  side 2    Res =  0.3299E-02
 MRCHDU: Convergence failed at  39  side 2    Res =  0.3248E-02
 MRCHDU: Convergence failed at  40  side 2    Res =  0.3210E-02
 MRCHDU: Convergence failed at  41  side 2    Res =  0.3185E-02
 MRCHDU: Convergence failed at  42  side 2    Res =  0.3171E-02
 MRCHDU: Convergence failed at  43  side 2    Res =  0.3169E-02
 MRCHDU: Convergence failed at  44  side 2    Res =  0.3183E-02
 MRCHDU: Convergence failed at  45  side 2    Res =  0.3210E-02
 MRCHDU: Convergence failed at  46  side 2    Res =  0.3248E-02
 MRCHDU: Convergence failed at  47  side 2    Res =  0.3292E-02
 MRCHDU: Convergence failed at  48  side 2    Res =  0.3341E-02
 MRCHDU: Convergence failed at  49  side 2    Res =  0.3398E-02
 MRCHDU: Convergence failed at  50  side 2    Res =  0.3464E-02
 MRCHDU: Convergence failed at  51  side 2    Res =  0.3533E-02
 MRCHDU: Convergence failed at  52  side 2    Res =  0.3611E-02
 MRCHDU: Convergence failed at  53  side 2    Res =  0.3703E-02
 MRCHDU: Convergence failed at  54  side 2    Res =  0.3796E-02
 MRCHDU: Convergence failed at  55  side 2    Res =  0.3878E-02
 MRCHDU: Convergence failed at  56  side 2    Res =  0.3959E-02
 MRCHDU: Convergence failed at  57  side 2    Res =  0.4055E-02
 MRCHDU: Convergence failed at  58  side 2    Res =  0.4169E-02
 MRCHDU: Convergence failed at  59  side 2    Res =  0.4299E-02
 MRCHDU: Convergence failed at  60  side 2    Res =  0.4440E-02
 MRCHDU: Convergence failed at  61  side 2    Res =  0.4581E-02
 MRCHDU: Convergence failed at  62  side 2    Res =  0.4719E-02
 MRCHDU: Convergence failed at  63  side 2    Res =  0.4858E-02
 MRCHDU: Convergence failed at  64  side 2    Res =  0.5009E-02
 MRCHDU: Convergence failed at  65  side 2    Res =  0.5168E-02
 MRCHDU: Convergence failed at  66  side 2    Res =  0.5291E-02
 MRCHDU: Convergence failed at  67  side 2    Res =  0.5366E-02
 MRCHDU: Convergence failed at  68  side 2    Res =  0.5351E-02
 MRCHDU: Convergence failed at  69  side 2    Res =  0.5232E-02
 MRCHDU: Convergence failed at  70  side 2    Res =  0.4947E-02
 MRCHDU: Convergence failed at  71  side 2    Res =  0.4532E-02
 MRCHDU: Convergence failed at  72  side 2    Res =  0.4036E-02
 MRCHDU: Convergence failed at  73  side 2    Res =  0.3499E-02
 MRCHDU: Convergence failed at  74  side 2    Res =  0.2952E-02
 MRCHDU: Convergence failed at  75  side 2    Res =  0.2427E-02
 MRCHDU: Convergence failed at  76  side 2    Res =  0.1942E-02
 MRCHDU: Convergence failed at  77  side 2    Res =  0.1495E-02
 MRCHDU: Convergence failed at  78  side 2    Res =  0.1077E-02
 MRCHDU: Convergence failed at  79  side 2    Res =  0.7012E-03
 MRCHDU: Convergence failed at  80  side 2    Res =  0.4113E-03
 MRCHDU: Convergence failed at  81  side 2    Res =  0.2192E-03
 MRCHDU: Convergence failed at  82  side 2    Res =  0.9901E-04
 MRCHDU: Convergence failed at  83  side 2    Res =  0.2614E-03
 Side 1  free  transition at x/c =  0.6205   53
 Side 2  free  transition at x/c =  0.0291   19

   1   rms: 0.1737E+02   max: -.1992E+03   T at   82  2   RLX: 0.003
       a =  2.000      CL = -0.5565
      Cm =  0.1669     CD =  2.26823   =>   CDf =  0.00332    CDp =  2.26490

 MRCHDU: Convergence failed at  22  side 2    Res =  0.1437E-02
 MRCHDU: Convergence failed at  23  side 2    Res =  0.2596E-01
 MRCHDU: Convergence failed at  24  side 2    Res =  0.1617E-01
 MRCHDU: Convergence failed at  25  side 2    Res =  0.1124E-01
 MRCHDU: Convergence failed at  26  side 2    Res =  0.8706E-02
 MRCHDU: Convergence failed at  27  side 2    Res =  0.7172E-02
 MRCHDU: Convergence failed at  28  side 2    Res =  0.6138E-02
 MRCHDU: Convergence failed at  29  side 2    Res =  0.5307E-02
 MRCHDU: Convergence failed at  30  side 2    Res =  0.4611E-02
 MRCHDU: Convergence failed at  31  side 2    Res =  0.4054E-02
 MRCHDU: Convergence failed at  32  side 2    Res =  0.3892E-02
 MRCHDU: Convergence failed at  33  side 2    Res =  0.3960E-02
 MRCHDU: Convergence failed at  34  side 2    Res =  0.3806E-02
 MRCHDU: Convergence failed at  35  side 2    Res =  0.3611E-02
 MRCHDU: Convergence failed at  36  side 2    Res =  0.3491E-02
 MRCHDU: Convergence failed at  37  side 2    Res =  0.3402E-02
 MRCHDU: Convergence failed at  38  side 2    Res =  0.3337E-02
 MRCHDU: Convergence failed at  39  side 2    Res =  0.3289E-02
 MRCHDU: Convergence failed at  40  side 2    Res =  0.3256E-02
 MRCHDU: Convergence failed at  41  side 2    Res =  0.3235E-02
 MRCHDU: Convergence failed at  42  side 2    Res =  0.3225E-02
 MRCHDU: Convergence failed at  43  side 2    Res =  0.3228E-02
 MRCHDU: Convergence failed at  44  side 2    Res =  0.3246E-02
 MRCHDU: Convergence failed at  45  side 2    Res =  0.3279E-02
 MRCHDU: Convergence failed at  46  side 2    Res =  0.3323E-02
 MRCHDU: Convergence failed at  47  side 2    Res =  0.3372E-02
 MRCHDU: Convergence failed at  48  side 2    Res =  0.3427E-02
 MRCHDU: Convergence failed at  49  side 2    Res =  0.3490E-02
 MRCHDU: Convergence failed at  50  side 2    Res =  0.3561E-02
 MRCHDU: Convergence failed at  51  side 2    Res =  0.3637E-02
 MRCHDU: Convergence failed at  52  side 2    Res =  0.3720E-02
 MRCHDU: Convergence failed at  53  side 2    Res =  0.3818E-02
 MRCHDU: Convergence failed at  54  side 2    Res =  0.3918E-02
 MRCHDU: Convergence failed at  55  side 2    Res =  0.4006E-02
 MRCHDU: Convergence failed at  56  side 2    Res =  0.4092E-02
 MRCHDU: Convergence failed at  57  side 2    Res =  0.4193E-02
 MRCHDU: Convergence failed at  58  side 2    Res =  0.4312E-02
 MRCHDU: Convergence failed at  59  side 2    Res =  0.4448E-02
 MRCHDU: Convergence failed at  60  side 2    Res =  0.4593E-02
 MRCHDU: Convergence failed at  61  side 2    Res =  0.4739E-02
 MRCHDU: Convergence failed at  62  side 2    Res =  0.4878E-02
 MRCHDU: Convergence failed at  63  side 2    Res =  0.5015E-02
 MRCHDU: Convergence failed at  64  side 2    Res =  0.5161E-02
 MRCHDU: Convergence failed at  65  side 2    Res =  0.5311E-02
 MRCHDU: Convergence failed at  66  side 2    Res =  0.5418E-02
 MRCHDU: Convergence failed at  67  side 2    Res =  0.5466E-02
 MRCHDU: Convergence failed at  68  side 2    Res =  0.5409E-02
 MRCHDU: Convergence failed at  69  side 2    Res =  0.5233E-02
 MRCHDU: Convergence failed at  70  side 2    Res =  0.4884E-02
 MRCHDU: Convergence failed at  71  side 2    Res =  0.4403E-02
 MRCHDU: Convergence failed at  72  side 2    Res =  0.3850E-02
 MRCHDU: Convergence failed at  73  side 2    Res =  0.3274E-02
 MRCHDU: Convergence failed at  74  side 2    Res =  0.2710E-02
 MRCHDU: Convergence failed at  75  side 2    Res =  0.2184E-02
 MRCHDU: Convergence failed at  76  side 2    Res =  0.1714E-02
 MRCHDU: Convergence failed at  77  side 2    Res =  0.1291E-02
 MRCHDU: Convergence failed at  78  side 2    Res =  0.9035E-03
 MRCHDU: Convergence failed at  79  side 2    Res =  0.5632E-03
 MRCHDU: Convergence failed at  80  side 2    Res =  0.3063E-03
 MRCHDU: Convergence failed at  81  side 2    Res =  0.1408E-03
 MRCHDU: Convergence failed at  82  side 2    Res =  0.4615E-04
 MRCHDU: Convergence failed at  83  side 2    Res =  0.1503E-03
 Side 1  free  transition at x/c =  0.6205   53
 Side 2  free  transition at x/c =  0.0291   19

   2   rms: 0.1897E+02   max: -.2288E+03   T at   82  2   RLX: 0.002
       a =  2.000      CL = -0.5528
      Cm =  0.1660     CD =  4.84409   =>   CDf =  0.00333    CDp =  4.84076

 MRCHDU: Convergence failed at  22  side 2    Res =  0.1421E-02
 MRCHDU: Convergence failed at  23  side 2    Res =  0.2601E-01
 MRCHDU: Convergence failed at  24  side 2    Res =  0.1618E-01
 MRCHDU: Convergence failed at  25  side 2    Res =  0.1125E-01
 MRCHDU: Convergence failed at  26  side 2    Res =  0.8716E-02
 MRCHDU: Convergence failed at  27  side 2    Res =  0.7182E-02
 MRCHDU: Convergence failed at  28  side 2    Res =  0.6148E-02
 MRCHDU: Convergence failed at  29  side 2    Res =  0.5318E-02
 MRCHDU: Convergence failed at  30  side 2    Res =  0.4622E-02
 MRCHDU: Convergence failed at  31  side 2    Res =  0.4067E-02
 MRCHDU: Convergence failed at  32  side 2    Res =  0.3907E-02
 MRCHDU: Convergence failed at  33  side 2    Res =  0.3979E-02
 MRCHDU: Convergence failed at  34  side 2    Res =  0.3827E-02
 MRCHDU: Convergence failed at  35  side 2    Res =  0.3634E-02
 MRCHDU: Convergence failed at  36  side 2    Res =  0.3517E-02
 MRCHDU: Convergence failed at  37  side 2    Res =  0.3431E-02
 MRCHDU: Convergence failed at  38  side 2    Res =  0.3369E-02
 MRCHDU: Convergence failed at  39  side 2    Res =  0.3325E-02
 MRCHDU: Convergence failed at  40  side 2    Res =  0.3294E-02
 MRCHDU: Convergence failed at  41  side 2    Res =  0.3276E-02
 MRCHDU: Convergence failed at  42  side 2    Res =  0.3270E-02
 MRCHDU: Convergence failed at  43  side 2    Res =  0.3277E-02
 MRCHDU: Convergence failed at  44  side 2    Res =  0.3299E-02
 MRCHDU: Convergence failed at  45  side 2    Res =  0.3337E-02
 MRCHDU: Convergence failed at  46  side 2    Res =  0.3385E-02
 MRCHDU: Convergence failed at  47  side 2    Res =  0.3440E-02
 MRCHDU: Convergence failed at  48  side 2    Res =  0.3499E-02
 MRCHDU: Convergence failed at  49  side 2    Res =  0.3567E-02
 MRCHDU: Convergence failed at  50  side 2    Res =  0.3644E-02
 MRCHDU: Convergence failed at  51  side 2    Res =  0.3724E-02
 MRCHDU: Convergence failed at  52  side 2    Res =  0.3814E-02
 MRCHDU: Convergence failed at  53  side 2    Res =  0.3918E-02
 MRCHDU: Convergence failed at  54  side 2    Res =  0.4024E-02
 MRCHDU: Convergence failed at  55  side 2    Res =  0.4117E-02
 MRCHDU: Convergence failed at  56  side 2    Res =  0.4207E-02
 MRCHDU: Convergence failed at  57  side 2    Res =  0.4312E-02
 MRCHDU: Convergence failed at  58  side 2    Res =  0.4437E-02
 MRCHDU: Convergence failed at  59  side 2    Res =  0.4577E-02
 MRCHDU: Convergence failed at  60  side 2    Res =  0.4727E-02
 MRCHDU: Convergence failed at  61  side 2    Res =  0.4875E-02
 MRCHDU: Convergence failed at  62  side 2    Res =  0.5016E-02
 MRCHDU: Convergence failed at  63  side 2    Res =  0.5150E-02
 MRCHDU: Convergence failed at  64  side 2    Res =  0.5292E-02
 MRCHDU: Convergence failed at  65  side 2    Res =  0.5431E-02
 MRCHDU: Convergence failed at  66  side 2    Res =  0.5519E-02
 MRCHDU: Convergence failed at  67  side 2    Res =  0.5538E-02
 MRCHDU: Convergence failed at  68  side 2    Res =  0.5439E-02
 MRCHDU: Convergence failed at  69  side 2    Res =  0.5210E-02
 MRCHDU: Convergence failed at  70  side 2    Res =  0.4800E-02
 MRCHDU: Convergence failed at  71  side 2    Res =  0.4264E-02
 MRCHDU: Convergence failed at  72  side 2    Res =  0.3668E-02
 MRCHDU: Convergence failed at  73  side 2    Res =  0.3067E-02
 MRCHDU: Convergence failed at  74  side 2    Res =  0.2497E-02
 MRCHDU: Convergence failed at  75  side 2    Res =  0.1980E-02
 MRCHDU: Convergence failed at  76  side 2    Res =  0.1527E-02
 MRCHDU: Convergence failed at  77  side 2    Res =  0.1127E-02
 MRCHDU: Convergence failed at  78  side 2    Res =  0.7652E-03
 MRCHDU: Convergence failed at  79  side 2    Res =  0.4531E-03
 MRCHDU: Convergence failed at  80  side 2    Res =  0.2232E-03
 MRCHDU: Convergence failed at  81  side 2    Res =  0.8341E-04
 MRCHDU: Convergence failed at  82  side 2    Res =  0.2238E-04
 MRCHDU: Convergence failed at  83  side 2    Res =  0.8605E-04
 Side 1  free  transition at x/c =  0.6205   53
 Side 2  free  transition at x/c =  0.0291   19

   3   rms: 0.2127E+02   max: -.2337E+03   T at   81  2   RLX: 0.002
       a =  2.000      CL = -0.5495
      Cm =  0.1653     CD = 16.65642   =>   CDf =  0.00333    CDp = 16.65309

 MRCHDU: Convergence failed at  22  side 2    Res =  0.1381E-02
 MRCHDU: Convergence failed at  23  side 2    Res =  0.2606E-01
 MRCHDU: Convergence failed at  24  side 2    Res =  0.1620E-01
 MRCHDU: Convergence failed at  25  side 2    Res =  0.1126E-01
 MRCHDU: Convergence failed at  26  side 2    Res =  0.8726E-02
 MRCHDU: Convergence failed at  27  side 2    Res =  0.7191E-02
 MRCHDU: Convergence failed at  28  side 2    Res =  0.6158E-02
 MRCHDU: Convergence failed at  29  side 2    Res =  0.5328E-02
 MRCHDU: Convergence failed at  30  side 2    Res =  0.4634E-02
 MRCHDU: Convergence failed at  31  side 2    Res =  0.4079E-02
 MRCHDU: Convergence failed at  32  side 2    Res =  0.3921E-02
 MRCHDU: Convergence failed at  33  side 2    Res =  0.3996E-02
 MRCHDU: Convergence failed at  34  side 2    Res =  0.3847E-02
 MRCHDU: Convergence failed at  35  side 2    Res =  0.3657E-02
 MRCHDU: Convergence failed at  36  side 2    Res =  0.3543E-02
 MRCHDU: Convergence failed at  37  side 2    Res =  0.3459E-02
 MRCHDU: Convergence failed at  38  side 2    Res =  0.3401E-02
 MRCHDU: Convergence failed at  39  side 2    Res =  0.3359E-02
 MRCHDU: Convergence failed at  40  side 2    Res =  0.3331E-02
 MRCHDU: Convergence failed at  41  side 2    Res =  0.3317E-02
 MRCHDU: Convergence failed at  42  side 2    Res =  0.3314E-02
 MRCHDU: Convergence failed at  43  side 2    Res =  0.3325E-02
 MRCHDU: Convergence failed at  44  side 2    Res =  0.3351E-02
 MRCHDU: Convergence failed at  45  side 2    Res =  0.3393E-02
 MRCHDU: Convergence failed at  46  side 2    Res =  0.3447E-02
 MRCHDU: Convergence failed at  47  side 2    Res =  0.3506E-02
 MRCHDU: Convergence failed at  48  side 2    Res =  0.3571E-02
 MRCHDU: Convergence failed at  49  side 2    Res =  0.3644E-02
 MRCHDU: Convergence failed at  50  side 2    Res =  0.3725E-02
 MRCHDU: Convergence failed at  51  side 2    Res =  0.3811E-02
 MRCHDU: Convergence failed at  52  side 2    Res =  0.3906E-02
 MRCHDU: Convergence failed at  53  side 2    Res =  0.4016E-02
 MRCHDU: Convergence failed at  54  side 2    Res =  0.4127E-02
 MRCHDU: Convergence failed at  55  side 2    Res =  0.4225E-02
 MRCHDU: Convergence failed at  56  side 2    Res =  0.4319E-02
 MRCHDU: Convergence failed at  57  side 2    Res =  0.4428E-02
 MRCHDU: Convergence failed at  58  side 2    Res =  0.4555E-02
 MRCHDU: Convergence failed at  59  side 2    Res =  0.4698E-02
 MRCHDU: Convergence failed at  60  side 2    Res =  0.4848E-02
 MRCHDU: Convergence failed at  61  side 2    Res =  0.4996E-02
 MRCHDU: Convergence failed at  62  side 2    Res =  0.5133E-02
 MRCHDU: Convergence failed at  63  side 2    Res =  0.5262E-02
 MRCHDU: Convergence failed at  64  side 2    Res =  0.5395E-02
 MRCHDU: Convergence failed at  65  side 2    Res =  0.5520E-02
 MRCHDU: Convergence failed at  66  side 2    Res =  0.5585E-02
 MRCHDU: Convergence failed at  67  side 2    Res =  0.5568E-02
 MRCHDU: Convergence failed at  68  side 2    Res =  0.5421E-02
 MRCHDU: Convergence failed at  69  side 2    Res =  0.5133E-02
 MRCHDU: Convergence failed at  70  side 2    Res =  0.4662E-02
 MRCHDU: Convergence failed at  71  side 2    Res =  0.4073E-02
 MRCHDU: Convergence failed at  72  side 2    Res =  0.3442E-02
 MRCHDU: Convergence failed at  73  side 2    Res =  0.2827E-02
 MRCHDU: Convergence failed at  74  side 2    Res =  0.2262E-02
 MRCHDU: Convergence failed at  75  side 2    Res =  0.1763E-02
 MRCHDU: Convergence failed at  76  side 2    Res =  0.1334E-02
 MRCHDU: Convergence failed at  77  side 2    Res =  0.9597E-03
 MRCHDU: Convergence failed at  78  side 2    Res =  0.6256E-03
 MRCHDU: Convergence failed at  79  side 2    Res =  0.3425E-03
 MRCHDU: Convergence failed at  80  side 2    Res =  0.1424E-03
 MRCHDU: Convergence failed at  81  side 2    Res =  0.3988E-04
 MRCHDU: Convergence failed at  82  side 2    Res =  0.1505E-04
 MRCHDU: Convergence failed at  83  side 2    Res =  0.5532E-04
 MRCHDU: Convergence failed at  85  side 2    Res =  0.4324E-04
 Side 1  free  transition at x/c =  0.6204   53
 Side 2  free  transition at x/c =  0.0291   19

   4   rms: 0.2381E+02   max: -.2297E+03   T at   81  2   RLX: 0.002
       a =  2.000      CL = -0.5461
      Cm =  0.1646     CD =208.58610   =>   CDf =  0.00333    CDp =208.58278

 MRCHDU: Convergence failed at  22  side 2    Res =  0.1331E-02
 MRCHDU: Convergence failed at  23  side 2    Res =  0.2611E-01
 MRCHDU: Convergence failed at  24  side 2    Res =  0.1622E-01
 MRCHDU: Convergence failed at  25  side 2    Res =  0.1127E-01
 MRCHDU: Convergence failed at  26  side 2    Res =  0.8735E-02
 MRCHDU: Convergence failed at  27  side 2    Res =  0.7200E-02
 MRCHDU: Convergence failed at  28  side 2    Res =  0.6167E-02
 MRCHDU: Convergence failed at  29  side 2    Res =  0.5338E-02
 MRCHDU: Convergence failed at  30  side 2    Res =  0.4645E-02
 MRCHDU: Convergence failed at  31  side 2    Res =  0.4091E-02
 MRCHDU: Convergence failed at  32  side 2    Res =  0.3935E-02
 MRCHDU: Convergence failed at  33  side 2    Res =  0.4013E-02
 MRCHDU: Convergence failed at  34  side 2    Res =  0.3867E-02
 MRCHDU: Convergence failed at  35  side 2    Res =  0.3680E-02
 MRCHDU: Convergence failed at  36  side 2    Res =  0.3567E-02
 MRCHDU: Convergence failed at  37  side 2    Res =  0.3487E-02
 MRCHDU: Convergence failed at  38  side 2    Res =  0.3431E-02
 MRCHDU: Convergence failed at  39  side 2    Res =  0.3393E-02
 MRCHDU: Convergence failed at  40  side 2    Res =  0.3368E-02
 MRCHDU: Convergence failed at  41  side 2    Res =  0.3358E-02
 MRCHDU: Convergence failed at  42  side 2    Res =  0.3359E-02
 MRCHDU: Convergence failed at  43  side 2    Res =  0.3373E-02
 MRCHDU: Convergence failed at  44  side 2    Res =  0.3405E-02
 MRCHDU: Convergence failed at  45  side 2    Res =  0.3451E-02
 MRCHDU: Convergence failed at  46  side 2    Res =  0.3510E-02
 MRCHDU: Convergence failed at  47  side 2    Res =  0.3575E-02
 MRCHDU: Convergence failed at  48  side 2    Res =  0.3644E-02
 MRCHDU: Convergence failed at  49  side 2    Res =  0.3722E-02
 MRCHDU: Convergence failed at  50  side 2    Res =  0.3809E-02
 MRCHDU: Convergence failed at  51  side 2    Res =  0.3900E-02
 MRCHDU: Convergence failed at  52  side 2    Res =  0.4000E-02
 MRCHDU: Convergence failed at  53  side 2    Res =  0.4115E-02
 MRCHDU: Convergence failed at  54  side 2    Res =  0.4232E-02
 MRCHDU: Convergence failed at  55  side 2    Res =  0.4334E-02
 MRCHDU: Convergence failed at  56  side 2    Res =  0.4433E-02
 MRCHDU: Convergence failed at  57  side 2    Res =  0.4546E-02
 MRCHDU: Convergence failed at  58  side 2    Res =  0.4679E-02
 MRCHDU: Convergence failed at  59  side 2    Res =  0.4826E-02
 MRCHDU: Convergence failed at  60  side 2    Res =  0.4979E-02
 MRCHDU: Convergence failed at  61  side 2    Res =  0.5127E-02
 MRCHDU: Convergence failed at  62  side 2    Res =  0.5260E-02
 MRCHDU: Convergence failed at  63  side 2    Res =  0.5382E-02
 MRCHDU: Convergence failed at  64  side 2    Res =  0.5502E-02
 MRCHDU: Convergence failed at  65  side 2    Res =  0.5608E-02
 MRCHDU: Convergence failed at  66  side 2    Res =  0.5643E-02
 MRCHDU: Convergence failed at  67  side 2    Res =  0.5582E-02
 MRCHDU: Convergence failed at  68  side 2    Res =  0.5376E-02
 MRCHDU: Convergence failed at  69  side 2    Res =  0.5019E-02
 MRCHDU: Convergence failed at  70  side 2    Res =  0.4482E-02
 MRCHDU: Convergence failed at  71  side 2    Res =  0.3842E-02
 MRCHDU: Convergence failed at  72  side 2    Res =  0.3184E-02
 MRCHDU: Convergence failed at  73  side 2    Res =  0.2565E-02
 MRCHDU: Convergence failed at  74  side 2    Res =  0.2013E-02
 MRCHDU: Convergence failed at  75  side 2    Res =  0.1538E-02
 MRCHDU: Convergence failed at  76  side 2    Res =  0.1137E-02
 MRCHDU: Convergence failed at  77  side 2    Res =  0.7904E-03
 MRCHDU: Convergence failed at  78  side 2    Res =  0.4841E-03
 MRCHDU: Convergence failed at  79  side 2    Res =  0.2314E-03
 MRCHDU: Convergence failed at  80  side 2    Res =  0.7109E-04
 MRCHDU: Convergence failed at  81  side 2    Res =  0.2107E-04
 MRCHDU: Convergence failed at  82  side 2    Res =  0.1143E-04
 MRCHDU: Convergence failed at  83  side 2    Res =  0.3959E-04
 MRCHDU: Convergence failed at  85  side 2    Res =  0.1788E-03
 Side 1  free  transition at x/c =  0.6203   53
 Side 2  free  transition at x/c =  0.0291   19

   5   rms: 0.2519E+02   max: -.2250E+03   T at   80  2   RLX: 0.002
       a =  2.000      CL = -0.5427
      Cm =  0.1638     CD =*********   =>   CDf =  0.00333    CDp =*********

 MRCHDU: Convergence failed at  22  side 2    Res =  0.1279E-02
 MRCHDU: Convergence failed at  23  side 2    Res =  0.2616E-01
 MRCHDU: Convergence failed at  24  side 2    Res =  0.1623E-01
 MRCHDU: Convergence failed at  25  side 2    Res =  0.1128E-01
 MRCHDU: Convergence failed at  26  side 2    Res =  0.8745E-02
 MRCHDU: Convergence failed at  27  side 2    Res =  0.7208E-02
 MRCHDU: Convergence failed at  28  side 2    Res =  0.6176E-02
 MRCHDU: Convergence failed at  29  side 2    Res =  0.5349E-02
 MRCHDU: Convergence failed at  30  side 2    Res =  0.4656E-02
 MRCHDU: Convergence failed at  31  side 2    Res =  0.4103E-02
 MRCHDU: Convergence failed at  32  side 2    Res =  0.3949E-02
 MRCHDU: Convergence failed at  33  side 2    Res =  0.4030E-02
 MRCHDU: Convergence failed at  34  side 2    Res =  0.3887E-02
 MRCHDU: Convergence failed at  35  side 2    Res =  0.3702E-02
 MRCHDU: Convergence failed at  36  side 2    Res =  0.3592E-02
 MRCHDU: Convergence failed at  37  side 2    Res =  0.3514E-02
 MRCHDU: Convergence failed at  38  side 2    Res =  0.3461E-02
 MRCHDU: Convergence failed at  39  side 2    Res =  0.3426E-02
 MRCHDU: Convergence failed at  40  side 2    Res =  0.3405E-02
 MRCHDU: Convergence failed at  41  side 2    Res =  0.3397E-02
 MRCHDU: Convergence failed at  42  side 2    Res =  0.3402E-02
 MRCHDU: Convergence failed at  43  side 2    Res =  0.3420E-02
 MRCHDU: Convergence failed at  44  side 2    Res =  0.3456E-02
 MRCHDU: Convergence failed at  45  side 2    Res =  0.3508E-02
 MRCHDU: Convergence failed at  46  side 2    Res =  0.3572E-02
 MRCHDU: Convergence failed at  47  side 2    Res =  0.3641E-02
 MRCHDU: Convergence failed at  48  side 2    Res =  0.3716E-02
 MRCHDU: Convergence failed at  49  side 2    Res =  0.3799E-02
 MRCHDU: Convergence failed at  50  side 2    Res =  0.3892E-02
 MRCHDU: Convergence failed at  51  side 2    Res =  0.3989E-02
 MRCHDU: Convergence failed at  52  side 2    Res =  0.4095E-02
 MRCHDU: Convergence failed at  53  side 2    Res =  0.4217E-02
 MRCHDU: Convergence failed at  54  side 2    Res =  0.4339E-02
 MRCHDU: Convergence failed at  55  side 2    Res =  0.4447E-02
 MRCHDU: Convergence failed at  56  side 2    Res =  0.4550E-02
 MRCHDU: Convergence failed at  57  side 2    Res =  0.4668E-02
 MRCHDU: Convergence failed at  58  side 2    Res =  0.4805E-02
 MRCHDU: Convergence failed at  59  side 2    Res =  0.4957E-02
 MRCHDU: Convergence failed at  60  side 2    Res =  0.5113E-02
 MRCHDU: Convergence failed at  61  side 2    Res =  0.5262E-02
 MRCHDU: Convergence failed at  62  side 2    Res =  0.5393E-02
 MRCHDU: Convergence failed at  63  side 2    Res =  0.5507E-02
 MRCHDU: Convergence failed at  64  side 2    Res =  0.5613E-02
 MRCHDU: Convergence failed at  65  side 2    Res =  0.5698E-02
 MRCHDU: Convergence failed at  66  side 2    Res =  0.5698E-02
 MRCHDU: Convergence failed at  67  side 2    Res =  0.5589E-02
 MRCHDU: Convergence failed at  68  side 2    Res =  0.5320E-02
 MRCHDU: Convergence failed at  69  side 2    Res =  0.4893E-02
 MRCHDU: Convergence failed at  70  side 2    Res =  0.4294E-02
 MRCHDU: Convergence failed at  71  side 2    Res =  0.3612E-02
 MRCHDU: Convergence failed at  72  side 2    Res =  0.2938E-02
 MRCHDU: Convergence failed at  73  side 2    Res =  0.2324E-02
 MRCHDU: Convergence failed at  74  side 2    Res =  0.1791E-02
 MRCHDU: Convergence failed at  75  side 2    Res =  0.1341E-02
 MRCHDU: Convergence failed at  76  side 2    Res =  0.9661E-03
 MRCHDU: Convergence failed at  77  side 2    Res =  0.6443E-03
 MRCHDU: Convergence failed at  78  side 2    Res =  0.3619E-03
 MRCHDU: Convergence failed at  79  side 2    Res =  0.1402E-03
 MRCHDU: Convergence failed at  80  side 2    Res =  0.3514E-04
 MRCHDU: Convergence failed at  81  side 2    Res =  0.1573E-04
 MRCHDU: Convergence failed at  82  side 2    Res =  0.7511E-05
 MRCHDU: Convergence failed at  83  side 2    Res =  0.2687E-04
 MRCHDU: Convergence failed at  85  side 2    Res =  0.3350E-03
 Side 1  free  transition at x/c =  0.6202   53
 Side 2  free  transition at x/c =  0.0292   19

   6   rms: 0.3354E+02   max: -.4415E+03   T at  106  2   RLX: 0.001
       a =  2.000      CL = -0.5410
      Cm =  0.1635     CD =*********   =>   CDf =  0.00333    CDp =*********

 MRCHDU: Convergence failed at  22  side 2    Res =  0.1253E-02
 MRCHDU: Convergence failed at  23  side 2    Res =  0.2619E-01
 MRCHDU: Convergence failed at  24  side 2    Res =  0.1624E-01
 MRCHDU: Convergence failed at  25  side 2    Res =  0.1129E-01
 MRCHDU: Convergence failed at  26  side 2    Res =  0.8749E-02
 MRCHDU: Convergence failed at  27  side 2    Res =  0.7213E-02
 MRCHDU: Convergence failed at  28  side 2    Res =  0.6181E-02
 MRCHDU: Convergence failed at  29  side 2    Res =  0.5354E-02
 MRCHDU: Convergence failed at  30  side 2    Res =  0.4662E-02
 MRCHDU: Convergence failed at  31  side 2    Res =  0.4109E-02
 MRCHDU: Convergence failed at  32  side 2    Res =  0.3956E-02
 MRCHDU: Convergence failed at  33  side 2    Res =  0.4039E-02
 MRCHDU: Convergence failed at  34  side 2    Res =  0.3897E-02
 MRCHDU: Convergence failed at  35  side 2    Res =  0.3713E-02
 MRCHDU: Convergence failed at  36  side 2    Res =  0.3604E-02
 MRCHDU: Convergence failed at  37  side 2    Res =  0.3528E-02
 MRCHDU: Convergence failed at  38  side 2    Res =  0.3476E-02
 MRCHDU: Convergence failed at  39  side 2    Res =  0.3443E-02
 MRCHDU: Convergence failed at  40  side 2    Res =  0.3423E-02
 MRCHDU: Convergence failed at  41  side 2    Res =  0.3418E-02
 MRCHDU: Convergence failed at  42  side 2    Res =  0.3424E-02
 MRCHDU: Convergence failed at  43  side 2    Res =  0.3444E-02
 MRCHDU: Convergence failed at  44  side 2    Res =  0.3482E-02
 MRCHDU: Convergence failed at  45  side 2    Res =  0.3536E-02
 MRCHDU: Convergence failed at  46  side 2    Res =  0.3603E-02
 MRCHDU: Convergence failed at  47  side 2    Res =  0.3675E-02
 MRCHDU: Convergence failed at  48  side 2    Res =  0.3752E-02
 MRCHDU: Convergence failed at  49  side 2    Res =  0.3839E-02
 MRCHDU: Convergence failed at  50  side 2    Res =  0.3934E-02
 MRCHDU: Convergence failed at  51  side 2    Res =  0.4033E-02
 MRCHDU: Convergence failed at  52  side 2    Res =  0.4142E-02
 MRCHDU: Convergence failed at  53  side 2    Res =  0.4267E-02
 MRCHDU: Convergence failed at  54  side 2    Res =  0.4393E-02
 MRCHDU: Convergence failed at  55  side 2    Res =  0.4503E-02
 MRCHDU: Convergence failed at  56  side 2    Res =  0.4609E-02
 MRCHDU: Convergence failed at  57  side 2    Res =  0.4729E-02
 MRCHDU: Convergence failed at  58  side 2    Res =  0.4867E-02
 MRCHDU: Convergence failed at  59  side 2    Res =  0.5021E-02
 MRCHDU: Convergence failed at  60  side 2    Res =  0.5178E-02
 MRCHDU: Convergence failed at  61  side 2    Res =  0.5326E-02
 MRCHDU: Convergence failed at  62  side 2    Res =  0.5455E-02
 MRCHDU: Convergence failed at  63  side 2    Res =  0.5563E-02
 MRCHDU: Convergence failed at  64  side 2    Res =  0.5660E-02
 MRCHDU: Convergence failed at  65  side 2    Res =  0.5728E-02
 MRCHDU: Convergence failed at  66  side 2    Res =  0.5705E-02
 MRCHDU: Convergence failed at  67  side 2    Res =  0.5562E-02
 MRCHDU: Convergence failed at  68  side 2    Res =  0.5254E-02
 MRCHDU: Convergence failed at  69  side 2    Res =  0.4786E-02
 MRCHDU: Convergence failed at  70  side 2    Res =  0.4155E-02
 MRCHDU: Convergence failed at  71  side 2    Res =  0.3456E-02
 MRCHDU: Convergence failed at  72  side 2    Res =  0.2780E-02
 MRCHDU: Convergence failed at  73  side 2    Res =  0.2176E-02
 MRCHDU: Convergence failed at  74  side 2    Res =  0.1660E-02
 MRCHDU: Convergence failed at  75  side 2    Res =  0.1229E-02
 MRCHDU: Convergence failed at  76  side 2    Res =  0.8702E-03
 MRCHDU: Convergence failed at  77  side 2    Res =  0.5630E-03
 MRCHDU: Convergence failed at  78  side 2    Res =  0.2956E-03
 MRCHDU: Convergence failed at  79  side 2    Res =  0.1007E-03
 MRCHDU: Convergence failed at  80  side 2    Res =  0.2827E-04
 MRCHDU: Convergence failed at  81  side 2    Res =  0.1326E-04
 MRCHDU: Convergence failed at  82  side 2    Res =  0.6073E-05
 MRCHDU: Convergence failed at  83  side 2    Res =  0.2210E-04
 MRCHDU: Convergence failed at  85  side 2    Res =  0.4186E-03
 Side 1  free  transition at x/c =  0.6201   53
 Side 2  free  transition at x/c =  0.0292   19

   7   rms: 0.3474E+02   max: -.5137E+03   T at  106  2   RLX: 0.001
       a =  2.000      CL = -0.5397
      Cm =  0.1632     CD =*********   =>   CDf =  0.00332    CDp =*********

 MRCHDU: Convergence failed at  22  side 2    Res =  0.1231E-02
 MRCHDU: Convergence failed at  23  side 2    Res =  0.2621E-01
 MRCHDU: Convergence failed at  24  side 2    Res =  0.1624E-01
 MRCHDU: Convergence failed at  25  side 2    Res =  0.1129E-01
 MRCHDU: Convergence failed at  26  side 2    Res =  0.8753E-02
 MRCHDU: Convergence failed at  27  side 2    Res =  0.7216E-02
 MRCHDU: Convergence failed at  28  side 2    Res =  0.6185E-02
 MRCHDU: Convergence failed at  29  side 2    Res =  0.5358E-02
 MRCHDU: Convergence failed at  30  side 2    Res =  0.4666E-02
 MRCHDU: Convergence failed at  31  side 2    Res =  0.4114E-02
 MRCHDU: Convergence failed at  32  side 2    Res =  0.3961E-02
 MRCHDU: Convergence failed at  33  side 2    Res =  0.4046E-02
 MRCHDU: Convergence failed at  34  side 2    Res =  0.3905E-02
 MRCHDU: Convergence failed at  35  side 2    Res =  0.3722E-02
 MRCHDU: Convergence failed at  36  side 2    Res =  0.3615E-02
 MRCHDU: Convergence failed at  37  side 2    Res =  0.3539E-02
 MRCHDU: Convergence failed at  38  side 2    Res =  0.3489E-02
 MRCHDU: Convergence failed at  39  side 2    Res =  0.3457E-02
 MRCHDU: Convergence failed at  40  side 2    Res =  0.3439E-02
 MRCHDU: Convergence failed at  41  side 2    Res =  0.3435E-02
 MRCHDU: Convergence failed at  42  side 2    Res =  0.3443E-02
 MRCHDU: Convergence failed at  43  side 2    Res =  0.3465E-02
 MRCHDU: Convergence failed at  44  side 2    Res =  0.3505E-02
 MRCHDU: Convergence failed at  45  side 2    Res =  0.3561E-02
 MRCHDU: Convergence failed at  46  side 2    Res =  0.3630E-02
 MRCHDU: Convergence failed at  47  side 2    Res =  0.3704E-02
 MRCHDU: Convergence failed at  48  side 2    Res =  0.3784E-02
 MRCHDU: Convergence failed at  49  side 2    Res =  0.3872E-02
 MRCHDU: Convergence failed at  50  side 2    Res =  0.3970E-02
 MRCHDU: Convergence failed at  51  side 2    Res =  0.4071E-02
 MRCHDU: Convergence failed at  52  side 2    Res =  0.4182E-02
 MRCHDU: Convergence failed at  53  side 2    Res =  0.4310E-02
 MRCHDU: Convergence failed at  54  side 2    Res =  0.4438E-02
 MRCHDU: Convergence failed at  55  side 2    Res =  0.4550E-02
 MRCHDU: Convergence failed at  56  side 2    Res =  0.4658E-02
 MRCHDU: Convergence failed at  57  side 2    Res =  0.4779E-02
 MRCHDU: Convergence failed at  58  side 2    Res =  0.4919E-02
 MRCHDU: Convergence failed at  59  side 2    Res =  0.5074E-02
 MRCHDU: Convergence failed at  60  side 2    Res =  0.5231E-02
 MRCHDU: Convergence failed at  61  side 2    Res =  0.5379E-02
 MRCHDU: Convergence failed at  62  side 2    Res =  0.5504E-02
 MRCHDU: Convergence failed at  63  side 2    Res =  0.5606E-02
 MRCHDU: Convergence failed at  64  side 2    Res =  0.5692E-02
 MRCHDU: Convergence failed at  65  side 2    Res =  0.5745E-02
 MRCHDU: Convergence failed at  66  side 2    Res =  0.5697E-02
 MRCHDU: Convergence failed at  67  side 2    Res =  0.5521E-02
 MRCHDU: Convergence failed at  68  side 2    Res =  0.5175E-02
 MRCHDU: Convergence failed at  69  side 2    Res =  0.4671E-02
 MRCHDU: Convergence failed at  70  side 2    Res =  0.4014E-02
 MRCHDU: Convergence failed at  71  side 2    Res =  0.3305E-02
 MRCHDU: Convergence failed at  72  side 2    Res =  0.2632E-02
 MRCHDU: Convergence failed at  73  side 2    Res =  0.2042E-02
 MRCHDU: Convergence failed at  74  side 2    Res =  0.1542E-02
 MRCHDU: Convergence failed at  75  side 2    Res =  0.1128E-02
 MRCHDU: Convergence failed at  76  side 2    Res =  0.7853E-03
 MRCHDU: Convergence failed at  77  side 2    Res =  0.4914E-03
 MRCHDU: Convergence failed at  78  side 2    Res =  0.2391E-03
 MRCHDU: Convergence failed at  79  side 2    Res =  0.7438E-04
 MRCHDU: Convergence failed at  80  side 2    Res =  0.2443E-04
 MRCHDU: Convergence failed at  81  side 2    Res =  0.1120E-04
 MRCHDU: Convergence failed at  82  side 2    Res =  0.5155E-05
 MRCHDU: Convergence failed at  83  side 2    Res =  0.1899E-04
 MRCHDU: Convergence failed at  85  side 2    Res =  0.4871E-03
 Side 1  free  transition at x/c =  0.6200   53
 Side 2  free  transition at x/c =  0.0292   19

   8   rms: 0.3827E+02   max: -.6054E+03   T at  106  2   RLX: 0.001
       a =  2.000      CL = -0.5386
      Cm =  0.1630     CD =*********   =>   CDf =  0.00332    CDp =*********

 MRCHDU: Convergence failed at  22  side 2    Res =  0.1214E-02
 MRCHDU: Convergence failed at  23  side 2    Res =  0.2622E-01
 MRCHDU: Convergence failed at  24  side 2    Res =  0.1625E-01
 MRCHDU: Convergence failed at  25  side 2    Res =  0.1130E-01
 MRCHDU: Convergence failed at  26  side 2    Res =  0.8755E-02
 MRCHDU: Convergence failed at  27  side 2    Res =  0.7219E-02
 MRCHDU: Convergence failed at  28  side 2    Res =  0.6188E-02
 MRCHDU: Convergence failed at  29  side 2    Res =  0.5361E-02
 MRCHDU: Convergence failed at  30  side 2    Res =  0.4670E-02
 MRCHDU: Convergence failed at  31  side 2    Res =  0.4118E-02
 MRCHDU: Convergence failed at  32  side 2    Res =  0.3966E-02
 MRCHDU: Convergence failed at  33  side 2    Res =  0.4052E-02
 MRCHDU: Convergence failed at  34  side 2    Res =  0.3912E-02
 MRCHDU: Convergence failed at  35  side 2    Res =  0.3730E-02
 MRCHDU: Convergence failed at  36  side 2    Res =  0.3624E-02
 MRCHDU: Convergence failed at  37  side 2    Res =  0.3549E-02
 MRCHDU: Convergence failed at  38  side 2    Res =  0.3500E-02
 MRCHDU: Convergence failed at  39  side 2    Res =  0.3469E-02
 MRCHDU: Convergence failed at  40  side 2    Res =  0.3452E-02
 MRCHDU: Convergence failed at  41  side 2    Res =  0.3449E-02
 MRCHDU: Convergence failed at  42  side 2    Res =  0.3458E-02
 MRCHDU: Convergence failed at  43  side 2    Res =  0.3482E-02
 MRCHDU: Convergence failed at  44  side 2    Res =  0.3523E-02
 MRCHDU: Convergence failed at  45  side 2    Res =  0.3581E-02
 MRCHDU: Convergence failed at  46  side 2    Res =  0.3652E-02
 MRCHDU: Convergence failed at  47  side 2    Res =  0.3729E-02
 MRCHDU: Convergence failed at  48  side 2    Res =  0.3810E-02
 MRCHDU: Convergence failed at  49  side 2    Res =  0.3901E-02
 MRCHDU: Convergence failed at  50  side 2    Res =  0.4000E-02
 MRCHDU: Convergence failed at  51  side 2    Res =  0.4104E-02
 MRCHDU: Convergence failed at  52  side 2    Res =  0.4217E-02
 MRCHDU: Convergence failed at  53  side 2    Res =  0.4347E-02
 MRCHDU: Convergence failed at  54  side 2    Res =  0.4477E-02
 MRCHDU: Convergence failed at  55  side 2    Res =  0.4591E-02
 MRCHDU: Convergence failed at  56  side 2    Res =  0.4700E-02
 MRCHDU: Convergence failed at  57  side 2    Res =  0.4822E-02
 MRCHDU: Convergence failed at  58  side 2    Res =  0.4964E-02
 MRCHDU: Convergence failed at  59  side 2    Res =  0.5119E-02
 MRCHDU: Convergence failed at  60  side 2    Res =  0.5276E-02
 MRCHDU: Convergence failed at  61  side 2    Res =  0.5422E-02
 MRCHDU: Convergence failed at  62  side 2    Res =  0.5543E-02
 MRCHDU: Convergence failed at  63  side 2    Res =  0.5639E-02
 MRCHDU: Convergence failed at  64  side 2    Res =  0.5715E-02
 MRCHDU: Convergence failed at  65  side 2    Res =  0.5751E-02
 MRCHDU: Convergence failed at  66  side 2    Res =  0.5679E-02
 MRCHDU: Convergence failed at  67  side 2    Res =  0.5474E-02
 MRCHDU: Convergence failed at  68  side 2    Res =  0.5094E-02
 MRCHDU: Convergence failed at  69  side 2    Res =  0.4560E-02
 MRCHDU: Convergence failed at  70  side 2    Res =  0.3884E-02
 MRCHDU: Convergence failed at  71  side 2    Res =  0.3168E-02
 MRCHDU: Convergence failed at  72  side 2    Res =  0.2502E-02
 MRCHDU: Convergence failed at  73  side 2    Res =  0.1924E-02
 MRCHDU: Convergence failed at  74  side 2    Res =  0.1440E-02
 MRCHDU: Convergence failed at  75  side 2    Res =  0.1041E-02
 MRCHDU: Convergence failed at  76  side 2    Res =  0.7116E-03
 MRCHDU: Convergence failed at  77  side 2    Res =  0.4294E-03
 MRCHDU: Convergence failed at  78  side 2    Res =  0.1925E-03
 MRCHDU: Convergence failed at  79  side 2    Res =  0.5834E-04
 MRCHDU: Convergence failed at  80  side 2    Res =  0.2165E-04
 MRCHDU: Convergence failed at  81  side 2    Res =  0.9543E-05
 MRCHDU: Convergence failed at  83  side 2    Res =  0.1682E-04
 MRCHDU: Convergence failed at  85  side 2    Res =  0.5431E-03
 Side 1  free  transition at x/c =  0.6200   53
 Side 2  free  transition at x/c =  0.0292   19

   9   rms: 0.3943E+02   max: -.5948E+03   T at  106  2   RLX: 0.001
       a =  2.000      CL = -0.5375
      Cm =  0.1628     CD =*********   =>   CDf =  0.00332    CDp =*********

 MRCHDU: Convergence failed at  22  side 2    Res =  0.1196E-02
 MRCHDU: Convergence failed at  23  side 2    Res =  0.2624E-01
 MRCHDU: Convergence failed at  24  side 2    Res =  0.1625E-01
 MRCHDU: Convergence failed at  25  side 2    Res =  0.1130E-01
 MRCHDU: Convergence failed at  26  side 2    Res =  0.8758E-02
 MRCHDU: Convergence failed at  27  side 2    Res =  0.7222E-02
 MRCHDU: Convergence failed at  28  side 2    Res =  0.6191E-02
 MRCHDU: Convergence failed at  29  side 2    Res =  0.5365E-02
 MRCHDU: Convergence failed at  30  side 2    Res =  0.4674E-02
 MRCHDU: Convergence failed at  31  side 2    Res =  0.4122E-02
 MRCHDU: Convergence failed at  32  side 2    Res =  0.3971E-02
 MRCHDU: Convergence failed at  33  side 2    Res =  0.4058E-02
 MRCHDU: Convergence failed at  34  side 2    Res =  0.3920E-02
 MRCHDU: Convergence failed at  35  side 2    Res =  0.3738E-02
 MRCHDU: Convergence failed at  36  side 2    Res =  0.3633E-02
 MRCHDU: Convergence failed at  37  side 2    Res =  0.3559E-02
 MRCHDU: Convergence failed at  38  side 2    Res =  0.3511E-02
 MRCHDU: Convergence failed at  39  side 2    Res =  0.3481E-02
 MRCHDU: Convergence failed at  40  side 2    Res =  0.3466E-02
 MRCHDU: Convergence failed at  41  side 2    Res =  0.3464E-02
 MRCHDU: Convergence failed at  42  side 2    Res =  0.3474E-02
 MRCHDU: Convergence failed at  43  side 2    Res =  0.3499E-02
 MRCHDU: Convergence failed at  44  side 2    Res =  0.3542E-02
 MRCHDU: Convergence failed at  45  side 2    Res =  0.3602E-02
 MRCHDU: Convergence failed at  46  side 2    Res =  0.3675E-02
 MRCHDU: Convergence failed at  47  side 2    Res =  0.3753E-02
 MRCHDU: Convergence failed at  48  side 2    Res =  0.3837E-02
 MRCHDU: Convergence failed at  49  side 2    Res =  0.3929E-02
 MRCHDU: Convergence failed at  50  side 2    Res =  0.4031E-02
 MRCHDU: Convergence failed at  51  side 2    Res =  0.4137E-02
 MRCHDU: Convergence failed at  52  side 2    Res =  0.4252E-02
 MRCHDU: Convergence failed at  53  side 2    Res =  0.4384E-02
 MRCHDU: Convergence failed at  54  side 2    Res =  0.4517E-02
 MRCHDU: Convergence failed at  55  side 2    Res =  0.4632E-02
 MRCHDU: Convergence failed at  56  side 2    Res =  0.4742E-02
 MRCHDU: Convergence failed at  57  side 2    Res =  0.4865E-02
 MRCHDU: Convergence failed at  58  side 2    Res =  0.5008E-02
 MRCHDU: Convergence failed at  59  side 2    Res =  0.5164E-02
 MRCHDU: Convergence failed at  60  side 2    Res =  0.5320E-02
 MRCHDU: Convergence failed at  61  side 2    Res =  0.5464E-02
 MRCHDU: Convergence failed at  62  side 2    Res =  0.5581E-02
 MRCHDU: Convergence failed at  63  side 2    Res =  0.5670E-02
 MRCHDU: Convergence failed at  64  side 2    Res =  0.5734E-02
 MRCHDU: Convergence failed at  65  side 2    Res =  0.5754E-02
 MRCHDU: Convergence failed at  66  side 2    Res =  0.5659E-02
 MRCHDU: Convergence failed at  67  side 2    Res =  0.5423E-02
 MRCHDU: Convergence failed at  68  side 2    Res =  0.5012E-02
 MRCHDU: Convergence failed at  69  side 2    Res =  0.4450E-02
 MRCHDU: Convergence failed at  70  side 2    Res =  0.3757E-02
 MRCHDU: Convergence failed at  71  side 2    Res =  0.3039E-02
 MRCHDU: Convergence failed at  72  side 2    Res =  0.2379E-02
 MRCHDU: Convergence failed at  73  side 2    Res =  0.1814E-02
 MRCHDU: Convergence failed at  74  side 2    Res =  0.1345E-02
 MRCHDU: Convergence failed at  75  side 2    Res =  0.9613E-03
 MRCHDU: Convergence failed at  76  side 2    Res =  0.6439E-03
 MRCHDU: Convergence failed at  77  side 2    Res =  0.3725E-03
 MRCHDU: Convergence failed at  78  side 2    Res =  0.1527E-03
 MRCHDU: Convergence failed at  79  side 2    Res =  0.4774E-04
 MRCHDU: Convergence failed at  80  side 2    Res =  0.1914E-04
 MRCHDU: Convergence failed at  81  side 2    Res =  0.8171E-05
 MRCHDU: Convergence failed at  83  side 2    Res =  0.1482E-04
 MRCHDU: Convergence failed at  85  side 2    Res =  0.5969E-03
 Side 1  free  transition at x/c =  0.6199   53
 Side 2  free  transition at x/c =  0.0292   19

  10   rms: 0.4019E+02   max: -.5196E+03   T at  106  2   RLX: 0.001
       a =  2.000      CL = -0.5362
      Cm =  0.1625     CD =*********   =>   CDf =  0.00332    CDp =*********

 MRCHDU: Convergence failed at  22  side 2    Res =  0.1173E-02
 MRCHDU: Convergence failed at  23  side 2    Res =  0.2626E-01
 MRCHDU: Convergence failed at  24  side 2    Res =  0.1626E-01
 MRCHDU: Convergence failed at  25  side 2    Res =  0.1131E-01
 MRCHDU: Convergence failed at  26  side 2    Res =  0.8762E-02
 MRCHDU: Convergence failed at  27  side 2    Res =  0.7225E-02
 MRCHDU: Convergence failed at  28  side 2    Res =  0.6194E-02
 MRCHDU: Convergence failed at  29  side 2    Res =  0.5369E-02
 MRCHDU: Convergence failed at  30  side 2    Res =  0.4678E-02
 MRCHDU: Convergence failed at  31  side 2    Res =  0.4127E-02
 MRCHDU: Convergence failed at  32  side 2    Res =  0.3977E-02
 MRCHDU: Convergence failed at  33  side 2    Res =  0.4065E-02
 MRCHDU: Convergence failed at  34  side 2    Res =  0.3928E-02
 MRCHDU: Convergence failed at  35  side 2    Res =  0.3747E-02
 MRCHDU: Convergence failed at  36  side 2    Res =  0.3643E-02
 MRCHDU: Convergence failed at  37  side 2    Res =  0.3571E-02
 MRCHDU: Convergence failed at  38  side 2    Res =  0.3524E-02
 MRCHDU: Convergence failed at  39  side 2    Res =  0.3495E-02
 MRCHDU: Convergence failed at  40  side 2    Res =  0.3481E-02
 MRCHDU: Convergence failed at  41  side 2    Res =  0.3481E-02
 MRCHDU: Convergence failed at  42  side 2    Res =  0.3492E-02
 MRCHDU: Convergence failed at  43  side 2    Res =  0.3519E-02
 MRCHDU: Convergence failed at  44  side 2    Res =  0.3564E-02
 MRCHDU: Convergence failed at  45  side 2    Res =  0.3626E-02
 MRCHDU: Convergence failed at  46  side 2    Res =  0.3700E-02
 MRCHDU: Convergence failed at  47  side 2    Res =  0.3781E-02
 MRCHDU: Convergence failed at  48  side 2    Res =  0.3867E-02
 MRCHDU: Convergence failed at  49  side 2    Res =  0.3962E-02
 MRCHDU: Convergence failed at  50  side 2    Res =  0.4066E-02
 MRCHDU: Convergence failed at  51  side 2    Res =  0.4174E-02
 MRCHDU: Convergence failed at  52  side 2    Res =  0.4292E-02
 MRCHDU: Convergence failed at  53  side 2    Res =  0.4426E-02
 MRCHDU: Convergence failed at  54  side 2    Res =  0.4561E-02
 MRCHDU: Convergence failed at  55  side 2    Res =  0.4678E-02
 MRCHDU: Convergence failed at  56  side 2    Res =  0.4789E-02
 MRCHDU: Convergence failed at  57  side 2    Res =  0.4914E-02
 MRCHDU: Convergence failed at  58  side 2    Res =  0.5056E-02
 MRCHDU: Convergence failed at  59  side 2    Res =  0.5211E-02
 MRCHDU: Convergence failed at  60  side 2    Res =  0.5366E-02
 MRCHDU: Convergence failed at  61  side 2    Res =  0.5506E-02
 MRCHDU: Convergence failed at  62  side 2    Res =  0.5617E-02
 MRCHDU: Convergence failed at  63  side 2    Res =  0.5695E-02
 MRCHDU: Convergence failed at  64  side 2    Res =  0.5744E-02
 MRCHDU: Convergence failed at  65  side 2    Res =  0.5741E-02
 MRCHDU: Convergence failed at  66  side 2    Res =  0.5615E-02
 MRCHDU: Convergence failed at  67  side 2    Res =  0.5340E-02
 MRCHDU: Convergence failed at  68  side 2    Res =  0.4890E-02
 MRCHDU: Convergence failed at  69  side 2    Res =  0.4296E-02
 MRCHDU: Convergence failed at  70  side 2    Res =  0.3587E-02
 MRCHDU: Convergence failed at  71  side 2    Res =  0.2870E-02
 MRCHDU: Convergence failed at  72  side 2    Res =  0.2224E-02
 MRCHDU: Convergence failed at  73  side 2    Res =  0.1678E-02
 MRCHDU: Convergence failed at  74  side 2    Res =  0.1229E-02
 MRCHDU: Convergence failed at  75  side 2    Res =  0.8637E-03
 MRCHDU: Convergence failed at  76  side 2    Res =  0.5615E-03
 MRCHDU: Convergence failed at  77  side 2    Res =  0.3040E-03
 MRCHDU: Convergence failed at  78  side 2    Res =  0.1106E-03
 MRCHDU: Convergence failed at  79  side 2    Res =  0.3869E-04
 MRCHDU: Convergence failed at  80  side 2    Res =  0.1621E-04
 MRCHDU: Convergence failed at  81  side 2    Res =  0.6798E-05
 MRCHDU: Convergence failed at  83  side 2    Res =  0.1284E-04
 MRCHDU: Convergence failed at  85  side 2    Res =  0.6568E-03
 Side 1  free  transition at x/c =  0.6198   53
 Side 2  free  transition at x/c =  0.0292   19

  11   rms: 0.5622E+02   max: -.9264E+03   T at  106  2   RLX: 0.001
       a =  2.000      CL = -0.5354
      Cm =  0.1624     CD = Infinity   =>   CDf =  0.00332    CDp = Infinity

 MRCHDU: Convergence failed at  22  side 2    Res =  0.1158E-02
 MRCHDU: Convergence failed at  23  side 2    Res =  0.2627E-01
 MRCHDU: Convergence failed at  24  side 2    Res =  0.1626E-01
 MRCHDU: Convergence failed at  25  side 2    Res =  0.1131E-01
 MRCHDU: Convergence failed at  26  side 2    Res =  0.8764E-02
 MRCHDU: Convergence failed at  27  side 2    Res =  0.7227E-02
 MRCHDU: Convergence failed at  28  side 2    Res =  0.6196E-02
 MRCHDU: Convergence failed at  29  side 2    Res =  0.5371E-02
 MRCHDU: Convergence failed at  30  side 2    Res =  0.4681E-02
 MRCHDU: Convergence failed at  31  side 2    Res =  0.4130E-02
 MRCHDU: Convergence failed at  32  side 2    Res =  0.3980E-02
 MRCHDU: Convergence failed at  33  side 2    Res =  0.4069E-02
 MRCHDU: Convergence failed at  34  side 2    Res =  0.3932E-02
 MRCHDU: Convergence failed at  35  side 2    Res =  0.3753E-02
 MRCHDU: Convergence failed at  36  side 2    Res =  0.3649E-02
 MRCHDU: Convergence failed at  37  side 2    Res =  0.3577E-02
 MRCHDU: Convergence failed at  38  side 2    Res =  0.3531E-02
 MRCHDU: Convergence failed at  39  side 2    Res =  0.3503E-02
 MRCHDU: Convergence failed at  40  side 2    Res =  0.3490E-02
 MRCHDU: Convergence failed at  41  side 2    Res =  0.3490E-02
 MRCHDU: Convergence failed at  42  side 2    Res =  0.3503E-02
 MRCHDU: Convergence failed at  43  side 2    Res =  0.3530E-02
 MRCHDU: Convergence failed at  44  side 2    Res =  0.3576E-02
 MRCHDU: Convergence failed at  45  side 2    Res =  0.3639E-02
 MRCHDU: Convergence failed at  46  side 2    Res =  0.3715E-02
 MRCHDU: Convergence failed at  47  side 2    Res =  0.3797E-02
 MRCHDU: Convergence failed at  48  side 2    Res =  0.3884E-02
 MRCHDU: Convergence failed at  49  side 2    Res =  0.3980E-02
 MRCHDU: Convergence failed at  50  side 2    Res =  0.4086E-02
 MRCHDU: Convergence failed at  51  side 2    Res =  0.4195E-02
 MRCHDU: Convergence failed at  52  side 2    Res =  0.4314E-02
 MRCHDU: Convergence failed at  53  side 2    Res =  0.4450E-02
 MRCHDU: Convergence failed at  54  side 2    Res =  0.4586E-02
 MRCHDU: Convergence failed at  55  side 2    Res =  0.4704E-02
 MRCHDU: Convergence failed at  56  side 2    Res =  0.4816E-02
 MRCHDU: Convergence failed at  57  side 2    Res =  0.4940E-02
 MRCHDU: Convergence failed at  58  side 2    Res =  0.5083E-02
 MRCHDU: Convergence failed at  59  side 2    Res =  0.5238E-02
 MRCHDU: Convergence failed at  60  side 2    Res =  0.5391E-02
 MRCHDU: Convergence failed at  61  side 2    Res =  0.5528E-02
 MRCHDU: Convergence failed at  62  side 2    Res =  0.5633E-02
 MRCHDU: Convergence failed at  63  side 2    Res =  0.5703E-02
 MRCHDU: Convergence failed at  64  side 2    Res =  0.5740E-02
 MRCHDU: Convergence failed at  65  side 2    Res =  0.5719E-02
 MRCHDU: Convergence failed at  66  side 2    Res =  0.5570E-02
 MRCHDU: Convergence failed at  67  side 2    Res =  0.5269E-02
 MRCHDU: Convergence failed at  68  side 2    Res =  0.4793E-02
 MRCHDU: Convergence failed at  69  side 2    Res =  0.4181E-02
 MRCHDU: Convergence failed at  70  side 2    Res =  0.3465E-02
 MRCHDU: Convergence failed at  71  side 2    Res =  0.2753E-02
 MRCHDU: Convergence failed at  72  side 2    Res =  0.2119E-02
 MRCHDU: Convergence failed at  73  side 2    Res =  0.1588E-02
 MRCHDU: Convergence failed at  74  side 2    Res =  0.1154E-02
 MRCHDU: Convergence failed at  75  side 2    Res =  0.8006E-03
 MRCHDU: Convergence failed at  76  side 2    Res =  0.5087E-03
 MRCHDU: Convergence failed at  77  side 2    Res =  0.2617E-03
 MRCHDU: Convergence failed at  78  side 2    Res =  0.9049E-04
 MRCHDU: Convergence failed at  79  side 2    Res =  0.3474E-04
 MRCHDU: Convergence failed at  80  side 2    Res =  0.1438E-04
 MRCHDU: Convergence failed at  81  side 2    Res =  0.6121E-05
 MRCHDU: Convergence failed at  83  side 2    Res =  0.1182E-04
 MRCHDU: Convergence failed at  85  side 2    Res =  0.6907E-03
 MRCHDU: Convergence failed at  87  side 2    Res =  0.7621E-05
 MRCHDU: Convergence failed at 105  side 2    Res =  0.1460E-02
 Side 1  free  transition at x/c =  0.6198   53
 Side 2  free  transition at x/c =  0.0292   19

  12   rms: 0.7439E+02   max: -.1310E+04   T at  106  2   RLX: 0.000
       a =  2.000      CL = -0.5349
      Cm =  0.1623     CD = Infinity   =>   CDf =  0.00332    CDp = Infinity

 MRCHDU: Convergence failed at  22  side 2    Res =  0.1149E-02
 MRCHDU: Convergence failed at  23  side 2    Res =  0.2628E-01
 MRCHDU: Convergence failed at  24  side 2    Res =  0.1627E-01
 MRCHDU: Convergence failed at  25  side 2    Res =  0.1131E-01
 MRCHDU: Convergence failed at  26  side 2    Res =  0.8765E-02
 MRCHDU: Convergence failed at  27  side 2    Res =  0.7228E-02
 MRCHDU: Convergence failed at  28  side 2    Res =  0.6198E-02
 MRCHDU: Convergence failed at  29  side 2    Res =  0.5373E-02
 MRCHDU: Convergence failed at  30  side 2    Res =  0.4683E-02
 MRCHDU: Convergence failed at  31  side 2    Res =  0.4132E-02
 MRCHDU: Convergence failed at  32  side 2    Res =  0.3982E-02
 MRCHDU: Convergence failed at  33  side 2    Res =  0.4072E-02
 MRCHDU: Convergence failed at  34  side 2    Res =  0.3936E-02
 MRCHDU: Convergence failed at  35  side 2    Res =  0.3756E-02
 MRCHDU: Convergence failed at  36  side 2    Res =  0.3653E-02
 MRCHDU: Convergence failed at  37  side 2    Res =  0.3582E-02
 MRCHDU: Convergence failed at  38  side 2    Res =  0.3536E-02
 MRCHDU: Convergence failed at  39  side 2    Res =  0.3509E-02
 MRCHDU: Convergence failed at  40  side 2    Res =  0.3496E-02
 MRCHDU: Convergence failed at  41  side 2    Res =  0.3497E-02
 MRCHDU: Convergence failed at  42  side 2    Res =  0.3510E-02
 MRCHDU: Convergence failed at  43  side 2    Res =  0.3538E-02
 MRCHDU: Convergence failed at  44  side 2    Res =  0.3585E-02
 MRCHDU: Convergence failed at  45  side 2    Res =  0.3648E-02
 MRCHDU: Convergence failed at  46  side 2    Res =  0.3725E-02
 MRCHDU: Convergence failed at  47  side 2    Res =  0.3808E-02
 MRCHDU: Convergence failed at  48  side 2    Res =  0.3896E-02
 MRCHDU: Convergence failed at  49  side 2    Res =  0.3993E-02
 MRCHDU: Convergence failed at  50  side 2    Res =  0.4099E-02
 MRCHDU: Convergence failed at  51  side 2    Res =  0.4210E-02
 MRCHDU: Convergence failed at  52  side 2    Res =  0.4329E-02
 MRCHDU: Convergence failed at  53  side 2    Res =  0.4466E-02
 MRCHDU: Convergence failed at  54  side 2    Res =  0.4603E-02
 MRCHDU: Convergence failed at  55  side 2    Res =  0.4721E-02
 MRCHDU: Convergence failed at  56  side 2    Res =  0.4833E-02
 MRCHDU: Convergence failed at  57  side 2    Res =  0.4958E-02
 MRCHDU: Convergence failed at  58  side 2    Res =  0.5101E-02
 MRCHDU: Convergence failed at  59  side 2    Res =  0.5254E-02
 MRCHDU: Convergence failed at  60  side 2    Res =  0.5406E-02
 MRCHDU: Convergence failed at  61  side 2    Res =  0.5539E-02
 MRCHDU: Convergence failed at  62  side 2    Res =  0.5639E-02
 MRCHDU: Convergence failed at  63  side 2    Res =  0.5701E-02
 MRCHDU: Convergence failed at  64  side 2    Res =  0.5727E-02
 MRCHDU: Convergence failed at  65  side 2    Res =  0.5690E-02
 MRCHDU: Convergence failed at  66  side 2    Res =  0.5520E-02
 MRCHDU: Convergence failed at  67  side 2    Res =  0.5197E-02
 MRCHDU: Convergence failed at  68  side 2    Res =  0.4701E-02
 MRCHDU: Convergence failed at  69  side 2    Res =  0.4075E-02
 MRCHDU: Convergence failed at  70  side 2    Res =  0.3356E-02
 MRCHDU: Convergence failed at  71  side 2    Res =  0.2651E-02
 MRCHDU: Convergence failed at  72  side 2    Res =  0.2029E-02
 MRCHDU: Convergence failed at  73  side 2    Res =  0.1511E-02
 MRCHDU: Convergence failed at  74  side 2    Res =  0.1090E-02
 MRCHDU: Convergence failed at  75  side 2    Res =  0.7482E-03
 MRCHDU: Convergence failed at  76  side 2    Res =  0.4651E-03
 MRCHDU: Convergence failed at  77  side 2    Res =  0.2283E-03
 MRCHDU: Convergence failed at  78  side 2    Res =  0.7755E-04
 MRCHDU: Convergence failed at  79  side 2    Res =  0.3204E-04
 MRCHDU: Convergence failed at  80  side 2    Res =  0.1302E-04
 MRCHDU: Convergence failed at  81  side 2    Res =  0.5659E-05
 MRCHDU: Convergence failed at  83  side 2    Res =  0.1111E-04
 MRCHDU: Convergence failed at  85  side 2    Res =  0.7154E-03
 MRCHDU: Convergence failed at  87  side 2    Res =  0.1089E-04
 Side 1  free  transition at x/c =  0.6197   53
 Side 2  free  transition at x/c =  0.0292   19

  13   rms: 0.5432E+02   max: -.4921E+03   T at  106  2   RLX: 0.001
       a =  2.000      CL = -0.5335
      Cm =  0.1620     CD = Infinity   =>   CDf =  0.00332    CDp = Infinity

 MRCHDU: Convergence failed at  22  side 2    Res =  0.1124E-02
 MRCHDU: Convergence failed at  23  side 2    Res =  0.2630E-01
 MRCHDU: Convergence failed at  24  side 2    Res =  0.1627E-01
 MRCHDU: Convergence failed at  25  side 2    Res =  0.1131E-01
 MRCHDU: Convergence failed at  26  side 2    Res =  0.8769E-02
 MRCHDU: Convergence failed at  27  side 2    Res =  0.7232E-02
 MRCHDU: Convergence failed at  28  side 2    Res =  0.6202E-02
 MRCHDU: Convergence failed at  29  side 2    Res =  0.5377E-02
 MRCHDU: Convergence failed at  30  side 2    Res =  0.4687E-02
 MRCHDU: Convergence failed at  31  side 2    Res =  0.4137E-02
 MRCHDU: Convergence failed at  32  side 2    Res =  0.3988E-02
 MRCHDU: Convergence failed at  33  side 2    Res =  0.4079E-02
 MRCHDU: Convergence failed at  34  side 2    Res =  0.3944E-02
 MRCHDU: Convergence failed at  35  side 2    Res =  0.3766E-02
 MRCHDU: Convergence failed at  36  side 2    Res =  0.3663E-02
 MRCHDU: Convergence failed at  37  side 2    Res =  0.3593E-02
 MRCHDU: Convergence failed at  38  side 2    Res =  0.3549E-02
 MRCHDU: Convergence failed at  39  side 2    Res =  0.3523E-02
 MRCHDU: Convergence failed at  40  side 2    Res =  0.3512E-02
 MRCHDU: Convergence failed at  41  side 2    Res =  0.3514E-02
 MRCHDU: Convergence failed at  42  side 2    Res =  0.3529E-02
 MRCHDU: Convergence failed at  43  side 2    Res =  0.3559E-02
 MRCHDU: Convergence failed at  44  side 2    Res =  0.3607E-02
 MRCHDU: Convergence failed at  45  side 2    Res =  0.3673E-02
 MRCHDU: Convergence failed at  46  side 2    Res =  0.3752E-02
 MRCHDU: Convergence failed at  47  side 2    Res =  0.3837E-02
 MRCHDU: Convergence failed at  48  side 2    Res =  0.3927E-02
 MRCHDU: Convergence failed at  49  side 2    Res =  0.4027E-02
 MRCHDU: Convergence failed at  50  side 2    Res =  0.4136E-02
 MRCHDU: Convergence failed at  51  side 2    Res =  0.4249E-02
 MRCHDU: Convergence failed at  52  side 2    Res =  0.4371E-02
 MRCHDU: Convergence failed at  53  side 2    Res =  0.4510E-02
 MRCHDU: Convergence failed at  54  side 2    Res =  0.4649E-02
 MRCHDU: Convergence failed at  55  side 2    Res =  0.4769E-02
 MRCHDU: Convergence failed at  56  side 2    Res =  0.4881E-02
 MRCHDU: Convergence failed at  57  side 2    Res =  0.5005E-02
 MRCHDU: Convergence failed at  58  side 2    Res =  0.5146E-02
 MRCHDU: Convergence failed at  59  side 2    Res =  0.5297E-02
 MRCHDU: Convergence failed at  60  side 2    Res =  0.5443E-02
 MRCHDU: Convergence failed at  61  side 2    Res =  0.5567E-02
 MRCHDU: Convergence failed at  62  side 2    Res =  0.5652E-02
 MRCHDU: Convergence failed at  63  side 2    Res =  0.5691E-02
 MRCHDU: Convergence failed at  64  side 2    Res =  0.5684E-02
 MRCHDU: Convergence failed at  65  side 2    Res =  0.5604E-02
 MRCHDU: Convergence failed at  66  side 2    Res =  0.5380E-02
 MRCHDU: Convergence failed at  67  side 2    Res =  0.4998E-02
 MRCHDU: Convergence failed at  68  side 2    Res =  0.4452E-02
 MRCHDU: Convergence failed at  69  side 2    Res =  0.3797E-02
 MRCHDU: Convergence failed at  70  side 2    Res =  0.3078E-02
 MRCHDU: Convergence failed at  71  side 2    Res =  0.2394E-02
 MRCHDU: Convergence failed at  72  side 2    Res =  0.1805E-02
 MRCHDU: Convergence failed at  73  side 2    Res =  0.1323E-02
 MRCHDU: Convergence failed at  74  side 2    Res =  0.9332E-03
 MRCHDU: Convergence failed at  75  side 2    Res =  0.6174E-03
 MRCHDU: Convergence failed at  76  side 2    Res =  0.3555E-03
 MRCHDU: Convergence failed at  77  side 2    Res =  0.1460E-03
 MRCHDU: Convergence failed at  78  side 2    Res =  0.5029E-04
 MRCHDU: Convergence failed at  79  side 2    Res =  0.2503E-04
 MRCHDU: Convergence failed at  80  side 2    Res =  0.9578E-05
 MRCHDU: Convergence failed at  83  side 2    Res =  0.9222E-05
 MRCHDU: Convergence failed at  85  side 2    Res =  0.7836E-03
 MRCHDU: Convergence failed at  87  side 2    Res =  0.1999E-04
 Side 1  free  transition at x/c =  0.6197   53
 Side 2  free  transition at x/c =  0.0292   19

  14   rms: 0.6421E+02   max: -.6341E+03   T at  105  2   RLX: 0.001
       a =  2.000      CL = -0.5324
      Cm =  0.1618     CD = Infinity   =>   CDf =  0.00332    CDp = Infinity

 MRCHDU: Convergence failed at  22  side 2    Res =  0.1105E-02
 MRCHDU: Convergence failed at  23  side 2    Res =  0.2632E-01
 MRCHDU: Convergence failed at  24  side 2    Res =  0.1628E-01
 MRCHDU: Convergence failed at  25  side 2    Res =  0.1132E-01
 MRCHDU: Convergence failed at  26  side 2    Res =  0.8772E-02
 MRCHDU: Convergence failed at  27  side 2    Res =  0.7235E-02
 MRCHDU: Convergence failed at  28  side 2    Res =  0.6205E-02
 MRCHDU: Convergence failed at  29  side 2    Res =  0.5380E-02
 MRCHDU: Convergence failed at  30  side 2    Res =  0.4691E-02
 MRCHDU: Convergence failed at  31  side 2    Res =  0.4141E-02
 MRCHDU: Convergence failed at  32  side 2    Res =  0.3993E-02
 MRCHDU: Convergence failed at  33  side 2    Res =  0.4085E-02
 MRCHDU: Convergence failed at  34  side 2    Res =  0.3951E-02
 MRCHDU: Convergence failed at  35  side 2    Res =  0.3773E-02
 MRCHDU: Convergence failed at  36  side 2    Res =  0.3672E-02
 MRCHDU: Convergence failed at  37  side 2    Res =  0.3602E-02
 MRCHDU: Convergence failed at  38  side 2    Res =  0.3559E-02
 MRCHDU: Convergence failed at  39  side 2    Res =  0.3534E-02
 MRCHDU: Convergence failed at  40  side 2    Res =  0.3524E-02
 MRCHDU: Convergence failed at  41  side 2    Res =  0.3527E-02
 MRCHDU: Convergence failed at  42  side 2    Res =  0.3543E-02
 MRCHDU: Convergence failed at  43  side 2    Res =  0.3575E-02
 MRCHDU: Convergence failed at  44  side 2    Res =  0.3625E-02
 MRCHDU: Convergence failed at  45  side 2    Res =  0.3692E-02
 MRCHDU: Convergence failed at  46  side 2    Res =  0.3773E-02
 MRCHDU: Convergence failed at  47  side 2    Res =  0.3860E-02
 MRCHDU: Convergence failed at  48  side 2    Res =  0.3952E-02
 MRCHDU: Convergence failed at  49  side 2    Res =  0.4053E-02
 MRCHDU: Convergence failed at  50  side 2    Res =  0.4163E-02
 MRCHDU: Convergence failed at  51  side 2    Res =  0.4278E-02
 MRCHDU: Convergence failed at  52  side 2    Res =  0.4401E-02
 MRCHDU: Convergence failed at  53  side 2    Res =  0.4542E-02
 MRCHDU: Convergence failed at  54  side 2    Res =  0.4682E-02
 MRCHDU: Convergence failed at  55  side 2    Res =  0.4802E-02
 MRCHDU: Convergence failed at  56  side 2    Res =  0.4914E-02
 MRCHDU: Convergence failed at  57  side 2    Res =  0.5037E-02
 MRCHDU: Convergence failed at  58  side 2    Res =  0.5175E-02
 MRCHDU: Convergence failed at  59  side 2    Res =  0.5321E-02
 MRCHDU: Convergence failed at  60  side 2    Res =  0.5460E-02
 MRCHDU: Convergence failed at  61  side 2    Res =  0.5571E-02
 MRCHDU: Convergence failed at  62  side 2    Res =  0.5638E-02
 MRCHDU: Convergence failed at  63  side 2    Res =  0.5650E-02
 MRCHDU: Convergence failed at  64  side 2    Res =  0.5606E-02
 MRCHDU: Convergence failed at  65  side 2    Res =  0.5477E-02
 MRCHDU: Convergence failed at  66  side 2    Res =  0.5196E-02
 MRCHDU: Convergence failed at  67  side 2    Res =  0.4759E-02
 MRCHDU: Convergence failed at  68  side 2    Res =  0.4173E-02
 MRCHDU: Convergence failed at  69  side 2    Res =  0.3501E-02
 MRCHDU: Convergence failed at  70  side 2    Res =  0.2794E-02
 MRCHDU: Convergence failed at  71  side 2    Res =  0.2141E-02
 MRCHDU: Convergence failed at  72  side 2    Res =  0.1589E-02
 MRCHDU: Convergence failed at  73  side 2    Res =  0.1143E-02
 MRCHDU: Convergence failed at  74  side 2    Res =  0.7854E-03
 MRCHDU: Convergence failed at  75  side 2    Res =  0.4948E-03
 MRCHDU: Convergence failed at  76  side 2    Res =  0.2550E-03
 MRCHDU: Convergence failed at  77  side 2    Res =  0.8707E-04
 MRCHDU: Convergence failed at  78  side 2    Res =  0.3764E-04
 MRCHDU: Convergence failed at  79  side 2    Res =  0.1916E-04
 MRCHDU: Convergence failed at  80  side 2    Res =  0.7312E-05
 MRCHDU: Convergence failed at  83  side 2    Res =  0.7951E-05
 MRCHDU: Convergence failed at  85  side 2    Res =  0.8318E-03
 MRCHDU: Convergence failed at  87  side 2    Res =  0.2649E-04
 Side 1  free  transition at x/c =  0.6196   53
 Side 2  free  transition at x/c =  0.0292   19

  15   rms: 0.8024E+02   max: -.9750E+03   T at  105  2   RLX: 0.001
       a =  2.000      CL = -0.5317
      Cm =  0.1617     CD = Infinity   =>   CDf =  0.00332    CDp = Infinity

 MRCHDU: Convergence failed at  22  side 2    Res =  0.1094E-02
 MRCHDU: Convergence failed at  23  side 2    Res =  0.2633E-01
 MRCHDU: Convergence failed at  24  side 2    Res =  0.1628E-01
 MRCHDU: Convergence failed at  25  side 2    Res =  0.1132E-01
 MRCHDU: Convergence failed at  26  side 2    Res =  0.8773E-02
 MRCHDU: Convergence failed at  27  side 2    Res =  0.7236E-02
 MRCHDU: Convergence failed at  28  side 2    Res =  0.6207E-02
 MRCHDU: Convergence failed at  29  side 2    Res =  0.5382E-02
 MRCHDU: Convergence failed at  30  side 2    Res =  0.4693E-02
 MRCHDU: Convergence failed at  31  side 2    Res =  0.4144E-02
 MRCHDU: Convergence failed at  32  side 2    Res =  0.3995E-02
 MRCHDU: Convergence failed at  33  side 2    Res =  0.4089E-02
 MRCHDU: Convergence failed at  34  side 2    Res =  0.3955E-02
 MRCHDU: Convergence failed at  35  side 2    Res =  0.3778E-02
 MRCHDU: Convergence failed at  36  side 2    Res =  0.3677E-02
 MRCHDU: Convergence failed at  37  side 2    Res =  0.3608E-02
 MRCHDU: Convergence failed at  38  side 2    Res =  0.3565E-02
 MRCHDU: Convergence failed at  39  side 2    Res =  0.3541E-02
 MRCHDU: Convergence failed at  40  side 2    Res =  0.3532E-02
 MRCHDU: Convergence failed at  41  side 2    Res =  0.3536E-02
 MRCHDU: Convergence failed at  42  side 2    Res =  0.3553E-02
 MRCHDU: Convergence failed at  43  side 2    Res =  0.3585E-02
 MRCHDU: Convergence failed at  44  side 2    Res =  0.3636E-02
 MRCHDU: Convergence failed at  45  side 2    Res =  0.3705E-02
 MRCHDU: Convergence failed at  46  side 2    Res =  0.3786E-02
 MRCHDU: Convergence failed at  47  side 2    Res =  0.3874E-02
 MRCHDU: Convergence failed at  48  side 2    Res =  0.3967E-02
 MRCHDU: Convergence failed at  49  side 2    Res =  0.4070E-02
 MRCHDU: Convergence failed at  50  side 2    Res =  0.4181E-02
 MRCHDU: Convergence failed at  51  side 2    Res =  0.4296E-02
 MRCHDU: Convergence failed at  52  side 2    Res =  0.4421E-02
 MRCHDU: Convergence failed at  53  side 2    Res =  0.4562E-02
 MRCHDU: Convergence failed at  54  side 2    Res =  0.4702E-02
 MRCHDU: Convergence failed at  55  side 2    Res =  0.4822E-02
 MRCHDU: Convergence failed at  56  side 2    Res =  0.4933E-02
 MRCHDU: Convergence failed at  57  side 2    Res =  0.5054E-02
 MRCHDU: Convergence failed at  58  side 2    Res =  0.5190E-02
 MRCHDU: Convergence failed at  59  side 2    Res =  0.5330E-02
 MRCHDU: Convergence failed at  60  side 2    Res =  0.5460E-02
 MRCHDU: Convergence failed at  61  side 2    Res =  0.5559E-02
 MRCHDU: Convergence failed at  62  side 2    Res =  0.5608E-02
 MRCHDU: Convergence failed at  63  side 2    Res =  0.5595E-02
 MRCHDU: Convergence failed at  64  side 2    Res =  0.5517E-02
 MRCHDU: Convergence failed at  65  side 2    Res =  0.5345E-02
 MRCHDU: Convergence failed at  66  side 2    Res =  0.5017E-02
 MRCHDU: Convergence failed at  67  side 2    Res =  0.4538E-02
 MRCHDU: Convergence failed at  68  side 2    Res =  0.3925E-02
 MRCHDU: Convergence failed at  69  side 2    Res =  0.3250E-02
 MRCHDU: Convergence failed at  70  side 2    Res =  0.2561E-02
 MRCHDU: Convergence failed at  71  side 2    Res =  0.1938E-02
 MRCHDU: Convergence failed at  72  side 2    Res =  0.1420E-02
 MRCHDU: Convergence failed at  73  side 2    Res =  0.1005E-02
 MRCHDU: Convergence failed at  74  side 2    Res =  0.6716E-03
 MRCHDU: Convergence failed at  75  side 2    Res =  0.4010E-03
 MRCHDU: Convergence failed at  76  side 2    Res =  0.1834E-03
 MRCHDU: Convergence failed at  77  side 2    Res =  0.6107E-04
 MRCHDU: Convergence failed at  78  side 2    Res =  0.3141E-04
 MRCHDU: Convergence failed at  79  side 2    Res =  0.1513E-04
 MRCHDU: Convergence failed at  80  side 2    Res =  0.6117E-05
 MRCHDU: Convergence failed at  83  side 2    Res =  0.7202E-05
 MRCHDU: Convergence failed at  85  side 2    Res =  0.8600E-03
 MRCHDU: Convergence failed at  87  side 2    Res =  0.3039E-04
 Side 1  free  transition at x/c =  0.6196   53
 Side 2  free  transition at x/c =  0.0292   19

  16   rms: 0.9113E+02   max: -.1151E+04   T at  105  2   RLX: 0.000
       a =  2.000      CL = -0.5311
      Cm =  0.1616     CD = Infinity   =>   CDf =  0.00332    CDp = Infinity

 MRCHDU: Convergence failed at  22  side 2    Res =  0.1086E-02
 MRCHDU: Convergence failed at  23  side 2    Res =  0.2634E-01
 MRCHDU: Convergence failed at  24  side 2    Res =  0.1628E-01
 MRCHDU: Convergence failed at  25  side 2    Res =  0.1132E-01
 MRCHDU: Convergence failed at  26  side 2    Res =  0.8775E-02
 MRCHDU: Convergence failed at  27  side 2    Res =  0.7238E-02
 MRCHDU: Convergence failed at  28  side 2    Res =  0.6208E-02
 MRCHDU: Convergence failed at  29  side 2    Res =  0.5384E-02
 MRCHDU: Convergence failed at  30  side 2    Res =  0.4695E-02
 MRCHDU: Convergence failed at  31  side 2    Res =  0.4146E-02
 MRCHDU: Convergence failed at  32  side 2    Res =  0.3998E-02
 MRCHDU: Convergence failed at  33  side 2    Res =  0.4092E-02
 MRCHDU: Convergence failed at  34  side 2    Res =  0.3959E-02
 MRCHDU: Convergence failed at  35  side 2    Res =  0.3782E-02
 MRCHDU: Convergence failed at  36  side 2    Res =  0.3681E-02
 MRCHDU: Convergence failed at  37  side 2    Res =  0.3613E-02
 MRCHDU: Convergence failed at  38  side 2    Res =  0.3571E-02
 MRCHDU: Convergence failed at  39  side 2    Res =  0.3547E-02
 MRCHDU: Convergence failed at  40  side 2    Res =  0.3538E-02
 MRCHDU: Convergence failed at  41  side 2    Res =  0.3543E-02
 MRCHDU: Convergence failed at  42  side 2    Res =  0.3561E-02
 MRCHDU: Convergence failed at  43  side 2    Res =  0.3594E-02
 MRCHDU: Convergence failed at  44  side 2    Res =  0.3646E-02
 MRCHDU: Convergence failed at  45  side 2    Res =  0.3715E-02
 MRCHDU: Convergence failed at  46  side 2    Res =  0.3798E-02
 MRCHDU: Convergence failed at  47  side 2    Res =  0.3887E-02
 MRCHDU: Convergence failed at  48  side 2    Res =  0.3980E-02
 MRCHDU: Convergence failed at  49  side 2    Res =  0.4083E-02
 MRCHDU: Convergence failed at  50  side 2    Res =  0.4196E-02
 MRCHDU: Convergence failed at  51  side 2    Res =  0.4311E-02
 MRCHDU: Convergence failed at  52  side 2    Res =  0.4436E-02
 MRCHDU: Convergence failed at  53  side 2    Res =  0.4578E-02
 MRCHDU: Convergence failed at  54  side 2    Res =  0.4718E-02
 MRCHDU: Convergence failed at  55  side 2    Res =  0.4837E-02
 MRCHDU: Convergence failed at  56  side 2    Res =  0.4947E-02
 MRCHDU: Convergence failed at  57  side 2    Res =  0.5065E-02
 MRCHDU: Convergence failed at  58  side 2    Res =  0.5197E-02
 MRCHDU: Convergence failed at  59  side 2    Res =  0.5332E-02
 MRCHDU: Convergence failed at  60  side 2    Res =  0.5452E-02
 MRCHDU: Convergence failed at  61  side 2    Res =  0.5537E-02
 MRCHDU: Convergence failed at  62  side 2    Res =  0.5565E-02
 MRCHDU: Convergence failed at  63  side 2    Res =  0.5525E-02
 MRCHDU: Convergence failed at  64  side 2    Res =  0.5411E-02
 MRCHDU: Convergence failed at  65  side 2    Res =  0.5196E-02
 MRCHDU: Convergence failed at  66  side 2    Res =  0.4823E-02
 MRCHDU: Convergence failed at  67  side 2    Res =  0.4306E-02
 MRCHDU: Convergence failed at  68  side 2    Res =  0.3676E-02
 MRCHDU: Convergence failed at  69  side 2    Res =  0.3005E-02
 MRCHDU: Convergence failed at  70  side 2    Res =  0.2339E-02
 MRCHDU: Convergence failed at  71  side 2    Res =  0.1750E-02
 MRCHDU: Convergence failed at  72  side 2    Res =  0.1265E-02
 MRCHDU: Convergence failed at  73  side 2    Res =  0.8776E-03
 MRCHDU: Convergence failed at  74  side 2    Res =  0.5676E-03
 MRCHDU: Convergence failed at  75  side 2    Res =  0.3164E-03
 MRCHDU: Convergence failed at  76  side 2    Res =  0.1269E-03
 MRCHDU: Convergence failed at  77  side 2    Res =  0.4729E-04
 MRCHDU: Convergence failed at  78  side 2    Res =  0.2613E-04
 MRCHDU: Convergence failed at  79  side 2    Res =  0.1207E-04
 MRCHDU: Convergence failed at  80  side 2    Res =  0.5183E-05
 MRCHDU: Convergence failed at  83  side 2    Res =  0.6598E-05
 MRCHDU: Convergence failed at  85  side 2    Res =  0.8821E-03
 MRCHDU: Convergence failed at  87  side 2    Res =  0.3351E-04
 Side 1  free  transition at x/c =  0.6195   53
 Side 2  free  transition at x/c =  0.0292   19

  17   rms: 0.9905E+02   max: -.1144E+04   T at  105  2   RLX: 0.000
       a =  2.000      CL = -0.5305
      Cm =  0.1615     CD = Infinity   =>   CDf =  0.00331    CDp = Infinity

 MRCHDU: Convergence failed at  22  side 2    Res =  0.1077E-02
 MRCHDU: Convergence failed at  23  side 2    Res =  0.2635E-01
 MRCHDU: Convergence failed at  24  side 2    Res =  0.1628E-01
 MRCHDU: Convergence failed at  25  side 2    Res =  0.1132E-01
 MRCHDU: Convergence failed at  26  side 2    Res =  0.8776E-02
 MRCHDU: Convergence failed at  27  side 2    Res =  0.7239E-02
 MRCHDU: Convergence failed at  28  side 2    Res =  0.6210E-02
 MRCHDU: Convergence failed at  29  side 2    Res =  0.5386E-02
 MRCHDU: Convergence failed at  30  side 2    Res =  0.4697E-02
 MRCHDU: Convergence failed at  31  side 2    Res =  0.4148E-02
 MRCHDU: Convergence failed at  32  side 2    Res =  0.4000E-02
 MRCHDU: Convergence failed at  33  side 2    Res =  0.4095E-02
 MRCHDU: Convergence failed at  34  side 2    Res =  0.3962E-02
 MRCHDU: Convergence failed at  35  side 2    Res =  0.3786E-02
 MRCHDU: Convergence failed at  36  side 2    Res =  0.3686E-02
 MRCHDU: Convergence failed at  37  side 2    Res =  0.3618E-02
 MRCHDU: Convergence failed at  38  side 2    Res =  0.3576E-02
 MRCHDU: Convergence failed at  39  side 2    Res =  0.3553E-02
 MRCHDU: Convergence failed at  40  side 2    Res =  0.3545E-02
 MRCHDU: Convergence failed at  41  side 2    Res =  0.3550E-02
 MRCHDU: Convergence failed at  42  side 2    Res =  0.3569E-02
 MRCHDU: Convergence failed at  43  side 2    Res =  0.3602E-02
 MRCHDU: Convergence failed at  44  side 2    Res =  0.3655E-02
 MRCHDU: Convergence failed at  45  side 2    Res =  0.3725E-02
 MRCHDU: Convergence failed at  46  side 2    Res =  0.3809E-02
 MRCHDU: Convergence failed at  47  side 2    Res =  0.3898E-02
 MRCHDU: Convergence failed at  48  side 2    Res =  0.3993E-02
 MRCHDU: Convergence failed at  49  side 2    Res =  0.4097E-02
 MRCHDU: Convergence failed at  50  side 2    Res =  0.4210E-02
 MRCHDU: Convergence failed at  51  side 2    Res =  0.4326E-02
 MRCHDU: Convergence failed at  52  side 2    Res =  0.4451E-02
 MRCHDU: Convergence failed at  53  side 2    Res =  0.4593E-02
 MRCHDU: Convergence failed at  54  side 2    Res =  0.4733E-02
 MRCHDU: Convergence failed at  55  side 2    Res =  0.4851E-02
 MRCHDU: Convergence failed at  56  side 2    Res =  0.4958E-02
 MRCHDU: Convergence failed at  57  side 2    Res =  0.5074E-02
 MRCHDU: Convergence failed at  58  side 2    Res =  0.5200E-02
 MRCHDU: Convergence failed at  59  side 2    Res =  0.5327E-02
 MRCHDU: Convergence failed at  60  side 2    Res =  0.5434E-02
 MRCHDU: Convergence failed at  61  side 2    Res =  0.5501E-02
 MRCHDU: Convergence failed at  62  side 2    Res =  0.5505E-02
 MRCHDU: Convergence failed at  63  side 2    Res =  0.5432E-02
 MRCHDU: Convergence failed at  64  side 2    Res =  0.5276E-02
 MRCHDU: Convergence failed at  65  side 2    Res =  0.5013E-02
 MRCHDU: Convergence failed at  66  side 2    Res =  0.4593E-02
 MRCHDU: Convergence failed at  67  side 2    Res =  0.4043E-02
 MRCHDU: Convergence failed at  68  side 2    Res =  0.3401E-02
 MRCHDU: Convergence failed at  69  side 2    Res =  0.2742E-02
 MRCHDU: Convergence failed at  70  side 2    Res =  0.2107E-02
 MRCHDU: Convergence failed at  71  side 2    Res =  0.1554E-02
 MRCHDU: Convergence failed at  72  side 2    Res =  0.1105E-02
 MRCHDU: Convergence failed at  73  side 2    Res =  0.7472E-03
 MRCHDU: Convergence failed at  74  side 2    Res =  0.4609E-03
 MRCHDU: Convergence failed at  75  side 2    Res =  0.2319E-03
 MRCHDU: Convergence failed at  76  side 2    Res =  0.8277E-04
 MRCHDU: Convergence failed at  77  side 2    Res =  0.3801E-04
 MRCHDU: Convergence failed at  78  side 2    Res =  0.2078E-04
 MRCHDU: Convergence failed at  79  side 2    Res =  0.9578E-05
 MRCHDU: Convergence failed at  83  side 2    Res =  0.5987E-05
 MRCHDU: Convergence failed at  85  side 2    Res =  0.9040E-03
 MRCHDU: Convergence failed at  87  side 2    Res =  0.3655E-04
 Side 1  free  transition at x/c =  0.6195   53
 Side 2  free  transition at x/c =  0.0292   19

  18   rms: 0.1148E+03   max: -.1101E+04   T at  105  2   RLX: 0.000
       a =  2.000      CL = -0.5299
      Cm =  0.1614     CD = Infinity   =>   CDf =  0.00331    CDp = Infinity

 MRCHDU: Convergence failed at  22  side 2    Res =  0.1070E-02
 MRCHDU: Convergence failed at  23  side 2    Res =  0.2636E-01
 MRCHDU: Convergence failed at  24  side 2    Res =  0.1629E-01
 MRCHDU: Convergence failed at  25  side 2    Res =  0.1133E-01
 MRCHDU: Convergence failed at  26  side 2    Res =  0.8778E-02
 MRCHDU: Convergence failed at  27  side 2    Res =  0.7241E-02
 MRCHDU: Convergence failed at  28  side 2    Res =  0.6211E-02
 MRCHDU: Convergence failed at  29  side 2    Res =  0.5388E-02
 MRCHDU: Convergence failed at  30  side 2    Res =  0.4699E-02
 MRCHDU: Convergence failed at  31  side 2    Res =  0.4150E-02
 MRCHDU: Convergence failed at  32  side 2    Res =  0.4003E-02
 MRCHDU: Convergence failed at  33  side 2    Res =  0.4098E-02
 MRCHDU: Convergence failed at  34  side 2    Res =  0.3966E-02
 MRCHDU: Convergence failed at  35  side 2    Res =  0.3790E-02
 MRCHDU: Convergence failed at  36  side 2    Res =  0.3691E-02
 MRCHDU: Convergence failed at  37  side 2    Res =  0.3623E-02
 MRCHDU: Convergence failed at  38  side 2    Res =  0.3582E-02
 MRCHDU: Convergence failed at  39  side 2    Res =  0.3559E-02
 MRCHDU: Convergence failed at  40  side 2    Res =  0.3551E-02
 MRCHDU: Convergence failed at  41  side 2    Res =  0.3558E-02
 MRCHDU: Convergence failed at  42  side 2    Res =  0.3577E-02
 MRCHDU: Convergence failed at  43  side 2    Res =  0.3611E-02
 MRCHDU: Convergence failed at  44  side 2    Res =  0.3664E-02
 MRCHDU: Convergence failed at  45  side 2    Res =  0.3736E-02
 MRCHDU: Convergence failed at  46  side 2    Res =  0.3820E-02
 MRCHDU: Convergence failed at  47  side 2    Res =  0.3911E-02
 MRCHDU: Convergence failed at  48  side 2    Res =  0.4006E-02
 MRCHDU: Convergence failed at  49  side 2    Res =  0.4111E-02
 MRCHDU: Convergence failed at  50  side 2    Res =  0.4224E-02
 MRCHDU: Convergence failed at  51  side 2    Res =  0.4341E-02
 MRCHDU: Convergence failed at  52  side 2    Res =  0.4466E-02
 MRCHDU: Convergence failed at  53  side 2    Res =  0.4607E-02
 MRCHDU: Convergence failed at  54  side 2    Res =  0.4746E-02
 MRCHDU: Convergence failed at  55  side 2    Res =  0.4862E-02
 MRCHDU: Convergence failed at  56  side 2    Res =  0.4966E-02
 MRCHDU: Convergence failed at  57  side 2    Res =  0.5076E-02
 MRCHDU: Convergence failed at  58  side 2    Res =  0.5194E-02
 MRCHDU: Convergence failed at  59  side 2    Res =  0.5307E-02
 MRCHDU: Convergence failed at  60  side 2    Res =  0.5396E-02
 MRCHDU: Convergence failed at  61  side 2    Res =  0.5437E-02
 MRCHDU: Convergence failed at  62  side 2    Res =  0.5405E-02
 MRCHDU: Convergence failed at  63  side 2    Res =  0.5286E-02
 MRCHDU: Convergence failed at  64  side 2    Res =  0.5075E-02
 MRCHDU: Convergence failed at  65  side 2    Res =  0.4751E-02
 MRCHDU: Convergence failed at  66  side 2    Res =  0.4279E-02
 MRCHDU: Convergence failed at  67  side 2    Res =  0.3696E-02
 MRCHDU: Convergence failed at  68  side 2    Res =  0.3053E-02
 MRCHDU: Convergence failed at  69  side 2    Res =  0.2419E-02
 MRCHDU: Convergence failed at  70  side 2    Res =  0.1827E-02
 MRCHDU: Convergence failed at  71  side 2    Res =  0.1323E-02
 MRCHDU: Convergence failed at  72  side 2    Res =  0.9164E-03
 MRCHDU: Convergence failed at  73  side 2    Res =  0.5936E-03
 MRCHDU: Convergence failed at  74  side 2    Res =  0.3356E-03
 MRCHDU: Convergence failed at  75  side 2    Res =  0.1397E-03
 MRCHDU: Convergence failed at  76  side 2    Res =  0.5111E-04
 MRCHDU: Convergence failed at  77  side 2    Res =  0.2927E-04
 MRCHDU: Convergence failed at  78  side 2    Res =  0.1489E-04
 MRCHDU: Convergence failed at  79  side 2    Res =  0.7264E-05
 MRCHDU: Convergence failed at  83  side 2    Res =  0.5317E-05
 MRCHDU: Convergence failed at  85  side 2    Res =  0.9279E-03
 MRCHDU: Convergence failed at  87  side 2    Res =  0.3977E-04
 Side 1  free  transition at x/c =  0.6195   53
 Side 2  free  transition at x/c =  0.0292   19

  19   rms: 0.1352E+03   max: -.1174E+04   T at   75  2   RLX: 0.000
       a =  2.000      CL = -0.5293
      Cm =  0.1613     CD = Infinity   =>   CDf =  0.00331    CDp = Infinity

 MRCHDU: Convergence failed at  22  side 2    Res =  0.1065E-02
 MRCHDU: Convergence failed at  23  side 2    Res =  0.2637E-01
 MRCHDU: Convergence failed at  24  side 2    Res =  0.1629E-01
 MRCHDU: Convergence failed at  25  side 2    Res =  0.1133E-01
 MRCHDU: Convergence failed at  26  side 2    Res =  0.8779E-02
 MRCHDU: Convergence failed at  27  side 2    Res =  0.7242E-02
 MRCHDU: Convergence failed at  28  side 2    Res =  0.6213E-02
 MRCHDU: Convergence failed at  29  side 2    Res =  0.5390E-02
 MRCHDU: Convergence failed at  30  side 2    Res =  0.4701E-02
 MRCHDU: Convergence failed at  31  side 2    Res =  0.4152E-02
 MRCHDU: Convergence failed at  32  side 2    Res =  0.4005E-02
 MRCHDU: Convergence failed at  33  side 2    Res =  0.4101E-02
 MRCHDU: Convergence failed at  34  side 2    Res =  0.3970E-02
 MRCHDU: Convergence failed at  35  side 2    Res =  0.3794E-02
 MRCHDU: Convergence failed at  36  side 2    Res =  0.3695E-02
 MRCHDU: Convergence failed at  37  side 2    Res =  0.3628E-02
 MRCHDU: Convergence failed at  38  side 2    Res =  0.3587E-02
 MRCHDU: Convergence failed at  39  side 2    Res =  0.3565E-02
 MRCHDU: Convergence failed at  40  side 2    Res =  0.3558E-02
 MRCHDU: Convergence failed at  41  side 2    Res =  0.3565E-02
 MRCHDU: Convergence failed at  42  side 2    Res =  0.3584E-02
 MRCHDU: Convergence failed at  43  side 2    Res =  0.3619E-02
 MRCHDU: Convergence failed at  44  side 2    Res =  0.3673E-02
 MRCHDU: Convergence failed at  45  side 2    Res =  0.3745E-02
 MRCHDU: Convergence failed at  46  side 2    Res =  0.3830E-02
 MRCHDU: Convergence failed at  47  side 2    Res =  0.3922E-02
 MRCHDU: Convergence failed at  48  side 2    Res =  0.4018E-02
 MRCHDU: Convergence failed at  49  side 2    Res =  0.4123E-02
 MRCHDU: Convergence failed at  50  side 2    Res =  0.4237E-02
 MRCHDU: Convergence failed at  51  side 2    Res =  0.4354E-02
 MRCHDU: Convergence failed at  52  side 2    Res =  0.4478E-02
 MRCHDU: Convergence failed at  53  side 2    Res =  0.4619E-02
 MRCHDU: Convergence failed at  54  side 2    Res =  0.4755E-02
 MRCHDU: Convergence failed at  55  side 2    Res =  0.4868E-02
 MRCHDU: Convergence failed at  56  side 2    Res =  0.4966E-02
 MRCHDU: Convergence failed at  57  side 2    Res =  0.5068E-02
 MRCHDU: Convergence failed at  58  side 2    Res =  0.5173E-02
 MRCHDU: Convergence failed at  59  side 2    Res =  0.5269E-02
 MRCHDU: Convergence failed at  60  side 2    Res =  0.5332E-02
 MRCHDU: Convergence failed at  61  side 2    Res =  0.5337E-02
 MRCHDU: Convergence failed at  62  side 2    Res =  0.5259E-02
 MRCHDU: Convergence failed at  63  side 2    Res =  0.5084E-02
 MRCHDU: Convergence failed at  64  side 2    Res =  0.4809E-02
 MRCHDU: Convergence failed at  65  side 2    Res =  0.4420E-02
 MRCHDU: Convergence failed at  66  side 2    Res =  0.3900E-02
 MRCHDU: Convergence failed at  67  side 2    Res =  0.3298E-02
 MRCHDU: Convergence failed at  68  side 2    Res =  0.2669E-02
 MRCHDU: Convergence failed at  69  side 2    Res =  0.2074E-02
 MRCHDU: Convergence failed at  70  side 2    Res =  0.1534E-02
 MRCHDU: Convergence failed at  71  side 2    Res =  0.1083E-02
 MRCHDU: Convergence failed at  72  side 2    Res =  0.7211E-03
 MRCHDU: Convergence failed at  73  side 2    Res =  0.4342E-03
 MRCHDU: Convergence failed at  74  side 2    Res =  0.2087E-03
 MRCHDU: Convergence failed at  75  side 2    Res =  0.6901E-04
 MRCHDU: Convergence failed at  76  side 2    Res =  0.3554E-04
 MRCHDU: Convergence failed at  77  side 2    Res =  0.2070E-04
 MRCHDU: Convergence failed at  78  side 2    Res =  0.1028E-04
 MRCHDU: Convergence failed at  79  side 2    Res =  0.5275E-05
 MRCHDU: Convergence failed at  85  side 2    Res =  0.9489E-03
 MRCHDU: Convergence failed at  87  side 2    Res =  0.4274E-04
 Side 1  free  transition at x/c =  0.6195   53
 Side 2  free  transition at x/c =  0.0292   19

  20   rms: 0.1564E+03   max: -.1305E+04   T at   74  2   RLX: 0.000
       a =  2.000      CL = -0.5288
      Cm =  0.1612     CD = Infinity   =>   CDf =  0.00331    CDp = Infinity

 MRCHDU: Convergence failed at  22  side 2    Res =  0.1063E-02
 MRCHDU: Convergence failed at  23  side 2    Res =  0.2637E-01
 MRCHDU: Convergence failed at  24  side 2    Res =  0.1629E-01
 MRCHDU: Convergence failed at  25  side 2    Res =  0.1133E-01
 MRCHDU: Convergence failed at  26  side 2    Res =  0.8781E-02
 MRCHDU: Convergence failed at  27  side 2    Res =  0.7244E-02
 MRCHDU: Convergence failed at  28  side 2    Res =  0.6214E-02
 MRCHDU: Convergence failed at  29  side 2    Res =  0.5391E-02
 MRCHDU: Convergence failed at  30  side 2    Res =  0.4703E-02
 MRCHDU: Convergence failed at  31  side 2    Res =  0.4154E-02
 MRCHDU: Convergence failed at  32  side 2    Res =  0.4008E-02
 MRCHDU: Convergence failed at  33  side 2    Res =  0.4104E-02
 MRCHDU: Convergence failed at  34  side 2    Res =  0.3973E-02
 MRCHDU: Convergence failed at  35  side 2    Res =  0.3798E-02
 MRCHDU: Convergence failed at  36  side 2    Res =  0.3699E-02
 MRCHDU: Convergence failed at  37  side 2    Res =  0.3632E-02
 MRCHDU: Convergence failed at  38  side 2    Res =  0.3592E-02
 MRCHDU: Convergence failed at  39  side 2    Res =  0.3570E-02
 MRCHDU: Convergence failed at  40  side 2    Res =  0.3563E-02
 MRCHDU: Convergence failed at  41  side 2    Res =  0.3571E-02
 MRCHDU: Convergence failed at  42  side 2    Res =  0.3591E-02
 MRCHDU: Convergence failed at  43  side 2    Res =  0.3626E-02
 MRCHDU: Convergence failed at  44  side 2    Res =  0.3681E-02
 MRCHDU: Convergence failed at  45  side 2    Res =  0.3753E-02
 MRCHDU: Convergence failed at  46  side 2    Res =  0.3839E-02
 MRCHDU: Convergence failed at  47  side 2    Res =  0.3931E-02
 MRCHDU: Convergence failed at  48  side 2    Res =  0.4028E-02
 MRCHDU: Convergence failed at  49  side 2    Res =  0.4133E-02
 MRCHDU: Convergence failed at  50  side 2    Res =  0.4246E-02
 MRCHDU: Convergence failed at  51  side 2    Res =  0.4363E-02
 MRCHDU: Convergence failed at  52  side 2    Res =  0.4486E-02
 MRCHDU: Convergence failed at  53  side 2    Res =  0.4625E-02
 MRCHDU: Convergence failed at  54  side 2    Res =  0.4758E-02
 MRCHDU: Convergence failed at  55  side 2    Res =  0.4865E-02
 MRCHDU: Convergence failed at  56  side 2    Res =  0.4956E-02
 MRCHDU: Convergence failed at  57  side 2    Res =  0.5046E-02
 MRCHDU: Convergence failed at  58  side 2    Res =  0.5134E-02
 MRCHDU: Convergence failed at  59  side 2    Res =  0.5205E-02
 MRCHDU: Convergence failed at  60  side 2    Res =  0.5235E-02
 MRCHDU: Convergence failed at  61  side 2    Res =  0.5196E-02
 MRCHDU: Convergence failed at  62  side 2    Res =  0.5062E-02
 MRCHDU: Convergence failed at  63  side 2    Res =  0.4822E-02
 MRCHDU: Convergence failed at  64  side 2    Res =  0.4480E-02
 MRCHDU: Convergence failed at  65  side 2    Res =  0.4032E-02
 MRCHDU: Convergence failed at  66  side 2    Res =  0.3477E-02
 MRCHDU: Convergence failed at  67  side 2    Res =  0.2873E-02
 MRCHDU: Convergence failed at  68  side 2    Res =  0.2275E-02
 MRCHDU: Convergence failed at  69  side 2    Res =  0.1729E-02
 MRCHDU: Convergence failed at  70  side 2    Res =  0.1248E-02
 MRCHDU: Convergence failed at  71  side 2    Res =  0.8494E-03
 MRCHDU: Convergence failed at  72  side 2    Res =  0.5315E-03
 MRCHDU: Convergence failed at  73  side 2    Res =  0.2808E-03
 MRCHDU: Convergence failed at  74  side 2    Res =  0.1019E-03
 MRCHDU: Convergence failed at  75  side 2    Res =  0.3969E-04
 MRCHDU: Convergence failed at  76  side 2    Res =  0.2526E-04
 MRCHDU: Convergence failed at  77  side 2    Res =  0.1335E-04
 MRCHDU: Convergence failed at  78  side 2    Res =  0.7219E-05
 MRCHDU: Convergence failed at  85  side 2    Res =  0.9642E-03
 MRCHDU: Convergence failed at  87  side 2    Res =  0.4515E-04
 Side 1  free  transition at x/c =  0.6194   53
 Side 2  free  transition at x/c =  0.0292   19

  21   rms: 0.1775E+03   max: -.1555E+04   T at   74  2   RLX: 0.000
       a =  2.000      CL = -0.5283
      Cm =  0.1611     CD = Infinity   =>   CDf =  0.00331    CDp = Infinity

 MRCHDU: Convergence failed at  22  side 2    Res =  0.1062E-02
 MRCHDU: Convergence failed at  23  side 2    Res =  0.2638E-01
 MRCHDU: Convergence failed at  24  side 2    Res =  0.1629E-01
 MRCHDU: Convergence failed at  25  side 2    Res =  0.1133E-01
 MRCHDU: Convergence failed at  26  side 2    Res =  0.8782E-02
 MRCHDU: Convergence failed at  27  side 2    Res =  0.7245E-02
 MRCHDU: Convergence failed at  28  side 2    Res =  0.6215E-02
 MRCHDU: Convergence failed at  29  side 2    Res =  0.5392E-02
 MRCHDU: Convergence failed at  30  side 2    Res =  0.4704E-02
 MRCHDU: Convergence failed at  31  side 2    Res =  0.4155E-02
 MRCHDU: Convergence failed at  32  side 2    Res =  0.4009E-02
 MRCHDU: Convergence failed at  33  side 2    Res =  0.4106E-02
 MRCHDU: Convergence failed at  34  side 2    Res =  0.3975E-02
 MRCHDU: Convergence failed at  35  side 2    Res =  0.3800E-02
 MRCHDU: Convergence failed at  36  side 2    Res =  0.3702E-02
 MRCHDU: Convergence failed at  37  side 2    Res =  0.3636E-02
 MRCHDU: Convergence failed at  38  side 2    Res =  0.3596E-02
 MRCHDU: Convergence failed at  39  side 2    Res =  0.3574E-02
 MRCHDU: Convergence failed at  40  side 2    Res =  0.3568E-02
 MRCHDU: Convergence failed at  41  side 2    Res =  0.3576E-02
 MRCHDU: Convergence failed at  42  side 2    Res =  0.3596E-02
 MRCHDU: Convergence failed at  43  side 2    Res =  0.3632E-02
 MRCHDU: Convergence failed at  44  side 2    Res =  0.3687E-02
 MRCHDU: Convergence failed at  45  side 2    Res =  0.3760E-02
 MRCHDU: Convergence failed at  46  side 2    Res =  0.3846E-02
 MRCHDU: Convergence failed at  47  side 2    Res =  0.3938E-02
 MRCHDU: Convergence failed at  48  side 2    Res =  0.4035E-02
 MRCHDU: Convergence failed at  49  side 2    Res =  0.4140E-02
 MRCHDU: Convergence failed at  50  side 2    Res =  0.4253E-02
 MRCHDU: Convergence failed at  51  side 2    Res =  0.4368E-02
 MRCHDU: Convergence failed at  52  side 2    Res =  0.4490E-02
 MRCHDU: Convergence failed at  53  side 2    Res =  0.4625E-02
 MRCHDU: Convergence failed at  54  side 2    Res =  0.4753E-02
 MRCHDU: Convergence failed at  55  side 2    Res =  0.4854E-02
 MRCHDU: Convergence failed at  56  side 2    Res =  0.4934E-02
 MRCHDU: Convergence failed at  57  side 2    Res =  0.5010E-02
 MRCHDU: Convergence failed at  58  side 2    Res =  0.5078E-02
 MRCHDU: Convergence failed at  59  side 2    Res =  0.5120E-02
 MRCHDU: Convergence failed at  60  side 2    Res =  0.5111E-02
 MRCHDU: Convergence failed at  61  side 2    Res =  0.5022E-02
 MRCHDU: Convergence failed at  62  side 2    Res =  0.4829E-02
 MRCHDU: Convergence failed at  63  side 2    Res =  0.4527E-02
 MRCHDU: Convergence failed at  64  side 2    Res =  0.4126E-02
 MRCHDU: Convergence failed at  65  side 2    Res =  0.3634E-02
 MRCHDU: Convergence failed at  66  side 2    Res =  0.3064E-02
 MRCHDU: Convergence failed at  67  side 2    Res =  0.2478E-02
 MRCHDU: Convergence failed at  68  side 2    Res =  0.1921E-02
 MRCHDU: Convergence failed at  69  side 2    Res =  0.1427E-02
 MRCHDU: Convergence failed at  70  side 2    Res =  0.9987E-03
 MRCHDU: Convergence failed at  71  side 2    Res =  0.6474E-03
 MRCHDU: Convergence failed at  72  side 2    Res =  0.3679E-03
 MRCHDU: Convergence failed at  73  side 2    Res =  0.1570E-03
 MRCHDU: Convergence failed at  74  side 2    Res =  0.5137E-04
 MRCHDU: Convergence failed at  75  side 2    Res =  0.2894E-04
 MRCHDU: Convergence failed at  76  side 2    Res =  0.1714E-04
 MRCHDU: Convergence failed at  77  side 2    Res =  0.9306E-05
 MRCHDU: Convergence failed at  78  side 2    Res =  0.5080E-05
 MRCHDU: Convergence failed at  85  side 2    Res =  0.9771E-03
 MRCHDU: Convergence failed at  87  side 2    Res =  0.4704E-04
 Side 1  free  transition at x/c =  0.6194   53
 Side 2  free  transition at x/c =  0.0292   19

  22   rms: 0.2324E+03   max: -.2177E+04   T at   73  2   RLX: 0.000
       a =  2.000      CL = -0.5280
      Cm =  0.1611     CD = Infinity   =>   CDf =  0.00331    CDp = Infinity

 MRCHDU: Convergence failed at  22  side 2    Res =  0.1064E-02
 MRCHDU: Convergence failed at  23  side 2    Res =  0.2638E-01
 MRCHDU: Convergence failed at  24  side 2    Res =  0.1629E-01
 MRCHDU: Convergence failed at  25  side 2    Res =  0.1133E-01
 MRCHDU: Convergence failed at  26  side 2    Res =  0.8782E-02
 MRCHDU: Convergence failed at  27  side 2    Res =  0.7245E-02
 MRCHDU: Convergence failed at  28  side 2    Res =  0.6216E-02
 MRCHDU: Convergence failed at  29  side 2    Res =  0.5393E-02
 MRCHDU: Convergence failed at  30  side 2    Res =  0.4705E-02
 MRCHDU: Convergence failed at  31  side 2    Res =  0.4157E-02
 MRCHDU: Convergence failed at  32  side 2    Res =  0.4011E-02
 MRCHDU: Convergence failed at  33  side 2    Res =  0.4108E-02
 MRCHDU: Convergence failed at  34  side 2    Res =  0.3977E-02
 MRCHDU: Convergence failed at  35  side 2    Res =  0.3802E-02
 MRCHDU: Convergence failed at  36  side 2    Res =  0.3704E-02
 MRCHDU: Convergence failed at  37  side 2    Res =  0.3638E-02
 MRCHDU: Convergence failed at  38  side 2    Res =  0.3598E-02
 MRCHDU: Convergence failed at  39  side 2    Res =  0.3577E-02
 MRCHDU: Convergence failed at  40  side 2    Res =  0.3571E-02
 MRCHDU: Convergence failed at  41  side 2    Res =  0.3579E-02
 MRCHDU: Convergence failed at  42  side 2    Res =  0.3600E-02
 MRCHDU: Convergence failed at  43  side 2    Res =  0.3636E-02
 MRCHDU: Convergence failed at  44  side 2    Res =  0.3691E-02
 MRCHDU: Convergence failed at  45  side 2    Res =  0.3764E-02
 MRCHDU: Convergence failed at  46  side 2    Res =  0.3850E-02
 MRCHDU: Convergence failed at  47  side 2    Res =  0.3942E-02
 MRCHDU: Convergence failed at  48  side 2    Res =  0.4038E-02
 MRCHDU: Convergence failed at  49  side 2    Res =  0.4143E-02
 MRCHDU: Convergence failed at  50  side 2    Res =  0.4255E-02
 MRCHDU: Convergence failed at  51  side 2    Res =  0.4368E-02
 MRCHDU: Convergence failed at  52  side 2    Res =  0.4487E-02
 MRCHDU: Convergence failed at  53  side 2    Res =  0.4618E-02
 MRCHDU: Convergence failed at  54  side 2    Res =  0.4740E-02
 MRCHDU: Convergence failed at  55  side 2    Res =  0.4831E-02
 MRCHDU: Convergence failed at  56  side 2    Res =  0.4899E-02
 MRCHDU: Convergence failed at  57  side 2    Res =  0.4956E-02
 MRCHDU: Convergence failed at  58  side 2    Res =  0.5000E-02
 MRCHDU: Convergence failed at  59  side 2    Res =  0.5008E-02
 MRCHDU: Convergence failed at  60  side 2    Res =  0.4955E-02
 MRCHDU: Convergence failed at  61  side 2    Res =  0.4813E-02
 MRCHDU: Convergence failed at  62  side 2    Res =  0.4561E-02
 MRCHDU: Convergence failed at  63  side 2    Res =  0.4202E-02
 MRCHDU: Convergence failed at  64  side 2    Res =  0.3754E-02
 MRCHDU: Convergence failed at  65  side 2    Res =  0.3236E-02
 MRCHDU: Convergence failed at  66  side 2    Res =  0.2670E-02
 MRCHDU: Convergence failed at  67  side 2    Res =  0.2114E-02
 MRCHDU: Convergence failed at  68  side 2    Res =  0.1603E-02
 MRCHDU: Convergence failed at  69  side 2    Res =  0.1160E-02
 MRCHDU: Convergence failed at  70  side 2    Res =  0.7809E-03
 MRCHDU: Convergence failed at  71  side 2    Res =  0.4711E-03
 MRCHDU: Convergence failed at  72  side 2    Res =  0.2293E-03
 MRCHDU: Convergence failed at  73  side 2    Res =  0.7749E-04
 MRCHDU: Convergence failed at  74  side 2    Res =  0.3542E-04
 MRCHDU: Convergence failed at  75  side 2    Res =  0.2085E-04
 MRCHDU: Convergence failed at  76  side 2    Res =  0.1177E-04
 MRCHDU: Convergence failed at  77  side 2    Res =  0.6709E-05
 MRCHDU: Convergence failed at  85  side 2    Res =  0.9871E-03
 MRCHDU: Convergence failed at  87  side 2    Res =  0.4845E-04
 Side 1  free  transition at x/c =  0.6194   53
 Side 2  free  transition at x/c =  0.0292   19

  23   rms: 0.2154E+03   max: -.1821E+04   T at   72  2   RLX: 0.000
       a =  2.000      CL = -0.5277
      Cm =  0.1611     CD = Infinity   =>   CDf =  0.00331    CDp = Infinity

 MRCHDU: Convergence failed at  22  side 2    Res =  0.1065E-02
 MRCHDU: Convergence failed at  23  side 2    Res =  0.2639E-01
 MRCHDU: Convergence failed at  24  side 2    Res =  0.1629E-01
 MRCHDU: Convergence failed at  25  side 2    Res =  0.1133E-01
 MRCHDU: Convergence failed at  26  side 2    Res =  0.8783E-02
 MRCHDU: Convergence failed at  27  side 2    Res =  0.7246E-02
 MRCHDU: Convergence failed at  28  side 2    Res =  0.6217E-02
 MRCHDU: Convergence failed at  29  side 2    Res =  0.5394E-02
 MRCHDU: Convergence failed at  30  side 2    Res =  0.4707E-02
 MRCHDU: Convergence failed at  31  side 2    Res =  0.4158E-02
 MRCHDU: Convergence failed at  32  side 2    Res =  0.4012E-02
 MRCHDU: Convergence failed at  33  side 2    Res =  0.4109E-02
 MRCHDU: Convergence failed at  34  side 2    Res =  0.3979E-02
 MRCHDU: Convergence failed at  35  side 2    Res =  0.3805E-02
 MRCHDU: Convergence failed at  36  side 2    Res =  0.3707E-02
 MRCHDU: Convergence failed at  37  side 2    Res =  0.3641E-02
 MRCHDU: Convergence failed at  38  side 2    Res =  0.3601E-02
 MRCHDU: Convergence failed at  39  side 2    Res =  0.3580E-02
 MRCHDU: Convergence failed at  40  side 2    Res =  0.3575E-02
 MRCHDU: Convergence failed at  41  side 2    Res =  0.3583E-02
 MRCHDU: Convergence failed at  42  side 2    Res =  0.3604E-02
 MRCHDU: Convergence failed at  43  side 2    Res =  0.3640E-02
 MRCHDU: Convergence failed at  44  side 2    Res =  0.3695E-02
 MRCHDU: Convergence failed at  45  side 2    Res =  0.3768E-02
 MRCHDU: Convergence failed at  46  side 2    Res =  0.3854E-02
 MRCHDU: Convergence failed at  47  side 2    Res =  0.3946E-02
 MRCHDU: Convergence failed at  48  side 2    Res =  0.4042E-02
 MRCHDU: Convergence failed at  49  side 2    Res =  0.4145E-02
 MRCHDU: Convergence failed at  50  side 2    Res =  0.4256E-02
 MRCHDU: Convergence failed at  51  side 2    Res =  0.4366E-02
 MRCHDU: Convergence failed at  52  side 2    Res =  0.4481E-02
 MRCHDU: Convergence failed at  53  side 2    Res =  0.4606E-02
 MRCHDU: Convergence failed at  54  side 2    Res =  0.4720E-02
 MRCHDU: Convergence failed at  55  side 2    Res =  0.4799E-02
 MRCHDU: Convergence failed at  56  side 2    Res =  0.4850E-02
 MRCHDU: Convergence failed at  57  side 2    Res =  0.4884E-02
 MRCHDU: Convergence failed at  58  side 2    Res =  0.4895E-02
 MRCHDU: Convergence failed at  59  side 2    Res =  0.4862E-02
 MRCHDU: Convergence failed at  60  side 2    Res =  0.4756E-02
 MRCHDU: Convergence failed at  61  side 2    Res =  0.4553E-02
 MRCHDU: Convergence failed at  62  side 2    Res =  0.4239E-02
 MRCHDU: Convergence failed at  63  side 2    Res =  0.3826E-02
 MRCHDU: Convergence failed at  64  side 2    Res =  0.3342E-02
 MRCHDU: Convergence failed at  65  side 2    Res =  0.2815E-02
 MRCHDU: Convergence failed at  66  side 2    Res =  0.2268E-02
 MRCHDU: Convergence failed at  67  side 2    Res =  0.1754E-02
 MRCHDU: Convergence failed at  68  side 2    Res =  0.1296E-02
 MRCHDU: Convergence failed at  69  side 2    Res =  0.9037E-03
 MRCHDU: Convergence failed at  70  side 2    Res =  0.5712E-03
 MRCHDU: Convergence failed at  71  side 2    Res =  0.3025E-03
 MRCHDU: Convergence failed at  72  side 2    Res =  0.1122E-03
 MRCHDU: Convergence failed at  73  side 2    Res =  0.4310E-04
 MRCHDU: Convergence failed at  74  side 2    Res =  0.2522E-04
 MRCHDU: Convergence failed at  75  side 2    Res =  0.1359E-04
 MRCHDU: Convergence failed at  76  side 2    Res =  0.8129E-05
 MRCHDU: Convergence failed at  85  side 2    Res =  0.9944E-03
 MRCHDU: Convergence failed at  87  side 2    Res =  0.4973E-04
 Side 1  free  transition at x/c =  0.6194   53
 Side 2  free  transition at x/c =  0.0292   19

  24   rms: 0.2957E+03   max: -.2627E+04   T at   72  2   RLX: 0.000
       a =  2.000      CL = -0.5274
      Cm =  0.1610     CD = Infinity   =>   CDf =  0.00331    CDp = Infinity

 MRCHDU: Convergence failed at  22  side 2    Res =  0.1069E-02
 MRCHDU: Convergence failed at  23  side 2    Res =  0.2639E-01
 MRCHDU: Convergence failed at  24  side 2    Res =  0.1629E-01
 MRCHDU: Convergence failed at  25  side 2    Res =  0.1133E-01
 MRCHDU: Convergence failed at  26  side 2    Res =  0.8784E-02
 MRCHDU: Convergence failed at  27  side 2    Res =  0.7247E-02
 MRCHDU: Convergence failed at  28  side 2    Res =  0.6218E-02
 MRCHDU: Convergence failed at  29  side 2    Res =  0.5395E-02
 MRCHDU: Convergence failed at  30  side 2    Res =  0.4707E-02
 MRCHDU: Convergence failed at  31  side 2    Res =  0.4159E-02
 MRCHDU: Convergence failed at  32  side 2    Res =  0.4013E-02
 MRCHDU: Convergence failed at  33  side 2    Res =  0.4111E-02
 MRCHDU: Convergence failed at  34  side 2    Res =  0.3981E-02
 MRCHDU: Convergence failed at  35  side 2    Res =  0.3806E-02
 MRCHDU: Convergence failed at  36  side 2    Res =  0.3709E-02
 MRCHDU: Convergence failed at  37  side 2    Res =  0.3643E-02
 MRCHDU: Convergence failed at  38  side 2    Res =  0.3603E-02
 MRCHDU: Convergence failed at  39  side 2    Res =  0.3582E-02
 MRCHDU: Convergence failed at  40  side 2    Res =  0.3577E-02
 MRCHDU: Convergence failed at  41  side 2    Res =  0.3585E-02
 MRCHDU: Convergence failed at  42  side 2    Res =  0.3606E-02
 MRCHDU: Convergence failed at  43  side 2    Res =  0.3643E-02
 MRCHDU: Convergence failed at  44  side 2    Res =  0.3698E-02
 MRCHDU: Convergence failed at  45  side 2    Res =  0.3771E-02
 MRCHDU: Convergence failed at  46  side 2    Res =  0.3856E-02
 MRCHDU: Convergence failed at  47  side 2    Res =  0.3947E-02
 MRCHDU: Convergence failed at  48  side 2    Res =  0.4042E-02
 MRCHDU: Convergence failed at  49  side 2    Res =  0.4144E-02
 MRCHDU: Convergence failed at  50  side 2    Res =  0.4252E-02
 MRCHDU: Convergence failed at  51  side 2    Res =  0.4358E-02
 MRCHDU: Convergence failed at  52  side 2    Res =  0.4468E-02
 MRCHDU: Convergence failed at  53  side 2    Res =  0.4585E-02
 MRCHDU: Convergence failed at  54  side 2    Res =  0.4688E-02
 MRCHDU: Convergence failed at  55  side 2    Res =  0.4752E-02
 MRCHDU: Convergence failed at  56  side 2    Res =  0.4782E-02
 MRCHDU: Convergence failed at  57  side 2    Res =  0.4789E-02
 MRCHDU: Convergence failed at  58  side 2    Res =  0.4763E-02
 MRCHDU: Convergence failed at  59  side 2    Res =  0.4683E-02
 MRCHDU: Convergence failed at  60  side 2    Res =  0.4521E-02
 MRCHDU: Convergence failed at  61  side 2    Res =  0.4259E-02
 MRCHDU: Convergence failed at  62  side 2    Res =  0.3892E-02
 MRCHDU: Convergence failed at  63  side 2    Res =  0.3441E-02
 MRCHDU: Convergence failed at  64  side 2    Res =  0.2940E-02
 MRCHDU: Convergence failed at  65  side 2    Res =  0.2420E-02
 MRCHDU: Convergence failed at  66  side 2    Res =  0.1906E-02
 MRCHDU: Convergence failed at  67  side 2    Res =  0.1438E-02
 MRCHDU: Convergence failed at  68  side 2    Res =  0.1029E-02
 MRCHDU: Convergence failed at  69  side 2    Res =  0.6832E-03
 MRCHDU: Convergence failed at  70  side 2    Res =  0.3919E-03
 MRCHDU: Convergence failed at  71  side 2    Res =  0.1681E-03
 MRCHDU: Convergence failed at  72  side 2    Res =  0.5648E-04
 MRCHDU: Convergence failed at  73  side 2    Res =  0.3095E-04
 MRCHDU: Convergence failed at  74  side 2    Res =  0.1715E-04
 MRCHDU: Convergence failed at  75  side 2    Res =  0.9499E-05
 MRCHDU: Convergence failed at  76  side 2    Res =  0.5673E-05
 MRCHDU: Convergence failed at  85  side 2    Res =  0.1001E-02
 MRCHDU: Convergence failed at  87  side 2    Res =  0.5069E-04
 Side 1  free  transition at x/c =  0.6194   53
 Side 2  free  transition at x/c =  0.0292   19

  25   rms: 0.3058E+03   max: -.2758E+04   T at   71  2   RLX: 0.000
       a =  2.000      CL = -0.5272
      Cm =  0.1610     CD = Infinity   =>   CDf =  0.00331    CDp = Infinity

 MRCHDU: Convergence failed at  22  side 2    Res =  0.1074E-02
 MRCHDU: Convergence failed at  23  side 2    Res =  0.2639E-01
 MRCHDU: Convergence failed at  24  side 2    Res =  0.1630E-01
 MRCHDU: Convergence failed at  25  side 2    Res =  0.1133E-01
 MRCHDU: Convergence failed at  26  side 2    Res =  0.8784E-02
 MRCHDU: Convergence failed at  27  side 2    Res =  0.7247E-02
 MRCHDU: Convergence failed at  28  side 2    Res =  0.6218E-02
 MRCHDU: Convergence failed at  29  side 2    Res =  0.5396E-02
 MRCHDU: Convergence failed at  30  side 2    Res =  0.4708E-02
 MRCHDU: Convergence failed at  31  side 2    Res =  0.4159E-02
 MRCHDU: Convergence failed at  32  side 2    Res =  0.4014E-02
 MRCHDU: Convergence failed at  33  side 2    Res =  0.4112E-02
 MRCHDU: Convergence failed at  34  side 2    Res =  0.3982E-02
 MRCHDU: Convergence failed at  35  side 2    Res =  0.3808E-02
 MRCHDU: Convergence failed at  36  side 2    Res =  0.3710E-02
 MRCHDU: Convergence failed at  37  side 2    Res =  0.3645E-02
 MRCHDU: Convergence failed at  38  side 2    Res =  0.3605E-02
 MRCHDU: Convergence failed at  39  side 2    Res =  0.3584E-02
 MRCHDU: Convergence failed at  40  side 2    Res =  0.3579E-02
 MRCHDU: Convergence failed at  41  side 2    Res =  0.3587E-02
 MRCHDU: Convergence failed at  42  side 2    Res =  0.3608E-02
 MRCHDU: Convergence failed at  43  side 2    Res =  0.3645E-02
 MRCHDU: Convergence failed at  44  side 2    Res =  0.3699E-02
 MRCHDU: Convergence failed at  45  side 2    Res =  0.3772E-02
 MRCHDU: Convergence failed at  46  side 2    Res =  0.3857E-02
 MRCHDU: Convergence failed at  47  side 2    Res =  0.3947E-02
 MRCHDU: Convergence failed at  48  side 2    Res =  0.4040E-02
 MRCHDU: Convergence failed at  49  side 2    Res =  0.4140E-02
 MRCHDU: Convergence failed at  50  side 2    Res =  0.4244E-02
 MRCHDU: Convergence failed at  51  side 2    Res =  0.4347E-02
 MRCHDU: Convergence failed at  52  side 2    Res =  0.4449E-02
 MRCHDU: Convergence failed at  53  side 2    Res =  0.4557E-02
 MRCHDU: Convergence failed at  54  side 2    Res =  0.4646E-02
 MRCHDU: Convergence failed at  55  side 2    Res =  0.4692E-02
 MRCHDU: Convergence failed at  56  side 2    Res =  0.4698E-02
 MRCHDU: Convergence failed at  57  side 2    Res =  0.4672E-02
 MRCHDU: Convergence failed at  58  side 2    Res =  0.4605E-02
 MRCHDU: Convergence failed at  59  side 2    Res =  0.4475E-02
 MRCHDU: Convergence failed at  60  side 2    Res =  0.4258E-02
 MRCHDU: Convergence failed at  61  side 2    Res =  0.3942E-02
 MRCHDU: Convergence failed at  62  side 2    Res =  0.3533E-02
 MRCHDU: Convergence failed at  63  side 2    Res =  0.3057E-02
 MRCHDU: Convergence failed at  64  side 2    Res =  0.2556E-02
 MRCHDU: Convergence failed at  65  side 2    Res =  0.2058E-02
 MRCHDU: Convergence failed at  66  side 2    Res =  0.1583E-02
 MRCHDU: Convergence failed at  67  side 2    Res =  0.1162E-02
 MRCHDU: Convergence failed at  68  side 2    Res =  0.7986E-03
 MRCHDU: Convergence failed at  69  side 2    Res =  0.4924E-03
 MRCHDU: Convergence failed at  70  side 2    Res =  0.2416E-03
 MRCHDU: Convergence failed at  71  side 2    Res =  0.8324E-04
 MRCHDU: Convergence failed at  72  side 2    Res =  0.3840E-04
 MRCHDU: Convergence failed at  73  side 2    Res =  0.2205E-04
 MRCHDU: Convergence failed at  74  side 2    Res =  0.1178E-04
 MRCHDU: Convergence failed at  75  side 2    Res =  0.6831E-05
 MRCHDU: Convergence failed at  85  side 2    Res =  0.1006E-02
 MRCHDU: Convergence failed at  87  side 2    Res =  0.5150E-04
 Side 1  free  transition at x/c =  0.6194   53
 Side 2  free  transition at x/c =  0.0292   19

  26   rms: 0.3934E+03   max: -.3360E+04   T at   70  2   RLX: 0.000
       a =  2.000      CL = -0.5270
      Cm =  0.1610     CD = Infinity   =>   CDf =  0.00331    CDp = Infinity

 MRCHDU: Convergence failed at  22  side 2    Res =  0.1080E-02
 MRCHDU: Convergence failed at  23  side 2    Res =  0.2639E-01
 MRCHDU: Convergence failed at  24  side 2    Res =  0.1630E-01
 MRCHDU: Convergence failed at  25  side 2    Res =  0.1133E-01
 MRCHDU: Convergence failed at  26  side 2    Res =  0.8784E-02
 MRCHDU: Convergence failed at  27  side 2    Res =  0.7247E-02
 MRCHDU: Convergence failed at  28  side 2    Res =  0.6219E-02
 MRCHDU: Convergence failed at  29  side 2    Res =  0.5396E-02
 MRCHDU: Convergence failed at  30  side 2    Res =  0.4709E-02
 MRCHDU: Convergence failed at  31  side 2    Res =  0.4160E-02
 MRCHDU: Convergence failed at  32  side 2    Res =  0.4015E-02
 MRCHDU: Convergence failed at  33  side 2    Res =  0.4113E-02
 MRCHDU: Convergence failed at  34  side 2    Res =  0.3983E-02
 MRCHDU: Convergence failed at  35  side 2    Res =  0.3809E-02
 MRCHDU: Convergence failed at  36  side 2    Res =  0.3711E-02
 MRCHDU: Convergence failed at  37  side 2    Res =  0.3646E-02
 MRCHDU: Convergence failed at  38  side 2    Res =  0.3606E-02
 MRCHDU: Convergence failed at  39  side 2    Res =  0.3586E-02
 MRCHDU: Convergence failed at  40  side 2    Res =  0.3580E-02
 MRCHDU: Convergence failed at  41  side 2    Res =  0.3589E-02
 MRCHDU: Convergence failed at  42  side 2    Res =  0.3609E-02
 MRCHDU: Convergence failed at  43  side 2    Res =  0.3645E-02
 MRCHDU: Convergence failed at  44  side 2    Res =  0.3700E-02
 MRCHDU: Convergence failed at  45  side 2    Res =  0.3771E-02
 MRCHDU: Convergence failed at  46  side 2    Res =  0.3855E-02
 MRCHDU: Convergence failed at  47  side 2    Res =  0.3944E-02
 MRCHDU: Convergence failed at  48  side 2    Res =  0.4035E-02
 MRCHDU: Convergence failed at  49  side 2    Res =  0.4131E-02
 MRCHDU: Convergence failed at  50  side 2    Res =  0.4231E-02
 MRCHDU: Convergence failed at  51  side 2    Res =  0.4327E-02
 MRCHDU: Convergence failed at  52  side 2    Res =  0.4420E-02
 MRCHDU: Convergence failed at  53  side 2    Res =  0.4515E-02
 MRCHDU: Convergence failed at  54  side 2    Res =  0.4586E-02
 MRCHDU: Convergence failed at  55  side 2    Res =  0.4607E-02
 MRCHDU: Convergence failed at  56  side 2    Res =  0.4582E-02
 MRCHDU: Convergence failed at  57  side 2    Res =  0.4517E-02
 MRCHDU: Convergence failed at  58  side 2    Res =  0.4401E-02
 MRCHDU: Convergence failed at  59  side 2    Res =  0.4215E-02
 MRCHDU: Convergence failed at  60  side 2    Res =  0.3941E-02
 MRCHDU: Convergence failed at  61  side 2    Res =  0.3576E-02
 MRCHDU: Convergence failed at  62  side 2    Res =  0.3134E-02
 MRCHDU: Convergence failed at  63  side 2    Res =  0.2651E-02
 MRCHDU: Convergence failed at  64  side 2    Res =  0.2164E-02
 MRCHDU: Convergence failed at  65  side 2    Res =  0.1700E-02
 MRCHDU: Convergence failed at  66  side 2    Res =  0.1271E-02
 MRCHDU: Convergence failed at  67  side 2    Res =  0.8977E-03
 MRCHDU: Convergence failed at  68  side 2    Res =  0.5789E-03
 MRCHDU: Convergence failed at  69  side 2    Res =  0.3132E-03
 MRCHDU: Convergence failed at  70  side 2    Res =  0.1187E-03
 MRCHDU: Convergence failed at  71  side 2    Res =  0.4723E-04
 MRCHDU: Convergence failed at  72  side 2    Res =  0.2711E-04
 MRCHDU: Convergence failed at  73  side 2    Res =  0.1445E-04
 MRCHDU: Convergence failed at  74  side 2    Res =  0.8237E-05
 MRCHDU: Convergence failed at  85  side 2    Res =  0.1010E-02
 MRCHDU: Convergence failed at  87  side 2    Res =  0.5215E-04
 Side 1  free  transition at x/c =  0.6194   53
 Side 2  free  transition at x/c =  0.0292   19

  27   rms: 0.3873E+03   max: -.3237E+04   T at   70  2   RLX: 0.000
       a =  2.000      CL = -0.5268
      Cm =  0.1610     CD = Infinity   =>   CDf =  0.00331    CDp = Infinity

 MRCHDU: Convergence failed at  22  side 2    Res =  0.1086E-02
 MRCHDU: Convergence failed at  23  side 2    Res =  0.2639E-01
 MRCHDU: Convergence failed at  24  side 2    Res =  0.1630E-01
 MRCHDU: Convergence failed at  25  side 2    Res =  0.1133E-01
 MRCHDU: Convergence failed at  26  side 2    Res =  0.8785E-02
 MRCHDU: Convergence failed at  27  side 2    Res =  0.7248E-02
 MRCHDU: Convergence failed at  28  side 2    Res =  0.6219E-02
 MRCHDU: Convergence failed at  29  side 2    Res =  0.5397E-02
 MRCHDU: Convergence failed at  30  side 2    Res =  0.4709E-02
 MRCHDU: Convergence failed at  31  side 2    Res =  0.4161E-02
 MRCHDU: Convergence failed at  32  side 2    Res =  0.4015E-02
 MRCHDU: Convergence failed at  33  side 2    Res =  0.4113E-02
 MRCHDU: Convergence failed at  34  side 2    Res =  0.3984E-02
 MRCHDU: Convergence failed at  35  side 2    Res =  0.3810E-02
 MRCHDU: Convergence failed at  36  side 2    Res =  0.3712E-02
 MRCHDU: Convergence failed at  37  side 2    Res =  0.3647E-02
 MRCHDU: Convergence failed at  38  side 2    Res =  0.3608E-02
 MRCHDU: Convergence failed at  39  side 2    Res =  0.3587E-02
 MRCHDU: Convergence failed at  40  side 2    Res =  0.3581E-02
 MRCHDU: Convergence failed at  41  side 2    Res =  0.3589E-02
 MRCHDU: Convergence failed at  42  side 2    Res =  0.3610E-02
 MRCHDU: Convergence failed at  43  side 2    Res =  0.3645E-02
 MRCHDU: Convergence failed at  44  side 2    Res =  0.3699E-02
 MRCHDU: Convergence failed at  45  side 2    Res =  0.3770E-02
 MRCHDU: Convergence failed at  46  side 2    Res =  0.3852E-02
 MRCHDU: Convergence failed at  47  side 2    Res =  0.3939E-02
 MRCHDU: Convergence failed at  48  side 2    Res =  0.4027E-02
 MRCHDU: Convergence failed at  49  side 2    Res =  0.4119E-02
 MRCHDU: Convergence failed at  50  side 2    Res =  0.4213E-02
 MRCHDU: Convergence failed at  51  side 2    Res =  0.4300E-02
 MRCHDU: Convergence failed at  52  side 2    Res =  0.4382E-02
 MRCHDU: Convergence failed at  53  side 2    Res =  0.4460E-02
 MRCHDU: Convergence failed at  54  side 2    Res =  0.4509E-02
 MRCHDU: Convergence failed at  55  side 2    Res =  0.4502E-02
 MRCHDU: Convergence failed at  56  side 2    Res =  0.4440E-02
 MRCHDU: Convergence failed at  57  side 2    Res =  0.4330E-02
 MRCHDU: Convergence failed at  58  side 2    Res =  0.4163E-02
 MRCHDU: Convergence failed at  59  side 2    Res =  0.3921E-02
 MRCHDU: Convergence failed at  60  side 2    Res =  0.3596E-02
 MRCHDU: Convergence failed at  61  side 2    Res =  0.3194E-02
 MRCHDU: Convergence failed at  62  side 2    Res =  0.2737E-02
 MRCHDU: Convergence failed at  63  side 2    Res =  0.2262E-02
 MRCHDU: Convergence failed at  64  side 2    Res =  0.1802E-02
 MRCHDU: Convergence failed at  65  side 2    Res =  0.1378E-02
 MRCHDU: Convergence failed at  66  side 2    Res =  0.9951E-03
 MRCHDU: Convergence failed at  67  side 2    Res =  0.6656E-03
 MRCHDU: Convergence failed at  68  side 2    Res =  0.3874E-03
 MRCHDU: Convergence failed at  69  side 2    Res =  0.1686E-03
 MRCHDU: Convergence failed at  70  side 2    Res =  0.5979E-04
 MRCHDU: Convergence failed at  71  side 2    Res =  0.3301E-04
 MRCHDU: Convergence failed at  72  side 2    Res =  0.1801E-04
 MRCHDU: Convergence failed at  73  side 2    Res =  0.9922E-05
 MRCHDU: Convergence failed at  74  side 2    Res =  0.5673E-05
 MRCHDU: Convergence failed at  85  side 2    Res =  0.1014E-02
 MRCHDU: Convergence failed at  87  side 2    Res =  0.5273E-04
 Side 1  free  transition at x/c =  0.6194   53
 Side 2  free  transition at x/c =  0.0292   19

  28   rms: 0.4273E+03   max: -.3680E+04   T at   69  2   RLX: 0.000
       a =  2.000      CL = -0.5266
      Cm =  0.1610     CD = Infinity   =>   CDf =  0.00331    CDp = Infinity

 MRCHDU: Convergence failed at  22  side 2    Res =  0.1093E-02
 MRCHDU: Convergence failed at  23  side 2    Res =  0.2639E-01
 MRCHDU: Convergence failed at  24  side 2    Res =  0.1630E-01
 MRCHDU: Convergence failed at  25  side 2    Res =  0.1133E-01
 MRCHDU: Convergence failed at  26  side 2    Res =  0.8785E-02
 MRCHDU: Convergence failed at  27  side 2    Res =  0.7248E-02
 MRCHDU: Convergence failed at  28  side 2    Res =  0.6219E-02
 MRCHDU: Convergence failed at  29  side 2    Res =  0.5397E-02
 MRCHDU: Convergence failed at  30  side 2    Res =  0.4709E-02
 MRCHDU: Convergence failed at  31  side 2    Res =  0.4161E-02
 MRCHDU: Convergence failed at  32  side 2    Res =  0.4016E-02
 MRCHDU: Convergence failed at  33  side 2    Res =  0.4114E-02
 MRCHDU: Convergence failed at  34  side 2    Res =  0.3985E-02
 MRCHDU: Convergence failed at  35  side 2    Res =  0.3811E-02
 MRCHDU: Convergence failed at  36  side 2    Res =  0.3713E-02
 MRCHDU: Convergence failed at  37  side 2    Res =  0.3648E-02
 MRCHDU: Convergence failed at  38  side 2    Res =  0.3608E-02
 MRCHDU: Convergence failed at  39  side 2    Res =  0.3587E-02
 MRCHDU: Convergence failed at  40  side 2    Res =  0.3582E-02
 MRCHDU: Convergence failed at  41  side 2    Res =  0.3590E-02
 MRCHDU: Convergence failed at  42  side 2    Res =  0.3610E-02
 MRCHDU: Convergence failed at  43  side 2    Res =  0.3645E-02
 MRCHDU: Convergence failed at  44  side 2    Res =  0.3697E-02
 MRCHDU: Convergence failed at  45  side 2    Res =  0.3767E-02
 MRCHDU: Convergence failed at  46  side 2    Res =  0.3847E-02
 MRCHDU: Convergence failed at  47  side 2    Res =  0.3931E-02
 MRCHDU: Convergence failed at  48  side 2    Res =  0.4015E-02
 MRCHDU: Convergence failed at  49  side 2    Res =  0.4102E-02
 MRCHDU: Convergence failed at  50  side 2    Res =  0.4188E-02
 MRCHDU: Convergence failed at  51  side 2    Res =  0.4265E-02
 MRCHDU: Convergence failed at  52  side 2    Res =  0.4333E-02
 MRCHDU: Convergence failed at  53  side 2    Res =  0.4391E-02
 MRCHDU: Convergence failed at  54  side 2    Res =  0.4414E-02
 MRCHDU: Convergence failed at  55  side 2    Res =  0.4375E-02
 MRCHDU: Convergence failed at  56  side 2    Res =  0.4274E-02
 MRCHDU: Convergence failed at  57  side 2    Res =  0.4118E-02
 MRCHDU: Convergence failed at  58  side 2    Res =  0.3899E-02
 MRCHDU: Convergence failed at  59  side 2    Res =  0.3608E-02
 MRCHDU: Convergence failed at  60  side 2    Res =  0.3243E-02
 MRCHDU: Convergence failed at  61  side 2    Res =  0.2819E-02
 MRCHDU: Convergence failed at  62  side 2    Res =  0.2363E-02
 MRCHDU: Convergence failed at  63  side 2    Res =  0.1908E-02
 MRCHDU: Convergence failed at  64  side 2    Res =  0.1483E-02
 MRCHDU: Convergence failed at  65  side 2    Res =  0.1099E-02
 MRCHDU: Convergence failed at  66  side 2    Res =  0.7585E-03
 MRCHDU: Convergence failed at  67  side 2    Res =  0.4686E-03
 MRCHDU: Convergence failed at  68  side 2    Res =  0.2318E-03
 MRCHDU: Convergence failed at  69  side 2    Res =  0.8383E-04
 MRCHDU: Convergence failed at  70  side 2    Res =  0.4063E-04
 MRCHDU: Convergence failed at  71  side 2    Res =  0.2302E-04
 MRCHDU: Convergence failed at  72  side 2    Res =  0.1230E-04
 MRCHDU: Convergence failed at  73  side 2    Res =  0.7032E-05
 MRCHDU: Convergence failed at  85  side 2    Res =  0.1017E-02
 MRCHDU: Convergence failed at  87  side 2    Res =  0.5320E-04
 Side 1  free  transition at x/c =  0.6194   53
 Side 2  free  transition at x/c =  0.0292   19

  29   rms: 0.3677E+03   max: -.2835E+04   T at   68  2   RLX: 0.000
       a =  2.000      CL = -0.5264
      Cm =  0.1610     CD = Infinity   =>   CDf =  0.00331    CDp = Infinity

 MRCHDU: Convergence failed at  22  side 2    Res =  0.1098E-02
 MRCHDU: Convergence failed at  23  side 2    Res =  0.2639E-01
 MRCHDU: Convergence failed at  24  side 2    Res =  0.1630E-01
 MRCHDU: Convergence failed at  25  side 2    Res =  0.1133E-01
 MRCHDU: Convergence failed at  26  side 2    Res =  0.8785E-02
 MRCHDU: Convergence failed at  27  side 2    Res =  0.7248E-02
 MRCHDU: Convergence failed at  28  side 2    Res =  0.6220E-02
 MRCHDU: Convergence failed at  29  side 2    Res =  0.5397E-02
 MRCHDU: Convergence failed at  30  side 2    Res =  0.4710E-02
 MRCHDU: Convergence failed at  31  side 2    Res =  0.4162E-02
 MRCHDU: Convergence failed at  32  side 2    Res =  0.4016E-02
 MRCHDU: Convergence failed at  33  side 2    Res =  0.4115E-02
 MRCHDU: Convergence failed at  34  side 2    Res =  0.3986E-02
 MRCHDU: Convergence failed at  35  side 2    Res =  0.3812E-02
 MRCHDU: Convergence failed at  36  side 2    Res =  0.3714E-02
 MRCHDU: Convergence failed at  37  side 2    Res =  0.3649E-02
 MRCHDU: Convergence failed at  38  side 2    Res =  0.3609E-02
 MRCHDU: Convergence failed at  39  side 2    Res =  0.3588E-02
 MRCHDU: Convergence failed at  40  side 2    Res =  0.3582E-02
 MRCHDU: Convergence failed at  41  side 2    Res =  0.3590E-02
 MRCHDU: Convergence failed at  42  side 2    Res =  0.3609E-02
 MRCHDU: Convergence failed at  43  side 2    Res =  0.3643E-02
 MRCHDU: Convergence failed at  44  side 2    Res =  0.3695E-02
 MRCHDU: Convergence failed at  45  side 2    Res =  0.3762E-02
 MRCHDU: Convergence failed at  46  side 2    Res =  0.3840E-02
 MRCHDU: Convergence failed at  47  side 2    Res =  0.3920E-02
 MRCHDU: Convergence failed at  48  side 2    Res =  0.4000E-02
 MRCHDU: Convergence failed at  49  side 2    Res =  0.4079E-02
 MRCHDU: Convergence failed at  50  side 2    Res =  0.4156E-02
 MRCHDU: Convergence failed at  51  side 2    Res =  0.4220E-02
 MRCHDU: Convergence failed at  52  side 2    Res =  0.4269E-02
 MRCHDU: Convergence failed at  53  side 2    Res =  0.4303E-02
 MRCHDU: Convergence failed at  54  side 2    Res =  0.4295E-02
 MRCHDU: Convergence failed at  55  side 2    Res =  0.4216E-02
 MRCHDU: Convergence failed at  56  side 2    Res =  0.4071E-02
 MRCHDU: Convergence failed at  57  side 2    Res =  0.3865E-02
 MRCHDU: Convergence failed at  58  side 2    Res =  0.3596E-02
 MRCHDU: Convergence failed at  59  side 2    Res =  0.3262E-02
 MRCHDU: Convergence failed at  60  side 2    Res =  0.2869E-02
 MRCHDU: Convergence failed at  61  side 2    Res =  0.2437E-02
 MRCHDU: Convergence failed at  62  side 2    Res =  0.1994E-02
 MRCHDU: Convergence failed at  63  side 2    Res =  0.1570E-02
 MRCHDU: Convergence failed at  64  side 2    Res =  0.1183E-02
 MRCHDU: Convergence failed at  65  side 2    Res =  0.8404E-03
 MRCHDU: Convergence failed at  66  side 2    Res =  0.5411E-03
 MRCHDU: Convergence failed at  67  side 2    Res =  0.2918E-03
 MRCHDU: Convergence failed at  68  side 2    Res =  0.1144E-03
 MRCHDU: Convergence failed at  69  side 2    Res =  0.5000E-04
 MRCHDU: Convergence failed at  70  side 2    Res =  0.2832E-04
 MRCHDU: Convergence failed at  71  side 2    Res =  0.1509E-04
 MRCHDU: Convergence failed at  72  side 2    Res =  0.8532E-05
 MRCHDU: Convergence failed at  85  side 2    Res =  0.1018E-02
 MRCHDU: Convergence failed at  87  side 2    Res =  0.5365E-04
 Side 1  free  transition at x/c =  0.6194   53
 Side 2  free  transition at x/c =  0.0292   19

  30   rms: 0.4042E+03   max: -.2910E+04   T at   68  2   RLX: 0.000
       a =  2.000      CL = -0.5261
      Cm =  0.1609     CD = Infinity   =>   CDf =  0.00331    CDp = Infinity

 MRCHDU: Convergence failed at  22  side 2    Res =  0.1104E-02
 MRCHDU: Convergence failed at  23  side 2    Res =  0.2640E-01
 MRCHDU: Convergence failed at  24  side 2    Res =  0.1630E-01
 MRCHDU: Convergence failed at  25  side 2    Res =  0.1133E-01
 MRCHDU: Convergence failed at  26  side 2    Res =  0.8785E-02
 MRCHDU: Convergence failed at  27  side 2    Res =  0.7249E-02
 MRCHDU: Convergence failed at  28  side 2    Res =  0.6220E-02
 MRCHDU: Convergence failed at  29  side 2    Res =  0.5398E-02
 MRCHDU: Convergence failed at  30  side 2    Res =  0.4711E-02
 MRCHDU: Convergence failed at  31  side 2    Res =  0.4162E-02
 MRCHDU: Convergence failed at  32  side 2    Res =  0.4017E-02
 MRCHDU: Convergence failed at  33  side 2    Res =  0.4116E-02
 MRCHDU: Convergence failed at  34  side 2    Res =  0.3987E-02
 MRCHDU: Convergence failed at  35  side 2    Res =  0.3813E-02
 MRCHDU: Convergence failed at  36  side 2    Res =  0.3715E-02
 MRCHDU: Convergence failed at  37  side 2    Res =  0.3649E-02
 MRCHDU: Convergence failed at  38  side 2    Res =  0.3610E-02
 MRCHDU: Convergence failed at  39  side 2    Res =  0.3588E-02
 MRCHDU: Convergence failed at  40  side 2    Res =  0.3582E-02
 MRCHDU: Convergence failed at  41  side 2    Res =  0.3589E-02
 MRCHDU: Convergence failed at  42  side 2    Res =  0.3608E-02
 MRCHDU: Convergence failed at  43  side 2    Res =  0.3640E-02
 MRCHDU: Convergence failed at  44  side 2    Res =  0.3690E-02
 MRCHDU: Convergence failed at  45  side 2    Res =  0.3755E-02
 MRCHDU: Convergence failed at  46  side 2    Res =  0.3829E-02
 MRCHDU: Convergence failed at  47  side 2    Res =  0.3904E-02
 MRCHDU: Convergence failed at  48  side 2    Res =  0.3976E-02
 MRCHDU: Convergence failed at  49  side 2    Res =  0.4046E-02
 MRCHDU: Convergence failed at  50  side 2    Res =  0.4110E-02
 MRCHDU: Convergence failed at  51  side 2    Res =  0.4156E-02
 MRCHDU: Convergence failed at  52  side 2    Res =  0.4181E-02
 MRCHDU: Convergence failed at  53  side 2    Res =  0.4184E-02
 MRCHDU: Convergence failed at  54  side 2    Res =  0.4135E-02
 MRCHDU: Convergence failed at  55  side 2    Res =  0.4011E-02
 MRCHDU: Convergence failed at  56  side 2    Res =  0.3815E-02
 MRCHDU: Convergence failed at  57  side 2    Res =  0.3558E-02
 MRCHDU: Convergence failed at  58  side 2    Res =  0.3243E-02
 MRCHDU: Convergence failed at  59  side 2    Res =  0.2875E-02
 MRCHDU: Convergence failed at  60  side 2    Res =  0.2467E-02
 MRCHDU: Convergence failed at  61  side 2    Res =  0.2042E-02
 MRCHDU: Convergence failed at  62  side 2    Res =  0.1626E-02
 MRCHDU: Convergence failed at  63  side 2    Res =  0.1240E-02
 MRCHDU: Convergence failed at  64  side 2    Res =  0.8959E-03
 MRCHDU: Convergence failed at  65  side 2    Res =  0.5950E-03
 MRCHDU: Convergence failed at  66  side 2    Res =  0.3381E-03
 MRCHDU: Convergence failed at  67  side 2    Res =  0.1435E-03
 MRCHDU: Convergence failed at  68  side 2    Res =  0.5752E-04
 MRCHDU: Convergence failed at  69  side 2    Res =  0.3330E-04
 MRCHDU: Convergence failed at  70  side 2    Res =  0.1786E-04
 MRCHDU: Convergence failed at  71  side 2    Res =  0.9962E-05
 MRCHDU: Convergence failed at  72  side 2    Res =  0.5604E-05
 MRCHDU: Convergence failed at  85  side 2    Res =  0.1021E-02
 MRCHDU: Convergence failed at  87  side 2    Res =  0.5407E-04
 Side 1  free  transition at x/c =  0.6194   53
 Side 2  free  transition at x/c =  0.0292   19

  31   rms: 0.4476E+03   max: -.3387E+04   T at   67  2   RLX: 0.000
       a =  2.000      CL = -0.5259
      Cm =  0.1609     CD = Infinity   =>   CDf =  0.00331    CDp = Infinity

 MRCHDU: Convergence failed at  22  side 2    Res =  0.1111E-02
 MRCHDU: Convergence failed at  23  side 2    Res =  0.2640E-01
 MRCHDU: Convergence failed at  24  side 2    Res =  0.1630E-01
 MRCHDU: Convergence failed at  25  side 2    Res =  0.1133E-01
 MRCHDU: Convergence failed at  26  side 2    Res =  0.8786E-02
 MRCHDU: Convergence failed at  27  side 2    Res =  0.7249E-02
 MRCHDU: Convergence failed at  28  side 2    Res =  0.6220E-02
 MRCHDU: Convergence failed at  29  side 2    Res =  0.5398E-02
 MRCHDU: Convergence failed at  30  side 2    Res =  0.4711E-02
 MRCHDU: Convergence failed at  31  side 2    Res =  0.4163E-02
 MRCHDU: Convergence failed at  32  side 2    Res =  0.4017E-02
 MRCHDU: Convergence failed at  33  side 2    Res =  0.4116E-02
 MRCHDU: Convergence failed at  34  side 2    Res =  0.3987E-02
 MRCHDU: Convergence failed at  35  side 2    Res =  0.3813E-02
 MRCHDU: Convergence failed at  36  side 2    Res =  0.3715E-02
 MRCHDU: Convergence failed at  37  side 2    Res =  0.3649E-02
 MRCHDU: Convergence failed at  38  side 2    Res =  0.3609E-02
 MRCHDU: Convergence failed at  39  side 2    Res =  0.3587E-02
 MRCHDU: Convergence failed at  40  side 2    Res =  0.3580E-02
 MRCHDU: Convergence failed at  41  side 2    Res =  0.3587E-02
 MRCHDU: Convergence failed at  42  side 2    Res =  0.3604E-02
 MRCHDU: Convergence failed at  43  side 2    Res =  0.3635E-02
 MRCHDU: Convergence failed at  44  side 2    Res =  0.3682E-02
 MRCHDU: Convergence failed at  45  side 2    Res =  0.3743E-02
 MRCHDU: Convergence failed at  46  side 2    Res =  0.3813E-02
 MRCHDU: Convergence failed at  47  side 2    Res =  0.3882E-02
 MRCHDU: Convergence failed at  48  side 2    Res =  0.3945E-02
 MRCHDU: Convergence failed at  49  side 2    Res =  0.4003E-02
 MRCHDU: Convergence failed at  50  side 2    Res =  0.4051E-02
 MRCHDU: Convergence failed at  51  side 2    Res =  0.4075E-02
 MRCHDU: Convergence failed at  52  side 2    Res =  0.4073E-02
 MRCHDU: Convergence failed at  53  side 2    Res =  0.4040E-02
 MRCHDU: Convergence failed at  54  side 2    Res =  0.3948E-02
 MRCHDU: Convergence failed at  55  side 2    Res =  0.3777E-02
 MRCHDU: Convergence failed at  56  side 2    Res =  0.3534E-02
 MRCHDU: Convergence failed at  57  side 2    Res =  0.3233E-02
 MRCHDU: Convergence failed at  58  side 2    Res =  0.2884E-02
 MRCHDU: Convergence failed at  59  side 2    Res =  0.2498E-02
 MRCHDU: Convergence failed at  60  side 2    Res =  0.2092E-02
 MRCHDU: Convergence failed at  61  side 2    Res =  0.1688E-02
 MRCHDU: Convergence failed at  62  side 2    Res =  0.1305E-02
 MRCHDU: Convergence failed at  63  side 2    Res =  0.9579E-03
 MRCHDU: Convergence failed at  64  side 2    Res =  0.6528E-03
 MRCHDU: Convergence failed at  65  side 2    Res =  0.3910E-03
 MRCHDU: Convergence failed at  66  side 2    Res =  0.1832E-03
 MRCHDU: Convergence failed at  67  side 2    Res =  0.7167E-04
 MRCHDU: Convergence failed at  68  side 2    Res =  0.3862E-04
 MRCHDU: Convergence failed at  69  side 2    Res =  0.2195E-04
 MRCHDU: Convergence failed at  70  side 2    Res =  0.1191E-04
 MRCHDU: Convergence failed at  71  side 2    Res =  0.6754E-05
 MRCHDU: Convergence failed at  85  side 2    Res =  0.1022E-02
 MRCHDU: Convergence failed at  87  side 2    Res =  0.5439E-04
 Side 1  free  transition at x/c =  0.6194   53
 Side 2  free  transition at x/c =  0.0292   19

  32   rms: 0.6118E+03   max: -.4287E+04   T at   66  2   RLX: 0.000
       a =  2.000      CL = -0.5258
      Cm =  0.1609     CD = Infinity   =>   CDf =  0.00331    CDp = Infinity

 MRCHDU: Convergence failed at  22  side 2    Res =  0.1119E-02
 MRCHDU: Convergence failed at  23  side 2    Res =  0.2640E-01
 MRCHDU: Convergence failed at  24  side 2    Res =  0.1629E-01
 MRCHDU: Convergence failed at  25  side 2    Res =  0.1133E-01
 MRCHDU: Convergence failed at  26  side 2    Res =  0.8786E-02
 MRCHDU: Convergence failed at  27  side 2    Res =  0.7249E-02
 MRCHDU: Convergence failed at  28  side 2    Res =  0.6220E-02
 MRCHDU: Convergence failed at  29  side 2    Res =  0.5398E-02
 MRCHDU: Convergence failed at  30  side 2    Res =  0.4711E-02
 MRCHDU: Convergence failed at  31  side 2    Res =  0.4163E-02
 MRCHDU: Convergence failed at  32  side 2    Res =  0.4018E-02
 MRCHDU: Convergence failed at  33  side 2    Res =  0.4116E-02
 MRCHDU: Convergence failed at  34  side 2    Res =  0.3987E-02
 MRCHDU: Convergence failed at  35  side 2    Res =  0.3813E-02
 MRCHDU: Convergence failed at  36  side 2    Res =  0.3715E-02
 MRCHDU: Convergence failed at  37  side 2    Res =  0.3649E-02
 MRCHDU: Convergence failed at  38  side 2    Res =  0.3608E-02
 MRCHDU: Convergence failed at  39  side 2    Res =  0.3586E-02
 MRCHDU: Convergence failed at  40  side 2    Res =  0.3577E-02
 MRCHDU: Convergence failed at  41  side 2    Res =  0.3582E-02
 MRCHDU: Convergence failed at  42  side 2    Res =  0.3598E-02
 MRCHDU: Convergence failed at  43  side 2    Res =  0.3626E-02
 MRCHDU: Convergence failed at  44  side 2    Res =  0.3670E-02
 MRCHDU: Convergence failed at  45  side 2    Res =  0.3727E-02
 MRCHDU: Convergence failed at  46  side 2    Res =  0.3791E-02
 MRCHDU: Convergence failed at  47  side 2    Res =  0.3851E-02
 MRCHDU: Convergence failed at  48  side 2    Res =  0.3904E-02
 MRCHDU: Convergence failed at  49  side 2    Res =  0.3947E-02
 MRCHDU: Convergence failed at  50  side 2    Res =  0.3974E-02
 MRCHDU: Convergence failed at  51  side 2    Res =  0.3973E-02
 MRCHDU: Convergence failed at  52  side 2    Res =  0.3938E-02
 MRCHDU: Convergence failed at  53  side 2    Res =  0.3865E-02
 MRCHDU: Convergence failed at  54  side 2    Res =  0.3728E-02
 MRCHDU: Convergence failed at  55  side 2    Res =  0.3511E-02
 MRCHDU: Convergence failed at  56  side 2    Res =  0.3225E-02
 MRCHDU: Convergence failed at  57  side 2    Res =  0.2890E-02
 MRCHDU: Convergence failed at  58  side 2    Res =  0.2520E-02
 MRCHDU: Convergence failed at  59  side 2    Res =  0.2131E-02
 MRCHDU: Convergence failed at  60  side 2    Res =  0.1740E-02
 MRCHDU: Convergence failed at  61  side 2    Res =  0.1364E-02
 MRCHDU: Convergence failed at  62  side 2    Res =  0.1018E-02
 MRCHDU: Convergence failed at  63  side 2    Res =  0.7091E-03
 MRCHDU: Convergence failed at  64  side 2    Res =  0.4422E-03
 MRCHDU: Convergence failed at  65  side 2    Res =  0.2247E-03
 MRCHDU: Convergence failed at  66  side 2    Res =  0.9105E-04
 MRCHDU: Convergence failed at  67  side 2    Res =  0.4627E-04
 MRCHDU: Convergence failed at  68  side 2    Res =  0.2608E-04
 MRCHDU: Convergence failed at  69  side 2    Res =  0.1452E-04
 MRCHDU: Convergence failed at  70  side 2    Res =  0.8153E-05
 MRCHDU: Convergence failed at  85  side 2    Res =  0.1023E-02
 MRCHDU: Convergence failed at  87  side 2    Res =  0.5464E-04
 Side 1  free  transition at x/c =  0.6194   53
 Side 2  free  transition at x/c =  0.0292   19

  33   rms: 0.7176E+03   max: -.5646E+04   T at   65  2   RLX: 0.000
       a =  2.000      CL = -0.5257
      Cm =  0.1609     CD = Infinity   =>   CDf =  0.00331    CDp = Infinity

 MRCHDU: Convergence failed at  22  side 2    Res =  0.1128E-02
 MRCHDU: Convergence failed at  23  side 2    Res =  0.2639E-01
 MRCHDU: Convergence failed at  24  side 2    Res =  0.1629E-01
 MRCHDU: Convergence failed at  25  side 2    Res =  0.1133E-01
 MRCHDU: Convergence failed at  26  side 2    Res =  0.8785E-02
 MRCHDU: Convergence failed at  27  side 2    Res =  0.7249E-02
 MRCHDU: Convergence failed at  28  side 2    Res =  0.6220E-02
 MRCHDU: Convergence failed at  29  side 2    Res =  0.5398E-02
 MRCHDU: Convergence failed at  30  side 2    Res =  0.4711E-02
 MRCHDU: Convergence failed at  31  side 2    Res =  0.4162E-02
 MRCHDU: Convergence failed at  32  side 2    Res =  0.4017E-02
 MRCHDU: Convergence failed at  33  side 2    Res =  0.4116E-02
 MRCHDU: Convergence failed at  34  side 2    Res =  0.3986E-02
 MRCHDU: Convergence failed at  35  side 2    Res =  0.3812E-02
 MRCHDU: Convergence failed at  36  side 2    Res =  0.3713E-02
 MRCHDU: Convergence failed at  37  side 2    Res =  0.3647E-02
 MRCHDU: Convergence failed at  38  side 2    Res =  0.3606E-02
 MRCHDU: Convergence failed at  39  side 2    Res =  0.3582E-02
 MRCHDU: Convergence failed at  40  side 2    Res =  0.3573E-02
 MRCHDU: Convergence failed at  41  side 2    Res =  0.3576E-02
 MRCHDU: Convergence failed at  42  side 2    Res =  0.3589E-02
 MRCHDU: Convergence failed at  43  side 2    Res =  0.3614E-02
 MRCHDU: Convergence failed at  44  side 2    Res =  0.3654E-02
 MRCHDU: Convergence failed at  45  side 2    Res =  0.3705E-02
 MRCHDU: Convergence failed at  46  side 2    Res =  0.3760E-02
 MRCHDU: Convergence failed at  47  side 2    Res =  0.3810E-02
 MRCHDU: Convergence failed at  48  side 2    Res =  0.3848E-02
 MRCHDU: Convergence failed at  49  side 2    Res =  0.3872E-02
 MRCHDU: Convergence failed at  50  side 2    Res =  0.3875E-02
 MRCHDU: Convergence failed at  51  side 2    Res =  0.3843E-02
 MRCHDU: Convergence failed at  52  side 2    Res =  0.3771E-02
 MRCHDU: Convergence failed at  53  side 2    Res =  0.3653E-02
 MRCHDU: Convergence failed at  54  side 2    Res =  0.3469E-02
 MRCHDU: Convergence failed at  55  side 2    Res =  0.3208E-02
 MRCHDU: Convergence failed at  56  side 2    Res =  0.2886E-02
 MRCHDU: Convergence failed at  57  side 2    Res =  0.2529E-02
 MRCHDU: Convergence failed at  58  side 2    Res =  0.2153E-02
 MRCHDU: Convergence failed at  59  side 2    Res =  0.1774E-02
 MRCHDU: Convergence failed at  60  side 2    Res =  0.1408E-02
 MRCHDU: Convergence failed at  61  side 2    Res =  0.1066E-02
 MRCHDU: Convergence failed at  62  side 2    Res =  0.7569E-03
 MRCHDU: Convergence failed at  63  side 2    Res =  0.4863E-03
 MRCHDU: Convergence failed at  64  side 2    Res =  0.2618E-03
 MRCHDU: Convergence failed at  65  side 2    Res =  0.1113E-03
 MRCHDU: Convergence failed at  66  side 2    Res =  0.5490E-04
 MRCHDU: Convergence failed at  67  side 2    Res =  0.3118E-04
 MRCHDU: Convergence failed at  68  side 2    Res =  0.1696E-04
 MRCHDU: Convergence failed at  69  side 2    Res =  0.9838E-05
 MRCHDU: Convergence failed at  70  side 2    Res =  0.5518E-05
 MRCHDU: Convergence failed at  85  side 2    Res =  0.1024E-02
 MRCHDU: Convergence failed at  87  side 2    Res =  0.5483E-04
 Side 1  free  transition at x/c =  0.6194   53
 Side 2  free  transition at x/c =  0.0292   19

  34   rms: 0.8783E+03   max: -.6737E+04   T at   64  2   RLX: 0.000
       a =  2.000      CL = -0.5256
      Cm =  0.1609     CD = Infinity   =>   CDf =  0.00331    CDp = Infinity

 MRCHDU: Convergence failed at  22  side 2    Res =  0.1138E-02
 MRCHDU: Convergence failed at  23  side 2    Res =  0.2639E-01
 MRCHDU: Convergence failed at  24  side 2    Res =  0.1629E-01
 MRCHDU: Convergence failed at  25  side 2    Res =  0.1133E-01
 MRCHDU: Convergence failed at  26  side 2    Res =  0.8785E-02
 MRCHDU: Convergence failed at  27  side 2    Res =  0.7248E-02
 MRCHDU: Convergence failed at  28  side 2    Res =  0.6220E-02
 MRCHDU: Convergence failed at  29  side 2    Res =  0.5398E-02
 MRCHDU: Convergence failed at  30  side 2    Res =  0.4711E-02
 MRCHDU: Convergence failed at  31  side 2    Res =  0.4162E-02
 MRCHDU: Convergence failed at  32  side 2    Res =  0.4017E-02
 MRCHDU: Convergence failed at  33  side 2    Res =  0.4115E-02
 MRCHDU: Convergence failed at  34  side 2    Res =  0.3985E-02
 MRCHDU: Convergence failed at  35  side 2    Res =  0.3810E-02
 MRCHDU: Convergence failed at  36  side 2    Res =  0.3711E-02
 MRCHDU: Convergence failed at  37  side 2    Res =  0.3644E-02
 MRCHDU: Convergence failed at  38  side 2    Res =  0.3602E-02
 MRCHDU: Convergence failed at  39  side 2    Res =  0.3577E-02
 MRCHDU: Convergence failed at  40  side 2    Res =  0.3565E-02
 MRCHDU: Convergence failed at  41  side 2    Res =  0.3566E-02
 MRCHDU: Convergence failed at  42  side 2    Res =  0.3576E-02
 MRCHDU: Convergence failed at  43  side 2    Res =  0.3597E-02
 MRCHDU: Convergence failed at  44  side 2    Res =  0.3630E-02
 MRCHDU: Convergence failed at  45  side 2    Res =  0.3674E-02
 MRCHDU: Convergence failed at  46  side 2    Res =  0.3718E-02
 MRCHDU: Convergence failed at  47  side 2    Res =  0.3754E-02
 MRCHDU: Convergence failed at  48  side 2    Res =  0.3773E-02
 MRCHDU: Convergence failed at  49  side 2    Res =  0.3774E-02
 MRCHDU: Convergence failed at  50  side 2    Res =  0.3747E-02
 MRCHDU: Convergence failed at  51  side 2    Res =  0.3678E-02
 MRCHDU: Convergence failed at  52  side 2    Res =  0.3564E-02
 MRCHDU: Convergence failed at  53  side 2    Res =  0.3399E-02
 MRCHDU: Convergence failed at  54  side 2    Res =  0.3169E-02
 MRCHDU: Convergence failed at  55  side 2    Res =  0.2869E-02
 MRCHDU: Convergence failed at  56  side 2    Res =  0.2524E-02
 MRCHDU: Convergence failed at  57  side 2    Res =  0.2157E-02
 MRCHDU: Convergence failed at  58  side 2    Res =  0.1789E-02
 MRCHDU: Convergence failed at  59  side 2    Res =  0.1431E-02
 MRCHDU: Convergence failed at  60  side 2    Res =  0.1096E-02
 MRCHDU: Convergence failed at  61  side 2    Res =  0.7907E-03
 MRCHDU: Convergence failed at  62  side 2    Res =  0.5200E-03
 MRCHDU: Convergence failed at  63  side 2    Res =  0.2915E-03
 MRCHDU: Convergence failed at  64  side 2    Res =  0.1293E-03
 MRCHDU: Convergence failed at  65  side 2    Res =  0.6240E-04
 MRCHDU: Convergence failed at  66  side 2    Res =  0.3627E-04
 MRCHDU: Convergence failed at  67  side 2    Res =  0.1982E-04
 MRCHDU: Convergence failed at  68  side 2    Res =  0.1126E-04
 MRCHDU: Convergence failed at  69  side 2    Res =  0.6510E-05
 MRCHDU: Convergence failed at  85  side 2    Res =  0.1024E-02
 MRCHDU: Convergence failed at  87  side 2    Res =  0.5498E-04
 MRCHDU: Convergence failed at 104  side 2    Res =  0.4748E-02
 Side 1  free  transition at x/c =  0.6195   53
 Side 2  free  transition at x/c =  0.0292   19

  35   rms: 0.1039E+04   max: -.9526E+04   C at  104  2   RLX: 0.000
       a =  2.000      CL = -0.5255
      Cm =  0.1609     CD = Infinity   =>   CDf =  0.00331    CDp = Infinity

 MRCHDU: Convergence failed at  22  side 2    Res =  0.1144E-02
 MRCHDU: Convergence failed at  23  side 2    Res =  0.2639E-01
 MRCHDU: Convergence failed at  24  side 2    Res =  0.1629E-01
 MRCHDU: Convergence failed at  25  side 2    Res =  0.1133E-01
 MRCHDU: Convergence failed at  26  side 2    Res =  0.8785E-02
 MRCHDU: Convergence failed at  27  side 2    Res =  0.7248E-02
 MRCHDU: Convergence failed at  28  side 2    Res =  0.6220E-02
 MRCHDU: Convergence failed at  29  side 2    Res =  0.5398E-02
 MRCHDU: Convergence failed at  30  side 2    Res =  0.4710E-02
 MRCHDU: Convergence failed at  31  side 2    Res =  0.4162E-02
 MRCHDU: Convergence failed at  32  side 2    Res =  0.4016E-02
 MRCHDU: Convergence failed at  33  side 2    Res =  0.4114E-02
 MRCHDU: Convergence failed at  34  side 2    Res =  0.3984E-02
 MRCHDU: Convergence failed at  35  side 2    Res =  0.3809E-02
 MRCHDU: Convergence failed at  36  side 2    Res =  0.3709E-02
 MRCHDU: Convergence failed at  37  side 2    Res =  0.3641E-02
 MRCHDU: Convergence failed at  38  side 2    Res =  0.3598E-02
 MRCHDU: Convergence failed at  39  side 2    Res =  0.3572E-02
 MRCHDU: Convergence failed at  40  side 2    Res =  0.3559E-02
 MRCHDU: Convergence failed at  41  side 2    Res =  0.3558E-02
 MRCHDU: Convergence failed at  42  side 2    Res =  0.3565E-02
 MRCHDU: Convergence failed at  43  side 2    Res =  0.3582E-02
 MRCHDU: Convergence failed at  44  side 2    Res =  0.3611E-02
 MRCHDU: Convergence failed at  45  side 2    Res =  0.3647E-02
 MRCHDU: Convergence failed at  46  side 2    Res =  0.3683E-02
 MRCHDU: Convergence failed at  47  side 2    Res =  0.3707E-02
 MRCHDU: Convergence failed at  48  side 2    Res =  0.3712E-02
 MRCHDU: Convergence failed at  49  side 2    Res =  0.3694E-02
 MRCHDU: Convergence failed at  50  side 2    Res =  0.3644E-02
 MRCHDU: Convergence failed at  51  side 2    Res =  0.3549E-02
 MRCHDU: Convergence failed at  52  side 2    Res =  0.3404E-02
 MRCHDU: Convergence failed at  53  side 2    Res =  0.3209E-02
 MRCHDU: Convergence failed at  54  side 2    Res =  0.2951E-02
 MRCHDU: Convergence failed at  55  side 2    Res =  0.2633E-02
 MRCHDU: Convergence failed at  56  side 2    Res =  0.2279E-02
 MRCHDU: Convergence failed at  57  side 2    Res =  0.1915E-02
 MRCHDU: Convergence failed at  58  side 2    Res =  0.1558E-02
 MRCHDU: Convergence failed at  59  side 2    Res =  0.1220E-02
 MRCHDU: Convergence failed at  60  side 2    Res =  0.9086E-03
 MRCHDU: Convergence failed at  61  side 2    Res =  0.6288E-03
 MRCHDU: Convergence failed at  62  side 2    Res =  0.3864E-03
 MRCHDU: Convergence failed at  63  side 2    Res =  0.1973E-03
 MRCHDU: Convergence failed at  64  side 2    Res =  0.9056E-04
 MRCHDU: Convergence failed at  65  side 2    Res =  0.4871E-04
 MRCHDU: Convergence failed at  66  side 2    Res =  0.2778E-04
 MRCHDU: Convergence failed at  67  side 2    Res =  0.1542E-04
 MRCHDU: Convergence failed at  68  side 2    Res =  0.8773E-05
 MRCHDU: Convergence failed at  69  side 2    Res =  0.5173E-05
 MRCHDU: Convergence failed at  85  side 2    Res =  0.1025E-02
 MRCHDU: Convergence failed at  87  side 2    Res =  0.5508E-04
 Side 1  free  transition at x/c =  0.6195   53
 Side 2  free  transition at x/c =  0.0292   19

  36   rms: 0.1185E+04   max: -.8861E+04   T at   63  2   RLX: 0.000
       a =  2.000      CL = -0.5255
      Cm =  0.1609     CD = Infinity   =>   CDf =  0.00331    CDp = Infinity

 MRCHDU: Convergence failed at  22  side 2    Res =  0.1155E-02
 MRCHDU: Convergence failed at  23  side 2    Res =  0.2639E-01
 MRCHDU: Convergence failed at  24  side 2    Res =  0.1629E-01
 MRCHDU: Convergence failed at  25  side 2    Res =  0.1133E-01
 MRCHDU: Convergence failed at  26  side 2    Res =  0.8784E-02
 MRCHDU: Convergence failed at  27  side 2    Res =  0.7248E-02
 MRCHDU: Convergence failed at  28  side 2    Res =  0.6219E-02
 MRCHDU: Convergence failed at  29  side 2    Res =  0.5397E-02
 MRCHDU: Convergence failed at  30  side 2    Res =  0.4709E-02
 MRCHDU: Convergence failed at  31  side 2    Res =  0.4161E-02
 MRCHDU: Convergence failed at  32  side 2    Res =  0.4015E-02
 MRCHDU: Convergence failed at  33  side 2    Res =  0.4112E-02
 MRCHDU: Convergence failed at  34  side 2    Res =  0.3982E-02
 MRCHDU: Convergence failed at  35  side 2    Res =  0.3806E-02
 MRCHDU: Convergence failed at  36  side 2    Res =  0.3705E-02
 MRCHDU: Convergence failed at  37  side 2    Res =  0.3636E-02
 MRCHDU: Convergence failed at  38  side 2    Res =  0.3591E-02
 MRCHDU: Convergence failed at  39  side 2    Res =  0.3563E-02
 MRCHDU: Convergence failed at  40  side 2    Res =  0.3547E-02
 MRCHDU: Convergence failed at  41  side 2    Res =  0.3541E-02
 MRCHDU: Convergence failed at  42  side 2    Res =  0.3543E-02
 MRCHDU: Convergence failed at  43  side 2    Res =  0.3554E-02
 MRCHDU: Convergence failed at  44  side 2    Res =  0.3573E-02
 MRCHDU: Convergence failed at  45  side 2    Res =  0.3598E-02
 MRCHDU: Convergence failed at  46  side 2    Res =  0.3618E-02
 MRCHDU: Convergence failed at  47  side 2    Res =  0.3621E-02
 MRCHDU: Convergence failed at  48  side 2    Res =  0.3600E-02
 MRCHDU: Convergence failed at  49  side 2    Res =  0.3550E-02
 MRCHDU: Convergence failed at  50  side 2    Res =  0.3463E-02
 MRCHDU: Convergence failed at  51  side 2    Res =  0.3325E-02
 MRCHDU: Convergence failed at  52  side 2    Res =  0.3136E-02
 MRCHDU: Convergence failed at  53  side 2    Res =  0.2898E-02
 MRCHDU: Convergence failed at  54  side 2    Res =  0.2606E-02
 MRCHDU: Convergence failed at  55  side 2    Res =  0.2269E-02
 MRCHDU: Convergence failed at  56  side 2    Res =  0.1913E-02
 MRCHDU: Convergence failed at  57  side 2    Res =  0.1562E-02
 MRCHDU: Convergence failed at  58  side 2    Res =  0.1230E-02
 MRCHDU: Convergence failed at  59  side 2    Res =  0.9233E-03
 MRCHDU: Convergence failed at  60  side 2    Res =  0.6473E-03
 MRCHDU: Convergence failed at  61  side 2    Res =  0.4059E-03
 MRCHDU: Convergence failed at  62  side 2    Res =  0.2116E-03
 MRCHDU: Convergence failed at  63  side 2    Res =  0.9735E-04
 MRCHDU: Convergence failed at  64  side 2    Res =  0.5495E-04
 MRCHDU: Convergence failed at  65  side 2    Res =  0.3135E-04
 MRCHDU: Convergence failed at  66  side 2    Res =  0.1767E-04
 MRCHDU: Convergence failed at  67  side 2    Res =  0.1008E-04
 MRCHDU: Convergence failed at  68  side 2    Res =  0.5820E-05
 MRCHDU: Convergence failed at  85  side 2    Res =  0.1025E-02
 MRCHDU: Convergence failed at  87  side 2    Res =  0.5519E-04
 Side 1  free  transition at x/c =  0.6195   53
 Side 2  free  transition at x/c =  0.0292   19

  37   rms: 0.1176E+04   max: -.8576E+04   T at   62  2   RLX: 0.000
       a =  2.000      CL = -0.5254
      Cm =  0.1610     CD = Infinity   =>   CDf =  0.00331    CDp = Infinity

 MRCHDU: Convergence failed at  22  side 2    Res =  0.1166E-02
 MRCHDU: Convergence failed at  23  side 2    Res =  0.2639E-01
 MRCHDU: Convergence failed at  24  side 2    Res =  0.1629E-01
 MRCHDU: Convergence failed at  25  side 2    Res =  0.1133E-01
 MRCHDU: Convergence failed at  26  side 2    Res =  0.8784E-02
 MRCHDU: Convergence failed at  27  side 2    Res =  0.7247E-02
 MRCHDU: Convergence failed at  28  side 2    Res =  0.6219E-02
 MRCHDU: Convergence failed at  29  side 2    Res =  0.5396E-02
 MRCHDU: Convergence failed at  30  side 2    Res =  0.4708E-02
 MRCHDU: Convergence failed at  31  side 2    Res =  0.4160E-02
 MRCHDU: Convergence failed at  32  side 2    Res =  0.4013E-02
 MRCHDU: Convergence failed at  33  side 2    Res =  0.4110E-02
 MRCHDU: Convergence failed at  34  side 2    Res =  0.3979E-02
 MRCHDU: Convergence failed at  35  side 2    Res =  0.3802E-02
 MRCHDU: Convergence failed at  36  side 2    Res =  0.3700E-02
 MRCHDU: Convergence failed at  37  side 2    Res =  0.3629E-02
 MRCHDU: Convergence failed at  38  side 2    Res =  0.3582E-02
 MRCHDU: Convergence failed at  39  side 2    Res =  0.3550E-02
 MRCHDU: Convergence failed at  40  side 2    Res =  0.3530E-02
 MRCHDU: Convergence failed at  41  side 2    Res =  0.3520E-02
 MRCHDU: Convergence failed at  42  side 2    Res =  0.3515E-02
 MRCHDU: Convergence failed at  43  side 2    Res =  0.3516E-02
 MRCHDU: Convergence failed at  44  side 2    Res =  0.3524E-02
 MRCHDU: Convergence failed at  45  side 2    Res =  0.3533E-02
 MRCHDU: Convergence failed at  46  side 2    Res =  0.3533E-02
 MRCHDU: Convergence failed at  47  side 2    Res =  0.3512E-02
 MRCHDU: Convergence failed at  48  side 2    Res =  0.3460E-02
 MRCHDU: Convergence failed at  49  side 2    Res =  0.3374E-02
 MRCHDU: Convergence failed at  50  side 2    Res =  0.3245E-02
 MRCHDU: Convergence failed at  51  side 2    Res =  0.3064E-02
 MRCHDU: Convergence failed at  52  side 2    Res =  0.2834E-02
 MRCHDU: Convergence failed at  53  side 2    Res =  0.2561E-02
 MRCHDU: Convergence failed at  54  side 2    Res =  0.2247E-02
 MRCHDU: Convergence failed at  55  side 2    Res =  0.1905E-02
 MRCHDU: Convergence failed at  56  side 2    Res =  0.1560E-02
 MRCHDU: Convergence failed at  57  side 2    Res =  0.1232E-02
 MRCHDU: Convergence failed at  58  side 2    Res =  0.9294E-03
 MRCHDU: Convergence failed at  59  side 2    Res =  0.6575E-03
 MRCHDU: Convergence failed at  60  side 2    Res =  0.4192E-03
 MRCHDU: Convergence failed at  61  side 2    Res =  0.2251E-03
 MRCHDU: Convergence failed at  62  side 2    Res =  0.1042E-03
 MRCHDU: Convergence failed at  63  side 2    Res =  0.5809E-04
 MRCHDU: Convergence failed at  64  side 2    Res =  0.3518E-04
 MRCHDU: Convergence failed at  65  side 2    Res =  0.1966E-04
 MRCHDU: Convergence failed at  66  side 2    Res =  0.1144E-04
 MRCHDU: Convergence failed at  67  side 2    Res =  0.6571E-05
 MRCHDU: Convergence failed at  85  side 2    Res =  0.1025E-02
 MRCHDU: Convergence failed at  87  side 2    Res =  0.5530E-04
 Side 1  free  transition at x/c =  0.6195   53
 Side 2  free  transition at x/c =  0.0292   19

  38   rms: 0.1213E+04   max: -.8215E+04   T at   61  2   RLX: 0.000
       a =  2.000      CL = -0.5253
      Cm =  0.1610     CD = Infinity   =>   CDf =  0.00331    CDp = Infinity

 MRCHDU: Convergence failed at  22  side 2    Res =  0.1178E-02
 MRCHDU: Convergence failed at  23  side 2    Res =  0.2638E-01
 MRCHDU: Convergence failed at  24  side 2    Res =  0.1629E-01
 MRCHDU: Convergence failed at  25  side 2    Res =  0.1133E-01
 MRCHDU: Convergence failed at  26  side 2    Res =  0.8783E-02
 MRCHDU: Convergence failed at  27  side 2    Res =  0.7247E-02
 MRCHDU: Convergence failed at  28  side 2    Res =  0.6218E-02
 MRCHDU: Convergence failed at  29  side 2    Res =  0.5395E-02
 MRCHDU: Convergence failed at  30  side 2    Res =  0.4707E-02
 MRCHDU: Convergence failed at  31  side 2    Res =  0.4158E-02
 MRCHDU: Convergence failed at  32  side 2    Res =  0.4011E-02
 MRCHDU: Convergence failed at  33  side 2    Res =  0.4107E-02
 MRCHDU: Convergence failed at  34  side 2    Res =  0.3974E-02
 MRCHDU: Convergence failed at  35  side 2    Res =  0.3796E-02
 MRCHDU: Convergence failed at  36  side 2    Res =  0.3693E-02
 MRCHDU: Convergence failed at  37  side 2    Res =  0.3619E-02
 MRCHDU: Convergence failed at  38  side 2    Res =  0.3569E-02
 MRCHDU: Convergence failed at  39  side 2    Res =  0.3533E-02
 MRCHDU: Convergence failed at  40  side 2    Res =  0.3508E-02
 MRCHDU: Convergence failed at  41  side 2    Res =  0.3491E-02
 MRCHDU: Convergence failed at  42  side 2    Res =  0.3477E-02
 MRCHDU: Convergence failed at  43  side 2    Res =  0.3467E-02
 MRCHDU: Convergence failed at  44  side 2    Res =  0.3459E-02
 MRCHDU: Convergence failed at  45  side 2    Res =  0.3449E-02
 MRCHDU: Convergence failed at  46  side 2    Res =  0.3425E-02
 MRCHDU: Convergence failed at  47  side 2    Res =  0.3373E-02
 MRCHDU: Convergence failed at  48  side 2    Res =  0.3286E-02
 MRCHDU: Convergence failed at  49  side 2    Res =  0.3160E-02
 MRCHDU: Convergence failed at  50  side 2    Res =  0.2989E-02
 MRCHDU: Convergence failed at  51  side 2    Res =  0.2768E-02
 MRCHDU: Convergence failed at  52  side 2    Res =  0.2503E-02
 MRCHDU: Convergence failed at  53  side 2    Res =  0.2206E-02
 MRCHDU: Convergence failed at  54  side 2    Res =  0.1883E-02
 MRCHDU: Convergence failed at  55  side 2    Res =  0.1548E-02
 MRCHDU: Convergence failed at  56  side 2    Res =  0.1225E-02
 MRCHDU: Convergence failed at  57  side 2    Res =  0.9259E-03
 MRCHDU: Convergence failed at  58  side 2    Res =  0.6578E-03
 MRCHDU: Convergence failed at  59  side 2    Res =  0.4237E-03
 MRCHDU: Convergence failed at  60  side 2    Res =  0.2326E-03
 MRCHDU: Convergence failed at  61  side 2    Res =  0.1106E-03
 MRCHDU: Convergence failed at  62  side 2    Res =  0.6079E-04
 MRCHDU: Convergence failed at  63  side 2    Res =  0.3689E-04
 MRCHDU: Convergence failed at  64  side 2    Res =  0.2175E-04
 MRCHDU: Convergence failed at  65  side 2    Res =  0.1251E-04
 MRCHDU: Convergence failed at  66  side 2    Res =  0.7330E-05
 MRCHDU: Convergence failed at  85  side 2    Res =  0.1026E-02
 MRCHDU: Convergence failed at  87  side 2    Res =  0.5541E-04
 Side 1  free  transition at x/c =  0.6195   53
 Side 2  free  transition at x/c =  0.0292   19

  39   rms: 0.1988E+04   max: -.1401E+05   T at   60  2   RLX: 0.000
       a =  2.000      CL = -0.5253
      Cm =  0.1610     CD = Infinity   =>   CDf =  0.00331    CDp = Infinity

 MRCHDU: Convergence failed at  22  side 2    Res =  0.1190E-02
 MRCHDU: Convergence failed at  23  side 2    Res =  0.2638E-01
 MRCHDU: Convergence failed at  24  side 2    Res =  0.1629E-01
 MRCHDU: Convergence failed at  25  side 2    Res =  0.1133E-01
 MRCHDU: Convergence failed at  26  side 2    Res =  0.8782E-02
 MRCHDU: Convergence failed at  27  side 2    Res =  0.7245E-02
 MRCHDU: Convergence failed at  28  side 2    Res =  0.6217E-02
 MRCHDU: Convergence failed at  29  side 2    Res =  0.5393E-02
 MRCHDU: Convergence failed at  30  side 2    Res =  0.4705E-02
 MRCHDU: Convergence failed at  31  side 2    Res =  0.4155E-02
 MRCHDU: Convergence failed at  32  side 2    Res =  0.4008E-02
 MRCHDU: Convergence failed at  33  side 2    Res =  0.4102E-02
 MRCHDU: Convergence failed at  34  side 2    Res =  0.3968E-02
 MRCHDU: Convergence failed at  35  side 2    Res =  0.3788E-02
 MRCHDU: Convergence failed at  36  side 2    Res =  0.3682E-02
 MRCHDU: Convergence failed at  37  side 2    Res =  0.3605E-02
 MRCHDU: Convergence failed at  38  side 2    Res =  0.3551E-02
 MRCHDU: Convergence failed at  39  side 2    Res =  0.3510E-02
 MRCHDU: Convergence failed at  40  side 2    Res =  0.3478E-02
 MRCHDU: Convergence failed at  41  side 2    Res =  0.3451E-02
 MRCHDU: Convergence failed at  42  side 2    Res =  0.3426E-02
 MRCHDU: Convergence failed at  43  side 2    Res =  0.3400E-02
 MRCHDU: Convergence failed at  44  side 2    Res =  0.3374E-02
 MRCHDU: Convergence failed at  45  side 2    Res =  0.3339E-02
 MRCHDU: Convergence failed at  46  side 2    Res =  0.3285E-02
 MRCHDU: Convergence failed at  47  side 2    Res =  0.3199E-02
 MRCHDU: Convergence failed at  48  side 2    Res =  0.3073E-02
 MRCHDU: Convergence failed at  49  side 2    Res =  0.2906E-02
 MRCHDU: Convergence failed at  50  side 2    Res =  0.2694E-02
 MRCHDU: Convergence failed at  51  side 2    Res =  0.2438E-02
 MRCHDU: Convergence failed at  52  side 2    Res =  0.2149E-02
 MRCHDU: Convergence failed at  53  side 2    Res =  0.1841E-02
 MRCHDU: Convergence failed at  54  side 2    Res =  0.1522E-02
 MRCHDU: Convergence failed at  55  side 2    Res =  0.1207E-02
 MRCHDU: Convergence failed at  56  side 2    Res =  0.9125E-03
 MRCHDU: Convergence failed at  57  side 2    Res =  0.6480E-03
 MRCHDU: Convergence failed at  58  side 2    Res =  0.4184E-03
 MRCHDU: Convergence failed at  59  side 2    Res =  0.2328E-03
 MRCHDU: Convergence failed at  60  side 2    Res =  0.1139E-03
 MRCHDU: Convergence failed at  61  side 2    Res =  0.6328E-04
 MRCHDU: Convergence failed at  62  side 2    Res =  0.3811E-04
 MRCHDU: Convergence failed at  63  side 2    Res =  0.2260E-04
 MRCHDU: Convergence failed at  64  side 2    Res =  0.1362E-04
 MRCHDU: Convergence failed at  65  side 2    Res =  0.7881E-05
 MRCHDU: Convergence failed at  85  side 2    Res =  0.1025E-02
 MRCHDU: Convergence failed at  87  side 2    Res =  0.5548E-04
 Side 1  free  transition at x/c =  0.6195   53
 Side 2  free  transition at x/c =  0.0292   19

  40   rms: 0.2042E+04   max: -.1352E+05   T at   59  2   RLX: 0.000
       a =  2.000      CL = -0.5253
      Cm =  0.1610     CD = Infinity   =>   CDf =  0.00331    CDp = Infinity

 MRCHDU: Convergence failed at  22  side 2    Res =  0.1203E-02
 MRCHDU: Convergence failed at  23  side 2    Res =  0.2638E-01
 MRCHDU: Convergence failed at  24  side 2    Res =  0.1629E-01
 MRCHDU: Convergence failed at  25  side 2    Res =  0.1133E-01
 MRCHDU: Convergence failed at  26  side 2    Res =  0.8781E-02
 MRCHDU: Convergence failed at  27  side 2    Res =  0.7244E-02
 MRCHDU: Convergence failed at  28  side 2    Res =  0.6215E-02
 MRCHDU: Convergence failed at  29  side 2    Res =  0.5391E-02
 MRCHDU: Convergence failed at  30  side 2    Res =  0.4702E-02
 MRCHDU: Convergence failed at  31  side 2    Res =  0.4152E-02
 MRCHDU: Convergence failed at  32  side 2    Res =  0.4003E-02
 MRCHDU: Convergence failed at  33  side 2    Res =  0.4096E-02
 MRCHDU: Convergence failed at  34  side 2    Res =  0.3959E-02
 MRCHDU: Convergence failed at  35  side 2    Res =  0.3777E-02
 MRCHDU: Convergence failed at  36  side 2    Res =  0.3668E-02
 MRCHDU: Convergence failed at  37  side 2    Res =  0.3587E-02
 MRCHDU: Convergence failed at  38  side 2    Res =  0.3526E-02
 MRCHDU: Convergence failed at  39  side 2    Res =  0.3478E-02
 MRCHDU: Convergence failed at  40  side 2    Res =  0.3437E-02
 MRCHDU: Convergence failed at  41  side 2    Res =  0.3398E-02
 MRCHDU: Convergence failed at  42  side 2    Res =  0.3357E-02
 MRCHDU: Convergence failed at  43  side 2    Res =  0.3313E-02
 MRCHDU: Convergence failed at  44  side 2    Res =  0.3262E-02
 MRCHDU: Convergence failed at  45  side 2    Res =  0.3198E-02
 MRCHDU: Convergence failed at  46  side 2    Res =  0.3110E-02
 MRCHDU: Convergence failed at  47  side 2    Res =  0.2985E-02
 MRCHDU: Convergence failed at  48  side 2    Res =  0.2818E-02
 MRCHDU: Convergence failed at  49  side 2    Res =  0.2610E-02
 MRCHDU: Convergence failed at  50  side 2    Res =  0.2364E-02
 MRCHDU: Convergence failed at  51  side 2    Res =  0.2084E-02
 MRCHDU: Convergence failed at  52  side 2    Res =  0.1783E-02
 MRCHDU: Convergence failed at  53  side 2    Res =  0.1478E-02
 MRCHDU: Convergence failed at  54  side 2    Res =  0.1176E-02
 MRCHDU: Convergence failed at  55  side 2    Res =  0.8887E-03
 MRCHDU: Convergence failed at  56  side 2    Res =  0.6286E-03
 MRCHDU: Convergence failed at  57  side 2    Res =  0.4041E-03
 MRCHDU: Convergence failed at  58  side 2    Res =  0.2254E-03
 MRCHDU: Convergence failed at  59  side 2    Res =  0.1134E-03
 MRCHDU: Convergence failed at  60  side 2    Res =  0.6434E-04
 MRCHDU: Convergence failed at  61  side 2    Res =  0.3892E-04
 MRCHDU: Convergence failed at  62  side 2    Res =  0.2299E-04
 MRCHDU: Convergence failed at  63  side 2    Res =  0.1391E-04
 MRCHDU: Convergence failed at  64  side 2    Res =  0.8399E-05
 MRCHDU: Convergence failed at  65  side 2    Res =  0.5055E-05
 MRCHDU: Convergence failed at  85  side 2    Res =  0.1026E-02
 MRCHDU: Convergence failed at  87  side 2    Res =  0.5557E-04
 Side 1  free  transition at x/c =  0.6195   53
 Side 2  free  transition at x/c =  0.0292   19

  41   rms: 0.2420E+04   max: -.1601E+05   T at   58  2   RLX: 0.000
       a =  2.000      CL = -0.5253
      Cm =  0.1610     CD = Infinity   =>   CDf =  0.00331    CDp = Infinity

 MRCHDU: Convergence failed at  22  side 2    Res =  0.1217E-02
 MRCHDU: Convergence failed at  23  side 2    Res =  0.2637E-01
 MRCHDU: Convergence failed at  24  side 2    Res =  0.1628E-01
 MRCHDU: Convergence failed at  25  side 2    Res =  0.1133E-01
 MRCHDU: Convergence failed at  26  side 2    Res =  0.8779E-02
 MRCHDU: Convergence failed at  27  side 2    Res =  0.7242E-02
 MRCHDU: Convergence failed at  28  side 2    Res =  0.6212E-02
 MRCHDU: Convergence failed at  29  side 2    Res =  0.5388E-02
 MRCHDU: Convergence failed at  30  side 2    Res =  0.4698E-02
 MRCHDU: Convergence failed at  31  side 2    Res =  0.4147E-02
 MRCHDU: Convergence failed at  32  side 2    Res =  0.3997E-02
 MRCHDU: Convergence failed at  33  side 2    Res =  0.4086E-02
 MRCHDU: Convergence failed at  34  side 2    Res =  0.3947E-02
 MRCHDU: Convergence failed at  35  side 2    Res =  0.3761E-02
 MRCHDU: Convergence failed at  36  side 2    Res =  0.3648E-02
 MRCHDU: Convergence failed at  37  side 2    Res =  0.3561E-02
 MRCHDU: Convergence failed at  38  side 2    Res =  0.3493E-02
 MRCHDU: Convergence failed at  39  side 2    Res =  0.3435E-02
 MRCHDU: Convergence failed at  40  side 2    Res =  0.3381E-02
 MRCHDU: Convergence failed at  41  side 2    Res =  0.3326E-02
 MRCHDU: Convergence failed at  42  side 2    Res =  0.3266E-02
 MRCHDU: Convergence failed at  43  side 2    Res =  0.3197E-02
 MRCHDU: Convergence failed at  44  side 2    Res =  0.3117E-02
 MRCHDU: Convergence failed at  45  side 2    Res =  0.3019E-02
 MRCHDU: Convergence failed at  46  side 2    Res =  0.2892E-02
 MRCHDU: Convergence failed at  47  side 2    Res =  0.2726E-02
 MRCHDU: Convergence failed at  48  side 2    Res =  0.2519E-02
 MRCHDU: Convergence failed at  49  side 2    Res =  0.2278E-02
 MRCHDU: Convergence failed at  50  side 2    Res =  0.2006E-02
 MRCHDU: Convergence failed at  51  side 2    Res =  0.1714E-02
 MRCHDU: Convergence failed at  52  side 2    Res =  0.1416E-02
 MRCHDU: Convergence failed at  53  side 2    Res =  0.1126E-02
 MRCHDU: Convergence failed at  54  side 2    Res =  0.8508E-03
 MRCHDU: Convergence failed at  55  side 2    Res =  0.5984E-03
 MRCHDU: Convergence failed at  56  side 2    Res =  0.3804E-03
 MRCHDU: Convergence failed at  57  side 2    Res =  0.2109E-03
 MRCHDU: Convergence failed at  58  side 2    Res =  0.1089E-03
 MRCHDU: Convergence failed at  59  side 2    Res =  0.6351E-04
 MRCHDU: Convergence failed at  60  side 2    Res =  0.3863E-04
 MRCHDU: Convergence failed at  61  side 2    Res =  0.2302E-04
 MRCHDU: Convergence failed at  62  side 2    Res =  0.1385E-04
 MRCHDU: Convergence failed at  63  side 2    Res =  0.8433E-05
 MRCHDU: Convergence failed at  64  side 2    Res =  0.5252E-05
 MRCHDU: Convergence failed at  85  side 2    Res =  0.1025E-02
 MRCHDU: Convergence failed at  87  side 2    Res =  0.5566E-04
 Side 1  free  transition at x/c =  0.6196   53
 Side 2  free  transition at x/c =  0.0292   19

  42   rms: 0.2839E+04   max: -.1786E+05   T at   57  2   RLX: 0.000
       a =  2.000      CL = -0.5252
      Cm =  0.1610     CD = Infinity   =>   CDf =  0.00331    CDp = Infinity

 MRCHDU: Convergence failed at  22  side 2    Res =  0.1231E-02
 MRCHDU: Convergence failed at  23  side 2    Res =  0.2637E-01
 MRCHDU: Convergence failed at  24  side 2    Res =  0.1628E-01
 MRCHDU: Convergence failed at  25  side 2    Res =  0.1132E-01
 MRCHDU: Convergence failed at  26  side 2    Res =  0.8777E-02
 MRCHDU: Convergence failed at  27  side 2    Res =  0.7240E-02
 MRCHDU: Convergence failed at  28  side 2    Res =  0.6209E-02
 MRCHDU: Convergence failed at  29  side 2    Res =  0.5384E-02
 MRCHDU: Convergence failed at  30  side 2    Res =  0.4693E-02
 MRCHDU: Convergence failed at  31  side 2    Res =  0.4140E-02
 MRCHDU: Convergence failed at  32  side 2    Res =  0.3988E-02
 MRCHDU: Convergence failed at  33  side 2    Res =  0.4074E-02
 MRCHDU: Convergence failed at  34  side 2    Res =  0.3930E-02
 MRCHDU: Convergence failed at  35  side 2    Res =  0.3740E-02
 MRCHDU: Convergence failed at  36  side 2    Res =  0.3619E-02
 MRCHDU: Convergence failed at  37  side 2    Res =  0.3524E-02
 MRCHDU: Convergence failed at  38  side 2    Res =  0.3446E-02
 MRCHDU: Convergence failed at  39  side 2    Res =  0.3374E-02
 MRCHDU: Convergence failed at  40  side 2    Res =  0.3304E-02
 MRCHDU: Convergence failed at  41  side 2    Res =  0.3229E-02
 MRCHDU: Convergence failed at  42  side 2    Res =  0.3143E-02
 MRCHDU: Convergence failed at  43  side 2    Res =  0.3045E-02
 MRCHDU: Convergence failed at  44  side 2    Res =  0.2930E-02
 MRCHDU: Convergence failed at  45  side 2    Res =  0.2793E-02
 MRCHDU: Convergence failed at  46  side 2    Res =  0.2624E-02
 MRCHDU: Convergence failed at  47  side 2    Res =  0.2418E-02
 MRCHDU: Convergence failed at  48  side 2    Res =  0.2178E-02
 MRCHDU: Convergence failed at  49  side 2    Res =  0.1912E-02
 MRCHDU: Convergence failed at  50  side 2    Res =  0.1629E-02
 MRCHDU: Convergence failed at  51  side 2    Res =  0.1339E-02
 MRCHDU: Convergence failed at  52  side 2    Res =  0.1057E-02
 MRCHDU: Convergence failed at  53  side 2    Res =  0.7935E-03
 MRCHDU: Convergence failed at  54  side 2    Res =  0.5532E-03
 MRCHDU: Convergence failed at  55  side 2    Res =  0.3458E-03
 MRCHDU: Convergence failed at  56  side 2    Res =  0.1890E-03
 MRCHDU: Convergence failed at  57  side 2    Res =  0.1006E-03
 MRCHDU: Convergence failed at  58  side 2    Res =  0.6029E-04
 MRCHDU: Convergence failed at  59  side 2    Res =  0.3685E-04
 MRCHDU: Convergence failed at  60  side 2    Res =  0.2220E-04
 MRCHDU: Convergence failed at  61  side 2    Res =  0.1342E-04
 MRCHDU: Convergence failed at  62  side 2    Res =  0.8176E-05
 MRCHDU: Convergence failed at  63  side 2    Res =  0.5133E-05
 MRCHDU: Convergence failed at  85  side 2    Res =  0.1025E-02
 MRCHDU: Convergence failed at  87  side 2    Res =  0.5576E-04
 Side 1  free  transition at x/c =  0.6196   53
 Side 2  free  transition at x/c =  0.0292   19

  43   rms: 0.4640E+04   max: -.2935E+05   T at   55  2   RLX: 0.000
       a =  2.000      CL = -0.5252
      Cm =  0.1611     CD = Infinity   =>   CDf =  0.00331    CDp = Infinity

 MRCHDU: Convergence failed at  22  side 2    Res =  0.1246E-02
 MRCHDU: Convergence failed at  23  side 2    Res =  0.2636E-01
 MRCHDU: Convergence failed at  24  side 2    Res =  0.1628E-01
 MRCHDU: Convergence failed at  25  side 2    Res =  0.1132E-01
 MRCHDU: Convergence failed at  26  side 2    Res =  0.8775E-02
 MRCHDU: Convergence failed at  27  side 2    Res =  0.7236E-02
 MRCHDU: Convergence failed at  28  side 2    Res =  0.6205E-02
 MRCHDU: Convergence failed at  29  side 2    Res =  0.5378E-02
 MRCHDU: Convergence failed at  30  side 2    Res =  0.4685E-02
 MRCHDU: Convergence failed at  31  side 2    Res =  0.4131E-02
 MRCHDU: Convergence failed at  32  side 2    Res =  0.3975E-02
 MRCHDU: Convergence failed at  33  side 2    Res =  0.4056E-02
 MRCHDU: Convergence failed at  34  side 2    Res =  0.3906E-02
 MRCHDU: Convergence failed at  35  side 2    Res =  0.3709E-02
 MRCHDU: Convergence failed at  36  side 2    Res =  0.3580E-02
 MRCHDU: Convergence failed at  37  side 2    Res =  0.3474E-02
 MRCHDU: Convergence failed at  38  side 2    Res =  0.3382E-02
 MRCHDU: Convergence failed at  39  side 2    Res =  0.3293E-02
 MRCHDU: Convergence failed at  40  side 2    Res =  0.3200E-02
 MRCHDU: Convergence failed at  41  side 2    Res =  0.3099E-02
 MRCHDU: Convergence failed at  42  side 2    Res =  0.2983E-02
 MRCHDU: Convergence failed at  43  side 2    Res =  0.2850E-02
 MRCHDU: Convergence failed at  44  side 2    Res =  0.2697E-02
 MRCHDU: Convergence failed at  45  side 2    Res =  0.2519E-02
 MRCHDU: Convergence failed at  46  side 2    Res =  0.2311E-02
 MRCHDU: Convergence failed at  47  side 2    Res =  0.2073E-02
 MRCHDU: Convergence failed at  48  side 2    Res =  0.1810E-02
 MRCHDU: Convergence failed at  49  side 2    Res =  0.1533E-02
 MRCHDU: Convergence failed at  50  side 2    Res =  0.1253E-02
 MRCHDU: Convergence failed at  51  side 2    Res =  0.9799E-03
 MRCHDU: Convergence failed at  52  side 2    Res =  0.7254E-03
 MRCHDU: Convergence failed at  53  side 2    Res =  0.4985E-03
 MRCHDU: Convergence failed at  54  side 2    Res =  0.3067E-03
 MRCHDU: Convergence failed at  55  side 2    Res =  0.1669E-03
 MRCHDU: Convergence failed at  56  side 2    Res =  0.9230E-04
 MRCHDU: Convergence failed at  57  side 2    Res =  0.5618E-04
 MRCHDU: Convergence failed at  58  side 2    Res =  0.3430E-04
 MRCHDU: Convergence failed at  59  side 2    Res =  0.2092E-04
 MRCHDU: Convergence failed at  60  side 2    Res =  0.1271E-04
 MRCHDU: Convergence failed at  61  side 2    Res =  0.7835E-05
 MRCHDU: Convergence failed at  85  side 2    Res =  0.1025E-02
 MRCHDU: Convergence failed at  87  side 2    Res =  0.5584E-04
 Side 1  free  transition at x/c =  0.6196   53
 Side 2  free  transition at x/c =  0.0292   19

  44   rms: 0.1810E+04   max: -.8624E+04   T at   54  2   RLX: 0.000
       a =  2.000      CL = -0.5252
      Cm =  0.1611     CD = Infinity   =>   CDf =  0.00331    CDp = Infinity

 MRCHDU: Convergence failed at  22  side 2    Res =  0.1259E-02
 MRCHDU: Convergence failed at  23  side 2    Res =  0.2636E-01
 MRCHDU: Convergence failed at  24  side 2    Res =  0.1627E-01
 MRCHDU: Convergence failed at  25  side 2    Res =  0.1132E-01
 MRCHDU: Convergence failed at  26  side 2    Res =  0.8771E-02
 MRCHDU: Convergence failed at  27  side 2    Res =  0.7232E-02
 MRCHDU: Convergence failed at  28  side 2    Res =  0.6199E-02
 MRCHDU: Convergence failed at  29  side 2    Res =  0.5370E-02
 MRCHDU: Convergence failed at  30  side 2    Res =  0.4675E-02
 MRCHDU: Convergence failed at  31  side 2    Res =  0.4118E-02
 MRCHDU: Convergence failed at  32  side 2    Res =  0.3958E-02
 MRCHDU: Convergence failed at  33  side 2    Res =  0.4031E-02
 MRCHDU: Convergence failed at  34  side 2    Res =  0.3874E-02
 MRCHDU: Convergence failed at  35  side 2    Res =  0.3668E-02
 MRCHDU: Convergence failed at  36  side 2    Res =  0.3527E-02
 MRCHDU: Convergence failed at  37  side 2    Res =  0.3406E-02
 MRCHDU: Convergence failed at  38  side 2    Res =  0.3295E-02
 MRCHDU: Convergence failed at  39  side 2    Res =  0.3184E-02
 MRCHDU: Convergence failed at  40  side 2    Res =  0.3065E-02
 MRCHDU: Convergence failed at  41  side 2    Res =  0.2932E-02
 MRCHDU: Convergence failed at  42  side 2    Res =  0.2781E-02
 MRCHDU: Convergence failed at  43  side 2    Res =  0.2610E-02
 MRCHDU: Convergence failed at  44  side 2    Res =  0.2418E-02
 MRCHDU: Convergence failed at  45  side 2    Res =  0.2203E-02
 MRCHDU: Convergence failed at  46  side 2    Res =  0.1964E-02
 MRCHDU: Convergence failed at  47  side 2    Res =  0.1704E-02
 MRCHDU: Convergence failed at  48  side 2    Res =  0.1432E-02
 MRCHDU: Convergence failed at  49  side 2    Res =  0.1160E-02
 MRCHDU: Convergence failed at  50  side 2    Res =  0.8971E-03
 MRCHDU: Convergence failed at  51  side 2    Res =  0.6529E-03
 MRCHDU: Convergence failed at  52  side 2    Res =  0.4384E-03
 MRCHDU: Convergence failed at  53  side 2    Res =  0.2652E-03
 MRCHDU: Convergence failed at  54  side 2    Res =  0.1466E-03
 MRCHDU: Convergence failed at  55  side 2    Res =  0.8442E-04
 MRCHDU: Convergence failed at  56  side 2    Res =  0.5163E-04
 MRCHDU: Convergence failed at  57  side 2    Res =  0.3138E-04
 MRCHDU: Convergence failed at  58  side 2    Res =  0.1923E-04
 MRCHDU: Convergence failed at  59  side 2    Res =  0.1177E-04
 MRCHDU: Convergence failed at  60  side 2    Res =  0.7316E-05
 MRCHDU: Convergence failed at  85  side 2    Res =  0.1025E-02
 MRCHDU: Convergence failed at  87  side 2    Res =  0.5629E-04
 Side 1  free  transition at x/c =  0.6196   53
 Side 2  free  transition at x/c =  0.0292   19

  45   rms: 0.2541E+04   max: -.1217E+05   T at   53  2   RLX: 0.000
       a =  2.000      CL = -0.5252
      Cm =  0.1611     CD = Infinity   =>   CDf =  0.00331    CDp = Infinity

 MRCHDU: Convergence failed at  22  side 2    Res =  0.1273E-02
 MRCHDU: Convergence failed at  23  side 2    Res =  0.2635E-01
 MRCHDU: Convergence failed at  24  side 2    Res =  0.1627E-01
 MRCHDU: Convergence failed at  25  side 2    Res =  0.1132E-01
 MRCHDU: Convergence failed at  26  side 2    Res =  0.8767E-02
 MRCHDU: Convergence failed at  27  side 2    Res =  0.7226E-02
 MRCHDU: Convergence failed at  28  side 2    Res =  0.6190E-02
 MRCHDU: Convergence failed at  29  side 2    Res =  0.5358E-02
 MRCHDU: Convergence failed at  30  side 2    Res =  0.4660E-02
 MRCHDU: Convergence failed at  31  side 2    Res =  0.4099E-02
 MRCHDU: Convergence failed at  32  side 2    Res =  0.3933E-02
 MRCHDU: Convergence failed at  33  side 2    Res =  0.3996E-02
 MRCHDU: Convergence failed at  34  side 2    Res =  0.3827E-02
 MRCHDU: Convergence failed at  35  side 2    Res =  0.3609E-02
 MRCHDU: Convergence failed at  36  side 2    Res =  0.3452E-02
 MRCHDU: Convergence failed at  37  side 2    Res =  0.3311E-02
 MRCHDU: Convergence failed at  38  side 2    Res =  0.3175E-02
 MRCHDU: Convergence failed at  39  side 2    Res =  0.3035E-02
 MRCHDU: Convergence failed at  40  side 2    Res =  0.2883E-02
 MRCHDU: Convergence failed at  41  side 2    Res =  0.2713E-02
 MRCHDU: Convergence failed at  42  side 2    Res =  0.2523E-02
 MRCHDU: Convergence failed at  43  side 2    Res =  0.2313E-02
 MRCHDU: Convergence failed at  44  side 2    Res =  0.2085E-02
 MRCHDU: Convergence failed at  45  side 2    Res =  0.1840E-02
 MRCHDU: Convergence failed at  46  side 2    Res =  0.1582E-02
 MRCHDU: Convergence failed at  47  side 2    Res =  0.1315E-02
 MRCHDU: Convergence failed at  48  side 2    Res =  0.1050E-02
 MRCHDU: Convergence failed at  49  side 2    Res =  0.7981E-03
 MRCHDU: Convergence failed at  50  side 2    Res =  0.5677E-03
 MRCHDU: Convergence failed at  51  side 2    Res =  0.3692E-03
 MRCHDU: Convergence failed at  52  side 2    Res =  0.2176E-03
 MRCHDU: Convergence failed at  53  side 2    Res =  0.1241E-03
 MRCHDU: Convergence failed at  54  side 2    Res =  0.7465E-04
 MRCHDU: Convergence failed at  55  side 2    Res =  0.4570E-04
 MRCHDU: Convergence failed at  56  side 2    Res =  0.2776E-04
 MRCHDU: Convergence failed at  57  side 2    Res =  0.1698E-04
 MRCHDU: Convergence failed at  58  side 2    Res =  0.1048E-04
 MRCHDU: Convergence failed at  59  side 2    Res =  0.6581E-05
 MRCHDU: Convergence failed at  85  side 2    Res =  0.1024E-02
 MRCHDU: Convergence failed at  87  side 2    Res =  0.5674E-04
 Side 1  free  transition at x/c =  0.6196   53
 Side 2  free  transition at x/c =  0.0292   19

  46   rms: 0.1831E+04   max: -.8412E+04   C at   84  2   RLX: 0.000
       a =  2.000      CL = -0.5250
      Cm =  0.1611     CD = Infinity   =>   CDf =  0.00331    CDp = Infinity

 MRCHDU: Convergence failed at  22  side 2    Res =  0.1279E-02
 MRCHDU: Convergence failed at  23  side 2    Res =  0.2634E-01
 MRCHDU: Convergence failed at  24  side 2    Res =  0.1627E-01
 MRCHDU: Convergence failed at  25  side 2    Res =  0.1131E-01
 MRCHDU: Convergence failed at  26  side 2    Res =  0.8763E-02
 MRCHDU: Convergence failed at  27  side 2    Res =  0.7220E-02
 MRCHDU: Convergence failed at  28  side 2    Res =  0.6182E-02
 MRCHDU: Convergence failed at  29  side 2    Res =  0.5347E-02
 MRCHDU: Convergence failed at  30  side 2    Res =  0.4646E-02
 MRCHDU: Convergence failed at  31  side 2    Res =  0.4081E-02
 MRCHDU: Convergence failed at  32  side 2    Res =  0.3910E-02
 MRCHDU: Convergence failed at  33  side 2    Res =  0.3962E-02
 MRCHDU: Convergence failed at  34  side 2    Res =  0.3783E-02
 MRCHDU: Convergence failed at  35  side 2    Res =  0.3554E-02
 MRCHDU: Convergence failed at  36  side 2    Res =  0.3382E-02
 MRCHDU: Convergence failed at  37  side 2    Res =  0.3223E-02
 MRCHDU: Convergence failed at  38  side 2    Res =  0.3067E-02
 MRCHDU: Convergence failed at  39  side 2    Res =  0.2903E-02
 MRCHDU: Convergence failed at  40  side 2    Res =  0.2725E-02
 MRCHDU: Convergence failed at  41  side 2    Res =  0.2528E-02
 MRCHDU: Convergence failed at  42  side 2    Res =  0.2312E-02
 MRCHDU: Convergence failed at  43  side 2    Res =  0.2078E-02
 MRCHDU: Convergence failed at  44  side 2    Res =  0.1831E-02
 MRCHDU: Convergence failed at  45  side 2    Res =  0.1574E-02
 MRCHDU: Convergence failed at  46  side 2    Res =  0.1313E-02
 MRCHDU: Convergence failed at  47  side 2    Res =  0.1053E-02
 MRCHDU: Convergence failed at  48  side 2    Res =  0.8047E-03
 MRCHDU: Convergence failed at  49  side 2    Res =  0.5789E-03
 MRCHDU: Convergence failed at  50  side 2    Res =  0.3858E-03
 MRCHDU: Convergence failed at  51  side 2    Res =  0.2373E-03
 MRCHDU: Convergence failed at  52  side 2    Res =  0.1406E-03
 MRCHDU: Convergence failed at  53  side 2    Res =  0.8389E-04
 MRCHDU: Convergence failed at  54  side 2    Res =  0.5087E-04
 MRCHDU: Convergence failed at  55  side 2    Res =  0.3100E-04
 MRCHDU: Convergence failed at  56  side 2    Res =  0.1883E-04
 MRCHDU: Convergence failed at  57  side 2    Res =  0.1159E-04
 MRCHDU: Convergence failed at  58  side 2    Res =  0.7246E-05
 MRCHDU: Convergence failed at  85  side 2    Res =  0.1024E-02
 MRCHDU: Convergence failed at  87  side 2    Res =  0.5772E-04
 Side 1  free  transition at x/c =  0.6196   53
 Side 2  free  transition at x/c =  0.0292   19

  47   rms: 0.6078E+04   max: -.3086E+05   T at   50  2   RLX: 0.000
       a =  2.000      CL = -0.5251
      Cm =  0.1611     CD = Infinity   =>   CDf =  0.00331    CDp = Infinity

 MRCHDU: Convergence failed at  22  side 2    Res =  0.1296E-02
 MRCHDU: Convergence failed at  23  side 2    Res =  0.2634E-01
 MRCHDU: Convergence failed at  24  side 2    Res =  0.1626E-01
 MRCHDU: Convergence failed at  25  side 2    Res =  0.1131E-01
 MRCHDU: Convergence failed at  26  side 2    Res =  0.8755E-02
 MRCHDU: Convergence failed at  27  side 2    Res =  0.7209E-02
 MRCHDU: Convergence failed at  28  side 2    Res =  0.6166E-02
 MRCHDU: Convergence failed at  29  side 2    Res =  0.5326E-02
 MRCHDU: Convergence failed at  30  side 2    Res =  0.4618E-02
 MRCHDU: Convergence failed at  31  side 2    Res =  0.4046E-02
 MRCHDU: Convergence failed at  32  side 2    Res =  0.3863E-02
 MRCHDU: Convergence failed at  33  side 2    Res =  0.3896E-02
 MRCHDU: Convergence failed at  34  side 2    Res =  0.3697E-02
 MRCHDU: Convergence failed at  35  side 2    Res =  0.3447E-02
 MRCHDU: Convergence failed at  36  side 2    Res =  0.3249E-02
 MRCHDU: Convergence failed at  37  side 2    Res =  0.3059E-02
 MRCHDU: Convergence failed at  38  side 2    Res =  0.2867E-02
 MRCHDU: Convergence failed at  39  side 2    Res =  0.2664E-02
 MRCHDU: Convergence failed at  40  side 2    Res =  0.2445E-02
 MRCHDU: Convergence failed at  41  side 2    Res =  0.2209E-02
 MRCHDU: Convergence failed at  42  side 2    Res =  0.1958E-02
 MRCHDU: Convergence failed at  43  side 2    Res =  0.1697E-02
 MRCHDU: Convergence failed at  44  side 2    Res =  0.1434E-02
 MRCHDU: Convergence failed at  45  side 2    Res =  0.1173E-02
 MRCHDU: Convergence failed at  46  side 2    Res =  0.9208E-03
 MRCHDU: Convergence failed at  47  side 2    Res =  0.6844E-03
 MRCHDU: Convergence failed at  48  side 2    Res =  0.4740E-03
 MRCHDU: Convergence failed at  49  side 2    Res =  0.3023E-03
 MRCHDU: Convergence failed at  50  side 2    Res =  0.1812E-03
 MRCHDU: Convergence failed at  51  side 2    Res =  0.1106E-03
 MRCHDU: Convergence failed at  52  side 2    Res =  0.6990E-04
 MRCHDU: Convergence failed at  53  side 2    Res =  0.4262E-04
 MRCHDU: Convergence failed at  54  side 2    Res =  0.2586E-04
 MRCHDU: Convergence failed at  55  side 2    Res =  0.1583E-04
 MRCHDU: Convergence failed at  56  side 2    Res =  0.9762E-05
 MRCHDU: Convergence failed at  57  side 2    Res =  0.6172E-05
 MRCHDU: Convergence failed at  85  side 2    Res =  0.1024E-02
 MRCHDU: Convergence failed at  87  side 2    Res =  0.5804E-04
 Side 1  free  transition at x/c =  0.6196   53
 Side 2  free  transition at x/c =  0.0292   19

  48   rms: 0.2784E+04   max: -.1191E+05   C at   84  2   RLX: 0.000
       a =  2.000      CL = -0.5250
      Cm =  0.1611     CD = Infinity   =>   CDf =  0.00331    CDp = Infinity

 MRCHDU: Convergence failed at  22  side 2    Res =  0.1305E-02
 MRCHDU: Convergence failed at  23  side 2    Res =  0.2633E-01
 MRCHDU: Convergence failed at  24  side 2    Res =  0.1626E-01
 MRCHDU: Convergence failed at  25  side 2    Res =  0.1130E-01
 MRCHDU: Convergence failed at  26  side 2    Res =  0.8745E-02
 MRCHDU: Convergence failed at  27  side 2    Res =  0.7195E-02
 MRCHDU: Convergence failed at  28  side 2    Res =  0.6147E-02
 MRCHDU: Convergence failed at  29  side 2    Res =  0.5300E-02
 MRCHDU: Convergence failed at  30  side 2    Res =  0.4584E-02
 MRCHDU: Convergence failed at  31  side 2    Res =  0.4004E-02
 MRCHDU: Convergence failed at  32  side 2    Res =  0.3808E-02
 MRCHDU: Convergence failed at  33  side 2    Res =  0.3820E-02
 MRCHDU: Convergence failed at  34  side 2    Res =  0.3599E-02
 MRCHDU: Convergence failed at  35  side 2    Res =  0.3326E-02
 MRCHDU: Convergence failed at  36  side 2    Res =  0.3100E-02
 MRCHDU: Convergence failed at  37  side 2    Res =  0.2879E-02
 MRCHDU: Convergence failed at  38  side 2    Res =  0.2653E-02
 MRCHDU: Convergence failed at  39  side 2    Res =  0.2416E-02
 MRCHDU: Convergence failed at  40  side 2    Res =  0.2165E-02
 MRCHDU: Convergence failed at  41  side 2    Res =  0.1902E-02
 MRCHDU: Convergence failed at  42  side 2    Res =  0.1631E-02
 MRCHDU: Convergence failed at  43  side 2    Res =  0.1361E-02
 MRCHDU: Convergence failed at  44  side 2    Res =  0.1099E-02
 MRCHDU: Convergence failed at  45  side 2    Res =  0.8519E-03
 MRCHDU: Convergence failed at  46  side 2    Res =  0.6256E-03
 MRCHDU: Convergence failed at  47  side 2    Res =  0.4288E-03
 MRCHDU: Convergence failed at  48  side 2    Res =  0.2737E-03
 MRCHDU: Convergence failed at  49  side 2    Res =  0.1682E-03
 MRCHDU: Convergence failed at  50  side 2    Res =  0.1040E-03
 MRCHDU: Convergence failed at  51  side 2    Res =  0.6516E-04
 MRCHDU: Convergence failed at  52  side 2    Res =  0.4088E-04
 MRCHDU: Convergence failed at  53  side 2    Res =  0.2482E-04
 MRCHDU: Convergence failed at  54  side 2    Res =  0.1515E-04
 MRCHDU: Convergence failed at  55  side 2    Res =  0.9407E-05
 MRCHDU: Convergence failed at  56  side 2    Res =  0.5928E-05
 MRCHDU: Convergence failed at  85  side 2    Res =  0.1023E-02
 MRCHDU: Convergence failed at  87  side 2    Res =  0.5929E-04
 Side 1  free  transition at x/c =  0.6196   53
 Side 2  free  transition at x/c =  0.0292   19

  49   rms: 0.1486E+05   max: -.7626E+05   T at   47  2   RLX: 0.000
       a =  2.000      CL = -0.5250
      Cm =  0.1612     CD = Infinity   =>   CDf =  0.00331    CDp = Infinity

 MRCHDU: Convergence failed at  22  side 2    Res =  0.1323E-02
 MRCHDU: Convergence failed at  23  side 2    Res =  0.2632E-01
 MRCHDU: Convergence failed at  24  side 2    Res =  0.1625E-01
 MRCHDU: Convergence failed at  25  side 2    Res =  0.1129E-01
 MRCHDU: Convergence failed at  26  side 2    Res =  0.8730E-02
 MRCHDU: Convergence failed at  27  side 2    Res =  0.7172E-02
 MRCHDU: Convergence failed at  28  side 2    Res =  0.6114E-02
 MRCHDU: Convergence failed at  29  side 2    Res =  0.5255E-02
 MRCHDU: Convergence failed at  30  side 2    Res =  0.4526E-02
 MRCHDU: Convergence failed at  31  side 2    Res =  0.3932E-02
 MRCHDU: Convergence failed at  32  side 2    Res =  0.3714E-02
 MRCHDU: Convergence failed at  33  side 2    Res =  0.3690E-02
 MRCHDU: Convergence failed at  34  side 2    Res =  0.3434E-02
 MRCHDU: Convergence failed at  35  side 2    Res =  0.3127E-02
 MRCHDU: Convergence failed at  36  side 2    Res =  0.2860E-02
 MRCHDU: Convergence failed at  37  side 2    Res =  0.2597E-02
 MRCHDU: Convergence failed at  38  side 2    Res =  0.2329E-02
 MRCHDU: Convergence failed at  39  side 2    Res =  0.2052E-02
 MRCHDU: Convergence failed at  40  side 2    Res =  0.1769E-02
 MRCHDU: Convergence failed at  41  side 2    Res =  0.1485E-02
 MRCHDU: Convergence failed at  42  side 2    Res =  0.1207E-02
 MRCHDU: Convergence failed at  43  side 2    Res =  0.9434E-03
 MRCHDU: Convergence failed at  44  side 2    Res =  0.7032E-03
 MRCHDU: Convergence failed at  45  side 2    Res =  0.4933E-03
 MRCHDU: Convergence failed at  46  side 2    Res =  0.3222E-03
 MRCHDU: Convergence failed at  47  side 2    Res =  0.1989E-03
 MRCHDU: Convergence failed at  48  side 2    Res =  0.1234E-03
 MRCHDU: Convergence failed at  49  side 2    Res =  0.7885E-04
 MRCHDU: Convergence failed at  50  side 2    Res =  0.4951E-04
 MRCHDU: Convergence failed at  51  side 2    Res =  0.3082E-04
 MRCHDU: Convergence failed at  52  side 2    Res =  0.1928E-04
 MRCHDU: Convergence failed at  53  side 2    Res =  0.1182E-04
 MRCHDU: Convergence failed at  54  side 2    Res =  0.7426E-05
 MRCHDU: Convergence failed at  85  side 2    Res =  0.1023E-02
 MRCHDU: Convergence failed at  87  side 2    Res =  0.5952E-04
 Side 1  free  transition at x/c =  0.6196   53
 Side 2  free  transition at x/c =  0.0292   19

  50   rms: 0.2686E+05   max: -.1351E+06   T at   46  2   RLX: 0.000
       a =  2.000      CL = -0.5250
      Cm =  0.1612     CD = Infinity   =>   CDf =  0.00331    CDp = Infinity

 MRCHDU: Convergence failed at  22  side 2    Res =  0.1341E-02
 MRCHDU: Convergence failed at  23  side 2    Res =  0.2631E-01
 MRCHDU: Convergence failed at  24  side 2    Res =  0.1623E-01
 MRCHDU: Convergence failed at  25  side 2    Res =  0.1127E-01
 MRCHDU: Convergence failed at  26  side 2    Res =  0.8706E-02
 MRCHDU: Convergence failed at  27  side 2    Res =  0.7137E-02
 MRCHDU: Convergence failed at  28  side 2    Res =  0.6064E-02
 MRCHDU: Convergence failed at  29  side 2    Res =  0.5187E-02
 MRCHDU: Convergence failed at  30  side 2    Res =  0.4439E-02
 MRCHDU: Convergence failed at  31  side 2    Res =  0.3824E-02
 MRCHDU: Convergence failed at  32  side 2    Res =  0.3577E-02
 MRCHDU: Convergence failed at  33  side 2    Res =  0.3504E-02
 MRCHDU: Convergence failed at  34  side 2    Res =  0.3203E-02
 MRCHDU: Convergence failed at  35  side 2    Res =  0.2854E-02
 MRCHDU: Convergence failed at  36  side 2    Res =  0.2543E-02
 MRCHDU: Convergence failed at  37  side 2    Res =  0.2236E-02
 MRCHDU: Convergence failed at  38  side 2    Res =  0.1930E-02
 MRCHDU: Convergence failed at  39  side 2    Res =  0.1626E-02
 MRCHDU: Convergence failed at  40  side 2    Res =  0.1328E-02
 MRCHDU: Convergence failed at  41  side 2    Res =  0.1045E-02
 MRCHDU: Convergence failed at  42  side 2    Res =  0.7844E-03
 MRCHDU: Convergence failed at  43  side 2    Res =  0.5563E-03
 MRCHDU: Convergence failed at  44  side 2    Res =  0.3699E-03
 MRCHDU: Convergence failed at  45  side 2    Res =  0.2325E-03
 MRCHDU: Convergence failed at  46  side 2    Res =  0.1438E-03
 MRCHDU: Convergence failed at  47  side 2    Res =  0.9049E-04
 MRCHDU: Convergence failed at  48  side 2    Res =  0.5731E-04
 MRCHDU: Convergence failed at  49  side 2    Res =  0.3622E-04
 MRCHDU: Convergence failed at  50  side 2    Res =  0.2255E-04
 MRCHDU: Convergence failed at  51  side 2    Res =  0.1411E-04
 MRCHDU: Convergence failed at  52  side 2    Res =  0.8970E-05
 MRCHDU: Convergence failed at  53  side 2    Res =  0.5673E-05
 MRCHDU: Convergence failed at  85  side 2    Res =  0.1023E-02
 MRCHDU: Convergence failed at  87  side 2    Res =  0.5970E-04
 Side 1  free  transition at x/c =  0.6197   53
 Side 2  free  transition at x/c =  0.0292   19

  51   rms: 0.1578E+05   max: -.7265E+05   T at   44  2   RLX: 0.000
       a =  2.000      CL = -0.5250
      Cm =  0.1612     CD = Infinity   =>   CDf =  0.00331    CDp = Infinity

 MRCHDU: Convergence failed at  22  side 2    Res =  0.1357E-02
 MRCHDU: Convergence failed at  23  side 2    Res =  0.2629E-01
 MRCHDU: Convergence failed at  24  side 2    Res =  0.1622E-01
 MRCHDU: Convergence failed at  25  side 2    Res =  0.1125E-01
 MRCHDU: Convergence failed at  26  side 2    Res =  0.8670E-02
 MRCHDU: Convergence failed at  27  side 2    Res =  0.7084E-02
 MRCHDU: Convergence failed at  28  side 2    Res =  0.5988E-02
 MRCHDU: Convergence failed at  29  side 2    Res =  0.5085E-02
 MRCHDU: Convergence failed at  30  side 2    Res =  0.4309E-02
 MRCHDU: Convergence failed at  31  side 2    Res =  0.3666E-02
 MRCHDU: Convergence failed at  32  side 2    Res =  0.3378E-02
 MRCHDU: Convergence failed at  33  side 2    Res =  0.3241E-02
 MRCHDU: Convergence failed at  34  side 2    Res =  0.2886E-02
 MRCHDU: Convergence failed at  35  side 2    Res =  0.2493E-02
 MRCHDU: Convergence failed at  36  side 2    Res =  0.2140E-02
 MRCHDU: Convergence failed at  37  side 2    Res =  0.1799E-02
 MRCHDU: Convergence failed at  38  side 2    Res =  0.1472E-02
 MRCHDU: Convergence failed at  39  side 2    Res =  0.1163E-02
 MRCHDU: Convergence failed at  40  side 2    Res =  0.8779E-03
 MRCHDU: Convergence failed at  41  side 2    Res =  0.6274E-03
 MRCHDU: Convergence failed at  42  side 2    Res =  0.4204E-03
 MRCHDU: Convergence failed at  43  side 2    Res =  0.2662E-03
 MRCHDU: Convergence failed at  44  side 2    Res =  0.1652E-03
 MRCHDU: Convergence failed at  45  side 2    Res =  0.1037E-03
 MRCHDU: Convergence failed at  46  side 2    Res =  0.6505E-04
 MRCHDU: Convergence failed at  47  side 2    Res =  0.4056E-04
 MRCHDU: Convergence failed at  48  side 2    Res =  0.2540E-04
 MRCHDU: Convergence failed at  49  side 2    Res =  0.1601E-04
 MRCHDU: Convergence failed at  50  side 2    Res =  0.1009E-04
 MRCHDU: Convergence failed at  51  side 2    Res =  0.6489E-05
 MRCHDU: Convergence failed at  85  side 2    Res =  0.1022E-02
 MRCHDU: Convergence failed at  87  side 2    Res =  0.6022E-04
 Side 1  free  transition at x/c =  0.6197   53
 Side 2  free  transition at x/c =  0.0292   19

  52   rms: 0.1128E+05   max: -.4560E+05   T at   42  2   RLX: 0.000
       a =  2.000      CL = -0.5249
      Cm =  0.1612     CD = Infinity   =>   CDf =  0.00331    CDp = Infinity

 MRCHDU: Convergence failed at  22  side 2    Res =  0.1370E-02
 MRCHDU: Convergence failed at  23  side 2    Res =  0.2627E-01
 MRCHDU: Convergence failed at  24  side 2    Res =  0.1619E-01
 MRCHDU: Convergence failed at  25  side 2    Res =  0.1121E-01
 MRCHDU: Convergence failed at  26  side 2    Res =  0.8614E-02
 MRCHDU: Convergence failed at  27  side 2    Res =  0.7002E-02
 MRCHDU: Convergence failed at  28  side 2    Res =  0.5871E-02
 MRCHDU: Convergence failed at  29  side 2    Res =  0.4930E-02
 MRCHDU: Convergence failed at  30  side 2    Res =  0.4115E-02
 MRCHDU: Convergence failed at  31  side 2    Res =  0.3436E-02
 MRCHDU: Convergence failed at  32  side 2    Res =  0.3096E-02
 MRCHDU: Convergence failed at  33  side 2    Res =  0.2882E-02
 MRCHDU: Convergence failed at  34  side 2    Res =  0.2471E-02
 MRCHDU: Convergence failed at  35  side 2    Res =  0.2043E-02
 MRCHDU: Convergence failed at  36  side 2    Res =  0.1662E-02
 MRCHDU: Convergence failed at  37  side 2    Res =  0.1310E-02
 MRCHDU: Convergence failed at  38  side 2    Res =  0.9911E-03
 MRCHDU: Convergence failed at  39  side 2    Res =  0.7110E-03
 MRCHDU: Convergence failed at  40  side 2    Res =  0.4793E-03
 MRCHDU: Convergence failed at  41  side 2    Res =  0.3045E-03
 MRCHDU: Convergence failed at  42  side 2    Res =  0.1879E-03
 MRCHDU: Convergence failed at  43  side 2    Res =  0.1169E-03
 MRCHDU: Convergence failed at  44  side 2    Res =  0.7298E-04
 MRCHDU: Convergence failed at  45  side 2    Res =  0.4525E-04
 MRCHDU: Convergence failed at  46  side 2    Res =  0.2798E-04
 MRCHDU: Convergence failed at  47  side 2    Res =  0.1739E-04
 MRCHDU: Convergence failed at  48  side 2    Res =  0.1100E-04
 MRCHDU: Convergence failed at  49  side 2    Res =  0.7085E-05
 MRCHDU: Convergence failed at  85  side 2    Res =  0.1022E-02
 MRCHDU: Convergence failed at  87  side 2    Res =  0.6144E-04
 Side 1  free  transition at x/c =  0.6197   53
 Side 2  free  transition at x/c =  0.0292   19

  53   rms: 0.3856E+05   max: -.1726E+06   T at   40  2   RLX: 0.000
       a =  2.000      CL = -0.5248
      Cm =  0.1612     CD = Infinity   =>   CDf =  0.00331    CDp = Infinity

 MRCHDU: Convergence failed at  22  side 2    Res =  0.1385E-02
 MRCHDU: Convergence failed at  23  side 2    Res =  0.2625E-01
 MRCHDU: Convergence failed at  24  side 2    Res =  0.1616E-01
 MRCHDU: Convergence failed at  25  side 2    Res =  0.1116E-01
 MRCHDU: Convergence failed at  26  side 2    Res =  0.8528E-02
 MRCHDU: Convergence failed at  27  side 2    Res =  0.6875E-02
 MRCHDU: Convergence failed at  28  side 2    Res =  0.5693E-02
 MRCHDU: Convergence failed at  29  side 2    Res =  0.4697E-02
 MRCHDU: Convergence failed at  30  side 2    Res =  0.3831E-02
 MRCHDU: Convergence failed at  31  side 2    Res =  0.3107E-02
 MRCHDU: Convergence failed at  32  side 2    Res =  0.2710E-02
 MRCHDU: Convergence failed at  33  side 2    Res =  0.2414E-02
 MRCHDU: Convergence failed at  34  side 2    Res =  0.1959E-02
 MRCHDU: Convergence failed at  35  side 2    Res =  0.1518E-02
 MRCHDU: Convergence failed at  36  side 2    Res =  0.1142E-02
 MRCHDU: Convergence failed at  37  side 2    Res =  0.8172E-03
 MRCHDU: Convergence failed at  38  side 2    Res =  0.5508E-03
 MRCHDU: Convergence failed at  39  side 2    Res =  0.3495E-03
 MRCHDU: Convergence failed at  40  side 2    Res =  0.2143E-03
 MRCHDU: Convergence failed at  41  side 2    Res =  0.1316E-03
 MRCHDU: Convergence failed at  42  side 2    Res =  0.8098E-04
 MRCHDU: Convergence failed at  43  side 2    Res =  0.4965E-04
 MRCHDU: Convergence failed at  44  side 2    Res =  0.3044E-04
 MRCHDU: Convergence failed at  45  side 2    Res =  0.1875E-04
 MRCHDU: Convergence failed at  46  side 2    Res =  0.1170E-04
 MRCHDU: Convergence failed at  47  side 2    Res =  0.7450E-05
 MRCHDU: Convergence failed at  85  side 2    Res =  0.1022E-02
 MRCHDU: Convergence failed at  87  side 2    Res =  0.6185E-04
 Side 1  free  transition at x/c =  0.6197   53
 Side 2  free  transition at x/c =  0.0292   19

  54   rms: 0.3927E+05   max: -.1686E+06   T at   38  2   RLX: 0.000
       a =  2.000      CL = -0.5247
      Cm =  0.1612     CD = Infinity   =>   CDf =  0.00331    CDp = Infinity

 MRCHDU: Convergence failed at  22  side 2    Res =  0.1397E-02
 MRCHDU: Convergence failed at  23  side 2    Res =  0.2621E-01
 MRCHDU: Convergence failed at  24  side 2    Res =  0.1610E-01
 MRCHDU: Convergence failed at  25  side 2    Res =  0.1107E-01
 MRCHDU: Convergence failed at  26  side 2    Res =  0.8392E-02
 MRCHDU: Convergence failed at  27  side 2    Res =  0.6676E-02
 MRCHDU: Convergence failed at  28  side 2    Res =  0.5419E-02
 MRCHDU: Convergence failed at  29  side 2    Res =  0.4351E-02
 MRCHDU: Convergence failed at  30  side 2    Res =  0.3424E-02
 MRCHDU: Convergence failed at  31  side 2    Res =  0.2659E-02
 MRCHDU: Convergence failed at  32  side 2    Res =  0.2212E-02
 MRCHDU: Convergence failed at  33  side 2    Res =  0.1850E-02
 MRCHDU: Convergence failed at  34  side 2    Res =  0.1382E-02
 MRCHDU: Convergence failed at  35  side 2    Res =  0.9714E-03
 MRCHDU: Convergence failed at  36  side 2    Res =  0.6493E-03
 MRCHDU: Convergence failed at  37  side 2    Res =  0.4082E-03
 MRCHDU: Convergence failed at  38  side 2    Res =  0.2469E-03
 MRCHDU: Convergence failed at  39  side 2    Res =  0.1490E-03
 MRCHDU: Convergence failed at  40  side 2    Res =  0.9028E-04
 MRCHDU: Convergence failed at  41  side 2    Res =  0.5441E-04
 MRCHDU: Convergence failed at  42  side 2    Res =  0.3278E-04
 MRCHDU: Convergence failed at  43  side 2    Res =  0.1993E-04
 MRCHDU: Convergence failed at  44  side 2    Res =  0.1231E-04
 MRCHDU: Convergence failed at  45  side 2    Res =  0.7764E-05
 MRCHDU: Convergence failed at  46  side 2    Res =  0.5025E-05
 MRCHDU: Convergence failed at  85  side 2    Res =  0.1021E-02
 MRCHDU: Convergence failed at  87  side 2    Res =  0.6245E-04
 Side 1  free  transition at x/c =  0.6197   53
 Side 2  free  transition at x/c =  0.0292   19

  55   rms: 0.9142E+05   max: -.4017E+06   T at   37  2   RLX: 0.000
       a =  2.000      CL = -0.5246
      Cm =  0.1611     CD = Infinity   =>   CDf =  0.00331    CDp = Infinity

 MRCHDU: Convergence failed at  22  side 2    Res =  0.1405E-02
 MRCHDU: Convergence failed at  23  side 2    Res =  0.2617E-01
 MRCHDU: Convergence failed at  24  side 2    Res =  0.1602E-01
 MRCHDU: Convergence failed at  25  side 2    Res =  0.1094E-01
 MRCHDU: Convergence failed at  26  side 2    Res =  0.8178E-02
 MRCHDU: Convergence failed at  27  side 2    Res =  0.6372E-02
 MRCHDU: Convergence failed at  28  side 2    Res =  0.5014E-02
 MRCHDU: Convergence failed at  29  side 2    Res =  0.3859E-02
 MRCHDU: Convergence failed at  30  side 2    Res =  0.2878E-02
 MRCHDU: Convergence failed at  31  side 2    Res =  0.2094E-02
 MRCHDU: Convergence failed at  32  side 2    Res =  0.1628E-02
 MRCHDU: Convergence failed at  33  side 2    Res =  0.1242E-02
 MRCHDU: Convergence failed at  34  side 2    Res =  0.8181E-03
 MRCHDU: Convergence failed at  35  side 2    Res =  0.5018E-03
 MRCHDU: Convergence failed at  36  side 2    Res =  0.2966E-03
 MRCHDU: Convergence failed at  37  side 2    Res =  0.1742E-03
 MRCHDU: Convergence failed at  38  side 2    Res =  0.1032E-03
 MRCHDU: Convergence failed at  39  side 2    Res =  0.6092E-04
 MRCHDU: Convergence failed at  40  side 2    Res =  0.3602E-04
 MRCHDU: Convergence failed at  41  side 2    Res =  0.2147E-04
 MRCHDU: Convergence failed at  42  side 2    Res =  0.1303E-04
 MRCHDU: Convergence failed at  43  side 2    Res =  0.8116E-05
 MRCHDU: Convergence failed at  44  side 2    Res =  0.5200E-05
 MRCHDU: Convergence failed at  85  side 2    Res =  0.1021E-02
 MRCHDU: Convergence failed at  87  side 2    Res =  0.6278E-04
 Side 1  free  transition at x/c =  0.6197   53
 Side 2  free  transition at x/c =  0.0292   19

  56   rms: 0.8751E+05   max: -.3764E+06   T at   35  2   RLX: 0.000
       a =  2.000      CL = -0.5244
      Cm =  0.1611     CD = Infinity   =>   CDf =  0.00331    CDp = Infinity

 MRCHDU: Convergence failed at  22  side 2    Res =  0.1405E-02
 MRCHDU: Convergence failed at  23  side 2    Res =  0.2610E-01
 MRCHDU: Convergence failed at  24  side 2    Res =  0.1589E-01
 MRCHDU: Convergence failed at  25  side 2    Res =  0.1072E-01
 MRCHDU: Convergence failed at  26  side 2    Res =  0.7847E-02
 MRCHDU: Convergence failed at  27  side 2    Res =  0.5915E-02
 MRCHDU: Convergence failed at  28  side 2    Res =  0.4437E-02
 MRCHDU: Convergence failed at  29  side 2    Res =  0.3204E-02
 MRCHDU: Convergence failed at  30  side 2    Res =  0.2204E-02
 MRCHDU: Convergence failed at  31  side 2    Res =  0.1457E-02
 MRCHDU: Convergence failed at  32  side 2    Res =  0.1031E-02
 MRCHDU: Convergence failed at  33  side 2    Res =  0.6904E-03
 MRCHDU: Convergence failed at  34  side 2    Res =  0.3864E-03
 MRCHDU: Convergence failed at  35  side 2    Res =  0.2161E-03
 MRCHDU: Convergence failed at  36  side 2    Res =  0.1235E-03
 MRCHDU: Convergence failed at  37  side 2    Res =  0.7085E-04
 MRCHDU: Convergence failed at  38  side 2    Res =  0.4081E-04
 MRCHDU: Convergence failed at  39  side 2    Res =  0.2379E-04
 MRCHDU: Convergence failed at  40  side 2    Res =  0.1414E-04
 MRCHDU: Convergence failed at  41  side 2    Res =  0.8644E-05
 MRCHDU: Convergence failed at  42  side 2    Res =  0.5452E-05
 MRCHDU: Convergence failed at  85  side 2    Res =  0.1020E-02
 MRCHDU: Convergence failed at  87  side 2    Res =  0.6326E-04
 Side 1  free  transition at x/c =  0.6197   53
 Side 2  free  transition at x/c =  0.0292   19

  57   rms: 0.1814E+06   max: -.7965E+06   T at   34  2   RLX: 0.000
       a =  2.000      CL = -0.5242
      Cm =  0.1611     CD = Infinity   =>   CDf =  0.00331    CDp = Infinity

 MRCHDU: Convergence failed at  22  side 2    Res =  0.1395E-02
 MRCHDU: Convergence failed at  23  side 2    Res =  0.2600E-01
 MRCHDU: Convergence failed at  24  side 2    Res =  0.1568E-01
 MRCHDU: Convergence failed at  25  side 2    Res =  0.1038E-01
 MRCHDU: Convergence failed at  26  side 2    Res =  0.7349E-02
 MRCHDU: Convergence failed at  27  side 2    Res =  0.5263E-02
 MRCHDU: Convergence failed at  28  side 2    Res =  0.3671E-02
 MRCHDU: Convergence failed at  29  side 2    Res =  0.2411E-02
 MRCHDU: Convergence failed at  30  side 2    Res =  0.1475E-02
 MRCHDU: Convergence failed at  31  side 2    Res =  0.8546E-03
 MRCHDU: Convergence failed at  32  side 2    Res =  0.5435E-03
 MRCHDU: Convergence failed at  33  side 2    Res =  0.3156E-03
 MRCHDU: Convergence failed at  34  side 2    Res =  0.1613E-03
 MRCHDU: Convergence failed at  35  side 2    Res =  0.8906E-04
 MRCHDU: Convergence failed at  36  side 2    Res =  0.4911E-04
 MRCHDU: Convergence failed at  37  side 2    Res =  0.2787E-04
 MRCHDU: Convergence failed at  38  side 2    Res =  0.1602E-04
 MRCHDU: Convergence failed at  39  side 2    Res =  0.9624E-05
 MRCHDU: Convergence failed at  40  side 2    Res =  0.5919E-05
 MRCHDU: Convergence failed at  85  side 2    Res =  0.1020E-02
 MRCHDU: Convergence failed at  87  side 2    Res =  0.6354E-04
 Side 1  free  transition at x/c =  0.6197   53
 Side 2  free  transition at x/c =  0.0292   19

  58   rms: 0.1708E+06   max: -.7459E+06   T at   33  2   RLX: 0.000
       a =  2.000      CL = -0.5239
      Cm =  0.1610     CD = Infinity   =>   CDf =  0.00331    CDp = Infinity

 MRCHDU: Convergence failed at  22  side 2    Res =  0.1365E-02
 MRCHDU: Convergence failed at  23  side 2    Res =  0.2585E-01
 MRCHDU: Convergence failed at  24  side 2    Res =  0.1535E-01
 MRCHDU: Convergence failed at  25  side 2    Res =  0.9863E-02
 MRCHDU: Convergence failed at  26  side 2    Res =  0.6623E-02
 MRCHDU: Convergence failed at  27  side 2    Res =  0.4388E-02
 MRCHDU: Convergence failed at  28  side 2    Res =  0.2746E-02
 MRCHDU: Convergence failed at  29  side 2    Res =  0.1572E-02
 MRCHDU: Convergence failed at  30  side 2    Res =  0.8252E-03
 MRCHDU: Convergence failed at  31  side 2    Res =  0.4198E-03
 MRCHDU: Convergence failed at  32  side 2    Res =  0.2462E-03
 MRCHDU: Convergence failed at  33  side 2    Res =  0.1288E-03
 MRCHDU: Convergence failed at  34  side 2    Res =  0.6468E-04
 MRCHDU: Convergence failed at  35  side 2    Res =  0.3506E-04
 MRCHDU: Convergence failed at  36  side 2    Res =  0.1928E-04
 MRCHDU: Convergence failed at  37  side 2    Res =  0.1121E-04
 MRCHDU: Convergence failed at  38  side 2    Res =  0.6701E-05
 MRCHDU: Convergence failed at  85  side 2    Res =  0.1020E-02
 MRCHDU: Convergence failed at  87  side 2    Res =  0.6396E-04
 Side 1  free  transition at x/c =  0.6197   53
 Side 2  free  transition at x/c =  0.0292   19

  59   rms: 0.2854E+06   max: -.1233E+07   T at   33  2   RLX: 0.000
       a =  2.000      CL = -0.5236
      Cm =  0.1610     CD = Infinity   =>   CDf =  0.00331    CDp = Infinity

 MRCHDU: Convergence failed at  22  side 2    Res =  0.1304E-02
 MRCHDU: Convergence failed at  23  side 2    Res =  0.2560E-01
 MRCHDU: Convergence failed at  24  side 2    Res =  0.1483E-01
 MRCHDU: Convergence failed at  25  side 2    Res =  0.9067E-02
 MRCHDU: Convergence failed at  26  side 2    Res =  0.5600E-02
 MRCHDU: Convergence failed at  27  side 2    Res =  0.3289E-02
 MRCHDU: Convergence failed at  28  side 2    Res =  0.1750E-02
 MRCHDU: Convergence failed at  29  side 2    Res =  0.8387E-03
 MRCHDU: Convergence failed at  30  side 2    Res =  0.3823E-03
 MRCHDU: Convergence failed at  31  side 2    Res =  0.1785E-03
 MRCHDU: Convergence failed at  32  side 2    Res =  0.9784E-04
 MRCHDU: Convergence failed at  33  side 2    Res =  0.4767E-04
 MRCHDU: Convergence failed at  34  side 2    Res =  0.2466E-04
 MRCHDU: Convergence failed at  35  side 2    Res =  0.1344E-04
 MRCHDU: Convergence failed at  36  side 2    Res =  0.7806E-05
 MRCHDU: Convergence failed at  85  side 2    Res =  0.1019E-02
 MRCHDU: Convergence failed at  87  side 2    Res =  0.6427E-04
 Side 1  free  transition at x/c =  0.6197   53
 Side 2  free  transition at x/c =  0.0292   19

  60   rms: 0.4712E+06   max: -.1995E+07   T at   32  2   RLX: 0.000
       a =  2.000      CL = -0.5233
      Cm =  0.1609     CD = Infinity   =>   CDf =  0.00331    CDp = Infinity

 MRCHDU: Convergence failed at  22  side 2    Res =  0.1187E-02
 MRCHDU: Convergence failed at  23  side 2    Res =  0.2519E-01
 MRCHDU: Convergence failed at  24  side 2    Res =  0.1398E-01
 MRCHDU: Convergence failed at  25  side 2    Res =  0.7877E-02
 MRCHDU: Convergence failed at  26  side 2    Res =  0.4256E-02
 MRCHDU: Convergence failed at  27  side 2    Res =  0.2077E-02
 MRCHDU: Convergence failed at  28  side 2    Res =  0.8933E-03
 MRCHDU: Convergence failed at  29  side 2    Res =  0.3667E-03
 MRCHDU: Convergence failed at  30  side 2    Res =  0.1522E-03
 MRCHDU: Convergence failed at  31  side 2    Res =  0.6675E-04
 MRCHDU: Convergence failed at  32  side 2    Res =  0.3499E-04
 MRCHDU: Convergence failed at  33  side 2    Res =  0.1693E-04
 MRCHDU: Convergence failed at  34  side 2    Res =  0.9459E-05
 MRCHDU: Convergence failed at  35  side 2    Res =  0.5394E-05
 MRCHDU: Convergence failed at  85  side 2    Res =  0.1019E-02
 MRCHDU: Convergence failed at  87  side 2    Res =  0.6450E-04
 Side 1  free  transition at x/c =  0.6197   53
 Side 2  free  transition at x/c =  0.0292   19

  61   rms: 0.8803E+06   max: -.3697E+07   T at   28  2   RLX: 0.000
       a =  2.000      CL = -0.5229
      Cm =  0.1608     CD = Infinity   =>   CDf =  0.00331    CDp = Infinity

 MRCHDU: Convergence failed at  22  side 2    Res =  0.9665E-03
 MRCHDU: Convergence failed at  23  side 2    Res =  0.2449E-01
 MRCHDU: Convergence failed at  24  side 2    Res =  0.1263E-01
 MRCHDU: Convergence failed at  25  side 2    Res =  0.6229E-02
 MRCHDU: Convergence failed at  26  side 2    Res =  0.2726E-02
 MRCHDU: Convergence failed at  27  side 2    Res =  0.1041E-02
 MRCHDU: Convergence failed at  28  side 2    Res =  0.3755E-03
 MRCHDU: Convergence failed at  29  side 2    Res =  0.1394E-03
 MRCHDU: Convergence failed at  30  side 2    Res =  0.5452E-04
 MRCHDU: Convergence failed at  31  side 2    Res =  0.2385E-04
 MRCHDU: Convergence failed at  32  side 2    Res =  0.1257E-04
 MRCHDU: Convergence failed at  33  side 2    Res =  0.6473E-05
 MRCHDU: Convergence failed at  85  side 2    Res =  0.1018E-02
 MRCHDU: Convergence failed at  87  side 2    Res =  0.6465E-04
 Side 1  free  transition at x/c =  0.6197   53
 Side 2  free  transition at x/c =  0.0292   19

  62   rms: 0.1107E+07   max: -.4706E+07   T at   27  2   RLX: 0.000
       a =  2.000      CL = -0.5224
      Cm =  0.1607     CD = Infinity   =>   CDf =  0.00331    CDp = Infinity

 MRCHDU: Convergence failed at  22  side 2    Res =  0.5661E-03
 MRCHDU: Convergence failed at  23  side 2    Res =  0.2333E-01
 MRCHDU: Convergence failed at  24  side 2    Res =  0.1064E-01
 MRCHDU: Convergence failed at  25  side 2    Res =  0.4246E-02
 MRCHDU: Convergence failed at  26  side 2    Res =  0.1398E-02
 MRCHDU: Convergence failed at  27  side 2    Res =  0.4385E-03
 MRCHDU: Convergence failed at  28  side 2    Res =  0.1422E-03
 MRCHDU: Convergence failed at  29  side 2    Res =  0.5020E-04
 MRCHDU: Convergence failed at  30  side 2    Res =  0.2007E-04
 MRCHDU: Convergence failed at  31  side 2    Res =  0.9298E-05
 MRCHDU: Convergence failed at  32  side 2    Res =  0.5152E-05
 MRCHDU: Convergence failed at  85  side 2    Res =  0.1018E-02
 MRCHDU: Convergence failed at  87  side 2    Res =  0.6480E-04
 Side 1  free  transition at x/c =  0.6197   53
 Side 2  free  transition at x/c =  0.0292   19

  63   rms: 0.2765E+07   max: -.1210E+08   T at   26  2   RLX: 0.000
       a =  2.000      CL = -0.5218
      Cm =  0.1606     CD = Infinity   =>   CDf =  0.00331    CDp = Infinity

 MRCHDU: Convergence failed at  23  side 2    Res =  0.2115E-01
 MRCHDU: Convergence failed at  24  side 2    Res =  0.8016E-02
 MRCHDU: Convergence failed at  25  side 2    Res =  0.2362E-02
 MRCHDU: Convergence failed at  26  side 2    Res =  0.6105E-03
 MRCHDU: Convergence failed at  27  side 2    Res =  0.1703E-03
 MRCHDU: Convergence failed at  28  side 2    Res =  0.5270E-04
 MRCHDU: Convergence failed at  29  side 2    Res =  0.1943E-04
 MRCHDU: Convergence failed at  30  side 2    Res =  0.8349E-05
 MRCHDU: Convergence failed at  85  side 2    Res =  0.1018E-02
 MRCHDU: Convergence failed at  87  side 2    Res =  0.6486E-04
 Side 1  free  transition at x/c =  0.6197   53
 Side 2  free  transition at x/c =  0.0292   19

  64   rms: 0.5164E+07   max: -.2292E+08   T at   25  2   RLX: 0.000
       a =  2.000      CL = -0.5212
      Cm =  0.1605     CD = Infinity   =>   CDf =  0.00331    CDp = Infinity

 MRCHDU: Convergence failed at  23  side 2    Res =  0.1749E-01
 MRCHDU: Convergence failed at  24  side 2    Res =  0.6073E-02
 MRCHDU: Convergence failed at  25  side 2    Res =  0.1504E-02
 MRCHDU: Convergence failed at  26  side 2    Res =  0.3598E-03
 MRCHDU: Convergence failed at  27  side 2    Res =  0.9642E-04
 MRCHDU: Convergence failed at  28  side 2    Res =  0.3052E-04
 MRCHDU: Convergence failed at  29  side 2    Res =  0.1181E-04
 MRCHDU: Convergence failed at  30  side 2    Res =  0.5354E-05
 MRCHDU: Convergence failed at  85  side 2    Res =  0.1017E-02
 MRCHDU: Convergence failed at  87  side 2    Res =  0.6488E-04
 Side 1  free  transition at x/c =  0.6197   53
 Side 2  free  transition at x/c =  0.0292   19

  65   rms: 0.2450E+09   max: -.1081E+10   T at   25  2   RLX: 0.000
       a =  2.000      CL = -0.5209
      Cm =  0.1604     CD = Infinity   =>   CDf =  0.00331    CDp = Infinity

 MRCHDU: Convergence failed at  23  side 2    Res =  0.1738E-01
 MRCHDU: Convergence failed at  24  side 2    Res =  0.6034E-02
 MRCHDU: Convergence failed at  25  side 2    Res =  0.1491E-02
 MRCHDU: Convergence failed at  26  side 2    Res =  0.3564E-03
 MRCHDU: Convergence failed at  27  side 2    Res =  0.9547E-04
 MRCHDU: Convergence failed at  28  side 2    Res =  0.3024E-04
 MRCHDU: Convergence failed at  29  side 2    Res =  0.1171E-04
 MRCHDU: Convergence failed at  30  side 2    Res =  0.5314E-05
 MRCHDU: Convergence failed at  85  side 2    Res =  0.1017E-02
 MRCHDU: Convergence failed at  87  side 2    Res =  0.6488E-04
 Side 1  free  transition at x/c =  0.6197   53
 Side 2  free  transition at x/c =  0.0292   19

  66   rms: 0.2137E+11   max: -.9425E+11   T at   25  2   RLX: 0.000
       a =  2.000      CL = -0.5209
      Cm =  0.1604     CD = Infinity   =>   CDf =  0.00331    CDp = Infinity

 MRCHDU: Convergence failed at  23  side 2    Res =  0.1738E-01
 MRCHDU: Convergence failed at  24  side 2    Res =  0.6034E-02
 MRCHDU: Convergence failed at  25  side 2    Res =  0.1491E-02
 MRCHDU: Convergence failed at  26  side 2    Res =  0.3563E-03
 MRCHDU: Convergence failed at  27  side 2    Res =  0.9546E-04
 MRCHDU: Convergence failed at  28  side 2    Res =  0.3023E-04
 MRCHDU: Convergence failed at  29  side 2    Res =  0.1171E-04
 MRCHDU: Convergence failed at  30  side 2    Res =  0.5314E-05
 MRCHDU: Convergence failed at  85  side 2    Res =  0.1017E-02
 MRCHDU: Convergence failed at  87  side 2    Res =  0.6488E-04
 Side 1  free  transition at x/c =  0.6197   53
 Side 2  free  transition at x/c =  0.0292   19

  67   rms: 0.1329E+13   max: -.5862E+13   T at   25  2   RLX: 0.000
       a =  2.000      CL = -0.5209
      Cm =  0.1604     CD = Infinity   =>   CDf =  0.00331    CDp = Infinity

 MRCHDU: Convergence failed at  23  side 2    Res =  0.1738E-01
 MRCHDU: Convergence failed at  24  side 2    Res =  0.6034E-02
 MRCHDU: Convergence failed at  25  side 2    Res =  0.1491E-02
 MRCHDU: Convergence failed at  26  side 2    Res =  0.3563E-03
 MRCHDU: Convergence failed at  27  side 2    Res =  0.9546E-04
 MRCHDU: Convergence failed at  28  side 2    Res =  0.3023E-04
 MRCHDU: Convergence failed at  29  side 2    Res =  0.1171E-04
 MRCHDU: Convergence failed at  30  side 2    Res =  0.5314E-05
 MRCHDU: Convergence failed at  85  side 2    Res =  0.1017E-02
 MRCHDU: Convergence failed at  87  side 2    Res =  0.6488E-04
 Side 1  free  transition at x/c =  0.6197   53
 Side 2  free  transition at x/c =  0.0292   19

  68   rms: 0.8835E+12   max: -.3897E+13   T at   25  2   RLX: 0.000
       a =  2.000      CL = -0.5209
      Cm =  0.1604     CD = Infinity   =>   CDf =  0.00331    CDp = Infinity

 MRCHDU: Convergence failed at  23  side 2    Res =  0.1738E-01
 MRCHDU: Convergence failed at  24  side 2    Res =  0.6034E-02
 MRCHDU: Convergence failed at  25  side 2    Res =  0.1491E-02
 MRCHDU: Convergence failed at  26  side 2    Res =  0.3563E-03
 MRCHDU: Convergence failed at  27  side 2    Res =  0.9546E-04
 MRCHDU: Convergence failed at  28  side 2    Res =  0.3023E-04
 MRCHDU: Convergence failed at  29  side 2    Res =  0.1171E-04
 MRCHDU: Convergence failed at  30  side 2    Res =  0.5314E-05
 MRCHDU: Convergence failed at  85  side 2    Res =  0.1017E-02
 MRCHDU: Convergence failed at  87  side 2    Res =  0.6488E-04
 Side 1  free  transition at x/c =  0.6197   53
 Side 2  free  transition at x/c =  0.0292   19

  69   rms: 0.4061E+12   max: -.1791E+13   T at   25  2   RLX: 0.000
       a =  2.000      CL = -0.5209
      Cm =  0.1604     CD = Infinity   =>   CDf =  0.00331    CDp = Infinity

 MRCHDU: Convergence failed at  23  side 2    Res =  0.1738E-01
 MRCHDU: Convergence failed at  24  side 2    Res =  0.6033E-02
 MRCHDU: Convergence failed at  25  side 2    Res =  0.1491E-02
 MRCHDU: Convergence failed at  26  side 2    Res =  0.3563E-03
 MRCHDU: Convergence failed at  27  side 2    Res =  0.9546E-04
 MRCHDU: Convergence failed at  28  side 2    Res =  0.3023E-04
 MRCHDU: Convergence failed at  29  side 2    Res =  0.1171E-04
 MRCHDU: Convergence failed at  30  side 2    Res =  0.5314E-05
 MRCHDU: Convergence failed at  85  side 2    Res =  0.1017E-02
 MRCHDU: Convergence failed at  87  side 2    Res =  0.6488E-04
 Side 1  free  transition at x/c =  0.6197   53
 Side 2  free  transition at x/c =  0.0292   19

  70   rms: 0.1773E+13   max: 0.7820E+13   T at   25  2   RLX: 0.000
       a =  2.000      CL = -0.5209
      Cm =  0.1604     CD = Infinity   =>   CDf =  0.00331    CDp = Infinity

 MRCHDU: Convergence failed at  23  side 2    Res =  0.1738E-01
 MRCHDU: Convergence failed at  24  side 2    Res =  0.6033E-02
 MRCHDU: Convergence failed at  25  side 2    Res =  0.1491E-02
 MRCHDU: Convergence failed at  26  side 2    Res =  0.3563E-03
 MRCHDU: Convergence failed at  27  side 2    Res =  0.9546E-04
 MRCHDU: Convergence failed at  28  side 2    Res =  0.3023E-04
 MRCHDU: Convergence failed at  29  side 2    Res =  0.1171E-04
 MRCHDU: Convergence failed at  30  side 2    Res =  0.5314E-05
 MRCHDU: Convergence failed at  85  side 2    Res =  0.1017E-02
 MRCHDU: Convergence failed at  87  side 2    Res =  0.6488E-04
 Side 1  free  transition at x/c =  0.6197   53
 Side 2  free  transition at x/c =  0.0292   19

  71   rms: 0.2011E+12   max: 0.8871E+12   T at   25  2   RLX: 0.000
       a =  2.000      CL = -0.5209
      Cm =  0.1604     CD = Infinity   =>   CDf =  0.00331    CDp = Infinity

 MRCHDU: Convergence failed at  23  side 2    Res =  0.1738E-01
 MRCHDU: Convergence failed at  24  side 2    Res =  0.6034E-02
 MRCHDU: Convergence failed at  25  side 2    Res =  0.1491E-02
 MRCHDU: Convergence failed at  26  side 2    Res =  0.3563E-03
 MRCHDU: Convergence failed at  27  side 2    Res =  0.9546E-04
 MRCHDU: Convergence failed at  28  side 2    Res =  0.3023E-04
 MRCHDU: Convergence failed at  29  side 2    Res =  0.1171E-04
 MRCHDU: Convergence failed at  30  side 2    Res =  0.5314E-05
 MRCHDU: Convergence failed at  85  side 2    Res =  0.1017E-02
 MRCHDU: Convergence failed at  87  side 2    Res =  0.6488E-04
 Side 1  free  transition at x/c =  0.6197   53
 Side 2  free  transition at x/c =  0.0292   19

  72   rms: 0.3585E+12   max: -.1581E+13   T at   25  2   RLX: 0.000
       a =  2.000      CL = -0.5209
      Cm =  0.1604     CD = Infinity   =>   CDf =  0.00331    CDp = Infinity

 MRCHDU: Convergence failed at  23  side 2    Res =  0.1738E-01
 MRCHDU: Convergence failed at  24  side 2    Res =  0.6034E-02
 MRCHDU: Convergence failed at  25  side 2    Res =  0.1491E-02
 MRCHDU: Convergence failed at  26  side 2    Res =  0.3563E-03
 MRCHDU: Convergence failed at  27  side 2    Res =  0.9546E-04
 MRCHDU: Convergence failed at  28  side 2    Res =  0.3023E-04
 MRCHDU: Convergence failed at  29  side 2    Res =  0.1171E-04
 MRCHDU: Convergence failed at  30  side 2    Res =  0.5314E-05
 MRCHDU: Convergence failed at  85  side 2    Res =  0.1017E-02
 MRCHDU: Convergence failed at  87  side 2    Res =  0.6488E-04
 Side 1  free  transition at x/c =  0.6197   53
 Side 2  free  transition at x/c =  0.0292   19

  73   rms: 0.2206E+12   max: -.9732E+12   T at   25  2   RLX: 0.000
       a =  2.000      CL = -0.5209
      Cm =  0.1604     CD = Infinity   =>   CDf =  0.00331    CDp = Infinity

 MRCHDU: Convergence failed at  23  side 2    Res =  0.1738E-01
 MRCHDU: Convergence failed at  24  side 2    Res =  0.6033E-02
 MRCHDU: Convergence failed at  25  side 2    Res =  0.1491E-02
 MRCHDU: Convergence failed at  26  side 2    Res =  0.3563E-03
 MRCHDU: Convergence failed at  27  side 2    Res =  0.9545E-04
 MRCHDU: Convergence failed at  28  side 2    Res =  0.3023E-04
 MRCHDU: Convergence failed at  29  side 2    Res =  0.1171E-04
 MRCHDU: Convergence failed at  30  side 2    Res =  0.5314E-05
 MRCHDU: Convergence failed at  85  side 2    Res =  0.1017E-02
 MRCHDU: Convergence failed at  87  side 2    Res =  0.6488E-04
 Side 1  free  transition at x/c =  0.6197   53
 Side 2  free  transition at x/c =  0.0292   19

  74   rms: 0.1483E+12   max: 0.6539E+12   T at   25  2   RLX: 0.000
       a =  2.000      CL = -0.5209
      Cm =  0.1604     CD = Infinity   =>   CDf =  0.00331    CDp = Infinity

 MRCHDU: Convergence failed at  23  side 2    Res =  0.1738E-01
 MRCHDU: Convergence failed at  24  side 2    Res =  0.6034E-02
 MRCHDU: Convergence failed at  25  side 2    Res =  0.1491E-02
 MRCHDU: Convergence failed at  26  side 2    Res =  0.3563E-03
 MRCHDU: Convergence failed at  27  side 2    Res =  0.9546E-04
 MRCHDU: Convergence failed at  28  side 2    Res =  0.3023E-04
 MRCHDU: Convergence failed at  29  side 2    Res =  0.1171E-04
 MRCHDU: Convergence failed at  30  side 2    Res =  0.5314E-05
 MRCHDU: Convergence failed at  85  side 2    Res =  0.1017E-02
 MRCHDU: Convergence failed at  87  side 2    Res =  0.6488E-04
 Side 1  free  transition at x/c =  0.6197   53
 Side 2  free  transition at x/c =  0.0292   19

  75   rms: 0.1974E+12   max: -.8707E+12   T at   25  2   RLX: 0.000
       a =  2.000      CL = -0.5209
      Cm =  0.1604     CD = Infinity   =>   CDf =  0.00331    CDp = Infinity

 MRCHDU: Convergence failed at  23  side 2    Res =  0.1738E-01
 MRCHDU: Convergence failed at  24  side 2    Res =  0.6033E-02
 MRCHDU: Convergence failed at  25  side 2    Res =  0.1491E-02
 MRCHDU: Convergence failed at  26  side 2    Res =  0.3563E-03
 MRCHDU: Convergence failed at  27  side 2    Res =  0.9546E-04
 MRCHDU: Convergence failed at  28  side 2    Res =  0.3023E-04
 MRCHDU: Convergence failed at  29  side 2    Res =  0.1171E-04
 MRCHDU: Convergence failed at  30  side 2    Res =  0.5314E-05
 MRCHDU: Convergence failed at  85  side 2    Res =  0.1017E-02
 MRCHDU: Convergence failed at  87  side 2    Res =  0.6488E-04
 Side 1  free  transition at x/c =  0.6197   53
 Side 2  free  transition at x/c =  0.0292   19

  76   rms: 0.1722E+12   max: 0.7593E+12   T at   25  2   RLX: 0.000
       a =  2.000      CL = -0.5209
      Cm =  0.1604     CD = Infinity   =>   CDf =  0.00331    CDp = Infinity

 MRCHDU: Convergence failed at  23  side 2    Res =  0.1738E-01
 MRCHDU: Convergence failed at  24  side 2    Res =  0.6034E-02
 MRCHDU: Convergence failed at  25  side 2    Res =  0.1491E-02
 MRCHDU: Convergence failed at  26  side 2    Res =  0.3563E-03
 MRCHDU: Convergence failed at  27  side 2    Res =  0.9546E-04
 MRCHDU: Convergence failed at  28  side 2    Res =  0.3023E-04
 MRCHDU: Convergence failed at  29  side 2    Res =  0.1171E-04
 MRCHDU: Convergence failed at  30  side 2    Res =  0.5314E-05
 MRCHDU: Convergence failed at  85  side 2    Res =  0.1017E-02
 MRCHDU: Convergence failed at  87  side 2    Res =  0.6488E-04
 Side 1  free  transition at x/c =  0.6197   53
 Side 2  free  transition at x/c =  0.0292   19

  77   rms: 0.4377E+12   max: -.1930E+13   T at   25  2   RLX: 0.000
       a =  2.000      CL = -0.5209
      Cm =  0.1604     CD = Infinity   =>   CDf =  0.00331    CDp = Infinity

 MRCHDU: Convergence failed at  23  side 2    Res =  0.1738E-01
 MRCHDU: Convergence failed at  24  side 2    Res =  0.6034E-02
 MRCHDU: Convergence failed at  25  side 2    Res =  0.1491E-02
 MRCHDU: Convergence failed at  26  side 2    Res =  0.3563E-03
 MRCHDU: Convergence failed at  27  side 2    Res =  0.9546E-04
 MRCHDU: Convergence failed at  28  side 2    Res =  0.3023E-04
 MRCHDU: Convergence failed at  29  side 2    Res =  0.1171E-04
 MRCHDU: Convergence failed at  30  side 2    Res =  0.5314E-05
 MRCHDU: Convergence failed at  85  side 2    Res =  0.1017E-02
 MRCHDU: Convergence failed at  87  side 2    Res =  0.6488E-04
 Side 1  free  transition at x/c =  0.6197   53
 Side 2  free  transition at x/c =  0.0292   19

  78   rms: 0.3085E+12   max: -.1361E+13   T at   25  2   RLX: 0.000
       a =  2.000      CL = -0.5209
      Cm =  0.1604     CD = Infinity   =>   CDf =  0.00331    CDp = Infinity

 MRCHDU: Convergence failed at  23  side 2    Res =  0.1738E-01
 MRCHDU: Convergence failed at  24  side 2    Res =  0.6033E-02
 MRCHDU: Convergence failed at  25  side 2    Res =  0.1491E-02
 MRCHDU: Convergence failed at  26  side 2    Res =  0.3563E-03
 MRCHDU: Convergence failed at  27  side 2    Res =  0.9546E-04
 MRCHDU: Convergence failed at  28  side 2    Res =  0.3023E-04
 MRCHDU: Convergence failed at  29  side 2    Res =  0.1171E-04
 MRCHDU: Convergence failed at  30  side 2    Res =  0.5314E-05
 MRCHDU: Convergence failed at  85  side 2    Res =  0.1017E-02
 MRCHDU: Convergence failed at  87  side 2    Res =  0.6488E-04
 Side 1  free  transition at x/c =  0.6197   53
 Side 2  free  transition at x/c =  0.0292   19

  79   rms: 0.8693E+12   max: 0.3834E+13   T at   25  2   RLX: 0.000
       a =  2.000      CL = -0.5209
      Cm =  0.1604     CD = Infinity   =>   CDf =  0.00331    CDp = Infinity

 MRCHDU: Convergence failed at  23  side 2    Res =  0.1738E-01
 MRCHDU: Convergence failed at  24  side 2    Res =  0.6033E-02
 MRCHDU: Convergence failed at  25  side 2    Res =  0.1491E-02
 MRCHDU: Convergence failed at  26  side 2    Res =  0.3563E-03
 MRCHDU: Convergence failed at  27  side 2    Res =  0.9546E-04
 MRCHDU: Convergence failed at  28  side 2    Res =  0.3023E-04
 MRCHDU: Convergence failed at  29  side 2    Res =  0.1171E-04
 MRCHDU: Convergence failed at  30  side 2    Res =  0.5314E-05
 MRCHDU: Convergence failed at  85  side 2    Res =  0.1017E-02
 MRCHDU: Convergence failed at  87  side 2    Res =  0.6488E-04
 Side 1  free  transition at x/c =  0.6197   53
 Side 2  free  transition at x/c =  0.0292   19

  80   rms: 0.1201E+13   max: 0.5299E+13   T at   25  2   RLX: 0.000
       a =  2.000      CL = -0.5209
      Cm =  0.1604     CD = Infinity   =>   CDf =  0.00331    CDp = Infinity

 MRCHDU: Convergence failed at  23  side 2    Res =  0.1738E-01
 MRCHDU: Convergence failed at  24  side 2    Res =  0.6033E-02
 MRCHDU: Convergence failed at  25  side 2    Res =  0.1491E-02
 MRCHDU: Convergence failed at  26  side 2    Res =  0.3563E-03
 MRCHDU: Convergence failed at  27  side 2    Res =  0.9546E-04
 MRCHDU: Convergence failed at  28  side 2    Res =  0.3023E-04
 MRCHDU: Convergence failed at  29  side 2    Res =  0.1171E-04
 MRCHDU: Convergence failed at  30  side 2    Res =  0.5314E-05
 MRCHDU: Convergence failed at  85  side 2    Res =  0.1017E-02
 MRCHDU: Convergence failed at  87  side 2    Res =  0.6488E-04
 Side 1  free  transition at x/c =  0.6197   53
 Side 2  free  transition at x/c =  0.0292   19

  81   rms: 0.4010E+12   max: 0.1768E+13   T at   25  2   RLX: 0.000
       a =  2.000      CL = -0.5209
      Cm =  0.1604     CD = Infinity   =>   CDf =  0.00331    CDp = Infinity

 MRCHDU: Convergence failed at  23  side 2    Res =  0.1738E-01
 MRCHDU: Convergence failed at  24  side 2    Res =  0.6034E-02
 MRCHDU: Convergence failed at  25  side 2    Res =  0.1491E-02
 MRCHDU: Convergence failed at  26  side 2    Res =  0.3563E-03
 MRCHDU: Convergence failed at  27  side 2    Res =  0.9546E-04
 MRCHDU: Convergence failed at  28  side 2    Res =  0.3023E-04
 MRCHDU: Convergence failed at  29  side 2    Res =  0.1171E-04
 MRCHDU: Convergence failed at  30  side 2    Res =  0.5314E-05
 MRCHDU: Convergence failed at  85  side 2    Res =  0.1017E-02
 MRCHDU: Convergence failed at  87  side 2    Res =  0.6488E-04
 Side 1  free  transition at x/c =  0.6197   53
 Side 2  free  transition at x/c =  0.0292   19

  82   rms: 0.4395E+13   max: -.1939E+14   T at   25  2   RLX: 0.000
       a =  2.000      CL = -0.5209
      Cm =  0.1604     CD = Infinity   =>   CDf =  0.00331    CDp = Infinity

 MRCHDU: Convergence failed at  23  side 2    Res =  0.1738E-01
 MRCHDU: Convergence failed at  24  side 2    Res =  0.6034E-02
 MRCHDU: Convergence failed at  25  side 2    Res =  0.1491E-02
 MRCHDU: Convergence failed at  26  side 2    Res =  0.3563E-03
 MRCHDU: Convergence failed at  27  side 2    Res =  0.9546E-04
 MRCHDU: Convergence failed at  28  side 2    Res =  0.3023E-04
 MRCHDU: Convergence failed at  29  side 2    Res =  0.1171E-04
 MRCHDU: Convergence failed at  30  side 2    Res =  0.5314E-05
 MRCHDU: Convergence failed at  85  side 2    Res =  0.1017E-02
 MRCHDU: Convergence failed at  87  side 2    Res =  0.6488E-04
 Side 1  free  transition at x/c =  0.6197   53
 Side 2  free  transition at x/c =  0.0292   19

  83   rms: 0.1275E+12   max: -.5624E+12   T at   25  2   RLX: 0.000
       a =  2.000      CL = -0.5209
      Cm =  0.1604     CD = Infinity   =>   CDf =  0.00331    CDp = Infinity

 MRCHDU: Convergence failed at  23  side 2    Res =  0.1738E-01
 MRCHDU: Convergence failed at  24  side 2    Res =  0.6033E-02
 MRCHDU: Convergence failed at  25  side 2    Res =  0.1491E-02
 MRCHDU: Convergence failed at  26  side 2    Res =  0.3563E-03
 MRCHDU: Convergence failed at  27  side 2    Res =  0.9545E-04
 MRCHDU: Convergence failed at  28  side 2    Res =  0.3023E-04
 MRCHDU: Convergence failed at  29  side 2    Res =  0.1171E-04
 MRCHDU: Convergence failed at  30  side 2    Res =  0.5314E-05
 MRCHDU: Convergence failed at  85  side 2    Res =  0.1017E-02
 MRCHDU: Convergence failed at  87  side 2    Res =  0.6488E-04
 Side 1  free  transition at x/c =  0.6197   53
 Side 2  free  transition at x/c =  0.0292   19

  84   rms: 0.1081E+12   max: 0.4769E+12   T at   25  2   RLX: 0.000
       a =  2.000      CL = -0.5209
      Cm =  0.1604     CD = Infinity   =>   CDf =  0.00331    CDp = Infinity

 MRCHDU: Convergence failed at  23  side 2    Res =  0.1738E-01
 MRCHDU: Convergence failed at  24  side 2    Res =  0.6034E-02
 MRCHDU: Convergence failed at  25  side 2    Res =  0.1491E-02
 MRCHDU: Convergence failed at  26  side 2    Res =  0.3563E-03
 MRCHDU: Convergence failed at  27  side 2    Res =  0.9546E-04
 MRCHDU: Convergence failed at  28  side 2    Res =  0.3023E-04
 MRCHDU: Convergence failed at  29  side 2    Res =  0.1171E-04
 MRCHDU: Convergence failed at  30  side 2    Res =  0.5314E-05
 MRCHDU: Convergence failed at  85  side 2    Res =  0.1017E-02
 MRCHDU: Convergence failed at  87  side 2    Res =  0.6488E-04
 Side 1  free  transition at x/c =  0.6197   53
 Side 2  free  transition at x/c =  0.0292   19

  85   rms: 0.1399E+12   max: -.6169E+12   T at   25  2   RLX: 0.000
       a =  2.000      CL = -0.5209
      Cm =  0.1604     CD = Infinity   =>   CDf =  0.00331    CDp = Infinity

 MRCHDU: Convergence failed at  23  side 2    Res =  0.1738E-01
 MRCHDU: Convergence failed at  24  side 2    Res =  0.6033E-02
 MRCHDU: Convergence failed at  25  side 2    Res =  0.1491E-02
 MRCHDU: Convergence failed at  26  side 2    Res =  0.3563E-03
 MRCHDU: Convergence failed at  27  side 2    Res =  0.9545E-04
 MRCHDU: Convergence failed at  28  side 2    Res =  0.3023E-04
 MRCHDU: Convergence failed at  29  side 2    Res =  0.1171E-04
 MRCHDU: Convergence failed at  30  side 2    Res =  0.5314E-05
 MRCHDU: Convergence failed at  85  side 2    Res =  0.1017E-02
 MRCHDU: Convergence failed at  87  side 2    Res =  0.6488E-04
 Side 1  free  transition at x/c =  0.6197   53
 Side 2  free  transition at x/c =  0.0292   19

  86   rms: 0.1610E+12   max: 0.7103E+12   T at   25  2   RLX: 0.000
       a =  2.000      CL = -0.5209
      Cm =  0.1604     CD = Infinity   =>   CDf =  0.00331    CDp = Infinity

 MRCHDU: Convergence failed at  23  side 2    Res =  0.1738E-01
 MRCHDU: Convergence failed at  24  side 2    Res =  0.6034E-02
 MRCHDU: Convergence failed at  25  side 2    Res =  0.1491E-02
 MRCHDU: Convergence failed at  26  side 2    Res =  0.3563E-03
 MRCHDU: Convergence failed at  27  side 2    Res =  0.9546E-04
 MRCHDU: Convergence failed at  28  side 2    Res =  0.3023E-04
 MRCHDU: Convergence failed at  29  side 2    Res =  0.1171E-04
 MRCHDU: Convergence failed at  30  side 2    Res =  0.5314E-05
 MRCHDU: Convergence failed at  85  side 2    Res =  0.1017E-02
 MRCHDU: Convergence failed at  87  side 2    Res =  0.6488E-04
 Side 1  free  transition at x/c =  0.6197   53
 Side 2  free  transition at x/c =  0.0292   19

  87   rms: 0.5010E+12   max: -.2210E+13   T at   25  2   RLX: 0.000
       a =  2.000      CL = -0.5209
      Cm =  0.1604     CD = Infinity   =>   CDf =  0.00331    CDp = Infinity

 MRCHDU: Convergence failed at  23  side 2    Res =  0.1738E-01
 MRCHDU: Convergence failed at  24  side 2    Res =  0.6034E-02
 MRCHDU: Convergence failed at  25  side 2    Res =  0.1491E-02
 MRCHDU: Convergence failed at  26  side 2    Res =  0.3563E-03
 MRCHDU: Convergence failed at  27  side 2    Res =  0.9546E-04
 MRCHDU: Convergence failed at  28  side 2    Res =  0.3023E-04
 MRCHDU: Convergence failed at  29  side 2    Res =  0.1171E-04
 MRCHDU: Convergence failed at  30  side 2    Res =  0.5314E-05
 MRCHDU: Convergence failed at  85  side 2    Res =  0.1017E-02
 MRCHDU: Convergence failed at  87  side 2    Res =  0.6488E-04
 Side 1  free  transition at x/c =  0.6197   53
 Side 2  free  transition at x/c =  0.0292   19

  88   rms: 0.1193E+13   max: 0.5260E+13   T at   25  2   RLX: 0.000
       a =  2.000      CL = -0.5209
      Cm =  0.1604     CD = Infinity   =>   CDf =  0.00331    CDp = Infinity

 MRCHDU: Convergence failed at  23  side 2    Res =  0.1738E-01
 MRCHDU: Convergence failed at  24  side 2    Res =  0.6034E-02
 MRCHDU: Convergence failed at  25  side 2    Res =  0.1491E-02
 MRCHDU: Convergence failed at  26  side 2    Res =  0.3563E-03
 MRCHDU: Convergence failed at  27  side 2    Res =  0.9546E-04
 MRCHDU: Convergence failed at  28  side 2    Res =  0.3023E-04
 MRCHDU: Convergence failed at  29  side 2    Res =  0.1171E-04
 MRCHDU: Convergence failed at  30  side 2    Res =  0.5314E-05
 MRCHDU: Convergence failed at  85  side 2    Res =  0.1017E-02
 MRCHDU: Convergence failed at  87  side 2    Res =  0.6488E-04
 Side 1  free  transition at x/c =  0.6197   53
 Side 2  free  transition at x/c =  0.0292   19

  89   rms: 0.1588E+13   max: 0.7005E+13   T at   25  2   RLX: 0.000
       a =  2.000      CL = -0.5209
      Cm =  0.1604     CD = Infinity   =>   CDf =  0.00331    CDp = Infinity

 MRCHDU: Convergence failed at  23  side 2    Res =  0.1738E-01
 MRCHDU: Convergence failed at  24  side 2    Res =  0.6034E-02
 MRCHDU: Convergence failed at  25  side 2    Res =  0.1491E-02
 MRCHDU: Convergence failed at  26  side 2    Res =  0.3563E-03
 MRCHDU: Convergence failed at  27  side 2    Res =  0.9546E-04
 MRCHDU: Convergence failed at  28  side 2    Res =  0.3023E-04
 MRCHDU: Convergence failed at  29  side 2    Res =  0.1171E-04
 MRCHDU: Convergence failed at  30  side 2    Res =  0.5314E-05
 MRCHDU: Convergence failed at  85  side 2    Res =  0.1017E-02
 MRCHDU: Convergence failed at  87  side 2    Res =  0.6488E-04
 Side 1  free  transition at x/c =  0.6197   53
 Side 2  free  transition at x/c =  0.0292   19

  90   rms: 0.5278E+12   max: -.2328E+13   T at   25  2   RLX: 0.000
       a =  2.000      CL = -0.5209
      Cm =  0.1604     CD = Infinity   =>   CDf =  0.00331    CDp = Infinity

 MRCHDU: Convergence failed at  23  side 2    Res =  0.1738E-01
 MRCHDU: Convergence failed at  24  side 2    Res =  0.6034E-02
 MRCHDU: Convergence failed at  25  side 2    Res =  0.1491E-02
 MRCHDU: Convergence failed at  26  side 2    Res =  0.3563E-03
 MRCHDU: Convergence failed at  27  side 2    Res =  0.9546E-04
 MRCHDU: Convergence failed at  28  side 2    Res =  0.3023E-04
 MRCHDU: Convergence failed at  29  side 2    Res =  0.1171E-04
 MRCHDU: Convergence failed at  30  side 2    Res =  0.5314E-05
 MRCHDU: Convergence failed at  85  side 2    Res =  0.1017E-02
 MRCHDU: Convergence failed at  87  side 2    Res =  0.6488E-04
 Side 1  free  transition at x/c =  0.6197   53
 Side 2  free  transition at x/c =  0.0292   19

  91   rms: 0.3159E+12   max: -.1393E+13   T at   25  2   RLX: 0.000
       a =  2.000      CL = -0.5209
      Cm =  0.1604     CD = Infinity   =>   CDf =  0.00331    CDp = Infinity

 MRCHDU: Convergence failed at  23  side 2    Res =  0.1738E-01
 MRCHDU: Convergence failed at  24  side 2    Res =  0.6033E-02
 MRCHDU: Convergence failed at  25  side 2    Res =  0.1491E-02
 MRCHDU: Convergence failed at  26  side 2    Res =  0.3563E-03
 MRCHDU: Convergence failed at  27  side 2    Res =  0.9545E-04
 MRCHDU: Convergence failed at  28  side 2    Res =  0.3023E-04
 MRCHDU: Convergence failed at  29  side 2    Res =  0.1171E-04
 MRCHDU: Convergence failed at  30  side 2    Res =  0.5314E-05
 MRCHDU: Convergence failed at  85  side 2    Res =  0.1017E-02
 MRCHDU: Convergence failed at  87  side 2    Res =  0.6488E-04
 Side 1  free  transition at x/c =  0.6197   53
 Side 2  free  transition at x/c =  0.0292   19

  92   rms: 0.5491E+12   max: -.2422E+13   T at   25  2   RLX: 0.000
       a =  2.000      CL = -0.5209
      Cm =  0.1604     CD = Infinity   =>   CDf =  0.00331    CDp = Infinity

 MRCHDU: Convergence failed at  23  side 2    Res =  0.1738E-01
 MRCHDU: Convergence failed at  24  side 2    Res =  0.6033E-02
 MRCHDU: Convergence failed at  25  side 2    Res =  0.1491E-02
 MRCHDU: Convergence failed at  26  side 2    Res =  0.3563E-03
 MRCHDU: Convergence failed at  27  side 2    Res =  0.9545E-04
 MRCHDU: Convergence failed at  28  side 2    Res =  0.3023E-04
 MRCHDU: Convergence failed at  29  side 2    Res =  0.1171E-04
 MRCHDU: Convergence failed at  30  side 2    Res =  0.5314E-05
 MRCHDU: Convergence failed at  85  side 2    Res =  0.1017E-02
 MRCHDU: Convergence failed at  87  side 2    Res =  0.6488E-04
 Side 1  free  transition at x/c =  0.6197   53
 Side 2  free  transition at x/c =  0.0292   19

  93   rms: 0.3626E+12   max: 0.1599E+13   T at   25  2   RLX: 0.000
       a =  2.000      CL = -0.5209
      Cm =  0.1604     CD = Infinity   =>   CDf =  0.00331    CDp = Infinity

 MRCHDU: Convergence failed at  23  side 2    Res =  0.1738E-01
 MRCHDU: Convergence failed at  24  side 2    Res =  0.6033E-02
 MRCHDU: Convergence failed at  25  side 2    Res =  0.1491E-02
 MRCHDU: Convergence failed at  26  side 2    Res =  0.3563E-03
 MRCHDU: Convergence failed at  27  side 2    Res =  0.9546E-04
 MRCHDU: Convergence failed at  28  side 2    Res =  0.3023E-04
 MRCHDU: Convergence failed at  29  side 2    Res =  0.1171E-04
 MRCHDU: Convergence failed at  30  side 2    Res =  0.5314E-05
 MRCHDU: Convergence failed at  85  side 2    Res =  0.1017E-02
 MRCHDU: Convergence failed at  87  side 2    Res =  0.6488E-04
 Side 1  free  transition at x/c =  0.6197   53
 Side 2  free  transition at x/c =  0.0292   19

  94   rms: 0.1560E+12   max: 0.6881E+12   T at   25  2   RLX: 0.000
       a =  2.000      CL = -0.5209
      Cm =  0.1604     CD = Infinity   =>   CDf =  0.00331    CDp = Infinity

 MRCHDU: Convergence failed at  23  side 2    Res =  0.1738E-01
 MRCHDU: Convergence failed at  24  side 2    Res =  0.6034E-02
 MRCHDU: Convergence failed at  25  side 2    Res =  0.1491E-02
 MRCHDU: Convergence failed at  26  side 2    Res =  0.3563E-03
 MRCHDU: Convergence failed at  27  side 2    Res =  0.9546E-04
 MRCHDU: Convergence failed at  28  side 2    Res =  0.3023E-04
 MRCHDU: Convergence failed at  29  side 2    Res =  0.1171E-04
 MRCHDU: Convergence failed at  30  side 2    Res =  0.5314E-05
 MRCHDU: Convergence failed at  85  side 2    Res =  0.1017E-02
 MRCHDU: Convergence failed at  87  side 2    Res =  0.6488E-04
 Side 1  free  transition at x/c =  0.6197   53
 Side 2  free  transition at x/c =  0.0292   19

  95   rms: 0.3622E+12   max: 0.1597E+13   T at   25  2   RLX: 0.000
       a =  2.000      CL = -0.5209
      Cm =  0.1604     CD = Infinity   =>   CDf =  0.00331    CDp = Infinity

 MRCHDU: Convergence failed at  23  side 2    Res =  0.1738E-01
 MRCHDU: Convergence failed at  24  side 2    Res =  0.6034E-02
 MRCHDU: Convergence failed at  25  side 2    Res =  0.1491E-02
 MRCHDU: Convergence failed at  26  side 2    Res =  0.3563E-03
 MRCHDU: Convergence failed at  27  side 2    Res =  0.9546E-04
 MRCHDU: Convergence failed at  28  side 2    Res =  0.3023E-04
 MRCHDU: Convergence failed at  29  side 2    Res =  0.1171E-04
 MRCHDU: Convergence failed at  30  side 2    Res =  0.5314E-05
 MRCHDU: Convergence failed at  85  side 2    Res =  0.1017E-02
 MRCHDU: Convergence failed at  87  side 2    Res =  0.6488E-04
 Side 1  free  transition at x/c =  0.6197   53
 Side 2  free  transition at x/c =  0.0292   19

  96   rms: 0.1483E+12   max: -.6541E+12   T at   25  2   RLX: 0.000
       a =  2.000      CL = -0.5209
      Cm =  0.1604     CD = Infinity   =>   CDf =  0.00331    CDp = Infinity

 MRCHDU: Convergence failed at  23  side 2    Res =  0.1738E-01
 MRCHDU: Convergence failed at  24  side 2    Res =  0.6034E-02
 MRCHDU: Convergence failed at  25  side 2    Res =  0.1491E-02
 MRCHDU: Convergence failed at  26  side 2    Res =  0.3563E-03
 MRCHDU: Convergence failed at  27  side 2    Res =  0.9546E-04
 MRCHDU: Convergence failed at  28  side 2    Res =  0.3023E-04
 MRCHDU: Convergence failed at  29  side 2    Res =  0.1171E-04
 MRCHDU: Convergence failed at  30  side 2    Res =  0.5314E-05
 MRCHDU: Convergence failed at  85  side 2    Res =  0.1017E-02
 MRCHDU: Convergence failed at  87  side 2    Res =  0.6488E-04
 Side 1  free  transition at x/c =  0.6197   53
 Side 2  free  transition at x/c =  0.0292   19

  97   rms: 0.7272E+12   max: -.3207E+13   T at   25  2   RLX: 0.000
       a =  2.000      CL = -0.5209
      Cm =  0.1604     CD = Infinity   =>   CDf =  0.00331    CDp = Infinity

 MRCHDU: Convergence failed at  23  side 2    Res =  0.1738E-01
 MRCHDU: Convergence failed at  24  side 2    Res =  0.6033E-02
 MRCHDU: Convergence failed at  25  side 2    Res =  0.1491E-02
 MRCHDU: Convergence failed at  26  side 2    Res =  0.3563E-03
 MRCHDU: Convergence failed at  27  side 2    Res =  0.9546E-04
 MRCHDU: Convergence failed at  28  side 2    Res =  0.3023E-04
 MRCHDU: Convergence failed at  29  side 2    Res =  0.1171E-04
 MRCHDU: Convergence failed at  30  side 2    Res =  0.5314E-05
 MRCHDU: Convergence failed at  85  side 2    Res =  0.1017E-02
 MRCHDU: Convergence failed at  87  side 2    Res =  0.6488E-04
 Side 1  free  transition at x/c =  0.6197   53
 Side 2  free  transition at x/c =  0.0292   19

  98   rms: 0.4419E+12   max: 0.1949E+13   T at   25  2   RLX: 0.000
       a =  2.000      CL = -0.5209
      Cm =  0.1604     CD = Infinity   =>   CDf =  0.00331    CDp = Infinity

 MRCHDU: Convergence failed at  23  side 2    Res =  0.1738E-01
 MRCHDU: Convergence failed at  24  side 2    Res =  0.6034E-02
 MRCHDU: Convergence failed at  25  side 2    Res =  0.1491E-02
 MRCHDU: Convergence failed at  26  side 2    Res =  0.3563E-03
 MRCHDU: Convergence failed at  27  side 2    Res =  0.9546E-04
 MRCHDU: Convergence failed at  28  side 2    Res =  0.3023E-04
 MRCHDU: Convergence failed at  29  side 2    Res =  0.1171E-04
 MRCHDU: Convergence failed at  30  side 2    Res =  0.5314E-05
 MRCHDU: Convergence failed at  85  side 2    Res =  0.1017E-02
 MRCHDU: Convergence failed at  87  side 2    Res =  0.6488E-04
 Side 1  free  transition at x/c =  0.6197   53
 Side 2  free  transition at x/c =  0.0292   19

  99   rms: 0.4017E+12   max: -.1772E+13   T at   25  2   RLX: 0.000
       a =  2.000      CL = -0.5209
      Cm =  0.1604     CD = Infinity   =>   CDf =  0.00331    CDp = Infinity

 MRCHDU: Convergence failed at  23  side 2    Res =  0.1738E-01
 MRCHDU: Convergence failed at  24  side 2    Res =  0.6033E-02
 MRCHDU: Convergence failed at  25  side 2    Res =  0.1491E-02
 MRCHDU: Convergence failed at  26  side 2    Res =  0.3563E-03
 MRCHDU: Convergence failed at  27  side 2    Res =  0.9546E-04
 MRCHDU: Convergence failed at  28  side 2    Res =  0.3023E-04
 MRCHDU: Convergence failed at  29  side 2    Res =  0.1171E-04
 MRCHDU: Convergence failed at  30  side 2    Res =  0.5314E-05
 MRCHDU: Convergence failed at  85  side 2    Res =  0.1017E-02
 MRCHDU: Convergence failed at  87  side 2    Res =  0.6488E-04
 Side 1  free  transition at x/c =  0.6197   53
 Side 2  free  transition at x/c =  0.0292   19

 100   rms: 0.3175E+12   max: 0.1400E+13   T at   25  2   RLX: 0.000
       a =  2.000      CL = -0.5209
      Cm =  0.1604     CD = Infinity   =>   CDf =  0.00331    CDp = Infinity

 MRCHDU: Convergence failed at  23  side 2    Res =  0.1738E-01
 MRCHDU: Convergence failed at  24  side 2    Res =  0.6034E-02
 MRCHDU: Convergence failed at  25  side 2    Res =  0.1491E-02
 MRCHDU: Convergence failed at  26  side 2    Res =  0.3563E-03
 MRCHDU: Convergence failed at  27  side 2    Res =  0.9546E-04
 MRCHDU: Convergence failed at  28  side 2    Res =  0.3023E-04
 MRCHDU: Convergence failed at  29  side 2    Res =  0.1171E-04
 MRCHDU: Convergence failed at  30  side 2    Res =  0.5314E-05
 MRCHDU: Convergence failed at  85  side 2    Res =  0.1017E-02
 MRCHDU: Convergence failed at  87  side 2    Res =  0.6488E-04
 Side 1  free  transition at x/c =  0.6197   53
 Side 2  free  transition at x/c =  0.0292   19

 101   rms: 0.3520E+12   max: -.1553E+13   T at   25  2   RLX: 0.000
       a =  2.000      CL = -0.5209
      Cm =  0.1604     CD = Infinity   =>   CDf =  0.00331    CDp = Infinity

 MRCHDU: Convergence failed at  23  side 2    Res =  0.1738E-01
 MRCHDU: Convergence failed at  24  side 2    Res =  0.6033E-02
 MRCHDU: Convergence failed at  25  side 2    Res =  0.1491E-02
 MRCHDU: Convergence failed at  26  side 2    Res =  0.3563E-03
 MRCHDU: Convergence failed at  27  side 2    Res =  0.9546E-04
 MRCHDU: Convergence failed at  28  side 2    Res =  0.3023E-04
 MRCHDU: Convergence failed at  29  side 2    Res =  0.1171E-04
 MRCHDU: Convergence failed at  30  side 2    Res =  0.5314E-05
 MRCHDU: Convergence failed at  85  side 2    Res =  0.1017E-02
 MRCHDU: Convergence failed at  87  side 2    Res =  0.6488E-04
 Side 1  free  transition at x/c =  0.6197   53
 Side 2  free  transition at x/c =  0.0292   19

 102   rms: 0.2670E+12   max: 0.1178E+13   T at   25  2   RLX: 0.000
       a =  2.000      CL = -0.5209
      Cm =  0.1604     CD = Infinity   =>   CDf =  0.00331    CDp = Infinity

 MRCHDU: Convergence failed at  23  side 2    Res =  0.1738E-01
 MRCHDU: Convergence failed at  24  side 2    Res =  0.6034E-02
 MRCHDU: Convergence failed at  25  side 2    Res =  0.1491E-02
 MRCHDU: Convergence failed at  26  side 2    Res =  0.3563E-03
 MRCHDU: Convergence failed at  27  side 2    Res =  0.9546E-04
 MRCHDU: Convergence failed at  28  side 2    Res =  0.3023E-04
 MRCHDU: Convergence failed at  29  side 2    Res =  0.1171E-04
 MRCHDU: Convergence failed at  30  side 2    Res =  0.5314E-05
 MRCHDU: Convergence failed at  85  side 2    Res =  0.1017E-02
 MRCHDU: Convergence failed at  87  side 2    Res =  0.6488E-04
 Side 1  free  transition at x/c =  0.6197   53
 Side 2  free  transition at x/c =  0.0292   19

 103   rms: 0.3242E+12   max: -.1430E+13   T at   25  2   RLX: 0.000
       a =  2.000      CL = -0.5209
      Cm =  0.1604     CD = Infinity   =>   CDf =  0.00331    CDp = Infinity

 MRCHDU: Convergence failed at  23  side 2    Res =  0.1738E-01
 MRCHDU: Convergence failed at  24  side 2    Res =  0.6033E-02
 MRCHDU: Convergence failed at  25  side 2    Res =  0.1491E-02
 MRCHDU: Convergence failed at  26  side 2    Res =  0.3563E-03
 MRCHDU: Convergence failed at  27  side 2    Res =  0.9546E-04
 MRCHDU: Convergence failed at  28  side 2    Res =  0.3023E-04
 MRCHDU: Convergence failed at  29  side 2    Res =  0.1171E-04
 MRCHDU: Convergence failed at  30  side 2    Res =  0.5314E-05
 MRCHDU: Convergence failed at  85  side 2    Res =  0.1017E-02
 MRCHDU: Convergence failed at  87  side 2    Res =  0.6488E-04
 Side 1  free  transition at x/c =  0.6197   53
 Side 2  free  transition at x/c =  0.0292   19

 104   rms: 0.5471E+12   max: -.2413E+13   T at   25  2   RLX: 0.000
       a =  2.000      CL = -0.5209
      Cm =  0.1604     CD = Infinity   =>   CDf =  0.00331    CDp = Infinity

 MRCHDU: Convergence failed at  23  side 2    Res =  0.1738E-01
 MRCHDU: Convergence failed at  24  side 2    Res =  0.6033E-02
 MRCHDU: Convergence failed at  25  side 2    Res =  0.1491E-02
 MRCHDU: Convergence failed at  26  side 2    Res =  0.3563E-03
 MRCHDU: Convergence failed at  27  side 2    Res =  0.9546E-04
 MRCHDU: Convergence failed at  28  side 2    Res =  0.3023E-04
 MRCHDU: Convergence failed at  29  side 2    Res =  0.1171E-04
 MRCHDU: Convergence failed at  30  side 2    Res =  0.5314E-05
 MRCHDU: Convergence failed at  85  side 2    Res =  0.1017E-02
 MRCHDU: Convergence failed at  87  side 2    Res =  0.6488E-04
 Side 1  free  transition at x/c =  0.6197   53
 Side 2  free  transition at x/c =  0.0292   19

 105   rms: 0.3220E+12   max: 0.1420E+13   T at   25  2   RLX: 0.000
       a =  2.000      CL = -0.5209
      Cm =  0.1604     CD = Infinity   =>   CDf =  0.00331    CDp = Infinity

 MRCHDU: Convergence failed at  23  side 2    Res =  0.1738E-01
 MRCHDU: Convergence failed at  24  side 2    Res =  0.6034E-02
 MRCHDU: Convergence failed at  25  side 2    Res =  0.1491E-02
 MRCHDU: Convergence failed at  26  side 2    Res =  0.3563E-03
 MRCHDU: Convergence failed at  27  side 2    Res =  0.9546E-04
 MRCHDU: Convergence failed at  28  side 2    Res =  0.3023E-04
 MRCHDU: Convergence failed at  29  side 2    Res =  0.1171E-04
 MRCHDU: Convergence failed at  30  side 2    Res =  0.5314E-05
 MRCHDU: Convergence failed at  85  side 2    Res =  0.1017E-02
 MRCHDU: Convergence failed at  87  side 2    Res =  0.6488E-04
 Side 1  free  transition at x/c =  0.6197   53
 Side 2  free  transition at x/c =  0.0292   19

 106   rms: 0.1131E+13   max: -.4989E+13   T at   25  2   RLX: 0.000
       a =  2.000      CL = -0.5209
      Cm =  0.1604     CD = Infinity   =>   CDf =  0.00331    CDp = Infinity

 MRCHDU: Convergence failed at  23  side 2    Res =  0.1738E-01
 MRCHDU: Convergence failed at  24  side 2    Res =  0.6034E-02
 MRCHDU: Convergence failed at  25  side 2    Res =  0.1491E-02
 MRCHDU: Convergence failed at  26  side 2    Res =  0.3563E-03
 MRCHDU: Convergence failed at  27  side 2    Res =  0.9546E-04
 MRCHDU: Convergence failed at  28  side 2    Res =  0.3023E-04
 MRCHDU: Convergence failed at  29  side 2    Res =  0.1171E-04
 MRCHDU: Convergence failed at  30  side 2    Res =  0.5314E-05
 MRCHDU: Convergence failed at  85  side 2    Res =  0.1017E-02
 MRCHDU: Convergence failed at  87  side 2    Res =  0.6488E-04
 Side 1  free  transition at x/c =  0.6197   53
 Side 2  free  transition at x/c =  0.0292   19

 107   rms: 0.5982E+12   max: 0.2638E+13   T at   25  2   RLX: 0.000
       a =  2.000      CL = -0.5209
      Cm =  0.1604     CD = Infinity   =>   CDf =  0.00331    CDp = Infinity

 MRCHDU: Convergence failed at  23  side 2    Res =  0.1738E-01
 MRCHDU: Convergence failed at  24  side 2    Res =  0.6034E-02
 MRCHDU: Convergence failed at  25  side 2    Res =  0.1491E-02
 MRCHDU: Convergence failed at  26  side 2    Res =  0.3563E-03
 MRCHDU: Convergence failed at  27  side 2    Res =  0.9546E-04
 MRCHDU: Convergence failed at  28  side 2    Res =  0.3023E-04
 MRCHDU: Convergence failed at  29  side 2    Res =  0.1171E-04
 MRCHDU: Convergence failed at  30  side 2    Res =  0.5314E-05
 MRCHDU: Convergence failed at  85  side 2    Res =  0.1017E-02
 MRCHDU: Convergence failed at  87  side 2    Res =  0.6488E-04
 Side 1  free  transition at x/c =  0.6197   53
 Side 2  free  transition at x/c =  0.0292   19

 108   rms: 0.3935E+12   max: 0.1735E+13   T at   25  2   RLX: 0.000
       a =  2.000      CL = -0.5209
      Cm =  0.1604     CD = Infinity   =>   CDf =  0.00331    CDp = Infinity

 MRCHDU: Convergence failed at  23  side 2    Res =  0.1738E-01
 MRCHDU: Convergence failed at  24  side 2    Res =  0.6034E-02
 MRCHDU: Convergence failed at  25  side 2    Res =  0.1491E-02
 MRCHDU: Convergence failed at  26  side 2    Res =  0.3563E-03
 MRCHDU: Convergence failed at  27  side 2    Res =  0.9546E-04
 MRCHDU: Convergence failed at  28  side 2    Res =  0.3023E-04
 MRCHDU: Convergence failed at  29  side 2    Res =  0.1171E-04
 MRCHDU: Convergence failed at  30  side 2    Res =  0.5314E-05
 MRCHDU: Convergence failed at  85  side 2    Res =  0.1017E-02
 MRCHDU: Convergence failed at  87  side 2    Res =  0.6488E-04
 Side 1  free  transition at x/c =  0.6197   53
 Side 2  free  transition at x/c =  0.0292   19

 109   rms: 0.3899E+12   max: -.1720E+13   T at   25  2   RLX: 0.000
       a =  2.000      CL = -0.5209
      Cm =  0.1604     CD = Infinity   =>   CDf =  0.00331    CDp = Infinity

 MRCHDU: Convergence failed at  23  side 2    Res =  0.1738E-01
 MRCHDU: Convergence failed at  24  side 2    Res =  0.6034E-02
 MRCHDU: Convergence failed at  25  side 2    Res =  0.1491E-02
 MRCHDU: Convergence failed at  26  side 2    Res =  0.3563E-03
 MRCHDU: Convergence failed at  27  side 2    Res =  0.9546E-04
 MRCHDU: Convergence failed at  28  side 2    Res =  0.3023E-04
 MRCHDU: Convergence failed at  29  side 2    Res =  0.1171E-04
 MRCHDU: Convergence failed at  30  side 2    Res =  0.5314E-05
 MRCHDU: Convergence failed at  85  side 2    Res =  0.1017E-02
 MRCHDU: Convergence failed at  87  side 2    Res =  0.6488E-04
 Side 1  free  transition at x/c =  0.6197   53
 Side 2  free  transition at x/c =  0.0292   19

 110   rms: 0.2387E+12   max: -.1053E+13   T at   25  2   RLX: 0.000
       a =  2.000      CL = -0.5209
      Cm =  0.1604     CD = Infinity   =>   CDf =  0.00331    CDp = Infinity

 MRCHDU: Convergence failed at  23  side 2    Res =  0.1738E-01
 MRCHDU: Convergence failed at  24  side 2    Res =  0.6033E-02
 MRCHDU: Convergence failed at  25  side 2    Res =  0.1491E-02
 MRCHDU: Convergence failed at  26  side 2    Res =  0.3563E-03
 MRCHDU: Convergence failed at  27  side 2    Res =  0.9546E-04
 MRCHDU: Convergence failed at  28  side 2    Res =  0.3023E-04
 MRCHDU: Convergence failed at  29  side 2    Res =  0.1171E-04
 MRCHDU: Convergence failed at  30  side 2    Res =  0.5314E-05
 MRCHDU: Convergence failed at  85  side 2    Res =  0.1017E-02
 MRCHDU: Convergence failed at  87  side 2    Res =  0.6488E-04
 Side 1  free  transition at x/c =  0.6197   53
 Side 2  free  transition at x/c =  0.0292   19

 111   rms: 0.6130E+12   max: -.2704E+13   T at   25  2   RLX: 0.000
       a =  2.000      CL = -0.5209
      Cm =  0.1604     CD = Infinity   =>   CDf =  0.00331    CDp = Infinity

 MRCHDU: Convergence failed at  23  side 2    Res =  0.1738E-01
 MRCHDU: Convergence failed at  24  side 2    Res =  0.6033E-02
 MRCHDU: Convergence failed at  25  side 2    Res =  0.1491E-02
 MRCHDU: Convergence failed at  26  side 2    Res =  0.3563E-03
 MRCHDU: Convergence failed at  27  side 2    Res =  0.9545E-04
 MRCHDU: Convergence failed at  28  side 2    Res =  0.3023E-04
 MRCHDU: Convergence failed at  29  side 2    Res =  0.1171E-04
 MRCHDU: Convergence failed at  30  side 2    Res =  0.5314E-05
 MRCHDU: Convergence failed at  85  side 2    Res =  0.1017E-02
 MRCHDU: Convergence failed at  87  side 2    Res =  0.6488E-04
 Side 1  free  transition at x/c =  0.6197   53
 Side 2  free  transition at x/c =  0.0292   19

 112   rms: 0.1007E+12   max: 0.4441E+12   T at   25  2   RLX: 0.000
       a =  2.000      CL = -0.5209
      Cm =  0.1604     CD = Infinity   =>   CDf =  0.00331    CDp = Infinity

 MRCHDU: Convergence failed at  23  side 2    Res =  0.1738E-01
 MRCHDU: Convergence failed at  24  side 2    Res =  0.6034E-02
 MRCHDU: Convergence failed at  25  side 2    Res =  0.1491E-02
 MRCHDU: Convergence failed at  26  side 2    Res =  0.3563E-03
 MRCHDU: Convergence failed at  27  side 2    Res =  0.9546E-04
 MRCHDU: Convergence failed at  28  side 2    Res =  0.3023E-04
 MRCHDU: Convergence failed at  29  side 2    Res =  0.1171E-04
 MRCHDU: Convergence failed at  30  side 2    Res =  0.5314E-05
 MRCHDU: Convergence failed at  85  side 2    Res =  0.1017E-02
 MRCHDU: Convergence failed at  87  side 2    Res =  0.6488E-04
 Side 1  free  transition at x/c =  0.6197   53
 Side 2  free  transition at x/c =  0.0292   19

 113   rms: 0.9159E+11   max: -.4040E+12   T at   25  2   RLX: 0.000
       a =  2.000      CL = -0.5209
      Cm =  0.1604     CD = Infinity   =>   CDf =  0.00331    CDp = Infinity

 MRCHDU: Convergence failed at  23  side 2    Res =  0.1738E-01
 MRCHDU: Convergence failed at  24  side 2    Res =  0.6033E-02
 MRCHDU: Convergence failed at  25  side 2    Res =  0.1491E-02
 MRCHDU: Convergence failed at  26  side 2    Res =  0.3563E-03
 MRCHDU: Convergence failed at  27  side 2    Res =  0.9545E-04
 MRCHDU: Convergence failed at  28  side 2    Res =  0.3023E-04
 MRCHDU: Convergence failed at  29  side 2    Res =  0.1171E-04
 MRCHDU: Convergence failed at  30  side 2    Res =  0.5314E-05
 MRCHDU: Convergence failed at  85  side 2    Res =  0.1017E-02
 MRCHDU: Convergence failed at  87  side 2    Res =  0.6488E-04
 Side 1  free  transition at x/c =  0.6197   53
 Side 2  free  transition at x/c =  0.0292   19

 114   rms: 0.3055E+12   max: 0.1347E+13   T at   25  2   RLX: 0.000
       a =  2.000      CL = -0.5209
      Cm =  0.1604     CD = Infinity   =>   CDf =  0.00331    CDp = Infinity

 MRCHDU: Convergence failed at  23  side 2    Res =  0.1738E-01
 MRCHDU: Convergence failed at  24  side 2    Res =  0.6033E-02
 MRCHDU: Convergence failed at  25  side 2    Res =  0.1491E-02
 MRCHDU: Convergence failed at  26  side 2    Res =  0.3563E-03
 MRCHDU: Convergence failed at  27  side 2    Res =  0.9546E-04
 MRCHDU: Convergence failed at  28  side 2    Res =  0.3023E-04
 MRCHDU: Convergence failed at  29  side 2    Res =  0.1171E-04
 MRCHDU: Convergence failed at  30  side 2    Res =  0.5314E-05
 MRCHDU: Convergence failed at  85  side 2    Res =  0.1017E-02
 MRCHDU: Convergence failed at  87  side 2    Res =  0.6488E-04
 Side 1  free  transition at x/c =  0.6197   53
 Side 2  free  transition at x/c =  0.0292   19

 115   rms: 0.6015E+13   max: -.2653E+14   T at   25  2   RLX: 0.000
       a =  2.000      CL = -0.5209
      Cm =  0.1604     CD = Infinity   =>   CDf =  0.00331    CDp = Infinity

 MRCHDU: Convergence failed at  23  side 2    Res =  0.1738E-01
 MRCHDU: Convergence failed at  24  side 2    Res =  0.6033E-02
 MRCHDU: Convergence failed at  25  side 2    Res =  0.1491E-02
 MRCHDU: Convergence failed at  26  side 2    Res =  0.3563E-03
 MRCHDU: Convergence failed at  27  side 2    Res =  0.9546E-04
 MRCHDU: Convergence failed at  28  side 2    Res =  0.3023E-04
 MRCHDU: Convergence failed at  29  side 2    Res =  0.1171E-04
 MRCHDU: Convergence failed at  30  side 2    Res =  0.5314E-05
 MRCHDU: Convergence failed at  85  side 2    Res =  0.1017E-02
 MRCHDU: Convergence failed at  87  side 2    Res =  0.6488E-04
 Side 1  free  transition at x/c =  0.6197   53
 Side 2  free  transition at x/c =  0.0292   19

 116   rms: 0.5092E+12   max: 0.2246E+13   T at   25  2   RLX: 0.000
       a =  2.000      CL = -0.5209
      Cm =  0.1604     CD = Infinity   =>   CDf =  0.00331    CDp = Infinity

 MRCHDU: Convergence failed at  23  side 2    Res =  0.1738E-01
 MRCHDU: Convergence failed at  24  side 2    Res =  0.6034E-02
 MRCHDU: Convergence failed at  25  side 2    Res =  0.1491E-02
 MRCHDU: Convergence failed at  26  side 2    Res =  0.3563E-03
 MRCHDU: Convergence failed at  27  side 2    Res =  0.9546E-04
 MRCHDU: Convergence failed at  28  side 2    Res =  0.3023E-04
 MRCHDU: Convergence failed at  29  side 2    Res =  0.1171E-04
 MRCHDU: Convergence failed at  30  side 2    Res =  0.5314E-05
 MRCHDU: Convergence failed at  85  side 2    Res =  0.1017E-02
 MRCHDU: Convergence failed at  87  side 2    Res =  0.6488E-04
 Side 1  free  transition at x/c =  0.6197   53
 Side 2  free  transition at x/c =  0.0292   19

 117   rms: 0.9575E+12   max: -.4223E+13   T at   25  2   RLX: 0.000
       a =  2.000      CL = -0.5209
      Cm =  0.1604     CD = Infinity   =>   CDf =  0.00331    CDp = Infinity

 MRCHDU: Convergence failed at  23  side 2    Res =  0.1738E-01
 MRCHDU: Convergence failed at  24  side 2    Res =  0.6033E-02
 MRCHDU: Convergence failed at  25  side 2    Res =  0.1491E-02
 MRCHDU: Convergence failed at  26  side 2    Res =  0.3563E-03
 MRCHDU: Convergence failed at  27  side 2    Res =  0.9546E-04
 MRCHDU: Convergence failed at  28  side 2    Res =  0.3023E-04
 MRCHDU: Convergence failed at  29  side 2    Res =  0.1171E-04
 MRCHDU: Convergence failed at  30  side 2    Res =  0.5314E-05
 MRCHDU: Convergence failed at  85  side 2    Res =  0.1017E-02
 MRCHDU: Convergence failed at  87  side 2    Res =  0.6488E-04
 Side 1  free  transition at x/c =  0.6197   53
 Side 2  free  transition at x/c =  0.0292   19

 118   rms: 0.3467E+12   max: 0.1529E+13   T at   25  2   RLX: 0.000
       a =  2.000      CL = -0.5209
      Cm =  0.1604     CD = Infinity   =>   CDf =  0.00331    CDp = Infinity

 MRCHDU: Convergence failed at  23  side 2    Res =  0.1738E-01
 MRCHDU: Convergence failed at  24  side 2    Res =  0.6034E-02
 MRCHDU: Convergence failed at  25  side 2    Res =  0.1491E-02
 MRCHDU: Convergence failed at  26  side 2    Res =  0.3563E-03
 MRCHDU: Convergence failed at  27  side 2    Res =  0.9546E-04
 MRCHDU: Convergence failed at  28  side 2    Res =  0.3023E-04
 MRCHDU: Convergence failed at  29  side 2    Res =  0.1171E-04
 MRCHDU: Convergence failed at  30  side 2    Res =  0.5314E-05
 MRCHDU: Convergence failed at  85  side 2    Res =  0.1017E-02
 MRCHDU: Convergence failed at  87  side 2    Res =  0.6488E-04
 Side 1  free  transition at x/c =  0.6197   53
 Side 2  free  transition at x/c =  0.0292   19

 119   rms: 0.5612E+12   max: -.2475E+13   T at   25  2   RLX: 0.000
       a =  2.000      CL = -0.5209
      Cm =  0.1604     CD = Infinity   =>   CDf =  0.00331    CDp = Infinity

 MRCHDU: Convergence failed at  23  side 2    Res =  0.1738E-01
 MRCHDU: Convergence failed at  24  side 2    Res =  0.6034E-02
 MRCHDU: Convergence failed at  25  side 2    Res =  0.1491E-02
 MRCHDU: Convergence failed at  26  side 2    Res =  0.3563E-03
 MRCHDU: Convergence failed at  27  side 2    Res =  0.9546E-04
 MRCHDU: Convergence failed at  28  side 2    Res =  0.3023E-04
 MRCHDU: Convergence failed at  29  side 2    Res =  0.1171E-04
 MRCHDU: Convergence failed at  30  side 2    Res =  0.5314E-05
 MRCHDU: Convergence failed at  85  side 2    Res =  0.1017E-02
 MRCHDU: Convergence failed at  87  side 2    Res =  0.6488E-04
 Side 1  free  transition at x/c =  0.6197   53
 Side 2  free  transition at x/c =  0.0292   19

 120   rms: 0.7873E+12   max: 0.3472E+13   T at   25  2   RLX: 0.000
       a =  2.000      CL = -0.5209
      Cm =  0.1604     CD = Infinity   =>   CDf =  0.00331    CDp = Infinity

 MRCHDU: Convergence failed at  23  side 2    Res =  0.1738E-01
 MRCHDU: Convergence failed at  24  side 2    Res =  0.6034E-02
 MRCHDU: Convergence failed at  25  side 2    Res =  0.1491E-02
 MRCHDU: Convergence failed at  26  side 2    Res =  0.3563E-03
 MRCHDU: Convergence failed at  27  side 2    Res =  0.9546E-04
 MRCHDU: Convergence failed at  28  side 2    Res =  0.3023E-04
 MRCHDU: Convergence failed at  29  side 2    Res =  0.1171E-04
 MRCHDU: Convergence failed at  30  side 2    Res =  0.5314E-05
 MRCHDU: Convergence failed at  85  side 2    Res =  0.1017E-02
 MRCHDU: Convergence failed at  87  side 2    Res =  0.6488E-04
 Side 1  free  transition at x/c =  0.6197   53
 Side 2  free  transition at x/c =  0.0292   19

 121   rms: 0.1738E+12   max: 0.7665E+12   T at   25  2   RLX: 0.000
       a =  2.000      CL = -0.5209
      Cm =  0.1604     CD = Infinity   =>   CDf =  0.00331    CDp = Infinity

 MRCHDU: Convergence failed at  23  side 2    Res =  0.1738E-01
 MRCHDU: Convergence failed at  24  side 2    Res =  0.6034E-02
 MRCHDU: Convergence failed at  25  side 2    Res =  0.1491E-02
 MRCHDU: Convergence failed at  26  side 2    Res =  0.3563E-03
 MRCHDU: Convergence failed at  27  side 2    Res =  0.9546E-04
 MRCHDU: Convergence failed at  28  side 2    Res =  0.3023E-04
 MRCHDU: Convergence failed at  29  side 2    Res =  0.1171E-04
 MRCHDU: Convergence failed at  30  side 2    Res =  0.5314E-05
 MRCHDU: Convergence failed at  85  side 2    Res =  0.1017E-02
 MRCHDU: Convergence failed at  87  side 2    Res =  0.6488E-04
 Side 1  free  transition at x/c =  0.6197   53
 Side 2  free  transition at x/c =  0.0292   19

 122   rms: 0.2217E+12   max: -.9777E+12   T at   25  2   RLX: 0.000
       a =  2.000      CL = -0.5209
      Cm =  0.1604     CD = Infinity   =>   CDf =  0.00331    CDp = Infinity

 MRCHDU: Convergence failed at  23  side 2    Res =  0.1738E-01
 MRCHDU: Convergence failed at  24  side 2    Res =  0.6034E-02
 MRCHDU: Convergence failed at  25  side 2    Res =  0.1491E-02
 MRCHDU: Convergence failed at  26  side 2    Res =  0.3563E-03
 MRCHDU: Convergence failed at  27  side 2    Res =  0.9546E-04
 MRCHDU: Convergence failed at  28  side 2    Res =  0.3023E-04
 MRCHDU: Convergence failed at  29  side 2    Res =  0.1171E-04
 MRCHDU: Convergence failed at  30  side 2    Res =  0.5314E-05
 MRCHDU: Convergence failed at  85  side 2    Res =  0.1017E-02
 MRCHDU: Convergence failed at  87  side 2    Res =  0.6488E-04
 Side 1  free  transition at x/c =  0.6197   53
 Side 2  free  transition at x/c =  0.0292   19

 123   rms: 0.3144E+12   max: -.1387E+13   T at   25  2   RLX: 0.000
       a =  2.000      CL = -0.5209
      Cm =  0.1604     CD = Infinity   =>   CDf =  0.00331    CDp = Infinity

 MRCHDU: Convergence failed at  23  side 2    Res =  0.1738E-01
 MRCHDU: Convergence failed at  24  side 2    Res =  0.6033E-02
 MRCHDU: Convergence failed at  25  side 2    Res =  0.1491E-02
 MRCHDU: Convergence failed at  26  side 2    Res =  0.3563E-03
 MRCHDU: Convergence failed at  27  side 2    Res =  0.9546E-04
 MRCHDU: Convergence failed at  28  side 2    Res =  0.3023E-04
 MRCHDU: Convergence failed at  29  side 2    Res =  0.1171E-04
 MRCHDU: Convergence failed at  30  side 2    Res =  0.5314E-05
 MRCHDU: Convergence failed at  85  side 2    Res =  0.1017E-02
 MRCHDU: Convergence failed at  87  side 2    Res =  0.6488E-04
 Side 1  free  transition at x/c =  0.6197   53
 Side 2  free  transition at x/c =  0.0292   19

 124   rms: 0.1987E+12   max: 0.8762E+12   T at   25  2   RLX: 0.000
       a =  2.000      CL = -0.5209
      Cm =  0.1604     CD = Infinity   =>   CDf =  0.00331    CDp = Infinity

 MRCHDU: Convergence failed at  23  side 2    Res =  0.1738E-01
 MRCHDU: Convergence failed at  24  side 2    Res =  0.6034E-02
 MRCHDU: Convergence failed at  25  side 2    Res =  0.1491E-02
 MRCHDU: Convergence failed at  26  side 2    Res =  0.3563E-03
 MRCHDU: Convergence failed at  27  side 2    Res =  0.9546E-04
 MRCHDU: Convergence failed at  28  side 2    Res =  0.3023E-04
 MRCHDU: Convergence failed at  29  side 2    Res =  0.1171E-04
 MRCHDU: Convergence failed at  30  side 2    Res =  0.5314E-05
 MRCHDU: Convergence failed at  85  side 2    Res =  0.1017E-02
 MRCHDU: Convergence failed at  87  side 2    Res =  0.6488E-04
 Side 1  free  transition at x/c =  0.6197   53
 Side 2  free  transition at x/c =  0.0292   19

 125   rms: 0.5849E+12   max: 0.2580E+13   T at   25  2   RLX: 0.000
       a =  2.000      CL = -0.5209
      Cm =  0.1604     CD = Infinity   =>   CDf =  0.00331    CDp = Infinity

 MRCHDU: Convergence failed at  23  side 2    Res =  0.1738E-01
 MRCHDU: Convergence failed at  24  side 2    Res =  0.6034E-02
 MRCHDU: Convergence failed at  25  side 2    Res =  0.1491E-02
 MRCHDU: Convergence failed at  26  side 2    Res =  0.3563E-03
 MRCHDU: Convergence failed at  27  side 2    Res =  0.9546E-04
 MRCHDU: Convergence failed at  28  side 2    Res =  0.3023E-04
 MRCHDU: Convergence failed at  29  side 2    Res =  0.1171E-04
 MRCHDU: Convergence failed at  30  side 2    Res =  0.5314E-05
 MRCHDU: Convergence failed at  85  side 2    Res =  0.1017E-02
 MRCHDU: Convergence failed at  87  side 2    Res =  0.6488E-04
 Side 1  free  transition at x/c =  0.6197   53
 Side 2  free  transition at x/c =  0.0292   19

 126   rms: 0.9320E+11   max: -.4111E+12   T at   25  2   RLX: 0.000
       a =  2.000      CL = -0.5209
      Cm =  0.1604     CD = Infinity   =>   CDf =  0.00331    CDp = Infinity

 MRCHDU: Convergence failed at  23  side 2    Res =  0.1738E-01
 MRCHDU: Convergence failed at  24  side 2    Res =  0.6033E-02
 MRCHDU: Convergence failed at  25  side 2    Res =  0.1491E-02
 MRCHDU: Convergence failed at  26  side 2    Res =  0.3563E-03
 MRCHDU: Convergence failed at  27  side 2    Res =  0.9545E-04
 MRCHDU: Convergence failed at  28  side 2    Res =  0.3023E-04
 MRCHDU: Convergence failed at  29  side 2    Res =  0.1171E-04
 MRCHDU: Convergence failed at  30  side 2    Res =  0.5314E-05
 MRCHDU: Convergence failed at  85  side 2    Res =  0.1017E-02
 MRCHDU: Convergence failed at  87  side 2    Res =  0.6488E-04
 Side 1  free  transition at x/c =  0.6197   53
 Side 2  free  transition at x/c =  0.0292   19

 127   rms: 0.5094E+12   max: -.2247E+13   T at   25  2   RLX: 0.000
       a =  2.000      CL = -0.5209
      Cm =  0.1604     CD = Infinity   =>   CDf =  0.00331    CDp = Infinity

 MRCHDU: Convergence failed at  23  side 2    Res =  0.1738E-01
 MRCHDU: Convergence failed at  24  side 2    Res =  0.6033E-02
 MRCHDU: Convergence failed at  25  side 2    Res =  0.1491E-02
 MRCHDU: Convergence failed at  26  side 2    Res =  0.3563E-03
 MRCHDU: Convergence failed at  27  side 2    Res =  0.9545E-04
 MRCHDU: Convergence failed at  28  side 2    Res =  0.3023E-04
 MRCHDU: Convergence failed at  29  side 2    Res =  0.1171E-04
 MRCHDU: Convergence failed at  30  side 2    Res =  0.5314E-05
 MRCHDU: Convergence failed at  85  side 2    Res =  0.1017E-02
 MRCHDU: Convergence failed at  87  side 2    Res =  0.6488E-04
 Side 1  free  transition at x/c =  0.6197   53
 Side 2  free  transition at x/c =  0.0292   19

 128   rms: 0.1184E+12   max: 0.5222E+12   T at   25  2   RLX: 0.000
       a =  2.000      CL = -0.5209
      Cm =  0.1604     CD = Infinity   =>   CDf =  0.00331    CDp = Infinity

 MRCHDU: Convergence failed at  23  side 2    Res =  0.1738E-01
 MRCHDU: Convergence failed at  24  side 2    Res =  0.6034E-02
 MRCHDU: Convergence failed at  25  side 2    Res =  0.1491E-02
 MRCHDU: Convergence failed at  26  side 2    Res =  0.3563E-03
 MRCHDU: Convergence failed at  27  side 2    Res =  0.9546E-04
 MRCHDU: Convergence failed at  28  side 2    Res =  0.3023E-04
 MRCHDU: Convergence failed at  29  side 2    Res =  0.1171E-04
 MRCHDU: Convergence failed at  30  side 2    Res =  0.5314E-05
 MRCHDU: Convergence failed at  85  side 2    Res =  0.1017E-02
 MRCHDU: Convergence failed at  87  side 2    Res =  0.6488E-04
 Side 1  free  transition at x/c =  0.6197   53
 Side 2  free  transition at x/c =  0.0292   19

 129   rms: 0.2069E+12   max: -.9123E+12   T at   25  2   RLX: 0.000
       a =  2.000      CL = -0.5209
      Cm =  0.1604     CD = Infinity   =>   CDf =  0.00331    CDp = Infinity

 MRCHDU: Convergence failed at  23  side 2    Res =  0.1738E-01
 MRCHDU: Convergence failed at  24  side 2    Res =  0.6033E-02
 MRCHDU: Convergence failed at  25  side 2    Res =  0.1491E-02
 MRCHDU: Convergence failed at  26  side 2    Res =  0.3563E-03
 MRCHDU: Convergence failed at  27  side 2    Res =  0.9546E-04
 MRCHDU: Convergence failed at  28  side 2    Res =  0.3023E-04
 MRCHDU: Convergence failed at  29  side 2    Res =  0.1171E-04
 MRCHDU: Convergence failed at  30  side 2    Res =  0.5314E-05
 MRCHDU: Convergence failed at  85  side 2    Res =  0.1017E-02
 MRCHDU: Convergence failed at  87  side 2    Res =  0.6488E-04
 Side 1  free  transition at x/c =  0.6197   53
 Side 2  free  transition at x/c =  0.0292   19

 130   rms: 0.5501E+13   max: -.2426E+14   T at   25  2   RLX: 0.000
       a =  2.000      CL = -0.5209
      Cm =  0.1604     CD = Infinity   =>   CDf =  0.00331    CDp = Infinity

 MRCHDU: Convergence failed at  23  side 2    Res =  0.1738E-01
 MRCHDU: Convergence failed at  24  side 2    Res =  0.6033E-02
 MRCHDU: Convergence failed at  25  side 2    Res =  0.1491E-02
 MRCHDU: Convergence failed at  26  side 2    Res =  0.3563E-03
 MRCHDU: Convergence failed at  27  side 2    Res =  0.9545E-04
 MRCHDU: Convergence failed at  28  side 2    Res =  0.3023E-04
 MRCHDU: Convergence failed at  29  side 2    Res =  0.1171E-04
 MRCHDU: Convergence failed at  30  side 2    Res =  0.5314E-05
 MRCHDU: Convergence failed at  85  side 2    Res =  0.1017E-02
 MRCHDU: Convergence failed at  87  side 2    Res =  0.6488E-04
 Side 1  free  transition at x/c =  0.6197   53
 Side 2  free  transition at x/c =  0.0292   19

 131   rms: 0.3994E+12   max: -.1761E+13   T at   25  2   RLX: 0.000
       a =  2.000      CL = -0.5209
      Cm =  0.1604     CD = Infinity   =>   CDf =  0.00331    CDp = Infinity

 MRCHDU: Convergence failed at  23  side 2    Res =  0.1738E-01
 MRCHDU: Convergence failed at  24  side 2    Res =  0.6033E-02
 MRCHDU: Convergence failed at  25  side 2    Res =  0.1491E-02
 MRCHDU: Convergence failed at  26  side 2    Res =  0.3563E-03
 MRCHDU: Convergence failed at  27  side 2    Res =  0.9545E-04
 MRCHDU: Convergence failed at  28  side 2    Res =  0.3023E-04
 MRCHDU: Convergence failed at  29  side 2    Res =  0.1171E-04
 MRCHDU: Convergence failed at  30  side 2    Res =  0.5314E-05
 MRCHDU: Convergence failed at  85  side 2    Res =  0.1017E-02
 MRCHDU: Convergence failed at  87  side 2    Res =  0.6488E-04
 Side 1  free  transition at x/c =  0.6197   53
 Side 2  free  transition at x/c =  0.0292   19

 132   rms: 0.4371E+12   max: -.1928E+13   T at   25  2   RLX: 0.000
       a =  2.000      CL = -0.5209
      Cm =  0.1604     CD = Infinity   =>   CDf =  0.00331    CDp = Infinity

 MRCHDU: Convergence failed at  23  side 2    Res =  0.1738E-01
 MRCHDU: Convergence failed at  24  side 2    Res =  0.6033E-02
 MRCHDU: Convergence failed at  25  side 2    Res =  0.1491E-02
 MRCHDU: Convergence failed at  26  side 2    Res =  0.3563E-03
 MRCHDU: Convergence failed at  27  side 2    Res =  0.9545E-04
 MRCHDU: Convergence failed at  28  side 2    Res =  0.3023E-04
 MRCHDU: Convergence failed at  29  side 2    Res =  0.1171E-04
 MRCHDU: Convergence failed at  30  side 2    Res =  0.5314E-05
 MRCHDU: Convergence failed at  85  side 2    Res =  0.1017E-02
 MRCHDU: Convergence failed at  87  side 2    Res =  0.6488E-04
 Side 1  free  transition at x/c =  0.6197   53
 Side 2  free  transition at x/c =  0.0292   19

 133   rms: 0.1023E+12   max: 0.4511E+12   T at   25  2   RLX: 0.000
       a =  2.000      CL = -0.5209
      Cm =  0.1604     CD = Infinity   =>   CDf =  0.00331    CDp = Infinity

 MRCHDU: Convergence failed at  23  side 2    Res =  0.1738E-01
 MRCHDU: Convergence failed at  24  side 2    Res =  0.6034E-02
 MRCHDU: Convergence failed at  25  side 2    Res =  0.1491E-02
 MRCHDU: Convergence failed at  26  side 2    Res =  0.3563E-03
 MRCHDU: Convergence failed at  27  side 2    Res =  0.9546E-04
 MRCHDU: Convergence failed at  28  side 2    Res =  0.3023E-04
 MRCHDU: Convergence failed at  29  side 2    Res =  0.1171E-04
 MRCHDU: Convergence failed at  30  side 2    Res =  0.5314E-05
 MRCHDU: Convergence failed at  85  side 2    Res =  0.1017E-02
 MRCHDU: Convergence failed at  87  side 2    Res =  0.6488E-04
 Side 1  free  transition at x/c =  0.6197   53
 Side 2  free  transition at x/c =  0.0292   19

 134   rms: 0.8155E+12   max: -.3597E+13   T at   25  2   RLX: 0.000
       a =  2.000      CL = -0.5209
      Cm =  0.1604     CD = Infinity   =>   CDf =  0.00331    CDp = Infinity

 MRCHDU: Convergence failed at  23  side 2    Res =  0.1738E-01
 MRCHDU: Convergence failed at  24  side 2    Res =  0.6034E-02
 MRCHDU: Convergence failed at  25  side 2    Res =  0.1491E-02
 MRCHDU: Convergence failed at  26  side 2    Res =  0.3563E-03
 MRCHDU: Convergence failed at  27  side 2    Res =  0.9546E-04
 MRCHDU: Convergence failed at  28  side 2    Res =  0.3023E-04
 MRCHDU: Convergence failed at  29  side 2    Res =  0.1171E-04
 MRCHDU: Convergence failed at  30  side 2    Res =  0.5314E-05
 MRCHDU: Convergence failed at  85  side 2    Res =  0.1017E-02
 MRCHDU: Convergence failed at  87  side 2    Res =  0.6488E-04
 Side 1  free  transition at x/c =  0.6197   53
 Side 2  free  transition at x/c =  0.0292   19

 135   rms: 0.8336E+12   max: 0.3676E+13   T at   25  2   RLX: 0.000
       a =  2.000      CL = -0.5209
      Cm =  0.1604     CD = Infinity   =>   CDf =  0.00331    CDp = Infinity

 MRCHDU: Convergence failed at  23  side 2    Res =  0.1738E-01
 MRCHDU: Convergence failed at  24  side 2    Res =  0.6034E-02
 MRCHDU: Convergence failed at  25  side 2    Res =  0.1491E-02
 MRCHDU: Convergence failed at  26  side 2    Res =  0.3563E-03
 MRCHDU: Convergence failed at  27  side 2    Res =  0.9546E-04
 MRCHDU: Convergence failed at  28  side 2    Res =  0.3023E-04
 MRCHDU: Convergence failed at  29  side 2    Res =  0.1171E-04
 MRCHDU: Convergence failed at  30  side 2    Res =  0.5314E-05
 MRCHDU: Convergence failed at  85  side 2    Res =  0.1017E-02
 MRCHDU: Convergence failed at  87  side 2    Res =  0.6488E-04
 Side 1  free  transition at x/c =  0.6197   53
 Side 2  free  transition at x/c =  0.0292   19

 136   rms: 0.5274E+12   max: -.2326E+13   T at   25  2   RLX: 0.000
       a =  2.000      CL = -0.5209
      Cm =  0.1604     CD = Infinity   =>   CDf =  0.00331    CDp = Infinity

 MRCHDU: Convergence failed at  23  side 2    Res =  0.1738E-01
 MRCHDU: Convergence failed at  24  side 2    Res =  0.6033E-02
 MRCHDU: Convergence failed at  25  side 2    Res =  0.1491E-02
 MRCHDU: Convergence failed at  26  side 2    Res =  0.3563E-03
 MRCHDU: Convergence failed at  27  side 2    Res =  0.9546E-04
 MRCHDU: Convergence failed at  28  side 2    Res =  0.3023E-04
 MRCHDU: Convergence failed at  29  side 2    Res =  0.1171E-04
 MRCHDU: Convergence failed at  30  side 2    Res =  0.5314E-05
 MRCHDU: Convergence failed at  85  side 2    Res =  0.1017E-02
 MRCHDU: Convergence failed at  87  side 2    Res =  0.6488E-04
 Side 1  free  transition at x/c =  0.6197   53
 Side 2  free  transition at x/c =  0.0292   19

 137   rms: 0.6231E+12   max: -.2748E+13   T at   25  2   RLX: 0.000
       a =  2.000      CL = -0.5209
      Cm =  0.1604     CD = Infinity   =>   CDf =  0.00331    CDp = Infinity

 MRCHDU: Convergence failed at  23  side 2    Res =  0.1738E-01
 MRCHDU: Convergence failed at  24  side 2    Res =  0.6033E-02
 MRCHDU: Convergence failed at  25  side 2    Res =  0.1491E-02
 MRCHDU: Convergence failed at  26  side 2    Res =  0.3563E-03
 MRCHDU: Convergence failed at  27  side 2    Res =  0.9546E-04
 MRCHDU: Convergence failed at  28  side 2    Res =  0.3023E-04
 MRCHDU: Convergence failed at  29  side 2    Res =  0.1171E-04
 MRCHDU: Convergence failed at  30  side 2    Res =  0.5314E-05
 MRCHDU: Convergence failed at  85  side 2    Res =  0.1017E-02
 MRCHDU: Convergence failed at  87  side 2    Res =  0.6488E-04
 Side 1  free  transition at x/c =  0.6197   53
 Side 2  free  transition at x/c =  0.0292   19

 138   rms: 0.5150E+12   max: 0.2272E+13   T at   25  2   RLX: 0.000
       a =  2.000      CL = -0.5209
      Cm =  0.1604     CD = Infinity   =>   CDf =  0.00331    CDp = Infinity

 MRCHDU: Convergence failed at  23  side 2    Res =  0.1738E-01
 MRCHDU: Convergence failed at  24  side 2    Res =  0.6034E-02
 MRCHDU: Convergence failed at  25  side 2    Res =  0.1491E-02
 MRCHDU: Convergence failed at  26  side 2    Res =  0.3563E-03
 MRCHDU: Convergence failed at  27  side 2    Res =  0.9546E-04
 MRCHDU: Convergence failed at  28  side 2    Res =  0.3023E-04
 MRCHDU: Convergence failed at  29  side 2    Res =  0.1171E-04
 MRCHDU: Convergence failed at  30  side 2    Res =  0.5314E-05
 MRCHDU: Convergence failed at  85  side 2    Res =  0.1017E-02
 MRCHDU: Convergence failed at  87  side 2    Res =  0.6488E-04
 Side 1  free  transition at x/c =  0.6197   53
 Side 2  free  transition at x/c =  0.0292   19

 139   rms: 0.3194E+13   max: -.1409E+14   T at   25  2   RLX: 0.000
       a =  2.000      CL = -0.5209
      Cm =  0.1604     CD = Infinity   =>   CDf =  0.00331    CDp = Infinity

 MRCHDU: Convergence failed at  23  side 2    Res =  0.1738E-01
 MRCHDU: Convergence failed at  24  side 2    Res =  0.6033E-02
 MRCHDU: Convergence failed at  25  side 2    Res =  0.1491E-02
 MRCHDU: Convergence failed at  26  side 2    Res =  0.3563E-03
 MRCHDU: Convergence failed at  27  side 2    Res =  0.9546E-04
 MRCHDU: Convergence failed at  28  side 2    Res =  0.3023E-04
 MRCHDU: Convergence failed at  29  side 2    Res =  0.1171E-04
 MRCHDU: Convergence failed at  30  side 2    Res =  0.5314E-05
 MRCHDU: Convergence failed at  85  side 2    Res =  0.1017E-02
 MRCHDU: Convergence failed at  87  side 2    Res =  0.6488E-04
 Side 1  free  transition at x/c =  0.6197   53
 Side 2  free  transition at x/c =  0.0292   19

 140   rms: 0.1815E+13   max: 0.8003E+13   T at   25  2   RLX: 0.000
       a =  2.000      CL = -0.5209
      Cm =  0.1604     CD = Infinity   =>   CDf =  0.00331    CDp = Infinity

 MRCHDU: Convergence failed at  23  side 2    Res =  0.1738E-01
 MRCHDU: Convergence failed at  24  side 2    Res =  0.6034E-02
 MRCHDU: Convergence failed at  25  side 2    Res =  0.1491E-02
 MRCHDU: Convergence failed at  26  side 2    Res =  0.3563E-03
 MRCHDU: Convergence failed at  27  side 2    Res =  0.9546E-04
 MRCHDU: Convergence failed at  28  side 2    Res =  0.3023E-04
 MRCHDU: Convergence failed at  29  side 2    Res =  0.1171E-04
 MRCHDU: Convergence failed at  30  side 2    Res =  0.5314E-05
 MRCHDU: Convergence failed at  85  side 2    Res =  0.1017E-02
 MRCHDU: Convergence failed at  87  side 2    Res =  0.6488E-04
 Side 1  free  transition at x/c =  0.6197   53
 Side 2  free  transition at x/c =  0.0292   19

 141   rms: 0.4666E+13   max: 0.2058E+14   T at   25  2   RLX: 0.000
       a =  2.000      CL = -0.5209
      Cm =  0.1604     CD = Infinity   =>   CDf =  0.00331    CDp = Infinity

 MRCHDU: Convergence failed at  23  side 2    Res =  0.1738E-01
 MRCHDU: Convergence failed at  24  side 2    Res =  0.6034E-02
 MRCHDU: Convergence failed at  25  side 2    Res =  0.1491E-02
 MRCHDU: Convergence failed at  26  side 2    Res =  0.3563E-03
 MRCHDU: Convergence failed at  27  side 2    Res =  0.9546E-04
 MRCHDU: Convergence failed at  28  side 2    Res =  0.3023E-04
 MRCHDU: Convergence failed at  29  side 2    Res =  0.1171E-04
 MRCHDU: Convergence failed at  30  side 2    Res =  0.5314E-05
 MRCHDU: Convergence failed at  85  side 2    Res =  0.1017E-02
 MRCHDU: Convergence failed at  87  side 2    Res =  0.6488E-04
 Side 1  free  transition at x/c =  0.6197   53
 Side 2  free  transition at x/c =  0.0292   19

 142   rms: 0.1807E+12   max: 0.7971E+12   T at   25  2   RLX: 0.000
       a =  2.000      CL = -0.5209
      Cm =  0.1604     CD = Infinity   =>   CDf =  0.00331    CDp = Infinity

 MRCHDU: Convergence failed at  23  side 2    Res =  0.1738E-01
 MRCHDU: Convergence failed at  24  side 2    Res =  0.6034E-02
 MRCHDU: Convergence failed at  25  side 2    Res =  0.1491E-02
 MRCHDU: Convergence failed at  26  side 2    Res =  0.3563E-03
 MRCHDU: Convergence failed at  27  side 2    Res =  0.9546E-04
 MRCHDU: Convergence failed at  28  side 2    Res =  0.3023E-04
 MRCHDU: Convergence failed at  29  side 2    Res =  0.1171E-04
 MRCHDU: Convergence failed at  30  side 2    Res =  0.5314E-05
 MRCHDU: Convergence failed at  85  side 2    Res =  0.1017E-02
 MRCHDU: Convergence failed at  87  side 2    Res =  0.6488E-04
 Side 1  free  transition at x/c =  0.6197   53
 Side 2  free  transition at x/c =  0.0292   19

 143   rms: 0.9338E+11   max: -.4119E+12   T at   25  2   RLX: 0.000
       a =  2.000      CL = -0.5209
      Cm =  0.1604     CD = Infinity   =>   CDf =  0.00331    CDp = Infinity

 MRCHDU: Convergence failed at  23  side 2    Res =  0.1738E-01
 MRCHDU: Convergence failed at  24  side 2    Res =  0.6033E-02
 MRCHDU: Convergence failed at  25  side 2    Res =  0.1491E-02
 MRCHDU: Convergence failed at  26  side 2    Res =  0.3563E-03
 MRCHDU: Convergence failed at  27  side 2    Res =  0.9545E-04
 MRCHDU: Convergence failed at  28  side 2    Res =  0.3023E-04
 MRCHDU: Convergence failed at  29  side 2    Res =  0.1171E-04
 MRCHDU: Convergence failed at  30  side 2    Res =  0.5314E-05
 MRCHDU: Convergence failed at  85  side 2    Res =  0.1017E-02
 MRCHDU: Convergence failed at  87  side 2    Res =  0.6488E-04
 Side 1  free  transition at x/c =  0.6197   53
 Side 2  free  transition at x/c =  0.0292   19

 144   rms: 0.6793E+12   max: -.2996E+13   T at   25  2   RLX: 0.000
       a =  2.000      CL = -0.5209
      Cm =  0.1604     CD = Infinity   =>   CDf =  0.00331    CDp = Infinity

 MRCHDU: Convergence failed at  23  side 2    Res =  0.1738E-01
 MRCHDU: Convergence failed at  24  side 2    Res =  0.6033E-02
 MRCHDU: Convergence failed at  25  side 2    Res =  0.1491E-02
 MRCHDU: Convergence failed at  26  side 2    Res =  0.3563E-03
 MRCHDU: Convergence failed at  27  side 2    Res =  0.9545E-04
 MRCHDU: Convergence failed at  28  side 2    Res =  0.3023E-04
 MRCHDU: Convergence failed at  29  side 2    Res =  0.1171E-04
 MRCHDU: Convergence failed at  30  side 2    Res =  0.5314E-05
 MRCHDU: Convergence failed at  85  side 2    Res =  0.1017E-02
 MRCHDU: Convergence failed at  87  side 2    Res =  0.6488E-04
 Side 1  free  transition at x/c =  0.6197   53
 Side 2  free  transition at x/c =  0.0292   19

 145   rms: 0.1690E+12   max: 0.7456E+12   T at   25  2   RLX: 0.000
       a =  2.000      CL = -0.5209
      Cm =  0.1604     CD = Infinity   =>   CDf =  0.00331    CDp = Infinity

 MRCHDU: Convergence failed at  23  side 2    Res =  0.1738E-01
 MRCHDU: Convergence failed at  24  side 2    Res =  0.6034E-02
 MRCHDU: Convergence failed at  25  side 2    Res =  0.1491E-02
 MRCHDU: Convergence failed at  26  side 2    Res =  0.3563E-03
 MRCHDU: Convergence failed at  27  side 2    Res =  0.9546E-04
 MRCHDU: Convergence failed at  28  side 2    Res =  0.3023E-04
 MRCHDU: Convergence failed at  29  side 2    Res =  0.1171E-04
 MRCHDU: Convergence failed at  30  side 2    Res =  0.5314E-05
 MRCHDU: Convergence failed at  85  side 2    Res =  0.1017E-02
 MRCHDU: Convergence failed at  87  side 2    Res =  0.6488E-04
 Side 1  free  transition at x/c =  0.6197   53
 Side 2  free  transition at x/c =  0.0292   19

 146   rms: 0.1355E+13   max: 0.5976E+13   T at   25  2   RLX: 0.000
       a =  2.000      CL = -0.5209
      Cm =  0.1604     CD = Infinity   =>   CDf =  0.00331    CDp = Infinity

 MRCHDU: Convergence failed at  23  side 2    Res =  0.1738E-01
 MRCHDU: Convergence failed at  24  side 2    Res =  0.6034E-02
 MRCHDU: Convergence failed at  25  side 2    Res =  0.1491E-02
 MRCHDU: Convergence failed at  26  side 2    Res =  0.3563E-03
 MRCHDU: Convergence failed at  27  side 2    Res =  0.9546E-04
 MRCHDU: Convergence failed at  28  side 2    Res =  0.3023E-04
 MRCHDU: Convergence failed at  29  side 2    Res =  0.1171E-04
 MRCHDU: Convergence failed at  30  side 2    Res =  0.5314E-05
 MRCHDU: Convergence failed at  85  side 2    Res =  0.1017E-02
 MRCHDU: Convergence failed at  87  side 2    Res =  0.6488E-04
 Side 1  free  transition at x/c =  0.6197   53
 Side 2  free  transition at x/c =  0.0292   19

 147   rms: 0.2248E+13   max: -.9917E+13   T at   25  2   RLX: 0.000
       a =  2.000      CL = -0.5209
      Cm =  0.1604     CD = Infinity   =>   CDf =  0.00331    CDp = Infinity

 MRCHDU: Convergence failed at  23  side 2    Res =  0.1738E-01
 MRCHDU: Convergence failed at  24  side 2    Res =  0.6034E-02
 MRCHDU: Convergence failed at  25  side 2    Res =  0.1491E-02
 MRCHDU: Convergence failed at  26  side 2    Res =  0.3563E-03
 MRCHDU: Convergence failed at  27  side 2    Res =  0.9546E-04
 MRCHDU: Convergence failed at  28  side 2    Res =  0.3023E-04
 MRCHDU: Convergence failed at  29  side 2    Res =  0.1171E-04
 MRCHDU: Convergence failed at  30  side 2    Res =  0.5314E-05
 MRCHDU: Convergence failed at  85  side 2    Res =  0.1017E-02
 MRCHDU: Convergence failed at  87  side 2    Res =  0.6488E-04
 Side 1  free  transition at x/c =  0.6197   53
 Side 2  free  transition at x/c =  0.0292   19

 148   rms: 0.3131E+12   max: -.1381E+13   T at   25  2   RLX: 0.000
       a =  2.000      CL = -0.5209
      Cm =  0.1604     CD = Infinity   =>   CDf =  0.00331    CDp = Infinity

 MRCHDU: Convergence failed at  23  side 2    Res =  0.1738E-01
 MRCHDU: Convergence failed at  24  side 2    Res =  0.6033E-02
 MRCHDU: Convergence failed at  25  side 2    Res =  0.1491E-02
 MRCHDU: Convergence failed at  26  side 2    Res =  0.3563E-03
 MRCHDU: Convergence failed at  27  side 2    Res =  0.9546E-04
 MRCHDU: Convergence failed at  28  side 2    Res =  0.3023E-04
 MRCHDU: Convergence failed at  29  side 2    Res =  0.1171E-04
 MRCHDU: Convergence failed at  30  side 2    Res =  0.5314E-05
 MRCHDU: Convergence failed at  85  side 2    Res =  0.1017E-02
 MRCHDU: Convergence failed at  87  side 2    Res =  0.6488E-04
 Side 1  free  transition at x/c =  0.6197   53
 Side 2  free  transition at x/c =  0.0292   19

 149   rms: 0.4287E+12   max: 0.1891E+13   T at   25  2   RLX: 0.000
       a =  2.000      CL = -0.5209
      Cm =  0.1604     CD = Infinity   =>   CDf =  0.00331    CDp = Infinity

 MRCHDU: Convergence failed at  23  side 2    Res =  0.1738E-01
 MRCHDU: Convergence failed at  24  side 2    Res =  0.6033E-02
 MRCHDU: Convergence failed at  25  side 2    Res =  0.1491E-02
 MRCHDU: Convergence failed at  26  side 2    Res =  0.3563E-03
 MRCHDU: Convergence failed at  27  side 2    Res =  0.9546E-04
 MRCHDU: Convergence failed at  28  side 2    Res =  0.3023E-04
 MRCHDU: Convergence failed at  29  side 2    Res =  0.1171E-04
 MRCHDU: Convergence failed at  30  side 2    Res =  0.5314E-05
 MRCHDU: Convergence failed at  85  side 2    Res =  0.1017E-02
 MRCHDU: Convergence failed at  87  side 2    Res =  0.6488E-04
 Side 1  free  transition at x/c =  0.6197   53
 Side 2  free  transition at x/c =  0.0292   19

 150   rms: 0.1593E+13   max: 0.7024E+13   T at   25  2   RLX: 0.000
       a =  2.000      CL = -0.5209
      Cm =  0.1604     CD = Infinity   =>   CDf =  0.00331    CDp = Infinity

 MRCHDU: Convergence failed at  23  side 2    Res =  0.1738E-01
 MRCHDU: Convergence failed at  24  side 2    Res =  0.6034E-02
 MRCHDU: Convergence failed at  25  side 2    Res =  0.1491E-02
 MRCHDU: Convergence failed at  26  side 2    Res =  0.3563E-03
 MRCHDU: Convergence failed at  27  side 2    Res =  0.9546E-04
 MRCHDU: Convergence failed at  28  side 2    Res =  0.3023E-04
 MRCHDU: Convergence failed at  29  side 2    Res =  0.1171E-04
 MRCHDU: Convergence failed at  30  side 2    Res =  0.5314E-05
 MRCHDU: Convergence failed at  85  side 2    Res =  0.1017E-02
 MRCHDU: Convergence failed at  87  side 2    Res =  0.6488E-04
 Side 1  free  transition at x/c =  0.6197   53
 Side 2  free  transition at x/c =  0.0292   19

 151   rms: 0.1220E+15   max: -.5379E+15   T at   25  2   RLX: 0.000
       a =  2.000      CL = -0.5209
      Cm =  0.1604     CD = Infinity   =>   CDf =  0.00331    CDp = Infinity

 MRCHDU: Convergence failed at  23  side 2    Res =  0.1738E-01
 MRCHDU: Convergence failed at  24  side 2    Res =  0.6034E-02
 MRCHDU: Convergence failed at  25  side 2    Res =  0.1491E-02
 MRCHDU: Convergence failed at  26  side 2    Res =  0.3563E-03
 MRCHDU: Convergence failed at  27  side 2    Res =  0.9546E-04
 MRCHDU: Convergence failed at  28  side 2    Res =  0.3023E-04
 MRCHDU: Convergence failed at  29  side 2    Res =  0.1171E-04
 MRCHDU: Convergence failed at  30  side 2    Res =  0.5314E-05
 MRCHDU: Convergence failed at  85  side 2    Res =  0.1017E-02
 MRCHDU: Convergence failed at  87  side 2    Res =  0.6488E-04
 Side 1  free  transition at x/c =  0.6197   53
 Side 2  free  transition at x/c =  0.0292   19

 152   rms: 0.3219E+13   max: -.1420E+14   T at   25  2   RLX: 0.000
       a =  2.000      CL = -0.5209
      Cm =  0.1604     CD = Infinity   =>   CDf =  0.00331    CDp = Infinity

 MRCHDU: Convergence failed at  23  side 2    Res =  0.1738E-01
 MRCHDU: Convergence failed at  24  side 2    Res =  0.6033E-02
 MRCHDU: Convergence failed at  25  side 2    Res =  0.1491E-02
 MRCHDU: Convergence failed at  26  side 2    Res =  0.3563E-03
 MRCHDU: Convergence failed at  27  side 2    Res =  0.9546E-04
 MRCHDU: Convergence failed at  28  side 2    Res =  0.3023E-04
 MRCHDU: Convergence failed at  29  side 2    Res =  0.1171E-04
 MRCHDU: Convergence failed at  30  side 2    Res =  0.5314E-05
 MRCHDU: Convergence failed at  85  side 2    Res =  0.1017E-02
 MRCHDU: Convergence failed at  87  side 2    Res =  0.6488E-04
 Side 1  free  transition at x/c =  0.6197   53
 Side 2  free  transition at x/c =  0.0292   19

 153   rms: 0.1436E+13   max: 0.6332E+13   T at   25  2   RLX: 0.000
       a =  2.000      CL = -0.5209
      Cm =  0.1604     CD = Infinity   =>   CDf =  0.00331    CDp = Infinity

 MRCHDU: Convergence failed at  23  side 2    Res =  0.1738E-01
 MRCHDU: Convergence failed at  24  side 2    Res =  0.6034E-02
 MRCHDU: Convergence failed at  25  side 2    Res =  0.1491E-02
 MRCHDU: Convergence failed at  26  side 2    Res =  0.3563E-03
 MRCHDU: Convergence failed at  27  side 2    Res =  0.9546E-04
 MRCHDU: Convergence failed at  28  side 2    Res =  0.3023E-04
 MRCHDU: Convergence failed at  29  side 2    Res =  0.1171E-04
 MRCHDU: Convergence failed at  30  side 2    Res =  0.5314E-05
 MRCHDU: Convergence failed at  85  side 2    Res =  0.1017E-02
 MRCHDU: Convergence failed at  87  side 2    Res =  0.6488E-04
 Side 1  free  transition at x/c =  0.6197   53
 Side 2  free  transition at x/c =  0.0292   19

 154   rms: 0.1554E+13   max: -.6853E+13   T at   25  2   RLX: 0.000
       a =  2.000      CL = -0.5209
      Cm =  0.1604     CD = Infinity   =>   CDf =  0.00331    CDp = Infinity

 MRCHDU: Convergence failed at  23  side 2    Res =  0.1738E-01
 MRCHDU: Convergence failed at  24  side 2    Res =  0.6033E-02
 MRCHDU: Convergence failed at  25  side 2    Res =  0.1491E-02
 MRCHDU: Convergence failed at  26  side 2    Res =  0.3563E-03
 MRCHDU: Convergence failed at  27  side 2    Res =  0.9546E-04
 MRCHDU: Convergence failed at  28  side 2    Res =  0.3023E-04
 MRCHDU: Convergence failed at  29  side 2    Res =  0.1171E-04
 MRCHDU: Convergence failed at  30  side 2    Res =  0.5314E-05
 MRCHDU: Convergence failed at  85  side 2    Res =  0.1017E-02
 MRCHDU: Convergence failed at  87  side 2    Res =  0.6488E-04
 Side 1  free  transition at x/c =  0.6197   53
 Side 2  free  transition at x/c =  0.0292   19

 155   rms: 0.2388E+12   max: -.1053E+13   T at   25  2   RLX: 0.000
       a =  2.000      CL = -0.5209
      Cm =  0.1604     CD = Infinity   =>   CDf =  0.00331    CDp = Infinity

 MRCHDU: Convergence failed at  23  side 2    Res =  0.1738E-01
 MRCHDU: Convergence failed at  24  side 2    Res =  0.6033E-02
 MRCHDU: Convergence failed at  25  side 2    Res =  0.1491E-02
 MRCHDU: Convergence failed at  26  side 2    Res =  0.3563E-03
 MRCHDU: Convergence failed at  27  side 2    Res =  0.9545E-04
 MRCHDU: Convergence failed at  28  side 2    Res =  0.3023E-04
 MRCHDU: Convergence failed at  29  side 2    Res =  0.1171E-04
 MRCHDU: Convergence failed at  30  side 2    Res =  0.5314E-05
 MRCHDU: Convergence failed at  85  side 2    Res =  0.1017E-02
 MRCHDU: Convergence failed at  87  side 2    Res =  0.6488E-04
 Side 1  free  transition at x/c =  0.6197   53
 Side 2  free  transition at x/c =  0.0292   19

 156   rms: 0.1078E+12   max: 0.4754E+12   T at   25  2   RLX: 0.000
       a =  2.000      CL = -0.5209
      Cm =  0.1604     CD = Infinity   =>   CDf =  0.00331    CDp = Infinity

 MRCHDU: Convergence failed at  23  side 2    Res =  0.1738E-01
 MRCHDU: Convergence failed at  24  side 2    Res =  0.6034E-02
 MRCHDU: Convergence failed at  25  side 2    Res =  0.1491E-02
 MRCHDU: Convergence failed at  26  side 2    Res =  0.3563E-03
 MRCHDU: Convergence failed at  27  side 2    Res =  0.9546E-04
 MRCHDU: Convergence failed at  28  side 2    Res =  0.3023E-04
 MRCHDU: Convergence failed at  29  side 2    Res =  0.1171E-04
 MRCHDU: Convergence failed at  30  side 2    Res =  0.5314E-05
 MRCHDU: Convergence failed at  85  side 2    Res =  0.1017E-02
 MRCHDU: Convergence failed at  87  side 2    Res =  0.6488E-04
 Side 1  free  transition at x/c =  0.6197   53
 Side 2  free  transition at x/c =  0.0292   19

 157   rms: 0.1693E+12   max: -.7465E+12   T at   25  2   RLX: 0.000
       a =  2.000      CL = -0.5209
      Cm =  0.1604     CD = Infinity   =>   CDf =  0.00331    CDp = Infinity

 MRCHDU: Convergence failed at  23  side 2    Res =  0.1738E-01
 MRCHDU: Convergence failed at  24  side 2    Res =  0.6033E-02
 MRCHDU: Convergence failed at  25  side 2    Res =  0.1491E-02
 MRCHDU: Convergence failed at  26  side 2    Res =  0.3563E-03
 MRCHDU: Convergence failed at  27  side 2    Res =  0.9546E-04
 MRCHDU: Convergence failed at  28  side 2    Res =  0.3023E-04
 MRCHDU: Convergence failed at  29  side 2    Res =  0.1171E-04
 MRCHDU: Convergence failed at  30  side 2    Res =  0.5314E-05
 MRCHDU: Convergence failed at  85  side 2    Res =  0.1017E-02
 MRCHDU: Convergence failed at  87  side 2    Res =  0.6488E-04
 Side 1  free  transition at x/c =  0.6197   53
 Side 2  free  transition at x/c =  0.0292   19

 158   rms: 0.8231E+12   max: -.3630E+13   T at   25  2   RLX: 0.000
       a =  2.000      CL = -0.5209
      Cm =  0.1604     CD = Infinity   =>   CDf =  0.00331    CDp = Infinity

 MRCHDU: Convergence failed at  23  side 2    Res =  0.1738E-01
 MRCHDU: Convergence failed at  24  side 2    Res =  0.6033E-02
 MRCHDU: Convergence failed at  25  side 2    Res =  0.1491E-02
 MRCHDU: Convergence failed at  26  side 2    Res =  0.3563E-03
 MRCHDU: Convergence failed at  27  side 2    Res =  0.9546E-04
 MRCHDU: Convergence failed at  28  side 2    Res =  0.3023E-04
 MRCHDU: Convergence failed at  29  side 2    Res =  0.1171E-04
 MRCHDU: Convergence failed at  30  side 2    Res =  0.5314E-05
 MRCHDU: Convergence failed at  85  side 2    Res =  0.1017E-02
 MRCHDU: Convergence failed at  87  side 2    Res =  0.6488E-04
 Side 1  free  transition at x/c =  0.6197   53
 Side 2  free  transition at x/c =  0.0292   19

 159   rms: 0.4248E+12   max: -.1874E+13   T at   25  2   RLX: 0.000
       a =  2.000      CL = -0.5209
      Cm =  0.1604     CD = Infinity   =>   CDf =  0.00331    CDp = Infinity

 MRCHDU: Convergence failed at  23  side 2    Res =  0.1738E-01
 MRCHDU: Convergence failed at  24  side 2    Res =  0.6033E-02
 MRCHDU: Convergence failed at  25  side 2    Res =  0.1491E-02
 MRCHDU: Convergence failed at  26  side 2    Res =  0.3563E-03
 MRCHDU: Convergence failed at  27  side 2    Res =  0.9545E-04
 MRCHDU: Convergence failed at  28  side 2    Res =  0.3023E-04
 MRCHDU: Convergence failed at  29  side 2    Res =  0.1171E-04
 MRCHDU: Convergence failed at  30  side 2    Res =  0.5314E-05
 MRCHDU: Convergence failed at  85  side 2    Res =  0.1017E-02
 MRCHDU: Convergence failed at  87  side 2    Res =  0.6488E-04
 Side 1  free  transition at x/c =  0.6197   53
 Side 2  free  transition at x/c =  0.0292   19

 160   rms: 0.2975E+12   max: 0.1312E+13   T at   25  2   RLX: 0.000
       a =  2.000      CL = -0.5209
      Cm =  0.1604     CD = Infinity   =>   CDf =  0.00331    CDp = Infinity

 MRCHDU: Convergence failed at  23  side 2    Res =  0.1738E-01
 MRCHDU: Convergence failed at  24  side 2    Res =  0.6033E-02
 MRCHDU: Convergence failed at  25  side 2    Res =  0.1491E-02
 MRCHDU: Convergence failed at  26  side 2    Res =  0.3563E-03
 MRCHDU: Convergence failed at  27  side 2    Res =  0.9546E-04
 MRCHDU: Convergence failed at  28  side 2    Res =  0.3023E-04
 MRCHDU: Convergence failed at  29  side 2    Res =  0.1171E-04
 MRCHDU: Convergence failed at  30  side 2    Res =  0.5314E-05
 MRCHDU: Convergence failed at  85  side 2    Res =  0.1017E-02
 MRCHDU: Convergence failed at  87  side 2    Res =  0.6488E-04
 Side 1  free  transition at x/c =  0.6197   53
 Side 2  free  transition at x/c =  0.0292   19

 161   rms: 0.2594E+12   max: 0.1144E+13   T at   25  2   RLX: 0.000
       a =  2.000      CL = -0.5209
      Cm =  0.1604     CD = Infinity   =>   CDf =  0.00331    CDp = Infinity

 MRCHDU: Convergence failed at  23  side 2    Res =  0.1738E-01
 MRCHDU: Convergence failed at  24  side 2    Res =  0.6034E-02
 MRCHDU: Convergence failed at  25  side 2    Res =  0.1491E-02
 MRCHDU: Convergence failed at  26  side 2    Res =  0.3563E-03
 MRCHDU: Convergence failed at  27  side 2    Res =  0.9546E-04
 MRCHDU: Convergence failed at  28  side 2    Res =  0.3023E-04
 MRCHDU: Convergence failed at  29  side 2    Res =  0.1171E-04
 MRCHDU: Convergence failed at  30  side 2    Res =  0.5314E-05
 MRCHDU: Convergence failed at  85  side 2    Res =  0.1017E-02
 MRCHDU: Convergence failed at  87  side 2    Res =  0.6488E-04
 Side 1  free  transition at x/c =  0.6197   53
 Side 2  free  transition at x/c =  0.0292   19

 162   rms: 0.3488E+12   max: -.1538E+13   T at   25  2   RLX: 0.000
       a =  2.000      CL = -0.5209
      Cm =  0.1604     CD = Infinity   =>   CDf =  0.00331    CDp = Infinity

 MRCHDU: Convergence failed at  23  side 2    Res =  0.1738E-01
 MRCHDU: Convergence failed at  24  side 2    Res =  0.6033E-02
 MRCHDU: Convergence failed at  25  side 2    Res =  0.1491E-02
 MRCHDU: Convergence failed at  26  side 2    Res =  0.3563E-03
 MRCHDU: Convergence failed at  27  side 2    Res =  0.9546E-04
 MRCHDU: Convergence failed at  28  side 2    Res =  0.3023E-04
 MRCHDU: Convergence failed at  29  side 2    Res =  0.1171E-04
 MRCHDU: Convergence failed at  30  side 2    Res =  0.5314E-05
 MRCHDU: Convergence failed at  85  side 2    Res =  0.1017E-02
 MRCHDU: Convergence failed at  87  side 2    Res =  0.6488E-04
 Side 1  free  transition at x/c =  0.6197   53
 Side 2  free  transition at x/c =  0.0292   19

 163   rms: 0.2006E+13   max: -.8850E+13   T at   25  2   RLX: 0.000
       a =  2.000      CL = -0.5209
      Cm =  0.1604     CD = Infinity   =>   CDf =  0.00331    CDp = Infinity

 MRCHDU: Convergence failed at  23  side 2    Res =  0.1738E-01
 MRCHDU: Convergence failed at  24  side 2    Res =  0.6033E-02
 MRCHDU: Convergence failed at  25  side 2    Res =  0.1491E-02
 MRCHDU: Convergence failed at  26  side 2    Res =  0.3563E-03
 MRCHDU: Convergence failed at  27  side 2    Res =  0.9546E-04
 MRCHDU: Convergence failed at  28  side 2    Res =  0.3023E-04
 MRCHDU: Convergence failed at  29  side 2    Res =  0.1171E-04
 MRCHDU: Convergence failed at  30  side 2    Res =  0.5314E-05
 MRCHDU: Convergence failed at  85  side 2    Res =  0.1017E-02
 MRCHDU: Convergence failed at  87  side 2    Res =  0.6488E-04
 Side 1  free  transition at x/c =  0.6197   53
 Side 2  free  transition at x/c =  0.0292   19

 164   rms: 0.4564E+12   max: 0.2013E+13   T at   25  2   RLX: 0.000
       a =  2.000      CL = -0.5209
      Cm =  0.1604     CD = Infinity   =>   CDf =  0.00331    CDp = Infinity

 MRCHDU: Convergence failed at  23  side 2    Res =  0.1738E-01
 MRCHDU: Convergence failed at  24  side 2    Res =  0.6034E-02
 MRCHDU: Convergence failed at  25  side 2    Res =  0.1491E-02
 MRCHDU: Convergence failed at  26  side 2    Res =  0.3563E-03
 MRCHDU: Convergence failed at  27  side 2    Res =  0.9546E-04
 MRCHDU: Convergence failed at  28  side 2    Res =  0.3023E-04
 MRCHDU: Convergence failed at  29  side 2    Res =  0.1171E-04
 MRCHDU: Convergence failed at  30  side 2    Res =  0.5314E-05
 MRCHDU: Convergence failed at  85  side 2    Res =  0.1017E-02
 MRCHDU: Convergence failed at  87  side 2    Res =  0.6488E-04
 Side 1  free  transition at x/c =  0.6197   53
 Side 2  free  transition at x/c =  0.0292   19

 165   rms: 0.7973E+12   max: -.3517E+13   T at   25  2   RLX: 0.000
       a =  2.000      CL = -0.5209
      Cm =  0.1604     CD = Infinity   =>   CDf =  0.00331    CDp = Infinity

 MRCHDU: Convergence failed at  23  side 2    Res =  0.1738E-01
 MRCHDU: Convergence failed at  24  side 2    Res =  0.6034E-02
 MRCHDU: Convergence failed at  25  side 2    Res =  0.1491E-02
 MRCHDU: Convergence failed at  26  side 2    Res =  0.3563E-03
 MRCHDU: Convergence failed at  27  side 2    Res =  0.9546E-04
 MRCHDU: Convergence failed at  28  side 2    Res =  0.3023E-04
 MRCHDU: Convergence failed at  29  side 2    Res =  0.1171E-04
 MRCHDU: Convergence failed at  30  side 2    Res =  0.5314E-05
 MRCHDU: Convergence failed at  85  side 2    Res =  0.1017E-02
 MRCHDU: Convergence failed at  87  side 2    Res =  0.6488E-04
 Side 1  free  transition at x/c =  0.6197   53
 Side 2  free  transition at x/c =  0.0292   19

 166   rms: 0.2224E+12   max: -.9807E+12   T at   25  2   RLX: 0.000
       a =  2.000      CL = -0.5209
      Cm =  0.1604     CD = Infinity   =>   CDf =  0.00331    CDp = Infinity

 MRCHDU: Convergence failed at  23  side 2    Res =  0.1738E-01
 MRCHDU: Convergence failed at  24  side 2    Res =  0.6033E-02
 MRCHDU: Convergence failed at  25  side 2    Res =  0.1491E-02
 MRCHDU: Convergence failed at  26  side 2    Res =  0.3563E-03
 MRCHDU: Convergence failed at  27  side 2    Res =  0.9545E-04
 MRCHDU: Convergence failed at  28  side 2    Res =  0.3023E-04
 MRCHDU: Convergence failed at  29  side 2    Res =  0.1171E-04
 MRCHDU: Convergence failed at  30  side 2    Res =  0.5314E-05
 MRCHDU: Convergence failed at  85  side 2    Res =  0.1017E-02
 MRCHDU: Convergence failed at  87  side 2    Res =  0.6488E-04
 Side 1  free  transition at x/c =  0.6197   53
 Side 2  free  transition at x/c =  0.0292   19

 167   rms: 0.1430E+12   max: 0.6307E+12   T at   25  2   RLX: 0.000
       a =  2.000      CL = -0.5209
      Cm =  0.1604     CD = Infinity   =>   CDf =  0.00331    CDp = Infinity

 MRCHDU: Convergence failed at  23  side 2    Res =  0.1738E-01
 MRCHDU: Convergence failed at  24  side 2    Res =  0.6034E-02
 MRCHDU: Convergence failed at  25  side 2    Res =  0.1491E-02
 MRCHDU: Convergence failed at  26  side 2    Res =  0.3563E-03
 MRCHDU: Convergence failed at  27  side 2    Res =  0.9546E-04
 MRCHDU: Convergence failed at  28  side 2    Res =  0.3023E-04
 MRCHDU: Convergence failed at  29  side 2    Res =  0.1171E-04
 MRCHDU: Convergence failed at  30  side 2    Res =  0.5314E-05
 MRCHDU: Convergence failed at  85  side 2    Res =  0.1017E-02
 MRCHDU: Convergence failed at  87  side 2    Res =  0.6488E-04
 Side 1  free  transition at x/c =  0.6197   53
 Side 2  free  transition at x/c =  0.0292   19

 168   rms: 0.3169E+12   max: -.1398E+13   T at   25  2   RLX: 0.000
       a =  2.000      CL = -0.5209
      Cm =  0.1604     CD = Infinity   =>   CDf =  0.00331    CDp = Infinity

 MRCHDU: Convergence failed at  23  side 2    Res =  0.1738E-01
 MRCHDU: Convergence failed at  24  side 2    Res =  0.6033E-02
 MRCHDU: Convergence failed at  25  side 2    Res =  0.1491E-02
 MRCHDU: Convergence failed at  26  side 2    Res =  0.3563E-03
 MRCHDU: Convergence failed at  27  side 2    Res =  0.9546E-04
 MRCHDU: Convergence failed at  28  side 2    Res =  0.3023E-04
 MRCHDU: Convergence failed at  29  side 2    Res =  0.1171E-04
 MRCHDU: Convergence failed at  30  side 2    Res =  0.5314E-05
 MRCHDU: Convergence failed at  85  side 2    Res =  0.1017E-02
 MRCHDU: Convergence failed at  87  side 2    Res =  0.6488E-04
 Side 1  free  transition at x/c =  0.6197   53
 Side 2  free  transition at x/c =  0.0292   19

 169   rms: 0.2962E+12   max: -.1307E+13   T at   25  2   RLX: 0.000
       a =  2.000      CL = -0.5209
      Cm =  0.1604     CD = Infinity   =>   CDf =  0.00331    CDp = Infinity

 MRCHDU: Convergence failed at  23  side 2    Res =  0.1738E-01
 MRCHDU: Convergence failed at  24  side 2    Res =  0.6033E-02
 MRCHDU: Convergence failed at  25  side 2    Res =  0.1491E-02
 MRCHDU: Convergence failed at  26  side 2    Res =  0.3563E-03
 MRCHDU: Convergence failed at  27  side 2    Res =  0.9545E-04
 MRCHDU: Convergence failed at  28  side 2    Res =  0.3023E-04
 MRCHDU: Convergence failed at  29  side 2    Res =  0.1171E-04
 MRCHDU: Convergence failed at  30  side 2    Res =  0.5314E-05
 MRCHDU: Convergence failed at  85  side 2    Res =  0.1017E-02
 MRCHDU: Convergence failed at  87  side 2    Res =  0.6488E-04
 Side 1  free  transition at x/c =  0.6197   53
 Side 2  free  transition at x/c =  0.0292   19

 170   rms: 0.3245E+12   max: 0.1431E+13   T at   25  2   RLX: 0.000
       a =  2.000      CL = -0.5209
      Cm =  0.1604     CD = Infinity   =>   CDf =  0.00331    CDp = Infinity

 MRCHDU: Convergence failed at  23  side 2    Res =  0.1738E-01
 MRCHDU: Convergence failed at  24  side 2    Res =  0.6033E-02
 MRCHDU: Convergence failed at  25  side 2    Res =  0.1491E-02
 MRCHDU: Convergence failed at  26  side 2    Res =  0.3563E-03
 MRCHDU: Convergence failed at  27  side 2    Res =  0.9546E-04
 MRCHDU: Convergence failed at  28  side 2    Res =  0.3023E-04
 MRCHDU: Convergence failed at  29  side 2    Res =  0.1171E-04
 MRCHDU: Convergence failed at  30  side 2    Res =  0.5314E-05
 MRCHDU: Convergence failed at  85  side 2    Res =  0.1017E-02
 MRCHDU: Convergence failed at  87  side 2    Res =  0.6488E-04
 Side 1  free  transition at x/c =  0.6197   53
 Side 2  free  transition at x/c =  0.0292   19

 171   rms: 0.1118E+13   max: -.4930E+13   T at   25  2   RLX: 0.000
       a =  2.000      CL = -0.5209
      Cm =  0.1604     CD = Infinity   =>   CDf =  0.00331    CDp = Infinity

 MRCHDU: Convergence failed at  23  side 2    Res =  0.1738E-01
 MRCHDU: Convergence failed at  24  side 2    Res =  0.6033E-02
 MRCHDU: Convergence failed at  25  side 2    Res =  0.1491E-02
 MRCHDU: Convergence failed at  26  side 2    Res =  0.3563E-03
 MRCHDU: Convergence failed at  27  side 2    Res =  0.9546E-04
 MRCHDU: Convergence failed at  28  side 2    Res =  0.3023E-04
 MRCHDU: Convergence failed at  29  side 2    Res =  0.1171E-04
 MRCHDU: Convergence failed at  30  side 2    Res =  0.5314E-05
 MRCHDU: Convergence failed at  85  side 2    Res =  0.1017E-02
 MRCHDU: Convergence failed at  87  side 2    Res =  0.6488E-04
 Side 1  free  transition at x/c =  0.6197   53
 Side 2  free  transition at x/c =  0.0292   19

 172   rms: 0.2464E+12   max: -.1087E+13   T at   25  2   RLX: 0.000
       a =  2.000      CL = -0.5209
      Cm =  0.1604     CD = Infinity   =>   CDf =  0.00331    CDp = Infinity

 MRCHDU: Convergence failed at  23  side 2    Res =  0.1738E-01
 MRCHDU: Convergence failed at  24  side 2    Res =  0.6033E-02
 MRCHDU: Convergence failed at  25  side 2    Res =  0.1491E-02
 MRCHDU: Convergence failed at  26  side 2    Res =  0.3563E-03
 MRCHDU: Convergence failed at  27  side 2    Res =  0.9545E-04
 MRCHDU: Convergence failed at  28  side 2    Res =  0.3023E-04
 MRCHDU: Convergence failed at  29  side 2    Res =  0.1171E-04
 MRCHDU: Convergence failed at  30  side 2    Res =  0.5314E-05
 MRCHDU: Convergence failed at  85  side 2    Res =  0.1017E-02
 MRCHDU: Convergence failed at  87  side 2    Res =  0.6488E-04
 Side 1  free  transition at x/c =  0.6197   53
 Side 2  free  transition at x/c =  0.0292   19

 173   rms: 0.2386E+12   max: 0.1052E+13   T at   25  2   RLX: 0.000
       a =  2.000      CL = -0.5209
      Cm =  0.1604     CD = Infinity   =>   CDf =  0.00331    CDp = Infinity

 MRCHDU: Convergence failed at  23  side 2    Res =  0.1738E-01
 MRCHDU: Convergence failed at  24  side 2    Res =  0.6033E-02
 MRCHDU: Convergence failed at  25  side 2    Res =  0.1491E-02
 MRCHDU: Convergence failed at  26  side 2    Res =  0.3563E-03
 MRCHDU: Convergence failed at  27  side 2    Res =  0.9546E-04
 MRCHDU: Convergence failed at  28  side 2    Res =  0.3023E-04
 MRCHDU: Convergence failed at  29  side 2    Res =  0.1171E-04
 MRCHDU: Convergence failed at  30  side 2    Res =  0.5314E-05
 MRCHDU: Convergence failed at  85  side 2    Res =  0.1017E-02
 MRCHDU: Convergence failed at  87  side 2    Res =  0.6488E-04
 Side 1  free  transition at x/c =  0.6197   53
 Side 2  free  transition at x/c =  0.0292   19

 174   rms: 0.4664E+13   max: 0.2057E+14   T at   25  2   RLX: 0.000
       a =  2.000      CL = -0.5209
      Cm =  0.1604     CD = Infinity   =>   CDf =  0.00331    CDp = Infinity

 MRCHDU: Convergence failed at  23  side 2    Res =  0.1738E-01
 MRCHDU: Convergence failed at  24  side 2    Res =  0.6033E-02
 MRCHDU: Convergence failed at  25  side 2    Res =  0.1491E-02
 MRCHDU: Convergence failed at  26  side 2    Res =  0.3563E-03
 MRCHDU: Convergence failed at  27  side 2    Res =  0.9546E-04
 MRCHDU: Convergence failed at  28  side 2    Res =  0.3023E-04
 MRCHDU: Convergence failed at  29  side 2    Res =  0.1171E-04
 MRCHDU: Convergence failed at  30  side 2    Res =  0.5314E-05
 MRCHDU: Convergence failed at  85  side 2    Res =  0.1017E-02
 MRCHDU: Convergence failed at  87  side 2    Res =  0.6488E-04
 Side 1  free  transition at x/c =  0.6197   53
 Side 2  free  transition at x/c =  0.0292   19

 175   rms: 0.1495E+13   max: 0.6595E+13   T at   25  2   RLX: 0.000
       a =  2.000      CL = -0.5209
      Cm =  0.1604     CD = Infinity   =>   CDf =  0.00331    CDp = Infinity

 MRCHDU: Convergence failed at  23  side 2    Res =  0.1738E-01
 MRCHDU: Convergence failed at  24  side 2    Res =  0.6033E-02
 MRCHDU: Convergence failed at  25  side 2    Res =  0.1491E-02
 MRCHDU: Convergence failed at  26  side 2    Res =  0.3563E-03
 MRCHDU: Convergence failed at  27  side 2    Res =  0.9546E-04
 MRCHDU: Convergence failed at  28  side 2    Res =  0.3023E-04
 MRCHDU: Convergence failed at  29  side 2    Res =  0.1171E-04
 MRCHDU: Convergence failed at  30  side 2    Res =  0.5314E-05
 MRCHDU: Convergence failed at  85  side 2    Res =  0.1017E-02
 MRCHDU: Convergence failed at  87  side 2    Res =  0.6488E-04
 Side 1  free  transition at x/c =  0.6197   53
 Side 2  free  transition at x/c =  0.0292   19

 176   rms: 0.2268E+12   max: 0.1000E+13   T at   25  2   RLX: 0.000
       a =  2.000      CL = -0.5209
      Cm =  0.1604     CD = Infinity   =>   CDf =  0.00331    CDp = Infinity

 MRCHDU: Convergence failed at  23  side 2    Res =  0.1738E-01
 MRCHDU: Convergence failed at  24  side 2    Res =  0.6034E-02
 MRCHDU: Convergence failed at  25  side 2    Res =  0.1491E-02
 MRCHDU: Convergence failed at  26  side 2    Res =  0.3563E-03
 MRCHDU: Convergence failed at  27  side 2    Res =  0.9546E-04
 MRCHDU: Convergence failed at  28  side 2    Res =  0.3023E-04
 MRCHDU: Convergence failed at  29  side 2    Res =  0.1171E-04
 MRCHDU: Convergence failed at  30  side 2    Res =  0.5314E-05
 MRCHDU: Convergence failed at  85  side 2    Res =  0.1017E-02
 MRCHDU: Convergence failed at  87  side 2    Res =  0.6488E-04
 Side 1  free  transition at x/c =  0.6197   53
 Side 2  free  transition at x/c =  0.0292   19

 177   rms: 0.2028E+12   max: -.8944E+12   T at   25  2   RLX: 0.000
       a =  2.000      CL = -0.5209
      Cm =  0.1604     CD = Infinity   =>   CDf =  0.00331    CDp = Infinity

 MRCHDU: Convergence failed at  23  side 2    Res =  0.1738E-01
 MRCHDU: Convergence failed at  24  side 2    Res =  0.6033E-02
 MRCHDU: Convergence failed at  25  side 2    Res =  0.1491E-02
 MRCHDU: Convergence failed at  26  side 2    Res =  0.3563E-03
 MRCHDU: Convergence failed at  27  side 2    Res =  0.9546E-04
 MRCHDU: Convergence failed at  28  side 2    Res =  0.3023E-04
 MRCHDU: Convergence failed at  29  side 2    Res =  0.1171E-04
 MRCHDU: Convergence failed at  30  side 2    Res =  0.5314E-05
 MRCHDU: Convergence failed at  85  side 2    Res =  0.1017E-02
 MRCHDU: Convergence failed at  87  side 2    Res =  0.6488E-04
 Side 1  free  transition at x/c =  0.6197   53
 Side 2  free  transition at x/c =  0.0292   19

 178   rms: 0.8844E+13   max: -.3901E+14   T at   25  2   RLX: 0.000
       a =  2.000      CL = -0.5209
      Cm =  0.1604     CD = Infinity   =>   CDf =  0.00331    CDp = Infinity

 MRCHDU: Convergence failed at  23  side 2    Res =  0.1738E-01
 MRCHDU: Convergence failed at  24  side 2    Res =  0.6033E-02
 MRCHDU: Convergence failed at  25  side 2    Res =  0.1491E-02
 MRCHDU: Convergence failed at  26  side 2    Res =  0.3563E-03
 MRCHDU: Convergence failed at  27  side 2    Res =  0.9546E-04
 MRCHDU: Convergence failed at  28  side 2    Res =  0.3023E-04
 MRCHDU: Convergence failed at  29  side 2    Res =  0.1171E-04
 MRCHDU: Convergence failed at  30  side 2    Res =  0.5314E-05
 MRCHDU: Convergence failed at  85  side 2    Res =  0.1017E-02
 MRCHDU: Convergence failed at  87  side 2    Res =  0.6488E-04
 Side 1  free  transition at x/c =  0.6197   53
 Side 2  free  transition at x/c =  0.0292   19

 179   rms: 0.1345E+12   max: 0.5933E+12   T at   25  2   RLX: 0.000
       a =  2.000      CL = -0.5209
      Cm =  0.1604     CD = Infinity   =>   CDf =  0.00331    CDp = Infinity

 MRCHDU: Convergence failed at  23  side 2    Res =  0.1738E-01
 MRCHDU: Convergence failed at  24  side 2    Res =  0.6034E-02
 MRCHDU: Convergence failed at  25  side 2    Res =  0.1491E-02
 MRCHDU: Convergence failed at  26  side 2    Res =  0.3563E-03
 MRCHDU: Convergence failed at  27  side 2    Res =  0.9546E-04
 MRCHDU: Convergence failed at  28  side 2    Res =  0.3023E-04
 MRCHDU: Convergence failed at  29  side 2    Res =  0.1171E-04
 MRCHDU: Convergence failed at  30  side 2    Res =  0.5314E-05
 MRCHDU: Convergence failed at  85  side 2    Res =  0.1017E-02
 MRCHDU: Convergence failed at  87  side 2    Res =  0.6488E-04
 Side 1  free  transition at x/c =  0.6197   53
 Side 2  free  transition at x/c =  0.0292   19

 180   rms: 0.9011E+11   max: -.3974E+12   T at   25  2   RLX: 0.000
       a =  2.000      CL = -0.5209
      Cm =  0.1604     CD = Infinity   =>   CDf =  0.00331    CDp = Infinity

 MRCHDU: Convergence failed at  23  side 2    Res =  0.1738E-01
 MRCHDU: Convergence failed at  24  side 2    Res =  0.6033E-02
 MRCHDU: Convergence failed at  25  side 2    Res =  0.1491E-02
 MRCHDU: Convergence failed at  26  side 2    Res =  0.3563E-03
 MRCHDU: Convergence failed at  27  side 2    Res =  0.9545E-04
 MRCHDU: Convergence failed at  28  side 2    Res =  0.3023E-04
 MRCHDU: Convergence failed at  29  side 2    Res =  0.1171E-04
 MRCHDU: Convergence failed at  30  side 2    Res =  0.5314E-05
 MRCHDU: Convergence failed at  85  side 2    Res =  0.1017E-02
 MRCHDU: Convergence failed at  87  side 2    Res =  0.6488E-04
 Side 1  free  transition at x/c =  0.6197   53
 Side 2  free  transition at x/c =  0.0292   19

 181   rms: 0.3008E+12   max: 0.1327E+13   T at   25  2   RLX: 0.000
       a =  2.000      CL = -0.5209
      Cm =  0.1604     CD = Infinity   =>   CDf =  0.00331    CDp = Infinity

 MRCHDU: Convergence failed at  23  side 2    Res =  0.1738E-01
 MRCHDU: Convergence failed at  24  side 2    Res =  0.6033E-02
 MRCHDU: Convergence failed at  25  side 2    Res =  0.1491E-02
 MRCHDU: Convergence failed at  26  side 2    Res =  0.3563E-03
 MRCHDU: Convergence failed at  27  side 2    Res =  0.9546E-04
 MRCHDU: Convergence failed at  28  side 2    Res =  0.3023E-04
 MRCHDU: Convergence failed at  29  side 2    Res =  0.1171E-04
 MRCHDU: Convergence failed at  30  side 2    Res =  0.5314E-05
 MRCHDU: Convergence failed at  85  side 2    Res =  0.1017E-02
 MRCHDU: Convergence failed at  87  side 2    Res =  0.6488E-04
 Side 1  free  transition at x/c =  0.6197   53
 Side 2  free  transition at x/c =  0.0292   19

 182   rms: 0.1836E+12   max: 0.8100E+12   T at   25  2   RLX: 0.000
       a =  2.000      CL = -0.5209
      Cm =  0.1604     CD = Infinity   =>   CDf =  0.00331    CDp = Infinity

 MRCHDU: Convergence failed at  23  side 2    Res =  0.1738E-01
 MRCHDU: Convergence failed at  24  side 2    Res =  0.6034E-02
 MRCHDU: Convergence failed at  25  side 2    Res =  0.1491E-02
 MRCHDU: Convergence failed at  26  side 2    Res =  0.3563E-03
 MRCHDU: Convergence failed at  27  side 2    Res =  0.9546E-04
 MRCHDU: Convergence failed at  28  side 2    Res =  0.3023E-04
 MRCHDU: Convergence failed at  29  side 2    Res =  0.1171E-04
 MRCHDU: Convergence failed at  30  side 2    Res =  0.5314E-05
 MRCHDU: Convergence failed at  85  side 2    Res =  0.1017E-02
 MRCHDU: Convergence failed at  87  side 2    Res =  0.6488E-04
 Side 1  free  transition at x/c =  0.6197   53
 Side 2  free  transition at x/c =  0.0292   19

 183   rms: 0.4341E+12   max: -.1915E+13   T at   25  2   RLX: 0.000
       a =  2.000      CL = -0.5209
      Cm =  0.1604     CD = Infinity   =>   CDf =  0.00331    CDp = Infinity

 MRCHDU: Convergence failed at  23  side 2    Res =  0.1738E-01
 MRCHDU: Convergence failed at  24  side 2    Res =  0.6034E-02
 MRCHDU: Convergence failed at  25  side 2    Res =  0.1491E-02
 MRCHDU: Convergence failed at  26  side 2    Res =  0.3563E-03
 MRCHDU: Convergence failed at  27  side 2    Res =  0.9546E-04
 MRCHDU: Convergence failed at  28  side 2    Res =  0.3023E-04
 MRCHDU: Convergence failed at  29  side 2    Res =  0.1171E-04
 MRCHDU: Convergence failed at  30  side 2    Res =  0.5314E-05
 MRCHDU: Convergence failed at  85  side 2    Res =  0.1017E-02
 MRCHDU: Convergence failed at  87  side 2    Res =  0.6488E-04
 Side 1  free  transition at x/c =  0.6197   53
 Side 2  free  transition at x/c =  0.0292   19

 184   rms: 0.2993E+14   max: -.1320E+15   T at   25  2   RLX: 0.000
       a =  2.000      CL = -0.5209
      Cm =  0.1604     CD = Infinity   =>   CDf =  0.00331    CDp = Infinity

 MRCHDU: Convergence failed at  23  side 2    Res =  0.1738E-01
 MRCHDU: Convergence failed at  24  side 2    Res =  0.6034E-02
 MRCHDU: Convergence failed at  25  side 2    Res =  0.1491E-02
 MRCHDU: Convergence failed at  26  side 2    Res =  0.3563E-03
 MRCHDU: Convergence failed at  27  side 2    Res =  0.9546E-04
 MRCHDU: Convergence failed at  28  side 2    Res =  0.3023E-04
 MRCHDU: Convergence failed at  29  side 2    Res =  0.1171E-04
 MRCHDU: Convergence failed at  30  side 2    Res =  0.5314E-05
 MRCHDU: Convergence failed at  85  side 2    Res =  0.1017E-02
 MRCHDU: Convergence failed at  87  side 2    Res =  0.6488E-04
 Side 1  free  transition at x/c =  0.6197   53
 Side 2  free  transition at x/c =  0.0292   19

 185   rms: 0.4097E+12   max: -.1807E+13   T at   25  2   RLX: 0.000
       a =  2.000      CL = -0.5209
      Cm =  0.1604     CD = Infinity   =>   CDf =  0.00331    CDp = Infinity

 MRCHDU: Convergence failed at  23  side 2    Res =  0.1738E-01
 MRCHDU: Convergence failed at  24  side 2    Res =  0.6033E-02
 MRCHDU: Convergence failed at  25  side 2    Res =  0.1491E-02
 MRCHDU: Convergence failed at  26  side 2    Res =  0.3563E-03
 MRCHDU: Convergence failed at  27  side 2    Res =  0.9546E-04
 MRCHDU: Convergence failed at  28  side 2    Res =  0.3023E-04
 MRCHDU: Convergence failed at  29  side 2    Res =  0.1171E-04
 MRCHDU: Convergence failed at  30  side 2    Res =  0.5314E-05
 MRCHDU: Convergence failed at  85  side 2    Res =  0.1017E-02
 MRCHDU: Convergence failed at  87  side 2    Res =  0.6488E-04
 Side 1  free  transition at x/c =  0.6197   53
 Side 2  free  transition at x/c =  0.0292   19

 186   rms: 0.4139E+12   max: 0.1826E+13   T at   25  2   RLX: 0.000
       a =  2.000      CL = -0.5209
      Cm =  0.1604     CD = Infinity   =>   CDf =  0.00331    CDp = Infinity

 MRCHDU: Convergence failed at  23  side 2    Res =  0.1738E-01
 MRCHDU: Convergence failed at  24  side 2    Res =  0.6034E-02
 MRCHDU: Convergence failed at  25  side 2    Res =  0.1491E-02
 MRCHDU: Convergence failed at  26  side 2    Res =  0.3563E-03
 MRCHDU: Convergence failed at  27  side 2    Res =  0.9546E-04
 MRCHDU: Convergence failed at  28  side 2    Res =  0.3023E-04
 MRCHDU: Convergence failed at  29  side 2    Res =  0.1171E-04
 MRCHDU: Convergence failed at  30  side 2    Res =  0.5314E-05
 MRCHDU: Convergence failed at  85  side 2    Res =  0.1017E-02
 MRCHDU: Convergence failed at  87  side 2    Res =  0.6488E-04
 Side 1  free  transition at x/c =  0.6197   53
 Side 2  free  transition at x/c =  0.0292   19

 187   rms: 0.4040E+12   max: -.1782E+13   T at   25  2   RLX: 0.000
       a =  2.000      CL = -0.5209
      Cm =  0.1604     CD = Infinity   =>   CDf =  0.00331    CDp = Infinity

 MRCHDU: Convergence failed at  23  side 2    Res =  0.1738E-01
 MRCHDU: Convergence failed at  24  side 2    Res =  0.6033E-02
 MRCHDU: Convergence failed at  25  side 2    Res =  0.1491E-02
 MRCHDU: Convergence failed at  26  side 2    Res =  0.3563E-03
 MRCHDU: Convergence failed at  27  side 2    Res =  0.9546E-04
 MRCHDU: Convergence failed at  28  side 2    Res =  0.3023E-04
 MRCHDU: Convergence failed at  29  side 2    Res =  0.1171E-04
 MRCHDU: Convergence failed at  30  side 2    Res =  0.5314E-05
 MRCHDU: Convergence failed at  85  side 2    Res =  0.1017E-02
 MRCHDU: Convergence failed at  87  side 2    Res =  0.6488E-04
 Side 1  free  transition at x/c =  0.6197   53
 Side 2  free  transition at x/c =  0.0292   19

 188   rms: 0.1673E+12   max: 0.7377E+12   T at   25  2   RLX: 0.000
       a =  2.000      CL = -0.5209
      Cm =  0.1604     CD = Infinity   =>   CDf =  0.00331    CDp = Infinity

 MRCHDU: Convergence failed at  23  side 2    Res =  0.1738E-01
 MRCHDU: Convergence failed at  24  side 2    Res =  0.6034E-02
 MRCHDU: Convergence failed at  25  side 2    Res =  0.1491E-02
 MRCHDU: Convergence failed at  26  side 2    Res =  0.3563E-03
 MRCHDU: Convergence failed at  27  side 2    Res =  0.9546E-04
 MRCHDU: Convergence failed at  28  side 2    Res =  0.3023E-04
 MRCHDU: Convergence failed at  29  side 2    Res =  0.1171E-04
 MRCHDU: Convergence failed at  30  side 2    Res =  0.5314E-05
 MRCHDU: Convergence failed at  85  side 2    Res =  0.1017E-02
 MRCHDU: Convergence failed at  87  side 2    Res =  0.6488E-04
 Side 1  free  transition at x/c =  0.6197   53
 Side 2  free  transition at x/c =  0.0292   19

 189   rms: 0.9348E+11   max: -.4123E+12   T at   25  2   RLX: 0.000
       a =  2.000      CL = -0.5209
      Cm =  0.1604     CD = Infinity   =>   CDf =  0.00331    CDp = Infinity

 MRCHDU: Convergence failed at  23  side 2    Res =  0.1738E-01
 MRCHDU: Convergence failed at  24  side 2    Res =  0.6033E-02
 MRCHDU: Convergence failed at  25  side 2    Res =  0.1491E-02
 MRCHDU: Convergence failed at  26  side 2    Res =  0.3563E-03
 MRCHDU: Convergence failed at  27  side 2    Res =  0.9545E-04
 MRCHDU: Convergence failed at  28  side 2    Res =  0.3023E-04
 MRCHDU: Convergence failed at  29  side 2    Res =  0.1171E-04
 MRCHDU: Convergence failed at  30  side 2    Res =  0.5314E-05
 MRCHDU: Convergence failed at  85  side 2    Res =  0.1017E-02
 MRCHDU: Convergence failed at  87  side 2    Res =  0.6488E-04
 Side 1  free  transition at x/c =  0.6197   53
 Side 2  free  transition at x/c =  0.0292   19

 190   rms: 0.3313E+12   max: -.1461E+13   T at   25  2   RLX: 0.000
       a =  2.000      CL = -0.5209
      Cm =  0.1604     CD = Infinity   =>   CDf =  0.00331    CDp = Infinity

 MRCHDU: Convergence failed at  23  side 2    Res =  0.1738E-01
 MRCHDU: Convergence failed at  24  side 2    Res =  0.6033E-02
 MRCHDU: Convergence failed at  25  side 2    Res =  0.1491E-02
 MRCHDU: Convergence failed at  26  side 2    Res =  0.3563E-03
 MRCHDU: Convergence failed at  27  side 2    Res =  0.9545E-04
 MRCHDU: Convergence failed at  28  side 2    Res =  0.3023E-04
 MRCHDU: Convergence failed at  29  side 2    Res =  0.1171E-04
 MRCHDU: Convergence failed at  30  side 2    Res =  0.5314E-05
 MRCHDU: Convergence failed at  85  side 2    Res =  0.1017E-02
 MRCHDU: Convergence failed at  87  side 2    Res =  0.6488E-04
 Side 1  free  transition at x/c =  0.6197   53
 Side 2  free  transition at x/c =  0.0292   19

 191   rms: 0.7733E+11   max: 0.3411E+12   T at   25  2   RLX: 0.000
       a =  2.000      CL = -0.5209
      Cm =  0.1604     CD = Infinity   =>   CDf =  0.00331    CDp = Infinity

 MRCHDU: Convergence failed at  23  side 2    Res =  0.1738E-01
 MRCHDU: Convergence failed at  24  side 2    Res =  0.6034E-02
 MRCHDU: Convergence failed at  25  side 2    Res =  0.1491E-02
 MRCHDU: Convergence failed at  26  side 2    Res =  0.3563E-03
 MRCHDU: Convergence failed at  27  side 2    Res =  0.9546E-04
 MRCHDU: Convergence failed at  28  side 2    Res =  0.3023E-04
 MRCHDU: Convergence failed at  29  side 2    Res =  0.1171E-04
 MRCHDU: Convergence failed at  30  side 2    Res =  0.5314E-05
 MRCHDU: Convergence failed at  85  side 2    Res =  0.1017E-02
 MRCHDU: Convergence failed at  87  side 2    Res =  0.6488E-04
 Side 1  free  transition at x/c =  0.6197   53
 Side 2  free  transition at x/c =  0.0292   19

 192   rms: 0.1873E+12   max: -.8263E+12   T at   25  2   RLX: 0.000
       a =  2.000      CL = -0.5209
      Cm =  0.1604     CD = Infinity   =>   CDf =  0.00331    CDp = Infinity

 MRCHDU: Convergence failed at  23  side 2    Res =  0.1738E-01
 MRCHDU: Convergence failed at  24  side 2    Res =  0.6033E-02
 MRCHDU: Convergence failed at  25  side 2    Res =  0.1491E-02
 MRCHDU: Convergence failed at  26  side 2    Res =  0.3563E-03
 MRCHDU: Convergence failed at  27  side 2    Res =  0.9546E-04
 MRCHDU: Convergence failed at  28  side 2    Res =  0.3023E-04
 MRCHDU: Convergence failed at  29  side 2    Res =  0.1171E-04
 MRCHDU: Convergence failed at  30  side 2    Res =  0.5314E-05
 MRCHDU: Convergence failed at  85  side 2    Res =  0.1017E-02
 MRCHDU: Convergence failed at  87  side 2    Res =  0.6488E-04
 Side 1  free  transition at x/c =  0.6197   53
 Side 2  free  transition at x/c =  0.0292   19

 193   rms: 0.2045E+12   max: 0.9018E+12   T at   25  2   RLX: 0.000
       a =  2.000      CL = -0.5209
      Cm =  0.1604     CD = Infinity   =>   CDf =  0.00331    CDp = Infinity

 MRCHDU: Convergence failed at  23  side 2    Res =  0.1738E-01
 MRCHDU: Convergence failed at  24  side 2    Res =  0.6034E-02
 MRCHDU: Convergence failed at  25  side 2    Res =  0.1491E-02
 MRCHDU: Convergence failed at  26  side 2    Res =  0.3563E-03
 MRCHDU: Convergence failed at  27  side 2    Res =  0.9546E-04
 MRCHDU: Convergence failed at  28  side 2    Res =  0.3023E-04
 MRCHDU: Convergence failed at  29  side 2    Res =  0.1171E-04
 MRCHDU: Convergence failed at  30  side 2    Res =  0.5314E-05
 MRCHDU: Convergence failed at  85  side 2    Res =  0.1017E-02
 MRCHDU: Convergence failed at  87  side 2    Res =  0.6488E-04
 Side 1  free  transition at x/c =  0.6197   53
 Side 2  free  transition at x/c =  0.0292   19

 194   rms: 0.8483E+12   max: -.3741E+13   T at   25  2   RLX: 0.000
       a =  2.000      CL = -0.5209
      Cm =  0.1604     CD = Infinity   =>   CDf =  0.00331    CDp = Infinity

 MRCHDU: Convergence failed at  23  side 2    Res =  0.1738E-01
 MRCHDU: Convergence failed at  24  side 2    Res =  0.6034E-02
 MRCHDU: Convergence failed at  25  side 2    Res =  0.1491E-02
 MRCHDU: Convergence failed at  26  side 2    Res =  0.3563E-03
 MRCHDU: Convergence failed at  27  side 2    Res =  0.9546E-04
 MRCHDU: Convergence failed at  28  side 2    Res =  0.3023E-04
 MRCHDU: Convergence failed at  29  side 2    Res =  0.1171E-04
 MRCHDU: Convergence failed at  30  side 2    Res =  0.5314E-05
 MRCHDU: Convergence failed at  85  side 2    Res =  0.1017E-02
 MRCHDU: Convergence failed at  87  side 2    Res =  0.6488E-04
 Side 1  free  transition at x/c =  0.6197   53
 Side 2  free  transition at x/c =  0.0292   19

 195   rms: 0.7920E+12   max: 0.3493E+13   T at   25  2   RLX: 0.000
       a =  2.000      CL = -0.5209
      Cm =  0.1604     CD = Infinity   =>   CDf =  0.00331    CDp = Infinity

 MRCHDU: Convergence failed at  23  side 2    Res =  0.1738E-01
 MRCHDU: Convergence failed at  24  side 2    Res =  0.6034E-02
 MRCHDU: Convergence failed at  25  side 2    Res =  0.1491E-02
 MRCHDU: Convergence failed at  26  side 2    Res =  0.3563E-03
 MRCHDU: Convergence failed at  27  side 2    Res =  0.9546E-04
 MRCHDU: Convergence failed at  28  side 2    Res =  0.3023E-04
 MRCHDU: Convergence failed at  29  side 2    Res =  0.1171E-04
 MRCHDU: Convergence failed at  30  side 2    Res =  0.5314E-05
 MRCHDU: Convergence failed at  85  side 2    Res =  0.1017E-02
 MRCHDU: Convergence failed at  87  side 2    Res =  0.6488E-04
 Side 1  free  transition at x/c =  0.6197   53
 Side 2  free  transition at x/c =  0.0292   19

 196   rms: 0.1285E+12   max: -.5669E+12   T at   25  2   RLX: 0.000
       a =  2.000      CL = -0.5209
      Cm =  0.1604     CD = Infinity   =>   CDf =  0.00331    CDp = Infinity

 MRCHDU: Convergence failed at  23  side 2    Res =  0.1738E-01
 MRCHDU: Convergence failed at  24  side 2    Res =  0.6033E-02
 MRCHDU: Convergence failed at  25  side 2    Res =  0.1491E-02
 MRCHDU: Convergence failed at  26  side 2    Res =  0.3563E-03
 MRCHDU: Convergence failed at  27  side 2    Res =  0.9545E-04
 MRCHDU: Convergence failed at  28  side 2    Res =  0.3023E-04
 MRCHDU: Convergence failed at  29  side 2    Res =  0.1171E-04
 MRCHDU: Convergence failed at  30  side 2    Res =  0.5314E-05
 MRCHDU: Convergence failed at  85  side 2    Res =  0.1017E-02
 MRCHDU: Convergence failed at  87  side 2    Res =  0.6488E-04
 Side 1  free  transition at x/c =  0.6197   53
 Side 2  free  transition at x/c =  0.0292   19

 197   rms: 0.1597E+12   max: 0.7042E+12   T at   25  2   RLX: 0.000
       a =  2.000      CL = -0.5209
      Cm =  0.1604     CD = Infinity   =>   CDf =  0.00331    CDp = Infinity

 MRCHDU: Convergence failed at  23  side 2    Res =  0.1738E-01
 MRCHDU: Convergence failed at  24  side 2    Res =  0.6034E-02
 MRCHDU: Convergence failed at  25  side 2    Res =  0.1491E-02
 MRCHDU: Convergence failed at  26  side 2    Res =  0.3563E-03
 MRCHDU: Convergence failed at  27  side 2    Res =  0.9546E-04
 MRCHDU: Convergence failed at  28  side 2    Res =  0.3023E-04
 MRCHDU: Convergence failed at  29  side 2    Res =  0.1171E-04
 MRCHDU: Convergence failed at  30  side 2    Res =  0.5314E-05
 MRCHDU: Convergence failed at  85  side 2    Res =  0.1017E-02
 MRCHDU: Convergence failed at  87  side 2    Res =  0.6488E-04
 Side 1  free  transition at x/c =  0.6197   53
 Side 2  free  transition at x/c =  0.0292   19

 198   rms: 0.3462E+12   max: 0.1527E+13   T at   25  2   RLX: 0.000
       a =  2.000      CL = -0.5209
      Cm =  0.1604     CD = Infinity   =>   CDf =  0.00331    CDp = Infinity

 MRCHDU: Convergence failed at  23  side 2    Res =  0.1738E-01
 MRCHDU: Convergence failed at  24  side 2    Res =  0.6034E-02
 MRCHDU: Convergence failed at  25  side 2    Res =  0.1491E-02
 MRCHDU: Convergence failed at  26  side 2    Res =  0.3563E-03
 MRCHDU: Convergence failed at  27  side 2    Res =  0.9546E-04
 MRCHDU: Convergence failed at  28  side 2    Res =  0.3023E-04
 MRCHDU: Convergence failed at  29  side 2    Res =  0.1171E-04
 MRCHDU: Convergence failed at  30  side 2    Res =  0.5314E-05
 MRCHDU: Convergence failed at  85  side 2    Res =  0.1017E-02
 MRCHDU: Convergence failed at  87  side 2    Res =  0.6488E-04
 Side 1  free  transition at x/c =  0.6197   53
 Side 2  free  transition at x/c =  0.0292   19

 199   rms: 0.2019E+13   max: -.8905E+13   T at   25  2   RLX: 0.000
       a =  2.000      CL = -0.5209
      Cm =  0.1604     CD = Infinity   =>   CDf =  0.00331    CDp = Infinity

 MRCHDU: Convergence failed at  23  side 2    Res =  0.1738E-01
 MRCHDU: Convergence failed at  24  side 2    Res =  0.6034E-02
 MRCHDU: Convergence failed at  25  side 2    Res =  0.1491E-02
 MRCHDU: Convergence failed at  26  side 2    Res =  0.3563E-03
 MRCHDU: Convergence failed at  27  side 2    Res =  0.9546E-04
 MRCHDU: Convergence failed at  28  side 2    Res =  0.3023E-04
 MRCHDU: Convergence failed at  29  side 2    Res =  0.1171E-04
 MRCHDU: Convergence failed at  30  side 2    Res =  0.5314E-05
 MRCHDU: Convergence failed at  85  side 2    Res =  0.1017E-02
 MRCHDU: Convergence failed at  87  side 2    Res =  0.6488E-04
 Side 1  free  transition at x/c =  0.6197   53
 Side 2  free  transition at x/c =  0.0292   19

 200   rms: 0.2868E+12   max: -.1265E+13   T at   25  2   RLX: 0.000
       a =  2.000      CL = -0.5209
      Cm =  0.1604     CD = Infinity   =>   CDf =  0.00331    CDp = Infinity

 MRCHDU: Convergence failed at  23  side 2    Res =  0.1738E-01
 MRCHDU: Convergence failed at  24  side 2    Res =  0.6034E-02
 MRCHDU: Convergence failed at  25  side 2    Res =  0.1491E-02
 MRCHDU: Convergence failed at  26  side 2    Res =  0.3563E-03
 MRCHDU: Convergence failed at  27  side 2    Res =  0.9546E-04
 MRCHDU: Convergence failed at  28  side 2    Res =  0.3023E-04
 MRCHDU: Convergence failed at  29  side 2    Res =  0.1171E-04
 MRCHDU: Convergence failed at  30  side 2    Res =  0.5314E-05
 MRCHDU: Convergence failed at  85  side 2    Res =  0.1017E-02
 MRCHDU: Convergence failed at  87  side 2    Res =  0.6488E-04
 Side 1  free  transition at x/c =  0.6197   53
 Side 2  free  transition at x/c =  0.0292   19

 201   rms: 0.1435E+12   max: -.6327E+12   T at   25  2   RLX: 0.000
       a =  2.000      CL = -0.5209
      Cm =  0.1604     CD = Infinity   =>   CDf =  0.00331    CDp = Infinity

 MRCHDU: Convergence failed at  23  side 2    Res =  0.1738E-01
 MRCHDU: Convergence failed at  24  side 2    Res =  0.6033E-02
 MRCHDU: Convergence failed at  25  side 2    Res =  0.1491E-02
 MRCHDU: Convergence failed at  26  side 2    Res =  0.3563E-03
 MRCHDU: Convergence failed at  27  side 2    Res =  0.9545E-04
 MRCHDU: Convergence failed at  28  side 2    Res =  0.3023E-04
 MRCHDU: Convergence failed at  29  side 2    Res =  0.1171E-04
 MRCHDU: Convergence failed at  30  side 2    Res =  0.5314E-05
 MRCHDU: Convergence failed at  85  side 2    Res =  0.1017E-02
 MRCHDU: Convergence failed at  87  side 2    Res =  0.6488E-04
