
 ===================================================
  XFOIL Version 6.99
  Copyright (C) 2000   Mark Drela, Harold Youngren

  This software comes with ABSOLUTELY NO WARRANTY,
    subject to the GNU General Public License.

  Caveat computor
 ===================================================

 File  xfoil.def  not found

   QUIT    Exit program

  .OPER    Direct operating point(s)
  .MDES    Complex mapping design routine
  .QDES    Surface speed design routine
  .GDES    Geometry design routine

   SAVE f  Write airfoil to labeled coordinate file
   PSAV f  Write airfoil to plain coordinate file
   ISAV f  Write airfoil to ISES coordinate file
   MSAV f  Write airfoil to MSES coordinate file
   REVE    Reverse written-airfoil node ordering
   DELI i  Change written-airfoil file delimiters

   LOAD f  Read buffer airfoil from coordinate file
   NACA i  Set NACA 4,5-digit airfoil and buffer airfoil
   INTE    Set buffer airfoil by interpolating two airfoils
   NORM    Buffer airfoil normalization toggle
   HALF    Halve the number of points in buffer airfoil
   XYCM rr Change CM reference location, currently  0.25000 0.00000

   BEND    Display structural properties of current airfoil

   PCOP    Set current-airfoil panel nodes directly from buffer airfoil points
   PANE    Set current-airfoil panel nodes ( 160 ) based on curvature
  .PPAR    Show/change paneling

  .PLOP    Plotting options

   WDEF f  Write  current-settings file
   RDEF f  Reread current-settings file
   NAME s  Specify new airfoil name
   NINC    Increment name version number

   Z       Zoom    | (available in all menus)
   U       Unzoom  | 

 XFOIL   c>  
 XFOIL   c>  
 Labeled airfoil file.  Name:  NACA M22 AIRFOIL                                

 Number of input coordinate points:  33
 Counterclockwise ordering
 Max thickness =     0.062499  at x =   0.300
 Max camber    =     0.062354  at x =   0.300

  LE  x,y  =  -0.00013   0.00098  |   Chord =   1.00013
  TE  x,y  =   1.00000   0.00000  |

 Current airfoil nodes set from buffer airfoil nodes (  33 )

 WARNING: Poor input coordinate distribution
          Excessive panel angle   77.3  at i =  17
          Repaneling with PANE and/or PPAR suggested
           (doing GDES,CADD before repaneling _may_
            improve excessively coarse LE spacing

 XFOIL   c>  
 Blunt trailing edge.  Gap =  0.00530

 Paneling parameters used...
   Number of panel nodes       160
   Panel bunching parameter    1.000
   TE/LE panel density ratio   0.150
   Refined-area/LE panel density ratio    0.200
   Top    side refined area x/c limits  1.000 1.000
   Bottom side refined area x/c limits  1.000 1.000

 XFOIL   c>  
.OPERi   c>  
 M  =    0.0000
 Re =  0.1000E+07

.OPERv   c>  
.OPERv   c>  
 Xtr/c     =  1.0000    top    side
 Xtr/c     =  1.0000    bottom side
 NcritT    =    9.00   ( 0.070 % turb. level )
 NcritB    =    9.00   ( 0.070 % turb. level )
 Vacc      =  0.0100
 WakeL/c   =   1.000

 Klag  =  5.6000     Uxwt  =    1.00       Kdl =  0.9000
 A     =  6.7000     B     =  0.7500       KCt = 0.01485
 CtiniK=  1.8000     CtiniX=  3.3000

..VPAR   c>  
..VPAR   c>  
.OPERv   c>  
.OPERv   c>  
 Polar  1 newly created for accumulation
 Airfoil archived with polar: NACA M22 AIRFOIL                                

Enter  polar save filename  OR  <return> for no file   s>  
 New polar save file available

Enter  polar dump filename  OR  <return> for no file   s>  
 Polar dump file will NOT be written

 Polar accumulation enabled

.OPERva   c>   Calculating unit vorticity distributions ...
 Calculating wake trajectory ...
 Calculating source influence matrix ...

 Solving BL system ...

 Initializing BL ...
    side            1  ...
 MRCHUE: Inverse mode at  36     Hk =   4.522
 MRCHUE: Inverse mode at  37     Hk =   5.635
 MRCHUE: Inverse mode at  38     Hk =   6.724
 MRCHUE: Inverse mode at  39     Hk =   7.800
 MRCHUE: Inverse mode at  40     Hk =   7.332
 MRCHUE: Inverse mode at  41     Hk =   2.901
    side            2  ...
 MRCHUE: Convergence failed at  14  side 2    Res =  0.2185E+01
 MRCHUE: Inverse mode at  15     Hk =   7.197
 MRCHUE: Inverse mode at  16     Hk =   9.741
 MRCHUE: Inverse mode at  17     Hk =   2.500
 MRCHUE: Inverse mode at  18     Hk =   2.500

 MRCHDU: Convergence failed at  14  side 2    Res =  0.1677E+03
 MRCHDU: Convergence failed at  15  side 2    Res =  0.2051E+02
 MRCHDU: Convergence failed at  16  side 2    Res =  0.1796E+01
 MRCHDU: Convergence failed at  17  side 2    Res =  0.6622E+01
 MRCHDU: Convergence failed at  18  side 2    Res =  0.3155E+02
 MRCHDU: Convergence failed at  19  side 2    Res =  0.2006E+02
 MRCHDU: Convergence failed at  20  side 2    Res =  0.1686E+02
 MRCHDU: Convergence failed at  21  side 2    Res =  0.2352E+02
 MRCHDU: Convergence failed at  22  side 2    Res =  0.3661E+02
 MRCHDU: Convergence failed at  23  side 2    Res =  0.6731E+02
 MRCHDU: Convergence failed at  24  side 2    Res =  0.1780E+03
 MRCHDU: Convergence failed at  25  side 2    Res =  0.5093E+03
 MRCHDU: Convergence failed at  26  side 2    Res =  0.1559E+02
 MRCHDU: Convergence failed at  27  side 2    Res =  0.1533E+02
 MRCHDU: Convergence failed at  28  side 2    Res =  0.5714E+03
 MRCHDU: Convergence failed at  29  side 2    Res =  0.1479E+02
 MRCHDU: Convergence failed at  30  side 2    Res =  0.3021E+03
 MRCHDU: Convergence failed at  31  side 2    Res =  0.7077E+03
 MRCHDU: Convergence failed at  32  side 2    Res =  0.2484E+04
 MRCHDU: Convergence failed at  33  side 2    Res =  0.9724E+04
 MRCHDU: Convergence failed at  34  side 2    Res =  0.5131E+04
 MRCHDU: Convergence failed at  35  side 2    Res =  0.3823E+05
 MRCHDU: Convergence failed at  36  side 2    Res =  0.2160E+04
 MRCHDU: Convergence failed at  37  side 2    Res =  0.7538E+03
 MRCHDU: Convergence failed at  38  side 2    Res =  0.3474E+03
 MRCHDU: Convergence failed at  39  side 2    Res =  0.1489E+02
 MRCHDU: Convergence failed at  40  side 2    Res =  0.8189E+03
 MRCHDU: Convergence failed at  41  side 2    Res =  0.3610E+05
 MRCHDU: Convergence failed at  42  side 2    Res =  0.2202E+04
 MRCHDU: Convergence failed at  43  side 2    Res =  0.1605E+02
 MRCHDU: Convergence failed at  44  side 2    Res =  0.1698E+02
 MRCHDU: Convergence failed at  45  side 2    Res =  0.1833E+02
 MRCHDU: Convergence failed at  46  side 2    Res =  0.1999E+02
 MRCHDU: Convergence failed at  47  side 2    Res =  0.2201E+02
 MRCHDU: Convergence failed at  48  side 2    Res =  0.2443E+02
 MRCHDU: Convergence failed at  49  side 2    Res =  0.2711E+02
 MRCHDU: Convergence failed at  50  side 2    Res =  0.3027E+02
 MRCHDU: Convergence failed at  51  side 2    Res =  0.3419E+02
 MRCHDU: Convergence failed at  52  side 2    Res =  0.3928E+02
 MRCHDU: Convergence failed at  53  side 2    Res =  0.4629E+02
 MRCHDU: Convergence failed at  54  side 2    Res =  0.5676E+02
 MRCHDU: Convergence failed at  55  side 2    Res =  0.7494E+02
 MRCHDU: Convergence failed at  56  side 2    Res =  0.1158E+03
 MRCHDU: Convergence failed at  57  side 2    Res =  0.2673E+03
 MRCHDU: Convergence failed at  58  side 2    Res =  0.1667E+02
 MRCHDU: Convergence failed at  59  side 2    Res =  0.2138E+02
 MRCHDU: Convergence failed at  60  side 2    Res =  0.1449E+03
 MRCHDU: Convergence failed at  61  side 2    Res =  0.2892E+03
 MRCHDU: Convergence failed at  62  side 2    Res =  0.6429E+02
 MRCHDU: Convergence failed at  63  side 2    Res =  0.5113E+02
 MRCHDU: Convergence failed at  64  side 2    Res =  0.4291E+02
 MRCHDU: Convergence failed at  65  side 2    Res =  0.2461E+02
 MRCHDU: Convergence failed at  66  side 2    Res =  0.2372E+02
 MRCHDU: Convergence failed at  67  side 2    Res =  0.2307E+02
 MRCHDU: Convergence failed at  68  side 2    Res =  0.2262E+02
 MRCHDU: Convergence failed at  69  side 2    Res =  0.2224E+02
 MRCHDU: Convergence failed at  70  side 2    Res =  0.2196E+02
 MRCHDU: Convergence failed at  71  side 2    Res =  0.2198E+02
 MRCHDU: Convergence failed at  72  side 2    Res =  0.2240E+02
 MRCHDU: Convergence failed at  73  side 2    Res =  0.2338E+02
 MRCHDU: Convergence failed at  74  side 2    Res =  0.2597E+02
 MRCHDU: Convergence failed at  75  side 2    Res =  0.2974E+02
 MRCHDU: Convergence failed at  76  side 2    Res =  0.4051E+02
 MRCHDU: Convergence failed at  77  side 2    Res =  0.8290E+02
 MRCHDU: Convergence failed at  78  side 2    Res =  0.1112E+03
 MRCHDU: Convergence failed at  79  side 2    Res =  0.2817E+02
 MRCHDU: Convergence failed at  80  side 2    Res =  0.1449E+02
 MRCHDU: Convergence failed at  81  side 2    Res =  0.1005E+04
 MRCHDU: Convergence failed at  82  side 2    Res =  0.2119E+02
 MRCHDU: Convergence failed at  83  side 2    Res =  0.2896E+02
 MRCHDU: Convergence failed at  84  side 2    Res =  0.2989E+05
 Side 1  free  transition at x/c =  0.4735   40
 Side 2 forced transition at x/c =  1.0000   84

   1   rms: 0.1135E+01   max: -.8593E+00   U at   84  2   RLX: 0.378
       a =  0.000      CL = -1.0433
      Cm =  0.3191     CD =  0.00503   =>   CDf =  0.00762    CDp = -0.00259

 Side 1  free  transition at x/c =  0.4801   42
 Side 2  free  transition at x/c =  0.1585   24

   2   rms: 0.3502E+01   max: 0.7060E+02   C at   24  2   RLX: 0.017
       a =  0.000      CL = -1.0185
      Cm =  0.3083     CD =  0.00693   =>   CDf =  0.01081    CDp = -0.00388

 Side 1  free  transition at x/c =  0.4803   42
 Side 2  free  transition at x/c =  0.1306   22

   3   rms: 0.3674E+01   max: 0.7236E+02   C at   22  2   RLX: 0.015
       a =  0.000      CL = -0.9938
      Cm =  0.3024     CD =  0.00699   =>   CDf =  0.01088    CDp = -0.00389

 Side 1  free  transition at x/c =  0.4806   42
 Side 2  free  transition at x/c =  0.1080   20

   4   rms: 0.3713E+01   max: 0.8937E+02   C at   20  2   RLX: 0.017
       a =  0.000      CL = -0.9676
      Cm =  0.2960     CD =  0.00702   =>   CDf =  0.01093    CDp = -0.00391

 Side 1  free  transition at x/c =  0.4808   42
 Side 2  free  transition at x/c =  0.0849   19

   5   rms: 0.1842E+01   max: -.2249E+02   D at   19  2   RLX: 0.022
       a =  0.000      CL = -0.9338
      Cm =  0.2877     CD =  0.00710   =>   CDf =  0.01099    CDp = -0.00389

 Side 1  free  transition at x/c =  0.4811   42
 Side 2  free  transition at x/c =  0.0632   17

   6   rms: 0.3373E+01   max: 0.5856E+02   C at   17  2   RLX: 0.013
       a =  0.000      CL = -0.9142
      Cm =  0.2830     CD =  0.00715   =>   CDf =  0.01100    CDp = -0.00385

 Side 1  free  transition at x/c =  0.4813   42
 Side 2  free  transition at x/c =  0.0523   16

   7   rms: 0.2880E+01   max: 0.5455E+02   C at   16  2   RLX: 0.018
       a =  0.000      CL = -0.8884
      Cm =  0.2766     CD =  0.00719   =>   CDf =  0.01099    CDp = -0.00381

 Side 1  free  transition at x/c =  0.4816   42
 Side 2  free  transition at x/c =  0.0431   15

   8   rms: 0.1032E+01   max: -.9588E+01   D at   15  2   RLX: 0.052
       a =  0.000      CL = -0.8151
      Cm =  0.2586     CD =  0.00724   =>   CDf =  0.01095    CDp = -0.00371

 Side 1  free  transition at x/c =  0.4823   42
 Side 2  free  transition at x/c =  0.0354   15

   9   rms: 0.1481E+01   max: 0.1184E+02   D at   14  2   RLX: 0.127
       a =  0.000      CL = -0.6530
      Cm =  0.2175     CD =  0.00767   =>   CDf =  0.01072    CDp = -0.00305

 MRCHDU: Convergence failed at  15  side 2    Res =  0.1072E+01
 MRCHDU: Convergence failed at  16  side 2    Res =  0.1777E+02
 MRCHDU: Convergence failed at  17  side 2    Res =  0.1715E+02
 MRCHDU: Convergence failed at  18  side 2    Res =  0.2459E+02
 MRCHDU: Convergence failed at  19  side 2    Res =  0.4978E+02
 MRCHDU: Convergence failed at  20  side 2    Res =  0.1542E+03
 MRCHDU: Convergence failed at  21  side 2    Res =  0.8566E+03
 MRCHDU: Convergence failed at  22  side 2    Res =  0.7688E+02
 MRCHDU: Convergence failed at  23  side 2    Res =  0.7169E+02
 MRCHDU: Convergence failed at  24  side 2    Res =  0.3951E+02
 MRCHDU: Convergence failed at  25  side 2    Res =  0.4347E+02
 MRCHDU: Convergence failed at  26  side 2    Res =  0.4313E+02
 MRCHDU: Convergence failed at  27  side 2    Res =  0.3964E+02
 MRCHDU: Convergence failed at  28  side 2    Res =  0.3957E+02
 MRCHDU: Convergence failed at  29  side 2    Res =  0.3513E+02
 MRCHDU: Convergence failed at  30  side 2    Res =  0.3518E+02
 MRCHDU: Convergence failed at  31  side 2    Res =  0.3928E+02
 MRCHDU: Convergence failed at  32  side 2    Res =  0.3977E+02
 MRCHDU: Convergence failed at  33  side 2    Res =  0.4027E+02
 MRCHDU: Convergence failed at  34  side 2    Res =  0.4075E+02
 MRCHDU: Convergence failed at  35  side 2    Res =  0.4121E+02
 MRCHDU: Convergence failed at  36  side 2    Res =  0.4164E+02
 MRCHDU: Convergence failed at  37  side 2    Res =  0.4204E+02
 MRCHDU: Convergence failed at  38  side 2    Res =  0.4240E+02
 MRCHDU: Convergence failed at  39  side 2    Res =  0.4273E+02
 MRCHDU: Convergence failed at  40  side 2    Res =  0.4301E+02
 MRCHDU: Convergence failed at  41  side 2    Res =  0.4326E+02
 MRCHDU: Convergence failed at  42  side 2    Res =  0.4343E+02
 MRCHDU: Convergence failed at  43  side 2    Res =  0.4398E+02
 MRCHDU: Convergence failed at  44  side 2    Res =  0.4393E+02
 MRCHDU: Convergence failed at  45  side 2    Res =  0.4376E+02
 MRCHDU: Convergence failed at  46  side 2    Res =  0.4346E+02
 MRCHDU: Convergence failed at  47  side 2    Res =  0.4303E+02
 MRCHDU: Convergence failed at  48  side 2    Res =  0.4250E+02
 MRCHDU: Convergence failed at  49  side 2    Res =  0.4188E+02
 MRCHDU: Convergence failed at  50  side 2    Res =  0.4121E+02
 MRCHDU: Convergence failed at  51  side 2    Res =  0.4050E+02
 MRCHDU: Convergence failed at  52  side 2    Res =  0.3974E+02
 MRCHDU: Convergence failed at  53  side 2    Res =  0.3894E+02
 MRCHDU: Convergence failed at  54  side 2    Res =  0.3811E+02
 MRCHDU: Convergence failed at  55  side 2    Res =  0.3722E+02
 MRCHDU: Convergence failed at  56  side 2    Res =  0.3629E+02
 MRCHDU: Convergence failed at  57  side 2    Res =  0.3531E+02
 MRCHDU: Convergence failed at  58  side 2    Res =  0.3430E+02
 MRCHDU: Convergence failed at  59  side 2    Res =  0.3328E+02
 MRCHDU: Convergence failed at  60  side 2    Res =  0.3225E+02
 MRCHDU: Convergence failed at  61  side 2    Res =  0.3124E+02
 MRCHDU: Convergence failed at  62  side 2    Res =  0.3026E+02
 MRCHDU: Convergence failed at  63  side 2    Res =  0.2934E+02
 MRCHDU: Convergence failed at  64  side 2    Res =  0.3745E+02
 MRCHDU: Convergence failed at  65  side 2    Res =  0.2746E+02
 MRCHDU: Convergence failed at  66  side 2    Res =  0.2671E+02
 MRCHDU: Convergence failed at  67  side 2    Res =  0.2602E+02
 MRCHDU: Convergence failed at  68  side 2    Res =  0.5484E+02
 MRCHDU: Convergence failed at  69  side 2    Res =  0.5418E+02
 MRCHDU: Convergence failed at  70  side 2    Res =  0.5362E+02
 MRCHDU: Convergence failed at  71  side 2    Res =  0.5318E+02
 MRCHDU: Convergence failed at  72  side 2    Res =  0.5283E+02
 MRCHDU: Convergence failed at  73  side 2    Res =  0.5261E+02
 MRCHDU: Convergence failed at  74  side 2    Res =  0.5251E+02
 MRCHDU: Convergence failed at  75  side 2    Res =  0.5259E+02
 MRCHDU: Convergence failed at  76  side 2    Res =  0.5297E+02
 MRCHDU: Convergence failed at  77  side 2    Res =  0.3289E+02
 MRCHDU: Convergence failed at  78  side 2    Res =  0.2591E+02
 MRCHDU: Convergence failed at  79  side 2    Res =  0.2672E+02
 MRCHDU: Convergence failed at  80  side 2    Res =  0.2958E+02
 MRCHDU: Convergence failed at  81  side 2    Res =  0.2976E+02
 MRCHDU: Convergence failed at  82  side 2    Res =  0.3018E+02
 MRCHDU: Convergence failed at  83  side 2    Res =  0.3064E+02
 Side 1  free  transition at x/c =  0.4841   42
 Side 2  free  transition at x/c =  0.0332   15

  10   rms: 0.1401E+01   max: 0.3311E+01   D at   27  2   RLX: 0.453
       a =  0.000      CL = -0.6173
      Cm =  0.2079     CD =  0.00590   =>   CDf =  0.00307    CDp =  0.00282

 Side 1  free  transition at x/c =  0.4895   42
 Side 2  free  transition at x/c =  0.0524   16

  11   rms: 0.1067E+01   max: 0.1999E+02   T at   16  2   RLX: 0.075
       a =  0.000      CL = -0.3232
      Cm =  0.0933     CD =  0.06567   =>   CDf =  0.00337    CDp =  0.06229

 Side 1  free  transition at x/c =  0.4906   43
 Side 2  free  transition at x/c =  0.0480   16

  12   rms: 0.8660E+00   max: 0.6788E+01   T at   16  2   RLX: 0.221
       a =  0.000      CL = -0.2349
      Cm =  0.0576     CD =  0.04487   =>   CDf =  0.00330    CDp =  0.04157

 MRCHDU: Convergence failed at  17  side 2    Res =  0.3607E+02
 MRCHDU: Convergence failed at  18  side 2    Res =  0.7677E+02
 Side 1  free  transition at x/c =  0.5000   42
 Side 2  free  transition at x/c =  0.0403   16

  13   rms: 0.8149E+00   max: 0.1435E+02   T at   16  2   RLX: 0.105
       a =  0.000      CL = -0.6101
      Cm =  0.1468     CD =  0.05738   =>   CDf =  0.00322    CDp =  0.05416

 Side 1  free  transition at x/c =  0.5018   42
 Side 2  free  transition at x/c =  0.0344   16

  14   rms: 0.7593E+00   max: 0.5570E+01   T at   17  2   RLX: 0.269
       a =  0.000      CL = -0.4262
      Cm =  0.0974     CD =  0.04257   =>   CDf =  0.00321    CDp =  0.03936

 MRCHDU: Convergence failed at  16  side 2    Res =  0.9226E+02
 MRCHDU: Convergence failed at  17  side 2    Res =  0.4546E-03
 Side 1  free  transition at x/c =  0.5046   42
 Side 2  free  transition at x/c =  0.0327   15

  15   rms: 0.3442E+01   max: 0.1245E+02   T at   17  2   RLX: 0.110
       a =  0.000      CL = -0.9426
      Cm =  0.2197     CD =  0.43826   =>   CDf =  0.00313    CDp =  0.43513

 Side 1  free  transition at x/c =  0.5123   42
 Side 2  free  transition at x/c =  0.0292   16

  16   rms: 0.6390E+00   max: -.9205E+00   D at   97  2   RLX: 0.365
       a =  0.000      CL = -0.3737
      Cm =  0.0796     CD =  0.02782   =>   CDf =  0.00319    CDp =  0.02463

 Side 1  free  transition at x/c =  0.5104   42
 Side 2  free  transition at x/c =  0.0290   16

  17   rms: 0.5399E+00   max: -.1195E+01   D at   54  2   RLX: 0.419
       a =  0.000      CL = -0.0702
      Cm =  0.0174     CD =  0.02440   =>   CDf =  0.00331    CDp =  0.02109

 Side 1  free  transition at x/c =  0.5071   43
 Side 2  free  transition at x/c =  0.0291   15

  18   rms: 0.4921E+00   max: -.1434E+01   D at   73  2   RLX: 0.349
       a =  0.000      CL =  0.0754
      Cm = -0.0112     CD =  0.02175   =>   CDf =  0.00347    CDp =  0.01828

 Side 1  free  transition at x/c =  0.5047   43
 Side 2  free  transition at x/c =  0.0299   14

  19   rms: 0.1397E+01   max: 0.1775E+02   D at    2  1   RLX: 0.059
       a =  0.000      CL =  0.0683
      Cm = -0.0102     CD =  0.02169   =>   CDf =  0.00366    CDp =  0.01803

 Side 1  free  transition at x/c =  0.5044   42
 Side 2  free  transition at x/c =  0.0297   15

  20   rms: 0.6237E+00   max: -.2495E+01   D at   76  2   RLX: 0.200
       a =  0.000      CL =  0.0815
      Cm = -0.0143     CD =  0.01953   =>   CDf =  0.00392    CDp =  0.01561

 MRCHDU: Convergence failed at  55  side 2    Res =  0.2357E+00
 MRCHDU: Convergence failed at  86  side 2    Res =  0.2484E-01
 Side 1  free  transition at x/c =  0.5046   42
 Side 2  free  transition at x/c =  0.0286   15

  21   rms: 0.2954E+00   max: -.9005E+00   D at   80  2   RLX: 0.555
       a =  0.000      CL =  0.1870
      Cm = -0.0176     CD =  0.01932   =>   CDf =  0.00475    CDp =  0.01457

 Side 1  free  transition at x/c =  0.5027   43
 Side 2  free  transition at x/c =  0.0302   14

  22   rms: 0.1786E+00   max: -.5374E+00   D at   83  2   RLX: 0.911
       a =  0.000      CL =  0.2805
      Cm = -0.0220     CD =  0.01919   =>   CDf =  0.00484    CDp =  0.01434

 Side 1  free  transition at x/c =  0.5005   43
 Side 2  free  transition at x/c =  0.0311   14

  23   rms: 0.4988E-01   max: -.3994E+00   D at   14  2
       a =  0.000      CL =  0.2893
      Cm = -0.0218     CD =  0.01918   =>   CDf =  0.00523    CDp =  0.01395

 Side 1  free  transition at x/c =  0.5003   43
 Side 2  free  transition at x/c =  0.0343   15

  24   rms: 0.1709E+00   max: 0.8116E+00   D at   24  2
       a =  0.000      CL =  0.2932
      Cm = -0.0204     CD =  0.01696   =>   CDf =  0.00609    CDp =  0.01087

 MRCHDU: Convergence failed at  15  side 2    Res =  0.2051E+02
 MRCHDU: Convergence failed at  16  side 2    Res =  0.6100E+03
 MRCHDU: Convergence failed at  17  side 2    Res =  0.1508E+03
 MRCHDU: Convergence failed at  18  side 2    Res =  0.1193E+03
 MRCHDU: Convergence failed at  19  side 2    Res =  0.1175E+03
 MRCHDU: Convergence failed at  20  side 2    Res =  0.2342E+03
 MRCHDU: Convergence failed at  21  side 2    Res =  0.6090E+03
 MRCHDU: Convergence failed at  22  side 2    Res =  0.2004E+03
 MRCHDU: Convergence failed at  23  side 2    Res =  0.7201E+03
 MRCHDU: Convergence failed at  24  side 2    Res =  0.8434E+03
 MRCHDU: Convergence failed at  25  side 2    Res =  0.1451E+04
 MRCHDU: Convergence failed at  26  side 2    Res =  0.1718E+04
 MRCHDU: Convergence failed at  27  side 2    Res =  0.1989E+04
 MRCHDU: Convergence failed at  28  side 2    Res =  0.2195E+04
 MRCHDU: Convergence failed at  29  side 2    Res =  0.2327E+04
 MRCHDU: Convergence failed at  30  side 2    Res =  0.2471E+03
 MRCHDU: Convergence failed at  31  side 2    Res =  0.4667E+03
 MRCHDU: Convergence failed at  32  side 2    Res =  0.4667E+03
 MRCHDU: Convergence failed at  33  side 2    Res =  0.4631E+03
 MRCHDU: Convergence failed at  34  side 2    Res =  0.4550E+03
 MRCHDU: Convergence failed at  35  side 2    Res =  0.4435E+03
 MRCHDU: Convergence failed at  36  side 2    Res =  0.2875E+03
 MRCHDU: Convergence failed at  37  side 2    Res =  0.2955E+03
 MRCHDU: Convergence failed at  38  side 2    Res =  0.2878E+03
 MRCHDU: Convergence failed at  39  side 2    Res =  0.2470E+03
 MRCHDU: Convergence failed at  40  side 2    Res =  0.2393E+03
 MRCHDU: Convergence failed at  41  side 2    Res =  0.2305E+03
 MRCHDU: Convergence failed at  42  side 2    Res =  0.2209E+03
 MRCHDU: Convergence failed at  43  side 2    Res =  0.1761E+03
 MRCHDU: Convergence failed at  44  side 2    Res =  0.1701E+03
 MRCHDU: Convergence failed at  45  side 2    Res =  0.1648E+03
 MRCHDU: Convergence failed at  46  side 2    Res =  0.1595E+03
 MRCHDU: Convergence failed at  47  side 2    Res =  0.1545E+03
 MRCHDU: Convergence failed at  48  side 2    Res =  0.1655E+03
 MRCHDU: Convergence failed at  49  side 2    Res =  0.1604E+03
 MRCHDU: Convergence failed at  50  side 2    Res =  0.1558E+03
 MRCHDU: Convergence failed at  51  side 2    Res =  0.1514E+03
 MRCHDU: Convergence failed at  52  side 2    Res =  0.1469E+03
 MRCHDU: Convergence failed at  53  side 2    Res =  0.1429E+03
 MRCHDU: Convergence failed at  54  side 2    Res =  0.2757E+03
 MRCHDU: Convergence failed at  55  side 2    Res =  0.2745E+03
 MRCHDU: Convergence failed at  56  side 2    Res =  0.2721E+03
 MRCHDU: Convergence failed at  57  side 2    Res =  0.2684E+03
 MRCHDU: Convergence failed at  58  side 2    Res =  0.2638E+03
 MRCHDU: Convergence failed at  59  side 2    Res =  0.2582E+03
 MRCHDU: Convergence failed at  60  side 2    Res =  0.2519E+03
 MRCHDU: Convergence failed at  61  side 2    Res =  0.2453E+03
 MRCHDU: Convergence failed at  62  side 2    Res =  0.2385E+03
 MRCHDU: Convergence failed at  63  side 2    Res =  0.2316E+03
 MRCHDU: Convergence failed at  64  side 2    Res =  0.2246E+03
 MRCHDU: Convergence failed at  65  side 2    Res =  0.2173E+03
 MRCHDU: Convergence failed at  66  side 2    Res =  0.2098E+03
 MRCHDU: Convergence failed at  67  side 2    Res =  0.2020E+03
 MRCHDU: Convergence failed at  68  side 2    Res =  0.1941E+03
 MRCHDU: Convergence failed at  69  side 2    Res =  0.1862E+03
 MRCHDU: Convergence failed at  70  side 2    Res =  0.1792E+03
 MRCHDU: Convergence failed at  71  side 2    Res =  0.1738E+03
 MRCHDU: Convergence failed at  72  side 2    Res =  0.1704E+03
 MRCHDU: Convergence failed at  73  side 2    Res =  0.1695E+03
 MRCHDU: Convergence failed at  74  side 2    Res =  0.1717E+03
 MRCHDU: Convergence failed at  75  side 2    Res =  0.1780E+03
 MRCHDU: Convergence failed at  76  side 2    Res =  0.1871E+03
 MRCHDU: Convergence failed at  77  side 2    Res =  0.1913E+03
 MRCHDU: Convergence failed at  78  side 2    Res =  0.1997E+03
 MRCHDU: Convergence failed at  79  side 2    Res =  0.1964E+03
 MRCHDU: Convergence failed at  80  side 2    Res =  0.2125E+05
 MRCHDU: Convergence failed at  81  side 2    Res =  0.1565E+03
 MRCHDU: Convergence failed at  82  side 2    Res =  0.1794E+03
 MRCHDU: Convergence failed at  83  side 2    Res =  0.2251E+03
 Side 1  free  transition at x/c =  0.5010   43
 Side 2  free  transition at x/c =  0.0313   14

  25   rms: 0.7829E+00   max: 0.4022E+01   D at   87  2   RLX: 0.373
       a =  0.000      CL = -0.2971
      Cm =  0.1252     CD =  0.00883   =>   CDf =  0.00305    CDp =  0.00578

 Side 1  free  transition at x/c =  0.5011   43
 Side 2  free  transition at x/c =  0.0309   14

  26   rms: 0.1010E+01   max: -.3973E+01   C at  103  2   RLX: 0.126
       a =  0.000      CL = -0.1899
      Cm =  0.0832     CD =  0.06963   =>   CDf =  0.00323    CDp =  0.06640

 Side 1  free  transition at x/c =  0.5055   44
 Side 2  free  transition at x/c =  0.0295   14

  27   rms: 0.9249E+00   max: -.3748E+01   C at  105  2   RLX: 0.133
       a =  0.000      CL = -0.2032
      Cm =  0.0815     CD =  0.07700   =>   CDf =  0.00327    CDp =  0.07374

 Side 1  free  transition at x/c =  0.5111   44
 Side 2  free  transition at x/c =  0.0269   14

  28   rms: 0.9096E+00   max: 0.3736E+01   T at   14  2   RLX: 0.135
       a =  0.000      CL = -0.2044
      Cm =  0.0775     CD =  0.08405   =>   CDf =  0.00323    CDp =  0.08082

 Side 1  free  transition at x/c =  0.5144   44
 Side 2  free  transition at x/c =  0.0249   14

  29   rms: 0.8831E+00   max: -.3640E+01   C at  106  2   RLX: 0.137
       a =  0.000      CL = -0.1912
      Cm =  0.0704     CD =  0.08881   =>   CDf =  0.00318    CDp =  0.08563

 Side 1  free  transition at x/c =  0.5170   43
 Side 2  free  transition at x/c =  0.0237   15

  30   rms: 0.9245E+00   max: 0.4170E+01   T at    2  2   RLX: 0.146
       a =  0.000      CL = -0.1837
      Cm =  0.0637     CD =  0.09144   =>   CDf =  0.00326    CDp =  0.08818

 Side 1  free  transition at x/c =  0.5191   43
 Side 2  free  transition at x/c =  0.0231   15

  31   rms: 0.1080E+01   max: 0.4273E+01   T at   17  2   RLX: 0.141
       a =  0.000      CL = -0.2031
      Cm =  0.0629     CD =  0.10594   =>   CDf =  0.00331    CDp =  0.10262

 Side 1  free  transition at x/c =  0.5237   44
 Side 2  free  transition at x/c =  0.0231   15

  32   rms: 0.8433E+01   max: 0.6874E+02   T at   15  2   RLX: 0.022
       a =  0.000      CL = -0.1892
      Cm =  0.0583     CD =  0.17164   =>   CDf =  0.00327    CDp =  0.16837

 MRCHDU: Convergence failed at  17  side 2    Res =  0.1016E+02
 Side 1  free  transition at x/c =  0.5222   44
 Side 2  free  transition at x/c =  0.0228   14

  33   rms: 0.1035E+01   max: 0.5903E+01   D at   15  2   RLX: 0.150
       a =  0.000      CL =  0.1077
      Cm = -0.0462     CD =  0.06706   =>   CDf =  0.00351    CDp =  0.06354

 Side 1  free  transition at x/c =  0.5224   44
 Side 2  free  transition at x/c =  0.0228   14

  34   rms: 0.1130E+01   max: -.3975E+01   D at  100  2   RLX: 0.126
       a =  0.000      CL =  0.0685
      Cm = -0.0440     CD =  0.05482   =>   CDf =  0.00331    CDp =  0.05151

 Side 1  free  transition at x/c =  0.5234   43
 Side 2  free  transition at x/c =  0.0228   15

  35   rms: 0.2636E+02   max: -.9181E+02   D at   22  2   RLX: 0.005
       a =  0.000      CL =  0.0329
      Cm = -0.0528     CD =  0.05089   =>   CDf =  0.00330    CDp =  0.04759

 MRCHDU: Convergence failed at  21  side 2    Res =  0.4751E+01
 MRCHDU: Convergence failed at  22  side 2    Res =  0.1602E+01
 MRCHDU: Convergence failed at  23  side 2    Res =  0.2697E+01
 MRCHDU: Convergence failed at  24  side 2    Res =  0.1164E+01
 MRCHDU: Convergence failed at  25  side 2    Res =  0.2248E+01
 MRCHDU: Convergence failed at  26  side 2    Res =  0.9120E+00
 MRCHDU: Convergence failed at  27  side 2    Res =  0.2364E+01
 MRCHDU: Convergence failed at  28  side 2    Res =  0.1049E+01
 MRCHDU: Convergence failed at  29  side 2    Res =  0.1054E+01
 MRCHDU: Convergence failed at  31  side 2    Res =  0.2108E+02
 MRCHDU: Convergence failed at  32  side 2    Res =  0.1408E+02
 MRCHDU: Convergence failed at  33  side 2    Res =  0.1761E+02
 MRCHDU: Convergence failed at  34  side 2    Res =  0.2397E+02
 MRCHDU: Convergence failed at  35  side 2    Res =  0.4221E+02
 MRCHDU: Convergence failed at  36  side 2    Res =  0.9284E+02
 MRCHDU: Convergence failed at  37  side 2    Res =  0.2231E+03
 MRCHDU: Convergence failed at  38  side 2    Res =  0.4363E+02
 MRCHDU: Convergence failed at  39  side 2    Res =  0.2278E+02
 MRCHDU: Convergence failed at  40  side 2    Res =  0.1578E+02
 MRCHDU: Convergence failed at  41  side 2    Res =  0.1434E+02
 MRCHDU: Convergence failed at  42  side 2    Res =  0.1632E+02
 MRCHDU: Convergence failed at  43  side 2    Res =  0.1854E+02
 MRCHDU: Convergence failed at  44  side 2    Res =  0.2230E+02
 MRCHDU: Convergence failed at  45  side 2    Res =  0.3028E+02
 MRCHDU: Convergence failed at  46  side 2    Res =  0.4762E+02
 MRCHDU: Convergence failed at  47  side 2    Res =  0.1161E+03
 MRCHDU: Convergence failed at  48  side 2    Res =  0.2144E+03
 MRCHDU: Convergence failed at  49  side 2    Res =  0.5779E+02
 MRCHDU: Convergence failed at  50  side 2    Res =  0.3526E+02
 MRCHDU: Convergence failed at  51  side 2    Res =  0.2361E+02
 MRCHDU: Convergence failed at  52  side 2    Res =  0.1694E+02
 MRCHDU: Convergence failed at  53  side 2    Res =  0.1317E+02
 MRCHDU: Convergence failed at  54  side 2    Res =  0.1471E+02
 MRCHDU: Convergence failed at  55  side 2    Res =  0.1703E+02
 MRCHDU: Convergence failed at  56  side 2    Res =  0.2028E+02
 MRCHDU: Convergence failed at  57  side 2    Res =  0.2462E+02
 MRCHDU: Convergence failed at  58  side 2    Res =  0.3279E+02
 MRCHDU: Convergence failed at  59  side 2    Res =  0.5892E+02
 MRCHDU: Convergence failed at  60  side 2    Res =  0.2477E+04
 MRCHDU: Convergence failed at  61  side 2    Res =  0.5719E+02
 MRCHDU: Convergence failed at  62  side 2    Res =  0.2643E+02
 MRCHDU: Convergence failed at  63  side 2    Res =  0.1698E+02
 MRCHDU: Convergence failed at  64  side 2    Res =  0.1320E+02
 MRCHDU: Convergence failed at  65  side 2    Res =  0.1132E+02
 MRCHDU: Convergence failed at  66  side 2    Res =  0.1315E+02
 MRCHDU: Convergence failed at  67  side 2    Res =  0.1635E+02
 MRCHDU: Convergence failed at  68  side 2    Res =  0.2363E+02
 MRCHDU: Convergence failed at  69  side 2    Res =  0.3986E+02
 MRCHDU: Convergence failed at  70  side 2    Res =  0.8742E+02
 MRCHDU: Convergence failed at  71  side 2    Res =  0.1545E+02
 MRCHDU: Convergence failed at  72  side 2    Res =  0.6968E+01
 MRCHDU: Convergence failed at  73  side 2    Res =  0.4578E+01
 MRCHDU: Convergence failed at  74  side 2    Res =  0.4086E+02
 MRCHDU: Convergence failed at  87  side 2    Res =  0.3739E-03
 Side 1  free  transition at x/c =  0.5266   43
 Side 2  free  transition at x/c =  0.0226   15

  36   rms: 0.1904E+01   max: 0.1399E+02   D at   88  2   RLX: 0.107
       a =  0.000      CL = -0.8645
      Cm =  0.2232     CD =  0.03049   =>   CDf =  0.00429    CDp =  0.02620

 Side 1  free  transition at x/c =  0.5266   43
 Side 2  free  transition at x/c =  0.0227   15

  37   rms: 0.1456E+01   max: 0.9191E+01   D at   88  2   RLX: 0.163
       a =  0.000      CL = -0.4800
      Cm =  0.1184     CD =  0.05702   =>   CDf =  0.00447    CDp =  0.05255

 Side 1  free  transition at x/c =  0.5247   43
 Side 2  free  transition at x/c =  0.0225   15

  38   rms: 0.8047E+00   max: 0.4013E+01   D at   92  2   RLX: 0.304
       a =  0.000      CL = -0.2586
      Cm =  0.0819     CD =  0.05890   =>   CDf =  0.00448    CDp =  0.05442

 MRCHDU: Convergence failed at  92  side 2    Res =  0.1206E+01
 MRCHDU: Convergence failed at  93  side 2    Res =  0.1152E+01
 MRCHDU: Convergence failed at  94  side 2    Res =  0.1041E+01
 MRCHDU: Convergence failed at  95  side 2    Res =  0.1537E+01
 MRCHDU: Convergence failed at  96  side 2    Res =  0.2283E+01
 MRCHDU: Convergence failed at  97  side 2    Res =  0.6526E+01
 MRCHDU: Convergence failed at  98  side 2    Res =  0.7773E+01
 MRCHDU: Convergence failed at  99  side 2    Res =  0.2827E+01
 MRCHDU: Convergence failed at 100  side 2    Res =  0.1588E+01
 Side 1  free  transition at x/c =  0.5236   43
 Side 2  free  transition at x/c =  0.0228   15

  39   rms: 0.9932E+00   max: -.3988E+01   D at   36  2   RLX: 0.125
       a =  0.000      CL = -0.2142
      Cm =  0.0780     CD =  0.05017   =>   CDf =  0.00430    CDp =  0.04587

 Side 1  free  transition at x/c =  0.5218   44
 Side 2  free  transition at x/c =  0.0228   14

  40   rms: 0.9612E+00   max: -.1284E+02   D at    2  1   RLX: 0.039
       a =  0.000      CL = -0.1961
      Cm =  0.0751     CD =  0.04551   =>   CDf =  0.00433    CDp =  0.04118

 Side 1  free  transition at x/c =  0.5213   44
 Side 2  free  transition at x/c =  0.0228   14

  41   rms: 0.5476E+00   max: -.1818E+01   D at   49  2   RLX: 0.239
       a =  0.000      CL = -0.0667
      Cm =  0.0524     CD =  0.04443   =>   CDf =  0.00438    CDp =  0.04006

 MRCHDU: Convergence failed at  29  side 2    Res =  0.1614E+00
 MRCHDU: Convergence failed at  45  side 2    Res =  0.2482E+01
 MRCHDU: Convergence failed at  46  side 2    Res =  0.1944E+01
 MRCHDU: Convergence failed at  47  side 2    Res =  0.1158E+01
 MRCHDU: Convergence failed at  48  side 2    Res =  0.3167E+01
 Side 1  free  transition at x/c =  0.5180   43
 Side 2  free  transition at x/c =  0.0229   14

  42   rms: 0.4686E+00   max: -.1147E+01   D at   45  2   RLX: 0.436
       a =  0.000      CL =  0.1454
      Cm =  0.0072     CD =  0.03932   =>   CDf =  0.00454    CDp =  0.03479

 MRCHDU: Convergence failed at  65  side 2    Res =  0.3221E+01
 MRCHDU: Convergence failed at  66  side 2    Res =  0.3438E+01
 MRCHDU: Convergence failed at  67  side 2    Res =  0.1291E+01
 MRCHDU: Convergence failed at  69  side 2    Res =  0.1977E+01
 Side 1  free  transition at x/c =  0.5098   44
 Side 2  free  transition at x/c =  0.0279   14

  43   rms: 0.5728E+00   max: -.3442E+01   D at   61  2   RLX: 0.145
       a =  0.000      CL =  0.2103
      Cm = -0.0115     CD =  0.02488   =>   CDf =  0.00611    CDp =  0.01876

 Side 1  free  transition at x/c =  0.5084   44
 Side 2  free  transition at x/c =  0.0277   14

  44   rms: 0.1300E+01   max: -.7773E+01   D at   61  2   RLX: 0.064
       a =  0.000      CL =  0.2212
      Cm = -0.0136     CD =  0.02314   =>   CDf =  0.00617    CDp =  0.01697

 Side 1  free  transition at x/c =  0.5079   44
 Side 2  free  transition at x/c =  0.0278   14

  45   rms: 0.1125E+02   max: 0.7014E+02   D at   54  2   RLX: 0.020
       a =  0.000      CL =  0.2179
      Cm = -0.0114     CD =  0.02262   =>   CDf =  0.00630    CDp =  0.01631

 Side 1  free  transition at x/c =  0.5078   44
 Side 2  free  transition at x/c =  0.0278   14

  46   rms: 0.5318E+00   max: 0.2729E+01   D at   15  2   RLX: 0.234
       a =  0.000      CL =  0.2646
      Cm = -0.0220     CD =  0.02058   =>   CDf =  0.00578    CDp =  0.01479

 Side 1  free  transition at x/c =  0.5061   44
 Side 2  free  transition at x/c =  0.0283   14

  47   rms: 0.2621E+01   max: -.1839E+02   D at   54  2   RLX: 0.027
       a =  0.000      CL =  0.2697
      Cm = -0.0231     CD =  0.01974   =>   CDf =  0.00574    CDp =  0.01400

 Side 1  free  transition at x/c =  0.5058   44
 Side 2  free  transition at x/c =  0.0284   14

  48   rms: 0.7168E+00   max: -.4072E+01   D at   55  2   RLX: 0.123
       a =  0.000      CL =  0.2854
      Cm = -0.0258     CD =  0.01897   =>   CDf =  0.00593    CDp =  0.01304

 MRCHDU: Convergence failed at  51  side 2    Res =  0.4418E+00
 Side 1  free  transition at x/c =  0.5049   44
 Side 2  free  transition at x/c =  0.0287   14

  49   rms: 0.5516E+00   max: 0.2507E+01   T at   56  2   RLX: 0.264
       a =  0.000      CL =  0.3022
      Cm = -0.0270     CD =  0.01680   =>   CDf =  0.00612    CDp =  0.01068

 MRCHDU: Convergence failed at  56  side 2    Res =  0.9471E+01
 Side 1  free  transition at x/c =  0.5032   43
 Side 2  free  transition at x/c =  0.0298   14

  50   rms: 0.6009E+00   max: 0.2215E+01   D at   17  2   RLX: 0.382
       a =  0.000      CL =  0.3189
      Cm = -0.0305     CD =  0.01579   =>   CDf =  0.00597    CDp =  0.00982

 Side 1  free  transition at x/c =  0.5017   43
 Side 2  free  transition at x/c =  0.0338   15

  51   rms: 0.9332E+00   max: -.8267E+01   T at   15  2   RLX: 0.060
       a =  0.000      CL =  0.3326
      Cm = -0.0341     CD =  0.01557   =>   CDf =  0.00585    CDp =  0.00972

 MRCHDU: Convergence failed at  17  side 2    Res =  0.1009E+05
 MRCHDU: Convergence failed at  18  side 2    Res =  0.3025E+01
 MRCHDU: Convergence failed at  19  side 2    Res =  0.9743E+01
 MRCHDU: Convergence failed at  20  side 2    Res =  0.1601E+02
 MRCHDU: Convergence failed at  21  side 2    Res =  0.1687E+02
 MRCHDU: Convergence failed at  22  side 2    Res =  0.1722E+02
 MRCHDU: Convergence failed at  23  side 2    Res =  0.1984E+02
 MRCHDU: Convergence failed at  24  side 2    Res =  0.2126E+02
 MRCHDU: Convergence failed at  25  side 2    Res =  0.2235E+02
 MRCHDU: Convergence failed at  26  side 2    Res =  0.2473E+02
 MRCHDU: Convergence failed at  27  side 2    Res =  0.2569E+02
 MRCHDU: Convergence failed at  28  side 2    Res =  0.2536E+02
 MRCHDU: Convergence failed at  29  side 2    Res =  0.2551E+02
 MRCHDU: Convergence failed at  30  side 2    Res =  0.2838E+02
 MRCHDU: Convergence failed at  31  side 2    Res =  0.3449E+02
 MRCHDU: Convergence failed at  32  side 2    Res =  0.4530E+02
 MRCHDU: Convergence failed at  33  side 2    Res =  0.6840E+02
 MRCHDU: Convergence failed at  34  side 2    Res =  0.1110E+03
 MRCHDU: Convergence failed at  35  side 2    Res =  0.1054E+03
 MRCHDU: Convergence failed at  36  side 2    Res =  0.1336E+03
 MRCHDU: Convergence failed at  37  side 2    Res =  0.6365E+04
 MRCHDU: Convergence failed at  38  side 2    Res =  0.1191E+03
 MRCHDU: Convergence failed at  39  side 2    Res =  0.5809E+02
 MRCHDU: Convergence failed at  40  side 2    Res =  0.3827E+02
 MRCHDU: Convergence failed at  41  side 2    Res =  0.2830E+02
 MRCHDU: Convergence failed at  42  side 2    Res =  0.2279E+02
 MRCHDU: Convergence failed at  43  side 2    Res =  0.1905E+02
 MRCHDU: Convergence failed at  44  side 2    Res =  0.1590E+02
 MRCHDU: Convergence failed at  45  side 2    Res =  0.1349E+02
 MRCHDU: Convergence failed at  46  side 2    Res =  0.1153E+02
 MRCHDU: Convergence failed at  47  side 2    Res =  0.1008E+02
 MRCHDU: Convergence failed at  48  side 2    Res =  0.1051E+02
 MRCHDU: Convergence failed at  49  side 2    Res =  0.9178E+02
 MRCHDU: Convergence failed at  50  side 2    Res =  0.8026E+01
 MRCHDU: Convergence failed at  51  side 2    Res =  0.6877E+01
 MRCHDU: Convergence failed at  52  side 2    Res =  0.1040E+02
 MRCHDU: Convergence failed at  53  side 2    Res =  0.1463E+02
 MRCHDU: Convergence failed at  54  side 2    Res =  0.2995E+02
 MRCHDU: Convergence failed at  55  side 2    Res =  0.9939E+01
 MRCHDU: Convergence failed at  56  side 2    Res =  0.1803E+02
 MRCHDU: Convergence failed at  57  side 2    Res =  0.2332E+02
 MRCHDU: Convergence failed at  58  side 2    Res =  0.1449E+02
 MRCHDU: Convergence failed at  59  side 2    Res =  0.4529E+02
 MRCHDU: Convergence failed at  60  side 2    Res =  0.1071E+02
 MRCHDU: Convergence failed at  61  side 2    Res =  0.5868E+01
 MRCHDU: Convergence failed at  62  side 2    Res =  0.3955E+01
 MRCHDU: Convergence failed at  63  side 2    Res =  0.5877E+01
 MRCHDU: Convergence failed at  64  side 2    Res =  0.7708E+01
 MRCHDU: Convergence failed at  65  side 2    Res =  0.1205E+02
 MRCHDU: Convergence failed at  66  side 2    Res =  0.1329E+02
 MRCHDU: Convergence failed at  67  side 2    Res =  0.1415E+02
 MRCHDU: Convergence failed at  68  side 2    Res =  0.2151E+02
 MRCHDU: Convergence failed at  69  side 2    Res =  0.2183E+02
 MRCHDU: Convergence failed at  70  side 2    Res =  0.2184E+02
 MRCHDU: Convergence failed at  71  side 2    Res =  0.2220E+02
 MRCHDU: Convergence failed at  72  side 2    Res =  0.8056E+01
 MRCHDU: Convergence failed at  73  side 2    Res =  0.4676E+01
 MRCHDU: Convergence failed at  74  side 2    Res =  0.1584E+02
 MRCHDU: Convergence failed at  75  side 2    Res =  0.1933E+02
 MRCHDU: Convergence failed at  76  side 2    Res =  0.2933E+01
 Side 1  free  transition at x/c =  0.5015   43
 Side 2  free  transition at x/c =  0.0363   15

  52   rms: 0.7443E+00   max: 0.7364E+01   T at   15  2   RLX: 0.204
       a =  0.000      CL = -0.0600
      Cm =  0.0497     CD =  0.01687   =>   CDf =  0.00333    CDp =  0.01355

 MRCHDU: Convergence failed at  15  side 2    Res =  0.3167E+02
 MRCHDU: Convergence failed at  16  side 2    Res =  0.1499E+03
 MRCHDU: Convergence failed at  17  side 2    Res =  0.1709E+02
 MRCHDU: Convergence failed at  18  side 2    Res =  0.2756E+02
 MRCHDU: Convergence failed at  19  side 2    Res =  0.4451E+02
 MRCHDU: Convergence failed at  20  side 2    Res =  0.1471E+02
 MRCHDU: Convergence failed at  21  side 2    Res =  0.6031E+02
 MRCHDU: Convergence failed at  22  side 2    Res =  0.7503E+02
 MRCHDU: Convergence failed at  23  side 2    Res =  0.3587E+02
 MRCHDU: Convergence failed at  24  side 2    Res =  0.3018E+02
 MRCHDU: Convergence failed at  25  side 2    Res =  0.2946E+02
 MRCHDU: Convergence failed at  26  side 2    Res =  0.2992E+02
 MRCHDU: Convergence failed at  27  side 2    Res =  0.3035E+02
 MRCHDU: Convergence failed at  28  side 2    Res =  0.3137E+02
 MRCHDU: Convergence failed at  29  side 2    Res =  0.3071E+02
 MRCHDU: Convergence failed at  30  side 2    Res =  0.2975E+02
 MRCHDU: Convergence failed at  31  side 2    Res =  0.2871E+02
 MRCHDU: Convergence failed at  32  side 2    Res =  0.2772E+02
 MRCHDU: Convergence failed at  33  side 2    Res =  0.2685E+02
 MRCHDU: Convergence failed at  34  side 2    Res =  0.2617E+02
 MRCHDU: Convergence failed at  35  side 2    Res =  0.2568E+02
 MRCHDU: Convergence failed at  36  side 2    Res =  0.2540E+02
 MRCHDU: Convergence failed at  37  side 2    Res =  0.2529E+02
 MRCHDU: Convergence failed at  38  side 2    Res =  0.2536E+02
 MRCHDU: Convergence failed at  39  side 2    Res =  0.2562E+02
 MRCHDU: Convergence failed at  40  side 2    Res =  0.2610E+02
 MRCHDU: Convergence failed at  41  side 2    Res =  0.2684E+02
 MRCHDU: Convergence failed at  42  side 2    Res =  0.2781E+02
 MRCHDU: Convergence failed at  43  side 2    Res =  0.3109E+02
 MRCHDU: Convergence failed at  44  side 2    Res =  0.3268E+02
 MRCHDU: Convergence failed at  45  side 2    Res =  0.3620E+02
 MRCHDU: Convergence failed at  46  side 2    Res =  0.3818E+02
 MRCHDU: Convergence failed at  47  side 2    Res =  0.4004E+02
 MRCHDU: Convergence failed at  48  side 2    Res =  0.4372E+02
 MRCHDU: Convergence failed at  49  side 2    Res =  0.4510E+02
 MRCHDU: Convergence failed at  50  side 2    Res =  0.4718E+02
 MRCHDU: Convergence failed at  51  side 2    Res =  0.4728E+02
 MRCHDU: Convergence failed at  52  side 2    Res =  0.4742E+02
 MRCHDU: Convergence failed at  53  side 2    Res =  0.4766E+02
 MRCHDU: Convergence failed at  54  side 2    Res =  0.4733E+02
 MRCHDU: Convergence failed at  55  side 2    Res =  0.4616E+02
 MRCHDU: Convergence failed at  56  side 2    Res =  0.4474E+02
 MRCHDU: Convergence failed at  57  side 2    Res =  0.4321E+02
 MRCHDU: Convergence failed at  58  side 2    Res =  0.4010E+02
 MRCHDU: Convergence failed at  59  side 2    Res =  0.3877E+02
 MRCHDU: Convergence failed at  60  side 2    Res =  0.3760E+02
 MRCHDU: Convergence failed at  61  side 2    Res =  0.3397E+02
 MRCHDU: Convergence failed at  62  side 2    Res =  0.8184E+02
 MRCHDU: Convergence failed at  63  side 2    Res =  0.8854E+02
 MRCHDU: Convergence failed at  64  side 2    Res =  0.9623E+02
 MRCHDU: Convergence failed at  65  side 2    Res =  0.1064E+03
 MRCHDU: Convergence failed at  66  side 2    Res =  0.1221E+03
 MRCHDU: Convergence failed at  67  side 2    Res =  0.1501E+03
 MRCHDU: Convergence failed at  68  side 2    Res =  0.1538E+03
 MRCHDU: Convergence failed at  69  side 2    Res =  0.8320E+02
 MRCHDU: Convergence failed at  70  side 2    Res =  0.6093E+02
 MRCHDU: Convergence failed at  71  side 2    Res =  0.5149E+02
 MRCHDU: Convergence failed at  72  side 2    Res =  0.7270E+02
 MRCHDU: Convergence failed at  73  side 2    Res =  0.7014E+02
 MRCHDU: Convergence failed at  74  side 2    Res =  0.6773E+02
 MRCHDU: Convergence failed at  75  side 2    Res =  0.8159E+02
 MRCHDU: Convergence failed at  76  side 2    Res =  0.4761E+02
 MRCHDU: Convergence failed at  77  side 2    Res =  0.5905E+02
 MRCHDU: Convergence failed at  78  side 2    Res =  0.1132E+03
 MRCHDU: Convergence failed at  79  side 2    Res =  0.3721E+03
 MRCHDU: Convergence failed at  80  side 2    Res =  0.4135E+02
 MRCHDU: Convergence failed at  81  side 2    Res =  0.3355E+02
 MRCHDU: Convergence failed at  82  side 2    Res =  0.9615E+02
 MRCHDU: Convergence failed at  83  side 2    Res =  0.5409E+02
 Side 1  free  transition at x/c =  0.5024   43
 Side 2  free  transition at x/c =  0.0326   14

  53   rms: 0.1050E+01   max: 0.7621E+01   T at   14  2   RLX: 0.086
       a =  0.000      CL = -0.7418
      Cm =  0.2351     CD =  0.00581   =>   CDf =  0.00309    CDp =  0.00272

 Side 1  free  transition at x/c =  0.5023   43
 Side 2  free  transition at x/c =  0.0332   15

  54   rms: 0.1515E+01   max: 0.1510E+02   T at   15  2   RLX: 0.099
       a =  0.000      CL = -0.4151
      Cm =  0.1276     CD =  0.07395   =>   CDf =  0.00333    CDp =  0.07063

 Side 1  free  transition at x/c =  0.5047   43
 Side 2  free  transition at x/c =  0.0327   14

  55   rms: 0.1657E+01   max: 0.6769E+01   T at   15  2   RLX: 0.147
       a =  0.000      CL = -0.3416
      Cm =  0.0958     CD =  0.10443   =>   CDf =  0.00328    CDp =  0.10114

 Side 1  free  transition at x/c =  0.5094   43
 Side 2  free  transition at x/c =  0.0326   15

  56   rms: 0.2074E+01   max: 0.7851E+01   T at   16  2   RLX: 0.191
       a =  0.000      CL = -0.3322
      Cm =  0.0523     CD =  0.09400   =>   CDf =  0.00319    CDp =  0.09081

 MRCHDU: Convergence failed at  17  side 2    Res =  0.3947E+02
 MRCHDU: Convergence failed at  18  side 2    Res =  0.7369E+02
 MRCHDU: Convergence failed at  19  side 2    Res =  0.2002E+02
 MRCHDU: Convergence failed at  20  side 2    Res =  0.5926E+02
 MRCHDU: Convergence failed at  21  side 2    Res =  0.5165E+02
 MRCHDU: Convergence failed at  22  side 2    Res =  0.3872E+02
 MRCHDU: Convergence failed at  23  side 2    Res =  0.8902E+02
 MRCHDU: Convergence failed at  24  side 2    Res =  0.1588E+03
 MRCHDU: Convergence failed at  25  side 2    Res =  0.3981E+02
 MRCHDU: Convergence failed at  26  side 2    Res =  0.6095E+02
 MRCHDU: Convergence failed at  27  side 2    Res =  0.2994E+03
 MRCHDU: Convergence failed at  28  side 2    Res =  0.7389E+02
 MRCHDU: Convergence failed at  29  side 2    Res =  0.3433E+02
 MRCHDU: Convergence failed at  30  side 2    Res =  0.4750E+02
 MRCHDU: Convergence failed at  31  side 2    Res =  0.8282E+02
 MRCHDU: Convergence failed at  32  side 2    Res =  0.2433E+03
 MRCHDU: Convergence failed at  33  side 2    Res =  0.2830E+03
 MRCHDU: Convergence failed at  34  side 2    Res =  0.9249E+02
 MRCHDU: Convergence failed at  35  side 2    Res =  0.5567E+02
 MRCHDU: Convergence failed at  36  side 2    Res =  0.5409E+02
 MRCHDU: Convergence failed at  37  side 2    Res =  0.6796E+02
 MRCHDU: Convergence failed at  38  side 2    Res =  0.9159E+02
 MRCHDU: Convergence failed at  39  side 2    Res =  0.1478E+03
 MRCHDU: Convergence failed at  40  side 2    Res =  0.3997E+03
 MRCHDU: Convergence failed at  41  side 2    Res =  0.1433E+04
 MRCHDU: Convergence failed at  42  side 2    Res =  0.2281E+03
 MRCHDU: Convergence failed at  43  side 2    Res =  0.1225E+03
 MRCHDU: Convergence failed at  44  side 2    Res =  0.9139E+02
 MRCHDU: Convergence failed at  45  side 2    Res =  0.6829E+02
 MRCHDU: Convergence failed at  46  side 2    Res =  0.1290E+03
 MRCHDU: Convergence failed at  47  side 2    Res =  0.1477E+03
 MRCHDU: Convergence failed at  48  side 2    Res =  0.1775E+03
 MRCHDU: Convergence failed at  49  side 2    Res =  0.2214E+03
 MRCHDU: Convergence failed at  50  side 2    Res =  0.3475E+03
 MRCHDU: Convergence failed at  51  side 2    Res =  0.8225E+03
 MRCHDU: Convergence failed at  52  side 2    Res =  0.9053E+02
 MRCHDU: Convergence failed at  53  side 2    Res =  0.8775E+02
 MRCHDU: Convergence failed at  54  side 2    Res =  0.8404E+02
 MRCHDU: Convergence failed at  55  side 2    Res =  0.8441E+02
 MRCHDU: Convergence failed at  56  side 2    Res =  0.8285E+02
 MRCHDU: Convergence failed at  57  side 2    Res =  0.3233E+04
 MRCHDU: Convergence failed at  58  side 2    Res =  0.1303E+03
 MRCHDU: Convergence failed at  59  side 2    Res =  0.9083E+02
 MRCHDU: Convergence failed at  60  side 2    Res =  0.8437E+02
 MRCHDU: Convergence failed at  61  side 2    Res =  0.9993E+02
 MRCHDU: Convergence failed at  62  side 2    Res =  0.1141E+03
 MRCHDU: Convergence failed at  63  side 2    Res =  0.9257E+02
 MRCHDU: Convergence failed at  64  side 2    Res =  0.8850E+02
 MRCHDU: Convergence failed at  65  side 2    Res =  0.1178E+03
 MRCHDU: Convergence failed at  66  side 2    Res =  0.1342E+03
 MRCHDU: Convergence failed at  67  side 2    Res =  0.8833E+02
 MRCHDU: Convergence failed at  68  side 2    Res =  0.1166E+03
 MRCHDU: Convergence failed at  69  side 2    Res =  0.1355E+03
 MRCHDU: Convergence failed at  70  side 2    Res =  0.6421E+03
 MRCHDU: Convergence failed at  71  side 2    Res =  0.1259E+03
 MRCHDU: Convergence failed at  72  side 2    Res =  0.1047E+03
 MRCHDU: Convergence failed at  73  side 2    Res =  0.5207E+03
 MRCHDU: Convergence failed at  74  side 2    Res =  0.7168E+03
 MRCHDU: Convergence failed at  75  side 2    Res =  0.1542E+03
 MRCHDU: Convergence failed at  76  side 2    Res =  0.1187E+03
 MRCHDU: Convergence failed at  77  side 2    Res =  0.6254E+03
 MRCHDU: Convergence failed at  78  side 2    Res =  0.5064E+04
 MRCHDU: Convergence failed at  79  side 2    Res =  0.1121E+03
 MRCHDU: Convergence failed at  80  side 2    Res =  0.1396E+03
 MRCHDU: Convergence failed at  81  side 2    Res =  0.1332E+03
 MRCHDU: Convergence failed at  82  side 2    Res =  0.6835E+03
 MRCHDU: Convergence failed at  83  side 2    Res =  0.1725E+04
 MRCHDU: Convergence failed at  84  side 2    Res =  0.4911E+03
 MRCHDU: Convergence failed at  85  side 2    Res =  0.7638E+03
 Side 1  free  transition at x/c =  0.5133   42
 Side 2  free  transition at x/c =  0.0324   16

  57   rms: 0.1370E+01   max: 0.7699E+01   T at   16  2   RLX: 0.090
       a =  0.000      CL = -1.9599
      Cm =  0.5273     CD =  0.00467   =>   CDf =  0.00281    CDp =  0.00186

 Side 1  free  transition at x/c =  0.5124   42
 Side 2  free  transition at x/c =  0.0328   16

  58   rms: 0.2089E+01   max: 0.9775E+01   T at   17  2   RLX: 0.099
       a =  0.000      CL = -1.3252
      Cm =  0.3316     CD =  0.10453   =>   CDf =  0.00315    CDp =  0.10138

 Side 1  free  transition at x/c =  0.5174   42
 Side 2  free  transition at x/c =  0.0327   16

  59   rms: 0.2070E+01   max: 0.8189E+01   T at   17  2   RLX: 0.175
       a =  0.000      CL = -1.1932
      Cm =  0.2603     CD =  0.11148   =>   CDf =  0.00301    CDp =  0.10847

 Side 1  free  transition at x/c =  0.5232   42
 Side 2  free  transition at x/c =  0.0327   17

  60   rms: 0.3539E+01   max: 0.1069E+02   T at   18  2   RLX: 0.087
       a =  0.000      CL = -1.2516
      Cm =  0.2315     CD =  0.14924   =>   CDf =  0.00304    CDp =  0.14620

 MRCHDU: Convergence failed at  18  side 2    Res =  0.5064E+02
 MRCHDU: Convergence failed at  19  side 2    Res =  0.7536E+02
 MRCHDU: Convergence failed at  20  side 2    Res =  0.1080E+03
 MRCHDU: Convergence failed at  21  side 2    Res =  0.1231E+03
 MRCHDU: Convergence failed at  22  side 2    Res =  0.1459E+04
 MRCHDU: Convergence failed at  23  side 2    Res =  0.3027E+02
 MRCHDU: Convergence failed at  24  side 2    Res =  0.1696E+03
 MRCHDU: Convergence failed at  25  side 2    Res =  0.8898E+03
 MRCHDU: Convergence failed at  26  side 2    Res =  0.5037E+02
 MRCHDU: Convergence failed at  27  side 2    Res =  0.3928E+02
 MRCHDU: Convergence failed at  28  side 2    Res =  0.5651E+02
 MRCHDU: Convergence failed at  29  side 2    Res =  0.7585E+02
 MRCHDU: Convergence failed at  30  side 2    Res =  0.1169E+03
 MRCHDU: Convergence failed at  31  side 2    Res =  0.2214E+03
 MRCHDU: Convergence failed at  32  side 2    Res =  0.1865E+04
 MRCHDU: Convergence failed at  33  side 2    Res =  0.3112E+03
 MRCHDU: Convergence failed at  34  side 2    Res =  0.1541E+03
 MRCHDU: Convergence failed at  35  side 2    Res =  0.1037E+03
 MRCHDU: Convergence failed at  36  side 2    Res =  0.7625E+02
 MRCHDU: Convergence failed at  37  side 2    Res =  0.6644E+02
 MRCHDU: Convergence failed at  38  side 2    Res =  0.7893E+02
 MRCHDU: Convergence failed at  39  side 2    Res =  0.9518E+02
 MRCHDU: Convergence failed at  40  side 2    Res =  0.1161E+03
 MRCHDU: Convergence failed at  41  side 2    Res =  0.1538E+03
 MRCHDU: Convergence failed at  42  side 2    Res =  0.2262E+03
 MRCHDU: Convergence failed at  43  side 2    Res =  0.4067E+03
 MRCHDU: Convergence failed at  44  side 2    Res =  0.1247E+04
 MRCHDU: Convergence failed at  45  side 2    Res =  0.1462E+04
 MRCHDU: Convergence failed at  46  side 2    Res =  0.4750E+03
 MRCHDU: Convergence failed at  47  side 2    Res =  0.2455E+03
 MRCHDU: Convergence failed at  48  side 2    Res =  0.1842E+03
 MRCHDU: Convergence failed at  49  side 2    Res =  0.1405E+03
 MRCHDU: Convergence failed at  50  side 2    Res =  0.1326E+05
 MRCHDU: Convergence failed at  51  side 2    Res =  0.1660E+03
 MRCHDU: Convergence failed at  52  side 2    Res =  0.1486E+03
 MRCHDU: Convergence failed at  53  side 2    Res =  0.1497E+03
 MRCHDU: Convergence failed at  54  side 2    Res =  0.1501E+03
 MRCHDU: Convergence failed at  55  side 2    Res =  0.1515E+03
 MRCHDU: Convergence failed at  56  side 2    Res =  0.1518E+03
 MRCHDU: Convergence failed at  57  side 2    Res =  0.1519E+03
 MRCHDU: Convergence failed at  58  side 2    Res =  0.1519E+03
 MRCHDU: Convergence failed at  59  side 2    Res =  0.1519E+03
 MRCHDU: Convergence failed at  60  side 2    Res =  0.1630E+03
 MRCHDU: Convergence failed at  61  side 2    Res =  0.1615E+03
 MRCHDU: Convergence failed at  62  side 2    Res =  0.1613E+03
 MRCHDU: Convergence failed at  63  side 2    Res =  0.1594E+03
 MRCHDU: Convergence failed at  64  side 2    Res =  0.1569E+03
 MRCHDU: Convergence failed at  65  side 2    Res =  0.1547E+03
 MRCHDU: Convergence failed at  66  side 2    Res =  0.1521E+03
 MRCHDU: Convergence failed at  67  side 2    Res =  0.1491E+03
 MRCHDU: Convergence failed at  68  side 2    Res =  0.1477E+03
 MRCHDU: Convergence failed at  69  side 2    Res =  0.1487E+03
 MRCHDU: Convergence failed at  70  side 2    Res =  0.1464E+03
 MRCHDU: Convergence failed at  71  side 2    Res =  0.1455E+03
 MRCHDU: Convergence failed at  72  side 2    Res =  0.1474E+03
 MRCHDU: Convergence failed at  73  side 2    Res =  0.1517E+03
 MRCHDU: Convergence failed at  74  side 2    Res =  0.1540E+03
 MRCHDU: Convergence failed at  75  side 2    Res =  0.1488E+03
 MRCHDU: Convergence failed at  76  side 2    Res =  0.1411E+03
 MRCHDU: Convergence failed at  77  side 2    Res =  0.1315E+03
 MRCHDU: Convergence failed at  78  side 2    Res =  0.1195E+03
 MRCHDU: Convergence failed at  79  side 2    Res =  0.1122E+03
 MRCHDU: Convergence failed at  80  side 2    Res =  0.1130E+03
 MRCHDU: Convergence failed at  81  side 2    Res =  0.1176E+03
 MRCHDU: Convergence failed at  82  side 2    Res =  0.1182E+03
 MRCHDU: Convergence failed at  83  side 2    Res =  0.1201E+03
 MRCHDU: Convergence failed at  84  side 2    Res =  0.1210E+03
 MRCHDU: Convergence failed at  85  side 2    Res =  0.1335E+03
 MRCHDU: Convergence failed at  86  side 2    Res =  0.1571E+03
 MRCHDU: Convergence failed at  88  side 2    Res =  0.3347E+00
 MRCHDU: Convergence failed at  89  side 2    Res =  0.6845E+00
 MRCHDU: Convergence failed at  90  side 2    Res =  0.4782E+00
 MRCHDU: Convergence failed at  91  side 2    Res =  0.1472E+00
 Side 1  free  transition at x/c =  0.5238   42
 Side 2  free  transition at x/c =  0.0324   17

  61   rms: 0.2161E+01   max: 0.2181E+02   T at   17  2   RLX: 0.031
       a =  0.000      CL = -3.5139
      Cm =  0.9076     CD =  0.00346   =>   CDf =  0.00244    CDp =  0.00102

 Side 1  free  transition at x/c =  0.5232   42
 Side 2  free  transition at x/c =  0.0309   17

  62   rms: 0.6418E+01   max: 0.5234E+02   D at   92  2   RLX: 0.021
       a =  0.000      CL = -2.8983
      Cm =  0.7074     CD =  0.06178   =>   CDf =  0.00292    CDp =  0.05886

 Side 1  free  transition at x/c =  0.5279   42
 Side 2  free  transition at x/c =  0.0299   17

  63   rms: 0.3730E+01   max: 0.4229E+02   T at   17  2   RLX: 0.017
       a =  0.000      CL = -2.9404
      Cm =  0.7135     CD =  0.06833   =>   CDf =  0.00288    CDp =  0.06545

 Side 1  free  transition at x/c =  0.5311   42
 Side 2  free  transition at x/c =  0.0272   17

  64   rms: 0.2742E+01   max: 0.1835E+02   T at   17  2   RLX: 0.078
       a =  0.000      CL = -2.9263
      Cm =  0.6858     CD =  0.07151   =>   CDf =  0.00268    CDp =  0.06883

 MRCHDU: Convergence failed at  18  side 2    Res =  0.4285E+02
 Side 1  free  transition at x/c =  0.5434   42
 Side 2  free  transition at x/c =  0.0220   17

  65   rms: 0.2739E+01   max: 0.4617E+02   T at   19  2   RLX: 0.032
       a =  0.000      CL = -4.1621
      Cm =  0.9988     CD =  0.10290   =>   CDf =  0.00282    CDp =  0.10008

 Side 1  free  transition at x/c =  0.5470   42
 Side 2  free  transition at x/c =  0.0211   17

  66   rms: 0.1831E+01   max: -.4980E+01   C at   96  2   RLX: 0.100
       a =  0.000      CL = -3.5270
      Cm =  0.8462     CD =  0.09597   =>   CDf =  0.00285    CDp =  0.09313

 Side 1  free  transition at x/c =  0.5481   43
 Side 2  free  transition at x/c =  0.0206   17

  67   rms: 0.1662E+01   max: -.6162E+01   T at  102  2   RLX: 0.081
       a =  0.000      CL = -3.2187
      Cm =  0.7703     CD =  0.12039   =>   CDf =  0.00305    CDp =  0.11733

 Side 1  free  transition at x/c =  0.5522   43
 Side 2  free  transition at x/c =  0.0201   17

  68   rms: 0.1629E+01   max: -.9573E+01   D at  110  2   RLX: 0.052
       a =  0.000      CL = -3.0873
      Cm =  0.7341     CD =  0.15607   =>   CDf =  0.00312    CDp =  0.15295

 Side 1  free  transition at x/c =  0.5569   43
 Side 2  free  transition at x/c =  0.0190   17

  69   rms: 0.1681E+01   max: -.1251E+02   D at  110  2   RLX: 0.040
       a =  0.000      CL = -3.0092
      Cm =  0.7111     CD =  0.18386   =>   CDf =  0.00318    CDp =  0.18068

 Side 1  free  transition at x/c =  0.5607   43
 Side 2  free  transition at x/c =  0.0181   17

  70   rms: 0.1675E+01   max: -.1411E+02   D at  110  2   RLX: 0.035
       a =  0.000      CL = -2.9409
      Cm =  0.6906     CD =  0.19728   =>   CDf =  0.00325    CDp =  0.19403

 Side 1  free  transition at x/c =  0.5622   43
 Side 2  free  transition at x/c =  0.0174   17

  71   rms: 0.1593E+01   max: -.1530E+02   D at  110  2   RLX: 0.033
       a =  0.000      CL = -2.8751
      Cm =  0.6709     CD =  0.20494   =>   CDf =  0.00338    CDp =  0.20157

 MRCHDU: Convergence failed at 110  side 2    Res =  0.1309E+00
 Side 1  free  transition at x/c =  0.5654   44
 Side 2  free  transition at x/c =  0.0169   17

  72   rms: 0.2531E+01   max: -.6091E+01   T at  109  2   RLX: 0.082
       a =  0.000      CL = -2.4592
      Cm =  0.5854     CD =  0.25418   =>   CDf =  0.00362    CDp =  0.25057

 Side 1  free  transition at x/c =  0.5576   44
 Side 2  free  transition at x/c =  0.0183   16

  73   rms: 0.1826E+01   max: -.3855E+01   T at  109  2   RLX: 0.095
       a =  0.000      CL = -2.0304
      Cm =  0.4899     CD =  0.37719   =>   CDf =  0.00344    CDp =  0.37376

 Side 1  free  transition at x/c =  0.5513   44
 Side 2  free  transition at x/c =  0.0202   16

  74   rms: 0.1854E+01   max: 0.9044E+01   C at   86  2   RLX: 0.166
       a =  0.000      CL = -1.7196
      Cm =  0.4120     CD =  0.57632   =>   CDf =  0.00343    CDp =  0.57289

 MRCHDU: Convergence failed at  84  side 2    Res =  0.2811E-02
 MRCHDU: Convergence failed at  85  side 2    Res =  0.7364E-01
 Side 1  free  transition at x/c =  0.5527   44
 Side 2  free  transition at x/c =  0.0182   16

  75   rms: 0.2613E+01   max: 0.1374E+02   T at  109  2   RLX: 0.109
       a =  0.000      CL = -1.7984
      Cm =  0.4103     CD =  0.53376   =>   CDf =  0.00318    CDp =  0.53058

 MRCHDU: Convergence failed at  82  side 2    Res =  0.2288E-01
 MRCHDU: Convergence failed at  83  side 2    Res =  0.2221E-01
 MRCHDU: Convergence failed at  84  side 2    Res =  0.1847E-01
 MRCHDU: Convergence failed at  85  side 2    Res =  0.2514E-01
 MRCHDU: Convergence failed at 104  side 2    Res =  0.2539E+02
 MRCHDU: Convergence failed at 105  side 2    Res =  0.1114E+01
 MRCHDU: Convergence failed at 106  side 2    Res =  0.1272E+01
 MRCHDU: Convergence failed at 107  side 2    Res =  0.4117E+01
 MRCHDU: Convergence failed at 108  side 2    Res =  0.1179E+02
 MRCHDU: Convergence failed at 109  side 2    Res =  0.7181E+01
 MRCHDU: Convergence failed at 110  side 2    Res =  0.2161E+03
 Side 1  free  transition at x/c =  0.5614   43
 Side 2  free  transition at x/c =  0.0148   16

  76   rms: 0.5565E+01   max: -.7323E+02   T at   18  2   RLX: 0.007
       a =  0.000      CL = -2.1119
      Cm =  0.4881     CD =  0.46642   =>   CDf =  0.00338    CDp =  0.46304

 MRCHDU: Convergence failed at  82  side 2    Res =  0.2721E-01
 MRCHDU: Convergence failed at  83  side 2    Res =  0.2290E-01
 MRCHDU: Convergence failed at  84  side 2    Res =  0.1955E-01
 MRCHDU: Convergence failed at  85  side 2    Res =  0.3079E-01
 Side 1  free  transition at x/c =  0.5620   43
 Side 2  free  transition at x/c =  0.0142   16

  77   rms: 0.6372E+01   max: -.5946E+02   T at   18  2   RLX: 0.008
       a =  0.000      CL = -2.2073
      Cm =  0.5164     CD =  0.44276   =>   CDf =  0.00339    CDp =  0.43937

 MRCHDU: Convergence failed at  82  side 2    Res =  0.3094E-01
 MRCHDU: Convergence failed at  83  side 2    Res =  0.2293E-01
 MRCHDU: Convergence failed at  84  side 2    Res =  0.1922E-01
 MRCHDU: Convergence failed at  85  side 2    Res =  0.2762E-01
 Side 1  free  transition at x/c =  0.5619   43
 Side 2  free  transition at x/c =  0.0134   16

  78   rms: 0.2219E+02   max: 0.1476E+03   T at   16  2   RLX: 0.004
       a =  0.000      CL = -2.3019
      Cm =  0.5389     CD =  0.57045   =>   CDf =  0.00341    CDp =  0.56704

 MRCHDU: Convergence failed at  82  side 2    Res =  0.2206E-01
 MRCHDU: Convergence failed at  83  side 2    Res =  0.2689E-01
 MRCHDU: Convergence failed at  84  side 2    Res =  0.2611E-01
 MRCHDU: Convergence failed at  85  side 2    Res =  0.3373E+00
 Side 1  free  transition at x/c =  0.5661   44
 Side 2  free  transition at x/c =  0.0114   16

  79   rms: 0.3210E+01   max: -.1343E+02   T at  102  2   RLX: 0.037
       a =  0.000      CL = -2.0707
      Cm =  0.4881     CD =  0.34143   =>   CDf =  0.00347    CDp =  0.33796

 MRCHDU: Convergence failed at  79  side 2    Res =  0.1867E-01
 MRCHDU: Convergence failed at  81  side 2    Res =  0.8066E-02
 MRCHDU: Convergence failed at  82  side 2    Res =  0.2683E-01
 MRCHDU: Convergence failed at  83  side 2    Res =  0.2296E-01
 MRCHDU: Convergence failed at  84  side 2    Res =  0.1458E-01
 MRCHDU: Convergence failed at  85  side 2    Res =  0.1424E+00
 Side 1  free  transition at x/c =  0.5645   45
 Side 2  free  transition at x/c =  0.0122   15

  80   rms: 0.4592E+01   max: 0.2999E+02   T at   15  2   RLX: 0.050
       a =  0.000      CL = -2.1822
      Cm =  0.4995     CD =  0.67490   =>   CDf =  0.00320    CDp =  0.67169

 MRCHDU: Convergence failed at  86  side 2    Res =  0.6011E-02
 MRCHDU: Convergence failed at 104  side 2    Res =  0.4618E+01
 MRCHDU: Convergence failed at 105  side 2    Res =  0.3177E+01
 Side 1  free  transition at x/c =  0.5767   44
 Side 2  free  transition at x/c =  0.0099   15

  81   rms: 0.2046E+01   max: 0.2147E+02   T at   15  2   RLX: 0.033
       a =  0.000      CL = -2.5713
      Cm =  0.5922     CD =  0.57354   =>   CDf =  0.00329    CDp =  0.57024

 MRCHDU: Convergence failed at  86  side 2    Res =  0.2811E-01
 Side 1  free  transition at x/c =  0.5800   45
 Side 2  free  transition at x/c =  0.0090   15

  82   rms: 0.1690E+01   max: -.2419E+01   U at  110  2   RLX: 0.155
       a =  0.000      CL = -2.7505
      Cm =  0.6286     CD =  0.28169   =>   CDf =  0.00331    CDp =  0.27838

 MRCHDU: Convergence failed at  86  side 2    Res =  0.2050E-01
 MRCHDU: Convergence failed at  99  side 2    Res =  0.1402E+01
 MRCHDU: Convergence failed at 100  side 2    Res =  0.8769E+01
 MRCHDU: Convergence failed at 101  side 2    Res =  0.5101E+01
 MRCHDU: Convergence failed at 102  side 2    Res =  0.4459E+01
 MRCHDU: Convergence failed at 103  side 2    Res =  0.3964E+01
 MRCHDU: Convergence failed at 104  side 2    Res =  0.8271E+01
 MRCHDU: Convergence failed at 105  side 2    Res =  0.3193E+02
 MRCHDU: Convergence failed at 106  side 2    Res =  0.1333E+02
 MRCHDU: Convergence failed at 107  side 2    Res =  0.1346E+02
 MRCHDU: Convergence failed at 108  side 2    Res =  0.1430E+02
 MRCHDU: Convergence failed at 109  side 2    Res =  0.5634E+01
 MRCHDU: Convergence failed at 110  side 2    Res =  0.9794E+01
 Side 1  free  transition at x/c =  0.5925   46
 Side 2  free  transition at x/c =  0.0166   17

  83   rms: 0.2597E+01   max: -.4311E+02   T at   17  2   RLX: 0.012
       a =  0.000      CL = -3.2878
      Cm =  0.7597     CD =  0.56574   =>   CDf =  0.00321    CDp =  0.56253

 TRCHEK2: N2 convergence failed.
 x:  0.03529  0.04213  0.04302  N:  8.739  9.000  9.017  Nx: 347.222   dN:-0.370E+00
 TRCHEK2: N2 convergence failed.
 x:  0.03529  0.04213  0.04302  N:  8.739  9.000  9.017  Nx: 297.259   dN:-0.370E+00
 TRCHEK2: N2 convergence failed.
 x:  0.03529  0.04213  0.04302  N:  8.739  9.000  9.017  Nx: 324.114   dN:-0.369E+00
 TRCHEK2: N2 convergence failed.
 x:  0.03529  0.04213  0.04302  N:  8.739  9.000  9.017  Nx: 277.915   dN:-0.373E+00
 TRCHEK2: N2 convergence failed.
 x:  0.03529  0.04213  0.04302  N:  8.739  9.000  9.017  Nx: 302.800   dN:-0.370E+00
 TRCHEK2: N2 convergence failed.
 x:  0.03529  0.04213  0.04302  N:  8.739  9.000  9.017  Nx: 330.320   dN:-0.369E+00
 TRCHEK2: N2 convergence failed.
 x:  0.03529  0.04213  0.04302  N:  8.739  9.000  9.017  Nx: 283.135   dN:-0.372E+00
 TRCHEK2: N2 convergence failed.
 x:  0.03529  0.04213  0.04302  N:  8.739  9.000  9.017  Nx: 308.605   dN:-0.370E+00
 TRCHEK2: N2 convergence failed.
 x:  0.03529  0.04213  0.04302  N:  8.739  9.000  9.017  Nx: 336.702   dN:-0.369E+00
 MRCHDU: Convergence failed at  17  side 2    Res =  0.7498E+01
 MRCHDU: Convergence failed at  86  side 2    Res =  0.2346E-01
 Side 1  free  transition at x/c =  0.5934   46
 Side 2  free  transition at x/c =  0.0176   17

  84   rms: 0.3628E+01   max: -.3364E+02   T at   17  2   RLX: 0.015
       a =  0.000      CL = -3.2181
      Cm =  0.7447     CD =  0.44315   =>   CDf =  0.00320    CDp =  0.43995

 MRCHDU: Convergence failed at  86  side 2    Res =  0.2518E-01
 Side 1  free  transition at x/c =  0.5932   46
 Side 2  free  transition at x/c =  0.0170   17

  85   rms: 0.2281E+02   max: 0.2131E+03   T at   17  2   RLX: 0.005
       a =  0.000      CL = -3.1474
      Cm =  0.7130     CD =  0.60049   =>   CDf =  0.00324    CDp =  0.59725

 MRCHDU: Convergence failed at  86  side 2    Res =  0.8619E-02
 MRCHDU: Convergence failed at  99  side 2    Res =  0.1983E+01
 Side 1  free  transition at x/c =  0.5985   46
 Side 2  free  transition at x/c =  0.0097   15

  86   rms: 0.7830E+01   max: -.9964E+02   T at   16  2   RLX: 0.005
       a =  0.000      CL = -3.3113
      Cm =  0.7564     CD =  0.53893   =>   CDf =  0.00315    CDp =  0.53578

 MRCHDU: Convergence failed at  86  side 2    Res =  0.1726E-01
 Side 1  free  transition at x/c =  0.6001   46
 Side 2  free  transition at x/c =  0.0085   15

  87   rms: 0.1826E+01   max: 0.2421E+02   T at   15  2   RLX: 0.062
       a =  0.000      CL = -3.3807
      Cm =  0.7663     CD =  0.49274   =>   CDf =  0.00287    CDp =  0.48987

 MRCHDU: Convergence failed at  87  side 2    Res =  0.3321E-01
 MRCHDU: Convergence failed at  99  side 2    Res =  0.2320E+01
 MRCHDU: Convergence failed at 100  side 2    Res =  0.1041E+01
 MRCHDU: Convergence failed at 101  side 2    Res =  0.2249E+01
 MRCHDU: Convergence failed at 102  side 2    Res =  0.1094E+02
 MRCHDU: Convergence failed at 103  side 2    Res =  0.5012E+01
 MRCHDU: Convergence failed at 104  side 2    Res =  0.2245E+01
 MRCHDU: Convergence failed at 105  side 2    Res =  0.1362E+01
 MRCHDU: Convergence failed at 106  side 2    Res =  0.1579E+01
 MRCHDU: Convergence failed at 107  side 2    Res =  0.1744E+01
 Side 1  free  transition at x/c =  0.6062   46
 Side 2  free  transition at x/c =  0.0071   15

  88   rms: 0.2382E+01   max: 0.3049E+02   T at   19  2   RLX: 0.049
       a =  0.000      CL = -3.2518
      Cm =  0.7473     CD =  0.46665   =>   CDf =  0.00319    CDp =  0.46346

 MRCHDU: Convergence failed at  87  side 2    Res =  0.5191E-01
 MRCHDU: Convergence failed at 108  side 2    Res =  0.9690E+01
 Side 1  free  transition at x/c =  0.6090   46
 Side 2  free  transition at x/c =  0.0080   16

  89   rms: 0.1120E+01   max: -.3852E+01   C at  111  2   RLX: 0.130
       a =  0.000      CL = -2.7501
      Cm =  0.5997     CD =  0.24308   =>   CDf =  0.00346    CDp =  0.23962

 MRCHDU: Convergence failed at  86  side 2    Res =  0.7107E-01
 Side 1  free  transition at x/c =  0.6110   47
 Side 2  free  transition at x/c =  0.0079   15

  90   rms: 0.8829E+02   max: 0.1577E+04   T at    2  1   RLX: 0.001
       a =  0.000      CL = -2.7536
      Cm =  0.5982     CD =  0.59405   =>   CDf =  0.00297    CDp =  0.59107

 MRCHDU: Convergence failed at  87  side 2    Res =  0.7126E-01
 Side 1  free  transition at x/c =  0.6111   46
 Side 2  free  transition at x/c =  0.0079   16

  91   rms: 0.1050E+03   max: 0.1852E+04   T at    2  2   RLX: 0.001
       a =  0.000      CL = -2.7543
      Cm =  0.5983     CD =  0.59469   =>   CDf =  0.00323    CDp =  0.59146

 MRCHDU: Convergence failed at  87  side 2    Res =  0.7145E-01
 Side 1  free  transition at x/c =  0.6112   46
 Side 2  free  transition at x/c =  0.0079   16

  92   rms: 0.4378E+01   max: -.4515E+02   C at   85  2   RLX: 0.011
       a =  0.000      CL = -2.7694
      Cm =  0.6001     CD =  0.58684   =>   CDf =  0.00323    CDp =  0.58361

 MRCHDU: Convergence failed at  87  side 2    Res =  0.7857E-01
 Side 1  free  transition at x/c =  0.6129   46
 Side 2  free  transition at x/c =  0.0076   16

  93   rms: 0.3916E+01   max: -.4649E+02   C at   85  2   RLX: 0.011
       a =  0.000      CL = -2.7673
      Cm =  0.5987     CD =  0.58548   =>   CDf =  0.00320    CDp =  0.58228

 MRCHDU: Convergence failed at  87  side 2    Res =  0.8532E-01
 Side 1  free  transition at x/c =  0.6140   46
 Side 2  free  transition at x/c =  0.0075   16

  94   rms: 0.3322E+01   max: -.3991E+02   C at   85  2   RLX: 0.013
       a =  0.000      CL = -2.7564
      Cm =  0.5955     CD =  0.58219   =>   CDf =  0.00318    CDp =  0.57900

 MRCHDU: Convergence failed at  87  side 2    Res =  0.9534E-01
 Side 1  free  transition at x/c =  0.6146   46
 Side 2  free  transition at x/c =  0.0074   16

  95   rms: 0.5473E+01   max: 0.6352E+02   T at   16  2   RLX: 0.018
       a =  0.000      CL = -2.7739
      Cm =  0.5960     CD =  0.58208   =>   CDf =  0.00318    CDp =  0.57891

 MRCHDU: Convergence failed at  16  side 2    Res =  0.2904E+02
 MRCHDU: Convergence failed at  87  side 2    Res =  0.1024E+00
 MRCHDU: Convergence failed at  99  side 2    Res =  0.3565E+01
 MRCHDU: Convergence failed at 100  side 2    Res =  0.4065E+01
 MRCHDU: Convergence failed at 101  side 2    Res =  0.2968E+01
 MRCHDU: Convergence failed at 102  side 2    Res =  0.4494E+01
 MRCHDU: Convergence failed at 103  side 2    Res =  0.9188E+01
 MRCHDU: Convergence failed at 104  side 2    Res =  0.1414E+03
 MRCHDU: Convergence failed at 105  side 2    Res =  0.8812E+01
 MRCHDU: Convergence failed at 106  side 2    Res =  0.4485E+01
 MRCHDU: Convergence failed at 107  side 2    Res =  0.2787E+01
 MRCHDU: Convergence failed at 108  side 2    Res =  0.1987E+01
 MRCHDU: Convergence failed at 109  side 2    Res =  0.1896E+01
 MRCHDU: Convergence failed at 110  side 2    Res =  0.4272E+01
 MRCHDU: Convergence failed at 111  side 2    Res =  0.4183E+01
 Side 1  free  transition at x/c =  0.6179   46
 Side 2  free  transition at x/c =  0.0069   15

  96   rms: 0.5006E+04   max: 0.3451E+05   C at   88  2   RLX: 0.000
       a =  0.000      CL = -3.3918
      Cm =  0.7463     CD =  0.45701   =>   CDf =  0.00313    CDp =  0.45388

 Side 1  free  transition at x/c =  0.6182   46
 Side 2  free  transition at x/c =  0.0069   15

  97   rms: 0.6474E+02   max: -.4181E+03   C at   84  2   RLX: 0.001
       a =  0.000      CL = -3.5543
      Cm =  0.7852     CD =  0.45123   =>   CDf =  0.00313    CDp =  0.44810

 Side 1  free  transition at x/c =  0.6177   46
 Side 2  free  transition at x/c =  0.0069   15

  98   rms: 0.4273E+04   max: 0.2856E+05   C at   88  2   RLX: 0.000
       a =  0.000      CL = -3.5574
      Cm =  0.7857     CD =  0.45099   =>   CDf =  0.00313    CDp =  0.44786

 Side 1  free  transition at x/c =  0.6179   46
 Side 2  free  transition at x/c =  0.0069   15

  99   rms: 0.1275E+03   max: -.7337E+03   C at   86  2   RLX: 0.001
       a =  0.000      CL = -3.5509
      Cm =  0.7844     CD =  0.45444   =>   CDf =  0.00313    CDp =  0.45131

 Side 1  free  transition at x/c =  0.6176   46
 Side 2  free  transition at x/c =  0.0069   15

 100   rms: 0.2353E+04   max: -.1423E+05   C at   88  2   RLX: 0.000
       a =  0.000      CL = -3.5495
      Cm =  0.7841     CD =  0.45716   =>   CDf =  0.00313    CDp =  0.45403

 Side 1  free  transition at x/c =  0.6175   46
 Side 2  free  transition at x/c =  0.0069   15

 101   rms: 0.1243E+04   max: 0.8215E+04   C at   88  2   RLX: 0.000
       a =  0.000      CL = -3.5510
      Cm =  0.7844     CD =  0.45524   =>   CDf =  0.00313    CDp =  0.45211

 Side 1  free  transition at x/c =  0.6177   46
 Side 2  free  transition at x/c =  0.0069   15

 102   rms: 0.2785E+03   max: -.1592E+04   C at   87  2   RLX: 0.000
       a =  0.000      CL = -3.5482
      Cm =  0.7838     CD =  0.45714   =>   CDf =  0.00313    CDp =  0.45401

 Side 1  free  transition at x/c =  0.6176   46
 Side 2  free  transition at x/c =  0.0069   15

 103   rms: 0.4013E+05   max: 0.2430E+06   C at   88  2   RLX: 0.000
       a =  0.000      CL = -3.5507
      Cm =  0.7843     CD =  0.45569   =>   CDf =  0.00313    CDp =  0.45256

 Side 1  free  transition at x/c =  0.6177   46
 Side 2  free  transition at x/c =  0.0069   15

 104   rms: 0.9266E+02   max: -.5166E+03   C at   87  2   RLX: 0.001
       a =  0.000      CL = -3.5451
      Cm =  0.7831     CD =  0.45746   =>   CDf =  0.00313    CDp =  0.45433

 Side 1  free  transition at x/c =  0.6176   46
 Side 2  free  transition at x/c =  0.0069   15

 105   rms: 0.5919E+03   max: -.3400E+04   C at   88  2   RLX: 0.000
       a =  0.000      CL = -3.5437
      Cm =  0.7827     CD =  0.46007   =>   CDf =  0.00313    CDp =  0.45694

 Side 1  free  transition at x/c =  0.6175   46
 Side 2  free  transition at x/c =  0.0069   15

 106   rms: 0.1865E+04   max: 0.1141E+05   C at   88  2   RLX: 0.000
       a =  0.000      CL = -3.5447
      Cm =  0.7829     CD =  0.45889   =>   CDf =  0.00313    CDp =  0.45576

 Side 1  free  transition at x/c =  0.6176   46
 Side 2  free  transition at x/c =  0.0069   15

 107   rms: 0.1520E+03   max: -.8476E+03   C at   88  2   RLX: 0.001
       a =  0.000      CL = -3.5420
      Cm =  0.7823     CD =  0.46001   =>   CDf =  0.00313    CDp =  0.45688

 Side 1  free  transition at x/c =  0.6175   46
 Side 2  free  transition at x/c =  0.0069   15

 108   rms: 0.1446E+04   max: -.8399E+04   C at   88  2   RLX: 0.000
       a =  0.000      CL = -3.5412
      Cm =  0.7821     CD =  0.46165   =>   CDf =  0.00313    CDp =  0.45852

 Side 1  free  transition at x/c =  0.6175   46
 Side 2  free  transition at x/c =  0.0069   15

 109   rms: 0.1230E+04   max: 0.7668E+04   C at   88  2   RLX: 0.000
       a =  0.000      CL = -3.5416
      Cm =  0.7822     CD =  0.46051   =>   CDf =  0.00313    CDp =  0.45738

 Side 1  free  transition at x/c =  0.6176   46
 Side 2  free  transition at x/c =  0.0069   15

 110   rms: 0.2335E+03   max: -.1310E+04   C at   88  2   RLX: 0.000
       a =  0.000      CL = -3.5398
      Cm =  0.7818     CD =  0.46159   =>   CDf =  0.00313    CDp =  0.45846

 Side 1  free  transition at x/c =  0.6175   46
 Side 2  free  transition at x/c =  0.0069   15

 111   rms: 0.9568E+04   max: -.5623E+05   C at   88  2   RLX: 0.000
       a =  0.000      CL = -3.5394
      Cm =  0.7817     CD =  0.46283   =>   CDf =  0.00313    CDp =  0.45970

 Side 1  free  transition at x/c =  0.6175   46
 Side 2  free  transition at x/c =  0.0069   15

 112   rms: 0.1026E+04   max: 0.6518E+04   C at   88  2   RLX: 0.000
       a =  0.000      CL = -3.5395
      Cm =  0.7817     CD =  0.46170   =>   CDf =  0.00313    CDp =  0.45857

 Side 1  free  transition at x/c =  0.6176   46
 Side 2  free  transition at x/c =  0.0069   15

 113   rms: 0.3473E+03   max: -.1960E+04   C at   88  2   RLX: 0.000
       a =  0.000      CL = -3.5383
      Cm =  0.7814     CD =  0.46274   =>   CDf =  0.00313    CDp =  0.45961

 Side 1  free  transition at x/c =  0.6175   46
 Side 2  free  transition at x/c =  0.0069   15

 114   rms: 0.3896E+04   max: 0.2315E+05   C at   88  2   RLX: 0.000
       a =  0.000      CL = -3.5390
      Cm =  0.7815     CD =  0.46217   =>   CDf =  0.00313    CDp =  0.45904

 Side 1  free  transition at x/c =  0.6176   46
 Side 2  free  transition at x/c =  0.0069   15

 115   rms: 0.1165E+03   max: -.6453E+03   C at   88  2   RLX: 0.001
       a =  0.000      CL = -3.5363
      Cm =  0.7809     CD =  0.46281   =>   CDf =  0.00313    CDp =  0.45967

 Side 1  free  transition at x/c =  0.6176   46
 Side 2  free  transition at x/c =  0.0069   15

 116   rms: 0.9439E+03   max: -.5409E+04   C at   88  2   RLX: 0.000
       a =  0.000      CL = -3.5356
      Cm =  0.7807     CD =  0.46436   =>   CDf =  0.00313    CDp =  0.46123

 Side 1  free  transition at x/c =  0.6176   46
 Side 2  free  transition at x/c =  0.0069   15

 117   rms: 0.1368E+04   max: 0.8349E+04   C at   88  2   RLX: 0.000
       a =  0.000      CL = -3.5358
      Cm =  0.7808     CD =  0.46354   =>   CDf =  0.00313    CDp =  0.46041

 Side 1  free  transition at x/c =  0.6176   46
 Side 2  free  transition at x/c =  0.0069   15

 118   rms: 0.1990E+03   max: -.1110E+04   C at   88  2   RLX: 0.000
       a =  0.000      CL = -3.5342
      Cm =  0.7804     CD =  0.46437   =>   CDf =  0.00313    CDp =  0.46124

 Side 1  free  transition at x/c =  0.6176   46
 Side 2  free  transition at x/c =  0.0069   15

 119   rms: 0.4224E+04   max: -.2455E+05   C at   88  2   RLX: 0.000
       a =  0.000      CL = -3.5338
      Cm =  0.7803     CD =  0.46553   =>   CDf =  0.00313    CDp =  0.46240

 Side 1  free  transition at x/c =  0.6176   46
 Side 2  free  transition at x/c =  0.0069   15

 120   rms: 0.1075E+04   max: 0.6714E+04   C at   88  2   RLX: 0.000
       a =  0.000      CL = -3.5337
      Cm =  0.7803     CD =  0.46463   =>   CDf =  0.00313    CDp =  0.46150

 Side 1  free  transition at x/c =  0.6176   46
 Side 2  free  transition at x/c =  0.0069   15

 121   rms: 0.3159E+03   max: -.1773E+04   C at   88  2   RLX: 0.000
       a =  0.000      CL = -3.5327
      Cm =  0.7800     CD =  0.46552   =>   CDf =  0.00313    CDp =  0.46239

 Side 1  free  transition at x/c =  0.6176   46
 Side 2  free  transition at x/c =  0.0069   15

 122   rms: 0.4848E+04   max: 0.2854E+05   C at   88  2   RLX: 0.000
       a =  0.000      CL = -3.5331
      Cm =  0.7801     CD =  0.46527   =>   CDf =  0.00313    CDp =  0.46213

 Side 1  free  transition at x/c =  0.6177   46
 Side 2  free  transition at x/c =  0.0069   15

 123   rms: 0.1125E+03   max: -.6222E+03   C at   88  2   RLX: 0.001
       a =  0.000      CL = -3.5307
      Cm =  0.7795     CD =  0.46571   =>   CDf =  0.00313    CDp =  0.46258

 Side 1  free  transition at x/c =  0.6177   46
 Side 2  free  transition at x/c =  0.0069   15

 124   rms: 0.9763E+03   max: -.5572E+04   C at   88  2   RLX: 0.000
       a =  0.000      CL = -3.5301
      Cm =  0.7794     CD =  0.46709   =>   CDf =  0.00313    CDp =  0.46396

 Side 1  free  transition at x/c =  0.6176   46
 Side 2  free  transition at x/c =  0.0069   15

 125   rms: 0.1375E+04   max: 0.8340E+04   C at   88  2   RLX: 0.000
       a =  0.000      CL = -3.5301
      Cm =  0.7793     CD =  0.46645   =>   CDf =  0.00313    CDp =  0.46332

 Side 1  free  transition at x/c =  0.6177   46
 Side 2  free  transition at x/c =  0.0069   15

 126   rms: 0.2042E+03   max: -.1137E+04   C at   88  2   RLX: 0.000
       a =  0.000      CL = -3.5287
      Cm =  0.7790     CD =  0.46722   =>   CDf =  0.00313    CDp =  0.46409

 Side 1  free  transition at x/c =  0.6177   46
 Side 2  free  transition at x/c =  0.0069   15

 127   rms: 0.5672E+04   max: -.3285E+05   C at   88  2   RLX: 0.000
       a =  0.000      CL = -3.5285
      Cm =  0.7789     CD =  0.46827   =>   CDf =  0.00313    CDp =  0.46514

 Side 1  free  transition at x/c =  0.6177   46
 Side 2  free  transition at x/c =  0.0069   15

 128   rms: 0.1096E+04   max: 0.6813E+04   C at   88  2   RLX: 0.000
       a =  0.000      CL = -3.5282
      Cm =  0.7789     CD =  0.46752   =>   CDf =  0.00313    CDp =  0.46439

 Side 1  free  transition at x/c =  0.6177   46
 Side 2  free  transition at x/c =  0.0069   15

 129   rms: 0.3361E+03   max: -.1883E+04   C at   88  2   RLX: 0.000
       a =  0.000      CL = -3.5273
      Cm =  0.7787     CD =  0.46836   =>   CDf =  0.00313    CDp =  0.46523

 Side 1  free  transition at x/c =  0.6177   46
 Side 2  free  transition at x/c =  0.0069   15

 130   rms: 0.3953E+04   max: 0.2321E+05   C at   88  2   RLX: 0.000
       a =  0.000      CL = -3.5275
      Cm =  0.7787     CD =  0.46825   =>   CDf =  0.00313    CDp =  0.46511

 Side 1  free  transition at x/c =  0.6177   46
 Side 2  free  transition at x/c =  0.0069   15

 131   rms: 0.1176E+03   max: -.6499E+03   C at   88  2   RLX: 0.001
       a =  0.000      CL = -3.5253
      Cm =  0.7782     CD =  0.46873   =>   CDf =  0.00313    CDp =  0.46559

 Side 1  free  transition at x/c =  0.6177   46
 Side 2  free  transition at x/c =  0.0069   15

 132   rms: 0.1130E+04   max: -.6438E+04   C at   88  2   RLX: 0.000
       a =  0.000      CL = -3.5249
      Cm =  0.7780     CD =  0.46996   =>   CDf =  0.00313    CDp =  0.46683

 Side 1  free  transition at x/c =  0.6177   46
 Side 2  free  transition at x/c =  0.0069   15

 133   rms: 0.1373E+04   max: 0.8308E+04   C at   88  2   RLX: 0.000
       a =  0.000      CL = -3.5247
      Cm =  0.7780     CD =  0.46944   =>   CDf =  0.00313    CDp =  0.46631

 Side 1  free  transition at x/c =  0.6178   46
 Side 2  free  transition at x/c =  0.0069   15

 134   rms: 0.2194E+03   max: -.1220E+04   C at   88  2   RLX: 0.000
       a =  0.000      CL = -3.5235
      Cm =  0.7777     CD =  0.47022   =>   CDf =  0.00313    CDp =  0.46709

 Side 1  free  transition at x/c =  0.6178   46
 Side 2  free  transition at x/c =  0.0069   15

 135   rms: 0.1094E+05   max: -.6324E+05   C at   88  2   RLX: 0.000
       a =  0.000      CL = -3.5234
      Cm =  0.7776     CD =  0.47120   =>   CDf =  0.00313    CDp =  0.46806

 Side 1  free  transition at x/c =  0.6178   46
 Side 2  free  transition at x/c =  0.0069   15

 136   rms: 0.1168E+04   max: 0.7249E+04   C at   88  2   RLX: 0.000
       a =  0.000      CL = -3.5230
      Cm =  0.7776     CD =  0.47058   =>   CDf =  0.00313    CDp =  0.46745

 Side 1  free  transition at x/c =  0.6178   46
 Side 2  free  transition at x/c =  0.0069   15

 137   rms: 0.3683E+03   max: -.2061E+04   C at   88  2   RLX: 0.000
       a =  0.000      CL = -3.5223
      Cm =  0.7774     CD =  0.47141   =>   CDf =  0.00313    CDp =  0.46828

 Side 1  free  transition at x/c =  0.6178   46
 Side 2  free  transition at x/c =  0.0069   15

 138   rms: 0.3319E+04   max: 0.1945E+05   C at   88  2   RLX: 0.000
       a =  0.000      CL = -3.5223
      Cm =  0.7774     CD =  0.47139   =>   CDf =  0.00313    CDp =  0.46826

 Side 1  free  transition at x/c =  0.6178   46
 Side 2  free  transition at x/c =  0.0069   15

 139   rms: 0.1242E+03   max: -.6856E+03   C at   88  2   RLX: 0.001
       a =  0.000      CL = -3.5203
      Cm =  0.7769     CD =  0.47197   =>   CDf =  0.00313    CDp =  0.46884

 Side 1  free  transition at x/c =  0.6178   46
 Side 2  free  transition at x/c =  0.0069   15

 140   rms: 0.1336E+04   max: -.7599E+04   C at   88  2   RLX: 0.000
       a =  0.000      CL = -3.5200
      Cm =  0.7768     CD =  0.47310   =>   CDf =  0.00313    CDp =  0.46996

 Side 1  free  transition at x/c =  0.6178   46
 Side 2  free  transition at x/c =  0.0069   15

 141   rms: 0.1479E+04   max: 0.8935E+04   C at   88  2   RLX: 0.000
       a =  0.000      CL = -3.5197
      Cm =  0.7767     CD =  0.47270   =>   CDf =  0.00313    CDp =  0.46957

 Side 1  free  transition at x/c =  0.6178   46
 Side 2  free  transition at x/c =  0.0069   15

 142   rms: 0.2354E+03   max: -.1307E+04   C at   88  2   RLX: 0.000
       a =  0.000      CL = -3.5187
      Cm =  0.7765     CD =  0.47352   =>   CDf =  0.00313    CDp =  0.47039

 Side 1  free  transition at x/c =  0.6178   46
 Side 2  free  transition at x/c =  0.0069   15

 143   rms: 0.5034E+05   max: -.2905E+06   C at   88  2   RLX: 0.000
       a =  0.000      CL = -3.5186
      Cm =  0.7764     CD =  0.47445   =>   CDf =  0.00313    CDp =  0.47131

 Side 1  free  transition at x/c =  0.6178   46
 Side 2  free  transition at x/c =  0.0069   15

 144   rms: 0.1130E+04   max: 0.6998E+04   C at   88  2   RLX: 0.000
       a =  0.000      CL = -3.5181
      Cm =  0.7763     CD =  0.47389   =>   CDf =  0.00313    CDp =  0.47075

 Side 1  free  transition at x/c =  0.6179   46
 Side 2  free  transition at x/c =  0.0069   15

 145   rms: 0.3869E+03   max: -.2162E+04   C at   88  2   RLX: 0.000
       a =  0.000      CL = -3.5174
      Cm =  0.7761     CD =  0.47474   =>   CDf =  0.00313    CDp =  0.47160

 Side 1  free  transition at x/c =  0.6179   46
 Side 2  free  transition at x/c =  0.0069   15

 146   rms: 0.2800E+04   max: 0.1638E+05   C at   88  2   RLX: 0.000
       a =  0.000      CL = -3.5173
      Cm =  0.7761     CD =  0.47479   =>   CDf =  0.00313    CDp =  0.47166

 Side 1  free  transition at x/c =  0.6179   46
 Side 2  free  transition at x/c =  0.0069   15

 147   rms: 0.1227E+03   max: -.6772E+03   C at   88  2   RLX: 0.001
       a =  0.000      CL = -3.5154
      Cm =  0.7756     CD =  0.47539   =>   CDf =  0.00313    CDp =  0.47226

 Side 1  free  transition at x/c =  0.6179   46
 Side 2  free  transition at x/c =  0.0069   15

 148   rms: 0.1486E+04   max: -.8438E+04   C at   88  2   RLX: 0.000
       a =  0.000      CL = -3.5152
      Cm =  0.7756     CD =  0.47645   =>   CDf =  0.00314    CDp =  0.47331

 Side 1  free  transition at x/c =  0.6179   46
 Side 2  free  transition at x/c =  0.0069   15

 149   rms: 0.1325E+04   max: 0.7980E+04   C at   88  2   RLX: 0.000
       a =  0.000      CL = -3.5148
      Cm =  0.7755     CD =  0.47613   =>   CDf =  0.00314    CDp =  0.47300

 Side 1  free  transition at x/c =  0.6179   46
 Side 2  free  transition at x/c =  0.0069   15

 150   rms: 0.2530E+03   max: -.1403E+04   C at   88  2   RLX: 0.000
       a =  0.000      CL = -3.5138
      Cm =  0.7752     CD =  0.47719   =>   CDf =  0.00314    CDp =  0.47405

 Side 1  free  transition at x/c =  0.6179   46
 Side 2  free  transition at x/c =  0.0069   15

 151   rms: 0.5373E+04   max: 0.3093E+05   C at   88  2   RLX: 0.000
       a =  0.000      CL = -3.5138
      Cm =  0.7752     CD =  0.47761   =>   CDf =  0.00314    CDp =  0.47448

 Side 1  free  transition at x/c =  0.6179   46
 Side 2  free  transition at x/c =  0.0069   15

 152   rms: 0.1082E+03   max: -.5955E+03   C at   88  2   RLX: 0.001
       a =  0.000      CL = -3.5116
      Cm =  0.7747     CD =  0.47927   =>   CDf =  0.00314    CDp =  0.47614

 Side 1  free  transition at x/c =  0.6180   46
 Side 2  free  transition at x/c =  0.0069   15

 153   rms: 0.2564E+04   max: -.1444E+05   C at   88  2   RLX: 0.000
       a =  0.000      CL = -3.5114
      Cm =  0.7746     CD =  0.47998   =>   CDf =  0.00314    CDp =  0.47684

 Side 1  free  transition at x/c =  0.6180   46
 Side 2  free  transition at x/c =  0.0069   15

 154   rms: 0.1162E+04   max: 0.6908E+04   C at   88  2   RLX: 0.000
       a =  0.000      CL = -3.5109
      Cm =  0.7745     CD =  0.47992   =>   CDf =  0.00314    CDp =  0.47678

 Side 1  free  transition at x/c =  0.6180   46
 Side 2  free  transition at x/c =  0.0069   15

 155   rms: 0.3204E+03   max: -.1769E+04   C at   88  2   RLX: 0.000
       a =  0.000      CL = -3.5100
      Cm =  0.7743     CD =  0.48179   =>   CDf =  0.00314    CDp =  0.47866

 Side 1  free  transition at x/c =  0.6180   46
 Side 2  free  transition at x/c =  0.0069   15

 156   rms: 0.1779E+04   max: 0.1016E+05   C at   88  2   RLX: 0.000
       a =  0.000      CL = -3.5098
      Cm =  0.7742     CD =  0.48245   =>   CDf =  0.00314    CDp =  0.47932

 Side 1  free  transition at x/c =  0.6180   46
 Side 2  free  transition at x/c =  0.0069   15

 157   rms: 0.1258E+03   max: -.6919E+03   C at   88  2   RLX: 0.001
       a =  0.000      CL = -3.5078
      Cm =  0.7737     CD =  0.48495   =>   CDf =  0.00314    CDp =  0.48181

 Side 1  free  transition at x/c =  0.6180   46
 Side 2  free  transition at x/c =  0.0069   15

 158   rms: 0.2372E+04   max: 0.1330E+05   C at   88  2   RLX: 0.000
       a =  0.000      CL = -3.5078
      Cm =  0.7737     CD =  0.48588   =>   CDf =  0.00314    CDp =  0.48274

 Side 1  free  transition at x/c =  0.6181   46
 Side 2  free  transition at x/c =  0.0069   15

 159   rms: 0.7960E+02   max: -.4401E+03   C at   88  2   RLX: 0.001
       a =  0.000      CL = -3.5046
      Cm =  0.7729     CD =  0.48796   =>   CDf =  0.00314    CDp =  0.48483

 Side 1  free  transition at x/c =  0.6181   46
 Side 2  free  transition at x/c =  0.0069   15

 160   rms: 0.1416E+04   max: 0.7898E+04   C at   88  2   RLX: 0.000
       a =  0.000      CL = -3.5047
      Cm =  0.7729     CD =  0.48794   =>   CDf =  0.00314    CDp =  0.48480

 Side 1  free  transition at x/c =  0.6181   46
 Side 2  free  transition at x/c =  0.0069   15

 161   rms: 0.7463E+02   max: -.4151E+03   C at   88  2   RLX: 0.001
       a =  0.000      CL = -3.5012
      Cm =  0.7720     CD =  0.48940   =>   CDf =  0.00314    CDp =  0.48627

 Side 1  free  transition at x/c =  0.6181   46
 Side 2  free  transition at x/c =  0.0069   15

 162   rms: 0.6650E+03   max: 0.3711E+04   C at   88  2   RLX: 0.000
       a =  0.000      CL = -3.5011
      Cm =  0.7720     CD =  0.48817   =>   CDf =  0.00314    CDp =  0.48503

 Side 1  free  transition at x/c =  0.6182   46
 Side 2  free  transition at x/c =  0.0069   15

 163   rms: 0.8698E+02   max: -.4849E+03   C at   88  2   RLX: 0.001
       a =  0.000      CL = -3.4979
      Cm =  0.7712     CD =  0.48948   =>   CDf =  0.00314    CDp =  0.48634

 Side 1  free  transition at x/c =  0.6182   46
 Side 2  free  transition at x/c =  0.0069   15

 164   rms: 0.4609E+03   max: 0.2576E+04   C at   88  2   RLX: 0.001
       a =  0.000      CL = -3.4976
      Cm =  0.7711     CD =  0.48787   =>   CDf =  0.00314    CDp =  0.48473

 Side 1  free  transition at x/c =  0.6183   46
 Side 2  free  transition at x/c =  0.0069   15

 165   rms: 0.1157E+03   max: -.6459E+03   C at   88  2   RLX: 0.001
       a =  0.000      CL = -3.4948
      Cm =  0.7704     CD =  0.48928   =>   CDf =  0.00314    CDp =  0.48615

 Side 1  free  transition at x/c =  0.6183   46
 Side 2  free  transition at x/c =  0.0069   15

 166   rms: 0.3355E+03   max: 0.1878E+04   C at   88  2   RLX: 0.001
       a =  0.000      CL = -3.4944
      Cm =  0.7702     CD =  0.48744   =>   CDf =  0.00314    CDp =  0.48430

 Side 1  free  transition at x/c =  0.6184   46
 Side 2  free  transition at x/c =  0.0069   15

 167   rms: 0.1816E+03   max: -.1014E+04   C at   88  2   RLX: 0.000
       a =  0.000      CL = -3.4918
      Cm =  0.7696     CD =  0.48896   =>   CDf =  0.00314    CDp =  0.48582

 Side 1  free  transition at x/c =  0.6183   46
 Side 2  free  transition at x/c =  0.0069   15

 168   rms: 0.2621E+03   max: 0.1470E+04   C at   88  2   RLX: 0.001
       a =  0.000      CL = -3.4913
      Cm =  0.7694     CD =  0.48684   =>   CDf =  0.00314    CDp =  0.48370

 Side 1  free  transition at x/c =  0.6185   46
 Side 2  free  transition at x/c =  0.0069   15

 169   rms: 0.3199E+03   max: -.1789E+04   C at   88  2   RLX: 0.000
       a =  0.000      CL = -3.4890
      Cm =  0.7689     CD =  0.48834   =>   CDf =  0.00314    CDp =  0.48520

 Side 1  free  transition at x/c =  0.6184   46
 Side 2  free  transition at x/c =  0.0069   15

 170   rms: 0.2261E+03   max: 0.1270E+04   C at   88  2   RLX: 0.001
       a =  0.000      CL = -3.4885
      Cm =  0.7687     CD =  0.48598   =>   CDf =  0.00314    CDp =  0.48284

 Side 1  free  transition at x/c =  0.6186   46
 Side 2  free  transition at x/c =  0.0069   15

 171   rms: 0.9943E+03   max: -.5564E+04   C at   88  2   RLX: 0.000
       a =  0.000      CL = -3.4864
      Cm =  0.7682     CD =  0.48748   =>   CDf =  0.00314    CDp =  0.48434

 Side 1  free  transition at x/c =  0.6185   46
 Side 2  free  transition at x/c =  0.0069   15

 172   rms: 0.1905E+03   max: 0.1072E+04   C at   88  2   RLX: 0.001
       a =  0.000      CL = -3.4858
      Cm =  0.7680     CD =  0.48474   =>   CDf =  0.00314    CDp =  0.48160

 Side 1  free  transition at x/c =  0.6187   46
 Side 2  free  transition at x/c =  0.0069   15

 173   rms: 0.1554E+04   max: 0.8697E+04   C at   88  2   RLX: 0.000
       a =  0.000      CL = -3.4915
      Cm =  0.7692     CD =  0.48298   =>   CDf =  0.00314    CDp =  0.47984

 MRCHDU: Convergence failed at  81  side 2    Res =  0.6325E-01
 Side 1  free  transition at x/c =  0.6191   46
 Side 2  free  transition at x/c =  0.0069   15

 174   rms: 0.4640E+01   max: -.2624E+02   C at  101  2   RLX: 0.019
       a =  0.000      CL = -3.4438
      Cm =  0.7576     CD =  0.48934   =>   CDf =  0.00313    CDp =  0.48621

 MRCHDU: Convergence failed at  81  side 2    Res =  0.3714E-01
 Side 1  free  transition at x/c =  0.6197   46
 Side 2  free  transition at x/c =  0.0069   15

 175   rms: 0.5514E+02   max: -.3698E+03   C at   84  2   RLX: 0.001
       a =  0.000      CL = -3.4381
      Cm =  0.7559     CD =  0.47266   =>   CDf =  0.00314    CDp =  0.46952

 MRCHDU: Convergence failed at  81  side 2    Res =  0.1673E+00
 MRCHDU: Convergence failed at  82  side 2    Res =  0.2317E+00
 MRCHDU: Convergence failed at  83  side 2    Res =  0.2003E-01
 MRCHDU: Convergence failed at  84  side 2    Res =  0.1094E-01
 MRCHDU: Convergence failed at  85  side 2    Res =  0.7864E-02
 MRCHDU: Convergence failed at  86  side 2    Res =  0.6652E-02
 MRCHDU: Convergence failed at  87  side 2    Res =  0.5364E-02
 MRCHDU: Convergence failed at 107  side 2    Res =  0.3171E+01
 MRCHDU: Convergence failed at 108  side 2    Res =  0.3555E+01
 MRCHDU: Convergence failed at 109  side 2    Res =  0.5011E+01
 MRCHDU: Convergence failed at 111  side 2    Res =  0.3016E+01
 Side 1  free  transition at x/c =  0.6197   46
 Side 2  free  transition at x/c =  0.0069   15

 176   rms: 0.2627E+01   max: -.1317E+02   C at   98  2   RLX: 0.038
       a =  0.000      CL = -3.3583
      Cm =  0.7341     CD =  0.39126   =>   CDf =  0.00314    CDp =  0.38813

 MRCHDU: Convergence failed at  83  side 2    Res =  0.1874E-01
 MRCHDU: Convergence failed at  84  side 2    Res =  0.1041E-01
 MRCHDU: Convergence failed at  85  side 2    Res =  0.7174E-02
 MRCHDU: Convergence failed at  86  side 2    Res =  0.5407E-02
 MRCHDU: Convergence failed at  87  side 2    Res =  0.3703E-02
 MRCHDU: Convergence failed at  88  side 2    Res =  0.1811E-01
 Side 1  free  transition at x/c =  0.6197   46
 Side 2  free  transition at x/c =  0.0069   15

 177   rms: 0.2699E+01   max: -.1338E+02   C at   98  2   RLX: 0.037
       a =  0.000      CL = -3.2793
      Cm =  0.7116     CD =  0.46211   =>   CDf =  0.00329    CDp =  0.45882

 MRCHDU: Convergence failed at  83  side 2    Res =  0.2076E-01
 MRCHDU: Convergence failed at  84  side 2    Res =  0.1088E-01
 MRCHDU: Convergence failed at  85  side 2    Res =  0.7264E-02
 MRCHDU: Convergence failed at  86  side 2    Res =  0.5050E-02
 MRCHDU: Convergence failed at  87  side 2    Res =  0.3099E-02
 MRCHDU: Convergence failed at  88  side 2    Res =  0.7183E-02
 Side 1  free  transition at x/c =  0.6239   47
 Side 2  free  transition at x/c =  0.0069   15

 178   rms: 0.3668E+01   max: -.1690E+02   C at   98  2   RLX: 0.030
       a =  0.000      CL = -3.1815
      Cm =  0.6863     CD =  0.50134   =>   CDf =  0.00331    CDp =  0.49803

 MRCHDU: Convergence failed at  83  side 2    Res =  0.1596E-01
 MRCHDU: Convergence failed at  84  side 2    Res =  0.1024E-01
 MRCHDU: Convergence failed at  85  side 2    Res =  0.6086E-02
 MRCHDU: Convergence failed at  86  side 2    Res =  0.3563E-02
 MRCHDU: Convergence failed at  87  side 2    Res =  0.1781E-02
 MRCHDU: Convergence failed at  88  side 2    Res =  0.2184E-02
 Side 1  free  transition at x/c =  0.6266   47
 Side 2  free  transition at x/c =  0.0069   15

 179   rms: 0.1344E+02   max: -.9844E+02   T at   87  2   RLX: 0.005
       a =  0.000      CL = -3.1614
      Cm =  0.6797     CD =  0.67382   =>   CDf =  0.00334    CDp =  0.67048

 MRCHDU: Convergence failed at  83  side 2    Res =  0.1096E-01
 MRCHDU: Convergence failed at  84  side 2    Res =  0.8698E-02
 MRCHDU: Convergence failed at  85  side 2    Res =  0.4545E-02
 MRCHDU: Convergence failed at  86  side 2    Res =  0.2229E-02
 MRCHDU: Convergence failed at  87  side 2    Res =  0.8284E-03
 MRCHDU: Convergence failed at  88  side 2    Res =  0.7982E-03
 Side 1  free  transition at x/c =  0.6281   47
 Side 2  free  transition at x/c =  0.0069   15

 180   rms: 0.3147E+02   max: -.3612E+03   T at   87  2   RLX: 0.001
       a =  0.000      CL = -3.1543
      Cm =  0.6773     CD =  0.78432   =>   CDf =  0.00336    CDp =  0.78096

 MRCHDU: Convergence failed at  83  side 2    Res =  0.6441E-02
 MRCHDU: Convergence failed at  84  side 2    Res =  0.7541E-02
 MRCHDU: Convergence failed at  85  side 2    Res =  0.3572E-02
 MRCHDU: Convergence failed at  86  side 2    Res =  0.1501E-02
 MRCHDU: Convergence failed at  87  side 2    Res =  0.4104E-03
 MRCHDU: Convergence failed at  88  side 2    Res =  0.3694E-03
 Side 1  free  transition at x/c =  0.6289   47
 Side 2  free  transition at x/c =  0.0069   15

 181   rms: 0.9122E+01   max: -.1053E+03   T at   87  2   RLX: 0.005
       a =  0.000      CL = -3.1396
      Cm =  0.6731     CD =  0.85972   =>   CDf =  0.00337    CDp =  0.85635

 MRCHDU: Convergence failed at  83  side 2    Res =  0.2264E-02
 MRCHDU: Convergence failed at  84  side 2    Res =  0.6552E-02
 MRCHDU: Convergence failed at  85  side 2    Res =  0.2798E-02
 MRCHDU: Convergence failed at  86  side 2    Res =  0.9607E-03
 MRCHDU: Convergence failed at  87  side 2    Res =  0.2063E-03
 MRCHDU: Convergence failed at  88  side 2    Res =  0.1803E-03
 Side 1  free  transition at x/c =  0.6297   47
 Side 2  free  transition at x/c =  0.0069   15

 182   rms: 0.2328E+02   max: -.2489E+03   T at   86  2   RLX: 0.002
       a =  0.000      CL = -3.1306
      Cm =  0.6704     CD =  0.99204   =>   CDf =  0.00339    CDp =  0.98866

 MRCHDU: Convergence failed at  84  side 2    Res =  0.5690E-03
 MRCHDU: Convergence failed at  85  side 2    Res =  0.1957E-02
 MRCHDU: Convergence failed at  86  side 2    Res =  0.4830E-03
 MRCHDU: Convergence failed at  87  side 2    Res =  0.1119E-03
 MRCHDU: Convergence failed at  88  side 2    Res =  0.9713E-04
 Side 1  free  transition at x/c =  0.6304   47
 Side 2  free  transition at x/c =  0.0069   15

 183   rms: 0.3050E+02   max: -.3213E+03   T at   86  2   RLX: 0.002
       a =  0.000      CL = -3.1222
      Cm =  0.6678     CD =  1.20717   =>   CDf =  0.00340    CDp =  1.20377

 Side 1  free  transition at x/c =  0.6310   47
 Side 2  free  transition at x/c =  0.0069   15

 184   rms: 0.4501E+02   max: -.4310E+03   T at   85  2   RLX: 0.001
       a =  0.000      CL = -3.1138
      Cm =  0.6653     CD =  1.33512   =>   CDf =  0.00342    CDp =  1.33170

 Side 1  free  transition at x/c =  0.6314   47
 Side 2  free  transition at x/c =  0.0069   15

 185   rms: 0.5797E+02   max: 0.6446E+03   T at   85  2   RLX: 0.002
       a =  0.000      CL = -3.1191
      Cm =  0.6676     CD =  1.70866   =>   CDf =  0.00344    CDp =  1.70523

 MRCHDU: Convergence failed at  81  side 2    Res =  0.8478E-01
 MRCHDU: Convergence failed at  82  side 2    Res =  0.3599E-01
 MRCHDU: Convergence failed at  83  side 2    Res =  0.2973E-01
 MRCHDU: Convergence failed at  84  side 2    Res =  0.6443E-02
 MRCHDU: Convergence failed at  85  side 2    Res =  0.1519E-02
 MRCHDU: Convergence failed at  86  side 2    Res =  0.2404E-03
 MRCHDU: Convergence failed at  87  side 2    Res =  0.7594E-04
 MRCHDU: Convergence failed at  88  side 2    Res =  0.7388E-04
 Side 1  free  transition at x/c =  0.6307   47
 Side 2  free  transition at x/c =  0.0069   15

 186   rms: 0.1767E+02   max: 0.1704E+03   T at   85  2   RLX: 0.009
       a =  0.000      CL = -3.1129
      Cm =  0.6679     CD =  1.68591   =>   CDf =  0.00338    CDp =  1.68252

 MRCHDU: Convergence failed at  82  side 2    Res =  0.4907E-01
 MRCHDU: Convergence failed at  83  side 2    Res =  0.9090E-01
 MRCHDU: Convergence failed at  84  side 2    Res =  0.1730E-01
 MRCHDU: Convergence failed at  85  side 2    Res =  0.5203E-02
 MRCHDU: Convergence failed at  86  side 2    Res =  0.5606E-03
 MRCHDU: Convergence failed at  87  side 2    Res =  0.1523E-03
 MRCHDU: Convergence failed at  88  side 2    Res =  0.1382E-03
 Side 1  free  transition at x/c =  0.6295   47
 Side 2  free  transition at x/c =  0.0069   15

 187   rms: 0.3345E+01   max: 0.3682E+02   T at   86  2   RLX: 0.041
       a =  0.000      CL = -3.0364
      Cm =  0.6515     CD =  1.12270   =>   CDf =  0.00330    CDp =  1.11939

 MRCHDU: Convergence failed at  81  side 2    Res =  0.4545E-01
 MRCHDU: Convergence failed at  82  side 2    Res =  0.8443E-01
 MRCHDU: Convergence failed at  83  side 2    Res =  0.1159E+00
 MRCHDU: Convergence failed at  84  side 2    Res =  0.2280E+00
 MRCHDU: Convergence failed at  85  side 2    Res =  0.3374E-01
 MRCHDU: Convergence failed at  86  side 2    Res =  0.2066E-02
 MRCHDU: Convergence failed at  87  side 2    Res =  0.3260E-03
 MRCHDU: Convergence failed at  88  side 2    Res =  0.2680E-03
 MRCHDU: Convergence failed at 107  side 2    Res =  0.8859E-04
 MRCHDU: Convergence failed at 111  side 2    Res =  0.4185E-03
 Side 1  free  transition at x/c =  0.6292   47
 Side 2  free  transition at x/c =  0.0069   15

 188   rms: 0.9490E+00   max: 0.4595E+01   T at   86  2   RLX: 0.115
       a =  0.000      CL = -2.7859
      Cm =  0.5919     CD =  0.89097   =>   CDf =  0.00321    CDp =  0.88776

 MRCHDU: Convergence failed at  81  side 2    Res =  0.8817E-01
 MRCHDU: Convergence failed at  83  side 2    Res =  0.5951E-01
 MRCHDU: Convergence failed at 101  side 2    Res =  0.1109E+01
 MRCHDU: Convergence failed at 102  side 2    Res =  0.1457E+01
 MRCHDU: Convergence failed at 103  side 2    Res =  0.2591E+01
 MRCHDU: Convergence failed at 104  side 2    Res =  0.3517E+01
 MRCHDU: Convergence failed at 105  side 2    Res =  0.4077E+01
 MRCHDU: Convergence failed at 106  side 2    Res =  0.4246E+01
 MRCHDU: Convergence failed at 107  side 2    Res =  0.2235E+02
 MRCHDU: Convergence failed at 108  side 2    Res =  0.3629E+01
 MRCHDU: Convergence failed at 109  side 2    Res =  0.2671E+01
 MRCHDU: Convergence failed at 110  side 2    Res =  0.2618E+01
 MRCHDU: Convergence failed at 111  side 2    Res =  0.6405E+01
 Side 1  free  transition at x/c =  0.6314   47
 Side 2  free  transition at x/c =  0.0070   15

 189   rms: 0.2963E+01   max: -.1542E+02   C at  101  2   RLX: 0.032
       a =  0.000      CL = -2.6964
      Cm =  0.5699     CD =  0.40782   =>   CDf =  0.00319    CDp =  0.40462

 MRCHDU: Convergence failed at  81  side 2    Res =  0.3384E-01
 Side 1  free  transition at x/c =  0.6304   47
 Side 2  free  transition at x/c =  0.0070   15

 190   rms: 0.3156E+01   max: -.3018E+02   T at   87  2   RLX: 0.017
       a =  0.000      CL = -2.6414
      Cm =  0.5569     CD =  0.44237   =>   CDf =  0.00320    CDp =  0.43917

 MRCHDU: Convergence failed at  81  side 2    Res =  0.7674E-01
 MRCHDU: Convergence failed at  82  side 2    Res =  0.2561E+00
 MRCHDU: Convergence failed at  83  side 2    Res =  0.2270E+00
 MRCHDU: Convergence failed at  84  side 2    Res =  0.2724E+00
 MRCHDU: Convergence failed at  85  side 2    Res =  0.3321E-01
 MRCHDU: Convergence failed at  86  side 2    Res =  0.3689E-02
 MRCHDU: Convergence failed at  87  side 2    Res =  0.1641E-03
 MRCHDU: Convergence failed at  88  side 2    Res =  0.1409E-03
 Side 1  free  transition at x/c =  0.6297   47
 Side 2  free  transition at x/c =  0.0070   15

 191   rms: 0.3604E+02   max: -.3901E+03   T at   87  2   RLX: 0.001
       a =  0.000      CL = -2.6336
      Cm =  0.5543     CD =  0.81825   =>   CDf =  0.00321    CDp =  0.81504

 MRCHDU: Convergence failed at  81  side 2    Res =  0.5373E+00
 MRCHDU: Convergence failed at  82  side 2    Res =  0.3304E-01
 Side 1  free  transition at x/c =  0.6306   47
 Side 2  free  transition at x/c =  0.0070   15

 192   rms: 0.3308E+01   max: -.1969E+02   T at   86  2   RLX: 0.025
       a =  0.000      CL = -2.5421
      Cm =  0.5341     CD =  0.53775   =>   CDf =  0.00349    CDp =  0.53426

 Side 1  free  transition at x/c =  0.6283   48
 Side 2  free  transition at x/c =  0.0070   14

 193   rms: 0.2872E+01   max: -.1503E+02   C at  101  2   RLX: 0.033
       a =  0.000      CL = -2.5316
      Cm =  0.5283     CD =  0.57313   =>   CDf =  0.00327    CDp =  0.56986

 Side 1  free  transition at x/c =  0.6329   48
 Side 2  free  transition at x/c =  0.0070   14

 194   rms: 0.4944E+01   max: -.4348E+02   T at   85  2   RLX: 0.012
       a =  0.000      CL = -2.4952
      Cm =  0.5198     CD =  0.95496   =>   CDf =  0.00328    CDp =  0.95167

 Side 1  free  transition at x/c =  0.6327   48
 Side 2  free  transition at x/c =  0.0070   14

 195   rms: 0.5030E+01   max: -.5161E+02   T at   85  2   RLX: 0.010
       a =  0.000      CL = -2.4893
      Cm =  0.5171     CD =  1.16887   =>   CDf =  0.00330    CDp =  1.16557

 Side 1  free  transition at x/c =  0.6343   49
 Side 2  free  transition at x/c =  0.0070   14

 196   rms: 0.5703E+01   max: -.3922E+02   T at   85  2   RLX: 0.013
       a =  0.000      CL = -2.5098
      Cm =  0.5187     CD =  1.26339   =>   CDf =  0.00331    CDp =  1.26008

 Side 1  free  transition at x/c =  0.6412   49
 Side 2  free  transition at x/c =  0.0070   14

 197   rms: 0.1076E+02   max: -.5132E+02   C at   49  1   RLX: 0.010
       a =  0.000      CL = -2.6080
      Cm =  0.5343     CD =  1.39191   =>   CDf =  0.00302    CDp =  1.38889

 Side 1  free  transition at x/c =  0.6558   49
 Side 2  free  transition at x/c =  0.0070   15

 198   rms: 0.2295E+02   max: -.1033E+03   C at   89  2   RLX: 0.005
       a =  0.000      CL = -2.6852
      Cm =  0.5488     CD =  1.37382   =>   CDf =  0.00336    CDp =  1.37046

 Side 1  free  transition at x/c =  0.6659   50
 Side 2  free  transition at x/c =  0.0070   15

 199   rms: 0.1649E+02   max: -.8479E+02   C at   89  2   RLX: 0.006
       a =  0.000      CL = -2.7156
      Cm =  0.5545     CD =  1.41394   =>   CDf =  0.00340    CDp =  1.41054

 Side 1  free  transition at x/c =  0.6708   50
 Side 2  free  transition at x/c =  0.0070   15

 200   rms: 0.1896E+02   max: -.1003E+03   C at   88  2   RLX: 0.005
       a =  0.000      CL = -2.7294
      Cm =  0.5564     CD =  1.42270   =>   CDf =  0.00341    CDp =  1.41929

 Side 1  free  transition at x/c =  0.6739   50
 Side 2  free  transition at x/c =  0.0070   15

 201   rms: 0.2297E+02   max: -.1276E+03   C at   88  2   RLX: 0.004
       a =  0.000      CL = -2.7370
      Cm =  0.5572     CD =  1.42411   =>   CDf =  0.00342    CDp =  1.42070

 Side 1  free  transition at x/c =  0.6758   50
 Side 2  free  transition at x/c =  0.0070   15

 202   rms: 0.3150E+02   max: -.1660E+03   C at   88  2   RLX: 0.003
       a =  0.000      CL = -2.7408
      Cm =  0.5574     CD =  1.42352   =>   CDf =  0.00342    CDp =  1.42010

 Side 1  free  transition at x/c =  0.6771   50
 Side 2  free  transition at x/c =  0.0070   15

 203   rms: 0.3946E+02   max: -.2108E+03   C at   88  2   RLX: 0.002
       a =  0.000      CL = -2.7430
      Cm =  0.5574     CD =  1.42333   =>   CDf =  0.00343    CDp =  1.41990

 Side 1  free  transition at x/c =  0.6770   50
 Side 2  free  transition at x/c =  0.0070   15

 204   rms: 0.4994E+02   max: -.2734E+03   C at   88  2   RLX: 0.002
       a =  0.000      CL = -2.7444
      Cm =  0.5574     CD =  1.42329   =>   CDf =  0.00345    CDp =  1.41984

 Side 1  free  transition at x/c =  0.6775   51
 Side 2  free  transition at x/c =  0.0070   15

 205   rms: 0.6219E+02   max: -.3530E+03   C at   88  2   RLX: 0.001
       a =  0.000      CL = -2.7455
      Cm =  0.5574     CD =  1.42263   =>   CDf =  0.00345    CDp =  1.41918
 VISCAL:  Convergence failed
      9.000    4.3394   1.422631   0.001449   0.001481   0.000032    0.6775     #
 Calculating wake trajectory ...
 Calculating source influence matrix ...

 Solving BL system ...

 Side 1  free  transition at x/c =  0.6780   51
 Side 2  free  transition at x/c =  0.0070   15

   1   rms: 0.6926E+02   max: -.4188E+03   C at   88  2   RLX: 0.001
       a =  1.000      CL = -2.7466
      Cm =  0.5573     CD =  1.42266   =>   CDf =  0.00344    CDp =  1.41923

 Side 1  free  transition at x/c =  0.6783   51
 Side 2  free  transition at x/c =  0.0070   15

   2   rms: 0.7586E+02   max: -.5027E+03   C at   88  2   RLX: 0.001
       a =  1.000      CL = -2.7470
      Cm =  0.5572     CD =  1.42269   =>   CDf =  0.00344    CDp =  1.41925

 Side 1  free  transition at x/c =  0.6786   51
 Side 2  free  transition at x/c =  0.0070   15

   3   rms: 0.7951E+02   max: -.5954E+03   C at   88  2   RLX: 0.001
       a =  1.000      CL = -2.7472
      Cm =  0.5571     CD =  1.42274   =>   CDf =  0.00344    CDp =  1.41931

 Side 1  free  transition at x/c =  0.6788   51
 Side 2  free  transition at x/c =  0.0070   15

   4   rms: 0.8112E+02   max: -.6994E+03   C at   88  2   RLX: 0.001
       a =  1.000      CL = -2.7474
      Cm =  0.5570     CD =  1.42280   =>   CDf =  0.00343    CDp =  1.41937

 Side 1  free  transition at x/c =  0.6790   51
 Side 2  free  transition at x/c =  0.0070   15

   5   rms: 0.8265E+02   max: -.8109E+03   C at   88  2   RLX: 0.001
       a =  1.000      CL = -2.7475
      Cm =  0.5569     CD =  1.42287   =>   CDf =  0.00343    CDp =  1.41944

 Side 1  free  transition at x/c =  0.6792   51
 Side 2  free  transition at x/c =  0.0070   15

   6   rms: 0.8728E+02   max: -.9324E+03   C at   88  2   RLX: 0.001
       a =  1.000      CL = -2.7477
      Cm =  0.5568     CD =  1.42294   =>   CDf =  0.00343    CDp =  1.41951

 Side 1  free  transition at x/c =  0.6793   51
 Side 2  free  transition at x/c =  0.0070   15

   7   rms: 0.9620E+02   max: -.1066E+04   C at   88  2   RLX: 0.000
       a =  1.000      CL = -2.7477
      Cm =  0.5568     CD =  1.42301   =>   CDf =  0.00343    CDp =  1.41957

 Side 1  free  transition at x/c =  0.6795   51
 Side 2  free  transition at x/c =  0.0070   15

   8   rms: 0.1085E+03   max: -.1211E+04   C at   88  2   RLX: 0.000
       a =  1.000      CL = -2.7478
      Cm =  0.5567     CD =  1.42307   =>   CDf =  0.00343    CDp =  1.41964

 Side 1  free  transition at x/c =  0.6796   51
 Side 2  free  transition at x/c =  0.0071   15

   9   rms: 0.1223E+03   max: -.1363E+04   C at   88  2   RLX: 0.000
       a =  1.000      CL = -2.7479
      Cm =  0.5567     CD =  1.42313   =>   CDf =  0.00343    CDp =  1.41970

 Side 1  free  transition at x/c =  0.6797   51
 Side 2  free  transition at x/c =  0.0071   15

  10   rms: 0.1373E+03   max: -.1524E+04   C at   88  2   RLX: 0.000
       a =  1.000      CL = -2.7480
      Cm =  0.5566     CD =  1.42319   =>   CDf =  0.00343    CDp =  1.41976

 Side 1  free  transition at x/c =  0.6798   51
 Side 2  free  transition at x/c =  0.0071   15

  11   rms: 0.1528E+03   max: -.1692E+04   C at   88  2   RLX: 0.000
       a =  1.000      CL = -2.7480
      Cm =  0.5566     CD =  1.42325   =>   CDf =  0.00343    CDp =  1.41982

 Side 1  free  transition at x/c =  0.6798   51
 Side 2  free  transition at x/c =  0.0071   15

  12   rms: 0.1691E+03   max: -.1870E+04   C at   88  2   RLX: 0.000
       a =  1.000      CL = -2.7481
      Cm =  0.5565     CD =  1.42330   =>   CDf =  0.00343    CDp =  1.41987

 Side 1  free  transition at x/c =  0.6799   51
 Side 2  free  transition at x/c =  0.0071   15

  13   rms: 0.1865E+03   max: -.2062E+04   C at   88  2   RLX: 0.000
       a =  1.000      CL = -2.7481
      Cm =  0.5565     CD =  1.42335   =>   CDf =  0.00343    CDp =  1.41992

 Side 1  free  transition at x/c =  0.6800   51
 Side 2  free  transition at x/c =  0.0071   15

  14   rms: 0.2043E+03   max: -.2260E+04   C at   88  2   RLX: 0.000
       a =  1.000      CL = -2.7481
      Cm =  0.5565     CD =  1.42340   =>   CDf =  0.00343    CDp =  1.41997

 Side 1  free  transition at x/c =  0.6800   51
 Side 2  free  transition at x/c =  0.0071   15

  15   rms: 0.2227E+03   max: -.2464E+04   C at   88  2   RLX: 0.000
       a =  1.000      CL = -2.7482
      Cm =  0.5564     CD =  1.42344   =>   CDf =  0.00343    CDp =  1.42001

 Side 1  free  transition at x/c =  0.6801   51
 Side 2  free  transition at x/c =  0.0071   15

  16   rms: 0.2422E+03   max: -.2682E+04   C at   88  2   RLX: 0.000
       a =  1.000      CL = -2.7482
      Cm =  0.5564     CD =  1.42349   =>   CDf =  0.00343    CDp =  1.42006

 Side 1  free  transition at x/c =  0.6801   51
 Side 2  free  transition at x/c =  0.0071   15

  17   rms: 0.2621E+03   max: -.2903E+04   C at   88  2   RLX: 0.000
       a =  1.000      CL = -2.7482
      Cm =  0.5564     CD =  1.42352   =>   CDf =  0.00343    CDp =  1.42009

 Side 1  free  transition at x/c =  0.6802   51
 Side 2  free  transition at x/c =  0.0071   15

  18   rms: 0.2835E+03   max: -.3141E+04   C at   88  2   RLX: 0.000
       a =  1.000      CL = -2.7482
      Cm =  0.5563     CD =  1.42356   =>   CDf =  0.00343    CDp =  1.42013

 Side 1  free  transition at x/c =  0.6802   51
 Side 2  free  transition at x/c =  0.0071   15

  19   rms: 0.3051E+03   max: -.3382E+04   C at   88  2   RLX: 0.000
       a =  1.000      CL = -2.7482
      Cm =  0.5563     CD =  1.42360   =>   CDf =  0.00343    CDp =  1.42017

 MRCHDU: Convergence failed at  84  side 2    Res =  0.2758E-01
 MRCHDU: Convergence failed at  85  side 2    Res =  0.1746E-01
 MRCHDU: Convergence failed at  86  side 2    Res =  0.1208E-02
 MRCHDU: Convergence failed at  87  side 2    Res =  0.4201E-02
 MRCHDU: Convergence failed at  88  side 2    Res =  0.8633E-05
 Side 1  free  transition at x/c =  0.6803   51
 Side 2  free  transition at x/c =  0.0071   15

  20   rms: 0.3276E+03   max: -.3633E+04   C at   88  2   RLX: 0.000
       a =  1.000      CL = -2.7483
      Cm =  0.5563     CD =  1.42363   =>   CDf =  0.00343    CDp =  1.42020

 MRCHDU: Convergence failed at  83  side 2    Res =  0.2655E-01
 MRCHDU: Convergence failed at  84  side 2    Res =  0.5257E-01
 MRCHDU: Convergence failed at  85  side 2    Res =  0.1747E-01
 MRCHDU: Convergence failed at  86  side 2    Res =  0.1207E-02
 MRCHDU: Convergence failed at  87  side 2    Res =  0.4202E-02
 MRCHDU: Convergence failed at  88  side 2    Res =  0.8635E-05
 Side 1  free  transition at x/c =  0.6803   51
 Side 2  free  transition at x/c =  0.0071   15

  21   rms: 0.3508E+03   max: -.3892E+04   C at   88  2   RLX: 0.000
       a =  1.000      CL = -2.7483
      Cm =  0.5563     CD =  1.42366   =>   CDf =  0.00343    CDp =  1.42023

 MRCHDU: Convergence failed at  83  side 2    Res =  0.7799E-01
 MRCHDU: Convergence failed at  84  side 2    Res =  0.5261E-01
 MRCHDU: Convergence failed at  85  side 2    Res =  0.1748E-01
 MRCHDU: Convergence failed at  86  side 2    Res =  0.1207E-02
 MRCHDU: Convergence failed at  87  side 2    Res =  0.4202E-02
 MRCHDU: Convergence failed at  88  side 2    Res =  0.8638E-05
 Side 1  free  transition at x/c =  0.6803   51
 Side 2  free  transition at x/c =  0.0071   15

  22   rms: 0.3749E+03   max: -.4160E+04   C at   88  2   RLX: 0.000
       a =  1.000      CL = -2.7483
      Cm =  0.5563     CD =  1.42369   =>   CDf =  0.00343    CDp =  1.42026

 MRCHDU: Convergence failed at  83  side 2    Res =  0.1294E+00
 Side 1  free  transition at x/c =  0.6804   51
 Side 2  free  transition at x/c =  0.0071   15

  23   rms: 0.7899E+01   max: -.4466E+02   C at   51  1   RLX: 0.011
       a =  1.000      CL = -2.8381
      Cm =  0.5682     CD =  2.17536   =>   CDf =  0.00343    CDp =  2.17193

 Side 1  free  transition at x/c =  0.6916   51
 Side 2  free  transition at x/c =  0.0069   15

  24   rms: 0.1187E+02   max: 0.1293E+03   T at   15  2   RLX: 0.004
       a =  1.000      CL = -2.6441
      Cm =  0.4993     CD =  2.56234   =>   CDf =  0.00348    CDp =  2.55887

 Side 1  free  transition at x/c =  0.6946   52
 Side 2  free  transition at x/c =  0.0067   15

  25   rms: 0.8116E+01   max: -.4750E+02   C at   52  1   RLX: 0.011
       a =  1.000      CL = -3.0063
      Cm =  0.5794     CD =  2.48948   =>   CDf =  0.00349    CDp =  2.48599

 Side 1  free  transition at x/c =  0.7061   53
 Side 2  free  transition at x/c =  0.0069   15

  26   rms: 0.9402E+01   max: 0.9915E+01   U at  111  2   RLX: 0.016
       a =  1.000      CL = -3.1985
      Cm =  0.6120     CD =  2.24307   =>   CDf =  0.00357    CDp =  2.23950

 Side 1  free  transition at x/c =  0.7288   54
 Side 2  free  transition at x/c =  0.0226   18

  27   rms: 0.1487E+02   max: 0.8523E+02   C at   85  2   RLX: 0.018
       a =  1.000      CL = -4.0868
      Cm =  0.8684     CD =  3.25915   =>   CDf =  0.00350    CDp =  3.25564

 Side 1  free  transition at x/c =  0.7239   54
 Side 2  free  transition at x/c =  0.0226   18

  28   rms: 0.1713E+02   max: -.5938E+02   T at   78  2   RLX: 0.008
       a =  1.000      CL = -4.0414
      Cm =  0.8740     CD =  3.37311   =>   CDf =  0.00351    CDp =  3.36960

 MRCHDU: Convergence failed at 107  side 2    Res =  0.1236E+01
 MRCHDU: Convergence failed at 108  side 2    Res =  0.1655E+01
 MRCHDU: Convergence failed at 109  side 2    Res =  0.2999E+01
 MRCHDU: Convergence failed at 110  side 2    Res =  0.1976E+02
 Side 1  free  transition at x/c =  0.7200   53
 Side 2  free  transition at x/c =  0.0224   18

  29   rms: 0.8144E+01   max: 0.7203E+02   T at   19  2   RLX: 0.013
       a =  1.000      CL = -4.1153
      Cm =  0.8745     CD =  1.29377   =>   CDf =  0.00355    CDp =  1.29022

 Side 1  free  transition at x/c =  0.7246   54
 Side 2  free  transition at x/c =  0.0150   17

  30   rms: 0.6403E+02   max: -.3169E+03   C at   81  2   RLX: 0.002
       a =  1.000      CL = -4.4231
      Cm =  0.9533     CD =  1.32070   =>   CDf =  0.00352    CDp =  1.31718

 Side 1  free  transition at x/c =  0.7255   54
 Side 2  free  transition at x/c =  0.0150   17

  31   rms: 0.1227E+03   max: -.6186E+03   C at   88  2   RLX: 0.001
       a =  1.000      CL = -4.4241
      Cm =  0.9530     CD =  1.32589   =>   CDf =  0.00351    CDp =  1.32238

 Side 1  free  transition at x/c =  0.7259   54
 Side 2  free  transition at x/c =  0.0150   17

  32   rms: 0.1676E+03   max: -.8816E+03   C at   88  2   RLX: 0.001
       a =  1.000      CL = -4.4236
      Cm =  0.9525     CD =  1.32877   =>   CDf =  0.00351    CDp =  1.32526

 Side 1  free  transition at x/c =  0.7261   54
 Side 2  free  transition at x/c =  0.0150   17

  33   rms: 0.2133E+03   max: -.1193E+04   C at   88  2   RLX: 0.000
       a =  1.000      CL = -4.4231
      Cm =  0.9521     CD =  1.33102   =>   CDf =  0.00350    CDp =  1.32751

 Side 1  free  transition at x/c =  0.7262   54
 Side 2  free  transition at x/c =  0.0150   17

  34   rms: 0.2591E+03   max: -.1572E+04   C at   88  2   RLX: 0.000
       a =  1.000      CL = -4.4225
      Cm =  0.9518     CD =  1.33282   =>   CDf =  0.00350    CDp =  1.32932

 Side 1  free  transition at x/c =  0.7263   54
 Side 2  free  transition at x/c =  0.0150   17

  35   rms: 0.3025E+03   max: -.2009E+04   C at   88  2   RLX: 0.000
       a =  1.000      CL = -4.4221
      Cm =  0.9515     CD =  1.33425   =>   CDf =  0.00350    CDp =  1.33075

 Side 1  free  transition at x/c =  0.7263   54
 Side 2  free  transition at x/c =  0.0150   17

  36   rms: 0.3706E+03   max: -.2662E+04   C at   88  2   RLX: 0.000
       a =  1.000      CL = -4.4218
      Cm =  0.9513     CD =  1.33533   =>   CDf =  0.00350    CDp =  1.33183

 Side 1  free  transition at x/c =  0.7264   54
 Side 2  free  transition at x/c =  0.0150   17

  37   rms: 0.4334E+03   max: -.3284E+04   C at   88  2   RLX: 0.000
       a =  1.000      CL = -4.4215
      Cm =  0.9512     CD =  1.33617   =>   CDf =  0.00350    CDp =  1.33267

 Side 1  free  transition at x/c =  0.7264   54
 Side 2  free  transition at x/c =  0.0150   17

  38   rms: 0.5047E+03   max: -.3928E+04   C at   88  2   RLX: 0.000
       a =  1.000      CL = -4.4212
      Cm =  0.9510     CD =  1.33688   =>   CDf =  0.00350    CDp =  1.33338

 Side 1  free  transition at x/c =  0.7264   54
 Side 2  free  transition at x/c =  0.0150   17

  39   rms: 0.6017E+03   max: -.4731E+04   C at   88  2   RLX: 0.000
       a =  1.000      CL = -4.4210
      Cm =  0.9509     CD =  1.33746   =>   CDf =  0.00350    CDp =  1.33397

 Side 1  free  transition at x/c =  0.7265   54
 Side 2  free  transition at x/c =  0.0150   17

  40   rms: 0.7149E+03   max: -.5638E+04   C at   88  2   RLX: 0.000
       a =  1.000      CL = -4.4208
      Cm =  0.9508     CD =  1.33795   =>   CDf =  0.00350    CDp =  1.33446

 Side 1  free  transition at x/c =  0.7265   54
 Side 2  free  transition at x/c =  0.0150   17

  41   rms: 0.8409E+03   max: -.6634E+04   C at   88  2   RLX: 0.000
       a =  1.000      CL = -4.4207
      Cm =  0.9508     CD =  1.33837   =>   CDf =  0.00350    CDp =  1.33487

 Side 1  free  transition at x/c =  0.7265   54
 Side 2  free  transition at x/c =  0.0150   17

  42   rms: 0.9573E+03   max: -.7549E+04   C at   88  2   RLX: 0.000
       a =  1.000      CL = -4.4206
      Cm =  0.9507     CD =  1.33872   =>   CDf =  0.00350    CDp =  1.33523

 Side 1  free  transition at x/c =  0.7265   54
 Side 2  free  transition at x/c =  0.0150   17

  43   rms: 0.1113E+04   max: -.8774E+04   C at   88  2   RLX: 0.000
       a =  1.000      CL = -4.4204
      Cm =  0.9506     CD =  1.33903   =>   CDf =  0.00350    CDp =  1.33553

 Side 1  free  transition at x/c =  0.7265   54
 Side 2  free  transition at x/c =  0.0150   17

  44   rms: 0.1261E+04   max: -.9934E+04   C at   88  2   RLX: 0.000
       a =  1.000      CL = -4.4203
      Cm =  0.9506     CD =  1.33930   =>   CDf =  0.00350    CDp =  1.33580

 Side 1  free  transition at x/c =  0.7265   54
 Side 2  free  transition at x/c =  0.0150   17

  45   rms: 0.1442E+04   max: -.1135E+05   C at   88  2   RLX: 0.000
       a =  1.000      CL = -4.4202
      Cm =  0.9505     CD =  1.33953   =>   CDf =  0.00350    CDp =  1.33603

 Side 1  free  transition at x/c =  0.7265   54
 Side 2  free  transition at x/c =  0.0150   17

  46   rms: 0.1638E+04   max: -.1289E+05   C at   88  2   RLX: 0.000
       a =  1.000      CL = -4.4202
      Cm =  0.9505     CD =  1.33973   =>   CDf =  0.00350    CDp =  1.33623

 Side 1  free  transition at x/c =  0.7265   54
 Side 2  free  transition at x/c =  0.0150   17

  47   rms: 0.1823E+04   max: -.1434E+05   C at   88  2   RLX: 0.000
       a =  1.000      CL = -4.4201
      Cm =  0.9505     CD =  1.33991   =>   CDf =  0.00350    CDp =  1.33641

 Side 1  free  transition at x/c =  0.7265   54
 Side 2  free  transition at x/c =  0.0150   17

  48   rms: 0.2025E+04   max: -.1593E+05   C at   88  2   RLX: 0.000
       a =  1.000      CL = -4.4200
      Cm =  0.9504     CD =  1.34007   =>   CDf =  0.00350    CDp =  1.33658

 Side 1  free  transition at x/c =  0.7266   54
 Side 2  free  transition at x/c =  0.0150   17

  49   rms: 0.2239E+04   max: -.1762E+05   C at   88  2   RLX: 0.000
       a =  1.000      CL = -4.4200
      Cm =  0.9504     CD =  1.34022   =>   CDf =  0.00350    CDp =  1.33672

 MRCHDU: Convergence failed at  87  side 2    Res =  0.3129E-02
 MRCHDU: Convergence failed at  88  side 2    Res =  0.2391E-04
 Side 1  free  transition at x/c =  0.7266   54
 Side 2  free  transition at x/c =  0.0150   17

  50   rms: 0.2463E+04   max: -.1937E+05   C at   88  2   RLX: 0.000
       a =  1.000      CL = -4.4199
      Cm =  0.9504     CD =  1.34035   =>   CDf =  0.00350    CDp =  1.33686

 MRCHDU: Convergence failed at  83  side 2    Res =  0.5647E-02
 MRCHDU: Convergence failed at  84  side 2    Res =  0.2630E-01
 MRCHDU: Convergence failed at  85  side 2    Res =  0.1569E-01
 MRCHDU: Convergence failed at  86  side 2    Res =  0.2441E-02
 MRCHDU: Convergence failed at  87  side 2    Res =  0.5243E-02
 MRCHDU: Convergence failed at  88  side 2    Res =  0.2390E-04
 Side 1  free  transition at x/c =  0.7266   54
 Side 2  free  transition at x/c =  0.0150   17

  51   rms: 0.2699E+04   max: -.2123E+05   C at   88  2   RLX: 0.000
       a =  1.000      CL = -4.4199
      Cm =  0.9503     CD =  1.34048   =>   CDf =  0.00350    CDp =  1.33698

 MRCHDU: Convergence failed at  82  side 2    Res =  0.1849E-01
 MRCHDU: Convergence failed at  83  side 2    Res =  0.3921E-01
 MRCHDU: Convergence failed at  84  side 2    Res =  0.2631E-01
 MRCHDU: Convergence failed at  85  side 2    Res =  0.1570E-01
 MRCHDU: Convergence failed at  86  side 2    Res =  0.2439E-02
 MRCHDU: Convergence failed at  87  side 2    Res =  0.5243E-02
 MRCHDU: Convergence failed at  88  side 2    Res =  0.2390E-04
 Side 1  free  transition at x/c =  0.7266   54
 Side 2  free  transition at x/c =  0.0150   17

  52   rms: 0.2943E+04   max: -.2316E+05   C at   88  2   RLX: 0.000
       a =  1.000      CL = -4.4198
      Cm =  0.9503     CD =  1.34059   =>   CDf =  0.00350    CDp =  1.33709

 MRCHDU: Convergence failed at  81  side 2    Res =  0.3189E-01
 MRCHDU: Convergence failed at  82  side 2    Res =  0.3852E-01
 MRCHDU: Convergence failed at  83  side 2    Res =  0.3923E-01
 MRCHDU: Convergence failed at  84  side 2    Res =  0.2632E-01
 MRCHDU: Convergence failed at  85  side 2    Res =  0.1570E-01
 MRCHDU: Convergence failed at  86  side 2    Res =  0.2438E-02
 MRCHDU: Convergence failed at  87  side 2    Res =  0.5242E-02
 MRCHDU: Convergence failed at  88  side 2    Res =  0.2389E-04
 Side 1  free  transition at x/c =  0.7266   54
 Side 2  free  transition at x/c =  0.0150   17

  53   rms: 0.3200E+04   max: -.2518E+05   C at   88  2   RLX: 0.000
       a =  1.000      CL = -4.4198
      Cm =  0.9503     CD =  1.34069   =>   CDf =  0.00350    CDp =  1.33719

 MRCHDU: Convergence failed at  79  side 2    Res =  0.1115E-02
 MRCHDU: Convergence failed at  80  side 2    Res =  0.4091E-01
 MRCHDU: Convergence failed at  81  side 2    Res =  0.4168E-01
 MRCHDU: Convergence failed at  82  side 2    Res =  0.3854E-01
 MRCHDU: Convergence failed at  83  side 2    Res =  0.3925E-01
 MRCHDU: Convergence failed at  84  side 2    Res =  0.2633E-01
 MRCHDU: Convergence failed at  85  side 2    Res =  0.1571E-01
 MRCHDU: Convergence failed at  86  side 2    Res =  0.2437E-02
 MRCHDU: Convergence failed at  87  side 2    Res =  0.5242E-02
 MRCHDU: Convergence failed at  88  side 2    Res =  0.2389E-04
 Side 1  free  transition at x/c =  0.7266   54
 Side 2  free  transition at x/c =  0.0150   17

  54   rms: 0.3425E+04   max: -.2694E+05   C at   88  2   RLX: 0.000
       a =  1.000      CL = -4.4198
      Cm =  0.9503     CD =  1.34078   =>   CDf =  0.00350    CDp =  1.33729

 MRCHDU: Convergence failed at  78  side 2    Res =  0.1206E-01
 MRCHDU: Convergence failed at  79  side 2    Res =  0.4075E-01
 MRCHDU: Convergence failed at  80  side 2    Res =  0.4093E-01
 MRCHDU: Convergence failed at  81  side 2    Res =  0.4170E-01
 MRCHDU: Convergence failed at  82  side 2    Res =  0.3856E-01
 MRCHDU: Convergence failed at  83  side 2    Res =  0.3927E-01
 MRCHDU: Convergence failed at  84  side 2    Res =  0.2634E-01
 MRCHDU: Convergence failed at  85  side 2    Res =  0.1571E-01
 MRCHDU: Convergence failed at  86  side 2    Res =  0.2436E-02
 MRCHDU: Convergence failed at  87  side 2    Res =  0.5242E-02
 MRCHDU: Convergence failed at  88  side 2    Res =  0.2389E-04
 Side 1  free  transition at x/c =  0.7266   54
 Side 2  free  transition at x/c =  0.0150   17

  55   rms: 0.3694E+04   max: -.2906E+05   C at   88  2   RLX: 0.000
       a =  1.000      CL = -4.4197
      Cm =  0.9503     CD =  1.34087   =>   CDf =  0.00350    CDp =  1.33737

 MRCHDU: Convergence failed at  77  side 2    Res =  0.1234E-01
 MRCHDU: Convergence failed at  78  side 2    Res =  0.5131E-01
 MRCHDU: Convergence failed at  79  side 2    Res =  0.4077E-01
 MRCHDU: Convergence failed at  80  side 2    Res =  0.4095E-01
 MRCHDU: Convergence failed at  81  side 2    Res =  0.4172E-01
 MRCHDU: Convergence failed at  82  side 2    Res =  0.3858E-01
 MRCHDU: Convergence failed at  83  side 2    Res =  0.3929E-01
 MRCHDU: Convergence failed at  84  side 2    Res =  0.2635E-01
 MRCHDU: Convergence failed at  85  side 2    Res =  0.1572E-01
 MRCHDU: Convergence failed at  86  side 2    Res =  0.2435E-02
 MRCHDU: Convergence failed at  87  side 2    Res =  0.5241E-02
 MRCHDU: Convergence failed at  88  side 2    Res =  0.2388E-04
 Side 1  free  transition at x/c =  0.7266   54
 Side 2  free  transition at x/c =  0.0150   17

  56   rms: 0.3976E+04   max: -.3127E+05   C at   88  2   RLX: 0.000
       a =  1.000      CL = -4.4197
      Cm =  0.9502     CD =  1.34095   =>   CDf =  0.00350    CDp =  1.33745

 MRCHDU: Convergence failed at  77  side 2    Res =  0.6383E-01
 MRCHDU: Convergence failed at  78  side 2    Res =  0.5135E-01
 MRCHDU: Convergence failed at  79  side 2    Res =  0.4079E-01
 MRCHDU: Convergence failed at  80  side 2    Res =  0.4097E-01
 MRCHDU: Convergence failed at  81  side 2    Res =  0.4174E-01
 MRCHDU: Convergence failed at  82  side 2    Res =  0.3860E-01
 MRCHDU: Convergence failed at  83  side 2    Res =  0.3931E-01
 MRCHDU: Convergence failed at  84  side 2    Res =  0.2636E-01
 MRCHDU: Convergence failed at  85  side 2    Res =  0.1572E-01
 MRCHDU: Convergence failed at  86  side 2    Res =  0.2434E-02
 MRCHDU: Convergence failed at  87  side 2    Res =  0.5241E-02
 MRCHDU: Convergence failed at  88  side 2    Res =  0.2388E-04
 Side 1  free  transition at x/c =  0.7266   54
 Side 2  free  transition at x/c =  0.0150   17

  57   rms: 0.4268E+04   max: -.3356E+05   C at   88  2   RLX: 0.000
       a =  1.000      CL = -4.4197
      Cm =  0.9502     CD =  1.34103   =>   CDf =  0.00350    CDp =  1.33753

 MRCHDU: Convergence failed at  77  side 2    Res =  0.1153E+00
 Side 1  free  transition at x/c =  0.7266   54
 Side 2  free  transition at x/c =  0.0150   17

  58   rms: 0.3463E+02   max: -.1612E+03   C at   88  2   RLX: 0.003
       a =  1.000      CL = -4.4340
      Cm =  0.9482     CD =  1.30864   =>   CDf =  0.00350    CDp =  1.30514

 Side 1  free  transition at x/c =  0.7297   54
 Side 2  free  transition at x/c =  0.0150   17

  59   rms: 0.1439E+03   max: 0.6974E+03   C at   82  2   RLX: 0.002
       a =  1.000      CL = -4.4141
      Cm =  0.9505     CD =  1.42697   =>   CDf =  0.00347    CDp =  1.42351

 Side 1  free  transition at x/c =  0.7268   54
 Side 2  free  transition at x/c =  0.0151   17

  60   rms: 0.5043E+02   max: 0.2741E+03   C at   81  2   RLX: 0.005
       a =  1.000      CL = -4.3388
      Cm =  0.9501     CD =  1.59796   =>   CDf =  0.00349    CDp =  1.59447

 MRCHDU: Convergence failed at  82  side 2    Res =  0.1612E-01
 Side 1  free  transition at x/c =  0.7195   53
 Side 2  free  transition at x/c =  0.0149   17

  61   rms: 0.1038E+02   max: 0.1011E+03   T at   86  2   RLX: 0.015
       a =  1.000      CL = -4.2467
      Cm =  0.9243     CD =  3.13597   =>   CDf =  0.00354    CDp =  3.13243

 MRCHDU: Convergence failed at  82  side 2    Res =  0.6338E-02
 MRCHDU: Convergence failed at 105  side 2    Res =  0.1662E+02
 MRCHDU: Convergence failed at 109  side 2    Res =  0.1502E+01
 MRCHDU: Convergence failed at 110  side 2    Res =  0.1073E+01
 Side 1  free  transition at x/c =  0.7145   53
 Side 2  free  transition at x/c =  0.0149   17

  62   rms: 0.1736E+02   max: -.2594E+03   T at   86  2   RLX: 0.002
       a =  1.000      CL = -4.2370
      Cm =  0.9224     CD =  1.18003   =>   CDf =  0.00345    CDp =  1.17658

 MRCHDU: Convergence failed at  82  side 2    Res =  0.4046E-02
 MRCHDU: Convergence failed at  83  side 2    Res =  0.1048E+01
 MRCHDU: Convergence failed at  84  side 2    Res =  0.7758E-01
 MRCHDU: Convergence failed at  85  side 2    Res =  0.2054E-01
 MRCHDU: Convergence failed at  86  side 2    Res =  0.1909E-03
 MRCHDU: Convergence failed at  87  side 2    Res =  0.4683E-04
 MRCHDU: Convergence failed at  88  side 2    Res =  0.3472E-04
 MRCHDU: Convergence failed at  90  side 2    Res =  0.1814E-03
 Side 1  free  transition at x/c =  0.7140   53
 Side 2  free  transition at x/c =  0.0149   17

  63   rms: 0.1147E+02   max: 0.1336E+03   T at   86  2   RLX: 0.011
       a =  1.000      CL = -4.2002
      Cm =  0.9141     CD =  3.12030   =>   CDf =  0.00345    CDp =  3.11685

 MRCHDU: Convergence failed at  82  side 2    Res =  0.2861E-02
 MRCHDU: Convergence failed at  83  side 2    Res =  0.3865E+00
 MRCHDU: Convergence failed at  84  side 2    Res =  0.2206E+00
 Side 1  free  transition at x/c =  0.7121   53
 Side 2  free  transition at x/c =  0.0148   17

  64   rms: 0.2067E+01   max: 0.2213E+02   T at   86  2   RLX: 0.068
       a =  1.000      CL = -4.0052
      Cm =  0.8564     CD =  0.73929   =>   CDf =  0.00340    CDp =  0.73589

 MRCHDU: Convergence failed at  82  side 2    Res =  0.2050E-02
 MRCHDU: Convergence failed at  83  side 2    Res =  0.9040E+00
 MRCHDU: Convergence failed at  84  side 2    Res =  0.3533E+00
 Side 1  free  transition at x/c =  0.7164   53
 Side 2  free  transition at x/c =  0.0120   17

  65   rms: 0.1965E+01   max: -.7763E+01   T at   17  2   RLX: 0.064
       a =  1.000      CL = -3.7157
      Cm =  0.7627     CD =  0.71137   =>   CDf =  0.00337    CDp =  0.70800

 MRCHDU: Convergence failed at  83  side 2    Res =  0.3835E+00
 MRCHDU: Convergence failed at  84  side 2    Res =  0.6617E-01
 MRCHDU: Convergence failed at 105  side 2    Res =  0.4398E+01
 MRCHDU: Convergence failed at 106  side 2    Res =  0.1896E+01
 MRCHDU: Convergence failed at 107  side 2    Res =  0.1083E+01
 MRCHDU: Convergence failed at 108  side 2    Res =  0.1186E+01
 Side 1  free  transition at x/c =  0.7107   53
 Side 2  free  transition at x/c =  0.0110   17

  66   rms: 0.1537E+01   max: 0.9034E+01   C at   84  2   RLX: 0.127
       a =  1.000      CL = -3.5243
      Cm =  0.7341     CD =  0.68301   =>   CDf =  0.00341    CDp =  0.67960

 MRCHDU: Convergence failed at  83  side 2    Res =  0.6258E+00
 MRCHDU: Convergence failed at  84  side 2    Res =  0.2181E+00
 Side 1  free  transition at x/c =  0.7035   52
 Side 2  free  transition at x/c =  0.0104   16

  67   rms: 0.1542E+01   max: 0.7358E+01   C at   81  2   RLX: 0.099
       a =  1.000      CL = -3.6780
      Cm =  0.8214     CD =  1.34067   =>   CDf =  0.00341    CDp =  1.33726

 MRCHDU: Convergence failed at  82  side 2    Res =  0.1490E-01
 MRCHDU: Convergence failed at  83  side 2    Res =  0.7451E-01
 MRCHDU: Convergence failed at  84  side 2    Res =  0.6312E-01
 MRCHDU: Convergence failed at 108  side 2    Res =  0.3232E+01
 MRCHDU: Convergence failed at 109  side 2    Res =  0.2494E+01
 MRCHDU: Convergence failed at 110  side 2    Res =  0.9417E+01
 MRCHDU: Convergence failed at 111  side 2    Res =  0.9963E+01
 Side 1  free  transition at x/c =  0.6953   52
 Side 2  free  transition at x/c =  0.0104   16

  68   rms: 0.1477E+01   max: 0.7831E+01   C at   83  2   RLX: 0.159
       a =  1.000      CL = -3.0642
      Cm =  0.6720     CD =  1.43348   =>   CDf =  0.00369    CDp =  1.42979

 MRCHDU: Convergence failed at  81  side 2    Res =  0.6757E-02
 MRCHDU: Convergence failed at  82  side 2    Res =  0.2961E+00
 MRCHDU: Convergence failed at 104  side 2    Res =  0.3492E+01
 MRCHDU: Convergence failed at 105  side 2    Res =  0.3076E+01
 MRCHDU: Convergence failed at 106  side 2    Res =  0.2609E+01
 MRCHDU: Convergence failed at 107  side 2    Res =  0.2473E+01
 MRCHDU: Convergence failed at 108  side 2    Res =  0.2822E+01
 MRCHDU: Convergence failed at 109  side 2    Res =  0.3607E+01
 MRCHDU: Convergence failed at 110  side 2    Res =  0.3263E+01
 Side 1  free  transition at x/c =  0.6796   52
 Side 2  free  transition at x/c =  0.0103   15

  69   rms: 0.2969E+01   max: -.4174E+02   C at   80  2   RLX: 0.012
       a =  1.000      CL = -2.9596
      Cm =  0.6356     CD =  1.98334   =>   CDf =  0.00343    CDp =  1.97991

 Side 1  free  transition at x/c =  0.6776   52
 Side 2  free  transition at x/c =  0.0103   15

  70   rms: 0.1067E+01   max: 0.1387E+02   C at   82  2   RLX: 0.108
       a =  1.000      CL = -2.7162
      Cm =  0.5766     CD =  0.66878   =>   CDf =  0.00344    CDp =  0.66534

 Side 1  free  transition at x/c =  0.6744   51
 Side 2  free  transition at x/c =  0.0103   15

  71   rms: 0.6896E+01   max: 0.1706E+03   C at   80  2   RLX: 0.009
       a =  1.000      CL = -2.7088
      Cm =  0.5721     CD =  1.12893   =>   CDf =  0.00347    CDp =  1.12546

 Side 1  free  transition at x/c =  0.6756   51
 Side 2  free  transition at x/c =  0.0103   15

  72   rms: 0.2953E+01   max: -.3423E+02   C at   78  2   RLX: 0.015
       a =  1.000      CL = -2.6892
      Cm =  0.5655     CD =  1.15737   =>   CDf =  0.00348    CDp =  1.15389

 MRCHDU: Convergence failed at  81  side 2    Res =  0.1437E-01
 Side 1  free  transition at x/c =  0.6763   51
 Side 2  free  transition at x/c =  0.0103   15

  73   rms: 0.1220E+02   max: -.1436E+03   C at   79  2   RLX: 0.003
       a =  1.000      CL = -2.6844
      Cm =  0.5633     CD =  1.24205   =>   CDf =  0.00349    CDp =  1.23856

 MRCHDU: Convergence failed at  81  side 2    Res =  0.1434E-01
 Side 1  free  transition at x/c =  0.6767   51
 Side 2  free  transition at x/c =  0.0103   15

  74   rms: 0.4206E+02   max: -.5214E+03   C at   80  2   RLX: 0.001
       a =  1.000      CL = -2.6855
      Cm =  0.5630     CD =  1.25573   =>   CDf =  0.00349    CDp =  1.25223

 MRCHDU: Convergence failed at  81  side 2    Res =  0.1232E-01
 Side 1  free  transition at x/c =  0.6771   51
 Side 2  free  transition at x/c =  0.0103   15

  75   rms: 0.1555E+03   max: -.1935E+04   C at   80  2   RLX: 0.000
       a =  1.000      CL = -2.6876
      Cm =  0.5632     CD =  1.26076   =>   CDf =  0.00350    CDp =  1.25726

 MRCHDU: Convergence failed at  81  side 2    Res =  0.1003E-01
 Side 1  free  transition at x/c =  0.6773   51
 Side 2  free  transition at x/c =  0.0103   15

  76   rms: 0.5919E+03   max: -.7293E+04   C at   80  2   RLX: 0.000
       a =  1.000      CL = -2.6897
      Cm =  0.5634     CD =  1.26334   =>   CDf =  0.00351    CDp =  1.25983

 MRCHDU: Convergence failed at  81  side 2    Res =  0.7823E-02
 Side 1  free  transition at x/c =  0.6776   52
 Side 2  free  transition at x/c =  0.0103   15

  77   rms: 0.1026E+04   max: -.1248E+05   C at   80  2   RLX: 0.000
       a =  1.000      CL = -2.6913
      Cm =  0.5636     CD =  1.26459   =>   CDf =  0.00351    CDp =  1.26108

 MRCHDU: Convergence failed at  81  side 2    Res =  0.5849E-02
 Side 1  free  transition at x/c =  0.6779   52
 Side 2  free  transition at x/c =  0.0103   15

  78   rms: 0.9541E+03   max: -.1145E+05   C at   80  2   RLX: 0.000
       a =  1.000      CL = -2.6927
      Cm =  0.5638     CD =  1.26519   =>   CDf =  0.00351    CDp =  1.26168

 MRCHDU: Convergence failed at  81  side 2    Res =  0.4144E-02
 Side 1  free  transition at x/c =  0.6780   52
 Side 2  free  transition at x/c =  0.0103   15

  79   rms: 0.8099E+03   max: -.9604E+04   C at   80  2   RLX: 0.000
       a =  1.000      CL = -2.6938
      Cm =  0.5639     CD =  1.26536   =>   CDf =  0.00351    CDp =  1.26185

 MRCHDU: Convergence failed at  81  side 2    Res =  0.2699E-02
 Side 1  free  transition at x/c =  0.6782   52
 Side 2  free  transition at x/c =  0.0103   15

  80   rms: 0.7560E+03   max: -.8875E+04   C at   80  2   RLX: 0.000
       a =  1.000      CL = -2.6947
      Cm =  0.5640     CD =  1.26528   =>   CDf =  0.00351    CDp =  1.26177

 MRCHDU: Convergence failed at  81  side 2    Res =  0.1488E-02
 Side 1  free  transition at x/c =  0.6783   52
 Side 2  free  transition at x/c =  0.0103   15

  81   rms: 0.7535E+03   max: -.8772E+04   C at   80  2   RLX: 0.000
       a =  1.000      CL = -2.6954
      Cm =  0.5641     CD =  1.26505   =>   CDf =  0.00351    CDp =  1.26154

 MRCHDU: Convergence failed at  81  side 2    Res =  0.4772E-03
 Side 1  free  transition at x/c =  0.6784   52
 Side 2  free  transition at x/c =  0.0103   15

  82   rms: 0.7845E+03   max: -.9072E+04   C at   80  2   RLX: 0.000
       a =  1.000      CL = -2.6960
      Cm =  0.5642     CD =  1.26473   =>   CDf =  0.00351    CDp =  1.26122

 Side 1  free  transition at x/c =  0.6785   52
 Side 2  free  transition at x/c =  0.0103   15

  83   rms: 0.7808E+03   max: -.8980E+04   C at   80  2   RLX: 0.000
       a =  1.000      CL = -2.6965
      Cm =  0.5642     CD =  1.26373   =>   CDf =  0.00351    CDp =  1.26022

 Side 1  free  transition at x/c =  0.6786   52
 Side 2  free  transition at x/c =  0.0103   15

  84   rms: 0.7627E+03   max: -.8732E+04   C at   80  2   RLX: 0.000
       a =  1.000      CL = -2.6969
      Cm =  0.5642     CD =  1.26217   =>   CDf =  0.00351    CDp =  1.25866

 Side 1  free  transition at x/c =  0.6787   52
 Side 2  free  transition at x/c =  0.0103   15

  85   rms: 0.7822E+03   max: -.8923E+04   C at   80  2   RLX: 0.000
       a =  1.000      CL = -2.6972
      Cm =  0.5643     CD =  1.26085   =>   CDf =  0.00351    CDp =  1.25734

 Side 1  free  transition at x/c =  0.6787   52
 Side 2  free  transition at x/c =  0.0103   15

  86   rms: 0.8013E+03   max: -.9113E+04   C at   80  2   RLX: 0.000
       a =  1.000      CL = -2.6975
      Cm =  0.5643     CD =  1.25970   =>   CDf =  0.00351    CDp =  1.25619

 Side 1  free  transition at x/c =  0.6788   52
 Side 2  free  transition at x/c =  0.0103   15

  87   rms: 0.8296E+03   max: -.9410E+04   C at   80  2   RLX: 0.000
       a =  1.000      CL = -2.6978
      Cm =  0.5643     CD =  1.25871   =>   CDf =  0.00351    CDp =  1.25520

 Side 1  free  transition at x/c =  0.6788   52
 Side 2  free  transition at x/c =  0.0103   15

  88   rms: 0.8661E+03   max: -.9803E+04   C at   80  2   RLX: 0.000
       a =  1.000      CL = -2.6980
      Cm =  0.5643     CD =  1.25784   =>   CDf =  0.00351    CDp =  1.25432

 Side 1  free  transition at x/c =  0.6789   52
 Side 2  free  transition at x/c =  0.0103   15

  89   rms: 0.9097E+03   max: -.1028E+05   C at   80  2   RLX: 0.000
       a =  1.000      CL = -2.6981
      Cm =  0.5644     CD =  1.25706   =>   CDf =  0.00351    CDp =  1.25355

 Side 1  free  transition at x/c =  0.6789   52
 Side 2  free  transition at x/c =  0.0103   15

  90   rms: 0.9555E+03   max: -.1078E+05   C at   80  2   RLX: 0.000
       a =  1.000      CL = -2.6983
      Cm =  0.5644     CD =  1.25637   =>   CDf =  0.00351    CDp =  1.25286

 Side 1  free  transition at x/c =  0.6789   52
 Side 2  free  transition at x/c =  0.0103   15

  91   rms: 0.1010E+04   max: -.1137E+05   C at   80  2   RLX: 0.000
       a =  1.000      CL = -2.6984
      Cm =  0.5644     CD =  1.25576   =>   CDf =  0.00351    CDp =  1.25224

 Side 1  free  transition at x/c =  0.6790   52
 Side 2  free  transition at x/c =  0.0103   15

  92   rms: 0.1067E+04   max: -.1200E+05   C at   80  2   RLX: 0.000
       a =  1.000      CL = -2.6986
      Cm =  0.5644     CD =  1.25520   =>   CDf =  0.00351    CDp =  1.25169

 MRCHDU: Convergence failed at  80  side 2    Res =  0.5081E-01
 Side 1  free  transition at x/c =  0.6790   52
 Side 2  free  transition at x/c =  0.0103   15

  93   rms: 0.1408E+04   max: -.1582E+05   C at   80  2   RLX: 0.000
       a =  1.000      CL = -2.6987
      Cm =  0.5644     CD =  1.25735   =>   CDf =  0.00351    CDp =  1.25383

 MRCHDU: Convergence failed at  80  side 2    Res =  0.1030E+00
 MRCHDU: Convergence failed at  81  side 2    Res =  0.8776E-01
 MRCHDU: Convergence failed at 109  side 2    Res =  0.3064E+01
 Side 1  free  transition at x/c =  0.6790   52
 Side 2  free  transition at x/c =  0.0103   15

  94   rms: 0.2343E+04   max: 0.1787E+05   C at   85  2   RLX: 0.000
       a =  1.000      CL = -2.6985
      Cm =  0.5646     CD =  0.48039   =>   CDf =  0.00351    CDp =  0.47688

 MRCHDU: Convergence failed at  81  side 2    Res =  0.4226E-01
 Side 1  free  transition at x/c =  0.6790   52
 Side 2  free  transition at x/c =  0.0103   15

  95   rms: 0.1928E+04   max: 0.1474E+05   C at   85  2   RLX: 0.000
       a =  1.000      CL = -2.6979
      Cm =  0.5645     CD =  0.47725   =>   CDf =  0.00351    CDp =  0.47374

 Side 1  free  transition at x/c =  0.6789   52
 Side 2  free  transition at x/c =  0.0103   15

  96   rms: 0.1505E+04   max: 0.1155E+05   C at   85  2   RLX: 0.000
       a =  1.000      CL = -2.6971
      Cm =  0.5643     CD =  0.47780   =>   CDf =  0.00351    CDp =  0.47429

 Side 1  free  transition at x/c =  0.6789   52
 Side 2  free  transition at x/c =  0.0103   15

  97   rms: 0.1190E+04   max: 0.9182E+04   C at   85  2   RLX: 0.000
       a =  1.000      CL = -2.6961
      Cm =  0.5642     CD =  0.47853   =>   CDf =  0.00351    CDp =  0.47502

 Side 1  free  transition at x/c =  0.6788   52
 Side 2  free  transition at x/c =  0.0103   15

  98   rms: 0.9182E+03   max: 0.7143E+04   C at   85  2   RLX: 0.000
       a =  1.000      CL = -2.6947
      Cm =  0.5639     CD =  0.47952   =>   CDf =  0.00351    CDp =  0.47600

 Side 1  free  transition at x/c =  0.6787   52
 Side 2  free  transition at x/c =  0.0103   15

  99   rms: 0.7560E+03   max: 0.5938E+04   C at   85  2   RLX: 0.000
       a =  1.000      CL = -2.6929
      Cm =  0.5636     CD =  0.48096   =>   CDf =  0.00351    CDp =  0.47744

 Side 1  free  transition at x/c =  0.6786   52
 Side 2  free  transition at x/c =  0.0103   15

 100   rms: 0.6478E+03   max: 0.5058E+04   C at   85  2   RLX: 0.000
       a =  1.000      CL = -2.6905
      Cm =  0.5633     CD =  0.48312   =>   CDf =  0.00351    CDp =  0.47960

 Side 1  free  transition at x/c =  0.6784   52
 Side 2  free  transition at x/c =  0.0103   15

 101   rms: 0.5982E+03   max: 0.4241E+04   C at   85  2   RLX: 0.000
       a =  1.000      CL = -2.6870
      Cm =  0.5627     CD =  0.48660   =>   CDf =  0.00352    CDp =  0.48308

 Side 1  free  transition at x/c =  0.6781   52
 Side 2  free  transition at x/c =  0.0103   15

 102   rms: 0.5789E+03   max: 0.3413E+04   C at   83  2   RLX: 0.000
       a =  1.000      CL = -2.6816
      Cm =  0.5619     CD =  0.49407   =>   CDf =  0.00352    CDp =  0.49055

 Side 1  free  transition at x/c =  0.6777   52
 Side 2  free  transition at x/c =  0.0103   15

 103   rms: 0.2459E+02   max: -.1316E+03   C at   82  2   RLX: 0.004
       a =  1.000      CL = -2.6758
      Cm =  0.5603     CD =  0.47677   =>   CDf =  0.00352    CDp =  0.47325

 Side 1  free  transition at x/c =  0.6777   52
 Side 2  free  transition at x/c =  0.0103   15

 104   rms: 0.9621E+03   max: -.5278E+04   C at   82  2   RLX: 0.000
       a =  1.000      CL = -2.6772
      Cm =  0.5603     CD =  0.47834   =>   CDf =  0.00352    CDp =  0.47482

 Side 1  free  transition at x/c =  0.6779   52
 Side 2  free  transition at x/c =  0.0103   15

 105   rms: 0.2477E+03   max: 0.1433E+04   C at   83  2   RLX: 0.001
       a =  1.000      CL = -2.6705
      Cm =  0.5593     CD =  0.48526   =>   CDf =  0.00352    CDp =  0.48174

 Side 1  free  transition at x/c =  0.6774   52
 Side 2  free  transition at x/c =  0.0103   15

 106   rms: 0.2849E+02   max: -.1511E+03   C at   82  2   RLX: 0.003
       a =  1.000      CL = -2.6660
      Cm =  0.5579     CD =  0.46681   =>   CDf =  0.00352    CDp =  0.46329

 Side 1  free  transition at x/c =  0.6776   52
 Side 2  free  transition at x/c =  0.0103   15

 107   rms: 0.1702E+04   max: -.9261E+04   C at   82  2   RLX: 0.000
       a =  1.000      CL = -2.6676
      Cm =  0.5580     CD =  0.46670   =>   CDf =  0.00352    CDp =  0.46318

 Side 1  free  transition at x/c =  0.6778   52
 Side 2  free  transition at x/c =  0.0103   15

 108   rms: 0.1879E+03   max: 0.1068E+04   C at   83  2   RLX: 0.001
       a =  1.000      CL = -2.6601
      Cm =  0.5567     CD =  0.47419   =>   CDf =  0.00352    CDp =  0.47067

 Side 1  free  transition at x/c =  0.6773   51
 Side 2  free  transition at x/c =  0.0103   15

 109   rms: 0.2838E+02   max: -.1498E+03   C at   82  2   RLX: 0.003
       a =  1.000      CL = -2.6557
      Cm =  0.5554     CD =  0.45234   =>   CDf =  0.00352    CDp =  0.44881

 Side 1  free  transition at x/c =  0.6774   52
 Side 2  free  transition at x/c =  0.0103   15

 110   rms: 0.1885E+04   max: -.1019E+05   C at   82  2   RLX: 0.000
       a =  1.000      CL = -2.6575
      Cm =  0.5555     CD =  0.45083   =>   CDf =  0.00353    CDp =  0.44730

 Side 1  free  transition at x/c =  0.6776   52
 Side 2  free  transition at x/c =  0.0103   15

 111   rms: 0.1631E+03   max: 0.9135E+03   C at   83  2   RLX: 0.002
       a =  1.000      CL = -2.6493
      Cm =  0.5541     CD =  0.45978   =>   CDf =  0.00353    CDp =  0.45625

 Side 1  free  transition at x/c =  0.6771   51
 Side 2  free  transition at x/c =  0.0103   15

 112   rms: 0.2819E+02   max: -.1484E+03   C at   82  2   RLX: 0.003
       a =  1.000      CL = -2.6453
      Cm =  0.5528     CD =  0.43310   =>   CDf =  0.00353    CDp =  0.42957

 Side 1  free  transition at x/c =  0.6773   51
 Side 2  free  transition at x/c =  0.0103   15

 113   rms: 0.3538E+04   max: -.1903E+05   C at   82  2   RLX: 0.000
       a =  1.000      CL = -2.6472
      Cm =  0.5529     CD =  0.42997   =>   CDf =  0.00353    CDp =  0.42643

 Side 1  free  transition at x/c =  0.6776   52
 Side 2  free  transition at x/c =  0.0103   15

 114   rms: 0.1487E+03   max: 0.8227E+03   C at   82  2   RLX: 0.002
       a =  1.000      CL = -2.6384
      Cm =  0.5514     CD =  0.44156   =>   CDf =  0.00353    CDp =  0.43803

 Side 1  free  transition at x/c =  0.6771   51
 Side 2  free  transition at x/c =  0.0103   15

 115   rms: 0.3350E+02   max: -.1766E+03   C at   82  2   RLX: 0.003
       a =  1.000      CL = -2.6361
      Cm =  0.5504     CD =  0.40999   =>   CDf =  0.00353    CDp =  0.40646

 Side 1  free  transition at x/c =  0.6774   52
 Side 2  free  transition at x/c =  0.0103   15

 116   rms: 0.7853E+03   max: 0.4213E+04   C at   82  2   RLX: 0.000
       a =  1.000      CL = -2.6277
      Cm =  0.5492     CD =  0.45197   =>   CDf =  0.00354    CDp =  0.44843

 Side 1  free  transition at x/c =  0.6767   51
 Side 2  free  transition at x/c =  0.0103   15

 117   rms: 0.1536E+02   max: -.8907E+02   C at   81  2   RLX: 0.006
       a =  1.000      CL = -2.6231
      Cm =  0.5473     CD =  0.38711   =>   CDf =  0.00353    CDp =  0.38358

 Side 1  free  transition at x/c =  0.6773   51
 Side 2  free  transition at x/c =  0.0103   15

 118   rms: 0.2986E+03   max: -.1610E+04   C at   82  2   RLX: 0.000
       a =  1.000      CL = -2.6265
      Cm =  0.5476     CD =  0.36596   =>   CDf =  0.00355    CDp =  0.36242

 Side 1  free  transition at x/c =  0.6780   52
 Side 2  free  transition at x/c =  0.0103   15

 119   rms: 0.1114E+03   max: 0.5987E+03   C at   82  2   RLX: 0.003
       a =  1.000      CL = -2.6132
      Cm =  0.5453     CD =  0.41537   =>   CDf =  0.00355    CDp =  0.41182

 Side 1  free  transition at x/c =  0.6771   51
 Side 2  free  transition at x/c =  0.0103   15

 120   rms: 0.1201E+03   max: 0.6800E+03   C at   81  2   RLX: 0.002
       a =  1.000      CL = -2.5808
      Cm =  0.5404     CD =  0.56940   =>   CDf =  0.00354    CDp =  0.56586

 Side 1  free  transition at x/c =  0.6729   51
 Side 2  free  transition at x/c =  0.0103   15

 121   rms: 0.1143E+01   max: 0.6389E+01   C at   82  2   RLX: 0.080
       a =  1.000      CL = -2.4131
      Cm =  0.5022     CD =  0.51129   =>   CDf =  0.00348    CDp =  0.50781

 Side 1  free  transition at x/c =  0.6660   51
 Side 2  free  transition at x/c =  0.0103   15

 122   rms: 0.1834E+03   max: -.1994E+04   C at   80  2   RLX: 0.000
       a =  1.000      CL = -2.4141
      Cm =  0.5010     CD =  0.79558   =>   CDf =  0.00350    CDp =  0.79208

 Side 1  free  transition at x/c =  0.6666   51
 Side 2  free  transition at x/c =  0.0103   15

 123   rms: 0.2910E+01   max: 0.3020E+02   C at   81  2   RLX: 0.050
       a =  1.000      CL = -2.3054
      Cm =  0.4781     CD =  0.68198   =>   CDf =  0.00350    CDp =  0.67848

 Side 1  free  transition at x/c =  0.6615   50
 Side 2  free  transition at x/c =  0.0103   15

 124   rms: 0.2800E+01   max: -.2799E+02   C at   79  2   RLX: 0.018
       a =  1.000      CL = -2.2731
      Cm =  0.4694     CD =  0.78490   =>   CDf =  0.00351    CDp =  0.78139

 Side 1  free  transition at x/c =  0.6607   50
 Side 2  free  transition at x/c =  0.0103   15

 125   rms: 0.1109E+02   max: 0.1215E+03   C at   81  2   RLX: 0.012
       a =  1.000      CL = -2.2381
      Cm =  0.4628     CD =  0.85564   =>   CDf =  0.00351    CDp =  0.85214

 Side 1  free  transition at x/c =  0.6579   50
 Side 2  free  transition at x/c =  0.0103   15

 126   rms: 0.1658E+01   max: 0.1533E+02   T at   86  2   RLX: 0.036
       a =  1.000      CL = -2.1781
      Cm =  0.4487     CD =  0.79623   =>   CDf =  0.00350    CDp =  0.79273

 Side 1  free  transition at x/c =  0.6554   50
 Side 2  free  transition at x/c =  0.0103   15

 127   rms: 0.2284E+02   max: -.2481E+03   C at   81  2   RLX: 0.002
       a =  1.000      CL = -2.1767
      Cm =  0.4475     CD =  1.01747   =>   CDf =  0.00350    CDp =  1.01397

 Side 1  free  transition at x/c =  0.6558   50
 Side 2  free  transition at x/c =  0.0103   15

 128   rms: 0.8279E+01   max: 0.9043E+02   C at   81  2   RLX: 0.017
       a =  1.000      CL = -2.1387
      Cm =  0.4402     CD =  0.98332   =>   CDf =  0.00350    CDp =  0.97982

 Side 1  free  transition at x/c =  0.6529   50
 Side 2  free  transition at x/c =  0.0103   15

 129   rms: 0.2755E+01   max: -.2806E+02   C at   79  2   RLX: 0.018
       a =  1.000      CL = -2.1114
      Cm =  0.4335     CD =  1.00727   =>   CDf =  0.00350    CDp =  1.00376

 MRCHDU: Convergence failed at  82  side 2    Res =  0.2048E-03
 Side 1  free  transition at x/c =  0.6519   50
 Side 2  free  transition at x/c =  0.0103   15

 130   rms: 0.2079E+02   max: 0.2275E+03   C at   81  2   RLX: 0.007
       a =  1.000      CL = -2.0888
      Cm =  0.4296     CD =  1.11613   =>   CDf =  0.00350    CDp =  1.11263

 MRCHDU: Convergence failed at  82  side 2    Res =  0.1022E-03
 Side 1  free  transition at x/c =  0.6500   50
 Side 2  free  transition at x/c =  0.0104   15

 131   rms: 0.1317E+01   max: -.9157E+01   C at   78  2   RLX: 0.055
       a =  1.000      CL = -2.0180
      Cm =  0.4176     CD =  1.00039   =>   CDf =  0.00351    CDp =  0.99688

 MRCHDU: Convergence failed at  82  side 2    Res =  0.3221E-01
 Side 1  free  transition at x/c =  0.6456   49
 Side 2  free  transition at x/c =  0.0101   15

 132   rms: 0.2351E+01   max: 0.1639E+02   C at   81  2   RLX: 0.046
       a =  1.000      CL = -1.6096
      Cm =  0.3054     CD =  1.00095   =>   CDf =  0.00348    CDp =  0.99747

 MRCHDU: Convergence failed at  82  side 2    Res =  0.3321E-01
 MRCHDU: Convergence failed at  86  side 2    Res =  0.4138E-02
 MRCHDU: Convergence failed at  87  side 2    Res =  0.1343E-01
 Side 1  free  transition at x/c =  0.6297   48
 Side 2  free  transition at x/c =  0.0102   15

 133   rms: 0.5114E+02   max: 0.1043E+04   T at   16  2   RLX: 0.001
       a =  1.000      CL = -1.7338
      Cm =  0.3343     CD =  1.17160   =>   CDf =  0.00348    CDp =  1.16812

 MRCHDU: Convergence failed at  82  side 2    Res =  0.3314E-01
 MRCHDU: Convergence failed at  86  side 2    Res =  0.6575E-02
 MRCHDU: Convergence failed at  87  side 2    Res =  0.1423E-01
 Side 1  free  transition at x/c =  0.6344   49
 Side 2  free  transition at x/c =  0.0101   15

 134   rms: 0.1571E+01   max: -.4927E+01   T at   16  2   RLX: 0.101
       a =  1.000      CL = -1.4263
      Cm =  0.2730     CD =  0.82247   =>   CDf =  0.00374    CDp =  0.81873

 MRCHDU: Convergence failed at  81  side 2    Res =  0.3332E-01
 MRCHDU: Convergence failed at  85  side 2    Res =  0.1255E+00
 Side 1  free  transition at x/c =  0.6134   48
 Side 2  free  transition at x/c =  0.0095   14

 135   rms: 0.2379E+01   max: -.3441E+02   T at   15  2   RLX: 0.015
       a =  1.000      CL = -1.3672
      Cm =  0.2603     CD =  0.80300   =>   CDf =  0.00348    CDp =  0.79952

 MRCHDU: Convergence failed at  81  side 2    Res =  0.3378E-01
 Side 1  free  transition at x/c =  0.6107   48
 Side 2  free  transition at x/c =  0.0091   14

 136   rms: 0.1239E+01   max: -.6330E+01   C at   76  2   RLX: 0.079
       a =  1.000      CL = -1.2642
      Cm =  0.2436     CD =  0.63098   =>   CDf =  0.00346    CDp =  0.62752

 MRCHDU: Convergence failed at  81  side 2    Res =  0.7348E-01
 Side 1  free  transition at x/c =  0.6011   47
 Side 2  free  transition at x/c =  0.0093   14

 137   rms: 0.2264E+01   max: -.2175E+02   C at   80  2   RLX: 0.023
       a =  1.000      CL = -1.2641
      Cm =  0.2438     CD =  0.72692   =>   CDf =  0.00342    CDp =  0.72351

 MRCHDU: Convergence failed at  81  side 2    Res =  0.4553E-01
 Side 1  free  transition at x/c =  0.5988   47
 Side 2  free  transition at x/c =  0.0095   14

 138   rms: 0.2232E+01   max: -.1892E+02   C at   80  2   RLX: 0.026
       a =  1.000      CL = -1.2121
      Cm =  0.2331     CD =  0.68042   =>   CDf =  0.00341    CDp =  0.67702

 MRCHDU: Convergence failed at  81  side 2    Res =  0.3985E-01
 Side 1  free  transition at x/c =  0.5958   47
 Side 2  free  transition at x/c =  0.0097   14

 139   rms: 0.1331E+01   max: -.5041E+01   T at  109  2   RLX: 0.099
       a =  1.000      CL = -1.0109
      Cm =  0.1942     CD =  0.50468   =>   CDf =  0.00341    CDp =  0.50127

 MRCHDU: Convergence failed at  81  side 2    Res =  0.4058E-01
 Side 1  free  transition at x/c =  0.5831   46
 Side 2  free  transition at x/c =  0.0105   15

 140   rms: 0.2115E+01   max: -.1436E+02   C at   75  2   RLX: 0.035
       a =  1.000      CL = -1.0352
      Cm =  0.2088     CD =  0.79261   =>   CDf =  0.00340    CDp =  0.78920

 MRCHDU: Convergence failed at  81  side 2    Res =  0.4122E-01
 Side 1  free  transition at x/c =  0.5776   46
 Side 2  free  transition at x/c =  0.0110   15

 141   rms: 0.4473E+01   max: -.4267E+02   C at   80  2   RLX: 0.012
       a =  1.000      CL = -0.9242
      Cm =  0.1824     CD =  0.87557   =>   CDf =  0.00342    CDp =  0.87215

 MRCHDU: Convergence failed at  81  side 2    Res =  0.4192E-01
 Side 1  free  transition at x/c =  0.5760   45
 Side 2  free  transition at x/c =  0.0111   15

 142   rms: 0.8286E+01   max: -.8296E+02   C at   80  2   RLX: 0.006
       a =  1.000      CL = -0.9077
      Cm =  0.1793     CD =  0.91853   =>   CDf =  0.00355    CDp =  0.91498

 MRCHDU: Convergence failed at  80  side 2    Res =  0.4256E-01
 Side 1  free  transition at x/c =  0.5748   46
 Side 2  free  transition at x/c =  0.0112   14

 143   rms: 0.2710E+02   max: -.2530E+03   T at    2  1   RLX: 0.002
       a =  1.000      CL = -0.8974
      Cm =  0.1771     CD =  0.95322   =>   CDf =  0.00342    CDp =  0.94980

 MRCHDU: Convergence failed at  80  side 2    Res =  0.4308E-01
 Side 1  free  transition at x/c =  0.5742   46
 Side 2  free  transition at x/c =  0.0112   14

 144   rms: 0.1014E+03   max: -.1045E+04   C at   79  2   RLX: 0.000
       a =  1.000      CL = -0.8907
      Cm =  0.1756     CD =  0.97666   =>   CDf =  0.00342    CDp =  0.97324

 MRCHDU: Convergence failed at  80  side 2    Res =  0.4362E-01
 Side 1  free  transition at x/c =  0.5738   46
 Side 2  free  transition at x/c =  0.0113   14

 145   rms: 0.1501E+03   max: 0.1552E+04   C at   79  2   RLX: 0.001
       a =  1.000      CL = -0.9032
      Cm =  0.1784     CD =  0.97543   =>   CDf =  0.00342    CDp =  0.97201

 MRCHDU: Convergence failed at  80  side 2    Res =  0.4303E-01
 Side 1  free  transition at x/c =  0.5745   46
 Side 2  free  transition at x/c =  0.0112   14

 146   rms: 0.2561E+02   max: -.2623E+03   C at   79  2   RLX: 0.002
       a =  1.000      CL = -0.8930
      Cm =  0.1764     CD =  0.95222   =>   CDf =  0.00342    CDp =  0.94880

 MRCHDU: Convergence failed at  80  side 2    Res =  0.4372E-01
 Side 1  free  transition at x/c =  0.5739   46
 Side 2  free  transition at x/c =  0.0113   14

 147   rms: 0.5205E+03   max: -.5371E+04   C at   79  2   RLX: 0.000
       a =  1.000      CL = -0.8867
      Cm =  0.1751     CD =  0.97906   =>   CDf =  0.00342    CDp =  0.97565

 MRCHDU: Convergence failed at  80  side 2    Res =  0.4436E-01
 Side 1  free  transition at x/c =  0.5735   46
 Side 2  free  transition at x/c =  0.0113   14

 148   rms: 0.7682E+02   max: 0.7944E+03   C at   79  2   RLX: 0.002
       a =  1.000      CL = -0.8982
      Cm =  0.1777     CD =  0.97417   =>   CDf =  0.00342    CDp =  0.97076

 MRCHDU: Convergence failed at  80  side 2    Res =  0.4357E-01
 Side 1  free  transition at x/c =  0.5742   46
 Side 2  free  transition at x/c =  0.0112   14

 149   rms: 0.3494E+02   max: -.3583E+03   C at   79  2   RLX: 0.001
       a =  1.000      CL = -0.8885
      Cm =  0.1758     CD =  0.95372   =>   CDf =  0.00342    CDp =  0.95031

 MRCHDU: Convergence failed at  80  side 2    Res =  0.4437E-01
 Side 1  free  transition at x/c =  0.5735   46
 Side 2  free  transition at x/c =  0.0113   14

 150   rms: 0.1525E+03   max: 0.1575E+04   C at   79  2   RLX: 0.001
       a =  1.000      CL = -0.9060
      Cm =  0.1798     CD =  0.95656   =>   CDf =  0.00342    CDp =  0.95314

 MRCHDU: Convergence failed at  80  side 2    Res =  0.4354E-01
 Side 1  free  transition at x/c =  0.5745   46
 Side 2  free  transition at x/c =  0.0112   14

 151   rms: 0.1181E+02   max: -.1189E+03   C at   79  2   RLX: 0.004
       a =  1.000      CL = -0.8899
      Cm =  0.1767     CD =  0.92076   =>   CDf =  0.00342    CDp =  0.91734

 MRCHDU: Convergence failed at  80  side 2    Res =  0.4457E-01
 Side 1  free  transition at x/c =  0.5735   46
 Side 2  free  transition at x/c =  0.0113   14

 152   rms: 0.1267E+03   max: -.1303E+04   C at   79  2   RLX: 0.000
       a =  1.000      CL = -0.8811
      Cm =  0.1748     CD =  0.95950   =>   CDf =  0.00341    CDp =  0.95609

 MRCHDU: Convergence failed at  80  side 2    Res =  0.4557E-01
 Side 1  free  transition at x/c =  0.5729   46
 Side 2  free  transition at x/c =  0.0113   14

 153   rms: 0.4562E+02   max: 0.4720E+03   C at   79  2   RLX: 0.003
       a =  1.000      CL = -0.8959
      Cm =  0.1782     CD =  0.95316   =>   CDf =  0.00341    CDp =  0.94974

 MRCHDU: Convergence failed at  80  side 2    Res =  0.4435E-01
 Side 1  free  transition at x/c =  0.5738   46
 Side 2  free  transition at x/c =  0.0112   14

 154   rms: 0.1803E+02   max: -.1829E+03   C at   79  2   RLX: 0.003
       a =  1.000      CL = -0.8817
      Cm =  0.1755     CD =  0.92574   =>   CDf =  0.00341    CDp =  0.92232

 MRCHDU: Convergence failed at  80  side 2    Res =  0.4558E-01
 Side 1  free  transition at x/c =  0.5728   46
 Side 2  free  transition at x/c =  0.0113   14

 155   rms: 0.8314E+02   max: 0.8574E+03   C at   79  2   RLX: 0.002
       a =  1.000      CL = -0.9049
      Cm =  0.1807     CD =  0.93208   =>   CDf =  0.00341    CDp =  0.92867

 MRCHDU: Convergence failed at  80  side 2    Res =  0.4423E-01
 Side 1  free  transition at x/c =  0.5742   46
 Side 2  free  transition at x/c =  0.0112   14

 156   rms: 0.6837E+01   max: -.6717E+02   C at   79  2   RLX: 0.007
       a =  1.000      CL = -0.8823
      Cm =  0.1765     CD =  0.88059   =>   CDf =  0.00342    CDp =  0.87717

 MRCHDU: Convergence failed at  80  side 2    Res =  0.4574E-01
 Side 1  free  transition at x/c =  0.5726   46
 Side 2  free  transition at x/c =  0.0113   14

 157   rms: 0.6047E+02   max: -.6176E+03   C at   79  2   RLX: 0.001
       a =  1.000      CL = -0.8703
      Cm =  0.1740     CD =  0.93121   =>   CDf =  0.00341    CDp =  0.92780

 MRCHDU: Convergence failed at  80  side 2    Res =  0.4729E-01
 Side 1  free  transition at x/c =  0.5718   46
 Side 2  free  transition at x/c =  0.0113   14

 158   rms: 0.2449E+02   max: 0.2533E+03   C at   79  2   RLX: 0.006
       a =  1.000      CL = -0.8883
      Cm =  0.1782     CD =  0.92052   =>   CDf =  0.00341    CDp =  0.91710

 MRCHDU: Convergence failed at  80  side 2    Res =  0.4526E-01
 Side 1  free  transition at x/c =  0.5728   46
 Side 2  free  transition at x/c =  0.0113   14

 159   rms: 0.1044E+02   max: -.1042E+03   C at   79  2   RLX: 0.005
       a =  1.000      CL = -0.8694
      Cm =  0.1746     CD =  0.88450   =>   CDf =  0.00341    CDp =  0.88109

 MRCHDU: Convergence failed at  80  side 2    Res =  0.4704E-01
 Side 1  free  transition at x/c =  0.5715   46
 Side 2  free  transition at x/c =  0.0113   14

 160   rms: 0.5118E+02   max: 0.5256E+03   C at   79  2   RLX: 0.003
       a =  1.000      CL = -0.9000
      Cm =  0.1815     CD =  0.89474   =>   CDf =  0.00341    CDp =  0.89133

 MRCHDU: Convergence failed at  80  side 2    Res =  0.4474E-01
 Side 1  free  transition at x/c =  0.5733   46
 Side 2  free  transition at x/c =  0.0112   14

 161   rms: 0.4430E+01   max: -.4358E+02   C at   79  2   RLX: 0.011
       a =  1.000      CL = -0.8749
      Cm =  0.1770     CD =  0.82428   =>   CDf =  0.00341    CDp =  0.82087

 MRCHDU: Convergence failed at  80  side 2    Res =  0.4650E-01
 Side 1  free  transition at x/c =  0.5715   46
 Side 2  free  transition at x/c =  0.0113   14

 162   rms: 0.1308E+02   max: -.1309E+03   C at   79  2   RLX: 0.004
       a =  1.000      CL = -0.8561
      Cm =  0.1731     CD =  0.86776   =>   CDf =  0.00341    CDp =  0.86435

 MRCHDU: Convergence failed at  80  side 2    Res =  0.4863E-01
 Side 1  free  transition at x/c =  0.5702   46
 Side 2  free  transition at x/c =  0.0114   14

 163   rms: 0.2557E+02   max: 0.2626E+03   C at   79  2   RLX: 0.006
       a =  1.000      CL = -0.8849
      Cm =  0.1795     CD =  0.86811   =>   CDf =  0.00341    CDp =  0.86470

 MRCHDU: Convergence failed at  80  side 2    Res =  0.4552E-01
 Side 1  free  transition at x/c =  0.5719   46
 Side 2  free  transition at x/c =  0.0113   14

 164   rms: 0.4792E+01   max: -.4724E+02   C at   79  2   RLX: 0.011
       a =  1.000      CL = -0.8615
      Cm =  0.1753     CD =  0.80547   =>   CDf =  0.00341    CDp =  0.80206

 MRCHDU: Convergence failed at  80  side 2    Res =  0.4751E-01
 Side 1  free  transition at x/c =  0.5702   46
 Side 2  free  transition at x/c =  0.0114   14

 165   rms: 0.1572E+02   max: -.1574E+03   C at   79  2   RLX: 0.003
       a =  1.000      CL = -0.8433
      Cm =  0.1716     CD =  0.84783   =>   CDf =  0.00340    CDp =  0.84442

 MRCHDU: Convergence failed at  80  side 2    Res =  0.4994E-01
 Side 1  free  transition at x/c =  0.5690   46
 Side 2  free  transition at x/c =  0.0114   14

 166   rms: 0.1858E+02   max: 0.1907E+03   C at   79  2   RLX: 0.008
       a =  1.000      CL = -0.8714
      Cm =  0.1778     CD =  0.84147   =>   CDf =  0.00341    CDp =  0.83807

 MRCHDU: Convergence failed at  80  side 2    Res =  0.4609E-01
 Side 1  free  transition at x/c =  0.5706   46
 Side 2  free  transition at x/c =  0.0114   14

 167   rms: 0.4857E+01   max: -.4807E+02   C at   79  2   RLX: 0.010
       a =  1.000      CL = -0.8486
      Cm =  0.1738     CD =  0.78359   =>   CDf =  0.00340    CDp =  0.78019

 MRCHDU: Convergence failed at  80  side 2    Res =  0.4824E-01
 Side 1  free  transition at x/c =  0.5689   46
 Side 2  free  transition at x/c =  0.0114   14

 168   rms: 0.1603E+02   max: -.1597E+03   C at   79  2   RLX: 0.003
       a =  1.000      CL = -0.8299
      Cm =  0.1699     CD =  0.82405   =>   CDf =  0.00340    CDp =  0.82065

 MRCHDU: Convergence failed at  80  side 2    Res =  0.5094E-01
 Side 1  free  transition at x/c =  0.5676   46
 Side 2  free  transition at x/c =  0.0115   14

 169   rms: 0.1541E+02   max: 0.1577E+03   C at   79  2   RLX: 0.010
       a =  1.000      CL = -0.8589
      Cm =  0.1763     CD =  0.81391   =>   CDf =  0.00341    CDp =  0.81051

 MRCHDU: Convergence failed at  80  side 2    Res =  0.4647E-01
 Side 1  free  transition at x/c =  0.5693   46
 Side 2  free  transition at x/c =  0.0114   14

 170   rms: 0.4494E+01   max: -.4406E+02   C at   79  2   RLX: 0.011
       a =  1.000      CL = -0.8347
      Cm =  0.1721     CD =  0.75674   =>   CDf =  0.00340    CDp =  0.75334

 MRCHDU: Convergence failed at  80  side 2    Res =  0.4874E-01
 Side 1  free  transition at x/c =  0.5675   46
 Side 2  free  transition at x/c =  0.0115   14

 171   rms: 0.1331E+02   max: -.1317E+03   C at   79  2   RLX: 0.004
       a =  1.000      CL = -0.8144
      Cm =  0.1679     CD =  0.79604   =>   CDf =  0.00340    CDp =  0.79263

 MRCHDU: Convergence failed at  80  side 2    Res =  0.5162E-01
 Side 1  free  transition at x/c =  0.5662   46
 Side 2  free  transition at x/c =  0.0115   14

 172   rms: 0.1424E+02   max: 0.1454E+03   C at   79  2   RLX: 0.010
       a =  1.000      CL = -0.8451
      Cm =  0.1746     CD =  0.78602   =>   CDf =  0.00341    CDp =  0.78261

 MRCHDU: Convergence failed at  80  side 2    Res =  0.4665E-01
 Side 1  free  transition at x/c =  0.5679   46
 Side 2  free  transition at x/c =  0.0115   14

 173   rms: 0.4105E+01   max: -.4014E+02   C at   79  2   RLX: 0.012
       a =  1.000      CL = -0.8204
      Cm =  0.1703     CD =  0.72758   =>   CDf =  0.00340    CDp =  0.72418

 MRCHDU: Convergence failed at  80  side 2    Res =  0.4900E-01
 Side 1  free  transition at x/c =  0.5661   46
 Side 2  free  transition at x/c =  0.0115   14

 174   rms: 0.8985E+01   max: -.8749E+02   C at   79  2   RLX: 0.006
       a =  1.000      CL = -0.7967
      Cm =  0.1654     CD =  0.76166   =>   CDf =  0.00340    CDp =  0.75826

 MRCHDU: Convergence failed at  80  side 2    Res =  0.5200E-01
 Side 1  free  transition at x/c =  0.5646   46
 Side 2  free  transition at x/c =  0.0116   14

 175   rms: 0.1726E+02   max: 0.1750E+03   C at   79  2   RLX: 0.009
       a =  1.000      CL = -0.8325
      Cm =  0.1730     CD =  0.76067   =>   CDf =  0.00341    CDp =  0.75726

 MRCHDU: Convergence failed at  80  side 2    Res =  0.4665E-01
 Side 1  free  transition at x/c =  0.5667   46
 Side 2  free  transition at x/c =  0.0115   14

 176   rms: 0.3553E+01   max: -.3446E+02   C at   79  2   RLX: 0.015
       a =  1.000      CL = -0.8061
      Cm =  0.1684     CD =  0.69471   =>   CDf =  0.00340    CDp =  0.69131

 MRCHDU: Convergence failed at  80  side 2    Res =  0.4902E-01
 Side 1  free  transition at x/c =  0.5648   46
 Side 2  free  transition at x/c =  0.0116   14

 177   rms: 0.5932E+01   max: -.5663E+02   C at   79  2   RLX: 0.009
       a =  1.000      CL = -0.7782
      Cm =  0.1628     CD =  0.72172   =>   CDf =  0.00340    CDp =  0.71832

 MRCHDU: Convergence failed at  80  side 2    Res =  0.5209E-01
 Side 1  free  transition at x/c =  0.5631   46
 Side 2  free  transition at x/c =  0.0116   14

 178   rms: 0.5330E+02   max: 0.5338E+03   C at   79  2   RLX: 0.003
       a =  1.000      CL = -0.8250
      Cm =  0.1724     CD =  0.74070   =>   CDf =  0.00341    CDp =  0.73728

 MRCHDU: Convergence failed at  80  side 2    Res =  0.4649E-01
 Side 1  free  transition at x/c =  0.5661   46
 Side 2  free  transition at x/c =  0.0116   14

 179   rms: 0.2932E+01   max: -.2787E+02   C at   79  2   RLX: 0.018
       a =  1.000      CL = -0.7961
      Cm =  0.1675     CD =  0.65839   =>   CDf =  0.00339    CDp =  0.65500

 MRCHDU: Convergence failed at  80  side 2    Res =  0.4883E-01
 Side 1  free  transition at x/c =  0.5640   46
 Side 2  free  transition at x/c =  0.0116   14

 180   rms: 0.3784E+01   max: -.3484E+02   C at   79  2   RLX: 0.014
       a =  1.000      CL = -0.7616
      Cm =  0.1605     CD =  0.67486   =>   CDf =  0.00340    CDp =  0.67146

 MRCHDU: Convergence failed at  80  side 2    Res =  0.5190E-01
 Side 1  free  transition at x/c =  0.5620   45
 Side 2  free  transition at x/c =  0.0117   14

 181   rms: 0.1214E+02   max: -.1187E+03   C at   79  2   RLX: 0.004
       a =  1.000      CL = -0.7399
      Cm =  0.1561     CD =  0.72071   =>   CDf =  0.00341    CDp =  0.71730

 MRCHDU: Convergence failed at  80  side 2    Res =  0.5547E-01
 Side 1  free  transition at x/c =  0.5607   45
 Side 2  free  transition at x/c =  0.0117   14

 182   rms: 0.7444E+01   max: 0.7582E+02   C at   79  2   RLX: 0.020
       a =  1.000      CL = -0.7600
      Cm =  0.1605     CD =  0.68609   =>   CDf =  0.00340    CDp =  0.68269

 MRCHDU: Convergence failed at  80  side 2    Res =  0.4876E-01
 Side 1  free  transition at x/c =  0.5618   45
 Side 2  free  transition at x/c =  0.0117   14

 183   rms: 0.3249E+01   max: -.2970E+02   C at   76  2   RLX: 0.017
       a =  1.000      CL = -0.7240
      Cm =  0.1538     CD =  0.64622   =>   CDf =  0.00340    CDp =  0.64282

 MRCHDU: Convergence failed at  80  side 2    Res =  0.5186E-01
 Side 1  free  transition at x/c =  0.5595   45
 Side 2  free  transition at x/c =  0.0118   14

 184   rms: 0.1760E+02   max: -.1720E+03   C at   79  2   RLX: 0.003
       a =  1.000      CL = -0.7024
      Cm =  0.1494     CD =  0.70310   =>   CDf =  0.00339    CDp =  0.69971

 MRCHDU: Convergence failed at  80  side 2    Res =  0.5555E-01
 Side 1  free  transition at x/c =  0.5581   45
 Side 2  free  transition at x/c =  0.0119   14

 185   rms: 0.4396E+01   max: 0.4469E+02   C at   79  2   RLX: 0.034
       a =  1.000      CL = -0.7109
      Cm =  0.1515     CD =  0.63478   =>   CDf =  0.00339    CDp =  0.63139

 MRCHDU: Convergence failed at  80  side 2    Res =  0.4864E-01
 Side 1  free  transition at x/c =  0.5586   45
 Side 2  free  transition at x/c =  0.0118   14

 186   rms: 0.2802E+01   max: -.2542E+02   C at   76  2   RLX: 0.020
       a =  1.000      CL = -0.6743
      Cm =  0.1448     CD =  0.61118   =>   CDf =  0.00338    CDp =  0.60779

 MRCHDU: Convergence failed at  80  side 2    Res =  0.5175E-01
 Side 1  free  transition at x/c =  0.5560   45
 Side 2  free  transition at x/c =  0.0119   14

 187   rms: 0.4813E+02   max: -.4685E+03   C at   79  2   RLX: 0.001
       a =  1.000      CL = -0.6527
      Cm =  0.1403     CD =  0.67272   =>   CDf =  0.00338    CDp =  0.66934

 MRCHDU: Convergence failed at  80  side 2    Res =  0.5561E-01
 Side 1  free  transition at x/c =  0.5547   45
 Side 2  free  transition at x/c =  0.0120   14

 188   rms: 0.4241E+01   max: 0.4269E+02   C at   79  2   RLX: 0.035
       a =  1.000      CL = -0.6659
      Cm =  0.1435     CD =  0.60014   =>   CDf =  0.00339    CDp =  0.59676

 MRCHDU: Convergence failed at  80  side 2    Res =  0.4834E-01
 Side 1  free  transition at x/c =  0.5554   45
 Side 2  free  transition at x/c =  0.0119   14

 189   rms: 0.3438E+01   max: -.3237E+02   C at   79  2   RLX: 0.015
       a =  1.000      CL = -0.6355
      Cm =  0.1381     CD =  0.58679   =>   CDf =  0.00337    CDp =  0.58342

 MRCHDU: Convergence failed at  80  side 2    Res =  0.5141E-01
 Side 1  free  transition at x/c =  0.5533   45
 Side 2  free  transition at x/c =  0.0120   14

 190   rms: 0.1549E+02   max: -.1486E+03   C at   79  2   RLX: 0.003
       a =  1.000      CL = -0.6123
      Cm =  0.1334     CD =  0.62931   =>   CDf =  0.00338    CDp =  0.62593

 MRCHDU: Convergence failed at  80  side 2    Res =  0.5533E-01
 Side 1  free  transition at x/c =  0.5518   45
 Side 2  free  transition at x/c =  0.0121   14

 191   rms: 0.4146E+01   max: 0.4129E+02   C at   79  2   RLX: 0.036
       a =  1.000      CL = -0.6310
      Cm =  0.1377     CD =  0.56222   =>   CDf =  0.00338    CDp =  0.55884

 MRCHDU: Convergence failed at  80  side 2    Res =  0.4785E-01
 Side 1  free  transition at x/c =  0.5528   45
 Side 2  free  transition at x/c =  0.0120   14

 192   rms: 0.2919E+01   max: -.2758E+02   C at   79  2   RLX: 0.018
       a =  1.000      CL = -0.6002
      Cm =  0.1324     CD =  0.54492   =>   CDf =  0.00337    CDp =  0.54155

 MRCHDU: Convergence failed at  80  side 2    Res =  0.5071E-01
 Side 1  free  transition at x/c =  0.5509   45
 Side 2  free  transition at x/c =  0.0121   14

 193   rms: 0.5453E+01   max: -.5042E+02   C at   79  2   RLX: 0.010
       a =  1.000      CL = -0.5703
      Cm =  0.1264     CD =  0.57030   =>   CDf =  0.00338    CDp =  0.56693

 MRCHDU: Convergence failed at  80  side 2    Res =  0.5453E-01
 Side 1  free  transition at x/c =  0.5491   45
 Side 2  free  transition at x/c =  0.0121   14

 194   rms: 0.7714E+01   max: 0.7588E+02   C at   79  2   RLX: 0.020
       a =  1.000      CL = -0.6078
      Cm =  0.1341     CD =  0.55138   =>   CDf =  0.00339    CDp =  0.54799

 MRCHDU: Convergence failed at  80  side 2    Res =  0.4697E-01
 Side 1  free  transition at x/c =  0.5515   45
 Side 2  free  transition at x/c =  0.0120   14

 195   rms: 0.2735E+01   max: -.2680E+02   C at   79  2   RLX: 0.019
       a =  1.000      CL = -0.5810
      Cm =  0.1297     CD =  0.51199   =>   CDf =  0.00336    CDp =  0.50863

 MRCHDU: Convergence failed at  80  side 2    Res =  0.4955E-01
 Side 1  free  transition at x/c =  0.5499   45
 Side 2  free  transition at x/c =  0.0120   14

 196   rms: 0.2991E+01   max: -.2685E+02   C at   76  2   RLX: 0.019
       a =  1.000      CL = -0.5456
      Cm =  0.1226     CD =  0.51359   =>   CDf =  0.00337    CDp =  0.51022

 MRCHDU: Convergence failed at  80  side 2    Res =  0.5307E-01
 Side 1  free  transition at x/c =  0.5478   44
 Side 2  free  transition at x/c =  0.0121   14

 197   rms: 0.8099E+01   max: -.7609E+02   C at   79  2   RLX: 0.007
       a =  1.000      CL = -0.5192
      Cm =  0.1174     CD =  0.55130   =>   CDf =  0.00338    CDp =  0.54792

 MRCHDU: Convergence failed at  80  side 2    Res =  0.5736E-01
 Side 1  free  transition at x/c =  0.5464   44
 Side 2  free  transition at x/c =  0.0122   14

 198   rms: 0.3685E+01   max: 0.3643E+02   C at   79  2   RLX: 0.041
       a =  1.000      CL = -0.5381
      Cm =  0.1214     CD =  0.48662   =>   CDf =  0.00337    CDp =  0.48324

 MRCHDU: Convergence failed at  80  side 2    Res =  0.4887E-01
 Side 1  free  transition at x/c =  0.5472   44
 Side 2  free  transition at x/c =  0.0121   14

 199   rms: 0.2341E+01   max: -.2130E+02   C at   76  2   RLX: 0.023
       a =  1.000      CL = -0.5051
      Cm =  0.1158     CD =  0.46833   =>   CDf =  0.00336    CDp =  0.46497

 MRCHDU: Convergence failed at  80  side 2    Res =  0.5219E-01
 Side 1  free  transition at x/c =  0.5452   44
 Side 2  free  transition at x/c =  0.0122   14

 200   rms: 0.3400E+01   max: -.3089E+02   C at   76  2   RLX: 0.016
       a =  1.000      CL = -0.4722
      Cm =  0.1091     CD =  0.48482   =>   CDf =  0.00335    CDp =  0.48146

 MRCHDU: Convergence failed at  80  side 2    Res =  0.5640E-01
 Side 1  free  transition at x/c =  0.5431   44
 Side 2  free  transition at x/c =  0.0123   14

 201   rms: 0.2780E+02   max: 0.2668E+03   C at   79  2   RLX: 0.006
       a =  1.000      CL = -0.5255
      Cm =  0.1196     CD =  0.49819   =>   CDf =  0.00335    CDp =  0.49484

 MRCHDU: Convergence failed at  80  side 2    Res =  0.4772E-01
 Side 1  free  transition at x/c =  0.5461   44
 Side 2  free  transition at x/c =  0.0122   14

 202   rms: 0.1983E+01   max: -.1822E+02   C at   76  2   RLX: 0.027
       a =  1.000      CL = -0.4975
      Cm =  0.1153     CD =  0.43671   =>   CDf =  0.00335    CDp =  0.43335

 MRCHDU: Convergence failed at  80  side 2    Res =  0.5069E-01
 Side 1  free  transition at x/c =  0.5441   44
 Side 2  free  transition at x/c =  0.0123   14

 203   rms: 0.1878E+01   max: -.1615E+02   C at   76  2   RLX: 0.031
       a =  1.000      CL = -0.4557
      Cm =  0.1070     CD =  0.42677   =>   CDf =  0.00344    CDp =  0.42333

 MRCHDU: Convergence failed at  79  side 2    Res =  0.5436E-01
 Side 1  free  transition at x/c =  0.5413   45
 Side 2  free  transition at x/c =  0.0124   13

 204   rms: 0.3161E+01   max: -.2955E+02   T at    2  1   RLX: 0.017
       a =  1.000      CL = -0.4292
      Cm =  0.1017     CD =  0.45026   =>   CDf =  0.00335    CDp =  0.44691

 MRCHDU: Convergence failed at  79  side 2    Res =  0.5784E-01
 Side 1  free  transition at x/c =  0.5395   45
 Side 2  free  transition at x/c =  0.0125   13

 205   rms: 0.3867E+01   max: -.3596E+02   C at   75  2   RLX: 0.014
       a =  1.000      CL = -0.4033
      Cm =  0.0967     CD =  0.45750   =>   CDf =  0.00336    CDp =  0.45414
 VISCAL:  Convergence failed
      9.000    4.4081   0.457500   0.001314   0.001431   0.000116    0.5395     #
 Calculating wake trajectory ...
 Calculating source influence matrix ...

 Solving BL system ...

 MRCHDU: Convergence failed at  79  side 2    Res =  0.6294E-01
 Side 1  free  transition at x/c =  0.5377   45
 Side 2  free  transition at x/c =  0.0126   13

   1   rms: 0.7076E+02   max: -.6895E+03   C at   78  2   RLX: 0.001
       a =  2.000      CL = -0.3886
      Cm =  0.0938     CD =  0.48538   =>   CDf =  0.00336    CDp =  0.48202

 MRCHDU: Convergence failed at  79  side 2    Res =  0.6889E-01
 Side 1  free  transition at x/c =  0.5368   45
 Side 2  free  transition at x/c =  0.0126   13

   2   rms: 0.3395E+01   max: 0.3326E+02   C at   78  2   RLX: 0.045
       a =  2.000      CL = -0.3987
      Cm =  0.0961     CD =  0.41080   =>   CDf =  0.00337    CDp =  0.40743

 MRCHDU: Convergence failed at  79  side 2    Res =  0.5533E-01
 Side 1  free  transition at x/c =  0.5367   45
 Side 2  free  transition at x/c =  0.0126   13

   3   rms: 0.2589E+01   max: -.2327E+02   C at   75  2   RLX: 0.021
       a =  2.000      CL = -0.3691
      Cm =  0.0909     CD =  0.40929   =>   CDf =  0.00336    CDp =  0.40594

 MRCHDU: Convergence failed at  79  side 2    Res =  0.6008E-01
 Side 1  free  transition at x/c =  0.5346   45
 Side 2  free  transition at x/c =  0.0127   13

   4   rms: 0.5478E+01   max: -.5168E+02   C at   75  2   RLX: 0.010
       a =  2.000      CL = -0.3464
      Cm =  0.0864     CD =  0.42812   =>   CDf =  0.00337    CDp =  0.42475

 MRCHDU: Convergence failed at  79  side 2    Res =  0.6558E-01
 Side 1  free  transition at x/c =  0.5332   44
 Side 2  free  transition at x/c =  0.0128   13

   5   rms: 0.5021E+01   max: 0.4826E+02   C at   78  2   RLX: 0.031
       a =  2.000      CL = -0.3685
      Cm =  0.0909     CD =  0.38989   =>   CDf =  0.00338    CDp =  0.38651

 MRCHDU: Convergence failed at  79  side 2    Res =  0.5325E-01
 Side 1  free  transition at x/c =  0.5333   44
 Side 2  free  transition at x/c =  0.0128   13

   6   rms: 0.1808E+01   max: -.1525E+02   C at   75  2   RLX: 0.033
       a =  2.000      CL = -0.3347
      Cm =  0.0854     CD =  0.35959   =>   CDf =  0.00339    CDp =  0.35620

 MRCHDU: Convergence failed at  79  side 2    Res =  0.5765E-01
 Side 1  free  transition at x/c =  0.5312   44
 Side 2  free  transition at x/c =  0.0129   13

   7   rms: 0.2817E+01   max: -.2494E+02   C at   74  2   RLX: 0.020
       a =  2.000      CL = -0.3038
      Cm =  0.0793     CD =  0.36641   =>   CDf =  0.00337    CDp =  0.36304

 MRCHDU: Convergence failed at  79  side 2    Res =  0.6286E-01
 Side 1  free  transition at x/c =  0.5292   44
 Side 2  free  transition at x/c =  0.0130   13

   8   rms: 0.3667E+01   max: -.3403E+02   C at   75  2   RLX: 0.015
       a =  2.000      CL = -0.2830
      Cm =  0.0756     CD =  0.36885   =>   CDf =  0.00337    CDp =  0.36548

 MRCHDU: Convergence failed at  79  side 2    Res =  0.6876E-01
 Side 1  free  transition at x/c =  0.5276   44
 Side 2  free  transition at x/c =  0.0131   13

   9   rms: 0.3223E+01   max: -.3033E+02   C at   75  2   RLX: 0.016
       a =  2.000      CL = -0.2639
      Cm =  0.0721     CD =  0.36251   =>   CDf =  0.00337    CDp =  0.35915

 MRCHDU: Convergence failed at  13  side 2    Res =  0.2486E-01
 MRCHDU: Convergence failed at  79  side 2    Res =  0.7543E-01
 Side 1  free  transition at x/c =  0.5260   44
 Side 2  free  transition at x/c =  0.0131   13

  10   rms: 0.2326E+01   max: -.2447E+02   C at   13  2   RLX: 0.020
       a =  2.000      CL = -0.2462
      Cm =  0.0687     CD =  0.34806   =>   CDf =  0.00337    CDp =  0.34468

 MRCHDU: Convergence failed at  13  side 2    Res =  0.2127E-01
 MRCHDU: Convergence failed at  79  side 2    Res =  0.8157E-01
 Side 1  free  transition at x/c =  0.5245   44
 Side 2  free  transition at x/c =  0.0132   13

  11   rms: 0.2712E+01   max: -.2570E+02   C at   75  2   RLX: 0.019
       a =  2.000      CL = -0.2278
      Cm =  0.0655     CD =  0.33728   =>   CDf =  0.00337    CDp =  0.33391

 MRCHDU: Convergence failed at  79  side 2    Res =  0.9035E-01
 Side 1  free  transition at x/c =  0.5231   44
 Side 2  free  transition at x/c =  0.0132   13

  12   rms: 0.2229E+01   max: -.5380E+02   C at   13  2   RLX: 0.009
       a =  2.000      CL = -0.2247
      Cm =  0.0649     CD =  0.33075   =>   CDf =  0.00338    CDp =  0.32737

 MRCHDU: Convergence failed at  79  side 2    Res =  0.9144E-01
 Side 1  free  transition at x/c =  0.5227   44
 Side 2  free  transition at x/c =  0.0132   13

  13   rms: 0.2653E+01   max: -.2464E+02   C at   75  2   RLX: 0.020
       a =  2.000      CL = -0.2070
      Cm =  0.0617     CD =  0.31387   =>   CDf =  0.00338    CDp =  0.31049

 MRCHDU: Convergence failed at  79  side 2    Res =  0.1022E+00
 Side 1  free  transition at x/c =  0.5215   44
 Side 2  free  transition at x/c =  0.0132   13

  14   rms: 0.3745E+02   max: -.2856E+03   C at   84  2   RLX: 0.002
       a =  2.000      CL = -0.2081
      Cm =  0.0620     CD =  0.85871   =>   CDf =  0.00338    CDp =  0.85533

 Side 1  free  transition at x/c =  0.5215   44
 Side 2  free  transition at x/c =  0.0132   13

  15   rms: 0.4759E+02   max: -.3620E+03   C at   84  2   RLX: 0.001
       a =  2.000      CL = -0.2085
      Cm =  0.0621     CD =  0.84356   =>   CDf =  0.00338    CDp =  0.84018

 Side 1  free  transition at x/c =  0.5215   44
 Side 2  free  transition at x/c =  0.0132   13

  16   rms: 0.5773E+02   max: -.4386E+03   C at   84  2   RLX: 0.001
       a =  2.000      CL = -0.2088
      Cm =  0.0621     CD =  0.83620   =>   CDf =  0.00338    CDp =  0.83282

 Side 1  free  transition at x/c =  0.5215   44
 Side 2  free  transition at x/c =  0.0133   13

  17   rms: 0.6834E+02   max: -.5189E+03   C at   84  2   RLX: 0.001
       a =  2.000      CL = -0.2091
      Cm =  0.0622     CD =  0.82996   =>   CDf =  0.00338    CDp =  0.82658

 Side 1  free  transition at x/c =  0.5215   44
 Side 2  free  transition at x/c =  0.0133   13

  18   rms: 0.8058E+02   max: -.6114E+03   C at   84  2   RLX: 0.001
       a =  2.000      CL = -0.2093
      Cm =  0.0622     CD =  0.82466   =>   CDf =  0.00338    CDp =  0.82128

 Side 1  free  transition at x/c =  0.5215   44
 Side 2  free  transition at x/c =  0.0133   13

  19   rms: 0.9473E+02   max: -.7183E+03   C at   84  2   RLX: 0.001
       a =  2.000      CL = -0.2095
      Cm =  0.0622     CD =  0.82014   =>   CDf =  0.00338    CDp =  0.81676

 Side 1  free  transition at x/c =  0.5215   44
 Side 2  free  transition at x/c =  0.0133   13

  20   rms: 0.1092E+03   max: -.8276E+03   C at   84  2   RLX: 0.001
       a =  2.000      CL = -0.2097
      Cm =  0.0622     CD =  0.81621   =>   CDf =  0.00338    CDp =  0.81283

 Side 1  free  transition at x/c =  0.5215   44
 Side 2  free  transition at x/c =  0.0133   13

  21   rms: 0.1243E+03   max: -.9416E+03   C at   84  2   RLX: 0.001
       a =  2.000      CL = -0.2098
      Cm =  0.0623     CD =  0.81277   =>   CDf =  0.00338    CDp =  0.80939

 Side 1  free  transition at x/c =  0.5215   44
 Side 2  free  transition at x/c =  0.0133   13

  22   rms: 0.1362E+03   max: -.1031E+04   C at   84  2   RLX: 0.000
       a =  2.000      CL = -0.2099
      Cm =  0.0623     CD =  0.80968   =>   CDf =  0.00338    CDp =  0.80630

 Side 1  free  transition at x/c =  0.5215   44
 Side 2  free  transition at x/c =  0.0133   13

  23   rms: 0.1526E+03   max: -.1155E+04   C at   84  2   RLX: 0.000
       a =  2.000      CL = -0.2100
      Cm =  0.0623     CD =  0.80691   =>   CDf =  0.00338    CDp =  0.80353

 Side 1  free  transition at x/c =  0.5215   44
 Side 2  free  transition at x/c =  0.0133   13

  24   rms: 0.1722E+03   max: -.1303E+04   C at   84  2   RLX: 0.000
       a =  2.000      CL = -0.2101
      Cm =  0.0623     CD =  0.80443   =>   CDf =  0.00338    CDp =  0.80105

 Side 1  free  transition at x/c =  0.5215   44
 Side 2  free  transition at x/c =  0.0133   13

  25   rms: 0.1905E+03   max: -.1441E+04   C at   84  2   RLX: 0.000
       a =  2.000      CL = -0.2102
      Cm =  0.0623     CD =  0.80221   =>   CDf =  0.00338    CDp =  0.79883

 MRCHDU: Convergence failed at  79  side 2    Res =  0.5140E-01
 Side 1  free  transition at x/c =  0.5215   44
 Side 2  free  transition at x/c =  0.0133   13

  26   rms: 0.2162E+03   max: -.1636E+04   C at   84  2   RLX: 0.000
       a =  2.000      CL = -0.2103
      Cm =  0.0623     CD =  0.80023   =>   CDf =  0.00338    CDp =  0.79685

 MRCHDU: Convergence failed at  78  side 2    Res =  0.4215E-01
 MRCHDU: Convergence failed at  79  side 2    Res =  0.6109E-01
 Side 1  free  transition at x/c =  0.5215   44
 Side 2  free  transition at x/c =  0.0133   13

  27   rms: 0.2374E+03   max: -.1796E+04   C at   84  2   RLX: 0.000
       a =  2.000      CL = -0.2104
      Cm =  0.0623     CD =  0.79846   =>   CDf =  0.00338    CDp =  0.79509

 MRCHDU: Convergence failed at  76  side 2    Res =  0.8576E-02
 MRCHDU: Convergence failed at  77  side 2    Res =  0.3957E-01
 MRCHDU: Convergence failed at  78  side 2    Res =  0.4567E-01
 MRCHDU: Convergence failed at  79  side 2    Res =  0.6117E-01
 Side 1  free  transition at x/c =  0.5215   44
 Side 2  free  transition at x/c =  0.0133   13

  28   rms: 0.2598E+03   max: -.1966E+04   C at   84  2   RLX: 0.000
       a =  2.000      CL = -0.2105
      Cm =  0.0623     CD =  0.79684   =>   CDf =  0.00338    CDp =  0.79346

 MRCHDU: Convergence failed at  74  side 2    Res =  0.2478E-02
 MRCHDU: Convergence failed at  75  side 2    Res =  0.2401E-01
 MRCHDU: Convergence failed at  76  side 2    Res =  0.3361E-01
 MRCHDU: Convergence failed at  77  side 2    Res =  0.3960E-01
 MRCHDU: Convergence failed at  78  side 2    Res =  0.4571E-01
 MRCHDU: Convergence failed at  79  side 2    Res =  0.6124E-01
 Side 1  free  transition at x/c =  0.5215   44
 Side 2  free  transition at x/c =  0.0133   13

  29   rms: 0.2832E+03   max: -.2143E+04   C at   84  2   RLX: 0.000
       a =  2.000      CL = -0.2105
      Cm =  0.0623     CD =  0.79535   =>   CDf =  0.00338    CDp =  0.79197

 MRCHDU: Convergence failed at  73  side 2    Res =  0.2981E-01
 MRCHDU: Convergence failed at  74  side 2    Res =  0.2409E-01
 MRCHDU: Convergence failed at  75  side 2    Res =  0.2402E-01
 MRCHDU: Convergence failed at  76  side 2    Res =  0.3363E-01
 MRCHDU: Convergence failed at  77  side 2    Res =  0.3963E-01
 MRCHDU: Convergence failed at  78  side 2    Res =  0.4574E-01
 MRCHDU: Convergence failed at  79  side 2    Res =  0.6130E-01
 Side 1  free  transition at x/c =  0.5215   44
 Side 2  free  transition at x/c =  0.0133   13

  30   rms: 0.3076E+03   max: -.2327E+04   C at   84  2   RLX: 0.000
       a =  2.000      CL = -0.2106
      Cm =  0.0624     CD =  0.79397   =>   CDf =  0.00338    CDp =  0.79059

 MRCHDU: Convergence failed at  72  side 2    Res =  0.1726E-01
 MRCHDU: Convergence failed at  73  side 2    Res =  0.6389E-01
 MRCHDU: Convergence failed at  74  side 2    Res =  0.2410E-01
 MRCHDU: Convergence failed at  75  side 2    Res =  0.2403E-01
 MRCHDU: Convergence failed at  76  side 2    Res =  0.3365E-01
 MRCHDU: Convergence failed at  77  side 2    Res =  0.3965E-01
 MRCHDU: Convergence failed at  78  side 2    Res =  0.4578E-01
 MRCHDU: Convergence failed at  79  side 2    Res =  0.6136E-01
 Side 1  free  transition at x/c =  0.5215   44
 Side 2  free  transition at x/c =  0.0133   13

  31   rms: 0.3410E+03   max: -.2579E+04   C at   84  2   RLX: 0.000
       a =  2.000      CL = -0.2106
      Cm =  0.0624     CD =  0.79270   =>   CDf =  0.00338    CDp =  0.78932

 MRCHDU: Convergence failed at  72  side 2    Res =  0.6850E-01
 MRCHDU: Convergence failed at  73  side 2    Res =  0.6395E-01
 MRCHDU: Convergence failed at  74  side 2    Res =  0.2412E-01
 MRCHDU: Convergence failed at  75  side 2    Res =  0.2404E-01
 MRCHDU: Convergence failed at  76  side 2    Res =  0.3367E-01
 MRCHDU: Convergence failed at  77  side 2    Res =  0.3968E-01
 MRCHDU: Convergence failed at  78  side 2    Res =  0.4581E-01
 MRCHDU: Convergence failed at  79  side 2    Res =  0.6141E-01
 Side 1  free  transition at x/c =  0.5215   44
 Side 2  free  transition at x/c =  0.0133   13

  32   rms: 0.3582E+03   max: -.2708E+04   C at   84  2   RLX: 0.000
       a =  2.000      CL = -0.2107
      Cm =  0.0624     CD =  0.79152   =>   CDf =  0.00338    CDp =  0.78814

 MRCHDU: Convergence failed at  72  side 2    Res =  0.1197E+00
 Side 1  free  transition at x/c =  0.5215   44
 Side 2  free  transition at x/c =  0.0133   13

  33   rms: 0.4770E+01   max: -.6222E+02   C at   13  2   RLX: 0.008
       a =  2.000      CL = -0.2119
      Cm =  0.0625     CD =  0.77401   =>   CDf =  0.00338    CDp =  0.77063

 Side 1  free  transition at x/c =  0.5216   44
 Side 2  free  transition at x/c =  0.0133   13

  34   rms: 0.5422E+01   max: -.7095E+02   C at   13  2   RLX: 0.007
       a =  2.000      CL = -0.2130
      Cm =  0.0625     CD =  0.80613   =>   CDf =  0.00338    CDp =  0.80275

 Side 1  free  transition at x/c =  0.5216   44
 Side 2  free  transition at x/c =  0.0133   13

  35   rms: 0.8203E+01   max: -.8300E+02   C at   13  2   RLX: 0.006
       a =  2.000      CL = -0.2139
      Cm =  0.0626     CD =  0.83244   =>   CDf =  0.00337    CDp =  0.82906

 Side 1  free  transition at x/c =  0.5216   44
 Side 2  free  transition at x/c =  0.0133   13

  36   rms: 0.1292E+02   max: -.1006E+03   C at   13  2   RLX: 0.005
       a =  2.000      CL = -0.2149
      Cm =  0.0627     CD =  0.86206   =>   CDf =  0.00337    CDp =  0.85868

 Side 1  free  transition at x/c =  0.5216   44
 Side 2  free  transition at x/c =  0.0133   13

  37   rms: 0.2098E+02   max: -.1262E+03   C at   13  2   RLX: 0.004
       a =  2.000      CL = -0.2161
      Cm =  0.0628     CD =  0.88525   =>   CDf =  0.00337    CDp =  0.88188

 Side 1  free  transition at x/c =  0.5217   44
 Side 2  free  transition at x/c =  0.0133   13

  38   rms: 0.3268E+02   max: -.2093E+03   C at   80  2   RLX: 0.002
       a =  2.000      CL = -0.2171
      Cm =  0.0629     CD =  0.89575   =>   CDf =  0.00337    CDp =  0.89238

 Side 1  free  transition at x/c =  0.5217   44
 Side 2  free  transition at x/c =  0.0133   13

  39   rms: 0.4453E+02   max: -.3120E+03   C at   84  2   RLX: 0.002
       a =  2.000      CL = -0.2179
      Cm =  0.0630     CD =  0.89545   =>   CDf =  0.00337    CDp =  0.89208

 Side 1  free  transition at x/c =  0.5217   44
 Side 2  free  transition at x/c =  0.0133   13

  40   rms: 0.5742E+02   max: -.4288E+03   C at   84  2   RLX: 0.001
       a =  2.000      CL = -0.2185
      Cm =  0.0631     CD =  0.89160   =>   CDf =  0.00337    CDp =  0.88823

 Side 1  free  transition at x/c =  0.5218   44
 Side 2  free  transition at x/c =  0.0133   13

  41   rms: 0.7411E+02   max: -.5733E+03   C at   84  2   RLX: 0.001
       a =  2.000      CL = -0.2190
      Cm =  0.0632     CD =  0.88690   =>   CDf =  0.00337    CDp =  0.88353

 Side 1  free  transition at x/c =  0.5218   44
 Side 2  free  transition at x/c =  0.0133   13

  42   rms: 0.9297E+02   max: -.7301E+03   C at   84  2   RLX: 0.001
       a =  2.000      CL = -0.2195
      Cm =  0.0632     CD =  0.88238   =>   CDf =  0.00337    CDp =  0.87902

 Side 1  free  transition at x/c =  0.5218   44
 Side 2  free  transition at x/c =  0.0133   13

  43   rms: 0.1147E+03   max: -.9050E+03   C at   84  2   RLX: 0.001
       a =  2.000      CL = -0.2198
      Cm =  0.0633     CD =  0.87828   =>   CDf =  0.00336    CDp =  0.87492

 Side 1  free  transition at x/c =  0.5218   44
 Side 2  free  transition at x/c =  0.0133   13

  44   rms: 0.1392E+03   max: -.1100E+04   C at   84  2   RLX: 0.000
       a =  2.000      CL = -0.2201
      Cm =  0.0633     CD =  0.87468   =>   CDf =  0.00336    CDp =  0.87131

 Side 1  free  transition at x/c =  0.5218   44
 Side 2  free  transition at x/c =  0.0133   13

  45   rms: 0.1665E+03   max: -.1315E+04   C at   84  2   RLX: 0.000
       a =  2.000      CL = -0.2203
      Cm =  0.0634     CD =  0.87152   =>   CDf =  0.00336    CDp =  0.86816

 Side 1  free  transition at x/c =  0.5218   44
 Side 2  free  transition at x/c =  0.0133   13

  46   rms: 0.1969E+03   max: -.1554E+04   C at   84  2   RLX: 0.000
       a =  2.000      CL = -0.2205
      Cm =  0.0634     CD =  0.86874   =>   CDf =  0.00336    CDp =  0.86538

 Side 1  free  transition at x/c =  0.5218   44
 Side 2  free  transition at x/c =  0.0133   13

  47   rms: 0.2302E+03   max: -.1816E+04   C at   84  2   RLX: 0.000
       a =  2.000      CL = -0.2207
      Cm =  0.0634     CD =  0.86629   =>   CDf =  0.00336    CDp =  0.86292

 Side 1  free  transition at x/c =  0.5219   44
 Side 2  free  transition at x/c =  0.0133   13

  48   rms: 0.2654E+03   max: -.2093E+04   C at   84  2   RLX: 0.000
       a =  2.000      CL = -0.2209
      Cm =  0.0634     CD =  0.86413   =>   CDf =  0.00336    CDp =  0.86077

 Side 1  free  transition at x/c =  0.5219   44
 Side 2  free  transition at x/c =  0.0133   13

  49   rms: 0.3033E+03   max: -.2390E+04   C at   84  2   RLX: 0.000
       a =  2.000      CL = -0.2210
      Cm =  0.0635     CD =  0.86222   =>   CDf =  0.00336    CDp =  0.85885

 Side 1  free  transition at x/c =  0.5219   44
 Side 2  free  transition at x/c =  0.0133   13

  50   rms: 0.3436E+03   max: -.2707E+04   C at   84  2   RLX: 0.000
       a =  2.000      CL = -0.2211
      Cm =  0.0635     CD =  0.86051   =>   CDf =  0.00336    CDp =  0.85715

 Side 1  free  transition at x/c =  0.5219   44
 Side 2  free  transition at x/c =  0.0133   13

  51   rms: 0.4020E+03   max: -.3166E+04   C at   84  2   RLX: 0.000
       a =  2.000      CL = -0.2213
      Cm =  0.0635     CD =  0.85901   =>   CDf =  0.00336    CDp =  0.85565

 Side 1  free  transition at x/c =  0.5219   44
 Side 2  free  transition at x/c =  0.0133   13

  52   rms: 0.4492E+03   max: -.3537E+04   C at   84  2   RLX: 0.000
       a =  2.000      CL = -0.2214
      Cm =  0.0635     CD =  0.85763   =>   CDf =  0.00336    CDp =  0.85427

 Side 1  free  transition at x/c =  0.5219   44
 Side 2  free  transition at x/c =  0.0133   13

  53   rms: 0.5010E+03   max: -.3944E+04   C at   84  2   RLX: 0.000
       a =  2.000      CL = -0.2215
      Cm =  0.0635     CD =  0.85640   =>   CDf =  0.00336    CDp =  0.85303

 Side 1  free  transition at x/c =  0.5219   44
 Side 2  free  transition at x/c =  0.0133   13

  54   rms: 0.5540E+03   max: -.4360E+04   C at   84  2   RLX: 0.000
       a =  2.000      CL = -0.2215
      Cm =  0.0635     CD =  0.85527   =>   CDf =  0.00336    CDp =  0.85191

 Side 1  free  transition at x/c =  0.5219   44
 Side 2  free  transition at x/c =  0.0133   13

  55   rms: 0.6091E+03   max: -.4793E+04   C at   84  2   RLX: 0.000
       a =  2.000      CL = -0.2216
      Cm =  0.0635     CD =  0.85424   =>   CDf =  0.00336    CDp =  0.85088

 Side 1  free  transition at x/c =  0.5219   44
 Side 2  free  transition at x/c =  0.0133   13

  56   rms: 0.6669E+03   max: -.5246E+04   C at   84  2   RLX: 0.000
       a =  2.000      CL = -0.2217
      Cm =  0.0636     CD =  0.85330   =>   CDf =  0.00336    CDp =  0.84994

 MRCHDU: Convergence failed at  79  side 2    Res =  0.4799E-01
 Side 1  free  transition at x/c =  0.5219   44
 Side 2  free  transition at x/c =  0.0133   13

  57   rms: 0.7272E+03   max: -.5721E+04   C at   84  2   RLX: 0.000
       a =  2.000      CL = -0.2218
      Cm =  0.0636     CD =  0.85244   =>   CDf =  0.00336    CDp =  0.84907

 MRCHDU: Convergence failed at  78  side 2    Res =  0.4177E-01
 MRCHDU: Convergence failed at  79  side 2    Res =  0.5814E-01
 Side 1  free  transition at x/c =  0.5219   44
 Side 2  free  transition at x/c =  0.0133   13

  58   rms: 0.7901E+03   max: -.6216E+04   C at   84  2   RLX: 0.000
       a =  2.000      CL = -0.2218
      Cm =  0.0636     CD =  0.85164   =>   CDf =  0.00336    CDp =  0.84828

 MRCHDU: Convergence failed at  76  side 2    Res =  0.1103E-01
 MRCHDU: Convergence failed at  77  side 2    Res =  0.3854E-01
 MRCHDU: Convergence failed at  78  side 2    Res =  0.4398E-01
 MRCHDU: Convergence failed at  79  side 2    Res =  0.5819E-01
 Side 1  free  transition at x/c =  0.5219   44
 Side 2  free  transition at x/c =  0.0133   13

  59   rms: 0.8555E+03   max: -.6731E+04   C at   84  2   RLX: 0.000
       a =  2.000      CL = -0.2219
      Cm =  0.0636     CD =  0.85090   =>   CDf =  0.00336    CDp =  0.84754

 MRCHDU: Convergence failed at  74  side 2    Res =  0.4785E-02
 MRCHDU: Convergence failed at  75  side 2    Res =  0.2454E-01
 MRCHDU: Convergence failed at  76  side 2    Res =  0.3336E-01
 MRCHDU: Convergence failed at  77  side 2    Res =  0.3856E-01
 MRCHDU: Convergence failed at  78  side 2    Res =  0.4401E-01
 MRCHDU: Convergence failed at  79  side 2    Res =  0.5823E-01
 Side 1  free  transition at x/c =  0.5219   44
 Side 2  free  transition at x/c =  0.0133   13

  60   rms: 0.9261E+03   max: -.7286E+04   C at   84  2   RLX: 0.000
       a =  2.000      CL = -0.2219
      Cm =  0.0636     CD =  0.85022   =>   CDf =  0.00336    CDp =  0.84686

 MRCHDU: Convergence failed at  73  side 2    Res =  0.3122E-01
 MRCHDU: Convergence failed at  74  side 2    Res =  0.2512E-01
 MRCHDU: Convergence failed at  75  side 2    Res =  0.2454E-01
 MRCHDU: Convergence failed at  76  side 2    Res =  0.3337E-01
 MRCHDU: Convergence failed at  77  side 2    Res =  0.3858E-01
 MRCHDU: Convergence failed at  78  side 2    Res =  0.4403E-01
 MRCHDU: Convergence failed at  79  side 2    Res =  0.5827E-01
 Side 1  free  transition at x/c =  0.5219   44
 Side 2  free  transition at x/c =  0.0133   13

  61   rms: 0.9968E+03   max: -.7841E+04   C at   84  2   RLX: 0.000
       a =  2.000      CL = -0.2220
      Cm =  0.0636     CD =  0.84959   =>   CDf =  0.00336    CDp =  0.84623

 MRCHDU: Convergence failed at  73  side 2    Res =  0.8271E-01
 MRCHDU: Convergence failed at  74  side 2    Res =  0.2513E-01
 MRCHDU: Convergence failed at  75  side 2    Res =  0.2455E-01
 MRCHDU: Convergence failed at  76  side 2    Res =  0.3338E-01
 MRCHDU: Convergence failed at  77  side 2    Res =  0.3860E-01
 MRCHDU: Convergence failed at  78  side 2    Res =  0.4405E-01
 MRCHDU: Convergence failed at  79  side 2    Res =  0.5831E-01
 Side 1  free  transition at x/c =  0.5219   44
 Side 2  free  transition at x/c =  0.0133   13

  62   rms: 0.1072E+04   max: -.8430E+04   C at   84  2   RLX: 0.000
       a =  2.000      CL = -0.2220
      Cm =  0.0636     CD =  0.84899   =>   CDf =  0.00336    CDp =  0.84563

 MRCHDU: Convergence failed at  73  side 2    Res =  0.1341E+00
 Side 1  free  transition at x/c =  0.5219   44
 Side 2  free  transition at x/c =  0.0133   13

  63   rms: 0.7881E+01   max: -.2123E+03   C at   13  2   RLX: 0.002
       a =  2.000      CL = -0.2219
      Cm =  0.0634     CD =  0.68687   =>   CDf =  0.00336    CDp =  0.68351

 Side 1  free  transition at x/c =  0.5219   44
 Side 2  free  transition at x/c =  0.0133   13

  64   rms: 0.8923E+01   max: -.2410E+03   C at   13  2   RLX: 0.002
       a =  2.000      CL = -0.2220
      Cm =  0.0633     CD =  0.66710   =>   CDf =  0.00336    CDp =  0.66374

 Side 1  free  transition at x/c =  0.5219   44
 Side 2  free  transition at x/c =  0.0133   13

  65   rms: 0.9880E+01   max: -.2671E+03   C at   13  2   RLX: 0.002
       a =  2.000      CL = -0.2221
      Cm =  0.0633     CD =  0.66727   =>   CDf =  0.00336    CDp =  0.66391

 Side 1  free  transition at x/c =  0.5219   44
 Side 2  free  transition at x/c =  0.0133   13

  66   rms: 0.1083E+02   max: -.2932E+03   C at   13  2   RLX: 0.002
       a =  2.000      CL = -0.2222
      Cm =  0.0633     CD =  0.66741   =>   CDf =  0.00336    CDp =  0.66405

 Side 1  free  transition at x/c =  0.5219   44
 Side 2  free  transition at x/c =  0.0133   13

  67   rms: 0.1187E+02   max: -.3215E+03   C at   13  2   RLX: 0.002
       a =  2.000      CL = -0.2223
      Cm =  0.0633     CD =  0.66751   =>   CDf =  0.00336    CDp =  0.66415

 Side 1  free  transition at x/c =  0.5219   44
 Side 2  free  transition at x/c =  0.0133   13

  68   rms: 0.1361E+02   max: -.3688E+03   C at   13  2   RLX: 0.001
       a =  2.000      CL = -0.2224
      Cm =  0.0633     CD =  0.66758   =>   CDf =  0.00336    CDp =  0.66422

 Side 1  free  transition at x/c =  0.5219   44
 Side 2  free  transition at x/c =  0.0133   13

  69   rms: 0.1480E+02   max: -.4012E+03   C at   13  2   RLX: 0.001
       a =  2.000      CL = -0.2226
      Cm =  0.0633     CD =  0.66773   =>   CDf =  0.00336    CDp =  0.66437

 Side 1  free  transition at x/c =  0.5219   44
 Side 2  free  transition at x/c =  0.0133   13

  70   rms: 0.1598E+02   max: -.4335E+03   C at   13  2   RLX: 0.001
       a =  2.000      CL = -0.2227
      Cm =  0.0633     CD =  0.66781   =>   CDf =  0.00336    CDp =  0.66446

 Side 1  free  transition at x/c =  0.5219   44
 Side 2  free  transition at x/c =  0.0133   13

  71   rms: 0.1726E+02   max: -.4683E+03   C at   13  2   RLX: 0.001
       a =  2.000      CL = -0.2228
      Cm =  0.0633     CD =  0.66779   =>   CDf =  0.00336    CDp =  0.66443

 Side 1  free  transition at x/c =  0.5219   44
 Side 2  free  transition at x/c =  0.0133   13

  72   rms: 0.1854E+02   max: -.5034E+03   C at   13  2   RLX: 0.001
       a =  2.000      CL = -0.2229
      Cm =  0.0633     CD =  0.66773   =>   CDf =  0.00336    CDp =  0.66438

 Side 1  free  transition at x/c =  0.5219   44
 Side 2  free  transition at x/c =  0.0133   13

  73   rms: 0.2004E+02   max: -.5443E+03   C at   13  2   RLX: 0.001
       a =  2.000      CL = -0.2231
      Cm =  0.0633     CD =  0.66759   =>   CDf =  0.00336    CDp =  0.66423

 MRCHDU: Convergence failed at  13  side 2    Res =  0.4474E-01
 Side 1  free  transition at x/c =  0.5219   44
 Side 2  free  transition at x/c =  0.0133   13

  74   rms: 0.2191E+02   max: -.5951E+03   C at   13  2   RLX: 0.001
       a =  2.000      CL = -0.2237
      Cm =  0.0635     CD =  0.66775   =>   CDf =  0.00336    CDp =  0.66440

 MRCHDU: Convergence failed at  13  side 2    Res =  0.9638E-01
 Side 1  free  transition at x/c =  0.5219   44
 Side 2  free  transition at x/c =  0.0133   13

  75   rms: 0.2361E+02   max: -.6413E+03   C at   13  2   RLX: 0.001
       a =  2.000      CL = -0.2243
      Cm =  0.0637     CD =  0.66803   =>   CDf =  0.00336    CDp =  0.66467

 MRCHDU: Convergence failed at  13  side 2    Res =  0.1479E+00
 Side 1  free  transition at x/c =  0.5219   44
 Side 2  free  transition at x/c =  0.0282   15

  76   rms: 0.1545E+01   max: 0.2788E+02   D at   14  2   RLX: 0.054
       a =  2.000      CL = -0.0795
      Cm =  0.0267     CD =  0.54882   =>   CDf =  0.00334    CDp =  0.54547

 Side 1  free  transition at x/c =  0.5208   44
 Side 2  free  transition at x/c =  0.0250   15

  77   rms: 0.1601E+01   max: 0.2702E+02   T at   15  2   RLX: 0.056
       a =  2.000      CL = -0.0573
      Cm =  0.0175     CD =  0.40015   =>   CDf =  0.00334    CDp =  0.39681

 Side 1  free  transition at x/c =  0.5232   44
 Side 2  free  transition at x/c =  0.0226   14

  78   rms: 0.2353E+01   max: -.2203E+02   T at   15  2   RLX: 0.023
       a =  2.000      CL =  0.0084
      Cm =  0.0063     CD =  0.34469   =>   CDf =  0.00331    CDp =  0.34138

 Side 1  free  transition at x/c =  0.5211   44
 Side 2  free  transition at x/c =  0.0225   14

  79   rms: 0.8902E+02   max: -.1452E+04   T at   15  2   RLX: 0.000
       a =  2.000      CL =  0.0090
      Cm =  0.0084     CD =  0.36966   =>   CDf =  0.00332    CDp =  0.36634

 Side 1  free  transition at x/c =  0.5205   44
 Side 2  free  transition at x/c =  0.0223   14

  80   rms: 0.4075E+01   max: 0.9115E+02   T at   15  2   RLX: 0.016
       a =  2.000      CL =  0.0150
      Cm =  0.0074     CD =  0.40234   =>   CDf =  0.00332    CDp =  0.39902

 Side 1  free  transition at x/c =  0.5198   44
 Side 2  free  transition at x/c =  0.0226   14

  81   rms: 0.4304E+01   max: -.5597E+02   T at   15  2   RLX: 0.009
       a =  2.000      CL =  0.0233
      Cm =  0.0039     CD =  0.34490   =>   CDf =  0.00333    CDp =  0.34157

 Side 1  free  transition at x/c =  0.5208   44
 Side 2  free  transition at x/c =  0.0221   14

  82   rms: 0.2145E+01   max: 0.2697E+02   T at   15  2   RLX: 0.041
       a =  2.000      CL =  0.0851
      Cm = -0.0061     CD =  0.48522   =>   CDf =  0.00337    CDp =  0.48184

 Side 1  free  transition at x/c =  0.5166   44
 Side 2  free  transition at x/c =  0.0248   14

  83   rms: 0.8943E+02   max: 0.8094E+03   T at   14  2   RLX: 0.001
       a =  2.000      CL =  0.0040
      Cm =  0.0072     CD =  0.33309   =>   CDf =  0.00326    CDp =  0.32982

 Side 1  free  transition at x/c =  0.5197   44
 Side 2  free  transition at x/c =  0.0231   15

  84   rms: 0.2175E+02   max: -.1887E+03   T at   16  2   RLX: 0.003
       a =  2.000      CL =  0.0524
      Cm =  0.0010     CD =  0.30027   =>   CDf =  0.00333    CDp =  0.29693

 Side 1  free  transition at x/c =  0.5179   43
 Side 2  free  transition at x/c =  0.0236   15

  85   rms: 0.2714E+03   max: -.3390E+04   T at   15  2   RLX: 0.000
       a =  2.000      CL =  0.0728
      Cm = -0.0002     CD =  0.31553   =>   CDf =  0.00340    CDp =  0.31214

 Side 1  free  transition at x/c =  0.5165   44
 Side 2  free  transition at x/c =  0.0241   14

  86   rms: 0.1563E+01   max: -.1116E+02   T at   14  2   RLX: 0.045
       a =  2.000      CL =  0.1147
      Cm = -0.0055     CD =  0.44283   =>   CDf =  0.00334    CDp =  0.43949

 Side 1  free  transition at x/c =  0.5127   44
 Side 2  free  transition at x/c =  0.0242   14

  87   rms: 0.2435E+01   max: 0.1227E+02   C at   78  2   RLX: 0.042
       a =  2.000      CL =  0.1728
      Cm = -0.0132     CD =  3.01229   =>   CDf =  0.00333    CDp =  3.00897

 MRCHDU: Convergence failed at  15  side 2    Res =  0.2344E-01
 Side 1  free  transition at x/c =  0.5072   44
 Side 2  free  transition at x/c =  0.0251   14

  88   rms: 0.3285E+01   max: 0.2798E+02   T at   16  2   RLX: 0.029
       a =  2.000      CL =  0.1939
      Cm = -0.0175     CD = 10.55017   =>   CDf =  0.00334    CDp = 10.54683

 MRCHDU: Convergence failed at  15  side 2    Res =  0.4789E-02
 Side 1  free  transition at x/c =  0.5057   44
 Side 2  free  transition at x/c =  0.0253   14

  89   rms: 0.1877E+03   max: -.1088E+04   C at   79  2   RLX: 0.000
       a =  2.000      CL =  0.2073
      Cm = -0.0229     CD =640.45020   =>   CDf =  0.00335    CDp =640.44685

 MRCHDU: Convergence failed at  15  side 2    Res =  0.5106E-02
 Side 1  free  transition at x/c =  0.5056   44
 Side 2  free  transition at x/c =  0.0253   14

  90   rms: 0.1706E+03   max: 0.1058E+04   C at   79  2   RLX: 0.001
       a =  2.000      CL =  0.2050
      Cm = -0.0225     CD =106.49455   =>   CDf =  0.00335    CDp =106.49119

 MRCHDU: Convergence failed at  15  side 2    Res =  0.4344E-02
 Side 1  free  transition at x/c =  0.5057   44
 Side 2  free  transition at x/c =  0.0253   14

  91   rms: 0.2503E+02   max: -.1424E+03   C at   78  2   RLX: 0.004
       a =  2.000      CL =  0.2066
      Cm = -0.0226     CD =365.84602   =>   CDf =  0.00335    CDp =365.84266

 MRCHDU: Convergence failed at  15  side 2    Res =  0.4611E-02
 Side 1  free  transition at x/c =  0.5055   44
 Side 2  free  transition at x/c =  0.0253   14

  92   rms: 0.1243E+03   max: -.7253E+03   C at   79  2   RLX: 0.001
       a =  2.000      CL =  0.2079
      Cm = -0.0229     CD =*********   =>   CDf =  0.00335    CDp =*********

 MRCHDU: Convergence failed at  15  side 2    Res =  0.4881E-02
 Side 1  free  transition at x/c =  0.5054   44
 Side 2  free  transition at x/c =  0.0253   14

  93   rms: 0.2480E+03   max: 0.1547E+04   C at   79  2   RLX: 0.001
       a =  2.000      CL =  0.2057
      Cm = -0.0225     CD =196.82542   =>   CDf =  0.00335    CDp =196.82207

 MRCHDU: Convergence failed at  15  side 2    Res =  0.4167E-02
 Side 1  free  transition at x/c =  0.5055   44
 Side 2  free  transition at x/c =  0.0253   14

  94   rms: 0.2144E+02   max: -.1193E+03   C at   78  2   RLX: 0.004
       a =  2.000      CL =  0.2072
      Cm = -0.0226     CD =610.00797   =>   CDf =  0.00335    CDp =610.00461

 MRCHDU: Convergence failed at  15  side 2    Res =  0.4318E-02
 Side 1  free  transition at x/c =  0.5053   44
 Side 2  free  transition at x/c =  0.0253   14

  95   rms: 0.8502E+02   max: -.4989E+03   C at   79  2   RLX: 0.001
       a =  2.000      CL =  0.2084
      Cm = -0.0229     CD =*********   =>   CDf =  0.00335    CDp =*********

 MRCHDU: Convergence failed at  15  side 2    Res =  0.4547E-02
 Side 1  free  transition at x/c =  0.5052   44
 Side 2  free  transition at x/c =  0.0253   14

  96   rms: 0.5752E+03   max: 0.3605E+04   C at   79  2   RLX: 0.000
       a =  2.000      CL =  0.2061
      Cm = -0.0225     CD =382.27702   =>   CDf =  0.00335    CDp =382.27367

 MRCHDU: Convergence failed at  15  side 2    Res =  0.3869E-02
 Side 1  free  transition at x/c =  0.5053   44
 Side 2  free  transition at x/c =  0.0253   14

  97   rms: 0.1806E+02   max: -.1003E+03   C at   79  2   RLX: 0.005
       a =  2.000      CL =  0.2074
      Cm = -0.0225     CD =876.03848   =>   CDf =  0.00335    CDp =876.03513

 MRCHDU: Convergence failed at  15  side 2    Res =  0.3895E-02
 Side 1  free  transition at x/c =  0.5051   44
 Side 2  free  transition at x/c =  0.0253   14

  98   rms: 0.5979E+02   max: -.3519E+03   C at   79  2   RLX: 0.001
       a =  2.000      CL =  0.2086
      Cm = -0.0227     CD =*********   =>   CDf =  0.00335    CDp =*********

 MRCHDU: Convergence failed at  15  side 2    Res =  0.4082E-02
 Side 1  free  transition at x/c =  0.5049   44
 Side 2  free  transition at x/c =  0.0253   14

  99   rms: 0.9465E+03   max: -.5941E+04   C at   79  2   RLX: 0.000
       a =  2.000      CL =  0.2095
      Cm = -0.0229     CD =*********   =>   CDf =  0.00335    CDp =*********

 MRCHDU: Convergence failed at  15  side 2    Res =  0.4309E-02
 Side 1  free  transition at x/c =  0.5049   44
 Side 2  free  transition at x/c =  0.0253   14

 100   rms: 0.2034E+03   max: 0.1382E+04   C at   79  2   RLX: 0.001
       a =  2.000      CL =  0.2077
      Cm = -0.0226     CD =*********   =>   CDf =  0.00335    CDp =*********

 MRCHDU: Convergence failed at  15  side 2    Res =  0.3703E-02
 Side 1  free  transition at x/c =  0.5050   44
 Side 2  free  transition at x/c =  0.0253   14

 101   rms: 0.4410E+02   max: -.2582E+03   C at   79  2   RLX: 0.002
       a =  2.000      CL =  0.2085
      Cm = -0.0226     CD =*********   =>   CDf =  0.00335    CDp =*********

 MRCHDU: Convergence failed at  15  side 2    Res =  0.3851E-02
 Side 1  free  transition at x/c =  0.5049   44
 Side 2  free  transition at x/c =  0.0253   14

 102   rms: 0.2488E+03   max: -.1550E+04   C at   79  2   RLX: 0.000
       a =  2.000      CL =  0.2094
      Cm = -0.0228     CD =*********   =>   CDf =  0.00335    CDp =*********

 MRCHDU: Convergence failed at  15  side 2    Res =  0.4069E-02
 Side 1  free  transition at x/c =  0.5048   43
 Side 2  free  transition at x/c =  0.0253   14

 103   rms: 0.3238E+03   max: 0.2179E+04   C at   79  2   RLX: 0.001
       a =  2.000      CL =  0.2075
      Cm = -0.0225     CD =*********   =>   CDf =  0.00335    CDp =*********

 MRCHDU: Convergence failed at  15  side 2    Res =  0.3462E-02
 Side 1  free  transition at x/c =  0.5044   43
 Side 2  free  transition at x/c =  0.0253   14

 104   rms: 0.3648E+02   max: -.2128E+03   C at   79  2   RLX: 0.002
       a =  2.000      CL =  0.2082
      Cm = -0.0225     CD =*********   =>   CDf =  0.00337    CDp =*********

 MRCHDU: Convergence failed at  15  side 2    Res =  0.3582E-02
 Side 1  free  transition at x/c =  0.5043   43
 Side 2  free  transition at x/c =  0.0253   14

 105   rms: 0.1423E+03   max: -.8813E+03   C at   79  2   RLX: 0.001
       a =  2.000      CL =  0.2091
      Cm = -0.0227     CD =*********   =>   CDf =  0.00336    CDp =*********

 MRCHDU: Convergence failed at  15  side 2    Res =  0.3791E-02
 Side 1  free  transition at x/c =  0.5043   43
 Side 2  free  transition at x/c =  0.0254   14

 106   rms: 0.8264E+03   max: 0.5518E+04   C at   79  2   RLX: 0.000
       a =  2.000      CL =  0.2071
      Cm = -0.0223     CD =*********   =>   CDf =  0.00336    CDp =*********

 MRCHDU: Convergence failed at  15  side 2    Res =  0.3180E-02
 Side 1  free  transition at x/c =  0.5044   43
 Side 2  free  transition at x/c =  0.0253   14

 107   rms: 0.2857E+02   max: -.1658E+03   C at   79  2   RLX: 0.003
       a =  2.000      CL =  0.2079
      Cm = -0.0223     CD =*********   =>   CDf =  0.00336    CDp =*********

 MRCHDU: Convergence failed at  15  side 2    Res =  0.3239E-02
 Side 1  free  transition at x/c =  0.5042   43
 Side 2  free  transition at x/c =  0.0254   14

 108   rms: 0.9421E+02   max: -.5795E+03   C at   79  2   RLX: 0.001
       a =  2.000      CL =  0.2089
      Cm = -0.0225     CD =936.57940   =>   CDf =  0.00336    CDp =936.57604

 MRCHDU: Convergence failed at  15  side 2    Res =  0.3435E-02
 Side 1  free  transition at x/c =  0.5042   43
 Side 2  free  transition at x/c =  0.0254   14

 109   rms: 0.1047E+04   max: -.6927E+04   C at   79  2   RLX: 0.000
       a =  2.000      CL =  0.2097
      Cm = -0.0227     CD =822.80932   =>   CDf =  0.00336    CDp =822.80596

 MRCHDU: Convergence failed at  15  side 2    Res =  0.3649E-02
 Side 1  free  transition at x/c =  0.5041   43
 Side 2  free  transition at x/c =  0.0254   14

 110   rms: 0.3361E+03   max: 0.2412E+04   C at   79  2   RLX: 0.001
       a =  2.000      CL =  0.2080
      Cm = -0.0224     CD =*********   =>   CDf =  0.00336    CDp =*********

 MRCHDU: Convergence failed at  15  side 2    Res =  0.3091E-02
 Side 1  free  transition at x/c =  0.5042   43
 Side 2  free  transition at x/c =  0.0254   14

 111   rms: 0.6910E+02   max: -.4208E+03   C at   79  2   RLX: 0.001
       a =  2.000      CL =  0.2087
      Cm = -0.0224     CD =824.07975   =>   CDf =  0.00336    CDp =824.07639

 MRCHDU: Convergence failed at  15  side 2    Res =  0.3267E-02
 Side 1  free  transition at x/c =  0.5041   43
 Side 2  free  transition at x/c =  0.0254   14

 112   rms: 0.3444E+03   max: -.2250E+04   C at   79  2   RLX: 0.000
       a =  2.000      CL =  0.2095
      Cm = -0.0226     CD =668.58903   =>   CDf =  0.00336    CDp =668.58567

 MRCHDU: Convergence failed at  15  side 2    Res =  0.3479E-02
 Side 1  free  transition at x/c =  0.5041   43
 Side 2  free  transition at x/c =  0.0254   14

 113   rms: 0.5479E+03   max: 0.3882E+04   C at   79  2   RLX: 0.000
       a =  2.000      CL =  0.2077
      Cm = -0.0223     CD =*********   =>   CDf =  0.00336    CDp =*********

 MRCHDU: Convergence failed at  15  side 2    Res =  0.2909E-02
 Side 1  free  transition at x/c =  0.5042   43
 Side 2  free  transition at x/c =  0.0254   14

 114   rms: 0.5605E+02   max: -.3380E+03   C at   79  2   RLX: 0.001
       a =  2.000      CL =  0.2084
      Cm = -0.0223     CD =753.51279   =>   CDf =  0.00336    CDp =753.50943

 MRCHDU: Convergence failed at  15  side 2    Res =  0.3070E-02
 Side 1  free  transition at x/c =  0.5041   43
 Side 2  free  transition at x/c =  0.0254   14

 115   rms: 0.2156E+03   max: -.1391E+04   C at   79  2   RLX: 0.000
       a =  2.000      CL =  0.2093
      Cm = -0.0225     CD =567.51356   =>   CDf =  0.00336    CDp =567.51020

 MRCHDU: Convergence failed at  15  side 2    Res =  0.3283E-02
 MRCHDU: Convergence failed at 106  side 2    Res =  0.2590E-02
 Side 1  free  transition at x/c =  0.5040   43
 Side 2  free  transition at x/c =  0.0254   14

 116   rms: 0.1553E+04   max: 0.1086E+05   C at   79  2   RLX: 0.000
       a =  2.000      CL =  0.2074
      Cm = -0.0222     CD =*********   =>   CDf =  0.00336    CDp =*********

 MRCHDU: Convergence failed at  15  side 2    Res =  0.2700E-02
 Side 1  free  transition at x/c =  0.5042   43
 Side 2  free  transition at x/c =  0.0254   14

 117   rms: 0.4454E+02   max: -.2661E+03   C at   79  2   RLX: 0.002
       a =  2.000      CL =  0.2081
      Cm = -0.0222     CD =745.59030   =>   CDf =  0.00336    CDp =745.58694

 MRCHDU: Convergence failed at  15  side 2    Res =  0.2830E-02
 MRCHDU: Convergence failed at 106  side 2    Res =  0.3650E-02
 Side 1  free  transition at x/c =  0.5041   43
 Side 2  free  transition at x/c =  0.0254   14

 118   rms: 0.1504E+03   max: -.9585E+03   C at   79  2   RLX: 0.001
       a =  2.000      CL =  0.2090
      Cm = -0.0224     CD =516.77490   =>   CDf =  0.00336    CDp =516.77154

 MRCHDU: Convergence failed at  15  side 2    Res =  0.3041E-02
 MRCHDU: Convergence failed at 106  side 2    Res =  0.8980E-02
 Side 1  free  transition at x/c =  0.5040   43
 Side 2  free  transition at x/c =  0.0254   14

 119   rms: 0.2061E+04   max: -.1421E+05   C at   79  2   RLX: 0.000
       a =  2.000      CL =  0.2098
      Cm = -0.0225     CD =376.94925   =>   CDf =  0.00335    CDp =376.94589

 MRCHDU: Convergence failed at  15  side 2    Res =  0.3249E-02
 MRCHDU: Convergence failed at 106  side 2    Res =  0.1225E-01
 Side 1  free  transition at x/c =  0.5039   43
 Side 2  free  transition at x/c =  0.0254   14

 120   rms: 0.4496E+03   max: 0.3355E+04   C at   79  2   RLX: 0.000
       a =  2.000      CL =  0.2082
      Cm = -0.0223     CD =829.01936   =>   CDf =  0.00335    CDp =829.01600

 MRCHDU: Convergence failed at  15  side 2    Res =  0.2718E-02
 MRCHDU: Convergence failed at 106  side 2    Res =  0.7302E-02
 Side 1  free  transition at x/c =  0.5040   43
 Side 2  free  transition at x/c =  0.0254   14

 121   rms: 0.1109E+03   max: -.6972E+03   C at   79  2   RLX: 0.001
       a =  2.000      CL =  0.2088
      Cm = -0.0223     CD =513.37468   =>   CDf =  0.00336    CDp =513.37133

 MRCHDU: Convergence failed at  15  side 2    Res =  0.2922E-02
 MRCHDU: Convergence failed at 106  side 2    Res =  0.1216E-01
 Side 1  free  transition at x/c =  0.5040   43
 Side 2  free  transition at x/c =  0.0254   14

 122   rms: 0.6773E+03   max: -.4595E+04   C at   79  2   RLX: 0.000
       a =  2.000      CL =  0.2097
      Cm = -0.0225     CD =355.82609   =>   CDf =  0.00335    CDp =355.82273

 MRCHDU: Convergence failed at  15  side 2    Res =  0.3135E-02
 MRCHDU: Convergence failed at 106  side 2    Res =  0.1494E-01
 Side 1  free  transition at x/c =  0.5039   43
 Side 2  free  transition at x/c =  0.0254   14

 123   rms: 0.5536E+03   max: 0.4071E+04   C at   79  2   RLX: 0.000
       a =  2.000      CL =  0.2079
      Cm = -0.0222     CD =893.98773   =>   CDf =  0.00335    CDp =893.98437

 MRCHDU: Convergence failed at  15  side 2    Res =  0.2582E-02
 MRCHDU: Convergence failed at 106  side 2    Res =  0.1070E-01
 Side 1  free  transition at x/c =  0.5040   43
 Side 2  free  transition at x/c =  0.0254   14

 124   rms: 0.8528E+02   max: -.5291E+03   C at   79  2   RLX: 0.001
       a =  2.000      CL =  0.2086
      Cm = -0.0222     CD =508.83642   =>   CDf =  0.00335    CDp =508.83307

 MRCHDU: Convergence failed at  15  side 2    Res =  0.2775E-02
 MRCHDU: Convergence failed at 106  side 2    Res =  0.1440E-01
 Side 1  free  transition at x/c =  0.5039   43
 Side 2  free  transition at x/c =  0.0254   14

 125   rms: 0.3978E+03   max: -.2656E+04   C at   79  2   RLX: 0.000
       a =  2.000      CL =  0.2095
      Cm = -0.0224     CD =335.81965   =>   CDf =  0.00335    CDp =335.81629

 MRCHDU: Convergence failed at  15  side 2    Res =  0.2993E-02
 MRCHDU: Convergence failed at 106  side 2    Res =  0.1625E-01
 Side 1  free  transition at x/c =  0.5039   43
 Side 2  free  transition at x/c =  0.0254   14

 126   rms: 0.6997E+03   max: 0.5067E+04   C at   79  2   RLX: 0.000
       a =  2.000      CL =  0.2076
      Cm = -0.0221     CD =954.92095   =>   CDf =  0.00335    CDp =954.91760

 MRCHDU: Convergence failed at  15  side 2    Res =  0.2415E-02
 MRCHDU: Convergence failed at 106  side 2    Res =  0.1340E-01
 Side 1  free  transition at x/c =  0.5040   43
 Side 2  free  transition at x/c =  0.0254   14

 127   rms: 0.6614E+02   max: -.4053E+03   C at   79  2   RLX: 0.001
       a =  2.000      CL =  0.2083
      Cm = -0.0221     CD =492.62854   =>   CDf =  0.00335    CDp =492.62518

 MRCHDU: Convergence failed at  15  side 2    Res =  0.2589E-02
 MRCHDU: Convergence failed at 106  side 2    Res =  0.1509E-01
 Side 1  free  transition at x/c =  0.5039   43
 Side 2  free  transition at x/c =  0.0254   14

 128   rms: 0.2635E+03   max: -.1732E+04   C at   79  2   RLX: 0.000
       a =  2.000      CL =  0.2092
      Cm = -0.0223     CD =307.83933   =>   CDf =  0.00335    CDp =307.83598

 MRCHDU: Convergence failed at  15  side 2    Res =  0.2812E-02
 MRCHDU: Convergence failed at 106  side 2    Res =  0.1557E-01
 Side 1  free  transition at x/c =  0.5038   43
 Side 2  free  transition at x/c =  0.0254   14

 129   rms: 0.1044E+04   max: 0.7443E+04   C at   79  2   RLX: 0.000
       a =  2.000      CL =  0.2072
      Cm = -0.0220     CD =*********   =>   CDf =  0.00335    CDp =*********

 MRCHDU: Convergence failed at  15  side 2    Res =  0.2204E-02
 MRCHDU: Convergence failed at 106  side 2    Res =  0.1498E-01
 Side 1  free  transition at x/c =  0.5040   43
 Side 2  free  transition at x/c =  0.0254   14

 130   rms: 0.4964E+02   max: -.3007E+03   C at   79  2   RLX: 0.002
       a =  2.000      CL =  0.2079
      Cm = -0.0220     CD =439.18933   =>   CDf =  0.00335    CDp =439.18597

 MRCHDU: Convergence failed at  15  side 2    Res =  0.2342E-02
 MRCHDU: Convergence failed at 106  side 2    Res =  0.1339E-01
 Side 1  free  transition at x/c =  0.5039   43
 Side 2  free  transition at x/c =  0.0254   14

 131   rms: 0.1716E+03   max: -.1111E+04   C at   79  2   RLX: 0.000
       a =  2.000      CL =  0.2088
      Cm = -0.0222     CD =251.89563   =>   CDf =  0.00335    CDp =251.89228

 MRCHDU: Convergence failed at  15  side 2    Res =  0.2565E-02
 MRCHDU: Convergence failed at 106  side 2    Res =  0.1202E-01
 Side 1  free  transition at x/c =  0.5038   43
 Side 2  free  transition at x/c =  0.0254   14

 132   rms: 0.4260E+04   max: 0.2986E+05   C at   79  2   RLX: 0.000
       a =  2.000      CL =  0.2066
      Cm = -0.0218     CD =984.44636   =>   CDf =  0.00335    CDp =984.44301

 MRCHDU: Convergence failed at  15  side 2    Res =  0.1925E-02
 MRCHDU: Convergence failed at 106  side 2    Res =  0.1459E-01
 Side 1  free  transition at x/c =  0.5040   43
 Side 2  free  transition at x/c =  0.0254   14

 133   rms: 0.3065E+02   max: -.1834E+03   C at   79  2   RLX: 0.003
       a =  2.000      CL =  0.2071
      Cm = -0.0218     CD =236.73364   =>   CDf =  0.00335    CDp =236.73029

 MRCHDU: Convergence failed at  15  side 2    Res =  0.1944E-02
 MRCHDU: Convergence failed at 106  side 2    Res =  0.5563E-02
 Side 1  free  transition at x/c =  0.5038   43
 Side 2  free  transition at x/c =  0.0254   14

 134   rms: 0.2040E+03   max: -.1299E+04   C at   79  2   RLX: 0.000
       a =  2.000      CL =  0.2082
      Cm = -0.0220     CD =156.40241   =>   CDf =  0.00335    CDp =156.39906

 MRCHDU: Convergence failed at  15  side 2    Res =  0.2201E-02
 MRCHDU: Convergence failed at 106  side 2    Res =  0.4813E-02
 Side 1  free  transition at x/c =  0.5038   43
 Side 2  free  transition at x/c =  0.0254   14

 135   rms: 0.1051E+04   max: 0.7237E+04   C at   79  2   RLX: 0.000
       a =  2.000      CL =  0.2056
      Cm = -0.0215     CD =476.07363   =>   CDf =  0.00335    CDp =476.07028

 MRCHDU: Convergence failed at  15  side 2    Res =  0.1477E-02
 MRCHDU: Convergence failed at 106  side 2    Res =  0.6337E-02
 Side 1  free  transition at x/c =  0.5039   43
 Side 2  free  transition at x/c =  0.0254   14

 136   rms: 0.1153E+02   max: 0.9041E+02   T at  106  2   RLX: 0.008
       a =  2.000      CL =  0.2045
      Cm = -0.0211     CD = 12.64269   =>   CDf =  0.00335    CDp = 12.63934

 MRCHDU: Convergence failed at  15  side 2    Res =  0.8713E-03
 Side 1  free  transition at x/c =  0.5037   43
 Side 2  free  transition at x/c =  0.0254   14

 137   rms: 0.1567E+04   max: -.9793E+04   C at   79  2   RLX: 0.000
       a =  2.000      CL =  0.2060
      Cm = -0.0213     CD = 10.99462   =>   CDf =  0.00334    CDp = 10.99128

 MRCHDU: Convergence failed at  15  side 2    Res =  0.1257E-02
 Side 1  free  transition at x/c =  0.5036   43
 Side 2  free  transition at x/c =  0.0254   14

 138   rms: 0.1539E+03   max: 0.1035E+04   C at   79  2   RLX: 0.001
       a =  2.000      CL =  0.2022
      Cm = -0.0207     CD = 11.66748   =>   CDf =  0.00334    CDp = 11.66414

 MRCHDU: Convergence failed at  15  side 2    Res =  0.1892E-03
 Side 1  free  transition at x/c =  0.5037   43
 Side 2  free  transition at x/c =  0.0254   14

 139   rms: 0.3172E+02   max: -.1859E+03   C at   79  2   RLX: 0.003
       a =  2.000      CL =  0.2028
      Cm = -0.0206     CD =  9.74766   =>   CDf =  0.00334    CDp =  9.74432

 MRCHDU: Convergence failed at  15  side 2    Res =  0.2249E-03
 Side 1  free  transition at x/c =  0.5036   43
 Side 2  free  transition at x/c =  0.0254   14

 140   rms: 0.4572E+03   max: -.2819E+04   C at   79  2   RLX: 0.000
       a =  2.000      CL =  0.2047
      Cm = -0.0210     CD =  9.50454   =>   CDf =  0.00334    CDp =  9.50120

 MRCHDU: Convergence failed at  15  side 2    Res =  0.6594E-03
 Side 1  free  transition at x/c =  0.5035   43
 Side 2  free  transition at x/c =  0.0254   14

 141   rms: 0.1378E+03   max: 0.9100E+03   C at   79  2   RLX: 0.002
       a =  2.000      CL =  0.1999
      Cm = -0.0201     CD =  9.84813   =>   CDf =  0.00334    CDp =  9.84479

 Side 1  free  transition at x/c =  0.5038   43
 Side 2  free  transition at x/c =  0.0254   14

 142   rms: 0.2275E+02   max: -.1322E+03   C at   79  2   RLX: 0.004
       a =  2.000      CL =  0.2000
      Cm = -0.0200     CD =  7.89111   =>   CDf =  0.00334    CDp =  7.88777

 Side 1  free  transition at x/c =  0.5036   43
 Side 2  free  transition at x/c =  0.0254   14

 143   rms: 0.2764E+03   max: -.1683E+04   C at   79  2   RLX: 0.000
       a =  2.000      CL =  0.2023
      Cm = -0.0205     CD =  7.72707   =>   CDf =  0.00334    CDp =  7.72374

 Side 1  free  transition at x/c =  0.5035   43
 Side 2  free  transition at x/c =  0.0254   14

 144   rms: 0.1246E+03   max: 0.8080E+03   C at   79  2   RLX: 0.002
       a =  2.000      CL =  0.1957
      Cm = -0.0193     CD =  7.96535   =>   CDf =  0.00333    CDp =  7.96201

 Side 1  free  transition at x/c =  0.5038   43
 Side 2  free  transition at x/c =  0.0254   14

 145   rms: 0.1569E+02   max: -.9103E+02   C at   79  2   RLX: 0.005
       a =  2.000      CL =  0.1937
      Cm = -0.0188     CD =  6.01054   =>   CDf =  0.00334    CDp =  6.00720

 Side 1  free  transition at x/c =  0.5038   43
 Side 2  free  transition at x/c =  0.0254   14

 146   rms: 0.9024E+03   max: -.5417E+04   C at   79  2   RLX: 0.000
       a =  2.000      CL =  0.1980
      Cm = -0.0196     CD =  5.95023   =>   CDf =  0.00333    CDp =  5.94690

 Side 1  free  transition at x/c =  0.5036   43
 Side 2  free  transition at x/c =  0.0254   14

 147   rms: 0.7235E+02   max: 0.4596E+03   C at   79  2   RLX: 0.003
       a =  2.000      CL =  0.1859
      Cm = -0.0175     CD =  6.11364   =>   CDf =  0.00333    CDp =  6.11031

 Side 1  free  transition at x/c =  0.5041   43
 Side 2  free  transition at x/c =  0.0253   14

 148   rms: 0.7400E+01   max: 0.3064E+02   C at   73  2   RLX: 0.024
       a =  2.000      CL =  0.0737
      Cm =  0.0023     CD =  3.43391   =>   CDf =  0.00333    CDp =  3.43058

 Side 1  free  transition at x/c =  0.5114   44
 Side 2  free  transition at x/c =  0.0249   14

 149   rms: 0.2013E+01   max: -.1442E+02   C at   78  2   RLX: 0.035
       a =  2.000      CL =  0.0686
      Cm =  0.0062     CD =  0.23851   =>   CDf =  0.00328    CDp =  0.23524

 Side 1  free  transition at x/c =  0.5097   44
 Side 2  free  transition at x/c =  0.0253   14

 150   rms: 0.3902E+01   max: -.2152E+02   C at   78  2   RLX: 0.023
       a =  2.000      CL =  0.0845
      Cm =  0.0033     CD =  0.27019   =>   CDf =  0.00329    CDp =  0.26691

 Side 1  free  transition at x/c =  0.5084   44
 Side 2  free  transition at x/c =  0.0255   14

 151   rms: 0.1090E+02   max: -.6150E+02   C at   79  2   RLX: 0.008
       a =  2.000      CL =  0.0891
      Cm =  0.0025     CD =  0.30081   =>   CDf =  0.00330    CDp =  0.29752

 Side 1  free  transition at x/c =  0.5080   44
 Side 2  free  transition at x/c =  0.0255   14

 152   rms: 0.3827E+02   max: -.2264E+03   C at   79  2   RLX: 0.002
       a =  2.000      CL =  0.0895
      Cm =  0.0024     CD =  0.30818   =>   CDf =  0.00330    CDp =  0.30489

 Side 1  free  transition at x/c =  0.5079   44
 Side 2  free  transition at x/c =  0.0255   14

 153   rms: 0.3847E+03   max: -.2408E+04   C at   79  2   RLX: 0.000
       a =  2.000      CL =  0.0883
      Cm =  0.0026     CD =  0.30507   =>   CDf =  0.00330    CDp =  0.30177

 Side 1  free  transition at x/c =  0.5080   44
 Side 2  free  transition at x/c =  0.0255   14

 154   rms: 0.1308E+03   max: 0.8794E+03   C at   79  2   RLX: 0.002
       a =  2.000      CL =  0.0935
      Cm =  0.0017     CD =  0.31565   =>   CDf =  0.00330    CDp =  0.31235

 Side 1  free  transition at x/c =  0.5076   44
 Side 2  free  transition at x/c =  0.0255   14

 155   rms: 0.2452E+02   max: -.1439E+03   C at   79  2   RLX: 0.003
       a =  2.000      CL =  0.0948
      Cm =  0.0015     CD =  0.29853   =>   CDf =  0.00330    CDp =  0.29523

 Side 1  free  transition at x/c =  0.5075   44
 Side 2  free  transition at x/c =  0.0256   14

 156   rms: 0.1302E+03   max: -.8017E+03   C at   79  2   RLX: 0.001
       a =  2.000      CL =  0.0940
      Cm =  0.0016     CD =  0.29802   =>   CDf =  0.00330    CDp =  0.29472

 Side 1  free  transition at x/c =  0.5075   44
 Side 2  free  transition at x/c =  0.0256   14

 157   rms: 0.2408E+03   max: 0.1586E+04   C at   79  2   RLX: 0.001
       a =  2.000      CL =  0.0987
      Cm =  0.0008     CD =  0.30740   =>   CDf =  0.00330    CDp =  0.30410

 Side 1  free  transition at x/c =  0.5072   44
 Side 2  free  transition at x/c =  0.0256   14

 158   rms: 0.1690E+02   max: -.9790E+02   C at   79  2   RLX: 0.005
       a =  2.000      CL =  0.1014
      Cm =  0.0004     CD =  0.28390   =>   CDf =  0.00330    CDp =  0.28059

 Side 1  free  transition at x/c =  0.5070   44
 Side 2  free  transition at x/c =  0.0256   14

 159   rms: 0.5991E+02   max: -.3635E+03   C at   79  2   RLX: 0.001
       a =  2.000      CL =  0.1012
      Cm =  0.0004     CD =  0.28650   =>   CDf =  0.00331    CDp =  0.28319

 Side 1  free  transition at x/c =  0.5070   44
 Side 2  free  transition at x/c =  0.0256   14

 160   rms: 0.1621E+04   max: 0.1048E+05   C at   79  2   RLX: 0.000
       a =  2.000      CL =  0.1054
      Cm = -0.0003     CD =  0.29591   =>   CDf =  0.00331    CDp =  0.29260

 Side 1  free  transition at x/c =  0.5067   44
 Side 2  free  transition at x/c =  0.0256   14

 161   rms: 0.1339E+02   max: -.7658E+02   C at   79  2   RLX: 0.007
       a =  2.000      CL =  0.1093
      Cm = -0.0009     CD =  0.26542   =>   CDf =  0.00331    CDp =  0.26211

 Side 1  free  transition at x/c =  0.5063   44
 Side 2  free  transition at x/c =  0.0256   14

 162   rms: 0.4067E+02   max: -.2434E+03   C at   79  2   RLX: 0.002
       a =  2.000      CL =  0.1096
      Cm = -0.0010     CD =  0.27226   =>   CDf =  0.00331    CDp =  0.26895

 Side 1  free  transition at x/c =  0.5062   44
 Side 2  free  transition at x/c =  0.0256   14

 163   rms: 0.2443E+03   max: -.1551E+04   C at   79  2   RLX: 0.000
       a =  2.000      CL =  0.1086
      Cm = -0.0009     CD =  0.27108   =>   CDf =  0.00331    CDp =  0.26777

 Side 1  free  transition at x/c =  0.5063   44
 Side 2  free  transition at x/c =  0.0256   14

 164   rms: 0.2136E+03   max: 0.1460E+04   C at   79  2   RLX: 0.001
       a =  2.000      CL =  0.1130
      Cm = -0.0016     CD =  0.27877   =>   CDf =  0.00331    CDp =  0.27546

 Side 1  free  transition at x/c =  0.5060   44
 Side 2  free  transition at x/c =  0.0257   14

 165   rms: 0.2768E+02   max: -.1633E+03   C at   79  2   RLX: 0.003
       a =  2.000      CL =  0.1141
      Cm = -0.0018     CD =  0.26485   =>   CDf =  0.00331    CDp =  0.26153

 Side 1  free  transition at x/c =  0.5058   44
 Side 2  free  transition at x/c =  0.0257   14

 166   rms: 0.1069E+03   max: -.6660E+03   C at   79  2   RLX: 0.001
       a =  2.000      CL =  0.1134
      Cm = -0.0017     CD =  0.26563   =>   CDf =  0.00331    CDp =  0.26231

 Side 1  free  transition at x/c =  0.5059   44
 Side 2  free  transition at x/c =  0.0257   14

 167   rms: 0.5603E+03   max: 0.3742E+04   C at   79  2   RLX: 0.000
       a =  2.000      CL =  0.1174
      Cm = -0.0023     CD =  0.27341   =>   CDf =  0.00331    CDp =  0.27009

 Side 1  free  transition at x/c =  0.5056   44
 Side 2  free  transition at x/c =  0.0257   14

 168   rms: 0.1872E+02   max: -.1094E+03   C at   79  2   RLX: 0.005
       a =  2.000      CL =  0.1198
      Cm = -0.0027     CD =  0.25542   =>   CDf =  0.00332    CDp =  0.25211

 Side 1  free  transition at x/c =  0.5053   44
 Side 2  free  transition at x/c =  0.0257   14

 169   rms: 0.5971E+02   max: -.3656E+03   C at   79  2   RLX: 0.001
       a =  2.000      CL =  0.1197
      Cm = -0.0027     CD =  0.25942   =>   CDf =  0.00332    CDp =  0.25610

 Side 1  free  transition at x/c =  0.5053   44
 Side 2  free  transition at x/c =  0.0257   14

 170   rms: 0.5588E+03   max: -.3652E+04   C at   79  2   RLX: 0.000
       a =  2.000      CL =  0.1186
      Cm = -0.0025     CD =  0.25774   =>   CDf =  0.00332    CDp =  0.25442

 Side 1  free  transition at x/c =  0.5054   44
 Side 2  free  transition at x/c =  0.0257   14

 171   rms: 0.2302E+03   max: 0.1626E+04   C at   79  2   RLX: 0.001
       a =  2.000      CL =  0.1227
      Cm = -0.0032     CD =  0.26430   =>   CDf =  0.00332    CDp =  0.26098

 Side 1  free  transition at x/c =  0.5051   44
 Side 2  free  transition at x/c =  0.0257   14

 172   rms: 0.3640E+02   max: -.2191E+03   C at   79  2   RLX: 0.002
       a =  2.000      CL =  0.1232
      Cm = -0.0033     CD =  0.25661   =>   CDf =  0.00332    CDp =  0.25329

 MRCHDU: Convergence failed at 105  side 2    Res =  0.2015E-03
 Side 1  free  transition at x/c =  0.5050   44
 Side 2  free  transition at x/c =  0.0257   14

 173   rms: 0.1574E+03   max: -.1006E+04   C at   79  2   RLX: 0.000
       a =  2.000      CL =  0.1224
      Cm = -0.0032     CD =  0.25629   =>   CDf =  0.00332    CDp =  0.25297

 MRCHDU: Convergence failed at 105  side 2    Res =  0.7252E-03
 Side 1  free  transition at x/c =  0.5050   44
 Side 2  free  transition at x/c =  0.0257   14

 174   rms: 0.3973E+03   max: 0.2736E+04   C at   79  2   RLX: 0.001
       a =  2.000      CL =  0.1263
      Cm = -0.0038     CD =  0.26177   =>   CDf =  0.00332    CDp =  0.25845

 Side 1  free  transition at x/c =  0.5048   43
 Side 2  free  transition at x/c =  0.0257   14

 175   rms: 0.2638E+02   max: -.1564E+03   C at   79  2   RLX: 0.003
       a =  2.000      CL =  0.1275
      Cm = -0.0040     CD =  0.25250   =>   CDf =  0.00332    CDp =  0.24918

 MRCHDU: Convergence failed at 105  side 2    Res =  0.2277E-02
 Side 1  free  transition at x/c =  0.5046   43
 Side 2  free  transition at x/c =  0.0257   14

 176   rms: 0.8847E+02   max: -.5544E+03   C at   79  2   RLX: 0.001
       a =  2.000      CL =  0.1271
      Cm = -0.0039     CD =  0.24978   =>   CDf =  0.00332    CDp =  0.24646

 MRCHDU: Convergence failed at 105  side 2    Res =  0.3003E-02
 Side 1  free  transition at x/c =  0.5047   43
 Side 2  free  transition at x/c =  0.0257   14

 177   rms: 0.7907E+04   max: -.5313E+05   C at   79  2   RLX: 0.000
       a =  2.000      CL =  0.1259
      Cm = -0.0038     CD =  0.24617   =>   CDf =  0.00332    CDp =  0.24285

 MRCHDU: Convergence failed at 105  side 2    Res =  0.3148E-02
 Side 1  free  transition at x/c =  0.5047   43
 Side 2  free  transition at x/c =  0.0257   14

 178   rms: 0.2345E+03   max: 0.1705E+04   C at   79  2   RLX: 0.001
       a =  2.000      CL =  0.1297
      Cm = -0.0044     CD =  0.25123   =>   CDf =  0.00332    CDp =  0.24791

 MRCHDU: Convergence failed at 105  side 2    Res =  0.3283E-02
 Side 1  free  transition at x/c =  0.5045   43
 Side 2  free  transition at x/c =  0.0257   14

 179   rms: 0.5588E+02   max: -.3434E+03   C at   79  2   RLX: 0.001
       a =  2.000      CL =  0.1296
      Cm = -0.0043     CD =  0.24695   =>   CDf =  0.00332    CDp =  0.24363

 MRCHDU: Convergence failed at 105  side 2    Res =  0.4406E-02
 Side 1  free  transition at x/c =  0.5045   43
 Side 2  free  transition at x/c =  0.0257   14

 180   rms: 0.3046E+03   max: -.1997E+04   C at   79  2   RLX: 0.000
       a =  2.000      CL =  0.1286
      Cm = -0.0042     CD =  0.24349   =>   CDf =  0.00332    CDp =  0.24017

 MRCHDU: Convergence failed at 105  side 2    Res =  0.4643E-02
 Side 1  free  transition at x/c =  0.5045   43
 Side 2  free  transition at x/c =  0.0257   14

 181   rms: 0.3590E+03   max: 0.2544E+04   C at   79  2   RLX: 0.001
       a =  2.000      CL =  0.1323
      Cm = -0.0048     CD =  0.24789   =>   CDf =  0.00332    CDp =  0.24457

 MRCHDU: Convergence failed at 105  side 2    Res =  0.4241E-02
 Side 1  free  transition at x/c =  0.5044   43
 Side 2  free  transition at x/c =  0.0257   14

 182   rms: 0.3765E+02   max: -.2273E+03   C at   79  2   RLX: 0.002
       a =  2.000      CL =  0.1328
      Cm = -0.0049     CD =  0.24298   =>   CDf =  0.00332    CDp =  0.23966

 MRCHDU: Convergence failed at 105  side 2    Res =  0.6001E-02
 Side 1  free  transition at x/c =  0.5043   43
 Side 2  free  transition at x/c =  0.0257   14

 183   rms: 0.1372E+03   max: -.8791E+03   C at   79  2   RLX: 0.001
       a =  2.000      CL =  0.1321
      Cm = -0.0047     CD =  0.23984   =>   CDf =  0.00332    CDp =  0.23652

 MRCHDU: Convergence failed at 105  side 2    Res =  0.6429E-02
 Side 1  free  transition at x/c =  0.5043   43
 Side 2  free  transition at x/c =  0.0257   14

 184   rms: 0.1048E+04   max: 0.7228E+04   C at   79  2   RLX: 0.000
       a =  2.000      CL =  0.1356
      Cm = -0.0053     CD =  0.24318   =>   CDf =  0.00332    CDp =  0.23986

 MRCHDU: Convergence failed at 105  side 2    Res =  0.5277E-02
 Side 1  free  transition at x/c =  0.5042   43
 Side 2  free  transition at x/c =  0.0258   14

 185   rms: 0.2639E+02   max: -.1567E+03   C at   79  2   RLX: 0.003
       a =  2.000      CL =  0.1368
      Cm = -0.0055     CD =  0.23793   =>   CDf =  0.00332    CDp =  0.23462

 MRCHDU: Convergence failed at 105  side 2    Res =  0.8030E-02
 Side 1  free  transition at x/c =  0.5040   43
 Side 2  free  transition at x/c =  0.0258   14

 186   rms: 0.8040E+02   max: -.5041E+03   C at   79  2   RLX: 0.001
       a =  2.000      CL =  0.1365
      Cm = -0.0055     CD =  0.23538   =>   CDf =  0.00332    CDp =  0.23207

 MRCHDU: Convergence failed at 105  side 2    Res =  0.8813E-02
 Side 1  free  transition at x/c =  0.5040   43
 Side 2  free  transition at x/c =  0.0258   14

 187   rms: 0.5877E+03   max: -.3952E+04   C at   79  2   RLX: 0.000
       a =  2.000      CL =  0.1355
      Cm = -0.0053     CD =  0.23221   =>   CDf =  0.00331    CDp =  0.22889

 MRCHDU: Convergence failed at 105  side 2    Res =  0.8881E-02
 Side 1  free  transition at x/c =  0.5041   43
 Side 2  free  transition at x/c =  0.0258   14

 188   rms: 0.3308E+03   max: 0.2407E+04   C at   79  2   RLX: 0.001
       a =  2.000      CL =  0.1390
      Cm = -0.0059     CD =  0.23569   =>   CDf =  0.00331    CDp =  0.23238

 MRCHDU: Convergence failed at 105  side 2    Res =  0.8743E-02
 Side 1  free  transition at x/c =  0.5039   43
 Side 2  free  transition at x/c =  0.0258   14

 189   rms: 0.5244E+02   max: -.3222E+03   C at   79  2   RLX: 0.002
       a =  2.000      CL =  0.1390
      Cm = -0.0059     CD =  0.23350   =>   CDf =  0.00331    CDp =  0.23018

 MRCHDU: Convergence failed at 105  side 2    Res =  0.1008E-01
 Side 1  free  transition at x/c =  0.5039   43
 Side 2  free  transition at x/c =  0.0258   14

 190   rms: 0.2095E+03   max: -.1373E+04   C at   79  2   RLX: 0.000
       a =  2.000      CL =  0.1382
      Cm = -0.0057     CD =  0.23043   =>   CDf =  0.00331    CDp =  0.22712

 MRCHDU: Convergence failed at 105  side 2    Res =  0.1033E-01
 Side 1  free  transition at x/c =  0.5039   43
 Side 2  free  transition at x/c =  0.0258   14

 191   rms: 0.6858E+03   max: 0.4857E+04   C at   79  2   RLX: 0.000
       a =  2.000      CL =  0.1415
      Cm = -0.0063     CD =  0.23299   =>   CDf =  0.00331    CDp =  0.22968

 MRCHDU: Convergence failed at 105  side 2    Res =  0.9497E-02
 Side 1  free  transition at x/c =  0.5037   43
 Side 2  free  transition at x/c =  0.0258   14

 192   rms: 0.3574E+02   max: -.2156E+03   C at   79  2   RLX: 0.002
       a =  2.000      CL =  0.1422
      Cm = -0.0064     CD =  0.23103   =>   CDf =  0.00331    CDp =  0.22772

 MRCHDU: Convergence failed at 105  side 2    Res =  0.1172E-01
 Side 1  free  transition at x/c =  0.5036   43
 Side 2  free  transition at x/c =  0.0258   14

 193   rms: 0.1128E+03   max: -.7218E+03   C at   79  2   RLX: 0.001
       a =  2.000      CL =  0.1416
      Cm = -0.0063     CD =  0.22825   =>   CDf =  0.00331    CDp =  0.22494

 MRCHDU: Convergence failed at 105  side 2    Res =  0.1228E-01
 Side 1  free  transition at x/c =  0.5037   43
 Side 2  free  transition at x/c =  0.0258   14

 194   rms: 0.1635E+04   max: -.1127E+05   C at   79  2   RLX: 0.000
       a =  2.000      CL =  0.1406
      Cm = -0.0061     CD =  0.22531   =>   CDf =  0.00331    CDp =  0.22200

 MRCHDU: Convergence failed at 105  side 2    Res =  0.1226E-01
 Side 1  free  transition at x/c =  0.5037   43
 Side 2  free  transition at x/c =  0.0258   14

 195   rms: 0.3280E+03   max: 0.2445E+04   C at   79  2   RLX: 0.001
       a =  2.000      CL =  0.1439
      Cm = -0.0067     CD =  0.22822   =>   CDf =  0.00331    CDp =  0.22491

 MRCHDU: Convergence failed at 105  side 2    Res =  0.1229E-01
 Side 1  free  transition at x/c =  0.5035   43
 Side 2  free  transition at x/c =  0.0258   14

 196   rms: 0.7239E+02   max: -.4530E+03   C at   79  2   RLX: 0.001
       a =  2.000      CL =  0.1436
      Cm = -0.0066     CD =  0.22746   =>   CDf =  0.00331    CDp =  0.22415

 MRCHDU: Convergence failed at 105  side 2    Res =  0.1333E-01
 Side 1  free  transition at x/c =  0.5035   43
 Side 2  free  transition at x/c =  0.0258   14

 197   rms: 0.3359E+03   max: -.2253E+04   C at   79  2   RLX: 0.000
       a =  2.000      CL =  0.1427
      Cm = -0.0065     CD =  0.22446   =>   CDf =  0.00331    CDp =  0.22115

 MRCHDU: Convergence failed at 105  side 2    Res =  0.1346E-01
 Side 1  free  transition at x/c =  0.5036   43
 Side 2  free  transition at x/c =  0.0258   14

 198   rms: 0.5428E+03   max: 0.3940E+04   C at   79  2   RLX: 0.000
       a =  2.000      CL =  0.1460
      Cm = -0.0070     CD =  0.22660   =>   CDf =  0.00331    CDp =  0.22329

 MRCHDU: Convergence failed at 105  side 2    Res =  0.1286E-01
 Side 1  free  transition at x/c =  0.5034   43
 Side 2  free  transition at x/c =  0.0258   14

 199   rms: 0.4420E+02   max: -.2712E+03   C at   79  2   RLX: 0.002
       a =  2.000      CL =  0.1463
      Cm = -0.0070     CD =  0.22630   =>   CDf =  0.00331    CDp =  0.22300

 MRCHDU: Convergence failed at 105  side 2    Res =  0.1466E-01
 Side 1  free  transition at x/c =  0.5033   43
 Side 2  free  transition at x/c =  0.0258   14

 200   rms: 0.1583E+03   max: -.1035E+04   C at   79  2   RLX: 0.000
       a =  2.000      CL =  0.1456
      Cm = -0.0069     CD =  0.22316   =>   CDf =  0.00331    CDp =  0.21985

 MRCHDU: Convergence failed at 105  side 2    Res =  0.1507E-01
 Side 1  free  transition at x/c =  0.5033   43
 Side 2  free  transition at x/c =  0.0258   14

 201   rms: 0.4974E+04   max: 0.3511E+05   C at   79  2   RLX: 0.000
       a =  2.000      CL =  0.1487
      Cm = -0.0074     CD =  0.22398   =>   CDf =  0.00331    CDp =  0.22068

 MRCHDU: Convergence failed at 105  side 2    Res =  0.1360E-01
 Side 1  free  transition at x/c =  0.5032   43
 Side 2  free  transition at x/c =  0.0258   14

 202   rms: 0.3067E+02   max: -.1847E+03   C at   79  2   RLX: 0.003
       a =  2.000      CL =  0.1498
      Cm = -0.0076     CD =  0.22456   =>   CDf =  0.00331    CDp =  0.22125

 MRCHDU: Convergence failed at 105  side 2    Res =  0.1655E-01
 Side 1  free  transition at x/c =  0.5031   43
 Side 2  free  transition at x/c =  0.0258   14

 203   rms: 0.8752E+02   max: -.5586E+03   C at   79  2   RLX: 0.001
       a =  2.000      CL =  0.1494
      Cm = -0.0075     CD =  0.22156   =>   CDf =  0.00331    CDp =  0.21825

 MRCHDU: Convergence failed at 105  side 2    Res =  0.1746E-01
 Side 1  free  transition at x/c =  0.5031   43
 Side 2  free  transition at x/c =  0.0258   14

 204   rms: 0.4572E+03   max: -.3140E+04   C at   79  2   RLX: 0.000
       a =  2.000      CL =  0.1485
      Cm = -0.0074     CD =  0.21865   =>   CDf =  0.00331    CDp =  0.21535

 MRCHDU: Convergence failed at 105  side 2    Res =  0.1756E-01
 Side 1  free  transition at x/c =  0.5031   43
 Side 2  free  transition at x/c =  0.0258   14

 205   rms: 0.5327E+03   max: 0.3958E+04   C at   79  2   RLX: 0.000
       a =  2.000      CL =  0.1516
      Cm = -0.0079     CD =  0.22019   =>   CDf =  0.00331    CDp =  0.21689
 VISCAL:  Convergence failed
      9.000    4.6151   0.220193   0.001302   0.001464   0.000162    0.5031     #
 Calculating wake trajectory ...
 Calculating source influence matrix ...

 Solving BL system ...

 MRCHDU: Convergence failed at 105  side 2    Res =  0.1696E-01
 Side 1  free  transition at x/c =  0.5029   43
 Side 2  free  transition at x/c =  0.0258   14

   1   rms: 0.7107E+02   max: -.4433E+03   C at   79  2   RLX: 0.001
       a =  3.000      CL =  0.1510
      Cm = -0.0078     CD =  0.22078   =>   CDf =  0.00330    CDp =  0.21748

 MRCHDU: Convergence failed at 105  side 2    Res =  0.1854E-01
 Side 1  free  transition at x/c =  0.5029   43
 Side 2  free  transition at x/c =  0.0258   14

   2   rms: 0.2502E+03   max: -.1671E+04   C at   79  2   RLX: 0.000
       a =  3.000      CL =  0.1501
      Cm = -0.0077     CD =  0.21731   =>   CDf =  0.00330    CDp =  0.21401

 MRCHDU: Convergence failed at 105  side 2    Res =  0.1890E-01
 Side 1  free  transition at x/c =  0.5030   43
 Side 2  free  transition at x/c =  0.0258   14

   3   rms: 0.1906E+04   max: 0.1378E+05   C at   79  2   RLX: 0.000
       a =  3.000      CL =  0.1531
      Cm = -0.0082     CD =  0.21751   =>   CDf =  0.00330    CDp =  0.21421

 MRCHDU: Convergence failed at 105  side 2    Res =  0.1747E-01
 Side 1  free  transition at x/c =  0.5028   43
 Side 2  free  transition at x/c =  0.0258   14

   4   rms: 0.4787E+02   max: -.2926E+03   C at   79  2   RLX: 0.002
       a =  3.000      CL =  0.1533
      Cm = -0.0082     CD =  0.21913   =>   CDf =  0.00330    CDp =  0.21583

 MRCHDU: Convergence failed at 105  side 2    Res =  0.2009E-01
 Side 1  free  transition at x/c =  0.5027   43
 Side 2  free  transition at x/c =  0.0258   14

   5   rms: 0.1395E+03   max: -.9074E+03   C at   79  2   RLX: 0.001
       a =  3.000      CL =  0.1526
      Cm = -0.0081     CD =  0.21539   =>   CDf =  0.00330    CDp =  0.21209

 MRCHDU: Convergence failed at 105  side 2    Res =  0.2091E-01
 Side 1  free  transition at x/c =  0.5027   43
 Side 2  free  transition at x/c =  0.0258   14

   6   rms: 0.9994E+03   max: -.7017E+04   C at   79  2   RLX: 0.000
       a =  3.000      CL =  0.1517
      Cm = -0.0079     CD =  0.21251   =>   CDf =  0.00330    CDp =  0.20921

 MRCHDU: Convergence failed at 105  side 2    Res =  0.2100E-01
 Side 1  free  transition at x/c =  0.5028   43
 Side 2  free  transition at x/c =  0.0258   14

   7   rms: 0.5553E+03   max: 0.4213E+04   C at   79  2   RLX: 0.000
       a =  3.000      CL =  0.1546
      Cm = -0.0084     CD =  0.21357   =>   CDf =  0.00330    CDp =  0.21027

 MRCHDU: Convergence failed at 105  side 2    Res =  0.2036E-01
 Side 1  free  transition at x/c =  0.5026   43
 Side 2  free  transition at x/c =  0.0258   14

   8   rms: 0.8895E+02   max: -.5647E+03   C at   79  2   RLX: 0.001
       a =  3.000      CL =  0.1542
      Cm = -0.0083     CD =  0.21486   =>   CDf =  0.00330    CDp =  0.21157

 MRCHDU: Convergence failed at 105  side 2    Res =  0.2178E-01
 Side 1  free  transition at x/c =  0.5026   43
 Side 2  free  transition at x/c =  0.0258   14

   9   rms: 0.3434E+03   max: -.2343E+04   C at   79  2   RLX: 0.000
       a =  3.000      CL =  0.1533
      Cm = -0.0082     CD =  0.21166   =>   CDf =  0.00330    CDp =  0.20836

 MRCHDU: Convergence failed at 105  side 2    Res =  0.2212E-01
 Side 1  free  transition at x/c =  0.5026   43
 Side 2  free  transition at x/c =  0.0258   14

  10   rms: 0.1117E+04   max: 0.8248E+04   C at   79  2   RLX: 0.000
       a =  3.000      CL =  0.1562
      Cm = -0.0087     CD =  0.21159   =>   CDf =  0.00330    CDp =  0.20829

 MRCHDU: Convergence failed at 105  side 2    Res =  0.2070E-01
 Side 1  free  transition at x/c =  0.5025   43
 Side 2  free  transition at x/c =  0.0258   14

  11   rms: 0.5913E+02   max: -.3671E+03   C at   79  2   RLX: 0.001
       a =  3.000      CL =  0.1561
      Cm = -0.0086     CD =  0.21416   =>   CDf =  0.00330    CDp =  0.21086

 MRCHDU: Convergence failed at 105  side 2    Res =  0.2305E-01
 Side 1  free  transition at x/c =  0.5024   43
 Side 2  free  transition at x/c =  0.0258   14

  12   rms: 0.1783E+03   max: -.1183E+04   C at   79  2   RLX: 0.000
       a =  3.000      CL =  0.1554
      Cm = -0.0085     CD =  0.21060   =>   CDf =  0.00330    CDp =  0.20731

 MRCHDU: Convergence failed at 105  side 2    Res =  0.2381E-01
 Side 1  free  transition at x/c =  0.5025   43
 Side 2  free  transition at x/c =  0.0258   14

  13   rms: 0.2417E+04   max: -.1734E+05   C at   79  2   RLX: 0.000
       a =  3.000      CL =  0.1544
      Cm = -0.0083     CD =  0.20798   =>   CDf =  0.00330    CDp =  0.20468

 MRCHDU: Convergence failed at 105  side 2    Res =  0.2392E-01
 Side 1  free  transition at x/c =  0.5025   43
 Side 2  free  transition at x/c =  0.0258   14

  14   rms: 0.5063E+03   max: 0.3914E+04   C at   79  2   RLX: 0.000
       a =  3.000      CL =  0.1573
      Cm = -0.0088     CD =  0.20881   =>   CDf =  0.00330    CDp =  0.20551

 MRCHDU: Convergence failed at 105  side 2    Res =  0.2321E-01
 Side 1  free  transition at x/c =  0.5023   43
 Side 2  free  transition at x/c =  0.0258   14

  15   rms: 0.1105E+03   max: -.7147E+03   C at   79  2   RLX: 0.001
       a =  3.000      CL =  0.1567
      Cm = -0.0087     CD =  0.21052   =>   CDf =  0.00330    CDp =  0.20722

 MRCHDU: Convergence failed at 105  side 2    Res =  0.2451E-01
 Side 1  free  transition at x/c =  0.5023   43
 Side 2  free  transition at x/c =  0.0258   14

  16   rms: 0.4860E+03   max: -.3388E+04   C at   79  2   RLX: 0.000
       a =  3.000      CL =  0.1558
      Cm = -0.0086     CD =  0.20755   =>   CDf =  0.00330    CDp =  0.20425

 MRCHDU: Convergence failed at 105  side 2    Res =  0.2485E-01
 Side 1  free  transition at x/c =  0.5024   43
 Side 2  free  transition at x/c =  0.0258   14

  17   rms: 0.8371E+03   max: 0.6310E+04   C at   79  2   RLX: 0.000
       a =  3.000      CL =  0.1587
      Cm = -0.0090     CD =  0.20732   =>   CDf =  0.00330    CDp =  0.20403

 MRCHDU: Convergence failed at 105  side 2    Res =  0.2340E-01
 Side 1  free  transition at x/c =  0.5022   43
 Side 2  free  transition at x/c =  0.0258   14

  18   rms: 0.7228E+02   max: -.4562E+03   C at   79  2   RLX: 0.001
       a =  3.000      CL =  0.1584
      Cm = -0.0089     CD =  0.21038   =>   CDf =  0.00330    CDp =  0.20709

 MRCHDU: Convergence failed at 105  side 2    Res =  0.2553E-01
 Side 1  free  transition at x/c =  0.5022   43
 Side 2  free  transition at x/c =  0.0258   14

  19   rms: 0.2282E+03   max: -.1546E+04   C at   79  2   RLX: 0.000
       a =  3.000      CL =  0.1576
      Cm = -0.0088     CD =  0.20701   =>   CDf =  0.00330    CDp =  0.20372

 MRCHDU: Convergence failed at 105  side 2    Res =  0.2626E-01
 Side 1  free  transition at x/c =  0.5022   43
 Side 2  free  transition at x/c =  0.0258   14

  20   rms: 0.1704E+05   max: 0.1249E+06   C at   79  2   RLX: 0.000
       a =  3.000      CL =  0.1604
      Cm = -0.0093     CD =  0.20510   =>   CDf =  0.00329    CDp =  0.20181

 MRCHDU: Convergence failed at 105  side 2    Res =  0.2377E-01
 Side 1  free  transition at x/c =  0.5021   43
 Side 2  free  transition at x/c =  0.0258   14

  21   rms: 0.4858E+02   max: -.3001E+03   C at   79  2   RLX: 0.002
       a =  3.000      CL =  0.1605
      Cm = -0.0093     CD =  0.21035   =>   CDf =  0.00329    CDp =  0.20705

 MRCHDU: Convergence failed at 105  side 2    Res =  0.2718E-01
 Side 1  free  transition at x/c =  0.5020   43
 Side 2  free  transition at x/c =  0.0259   14

  22   rms: 0.1290E+03   max: -.8504E+03   C at   79  2   RLX: 0.001
       a =  3.000      CL =  0.1599
      Cm = -0.0092     CD =  0.20659   =>   CDf =  0.00329    CDp =  0.20329

 MRCHDU: Convergence failed at 105  side 2    Res =  0.2856E-01
 Side 1  free  transition at x/c =  0.5020   43
 Side 2  free  transition at x/c =  0.0259   14

  23   rms: 0.6096E+03   max: -.4341E+04   C at   79  2   RLX: 0.000
       a =  3.000      CL =  0.1590
      Cm = -0.0090     CD =  0.20378   =>   CDf =  0.00329    CDp =  0.20049

 MRCHDU: Convergence failed at 105  side 2    Res =  0.2902E-01
 Side 1  free  transition at x/c =  0.5021   43
 Side 2  free  transition at x/c =  0.0259   14

  24   rms: 0.7815E+03   max: 0.6002E+04   C at   79  2   RLX: 0.000
       a =  3.000      CL =  0.1618
      Cm = -0.0095     CD =  0.20307   =>   CDf =  0.00329    CDp =  0.19978

 MRCHDU: Convergence failed at 105  side 2    Res =  0.2717E-01
 Side 1  free  transition at x/c =  0.5019   43
 Side 2  free  transition at x/c =  0.0259   14

  25   rms: 0.8339E+02   max: -.5357E+03   C at   79  2   RLX: 0.001
       a =  3.000      CL =  0.1613
      Cm = -0.0094     CD =  0.20690   =>   CDf =  0.00329    CDp =  0.20360

 MRCHDU: Convergence failed at 105  side 2    Res =  0.2935E-01
 Side 1  free  transition at x/c =  0.5019   43
 Side 2  free  transition at x/c =  0.0259   14

  26   rms: 0.2646E+03   max: -.1830E+04   C at   79  2   RLX: 0.000
       a =  3.000      CL =  0.1606
      Cm = -0.0093     CD =  0.20365   =>   CDf =  0.00329    CDp =  0.20035

 MRCHDU: Convergence failed at 105  side 2    Res =  0.3020E-01
 Side 1  free  transition at x/c =  0.5019   43
 Side 2  free  transition at x/c =  0.0259   14

  27   rms: 0.4625E+04   max: 0.3459E+05   C at   79  2   RLX: 0.000
       a =  3.000      CL =  0.1633
      Cm = -0.0097     CD =  0.20115   =>   CDf =  0.00329    CDp =  0.19786

 MRCHDU: Convergence failed at 105  side 2    Res =  0.2730E-01
 Side 1  free  transition at x/c =  0.5018   43
 Side 2  free  transition at x/c =  0.0259   14

  28   rms: 0.5569E+02   max: -.3495E+03   C at   79  2   RLX: 0.001
       a =  3.000      CL =  0.1632
      Cm = -0.0097     CD =  0.20746   =>   CDf =  0.00329    CDp =  0.20417

 MRCHDU: Convergence failed at 105  side 2    Res =  0.3066E-01
 Side 1  free  transition at x/c =  0.5017   43
 Side 2  free  transition at x/c =  0.0259   14

  29   rms: 0.1447E+03   max: -.9729E+03   C at   79  2   RLX: 0.001
       a =  3.000      CL =  0.1626
      Cm = -0.0096     CD =  0.20376   =>   CDf =  0.00329    CDp =  0.20047

 MRCHDU: Convergence failed at 105  side 2    Res =  0.3217E-01
 Side 1  free  transition at x/c =  0.5017   43
 Side 2  free  transition at x/c =  0.0259   14

  30   rms: 0.7053E+03   max: -.5128E+04   C at   79  2   RLX: 0.000
       a =  3.000      CL =  0.1617
      Cm = -0.0094     CD =  0.20108   =>   CDf =  0.00329    CDp =  0.19779

 MRCHDU: Convergence failed at 105  side 2    Res =  0.3279E-01
 Side 1  free  transition at x/c =  0.5018   43
 Side 2  free  transition at x/c =  0.0259   14

  31   rms: 0.7711E+03   max: 0.6024E+04   C at   79  2   RLX: 0.000
       a =  3.000      CL =  0.1644
      Cm = -0.0098     CD =  0.19984   =>   CDf =  0.00329    CDp =  0.19655

 MRCHDU: Convergence failed at 105  side 2    Res =  0.3044E-01
 Side 1  free  transition at x/c =  0.5016   43
 Side 2  free  transition at x/c =  0.0259   14

  32   rms: 0.9278E+02   max: -.6071E+03   C at   79  2   RLX: 0.001
       a =  3.000      CL =  0.1639
      Cm = -0.0098     CD =  0.20437   =>   CDf =  0.00329    CDp =  0.20108

 MRCHDU: Convergence failed at 105  side 2    Res =  0.3271E-01
 Side 1  free  transition at x/c =  0.5016   43
 Side 2  free  transition at x/c =  0.0259   14

  33   rms: 0.2885E+03   max: -.2037E+04   C at   79  2   RLX: 0.000
       a =  3.000      CL =  0.1631
      Cm = -0.0096     CD =  0.20122   =>   CDf =  0.00329    CDp =  0.19793

 MRCHDU: Convergence failed at 105  side 2    Res =  0.3373E-01
 Side 1  free  transition at x/c =  0.5016   43
 Side 2  free  transition at x/c =  0.0259   14

  34   rms: 0.4029E+04   max: 0.3071E+05   C at   79  2   RLX: 0.000
       a =  3.000      CL =  0.1657
      Cm = -0.0101     CD =  0.19801   =>   CDf =  0.00329    CDp =  0.19472

 MRCHDU: Convergence failed at 105  side 2    Res =  0.3032E-01
 Side 1  free  transition at x/c =  0.5015   43
 Side 2  free  transition at x/c =  0.0259   14

  35   rms: 0.6169E+02   max: -.3937E+03   C at   79  2   RLX: 0.001
       a =  3.000      CL =  0.1655
      Cm = -0.0100     CD =  0.20538   =>   CDf =  0.00329    CDp =  0.20209

 MRCHDU: Convergence failed at 105  side 2    Res =  0.3368E-01
 Side 1  free  transition at x/c =  0.5014   43
 Side 2  free  transition at x/c =  0.0259   14

  36   rms: 0.1539E+03   max: -.1056E+04   C at   79  2   RLX: 0.000
       a =  3.000      CL =  0.1649
      Cm = -0.0099     CD =  0.20174   =>   CDf =  0.00329    CDp =  0.19845

 MRCHDU: Convergence failed at 105  side 2    Res =  0.3535E-01
 Side 1  free  transition at x/c =  0.5014   43
 Side 2  free  transition at x/c =  0.0259   14

  37   rms: 0.7103E+03   max: -.5270E+04   C at   79  2   RLX: 0.000
       a =  3.000      CL =  0.1640
      Cm = -0.0098     CD =  0.19915   =>   CDf =  0.00329    CDp =  0.19586

 MRCHDU: Convergence failed at 105  side 2    Res =  0.3615E-01
 Side 1  free  transition at x/c =  0.5015   43
 Side 2  free  transition at x/c =  0.0259   14

  38   rms: 0.8234E+03   max: 0.6533E+04   C at   79  2   RLX: 0.000
       a =  3.000      CL =  0.1666
      Cm = -0.0102     CD =  0.19723   =>   CDf =  0.00329    CDp =  0.19394

 MRCHDU: Convergence failed at 105  side 2    Res =  0.3323E-01
 Side 1  free  transition at x/c =  0.5013   43
 Side 2  free  transition at x/c =  0.0259   14

  39   rms: 0.9851E+02   max: -.6571E+03   C at   79  2   RLX: 0.001
       a =  3.000      CL =  0.1661
      Cm = -0.0101     CD =  0.20260   =>   CDf =  0.00329    CDp =  0.19932

 MRCHDU: Convergence failed at 105  side 2    Res =  0.3561E-01
 Side 1  free  transition at x/c =  0.5013   43
 Side 2  free  transition at x/c =  0.0259   14

  40   rms: 0.2881E+03   max: -.2077E+04   C at   79  2   RLX: 0.000
       a =  3.000      CL =  0.1653
      Cm = -0.0099     CD =  0.19952   =>   CDf =  0.00329    CDp =  0.19624

 MRCHDU: Convergence failed at 105  side 2    Res =  0.3682E-01
 Side 1  free  transition at x/c =  0.5014   43
 Side 2  free  transition at x/c =  0.0259   14

  41   rms: 0.8823E+04   max: 0.6845E+05   C at   79  2   RLX: 0.000
       a =  3.000      CL =  0.1678
      Cm = -0.0104     CD =  0.19532   =>   CDf =  0.00329    CDp =  0.19203

 MRCHDU: Convergence failed at 105  side 2    Res =  0.3281E-01
 Side 1  free  transition at x/c =  0.5012   43
 Side 2  free  transition at x/c =  0.0259   14

  42   rms: 0.6565E+02   max: -.4266E+03   C at   79  2   RLX: 0.001
       a =  3.000      CL =  0.1676
      Cm = -0.0103     CD =  0.20396   =>   CDf =  0.00329    CDp =  0.20067

 MRCHDU: Convergence failed at 105  side 2    Res =  0.3618E-01
 Side 1  free  transition at x/c =  0.5012   43
 Side 2  free  transition at x/c =  0.0259   14

  43   rms: 0.1529E+03   max: -.1071E+04   C at   79  2   RLX: 0.000
       a =  3.000      CL =  0.1669
      Cm = -0.0102     CD =  0.20038   =>   CDf =  0.00329    CDp =  0.19709

 MRCHDU: Convergence failed at 105  side 2    Res =  0.3803E-01
 Side 1  free  transition at x/c =  0.5012   43
 Side 2  free  transition at x/c =  0.0259   14

  44   rms: 0.5964E+03   max: -.4512E+04   C at   79  2   RLX: 0.000
       a =  3.000      CL =  0.1661
      Cm = -0.0100     CD =  0.19783   =>   CDf =  0.00328    CDp =  0.19455

 MRCHDU: Convergence failed at 105  side 2    Res =  0.3904E-01
 Side 1  free  transition at x/c =  0.5012   43
 Side 2  free  transition at x/c =  0.0259   14

  45   rms: 0.1023E+04   max: 0.8234E+04   C at   79  2   RLX: 0.000
       a =  3.000      CL =  0.1686
      Cm = -0.0104     CD =  0.19494   =>   CDf =  0.00328    CDp =  0.19166

 MRCHDU: Convergence failed at 105  side 2    Res =  0.3545E-01
 Side 1  free  transition at x/c =  0.5011   43
 Side 2  free  transition at x/c =  0.0259   14

  46   rms: 0.9994E+02   max: -.6804E+03   C at   79  2   RLX: 0.001
       a =  3.000      CL =  0.1680
      Cm = -0.0103     CD =  0.20147   =>   CDf =  0.00328    CDp =  0.19818

 MRCHDU: Convergence failed at 105  side 2    Res =  0.3794E-01
 Side 1  free  transition at x/c =  0.5011   43
 Side 2  free  transition at x/c =  0.0259   14

  47   rms: 0.2583E+03   max: -.1902E+04   C at   79  2   RLX: 0.000
       a =  3.000      CL =  0.1673
      Cm = -0.0102     CD =  0.19843   =>   CDf =  0.00328    CDp =  0.19514

 MRCHDU: Convergence failed at 105  side 2    Res =  0.3937E-01
 Side 1  free  transition at x/c =  0.5011   43
 Side 2  free  transition at x/c =  0.0259   14

  48   rms: 0.3567E+04   max: -.2813E+05   C at   79  2   RLX: 0.000
       a =  3.000      CL =  0.1665
      Cm = -0.0101     CD =  0.19639   =>   CDf =  0.00328    CDp =  0.19311

 MRCHDU: Convergence failed at 105  side 2    Res =  0.4017E-01
 Side 1  free  transition at x/c =  0.5011   43
 Side 2  free  transition at x/c =  0.0259   14

  49   rms: 0.6074E+03   max: 0.5018E+04   C at   79  2   RLX: 0.000
       a =  3.000      CL =  0.1688
      Cm = -0.0105     CD =  0.19472   =>   CDf =  0.00328    CDp =  0.19144

 MRCHDU: Convergence failed at 105  side 2    Res =  0.3716E-01
 Side 1  free  transition at x/c =  0.5010   43
 Side 2  free  transition at x/c =  0.0259   14

  50   rms: 0.1574E+03   max: -.1126E+04   C at   79  2   RLX: 0.000
       a =  3.000      CL =  0.1682
      Cm = -0.0103     CD =  0.19927   =>   CDf =  0.00328    CDp =  0.19598

 MRCHDU: Convergence failed at 105  side 2    Res =  0.3902E-01
 Side 1  free  transition at x/c =  0.5010   43
 Side 2  free  transition at x/c =  0.0259   14

  51   rms: 0.5468E+03   max: -.4214E+04   C at   79  2   RLX: 0.000
       a =  3.000      CL =  0.1674
      Cm = -0.0102     CD =  0.19680   =>   CDf =  0.00328    CDp =  0.19352

 MRCHDU: Convergence failed at 105  side 2    Res =  0.4010E-01
 Side 1  free  transition at x/c =  0.5010   43
 Side 2  free  transition at x/c =  0.0259   14

  52   rms: 0.1254E+04   max: 0.1021E+05   C at   79  2   RLX: 0.000
       a =  3.000      CL =  0.1698
      Cm = -0.0106     CD =  0.19320   =>   CDf =  0.00333    CDp =  0.18987

 MRCHDU: Convergence failed at 104  side 2    Res =  0.3626E-01
 Side 1  free  transition at x/c =  0.5009   44
 Side 2  free  transition at x/c =  0.0259   13

  53   rms: 0.1031E+03   max: -.7141E+03   C at   78  2   RLX: 0.001
       a =  3.000      CL =  0.1692
      Cm = -0.0105     CD =  0.20048   =>   CDf =  0.00329    CDp =  0.19719

 MRCHDU: Convergence failed at 104  side 2    Res =  0.3867E-01
 Side 1  free  transition at x/c =  0.5009   44
 Side 2  free  transition at x/c =  0.0259   13

  54   rms: 0.2496E+03   max: -.1875E+04   C at   78  2   RLX: 0.000
       a =  3.000      CL =  0.1685
      Cm = -0.0104     CD =  0.19753   =>   CDf =  0.00325    CDp =  0.19428

 MRCHDU: Convergence failed at 105  side 2    Res =  0.4013E-01
 Side 1  free  transition at x/c =  0.5009   43
 Side 2  free  transition at x/c =  0.0259   14

  55   rms: 0.4057E+04   max: 0.5923E+05   T at    2  2   RLX: 0.000
       a =  3.000      CL =  0.1679
      Cm = -0.0103     CD =  0.19516   =>   CDf =  0.00328    CDp =  0.19188

 MRCHDU: Convergence failed at 105  side 2    Res =  0.4077E-01
 Side 1  free  transition at x/c =  0.5009   43
 Side 2  free  transition at x/c =  0.0259   14

  56   rms: 0.1065E+04   max: 0.8781E+04   C at   79  2   RLX: 0.000
       a =  3.000      CL =  0.1701
      Cm = -0.0106     CD =  0.19262   =>   CDf =  0.00328    CDp =  0.18934

 MRCHDU: Convergence failed at 105  side 2    Res =  0.3704E-01
 Side 1  free  transition at x/c =  0.5008   43
 Side 2  free  transition at x/c =  0.0259   14

  57   rms: 0.1173E+03   max: -.8364E+03   C at   79  2   RLX: 0.001
       a =  3.000      CL =  0.1696
      Cm = -0.0105     CD =  0.19947   =>   CDf =  0.00328    CDp =  0.19619

 MRCHDU: Convergence failed at 105  side 2    Res =  0.3920E-01
 Side 1  free  transition at x/c =  0.5008   43
 Side 2  free  transition at x/c =  0.0259   14

  58   rms: 0.2915E+03   max: -.2240E+04   C at   79  2   RLX: 0.000
       a =  3.000      CL =  0.1688
      Cm = -0.0104     CD =  0.19674   =>   CDf =  0.00328    CDp =  0.19346

 MRCHDU: Convergence failed at 105  side 2    Res =  0.4054E-01
 Side 1  free  transition at x/c =  0.5008   43
 Side 2  free  transition at x/c =  0.0259   14

  59   rms: 0.3397E+04   max: -.2762E+05   C at   79  2   RLX: 0.000
       a =  3.000      CL =  0.1681
      Cm = -0.0103     CD =  0.19491   =>   CDf =  0.00328    CDp =  0.19163

 MRCHDU: Convergence failed at 105  side 2    Res =  0.4137E-01
 Side 1  free  transition at x/c =  0.5009   43
 Side 2  free  transition at x/c =  0.0259   14

  60   rms: 0.6692E+03   max: 0.5618E+04   C at   79  2   RLX: 0.000
       a =  3.000      CL =  0.1703
      Cm = -0.0106     CD =  0.19267   =>   CDf =  0.00333    CDp =  0.18934

 MRCHDU: Convergence failed at 104  side 2    Res =  0.3823E-01
 Side 1  free  transition at x/c =  0.5007   44
 Side 2  free  transition at x/c =  0.0259   13

  61   rms: 0.1961E+03   max: 0.1608E+04   T at    2  1   RLX: 0.000
       a =  3.000      CL =  0.1696
      Cm = -0.0105     CD =  0.19761   =>   CDf =  0.00325    CDp =  0.19437

 MRCHDU: Convergence failed at 105  side 2    Res =  0.3989E-01
 Side 1  free  transition at x/c =  0.5008   43
 Side 2  free  transition at x/c =  0.0259   14

  62   rms: 0.6550E+03   max: -.6535E+04   D at    2  2   RLX: 0.000
       a =  3.000      CL =  0.1691
      Cm = -0.0104     CD =  0.19479   =>   CDf =  0.00333    CDp =  0.19147

 MRCHDU: Convergence failed at 104  side 2    Res =  0.4061E-01
 Side 1  free  transition at x/c =  0.5008   44
 Side 2  free  transition at x/c =  0.0259   13

  63   rms: 0.4767E+05   max: 0.5080E+06   D at    2  1   RLX: 0.000
       a =  3.000      CL =  0.1684
      Cm = -0.0103     CD =  0.19439   =>   CDf =  0.00325    CDp =  0.19114

 MRCHDU: Convergence failed at 105  side 2    Res =  0.4139E-01
 Side 1  free  transition at x/c =  0.5008   43
 Side 2  free  transition at x/c =  0.0259   14

  64   rms: 0.8460E+03   max: 0.9145E+04   T at    2  2   RLX: 0.000
       a =  3.000      CL =  0.1695
      Cm = -0.0105     CD =  0.19265   =>   CDf =  0.00328    CDp =  0.18937

 MRCHDU: Convergence failed at 105  side 2    Res =  0.4019E-01
 Side 1  free  transition at x/c =  0.5007   43
 Side 2  free  transition at x/c =  0.0259   14

  65   rms: 0.1127E+04   max: -.9150E+04   C at   79  2   RLX: 0.000
       a =  3.000      CL =  0.1687
      Cm = -0.0104     CD =  0.19478   =>   CDf =  0.00328    CDp =  0.19150

 MRCHDU: Convergence failed at 105  side 2    Res =  0.4109E-01
 Side 1  free  transition at x/c =  0.5008   43
 Side 2  free  transition at x/c =  0.0259   14

  66   rms: 0.9047E+03   max: 0.7590E+04   C at   79  2   RLX: 0.000
       a =  3.000      CL =  0.1708
      Cm = -0.0107     CD =  0.19159   =>   CDf =  0.00333    CDp =  0.18827

 MRCHDU: Convergence failed at 104  side 2    Res =  0.3770E-01
 Side 1  free  transition at x/c =  0.5007   44
 Side 2  free  transition at x/c =  0.0259   13

  67   rms: 0.1490E+03   max: -.1107E+04   C at   78  2   RLX: 0.000
       a =  3.000      CL =  0.1702
      Cm = -0.0106     CD =  0.19772   =>   CDf =  0.00328    CDp =  0.19444

 MRCHDU: Convergence failed at 104  side 2    Res =  0.3943E-01
 Side 1  free  transition at x/c =  0.5007   44
 Side 2  free  transition at x/c =  0.0259   13

  68   rms: 0.3876E+03   max: -.3092E+04   C at   78  2   RLX: 0.000
       a =  3.000      CL =  0.1695
      Cm = -0.0105     CD =  0.19538   =>   CDf =  0.00325    CDp =  0.19213

 MRCHDU: Convergence failed at 105  side 2    Res =  0.4056E-01
 Side 1  free  transition at x/c =  0.5007   43
 Side 2  free  transition at x/c =  0.0259   14

  69   rms: 0.5189E+04   max: -.7348E+05   T at    2  2   RLX: 0.000
       a =  3.000      CL =  0.1697
      Cm = -0.0105     CD =  0.19248   =>   CDf =  0.00333    CDp =  0.18915

 MRCHDU: Convergence failed at 104  side 2    Res =  0.4023E-01
 Side 1  free  transition at x/c =  0.5007   44
 Side 2  free  transition at x/c =  0.0259   13

  70   rms: 0.1651E+04   max: -.1262E+05   C at   78  2   RLX: 0.000
       a =  3.000      CL =  0.1691
      Cm = -0.0104     CD =  0.19425   =>   CDf =  0.00325    CDp =  0.19100

 MRCHDU: Convergence failed at 105  side 2    Res =  0.4107E-01
 Side 1  free  transition at x/c =  0.5007   43
 Side 2  free  transition at x/c =  0.0259   14

  71   rms: 0.1887E+04   max: 0.2726E+05   T at    2  2   RLX: 0.000
       a =  3.000      CL =  0.1696
      Cm = -0.0105     CD =  0.19221   =>   CDf =  0.00328    CDp =  0.18893

 MRCHDU: Convergence failed at 105  side 2    Res =  0.4047E-01
 Side 1  free  transition at x/c =  0.5007   43
 Side 2  free  transition at x/c =  0.0259   14

  72   rms: 0.1632E+05   max: -.1355E+06   C at   79  2   RLX: 0.000
       a =  3.000      CL =  0.1688
      Cm = -0.0103     CD =  0.19383   =>   CDf =  0.00328    CDp =  0.19055

 MRCHDU: Convergence failed at 105  side 2    Res =  0.4121E-01
 Side 1  free  transition at x/c =  0.5007   43
 Side 2  free  transition at x/c =  0.0259   14

  73   rms: 0.6720E+03   max: 0.5693E+04   C at   79  2   RLX: 0.000
       a =  3.000      CL =  0.1708
      Cm = -0.0107     CD =  0.19159   =>   CDf =  0.00333    CDp =  0.18826

 MRCHDU: Convergence failed at 104  side 2    Res =  0.3833E-01
 Side 1  free  transition at x/c =  0.5006   44
 Side 2  free  transition at x/c =  0.0259   13

  74   rms: 0.2215E+03   max: -.1647E+04   C at   78  2   RLX: 0.000
       a =  3.000      CL =  0.1702
      Cm = -0.0106     CD =  0.19621   =>   CDf =  0.00325    CDp =  0.19297

 MRCHDU: Convergence failed at 105  side 2    Res =  0.3970E-01
 Side 1  free  transition at x/c =  0.5006   43
 Side 2  free  transition at x/c =  0.0259   14

  75   rms: 0.9764E+03   max: -.1234E+05   D at    2  2   RLX: 0.000
       a =  3.000      CL =  0.1699
      Cm = -0.0105     CD =  0.19337   =>   CDf =  0.00333    CDp =  0.19004

 MRCHDU: Convergence failed at 104  side 2    Res =  0.4015E-01
 Side 1  free  transition at x/c =  0.5006   44
 Side 2  free  transition at x/c =  0.0259   13

  76   rms: 0.4452E+04   max: 0.4077E+05   D at    2  1   RLX: 0.000
       a =  3.000      CL =  0.1692
      Cm = -0.0104     CD =  0.19365   =>   CDf =  0.00325    CDp =  0.19041

 MRCHDU: Convergence failed at 105  side 2    Res =  0.4089E-01
 Side 1  free  transition at x/c =  0.5007   43
 Side 2  free  transition at x/c =  0.0259   14

  77   rms: 0.1154E+04   max: 0.1393E+05   D at    2  2   RLX: 0.000
       a =  3.000      CL =  0.1700
      Cm = -0.0105     CD =  0.19170   =>   CDf =  0.00328    CDp =  0.18842

 MRCHDU: Convergence failed at 105  side 2    Res =  0.3998E-01
 Side 1  free  transition at x/c =  0.5006   43
 Side 2  free  transition at x/c =  0.0259   14

  78   rms: 0.1890E+04   max: -.1569E+05   C at   79  2   RLX: 0.000
       a =  3.000      CL =  0.1692
      Cm = -0.0104     CD =  0.19372   =>   CDf =  0.00328    CDp =  0.19045

 MRCHDU: Convergence failed at 105  side 2    Res =  0.4075E-01
 Side 1  free  transition at x/c =  0.5006   43
 Side 2  free  transition at x/c =  0.0259   14

  79   rms: 0.8517E+03   max: 0.7216E+04   C at   79  2   RLX: 0.000
       a =  3.000      CL =  0.1712
      Cm = -0.0107     CD =  0.19077   =>   CDf =  0.00333    CDp =  0.18744

 MRCHDU: Convergence failed at 104  side 2    Res =  0.3773E-01
 Side 1  free  transition at x/c =  0.5005   44
 Side 2  free  transition at x/c =  0.0259   13

  80   rms: 0.1861E+03   max: -.1428E+04   C at   78  2   RLX: 0.000
       a =  3.000      CL =  0.1706
      Cm = -0.0106     CD =  0.19627   =>   CDf =  0.00328    CDp =  0.19299

 MRCHDU: Convergence failed at 104  side 2    Res =  0.3913E-01
 Side 1  free  transition at x/c =  0.5005   44
 Side 2  free  transition at x/c =  0.0259   13

  81   rms: 0.5963E+03   max: 0.5285E+04   T at    2  1   RLX: 0.000
       a =  3.000      CL =  0.1699
      Cm = -0.0105     CD =  0.19425   =>   CDf =  0.00325    CDp =  0.19100

 MRCHDU: Convergence failed at 105  side 2    Res =  0.4005E-01
 Side 1  free  transition at x/c =  0.5006   43
 Side 2  free  transition at x/c =  0.0259   14

  82   rms: 0.5403E+04   max: 0.6637E+05   T at    2  2   RLX: 0.000
       a =  3.000      CL =  0.1707
      Cm = -0.0106     CD =  0.19088   =>   CDf =  0.00328    CDp =  0.18760

 MRCHDU: Convergence failed at 105  side 2    Res =  0.3896E-01
 Side 1  free  transition at x/c =  0.5005   43
 Side 2  free  transition at x/c =  0.0259   14

  83   rms: 0.4570E+03   max: -.3740E+04   C at   79  2   RLX: 0.000
       a =  3.000      CL =  0.1700
      Cm = -0.0105     CD =  0.19432   =>   CDf =  0.00328    CDp =  0.19104

 MRCHDU: Convergence failed at 105  side 2    Res =  0.3991E-01
 Side 1  free  transition at x/c =  0.5005   43
 Side 2  free  transition at x/c =  0.0259   14

  84   rms: 0.7604E+04   max: 0.6405E+05   C at   79  2   RLX: 0.000
       a =  3.000      CL =  0.1720
      Cm = -0.0108     CD =  0.18897   =>   CDf =  0.00333    CDp =  0.18564

 MRCHDU: Convergence failed at 104  side 2    Res =  0.3627E-01
 Side 1  free  transition at x/c =  0.5004   44
 Side 2  free  transition at x/c =  0.0259   13

  85   rms: 0.1201E+03   max: -.9027E+03   C at   78  2   RLX: 0.001
       a =  3.000      CL =  0.1715
      Cm = -0.0107     CD =  0.19755   =>   CDf =  0.00328    CDp =  0.19426

 MRCHDU: Convergence failed at 104  side 2    Res =  0.3792E-01
 Side 1  free  transition at x/c =  0.5004   44
 Side 2  free  transition at x/c =  0.0259   13

  86   rms: 0.2433E+03   max: -.1959E+04   C at   78  2   RLX: 0.000
       a =  3.000      CL =  0.1708
      Cm = -0.0106     CD =  0.19511   =>   CDf =  0.00325    CDp =  0.19186

 MRCHDU: Convergence failed at 105  side 2    Res =  0.3903E-01
 Side 1  free  transition at x/c =  0.5004   43
 Side 2  free  transition at x/c =  0.0259   14

  87   rms: 0.9578E+03   max: 0.9950E+04   T at    2  2   RLX: 0.000
       a =  3.000      CL =  0.1702
      Cm = -0.0105     CD =  0.19341   =>   CDf =  0.00328    CDp =  0.19013

 MRCHDU: Convergence failed at 105  side 2    Res =  0.3977E-01
 Side 1  free  transition at x/c =  0.5005   43
 Side 2  free  transition at x/c =  0.0259   14

  88   rms: 0.1575E+04   max: 0.1338E+05   C at   79  2   RLX: 0.000
       a =  3.000      CL =  0.1721
      Cm = -0.0108     CD =  0.18935   =>   CDf =  0.00328    CDp =  0.18608

 MRCHDU: Convergence failed at 105  side 2    Res =  0.3672E-01
 Side 1  free  transition at x/c =  0.5004   43
 Side 2  free  transition at x/c =  0.0259   14

  89   rms: 0.1593E+03   max: -.1257E+04   C at   79  2   RLX: 0.000
       a =  3.000      CL =  0.1716
      Cm = -0.0107     CD =  0.19602   =>   CDf =  0.00328    CDp =  0.19274

 MRCHDU: Convergence failed at 105  side 2    Res =  0.3799E-01
 Side 1  free  transition at x/c =  0.5004   43
 Side 2  free  transition at x/c =  0.0259   14

  90   rms: 0.3778E+03   max: -.3124E+04   C at   79  2   RLX: 0.000
       a =  3.000      CL =  0.1709
      Cm = -0.0106     CD =  0.19399   =>   CDf =  0.00328    CDp =  0.19071

 MRCHDU: Convergence failed at 105  side 2    Res =  0.3885E-01
 Side 1  free  transition at x/c =  0.5004   43
 Side 2  free  transition at x/c =  0.0259   14

  91   rms: 0.3191E+04   max: -.2700E+05   C at   79  2   RLX: 0.000
       a =  3.000      CL =  0.1703
      Cm = -0.0105     CD =  0.19260   =>   CDf =  0.00328    CDp =  0.18932

 MRCHDU: Convergence failed at 105  side 2    Res =  0.3944E-01
 Side 1  free  transition at x/c =  0.5004   43
 Side 2  free  transition at x/c =  0.0259   14

  92   rms: 0.9442E+03   max: 0.8047E+04   C at   79  2   RLX: 0.000
       a =  3.000      CL =  0.1721
      Cm = -0.0108     CD =  0.18970   =>   CDf =  0.00328    CDp =  0.18642

 MRCHDU: Convergence failed at 105  side 2    Res =  0.3693E-01
 Side 1  free  transition at x/c =  0.5003   43
 Side 2  free  transition at x/c =  0.0259   14

  93   rms: 0.2307E+03   max: -.1880E+04   C at   79  2   RLX: 0.000
       a =  3.000      CL =  0.1715
      Cm = -0.0107     CD =  0.19469   =>   CDf =  0.00328    CDp =  0.19141

 MRCHDU: Convergence failed at 105  side 2    Res =  0.3792E-01
 Side 1  free  transition at x/c =  0.5003   43
 Side 2  free  transition at x/c =  0.0259   14

  94   rms: 0.7127E+03   max: -.5994E+04   C at   79  2   RLX: 0.000
       a =  3.000      CL =  0.1709
      Cm = -0.0106     CD =  0.19303   =>   CDf =  0.00328    CDp =  0.18975

 MRCHDU: Convergence failed at 105  side 2    Res =  0.3859E-01
 Side 1  free  transition at x/c =  0.5004   43
 Side 2  free  transition at x/c =  0.0259   14

  95   rms: 0.2580E+04   max: 0.2196E+05   C at   79  2   RLX: 0.000
       a =  3.000      CL =  0.1727
      Cm = -0.0109     CD =  0.18856   =>   CDf =  0.00332    CDp =  0.18523

 MRCHDU: Convergence failed at 104  side 2    Res =  0.3570E-01
 Side 1  free  transition at x/c =  0.5003   44
 Side 2  free  transition at x/c =  0.0259   13

  96   rms: 0.1644E+03   max: -.1300E+04   C at   78  2   RLX: 0.000
       a =  3.000      CL =  0.1722
      Cm = -0.0108     CD =  0.19556   =>   CDf =  0.00328    CDp =  0.19228

 MRCHDU: Convergence failed at 104  side 2    Res =  0.3680E-01
 Side 1  free  transition at x/c =  0.5003   44
 Side 2  free  transition at x/c =  0.0259   13

  97   rms: 0.4035E+03   max: 0.3253E+04   T at    2  1   RLX: 0.000
       a =  3.000      CL =  0.1716
      Cm = -0.0107     CD =  0.19360   =>   CDf =  0.00324    CDp =  0.19035

 MRCHDU: Convergence failed at 105  side 2    Res =  0.3756E-01
 Side 1  free  transition at x/c =  0.5003   43
 Side 2  free  transition at x/c =  0.0259   14

  98   rms: 0.8007E+04   max: -.1017E+06   T at    2  2   RLX: 0.000
       a =  3.000      CL =  0.1712
      Cm = -0.0106     CD =  0.19155   =>   CDf =  0.00332    CDp =  0.18822

 MRCHDU: Convergence failed at 104  side 2    Res =  0.3784E-01
 Side 1  free  transition at x/c =  0.5003   44
 Side 2  free  transition at x/c =  0.0259   13

  99   rms: 0.5155E+04   max: -.4254E+05   T at    2  1   RLX: 0.000
       a =  3.000      CL =  0.1717
      Cm = -0.0107     CD =  0.19001   =>   CDf =  0.00328    CDp =  0.18673

 MRCHDU: Convergence failed at 104  side 2    Res =  0.3723E-01
 Side 1  free  transition at x/c =  0.5003   44
 Side 2  free  transition at x/c =  0.0259   13

 100   rms: 0.8007E+03   max: -.6766E+04   C at   78  2   RLX: 0.000
       a =  3.000      CL =  0.1711
      Cm = -0.0106     CD =  0.19266   =>   CDf =  0.00324    CDp =  0.18941

 MRCHDU: Convergence failed at 105  side 2    Res =  0.3783E-01
 Side 1  free  transition at x/c =  0.5003   43
 Side 2  free  transition at x/c =  0.0259   14

 101   rms: 0.6573E+04   max: -.7126E+05   T at    2  2   RLX: 0.000
       a =  3.000      CL =  0.1715
      Cm = -0.0107     CD =  0.19028   =>   CDf =  0.00332    CDp =  0.18696

 MRCHDU: Convergence failed at 104  side 2    Res =  0.3746E-01
 Side 1  free  transition at x/c =  0.5003   44
 Side 2  free  transition at x/c =  0.0259   13

 102   rms: 0.2487E+04   max: -.2030E+05   C at   78  2   RLX: 0.000
       a =  3.000      CL =  0.1708
      Cm = -0.0106     CD =  0.19213   =>   CDf =  0.00324    CDp =  0.18888

 MRCHDU: Convergence failed at 105  side 2    Res =  0.3798E-01
 Side 1  free  transition at x/c =  0.5003   43
 Side 2  free  transition at x/c =  0.0259   14

 103   rms: 0.1415E+04   max: 0.1821E+05   D at    2  2   RLX: 0.000
       a =  3.000      CL =  0.1715
      Cm = -0.0107     CD =  0.19007   =>   CDf =  0.00328    CDp =  0.18679

 MRCHDU: Convergence failed at 105  side 2    Res =  0.3736E-01
 Side 1  free  transition at x/c =  0.5003   43
 Side 2  free  transition at x/c =  0.0259   14

 104   rms: 0.2363E+04   max: -.2008E+05   C at   79  2   RLX: 0.000
       a =  3.000      CL =  0.1709
      Cm = -0.0106     CD =  0.19209   =>   CDf =  0.00328    CDp =  0.18882

 MRCHDU: Convergence failed at 105  side 2    Res =  0.3786E-01
 Side 1  free  transition at x/c =  0.5003   43
 Side 2  free  transition at x/c =  0.0259   14

 105   rms: 0.1147E+04   max: 0.9784E+04   C at   79  2   RLX: 0.000
       a =  3.000      CL =  0.1726
      Cm = -0.0109     CD =  0.18896   =>   CDf =  0.00332    CDp =  0.18564

 MRCHDU: Convergence failed at 104  side 2    Res =  0.3558E-01
 Side 1  free  transition at x/c =  0.5002   44
 Side 2  free  transition at x/c =  0.0259   13

 106   rms: 0.2559E+03   max: -.2055E+04   C at   78  2   RLX: 0.000
       a =  3.000      CL =  0.1721
      Cm = -0.0108     CD =  0.19405   =>   CDf =  0.00324    CDp =  0.19081

 MRCHDU: Convergence failed at 105  side 2    Res =  0.3639E-01
 Side 1  free  transition at x/c =  0.5002   43
 Side 2  free  transition at x/c =  0.0259   14

 107   rms: 0.1303E+04   max: -.1608E+05   D at    2  2   RLX: 0.000
       a =  3.000      CL =  0.1718
      Cm = -0.0107     CD =  0.19163   =>   CDf =  0.00332    CDp =  0.18830

 MRCHDU: Convergence failed at 104  side 2    Res =  0.3671E-01
 Side 1  free  transition at x/c =  0.5002   44
 Side 2  free  transition at x/c =  0.0259   13

 108   rms: 0.2390E+04   max: 0.1926E+05   D at    2  1   RLX: 0.000
       a =  3.000      CL =  0.1711
      Cm = -0.0106     CD =  0.19194   =>   CDf =  0.00324    CDp =  0.18869

 MRCHDU: Convergence failed at 105  side 2    Res =  0.3719E-01
 Side 1  free  transition at x/c =  0.5003   43
 Side 2  free  transition at x/c =  0.0259   14

 109   rms: 0.1304E+04   max: 0.1584E+05   D at    2  2   RLX: 0.000
       a =  3.000      CL =  0.1719
      Cm = -0.0107     CD =  0.18976   =>   CDf =  0.00328    CDp =  0.18648

 MRCHDU: Convergence failed at 105  side 2    Res =  0.3649E-01
 Side 1  free  transition at x/c =  0.5002   43
 Side 2  free  transition at x/c =  0.0259   14

 110   rms: 0.1419E+04   max: -.1206E+05   C at   79  2   RLX: 0.000
       a =  3.000      CL =  0.1714
      Cm = -0.0106     CD =  0.19204   =>   CDf =  0.00328    CDp =  0.18876

 MRCHDU: Convergence failed at 105  side 2    Res =  0.3698E-01
 Side 1  free  transition at x/c =  0.5002   43
 Side 2  free  transition at x/c =  0.0259   14

 111   rms: 0.1509E+04   max: 0.1287E+05   C at   79  2   RLX: 0.000
       a =  3.000      CL =  0.1731
      Cm = -0.0109     CD =  0.18850   =>   CDf =  0.00332    CDp =  0.18518

 MRCHDU: Convergence failed at 104  side 2    Res =  0.3469E-01
 Side 1  free  transition at x/c =  0.5001   44
 Side 2  free  transition at x/c =  0.0259   13

 112   rms: 0.2306E+03   max: -.1874E+04   C at   78  2   RLX: 0.000
       a =  3.000      CL =  0.1725
      Cm = -0.0108     CD =  0.19407   =>   CDf =  0.00324    CDp =  0.19082

 MRCHDU: Convergence failed at 105  side 2    Res =  0.3540E-01
 Side 1  free  transition at x/c =  0.5002   43
 Side 2  free  transition at x/c =  0.0259   14

 113   rms: 0.8527E+03   max: -.8546E+04   D at    2  2   RLX: 0.000
       a =  3.000      CL =  0.1721
      Cm = -0.0108     CD =  0.19187   =>   CDf =  0.00332    CDp =  0.18854

 MRCHDU: Convergence failed at 104  side 2    Res =  0.3534E-01
 Side 1  free  transition at x/c =  0.5002   44
 Side 2  free  transition at x/c =  0.0259   13

 114   rms: 0.2994E+04   max: 0.2803E+05   T at    2  1   RLX: 0.000
       a =  3.000      CL =  0.1714
      Cm = -0.0106     CD =  0.19131   =>   CDf =  0.00324    CDp =  0.18806

 MRCHDU: Convergence failed at 105  side 2    Res =  0.4598E-01
 Side 1  free  transition at x/c =  0.5002   43
 Side 2  free  transition at x/c =  0.0259   14

 115   rms: 0.1153E+04   max: 0.1207E+05   T at    2  2   RLX: 0.000
       a =  3.000      CL =  0.1724
      Cm = -0.0108     CD =  0.18656   =>   CDf =  0.00328    CDp =  0.18328

 MRCHDU: Convergence failed at 105  side 2    Res =  0.3250E-01
 Side 1  free  transition at x/c =  0.5001   43
 Side 2  free  transition at x/c =  0.0259   14

 116   rms: 0.7932E+03   max: -.6737E+04   C at   79  2   RLX: 0.000
       a =  3.000      CL =  0.1720
      Cm = -0.0107     CD =  0.19021   =>   CDf =  0.00328    CDp =  0.18693

 MRCHDU: Convergence failed at 105  side 2    Res =  0.1917E+00
 Side 1  free  transition at x/c =  0.5002   43
 Side 2  free  transition at x/c =  0.0259   14

 117   rms: 0.3555E+03   max: 0.3030E+04   C at   79  2   RLX: 0.000
       a =  3.000      CL =  0.1739
      Cm = -0.0110     CD =  0.08450   =>   CDf =  0.00332    CDp =  0.08118

 Side 1  free  transition at x/c =  0.5000   44
 Side 2  free  transition at x/c =  0.0259   13

 118   rms: 0.2597E+03   max: 0.2091E+04   C at   78  2   RLX: 0.001
       a =  3.000      CL =  0.1763
      Cm = -0.0114     CD =  0.08174   =>   CDf =  0.00328    CDp =  0.07846

 Side 1  free  transition at x/c =  0.4999   44
 Side 2  free  transition at x/c =  0.0259   13

 119   rms: 0.4476E+03   max: 0.3135E+04   C at   78  2   RLX: 0.000
       a =  3.000      CL =  0.1781
      Cm = -0.0117     CD =  0.08401   =>   CDf =  0.00328    CDp =  0.08073

 Side 1  free  transition at x/c =  0.4997   44
 Side 2  free  transition at x/c =  0.0259   13

 120   rms: 0.1541E+03   max: 0.1189E+04   C at  105  2   RLX: 0.001
       a =  3.000      CL =  0.1777
      Cm = -0.0116     CD =  0.08401   =>   CDf =  0.00328    CDp =  0.08073

 Side 1  free  transition at x/c =  0.4998   44
 Side 2  free  transition at x/c =  0.0259   13

 121   rms: 0.1167E+05   max: -.7814E+05   C at   78  2   RLX: 0.000
       a =  3.000      CL =  0.1768
      Cm = -0.0115     CD =  0.08413   =>   CDf =  0.00328    CDp =  0.08085

 Side 1  free  transition at x/c =  0.4998   44
 Side 2  free  transition at x/c =  0.0259   13

 122   rms: 0.3733E+03   max: 0.2731E+04   C at   78  2   RLX: 0.001
       a =  3.000      CL =  0.1796
      Cm = -0.0119     CD =  0.08602   =>   CDf =  0.00328    CDp =  0.08274

 Side 1  free  transition at x/c =  0.4996   44
 Side 2  free  transition at x/c =  0.0259   13

 123   rms: 0.8222E+02   max: -.4964E+03   C at   78  2   RLX: 0.001
       a =  3.000      CL =  0.1795
      Cm = -0.0119     CD =  0.08780   =>   CDf =  0.00328    CDp =  0.08452

 Side 1  free  transition at x/c =  0.4996   44
 Side 2  free  transition at x/c =  0.0259   13

 124   rms: 0.3530E+03   max: -.2331E+04   C at   78  2   RLX: 0.000
       a =  3.000      CL =  0.1787
      Cm = -0.0118     CD =  0.08868   =>   CDf =  0.00328    CDp =  0.08540

 Side 1  free  transition at x/c =  0.4997   44
 Side 2  free  transition at x/c =  0.0259   13

 125   rms: 0.8081E+03   max: 0.5788E+04   C at   78  2   RLX: 0.000
       a =  3.000      CL =  0.1815
      Cm = -0.0123     CD =  0.09059   =>   CDf =  0.00328    CDp =  0.08731

 Side 1  free  transition at x/c =  0.4995   44
 Side 2  free  transition at x/c =  0.0259   13

 126   rms: 0.4592E+02   max: -.2780E+03   C at   78  2   RLX: 0.002
       a =  3.000      CL =  0.1820
      Cm = -0.0123     CD =  0.09385   =>   CDf =  0.00328    CDp =  0.09057

 Side 1  free  transition at x/c =  0.4994   44
 Side 2  free  transition at x/c =  0.0259   13

 127   rms: 0.1394E+03   max: -.9009E+03   C at   78  2   RLX: 0.001
       a =  3.000      CL =  0.1816
      Cm = -0.0123     CD =  0.09584   =>   CDf =  0.00328    CDp =  0.09256

 Side 1  free  transition at x/c =  0.4994   44
 Side 2  free  transition at x/c =  0.0259   13

 128   rms: 0.1097E+04   max: -.7638E+04   C at   78  2   RLX: 0.000
       a =  3.000      CL =  0.1807
      Cm = -0.0121     CD =  0.09671   =>   CDf =  0.00328    CDp =  0.09344

 Side 1  free  transition at x/c =  0.4995   44
 Side 2  free  transition at x/c =  0.0259   13

 129   rms: 0.5779E+03   max: 0.4350E+04   C at   78  2   RLX: 0.000
       a =  3.000      CL =  0.1834
      Cm = -0.0125     CD =  0.09827   =>   CDf =  0.00328    CDp =  0.09499

 Side 1  free  transition at x/c =  0.4993   44
 Side 2  free  transition at x/c =  0.0259   13

 130   rms: 0.7986E+02   max: -.5043E+03   C at   78  2   RLX: 0.001
       a =  3.000      CL =  0.1833
      Cm = -0.0125     CD =  0.10210   =>   CDf =  0.00328    CDp =  0.09882

 Side 1  free  transition at x/c =  0.4993   44
 Side 2  free  transition at x/c =  0.0259   13

 131   rms: 0.2981E+03   max: -.2014E+04   C at   78  2   RLX: 0.000
       a =  3.000      CL =  0.1826
      Cm = -0.0124     CD =  0.10348   =>   CDf =  0.00328    CDp =  0.10020

 Side 1  free  transition at x/c =  0.4993   44
 Side 2  free  transition at x/c =  0.0259   13

 132   rms: 0.1859E+04   max: 0.1359E+05   C at   78  2   RLX: 0.000
       a =  3.000      CL =  0.1852
      Cm = -0.0128     CD =  0.10505   =>   CDf =  0.00328    CDp =  0.10177

 Side 1  free  transition at x/c =  0.4991   44
 Side 2  free  transition at x/c =  0.0259   13

 133   rms: 0.4996E+02   max: -.3088E+03   C at   78  2   RLX: 0.002
       a =  3.000      CL =  0.1855
      Cm = -0.0129     CD =  0.10967   =>   CDf =  0.00328    CDp =  0.10639

 Side 1  free  transition at x/c =  0.4991   44
 Side 2  free  transition at x/c =  0.0259   13

 134   rms: 0.1491E+03   max: -.9798E+03   C at   78  2   RLX: 0.001
       a =  3.000      CL =  0.1850
      Cm = -0.0128     CD =  0.11177   =>   CDf =  0.00328    CDp =  0.10849

 Side 1  free  transition at x/c =  0.4991   44
 Side 2  free  transition at x/c =  0.0259   13

 135   rms: 0.9231E+03   max: -.6541E+04   C at   78  2   RLX: 0.000
       a =  3.000      CL =  0.1842
      Cm = -0.0127     CD =  0.11284   =>   CDf =  0.00328    CDp =  0.10956

 Side 1  free  transition at x/c =  0.4991   44
 Side 2  free  transition at x/c =  0.0259   13

 136   rms: 0.7435E+03   max: 0.5687E+04   C at   78  2   RLX: 0.000
       a =  3.000      CL =  0.1868
      Cm = -0.0131     CD =  0.11429   =>   CDf =  0.00328    CDp =  0.11102

 Side 1  free  transition at x/c =  0.4990   44
 Side 2  free  transition at x/c =  0.0259   13

 137   rms: 0.9015E+02   max: -.5770E+03   C at   78  2   RLX: 0.001
       a =  3.000      CL =  0.1865
      Cm = -0.0130     CD =  0.11918   =>   CDf =  0.00328    CDp =  0.11590

 Side 1  free  transition at x/c =  0.4989   44
 Side 2  free  transition at x/c =  0.0259   13

 138   rms: 0.3244E+03   max: -.2228E+04   C at   78  2   RLX: 0.000
       a =  3.000      CL =  0.1858
      Cm = -0.0129     CD =  0.12067   =>   CDf =  0.00328    CDp =  0.11739

 Side 1  free  transition at x/c =  0.4990   44
 Side 2  free  transition at x/c =  0.0259   13

 139   rms: 0.2628E+04   max: 0.1952E+05   C at   78  2   RLX: 0.000
       a =  3.000      CL =  0.1883
      Cm = -0.0133     CD =  0.12209   =>   CDf =  0.00328    CDp =  0.11881

 Side 1  free  transition at x/c =  0.4988   44
 Side 2  free  transition at x/c =  0.0259   13

 140   rms: 0.5544E+02   max: -.3466E+03   C at   78  2   RLX: 0.001
       a =  3.000      CL =  0.1885
      Cm = -0.0133     CD =  0.12769   =>   CDf =  0.00328    CDp =  0.12441

 Side 1  free  transition at x/c =  0.4988   44
 Side 2  free  transition at x/c =  0.0259   13

 141   rms: 0.1633E+03   max: -.1089E+04   C at   78  2   RLX: 0.000
       a =  3.000      CL =  0.1880
      Cm = -0.0132     CD =  0.12981   =>   CDf =  0.00328    CDp =  0.12653

 Side 1  free  transition at x/c =  0.4988   44
 Side 2  free  transition at x/c =  0.0259   13

 142   rms: 0.1033E+04   max: -.7438E+04   C at   78  2   RLX: 0.000
       a =  3.000      CL =  0.1872
      Cm = -0.0131     CD =  0.13109   =>   CDf =  0.00328    CDp =  0.12781

 Side 1  free  transition at x/c =  0.4988   44
 Side 2  free  transition at x/c =  0.0259   13

 143   rms: 0.8303E+03   max: 0.6441E+04   C at   78  2   RLX: 0.000
       a =  3.000      CL =  0.1896
      Cm = -0.0135     CD =  0.13257   =>   CDf =  0.00328    CDp =  0.12929

 Side 1  free  transition at x/c =  0.4987   44
 Side 2  free  transition at x/c =  0.0259   13

 144   rms: 0.9820E+02   max: -.6368E+03   C at   78  2   RLX: 0.001
       a =  3.000      CL =  0.1893
      Cm = -0.0135     CD =  0.13893   =>   CDf =  0.00328    CDp =  0.13565

 Side 1  free  transition at x/c =  0.4987   44
 Side 2  free  transition at x/c =  0.0259   13

 145   rms: 0.3672E+03   max: -.2562E+04   C at   78  2   RLX: 0.000
       a =  3.000      CL =  0.1886
      Cm = -0.0133     CD =  0.14068   =>   CDf =  0.00328    CDp =  0.13740

 Side 1  free  transition at x/c =  0.4987   44
 Side 2  free  transition at x/c =  0.0259   13

 146   rms: 0.2571E+04   max: 0.1938E+05   C at   78  2   RLX: 0.000
       a =  3.000      CL =  0.1911
      Cm = -0.0137     CD =  0.14219   =>   CDf =  0.00328    CDp =  0.13892

 Side 1  free  transition at x/c =  0.4985   44
 Side 2  free  transition at x/c =  0.0259   13

 147   rms: 0.6147E+02   max: -.3887E+03   C at   78  2   RLX: 0.001
       a =  3.000      CL =  0.1911
      Cm = -0.0137     CD =  0.14996   =>   CDf =  0.00328    CDp =  0.14668

 Side 1  free  transition at x/c =  0.4985   44
 Side 2  free  transition at x/c =  0.0260   13

 148   rms: 0.1792E+03   max: -.1212E+04   C at   78  2   RLX: 0.000
       a =  3.000      CL =  0.1906
      Cm = -0.0136     CD =  0.15264   =>   CDf =  0.00328    CDp =  0.14936

 Side 1  free  transition at x/c =  0.4985   44
 Side 2  free  transition at x/c =  0.0260   13

 149   rms: 0.1181E+04   max: -.8633E+04   C at   78  2   RLX: 0.000
       a =  3.000      CL =  0.1898
      Cm = -0.0135     CD =  0.15450   =>   CDf =  0.00328    CDp =  0.15123

 Side 1  free  transition at x/c =  0.4986   44
 Side 2  free  transition at x/c =  0.0260   13

 150   rms: 0.8071E+03   max: 0.6342E+04   C at   78  2   RLX: 0.000
       a =  3.000      CL =  0.1922
      Cm = -0.0139     CD =  0.15662   =>   CDf =  0.00328    CDp =  0.15334

 Side 1  free  transition at x/c =  0.4984   44
 Side 2  free  transition at x/c =  0.0260   13

 151   rms: 0.1034E+03   max: -.6793E+03   C at   78  2   RLX: 0.001
       a =  3.000      CL =  0.1919
      Cm = -0.0138     CD =  0.16840   =>   CDf =  0.00328    CDp =  0.16512

 Side 1  free  transition at x/c =  0.4984   44
 Side 2  free  transition at x/c =  0.0260   13

 152   rms: 0.3875E+03   max: -.2745E+04   C at   78  2   RLX: 0.000
       a =  3.000      CL =  0.1911
      Cm = -0.0137     CD =  0.17177   =>   CDf =  0.00328    CDp =  0.16850

 Side 1  free  transition at x/c =  0.4984   44
 Side 2  free  transition at x/c =  0.0260   13

 153   rms: 0.1374E+04   max: 0.1050E+05   C at   78  2   RLX: 0.000
       a =  3.000      CL =  0.1936
      Cm = -0.0141     CD =  0.17548   =>   CDf =  0.00328    CDp =  0.17221

 MRCHDU: Convergence failed at 104  side 2    Res =  0.8713E+00
 Side 1  free  transition at x/c =  0.4983   44
 Side 2  free  transition at x/c =  0.0260   13

 154   rms: 0.3161E+02   max: -.2021E+03   C at   78  2   RLX: 0.002
       a =  3.000      CL =  0.1943
      Cm = -0.0142     CD =  0.17605   =>   CDf =  0.00328    CDp =  0.17278

 Side 1  free  transition at x/c =  0.4981   44
 Side 2  free  transition at x/c =  0.0260   13

 155   rms: 0.2055E+03   max: -.1411E+04   C at   78  2   RLX: 0.000
       a =  3.000      CL =  0.1937
      Cm = -0.0141     CD =  0.22326   =>   CDf =  0.00327    CDp =  0.21999

 Side 1  free  transition at x/c =  0.4981   44
 Side 2  free  transition at x/c =  0.0260   13

 156   rms: 0.1203E+04   max: 0.8915E+04   C at   78  2   RLX: 0.000
       a =  3.000      CL =  0.1962
      Cm = -0.0145     CD =  0.22919   =>   CDf =  0.00327    CDp =  0.22592

 Side 1  free  transition at x/c =  0.4980   44
 Side 2  free  transition at x/c =  0.0260   13

 157   rms: 0.2495E+02   max: -.1548E+03   C at   78  2   RLX: 0.003
       a =  3.000      CL =  0.1976
      Cm = -0.0146     CD =  0.26155   =>   CDf =  0.00327    CDp =  0.25827

 MRCHDU: Convergence failed at 104  side 2    Res =  0.1701E-01
 Side 1  free  transition at x/c =  0.4977   44
 Side 2  free  transition at x/c =  0.0260   13

 158   rms: 0.9357E+03   max: -.6209E+04   C at   78  2   RLX: 0.000
       a =  3.000      CL =  0.1969
      Cm = -0.0146     CD =  0.28172   =>   CDf =  0.00327    CDp =  0.27845

 MRCHDU: Convergence failed at 104  side 2    Res =  0.1362E-01
 Side 1  free  transition at x/c =  0.4978   44
 Side 2  free  transition at x/c =  0.0260   13

 159   rms: 0.2525E+03   max: -.1817E+04   C at   78  2   RLX: 0.000
       a =  3.000      CL =  0.1962
      Cm = -0.0144     CD =  0.28958   =>   CDf =  0.00327    CDp =  0.28630

 MRCHDU: Convergence failed at 104  side 2    Res =  0.1721E-01
 Side 1  free  transition at x/c =  0.4978   44
 Side 2  free  transition at x/c =  0.0260   13

 160   rms: 0.1989E+03   max: -.1547E+04   C at   78  2   RLX: 0.000
       a =  3.000      CL =  0.1956
      Cm = -0.0143     CD =  0.29486   =>   CDf =  0.00327    CDp =  0.29159

 MRCHDU: Convergence failed at 104  side 2    Res =  0.2337E-01
 Side 1  free  transition at x/c =  0.4978   44
 Side 2  free  transition at x/c =  0.0260   13

 161   rms: 0.2381E+03   max: -.1959E+04   C at   78  2   RLX: 0.000
       a =  3.000      CL =  0.1950
      Cm = -0.0142     CD =  0.29804   =>   CDf =  0.00327    CDp =  0.29477

 MRCHDU: Convergence failed at 104  side 2    Res =  0.2950E-01
 Side 1  free  transition at x/c =  0.4978   44
 Side 2  free  transition at x/c =  0.0260   13

 162   rms: 0.3349E+03   max: -.2838E+04   C at   78  2   RLX: 0.000
       a =  3.000      CL =  0.1945
      Cm = -0.0142     CD =  0.30026   =>   CDf =  0.00327    CDp =  0.29699

 MRCHDU: Convergence failed at 104  side 2    Res =  0.3474E-01
 Side 1  free  transition at x/c =  0.4979   44
 Side 2  free  transition at x/c =  0.0260   13

 163   rms: 0.5263E+03   max: -.4506E+04   C at   78  2   RLX: 0.000
       a =  3.000      CL =  0.1940
      Cm = -0.0141     CD =  0.30194   =>   CDf =  0.00327    CDp =  0.29867

 MRCHDU: Convergence failed at 104  side 2    Res =  0.3871E-01
 Side 1  free  transition at x/c =  0.4979   44
 Side 2  free  transition at x/c =  0.0260   13

 164   rms: 0.8407E+03   max: -.7199E+04   C at   78  2   RLX: 0.000
       a =  3.000      CL =  0.1936
      Cm = -0.0140     CD =  0.30292   =>   CDf =  0.00327    CDp =  0.29965

 MRCHDU: Convergence failed at 104  side 2    Res =  0.1676E+00
 Side 1  free  transition at x/c =  0.4979   44
 Side 2  free  transition at x/c =  0.0260   13

 165   rms: 0.2216E+02   max: 0.1807E+03   C at   78  2   RLX: 0.008
       a =  3.000      CL =  0.1996
      Cm = -0.0147     CD =  0.23412   =>   CDf =  0.00327    CDp =  0.23085

 MRCHDU: Convergence failed at 104  side 2    Res =  0.5640E+00
 Side 1  free  transition at x/c =  0.4970   44
 Side 2  free  transition at x/c =  0.0260   13

 166   rms: 0.7567E+02   max: 0.6405E+03   C at   78  2   RLX: 0.002
       a =  3.000      CL =  0.2032
      Cm = -0.0153     CD =  0.18844   =>   CDf =  0.00326    CDp =  0.18518

 Side 1  free  transition at x/c =  0.4966   44
 Side 2  free  transition at x/c =  0.0260   13

 167   rms: 0.1902E+03   max: 0.1481E+04   C at   78  2   RLX: 0.001
       a =  3.000      CL =  0.2065
      Cm = -0.0158     CD =  0.27629   =>   CDf =  0.00326    CDp =  0.27302

 MRCHDU: Convergence failed at 104  side 2    Res =  0.5405E-02
 Side 1  free  transition at x/c =  0.4964   44
 Side 2  free  transition at x/c =  0.0260   13

 168   rms: 0.5559E+02   max: 0.3546E+03   C at   78  2   RLX: 0.004
       a =  3.000      CL =  0.2118
      Cm = -0.0165     CD =  0.38707   =>   CDf =  0.00326    CDp =  0.38380

 MRCHDU: Convergence failed at 104  side 2    Res =  0.6572E+00
 Side 1  free  transition at x/c =  0.4957   44
 Side 2  free  transition at x/c =  0.0261   13

 169   rms: 0.5524E+01   max: 0.9100E+02   T at  104  2   RLX: 0.016
       a =  3.000      CL =  0.2240
      Cm = -0.0180     CD =  0.25079   =>   CDf =  0.00326    CDp =  0.24753

 MRCHDU: Convergence failed at 104  side 2    Res =  0.2412E-01
 Side 1  free  transition at x/c =  0.4940   44
 Side 2  free  transition at x/c =  0.0261   13

 170   rms: 0.1393E+02   max: -.8177E+02   C at   78  2   RLX: 0.006
       a =  3.000      CL =  0.2294
      Cm = -0.0190     CD =  0.19866   =>   CDf =  0.00325    CDp =  0.19541

 MRCHDU: Convergence failed at 104  side 2    Res =  0.5380E-01
 Side 1  free  transition at x/c =  0.4935   44
 Side 2  free  transition at x/c =  0.0262   13

 171   rms: 0.3892E+02   max: -.2422E+03   C at   78  2   RLX: 0.002
       a =  3.000      CL =  0.2306
      Cm = -0.0192     CD =  0.18763   =>   CDf =  0.00325    CDp =  0.18438

 MRCHDU: Convergence failed at 104  side 2    Res =  0.1040E+00
 Side 1  free  transition at x/c =  0.4933   44
 Side 2  free  transition at x/c =  0.0262   13

 172   rms: 0.3283E+03   max: -.2171E+04   C at   78  2   RLX: 0.000
       a =  3.000      CL =  0.2301
      Cm = -0.0191     CD =  0.16514   =>   CDf =  0.00325    CDp =  0.16189

 MRCHDU: Convergence failed at 104  side 2    Res =  0.1322E-01
 Side 1  free  transition at x/c =  0.4934   44
 Side 2  free  transition at x/c =  0.0262   13

 173   rms: 0.1855E+03   max: -.1330E+04   C at   78  2   RLX: 0.000
       a =  3.000      CL =  0.2295
      Cm = -0.0190     CD =  0.32141   =>   CDf =  0.00325    CDp =  0.31816

 MRCHDU: Convergence failed at 104  side 2    Res =  0.1493E-01
 Side 1  free  transition at x/c =  0.4934   44
 Side 2  free  transition at x/c =  0.0262   13

 174   rms: 0.5694E+03   max: 0.4392E+04   C at   78  2   RLX: 0.000
       a =  3.000      CL =  0.2321
      Cm = -0.0194     CD =  0.32761   =>   CDf =  0.00325    CDp =  0.32436

 MRCHDU: Convergence failed at 104  side 2    Res =  0.2093E-01
 Side 1  free  transition at x/c =  0.4932   44
 Side 2  free  transition at x/c =  0.0262   13

 175   rms: 0.2165E+02   max: -.1365E+03   C at   78  2   RLX: 0.004
       a =  3.000      CL =  0.2338
      Cm = -0.0196     CD =  0.36293   =>   CDf =  0.00325    CDp =  0.35968

 MRCHDU: Convergence failed at 104  side 2    Res =  0.5435E-01
 Side 1  free  transition at x/c =  0.4929   44
 Side 2  free  transition at x/c =  0.0262   13

 176   rms: 0.2987E+03   max: 0.2054E+04   C at   78  2   RLX: 0.001
       a =  3.000      CL =  0.2365
      Cm = -0.0200     CD =  0.37611   =>   CDf =  0.00325    CDp =  0.37286

 MRCHDU: Convergence failed at 104  side 2    Res =  0.2843E+00
 Side 1  free  transition at x/c =  0.4927   44
 Side 2  free  transition at x/c =  0.0262   13

 177   rms: 0.7546E+02   max: -.4378E+03   C at   78  2   RLX: 0.001
       a =  3.000      CL =  0.2379
      Cm = -0.0203     CD =  0.13887   =>   CDf =  0.00325    CDp =  0.13562

 MRCHDU: Convergence failed at 104  side 2    Res =  0.1033E-01
 MRCHDU: Convergence failed at 105  side 2    Res =  0.1568E+00
 Side 1  free  transition at x/c =  0.4927   44
 Side 2  free  transition at x/c =  0.0262   13

 178   rms: 0.3909E+02   max: -.2383E+03   C at   78  2   RLX: 0.002
       a =  3.000      CL =  0.2387
      Cm = -0.0204     CD =  0.00023   =>   CDf =  0.00325    CDp = -0.00302

 MRCHDU: Convergence failed at 104  side 2    Res =  0.1898E-01
 MRCHDU: Convergence failed at 105  side 2    Res =  0.7690E-02
 Side 1  free  transition at x/c =  0.4926   44
 Side 2  free  transition at x/c =  0.0262   13

 179   rms: 0.6791E+02   max: -.4531E+03   C at   78  2   RLX: 0.001
       a =  3.000      CL =  0.2388
      Cm = -0.0204     CD =  0.00081   =>   CDf =  0.00325    CDp = -0.00244

 MRCHDU: Convergence failed at 103  side 2    Res =  0.1986E-03
 MRCHDU: Convergence failed at 104  side 2    Res =  0.2307E-01
 MRCHDU: Convergence failed at 105  side 2    Res =  0.1128E-01
 Side 1  free  transition at x/c =  0.4925   44
 Side 2  free  transition at x/c =  0.0262   13

 180   rms: 0.1799E+03   max: -.1305E+04   C at   78  2   RLX: 0.000
       a =  3.000      CL =  0.2383
      Cm = -0.0203     CD =  0.00105   =>   CDf =  0.00325    CDp = -0.00220

 MRCHDU: Convergence failed at 103  side 2    Res =  0.4148E-03
 MRCHDU: Convergence failed at 104  side 2    Res =  0.2400E-01
 MRCHDU: Convergence failed at 105  side 2    Res =  0.1280E-01
 Side 1  free  transition at x/c =  0.4925   44
 Side 2  free  transition at x/c =  0.0262   13

 181   rms: 0.3292E+04   max: 0.2571E+05   C at   78  2   RLX: 0.000
       a =  3.000      CL =  0.2404
      Cm = -0.0207     CD =  0.00144   =>   CDf =  0.00325    CDp = -0.00181

 MRCHDU: Convergence failed at 103  side 2    Res =  0.8523E-03
 MRCHDU: Convergence failed at 104  side 2    Res =  0.2480E-01
 MRCHDU: Convergence failed at 105  side 2    Res =  0.1425E-01
 Side 1  free  transition at x/c =  0.4924   44
 Side 2  free  transition at x/c =  0.0262   13

 182   rms: 0.3069E+02   max: 0.2048E+03   T at  105  2   RLX: 0.003
       a =  3.000      CL =  0.2413
      Cm = -0.0207     CD =  0.00631   =>   CDf =  0.00325    CDp =  0.00306

 MRCHDU: Convergence failed at 103  side 2    Res =  0.1486E-02
 MRCHDU: Convergence failed at 104  side 2    Res =  0.3414E-01
 MRCHDU: Convergence failed at 105  side 2    Res =  0.5945E-01
 Side 1  free  transition at x/c =  0.4922   44
 Side 2  free  transition at x/c =  0.0262   13

 183   rms: 0.3806E+02   max: -.2576E+03   C at   78  2   RLX: 0.002
       a =  3.000      CL =  0.2417
      Cm = -0.0208     CD =  0.01538   =>   CDf =  0.00325    CDp =  0.01213

 MRCHDU: Convergence failed at 103  side 2    Res =  0.1517E-02
 MRCHDU: Convergence failed at 104  side 2    Res =  0.3469E-01
 MRCHDU: Convergence failed at 105  side 2    Res =  0.1034E+01
 Side 1  free  transition at x/c =  0.4920   44
 Side 2  free  transition at x/c =  0.0262   13

 184   rms: 0.2911E+03   max: -.2208E+04   C at   78  2   RLX: 0.000
       a =  3.000      CL =  0.2412
      Cm = -0.0207     CD =  0.00033   =>   CDf =  0.00325    CDp = -0.00292

 MRCHDU: Convergence failed at 103  side 2    Res =  0.1609E-02
 MRCHDU: Convergence failed at 104  side 2    Res =  0.3484E-01
 MRCHDU: Convergence failed at 105  side 2    Res =  0.1710E-01
 Side 1  free  transition at x/c =  0.4921   44
 Side 2  free  transition at x/c =  0.0262   13

 185   rms: 0.2228E+03   max: 0.1796E+04   C at   78  2   RLX: 0.001
       a =  3.000      CL =  0.2436
      Cm = -0.0211     CD =  0.00135   =>   CDf =  0.00325    CDp = -0.00190

 MRCHDU: Convergence failed at 103  side 2    Res =  0.2330E-02
 MRCHDU: Convergence failed at 104  side 2    Res =  0.3857E-01
 MRCHDU: Convergence failed at 105  side 2    Res =  0.3161E-01
 Side 1  free  transition at x/c =  0.4919   44
 Side 2  free  transition at x/c =  0.0262   13

 186   rms: 0.2339E+02   max: 0.2170E+03   T at  105  2   RLX: 0.004
       a =  3.000      CL =  0.2449
      Cm = -0.0212     CD =  0.00970   =>   CDf =  0.00325    CDp =  0.00645

 MRCHDU: Convergence failed at 103  side 2    Res =  0.2302E-02
 MRCHDU: Convergence failed at 104  side 2    Res =  0.4483E-01
 MRCHDU: Convergence failed at 105  side 2    Res =  0.4964E+00
 Side 1  free  transition at x/c =  0.4916   44
 Side 2  free  transition at x/c =  0.0262   13

 187   rms: 0.8183E+02   max: -.5971E+03   C at   78  2   RLX: 0.001
       a =  3.000      CL =  0.2448
      Cm = -0.0212     CD =  0.00088   =>   CDf =  0.00325    CDp = -0.00237

 MRCHDU: Convergence failed at 103  side 2    Res =  0.2340E-02
 MRCHDU: Convergence failed at 104  side 2    Res =  0.4364E-01
 MRCHDU: Convergence failed at 105  side 2    Res =  0.4428E-01
 Side 1  free  transition at x/c =  0.4915   44
 Side 2  free  transition at x/c =  0.0262   13

 188   rms: 0.4038E+03   max: 0.3175E+04   C at   78  2   RLX: 0.000
       a =  3.000      CL =  0.2471
      Cm = -0.0215     CD =  0.00211   =>   CDf =  0.00325    CDp = -0.00114

 MRCHDU: Convergence failed at 103  side 2    Res =  0.2768E-02
 MRCHDU: Convergence failed at 104  side 2    Res =  0.4382E-01
 MRCHDU: Convergence failed at 105  side 2    Res =  0.7133E-01
 Side 1  free  transition at x/c =  0.4913   44
 Side 2  free  transition at x/c =  0.0262   13

 189   rms: 0.1747E+02   max: 0.2566E+03   C at  105  2   RLX: 0.006
       a =  3.000      CL =  0.2497
      Cm = -0.0218     CD =  0.02059   =>   CDf =  0.00325    CDp =  0.01734

 MRCHDU: Convergence failed at 103  side 2    Res =  0.2732E-02
 MRCHDU: Convergence failed at 104  side 2    Res =  0.3690E-01
 Side 1  free  transition at x/c =  0.4908   44
 Side 2  free  transition at x/c =  0.0262   13

 190   rms: 0.1800E+03   max: 0.4819E+04   C at  105  2   RLX: 0.000
       a =  3.000      CL =  0.2499
      Cm = -0.0219     CD =  0.01915   =>   CDf =  0.00325    CDp =  0.01590

 MRCHDU: Convergence failed at 103  side 2    Res =  0.2718E-02
 MRCHDU: Convergence failed at 104  side 2    Res =  0.3625E-01
 Side 1  free  transition at x/c =  0.4908   44
 Side 2  free  transition at x/c =  0.0262   13

 191   rms: 0.8266E+02   max: 0.1873E+04   C at  105  2   RLX: 0.001
       a =  3.000      CL =  0.2500
      Cm = -0.0219     CD =  0.02565   =>   CDf =  0.00325    CDp =  0.02240

 MRCHDU: Convergence failed at 103  side 2    Res =  0.2702E-02
 MRCHDU: Convergence failed at 104  side 2    Res =  0.3710E-01
 Side 1  free  transition at x/c =  0.4907   44
 Side 2  free  transition at x/c =  0.0262   13

 192   rms: 0.1229E+03   max: -.9098E+03   C at   78  2   RLX: 0.001
       a =  3.000      CL =  0.2497
      Cm = -0.0218     CD =  0.02971   =>   CDf =  0.00325    CDp =  0.02647

 MRCHDU: Convergence failed at 103  side 2    Res =  0.2750E-02
 MRCHDU: Convergence failed at 104  side 2    Res =  0.3981E-01
 Side 1  free  transition at x/c =  0.4907   44
 Side 2  free  transition at x/c =  0.0262   13

 193   rms: 0.3200E+03   max: 0.2550E+04   C at   78  2   RLX: 0.001
       a =  3.000      CL =  0.2520
      Cm = -0.0222     CD =  0.03811   =>   CDf =  0.00325    CDp =  0.03486

 MRCHDU: Convergence failed at 103  side 2    Res =  0.3299E-02
 MRCHDU: Convergence failed at 104  side 2    Res =  0.4769E-01
 Side 1  free  transition at x/c =  0.4905   44
 Side 2  free  transition at x/c =  0.0262   13

 194   rms: 0.1244E+02   max: 0.1724E+03   C at  105  2   RLX: 0.009
       a =  3.000      CL =  0.2571
      Cm = -0.0227     CD =  0.16349   =>   CDf =  0.00325    CDp =  0.16024

 MRCHDU: Convergence failed at 103  side 2    Res =  0.1712E-02
 MRCHDU: Convergence failed at 104  side 2    Res =  0.1660E+00
 Side 1  free  transition at x/c =  0.4896   43
 Side 2  free  transition at x/c =  0.0263   13

 195   rms: 0.1599E+03   max: -.1030E+04   C at   78  2   RLX: 0.000
       a =  3.000      CL =  0.2571
      Cm = -0.0228     CD =  0.07054   =>   CDf =  0.00324    CDp =  0.06731

 MRCHDU: Convergence failed at 103  side 2    Res =  0.2993E-02
 MRCHDU: Convergence failed at 104  side 2    Res =  0.3029E-01
 Side 1  free  transition at x/c =  0.4896   43
 Side 2  free  transition at x/c =  0.0263   13

 196   rms: 0.5877E+02   max: -.4036E+03   C at   78  2   RLX: 0.001
       a =  3.000      CL =  0.2571
      Cm = -0.0228     CD =  0.13621   =>   CDf =  0.00324    CDp =  0.13298

 MRCHDU: Convergence failed at 103  side 2    Res =  0.3203E-02
 MRCHDU: Convergence failed at 104  side 2    Res =  0.3778E-01
 Side 1  free  transition at x/c =  0.4896   43
 Side 2  free  transition at x/c =  0.0263   13

 197   rms: 0.1509E+03   max: -.1135E+04   C at   78  2   RLX: 0.000
       a =  3.000      CL =  0.2567
      Cm = -0.0227     CD =  0.13558   =>   CDf =  0.00324    CDp =  0.13234

 MRCHDU: Convergence failed at 103  side 2    Res =  0.3241E-02
 MRCHDU: Convergence failed at 104  side 2    Res =  0.4110E-01
 Side 1  free  transition at x/c =  0.4896   43
 Side 2  free  transition at x/c =  0.0263   13

 198   rms: 0.2664E+03   max: 0.2138E+04   C at   78  2   RLX: 0.001
       a =  3.000      CL =  0.2591
      Cm = -0.0231     CD =  0.14891   =>   CDf =  0.00324    CDp =  0.14567

 MRCHDU: Convergence failed at 103  side 2    Res =  0.3800E-02
 MRCHDU: Convergence failed at 104  side 2    Res =  0.5222E-01
 Side 1  free  transition at x/c =  0.4894   43
 Side 2  free  transition at x/c =  0.0263   13

 199   rms: 0.1670E+02   max: 0.1540E+03   T at  104  2   RLX: 0.010
       a =  3.000      CL =  0.2655
      Cm = -0.0237     CD =  0.34352   =>   CDf =  0.00323    CDp =  0.34028

 MRCHDU: Convergence failed at 103  side 2    Res =  0.6881E-03
 MRCHDU: Convergence failed at 104  side 2    Res =  0.1203E+00
 Side 1  free  transition at x/c =  0.4884   43
 Side 2  free  transition at x/c =  0.0263   13

 200   rms: 0.6815E+02   max: -.4146E+03   C at   78  2   RLX: 0.001
       a =  3.000      CL =  0.2668
      Cm = -0.0240     CD =  0.11606   =>   CDf =  0.00321    CDp =  0.11285

 MRCHDU: Convergence failed at 103  side 2    Res =  0.4229E-02
 MRCHDU: Convergence failed at 104  side 2    Res =  0.2402E-01
 Side 1  free  transition at x/c =  0.4884   43
 Side 2  free  transition at x/c =  0.0263   13

 201   rms: 0.3761E+02   max: 0.7344E+03   C at  105  2   RLX: 0.002
       a =  3.000      CL =  0.2678
      Cm = -0.0242     CD =  0.25395   =>   CDf =  0.00322    CDp =  0.25073

 MRCHDU: Convergence failed at 103  side 2    Res =  0.4753E-02
 MRCHDU: Convergence failed at 104  side 2    Res =  0.3203E-01
 Side 1  free  transition at x/c =  0.4882   43
 Side 2  free  transition at x/c =  0.0263   13

 202   rms: 0.3771E+02   max: -.2541E+03   C at   78  2   RLX: 0.002
       a =  3.000      CL =  0.2683
      Cm = -0.0242     CD =  0.25868   =>   CDf =  0.00321    CDp =  0.25547

 MRCHDU: Convergence failed at 103  side 2    Res =  0.4980E-02
 MRCHDU: Convergence failed at 104  side 2    Res =  0.4722E-01
 Side 1  free  transition at x/c =  0.4881   43
 Side 2  free  transition at x/c =  0.0263   13

 203   rms: 0.8785E+01   max: 0.1324E+03   T at  104  2   RLX: 0.011
       a =  3.000      CL =  0.2749
      Cm = -0.0249     CD =  0.45862   =>   CDf =  0.00321    CDp =  0.45541

 MRCHDU: Convergence failed at 103  side 2    Res =  0.3272E-02
 MRCHDU: Convergence failed at 104  side 2    Res =  0.1410E+01
 Side 1  free  transition at x/c =  0.4869   43
 Side 2  free  transition at x/c =  0.0264   13

 204   rms: 0.4664E+03   max: -.3608E+04   C at   78  2   RLX: 0.000
       a =  3.000      CL =  0.2745
      Cm = -0.0249     CD =  0.16879   =>   CDf =  0.00319    CDp =  0.16560

 MRCHDU: Convergence failed at 103  side 2    Res =  0.3316E-02
 MRCHDU: Convergence failed at 104  side 2    Res =  0.3389E-01
 Side 1  free  transition at x/c =  0.4870   43
 Side 2  free  transition at x/c =  0.0264   13

 205   rms: 0.4019E+03   max: 0.3302E+04   C at   78  2   RLX: 0.000
       a =  3.000      CL =  0.2771
      Cm = -0.0253     CD =  0.30316   =>   CDf =  0.00319    CDp =  0.29997
 VISCAL:  Convergence failed
      9.000    4.6860   0.303159   0.001281   0.001454   0.000174    0.4870     #

 Sequence halted since previous  4 points did not converge
 Last-converged  alpha =   0.000    CL =   0.00000

.OPERva   c>   BLs will be initialized on next point

.OPERva   c>   Calculating wake trajectory ...
 Calculating source influence matrix ...

 Solving BL system ...

 Initializing BL ...
    side            1  ...
 MRCHUE: Inverse mode at  36     Hk =   4.551
 MRCHUE: Inverse mode at  37     Hk =   5.647
 MRCHUE: Inverse mode at  38     Hk =   6.721
 MRCHUE: Inverse mode at  39     Hk =   7.782
 MRCHUE: Inverse mode at  40     Hk =   7.784
 MRCHUE: Inverse mode at  41     Hk =   3.197
    side            2  ...
 MRCHUE: Inverse mode at  15     Hk =   6.476
 MRCHUE: Inverse mode at  16     Hk =  10.399
 MRCHUE: Inverse mode at  17     Hk =   2.500
 MRCHUE: Inverse mode at  18     Hk =   2.500
 MRCHUE: Inverse mode at  19     Hk =   2.500
 MRCHUE: Inverse mode at  20     Hk =   2.500
 MRCHUE: Inverse mode at  21     Hk =   2.500
 MRCHUE: Inverse mode at  22     Hk =   2.500
 MRCHUE: Inverse mode at  23     Hk =   2.500
 MRCHUE: Inverse mode at  24     Hk =   2.500
 MRCHUE: Inverse mode at  25     Hk =   2.500
 MRCHUE: Inverse mode at  26     Hk =   2.500
 MRCHUE: Inverse mode at  27     Hk =   2.500
 MRCHUE: Inverse mode at  28     Hk =   2.500
 MRCHUE: Inverse mode at  29     Hk =   2.500
 MRCHUE: Inverse mode at  30     Hk =   2.500
 MRCHUE: Inverse mode at  31     Hk =   2.500
 MRCHUE: Inverse mode at  32     Hk =   2.500

 Side 1  free  transition at x/c =  0.4887   40
 Side 2  free  transition at x/c =  0.0342   17

   1   rms: 0.1088E+02   max: -.4052E+02   D at   24  2   RLX: 0.012
       a = -1.000      CL =  0.0542
      Cm = -0.0278     CD =  0.01111   =>   CDf =  0.00609    CDp =  0.00502

 Side 1  free  transition at x/c =  0.4889   40
 Side 2  free  transition at x/c =  0.0334   17

   2   rms: 0.1794E+02   max: 0.6348E+02   D at   26  2   RLX: 0.024
       a = -1.000      CL =  0.0454
      Cm = -0.0263     CD =  0.01834   =>   CDf =  0.00614    CDp =  0.01220

 MRCHDU: Convergence failed at  19  side 2    Res =  0.4920E+01
 MRCHDU: Convergence failed at  20  side 2    Res =  0.1586E+01
 MRCHDU: Convergence failed at  21  side 2    Res =  0.1755E+01
 MRCHDU: Convergence failed at  22  side 2    Res =  0.2435E+01
 MRCHDU: Convergence failed at  23  side 2    Res =  0.3468E+01
 MRCHDU: Convergence failed at  24  side 2    Res =  0.5113E+01
 MRCHDU: Convergence failed at  25  side 2    Res =  0.8544E+01
 MRCHDU: Convergence failed at  26  side 2    Res =  0.1663E+02
 MRCHDU: Convergence failed at  27  side 2    Res =  0.2610E+03
 MRCHDU: Convergence failed at  28  side 2    Res =  0.3727E+02
 MRCHDU: Convergence failed at  29  side 2    Res =  0.1802E+02
 MRCHDU: Convergence failed at  30  side 2    Res =  0.1290E+02
 MRCHDU: Convergence failed at  31  side 2    Res =  0.1079E+02
 MRCHDU: Convergence failed at  32  side 2    Res =  0.9976E+01
 MRCHDU: Convergence failed at  33  side 2    Res =  0.1628E+02
 MRCHDU: Convergence failed at  34  side 2    Res =  0.9842E+02
 MRCHDU: Convergence failed at  35  side 2    Res =  0.1019E+03
 MRCHDU: Convergence failed at  36  side 2    Res =  0.6518E+02
 MRCHDU: Convergence failed at  37  side 2    Res =  0.1906E+02
 MRCHDU: Convergence failed at  38  side 2    Res =  0.1114E+02
 MRCHDU: Convergence failed at  39  side 2    Res =  0.7726E+01
 MRCHDU: Convergence failed at  40  side 2    Res =  0.2231E+02
 MRCHDU: Convergence failed at  41  side 2    Res =  0.3032E+02
 MRCHDU: Convergence failed at  42  side 2    Res =  0.5243E+02
 MRCHDU: Convergence failed at  43  side 2    Res =  0.1306E+04
 MRCHDU: Convergence failed at  44  side 2    Res =  0.2357E+02
 MRCHDU: Convergence failed at  45  side 2    Res =  0.2441E+02
 MRCHDU: Convergence failed at  46  side 2    Res =  0.1929E+02
 MRCHDU: Convergence failed at  47  side 2    Res =  0.1709E+02
 MRCHDU: Convergence failed at  48  side 2    Res =  0.3103E+02
 MRCHDU: Convergence failed at  49  side 2    Res =  0.9927E+01
 MRCHDU: Convergence failed at  50  side 2    Res =  0.1318E+02
 MRCHDU: Convergence failed at  51  side 2    Res =  0.1859E+02
 MRCHDU: Convergence failed at  52  side 2    Res =  0.2815E+02
 MRCHDU: Convergence failed at  53  side 2    Res =  0.6194E+02
 MRCHDU: Convergence failed at  54  side 2    Res =  0.5924E+03
 MRCHDU: Convergence failed at  55  side 2    Res =  0.1089E+03
 MRCHDU: Convergence failed at  56  side 2    Res =  0.3471E+02
 MRCHDU: Convergence failed at  57  side 2    Res =  0.2228E+02
 MRCHDU: Convergence failed at  58  side 2    Res =  0.1799E+02
 MRCHDU: Convergence failed at  59  side 2    Res =  0.1503E+02
 MRCHDU: Convergence failed at  60  side 2    Res =  0.1253E+02
 MRCHDU: Convergence failed at  61  side 2    Res =  0.9570E+01
 MRCHDU: Convergence failed at  62  side 2    Res =  0.8631E+01
 MRCHDU: Convergence failed at  63  side 2    Res =  0.7891E+01
 MRCHDU: Convergence failed at  64  side 2    Res =  0.7308E+01
 MRCHDU: Convergence failed at  65  side 2    Res =  0.6833E+01
 MRCHDU: Convergence failed at  66  side 2    Res =  0.6442E+01
 MRCHDU: Convergence failed at  67  side 2    Res =  0.6120E+01
 MRCHDU: Convergence failed at  68  side 2    Res =  0.5853E+01
 MRCHDU: Convergence failed at  69  side 2    Res =  0.5208E+01
 MRCHDU: Convergence failed at  70  side 2    Res =  0.3283E+01
 MRCHDU: Convergence failed at  71  side 2    Res =  0.3303E+01
 MRCHDU: Convergence failed at  72  side 2    Res =  0.3315E+01
 MRCHDU: Convergence failed at  73  side 2    Res =  0.3322E+01
 MRCHDU: Convergence failed at  74  side 2    Res =  0.3324E+01
 MRCHDU: Convergence failed at  75  side 2    Res =  0.3322E+01
 MRCHDU: Convergence failed at  76  side 2    Res =  0.4910E+01
 MRCHDU: Convergence failed at  77  side 2    Res =  0.5155E+01
 MRCHDU: Convergence failed at  78  side 2    Res =  0.6071E+01
 MRCHDU: Convergence failed at  79  side 2    Res =  0.6846E+01
 MRCHDU: Convergence failed at  80  side 2    Res =  0.7986E+01
 MRCHDU: Convergence failed at  81  side 2    Res =  0.9780E+01
 MRCHDU: Convergence failed at  82  side 2    Res =  0.1528E+02
 MRCHDU: Convergence failed at  83  side 2    Res =  0.2478E+02
 MRCHDU: Convergence failed at  84  side 2    Res =  0.5733E+02
 MRCHDU: Convergence failed at  85  side 2    Res =  0.2633E+02
 Side 1  free  transition at x/c =  0.4890   40
 Side 2  free  transition at x/c =  0.0327   16

   3   rms: 0.8473E+00   max: 0.2808E+01   D at   15  2   RLX: 0.330
       a = -1.000      CL = -0.4862
      Cm =  0.1396     CD =  0.00976   =>   CDf =  0.00385    CDp =  0.00591

 Side 1  free  transition at x/c =  0.4943   42
 Side 2  free  transition at x/c =  0.0325   15

   4   rms: 0.1526E+01   max: 0.5350E+01   D at   21  2   RLX: 0.227
       a = -1.000      CL = -0.3162
      Cm =  0.0990     CD =  0.01408   =>   CDf =  0.00868    CDp =  0.00540

 Side 1  free  transition at x/c =  0.4979   42
 Side 2  free  transition at x/c =  0.0327   15

   5   rms: 0.6082E+00   max: 0.1996E+01   D at   20  2   RLX: 0.752
       a = -1.000      CL =  0.0646
      Cm =  0.0080     CD =  0.01565   =>   CDf =  0.00784    CDp =  0.00781

 TRCHEK2: N2 convergence failed.
 x:  0.06727  0.07888  0.08111  N:  8.676  9.000  9.085  Nx:  49.495   dN: 0.673E+02
 TRCHEK2: N2 convergence failed.
 x:  0.06727  0.08053  0.08111  N:  8.676  9.000  9.032  Nx:  45.272   dN: 0.521E+00
 TRCHEK2: N2 convergence failed.
 x:  0.06727  0.07964  0.08111  N:  8.676  9.000  9.018  Nx:  50.371   dN:-0.146E+00
 TRCHEK2: N2 convergence failed.
 x:  0.06727  0.08054  0.08111  N:  8.676  9.000  9.031  Nx:  44.987   dN: 0.286E+00
 TRCHEK2: N2 convergence failed.
 x:  0.06727  0.07917  0.08111  N:  8.676  9.000  9.031  Nx:  46.664   dN:-0.131E+00
 TRCHEK2: N2 convergence failed.
 x:  0.06727  0.07919  0.08111  N:  8.676  9.000  9.030  Nx:  45.498   dN:-0.453E+00
 TRCHEK2: N2 convergence failed.
 x:  0.06727  0.07918  0.08111  N:  8.676  9.000  9.031  Nx:  45.588   dN:-0.260E+00
 TRCHEK2: N2 convergence failed.
 x:  0.06727  0.07918  0.08111  N:  8.676  9.000  9.031  Nx:  45.768   dN:-0.221E+00
 TRCHEK2: N2 convergence failed.
 x:  0.06727  0.07917  0.08111  N:  8.676  9.000  9.031  Nx:  46.446   dN:-0.140E+00
 TRCHEK2: N2 convergence failed.
 x:  0.06727  0.07919  0.08111  N:  8.676  9.000  9.030  Nx:  45.413   dN:-0.694E+00
 TRCHEK2: N2 convergence failed.
 x:  0.06727  0.07918  0.08111  N:  8.676  9.000  9.031  Nx:  45.711   dN:-0.193E+00
 TRCHEK2: N2 convergence failed.
 x:  0.06727  0.07918  0.08111  N:  8.676  9.000  9.031  Nx:  46.016   dN:-0.154E+00
 TRCHEK2: N2 convergence failed.
 x:  0.06727  0.07917  0.08111  N:  8.676  9.000  9.031  Nx:  46.876   dN:-0.110E+00
 TRCHEK2: N2 convergence failed.
 x:  0.06727  0.07919  0.08111  N:  8.676  9.000  9.030  Nx:  45.537   dN:-0.356E+00
 TRCHEK2: N2 convergence failed.
 x:  0.06727  0.07918  0.08111  N:  8.676  9.000  9.031  Nx:  46.008   dN:-0.184E+00
 TRCHEK2: N2 convergence failed.
 x:  0.06727  0.07919  0.08111  N:  8.676  9.000  9.074  Nx:  45.275   dN: 0.110E+02
 TRCHEK2: N2 convergence failed.
 x:  0.06727  0.07915  0.08111  N:  8.676  9.000  9.031  Nx:  46.957   dN:-0.662E-01
 TRCHEK2: N2 convergence failed.
 x:  0.06727  0.07917  0.08111  N:  8.676  9.000  9.031  Nx:  46.780   dN:-0.850E-01
 TRCHEK2: N2 convergence failed.
 x:  0.06727  0.07917  0.08111  N:  8.676  9.000  9.031  Nx:  47.661   dN:-0.794E-01
 TRCHEK2: N2 convergence failed.
 x:  0.06727  0.07915  0.08111  N:  8.676  9.000  9.031  Nx:  49.336   dN:-0.800E-01
 MRCHDU: Convergence failed at  18  side 2    Res =  0.1785E+02
 MRCHDU: Convergence failed at  19  side 2    Res =  0.4780E+02
 MRCHDU: Convergence failed at  20  side 2    Res =  0.1599E+03
 MRCHDU: Convergence failed at  21  side 2    Res =  0.6916E+02
 MRCHDU: Convergence failed at  22  side 2    Res =  0.4687E+02
 MRCHDU: Convergence failed at  23  side 2    Res =  0.5521E+02
 MRCHDU: Convergence failed at  24  side 2    Res =  0.4084E+02
 MRCHDU: Convergence failed at  25  side 2    Res =  0.2841E+03
 MRCHDU: Convergence failed at  26  side 2    Res =  0.1048E+03
 MRCHDU: Convergence failed at  27  side 2    Res =  0.7895E+03
 MRCHDU: Convergence failed at  28  side 2    Res =  0.4801E+03
 MRCHDU: Convergence failed at  29  side 2    Res =  0.3582E+03
 MRCHDU: Convergence failed at  30  side 2    Res =  0.3073E+03
 MRCHDU: Convergence failed at  31  side 2    Res =  0.2437E+03
 MRCHDU: Convergence failed at  32  side 2    Res =  0.2171E+03
 MRCHDU: Convergence failed at  33  side 2    Res =  0.1970E+03
 MRCHDU: Convergence failed at  34  side 2    Res =  0.1811E+03
 MRCHDU: Convergence failed at  35  side 2    Res =  0.1699E+03
 MRCHDU: Convergence failed at  36  side 2    Res =  0.1617E+03
 MRCHDU: Convergence failed at  37  side 2    Res =  0.1531E+03
 MRCHDU: Convergence failed at  38  side 2    Res =  0.1409E+03
 MRCHDU: Convergence failed at  39  side 2    Res =  0.1325E+03
 MRCHDU: Convergence failed at  40  side 2    Res =  0.1260E+03
 MRCHDU: Convergence failed at  41  side 2    Res =  0.1197E+03
 MRCHDU: Convergence failed at  42  side 2    Res =  0.1137E+03
 MRCHDU: Convergence failed at  43  side 2    Res =  0.1086E+03
 MRCHDU: Convergence failed at  44  side 2    Res =  0.1060E+03
 MRCHDU: Convergence failed at  45  side 2    Res =  0.1031E+03
 MRCHDU: Convergence failed at  46  side 2    Res =  0.1039E+03
 MRCHDU: Convergence failed at  47  side 2    Res =  0.1360E+03
 MRCHDU: Convergence failed at  48  side 2    Res =  0.1204E+03
 MRCHDU: Convergence failed at  49  side 2    Res =  0.1354E+03
 MRCHDU: Convergence failed at  50  side 2    Res =  0.1428E+03
 MRCHDU: Convergence failed at  51  side 2    Res =  0.1503E+03
 MRCHDU: Convergence failed at  52  side 2    Res =  0.1583E+03
 MRCHDU: Convergence failed at  53  side 2    Res =  0.1667E+03
 MRCHDU: Convergence failed at  54  side 2    Res =  0.1757E+03
 MRCHDU: Convergence failed at  55  side 2    Res =  0.1856E+03
 MRCHDU: Convergence failed at  56  side 2    Res =  0.1885E+03
 MRCHDU: Convergence failed at  57  side 2    Res =  0.1887E+03
 MRCHDU: Convergence failed at  58  side 2    Res =  0.1922E+03
 MRCHDU: Convergence failed at  59  side 2    Res =  0.2018E+03
 MRCHDU: Convergence failed at  60  side 2    Res =  0.2117E+03
 MRCHDU: Convergence failed at  61  side 2    Res =  0.2216E+03
 MRCHDU: Convergence failed at  62  side 2    Res =  0.2312E+03
 MRCHDU: Convergence failed at  63  side 2    Res =  0.2401E+03
 MRCHDU: Convergence failed at  64  side 2    Res =  0.2481E+03
 MRCHDU: Convergence failed at  65  side 2    Res =  0.2552E+03
 MRCHDU: Convergence failed at  66  side 2    Res =  0.2610E+03
 MRCHDU: Convergence failed at  67  side 2    Res =  0.2656E+03
 MRCHDU: Convergence failed at  68  side 2    Res =  0.2688E+03
 MRCHDU: Convergence failed at  69  side 2    Res =  0.2707E+03
 MRCHDU: Convergence failed at  70  side 2    Res =  0.2711E+03
 MRCHDU: Convergence failed at  71  side 2    Res =  0.2698E+03
 MRCHDU: Convergence failed at  72  side 2    Res =  0.2665E+03
 MRCHDU: Convergence failed at  73  side 2    Res =  0.2611E+03
 MRCHDU: Convergence failed at  74  side 2    Res =  0.2536E+03
 MRCHDU: Convergence failed at  75  side 2    Res =  0.2438E+03
 MRCHDU: Convergence failed at  76  side 2    Res =  0.2313E+03
 MRCHDU: Convergence failed at  77  side 2    Res =  0.2162E+03
 MRCHDU: Convergence failed at  78  side 2    Res =  0.2004E+03
 MRCHDU: Convergence failed at  79  side 2    Res =  0.1850E+03
 MRCHDU: Convergence failed at  80  side 2    Res =  0.1744E+03
 MRCHDU: Convergence failed at  81  side 2    Res =  0.1626E+03
 MRCHDU: Convergence failed at  82  side 2    Res =  0.1489E+03
 MRCHDU: Convergence failed at  83  side 2    Res =  0.1382E+03
 MRCHDU: Convergence failed at  84  side 2    Res =  0.1312E+03
 Side 1  free  transition at x/c =  0.5100   43
 Side 2  free  transition at x/c =  0.0626   18

   6   rms: 0.4613E+01   max: 0.8640E+02   T at   18  2   RLX: 0.009
       a = -1.000      CL = -1.0989
      Cm =  0.3141     CD =  0.00470   =>   CDf =  0.00283    CDp =  0.00187

 Side 1  free  transition at x/c =  0.5100   43
 Side 2  free  transition at x/c =  0.0628   18

   7   rms: 0.2415E+01   max: 0.3466E+02   T at   18  2   RLX: 0.043
       a = -1.000      CL = -0.6617
      Cm =  0.1633     CD =  0.06479   =>   CDf =  0.00312    CDp =  0.06167

 Side 1  free  transition at x/c =  0.5130   43
 Side 2  free  transition at x/c =  0.0579   18

   8   rms: 0.2925E+01   max: 0.2002E+02   T at   20  2   RLX: 0.075
       a = -1.000      CL = -0.6242
      Cm =  0.1357     CD =  0.06209   =>   CDf =  0.00299    CDp =  0.05910

 MRCHDU: Convergence failed at  19  side 2    Res =  0.1324E+03
 MRCHDU: Convergence failed at  20  side 2    Res =  0.1785E+02
 MRCHDU: Convergence failed at  21  side 2    Res =  0.1060E+03
 MRCHDU: Convergence failed at  22  side 2    Res =  0.4007E+02
 MRCHDU: Convergence failed at  23  side 2    Res =  0.2651E+02
 MRCHDU: Convergence failed at  24  side 2    Res =  0.9016E+02
 MRCHDU: Convergence failed at  25  side 2    Res =  0.8558E+02
 MRCHDU: Convergence failed at  26  side 2    Res =  0.3051E+02
 MRCHDU: Convergence failed at  27  side 2    Res =  0.2154E+02
 MRCHDU: Convergence failed at  28  side 2    Res =  0.2631E+02
 MRCHDU: Convergence failed at  29  side 2    Res =  0.3787E+02
 MRCHDU: Convergence failed at  30  side 2    Res =  0.6262E+02
 MRCHDU: Convergence failed at  31  side 2    Res =  0.5553E+03
 MRCHDU: Convergence failed at  32  side 2    Res =  0.1351E+03
 MRCHDU: Convergence failed at  33  side 2    Res =  0.3457E+02
 MRCHDU: Convergence failed at  34  side 2    Res =  0.1985E+02
 MRCHDU: Convergence failed at  35  side 2    Res =  0.1326E+02
 MRCHDU: Convergence failed at  36  side 2    Res =  0.1131E+02
 MRCHDU: Convergence failed at  37  side 2    Res =  0.1175E+02
 MRCHDU: Convergence failed at  38  side 2    Res =  0.1352E+02
 MRCHDU: Convergence failed at  39  side 2    Res =  0.1496E+02
 MRCHDU: Convergence failed at  40  side 2    Res =  0.2440E+02
 MRCHDU: Convergence failed at  41  side 2    Res =  0.2130E+02
 MRCHDU: Convergence failed at  42  side 2    Res =  0.1065E+01
 Side 1  free  transition at x/c =  0.5173   42
 Side 2  free  transition at x/c =  0.0519   18

   9   rms: 0.3842E+01   max: 0.8809E+02   T at   18  2   RLX: 0.017
       a = -1.000      CL = -1.5267
      Cm =  0.3527     CD =  0.04674   =>   CDf =  0.00299    CDp =  0.04376

 MRCHDU: Convergence failed at  43  side 2    Res =  0.5475E+00
 Side 1  free  transition at x/c =  0.5181   42
 Side 2  free  transition at x/c =  0.0478   18

  10   rms: 0.1124E+01   max: 0.5414E+01   D at   94  2   RLX: 0.219
       a = -1.000      CL = -1.1045
      Cm =  0.2615     CD =  0.08240   =>   CDf =  0.00304    CDp =  0.07935

 MRCHDU: Convergence failed at  95  side 2    Res =  0.1042E+01
 MRCHDU: Convergence failed at  96  side 2    Res =  0.1247E+01
 MRCHDU: Convergence failed at  97  side 2    Res =  0.2205E+01
 MRCHDU: Convergence failed at  98  side 2    Res =  0.6014E+01
 MRCHDU: Convergence failed at  99  side 2    Res =  0.9103E+01
 MRCHDU: Convergence failed at 100  side 2    Res =  0.2902E+01
 Side 1  free  transition at x/c =  0.5281   43
 Side 2  free  transition at x/c =  0.0225   15

  11   rms: 0.2073E+01   max: 0.2634E+02   T at   16  2   RLX: 0.057
       a = -1.000      CL = -1.1525
      Cm =  0.2809     CD =  0.11620   =>   CDf =  0.00309    CDp =  0.11311

 Side 1  free  transition at x/c =  0.5298   43
 Side 2  free  transition at x/c =  0.0227   15

  12   rms: 0.3764E+01   max: 0.1947E+02   T at   16  2   RLX: 0.077
       a = -1.000      CL = -1.0930
      Cm =  0.2521     CD =  0.17053   =>   CDf =  0.00297    CDp =  0.16757

 Side 1  free  transition at x/c =  0.5310   42
 Side 2  free  transition at x/c =  0.0228   16

  13   rms: 0.6250E+01   max: -.2018E+02   T at   17  2   RLX: 0.025
       a = -1.000      CL = -1.2158
      Cm =  0.2922     CD =  0.23462   =>   CDf =  0.00306    CDp =  0.23156

 Side 1  free  transition at x/c =  0.5321   42
 Side 2  free  transition at x/c =  0.0227   16

  14   rms: 0.1084E+03   max: -.4268E+03   T at   17  2   RLX: 0.001
       a = -1.000      CL = -1.2778
      Cm =  0.3161     CD =  0.20826   =>   CDf =  0.00333    CDp =  0.20493

 Side 1  free  transition at x/c =  0.5325   43
 Side 2  free  transition at x/c =  0.0227   15

  15   rms: 0.9511E+01   max: 0.9559E+02   D at    2  1   RLX: 0.010
       a = -1.000      CL = -1.3074
      Cm =  0.3200     CD =  0.22744   =>   CDf =  0.00311    CDp =  0.22433

 Side 1  free  transition at x/c =  0.5329   42
 Side 2  free  transition at x/c =  0.0227   16

  16   rms: 0.2761E+02   max: 0.1191E+03   T at   17  2   RLX: 0.011
       a = -1.000      CL = -1.3162
      Cm =  0.3049     CD =  0.29481   =>   CDf =  0.00324    CDp =  0.29158

 Side 1  free  transition at x/c =  0.5333   42
 Side 2  free  transition at x/c =  0.0229   17

  17   rms: 0.8468E+00   max: 0.2734E+01   T at   17  2   RLX: 0.234
       a = -1.000      CL = -0.6183
      Cm =  0.0901     CD =  0.05847   =>   CDf =  0.00314    CDp =  0.05533

 Side 1  free  transition at x/c =  0.5370   43
 Side 2  free  transition at x/c =  0.0231   17

  18   rms: 0.8264E+00   max: -.2370E+01   D at  101  2   RLX: 0.211
       a = -1.000      CL = -0.4861
      Cm =  0.0330     CD =  0.04312   =>   CDf =  0.00304    CDp =  0.04008

 Side 1  free  transition at x/c =  0.5395   43
 Side 2  free  transition at x/c =  0.0230   17

  19   rms: 0.6855E+00   max: 0.2132E+01   D at   16  2   RLX: 0.305
       a = -1.000      CL = -0.3229
      Cm = -0.0029     CD =  0.03265   =>   CDf =  0.00297    CDp =  0.02968

 MRCHDU: Convergence failed at  17  side 2    Res =  0.1529E+01
 MRCHDU: Convergence failed at  18  side 2    Res =  0.2294E+02
 MRCHDU: Convergence failed at  19  side 2    Res =  0.2613E+03
 MRCHDU: Convergence failed at  20  side 2    Res =  0.8521E+02
 MRCHDU: Convergence failed at  21  side 2    Res =  0.6369E+02
 MRCHDU: Convergence failed at  22  side 2    Res =  0.7537E+02
 MRCHDU: Convergence failed at  23  side 2    Res =  0.1975E+03
 MRCHDU: Convergence failed at  24  side 2    Res =  0.8507E+02
 MRCHDU: Convergence failed at  25  side 2    Res =  0.1359E+03
 MRCHDU: Convergence failed at  26  side 2    Res =  0.1827E+03
 MRCHDU: Convergence failed at  27  side 2    Res =  0.4065E+03
 MRCHDU: Convergence failed at  28  side 2    Res =  0.1843E+04
 MRCHDU: Convergence failed at  29  side 2    Res =  0.5853E+03
 MRCHDU: Convergence failed at  30  side 2    Res =  0.3299E+03
 MRCHDU: Convergence failed at  31  side 2    Res =  0.2212E+03
 MRCHDU: Convergence failed at  32  side 2    Res =  0.1322E+03
 MRCHDU: Convergence failed at  33  side 2    Res =  0.1284E+03
 MRCHDU: Convergence failed at  34  side 2    Res =  0.1132E+03
 MRCHDU: Convergence failed at  35  side 2    Res =  0.1251E+03
 MRCHDU: Convergence failed at  36  side 2    Res =  0.1290E+03
 MRCHDU: Convergence failed at  37  side 2    Res =  0.1337E+03
 MRCHDU: Convergence failed at  38  side 2    Res =  0.1384E+03
 MRCHDU: Convergence failed at  39  side 2    Res =  0.1430E+03
 MRCHDU: Convergence failed at  40  side 2    Res =  0.2307E+03
 MRCHDU: Convergence failed at  41  side 2    Res =  0.2433E+03
 MRCHDU: Convergence failed at  42  side 2    Res =  0.2539E+03
 MRCHDU: Convergence failed at  43  side 2    Res =  0.2648E+03
 MRCHDU: Convergence failed at  44  side 2    Res =  0.8872E+04
 MRCHDU: Convergence failed at  45  side 2    Res =  0.2405E+03
 MRCHDU: Convergence failed at  46  side 2    Res =  0.1048E+06
 MRCHDU: Convergence failed at  47  side 2    Res =  0.2343E+05
 MRCHDU: Convergence failed at  48  side 2    Res =  0.1687E+03
 MRCHDU: Convergence failed at  49  side 2    Res =  0.1171E+05
 MRCHDU: Convergence failed at  50  side 2    Res =  0.7167E+04
 MRCHDU: Convergence failed at  51  side 2    Res =  0.4068E+04
 MRCHDU: Convergence failed at  52  side 2    Res =  0.3362E+04
 MRCHDU: Convergence failed at  53  side 2    Res =  0.2515E+04
 MRCHDU: Convergence failed at  54  side 2    Res =  0.1829E+03
 MRCHDU: Convergence failed at  55  side 2    Res =  0.1825E+03
 MRCHDU: Convergence failed at  56  side 2    Res =  0.1862E+03
 MRCHDU: Convergence failed at  57  side 2    Res =  0.1897E+03
 MRCHDU: Convergence failed at  58  side 2    Res =  0.1903E+03
 MRCHDU: Convergence failed at  59  side 2    Res =  0.1937E+03
 MRCHDU: Convergence failed at  60  side 2    Res =  0.1944E+03
 MRCHDU: Convergence failed at  61  side 2    Res =  0.1977E+03
 MRCHDU: Convergence failed at  62  side 2    Res =  0.1338E+04
 MRCHDU: Convergence failed at  63  side 2    Res =  0.1223E+04
 MRCHDU: Convergence failed at  64  side 2    Res =  0.1141E+04
 MRCHDU: Convergence failed at  65  side 2    Res =  0.1170E+04
 MRCHDU: Convergence failed at  66  side 2    Res =  0.1108E+04
 MRCHDU: Convergence failed at  67  side 2    Res =  0.1127E+04
 MRCHDU: Convergence failed at  68  side 2    Res =  0.2030E+03
 MRCHDU: Convergence failed at  69  side 2    Res =  0.1989E+03
 MRCHDU: Convergence failed at  70  side 2    Res =  0.2016E+03
 MRCHDU: Convergence failed at  71  side 2    Res =  0.1999E+03
 MRCHDU: Convergence failed at  72  side 2    Res =  0.2026E+03
 MRCHDU: Convergence failed at  73  side 2    Res =  0.2017E+03
 MRCHDU: Convergence failed at  74  side 2    Res =  0.1066E+04
 MRCHDU: Convergence failed at  75  side 2    Res =  0.1182E+04
 MRCHDU: Convergence failed at  76  side 2    Res =  0.1141E+04
 MRCHDU: Convergence failed at  77  side 2    Res =  0.1253E+04
 MRCHDU: Convergence failed at  78  side 2    Res =  0.1272E+04
 MRCHDU: Convergence failed at  79  side 2    Res =  0.1451E+04
 MRCHDU: Convergence failed at  80  side 2    Res =  0.1875E+03
 MRCHDU: Convergence failed at  81  side 2    Res =  0.1879E+03
 MRCHDU: Convergence failed at  82  side 2    Res =  0.1877E+03
 MRCHDU: Convergence failed at  83  side 2    Res =  0.1962E+03
 MRCHDU: Convergence failed at  84  side 2    Res =  0.2011E+03
 MRCHDU: Convergence failed at  85  side 2    Res =  0.1009E+04
 MRCHDU: Convergence failed at  86  side 2    Res =  0.9215E+03
 Side 1  free  transition at x/c =  0.5368   43
 Side 2  free  transition at x/c =  0.0235   17

  20   rms: 0.2169E+01   max: 0.7975E+01   D at   89  2   RLX: 0.188
       a = -1.000      CL = -2.3879
      Cm =  0.6215     CD =  0.00556   =>   CDf =  0.00240    CDp =  0.00316

 Side 1  free  transition at x/c =  0.5332   42
 Side 2  free  transition at x/c =  0.0265   17

  21   rms: 0.8655E+00   max: -.2400E+01   C at  106  2   RLX: 0.208
       a = -1.000      CL = -1.3085
      Cm =  0.3053     CD =  0.06418   =>   CDf =  0.00296    CDp =  0.06121

 Side 1  free  transition at x/c =  0.5350   43
 Side 2  free  transition at x/c =  0.0258   17

  22   rms: 0.8331E+00   max: 0.6686E+01   T at   17  2   RLX: 0.216
       a = -1.000      CL = -1.0498
      Cm =  0.2344     CD =  0.06177   =>   CDf =  0.00300    CDp =  0.05877

 Side 1  free  transition at x/c =  0.5391   43
 Side 2  free  transition at x/c =  0.0247   17

  23   rms: 0.6898E+00   max: 0.2111E+01   T at   17  2   RLX: 0.245
       a = -1.000      CL = -0.8230
      Cm =  0.1727     CD =  0.06271   =>   CDf =  0.00298    CDp =  0.05972

 TRCHEK2: N2 convergence failed.
 x:  0.03575  0.04492  0.04599  N:  8.938  9.000  9.003  Nx:  42.395   dN:-0.796E-01
 TRCHEK2: N2 convergence failed.
 x:  0.03575  0.04495  0.04599  N:  8.938  9.000  9.003  Nx:  41.060   dN:-0.628E-01
 TRCHEK2: N2 convergence failed.
 x:  0.03575  0.04507  0.04599  N:  8.938  9.000  9.002  Nx:  37.580   dN:-0.406E-01
 TRCHEK2: N2 convergence failed.
 x:  0.03575  0.04597  0.04599  N:  8.938  9.000  9.000  Nx:  24.900   dN:-0.167E-01
 TRCHEK2: N2 convergence failed.
 x:  0.03575  0.03858  0.04599  N:  8.938  9.000  9.122  Nx: 166.571   dN:-0.453E+00
 TRCHEK2: N2 convergence failed.
 x:  0.03575  0.04523  0.04599  N:  8.938  9.000  9.001  Nx:  35.864   dN:-0.196E-01
 TRCHEK2: N2 convergence failed.
 x:  0.03575  0.03855  0.04599  N:  8.938  9.000  9.123  Nx: 177.052   dN:-0.524E+00
 TRCHEK2: N2 convergence failed.
 x:  0.03575  0.04520  0.04599  N:  8.938  9.000  9.002  Nx:  38.004   dN:-0.179E-01
 TRCHEK2: N2 convergence failed.
 x:  0.03575  0.03855  0.04599  N:  8.938  9.000  9.123  Nx: 184.768   dN:-0.579E+00
 TRCHEK2: N2 convergence failed.
 x:  0.03575  0.04522  0.04599  N:  8.938  9.000  9.001  Nx:  38.574   dN:-0.155E-01
 TRCHEK2: N2 convergence failed.
 x:  0.03575  0.03856  0.04599  N:  8.938  9.000  9.123  Nx: 191.816   dN:-0.641E+00
 TRCHEK2: N2 convergence failed.
 x:  0.03575  0.04582  0.04599  N:  8.938  9.000  9.000  Nx:  28.674   dN:-0.932E-02
 TRCHEK2: N2 convergence failed.
 x:  0.03575  0.03851  0.04599  N:  8.938  9.000  9.125  Nx: 201.921   dN:-0.807E+00
 TRCHEK2: N2 convergence failed.
 x:  0.03575  0.04584  0.04599  N:  8.938  9.000  9.000  Nx:  28.063   dN:-0.789E-02
 TRCHEK2: N2 convergence failed.
 x:  0.03575  0.03851  0.04599  N:  8.938  9.000  9.126  Nx: 209.471   dN:-0.972E+00
 TRCHEK2: N2 convergence failed.
 x:  0.03575  0.04591  0.04599  N:  8.938  9.000  9.000  Nx:  25.443   dN:-0.670E-02
 TRCHEK2: N2 convergence failed.
 x:  0.03575  0.03844  0.04599  N:  8.938  9.000  9.129  Nx: 217.966   dN:-0.138E+01
 TRCHEK2: N2 convergence failed.
 x:  0.03575  0.04599  0.04599  N:  8.938  9.000  9.218  Nx:  22.325   dN: 0.218E+00
 TRCHEK2: N2 convergence failed.
 x:  0.03575  0.04587  0.04599  N:  8.938  9.000  9.004  Nx:  18.716   dN: 0.183E+00
 TRCHEK2: N2 convergence failed.
 x:  0.03575  0.04550  0.04599  N:  8.938  9.000  9.007  Nx:  19.171   dN: 0.191E+00
 TRCHEK2: N2 convergence failed.
 x:  0.03575  0.04511  0.04599  N:  8.938  9.000  9.010  Nx:  19.557   dN: 0.194E+00
 TRCHEK2: N2 convergence failed.
 x:  0.03575  0.04494  0.04599  N:  8.938  9.000  9.011  Nx:  19.850   dN: 0.198E+00
 TRCHEK2: N2 convergence failed.
 x:  0.03575  0.04481  0.04599  N:  8.938  9.000  9.012  Nx:  19.596   dN: 0.189E+00
 TRCHEK2: N2 convergence failed.
 x:  0.03575  0.04489  0.04599  N:  8.938  9.000  9.011  Nx:  19.894   dN: 0.198E+00
 MRCHDU: Convergence failed at  17  side 2    Res =  0.6174E+01
 MRCHDU: Convergence failed at  18  side 2    Res =  0.4107E+03
 MRCHDU: Convergence failed at  19  side 2    Res =  0.1589E+02
 MRCHDU: Convergence failed at  20  side 2    Res =  0.5602E+02
 MRCHDU: Convergence failed at  21  side 2    Res =  0.1236E+02
 MRCHDU: Convergence failed at  22  side 2    Res =  0.1793E+02
 MRCHDU: Convergence failed at  23  side 2    Res =  0.3406E+02
 MRCHDU: Convergence failed at  24  side 2    Res =  0.7703E+02
 MRCHDU: Convergence failed at  25  side 2    Res =  0.2524E+03
 MRCHDU: Convergence failed at  26  side 2    Res =  0.1994E+05
 MRCHDU: Convergence failed at  27  side 2    Res =  0.2562E+03
 MRCHDU: Convergence failed at  28  side 2    Res =  0.8750E+02
 MRCHDU: Convergence failed at  29  side 2    Res =  0.8716E+02
 MRCHDU: Convergence failed at  30  side 2    Res =  0.9303E+02
 MRCHDU: Convergence failed at  31  side 2    Res =  0.1025E+03
 MRCHDU: Convergence failed at  32  side 2    Res =  0.1179E+03
 MRCHDU: Convergence failed at  33  side 2    Res =  0.1422E+03
 MRCHDU: Convergence failed at  34  side 2    Res =  0.1835E+03
 MRCHDU: Convergence failed at  35  side 2    Res =  0.2630E+03
 MRCHDU: Convergence failed at  36  side 2    Res =  0.4528E+03
 MRCHDU: Convergence failed at  37  side 2    Res =  0.3699E+03
 MRCHDU: Convergence failed at  38  side 2    Res =  0.1117E+04
 MRCHDU: Convergence failed at  39  side 2    Res =  0.2469E+03
 MRCHDU: Convergence failed at  40  side 2    Res =  0.1678E+03
 MRCHDU: Convergence failed at  41  side 2    Res =  0.1373E+03
 MRCHDU: Convergence failed at  42  side 2    Res =  0.1188E+03
 MRCHDU: Convergence failed at  43  side 2    Res =  0.1057E+03
 MRCHDU: Convergence failed at  44  side 2    Res =  0.9620E+02
 MRCHDU: Convergence failed at  45  side 2    Res =  0.9513E+02
 MRCHDU: Convergence failed at  46  side 2    Res =  0.1011E+03
 MRCHDU: Convergence failed at  47  side 2    Res =  0.1035E+03
 MRCHDU: Convergence failed at  48  side 2    Res =  0.1054E+03
 MRCHDU: Convergence failed at  49  side 2    Res =  0.1061E+03
 MRCHDU: Convergence failed at  50  side 2    Res =  0.1068E+03
 MRCHDU: Convergence failed at  51  side 2    Res =  0.1109E+03
 MRCHDU: Convergence failed at  52  side 2    Res =  0.1191E+03
 MRCHDU: Convergence failed at  53  side 2    Res =  0.1332E+03
 MRCHDU: Convergence failed at  54  side 2    Res =  0.1573E+03
 MRCHDU: Convergence failed at  55  side 2    Res =  0.1156E+03
 MRCHDU: Convergence failed at  56  side 2    Res =  0.1415E+03
 MRCHDU: Convergence failed at  57  side 2    Res =  0.1886E+03
 MRCHDU: Convergence failed at  58  side 2    Res =  0.2728E+03
 MRCHDU: Convergence failed at  59  side 2    Res =  0.5382E+03
 MRCHDU: Convergence failed at  60  side 2    Res =  0.9823E+04
 MRCHDU: Convergence failed at  61  side 2    Res =  0.4540E+03
 MRCHDU: Convergence failed at  62  side 2    Res =  0.6005E+03
 MRCHDU: Convergence failed at  63  side 2    Res =  0.2417E+03
 MRCHDU: Convergence failed at  64  side 2    Res =  0.1422E+03
 MRCHDU: Convergence failed at  65  side 2    Res =  0.9518E+02
 MRCHDU: Convergence failed at  66  side 2    Res =  0.8190E+02
 MRCHDU: Convergence failed at  67  side 2    Res =  0.7664E+02
 MRCHDU: Convergence failed at  68  side 2    Res =  0.5926E+02
 MRCHDU: Convergence failed at  69  side 2    Res =  0.4803E+02
 MRCHDU: Convergence failed at  70  side 2    Res =  0.4596E+02
 MRCHDU: Convergence failed at  71  side 2    Res =  0.3906E+02
 MRCHDU: Convergence failed at  72  side 2    Res =  0.3411E+02
 MRCHDU: Convergence failed at  73  side 2    Res =  0.2967E+02
 MRCHDU: Convergence failed at  74  side 2    Res =  0.2877E+02
 MRCHDU: Convergence failed at  75  side 2    Res =  0.2752E+02
 MRCHDU: Convergence failed at  76  side 2    Res =  0.2729E+02
 MRCHDU: Convergence failed at  77  side 2    Res =  0.2583E+02
 MRCHDU: Convergence failed at  78  side 2    Res =  0.3238E+02
 MRCHDU: Convergence failed at  79  side 2    Res =  0.3500E+02
 MRCHDU: Convergence failed at  80  side 2    Res =  0.4973E+02
 MRCHDU: Convergence failed at  81  side 2    Res =  0.4425E+02
 MRCHDU: Convergence failed at  82  side 2    Res =  0.6937E+02
 MRCHDU: Convergence failed at  83  side 2    Res =  0.7335E+02
 MRCHDU: Convergence failed at  84  side 2    Res =  0.1121E+03
 MRCHDU: Convergence failed at  85  side 2    Res =  0.1688E+03
 MRCHDU: Convergence failed at  86  side 2    Res =  0.6011E+03
 Side 1  free  transition at x/c =  0.5405   43
 Side 2  free  transition at x/c =  0.0248   17

  24   rms: 0.1597E+01   max: 0.5875E+01   C at   18  2   RLX: 0.094
       a = -1.000      CL = -2.0208
      Cm =  0.5267     CD =  0.00608   =>   CDf =  0.00265    CDp =  0.00343

 TRCHEK2: N2 convergence failed.
 x:  0.03493  0.03890  0.04517  N:  8.654  9.000  9.431  Nx: 186.885   dN:-0.399E+01
 TRCHEK2: N2 convergence failed.
 x:  0.03493  0.04072  0.04517  N:  8.654  9.000  9.212  Nx: 121.190   dN:-0.194E+01
 TRCHEK2: N2 convergence failed.
 x:  0.03493  0.04357  0.04517  N:  8.654  9.000  9.040  Nx:  79.339   dN:-0.810E+01
 TRCHEK2: N2 convergence failed.
 x:  0.03493  0.04221  0.04517  N:  8.654  9.000  9.107  Nx:  93.914   dN:-0.237E+01
 TRCHEK2: N2 convergence failed.
 x:  0.03493  0.04069  0.04517  N:  8.654  9.000  9.215  Nx: 122.789   dN:-0.189E+01
 TRCHEK2: N2 convergence failed.
 x:  0.03493  0.04245  0.04517  N:  8.654  9.000  9.093  Nx:  86.338   dN:-0.527E+01
 TRCHEK2: N2 convergence failed.
 x:  0.03493  0.04060  0.04517  N:  8.654  9.000  9.222  Nx: 127.119   dN:-0.184E+01
 TRCHEK2: N2 convergence failed.
 x:  0.03493  0.04237  0.04517  N:  8.654  9.000  9.098  Nx:  88.701   dN:-0.362E+01
 TRCHEK2: N2 convergence failed.
 x:  0.03493  0.04063  0.04517  N:  8.654  9.000  9.220  Nx: 125.621   dN:-0.185E+01
 MRCHDU: Convergence failed at  16  side 2    Res =  0.1619E+01
 Side 1  free  transition at x/c =  0.5378   44
 Side 2  free  transition at x/c =  0.0277   16

  25   rms: 0.1126E+01   max: 0.1289E+02   T at   16  2   RLX: 0.095
       a = -1.000      CL = -1.3929
      Cm =  0.3369     CD =  0.09846   =>   CDf =  0.00302    CDp =  0.09544

 Side 1  free  transition at x/c =  0.5405   44
 Side 2  free  transition at x/c =  0.0221   15

  26   rms: 0.1242E+01   max: -.1079E+02   T at   16  2   RLX: 0.046
       a = -1.000      CL = -1.3164
      Cm =  0.3230     CD =  0.13337   =>   CDf =  0.00306    CDp =  0.13031

 Side 1  free  transition at x/c =  0.5411   44
 Side 2  free  transition at x/c =  0.0217   15

  27   rms: 0.1016E+01   max: -.3390E+01   C at  100  2   RLX: 0.147
       a = -1.000      CL = -1.1311
      Cm =  0.2802     CD =  0.09535   =>   CDf =  0.00307    CDp =  0.09227

 Side 1  free  transition at x/c =  0.5426   44
 Side 2  free  transition at x/c =  0.0216   15

  28   rms: 0.9766E+00   max: -.3651E+01   T at  108  2   RLX: 0.137
       a = -1.000      CL = -0.9546
      Cm =  0.2367     CD =  0.10709   =>   CDf =  0.00314    CDp =  0.10394

 Side 1  free  transition at x/c =  0.5436   44
 Side 2  free  transition at x/c =  0.0218   15

  29   rms: 0.9521E+00   max: -.5070E+01   D at  108  2   RLX: 0.099
       a = -1.000      CL = -0.8588
      Cm =  0.2123     CD =  0.13945   =>   CDf =  0.00321    CDp =  0.13624

 Side 1  free  transition at x/c =  0.5452   44
 Side 2  free  transition at x/c =  0.0217   15

  30   rms: 0.8984E+00   max: -.5444E+01   D at  108  2   RLX: 0.092
       a = -1.000      CL = -0.7838
      Cm =  0.1930     CD =  0.15691   =>   CDf =  0.00327    CDp =  0.15364

 Side 1  free  transition at x/c =  0.5467   44
 Side 2  free  transition at x/c =  0.0217   15

  31   rms: 0.8818E+00   max: -.6273E+01   D at  108  2   RLX: 0.080
       a = -1.000      CL = -0.7253
      Cm =  0.1775     CD =  0.16806   =>   CDf =  0.00332    CDp =  0.16474

 Side 1  free  transition at x/c =  0.5480   44
 Side 2  free  transition at x/c =  0.0217   15

  32   rms: 0.8917E+00   max: -.7750E+01   D at  108  2   RLX: 0.065
       a = -1.000      CL = -0.6808
      Cm =  0.1655     CD =  0.17156   =>   CDf =  0.00336    CDp =  0.16820

 Side 1  free  transition at x/c =  0.5481   45
 Side 2  free  transition at x/c =  0.0218   15

  33   rms: 0.8511E+00   max: -.6792E+01   D at  108  2   RLX: 0.074
       a = -1.000      CL = -0.6267
      Cm =  0.1519     CD =  0.15910   =>   CDf =  0.00341    CDp =  0.15568

 MRCHDU: Convergence failed at 108  side 2    Res =  0.1359E+00
 Side 1  free  transition at x/c =  0.5485   45
 Side 2  free  transition at x/c =  0.0219   15

  34   rms: 0.1040E+01   max: 0.4664E+01   T at   16  2   RLX: 0.142
       a = -1.000      CL = -0.4560
      Cm =  0.1155     CD =  0.17924   =>   CDf =  0.00343    CDp =  0.17581

 Side 1  free  transition at x/c =  0.5409   44
 Side 2  free  transition at x/c =  0.0227   15

  35   rms: 0.1320E+01   max: 0.6575E+01   T at   18  2   RLX: 0.106
       a = -1.000      CL = -0.2171
      Cm =  0.0520     CD =  0.25281   =>   CDf =  0.00340    CDp =  0.24941

 Side 1  free  transition at x/c =  0.5397   44
 Side 2  free  transition at x/c =  0.0234   16

  36   rms: 0.7679E+00   max: -.2678E+01   T at  106  2   RLX: 0.187
       a = -1.000      CL = -0.1304
      Cm =  0.0300     CD =  0.19881   =>   CDf =  0.00347    CDp =  0.19534

 Side 1  free  transition at x/c =  0.5332   44
 Side 2  free  transition at x/c =  0.0245   15

  37   rms: 0.6759E+00   max: 0.2521E+01   T at   85  2   RLX: 0.212
       a = -1.000      CL = -0.0202
      Cm =  0.0083     CD =  0.18419   =>   CDf =  0.00333    CDp =  0.18086

 Side 1  free  transition at x/c =  0.5274   44
 Side 2  free  transition at x/c =  0.0291   15

  38   rms: 0.5986E+00   max: -.6414E+01   T at   15  2   RLX: 0.078
       a = -1.000      CL =  0.0413
      Cm = -0.0075     CD =  0.20572   =>   CDf =  0.00325    CDp =  0.20247

 Side 1  free  transition at x/c =  0.5263   44
 Side 2  free  transition at x/c =  0.0454   17

  39   rms: 0.2121E+01   max: 0.1530E+02   T at   17  2   RLX: 0.098
       a = -1.000      CL =  0.0099
      Cm = -0.0201     CD =  0.14817   =>   CDf =  0.00316    CDp =  0.14501

 MRCHDU: Convergence failed at  18  side 2    Res =  0.2837E+02
 MRCHDU: Convergence failed at  19  side 2    Res =  0.4938E+02
 MRCHDU: Convergence failed at  20  side 2    Res =  0.1127E+03
 MRCHDU: Convergence failed at  21  side 2    Res =  0.1190E+03
 MRCHDU: Convergence failed at  22  side 2    Res =  0.5498E+02
 MRCHDU: Convergence failed at  23  side 2    Res =  0.5135E+02
 MRCHDU: Convergence failed at  24  side 2    Res =  0.1475E+03
 MRCHDU: Convergence failed at  25  side 2    Res =  0.1520E+03
 MRCHDU: Convergence failed at  26  side 2    Res =  0.2103E+03
 MRCHDU: Convergence failed at  27  side 2    Res =  0.2787E+03
 MRCHDU: Convergence failed at  28  side 2    Res =  0.4336E+03
 MRCHDU: Convergence failed at  29  side 2    Res =  0.1802E+03
 MRCHDU: Convergence failed at  30  side 2    Res =  0.1748E+03
 MRCHDU: Convergence failed at  31  side 2    Res =  0.1999E+03
 MRCHDU: Convergence failed at  32  side 2    Res =  0.3469E+03
 MRCHDU: Convergence failed at  33  side 2    Res =  0.6161E+03
 MRCHDU: Convergence failed at  34  side 2    Res =  0.9610E+04
 MRCHDU: Convergence failed at  35  side 2    Res =  0.1968E+03
 MRCHDU: Convergence failed at  36  side 2    Res =  0.2068E+03
 MRCHDU: Convergence failed at  37  side 2    Res =  0.2525E+03
 MRCHDU: Convergence failed at  38  side 2    Res =  0.2740E+04
 MRCHDU: Convergence failed at  39  side 2    Res =  0.1552E+03
 MRCHDU: Convergence failed at  40  side 2    Res =  0.1499E+05
 MRCHDU: Convergence failed at  41  side 2    Res =  0.1872E+03
 MRCHDU: Convergence failed at  42  side 2    Res =  0.8036E+02
 MRCHDU: Convergence failed at  43  side 2    Res =  0.8036E+02
 MRCHDU: Convergence failed at  44  side 2    Res =  0.6545E+02
 MRCHDU: Convergence failed at  45  side 2    Res =  0.2473E+03
 MRCHDU: Convergence failed at  46  side 2    Res =  0.6974E+02
 MRCHDU: Convergence failed at  47  side 2    Res =  0.2202E+03
 MRCHDU: Convergence failed at  48  side 2    Res =  0.9735E+02
 MRCHDU: Convergence failed at  49  side 2    Res =  0.2166E+03
 MRCHDU: Convergence failed at  50  side 2    Res =  0.8762E+03
 MRCHDU: Convergence failed at  51  side 2    Res =  0.2405E+03
 MRCHDU: Convergence failed at  52  side 2    Res =  0.1137E+04
 MRCHDU: Convergence failed at  53  side 2    Res =  0.6302E+03
 MRCHDU: Convergence failed at  54  side 2    Res =  0.4354E+03
 MRCHDU: Convergence failed at  55  side 2    Res =  0.2157E+03
 MRCHDU: Convergence failed at  56  side 2    Res =  0.1070E+03
 MRCHDU: Convergence failed at  57  side 2    Res =  0.1330E+03
 MRCHDU: Convergence failed at  58  side 2    Res =  0.1984E+03
 MRCHDU: Convergence failed at  59  side 2    Res =  0.1152E+04
 MRCHDU: Convergence failed at  60  side 2    Res =  0.1894E+03
 MRCHDU: Convergence failed at  61  side 2    Res =  0.1826E+03
 MRCHDU: Convergence failed at  62  side 2    Res =  0.4803E+03
 MRCHDU: Convergence failed at  63  side 2    Res =  0.1177E+03
 MRCHDU: Convergence failed at  64  side 2    Res =  0.2015E+03
 MRCHDU: Convergence failed at  65  side 2    Res =  0.7281E+02
 MRCHDU: Convergence failed at  66  side 2    Res =  0.1547E+03
 MRCHDU: Convergence failed at  67  side 2    Res =  0.1509E+03
 MRCHDU: Convergence failed at  68  side 2    Res =  0.1364E+03
 MRCHDU: Convergence failed at  69  side 2    Res =  0.1650E+03
 MRCHDU: Convergence failed at  70  side 2    Res =  0.8179E+02
 MRCHDU: Convergence failed at  71  side 2    Res =  0.1302E+03
 MRCHDU: Convergence failed at  72  side 2    Res =  0.9055E+02
 MRCHDU: Convergence failed at  73  side 2    Res =  0.2785E+03
 MRCHDU: Convergence failed at  74  side 2    Res =  0.1244E+03
 MRCHDU: Convergence failed at  75  side 2    Res =  0.3531E+02
 MRCHDU: Convergence failed at  76  side 2    Res =  0.5221E+02
 MRCHDU: Convergence failed at  77  side 2    Res =  0.9987E+02
 MRCHDU: Convergence failed at  78  side 2    Res =  0.7958E+00
 Side 1  free  transition at x/c =  0.5299   43
 Side 2  free  transition at x/c =  0.0426   17

  40   rms: 0.7924E+00   max: -.2930E+01   T at    2  2   RLX: 0.171
       a = -1.000      CL = -0.8336
      Cm =  0.2353     CD =  0.01410   =>   CDf =  0.00309    CDp =  0.01101

 Side 1  free  transition at x/c =  0.5279   44
 Side 2  free  transition at x/c =  0.0287   15

  41   rms: 0.8802E+00   max: -.3565E+01   T at  104  2   RLX: 0.140
       a = -1.000      CL = -0.4362
      Cm =  0.1245     CD =  0.09290   =>   CDf =  0.00316    CDp =  0.08974

 Side 1  free  transition at x/c =  0.5245   44
 Side 2  free  transition at x/c =  0.0291   15

  42   rms: 0.7741E+00   max: -.3709E+01   T at  104  2   RLX: 0.135
       a = -1.000      CL = -0.3225
      Cm =  0.0985     CD =  0.10289   =>   CDf =  0.00317    CDp =  0.09972

 Side 1  free  transition at x/c =  0.5220   44
 Side 2  free  transition at x/c =  0.0293   15

  43   rms: 0.6868E+00   max: -.3582E+01   T at  104  2   RLX: 0.140
       a = -1.000      CL = -0.2252
      Cm =  0.0759     CD =  0.12023   =>   CDf =  0.00318    CDp =  0.11705

 Side 1  free  transition at x/c =  0.5200   44
 Side 2  free  transition at x/c =  0.0297   15

  44   rms: 0.7496E+00   max: 0.7221E+01   C at  105  2   RLX: 0.179
       a = -1.000      CL = -0.1264
      Cm =  0.0526     CD =  0.25453   =>   CDf =  0.00325    CDp =  0.25128

 Side 1  free  transition at x/c =  0.5180   44
 Side 2  free  transition at x/c =  0.0296   14

  45   rms: 0.5011E+00   max: 0.3243E+01   T at   84  2   RLX: 0.233
       a = -1.000      CL = -0.0472
      Cm =  0.0315     CD =  0.08461   =>   CDf =  0.00318    CDp =  0.08142

 Side 1  free  transition at x/c =  0.5175   44
 Side 2  free  transition at x/c =  0.0265   14

  46   rms: 0.4731E+00   max: 0.3860E+01   T at   84  2   RLX: 0.171
       a = -1.000      CL = -0.0126
      Cm =  0.0206     CD =  0.07722   =>   CDf =  0.00317    CDp =  0.07405

 Side 1  free  transition at x/c =  0.5176   44
 Side 2  free  transition at x/c =  0.0254   14

  47   rms: 0.5614E+00   max: -.5655E+01   C at  103  2   RLX: 0.088
       a = -1.000      CL =  0.0064
      Cm =  0.0142     CD =  0.07628   =>   CDf =  0.00311    CDp =  0.07317

 Side 1  free  transition at x/c =  0.5177   43
 Side 2  free  transition at x/c =  0.0250   15

  48   rms: 0.8004E+01   max: 0.1403E+03   D at    2  2   RLX: 0.008
       a = -1.000      CL =  0.0092
      Cm =  0.0131     CD =  0.07933   =>   CDf =  0.00315    CDp =  0.07617

 Side 1  free  transition at x/c =  0.5177   43
 Side 2  free  transition at x/c =  0.0250   15

  49   rms: 0.9588E+00   max: -.1276E+02   C at  104  2   RLX: 0.039
       a = -1.000      CL =  0.0147
      Cm =  0.0112     CD =  0.07448   =>   CDf =  0.00315    CDp =  0.07133

 Side 1  free  transition at x/c =  0.5178   43
 Side 2  free  transition at x/c =  0.0249   15

  50   rms: 0.1500E+01   max: -.2043E+02   C at  104  2   RLX: 0.024
       a = -1.000      CL =  0.0188
      Cm =  0.0097     CD =  0.07323   =>   CDf =  0.00315    CDp =  0.07008

 Side 1  free  transition at x/c =  0.5178   43
 Side 2  free  transition at x/c =  0.0248   15

  51   rms: 0.2204E+01   max: -.3002E+02   C at  104  2   RLX: 0.017
       a = -1.000      CL =  0.0215
      Cm =  0.0087     CD =  0.07233   =>   CDf =  0.00315    CDp =  0.06918

 Side 1  free  transition at x/c =  0.5178   43
 Side 2  free  transition at x/c =  0.0248   15

  52   rms: 0.2984E+01   max: -.4054E+02   C at  104  2   RLX: 0.012
       a = -1.000      CL =  0.0234
      Cm =  0.0080     CD =  0.07170   =>   CDf =  0.00315    CDp =  0.06856

 Side 1  free  transition at x/c =  0.5178   43
 Side 2  free  transition at x/c =  0.0247   15

  53   rms: 0.3609E+01   max: -.4897E+02   C at  105  2   RLX: 0.010
       a = -1.000      CL =  0.0250
      Cm =  0.0075     CD =  0.07121   =>   CDf =  0.00315    CDp =  0.06806

 Side 1  free  transition at x/c =  0.5178   43
 Side 2  free  transition at x/c =  0.0247   15

  54   rms: 0.4471E+01   max: -.6075E+02   C at  105  2   RLX: 0.008
       a = -1.000      CL =  0.0262
      Cm =  0.0070     CD =  0.07082   =>   CDf =  0.00315    CDp =  0.06768

 Side 1  free  transition at x/c =  0.5178   43
 Side 2  free  transition at x/c =  0.0247   15

  55   rms: 0.5452E+01   max: -.7412E+02   C at  105  2   RLX: 0.007
       a = -1.000      CL =  0.0272
      Cm =  0.0067     CD =  0.07052   =>   CDf =  0.00315    CDp =  0.06738

 Side 1  free  transition at x/c =  0.5178   43
 Side 2  free  transition at x/c =  0.0247   15

  56   rms: 0.6544E+01   max: -.8900E+02   C at  105  2   RLX: 0.006
       a = -1.000      CL =  0.0280
      Cm =  0.0064     CD =  0.07027   =>   CDf =  0.00315    CDp =  0.06712

 Side 1  free  transition at x/c =  0.5178   43
 Side 2  free  transition at x/c =  0.0247   15

  57   rms: 0.7577E+01   max: -.1031E+03   C at  105  2   RLX: 0.005
       a = -1.000      CL =  0.0287
      Cm =  0.0061     CD =  0.07001   =>   CDf =  0.00315    CDp =  0.06686

 Side 1  free  transition at x/c =  0.5178   43
 Side 2  free  transition at x/c =  0.0247   15

  58   rms: 0.8840E+01   max: -.1202E+03   C at  105  2   RLX: 0.004
       a = -1.000      CL =  0.0293
      Cm =  0.0059     CD =  0.06980   =>   CDf =  0.00314    CDp =  0.06666

 Side 1  free  transition at x/c =  0.5178   43
 Side 2  free  transition at x/c =  0.0246   15

  59   rms: 0.1008E+02   max: -.1371E+03   C at  105  2   RLX: 0.004
       a = -1.000      CL =  0.0298
      Cm =  0.0057     CD =  0.06962   =>   CDf =  0.00314    CDp =  0.06647

 Side 1  free  transition at x/c =  0.5178   43
 Side 2  free  transition at x/c =  0.0246   15

  60   rms: 0.1151E+02   max: -.1566E+03   C at  105  2   RLX: 0.003
       a = -1.000      CL =  0.0302
      Cm =  0.0055     CD =  0.06946   =>   CDf =  0.00314    CDp =  0.06632

 Side 1  free  transition at x/c =  0.5178   43
 Side 2  free  transition at x/c =  0.0246   15

  61   rms: 0.1304E+02   max: -.1774E+03   C at  105  2   RLX: 0.003
       a = -1.000      CL =  0.0306
      Cm =  0.0054     CD =  0.06932   =>   CDf =  0.00314    CDp =  0.06617

 Side 1  free  transition at x/c =  0.5178   43
 Side 2  free  transition at x/c =  0.0246   15

  62   rms: 0.1465E+02   max: -.1994E+03   C at  105  2   RLX: 0.003
       a = -1.000      CL =  0.0309
      Cm =  0.0053     CD =  0.06919   =>   CDf =  0.00314    CDp =  0.06605

 Side 1  free  transition at x/c =  0.5178   43
 Side 2  free  transition at x/c =  0.0246   15

  63   rms: 0.1636E+02   max: -.2226E+03   C at  105  2   RLX: 0.002
       a = -1.000      CL =  0.0312
      Cm =  0.0052     CD =  0.06907   =>   CDf =  0.00314    CDp =  0.06593

 Side 1  free  transition at x/c =  0.5178   43
 Side 2  free  transition at x/c =  0.0246   15

  64   rms: 0.1816E+02   max: -.2471E+03   C at  105  2   RLX: 0.002
       a = -1.000      CL =  0.0315
      Cm =  0.0051     CD =  0.06897   =>   CDf =  0.00314    CDp =  0.06583

 Side 1  free  transition at x/c =  0.5178   43
 Side 2  free  transition at x/c =  0.0246   15

  65   rms: 0.1993E+02   max: -.2711E+03   C at  105  2   RLX: 0.002
       a = -1.000      CL =  0.0317
      Cm =  0.0050     CD =  0.06887   =>   CDf =  0.00314    CDp =  0.06573

 Side 1  free  transition at x/c =  0.5178   43
 Side 2  free  transition at x/c =  0.0246   15

  66   rms: 0.2191E+02   max: -.2981E+03   C at  105  2   RLX: 0.002
       a = -1.000      CL =  0.0319
      Cm =  0.0049     CD =  0.06878   =>   CDf =  0.00314    CDp =  0.06564

 Side 1  free  transition at x/c =  0.5178   43
 Side 2  free  transition at x/c =  0.0246   15

  67   rms: 0.2397E+02   max: -.3260E+03   C at  105  2   RLX: 0.002
       a = -1.000      CL =  0.0321
      Cm =  0.0048     CD =  0.06871   =>   CDf =  0.00314    CDp =  0.06557

 Side 1  free  transition at x/c =  0.5178   43
 Side 2  free  transition at x/c =  0.0246   15

  68   rms: 0.2592E+02   max: -.3526E+03   C at  105  2   RLX: 0.001
       a = -1.000      CL =  0.0323
      Cm =  0.0047     CD =  0.06864   =>   CDf =  0.00314    CDp =  0.06549

 Side 1  free  transition at x/c =  0.5179   43
 Side 2  free  transition at x/c =  0.0246   15

  69   rms: 0.2813E+02   max: -.3827E+03   C at  105  2   RLX: 0.001
       a = -1.000      CL =  0.0325
      Cm =  0.0047     CD =  0.06857   =>   CDf =  0.00314    CDp =  0.06543

 Side 1  free  transition at x/c =  0.5179   43
 Side 2  free  transition at x/c =  0.0246   15

  70   rms: 0.3044E+02   max: -.4141E+03   C at  105  2   RLX: 0.001
       a = -1.000      CL =  0.0326
      Cm =  0.0046     CD =  0.06851   =>   CDf =  0.00314    CDp =  0.06537

 Side 1  free  transition at x/c =  0.5179   43
 Side 2  free  transition at x/c =  0.0246   15

  71   rms: 0.3283E+02   max: -.4466E+03   C at  105  2   RLX: 0.001
       a = -1.000      CL =  0.0328
      Cm =  0.0046     CD =  0.06846   =>   CDf =  0.00314    CDp =  0.06531

 Side 1  free  transition at x/c =  0.5179   43
 Side 2  free  transition at x/c =  0.0246   15

  72   rms: 0.3532E+02   max: -.4805E+03   C at  105  2   RLX: 0.001
       a = -1.000      CL =  0.0329
      Cm =  0.0045     CD =  0.06840   =>   CDf =  0.00314    CDp =  0.06526

 MRCHDU: Convergence failed at 104  side 2    Res =  0.4094E-02
 Side 1  free  transition at x/c =  0.5179   43
 Side 2  free  transition at x/c =  0.0246   15

  73   rms: 0.3788E+02   max: -.5153E+03   C at  105  2   RLX: 0.001
       a = -1.000      CL =  0.0330
      Cm =  0.0045     CD =  0.06835   =>   CDf =  0.00314    CDp =  0.06521

 MRCHDU: Convergence failed at 104  side 2    Res =  0.5495E-01
 Side 1  free  transition at x/c =  0.5179   43
 Side 2  free  transition at x/c =  0.0246   15

  74   rms: 0.4055E+02   max: -.5517E+03   C at  105  2   RLX: 0.001
       a = -1.000      CL =  0.0331
      Cm =  0.0044     CD =  0.06831   =>   CDf =  0.00314    CDp =  0.06516

 MRCHDU: Convergence failed at 104  side 2    Res =  0.1057E+00
 Side 1  free  transition at x/c =  0.5179   43
 Side 2  free  transition at x/c =  0.0246   15

  75   rms: 0.4643E+00   max: 0.3323E+01   T at   85  2   RLX: 0.234
       a = -1.000      CL =  0.0598
      Cm = -0.0056     CD =  0.04811   =>   CDf =  0.00314    CDp =  0.04497

 Side 1  free  transition at x/c =  0.5181   43
 Side 2  free  transition at x/c =  0.0241   15

  76   rms: 0.4768E+00   max: -.3535E+01   C at  104  2   RLX: 0.141
       a = -1.000      CL =  0.0686
      Cm = -0.0127     CD =  0.04416   =>   CDf =  0.00313    CDp =  0.04103

 Side 1  free  transition at x/c =  0.5189   43
 Side 2  free  transition at x/c =  0.0238   15

  77   rms: 0.4901E+00   max: -.4774E+01   C at  104  2   RLX: 0.105
       a = -1.000      CL =  0.0725
      Cm = -0.0172     CD =  0.03833   =>   CDf =  0.00312    CDp =  0.03521

 Side 1  free  transition at x/c =  0.5189   43
 Side 2  free  transition at x/c =  0.0237   15

  78   rms: 0.6646E+00   max: -.5797E+01   C at  104  2   RLX: 0.086
       a = -1.000      CL =  0.0610
      Cm = -0.0196     CD =  0.03325   =>   CDf =  0.00312    CDp =  0.03013

 Side 1  free  transition at x/c =  0.5203   44
 Side 2  free  transition at x/c =  0.0234   15

  79   rms: 0.4302E+01   max: 0.4040E+02   T at   15  2   RLX: 0.037
       a = -1.000      CL = -0.0135
      Cm = -0.0120     CD =  0.03043   =>   CDf =  0.00302    CDp =  0.02741

 MRCHDU: Convergence failed at  16  side 2    Res =  0.3488E+03
 MRCHDU: Convergence failed at  17  side 2    Res =  0.3700E+04
 MRCHDU: Convergence failed at  18  side 2    Res =  0.1299E+03
 MRCHDU: Convergence failed at  19  side 2    Res =  0.4595E+03
 MRCHDU: Convergence failed at  20  side 2    Res =  0.6381E+02
 MRCHDU: Convergence failed at  21  side 2    Res =  0.1955E+03
 MRCHDU: Convergence failed at  22  side 2    Res =  0.8502E+02
 MRCHDU: Convergence failed at  23  side 2    Res =  0.2642E+03
 MRCHDU: Convergence failed at  24  side 2    Res =  0.8250E+02
 MRCHDU: Convergence failed at  25  side 2    Res =  0.4708E+03
 MRCHDU: Convergence failed at  26  side 2    Res =  0.1692E+03
 MRCHDU: Convergence failed at  27  side 2    Res =  0.8121E+02
 MRCHDU: Convergence failed at  28  side 2    Res =  0.1149E+03
 MRCHDU: Convergence failed at  29  side 2    Res =  0.1930E+03
 MRCHDU: Convergence failed at  30  side 2    Res =  0.5010E+03
 MRCHDU: Convergence failed at  31  side 2    Res =  0.8769E+03
 MRCHDU: Convergence failed at  32  side 2    Res =  0.2454E+03
 MRCHDU: Convergence failed at  33  side 2    Res =  0.1448E+03
 MRCHDU: Convergence failed at  34  side 2    Res =  0.1107E+03
 MRCHDU: Convergence failed at  35  side 2    Res =  0.1331E+03
 MRCHDU: Convergence failed at  36  side 2    Res =  0.1689E+03
 MRCHDU: Convergence failed at  37  side 2    Res =  0.2300E+03
 MRCHDU: Convergence failed at  38  side 2    Res =  0.3845E+03
 MRCHDU: Convergence failed at  39  side 2    Res =  0.7199E+03
 MRCHDU: Convergence failed at  40  side 2    Res =  0.3563E+04
 MRCHDU: Convergence failed at  41  side 2    Res =  0.6067E+03
 MRCHDU: Convergence failed at  42  side 2    Res =  0.3062E+03
 MRCHDU: Convergence failed at  43  side 2    Res =  0.2159E+03
 MRCHDU: Convergence failed at  44  side 2    Res =  0.3502E+03
 MRCHDU: Convergence failed at  45  side 2    Res =  0.4039E+03
 MRCHDU: Convergence failed at  46  side 2    Res =  0.5171E+03
 MRCHDU: Convergence failed at  47  side 2    Res =  0.7161E+03
 MRCHDU: Convergence failed at  48  side 2    Res =  0.2415E+04
 MRCHDU: Convergence failed at  49  side 2    Res =  0.1090E+04
 MRCHDU: Convergence failed at  50  side 2    Res =  0.9772E+03
 MRCHDU: Convergence failed at  51  side 2    Res =  0.9246E+03
 MRCHDU: Convergence failed at  52  side 2    Res =  0.1162E+04
 MRCHDU: Convergence failed at  53  side 2    Res =  0.1616E+04
 MRCHDU: Convergence failed at  54  side 2    Res =  0.1938E+03
 MRCHDU: Convergence failed at  55  side 2    Res =  0.2380E+03
 MRCHDU: Convergence failed at  56  side 2    Res =  0.2423E+03
 MRCHDU: Convergence failed at  57  side 2    Res =  0.4100E+03
 MRCHDU: Convergence failed at  58  side 2    Res =  0.3578E+03
 MRCHDU: Convergence failed at  59  side 2    Res =  0.2281E+03
 MRCHDU: Convergence failed at  60  side 2    Res =  0.2253E+03
 MRCHDU: Convergence failed at  61  side 2    Res =  0.1911E+03
 MRCHDU: Convergence failed at  62  side 2    Res =  0.1032E+03
 MRCHDU: Convergence failed at  63  side 2    Res =  0.5907E+05
 MRCHDU: Convergence failed at  64  side 2    Res =  0.9690E+03
 MRCHDU: Convergence failed at  65  side 2    Res =  0.1343E+03
 MRCHDU: Convergence failed at  66  side 2    Res =  0.1522E+04
 MRCHDU: Convergence failed at  67  side 2    Res =  0.4136E+04
 MRCHDU: Convergence failed at  68  side 2    Res =  0.2534E+03
 MRCHDU: Convergence failed at  69  side 2    Res =  0.5693E+03
 MRCHDU: Convergence failed at  70  side 2    Res =  0.1880E+04
 MRCHDU: Convergence failed at  71  side 2    Res =  0.1862E+03
 MRCHDU: Convergence failed at  72  side 2    Res =  0.1983E+03
 MRCHDU: Convergence failed at  73  side 2    Res =  0.2928E+03
 MRCHDU: Convergence failed at  74  side 2    Res =  0.2033E+03
 MRCHDU: Convergence failed at  75  side 2    Res =  0.1096E+03
 MRCHDU: Convergence failed at  76  side 2    Res =  0.2069E+03
 MRCHDU: Convergence failed at  77  side 2    Res =  0.1555E+05
 MRCHDU: Convergence failed at  78  side 2    Res =  0.2579E+03
 MRCHDU: Convergence failed at  79  side 2    Res =  0.2347E+03
 MRCHDU: Convergence failed at  80  side 2    Res =  0.4502E+04
 MRCHDU: Convergence failed at  81  side 2    Res =  0.5092E+03
 MRCHDU: Convergence failed at  82  side 2    Res =  0.7644E+02
 MRCHDU: Convergence failed at  83  side 2    Res =  0.1565E+04
 MRCHDU: Convergence failed at  84  side 2    Res =  0.7126E+02
 MRCHDU: Convergence failed at  95  side 2    Res =  0.1957E-02
 MRCHDU: Convergence failed at  97  side 2    Res =  0.1611E+01
 MRCHDU: Convergence failed at  98  side 2    Res =  0.3022E+00
 MRCHDU: Convergence failed at 106  side 2    Res =  0.2974E-02
 Side 1  free  transition at x/c =  0.5261   43
 Side 2  free  transition at x/c =  0.0227   15

  80   rms: 0.9682E+00   max: -.1023E+02   C at  105  2   RLX: 0.049
       a = -1.000      CL = -1.1417
      Cm =  0.3167     CD =  0.00517   =>   CDf =  0.00269    CDp =  0.00249

 Side 1  free  transition at x/c =  0.5260   43
 Side 2  free  transition at x/c =  0.0227   15

  81   rms: 0.2886E+01   max: 0.5054E+02   C at  105  2   RLX: 0.030
       a = -1.000      CL = -0.8300
      Cm =  0.2284     CD =  0.11406   =>   CDf =  0.00302    CDp =  0.11104

 MRCHDU: Convergence failed at 106  side 2    Res =  0.1630E-01
 Side 1  free  transition at x/c =  0.5264   43
 Side 2  free  transition at x/c =  0.0227   15

  82   rms: 0.1001E+02   max: 0.6273E+02   T at   16  2   RLX: 0.014
       a = -1.000      CL = -0.8316
      Cm =  0.2254     CD =  0.05201   =>   CDf =  0.00303    CDp =  0.04899

 Side 1  free  transition at x/c =  0.5281   43
 Side 2  free  transition at x/c =  0.0228   15

  83   rms: 0.2570E+02   max: -.2745E+03   C at  106  2   RLX: 0.002
       a = -1.000      CL = -0.8406
      Cm =  0.2290     CD =  0.05478   =>   CDf =  0.00304    CDp =  0.05174

 MRCHDU: Convergence failed at 105  side 2    Res =  0.1952E-01
 Side 1  free  transition at x/c =  0.5280   43
 Side 2  free  transition at x/c =  0.0228   15

  84   rms: 0.1142E+02   max: 0.1295E+03   T at  108  2   RLX: 0.012
       a = -1.000      CL = -0.8276
      Cm =  0.2265     CD =  0.30252   =>   CDf =  0.00304    CDp =  0.29947

 MRCHDU: Convergence failed at 104  side 2    Res =  0.2091E-01
 Side 1  free  transition at x/c =  0.5277   43
 Side 2  free  transition at x/c =  0.0228   15

  85   rms: 0.4259E+02   max: 0.4027E+03   C at  105  2   RLX: 0.004
       a = -1.000      CL = -0.8350
      Cm =  0.2253     CD =  0.37659   =>   CDf =  0.00304    CDp =  0.37355

 Side 1  free  transition at x/c =  0.5282   43
 Side 2  free  transition at x/c =  0.0228   15

  86   rms: 0.3146E+01   max: -.1872E+02   T at  104  2   RLX: 0.027
       a = -1.000      CL = -0.8109
      Cm =  0.2217     CD =  0.19641   =>   CDf =  0.00302    CDp =  0.19339

 Side 1  free  transition at x/c =  0.5277   43
 Side 2  free  transition at x/c =  0.0228   15

  87   rms: 0.6812E+01   max: 0.9203E+02   C at  105  2   RLX: 0.016
       a = -1.000      CL = -0.7953
      Cm =  0.2185     CD =  0.21633   =>   CDf =  0.00303    CDp =  0.21330

 Side 1  free  transition at x/c =  0.5274   43
 Side 2  free  transition at x/c =  0.0228   15

  88   rms: 0.2477E+01   max: -.2197E+02   T at  104  2   RLX: 0.023
       a = -1.000      CL = -0.7698
      Cm =  0.2131     CD =  0.23305   =>   CDf =  0.00303    CDp =  0.23002

 Side 1  free  transition at x/c =  0.5273   43
 Side 2  free  transition at x/c =  0.0228   15

  89   rms: 0.3892E+01   max: 0.3983E+02   C at  103  2   RLX: 0.038
       a = -1.000      CL = -0.7389
      Cm =  0.2044     CD =  0.24830   =>   CDf =  0.00304    CDp =  0.24526

 Side 1  free  transition at x/c =  0.5275   43
 Side 2  free  transition at x/c =  0.0228   15

  90   rms: 0.1724E+01   max: -.2008E+02   T at  103  2   RLX: 0.025
       a = -1.000      CL = -0.7175
      Cm =  0.1988     CD =  0.25295   =>   CDf =  0.00304    CDp =  0.24990

 Side 1  free  transition at x/c =  0.5276   43
 Side 2  free  transition at x/c =  0.0228   15

  91   rms: 0.4133E+01   max: -.4722E+02   T at  103  2   RLX: 0.011
       a = -1.000      CL = -0.7052
      Cm =  0.1965     CD =  0.31590   =>   CDf =  0.00305    CDp =  0.31285

 Side 1  free  transition at x/c =  0.5274   43
 Side 2  free  transition at x/c =  0.0228   15

  92   rms: 0.7280E+01   max: -.2869E+02   T at  104  2   RLX: 0.017
       a = -1.000      CL = -0.7007
      Cm =  0.1920     CD =  0.33114   =>   CDf =  0.00305    CDp =  0.32808

 Side 1  free  transition at x/c =  0.5285   43
 Side 2  free  transition at x/c =  0.0228   15

  93   rms: 0.3829E+01   max: -.4521E+02   T at  103  2   RLX: 0.011
       a = -1.000      CL = -0.6983
      Cm =  0.1923     CD =  0.42780   =>   CDf =  0.00305    CDp =  0.42475

 Side 1  free  transition at x/c =  0.5285   43
 Side 2  free  transition at x/c =  0.0228   15

  94   rms: 0.7152E+01   max: 0.6995E+02   T at  104  2   RLX: 0.011
       a = -1.000      CL = -0.6852
      Cm =  0.1909     CD =  0.50791   =>   CDf =  0.00306    CDp =  0.50484

 Side 1  free  transition at x/c =  0.5282   43
 Side 2  free  transition at x/c =  0.0228   15

  95   rms: 0.8541E+01   max: -.3730E+02   T at  104  2   RLX: 0.013
       a = -1.000      CL = -0.6861
      Cm =  0.1881     CD =  0.65873   =>   CDf =  0.00307    CDp =  0.65566

 Side 1  free  transition at x/c =  0.5291   43
 Side 2  free  transition at x/c =  0.0228   15

  96   rms: 0.1002E+02   max: 0.1353E+03   T at  104  2   RLX: 0.011
       a = -1.000      CL = -0.6794
      Cm =  0.1890     CD =  0.81922   =>   CDf =  0.00307    CDp =  0.81616

 Side 1  free  transition at x/c =  0.5287   43
 Side 2  free  transition at x/c =  0.0228   15

  97   rms: 0.1051E+02   max: -.3934E+02   T at  104  2   RLX: 0.013
       a = -1.000      CL = -0.6862
      Cm =  0.1872     CD =  1.12118   =>   CDf =  0.00308    CDp =  1.11810

 Side 1  free  transition at x/c =  0.5298   43
 Side 2  free  transition at x/c =  0.0228   15

  98   rms: 0.1880E+02   max: 0.2860E+03   T at  104  2   RLX: 0.005
       a = -1.000      CL = -0.6870
      Cm =  0.1898     CD =  1.54949   =>   CDf =  0.00308    CDp =  1.54641

 Side 1  free  transition at x/c =  0.5294   43
 Side 2  free  transition at x/c =  0.0228   15

  99   rms: 0.4041E+02   max: -.2335E+03   T at  104  2   RLX: 0.002
       a = -1.000      CL = -0.6966
      Cm =  0.1899     CD =  1.72837   =>   CDf =  0.00308    CDp =  1.72528

 Side 1  free  transition at x/c =  0.5302   43
 Side 2  free  transition at x/c =  0.0228   15

 100   rms: 0.1733E+02   max: -.2320E+03   T at  104  2   RLX: 0.002
       a = -1.000      CL = -0.7000
      Cm =  0.1899     CD =  1.84983   =>   CDf =  0.00308    CDp =  1.84675

 Side 1  free  transition at x/c =  0.5304   43
 Side 2  free  transition at x/c =  0.0228   15

 101   rms: 0.1517E+02   max: 0.2709E+03   T at  104  2   RLX: 0.006
       a = -1.000      CL = -0.6935
      Cm =  0.1899     CD =  1.88386   =>   CDf =  0.00308    CDp =  1.88078

 Side 1  free  transition at x/c =  0.5302   43
 Side 2  free  transition at x/c =  0.0228   15

 102   rms: 0.3568E+02   max: -.3869E+03   T at  104  2   RLX: 0.001
       a = -1.000      CL = -0.6977
      Cm =  0.1898     CD =  2.14954   =>   CDf =  0.00309    CDp =  2.14645

 Side 1  free  transition at x/c =  0.5305   43
 Side 2  free  transition at x/c =  0.0228   15

 103   rms: 0.3211E+02   max: -.5316E+03   T at  104  2   RLX: 0.001
       a = -1.000      CL = -0.6990
      Cm =  0.1894     CD =  2.26327   =>   CDf =  0.00309    CDp =  2.26018

 Side 1  free  transition at x/c =  0.5307   43
 Side 2  free  transition at x/c =  0.0228   15

 104   rms: 0.1838E+02   max: 0.3313E+03   T at  104  2   RLX: 0.005
       a = -1.000      CL = -0.6930
      Cm =  0.1896     CD =  2.19763   =>   CDf =  0.00309    CDp =  2.19454

 Side 1  free  transition at x/c =  0.5304   43
 Side 2  free  transition at x/c =  0.0228   15

 105   rms: 0.2358E+02   max: -.3175E+03   T at  104  2   RLX: 0.002
       a = -1.000      CL = -0.6963
      Cm =  0.1896     CD =  2.54287   =>   CDf =  0.00310    CDp =  2.53978

 Side 1  free  transition at x/c =  0.5307   43
 Side 2  free  transition at x/c =  0.0228   15

 106   rms: 0.1732E+02   max: -.2996E+03   T at  104  2   RLX: 0.002
       a = -1.000      CL = -0.6967
      Cm =  0.1890     CD =  2.68739   =>   CDf =  0.00310    CDp =  2.68429

 Side 1  free  transition at x/c =  0.5308   43
 Side 2  free  transition at x/c =  0.0228   15

 107   rms: 0.2061E+02   max: 0.3408E+03   T at  104  2   RLX: 0.004
       a = -1.000      CL = -0.6899
      Cm =  0.1893     CD =  2.59681   =>   CDf =  0.00310    CDp =  2.59372

 Side 1  free  transition at x/c =  0.5305   43
 Side 2  free  transition at x/c =  0.0228   15

 108   rms: 0.8491E+02   max: -.1222E+04   T at  104  2   RLX: 0.000
       a = -1.000      CL = -0.6953
      Cm =  0.1898     CD =  3.14747   =>   CDf =  0.00310    CDp =  3.14437

 Side 1  free  transition at x/c =  0.5308   43
 Side 2  free  transition at x/c =  0.0228   15

 109   rms: 0.1527E+02   max: -.2414E+03   T at  104  2   RLX: 0.002
       a = -1.000      CL = -0.6956
      Cm =  0.1892     CD =  3.28111   =>   CDf =  0.00310    CDp =  3.27801

 Side 1  free  transition at x/c =  0.5310   43
 Side 2  free  transition at x/c =  0.0228   15

 110   rms: 0.1677E+02   max: -.2240E+03   T at  104  2   RLX: 0.002
       a = -1.000      CL = -0.6958
      Cm =  0.1883     CD =  3.61737   =>   CDf =  0.00310    CDp =  3.61427

 Side 1  free  transition at x/c =  0.5312   43
 Side 2  free  transition at x/c =  0.0228   15

 111   rms: 0.1591E+02   max: 0.1286E+03   T at  104  2   RLX: 0.005
       a = -1.000      CL = -0.6883
      Cm =  0.1886     CD =  3.47919   =>   CDf =  0.00310    CDp =  3.47608

 Side 1  free  transition at x/c =  0.5308   43
 Side 2  free  transition at x/c =  0.0228   15

 112   rms: 0.4433E+02   max: -.4534E+03   T at  104  2   RLX: 0.001
       a = -1.000      CL = -0.6953
      Cm =  0.1891     CD =  4.54203   =>   CDf =  0.00311    CDp =  4.53892

 Side 1  free  transition at x/c =  0.5312   43
 Side 2  free  transition at x/c =  0.0228   15

 113   rms: 0.9980E+03   max: 0.1571E+05   C at  106  2   RLX: 0.000
       a = -1.000      CL = -0.6962
      Cm =  0.1894     CD =  5.15842   =>   CDf =  0.00311    CDp =  5.15531

 Side 1  free  transition at x/c =  0.5312   43
 Side 2  free  transition at x/c =  0.0228   15

 114   rms: 0.1713E+04   max: 0.2694E+05   C at  106  2   RLX: 0.000
       a = -1.000      CL = -0.6958
      Cm =  0.1895     CD =  5.18453   =>   CDf =  0.00311    CDp =  5.18142

 Side 1  free  transition at x/c =  0.5311   43
 Side 2  free  transition at x/c =  0.0228   15

 115   rms: 0.1522E+02   max: -.1160E+03   T at  104  2   RLX: 0.004
       a = -1.000      CL = -0.6958
      Cm =  0.1878     CD =  5.19001   =>   CDf =  0.00311    CDp =  5.18691

 Side 1  free  transition at x/c =  0.5316   43
 Side 2  free  transition at x/c =  0.0228   15

 116   rms: 0.1573E+02   max: -.1185E+03   T at  105  2   RLX: 0.004
       a = -1.000      CL = -0.6912
      Cm =  0.1884     CD =  5.84852   =>   CDf =  0.00311    CDp =  5.84541

 Side 1  free  transition at x/c =  0.5313   43
 Side 2  free  transition at x/c =  0.0228   15

 117   rms: 0.1811E+02   max: 0.1176E+03   T at  105  2   RLX: 0.005
       a = -1.000      CL = -0.6952
      Cm =  0.1872     CD =  6.97081   =>   CDf =  0.00311    CDp =  6.96769

 Side 1  free  transition at x/c =  0.5319   43
 Side 2  free  transition at x/c =  0.0228   15

 118   rms: 0.2543E+03   max: 0.4002E+04   C at  106  2   RLX: 0.000
       a = -1.000      CL = -0.6980
      Cm =  0.1880     CD =  9.79557   =>   CDf =  0.00311    CDp =  9.79245

 Side 1  free  transition at x/c =  0.5319   43
 Side 2  free  transition at x/c =  0.0228   15

 119   rms: 0.2345E+02   max: 0.3052E+03   C at  106  2   RLX: 0.004
       a = -1.000      CL = -0.6924
      Cm =  0.1880     CD =  9.07322   =>   CDf =  0.00311    CDp =  9.07010

 Side 1  free  transition at x/c =  0.5316   43
 Side 2  free  transition at x/c =  0.0228   15

 120   rms: 0.1526E+02   max: 0.1358E+03   T at  105  2   RLX: 0.007
       a = -1.000      CL = -0.6940
      Cm =  0.1854     CD = 10.38223   =>   CDf =  0.00312    CDp = 10.37911

 MRCHDU: Convergence failed at  16  side 2    Res =  0.1457E-02
 Side 1  free  transition at x/c =  0.5324   43
 Side 2  free  transition at x/c =  0.0229   15

 121   rms: 0.1787E+02   max: 0.2518E+03   C at  106  2   RLX: 0.006
       a = -1.000      CL = -0.6948
      Cm =  0.1869     CD = 15.26954   =>   CDf =  0.00312    CDp = 15.26642

 Side 1  free  transition at x/c =  0.5323   43
 Side 2  free  transition at x/c =  0.0228   15

 122   rms: 0.1407E+02   max: -.2003E+03   T at  105  2   RLX: 0.002
       a = -1.000      CL = -0.6909
      Cm =  0.1866     CD = 17.16326   =>   CDf =  0.00312    CDp = 17.16013

 Side 1  free  transition at x/c =  0.5322   43
 Side 2  free  transition at x/c =  0.0228   15

 123   rms: 0.8391E+02   max: -.1256E+04   T at  105  2   RLX: 0.000
       a = -1.000      CL = -0.6896
      Cm =  0.1871     CD = 18.66511   =>   CDf =  0.00313    CDp = 18.66199

 Side 1  free  transition at x/c =  0.5320   43
 Side 2  free  transition at x/c =  0.0228   15

 124   rms: 0.1872E+03   max: -.4251E+04   T at  105  2   RLX: 0.000
       a = -1.000      CL = -0.6906
      Cm =  0.1871     CD = 32.76082   =>   CDf =  0.00313    CDp = 32.75769

 Side 1  free  transition at x/c =  0.5321   43
 Side 2  free  transition at x/c =  0.0228   15

 125   rms: 0.2138E+03   max: -.5084E+04   T at  105  2   RLX: 0.000
       a = -1.000      CL = -0.6910
      Cm =  0.1869     CD = 33.71100   =>   CDf =  0.00313    CDp = 33.70787

 Side 1  free  transition at x/c =  0.5321   43
 Side 2  free  transition at x/c =  0.0228   15

 126   rms: 0.1007E+03   max: -.2288E+04   T at  105  2   RLX: 0.000
       a = -1.000      CL = -0.6913
      Cm =  0.1868     CD = 34.94482   =>   CDf =  0.00313    CDp = 34.94170

 Side 1  free  transition at x/c =  0.5322   43
 Side 2  free  transition at x/c =  0.0228   15

 127   rms: 0.2879E+03   max: -.5775E+04   T at  105  2   RLX: 0.000
       a = -1.000      CL = -0.6919
      Cm =  0.1866     CD = 37.17244   =>   CDf =  0.00313    CDp = 37.16931

 Side 1  free  transition at x/c =  0.5323   43
 Side 2  free  transition at x/c =  0.0228   15

 128   rms: 0.2729E+02   max: 0.4257E+03   T at  105  2   RLX: 0.004
       a = -1.000      CL = -0.6861
      Cm =  0.1867     CD = 38.59975   =>   CDf =  0.00313    CDp = 38.59662

 Side 1  free  transition at x/c =  0.5320   43
 Side 2  free  transition at x/c =  0.0228   15

 129   rms: 0.6365E+02   max: -.3252E+03   C at  106  2   RLX: 0.002
       a = -1.000      CL = -0.6927
      Cm =  0.1860     CD = 14.30667   =>   CDf =  0.00313    CDp = 14.30354

 MRCHDU: Convergence failed at  16  side 2    Res =  0.1353E-03
 Side 1  free  transition at x/c =  0.5326   43
 Side 2  free  transition at x/c =  0.0228   15

 130   rms: 0.1997E+02   max: -.3676E+03   T at  105  2   RLX: 0.001
       a = -1.000      CL = -0.6940
      Cm =  0.1869     CD = 35.02150   =>   CDf =  0.00313    CDp = 35.01837

 Side 1  free  transition at x/c =  0.5326   43
 Side 2  free  transition at x/c =  0.0228   15

 131   rms: 0.2411E+02   max: 0.2489E+03   T at  105  2   RLX: 0.006
       a = -1.000      CL = -0.6829
      Cm =  0.1871     CD = 39.46589   =>   CDf =  0.00313    CDp = 39.46276

 Side 1  free  transition at x/c =  0.5320   43
 Side 2  free  transition at x/c =  0.0228   15

 132   rms: 0.5350E+01   max: -.1036E+03   T at  105  2   RLX: 0.005
       a = -1.000      CL = -0.6881
      Cm =  0.1885     CD = 16.42219   =>   CDf =  0.00314    CDp = 16.41906

 Side 1  free  transition at x/c =  0.5320   43
 Side 2  free  transition at x/c =  0.0228   15

 133   rms: 0.4755E+01   max: -.6371E+02   T at  105  2   RLX: 0.008
       a = -1.000      CL = -0.6826
      Cm =  0.1868     CD = 19.18123   =>   CDf =  0.00314    CDp = 19.17810

 Side 1  free  transition at x/c =  0.5320   43
 Side 2  free  transition at x/c =  0.0228   15

 134   rms: 0.3519E+01   max: -.5739E+02   T at  102  2   RLX: 0.009
       a = -1.000      CL = -0.6757
      Cm =  0.1851     CD = 29.28843   =>   CDf =  0.00314    CDp = 29.28529

 Side 1  free  transition at x/c =  0.5319   43
 Side 2  free  transition at x/c =  0.0228   15

 135   rms: 0.3647E+01   max: -.5601E+02   T at  102  2   RLX: 0.009
       a = -1.000      CL = -0.6688
      Cm =  0.1832     CD = 34.09441   =>   CDf =  0.00314    CDp = 34.09128

 Side 1  free  transition at x/c =  0.5319   43
 Side 2  free  transition at x/c =  0.0228   15

 136   rms: 0.3779E+01   max: -.4716E+02   T at  102  2   RLX: 0.011
       a = -1.000      CL = -0.6609
      Cm =  0.1810     CD = 38.98657   =>   CDf =  0.00313    CDp = 38.98343

 Side 1  free  transition at x/c =  0.5318   43
 Side 2  free  transition at x/c =  0.0228   15

 137   rms: 0.5579E+01   max: -.2953E+02   T at  102  2   RLX: 0.017
       a = -1.000      CL = -0.6527
      Cm =  0.1770     CD = 47.43092   =>   CDf =  0.00313    CDp = 47.42779

 MRCHDU: Convergence failed at  16  side 2    Res =  0.2488E-03
 Side 1  free  transition at x/c =  0.5322   43
 Side 2  free  transition at x/c =  0.0228   15

 138   rms: 0.4808E+02   max: -.2757E+03   T at  105  2   RLX: 0.002
       a = -1.000      CL = -0.6580
      Cm =  0.1760     CD = 78.99348   =>   CDf =  0.00313    CDp = 78.99035

 MRCHDU: Convergence failed at  16  side 2    Res =  0.3417E-02
 Side 1  free  transition at x/c =  0.5327   43
 Side 2  free  transition at x/c =  0.0229   15

 139   rms: 0.5538E+01   max: -.2633E+02   T at  102  2   RLX: 0.019
       a = -1.000      CL = -0.6488
      Cm =  0.1766     CD = 91.40381   =>   CDf =  0.00313    CDp = 91.40067

 Side 1  free  transition at x/c =  0.5323   43
 Side 2  free  transition at x/c =  0.0228   15

 140   rms: 0.3783E+02   max: 0.2060E+03   T at   84  2   RLX: 0.004
       a = -1.000      CL = -0.6547
      Cm =  0.1741     CD =161.78328   =>   CDf =  0.00313    CDp =161.78015

 Side 1  free  transition at x/c =  0.5331   43
 Side 2  free  transition at x/c =  0.0227   15

 141   rms: 0.8561E+01   max: 0.3335E+02   T at   16  2   RLX: 0.017
       a = -1.000      CL = -0.3531
      Cm =  0.0694     CD =137.60031   =>   CDf =  0.00313    CDp =137.59718

 MRCHDU: Convergence failed at  16  side 2    Res =  0.4385E+01
 MRCHDU: Convergence failed at  17  side 2    Res =  0.1891E+02
 MRCHDU: Convergence failed at  18  side 2    Res =  0.4743E+02
 MRCHDU: Convergence failed at  19  side 2    Res =  0.9543E+02
 MRCHDU: Convergence failed at  20  side 2    Res =  0.2827E+02
 MRCHDU: Convergence failed at  21  side 2    Res =  0.1779E+02
 MRCHDU: Convergence failed at  22  side 2    Res =  0.5786E+01
 MRCHDU: Convergence failed at  23  side 2    Res =  0.7352E+01
 MRCHDU: Convergence failed at  24  side 2    Res =  0.9665E+01
 MRCHDU: Convergence failed at  25  side 2    Res =  0.1464E+02
 MRCHDU: Convergence failed at  26  side 2    Res =  0.2103E+02
 MRCHDU: Convergence failed at  27  side 2    Res =  0.3813E+02
 MRCHDU: Convergence failed at  28  side 2    Res =  0.2639E+03
 MRCHDU: Convergence failed at  29  side 2    Res =  0.5094E+02
 MRCHDU: Convergence failed at  30  side 2    Res =  0.2701E+02
 MRCHDU: Convergence failed at  31  side 2    Res =  0.1809E+02
 MRCHDU: Convergence failed at  32  side 2    Res =  0.1471E+02
 MRCHDU: Convergence failed at  33  side 2    Res =  0.1206E+02
 MRCHDU: Convergence failed at  34  side 2    Res =  0.6669E+01
 MRCHDU: Convergence failed at  35  side 2    Res =  0.7693E+01
 MRCHDU: Convergence failed at  36  side 2    Res =  0.9719E+01
 MRCHDU: Convergence failed at  37  side 2    Res =  0.1158E+02
 MRCHDU: Convergence failed at  38  side 2    Res =  0.1430E+02
 MRCHDU: Convergence failed at  39  side 2    Res =  0.2140E+02
 MRCHDU: Convergence failed at  40  side 2    Res =  0.2689E+02
 MRCHDU: Convergence failed at  41  side 2    Res =  0.8167E+02
 MRCHDU: Convergence failed at  42  side 2    Res =  0.1084E+03
 MRCHDU: Convergence failed at  43  side 2    Res =  0.5047E+02
 MRCHDU: Convergence failed at  44  side 2    Res =  0.2495E+02
 MRCHDU: Convergence failed at  45  side 2    Res =  0.1799E+02
 MRCHDU: Convergence failed at  46  side 2    Res =  0.1433E+02
 MRCHDU: Convergence failed at  47  side 2    Res =  0.6992E+01
 MRCHDU: Convergence failed at  48  side 2    Res =  0.7223E+01
 MRCHDU: Convergence failed at  49  side 2    Res =  0.8879E+01
 MRCHDU: Convergence failed at  50  side 2    Res =  0.1038E+02
 MRCHDU: Convergence failed at  51  side 2    Res =  0.1267E+02
 MRCHDU: Convergence failed at  52  side 2    Res =  0.1867E+02
 MRCHDU: Convergence failed at  53  side 2    Res =  0.3014E+02
 MRCHDU: Convergence failed at  54  side 2    Res =  0.1196E+03
 MRCHDU: Convergence failed at  55  side 2    Res =  0.8887E+02
 MRCHDU: Convergence failed at  56  side 2    Res =  0.3237E+02
 MRCHDU: Convergence failed at  57  side 2    Res =  0.1945E+02
 MRCHDU: Convergence failed at  58  side 2    Res =  0.1294E+02
 MRCHDU: Convergence failed at  59  side 2    Res =  0.7352E+01
 MRCHDU: Convergence failed at  60  side 2    Res =  0.8407E+01
 MRCHDU: Convergence failed at  61  side 2    Res =  0.1079E+02
 MRCHDU: Convergence failed at  62  side 2    Res =  0.1266E+02
 MRCHDU: Convergence failed at  63  side 2    Res =  0.2185E+02
 MRCHDU: Convergence failed at  64  side 2    Res =  0.4279E+02
 MRCHDU: Convergence failed at  65  side 2    Res =  0.1812E+03
 MRCHDU: Convergence failed at  66  side 2    Res =  0.3064E+02
 MRCHDU: Convergence failed at  67  side 2    Res =  0.1557E+02
 MRCHDU: Convergence failed at  68  side 2    Res =  0.1001E+02
 MRCHDU: Convergence failed at  69  side 2    Res =  0.7289E+01
 MRCHDU: Convergence failed at  70  side 2    Res =  0.9372E+01
 MRCHDU: Convergence failed at  71  side 2    Res =  0.1475E+02
 MRCHDU: Convergence failed at  72  side 2    Res =  0.2557E+02
 MRCHDU: Convergence failed at  73  side 2    Res =  0.9118E+03
 MRCHDU: Convergence failed at  74  side 2    Res =  0.1695E+02
 MRCHDU: Convergence failed at  75  side 2    Res =  0.7117E+01
 MRCHDU: Convergence failed at  76  side 2    Res =  0.4050E+01
 MRCHDU: Convergence failed at  77  side 2    Res =  0.3651E+01
 MRCHDU: Convergence failed at  78  side 2    Res =  0.2452E+01
 MRCHDU: Convergence failed at  85  side 2    Res =  0.2424E+02
 MRCHDU: Convergence failed at  98  side 2    Res =  0.3914E+01
 Side 1  free  transition at x/c =  0.5366   44
 Side 2  free  transition at x/c =  0.0252   16

 142   rms: 0.1625E+01   max: 0.6255E+01   D at   87  2   RLX: 0.202
       a = -1.000      CL = -1.4345
      Cm =  0.3793     CD = 83.39934   =>   CDf =  0.00279    CDp = 83.39655

 MRCHDU: Convergence failed at  18  side 2    Res =  0.1527E+00
 MRCHDU: Convergence failed at  19  side 2    Res =  0.1271E+00
 MRCHDU: Convergence failed at  29  side 2    Res =  0.2052E+00
 MRCHDU: Convergence failed at  30  side 2    Res =  0.1887E+00
 MRCHDU: Convergence failed at  31  side 2    Res =  0.1766E+00
 MRCHDU: Convergence failed at  32  side 2    Res =  0.1777E+00
 MRCHDU: Convergence failed at  33  side 2    Res =  0.1862E+00
 MRCHDU: Convergence failed at  34  side 2    Res =  0.1973E+00
 MRCHDU: Convergence failed at  35  side 2    Res =  0.2116E+00
 MRCHDU: Convergence failed at  36  side 2    Res =  0.2268E+00
 MRCHDU: Convergence failed at  37  side 2    Res =  0.2427E+00
 MRCHDU: Convergence failed at  38  side 2    Res =  0.2612E+00
 MRCHDU: Convergence failed at  39  side 2    Res =  0.2808E+00
 MRCHDU: Convergence failed at  40  side 2    Res =  0.3011E+00
 MRCHDU: Convergence failed at  41  side 2    Res =  0.3214E+00
 MRCHDU: Convergence failed at  42  side 2    Res =  0.3417E+00
 MRCHDU: Convergence failed at  43  side 2    Res =  0.3621E+00
 MRCHDU: Convergence failed at  44  side 2    Res =  0.3823E+00
 MRCHDU: Convergence failed at  45  side 2    Res =  0.4022E+00
 MRCHDU: Convergence failed at  46  side 2    Res =  0.4218E+00
 MRCHDU: Convergence failed at  47  side 2    Res =  0.4405E+00
 MRCHDU: Convergence failed at  48  side 2    Res =  0.4585E+00
 MRCHDU: Convergence failed at  49  side 2    Res =  0.4757E+00
 MRCHDU: Convergence failed at  50  side 2    Res =  0.4919E+00
 MRCHDU: Convergence failed at  51  side 2    Res =  0.5074E+00
 MRCHDU: Convergence failed at  52  side 2    Res =  0.5214E+00
 MRCHDU: Convergence failed at  53  side 2    Res =  0.5355E+00
 MRCHDU: Convergence failed at  54  side 2    Res =  0.5493E+00
 MRCHDU: Convergence failed at  55  side 2    Res =  0.5629E+00
 MRCHDU: Convergence failed at  56  side 2    Res =  0.5761E+00
 MRCHDU: Convergence failed at  57  side 2    Res =  0.5893E+00
 MRCHDU: Convergence failed at  58  side 2    Res =  0.6022E+00
 MRCHDU: Convergence failed at  59  side 2    Res =  0.6144E+00
 MRCHDU: Convergence failed at  60  side 2    Res =  0.6263E+00
 MRCHDU: Convergence failed at  61  side 2    Res =  0.6375E+00
 MRCHDU: Convergence failed at  62  side 2    Res =  0.6480E+00
 MRCHDU: Convergence failed at  63  side 2    Res =  0.6574E+00
 MRCHDU: Convergence failed at  64  side 2    Res =  0.6657E+00
 MRCHDU: Convergence failed at  65  side 2    Res =  0.6731E+00
 MRCHDU: Convergence failed at  66  side 2    Res =  0.6794E+00
 MRCHDU: Convergence failed at  67  side 2    Res =  0.6847E+00
 MRCHDU: Convergence failed at  68  side 2    Res =  0.6892E+00
 MRCHDU: Convergence failed at  69  side 2    Res =  0.6927E+00
 MRCHDU: Convergence failed at  70  side 2    Res =  0.6953E+00
 MRCHDU: Convergence failed at  71  side 2    Res =  0.6967E+00
 MRCHDU: Convergence failed at  72  side 2    Res =  0.6966E+00
 MRCHDU: Convergence failed at  73  side 2    Res =  0.6945E+00
 MRCHDU: Convergence failed at  74  side 2    Res =  0.6897E+00
 MRCHDU: Convergence failed at  75  side 2    Res =  0.6817E+00
 MRCHDU: Convergence failed at  76  side 2    Res =  0.6693E+00
 MRCHDU: Convergence failed at  77  side 2    Res =  0.6512E+00
 MRCHDU: Convergence failed at  78  side 2    Res =  0.6260E+00
 MRCHDU: Convergence failed at  79  side 2    Res =  0.4592E+00
 Side 1  free  transition at x/c =  0.5336   44
 Side 2  free  transition at x/c =  0.0269   16

 143   rms: 0.9291E+00   max: 0.4017E+01   D at   15  2   RLX: 0.249
       a = -1.000      CL = -0.5866
      Cm =  0.1146     CD = 68.61341   =>   CDf =  0.00345    CDp = 68.60995

 MRCHDU: Convergence failed at  72  side 2    Res =  0.3767E+00
 MRCHDU: Convergence failed at  73  side 2    Res =  0.5668E+02
 MRCHDU: Convergence failed at  74  side 2    Res =  0.1987E+01
 MRCHDU: Convergence failed at  77  side 2    Res =  0.4087E+01
 Side 1  free  transition at x/c =  0.5365   44
 Side 2  free  transition at x/c =  0.0265   16

 144   rms: 0.6923E+00   max: -.2705E+01   D at   46  2   RLX: 0.185
       a = -1.000      CL = -0.3395
      Cm =  0.0618     CD = 81.64590   =>   CDf =  0.00503    CDp = 81.64087

 MRCHDU: Convergence failed at  46  side 2    Res =  0.4147E-01
 MRCHDU: Convergence failed at  47  side 2    Res =  0.5839E-04
 Side 1  free  transition at x/c =  0.5350   44
 Side 2  free  transition at x/c =  0.0283   16

 145   rms: 0.5341E+00   max: 0.3237E+01   T at  104  2   RLX: 0.313
       a = -1.000      CL = -0.1613
      Cm =  0.0325     CD = 82.99662   =>   CDf =  0.00513    CDp = 82.99148

 MRCHDU: Convergence failed at  22  side 2    Res =  0.1124E+03
 MRCHDU: Convergence failed at  23  side 2    Res =  0.1832E+03
 MRCHDU: Convergence failed at  24  side 2    Res =  0.1346E+03
 MRCHDU: Convergence failed at  25  side 2    Res =  0.1423E+03
 MRCHDU: Convergence failed at  26  side 2    Res =  0.2028E+03
 MRCHDU: Convergence failed at  27  side 2    Res =  0.3704E+03
 MRCHDU: Convergence failed at  28  side 2    Res =  0.4910E+03
 MRCHDU: Convergence failed at  29  side 2    Res =  0.1580E+04
 MRCHDU: Convergence failed at  30  side 2    Res =  0.1320E+04
 MRCHDU: Convergence failed at  31  side 2    Res =  0.4690E+03
 MRCHDU: Convergence failed at  32  side 2    Res =  0.3307E+03
 MRCHDU: Convergence failed at  33  side 2    Res =  0.1952E+03
 MRCHDU: Convergence failed at  34  side 2    Res =  0.1740E+03
 MRCHDU: Convergence failed at  35  side 2    Res =  0.1469E+03
 MRCHDU: Convergence failed at  36  side 2    Res =  0.1425E+03
 MRCHDU: Convergence failed at  37  side 2    Res =  0.1363E+03
 MRCHDU: Convergence failed at  38  side 2    Res =  0.1323E+03
 MRCHDU: Convergence failed at  39  side 2    Res =  0.1459E+03
 MRCHDU: Convergence failed at  40  side 2    Res =  0.1761E+03
 MRCHDU: Convergence failed at  41  side 2    Res =  0.1833E+03
 MRCHDU: Convergence failed at  42  side 2    Res =  0.1905E+03
 MRCHDU: Convergence failed at  43  side 2    Res =  0.1980E+03
 MRCHDU: Convergence failed at  44  side 2    Res =  0.4690E+03
 MRCHDU: Convergence failed at  45  side 2    Res =  0.5070E+03
 MRCHDU: Convergence failed at  46  side 2    Res =  0.2193E+03
 MRCHDU: Convergence failed at  47  side 2    Res =  0.1822E+03
 MRCHDU: Convergence failed at  48  side 2    Res =  0.4324E+03
 MRCHDU: Convergence failed at  49  side 2    Res =  0.9084E+03
 MRCHDU: Convergence failed at  50  side 2    Res =  0.1049E+04
 MRCHDU: Convergence failed at  51  side 2    Res =  0.1505E+04
 MRCHDU: Convergence failed at  52  side 2    Res =  0.4329E+04
 MRCHDU: Convergence failed at  53  side 2    Res =  0.1933E+04
 MRCHDU: Convergence failed at  54  side 2    Res =  0.1138E+04
 MRCHDU: Convergence failed at  55  side 2    Res =  0.7149E+03
 MRCHDU: Convergence failed at  56  side 2    Res =  0.4687E+03
 MRCHDU: Convergence failed at  57  side 2    Res =  0.2475E+04
 MRCHDU: Convergence failed at  58  side 2    Res =  0.1298E+06
 MRCHDU: Convergence failed at  59  side 2    Res =  0.3774E+05
 MRCHDU: Convergence failed at  60  side 2    Res =  0.3595E+04
 MRCHDU: Convergence failed at  61  side 2    Res =  0.2199E+04
 MRCHDU: Convergence failed at  62  side 2    Res =  0.1721E+04
 MRCHDU: Convergence failed at  63  side 2    Res =  0.1444E+04
 MRCHDU: Convergence failed at  64  side 2    Res =  0.1241E+04
 MRCHDU: Convergence failed at  65  side 2    Res =  0.1438E+03
 MRCHDU: Convergence failed at  66  side 2    Res =  0.1261E+03
 MRCHDU: Convergence failed at  67  side 2    Res =  0.1065E+03
 MRCHDU: Convergence failed at  68  side 2    Res =  0.3955E+03
 MRCHDU: Convergence failed at  69  side 2    Res =  0.3336E+03
 MRCHDU: Convergence failed at  70  side 2    Res =  0.2840E+03
 MRCHDU: Convergence failed at  71  side 2    Res =  0.8902E+02
 MRCHDU: Convergence failed at  72  side 2    Res =  0.2236E+03
 MRCHDU: Convergence failed at  73  side 2    Res =  0.3967E+03
 MRCHDU: Convergence failed at  74  side 2    Res =  0.3135E+03
 MRCHDU: Convergence failed at  75  side 2    Res =  0.1081E+03
 MRCHDU: Convergence failed at  76  side 2    Res =  0.3886E+03
 MRCHDU: Convergence failed at  77  side 2    Res =  0.6186E+03
 MRCHDU: Convergence failed at  78  side 2    Res =  0.1146E+03
 MRCHDU: Convergence failed at  79  side 2    Res =  0.1430E+03
 MRCHDU: Convergence failed at  80  side 2    Res =  0.2961E+03
 MRCHDU: Convergence failed at  81  side 2    Res =  0.8925E+01
 Side 1  free  transition at x/c =  0.5313   43
 Side 2  free  transition at x/c =  0.1797   27

 146   rms: 0.6849E+01   max: 0.1479E+03   T at   27  2   RLX: 0.009
       a = -1.000      CL = -1.6232
      Cm =  0.4307     CD = 49.21196   =>   CDf =  0.00277    CDp = 49.20920

 Side 1  free  transition at x/c =  0.5312   43
 Side 2  free  transition at x/c =  0.1805   27

 147   rms: 0.2128E+01   max: 0.2521E+02   T at   27  2   RLX: 0.027
       a = -1.000      CL = -1.1750
      Cm =  0.2765     CD = 74.55325   =>   CDf =  0.00303    CDp = 74.55022

 Side 1  free  transition at x/c =  0.5304   43
 Side 2  free  transition at x/c =  0.0793   20

 148   rms: 0.3687E+01   max: -.8410E+02   T at  104  2   RLX: 0.006
       a = -1.000      CL = -1.1525
      Cm =  0.2820     CD = 78.48498   =>   CDf =  0.00311    CDp = 78.48187

 Side 1  free  transition at x/c =  0.5305   43
 Side 2  free  transition at x/c =  0.0714   20

 149   rms: 0.6288E+01   max: -.9492E+02   T at  104  2   RLX: 0.005
       a = -1.000      CL = -1.1087
      Cm =  0.2713     CD = 78.96898   =>   CDf =  0.00311    CDp = 78.96587

 Side 1  free  transition at x/c =  0.5310   43
 Side 2  free  transition at x/c =  0.0682   19

 150   rms: 0.3142E+01   max: 0.4452E+02   T at   19  2   RLX: 0.012
       a = -1.000      CL = -1.1529
      Cm =  0.2818     CD = 74.29253   =>   CDf =  0.00311    CDp = 74.28942

 Side 1  free  transition at x/c =  0.5307   43
 Side 2  free  transition at x/c =  0.0573   18

 151   rms: 0.6231E+02   max: 0.3944E+03   T at   20  2   RLX: 0.004
       a = -1.000      CL = -1.0951
      Cm =  0.2583     CD = 94.61747   =>   CDf =  0.00312    CDp = 94.61435

 Side 1  free  transition at x/c =  0.5333   43
 Side 2  free  transition at x/c =  0.0408   17

 152   rms: 0.1584E+01   max: 0.3084E+02   T at   17  2   RLX: 0.040
       a = -1.000      CL = -1.3042
      Cm =  0.3027     CD = 80.04458   =>   CDf =  0.00311    CDp = 80.04147

 Side 1  free  transition at x/c =  0.5336   44
 Side 2  free  transition at x/c =  0.0342   17

 153   rms: 0.1223E+01   max: -.2048E+02   T at  104  2   RLX: 0.024
       a = -1.000      CL = -1.2489
      Cm =  0.2933     CD = 79.82986   =>   CDf =  0.00311    CDp = 79.82675

 Side 1  free  transition at x/c =  0.5334   43
 Side 2  free  transition at x/c =  0.0340   17

 154   rms: 0.1042E+01   max: -.7744E+01   T at  104  2   RLX: 0.065
       a = -1.000      CL = -1.1313
      Cm =  0.2663     CD = 69.50633   =>   CDf =  0.00311    CDp = 69.50323

 Side 1  free  transition at x/c =  0.5324   43
 Side 2  free  transition at x/c =  0.0336   17

 155   rms: 0.1008E+01   max: -.2447E+01   C at  102  2   RLX: 0.204
       a = -1.000      CL = -0.7702
      Cm =  0.1869     CD = 43.13490   =>   CDf =  0.00310    CDp = 43.13180

 Side 1  free  transition at x/c =  0.5264   43
 Side 2  free  transition at x/c =  0.0335   17

 156   rms: 0.8188E+00   max: 0.2495E+01   T at   18  2   RLX: 0.211
       a = -1.000      CL = -0.5186
      Cm =  0.1264     CD = 38.02980   =>   CDf =  0.00322    CDp = 38.02657

 Side 1  free  transition at x/c =  0.5225   44
 Side 2  free  transition at x/c =  0.0328   16

 157   rms: 0.6251E+01   max: -.1006E+03   D at    2  1   RLX: 0.005
       a = -1.000      CL = -0.5853
      Cm =  0.1487     CD = 51.27276   =>   CDf =  0.00313    CDp = 51.26963

 Side 1  free  transition at x/c =  0.5223   44
 Side 2  free  transition at x/c =  0.0329   16

 158   rms: 0.3654E+01   max: -.1672E+02   T at   17  2   RLX: 0.030
       a = -1.000      CL = -0.5422
      Cm =  0.1447     CD = 41.75615   =>   CDf =  0.00313    CDp = 41.75302

 Side 1  free  transition at x/c =  0.5206   44
 Side 2  free  transition at x/c =  0.0328   16

 159   rms: 0.1515E+01   max: 0.7961E+01   T at   17  2   RLX: 0.124
       a = -1.000      CL = -0.5061
      Cm =  0.1330     CD = 40.33179   =>   CDf =  0.00316    CDp = 40.32863

 MRCHDU: Convergence failed at  16  side 2    Res =  0.8198E-03
 Side 1  free  transition at x/c =  0.5213   44
 Side 2  free  transition at x/c =  0.0328   15

 160   rms: 0.1363E+01   max: 0.8020E+01   T at  104  2   RLX: 0.111
       a = -1.000      CL = -0.5394
      Cm =  0.1507     CD = 30.04155   =>   CDf =  0.00315    CDp = 30.03840

 Side 1  free  transition at x/c =  0.5204   44
 Side 2  free  transition at x/c =  0.0327   15

 161   rms: 0.2019E+01   max: 0.4340E+02   T at  104  2   RLX: 0.035
       a = -1.000      CL = -0.5138
      Cm =  0.1450     CD = 59.89893   =>   CDf =  0.00316    CDp = 59.89577

 Side 1  free  transition at x/c =  0.5200   44
 Side 2  free  transition at x/c =  0.0327   15

 162   rms: 0.3278E+02   max: 0.8862E+03   T at  104  2   RLX: 0.002
       a = -1.000      CL = -0.5117
      Cm =  0.1443     CD = 68.97327   =>   CDf =  0.00317    CDp = 68.97010

 Side 1  free  transition at x/c =  0.5199   44
 Side 2  free  transition at x/c =  0.0327   15

 163   rms: 0.4422E+02   max: 0.1198E+04   T at  104  2   RLX: 0.001
       a = -1.000      CL = -0.5100
      Cm =  0.1440     CD = 70.19525   =>   CDf =  0.00317    CDp = 70.19208

 Side 1  free  transition at x/c =  0.5198   44
 Side 2  free  transition at x/c =  0.0327   15

 164   rms: 0.2690E+02   max: 0.7231E+03   T at  104  2   RLX: 0.002
       a = -1.000      CL = -0.5071
      Cm =  0.1433     CD = 71.52097   =>   CDf =  0.00317    CDp = 71.51780

 Side 1  free  transition at x/c =  0.5197   44
 Side 2  free  transition at x/c =  0.0327   15

 165   rms: 0.1209E+02   max: 0.3074E+03   T at  104  2   RLX: 0.005
       a = -1.000      CL = -0.5006
      Cm =  0.1419     CD = 74.75987   =>   CDf =  0.00317    CDp = 74.75670

 Side 1  free  transition at x/c =  0.5195   44
 Side 2  free  transition at x/c =  0.0327   15

 166   rms: 0.6875E+01   max: 0.1278E+03   T at  104  2   RLX: 0.012
       a = -1.000      CL = -0.4851
      Cm =  0.1385     CD = 83.99147   =>   CDf =  0.00317    CDp = 83.98830

 Side 1  free  transition at x/c =  0.5191   43
 Side 2  free  transition at x/c =  0.0327   15

 167   rms: 0.1295E+02   max: -.7628E+02   C at   84  2   RLX: 0.007
       a = -1.000      CL = -0.4764
      Cm =  0.1365     CD = 93.29946   =>   CDf =  0.00318    CDp = 93.29628

 Side 1  free  transition at x/c =  0.5189   43
 Side 2  free  transition at x/c =  0.0327   15

 168   rms: 0.4757E+02   max: -.3023E+03   C at   84  2   RLX: 0.002
       a = -1.000      CL = -0.4741
      Cm =  0.1360     CD = 95.84417   =>   CDf =  0.00317    CDp = 95.84100

 Side 1  free  transition at x/c =  0.5188   43
 Side 2  free  transition at x/c =  0.0327   15

 169   rms: 0.1684E+03   max: -.1125E+04   C at   84  2   RLX: 0.000
       a = -1.000      CL = -0.4734
      Cm =  0.1358     CD = 96.64160   =>   CDf =  0.00317    CDp = 96.63842

 Side 1  free  transition at x/c =  0.5188   43
 Side 2  free  transition at x/c =  0.0327   15

 170   rms: 0.7221E+03   max: -.5310E+04   C at   84  2   RLX: 0.000
       a = -1.000      CL = -0.4732
      Cm =  0.1357     CD = 96.93830   =>   CDf =  0.00317    CDp = 96.93513

 Side 1  free  transition at x/c =  0.5188   43
 Side 2  free  transition at x/c =  0.0327   15

 171   rms: 0.7783E+04   max: 0.6668E+05   C at   84  2   RLX: 0.000
       a = -1.000      CL = -0.4733
      Cm =  0.1358     CD = 96.56247   =>   CDf =  0.00317    CDp = 96.55930

 Side 1  free  transition at x/c =  0.5188   43
 Side 2  free  transition at x/c =  0.0327   15

 172   rms: 0.1991E+03   max: -.1342E+04   C at   84  2   RLX: 0.000
       a = -1.000      CL = -0.4727
      Cm =  0.1356     CD = 97.13920   =>   CDf =  0.00317    CDp = 97.13603

 Side 1  free  transition at x/c =  0.5188   43
 Side 2  free  transition at x/c =  0.0327   15

 173   rms: 0.9152E+03   max: -.6838E+04   C at   84  2   RLX: 0.000
       a = -1.000      CL = -0.4726
      Cm =  0.1356     CD = 97.40175   =>   CDf =  0.00317    CDp = 97.39858

 Side 1  free  transition at x/c =  0.5188   43
 Side 2  free  transition at x/c =  0.0327   15

 174   rms: 0.4208E+04   max: 0.3691E+05   C at   84  2   RLX: 0.000
       a = -1.000      CL = -0.4727
      Cm =  0.1356     CD = 97.05740   =>   CDf =  0.00317    CDp = 97.05422

 Side 1  free  transition at x/c =  0.5188   43
 Side 2  free  transition at x/c =  0.0327   15

 175   rms: 0.2314E+03   max: -.1575E+04   C at   84  2   RLX: 0.000
       a = -1.000      CL = -0.4722
      Cm =  0.1355     CD = 97.58269   =>   CDf =  0.00317    CDp = 97.57952

 Side 1  free  transition at x/c =  0.5188   43
 Side 2  free  transition at x/c =  0.0327   15

 176   rms: 0.1165E+04   max: -.8839E+04   C at   84  2   RLX: 0.000
       a = -1.000      CL = -0.4720
      Cm =  0.1355     CD = 97.81820   =>   CDf =  0.00317    CDp = 97.81502

 Side 1  free  transition at x/c =  0.5187   43
 Side 2  free  transition at x/c =  0.0327   15

 177   rms: 0.3068E+04   max: 0.2750E+05   C at   84  2   RLX: 0.000
       a = -1.000      CL = -0.4721
      Cm =  0.1355     CD = 97.49955   =>   CDf =  0.00317    CDp = 97.49638

 Side 1  free  transition at x/c =  0.5188   43
 Side 2  free  transition at x/c =  0.0327   15

 178   rms: 0.2666E+03   max: -.1830E+04   C at   84  2   RLX: 0.000
       a = -1.000      CL = -0.4717
      Cm =  0.1354     CD = 97.98264   =>   CDf =  0.00317    CDp = 97.97947

 Side 1  free  transition at x/c =  0.5187   43
 Side 2  free  transition at x/c =  0.0327   15

 179   rms: 0.1494E+04   max: -.1150E+05   C at   84  2   RLX: 0.000
       a = -1.000      CL = -0.4716
      Cm =  0.1354     CD = 98.19676   =>   CDf =  0.00317    CDp = 98.19359

 Side 1  free  transition at x/c =  0.5187   43
 Side 2  free  transition at x/c =  0.0327   15

 180   rms: 0.2509E+04   max: 0.2296E+05   C at   84  2   RLX: 0.000
       a = -1.000      CL = -0.4716
      Cm =  0.1354     CD = 97.89938   =>   CDf =  0.00317    CDp = 97.89620

 Side 1  free  transition at x/c =  0.5187   43
 Side 2  free  transition at x/c =  0.0327   15

 181   rms: 0.3042E+03   max: -.2106E+04   C at   84  2   RLX: 0.000
       a = -1.000      CL = -0.4712
      Cm =  0.1353     CD = 98.34728   =>   CDf =  0.00317    CDp = 98.34410

 Side 1  free  transition at x/c =  0.5187   43
 Side 2  free  transition at x/c =  0.0327   15

 182   rms: 0.1942E+04   max: -.1515E+05   C at   84  2   RLX: 0.000
       a = -1.000      CL = -0.4711
      Cm =  0.1353     CD = 98.54408   =>   CDf =  0.00317    CDp = 98.54091

 Side 1  free  transition at x/c =  0.5187   43
 Side 2  free  transition at x/c =  0.0327   15

 183   rms: 0.2177E+04   max: 0.2031E+05   C at   84  2   RLX: 0.000
       a = -1.000      CL = -0.4712
      Cm =  0.1353     CD = 98.26443   =>   CDf =  0.00317    CDp = 98.26126

 Side 1  free  transition at x/c =  0.5187   43
 Side 2  free  transition at x/c =  0.0327   15

 184   rms: 0.3438E+03   max: -.2399E+04   C at   84  2   RLX: 0.000
       a = -1.000      CL = -0.4708
      Cm =  0.1352     CD = 98.68337   =>   CDf =  0.00317    CDp = 98.68020

 Side 1  free  transition at x/c =  0.5187   43
 Side 2  free  transition at x/c =  0.0327   15

 185   rms: 0.2584E+04   max: -.2042E+05   C at   84  2   RLX: 0.000
       a = -1.000      CL = -0.4707
      Cm =  0.1352     CD = 98.86479   =>   CDf =  0.00317    CDp = 98.86162

 Side 1  free  transition at x/c =  0.5187   43
 Side 2  free  transition at x/c =  0.0327   15

 186   rms: 0.1950E+04   max: 0.1852E+05   C at   84  2   RLX: 0.000
       a = -1.000      CL = -0.4707
      Cm =  0.1352     CD = 98.60042   =>   CDf =  0.00317    CDp = 98.59725

 Side 1  free  transition at x/c =  0.5187   43
 Side 2  free  transition at x/c =  0.0327   15

 187   rms: 0.3855E+03   max: -.2711E+04   C at   84  2   RLX: 0.000
       a = -1.000      CL = -0.4704
      Cm =  0.1351     CD = 98.99446   =>   CDf =  0.00317    CDp = 98.99129

 Side 1  free  transition at x/c =  0.5187   43
 Side 2  free  transition at x/c =  0.0327   15

 188   rms: 0.3559E+04   max: -.2846E+05   C at   84  2   RLX: 0.000
       a = -1.000      CL = -0.4703
      Cm =  0.1351     CD = 99.16299   =>   CDf =  0.00317    CDp = 99.15982

 Side 1  free  transition at x/c =  0.5187   43
 Side 2  free  transition at x/c =  0.0327   15

 189   rms: 0.1795E+04   max: 0.1732E+05   C at   84  2   RLX: 0.000
       a = -1.000      CL = -0.4704
      Cm =  0.1351     CD = 98.91166   =>   CDf =  0.00317    CDp = 98.90849

 Side 1  free  transition at x/c =  0.5187   43
 Side 2  free  transition at x/c =  0.0327   15

 190   rms: 0.4274E+03   max: -.3028E+04   C at   84  2   RLX: 0.000
       a = -1.000      CL = -0.4701
      Cm =  0.1351     CD = 99.28459   =>   CDf =  0.00317    CDp = 99.28142

 Side 1  free  transition at x/c =  0.5187   43
 Side 2  free  transition at x/c =  0.0327   15

 191   rms: 0.5274E+04   max: -.4265E+05   C at   84  2   RLX: 0.000
       a = -1.000      CL = -0.4700
      Cm =  0.1350     CD = 99.44177   =>   CDf =  0.00317    CDp = 99.43860

 Side 1  free  transition at x/c =  0.5187   43
 Side 2  free  transition at x/c =  0.0327   15

 192   rms: 0.1679E+04   max: 0.1646E+05   C at   84  2   RLX: 0.000
       a = -1.000      CL = -0.4700
      Cm =  0.1350     CD = 99.20189   =>   CDf =  0.00317    CDp = 99.19871

 Side 1  free  transition at x/c =  0.5187   43
 Side 2  free  transition at x/c =  0.0327   15

 193   rms: 0.4728E+03   max: -.3372E+04   C at   84  2   RLX: 0.000
       a = -1.000      CL = -0.4697
      Cm =  0.1350     CD = 99.55599   =>   CDf =  0.00317    CDp = 99.55282

 Side 1  free  transition at x/c =  0.5187   43
 Side 2  free  transition at x/c =  0.0327   15

 194   rms: 0.8978E+04   max: -.7336E+05   C at   84  2   RLX: 0.000
       a = -1.000      CL = -0.4697
      Cm =  0.1350     CD = 99.70321   =>   CDf =  0.00317    CDp = 99.70004

 Side 1  free  transition at x/c =  0.5187   43
 Side 2  free  transition at x/c =  0.0327   15

 195   rms: 0.1590E+04   max: 0.1580E+05   C at   84  2   RLX: 0.000
       a = -1.000      CL = -0.4697
      Cm =  0.1350     CD = 99.47336   =>   CDf =  0.00317    CDp = 99.47019

 Side 1  free  transition at x/c =  0.5187   43
 Side 2  free  transition at x/c =  0.0327   15

 196   rms: 0.5201E+03   max: -.3733E+04   C at   84  2   RLX: 0.000
       a = -1.000      CL = -0.4694
      Cm =  0.1349     CD = 99.81070   =>   CDf =  0.00317    CDp = 99.80752

 Side 1  free  transition at x/c =  0.5187   43
 Side 2  free  transition at x/c =  0.0327   15

 197   rms: 0.2273E+05   max: -.1876E+06   C at   84  2   RLX: 0.000
       a = -1.000      CL = -0.4694
      Cm =  0.1349     CD = 99.94912   =>   CDf =  0.00317    CDp = 99.94595

 Side 1  free  transition at x/c =  0.5187   43
 Side 2  free  transition at x/c =  0.0327   15

 198   rms: 0.1514E+04   max: 0.1524E+05   C at   84  2   RLX: 0.000
       a = -1.000      CL = -0.4694
      Cm =  0.1349     CD = 99.72832   =>   CDf =  0.00317    CDp = 99.72514

 Side 1  free  transition at x/c =  0.5187   43
 Side 2  free  transition at x/c =  0.0327   15

 199   rms: 0.5672E+03   max: -.4095E+04   C at   84  2   RLX: 0.000
       a = -1.000      CL = -0.4691
      Cm =  0.1349     CD =100.05038   =>   CDf =  0.00317    CDp =100.04721

 Side 1  free  transition at x/c =  0.5187   43
 Side 2  free  transition at x/c =  0.0327   15

 200   rms: 0.6619E+05   max: 0.5512E+06   C at   84  2   RLX: 0.000
       a = -1.000      CL = -0.4693
      Cm =  0.1349     CD = 99.60363   =>   CDf =  0.00317    CDp = 99.60046

 Side 1  free  transition at x/c =  0.5187   43
 Side 2  free  transition at x/c =  0.0327   15

 201   rms: 0.1672E+03   max: -.1117E+04   C at   84  2   RLX: 0.000
       a = -1.000      CL = -0.4686
      Cm =  0.1347     CD =100.28826   =>   CDf =  0.00317    CDp =100.28509

 Side 1  free  transition at x/c =  0.5187   43
 Side 2  free  transition at x/c =  0.0327   15

 202   rms: 0.7346E+03   max: -.5394E+04   C at   84  2   RLX: 0.000
       a = -1.000      CL = -0.4684
      Cm =  0.1347     CD =100.54419   =>   CDf =  0.00317    CDp =100.54102

 Side 1  free  transition at x/c =  0.5187   43
 Side 2  free  transition at x/c =  0.0327   15

 203   rms: 0.6241E+04   max: 0.5331E+05   C at   84  2   RLX: 0.000
       a = -1.000      CL = -0.4685
      Cm =  0.1347     CD =100.14915   =>   CDf =  0.00317    CDp =100.14598

 Side 1  free  transition at x/c =  0.5187   43
 Side 2  free  transition at x/c =  0.0327   15

 204   rms: 0.1993E+03   max: -.1344E+04   C at   84  2   RLX: 0.000
       a = -1.000      CL = -0.4680
      Cm =  0.1346     CD =100.74995   =>   CDf =  0.00317    CDp =100.74678

 Side 1  free  transition at x/c =  0.5187   43
 Side 2  free  transition at x/c =  0.0327   15

 205   rms: 0.9466E+03   max: -.7063E+04   C at   84  2   RLX: 0.000
       a = -1.000      CL = -0.4678
      Cm =  0.1346     CD =100.96038   =>   CDf =  0.00317    CDp =100.95721
 VISCAL:  Convergence failed
      9.000    4.6143 100.960378   0.001249   0.001395   0.000146    0.5187     #
 Calculating wake trajectory ...
 Calculating source influence matrix ...

 Solving BL system ...

 Side 1  free  transition at x/c =  0.5186   43
 Side 2  free  transition at x/c =  0.0327   15

   1   rms: 0.4294E+04   max: 0.3757E+05   C at   84  2   RLX: 0.000
       a = -2.000      CL = -0.4674
      Cm =  0.1346     CD =100.61591   =>   CDf =  0.00317    CDp =100.61273

 Side 1  free  transition at x/c =  0.5187   43
 Side 2  free  transition at x/c =  0.0327   15

   2   rms: 0.2767E+03   max: -.1881E+04   C at   84  2   RLX: 0.000
       a = -2.000      CL = -0.4670
      Cm =  0.1345     CD =101.16959   =>   CDf =  0.00317    CDp =101.16642

 Side 1  free  transition at x/c =  0.5186   43
 Side 2  free  transition at x/c =  0.0327   15

   3   rms: 0.1476E+04   max: -.1118E+05   C at   84  2   RLX: 0.000
       a = -2.000      CL = -0.4668
      Cm =  0.1345     CD =101.32802   =>   CDf =  0.00317    CDp =101.32485

 Side 1  free  transition at x/c =  0.5186   43
 Side 2  free  transition at x/c =  0.0327   15

   4   rms: 0.3180E+04   max: 0.2846E+05   C at   84  2   RLX: 0.000
       a = -2.000      CL = -0.4669
      Cm =  0.1345     CD =101.03011   =>   CDf =  0.00317    CDp =101.02694

 Side 1  free  transition at x/c =  0.5186   43
 Side 2  free  transition at x/c =  0.0327   15

   5   rms: 0.3228E+03   max: -.2211E+04   C at   84  2   RLX: 0.000
       a = -2.000      CL = -0.4665
      Cm =  0.1344     CD =101.50647   =>   CDf =  0.00317    CDp =101.50329

 Side 1  free  transition at x/c =  0.5186   43
 Side 2  free  transition at x/c =  0.0327   15

   6   rms: 0.1980E+04   max: -.1521E+05   C at   84  2   RLX: 0.000
       a = -2.000      CL = -0.4664
      Cm =  0.1344     CD =101.62349   =>   CDf =  0.00317    CDp =101.62032

 Side 1  free  transition at x/c =  0.5186   43
 Side 2  free  transition at x/c =  0.0327   15

   7   rms: 0.2611E+04   max: 0.2386E+05   C at   84  2   RLX: 0.000
       a = -2.000      CL = -0.4665
      Cm =  0.1344     CD =101.37845   =>   CDf =  0.00317    CDp =101.37528

 Side 1  free  transition at x/c =  0.5186   43
 Side 2  free  transition at x/c =  0.0327   15

   8   rms: 0.3729E+03   max: -.2573E+04   C at   84  2   RLX: 0.000
       a = -2.000      CL = -0.4661
      Cm =  0.1343     CD =101.78212   =>   CDf =  0.00317    CDp =101.77895

 Side 1  free  transition at x/c =  0.5186   43
 Side 2  free  transition at x/c =  0.0327   15

   9   rms: 0.2763E+04   max: -.2151E+05   C at   84  2   RLX: 0.000
       a = -2.000      CL = -0.4660
      Cm =  0.1343     CD =101.85811   =>   CDf =  0.00317    CDp =101.85493

 Side 1  free  transition at x/c =  0.5186   43
 Side 2  free  transition at x/c =  0.0327   15

  10   rms: 0.2266E+04   max: 0.2110E+05   C at   84  2   RLX: 0.000
       a = -2.000      CL = -0.4661
      Cm =  0.1343     CD =101.67137   =>   CDf =  0.00317    CDp =101.66819

 Side 1  free  transition at x/c =  0.5186   43
 Side 2  free  transition at x/c =  0.0327   15

  11   rms: 0.4279E+03   max: -.2971E+04   C at   84  2   RLX: 0.000
       a = -2.000      CL = -0.4657
      Cm =  0.1342     CD =102.00730   =>   CDf =  0.00317    CDp =102.00413

 Side 1  free  transition at x/c =  0.5186   43
 Side 2  free  transition at x/c =  0.0327   15

  12   rms: 0.4131E+04   max: -.3254E+05   C at   84  2   RLX: 0.000
       a = -2.000      CL = -0.4657
      Cm =  0.1342     CD =102.04282   =>   CDf =  0.00317    CDp =102.03965

 Side 1  free  transition at x/c =  0.5186   43
 Side 2  free  transition at x/c =  0.0327   15

  13   rms: 0.2038E+04   max: 0.1932E+05   C at   84  2   RLX: 0.000
       a = -2.000      CL = -0.4657
      Cm =  0.1342     CD =101.91768   =>   CDf =  0.00317    CDp =101.91451

 Side 1  free  transition at x/c =  0.5186   43
 Side 2  free  transition at x/c =  0.0327   15

  14   rms: 0.4888E+03   max: -.3411E+04   C at   84  2   RLX: 0.000
       a = -2.000      CL = -0.4654
      Cm =  0.1341     CD =102.19046   =>   CDf =  0.00317    CDp =102.18729

 Side 1  free  transition at x/c =  0.5186   43
 Side 2  free  transition at x/c =  0.0327   15

  15   rms: 0.7110E+04   max: -.5662E+05   C at   84  2   RLX: 0.000
       a = -2.000      CL = -0.4653
      Cm =  0.1341     CD =102.18467   =>   CDf =  0.00317    CDp =102.18150

 Side 1  free  transition at x/c =  0.5186   43
 Side 2  free  transition at x/c =  0.0327   15

  16   rms: 0.1880E+04   max: 0.1812E+05   C at   84  2   RLX: 0.000
       a = -2.000      CL = -0.4654
      Cm =  0.1341     CD =102.12266   =>   CDf =  0.00317    CDp =102.11949

 Side 1  free  transition at x/c =  0.5186   43
 Side 2  free  transition at x/c =  0.0327   15

  17   rms: 0.5573E+03   max: -.3901E+04   C at   84  2   RLX: 0.000
       a = -2.000      CL = -0.4651
      Cm =  0.1341     CD =102.32846   =>   CDf =  0.00317    CDp =102.32529

 Side 1  free  transition at x/c =  0.5186   43
 Side 2  free  transition at x/c =  0.0327   15

  18   rms: 0.1818E+05   max: -.1462E+06   C at   84  2   RLX: 0.000
       a = -2.000      CL = -0.4650
      Cm =  0.1341     CD =102.27590   =>   CDf =  0.00317    CDp =102.27273

 Side 1  free  transition at x/c =  0.5186   43
 Side 2  free  transition at x/c =  0.0327   15

  19   rms: 0.1763E+04   max: 0.1726E+05   C at   84  2   RLX: 0.000
       a = -2.000      CL = -0.4650
      Cm =  0.1341     CD =102.27772   =>   CDf =  0.00317    CDp =102.27455

 Side 1  free  transition at x/c =  0.5186   43
 Side 2  free  transition at x/c =  0.0327   15

  20   rms: 0.6364E+03   max: -.4452E+04   C at   84  2   RLX: 0.000
       a = -2.000      CL = -0.4648
      Cm =  0.1340     CD =102.38705   =>   CDf =  0.00317    CDp =102.38388

 Side 1  free  transition at x/c =  0.5186   43
 Side 2  free  transition at x/c =  0.0327   15

  21   rms: 0.7249E+05   max: 0.5891E+06   C at   84  2   RLX: 0.000
       a = -2.000      CL = -0.4649
      Cm =  0.1340     CD =102.40433   =>   CDf =  0.00317    CDp =102.40116

 Side 1  free  transition at x/c =  0.5186   43
 Side 2  free  transition at x/c =  0.0327   15

  22   rms: 0.2552E+03   max: -.1703E+04   C at   84  2   RLX: 0.000
       a = -2.000      CL = -0.4645
      Cm =  0.1339     CD =102.75553   =>   CDf =  0.00317    CDp =102.75236

 Side 1  free  transition at x/c =  0.5186   43
 Side 2  free  transition at x/c =  0.0327   15

  23   rms: 0.1358E+04   max: -.1008E+05   C at   84  2   RLX: 0.000
       a = -2.000      CL = -0.4643
      Cm =  0.1339     CD =102.70991   =>   CDf =  0.00317    CDp =102.70674

 Side 1  free  transition at x/c =  0.5186   43
 Side 2  free  transition at x/c =  0.0327   15

  24   rms: 0.3170E+04   max: 0.2778E+05   C at   84  2   RLX: 0.000
       a = -2.000      CL = -0.4644
      Cm =  0.1339     CD =102.67125   =>   CDf =  0.00317    CDp =102.66808

 Side 1  free  transition at x/c =  0.5186   43
 Side 2  free  transition at x/c =  0.0327   15

  25   rms: 0.2977E+03   max: -.2007E+04   C at   84  2   RLX: 0.000
       a = -2.000      CL = -0.4640
      Cm =  0.1338     CD =103.01424   =>   CDf =  0.00317    CDp =103.01107

 Side 1  free  transition at x/c =  0.5186   43
 Side 2  free  transition at x/c =  0.0327   15

  26   rms: 0.1845E+04   max: -.1392E+05   C at   84  2   RLX: 0.000
       a = -2.000      CL = -0.4638
      Cm =  0.1338     CD =102.96820   =>   CDf =  0.00317    CDp =102.96503

 Side 1  free  transition at x/c =  0.5186   43
 Side 2  free  transition at x/c =  0.0327   15

  27   rms: 0.2579E+04   max: 0.2313E+05   C at   84  2   RLX: 0.000
       a = -2.000      CL = -0.4639
      Cm =  0.1338     CD =102.93730   =>   CDf =  0.00317    CDp =102.93413

 Side 1  free  transition at x/c =  0.5186   43
 Side 2  free  transition at x/c =  0.0327   15

  28   rms: 0.3502E+03   max: -.2378E+04   C at   84  2   RLX: 0.000
       a = -2.000      CL = -0.4635
      Cm =  0.1337     CD =103.24314   =>   CDf =  0.00317    CDp =103.23996

 Side 1  free  transition at x/c =  0.5186   43
 Side 2  free  transition at x/c =  0.0327   15

  29   rms: 0.2616E+04   max: -.2002E+05   C at   84  2   RLX: 0.000
       a = -2.000      CL = -0.4634
      Cm =  0.1337     CD =103.16929   =>   CDf =  0.00317    CDp =103.16612

 Side 1  free  transition at x/c =  0.5186   43
 Side 2  free  transition at x/c =  0.0327   15

  30   rms: 0.2237E+04   max: 0.2049E+05   C at   84  2   RLX: 0.000
       a = -2.000      CL = -0.4635
      Cm =  0.1337     CD =103.17883   =>   CDf =  0.00317    CDp =103.17566

 Side 1  free  transition at x/c =  0.5186   43
 Side 2  free  transition at x/c =  0.0327   15

  31   rms: 0.4109E+03   max: -.2795E+04   C at   84  2   RLX: 0.000
       a = -2.000      CL = -0.4631
      Cm =  0.1336     CD =103.41394   =>   CDf =  0.00317    CDp =103.41077

 Side 1  free  transition at x/c =  0.5186   43
 Side 2  free  transition at x/c =  0.0327   15

  32   rms: 0.4008E+04   max: -.3107E+05   C at   84  2   RLX: 0.000
       a = -2.000      CL = -0.4631
      Cm =  0.1336     CD =103.28907   =>   CDf =  0.00317    CDp =103.28590

 Side 1  free  transition at x/c =  0.5186   43
 Side 2  free  transition at x/c =  0.0327   15

  33   rms: 0.2022E+04   max: 0.1890E+05   C at   84  2   RLX: 0.000
       a = -2.000      CL = -0.4631
      Cm =  0.1336     CD =103.35847   =>   CDf =  0.00317    CDp =103.35530

 Side 1  free  transition at x/c =  0.5186   43
 Side 2  free  transition at x/c =  0.0327   15

  34   rms: 0.4867E+03   max: 0.3696E+04   T at  102  2   RLX: 0.000
       a = -2.000      CL = -0.4628
      Cm =  0.1336     CD =103.44171   =>   CDf =  0.00317    CDp =103.43854

 Side 1  free  transition at x/c =  0.5185   43
 Side 2  free  transition at x/c =  0.0327   15

  35   rms: 0.6626E+04   max: -.5211E+05   C at   84  2   RLX: 0.000
       a = -2.000      CL = -0.4627
      Cm =  0.1335     CD =103.26893   =>   CDf =  0.00317    CDp =103.26575

 Side 1  free  transition at x/c =  0.5185   43
 Side 2  free  transition at x/c =  0.0327   15

  36   rms: 0.1890E+04   max: 0.1800E+05   C at   84  2   RLX: 0.000
       a = -2.000      CL = -0.4627
      Cm =  0.1336     CD =103.39380   =>   CDf =  0.00317    CDp =103.39063

 Side 1  free  transition at x/c =  0.5185   43
 Side 2  free  transition at x/c =  0.0327   15

  37   rms: 0.5640E+03   max: 0.4641E+04   T at  102  2   RLX: 0.000
       a = -2.000      CL = -0.4625
      Cm =  0.1335     CD =103.23189   =>   CDf =  0.00317    CDp =103.22871

 Side 1  free  transition at x/c =  0.5185   43
 Side 2  free  transition at x/c =  0.0327   15

  38   rms: 0.1141E+05   max: -.9123E+05   C at   84  2   RLX: 0.000
       a = -2.000      CL = -0.4624
      Cm =  0.1335     CD =103.07607   =>   CDf =  0.00317    CDp =103.07290

 Side 1  free  transition at x/c =  0.5185   43
 Side 2  free  transition at x/c =  0.0327   15

  39   rms: 0.1801E+04   max: 0.1746E+05   C at   84  2   RLX: 0.000
       a = -2.000      CL = -0.4624
      Cm =  0.1335     CD =103.22474   =>   CDf =  0.00317    CDp =103.22157

 Side 1  free  transition at x/c =  0.5185   43
 Side 2  free  transition at x/c =  0.0327   15

  40   rms: 0.6095E+03   max: -.4231E+04   C at   84  2   RLX: 0.000
       a = -2.000      CL = -0.4622
      Cm =  0.1334     CD =102.92609   =>   CDf =  0.00317    CDp =102.92292

 Side 1  free  transition at x/c =  0.5185   43
 Side 2  free  transition at x/c =  0.0327   15

  41   rms: 0.3028E+05   max: -.2457E+06   C at   84  2   RLX: 0.000
       a = -2.000      CL = -0.4621
      Cm =  0.1334     CD =102.79920   =>   CDf =  0.00317    CDp =102.79603

 Side 1  free  transition at x/c =  0.5185   43
 Side 2  free  transition at x/c =  0.0327   15

  42   rms: 0.1725E+04   max: 0.1699E+05   C at   84  2   RLX: 0.000
       a = -2.000      CL = -0.4621
      Cm =  0.1334     CD =102.94991   =>   CDf =  0.00317    CDp =102.94674

 Side 1  free  transition at x/c =  0.5185   43
 Side 2  free  transition at x/c =  0.0327   15

  43   rms: 0.6553E+03   max: -.4646E+04   C at   84  2   RLX: 0.000
       a = -2.000      CL = -0.4619
      Cm =  0.1334     CD =102.62638   =>   CDf =  0.00317    CDp =102.62321

 Side 1  free  transition at x/c =  0.5185   43
 Side 2  free  transition at x/c =  0.0327   15

  44   rms: 0.5196E+05   max: 0.4266E+06   C at   84  2   RLX: 0.000
       a = -2.000      CL = -0.4621
      Cm =  0.1334     CD =103.03465   =>   CDf =  0.00317    CDp =103.03148

 Side 1  free  transition at x/c =  0.5185   43
 Side 2  free  transition at x/c =  0.0327   15

  45   rms: 0.2032E+03   max: 0.2044E+04   T at  102  2   RLX: 0.000
       a = -2.000      CL = -0.4614
      Cm =  0.1333     CD =102.26036   =>   CDf =  0.00317    CDp =102.25719

 Side 1  free  transition at x/c =  0.5185   43
 Side 2  free  transition at x/c =  0.0327   15

  46   rms: 0.8410E+03   max: -.6136E+04   C at   84  2   RLX: 0.000
       a = -2.000      CL = -0.4612
      Cm =  0.1332     CD =101.97650   =>   CDf =  0.00317    CDp =101.97332

 Side 1  free  transition at x/c =  0.5185   43
 Side 2  free  transition at x/c =  0.0327   15

  47   rms: 0.6783E+04   max: 0.5731E+05   C at   84  2   RLX: 0.000
       a = -2.000      CL = -0.4614
      Cm =  0.1333     CD =102.34615   =>   CDf =  0.00317    CDp =102.34298

 Side 1  free  transition at x/c =  0.5185   43
 Side 2  free  transition at x/c =  0.0327   15

  48   rms: 0.2301E+03   max: -.1533E+04   C at   84  2   RLX: 0.000
       a = -2.000      CL = -0.4608
      Cm =  0.1331     CD =101.59351   =>   CDf =  0.00317    CDp =101.59034

 Side 1  free  transition at x/c =  0.5185   43
 Side 2  free  transition at x/c =  0.0327   15

  49   rms: 0.1101E+04   max: -.8198E+04   C at   84  2   RLX: 0.000
       a = -2.000      CL = -0.4607
      Cm =  0.1331     CD =101.35753   =>   CDf =  0.00317    CDp =101.35436

 Side 1  free  transition at x/c =  0.5185   43
 Side 2  free  transition at x/c =  0.0327   15

  50   rms: 0.3984E+04   max: 0.3455E+05   C at   84  2   RLX: 0.000
       a = -2.000      CL = -0.4607
      Cm =  0.1331     CD =101.68899   =>   CDf =  0.00317    CDp =101.68581

 Side 1  free  transition at x/c =  0.5185   43
 Side 2  free  transition at x/c =  0.0327   15

  51   rms: 0.2692E+03   max: -.1835E+04   C at   84  2   RLX: 0.000
       a = -2.000      CL = -0.4603
      Cm =  0.1330     CD =101.01231   =>   CDf =  0.00317    CDp =101.00914

 Side 1  free  transition at x/c =  0.5185   43
 Side 2  free  transition at x/c =  0.0327   15

  52   rms: 0.1467E+04   max: -.1111E+05   C at   84  2   RLX: 0.000
       a = -2.000      CL = -0.4602
      Cm =  0.1330     CD =100.80084   =>   CDf =  0.00317    CDp =100.79766

 Side 1  free  transition at x/c =  0.5185   43
 Side 2  free  transition at x/c =  0.0327   15

  53   rms: 0.2998E+04   max: 0.2664E+05   C at   84  2   RLX: 0.000
       a = -2.000      CL = -0.4602
      Cm =  0.1330     CD =101.10090   =>   CDf =  0.00317    CDp =101.09772

 Side 1  free  transition at x/c =  0.5185   43
 Side 2  free  transition at x/c =  0.0327   15

  54   rms: 0.3147E+03   max: -.2177E+04   C at   84  2   RLX: 0.000
       a = -2.000      CL = -0.4598
      Cm =  0.1329     CD =100.49133   =>   CDf =  0.00317    CDp =100.48816

 Side 1  free  transition at x/c =  0.5185   43
 Side 2  free  transition at x/c =  0.0327   15

  55   rms: 0.1990E+04   max: -.1533E+05   C at   84  2   RLX: 0.000
       a = -2.000      CL = -0.4597
      Cm =  0.1329     CD =100.29848   =>   CDf =  0.00317    CDp =100.29531

 Side 1  free  transition at x/c =  0.5185   43
 Side 2  free  transition at x/c =  0.0327   15

  56   rms: 0.2487E+04   max: 0.2261E+05   C at   84  2   RLX: 0.000
       a = -2.000      CL = -0.4598
      Cm =  0.1329     CD =100.57342   =>   CDf =  0.00317    CDp =100.57025

 Side 1  free  transition at x/c =  0.5185   43
 Side 2  free  transition at x/c =  0.0327   15

  57   rms: 0.3645E+03   max: -.2552E+04   C at   84  2   RLX: 0.000
       a = -2.000      CL = -0.4594
      Cm =  0.1328     CD =100.02005   =>   CDf =  0.00317    CDp =100.01688

 Side 1  free  transition at x/c =  0.5185   43
 Side 2  free  transition at x/c =  0.0327   15

  58   rms: 0.2797E+04   max: -.2188E+05   C at   84  2   RLX: 0.000
       a = -2.000      CL = -0.4593
      Cm =  0.1328     CD = 99.84172   =>   CDf =  0.00317    CDp = 99.83855

 Side 1  free  transition at x/c =  0.5185   43
 Side 2  free  transition at x/c =  0.0327   15

  59   rms: 0.2180E+04   max: 0.2024E+05   C at   84  2   RLX: 0.000
       a = -2.000      CL = -0.4594
      Cm =  0.1328     CD =100.09651   =>   CDf =  0.00317    CDp =100.09334

 Side 1  free  transition at x/c =  0.5185   43
 Side 2  free  transition at x/c =  0.0327   15

  60   rms: 0.4184E+03   max: -.2962E+04   C at   84  2   RLX: 0.000
       a = -2.000      CL = -0.4590
      Cm =  0.1327     CD = 99.59003   =>   CDf =  0.00317    CDp = 99.58686

 Side 1  free  transition at x/c =  0.5185   43
 Side 2  free  transition at x/c =  0.0327   15

  61   rms: 0.4197E+04   max: -.3332E+05   C at   84  2   RLX: 0.000
       a = -2.000      CL = -0.4590
      Cm =  0.1327     CD = 99.42250   =>   CDf =  0.00317    CDp = 99.41933

 Side 1  free  transition at x/c =  0.5185   43
 Side 2  free  transition at x/c =  0.0327   15

  62   rms: 0.1974E+04   max: 0.1870E+05   C at   84  2   RLX: 0.000
       a = -2.000      CL = -0.4590
      Cm =  0.1327     CD = 99.66127   =>   CDf =  0.00317    CDp = 99.65810

 Side 1  free  transition at x/c =  0.5185   43
 Side 2  free  transition at x/c =  0.0327   15

  63   rms: 0.4767E+03   max: -.3409E+04   C at   84  2   RLX: 0.000
       a = -2.000      CL = -0.4587
      Cm =  0.1327     CD = 99.19316   =>   CDf =  0.00317    CDp = 99.18998

 Side 1  free  transition at x/c =  0.5185   43
 Side 2  free  transition at x/c =  0.0327   15

  64   rms: 0.7199E+04   max: -.5795E+05   C at   84  2   RLX: 0.000
       a = -2.000      CL = -0.4586
      Cm =  0.1326     CD = 99.03436   =>   CDf =  0.00317    CDp = 99.03119

 Side 1  free  transition at x/c =  0.5185   43
 Side 2  free  transition at x/c =  0.0327   15

  65   rms: 0.1827E+04   max: 0.1762E+05   C at   84  2   RLX: 0.000
       a = -2.000      CL = -0.4586
      Cm =  0.1327     CD = 99.26055   =>   CDf =  0.00317    CDp = 99.25737

 Side 1  free  transition at x/c =  0.5185   43
 Side 2  free  transition at x/c =  0.0327   15

  66   rms: 0.5393E+03   max: -.3895E+04   C at   84  2   RLX: 0.000
       a = -2.000      CL = -0.4584
      Cm =  0.1326     CD = 98.82379   =>   CDf =  0.00317    CDp = 98.82062

 Side 1  free  transition at x/c =  0.5185   43
 Side 2  free  transition at x/c =  0.0327   15

  67   rms: 0.1812E+05   max: -.1478E+06   C at   84  2   RLX: 0.000
       a = -2.000      CL = -0.4583
      Cm =  0.1326     CD = 98.67207   =>   CDf =  0.00317    CDp = 98.66890

 Side 1  free  transition at x/c =  0.5185   43
 Side 2  free  transition at x/c =  0.0327   15

  68   rms: 0.1717E+04   max: 0.1684E+05   C at   84  2   RLX: 0.000
       a = -2.000      CL = -0.4583
      Cm =  0.1326     CD = 98.88847   =>   CDf =  0.00317    CDp = 98.88530

 Side 1  free  transition at x/c =  0.5185   43
 Side 2  free  transition at x/c =  0.0327   15

  69   rms: 0.6063E+03   max: -.4419E+04   C at   84  2   RLX: 0.000
       a = -2.000      CL = -0.4581
      Cm =  0.1325     CD = 98.47760   =>   CDf =  0.00317    CDp = 98.47443

 Side 1  free  transition at x/c =  0.5184   43
 Side 2  free  transition at x/c =  0.0327   15

  70   rms: 0.6172E+05   max: 0.5097E+06   C at   84  2   RLX: 0.000
       a = -2.000      CL = -0.4583
      Cm =  0.1326     CD = 99.02913   =>   CDf =  0.00317    CDp = 99.02595

 Side 1  free  transition at x/c =  0.5185   43
 Side 2  free  transition at x/c =  0.0327   15

  71   rms: 0.1771E+03   max: -.1223E+04   C at   84  2   RLX: 0.000
       a = -2.000      CL = -0.4576
      Cm =  0.1324     CD = 98.03957   =>   CDf =  0.00317    CDp = 98.03640

 Side 1  free  transition at x/c =  0.5184   43
 Side 2  free  transition at x/c =  0.0327   15

  72   rms: 0.8209E+03   max: -.6129E+04   C at   84  2   RLX: 0.000
       a = -2.000      CL = -0.4574
      Cm =  0.1324     CD = 97.70472   =>   CDf =  0.00317    CDp = 97.70155

 Side 1  free  transition at x/c =  0.5184   43
 Side 2  free  transition at x/c =  0.0327   15

  73   rms: 0.5941E+04   max: 0.5063E+05   C at   84  2   RLX: 0.000
       a = -2.000      CL = -0.4575
      Cm =  0.1324     CD = 98.20979   =>   CDf =  0.00317    CDp = 98.20662

 Side 1  free  transition at x/c =  0.5184   43
 Side 2  free  transition at x/c =  0.0327   15

  74   rms: 0.2157E+03   max: -.1521E+04   C at   84  2   RLX: 0.000
       a = -2.000      CL = -0.4570
      Cm =  0.1323     CD = 97.34609   =>   CDf =  0.00317    CDp = 97.34292

 Side 1  free  transition at x/c =  0.5184   43
 Side 2  free  transition at x/c =  0.0327   15

  75   rms: 0.1113E+04   max: -.8516E+04   C at   84  2   RLX: 0.000
       a = -2.000      CL = -0.4568
      Cm =  0.1323     CD = 97.03360   =>   CDf =  0.00317    CDp = 97.03043

 Side 1  free  transition at x/c =  0.5184   43
 Side 2  free  transition at x/c =  0.0327   15

  76   rms: 0.3472E+04   max: 0.3053E+05   C at   84  2   RLX: 0.000
       a = -2.000      CL = -0.4569
      Cm =  0.1323     CD = 97.51271   =>   CDf =  0.00317    CDp = 97.50954

 Side 1  free  transition at x/c =  0.5184   43
 Side 2  free  transition at x/c =  0.0327   15

  77   rms: 0.2575E+03   max: -.1855E+04   C at   84  2   RLX: 0.000
       a = -2.000      CL = -0.4565
      Cm =  0.1322     CD = 96.74529   =>   CDf =  0.00317    CDp = 96.74212

 Side 1  free  transition at x/c =  0.5184   43
 Side 2  free  transition at x/c =  0.0327   15

  78   rms: 0.1542E+04   max: -.1211E+05   C at   84  2   RLX: 0.000
       a = -2.000      CL = -0.4563
      Cm =  0.1321     CD = 96.44326   =>   CDf =  0.00317    CDp = 96.44009

 Side 1  free  transition at x/c =  0.5184   43
 Side 2  free  transition at x/c =  0.0327   15

  79   rms: 0.2586E+04   max: 0.2346E+05   C at   84  2   RLX: 0.000
       a = -2.000      CL = -0.4564
      Cm =  0.1322     CD = 96.91555   =>   CDf =  0.00317    CDp = 96.91238

 Side 1  free  transition at x/c =  0.5184   43
 Side 2  free  transition at x/c =  0.0327   15

  80   rms: 0.3024E+03   max: -.2230E+04   C at   84  2   RLX: 0.000
       a = -2.000      CL = -0.4560
      Cm =  0.1321     CD = 96.22234   =>   CDf =  0.00317    CDp = 96.21917

 Side 1  free  transition at x/c =  0.5184   43
 Side 2  free  transition at x/c =  0.0327   15

  81   rms: 0.2227E+04   max: -.1800E+05   C at   84  2   RLX: 0.000
       a = -2.000      CL = -0.4559
      Cm =  0.1320     CD = 95.92225   =>   CDf =  0.00317    CDp = 95.91908

 Side 1  free  transition at x/c =  0.5184   43
 Side 2  free  transition at x/c =  0.0327   15

  82   rms: 0.2112E+04   max: 0.1982E+05   C at   84  2   RLX: 0.000
       a = -2.000      CL = -0.4559
      Cm =  0.1321     CD = 96.40701   =>   CDf =  0.00317    CDp = 96.40383

 Side 1  free  transition at x/c =  0.5184   43
 Side 2  free  transition at x/c =  0.0327   15

  83   rms: 0.3501E+03   max: -.2651E+04   C at   84  2   RLX: 0.000
       a = -2.000      CL = -0.4556
      Cm =  0.1320     CD = 95.77449   =>   CDf =  0.00317    CDp = 95.77132

 Side 1  free  transition at x/c =  0.5184   43
 Side 2  free  transition at x/c =  0.0327   15

  84   rms: 0.3531E+04   max: -.2951E+05   C at   84  2   RLX: 0.000
       a = -2.000      CL = -0.4555
      Cm =  0.1320     CD = 95.46867   =>   CDf =  0.00317    CDp = 95.46550

 Side 1  free  transition at x/c =  0.5184   43
 Side 2  free  transition at x/c =  0.0327   15

  85   rms: 0.1807E+04   max: 0.1761E+05   C at   84  2   RLX: 0.000
       a = -2.000      CL = -0.4555
      Cm =  0.1320     CD = 95.98773   =>   CDf =  0.00317    CDp = 95.98456

 Side 1  free  transition at x/c =  0.5184   43
 Side 2  free  transition at x/c =  0.0327   15

  86   rms: 0.4009E+03   max: -.3124E+04   C at   84  2   RLX: 0.000
       a = -2.000      CL = -0.4552
      Cm =  0.1319     CD = 95.40861   =>   CDf =  0.00317    CDp = 95.40544

 Side 1  free  transition at x/c =  0.5184   43
 Side 2  free  transition at x/c =  0.0327   15

  87   rms: 0.7064E+04   max: -.6131E+05   C at   84  2   RLX: 0.000
       a = -2.000      CL = -0.4551
      Cm =  0.1319     CD = 95.09552   =>   CDf =  0.00317    CDp = 95.09235

 Side 1  free  transition at x/c =  0.5184   43
 Side 2  free  transition at x/c =  0.0327   15

  88   rms: 0.1573E+04   max: 0.1602E+05   C at   84  2   RLX: 0.000
       a = -2.000      CL = -0.4552
      Cm =  0.1319     CD = 95.66859   =>   CDf =  0.00317    CDp = 95.66542

 Side 1  free  transition at x/c =  0.5184   43
 Side 2  free  transition at x/c =  0.0327   15

  89   rms: 0.4550E+03   max: -.3652E+04   C at   84  2   RLX: 0.000
       a = -2.000      CL = -0.4549
      Cm =  0.1318     CD = 95.14270   =>   CDf =  0.00317    CDp = 95.13953

 Side 1  free  transition at x/c =  0.5184   43
 Side 2  free  transition at x/c =  0.0327   15

  90   rms: 0.4583E+05   max: -.4143E+06   C at   84  2   RLX: 0.000
       a = -2.000      CL = -0.4548
      Cm =  0.1318     CD = 94.83160   =>   CDf =  0.00317    CDp = 94.82843

 Side 1  free  transition at x/c =  0.5184   43
 Side 2  free  transition at x/c =  0.0327   15

  91   rms: 0.1390E+04   max: 0.1491E+05   C at   84  2   RLX: 0.000
       a = -2.000      CL = -0.4548
      Cm =  0.1318     CD = 95.45873   =>   CDf =  0.00317    CDp = 95.45556

 Side 1  free  transition at x/c =  0.5184   43
 Side 2  free  transition at x/c =  0.0327   15

  92   rms: 0.5097E+03   max: -.4202E+04   C at   84  2   RLX: 0.000
       a = -2.000      CL = -0.4546
      Cm =  0.1318     CD = 94.99428   =>   CDf =  0.00317    CDp = 94.99111

 Side 1  free  transition at x/c =  0.5184   43
 Side 2  free  transition at x/c =  0.0327   15

  93   rms: 0.1338E+05   max: 0.1255E+06   C at   84  2   RLX: 0.000
       a = -2.000      CL = -0.4547
      Cm =  0.1318     CD = 96.04531   =>   CDf =  0.00317    CDp = 96.04214

 Side 1  free  transition at x/c =  0.5184   43
 Side 2  free  transition at x/c =  0.0327   15

  94   rms: 0.1462E+03   max: -.1142E+04   C at   84  2   RLX: 0.000
       a = -2.000      CL = -0.4540
      Cm =  0.1316     CD = 95.24795   =>   CDf =  0.00317    CDp = 95.24477

 Side 1  free  transition at x/c =  0.5184   43
 Side 2  free  transition at x/c =  0.0327   15

  95   rms: 0.6661E+03   max: -.5721E+04   C at   84  2   RLX: 0.000
       a = -2.000      CL = -0.4538
      Cm =  0.1316     CD = 95.12122   =>   CDf =  0.00317    CDp = 95.11805

 Side 1  free  transition at x/c =  0.5184   43
 Side 2  free  transition at x/c =  0.0327   15

  96   rms: 0.4346E+04   max: 0.4289E+05   C at   84  2   RLX: 0.000
       a = -2.000      CL = -0.4539
      Cm =  0.1316     CD = 95.93009   =>   CDf =  0.00317    CDp = 95.92692

 Side 1  free  transition at x/c =  0.5184   43
 Side 2  free  transition at x/c =  0.0327   15

  97   rms: 0.1756E+03   max: -.1399E+04   C at   84  2   RLX: 0.000
       a = -2.000      CL = -0.4534
      Cm =  0.1315     CD = 95.66701   =>   CDf =  0.00317    CDp = 95.66384

 Side 1  free  transition at x/c =  0.5183   43
 Side 2  free  transition at x/c =  0.0327   15

  98   rms: 0.8571E+03   max: -.7521E+04   C at   84  2   RLX: 0.000
       a = -2.000      CL = -0.4532
      Cm =  0.1315     CD = 95.88179   =>   CDf =  0.00317    CDp = 95.87862

 Side 1  free  transition at x/c =  0.5183   43
 Side 2  free  transition at x/c =  0.0327   15

  99   rms: 0.3031E+04   max: 0.3080E+05   C at   84  2   RLX: 0.000
       a = -2.000      CL = -0.4533
      Cm =  0.1315     CD = 96.46636   =>   CDf =  0.00317    CDp = 96.46319

 Side 1  free  transition at x/c =  0.5183   43
 Side 2  free  transition at x/c =  0.0327   15

 100   rms: 0.2074E+03   max: -.1669E+04   C at   84  2   RLX: 0.000
       a = -2.000      CL = -0.4528
      Cm =  0.1314     CD = 96.64761   =>   CDf =  0.00317    CDp = 96.64444

 Side 1  free  transition at x/c =  0.5183   43
 Side 2  free  transition at x/c =  0.0327   15

 101   rms: 0.1114E+04   max: -.9941E+04   C at   84  2   RLX: 0.000
       a = -2.000      CL = -0.4526
      Cm =  0.1313     CD = 96.98626   =>   CDf =  0.00317    CDp = 96.98308

 Side 1  free  transition at x/c =  0.5183   43
 Side 2  free  transition at x/c =  0.0327   15

 102   rms: 0.2409E+04   max: 0.2508E+05   C at   84  2   RLX: 0.000
       a = -2.000      CL = -0.4527
      Cm =  0.1314     CD = 97.43056   =>   CDf =  0.00317    CDp = 97.42739

 Side 1  free  transition at x/c =  0.5183   43
 Side 2  free  transition at x/c =  0.0327   15

 103   rms: 0.2425E+03   max: -.1971E+04   C at   84  2   RLX: 0.000
       a = -2.000      CL = -0.4523
      Cm =  0.1313     CD = 97.83724   =>   CDf =  0.00317    CDp = 97.83406

 Side 1  free  transition at x/c =  0.5183   43
 Side 2  free  transition at x/c =  0.0327   15

 104   rms: 0.1477E+04   max: -.1340E+05   C at   84  2   RLX: 0.000
       a = -2.000      CL = -0.4522
      Cm =  0.1312     CD = 98.16529   =>   CDf =  0.00317    CDp = 98.16212

 Side 1  free  transition at x/c =  0.5183   43
 Side 2  free  transition at x/c =  0.0327   15

 105   rms: 0.2044E+04   max: 0.2177E+05   C at   84  2   RLX: 0.000
       a = -2.000      CL = -0.4522
      Cm =  0.1312     CD = 98.52407   =>   CDf =  0.00317    CDp = 98.52090

 Side 1  free  transition at x/c =  0.5183   43
 Side 2  free  transition at x/c =  0.0327   15

 106   rms: 0.2812E+03   max: -.2309E+04   C at   84  2   RLX: 0.000
       a = -2.000      CL = -0.4518
      Cm =  0.1312     CD = 99.03686   =>   CDf =  0.00317    CDp = 99.03369

 Side 1  free  transition at x/c =  0.5183   43
 Side 2  free  transition at x/c =  0.0327   15

 107   rms: 0.2012E+04   max: -.1853E+05   C at   84  2   RLX: 0.000
       a = -2.000      CL = -0.4517
      Cm =  0.1311     CD = 99.33069   =>   CDf =  0.00317    CDp = 99.32752

 Side 1  free  transition at x/c =  0.5183   43
 Side 2  free  transition at x/c =  0.0327   15

 108   rms: 0.1800E+04   max: 0.1958E+05   C at   84  2   RLX: 0.000
       a = -2.000      CL = -0.4518
      Cm =  0.1311     CD = 99.63461   =>   CDf =  0.00317    CDp = 99.63144

 Side 1  free  transition at x/c =  0.5183   43
 Side 2  free  transition at x/c =  0.0327   15

 109   rms: 0.3233E+03   max: -.2680E+04   C at   84  2   RLX: 0.000
       a = -2.000      CL = -0.4514
      Cm =  0.1311     CD =100.20214   =>   CDf =  0.00317    CDp =100.19897

 Side 1  free  transition at x/c =  0.5183   43
 Side 2  free  transition at x/c =  0.0327   15

 110   rms: 0.2866E+04   max: -.2677E+05   C at   84  2   RLX: 0.000
       a = -2.000      CL = -0.4513
      Cm =  0.1310     CD =100.46329   =>   CDf =  0.00317    CDp =100.46012

 Side 1  free  transition at x/c =  0.5183   43
 Side 2  free  transition at x/c =  0.0327   15

 111   rms: 0.1641E+04   max: 0.1820E+05   C at   84  2   RLX: 0.000
       a = -2.000      CL = -0.4514
      Cm =  0.1311     CD =100.72933   =>   CDf =  0.00317    CDp =100.72616

 Side 1  free  transition at x/c =  0.5183   43
 Side 2  free  transition at x/c =  0.0327   15

 112   rms: 0.3663E+03   max: -.3063E+04   C at   84  2   RLX: 0.000
       a = -2.000      CL = -0.4511
      Cm =  0.1310     CD =101.32981   =>   CDf =  0.00317    CDp =101.32664

 Side 1  free  transition at x/c =  0.5183   43
 Side 2  free  transition at x/c =  0.0327   15

 113   rms: 0.4449E+04   max: -.4211E+05   C at   84  2   RLX: 0.000
       a = -2.000      CL = -0.4510
      Cm =  0.1310     CD =101.56345   =>   CDf =  0.00317    CDp =101.56028

 Side 1  free  transition at x/c =  0.5183   43
 Side 2  free  transition at x/c =  0.0327   15

 114   rms: 0.1527E+04   max: 0.1724E+05   C at   84  2   RLX: 0.000
       a = -2.000      CL = -0.4510
      Cm =  0.1310     CD =101.80220   =>   CDf =  0.00317    CDp =101.79903

 Side 1  free  transition at x/c =  0.5183   43
 Side 2  free  transition at x/c =  0.0327   15

 115   rms: 0.4142E+03   max: -.3492E+04   C at   84  2   RLX: 0.000
       a = -2.000      CL = -0.4507
      Cm =  0.1309     CD =102.42318   =>   CDf =  0.00317    CDp =102.42001

 Side 1  free  transition at x/c =  0.5183   43
 Side 2  free  transition at x/c =  0.0327   15

 116   rms: 0.8244E+04   max: -.7900E+05   C at   84  2   RLX: 0.000
       a = -2.000      CL = -0.4506
      Cm =  0.1309     CD =102.63410   =>   CDf =  0.00317    CDp =102.63093

 Side 1  free  transition at x/c =  0.5183   43
 Side 2  free  transition at x/c =  0.0327   15

 117   rms: 0.1437E+04   max: 0.1650E+05   C at   84  2   RLX: 0.000
       a = -2.000      CL = -0.4507
      Cm =  0.1309     CD =102.85207   =>   CDf =  0.00317    CDp =102.84890

 Side 1  free  transition at x/c =  0.5183   43
 Side 2  free  transition at x/c =  0.0327   15

 118   rms: 0.4640E+03   max: -.3943E+04   C at   84  2   RLX: 0.000
       a = -2.000      CL = -0.4504
      Cm =  0.1308     CD =103.48781   =>   CDf =  0.00317    CDp =103.48464

 Side 1  free  transition at x/c =  0.5183   43
 Side 2  free  transition at x/c =  0.0327   15

 119   rms: 0.2979E+05   max: -.2888E+06   C at   84  2   RLX: 0.000
       a = -2.000      CL = -0.4503
      Cm =  0.1308     CD =103.67987   =>   CDf =  0.00317    CDp =103.67670

 Side 1  free  transition at x/c =  0.5183   43
 Side 2  free  transition at x/c =  0.0327   15

 120   rms: 0.1371E+04   max: 0.1598E+05   C at   84  2   RLX: 0.000
       a = -2.000      CL = -0.4503
      Cm =  0.1308     CD =103.88182   =>   CDf =  0.00317    CDp =103.87864

 Side 1  free  transition at x/c =  0.5183   43
 Side 2  free  transition at x/c =  0.0327   15

 121   rms: 0.5178E+03   max: -.4432E+04   C at   84  2   RLX: 0.000
       a = -2.000      CL = -0.4501
      Cm =  0.1308     CD =104.52861   =>   CDf =  0.00317    CDp =104.52544

 Side 1  free  transition at x/c =  0.5183   43
 Side 2  free  transition at x/c =  0.0327   15

 122   rms: 0.2439E+05   max: 0.2391E+06   C at   84  2   RLX: 0.000
       a = -2.000      CL = -0.4503
      Cm =  0.1308     CD =104.63036   =>   CDf =  0.00317    CDp =104.62719

 Side 1  free  transition at x/c =  0.5183   43
 Side 2  free  transition at x/c =  0.0327   15

 123   rms: 0.1533E+03   max: -.1215E+04   C at   84  2   RLX: 0.000
       a = -2.000      CL = -0.4496
      Cm =  0.1307     CD =105.35079   =>   CDf =  0.00317    CDp =105.34762

 Side 1  free  transition at x/c =  0.5183   43
 Side 2  free  transition at x/c =  0.0327   15

 124   rms: 0.6881E+03   max: -.5999E+04   C at   84  2   RLX: 0.000
       a = -2.000      CL = -0.4494
      Cm =  0.1306     CD =105.78396   =>   CDf =  0.00317    CDp =105.78079

 Side 1  free  transition at x/c =  0.5183   43
 Side 2  free  transition at x/c =  0.0327   15

 125   rms: 0.4876E+04   max: 0.4908E+05   C at   84  2   RLX: 0.000
       a = -2.000      CL = -0.4495
      Cm =  0.1307     CD =105.86397   =>   CDf =  0.00317    CDp =105.86080

 Side 1  free  transition at x/c =  0.5183   43
 Side 2  free  transition at x/c =  0.0327   15

 126   rms: 0.1855E+03   max: -.1486E+04   C at   84  2   RLX: 0.000
       a = -2.000      CL = -0.4490
      Cm =  0.1305     CD =106.52623   =>   CDf =  0.00317    CDp =106.52306

 Side 1  free  transition at x/c =  0.5182   43
 Side 2  free  transition at x/c =  0.0327   15

 127   rms: 0.9149E+03   max: -.8116E+04   C at   84  2   RLX: 0.000
       a = -2.000      CL = -0.4488
      Cm =  0.1305     CD =106.84984   =>   CDf =  0.00317    CDp =106.84667

 Side 1  free  transition at x/c =  0.5182   43
 Side 2  free  transition at x/c =  0.0327   15

 128   rms: 0.3021E+04   max: 0.3118E+05   C at   84  2   RLX: 0.000
       a = -2.000      CL = -0.4489
      Cm =  0.1305     CD =106.91970   =>   CDf =  0.00317    CDp =106.91653

 Side 1  free  transition at x/c =  0.5182   43
 Side 2  free  transition at x/c =  0.0327   15

 129   rms: 0.2210E+03   max: -.1790E+04   C at   84  2   RLX: 0.000
       a = -2.000      CL = -0.4484
      Cm =  0.1304     CD =107.54059   =>   CDf =  0.00317    CDp =107.53742

 Side 1  free  transition at x/c =  0.5182   43
 Side 2  free  transition at x/c =  0.0327   15

 130   rms: 0.1225E+04   max: -.1105E+05   C at   84  2   RLX: 0.000
       a = -2.000      CL = -0.4483
      Cm =  0.1304     CD =107.79220   =>   CDf =  0.00317    CDp =107.78903

 Side 1  free  transition at x/c =  0.5182   43
 Side 2  free  transition at x/c =  0.0327   15

 131   rms: 0.2324E+04   max: 0.2455E+05   C at   84  2   RLX: 0.000
       a = -2.000      CL = -0.4484
      Cm =  0.1304     CD =107.85757   =>   CDf =  0.00317    CDp =107.85440

 Side 1  free  transition at x/c =  0.5182   43
 Side 2  free  transition at x/c =  0.0327   15

 132   rms: 0.2596E+03   max: -.2124E+04   C at   84  2   RLX: 0.000
       a = -2.000      CL = -0.4480
      Cm =  0.1303     CD =108.45205   =>   CDf =  0.00317    CDp =108.44888

 Side 1  free  transition at x/c =  0.5182   43
 Side 2  free  transition at x/c =  0.0327   15

 133   rms: 0.1672E+04   max: -.1532E+05   C at   84  2   RLX: 0.000
       a = -2.000      CL = -0.4479
      Cm =  0.1303     CD =108.65302   =>   CDf =  0.00317    CDp =108.64985

 Side 1  free  transition at x/c =  0.5182   43
 Side 2  free  transition at x/c =  0.0327   15

 134   rms: 0.1960E+04   max: 0.2116E+05   C at   84  2   RLX: 0.000
       a = -2.000      CL = -0.4479
      Cm =  0.1303     CD =108.71665   =>   CDf =  0.00317    CDp =108.71348

 Side 1  free  transition at x/c =  0.5182   43
 Side 2  free  transition at x/c =  0.0327   15

 135   rms: 0.3015E+03   max: -.2491E+04   C at   84  2   RLX: 0.000
       a = -2.000      CL = -0.4475
      Cm =  0.1302     CD =109.29379   =>   CDf =  0.00317    CDp =109.29062

 Side 1  free  transition at x/c =  0.5182   43
 Side 2  free  transition at x/c =  0.0327   15

 136   rms: 0.2356E+04   max: -.2190E+05   C at   84  2   RLX: 0.000
       a = -2.000      CL = -0.4475
      Cm =  0.1302     CD =109.45877   =>   CDf =  0.00317    CDp =109.45560

 Side 1  free  transition at x/c =  0.5182   43
 Side 2  free  transition at x/c =  0.0327   15

 137   rms: 0.1733E+04   max: 0.1909E+05   C at   84  2   RLX: 0.000
       a = -2.000      CL = -0.4475
      Cm =  0.1302     CD =109.52221   =>   CDf =  0.00317    CDp =109.51904

 Side 1  free  transition at x/c =  0.5182   43
 Side 2  free  transition at x/c =  0.0327   15

 138   rms: 0.3458E+03   max: -.2882E+04   C at   84  2   RLX: 0.000
       a = -2.000      CL = -0.4472
      Cm =  0.1301     CD =110.08833   =>   CDf =  0.00317    CDp =110.08516

 Side 1  free  transition at x/c =  0.5182   43
 Side 2  free  transition at x/c =  0.0327   15

 139   rms: 0.3547E+04   max: -.3341E+05   C at   84  2   RLX: 0.000
       a = -2.000      CL = -0.4471
      Cm =  0.1301     CD =110.22649   =>   CDf =  0.00317    CDp =110.22332

 Side 1  free  transition at x/c =  0.5182   43
 Side 2  free  transition at x/c =  0.0327   15

 140   rms: 0.1584E+04   max: 0.1777E+05   C at   84  2   RLX: 0.000
       a = -2.000      CL = -0.4471
      Cm =  0.1301     CD =110.28986   =>   CDf =  0.00317    CDp =110.28670

 Side 1  free  transition at x/c =  0.5182   43
 Side 2  free  transition at x/c =  0.0327   15

 141   rms: 0.3938E+03   max: -.3311E+04   C at   84  2   RLX: 0.000
       a = -2.000      CL = -0.4468
      Cm =  0.1301     CD =110.84838   =>   CDf =  0.00317    CDp =110.84521

 Side 1  free  transition at x/c =  0.5182   43
 Side 2  free  transition at x/c =  0.0327   15

 142   rms: 0.6079E+04   max: -.5800E+05   C at   84  2   RLX: 0.000
       a = -2.000      CL = -0.4467
      Cm =  0.1300     CD =110.96649   =>   CDf =  0.00317    CDp =110.96332

 Side 1  free  transition at x/c =  0.5182   43
 Side 2  free  transition at x/c =  0.0327   15

 143   rms: 0.1477E+04   max: 0.1686E+05   C at   84  2   RLX: 0.000
       a = -2.000      CL = -0.4468
      Cm =  0.1300     CD =111.03001   =>   CDf =  0.00317    CDp =111.02684

 Side 1  free  transition at x/c =  0.5182   43
 Side 2  free  transition at x/c =  0.0327   15

 144   rms: 0.4450E+03   max: -.3771E+04   C at   84  2   RLX: 0.000
       a = -2.000      CL = -0.4465
      Cm =  0.1300     CD =111.58353   =>   CDf =  0.00317    CDp =111.58036

 Side 1  free  transition at x/c =  0.5182   43
 Side 2  free  transition at x/c =  0.0327   15

 145   rms: 0.1503E+05   max: -.1451E+06   C at   84  2   RLX: 0.000
       a = -2.000      CL = -0.4464
      Cm =  0.1300     CD =111.68575   =>   CDf =  0.00317    CDp =111.68258

 Side 1  free  transition at x/c =  0.5182   43
 Side 2  free  transition at x/c =  0.0327   15

 146   rms: 0.1397E+04   max: 0.1620E+05   C at   84  2   RLX: 0.000
       a = -2.000      CL = -0.4464
      Cm =  0.1300     CD =111.74931   =>   CDf =  0.00317    CDp =111.74614

 Side 1  free  transition at x/c =  0.5182   43
 Side 2  free  transition at x/c =  0.0327   15

 147   rms: 0.4993E+03   max: -.4263E+04   C at   84  2   RLX: 0.000
       a = -2.000      CL = -0.4462
      Cm =  0.1299     CD =112.29929   =>   CDf =  0.00317    CDp =112.29612

 Side 1  free  transition at x/c =  0.5182   43
 Side 2  free  transition at x/c =  0.0327   15

 148   rms: 0.6248E+05   max: 0.6101E+06   C at   84  2   RLX: 0.000
       a = -2.000      CL = -0.4464
      Cm =  0.1300     CD =112.13976   =>   CDf =  0.00317    CDp =112.13659

 Side 1  free  transition at x/c =  0.5182   43
 Side 2  free  transition at x/c =  0.0327   15

 149   rms: 0.1498E+03   max: -.1185E+04   C at   84  2   RLX: 0.000
       a = -2.000      CL = -0.4457
      Cm =  0.1298     CD =112.55364   =>   CDf =  0.00317    CDp =112.55047

 Side 1  free  transition at x/c =  0.5182   43
 Side 2  free  transition at x/c =  0.0327   15

 150   rms: 0.6626E+03   max: -.5763E+04   C at   84  2   RLX: 0.000
       a = -2.000      CL = -0.4455
      Cm =  0.1298     CD =112.77607   =>   CDf =  0.00317    CDp =112.77290

 Side 1  free  transition at x/c =  0.5182   43
 Side 2  free  transition at x/c =  0.0327   15

 151   rms: 0.5228E+04   max: 0.5245E+05   C at   84  2   RLX: 0.000
       a = -2.000      CL = -0.4456
      Cm =  0.1298     CD =112.65021   =>   CDf =  0.00317    CDp =112.64704

 Side 1  free  transition at x/c =  0.5182   43
 Side 2  free  transition at x/c =  0.0327   15

 152   rms: 0.1809E+03   max: -.1447E+04   C at   84  2   RLX: 0.000
       a = -2.000      CL = -0.4451
      Cm =  0.1297     CD =113.02104   =>   CDf =  0.00317    CDp =113.01787

 Side 1  free  transition at x/c =  0.5182   43
 Side 2  free  transition at x/c =  0.0327   15

 153   rms: 0.8848E+03   max: -.7832E+04   C at   84  2   RLX: 0.000
       a = -2.000      CL = -0.4449
      Cm =  0.1296     CD =113.16775   =>   CDf =  0.00317    CDp =113.16458

 Side 1  free  transition at x/c =  0.5181   43
 Side 2  free  transition at x/c =  0.0327   15

 154   rms: 0.3071E+04   max: 0.3160E+05   C at   84  2   RLX: 0.000
       a = -2.000      CL = -0.4450
      Cm =  0.1297     CD =113.07062   =>   CDf =  0.00317    CDp =113.06745

 Side 1  free  transition at x/c =  0.5182   43
 Side 2  free  transition at x/c =  0.0327   15

 155   rms: 0.2163E+03   max: -.1749E+04   C at   84  2   RLX: 0.000
       a = -2.000      CL = -0.4445
      Cm =  0.1295     CD =113.41562   =>   CDf =  0.00317    CDp =113.41245

 Side 1  free  transition at x/c =  0.5181   43
 Side 2  free  transition at x/c =  0.0327   15

 156   rms: 0.1188E+04   max: -.1069E+05   C at   84  2   RLX: 0.000
       a = -2.000      CL = -0.4444
      Cm =  0.1295     CD =113.51404   =>   CDf =  0.00317    CDp =113.51087

 Side 1  free  transition at x/c =  0.5181   43
 Side 2  free  transition at x/c =  0.0327   15

 157   rms: 0.2321E+04   max: 0.2445E+05   C at   84  2   RLX: 0.000
       a = -2.000      CL = -0.4444
      Cm =  0.1295     CD =113.44084   =>   CDf =  0.00317    CDp =113.43767

 Side 1  free  transition at x/c =  0.5181   43
 Side 2  free  transition at x/c =  0.0327   15

 158   rms: 0.2546E+03   max: -.2080E+04   C at   84  2   RLX: 0.000
       a = -2.000      CL = -0.4440
      Cm =  0.1294     CD =113.77263   =>   CDf =  0.00317    CDp =113.76947

 Side 1  free  transition at x/c =  0.5181   43
 Side 2  free  transition at x/c =  0.0327   15

 159   rms: 0.1629E+04   max: -.1489E+05   C at   84  2   RLX: 0.000
       a = -2.000      CL = -0.4439
      Cm =  0.1294     CD =113.83906   =>   CDf =  0.00317    CDp =113.83589

 Side 1  free  transition at x/c =  0.5181   43
 Side 2  free  transition at x/c =  0.0327   15

 160   rms: 0.1942E+04   max: 0.2091E+05   C at   84  2   RLX: 0.000
       a = -2.000      CL = -0.4440
      Cm =  0.1294     CD =113.78516   =>   CDf =  0.00317    CDp =113.78199

 Side 1  free  transition at x/c =  0.5181   43
 Side 2  free  transition at x/c =  0.0327   15

 161   rms: 0.2963E+03   max: -.2444E+04   C at   84  2   RLX: 0.000
       a = -2.000      CL = -0.4436
      Cm =  0.1293     CD =114.10865   =>   CDf =  0.00317    CDp =114.10548

 Side 1  free  transition at x/c =  0.5181   43
 Side 2  free  transition at x/c =  0.0327   15

 162   rms: 0.2314E+04   max: -.2147E+05   C at   84  2   RLX: 0.000
       a = -2.000      CL = -0.4435
      Cm =  0.1293     CD =114.15154   =>   CDf =  0.00317    CDp =114.14837

 Side 1  free  transition at x/c =  0.5181   43
 Side 2  free  transition at x/c =  0.0327   15

 163   rms: 0.1713E+04   max: 0.1883E+05   C at   84  2   RLX: 0.000
       a = -2.000      CL = -0.4435
      Cm =  0.1293     CD =114.11336   =>   CDf =  0.00317    CDp =114.11019

 Side 1  free  transition at x/c =  0.5181   43
 Side 2  free  transition at x/c =  0.0327   15

 164   rms: 0.3414E+03   max: -.2842E+04   C at   84  2   RLX: 0.000
       a = -2.000      CL = -0.4432
      Cm =  0.1293     CD =114.43231   =>   CDf =  0.00317    CDp =114.42914

 Side 1  free  transition at x/c =  0.5181   43
 Side 2  free  transition at x/c =  0.0327   15

 165   rms: 0.3517E+04   max: -.3308E+05   C at   84  2   RLX: 0.000
       a = -2.000      CL = -0.4431
      Cm =  0.1292     CD =114.45817   =>   CDf =  0.00317    CDp =114.45500

 Side 1  free  transition at x/c =  0.5181   43
 Side 2  free  transition at x/c =  0.0327   15

 166   rms: 0.1562E+04   max: 0.1749E+05   C at   84  2   RLX: 0.000
       a = -2.000      CL = -0.4431
      Cm =  0.1292     CD =114.43265   =>   CDf =  0.00317    CDp =114.42948

 Side 1  free  transition at x/c =  0.5181   43
 Side 2  free  transition at x/c =  0.0327   15

 167   rms: 0.3899E+03   max: -.3274E+04   C at   84  2   RLX: 0.000
       a = -2.000      CL = -0.4428
      Cm =  0.1292     CD =114.74939   =>   CDf =  0.00317    CDp =114.74622

 Side 1  free  transition at x/c =  0.5181   43
 Side 2  free  transition at x/c =  0.0327   15

 168   rms: 0.6141E+04   max: -.5852E+05   C at   84  2   RLX: 0.000
       a = -2.000      CL = -0.4428
      Cm =  0.1292     CD =114.76350   =>   CDf =  0.00317    CDp =114.76034

 Side 1  free  transition at x/c =  0.5181   43
 Side 2  free  transition at x/c =  0.0327   15

 169   rms: 0.1453E+04   max: 0.1656E+05   C at   84  2   RLX: 0.000
       a = -2.000      CL = -0.4428
      Cm =  0.1292     CD =114.74839   =>   CDf =  0.00317    CDp =114.74522

 Side 1  free  transition at x/c =  0.5181   43
 Side 2  free  transition at x/c =  0.0327   15

 170   rms: 0.4417E+03   max: -.3739E+04   C at   84  2   RLX: 0.000
       a = -2.000      CL = -0.4425
      Cm =  0.1291     CD =115.06312   =>   CDf =  0.00317    CDp =115.05996

 Side 1  free  transition at x/c =  0.5181   43
 Side 2  free  transition at x/c =  0.0327   15

 171   rms: 0.1622E+05   max: -.1565E+06   C at   84  2   RLX: 0.000
       a = -2.000      CL = -0.4425
      Cm =  0.1291     CD =115.06745   =>   CDf =  0.00317    CDp =115.06429

 Side 1  free  transition at x/c =  0.5181   43
 Side 2  free  transition at x/c =  0.0327   15

 172   rms: 0.1373E+04   max: 0.1591E+05   C at   84  2   RLX: 0.000
       a = -2.000      CL = -0.4425
      Cm =  0.1291     CD =115.06053   =>   CDf =  0.00317    CDp =115.05736

 Side 1  free  transition at x/c =  0.5181   43
 Side 2  free  transition at x/c =  0.0327   15

 173   rms: 0.4967E+03   max: -.4237E+04   C at   84  2   RLX: 0.000
       a = -2.000      CL = -0.4422
      Cm =  0.1290     CD =115.37377   =>   CDf =  0.00317    CDp =115.37060

 Side 1  free  transition at x/c =  0.5181   43
 Side 2  free  transition at x/c =  0.0327   15

 174   rms: 0.4246E+05   max: 0.4142E+06   C at   84  2   RLX: 0.000
       a = -2.000      CL = -0.4424
      Cm =  0.1291     CD =115.15675   =>   CDf =  0.00317    CDp =115.15358

 Side 1  free  transition at x/c =  0.5181   43
 Side 2  free  transition at x/c =  0.0327   15

 175   rms: 0.1491E+03   max: -.1176E+04   C at   84  2   RLX: 0.000
       a = -2.000      CL = -0.4417
      Cm =  0.1289     CD =115.08278   =>   CDf =  0.00317    CDp =115.07961

 Side 1  free  transition at x/c =  0.5181   43
 Side 2  free  transition at x/c =  0.0327   15

 176   rms: 0.6670E+03   max: -.5797E+04   C at   84  2   RLX: 0.000
       a = -2.000      CL = -0.4415
      Cm =  0.1289     CD =115.08017   =>   CDf =  0.00317    CDp =115.07700

 Side 1  free  transition at x/c =  0.5181   43
 Side 2  free  transition at x/c =  0.0327   15

 177   rms: 0.4978E+04   max: 0.4991E+05   C at   84  2   RLX: 0.000
       a = -2.000      CL = -0.4416
      Cm =  0.1289     CD =114.92777   =>   CDf =  0.00317    CDp =114.92460

 Side 1  free  transition at x/c =  0.5181   43
 Side 2  free  transition at x/c =  0.0327   15

 178   rms: 0.1817E+03   max: -.1451E+04   C at   84  2   RLX: 0.000
       a = -2.000      CL = -0.4411
      Cm =  0.1288     CD =114.79804   =>   CDf =  0.00317    CDp =114.79487

 Side 1  free  transition at x/c =  0.5181   43
 Side 2  free  transition at x/c =  0.0327   15

 179   rms: 0.8947E+03   max: -.7915E+04   C at   84  2   RLX: 0.000
       a = -2.000      CL = -0.4409
      Cm =  0.1288     CD =114.73483   =>   CDf =  0.00317    CDp =114.73166

 Side 1  free  transition at x/c =  0.5181   43
 Side 2  free  transition at x/c =  0.0327   15

 180   rms: 0.2977E+04   max: 0.3062E+05   C at   84  2   RLX: 0.000
       a = -2.000      CL = -0.4410
      Cm =  0.1288     CD =114.63082   =>   CDf =  0.00317    CDp =114.62765

 Side 1  free  transition at x/c =  0.5181   43
 Side 2  free  transition at x/c =  0.0327   15

 181   rms: 0.2176E+03   max: -.1756E+04   C at   84  2   RLX: 0.000
       a = -2.000      CL = -0.4405
      Cm =  0.1287     CD =114.47106   =>   CDf =  0.00317    CDp =114.46789

 Side 1  free  transition at x/c =  0.5180   43
 Side 2  free  transition at x/c =  0.0327   15

 182   rms: 0.1211E+04   max: -.1090E+05   C at   84  2   RLX: 0.000
       a = -2.000      CL = -0.4404
      Cm =  0.1286     CD =114.37111   =>   CDf =  0.00317    CDp =114.36794

 Side 1  free  transition at x/c =  0.5180   43
 Side 2  free  transition at x/c =  0.0327   15

 183   rms: 0.2264E+04   max: 0.2385E+05   C at   84  2   RLX: 0.000
       a = -2.000      CL = -0.4405
      Cm =  0.1287     CD =114.30273   =>   CDf =  0.00317    CDp =114.29956

 Side 1  free  transition at x/c =  0.5181   43
 Side 2  free  transition at x/c =  0.0327   15

 184   rms: 0.2568E+03   max: -.2095E+04   C at   84  2   RLX: 0.000
       a = -2.000      CL = -0.4400
      Cm =  0.1286     CD =114.13162   =>   CDf =  0.00317    CDp =114.12845

 Side 1  free  transition at x/c =  0.5180   43
 Side 2  free  transition at x/c =  0.0327   15

 185   rms: 0.1676E+04   max: -.1532E+05   C at   84  2   RLX: 0.000
       a = -2.000      CL = -0.4399
      Cm =  0.1285     CD =114.01047   =>   CDf =  0.00317    CDp =114.00730

 Side 1  free  transition at x/c =  0.5180   43
 Side 2  free  transition at x/c =  0.0327   15

 186   rms: 0.1900E+04   max: 0.2046E+05   C at   84  2   RLX: 0.000
       a = -2.000      CL = -0.4400
      Cm =  0.1286     CD =113.96792   =>   CDf =  0.00317    CDp =113.96475

 Side 1  free  transition at x/c =  0.5180   43
 Side 2  free  transition at x/c =  0.0327   15

 187   rms: 0.2996E+03   max: -.2469E+04   C at   84  2   RLX: 0.000
       a = -2.000      CL = -0.4396
      Cm =  0.1285     CD =113.79954   =>   CDf =  0.00317    CDp =113.79637

 Side 1  free  transition at x/c =  0.5180   43
 Side 2  free  transition at x/c =  0.0327   15

 188   rms: 0.2416E+04   max: -.2241E+05   C at   84  2   RLX: 0.000
       a = -2.000      CL = -0.4395
      Cm =  0.1284     CD =113.66808   =>   CDf =  0.00317    CDp =113.66491

 Side 1  free  transition at x/c =  0.5180   43
 Side 2  free  transition at x/c =  0.0327   15

 189   rms: 0.1679E+04   max: 0.1845E+05   C at   84  2   RLX: 0.000
       a = -2.000      CL = -0.4396
      Cm =  0.1285     CD =113.64422   =>   CDf =  0.00317    CDp =113.64105

 Side 1  free  transition at x/c =  0.5180   43
 Side 2  free  transition at x/c =  0.0327   15

 190   rms: 0.3458E+03   max: -.2877E+04   C at   84  2   RLX: 0.000
       a = -2.000      CL = -0.4392
      Cm =  0.1284     CD =113.48845   =>   CDf =  0.00317    CDp =113.48528

 Side 1  free  transition at x/c =  0.5180   43
 Side 2  free  transition at x/c =  0.0327   15

 191   rms: 0.3768E+04   max: -.3545E+05   C at   84  2   RLX: 0.000
       a = -2.000      CL = -0.4391
      Cm =  0.1284     CD =113.35302   =>   CDf =  0.00317    CDp =113.34985

 Side 1  free  transition at x/c =  0.5180   43
 Side 2  free  transition at x/c =  0.0327   15

 192   rms: 0.1532E+04   max: 0.1716E+05   C at   84  2   RLX: 0.000
       a = -2.000      CL = -0.4392
      Cm =  0.1284     CD =113.34269   =>   CDf =  0.00317    CDp =113.33952

 Side 1  free  transition at x/c =  0.5180   43
 Side 2  free  transition at x/c =  0.0327   15

 193   rms: 0.3958E+03   max: -.3322E+04   C at   84  2   RLX: 0.000
       a = -2.000      CL = -0.4389
      Cm =  0.1283     CD =113.20543   =>   CDf =  0.00317    CDp =113.20227

 Side 1  free  transition at x/c =  0.5180   43
 Side 2  free  transition at x/c =  0.0327   15

 194   rms: 0.6981E+04   max: -.6654E+05   C at   84  2   RLX: 0.000
       a = -2.000      CL = -0.4388
      Cm =  0.1283     CD =113.07002   =>   CDf =  0.00317    CDp =113.06685

 Side 1  free  transition at x/c =  0.5180   43
 Side 2  free  transition at x/c =  0.0327   15

 195   rms: 0.1427E+04   max: 0.1626E+05   C at   84  2   RLX: 0.000
       a = -2.000      CL = -0.4388
      Cm =  0.1283     CD =113.06973   =>   CDf =  0.00317    CDp =113.06656

 Side 1  free  transition at x/c =  0.5180   43
 Side 2  free  transition at x/c =  0.0327   15

 196   rms: 0.4494E+03   max: -.3804E+04   C at   84  2   RLX: 0.000
       a = -2.000      CL = -0.4386
      Cm =  0.1282     CD =112.95409   =>   CDf =  0.00317    CDp =112.95093

 Side 1  free  transition at x/c =  0.5180   43
 Side 2  free  transition at x/c =  0.0327   15

 197   rms: 0.2410E+05   max: -.2325E+06   C at   84  2   RLX: 0.000
       a = -2.000      CL = -0.4385
      Cm =  0.1282     CD =112.82055   =>   CDf =  0.00317    CDp =112.81738

 Side 1  free  transition at x/c =  0.5180   43
 Side 2  free  transition at x/c =  0.0327   15

 198   rms: 0.1348E+04   max: 0.1562E+05   C at   84  2   RLX: 0.000
       a = -2.000      CL = -0.4385
      Cm =  0.1282     CD =112.82780   =>   CDf =  0.00317    CDp =112.82464

 Side 1  free  transition at x/c =  0.5180   43
 Side 2  free  transition at x/c =  0.0327   15

 199   rms: 0.5067E+03   max: -.4322E+04   C at   84  2   RLX: 0.000
       a = -2.000      CL = -0.4383
      Cm =  0.1282     CD =112.73462   =>   CDf =  0.00317    CDp =112.73145

 Side 1  free  transition at x/c =  0.5180   43
 Side 2  free  transition at x/c =  0.0327   15

 200   rms: 0.2266E+05   max: 0.2211E+06   C at   84  2   RLX: 0.000
       a = -2.000      CL = -0.4384
      Cm =  0.1282     CD =112.70542   =>   CDf =  0.00317    CDp =112.70225

 Side 1  free  transition at x/c =  0.5180   43
 Side 2  free  transition at x/c =  0.0327   15

 201   rms: 0.1511E+03   max: -.1192E+04   C at   84  2   RLX: 0.000
       a = -2.000      CL = -0.4378
      Cm =  0.1281     CD =111.69364   =>   CDf =  0.00317    CDp =111.69047

 Side 1  free  transition at x/c =  0.5180   43
 Side 2  free  transition at x/c =  0.0327   15

 202   rms: 0.6840E+03   max: -.5947E+04   C at   84  2   RLX: 0.000
       a = -2.000      CL = -0.4376
      Cm =  0.1280     CD =111.37138   =>   CDf =  0.00317    CDp =111.36821

 Side 1  free  transition at x/c =  0.5180   43
 Side 2  free  transition at x/c =  0.0327   15

 203   rms: 0.4509E+04   max: 0.4523E+05   C at   84  2   RLX: 0.000
       a = -2.000      CL = -0.4377
      Cm =  0.1281     CD =111.36559   =>   CDf =  0.00317    CDp =111.36243

 Side 1  free  transition at x/c =  0.5180   43
 Side 2  free  transition at x/c =  0.0327   15

 204   rms: 0.1842E+03   max: -.1472E+04   C at   84  2   RLX: 0.000
       a = -2.000      CL = -0.4371
      Cm =  0.1279     CD =110.44856   =>   CDf =  0.00317    CDp =110.44539

 Side 1  free  transition at x/c =  0.5180   43
 Side 2  free  transition at x/c =  0.0327   15

 205   rms: 0.9259E+03   max: -.8195E+04   C at   84  2   RLX: 0.000
       a = -2.000      CL = -0.4370
      Cm =  0.1279     CD =110.13731   =>   CDf =  0.00317    CDp =110.13414
 VISCAL:  Convergence failed
      9.000    4.6255 110.137306   0.001250   0.001395   0.000145    0.5180     #
 Calculating wake trajectory ...
 Calculating source influence matrix ...

 Solving BL system ...

 Side 1  free  transition at x/c =  0.5180   43
 Side 2  free  transition at x/c =  0.0327   15

   1   rms: 0.3243E+04   max: 0.3337E+05   C at   84  2   RLX: 0.000
       a = -3.000      CL = -0.4365
      Cm =  0.1279     CD =110.14175   =>   CDf =  0.00317    CDp =110.13858

 Side 1  free  transition at x/c =  0.5180   43
 Side 2  free  transition at x/c =  0.0327   15

   2   rms: 0.2555E+03   max: -.2065E+04   C at   84  2   RLX: 0.000
       a = -3.000      CL = -0.4360
      Cm =  0.1278     CD =109.34256   =>   CDf =  0.00317    CDp =109.33939

 Side 1  free  transition at x/c =  0.5180   43
 Side 2  free  transition at x/c =  0.0327   15

   3   rms: 0.1466E+04   max: -.1320E+05   C at   84  2   RLX: 0.000
       a = -3.000      CL = -0.4359
      Cm =  0.1278     CD =109.04312   =>   CDf =  0.00317    CDp =109.03996

 Side 1  free  transition at x/c =  0.5180   43
 Side 2  free  transition at x/c =  0.0327   15

   4   rms: 0.2500E+04   max: 0.2635E+05   C at   84  2   RLX: 0.000
       a = -3.000      CL = -0.4360
      Cm =  0.1278     CD =109.05140   =>   CDf =  0.00317    CDp =109.04823

 Side 1  free  transition at x/c =  0.5180   43
 Side 2  free  transition at x/c =  0.0327   15

   5   rms: 0.3028E+03   max: -.2473E+04   C at   84  2   RLX: 0.000
       a = -3.000      CL = -0.4356
      Cm =  0.1277     CD =108.36602   =>   CDf =  0.00317    CDp =108.36285

 Side 1  free  transition at x/c =  0.5179   43
 Side 2  free  transition at x/c =  0.0327   15

   6   rms: 0.2071E+04   max: -.1894E+05   C at   84  2   RLX: 0.000
       a = -3.000      CL = -0.4355
      Cm =  0.1277     CD =108.08931   =>   CDf =  0.00317    CDp =108.08615

 Side 1  free  transition at x/c =  0.5179   43
 Side 2  free  transition at x/c =  0.0327   15

   7   rms: 0.2118E+04   max: 0.2283E+05   C at   84  2   RLX: 0.000
       a = -3.000      CL = -0.4355
      Cm =  0.1277     CD =108.10098   =>   CDf =  0.00317    CDp =108.09781

 Side 1  free  transition at x/c =  0.5180   43
 Side 2  free  transition at x/c =  0.0327   15

   8   rms: 0.3554E+03   max: -.2932E+04   C at   84  2   RLX: 0.000
       a = -3.000      CL = -0.4352
      Cm =  0.1276     CD =107.51829   =>   CDf =  0.00317    CDp =107.51513

 Side 1  free  transition at x/c =  0.5179   43
 Side 2  free  transition at x/c =  0.0327   15

   9   rms: 0.3070E+04   max: -.2851E+05   C at   84  2   RLX: 0.000
       a = -3.000      CL = -0.4351
      Cm =  0.1276     CD =107.26339   =>   CDf =  0.00317    CDp =107.26022

 Side 1  free  transition at x/c =  0.5179   43
 Side 2  free  transition at x/c =  0.0327   15

  10   rms: 0.1876E+04   max: 0.2064E+05   C at   84  2   RLX: 0.000
       a = -3.000      CL = -0.4351
      Cm =  0.1276     CD =107.27752   =>   CDf =  0.00317    CDp =107.27435

 Side 1  free  transition at x/c =  0.5179   43
 Side 2  free  transition at x/c =  0.0327   15

  11   rms: 0.4117E+03   max: -.3429E+04   C at   84  2   RLX: 0.000
       a = -3.000      CL = -0.4348
      Cm =  0.1276     CD =106.78481   =>   CDf =  0.00317    CDp =106.78164

 Side 1  free  transition at x/c =  0.5179   43
 Side 2  free  transition at x/c =  0.0327   15

  12   rms: 0.5021E+04   max: -.4728E+05   C at   84  2   RLX: 0.000
       a = -3.000      CL = -0.4348
      Cm =  0.1275     CD =106.54942   =>   CDf =  0.00317    CDp =106.54626

 Side 1  free  transition at x/c =  0.5179   43
 Side 2  free  transition at x/c =  0.0327   15

  13   rms: 0.1717E+04   max: 0.1926E+05   C at   84  2   RLX: 0.000
       a = -3.000      CL = -0.4348
      Cm =  0.1275     CD =106.56569   =>   CDf =  0.00317    CDp =106.56252

 Side 1  free  transition at x/c =  0.5179   43
 Side 2  free  transition at x/c =  0.0327   15

  14   rms: 0.4712E+03   max: -.3960E+04   C at   84  2   RLX: 0.000
       a = -3.000      CL = -0.4345
      Cm =  0.1275     CD =106.14977   =>   CDf =  0.00317    CDp =106.14660

 Side 1  free  transition at x/c =  0.5179   43
 Side 2  free  transition at x/c =  0.0327   15

  15   rms: 0.1056E+05   max: -.1008E+06   C at   84  2   RLX: 0.000
       a = -3.000      CL = -0.4345
      Cm =  0.1275     CD =105.93145   =>   CDf =  0.00317    CDp =105.92828

 Side 1  free  transition at x/c =  0.5179   43
 Side 2  free  transition at x/c =  0.0327   15

  16   rms: 0.1603E+04   max: 0.1830E+05   C at   84  2   RLX: 0.000
       a = -3.000      CL = -0.4345
      Cm =  0.1275     CD =105.94962   =>   CDf =  0.00317    CDp =105.94645

 Side 1  free  transition at x/c =  0.5179   43
 Side 2  free  transition at x/c =  0.0327   15

  17   rms: 0.5366E+03   max: -.4546E+04   C at   84  2   RLX: 0.000
       a = -3.000      CL = -0.4342
      Cm =  0.1274     CD =105.59972   =>   CDf =  0.00317    CDp =105.59655

 Side 1  free  transition at x/c =  0.5179   43
 Side 2  free  transition at x/c =  0.0327   15

  18   rms: 0.1315E+06   max: -.1270E+07   C at   84  2   RLX: 0.000
       a = -3.000      CL = -0.4342
      Cm =  0.1274     CD =105.39641   =>   CDf =  0.00317    CDp =105.39324

 Side 1  free  transition at x/c =  0.5179   43
 Side 2  free  transition at x/c =  0.0327   15

  19   rms: 0.1518E+04   max: 0.1762E+05   C at   84  2   RLX: 0.000
       a = -3.000      CL = -0.4342
      Cm =  0.1274     CD =105.41658   =>   CDf =  0.00317    CDp =105.41342

 Side 1  free  transition at x/c =  0.5179   43
 Side 2  free  transition at x/c =  0.0327   15

  20   rms: 0.6059E+03   max: -.5174E+04   C at   84  2   RLX: 0.000
       a = -3.000      CL = -0.4340
      Cm =  0.1274     CD =105.12328   =>   CDf =  0.00317    CDp =105.12011

 Side 1  free  transition at x/c =  0.5179   43
 Side 2  free  transition at x/c =  0.0327   15

  21   rms: 0.1524E+05   max: 0.1489E+06   C at   84  2   RLX: 0.000
       a = -3.000      CL = -0.4341
      Cm =  0.1274     CD =105.16774   =>   CDf =  0.00317    CDp =105.16457

 Side 1  free  transition at x/c =  0.5179   43
 Side 2  free  transition at x/c =  0.0327   15

  22   rms: 0.1784E+03   max: -.1411E+04   C at   84  2   RLX: 0.000
       a = -3.000      CL = -0.4335
      Cm =  0.1273     CD =103.77472   =>   CDf =  0.00317    CDp =103.77155

 Side 1  free  transition at x/c =  0.5179   43
 Side 2  free  transition at x/c =  0.0327   15

  23   rms: 0.8253E+03   max: -.7183E+04   C at   84  2   RLX: 0.000
       a = -3.000      CL = -0.4333
      Cm =  0.1272     CD =103.35769   =>   CDf =  0.00317    CDp =103.35453

 Side 1  free  transition at x/c =  0.5179   43
 Side 2  free  transition at x/c =  0.0327   15

  24   rms: 0.4605E+04   max: 0.4625E+05   C at   84  2   RLX: 0.000
       a = -3.000      CL = -0.4334
      Cm =  0.1273     CD =103.38720   =>   CDf =  0.00317    CDp =103.38403

 Side 1  free  transition at x/c =  0.5179   43
 Side 2  free  transition at x/c =  0.0327   15

  25   rms: 0.2181E+03   max: -.1746E+04   C at   84  2   RLX: 0.000
       a = -3.000      CL = -0.4329
      Cm =  0.1271     CD =102.23286   =>   CDf =  0.00317    CDp =102.22969

 Side 1  free  transition at x/c =  0.5179   43
 Side 2  free  transition at x/c =  0.0327   15

  26   rms: 0.1126E+04   max: -.9981E+04   C at   84  2   RLX: 0.000
       a = -3.000      CL = -0.4328
      Cm =  0.1271     CD =101.85446   =>   CDf =  0.00317    CDp =101.85130

 MRCHDU: Convergence failed at 107  side 2    Res =  0.1433E-03
 Side 1  free  transition at x/c =  0.5179   43
 Side 2  free  transition at x/c =  0.0327   15

  27   rms: 0.3006E+04   max: 0.3099E+05   C at   84  2   RLX: 0.000
       a = -3.000      CL = -0.4329
      Cm =  0.1271     CD =101.87547   =>   CDf =  0.00317    CDp =101.87230

 Side 1  free  transition at x/c =  0.5179   43
 Side 2  free  transition at x/c =  0.0327   15

  28   rms: 0.2623E+03   max: -.2123E+04   C at   84  2   RLX: 0.000
       a = -3.000      CL = -0.4324
      Cm =  0.1270     CD =100.91349   =>   CDf =  0.00317    CDp =100.91033

 MRCHDU: Convergence failed at 107  side 2    Res =  0.1042E-03
 Side 1  free  transition at x/c =  0.5179   43
 Side 2  free  transition at x/c =  0.0327   15

  29   rms: 0.1562E+04   max: -.1407E+05   C at   84  2   RLX: 0.000
       a = -3.000      CL = -0.4323
      Cm =  0.1270     CD =100.57134   =>   CDf =  0.00317    CDp =100.56817

 MRCHDU: Convergence failed at 106  side 2    Res =  0.2563E-04
 MRCHDU: Convergence failed at 107  side 2    Res =  0.3394E-03
 Side 1  free  transition at x/c =  0.5179   43
 Side 2  free  transition at x/c =  0.0327   15

  30   rms: 0.2367E+04   max: 0.2499E+05   C at   84  2   RLX: 0.000
       a = -3.000      CL = -0.4324
      Cm =  0.1270     CD =100.58784   =>   CDf =  0.00317    CDp =100.58467

 Side 1  free  transition at x/c =  0.5179   43
 Side 2  free  transition at x/c =  0.0327   15

  31   rms: 0.3111E+03   max: -.2545E+04   C at   84  2   RLX: 0.000
       a = -3.000      CL = -0.4320
      Cm =  0.1269     CD = 99.78354   =>   CDf =  0.00317    CDp = 99.78038

 MRCHDU: Convergence failed at 106  side 2    Res =  0.2205E-04
 MRCHDU: Convergence failed at 107  side 2    Res =  0.3393E-03
 Side 1  free  transition at x/c =  0.5179   43
 Side 2  free  transition at x/c =  0.0327   15

  32   rms: 0.2246E+04   max: -.2057E+05   C at   84  2   RLX: 0.000
       a = -3.000      CL = -0.4319
      Cm =  0.1269     CD = 99.47323   =>   CDf =  0.00317    CDp = 99.47006

 MRCHDU: Convergence failed at 106  side 2    Res =  0.2594E-03
 MRCHDU: Convergence failed at 107  side 2    Res =  0.3393E-03
 Side 1  free  transition at x/c =  0.5179   43
 Side 2  free  transition at x/c =  0.0327   15

  33   rms: 0.2027E+04   max: 0.2189E+05   C at   84  2   RLX: 0.000
       a = -3.000      CL = -0.4320
      Cm =  0.1269     CD = 99.48754   =>   CDf =  0.00317    CDp = 99.48438

 MRCHDU: Convergence failed at 107  side 2    Res =  0.3454E-04
 Side 1  free  transition at x/c =  0.5179   43
 Side 2  free  transition at x/c =  0.0327   15

  34   rms: 0.3651E+03   max: -.3016E+04   C at   84  2   RLX: 0.000
       a = -3.000      CL = -0.4316
      Cm =  0.1269     CD = 98.81308   =>   CDf =  0.00317    CDp = 98.80991

 MRCHDU: Convergence failed at 106  side 2    Res =  0.2935E-03
 MRCHDU: Convergence failed at 107  side 2    Res =  0.3391E-03
 Side 1  free  transition at x/c =  0.5179   43
 Side 2  free  transition at x/c =  0.0327   15

  35   rms: 0.3434E+04   max: -.3192E+05   C at   84  2   RLX: 0.000
       a = -3.000      CL = -0.4315
      Cm =  0.1268     CD = 98.53058   =>   CDf =  0.00317    CDp = 98.52742

 MRCHDU: Convergence failed at 106  side 2    Res =  0.5133E-03
 MRCHDU: Convergence failed at 107  side 2    Res =  0.3391E-03
 Side 1  free  transition at x/c =  0.5179   43
 Side 2  free  transition at x/c =  0.0327   15

  36   rms: 0.1813E+04   max: 0.1998E+05   C at   84  2   RLX: 0.000
       a = -3.000      CL = -0.4316
      Cm =  0.1268     CD = 98.54445   =>   CDf =  0.00317    CDp = 98.54129

 MRCHDU: Convergence failed at 106  side 2    Res =  0.5841E-04
 MRCHDU: Convergence failed at 107  side 2    Res =  0.3391E-03
 Side 1  free  transition at x/c =  0.5179   43
 Side 2  free  transition at x/c =  0.0327   15

  37   rms: 0.4236E+03   max: -.3532E+04   C at   84  2   RLX: 0.000
       a = -3.000      CL = -0.4313
      Cm =  0.1268     CD = 97.97716   =>   CDf =  0.00317    CDp = 97.97399

 MRCHDU: Convergence failed at 106  side 2    Res =  0.5832E-03
 MRCHDU: Convergence failed at 107  side 2    Res =  0.3390E-03
 Side 1  free  transition at x/c =  0.5179   43
 Side 2  free  transition at x/c =  0.0327   15

  38   rms: 0.6005E+04   max: -.5661E+05   C at   84  2   RLX: 0.000
       a = -3.000      CL = -0.4312
      Cm =  0.1268     CD = 97.71850   =>   CDf =  0.00317    CDp = 97.71533

 MRCHDU: Convergence failed at 105  side 2    Res =  0.1824E-03
 MRCHDU: Convergence failed at 106  side 2    Res =  0.6071E-03
 MRCHDU: Convergence failed at 107  side 2    Res =  0.3390E-03
 Side 1  free  transition at x/c =  0.5179   43
 Side 2  free  transition at x/c =  0.0327   15

  39   rms: 0.1667E+04   max: 0.1873E+05   C at   84  2   RLX: 0.000
       a = -3.000      CL = -0.4312
      Cm =  0.1268     CD = 97.73265   =>   CDf =  0.00317    CDp = 97.72949

 MRCHDU: Convergence failed at 106  side 2    Res =  0.4253E-03
 MRCHDU: Convergence failed at 107  side 2    Res =  0.3390E-03
 Side 1  free  transition at x/c =  0.5179   43
 Side 2  free  transition at x/c =  0.0327   15

  40   rms: 0.4869E+03   max: -.4096E+04   C at   84  2   RLX: 0.000
       a = -3.000      CL = -0.4310
      Cm =  0.1267     CD = 97.25470   =>   CDf =  0.00317    CDp = 97.25153

 MRCHDU: Convergence failed at 105  side 2    Res =  0.2850E-03
 MRCHDU: Convergence failed at 106  side 2    Res =  0.6068E-03
 MRCHDU: Convergence failed at 107  side 2    Res =  0.3389E-03
 Side 1  free  transition at x/c =  0.5179   43
 Side 2  free  transition at x/c =  0.0327   15

  41   rms: 0.1559E+05   max: -.1489E+06   C at   84  2   RLX: 0.000
       a = -3.000      CL = -0.4309
      Cm =  0.1267     CD = 97.01619   =>   CDf =  0.00317    CDp = 97.01303

 MRCHDU: Convergence failed at 100  side 2    Res =  0.1420E-03
 MRCHDU: Convergence failed at 105  side 2    Res =  0.3374E-03
 MRCHDU: Convergence failed at 106  side 2    Res =  0.6067E-03
 MRCHDU: Convergence failed at 107  side 2    Res =  0.3388E-03
 Side 1  free  transition at x/c =  0.5179   43
 Side 2  free  transition at x/c =  0.0327   15

  42   rms: 0.1562E+04   max: 0.1786E+05   C at   84  2   RLX: 0.000
       a = -3.000      CL = -0.4309
      Cm =  0.1267     CD = 96.92364   =>   CDf =  0.00317    CDp = 96.92048

 MRCHDU: Convergence failed at 105  side 2    Res =  0.2087E-03
 MRCHDU: Convergence failed at 106  side 2    Res =  0.6068E-03
 MRCHDU: Convergence failed at 107  side 2    Res =  0.3389E-03
 Side 1  free  transition at x/c =  0.5179   43
 Side 2  free  transition at x/c =  0.0327   15

  43   rms: 0.5553E+03   max: -.4710E+04   C at   84  2   RLX: 0.000
       a = -3.000      CL = -0.4307
      Cm =  0.1266     CD = 96.64051   =>   CDf =  0.00317    CDp = 96.63734

 MRCHDU: Convergence failed at 100  side 2    Res =  0.2915E-03
 MRCHDU: Convergence failed at 105  side 2    Res =  0.3346E-03
 MRCHDU: Convergence failed at 106  side 2    Res =  0.6064E-03
 MRCHDU: Convergence failed at 107  side 2    Res =  0.3387E-03
 Side 1  free  transition at x/c =  0.5178   43
 Side 2  free  transition at x/c =  0.0327   15

  44   rms: 0.4785E+05   max: 0.4628E+06   C at   84  2   RLX: 0.000
       a = -3.000      CL = -0.4309
      Cm =  0.1267     CD = 96.47538   =>   CDf =  0.00317    CDp = 96.47222

 MRCHDU: Convergence failed at 107  side 2    Res =  0.1639E-03
 Side 1  free  transition at x/c =  0.5179   43
 Side 2  free  transition at x/c =  0.0327   15

  45   rms: 0.1675E+03   max: -.1321E+04   C at   84  2   RLX: 0.000
       a = -3.000      CL = -0.4302
      Cm =  0.1265     CD = 95.19849   =>   CDf =  0.00317    CDp = 95.19533

 MRCHDU: Convergence failed at 100  side 2    Res =  0.1716E-03
 MRCHDU: Convergence failed at 105  side 2    Res =  0.3279E-03
 MRCHDU: Convergence failed at 106  side 2    Res =  0.6057E-03
 MRCHDU: Convergence failed at 107  side 2    Res =  0.3385E-03
 Side 1  free  transition at x/c =  0.5178   43
 Side 2  free  transition at x/c =  0.0327   15

  46   rms: 0.7609E+03   max: -.6580E+04   C at   84  2   RLX: 0.000
       a = -3.000      CL = -0.4300
      Cm =  0.1265     CD = 94.63299   =>   CDf =  0.00317    CDp = 94.62983

 MRCHDU: Convergence failed at 100  side 2    Res =  0.5013E-03
 MRCHDU: Convergence failed at 105  side 2    Res =  0.3247E-03
 MRCHDU: Convergence failed at 106  side 2    Res =  0.6054E-03
 MRCHDU: Convergence failed at 107  side 2    Res =  0.3384E-03
 Side 1  free  transition at x/c =  0.5178   43
 Side 2  free  transition at x/c =  0.0327   15

  47   rms: 0.5322E+04   max: 0.5296E+05   C at   84  2   RLX: 0.000
       a = -3.000      CL = -0.4302
      Cm =  0.1265     CD = 94.40839   =>   CDf =  0.00317    CDp = 94.40523

 MRCHDU: Convergence failed at 106  side 2    Res =  0.3191E-03
 MRCHDU: Convergence failed at 107  side 2    Res =  0.3384E-03
 Side 1  free  transition at x/c =  0.5178   43
 Side 2  free  transition at x/c =  0.0327   15

  48   rms: 0.2067E+03   max: -.1649E+04   C at   84  2   RLX: 0.000
       a = -3.000      CL = -0.4296
      Cm =  0.1264     CD = 93.57859   =>   CDf =  0.00317    CDp = 93.57542

 MRCHDU: Convergence failed at 100  side 2    Res =  0.4147E-03
 MRCHDU: Convergence failed at 105  side 2    Res =  0.3186E-03
 MRCHDU: Convergence failed at 106  side 2    Res =  0.6047E-03
 MRCHDU: Convergence failed at 107  side 2    Res =  0.3382E-03
 Side 1  free  transition at x/c =  0.5178   43
 Side 2  free  transition at x/c =  0.0327   15

  49   rms: 0.1043E+04   max: -.9184E+04   C at   84  2   RLX: 0.000
       a = -3.000      CL = -0.4295
      Cm =  0.1264     CD = 92.87444   =>   CDf =  0.00317    CDp = 92.87127

 MRCHDU: Convergence failed at 100  side 2    Res =  0.6753E-03
 MRCHDU: Convergence failed at 105  side 2    Res =  0.3156E-03
 MRCHDU: Convergence failed at 106  side 2    Res =  0.6044E-03
 MRCHDU: Convergence failed at 107  side 2    Res =  0.3381E-03
 Side 1  free  transition at x/c =  0.5178   43
 Side 2  free  transition at x/c =  0.0327   15

  50   rms: 0.3192E+04   max: 0.3263E+05   C at   84  2   RLX: 0.000
       a = -3.000      CL = -0.4296
      Cm =  0.1264     CD = 92.67721   =>   CDf =  0.00317    CDp = 92.67405

 MRCHDU: Convergence failed at 105  side 2    Res =  0.1142E-03
 MRCHDU: Convergence failed at 106  side 2    Res =  0.6047E-03
 MRCHDU: Convergence failed at 107  side 2    Res =  0.3381E-03
 Side 1  free  transition at x/c =  0.5178   43
 Side 2  free  transition at x/c =  0.0327   15

  51   rms: 0.2503E+03   max: -.2019E+04   C at   84  2   RLX: 0.000
       a = -3.000      CL = -0.4291
      Cm =  0.1263     CD = 92.20320   =>   CDf =  0.00317    CDp = 92.20003

 MRCHDU: Convergence failed at 100  side 2    Res =  0.6394E-03
 MRCHDU: Convergence failed at 105  side 2    Res =  0.3099E-03
 MRCHDU: Convergence failed at 106  side 2    Res =  0.6039E-03
 MRCHDU: Convergence failed at 107  side 2    Res =  0.3379E-03
 Side 1  free  transition at x/c =  0.5178   43
 Side 2  free  transition at x/c =  0.0327   15

  52   rms: 0.1450E+04   max: -.1300E+05   C at   84  2   RLX: 0.000
       a = -3.000      CL = -0.4290
      Cm =  0.1263     CD = 91.37476   =>   CDf =  0.00317    CDp = 91.37160

 MRCHDU: Convergence failed at 100  side 2    Res =  0.8488E-03
 MRCHDU: Convergence failed at 105  side 2    Res =  0.3072E-03
 MRCHDU: Convergence failed at 106  side 2    Res =  0.6036E-03
 MRCHDU: Convergence failed at 107  side 2    Res =  0.3378E-03
 Side 1  free  transition at x/c =  0.5178   43
 Side 2  free  transition at x/c =  0.0327   15

  53   rms: 0.2437E+04   max: 0.2553E+05   C at   84  2   RLX: 0.000
       a = -3.000      CL = -0.4290
      Cm =  0.1263     CD = 91.19860   =>   CDf =  0.00317    CDp = 91.19543

 MRCHDU: Convergence failed at 100  side 2    Res =  0.1619E-03
 MRCHDU: Convergence failed at 105  side 2    Res =  0.3095E-03
 MRCHDU: Convergence failed at 106  side 2    Res =  0.6038E-03
 MRCHDU: Convergence failed at 107  side 2    Res =  0.3379E-03
 Side 1  free  transition at x/c =  0.5178   43
 Side 2  free  transition at x/c =  0.0327   15

  54   rms: 0.2987E+03   max: -.2436E+04   C at   84  2   RLX: 0.000
       a = -3.000      CL = -0.4287
      Cm =  0.1262     CD = 90.91790   =>   CDf =  0.00317    CDp = 90.91474

 MRCHDU: Convergence failed at 100  side 2    Res =  0.8558E-03
 MRCHDU: Convergence failed at 105  side 2    Res =  0.3018E-03
 MRCHDU: Convergence failed at 106  side 2    Res =  0.6031E-03
 MRCHDU: Convergence failed at 107  side 2    Res =  0.3377E-03
 Side 1  free  transition at x/c =  0.5178   43
 Side 2  free  transition at x/c =  0.0327   15

  55   rms: 0.2084E+04   max: -.1899E+05   C at   84  2   RLX: 0.000
       a = -3.000      CL = -0.4286
      Cm =  0.1262     CD = 90.07610   =>   CDf =  0.00317    CDp = 90.07294

 MRCHDU: Convergence failed at 100  side 2    Res =  0.1026E-02
 MRCHDU: Convergence failed at 105  side 2    Res =  0.2993E-03
 MRCHDU: Convergence failed at 106  side 2    Res =  0.6029E-03
 MRCHDU: Convergence failed at 107  side 2    Res =  0.3376E-03
 Side 1  free  transition at x/c =  0.5178   43
 Side 2  free  transition at x/c =  0.0327   15

  56   rms: 0.2055E+04   max: 0.2203E+05   C at   84  2   RLX: 0.000
       a = -3.000      CL = -0.4286
      Cm =  0.1262     CD = 89.91689   =>   CDf =  0.00317    CDp = 89.91372

 MRCHDU: Convergence failed at 100  side 2    Res =  0.4982E-03
 MRCHDU: Convergence failed at 105  side 2    Res =  0.3014E-03
 MRCHDU: Convergence failed at 106  side 2    Res =  0.6031E-03
 MRCHDU: Convergence failed at 107  side 2    Res =  0.3376E-03
 Side 1  free  transition at x/c =  0.5178   43
 Side 2  free  transition at x/c =  0.0327   15

  57   rms: 0.3529E+03   max: -.2906E+04   C at   84  2   RLX: 0.000
       a = -3.000      CL = -0.4283
      Cm =  0.1261     CD = 89.67096   =>   CDf =  0.00317    CDp = 89.66780

 MRCHDU: Convergence failed at 100  side 2    Res =  0.1065E-02
 MRCHDU: Convergence failed at 105  side 2    Res =  0.2941E-03
 MRCHDU: Convergence failed at 106  side 2    Res =  0.6025E-03
 MRCHDU: Convergence failed at 107  side 2    Res =  0.3374E-03
 Side 1  free  transition at x/c =  0.5178   43
 Side 2  free  transition at x/c =  0.0327   15

  58   rms: 0.3162E+04   max: -.2926E+05   C at   84  2   RLX: 0.000
       a = -3.000      CL = -0.4282
      Cm =  0.1261     CD = 88.93544   =>   CDf =  0.00317    CDp = 88.93228

 MRCHDU: Convergence failed at 100  side 2    Res =  0.1204E-02
 MRCHDU: Convergence failed at 105  side 2    Res =  0.2917E-03
 MRCHDU: Convergence failed at 106  side 2    Res =  0.6023E-03
 MRCHDU: Convergence failed at 107  side 2    Res =  0.3374E-03
 Side 1  free  transition at x/c =  0.5178   43
 Side 2  free  transition at x/c =  0.0327   15

  59   rms: 0.1819E+04   max: 0.1992E+05   C at   84  2   RLX: 0.000
       a = -3.000      CL = -0.4282
      Cm =  0.1261     CD = 88.78911   =>   CDf =  0.00317    CDp = 88.78594

 MRCHDU: Convergence failed at 100  side 2    Res =  0.8113E-03
 MRCHDU: Convergence failed at 105  side 2    Res =  0.2936E-03
 MRCHDU: Convergence failed at 106  side 2    Res =  0.6024E-03
 MRCHDU: Convergence failed at 107  side 2    Res =  0.3374E-03
 Side 1  free  transition at x/c =  0.5178   43
 Side 2  free  transition at x/c =  0.0327   15

  60   rms: 0.4104E+03   max: -.3412E+04   C at   84  2   RLX: 0.000
       a = -3.000      CL = -0.4279
      Cm =  0.1260     CD = 88.57146   =>   CDf =  0.00317    CDp = 88.56829

 MRCHDU: Convergence failed at 100  side 2    Res =  0.1278E-02
 MRCHDU: Convergence failed at 105  side 2    Res =  0.2866E-03
 MRCHDU: Convergence failed at 106  side 2    Res =  0.6018E-03
 MRCHDU: Convergence failed at 107  side 2    Res =  0.3372E-03
 Side 1  free  transition at x/c =  0.5178   43
 Side 2  free  transition at x/c =  0.0327   15

  61   rms: 0.5458E+04   max: -.5124E+05   C at   84  2   RLX: 0.000
       a = -3.000      CL = -0.4278
      Cm =  0.1260     CD = 87.91871   =>   CDf =  0.00317    CDp = 87.91554

 MRCHDU: Convergence failed at 100  side 2    Res =  0.1390E-02
 MRCHDU: Convergence failed at 105  side 2    Res =  0.2844E-03
 MRCHDU: Convergence failed at 106  side 2    Res =  0.6017E-03
 MRCHDU: Convergence failed at 107  side 2    Res =  0.3372E-03
 Side 1  free  transition at x/c =  0.5178   43
 Side 2  free  transition at x/c =  0.0327   15

  62   rms: 0.1664E+04   max: 0.1859E+05   C at   84  2   RLX: 0.000
       a = -3.000      CL = -0.4279
      Cm =  0.1260     CD = 87.78312   =>   CDf =  0.00317    CDp = 87.77996

 MRCHDU: Convergence failed at 100  side 2    Res =  0.1114E-02
 MRCHDU: Convergence failed at 105  side 2    Res =  0.2862E-03
 MRCHDU: Convergence failed at 106  side 2    Res =  0.6018E-03
 MRCHDU: Convergence failed at 107  side 2    Res =  0.3372E-03
 Side 1  free  transition at x/c =  0.5178   43
 Side 2  free  transition at x/c =  0.0327   15

  63   rms: 0.4740E+03   max: -.3976E+04   C at   84  2   RLX: 0.000
       a = -3.000      CL = -0.4276
      Cm =  0.1260     CD = 87.58918   =>   CDf =  0.00317    CDp = 87.58602

 MRCHDU: Convergence failed at 100  side 2    Res =  0.1498E-02
 MRCHDU: Convergence failed at 105  side 2    Res =  0.2794E-03
 MRCHDU: Convergence failed at 106  side 2    Res =  0.6013E-03
 MRCHDU: Convergence failed at 107  side 2    Res =  0.3370E-03
 Side 1  free  transition at x/c =  0.5178   43
 Side 2  free  transition at x/c =  0.0327   15

  64   rms: 0.1341E+05   max: -.1276E+06   C at   84  2   RLX: 0.000
       a = -3.000      CL = -0.4275
      Cm =  0.1259     CD = 87.00365   =>   CDf =  0.00317    CDp = 87.00048

 MRCHDU: Convergence failed at 100  side 2    Res =  0.1588E-02
 MRCHDU: Convergence failed at 105  side 2    Res =  0.2772E-03
 MRCHDU: Convergence failed at 106  side 2    Res =  0.6011E-03
 MRCHDU: Convergence failed at 107  side 2    Res =  0.3370E-03
 Side 1  free  transition at x/c =  0.5178   43
 Side 2  free  transition at x/c =  0.0327   15

  65   rms: 0.1554E+04   max: 0.1768E+05   C at   84  2   RLX: 0.000
       a = -3.000      CL = -0.4276
      Cm =  0.1260     CD = 86.87751   =>   CDf =  0.00317    CDp = 86.87434

 MRCHDU: Convergence failed at 100  side 2    Res =  0.1412E-02
 MRCHDU: Convergence failed at 105  side 2    Res =  0.2789E-03
 MRCHDU: Convergence failed at 106  side 2    Res =  0.6012E-03
 MRCHDU: Convergence failed at 107  side 2    Res =  0.3370E-03
 Side 1  free  transition at x/c =  0.5178   43
 Side 2  free  transition at x/c =  0.0327   15

  66   rms: 0.5424E+03   max: -.4589E+04   C at   84  2   RLX: 0.000
       a = -3.000      CL = -0.4273
      Cm =  0.1259     CD = 86.70217   =>   CDf =  0.00317    CDp = 86.69900

 MRCHDU: Convergence failed at 100  side 2    Res =  0.1727E-02
 MRCHDU: Convergence failed at 105  side 2    Res =  0.2723E-03
 MRCHDU: Convergence failed at 106  side 2    Res =  0.6008E-03
 MRCHDU: Convergence failed at 107  side 2    Res =  0.3369E-03
 Side 1  free  transition at x/c =  0.5178   43
 Side 2  free  transition at x/c =  0.0327   15

  67   rms: 0.6499E+05   max: 0.6263E+06   C at   84  2   RLX: 0.000
       a = -3.000      CL = -0.4275
      Cm =  0.1259     CD = 86.44972   =>   CDf =  0.00317    CDp = 86.44656

 MRCHDU: Convergence failed at 100  side 2    Res =  0.4289E-03
 MRCHDU: Convergence failed at 105  side 2    Res =  0.2783E-03
 MRCHDU: Convergence failed at 106  side 2    Res =  0.6012E-03
 MRCHDU: Convergence failed at 107  side 2    Res =  0.3370E-03
 Side 1  free  transition at x/c =  0.5178   43
 Side 2  free  transition at x/c =  0.0327   15

  68   rms: 0.1645E+03   max: -.1296E+04   C at   84  2   RLX: 0.000
       a = -3.000      CL = -0.4268
      Cm =  0.1258     CD = 86.02257   =>   CDf =  0.00317    CDp = 86.01941

 MRCHDU: Convergence failed at 100  side 2    Res =  0.1695E-02
 MRCHDU: Convergence failed at 105  side 2    Res =  0.2598E-03
 MRCHDU: Convergence failed at 106  side 2    Res =  0.5999E-03
 MRCHDU: Convergence failed at 107  side 2    Res =  0.3366E-03
 Side 1  free  transition at x/c =  0.5178   43
 Side 2  free  transition at x/c =  0.0327   15

  69   rms: 0.7474E+03   max: -.6448E+04   C at   84  2   RLX: 0.000
       a = -3.000      CL = -0.4266
      Cm =  0.1257     CD = 84.67267   =>   CDf =  0.00317    CDp = 84.66951

 MRCHDU: Convergence failed at 100  side 2    Res =  0.1912E-02
 MRCHDU: Convergence failed at 105  side 2    Res =  0.2532E-03
 MRCHDU: Convergence failed at 106  side 2    Res =  0.5995E-03
 MRCHDU: Convergence failed at 107  side 2    Res =  0.3364E-03
 Side 1  free  transition at x/c =  0.5178   43
 Side 2  free  transition at x/c =  0.0327   15

  70   rms: 0.5313E+04   max: 0.5270E+05   C at   84  2   RLX: 0.000
       a = -3.000      CL = -0.4268
      Cm =  0.1258     CD = 84.45652   =>   CDf =  0.00317    CDp = 84.45335

 MRCHDU: Convergence failed at 100  side 2    Res =  0.9035E-03
 MRCHDU: Convergence failed at 105  side 2    Res =  0.2591E-03
 MRCHDU: Convergence failed at 106  side 2    Res =  0.5999E-03
 MRCHDU: Convergence failed at 107  side 2    Res =  0.3366E-03
 Side 1  free  transition at x/c =  0.5178   43
 Side 2  free  transition at x/c =  0.0327   15

  71   rms: 0.2038E+03   max: -.1624E+04   C at   84  2   RLX: 0.000
       a = -3.000      CL = -0.4262
      Cm =  0.1257     CD = 84.10467   =>   CDf =  0.00317    CDp = 84.10150

 MRCHDU: Convergence failed at 100  side 2    Res =  0.1866E-02
 MRCHDU: Convergence failed at 105  side 2    Res =  0.2401E-03
 MRCHDU: Convergence failed at 106  side 2    Res =  0.5988E-03
 MRCHDU: Convergence failed at 107  side 2    Res =  0.3362E-03
 Side 1  free  transition at x/c =  0.5178   43
 Side 2  free  transition at x/c =  0.0327   15

  72   rms: 0.1032E+04   max: -.9071E+04   C at   84  2   RLX: 0.000
       a = -3.000      CL = -0.4261
      Cm =  0.1256     CD = 82.99045   =>   CDf =  0.00317    CDp = 82.98729

 MRCHDU: Convergence failed at 100  side 2    Res =  0.2020E-02
 MRCHDU: Convergence failed at 105  side 2    Res =  0.2334E-03
 MRCHDU: Convergence failed at 106  side 2    Res =  0.5984E-03
 MRCHDU: Convergence failed at 107  side 2    Res =  0.3361E-03
 Side 1  free  transition at x/c =  0.5178   43
 Side 2  free  transition at x/c =  0.0327   15

  73   rms: 0.3154E+04   max: 0.3213E+05   C at   84  2   RLX: 0.000
       a = -3.000      CL = -0.4262
      Cm =  0.1256     CD = 82.80135   =>   CDf =  0.00317    CDp = 82.79818

 MRCHDU: Convergence failed at 100  side 2    Res =  0.1239E-02
 MRCHDU: Convergence failed at 105  side 2    Res =  0.2393E-03
 MRCHDU: Convergence failed at 106  side 2    Res =  0.5987E-03
 MRCHDU: Convergence failed at 107  side 2    Res =  0.3362E-03
 Side 1  free  transition at x/c =  0.5178   43
 Side 2  free  transition at x/c =  0.0327   15

  74   rms: 0.2480E+03   max: -.1998E+04   C at   84  2   RLX: 0.000
       a = -3.000      CL = -0.4257
      Cm =  0.1255     CD = 82.50559   =>   CDf =  0.00317    CDp = 82.50242

 MRCHDU: Convergence failed at 100  side 2    Res =  0.1988E-02
 MRCHDU: Convergence failed at 105  side 2    Res =  0.2193E-03
 MRCHDU: Convergence failed at 106  side 2    Res =  0.5978E-03
 MRCHDU: Convergence failed at 107  side 2    Res =  0.3359E-03
 Side 1  free  transition at x/c =  0.5177   43
 Side 2  free  transition at x/c =  0.0327   15

  75   rms: 0.1446E+04   max: -.1293E+05   C at   84  2   RLX: 0.000
       a = -3.000      CL = -0.4256
      Cm =  0.1255     CD = 81.56688   =>   CDf =  0.00317    CDp = 81.56372

 MRCHDU: Convergence failed at 100  side 2    Res =  0.2101E-02
 MRCHDU: Convergence failed at 105  side 2    Res =  0.2121E-03
 MRCHDU: Convergence failed at 106  side 2    Res =  0.5975E-03
 MRCHDU: Convergence failed at 107  side 2    Res =  0.3358E-03
 Side 1  free  transition at x/c =  0.5177   43
 Side 2  free  transition at x/c =  0.0327   15

  76   rms: 0.2401E+04   max: 0.2509E+05   C at   84  2   RLX: 0.000
       a = -3.000      CL = -0.4256
      Cm =  0.1255     CD = 81.39859   =>   CDf =  0.00317    CDp = 81.39542

 MRCHDU: Convergence failed at 100  side 2    Res =  0.1503E-02
 MRCHDU: Convergence failed at 105  side 2    Res =  0.2183E-03
 MRCHDU: Convergence failed at 106  side 2    Res =  0.5977E-03
 MRCHDU: Convergence failed at 107  side 2    Res =  0.3359E-03
 Side 1  free  transition at x/c =  0.5177   43
 Side 2  free  transition at x/c =  0.0327   15

  77   rms: 0.2971E+03   max: -.2420E+04   C at   84  2   RLX: 0.000
       a = -3.000      CL = -0.4252
      Cm =  0.1254     CD = 81.14607   =>   CDf =  0.00317    CDp = 81.14291

 MRCHDU: Convergence failed at 100  side 2    Res =  0.2096E-02
 MRCHDU: Convergence failed at 105  side 2    Res =  0.1963E-03
 MRCHDU: Convergence failed at 106  side 2    Res =  0.5969E-03
 MRCHDU: Convergence failed at 107  side 2    Res =  0.3356E-03
 Side 1  free  transition at x/c =  0.5177   43
 Side 2  free  transition at x/c =  0.0327   15

  78   rms: 0.2095E+04   max: -.1906E+05   C at   84  2   RLX: 0.000
       a = -3.000      CL = -0.4251
      Cm =  0.1254     CD = 80.34105   =>   CDf =  0.00317    CDp = 80.33788

 MRCHDU: Convergence failed at 100  side 2    Res =  0.2179E-02
 MRCHDU: Convergence failed at 105  side 2    Res =  0.1884E-03
 MRCHDU: Convergence failed at 106  side 2    Res =  0.5966E-03
 MRCHDU: Convergence failed at 107  side 2    Res =  0.3355E-03
 Side 1  free  transition at x/c =  0.5177   43
 Side 2  free  transition at x/c =  0.0327   15

  79   rms: 0.2025E+04   max: 0.2165E+05   C at   84  2   RLX: 0.000
       a = -3.000      CL = -0.4252
      Cm =  0.1254     CD = 80.18878   =>   CDf =  0.00317    CDp = 80.18561

 MRCHDU: Convergence failed at 100  side 2    Res =  0.1733E-02
 MRCHDU: Convergence failed at 105  side 2    Res =  0.1951E-03
 MRCHDU: Convergence failed at 106  side 2    Res =  0.5968E-03
 MRCHDU: Convergence failed at 107  side 2    Res =  0.3356E-03
 Side 1  free  transition at x/c =  0.5177   43
 Side 2  free  transition at x/c =  0.0327   15

  80   rms: 0.3518E+03   max: -.2895E+04   C at   84  2   RLX: 0.000
       a = -3.000      CL = -0.4249
      Cm =  0.1254     CD = 79.97001   =>   CDf =  0.00317    CDp = 79.96685

 MRCHDU: Convergence failed at 100  side 2    Res =  0.2209E-02
 MRCHDU: Convergence failed at 105  side 2    Res =  0.1702E-03
 MRCHDU: Convergence failed at 106  side 2    Res =  0.5961E-03
 MRCHDU: Convergence failed at 107  side 2    Res =  0.3353E-03
 Side 1  free  transition at x/c =  0.5177   43
 Side 2  free  transition at x/c =  0.0327   15

  81   rms: 0.3237E+04   max: -.2990E+05   C at   84  2   RLX: 0.000
       a = -3.000      CL = -0.4248
      Cm =  0.1253     CD = 79.26759   =>   CDf =  0.00316    CDp = 79.26443

 MRCHDU: Convergence failed at 100  side 2    Res =  0.2270E-02
 MRCHDU: Convergence failed at 105  side 2    Res =  0.1611E-03
 MRCHDU: Convergence failed at 106  side 2    Res =  0.5959E-03
 MRCHDU: Convergence failed at 107  side 2    Res =  0.3352E-03
 Side 1  free  transition at x/c =  0.5177   43
 Side 2  free  transition at x/c =  0.0327   15

  82   rms: 0.1795E+04   max: 0.1962E+05   C at   84  2   RLX: 0.000
       a = -3.000      CL = -0.4248
      Cm =  0.1253     CD = 79.12822   =>   CDf =  0.00316    CDp = 79.12506

 MRCHDU: Convergence failed at 100  side 2    Res =  0.1952E-02
 MRCHDU: Convergence failed at 105  side 2    Res =  0.1686E-03
 MRCHDU: Convergence failed at 106  side 2    Res =  0.5961E-03
 MRCHDU: Convergence failed at 107  side 2    Res =  0.3353E-03
 Side 1  free  transition at x/c =  0.5177   43
 Side 2  free  transition at x/c =  0.0327   15

  83   rms: 0.4114E+03   max: -.3417E+04   C at   84  2   RLX: 0.000
       a = -3.000      CL = -0.4245
      Cm =  0.1253     CD = 78.93596   =>   CDf =  0.00316    CDp = 78.93279

 MRCHDU: Convergence failed at 100  side 2    Res =  0.2335E-02
 MRCHDU: Convergence failed at 105  side 2    Res =  0.1392E-03
 MRCHDU: Convergence failed at 106  side 2    Res =  0.5954E-03
 MRCHDU: Convergence failed at 107  side 2    Res =  0.3351E-03
 Side 1  free  transition at x/c =  0.5177   43
 Side 2  free  transition at x/c =  0.0327   15

  84   rms: 0.5751E+04   max: -.5391E+05   C at   84  2   RLX: 0.000
       a = -3.000      CL = -0.4244
      Cm =  0.1253     CD = 78.31491   =>   CDf =  0.00316    CDp = 78.31175

 MRCHDU: Convergence failed at 100  side 2    Res =  0.2377E-02
 MRCHDU: Convergence failed at 105  side 2    Res =  0.1285E-03
 MRCHDU: Convergence failed at 106  side 2    Res =  0.5952E-03
 MRCHDU: Convergence failed at 107  side 2    Res =  0.3350E-03
 Side 1  free  transition at x/c =  0.5177   43
 Side 2  free  transition at x/c =  0.0327   15

  85   rms: 0.1642E+04   max: 0.1831E+05   C at   84  2   RLX: 0.000
       a = -3.000      CL = -0.4245
      Cm =  0.1253     CD = 78.18600   =>   CDf =  0.00316    CDp = 78.18284

 MRCHDU: Convergence failed at 100  side 2    Res =  0.2170E-02
 MRCHDU: Convergence failed at 105  side 2    Res =  0.1372E-03
 MRCHDU: Convergence failed at 106  side 2    Res =  0.5953E-03
 MRCHDU: Convergence failed at 107  side 2    Res =  0.3351E-03
 Side 1  free  transition at x/c =  0.5177   43
 Side 2  free  transition at x/c =  0.0327   15

  86   rms: 0.4765E+03   max: -.3994E+04   C at   84  2   RLX: 0.000
       a = -3.000      CL = -0.4242
      Cm =  0.1252     CD = 78.01511   =>   CDf =  0.00316    CDp = 78.01194

 MRCHDU: Convergence failed at 100  side 2    Res =  0.2479E-02
 MRCHDU: Convergence failed at 105  side 2    Res =  0.1010E-03
 MRCHDU: Convergence failed at 106  side 2    Res =  0.5947E-03
 MRCHDU: Convergence failed at 107  side 2    Res =  0.3348E-03
 Side 1  free  transition at x/c =  0.5177   43
 Side 2  free  transition at x/c =  0.0327   15

  87   rms: 0.1568E+05   max: -.1490E+06   C at   84  2   RLX: 0.000
       a = -3.000      CL = -0.4241
      Cm =  0.1252     CD = 77.45938   =>   CDf =  0.00316    CDp = 77.45621

 MRCHDU: Convergence failed at 100  side 2    Res =  0.2505E-02
 MRCHDU: Convergence failed at 105  side 2    Res =  0.8752E-04
 MRCHDU: Convergence failed at 106  side 2    Res =  0.5945E-03
 MRCHDU: Convergence failed at 107  side 2    Res =  0.3348E-03
 Side 1  free  transition at x/c =  0.5177   43
 Side 2  free  transition at x/c =  0.0327   15

  88   rms: 0.1534E+04   max: 0.1742E+05   C at   84  2   RLX: 0.000
       a = -3.000      CL = -0.4241
      Cm =  0.1252     CD = 77.33926   =>   CDf =  0.00316    CDp = 77.33609

 MRCHDU: Convergence failed at 100  side 2    Res =  0.2393E-02
 MRCHDU: Convergence failed at 105  side 2    Res =  0.9829E-04
 MRCHDU: Convergence failed at 106  side 2    Res =  0.5947E-03
 MRCHDU: Convergence failed at 107  side 2    Res =  0.3348E-03
 Side 1  free  transition at x/c =  0.5177   43
 Side 2  free  transition at x/c =  0.0327   15

  89   rms: 0.5474E+03   max: -.4628E+04   C at   84  2   RLX: 0.000
       a = -3.000      CL = -0.4239
      Cm =  0.1251     CD = 77.18620   =>   CDf =  0.00316    CDp = 77.18304

 MRCHDU: Convergence failed at 100  side 2    Res =  0.2639E-02
 MRCHDU: Convergence failed at 105  side 2    Res =  0.5138E-04
 MRCHDU: Convergence failed at 106  side 2    Res =  0.5941E-03
 MRCHDU: Convergence failed at 107  side 2    Res =  0.3346E-03
 Side 1  free  transition at x/c =  0.5177   43
 Side 2  free  transition at x/c =  0.0327   15

  90   rms: 0.3670E+05   max: 0.3534E+06   C at   84  2   RLX: 0.000
       a = -3.000      CL = -0.4241
      Cm =  0.1252     CD = 76.94061   =>   CDf =  0.00316    CDp = 76.93744

 MRCHDU: Convergence failed at 100  side 2    Res =  0.1407E-02
 MRCHDU: Convergence failed at 105  side 2    Res =  0.9440E-04
 MRCHDU: Convergence failed at 106  side 2    Res =  0.5946E-03
 MRCHDU: Convergence failed at 107  side 2    Res =  0.3348E-03
 Side 1  free  transition at x/c =  0.5177   43
 Side 2  free  transition at x/c =  0.0327   15

  91   rms: 0.1653E+03   max: -.1301E+04   C at   84  2   RLX: 0.000
       a = -3.000      CL = -0.4234
      Cm =  0.1250     CD = 76.57112   =>   CDf =  0.00316    CDp = 76.56796

 MRCHDU: Convergence failed at 100  side 2    Res =  0.2602E-02
 MRCHDU: Convergence failed at 106  side 2    Res =  0.4996E-03
 MRCHDU: Convergence failed at 107  side 2    Res =  0.3343E-03
 Side 1  free  transition at x/c =  0.5177   43
 Side 2  free  transition at x/c =  0.0327   15

  92   rms: 0.7585E+03   max: -.6540E+04   C at   84  2   RLX: 0.000
       a = -3.000      CL = -0.4232
      Cm =  0.1250     CD = 75.30068   =>   CDf =  0.00316    CDp = 75.29751

 MRCHDU: Convergence failed at 100  side 2    Res =  0.2758E-02
 MRCHDU: Convergence failed at 106  side 2    Res =  0.3553E-03
 MRCHDU: Convergence failed at 107  side 2    Res =  0.3341E-03
 Side 1  free  transition at x/c =  0.5177   43
 Side 2  free  transition at x/c =  0.0327   15

  93   rms: 0.4955E+04   max: 0.4911E+05   C at   84  2   RLX: 0.000
       a = -3.000      CL = -0.4233
      Cm =  0.1250     CD = 75.09070   =>   CDf =  0.00316    CDp = 75.08753

 MRCHDU: Convergence failed at 100  side 2    Res =  0.1811E-02
 MRCHDU: Convergence failed at 106  side 2    Res =  0.4872E-03
 MRCHDU: Convergence failed at 107  side 2    Res =  0.3343E-03
 Side 1  free  transition at x/c =  0.5177   43
 Side 2  free  transition at x/c =  0.0327   15

  94   rms: 0.2054E+03   max: -.1636E+04   C at   84  2   RLX: 0.000
       a = -3.000      CL = -0.4228
      Cm =  0.1249     CD = 74.78771   =>   CDf =  0.00316    CDp = 74.78455

 MRCHDU: Convergence failed at 100  side 2    Res =  0.2711E-02
 Side 1  free  transition at x/c =  0.5177   43
 Side 2  free  transition at x/c =  0.0327   15

  95   rms: 0.1090E+04   max: -.9576E+04   C at   84  2   RLX: 0.000
       a = -3.000      CL = -0.4227
      Cm =  0.1249     CD = 73.73462   =>   CDf =  0.00316    CDp = 73.73146

 MRCHDU: Convergence failed at 100  side 2    Res =  0.2810E-02
 Side 1  free  transition at x/c =  0.5177   43
 Side 2  free  transition at x/c =  0.0327   15

  96   rms: 0.1185E+04   max: 0.1160E+05   C at   84  2   RLX: 0.000
       a = -3.000      CL = -0.4226
      Cm =  0.1249     CD = 73.67003   =>   CDf =  0.00316    CDp = 73.66686

 MRCHDU: Convergence failed at 100  side 2    Res =  0.2051E-02
 Side 1  free  transition at x/c =  0.5177   43
 Side 2  free  transition at x/c =  0.0327   15

  97   rms: 0.2555E+03   max: -.2058E+04   C at   84  2   RLX: 0.000
       a = -3.000      CL = -0.4222
      Cm =  0.1248     CD = 73.33667   =>   CDf =  0.00316    CDp = 73.33351

 MRCHDU: Convergence failed at 100  side 2    Res =  0.2749E-02
 MRCHDU: Convergence failed at 105  side 2    Res =  0.1379E-02
 MRCHDU: Convergence failed at 106  side 2    Res =  0.5914E-03
 MRCHDU: Convergence failed at 107  side 2    Res =  0.3345E-03
 Side 1  free  transition at x/c =  0.5177   43
 Side 2  free  transition at x/c =  0.0327   15

  98   rms: 0.1516E+04   max: -.1356E+05   C at   84  2   RLX: 0.000
       a = -3.000      CL = -0.4221
      Cm =  0.1247     CD = 72.46312   =>   CDf =  0.00316    CDp = 72.45995

 MRCHDU: Convergence failed at 100  side 2    Res =  0.2813E-02
 MRCHDU: Convergence failed at 105  side 2    Res =  0.9951E-03
 MRCHDU: Convergence failed at 106  side 2    Res =  0.5910E-03
 MRCHDU: Convergence failed at 107  side 2    Res =  0.3343E-03
 Side 1  free  transition at x/c =  0.5177   43
 Side 2  free  transition at x/c =  0.0327   15

  99   rms: 0.2321E+04   max: 0.2424E+05   C at   84  2   RLX: 0.000
       a = -3.000      CL = -0.4221
      Cm =  0.1248     CD = 72.29873   =>   CDf =  0.00316    CDp = 72.29557

 MRCHDU: Convergence failed at 100  side 2    Res =  0.2267E-02
 MRCHDU: Convergence failed at 105  side 2    Res =  0.1299E-02
 MRCHDU: Convergence failed at 106  side 2    Res =  0.5913E-03
 MRCHDU: Convergence failed at 107  side 2    Res =  0.3344E-03
 Side 1  free  transition at x/c =  0.5177   43
 Side 2  free  transition at x/c =  0.0327   15

 100   rms: 0.3028E+03   max: -.2466E+04   C at   84  2   RLX: 0.000
       a = -3.000      CL = -0.4218
      Cm =  0.1247     CD = 72.07619   =>   CDf =  0.00316    CDp = 72.07302

 MRCHDU: Convergence failed at 100  side 2    Res =  0.2810E-02
 MRCHDU: Convergence failed at 105  side 2    Res =  0.7017E-03
 MRCHDU: Convergence failed at 106  side 2    Res =  0.5903E-03
 MRCHDU: Convergence failed at 107  side 2    Res =  0.3341E-03
 Side 1  free  transition at x/c =  0.5177   43
 Side 2  free  transition at x/c =  0.0327   15

 101   rms: 0.2181E+04   max: -.1984E+05   C at   84  2   RLX: 0.000
       a = -3.000      CL = -0.4216
      Cm =  0.1247     CD = 71.30812   =>   CDf =  0.00316    CDp = 71.30496

 MRCHDU: Convergence failed at 100  side 2    Res =  0.2848E-02
 MRCHDU: Convergence failed at 105  side 2    Res =  0.6348E-03
 MRCHDU: Convergence failed at 106  side 2    Res =  0.5900E-03
 MRCHDU: Convergence failed at 107  side 2    Res =  0.3340E-03
 Side 1  free  transition at x/c =  0.5177   43
 Side 2  free  transition at x/c =  0.0327   15

 102   rms: 0.1973E+04   max: 0.2110E+05   C at   84  2   RLX: 0.000
       a = -3.000      CL = -0.4217
      Cm =  0.1247     CD = 71.15957   =>   CDf =  0.00316    CDp = 71.15640

 MRCHDU: Convergence failed at 100  side 2    Res =  0.2452E-02
 MRCHDU: Convergence failed at 105  side 2    Res =  0.6893E-03
 MRCHDU: Convergence failed at 106  side 2    Res =  0.5903E-03
 MRCHDU: Convergence failed at 107  side 2    Res =  0.3341E-03
 Side 1  free  transition at x/c =  0.5177   43
 Side 2  free  transition at x/c =  0.0327   15

 103   rms: 0.3563E+03   max: -.2931E+04   C at   84  2   RLX: 0.000
       a = -3.000      CL = -0.4214
      Cm =  0.1246     CD = 70.96878   =>   CDf =  0.00316    CDp = 70.96561

 MRCHDU: Convergence failed at 100  side 2    Res =  0.2880E-02
 MRCHDU: Convergence failed at 105  side 2    Res =  0.5457E-03
 MRCHDU: Convergence failed at 106  side 2    Res =  0.5894E-03
 MRCHDU: Convergence failed at 107  side 2    Res =  0.3338E-03
 Side 1  free  transition at x/c =  0.5177   43
 Side 2  free  transition at x/c =  0.0327   15

 104   rms: 0.3432E+04   max: -.3170E+05   C at   84  2   RLX: 0.000
       a = -3.000      CL = -0.4213
      Cm =  0.1246     CD = 70.29891   =>   CDf =  0.00316    CDp = 70.29575

 MRCHDU: Convergence failed at 100  side 2    Res =  0.2899E-02
 MRCHDU: Convergence failed at 105  side 2    Res =  0.5183E-03
 MRCHDU: Convergence failed at 106  side 2    Res =  0.5891E-03
 MRCHDU: Convergence failed at 107  side 2    Res =  0.3337E-03
 Side 1  free  transition at x/c =  0.5176   43
 Side 2  free  transition at x/c =  0.0327   15

 105   rms: 0.1755E+04   max: 0.1918E+05   C at   84  2   RLX: 0.000
       a = -3.000      CL = -0.4213
      Cm =  0.1246     CD = 70.16367   =>   CDf =  0.00316    CDp = 70.16051

 MRCHDU: Convergence failed at 100  side 2    Res =  0.2628E-02
 MRCHDU: Convergence failed at 105  side 2    Res =  0.5405E-03
 MRCHDU: Convergence failed at 106  side 2    Res =  0.5894E-03
 MRCHDU: Convergence failed at 107  side 2    Res =  0.3338E-03
 Side 1  free  transition at x/c =  0.5177   43
 Side 2  free  transition at x/c =  0.0327   15

 106   rms: 0.4165E+03   max: -.3460E+04   C at   84  2   RLX: 0.000
       a = -3.000      CL = -0.4210
      Cm =  0.1245     CD = 69.99577   =>   CDf =  0.00316    CDp = 69.99260

 MRCHDU: Convergence failed at 100  side 2    Res =  0.2967E-02
 MRCHDU: Convergence failed at 105  side 2    Res =  0.4738E-03
 MRCHDU: Convergence failed at 106  side 2    Res =  0.5886E-03
 MRCHDU: Convergence failed at 107  side 2    Res =  0.3335E-03
 Side 1  free  transition at x/c =  0.5176   43
 Side 2  free  transition at x/c =  0.0327   15

 107   rms: 0.6375E+04   max: -.5976E+05   C at   84  2   RLX: 0.000
       a = -3.000      CL = -0.4209
      Cm =  0.1245     CD = 69.40482   =>   CDf =  0.00316    CDp = 69.40166

 MRCHDU: Convergence failed at 100  side 2    Res =  0.2971E-02
 MRCHDU: Convergence failed at 105  side 2    Res =  0.4586E-03
 MRCHDU: Convergence failed at 106  side 2    Res =  0.5883E-03
 MRCHDU: Convergence failed at 107  side 2    Res =  0.3334E-03
 Side 1  free  transition at x/c =  0.5176   43
 Side 2  free  transition at x/c =  0.0327   15

 108   rms: 0.1609E+04   max: 0.1795E+05   C at   84  2   RLX: 0.000
       a = -3.000      CL = -0.4210
      Cm =  0.1245     CD = 69.28048   =>   CDf =  0.00316    CDp = 69.27731

 MRCHDU: Convergence failed at 100  side 2    Res =  0.2807E-02
 MRCHDU: Convergence failed at 105  side 2    Res =  0.4707E-03
 MRCHDU: Convergence failed at 106  side 2    Res =  0.5885E-03
 MRCHDU: Convergence failed at 107  side 2    Res =  0.3335E-03
 Side 1  free  transition at x/c =  0.5176   43
 Side 2  free  transition at x/c =  0.0327   15

 109   rms: 0.4830E+03   max: -.4049E+04   C at   84  2   RLX: 0.000
       a = -3.000      CL = -0.4207
      Cm =  0.1244     CD = 69.13094   =>   CDf =  0.00316    CDp = 69.12778

 MRCHDU: Convergence failed at 100  side 2    Res =  0.3075E-02
 MRCHDU: Convergence failed at 105  side 2    Res =  0.4311E-03
 MRCHDU: Convergence failed at 106  side 2    Res =  0.5878E-03
 MRCHDU: Convergence failed at 107  side 2    Res =  0.3332E-03
 Side 1  free  transition at x/c =  0.5176   43
 Side 2  free  transition at x/c =  0.0327   15

 110   rms: 0.2121E+05   max: -.2016E+06   C at   84  2   RLX: 0.000
       a = -3.000      CL = -0.4206
      Cm =  0.1244     CD = 68.60310   =>   CDf =  0.00316    CDp = 68.59993

 MRCHDU: Convergence failed at 100  side 2    Res =  0.3066E-02
 MRCHDU: Convergence failed at 105  side 2    Res =  0.4212E-03
 MRCHDU: Convergence failed at 106  side 2    Res =  0.5876E-03
 MRCHDU: Convergence failed at 107  side 2    Res =  0.3331E-03
 Side 1  free  transition at x/c =  0.5176   43
 Side 2  free  transition at x/c =  0.0327   15

 111   rms: 0.1505E+04   max: 0.1710E+05   C at   84  2   RLX: 0.000
       a = -3.000      CL = -0.4206
      Cm =  0.1244     CD = 68.48788   =>   CDf =  0.00316    CDp = 68.48471

 MRCHDU: Convergence failed at 100  side 2    Res =  0.2995E-02
 MRCHDU: Convergence failed at 105  side 2    Res =  0.4290E-03
 MRCHDU: Convergence failed at 106  side 2    Res =  0.5877E-03
 MRCHDU: Convergence failed at 107  side 2    Res =  0.3332E-03
 Side 1  free  transition at x/c =  0.5176   43
 Side 2  free  transition at x/c =  0.0327   15

 112   rms: 0.5556E+03   max: -.4697E+04   C at   84  2   RLX: 0.000
       a = -3.000      CL = -0.4204
      Cm =  0.1244     CD = 68.35369   =>   CDf =  0.00316    CDp = 68.35052

 MRCHDU: Convergence failed at 100  side 2    Res =  0.3204E-02
 MRCHDU: Convergence failed at 105  side 2    Res =  0.4021E-03
 MRCHDU: Convergence failed at 106  side 2    Res =  0.5871E-03
 MRCHDU: Convergence failed at 107  side 2    Res =  0.3330E-03
 Side 1  free  transition at x/c =  0.5176   43
 Side 2  free  transition at x/c =  0.0327   15

 113   rms: 0.2297E+05   max: 0.2212E+06   C at   84  2   RLX: 0.000
       a = -3.000      CL = -0.4206
      Cm =  0.1244     CD = 68.10484   =>   CDf =  0.00316    CDp = 68.10168

 MRCHDU: Convergence failed at 100  side 2    Res =  0.2014E-02
 MRCHDU: Convergence failed at 105  side 2    Res =  0.4261E-03
 MRCHDU: Convergence failed at 106  side 2    Res =  0.5877E-03
 MRCHDU: Convergence failed at 107  side 2    Res =  0.3332E-03
 Side 1  free  transition at x/c =  0.5176   43
 Side 2  free  transition at x/c =  0.0327   15

 114   rms: 0.1668E+03   max: -.1313E+04   C at   84  2   RLX: 0.000
       a = -3.000      CL = -0.4199
      Cm =  0.1243     CD = 67.80016   =>   CDf =  0.00316    CDp = 67.79699

 MRCHDU: Convergence failed at 100  side 2    Res =  0.3173E-02
 MRCHDU: Convergence failed at 105  side 2    Res =  0.3671E-03
 MRCHDU: Convergence failed at 106  side 2    Res =  0.5859E-03
 MRCHDU: Convergence failed at 107  side 2    Res =  0.3326E-03
 Side 1  free  transition at x/c =  0.5176   43
 Side 2  free  transition at x/c =  0.0327   15

 115   rms: 0.7723E+03   max: -.6661E+04   C at   84  2   RLX: 0.000
       a = -3.000      CL = -0.4197
      Cm =  0.1242     CD = 66.59469   =>   CDf =  0.00316    CDp = 66.59153

 MRCHDU: Convergence failed at 100  side 2    Res =  0.3292E-02
 MRCHDU: Convergence failed at 105  side 2    Res =  0.3535E-03
 MRCHDU: Convergence failed at 106  side 2    Res =  0.5854E-03
 MRCHDU: Convergence failed at 107  side 2    Res =  0.3324E-03
 Side 1  free  transition at x/c =  0.5176   43
 Side 2  free  transition at x/c =  0.0327   15

 116   rms: 0.4635E+04   max: 0.4595E+05   C at   84  2   RLX: 0.000
       a = -3.000      CL = -0.4199
      Cm =  0.1243     CD = 66.38373   =>   CDf =  0.00316    CDp = 66.38057

 MRCHDU: Convergence failed at 100  side 2    Res =  0.2387E-02
 MRCHDU: Convergence failed at 105  side 2    Res =  0.3655E-03
 MRCHDU: Convergence failed at 106  side 2    Res =  0.5859E-03
 MRCHDU: Convergence failed at 107  side 2    Res =  0.3326E-03
 Side 1  free  transition at x/c =  0.5176   43
 Side 2  free  transition at x/c =  0.0327   15

 117   rms: 0.2073E+03   max: -.1652E+04   C at   84  2   RLX: 0.000
       a = -3.000      CL = -0.4193
      Cm =  0.1241     CD = 66.13461   =>   CDf =  0.00316    CDp = 66.13144

 MRCHDU: Convergence failed at 100  side 2    Res =  0.3250E-02
 MRCHDU: Convergence failed at 105  side 2    Res =  0.3325E-03
 MRCHDU: Convergence failed at 106  side 2    Res =  0.5844E-03
 MRCHDU: Convergence failed at 107  side 2    Res =  0.3321E-03
 Side 1  free  transition at x/c =  0.5176   43
 Side 2  free  transition at x/c =  0.0327   15

 118   rms: 0.1078E+04   max: -.9474E+04   C at   84  2   RLX: 0.000
       a = -3.000      CL = -0.4192
      Cm =  0.1241     CD = 65.14330   =>   CDf =  0.00316    CDp = 65.14013

 MRCHDU: Convergence failed at 100  side 2    Res =  0.3316E-02
 MRCHDU: Convergence failed at 105  side 2    Res =  0.3237E-03
 MRCHDU: Convergence failed at 106  side 2    Res =  0.5839E-03
 MRCHDU: Convergence failed at 107  side 2    Res =  0.3319E-03
 Side 1  free  transition at x/c =  0.5176   43
 Side 2  free  transition at x/c =  0.0327   15

 119   rms: 0.2908E+04   max: 0.2962E+05   C at   84  2   RLX: 0.000
       a = -3.000      CL = -0.4193
      Cm =  0.1241     CD = 64.96046   =>   CDf =  0.00316    CDp = 64.95729

 MRCHDU: Convergence failed at 100  side 2    Res =  0.2633E-02
 MRCHDU: Convergence failed at 105  side 2    Res =  0.3314E-03
 MRCHDU: Convergence failed at 106  side 2    Res =  0.5843E-03
 MRCHDU: Convergence failed at 107  side 2    Res =  0.3321E-03
 Side 1  free  transition at x/c =  0.5176   43
 Side 2  free  transition at x/c =  0.0327   15

 120   rms: 0.2529E+03   max: -.2038E+04   C at   84  2   RLX: 0.000
       a = -3.000      CL = -0.4188
      Cm =  0.1240     CD = 64.75249   =>   CDf =  0.00316    CDp = 64.74932

 MRCHDU: Convergence failed at 100  side 2    Res =  0.3290E-02
 MRCHDU: Convergence failed at 105  side 2    Res =  0.3088E-03
 MRCHDU: Convergence failed at 106  side 2    Res =  0.5831E-03
 MRCHDU: Convergence failed at 107  side 2    Res =  0.3316E-03
 Side 1  free  transition at x/c =  0.5176   43
 Side 2  free  transition at x/c =  0.0327   15

 121   rms: 0.1534E+04   max: -.1372E+05   C at   84  2   RLX: 0.000
       a = -3.000      CL = -0.4187
      Cm =  0.1240     CD = 63.91956   =>   CDf =  0.00316    CDp = 63.91639

 MRCHDU: Convergence failed at 100  side 2    Res =  0.3320E-02
 MRCHDU: Convergence failed at 105  side 2    Res =  0.3025E-03
 MRCHDU: Convergence failed at 106  side 2    Res =  0.5826E-03
 MRCHDU: Convergence failed at 107  side 2    Res =  0.3315E-03
 Side 1  free  transition at x/c =  0.5176   43
 Side 2  free  transition at x/c =  0.0327   15

 122   rms: 0.2264E+04   max: 0.2366E+05   C at   84  2   RLX: 0.000
       a = -3.000      CL = -0.4188
      Cm =  0.1240     CD = 63.75907   =>   CDf =  0.00316    CDp = 63.75591

 MRCHDU: Convergence failed at 100  side 2    Res =  0.2816E-02
 MRCHDU: Convergence failed at 105  side 2    Res =  0.3079E-03
 MRCHDU: Convergence failed at 106  side 2    Res =  0.5830E-03
 MRCHDU: Convergence failed at 107  side 2    Res =  0.3316E-03
 Side 1  free  transition at x/c =  0.5176   43
 Side 2  free  transition at x/c =  0.0327   15

 123   rms: 0.3043E+03   max: -.2478E+04   C at   84  2   RLX: 0.000
       a = -3.000      CL = -0.4184
      Cm =  0.1239     CD = 63.58325   =>   CDf =  0.00316    CDp = 63.58009

 MRCHDU: Convergence failed at 100  side 2    Res =  0.3324E-02
 MRCHDU: Convergence failed at 105  side 2    Res =  0.2909E-03
 MRCHDU: Convergence failed at 106  side 2    Res =  0.5819E-03
 MRCHDU: Convergence failed at 107  side 2    Res =  0.3312E-03
 Side 1  free  transition at x/c =  0.5176   43
 Side 2  free  transition at x/c =  0.0327   15

 124   rms: 0.2277E+04   max: -.2071E+05   C at   84  2   RLX: 0.000
       a = -3.000      CL = -0.4183
      Cm =  0.1239     CD = 62.87539   =>   CDf =  0.00316    CDp = 62.87222

 MRCHDU: Convergence failed at 100  side 2    Res =  0.3332E-02
 MRCHDU: Convergence failed at 105  side 2    Res =  0.2860E-03
 MRCHDU: Convergence failed at 106  side 2    Res =  0.5815E-03
 MRCHDU: Convergence failed at 107  side 2    Res =  0.3311E-03
 Side 1  free  transition at x/c =  0.5176   43
 Side 2  free  transition at x/c =  0.0327   15

 125   rms: 0.1925E+04   max: 0.2060E+05   C at   84  2   RLX: 0.000
       a = -3.000      CL = -0.4183
      Cm =  0.1239     CD = 62.73229   =>   CDf =  0.00316    CDp = 62.72913

 MRCHDU: Convergence failed at 100  side 2    Res =  0.2975E-02
 MRCHDU: Convergence failed at 105  side 2    Res =  0.2901E-03
 MRCHDU: Convergence failed at 106  side 2    Res =  0.5818E-03
 MRCHDU: Convergence failed at 107  side 2    Res =  0.3312E-03
 Side 1  free  transition at x/c =  0.5176   43
 Side 2  free  transition at x/c =  0.0327   15

 126   rms: 0.3605E+03   max: -.2967E+04   C at   84  2   RLX: 0.000
       a = -3.000      CL = -0.4180
      Cm =  0.1238     CD = 62.58299   =>   CDf =  0.00316    CDp = 62.57983

 MRCHDU: Convergence failed at 100  side 2    Res =  0.3369E-02
 MRCHDU: Convergence failed at 105  side 2    Res =  0.2764E-03
 MRCHDU: Convergence failed at 106  side 2    Res =  0.5808E-03
 MRCHDU: Convergence failed at 107  side 2    Res =  0.3308E-03
 Side 1  free  transition at x/c =  0.5176   43
 Side 2  free  transition at x/c =  0.0327   15

 127   rms: 0.3669E+04   max: -.3391E+05   C at   84  2   RLX: 0.000
       a = -3.000      CL = -0.4179
      Cm =  0.1238     CD = 61.97205   =>   CDf =  0.00316    CDp = 61.96889

 MRCHDU: Convergence failed at 100  side 2    Res =  0.3359E-02
 MRCHDU: Convergence failed at 105  side 2    Res =  0.2724E-03
 MRCHDU: Convergence failed at 106  side 2    Res =  0.5805E-03
 MRCHDU: Convergence failed at 107  side 2    Res =  0.3307E-03
 Side 1  free  transition at x/c =  0.5176   43
 Side 2  free  transition at x/c =  0.0327   15

 128   rms: 0.1718E+04   max: 0.1879E+05   C at   84  2   RLX: 0.000
       a = -3.000      CL = -0.4179
      Cm =  0.1238     CD = 61.84188   =>   CDf =  0.00316    CDp = 61.83872

 MRCHDU: Convergence failed at 100  side 2    Res =  0.3126E-02
 MRCHDU: Convergence failed at 105  side 2    Res =  0.2757E-03
 MRCHDU: Convergence failed at 106  side 2    Res =  0.5807E-03
 MRCHDU: Convergence failed at 107  side 2    Res =  0.3308E-03
 Side 1  free  transition at x/c =  0.5176   43
 Side 2  free  transition at x/c =  0.0327   15

 129   rms: 0.4226E+03   max: -.3512E+04   C at   84  2   RLX: 0.000
       a = -3.000      CL = -0.4176
      Cm =  0.1238     CD = 61.71164   =>   CDf =  0.00316    CDp = 61.70848

 MRCHDU: Convergence failed at 100  side 2    Res =  0.3434E-02
 MRCHDU: Convergence failed at 105  side 2    Res =  0.2642E-03
 MRCHDU: Convergence failed at 106  side 2    Res =  0.5798E-03
 MRCHDU: Convergence failed at 107  side 2    Res =  0.3305E-03
 Side 1  free  transition at x/c =  0.5176   43
 Side 2  free  transition at x/c =  0.0327   15

 130   rms: 0.7197E+04   max: -.6750E+05   C at   84  2   RLX: 0.000
       a = -3.000      CL = -0.4176
      Cm =  0.1238     CD = 61.17241   =>   CDf =  0.00316    CDp = 61.16925

 MRCHDU: Convergence failed at 100  side 2    Res =  0.3411E-02
 MRCHDU: Convergence failed at 105  side 2    Res =  0.2608E-03
 MRCHDU: Convergence failed at 106  side 2    Res =  0.5795E-03
 MRCHDU: Convergence failed at 107  side 2    Res =  0.3304E-03
 Side 1  free  transition at x/c =  0.5176   43
 Side 2  free  transition at x/c =  0.0327   15

 131   rms: 0.1579E+04   max: 0.1762E+05   C at   84  2   RLX: 0.000
       a = -3.000      CL = -0.4176
      Cm =  0.1238     CD = 61.05275   =>   CDf =  0.00316    CDp = 61.04959

 MRCHDU: Convergence failed at 100  side 2    Res =  0.3283E-02
 MRCHDU: Convergence failed at 105  side 2    Res =  0.2636E-03
 MRCHDU: Convergence failed at 106  side 2    Res =  0.5798E-03
 MRCHDU: Convergence failed at 107  side 2    Res =  0.3305E-03
 Side 1  free  transition at x/c =  0.5176   43
 Side 2  free  transition at x/c =  0.0327   15

 132   rms: 0.4907E+03   max: -.4115E+04   C at   84  2   RLX: 0.000
       a = -3.000      CL = -0.4173
      Cm =  0.1237     CD = 60.93794   =>   CDf =  0.00316    CDp = 60.93477

 MRCHDU: Convergence failed at 100  side 2    Res =  0.3522E-02
 MRCHDU: Convergence failed at 105  side 2    Res =  0.2536E-03
 MRCHDU: Convergence failed at 106  side 2    Res =  0.5789E-03
 MRCHDU: Convergence failed at 107  side 2    Res =  0.3302E-03
 Side 1  free  transition at x/c =  0.5176   43
 Side 2  free  transition at x/c =  0.0327   15

 133   rms: 0.3316E+05   max: -.3153E+06   C at   84  2   RLX: 0.000
       a = -3.000      CL = -0.4173
      Cm =  0.1237     CD = 60.45618   =>   CDf =  0.00316    CDp = 60.45301

 MRCHDU: Convergence failed at 100  side 2    Res =  0.3487E-02
 MRCHDU: Convergence failed at 105  side 2    Res =  0.2506E-03
 MRCHDU: Convergence failed at 106  side 2    Res =  0.5787E-03
 MRCHDU: Convergence failed at 107  side 2    Res =  0.3301E-03
 Side 1  free  transition at x/c =  0.5176   43
 Side 2  free  transition at x/c =  0.0327   15

 134   rms: 0.1479E+04   max: 0.1682E+05   C at   84  2   RLX: 0.000
       a = -3.000      CL = -0.4173
      Cm =  0.1237     CD = 60.34516   =>   CDf =  0.00316    CDp = 60.34199

 MRCHDU: Convergence failed at 100  side 2    Res =  0.3450E-02
 MRCHDU: Convergence failed at 105  side 2    Res =  0.2530E-03
 MRCHDU: Convergence failed at 106  side 2    Res =  0.5789E-03
 MRCHDU: Convergence failed at 107  side 2    Res =  0.3302E-03
 Side 1  free  transition at x/c =  0.5176   43
 Side 2  free  transition at x/c =  0.0327   15

 135   rms: 0.5652E+03   max: -.4780E+04   C at   84  2   RLX: 0.000
       a = -3.000      CL = -0.4170
      Cm =  0.1236     CD = 60.24287   =>   CDf =  0.00316    CDp = 60.23970

 MRCHDU: Convergence failed at 100  side 2    Res =  0.3632E-02
 MRCHDU: Convergence failed at 105  side 2    Res =  0.2442E-03
 MRCHDU: Convergence failed at 106  side 2    Res =  0.5781E-03
 MRCHDU: Convergence failed at 107  side 2    Res =  0.3299E-03
 Side 1  free  transition at x/c =  0.5176   43
 Side 2  free  transition at x/c =  0.0327   15

 136   rms: 0.1677E+05   max: 0.1616E+06   C at   84  2   RLX: 0.000
       a = -3.000      CL = -0.4172
      Cm =  0.1237     CD = 60.00152   =>   CDf =  0.00316    CDp = 59.99836

 MRCHDU: Convergence failed at 100  side 2    Res =  0.2479E-02
 MRCHDU: Convergence failed at 105  side 2    Res =  0.2522E-03
 MRCHDU: Convergence failed at 106  side 2    Res =  0.5788E-03
 MRCHDU: Convergence failed at 107  side 2    Res =  0.3302E-03
 Side 1  free  transition at x/c =  0.5176   43
 Side 2  free  transition at x/c =  0.0327   15

 137   rms: 0.1686E+03   max: -.1327E+04   C at   84  2   RLX: 0.000
       a = -3.000      CL = -0.4166
      Cm =  0.1235     CD = 59.76653   =>   CDf =  0.00316    CDp = 59.76337

 MRCHDU: Convergence failed at 100  side 2    Res =  0.3610E-02
 MRCHDU: Convergence failed at 105  side 2    Res =  0.2298E-03
 MRCHDU: Convergence failed at 106  side 2    Res =  0.5768E-03
 MRCHDU: Convergence failed at 107  side 2    Res =  0.3295E-03
 Side 1  free  transition at x/c =  0.5176   43
 Side 2  free  transition at x/c =  0.0327   15

 138   rms: 0.7876E+03   max: -.6795E+04   C at   84  2   RLX: 0.000
       a = -3.000      CL = -0.4164
      Cm =  0.1235     CD = 58.67539   =>   CDf =  0.00316    CDp = 58.67222

 MRCHDU: Convergence failed at 100  side 2    Res =  0.3703E-02
 MRCHDU: Convergence failed at 105  side 2    Res =  0.2229E-03
 MRCHDU: Convergence failed at 106  side 2    Res =  0.5762E-03
 MRCHDU: Convergence failed at 107  side 2    Res =  0.3293E-03
 Side 1  free  transition at x/c =  0.5175   43
 Side 2  free  transition at x/c =  0.0327   15

 139   rms: 0.4350E+04   max: 0.4316E+05   C at   84  2   RLX: 0.000
       a = -3.000      CL = -0.4165
      Cm =  0.1235     CD = 58.47049   =>   CDf =  0.00316    CDp = 58.46733

 MRCHDU: Convergence failed at 100  side 2    Res =  0.2834E-02
 MRCHDU: Convergence failed at 105  side 2    Res =  0.2291E-03
 MRCHDU: Convergence failed at 106  side 2    Res =  0.5768E-03
 MRCHDU: Convergence failed at 107  side 2    Res =  0.3295E-03
 Side 1  free  transition at x/c =  0.5176   43
 Side 2  free  transition at x/c =  0.0327   15

 140   rms: 0.2096E+03   max: -.1669E+04   C at   84  2   RLX: 0.000
       a = -3.000      CL = -0.4160
      Cm =  0.1234     CD = 58.28378   =>   CDf =  0.00316    CDp = 58.28061

 MRCHDU: Convergence failed at 100  side 2    Res =  0.3669E-02
 MRCHDU: Convergence failed at 105  side 2    Res =  0.2110E-03
 MRCHDU: Convergence failed at 106  side 2    Res =  0.5750E-03
 MRCHDU: Convergence failed at 107  side 2    Res =  0.3289E-03
 Side 1  free  transition at x/c =  0.5175   43
 Side 2  free  transition at x/c =  0.0327   15

 141   rms: 0.1103E+04   max: -.9701E+04   C at   84  2   RLX: 0.000
       a = -3.000      CL = -0.4158
      Cm =  0.1234     CD = 57.38652   =>   CDf =  0.00316    CDp = 57.38336

 MRCHDU: Convergence failed at 100  side 2    Res =  0.3709E-02
 MRCHDU: Convergence failed at 105  side 2    Res =  0.2053E-03
 MRCHDU: Convergence failed at 106  side 2    Res =  0.5745E-03
 MRCHDU: Convergence failed at 107  side 2    Res =  0.3287E-03
 Side 1  free  transition at x/c =  0.5175   43
 Side 2  free  transition at x/c =  0.0327   15

 142   rms: 0.2805E+04   max: 0.2860E+05   C at   84  2   RLX: 0.000
       a = -3.000      CL = -0.4159
      Cm =  0.1234     CD = 57.20937   =>   CDf =  0.00316    CDp = 57.20621

 MRCHDU: Convergence failed at 100  side 2    Res =  0.3061E-02
 MRCHDU: Convergence failed at 105  side 2    Res =  0.2103E-03
 MRCHDU: Convergence failed at 106  side 2    Res =  0.5750E-03
 MRCHDU: Convergence failed at 107  side 2    Res =  0.3289E-03
 Side 1  free  transition at x/c =  0.5175   43
 Side 2  free  transition at x/c =  0.0327   15

 143   rms: 0.2556E+03   max: -.2059E+04   C at   84  2   RLX: 0.000
       a = -3.000      CL = -0.4155
      Cm =  0.1233     CD = 57.05449   =>   CDf =  0.00316    CDp = 57.05132

 MRCHDU: Convergence failed at 100  side 2    Res =  0.3690E-02
 MRCHDU: Convergence failed at 105  side 2    Res =  0.1950E-03
 MRCHDU: Convergence failed at 106  side 2    Res =  0.5735E-03
 MRCHDU: Convergence failed at 107  side 2    Res =  0.3284E-03
 Side 1  free  transition at x/c =  0.5175   43
 Side 2  free  transition at x/c =  0.0327   15

 144   rms: 0.1577E+04   max: -.1412E+05   C at   84  2   RLX: 0.000
       a = -3.000      CL = -0.4153
      Cm =  0.1233     CD = 56.30306   =>   CDf =  0.00316    CDp = 56.29990

 MRCHDU: Convergence failed at 100  side 2    Res =  0.3697E-02
 MRCHDU: Convergence failed at 105  side 2    Res =  0.1903E-03
 MRCHDU: Convergence failed at 106  side 2    Res =  0.5730E-03
 MRCHDU: Convergence failed at 107  side 2    Res =  0.3282E-03
 Side 1  free  transition at x/c =  0.5175   43
 Side 2  free  transition at x/c =  0.0327   15

 145   rms: 0.2199E+04   max: 0.2300E+05   C at   84  2   RLX: 0.000
       a = -3.000      CL = -0.4154
      Cm =  0.1233     CD = 56.14548   =>   CDf =  0.00316    CDp = 56.14232

 MRCHDU: Convergence failed at 100  side 2    Res =  0.3226E-02
 MRCHDU: Convergence failed at 105  side 2    Res =  0.1944E-03
 MRCHDU: Convergence failed at 106  side 2    Res =  0.5734E-03
 MRCHDU: Convergence failed at 107  side 2    Res =  0.3284E-03
 Side 1  free  transition at x/c =  0.5175   43
 Side 2  free  transition at x/c =  0.0327   15

 146   rms: 0.3068E+03   max: -.2499E+04   C at   84  2   RLX: 0.000
       a = -3.000      CL = -0.4150
      Cm =  0.1232     CD = 56.01551   =>   CDf =  0.00316    CDp = 56.01234

 MRCHDU: Convergence failed at 100  side 2    Res =  0.3708E-02
 MRCHDU: Convergence failed at 105  side 2    Res =  0.1812E-03
 MRCHDU: Convergence failed at 106  side 2    Res =  0.5721E-03
 MRCHDU: Convergence failed at 107  side 2    Res =  0.3279E-03
 Side 1  free  transition at x/c =  0.5175   43
 Side 2  free  transition at x/c =  0.0327   15

 147   rms: 0.2352E+04   max: -.2141E+05   C at   84  2   RLX: 0.000
       a = -3.000      CL = -0.4149
      Cm =  0.1232     CD = 55.36680   =>   CDf =  0.00316    CDp = 55.36364

 MRCHDU: Convergence failed at 100  side 2    Res =  0.3694E-02
 MRCHDU: Convergence failed at 105  side 2    Res =  0.1770E-03
 MRCHDU: Convergence failed at 106  side 2    Res =  0.5717E-03
 MRCHDU: Convergence failed at 107  side 2    Res =  0.3278E-03
 Side 1  free  transition at x/c =  0.5175   43
 Side 2  free  transition at x/c =  0.0327   15

 148   rms: 0.1879E+04   max: 0.2012E+05   C at   84  2   RLX: 0.000
       a = -3.000      CL = -0.4150
      Cm =  0.1232     CD = 55.22574   =>   CDf =  0.00316    CDp = 55.22258

 MRCHDU: Convergence failed at 100  side 2    Res =  0.3369E-02
 MRCHDU: Convergence failed at 105  side 2    Res =  0.1805E-03
 MRCHDU: Convergence failed at 106  side 2    Res =  0.5720E-03
 MRCHDU: Convergence failed at 107  side 2    Res =  0.3279E-03
 Side 1  free  transition at x/c =  0.5175   43
 Side 2  free  transition at x/c =  0.0327   15

 149   rms: 0.3632E+03   max: -.2990E+04   C at   84  2   RLX: 0.000
       a = -3.000      CL = -0.4146
      Cm =  0.1231     CD = 55.11457   =>   CDf =  0.00316    CDp = 55.11141

 MRCHDU: Convergence failed at 100  side 2    Res =  0.3741E-02
 MRCHDU: Convergence failed at 105  side 2    Res =  0.1688E-03
 MRCHDU: Convergence failed at 106  side 2    Res =  0.5708E-03
 MRCHDU: Convergence failed at 107  side 2    Res =  0.3275E-03
 Side 1  free  transition at x/c =  0.5175   43
 Side 2  free  transition at x/c =  0.0327   15

 150   rms: 0.3851E+04   max: -.3561E+05   C at   84  2   RLX: 0.000
       a = -3.000      CL = -0.4145
      Cm =  0.1231     CD = 54.55131   =>   CDf =  0.00316    CDp = 54.54815

 MRCHDU: Convergence failed at 100  side 2    Res =  0.3711E-02
 MRCHDU: Convergence failed at 105  side 2    Res =  0.1651E-03
 MRCHDU: Convergence failed at 106  side 2    Res =  0.5705E-03
 MRCHDU: Convergence failed at 107  side 2    Res =  0.3274E-03
 Side 1  free  transition at x/c =  0.5175   43
 Side 2  free  transition at x/c =  0.0327   15

 151   rms: 0.1680E+04   max: 0.1839E+05   C at   84  2   RLX: 0.000
       a = -3.000      CL = -0.4146
      Cm =  0.1231     CD = 54.42337   =>   CDf =  0.00316    CDp = 54.42021

 MRCHDU: Convergence failed at 100  side 2    Res =  0.3508E-02
 MRCHDU: Convergence failed at 105  side 2    Res =  0.1682E-03
 MRCHDU: Convergence failed at 106  side 2    Res =  0.5708E-03
 MRCHDU: Convergence failed at 107  side 2    Res =  0.3275E-03
 Side 1  free  transition at x/c =  0.5175   43
 Side 2  free  transition at x/c =  0.0327   15

 152   rms: 0.4252E+03   max: -.3534E+04   C at   84  2   RLX: 0.000
       a = -3.000      CL = -0.4143
      Cm =  0.1230     CD = 54.32751   =>   CDf =  0.00316    CDp = 54.32435

 MRCHDU: Convergence failed at 100  side 2    Res =  0.3795E-02
 MRCHDU: Convergence failed at 105  side 2    Res =  0.1576E-03
 MRCHDU: Convergence failed at 106  side 2    Res =  0.5697E-03
 MRCHDU: Convergence failed at 107  side 2    Res =  0.3271E-03
 Side 1  free  transition at x/c =  0.5175   43
 Side 2  free  transition at x/c =  0.0327   15

 153   rms: 0.7855E+04   max: -.7373E+05   C at   84  2   RLX: 0.000
       a = -3.000      CL = -0.4142
      Cm =  0.1230     CD = 53.83085   =>   CDf =  0.00316    CDp = 53.82768

 MRCHDU: Convergence failed at 100  side 2    Res =  0.3752E-02
 MRCHDU: Convergence failed at 105  side 2    Res =  0.1543E-03
 MRCHDU: Convergence failed at 106  side 2    Res =  0.5694E-03
 MRCHDU: Convergence failed at 107  side 2    Res =  0.3270E-03
 Side 1  free  transition at x/c =  0.5175   43
 Side 2  free  transition at x/c =  0.0327   15

 154   rms: 0.1547E+04   max: 0.1728E+05   C at   84  2   RLX: 0.000
       a = -3.000      CL = -0.4142
      Cm =  0.1230     CD = 53.71347   =>   CDf =  0.00316    CDp = 53.71031

 MRCHDU: Convergence failed at 100  side 2    Res =  0.3653E-02
 MRCHDU: Convergence failed at 105  side 2    Res =  0.1570E-03
 MRCHDU: Convergence failed at 106  side 2    Res =  0.5697E-03
 MRCHDU: Convergence failed at 107  side 2    Res =  0.3271E-03
 Side 1  free  transition at x/c =  0.5175   43
 Side 2  free  transition at x/c =  0.0327   15

 155   rms: 0.4935E+03   max: -.4140E+04   C at   84  2   RLX: 0.000
       a = -3.000      CL = -0.4140
      Cm =  0.1230     CD = 53.62982   =>   CDf =  0.00316    CDp = 53.62666

 MRCHDU: Convergence failed at 100  side 2    Res =  0.3871E-02
 MRCHDU: Convergence failed at 105  side 2    Res =  0.1474E-03
 MRCHDU: Convergence failed at 106  side 2    Res =  0.5687E-03
 MRCHDU: Convergence failed at 107  side 2    Res =  0.3267E-03
 Side 1  free  transition at x/c =  0.5175   43
 Side 2  free  transition at x/c =  0.0327   15

 156   rms: 0.5213E+05   max: -.4962E+06   C at   84  2   RLX: 0.000
       a = -3.000      CL = -0.4139
      Cm =  0.1230     CD = 53.18652   =>   CDf =  0.00316    CDp = 53.18336

 MRCHDU: Convergence failed at 100  side 2    Res =  0.3818E-02
 MRCHDU: Convergence failed at 105  side 2    Res =  0.1444E-03
 MRCHDU: Convergence failed at 106  side 2    Res =  0.5684E-03
 MRCHDU: Convergence failed at 107  side 2    Res =  0.3266E-03
 Side 1  free  transition at x/c =  0.5175   43
 Side 2  free  transition at x/c =  0.0327   15

 157   rms: 0.1451E+04   max: 0.1651E+05   C at   84  2   RLX: 0.000
       a = -3.000      CL = -0.4139
      Cm =  0.1230     CD = 53.07778   =>   CDf =  0.00316    CDp = 53.07461

 MRCHDU: Convergence failed at 100  side 2    Res =  0.3810E-02
 MRCHDU: Convergence failed at 105  side 2    Res =  0.1468E-03
 MRCHDU: Convergence failed at 106  side 2    Res =  0.5686E-03
 MRCHDU: Convergence failed at 107  side 2    Res =  0.3267E-03
 Side 1  free  transition at x/c =  0.5175   43
 Side 2  free  transition at x/c =  0.0327   15

 158   rms: 0.5682E+03   max: -.4808E+04   C at   84  2   RLX: 0.000
       a = -3.000      CL = -0.4137
      Cm =  0.1229     CD = 53.00384   =>   CDf =  0.00316    CDp = 53.00068

 MRCHDU: Convergence failed at 100  side 2    Res =  0.3972E-02
 MRCHDU: Convergence failed at 105  side 2    Res =  0.1379E-03
 MRCHDU: Convergence failed at 106  side 2    Res =  0.5677E-03
 MRCHDU: Convergence failed at 107  side 2    Res =  0.3264E-03
 Side 1  free  transition at x/c =  0.5175   43
 Side 2  free  transition at x/c =  0.0327   15

 159   rms: 0.1427E+05   max: 0.1376E+06   C at   84  2   RLX: 0.000
       a = -3.000      CL = -0.4139
      Cm =  0.1229     CD = 52.75782   =>   CDf =  0.00316    CDp = 52.75465

 MRCHDU: Convergence failed at 100  side 2    Res =  0.2850E-02
 MRCHDU: Convergence failed at 105  side 2    Res =  0.1460E-03
 MRCHDU: Convergence failed at 106  side 2    Res =  0.5686E-03
 MRCHDU: Convergence failed at 107  side 2    Res =  0.3267E-03
 Side 1  free  transition at x/c =  0.5175   43
 Side 2  free  transition at x/c =  0.0327   15

 160   rms: 0.1689E+03   max: -.1328E+04   C at   84  2   RLX: 0.000
       a = -3.000      CL = -0.4132
      Cm =  0.1228     CD = 52.59991   =>   CDf =  0.00316    CDp = 52.59675

 MRCHDU: Convergence failed at 100  side 2    Res =  0.3963E-02
 MRCHDU: Convergence failed at 105  side 2    Res =  0.1227E-03
 MRCHDU: Convergence failed at 106  side 2    Res =  0.5662E-03
 MRCHDU: Convergence failed at 107  side 2    Res =  0.3259E-03
 Side 1  free  transition at x/c =  0.5175   43
 Side 2  free  transition at x/c =  0.0327   15

 161   rms: 0.7898E+03   max: -.6818E+04   C at   84  2   RLX: 0.000
       a = -3.000      CL = -0.4130
      Cm =  0.1228     CD = 51.59919   =>   CDf =  0.00316    CDp = 51.59603

 MRCHDU: Convergence failed at 100  side 2    Res =  0.4037E-02
 MRCHDU: Convergence failed at 105  side 2    Res =  0.1152E-03
 MRCHDU: Convergence failed at 106  side 2    Res =  0.5655E-03
 MRCHDU: Convergence failed at 107  side 2    Res =  0.3257E-03
 Side 1  free  transition at x/c =  0.5175   43
 Side 2  free  transition at x/c =  0.0327   15

 162   rms: 0.4176E+04   max: 0.4147E+05   C at   84  2   RLX: 0.000
       a = -3.000      CL = -0.4131
      Cm =  0.1228     CD = 51.39000   =>   CDf =  0.00316    CDp = 51.38683

 MRCHDU: Convergence failed at 100  side 2    Res =  0.3198E-02
 MRCHDU: Convergence failed at 105  side 2    Res =  0.1219E-03
 MRCHDU: Convergence failed at 106  side 2    Res =  0.5661E-03
 MRCHDU: Convergence failed at 107  side 2    Res =  0.3259E-03
 Side 1  free  transition at x/c =  0.5175   43
 Side 2  free  transition at x/c =  0.0327   15

 163   rms: 0.2092E+03   max: -.1666E+04   C at   84  2   RLX: 0.000
       a = -3.000      CL = -0.4126
      Cm =  0.1227     CD = 51.26909   =>   CDf =  0.00316    CDp = 51.26592

 MRCHDU: Convergence failed at 100  side 2    Res =  0.4017E-02
 MRCHDU: Convergence failed at 105  side 2    Res =  0.1017E-03
 MRCHDU: Convergence failed at 106  side 2    Res =  0.5641E-03
 MRCHDU: Convergence failed at 107  side 2    Res =  0.3252E-03
 Side 1  free  transition at x/c =  0.5175   43
 Side 2  free  transition at x/c =  0.0327   15

 164   rms: 0.1106E+04   max: -.9734E+04   C at   84  2   RLX: 0.000
       a = -3.000      CL = -0.4125
      Cm =  0.1226     CD = 50.44718   =>   CDf =  0.00316    CDp = 50.44402

 MRCHDU: Convergence failed at 100  side 2    Res =  0.4038E-02
 MRCHDU: Convergence failed at 105  side 2    Res =  0.9520E-04
 MRCHDU: Convergence failed at 106  side 2    Res =  0.5635E-03
 MRCHDU: Convergence failed at 107  side 2    Res =  0.3250E-03
 Side 1  free  transition at x/c =  0.5175   43
 Side 2  free  transition at x/c =  0.0327   15

 165   rms: 0.2736E+04   max: 0.2792E+05   C at   84  2   RLX: 0.000
       a = -3.000      CL = -0.4125
      Cm =  0.1227     CD = 50.26562   =>   CDf =  0.00316    CDp = 50.26246

 MRCHDU: Convergence failed at 100  side 2    Res =  0.3420E-02
 MRCHDU: Convergence failed at 105  side 2    Res =  0.1009E-03
 MRCHDU: Convergence failed at 106  side 2    Res =  0.5641E-03
 MRCHDU: Convergence failed at 107  side 2    Res =  0.3252E-03
 Side 1  free  transition at x/c =  0.5175   43
 Side 2  free  transition at x/c =  0.0327   15

 166   rms: 0.2550E+03   max: -.2054E+04   C at   84  2   RLX: 0.000
       a = -3.000      CL = -0.4121
      Cm =  0.1226     CD = 50.17111   =>   CDf =  0.00316    CDp = 50.16794

 MRCHDU: Convergence failed at 100  side 2    Res =  0.4033E-02
 MRCHDU: Convergence failed at 105  side 2    Res =  0.8303E-04
 MRCHDU: Convergence failed at 106  side 2    Res =  0.5623E-03
 MRCHDU: Convergence failed at 107  side 2    Res =  0.3246E-03
 Side 1  free  transition at x/c =  0.5175   43
 Side 2  free  transition at x/c =  0.0327   15

 167   rms: 0.1575E+04   max: -.1410E+05   C at   84  2   RLX: 0.000
       a = -3.000      CL = -0.4120
      Cm =  0.1225     CD = 49.48209   =>   CDf =  0.00316    CDp = 49.47893

 MRCHDU: Convergence failed at 100  side 2    Res =  0.4022E-02
 MRCHDU: Convergence failed at 105  side 2    Res =  0.7733E-04
 MRCHDU: Convergence failed at 106  side 2    Res =  0.5618E-03
 MRCHDU: Convergence failed at 107  side 2    Res =  0.3244E-03
 Side 1  free  transition at x/c =  0.5174   43
 Side 2  free  transition at x/c =  0.0327   15

 168   rms: 0.2157E+04   max: 0.2258E+05   C at   84  2   RLX: 0.000
       a = -3.000      CL = -0.4120
      Cm =  0.1225     CD = 49.32159   =>   CDf =  0.00316    CDp = 49.31843

 MRCHDU: Convergence failed at 100  side 2    Res =  0.3581E-02
 MRCHDU: Convergence failed at 105  side 2    Res =  0.8227E-04
 MRCHDU: Convergence failed at 106  side 2    Res =  0.5622E-03
 MRCHDU: Convergence failed at 107  side 2    Res =  0.3246E-03
 Side 1  free  transition at x/c =  0.5175   43
 Side 2  free  transition at x/c =  0.0327   15

 169   rms: 0.3046E+03   max: -.2481E+04   C at   84  2   RLX: 0.000
       a = -3.000      CL = -0.4117
      Cm =  0.1225     CD = 49.24727   =>   CDf =  0.00316    CDp = 49.24411

 MRCHDU: Convergence failed at 100  side 2    Res =  0.4045E-02
 MRCHDU: Convergence failed at 105  side 2    Res =  0.6619E-04
 MRCHDU: Convergence failed at 106  side 2    Res =  0.5607E-03
 MRCHDU: Convergence failed at 107  side 2    Res =  0.3240E-03
 Side 1  free  transition at x/c =  0.5174   43
 Side 2  free  transition at x/c =  0.0327   15

 170   rms: 0.2347E+04   max: -.2138E+05   C at   84  2   RLX: 0.000
       a = -3.000      CL = -0.4116
      Cm =  0.1224     CD = 48.65843   =>   CDf =  0.00316    CDp = 48.65527

 MRCHDU: Convergence failed at 100  side 2    Res =  0.4012E-02
 MRCHDU: Convergence failed at 105  side 2    Res =  0.6110E-04
 MRCHDU: Convergence failed at 106  side 2    Res =  0.5602E-03
 MRCHDU: Convergence failed at 107  side 2    Res =  0.3239E-03
 Side 1  free  transition at x/c =  0.5174   43
 Side 2  free  transition at x/c =  0.0327   15

 171   rms: 0.1848E+04   max: 0.1982E+05   C at   84  2   RLX: 0.000
       a = -3.000      CL = -0.4116
      Cm =  0.1225     CD = 48.51441   =>   CDf =  0.00316    CDp = 48.51125

 MRCHDU: Convergence failed at 100  side 2    Res =  0.3716E-02
 MRCHDU: Convergence failed at 105  side 2    Res =  0.6542E-04
 MRCHDU: Convergence failed at 106  side 2    Res =  0.5606E-03
 MRCHDU: Convergence failed at 107  side 2    Res =  0.3240E-03
 Side 1  free  transition at x/c =  0.5174   43
 Side 2  free  transition at x/c =  0.0327   15

 172   rms: 0.3601E+03   max: -.2963E+04   C at   84  2   RLX: 0.000
       a = -3.000      CL = -0.4113
      Cm =  0.1224     CD = 48.45549   =>   CDf =  0.00316    CDp = 48.45233

 MRCHDU: Convergence failed at 100  side 2    Res =  0.4070E-02
 MRCHDU: Convergence failed at 101  side 2    Res =  0.5147E-05
 MRCHDU: Convergence failed at 105  side 2    Res =  0.5080E-04
 MRCHDU: Convergence failed at 106  side 2    Res =  0.5593E-03
 MRCHDU: Convergence failed at 107  side 2    Res =  0.3235E-03
 Side 1  free  transition at x/c =  0.5174   43
 Side 2  free  transition at x/c =  0.0327   15

 173   rms: 0.3819E+04   max: -.3534E+05   C at   84  2   RLX: 0.000
       a = -3.000      CL = -0.4112
      Cm =  0.1224     CD = 47.94474   =>   CDf =  0.00316    CDp = 47.94157

 MRCHDU: Convergence failed at 100  side 2    Res =  0.4022E-02
 MRCHDU: Convergence failed at 101  side 2    Res =  0.5213E-05
 MRCHDU: Convergence failed at 105  side 2    Res =  0.4621E-04
 MRCHDU: Convergence failed at 106  side 2    Res =  0.5589E-03
 MRCHDU: Convergence failed at 107  side 2    Res =  0.3234E-03
 Side 1  free  transition at x/c =  0.5174   43
 Side 2  free  transition at x/c =  0.0327   15

 174   rms: 0.1658E+04   max: 0.1817E+05   C at   84  2   RLX: 0.000
       a = -3.000      CL = -0.4112
      Cm =  0.1224     CD = 47.81402   =>   CDf =  0.00316    CDp = 47.81086

 MRCHDU: Convergence failed at 100  side 2    Res =  0.3847E-02
 MRCHDU: Convergence failed at 101  side 2    Res =  0.5205E-05
 MRCHDU: Convergence failed at 105  side 2    Res =  0.5004E-04
 MRCHDU: Convergence failed at 106  side 2    Res =  0.5592E-03
 MRCHDU: Convergence failed at 107  side 2    Res =  0.3235E-03
 Side 1  free  transition at x/c =  0.5174   43
 Side 2  free  transition at x/c =  0.0327   15

 175   rms: 0.4209E+03   max: -.3498E+04   C at   84  2   RLX: 0.000
       a = -3.000      CL = -0.4109
      Cm =  0.1223     CD = 47.76766   =>   CDf =  0.00316    CDp = 47.76450

 MRCHDU: Convergence failed at 100  side 2    Res =  0.4114E-02
 MRCHDU: Convergence failed at 101  side 2    Res =  0.5464E-05
 MRCHDU: Convergence failed at 105  side 2    Res =  0.3661E-04
 MRCHDU: Convergence failed at 106  side 2    Res =  0.5580E-03
 MRCHDU: Convergence failed at 107  side 2    Res =  0.3231E-03
 Side 1  free  transition at x/c =  0.5174   43
 Side 2  free  transition at x/c =  0.0327   15

 176   rms: 0.7704E+04   max: -.7237E+05   C at   84  2   RLX: 0.000
       a = -3.000      CL = -0.4108
      Cm =  0.1223     CD = 47.31855   =>   CDf =  0.00316    CDp = 47.31538

 MRCHDU: Convergence failed at 100  side 2    Res =  0.4054E-02
 MRCHDU: Convergence failed at 101  side 2    Res =  0.5521E-05
 MRCHDU: Convergence failed at 105  side 2    Res =  0.3242E-04
 MRCHDU: Convergence failed at 106  side 2    Res =  0.5576E-03
 MRCHDU: Convergence failed at 107  side 2    Res =  0.3230E-03
 Side 1  free  transition at x/c =  0.5174   43
 Side 2  free  transition at x/c =  0.0327   15

 177   rms: 0.1529E+04   max: 0.1709E+05   C at   84  2   RLX: 0.000
       a = -3.000      CL = -0.4109
      Cm =  0.1223     CD = 47.19834   =>   CDf =  0.00316    CDp = 47.19518

 MRCHDU: Convergence failed at 100  side 2    Res =  0.3983E-02
 MRCHDU: Convergence failed at 101  side 2    Res =  0.5518E-05
 MRCHDU: Convergence failed at 105  side 2    Res =  0.3584E-04
 MRCHDU: Convergence failed at 106  side 2    Res =  0.5579E-03
 MRCHDU: Convergence failed at 107  side 2    Res =  0.3231E-03
 Side 1  free  transition at x/c =  0.5174   43
 Side 2  free  transition at x/c =  0.0327   15

 178   rms: 0.4867E+03   max: -.4083E+04   C at   84  2   RLX: 0.000
       a = -3.000      CL = -0.4106
      Cm =  0.1222     CD = 47.16170   =>   CDf =  0.00316    CDp = 47.15854

 MRCHDU: Convergence failed at 100  side 2    Res =  0.4182E-02
 MRCHDU: Convergence failed at 101  side 2    Res =  0.5758E-05
 MRCHDU: Convergence failed at 105  side 2    Res =  0.2338E-04
 MRCHDU: Convergence failed at 106  side 2    Res =  0.5568E-03
 MRCHDU: Convergence failed at 107  side 2    Res =  0.3227E-03
 Side 1  free  transition at x/c =  0.5174   43
 Side 2  free  transition at x/c =  0.0327   15

 179   rms: 0.4527E+05   max: -.4312E+06   C at   84  2   RLX: 0.000
       a = -3.000      CL = -0.4105
      Cm =  0.1222     CD = 46.76179   =>   CDf =  0.00316    CDp = 46.75863

 MRCHDU: Convergence failed at 100  side 2    Res =  0.4113E-02
 MRCHDU: Convergence failed at 101  side 2    Res =  0.5808E-05
 MRCHDU: Convergence failed at 105  side 2    Res =  0.1952E-04
 MRCHDU: Convergence failed at 106  side 2    Res =  0.5565E-03
 MRCHDU: Convergence failed at 107  side 2    Res =  0.3226E-03
 Side 1  free  transition at x/c =  0.5174   43
 Side 2  free  transition at x/c =  0.0327   15

 180   rms: 0.1435E+04   max: 0.1635E+05   C at   84  2   RLX: 0.000
       a = -3.000      CL = -0.4106
      Cm =  0.1222     CD = 46.65024   =>   CDf =  0.00316    CDp = 46.64708

 MRCHDU: Convergence failed at 100  side 2    Res =  0.4131E-02
 MRCHDU: Convergence failed at 101  side 2    Res =  0.5808E-05
 MRCHDU: Convergence failed at 105  side 2    Res =  0.2261E-04
 MRCHDU: Convergence failed at 106  side 2    Res =  0.5568E-03
 MRCHDU: Convergence failed at 107  side 2    Res =  0.3227E-03
 Side 1  free  transition at x/c =  0.5174   43
 Side 2  free  transition at x/c =  0.0327   15

 181   rms: 0.5585E+03   max: -.4726E+04   C at   84  2   RLX: 0.000
       a = -3.000      CL = -0.4103
      Cm =  0.1222     CD = 46.62185   =>   CDf =  0.00316    CDp = 46.61869

 MRCHDU: Convergence failed at 100  side 2    Res =  0.4275E-02
 MRCHDU: Convergence failed at 101  side 2    Res =  0.6032E-05
 MRCHDU: Convergence failed at 105  side 2    Res =  0.1095E-04
 MRCHDU: Convergence failed at 106  side 2    Res =  0.5558E-03
 MRCHDU: Convergence failed at 107  side 2    Res =  0.3223E-03
 Side 1  free  transition at x/c =  0.5174   43
 Side 2  free  transition at x/c =  0.0327   15

 182   rms: 0.1494E+05   max: 0.1442E+06   C at   84  2   RLX: 0.000
       a = -3.000      CL = -0.4105
      Cm =  0.1222     CD = 46.35515   =>   CDf =  0.00316    CDp = 46.35198

 MRCHDU: Convergence failed at 100  side 2    Res =  0.3182E-02
 MRCHDU: Convergence failed at 101  side 2    Res =  0.5893E-05
 MRCHDU: Convergence failed at 105  side 2    Res =  0.2152E-04
 MRCHDU: Convergence failed at 106  side 2    Res =  0.5567E-03
 MRCHDU: Convergence failed at 107  side 2    Res =  0.3227E-03
 Side 1  free  transition at x/c =  0.5174   43
 Side 2  free  transition at x/c =  0.0327   15

 183   rms: 0.1670E+03   max: -.1309E+04   C at   84  2   RLX: 0.000
       a = -3.000      CL = -0.4098
      Cm =  0.1221     CD = 46.31594   =>   CDf =  0.00316    CDp = 46.31278

 MRCHDU: Convergence failed at 100  side 2    Res =  0.4278E-02
 MRCHDU: Convergence failed at 101  side 2    Res =  0.6521E-05
 MRCHDU: Convergence failed at 106  side 2    Res =  0.5446E-03
 MRCHDU: Convergence failed at 107  side 2    Res =  0.3217E-03
 Side 1  free  transition at x/c =  0.5174   43
 Side 2  free  transition at x/c =  0.0327   15

 184   rms: 0.7721E+03   max: -.6665E+04   C at   84  2   RLX: 0.000
       a = -3.000      CL = -0.4096
      Cm =  0.1220     CD = 45.42971   =>   CDf =  0.00316    CDp = 45.42655

 MRCHDU: Convergence failed at 100  side 2    Res =  0.4335E-02
 MRCHDU: Convergence failed at 101  side 2    Res =  0.6714E-05
 MRCHDU: Convergence failed at 106  side 2    Res =  0.5337E-03
 MRCHDU: Convergence failed at 107  side 2    Res =  0.3214E-03
 Side 1  free  transition at x/c =  0.5174   43
 Side 2  free  transition at x/c =  0.0327   15

 185   rms: 0.4242E+04   max: 0.4216E+05   C at   84  2   RLX: 0.000
       a = -3.000      CL = -0.4098
      Cm =  0.1220     CD = 45.19780   =>   CDf =  0.00316    CDp = 45.19464

 MRCHDU: Convergence failed at 100  side 2    Res =  0.3523E-02
 MRCHDU: Convergence failed at 101  side 2    Res =  0.6606E-05
 MRCHDU: Convergence failed at 106  side 2    Res =  0.5434E-03
 MRCHDU: Convergence failed at 107  side 2    Res =  0.3217E-03
 Side 1  free  transition at x/c =  0.5174   43
 Side 2  free  transition at x/c =  0.0327   15

 186   rms: 0.2062E+03   max: -.1636E+04   C at   84  2   RLX: 0.000
       a = -3.000      CL = -0.4092
      Cm =  0.1219     CD = 45.19591   =>   CDf =  0.00316    CDp = 45.19275

 MRCHDU: Convergence failed at 100  side 2    Res =  0.4323E-02
 MRCHDU: Convergence failed at 101  side 2    Res =  0.7171E-05
 MRCHDU: Convergence failed at 106  side 2    Res =  0.5137E-03
 MRCHDU: Convergence failed at 107  side 2    Res =  0.3209E-03
 Side 1  free  transition at x/c =  0.5174   43
 Side 2  free  transition at x/c =  0.0327   15

 187   rms: 0.1065E+04   max: -.9369E+04   C at   84  2   RLX: 0.000
       a = -3.000      CL = -0.4091
      Cm =  0.1219     CD = 44.47919   =>   CDf =  0.00316    CDp = 44.47603

 MRCHDU: Convergence failed at 100  side 2    Res =  0.4328E-02
 MRCHDU: Convergence failed at 101  side 2    Res =  0.7337E-05
 MRCHDU: Convergence failed at 106  side 2    Res =  0.5042E-03
 MRCHDU: Convergence failed at 107  side 2    Res =  0.3207E-03
 Side 1  free  transition at x/c =  0.5174   43
 Side 2  free  transition at x/c =  0.0327   15

 188   rms: 0.2747E+04   max: 0.2806E+05   C at   84  2   RLX: 0.000
       a = -3.000      CL = -0.4092
      Cm =  0.1219     CD = 44.27195   =>   CDf =  0.00316    CDp = 44.26879

 MRCHDU: Convergence failed at 100  side 2    Res =  0.3737E-02
 MRCHDU: Convergence failed at 101  side 2    Res =  0.7253E-05
 MRCHDU: Convergence failed at 106  side 2    Res =  0.5124E-03
 MRCHDU: Convergence failed at 107  side 2    Res =  0.3209E-03
 Side 1  free  transition at x/c =  0.5174   43
 Side 2  free  transition at x/c =  0.0327   15

 189   rms: 0.2487E+03   max: -.1996E+04   C at   84  2   RLX: 0.000
       a = -3.000      CL = -0.4087
      Cm =  0.1218     CD = 44.30104   =>   CDf =  0.00316    CDp = 44.29788

 MRCHDU: Convergence failed at 100  side 2    Res =  0.4332E-02
 MRCHDU: Convergence failed at 101  side 2    Res =  0.7764E-05
 MRCHDU: Convergence failed at 106  side 2    Res =  0.4860E-03
 MRCHDU: Convergence failed at 107  side 2    Res =  0.3203E-03
 Side 1  free  transition at x/c =  0.5174   43
 Side 2  free  transition at x/c =  0.0327   15

 190   rms: 0.1505E+04   max: -.1348E+05   C at   84  2   RLX: 0.000
       a = -3.000      CL = -0.4086
      Cm =  0.1218     CD = 43.71012   =>   CDf =  0.00316    CDp = 43.70696

 MRCHDU: Convergence failed at 100  side 2    Res =  0.4304E-02
 MRCHDU: Convergence failed at 101  side 2    Res =  0.7909E-05
 MRCHDU: Convergence failed at 106  side 2    Res =  0.4777E-03
 MRCHDU: Convergence failed at 107  side 2    Res =  0.3201E-03
 Side 1  free  transition at x/c =  0.5174   43
 Side 2  free  transition at x/c =  0.0327   15

 191   rms: 0.2152E+04   max: 0.2255E+05   C at   84  2   RLX: 0.000
       a = -3.000      CL = -0.4086
      Cm =  0.1218     CD = 43.52091   =>   CDf =  0.00316    CDp = 43.51775

 MRCHDU: Convergence failed at 100  side 2    Res =  0.3890E-02
 MRCHDU: Convergence failed at 101  side 2    Res =  0.7842E-05
 MRCHDU: Convergence failed at 106  side 2    Res =  0.4848E-03
 MRCHDU: Convergence failed at 107  side 2    Res =  0.3203E-03
 Side 1  free  transition at x/c =  0.5174   43
 Side 2  free  transition at x/c =  0.0327   15

 192   rms: 0.2972E+03   max: -.2411E+04   C at   84  2   RLX: 0.000
       a = -3.000      CL = -0.4083
      Cm =  0.1217     CD = 43.57777   =>   CDf =  0.00316    CDp = 43.57461

 MRCHDU: Convergence failed at 100  side 2    Res =  0.4337E-02
 MRCHDU: Convergence failed at 101  side 2    Res =  0.8308E-05
 MRCHDU: Convergence failed at 106  side 2    Res =  0.4613E-03
 MRCHDU: Convergence failed at 107  side 2    Res =  0.3197E-03
 Side 1  free  transition at x/c =  0.5174   43
 Side 2  free  transition at x/c =  0.0327   15

 193   rms: 0.2220E+04   max: -.2022E+05   C at   84  2   RLX: 0.000
       a = -3.000      CL = -0.4081
      Cm =  0.1217     CD = 43.08481   =>   CDf =  0.00316    CDp = 43.08164

 MRCHDU: Convergence failed at 100  side 2    Res =  0.4289E-02
 MRCHDU: Convergence failed at 101  side 2    Res =  0.8434E-05
 MRCHDU: Convergence failed at 106  side 2    Res =  0.4542E-03
 MRCHDU: Convergence failed at 107  side 2    Res =  0.3196E-03
 Side 1  free  transition at x/c =  0.5174   43
 Side 2  free  transition at x/c =  0.0327   15

 194   rms: 0.1836E+04   max: 0.1970E+05   C at   84  2   RLX: 0.000
       a = -3.000      CL = -0.4082
      Cm =  0.1217     CD = 42.90878   =>   CDf =  0.00316    CDp = 42.90562

 MRCHDU: Convergence failed at 100  side 2    Res =  0.4019E-02
 MRCHDU: Convergence failed at 101  side 2    Res =  0.8382E-05
 MRCHDU: Convergence failed at 106  side 2    Res =  0.4601E-03
 MRCHDU: Convergence failed at 107  side 2    Res =  0.3197E-03
 Side 1  free  transition at x/c =  0.5174   43
 Side 2  free  transition at x/c =  0.0327   15

 195   rms: 0.3504E+03   max: -.2872E+04   C at   84  2   RLX: 0.000
       a = -3.000      CL = -0.4079
      Cm =  0.1216     CD = 42.99178   =>   CDf =  0.00316    CDp = 42.98862

 MRCHDU: Convergence failed at 100  side 2    Res =  0.4356E-02
 MRCHDU: Convergence failed at 101  side 2    Res =  0.8809E-05
 MRCHDU: Convergence failed at 106  side 2    Res =  0.4395E-03
 MRCHDU: Convergence failed at 107  side 2    Res =  0.3193E-03
 Side 1  free  transition at x/c =  0.5174   43
 Side 2  free  transition at x/c =  0.0327   15

 196   rms: 0.3622E+04   max: -.3352E+05   C at   84  2   RLX: 0.000
       a = -3.000      CL = -0.4078
      Cm =  0.1216     CD = 42.57561   =>   CDf =  0.00316    CDp = 42.57244

 MRCHDU: Convergence failed at 100  side 2    Res =  0.4293E-02
 MRCHDU: Convergence failed at 101  side 2    Res =  0.8920E-05
 MRCHDU: Convergence failed at 106  side 2    Res =  0.4334E-03
 MRCHDU: Convergence failed at 107  side 2    Res =  0.3192E-03
 Side 1  free  transition at x/c =  0.5174   43
 Side 2  free  transition at x/c =  0.0327   15

 197   rms: 0.1638E+04   max: 0.1796E+05   C at   84  2   RLX: 0.000
       a = -3.000      CL = -0.4078
      Cm =  0.1216     CD = 42.40970   =>   CDf =  0.00316    CDp = 42.40654

 MRCHDU: Convergence failed at 100  side 2    Res =  0.4144E-02
 MRCHDU: Convergence failed at 101  side 2    Res =  0.8877E-05
 MRCHDU: Convergence failed at 106  side 2    Res =  0.4383E-03
 MRCHDU: Convergence failed at 107  side 2    Res =  0.3193E-03
 Side 1  free  transition at x/c =  0.5174   43
 Side 2  free  transition at x/c =  0.0327   15

 198   rms: 0.4114E+03   max: -.3406E+04   C at   84  2   RLX: 0.000
       a = -3.000      CL = -0.4075
      Cm =  0.1215     CD = 42.51660   =>   CDf =  0.00316    CDp = 42.51343

 MRCHDU: Convergence failed at 100  side 2    Res =  0.4397E-02
 MRCHDU: Convergence failed at 101  side 2    Res =  0.9272E-05
 MRCHDU: Convergence failed at 106  side 2    Res =  0.4205E-03
 MRCHDU: Convergence failed at 107  side 2    Res =  0.3189E-03
 Side 1  free  transition at x/c =  0.5174   43
 Side 2  free  transition at x/c =  0.0327   15

 199   rms: 0.7560E+04   max: -.7103E+05   C at   84  2   RLX: 0.000
       a = -3.000      CL = -0.4074
      Cm =  0.1215     CD = 42.16089   =>   CDf =  0.00316    CDp = 42.15773

 MRCHDU: Convergence failed at 100  side 2    Res =  0.4323E-02
 MRCHDU: Convergence failed at 101  side 2    Res =  0.9371E-05
 MRCHDU: Convergence failed at 106  side 2    Res =  0.4154E-03
 MRCHDU: Convergence failed at 107  side 2    Res =  0.3188E-03
 Side 1  free  transition at x/c =  0.5173   43
 Side 2  free  transition at x/c =  0.0327   15

 200   rms: 0.1501E+04   max: 0.1680E+05   C at   84  2   RLX: 0.000
       a = -3.000      CL = -0.4074
      Cm =  0.1215     CD = 42.00328   =>   CDf =  0.00316    CDp = 42.00012

 MRCHDU: Convergence failed at 100  side 2    Res =  0.4276E-02
 MRCHDU: Convergence failed at 101  side 2    Res =  0.9335E-05
 MRCHDU: Convergence failed at 106  side 2    Res =  0.4194E-03
 MRCHDU: Convergence failed at 107  side 2    Res =  0.3189E-03
 Side 1  free  transition at x/c =  0.5174   43
 Side 2  free  transition at x/c =  0.0327   15

 201   rms: 0.4811E+03   max: -.4022E+04   C at   84  2   RLX: 0.000
       a = -3.000      CL = -0.4072
      Cm =  0.1215     CD = 42.13092   =>   CDf =  0.00316    CDp = 42.12776

 MRCHDU: Convergence failed at 100  side 2    Res =  0.4461E-02
 MRCHDU: Convergence failed at 101  side 2    Res =  0.9703E-05
 MRCHDU: Convergence failed at 106  side 2    Res =  0.4043E-03
 MRCHDU: Convergence failed at 107  side 2    Res =  0.3186E-03
 Side 1  free  transition at x/c =  0.5173   43
 Side 2  free  transition at x/c =  0.0327   15

 202   rms: 0.7962E+05   max: -.7586E+06   C at   84  2   RLX: 0.000
       a = -3.000      CL = -0.4071
      Cm =  0.1215     CD = 41.82225   =>   CDf =  0.00316    CDp = 41.81909

 MRCHDU: Convergence failed at 100  side 2    Res =  0.4378E-02
 MRCHDU: Convergence failed at 101  side 2    Res =  0.9792E-05
 MRCHDU: Convergence failed at 106  side 2    Res =  0.4001E-03
 MRCHDU: Convergence failed at 107  side 2    Res =  0.3186E-03
 Side 1  free  transition at x/c =  0.5173   43
 Side 2  free  transition at x/c =  0.0327   15

 203   rms: 0.1402E+04   max: 0.1599E+05   C at   84  2   RLX: 0.000
       a = -3.000      CL = -0.4071
      Cm =  0.1215     CD = 41.67201   =>   CDf =  0.00316    CDp = 41.66885

 MRCHDU: Convergence failed at 100  side 2    Res =  0.4420E-02
 MRCHDU: Convergence failed at 101  side 2    Res =  0.9761E-05
 MRCHDU: Convergence failed at 106  side 2    Res =  0.4033E-03
 MRCHDU: Convergence failed at 107  side 2    Res =  0.3186E-03
 Side 1  free  transition at x/c =  0.5173   43
 Side 2  free  transition at x/c =  0.0327   15

 204   rms: 0.5604E+03   max: -.4730E+04   C at   84  2   RLX: 0.000
       a = -3.000      CL = -0.4069
      Cm =  0.1214     CD = 41.81495   =>   CDf =  0.00316    CDp = 41.81179

 MRCHDU: Convergence failed at 100  side 2    Res =  0.4551E-02
 MRCHDU: Convergence failed at 101  side 2    Res =  0.1011E-04
 MRCHDU: Convergence failed at 106  side 2    Res =  0.3907E-03
 MRCHDU: Convergence failed at 107  side 2    Res =  0.3184E-03
 Side 1  free  transition at x/c =  0.5173   43
 Side 2  free  transition at x/c =  0.0327   15

 205   rms: 0.1139E+05   max: 0.1099E+06   C at   84  2   RLX: 0.000
       a = -3.000      CL = -0.4071
      Cm =  0.1215     CD = 41.41105   =>   CDf =  0.00316    CDp = 41.40788
 VISCAL:  Convergence failed
      9.000    4.6351  41.411046   0.001250   0.001394   0.000144    0.5173     #
 Calculating wake trajectory ...
 Calculating source influence matrix ...

 Solving BL system ...

 MRCHDU: Convergence failed at 100  side 2    Res =  0.3481E-02
 MRCHDU: Convergence failed at 101  side 2    Res =  0.9861E-05
 MRCHDU: Convergence failed at 106  side 2    Res =  0.4009E-03
 MRCHDU: Convergence failed at 107  side 2    Res =  0.3186E-03
 Side 1  free  transition at x/c =  0.5173   43
 Side 2  free  transition at x/c =  0.0327   15

   1   rms: 0.1926E+03   max: -.1483E+04   C at   84  2   RLX: 0.000
       a = -4.000      CL = -0.4057
      Cm =  0.1213     CD = 41.84828   =>   CDf =  0.00316    CDp = 41.84512

 MRCHDU: Convergence failed at 100  side 2    Res =  0.4602E-02
 MRCHDU: Convergence failed at 101  side 2    Res =  0.1081E-04
 MRCHDU: Convergence failed at 106  side 2    Res =  0.3671E-03
 MRCHDU: Convergence failed at 107  side 2    Res =  0.3182E-03
 Side 1  free  transition at x/c =  0.5173   43
 Side 2  free  transition at x/c =  0.0327   15

   2   rms: 0.9372E+03   max: -.8085E+04   C at   84  2   RLX: 0.000
       a = -4.000      CL = -0.4056
      Cm =  0.1213     CD = 41.34654   =>   CDf =  0.00316    CDp = 41.34338

 MRCHDU: Convergence failed at 100  side 2    Res =  0.4651E-02
 MRCHDU: Convergence failed at 101  side 2    Res =  0.1112E-04
 MRCHDU: Convergence failed at 106  side 2    Res =  0.3598E-03
 MRCHDU: Convergence failed at 107  side 2    Res =  0.3181E-03
 Side 1  free  transition at x/c =  0.5173   43
 Side 2  free  transition at x/c =  0.0327   15

   3   rms: 0.4024E+04   max: 0.4003E+05   C at   84  2   RLX: 0.000
       a = -4.000      CL = -0.4057
      Cm =  0.1213     CD = 40.96753   =>   CDf =  0.00316    CDp = 40.96437

 MRCHDU: Convergence failed at 100  side 2    Res =  0.3869E-02
 MRCHDU: Convergence failed at 101  side 2    Res =  0.1092E-04
 MRCHDU: Convergence failed at 106  side 2    Res =  0.3657E-03
 MRCHDU: Convergence failed at 107  side 2    Res =  0.3182E-03
 Side 1  free  transition at x/c =  0.5173   43
 Side 2  free  transition at x/c =  0.0327   15

   4   rms: 0.2453E+03   max: -.1935E+04   C at   84  2   RLX: 0.000
       a = -4.000      CL = -0.4052
      Cm =  0.1212     CD = 41.46272   =>   CDf =  0.00316    CDp = 41.45956

 MRCHDU: Convergence failed at 100  side 2    Res =  0.4688E-02
 MRCHDU: Convergence failed at 101  side 2    Res =  0.1178E-04
 MRCHDU: Convergence failed at 106  side 2    Res =  0.3462E-03
 MRCHDU: Convergence failed at 107  side 2    Res =  0.3181E-03
 Side 1  free  transition at x/c =  0.5173   43
 Side 2  free  transition at x/c =  0.0327   15

   5   rms: 0.1390E+04   max: -.1223E+05   C at   84  2   RLX: 0.000
       a = -4.000      CL = -0.4050
      Cm =  0.1212     CD = 41.00602   =>   CDf =  0.00316    CDp = 41.00286

 MRCHDU: Convergence failed at 100  side 2    Res =  0.4682E-02
 MRCHDU: Convergence failed at 101  side 2    Res =  0.1205E-04
 MRCHDU: Convergence failed at 106  side 2    Res =  0.3415E-03
 MRCHDU: Convergence failed at 107  side 2    Res =  0.3180E-03
 Side 1  free  transition at x/c =  0.5173   43
 Side 2  free  transition at x/c =  0.0327   15

   6   rms: 0.2707E+04   max: 0.2769E+05   C at   84  2   RLX: 0.000
       a = -4.000      CL = -0.4051
      Cm =  0.1212     CD = 40.66950   =>   CDf =  0.00316    CDp = 40.66634

 MRCHDU: Convergence failed at 100  side 2    Res =  0.4124E-02
 MRCHDU: Convergence failed at 101  side 2    Res =  0.1188E-04
 MRCHDU: Convergence failed at 106  side 2    Res =  0.3454E-03
 MRCHDU: Convergence failed at 107  side 2    Res =  0.3181E-03
 Side 1  free  transition at x/c =  0.5173   43
 Side 2  free  transition at x/c =  0.0327   15

   7   rms: 0.3048E+03   max: -.2447E+04   C at   84  2   RLX: 0.000
       a = -4.000      CL = -0.4047
      Cm =  0.1211     CD = 41.13055   =>   CDf =  0.00316    CDp = 41.12739

 MRCHDU: Convergence failed at 100  side 2    Res =  0.4731E-02
 MRCHDU: Convergence failed at 101  side 2    Res =  0.1267E-04
 MRCHDU: Convergence failed at 106  side 2    Res =  0.3327E-03
 MRCHDU: Convergence failed at 107  side 2    Res =  0.3180E-03
 Side 1  free  transition at x/c =  0.5173   43
 Side 2  free  transition at x/c =  0.0327   15

   8   rms: 0.2131E+04   max: -.1911E+05   C at   84  2   RLX: 0.000
       a = -4.000      CL = -0.4046
      Cm =  0.1211     CD = 40.68983   =>   CDf =  0.00316    CDp = 40.68667

 MRCHDU: Convergence failed at 100  side 2    Res =  0.4689E-02
 MRCHDU: Convergence failed at 101  side 2    Res =  0.1290E-04
 MRCHDU: Convergence failed at 106  side 2    Res =  0.3292E-03
 MRCHDU: Convergence failed at 107  side 2    Res =  0.3180E-03
 Side 1  free  transition at x/c =  0.5173   43
 Side 2  free  transition at x/c =  0.0327   15

   9   rms: 0.2182E+04   max: 0.2290E+05   C at   84  2   RLX: 0.000
       a = -4.000      CL = -0.4047
      Cm =  0.1211     CD = 40.39532   =>   CDf =  0.00316    CDp = 40.39216

 MRCHDU: Convergence failed at 100  side 2    Res =  0.4311E-02
 MRCHDU: Convergence failed at 101  side 2    Res =  0.1277E-04
 MRCHDU: Convergence failed at 106  side 2    Res =  0.3321E-03
 MRCHDU: Convergence failed at 107  side 2    Res =  0.3180E-03
 Side 1  free  transition at x/c =  0.5173   43
 Side 2  free  transition at x/c =  0.0327   15

  10   rms: 0.3709E+03   max: -.3019E+04   C at   84  2   RLX: 0.000
       a = -4.000      CL = -0.4043
      Cm =  0.1210     CD = 40.80485   =>   CDf =  0.00316    CDp = 40.80169

 MRCHDU: Convergence failed at 100  side 2    Res =  0.4765E-02
 MRCHDU: Convergence failed at 101  side 2    Res =  0.1349E-04
 MRCHDU: Convergence failed at 106  side 2    Res =  0.3225E-03
 MRCHDU: Convergence failed at 107  side 2    Res =  0.3180E-03
 Side 1  free  transition at x/c =  0.5173   43
 Side 2  free  transition at x/c =  0.0327   15

  11   rms: 0.3543E+04   max: -.3232E+05   C at   84  2   RLX: 0.000
       a = -4.000      CL = -0.4042
      Cm =  0.1210     CD = 40.39358   =>   CDf =  0.00316    CDp = 40.39042

 MRCHDU: Convergence failed at 100  side 2    Res =  0.4699E-02
 MRCHDU: Convergence failed at 101  side 2    Res =  0.1370E-04
 MRCHDU: Convergence failed at 106  side 2    Res =  0.3198E-03
 MRCHDU: Convergence failed at 107  side 2    Res =  0.3179E-03
 Side 1  free  transition at x/c =  0.5173   43
 Side 2  free  transition at x/c =  0.0327   15

  12   rms: 0.1899E+04   max: 0.2041E+05   C at   84  2   RLX: 0.000
       a = -4.000      CL = -0.4043
      Cm =  0.1210     CD = 40.13516   =>   CDf =  0.00316    CDp = 40.13200

 MRCHDU: Convergence failed at 100  side 2    Res =  0.4468E-02
 MRCHDU: Convergence failed at 101  side 2    Res =  0.1358E-04
 MRCHDU: Convergence failed at 106  side 2    Res =  0.3221E-03
 MRCHDU: Convergence failed at 107  side 2    Res =  0.3180E-03
 Side 1  free  transition at x/c =  0.5173   43
 Side 2  free  transition at x/c =  0.0327   15

  13   rms: 0.4457E+03   max: -.3669E+04   C at   84  2   RLX: 0.000
       a = -4.000      CL = -0.4040
      Cm =  0.1209     CD = 40.49681   =>   CDf =  0.00316    CDp = 40.49365

 MRCHDU: Convergence failed at 100  side 2    Res =  0.4806E-02
 MRCHDU: Convergence failed at 101  side 2    Res =  0.1424E-04
 MRCHDU: Convergence failed at 106  side 2    Res =  0.3144E-03
 MRCHDU: Convergence failed at 107  side 2    Res =  0.3179E-03
 Side 1  free  transition at x/c =  0.5173   43
 Side 2  free  transition at x/c =  0.0327   15

  14   rms: 0.7302E+04   max: -.6770E+05   C at   84  2   RLX: 0.000
       a = -4.000      CL = -0.4039
      Cm =  0.1209     CD = 40.11868   =>   CDf =  0.00316    CDp = 40.11552

 MRCHDU: Convergence failed at 100  side 2    Res =  0.4724E-02
 MRCHDU: Convergence failed at 101  side 2    Res =  0.1443E-04
 MRCHDU: Convergence failed at 106  side 2    Res =  0.3121E-03
 MRCHDU: Convergence failed at 107  side 2    Res =  0.3179E-03
 Side 1  free  transition at x/c =  0.5173   43
 Side 2  free  transition at x/c =  0.0327   15

  15   rms: 0.1722E+04   max: 0.1892E+05   C at   84  2   RLX: 0.000
       a = -4.000      CL = -0.4039
      Cm =  0.1209     CD = 39.89007   =>   CDf =  0.00316    CDp = 39.88691

 MRCHDU: Convergence failed at 100  side 2    Res =  0.4615E-02
 MRCHDU: Convergence failed at 101  side 2    Res =  0.1433E-04
 MRCHDU: Convergence failed at 106  side 2    Res =  0.3140E-03
 MRCHDU: Convergence failed at 107  side 2    Res =  0.3179E-03
 Side 1  free  transition at x/c =  0.5173   43
 Side 2  free  transition at x/c =  0.0327   15

  16   rms: 0.5291E+03   max: -.4402E+04   C at   84  2   RLX: 0.000
       a = -4.000      CL = -0.4037
      Cm =  0.1209     CD = 40.21117   =>   CDf =  0.00316    CDp = 40.20801

 MRCHDU: Convergence failed at 100  side 2    Res =  0.4863E-02
 MRCHDU: Convergence failed at 101  side 2    Res =  0.1495E-04
 MRCHDU: Convergence failed at 106  side 2    Res =  0.3075E-03
 MRCHDU: Convergence failed at 107  side 2    Res =  0.3179E-03
 Side 1  free  transition at x/c =  0.5173   43
 Side 2  free  transition at x/c =  0.0327   15

  17   rms: 0.4658E+05   max: -.4384E+06   C at   84  2   RLX: 0.000
       a = -4.000      CL = -0.4036
      Cm =  0.1208     CD = 39.86412   =>   CDf =  0.00316    CDp = 39.86096

 MRCHDU: Convergence failed at 100  side 2    Res =  0.4768E-02
 MRCHDU: Convergence failed at 101  side 2    Res =  0.1512E-04
 MRCHDU: Convergence failed at 106  side 2    Res =  0.3055E-03
 MRCHDU: Convergence failed at 107  side 2    Res =  0.3178E-03
 Side 1  free  transition at x/c =  0.5173   43
 Side 2  free  transition at x/c =  0.0327   15

  18   rms: 0.1601E+04   max: 0.1795E+05   C at   84  2   RLX: 0.000
       a = -4.000      CL = -0.4036
      Cm =  0.1209     CD = 39.65979   =>   CDf =  0.00316    CDp = 39.65663

 MRCHDU: Convergence failed at 100  side 2    Res =  0.4764E-02
 MRCHDU: Convergence failed at 101  side 2    Res =  0.1503E-04
 MRCHDU: Convergence failed at 106  side 2    Res =  0.3071E-03
 MRCHDU: Convergence failed at 107  side 2    Res =  0.3179E-03
 Side 1  free  transition at x/c =  0.5173   43
 Side 2  free  transition at x/c =  0.0327   15

  19   rms: 0.6222E+03   max: -.5227E+04   C at   84  2   RLX: 0.000
       a = -4.000      CL = -0.4034
      Cm =  0.1208     CD = 39.94730   =>   CDf =  0.00316    CDp = 39.94414

 MRCHDU: Convergence failed at 100  side 2    Res =  0.4940E-02
 MRCHDU: Convergence failed at 101  side 2    Res =  0.1560E-04
 MRCHDU: Convergence failed at 106  side 2    Res =  0.3014E-03
 MRCHDU: Convergence failed at 107  side 2    Res =  0.3178E-03
 Side 1  free  transition at x/c =  0.5173   43
 Side 2  free  transition at x/c =  0.0327   15

  20   rms: 0.1392E+05   max: 0.1329E+06   C at   84  2   RLX: 0.000
       a = -4.000      CL = -0.4036
      Cm =  0.1208     CD = 39.37312   =>   CDf =  0.00316    CDp = 39.36996

 MRCHDU: Convergence failed at 100  side 2    Res =  0.3764E-02
 MRCHDU: Convergence failed at 101  side 2    Res =  0.1515E-04
 MRCHDU: Convergence failed at 106  side 2    Res =  0.3066E-03
 MRCHDU: Convergence failed at 107  side 2    Res =  0.3179E-03
 Side 1  free  transition at x/c =  0.5173   43
 Side 2  free  transition at x/c =  0.0327   15

  21   rms: 0.1866E+03   max: -.1459E+04   C at   84  2   RLX: 0.000
       a = -4.000      CL = -0.4029
      Cm =  0.1207     CD = 40.17451   =>   CDf =  0.00316    CDp = 40.17135

 MRCHDU: Convergence failed at 100  side 2    Res =  0.5047E-02
 MRCHDU: Convergence failed at 101  side 2    Res =  0.1667E-04
 MRCHDU: Convergence failed at 106  side 2    Res =  0.2922E-03
 MRCHDU: Convergence failed at 107  side 2    Res =  0.3178E-03
 Side 1  free  transition at x/c =  0.5173   43
 Side 2  free  transition at x/c =  0.0327   15

  22   rms: 0.9003E+03   max: -.7724E+04   C at   84  2   RLX: 0.000
       a = -4.000      CL = -0.4028
      Cm =  0.1207     CD = 39.45005   =>   CDf =  0.00316    CDp = 39.44690

 MRCHDU: Convergence failed at 100  side 2    Res =  0.5107E-02
 MRCHDU: Convergence failed at 101  side 2    Res =  0.1718E-04
 MRCHDU: Convergence failed at 106  side 2    Res =  0.2878E-03
 MRCHDU: Convergence failed at 107  side 2    Res =  0.3177E-03
 Side 1  free  transition at x/c =  0.5173   43
 Side 2  free  transition at x/c =  0.0327   15

  23   rms: 0.4180E+04   max: 0.4114E+05   C at   84  2   RLX: 0.000
       a = -4.000      CL = -0.4029
      Cm =  0.1207     CD = 38.97781   =>   CDf =  0.00316    CDp = 38.97465

 MRCHDU: Convergence failed at 100  side 2    Res =  0.4255E-02
 MRCHDU: Convergence failed at 101  side 2    Res =  0.1679E-04
 MRCHDU: Convergence failed at 106  side 2    Res =  0.2918E-03
 MRCHDU: Convergence failed at 107  side 2    Res =  0.3178E-03
 Side 1  free  transition at x/c =  0.5173   43
 Side 2  free  transition at x/c =  0.0327   15

  24   rms: 0.2364E+03   max: -.1875E+04   C at   84  2   RLX: 0.000
       a = -4.000      CL = -0.4024
      Cm =  0.1206     CD = 39.63257   =>   CDf =  0.00316    CDp = 39.62941

 MRCHDU: Convergence failed at 100  side 2    Res =  0.5171E-02
 MRCHDU: Convergence failed at 101  side 2    Res =  0.1817E-04
 MRCHDU: Convergence failed at 106  side 2    Res =  0.2805E-03
 MRCHDU: Convergence failed at 107  side 2    Res =  0.3177E-03
 Side 1  free  transition at x/c =  0.5173   43
 Side 2  free  transition at x/c =  0.0327   15

  25   rms: 0.1318E+04   max: -.1154E+05   C at   84  2   RLX: 0.000
       a = -4.000      CL = -0.4022
      Cm =  0.1205     CD = 38.98320   =>   CDf =  0.00316    CDp = 38.98005

 MRCHDU: Convergence failed at 100  side 2    Res =  0.5160E-02
 MRCHDU: Convergence failed at 101  side 2    Res =  0.1862E-04
 MRCHDU: Convergence failed at 106  side 2    Res =  0.2770E-03
 MRCHDU: Convergence failed at 107  side 2    Res =  0.3177E-03
 Side 1  free  transition at x/c =  0.5173   43
 Side 2  free  transition at x/c =  0.0327   15

  26   rms: 0.2774E+04   max: 0.2810E+05   C at   84  2   RLX: 0.000
       a = -4.000      CL = -0.4023
      Cm =  0.1206     CD = 38.58994   =>   CDf =  0.00316    CDp = 38.58678

 MRCHDU: Convergence failed at 100  side 2    Res =  0.4556E-02
 MRCHDU: Convergence failed at 101  side 2    Res =  0.1829E-04
 MRCHDU: Convergence failed at 106  side 2    Res =  0.2801E-03
 MRCHDU: Convergence failed at 107  side 2    Res =  0.3177E-03
 Side 1  free  transition at x/c =  0.5173   43
 Side 2  free  transition at x/c =  0.0327   15

  27   rms: 0.2938E+03   max: -.2360E+04   C at   84  2   RLX: 0.000
       a = -4.000      CL = -0.4019
      Cm =  0.1205     CD = 39.13415   =>   CDf =  0.00316    CDp = 39.13099

 MRCHDU: Convergence failed at 100  side 2    Res =  0.5222E-02
 MRCHDU: Convergence failed at 101  side 2    Res =  0.1955E-04
 MRCHDU: Convergence failed at 106  side 2    Res =  0.2708E-03
 MRCHDU: Convergence failed at 107  side 2    Res =  0.3176E-03
 Side 1  free  transition at x/c =  0.5173   43
 Side 2  free  transition at x/c =  0.0327   15

  28   rms: 0.2001E+04   max: -.1784E+05   C at   84  2   RLX: 0.000
       a = -4.000      CL = -0.4018
      Cm =  0.1204     CD = 38.56192   =>   CDf =  0.00316    CDp = 38.55876

 MRCHDU: Convergence failed at 100  side 2    Res =  0.5169E-02
 MRCHDU: Convergence failed at 101  side 2    Res =  0.1994E-04
 MRCHDU: Convergence failed at 106  side 2    Res =  0.2678E-03
 MRCHDU: Convergence failed at 107  side 2    Res =  0.3176E-03
 Side 1  free  transition at x/c =  0.5173   43
 Side 2  free  transition at x/c =  0.0327   15

  29   rms: 0.2213E+04   max: 0.2302E+05   C at   84  2   RLX: 0.000
       a = -4.000      CL = -0.4018
      Cm =  0.1205     CD = 38.22926   =>   CDf =  0.00316    CDp = 38.22610

 MRCHDU: Convergence failed at 100  side 2    Res =  0.4760E-02
 MRCHDU: Convergence failed at 101  side 2    Res =  0.1966E-04
 MRCHDU: Convergence failed at 106  side 2    Res =  0.2704E-03
 MRCHDU: Convergence failed at 107  side 2    Res =  0.3176E-03
 Side 1  free  transition at x/c =  0.5173   43
 Side 2  free  transition at x/c =  0.0327   15

  30   rms: 0.3588E+03   max: -.2915E+04   C at   84  2   RLX: 0.000
       a = -4.000      CL = -0.4015
      Cm =  0.1204     CD = 38.68949   =>   CDf =  0.00316    CDp = 38.68633

 MRCHDU: Convergence failed at 100  side 2    Res =  0.5249E-02
 MRCHDU: Convergence failed at 101  side 2    Res =  0.2081E-04
 MRCHDU: Convergence failed at 106  side 2    Res =  0.2624E-03
 MRCHDU: Convergence failed at 107  side 2    Res =  0.3175E-03
 Side 1  free  transition at x/c =  0.5172   43
 Side 2  free  transition at x/c =  0.0327   15

  31   rms: 0.3297E+04   max: -.2991E+05   C at   84  2   RLX: 0.000
       a = -4.000      CL = -0.4014
      Cm =  0.1204     CD = 38.18393   =>   CDf =  0.00316    CDp = 38.18077

 MRCHDU: Convergence failed at 100  side 2    Res =  0.5168E-02
 MRCHDU: Convergence failed at 101  side 2    Res =  0.2116E-04
 MRCHDU: Convergence failed at 106  side 2    Res =  0.2599E-03
 MRCHDU: Convergence failed at 107  side 2    Res =  0.3175E-03
 Side 1  free  transition at x/c =  0.5172   43
 Side 2  free  transition at x/c =  0.0327   15

  32   rms: 0.1910E+04   max: 0.2037E+05   C at   84  2   RLX: 0.000
       a = -4.000      CL = -0.4014
      Cm =  0.1204     CD = 37.89830   =>   CDf =  0.00316    CDp = 37.89514

 MRCHDU: Convergence failed at 100  side 2    Res =  0.4918E-02
 MRCHDU: Convergence failed at 101  side 2    Res =  0.2092E-04
 MRCHDU: Convergence failed at 106  side 2    Res =  0.2621E-03
 MRCHDU: Convergence failed at 107  side 2    Res =  0.3175E-03
 Side 1  free  transition at x/c =  0.5172   43
 Side 2  free  transition at x/c =  0.0327   15

  33   rms: 0.4327E+03   max: -.3554E+04   C at   84  2   RLX: 0.000
       a = -4.000      CL = -0.4011
      Cm =  0.1203     CD = 38.29361   =>   CDf =  0.00316    CDp = 38.29045

 MRCHDU: Convergence failed at 100  side 2    Res =  0.5276E-02
 MRCHDU: Convergence failed at 101  side 2    Res =  0.2198E-04
 MRCHDU: Convergence failed at 106  side 2    Res =  0.2551E-03
 MRCHDU: Convergence failed at 107  side 2    Res =  0.3174E-03
 Side 1  free  transition at x/c =  0.5172   43
 Side 2  free  transition at x/c =  0.0327   15

  34   rms: 0.6622E+04   max: -.6107E+05   C at   84  2   RLX: 0.000
       a = -4.000      CL = -0.4010
      Cm =  0.1203     CD = 37.84381   =>   CDf =  0.00316    CDp = 37.84065

 MRCHDU: Convergence failed at 100  side 2    Res =  0.5176E-02
 MRCHDU: Convergence failed at 101  side 2    Res =  0.2229E-04
 MRCHDU: Convergence failed at 106  side 2    Res =  0.2529E-03
 MRCHDU: Convergence failed at 107  side 2    Res =  0.3174E-03
 Side 1  free  transition at x/c =  0.5172   43
 Side 2  free  transition at x/c =  0.0327   15

  35   rms: 0.1722E+04   max: 0.1878E+05   C at   84  2   RLX: 0.000
       a = -4.000      CL = -0.4011
      Cm =  0.1203     CD = 37.59519   =>   CDf =  0.00316    CDp = 37.59203

 MRCHDU: Convergence failed at 100  side 2    Res =  0.5058E-02
 MRCHDU: Convergence failed at 101  side 2    Res =  0.2208E-04
 MRCHDU: Convergence failed at 106  side 2    Res =  0.2548E-03
 MRCHDU: Convergence failed at 107  side 2    Res =  0.3174E-03
 Side 1  free  transition at x/c =  0.5172   43
 Side 2  free  transition at x/c =  0.0327   15

  36   rms: 0.5161E+03   max: -.4283E+04   C at   84  2   RLX: 0.000
       a = -4.000      CL = -0.4008
      Cm =  0.1202     CD = 37.93926   =>   CDf =  0.00316    CDp = 37.93610

 MRCHDU: Convergence failed at 100  side 2    Res =  0.5317E-02
 MRCHDU: Convergence failed at 101  side 2    Res =  0.2306E-04
 MRCHDU: Convergence failed at 106  side 2    Res =  0.2486E-03
 MRCHDU: Convergence failed at 107  side 2    Res =  0.3173E-03
 Side 1  free  transition at x/c =  0.5172   43
 Side 2  free  transition at x/c =  0.0327   15

  37   rms: 0.3306E+05   max: -.3097E+06   C at   84  2   RLX: 0.000
       a = -4.000      CL = -0.4007
      Cm =  0.1202     CD = 37.53556   =>   CDf =  0.00316    CDp = 37.53240

 MRCHDU: Convergence failed at 100  side 2    Res =  0.5204E-02
 MRCHDU: Convergence failed at 101  side 2    Res =  0.2335E-04
 MRCHDU: Convergence failed at 106  side 2    Res =  0.2466E-03
 MRCHDU: Convergence failed at 107  side 2    Res =  0.3173E-03
 Side 1  free  transition at x/c =  0.5172   43
 Side 2  free  transition at x/c =  0.0327   15

  38   rms: 0.1593E+04   max: 0.1775E+05   C at   84  2   RLX: 0.000
       a = -4.000      CL = -0.4008
      Cm =  0.1202     CD = 37.31621   =>   CDf =  0.00316    CDp = 37.31306

 MRCHDU: Convergence failed at 100  side 2    Res =  0.5195E-02
 MRCHDU: Convergence failed at 101  side 2    Res =  0.2316E-04
 MRCHDU: Convergence failed at 106  side 2    Res =  0.2483E-03
 MRCHDU: Convergence failed at 107  side 2    Res =  0.3173E-03
 Side 1  free  transition at x/c =  0.5172   43
 Side 2  free  transition at x/c =  0.0327   15

  39   rms: 0.6080E+03   max: -.5094E+04   C at   84  2   RLX: 0.000
       a = -4.000      CL = -0.4005
      Cm =  0.1202     CD = 37.62010   =>   CDf =  0.00316    CDp = 37.61694

 MRCHDU: Convergence failed at 100  side 2    Res =  0.5378E-02
 MRCHDU: Convergence failed at 101  side 2    Res =  0.2408E-04
 MRCHDU: Convergence failed at 106  side 2    Res =  0.2426E-03
 MRCHDU: Convergence failed at 107  side 2    Res =  0.3172E-03
 Side 1  free  transition at x/c =  0.5172   43
 Side 2  free  transition at x/c =  0.0327   15

  40   rms: 0.1478E+05   max: 0.1405E+06   C at   84  2   RLX: 0.000
       a = -4.000      CL = -0.4007
      Cm =  0.1202     CD = 36.99913   =>   CDf =  0.00316    CDp = 36.99597

 MRCHDU: Convergence failed at 100  side 2    Res =  0.4174E-02
 MRCHDU: Convergence failed at 101  side 2    Res =  0.2331E-04
 MRCHDU: Convergence failed at 106  side 2    Res =  0.2479E-03
 MRCHDU: Convergence failed at 107  side 2    Res =  0.3173E-03
 Side 1  free  transition at x/c =  0.5172   43
 Side 2  free  transition at x/c =  0.0327   15

  41   rms: 0.1828E+03   max: -.1430E+04   C at   84  2   RLX: 0.000
       a = -4.000      CL = -0.4001
      Cm =  0.1201     CD = 37.83947   =>   CDf =  0.00316    CDp = 37.83631

 MRCHDU: Convergence failed at 100  side 2    Res =  0.5525E-02
 MRCHDU: Convergence failed at 101  side 2    Res =  0.2568E-04
 MRCHDU: Convergence failed at 106  side 2    Res =  0.2338E-03
 MRCHDU: Convergence failed at 107  side 2    Res =  0.3171E-03
 Side 1  free  transition at x/c =  0.5172   43
 Side 2  free  transition at x/c =  0.0327   15

  42   rms: 0.8838E+03   max: -.7562E+04   C at   84  2   RLX: 0.000
       a = -4.000      CL = -0.3999
      Cm =  0.1200     CD = 36.95863   =>   CDf =  0.00316    CDp = 36.95548

 MRCHDU: Convergence failed at 100  side 2    Res =  0.5578E-02
 MRCHDU: Convergence failed at 101  side 2    Res =  0.2648E-04
 MRCHDU: Convergence failed at 106  side 2    Res =  0.2292E-03
 MRCHDU: Convergence failed at 107  side 2    Res =  0.3170E-03
 Side 1  free  transition at x/c =  0.5172   43
 Side 2  free  transition at x/c =  0.0327   15

  43   rms: 0.4173E+04   max: 0.4091E+05   C at   84  2   RLX: 0.000
       a = -4.000      CL = -0.4000
      Cm =  0.1201     CD = 36.45968   =>   CDf =  0.00316    CDp = 36.45652

 MRCHDU: Convergence failed at 100  side 2    Res =  0.4714E-02
 MRCHDU: Convergence failed at 101  side 2    Res =  0.2583E-04
 MRCHDU: Convergence failed at 106  side 2    Res =  0.2335E-03
 MRCHDU: Convergence failed at 107  side 2    Res =  0.3171E-03
 Side 1  free  transition at x/c =  0.5172   43
 Side 2  free  transition at x/c =  0.0327   15

  44   rms: 0.2326E+03   max: -.1844E+04   C at   84  2   RLX: 0.000
       a = -4.000      CL = -0.3995
      Cm =  0.1199     CD = 37.13406   =>   CDf =  0.00316    CDp = 37.13090

 MRCHDU: Convergence failed at 100  side 2    Res =  0.5668E-02
 MRCHDU: Convergence failed at 101  side 2    Res =  0.2798E-04
 MRCHDU: Convergence failed at 106  side 2    Res =  0.2217E-03
 MRCHDU: Convergence failed at 107  side 2    Res =  0.3169E-03
 Side 1  free  transition at x/c =  0.5172   43
 Side 2  free  transition at x/c =  0.0327   15

  45   rms: 0.1302E+04   max: -.1137E+05   C at   84  2   RLX: 0.000
       a = -4.000      CL = -0.3993
      Cm =  0.1199     CD = 36.38704   =>   CDf =  0.00316    CDp = 36.38388

 MRCHDU: Convergence failed at 100  side 2    Res =  0.5644E-02
 MRCHDU: Convergence failed at 101  side 2    Res =  0.2869E-04
 MRCHDU: Convergence failed at 106  side 2    Res =  0.2179E-03
 MRCHDU: Convergence failed at 107  side 2    Res =  0.3168E-03
 Side 1  free  transition at x/c =  0.5172   43
 Side 2  free  transition at x/c =  0.0327   15

  46   rms: 0.2745E+04   max: 0.2770E+05   C at   84  2   RLX: 0.000
       a = -4.000      CL = -0.3994
      Cm =  0.1199     CD = 35.97759   =>   CDf =  0.00316    CDp = 35.97443

 MRCHDU: Convergence failed at 100  side 2    Res =  0.5039E-02
 MRCHDU: Convergence failed at 101  side 2    Res =  0.2813E-04
 MRCHDU: Convergence failed at 106  side 2    Res =  0.2214E-03
 MRCHDU: Convergence failed at 107  side 2    Res =  0.3169E-03
 Side 1  free  transition at x/c =  0.5172   43
 Side 2  free  transition at x/c =  0.0327   15

  47   rms: 0.2904E+03   max: -.2331E+04   C at   84  2   RLX: 0.000
       a = -4.000      CL = -0.3990
      Cm =  0.1198     CD = 36.53107   =>   CDf =  0.00316    CDp = 36.52791

 MRCHDU: Convergence failed at 100  side 2    Res =  0.5724E-02
 MRCHDU: Convergence failed at 101  side 2    Res =  0.3009E-04
 MRCHDU: Convergence failed at 106  side 2    Res =  0.2113E-03
 MRCHDU: Convergence failed at 107  side 2    Res =  0.3167E-03
 Side 1  free  transition at x/c =  0.5172   43
 Side 2  free  transition at x/c =  0.0327   15

  48   rms: 0.1993E+04   max: -.1773E+05   C at   84  2   RLX: 0.000
       a = -4.000      CL = -0.3989
      Cm =  0.1198     CD = 35.89161   =>   CDf =  0.00316    CDp = 35.88845

 MRCHDU: Convergence failed at 100  side 2    Res =  0.5654E-02
 MRCHDU: Convergence failed at 101  side 2    Res =  0.3072E-04
 MRCHDU: Convergence failed at 106  side 2    Res =  0.2081E-03
 MRCHDU: Convergence failed at 107  side 2    Res =  0.3166E-03
 Side 1  free  transition at x/c =  0.5172   43
 Side 2  free  transition at x/c =  0.0327   15

  49   rms: 0.2182E+04   max: 0.2262E+05   C at   84  2   RLX: 0.000
       a = -4.000      CL = -0.3990
      Cm =  0.1198     CD = 35.54882   =>   CDf =  0.00316    CDp = 35.54566

 MRCHDU: Convergence failed at 100  side 2    Res =  0.5252E-02
 MRCHDU: Convergence failed at 101  side 2    Res =  0.3023E-04
 MRCHDU: Convergence failed at 106  side 2    Res =  0.2110E-03
 MRCHDU: Convergence failed at 107  side 2    Res =  0.3167E-03
 Side 1  free  transition at x/c =  0.5172   43
 Side 2  free  transition at x/c =  0.0327   15

  50   rms: 0.3564E+03   max: -.2893E+04   C at   84  2   RLX: 0.000
       a = -4.000      CL = -0.3986
      Cm =  0.1197     CD = 36.01251   =>   CDf =  0.00316    CDp = 36.00935

 MRCHDU: Convergence failed at 100  side 2    Res =  0.5749E-02
 MRCHDU: Convergence failed at 101  side 2    Res =  0.3202E-04
 MRCHDU: Convergence failed at 106  side 2    Res =  0.2022E-03
 MRCHDU: Convergence failed at 107  side 2    Res =  0.3165E-03
 Side 1  free  transition at x/c =  0.5172   43
 Side 2  free  transition at x/c =  0.0327   15

  51   rms: 0.3316E+04   max: -.3002E+05   C at   84  2   RLX: 0.000
       a = -4.000      CL = -0.3985
      Cm =  0.1197     CD = 35.45758   =>   CDf =  0.00316    CDp = 35.45442

 MRCHDU: Convergence failed at 100  side 2    Res =  0.5649E-02
 MRCHDU: Convergence failed at 101  side 2    Res =  0.3259E-04
 MRCHDU: Convergence failed at 106  side 2    Res =  0.1994E-03
 MRCHDU: Convergence failed at 107  side 2    Res =  0.3164E-03
 Side 1  free  transition at x/c =  0.5172   43
 Side 2  free  transition at x/c =  0.0327   15

  52   rms: 0.1880E+04   max: 0.1998E+05   C at   84  2   RLX: 0.000
       a = -4.000      CL = -0.3986
      Cm =  0.1197     CD = 35.16564   =>   CDf =  0.00316    CDp = 35.16248

 MRCHDU: Convergence failed at 100  side 2    Res =  0.5411E-02
 MRCHDU: Convergence failed at 101  side 2    Res =  0.3216E-04
 MRCHDU: Convergence failed at 106  side 2    Res =  0.2019E-03
 MRCHDU: Convergence failed at 107  side 2    Res =  0.3165E-03
 Side 1  free  transition at x/c =  0.5172   43
 Side 2  free  transition at x/c =  0.0327   15

  53   rms: 0.4305E+03   max: -.3532E+04   C at   84  2   RLX: 0.000
       a = -4.000      CL = -0.3982
      Cm =  0.1197     CD = 35.56064   =>   CDf =  0.00316    CDp = 35.55749

 MRCHDU: Convergence failed at 100  side 2    Res =  0.5770E-02
 MRCHDU: Convergence failed at 101  side 2    Res =  0.3382E-04
 MRCHDU: Convergence failed at 106  side 2    Res =  0.1942E-03
 MRCHDU: Convergence failed at 107  side 2    Res =  0.3163E-03
 Side 1  free  transition at x/c =  0.5172   43
 Side 2  free  transition at x/c =  0.0327   15

  54   rms: 0.6874E+04   max: -.6329E+05   C at   84  2   RLX: 0.000
       a = -4.000      CL = -0.3982
      Cm =  0.1196     CD = 35.07262   =>   CDf =  0.00316    CDp = 35.06946

 MRCHDU: Convergence failed at 100  side 2    Res =  0.5650E-02
 MRCHDU: Convergence failed at 101  side 2    Res =  0.3433E-04
 MRCHDU: Convergence failed at 106  side 2    Res =  0.1917E-03
 MRCHDU: Convergence failed at 107  side 2    Res =  0.3163E-03
 Side 1  free  transition at x/c =  0.5172   43
 Side 2  free  transition at x/c =  0.0327   15

  55   rms: 0.1694E+04   max: 0.1843E+05   C at   84  2   RLX: 0.000
       a = -4.000      CL = -0.3982
      Cm =  0.1197     CD = 34.81999   =>   CDf =  0.00316    CDp = 34.81683

 MRCHDU: Convergence failed at 100  side 2    Res =  0.5547E-02
 MRCHDU: Convergence failed at 101  side 2    Res =  0.3395E-04
 MRCHDU: Convergence failed at 106  side 2    Res =  0.1939E-03
 MRCHDU: Convergence failed at 107  side 2    Res =  0.3163E-03
 Side 1  free  transition at x/c =  0.5172   43
 Side 2  free  transition at x/c =  0.0327   15

  56   rms: 0.5150E+03   max: -.4269E+04   C at   84  2   RLX: 0.000
       a = -4.000      CL = -0.3979
      Cm =  0.1196     CD = 35.16205   =>   CDf =  0.00316    CDp = 35.15889

 MRCHDU: Convergence failed at 100  side 2    Res =  0.5802E-02
 MRCHDU: Convergence failed at 101  side 2    Res =  0.3549E-04
 MRCHDU: Convergence failed at 106  side 2    Res =  0.1870E-03
 MRCHDU: Convergence failed at 107  side 2    Res =  0.3162E-03
 Side 1  free  transition at x/c =  0.5172   43
 Side 2  free  transition at x/c =  0.0327   15

  57   rms: 0.4554E+05   max: -.4258E+06   C at   84  2   RLX: 0.000
       a = -4.000      CL = -0.3979
      Cm =  0.1196     CD = 34.72773   =>   CDf =  0.00316    CDp = 34.72457

 MRCHDU: Convergence failed at 100  side 2    Res =  0.5669E-02
 MRCHDU: Convergence failed at 101  side 2    Res =  0.3596E-04
 MRCHDU: Convergence failed at 106  side 2    Res =  0.1848E-03
 MRCHDU: Convergence failed at 107  side 2    Res =  0.3161E-03
 Side 1  free  transition at x/c =  0.5172   43
 Side 2  free  transition at x/c =  0.0327   15

  58   rms: 0.1569E+04   max: 0.1744E+05   C at   84  2   RLX: 0.000
       a = -4.000      CL = -0.3979
      Cm =  0.1196     CD = 34.50606   =>   CDf =  0.00316    CDp = 34.50291

 MRCHDU: Convergence failed at 100  side 2    Res =  0.5678E-02
 MRCHDU: Convergence failed at 101  side 2    Res =  0.3562E-04
 MRCHDU: Convergence failed at 106  side 2    Res =  0.1867E-03
 MRCHDU: Convergence failed at 107  side 2    Res =  0.3162E-03
 Side 1  free  transition at x/c =  0.5172   43
 Side 2  free  transition at x/c =  0.0327   15

  59   rms: 0.6098E+03   max: -.5105E+04   C at   84  2   RLX: 0.000
       a = -4.000      CL = -0.3976
      Cm =  0.1195     CD = 34.80619   =>   CDf =  0.00316    CDp = 34.80303

 MRCHDU: Convergence failed at 100  side 2    Res =  0.5853E-02
 MRCHDU: Convergence failed at 101  side 2    Res =  0.3706E-04
 MRCHDU: Convergence failed at 106  side 2    Res =  0.1804E-03
 MRCHDU: Convergence failed at 107  side 2    Res =  0.3160E-03
 Side 1  free  transition at x/c =  0.5172   43
 Side 2  free  transition at x/c =  0.0327   15

  60   rms: 0.1290E+05   max: 0.1224E+06   C at   84  2   RLX: 0.000
       a = -4.000      CL = -0.3978
      Cm =  0.1196     CD = 34.17791   =>   CDf =  0.00316    CDp = 34.17476

 MRCHDU: Convergence failed at 100  side 2    Res =  0.4656E-02
 MRCHDU: Convergence failed at 101  side 2    Res =  0.3579E-04
 MRCHDU: Convergence failed at 106  side 2    Res =  0.1864E-03
 MRCHDU: Convergence failed at 107  side 2    Res =  0.3162E-03
 Side 1  free  transition at x/c =  0.5172   43
 Side 2  free  transition at x/c =  0.0327   15

  61   rms: 0.1827E+03   max: -.1430E+04   C at   84  2   RLX: 0.000
       a = -4.000      CL = -0.3972
      Cm =  0.1194     CD = 35.00792   =>   CDf =  0.00316    CDp = 35.00476

 MRCHDU: Convergence failed at 100  side 2    Res =  0.6033E-02
 MRCHDU: Convergence failed at 101  side 2    Res =  0.3948E-04
 MRCHDU: Convergence failed at 106  side 2    Res =  0.1708E-03
 MRCHDU: Convergence failed at 107  side 2    Res =  0.3158E-03
 Side 1  free  transition at x/c =  0.5172   43
 Side 2  free  transition at x/c =  0.0327   15

  62   rms: 0.8922E+03   max: -.7628E+04   C at   84  2   RLX: 0.000
       a = -4.000      CL = -0.3970
      Cm =  0.1194     CD = 34.05518   =>   CDf =  0.00316    CDp = 34.05203

 MRCHDU: Convergence failed at 100  side 2    Res =  0.6072E-02
 MRCHDU: Convergence failed at 101  side 2    Res =  0.4075E-04
 MRCHDU: Convergence failed at 106  side 2    Res =  0.1657E-03
 MRCHDU: Convergence failed at 107  side 2    Res =  0.3157E-03
 Side 1  free  transition at x/c =  0.5172   43
 Side 2  free  transition at x/c =  0.0327   15

  63   rms: 0.3980E+04   max: 0.3897E+05   C at   84  2   RLX: 0.000
       a = -4.000      CL = -0.3971
      Cm =  0.1194     CD = 33.55563   =>   CDf =  0.00316    CDp = 33.55247

 MRCHDU: Convergence failed at 100  side 2    Res =  0.5223E-02
 MRCHDU: Convergence failed at 101  side 2    Res =  0.3966E-04
 MRCHDU: Convergence failed at 106  side 2    Res =  0.1705E-03
 MRCHDU: Convergence failed at 107  side 2    Res =  0.3158E-03
 Side 1  free  transition at x/c =  0.5172   43
 Side 2  free  transition at x/c =  0.0327   15

  64   rms: 0.2335E+03   max: -.1851E+04   C at   84  2   RLX: 0.000
       a = -4.000      CL = -0.3966
      Cm =  0.1193     CD = 34.21622   =>   CDf =  0.00316    CDp = 34.21307

 MRCHDU: Convergence failed at 100  side 2    Res =  0.6189E-02
 MRCHDU: Convergence failed at 101  side 2    Res =  0.4301E-04
 MRCHDU: Convergence failed at 106  side 2    Res =  0.1574E-03
 MRCHDU: Convergence failed at 107  side 2    Res =  0.3155E-03
 Side 1  free  transition at x/c =  0.5172   43
 Side 2  free  transition at x/c =  0.0327   15

  65   rms: 0.1326E+04   max: -.1156E+05   C at   84  2   RLX: 0.000
       a = -4.000      CL = -0.3965
      Cm =  0.1193     CD = 33.42360   =>   CDf =  0.00316    CDp = 33.42044

 MRCHDU: Convergence failed at 100  side 2    Res =  0.6148E-02
 MRCHDU: Convergence failed at 101  side 2    Res =  0.4414E-04
 MRCHDU: Convergence failed at 106  side 2    Res =  0.1531E-03
 MRCHDU: Convergence failed at 107  side 2    Res =  0.3153E-03
 Side 1  free  transition at x/c =  0.5171   43
 Side 2  free  transition at x/c =  0.0327   15

  66   rms: 0.2656E+04   max: 0.2678E+05   C at   84  2   RLX: 0.000
       a = -4.000      CL = -0.3966
      Cm =  0.1193     CD = 33.01636   =>   CDf =  0.00316    CDp = 33.01320

 MRCHDU: Convergence failed at 100  side 2    Res =  0.5563E-02
 MRCHDU: Convergence failed at 101  side 2    Res =  0.4319E-04
 MRCHDU: Convergence failed at 106  side 2    Res =  0.1571E-03
 MRCHDU: Convergence failed at 107  side 2    Res =  0.3155E-03
 Side 1  free  transition at x/c =  0.5172   43
 Side 2  free  transition at x/c =  0.0327   15

  67   rms: 0.2919E+03   max: -.2342E+04   C at   84  2   RLX: 0.000
       a = -4.000      CL = -0.3961
      Cm =  0.1192     CD = 33.55529   =>   CDf =  0.00316    CDp = 33.55214

 MRCHDU: Convergence failed at 100  side 2    Res =  0.6251E-02
 MRCHDU: Convergence failed at 101  side 2    Res =  0.4626E-04
 MRCHDU: Convergence failed at 106  side 2    Res =  0.1459E-03
 MRCHDU: Convergence failed at 107  side 2    Res =  0.3152E-03
 Side 1  free  transition at x/c =  0.5171   43
 Side 2  free  transition at x/c =  0.0327   15

  68   rms: 0.2052E+04   max: -.1825E+05   C at   84  2   RLX: 0.000
       a = -4.000      CL = -0.3960
      Cm =  0.1192     CD = 32.88417   =>   CDf =  0.00316    CDp = 32.88102

 MRCHDU: Convergence failed at 100  side 2    Res =  0.6160E-02
 MRCHDU: Convergence failed at 101  side 2    Res =  0.4727E-04
 MRCHDU: Convergence failed at 106  side 2    Res =  0.1422E-03
 MRCHDU: Convergence failed at 107  side 2    Res =  0.3150E-03
 Side 1  free  transition at x/c =  0.5171   43
 Side 2  free  transition at x/c =  0.0327   15

  69   rms: 0.2122E+04   max: 0.2199E+05   C at   84  2   RLX: 0.000
       a = -4.000      CL = -0.3961
      Cm =  0.1192     CD = 32.54509   =>   CDf =  0.00316    CDp = 32.54193

 MRCHDU: Convergence failed at 100  side 2    Res =  0.5782E-02
 MRCHDU: Convergence failed at 101  side 2    Res =  0.4644E-04
 MRCHDU: Convergence failed at 106  side 2    Res =  0.1456E-03
 MRCHDU: Convergence failed at 107  side 2    Res =  0.3152E-03
 Side 1  free  transition at x/c =  0.5171   43
 Side 2  free  transition at x/c =  0.0327   15

  70   rms: 0.3587E+03   max: -.2910E+04   C at   84  2   RLX: 0.000
       a = -4.000      CL = -0.3957
      Cm =  0.1191     CD = 32.99397   =>   CDf =  0.00316    CDp = 32.99081

 MRCHDU: Convergence failed at 100  side 2    Res =  0.6275E-02
 MRCHDU: Convergence failed at 101  side 2    Res =  0.4926E-04
 MRCHDU: Convergence failed at 106  side 2    Res =  0.1358E-03
 MRCHDU: Convergence failed at 107  side 2    Res =  0.3149E-03
 Side 1  free  transition at x/c =  0.5171   43
 Side 2  free  transition at x/c =  0.0327   15

  71   rms: 0.3507E+04   max: -.3174E+05   C at   84  2   RLX: 0.000
       a = -4.000      CL = -0.3956
      Cm =  0.1191     CD = 32.41656   =>   CDf =  0.00316    CDp = 32.41340

 MRCHDU: Convergence failed at 100  side 2    Res =  0.6153E-02
 MRCHDU: Convergence failed at 101  side 2    Res =  0.5017E-04
 MRCHDU: Convergence failed at 106  side 2    Res =  0.1326E-03
 MRCHDU: Convergence failed at 107  side 2    Res =  0.3148E-03
 Side 1  free  transition at x/c =  0.5171   43
 Side 2  free  transition at x/c =  0.0327   15

  72   rms: 0.1838E+04   max: 0.1953E+05   C at   84  2   RLX: 0.000
       a = -4.000      CL = -0.3957
      Cm =  0.1191     CD = 32.12896   =>   CDf =  0.00316    CDp = 32.12580

 MRCHDU: Convergence failed at 100  side 2    Res =  0.5941E-02
 MRCHDU: Convergence failed at 101  side 2    Res =  0.4943E-04
 MRCHDU: Convergence failed at 106  side 2    Res =  0.1355E-03
 MRCHDU: Convergence failed at 107  side 2    Res =  0.3149E-03
 Side 1  free  transition at x/c =  0.5171   43
 Side 2  free  transition at x/c =  0.0327   15

  73   rms: 0.4350E+03   max: -.3568E+04   C at   84  2   RLX: 0.000
       a = -4.000      CL = -0.3954
      Cm =  0.1190     CD = 32.50979   =>   CDf =  0.00316    CDp = 32.50664

 MRCHDU: Convergence failed at 100  side 2    Res =  0.6291E-02
 MRCHDU: Convergence failed at 101  side 2    Res =  0.5204E-04
 MRCHDU: Convergence failed at 106  side 2    Res =  0.1269E-03
 MRCHDU: Convergence failed at 107  side 2    Res =  0.3146E-03
 Side 1  free  transition at x/c =  0.5171   43
 Side 2  free  transition at x/c =  0.0327   15

  74   rms: 0.7768E+04   max: -.7149E+05   C at   84  2   RLX: 0.000
       a = -4.000      CL = -0.3953
      Cm =  0.1190     CD = 32.00549   =>   CDf =  0.00316    CDp = 32.00233

 MRCHDU: Convergence failed at 100  side 2    Res =  0.6150E-02
 MRCHDU: Convergence failed at 101  side 2    Res =  0.5287E-04
 MRCHDU: Convergence failed at 106  side 2    Res =  0.1241E-03
 MRCHDU: Convergence failed at 107  side 2    Res =  0.3145E-03
 Side 1  free  transition at x/c =  0.5171   43
 Side 2  free  transition at x/c =  0.0327   15

  75   rms: 0.1661E+04   max: 0.1807E+05   C at   84  2   RLX: 0.000
       a = -4.000      CL = -0.3953
      Cm =  0.1190     CD = 31.75757   =>   CDf =  0.00316    CDp = 31.75442

 MRCHDU: Convergence failed at 100  side 2    Res =  0.6073E-02
 MRCHDU: Convergence failed at 101  side 2    Res =  0.5220E-04
 MRCHDU: Convergence failed at 106  side 2    Res =  0.1266E-03
 MRCHDU: Convergence failed at 107  side 2    Res =  0.3146E-03
 Side 1  free  transition at x/c =  0.5171   43
 Side 2  free  transition at x/c =  0.0327   15

  76   rms: 0.5218E+03   max: -.4325E+04   C at   84  2   RLX: 0.000
       a = -4.000      CL = -0.3950
      Cm =  0.1190     CD = 32.08588   =>   CDf =  0.00316    CDp = 32.08272

 MRCHDU: Convergence failed at 100  side 2    Res =  0.6316E-02
 MRCHDU: Convergence failed at 101  side 2    Res =  0.5463E-04
 MRCHDU: Convergence failed at 106  side 2    Res =  0.1189E-03
 MRCHDU: Convergence failed at 107  side 2    Res =  0.3144E-03
 Side 1  free  transition at x/c =  0.5171   43
 Side 2  free  transition at x/c =  0.0327   15

  77   rms: 0.1923E+06   max: -.1797E+07   C at   84  2   RLX: 0.000
       a = -4.000      CL = -0.3950
      Cm =  0.1189     CD = 31.63957   =>   CDf =  0.00316    CDp = 31.63641

 MRCHDU: Convergence failed at 100  side 2    Res =  0.6161E-02
 MRCHDU: Convergence failed at 101  side 2    Res =  0.5539E-04
 MRCHDU: Convergence failed at 106  side 2    Res =  0.1164E-03
 MRCHDU: Convergence failed at 107  side 2    Res =  0.3143E-03
 Side 1  free  transition at x/c =  0.5171   43
 Side 2  free  transition at x/c =  0.0327   15

  78   rms: 0.1541E+04   max: 0.1712E+05   C at   84  2   RLX: 0.000
       a = -4.000      CL = -0.3950
      Cm =  0.1190     CD = 31.42273   =>   CDf =  0.00316    CDp = 31.41958

 MRCHDU: Convergence failed at 100  side 2    Res =  0.6197E-02
 MRCHDU: Convergence failed at 101  side 2    Res =  0.5478E-04
 MRCHDU: Convergence failed at 106  side 2    Res =  0.1186E-03
 MRCHDU: Convergence failed at 107  side 2    Res =  0.3144E-03
 Side 1  free  transition at x/c =  0.5171   43
 Side 2  free  transition at x/c =  0.0327   15

  79   rms: 0.6202E+03   max: -.5192E+04   C at   84  2   RLX: 0.000
       a = -4.000      CL = -0.3948
      Cm =  0.1189     CD = 31.70970   =>   CDf =  0.00316    CDp = 31.70655

 MRCHDU: Convergence failed at 100  side 2    Res =  0.6358E-02
 MRCHDU: Convergence failed at 101  side 2    Res =  0.5706E-04
 MRCHDU: Convergence failed at 106  side 2    Res =  0.1116E-03
 MRCHDU: Convergence failed at 107  side 2    Res =  0.3141E-03
 Side 1  free  transition at x/c =  0.5171   43
 Side 2  free  transition at x/c =  0.0327   15

  80   rms: 0.1062E+05   max: 0.1008E+06   C at   84  2   RLX: 0.000
       a = -4.000      CL = -0.3949
      Cm =  0.1189     CD = 31.09559   =>   CDf =  0.00316    CDp = 31.09243

 MRCHDU: Convergence failed at 100  side 2    Res =  0.5183E-02
 MRCHDU: Convergence failed at 101  side 2    Res =  0.5499E-04
 MRCHDU: Convergence failed at 106  side 2    Res =  0.1184E-03
 MRCHDU: Convergence failed at 107  side 2    Res =  0.3144E-03
 Side 1  free  transition at x/c =  0.5171   43
 Side 2  free  transition at x/c =  0.0327   15

  81   rms: 0.1844E+03   max: -.1443E+04   C at   84  2   RLX: 0.000
       a = -4.000      CL = -0.3943
      Cm =  0.1188     CD = 31.89064   =>   CDf =  0.00316    CDp = 31.88748

 MRCHDU: Convergence failed at 100  side 2    Res =  0.6570E-02
 MRCHDU: Convergence failed at 101  side 2    Res =  0.6077E-04
 MRCHDU: Convergence failed at 106  side 2    Res =  0.1012E-03
 MRCHDU: Convergence failed at 107  side 2    Res =  0.3138E-03
 Side 1  free  transition at x/c =  0.5171   43
 Side 2  free  transition at x/c =  0.0327   15

  82   rms: 0.9143E+03   max: -.7817E+04   C at   84  2   RLX: 0.000
       a = -4.000      CL = -0.3941
      Cm =  0.1188     CD = 30.91140   =>   CDf =  0.00316    CDp = 30.90824

 MRCHDU: Convergence failed at 100  side 2    Res =  0.6592E-02
 MRCHDU: Convergence failed at 101  side 2    Res =  0.6279E-04
 MRCHDU: Convergence failed at 106  side 2    Res =  0.9550E-04
 MRCHDU: Convergence failed at 107  side 2    Res =  0.3136E-03
 Side 1  free  transition at x/c =  0.5171   43
 Side 2  free  transition at x/c =  0.0327   15

  83   rms: 0.3738E+04   max: 0.3661E+05   C at   84  2   RLX: 0.000
       a = -4.000      CL = -0.3942
      Cm =  0.1188     CD = 30.42591   =>   CDf =  0.00316    CDp = 30.42276

 MRCHDU: Convergence failed at 100  side 2    Res =  0.5769E-02
 MRCHDU: Convergence failed at 101  side 2    Res =  0.6099E-04
 MRCHDU: Convergence failed at 106  side 2    Res =  0.1009E-03
 MRCHDU: Convergence failed at 107  side 2    Res =  0.3138E-03
 Side 1  free  transition at x/c =  0.5171   43
 Side 2  free  transition at x/c =  0.0327   15

  84   rms: 0.2362E+03   max: -.1872E+04   C at   84  2   RLX: 0.000
       a = -4.000      CL = -0.3937
      Cm =  0.1187     CD = 31.05502   =>   CDf =  0.00316    CDp = 31.05186

 MRCHDU: Convergence failed at 100  side 2    Res =  0.6736E-02
 MRCHDU: Convergence failed at 101  side 2    Res =  0.6627E-04
 MRCHDU: Convergence failed at 106  side 2    Res =  0.8652E-04
 MRCHDU: Convergence failed at 107  side 2    Res =  0.3133E-03
 Side 1  free  transition at x/c =  0.5171   43
 Side 2  free  transition at x/c =  0.0327   15

  85   rms: 0.1365E+04   max: -.1191E+05   C at   84  2   RLX: 0.000
       a = -4.000      CL = -0.3936
      Cm =  0.1186     CD = 30.24749   =>   CDf =  0.00316    CDp = 30.24434

 MRCHDU: Convergence failed at 100  side 2    Res =  0.6676E-02
 MRCHDU: Convergence failed at 101  side 2    Res =  0.6808E-04
 MRCHDU: Convergence failed at 106  side 2    Res =  0.8178E-04
 MRCHDU: Convergence failed at 107  side 2    Res =  0.3131E-03
 Side 1  free  transition at x/c =  0.5171   43
 Side 2  free  transition at x/c =  0.0327   15

  86   rms: 0.2546E+04   max: 0.2567E+05   C at   84  2   RLX: 0.000
       a = -4.000      CL = -0.3937
      Cm =  0.1187     CD = 29.85345   =>   CDf =  0.00316    CDp = 29.85029

 MRCHDU: Convergence failed at 100  side 2    Res =  0.6119E-02
 MRCHDU: Convergence failed at 101  side 2    Res =  0.6650E-04
 MRCHDU: Convergence failed at 106  side 2    Res =  0.8625E-04
 MRCHDU: Convergence failed at 107  side 2    Res =  0.3133E-03
 Side 1  free  transition at x/c =  0.5171   43
 Side 2  free  transition at x/c =  0.0327   15

  87   rms: 0.2949E+03   max: -.2366E+04   C at   84  2   RLX: 0.000
       a = -4.000      CL = -0.3933
      Cm =  0.1186     CD = 30.36413   =>   CDf =  0.00316    CDp = 30.36097

 MRCHDU: Convergence failed at 100  side 2    Res =  0.6802E-02
 MRCHDU: Convergence failed at 101  side 2    Res =  0.7134E-04
 MRCHDU: Convergence failed at 106  side 2    Res =  0.7395E-04
 MRCHDU: Convergence failed at 107  side 2    Res =  0.3128E-03
 Side 1  free  transition at x/c =  0.5171   43
 Side 2  free  transition at x/c =  0.0327   15

  88   rms: 0.2150E+04   max: -.1911E+05   C at   84  2   RLX: 0.000
       a = -4.000      CL = -0.3931
      Cm =  0.1185     CD = 29.68480   =>   CDf =  0.00316    CDp = 29.68164

 MRCHDU: Convergence failed at 100  side 2    Res =  0.6691E-02
 MRCHDU: Convergence failed at 101  side 2    Res =  0.7297E-04
 MRCHDU: Convergence failed at 106  side 2    Res =  0.6992E-04
 MRCHDU: Convergence failed at 107  side 2    Res =  0.3127E-03
 Side 1  free  transition at x/c =  0.5171   43
 Side 2  free  transition at x/c =  0.0327   15

  89   rms: 0.2055E+04   max: 0.2129E+05   C at   84  2   RLX: 0.000
       a = -4.000      CL = -0.3932
      Cm =  0.1186     CD = 29.35791   =>   CDf =  0.00316    CDp = 29.35475

 MRCHDU: Convergence failed at 100  side 2    Res =  0.6343E-02
 MRCHDU: Convergence failed at 101  side 2    Res =  0.7157E-04
 MRCHDU: Convergence failed at 106  side 2    Res =  0.7368E-04
 MRCHDU: Convergence failed at 107  side 2    Res =  0.3128E-03
 Side 1  free  transition at x/c =  0.5171   43
 Side 2  free  transition at x/c =  0.0327   15

  90   rms: 0.3634E+03   max: -.2949E+04   C at   84  2   RLX: 0.000
       a = -4.000      CL = -0.3928
      Cm =  0.1185     CD = 29.78156   =>   CDf =  0.00316    CDp = 29.77840

 MRCHDU: Convergence failed at 100  side 2    Res =  0.6826E-02
 MRCHDU: Convergence failed at 101  side 2    Res =  0.7604E-04
 MRCHDU: Convergence failed at 106  side 2    Res =  0.6301E-04
 MRCHDU: Convergence failed at 107  side 2    Res =  0.3124E-03
 Side 1  free  transition at x/c =  0.5171   43
 Side 2  free  transition at x/c =  0.0327   15

  91   rms: 0.3790E+04   max: -.3430E+05   C at   84  2   RLX: 0.000
       a = -4.000      CL = -0.3927
      Cm =  0.1185     CD = 29.19979   =>   CDf =  0.00316    CDp = 29.19663

 MRCHDU: Convergence failed at 100  side 2    Res =  0.6684E-02
 MRCHDU: Convergence failed at 101  side 2    Res =  0.7752E-04
 MRCHDU: Convergence failed at 106  side 2    Res =  0.5954E-04
 MRCHDU: Convergence failed at 107  side 2    Res =  0.3123E-03
 Side 1  free  transition at x/c =  0.5171   43
 Side 2  free  transition at x/c =  0.0327   15

  92   rms: 0.1788E+04   max: 0.1900E+05   C at   84  2   RLX: 0.000
       a = -4.000      CL = -0.3928
      Cm =  0.1185     CD = 28.92326   =>   CDf =  0.00316    CDp = 28.92010

 MRCHDU: Convergence failed at 100  side 2    Res =  0.6501E-02
 MRCHDU: Convergence failed at 101  side 2    Res =  0.7626E-04
 MRCHDU: Convergence failed at 106  side 2    Res =  0.6275E-04
 MRCHDU: Convergence failed at 107  side 2    Res =  0.3124E-03
 Side 1  free  transition at x/c =  0.5171   43
 Side 2  free  transition at x/c =  0.0327   15

  93   rms: 0.4417E+03   max: -.3625E+04   C at   84  2   RLX: 0.000
       a = -4.000      CL = -0.3925
      Cm =  0.1184     CD = 29.28098   =>   CDf =  0.00316    CDp = 29.27783

 MRCHDU: Convergence failed at 100  side 2    Res =  0.6840E-02
 MRCHDU: Convergence failed at 101  side 2    Res =  0.8041E-04
 MRCHDU: Convergence failed at 106  side 2    Res =  0.5337E-04
 MRCHDU: Convergence failed at 107  side 2    Res =  0.3121E-03
 Side 1  free  transition at x/c =  0.5171   43
 Side 2  free  transition at x/c =  0.0327   15

  94   rms: 0.9232E+04   max: -.8499E+05   C at   84  2   RLX: 0.000
       a = -4.000      CL = -0.3924
      Cm =  0.1184     CD = 28.77412   =>   CDf =  0.00316    CDp = 28.77097

 MRCHDU: Convergence failed at 100  side 2    Res =  0.6677E-02
 MRCHDU: Convergence failed at 101  side 2    Res =  0.8176E-04
 MRCHDU: Convergence failed at 106  side 2    Res =  0.5033E-04
 MRCHDU: Convergence failed at 107  side 2    Res =  0.3119E-03
 Side 1  free  transition at x/c =  0.5171   43
 Side 2  free  transition at x/c =  0.0327   15

  95   rms: 0.1621E+04   max: 0.1763E+05   C at   84  2   RLX: 0.000
       a = -4.000      CL = -0.3924
      Cm =  0.1184     CD = 28.53640   =>   CDf =  0.00316    CDp = 28.53324

 MRCHDU: Convergence failed at 100  side 2    Res =  0.6631E-02
 MRCHDU: Convergence failed at 101  side 2    Res =  0.8062E-04
 MRCHDU: Convergence failed at 106  side 2    Res =  0.5312E-04
 MRCHDU: Convergence failed at 107  side 2    Res =  0.3120E-03
 Side 1  free  transition at x/c =  0.5171   43
 Side 2  free  transition at x/c =  0.0327   15

  96   rms: 0.5311E+03   max: -.4404E+04   C at   84  2   RLX: 0.000
       a = -4.000      CL = -0.3922
      Cm =  0.1183     CD = 28.84346   =>   CDf =  0.00316    CDp = 28.84031

 MRCHDU: Convergence failed at 100  side 2    Res =  0.6860E-02
 MRCHDU: Convergence failed at 101  side 2    Res =  0.8450E-04
 MRCHDU: Convergence failed at 106  side 2    Res =  0.4477E-04
 MRCHDU: Convergence failed at 107  side 2    Res =  0.3117E-03
 Side 1  free  transition at x/c =  0.5171   43
 Side 2  free  transition at x/c =  0.0327   15

  97   rms: 0.6911E+05   max: 0.6464E+06   C at   84  2   RLX: 0.000
       a = -4.000      CL = -0.3924
      Cm =  0.1184     CD = 28.18248   =>   CDf =  0.00316    CDp = 28.17932

 MRCHDU: Convergence failed at 100  side 2    Res =  0.5525E-02
 MRCHDU: Convergence failed at 101  side 2    Res =  0.8084E-04
 MRCHDU: Convergence failed at 106  side 2    Res =  0.5295E-04
 MRCHDU: Convergence failed at 107  side 2    Res =  0.3121E-03
 Side 1  free  transition at x/c =  0.5171   43
 Side 2  free  transition at x/c =  0.0327   15

  98   rms: 0.1657E+03   max: -.1292E+04   C at   84  2   RLX: 0.000
       a = -4.000      CL = -0.3917
      Cm =  0.1182     CD = 29.01974   =>   CDf =  0.00316    CDp = 29.01658

 MRCHDU: Convergence failed at 100  side 2    Res =  0.7155E-02
 MRCHDU: Convergence failed at 101  side 2    Res =  0.9047E-04
 MRCHDU: Convergence failed at 106  side 2    Res =  0.3290E-04
 MRCHDU: Convergence failed at 107  side 2    Res =  0.3112E-03
 Side 1  free  transition at x/c =  0.5171   43
 Side 2  free  transition at x/c =  0.0327   15

  99   rms: 0.7854E+03   max: -.6655E+04   C at   84  2   RLX: 0.000
       a = -4.000      CL = -0.3915
      Cm =  0.1182     CD = 27.94288   =>   CDf =  0.00316    CDp = 27.93972

 MRCHDU: Convergence failed at 100  side 2    Res =  0.7206E-02
 MRCHDU: Convergence failed at 101  side 2    Res =  0.9393E-04
 MRCHDU: Convergence failed at 106  side 2    Res =  0.2620E-04
 MRCHDU: Convergence failed at 107  side 2    Res =  0.3109E-03
 Side 1  free  transition at x/c =  0.5171   43
 Side 2  free  transition at x/c =  0.0327   15

 100   rms: 0.4618E+04   max: 0.4462E+05   C at   84  2   RLX: 0.000
       a = -4.000      CL = -0.3916
      Cm =  0.1182     CD = 27.42959   =>   CDf =  0.00316    CDp = 27.42644

 MRCHDU: Convergence failed at 100  side 2    Res =  0.6275E-02
 MRCHDU: Convergence failed at 101  side 2    Res =  0.9073E-04
 MRCHDU: Convergence failed at 106  side 2    Res =  0.3269E-04
 MRCHDU: Convergence failed at 107  side 2    Res =  0.3112E-03
 Side 1  free  transition at x/c =  0.5171   43
 Side 2  free  transition at x/c =  0.0327   15

 101   rms: 0.2143E+03   max: -.1689E+04   C at   84  2   RLX: 0.000
       a = -4.000      CL = -0.3911
      Cm =  0.1181     CD = 28.08062   =>   CDf =  0.00316    CDp = 28.07746

 MRCHDU: Convergence failed at 100  side 2    Res =  0.7403E-02
 MRCHDU: Convergence failed at 101  side 2    Res =  0.9959E-04
 MRCHDU: Convergence failed at 106  side 2    Res =  0.1610E-04
 MRCHDU: Convergence failed at 107  side 2    Res =  0.3105E-03
 Side 1  free  transition at x/c =  0.5170   43
 Side 2  free  transition at x/c =  0.0327   15

 102   rms: 0.1173E+04   max: -.1015E+05   C at   84  2   RLX: 0.000
       a = -4.000      CL = -0.3909
      Cm =  0.1180     CD = 27.20399   =>   CDf =  0.00316    CDp = 27.20083

 MRCHDU: Convergence failed at 100  side 2    Res =  0.7348E-02
 MRCHDU: Convergence failed at 101  side 2    Res =  0.1027E-03
 MRCHDU: Convergence failed at 106  side 2    Res =  0.1059E-04
 MRCHDU: Convergence failed at 107  side 2    Res =  0.3102E-03
 Side 1  free  transition at x/c =  0.5170   43
 Side 2  free  transition at x/c =  0.0327   15

 103   rms: 0.2783E+04   max: 0.2772E+05   C at   84  2   RLX: 0.000
       a = -4.000      CL = -0.3910
      Cm =  0.1181     CD = 26.79386   =>   CDf =  0.00316    CDp = 26.79071

 MRCHDU: Convergence failed at 100  side 2    Res =  0.6719E-02
 MRCHDU: Convergence failed at 101  side 2    Res =  0.9987E-04
 MRCHDU: Convergence failed at 106  side 2    Res =  0.1587E-04
 MRCHDU: Convergence failed at 107  side 2    Res =  0.3105E-03
 Side 1  free  transition at x/c =  0.5170   43
 Side 2  free  transition at x/c =  0.0327   15

 104   rms: 0.2711E+03   max: -.2164E+04   C at   84  2   RLX: 0.000
       a = -4.000      CL = -0.3905
      Cm =  0.1180     CD = 27.31359   =>   CDf =  0.00316    CDp = 27.31043

 MRCHDU: Convergence failed at 100  side 2    Res =  0.7505E-02
 MRCHDU: Convergence failed at 101  side 2    Res =  0.1080E-03
 MRCHDU: Convergence failed at 107  side 2    Res =  0.3098E-03
 Side 1  free  transition at x/c =  0.5170   43
 Side 2  free  transition at x/c =  0.0327   15

 105   rms: 0.1823E+04   max: -.1608E+05   C at   84  2   RLX: 0.000
       a = -4.000      CL = -0.3904
      Cm =  0.1179     CD = 26.58678   =>   CDf =  0.00316    CDp = 26.58362

 MRCHDU: Convergence failed at 100  side 2    Res =  0.7387E-02
 MRCHDU: Convergence failed at 101  side 2    Res =  0.1108E-03
 MRCHDU: Convergence failed at 107  side 2    Res =  0.3069E-03
 Side 1  free  transition at x/c =  0.5170   43
 Side 2  free  transition at x/c =  0.0327   15

 106   rms: 0.2152E+04   max: 0.2205E+05   C at   84  2   RLX: 0.000
       a = -4.000      CL = -0.3905
      Cm =  0.1180     CD = 26.25098   =>   CDf =  0.00316    CDp = 26.24782

 MRCHDU: Convergence failed at 100  side 2    Res =  0.6990E-02
 MRCHDU: Convergence failed at 101  side 2    Res =  0.1083E-03
 MRCHDU: Convergence failed at 107  side 2    Res =  0.3098E-03
 Side 1  free  transition at x/c =  0.5170   43
 Side 2  free  transition at x/c =  0.0327   15

 107   rms: 0.3370E+03   max: -.2722E+04   C at   84  2   RLX: 0.000
       a = -4.000      CL = -0.3901
      Cm =  0.1179     CD = 26.67649   =>   CDf =  0.00316    CDp = 26.67333

 MRCHDU: Convergence failed at 100  side 2    Res =  0.7540E-02
 MRCHDU: Convergence failed at 101  side 2    Res =  0.1158E-03
 MRCHDU: Convergence failed at 107  side 2    Res =  0.2989E-03
 Side 1  free  transition at x/c =  0.5170   43
 Side 2  free  transition at x/c =  0.0327   15

 108   rms: 0.3097E+04   max: -.2783E+05   C at   84  2   RLX: 0.000
       a = -4.000      CL = -0.3900
      Cm =  0.1179     CD = 26.06214   =>   CDf =  0.00316    CDp = 26.05898

 MRCHDU: Convergence failed at 100  side 2    Res =  0.7382E-02
 MRCHDU: Convergence failed at 101  side 2    Res =  0.1184E-03
 MRCHDU: Convergence failed at 107  side 2    Res =  0.2948E-03
 Side 1  free  transition at x/c =  0.5170   43
 Side 2  free  transition at x/c =  0.0327   15

 109   rms: 0.1835E+04   max: 0.1930E+05   C at   84  2   RLX: 0.000
       a = -4.000      CL = -0.3901
      Cm =  0.1179     CD = 25.78121   =>   CDf =  0.00316    CDp = 25.77806

 MRCHDU: Convergence failed at 100  side 2    Res =  0.7169E-02
 MRCHDU: Convergence failed at 101  side 2    Res =  0.1161E-03
 MRCHDU: Convergence failed at 107  side 2    Res =  0.2987E-03
 Side 1  free  transition at x/c =  0.5170   43
 Side 2  free  transition at x/c =  0.0327   15

 110   rms: 0.4128E+03   max: -.3372E+04   C at   84  2   RLX: 0.000
       a = -4.000      CL = -0.3897
      Cm =  0.1178     CD = 26.13655   =>   CDf =  0.00316    CDp = 26.13340

 MRCHDU: Convergence failed at 100  side 2    Res =  0.7549E-02
 MRCHDU: Convergence failed at 101  side 2    Res =  0.1231E-03
 MRCHDU: Convergence failed at 107  side 2    Res =  0.2878E-03
 Side 1  free  transition at x/c =  0.5170   43
 Side 2  free  transition at x/c =  0.0327   15

 111   rms: 0.6633E+04   max: -.6065E+05   C at   84  2   RLX: 0.000
       a = -4.000      CL = -0.3897
      Cm =  0.1178     CD = 25.60781   =>   CDf =  0.00316    CDp = 25.60465

 MRCHDU: Convergence failed at 100  side 2    Res =  0.7366E-02
 MRCHDU: Convergence failed at 101  side 2    Res =  0.1255E-03
 MRCHDU: Convergence failed at 107  side 2    Res =  0.2842E-03
 Side 1  free  transition at x/c =  0.5170   43
 Side 2  free  transition at x/c =  0.0327   15

 112   rms: 0.1642E+04   max: 0.1770E+05   C at   84  2   RLX: 0.000
       a = -4.000      CL = -0.3897
      Cm =  0.1178     CD = 25.36855   =>   CDf =  0.00316    CDp = 25.36539

 MRCHDU: Convergence failed at 100  side 2    Res =  0.7301E-02
 MRCHDU: Convergence failed at 101  side 2    Res =  0.1234E-03
 MRCHDU: Convergence failed at 107  side 2    Res =  0.2876E-03
 Side 1  free  transition at x/c =  0.5170   43
 Side 2  free  transition at x/c =  0.0327   15

 113   rms: 0.4989E+03   max: -.4119E+04   C at   84  2   RLX: 0.000
       a = -4.000      CL = -0.3894
      Cm =  0.1177     CD = 25.67042   =>   CDf =  0.00316    CDp = 25.66727

 MRCHDU: Convergence failed at 100  side 2    Res =  0.7557E-02
 MRCHDU: Convergence failed at 101  side 2    Res =  0.1300E-03
 MRCHDU: Convergence failed at 107  side 2    Res =  0.2779E-03
 Side 1  free  transition at x/c =  0.5170   43
 Side 2  free  transition at x/c =  0.0327   15

 114   rms: 0.6385E+05   max: -.5934E+06   C at   84  2   RLX: 0.000
       a = -4.000      CL = -0.3893
      Cm =  0.1177     CD = 25.20764   =>   CDf =  0.00316    CDp = 25.20448

 MRCHDU: Convergence failed at 100  side 2    Res =  0.7358E-02
 MRCHDU: Convergence failed at 101  side 2    Res =  0.1322E-03
 MRCHDU: Convergence failed at 107  side 2    Res =  0.2748E-03
 Side 1  free  transition at x/c =  0.5170   43
 Side 2  free  transition at x/c =  0.0327   15

 115   rms: 0.1515E+04   max: 0.1669E+05   C at   84  2   RLX: 0.000
       a = -4.000      CL = -0.3894
      Cm =  0.1177     CD = 25.00065   =>   CDf =  0.00316    CDp = 24.99750

 MRCHDU: Convergence failed at 100  side 2    Res =  0.7416E-02
 MRCHDU: Convergence failed at 101  side 2    Res =  0.1303E-03
 MRCHDU: Convergence failed at 107  side 2    Res =  0.2777E-03
 Side 1  free  transition at x/c =  0.5170   43
 Side 2  free  transition at x/c =  0.0327   15

 116   rms: 0.5979E+03   max: -.4987E+04   C at   84  2   RLX: 0.000
       a = -4.000      CL = -0.3891
      Cm =  0.1177     CD = 25.25802   =>   CDf =  0.00316    CDp = 25.25486

 MRCHDU: Convergence failed at 100  side 2    Res =  0.7577E-02
 MRCHDU: Convergence failed at 101  side 2    Res =  0.1365E-03
 MRCHDU: Convergence failed at 107  side 2    Res =  0.2691E-03
 Side 1  free  transition at x/c =  0.5170   43
 Side 2  free  transition at x/c =  0.0327   15

 117   rms: 0.1084E+05   max: 0.1023E+06   C at   84  2   RLX: 0.000
       a = -4.000      CL = -0.3893
      Cm =  0.1177     CD = 24.67820   =>   CDf =  0.00316    CDp = 24.67505

 MRCHDU: Convergence failed at 100  side 2    Res =  0.6385E-02
 MRCHDU: Convergence failed at 101  side 2    Res =  0.1306E-03
 MRCHDU: Convergence failed at 107  side 2    Res =  0.2777E-03
 Side 1  free  transition at x/c =  0.5170   43
 Side 2  free  transition at x/c =  0.0327   15

 118   rms: 0.1791E+03   max: -.1397E+04   C at   84  2   RLX: 0.000
       a = -4.000      CL = -0.3886
      Cm =  0.1176     CD = 25.39928   =>   CDf =  0.00316    CDp = 25.39612

 MRCHDU: Convergence failed at 100  side 2    Res =  0.7887E-02
 MRCHDU: Convergence failed at 101  side 2    Res =  0.1460E-03
 MRCHDU: Convergence failed at 107  side 2    Res =  0.2570E-03
 Side 1  free  transition at x/c =  0.5170   43
 Side 2  free  transition at x/c =  0.0327   15

 119   rms: 0.8905E+03   max: -.7589E+04   C at   84  2   RLX: 0.000
       a = -4.000      CL = -0.3885
      Cm =  0.1175     CD = 24.40003   =>   CDf =  0.00316    CDp = 24.39688

 MRCHDU: Convergence failed at 100  side 2    Res =  0.7888E-02
 MRCHDU: Convergence failed at 101  side 2    Res =  0.1516E-03
 MRCHDU: Convergence failed at 107  side 2    Res =  0.2501E-03
 Side 1  free  transition at x/c =  0.5170   43
 Side 2  free  transition at x/c =  0.0327   15

 120   rms: 0.3634E+04   max: 0.3541E+05   C at   84  2   RLX: 0.000
       a = -4.000      CL = -0.3886
      Cm =  0.1175     CD = 23.94857   =>   CDf =  0.00316    CDp = 23.94542

 MRCHDU: Convergence failed at 100  side 2    Res =  0.7072E-02
 MRCHDU: Convergence failed at 101  side 2    Res =  0.1463E-03
 MRCHDU: Convergence failed at 107  side 2    Res =  0.2569E-03
 Side 1  free  transition at x/c =  0.5170   43
 Side 2  free  transition at x/c =  0.0327   15

 121   rms: 0.2308E+03   max: -.1825E+04   C at   84  2   RLX: 0.000
       a = -4.000      CL = -0.3881
      Cm =  0.1174     CD = 24.50926   =>   CDf =  0.00316    CDp = 24.50611

 MRCHDU: Convergence failed at 100  side 2    Res =  0.8103E-02
 MRCHDU: Convergence failed at 101  side 2    Res =  0.1606E-03
 MRCHDU: Convergence failed at 107  side 2    Res =  0.2398E-03
 Side 1  free  transition at x/c =  0.5170   43
 Side 2  free  transition at x/c =  0.0327   15

 122   rms: 0.1352E+04   max: -.1176E+05   C at   84  2   RLX: 0.000
       a = -4.000      CL = -0.3879
      Cm =  0.1174     CD = 23.69912   =>   CDf =  0.00316    CDp = 23.69596

 MRCHDU: Convergence failed at 100  side 2    Res =  0.8009E-02
 MRCHDU: Convergence failed at 101  side 2    Res =  0.1657E-03
 MRCHDU: Convergence failed at 107  side 2    Res =  0.2342E-03
 Side 1  free  transition at x/c =  0.5170   43
 Side 2  free  transition at x/c =  0.0327   15

 123   rms: 0.2464E+04   max: 0.2474E+05   C at   84  2   RLX: 0.000
       a = -4.000      CL = -0.3880
      Cm =  0.1174     CD = 23.33699   =>   CDf =  0.00316    CDp = 23.33384

 MRCHDU: Convergence failed at 100  side 2    Res =  0.7476E-02
 MRCHDU: Convergence failed at 101  side 2    Res =  0.1610E-03
 MRCHDU: Convergence failed at 107  side 2    Res =  0.2397E-03
 Side 1  free  transition at x/c =  0.5170   43
 Side 2  free  transition at x/c =  0.0327   15

 124   rms: 0.2912E+03   max: -.2332E+04   C at   84  2   RLX: 0.000
       a = -4.000      CL = -0.3876
      Cm =  0.1173     CD = 23.78582   =>   CDf =  0.00316    CDp = 23.78266

 MRCHDU: Convergence failed at 100  side 2    Res =  0.8191E-02
 MRCHDU: Convergence failed at 101  side 2    Res =  0.1743E-03
 MRCHDU: Convergence failed at 107  side 2    Res =  0.2254E-03
 Side 1  free  transition at x/c =  0.5170   43
 Side 2  free  transition at x/c =  0.0327   15

 125   rms: 0.2169E+04   max: -.1924E+05   C at   84  2   RLX: 0.000
       a = -4.000      CL = -0.3875
      Cm =  0.1173     CD = 23.11222   =>   CDf =  0.00316    CDp = 23.10907

 MRCHDU: Convergence failed at 100  side 2    Res =  0.8039E-02
 MRCHDU: Convergence failed at 101  side 2    Res =  0.1789E-03
 MRCHDU: Convergence failed at 107  side 2    Res =  0.2207E-03
 Side 1  free  transition at x/c =  0.5170   43
 Side 2  free  transition at x/c =  0.0327   15

 126   rms: 0.1986E+04   max: 0.2051E+05   C at   84  2   RLX: 0.000
       a = -4.000      CL = -0.3875
      Cm =  0.1173     CD = 22.81456   =>   CDf =  0.00316    CDp = 22.81141

 MRCHDU: Convergence failed at 100  side 2    Res =  0.7726E-02
 MRCHDU: Convergence failed at 101  side 2    Res =  0.1746E-03
 MRCHDU: Convergence failed at 107  side 2    Res =  0.2253E-03
 Side 1  free  transition at x/c =  0.5170   43
 Side 2  free  transition at x/c =  0.0327   15

 127   rms: 0.3611E+03   max: -.2926E+04   C at   84  2   RLX: 0.000
       a = -4.000      CL = -0.3872
      Cm =  0.1172     CD = 23.18219   =>   CDf =  0.00316    CDp = 23.17903

 MRCHDU: Convergence failed at 100  side 2    Res =  0.8219E-02
 MRCHDU: Convergence failed at 101  side 2    Res =  0.1870E-03
 MRCHDU: Convergence failed at 107  side 2    Res =  0.2131E-03
 Side 1  free  transition at x/c =  0.5170   43
 Side 2  free  transition at x/c =  0.0327   15

 128   rms: 0.3960E+04   max: -.3576E+05   C at   84  2   RLX: 0.000
       a = -4.000      CL = -0.3871
      Cm =  0.1172     CD = 22.61111   =>   CDf =  0.00316    CDp = 22.60795

 MRCHDU: Convergence failed at 100  side 2    Res =  0.8031E-02
 MRCHDU: Convergence failed at 101  side 2    Res =  0.1912E-03
 MRCHDU: Convergence failed at 107  side 2    Res =  0.2091E-03
 Side 1  free  transition at x/c =  0.5170   43
 Side 2  free  transition at x/c =  0.0327   15

 129   rms: 0.1729E+04   max: 0.1832E+05   C at   84  2   RLX: 0.000
       a = -4.000      CL = -0.3871
      Cm =  0.1172     CD = 22.36136   =>   CDf =  0.00316    CDp = 22.35820

 MRCHDU: Convergence failed at 100  side 2    Res =  0.7892E-02
 MRCHDU: Convergence failed at 101  side 2    Res =  0.1874E-03
 MRCHDU: Convergence failed at 107  side 2    Res =  0.2130E-03
 Side 1  free  transition at x/c =  0.5170   43
 Side 2  free  transition at x/c =  0.0327   15

 130   rms: 0.4412E+03   max: -.3615E+04   C at   84  2   RLX: 0.000
       a = -4.000      CL = -0.3868
      Cm =  0.1171     CD = 22.66858   =>   CDf =  0.00316    CDp = 22.66543

 MRCHDU: Convergence failed at 100  side 2    Res =  0.8226E-02
 MRCHDU: Convergence failed at 101  side 2    Res =  0.1990E-03
 MRCHDU: Convergence failed at 107  side 2    Res =  0.2024E-03
 Side 1  free  transition at x/c =  0.5170   43
 Side 2  free  transition at x/c =  0.0327   15

 131   rms: 0.1088E+05   max: -.9996E+05   C at   84  2   RLX: 0.000
       a = -4.000      CL = -0.3867
      Cm =  0.1171     CD = 22.17572   =>   CDf =  0.00316    CDp = 22.17256

 MRCHDU: Convergence failed at 100  side 2    Res =  0.8015E-02
 MRCHDU: Convergence failed at 101  side 2    Res =  0.2029E-03
 MRCHDU: Convergence failed at 107  side 2    Res =  0.1989E-03
 Side 1  free  transition at x/c =  0.5170   43
 Side 2  free  transition at x/c =  0.0327   15

 132   rms: 0.1568E+04   max: 0.1701E+05   C at   84  2   RLX: 0.000
       a = -4.000      CL = -0.3868
      Cm =  0.1171     CD = 21.96244   =>   CDf =  0.00316    CDp = 21.95929

 MRCHDU: Convergence failed at 100  side 2    Res =  0.8018E-02
 MRCHDU: Convergence failed at 101  side 2    Res =  0.1994E-03
 MRCHDU: Convergence failed at 107  side 2    Res =  0.2023E-03
 Side 1  free  transition at x/c =  0.5170   43
 Side 2  free  transition at x/c =  0.0327   15

 133   rms: 0.5335E+03   max: -.4418E+04   C at   84  2   RLX: 0.000
       a = -4.000      CL = -0.3865
      Cm =  0.1171     CD = 22.22320   =>   CDf =  0.00316    CDp = 22.22005

 MRCHDU: Convergence failed at 100  side 2    Res =  0.8233E-02
 MRCHDU: Convergence failed at 101  side 2    Res =  0.2103E-03
 MRCHDU: Convergence failed at 107  side 2    Res =  0.1930E-03
 Side 1  free  transition at x/c =  0.5170   43
 Side 2  free  transition at x/c =  0.0327   15

 134   rms: 0.2907E+05   max: 0.2715E+06   C at   84  2   RLX: 0.000
       a = -4.000      CL = -0.3867
      Cm =  0.1171     CD = 21.63641   =>   CDf =  0.00316    CDp = 21.63326

 MRCHDU: Convergence failed at 100  side 2    Res =  0.6924E-02
 MRCHDU: Convergence failed at 101  side 2    Res =  0.1996E-03
 MRCHDU: Convergence failed at 107  side 2    Res =  0.2024E-03
 Side 1  free  transition at x/c =  0.5170   43
 Side 2  free  transition at x/c =  0.0327   15

 135   rms: 0.1657E+03   max: -.1289E+04   C at   84  2   RLX: 0.000
       a = -4.000      CL = -0.3860
      Cm =  0.1170     CD = 22.34909   =>   CDf =  0.00316    CDp = 22.34593

 MRCHDU: Convergence failed at 100  side 2    Res =  0.8632E-02
 MRCHDU: Convergence failed at 101  side 2    Res =  0.2264E-03
 MRCHDU: Convergence failed at 107  side 2    Res =  0.1807E-03
 Side 1  free  transition at x/c =  0.5169   43
 Side 2  free  transition at x/c =  0.0327   15

 136   rms: 0.7956E+03   max: -.6735E+04   C at   84  2   RLX: 0.000
       a = -4.000      CL = -0.3858
      Cm =  0.1169     CD = 21.31300   =>   CDf =  0.00316    CDp = 21.30985

 MRCHDU: Convergence failed at 100  side 2    Res =  0.8654E-02
 MRCHDU: Convergence failed at 101  side 2    Res =  0.2364E-03
 MRCHDU: Convergence failed at 107  side 2    Res =  0.1735E-03
 Side 1  free  transition at x/c =  0.5169   43
 Side 2  free  transition at x/c =  0.0327   15

 137   rms: 0.4165E+04   max: 0.4019E+05   C at   84  2   RLX: 0.000
       a = -4.000      CL = -0.3859
      Cm =  0.1170     CD = 20.86280   =>   CDf =  0.00316    CDp = 20.85964

 MRCHDU: Convergence failed at 100  side 2    Res =  0.7762E-02
 MRCHDU: Convergence failed at 101  side 2    Res =  0.2268E-03
 MRCHDU: Convergence failed at 107  side 2    Res =  0.1808E-03
 Side 1  free  transition at x/c =  0.5170   43
 Side 2  free  transition at x/c =  0.0327   15

 138   rms: 0.2147E+03   max: -.1691E+04   C at   84  2   RLX: 0.000
       a = -4.000      CL = -0.3854
      Cm =  0.1168     CD = 21.40810   =>   CDf =  0.00316    CDp = 21.40495

 MRCHDU: Convergence failed at 100  side 2    Res =  0.8931E-02
 MRCHDU: Convergence failed at 101  side 2    Res =  0.2519E-03
 MRCHDU: Convergence failed at 107  side 2    Res =  0.1634E-03
 Side 1  free  transition at x/c =  0.5169   43
 Side 2  free  transition at x/c =  0.0327   15

 139   rms: 0.1209E+04   max: -.1045E+05   C at   84  2   RLX: 0.000
       a = -4.000      CL = -0.3852
      Cm =  0.1168     CD = 20.57511   =>   CDf =  0.00316    CDp = 20.57196

 MRCHDU: Convergence failed at 100  side 2    Res =  0.8837E-02
 MRCHDU: Convergence failed at 101  side 2    Res =  0.2610E-03
 MRCHDU: Convergence failed at 107  side 2    Res =  0.1575E-03
 Side 1  free  transition at x/c =  0.5169   43
 Side 2  free  transition at x/c =  0.0327   15

 140   rms: 0.2600E+04   max: 0.2587E+05   C at   84  2   RLX: 0.000
       a = -4.000      CL = -0.3853
      Cm =  0.1168     CD = 20.21852   =>   CDf =  0.00316    CDp = 20.21536

 MRCHDU: Convergence failed at 100  side 2    Res =  0.8256E-02
 MRCHDU: Convergence failed at 101  side 2    Res =  0.2524E-03
 MRCHDU: Convergence failed at 107  side 2    Res =  0.1634E-03
 Side 1  free  transition at x/c =  0.5169   43
 Side 2  free  transition at x/c =  0.0327   15

 141   rms: 0.2733E+03   max: -.2180E+04   C at   84  2   RLX: 0.000
       a = -4.000      CL = -0.3849
      Cm =  0.1167     CD = 20.64808   =>   CDf =  0.00316    CDp = 20.64492

 MRCHDU: Convergence failed at 100  side 2    Res =  0.9059E-02
 MRCHDU: Convergence failed at 101  side 2    Res =  0.2759E-03
 MRCHDU: Convergence failed at 107  side 2    Res =  0.1491E-03
 Side 1  free  transition at x/c =  0.5169   43
 Side 2  free  transition at x/c =  0.0327   15

 142   rms: 0.1923E+04   max: -.1696E+05   C at   84  2   RLX: 0.000
       a = -4.000      CL = -0.3847
      Cm =  0.1167     CD = 19.96327   =>   CDf =  0.00315    CDp = 19.96011

 MRCHDU: Convergence failed at 100  side 2    Res =  0.8895E-02
 MRCHDU: Convergence failed at 101  side 2    Res =  0.2842E-03
 MRCHDU: Convergence failed at 107  side 2    Res =  0.1443E-03
 Side 1  free  transition at x/c =  0.5169   43
 Side 2  free  transition at x/c =  0.0327   15

 143   rms: 0.2037E+04   max: 0.2086E+05   C at   84  2   RLX: 0.000
       a = -4.000      CL = -0.3848
      Cm =  0.1167     CD = 19.67316   =>   CDf =  0.00315    CDp = 19.67001

 MRCHDU: Convergence failed at 100  side 2    Res =  0.8554E-02
 MRCHDU: Convergence failed at 101  side 2    Res =  0.2764E-03
 MRCHDU: Convergence failed at 107  side 2    Res =  0.1491E-03
 Side 1  free  transition at x/c =  0.5169   43
 Side 2  free  transition at x/c =  0.0327   15

 144   rms: 0.3413E+03   max: -.2756E+04   C at   84  2   RLX: 0.000
       a = -4.000      CL = -0.3844
      Cm =  0.1166     CD = 20.02039   =>   CDf =  0.00315    CDp = 20.01723

 MRCHDU: Convergence failed at 100  side 2    Res =  0.9104E-02
 MRCHDU: Convergence failed at 101  side 2    Res =  0.2984E-03
 MRCHDU: Convergence failed at 107  side 2    Res =  0.1372E-03
 Side 1  free  transition at x/c =  0.5169   43
 Side 2  free  transition at x/c =  0.0327   15

 145   rms: 0.3422E+04   max: -.3074E+05   C at   84  2   RLX: 0.000
       a = -4.000      CL = -0.3843
      Cm =  0.1166     CD = 19.44446   =>   CDf =  0.00315    CDp = 19.44131

 MRCHDU: Convergence failed at 100  side 2    Res =  0.8897E-02
 MRCHDU: Convergence failed at 101  side 2    Res =  0.3061E-03
 MRCHDU: Convergence failed at 107  side 2    Res =  0.1332E-03
 Side 1  free  transition at x/c =  0.5169   43
 Side 2  free  transition at x/c =  0.0327   15

 146   rms: 0.1748E+04   max: 0.1838E+05   C at   84  2   RLX: 0.000
       a = -4.000      CL = -0.3844
      Cm =  0.1166     CD = 19.20319   =>   CDf =  0.00315    CDp = 19.20003

 MRCHDU: Convergence failed at 100  side 2    Res =  0.8744E-02
 MRCHDU: Convergence failed at 101  side 2    Res =  0.2989E-03
 MRCHDU: Convergence failed at 107  side 2    Res =  0.1372E-03
 Side 1  free  transition at x/c =  0.5169   43
 Side 2  free  transition at x/c =  0.0327   15

 147   rms: 0.4200E+03   max: -.3429E+04   C at   84  2   RLX: 0.000
       a = -4.000      CL = -0.3841
      Cm =  0.1165     CD = 19.48998   =>   CDf =  0.00315    CDp = 19.48682

 MRCHDU: Convergence failed at 100  side 2    Res =  0.9113E-02
 MRCHDU: Convergence failed at 101  side 2    Res =  0.3197E-03
 MRCHDU: Convergence failed at 107  side 2    Res =  0.1271E-03
 Side 1  free  transition at x/c =  0.5169   43
 Side 2  free  transition at x/c =  0.0327   15

 148   rms: 0.8417E+04   max: -.7694E+05   C at   84  2   RLX: 0.000
       a = -4.000      CL = -0.3840
      Cm =  0.1165     CD = 18.99647   =>   CDf =  0.00315    CDp = 18.99331

 MRCHDU: Convergence failed at 100  side 2    Res =  0.8879E-02
 MRCHDU: Convergence failed at 101  side 2    Res =  0.3269E-03
 MRCHDU: Convergence failed at 107  side 2    Res =  0.1236E-03
 Side 1  free  transition at x/c =  0.5169   43
 Side 2  free  transition at x/c =  0.0327   15

 149   rms: 0.1570E+04   max: 0.1692E+05   C at   84  2   RLX: 0.000
       a = -4.000      CL = -0.3840
      Cm =  0.1165     CD = 18.79198   =>   CDf =  0.00315    CDp = 18.78882

 MRCHDU: Convergence failed at 100  side 2    Res =  0.8877E-02
 MRCHDU: Convergence failed at 101  side 2    Res =  0.3203E-03
 MRCHDU: Convergence failed at 107  side 2    Res =  0.1271E-03
 Side 1  free  transition at x/c =  0.5169   43
 Side 2  free  transition at x/c =  0.0327   15

 150   rms: 0.5095E+03   max: -.4206E+04   C at   84  2   RLX: 0.000
       a = -4.000      CL = -0.3837
      Cm =  0.1165     CD = 19.03323   =>   CDf =  0.00315    CDp = 19.03007

 MRCHDU: Convergence failed at 100  side 2    Res =  0.9112E-02
 MRCHDU: Convergence failed at 101  side 2    Res =  0.3400E-03
 MRCHDU: Convergence failed at 107  side 2    Res =  0.1184E-03
 Side 1  free  transition at x/c =  0.5169   43
 Side 2  free  transition at x/c =  0.0327   15

 151   rms: 0.5808E+05   max: 0.5398E+06   C at   84  2   RLX: 0.000
       a = -4.000      CL = -0.3839
      Cm =  0.1165     CD = 18.47802   =>   CDf =  0.00315    CDp = 18.47486

 MRCHDU: Convergence failed at 100  side 2    Res =  0.7764E-02
 MRCHDU: Convergence failed at 101  side 2    Res =  0.3203E-03
 MRCHDU: Convergence failed at 107  side 2    Res =  0.1274E-03
 Side 1  free  transition at x/c =  0.5169   43
 Side 2  free  transition at x/c =  0.0327   15

 152   rms: 0.1601E+03   max: -.1243E+04   C at   84  2   RLX: 0.000
       a = -4.000      CL = -0.3832
      Cm =  0.1164     CD = 19.13483   =>   CDf =  0.00315    CDp = 19.13167

 MRCHDU: Convergence failed at 100  side 2    Res =  0.9596E-02
 MRCHDU: Convergence failed at 101  side 2    Res =  0.3684E-03
 MRCHDU: Convergence failed at 107  side 2    Res =  0.1077E-03
 Side 1  free  transition at x/c =  0.5169   43
 Side 2  free  transition at x/c =  0.0327   15

 153   rms: 0.7688E+03   max: -.6489E+04   C at   84  2   RLX: 0.000
       a = -4.000      CL = -0.3830
      Cm =  0.1163     CD = 18.11481   =>   CDf =  0.00315    CDp = 18.11165

 MRCHDU: Convergence failed at 100  side 2    Res =  0.9617E-02
 MRCHDU: Convergence failed at 101  side 2    Res =  0.3866E-03
 MRCHDU: Convergence failed at 107  side 2    Res =  0.1011E-03
 Side 1  free  transition at x/c =  0.5169   43
 Side 2  free  transition at x/c =  0.0327   15

 154   rms: 0.4283E+04   max: 0.4115E+05   C at   84  2   RLX: 0.000
       a = -4.000      CL = -0.3832
      Cm =  0.1163     CD = 17.69299   =>   CDf =  0.00315    CDp = 17.68984

 MRCHDU: Convergence failed at 100  side 2    Res =  0.8707E-02
 MRCHDU: Convergence failed at 101  side 2    Res =  0.3687E-03
 MRCHDU: Convergence failed at 107  side 2    Res =  0.1079E-03
 Side 1  free  transition at x/c =  0.5169   43
 Side 2  free  transition at x/c =  0.0327   15

 155   rms: 0.2098E+03   max: -.1648E+04   C at   84  2   RLX: 0.000
       a = -4.000      CL = -0.3826
      Cm =  0.1162     CD = 18.18795   =>   CDf =  0.00315    CDp = 18.18480

 MRCHDU: Convergence failed at 100  side 2    Res =  0.9949E-02
 MRCHDU: Convergence failed at 101  side 2    Res =  0.4143E-03
 MRCHDU: Convergence failed at 107  side 2    Res =  0.9275E-04
 Side 1  free  transition at x/c =  0.5169   43
 Side 2  free  transition at x/c =  0.0327   15

 156   rms: 0.1175E+04   max: -.1013E+05   C at   84  2   RLX: 0.000
       a = -4.000      CL = -0.3824
      Cm =  0.1162     CD = 17.37382   =>   CDf =  0.00315    CDp = 17.37067

 MRCHDU: Convergence failed at 100  side 2    Res =  0.9843E-02
 MRCHDU: Convergence failed at 101  side 2    Res =  0.4311E-03
 MRCHDU: Convergence failed at 107  side 2    Res =  0.8768E-04
 Side 1  free  transition at x/c =  0.5169   43
 Side 2  free  transition at x/c =  0.0327   15

 157   rms: 0.2602E+04   max: 0.2579E+05   C at   84  2   RLX: 0.000
       a = -4.000      CL = -0.3825
      Cm =  0.1162     CD = 17.04221   =>   CDf =  0.00315    CDp = 17.03905

 MRCHDU: Convergence failed at 100  side 2    Res =  0.9259E-02
 MRCHDU: Convergence failed at 101  side 2    Res =  0.4148E-03
 MRCHDU: Convergence failed at 107  side 2    Res =  0.9294E-04
 Side 1  free  transition at x/c =  0.5169   43
 Side 2  free  transition at x/c =  0.0327   15

 158   rms: 0.2684E+03   max: -.2136E+04   C at   84  2   RLX: 0.000
       a = -4.000      CL = -0.3821
      Cm =  0.1161     CD = 17.42752   =>   CDf =  0.00315    CDp = 17.42436

 MRCHDU: Convergence failed at 100  side 2    Res =  0.1011E-01
 MRCHDU: Convergence failed at 101  side 2    Res =  0.4579E-03
 MRCHDU: Convergence failed at 107  side 2    Res =  0.8102E-04
 Side 1  free  transition at x/c =  0.5169   43
 Side 2  free  transition at x/c =  0.0327   15

 159   rms: 0.1885E+04   max: -.1658E+05   C at   84  2   RLX: 0.000
       a = -4.000      CL = -0.3819
      Cm =  0.1161     CD = 16.76149   =>   CDf =  0.00315    CDp = 16.75834

 MRCHDU: Convergence failed at 100  side 2    Res =  0.9922E-02
 MRCHDU: Convergence failed at 101  side 2    Res =  0.4735E-03
 MRCHDU: Convergence failed at 107  side 2    Res =  0.7700E-04
 Side 1  free  transition at x/c =  0.5169   43
 Side 2  free  transition at x/c =  0.0327   15

 160   rms: 0.2022E+04   max: 0.2063E+05   C at   84  2   RLX: 0.000
       a = -4.000      CL = -0.3820
      Cm =  0.1161     CD = 16.49340   =>   CDf =  0.00315    CDp = 16.49025

 MRCHDU: Convergence failed at 100  side 2    Res =  0.9587E-02
 MRCHDU: Convergence failed at 101  side 2    Res =  0.4585E-03
 MRCHDU: Convergence failed at 107  side 2    Res =  0.8121E-04
 Side 1  free  transition at x/c =  0.5169   43
 Side 2  free  transition at x/c =  0.0327   15

 161   rms: 0.3368E+03   max: -.2715E+04   C at   84  2   RLX: 0.000
       a = -4.000      CL = -0.3816
      Cm =  0.1160     CD = 16.80138   =>   CDf =  0.00315    CDp = 16.79822

 MRCHDU: Convergence failed at 100  side 2    Res =  0.1016E-01
 MRCHDU: Convergence failed at 101  side 2    Res =  0.4994E-03
 MRCHDU: Convergence failed at 107  side 2    Res =  0.7163E-04
 Side 1  free  transition at x/c =  0.5169   43
 Side 2  free  transition at x/c =  0.0327   15

 162   rms: 0.3382E+04   max: -.3031E+05   C at   84  2   RLX: 0.000
       a = -4.000      CL = -0.3815
      Cm =  0.1160     CD = 16.24375   =>   CDf =  0.00315    CDp = 16.24059

 MRCHDU: Convergence failed at 100  side 2    Res =  0.9931E-02
 MRCHDU: Convergence failed at 101  side 2    Res =  0.5139E-03
 MRCHDU: Convergence failed at 107  side 2    Res =  0.6838E-04
 Side 1  free  transition at x/c =  0.5169   43
 Side 2  free  transition at x/c =  0.0327   15

 163   rms: 0.1722E+04   max: 0.1805E+05   C at   84  2   RLX: 0.000
       a = -4.000      CL = -0.3816
      Cm =  0.1160     CD = 16.02195   =>   CDf =  0.00315    CDp = 16.01880

 MRCHDU: Convergence failed at 100  side 2    Res =  0.9791E-02
 MRCHDU: Convergence failed at 101  side 2    Res =  0.5001E-03
 MRCHDU: Convergence failed at 107  side 2    Res =  0.7184E-04
 Side 1  free  transition at x/c =  0.5169   43
 Side 2  free  transition at x/c =  0.0327   15

 164   rms: 0.4148E+03   max: -.3382E+04   C at   84  2   RLX: 0.000
       a = -4.000      CL = -0.3812
      Cm =  0.1159     CD = 16.27374   =>   CDf =  0.00315    CDp = 16.27058

 MRCHDU: Convergence failed at 100  side 2    Res =  0.1017E-01
 MRCHDU: Convergence failed at 101  side 2    Res =  0.5389E-03
 MRCHDU: Convergence failed at 107  side 2    Res =  0.6404E-04
 Side 1  free  transition at x/c =  0.5169   43
 Side 2  free  transition at x/c =  0.0327   15

 165   rms: 0.8658E+04   max: -.7900E+05   C at   84  2   RLX: 0.000
       a = -4.000      CL = -0.3812
      Cm =  0.1159     CD = 15.79776   =>   CDf =  0.00315    CDp = 15.79461

 MRCHDU: Convergence failed at 100  side 2    Res =  0.9911E-02
 MRCHDU: Convergence failed at 101  side 2    Res =  0.5526E-03
 MRCHDU: Convergence failed at 107  side 2    Res =  0.6137E-04
 Side 1  free  transition at x/c =  0.5168   43
 Side 2  free  transition at x/c =  0.0327   15

 166   rms: 0.1547E+04   max: 0.1663E+05   C at   84  2   RLX: 0.000
       a = -4.000      CL = -0.3812
      Cm =  0.1159     CD = 15.61061   =>   CDf =  0.00315    CDp = 15.60745

 MRCHDU: Convergence failed at 100  side 2    Res =  0.9928E-02
 MRCHDU: Convergence failed at 101  side 2    Res =  0.5397E-03
 MRCHDU: Convergence failed at 107  side 2    Res =  0.6428E-04
 Side 1  free  transition at x/c =  0.5169   43
 Side 2  free  transition at x/c =  0.0327   15

 167   rms: 0.5070E+03   max: -.4179E+04   C at   84  2   RLX: 0.000
       a = -4.000      CL = -0.3809
      Cm =  0.1159     CD = 15.82040   =>   CDf =  0.00315    CDp = 15.81724

 MRCHDU: Convergence failed at 100  side 2    Res =  0.1017E-01
 MRCHDU: Convergence failed at 101  side 2    Res =  0.5768E-03
 MRCHDU: Convergence failed at 107  side 2    Res =  0.5782E-04
 Side 1  free  transition at x/c =  0.5168   43
 Side 2  free  transition at x/c =  0.0327   15

 168   rms: 0.4044E+05   max: 0.3752E+06   C at   84  2   RLX: 0.000
       a = -4.000      CL = -0.3811
      Cm =  0.1159     CD = 15.31882   =>   CDf =  0.00315    CDp = 15.31566

 MRCHDU: Convergence failed at 100  side 2    Res =  0.8816E-02
 MRCHDU: Convergence failed at 101  side 2    Res =  0.5392E-03
 MRCHDU: Convergence failed at 107  side 2    Res =  0.6482E-04
 Side 1  free  transition at x/c =  0.5169   43
 Side 2  free  transition at x/c =  0.0327   15

 169   rms: 0.1594E+03   max: -.1236E+04   C at   84  2   RLX: 0.000
       a = -4.000      CL = -0.3804
      Cm =  0.1157     CD = 15.89117   =>   CDf =  0.00315    CDp = 15.88802

 MRCHDU: Convergence failed at 100  side 2    Res =  0.1073E-01
 MRCHDU: Convergence failed at 101  side 2    Res =  0.6294E-03
 MRCHDU: Convergence failed at 107  side 2    Res =  0.5113E-04
 Side 1  free  transition at x/c =  0.5168   43
 Side 2  free  transition at x/c =  0.0327   15

 170   rms: 0.7723E+03   max: -.6511E+04   C at   84  2   RLX: 0.000
       a = -4.000      CL = -0.3802
      Cm =  0.1157     CD = 14.91859   =>   CDf =  0.00315    CDp = 14.91543

 MRCHDU: Convergence failed at 100  side 2    Res =  0.1074E-01
 MRCHDU: Convergence failed at 101  side 2    Res =  0.6642E-03
 MRCHDU: Convergence failed at 107  side 2    Res =  0.4675E-04
 Side 1  free  transition at x/c =  0.5168   43
 Side 2  free  transition at x/c =  0.0327   15

 171   rms: 0.4060E+04   max: 0.3895E+05   C at   84  2   RLX: 0.000
       a = -4.000      CL = -0.3803
      Cm =  0.1157     CD = 14.54011   =>   CDf =  0.00315    CDp = 14.53695

 MRCHDU: Convergence failed at 100  side 2    Res =  0.9837E-02
 MRCHDU: Convergence failed at 101  side 2    Res =  0.6294E-03
 MRCHDU: Convergence failed at 107  side 2    Res =  0.5156E-04
 Side 1  free  transition at x/c =  0.5168   43
 Side 2  free  transition at x/c =  0.0327   15

 172   rms: 0.2098E+03   max: -.1646E+04   C at   84  2   RLX: 0.000
       a = -4.000      CL = -0.3798
      Cm =  0.1156     CD = 14.96496   =>   CDf =  0.00315    CDp = 14.96181

 MRCHDU: Convergence failed at 100  side 2    Res =  0.1113E-01
 MRCHDU: Convergence failed at 101  side 2    Res =  0.7164E-03
 MRCHDU: Convergence failed at 107  side 2    Res =  0.4224E-04
 Side 1  free  transition at x/c =  0.5168   43
 Side 2  free  transition at x/c =  0.0327   15

 173   rms: 0.1199E+04   max: -.1032E+05   C at   84  2   RLX: 0.000
       a = -4.000      CL = -0.3796
      Cm =  0.1156     CD = 14.19091   =>   CDf =  0.00315    CDp = 14.18776

 MRCHDU: Convergence failed at 100  side 2    Res =  0.1101E-01
 MRCHDU: Convergence failed at 101  side 2    Res =  0.7491E-03
 MRCHDU: Convergence failed at 107  side 2    Res =  0.3922E-04
 Side 1  free  transition at x/c =  0.5168   43
 Side 2  free  transition at x/c =  0.0327   15

 174   rms: 0.2499E+04   max: 0.2474E+05   C at   84  2   RLX: 0.000
       a = -4.000      CL = -0.3797
      Cm =  0.1156     CD = 13.89503   =>   CDf =  0.00315    CDp = 13.89187

 MRCHDU: Convergence failed at 100  side 2    Res =  0.1044E-01
 MRCHDU: Convergence failed at 101  side 2    Res =  0.7169E-03
 MRCHDU: Convergence failed at 107  side 2    Res =  0.4264E-04
 Side 1  free  transition at x/c =  0.5168   43
 Side 2  free  transition at x/c =  0.0327   15

 175   rms: 0.2699E+03   max: -.2146E+04   C at   84  2   RLX: 0.000
       a = -4.000      CL = -0.3792
      Cm =  0.1155     CD = 14.22119   =>   CDf =  0.00315    CDp = 14.21804

 MRCHDU: Convergence failed at 100  side 2    Res =  0.1132E-01
 MRCHDU: Convergence failed at 101  side 2    Res =  0.8004E-03
 MRCHDU: Convergence failed at 107  side 2    Res =  0.3633E-04
 Side 1  free  transition at x/c =  0.5168   43
 Side 2  free  transition at x/c =  0.0327   15

 176   rms: 0.1966E+04   max: -.1728E+05   C at   84  2   RLX: 0.000
       a = -4.000      CL = -0.3791
      Cm =  0.1155     CD = 13.58924   =>   CDf =  0.00315    CDp = 13.58609

 MRCHDU: Convergence failed at 100  side 2    Res =  0.1111E-01
 MRCHDU: Convergence failed at 101  side 2    Res =  0.8312E-03
 MRCHDU: Convergence failed at 107  side 2    Res =  0.3425E-04
 Side 1  free  transition at x/c =  0.5168   43
 Side 2  free  transition at x/c =  0.0327   15

 177   rms: 0.1949E+04   max: 0.1987E+05   C at   84  2   RLX: 0.000
       a = -4.000      CL = -0.3792
      Cm =  0.1155     CD = 13.35131   =>   CDf =  0.00315    CDp = 13.34816

 MRCHDU: Convergence failed at 100  side 2    Res =  0.1080E-01
 MRCHDU: Convergence failed at 101  side 2    Res =  0.8011E-03
 MRCHDU: Convergence failed at 107  side 2    Res =  0.3676E-04
 Side 1  free  transition at x/c =  0.5168   43
 Side 2  free  transition at x/c =  0.0327   15

 178   rms: 0.3407E+03   max: -.2744E+04   C at   84  2   RLX: 0.000
       a = -4.000      CL = -0.3788
      Cm =  0.1154     CD = 13.60936   =>   CDf =  0.00315    CDp = 13.60620

 MRCHDU: Convergence failed at 100  side 2    Res =  0.1139E-01
 MRCHDU: Convergence failed at 101  side 2    Res =  0.8815E-03
 MRCHDU: Convergence failed at 107  side 2    Res =  0.3262E-04
 Side 1  free  transition at x/c =  0.5168   43
 Side 2  free  transition at x/c =  0.0327   15

 179   rms: 0.3708E+04   max: -.3321E+05   C at   84  2   RLX: 0.000
       a = -4.000      CL = -0.3787
      Cm =  0.1154     CD = 13.08243   =>   CDf =  0.00315    CDp = 13.07927

 MRCHDU: Convergence failed at 100  side 2    Res =  0.1114E-01
 MRCHDU: Convergence failed at 101  side 2    Res =  0.9105E-03
 MRCHDU: Convergence failed at 107  side 2    Res =  0.3119E-04
 Side 1  free  transition at x/c =  0.5168   43
 Side 2  free  transition at x/c =  0.0327   15

 180   rms: 0.1669E+04   max: 0.1748E+05   C at   84  2   RLX: 0.000
       a = -4.000      CL = -0.3788
      Cm =  0.1154     CD = 12.88606   =>   CDf =  0.00315    CDp = 12.88291

 MRCHDU: Convergence failed at 100  side 2    Res =  0.1102E-01
 MRCHDU: Convergence failed at 101  side 2    Res =  0.8824E-03
 MRCHDU: Convergence failed at 107  side 2    Res =  0.3307E-04
 Side 1  free  transition at x/c =  0.5168   43
 Side 2  free  transition at x/c =  0.0327   15

 181   rms: 0.4230E+03   max: -.3446E+04   C at   84  2   RLX: 0.000
       a = -4.000      CL = -0.3784
      Cm =  0.1153     CD = 13.09496   =>   CDf =  0.00315    CDp = 13.09181

 MRCHDU: Convergence failed at 100  side 2    Res =  0.1141E-01
 MRCHDU: Convergence failed at 101  side 2    Res =  0.9597E-03
 MRCHDU: Convergence failed at 107  side 2    Res =  0.3043E-04
 Side 1  free  transition at x/c =  0.5168   43
 Side 2  free  transition at x/c =  0.0327   15

 182   rms: 0.1148E+05   max: -.1047E+06   C at   84  2   RLX: 0.000
       a = -4.000      CL = -0.3783
      Cm =  0.1153     CD = 12.64544   =>   CDf =  0.00315    CDp = 12.64229

 MRCHDU: Convergence failed at 100  side 2    Res =  0.1112E-01
 MRCHDU: Convergence failed at 101  side 2    Res =  0.9873E-03
 MRCHDU: Convergence failed at 107  side 2    Res =  0.2947E-04
 Side 1  free  transition at x/c =  0.5168   43
 Side 2  free  transition at x/c =  0.0327   15

 183   rms: 0.1502E+04   max: 0.1613E+05   C at   84  2   RLX: 0.000
       a = -4.000      CL = -0.3784
      Cm =  0.1153     CD = 12.48013   =>   CDf =  0.00315    CDp = 12.47698

 MRCHDU: Convergence failed at 100  side 2    Res =  0.1117E-01
 MRCHDU: Convergence failed at 101  side 2    Res =  0.9608E-03
 MRCHDU: Convergence failed at 107  side 2    Res =  0.3090E-04
 Side 1  free  transition at x/c =  0.5168   43
 Side 2  free  transition at x/c =  0.0327   15

 184   rms: 0.5209E+03   max: -.4292E+04   C at   84  2   RLX: 0.000
       a = -4.000      CL = -0.3781
      Cm =  0.1152     CD = 12.65188   =>   CDf =  0.00315    CDp = 12.64873

 MRCHDU: Convergence failed at 100  side 2    Res =  0.1141E-01
 MRCHDU: Convergence failed at 101  side 2    Res =  0.1035E-02
 MRCHDU: Convergence failed at 107  side 2    Res =  0.2935E-04
 Side 1  free  transition at x/c =  0.5168   43
 Side 2  free  transition at x/c =  0.0327   15

 185   rms: 0.1831E+05   max: 0.1698E+06   C at   84  2   RLX: 0.000
       a = -4.000      CL = -0.3783
      Cm =  0.1153     CD = 12.21561   =>   CDf =  0.00315    CDp = 12.21245

 MRCHDU: Convergence failed at 100  side 2    Res =  0.1007E-01
 MRCHDU: Convergence failed at 101  side 2    Res =  0.9587E-03
 MRCHDU: Convergence failed at 107  side 2    Res =  0.3159E-04
 Side 1  free  transition at x/c =  0.5168   43
 Side 2  free  transition at x/c =  0.0327   15

 186   rms: 0.1624E+03   max: -.1256E+04   C at   84  2   RLX: 0.000
       a = -4.000      CL = -0.3776
      Cm =  0.1151     CD = 12.68868   =>   CDf =  0.00315    CDp = 12.68553

 MRCHDU: Convergence failed at 100  side 2    Res =  0.1205E-01
 MRCHDU: Convergence failed at 101  side 2    Res =  0.1140E-02
 MRCHDU: Convergence failed at 107  side 2    Res =  0.3015E-04
 Side 1  free  transition at x/c =  0.5168   43
 Side 2  free  transition at x/c =  0.0327   15

 187   rms: 0.8084E+03   max: -.6813E+04   C at   84  2   RLX: 0.000
       a = -4.000      CL = -0.3774
      Cm =  0.1151     CD = 11.77971   =>   CDf =  0.00315    CDp = 11.77656

 MRCHDU: Convergence failed at 100  side 2    Res =  0.1206E-01
 MRCHDU: Convergence failed at 101  side 2    Res =  0.1211E-02
 MRCHDU: Convergence failed at 107  side 2    Res =  0.3032E-04
 Side 1  free  transition at x/c =  0.5168   43
 Side 2  free  transition at x/c =  0.0327   15

 188   rms: 0.3599E+04   max: 0.3452E+05   C at   84  2   RLX: 0.000
       a = -4.000      CL = -0.3775
      Cm =  0.1151     CD = 11.45185   =>   CDf =  0.00315    CDp = 11.44870

 MRCHDU: Convergence failed at 100  side 2    Res =  0.1117E-01
 MRCHDU: Convergence failed at 101  side 2    Res =  0.1138E-02
 MRCHDU: Convergence failed at 107  side 2    Res =  0.3070E-04
 Side 1  free  transition at x/c =  0.5168   43
 Side 2  free  transition at x/c =  0.0327   15

 189   rms: 0.2154E+03   max: -.1688E+04   C at   84  2   RLX: 0.000
       a = -4.000      CL = -0.3770
      Cm =  0.1150     CD = 11.79644   =>   CDf =  0.00315    CDp = 11.79328

 MRCHDU: Convergence failed at 100  side 2    Res =  0.1251E-01
 MRCHDU: Convergence failed at 101  side 2    Res =  0.1316E-02
 MRCHDU: Convergence failed at 107  side 2    Res =  0.3301E-04
 Side 1  free  transition at x/c =  0.5168   43
 Side 2  free  transition at x/c =  0.0327   15

 190   rms: 0.1289E+04   max: -.1110E+05   C at   84  2   RLX: 0.000
       a = -4.000      CL = -0.3768
      Cm =  0.1149     CD = 11.07210   =>   CDf =  0.00315    CDp = 11.06894

 MRCHDU: Convergence failed at 100  side 2    Res =  0.1237E-01
 MRCHDU: Convergence failed at 101  side 2    Res =  0.1384E-02
 MRCHDU: Convergence failed at 107  side 2    Res =  0.3428E-04
 Side 1  free  transition at x/c =  0.5168   43
 Side 2  free  transition at x/c =  0.0327   15

 191   rms: 0.2312E+04   max: 0.2289E+05   C at   84  2   RLX: 0.000
       a = -4.000      CL = -0.3769
      Cm =  0.1150     CD = 10.81679   =>   CDf =  0.00315    CDp = 10.81364

 MRCHDU: Convergence failed at 100  side 2    Res =  0.1182E-01
 MRCHDU: Convergence failed at 101  side 2    Res =  0.1316E-02
 MRCHDU: Convergence failed at 107  side 2    Res =  0.3354E-04
 Side 1  free  transition at x/c =  0.5168   43
 Side 2  free  transition at x/c =  0.0327   15

 192   rms: 0.2792E+03   max: -.2218E+04   C at   84  2   RLX: 0.000
       a = -4.000      CL = -0.3765
      Cm =  0.1149     CD = 11.07703   =>   CDf =  0.00315    CDp = 11.07387

 MRCHDU: Convergence failed at 100  side 2    Res =  0.1273E-01
 MRCHDU: Convergence failed at 101  side 2    Res =  0.1490E-02
 MRCHDU: Convergence failed at 107  side 2    Res =  0.3840E-04
 Side 1  free  transition at x/c =  0.5168   43
 Side 2  free  transition at x/c =  0.0327   15

 193   rms: 0.2228E+04   max: -.1958E+05   C at   84  2   RLX: 0.000
       a = -4.000      CL = -0.3763
      Cm =  0.1148     CD = 10.48595   =>   CDf =  0.00315    CDp = 10.48280

 MRCHDU: Convergence failed at 100  side 2    Res =  0.1251E-01
 MRCHDU: Convergence failed at 101  side 2    Res =  0.1555E-02
 MRCHDU: Convergence failed at 107  side 2    Res =  0.4038E-04
 Side 1  free  transition at x/c =  0.5167   43
 Side 2  free  transition at x/c =  0.0327   15

 194   rms: 0.1834E+04   max: 0.1870E+05   C at   84  2   RLX: 0.000
       a = -4.000      CL = -0.3764
      Cm =  0.1149     CD = 10.28097   =>   CDf =  0.00315    CDp = 10.27781

 MRCHDU: Convergence failed at 100  side 2    Res =  0.1222E-01
 MRCHDU: Convergence failed at 101  side 2    Res =  0.1490E-02
 MRCHDU: Convergence failed at 107  side 2    Res =  0.3894E-04
 Side 1  free  transition at x/c =  0.5168   43
 Side 2  free  transition at x/c =  0.0327   15

 195   rms: 0.3560E+03   max: -.2864E+04   C at   84  2   RLX: 0.000
       a = -4.000      CL = -0.3760
      Cm =  0.1148     CD = 10.48349   =>   CDf =  0.00315    CDp = 10.48033

 MRCHDU: Convergence failed at 100  side 2    Res =  0.1283E-01
 MRCHDU: Convergence failed at 101  side 2    Res =  0.1660E-02
 MRCHDU: Convergence failed at 107  side 2    Res =  0.4554E-04
 Side 1  free  transition at x/c =  0.5167   43
 Side 2  free  transition at x/c =  0.0327   15

 196   rms: 0.4759E+04   max: -.4263E+05   C at   84  2   RLX: 0.000
       a = -4.000      CL = -0.3759
      Cm =  0.1148     CD =  9.98955   =>   CDf =  0.00315    CDp =  9.98640

 MRCHDU: Convergence failed at 100  side 2    Res =  0.1255E-01
 MRCHDU: Convergence failed at 101  side 2    Res =  0.1722E-02
 MRCHDU: Convergence failed at 107  side 2    Res =  0.4800E-04
 Side 1  free  transition at x/c =  0.5167   43
 Side 2  free  transition at x/c =  0.0327   15

 197   rms: 0.1585E+04   max: 0.1660E+05   C at   84  2   RLX: 0.000
       a = -4.000      CL = -0.3760
      Cm =  0.1148     CD =  9.82077   =>   CDf =  0.00315    CDp =  9.81762

 MRCHDU: Convergence failed at 100  side 2    Res =  0.1246E-01
 MRCHDU: Convergence failed at 101  side 2    Res =  0.1661E-02
 MRCHDU: Convergence failed at 107  side 2    Res =  0.4615E-04
 Side 1  free  transition at x/c =  0.5167   43
 Side 2  free  transition at x/c =  0.0327   15

 198   rms: 0.4480E+03   max: -.3648E+04   C at   84  2   RLX: 0.000
       a = -4.000      CL = -0.3757
      Cm =  0.1147     CD =  9.98284   =>   CDf =  0.00315    CDp =  9.97968

 MRCHDU: Convergence failed at 100  side 2    Res =  0.1287E-01
 MRCHDU: Convergence failed at 101  side 2    Res =  0.1826E-02
 MRCHDU: Convergence failed at 107  side 2    Res =  0.5404E-04
 Side 1  free  transition at x/c =  0.5167   43
 Side 2  free  transition at x/c =  0.0327   15

 199   rms: 0.3494E+05   max: -.3187E+06   C at   84  2   RLX: 0.000
       a = -4.000      CL = -0.3756
      Cm =  0.1147     CD =  9.56281   =>   CDf =  0.00315    CDp =  9.55966

 MRCHDU: Convergence failed at 100  side 2    Res =  0.1255E-01
 MRCHDU: Convergence failed at 101  side 2    Res =  0.1887E-02
 MRCHDU: Convergence failed at 107  side 2    Res =  0.5684E-04
 Side 1  free  transition at x/c =  0.5167   43
Note: The following floating-point exceptions are signalling: IEEE_UNDERFLOW_FLAG IEEE_DENORMAL
 Side 2  free  transition at x/c =  0.0327   15

 200   rms: 0.1435E+04   max: 0.1542E+05   C at   84  2   RLX: 0.000
       a = -4.000      CL = -0.3756
      Cm =  0.1147     CD =  9.42075   =>   CDf =  0.00315    CDp =  9.41759

 MRCHDU: Convergence failed at 100  side 2    Res =  0.1262E-01
 MRCHDU: Convergence failed at 101  side 2    Res =  0.1828E-02
 MRCHDU: Convergence failed at 107  side 2    Res =  0.5470E-04
 Side 1  free  transition at x/c =  0.5167   43
 Side 2  free  transition at x/c =  0.0327   15

 201   rms: 0.5569E+03   max: -.4586E+04   C at   84  2   RLX: 0.000
       a = -4.000      CL = -0.3754
      Cm =  0.1146     CD =  9.55294   =>   CDf =  0.00315    CDp =  9.54979

 MRCHDU: Convergence failed at 100  side 2    Res =  0.1287E-01
 MRCHDU: Convergence failed at 101  side 2    Res =  0.1990E-02
 MRCHDU: Convergence failed at 107  side 2    Res =  0.6350E-04
 Side 1  free  transition at x/c =  0.5167   43
 Side 2  free  transition at x/c =  0.0327   15

 202   rms: 0.8951E+04   max: 0.8302E+05   C at   84  2   RLX: 0.000
       a = -4.000      CL = -0.3755
      Cm =  0.1147     CD =  9.18489   =>   CDf =  0.00315    CDp =  9.18174

 MRCHDU: Convergence failed at 100  side 2    Res =  0.1154E-01
 MRCHDU: Convergence failed at 101  side 2    Res =  0.1822E-02
 MRCHDU: Convergence failed at 107  side 2    Res =  0.5516E-04
 Side 1  free  transition at x/c =  0.5167   43
 Side 2  free  transition at x/c =  0.0327   15

 203   rms: 0.1702E+03   max: -.1312E+04   C at   84  2   RLX: 0.000
       a = -4.000      CL = -0.3748
      Cm =  0.1145     CD =  9.55815   =>   CDf =  0.00315    CDp =  9.55500

 MRCHDU: Convergence failed at 100  side 2    Res =  0.1362E-01
 MRCHDU: Convergence failed at 101  side 2    Res =  0.2214E-02
 MRCHDU: Convergence failed at 107  side 2    Res =  0.7904E-04
 Side 1  free  transition at x/c =  0.5167   43
 Side 2  free  transition at x/c =  0.0327   15

 204   rms: 0.8938E+03   max: -.7530E+04   C at   84  2   RLX: 0.000
       a = -4.000      CL = -0.3747
      Cm =  0.1145     CD =  8.72363   =>   CDf =  0.00315    CDp =  8.72048

 MRCHDU: Convergence failed at 100  side 2    Res =  0.1362E-01
 MRCHDU: Convergence failed at 101  side 2    Res =  0.2372E-02
 MRCHDU: Convergence failed at 107  side 2    Res =  0.8957E-04
 Side 1  free  transition at x/c =  0.5167   43
 Side 2  free  transition at x/c =  0.0327   15

 205   rms: 0.3019E+04   max: 0.2897E+05   C at   84  2   RLX: 0.000
       a = -4.000      CL = -0.3748
      Cm =  0.1145     CD =  8.44687   =>   CDf =  0.00315    CDp =  8.44372
 VISCAL:  Convergence failed
      9.000    4.6445   8.446870   0.001251   0.001396   0.000145    0.5167     #

 Sequence halted since previous  4 points did not converge
 Last-converged  alpha =   3.000    CL =   0.27715

.OPERva   c>  
 Polar accumulation disabled

.OPERv   c>  
 XFOIL   c>  