
 ===================================================
  XFOIL Version 6.99
  Copyright (C) 2000   Mark Drela, Harold Youngren

  This software comes with ABSOLUTELY NO WARRANTY,
    subject to the GNU General Public License.

  Caveat computor
 ===================================================

 File  xfoil.def  not found

   QUIT    Exit program

  .OPER    Direct operating point(s)
  .MDES    Complex mapping design routine
  .QDES    Surface speed design routine
  .GDES    Geometry design routine

   SAVE f  Write airfoil to labeled coordinate file
   PSAV f  Write airfoil to plain coordinate file
   ISAV f  Write airfoil to ISES coordinate file
   MSAV f  Write airfoil to MSES coordinate file
   REVE    Reverse written-airfoil node ordering
   DELI i  Change written-airfoil file delimiters

   LOAD f  Read buffer airfoil from coordinate file
   NACA i  Set NACA 4,5-digit airfoil and buffer airfoil
   INTE    Set buffer airfoil by interpolating two airfoils
   NORM    Buffer airfoil normalization toggle
   HALF    Halve the number of points in buffer airfoil
   XYCM rr Change CM reference location, currently  0.25000 0.00000

   BEND    Display structural properties of current airfoil

   PCOP    Set current-airfoil panel nodes directly from buffer airfoil points
   PANE    Set current-airfoil panel nodes ( 160 ) based on curvature
  .PPAR    Show/change paneling

  .PLOP    Plotting options

   WDEF f  Write  current-settings file
   RDEF f  Reread current-settings file
   NAME s  Specify new airfoil name
   NINC    Increment name version number

   Z       Zoom    | (available in all menus)
   U       Unzoom  | 

 XFOIL   c>  
 XFOIL   c>  
 Labeled airfoil file.  Name:  NACA M7 AIRFOIL                                 

 Number of input coordinate points:  31
 Counterclockwise ordering
 Max thickness =     0.061901  at x =   0.400
 Max camber    =     0.047865  at x =   0.300

  LE  x,y  =  -0.00098   0.00210  |   Chord =   1.00098
  TE  x,y  =   1.00000   0.00235  |

 Current airfoil nodes set from buffer airfoil nodes (  31 )

 WARNING: Poor input coordinate distribution
          Excessive panel angle   59.1  at i =  16
          Repaneling with PANE and/or PPAR suggested
           (doing GDES,CADD before repaneling _may_
            improve excessively coarse LE spacing

 XFOIL   c>  
 Blunt trailing edge.  Gap =  0.00470

 Paneling parameters used...
   Number of panel nodes       160
   Panel bunching parameter    1.000
   TE/LE panel density ratio   0.150
   Refined-area/LE panel density ratio    0.200
   Top    side refined area x/c limits  1.000 1.000
   Bottom side refined area x/c limits  1.000 1.000

 XFOIL   c>  
.OPERi   c>  
 M  =    0.0000
 Re =  0.1000E+07

.OPERv   c>  
.OPERv   c>  
 Xtr/c     =  1.0000    top    side
 Xtr/c     =  1.0000    bottom side
 NcritT    =    9.00   ( 0.070 % turb. level )
 NcritB    =    9.00   ( 0.070 % turb. level )
 Vacc      =  0.0100
 WakeL/c   =   1.000

 Klag  =  5.6000     Uxwt  =    1.00       Kdl =  0.9000
 A     =  6.7000     B     =  0.7500       KCt = 0.01485
 CtiniK=  1.8000     CtiniX=  3.3000

..VPAR   c>  
..VPAR   c>  
.OPERv   c>  
.OPERv   c>  
 Polar  1 newly created for accumulation
 Airfoil archived with polar: NACA M7 AIRFOIL                                 

Enter  polar save filename  OR  <return> for no file   s>  
 New polar save file available

Enter  polar dump filename  OR  <return> for no file   s>  
 Polar dump file will NOT be written

 Polar accumulation enabled

.OPERva   c>   Calculating unit vorticity distributions ...
 Calculating wake trajectory ...
 Calculating source influence matrix ...

 Solving BL system ...

 Initializing BL ...
    side            1  ...
 MRCHUE: Inverse mode at  35     Hk =   4.425
 MRCHUE: Inverse mode at  36     Hk =   5.491
 MRCHUE: Inverse mode at  37     Hk =   6.535
 MRCHUE: Inverse mode at  38     Hk =   7.563
 MRCHUE: Inverse mode at  39     Hk =   7.468
 MRCHUE: Inverse mode at  40     Hk =   3.049
    side            2  ...
 MRCHUE: Inverse mode at  10     Hk =   4.706
 MRCHUE: Convergence failed at  11  side 2    Res =  0.4617E+01
 MRCHUE: Convergence failed at  12  side 2    Res =  0.5381E+01
 MRCHUE: Inverse mode at  13     Hk =   5.667
 MRCHUE: Inverse mode at  14     Hk =   2.500

 MRCHDU: Convergence failed at  11  side 2    Res =  0.1981E+01
 MRCHDU: Convergence failed at  12  side 2    Res =  0.8625E+01
 MRCHDU: Convergence failed at  13  side 2    Res =  0.1768E+02
 MRCHDU: Convergence failed at  14  side 2    Res =  0.7601E+01
 MRCHDU: Convergence failed at  15  side 2    Res =  0.7230E+01
 MRCHDU: Convergence failed at  16  side 2    Res =  0.1407E+02
 MRCHDU: Convergence failed at  17  side 2    Res =  0.2421E+03
 MRCHDU: Convergence failed at  18  side 2    Res =  0.1101E+04
 MRCHDU: Convergence failed at  19  side 2    Res =  0.6378E+02
 MRCHDU: Convergence failed at  20  side 2    Res =  0.9136E+02
 MRCHDU: Convergence failed at  21  side 2    Res =  0.7984E+02
 MRCHDU: Convergence failed at  22  side 2    Res =  0.1985E+04
 MRCHDU: Convergence failed at  23  side 2    Res =  0.2000E+02
 MRCHDU: Convergence failed at  24  side 2    Res =  0.3529E+02
 MRCHDU: Convergence failed at  25  side 2    Res =  0.5479E+02
 MRCHDU: Convergence failed at  26  side 2    Res =  0.6102E+02
 MRCHDU: Convergence failed at  27  side 2    Res =  0.5832E+02
 MRCHDU: Convergence failed at  28  side 2    Res =  0.5490E+02
 MRCHDU: Convergence failed at  29  side 2    Res =  0.5980E+02
 MRCHDU: Convergence failed at  30  side 2    Res =  0.7255E+02
 MRCHDU: Convergence failed at  31  side 2    Res =  0.9019E+02
 MRCHDU: Convergence failed at  32  side 2    Res =  0.1130E+03
 MRCHDU: Convergence failed at  33  side 2    Res =  0.1499E+03
 MRCHDU: Convergence failed at  34  side 2    Res =  0.2134E+03
 MRCHDU: Convergence failed at  35  side 2    Res =  0.2107E+02
 MRCHDU: Convergence failed at  36  side 2    Res =  0.2100E+02
 MRCHDU: Convergence failed at  37  side 2    Res =  0.2115E+02
 MRCHDU: Convergence failed at  38  side 2    Res =  0.2145E+02
 MRCHDU: Convergence failed at  39  side 2    Res =  0.1956E+03
 MRCHDU: Convergence failed at  40  side 2    Res =  0.2822E+02
 MRCHDU: Convergence failed at  41  side 2    Res =  0.2921E+02
 MRCHDU: Convergence failed at  42  side 2    Res =  0.2996E+02
 MRCHDU: Convergence failed at  43  side 2    Res =  0.3041E+02
 MRCHDU: Convergence failed at  44  side 2    Res =  0.3075E+02
 MRCHDU: Convergence failed at  45  side 2    Res =  0.3106E+02
 MRCHDU: Convergence failed at  46  side 2    Res =  0.3140E+02
 MRCHDU: Convergence failed at  47  side 2    Res =  0.3183E+02
 MRCHDU: Convergence failed at  48  side 2    Res =  0.3243E+02
 MRCHDU: Convergence failed at  49  side 2    Res =  0.3341E+02
 MRCHDU: Convergence failed at  50  side 2    Res =  0.3472E+02
 MRCHDU: Convergence failed at  51  side 2    Res =  0.3628E+02
 MRCHDU: Convergence failed at  52  side 2    Res =  0.2879E+02
 MRCHDU: Convergence failed at  53  side 2    Res =  0.2994E+02
 MRCHDU: Convergence failed at  54  side 2    Res =  0.3120E+02
 MRCHDU: Convergence failed at  55  side 2    Res =  0.3253E+02
 MRCHDU: Convergence failed at  56  side 2    Res =  0.3384E+02
 MRCHDU: Convergence failed at  57  side 2    Res =  0.3519E+02
 MRCHDU: Convergence failed at  58  side 2    Res =  0.3659E+02
 MRCHDU: Convergence failed at  59  side 2    Res =  0.5435E+02
 MRCHDU: Convergence failed at  60  side 2    Res =  0.5687E+02
 MRCHDU: Convergence failed at  61  side 2    Res =  0.5936E+02
 MRCHDU: Convergence failed at  62  side 2    Res =  0.6193E+02
 MRCHDU: Convergence failed at  63  side 2    Res =  0.6462E+02
 MRCHDU: Convergence failed at  64  side 2    Res =  0.6716E+02
 MRCHDU: Convergence failed at  65  side 2    Res =  0.6955E+02
 MRCHDU: Convergence failed at  66  side 2    Res =  0.7183E+02
 MRCHDU: Convergence failed at  67  side 2    Res =  0.7400E+02
 MRCHDU: Convergence failed at  68  side 2    Res =  0.7607E+02
 MRCHDU: Convergence failed at  69  side 2    Res =  0.7775E+02
 MRCHDU: Convergence failed at  70  side 2    Res =  0.7776E+02
 MRCHDU: Convergence failed at  71  side 2    Res =  0.7155E+02
 MRCHDU: Convergence failed at  72  side 2    Res =  0.6498E+02
 MRCHDU: Convergence failed at  73  side 2    Res =  0.5950E+02
 MRCHDU: Convergence failed at  74  side 2    Res =  0.5506E+02
 MRCHDU: Convergence failed at  75  side 2    Res =  0.5148E+02
 MRCHDU: Convergence failed at  76  side 2    Res =  0.4543E+02
 MRCHDU: Convergence failed at  77  side 2    Res =  0.3813E+02
 MRCHDU: Convergence failed at  78  side 2    Res =  0.7728E+02
 MRCHDU: Convergence failed at  79  side 2    Res =  0.1255E+03
 MRCHDU: Convergence failed at  80  side 2    Res =  0.3268E+03
 MRCHDU: Convergence failed at  81  side 2    Res =  0.2087E+04
 MRCHDU: Convergence failed at  82  side 2    Res =  0.5102E+03
 MRCHDU: Convergence failed at  83  side 2    Res =  0.1586E+02
 MRCHDU: Convergence failed at  84  side 2    Res =  0.9821E+04
 MRCHDU: Convergence failed at  85  side 2    Res =  0.3636E+02
 Side 1  free  transition at x/c =  0.4836   39
 Side 2  free  transition at x/c =  0.0086   13

   1   rms: 0.1886E+01   max: 0.6146E+01   C at   13  2   RLX: 0.244
       a =  0.000      CL = -2.9423
      Cm =  0.7849     CD =  0.00444   =>   CDf =  0.00241    CDp =  0.00203

 Side 1  free  transition at x/c =  0.4883   41
 Side 2  free  transition at x/c =  0.0090   13

   2   rms: 0.2808E+01   max: 0.3189E+02   D at   12  2   RLX: 0.047
       a =  0.000      CL = -2.7172
      Cm =  0.7291     CD =  0.00645   =>   CDf =  0.01765    CDp = -0.01120

 Side 1  free  transition at x/c =  0.4876   41
 Side 2  free  transition at x/c =  0.0078   12

   3   rms: 0.1289E+01   max: 0.6095E+01   D at   13  2   RLX: 0.173
       a =  0.000      CL = -2.0805
      Cm =  0.5719     CD =  0.00690   =>   CDf =  0.01664    CDp = -0.00974

 Side 1  free  transition at x/c =  0.4911   41
 Side 2  free  transition at x/c =  0.0084   12

   4   rms: 0.3035E+01   max: -.5323E+02   T at   12  2   RLX: 0.009
       a =  0.000      CL = -2.0550
      Cm =  0.5649     CD =  0.00705   =>   CDf =  0.01436    CDp = -0.00730

 Side 1  free  transition at x/c =  0.4913   41
 Side 2  free  transition at x/c =  0.0083   12

   5   rms: 0.1084E+01   max: -.8113E+00   U at   84  2   RLX: 0.225
       a =  0.000      CL = -1.4455
      Cm =  0.4120     CD =  0.00745   =>   CDf =  0.01411    CDp = -0.00667

 Side 1  free  transition at x/c =  0.4961   41
 Side 2  free  transition at x/c =  0.0084   12

   6   rms: 0.8863E+00   max: -.6285E+00   U at   84  2   RLX: 0.309
       a =  0.000      CL = -0.8651
      Cm =  0.2659     CD =  0.00847   =>   CDf =  0.01190    CDp = -0.00343

 Side 1  free  transition at x/c =  0.5021   42
 Side 2  free  transition at x/c =  0.0085   12

   7   rms: 0.6564E+00   max: -.4349E+00   U at   84  2   RLX: 0.480
       a =  0.000      CL = -0.3203
      Cm =  0.1282     CD =  0.01016   =>   CDf =  0.00983    CDp =  0.00033

 Side 1  free  transition at x/c =  0.5136   42
 Side 2  free  transition at x/c =  0.0087   12

   8   rms: 0.3754E+00   max: 0.3138E+00   D at  106  2
       a =  0.000      CL =  0.1747
      Cm =  0.0020     CD =  0.01475   =>   CDf =  0.00761    CDp =  0.00713

 Side 1  free  transition at x/c =  0.5255   43
 Side 2  free  transition at x/c =  0.0088   12

   9   rms: 0.6094E-01   max: -.3037E+00   D at   26  2
       a =  0.000      CL =  0.1763
      Cm =  0.0018     CD =  0.01597   =>   CDf =  0.00527    CDp =  0.01071

 MRCHDU: Convergence failed at  14  side 2    Res =  0.1337E+02
 MRCHDU: Convergence failed at  15  side 2    Res =  0.3105E+02
 MRCHDU: Convergence failed at  16  side 2    Res =  0.1009E+03
 MRCHDU: Convergence failed at  17  side 2    Res =  0.2959E+03
 MRCHDU: Convergence failed at  18  side 2    Res =  0.1669E+03
 MRCHDU: Convergence failed at  19  side 2    Res =  0.2827E+03
 MRCHDU: Convergence failed at  20  side 2    Res =  0.5043E+03
 MRCHDU: Convergence failed at  21  side 2    Res =  0.1067E+03
 MRCHDU: Convergence failed at  22  side 2    Res =  0.5269E+03
 MRCHDU: Convergence failed at  23  side 2    Res =  0.3608E+03
 MRCHDU: Convergence failed at  24  side 2    Res =  0.4124E+03
 MRCHDU: Convergence failed at  25  side 2    Res =  0.6323E+03
 MRCHDU: Convergence failed at  26  side 2    Res =  0.1108E+04
 MRCHDU: Convergence failed at  27  side 2    Res =  0.1088E+04
 MRCHDU: Convergence failed at  28  side 2    Res =  0.1938E+04
 MRCHDU: Convergence failed at  29  side 2    Res =  0.1206E+04
 MRCHDU: Convergence failed at  30  side 2    Res =  0.9584E+03
 MRCHDU: Convergence failed at  31  side 2    Res =  0.8256E+03
 MRCHDU: Convergence failed at  32  side 2    Res =  0.7099E+03
 MRCHDU: Convergence failed at  33  side 2    Res =  0.7158E+03
 MRCHDU: Convergence failed at  34  side 2    Res =  0.7167E+03
 MRCHDU: Convergence failed at  35  side 2    Res =  0.7018E+03
 MRCHDU: Convergence failed at  36  side 2    Res =  0.6746E+03
 MRCHDU: Convergence failed at  37  side 2    Res =  0.6403E+03
 MRCHDU: Convergence failed at  38  side 2    Res =  0.2864E+03
 MRCHDU: Convergence failed at  39  side 2    Res =  0.2595E+03
 MRCHDU: Convergence failed at  40  side 2    Res =  0.2351E+03
 MRCHDU: Convergence failed at  41  side 2    Res =  0.2195E+03
 MRCHDU: Convergence failed at  42  side 2    Res =  0.2125E+03
 MRCHDU: Convergence failed at  43  side 2    Res =  0.2071E+03
 MRCHDU: Convergence failed at  44  side 2    Res =  0.2019E+03
 MRCHDU: Convergence failed at  45  side 2    Res =  0.1968E+03
 MRCHDU: Convergence failed at  46  side 2    Res =  0.1916E+03
 MRCHDU: Convergence failed at  47  side 2    Res =  0.1502E+03
 MRCHDU: Convergence failed at  48  side 2    Res =  0.1461E+03
 MRCHDU: Convergence failed at  49  side 2    Res =  0.1425E+03
 MRCHDU: Convergence failed at  50  side 2    Res =  0.1386E+03
 MRCHDU: Convergence failed at  51  side 2    Res =  0.1347E+03
 MRCHDU: Convergence failed at  52  side 2    Res =  0.1309E+03
 MRCHDU: Convergence failed at  53  side 2    Res =  0.1271E+03
 MRCHDU: Convergence failed at  54  side 2    Res =  0.1335E+03
 MRCHDU: Convergence failed at  55  side 2    Res =  0.1394E+03
 MRCHDU: Convergence failed at  56  side 2    Res =  0.1403E+03
 MRCHDU: Convergence failed at  57  side 2    Res =  0.1512E+03
 MRCHDU: Convergence failed at  58  side 2    Res =  0.1549E+03
 MRCHDU: Convergence failed at  59  side 2    Res =  0.1582E+03
 MRCHDU: Convergence failed at  60  side 2    Res =  0.1612E+03
 MRCHDU: Convergence failed at  61  side 2    Res =  0.1638E+03
 MRCHDU: Convergence failed at  62  side 2    Res =  0.1659E+03
 MRCHDU: Convergence failed at  63  side 2    Res =  0.1675E+03
 MRCHDU: Convergence failed at  64  side 2    Res =  0.1685E+03
 MRCHDU: Convergence failed at  65  side 2    Res =  0.1690E+03
 MRCHDU: Convergence failed at  66  side 2    Res =  0.1690E+03
 MRCHDU: Convergence failed at  67  side 2    Res =  0.1684E+03
 MRCHDU: Convergence failed at  68  side 2    Res =  0.1673E+03
 MRCHDU: Convergence failed at  69  side 2    Res =  0.1655E+03
 MRCHDU: Convergence failed at  70  side 2    Res =  0.1623E+03
 MRCHDU: Convergence failed at  71  side 2    Res =  0.1587E+03
 MRCHDU: Convergence failed at  72  side 2    Res =  0.1549E+03
 MRCHDU: Convergence failed at  73  side 2    Res =  0.1510E+03
 MRCHDU: Convergence failed at  74  side 2    Res =  0.1391E+03
 MRCHDU: Convergence failed at  75  side 2    Res =  0.1291E+03
 MRCHDU: Convergence failed at  76  side 2    Res =  0.1697E+04
 MRCHDU: Convergence failed at  77  side 2    Res =  0.1193E+03
 MRCHDU: Convergence failed at  78  side 2    Res =  0.1142E+03
 MRCHDU: Convergence failed at  79  side 2    Res =  0.1199E+03
 MRCHDU: Convergence failed at  80  side 2    Res =  0.1262E+03
 MRCHDU: Convergence failed at  81  side 2    Res =  0.1329E+03
 MRCHDU: Convergence failed at  82  side 2    Res =  0.1433E+03
 MRCHDU: Convergence failed at  83  side 2    Res =  0.1562E+03
 MRCHDU: Convergence failed at  84  side 2    Res =  0.2008E+03
 Side 1  free  transition at x/c =  0.5233   43
 Side 2  free  transition at x/c =  0.0195   14

  10   rms: 0.1121E+01   max: 0.3995E+01   D at   87  2   RLX: 0.376
       a =  0.000      CL = -0.5177
      Cm =  0.1786     CD =  0.00637   =>   CDf =  0.00246    CDp =  0.00391

 Side 1  free  transition at x/c =  0.5174   44
 Side 2  free  transition at x/c =  0.0149   12

  11   rms: 0.5238E+03   max: 0.3671E+04   T at   14  2   RLX: 0.000
       a =  0.000      CL = -0.2271
      Cm =  0.0936     CD =  0.12482   =>   CDf =  0.00292    CDp =  0.12190

 Side 1  free  transition at x/c =  0.5119   43
 Side 2  free  transition at x/c =  0.0149   12

  12   rms: 0.3898E+01   max: -.1943E+02   T at   14  2   RLX: 0.026
       a =  0.000      CL = -0.2931
      Cm =  0.1080     CD =  0.09996   =>   CDf =  0.00297    CDp =  0.09699

 Side 1  free  transition at x/c =  0.5175   43
 Side 2  free  transition at x/c =  0.0145   13

  13   rms: 0.1527E+01   max: -.1536E+02   T at   15  2   RLX: 0.033
       a =  0.000      CL = -0.3228
      Cm =  0.1130     CD =  0.09520   =>   CDf =  0.00293    CDp =  0.09228

 Side 1  free  transition at x/c =  0.5187   43
 Side 2  free  transition at x/c =  0.0141   13

  14   rms: 0.1150E+01   max: -.1626E+02   T at   14  2   RLX: 0.031
       a =  0.000      CL = -0.3407
      Cm =  0.1169     CD =  0.09821   =>   CDf =  0.00292    CDp =  0.09529

 Side 1  free  transition at x/c =  0.5198   43
 Side 2  free  transition at x/c =  0.0134   13

  15   rms: 0.9068E+00   max: -.1002E+02   T at   14  2   RLX: 0.050
       a =  0.000      CL = -0.3403
      Cm =  0.1162     CD =  0.09602   =>   CDf =  0.00292    CDp =  0.09310

 Side 1  free  transition at x/c =  0.5218   43
 Side 2  free  transition at x/c =  0.0122   13

  16   rms: 0.8223E+00   max: 0.6252E+01   T at   13  2   RLX: 0.159
       a =  0.000      CL = -0.3014
      Cm =  0.1036     CD =  0.06908   =>   CDf =  0.00292    CDp =  0.06616

 Side 1  free  transition at x/c =  0.5270   43
 Side 2  free  transition at x/c =  0.0098   13

  17   rms: 0.7838E+00   max: -.3078E+01   C at  106  2   RLX: 0.162
       a =  0.000      CL = -0.2388
      Cm =  0.0853     CD =  0.07376   =>   CDf =  0.00295    CDp =  0.07081

 Side 1  free  transition at x/c =  0.5294   43
 Side 2  free  transition at x/c =  0.0092   13

  18   rms: 0.8021E+00   max: 0.6067E+01   T at   14  2   RLX: 0.166
       a =  0.000      CL = -0.2043
      Cm =  0.0748     CD =  0.07698   =>   CDf =  0.00300    CDp =  0.07398

 Side 1  free  transition at x/c =  0.5325   44
 Side 2  free  transition at x/c =  0.0089   12

  19   rms: 0.8979E+00   max: -.3445E+01   C at  107  2   RLX: 0.145
       a =  0.000      CL = -0.3211
      Cm =  0.1053     CD =  0.09359   =>   CDf =  0.00300    CDp =  0.09059

 Side 1  free  transition at x/c =  0.5366   44
 Side 2  free  transition at x/c =  0.0088   12

  20   rms: 0.7822E+00   max: -.3057E+01   C at   99  2   RLX: 0.164
       a =  0.000      CL = -0.2750
      Cm =  0.0916     CD =  0.09097   =>   CDf =  0.00301    CDp =  0.08796

 Side 1  free  transition at x/c =  0.5389   44
 Side 2  free  transition at x/c =  0.0088   12

  21   rms: 0.7418E+00   max: -.3069E+01   C at   99  2   RLX: 0.163
       a =  0.000      CL = -0.2166
      Cm =  0.0762     CD =  0.09534   =>   CDf =  0.00302    CDp =  0.09231

 Side 1  free  transition at x/c =  0.5399   44
 Side 2  free  transition at x/c =  0.0088   12

  22   rms: 0.6978E+00   max: -.2916E+01   C at  100  2   RLX: 0.171
       a =  0.000      CL = -0.1625
      Cm =  0.0619     CD =  0.09815   =>   CDf =  0.00304    CDp =  0.09511

 Side 1  free  transition at x/c =  0.5405   44
 Side 2  free  transition at x/c =  0.0088   12

  23   rms: 0.6708E+00   max: -.2793E+01   C at  100  2   RLX: 0.179
       a =  0.000      CL = -0.1072
      Cm =  0.0478     CD =  0.09797   =>   CDf =  0.00304    CDp =  0.09492

 Side 1  free  transition at x/c =  0.5398   44
 Side 2  free  transition at x/c =  0.0088   12

  24   rms: 0.6041E+00   max: -.2489E+01   C at  101  2   RLX: 0.201
       a =  0.000      CL = -0.0602
      Cm =  0.0347     CD =  0.09863   =>   CDf =  0.00304    CDp =  0.09559

 Side 1  free  transition at x/c =  0.5389   44
 Side 2  free  transition at x/c =  0.0088   12

  25   rms: 0.5617E+00   max: -.2324E+01   C at  101  2   RLX: 0.215
       a =  0.000      CL = -0.0188
      Cm =  0.0226     CD =  0.09762   =>   CDf =  0.00303    CDp =  0.09459

 Side 1  free  transition at x/c =  0.5378   44
 Side 2  free  transition at x/c =  0.0088   12

  26   rms: 0.5478E+00   max: -.2070E+01   C at  101  2   RLX: 0.242
       a =  0.000      CL = -0.0406
      Cm =  0.0216     CD =  0.09462   =>   CDf =  0.00301    CDp =  0.09161

 MRCHDU: Convergence failed at 103  side 2    Res =  0.6709E+00
 Side 1  free  transition at x/c =  0.5383   44
 Side 2  free  transition at x/c =  0.0079   12

  27   rms: 0.6291E+00   max: -.2480E+01   D at  103  2   RLX: 0.202
       a =  0.000      CL = -0.0423
      Cm =  0.0134     CD =  0.05286   =>   CDf =  0.00296    CDp =  0.04991

 Side 1  free  transition at x/c =  0.5389   44
 Side 2  free  transition at x/c =  0.0073   12

  28   rms: 0.5341E+00   max: -.1989E+01   C at  104  2   RLX: 0.251
       a =  0.000      CL =  0.0082
      Cm = -0.0018     CD =  0.03836   =>   CDf =  0.00291    CDp =  0.03545

 MRCHDU: Convergence failed at  86  side 2    Res =  0.2394E-01
 Side 1  free  transition at x/c =  0.5362   44
 Side 2  free  transition at x/c =  0.0076   12

  29   rms: 0.5257E+00   max: -.1879E+01   D at   89  2   RLX: 0.266
       a =  0.000      CL =  0.0302
      Cm = -0.0140     CD =  0.03336   =>   CDf =  0.00288    CDp =  0.03047

 MRCHDU: Convergence failed at  86  side 2    Res =  0.1081E+00
 MRCHDU: Convergence failed at  87  side 2    Res =  0.9304E+02
 MRCHDU: Convergence failed at  88  side 2    Res =  0.8748E+02
 Side 1  free  transition at x/c =  0.5352   44
 Side 2  free  transition at x/c =  0.0073   12

  30   rms: 0.5706E+00   max: -.2610E+01   D at   89  2   RLX: 0.192
       a =  0.000      CL =  0.0419
      Cm = -0.0246     CD =  0.03835   =>   CDf =  0.00284    CDp =  0.03551

 MRCHDU: Convergence failed at  89  side 2    Res =  0.5850E-01
 Side 1  free  transition at x/c =  0.5350   44
 Side 2  free  transition at x/c =  0.0070   12

  31   rms: 0.7346E+00   max: -.4422E+01   D at   89  2   RLX: 0.113
       a =  0.000      CL =  0.0330
      Cm = -0.0286     CD =  0.03732   =>   CDf =  0.00280    CDp =  0.03451

 MRCHDU: Convergence failed at  89  side 2    Res =  0.1986E+00
 Side 1  free  transition at x/c =  0.5356   44
 Side 2  free  transition at x/c =  0.0066   12

  32   rms: 0.8479E+00   max: -.5429E+01   D at   90  2   RLX: 0.092
       a =  0.000      CL = -0.0015
      Cm = -0.0268     CD =  0.04246   =>   CDf =  0.00278    CDp =  0.03968

 MRCHDU: Convergence failed at  91  side 2    Res =  0.6795E-01
 Side 1  free  transition at x/c =  0.5372   43
 Side 2  free  transition at x/c =  0.0062   13

  33   rms: 0.2208E+03   max: 0.9937E+03   D at   95  2   RLX: 0.000
       a =  0.000      CL =  0.0391
      Cm = -0.0337     CD =  0.04940   =>   CDf =  0.00273    CDp =  0.04667

 Side 1  free  transition at x/c =  0.5346   44
 Side 2  free  transition at x/c =  0.0066   12

  34   rms: 0.7573E+00   max: -.4274E+01   D at   90  2   RLX: 0.117
       a =  0.000      CL =  0.0077
      Cm = -0.0334     CD =  0.03935   =>   CDf =  0.00277    CDp =  0.03658

 MRCHDU: Convergence failed at  91  side 2    Res =  0.4914E-01
 Side 1  free  transition at x/c =  0.5357   43
 Side 2  free  transition at x/c =  0.0062   13

  35   rms: 0.1760E+01   max: -.1227E+02   D at   91  2   RLX: 0.041
       a =  0.000      CL = -0.0252
      Cm = -0.0321     CD =  0.03644   =>   CDf =  0.00273    CDp =  0.03371

 MRCHDU: Convergence failed at  91  side 2    Res =  0.2610E+00
 MRCHDU: Convergence failed at  92  side 2    Res =  0.4103E+02
 MRCHDU: Convergence failed at  93  side 2    Res =  0.9211E+02
 MRCHDU: Convergence failed at  94  side 2    Res =  0.5264E+03
 Side 1  free  transition at x/c =  0.5374   43
 Side 2  free  transition at x/c =  0.0060   13

  36   rms: 0.9775E+00   max: 0.3464E+01   T at   13  2   RLX: 0.152
       a =  0.000      CL = -0.0466
      Cm = -0.0431     CD =  0.03987   =>   CDf =  0.00271    CDp =  0.03716

 MRCHDU: Convergence failed at  42  side 2    Res =  0.9342E+00
 MRCHDU: Convergence failed at  43  side 2    Res =  0.1722E+01
 MRCHDU: Convergence failed at  44  side 2    Res =  0.4359E+01
 MRCHDU: Convergence failed at  45  side 2    Res =  0.3819E+02
 MRCHDU: Convergence failed at  46  side 2    Res =  0.9269E+01
 MRCHDU: Convergence failed at  47  side 2    Res =  0.6439E+01
 MRCHDU: Convergence failed at  48  side 2    Res =  0.4518E+01
 MRCHDU: Convergence failed at  49  side 2    Res =  0.3410E+01
 MRCHDU: Convergence failed at  50  side 2    Res =  0.2872E+01
 MRCHDU: Convergence failed at  51  side 2    Res =  0.2600E+01
 MRCHDU: Convergence failed at  52  side 2    Res =  0.2465E+01
 MRCHDU: Convergence failed at  53  side 2    Res =  0.2414E+01
 MRCHDU: Convergence failed at  54  side 2    Res =  0.2481E+01
 MRCHDU: Convergence failed at  55  side 2    Res =  0.2493E+01
 MRCHDU: Convergence failed at  56  side 2    Res =  0.2586E+01
 MRCHDU: Convergence failed at  57  side 2    Res =  0.2817E+01
 MRCHDU: Convergence failed at  58  side 2    Res =  0.3169E+01
 MRCHDU: Convergence failed at  59  side 2    Res =  0.3833E+01
 MRCHDU: Convergence failed at  60  side 2    Res =  0.4975E+01
 MRCHDU: Convergence failed at  61  side 2    Res =  0.8604E+01
 MRCHDU: Convergence failed at  62  side 2    Res =  0.1862E+03
 MRCHDU: Convergence failed at  63  side 2    Res =  0.8184E+01
 MRCHDU: Convergence failed at  64  side 2    Res =  0.3502E+01
 MRCHDU: Convergence failed at  65  side 2    Res =  0.2389E+01
 MRCHDU: Convergence failed at  66  side 2    Res =  0.2484E+01
 MRCHDU: Convergence failed at  67  side 2    Res =  0.5382E+01
 MRCHDU: Convergence failed at  68  side 2    Res =  0.6607E+01
 MRCHDU: Convergence failed at  69  side 2    Res =  0.4846E+01
 MRCHDU: Convergence failed at  70  side 2    Res =  0.3261E+01
 MRCHDU: Convergence failed at  71  side 2    Res =  0.2242E+01
 MRCHDU: Convergence failed at  72  side 2    Res =  0.2402E+01
 MRCHDU: Convergence failed at  73  side 2    Res =  0.3238E+01
 MRCHDU: Convergence failed at  74  side 2    Res =  0.1245E+02
 MRCHDU: Convergence failed at  75  side 2    Res =  0.5813E+01
 MRCHDU: Convergence failed at  76  side 2    Res =  0.2470E+01
 MRCHDU: Convergence failed at  77  side 2    Res =  0.1976E+01
 MRCHDU: Convergence failed at  78  side 2    Res =  0.3327E+01
 MRCHDU: Convergence failed at  79  side 2    Res =  0.1694E+02
 MRCHDU: Convergence failed at  80  side 2    Res =  0.3048E+01
 MRCHDU: Convergence failed at  81  side 2    Res =  0.1324E+01
 Side 1  free  transition at x/c =  0.5384   43
 Side 2  free  transition at x/c =  0.0057   13

  37   rms: 0.5307E+00   max: -.3232E+01   D at   82  2   RLX: 0.155
       a =  0.000      CL = -0.2443
      Cm =  0.0442     CD =  0.04428   =>   CDf =  0.00278    CDp =  0.04151

 Side 1  free  transition at x/c =  0.5390   43
 Side 2  free  transition at x/c =  0.0057   13

  38   rms: 0.3250E+00   max: -.1056E+01   D at   81  2   RLX: 0.474
       a =  0.000      CL = -0.1784
      Cm =  0.0501     CD =  0.03509   =>   CDf =  0.00370    CDp =  0.03139

 MRCHDU: Convergence failed at  15  side 2    Res =  0.2890E+02
 MRCHDU: Convergence failed at  18  side 2    Res =  0.3296E+00
 MRCHDU: Convergence failed at  83  side 2    Res =  0.9233E+00
 MRCHDU: Convergence failed at  84  side 2    Res =  0.5837E+00
 Side 1  free  transition at x/c =  0.5380   43
 Side 2  free  transition at x/c =  0.0057   12

  39   rms: 0.5238E+00   max: 0.4401E+01   D at   14  2   RLX: 0.341
       a =  0.000      CL = -0.1020
      Cm =  0.0556     CD =  0.00594   =>   CDf =  0.00712    CDp = -0.00118

 Side 1  free  transition at x/c =  0.5353   43
 Side 2  free  transition at x/c =  0.0058   13

  40   rms: 0.4761E+00   max: -.1708E+01   D at   16  2   RLX: 0.293
       a =  0.000      CL = -0.0376
      Cm =  0.0447     CD =  0.00665   =>   CDf =  0.00675    CDp = -0.00010

 MRCHDU: Convergence failed at  14  side 2    Res =  0.1729E+02
 MRCHDU: Convergence failed at  15  side 2    Res =  0.5181E+02
 MRCHDU: Convergence failed at  16  side 2    Res =  0.2029E+04
 MRCHDU: Convergence failed at  17  side 2    Res =  0.1715E+03
 MRCHDU: Convergence failed at  18  side 2    Res =  0.1004E+03
 MRCHDU: Convergence failed at  19  side 2    Res =  0.1218E+03
 MRCHDU: Convergence failed at  20  side 2    Res =  0.1784E+03
 MRCHDU: Convergence failed at  21  side 2    Res =  0.1866E+03
 MRCHDU: Convergence failed at  22  side 2    Res =  0.1255E+03
 MRCHDU: Convergence failed at  23  side 2    Res =  0.1584E+03
 MRCHDU: Convergence failed at  24  side 2    Res =  0.2483E+03
 MRCHDU: Convergence failed at  25  side 2    Res =  0.2839E+03
 MRCHDU: Convergence failed at  26  side 2    Res =  0.3410E+03
 MRCHDU: Convergence failed at  27  side 2    Res =  0.5277E+03
 MRCHDU: Convergence failed at  28  side 2    Res =  0.6886E+03
 MRCHDU: Convergence failed at  29  side 2    Res =  0.6285E+03
 MRCHDU: Convergence failed at  30  side 2    Res =  0.7588E+03
 MRCHDU: Convergence failed at  31  side 2    Res =  0.9571E+03
 MRCHDU: Convergence failed at  32  side 2    Res =  0.8772E+03
 MRCHDU: Convergence failed at  33  side 2    Res =  0.8492E+03
 MRCHDU: Convergence failed at  34  side 2    Res =  0.2279E+03
 MRCHDU: Convergence failed at  35  side 2    Res =  0.2415E+03
 MRCHDU: Convergence failed at  36  side 2    Res =  0.3572E+05
 MRCHDU: Convergence failed at  37  side 2    Res =  0.1831E+06
 MRCHDU: Convergence failed at  38  side 2    Res =  0.1570E+05
 MRCHDU: Convergence failed at  39  side 2    Res =  0.1475E+05
 MRCHDU: Convergence failed at  40  side 2    Res =  0.1457E+05
 MRCHDU: Convergence failed at  41  side 2    Res =  0.1303E+05
 MRCHDU: Convergence failed at  42  side 2    Res =  0.7816E+05
 MRCHDU: Convergence failed at  43  side 2    Res =  0.3852E+03
 MRCHDU: Convergence failed at  44  side 2    Res =  0.2367E+03
 MRCHDU: Convergence failed at  45  side 2    Res =  0.1407E+04
 MRCHDU: Convergence failed at  46  side 2    Res =  0.2384E+03
 MRCHDU: Convergence failed at  47  side 2    Res =  0.7079E+03
 MRCHDU: Convergence failed at  48  side 2    Res =  0.1733E+04
 MRCHDU: Convergence failed at  49  side 2    Res =  0.1583E+04
 MRCHDU: Convergence failed at  50  side 2    Res =  0.1439E+04
 MRCHDU: Convergence failed at  51  side 2    Res =  0.1310E+04
 MRCHDU: Convergence failed at  52  side 2    Res =  0.1196E+04
 MRCHDU: Convergence failed at  53  side 2    Res =  0.1097E+04
 MRCHDU: Convergence failed at  54  side 2    Res =  0.6789E+04
 MRCHDU: Convergence failed at  55  side 2    Res =  0.1372E+05
 MRCHDU: Convergence failed at  56  side 2    Res =  0.9334E+06
 MRCHDU: Convergence failed at  57  side 2    Res =  0.6484E+03
 MRCHDU: Convergence failed at  58  side 2    Res =  0.2744E+03
 MRCHDU: Convergence failed at  59  side 2    Res =  0.7832E+03
 MRCHDU: Convergence failed at  60  side 2    Res =  0.7472E+03
 MRCHDU: Convergence failed at  61  side 2    Res =  0.7169E+03
 MRCHDU: Convergence failed at  62  side 2    Res =  0.2600E+03
 MRCHDU: Convergence failed at  63  side 2    Res =  0.2562E+03
 MRCHDU: Convergence failed at  64  side 2    Res =  0.2529E+03
 MRCHDU: Convergence failed at  65  side 2    Res =  0.6075E+03
 MRCHDU: Convergence failed at  66  side 2    Res =  0.5931E+03
 MRCHDU: Convergence failed at  67  side 2    Res =  0.5786E+03
 MRCHDU: Convergence failed at  68  side 2    Res =  0.5634E+03
 MRCHDU: Convergence failed at  69  side 2    Res =  0.5477E+03
 MRCHDU: Convergence failed at  70  side 2    Res =  0.5348E+03
 MRCHDU: Convergence failed at  71  side 2    Res =  0.5444E+03
 MRCHDU: Convergence failed at  72  side 2    Res =  0.5589E+03
 MRCHDU: Convergence failed at  73  side 2    Res =  0.5711E+03
 MRCHDU: Convergence failed at  74  side 2    Res =  0.5767E+03
 MRCHDU: Convergence failed at  75  side 2    Res =  0.5714E+03
 MRCHDU: Convergence failed at  76  side 2    Res =  0.5949E+03
 MRCHDU: Convergence failed at  77  side 2    Res =  0.6736E+03
 MRCHDU: Convergence failed at  78  side 2    Res =  0.7810E+03
 MRCHDU: Convergence failed at  79  side 2    Res =  0.9138E+03
 MRCHDU: Convergence failed at  80  side 2    Res =  0.1052E+04
 MRCHDU: Convergence failed at  81  side 2    Res =  0.1126E+04
 MRCHDU: Convergence failed at  82  side 2    Res =  0.1740E+03
 MRCHDU: Convergence failed at  83  side 2    Res =  0.1554E+03
 MRCHDU: Convergence failed at  84  side 2    Res =  0.1534E+03
 MRCHDU: Convergence failed at  85  side 2    Res =  0.1470E+04
 Side 1  free  transition at x/c =  0.5336   43
 Side 2  free  transition at x/c =  0.0093   14

  41   rms: 0.1375E+01   max: 0.1649E+01   D at   88  2   RLX: 0.441
       a =  0.000      CL = -1.0609
      Cm =  0.3110     CD =  0.00525   =>   CDf =  0.00212    CDp =  0.00313

 Side 1  free  transition at x/c =  0.5257   43
 Side 2  free  transition at x/c =  0.0113   13

  42   rms: 0.8656E+00   max: 0.5256E+01   T at   13  2   RLX: 0.153
       a =  0.000      CL = -0.8203
      Cm =  0.2239     CD =  0.07057   =>   CDf =  0.00284    CDp =  0.06773

 Side 1  free  transition at x/c =  0.5347   44
 Side 2  free  transition at x/c =  0.0088   12

  43   rms: 0.7015E+01   max: 0.4355E+02   T at   13  2   RLX: 0.034
       a =  0.000      CL = -0.8229
      Cm =  0.2288     CD =  0.16421   =>   CDf =  0.00289    CDp =  0.16131

 Side 1  free  transition at x/c =  0.5349   44
 Side 2  free  transition at x/c =  0.0088   12

  44   rms: 0.2877E+02   max: 0.1149E+03   T at   13  2   RLX: 0.013
       a =  0.000      CL = -0.8254
      Cm =  0.2199     CD =  0.27964   =>   CDf =  0.00287    CDp =  0.27677

 Side 1  free  transition at x/c =  0.5299   43
 Side 2  free  transition at x/c =  0.0088   13

  45   rms: 0.2491E+01   max: -.6708E+01   T at   14  2   RLX: 0.075
       a =  0.000      CL = -0.9592
      Cm =  0.2492     CD =  0.11767   =>   CDf =  0.00283    CDp =  0.11484

 Side 1  free  transition at x/c =  0.5404   43
 Side 2  free  transition at x/c =  0.0101   14

  46   rms: 0.7169E+00   max: 0.5222E+01   T at   14  2   RLX: 0.239
       a =  0.000      CL = -0.5600
      Cm =  0.1303     CD =  0.05825   =>   CDf =  0.00280    CDp =  0.05545

 MRCHDU: Convergence failed at  14  side 2    Res =  0.1123E+00
 MRCHDU: Convergence failed at  15  side 2    Res =  0.5369E+03
 MRCHDU: Convergence failed at  16  side 2    Res =  0.2672E+03
 MRCHDU: Convergence failed at  17  side 2    Res =  0.4109E+02
 MRCHDU: Convergence failed at  18  side 2    Res =  0.5466E+02
 MRCHDU: Convergence failed at  19  side 2    Res =  0.5283E+02
 MRCHDU: Convergence failed at  20  side 2    Res =  0.8952E+02
 MRCHDU: Convergence failed at  21  side 2    Res =  0.1886E+03
 MRCHDU: Convergence failed at  22  side 2    Res =  0.4713E+03
 MRCHDU: Convergence failed at  23  side 2    Res =  0.1667E+03
 MRCHDU: Convergence failed at  24  side 2    Res =  0.6155E+02
 MRCHDU: Convergence failed at  25  side 2    Res =  0.5654E+02
 MRCHDU: Convergence failed at  26  side 2    Res =  0.7205E+02
 MRCHDU: Convergence failed at  27  side 2    Res =  0.9103E+02
 MRCHDU: Convergence failed at  28  side 2    Res =  0.1169E+03
 MRCHDU: Convergence failed at  29  side 2    Res =  0.1768E+03
 MRCHDU: Convergence failed at  30  side 2    Res =  0.5606E+03
 MRCHDU: Convergence failed at  31  side 2    Res =  0.6679E+03
 MRCHDU: Convergence failed at  32  side 2    Res =  0.2098E+03
 MRCHDU: Convergence failed at  33  side 2    Res =  0.1159E+03
 MRCHDU: Convergence failed at  34  side 2    Res =  0.8072E+02
 MRCHDU: Convergence failed at  35  side 2    Res =  0.5924E+02
 MRCHDU: Convergence failed at  36  side 2    Res =  0.6788E+02
 MRCHDU: Convergence failed at  37  side 2    Res =  0.7732E+02
 MRCHDU: Convergence failed at  38  side 2    Res =  0.8860E+02
 MRCHDU: Convergence failed at  39  side 2    Res =  0.1006E+03
 MRCHDU: Convergence failed at  40  side 2    Res =  0.1175E+03
 MRCHDU: Convergence failed at  41  side 2    Res =  0.1445E+03
 MRCHDU: Convergence failed at  42  side 2    Res =  0.1765E+03
 MRCHDU: Convergence failed at  43  side 2    Res =  0.2549E+03
 MRCHDU: Convergence failed at  44  side 2    Res =  0.4197E+03
 MRCHDU: Convergence failed at  45  side 2    Res =  0.1347E+04
 MRCHDU: Convergence failed at  46  side 2    Res =  0.1542E+04
 MRCHDU: Convergence failed at  47  side 2    Res =  0.4756E+03
 MRCHDU: Convergence failed at  48  side 2    Res =  0.2619E+03
 MRCHDU: Convergence failed at  49  side 2    Res =  0.1785E+03
 MRCHDU: Convergence failed at  50  side 2    Res =  0.1325E+03
 MRCHDU: Convergence failed at  51  side 2    Res =  0.1143E+03
 MRCHDU: Convergence failed at  52  side 2    Res =  0.9660E+02
 MRCHDU: Convergence failed at  53  side 2    Res =  0.9004E+02
 MRCHDU: Convergence failed at  54  side 2    Res =  0.9674E+02
 MRCHDU: Convergence failed at  55  side 2    Res =  0.1048E+03
 MRCHDU: Convergence failed at  56  side 2    Res =  0.1155E+03
 MRCHDU: Convergence failed at  57  side 2    Res =  0.1282E+03
 MRCHDU: Convergence failed at  58  side 2    Res =  0.1452E+03
 MRCHDU: Convergence failed at  59  side 2    Res =  0.1634E+03
 MRCHDU: Convergence failed at  60  side 2    Res =  0.2053E+03
 MRCHDU: Convergence failed at  61  side 2    Res =  0.2763E+03
 MRCHDU: Convergence failed at  62  side 2    Res =  0.3600E+03
 MRCHDU: Convergence failed at  63  side 2    Res =  0.8634E+03
 MRCHDU: Convergence failed at  64  side 2    Res =  0.1291E+04
 MRCHDU: Convergence failed at  65  side 2    Res =  0.5109E+03
 MRCHDU: Convergence failed at  66  side 2    Res =  0.2587E+03
 MRCHDU: Convergence failed at  67  side 2    Res =  0.2074E+03
 MRCHDU: Convergence failed at  68  side 2    Res =  0.1484E+03
 MRCHDU: Convergence failed at  69  side 2    Res =  0.3079E+03
 MRCHDU: Convergence failed at  70  side 2    Res =  0.2903E+03
 MRCHDU: Convergence failed at  71  side 2    Res =  0.4500E+03
 MRCHDU: Convergence failed at  72  side 2    Res =  0.5977E+02
 MRCHDU: Convergence failed at  73  side 2    Res =  0.1166E+03
 MRCHDU: Convergence failed at  74  side 2    Res =  0.1289E+03
 MRCHDU: Convergence failed at  75  side 2    Res =  0.1842E+03
 MRCHDU: Convergence failed at  76  side 2    Res =  0.6144E+03
 MRCHDU: Convergence failed at  77  side 2    Res =  0.1285E+03
 MRCHDU: Convergence failed at  78  side 2    Res =  0.1225E+03
 MRCHDU: Convergence failed at  79  side 2    Res =  0.1198E+03
 MRCHDU: Convergence failed at  80  side 2    Res =  0.1461E+03
 MRCHDU: Convergence failed at  81  side 2    Res =  0.1322E+03
 MRCHDU: Convergence failed at  82  side 2    Res =  0.1251E+03
 MRCHDU: Convergence failed at  83  side 2    Res =  0.1340E+03
 MRCHDU: Convergence failed at  84  side 2    Res =  0.1387E+03
 MRCHDU: Convergence failed at  85  side 2    Res =  0.7402E+03
 Side 1  free  transition at x/c =  0.5434   43
 Side 2  free  transition at x/c =  0.0088   13

  47   rms: 0.1120E+01   max: 0.1485E+01   D at   91  2   RLX: 0.457
       a =  0.000      CL = -0.9990
      Cm =  0.2822     CD =  0.00665   =>   CDf =  0.00235    CDp =  0.00430

 Side 1  free  transition at x/c =  0.5328   44
 Side 2  free  transition at x/c =  0.0085   12

  48   rms: 0.1365E+01   max: -.5329E+01   C at  107  2   RLX: 0.094
       a =  0.000      CL = -0.8411
      Cm =  0.2337     CD =  0.09810   =>   CDf =  0.00288    CDp =  0.09522

 Side 1  free  transition at x/c =  0.5394   44
 Side 2  free  transition at x/c =  0.0081   12

  49   rms: 0.1341E+01   max: -.5237E+01   C at  107  2   RLX: 0.095
       a =  0.000      CL = -0.8458
      Cm =  0.2312     CD =  0.11272   =>   CDf =  0.00294    CDp =  0.10978

 Side 1  free  transition at x/c =  0.5451   45
 Side 2  free  transition at x/c =  0.0074   12

  50   rms: 0.1387E+01   max: -.5369E+01   C at   98  2   RLX: 0.093
       a =  0.000      CL = -0.7901
      Cm =  0.2157     CD =  0.12514   =>   CDf =  0.00302    CDp =  0.12212

 Side 1  free  transition at x/c =  0.5512   45
 Side 2  free  transition at x/c =  0.0071   12

  51   rms: 0.1493E+01   max: -.7503E+01   D at  107  2   RLX: 0.067
       a =  0.000      CL = -0.7848
      Cm =  0.2105     CD =  0.16786   =>   CDf =  0.00302    CDp =  0.16484

 Side 1  free  transition at x/c =  0.5570   44
 Side 2  free  transition at x/c =  0.0065   13

  52   rms: 0.1595E+01   max: -.9956E+01   D at  108  2   RLX: 0.050
       a =  0.000      CL = -0.7851
      Cm =  0.2073     CD =  0.20878   =>   CDf =  0.00312    CDp =  0.20566

 Side 1  free  transition at x/c =  0.5611   45
 Side 2  free  transition at x/c =  0.0062   13

  53   rms: 0.1513E+01   max: -.1007E+02   D at  108  2   RLX: 0.050
       a =  0.000      CL = -0.7848
      Cm =  0.2044     CD =  0.22749   =>   CDf =  0.00322    CDp =  0.22428

 Side 1  free  transition at x/c =  0.5666   45
 Side 2  free  transition at x/c =  0.0060   13

  54   rms: 0.1302E+01   max: -.8169E+01   D at  108  2   RLX: 0.061
       a =  0.000      CL = -0.7863
      Cm =  0.2016     CD =  0.24245   =>   CDf =  0.00324    CDp =  0.23921

 Side 1  free  transition at x/c =  0.5713   45
 Side 2  free  transition at x/c =  0.0058   13

  55   rms: 0.2946E+01   max: 0.2607E+02   D at  108  2   RLX: 0.045
       a =  0.000      CL = -0.7451
      Cm =  0.1950     CD =  0.38559   =>   CDf =  0.00329    CDp =  0.38230

 MRCHDU: Convergence failed at  83  side 2    Res =  0.1187E-02
 MRCHDU: Convergence failed at  84  side 2    Res =  0.2554E-01
 MRCHDU: Convergence failed at  85  side 2    Res =  0.9417E-02
 Side 1  free  transition at x/c =  0.5653   45
 Side 2  free  transition at x/c =  0.0059   13

  56   rms: 0.5100E+01   max: 0.5992E+02   T at   14  2   RLX: 0.025
       a =  0.000      CL = -0.8835
      Cm =  0.2204     CD =  0.60653   =>   CDf =  0.00318    CDp =  0.60335

 MRCHDU: Convergence failed at  83  side 2    Res =  0.2386E-01
 MRCHDU: Convergence failed at  84  side 2    Res =  0.2762E-01
 MRCHDU: Convergence failed at  85  side 2    Res =  0.1102E-01
 Side 1  free  transition at x/c =  0.5734   46
 Side 2  free  transition at x/c =  0.0056   12

  57   rms: 0.4538E+01   max: -.2200E+02   T at   15  2   RLX: 0.023
       a =  0.000      CL = -1.2316
      Cm =  0.3004     CD =  0.69084   =>   CDf =  0.00333    CDp =  0.68751

 MRCHDU: Convergence failed at 102  side 2    Res =  0.3067E+00
 MRCHDU: Convergence failed at 103  side 2    Res =  0.2803E+02
 MRCHDU: Convergence failed at 104  side 2    Res =  0.1338E+02
 MRCHDU: Convergence failed at 105  side 2    Res =  0.8318E+02
 MRCHDU: Convergence failed at 106  side 2    Res =  0.2795E+02
 MRCHDU: Convergence failed at 107  side 2    Res =  0.1764E+02
 MRCHDU: Convergence failed at 108  side 2    Res =  0.2177E+02
 Side 1  free  transition at x/c =  0.5878   46
 Side 2  free  transition at x/c =  0.0056   12

  58   rms: 0.4988E+01   max: -.2447E+02   T at   14  2   RLX: 0.020
       a =  0.000      CL = -1.3604
      Cm =  0.3252     CD =  0.44753   =>   CDf =  0.00332    CDp =  0.44421

 Side 1  free  transition at x/c =  0.5967   46
 Side 2  free  transition at x/c =  0.0054   13

  59   rms: 0.5734E+01   max: -.2747E+02   T at   14  2   RLX: 0.018
       a =  0.000      CL = -1.5013
      Cm =  0.3544     CD =  0.52731   =>   CDf =  0.00334    CDp =  0.52397

 MRCHDU: Convergence failed at  86  side 2    Res =  0.5478E+00
 Side 1  free  transition at x/c =  0.6008   46
 Side 2  free  transition at x/c =  0.0051   13

  60   rms: 0.6680E+01   max: 0.4524E+02   T at  101  2   RLX: 0.021
       a =  0.000      CL = -1.7062
      Cm =  0.3969     CD =  0.72683   =>   CDf =  0.00342    CDp =  0.72341

 MRCHDU: Convergence failed at  85  side 2    Res =  0.1180E-01
 MRCHDU: Convergence failed at  86  side 2    Res =  0.1016E+00
 MRCHDU: Convergence failed at 101  side 2    Res =  0.2553E+01
 MRCHDU: Convergence failed at 103  side 2    Res =  0.4032E-01
 Side 1  free  transition at x/c =  0.6099   47
 Side 2  free  transition at x/c =  0.0046   13

  61   rms: 0.5645E+01   max: 0.3623E+02   T at  103  2   RLX: 0.024
       a =  0.000      CL = -1.9279
      Cm =  0.4411     CD =  0.73137   =>   CDf =  0.00321    CDp =  0.72816

 MRCHDU: Convergence failed at  85  side 2    Res =  0.1097E-01
 MRCHDU: Convergence failed at  86  side 2    Res =  0.1513E+00
 MRCHDU: Convergence failed at  87  side 2    Res =  0.2040E+00
 MRCHDU: Convergence failed at 100  side 2    Res =  0.8242E+00
 MRCHDU: Convergence failed at 101  side 2    Res =  0.1317E+01
 MRCHDU: Convergence failed at 102  side 2    Res =  0.1522E+01
 MRCHDU: Convergence failed at 103  side 2    Res =  0.7516E+01
 MRCHDU: Convergence failed at 104  side 2    Res =  0.4853E+01
 MRCHDU: Convergence failed at 105  side 2    Res =  0.5297E+01
 MRCHDU: Convergence failed at 106  side 2    Res =  0.2941E+01
 MRCHDU: Convergence failed at 107  side 2    Res =  0.8939E+00
 MRCHDU: Convergence failed at 108  side 2    Res =  0.1659E+01
 Side 1  free  transition at x/c =  0.6182   47
 Side 2  free  transition at x/c =  0.0039   14

  62   rms: 0.1106E+02   max: -.1451E+02   U at  110  2   RLX: 0.026
       a =  0.000      CL = -2.1553
      Cm =  0.4910     CD =  0.41469   =>   CDf =  0.00341    CDp =  0.41127

 MRCHDU: Convergence failed at  85  side 2    Res =  0.1346E-02
 MRCHDU: Convergence failed at  86  side 2    Res =  0.1561E+00
 MRCHDU: Convergence failed at  95  side 2    Res =  0.2765E+01
 MRCHDU: Convergence failed at  96  side 2    Res =  0.5011E+01
 MRCHDU: Convergence failed at  97  side 2    Res =  0.4588E+01
 MRCHDU: Convergence failed at  98  side 2    Res =  0.3257E+01
 MRCHDU: Convergence failed at  99  side 2    Res =  0.2391E+01
 MRCHDU: Convergence failed at 100  side 2    Res =  0.3428E+01
 MRCHDU: Convergence failed at 101  side 2    Res =  0.5367E+01
 MRCHDU: Convergence failed at 102  side 2    Res =  0.8841E+01
 MRCHDU: Convergence failed at 103  side 2    Res =  0.1584E+02
 MRCHDU: Convergence failed at 104  side 2    Res =  0.2699E+02
 MRCHDU: Convergence failed at 105  side 2    Res =  0.2500E+02
 MRCHDU: Convergence failed at 106  side 2    Res =  0.1188E+02
 MRCHDU: Convergence failed at 107  side 2    Res =  0.5308E+01
 MRCHDU: Convergence failed at 108  side 2    Res =  0.2914E+01
 MRCHDU: Convergence failed at 109  side 2    Res =  0.8788E+01
 MRCHDU: Convergence failed at 110  side 2    Res =  0.5708E+01
 Side 1  free  transition at x/c =  0.6266   47
 Side 2  free  transition at x/c =  0.0036   13

  63   rms: 0.7849E+01   max: -.7264E+02   T at   16  2   RLX: 0.007
       a =  0.000      CL = -2.4687
      Cm =  0.5682     CD =  0.60841   =>   CDf =  0.00294    CDp =  0.60547

 MRCHDU: Convergence failed at  19  side 2    Res =  0.7656E-01
 MRCHDU: Convergence failed at  86  side 2    Res =  0.5919E-03
 MRCHDU: Convergence failed at  87  side 2    Res =  0.8497E-01
 Side 1  free  transition at x/c =  0.6324   47
 Side 2  free  transition at x/c =  0.0036   14

  64   rms: 0.4988E+01   max: 0.3393E+02   T at   20  2   RLX: 0.035
       a =  0.000      CL = -2.4384
      Cm =  0.5600     CD =  0.45374   =>   CDf =  0.00309    CDp =  0.45065

 MRCHDU: Convergence failed at  86  side 2    Res =  0.4243E+00
 MRCHDU: Convergence failed at  88  side 2    Res =  0.3068E+00
 Side 1  free  transition at x/c =  0.6395   47
 Side 2  free  transition at x/c =  0.0035   14

  65   rms: 0.2297E+01   max: -.9222E+01   C at  111  2   RLX: 0.054
       a =  0.000      CL = -2.3582
      Cm =  0.5314     CD =  0.36166   =>   CDf =  0.00309    CDp =  0.35857

 MRCHDU: Convergence failed at  19  side 2    Res =  0.6794E-01
 MRCHDU: Convergence failed at  86  side 2    Res =  0.9288E-01
 MRCHDU: Convergence failed at  99  side 2    Res =  0.5325E+01
 MRCHDU: Convergence failed at 100  side 2    Res =  0.1746E+01
 MRCHDU: Convergence failed at 101  side 2    Res =  0.1130E+01
 MRCHDU: Convergence failed at 102  side 2    Res =  0.1453E+01
 MRCHDU: Convergence failed at 103  side 2    Res =  0.2304E+01
 MRCHDU: Convergence failed at 104  side 2    Res =  0.7767E+01
 MRCHDU: Convergence failed at 105  side 2    Res =  0.6564E+01
 Side 1  free  transition at x/c =  0.6472   48
 Side 2  free  transition at x/c =  0.0035   14

  66   rms: 0.8772E+01   max: -.4835E+02   C at   89  2   RLX: 0.010
       a =  0.000      CL = -2.3542
      Cm =  0.5277     CD =  0.58287   =>   CDf =  0.00312    CDp =  0.57975

 MRCHDU: Convergence failed at  19  side 2    Res =  0.6197E-01
 MRCHDU: Convergence failed at  86  side 2    Res =  0.4102E-01
 Side 1  free  transition at x/c =  0.6490   48
 Side 2  free  transition at x/c =  0.0035   14

  67   rms: 0.2787E+01   max: -.1456E+02   C at  101  2   RLX: 0.034
       a =  0.000      CL = -2.3099
      Cm =  0.5149     CD =  0.44993   =>   CDf =  0.00312    CDp =  0.44680

 MRCHDU: Convergence failed at  19  side 2    Res =  0.5204E-01
 Side 1  free  transition at x/c =  0.6518   48
 Side 2  free  transition at x/c =  0.0035   14

  68   rms: 0.2329E+01   max: -.1220E+02   C at  101  2   RLX: 0.041
       a =  0.000      CL = -2.2600
      Cm =  0.4998     CD =  0.44435   =>   CDf =  0.00311    CDp =  0.44124

 MRCHDU: Convergence failed at  19  side 2    Res =  0.4562E-01
 Side 1  free  transition at x/c =  0.6552   48
 Side 2  free  transition at x/c =  0.0035   14

  69   rms: 0.3162E+01   max: -.1720E+02   C at  101  2   RLX: 0.029
       a =  0.000      CL = -2.2262
      Cm =  0.4891     CD =  0.51447   =>   CDf =  0.00310    CDp =  0.51137

 MRCHDU: Convergence failed at  19  side 2    Res =  0.4297E-01
 Side 1  free  transition at x/c =  0.6575   48
 Side 2  free  transition at x/c =  0.0035   14

  70   rms: 0.1011E+02   max: -.5731E+02   C at   88  2   RLX: 0.009
       a =  0.000      CL = -2.2190
      Cm =  0.4860     CD =  0.60914   =>   CDf =  0.00309    CDp =  0.60605

 MRCHDU: Convergence failed at  19  side 2    Res =  0.4240E-01
 Side 1  free  transition at x/c =  0.6589   48
 Side 2  free  transition at x/c =  0.0035   14

  71   rms: 0.3091E+02   max: -.1817E+03   C at   88  2   RLX: 0.003
       a =  0.000      CL = -2.2171
      Cm =  0.4851     CD =  0.63648   =>   CDf =  0.00309    CDp =  0.63339

 MRCHDU: Convergence failed at  19  side 2    Res =  0.4214E-01
 Side 1  free  transition at x/c =  0.6594   48
 Side 2  free  transition at x/c =  0.0035   14

  72   rms: 0.8031E+02   max: -.4816E+03   C at   88  2   RLX: 0.001
       a =  0.000      CL = -2.2163
      Cm =  0.4847     CD =  0.64348   =>   CDf =  0.00309    CDp =  0.64038

 MRCHDU: Convergence failed at  19  side 2    Res =  0.4196E-01
 Side 1  free  transition at x/c =  0.6596   48
 Side 2  free  transition at x/c =  0.0035   14

  73   rms: 0.1883E+03   max: -.1176E+04   C at   88  2   RLX: 0.000
       a =  0.000      CL = -2.2159
      Cm =  0.4845     CD =  0.64581   =>   CDf =  0.00309    CDp =  0.64271

 MRCHDU: Convergence failed at  19  side 2    Res =  0.4183E-01
 Side 1  free  transition at x/c =  0.6596   48
 Side 2  free  transition at x/c =  0.0035   14

  74   rms: 0.5544E+03   max: -.3716E+04   C at   88  2   RLX: 0.000
       a =  0.000      CL = -2.2158
      Cm =  0.4844     CD =  0.64669   =>   CDf =  0.00309    CDp =  0.64360

 MRCHDU: Convergence failed at  19  side 2    Res =  0.4174E-01
 Side 1  free  transition at x/c =  0.6596   48
 Side 2  free  transition at x/c =  0.0035   14

  75   rms: 0.2153E+04   max: -.1616E+05   C at   88  2   RLX: 0.000
       a =  0.000      CL = -2.2157
      Cm =  0.4844     CD =  0.64685   =>   CDf =  0.00309    CDp =  0.64376

 MRCHDU: Convergence failed at  19  side 2    Res =  0.4167E-01
 Side 1  free  transition at x/c =  0.6596   48
 Side 2  free  transition at x/c =  0.0035   14

  76   rms: 0.1620E+05   max: 0.1420E+06   C at   88  2   RLX: 0.000
       a =  0.000      CL = -2.2159
      Cm =  0.4845     CD =  0.64641   =>   CDf =  0.00309    CDp =  0.64331

 MRCHDU: Convergence failed at  19  side 2    Res =  0.4184E-01
 Side 1  free  transition at x/c =  0.6596   48
 Side 2  free  transition at x/c =  0.0035   14

  77   rms: 0.4493E+03   max: -.2987E+04   C at   88  2   RLX: 0.000
       a =  0.000      CL = -2.2156
      Cm =  0.4844     CD =  0.64691   =>   CDf =  0.00309    CDp =  0.64382

 MRCHDU: Convergence failed at  19  side 2    Res =  0.4174E-01
 Side 1  free  transition at x/c =  0.6596   48
 Side 2  free  transition at x/c =  0.0035   14

  78   rms: 0.1579E+04   max: -.1170E+05   C at   88  2   RLX: 0.000
       a =  0.000      CL = -2.2155
      Cm =  0.4843     CD =  0.64716   =>   CDf =  0.00309    CDp =  0.64407

 MRCHDU: Convergence failed at  19  side 2    Res =  0.4167E-01
 Side 1  free  transition at x/c =  0.6596   48
 Side 2  free  transition at x/c =  0.0035   14

  79   rms: 0.5412E+05   max: -.4663E+06   C at   88  2   RLX: 0.000
       a =  0.000      CL = -2.2155
      Cm =  0.4843     CD =  0.64712   =>   CDf =  0.00309    CDp =  0.64402

 MRCHDU: Convergence failed at  19  side 2    Res =  0.4161E-01
 Side 1  free  transition at x/c =  0.6596   48
 Side 2  free  transition at x/c =  0.0035   14

  80   rms: 0.4051E+04   max: 0.4178E+05   C at   88  2   RLX: 0.000
       a =  0.000      CL = -2.2156
      Cm =  0.4844     CD =  0.64660   =>   CDf =  0.00309    CDp =  0.64350

 MRCHDU: Convergence failed at  19  side 2    Res =  0.4175E-01
 Side 1  free  transition at x/c =  0.6596   48
 Side 2  free  transition at x/c =  0.0035   14

  81   rms: 0.1239E+04   max: -.9024E+04   C at   88  2   RLX: 0.000
       a =  0.000      CL = -2.2154
      Cm =  0.4843     CD =  0.64729   =>   CDf =  0.00309    CDp =  0.64420

 MRCHDU: Convergence failed at  19  side 2    Res =  0.4167E-01
 Side 1  free  transition at x/c =  0.6596   48
 Side 2  free  transition at x/c =  0.0035   14

  82   rms: 0.1070E+05   max: -.9016E+05   C at   88  2   RLX: 0.000
       a =  0.000      CL = -2.2154
      Cm =  0.4843     CD =  0.64728   =>   CDf =  0.00309    CDp =  0.64418

 MRCHDU: Convergence failed at  19  side 2    Res =  0.4161E-01
 Side 1  free  transition at x/c =  0.6596   48
 Side 2  free  transition at x/c =  0.0035   14

  83   rms: 0.4784E+04   max: 0.4814E+05   C at   88  2   RLX: 0.000
       a =  0.000      CL = -2.2156
      Cm =  0.4844     CD =  0.64676   =>   CDf =  0.00309    CDp =  0.64367

 MRCHDU: Convergence failed at  19  side 2    Res =  0.4175E-01
 Side 1  free  transition at x/c =  0.6597   48
 Side 2  free  transition at x/c =  0.0035   14

  84   rms: 0.9970E+03   max: -.7149E+04   C at   88  2   RLX: 0.000
       a =  0.000      CL = -2.2153
      Cm =  0.4843     CD =  0.64744   =>   CDf =  0.00309    CDp =  0.64435

 MRCHDU: Convergence failed at  19  side 2    Res =  0.4167E-01
 Side 1  free  transition at x/c =  0.6596   48
 Side 2  free  transition at x/c =  0.0035   14

  85   rms: 0.5668E+04   max: -.4673E+05   C at   88  2   RLX: 0.000
       a =  0.000      CL = -2.2153
      Cm =  0.4842     CD =  0.64746   =>   CDf =  0.00309    CDp =  0.64437

 MRCHDU: Convergence failed at  19  side 2    Res =  0.4161E-01
 Side 1  free  transition at x/c =  0.6596   48
 Side 2  free  transition at x/c =  0.0035   14

  86   rms: 0.5956E+04   max: 0.5853E+05   C at   88  2   RLX: 0.000
       a =  0.000      CL = -2.2155
      Cm =  0.4843     CD =  0.64696   =>   CDf =  0.00309    CDp =  0.64387

 MRCHDU: Convergence failed at  19  side 2    Res =  0.4176E-01
 Side 1  free  transition at x/c =  0.6597   48
 Side 2  free  transition at x/c =  0.0035   14

  87   rms: 0.8178E+03   max: -.5782E+04   C at   88  2   RLX: 0.000
       a =  0.000      CL = -2.2152
      Cm =  0.4842     CD =  0.64761   =>   CDf =  0.00309    CDp =  0.64452

 MRCHDU: Convergence failed at  19  side 2    Res =  0.4168E-01
 Side 1  free  transition at x/c =  0.6597   48
 Side 2  free  transition at x/c =  0.0035   14

  88   rms: 0.3735E+04   max: -.3018E+05   C at   88  2   RLX: 0.000
       a =  0.000      CL = -2.2152
      Cm =  0.4842     CD =  0.64768   =>   CDf =  0.00309    CDp =  0.64458

 MRCHDU: Convergence failed at  19  side 2    Res =  0.4161E-01
 Side 1  free  transition at x/c =  0.6596   48
 Side 2  free  transition at x/c =  0.0035   14

  89   rms: 0.8097E+04   max: 0.7778E+05   C at   88  2   RLX: 0.000
       a =  0.000      CL = -2.2154
      Cm =  0.4843     CD =  0.64719   =>   CDf =  0.00309    CDp =  0.64410

 MRCHDU: Convergence failed at  19  side 2    Res =  0.4176E-01
 Side 1  free  transition at x/c =  0.6597   48
 Side 2  free  transition at x/c =  0.0035   14

  90   rms: 0.6814E+03   max: -.4755E+04   C at   88  2   RLX: 0.000
       a =  0.000      CL = -2.2151
      Cm =  0.4842     CD =  0.64782   =>   CDf =  0.00309    CDp =  0.64472

 MRCHDU: Convergence failed at  19  side 2    Res =  0.4168E-01
 Side 1  free  transition at x/c =  0.6597   48
 Side 2  free  transition at x/c =  0.0035   14

  91   rms: 0.2720E+04   max: -.2158E+05   C at   88  2   RLX: 0.000
       a =  0.000      CL = -2.2150
      Cm =  0.4842     CD =  0.64793   =>   CDf =  0.00309    CDp =  0.64483

 MRCHDU: Convergence failed at  19  side 2    Res =  0.4161E-01
 Side 1  free  transition at x/c =  0.6597   48
 Side 2  free  transition at x/c =  0.0035   14

  92   rms: 0.1318E+05   max: 0.1239E+06   C at   88  2   RLX: 0.000
       a =  0.000      CL = -2.2152
      Cm =  0.4843     CD =  0.64745   =>   CDf =  0.00309    CDp =  0.64436

 MRCHDU: Convergence failed at  19  side 2    Res =  0.4176E-01
 Side 1  free  transition at x/c =  0.6597   48
 Side 2  free  transition at x/c =  0.0035   14

  93   rms: 0.5751E+03   max: -.3966E+04   C at   88  2   RLX: 0.000
       a =  0.000      CL = -2.2149
      Cm =  0.4842     CD =  0.64806   =>   CDf =  0.00309    CDp =  0.64496

 MRCHDU: Convergence failed at  19  side 2    Res =  0.4168E-01
 Side 1  free  transition at x/c =  0.6597   48
 Side 2  free  transition at x/c =  0.0035   14

  94   rms: 0.2097E+04   max: -.1635E+05   C at   88  2   RLX: 0.000
       a =  0.000      CL = -2.2148
      Cm =  0.4841     CD =  0.64821   =>   CDf =  0.00309    CDp =  0.64512

 MRCHDU: Convergence failed at  19  side 2    Res =  0.4161E-01
 Side 1  free  transition at x/c =  0.6597   48
 Side 2  free  transition at x/c =  0.0035   14

  95   rms: 0.3989E+05   max: 0.3672E+06   C at   88  2   RLX: 0.000
       a =  0.000      CL = -2.2151
      Cm =  0.4842     CD =  0.64776   =>   CDf =  0.00309    CDp =  0.64467

 MRCHDU: Convergence failed at  19  side 2    Res =  0.4177E-01
 Side 1  free  transition at x/c =  0.6597   48
 Side 2  free  transition at x/c =  0.0035   14

  96   rms: 0.4909E+03   max: -.3349E+04   C at   88  2   RLX: 0.000
       a =  0.000      CL = -2.2147
      Cm =  0.4841     CD =  0.64833   =>   CDf =  0.00309    CDp =  0.64524

 MRCHDU: Convergence failed at  19  side 2    Res =  0.4168E-01
 Side 1  free  transition at x/c =  0.6597   48
 Side 2  free  transition at x/c =  0.0035   14

  97   rms: 0.1681E+04   max: -.1289E+05   C at   88  2   RLX: 0.000
       a =  0.000      CL = -2.2146
      Cm =  0.4841     CD =  0.64854   =>   CDf =  0.00309    CDp =  0.64545

 MRCHDU: Convergence failed at  19  side 2    Res =  0.4161E-01
 Side 1  free  transition at x/c =  0.6597   48
 Side 2  free  transition at x/c =  0.0035   14

  98   rms: 0.3496E+05   max: -.3155E+06   C at   88  2   RLX: 0.000
       a =  0.000      CL = -2.2146
      Cm =  0.4840     CD =  0.64851   =>   CDf =  0.00309    CDp =  0.64541

 MRCHDU: Convergence failed at  19  side 2    Res =  0.4156E-01
 Side 1  free  transition at x/c =  0.6597   48
 Side 2  free  transition at x/c =  0.0035   14

  99   rms: 0.4524E+04   max: 0.4896E+05   C at   88  2   RLX: 0.000
       a =  0.000      CL = -2.2148
      Cm =  0.4841     CD =  0.64800   =>   CDf =  0.00309    CDp =  0.64491

 MRCHDU: Convergence failed at  19  side 2    Res =  0.4168E-01
 Side 1  free  transition at x/c =  0.6597   48
 Side 2  free  transition at x/c =  0.0035   14

 100   rms: 0.1352E+04   max: -.1019E+05   C at   88  2   RLX: 0.000
       a =  0.000      CL = -2.2146
      Cm =  0.4840     CD =  0.64869   =>   CDf =  0.00309    CDp =  0.64559

 MRCHDU: Convergence failed at  19  side 2    Res =  0.4161E-01
 Side 1  free  transition at x/c =  0.6597   48
 Side 2  free  transition at x/c =  0.0035   14

 101   rms: 0.1093E+05   max: -.9618E+05   C at   88  2   RLX: 0.000
       a =  0.000      CL = -2.2145
      Cm =  0.4840     CD =  0.64867   =>   CDf =  0.00309    CDp =  0.64558

 MRCHDU: Convergence failed at  19  side 2    Res =  0.4156E-01
 Side 1  free  transition at x/c =  0.6597   48
 Side 2  free  transition at x/c =  0.0035   14

 102   rms: 0.5256E+04   max: 0.5540E+05   C at   88  2   RLX: 0.000
       a =  0.000      CL = -2.2147
      Cm =  0.4841     CD =  0.64817   =>   CDf =  0.00309    CDp =  0.64507

 MRCHDU: Convergence failed at  19  side 2    Res =  0.4169E-01
 Side 1  free  transition at x/c =  0.6597   48
 Side 2  free  transition at x/c =  0.0035   14

 103   rms: 0.1106E+04   max: -.8187E+04   C at   88  2   RLX: 0.000
       a =  0.000      CL = -2.2145
      Cm =  0.4840     CD =  0.64885   =>   CDf =  0.00309    CDp =  0.64575

 MRCHDU: Convergence failed at  19  side 2    Res =  0.4162E-01
 Side 1  free  transition at x/c =  0.6597   48
 Side 2  free  transition at x/c =  0.0035   14

 104   rms: 0.6236E+04   max: -.5356E+05   C at   88  2   RLX: 0.000
       a =  0.000      CL = -2.2144
      Cm =  0.4840     CD =  0.64886   =>   CDf =  0.00309    CDp =  0.64576

 MRCHDU: Convergence failed at  19  side 2    Res =  0.4156E-01
 Side 1  free  transition at x/c =  0.6597   48
 Side 2  free  transition at x/c =  0.0035   14

 105   rms: 0.6368E+04   max: 0.6545E+05   C at   88  2   RLX: 0.000
       a =  0.000      CL = -2.2146
      Cm =  0.4841     CD =  0.64836   =>   CDf =  0.00309    CDp =  0.64527

 MRCHDU: Convergence failed at  19  side 2    Res =  0.4170E-01
 Side 1  free  transition at x/c =  0.6597   48
 Side 2  free  transition at x/c =  0.0035   14

 106   rms: 0.9206E+03   max: -.6698E+04   C at   88  2   RLX: 0.000
       a =  0.000      CL = -2.2144
      Cm =  0.4840     CD =  0.64903   =>   CDf =  0.00309    CDp =  0.64594

 MRCHDU: Convergence failed at  19  side 2    Res =  0.4162E-01
 Side 1  free  transition at x/c =  0.6597   48
 Side 2  free  transition at x/c =  0.0035   14

 107   rms: 0.4246E+04   max: -.3565E+05   C at   88  2   RLX: 0.000
       a =  0.000      CL = -2.2143
      Cm =  0.4839     CD =  0.64907   =>   CDf =  0.00309    CDp =  0.64598

 MRCHDU: Convergence failed at  19  side 2    Res =  0.4156E-01
 Side 1  free  transition at x/c =  0.6597   48
 Side 2  free  transition at x/c =  0.0035   14

 108   rms: 0.8244E+04   max: 0.8268E+05   C at   88  2   RLX: 0.000
       a =  0.000      CL = -2.2145
      Cm =  0.4840     CD =  0.64858   =>   CDf =  0.00309    CDp =  0.64549

 MRCHDU: Convergence failed at  19  side 2    Res =  0.4170E-01
 Side 1  free  transition at x/c =  0.6597   48
 Side 2  free  transition at x/c =  0.0035   14

 109   rms: 0.7763E+03   max: -.5562E+04   C at   88  2   RLX: 0.000
       a =  0.000      CL = -2.2142
      Cm =  0.4839     CD =  0.64924   =>   CDf =  0.00309    CDp =  0.64614

 MRCHDU: Convergence failed at  19  side 2    Res =  0.4162E-01
 Side 1  free  transition at x/c =  0.6597   48
 Side 2  free  transition at x/c =  0.0035   14

 110   rms: 0.3148E+04   max: -.2589E+05   C at   88  2   RLX: 0.000
       a =  0.000      CL = -2.2142
      Cm =  0.4839     CD =  0.64931   =>   CDf =  0.00309    CDp =  0.64622

 MRCHDU: Convergence failed at  19  side 2    Res =  0.4156E-01
 Side 1  free  transition at x/c =  0.6597   48
 Side 2  free  transition at x/c =  0.0035   14

 111   rms: 0.1201E+05   max: 0.1176E+06   C at   88  2   RLX: 0.000
       a =  0.000      CL = -2.2144
      Cm =  0.4840     CD =  0.64883   =>   CDf =  0.00309    CDp =  0.64574

 MRCHDU: Convergence failed at  19  side 2    Res =  0.4170E-01
 Side 1  free  transition at x/c =  0.6597   48
 Side 2  free  transition at x/c =  0.0035   14

 112   rms: 0.6620E+03   max: -.4676E+04   C at   88  2   RLX: 0.000
       a =  0.000      CL = -2.2141
      Cm =  0.4839     CD =  0.64947   =>   CDf =  0.00309    CDp =  0.64638

 MRCHDU: Convergence failed at  19  side 2    Res =  0.4162E-01
 Side 1  free  transition at x/c =  0.6597   48
 Side 2  free  transition at x/c =  0.0035   14

 113   rms: 0.2460E+04   max: -.1984E+05   C at   88  2   RLX: 0.000
       a =  0.000      CL = -2.2140
      Cm =  0.4839     CD =  0.64959   =>   CDf =  0.00309    CDp =  0.64649

 MRCHDU: Convergence failed at  19  side 2    Res =  0.4156E-01
 Side 1  free  transition at x/c =  0.6597   48
 Side 2  free  transition at x/c =  0.0035   14

 114   rms: 0.2346E+05   max: 0.2247E+06   C at   88  2   RLX: 0.000
       a =  0.000      CL = -2.2142
      Cm =  0.4840     CD =  0.64912   =>   CDf =  0.00309    CDp =  0.64603

 MRCHDU: Convergence failed at  19  side 2    Res =  0.4171E-01
 Side 1  free  transition at x/c =  0.6598   48
 Side 2  free  transition at x/c =  0.0035   14

 115   rms: 0.5699E+03   max: -.3975E+04   C at   88  2   RLX: 0.000
       a =  0.000      CL = -2.2139
      Cm =  0.4839     CD =  0.64974   =>   CDf =  0.00309    CDp =  0.64665

 MRCHDU: Convergence failed at  19  side 2    Res =  0.4162E-01
 Side 1  free  transition at x/c =  0.6597   48
 Side 2  free  transition at x/c =  0.0035   14

 116   rms: 0.1990E+04   max: -.1575E+05   C at   88  2   RLX: 0.000
       a =  0.000      CL = -2.2139
      Cm =  0.4838     CD =  0.64990   =>   CDf =  0.00309    CDp =  0.64680

 MRCHDU: Convergence failed at  19  side 2    Res =  0.4156E-01
 Side 1  free  transition at x/c =  0.6597   48
 Side 2  free  transition at x/c =  0.0035   14

 117   rms: 0.2029E+07   max: -.1902E+08   C at   88  2   RLX: 0.000
       a =  0.000      CL = -2.2138
      Cm =  0.4838     CD =  0.64985   =>   CDf =  0.00309    CDp =  0.64675

 MRCHDU: Convergence failed at  19  side 2    Res =  0.4151E-01
 Side 1  free  transition at x/c =  0.6597   48
 Side 2  free  transition at x/c =  0.0035   14

 118   rms: 0.4429E+04   max: 0.4973E+05   C at   88  2   RLX: 0.000
       a =  0.000      CL = -2.2140
      Cm =  0.4839     CD =  0.64935   =>   CDf =  0.00309    CDp =  0.64626

 MRCHDU: Convergence failed at  19  side 2    Res =  0.4163E-01
 Side 1  free  transition at x/c =  0.6598   48
 Side 2  free  transition at x/c =  0.0035   14

 119   rms: 0.1581E+04   max: -.1223E+05   C at   88  2   RLX: 0.000
       a =  0.000      CL = -2.2138
      Cm =  0.4838     CD =  0.65003   =>   CDf =  0.00309    CDp =  0.64694

 MRCHDU: Convergence failed at  19  side 2    Res =  0.4156E-01
 Side 1  free  transition at x/c =  0.6597   48
 Side 2  free  transition at x/c =  0.0035   14

 120   rms: 0.1773E+05   max: -.1616E+06   C at   88  2   RLX: 0.000
       a =  0.000      CL = -2.2138
      Cm =  0.4838     CD =  0.65000   =>   CDf =  0.00309    CDp =  0.64691

 MRCHDU: Convergence failed at  19  side 2    Res =  0.4151E-01
 Side 1  free  transition at x/c =  0.6597   48
 Side 2  free  transition at x/c =  0.0035   14

 121   rms: 0.5031E+04   max: 0.5499E+05   C at   88  2   RLX: 0.000
       a =  0.000      CL = -2.2139
      Cm =  0.4838     CD =  0.64951   =>   CDf =  0.00309    CDp =  0.64641

 MRCHDU: Convergence failed at  19  side 2    Res =  0.4164E-01
 Side 1  free  transition at x/c =  0.6598   48
 Side 2  free  transition at x/c =  0.0035   14

 122   rms: 0.1291E+04   max: -.9803E+04   C at   88  2   RLX: 0.000
       a =  0.000      CL = -2.2137
      Cm =  0.4838     CD =  0.65019   =>   CDf =  0.00309    CDp =  0.64710

 MRCHDU: Convergence failed at  19  side 2    Res =  0.4157E-01
 Side 1  free  transition at x/c =  0.6597   48
 Side 2  free  transition at x/c =  0.0035   14

 123   rms: 0.8519E+04   max: -.7567E+05   C at   88  2   RLX: 0.000
       a =  0.000      CL = -2.2137
      Cm =  0.4837     CD =  0.65018   =>   CDf =  0.00309    CDp =  0.64709

 MRCHDU: Convergence failed at  19  side 2    Res =  0.4151E-01
 Side 1  free  transition at x/c =  0.6597   48
 Side 2  free  transition at x/c =  0.0035   14

 124   rms: 0.5896E+04   max: 0.6276E+05   C at   88  2   RLX: 0.000
       a =  0.000      CL = -2.2138
      Cm =  0.4838     CD =  0.64968   =>   CDf =  0.00309    CDp =  0.64659

 MRCHDU: Convergence failed at  19  side 2    Res =  0.4164E-01
 Side 1  free  transition at x/c =  0.6598   48
 Side 2  free  transition at x/c =  0.0035   14

 125   rms: 0.1070E+04   max: -.7974E+04   C at   88  2   RLX: 0.000
       a =  0.000      CL = -2.2136
      Cm =  0.4838     CD =  0.65037   =>   CDf =  0.00309    CDp =  0.64727

 MRCHDU: Convergence failed at  19  side 2    Res =  0.4157E-01
 Side 1  free  transition at x/c =  0.6598   48
 Side 2  free  transition at x/c =  0.0035   14

 126   rms: 0.5444E+04   max: -.4718E+05   C at   88  2   RLX: 0.000
       a =  0.000      CL = -2.2136
      Cm =  0.4837     CD =  0.65038   =>   CDf =  0.00309    CDp =  0.64729

 MRCHDU: Convergence failed at  19  side 2    Res =  0.4151E-01
 Side 1  free  transition at x/c =  0.6597   48
 Side 2  free  transition at x/c =  0.0035   14

 127   rms: 0.7231E+04   max: 0.7503E+05   C at   88  2   RLX: 0.000
       a =  0.000      CL = -2.2137
      Cm =  0.4838     CD =  0.64989   =>   CDf =  0.00309    CDp =  0.64679

 MRCHDU: Convergence failed at  19  side 2    Res =  0.4165E-01
 Side 1  free  transition at x/c =  0.6598   48
 Side 2  free  transition at x/c =  0.0035   14

 128   rms: 0.9000E+03   max: -.6592E+04   C at   88  2   RLX: 0.000
       a =  0.000      CL = -2.2135
      Cm =  0.4837     CD =  0.65056   =>   CDf =  0.00309    CDp =  0.64747

 MRCHDU: Convergence failed at  19  side 2    Res =  0.4157E-01
 Side 1  free  transition at x/c =  0.6598   48
 Side 2  free  transition at x/c =  0.0035   14

 129   rms: 0.3913E+04   max: -.3314E+05   C at   88  2   RLX: 0.000
       a =  0.000      CL = -2.2134
      Cm =  0.4837     CD =  0.65060   =>   CDf =  0.00309    CDp =  0.64751

 MRCHDU: Convergence failed at  19  side 2    Res =  0.4152E-01
 Side 1  free  transition at x/c =  0.6598   48
 Side 2  free  transition at x/c =  0.0035   14

 130   rms: 0.9539E+04   max: 0.9655E+05   C at   88  2   RLX: 0.000
       a =  0.000      CL = -2.2136
      Cm =  0.4838     CD =  0.65012   =>   CDf =  0.00309    CDp =  0.64703

 MRCHDU: Convergence failed at  19  side 2    Res =  0.4165E-01
 Side 1  free  transition at x/c =  0.6598   48
 Side 2  free  transition at x/c =  0.0035   14

 131   rms: 0.7661E+03   max: -.5522E+04   C at   88  2   RLX: 0.000
       a =  0.000      CL = -2.2134
      Cm =  0.4837     CD =  0.65079   =>   CDf =  0.00309    CDp =  0.64770

 MRCHDU: Convergence failed at  19  side 2    Res =  0.4158E-01
 Side 1  free  transition at x/c =  0.6598   48
 Side 2  free  transition at x/c =  0.0035   14

 132   rms: 0.3000E+04   max: -.2486E+05   C at   88  2   RLX: 0.000
       a =  0.000      CL = -2.2133
      Cm =  0.4837     CD =  0.65086   =>   CDf =  0.00309    CDp =  0.64777

 MRCHDU: Convergence failed at  19  side 2    Res =  0.4152E-01
 Side 1  free  transition at x/c =  0.6598   48
 Side 2  free  transition at x/c =  0.0035   14

 133   rms: 0.1439E+05   max: 0.1422E+06   C at   88  2   RLX: 0.000
       a =  0.000      CL = -2.2135
      Cm =  0.4837     CD =  0.65038   =>   CDf =  0.00309    CDp =  0.64729

 MRCHDU: Convergence failed at  19  side 2    Res =  0.4166E-01
 Side 1  free  transition at x/c =  0.6598   48
 Side 2  free  transition at x/c =  0.0035   14

 134   rms: 0.6586E+03   max: -.4679E+04   C at   88  2   RLX: 0.000
       a =  0.000      CL = -2.2132
      Cm =  0.4836     CD =  0.65104   =>   CDf =  0.00309    CDp =  0.64795

 MRCHDU: Convergence failed at  19  side 2    Res =  0.4158E-01
 Side 1  free  transition at x/c =  0.6598   48
 Side 2  free  transition at x/c =  0.0035   14

 135   rms: 0.2394E+04   max: -.1945E+05   C at   88  2   RLX: 0.000
       a =  0.000      CL = -2.2132
      Cm =  0.4836     CD =  0.65115   =>   CDf =  0.00309    CDp =  0.64805

 MRCHDU: Convergence failed at  19  side 2    Res =  0.4152E-01
 Side 1  free  transition at x/c =  0.6598   48
 Side 2  free  transition at x/c =  0.0035   14

 136   rms: 0.3134E+05   max: 0.3027E+06   C at   88  2   RLX: 0.000
       a =  0.000      CL = -2.2134
      Cm =  0.4837     CD =  0.65068   =>   CDf =  0.00309    CDp =  0.64759

 MRCHDU: Convergence failed at  19  side 2    Res =  0.4166E-01
 Side 1  free  transition at x/c =  0.6598   48
 Side 2  free  transition at x/c =  0.0035   14

 137   rms: 0.5713E+03   max: -.4005E+04   C at   88  2   RLX: 0.000
       a =  0.000      CL = -2.2130
      Cm =  0.4836     CD =  0.65133   =>   CDf =  0.00309    CDp =  0.64824

 MRCHDU: Convergence failed at  19  side 2    Res =  0.4158E-01
 Side 1  free  transition at x/c =  0.6598   48
 Side 2  free  transition at x/c =  0.0035   14

 138   rms: 0.1967E+04   max: -.1568E+05   C at   88  2   RLX: 0.000
       a =  0.000      CL = -2.2130
      Cm =  0.4836     CD =  0.65147   =>   CDf =  0.00309    CDp =  0.64838

 MRCHDU: Convergence failed at  19  side 2    Res =  0.4151E-01
 Side 1  free  transition at x/c =  0.6598   48
 Side 2  free  transition at x/c =  0.0035   14

 139   rms: 0.1376E+06   max: -.1300E+07   C at   88  2   RLX: 0.000
       a =  0.000      CL = -2.2130
      Cm =  0.4835     CD =  0.65142   =>   CDf =  0.00309    CDp =  0.64833

 MRCHDU: Convergence failed at  19  side 2    Res =  0.4146E-01
 Side 1  free  transition at x/c =  0.6598   48
 Side 2  free  transition at x/c =  0.0035   14

 140   rms: 0.4609E+04   max: 0.5214E+05   C at   88  2   RLX: 0.000
       a =  0.000      CL = -2.2131
      Cm =  0.4836     CD =  0.65093   =>   CDf =  0.00309    CDp =  0.64784

 MRCHDU: Convergence failed at  19  side 2    Res =  0.4158E-01
 Side 1  free  transition at x/c =  0.6598   48
 Side 2  free  transition at x/c =  0.0035   14

 141   rms: 0.1574E+04   max: -.1225E+05   C at   88  2   RLX: 0.000
       a =  0.000      CL = -2.2129
      Cm =  0.4835     CD =  0.65162   =>   CDf =  0.00309    CDp =  0.64852

 MRCHDU: Convergence failed at  19  side 2    Res =  0.4152E-01
 Side 1  free  transition at x/c =  0.6598   48
 Side 2  free  transition at x/c =  0.0035   14

 142   rms: 0.1630E+05   max: -.1497E+06   C at   88  2   RLX: 0.000
       a =  0.000      CL = -2.2129
      Cm =  0.4835     CD =  0.65158   =>   CDf =  0.00309    CDp =  0.64849

 MRCHDU: Convergence failed at  19  side 2    Res =  0.4147E-01
 Side 1  free  transition at x/c =  0.6598   48
 Side 2  free  transition at x/c =  0.0035   14

 143   rms: 0.5231E+04   max: 0.5761E+05   C at   88  2   RLX: 0.000
       a =  0.000      CL = -2.2130
      Cm =  0.4836     CD =  0.65109   =>   CDf =  0.00309    CDp =  0.64800

 MRCHDU: Convergence failed at  19  side 2    Res =  0.4159E-01
 Side 1  free  transition at x/c =  0.6598   48
 Side 2  free  transition at x/c =  0.0035   14

 144   rms: 0.1288E+04   max: -.9814E+04   C at   88  2   RLX: 0.000
       a =  0.000      CL = -2.2128
      Cm =  0.4835     CD =  0.65178   =>   CDf =  0.00309    CDp =  0.64869

 MRCHDU: Convergence failed at  19  side 2    Res =  0.4152E-01
 Side 1  free  transition at x/c =  0.6598   48
 Side 2  free  transition at x/c =  0.0035   14

 145   rms: 0.8286E+04   max: -.7413E+05   C at   88  2   RLX: 0.000
       a =  0.000      CL = -2.2128
      Cm =  0.4835     CD =  0.65177   =>   CDf =  0.00309    CDp =  0.64867

 MRCHDU: Convergence failed at  19  side 2    Res =  0.4147E-01
 Side 1  free  transition at x/c =  0.6598   48
 Side 2  free  transition at x/c =  0.0035   14

 146   rms: 0.6118E+04   max: 0.6561E+05   C at   88  2   RLX: 0.000
       a =  0.000      CL = -2.2130
      Cm =  0.4836     CD =  0.65127   =>   CDf =  0.00309    CDp =  0.64818

 MRCHDU: Convergence failed at  19  side 2    Res =  0.4160E-01
 Side 1  free  transition at x/c =  0.6598   48
 Side 2  free  transition at x/c =  0.0035   14

 147   rms: 0.1076E+04   max: -.8060E+04   C at   88  2   RLX: 0.000
       a =  0.000      CL = -2.2127
      Cm =  0.4835     CD =  0.65196   =>   CDf =  0.00309    CDp =  0.64887

 MRCHDU: Convergence failed at  19  side 2    Res =  0.4153E-01
 Side 1  free  transition at x/c =  0.6598   48
 Side 2  free  transition at x/c =  0.0035   14

 148   rms: 0.5445E+04   max: -.4751E+05   C at   88  2   RLX: 0.000
       a =  0.000      CL = -2.2127
      Cm =  0.4835     CD =  0.65197   =>   CDf =  0.00309    CDp =  0.64888

 MRCHDU: Convergence failed at  19  side 2    Res =  0.4147E-01
 Side 1  free  transition at x/c =  0.6598   48
 Side 2  free  transition at x/c =  0.0035   14

 149   rms: 0.7473E+04   max: 0.7809E+05   C at   88  2   RLX: 0.000
       a =  0.000      CL = -2.2129
      Cm =  0.4835     CD =  0.65148   =>   CDf =  0.00309    CDp =  0.64839

 MRCHDU: Convergence failed at  19  side 2    Res =  0.4160E-01
 Side 1  free  transition at x/c =  0.6598   48
 Side 2  free  transition at x/c =  0.0035   14

 150   rms: 0.9084E+03   max: -.6687E+04   C at   88  2   RLX: 0.000
       a =  0.000      CL = -2.2126
      Cm =  0.4835     CD =  0.65217   =>   CDf =  0.00309    CDp =  0.64908

 MRCHDU: Convergence failed at  19  side 2    Res =  0.4153E-01
 Side 1  free  transition at x/c =  0.6598   48
 Side 2  free  transition at x/c =  0.0035   14

 151   rms: 0.3960E+04   max: -.3375E+05   C at   88  2   RLX: 0.000
       a =  0.000      CL = -2.2126
      Cm =  0.4834     CD =  0.65220   =>   CDf =  0.00309    CDp =  0.64911

 MRCHDU: Convergence failed at  19  side 2    Res =  0.4147E-01
 Side 1  free  transition at x/c =  0.6598   48
 Side 2  free  transition at x/c =  0.0035   14

 152   rms: 0.9776E+04   max: 0.9963E+05   C at   88  2   RLX: 0.000
       a =  0.000      CL = -2.2128
      Cm =  0.4835     CD =  0.65172   =>   CDf =  0.00309    CDp =  0.64862

 MRCHDU: Convergence failed at  19  side 2    Res =  0.4161E-01
 Side 1  free  transition at x/c =  0.6598   48
 Side 2  free  transition at x/c =  0.0035   14

 153   rms: 0.7761E+03   max: -.5620E+04   C at   88  2   RLX: 0.000
       a =  0.000      CL = -2.2125
      Cm =  0.4834     CD =  0.65241   =>   CDf =  0.00309    CDp =  0.64931

 MRCHDU: Convergence failed at  19  side 2    Res =  0.4153E-01
 Side 1  free  transition at x/c =  0.6598   48
 Side 2  free  transition at x/c =  0.0035   14

 154   rms: 0.3069E+04   max: -.2559E+05   C at   88  2   RLX: 0.000
       a =  0.000      CL = -2.2124
      Cm =  0.4834     CD =  0.65246   =>   CDf =  0.00309    CDp =  0.64937

 MRCHDU: Convergence failed at  19  side 2    Res =  0.4147E-01
 Side 1  free  transition at x/c =  0.6598   48
 Side 2  free  transition at x/c =  0.0035   14

 155   rms: 0.1451E+05   max: 0.1444E+06   C at   88  2   RLX: 0.000
       a =  0.000      CL = -2.2127
      Cm =  0.4835     CD =  0.65199   =>   CDf =  0.00309    CDp =  0.64889

 MRCHDU: Convergence failed at  19  side 2    Res =  0.4161E-01
 Side 1  free  transition at x/c =  0.6598   48
 Side 2  free  transition at x/c =  0.0035   14

 156   rms: 0.6696E+03   max: -.4777E+04   C at   88  2   RLX: 0.000
       a =  0.000      CL = -2.2124
      Cm =  0.4834     CD =  0.65267   =>   CDf =  0.00309    CDp =  0.64958

 MRCHDU: Convergence failed at  19  side 2    Res =  0.4153E-01
 Side 1  free  transition at x/c =  0.6598   48
 Side 2  free  transition at x/c =  0.0035   14

 157   rms: 0.2459E+04   max: -.2008E+05   C at   88  2   RLX: 0.000
       a =  0.000      CL = -2.2123
      Cm =  0.4834     CD =  0.65276   =>   CDf =  0.00309    CDp =  0.64967

 MRCHDU: Convergence failed at  19  side 2    Res =  0.4147E-01
 Side 1  free  transition at x/c =  0.6598   48
 Side 2  free  transition at x/c =  0.0035   14

 158   rms: 0.2936E+05   max: 0.2854E+06   C at   88  2   RLX: 0.000
       a =  0.000      CL = -2.2125
      Cm =  0.4834     CD =  0.65229   =>   CDf =  0.00309    CDp =  0.64920

 MRCHDU: Convergence failed at  19  side 2    Res =  0.4162E-01
 Side 1  free  transition at x/c =  0.6599   48
 Side 2  free  transition at x/c =  0.0035   14

 159   rms: 0.5827E+03   max: -.4101E+04   C at   88  2   RLX: 0.000
       a =  0.000      CL = -2.2122
      Cm =  0.4833     CD =  0.65297   =>   CDf =  0.00309    CDp =  0.64987

 MRCHDU: Convergence failed at  19  side 2    Res =  0.4153E-01
 Side 1  free  transition at x/c =  0.6598   48
 Side 2  free  transition at x/c =  0.0035   14

 160   rms: 0.2035E+04   max: -.1631E+05   C at   88  2   RLX: 0.000
       a =  0.000      CL = -2.2121
      Cm =  0.4833     CD =  0.65309   =>   CDf =  0.00309    CDp =  0.65000

 MRCHDU: Convergence failed at  19  side 2    Res =  0.4147E-01
 Side 1  free  transition at x/c =  0.6598   48
 Side 2  free  transition at x/c =  0.0035   14

 161   rms: 0.3555E+06   max: -.3380E+07   C at   88  2   RLX: 0.000
       a =  0.000      CL = -2.2121
      Cm =  0.4833     CD =  0.65304   =>   CDf =  0.00309    CDp =  0.64995

 MRCHDU: Convergence failed at  19  side 2    Res =  0.4142E-01
 Side 1  free  transition at x/c =  0.6598   48
 Side 2  free  transition at x/c =  0.0035   14

 162   rms: 0.4570E+04   max: 0.5201E+05   C at   88  2   RLX: 0.000
       a =  0.000      CL = -2.2123
      Cm =  0.4833     CD =  0.65255   =>   CDf =  0.00309    CDp =  0.64945

 MRCHDU: Convergence failed at  19  side 2    Res =  0.4154E-01
 Side 1  free  transition at x/c =  0.6598   48
 Side 2  free  transition at x/c =  0.0035   14

 163   rms: 0.1627E+04   max: -.1272E+05   C at   88  2   RLX: 0.000
       a =  0.000      CL = -2.2121
      Cm =  0.4833     CD =  0.65324   =>   CDf =  0.00309    CDp =  0.65015

 MRCHDU: Convergence failed at  19  side 2    Res =  0.4148E-01
 Side 1  free  transition at x/c =  0.6598   48
 Side 2  free  transition at x/c =  0.0035   14

 164   rms: 0.1801E+05   max: -.1664E+06   C at   88  2   RLX: 0.000
       a =  0.000      CL = -2.2120
      Cm =  0.4833     CD =  0.65320   =>   CDf =  0.00309    CDp =  0.65011

 MRCHDU: Convergence failed at  19  side 2    Res =  0.4142E-01
 Side 1  free  transition at x/c =  0.6598   48
 Side 2  free  transition at x/c =  0.0035   14

 165   rms: 0.5158E+04   max: 0.5712E+05   C at   88  2   RLX: 0.000
       a =  0.000      CL = -2.2122
      Cm =  0.4833     CD =  0.65271   =>   CDf =  0.00309    CDp =  0.64962

 MRCHDU: Convergence failed at  19  side 2    Res =  0.4155E-01
 Side 1  free  transition at x/c =  0.6599   48
 Side 2  free  transition at x/c =  0.0035   14

 166   rms: 0.1331E+04   max: -.1018E+05   C at   88  2   RLX: 0.000
       a =  0.000      CL = -2.2120
      Cm =  0.4833     CD =  0.65341   =>   CDf =  0.00309    CDp =  0.65032

 MRCHDU: Convergence failed at  19  side 2    Res =  0.4148E-01
 Side 1  free  transition at x/c =  0.6598   48
 Side 2  free  transition at x/c =  0.0035   14

 167   rms: 0.8910E+04   max: -.8015E+05   C at   88  2   RLX: 0.000
       a =  0.000      CL = -2.2119
      Cm =  0.4832     CD =  0.65339   =>   CDf =  0.00309    CDp =  0.65030

 MRCHDU: Convergence failed at  19  side 2    Res =  0.4143E-01
 Side 1  free  transition at x/c =  0.6598   48
 Side 2  free  transition at x/c =  0.0035   14

 168   rms: 0.5983E+04   max: 0.6451E+05   C at   88  2   RLX: 0.000
       a =  0.000      CL = -2.2121
      Cm =  0.4833     CD =  0.65289   =>   CDf =  0.00309    CDp =  0.64980

 MRCHDU: Convergence failed at  19  side 2    Res =  0.4155E-01
 Side 1  free  transition at x/c =  0.6599   48
 Side 2  free  transition at x/c =  0.0035   14

 169   rms: 0.1113E+04   max: -.8374E+04   C at   88  2   RLX: 0.000
       a =  0.000      CL = -2.2119
      Cm =  0.4832     CD =  0.65360   =>   CDf =  0.00309    CDp =  0.65051

 MRCHDU: Convergence failed at  19  side 2    Res =  0.4148E-01
 Side 1  free  transition at x/c =  0.6598   48
 Side 2  free  transition at x/c =  0.0035   14

 170   rms: 0.5739E+04   max: -.5034E+05   C at   88  2   RLX: 0.000
       a =  0.000      CL = -2.2118
      Cm =  0.4832     CD =  0.65360   =>   CDf =  0.00309    CDp =  0.65051

 MRCHDU: Convergence failed at  19  side 2    Res =  0.4143E-01
 Side 1  free  transition at x/c =  0.6598   48
 Side 2  free  transition at x/c =  0.0035   14

 171   rms: 0.7212E+04   max: 0.7577E+05   C at   88  2   RLX: 0.000
       a =  0.000      CL = -2.2120
      Cm =  0.4833     CD =  0.65311   =>   CDf =  0.00309    CDp =  0.65001

 MRCHDU: Convergence failed at  19  side 2    Res =  0.4156E-01
 Side 1  free  transition at x/c =  0.6599   48
 Side 2  free  transition at x/c =  0.0035   14

 172   rms: 0.9406E+03   max: -.6949E+04   C at   88  2   RLX: 0.000
       a =  0.000      CL = -2.2118
      Cm =  0.4832     CD =  0.65382   =>   CDf =  0.00309    CDp =  0.65072

 MRCHDU: Convergence failed at  19  side 2    Res =  0.4149E-01
 Side 1  free  transition at x/c =  0.6599   48
 Side 2  free  transition at x/c =  0.0035   14

 173   rms: 0.4155E+04   max: -.3559E+05   C at   88  2   RLX: 0.000
       a =  0.000      CL = -2.2117
      Cm =  0.4832     CD =  0.65384   =>   CDf =  0.00309    CDp =  0.65074

 MRCHDU: Convergence failed at  19  side 2    Res =  0.4143E-01
 Side 1  free  transition at x/c =  0.6598   48
 Side 2  free  transition at x/c =  0.0035   14

 174   rms: 0.9220E+04   max: 0.9446E+05   C at   88  2   RLX: 0.000
       a =  0.000      CL = -2.2119
      Cm =  0.4833     CD =  0.65335   =>   CDf =  0.00309    CDp =  0.65025

 MRCHDU: Convergence failed at  19  side 2    Res =  0.4156E-01
 Side 1  free  transition at x/c =  0.6599   48
 Side 2  free  transition at x/c =  0.0035   14

 175   rms: 0.8044E+03   max: -.5844E+04   C at   88  2   RLX: 0.000
       a =  0.000      CL = -2.2117
      Cm =  0.4832     CD =  0.65406   =>   CDf =  0.00309    CDp =  0.65097

 MRCHDU: Convergence failed at  19  side 2    Res =  0.4149E-01
 Side 1  free  transition at x/c =  0.6599   48
 Side 2  free  transition at x/c =  0.0035   14

 176   rms: 0.3212E+04   max: -.2690E+05   C at   88  2   RLX: 0.000
       a =  0.000      CL = -2.2116
      Cm =  0.4831     CD =  0.65410   =>   CDf =  0.00309    CDp =  0.65101

 MRCHDU: Convergence failed at  19  side 2    Res =  0.4143E-01
 Side 1  free  transition at x/c =  0.6599   48
 Side 2  free  transition at x/c =  0.0035   14

 177   rms: 0.1306E+05   max: 0.1306E+06   C at   88  2   RLX: 0.000
       a =  0.000      CL = -2.2118
      Cm =  0.4832     CD =  0.65362   =>   CDf =  0.00309    CDp =  0.65053

 MRCHDU: Convergence failed at  19  side 2    Res =  0.4157E-01
 Side 1  free  transition at x/c =  0.6599   48
 Side 2  free  transition at x/c =  0.0035   14

 178   rms: 0.6948E+03   max: -.4972E+04   C at   88  2   RLX: 0.000
       a =  0.000      CL = -2.2115
      Cm =  0.4831     CD =  0.65433   =>   CDf =  0.00309    CDp =  0.65124

 MRCHDU: Convergence failed at  19  side 2    Res =  0.4149E-01
 Side 1  free  transition at x/c =  0.6599   48
 Side 2  free  transition at x/c =  0.0035   14

 179   rms: 0.2572E+04   max: -.2109E+05   C at   88  2   RLX: 0.000
       a =  0.000      CL = -2.2115
      Cm =  0.4831     CD =  0.65440   =>   CDf =  0.00309    CDp =  0.65131

 MRCHDU: Convergence failed at  19  side 2    Res =  0.4143E-01
 Side 1  free  transition at x/c =  0.6599   48
 Side 2  free  transition at x/c =  0.0035   14

 180   rms: 0.2307E+05   max: 0.2254E+06   C at   88  2   RLX: 0.000
       a =  0.000      CL = -2.2117
      Cm =  0.4832     CD =  0.65393   =>   CDf =  0.00309    CDp =  0.65083

 MRCHDU: Convergence failed at  19  side 2    Res =  0.4157E-01
 Side 1  free  transition at x/c =  0.6599   48
 Side 2  free  transition at x/c =  0.0035   14

 181   rms: 0.6048E+03   max: -.4268E+04   C at   88  2   RLX: 0.000
       a =  0.000      CL = -2.2114
      Cm =  0.4831     CD =  0.65464   =>   CDf =  0.00309    CDp =  0.65154

 MRCHDU: Convergence failed at  19  side 2    Res =  0.4149E-01
 Side 1  free  transition at x/c =  0.6599   48
 Side 2  free  transition at x/c =  0.0035   14

 182   rms: 0.2127E+04   max: -.1711E+05   C at   88  2   RLX: 0.000
       a =  0.000      CL = -2.2113
      Cm =  0.4831     CD =  0.65474   =>   CDf =  0.00309    CDp =  0.65165

 MRCHDU: Convergence failed at  19  side 2    Res =  0.4143E-01
 Side 1  free  transition at x/c =  0.6599   48
 Side 2  free  transition at x/c =  0.0035   14

 183   rms: 0.1199E+06   max: 0.1145E+07   C at   88  2   RLX: 0.000
       a =  0.000      CL = -2.2115
      Cm =  0.4832     CD =  0.65427   =>   CDf =  0.00309    CDp =  0.65118

 MRCHDU: Convergence failed at  19  side 2    Res =  0.4158E-01
 Side 1  free  transition at x/c =  0.6599   48
 Side 2  free  transition at x/c =  0.0035   14

 184   rms: 0.5311E+03   max: -.3700E+04   C at   88  2   RLX: 0.000
       a =  0.000      CL = -2.2112
      Cm =  0.4831     CD =  0.65498   =>   CDf =  0.00309    CDp =  0.65189

 MRCHDU: Convergence failed at  19  side 2    Res =  0.4149E-01
 Side 1  free  transition at x/c =  0.6599   48
 Side 2  free  transition at x/c =  0.0035   14

 185   rms: 0.1796E+04   max: -.1418E+05   C at   88  2   RLX: 0.000
       a =  0.000      CL = -2.2111
      Cm =  0.4830     CD =  0.65512   =>   CDf =  0.00309    CDp =  0.65202

 MRCHDU: Convergence failed at  19  side 2    Res =  0.4143E-01
 Side 1  free  transition at x/c =  0.6599   48
 Side 2  free  transition at x/c =  0.0035   14

 186   rms: 0.3554E+05   max: -.3322E+06   C at   88  2   RLX: 0.000
       a =  0.000      CL = -2.2111
      Cm =  0.4830     CD =  0.65507   =>   CDf =  0.00309    CDp =  0.65198

 MRCHDU: Convergence failed at  19  side 2    Res =  0.4138E-01
 Side 1  free  transition at x/c =  0.6599   48
 Side 2  free  transition at x/c =  0.0035   14

 187   rms: 0.4777E+04   max: 0.5351E+05   C at   88  2   RLX: 0.000
       a =  0.000      CL = -2.2112
      Cm =  0.4831     CD =  0.65457   =>   CDf =  0.00309    CDp =  0.65148

 MRCHDU: Convergence failed at  19  side 2    Res =  0.4150E-01
 Side 1  free  transition at x/c =  0.6599   48
 Side 2  free  transition at x/c =  0.0035   14

 188   rms: 0.1456E+04   max: -.1124E+05   C at   88  2   RLX: 0.000
       a =  0.000      CL = -2.2110
      Cm =  0.4830     CD =  0.65529   =>   CDf =  0.00309    CDp =  0.65219

 MRCHDU: Convergence failed at  19  side 2    Res =  0.4143E-01
 Side 1  free  transition at x/c =  0.6599   48
 Side 2  free  transition at x/c =  0.0035   14

 189   rms: 0.1213E+05   max: -.1104E+06   C at   88  2   RLX: 0.000
       a =  0.000      CL = -2.2110
      Cm =  0.4830     CD =  0.65525   =>   CDf =  0.00309    CDp =  0.65216

 MRCHDU: Convergence failed at  19  side 2    Res =  0.4138E-01
 Side 1  free  transition at x/c =  0.6599   48
 Side 2  free  transition at x/c =  0.0035   14

 190   rms: 0.5434E+04   max: 0.5925E+05   C at   88  2   RLX: 0.000
       a =  0.000      CL = -2.2112
      Cm =  0.4830     CD =  0.65476   =>   CDf =  0.00309    CDp =  0.65166

 MRCHDU: Convergence failed at  19  side 2    Res =  0.4150E-01
 Side 1  free  transition at x/c =  0.6599   48
 Side 2  free  transition at x/c =  0.0035   14

 191   rms: 0.1206E+04   max: -.9114E+04   C at   88  2   RLX: 0.000
       a =  0.000      CL = -2.2110
      Cm =  0.4830     CD =  0.65548   =>   CDf =  0.00309    CDp =  0.65238

 MRCHDU: Convergence failed at  19  side 2    Res =  0.4144E-01
 Side 1  free  transition at x/c =  0.6599   48
 Side 2  free  transition at x/c =  0.0035   14

 192   rms: 0.7097E+04   max: -.6290E+05   C at   88  2   RLX: 0.000
       a =  0.000      CL = -2.2109
      Cm =  0.4829     CD =  0.65546   =>   CDf =  0.00309    CDp =  0.65237

 MRCHDU: Convergence failed at  19  side 2    Res =  0.4138E-01
 Side 1  free  transition at x/c =  0.6599   48
 Side 2  free  transition at x/c =  0.0035   14

 193   rms: 0.6366E+04   max: 0.6761E+05   C at   88  2   RLX: 0.000
       a =  0.000      CL = -2.2111
      Cm =  0.4830     CD =  0.65496   =>   CDf =  0.00309    CDp =  0.65187

 MRCHDU: Convergence failed at  19  side 2    Res =  0.4151E-01
 Side 1  free  transition at x/c =  0.6599   48
 Side 2  free  transition at x/c =  0.0035   14

 194   rms: 0.1018E+04   max: -.7577E+04   C at   88  2   RLX: 0.000
       a =  0.000      CL = -2.2109
      Cm =  0.4829     CD =  0.65569   =>   CDf =  0.00309    CDp =  0.65260

 MRCHDU: Convergence failed at  19  side 2    Res =  0.4144E-01
 Side 1  free  transition at x/c =  0.6599   48
 Side 2  free  transition at x/c =  0.0035   14

 195   rms: 0.4906E+04   max: -.4243E+05   C at   88  2   RLX: 0.000
       a =  0.000      CL = -2.2108
      Cm =  0.4829     CD =  0.65569   =>   CDf =  0.00309    CDp =  0.65260

 MRCHDU: Convergence failed at  19  side 2    Res =  0.4138E-01
 Side 1  free  transition at x/c =  0.6599   48
 Side 2  free  transition at x/c =  0.0035   14

 196   rms: 0.7779E+04   max: 0.8054E+05   C at   88  2   RLX: 0.000
       a =  0.000      CL = -2.2110
      Cm =  0.4830     CD =  0.65520   =>   CDf =  0.00309    CDp =  0.65211

 MRCHDU: Convergence failed at  19  side 2    Res =  0.4152E-01
 Side 1  free  transition at x/c =  0.6599   48
 Side 2  free  transition at x/c =  0.0035   14

 197   rms: 0.8676E+03   max: -.6346E+04   C at   88  2   RLX: 0.000
       a =  0.000      CL = -2.2107
      Cm =  0.4829     CD =  0.65594   =>   CDf =  0.00309    CDp =  0.65284

 MRCHDU: Convergence failed at  19  side 2    Res =  0.4144E-01
 Side 1  free  transition at x/c =  0.6599   48
 Side 2  free  transition at x/c =  0.0035   14

 198   rms: 0.3689E+04   max: -.3119E+05   C at   88  2   RLX: 0.000
       a =  0.000      CL = -2.2107
      Cm =  0.4829     CD =  0.65596   =>   CDf =  0.00309    CDp =  0.65287

 MRCHDU: Convergence failed at  19  side 2    Res =  0.4138E-01
 Side 1  free  transition at x/c =  0.6599   48
 Side 2  free  transition at x/c =  0.0035   14

 199   rms: 0.1016E+05   max: 0.1026E+06   C at   88  2   RLX: 0.000
       a =  0.000      CL = -2.2109
      Cm =  0.4830     CD =  0.65547   =>   CDf =  0.00309    CDp =  0.65237

 MRCHDU: Convergence failed at  19  side 2    Res =  0.4152E-01
 Side 1  free  transition at x/c =  0.6599   48
 Side 2  free  transition at x/c =  0.0035   14

 200   rms: 0.7475E+03   max: -.5381E+04   C at   88  2   RLX: 0.000
       a =  0.000      CL = -2.2106
      Cm =  0.4829     CD =  0.65621   =>   CDf =  0.00309    CDp =  0.65312

 MRCHDU: Convergence failed at  19  side 2    Res =  0.4144E-01
 Side 1  free  transition at x/c =  0.6599   48
 Side 2  free  transition at x/c =  0.0035   14

 201   rms: 0.2908E+04   max: -.2406E+05   C at   88  2   RLX: 0.000
       a =  0.000      CL = -2.2106
      Cm =  0.4828     CD =  0.65626   =>   CDf =  0.00309    CDp =  0.65316

 MRCHDU: Convergence failed at  19  side 2    Res =  0.4138E-01
 Side 1  free  transition at x/c =  0.6599   48
 Side 2  free  transition at x/c =  0.0035   14

 202   rms: 0.1489E+05   max: 0.1468E+06   C at   88  2   RLX: 0.000
       a =  0.000      CL = -2.2108
      Cm =  0.4829     CD =  0.65577   =>   CDf =  0.00309    CDp =  0.65268

 MRCHDU: Convergence failed at  19  side 2    Res =  0.4152E-01
 Side 1  free  transition at x/c =  0.6599   48
 Side 2  free  transition at x/c =  0.0035   14

 203   rms: 0.6500E+03   max: -.4612E+04   C at   88  2   RLX: 0.000
       a =  0.000      CL = -2.2105
      Cm =  0.4828     CD =  0.65652   =>   CDf =  0.00309    CDp =  0.65342

 MRCHDU: Convergence failed at  19  side 2    Res =  0.4144E-01
 Side 1  free  transition at x/c =  0.6599   48
 Side 2  free  transition at x/c =  0.0035   14

 204   rms: 0.2376E+04   max: -.1926E+05   C at   88  2   RLX: 0.000
       a =  0.000      CL = -2.2104
      Cm =  0.4828     CD =  0.65659   =>   CDf =  0.00309    CDp =  0.65350

 MRCHDU: Convergence failed at  19  side 2    Res =  0.4138E-01
 Side 1  free  transition at x/c =  0.6599   48
 Side 2  free  transition at x/c =  0.0035   14

 205   rms: 0.2917E+05   max: 0.2812E+06   C at   88  2   RLX: 0.000
       a =  0.000      CL = -2.2106
      Cm =  0.4829     CD =  0.65611   =>   CDf =  0.00309    CDp =  0.65302
 VISCAL:  Convergence failed
      9.000    4.9254   0.656111   0.001253   0.001315   0.000062    0.6599     #
 Calculating wake trajectory ...
 Calculating source influence matrix ...

 Solving BL system ...

 MRCHDU: Convergence failed at  19  side 2    Res =  0.4153E-01
 Side 1  free  transition at x/c =  0.6600   48
 Side 2  free  transition at x/c =  0.0035   14

   1   rms: 0.5925E+03   max: -.4148E+04   C at   88  2   RLX: 0.000
       a =  1.000      CL = -2.2108
      Cm =  0.4828     CD =  0.65684   =>   CDf =  0.00309    CDp =  0.65375

 MRCHDU: Convergence failed at  19  side 2    Res =  0.4145E-01
 Side 1  free  transition at x/c =  0.6599   48
 Side 2  free  transition at x/c =  0.0035   14

   2   rms: 0.2062E+04   max: -.1641E+05   C at   88  2   RLX: 0.000
       a =  1.000      CL = -2.2108
      Cm =  0.4827     CD =  0.65692   =>   CDf =  0.00309    CDp =  0.65384

 MRCHDU: Convergence failed at  19  side 2    Res =  0.4138E-01
 Side 1  free  transition at x/c =  0.6599   48
 Side 2  free  transition at x/c =  0.0035   14

   3   rms: 0.1300E+08   max: -.1226E+09   C at   88  2   RLX: 0.000
       a =  1.000      CL = -2.2107
      Cm =  0.4827     CD =  0.65686   =>   CDf =  0.00309    CDp =  0.65378

 MRCHDU: Convergence failed at  19  side 2    Res =  0.4133E-01
 Side 1  free  transition at x/c =  0.6599   48
 Side 2  free  transition at x/c =  0.0035   14

   4   rms: 0.4558E+04   max: 0.5149E+05   C at   88  2   RLX: 0.000
       a =  1.000      CL = -2.2109
      Cm =  0.4828     CD =  0.65636   =>   CDf =  0.00309    CDp =  0.65327

 MRCHDU: Convergence failed at  19  side 2    Res =  0.4145E-01
 Side 1  free  transition at x/c =  0.6600   48
 Side 2  free  transition at x/c =  0.0035   14

   5   rms: 0.1656E+04   max: -.1287E+05   C at   88  2   RLX: 0.000
       a =  1.000      CL = -2.2107
      Cm =  0.4827     CD =  0.65707   =>   CDf =  0.00309    CDp =  0.65399

 MRCHDU: Convergence failed at  19  side 2    Res =  0.4139E-01
 Side 1  free  transition at x/c =  0.6599   48
 Side 2  free  transition at x/c =  0.0035   14

   6   rms: 0.1987E+05   max: -.1823E+06   C at   88  2   RLX: 0.000
       a =  1.000      CL = -2.2107
      Cm =  0.4827     CD =  0.65703   =>   CDf =  0.00309    CDp =  0.65394

 MRCHDU: Convergence failed at  19  side 2    Res =  0.4134E-01
 Side 1  free  transition at x/c =  0.6599   48
 Side 2  free  transition at x/c =  0.0035   14

   7   rms: 0.5103E+04   max: 0.5610E+05   C at   88  2   RLX: 0.000
       a =  1.000      CL = -2.2108
      Cm =  0.4828     CD =  0.65652   =>   CDf =  0.00309    CDp =  0.65343

 MRCHDU: Convergence failed at  19  side 2    Res =  0.4146E-01
 Side 1  free  transition at x/c =  0.6600   48
 Side 2  free  transition at x/c =  0.0035   14

   8   rms: 0.1361E+04   max: -.1035E+05   C at   88  2   RLX: 0.000
       a =  1.000      CL = -2.2106
      Cm =  0.4827     CD =  0.65724   =>   CDf =  0.00309    CDp =  0.65416

 MRCHDU: Convergence failed at  19  side 2    Res =  0.4139E-01
 Side 1  free  transition at x/c =  0.6599   48
 Side 2  free  transition at x/c =  0.0035   14

   9   rms: 0.9546E+04   max: -.8527E+05   C at   88  2   RLX: 0.000
       a =  1.000      CL = -2.2106
      Cm =  0.4827     CD =  0.65721   =>   CDf =  0.00309    CDp =  0.65412

 MRCHDU: Convergence failed at  19  side 2    Res =  0.4134E-01
 Side 1  free  transition at x/c =  0.6599   48
 Side 2  free  transition at x/c =  0.0035   14

  10   rms: 0.5847E+04   max: 0.6261E+05   C at   88  2   RLX: 0.000
       a =  1.000      CL = -2.2108
      Cm =  0.4828     CD =  0.65670   =>   CDf =  0.00309    CDp =  0.65362

 MRCHDU: Convergence failed at  19  side 2    Res =  0.4147E-01
 Side 1  free  transition at x/c =  0.6600   48
 Side 2  free  transition at x/c =  0.0035   14

  11   rms: 0.1141E+04   max: -.8539E+04   C at   88  2   RLX: 0.000
       a =  1.000      CL = -2.2106
      Cm =  0.4827     CD =  0.65744   =>   CDf =  0.00309    CDp =  0.65435

 MRCHDU: Convergence failed at  19  side 2    Res =  0.4140E-01
 Side 1  free  transition at x/c =  0.6600   48
 Side 2  free  transition at x/c =  0.0035   14

  12   rms: 0.6141E+04   max: -.5351E+05   C at   88  2   RLX: 0.000
       a =  1.000      CL = -2.2105
      Cm =  0.4827     CD =  0.65742   =>   CDf =  0.00309    CDp =  0.65433

 MRCHDU: Convergence failed at  19  side 2    Res =  0.4134E-01
 Side 1  free  transition at x/c =  0.6599   48
 Side 2  free  transition at x/c =  0.0035   14

  13   rms: 0.6917E+04   max: 0.7218E+05   C at   88  2   RLX: 0.000
       a =  1.000      CL = -2.2107
      Cm =  0.4827     CD =  0.65691   =>   CDf =  0.00309    CDp =  0.65382

 MRCHDU: Convergence failed at  19  side 2    Res =  0.4147E-01
 Side 1  free  transition at x/c =  0.6600   48
 Side 2  free  transition at x/c =  0.0035   14

  14   rms: 0.9678E+03   max: -.7114E+04   C at   88  2   RLX: 0.000
       a =  1.000      CL = -2.2105
      Cm =  0.4827     CD =  0.65765   =>   CDf =  0.00309    CDp =  0.65457

 MRCHDU: Convergence failed at  19  side 2    Res =  0.4140E-01
 Side 1  free  transition at x/c =  0.6600   48
 Side 2  free  transition at x/c =  0.0035   14

  15   rms: 0.4436E+04   max: -.3776E+05   C at   88  2   RLX: 0.000
       a =  1.000      CL = -2.2104
      Cm =  0.4826     CD =  0.65765   =>   CDf =  0.00309    CDp =  0.65456

 MRCHDU: Convergence failed at  19  side 2    Res =  0.4135E-01
 Side 1  free  transition at x/c =  0.6600   48
 Side 2  free  transition at x/c =  0.0035   14

  16   rms: 0.8570E+04   max: 0.8722E+05   C at   88  2   RLX: 0.000
       a =  1.000      CL = -2.2106
      Cm =  0.4827     CD =  0.65715   =>   CDf =  0.00309    CDp =  0.65406

 MRCHDU: Convergence failed at  19  side 2    Res =  0.4148E-01
 Side 1  free  transition at x/c =  0.6600   48
 Side 2  free  transition at x/c =  0.0035   14

  17   rms: 0.8303E+03   max: -.6005E+04   C at   88  2   RLX: 0.000
       a =  1.000      CL = -2.2104
      Cm =  0.4826     CD =  0.65789   =>   CDf =  0.00309    CDp =  0.65481

 MRCHDU: Convergence failed at  19  side 2    Res =  0.4141E-01
 Side 1  free  transition at x/c =  0.6600   48
 Side 2  free  transition at x/c =  0.0035   14

  18   rms: 0.3426E+04   max: -.2853E+05   C at   88  2   RLX: 0.000
       a =  1.000      CL = -2.2103
      Cm =  0.4826     CD =  0.65791   =>   CDf =  0.00309    CDp =  0.65483

 MRCHDU: Convergence failed at  19  side 2    Res =  0.4135E-01
 Side 1  free  transition at x/c =  0.6600   48
 Side 2  free  transition at x/c =  0.0035   14

  19   rms: 0.1144E+05   max: 0.1137E+06   C at   88  2   RLX: 0.000
       a =  1.000      CL = -2.2105
      Cm =  0.4827     CD =  0.65741   =>   CDf =  0.00309    CDp =  0.65433

 MRCHDU: Convergence failed at  19  side 2    Res =  0.4149E-01
 Side 1  free  transition at x/c =  0.6600   48
 Side 2  free  transition at x/c =  0.0035   14

  20   rms: 0.7195E+03   max: -.5126E+04   C at   88  2   RLX: 0.000
       a =  1.000      CL = -2.2103
      Cm =  0.4826     CD =  0.65817   =>   CDf =  0.00309    CDp =  0.65508

 MRCHDU: Convergence failed at  19  side 2    Res =  0.4141E-01
 Side 1  free  transition at x/c =  0.6600   48
 Side 2  free  transition at x/c =  0.0035   14

  21   rms: 0.2749E+04   max: -.2243E+05   C at   88  2   RLX: 0.000
       a =  1.000      CL = -2.2102
      Cm =  0.4826     CD =  0.65821   =>   CDf =  0.00309    CDp =  0.65512

 MRCHDU: Convergence failed at  19  side 2    Res =  0.4135E-01
 Side 1  free  transition at x/c =  0.6600   48
 Side 2  free  transition at x/c =  0.0035   14

  22   rms: 0.1755E+05   max: 0.1703E+06   C at   88  2   RLX: 0.000
       a =  1.000      CL = -2.2104
      Cm =  0.4827     CD =  0.65771   =>   CDf =  0.00309    CDp =  0.65463

 MRCHDU: Convergence failed at  19  side 2    Res =  0.4149E-01
 Side 1  free  transition at x/c =  0.6600   48
 Side 2  free  transition at x/c =  0.0035   14

  23   rms: 0.6289E+03   max: -.4420E+04   C at   88  2   RLX: 0.000
       a =  1.000      CL = -2.2101
      Cm =  0.4826     CD =  0.65847   =>   CDf =  0.00309    CDp =  0.65538

 MRCHDU: Convergence failed at  19  side 2    Res =  0.4141E-01
 Side 1  free  transition at x/c =  0.6600   48
 Side 2  free  transition at x/c =  0.0035   14

  24   rms: 0.2274E+04   max: -.1820E+05   C at   88  2   RLX: 0.000
       a =  1.000      CL = -2.2101
      Cm =  0.4825     CD =  0.65853   =>   CDf =  0.00309    CDp =  0.65545

 MRCHDU: Convergence failed at  19  side 2    Res =  0.4135E-01
 Side 1  free  transition at x/c =  0.6600   48
 Side 2  free  transition at x/c =  0.0035   14

  25   rms: 0.3977E+05   max: 0.3777E+06   C at   88  2   RLX: 0.000
       a =  1.000      CL = -2.2103
      Cm =  0.4826     CD =  0.65805   =>   CDf =  0.00309    CDp =  0.65497

 MRCHDU: Convergence failed at  19  side 2    Res =  0.4150E-01
 Side 1  free  transition at x/c =  0.6600   48
 Side 2  free  transition at x/c =  0.0035   14

  26   rms: 0.5534E+03   max: -.3841E+04   C at   88  2   RLX: 0.000
       a =  1.000      CL = -2.2100
      Cm =  0.4825     CD =  0.65881   =>   CDf =  0.00309    CDp =  0.65573

 MRCHDU: Convergence failed at  19  side 2    Res =  0.4141E-01
 Side 1  free  transition at x/c =  0.6600   48
 Side 2  free  transition at x/c =  0.0035   14

  27   rms: 0.1922E+04   max: -.1511E+05   C at   88  2   RLX: 0.000
       a =  1.000      CL = -2.2099
      Cm =  0.4825     CD =  0.65890   =>   CDf =  0.00309    CDp =  0.65582

 MRCHDU: Convergence failed at  19  side 2    Res =  0.4135E-01
 Side 1  free  transition at x/c =  0.6600   48
 Side 2  free  transition at x/c =  0.0035   14

  28   rms: 0.1261E+06   max: -.1173E+07   C at   88  2   RLX: 0.000
       a =  1.000      CL = -2.2099
      Cm =  0.4825     CD =  0.65885   =>   CDf =  0.00309    CDp =  0.65576

 MRCHDU: Convergence failed at  19  side 2    Res =  0.4130E-01
 Side 1  free  transition at x/c =  0.6600   48
 Side 2  free  transition at x/c =  0.0035   14

  29   rms: 0.4506E+04   max: 0.5020E+05   C at   88  2   RLX: 0.000
       a =  1.000      CL = -2.2101
      Cm =  0.4825     CD =  0.65833   =>   CDf =  0.00309    CDp =  0.65525

 MRCHDU: Convergence failed at  19  side 2    Res =  0.4142E-01
 Side 1  free  transition at x/c =  0.6600   48
 Side 2  free  transition at x/c =  0.0035   14

  30   rms: 0.1555E+04   max: -.1195E+05   C at   88  2   RLX: 0.000
       a =  1.000      CL = -2.2099
      Cm =  0.4825     CD =  0.65907   =>   CDf =  0.00309    CDp =  0.65598

 MRCHDU: Convergence failed at  19  side 2    Res =  0.4135E-01
 Side 1  free  transition at x/c =  0.6600   48
 Side 2  free  transition at x/c =  0.0035   14

  31   rms: 0.1694E+05   max: -.1533E+06   C at   88  2   RLX: 0.000
       a =  1.000      CL = -2.2099
      Cm =  0.4825     CD =  0.65902   =>   CDf =  0.00309    CDp =  0.65594

 MRCHDU: Convergence failed at  19  side 2    Res =  0.4130E-01
 Side 1  free  transition at x/c =  0.6600   48
 Side 2  free  transition at x/c =  0.0035   14

  32   rms: 0.5042E+04   max: 0.5469E+05   C at   88  2   RLX: 0.000
       a =  1.000      CL = -2.2100
      Cm =  0.4825     CD =  0.65851   =>   CDf =  0.00309    CDp =  0.65543

 MRCHDU: Convergence failed at  19  side 2    Res =  0.4143E-01
 Side 1  free  transition at x/c =  0.6600   48
 Side 2  free  transition at x/c =  0.0035   14

  33   rms: 0.1284E+04   max: -.9664E+04   C at   88  2   RLX: 0.000
       a =  1.000      CL = -2.2098
      Cm =  0.4825     CD =  0.65926   =>   CDf =  0.00309    CDp =  0.65617

 MRCHDU: Convergence failed at  19  side 2    Res =  0.4136E-01
 Side 1  free  transition at x/c =  0.6600   48
 Side 2  free  transition at x/c =  0.0035   14

  34   rms: 0.8770E+04   max: -.7734E+05   C at   88  2   RLX: 0.000
       a =  1.000      CL = -2.2098
      Cm =  0.4824     CD =  0.65923   =>   CDf =  0.00309    CDp =  0.65614

 MRCHDU: Convergence failed at  19  side 2    Res =  0.4131E-01
 Side 1  free  transition at x/c =  0.6600   48
 Side 2  free  transition at x/c =  0.0035   14

  35   rms: 0.5769E+04   max: 0.6096E+05   C at   88  2   RLX: 0.000
       a =  1.000      CL = -2.2100
      Cm =  0.4825     CD =  0.65871   =>   CDf =  0.00309    CDp =  0.65563

 MRCHDU: Convergence failed at  19  side 2    Res =  0.4143E-01
 Side 1  free  transition at x/c =  0.6600   48
 Side 2  free  transition at x/c =  0.0035   14

  36   rms: 0.1083E+04   max: -.8025E+04   C at   88  2   RLX: 0.000
       a =  1.000      CL = -2.2097
      Cm =  0.4824     CD =  0.65947   =>   CDf =  0.00309    CDp =  0.65639

 MRCHDU: Convergence failed at  19  side 2    Res =  0.4136E-01
 Side 1  free  transition at x/c =  0.6600   48
 Side 2  free  transition at x/c =  0.0035   14

  37   rms: 0.5779E+04   max: -.4975E+05   C at   88  2   RLX: 0.000
       a =  1.000      CL = -2.2097
      Cm =  0.4824     CD =  0.65946   =>   CDf =  0.00309    CDp =  0.65637

 MRCHDU: Convergence failed at  19  side 2    Res =  0.4131E-01
 Side 1  free  transition at x/c =  0.6600   48
 Side 2  free  transition at x/c =  0.0035   14

  38   rms: 0.6806E+04   max: 0.7012E+05   C at   88  2   RLX: 0.000
       a =  1.000      CL = -2.2099
      Cm =  0.4825     CD =  0.65894   =>   CDf =  0.00309    CDp =  0.65586

 MRCHDU: Convergence failed at  19  side 2    Res =  0.4144E-01
 Side 1  free  transition at x/c =  0.6600   48
 Side 2  free  transition at x/c =  0.0035   14

  39   rms: 0.9223E+03   max: -.6722E+04   C at   88  2   RLX: 0.000
       a =  1.000      CL = -2.2097
      Cm =  0.4824     CD =  0.65971   =>   CDf =  0.00309    CDp =  0.65663

 MRCHDU: Convergence failed at  19  side 2    Res =  0.4137E-01
 Side 1  free  transition at x/c =  0.6600   48
 Side 2  free  transition at x/c =  0.0035   14

  40   rms: 0.4234E+04   max: -.3564E+05   C at   88  2   RLX: 0.000
       a =  1.000      CL = -2.2096
      Cm =  0.4824     CD =  0.65971   =>   CDf =  0.00309    CDp =  0.65662

 MRCHDU: Convergence failed at  19  side 2    Res =  0.4131E-01
 Side 1  free  transition at x/c =  0.6600   48
 Side 2  free  transition at x/c =  0.0035   14

  41   rms: 0.8391E+04   max: 0.8436E+05   C at   88  2   RLX: 0.000
       a =  1.000      CL = -2.2098
      Cm =  0.4825     CD =  0.65920   =>   CDf =  0.00309    CDp =  0.65612

 MRCHDU: Convergence failed at  19  side 2    Res =  0.4145E-01
 Side 1  free  transition at x/c =  0.6601   48
 Side 2  free  transition at x/c =  0.0035   14

  42   rms: 0.7945E+03   max: -.5701E+04   C at   88  2   RLX: 0.000
       a =  1.000      CL = -2.2095
      Cm =  0.4824     CD =  0.65998   =>   CDf =  0.00309    CDp =  0.65690

 MRCHDU: Convergence failed at  19  side 2    Res =  0.4137E-01
 Side 1  free  transition at x/c =  0.6600   48
 Side 2  free  transition at x/c =  0.0035   14

  43   rms: 0.3290E+04   max: -.2711E+05   C at   88  2   RLX: 0.000
       a =  1.000      CL = -2.2095
      Cm =  0.4823     CD =  0.66000   =>   CDf =  0.00309    CDp =  0.65691

 MRCHDU: Convergence failed at  19  side 2    Res =  0.4131E-01
 Side 1  free  transition at x/c =  0.6600   48
 Side 2  free  transition at x/c =  0.0035   14

  44   rms: 0.1107E+05   max: 0.1087E+06   C at   88  2   RLX: 0.000
       a =  1.000      CL = -2.2097
      Cm =  0.4824     CD =  0.65950   =>   CDf =  0.00309    CDp =  0.65641

 MRCHDU: Convergence failed at  19  side 2    Res =  0.4145E-01
 Side 1  free  transition at x/c =  0.6601   48
 Side 2  free  transition at x/c =  0.0035   14

  45   rms: 0.6910E+03   max: -.4888E+04   C at   88  2   RLX: 0.000
       a =  1.000      CL = -2.2094
      Cm =  0.4824     CD =  0.66028   =>   CDf =  0.00309    CDp =  0.65720

 MRCHDU: Convergence failed at  19  side 2    Res =  0.4137E-01
 Side 1  free  transition at x/c =  0.6601   48
 Side 2  free  transition at x/c =  0.0035   14

  46   rms: 0.2662E+04   max: -.2150E+05   C at   88  2   RLX: 0.000
       a =  1.000      CL = -2.2094
      Cm =  0.4823     CD =  0.66032   =>   CDf =  0.00309    CDp =  0.65724

 MRCHDU: Convergence failed at  19  side 2    Res =  0.4131E-01
 Side 1  free  transition at x/c =  0.6601   48
 Side 2  free  transition at x/c =  0.0035   14

  47   rms: 0.1663E+05   max: 0.1596E+06   C at   88  2   RLX: 0.000
       a =  1.000      CL = -2.2096
      Cm =  0.4824     CD =  0.65983   =>   CDf =  0.00309    CDp =  0.65674

 MRCHDU: Convergence failed at  19  side 2    Res =  0.4146E-01
 Side 1  free  transition at x/c =  0.6601   48
 Side 2  free  transition at x/c =  0.0035   14

  48   rms: 0.6060E+03   max: -.4231E+04   C at   88  2   RLX: 0.000
       a =  1.000      CL = -2.2093
      Cm =  0.4823     CD =  0.66062   =>   CDf =  0.00309    CDp =  0.65754

 MRCHDU: Convergence failed at  19  side 2    Res =  0.4137E-01
 Side 1  free  transition at x/c =  0.6601   48
 Side 2  free  transition at x/c =  0.0035   14

  49   rms: 0.2214E+04   max: -.1756E+05   C at   88  2   RLX: 0.000
       a =  1.000      CL = -2.2093
      Cm =  0.4823     CD =  0.66068   =>   CDf =  0.00309    CDp =  0.65760

 MRCHDU: Convergence failed at  19  side 2    Res =  0.4131E-01
 Side 1  free  transition at x/c =  0.6601   48
 Side 2  free  transition at x/c =  0.0035   14

  50   rms: 0.3511E+05   max: 0.3299E+06   C at   88  2   RLX: 0.000
       a =  1.000      CL = -2.2095
      Cm =  0.4824     CD =  0.66020   =>   CDf =  0.00309    CDp =  0.65711

 MRCHDU: Convergence failed at  19  side 2    Res =  0.4146E-01
 Side 1  free  transition at x/c =  0.6601   48
 Side 2  free  transition at x/c =  0.0035   14

  51   rms: 0.5354E+03   max: -.3694E+04   C at   88  2   RLX: 0.000
       a =  1.000      CL = -2.2092
      Cm =  0.4823     CD =  0.66100   =>   CDf =  0.00309    CDp =  0.65792

 MRCHDU: Convergence failed at  19  side 2    Res =  0.4138E-01
 Side 1  free  transition at x/c =  0.6601   48
 Side 2  free  transition at x/c =  0.0035   14

  52   rms: 0.1880E+04   max: -.1465E+05   C at   88  2   RLX: 0.000
       a =  1.000      CL = -2.2091
      Cm =  0.4822     CD =  0.66109   =>   CDf =  0.00309    CDp =  0.65800

 MRCHDU: Convergence failed at  19  side 2    Res =  0.4131E-01
 Side 1  free  transition at x/c =  0.6601   48
 Side 2  free  transition at x/c =  0.0035   14

  53   rms: 0.3521E+06   max: -.3240E+07   C at   88  2   RLX: 0.000
       a =  1.000      CL = -2.2091
      Cm =  0.4822     CD =  0.66103   =>   CDf =  0.00309    CDp =  0.65794

 MRCHDU: Convergence failed at  19  side 2    Res =  0.4126E-01
 Side 1  free  transition at x/c =  0.6601   48
 Side 2  free  transition at x/c =  0.0035   14

  54   rms: 0.4443E+04   max: 0.4901E+05   C at   88  2   RLX: 0.000
       a =  1.000      CL = -2.2092
      Cm =  0.4823     CD =  0.66052   =>   CDf =  0.00309    CDp =  0.65743

 MRCHDU: Convergence failed at  19  side 2    Res =  0.4138E-01
 Side 1  free  transition at x/c =  0.6601   48
 Side 2  free  transition at x/c =  0.0035   14

  55   rms: 0.1524E+04   max: -.1162E+05   C at   88  2   RLX: 0.000
       a =  1.000      CL = -2.2090
      Cm =  0.4822     CD =  0.66127   =>   CDf =  0.00309    CDp =  0.65818

 MRCHDU: Convergence failed at  19  side 2    Res =  0.4132E-01
 Side 1  free  transition at x/c =  0.6601   48
 Side 2  free  transition at x/c =  0.0035   14

  56   rms: 0.1909E+05   max: -.1710E+06   C at   88  2   RLX: 0.000
       a =  1.000      CL = -2.2090
      Cm =  0.4822     CD =  0.66122   =>   CDf =  0.00309    CDp =  0.65814

 MRCHDU: Convergence failed at  19  side 2    Res =  0.4127E-01
 Side 1  free  transition at x/c =  0.6601   48
 Side 2  free  transition at x/c =  0.0035   14

  57   rms: 0.4940E+04   max: 0.5306E+05   C at   88  2   RLX: 0.000
       a =  1.000      CL = -2.2092
      Cm =  0.4823     CD =  0.66071   =>   CDf =  0.00309    CDp =  0.65762

 MRCHDU: Convergence failed at  19  side 2    Res =  0.4139E-01
 Side 1  free  transition at x/c =  0.6601   48
 Side 2  free  transition at x/c =  0.0035   14

  58   rms: 0.1261E+04   max: -.9427E+04   C at   88  2   RLX: 0.000
       a =  1.000      CL = -2.2090
      Cm =  0.4822     CD =  0.66148   =>   CDf =  0.00309    CDp =  0.65839

 MRCHDU: Convergence failed at  19  side 2    Res =  0.4132E-01
 Side 1  free  transition at x/c =  0.6601   48
 Side 2  free  transition at x/c =  0.0035   14

  59   rms: 0.9457E+04   max: -.8264E+05   C at   88  2   RLX: 0.000
       a =  1.000      CL = -2.2089
      Cm =  0.4822     CD =  0.66145   =>   CDf =  0.00309    CDp =  0.65836

 MRCHDU: Convergence failed at  19  side 2    Res =  0.4127E-01
 Side 1  free  transition at x/c =  0.6601   48
 Side 2  free  transition at x/c =  0.0035   14

  60   rms: 0.5603E+04   max: 0.5866E+05   C at   88  2   RLX: 0.000
       a =  1.000      CL = -2.2091
      Cm =  0.4822     CD =  0.66093   =>   CDf =  0.00309    CDp =  0.65784

 MRCHDU: Convergence failed at  19  side 2    Res =  0.4140E-01
 Side 1  free  transition at x/c =  0.6601   48
 Side 2  free  transition at x/c =  0.0035   14

  61   rms: 0.1065E+04   max: -.7846E+04   C at   88  2   RLX: 0.000
       a =  1.000      CL = -2.2089
      Cm =  0.4822     CD =  0.66171   =>   CDf =  0.00309    CDp =  0.65863

 MRCHDU: Convergence failed at  19  side 2    Res =  0.4133E-01
 Side 1  free  transition at x/c =  0.6601   48
 Side 2  free  transition at x/c =  0.0035   14

  62   rms: 0.5922E+04   max: -.5055E+05   C at   88  2   RLX: 0.000
       a =  1.000      CL = -2.2089
      Cm =  0.4821     CD =  0.66169   =>   CDf =  0.00309    CDp =  0.65861

 MRCHDU: Convergence failed at  19  side 2    Res =  0.4127E-01
 Side 1  free  transition at x/c =  0.6601   48
 Side 2  free  transition at x/c =  0.0035   14

  63   rms: 0.6527E+04   max: 0.6663E+05   C at   88  2   RLX: 0.000
       a =  1.000      CL = -2.2090
      Cm =  0.4822     CD =  0.66118   =>   CDf =  0.00309    CDp =  0.65809

 MRCHDU: Convergence failed at  19  side 2    Res =  0.4140E-01
 Side 1  free  transition at x/c =  0.6601   48
 Side 2  free  transition at x/c =  0.0035   14

  64   rms: 0.9090E+03   max: -.6585E+04   C at   88  2   RLX: 0.000
       a =  1.000      CL = -2.2088
      Cm =  0.4821     CD =  0.66198   =>   CDf =  0.00309    CDp =  0.65889

 MRCHDU: Convergence failed at  19  side 2    Res =  0.4133E-01
 Side 1  free  transition at x/c =  0.6601   48
 Side 2  free  transition at x/c =  0.0035   14

  65   rms: 0.4325E+04   max: -.3611E+05   C at   88  2   RLX: 0.000
       a =  1.000      CL = -2.2088
      Cm =  0.4821     CD =  0.66197   =>   CDf =  0.00309    CDp =  0.65889

 MRCHDU: Convergence failed at  19  side 2    Res =  0.4127E-01
 Side 1  free  transition at x/c =  0.6601   48
 Side 2  free  transition at x/c =  0.0035   14

  66   rms: 0.7888E+04   max: 0.7860E+05   C at   88  2   RLX: 0.000
       a =  1.000      CL = -2.2090
      Cm =  0.4822     CD =  0.66146   =>   CDf =  0.00309    CDp =  0.65837

 MRCHDU: Convergence failed at  19  side 2    Res =  0.4141E-01
 Side 1  free  transition at x/c =  0.6601   48
 Side 2  free  transition at x/c =  0.0035   14

  67   rms: 0.7845E+03   max: -.5597E+04   C at   88  2   RLX: 0.000
       a =  1.000      CL = -2.2087
      Cm =  0.4821     CD =  0.66227   =>   CDf =  0.00309    CDp =  0.65919

 MRCHDU: Convergence failed at  19  side 2    Res =  0.4133E-01
 Side 1  free  transition at x/c =  0.6601   48
 Side 2  free  transition at x/c =  0.0035   14

  68   rms: 0.3345E+04   max: -.2736E+05   C at   88  2   RLX: 0.000
       a =  1.000      CL = -2.2087
      Cm =  0.4821     CD =  0.66228   =>   CDf =  0.00309    CDp =  0.65920

 MRCHDU: Convergence failed at  19  side 2    Res =  0.4127E-01
 Side 1  free  transition at x/c =  0.6601   48
 Side 2  free  transition at x/c =  0.0035   14

  69   rms: 0.1007E+05   max: 0.9801E+05   C at   88  2   RLX: 0.000
       a =  1.000      CL = -2.2089
      Cm =  0.4822     CD =  0.66178   =>   CDf =  0.00309    CDp =  0.65869

 MRCHDU: Convergence failed at  19  side 2    Res =  0.4141E-01
 Side 1  free  transition at x/c =  0.6602   48
 Side 2  free  transition at x/c =  0.0035   14

  70   rms: 0.6834E+03   max: -.4809E+04   C at   88  2   RLX: 0.000
       a =  1.000      CL = -2.2086
      Cm =  0.4821     CD =  0.66260   =>   CDf =  0.00309    CDp =  0.65952

 MRCHDU: Convergence failed at  19  side 2    Res =  0.4134E-01
 Side 1  free  transition at x/c =  0.6601   48
 Side 2  free  transition at x/c =  0.0035   14

  71   rms: 0.2706E+04   max: -.2171E+05   C at   88  2   RLX: 0.000
       a =  1.000      CL = -2.2086
      Cm =  0.4820     CD =  0.66263   =>   CDf =  0.00309    CDp =  0.65955

 MRCHDU: Convergence failed at  19  side 2    Res =  0.4128E-01
 Side 1  free  transition at x/c =  0.6601   48
 Side 2  free  transition at x/c =  0.0035   14

  72   rms: 0.1414E+05   max: 0.1346E+06   C at   88  2   RLX: 0.000
       a =  1.000      CL = -2.2088
      Cm =  0.4821     CD =  0.66213   =>   CDf =  0.00309    CDp =  0.65905

 MRCHDU: Convergence failed at  19  side 2    Res =  0.4142E-01
 Side 1  free  transition at x/c =  0.6602   48
 Side 2  free  transition at x/c =  0.0035   14

  73   rms: 0.6003E+03   max: -.4171E+04   C at   88  2   RLX: 0.000
       a =  1.000      CL = -2.2085
      Cm =  0.4820     CD =  0.66297   =>   CDf =  0.00309    CDp =  0.65989

 MRCHDU: Convergence failed at  19  side 2    Res =  0.4134E-01
 Side 1  free  transition at x/c =  0.6602   48
 Side 2  free  transition at x/c =  0.0035   14

  74   rms: 0.2249E+04   max: -.1772E+05   C at   88  2   RLX: 0.000
       a =  1.000      CL = -2.2084
      Cm =  0.4820     CD =  0.66302   =>   CDf =  0.00309    CDp =  0.65994

 MRCHDU: Convergence failed at  19  side 2    Res =  0.4128E-01
 Side 1  free  transition at x/c =  0.6601   48
 Side 2  free  transition at x/c =  0.0035   14

  75   rms: 0.2432E+05   max: 0.2268E+06   C at   88  2   RLX: 0.000
       a =  1.000      CL = -2.2086
      Cm =  0.4821     CD =  0.66253   =>   CDf =  0.00309    CDp =  0.65945

 MRCHDU: Convergence failed at  19  side 2    Res =  0.4142E-01
 Side 1  free  transition at x/c =  0.6602   48
 Side 2  free  transition at x/c =  0.0035   14

  76   rms: 0.5312E+03   max: -.3649E+04   C at   88  2   RLX: 0.000
       a =  1.000      CL = -2.2083
      Cm =  0.4820     CD =  0.66339   =>   CDf =  0.00309    CDp =  0.66030

 MRCHDU: Convergence failed at  19  side 2    Res =  0.4134E-01
 Side 1  free  transition at x/c =  0.6602   48
 Side 2  free  transition at x/c =  0.0035   14

  77   rms: 0.1909E+04   max: -.1479E+05   C at   88  2   RLX: 0.000
       a =  1.000      CL = -2.2083
      Cm =  0.4820     CD =  0.66346   =>   CDf =  0.00309    CDp =  0.66037

 MRCHDU: Convergence failed at  19  side 2    Res =  0.4128E-01
 Side 1  free  transition at x/c =  0.6602   48
 Side 2  free  transition at x/c =  0.0035   14

  78   rms: 0.9328E+05   max: 0.8522E+06   C at   88  2   RLX: 0.000
       a =  1.000      CL = -2.2085
      Cm =  0.4821     CD =  0.66298   =>   CDf =  0.00309    CDp =  0.65989

 MRCHDU: Convergence failed at  19  side 2    Res =  0.4143E-01
 Side 1  free  transition at x/c =  0.6602   48
 Side 2  free  transition at x/c =  0.0035   14

  79   rms: 0.4731E+03   max: -.3215E+04   C at   88  2   RLX: 0.000
       a =  1.000      CL = -2.2082
      Cm =  0.4820     CD =  0.66385   =>   CDf =  0.00309    CDp =  0.66076

 MRCHDU: Convergence failed at  19  side 2    Res =  0.4134E-01
 Side 1  free  transition at x/c =  0.6602   48
 Side 2  free  transition at x/c =  0.0035   14

  80   rms: 0.1648E+04   max: -.1257E+05   C at   88  2   RLX: 0.000
       a =  1.000      CL = -2.2081
      Cm =  0.4819     CD =  0.66394   =>   CDf =  0.00309    CDp =  0.66086

 MRCHDU: Convergence failed at  19  side 2    Res =  0.4127E-01
 Side 1  free  transition at x/c =  0.6602   48
 Side 2  free  transition at x/c =  0.0035   14

  81   rms: 0.4857E+05   max: -.4352E+06   C at   88  2   RLX: 0.000
       a =  1.000      CL = -2.2081
      Cm =  0.4819     CD =  0.66389   =>   CDf =  0.00309    CDp =  0.66081

 MRCHDU: Convergence failed at  19  side 2    Res =  0.4122E-01
 Side 1  free  transition at x/c =  0.6602   48
 Side 2  free  transition at x/c =  0.0035   14

  82   rms: 0.4408E+04   max: 0.4735E+05   C at   88  2   RLX: 0.000
       a =  1.000      CL = -2.2082
      Cm =  0.4820     CD =  0.66337   =>   CDf =  0.00309    CDp =  0.66029

 MRCHDU: Convergence failed at  19  side 2    Res =  0.4135E-01
 Side 1  free  transition at x/c =  0.6602   48
 Side 2  free  transition at x/c =  0.0035   14

  83   rms: 0.1353E+04   max: -.1011E+05   C at   88  2   RLX: 0.000
       a =  1.000      CL = -2.2080
      Cm =  0.4819     CD =  0.66416   =>   CDf =  0.00309    CDp =  0.66108

 MRCHDU: Convergence failed at  19  side 2    Res =  0.4128E-01
 Side 1  free  transition at x/c =  0.6602   48
 Side 2  free  transition at x/c =  0.0035   14

  84   rms: 0.1387E+05   max: -.1212E+06   C at   88  2   RLX: 0.000
       a =  1.000      CL = -2.2080
      Cm =  0.4819     CD =  0.66412   =>   CDf =  0.00309    CDp =  0.66104

 MRCHDU: Convergence failed at  19  side 2    Res =  0.4123E-01
 Side 1  free  transition at x/c =  0.6602   48
 Side 2  free  transition at x/c =  0.0035   14

  85   rms: 0.4893E+04   max: 0.5123E+05   C at   88  2   RLX: 0.000
       a =  1.000      CL = -2.2082
      Cm =  0.4819     CD =  0.66360   =>   CDf =  0.00309    CDp =  0.66052

 MRCHDU: Convergence failed at  19  side 2    Res =  0.4135E-01
 Side 1  free  transition at x/c =  0.6602   48
 Side 2  free  transition at x/c =  0.0035   14

  86   rms: 0.1136E+04   max: -.8364E+04   C at   88  2   RLX: 0.000
       a =  1.000      CL = -2.2080
      Cm =  0.4819     CD =  0.66441   =>   CDf =  0.00309    CDp =  0.66133

 MRCHDU: Convergence failed at  19  side 2    Res =  0.4128E-01
 Side 1  free  transition at x/c =  0.6602   48
 Side 2  free  transition at x/c =  0.0035   14

  87   rms: 0.8088E+04   max: -.6904E+05   C at   88  2   RLX: 0.000
       a =  1.000      CL = -2.2079
      Cm =  0.4818     CD =  0.66438   =>   CDf =  0.00309    CDp =  0.66130

 MRCHDU: Convergence failed at  19  side 2    Res =  0.4123E-01
 Side 1  free  transition at x/c =  0.6602   48
 Side 2  free  transition at x/c =  0.0035   14

  88   rms: 0.5355E+04   max: 0.5467E+05   C at   88  2   RLX: 0.000
       a =  1.000      CL = -2.2081
      Cm =  0.4819     CD =  0.66386   =>   CDf =  0.00309    CDp =  0.66077

 MRCHDU: Convergence failed at  19  side 2    Res =  0.4136E-01
 Side 1  free  transition at x/c =  0.6602   48
 Side 2  free  transition at x/c =  0.0035   14

  89   rms: 0.9646E+03   max: -.6986E+04   C at   88  2   RLX: 0.000
       a =  1.000      CL = -2.2079
      Cm =  0.4818     CD =  0.66469   =>   CDf =  0.00309    CDp =  0.66160

 MRCHDU: Convergence failed at  19  side 2    Res =  0.4129E-01
 Side 1  free  transition at x/c =  0.6602   48
 Side 2  free  transition at x/c =  0.0035   14

  90   rms: 0.5842E+04   max: -.4878E+05   C at   88  2   RLX: 0.000
       a =  1.000      CL = -2.2078
      Cm =  0.4818     CD =  0.66466   =>   CDf =  0.00309    CDp =  0.66158

 MRCHDU: Convergence failed at  19  side 2    Res =  0.4123E-01
 Side 1  free  transition at x/c =  0.6602   48
 Side 2  free  transition at x/c =  0.0035   14

  91   rms: 0.5918E+04   max: 0.5898E+05   C at   88  2   RLX: 0.000
       a =  1.000      CL = -2.2080
      Cm =  0.4819     CD =  0.66414   =>   CDf =  0.00309    CDp =  0.66105

 MRCHDU: Convergence failed at  19  side 2    Res =  0.4137E-01
 Side 1  free  transition at x/c =  0.6602   48
 Side 2  free  transition at x/c =  0.0035   14

  92   rms: 0.8450E+03   max: -.6027E+04   C at   88  2   RLX: 0.000
       a =  1.000      CL = -2.2078
      Cm =  0.4818     CD =  0.66501   =>   CDf =  0.00309    CDp =  0.66193

 MRCHDU: Convergence failed at  19  side 2    Res =  0.4129E-01
 Side 1  free  transition at x/c =  0.6602   48
 Side 2  free  transition at x/c =  0.0035   14

  93   rms: 0.4535E+04   max: -.3709E+05   C at   88  2   RLX: 0.000
       a =  1.000      CL = -2.2077
      Cm =  0.4818     CD =  0.66499   =>   CDf =  0.00309    CDp =  0.66191

 MRCHDU: Convergence failed at  19  side 2    Res =  0.4123E-01
 Side 1  free  transition at x/c =  0.6602   48
 Side 2  free  transition at x/c =  0.0035   14

  94   rms: 0.6590E+04   max: 0.6416E+05   C at   88  2   RLX: 0.000
       a =  1.000      CL = -2.2079
      Cm =  0.4819     CD =  0.66447   =>   CDf =  0.00309    CDp =  0.66138

 MRCHDU: Convergence failed at  19  side 2    Res =  0.4137E-01
 Side 1  free  transition at x/c =  0.6602   48
 Side 2  free  transition at x/c =  0.0035   14

  95   rms: 0.7491E+03   max: -.5269E+04   C at   88  2   RLX: 0.000
       a =  1.000      CL = -2.2077
      Cm =  0.4818     CD =  0.66539   =>   CDf =  0.00309    CDp =  0.66231

 MRCHDU: Convergence failed at  19  side 2    Res =  0.4129E-01
 Side 1  free  transition at x/c =  0.6602   48
 Side 2  free  transition at x/c =  0.0035   14

  96   rms: 0.3714E+04   max: -.2979E+05   C at   88  2   RLX: 0.000
       a =  1.000      CL = -2.2076
      Cm =  0.4818     CD =  0.66537   =>   CDf =  0.00309    CDp =  0.66229

 MRCHDU: Convergence failed at  19  side 2    Res =  0.4123E-01
 Side 1  free  transition at x/c =  0.6602   48
 Side 2  free  transition at x/c =  0.0035   14

  97   rms: 0.7387E+04   max: 0.7035E+05   C at   88  2   RLX: 0.000
       a =  1.000      CL = -2.2078
      Cm =  0.4818     CD =  0.66485   =>   CDf =  0.00309    CDp =  0.66177

 MRCHDU: Convergence failed at  19  side 2    Res =  0.4138E-01
 Side 1  free  transition at x/c =  0.6603   48
 Side 2  free  transition at x/c =  0.0035   14

  98   rms: 0.6714E+03   max: -.4662E+04   C at   88  2   RLX: 0.000
       a =  1.000      CL = -2.2076
      Cm =  0.4818     CD =  0.66585   =>   CDf =  0.00309    CDp =  0.66276

 MRCHDU: Convergence failed at  19  side 2    Res =  0.4130E-01
 Side 1  free  transition at x/c =  0.6603   48
 Side 2  free  transition at x/c =  0.0035   14

  99   rms: 0.3150E+04   max: -.2481E+05   C at   88  2   RLX: 0.000
       a =  1.000      CL = -2.2075
      Cm =  0.4817     CD =  0.66582   =>   CDf =  0.00309    CDp =  0.66274

 MRCHDU: Convergence failed at  19  side 2    Res =  0.4124E-01
 Side 1  free  transition at x/c =  0.6602   48
 Side 2  free  transition at x/c =  0.0035   14

 100   rms: 0.8317E+04   max: 0.7754E+05   C at   88  2   RLX: 0.000
       a =  1.000      CL = -2.2077
      Cm =  0.4818     CD =  0.66531   =>   CDf =  0.00309    CDp =  0.66222

 MRCHDU: Convergence failed at  19  side 2    Res =  0.4138E-01
 Side 1  free  transition at x/c =  0.6603   48
 Side 2  free  transition at x/c =  0.0035   14

 101   rms: 0.6076E+03   max: -.4170E+04   C at   88  2   RLX: 0.000
       a =  1.000      CL = -2.2074
      Cm =  0.4817     CD =  0.66638   =>   CDf =  0.00309    CDp =  0.66330

 MRCHDU: Convergence failed at  19  side 2    Res =  0.4130E-01
 Side 1  free  transition at x/c =  0.6603   48
 Side 2  free  transition at x/c =  0.0035   14

 102   rms: 0.2738E+04   max: -.2121E+05   C at   88  2   RLX: 0.000
       a =  1.000      CL = -2.2074
      Cm =  0.4817     CD =  0.66636   =>   CDf =  0.00309    CDp =  0.66327

 MRCHDU: Convergence failed at  19  side 2    Res =  0.4124E-01
 Side 1  free  transition at x/c =  0.6603   48
 Side 2  free  transition at x/c =  0.0035   14

 103   rms: 0.9380E+04   max: 0.8569E+05   C at   88  2   RLX: 0.000
       a =  1.000      CL = -2.2076
      Cm =  0.4818     CD =  0.66584   =>   CDf =  0.00309    CDp =  0.66275

 MRCHDU: Convergence failed at  19  side 2    Res =  0.4139E-01
 Side 1  free  transition at x/c =  0.6603   48
 Side 2  free  transition at x/c =  0.0035   14

 104   rms: 0.5550E+03   max: -.3768E+04   C at   88  2   RLX: 0.000
       a =  1.000      CL = -2.2073
      Cm =  0.4817     CD =  0.66702   =>   CDf =  0.00309    CDp =  0.66394

 MRCHDU: Convergence failed at  19  side 2    Res =  0.4130E-01
 Side 1  free  transition at x/c =  0.6603   48
 Side 2  free  transition at x/c =  0.0035   14

 105   rms: 0.2351E+04   max: -.1793E+05   C at   88  2   RLX: 0.000
       a =  1.000      CL = -2.2073
      Cm =  0.4816     CD =  0.66699   =>   CDf =  0.00309    CDp =  0.66390

 MRCHDU: Convergence failed at  19  side 2    Res =  0.4124E-01
 Side 1  free  transition at x/c =  0.6603   48
 Side 2  free  transition at x/c =  0.0035   14

 106   rms: 0.1051E+05   max: 0.9419E+05   C at   88  2   RLX: 0.000
       a =  1.000      CL = -2.2075
      Cm =  0.4817     CD =  0.66647   =>   CDf =  0.00309    CDp =  0.66339

 MRCHDU: Convergence failed at  19  side 2    Res =  0.4139E-01
 Side 1  free  transition at x/c =  0.6603   48
 Side 2  free  transition at x/c =  0.0035   14

 107   rms: 0.5114E+03   max: -.3437E+04   C at   88  2   RLX: 0.000
       a =  1.000      CL = -2.2072
      Cm =  0.4816     CD =  0.66778   =>   CDf =  0.00309    CDp =  0.66470

 MRCHDU: Convergence failed at  19  side 2    Res =  0.4130E-01
 Side 1  free  transition at x/c =  0.6603   48
 Side 2  free  transition at x/c =  0.0035   14

 108   rms: 0.2129E+04   max: -.1599E+05   C at   88  2   RLX: 0.000
       a =  1.000      CL = -2.2071
      Cm =  0.4816     CD =  0.66773   =>   CDf =  0.00309    CDp =  0.66465

 MRCHDU: Convergence failed at  19  side 2    Res =  0.4124E-01
 Side 1  free  transition at x/c =  0.6603   48
 Side 2  free  transition at x/c =  0.0035   14

 109   rms: 0.1167E+05   max: 0.1026E+06   C at   88  2   RLX: 0.000
       a =  1.000      CL = -2.2073
      Cm =  0.4817     CD =  0.66723   =>   CDf =  0.00309    CDp =  0.66414

 MRCHDU: Convergence failed at  19  side 2    Res =  0.4139E-01
 Side 1  free  transition at x/c =  0.6603   48
 Side 2  free  transition at x/c =  0.0035   14

 110   rms: 0.4748E+03   max: -.3162E+04   C at   88  2   RLX: 0.000
       a =  1.000      CL = -2.2070
      Cm =  0.4816     CD =  0.66868   =>   CDf =  0.00309    CDp =  0.66559

 MRCHDU: Convergence failed at  19  side 2    Res =  0.4130E-01
 Side 1  free  transition at x/c =  0.6603   48
 Side 2  free  transition at x/c =  0.0035   14

 111   rms: 0.1956E+04   max: -.1450E+05   C at   88  2   RLX: 0.000
       a =  1.000      CL = -2.2070
      Cm =  0.4815     CD =  0.66862   =>   CDf =  0.00309    CDp =  0.66553

 MRCHDU: Convergence failed at  19  side 2    Res =  0.4124E-01
 Side 1  free  transition at x/c =  0.6603   48
 Side 2  free  transition at x/c =  0.0035   14

 112   rms: 0.1276E+05   max: 0.1103E+06   C at   88  2   RLX: 0.000
       a =  1.000      CL = -2.2072
      Cm =  0.4816     CD =  0.66812   =>   CDf =  0.00309    CDp =  0.66503

 MRCHDU: Convergence failed at  19  side 2    Res =  0.4139E-01
 Side 1  free  transition at x/c =  0.6604   48
 Side 2  free  transition at x/c =  0.0035   14

 113   rms: 0.4438E+03   max: -.2930E+04   C at   88  2   RLX: 0.000
       a =  1.000      CL = -2.2069
      Cm =  0.4815     CD =  0.66973   =>   CDf =  0.00309    CDp =  0.66664

 MRCHDU: Convergence failed at  19  side 2    Res =  0.4130E-01
 Side 1  free  transition at x/c =  0.6604   48
 Side 2  free  transition at x/c =  0.0035   14

 114   rms: 0.1825E+04   max: -.1338E+05   C at   88  2   RLX: 0.000
       a =  1.000      CL = -2.2068
      Cm =  0.4815     CD =  0.66967   =>   CDf =  0.00309    CDp =  0.66658

 MRCHDU: Convergence failed at  19  side 2    Res =  0.4124E-01
 Side 1  free  transition at x/c =  0.6604   48
 Side 2  free  transition at x/c =  0.0035   14

 115   rms: 0.1341E+05   max: 0.1140E+06   C at   88  2   RLX: 0.000
       a =  1.000      CL = -2.2070
      Cm =  0.4816     CD =  0.66916   =>   CDf =  0.00309    CDp =  0.66608

 MRCHDU: Convergence failed at  19  side 2    Res =  0.4140E-01
 Side 1  free  transition at x/c =  0.6604   48
 Side 2  free  transition at x/c =  0.0035   14

 116   rms: 0.4168E+03   max: -.2730E+04   C at   88  2   RLX: 0.000
       a =  1.000      CL = -2.2067
      Cm =  0.4815     CD =  0.67094   =>   CDf =  0.00309    CDp =  0.66785

 MRCHDU: Convergence failed at  19  side 2    Res =  0.4130E-01
 Side 1  free  transition at x/c =  0.6604   48
 Side 2  free  transition at x/c =  0.0035   14

 117   rms: 0.1711E+04   max: -.1239E+05   C at   88  2   RLX: 0.000
       a =  1.000      CL = -2.2067
      Cm =  0.4814     CD =  0.67088   =>   CDf =  0.00309    CDp =  0.66779

 MRCHDU: Convergence failed at  19  side 2    Res =  0.4123E-01
 Side 1  free  transition at x/c =  0.6604   48
 Side 2  free  transition at x/c =  0.0035   14

 118   rms: 0.1422E+05   max: 0.1191E+06   C at   88  2   RLX: 0.000
       a =  1.000      CL = -2.2069
      Cm =  0.4815     CD =  0.67039   =>   CDf =  0.00309    CDp =  0.66730

 MRCHDU: Convergence failed at  19  side 2    Res =  0.4140E-01
 Side 1  free  transition at x/c =  0.6604   48
 Side 2  free  transition at x/c =  0.0035   14

 119   rms: 0.3927E+03   max: -.2554E+04   C at   88  2   RLX: 0.000
       a =  1.000      CL = -2.2065
      Cm =  0.4814     CD =  0.67234   =>   CDf =  0.00309    CDp =  0.66925

 MRCHDU: Convergence failed at  19  side 2    Res =  0.4131E-01
 Side 1  free  transition at x/c =  0.6604   48
 Side 2  free  transition at x/c =  0.0035   14

 120   rms: 0.1611E+04   max: -.1154E+05   C at   88  2   RLX: 0.000
       a =  1.000      CL = -2.2065
      Cm =  0.4814     CD =  0.67228   =>   CDf =  0.00309    CDp =  0.66919

 MRCHDU: Convergence failed at  19  side 2    Res =  0.4123E-01
 Side 1  free  transition at x/c =  0.6604   48
 Side 2  free  transition at x/c =  0.0035   14

 121   rms: 0.1502E+05   max: 0.1239E+06   C at   88  2   RLX: 0.000
       a =  1.000      CL = -2.2067
      Cm =  0.4815     CD =  0.67180   =>   CDf =  0.00309    CDp =  0.66871

 MRCHDU: Convergence failed at  19  side 2    Res =  0.4140E-01
 Side 1  free  transition at x/c =  0.6605   48
 Side 2  free  transition at x/c =  0.0035   14

 122   rms: 0.3707E+03   max: -.2394E+04   C at   88  2   RLX: 0.000
       a =  1.000      CL = -2.2064
      Cm =  0.4814     CD =  0.67392   =>   CDf =  0.00309    CDp =  0.67083

 MRCHDU: Convergence failed at  19  side 2    Res =  0.4131E-01
 Side 1  free  transition at x/c =  0.6605   48
 Side 2  free  transition at x/c =  0.0035   14

 123   rms: 0.1519E+04   max: -.1077E+05   C at   88  2   RLX: 0.000
       a =  1.000      CL = -2.2063
      Cm =  0.4813     CD =  0.67387   =>   CDf =  0.00309    CDp =  0.67079

 MRCHDU: Convergence failed at  19  side 2    Res =  0.4123E-01
 Side 1  free  transition at x/c =  0.6605   48
 Side 2  free  transition at x/c =  0.0035   14

 124   rms: 0.1605E+05   max: 0.1305E+06   C at   88  2   RLX: 0.000
       a =  1.000      CL = -2.2065
      Cm =  0.4814     CD =  0.67340   =>   CDf =  0.00309    CDp =  0.67032

 MRCHDU: Convergence failed at  19  side 2    Res =  0.4140E-01
 Side 1  free  transition at x/c =  0.6605   48
 Side 2  free  transition at x/c =  0.0035   14

 125   rms: 0.3499E+03   max: -.2246E+04   C at   88  2   RLX: 0.000
       a =  1.000      CL = -2.2062
      Cm =  0.4813     CD =  0.67569   =>   CDf =  0.00309    CDp =  0.67261

 MRCHDU: Convergence failed at  19  side 2    Res =  0.4131E-01
 Side 1  free  transition at x/c =  0.6605   48
 Side 2  free  transition at x/c =  0.0035   14

 126   rms: 0.1430E+04   max: -.1004E+05   C at   88  2   RLX: 0.000
       a =  1.000      CL = -2.2062
      Cm =  0.4812     CD =  0.67567   =>   CDf =  0.00309    CDp =  0.67258

 MRCHDU: Convergence failed at  19  side 2    Res =  0.4123E-01
 Side 1  free  transition at x/c =  0.6605   48
 Side 2  free  transition at x/c =  0.0035   14

 127   rms: 0.1782E+05   max: 0.1430E+06   C at   88  2   RLX: 0.000
       a =  1.000      CL = -2.2064
      Cm =  0.4814     CD =  0.67521   =>   CDf =  0.00309    CDp =  0.67212

 MRCHDU: Convergence failed at  19  side 2    Res =  0.4141E-01
 Side 1  free  transition at x/c =  0.6605   48
 Side 2  free  transition at x/c =  0.0035   14

 128   rms: 0.3297E+03   max: -.2104E+04   C at   88  2   RLX: 0.000
       a =  1.000      CL = -2.2060
      Cm =  0.4812     CD =  0.67767   =>   CDf =  0.00309    CDp =  0.67458

 MRCHDU: Convergence failed at  19  side 2    Res =  0.4131E-01
 Side 1  free  transition at x/c =  0.6606   48
 Side 2  free  transition at x/c =  0.0035   14

 129   rms: 0.1341E+04   max: -.9328E+04   C at   88  2   RLX: 0.000
       a =  1.000      CL = -2.2060
      Cm =  0.4812     CD =  0.67766   =>   CDf =  0.00309    CDp =  0.67457

 MRCHDU: Convergence failed at  19  side 2    Res =  0.4123E-01
 Side 1  free  transition at x/c =  0.6606   48
 Side 2  free  transition at x/c =  0.0035   14

 130   rms: 0.2110E+05   max: 0.1671E+06   C at   88  2   RLX: 0.000
       a =  1.000      CL = -2.2062
      Cm =  0.4813     CD =  0.67722   =>   CDf =  0.00309    CDp =  0.67413

 MRCHDU: Convergence failed at  19  side 2    Res =  0.4141E-01
 Side 1  free  transition at x/c =  0.6606   48
 Side 2  free  transition at x/c =  0.0035   14

 131   rms: 0.3099E+03   max: -.1967E+04   C at   88  2   RLX: 0.000
       a =  1.000      CL = -2.2058
      Cm =  0.4812     CD =  0.67985   =>   CDf =  0.00309    CDp =  0.67676

 MRCHDU: Convergence failed at  19  side 2    Res =  0.4131E-01
 Side 1  free  transition at x/c =  0.6606   48
 Side 2  free  transition at x/c =  0.0035   14

 132   rms: 0.1251E+04   max: -.8626E+04   C at   88  2   RLX: 0.000
       a =  1.000      CL = -2.2058
      Cm =  0.4811     CD =  0.67986   =>   CDf =  0.00309    CDp =  0.67678

 MRCHDU: Convergence failed at  19  side 2    Res =  0.4123E-01
 Side 1  free  transition at x/c =  0.6606   48
 Side 2  free  transition at x/c =  0.0035   14

 133   rms: 0.2840E+05   max: 0.2223E+06   C at   88  2   RLX: 0.000
       a =  1.000      CL = -2.2060
      Cm =  0.4812     CD =  0.67944   =>   CDf =  0.00309    CDp =  0.67635

 MRCHDU: Convergence failed at  19  side 2    Res =  0.4141E-01
 Side 1  free  transition at x/c =  0.6606   48
 Side 2  free  transition at x/c =  0.0035   14

 134   rms: 0.2905E+03   max: -.1835E+04   C at   88  2   RLX: 0.000
       a =  1.000      CL = -2.2056
      Cm =  0.4811     CD =  0.68223   =>   CDf =  0.00309    CDp =  0.67914

 MRCHDU: Convergence failed at  19  side 2    Res =  0.4131E-01
 Side 1  free  transition at x/c =  0.6607   48
 Side 2  free  transition at x/c =  0.0035   14

 135   rms: 0.1160E+04   max: -.7936E+04   C at   88  2   RLX: 0.000
       a =  1.000      CL = -2.2056
      Cm =  0.4810     CD =  0.68227   =>   CDf =  0.00309    CDp =  0.67918

 MRCHDU: Convergence failed at  19  side 2    Res =  0.4123E-01
 Side 1  free  transition at x/c =  0.6607   48
 Side 2  free  transition at x/c =  0.0035   14

 136   rms: 0.5251E+05   max: 0.4064E+06   C at   88  2   RLX: 0.000
       a =  1.000      CL = -2.2058
      Cm =  0.4811     CD =  0.68186   =>   CDf =  0.00309    CDp =  0.67878

 MRCHDU: Convergence failed at  19  side 2    Res =  0.4141E-01
 Side 1  free  transition at x/c =  0.6607   48
 Side 2  free  transition at x/c =  0.0035   14

 137   rms: 0.2685E+03   max: -.1689E+04   C at   88  2   RLX: 0.000
       a =  1.000      CL = -2.2055
      Cm =  0.4810     CD =  0.68481   =>   CDf =  0.00309    CDp =  0.68172

 MRCHDU: Convergence failed at  19  side 2    Res =  0.4131E-01
 Side 1  free  transition at x/c =  0.6607   48
 Side 2  free  transition at x/c =  0.0035   14

 138   rms: 0.1058E+04   max: -.7186E+04   C at   88  2   RLX: 0.000
       a =  1.000      CL = -2.2054
      Cm =  0.4810     CD =  0.68487   =>   CDf =  0.00309    CDp =  0.68178

 MRCHDU: Convergence failed at  19  side 2    Res =  0.4123E-01
 Side 1  free  transition at x/c =  0.6607   48
 Side 2  free  transition at x/c =  0.0035   14

 139   rms: 0.7800E+06   max: -.5972E+07   C at   88  2   RLX: 0.000
       a =  1.000      CL = -2.2054
      Cm =  0.4809     CD =  0.68491   =>   CDf =  0.00309    CDp =  0.68182

 MRCHDU: Convergence failed at  19  side 2    Res =  0.4117E-01
 Side 1  free  transition at x/c =  0.6607   48
 Side 2  free  transition at x/c =  0.0035   14

 140   rms: 0.2852E+04   max: 0.2570E+05   C at   88  2   RLX: 0.000
       a =  1.000      CL = -2.2055
      Cm =  0.4810     CD =  0.68438   =>   CDf =  0.00309    CDp =  0.68129

 MRCHDU: Convergence failed at  19  side 2    Res =  0.4131E-01
 Side 1  free  transition at x/c =  0.6608   48
 Side 2  free  transition at x/c =  0.0035   14

 141   rms: 0.9083E+03   max: -.6106E+04   C at   88  2   RLX: 0.000
       a =  1.000      CL = -2.2053
      Cm =  0.4809     CD =  0.68599   =>   CDf =  0.00309    CDp =  0.68291

 MRCHDU: Convergence failed at  19  side 2    Res =  0.4123E-01
 Side 1  free  transition at x/c =  0.6608   48
 Side 2  free  transition at x/c =  0.0035   14

 142   rms: 0.1803E+05   max: -.1360E+06   C at   88  2   RLX: 0.000
       a =  1.000      CL = -2.2053
      Cm =  0.4809     CD =  0.68604   =>   CDf =  0.00309    CDp =  0.68295

 MRCHDU: Convergence failed at  19  side 2    Res =  0.4117E-01
 Side 1  free  transition at x/c =  0.6608   48
 Side 2  free  transition at x/c =  0.0035   14

 143   rms: 0.2999E+04   max: 0.2653E+05   C at   88  2   RLX: 0.000
       a =  1.000      CL = -2.2055
      Cm =  0.4810     CD =  0.68551   =>   CDf =  0.00309    CDp =  0.68242

 MRCHDU: Convergence failed at  19  side 2    Res =  0.4132E-01
 Side 1  free  transition at x/c =  0.6608   48
 Side 2  free  transition at x/c =  0.0035   14

 144   rms: 0.7883E+03   max: -.5251E+04   C at   88  2   RLX: 0.000
       a =  1.000      CL = -2.2053
      Cm =  0.4809     CD =  0.68723   =>   CDf =  0.00309    CDp =  0.68414

 MRCHDU: Convergence failed at  19  side 2    Res =  0.4124E-01
 Side 1  free  transition at x/c =  0.6608   48
 Side 2  free  transition at x/c =  0.0035   14

 145   rms: 0.9024E+04   max: -.6713E+05   C at   88  2   RLX: 0.000
       a =  1.000      CL = -2.2053
      Cm =  0.4809     CD =  0.68728   =>   CDf =  0.00309    CDp =  0.68420

 MRCHDU: Convergence failed at  19  side 2    Res =  0.4117E-01
 Side 1  free  transition at x/c =  0.6608   48
 Side 2  free  transition at x/c =  0.0035   14

 146   rms: 0.3207E+04   max: 0.2787E+05   C at   88  2   RLX: 0.000
       a =  1.000      CL = -2.2054
      Cm =  0.4809     CD =  0.68676   =>   CDf =  0.00309    CDp =  0.68367

 MRCHDU: Convergence failed at  19  side 2    Res =  0.4132E-01
 Side 1  free  transition at x/c =  0.6608   48
 Side 2  free  transition at x/c =  0.0035   14

 147   rms: 0.6906E+03   max: -.4561E+04   C at   88  2   RLX: 0.000
       a =  1.000      CL = -2.2052
      Cm =  0.4809     CD =  0.68860   =>   CDf =  0.00309    CDp =  0.68551

 MRCHDU: Convergence failed at  19  side 2    Res =  0.4124E-01
 Side 1  free  transition at x/c =  0.6608   48
 Side 2  free  transition at x/c =  0.0035   14

 148   rms: 0.5784E+04   max: -.4247E+05   C at   88  2   RLX: 0.000
       a =  1.000      CL = -2.2052
      Cm =  0.4808     CD =  0.68866   =>   CDf =  0.00309    CDp =  0.68557

 MRCHDU: Convergence failed at  19  side 2    Res =  0.4117E-01
 Side 1  free  transition at x/c =  0.6608   48
 Side 2  free  transition at x/c =  0.0035   14

 149   rms: 0.3457E+04   max: 0.2955E+05   C at   88  2   RLX: 0.000
       a =  1.000      CL = -2.2053
      Cm =  0.4809     CD =  0.68814   =>   CDf =  0.00309    CDp =  0.68505

 MRCHDU: Convergence failed at  19  side 2    Res =  0.4133E-01
 Side 1  free  transition at x/c =  0.6609   48
 Side 2  free  transition at x/c =  0.0035   14

 150   rms: 0.6099E+03   max: -.3997E+04   C at   88  2   RLX: 0.000
       a =  1.000      CL = -2.2051
      Cm =  0.4808     CD =  0.69009   =>   CDf =  0.00309    CDp =  0.68700

 MRCHDU: Convergence failed at  19  side 2    Res =  0.4124E-01
 Side 1  free  transition at x/c =  0.6609   48
 Side 2  free  transition at x/c =  0.0035   14

 151   rms: 0.4232E+04   max: -.3072E+05   C at   88  2   RLX: 0.000
       a =  1.000      CL = -2.2051
      Cm =  0.4808     CD =  0.69016   =>   CDf =  0.00309    CDp =  0.68707

 MRCHDU: Convergence failed at  19  side 2    Res =  0.4118E-01
 Side 1  free  transition at x/c =  0.6609   48
 Side 2  free  transition at x/c =  0.0035   14

 152   rms: 0.3764E+04   max: 0.3167E+05   C at   88  2   RLX: 0.000
       a =  1.000      CL = -2.2052
      Cm =  0.4809     CD =  0.68965   =>   CDf =  0.00309    CDp =  0.68656

 MRCHDU: Convergence failed at  19  side 2    Res =  0.4134E-01
 Side 1  free  transition at x/c =  0.6609   48
 Side 2  free  transition at x/c =  0.0035   14

 153   rms: 0.5419E+03   max: -.3526E+04   C at   88  2   RLX: 0.000
       a =  1.000      CL = -2.2050
      Cm =  0.4808     CD =  0.69173   =>   CDf =  0.00309    CDp =  0.68864

 MRCHDU: Convergence failed at  19  side 2    Res =  0.4125E-01
 Side 1  free  transition at x/c =  0.6609   48
 Side 2  free  transition at x/c =  0.0035   14

 154   rms: 0.3283E+04   max: -.2357E+05   C at   88  2   RLX: 0.000
       a =  1.000      CL = -2.2050
      Cm =  0.4807     CD =  0.69181   =>   CDf =  0.00309    CDp =  0.68872

 MRCHDU: Convergence failed at  19  side 2    Res =  0.4118E-01
 Side 1  free  transition at x/c =  0.6609   48
 Side 2  free  transition at x/c =  0.0035   14

 155   rms: 0.4156E+04   max: 0.3444E+05   C at   88  2   RLX: 0.000
       a =  1.000      CL = -2.2051
      Cm =  0.4808     CD =  0.69130   =>   CDf =  0.00309    CDp =  0.68821

 MRCHDU: Convergence failed at  19  side 2    Res =  0.4134E-01
 Side 1  free  transition at x/c =  0.6609   48
 Side 2  free  transition at x/c =  0.0035   14

 156   rms: 0.4842E+03   max: -.3130E+04   C at   88  2   RLX: 0.000
       a =  1.000      CL = -2.2049
      Cm =  0.4807     CD =  0.69350   =>   CDf =  0.00309    CDp =  0.69042

 MRCHDU: Convergence failed at  19  side 2    Res =  0.4125E-01
 Side 1  free  transition at x/c =  0.6610   48
 Side 2  free  transition at x/c =  0.0035   14

 157   rms: 0.2650E+04   max: -.1883E+05   C at   88  2   RLX: 0.000
       a =  1.000      CL = -2.2049
      Cm =  0.4807     CD =  0.69360   =>   CDf =  0.00309    CDp =  0.69051

 MRCHDU: Convergence failed at  19  side 2    Res =  0.4118E-01
 Side 1  free  transition at x/c =  0.6610   48
 Side 2  free  transition at x/c =  0.0035   14

 158   rms: 0.4641E+04   max: 0.3792E+05   C at   88  2   RLX: 0.000
       a =  1.000      CL = -2.2050
      Cm =  0.4808     CD =  0.69310   =>   CDf =  0.00309    CDp =  0.69001

 MRCHDU: Convergence failed at  19  side 2    Res =  0.4135E-01
 Side 1  free  transition at x/c =  0.6610   48
 Side 2  free  transition at x/c =  0.0035   14

 159   rms: 0.4348E+03   max: -.2794E+04   C at   88  2   RLX: 0.000
       a =  1.000      CL = -2.2048
      Cm =  0.4807     CD =  0.69543   =>   CDf =  0.00309    CDp =  0.69234

 MRCHDU: Convergence failed at  19  side 2    Res =  0.4125E-01
 Side 1  free  transition at x/c =  0.6610   48
 Side 2  free  transition at x/c =  0.0035   14

 160   rms: 0.2200E+04   max: -.1548E+05   C at   88  2   RLX: 0.000
       a =  1.000      CL = -2.2047
      Cm =  0.4806     CD =  0.69554   =>   CDf =  0.00309    CDp =  0.69245

 MRCHDU: Convergence failed at  19  side 2    Res =  0.4118E-01
 Side 1  free  transition at x/c =  0.6610   48
 Side 2  free  transition at x/c =  0.0035   14

 161   rms: 0.5313E+04   max: 0.4283E+05   C at   88  2   RLX: 0.000
       a =  1.000      CL = -2.2049
      Cm =  0.4807     CD =  0.69505   =>   CDf =  0.00309    CDp =  0.69196

 MRCHDU: Convergence failed at  19  side 2    Res =  0.4135E-01
 Side 1  free  transition at x/c =  0.6610   48
 Side 2  free  transition at x/c =  0.0035   14

 162   rms: 0.3922E+03   max: -.2506E+04   C at   88  2   RLX: 0.000
       a =  1.000      CL = -2.2046
      Cm =  0.4806     CD =  0.69752   =>   CDf =  0.00309    CDp =  0.69443

 MRCHDU: Convergence failed at  19  side 2    Res =  0.4125E-01
 Side 1  free  transition at x/c =  0.6611   48
 Side 2  free  transition at x/c =  0.0035   14

 163   rms: 0.1861E+04   max: -.1298E+05   C at   88  2   RLX: 0.000
       a =  1.000      CL = -2.2046
      Cm =  0.4806     CD =  0.69764   =>   CDf =  0.00309    CDp =  0.69455

 MRCHDU: Convergence failed at  19  side 2    Res =  0.4118E-01
 Side 1  free  transition at x/c =  0.6611   48
 Side 2  free  transition at x/c =  0.0035   14

 164   rms: 0.6329E+04   max: 0.5038E+05   C at   88  2   RLX: 0.000
       a =  1.000      CL = -2.2048
      Cm =  0.4807     CD =  0.69716   =>   CDf =  0.00309    CDp =  0.69407

 MRCHDU: Convergence failed at  19  side 2    Res =  0.4135E-01
 Side 1  free  transition at x/c =  0.6611   48
 Side 2  free  transition at x/c =  0.0035   14

 165   rms: 0.3551E+03   max: -.2257E+04   C at   88  2   RLX: 0.000
       a =  1.000      CL = -2.2045
      Cm =  0.4806     CD =  0.69978   =>   CDf =  0.00309    CDp =  0.69669

 MRCHDU: Convergence failed at  19  side 2    Res =  0.4126E-01
 Side 1  free  transition at x/c =  0.6611   48
 Side 2  free  transition at x/c =  0.0035   14

 166   rms: 0.1598E+04   max: -.1105E+05   C at   88  2   RLX: 0.000
       a =  1.000      CL = -2.2045
      Cm =  0.4805     CD =  0.69991   =>   CDf =  0.00309    CDp =  0.69682

 MRCHDU: Convergence failed at  19  side 2    Res =  0.4118E-01
 Side 1  free  transition at x/c =  0.6611   48
 Side 2  free  transition at x/c =  0.0035   14

 167   rms: 0.7900E+04   max: 0.6213E+05   C at   88  2   RLX: 0.000
       a =  1.000      CL = -2.2046
      Cm =  0.4806     CD =  0.69944   =>   CDf =  0.00309    CDp =  0.69635

 MRCHDU: Convergence failed at  19  side 2    Res =  0.4136E-01
 Side 1  free  transition at x/c =  0.6611   48
 Side 2  free  transition at x/c =  0.0035   14

 168   rms: 0.3224E+03   max: -.2040E+04   C at   88  2   RLX: 0.000
       a =  1.000      CL = -2.2043
      Cm =  0.4805     CD =  0.70220   =>   CDf =  0.00309    CDp =  0.69911

 MRCHDU: Convergence failed at  19  side 2    Res =  0.4126E-01
 Side 1  free  transition at x/c =  0.6612   48
 Side 2  free  transition at x/c =  0.0035   14

 169   rms: 0.1390E+04   max: -.9536E+04   C at   88  2   RLX: 0.000
       a =  1.000      CL = -2.2043
      Cm =  0.4805     CD =  0.70235   =>   CDf =  0.00309    CDp =  0.69926

 MRCHDU: Convergence failed at  19  side 2    Res =  0.4118E-01
 Side 1  free  transition at x/c =  0.6612   48
 Side 2  free  transition at x/c =  0.0035   14

 170   rms: 0.1069E+05   max: 0.8312E+05   C at   88  2   RLX: 0.000
       a =  1.000      CL = -2.2045
      Cm =  0.4806     CD =  0.70189   =>   CDf =  0.00309    CDp =  0.69880

 MRCHDU: Convergence failed at  19  side 2    Res =  0.4136E-01
 Side 1  free  transition at x/c =  0.6612   48
 Side 2  free  transition at x/c =  0.0035   14

 171   rms: 0.2938E+03   max: -.1850E+04   C at   88  2   RLX: 0.000
       a =  1.000      CL = -2.2042
      Cm =  0.4804     CD =  0.70479   =>   CDf =  0.00309    CDp =  0.70170

 MRCHDU: Convergence failed at  19  side 2    Res =  0.4126E-01
 Side 1  free  transition at x/c =  0.6612   48
 Side 2  free  transition at x/c =  0.0035   14

 172   rms: 0.1222E+04   max: -.8321E+04   C at   88  2   RLX: 0.000
       a =  1.000      CL = -2.2041
      Cm =  0.4804     CD =  0.70496   =>   CDf =  0.00309    CDp =  0.70187

 MRCHDU: Convergence failed at  19  side 2    Res =  0.4118E-01
 Side 1  free  transition at x/c =  0.6612   48
 Side 2  free  transition at x/c =  0.0035   14

 173   rms: 0.1697E+05   max: 0.1305E+06   C at   88  2   RLX: 0.000
       a =  1.000      CL = -2.2043
      Cm =  0.4805     CD =  0.70452   =>   CDf =  0.00309    CDp =  0.70143

 MRCHDU: Convergence failed at  19  side 2    Res =  0.4136E-01
 Side 1  free  transition at x/c =  0.6613   48
 Side 2  free  transition at x/c =  0.0035   14

 174   rms: 0.2685E+03   max: -.1685E+04   C at   88  2   RLX: 0.000
       a =  1.000      CL = -2.2040
      Cm =  0.4804     CD =  0.70756   =>   CDf =  0.00309    CDp =  0.70447

 MRCHDU: Convergence failed at  19  side 2    Res =  0.4126E-01
 Side 1  free  transition at x/c =  0.6613   48
 Side 2  free  transition at x/c =  0.0035   14

 175   rms: 0.1084E+04   max: -.7329E+04   C at   88  2   RLX: 0.000
       a =  1.000      CL = -2.2039
      Cm =  0.4803     CD =  0.70775   =>   CDf =  0.00309    CDp =  0.70465

 MRCHDU: Convergence failed at  19  side 2    Res =  0.4118E-01
 Side 1  free  transition at x/c =  0.6613   48
 Side 2  free  transition at x/c =  0.0035   14

 176   rms: 0.4244E+05   max: 0.3231E+06   C at   88  2   RLX: 0.000
       a =  1.000      CL = -2.2041
      Cm =  0.4804     CD =  0.70732   =>   CDf =  0.00309    CDp =  0.70423

 MRCHDU: Convergence failed at  19  side 2    Res =  0.4136E-01
 Side 1  free  transition at x/c =  0.6613   48
 Side 2  free  transition at x/c =  0.0035   14

 177   rms: 0.2462E+03   max: -.1539E+04   C at   88  2   RLX: 0.000
       a =  1.000      CL = -2.2038
      Cm =  0.4803     CD =  0.71050   =>   CDf =  0.00309    CDp =  0.70741

 MRCHDU: Convergence failed at  19  side 2    Res =  0.4126E-01
 Side 1  free  transition at x/c =  0.6614   48
 Side 2  free  transition at x/c =  0.0035   14

 178   rms: 0.9686E+03   max: -.6508E+04   C at   88  2   RLX: 0.000
       a =  1.000      CL = -2.2037
      Cm =  0.4802     CD =  0.71072   =>   CDf =  0.00309    CDp =  0.70762

 MRCHDU: Convergence failed at  19  side 2    Res =  0.4118E-01
 Side 1  free  transition at x/c =  0.6614   48
 Side 2  free  transition at x/c =  0.0035   14

 179   rms: 0.6215E+05   max: -.4686E+06   C at   88  2   RLX: 0.000
       a =  1.000      CL = -2.2037
      Cm =  0.4802     CD =  0.71080   =>   CDf =  0.00309    CDp =  0.70771

 MRCHDU: Convergence failed at  19  side 2    Res =  0.4112E-01
 Side 1  free  transition at x/c =  0.6614   48
 Side 2  free  transition at x/c =  0.0035   14

 180   rms: 0.2759E+04   max: 0.2439E+05   C at   88  2   RLX: 0.000
       a =  1.000      CL = -2.2039
      Cm =  0.4803     CD =  0.71022   =>   CDf =  0.00309    CDp =  0.70712

 MRCHDU: Convergence failed at  19  side 2    Res =  0.4127E-01
 Side 1  free  transition at x/c =  0.6614   48
 Side 2  free  transition at x/c =  0.0035   14

 181   rms: 0.8280E+03   max: -.5513E+04   C at   88  2   RLX: 0.000
       a =  1.000      CL = -2.2037
      Cm =  0.4802     CD =  0.71198   =>   CDf =  0.00309    CDp =  0.70889

 MRCHDU: Convergence failed at  19  side 2    Res =  0.4118E-01
 Side 1  free  transition at x/c =  0.6614   48
 Side 2  free  transition at x/c =  0.0035   14

 182   rms: 0.1307E+05   max: -.9722E+05   C at   88  2   RLX: 0.000
       a =  1.000      CL = -2.2037
      Cm =  0.4802     CD =  0.71208   =>   CDf =  0.00309    CDp =  0.70899

 MRCHDU: Convergence failed at  19  side 2    Res =  0.4112E-01
 Side 1  free  transition at x/c =  0.6614   48
 Side 2  free  transition at x/c =  0.0035   14

 183   rms: 0.2956E+04   max: 0.2568E+05   C at   88  2   RLX: 0.000
       a =  1.000      CL = -2.2038
      Cm =  0.4802     CD =  0.71149   =>   CDf =  0.00309    CDp =  0.70840

 MRCHDU: Convergence failed at  19  side 2    Res =  0.4127E-01
 Side 1  free  transition at x/c =  0.6614   48
 Side 2  free  transition at x/c =  0.0035   14

 184   rms: 0.7163E+03   max: -.4730E+04   C at   88  2   RLX: 0.000
       a =  1.000      CL = -2.2036
      Cm =  0.4802     CD =  0.71336   =>   CDf =  0.00309    CDp =  0.71027

 MRCHDU: Convergence failed at  19  side 2    Res =  0.4119E-01
 Side 1  free  transition at x/c =  0.6615   48
 Side 2  free  transition at x/c =  0.0035   14

 185   rms: 0.7058E+04   max: -.5182E+05   C at   88  2   RLX: 0.000
       a =  1.000      CL = -2.2036
      Cm =  0.4801     CD =  0.71347   =>   CDf =  0.00309    CDp =  0.71038

 MRCHDU: Convergence failed at  19  side 2    Res =  0.4112E-01
 Side 1  free  transition at x/c =  0.6615   48
 Side 2  free  transition at x/c =  0.0035   14

 186   rms: 0.3198E+04   max: 0.2733E+05   C at   88  2   RLX: 0.000
       a =  1.000      CL = -2.2037
      Cm =  0.4802     CD =  0.71289   =>   CDf =  0.00309    CDp =  0.70980

 MRCHDU: Convergence failed at  19  side 2    Res =  0.4128E-01
 Side 1  free  transition at x/c =  0.6615   48
 Side 2  free  transition at x/c =  0.0035   14

 187   rms: 0.6258E+03   max: -.4101E+04   C at   88  2   RLX: 0.000
       a =  1.000      CL = -2.2035
      Cm =  0.4801     CD =  0.71487   =>   CDf =  0.00309    CDp =  0.71177

 MRCHDU: Convergence failed at  19  side 2    Res =  0.4119E-01
 Side 1  free  transition at x/c =  0.6615   48
 Side 2  free  transition at x/c =  0.0035   14

 188   rms: 0.4741E+04   max: -.3440E+05   C at   88  2   RLX: 0.000
       a =  1.000      CL = -2.2035
      Cm =  0.4801     CD =  0.71499   =>   CDf =  0.00309    CDp =  0.71190

 MRCHDU: Convergence failed at  19  side 2    Res =  0.4113E-01
 Side 1  free  transition at x/c =  0.6615   48
 Side 2  free  transition at x/c =  0.0035   14

 189   rms: 0.3496E+04   max: 0.2941E+05   C at   88  2   RLX: 0.000
       a =  1.000      CL = -2.2036
      Cm =  0.4802     CD =  0.71442   =>   CDf =  0.00309    CDp =  0.71132

 MRCHDU: Convergence failed at  19  side 2    Res =  0.4128E-01
 Side 1  free  transition at x/c =  0.6615   48
 Side 2  free  transition at x/c =  0.0035   14

 190   rms: 0.5515E+03   max: -.3588E+04   C at   88  2   RLX: 0.000
       a =  1.000      CL = -2.2034
      Cm =  0.4801     CD =  0.71651   =>   CDf =  0.00309    CDp =  0.71341

 MRCHDU: Convergence failed at  19  side 2    Res =  0.4120E-01
 Side 1  free  transition at x/c =  0.6615   48
 Side 2  free  transition at x/c =  0.0035   14

 191   rms: 0.3537E+04   max: -.2540E+05   C at   88  2   RLX: 0.000
       a =  1.000      CL = -2.2034
      Cm =  0.4800     CD =  0.71665   =>   CDf =  0.00309    CDp =  0.71356

 MRCHDU: Convergence failed at  19  side 2    Res =  0.4113E-01
 Side 1  free  transition at x/c =  0.6615   48
 Side 2  free  transition at x/c =  0.0035   14

 192   rms: 0.3871E+04   max: 0.3209E+05   C at   88  2   RLX: 0.000
       a =  1.000      CL = -2.2035
      Cm =  0.4801     CD =  0.71607   =>   CDf =  0.00309    CDp =  0.71298

 MRCHDU: Convergence failed at  19  side 2    Res =  0.4129E-01
 Side 1  free  transition at x/c =  0.6601   48
 Side 2  free  transition at x/c =  0.0035   14

 193   rms: 0.4610E+03   max: -.2984E+04   C at   88  2   RLX: 0.000
       a =  1.000      CL = -2.2036
      Cm =  0.4802     CD =  0.71830   =>   CDf =  0.00312    CDp =  0.71518

 MRCHDU: Convergence failed at  19  side 2    Res =  0.4120E-01
 Side 1  free  transition at x/c =  0.6601   48
 Side 2  free  transition at x/c =  0.0035   14

 194   rms: 0.2593E+04   max: -.1843E+05   C at   88  2   RLX: 0.000
       a =  1.000      CL = -2.2036
      Cm =  0.4801     CD =  0.71845   =>   CDf =  0.00312    CDp =  0.71533

 MRCHDU: Convergence failed at  19  side 2    Res =  0.4113E-01
 Side 1  free  transition at x/c =  0.6601   48
 Side 2  free  transition at x/c =  0.0035   14

 195   rms: 0.4291E+04   max: 0.3513E+05   C at   88  2   RLX: 0.000
       a =  1.000      CL = -2.2037
      Cm =  0.4802     CD =  0.71788   =>   CDf =  0.00312    CDp =  0.71476

 MRCHDU: Convergence failed at  19  side 2    Res =  0.4129E-01
 Side 1  free  transition at x/c =  0.6601   48
 Side 2  free  transition at x/c =  0.0035   14

 196   rms: 0.4117E+03   max: -.2650E+04   C at   88  2   RLX: 0.000
       a =  1.000      CL = -2.2034
      Cm =  0.4801     CD =  0.72016   =>   CDf =  0.00312    CDp =  0.71705

 MRCHDU: Convergence failed at  19  side 2    Res =  0.4120E-01
 Side 1  free  transition at x/c =  0.6601   48
 Side 2  free  transition at x/c =  0.0035   14

 197   rms: 0.2115E+04   max: -.1489E+05   C at   88  2   RLX: 0.000
       a =  1.000      CL = -2.2034
      Cm =  0.4801     CD =  0.72033   =>   CDf =  0.00312    CDp =  0.71721

 MRCHDU: Convergence failed at  19  side 2    Res =  0.4113E-01
 Side 1  free  transition at x/c =  0.6601   48
 Side 2  free  transition at x/c =  0.0035   14

 198   rms: 0.4720E+04   max: 0.3814E+05   C at   88  2   RLX: 0.000
       a =  1.000      CL = -2.2036
      Cm =  0.4802     CD =  0.71976   =>   CDf =  0.00312    CDp =  0.71665

 MRCHDU: Convergence failed at  19  side 2    Res =  0.4130E-01
 Side 1  free  transition at x/c =  0.6601   48
 Side 2  free  transition at x/c =  0.0035   14

 199   rms: 0.3699E+03   max: -.2367E+04   C at   88  2   RLX: 0.000
       a =  1.000      CL = -2.2033
      Cm =  0.4800     CD =  0.72217   =>   CDf =  0.00312    CDp =  0.71905

 MRCHDU: Convergence failed at  19  side 2    Res =  0.4120E-01
 Side 1  free  transition at x/c =  0.6602   48
 Side 2  free  transition at x/c =  0.0035   14

 200   rms: 0.1771E+04   max: -.1236E+05   C at   88  2   RLX: 0.000
       a =  1.000      CL = -2.2033
      Cm =  0.4800     CD =  0.72235   =>   CDf =  0.00312    CDp =  0.71924

 MRCHDU: Convergence failed at  19  side 2    Res =  0.4113E-01
 Side 1  free  transition at x/c =  0.6602   48
 Side 2  free  transition at x/c =  0.0035   14

 201   rms: 0.5598E+04   max: 0.4466E+05   C at   88  2   RLX: 0.000
       a =  1.000      CL = -2.2035
      Cm =  0.4801     CD =  0.72179   =>   CDf =  0.00312    CDp =  0.71868

 MRCHDU: Convergence failed at  19  side 2    Res =  0.4130E-01
 Side 1  free  transition at x/c =  0.6602   48
 Side 2  free  transition at x/c =  0.0035   14

 202   rms: 0.3339E+03   max: -.2127E+04   C at   88  2   RLX: 0.000
       a =  1.000      CL = -2.2031
      Cm =  0.4800     CD =  0.72432   =>   CDf =  0.00312    CDp =  0.72120

 MRCHDU: Convergence failed at  19  side 2    Res =  0.4121E-01
 Side 1  free  transition at x/c =  0.6602   48
 Side 2  free  transition at x/c =  0.0035   14

 203   rms: 0.1513E+04   max: -.1046E+05   C at   88  2   RLX: 0.000
       a =  1.000      CL = -2.2031
      Cm =  0.4799     CD =  0.72453   =>   CDf =  0.00312    CDp =  0.72141

 MRCHDU: Convergence failed at  19  side 2    Res =  0.4113E-01
 Side 1  free  transition at x/c =  0.6602   48
 Side 2  free  transition at x/c =  0.0035   14

 204   rms: 0.6940E+04   max: 0.5472E+05   C at   88  2   RLX: 0.000
       a =  1.000      CL = -2.2033
      Cm =  0.4800     CD =  0.72398   =>   CDf =  0.00312    CDp =  0.72086

 MRCHDU: Convergence failed at  19  side 2    Res =  0.4130E-01
 Side 1  free  transition at x/c =  0.6602   48
 Side 2  free  transition at x/c =  0.0035   14

 205   rms: 0.3029E+03   max: -.1920E+04   C at   88  2   RLX: 0.000
       a =  1.000      CL = -2.2030
      Cm =  0.4799     CD =  0.72662   =>   CDf =  0.00312    CDp =  0.72351
 VISCAL:  Convergence failed
      9.000    4.8904   0.726623   0.001259   0.001320   0.000061    0.6602     #
 Calculating wake trajectory ...
 Calculating source influence matrix ...

 Solving BL system ...

 MRCHDU: Convergence failed at  19  side 2    Res =  0.4121E-01
 Side 1  free  transition at x/c =  0.6603   48
 Side 2  free  transition at x/c =  0.0035   14

   1   rms: 0.1279E+04   max: -.8798E+04   C at   88  2   RLX: 0.000
       a =  2.000      CL = -2.2028
      Cm =  0.4799     CD =  0.72684   =>   CDf =  0.00311    CDp =  0.72373

 MRCHDU: Convergence failed at  19  side 2    Res =  0.4113E-01
 Side 1  free  transition at x/c =  0.6603   48
 Side 2  free  transition at x/c =  0.0035   14

   2   rms: 0.9165E+04   max: 0.7145E+05   C at   88  2   RLX: 0.000
       a =  2.000      CL = -2.2030
      Cm =  0.4800     CD =  0.72629   =>   CDf =  0.00311    CDp =  0.72318

 MRCHDU: Convergence failed at  19  side 2    Res =  0.4131E-01
 Side 1  free  transition at x/c =  0.6603   48
 Side 2  free  transition at x/c =  0.0035   14

   3   rms: 0.2635E+03   max: -.1664E+04   C at   88  2   RLX: 0.000
       a =  2.000      CL = -2.2026
      Cm =  0.4798     CD =  0.72894   =>   CDf =  0.00311    CDp =  0.72583

 MRCHDU: Convergence failed at  19  side 2    Res =  0.4121E-01
 Side 1  free  transition at x/c =  0.6603   48
 Side 2  free  transition at x/c =  0.0035   14

   4   rms: 0.1124E+04   max: -.7671E+04   C at   88  2   RLX: 0.000
       a =  2.000      CL = -2.2026
      Cm =  0.4798     CD =  0.72917   =>   CDf =  0.00311    CDp =  0.72606

 MRCHDU: Convergence failed at  19  side 2    Res =  0.4113E-01
 Side 1  free  transition at x/c =  0.6603   48
 Side 2  free  transition at x/c =  0.0035   14

   5   rms: 0.1404E+05   max: 0.1083E+06   C at   88  2   RLX: 0.000
       a =  2.000      CL = -2.2028
      Cm =  0.4799     CD =  0.72864   =>   CDf =  0.00311    CDp =  0.72553

 MRCHDU: Convergence failed at  19  side 2    Res =  0.4131E-01
 Side 1  free  transition at x/c =  0.6604   48
 Side 2  free  transition at x/c =  0.0035   14

   6   rms: 0.2410E+03   max: -.1516E+04   C at   88  2   RLX: 0.000
       a =  2.000      CL = -2.2025
      Cm =  0.4798     CD =  0.73139   =>   CDf =  0.00311    CDp =  0.72828

 MRCHDU: Convergence failed at  19  side 2    Res =  0.4121E-01
 Side 1  free  transition at x/c =  0.6604   48
 Side 2  free  transition at x/c =  0.0035   14

   7   rms: 0.9976E+03   max: -.6764E+04   C at   88  2   RLX: 0.000
       a =  2.000      CL = -2.2025
      Cm =  0.4797     CD =  0.73166   =>   CDf =  0.00311    CDp =  0.72855

 MRCHDU: Convergence failed at  19  side 2    Res =  0.4114E-01
 Side 1  free  transition at x/c =  0.6604   48
 Side 2  free  transition at x/c =  0.0035   14

   8   rms: 0.3135E+05   max: 0.2394E+06   C at   88  2   RLX: 0.000
       a =  2.000      CL = -2.2027
      Cm =  0.4798     CD =  0.73114   =>   CDf =  0.00311    CDp =  0.72803

 MRCHDU: Convergence failed at  19  side 2    Res =  0.4132E-01
 Side 1  free  transition at x/c =  0.6604   48
 Side 2  free  transition at x/c =  0.0035   14

   9   rms: 0.2253E+03   max: -.1412E+04   C at   88  2   RLX: 0.000
       a =  2.000      CL = -2.2023
      Cm =  0.4797     CD =  0.73404   =>   CDf =  0.00311    CDp =  0.73093

 MRCHDU: Convergence failed at  19  side 2    Res =  0.4121E-01
 Side 1  free  transition at x/c =  0.6605   48
 Side 2  free  transition at x/c =  0.0035   14

  10   rms: 0.8926E+03   max: -.6013E+04   C at   88  2   RLX: 0.000
       a =  2.000      CL = -2.2023
      Cm =  0.4796     CD =  0.73433   =>   CDf =  0.00311    CDp =  0.73122

 MRCHDU: Convergence failed at  19  side 2    Res =  0.4114E-01
 Side 1  free  transition at x/c =  0.6605   48
 Side 2  free  transition at x/c =  0.0035   14

  11   rms: 0.1164E+06   max: -.8806E+06   C at   88  2   RLX: 0.000
       a =  2.000      CL = -2.2023
      Cm =  0.4796     CD =  0.73444   =>   CDf =  0.00311    CDp =  0.73133

 MRCHDU: Convergence failed at  19  side 2    Res =  0.4108E-01
 Side 1  free  transition at x/c =  0.6605   48
 Side 2  free  transition at x/c =  0.0035   14

  12   rms: 0.2600E+04   max: 0.2306E+05   C at   88  2   RLX: 0.000
       a =  2.000      CL = -2.2024
      Cm =  0.4797     CD =  0.73376   =>   CDf =  0.00311    CDp =  0.73065

 MRCHDU: Convergence failed at  19  side 2    Res =  0.4122E-01
 Side 1  free  transition at x/c =  0.6605   48
 Side 2  free  transition at x/c =  0.0035   14

  13   rms: 0.7629E+03   max: -.5094E+04   C at   88  2   RLX: 0.000
       a =  2.000      CL = -2.2022
      Cm =  0.4796     CD =  0.73548   =>   CDf =  0.00311    CDp =  0.73236

 MRCHDU: Convergence failed at  19  side 2    Res =  0.4114E-01
 Side 1  free  transition at x/c =  0.6605   48
 Side 2  free  transition at x/c =  0.0035   14

  14   rms: 0.1437E+05   max: -.1072E+06   C at   88  2   RLX: 0.000
       a =  2.000      CL = -2.2022
      Cm =  0.4796     CD =  0.73561   =>   CDf =  0.00311    CDp =  0.73249

 MRCHDU: Convergence failed at  19  side 2    Res =  0.4108E-01
 Side 1  free  transition at x/c =  0.6605   48
 Side 2  free  transition at x/c =  0.0035   14

  15   rms: 0.2780E+04   max: 0.2424E+05   C at   88  2   RLX: 0.000
       a =  2.000      CL = -2.2024
      Cm =  0.4797     CD =  0.73493   =>   CDf =  0.00311    CDp =  0.73181

 MRCHDU: Convergence failed at  19  side 2    Res =  0.4123E-01
 Side 1  free  transition at x/c =  0.6605   48
 Side 2  free  transition at x/c =  0.0035   14

  16   rms: 0.6602E+03   max: -.4371E+04   C at   88  2   RLX: 0.000
       a =  2.000      CL = -2.2022
      Cm =  0.4796     CD =  0.73673   =>   CDf =  0.00311    CDp =  0.73362

 MRCHDU: Convergence failed at  19  side 2    Res =  0.4115E-01
 Side 1  free  transition at x/c =  0.6605   48
 Side 2  free  transition at x/c =  0.0035   14

  17   rms: 0.7328E+04   max: -.5396E+05   C at   88  2   RLX: 0.000
       a =  2.000      CL = -2.2022
      Cm =  0.4795     CD =  0.73688   =>   CDf =  0.00311    CDp =  0.73377

 MRCHDU: Convergence failed at  19  side 2    Res =  0.4108E-01
 Side 1  free  transition at x/c =  0.6605   48
 Side 2  free  transition at x/c =  0.0035   14

  18   rms: 0.2997E+04   max: 0.2571E+05   C at   88  2   RLX: 0.000
       a =  2.000      CL = -2.2023
      Cm =  0.4796     CD =  0.73620   =>   CDf =  0.00311    CDp =  0.73309

 MRCHDU: Convergence failed at  19  side 2    Res =  0.4123E-01
 Side 1  free  transition at x/c =  0.6606   48
 Side 2  free  transition at x/c =  0.0035   14

  19   rms: 0.5771E+03   max: -.3792E+04   C at   88  2   RLX: 0.000
       a =  2.000      CL = -2.2021
      Cm =  0.4795     CD =  0.73810   =>   CDf =  0.00311    CDp =  0.73499

 MRCHDU: Convergence failed at  19  side 2    Res =  0.4115E-01
 Side 1  free  transition at x/c =  0.6606   48
 Side 2  free  transition at x/c =  0.0035   14

  20   rms: 0.4824E+04   max: -.3510E+05   C at   88  2   RLX: 0.000
       a =  2.000      CL = -2.2021
      Cm =  0.4795     CD =  0.73827   =>   CDf =  0.00311    CDp =  0.73516

 MRCHDU: Convergence failed at  19  side 2    Res =  0.4109E-01
 Side 1  free  transition at x/c =  0.6606   48
 Side 2  free  transition at x/c =  0.0035   14

  21   rms: 0.3265E+04   max: 0.2757E+05   C at   88  2   RLX: 0.000
       a =  2.000      CL = -2.2023
      Cm =  0.4796     CD =  0.73759   =>   CDf =  0.00311    CDp =  0.73448

 MRCHDU: Convergence failed at  19  side 2    Res =  0.4124E-01
 Side 1  free  transition at x/c =  0.6606   48
 Side 2  free  transition at x/c =  0.0035   14

  22   rms: 0.5372E+03   max: -.3504E+04   C at   88  2   RLX: 0.000
       a =  2.000      CL = -2.2020
      Cm =  0.4795     CD =  0.73962   =>   CDf =  0.00311    CDp =  0.73651

 MRCHDU: Convergence failed at  19  side 2    Res =  0.4115E-01
 Side 1  free  transition at x/c =  0.6606   48
 Side 2  free  transition at x/c =  0.0035   14

  23   rms: 0.3543E+04   max: -.2549E+05   C at   88  2   RLX: 0.000
       a =  2.000      CL = -2.2020
      Cm =  0.4795     CD =  0.73980   =>   CDf =  0.00311    CDp =  0.73669

 MRCHDU: Convergence failed at  19  side 2    Res =  0.4109E-01
 Side 1  free  transition at x/c =  0.6606   48
 Side 2  free  transition at x/c =  0.0035   14

  24   rms: 0.3599E+04   max: 0.2994E+05   C at   88  2   RLX: 0.000
       a =  2.000      CL = -2.2022
      Cm =  0.4796     CD =  0.73913   =>   CDf =  0.00311    CDp =  0.73601

 MRCHDU: Convergence failed at  19  side 2    Res =  0.4125E-01
 Side 1  free  transition at x/c =  0.6606   48
 Side 2  free  transition at x/c =  0.0035   14

  25   rms: 0.4772E+03   max: -.3092E+04   C at   88  2   RLX: 0.000
       a =  2.000      CL = -2.2020
      Cm =  0.4795     CD =  0.74126   =>   CDf =  0.00311    CDp =  0.73814

 MRCHDU: Convergence failed at  19  side 2    Res =  0.4116E-01
 Side 1  free  transition at x/c =  0.6606   48
 Side 2  free  transition at x/c =  0.0035   14

  26   rms: 0.2768E+04   max: -.1971E+05   C at   88  2   RLX: 0.000
       a =  2.000      CL = -2.2020
      Cm =  0.4794     CD =  0.74146   =>   CDf =  0.00311    CDp =  0.73834

 MRCHDU: Convergence failed at  19  side 2    Res =  0.4109E-01
 Side 1  free  transition at x/c =  0.6606   48
 Side 2  free  transition at x/c =  0.0035   14

  27   rms: 0.4028E+04   max: 0.3305E+05   C at   88  2   RLX: 0.000
       a =  2.000      CL = -2.2021
      Cm =  0.4795     CD =  0.74079   =>   CDf =  0.00311    CDp =  0.73768

 MRCHDU: Convergence failed at  19  side 2    Res =  0.4125E-01
 Side 1  free  transition at x/c =  0.6607   48
 Side 2  free  transition at x/c =  0.0035   14

  28   rms: 0.4267E+03   max: -.2749E+04   C at   88  2   RLX: 0.000
       a =  2.000      CL = -2.2019
      Cm =  0.4794     CD =  0.74303   =>   CDf =  0.00311    CDp =  0.73991

 MRCHDU: Convergence failed at  19  side 2    Res =  0.4116E-01
 Side 1  free  transition at x/c =  0.6607   48
 Side 2  free  transition at x/c =  0.0035   14

  29   rms: 0.2249E+04   max: -.1586E+05   C at   88  2   RLX: 0.000
       a =  2.000      CL = -2.2019
      Cm =  0.4794     CD =  0.74325   =>   CDf =  0.00311    CDp =  0.74014

 MRCHDU: Convergence failed at  19  side 2    Res =  0.4109E-01
 Side 1  free  transition at x/c =  0.6607   48
 Side 2  free  transition at x/c =  0.0035   14

  30   rms: 0.4571E+04   max: 0.3701E+05   C at   88  2   RLX: 0.000
       a =  2.000      CL = -2.2020
      Cm =  0.4795     CD =  0.74259   =>   CDf =  0.00311    CDp =  0.73948

 MRCHDU: Convergence failed at  19  side 2    Res =  0.4126E-01
 Side 1  free  transition at x/c =  0.6607   48
 Side 2  free  transition at x/c =  0.0035   14

  31   rms: 0.3837E+03   max: -.2458E+04   C at   88  2   RLX: 0.000
       a =  2.000      CL = -2.2018
      Cm =  0.4794     CD =  0.74493   =>   CDf =  0.00311    CDp =  0.74181

 MRCHDU: Convergence failed at  19  side 2    Res =  0.4117E-01
 Side 1  free  transition at x/c =  0.6607   48
 Side 2  free  transition at x/c =  0.0035   14

  32   rms: 0.1879E+04   max: -.1313E+05   C at   88  2   RLX: 0.000
       a =  2.000      CL = -2.2018
      Cm =  0.4793     CD =  0.74518   =>   CDf =  0.00311    CDp =  0.74207

 MRCHDU: Convergence failed at  19  side 2    Res =  0.4110E-01
 Side 1  free  transition at x/c =  0.6607   48
 Side 2  free  transition at x/c =  0.0035   14

  33   rms: 0.5330E+04   max: 0.4263E+05   C at   88  2   RLX: 0.000
       a =  2.000      CL = -2.2020
      Cm =  0.4794     CD =  0.74453   =>   CDf =  0.00311    CDp =  0.74141

 MRCHDU: Convergence failed at  19  side 2    Res =  0.4126E-01
 Side 1  free  transition at x/c =  0.6607   48
 Side 2  free  transition at x/c =  0.0035   14

  34   rms: 0.3469E+03   max: -.2211E+04   C at   88  2   RLX: 0.000
       a =  2.000      CL = -2.2017
      Cm =  0.4793     CD =  0.74697   =>   CDf =  0.00311    CDp =  0.74386

 MRCHDU: Convergence failed at  19  side 2    Res =  0.4117E-01
 Side 1  free  transition at x/c =  0.6608   48
 Side 2  free  transition at x/c =  0.0035   14

  35   rms: 0.1602E+04   max: -.1110E+05   C at   88  2   RLX: 0.000
       a =  2.000      CL = -2.2017
      Cm =  0.4793     CD =  0.74725   =>   CDf =  0.00311    CDp =  0.74414

 MRCHDU: Convergence failed at  19  side 2    Res =  0.4110E-01
 Side 1  free  transition at x/c =  0.6608   48
 Side 2  free  transition at x/c =  0.0035   14

  36   rms: 0.6470E+04   max: 0.5113E+05   C at   88  2   RLX: 0.000
       a =  2.000      CL = -2.2019
      Cm =  0.4794     CD =  0.74661   =>   CDf =  0.00311    CDp =  0.74349

 MRCHDU: Convergence failed at  19  side 2    Res =  0.4127E-01
 Side 1  free  transition at x/c =  0.6608   48
 Side 2  free  transition at x/c =  0.0035   14

  37   rms: 0.3150E+03   max: -.1999E+04   C at   88  2   RLX: 0.000
       a =  2.000      CL = -2.2016
      Cm =  0.4793     CD =  0.74916   =>   CDf =  0.00311    CDp =  0.74605

 MRCHDU: Convergence failed at  19  side 2    Res =  0.4117E-01
 Side 1  free  transition at x/c =  0.6608   48
 Side 2  free  transition at x/c =  0.0035   14

  38   rms: 0.1388E+04   max: -.9538E+04   C at   88  2   RLX: 0.000
       a =  2.000      CL = -2.2016
      Cm =  0.4792     CD =  0.74948   =>   CDf =  0.00312    CDp =  0.74636

 MRCHDU: Convergence failed at  19  side 2    Res =  0.4110E-01
 Side 1  free  transition at x/c =  0.6608   48
 Side 2  free  transition at x/c =  0.0035   14

  39   rms: 0.8298E+04   max: 0.6484E+05   C at   88  2   RLX: 0.000
       a =  2.000      CL = -2.2017
      Cm =  0.4793     CD =  0.74884   =>   CDf =  0.00312    CDp =  0.74573

 MRCHDU: Convergence failed at  19  side 2    Res =  0.4127E-01
 Side 1  free  transition at x/c =  0.6609   48
 Side 2  free  transition at x/c =  0.0035   14

  40   rms: 0.2872E+03   max: -.1815E+04   C at   88  2   RLX: 0.000
       a =  2.000      CL = -2.2015
      Cm =  0.4792     CD =  0.75150   =>   CDf =  0.00312    CDp =  0.74839

 MRCHDU: Convergence failed at  19  side 2    Res =  0.4118E-01
 Side 1  free  transition at x/c =  0.6609   48
 Side 2  free  transition at x/c =  0.0035   14

  41   rms: 0.1222E+04   max: -.8355E+04   C at   88  2   RLX: 0.000
       a =  2.000      CL = -2.2014
      Cm =  0.4792     CD =  0.75186   =>   CDf =  0.00312    CDp =  0.74874

 MRCHDU: Convergence failed at  19  side 2    Res =  0.4110E-01
 Side 1  free  transition at x/c =  0.6609   48
 Side 2  free  transition at x/c =  0.0035   14

  42   rms: 0.1174E+05   max: 0.9077E+05   C at   88  2   RLX: 0.000
       a =  2.000      CL = -2.2016
      Cm =  0.4793     CD =  0.75123   =>   CDf =  0.00312    CDp =  0.74811

 MRCHDU: Convergence failed at  19  side 2    Res =  0.4128E-01
 Side 1  free  transition at x/c =  0.6609   48
 Side 2  free  transition at x/c =  0.0035   14

  43   rms: 0.2629E+03   max: -.1654E+04   C at   88  2   RLX: 0.000
       a =  2.000      CL = -2.2013
      Cm =  0.4791     CD =  0.75400   =>   CDf =  0.00312    CDp =  0.75088

 MRCHDU: Convergence failed at  19  side 2    Res =  0.4118E-01
 Side 1  free  transition at x/c =  0.6609   48
 Side 2  free  transition at x/c =  0.0035   14

  44   rms: 0.1083E+04   max: -.7352E+04   C at   88  2   RLX: 0.000
       a =  2.000      CL = -2.2013
      Cm =  0.4791     CD =  0.75439   =>   CDf =  0.00312    CDp =  0.75128

 MRCHDU: Convergence failed at  19  side 2    Res =  0.4110E-01
 Side 1  free  transition at x/c =  0.6609   48
 Side 2  free  transition at x/c =  0.0035   14

  45   rms: 0.2059E+05   max: 0.1576E+06   C at   88  2   RLX: 0.000
       a =  2.000      CL = -2.2015
      Cm =  0.4792     CD =  0.75378   =>   CDf =  0.00312    CDp =  0.75066

 MRCHDU: Convergence failed at  19  side 2    Res =  0.4128E-01
 Side 1  free  transition at x/c =  0.6610   48
 Side 2  free  transition at x/c =  0.0035   14

  46   rms: 0.2415E+03   max: -.1514E+04   C at   88  2   RLX: 0.000
       a =  2.000      CL = -2.2012
      Cm =  0.4791     CD =  0.75666   =>   CDf =  0.00312    CDp =  0.75354

 MRCHDU: Convergence failed at  19  side 2    Res =  0.4118E-01
 Side 1  free  transition at x/c =  0.6610   48
 Side 2  free  transition at x/c =  0.0035   14

  47   rms: 0.9676E+03   max: -.6529E+04   C at   88  2   RLX: 0.000
       a =  2.000      CL = -2.2011
      Cm =  0.4790     CD =  0.75709   =>   CDf =  0.00312    CDp =  0.75398

 MRCHDU: Convergence failed at  19  side 2    Res =  0.4110E-01
 Side 1  free  transition at x/c =  0.6610   48
 Side 2  free  transition at x/c =  0.0035   14

  48   rms: 0.8465E+05   max: 0.6418E+06   C at   88  2   RLX: 0.000
       a =  2.000      CL = -2.2013
      Cm =  0.4791     CD =  0.75649   =>   CDf =  0.00312    CDp =  0.75337

 MRCHDU: Convergence failed at  19  side 2    Res =  0.4128E-01
 Side 1  free  transition at x/c =  0.6610   48
 Side 2  free  transition at x/c =  0.0035   14

  49   rms: 0.2225E+03   max: -.1390E+04   C at   88  2   RLX: 0.000
       a =  2.000      CL = -2.2010
      Cm =  0.4790     CD =  0.75948   =>   CDf =  0.00312    CDp =  0.75636

 MRCHDU: Convergence failed at  19  side 2    Res =  0.4118E-01
 Side 1  free  transition at x/c =  0.6611   48
 Side 2  free  transition at x/c =  0.0035   14

  50   rms: 0.8711E+03   max: -.5842E+04   C at   88  2   RLX: 0.000
       a =  2.000      CL = -2.2010
      Cm =  0.4789     CD =  0.75996   =>   CDf =  0.00312    CDp =  0.75685

 MRCHDU: Convergence failed at  19  side 2    Res =  0.4111E-01
 Side 1  free  transition at x/c =  0.6611   48
 Side 2  free  transition at x/c =  0.0035   14

  51   rms: 0.3401E+05   max: -.2556E+06   C at   88  2   RLX: 0.000
       a =  2.000      CL = -2.2010
      Cm =  0.4789     CD =  0.76013   =>   CDf =  0.00312    CDp =  0.75701

 MRCHDU: Convergence failed at  19  side 2    Res =  0.4104E-01
 Side 1  free  transition at x/c =  0.6611   48
 Side 2  free  transition at x/c =  0.0035   14

  52   rms: 0.2601E+04   max: 0.2289E+05   C at   88  2   RLX: 0.000
       a =  2.000      CL = -2.2011
      Cm =  0.4790     CD =  0.75936   =>   CDf =  0.00312    CDp =  0.75624

 MRCHDU: Convergence failed at  19  side 2    Res =  0.4119E-01
 Side 1  free  transition at x/c =  0.6611   48
 Side 2  free  transition at x/c =  0.0035   14

  53   rms: 0.7493E+03   max: -.4983E+04   C at   88  2   RLX: 0.000
       a =  2.000      CL = -2.2009
      Cm =  0.4789     CD =  0.76117   =>   CDf =  0.00312    CDp =  0.75805

 MRCHDU: Convergence failed at  19  side 2    Res =  0.4111E-01
 Side 1  free  transition at x/c =  0.6611   48
 Side 2  free  transition at x/c =  0.0035   14

  54   rms: 0.1072E+05   max: -.7946E+05   C at   88  2   RLX: 0.000
       a =  2.000      CL = -2.2009
      Cm =  0.4789     CD =  0.76136   =>   CDf =  0.00312    CDp =  0.75824

 MRCHDU: Convergence failed at  19  side 2    Res =  0.4105E-01
 Side 1  free  transition at x/c =  0.6611   48
 Side 2  free  transition at x/c =  0.0035   14

  55   rms: 0.2785E+04   max: 0.2410E+05   C at   88  2   RLX: 0.000
       a =  2.000      CL = -2.2011
      Cm =  0.4790     CD =  0.76059   =>   CDf =  0.00312    CDp =  0.75747

 MRCHDU: Convergence failed at  19  side 2    Res =  0.4120E-01
 Side 1  free  transition at x/c =  0.6611   48
 Side 2  free  transition at x/c =  0.0035   14

  56   rms: 0.6518E+03   max: -.4300E+04   C at   88  2   RLX: 0.000
       a =  2.000      CL = -2.2009
      Cm =  0.4789     CD =  0.76249   =>   CDf =  0.00312    CDp =  0.75937

 MRCHDU: Convergence failed at  19  side 2    Res =  0.4112E-01
 Side 1  free  transition at x/c =  0.6611   48
 Side 2  free  transition at x/c =  0.0035   14

  57   rms: 0.6178E+04   max: -.4525E+05   C at   88  2   RLX: 0.000
       a =  2.000      CL = -2.2009
      Cm =  0.4788     CD =  0.76271   =>   CDf =  0.00312    CDp =  0.75959

 MRCHDU: Convergence failed at  19  side 2    Res =  0.4105E-01
 Side 1  free  transition at x/c =  0.6611   48
 Side 2  free  transition at x/c =  0.0035   14

  58   rms: 0.3006E+04   max: 0.2561E+05   C at   88  2   RLX: 0.000
       a =  2.000      CL = -2.2010
      Cm =  0.4789     CD =  0.76193   =>   CDf =  0.00312    CDp =  0.75881

 MRCHDU: Convergence failed at  19  side 2    Res =  0.4120E-01
 Side 1  free  transition at x/c =  0.6612   48
 Side 2  free  transition at x/c =  0.0035   14

  59   rms: 0.5639E+03   max: -.3693E+04   C at   88  2   RLX: 0.000
       a =  2.000      CL = -2.2008
      Cm =  0.4788     CD =  0.76392   =>   CDf =  0.00312    CDp =  0.76080

 MRCHDU: Convergence failed at  19  side 2    Res =  0.4112E-01
 Side 1  free  transition at x/c =  0.6612   48
 Side 2  free  transition at x/c =  0.0035   14

  60   rms: 0.4266E+04   max: -.3089E+05   C at   88  2   RLX: 0.000
       a =  2.000      CL = -2.2008
      Cm =  0.4788     CD =  0.76416   =>   CDf =  0.00312    CDp =  0.76104

 MRCHDU: Convergence failed at  19  side 2    Res =  0.4106E-01
 Side 1  free  transition at x/c =  0.6612   48
 Side 2  free  transition at x/c =  0.0035   14

  61   rms: 0.3280E+04   max: 0.2752E+05   C at   88  2   RLX: 0.000
       a =  2.000      CL = -2.2010
      Cm =  0.4789     CD =  0.76339   =>   CDf =  0.00312    CDp =  0.76027

 MRCHDU: Convergence failed at  19  side 2    Res =  0.4121E-01
 Side 1  free  transition at x/c =  0.6612   48
 Side 2  free  transition at x/c =  0.0035   14

  62   rms: 0.4992E+03   max: -.3248E+04   C at   88  2   RLX: 0.000
       a =  2.000      CL = -2.2007
      Cm =  0.4788     CD =  0.76547   =>   CDf =  0.00312    CDp =  0.76235

 MRCHDU: Convergence failed at  19  side 2    Res =  0.4112E-01
 Side 1  free  transition at x/c =  0.6612   48
 Side 2  free  transition at x/c =  0.0035   14

  63   rms: 0.3159E+04   max: -.2263E+05   C at   88  2   RLX: 0.000
       a =  2.000      CL = -2.2007
      Cm =  0.4788     CD =  0.76574   =>   CDf =  0.00312    CDp =  0.76262

 MRCHDU: Convergence failed at  19  side 2    Res =  0.4106E-01
 Side 1  free  transition at x/c =  0.6612   48
 Side 2  free  transition at x/c =  0.0035   14

  64   rms: 0.3582E+04   max: 0.2963E+05   C at   88  2   RLX: 0.000
       a =  2.000      CL = -2.2009
      Cm =  0.4789     CD =  0.76497   =>   CDf =  0.00312    CDp =  0.76185

 MRCHDU: Convergence failed at  19  side 2    Res =  0.4122E-01
 Side 1  free  transition at x/c =  0.6612   48
 Side 2  free  transition at x/c =  0.0035   14

  65   rms: 0.4451E+03   max: -.2878E+04   C at   88  2   RLX: 0.000
       a =  2.000      CL = -2.2006
      Cm =  0.4788     CD =  0.76714   =>   CDf =  0.00312    CDp =  0.76403

 MRCHDU: Convergence failed at  19  side 2    Res =  0.4113E-01
 Side 1  free  transition at x/c =  0.6613   48
 Side 2  free  transition at x/c =  0.0035   14

  66   rms: 0.2510E+04   max: -.1780E+05   C at   88  2   RLX: 0.000
       a =  2.000      CL = -2.2006
      Cm =  0.4787     CD =  0.76745   =>   CDf =  0.00312    CDp =  0.76433

 MRCHDU: Convergence failed at  19  side 2    Res =  0.4106E-01
 Side 1  free  transition at x/c =  0.6612   48
 Side 2  free  transition at x/c =  0.0035   14

  67   rms: 0.4019E+04   max: 0.3280E+05   C at   88  2   RLX: 0.000
       a =  2.000      CL = -2.2008
      Cm =  0.4788     CD =  0.76668   =>   CDf =  0.00312    CDp =  0.76357

 MRCHDU: Convergence failed at  19  side 2    Res =  0.4122E-01
 Side 1  free  transition at x/c =  0.6613   48
 Side 2  free  transition at x/c =  0.0035   14

  68   rms: 0.3993E+03   max: -.2567E+04   C at   88  2   RLX: 0.000
       a =  2.000      CL = -2.2005
      Cm =  0.4787     CD =  0.76895   =>   CDf =  0.00312    CDp =  0.76583

 MRCHDU: Convergence failed at  19  side 2    Res =  0.4113E-01
 Side 1  free  transition at x/c =  0.6613   48
 Side 2  free  transition at x/c =  0.0035   14

  69   rms: 0.2064E+04   max: -.1450E+05   C at   88  2   RLX: 0.000
       a =  2.000      CL = -2.2005
      Cm =  0.4787     CD =  0.76930   =>   CDf =  0.00312    CDp =  0.76618

 MRCHDU: Convergence failed at  19  side 2    Res =  0.4107E-01
 Side 1  free  transition at x/c =  0.6613   48
 Side 2  free  transition at x/c =  0.0035   14

  70   rms: 0.4569E+04   max: 0.3682E+05   C at   88  2   RLX: 0.000
       a =  2.000      CL = -2.2007
      Cm =  0.4788     CD =  0.76853   =>   CDf =  0.00312    CDp =  0.76541

 MRCHDU: Convergence failed at  19  side 2    Res =  0.4123E-01
 Side 1  free  transition at x/c =  0.6613   48
 Side 2  free  transition at x/c =  0.0035   14

  71   rms: 0.3599E+03   max: -.2302E+04   C at   88  2   RLX: 0.000
       a =  2.000      CL = -2.2004
      Cm =  0.4787     CD =  0.77090   =>   CDf =  0.00312    CDp =  0.76778

 MRCHDU: Convergence failed at  19  side 2    Res =  0.4114E-01
 Side 1  free  transition at x/c =  0.6613   48
 Side 2  free  transition at x/c =  0.0035   14

  72   rms: 0.1739E+04   max: -.1211E+05   C at   88  2   RLX: 0.000
       a =  2.000      CL = -2.2004
      Cm =  0.4786     CD =  0.77128   =>   CDf =  0.00312    CDp =  0.76816

 MRCHDU: Convergence failed at  19  side 2    Res =  0.4107E-01
 Side 1  free  transition at x/c =  0.6613   48
 Side 2  free  transition at x/c =  0.0035   14

  73   rms: 0.5357E+04   max: 0.4265E+05   C at   88  2   RLX: 0.000
       a =  2.000      CL = -2.2006
      Cm =  0.4787     CD =  0.77053   =>   CDf =  0.00312    CDp =  0.76741

 MRCHDU: Convergence failed at  19  side 2    Res =  0.4123E-01
 Side 1  free  transition at x/c =  0.6614   48
 Side 2  free  transition at x/c =  0.0035   14

  74   rms: 0.3262E+03   max: -.2076E+04   C at   88  2   RLX: 0.000
       a =  2.000      CL = -2.2003
      Cm =  0.4786     CD =  0.77299   =>   CDf =  0.00312    CDp =  0.76987

 MRCHDU: Convergence failed at  19  side 2    Res =  0.4114E-01
 Side 1  free  transition at x/c =  0.6614   48
 Side 2  free  transition at x/c =  0.0035   14

  75   rms: 0.1493E+04   max: -.1031E+05   C at   88  2   RLX: 0.000
       a =  2.000      CL = -2.2003
      Cm =  0.4786     CD =  0.77341   =>   CDf =  0.00312    CDp =  0.77029

 MRCHDU: Convergence failed at  19  side 2    Res =  0.4107E-01
 Side 1  free  transition at x/c =  0.6614   48
 Side 2  free  transition at x/c =  0.0035   14

  76   rms: 0.6542E+04   max: 0.5149E+05   C at   88  2   RLX: 0.000
       a =  2.000      CL = -2.2005
      Cm =  0.4787     CD =  0.77266   =>   CDf =  0.00312    CDp =  0.76954

 MRCHDU: Convergence failed at  19  side 2    Res =  0.4124E-01
 Side 1  free  transition at x/c =  0.6614   48
 Side 2  free  transition at x/c =  0.0035   14

  77   rms: 0.2973E+03   max: -.1884E+04   C at   88  2   RLX: 0.000
       a =  2.000      CL = -2.2002
      Cm =  0.4785     CD =  0.77523   =>   CDf =  0.00312    CDp =  0.77211

 MRCHDU: Convergence failed at  19  side 2    Res =  0.4115E-01
 Side 1  free  transition at x/c =  0.6614   48
 Side 2  free  transition at x/c =  0.0035   14

  78   rms: 0.1300E+04   max: -.8912E+04   C at   88  2   RLX: 0.000
       a =  2.000      CL = -2.2002
      Cm =  0.4785     CD =  0.77570   =>   CDf =  0.00312    CDp =  0.77258

 MRCHDU: Convergence failed at  19  side 2    Res =  0.4107E-01
 Side 1  free  transition at x/c =  0.6614   48
 Side 2  free  transition at x/c =  0.0035   14

  79   rms: 0.8481E+04   max: 0.6603E+05   C at   88  2   RLX: 0.000
       a =  2.000      CL = -2.2004
      Cm =  0.4786     CD =  0.77496   =>   CDf =  0.00312    CDp =  0.77184

 MRCHDU: Convergence failed at  19  side 2    Res =  0.4124E-01
 Side 1  free  transition at x/c =  0.6615   48
 Side 2  free  transition at x/c =  0.0035   14

  80   rms: 0.2717E+03   max: -.1715E+04   C at   88  2   RLX: 0.000
       a =  2.000      CL = -2.2001
      Cm =  0.4785     CD =  0.77762   =>   CDf =  0.00312    CDp =  0.77450

 MRCHDU: Convergence failed at  19  side 2    Res =  0.4115E-01
 Side 1  free  transition at x/c =  0.6615   48
 Side 2  free  transition at x/c =  0.0035   14

  81   rms: 0.1145E+04   max: -.7796E+04   C at   88  2   RLX: 0.000
       a =  2.000      CL = -2.2001
      Cm =  0.4784     CD =  0.77814   =>   CDf =  0.00312    CDp =  0.77502

 MRCHDU: Convergence failed at  19  side 2    Res =  0.4108E-01
 Side 1  free  transition at x/c =  0.6615   48
 Side 2  free  transition at x/c =  0.0035   14

  82   rms: 0.1221E+05   max: 0.9410E+05   C at   88  2   RLX: 0.000
       a =  2.000      CL = -2.2002
      Cm =  0.4785     CD =  0.77741   =>   CDf =  0.00312    CDp =  0.77429

 MRCHDU: Convergence failed at  19  side 2    Res =  0.4125E-01
 Side 1  free  transition at x/c =  0.6615   48
 Side 2  free  transition at x/c =  0.0035   14

  83   rms: 0.2493E+03   max: -.1568E+04   C at   88  2   RLX: 0.000
       a =  2.000      CL = -2.1999
      Cm =  0.4784     CD =  0.78017   =>   CDf =  0.00312    CDp =  0.77705

 MRCHDU: Convergence failed at  19  side 2    Res =  0.4115E-01
 Side 1  free  transition at x/c =  0.6614   48
 Side 2  free  transition at x/c =  0.0035   14

  84   rms: 0.1022E+04   max: -.6931E+04   C at   88  2   RLX: 0.000
       a =  2.000      CL = -2.1999
      Cm =  0.4784     CD =  0.78075   =>   CDf =  0.00312    CDp =  0.77763

 MRCHDU: Convergence failed at  19  side 2    Res =  0.4108E-01
 Side 1  free  transition at x/c =  0.6614   48
 Side 2  free  transition at x/c =  0.0035   14

  85   rms: 0.2243E+05   max: 0.1712E+06   C at   88  2   RLX: 0.000
       a =  2.000      CL = -2.2001
      Cm =  0.4785     CD =  0.78003   =>   CDf =  0.00312    CDp =  0.77691

 MRCHDU: Convergence failed at  19  side 2    Res =  0.4125E-01
 Side 1  free  transition at x/c =  0.6614   48
 Side 2  free  transition at x/c =  0.0035   14

  86   rms: 0.2294E+03   max: -.1437E+04   C at   88  2   RLX: 0.000
       a =  2.000      CL = -2.1998
      Cm =  0.4783     CD =  0.78289   =>   CDf =  0.00312    CDp =  0.77977

 MRCHDU: Convergence failed at  19  side 2    Res =  0.4115E-01
 Side 1  free  transition at x/c =  0.6615   48
 Side 2  free  transition at x/c =  0.0035   14

  87   rms: 0.9170E+03   max: -.6179E+04   C at   88  2   RLX: 0.000
       a =  2.000      CL = -2.1998
      Cm =  0.4783     CD =  0.78353   =>   CDf =  0.00312    CDp =  0.78040

 MRCHDU: Convergence failed at  19  side 2    Res =  0.4108E-01
 Side 1  free  transition at x/c =  0.6615   48
 Side 2  free  transition at x/c =  0.0035   14

  88   rms: 0.1400E+06   max: 0.1059E+07   C at   88  2   RLX: 0.000
       a =  2.000      CL = -2.2000
      Cm =  0.4784     CD =  0.78282   =>   CDf =  0.00313    CDp =  0.77969

 MRCHDU: Convergence failed at  19  side 2    Res =  0.4126E-01
 Side 1  free  transition at x/c =  0.6615   48
 Side 2  free  transition at x/c =  0.0035   14

  89   rms: 0.2118E+03   max: -.1323E+04   C at   88  2   RLX: 0.000
       a =  2.000      CL = -2.1996
      Cm =  0.4783     CD =  0.78577   =>   CDf =  0.00313    CDp =  0.78265

 MRCHDU: Convergence failed at  19  side 2    Res =  0.4116E-01
 Side 1  free  transition at x/c =  0.6615   48
 Side 2  free  transition at x/c =  0.0035   14

  90   rms: 0.8280E+03   max: -.5547E+04   C at   88  2   RLX: 0.000
       a =  2.000      CL = -2.1996
      Cm =  0.4782     CD =  0.78648   =>   CDf =  0.00313    CDp =  0.78335

 MRCHDU: Convergence failed at  19  side 2    Res =  0.4108E-01
 Side 1  free  transition at x/c =  0.6615   48
 Side 2  free  transition at x/c =  0.0035   14

  91   rms: 0.2830E+05   max: -.2122E+06   C at   88  2   RLX: 0.000
       a =  2.000      CL = -2.1996
      Cm =  0.4782     CD =  0.78671   =>   CDf =  0.00313    CDp =  0.78358

 MRCHDU: Convergence failed at  19  side 2    Res =  0.4102E-01
 Side 1  free  transition at x/c =  0.6615   48
 Side 2  free  transition at x/c =  0.0035   14

  92   rms: 0.2513E+04   max: 0.2206E+05   C at   88  2   RLX: 0.000
       a =  2.000      CL = -2.1997
      Cm =  0.4783     CD =  0.78583   =>   CDf =  0.00313    CDp =  0.78270

 MRCHDU: Convergence failed at  19  side 2    Res =  0.4116E-01
 Side 1  free  transition at x/c =  0.6616   49
 Side 2  free  transition at x/c =  0.0035   14

  93   rms: 0.7153E+03   max: -.4750E+04   C at   88  2   RLX: 0.000
       a =  2.000      CL = -2.1995
      Cm =  0.4782     CD =  0.78771   =>   CDf =  0.00313    CDp =  0.78458

 MRCHDU: Convergence failed at  19  side 2    Res =  0.4109E-01
 Side 1  free  transition at x/c =  0.6616   49
 Side 2  free  transition at x/c =  0.0035   14

  94   rms: 0.9502E+04   max: -.7037E+05   C at   88  2   RLX: 0.000
       a =  2.000      CL = -2.1995
      Cm =  0.4781     CD =  0.78798   =>   CDf =  0.00313    CDp =  0.78485

 MRCHDU: Convergence failed at  19  side 2    Res =  0.4103E-01
 Side 1  free  transition at x/c =  0.6616   49
 Side 2  free  transition at x/c =  0.0035   14

  95   rms: 0.2754E+04   max: 0.2378E+05   C at   88  2   RLX: 0.000
       a =  2.000      CL = -2.1997
      Cm =  0.4782     CD =  0.78710   =>   CDf =  0.00313    CDp =  0.78398

 MRCHDU: Convergence failed at  19  side 2    Res =  0.4117E-01
 Side 1  free  transition at x/c =  0.6616   49
 Side 2  free  transition at x/c =  0.0035   14

  96   rms: 0.6238E+03   max: -.4111E+04   C at   88  2   RLX: 0.000
       a =  2.000      CL = -2.1995
      Cm =  0.4781     CD =  0.78907   =>   CDf =  0.00313    CDp =  0.78595

 MRCHDU: Convergence failed at  19  side 2    Res =  0.4109E-01
 Side 1  free  transition at x/c =  0.6616   49
 Side 2  free  transition at x/c =  0.0035   14

  97   rms: 0.5702E+04   max: -.4173E+05   C at   88  2   RLX: 0.000
       a =  2.000      CL = -2.1995
      Cm =  0.4781     CD =  0.78938   =>   CDf =  0.00313    CDp =  0.78625

 MRCHDU: Convergence failed at  19  side 2    Res =  0.4103E-01
 Side 1  free  transition at x/c =  0.6616   49
 Side 2  free  transition at x/c =  0.0035   14

  98   rms: 0.2975E+04   max: 0.2529E+05   C at   88  2   RLX: 0.000
       a =  2.000      CL = -2.1996
      Cm =  0.4782     CD =  0.78850   =>   CDf =  0.00313    CDp =  0.78538

 MRCHDU: Convergence failed at  19  side 2    Res =  0.4118E-01
 Side 1  free  transition at x/c =  0.6616   49
 Side 2  free  transition at x/c =  0.0035   14

  99   rms: 0.5194E+03   max: -.3399E+04   C at   88  2   RLX: 0.000
       a =  2.000      CL = -2.1994
      Cm =  0.4781     CD =  0.79053   =>   CDf =  0.00313    CDp =  0.78740

 MRCHDU: Convergence failed at  19  side 2    Res =  0.4110E-01
 Side 1  free  transition at x/c =  0.6616   49
 Side 2  free  transition at x/c =  0.0035   14

 100   rms: 0.4012E+04   max: -.2904E+05   C at   88  2   RLX: 0.000
       a =  2.000      CL = -2.1994
      Cm =  0.4781     CD =  0.79089   =>   CDf =  0.00313    CDp =  0.78776

 MRCHDU: Convergence failed at  19  side 2    Res =  0.4103E-01
 Side 1  free  transition at x/c =  0.6616   49
 Side 2  free  transition at x/c =  0.0035   14

 101   rms: 0.3248E+04   max: 0.2721E+05   C at   88  2   RLX: 0.000
       a =  2.000      CL = -2.1995
      Cm =  0.4782     CD =  0.79001   =>   CDf =  0.00313    CDp =  0.78689

 MRCHDU: Convergence failed at  19  side 2    Res =  0.4119E-01
 Side 1  free  transition at x/c =  0.6617   49
 Side 2  free  transition at x/c =  0.0035   14

 102   rms: 0.4609E+03   max: -.2997E+04   C at   88  2   RLX: 0.000
       a =  2.000      CL = -2.1993
      Cm =  0.4781     CD =  0.79212   =>   CDf =  0.00313    CDp =  0.78899

 MRCHDU: Convergence failed at  19  side 2    Res =  0.4110E-01
 Side 1  free  transition at x/c =  0.6617   49
 Side 2  free  transition at x/c =  0.0035   14

 103   rms: 0.3058E+04   max: -.2190E+05   C at   88  2   RLX: 0.000
       a =  2.000      CL = -2.1993
      Cm =  0.4780     CD =  0.79252   =>   CDf =  0.00313    CDp =  0.78940

 MRCHDU: Convergence failed at  19  side 2    Res =  0.4104E-01
 Side 1  free  transition at x/c =  0.6617   49
 Side 2  free  transition at x/c =  0.0035   14

 104   rms: 0.3590E+04   max: 0.2965E+05   C at   88  2   RLX: 0.000
       a =  2.000      CL = -2.1994
      Cm =  0.4781     CD =  0.79165   =>   CDf =  0.00313    CDp =  0.78852

 MRCHDU: Convergence failed at  19  side 2    Res =  0.4119E-01
 Side 1  free  transition at x/c =  0.6617   49
 Side 2  free  transition at x/c =  0.0035   14

 105   rms: 0.4352E+03   max: -.2812E+04   C at   88  2   RLX: 0.000
       a =  2.000      CL = -2.1992
      Cm =  0.4780     CD =  0.79389   =>   CDf =  0.00313    CDp =  0.79076

 MRCHDU: Convergence failed at  19  side 2    Res =  0.4111E-01
 Side 1  free  transition at x/c =  0.6617   49
 Side 2  free  transition at x/c =  0.0035   14

 106   rms: 0.2445E+04   max: -.1735E+05   C at   88  2   RLX: 0.000
       a =  2.000      CL = -2.1992
      Cm =  0.4780     CD =  0.79432   =>   CDf =  0.00313    CDp =  0.79119

 MRCHDU: Convergence failed at  19  side 2    Res =  0.4104E-01
 Side 1  free  transition at x/c =  0.6617   49
 Side 2  free  transition at x/c =  0.0035   14

 107   rms: 0.4008E+04   max: 0.3267E+05   C at   88  2   RLX: 0.000
       a =  2.000      CL = -2.1993
      Cm =  0.4781     CD =  0.79345   =>   CDf =  0.00313    CDp =  0.79032

 MRCHDU: Convergence failed at  19  side 2    Res =  0.4120E-01
 Side 1  free  transition at x/c =  0.6617   49
 Side 2  free  transition at x/c =  0.0035   14

 108   rms: 0.3701E+03   max: -.2379E+04   C at   88  2   RLX: 0.000
       a =  2.000      CL = -2.1991
      Cm =  0.4780     CD =  0.79573   =>   CDf =  0.00313    CDp =  0.79260

 MRCHDU: Convergence failed at  19  side 2    Res =  0.4111E-01
 Side 1  free  transition at x/c =  0.6618   49
 Side 2  free  transition at x/c =  0.0035   14

 109   rms: 0.2020E+04   max: -.1420E+05   C at   88  2   RLX: 0.000
       a =  2.000      CL = -2.1991
      Cm =  0.4779     CD =  0.79623   =>   CDf =  0.00313    CDp =  0.79310

 MRCHDU: Convergence failed at  19  side 2    Res =  0.4104E-01
 Side 1  free  transition at x/c =  0.6618   49
 Side 2  free  transition at x/c =  0.0035   14

 110   rms: 0.4578E+04   max: 0.3685E+05   C at   88  2   RLX: 0.000
       a =  2.000      CL = -2.1992
      Cm =  0.4780     CD =  0.79536   =>   CDf =  0.00313    CDp =  0.79224

 MRCHDU: Convergence failed at  19  side 2    Res =  0.4120E-01
 Side 1  free  transition at x/c =  0.6618   49
 Side 2  free  transition at x/c =  0.0035   14

 111   rms: 0.3344E+03   max: -.2138E+04   C at   88  2   RLX: 0.000
       a =  2.000      CL = -2.1989
      Cm =  0.4779     CD =  0.79772   =>   CDf =  0.00313    CDp =  0.79460

 MRCHDU: Convergence failed at  19  side 2    Res =  0.4112E-01
 Side 1  free  transition at x/c =  0.6618   49
 Side 2  free  transition at x/c =  0.0035   14

 112   rms: 0.1708E+04   max: -.1191E+05   C at   88  2   RLX: 0.000
       a =  2.000      CL = -2.1989
      Cm =  0.4779     CD =  0.79828   =>   CDf =  0.00313    CDp =  0.79516

 MRCHDU: Convergence failed at  19  side 2    Res =  0.4105E-01
 Side 1  free  transition at x/c =  0.6618   49
 Side 2  free  transition at x/c =  0.0035   14

 113   rms: 0.5380E+04   max: 0.4280E+05   C at   88  2   RLX: 0.000
       a =  2.000      CL = -2.1991
      Cm =  0.4780     CD =  0.79742   =>   CDf =  0.00313    CDp =  0.79429

 MRCHDU: Convergence failed at  19  side 2    Res =  0.4121E-01
 Side 1  free  transition at x/c =  0.6618   49
 Side 2  free  transition at x/c =  0.0035   14

 114   rms: 0.3208E+03   max: -.2041E+04   C at   88  2   RLX: 0.000
       a =  2.000      CL = -2.1988
      Cm =  0.4778     CD =  0.79993   =>   CDf =  0.00313    CDp =  0.79681

 MRCHDU: Convergence failed at  19  side 2    Res =  0.4112E-01
 Side 1  free  transition at x/c =  0.6619   49
 Side 2  free  transition at x/c =  0.0035   14

 115   rms: 0.1471E+04   max: -.1017E+05   C at   88  2   RLX: 0.000
       a =  2.000      CL = -2.1988
      Cm =  0.4778     CD =  0.80053   =>   CDf =  0.00313    CDp =  0.79740

 MRCHDU: Convergence failed at  19  side 2    Res =  0.4105E-01
 Side 1  free  transition at x/c =  0.6619   49
 Side 2  free  transition at x/c =  0.0035   14

 116   rms: 0.6491E+04   max: 0.5106E+05   C at   88  2   RLX: 0.000
       a =  2.000      CL = -2.1990
      Cm =  0.4779     CD =  0.79967   =>   CDf =  0.00313    CDp =  0.79654

 MRCHDU: Convergence failed at  19  side 2    Res =  0.4122E-01
 Side 1  free  transition at x/c =  0.6619   49
 Side 2  free  transition at x/c =  0.0035   14

 117   rms: 0.2768E+03   max: -.1754E+04   C at   88  2   RLX: 0.000
       a =  2.000      CL = -2.1987
      Cm =  0.4778     CD =  0.80221   =>   CDf =  0.00313    CDp =  0.79908

 MRCHDU: Convergence failed at  19  side 2    Res =  0.4112E-01
 Side 1  free  transition at x/c =  0.6619   49
 Side 2  free  transition at x/c =  0.0035   14

 118   rms: 0.1284E+04   max: -.8818E+04   C at   88  2   RLX: 0.000
       a =  2.000      CL = -2.1986
      Cm =  0.4777     CD =  0.80289   =>   CDf =  0.00313    CDp =  0.79977

 MRCHDU: Convergence failed at  19  side 2    Res =  0.4105E-01
 Side 1  free  transition at x/c =  0.6619   49
 Side 2  free  transition at x/c =  0.0035   14

 119   rms: 0.8516E+04   max: 0.6628E+05   C at   88  2   RLX: 0.000
       a =  2.000      CL = -2.1988
      Cm =  0.4778     CD =  0.80204   =>   CDf =  0.00313    CDp =  0.79892

 MRCHDU: Convergence failed at  19  side 2    Res =  0.4122E-01
 Side 1  free  transition at x/c =  0.6620   49
 Side 2  free  transition at x/c =  0.0035   14

 120   rms: 0.2534E+03   max: -.1600E+04   C at   88  2   RLX: 0.000
       a =  2.000      CL = -2.1985
      Cm =  0.4777     CD =  0.80467   =>   CDf =  0.00313    CDp =  0.80154

 MRCHDU: Convergence failed at  19  side 2    Res =  0.4113E-01
 Side 1  free  transition at x/c =  0.6620   49
 Side 2  free  transition at x/c =  0.0035   14

 121   rms: 0.1134E+04   max: -.7732E+04   C at   88  2   RLX: 0.000
       a =  2.000      CL = -2.1985
      Cm =  0.4777     CD =  0.80542   =>   CDf =  0.00313    CDp =  0.80230

 MRCHDU: Convergence failed at  19  side 2    Res =  0.4106E-01
 Side 1  free  transition at x/c =  0.6620   49
 Side 2  free  transition at x/c =  0.0035   14

 122   rms: 0.1229E+05   max: 0.9467E+05   C at   88  2   RLX: 0.000
       a =  2.000      CL = -2.1987
      Cm =  0.4778     CD =  0.80458   =>   CDf =  0.00313    CDp =  0.80146

 MRCHDU: Convergence failed at  19  side 2    Res =  0.4123E-01
 Side 1  free  transition at x/c =  0.6620   49
 Side 2  free  transition at x/c =  0.0035   14

 123   rms: 0.2328E+03   max: -.1464E+04   C at   88  2   RLX: 0.000
       a =  2.000      CL = -2.1983
      Cm =  0.4776     CD =  0.80730   =>   CDf =  0.00313    CDp =  0.80417

 MRCHDU: Convergence failed at  19  side 2    Res =  0.4113E-01
 Side 1  free  transition at x/c =  0.6621   49
 Side 2  free  transition at x/c =  0.0035   14

 124   rms: 0.1010E+04   max: -.6847E+04   C at   88  2   RLX: 0.000
       a =  2.000      CL = -2.1983
      Cm =  0.4776     CD =  0.80813   =>   CDf =  0.00313    CDp =  0.80500

 MRCHDU: Convergence failed at  19  side 2    Res =  0.4106E-01
 Side 1  free  transition at x/c =  0.6621   49
 Side 2  free  transition at x/c =  0.0035   14

 125   rms: 0.2267E+05   max: 0.1730E+06   C at   88  2   RLX: 0.000
       a =  2.000      CL = -2.1985
      Cm =  0.4777     CD =  0.80729   =>   CDf =  0.00313    CDp =  0.80417

 MRCHDU: Convergence failed at  19  side 2    Res =  0.4123E-01
 Side 1  free  transition at x/c =  0.6621   49
 Side 2  free  transition at x/c =  0.0035   14

 126   rms: 0.2268E+03   max: -.1420E+04   C at   88  2   RLX: 0.000
       a =  2.000      CL = -2.1981
      Cm =  0.4775     CD =  0.81019   =>   CDf =  0.00313    CDp =  0.80706

 MRCHDU: Convergence failed at  19  side 2    Res =  0.4113E-01
 Side 1  free  transition at x/c =  0.6621   49
 Side 2  free  transition at x/c =  0.0035   14

 127   rms: 0.9076E+03   max: -.6114E+04   C at   88  2   RLX: 0.000
       a =  2.000      CL = -2.1981
      Cm =  0.4775     CD =  0.81106   =>   CDf =  0.00313    CDp =  0.80793

 MRCHDU: Convergence failed at  19  side 2    Res =  0.4106E-01
 Side 1  free  transition at x/c =  0.6621   49
 Side 2  free  transition at x/c =  0.0035   14

 128   rms: 0.1634E+06   max: 0.1236E+07   C at   88  2   RLX: 0.000
       a =  2.000      CL = -2.1983
      Cm =  0.4776     CD =  0.81023   =>   CDf =  0.00313    CDp =  0.80711

 MRCHDU: Convergence failed at  19  side 2    Res =  0.4124E-01
 Side 1  free  transition at x/c =  0.6621   49
 Side 2  free  transition at x/c =  0.0035   14

 129   rms: 0.1984E+03   max: -.1240E+04   C at   88  2   RLX: 0.000
       a =  2.000      CL = -2.1979
      Cm =  0.4775     CD =  0.81312   =>   CDf =  0.00313    CDp =  0.81000

 MRCHDU: Convergence failed at  19  side 2    Res =  0.4114E-01
 Side 1  free  transition at x/c =  0.6622   49
 Side 2  free  transition at x/c =  0.0035   14

 130   rms: 0.8207E+03   max: -.5497E+04   C at   88  2   RLX: 0.000
       a =  2.000      CL = -2.1979
      Cm =  0.4774     CD =  0.81412   =>   CDf =  0.00313    CDp =  0.81100

 MRCHDU: Convergence failed at  19  side 2    Res =  0.4106E-01
 Side 1  free  transition at x/c =  0.6622   49
 Side 2  free  transition at x/c =  0.0035   14

 131   rms: 0.2905E+05   max: -.2179E+06   C at   88  2   RLX: 0.000
       a =  2.000      CL = -2.1979
      Cm =  0.4774     CD =  0.81443   =>   CDf =  0.00313    CDp =  0.81130

 MRCHDU: Convergence failed at  19  side 2    Res =  0.4100E-01
 Side 1  free  transition at x/c =  0.6622   49
 Side 2  free  transition at x/c =  0.0035   14

 132   rms: 0.2493E+04   max: 0.2188E+05   C at   88  2   RLX: 0.000
       a =  2.000      CL = -2.1980
      Cm =  0.4774     CD =  0.81344   =>   CDf =  0.00313    CDp =  0.81032

 MRCHDU: Convergence failed at  19  side 2    Res =  0.4115E-01
 Side 1  free  transition at x/c =  0.6622   49
 Side 2  free  transition at x/c =  0.0035   14

 133   rms: 0.7081E+03   max: -.4703E+04   C at   88  2   RLX: 0.000
       a =  2.000      CL = -2.1978
      Cm =  0.4774     CD =  0.81541   =>   CDf =  0.00313    CDp =  0.81229

 MRCHDU: Convergence failed at  19  side 2    Res =  0.4107E-01
 Side 1  free  transition at x/c =  0.6622   49
 Side 2  free  transition at x/c =  0.0035   14

 134   rms: 0.9882E+04   max: -.7316E+05   C at   88  2   RLX: 0.000
       a =  2.000      CL = -2.1978
      Cm =  0.4773     CD =  0.81576   =>   CDf =  0.00313    CDp =  0.81263

 MRCHDU: Convergence failed at  19  side 2    Res =  0.4101E-01
 Side 1  free  transition at x/c =  0.6622   49
 Side 2  free  transition at x/c =  0.0035   14

 135   rms: 0.2667E+04   max: 0.2303E+05   C at   88  2   RLX: 0.000
       a =  2.000      CL = -2.1980
      Cm =  0.4774     CD =  0.81477   =>   CDf =  0.00313    CDp =  0.81165

 MRCHDU: Convergence failed at  19  side 2    Res =  0.4115E-01
 Side 1  free  transition at x/c =  0.6623   49
 Side 2  free  transition at x/c =  0.0035   14

 136   rms: 0.5841E+03   max: -.3851E+04   C at   88  2   RLX: 0.000
       a =  2.000      CL = -2.1977
      Cm =  0.4773     CD =  0.81679   =>   CDf =  0.00313    CDp =  0.81367

 MRCHDU: Convergence failed at  19  side 2    Res =  0.4107E-01
 Side 1  free  transition at x/c =  0.6623   49
 Side 2  free  transition at x/c =  0.0035   14

 137   rms: 0.5841E+04   max: -.4276E+05   C at   88  2   RLX: 0.000
       a =  2.000      CL = -2.1977
      Cm =  0.4773     CD =  0.81720   =>   CDf =  0.00313    CDp =  0.81407

 MRCHDU: Convergence failed at  19  side 2    Res =  0.4101E-01
 Side 1  free  transition at x/c =  0.6623   49
 Side 2  free  transition at x/c =  0.0035   14

 138   rms: 0.2876E+04   max: 0.2446E+05   C at   88  2   RLX: 0.000
       a =  2.000      CL = -2.1979
      Cm =  0.4774     CD =  0.81621   =>   CDf =  0.00313    CDp =  0.81308

 MRCHDU: Convergence failed at  19  side 2    Res =  0.4116E-01
 Side 1  free  transition at x/c =  0.6623   49
 Side 2  free  transition at x/c =  0.0035   14

 139   rms: 0.5144E+03   max: -.3367E+04   C at   88  2   RLX: 0.000
       a =  2.000      CL = -2.1976
      Cm =  0.4773     CD =  0.81831   =>   CDf =  0.00313    CDp =  0.81518

 MRCHDU: Convergence failed at  19  side 2    Res =  0.4108E-01
 Side 1  free  transition at x/c =  0.6623   49
 Side 2  free  transition at x/c =  0.0035   14

 140   rms: 0.4070E+04   max: -.2947E+05   C at   88  2   RLX: 0.000
       a =  2.000      CL = -2.1976
      Cm =  0.4772     CD =  0.81876   =>   CDf =  0.00313    CDp =  0.81564

 MRCHDU: Convergence failed at  19  side 2    Res =  0.4102E-01
 Side 1  free  transition at x/c =  0.6623   49
 Side 2  free  transition at x/c =  0.0035   14

 141   rms: 0.3132E+04   max: 0.2625E+05   C at   88  2   RLX: 0.000
       a =  2.000      CL = -2.1978
      Cm =  0.4773     CD =  0.81777   =>   CDf =  0.00313    CDp =  0.81464

 MRCHDU: Convergence failed at  19  side 2    Res =  0.4117E-01
 Side 1  free  transition at x/c =  0.6623   49
 Side 2  free  transition at x/c =  0.0035   14

 142   rms: 0.4566E+03   max: -.2970E+04   C at   88  2   RLX: 0.000
       a =  2.000      CL = -2.1976
      Cm =  0.4772     CD =  0.81996   =>   CDf =  0.00313    CDp =  0.81683

 MRCHDU: Convergence failed at  19  side 2    Res =  0.4108E-01
 Side 1  free  transition at x/c =  0.6623   49
 Side 2  free  transition at x/c =  0.0035   14

 143   rms: 0.3085E+04   max: -.2211E+05   C at   88  2   RLX: 0.000
       a =  2.000      CL = -2.1975
      Cm =  0.4772     CD =  0.82046   =>   CDf =  0.00313    CDp =  0.81734

 MRCHDU: Convergence failed at  19  side 2    Res =  0.4102E-01
 Side 1  free  transition at x/c =  0.6623   49
 Side 2  free  transition at x/c =  0.0035   14

 144   rms: 0.3453E+04   max: 0.2854E+05   C at   88  2   RLX: 0.000
       a =  2.000      CL = -2.1977
      Cm =  0.4773     CD =  0.81947   =>   CDf =  0.00313    CDp =  0.81634

 MRCHDU: Convergence failed at  19  side 2    Res =  0.4117E-01
 Side 1  free  transition at x/c =  0.6624   49
 Side 2  free  transition at x/c =  0.0035   14

 145   rms: 0.4080E+03   max: -.2638E+04   C at   88  2   RLX: 0.000
       a =  2.000      CL = -2.1974
      Cm =  0.4772     CD =  0.82174   =>   CDf =  0.00313    CDp =  0.81861

 MRCHDU: Convergence failed at  19  side 2    Res =  0.4109E-01
 Side 1  free  transition at x/c =  0.6624   49
 Side 2  free  transition at x/c =  0.0035   14

 146   rms: 0.2459E+04   max: -.1745E+05   C at   88  2   RLX: 0.000
       a =  2.000      CL = -2.1974
      Cm =  0.4772     CD =  0.82230   =>   CDf =  0.00313    CDp =  0.81918

 MRCHDU: Convergence failed at  19  side 2    Res =  0.4102E-01
 Side 1  free  transition at x/c =  0.6624   49
 Side 2  free  transition at x/c =  0.0035   14

 147   rms: 0.3864E+04   max: 0.3152E+05   C at   88  2   RLX: 0.000
       a =  2.000      CL = -2.1976
      Cm =  0.4772     CD =  0.82131   =>   CDf =  0.00313    CDp =  0.81818

 MRCHDU: Convergence failed at  19  side 2    Res =  0.4118E-01
 Side 1  free  transition at x/c =  0.6624   49
 Side 2  free  transition at x/c =  0.0035   14

 148   rms: 0.3669E+03   max: -.2359E+04   C at   88  2   RLX: 0.000
       a =  2.000      CL = -2.1973
      Cm =  0.4771     CD =  0.82366   =>   CDf =  0.00313    CDp =  0.82054

 MRCHDU: Convergence failed at  19  side 2    Res =  0.4109E-01
 Side 1  free  transition at x/c =  0.6624   49
 Side 2  free  transition at x/c =  0.0035   14

 149   rms: 0.2027E+04   max: -.1426E+05   C at   88  2   RLX: 0.000
       a =  2.000      CL = -2.1973
      Cm =  0.4771     CD =  0.82429   =>   CDf =  0.00313    CDp =  0.82116

 MRCHDU: Convergence failed at  19  side 2    Res =  0.4103E-01
 Side 1  free  transition at x/c =  0.6624   49
 Side 2  free  transition at x/c =  0.0035   14

 150   rms: 0.4376E+04   max: 0.3525E+05   C at   88  2   RLX: 0.000
       a =  2.000      CL = -2.1975
      Cm =  0.4772     CD =  0.82330   =>   CDf =  0.00313    CDp =  0.82017

 MRCHDU: Convergence failed at  19  side 2    Res =  0.4118E-01
 Side 1  free  transition at x/c =  0.6625   49
 Side 2  free  transition at x/c =  0.0035   14

 151   rms: 0.3316E+03   max: -.2122E+04   C at   88  2   RLX: 0.000
       a =  2.000      CL = -2.1972
      Cm =  0.4771     CD =  0.82573   =>   CDf =  0.00313    CDp =  0.82261

 MRCHDU: Convergence failed at  19  side 2    Res =  0.4110E-01
 Side 1  free  transition at x/c =  0.6625   49
 Side 2  free  transition at x/c =  0.0035   14

 152   rms: 0.1712E+04   max: -.1194E+05   C at   88  2   RLX: 0.000
       a =  2.000      CL = -2.1972
      Cm =  0.4770     CD =  0.82643   =>   CDf =  0.00313    CDp =  0.82330

 MRCHDU: Convergence failed at  19  side 2    Res =  0.4103E-01
 Side 1  free  transition at x/c =  0.6625   49
 Side 2  free  transition at x/c =  0.0035   14

 153   rms: 0.5103E+04   max: 0.4063E+05   C at   88  2   RLX: 0.000
       a =  2.000      CL = -2.1974
      Cm =  0.4771     CD =  0.82544   =>   CDf =  0.00313    CDp =  0.82231

 MRCHDU: Convergence failed at  19  side 2    Res =  0.4119E-01
 Side 1  free  transition at x/c =  0.6625   49
 Side 2  free  transition at x/c =  0.0035   14

 154   rms: 0.3012E+03   max: -.1918E+04   C at   88  2   RLX: 0.000
       a =  2.000      CL = -2.1970
      Cm =  0.4770     CD =  0.82796   =>   CDf =  0.00313    CDp =  0.82483

 MRCHDU: Convergence failed at  19  side 2    Res =  0.4110E-01
 Side 1  free  transition at x/c =  0.6625   49
 Side 2  free  transition at x/c =  0.0035   14

 155   rms: 0.1472E+04   max: -.1019E+05   C at   88  2   RLX: 0.000
       a =  2.000      CL = -2.1970
      Cm =  0.4770     CD =  0.82873   =>   CDf =  0.00313    CDp =  0.82560

 MRCHDU: Convergence failed at  19  side 2    Res =  0.4103E-01
 Side 1  free  transition at x/c =  0.6625   49
 Side 2  free  transition at x/c =  0.0035   14

 156   rms: 0.6172E+04   max: 0.4860E+05   C at   88  2   RLX: 0.000
       a =  2.000      CL = -2.1972
      Cm =  0.4771     CD =  0.82774   =>   CDf =  0.00313    CDp =  0.82462

 MRCHDU: Convergence failed at  19  side 2    Res =  0.4120E-01
 Side 1  free  transition at x/c =  0.6626   49
 Side 2  free  transition at x/c =  0.0035   14

 157   rms: 0.2748E+03   max: -.1742E+04   C at   88  2   RLX: 0.000
       a =  2.000      CL = -2.1969
      Cm =  0.4770     CD =  0.83035   =>   CDf =  0.00313    CDp =  0.82722

 MRCHDU: Convergence failed at  19  side 2    Res =  0.4111E-01
 Side 1  free  transition at x/c =  0.6626   49
 Side 2  free  transition at x/c =  0.0035   14

 158   rms: 0.1285E+04   max: -.8828E+04   C at   88  2   RLX: 0.000
       a =  2.000      CL = -2.1969
      Cm =  0.4769     CD =  0.83120   =>   CDf =  0.00313    CDp =  0.82807

 MRCHDU: Convergence failed at  19  side 2    Res =  0.4104E-01
 Side 1  free  transition at x/c =  0.6626   49
 Side 2  free  transition at x/c =  0.0035   14

 159   rms: 0.7880E+04   max: 0.6140E+05   C at   88  2   RLX: 0.000
       a =  2.000      CL = -2.1971
      Cm =  0.4770     CD =  0.83021   =>   CDf =  0.00313    CDp =  0.82709

 MRCHDU: Convergence failed at  19  side 2    Res =  0.4120E-01
 Side 1  free  transition at x/c =  0.6626   49
 Side 2  free  transition at x/c =  0.0035   14

 160   rms: 0.2517E+03   max: -.1589E+04   C at   88  2   RLX: 0.000
       a =  2.000      CL = -2.1967
      Cm =  0.4769     CD =  0.83291   =>   CDf =  0.00313    CDp =  0.82978

 MRCHDU: Convergence failed at  19  side 2    Res =  0.4111E-01
 Side 1  free  transition at x/c =  0.6627   49
 Side 2  free  transition at x/c =  0.0035   14

 161   rms: 0.1134E+04   max: -.7738E+04   C at   88  2   RLX: 0.000
       a =  2.000      CL = -2.1967
      Cm =  0.4768     CD =  0.83384   =>   CDf =  0.00313    CDp =  0.83071

 MRCHDU: Convergence failed at  19  side 2    Res =  0.4104E-01
 Side 1  free  transition at x/c =  0.6627   49
 Side 2  free  transition at x/c =  0.0035   14

 162   rms: 0.1103E+05   max: 0.8507E+05   C at   88  2   RLX: 0.000
       a =  2.000      CL = -2.1969
      Cm =  0.4769     CD =  0.83286   =>   CDf =  0.00313    CDp =  0.82973

 MRCHDU: Convergence failed at  19  side 2    Res =  0.4121E-01
 Side 1  free  transition at x/c =  0.6627   49
 Side 2  free  transition at x/c =  0.0035   14

 163   rms: 0.2314E+03   max: -.1456E+04   C at   88  2   RLX: 0.000
       a =  2.000      CL = -2.1965
      Cm =  0.4768     CD =  0.83564   =>   CDf =  0.00313    CDp =  0.83251

 MRCHDU: Convergence failed at  19  side 2    Res =  0.4111E-01
 Side 1  free  transition at x/c =  0.6627   49
 Side 2  free  transition at x/c =  0.0035   14

 164   rms: 0.1010E+04   max: -.6853E+04   C at   88  2   RLX: 0.000
       a =  2.000      CL = -2.1965
      Cm =  0.4767     CD =  0.83666   =>   CDf =  0.00313    CDp =  0.83353

 MRCHDU: Convergence failed at  19  side 2    Res =  0.4104E-01
 Side 1  free  transition at x/c =  0.6627   49
 Side 2  free  transition at x/c =  0.0035   14

 165   rms: 0.1876E+05   max: 0.1434E+06   C at   88  2   RLX: 0.000
       a =  2.000      CL = -2.1967
      Cm =  0.4769     CD =  0.83569   =>   CDf =  0.00313    CDp =  0.83256

 MRCHDU: Convergence failed at  19  side 2    Res =  0.4121E-01
 Side 1  free  transition at x/c =  0.6628   49
 Side 2  free  transition at x/c =  0.0035   14

 166   rms: 0.2134E+03   max: -.1338E+04   C at   88  2   RLX: 0.000
       a =  2.000      CL = -2.1963
      Cm =  0.4767     CD =  0.83855   =>   CDf =  0.00313    CDp =  0.83542

 MRCHDU: Convergence failed at  19  side 2    Res =  0.4112E-01
 Side 1  free  transition at x/c =  0.6628   49
 Side 2  free  transition at x/c =  0.0035   14

 167   rms: 0.8577E+03   max: -.5785E+04   C at   88  2   RLX: 0.000
       a =  2.000      CL = -2.1963
      Cm =  0.4767     CD =  0.83964   =>   CDf =  0.00313    CDp =  0.83651

 MRCHDU: Convergence failed at  19  side 2    Res =  0.4104E-01
 Side 1  free  transition at x/c =  0.6628   49
 Side 2  free  transition at x/c =  0.0035   14

 168   rms: 0.6144E+05   max: 0.4654E+06   C at   88  2   RLX: 0.000
       a =  2.000      CL = -2.1965
      Cm =  0.4768     CD =  0.83869   =>   CDf =  0.00313    CDp =  0.83556

 MRCHDU: Convergence failed at  19  side 2    Res =  0.4122E-01
 Side 1  free  transition at x/c =  0.6628   49
 Side 2  free  transition at x/c =  0.0035   14

 169   rms: 0.1975E+03   max: -.1235E+04   C at   88  2   RLX: 0.000
       a =  2.000      CL = -2.1961
      Cm =  0.4766     CD =  0.84164   =>   CDf =  0.00313    CDp =  0.83851

 MRCHDU: Convergence failed at  19  side 2    Res =  0.4112E-01
 Side 1  free  transition at x/c =  0.6629   49
 Side 2  free  transition at x/c =  0.0035   14

 170   rms: 0.8214E+03   max: -.5508E+04   C at   88  2   RLX: 0.000
       a =  2.000      CL = -2.1961
      Cm =  0.4766     CD =  0.84285   =>   CDf =  0.00313    CDp =  0.83972

 MRCHDU: Convergence failed at  19  side 2    Res =  0.4105E-01
 Side 1  free  transition at x/c =  0.6629   49
 Side 2  free  transition at x/c =  0.0035   14

 171   rms: 0.3866E+05   max: -.2904E+06   C at   88  2   RLX: 0.000
       a =  2.000      CL = -2.1961
      Cm =  0.4765     CD =  0.84322   =>   CDf =  0.00313    CDp =  0.84009

 MRCHDU: Convergence failed at  19  side 2    Res =  0.4099E-01
 Side 1  free  transition at x/c =  0.6629   49
 Side 2  free  transition at x/c =  0.0035   14

 172   rms: 0.2413E+04   max: 0.2123E+05   C at   88  2   RLX: 0.000
       a =  2.000      CL = -2.1962
      Cm =  0.4766     CD =  0.84212   =>   CDf =  0.00313    CDp =  0.83899

 MRCHDU: Convergence failed at  19  side 2    Res =  0.4113E-01
 Side 1  free  transition at x/c =  0.6629   49
 Side 2  free  transition at x/c =  0.0035   14

 173   rms: 0.6693E+03   max: -.4452E+04   C at   88  2   RLX: 0.000
       a =  2.000      CL = -2.1960
      Cm =  0.4765     CD =  0.84416   =>   CDf =  0.00313    CDp =  0.84104

 MRCHDU: Convergence failed at  19  side 2    Res =  0.4105E-01
 Side 1  free  transition at x/c =  0.6629   49
 Side 2  free  transition at x/c =  0.0035   14

 174   rms: 0.1083E+05   max: -.8034E+05   C at   88  2   RLX: 0.000
       a =  2.000      CL = -2.1960
      Cm =  0.4765     CD =  0.84459   =>   CDf =  0.00313    CDp =  0.84147

 MRCHDU: Convergence failed at  19  side 2    Res =  0.4099E-01
 Side 1  free  transition at x/c =  0.6629   49
 Side 2  free  transition at x/c =  0.0035   14

 175   rms: 0.2578E+04   max: 0.2231E+05   C at   88  2   RLX: 0.000
       a =  2.000      CL = -2.1961
      Cm =  0.4766     CD =  0.84349   =>   CDf =  0.00313    CDp =  0.84036

 MRCHDU: Convergence failed at  19  side 2    Res =  0.4113E-01
 Side 1  free  transition at x/c =  0.6629   49
 Side 2  free  transition at x/c =  0.0035   14

 176   rms: 0.5836E+03   max: -.3852E+04   C at   88  2   RLX: 0.000
       a =  2.000      CL = -2.1959
      Cm =  0.4765     CD =  0.84561   =>   CDf =  0.00313    CDp =  0.84248

 MRCHDU: Convergence failed at  19  side 2    Res =  0.4106E-01
 Side 1  free  transition at x/c =  0.6630   49
 Side 2  free  transition at x/c =  0.0035   14

 177   rms: 0.6113E+04   max: -.4479E+05   C at   88  2   RLX: 0.000
       a =  2.000      CL = -2.1959
      Cm =  0.4765     CD =  0.84609   =>   CDf =  0.00313    CDp =  0.84297

 MRCHDU: Convergence failed at  19  side 2    Res =  0.4100E-01
 Side 1  free  transition at x/c =  0.6629   49
 Side 2  free  transition at x/c =  0.0035   14

 178   rms: 0.2775E+04   max: 0.2365E+05   C at   88  2   RLX: 0.000
       a =  2.000      CL = -2.1961
      Cm =  0.4765     CD =  0.84498   =>   CDf =  0.00313    CDp =  0.84186

 MRCHDU: Convergence failed at  19  side 2    Res =  0.4114E-01
 Side 1  free  transition at x/c =  0.6630   49
 Side 2  free  transition at x/c =  0.0035   14

 179   rms: 0.5138E+03   max: -.3367E+04   C at   88  2   RLX: 0.000
       a =  2.000      CL = -2.1958
      Cm =  0.4764     CD =  0.84718   =>   CDf =  0.00313    CDp =  0.84406

 MRCHDU: Convergence failed at  19  side 2    Res =  0.4106E-01
 Side 1  free  transition at x/c =  0.6630   49
 Side 2  free  transition at x/c =  0.0035   14

 180   rms: 0.4208E+04   max: -.3051E+05   C at   88  2   RLX: 0.000
       a =  2.000      CL = -2.1958
      Cm =  0.4764     CD =  0.84773   =>   CDf =  0.00313    CDp =  0.84460

 MRCHDU: Convergence failed at  19  side 2    Res =  0.4100E-01
 Side 1  free  transition at x/c =  0.6630   49
 Side 2  free  transition at x/c =  0.0035   14

 181   rms: 0.3015E+04   max: 0.2532E+05   C at   88  2   RLX: 0.000
       a =  2.000      CL = -2.1960
      Cm =  0.4765     CD =  0.84661   =>   CDf =  0.00313    CDp =  0.84349

 MRCHDU: Convergence failed at  19  side 2    Res =  0.4115E-01
 Side 1  free  transition at x/c =  0.6630   49
 Side 2  free  transition at x/c =  0.0035   14

 182   rms: 0.4560E+03   max: -.2969E+04   C at   88  2   RLX: 0.000
       a =  2.000      CL = -2.1957
      Cm =  0.4764     CD =  0.84889   =>   CDf =  0.00313    CDp =  0.84577

 MRCHDU: Convergence failed at  19  side 2    Res =  0.4107E-01
 Side 1  free  transition at x/c =  0.6630   49
 Side 2  free  transition at x/c =  0.0035   14

 183   rms: 0.2971E+04   max: -.2133E+05   C at   88  2   RLX: 0.000
       a =  2.000      CL = -2.1957
      Cm =  0.4764     CD =  0.84950   =>   CDf =  0.00313    CDp =  0.84637

 MRCHDU: Convergence failed at  19  side 2    Res =  0.4100E-01
 Side 1  free  transition at x/c =  0.6630   49
 Side 2  free  transition at x/c =  0.0035   14

 184   rms: 0.3313E+04   max: 0.2744E+05   C at   88  2   RLX: 0.000
       a =  2.000      CL = -2.1959
      Cm =  0.4765     CD =  0.84838   =>   CDf =  0.00313    CDp =  0.84525

 MRCHDU: Convergence failed at  19  side 2    Res =  0.4115E-01
 Side 1  free  transition at x/c =  0.6630   49
 Side 2  free  transition at x/c =  0.0035   14

 185   rms: 0.4075E+03   max: -.2638E+04   C at   88  2   RLX: 0.000
       a =  2.000      CL = -2.1956
      Cm =  0.4764     CD =  0.85074   =>   CDf =  0.00313    CDp =  0.84762

 MRCHDU: Convergence failed at  19  side 2    Res =  0.4107E-01
 Side 1  free  transition at x/c =  0.6631   49
 Side 2  free  transition at x/c =  0.0035   14

 186   rms: 0.2358E+04   max: -.1676E+05   C at   88  2   RLX: 0.000
       a =  2.000      CL = -2.1956
      Cm =  0.4763     CD =  0.85141   =>   CDf =  0.00313    CDp =  0.84829

 MRCHDU: Convergence failed at  19  side 2    Res =  0.4101E-01
 Side 1  free  transition at x/c =  0.6631   49
 Side 2  free  transition at x/c =  0.0035   14

 187   rms: 0.3692E+04   max: 0.3018E+05   C at   88  2   RLX: 0.000
       a =  2.000      CL = -2.1958
      Cm =  0.4764     CD =  0.85030   =>   CDf =  0.00313    CDp =  0.84717

 MRCHDU: Convergence failed at  19  side 2    Res =  0.4116E-01
 Side 1  free  transition at x/c =  0.6631   49
 Side 2  free  transition at x/c =  0.0035   14

 188   rms: 0.3664E+03   max: -.2359E+04   C at   88  2   RLX: 0.000
       a =  2.000      CL = -2.1955
      Cm =  0.4763     CD =  0.85274   =>   CDf =  0.00313    CDp =  0.84962

 MRCHDU: Convergence failed at  19  side 2    Res =  0.4108E-01
 Side 1  free  transition at x/c =  0.6631   49
 Side 2  free  transition at x/c =  0.0035   14

 189   rms: 0.1938E+04   max: -.1366E+05   C at   88  2   RLX: 0.000
       a =  2.000      CL = -2.1955
      Cm =  0.4763     CD =  0.85348   =>   CDf =  0.00313    CDp =  0.85036

 MRCHDU: Convergence failed at  19  side 2    Res =  0.4101E-01
 Side 1  free  transition at x/c =  0.6631   49
 Side 2  free  transition at x/c =  0.0035   14

 190   rms: 0.4163E+04   max: 0.3362E+05   C at   88  2   RLX: 0.000
       a =  2.000      CL = -2.1956
      Cm =  0.4764     CD =  0.85236   =>   CDf =  0.00313    CDp =  0.84924

 MRCHDU: Convergence failed at  19  side 2    Res =  0.4117E-01
 Side 1  free  transition at x/c =  0.6631   49
 Side 2  free  transition at x/c =  0.0035   14

 191   rms: 0.3313E+03   max: -.2122E+04   C at   88  2   RLX: 0.000
       a =  2.000      CL = -2.1954
      Cm =  0.4762     CD =  0.85490   =>   CDf =  0.00313    CDp =  0.85177

 MRCHDU: Convergence failed at  19  side 2    Res =  0.4108E-01
 Side 1  free  transition at x/c =  0.6632   49
 Side 2  free  transition at x/c =  0.0035   14

 192   rms: 0.1634E+04   max: -.1142E+05   C at   88  2   RLX: 0.000
       a =  2.000      CL = -2.1953
      Cm =  0.4762     CD =  0.85571   =>   CDf =  0.00313    CDp =  0.85259

 MRCHDU: Convergence failed at  19  side 2    Res =  0.4101E-01
 Side 1  free  transition at x/c =  0.6632   49
 Side 2  free  transition at x/c =  0.0035   14

 193   rms: 0.4822E+04   max: 0.3848E+05   C at   88  2   RLX: 0.000
       a =  2.000      CL = -2.1955
      Cm =  0.4763     CD =  0.85459   =>   CDf =  0.00313    CDp =  0.85147

 MRCHDU: Convergence failed at  19  side 2    Res =  0.4117E-01
 Side 1  free  transition at x/c =  0.6632   49
 Side 2  free  transition at x/c =  0.0035   14

 194   rms: 0.3010E+03   max: -.1919E+04   C at   88  2   RLX: 0.000
       a =  2.000      CL = -2.1952
      Cm =  0.4762     CD =  0.85721   =>   CDf =  0.00313    CDp =  0.85408

 MRCHDU: Convergence failed at  19  side 2    Res =  0.4109E-01
 Side 1  free  transition at x/c =  0.6632   49
 Side 2  free  transition at x/c =  0.0035   14

 195   rms: 0.1404E+04   max: -.9737E+04   C at   88  2   RLX: 0.000
       a =  2.000      CL = -2.1952
      Cm =  0.4761     CD =  0.85811   =>   CDf =  0.00313    CDp =  0.85498

 MRCHDU: Convergence failed at  19  side 2    Res =  0.4102E-01
 Side 1  free  transition at x/c =  0.6632   49
 Side 2  free  transition at x/c =  0.0035   14

 196   rms: 0.5757E+04   max: 0.4544E+05   C at   88  2   RLX: 0.000
       a =  2.000      CL = -2.1954
      Cm =  0.4762     CD =  0.85699   =>   CDf =  0.00313    CDp =  0.85386

 MRCHDU: Convergence failed at  19  side 2    Res =  0.4118E-01
 Side 1  free  transition at x/c =  0.6632   49
 Side 2  free  transition at x/c =  0.0035   14

 197   rms: 0.2747E+03   max: -.1744E+04   C at   88  2   RLX: 0.000
       a =  2.000      CL = -2.1950
      Cm =  0.4761     CD =  0.85969   =>   CDf =  0.00313    CDp =  0.85656

 MRCHDU: Convergence failed at  19  side 2    Res =  0.4109E-01
 Side 1  free  transition at x/c =  0.6633   49
 Side 2  free  transition at x/c =  0.0035   14

 198   rms: 0.1224E+04   max: -.8428E+04   C at   88  2   RLX: 0.000
       a =  2.000      CL = -2.1950
      Cm =  0.4761     CD =  0.86068   =>   CDf =  0.00313    CDp =  0.85755

 MRCHDU: Convergence failed at  19  side 2    Res =  0.4102E-01
 Side 1  free  transition at x/c =  0.6633   49
 Side 2  free  transition at x/c =  0.0035   14

 199   rms: 0.7230E+04   max: 0.5647E+05   C at   88  2   RLX: 0.000
       a =  2.000      CL = -2.1952
      Cm =  0.4762     CD =  0.85956   =>   CDf =  0.00313    CDp =  0.85644

 MRCHDU: Convergence failed at  19  side 2    Res =  0.4118E-01
 Side 1  free  transition at x/c =  0.6633   49
 Side 2  free  transition at x/c =  0.0035   14

 200   rms: 0.2517E+03   max: -.1592E+04   C at   88  2   RLX: 0.000
       a =  2.000      CL = -2.1949
      Cm =  0.4760     CD =  0.86235   =>   CDf =  0.00313    CDp =  0.85922

 MRCHDU: Convergence failed at  19  side 2    Res =  0.4109E-01
 Side 1  free  transition at x/c =  0.6633   49
 Side 2  free  transition at x/c =  0.0035   14

 201   rms: 0.1080E+04   max: -.7386E+04   C at   88  2   RLX: 0.000
       a =  2.000      CL = -2.1948
      Cm =  0.4760     CD =  0.86343   =>   CDf =  0.00313    CDp =  0.86030

 MRCHDU: Convergence failed at  19  side 2    Res =  0.4102E-01
 Side 1  free  transition at x/c =  0.6633   49
 Side 2  free  transition at x/c =  0.0035   14

 202   rms: 0.9808E+04   max: 0.7586E+05   C at   88  2   RLX: 0.000
       a =  2.000      CL = -2.1950
      Cm =  0.4761     CD =  0.86232   =>   CDf =  0.00313    CDp =  0.85919

 MRCHDU: Convergence failed at  19  side 2    Res =  0.4119E-01
 Side 1  free  transition at x/c =  0.6634   49
 Side 2  free  transition at x/c =  0.0035   14

 203   rms: 0.2228E+03   max: -.1404E+04   C at   88  2   RLX: 0.000
       a =  2.000      CL = -2.1947
      Cm =  0.4759     CD =  0.86513   =>   CDf =  0.00313    CDp =  0.86200

 MRCHDU: Convergence failed at  19  side 2    Res =  0.4110E-01
 Side 1  free  transition at x/c =  0.6634   49
 Side 2  free  transition at x/c =  0.0035   14

 204   rms: 0.9617E+03   max: -.6537E+04   C at   88  2   RLX: 0.000
       a =  2.000      CL = -2.1946
      Cm =  0.4759     CD =  0.86634   =>   CDf =  0.00313    CDp =  0.86322

 MRCHDU: Convergence failed at  19  side 2    Res =  0.4103E-01
 Side 1  free  transition at x/c =  0.6634   49
 Side 2  free  transition at x/c =  0.0035   14

 205   rms: 0.1508E+05   max: 0.1155E+06   C at   88  2   RLX: 0.000
       a =  2.000      CL = -2.1948
      Cm =  0.4760     CD =  0.86523   =>   CDf =  0.00313    CDp =  0.86210
 VISCAL:  Convergence failed
      9.000    4.8221   0.865226   0.001272   0.001330   0.000058    0.6634     #
 Calculating wake trajectory ...
 Calculating source influence matrix ...

 Solving BL system ...

 MRCHDU: Convergence failed at  19  side 2    Res =  0.4119E-01
 Side 1  free  transition at x/c =  0.6634   49
 Side 2  free  transition at x/c =  0.0035   14

   1   rms: 0.2115E+03   max: -.1328E+04   C at   88  2   RLX: 0.000
       a =  3.000      CL = -2.1937
      Cm =  0.4759     CD =  0.86808   =>   CDf =  0.00312    CDp =  0.86496

 MRCHDU: Convergence failed at  19  side 2    Res =  0.4110E-01
 Side 1  free  transition at x/c =  0.6635   49
 Side 2  free  transition at x/c =  0.0035   14

   2   rms: 0.8546E+03   max: -.5776E+04   C at   88  2   RLX: 0.000
       a =  3.000      CL = -2.1936
      Cm =  0.4758     CD =  0.86939   =>   CDf =  0.00312    CDp =  0.86627

 MRCHDU: Convergence failed at  19  side 2    Res =  0.4103E-01
 Side 1  free  transition at x/c =  0.6635   49
 Side 2  free  transition at x/c =  0.0035   14

   3   rms: 0.4019E+05   max: 0.3052E+06   C at   88  2   RLX: 0.000
       a =  3.000      CL = -2.1938
      Cm =  0.4759     CD =  0.86830   =>   CDf =  0.00312    CDp =  0.86518

 MRCHDU: Convergence failed at  19  side 2    Res =  0.4120E-01
 Side 1  free  transition at x/c =  0.6635   49
 Side 2  free  transition at x/c =  0.0035   14

   4   rms: 0.1957E+03   max: -.1225E+04   C at   88  2   RLX: 0.000
       a =  3.000      CL = -2.1935
      Cm =  0.4758     CD =  0.87123   =>   CDf =  0.00312    CDp =  0.86811

 MRCHDU: Convergence failed at  19  side 2    Res =  0.4111E-01
 Side 1  free  transition at x/c =  0.6636   49
 Side 2  free  transition at x/c =  0.0035   14

   5   rms: 0.7713E+03   max: -.5184E+04   C at   88  2   RLX: 0.000
       a =  3.000      CL = -2.1935
      Cm =  0.4757     CD =  0.87265   =>   CDf =  0.00312    CDp =  0.86953

 MRCHDU: Convergence failed at  19  side 2    Res =  0.4104E-01
 Side 1  free  transition at x/c =  0.6636   49
 Side 2  free  transition at x/c =  0.0035   14

   6   rms: 0.5754E+05   max: -.4334E+06   C at   88  2   RLX: 0.000
       a =  3.000      CL = -2.1935
      Cm =  0.4757     CD =  0.87311   =>   CDf =  0.00312    CDp =  0.86999

 MRCHDU: Convergence failed at  19  side 2    Res =  0.4098E-01
 Side 1  free  transition at x/c =  0.6636   49
 Side 2  free  transition at x/c =  0.0035   14

   7   rms: 0.2195E+04   max: 0.1937E+05   C at   88  2   RLX: 0.000
       a =  3.000      CL = -2.1936
      Cm =  0.4758     CD =  0.87185   =>   CDf =  0.00312    CDp =  0.86874

 MRCHDU: Convergence failed at  19  side 2    Res =  0.4112E-01
 Side 1  free  transition at x/c =  0.6636   49
 Side 2  free  transition at x/c =  0.0035   14

   8   rms: 0.6641E+03   max: -.4426E+04   C at   88  2   RLX: 0.000
       a =  3.000      CL = -2.1934
      Cm =  0.4757     CD =  0.87399   =>   CDf =  0.00312    CDp =  0.87087

 MRCHDU: Convergence failed at  19  side 2    Res =  0.4104E-01
 Side 1  free  transition at x/c =  0.6636   49
 Side 2  free  transition at x/c =  0.0035   14

   9   rms: 0.1107E+05   max: -.8233E+05   C at   88  2   RLX: 0.000
       a =  3.000      CL = -2.1934
      Cm =  0.4757     CD =  0.87451   =>   CDf =  0.00312    CDp =  0.87139

 MRCHDU: Convergence failed at  19  side 2    Res =  0.4098E-01
 Side 1  free  transition at x/c =  0.6636   49
 Side 2  free  transition at x/c =  0.0035   14

  10   rms: 0.2343E+04   max: 0.2034E+05   C at   88  2   RLX: 0.000
       a =  3.000      CL = -2.1936
      Cm =  0.4758     CD =  0.87324   =>   CDf =  0.00312    CDp =  0.87012

 MRCHDU: Convergence failed at  19  side 2    Res =  0.4112E-01
 Side 1  free  transition at x/c =  0.6636   49
 Side 2  free  transition at x/c =  0.0035   14

  11   rms: 0.5785E+03   max: -.3825E+04   C at   88  2   RLX: 0.000
       a =  3.000      CL = -2.1934
      Cm =  0.4757     CD =  0.87545   =>   CDf =  0.00312    CDp =  0.87233

 MRCHDU: Convergence failed at  19  side 2    Res =  0.4105E-01
 Side 1  free  transition at x/c =  0.6636   49
 Side 2  free  transition at x/c =  0.0035   14

  12   rms: 0.5977E+04   max: -.4390E+05   C at   88  2   RLX: 0.000
       a =  3.000      CL = -2.1934
      Cm =  0.4756     CD =  0.87603   =>   CDf =  0.00312    CDp =  0.87291

 MRCHDU: Convergence failed at  19  side 2    Res =  0.4099E-01
 Side 1  free  transition at x/c =  0.6636   49
 Side 2  free  transition at x/c =  0.0035   14

  13   rms: 0.2516E+04   max: 0.2151E+05   C at   88  2   RLX: 0.000
       a =  3.000      CL = -2.1935
      Cm =  0.4757     CD =  0.87476   =>   CDf =  0.00312    CDp =  0.87164

 MRCHDU: Convergence failed at  19  side 2    Res =  0.4113E-01
 Side 1  free  transition at x/c =  0.6637   49
 Side 2  free  transition at x/c =  0.0035   14

  14   rms: 0.5087E+03   max: -.3340E+04   C at   88  2   RLX: 0.000
       a =  3.000      CL = -2.1933
      Cm =  0.4756     CD =  0.87705   =>   CDf =  0.00312    CDp =  0.87393

 MRCHDU: Convergence failed at  19  side 2    Res =  0.4105E-01
 Side 1  free  transition at x/c =  0.6637   49
 Side 2  free  transition at x/c =  0.0035   14

  15   rms: 0.4026E+04   max: -.2924E+05   C at   88  2   RLX: 0.000
       a =  3.000      CL = -2.1933
      Cm =  0.4756     CD =  0.87770   =>   CDf =  0.00312    CDp =  0.87458

 MRCHDU: Convergence failed at  19  side 2    Res =  0.4099E-01
 Side 1  free  transition at x/c =  0.6637   49
 Side 2  free  transition at x/c =  0.0035   14

  16   rms: 0.2728E+04   max: 0.2298E+05   C at   88  2   RLX: 0.000
       a =  3.000      CL = -2.1935
      Cm =  0.4757     CD =  0.87642   =>   CDf =  0.00312    CDp =  0.87330

 MRCHDU: Convergence failed at  19  side 2    Res =  0.4114E-01
 Side 1  free  transition at x/c =  0.6637   49
 Side 2  free  transition at x/c =  0.0035   14

  17   rms: 0.4511E+03   max: -.2942E+04   C at   88  2   RLX: 0.000
       a =  3.000      CL = -2.1932
      Cm =  0.4756     CD =  0.87878   =>   CDf =  0.00312    CDp =  0.87566

 MRCHDU: Convergence failed at  19  side 2    Res =  0.4106E-01
 Side 1  free  transition at x/c =  0.6637   49
 Side 2  free  transition at x/c =  0.0035   14

  18   rms: 0.3007E+04   max: -.2164E+05   C at   88  2   RLX: 0.000
       a =  3.000      CL = -2.1932
      Cm =  0.4756     CD =  0.87950   =>   CDf =  0.00312    CDp =  0.87638

 MRCHDU: Convergence failed at  19  side 2    Res =  0.4100E-01
 Side 1  free  transition at x/c =  0.6637   49
 Side 2  free  transition at x/c =  0.0035   14

  19   rms: 0.2988E+04   max: 0.2482E+05   C at   88  2   RLX: 0.000
       a =  3.000      CL = -2.1934
      Cm =  0.4757     CD =  0.87823   =>   CDf =  0.00312    CDp =  0.87511

 MRCHDU: Convergence failed at  19  side 2    Res =  0.4115E-01
 Side 1  free  transition at x/c =  0.6637   49
 Side 2  free  transition at x/c =  0.0035   14

  20   rms: 0.3787E+03   max: -.2457E+04   C at   88  2   RLX: 0.000
       a =  3.000      CL = -2.1932
      Cm =  0.4756     CD =  0.88060   =>   CDf =  0.00312    CDp =  0.87748

 MRCHDU: Convergence failed at  19  side 2    Res =  0.4107E-01
 Side 1  free  transition at x/c =  0.6638   49
 Side 2  free  transition at x/c =  0.0035   14

  21   rms: 0.2221E+04   max: -.1583E+05   C at   88  2   RLX: 0.000
       a =  3.000      CL = -2.1932
      Cm =  0.4755     CD =  0.88142   =>   CDf =  0.00312    CDp =  0.87831

 MRCHDU: Convergence failed at  19  side 2    Res =  0.4100E-01
 Side 1  free  transition at x/c =  0.6638   49
 Side 2  free  transition at x/c =  0.0035   14

  22   rms: 0.3319E+04   max: 0.2722E+05   C at   88  2   RLX: 0.000
       a =  3.000      CL = -2.1933
      Cm =  0.4756     CD =  0.88016   =>   CDf =  0.00312    CDp =  0.87704

 MRCHDU: Convergence failed at  19  side 2    Res =  0.4115E-01
 Side 1  free  transition at x/c =  0.6638   49
 Side 2  free  transition at x/c =  0.0035   14

  23   rms: 0.3403E+03   max: -.2196E+04   C at   88  2   RLX: 0.000
       a =  3.000      CL = -2.1931
      Cm =  0.4755     CD =  0.88259   =>   CDf =  0.00312    CDp =  0.87947

 MRCHDU: Convergence failed at  19  side 2    Res =  0.4107E-01
 Side 1  free  transition at x/c =  0.6638   49
 Side 2  free  transition at x/c =  0.0035   14

  24   rms: 0.1820E+04   max: -.1286E+05   C at   88  2   RLX: 0.000
       a =  3.000      CL = -2.1931
      Cm =  0.4755     CD =  0.88351   =>   CDf =  0.00312    CDp =  0.88039

 MRCHDU: Convergence failed at  19  side 2    Res =  0.4101E-01
 Side 1  free  transition at x/c =  0.6638   49
 Side 2  free  transition at x/c =  0.0035   14

  25   rms: 0.3730E+04   max: 0.3021E+05   C at   88  2   RLX: 0.000
       a =  3.000      CL = -2.1932
      Cm =  0.4756     CD =  0.88224   =>   CDf =  0.00312    CDp =  0.87912

 MRCHDU: Convergence failed at  19  side 2    Res =  0.4116E-01
 Side 1  free  transition at x/c =  0.6638   49
 Side 2  free  transition at x/c =  0.0035   14

  26   rms: 0.3076E+03   max: -.1975E+04   C at   88  2   RLX: 0.000
       a =  3.000      CL = -2.1930
      Cm =  0.4755     CD =  0.88474   =>   CDf =  0.00312    CDp =  0.88162

 MRCHDU: Convergence failed at  19  side 2    Res =  0.4108E-01
 Side 1  free  transition at x/c =  0.6639   49
 Side 2  free  transition at x/c =  0.0035   14

  27   rms: 0.1530E+04   max: -.1072E+05   C at   88  2   RLX: 0.000
       a =  3.000      CL = -2.1929
      Cm =  0.4754     CD =  0.88575   =>   CDf =  0.00312    CDp =  0.88263

 MRCHDU: Convergence failed at  19  side 2    Res =  0.4101E-01
 Side 1  free  transition at x/c =  0.6639   49
 Side 2  free  transition at x/c =  0.0035   14

  28   rms: 0.4081E+04   max: 0.3267E+05   C at   88  2   RLX: 0.000
       a =  3.000      CL = -2.1931
      Cm =  0.4755     CD =  0.88447   =>   CDf =  0.00312    CDp =  0.88135

 MRCHDU: Convergence failed at  19  side 2    Res =  0.4117E-01
 Side 1  free  transition at x/c =  0.6639   49
 Side 2  free  transition at x/c =  0.0035   14

  29   rms: 0.2794E+03   max: -.1785E+04   C at   88  2   RLX: 0.000
       a =  3.000      CL = -2.1928
      Cm =  0.4754     CD =  0.88705   =>   CDf =  0.00312    CDp =  0.88393

 MRCHDU: Convergence failed at  19  side 2    Res =  0.4109E-01
 Side 1  free  transition at x/c =  0.6639   49
 Side 2  free  transition at x/c =  0.0035   14

  30   rms: 0.1312E+04   max: -.9123E+04   C at   88  2   RLX: 0.000
       a =  3.000      CL = -2.1928
      Cm =  0.4753     CD =  0.88815   =>   CDf =  0.00312    CDp =  0.88503

 MRCHDU: Convergence failed at  19  side 2    Res =  0.4102E-01
 Side 1  free  transition at x/c =  0.6639   49
 Side 2  free  transition at x/c =  0.0035   14

  31   rms: 0.4853E+04   max: 0.3842E+05   C at   88  2   RLX: 0.000
       a =  3.000      CL = -2.1930
      Cm =  0.4754     CD =  0.88688   =>   CDf =  0.00312    CDp =  0.88376

 MRCHDU: Convergence failed at  19  side 2    Res =  0.4118E-01
 Side 1  free  transition at x/c =  0.6640   49
 Side 2  free  transition at x/c =  0.0035   14

  32   rms: 0.2550E+03   max: -.1622E+04   C at   88  2   RLX: 0.000
       a =  3.000      CL = -2.1927
      Cm =  0.4753     CD =  0.88952   =>   CDf =  0.00312    CDp =  0.88640

 MRCHDU: Convergence failed at  19  side 2    Res =  0.4109E-01
 Side 1  free  transition at x/c =  0.6640   49
 Side 2  free  transition at x/c =  0.0035   14

  33   rms: 0.1142E+04   max: -.7886E+04   C at   88  2   RLX: 0.000
       a =  3.000      CL = -2.1927
      Cm =  0.4753     CD =  0.89072   =>   CDf =  0.00312    CDp =  0.88760

 MRCHDU: Convergence failed at  19  side 2    Res =  0.4102E-01
 Side 1  free  transition at x/c =  0.6640   49
 Side 2  free  transition at x/c =  0.0035   14

  34   rms: 0.6010E+04   max: 0.4709E+05   C at   88  2   RLX: 0.000
       a =  3.000      CL = -2.1929
      Cm =  0.4754     CD =  0.88946   =>   CDf =  0.00312    CDp =  0.88634

 MRCHDU: Convergence failed at  19  side 2    Res =  0.4118E-01
 Side 1  free  transition at x/c =  0.6640   49
 Side 2  free  transition at x/c =  0.0035   14

  35   rms: 0.2336E+03   max: -.1480E+04   C at   88  2   RLX: 0.000
       a =  3.000      CL = -2.1926
      Cm =  0.4753     CD =  0.89216   =>   CDf =  0.00312    CDp =  0.88904

 MRCHDU: Convergence failed at  19  side 2    Res =  0.4110E-01
 Side 1  free  transition at x/c =  0.6641   49
 Side 2  free  transition at x/c =  0.0035   14

  36   rms: 0.1007E+04   max: -.6906E+04   C at   88  2   RLX: 0.000
       a =  3.000      CL = -2.1925
      Cm =  0.4752     CD =  0.89348   =>   CDf =  0.00312    CDp =  0.89036

 MRCHDU: Convergence failed at  19  side 2    Res =  0.4103E-01
 Side 1  free  transition at x/c =  0.6641   49
 Side 2  free  transition at x/c =  0.0035   14

  37   rms: 0.7989E+04   max: 0.6199E+05   C at   88  2   RLX: 0.000
       a =  3.000      CL = -2.1927
      Cm =  0.4753     CD =  0.89223   =>   CDf =  0.00312    CDp =  0.88911

 MRCHDU: Convergence failed at  19  side 2    Res =  0.4119E-01
 Side 1  free  transition at x/c =  0.6641   49
 Side 2  free  transition at x/c =  0.0035   14

  38   rms: 0.2147E+03   max: -.1356E+04   C at   88  2   RLX: 0.000
       a =  3.000      CL = -2.1924
      Cm =  0.4752     CD =  0.89499   =>   CDf =  0.00312    CDp =  0.89187

 MRCHDU: Convergence failed at  19  side 2    Res =  0.4110E-01
 Side 1  free  transition at x/c =  0.6641   49
 Side 2  free  transition at x/c =  0.0035   14

  39   rms: 0.8966E+03   max: -.6111E+04   C at   88  2   RLX: 0.000
       a =  3.000      CL = -2.1924
      Cm =  0.4751     CD =  0.89642   =>   CDf =  0.00312    CDp =  0.89330

 MRCHDU: Convergence failed at  19  side 2    Res =  0.4104E-01
 Side 1  free  transition at x/c =  0.6641   49
 Side 2  free  transition at x/c =  0.0035   14

  40   rms: 0.1208E+05   max: 0.9283E+05   C at   88  2   RLX: 0.000
       a =  3.000      CL = -2.1926
      Cm =  0.4752     CD =  0.89518   =>   CDf =  0.00312    CDp =  0.89206

 MRCHDU: Convergence failed at  19  side 2    Res =  0.4120E-01
 Side 1  free  transition at x/c =  0.6641   49
 Side 2  free  transition at x/c =  0.0035   14

  41   rms: 0.1982E+03   max: -.1247E+04   C at   88  2   RLX: 0.000
       a =  3.000      CL = -2.1923
      Cm =  0.4751     CD =  0.89800   =>   CDf =  0.00312    CDp =  0.89488

 MRCHDU: Convergence failed at  19  side 2    Res =  0.4111E-01
 Side 1  free  transition at x/c =  0.6642   49
 Side 2  free  transition at x/c =  0.0035   14

  42   rms: 0.8050E+03   max: -.5454E+04   C at   88  2   RLX: 0.000
       a =  3.000      CL = -2.1922
      Cm =  0.4750     CD =  0.89955   =>   CDf =  0.00312    CDp =  0.89643

 MRCHDU: Convergence failed at  19  side 2    Res =  0.4104E-01
 Side 1  free  transition at x/c =  0.6642   49
 Side 2  free  transition at x/c =  0.0035   14

  43   rms: 0.2558E+05   max: 0.1950E+06   C at   88  2   RLX: 0.000
       a =  3.000      CL = -2.1924
      Cm =  0.4752     CD =  0.89833   =>   CDf =  0.00312    CDp =  0.89521

 MRCHDU: Convergence failed at  19  side 2    Res =  0.4121E-01
 Side 1  free  transition at x/c =  0.6642   49
 Side 2  free  transition at x/c =  0.0035   14

  44   rms: 0.1835E+03   max: -.1151E+04   C at   88  2   RLX: 0.000
       a =  3.000      CL = -2.1921
      Cm =  0.4750     CD =  0.90121   =>   CDf =  0.00312    CDp =  0.89809

 MRCHDU: Convergence failed at  19  side 2    Res =  0.4112E-01
 Side 1  free  transition at x/c =  0.6643   49
 Side 2  free  transition at x/c =  0.0035   14

  45   rms: 0.7276E+03   max: -.4903E+04   C at   88  2   RLX: 0.000
       a =  3.000      CL = -2.1920
      Cm =  0.4750     CD =  0.90289   =>   CDf =  0.00312    CDp =  0.89977

 MRCHDU: Convergence failed at  19  side 2    Res =  0.4105E-01
 Side 1  free  transition at x/c =  0.6643   49
 Side 2  free  transition at x/c =  0.0035   14

  46   rms: 0.2168E+06   max: -.1639E+07   C at   88  2   RLX: 0.000
       a =  3.000      CL = -2.1920
      Cm =  0.4749     CD =  0.90344   =>   CDf =  0.00312    CDp =  0.90032

 MRCHDU: Convergence failed at  19  side 2    Res =  0.4099E-01
 Side 1  free  transition at x/c =  0.6643   49
 Side 2  free  transition at x/c =  0.0035   14

  47   rms: 0.1989E+04   max: 0.1763E+05   C at   88  2   RLX: 0.000
       a =  3.000      CL = -2.1922
      Cm =  0.4750     CD =  0.90202   =>   CDf =  0.00312    CDp =  0.89891

 MRCHDU: Convergence failed at  19  side 2    Res =  0.4113E-01
 Side 1  free  transition at x/c =  0.6643   49
 Side 2  free  transition at x/c =  0.0035   14

  48   rms: 0.6254E+03   max: -.4179E+04   C at   88  2   RLX: 0.000
       a =  3.000      CL = -2.1920
      Cm =  0.4749     CD =  0.90425   =>   CDf =  0.00312    CDp =  0.90113

 MRCHDU: Convergence failed at  19  side 2    Res =  0.4105E-01
 Side 1  free  transition at x/c =  0.6643   49
 Side 2  free  transition at x/c =  0.0035   14

  49   rms: 0.1186E+05   max: -.8847E+05   C at   88  2   RLX: 0.000
       a =  3.000      CL = -2.1920
      Cm =  0.4749     CD =  0.90487   =>   CDf =  0.00312    CDp =  0.90175

 MRCHDU: Convergence failed at  19  side 2    Res =  0.4100E-01
 Side 1  free  transition at x/c =  0.6643   49
 Side 2  free  transition at x/c =  0.0035   14

  50   rms: 0.2120E+04   max: 0.1848E+05   C at   88  2   RLX: 0.000
       a =  3.000      CL = -2.1921
      Cm =  0.4750     CD =  0.90345   =>   CDf =  0.00312    CDp =  0.90033

 MRCHDU: Convergence failed at  19  side 2    Res =  0.4113E-01
 Side 1  free  transition at x/c =  0.6643   49
 Side 2  free  transition at x/c =  0.0035   14

  51   rms: 0.5440E+03   max: -.3607E+04   C at   88  2   RLX: 0.000
       a =  3.000      CL = -2.1919
      Cm =  0.4749     CD =  0.90574   =>   CDf =  0.00312    CDp =  0.90262

 MRCHDU: Convergence failed at  19  side 2    Res =  0.4106E-01
 Side 1  free  transition at x/c =  0.6644   49
 Side 2  free  transition at x/c =  0.0035   14

  52   rms: 0.5991E+04   max: -.4415E+05   C at   88  2   RLX: 0.000
       a =  3.000      CL = -2.1919
      Cm =  0.4749     CD =  0.90643   =>   CDf =  0.00312    CDp =  0.90331

 MRCHDU: Convergence failed at  19  side 2    Res =  0.4100E-01
 Side 1  free  transition at x/c =  0.6644   49
 Side 2  free  transition at x/c =  0.0035   14

  53   rms: 0.2275E+04   max: 0.1952E+05   C at   88  2   RLX: 0.000
       a =  3.000      CL = -2.1921
      Cm =  0.4749     CD =  0.90501   =>   CDf =  0.00312    CDp =  0.90189

 MRCHDU: Convergence failed at  19  side 2    Res =  0.4114E-01
 Side 1  free  transition at x/c =  0.6644   49
 Side 2  free  transition at x/c =  0.0035   14

  54   rms: 0.4783E+03   max: -.3148E+04   C at   88  2   RLX: 0.000
       a =  3.000      CL = -2.1918
      Cm =  0.4749     CD =  0.90737   =>   CDf =  0.00312    CDp =  0.90425

 MRCHDU: Convergence failed at  19  side 2    Res =  0.4107E-01
 Side 1  free  transition at x/c =  0.6644   49
 Side 2  free  transition at x/c =  0.0035   14

  55   rms: 0.3939E+04   max: -.2870E+05   C at   88  2   RLX: 0.000
       a =  3.000      CL = -2.1918
      Cm =  0.4748     CD =  0.90814   =>   CDf =  0.00312    CDp =  0.90502

 MRCHDU: Convergence failed at  19  side 2    Res =  0.4101E-01
 Side 1  free  transition at x/c =  0.6644   49
 Side 2  free  transition at x/c =  0.0035   14

  56   rms: 0.2461E+04   max: 0.2081E+05   C at   88  2   RLX: 0.000
       a =  3.000      CL = -2.1920
      Cm =  0.4749     CD =  0.90671   =>   CDf =  0.00312    CDp =  0.90359

 MRCHDU: Convergence failed at  19  side 2    Res =  0.4115E-01
 Side 1  free  transition at x/c =  0.6644   49
 Side 2  free  transition at x/c =  0.0035   14

  57   rms: 0.4238E+03   max: -.2771E+04   C at   88  2   RLX: 0.000
       a =  3.000      CL = -2.1917
      Cm =  0.4748     CD =  0.90914   =>   CDf =  0.00312    CDp =  0.90602

 MRCHDU: Convergence failed at  19  side 2    Res =  0.4107E-01
 Side 1  free  transition at x/c =  0.6644   49
 Side 2  free  transition at x/c =  0.0035   14

  58   rms: 0.2898E+04   max: -.2089E+05   C at   88  2   RLX: 0.000
       a =  3.000      CL = -2.1917
      Cm =  0.4748     CD =  0.90999   =>   CDf =  0.00312    CDp =  0.90687

 MRCHDU: Convergence failed at  19  side 2    Res =  0.4101E-01
 Side 1  free  transition at x/c =  0.6644   49
 Side 2  free  transition at x/c =  0.0035   14

  59   rms: 0.2690E+04   max: 0.2243E+05   C at   88  2   RLX: 0.000
       a =  3.000      CL = -2.1919
      Cm =  0.4749     CD =  0.90855   =>   CDf =  0.00312    CDp =  0.90543

 MRCHDU: Convergence failed at  19  side 2    Res =  0.4116E-01
 Side 1  free  transition at x/c =  0.6645   49
 Side 2  free  transition at x/c =  0.0035   14

  60   rms: 0.3783E+03   max: -.2459E+04   C at   88  2   RLX: 0.000
       a =  3.000      CL = -2.1917
      Cm =  0.4748     CD =  0.91105   =>   CDf =  0.00312    CDp =  0.90793

 MRCHDU: Convergence failed at  19  side 2    Res =  0.4108E-01
 Side 1  free  transition at x/c =  0.6645   49
 Side 2  free  transition at x/c =  0.0035   14

  61   rms: 0.2279E+04   max: -.1629E+05   C at   88  2   RLX: 0.000
       a =  3.000      CL = -2.1916
      Cm =  0.4747     CD =  0.91199   =>   CDf =  0.00312    CDp =  0.90887

 MRCHDU: Convergence failed at  19  side 2    Res =  0.4102E-01
 Side 1  free  transition at x/c =  0.6645   49
 Side 2  free  transition at x/c =  0.0035   14

  62   rms: 0.2979E+04   max: 0.2452E+05   C at   88  2   RLX: 0.000
       a =  3.000      CL = -2.1918
      Cm =  0.4748     CD =  0.91055   =>   CDf =  0.00312    CDp =  0.90743

 MRCHDU: Convergence failed at  19  side 2    Res =  0.4117E-01
 Side 1  free  transition at x/c =  0.6645   49
 Side 2  free  transition at x/c =  0.0035   14

  63   rms: 0.3399E+03   max: -.2197E+04   C at   88  2   RLX: 0.000
       a =  3.000      CL = -2.1915
      Cm =  0.4747     CD =  0.91311   =>   CDf =  0.00312    CDp =  0.90999

 MRCHDU: Convergence failed at  19  side 2    Res =  0.4109E-01
 Side 1  free  transition at x/c =  0.6645   49
 Side 2  free  transition at x/c =  0.0035   14

  64   rms: 0.1856E+04   max: -.1315E+05   C at   88  2   RLX: 0.000
       a =  3.000      CL = -2.1915
      Cm =  0.4747     CD =  0.91413   =>   CDf =  0.00312    CDp =  0.91101

 MRCHDU: Convergence failed at  19  side 2    Res =  0.4102E-01
 Side 1  free  transition at x/c =  0.6645   49
 Side 2  free  transition at x/c =  0.0035   14

  65   rms: 0.3349E+04   max: 0.2723E+05   C at   88  2   RLX: 0.000
       a =  3.000      CL = -2.1917
      Cm =  0.4748     CD =  0.91269   =>   CDf =  0.00312    CDp =  0.90957

 MRCHDU: Convergence failed at  19  side 2    Res =  0.4117E-01
 Side 1  free  transition at x/c =  0.6646   49
 Side 2  free  transition at x/c =  0.0035   14

  66   rms: 0.3071E+03   max: -.1975E+04   C at   88  2   RLX: 0.000
       a =  3.000      CL = -2.1914
      Cm =  0.4747     CD =  0.91531   =>   CDf =  0.00312    CDp =  0.91220

 MRCHDU: Convergence failed at  19  side 2    Res =  0.4109E-01
 Side 1  free  transition at x/c =  0.6646   49
 Side 2  free  transition at x/c =  0.0035   14

  67   rms: 0.1554E+04   max: -.1092E+05   C at   88  2   RLX: 0.000
       a =  3.000      CL = -2.1914
      Cm =  0.4746     CD =  0.91643   =>   CDf =  0.00312    CDp =  0.91331

 MRCHDU: Convergence failed at  19  side 2    Res =  0.4103E-01
 Side 1  free  transition at x/c =  0.6646   49
 Side 2  free  transition at x/c =  0.0035   14

  68   rms: 0.3816E+04   max: 0.3067E+05   C at   88  2   RLX: 0.000
       a =  3.000      CL = -2.1916
      Cm =  0.4747     CD =  0.91500   =>   CDf =  0.00312    CDp =  0.91188

 MRCHDU: Convergence failed at  19  side 2    Res =  0.4118E-01
 Side 1  free  transition at x/c =  0.6646   49
 Side 2  free  transition at x/c =  0.0035   14

  69   rms: 0.2788E+03   max: -.1785E+04   C at   88  2   RLX: 0.000
       a =  3.000      CL = -2.1913
      Cm =  0.4746     CD =  0.91768   =>   CDf =  0.00312    CDp =  0.91457

 MRCHDU: Convergence failed at  19  side 2    Res =  0.4110E-01
 Side 1  free  transition at x/c =  0.6646   49
 Side 2  free  transition at x/c =  0.0035   14

  70   rms: 0.1328E+04   max: -.9259E+04   C at   88  2   RLX: 0.000
       a =  3.000      CL = -2.1913
      Cm =  0.4746     CD =  0.91891   =>   CDf =  0.00312    CDp =  0.91579

 MRCHDU: Convergence failed at  19  side 2    Res =  0.4103E-01
 Side 1  free  transition at x/c =  0.6646   49
 Side 2  free  transition at x/c =  0.0035   14

  71   rms: 0.4488E+04   max: 0.3566E+05   C at   88  2   RLX: 0.000
       a =  3.000      CL = -2.1915
      Cm =  0.4747     CD =  0.91748   =>   CDf =  0.00312    CDp =  0.91436

 MRCHDU: Convergence failed at  19  side 2    Res =  0.4119E-01
 Side 1  free  transition at x/c =  0.6647   49
 Side 2  free  transition at x/c =  0.0035   14

  72   rms: 0.2543E+03   max: -.1621E+04   C at   88  2   RLX: 0.000
       a =  3.000      CL = -2.1912
      Cm =  0.4745     CD =  0.92023   =>   CDf =  0.00312    CDp =  0.91711

 MRCHDU: Convergence failed at  19  side 2    Res =  0.4111E-01
 Side 1  free  transition at x/c =  0.6647   49
 Side 2  free  transition at x/c =  0.0035   14

  73   rms: 0.1152E+04   max: -.7974E+04   C at   88  2   RLX: 0.000
       a =  3.000      CL = -2.1912
      Cm =  0.4745     CD =  0.92156   =>   CDf =  0.00312    CDp =  0.91844

 MRCHDU: Convergence failed at  19  side 2    Res =  0.4104E-01
 Side 1  free  transition at x/c =  0.6647   49
 Side 2  free  transition at x/c =  0.0035   14

  74   rms: 0.5480E+04   max: 0.4310E+05   C at   88  2   RLX: 0.000
       a =  3.000      CL = -2.1913
      Cm =  0.4746     CD =  0.92013   =>   CDf =  0.00312    CDp =  0.91702

 MRCHDU: Convergence failed at  19  side 2    Res =  0.4120E-01
 Side 1  free  transition at x/c =  0.6647   49
 Side 2  free  transition at x/c =  0.0035   14

  75   rms: 0.2330E+03   max: -.1479E+04   C at   88  2   RLX: 0.000
       a =  3.000      CL = -2.1910
      Cm =  0.4745     CD =  0.92295   =>   CDf =  0.00312    CDp =  0.91983

 MRCHDU: Convergence failed at  19  side 2    Res =  0.4111E-01
 Side 1  free  transition at x/c =  0.6648   49
 Side 2  free  transition at x/c =  0.0035   14

  76   rms: 0.1013E+04   max: -.6966E+04   C at   88  2   RLX: 0.000
       a =  3.000      CL = -2.1910
      Cm =  0.4744     CD =  0.92440   =>   CDf =  0.00312    CDp =  0.92128

 MRCHDU: Convergence failed at  19  side 2    Res =  0.4105E-01
 Side 1  free  transition at x/c =  0.6648   49
 Side 2  free  transition at x/c =  0.0035   14

  77   rms: 0.7119E+04   max: 0.5544E+05   C at   88  2   RLX: 0.000
       a =  3.000      CL = -2.1912
      Cm =  0.4745     CD =  0.92298   =>   CDf =  0.00312    CDp =  0.91986

 MRCHDU: Convergence failed at  19  side 2    Res =  0.4121E-01
 Side 1  free  transition at x/c =  0.6648   49
 Side 2  free  transition at x/c =  0.0035   14

  78   rms: 0.2142E+03   max: -.1355E+04   C at   88  2   RLX: 0.000
       a =  3.000      CL = -2.1909
      Cm =  0.4744     CD =  0.92586   =>   CDf =  0.00312    CDp =  0.92274

 MRCHDU: Convergence failed at  19  side 2    Res =  0.4112E-01
 Side 1  free  transition at x/c =  0.6648   49
 Side 2  free  transition at x/c =  0.0035   14

  79   rms: 0.9003E+03   max: -.6152E+04   C at   88  2   RLX: 0.000
       a =  3.000      CL = -2.1908
      Cm =  0.4743     CD =  0.92743   =>   CDf =  0.00312    CDp =  0.92431

 MRCHDU: Convergence failed at  19  side 2    Res =  0.4105E-01
 Side 1  free  transition at x/c =  0.6648   49
 Side 2  free  transition at x/c =  0.0035   14

  80   rms: 0.1030E+05   max: 0.7944E+05   C at   88  2   RLX: 0.000
       a =  3.000      CL = -2.1910
      Cm =  0.4744     CD =  0.92602   =>   CDf =  0.00312    CDp =  0.92290

 MRCHDU: Convergence failed at  19  side 2    Res =  0.4121E-01
 Side 1  free  transition at x/c =  0.6649   49
 Side 2  free  transition at x/c =  0.0035   14

  81   rms: 0.1977E+03   max: -.1246E+04   C at   88  2   RLX: 0.000
       a =  3.000      CL = -2.1907
      Cm =  0.4743     CD =  0.92896   =>   CDf =  0.00312    CDp =  0.92584

 MRCHDU: Convergence failed at  19  side 2    Res =  0.4113E-01
 Side 1  free  transition at x/c =  0.6649   49
 Side 2  free  transition at x/c =  0.0035   14

  82   rms: 0.8070E+03   max: -.5482E+04   C at   88  2   RLX: 0.000
       a =  3.000      CL = -2.1907
      Cm =  0.4743     CD =  0.93067   =>   CDf =  0.00312    CDp =  0.92755

 MRCHDU: Convergence failed at  19  side 2    Res =  0.4106E-01
 Side 1  free  transition at x/c =  0.6649   49
 Side 2  free  transition at x/c =  0.0035   14

  83   rms: 0.1899E+05   max: 0.1452E+06   C at   88  2   RLX: 0.000
       a =  3.000      CL = -2.1909
      Cm =  0.4744     CD =  0.92927   =>   CDf =  0.00312    CDp =  0.92615

 MRCHDU: Convergence failed at  19  side 2    Res =  0.4122E-01
 Side 1  free  transition at x/c =  0.6649   49
 Side 2  free  transition at x/c =  0.0035   14

  84   rms: 0.1830E+03   max: -.1150E+04   C at   88  2   RLX: 0.000
       a =  3.000      CL = -2.1905
      Cm =  0.4742     CD =  0.93226   =>   CDf =  0.00312    CDp =  0.92914

 MRCHDU: Convergence failed at  19  side 2    Res =  0.4113E-01
 Side 1  free  transition at x/c =  0.6650   49
 Side 2  free  transition at x/c =  0.0035   14

  85   rms: 0.7286E+03   max: -.4922E+04   C at   88  2   RLX: 0.000
       a =  3.000      CL = -2.1905
      Cm =  0.4742     CD =  0.93411   =>   CDf =  0.00312    CDp =  0.93099

 MRCHDU: Convergence failed at  19  side 2    Res =  0.4106E-01
 Side 1  free  transition at x/c =  0.6650   49
 Side 2  free  transition at x/c =  0.0035   14

  86   rms: 0.1206E+06   max: 0.9143E+06   C at   88  2   RLX: 0.000
       a =  3.000      CL = -2.1907
      Cm =  0.4743     CD =  0.93272   =>   CDf =  0.00312    CDp =  0.92960

 MRCHDU: Convergence failed at  19  side 2    Res =  0.4123E-01
 Side 1  free  transition at x/c =  0.6650   49
 Side 2  free  transition at x/c =  0.0035   14

  87   rms: 0.1699E+03   max: -.1065E+04   C at   88  2   RLX: 0.000
       a =  3.000      CL = -2.1903
      Cm =  0.4741     CD =  0.93576   =>   CDf =  0.00312    CDp =  0.93264

 MRCHDU: Convergence failed at  19  side 2    Res =  0.4114E-01
 Side 1  free  transition at x/c =  0.6651   49
 Side 2  free  transition at x/c =  0.0035   14

  88   rms: 0.6613E+03   max: -.4444E+04   C at   88  2   RLX: 0.000
       a =  3.000      CL = -2.1903
      Cm =  0.4741     CD =  0.93776   =>   CDf =  0.00312    CDp =  0.93464

 MRCHDU: Convergence failed at  19  side 2    Res =  0.4107E-01
 Side 1  free  transition at x/c =  0.6651   49
 Side 2  free  transition at x/c =  0.0035   14

  89   rms: 0.2444E+05   max: -.1839E+06   C at   88  2   RLX: 0.000
       a =  3.000      CL = -2.1903
      Cm =  0.4740     CD =  0.93842   =>   CDf =  0.00312    CDp =  0.93530

 MRCHDU: Convergence failed at  19  side 2    Res =  0.4102E-01
 Side 1  free  transition at x/c =  0.6651   49
 Side 2  free  transition at x/c =  0.0035   14

  90   rms: 0.1980E+04   max: 0.1745E+05   C at   88  2   RLX: 0.000
       a =  3.000      CL = -2.1904
      Cm =  0.4741     CD =  0.93685   =>   CDf =  0.00312    CDp =  0.93373

 MRCHDU: Convergence failed at  19  side 2    Res =  0.4115E-01
 Side 1  free  transition at x/c =  0.6651   49
 Side 2  free  transition at x/c =  0.0035   14

  91   rms: 0.5717E+03   max: -.3811E+04   C at   88  2   RLX: 0.000
       a =  3.000      CL = -2.1902
      Cm =  0.4740     CD =  0.93924   =>   CDf =  0.00312    CDp =  0.93612

 MRCHDU: Convergence failed at  19  side 2    Res =  0.4108E-01
 Side 1  free  transition at x/c =  0.6651   49
 Side 2  free  transition at x/c =  0.0035   14

  92   rms: 0.8098E+04   max: -.6016E+05   C at   88  2   RLX: 0.000
       a =  3.000      CL = -2.1902
      Cm =  0.4740     CD =  0.93999   =>   CDf =  0.00312    CDp =  0.93687

 MRCHDU: Convergence failed at  19  side 2    Res =  0.4102E-01
 Side 1  free  transition at x/c =  0.6651   49
 Side 2  free  transition at x/c =  0.0035   14

  93   rms: 0.2117E+04   max: 0.1836E+05   C at   88  2   RLX: 0.000
       a =  3.000      CL = -2.1903
      Cm =  0.4741     CD =  0.93840   =>   CDf =  0.00312    CDp =  0.93528

 MRCHDU: Convergence failed at  19  side 2    Res =  0.4116E-01
 Side 1  free  transition at x/c =  0.6651   49
 Side 2  free  transition at x/c =  0.0035   14

  94   rms: 0.4997E+03   max: -.3306E+04   C at   88  2   RLX: 0.000
       a =  3.000      CL = -2.1901
      Cm =  0.4740     CD =  0.94087   =>   CDf =  0.00312    CDp =  0.93775

 MRCHDU: Convergence failed at  19  side 2    Res =  0.4108E-01
 Side 1  free  transition at x/c =  0.6652   49
 Side 2  free  transition at x/c =  0.0035   14

  95   rms: 0.4747E+04   max: -.3485E+05   C at   88  2   RLX: 0.000
       a =  3.000      CL = -2.1901
      Cm =  0.4740     CD =  0.94170   =>   CDf =  0.00312    CDp =  0.93858

 MRCHDU: Convergence failed at  19  side 2    Res =  0.4103E-01
 Side 1  free  transition at x/c =  0.6652   49
 Side 2  free  transition at x/c =  0.0035   14

  96   rms: 0.2280E+04   max: 0.1948E+05   C at   88  2   RLX: 0.000
       a =  3.000      CL = -2.1903
      Cm =  0.4740     CD =  0.94010   =>   CDf =  0.00312    CDp =  0.93698

 MRCHDU: Convergence failed at  19  side 2    Res =  0.4117E-01
 Side 1  free  transition at x/c =  0.6652   49
 Side 2  free  transition at x/c =  0.0035   14

  97   rms: 0.4409E+03   max: -.2897E+04   C at   88  2   RLX: 0.000
       a =  3.000      CL = -2.1900
      Cm =  0.4740     CD =  0.94264   =>   CDf =  0.00312    CDp =  0.93952

 MRCHDU: Convergence failed at  19  side 2    Res =  0.4109E-01
 Side 1  free  transition at x/c =  0.6652   49
 Side 2  free  transition at x/c =  0.0035   14

  98   rms: 0.3308E+04   max: -.2402E+05   C at   88  2   RLX: 0.000
       a =  3.000      CL = -2.1900
      Cm =  0.4739     CD =  0.94355   =>   CDf =  0.00312    CDp =  0.94043

 MRCHDU: Convergence failed at  19  side 2    Res =  0.4103E-01
 Side 1  free  transition at x/c =  0.6652   49
 Side 2  free  transition at x/c =  0.0035   14

  99   rms: 0.2478E+04   max: 0.2087E+05   C at   88  2   RLX: 0.000
       a =  3.000      CL = -2.1902
      Cm =  0.4740     CD =  0.94196   =>   CDf =  0.00312    CDp =  0.93884

 MRCHDU: Convergence failed at  19  side 2    Res =  0.4118E-01
 Side 1  free  transition at x/c =  0.6652   49
 Side 2  free  transition at x/c =  0.0035   14

 100   rms: 0.3920E+03   max: -.2560E+04   C at   88  2   RLX: 0.000
       a =  3.000      CL = -2.1899
      Cm =  0.4739     CD =  0.94456   =>   CDf =  0.00312    CDp =  0.94144

 MRCHDU: Convergence failed at  19  side 2    Res =  0.4110E-01
 Side 1  free  transition at x/c =  0.6652   49
 Side 2  free  transition at x/c =  0.0035   14

 101   rms: 0.2508E+04   max: -.1803E+05   C at   88  2   RLX: 0.000
       a =  3.000      CL = -2.1899
      Cm =  0.4739     CD =  0.94557   =>   CDf =  0.00312    CDp =  0.94245

 MRCHDU: Convergence failed at  19  side 2    Res =  0.4104E-01
 Side 1  free  transition at x/c =  0.6652   49
 Side 2  free  transition at x/c =  0.0035   14

 102   rms: 0.2725E+04   max: 0.2264E+05   C at   88  2   RLX: 0.000
       a =  3.000      CL = -2.1901
      Cm =  0.4740     CD =  0.94397   =>   CDf =  0.00312    CDp =  0.94085

 MRCHDU: Convergence failed at  19  side 2    Res =  0.4118E-01
 Side 1  free  transition at x/c =  0.6653   49
 Side 2  free  transition at x/c =  0.0035   14

 103   rms: 0.3510E+03   max: -.2279E+04   C at   88  2   RLX: 0.000
       a =  3.000      CL = -2.1898
      Cm =  0.4739     CD =  0.94664   =>   CDf =  0.00312    CDp =  0.94352

 MRCHDU: Convergence failed at  19  side 2    Res =  0.4111E-01
 Side 1  free  transition at x/c =  0.6653   49
 Side 2  free  transition at x/c =  0.0035   14

 104   rms: 0.2001E+04   max: -.1425E+05   C at   88  2   RLX: 0.000
       a =  3.000      CL = -2.1898
      Cm =  0.4738     CD =  0.94775   =>   CDf =  0.00312    CDp =  0.94463

 MRCHDU: Convergence failed at  19  side 2    Res =  0.4105E-01
 Side 1  free  transition at x/c =  0.6653   49
 Side 2  free  transition at x/c =  0.0035   14

 105   rms: 0.3038E+04   max: 0.2492E+05   C at   88  2   RLX: 0.000
       a =  3.000      CL = -2.1900
      Cm =  0.4739     CD =  0.94615   =>   CDf =  0.00312    CDp =  0.94303

 MRCHDU: Convergence failed at  19  side 2    Res =  0.4119E-01
 Side 1  free  transition at x/c =  0.6653   49
 Side 2  free  transition at x/c =  0.0035   14

 106   rms: 0.3163E+03   max: -.2042E+04   C at   88  2   RLX: 0.000
       a =  3.000      CL = -2.1897
      Cm =  0.4738     CD =  0.94888   =>   CDf =  0.00312    CDp =  0.94576

 MRCHDU: Convergence failed at  19  side 2    Res =  0.4111E-01
 Side 1  free  transition at x/c =  0.6653   49
 Side 2  free  transition at x/c =  0.0035   14

 107   rms: 0.1660E+04   max: -.1174E+05   C at   88  2   RLX: 0.000
       a =  3.000      CL = -2.1897
      Cm =  0.4738     CD =  0.95011   =>   CDf =  0.00312    CDp =  0.94699

 MRCHDU: Convergence failed at  19  side 2    Res =  0.4105E-01
 Side 1  free  transition at x/c =  0.6653   49
 Side 2  free  transition at x/c =  0.0035   14

 108   rms: 0.3641E+04   max: 0.2951E+05   C at   88  2   RLX: 0.000
       a =  3.000      CL = -2.1899
      Cm =  0.4739     CD =  0.94852   =>   CDf =  0.00312    CDp =  0.94540

 MRCHDU: Convergence failed at  19  side 2    Res =  0.4120E-01
 Side 1  free  transition at x/c =  0.6654   49
 Side 2  free  transition at x/c =  0.0035   14

 109   rms: 0.2865E+03   max: -.1841E+04   C at   88  2   RLX: 0.000
       a =  3.000      CL = -2.1896
      Cm =  0.4737     CD =  0.95131   =>   CDf =  0.00312    CDp =  0.94819

 MRCHDU: Convergence failed at  19  side 2    Res =  0.4112E-01
 Side 1  free  transition at x/c =  0.6654   49
 Side 2  free  transition at x/c =  0.0035   14

 110   rms: 0.1403E+04   max: -.9843E+04   C at   88  2   RLX: 0.000
       a =  3.000      CL = -2.1896
      Cm =  0.4737     CD =  0.95265   =>   CDf =  0.00312    CDp =  0.94953

 MRCHDU: Convergence failed at  19  side 2    Res =  0.4106E-01
 Side 1  free  transition at x/c =  0.6654   49
 Side 2  free  transition at x/c =  0.0035   14

 111   rms: 0.4196E+04   max: 0.3362E+05   C at   88  2   RLX: 0.000
       a =  3.000      CL = -2.1898
      Cm =  0.4738     CD =  0.95106   =>   CDf =  0.00312    CDp =  0.94794

 MRCHDU: Convergence failed at  19  side 2    Res =  0.4121E-01
 Side 1  free  transition at x/c =  0.6654   49
 Side 2  free  transition at x/c =  0.0035   14

 112   rms: 0.2607E+03   max: -.1668E+04   C at   88  2   RLX: 0.000
       a =  3.000      CL = -2.1895
      Cm =  0.4737     CD =  0.95391   =>   CDf =  0.00312    CDp =  0.95079

 MRCHDU: Convergence failed at  19  side 2    Res =  0.4113E-01
 Side 1  free  transition at x/c =  0.6655   49
 Side 2  free  transition at x/c =  0.0035   14

 113   rms: 0.1209E+04   max: -.8416E+04   C at   88  2   RLX: 0.000
       a =  3.000      CL = -2.1894
      Cm =  0.4736     CD =  0.95537   =>   CDf =  0.00312    CDp =  0.95225

 MRCHDU: Convergence failed at  19  side 2    Res =  0.4107E-01
 Side 1  free  transition at x/c =  0.6655   49
 Side 2  free  transition at x/c =  0.0035   14

 114   rms: 0.5012E+04   max: 0.3973E+05   C at   88  2   RLX: 0.000
       a =  3.000      CL = -2.1896
      Cm =  0.4737     CD =  0.95379   =>   CDf =  0.00312    CDp =  0.95067

 MRCHDU: Convergence failed at  19  side 2    Res =  0.4122E-01
 Side 1  free  transition at x/c =  0.6655   49
 Side 2  free  transition at x/c =  0.0035   14

 115   rms: 0.2383E+03   max: -.1518E+04   C at   88  2   RLX: 0.000
       a =  3.000      CL = -2.1893
      Cm =  0.4736     CD =  0.95670   =>   CDf =  0.00312    CDp =  0.95358

 MRCHDU: Convergence failed at  19  side 2    Res =  0.4114E-01
 Side 1  free  transition at x/c =  0.6655   49
 Side 2  free  transition at x/c =  0.0035   14

 116   rms: 0.1056E+04   max: -.7301E+04   C at   88  2   RLX: 0.000
       a =  3.000      CL = -2.1893
      Cm =  0.4736     CD =  0.95829   =>   CDf =  0.00312    CDp =  0.95517

 MRCHDU: Convergence failed at  19  side 2    Res =  0.4107E-01
 Side 1  free  transition at x/c =  0.6655   49
 Side 2  free  transition at x/c =  0.0035   14

 117   rms: 0.6272E+04   max: 0.4921E+05   C at   88  2   RLX: 0.000
       a =  3.000      CL = -2.1895
      Cm =  0.4737     CD =  0.95670   =>   CDf =  0.00312    CDp =  0.95358

 MRCHDU: Convergence failed at  19  side 2    Res =  0.4123E-01
 Side 1  free  transition at x/c =  0.6656   49
 Side 2  free  transition at x/c =  0.0035   14

 118   rms: 0.2187E+03   max: -.1388E+04   C at   88  2   RLX: 0.000
       a =  3.000      CL = -2.1892
      Cm =  0.4735     CD =  0.95968   =>   CDf =  0.00312    CDp =  0.95656

 MRCHDU: Convergence failed at  19  side 2    Res =  0.4114E-01
 Side 1  free  transition at x/c =  0.6656   49
 Side 2  free  transition at x/c =  0.0035   14

 119   rms: 0.9370E+03   max: -.6435E+04   C at   88  2   RLX: 0.000
       a =  3.000      CL = -2.1891
      Cm =  0.4735     CD =  0.96140   =>   CDf =  0.00312    CDp =  0.95828

 MRCHDU: Convergence failed at  19  side 2    Res =  0.4108E-01
 Side 1  free  transition at x/c =  0.6656   49
 Side 2  free  transition at x/c =  0.0035   14

 120   rms: 0.8473E+04   max: 0.6584E+05   C at   88  2   RLX: 0.000
       a =  3.000      CL = -2.1893
      Cm =  0.4736     CD =  0.95982   =>   CDf =  0.00312    CDp =  0.95670

 MRCHDU: Convergence failed at  19  side 2    Res =  0.4124E-01
 Side 1  free  transition at x/c =  0.6656   49
 Side 2  free  transition at x/c =  0.0035   14

 121   rms: 0.2015E+03   max: -.1274E+04   C at   88  2   RLX: 0.000
       a =  3.000      CL = -2.1890
      Cm =  0.4735     CD =  0.96285   =>   CDf =  0.00312    CDp =  0.95973

 MRCHDU: Convergence failed at  19  side 2    Res =  0.4115E-01
 Side 1  free  transition at x/c =  0.6657   49
 Side 2  free  transition at x/c =  0.0035   14

 122   rms: 0.8917E+03   max: -.6085E+04   C at   88  2   RLX: 0.000
       a =  3.000      CL = -2.1889
      Cm =  0.4734     CD =  0.96475   =>   CDf =  0.00312    CDp =  0.96163

 MRCHDU: Convergence failed at  19  side 2    Res =  0.4109E-01
 Side 1  free  transition at x/c =  0.6657   49
 Side 2  free  transition at x/c =  0.0035   14

 123   rms: 0.1327E+05   max: 0.1022E+06   C at   88  2   RLX: 0.000
       a =  3.000      CL = -2.1891
      Cm =  0.4735     CD =  0.96315   =>   CDf =  0.00312    CDp =  0.96003

 MRCHDU: Convergence failed at  19  side 2    Res =  0.4125E-01
 Side 1  free  transition at x/c =  0.6657   49
 Side 2  free  transition at x/c =  0.0035   14

 124   rms: 0.1927E+03   max: -.1214E+04   C at   88  2   RLX: 0.000
       a =  3.000      CL = -2.1888
      Cm =  0.4734     CD =  0.96631   =>   CDf =  0.00312    CDp =  0.96319

 MRCHDU: Convergence failed at  19  side 2    Res =  0.4116E-01
 Side 1  free  transition at x/c =  0.6657   49
 Side 2  free  transition at x/c =  0.0035   14

 125   rms: 0.8016E+03   max: -.5439E+04   C at   88  2   RLX: 0.000
       a =  3.000      CL = -2.1888
      Cm =  0.4733     CD =  0.96832   =>   CDf =  0.00312    CDp =  0.96520

 MRCHDU: Convergence failed at  19  side 2    Res =  0.4109E-01
 Side 1  free  transition at x/c =  0.6658   49
 Side 2  free  transition at x/c =  0.0035   14

 126   rms: 0.3201E+05   max: 0.2444E+06   C at   88  2   RLX: 0.000
       a =  3.000      CL = -2.1890
      Cm =  0.4734     CD =  0.96673   =>   CDf =  0.00312    CDp =  0.96361

 MRCHDU: Convergence failed at  19  side 2    Res =  0.4126E-01
 Side 1  free  transition at x/c =  0.6658   49
 Side 2  free  transition at x/c =  0.0035   14

 127   rms: 0.1786E+03   max: -.1122E+04   C at   88  2   RLX: 0.000
       a =  3.000      CL = -2.1886
      Cm =  0.4733     CD =  0.96995   =>   CDf =  0.00312    CDp =  0.96683

 MRCHDU: Convergence failed at  19  side 2    Res =  0.4117E-01
 Side 1  free  transition at x/c =  0.6658   49
 Side 2  free  transition at x/c =  0.0035   14

 128   rms: 0.7481E+03   max: -.5048E+04   C at   88  2   RLX: 0.000
       a =  3.000      CL = -2.1886
      Cm =  0.4732     CD =  0.97214   =>   CDf =  0.00312    CDp =  0.96902

 MRCHDU: Convergence failed at  19  side 2    Res =  0.4110E-01
 Side 1  free  transition at x/c =  0.6658   49
 Side 2  free  transition at x/c =  0.0035   14

 129   rms: 0.7775E+05   max: -.5888E+06   C at   88  2   RLX: 0.000
       a =  3.000      CL = -2.1886
      Cm =  0.4732     CD =  0.97284   =>   CDf =  0.00312    CDp =  0.96972

 MRCHDU: Convergence failed at  19  side 2    Res =  0.4105E-01
 Side 1  free  transition at x/c =  0.6658   49
 Side 2  free  transition at x/c =  0.0035   14

 130   rms: 0.2020E+04   max: 0.1795E+05   C at   88  2   RLX: 0.000
       a =  3.000      CL = -2.1887
      Cm =  0.4733     CD =  0.97114   =>   CDf =  0.00312    CDp =  0.96802

 MRCHDU: Convergence failed at  19  side 2    Res =  0.4118E-01
 Side 1  free  transition at x/c =  0.6659   49
 Side 2  free  transition at x/c =  0.0035   14

 131   rms: 0.6440E+03   max: -.4309E+04   C at   88  2   RLX: 0.000
       a =  3.000      CL = -2.1885
      Cm =  0.4732     CD =  0.97371   =>   CDf =  0.00312    CDp =  0.97059

 MRCHDU: Convergence failed at  19  side 2    Res =  0.4111E-01
 Side 1  free  transition at x/c =  0.6659   49
 Side 2  free  transition at x/c =  0.0035   14

 132   rms: 0.1135E+05   max: -.8485E+05   C at   88  2   RLX: 0.000
       a =  3.000      CL = -2.1885
      Cm =  0.4732     CD =  0.97449   =>   CDf =  0.00312    CDp =  0.97137

 MRCHDU: Convergence failed at  19  side 2    Res =  0.4105E-01
 Side 1  free  transition at x/c =  0.6659   49
 Side 2  free  transition at x/c =  0.0035   14

 133   rms: 0.2157E+04   max: 0.1885E+05   C at   88  2   RLX: 0.000
       a =  3.000      CL = -2.1887
      Cm =  0.4733     CD =  0.97278   =>   CDf =  0.00312    CDp =  0.96966

 MRCHDU: Convergence failed at  19  side 2    Res =  0.4119E-01
 Side 1  free  transition at x/c =  0.6659   49
 Side 2  free  transition at x/c =  0.0035   14

 134   rms: 0.5610E+03   max: -.3724E+04   C at   88  2   RLX: 0.000
       a =  3.000      CL = -2.1884
      Cm =  0.4732     CD =  0.97543   =>   CDf =  0.00312    CDp =  0.97231

 MRCHDU: Convergence failed at  19  side 2    Res =  0.4112E-01
 Side 1  free  transition at x/c =  0.6659   49
 Side 2  free  transition at x/c =  0.0035   14

 135   rms: 0.5948E+04   max: -.4392E+05   C at   88  2   RLX: 0.000
       a =  3.000      CL = -2.1884
      Cm =  0.4731     CD =  0.97630   =>   CDf =  0.00312    CDp =  0.97318

 MRCHDU: Convergence failed at  19  side 2    Res =  0.4106E-01
 Side 1  free  transition at x/c =  0.6659   49
 Side 2  free  transition at x/c =  0.0035   14

 136   rms: 0.2379E+04   max: 0.2047E+05   C at   88  2   RLX: 0.000
       a =  3.000      CL = -2.1886
      Cm =  0.4732     CD =  0.97459   =>   CDf =  0.00312    CDp =  0.97147

 MRCHDU: Convergence failed at  19  side 2    Res =  0.4120E-01
 Side 1  free  transition at x/c =  0.6659   49
 Side 2  free  transition at x/c =  0.0035   14

 137   rms: 0.4636E+03   max: -.3057E+04   C at   88  2   RLX: 0.000
       a =  3.000      CL = -2.1884
      Cm =  0.4731     CD =  0.97724   =>   CDf =  0.00312    CDp =  0.97412

 MRCHDU: Convergence failed at  19  side 2    Res =  0.4112E-01
 Side 1  free  transition at x/c =  0.6659   49
 Side 2  free  transition at x/c =  0.0035   14

 138   rms: 0.3961E+04   max: -.2892E+05   C at   88  2   RLX: 0.000
       a =  3.000      CL = -2.1884
      Cm =  0.4731     CD =  0.97825   =>   CDf =  0.00312    CDp =  0.97513

 MRCHDU: Convergence failed at  19  side 2    Res =  0.4106E-01
 Side 1  free  transition at x/c =  0.6659   49
 Side 2  free  transition at x/c =  0.0035   14

 139   rms: 0.2579E+04   max: 0.2188E+05   C at   88  2   RLX: 0.000
       a =  3.000      CL = -2.1885
      Cm =  0.4732     CD =  0.97652   =>   CDf =  0.00312    CDp =  0.97340

 MRCHDU: Convergence failed at  19  side 2    Res =  0.4120E-01
 Side 1  free  transition at x/c =  0.6660   49
 Side 2  free  transition at x/c =  0.0035   14

 140   rms: 0.4112E+03   max: -.2694E+04   C at   88  2   RLX: 0.000
       a =  3.000      CL = -2.1883
      Cm =  0.4731     CD =  0.97926   =>   CDf =  0.00312    CDp =  0.97614

 MRCHDU: Convergence failed at  19  side 2    Res =  0.4113E-01
 Side 1  free  transition at x/c =  0.6660   49
 Side 2  free  transition at x/c =  0.0035   14

 141   rms: 0.2931E+04   max: -.2118E+05   C at   88  2   RLX: 0.000
       a =  3.000      CL = -2.1883
      Cm =  0.4730     CD =  0.98036   =>   CDf =  0.00312    CDp =  0.97724

 MRCHDU: Convergence failed at  19  side 2    Res =  0.4107E-01
 Side 1  free  transition at x/c =  0.6660   49
 Side 2  free  transition at x/c =  0.0035   14

 142   rms: 0.2826E+04   max: 0.2364E+05   C at   88  2   RLX: 0.000
       a =  3.000      CL = -2.1884
      Cm =  0.4731     CD =  0.97863   =>   CDf =  0.00312    CDp =  0.97551

 MRCHDU: Convergence failed at  19  side 2    Res =  0.4121E-01
 Side 1  free  transition at x/c =  0.6660   49
 Side 2  free  transition at x/c =  0.0035   14

 143   rms: 0.3674E+03   max: -.2393E+04   C at   88  2   RLX: 0.000
       a =  3.000      CL = -2.1882
      Cm =  0.4730     CD =  0.98143   =>   CDf =  0.00312    CDp =  0.97831

 MRCHDU: Convergence failed at  19  side 2    Res =  0.4114E-01
 Side 1  free  transition at x/c =  0.6660   49
 Side 2  free  transition at x/c =  0.0035   14

 144   rms: 0.2303E+04   max: -.1648E+05   C at   88  2   RLX: 0.000
       a =  3.000      CL = -2.1882
      Cm =  0.4730     CD =  0.98266   =>   CDf =  0.00312    CDp =  0.97954

 MRCHDU: Convergence failed at  19  side 2    Res =  0.4108E-01
 Side 1  free  transition at x/c =  0.6660   49
 Side 2  free  transition at x/c =  0.0035   14

 145   rms: 0.3139E+04   max: 0.2592E+05   C at   88  2   RLX: 0.000
       a =  3.000      CL = -2.1883
      Cm =  0.4731     CD =  0.98091   =>   CDf =  0.00312    CDp =  0.97779

 MRCHDU: Convergence failed at  19  side 2    Res =  0.4122E-01
 Side 1  free  transition at x/c =  0.6661   49
 Side 2  free  transition at x/c =  0.0035   14

 146   rms: 0.3517E+03   max: -.2276E+04   C at   88  2   RLX: 0.000
       a =  3.000      CL = -2.1881
      Cm =  0.4730     CD =  0.98388   =>   CDf =  0.00312    CDp =  0.98076

 MRCHDU: Convergence failed at  19  side 2    Res =  0.4114E-01
 Side 1  free  transition at x/c =  0.6661   49
 Side 2  free  transition at x/c =  0.0035   14

 147   rms: 0.1882E+04   max: -.1334E+05   C at   88  2   RLX: 0.000
       a =  3.000      CL = -2.1881
      Cm =  0.4730     CD =  0.98517   =>   CDf =  0.00312    CDp =  0.98205

 MRCHDU: Convergence failed at  19  side 2    Res =  0.4108E-01
 Side 1  free  transition at x/c =  0.6661   49
 Side 2  free  transition at x/c =  0.0035   14

 148   rms: 0.3525E+04   max: 0.2875E+05   C at   88  2   RLX: 0.000
       a =  3.000      CL = -2.1882
      Cm =  0.4730     CD =  0.98342   =>   CDf =  0.00312    CDp =  0.98030

 MRCHDU: Convergence failed at  19  side 2    Res =  0.4123E-01
 Side 1  free  transition at x/c =  0.6661   49
 Side 2  free  transition at x/c =  0.0035   14

 149   rms: 0.2988E+03   max: -.1925E+04   C at   88  2   RLX: 0.000
       a =  3.000      CL = -2.1880
      Cm =  0.4729     CD =  0.98637   =>   CDf =  0.00312    CDp =  0.98325

 MRCHDU: Convergence failed at  19  side 2    Res =  0.4115E-01
 Side 1  free  transition at x/c =  0.6661   49
 Side 2  free  transition at x/c =  0.0035   14

 150   rms: 0.1585E+04   max: -.1116E+05   C at   88  2   RLX: 0.000
       a =  3.000      CL = -2.1879
      Cm =  0.4729     CD =  0.98784   =>   CDf =  0.00312    CDp =  0.98472

 MRCHDU: Convergence failed at  19  side 2    Res =  0.4109E-01
 Side 1  free  transition at x/c =  0.6661   49
 Side 2  free  transition at x/c =  0.0035   14

 151   rms: 0.4059E+04   max: 0.3272E+05   C at   88  2   RLX: 0.000
       a =  3.000      CL = -2.1881
      Cm =  0.4730     CD =  0.98608   =>   CDf =  0.00312    CDp =  0.98296

 MRCHDU: Convergence failed at  19  side 2    Res =  0.4124E-01
 Side 1  free  transition at x/c =  0.6662   49
 Side 2  free  transition at x/c =  0.0035   14

 152   rms: 0.2889E+03   max: -.1852E+04   C at   88  2   RLX: 0.000
       a =  3.000      CL = -2.1878
      Cm =  0.4729     CD =  0.98921   =>   CDf =  0.00312    CDp =  0.98609

 MRCHDU: Convergence failed at  19  side 2    Res =  0.4116E-01
 Side 1  free  transition at x/c =  0.6662   49
 Side 2  free  transition at x/c =  0.0035   14

 153   rms: 0.1357E+04   max: -.9486E+04   C at   88  2   RLX: 0.000
       a =  3.000      CL = -2.1878
      Cm =  0.4728     CD =  0.99075   =>   CDf =  0.00312    CDp =  0.98763

 MRCHDU: Convergence failed at  19  side 2    Res =  0.4110E-01
 Side 1  free  transition at x/c =  0.6662   49
 Side 2  free  transition at x/c =  0.0035   14

 154   rms: 0.4814E+04   max: 0.3838E+05   C at   88  2   RLX: 0.000
       a =  3.000      CL = -2.1880
      Cm =  0.4729     CD =  0.98899   =>   CDf =  0.00312    CDp =  0.98587

 MRCHDU: Convergence failed at  19  side 2    Res =  0.4125E-01
 Side 1  free  transition at x/c =  0.6662   49
 Side 2  free  transition at x/c =  0.0035   14

 155   rms: 0.2478E+03   max: -.1583E+04   C at   88  2   RLX: 0.000
       a =  3.000      CL = -2.1877
      Cm =  0.4728     CD =  0.99207   =>   CDf =  0.00312    CDp =  0.98895

 MRCHDU: Convergence failed at  19  side 2    Res =  0.4117E-01
 Side 1  free  transition at x/c =  0.6662   49
 Side 2  free  transition at x/c =  0.0035   14

 156   rms: 0.1180E+04   max: -.8189E+04   C at   88  2   RLX: 0.000
       a =  3.000      CL = -2.1877
      Cm =  0.4728     CD =  0.99382   =>   CDf =  0.00312    CDp =  0.99070

 MRCHDU: Convergence failed at  19  side 2    Res =  0.4110E-01
 Side 1  free  transition at x/c =  0.6662   49
 Side 2  free  transition at x/c =  0.0035   14

 157   rms: 0.5955E+04   max: 0.4699E+05   C at   88  2   RLX: 0.000
       a =  3.000      CL = -2.1879
      Cm =  0.4729     CD =  0.99205   =>   CDf =  0.00312    CDp =  0.98893

 MRCHDU: Convergence failed at  19  side 2    Res =  0.4126E-01
 Side 1  free  transition at x/c =  0.6663   49
 Side 2  free  transition at x/c =  0.0035   14

 158   rms: 0.2415E+03   max: -.1535E+04   C at   88  2   RLX: 0.000
       a =  3.000      CL = -2.1876
      Cm =  0.4728     CD =  0.99534   =>   CDf =  0.00312    CDp =  0.99222

 MRCHDU: Convergence failed at  19  side 2    Res =  0.4118E-01
 Side 1  free  transition at x/c =  0.6663   49
 Side 2  free  transition at x/c =  0.0035   14

 159   rms: 0.1039E+04   max: -.7161E+04   C at   88  2   RLX: 0.000
       a =  3.000      CL = -2.1875
      Cm =  0.4727     CD =  0.99718   =>   CDf =  0.00312    CDp =  0.99406

 MRCHDU: Convergence failed at  19  side 2    Res =  0.4111E-01
 Side 1  free  transition at x/c =  0.6663   49
 Side 2  free  transition at x/c =  0.0035   14

 160   rms: 0.7908E+04   max: 0.6179E+05   C at   88  2   RLX: 0.000
       a =  3.000      CL = -2.1877
      Cm =  0.4728     CD =  0.99541   =>   CDf =  0.00312    CDp =  0.99229

 MRCHDU: Convergence failed at  19  side 2    Res =  0.4127E-01
 Side 1  free  transition at x/c =  0.6663   49
 Side 2  free  transition at x/c =  0.0035   14

 161   rms: 0.2088E+03   max: -.1323E+04   C at   88  2   RLX: 0.000
       a =  3.000      CL = -2.1874
      Cm =  0.4727     CD =  0.99863   =>   CDf =  0.00312    CDp =  0.99551

 MRCHDU: Convergence failed at  19  side 2    Res =  0.4118E-01
 Side 1  free  transition at x/c =  0.6664   49
 Side 2  free  transition at x/c =  0.0035   14

 162   rms: 0.9235E+03   max: -.6325E+04   C at   88  2   RLX: 0.000
       a =  3.000      CL = -2.1874
      Cm =  0.4726     CD =  1.00071   =>   CDf =  0.00312    CDp =  0.99759

 MRCHDU: Convergence failed at  19  side 2    Res =  0.4112E-01
 Side 1  free  transition at x/c =  0.6664   49
 Side 2  free  transition at x/c =  0.0035   14

 163   rms: 0.1196E+05   max: 0.9257E+05   C at   88  2   RLX: 0.000
       a =  3.000      CL = -2.1876
      Cm =  0.4727     CD =  0.99893   =>   CDf =  0.00312    CDp =  0.99581

 MRCHDU: Convergence failed at  19  side 2    Res =  0.4128E-01
 Side 1  free  transition at x/c =  0.6664   49
 Side 2  free  transition at x/c =  0.0035   14

 164   rms: 0.2052E+03   max: -.1295E+04   C at   88  2   RLX: 0.000
       a =  3.000      CL = -2.1872
      Cm =  0.4726     CD =  1.00238   =>   CDf =  0.00312    CDp =  0.99926

 MRCHDU: Convergence failed at  19  side 2    Res =  0.4119E-01
 Side 1  free  transition at x/c =  0.6664   49
 Side 2  free  transition at x/c =  0.0035   14

 165   rms: 0.8283E+03   max: -.5640E+04   C at   88  2   RLX: 0.000
       a =  3.000      CL = -2.1872
      Cm =  0.4725     CD =  1.00454   =>   CDf =  0.00312    CDp =  1.00142

 MRCHDU: Convergence failed at  19  side 2    Res =  0.4113E-01
 Side 1  free  transition at x/c =  0.6665   49
 Side 2  free  transition at x/c =  0.0035   14

 166   rms: 0.2501E+05   max: 0.1919E+06   C at   88  2   RLX: 0.000
       a =  3.000      CL = -2.1874
      Cm =  0.4727     CD =  1.00276   =>   CDf =  0.00312    CDp =  0.99964

 MRCHDU: Convergence failed at  19  side 2    Res =  0.4128E-01
 Side 1  free  transition at x/c =  0.6665   49
 Side 2  free  transition at x/c =  0.0035   14

 167   rms: 0.1901E+03   max: -.1196E+04   C at   88  2   RLX: 0.000
       a =  3.000      CL = -2.1870
      Cm =  0.4725     CD =  1.00628   =>   CDf =  0.00312    CDp =  1.00316

 MRCHDU: Convergence failed at  19  side 2    Res =  0.4120E-01
 Side 1  free  transition at x/c =  0.6665   49
 Side 2  free  transition at x/c =  0.0035   14

 168   rms: 0.7485E+03   max: -.5068E+04   C at   88  2   RLX: 0.000
       a =  3.000      CL = -2.1870
      Cm =  0.4725     CD =  1.00861   =>   CDf =  0.00312    CDp =  1.00549

 MRCHDU: Convergence failed at  19  side 2    Res =  0.4113E-01
 Side 1  free  transition at x/c =  0.6665   49
 Side 2  free  transition at x/c =  0.0035   14

 169   rms: 0.1676E+06   max: -.1276E+07   C at   88  2   RLX: 0.000
       a =  3.000      CL = -2.1870
      Cm =  0.4724     CD =  1.00939   =>   CDf =  0.00312    CDp =  1.00627

 MRCHDU: Convergence failed at  19  side 2    Res =  0.4108E-01
 Side 1  free  transition at x/c =  0.6665   49
 Side 2  free  transition at x/c =  0.0035   14

 170   rms: 0.2025E+04   max: 0.1810E+05   C at   88  2   RLX: 0.000
       a =  3.000      CL = -2.1871
      Cm =  0.4725     CD =  1.00756   =>   CDf =  0.00312    CDp =  1.00444

 MRCHDU: Convergence failed at  19  side 2    Res =  0.4121E-01
 Side 1  free  transition at x/c =  0.6666   49
 Side 2  free  transition at x/c =  0.0035   14

 171   rms: 0.6431E+03   max: -.4317E+04   C at   88  2   RLX: 0.000
       a =  3.000      CL = -2.1869
      Cm =  0.4724     CD =  1.01026   =>   CDf =  0.00312    CDp =  1.00714

 MRCHDU: Convergence failed at  19  side 2    Res =  0.4114E-01
 Side 1  free  transition at x/c =  0.6666   49
 Side 2  free  transition at x/c =  0.0035   14

 172   rms: 0.1180E+05   max: -.8862E+05   C at   88  2   RLX: 0.000
       a =  3.000      CL = -2.1869
      Cm =  0.4724     CD =  1.01113   =>   CDf =  0.00312    CDp =  1.00801

 MRCHDU: Convergence failed at  19  side 2    Res =  0.4109E-01
 Side 1  free  transition at x/c =  0.6666   49
 Side 2  free  transition at x/c =  0.0035   14

 173   rms: 0.2161E+04   max: 0.1900E+05   C at   88  2   RLX: 0.000
       a =  3.000      CL = -2.1871
      Cm =  0.4725     CD =  1.00929   =>   CDf =  0.00312    CDp =  1.00617

 MRCHDU: Convergence failed at  19  side 2    Res =  0.4122E-01
 Side 1  free  transition at x/c =  0.6666   49
 Side 2  free  transition at x/c =  0.0035   14

 174   rms: 0.5593E+03   max: -.3724E+04   C at   88  2   RLX: 0.000
       a =  3.000      CL = -2.1869
      Cm =  0.4724     CD =  1.01207   =>   CDf =  0.00312    CDp =  1.00895

 MRCHDU: Convergence failed at  19  side 2    Res =  0.4115E-01
 Side 1  free  transition at x/c =  0.6666   49
 Side 2  free  transition at x/c =  0.0035   14

 175   rms: 0.6053E+04   max: -.4490E+05   C at   88  2   RLX: 0.000
       a =  3.000      CL = -2.1869
      Cm =  0.4724     CD =  1.01304   =>   CDf =  0.00312    CDp =  1.00992

 MRCHDU: Convergence failed at  19  side 2    Res =  0.4109E-01
 Side 1  free  transition at x/c =  0.6666   49
 Side 2  free  transition at x/c =  0.0035   14

 176   rms: 0.2325E+04   max: 0.2012E+05   C at   88  2   RLX: 0.000
       a =  3.000      CL = -2.1870
      Cm =  0.4724     CD =  1.01118   =>   CDf =  0.00312    CDp =  1.00806

 MRCHDU: Convergence failed at  19  side 2    Res =  0.4123E-01
 Side 1  free  transition at x/c =  0.6666   49
 Side 2  free  transition at x/c =  0.0035   14

 177   rms: 0.4914E+03   max: -.3249E+04   C at   88  2   RLX: 0.000
       a =  3.000      CL = -2.1868
      Cm =  0.4724     CD =  1.01404   =>   CDf =  0.00312    CDp =  1.01092

 MRCHDU: Convergence failed at  19  side 2    Res =  0.4115E-01
 Side 1  free  transition at x/c =  0.6666   49
 Side 2  free  transition at x/c =  0.0035   14

 178   rms: 0.3983E+04   max: -.2921E+05   C at   88  2   RLX: 0.000
       a =  3.000      CL = -2.1868
      Cm =  0.4723     CD =  1.01512   =>   CDf =  0.00312    CDp =  1.01200

 MRCHDU: Convergence failed at  19  side 2    Res =  0.4110E-01
 Side 1  free  transition at x/c =  0.6666   49
 Side 2  free  transition at x/c =  0.0035   14

 179   rms: 0.2522E+04   max: 0.2150E+05   C at   88  2   RLX: 0.000
       a =  3.000      CL = -2.1869
      Cm =  0.4724     CD =  1.01324   =>   CDf =  0.00312    CDp =  1.01012

 MRCHDU: Convergence failed at  19  side 2    Res =  0.4123E-01
 Side 1  free  transition at x/c =  0.6667   49
 Side 2  free  transition at x/c =  0.0035   14

 180   rms: 0.4354E+03   max: -.2859E+04   C at   88  2   RLX: 0.000
       a =  3.000      CL = -2.1867
      Cm =  0.4723     CD =  1.01619   =>   CDf =  0.00312    CDp =  1.01307

 MRCHDU: Convergence failed at  19  side 2    Res =  0.4116E-01
 Side 1  free  transition at x/c =  0.6667   49
 Side 2  free  transition at x/c =  0.0035   14

 181   rms: 0.2924E+04   max: -.2121E+05   C at   88  2   RLX: 0.000
       a =  3.000      CL = -2.1867
      Cm =  0.4723     CD =  1.01738   =>   CDf =  0.00312    CDp =  1.01426

 MRCHDU: Convergence failed at  19  side 2    Res =  0.4110E-01
 Side 1  free  transition at x/c =  0.6667   49
 Side 2  free  transition at x/c =  0.0035   14

 182   rms: 0.2765E+04   max: 0.2325E+05   C at   88  2   RLX: 0.000
       a =  3.000      CL = -2.1869
      Cm =  0.4724     CD =  1.01549   =>   CDf =  0.00312    CDp =  1.01237

 MRCHDU: Convergence failed at  19  side 2    Res =  0.4124E-01
 Side 1  free  transition at x/c =  0.6667   49
 Side 2  free  transition at x/c =  0.0035   14

 183   rms: 0.3887E+03   max: -.2537E+04   C at   88  2   RLX: 0.000
       a =  3.000      CL = -2.1866
      Cm =  0.4723     CD =  1.01852   =>   CDf =  0.00312    CDp =  1.01540

 MRCHDU: Convergence failed at  19  side 2    Res =  0.4117E-01
 Side 1  free  transition at x/c =  0.6667   49
 Side 2  free  transition at x/c =  0.0035   14

 184   rms: 0.2289E+04   max: -.1644E+05   C at   88  2   RLX: 0.000
       a =  3.000      CL = -2.1866
      Cm =  0.4722     CD =  1.01983   =>   CDf =  0.00312    CDp =  1.01671

 MRCHDU: Convergence failed at  19  side 2    Res =  0.4111E-01
 Side 1  free  transition at x/c =  0.6667   49
 Side 2  free  transition at x/c =  0.0035   14

 185   rms: 0.3072E+04   max: 0.2549E+05   C at   88  2   RLX: 0.000
       a =  3.000      CL = -2.1868
      Cm =  0.4723     CD =  1.01793   =>   CDf =  0.00312    CDp =  1.01480

 MRCHDU: Convergence failed at  19  side 2    Res =  0.4125E-01
 Side 1  free  transition at x/c =  0.6667   49
 Side 2  free  transition at x/c =  0.0035   14

 186   rms: 0.3493E+03   max: -.2266E+04   C at   88  2   RLX: 0.000
       a =  3.000      CL = -2.1865
      Cm =  0.4722     CD =  1.02104   =>   CDf =  0.00312    CDp =  1.01792

 MRCHDU: Convergence failed at  19  side 2    Res =  0.4118E-01
 Side 1  free  transition at x/c =  0.6668   49
 Side 2  free  transition at x/c =  0.0035   14

 187   rms: 0.1864E+04   max: -.1327E+05   C at   88  2   RLX: 0.000
       a =  3.000      CL = -2.1865
      Cm =  0.4722     CD =  1.02248   =>   CDf =  0.00312    CDp =  1.01936

 MRCHDU: Convergence failed at  19  side 2    Res =  0.4112E-01
 Side 1  free  transition at x/c =  0.6668   49
 Side 2  free  transition at x/c =  0.0035   14

 188   rms: 0.3474E+04   max: 0.2847E+05   C at   88  2   RLX: 0.000
       a =  3.000      CL = -2.1867
      Cm =  0.4723     CD =  1.02056   =>   CDf =  0.00312    CDp =  1.01744

 MRCHDU: Convergence failed at  19  side 2    Res =  0.4126E-01
 Side 1  free  transition at x/c =  0.6668   49
 Side 2  free  transition at x/c =  0.0035   14

 189   rms: 0.3156E+03   max: -.2038E+04   C at   88  2   RLX: 0.000
       a =  3.000      CL = -2.1864
      Cm =  0.4722     CD =  1.02376   =>   CDf =  0.00312    CDp =  1.02064

 MRCHDU: Convergence failed at  19  side 2    Res =  0.4118E-01
 Side 1  free  transition at x/c =  0.6668   49
 Side 2  free  transition at x/c =  0.0035   14

 190   rms: 0.1561E+04   max: -.1101E+05   C at   88  2   RLX: 0.000
       a =  3.000      CL = -2.1864
      Cm =  0.4721     CD =  1.02534   =>   CDf =  0.00312    CDp =  1.02222

 MRCHDU: Convergence failed at  19  side 2    Res =  0.4112E-01
 Side 1  free  transition at x/c =  0.6668   49
 Side 2  free  transition at x/c =  0.0035   14

 191   rms: 0.3992E+04   max: 0.3233E+05   C at   88  2   RLX: 0.000
       a =  3.000      CL = -2.1866
      Cm =  0.4722     CD =  1.02341   =>   CDf =  0.00312    CDp =  1.02029

 MRCHDU: Convergence failed at  19  side 2    Res =  0.4127E-01
 Side 1  free  transition at x/c =  0.6668   49
 Side 2  free  transition at x/c =  0.0035   14

 192   rms: 0.2867E+03   max: -.1842E+04   C at   88  2   RLX: 0.000
       a =  3.000      CL = -2.1863
      Cm =  0.4721     CD =  1.02669   =>   CDf =  0.00312    CDp =  1.02357

 MRCHDU: Convergence failed at  19  side 2    Res =  0.4119E-01
 Side 1  free  transition at x/c =  0.6669   49
 Side 2  free  transition at x/c =  0.0035   14

 193   rms: 0.1335E+04   max: -.9341E+04   C at   88  2   RLX: 0.000
       a =  3.000      CL = -2.1862
      Cm =  0.4721     CD =  1.02841   =>   CDf =  0.00312    CDp =  1.02529

 MRCHDU: Convergence failed at  19  side 2    Res =  0.4113E-01
 Side 1  free  transition at x/c =  0.6669   49
 Side 2  free  transition at x/c =  0.0035   14

 194   rms: 0.4748E+04   max: 0.3803E+05   C at   88  2   RLX: 0.000
       a =  3.000      CL = -2.1864
      Cm =  0.4722     CD =  1.02648   =>   CDf =  0.00312    CDp =  1.02336

 MRCHDU: Convergence failed at  19  side 2    Res =  0.4128E-01
 Side 1  free  transition at x/c =  0.6669   49
 Side 2  free  transition at x/c =  0.0035   14

 195   rms: 0.2616E+03   max: -.1674E+04   C at   88  2   RLX: 0.000
       a =  3.000      CL = -2.1861
      Cm =  0.4720     CD =  1.02984   =>   CDf =  0.00312    CDp =  1.02672

 MRCHDU: Convergence failed at  19  side 2    Res =  0.4120E-01
 Side 1  free  transition at x/c =  0.6669   49
 Side 2  free  transition at x/c =  0.0035   14

 196   rms: 0.1166E+04   max: -.8120E+04   C at   88  2   RLX: 0.000
       a =  3.000      CL = -2.1861
      Cm =  0.4720     CD =  1.03171   =>   CDf =  0.00312    CDp =  1.02859

 MRCHDU: Convergence failed at  19  side 2    Res =  0.4114E-01
 Side 1  free  transition at x/c =  0.6669   49
 Side 2  free  transition at x/c =  0.0035   14

 197   rms: 0.5913E+04   max: 0.4687E+05   C at   88  2   RLX: 0.000
       a =  3.000      CL = -2.1863
      Cm =  0.4721     CD =  1.02977   =>   CDf =  0.00312    CDp =  1.02665

 MRCHDU: Convergence failed at  19  side 2    Res =  0.4129E-01
 Side 1  free  transition at x/c =  0.6670   49
 Side 2  free  transition at x/c =  0.0035   14

 198   rms: 0.2398E+03   max: -.1527E+04   C at   88  2   RLX: 0.000
       a =  3.000      CL = -2.1860
      Cm =  0.4720     CD =  1.03321   =>   CDf =  0.00312    CDp =  1.03009

 MRCHDU: Convergence failed at  19  side 2    Res =  0.4121E-01
 Side 1  free  transition at x/c =  0.6670   49
 Side 2  free  transition at x/c =  0.0035   14

 199   rms: 0.1026E+04   max: -.7094E+04   C at   88  2   RLX: 0.000
       a =  3.000      CL = -2.1860
      Cm =  0.4719     CD =  1.03524   =>   CDf =  0.00312    CDp =  1.03212

 MRCHDU: Convergence failed at  19  side 2    Res =  0.4114E-01
 Side 1  free  transition at x/c =  0.6670   49
 Side 2  free  transition at x/c =  0.0035   14

 200   rms: 0.7888E+04   max: 0.6190E+05   C at   88  2   RLX: 0.000
       a =  3.000      CL = -2.1862
      Cm =  0.4720     CD =  1.03329   =>   CDf =  0.00312    CDp =  1.03017

 MRCHDU: Convergence failed at  19  side 2    Res =  0.4130E-01
 Side 1  free  transition at x/c =  0.6670   49
 Side 2  free  transition at x/c =  0.0035   14

 201   rms: 0.2206E+03   max: -.1400E+04   C at   88  2   RLX: 0.000
       a =  3.000      CL = -2.1858
      Cm =  0.4719     CD =  1.03681   =>   CDf =  0.00312    CDp =  1.03369

 MRCHDU: Convergence failed at  19  side 2    Res =  0.4122E-01
 Side 1  free  transition at x/c =  0.6671   49
 Side 2  free  transition at x/c =  0.0035   14

 202   rms: 0.9120E+03   max: -.6265E+04   C at   88  2   RLX: 0.000
       a =  3.000      CL = -2.1858
      Cm =  0.4719     CD =  1.03901   =>   CDf =  0.00312    CDp =  1.03589

 MRCHDU: Convergence failed at  19  side 2    Res =  0.4115E-01
 Side 1  free  transition at x/c =  0.6671   49
 Side 2  free  transition at x/c =  0.0035   14

 203   rms: 0.1210E+05   max: 0.9408E+05   C at   88  2   RLX: 0.000
       a =  3.000      CL = -2.1860
      Cm =  0.4720     CD =  1.03706   =>   CDf =  0.00312    CDp =  1.03394

 MRCHDU: Convergence failed at  19  side 2    Res =  0.4131E-01
 Side 1  free  transition at x/c =  0.6671   49
 Side 2  free  transition at x/c =  0.0035   14

 204   rms: 0.2036E+03   max: -.1288E+04   C at   88  2   RLX: 0.000
       a =  3.000      CL = -2.1857
      Cm =  0.4718     CD =  1.04066   =>   CDf =  0.00312    CDp =  1.03754

 MRCHDU: Convergence failed at  19  side 2    Res =  0.4122E-01
 Side 1  free  transition at x/c =  0.6671   49
 Side 2  free  transition at x/c =  0.0035   14

 205   rms: 0.8177E+03   max: -.5584E+04   C at   88  2   RLX: 0.000
       a =  3.000      CL = -2.1856
      Cm =  0.4718     CD =  1.04303   =>   CDf =  0.00312    CDp =  1.03991
 VISCAL:  Convergence failed
      9.000    4.7567   1.043031   0.001284   0.001339   0.000055    0.6671     #

 Sequence halted since previous  4 points did not converge
 Last-converged  alpha =   0.000    CL =   0.00000

.OPERva   c>   BLs will be initialized on next point

.OPERva   c>   Calculating wake trajectory ...
 Calculating source influence matrix ...

 Solving BL system ...

 Initializing BL ...
    side            1  ...
 MRCHUE: Inverse mode at  36     Hk =   4.737
 MRCHUE: Inverse mode at  37     Hk =   5.762
 MRCHUE: Inverse mode at  38     Hk =   6.768
 MRCHUE: Inverse mode at  39     Hk =   7.761
 MRCHUE: Inverse mode at  40     Hk =   6.612
 MRCHUE: Inverse mode at  41     Hk =   2.768
    side            2  ...
 MRCHUE: Convergence failed at  11  side 2    Res =  0.3669E+01
 MRCHUE: Inverse mode at  12     Hk =   5.444
 MRCHUE: Inverse mode at  13     Hk =   7.865
 MRCHUE: Inverse mode at  14     Hk =  10.594
 MRCHUE: Inverse mode at  15     Hk =   2.500
 MRCHUE: Inverse mode at  16     Hk =   2.500
 MRCHUE: Inverse mode at  17     Hk =   2.500
 MRCHUE: Inverse mode at  18     Hk =   2.500
 MRCHUE: Inverse mode at  19     Hk =   2.500
 MRCHUE: Inverse mode at  20     Hk =   2.500
 MRCHUE: Inverse mode at  21     Hk =   2.500
 MRCHUE: Inverse mode at  24     Hk =   2.500
 MRCHUE: Inverse mode at  25     Hk =   2.500
 MRCHUE: Inverse mode at  26     Hk =   2.500
 MRCHUE: Inverse mode at  27     Hk =   2.500

 MRCHDU: Convergence failed at  11  side 2    Res =  0.4415E+01
 MRCHDU: Convergence failed at  12  side 2    Res =  0.9503E+00
 MRCHDU: Convergence failed at  13  side 2    Res =  0.1780E+01
 MRCHDU: Convergence failed at  14  side 2    Res =  0.8112E+01
 MRCHDU: Convergence failed at  15  side 2    Res =  0.1595E+02
 MRCHDU: Convergence failed at  16  side 2    Res =  0.5368E+01
 MRCHDU: Convergence failed at  17  side 2    Res =  0.1933E+02
 MRCHDU: Convergence failed at  18  side 2    Res =  0.2217E+03
 MRCHDU: Convergence failed at  19  side 2    Res =  0.1463E+02
 MRCHDU: Convergence failed at  20  side 2    Res =  0.1271E+03
 MRCHDU: Convergence failed at  21  side 2    Res =  0.9736E+02
 MRCHDU: Convergence failed at  22  side 2    Res =  0.3459E+02
 MRCHDU: Convergence failed at  23  side 2    Res =  0.1891E+02
 MRCHDU: Convergence failed at  24  side 2    Res =  0.1283E+02
 MRCHDU: Convergence failed at  25  side 2    Res =  0.2188E+01
 MRCHDU: Convergence failed at  26  side 2    Res =  0.1590E+02
 MRCHDU: Convergence failed at  27  side 2    Res =  0.4715E+02
 MRCHDU: Convergence failed at  28  side 2    Res =  0.1426E+03
 MRCHDU: Convergence failed at  29  side 2    Res =  0.2919E+03
 MRCHDU: Convergence failed at  30  side 2    Res =  0.5964E+01
 MRCHDU: Convergence failed at  31  side 2    Res =  0.3870E+03
 MRCHDU: Convergence failed at  32  side 2    Res =  0.1016E+03
 MRCHDU: Convergence failed at  33  side 2    Res =  0.1840E+03
 MRCHDU: Convergence failed at  34  side 2    Res =  0.5454E+01
 MRCHDU: Convergence failed at  35  side 2    Res =  0.6233E+02
 MRCHDU: Convergence failed at  36  side 2    Res =  0.6920E+02
 MRCHDU: Convergence failed at  37  side 2    Res =  0.5316E+01
 MRCHDU: Convergence failed at  38  side 2    Res =  0.4159E+03
 MRCHDU: Convergence failed at  39  side 2    Res =  0.2582E+04
 MRCHDU: Convergence failed at  40  side 2    Res =  0.2153E+03
 MRCHDU: Convergence failed at  41  side 2    Res =  0.1017E+03
 MRCHDU: Convergence failed at  42  side 2    Res =  0.6501E+02
 MRCHDU: Convergence failed at  43  side 2    Res =  0.5537E+01
 MRCHDU: Convergence failed at  44  side 2    Res =  0.5649E+01
 MRCHDU: Convergence failed at  45  side 2    Res =  0.5750E+01
 MRCHDU: Convergence failed at  46  side 2    Res =  0.5846E+01
 MRCHDU: Convergence failed at  47  side 2    Res =  0.5950E+01
 MRCHDU: Convergence failed at  48  side 2    Res =  0.1031E+03
 MRCHDU: Convergence failed at  49  side 2    Res =  0.1417E+03
 MRCHDU: Convergence failed at  50  side 2    Res =  0.2993E+03
 MRCHDU: Convergence failed at  51  side 2    Res =  0.8108E+03
 MRCHDU: Convergence failed at  52  side 2    Res =  0.1556E+03
 MRCHDU: Convergence failed at  53  side 2    Res =  0.8379E+02
 MRCHDU: Convergence failed at  54  side 2    Res =  0.6070E+01
 MRCHDU: Convergence failed at  55  side 2    Res =  0.6337E+01
 MRCHDU: Convergence failed at  56  side 2    Res =  0.1482E+03
 MRCHDU: Convergence failed at  57  side 2    Res =  0.3963E+03
 MRCHDU: Convergence failed at  58  side 2    Res =  0.8015E+03
 MRCHDU: Convergence failed at  59  side 2    Res =  0.1958E+03
 MRCHDU: Convergence failed at  60  side 2    Res =  0.1189E+03
 MRCHDU: Convergence failed at  61  side 2    Res =  0.8534E+02
 MRCHDU: Convergence failed at  62  side 2    Res =  0.6625E+01
 MRCHDU: Convergence failed at  63  side 2    Res =  0.6743E+01
 MRCHDU: Convergence failed at  64  side 2    Res =  0.6868E+01
 MRCHDU: Convergence failed at  65  side 2    Res =  0.6971E+01
 MRCHDU: Convergence failed at  66  side 2    Res =  0.7065E+01
 MRCHDU: Convergence failed at  67  side 2    Res =  0.2345E+03
 MRCHDU: Convergence failed at  68  side 2    Res =  0.3187E+03
 MRCHDU: Convergence failed at  69  side 2    Res =  0.5139E+03
 MRCHDU: Convergence failed at  70  side 2    Res =  0.1413E+04
 MRCHDU: Convergence failed at  71  side 2    Res =  0.3439E+05
 MRCHDU: Convergence failed at  72  side 2    Res =  0.3234E+03
 MRCHDU: Convergence failed at  73  side 2    Res =  0.7077E+01
 MRCHDU: Convergence failed at  74  side 2    Res =  0.6876E+01
 MRCHDU: Convergence failed at  75  side 2    Res =  0.1123E+03
 MRCHDU: Convergence failed at  76  side 2    Res =  0.1581E+03
 MRCHDU: Convergence failed at  77  side 2    Res =  0.3782E+03
 MRCHDU: Convergence failed at  78  side 2    Res =  0.1416E+03
 MRCHDU: Convergence failed at  79  side 2    Res =  0.6089E+01
 MRCHDU: Convergence failed at  80  side 2    Res =  0.8745E+02
 MRCHDU: Convergence failed at  81  side 2    Res =  0.2847E+02
 MRCHDU: Convergence failed at  82  side 2    Res =  0.1807E+02
 MRCHDU: Convergence failed at  83  side 2    Res =  0.1368E+02
 MRCHDU: Convergence failed at  84  side 2    Res =  0.1111E+02
 MRCHDU: Convergence failed at  85  side 2    Res =  0.9501E+01
 MRCHDU: Convergence failed at  86  side 2    Res =  0.7193E+01
 Side 1  free  transition at x/c =  0.5105   40
 Side 2  free  transition at x/c =  0.1325   25

   1   rms: 0.2509E+01   max: -.2006E+01   U at   86  2   RLX: 0.181
       a = -1.000      CL = -5.8109
      Cm =  1.4832     CD =  0.00384   =>   CDf =  0.01453    CDp = -0.01069

 Side 1  free  transition at x/c =  0.5135   40
 Side 2 forced transition at x/c =  1.0000   86

   2   rms: 0.2139E+01   max: -.1637E+01   U at   86  2   RLX: 0.085
       a = -1.000      CL = -5.1069
      Cm =  1.3081     CD =  0.00421   =>   CDf =  0.00827    CDp = -0.00406

 Side 1  free  transition at x/c =  0.5145   40
 Side 2  free  transition at x/c =  0.7324   65

   3   rms: 0.7766E+01   max: 0.1736E+03   C at   65  2   RLX: 0.009
       a = -1.000      CL = -5.0366
      Cm =  1.2881     CD =  0.00488   =>   CDf =  0.01247    CDp = -0.00758

 Side 1  free  transition at x/c =  0.5146   40
 Side 2  free  transition at x/c =  0.7027   63

   4   rms: 0.5599E+01   max: 0.1222E+03   C at   63  2   RLX: 0.012
       a = -1.000      CL = -4.9468
      Cm =  1.2655     CD =  0.00496   =>   CDf =  0.01292    CDp = -0.00796

 Side 1  free  transition at x/c =  0.5147   40
 Side 2  free  transition at x/c =  0.6578   60

   5   rms: 0.5646E+01   max: 0.1249E+03   C at   60  2   RLX: 0.012
       a = -1.000      CL = -4.8602
      Cm =  1.2436     CD =  0.00507   =>   CDf =  0.01359    CDp = -0.00852

 Side 1  free  transition at x/c =  0.5151   41
 Side 2  free  transition at x/c =  0.6136   57

   6   rms: 0.5525E+01   max: 0.1225E+03   C at   57  2   RLX: 0.012
       a = -1.000      CL = -4.7737
      Cm =  1.2219     CD =  0.00510   =>   CDf =  0.01419    CDp = -0.00909

 Side 1  free  transition at x/c =  0.5154   41
 Side 2  free  transition at x/c =  0.5684   54

   7   rms: 0.6712E+01   max: 0.1538E+03   C at   54  2   RLX: 0.010
       a = -1.000      CL = -4.7058
      Cm =  1.2049     CD =  0.00519   =>   CDf =  0.01479    CDp = -0.00959

 Side 1  free  transition at x/c =  0.5156   41
 Side 2  free  transition at x/c =  0.5344   52

   8   rms: 0.8095E+01   max: 0.1908E+03   C at   52  2   RLX: 0.008
       a = -1.000      CL = -4.6519
      Cm =  1.1915     CD =  0.00527   =>   CDf =  0.01520    CDp = -0.00993

 Side 1  free  transition at x/c =  0.5158   41
 Side 2  free  transition at x/c =  0.5108   50

   9   rms: 0.5666E+01   max: 0.1282E+03   C at   50  2   RLX: 0.012
       a = -1.000      CL = -4.5741
      Cm =  1.1721     CD =  0.00531   =>   CDf =  0.01548    CDp = -0.01016

 Side 1  free  transition at x/c =  0.5160   41
 Side 2  free  transition at x/c =  0.4726   48

  10   rms: 0.6779E+01   max: 0.1567E+03   C at   48  2   RLX: 0.010
       a = -1.000      CL = -4.5107
      Cm =  1.1564     CD =  0.00541   =>   CDf =  0.01589    CDp = -0.01048

 Side 1  free  transition at x/c =  0.5162   41
 Side 2  free  transition at x/c =  0.4460   46

  11   rms: 0.6790E+01   max: 0.1605E+03   C at   46  2   RLX: 0.009
       a = -1.000      CL = -4.4504
      Cm =  1.1415     CD =  0.00546   =>   CDf =  0.01616    CDp = -0.01070

 Side 1  free  transition at x/c =  0.5164   41
 Side 2  free  transition at x/c =  0.4177   44

  12   rms: 0.6906E+01   max: 0.1645E+03   C at   44  2   RLX: 0.009
       a = -1.000      CL = -4.3924
      Cm =  1.1272     CD =  0.00551   =>   CDf =  0.01644    CDp = -0.01093

 Side 1  free  transition at x/c =  0.5166   41
 Side 2  free  transition at x/c =  0.3883   42

  13   rms: 0.9056E+01   max: 0.2198E+03   C at   42  2   RLX: 0.007
       a = -1.000      CL = -4.3492
      Cm =  1.1166     CD =  0.00557   =>   CDf =  0.01673    CDp = -0.01116

 Side 1  free  transition at x/c =  0.5167   41
 Side 2  free  transition at x/c =  0.3666   41

  14   rms: 0.6077E+01   max: 0.1344E+03   C at   41  2   RLX: 0.011
       a = -1.000      CL = -4.2802
      Cm =  1.0996     CD =  0.00564   =>   CDf =  0.01693    CDp = -0.01129

 Side 1  free  transition at x/c =  0.5170   41
 Side 2  free  transition at x/c =  0.3331   38

  15   rms: 0.7390E+01   max: 0.1786E+03   C at   38  2   RLX: 0.008
       a = -1.000      CL = -4.2290
      Cm =  1.0869     CD =  0.00568   =>   CDf =  0.01724    CDp = -0.01156

 Side 1  free  transition at x/c =  0.5171   41
 Side 2  free  transition at x/c =  0.3097   37

  16   rms: 0.6638E+01   max: 0.1507E+03   C at   37  2   RLX: 0.010
       a = -1.000      CL = -4.1692
      Cm =  1.0722     CD =  0.00576   =>   CDf =  0.01742    CDp = -0.01166

 Side 1  free  transition at x/c =  0.5173   41
 Side 2  free  transition at x/c =  0.2841   35

  17   rms: 0.7653E+01   max: 0.1852E+03   C at   35  2   RLX: 0.008
       a = -1.000      CL = -4.1214
      Cm =  1.0605     CD =  0.00579   =>   CDf =  0.01761    CDp = -0.01182

 Side 1  free  transition at x/c =  0.5175   41
 Side 2  free  transition at x/c =  0.2607   33

  18   rms: 0.7583E+01   max: 0.1872E+03   C at   33  2   RLX: 0.008
       a = -1.000      CL = -4.0747
      Cm =  1.0489     CD =  0.00583   =>   CDf =  0.01780    CDp = -0.01197

 Side 1  free  transition at x/c =  0.5176   41
 Side 2  free  transition at x/c =  0.2381   32

  19   rms: 0.7676E+01   max: 0.1825E+03   C at   32  2   RLX: 0.008
       a = -1.000      CL = -4.0273
      Cm =  1.0373     CD =  0.00589   =>   CDf =  0.01795    CDp = -0.01206

 Side 1  free  transition at x/c =  0.5178   41
 Side 2  free  transition at x/c =  0.2152   30

  20   rms: 0.6234E+01   max: 0.1539E+03   C at   30  2   RLX: 0.010
       a = -1.000      CL = -3.9722
      Cm =  1.0236     CD =  0.00592   =>   CDf =  0.01812    CDp = -0.01220

 Side 1  free  transition at x/c =  0.5180   41
 Side 2  free  transition at x/c =  0.1847   28

  21   rms: 0.6995E+01   max: 0.1749E+03   C at   28  2   RLX: 0.009
       a = -1.000      CL = -3.9241
      Cm =  1.0118     CD =  0.00599   =>   CDf =  0.01834    CDp = -0.01236

 Side 1  free  transition at x/c =  0.5181   41
 Side 2  free  transition at x/c =  0.1666   27

  22   rms: 0.4860E+01   max: 0.1133E+03   C at   27  2   RLX: 0.013
       a = -1.000      CL = -3.8517
      Cm =  0.9937     CD =  0.00604   =>   CDf =  0.01842    CDp = -0.01238

 Side 1  free  transition at x/c =  0.5184   41
 Side 2  free  transition at x/c =  0.1436   25

  23   rms: 0.5287E+01   max: 0.1307E+03   C at   25  2   RLX: 0.011
       a = -1.000      CL = -3.7901
      Cm =  0.9784     CD =  0.00608   =>   CDf =  0.01850    CDp = -0.01242

 Side 1  free  transition at x/c =  0.5186   41
 Side 2  free  transition at x/c =  0.1230   24

  24   rms: 0.6914E+01   max: 0.1550E+03   C at   24  2   RLX: 0.010
       a = -1.000      CL = -3.7387
      Cm =  0.9657     CD =  0.00615   =>   CDf =  0.01855    CDp = -0.01240

 MRCHDU: Convergence failed at  21  side 2    Res =  0.1928E-01
 Side 1  free  transition at x/c =  0.5187   41
 Side 2  free  transition at x/c =  0.0880   21

  25   rms: 0.1379E+02   max: 0.3624E+03   C at   21  2   RLX: 0.004
       a = -1.000      CL = -3.7170
      Cm =  0.9604     CD =  0.00619   =>   CDf =  0.01882    CDp = -0.01264

 Side 1  free  transition at x/c =  0.5188   41
 Side 2  free  transition at x/c =  0.0774   21

  26   rms: 0.6050E+01   max: -.7858E+02   D at   21  2   RLX: 0.006
       a = -1.000      CL = -3.6841
      Cm =  0.9523     CD =  0.00624   =>   CDf =  0.01887    CDp = -0.01263

 Side 1  free  transition at x/c =  0.5189   41
 Side 2  free  transition at x/c =  0.0689   20

  27   rms: 0.5912E+01   max: 0.1298E+03   C at   20  2   RLX: 0.012
       a = -1.000      CL = -3.6254
      Cm =  0.9376     CD =  0.00627   =>   CDf =  0.01885    CDp = -0.01258

 Side 1  free  transition at x/c =  0.5191   41
 Side 2  free  transition at x/c =  0.0514   19

  28   rms: 0.4726E+01   max: -.5776E+02   D at   19  2   RLX: 0.009
       a = -1.000      CL = -3.5819
      Cm =  0.9268     CD =  0.00631   =>   CDf =  0.01887    CDp = -0.01256

 Side 1  free  transition at x/c =  0.5193   41
 Side 2  free  transition at x/c =  0.0360   17

  29   rms: 0.5216E+01   max: 0.1327E+03   C at   17  2   RLX: 0.011
       a = -1.000      CL = -3.5263
      Cm =  0.9127     CD =  0.00632   =>   CDf =  0.01892    CDp = -0.01260

 Side 1  free  transition at x/c =  0.5195   41
 Side 2  free  transition at x/c =  0.0228   16

  30   rms: 0.3135E+01   max: 0.6011E+02   C at   16  2   RLX: 0.025
       a = -1.000      CL = -3.4073
      Cm =  0.8827     CD =  0.00639   =>   CDf =  0.01891    CDp = -0.01251

 Side 1  free  transition at x/c =  0.5199   41
 Side 2  free  transition at x/c =  0.0151   15

  31   rms: 0.1575E+01   max: -.1280E+02   C at   15  2   RLX: 0.039
       a = -1.000      CL = -3.2274
      Cm =  0.8369     CD =  0.00641   =>   CDf =  0.01852    CDp = -0.01212

 Side 1  free  transition at x/c =  0.5206   41
 Side 2  free  transition at x/c =  0.0131   15

  32   rms: 0.1623E+01   max: 0.6078E+01   T at   16  2   RLX: 0.065
       a = -1.000      CL = -2.9461
      Cm =  0.7649     CD =  0.00652   =>   CDf =  0.01791    CDp = -0.01139

 Side 1  free  transition at x/c =  0.5217   41
 Side 2  free  transition at x/c =  0.0098   15

  33   rms: 0.1927E+01   max: 0.1276E+02   D at   15  2   RLX: 0.118
       a = -1.000      CL = -2.4954
      Cm =  0.6493     CD =  0.00687   =>   CDf =  0.01684    CDp = -0.00997

 MRCHDU: Convergence failed at  15  side 2    Res =  0.8459E+01
 MRCHDU: Convergence failed at  16  side 2    Res =  0.2944E+02
 MRCHDU: Convergence failed at  17  side 2    Res =  0.2970E+02
 MRCHDU: Convergence failed at  18  side 2    Res =  0.1720E+03
 MRCHDU: Convergence failed at  19  side 2    Res =  0.8396E+02
 MRCHDU: Convergence failed at  20  side 2    Res =  0.4648E+02
 MRCHDU: Convergence failed at  21  side 2    Res =  0.3908E+02
 MRCHDU: Convergence failed at  22  side 2    Res =  0.4118E+02
 MRCHDU: Convergence failed at  23  side 2    Res =  0.4029E+02
 MRCHDU: Convergence failed at  24  side 2    Res =  0.4123E+02
 MRCHDU: Convergence failed at  25  side 2    Res =  0.4615E+02
 MRCHDU: Convergence failed at  26  side 2    Res =  0.4868E+02
 MRCHDU: Convergence failed at  27  side 2    Res =  0.9783E+02
 MRCHDU: Convergence failed at  28  side 2    Res =  0.1439E+03
 MRCHDU: Convergence failed at  29  side 2    Res =  0.2126E+03
 MRCHDU: Convergence failed at  30  side 2    Res =  0.1102E+03
 MRCHDU: Convergence failed at  31  side 2    Res =  0.1084E+03
 MRCHDU: Convergence failed at  32  side 2    Res =  0.9436E+02
 MRCHDU: Convergence failed at  33  side 2    Res =  0.1693E+03
 MRCHDU: Convergence failed at  34  side 2    Res =  0.1152E+03
 MRCHDU: Convergence failed at  35  side 2    Res =  0.1199E+03
 MRCHDU: Convergence failed at  36  side 2    Res =  0.8040E+02
 MRCHDU: Convergence failed at  37  side 2    Res =  0.1096E+03
 MRCHDU: Convergence failed at  38  side 2    Res =  0.2297E+03
 MRCHDU: Convergence failed at  39  side 2    Res =  0.1325E+03
 MRCHDU: Convergence failed at  40  side 2    Res =  0.7007E+02
 MRCHDU: Convergence failed at  41  side 2    Res =  0.1624E+03
 MRCHDU: Convergence failed at  42  side 2    Res =  0.9701E+02
 MRCHDU: Convergence failed at  43  side 2    Res =  0.7038E+02
 MRCHDU: Convergence failed at  44  side 2    Res =  0.7278E+02
 MRCHDU: Convergence failed at  45  side 2    Res =  0.7291E+02
 MRCHDU: Convergence failed at  46  side 2    Res =  0.7259E+02
 MRCHDU: Convergence failed at  47  side 2    Res =  0.8364E+02
 MRCHDU: Convergence failed at  48  side 2    Res =  0.6984E+02
 MRCHDU: Convergence failed at  49  side 2    Res =  0.7785E+02
 MRCHDU: Convergence failed at  50  side 2    Res =  0.7085E+02
 MRCHDU: Convergence failed at  51  side 2    Res =  0.6511E+02
 MRCHDU: Convergence failed at  52  side 2    Res =  0.6765E+02
 MRCHDU: Convergence failed at  53  side 2    Res =  0.6452E+02
 MRCHDU: Convergence failed at  54  side 2    Res =  0.6183E+02
 MRCHDU: Convergence failed at  55  side 2    Res =  0.6667E+02
 MRCHDU: Convergence failed at  56  side 2    Res =  0.9567E+02
 MRCHDU: Convergence failed at  57  side 2    Res =  0.7735E+02
 MRCHDU: Convergence failed at  58  side 2    Res =  0.3823E+02
 MRCHDU: Convergence failed at  59  side 2    Res =  0.1015E+03
 MRCHDU: Convergence failed at  60  side 2    Res =  0.7990E+02
 MRCHDU: Convergence failed at  61  side 2    Res =  0.7898E+02
 MRCHDU: Convergence failed at  62  side 2    Res =  0.1005E+03
 MRCHDU: Convergence failed at  63  side 2    Res =  0.7414E+02
 MRCHDU: Convergence failed at  64  side 2    Res =  0.6413E+02
 MRCHDU: Convergence failed at  65  side 2    Res =  0.5586E+02
 MRCHDU: Convergence failed at  66  side 2    Res =  0.6066E+02
 MRCHDU: Convergence failed at  67  side 2    Res =  0.5592E+02
 MRCHDU: Convergence failed at  68  side 2    Res =  0.5362E+02
 MRCHDU: Convergence failed at  69  side 2    Res =  0.5358E+02
 MRCHDU: Convergence failed at  70  side 2    Res =  0.5911E+02
 MRCHDU: Convergence failed at  71  side 2    Res =  0.9490E+02
 MRCHDU: Convergence failed at  72  side 2    Res =  0.5330E+02
 MRCHDU: Convergence failed at  73  side 2    Res =  0.6352E+02
 MRCHDU: Convergence failed at  74  side 2    Res =  0.6511E+02
 MRCHDU: Convergence failed at  75  side 2    Res =  0.5536E+02
 MRCHDU: Convergence failed at  76  side 2    Res =  0.5944E+02
 MRCHDU: Convergence failed at  77  side 2    Res =  0.7214E+02
 MRCHDU: Convergence failed at  78  side 2    Res =  0.6115E+02
 MRCHDU: Convergence failed at  79  side 2    Res =  0.5877E+02
 MRCHDU: Convergence failed at  80  side 2    Res =  0.6373E+02
 MRCHDU: Convergence failed at  81  side 2    Res =  0.7216E+02
 MRCHDU: Convergence failed at  82  side 2    Res =  0.8193E+02
 MRCHDU: Convergence failed at  83  side 2    Res =  0.9654E+02
 MRCHDU: Convergence failed at  84  side 2    Res =  0.1206E+03
 MRCHDU: Convergence failed at  85  side 2    Res =  0.1697E+03
 MRCHDU: Convergence failed at  86  side 2    Res =  0.1939E+03
 Side 1  free  transition at x/c =  0.5237   41
 Side 2  free  transition at x/c =  0.0085   14

  34   rms: 0.1918E+01   max: 0.2584E+01   D at   89  2   RLX: 0.178
       a = -1.000      CL = -3.6418
      Cm =  0.9356     CD =  0.00448   =>   CDf =  0.00238    CDp =  0.00210

 Side 1  free  transition at x/c =  0.5264   42
 Side 2  free  transition at x/c =  0.0087   13

  35   rms: 0.2859E+01   max: 0.3155E+02   T at   14  2   RLX: 0.048
       a = -1.000      CL = -2.8323
      Cm =  0.6934     CD =  0.07644   =>   CDf =  0.00281    CDp =  0.07363

 Side 1  free  transition at x/c =  0.5300   42
 Side 2  free  transition at x/c =  0.0087   14

  36   rms: 0.1318E+01   max: 0.3788E+01   T at   15  2   RLX: 0.147
       a = -1.000      CL = -2.6956
      Cm =  0.6495     CD =  0.07664   =>   CDf =  0.00291    CDp =  0.07372

 TRCHEK2: N2 convergence failed.
 x:  0.08787  0.09724  0.10139  N:  8.929  9.000  9.039  Nx:  28.695   dN: 0.992E+01
 TRCHEK2: N2 convergence failed.
 x:  0.08787  0.10029  0.10139  N:  8.929  9.000  9.002  Nx:  28.295   dN:-0.187E+01
 TRCHEK2: N2 convergence failed.
 x:  0.08787  0.09970  0.10139  N:  8.929  9.000  9.006  Nx:  27.766   dN:-0.428E+03
 TRCHEK2: N2 convergence failed.
 x:  0.08787  0.10019  0.10139  N:  8.929  9.000  9.003  Nx:  30.068   dN:-0.556E+00
 Side 1  free  transition at x/c =  0.5482   43
 Side 2  free  transition at x/c =  0.0761   21

  37   rms: 0.1531E+01   max: 0.1067E+02   n at   16  2   RLX: 0.141
       a = -1.000      CL = -2.6807
      Cm =  0.5840     CD =  0.07893   =>   CDf =  0.00272    CDp =  0.07621

 Side 1  free  transition at x/c =  0.5562   43
 Side 2  free  transition at x/c =  0.0077   14

  38   rms: 0.1513E+01   max: -.3371E+01   C at   99  2   RLX: 0.148
       a = -1.000      CL = -2.7238
      Cm =  0.6389     CD =  0.09057   =>   CDf =  0.00283    CDp =  0.08774

 Side 1  free  transition at x/c =  0.5586   43
 Side 2  free  transition at x/c =  0.0077   14

  39   rms: 0.1245E+01   max: -.3083E+01   C at  102  2   RLX: 0.162
       a = -1.000      CL = -2.1934
      Cm =  0.5127     CD =  0.09812   =>   CDf =  0.00289    CDp =  0.09523

 Side 1  free  transition at x/c =  0.5592   44
 Side 2  free  transition at x/c =  0.0073   14

  40   rms: 0.1108E+01   max: -.3745E+01   T at  105  2   RLX: 0.134
       a = -1.000      CL = -1.8490
      Cm =  0.4295     CD =  0.10862   =>   CDf =  0.00302    CDp =  0.10559

 Side 1  free  transition at x/c =  0.5633   44
 Side 2  free  transition at x/c =  0.0070   14

  41   rms: 0.9657E+00   max: -.4286E+01   D at  109  2   RLX: 0.117
       a = -1.000      CL = -1.6105
      Cm =  0.3707     CD =  0.12837   =>   CDf =  0.00302    CDp =  0.12535

 Side 1  free  transition at x/c =  0.5665   44
 Side 2  free  transition at x/c =  0.0067   14

  42   rms: 0.8832E+00   max: -.4541E+01   D at  109  2   RLX: 0.110
       a = -1.000      CL = -1.4189
      Cm =  0.3233     CD =  0.13711   =>   CDf =  0.00308    CDp =  0.13403

 Side 1  free  transition at x/c =  0.5691   45
 Side 2  free  transition at x/c =  0.0065   13

  43   rms: 0.8414E+00   max: -.5363E+01   D at  108  2   RLX: 0.093
       a = -1.000      CL = -1.2768
      Cm =  0.2879     CD =  0.13791   =>   CDf =  0.00306    CDp =  0.13484

 Side 1  free  transition at x/c =  0.5709   45
 Side 2  free  transition at x/c =  0.0064   13

  44   rms: 0.8098E+00   max: -.4622E+01   D at  108  2   RLX: 0.108
       a = -1.000      CL = -1.1212
      Cm =  0.2504     CD =  0.12586   =>   CDf =  0.00308    CDp =  0.12278

 MRCHDU: Convergence failed at 108  side 2    Res =  0.1673E+00
 Side 1  free  transition at x/c =  0.5715   45
 Side 2  free  transition at x/c =  0.0063   13

  45   rms: 0.9751E+00   max: -.2439E+01   T at  107  2   RLX: 0.205
       a = -1.000      CL = -0.7803
      Cm =  0.1769     CD =  0.12981   =>   CDf =  0.00308    CDp =  0.12672

 Side 1  free  transition at x/c =  0.5612   45
 Side 2  free  transition at x/c =  0.0068   13

  46   rms: 0.7484E+00   max: -.2188E+01   T at  106  2   RLX: 0.229
       a = -1.000      CL = -0.5280
      Cm =  0.1205     CD =  0.12264   =>   CDf =  0.00306    CDp =  0.11958

 Side 1  free  transition at x/c =  0.5558   44
 Side 2  free  transition at x/c =  0.0072   13

  47   rms: 0.6049E+00   max: -.1942E+01   T at  106  2   RLX: 0.257
       a = -1.000      CL = -0.3294
      Cm =  0.0740     CD =  0.10638   =>   CDf =  0.00300    CDp =  0.10338

 Side 1  free  transition at x/c =  0.5510   45
 Side 2  free  transition at x/c =  0.0075   12

  48   rms: 0.4798E+00   max: -.1604E+01   T at  105  2   RLX: 0.312
       a = -1.000      CL = -0.1878
      Cm =  0.0370     CD =  0.07366   =>   CDf =  0.00294    CDp =  0.07072

 Side 1  free  transition at x/c =  0.5488   45
 Side 2  free  transition at x/c =  0.0072   12

  49   rms: 0.4020E+00   max: 0.1544E+01   T at   12  2   RLX: 0.422
       a = -1.000      CL = -0.1081
      Cm =  0.0074     CD =  0.04352   =>   CDf =  0.00288    CDp =  0.04064

 Side 1  free  transition at x/c =  0.5502   44
 Side 2  free  transition at x/c =  0.0063   13

  50   rms: 0.4408E+00   max: 0.2224E+01   T at   13  2   RLX: 0.395
       a = -1.000      CL = -0.1233
      Cm = -0.0069     CD =  0.03403   =>   CDf =  0.00280    CDp =  0.03123

 MRCHDU: Convergence failed at  58  side 2    Res =  0.2064E+00
 Side 1  free  transition at x/c =  0.5552   44
 Side 2  free  transition at x/c =  0.0057   12

  51   rms: 0.4767E+00   max: -.1504E+01   D at   96  2   RLX: 0.332
       a = -1.000      CL = -0.3725
      Cm =  0.0406     CD =  0.02663   =>   CDf =  0.00277    CDp =  0.02387

 Side 1  free  transition at x/c =  0.5656   45
 Side 2  free  transition at x/c =  0.0056   12

  52   rms: 0.1895E+01   max: -.1073E+02   D at   96  2   RLX: 0.047
       a = -1.000      CL = -0.4194
      Cm =  0.0379     CD =  0.01678   =>   CDf =  0.00272    CDp =  0.01406

 Side 1  free  transition at x/c =  0.5727   44
 Side 2  free  transition at x/c =  0.0055   13

  53   rms: 0.1473E+02   max: -.4289E+02   T at  100  2   RLX: 0.012
       a = -1.000      CL = -0.2634
      Cm =  0.0179     CD =  0.02178   =>   CDf =  0.00283    CDp =  0.01895

 Side 1  free  transition at x/c =  0.5548   44
 Side 2  free  transition at x/c =  0.0053   12

  54   rms: 0.2283E+01   max: -.9330E+01   D at   94  2   RLX: 0.054
       a = -1.000      CL = -0.3168
      Cm =  0.0241     CD =  0.00615   =>   CDf =  0.00319    CDp =  0.00296

 Side 1  free  transition at x/c =  0.5682   44
 Side 2  free  transition at x/c =  0.0052   13

  55   rms: 0.4463E+01   max: 0.1755E+02   D at   95  2   RLX: 0.036
       a = -1.000      CL = -0.1618
      Cm = -0.0009     CD =  0.00409   =>   CDf =  0.00329    CDp =  0.00080

 Side 1  free  transition at x/c =  0.5526   44
 Side 2  free  transition at x/c =  0.0052   12

  56   rms: 0.2249E+01   max: -.7628E+01   D at   98  2   RLX: 0.066
       a = -1.000      CL = -0.3059
      Cm =  0.0263     CD =  0.00241   =>   CDf =  0.00324    CDp = -0.00083

 Side 1  free  transition at x/c =  0.5664   44
 Side 2  free  transition at x/c =  0.0050   13

  57   rms: 0.1733E+01   max: -.5690E+01   T at  105  2   RLX: 0.088
       a = -1.000      CL = -0.1375
      Cm = -0.0013     CD =  0.00203   =>   CDf =  0.00333    CDp = -0.00130

 Side 1  free  transition at x/c =  0.5540   44
 Side 2  free  transition at x/c =  0.0051   12

  58   rms: 0.7470E+01   max: -.2303E+02   T at  104  2   RLX: 0.022
       a = -1.000      CL =  0.0326
      Cm = -0.0285     CD =  0.00486   =>   CDf =  0.00332    CDp =  0.00154

 Side 1  free  transition at x/c =  0.5392   43
 Side 2  free  transition at x/c =  0.0051   12

  59   rms: 0.4345E+00   max: -.1504E+01   D at   91  2   RLX: 0.332
       a = -1.000      CL = -0.0361
      Cm = -0.0097     CD =  0.00302   =>   CDf =  0.00332    CDp = -0.00030

 Side 1  free  transition at x/c =  0.5466   44
 Side 2  free  transition at x/c =  0.0053   12

  60   rms: 0.1000E+02   max: -.4249E+02   D at   95  2   RLX: 0.012
       a = -1.000      CL = -0.1475
      Cm =  0.0062     CD =  0.00096   =>   CDf =  0.00341    CDp = -0.00245

 Side 1  free  transition at x/c =  0.5548   44
 Side 2  free  transition at x/c =  0.0052   12

  61   rms: 0.2292E+01   max: 0.1066E+02   D at   95  2   RLX: 0.069
       a = -1.000      CL =  0.0081
      Cm = -0.0180     CD =  0.00181   =>   CDf =  0.00347    CDp = -0.00166

 MRCHDU: Convergence failed at  95  side 2    Res =  0.6429E+01
 Side 1  free  transition at x/c =  0.5421   43
 Side 2  free  transition at x/c =  0.0052   12

  62   rms: 0.1623E+01   max: -.6371E+01   D at   95  2   RLX: 0.078
       a = -1.000      CL = -0.1099
      Cm =  0.0027     CD =  0.00062   =>   CDf =  0.00344    CDp = -0.00283

 Side 1  free  transition at x/c =  0.5525   44
 Side 2  free  transition at x/c =  0.0051   12

  63   rms: 0.7011E+01   max: 0.2884E+02   D at   95  2   RLX: 0.026
       a = -1.000      CL =  0.0763
      Cm = -0.0254     CD =  0.00644   =>   CDf =  0.00347    CDp =  0.00298

 Side 1  free  transition at x/c =  0.5389   44
 Side 2  free  transition at x/c =  0.0051   11

  64   rms: 0.5380E+00   max: 0.3959E+01   D at    2  1   RLX: 0.233
       a = -1.000      CL =  0.0000
      Cm = -0.0108     CD =  0.00342   =>   CDf =  0.00347    CDp = -0.00004

 Side 1  free  transition at x/c =  0.5441   43
 Side 2  free  transition at x/c =  0.0052   12

  65   rms: 0.2855E+01   max: 0.1222E+02   D at   97  2   RLX: 0.044
       a = -1.000      CL =  0.1126
      Cm = -0.0285     CD =  0.01451   =>   CDf =  0.00357    CDp =  0.01094

 Side 1  free  transition at x/c =  0.5351   44
 Side 2  free  transition at x/c =  0.0052   11

  66   rms: 0.1685E+01   max: 0.5533E+01   T at    2  1   RLX: 0.095
       a = -1.000      CL = -0.0249
      Cm = -0.0060     CD =  0.00183   =>   CDf =  0.00352    CDp = -0.00169

 MRCHDU: Convergence failed at  97  side 2    Res =  0.3132E+01
 Side 1  free  transition at x/c =  0.5422   43
 Side 2  free  transition at x/c =  0.0052   12

  67   rms: 0.6015E+01   max: 0.2017E+02   D at   87  2   RLX: 0.025
       a = -1.000      CL =  0.1372
      Cm = -0.0284     CD =  0.02272   =>   CDf =  0.00358    CDp =  0.01915

 Side 1  free  transition at x/c =  0.5326   44
 Side 2  free  transition at x/c =  0.0052   11

  68   rms: 0.4714E+00   max: -.1591E+01   D at   86  2   RLX: 0.314
       a = -1.000      CL =  0.0275
      Cm = -0.0097     CD =  0.01454   =>   CDf =  0.00360    CDp =  0.01094

 Side 1  free  transition at x/c =  0.5396   43
 Side 2  free  transition at x/c =  0.0053   12

  69   rms: 0.1140E+01   max: -.4397E+01   D at   95  2   RLX: 0.114
       a = -1.000      CL = -0.0884
      Cm =  0.0071     CD =  0.01234   =>   CDf =  0.00367    CDp =  0.00867

 Side 1  free  transition at x/c =  0.5467   44
 Side 2  free  transition at x/c =  0.0053   12

  70   rms: 0.5574E+00   max: -.3170E+01   D at   98  2   RLX: 0.158
       a = -1.000      CL = -0.1316
      Cm =  0.0168     CD =  0.00887   =>   CDf =  0.00371    CDp =  0.00517

 Side 1  free  transition at x/c =  0.5509   44
 Side 2  free  transition at x/c =  0.0053   12

  71   rms: 0.3267E+00   max: -.1713E+01   D at   98  2   RLX: 0.292
       a = -1.000      CL = -0.1059
      Cm =  0.0139     CD =  0.01335   =>   CDf =  0.00387    CDp =  0.00948

 MRCHDU: Convergence failed at  68  side 2    Res =  0.2163E+00
 Side 1  free  transition at x/c =  0.5519   44
 Side 2  free  transition at x/c =  0.0054   12

  72   rms: 0.2705E+00   max: -.1132E+01   D at  101  2   RLX: 0.442
       a = -1.000      CL = -0.0481
      Cm =  0.0113     CD =  0.02278   =>   CDf =  0.00416    CDp =  0.01862

 Side 1  free  transition at x/c =  0.5507   44
 Side 2  free  transition at x/c =  0.0055   12

  73   rms: 0.2427E+00   max: -.1389E+01   D at  100  2   RLX: 0.360
       a = -1.000      CL = -0.0126
      Cm =  0.0084     CD =  0.02414   =>   CDf =  0.00435    CDp =  0.01978

 Side 1  free  transition at x/c =  0.5514   44
 Side 2  free  transition at x/c =  0.0056   12

  74   rms: 0.1109E+01   max: -.8813E+01   D at  100  2   RLX: 0.057
       a = -1.000      CL = -0.0151
      Cm =  0.0095     CD =  0.01918   =>   CDf =  0.00449    CDp =  0.01468

 Side 1  free  transition at x/c =  0.5553   44
 Side 2  free  transition at x/c =  0.0056   12

  75   rms: 0.3631E+01   max: -.3387E+02   D at  102  2   RLX: 0.015
       a = -1.000      CL = -0.0188
      Cm =  0.0106     CD =  0.01674   =>   CDf =  0.00462    CDp =  0.01212

 Side 1  free  transition at x/c =  0.5585   44
 Side 2  free  transition at x/c =  0.0056   12

  76   rms: 0.2066E+01   max: -.2044E+02   D at  102  2   RLX: 0.024
       a = -1.000      CL = -0.0204
      Cm =  0.0112     CD =  0.01524   =>   CDf =  0.00474    CDp =  0.01050

 MRCHDU: Convergence failed at  99  side 2    Res =  0.6602E+00
 MRCHDU: Convergence failed at 104  side 2    Res =  0.1088E+01
 Side 1  free  transition at x/c =  0.5608   45
 Side 2  free  transition at x/c =  0.0056   12

  77   rms: 0.2431E+00   max: -.1311E+01   D at  105  2   RLX: 0.381
       a = -1.000      CL =  0.0098
      Cm =  0.0071     CD =  0.01757   =>   CDf =  0.00483    CDp =  0.01274

 Side 1  free  transition at x/c =  0.5557   44
 Side 2  free  transition at x/c =  0.0057   12

  78   rms: 0.1697E+00   max: -.1443E+01   D at  107  2   RLX: 0.346
       a = -1.000      CL =  0.0285
      Cm =  0.0049     CD =  0.02219   =>   CDf =  0.00478    CDp =  0.01742

 Side 1  free  transition at x/c =  0.5525   44
 Side 2  free  transition at x/c =  0.0057   12

  79   rms: 0.6245E+01   max: -.6582E+02   T at  105  2   RLX: 0.008
       a = -1.000      CL =  0.0296
      Cm =  0.0049     CD =  0.02530   =>   CDf =  0.00473    CDp =  0.02056

 Side 1  free  transition at x/c =  0.5522   44
 Side 2  free  transition at x/c =  0.0057   12

  80   rms: 0.1331E+00   max: -.1500E+01   D at  107  2   RLX: 0.333
       a = -1.000      CL =  0.0403
      Cm =  0.0034     CD =  0.02829   =>   CDf =  0.00474    CDp =  0.02356

 MRCHDU: Convergence failed at  17  side 2    Res =  0.3574E+01
 MRCHDU: Convergence failed at  18  side 2    Res =  0.2445E+02
 MRCHDU: Convergence failed at  19  side 2    Res =  0.5694E+02
 MRCHDU: Convergence failed at  20  side 2    Res =  0.1869E+03
 MRCHDU: Convergence failed at  21  side 2    Res =  0.2011E+03
 MRCHDU: Convergence failed at  22  side 2    Res =  0.4557E+03
 MRCHDU: Convergence failed at  23  side 2    Res =  0.1842E+04
 MRCHDU: Convergence failed at  24  side 2    Res =  0.3442E+03
 MRCHDU: Convergence failed at  25  side 2    Res =  0.3237E+03
 MRCHDU: Convergence failed at  26  side 2    Res =  0.9645E+02
 MRCHDU: Convergence failed at  27  side 2    Res =  0.2042E+03
 MRCHDU: Convergence failed at  28  side 2    Res =  0.3658E+03
 MRCHDU: Convergence failed at  29  side 2    Res =  0.9089E+03
 MRCHDU: Convergence failed at  30  side 2    Res =  0.1980E+04
 MRCHDU: Convergence failed at  31  side 2    Res =  0.6453E+03
 MRCHDU: Convergence failed at  32  side 2    Res =  0.4619E+03
 MRCHDU: Convergence failed at  33  side 2    Res =  0.2835E+03
 MRCHDU: Convergence failed at  34  side 2    Res =  0.2448E+03
 MRCHDU: Convergence failed at  35  side 2    Res =  0.2298E+03
 MRCHDU: Convergence failed at  36  side 2    Res =  0.1748E+03
 MRCHDU: Convergence failed at  37  side 2    Res =  0.1784E+03
 MRCHDU: Convergence failed at  38  side 2    Res =  0.1780E+03
 MRCHDU: Convergence failed at  39  side 2    Res =  0.1691E+03
 MRCHDU: Convergence failed at  40  side 2    Res =  0.2003E+03
 MRCHDU: Convergence failed at  41  side 2    Res =  0.2088E+03
 MRCHDU: Convergence failed at  42  side 2    Res =  0.4020E+03
 MRCHDU: Convergence failed at  43  side 2    Res =  0.4879E+03
 MRCHDU: Convergence failed at  44  side 2    Res =  0.8049E+03
 MRCHDU: Convergence failed at  45  side 2    Res =  0.8783E+03
 MRCHDU: Convergence failed at  46  side 2    Res =  0.2200E+04
 MRCHDU: Convergence failed at  47  side 2    Res =  0.7306E+03
 MRCHDU: Convergence failed at  48  side 2    Res =  0.5384E+03
 MRCHDU: Convergence failed at  49  side 2    Res =  0.4607E+03
 MRCHDU: Convergence failed at  50  side 2    Res =  0.4334E+03
 MRCHDU: Convergence failed at  51  side 2    Res =  0.2536E+03
 MRCHDU: Convergence failed at  52  side 2    Res =  0.2216E+03
 MRCHDU: Convergence failed at  53  side 2    Res =  0.1994E+03
 MRCHDU: Convergence failed at  54  side 2    Res =  0.1833E+03
 MRCHDU: Convergence failed at  55  side 2    Res =  0.1674E+03
 MRCHDU: Convergence failed at  56  side 2    Res =  0.1493E+03
 MRCHDU: Convergence failed at  57  side 2    Res =  0.1395E+03
 MRCHDU: Convergence failed at  58  side 2    Res =  0.1310E+03
 MRCHDU: Convergence failed at  59  side 2    Res =  0.1238E+03
 MRCHDU: Convergence failed at  60  side 2    Res =  0.1176E+03
 MRCHDU: Convergence failed at  61  side 2    Res =  0.1119E+03
 MRCHDU: Convergence failed at  62  side 2    Res =  0.1090E+03
 MRCHDU: Convergence failed at  63  side 2    Res =  0.1122E+03
 MRCHDU: Convergence failed at  64  side 2    Res =  0.1346E+03
 MRCHDU: Convergence failed at  65  side 2    Res =  0.1452E+03
 MRCHDU: Convergence failed at  66  side 2    Res =  0.1228E+03
 MRCHDU: Convergence failed at  67  side 2    Res =  0.1368E+03
 MRCHDU: Convergence failed at  68  side 2    Res =  0.1446E+03
 MRCHDU: Convergence failed at  69  side 2    Res =  0.1237E+03
 MRCHDU: Convergence failed at  70  side 2    Res =  0.1280E+03
 MRCHDU: Convergence failed at  71  side 2    Res =  0.1342E+03
 MRCHDU: Convergence failed at  72  side 2    Res =  0.1358E+03
 MRCHDU: Convergence failed at  73  side 2    Res =  0.1276E+03
 MRCHDU: Convergence failed at  74  side 2    Res =  0.1331E+03
 MRCHDU: Convergence failed at  75  side 2    Res =  0.1351E+03
 MRCHDU: Convergence failed at  76  side 2    Res =  0.1420E+03
 MRCHDU: Convergence failed at  77  side 2    Res =  0.1328E+03
 MRCHDU: Convergence failed at  78  side 2    Res =  0.1308E+03
 MRCHDU: Convergence failed at  79  side 2    Res =  0.1354E+03
 MRCHDU: Convergence failed at  80  side 2    Res =  0.1408E+03
 MRCHDU: Convergence failed at  81  side 2    Res =  0.1468E+03
 MRCHDU: Convergence failed at  82  side 2    Res =  0.1535E+03
 MRCHDU: Convergence failed at  83  side 2    Res =  0.1618E+03
 MRCHDU: Convergence failed at  84  side 2    Res =  0.1737E+03
 MRCHDU: Convergence failed at  85  side 2    Res =  0.2421E+03
 Side 1  free  transition at x/c =  0.5501   44
 Side 2  free  transition at x/c =  0.0377   17

  81   rms: 0.5021E+01   max: 0.8913E+02   T at   17  2   RLX: 0.009
       a = -1.000      CL = -1.3261
      Cm =  0.3652     CD =  0.00562   =>   CDf =  0.00241    CDp =  0.00321

 Side 1  free  transition at x/c =  0.5500   44
 Side 2  free  transition at x/c =  0.0360   16

  82   rms: 0.1933E+02   max: -.2351E+03   T at   18  2   RLX: 0.002
       a = -1.000      CL = -0.9069
      Cm =  0.2397     CD =  0.11251   =>   CDf =  0.00275    CDp =  0.10977

 Side 1  free  transition at x/c =  0.5501   44
 Side 2  free  transition at x/c =  0.0343   16

  83   rms: 0.1032E+02   max: 0.1898E+03   T at   16  2   RLX: 0.003
       a = -1.000      CL = -0.9410
      Cm =  0.2486     CD =  0.11328   =>   CDf =  0.00275    CDp =  0.11053

 Side 1  free  transition at x/c =  0.5504   44
 Side 2  free  transition at x/c =  0.0307   16

  84   rms: 0.2459E+02   max: 0.4617E+03   T at   16  2   RLX: 0.003
       a = -1.000      CL = -0.9168
      Cm =  0.2380     CD =  0.10923   =>   CDf =  0.00275    CDp =  0.10648

 Side 1  free  transition at x/c =  0.5516   44
 Side 2  free  transition at x/c =  0.0213   15

  85   rms: 0.6261E+01   max: 0.1247E+03   T at   15  2   RLX: 0.012
       a = -1.000      CL = -1.1573
      Cm =  0.2964     CD =  0.10817   =>   CDf =  0.00275    CDp =  0.10542

 Side 1  free  transition at x/c =  0.5539   44
 Side 2  free  transition at x/c =  0.0144   14

  86   rms: 0.1565E+02   max: -.2261E+03   T at   18  2   RLX: 0.002
       a = -1.000      CL = -1.2760
      Cm =  0.3290     CD =  0.12203   =>   CDf =  0.00276    CDp =  0.11927

 Side 1  free  transition at x/c =  0.5541   44
 Side 2  free  transition at x/c =  0.0140   14

  87   rms: 0.1208E+02   max: -.1734E+03   T at   15  2   RLX: 0.003
       a = -1.000      CL = -1.3182
      Cm =  0.3404     CD =  0.12549   =>   CDf =  0.00276    CDp =  0.12273

 Side 1  free  transition at x/c =  0.5544   44
 Side 2  free  transition at x/c =  0.0134   14

  88   rms: 0.6706E+01   max: -.1122E+03   T at   15  2   RLX: 0.004
       a = -1.000      CL = -1.3583
      Cm =  0.3512     CD =  0.12740   =>   CDf =  0.00276    CDp =  0.12464

 Side 1  free  transition at x/c =  0.5551   44
 Side 2  free  transition at x/c =  0.0126   14

  89   rms: 0.3044E+01   max: 0.4996E+02   T at   14  2   RLX: 0.015
       a = -1.000      CL = -1.3827
      Cm =  0.3557     CD =  0.12831   =>   CDf =  0.00277    CDp =  0.12554

 Side 1  free  transition at x/c =  0.5576   44
 Side 2  free  transition at x/c =  0.0106   14

  90   rms: 0.2854E+01   max: 0.3544E+02   T at   14  2   RLX: 0.042
       a = -1.000      CL = -1.3917
      Cm =  0.3496     CD =  0.12146   =>   CDf =  0.00277    CDp =  0.11869

 MRCHDU: Convergence failed at  15  side 2    Res =  0.1627E+02
 MRCHDU: Convergence failed at  19  side 2    Res =  0.9742E-02
 Side 1  free  transition at x/c =  0.5678   44
 Side 2  free  transition at x/c =  0.0084   14

  91   rms: 0.1801E+02   max: 0.2589E+03   T at   16  2   RLX: 0.006
       a = -1.000      CL = -2.1419
      Cm =  0.5350     CD =  0.16932   =>   CDf =  0.00277    CDp =  0.16655

 MRCHDU: Convergence failed at  20  side 2    Res =  0.1261E-01
 Side 1  free  transition at x/c =  0.5712   44
 Side 2  free  transition at x/c =  0.0078   14

  92   rms: 0.3161E+01   max: -.3571E+02   C at   20  2   RLX: 0.014
       a = -1.000      CL = -2.2464
      Cm =  0.5578     CD =  0.16657   =>   CDf =  0.00278    CDp =  0.16380

 MRCHDU: Convergence failed at  20  side 2    Res =  0.7158E+00
 Side 1  free  transition at x/c =  0.5727   44
 Side 2  free  transition at x/c =  0.0071   14

  93   rms: 0.2634E+01   max: 0.2931E+02   T at   14  2   RLX: 0.051
       a = -1.000      CL = -2.3626
      Cm =  0.5777     CD =  0.15353   =>   CDf =  0.00285    CDp =  0.15068

 MRCHDU: Convergence failed at  20  side 2    Res =  0.2467E+00
 Side 1  free  transition at x/c =  0.5899   46
 Side 2  free  transition at x/c =  0.0056   13

  94   rms: 0.2042E+01   max: -.1582E+02   T at   15  2   RLX: 0.032
       a = -1.000      CL = -2.4425
      Cm =  0.5968     CD =  0.20600   =>   CDf =  0.00291    CDp =  0.20309

 MRCHDU: Convergence failed at  20  side 2    Res =  0.2400E+00
 Side 1  free  transition at x/c =  0.5961   46
 Side 2  free  transition at x/c =  0.0055   13

  95   rms: 0.2015E+01   max: -.1291E+02   T at   15  2   RLX: 0.039
       a = -1.000      CL = -2.4093
      Cm =  0.5875     CD =  0.20346   =>   CDf =  0.00293    CDp =  0.20053

 MRCHDU: Convergence failed at  20  side 2    Res =  0.4958E+00
 Side 1  free  transition at x/c =  0.6009   46
 Side 2  free  transition at x/c =  0.0055   13

  96   rms: 0.3574E+01   max: -.3965E+02   C at   20  2   RLX: 0.013
       a = -1.000      CL = -2.4250
      Cm =  0.5899     CD =  0.26791   =>   CDf =  0.00300    CDp =  0.26491

 MRCHDU: Convergence failed at  16  side 2    Res =  0.6729E-01
 MRCHDU: Convergence failed at  20  side 2    Res =  0.1662E-01
 MRCHDU: Convergence failed at  21  side 2    Res =  0.2522E-01
 Side 1  free  transition at x/c =  0.6026   46
 Side 2  free  transition at x/c =  0.0055   13

  97   rms: 0.6039E+02   max: 0.2229E+03   T at   27  2   RLX: 0.007
       a = -1.000      CL = -2.3576
      Cm =  0.5668     CD =  0.40886   =>   CDf =  0.00303    CDp =  0.40584

 MRCHDU: Convergence failed at  20  side 2    Res =  0.1705E+00
 Side 1  free  transition at x/c =  0.5951   46
 Side 2  free  transition at x/c =  0.0055   13

  98   rms: 0.2300E+01   max: -.1070E+02   C at   16  2   RLX: 0.047
       a = -1.000      CL = -2.3226
      Cm =  0.5564     CD =  0.17104   =>   CDf =  0.00291    CDp =  0.16813

 MRCHDU: Convergence failed at  16  side 2    Res =  0.5990E+00
 MRCHDU: Convergence failed at  17  side 2    Res =  0.1172E+00
 MRCHDU: Convergence failed at  18  side 2    Res =  0.6259E-02
 MRCHDU: Convergence failed at  19  side 2    Res =  0.4597E-03
 MRCHDU: Convergence failed at  20  side 2    Res =  0.4191E+00
 Side 1  free  transition at x/c =  0.5988   46
 Side 2  free  transition at x/c =  0.0055   13

  99   rms: 0.4249E+01   max: -.2545E+02   C at   21  2   RLX: 0.020
       a = -1.000      CL = -2.3168
      Cm =  0.5579     CD =  0.22036   =>   CDf =  0.00295    CDp =  0.21741

 MRCHDU: Convergence failed at  16  side 2    Res =  0.1189E-01
 MRCHDU: Convergence failed at  17  side 2    Res =  0.3999E-01
 MRCHDU: Convergence failed at  18  side 2    Res =  0.7298E-01
 Side 1  free  transition at x/c =  0.6007   46
 Side 2  free  transition at x/c =  0.0054   13

 100   rms: 0.1514E+01   max: -.1082E+02   D at  109  2   RLX: 0.046
       a = -1.000      CL = -2.2903
      Cm =  0.5615     CD =  0.16978   =>   CDf =  0.00299    CDp =  0.16679

 MRCHDU: Convergence failed at  16  side 2    Res =  0.7883E-02
 MRCHDU: Convergence failed at  17  side 2    Res =  0.4339E-01
 MRCHDU: Convergence failed at  18  side 2    Res =  0.7248E-01
 Side 1  free  transition at x/c =  0.6022   46
 Side 2  free  transition at x/c =  0.0054   13

 101   rms: 0.1543E+03   max: 0.2273E+04   C at   20  2   RLX: 0.001
       a = -1.000      CL = -2.2825
      Cm =  0.5580     CD =  0.23545   =>   CDf =  0.00309    CDp =  0.23236

 MRCHDU: Convergence failed at  16  side 2    Res =  0.7702E-02
 MRCHDU: Convergence failed at  17  side 2    Res =  0.4338E-01
 MRCHDU: Convergence failed at  18  side 2    Res =  0.6948E-01
 Side 1  free  transition at x/c =  0.6020   46
 Side 2  free  transition at x/c =  0.0054   13

 102   rms: 0.4868E+01   max: 0.2189E+02   C at   24  2   RLX: 0.069
       a = -1.000      CL = -2.1927
      Cm =  0.5440     CD =  0.12612   =>   CDf =  0.00309    CDp =  0.12303

 MRCHDU: Convergence failed at  16  side 2    Res =  0.4421E-02
 MRCHDU: Convergence failed at  17  side 2    Res =  0.4763E-01
 MRCHDU: Convergence failed at  18  side 2    Res =  0.6691E-01
 Side 1  free  transition at x/c =  0.6019   46
 Side 2  free  transition at x/c =  0.0054   13

 103   rms: 0.5608E+01   max: 0.2821E+02   C at   24  2   RLX: 0.053
       a = -1.000      CL = -2.0796
      Cm =  0.5098     CD =  0.14566   =>   CDf =  0.00306    CDp =  0.14259

 MRCHDU: Convergence failed at  16  side 2    Res =  0.2393E-02
 MRCHDU: Convergence failed at  17  side 2    Res =  0.5114E-01
 MRCHDU: Convergence failed at  18  side 2    Res =  0.6470E-01
 Side 1  free  transition at x/c =  0.6011   46
 Side 2  free  transition at x/c =  0.0054   13

 104   rms: 0.3143E+01   max: -.1884E+02   C at   20  2   RLX: 0.027
       a = -1.000      CL = -2.0323
      Cm =  0.4969     CD =  0.14727   =>   CDf =  0.00303    CDp =  0.14425

 MRCHDU: Convergence failed at  16  side 2    Res =  0.1557E-02
 MRCHDU: Convergence failed at  17  side 2    Res =  0.5301E-01
 MRCHDU: Convergence failed at  18  side 2    Res =  0.6434E-01
 MRCHDU: Convergence failed at  19  side 2    Res =  0.2914E+00
 MRCHDU: Convergence failed at  20  side 2    Res =  0.4730E+00
 Side 1  free  transition at x/c =  0.6007   46
 Side 2  free  transition at x/c =  0.0054   13

 105   rms: 0.1754E+02   max: 0.9377E+02   T at   21  2   RLX: 0.016
       a = -1.000      CL = -1.9069
      Cm =  0.4534     CD =  0.35825   =>   CDf =  0.00302    CDp =  0.35523

 MRCHDU: Convergence failed at  16  side 2    Res =  0.8675E-03
 MRCHDU: Convergence failed at  17  side 2    Res =  0.5625E-01
 MRCHDU: Convergence failed at  18  side 2    Res =  0.7861E-01
 Side 1  free  transition at x/c =  0.5952   46
 Side 2  free  transition at x/c =  0.0054   13

 106   rms: 0.2605E+01   max: 0.1169E+02   T at   19  2   RLX: 0.128
       a = -1.000      CL = -1.6440
      Cm =  0.3698     CD =  0.24427   =>   CDf =  0.00290    CDp =  0.24137

 MRCHDU: Convergence failed at  17  side 2    Res =  0.7586E-01
 MRCHDU: Convergence failed at  18  side 2    Res =  0.1859E+00
 Side 1  free  transition at x/c =  0.5872   45
 Side 2  free  transition at x/c =  0.0054   13

 107   rms: 0.3110E+01   max: -.2328E+02   D at  109  2   RLX: 0.021
       a = -1.000      CL = -1.8074
      Cm =  0.4264     CD =  0.09766   =>   CDf =  0.00276    CDp =  0.09491

 MRCHDU: Convergence failed at  17  side 2    Res =  0.7598E-01
 MRCHDU: Convergence failed at  18  side 2    Res =  0.3719E-01
 MRCHDU: Convergence failed at  19  side 2    Res =  0.7398E+00
 Side 1  free  transition at x/c =  0.5893   46
 Side 2  free  transition at x/c =  0.0054   13

 108   rms: 0.1484E+01   max: -.7331E+01   D at  109  2   RLX: 0.068
       a = -1.000      CL = -1.7129
      Cm =  0.4067     CD =  0.11793   =>   CDf =  0.00280    CDp =  0.11514

 MRCHDU: Convergence failed at  17  side 2    Res =  0.7769E-01
 MRCHDU: Convergence failed at  18  side 2    Res =  0.3550E-01
 MRCHDU: Convergence failed at  19  side 2    Res =  0.2827E-01
 MRCHDU: Convergence failed at  20  side 2    Res =  0.1212E+01
 Side 1  free  transition at x/c =  0.5916   46
 Side 2  free  transition at x/c =  0.0053   13

 109   rms: 0.1251E+01   max: -.4951E+01   D at  109  2   RLX: 0.101
       a = -1.000      CL = -1.6471
      Cm =  0.4012     CD =  0.09841   =>   CDf =  0.00282    CDp =  0.09560

 MRCHDU: Convergence failed at  17  side 2    Res =  0.7847E-01
 MRCHDU: Convergence failed at  18  side 2    Res =  0.3619E-01
 MRCHDU: Convergence failed at  19  side 2    Res =  0.2853E-01
 MRCHDU: Convergence failed at  20  side 2    Res =  0.1787E-01
 MRCHDU: Convergence failed at  21  side 2    Res =  0.2652E+00
 Side 1  free  transition at x/c =  0.5930   46
 Side 2  free  transition at x/c =  0.0053   13

 110   rms: 0.1330E+02   max: 0.5074E+02   D at  109  2   RLX: 0.030
       a = -1.000      CL = -1.4503
      Cm =  0.3184     CD =  0.25316   =>   CDf =  0.00283    CDp =  0.25034

 MRCHDU: Convergence failed at  17  side 2    Res =  0.2318E+00
 MRCHDU: Convergence failed at  18  side 2    Res =  0.1438E+00
 MRCHDU: Convergence failed at  19  side 2    Res =  0.1538E+01
 MRCHDU: Convergence failed at  20  side 2    Res =  0.9574E+00
 MRCHDU: Convergence failed at  21  side 2    Res =  0.7783E+00
 Side 1  free  transition at x/c =  0.5815   45
 Side 2  free  transition at x/c =  0.0053   13

 111   rms: 0.7550E+00   max: -.1435E+01   C at  105  2   RLX: 0.348
       a = -1.000      CL = -0.9984
      Cm =  0.1716     CD =  0.07337   =>   CDf =  0.00260    CDp =  0.07077

 MRCHDU: Convergence failed at  18  side 2    Res =  0.9556E-02
 MRCHDU: Convergence failed at  19  side 2    Res =  0.2416E+00
 MRCHDU: Convergence failed at  20  side 2    Res =  0.3082E+00
 MRCHDU: Convergence failed at  21  side 2    Res =  0.3901E+00
 Side 1  free  transition at x/c =  0.5786   45
 Side 2  free  transition at x/c =  0.0051   13

 112   rms: 0.6169E+00   max: -.1591E+01   T at  109  2   RLX: 0.314
       a = -1.000      CL = -0.8400
      Cm =  0.1398     CD =  0.06535   =>   CDf =  0.00254    CDp =  0.06282

 MRCHDU: Convergence failed at  21  side 2    Res =  0.1196E+01
 Side 1  free  transition at x/c =  0.5753   45
 Side 2  free  transition at x/c =  0.0051   13

 113   rms: 0.4051E+01   max: 0.1235E+02   C at   21  2   RLX: 0.051
       a = -1.000      CL = -0.8408
      Cm =  0.1156     CD =  0.13001   =>   CDf =  0.00252    CDp =  0.12749

 Side 1  free  transition at x/c =  0.5758   45
 Side 2  free  transition at x/c =  0.0047   13

 114   rms: 0.3857E+01   max: 0.1548E+02   D at   76  1   RLX: 0.038
       a = -1.000      CL = -0.8637
      Cm =  0.0961     CD =  0.06982   =>   CDf =  0.00245    CDp =  0.06737

 MRCHDU: Convergence failed at  75  side 2    Res =  0.2841E+01
 MRCHDU: Convergence failed at  76  side 2    Res =  0.2313E+01
 MRCHDU: Convergence failed at  77  side 2    Res =  0.2444E+01
 MRCHDU: Convergence failed at  78  side 2    Res =  0.2134E+01
 MRCHDU: Convergence failed at  79  side 2    Res =  0.1944E+01
 MRCHDU: Convergence failed at  80  side 2    Res =  0.2012E+01
 MRCHDU: Convergence failed at  81  side 2    Res =  0.2155E+01
 MRCHDU: Convergence failed at  82  side 2    Res =  0.2299E+01
 MRCHDU: Convergence failed at  83  side 2    Res =  0.2021E+01
 MRCHDU: Convergence failed at  84  side 2    Res =  0.2071E+01
 MRCHDU: Convergence failed at  85  side 2    Res =  0.2169E+01
 MRCHDU: Convergence failed at  86  side 2    Res =  0.2486E+01
 MRCHDU: Convergence failed at  87  side 2    Res =  0.2760E+01
 Side 1  free  transition at x/c =  0.5750   44
 Side 2  free  transition at x/c =  0.0045   14

 115   rms: 0.7415E+00   max: -.1981E+01   D at   89  2   RLX: 0.235
       a = -1.000      CL = -0.7366
      Cm =  0.0684     CD =  0.04309   =>   CDf =  0.00256    CDp =  0.04053

 MRCHDU: Convergence failed at  71  side 2    Res =  0.1100E+01
 MRCHDU: Convergence failed at  72  side 2    Res =  0.1172E+01
 MRCHDU: Convergence failed at  73  side 2    Res =  0.1281E+01
 MRCHDU: Convergence failed at  74  side 2    Res =  0.1320E+01
 MRCHDU: Convergence failed at  75  side 2    Res =  0.1356E+01
 MRCHDU: Convergence failed at  76  side 2    Res =  0.1382E+01
 MRCHDU: Convergence failed at  77  side 2    Res =  0.1407E+01
 MRCHDU: Convergence failed at  78  side 2    Res =  0.1440E+01
 MRCHDU: Convergence failed at  79  side 2    Res =  0.1471E+01
 MRCHDU: Convergence failed at  80  side 2    Res =  0.1498E+01
 MRCHDU: Convergence failed at  81  side 2    Res =  0.1525E+01
 MRCHDU: Convergence failed at  82  side 2    Res =  0.1550E+01
 MRCHDU: Convergence failed at  83  side 2    Res =  0.1577E+01
 MRCHDU: Convergence failed at  84  side 2    Res =  0.1609E+01
 MRCHDU: Convergence failed at  85  side 2    Res =  0.1632E+01
 MRCHDU: Convergence failed at  86  side 2    Res =  0.1668E+01
 MRCHDU: Convergence failed at  88  side 2    Res =  0.2777E+00
 MRCHDU: Convergence failed at  89  side 2    Res =  0.2064E+00
 MRCHDU: Convergence failed at  90  side 2    Res =  0.3236E+00
 MRCHDU: Convergence failed at  91  side 2    Res =  0.2648E+00
 MRCHDU: Convergence failed at  92  side 2    Res =  0.2171E+00
 MRCHDU: Convergence failed at  93  side 2    Res =  0.1750E+00
 MRCHDU: Convergence failed at  94  side 2    Res =  0.1336E+00
 MRCHDU: Convergence failed at  95  side 2    Res =  0.8826E-01
 Side 1  free  transition at x/c =  0.5710   44
 Side 2  free  transition at x/c =  0.0046   13

 116   rms: 0.5458E+00   max: 0.1032E+01   D at   99  2   RLX: 0.405
       a = -1.000      CL = -0.5502
      Cm =  0.0383     CD =  0.04143   =>   CDf =  0.00254    CDp =  0.03889

 MRCHDU: Convergence failed at  85  side 2    Res =  0.1167E+01
 MRCHDU: Convergence failed at  86  side 2    Res =  0.1270E+01
 Side 1  free  transition at x/c =  0.5660   44
 Side 2  free  transition at x/c =  0.0049   13

 117   rms: 0.4725E+00   max: -.1250E+01   D at   74  2   RLX: 0.400
       a = -1.000      CL = -0.3946
      Cm =  0.0173     CD =  0.03870   =>   CDf =  0.00262    CDp =  0.03608

 Side 1  free  transition at x/c =  0.5607   44
 Side 2  free  transition at x/c =  0.0054   13

 118   rms: 0.4482E+00   max: 0.2450E+01   T at   14  2   RLX: 0.369
       a = -1.000      CL = -0.2998
      Cm =  0.0048     CD =  0.03615   =>   CDf =  0.00271    CDp =  0.03343

 Side 1  free  transition at x/c =  0.5574   43
 Side 2  free  transition at x/c =  0.0053   13

 119   rms: 0.4194E+00   max: -.1410E+01   D at   69  2   RLX: 0.355
       a = -1.000      CL = -0.2337
      Cm = -0.0044     CD =  0.03152   =>   CDf =  0.00275    CDp =  0.02877

 Side 1  free  transition at x/c =  0.5544   44
 Side 2  free  transition at x/c =  0.0054   12

 120   rms: 0.3845E+00   max: -.1544E+01   T at    2  1   RLX: 0.324
       a = -1.000      CL = -0.1682
      Cm = -0.0080     CD =  0.03127   =>   CDf =  0.00294    CDp =  0.02833

 Side 1  free  transition at x/c =  0.5515   44
 Side 2  free  transition at x/c =  0.0055   12

 121   rms: 0.3231E+00   max: -.1247E+01   D at   75  2   RLX: 0.401
       a = -1.000      CL = -0.1036
      Cm = -0.0076     CD =  0.03008   =>   CDf =  0.00318    CDp =  0.02690

 Side 1  free  transition at x/c =  0.5491   44
 Side 2  free  transition at x/c =  0.0056   12

 122   rms: 0.2638E+00   max: -.1014E+01   D at   79  2   RLX: 0.493
       a = -1.000      CL = -0.0394
      Cm = -0.0045     CD =  0.02859   =>   CDf =  0.00352    CDp =  0.02507

 Side 1  free  transition at x/c =  0.5470   44
 Side 2  free  transition at x/c =  0.0056   12

 123   rms: 0.2007E+00   max: -.7576E+00   D at   85  2   RLX: 0.660
       a = -1.000      CL =  0.0198
      Cm = -0.0014     CD =  0.02596   =>   CDf =  0.00392    CDp =  0.02204

 Side 1  free  transition at x/c =  0.5453   44
 Side 2  free  transition at x/c =  0.0057   13

 124   rms: 0.2524E+02   max: 0.1201E+03   T at   13  2   RLX: 0.010
       a = -1.000      CL =  0.0439
      Cm = -0.0027     CD =  0.03063   =>   CDf =  0.00450    CDp =  0.02613

 MRCHDU: Convergence failed at  12  side 2    Res =  0.3407E+01
 MRCHDU: Convergence failed at  13  side 2    Res =  0.4603E+01
 MRCHDU: Convergence failed at  15  side 2    Res =  0.6986E+00
 MRCHDU: Convergence failed at  16  side 2    Res =  0.8300E+01
 MRCHDU: Convergence failed at  17  side 2    Res =  0.1914E+01
 MRCHDU: Convergence failed at  18  side 2    Res =  0.1673E+02
 MRCHDU: Convergence failed at  19  side 2    Res =  0.1002E+01
 MRCHDU: Convergence failed at  20  side 2    Res =  0.1151E+01
 MRCHDU: Convergence failed at  21  side 2    Res =  0.5625E+02
 MRCHDU: Convergence failed at  22  side 2    Res =  0.3694E-04
 MRCHDU: Convergence failed at  23  side 2    Res =  0.8628E-01
 MRCHDU: Convergence failed at  24  side 2    Res =  0.1106E+02
 MRCHDU: Convergence failed at  25  side 2    Res =  0.7699E+01
 MRCHDU: Convergence failed at  26  side 2    Res =  0.5537E+01
 MRCHDU: Convergence failed at  27  side 2    Res =  0.1762E+02
 MRCHDU: Convergence failed at  28  side 2    Res =  0.2587E+01
 MRCHDU: Convergence failed at  29  side 2    Res =  0.6710E+00
 MRCHDU: Convergence failed at  30  side 2    Res =  0.2522E+01
 Side 1  free  transition at x/c =  0.5431   44
 Side 2  free  transition at x/c =  0.0055   11

 125   rms: 0.2214E+01   max: 0.2263E+02   T at   14  2   RLX: 0.048
       a = -1.000      CL =  0.0503
      Cm =  0.0003     CD =  0.00679   =>   CDf =  0.00890    CDp = -0.00211

 Side 1  free  transition at x/c =  0.5433   44
 Side 2  free  transition at x/c =  0.0055   11

 126   rms: 0.7511E+00   max: 0.5094E+01   T at   12  2   RLX: 0.294
       a = -1.000      CL =  0.0573
      Cm =  0.0012     CD =  0.01394   =>   CDf =  0.00713    CDp =  0.00681

 Side 1  free  transition at x/c =  0.5440   43
 Side 2  free  transition at x/c =  0.0056   12

 127   rms: 0.1580E+01   max: -.2523E+02   T at    2  2   RLX: 0.020
       a = -1.000      CL =  0.0586
      Cm =  0.0014     CD =  0.02088   =>   CDf =  0.00640    CDp =  0.01448

 Side 1  free  transition at x/c =  0.5440   44
 Side 2  free  transition at x/c =  0.0056   11

 128   rms: 0.7101E+00   max: 0.2967E+01   T at    2  1   RLX: 0.402
       a = -1.000      CL =  0.0702
      Cm =  0.0022     CD =  0.02970   =>   CDf =  0.00653    CDp =  0.02317

 Side 1  free  transition at x/c =  0.5436   43
 Side 2  free  transition at x/c =  0.0057   12

 129   rms: 0.4290E+00   max: 0.5055E+01   T at    2  2   RLX: 0.204
       a = -1.000      CL =  0.0696
      Cm =  0.0019     CD =  0.01923   =>   CDf =  0.00701    CDp =  0.01222

 Side 1  free  transition at x/c =  0.5438   43
 Side 2  free  transition at x/c =  0.0057   12

 130   rms: 0.2521E+00   max: 0.1035E+01   D at   22  2   RLX: 0.693
       a = -1.000      CL =  0.0686
      Cm =  0.0012     CD =  0.02171   =>   CDf =  0.00656    CDp =  0.01516

 MRCHDU: Convergence failed at  17  side 2    Res =  0.9219E+02
 MRCHDU: Convergence failed at  18  side 2    Res =  0.8285E+02
 MRCHDU: Convergence failed at  19  side 2    Res =  0.6960E+02
 MRCHDU: Convergence failed at  20  side 2    Res =  0.8362E+02
 MRCHDU: Convergence failed at  21  side 2    Res =  0.1383E+03
 MRCHDU: Convergence failed at  22  side 2    Res =  0.1708E+03
 MRCHDU: Convergence failed at  23  side 2    Res =  0.1322E+03
 MRCHDU: Convergence failed at  24  side 2    Res =  0.1300E+03
 MRCHDU: Convergence failed at  25  side 2    Res =  0.1281E+03
 MRCHDU: Convergence failed at  26  side 2    Res =  0.1909E+03
 MRCHDU: Convergence failed at  27  side 2    Res =  0.2039E+03
 MRCHDU: Convergence failed at  28  side 2    Res =  0.2165E+03
 MRCHDU: Convergence failed at  29  side 2    Res =  0.3331E+05
 MRCHDU: Convergence failed at  30  side 2    Res =  0.9597E+03
 MRCHDU: Convergence failed at  31  side 2    Res =  0.8254E+03
 MRCHDU: Convergence failed at  32  side 2    Res =  0.9008E+03
 MRCHDU: Convergence failed at  33  side 2    Res =  0.9207E+03
 MRCHDU: Convergence failed at  34  side 2    Res =  0.1009E+04
 MRCHDU: Convergence failed at  35  side 2    Res =  0.1070E+04
 MRCHDU: Convergence failed at  36  side 2    Res =  0.1105E+04
 MRCHDU: Convergence failed at  37  side 2    Res =  0.1099E+04
 MRCHDU: Convergence failed at  38  side 2    Res =  0.1064E+04
 MRCHDU: Convergence failed at  39  side 2    Res =  0.3108E+03
 MRCHDU: Convergence failed at  40  side 2    Res =  0.2818E+03
 MRCHDU: Convergence failed at  41  side 2    Res =  0.2639E+03
 MRCHDU: Convergence failed at  42  side 2    Res =  0.2581E+03
 MRCHDU: Convergence failed at  43  side 2    Res =  0.2526E+03
 MRCHDU: Convergence failed at  44  side 2    Res =  0.2472E+03
 MRCHDU: Convergence failed at  45  side 2    Res =  0.2418E+03
 MRCHDU: Convergence failed at  46  side 2    Res =  0.2363E+03
 MRCHDU: Convergence failed at  47  side 2    Res =  0.2305E+03
 MRCHDU: Convergence failed at  48  side 2    Res =  0.1705E+03
 MRCHDU: Convergence failed at  49  side 2    Res =  0.1669E+03
 MRCHDU: Convergence failed at  50  side 2    Res =  0.1631E+03
 MRCHDU: Convergence failed at  51  side 2    Res =  0.1590E+03
 MRCHDU: Convergence failed at  52  side 2    Res =  0.1515E+03
 MRCHDU: Convergence failed at  53  side 2    Res =  0.1467E+03
 MRCHDU: Convergence failed at  54  side 2    Res =  0.1424E+03
 MRCHDU: Convergence failed at  55  side 2    Res =  0.1384E+03
 MRCHDU: Convergence failed at  56  side 2    Res =  0.1347E+03
 MRCHDU: Convergence failed at  57  side 2    Res =  0.1474E+03
 MRCHDU: Convergence failed at  58  side 2    Res =  0.1532E+03
 MRCHDU: Convergence failed at  59  side 2    Res =  0.1590E+03
 MRCHDU: Convergence failed at  60  side 2    Res =  0.1649E+03
 MRCHDU: Convergence failed at  61  side 2    Res =  0.1706E+03
 MRCHDU: Convergence failed at  62  side 2    Res =  0.1762E+03
 MRCHDU: Convergence failed at  63  side 2    Res =  0.1816E+03
 MRCHDU: Convergence failed at  64  side 2    Res =  0.1867E+03
 MRCHDU: Convergence failed at  65  side 2    Res =  0.1913E+03
 MRCHDU: Convergence failed at  66  side 2    Res =  0.1955E+03
 MRCHDU: Convergence failed at  67  side 2    Res =  0.1984E+03
 MRCHDU: Convergence failed at  68  side 2    Res =  0.2011E+03
 MRCHDU: Convergence failed at  69  side 2    Res =  0.2020E+03
 MRCHDU: Convergence failed at  70  side 2    Res =  0.2022E+03
 MRCHDU: Convergence failed at  71  side 2    Res =  0.2001E+03
 MRCHDU: Convergence failed at  72  side 2    Res =  0.1966E+03
 MRCHDU: Convergence failed at  73  side 2    Res =  0.1922E+03
 MRCHDU: Convergence failed at  74  side 2    Res =  0.1869E+03
 MRCHDU: Convergence failed at  75  side 2    Res =  0.1810E+03
 MRCHDU: Convergence failed at  76  side 2    Res =  0.1732E+03
 MRCHDU: Convergence failed at  77  side 2    Res =  0.1640E+03
 MRCHDU: Convergence failed at  78  side 2    Res =  0.1551E+03
 MRCHDU: Convergence failed at  79  side 2    Res =  0.1469E+03
 MRCHDU: Convergence failed at  80  side 2    Res =  0.1462E+03
 MRCHDU: Convergence failed at  81  side 2    Res =  0.1554E+03
 MRCHDU: Convergence failed at  82  side 2    Res =  0.1655E+03
 MRCHDU: Convergence failed at  83  side 2    Res =  0.1763E+03
 MRCHDU: Convergence failed at  84  side 2    Res =  0.1882E+03
 MRCHDU: Convergence failed at  85  side 2    Res =  0.2011E+03
 Side 1  free  transition at x/c =  0.5439   43
 Side 2  free  transition at x/c =  0.2105   29

 131   rms: 0.8867E+01   max: 0.1430E+03   T at   29  2   RLX: 0.005
       a = -1.000      CL = -1.4288
      Cm =  0.3934     CD =  0.00416   =>   CDf =  0.00237    CDp =  0.00179

 Side 1  free  transition at x/c =  0.5439   43
 Side 2  free  transition at x/c =  0.1587   26

 132   rms: 0.3547E+02   max: -.2282E+03   T at   26  2   RLX: 0.002
       a = -1.000      CL = -1.0502
      Cm =  0.2709     CD =  0.08683   =>   CDf =  0.00265    CDp =  0.08418

 Side 1  free  transition at x/c =  0.5439   43
 Side 2  free  transition at x/c =  0.1304   23

 133   rms: 0.2777E+01   max: -.2899E+02   n at   17  2   RLX: 0.017
       a = -1.000      CL = -0.9854
      Cm =  0.2516     CD =  0.09736   =>   CDf =  0.00269    CDp =  0.09467

 Side 1  free  transition at x/c =  0.5460   44
 Side 2  free  transition at x/c =  0.0498   18

 134   rms: 0.3163E+02   max: -.5029E+03   T at   18  2   RLX: 0.001
       a = -1.000      CL = -0.9901
      Cm =  0.2616     CD =  0.09639   =>   CDf =  0.00273    CDp =  0.09366

 Side 1  free  transition at x/c =  0.5457   44
 Side 2  free  transition at x/c =  0.0490   18

 135   rms: 0.2107E+02   max: 0.3752E+03   T at   18  2   RLX: 0.004
       a = -1.000      CL = -0.9935
      Cm =  0.2598     CD =  0.09501   =>   CDf =  0.00274    CDp =  0.09227

 Side 1  free  transition at x/c =  0.5469   44
 Side 2  free  transition at x/c =  0.0310   16

 136   rms: 0.1150E+02   max: 0.2549E+03   T at   16  2   RLX: 0.006
       a = -1.000      CL = -1.0292
      Cm =  0.2655     CD =  0.09058   =>   CDf =  0.00274    CDp =  0.08784

 Side 1  free  transition at x/c =  0.5481   44
 Side 2  free  transition at x/c =  0.0208   15

 137   rms: 0.3825E+01   max: 0.7658E+02   T at   15  2   RLX: 0.020
       a = -1.000      CL = -1.1509
      Cm =  0.2936     CD =  0.08939   =>   CDf =  0.00274    CDp =  0.08666

 Side 1  free  transition at x/c =  0.5506   44
 Side 2  free  transition at x/c =  0.0143   14

 138   rms: 0.6388E+01   max: -.7248E+02   T at   15  2   RLX: 0.007
       a = -1.000      CL = -1.2970
      Cm =  0.3330     CD =  0.10058   =>   CDf =  0.00274    CDp =  0.09784

 Side 1  free  transition at x/c =  0.5512   44
 Side 2  free  transition at x/c =  0.0135   14

 139   rms: 0.3991E+01   max: -.6313E+02   T at   15  2   RLX: 0.008
       a = -1.000      CL = -1.3436
      Cm =  0.3447     CD =  0.10369   =>   CDf =  0.00274    CDp =  0.10095

 Side 1  free  transition at x/c =  0.5520   44
 Side 2  free  transition at x/c =  0.0125   14

 140   rms: 0.1951E+01   max: 0.3300E+02   T at   14  2   RLX: 0.026
       a = -1.000      CL = -1.3677
      Cm =  0.3493     CD =  0.10380   =>   CDf =  0.00275    CDp =  0.10105

 Side 1  free  transition at x/c =  0.5549   44
 Side 2  free  transition at x/c =  0.0104   14

 141   rms: 0.1768E+01   max: 0.2167E+02   T at   14  2   RLX: 0.069
       a = -1.000      CL = -1.3333
      Cm =  0.3336     CD =  0.09852   =>   CDf =  0.00274    CDp =  0.09578

 MRCHDU: Convergence failed at  15  side 2    Res =  0.7225E-03
 Side 1  free  transition at x/c =  0.5616   44
 Side 2  free  transition at x/c =  0.0085   14

 142   rms: 0.1258E+01   max: 0.6116E+01   T at   14  2   RLX: 0.111
       a = -1.000      CL = -1.7401
      Cm =  0.4279     CD =  0.10108   =>   CDf =  0.00281    CDp =  0.09827

 Side 1  free  transition at x/c =  0.5714   44
 Side 2  free  transition at x/c =  0.0066   14

 143   rms: 0.1291E+01   max: -.4738E+01   C at   98  2   RLX: 0.106
       a = -1.000      CL = -1.6236
      Cm =  0.3992     CD =  0.11694   =>   CDf =  0.00289    CDp =  0.11404

 Side 1  free  transition at x/c =  0.5742   45
 Side 2  free  transition at x/c =  0.0065   14

 144   rms: 0.1264E+01   max: -.6776E+01   D at  109  2   RLX: 0.074
       a = -1.000      CL = -1.5303
      Cm =  0.3732     CD =  0.14910   =>   CDf =  0.00299    CDp =  0.14611

 Side 1  free  transition at x/c =  0.5811   45
 Side 2  free  transition at x/c =  0.0062   14

 145   rms: 0.1316E+01   max: -.8789E+01   D at  109  2   RLX: 0.057
       a = -1.000      CL = -1.4802
      Cm =  0.3579     CD =  0.18774   =>   CDf =  0.00301    CDp =  0.18473

 Side 1  free  transition at x/c =  0.5856   45
 Side 2  free  transition at x/c =  0.0060   14

 146   rms: 0.1340E+01   max: -.9958E+01   D at  109  2   RLX: 0.050
       a = -1.000      CL = -1.4478
      Cm =  0.3473     CD =  0.20468   =>   CDf =  0.00307    CDp =  0.20162

 Side 1  free  transition at x/c =  0.5879   45
 Side 2  free  transition at x/c =  0.0059   14

 147   rms: 0.1474E+01   max: -.1240E+02   D at  109  2   RLX: 0.040
       a = -1.000      CL = -1.4396
      Cm =  0.3428     CD =  0.22328   =>   CDf =  0.00319    CDp =  0.22010

 Side 1  free  transition at x/c =  0.5921   46
 Side 2  free  transition at x/c =  0.0058   14

 148   rms: 0.1490E+01   max: -.1195E+02   D at  109  2   RLX: 0.042
       a = -1.000      CL = -1.4393
      Cm =  0.3417     CD =  0.21550   =>   CDf =  0.00319    CDp =  0.21231

 MRCHDU: Convergence failed at 109  side 2    Res =  0.1451E+00
 Side 1  free  transition at x/c =  0.5953   46
 Side 2  free  transition at x/c =  0.0057   14

 149   rms: 0.4102E+01   max: 0.3115E+02   T at   14  2   RLX: 0.048
       a = -1.000      CL = -1.3969
      Cm =  0.3370     CD =  0.37926   =>   CDf =  0.00321    CDp =  0.37606

 MRCHDU: Convergence failed at  16  side 2    Res =  0.1496E+02
 Side 1  free  transition at x/c =  0.5914   46
 Side 2  free  transition at x/c =  0.0057   13

 150   rms: 0.9634E+00   max: 0.6304E+01   D at   14  2   RLX: 0.154
       a = -1.000      CL = -0.6211
      Cm =  0.1176     CD =  0.26882   =>   CDf =  0.00371    CDp =  0.26512

 Side 1  free  transition at x/c =  0.5867   45
 Side 2  free  transition at x/c =  0.0057   13

 151   rms: 0.8823E+00   max: 0.5622E+01   D at   16  2   RLX: 0.267
       a = -1.000      CL = -0.5566
      Cm =  0.0957     CD =  0.29220   =>   CDf =  0.00348    CDp =  0.28872

 Side 1  free  transition at x/c =  0.5868   45
 Side 2  free  transition at x/c =  0.0056   13

 152   rms: 0.8163E+00   max: 0.3925E+01   T at   87  2   RLX: 0.141
       a = -1.000      CL = -0.4554
      Cm =  0.0769     CD =  0.24538   =>   CDf =  0.00312    CDp =  0.24226

 MRCHDU: Convergence failed at  84  side 2    Res =  0.1525E-01
 MRCHDU: Convergence failed at  85  side 2    Res =  0.2507E-01
 MRCHDU: Convergence failed at  86  side 2    Res =  0.1815E-01
 Side 1  free  transition at x/c =  0.5797   45
 Side 2  free  transition at x/c =  0.0057   13

 153   rms: 0.1921E+01   max: -.1029E+02   T at  109  2   RLX: 0.049
       a = -1.000      CL = -0.3612
      Cm =  0.0554     CD =  0.36639   =>   CDf =  0.00305    CDp =  0.36333

 MRCHDU: Convergence failed at  82  side 2    Res =  0.1481E-02
 MRCHDU: Convergence failed at  83  side 2    Res =  0.4593E-01
 MRCHDU: Convergence failed at  84  side 2    Res =  0.2765E-01
 MRCHDU: Convergence failed at  85  side 2    Res =  0.1890E-01
 MRCHDU: Convergence failed at  86  side 2    Res =  0.1108E-01
 Side 1  free  transition at x/c =  0.5739   45
 Side 2  free  transition at x/c =  0.0057   13

 154   rms: 0.1144E+01   max: -.6579E+01   T at  109  2   RLX: 0.076
       a = -1.000      CL = -0.2808
      Cm =  0.0375     CD =  0.42408   =>   CDf =  0.00309    CDp =  0.42099

 MRCHDU: Convergence failed at  82  side 2    Res =  0.4034E-02
 MRCHDU: Convergence failed at  83  side 2    Res =  0.5610E-01
 MRCHDU: Convergence failed at  84  side 2    Res =  0.2673E-01
 MRCHDU: Convergence failed at  85  side 2    Res =  0.1651E-01
 MRCHDU: Convergence failed at  86  side 2    Res =  0.8239E-02
 Side 1  free  transition at x/c =  0.5702   44
 Side 2  free  transition at x/c =  0.0057   13

 155   rms: 0.8896E+00   max: -.5241E+01   T at  109  2   RLX: 0.095
       a = -1.000      CL = -0.2207
      Cm =  0.0263     CD =  0.48636   =>   CDf =  0.00308    CDp =  0.48329

 MRCHDU: Convergence failed at  82  side 2    Res =  0.3182E-01
 Side 1  free  transition at x/c =  0.5662   44
 Side 2  free  transition at x/c =  0.0057   13

 156   rms: 0.1694E+01   max: -.9650E+01   C at   84  2   RLX: 0.052
       a = -1.000      CL = -0.1923
      Cm =  0.0208     CD =  1.69121   =>   CDf =  0.00309    CDp =  1.68812

 Side 1  free  transition at x/c =  0.5644   45
 Side 2  free  transition at x/c =  0.0057   12

 157   rms: 0.2247E+01   max: -.1262E+02   C at   85  2   RLX: 0.040
       a = -1.000      CL = -0.1710
      Cm =  0.0167     CD =  1.74487   =>   CDf =  0.00302    CDp =  1.74185

 Side 1  free  transition at x/c =  0.5629   45
 Side 2  free  transition at x/c =  0.0057   12

 158   rms: 0.3062E+01   max: -.2181E+02   C at   85  2   RLX: 0.023
       a = -1.000      CL = -0.1603
      Cm =  0.0147     CD =  1.46265   =>   CDf =  0.00301    CDp =  1.45964

 Side 1  free  transition at x/c =  0.5622   45
 Side 2  free  transition at x/c =  0.0057   12

 159   rms: 0.4738E+01   max: -.3875E+02   C at   85  2   RLX: 0.013
       a = -1.000      CL = -0.1552
      Cm =  0.0137     CD =  1.33866   =>   CDf =  0.00300    CDp =  1.33566

 Side 1  free  transition at x/c =  0.5619   45
 Side 2  free  transition at x/c =  0.0057   12

 160   rms: 0.7119E+01   max: -.6561E+02   C at   85  2   RLX: 0.008
       a = -1.000      CL = -0.1525
      Cm =  0.0133     CD =  1.26339   =>   CDf =  0.00300    CDp =  1.26039

 Side 1  free  transition at x/c =  0.5617   45
 Side 2  free  transition at x/c =  0.0057   12

 161   rms: 0.1001E+02   max: -.1044E+03   C at   85  2   RLX: 0.005
       a = -1.000      CL = -0.1511
      Cm =  0.0130     CD =  1.21444   =>   CDf =  0.00300    CDp =  1.21144

 Side 1  free  transition at x/c =  0.5616   45
 Side 2  free  transition at x/c =  0.0057   12

 162   rms: 0.1310E+02   max: -.1489E+03   C at   85  2   RLX: 0.003
       a = -1.000      CL = -0.1502
      Cm =  0.0129     CD =  1.18378   =>   CDf =  0.00300    CDp =  1.18078

 Side 1  free  transition at x/c =  0.5616   45
 Side 2  free  transition at x/c =  0.0057   12

 163   rms: 0.1702E+02   max: -.2028E+03   C at   85  2   RLX: 0.002
       a = -1.000      CL = -0.1495
      Cm =  0.0128     CD =  1.16689   =>   CDf =  0.00299    CDp =  1.16390

 TRCHEK2: N2 convergence failed.
 x:  0.03735  0.04190  0.04666  N:  8.763  9.000  9.199  Nx:  63.539   dN:-0.138E+02
 TRCHEK2: N2 convergence failed.
 x:  0.03735  0.04269  0.04666  N:  8.763  9.000  9.212  Nx:  56.348   dN: 0.437E+01
 TRCHEK2: N2 convergence failed.
 x:  0.03735  0.04262  0.04666  N:  8.763  9.000  9.145  Nx:  56.890   dN:-0.467E+00
 TRCHEK2: N2 convergence failed.
 x:  0.03735  0.04273  0.04666  N:  8.763  9.000  9.137  Nx:  55.810   dN:-0.106E+02
 TRCHEK2: N2 convergence failed.
 x:  0.03735  0.04264  0.04666  N:  8.763  9.000  9.143  Nx:  58.421   dN:-0.334E+01
 TRCHEK2: N2 convergence failed.
 x:  0.03735  0.04360  0.04666  N:  8.763  9.000  9.143  Nx:  51.181   dN: 0.263E+00
 TRCHEK2: N2 convergence failed.
 x:  0.03735  0.04433  0.04666  N:  8.763  9.000  9.058  Nx:  52.842   dN:-0.295E+00
 TRCHEK2: N2 convergence failed.
 x:  0.03735  0.04438  0.04666  N:  8.763  9.000  9.056  Nx:  51.651   dN:-0.472E+00
 TRCHEK2: N2 convergence failed.
 x:  0.03735  0.04439  0.04666  N:  8.763  9.000  9.056  Nx:  51.776   dN:-0.742E+00
 TRCHEK2: N2 convergence failed.
 x:  0.03735  0.04439  0.04666  N:  8.763  9.000  9.056  Nx:  51.354   dN:-0.922E+00
 TRCHEK2: N2 convergence failed.
 x:  0.03735  0.04439  0.04666  N:  8.763  9.000  9.056  Nx:  51.387   dN:-0.349E+01
 TRCHEK2: N2 convergence failed.
 x:  0.03735  0.04438  0.04666  N:  8.763  9.000  9.056  Nx:  51.273   dN:-0.106E+01
 TRCHEK2: N2 convergence failed.
 x:  0.03735  0.04439  0.04666  N:  8.763  9.000  9.056  Nx:  51.280   dN:-0.785E+01
 TRCHEK2: N2 convergence failed.
 x:  0.03735  0.04438  0.04666  N:  8.763  9.000  9.056  Nx:  51.382   dN:-0.556E+00
 TRCHEK2: N2 convergence failed.
 x:  0.03735  0.04439  0.04666  N:  8.763  9.000  9.056  Nx:  51.464   dN:-0.790E+00
 TRCHEK2: N2 convergence failed.
 x:  0.03735  0.04438  0.04666  N:  8.763  9.000  9.056  Nx:  51.642   dN:-0.305E+00
 TRCHEK2: N2 convergence failed.
 x:  0.03735  0.04438  0.04666  N:  8.763  9.000  9.056  Nx:  51.735   dN:-0.395E+00
 TRCHEK2: N2 convergence failed.
 x:  0.03735  0.04438  0.04666  N:  8.763  9.000  9.056  Nx:  51.834   dN:-0.233E+00
 TRCHEK2: N2 convergence failed.
 x:  0.03735  0.04438  0.04666  N:  8.763  9.000  9.056  Nx:  51.921   dN:-0.299E+00
 TRCHEK2: N2 convergence failed.
 x:  0.03735  0.04437  0.04666  N:  8.763  9.000  9.056  Nx:  52.050   dN:-0.188E+00
 TRCHEK2: N2 convergence failed.
 x:  0.03735  0.04438  0.04666  N:  8.763  9.000  9.056  Nx:  52.125   dN:-0.241E+00
 MRCHDU: Convergence failed at  16  side 2    Res =  0.6290E+02
 MRCHDU: Convergence failed at  17  side 2    Res =  0.4165E+02
 MRCHDU: Convergence failed at  18  side 2    Res =  0.1365E+03
 MRCHDU: Convergence failed at  19  side 2    Res =  0.4985E+03
 MRCHDU: Convergence failed at  20  side 2    Res =  0.1547E+03
 MRCHDU: Convergence failed at  21  side 2    Res =  0.1607E+03
 MRCHDU: Convergence failed at  22  side 2    Res =  0.9749E+03
 MRCHDU: Convergence failed at  23  side 2    Res =  0.1589E+03
 MRCHDU: Convergence failed at  24  side 2    Res =  0.1581E+03
 MRCHDU: Convergence failed at  25  side 2    Res =  0.1671E+03
 MRCHDU: Convergence failed at  26  side 2    Res =  0.2118E+03
 MRCHDU: Convergence failed at  27  side 2    Res =  0.1813E+03
 MRCHDU: Convergence failed at  28  side 2    Res =  0.1818E+03
 MRCHDU: Convergence failed at  29  side 2    Res =  0.2330E+03
 MRCHDU: Convergence failed at  30  side 2    Res =  0.1008E+04
 MRCHDU: Convergence failed at  31  side 2    Res =  0.1618E+03
 MRCHDU: Convergence failed at  32  side 2    Res =  0.2430E+03
 MRCHDU: Convergence failed at  33  side 2    Res =  0.2445E+03
 MRCHDU: Convergence failed at  34  side 2    Res =  0.2670E+03
 MRCHDU: Convergence failed at  35  side 2    Res =  0.1482E+03
 MRCHDU: Convergence failed at  36  side 2    Res =  0.1369E+03
 MRCHDU: Convergence failed at  37  side 2    Res =  0.5939E+03
 MRCHDU: Convergence failed at  38  side 2    Res =  0.1071E+04
 MRCHDU: Convergence failed at  39  side 2    Res =  0.6633E+02
 MRCHDU: Convergence failed at  40  side 2    Res =  0.9524E+03
 MRCHDU: Convergence failed at  41  side 2    Res =  0.4349E+03
 MRCHDU: Convergence failed at  42  side 2    Res =  0.3994E+03
 MRCHDU: Convergence failed at  43  side 2    Res =  0.2125E+03
 MRCHDU: Convergence failed at  44  side 2    Res =  0.1696E+03
 MRCHDU: Convergence failed at  45  side 2    Res =  0.3882E+03
 MRCHDU: Convergence failed at  46  side 2    Res =  0.6967E+03
 MRCHDU: Convergence failed at  47  side 2    Res =  0.1664E+03
 MRCHDU: Convergence failed at  48  side 2    Res =  0.1502E+04
 MRCHDU: Convergence failed at  49  side 2    Res =  0.2914E+03
 MRCHDU: Convergence failed at  50  side 2    Res =  0.1539E+03
 MRCHDU: Convergence failed at  51  side 2    Res =  0.1153E+04
 MRCHDU: Convergence failed at  52  side 2    Res =  0.6421E+02
 MRCHDU: Convergence failed at  53  side 2    Res =  0.1172E+03
 MRCHDU: Convergence failed at  54  side 2    Res =  0.7668E+02
 MRCHDU: Convergence failed at  55  side 2    Res =  0.1717E+03
 MRCHDU: Convergence failed at  56  side 2    Res =  0.1485E+03
 MRCHDU: Convergence failed at  57  side 2    Res =  0.1106E+04
 MRCHDU: Convergence failed at  58  side 2    Res =  0.1367E+03
 MRCHDU: Convergence failed at  59  side 2    Res =  0.8945E+02
 MRCHDU: Convergence failed at  60  side 2    Res =  0.1093E+03
 MRCHDU: Convergence failed at  61  side 2    Res =  0.9680E+02
 MRCHDU: Convergence failed at  62  side 2    Res =  0.1193E+03
 MRCHDU: Convergence failed at  63  side 2    Res =  0.9291E+03
 MRCHDU: Convergence failed at  64  side 2    Res =  0.1064E+03
 MRCHDU: Convergence failed at  65  side 2    Res =  0.1440E+03
 MRCHDU: Convergence failed at  66  side 2    Res =  0.7221E+02
 MRCHDU: Convergence failed at  67  side 2    Res =  0.1067E+03
 MRCHDU: Convergence failed at  68  side 2    Res =  0.7796E+03
 MRCHDU: Convergence failed at  69  side 2    Res =  0.1115E+03
 MRCHDU: Convergence failed at  70  side 2    Res =  0.8368E+02
 MRCHDU: Convergence failed at  71  side 2    Res =  0.1809E+03
 MRCHDU: Convergence failed at  72  side 2    Res =  0.1278E+03
 MRCHDU: Convergence failed at  73  side 2    Res =  0.6653E+02
 MRCHDU: Convergence failed at  74  side 2    Res =  0.3953E+03
 MRCHDU: Convergence failed at  75  side 2    Res =  0.3960E+02
 MRCHDU: Convergence failed at  76  side 2    Res =  0.1204E+03
 MRCHDU: Convergence failed at  81  side 2    Res =  0.2513E+04
 MRCHDU: Convergence failed at  82  side 2    Res =  0.1766E+03
 MRCHDU: Convergence failed at  83  side 2    Res =  0.1060E+01
 Side 1  free  transition at x/c =  0.5615   45
 Side 2  free  transition at x/c =  0.0307   16

 164   rms: 0.2010E+01   max: -.2451E+02   C at   85  2   RLX: 0.020
       a = -1.000      CL = -2.5491
      Cm =  0.6629     CD =  0.16302   =>   CDf =  0.00234    CDp =  0.16068

 Side 1  free  transition at x/c =  0.5608   45
 Side 2  free  transition at x/c =  0.0306   16

 165   rms: 0.2577E+01   max: -.4044E+02   T at   16  2   RLX: 0.012
       a = -1.000      CL = -1.9158
      Cm =  0.4764     CD =  0.49617   =>   CDf =  0.00282    CDp =  0.49335

 Side 1  free  transition at x/c =  0.5600   45
 Side 2  free  transition at x/c =  0.0287   16

 166   rms: 0.6746E+01   max: 0.1276E+03   T at   16  2   RLX: 0.012
       a = -1.000      CL = -1.9168
      Cm =  0.4754     CD =  0.48131   =>   CDf =  0.00283    CDp =  0.47847

 Side 1  free  transition at x/c =  0.5613   45
 Side 2  free  transition at x/c =  0.0184   15

 167   rms: 0.1801E+01   max: 0.2112E+02   T at   15  2   RLX: 0.032
       a = -1.000      CL = -1.9101
      Cm =  0.4727     CD =  0.44749   =>   CDf =  0.00283    CDp =  0.44466

 MRCHDU: Convergence failed at  80  side 2    Res =  0.8806E-01
 MRCHDU: Convergence failed at  81  side 2    Res =  0.1601E+00
 MRCHDU: Convergence failed at  82  side 2    Res =  0.1026E+00
 MRCHDU: Convergence failed at  83  side 2    Res =  0.1843E+00
 MRCHDU: Convergence failed at  84  side 2    Res =  0.1068E-01
 MRCHDU: Convergence failed at  85  side 2    Res =  0.2193E-02
 Side 1  free  transition at x/c =  0.5614   45
 Side 2  free  transition at x/c =  0.0155   15

 168   rms: 0.1546E+02   max: 0.1007E+03   T at   15  2   RLX: 0.007
       a = -1.000      CL = -1.8368
      Cm =  0.4556     CD =  0.45880   =>   CDf =  0.00280    CDp =  0.45600

 MRCHDU: Convergence failed at  16  side 2    Res =  0.1688E-02
 MRCHDU: Convergence failed at  80  side 2    Res =  0.1267E+01
 MRCHDU: Convergence failed at  81  side 2    Res =  0.1273E+01
 MRCHDU: Convergence failed at  82  side 2    Res =  0.1272E+01
 MRCHDU: Convergence failed at  83  side 2    Res =  0.2118E+00
 Side 1  free  transition at x/c =  0.5619   44
 Side 2  free  transition at x/c =  0.0151   15

 169   rms: 0.1977E+03   max: 0.2082E+04   C at  106  2   RLX: 0.001
       a = -1.000      CL = -1.8112
      Cm =  0.4645     CD =  2.62753   =>   CDf =  0.00283    CDp =  2.62470

 MRCHDU: Convergence failed at  16  side 2    Res =  0.1099E-02
 Side 1  free  transition at x/c =  0.5617   44
 Side 2  free  transition at x/c =  0.0151   15

 170   rms: 0.1817E+02   max: -.1539E+03   T at  105  2   RLX: 0.003
       a = -1.000      CL = -1.8134
      Cm =  0.4651     CD =  1.61795   =>   CDf =  0.00282    CDp =  1.61513

 MRCHDU: Convergence failed at  16  side 2    Res =  0.1089E-02
 Side 1  free  transition at x/c =  0.5616   44
 Side 2  free  transition at x/c =  0.0151   15

 171   rms: 0.1986E+02   max: -.2319E+03   T at  105  2   RLX: 0.002
       a = -1.000      CL = -1.8089
      Cm =  0.4642     CD =  1.98778   =>   CDf =  0.00282    CDp =  1.98496

 MRCHDU: Convergence failed at  16  side 2    Res =  0.8650E-03
 Side 1  free  transition at x/c =  0.5615   44
 Side 2  free  transition at x/c =  0.0151   15

 172   rms: 0.2057E+02   max: -.2830E+03   T at  105  2   RLX: 0.002
       a = -1.000      CL = -1.8051
      Cm =  0.4635     CD =  2.33248   =>   CDf =  0.00283    CDp =  2.32965

 MRCHDU: Convergence failed at  16  side 2    Res =  0.5921E-03
 Side 1  free  transition at x/c =  0.5615   44
 Side 2  free  transition at x/c =  0.0151   15

 173   rms: 0.1907E+02   max: -.3116E+03   T at  105  2   RLX: 0.002
       a = -1.000      CL = -1.8011
      Cm =  0.4626     CD =  2.86153   =>   CDf =  0.00283    CDp =  2.85870

 MRCHDU: Convergence failed at  16  side 2    Res =  0.5277E-03
 Side 1  free  transition at x/c =  0.5615   44
 Side 2  free  transition at x/c =  0.0151   15

 174   rms: 0.2139E+02   max: -.3288E+03   T at  105  2   RLX: 0.002
       a = -1.000      CL = -1.7977
      Cm =  0.4619     CD =  3.22750   =>   CDf =  0.00283    CDp =  3.22467

 MRCHDU: Convergence failed at  16  side 2    Res =  0.3858E-03
 Side 1  free  transition at x/c =  0.5614   44
 Side 2  free  transition at x/c =  0.0151   15

 175   rms: 0.2133E+02   max: -.2403E+03   T at   86  2   RLX: 0.002
       a = -1.000      CL = -1.7933
      Cm =  0.4610     CD =  3.93056   =>   CDf =  0.00283    CDp =  3.92773

 MRCHDU: Convergence failed at  16  side 2    Res =  0.9653E-04
 Side 1  free  transition at x/c =  0.5614   44
 Side 2  free  transition at x/c =  0.0151   15

 176   rms: 0.2614E+02   max: -.3763E+03   T at   86  2   RLX: 0.001
       a = -1.000      CL = -1.7905
      Cm =  0.4605     CD =  5.13231   =>   CDf =  0.00283    CDp =  5.12948

 Side 1  free  transition at x/c =  0.5613   44
 Side 2  free  transition at x/c =  0.0151   15

 177   rms: 0.4153E+02   max: 0.4921E+03   T at  105  2   RLX: 0.001
       a = -1.000      CL = -1.7881
      Cm =  0.4601     CD =  6.32289   =>   CDf =  0.00283    CDp =  6.32006

 Side 1  free  transition at x/c =  0.5613   44
 Side 2  free  transition at x/c =  0.0151   15

 178   rms: 0.6979E+02   max: 0.6777E+03   T at  105  2   RLX: 0.001
       a = -1.000      CL = -1.7860
      Cm =  0.4599     CD =  2.58052   =>   CDf =  0.00283    CDp =  2.57769

 Side 1  free  transition at x/c =  0.5612   44
 Side 2  free  transition at x/c =  0.0151   15

 179   rms: 0.6667E+02   max: -.7106E+03   T at  105  2   RLX: 0.001
       a = -1.000      CL = -1.7854
      Cm =  0.4600     CD =  2.38318   =>   CDf =  0.00283    CDp =  2.38035

 Side 1  free  transition at x/c =  0.5611   44
 Side 2  free  transition at x/c =  0.0151   15

 180   rms: 0.8792E+02   max: -.1239E+04   T at   85  2   RLX: 0.000
       a = -1.000      CL = -1.7857
      Cm =  0.4604     CD =  2.78065   =>   CDf =  0.00283    CDp =  2.77782

 Side 1  free  transition at x/c =  0.5611   44
 Side 2  free  transition at x/c =  0.0151   15

 181   rms: 0.2611E+03   max: -.5267E+04   T at   85  2   RLX: 0.000
       a = -1.000      CL = -1.7865
      Cm =  0.4608     CD =  2.94430   =>   CDf =  0.00283    CDp =  2.94147

 Side 1  free  transition at x/c =  0.5611   44
 Side 2  free  transition at x/c =  0.0151   15

 182   rms: 0.6756E+03   max: -.1298E+05   T at   85  2   RLX: 0.000
       a = -1.000      CL = -1.7876
      Cm =  0.4613     CD =  2.98054   =>   CDf =  0.00283    CDp =  2.97771

 Side 1  free  transition at x/c =  0.5610   44
 Side 2  free  transition at x/c =  0.0151   15

 183   rms: 0.4238E+03   max: -.5364E+04   T at   85  2   RLX: 0.000
       a = -1.000      CL = -1.7893
      Cm =  0.4622     CD =  3.02004   =>   CDf =  0.00283    CDp =  3.01721

 Side 1  free  transition at x/c =  0.5610   44
 Side 2  free  transition at x/c =  0.0151   15

 184   rms: 0.2990E+03   max: 0.3921E+04   T at   84  2   RLX: 0.000
       a = -1.000      CL = -1.7836
      Cm =  0.4596     CD =  3.15850   =>   CDf =  0.00283    CDp =  3.15567

 Side 1  free  transition at x/c =  0.5612   44
 Side 2  free  transition at x/c =  0.0151   15

 185   rms: 0.8987E+02   max: -.1142E+04   T at   85  2   RLX: 0.000
       a = -1.000      CL = -1.7857
      Cm =  0.4606     CD =  3.44758   =>   CDf =  0.00283    CDp =  3.44475

 Side 1  free  transition at x/c =  0.5611   44
 Side 2  free  transition at x/c =  0.0151   15

 186   rms: 0.1370E+03   max: -.2034E+04   T at   84  2   RLX: 0.000
       a = -1.000      CL = -1.7871
      Cm =  0.4613     CD =  3.81913   =>   CDf =  0.00283    CDp =  3.81630

 Side 1  free  transition at x/c =  0.5611   44
 Side 2  free  transition at x/c =  0.0151   15

 187   rms: 0.1021E+04   max: 0.1666E+05   T at   84  2   RLX: 0.000
       a = -1.000      CL = -1.7832
      Cm =  0.4594     CD =  3.94666   =>   CDf =  0.00283    CDp =  3.94383

 Side 1  free  transition at x/c =  0.5612   44
 Side 2  free  transition at x/c =  0.0151   15

 188   rms: 0.7924E+02   max: -.1131E+04   T at   84  2   RLX: 0.000
       a = -1.000      CL = -1.7846
      Cm =  0.4602     CD =  4.09847   =>   CDf =  0.00283    CDp =  4.09564

 Side 1  free  transition at x/c =  0.5612   44
 Side 2  free  transition at x/c =  0.0151   15

 189   rms: 0.2510E+03   max: -.4558E+04   T at   84  2   RLX: 0.000
       a = -1.000      CL = -1.7858
      Cm =  0.4608     CD =  4.37439   =>   CDf =  0.00283    CDp =  4.37156

 Side 1  free  transition at x/c =  0.5611   44
 Side 2  free  transition at x/c =  0.0151   15

 190   rms: 0.1108E+04   max: 0.2009E+05   T at   84  2   RLX: 0.000
       a = -1.000      CL = -1.7824
      Cm =  0.4591     CD =  4.44598   =>   CDf =  0.00283    CDp =  4.44315

 Side 1  free  transition at x/c =  0.5613   44
 Side 2  free  transition at x/c =  0.0151   15

 191   rms: 0.1270E+03   max: -.2299E+04   T at   84  2   RLX: 0.000
       a = -1.000      CL = -1.7837
      Cm =  0.4597     CD =  4.62209   =>   CDf =  0.00283    CDp =  4.61926

 Side 1  free  transition at x/c =  0.5612   44
 Side 2  free  transition at x/c =  0.0151   15

 192   rms: 0.6665E+03   max: -.1378E+05   T at   84  2   RLX: 0.000
       a = -1.000      CL = -1.7847
      Cm =  0.4602     CD =  4.81580   =>   CDf =  0.00283    CDp =  4.81296

 Side 1  free  transition at x/c =  0.5612   44
 Side 2  free  transition at x/c =  0.0151   15

 193   rms: 0.5678E+03   max: -.1027E+05   T at   84  2   RLX: 0.000
       a = -1.000      CL = -1.7858
      Cm =  0.4607     CD =  4.85469   =>   CDf =  0.00283    CDp =  4.85186

 Side 1  free  transition at x/c =  0.5612   44
 Side 2  free  transition at x/c =  0.0151   15

 194   rms: 0.3050E+03   max: -.3225E+04   T at   84  2   RLX: 0.000
       a = -1.000      CL = -1.7876
      Cm =  0.4617     CD =  4.92305   =>   CDf =  0.00283    CDp =  4.92022

 Side 1  free  transition at x/c =  0.5611   44
 Side 2  free  transition at x/c =  0.0151   15

 195   rms: 0.1829E+03   max: 0.2171E+04   T at   79  2   RLX: 0.001
       a = -1.000      CL = -1.7807
      Cm =  0.4587     CD =  5.16642   =>   CDf =  0.00283    CDp =  5.16358

 Side 1  free  transition at x/c =  0.5613   44
 Side 2  free  transition at x/c =  0.0151   15

 196   rms: 0.1001E+03   max: -.1029E+04   T at  104  2   RLX: 0.000
       a = -1.000      CL = -1.7827
      Cm =  0.4596     CD =  5.97738   =>   CDf =  0.00283    CDp =  5.97455

 Side 1  free  transition at x/c =  0.5613   44
 Side 2  free  transition at x/c =  0.0151   15

 197   rms: 0.1420E+03   max: -.1692E+04   T at   83  2   RLX: 0.000
       a = -1.000      CL = -1.7840
      Cm =  0.4603     CD =  6.69182   =>   CDf =  0.00283    CDp =  6.68899

 Side 1  free  transition at x/c =  0.5612   44
 Side 2  free  transition at x/c =  0.0151   15

 198   rms: 0.5863E+03   max: 0.7374E+04   T at   82  2   RLX: 0.000
       a = -1.000      CL = -1.7788
      Cm =  0.4579     CD =  7.05329   =>   CDf =  0.00283    CDp =  7.05046

 MRCHDU: Convergence failed at  16  side 2    Res =  0.4851E-03
 MRCHDU: Convergence failed at  79  side 2    Res =  0.5238E-02
 MRCHDU: Convergence failed at  80  side 2    Res =  0.6292E-03
 MRCHDU: Convergence failed at  81  side 2    Res =  0.3880E-03
 MRCHDU: Convergence failed at  82  side 2    Res =  0.2251E-03
 MRCHDU: Convergence failed at  83  side 2    Res =  0.1099E-03
 Side 1  free  transition at x/c =  0.5614   44
 Side 2  free  transition at x/c =  0.0151   15

 199   rms: 0.2054E+03   max: -.2549E+04   T at  104  2   RLX: 0.000
       a = -1.000      CL = -1.7798
      Cm =  0.4581     CD =  9.84606   =>   CDf =  0.00283    CDp =  9.84323

 MRCHDU: Convergence failed at  16  side 2    Res =  0.4975E-03
 Side 1  free  transition at x/c =  0.5614   44
 Side 2  free  transition at x/c =  0.0151   15

 200   rms: 0.1983E+03   max: -.1680E+04   T at  104  2   RLX: 0.000
       a = -1.000      CL = -1.7790
      Cm =  0.4579     CD = 12.50342   =>   CDf =  0.00283    CDp = 12.50059

 MRCHDU: Convergence failed at  16  side 2    Res =  0.5117E-03
 Side 1  free  transition at x/c =  0.5614   44
 Side 2  free  transition at x/c =  0.0151   15

 201   rms: 0.2371E+03   max: -.1649E+04   T at   83  2   RLX: 0.000
       a = -1.000      CL = -1.7783
      Cm =  0.4578     CD = 17.15580   =>   CDf =  0.00283    CDp = 17.15297

 MRCHDU: Convergence failed at  16  side 2    Res =  0.4853E-03
 Side 1  free  transition at x/c =  0.5615   44
 Side 2  free  transition at x/c =  0.0151   15

 202   rms: 0.3334E+03   max: -.5124E+04   T at   83  2   RLX: 0.000
       a = -1.000      CL = -1.7786
      Cm =  0.4580     CD = 22.57616   =>   CDf =  0.00283    CDp = 22.57333

 MRCHDU: Convergence failed at  16  side 2    Res =  0.3162E-03
 Side 1  free  transition at x/c =  0.5614   44
 Side 2  free  transition at x/c =  0.0151   15

 203   rms: 0.3001E+03   max: -.4962E+04   T at   83  2   RLX: 0.000
       a = -1.000      CL = -1.7794
      Cm =  0.4584     CD = 24.01174   =>   CDf =  0.00283    CDp = 24.00891

 Side 1  free  transition at x/c =  0.5614   44
 Side 2  free  transition at x/c =  0.0151   15

 204   rms: 0.4025E+03   max: -.7340E+04   T at   82  2   RLX: 0.000
       a = -1.000      CL = -1.7803
      Cm =  0.4589     CD = 24.56227   =>   CDf =  0.00283    CDp = 24.55943

 Side 1  free  transition at x/c =  0.5614   44
 Side 2  free  transition at x/c =  0.0151   15

 205   rms: 0.1445E+04   max: 0.2494E+05   T at   82  2   RLX: 0.000
       a = -1.000      CL = -1.7767
      Cm =  0.4572     CD = 24.83695   =>   CDf =  0.00283    CDp = 24.83412
 VISCAL:  Convergence failed
      9.000    4.3220  24.836948   0.001257   0.001357   0.000099    0.5614     #
 Calculating wake trajectory ...
 Calculating source influence matrix ...

 Solving BL system ...

 MRCHDU: Convergence failed at  16  side 2    Res =  0.8030E-03
 Side 1  free  transition at x/c =  0.5615   44
 Side 2  free  transition at x/c =  0.0151   15

   1   rms: 0.7560E+03   max: -.8575E+04   T at   83  2   RLX: 0.000
       a = -2.000      CL = -1.7774
      Cm =  0.4578     CD = 24.30758   =>   CDf =  0.00283    CDp = 24.30475

 MRCHDU: Convergence failed at  16  side 2    Res =  0.5785E-03
 Side 1  free  transition at x/c =  0.5615   44
 Side 2  free  transition at x/c =  0.0151   15

   2   rms: 0.8103E+03   max: -.1576E+05   T at   82  2   RLX: 0.000
       a = -2.000      CL = -1.7779
      Cm =  0.4581     CD = 28.77168   =>   CDf =  0.00283    CDp = 28.76885

 MRCHDU: Convergence failed at  16  side 2    Res =  0.3372E-03
 Side 1  free  transition at x/c =  0.5615   44
 Side 2  free  transition at x/c =  0.0151   15

   3   rms: 0.3576E+03   max: -.6584E+04   T at   82  2   RLX: 0.000
       a = -2.000      CL = -1.7788
      Cm =  0.4586     CD = 29.60586   =>   CDf =  0.00283    CDp = 29.60302

 Side 1  free  transition at x/c =  0.5614   44
 Side 2  free  transition at x/c =  0.0151   15

   4   rms: 0.2327E+03   max: -.3546E+04   T at   81  2   RLX: 0.000
       a = -2.000      CL = -1.7798
      Cm =  0.4591     CD = 30.01950   =>   CDf =  0.00283    CDp = 30.01667

 Side 1  free  transition at x/c =  0.5614   44
 Side 2  free  transition at x/c =  0.0151   15

   5   rms: 0.2670E+04   max: 0.5211E+05   T at   81  2   RLX: 0.000
       a = -2.000      CL = -1.7767
      Cm =  0.4576     CD = 30.80755   =>   CDf =  0.00283    CDp = 30.80472

 MRCHDU: Convergence failed at  16  side 2    Res =  0.6285E-03
 Side 1  free  transition at x/c =  0.5615   44
 Side 2  free  transition at x/c =  0.0151   15

   6   rms: 0.1617E+03   max: -.1857E+04   T at  103  2   RLX: 0.000
       a = -2.000      CL = -1.7785
      Cm =  0.4585     CD = 31.13406   =>   CDf =  0.00283    CDp = 31.13123

 MRCHDU: Convergence failed at  16  side 2    Res =  0.1157E-03
 Side 1  free  transition at x/c =  0.5615   44
 Side 2  free  transition at x/c =  0.0151   15

   7   rms: 0.2652E+03   max: -.5200E+04   T at   81  2   RLX: 0.000
       a = -2.000      CL = -1.7794
      Cm =  0.4589     CD = 33.53373   =>   CDf =  0.00283    CDp = 33.53090

 Side 1  free  transition at x/c =  0.5614   44
 Side 2  free  transition at x/c =  0.0151   15

   8   rms: 0.9455E+03   max: 0.1960E+05   T at   81  2   RLX: 0.000
       a = -2.000      CL = -1.7762
      Cm =  0.4574     CD = 34.02284   =>   CDf =  0.00283    CDp = 34.02000

 MRCHDU: Convergence failed at  16  side 2    Res =  0.7866E-03
 Side 1  free  transition at x/c =  0.5616   44
 Side 2  free  transition at x/c =  0.0151   15

   9   rms: 0.1963E+03   max: -.3078E+04   T at   81  2   RLX: 0.000
       a = -2.000      CL = -1.7778
      Cm =  0.4581     CD = 34.55230   =>   CDf =  0.00283    CDp = 34.54946

 MRCHDU: Convergence failed at  16  side 2    Res =  0.4323E-03
 Side 1  free  transition at x/c =  0.5615   44
 Side 2  free  transition at x/c =  0.0151   15

  10   rms: 0.1249E+04   max: -.2788E+05   T at   81  2   RLX: 0.000
       a = -2.000      CL = -1.7786
      Cm =  0.4585     CD = 36.61092   =>   CDf =  0.00283    CDp = 36.60808

 MRCHDU: Convergence failed at  16  side 2    Res =  0.1303E-03
 Side 1  free  transition at x/c =  0.5615   44
 Side 2  free  transition at x/c =  0.0151   15

  11   rms: 0.1149E+04   max: -.2347E+05   T at   81  2   RLX: 0.000
       a = -2.000      CL = -1.7796
      Cm =  0.4589     CD = 36.70101   =>   CDf =  0.00283    CDp = 36.69817

 Side 1  free  transition at x/c =  0.5615   44
 Side 2  free  transition at x/c =  0.0151   15

  12   rms: 0.3516E+03   max: -.5126E+04   T at   80  2   RLX: 0.000
       a = -2.000      CL = -1.7811
      Cm =  0.4597     CD = 36.55139   =>   CDf =  0.00283    CDp = 36.54856

 Side 1  free  transition at x/c =  0.5614   44
 Side 2  free  transition at x/c =  0.0151   15

  13   rms: 0.2532E+03   max: 0.4931E+04   T at   80  2   RLX: 0.000
       a = -2.000      CL = -1.7771
      Cm =  0.4579     CD = 36.64707   =>   CDf =  0.00283    CDp = 36.64424

 MRCHDU: Convergence failed at  16  side 2    Res =  0.4338E-03
 Side 1  free  transition at x/c =  0.5615   44
 Side 2  free  transition at x/c =  0.0151   15

  14   rms: 0.1170E+03   max: -.1465E+04   T at   80  2   RLX: 0.000
       a = -2.000      CL = -1.7791
      Cm =  0.4589     CD = 38.01472   =>   CDf =  0.00284    CDp = 38.01189

 Side 1  free  transition at x/c =  0.5615   44
 Side 2  free  transition at x/c =  0.0151   15

  15   rms: 0.7378E+03   max: -.1463E+05   T at   80  2   RLX: 0.000
       a = -2.000      CL = -1.7804
      Cm =  0.4595     CD = 40.80604   =>   CDf =  0.00284    CDp = 40.80321

 Side 1  free  transition at x/c =  0.5614   44
 Side 2  free  transition at x/c =  0.0151   15

  16   rms: 0.1581E+03   max: 0.3225E+04   T at   80  2   RLX: 0.000
       a = -2.000      CL = -1.7763
      Cm =  0.4578     CD = 39.88837   =>   CDf =  0.00284    CDp = 39.88554

 MRCHDU: Convergence failed at  16  side 2    Res =  0.4149E-03
 Side 1  free  transition at x/c =  0.5616   44
 Side 2  free  transition at x/c =  0.0151   15

  17   rms: 0.1591E+03   max: -.2910E+04   T at   80  2   RLX: 0.000
       a = -2.000      CL = -1.7780
      Cm =  0.4585     CD = 43.30137   =>   CDf =  0.00284    CDp = 43.29854

 Side 1  free  transition at x/c =  0.5615   44
 Side 2  free  transition at x/c =  0.0151   15

  18   rms: 0.3306E+03   max: 0.7265E+04   T at   80  2   RLX: 0.000
       a = -2.000      CL = -1.7744
      Cm =  0.4569     CD = 44.54569   =>   CDf =  0.00284    CDp = 44.54285

 MRCHDU: Convergence failed at  16  side 2    Res =  0.9854E-03
 Side 1  free  transition at x/c =  0.5617   44
 Side 2  free  transition at x/c =  0.0151   15

  19   rms: 0.9426E+03   max: 0.1035E+05   T at  104  2   RLX: 0.000
       a = -2.000      CL = -1.7753
      Cm =  0.4572     CD = 80.29704   =>   CDf =  0.00284    CDp = 80.29420

 MRCHDU: Convergence failed at  16  side 2    Res =  0.8896E-03
 Side 1  free  transition at x/c =  0.5616   44
 Side 2  free  transition at x/c =  0.0151   15

  20   rms: 0.4068E+04   max: 0.3767E+05   C at  106  2   RLX: 0.000
       a = -2.000      CL = -1.7751
      Cm =  0.4572     CD = 20.39553   =>   CDf =  0.00284    CDp = 20.39270

 MRCHDU: Convergence failed at  16  side 2    Res =  0.9166E-03
 Side 1  free  transition at x/c =  0.5616   44
 Side 2  free  transition at x/c =  0.0151   15

  21   rms: 0.7646E+03   max: 0.1126E+05   T at  104  2   RLX: 0.000
       a = -2.000      CL = -1.7752
      Cm =  0.4573     CD = 20.12599   =>   CDf =  0.00284    CDp = 20.12315

 MRCHDU: Convergence failed at  16  side 2    Res =  0.7677E-03
 Side 1  free  transition at x/c =  0.5616   44
 Side 2  free  transition at x/c =  0.0151   15

  22   rms: 0.2092E+03   max: -.3494E+04   T at   80  2   RLX: 0.000
       a = -2.000      CL = -1.7762
      Cm =  0.4579     CD = 19.75138   =>   CDf =  0.00284    CDp = 19.74855

 MRCHDU: Convergence failed at  16  side 2    Res =  0.3140E-03
 Side 1  free  transition at x/c =  0.5616   44
 Side 2  free  transition at x/c =  0.0151   15

  23   rms: 0.5044E+03   max: 0.1126E+05   T at   80  2   RLX: 0.000
       a = -2.000      CL = -1.7729
      Cm =  0.4564     CD = 20.48842   =>   CDf =  0.00284    CDp = 20.48558

 MRCHDU: Convergence failed at  16  side 2    Res =  0.1316E-02
 Side 1  free  transition at x/c =  0.5617   44
 Side 2  free  transition at x/c =  0.0151   15

  24   rms: 0.1687E+03   max: -.2223E+04   T at  103  2   RLX: 0.000
       a = -2.000      CL = -1.7745
      Cm =  0.4571     CD = 21.48089   =>   CDf =  0.00284    CDp = 21.47806

 MRCHDU: Convergence failed at  16  side 2    Res =  0.8994E-03
 Side 1  free  transition at x/c =  0.5617   44
 Side 2  free  transition at x/c =  0.0151   15

  25   rms: 0.4085E+03   max: -.8524E+04   T at   80  2   RLX: 0.000
       a = -2.000      CL = -1.7754
      Cm =  0.4575     CD = 24.22016   =>   CDf =  0.00284    CDp = 24.21732

 MRCHDU: Convergence failed at  16  side 2    Res =  0.5263E-03
 Side 1  free  transition at x/c =  0.5616   44
 Side 2  free  transition at x/c =  0.0151   15

  26   rms: 0.2929E+03   max: 0.6443E+04   T at   80  2   RLX: 0.000
       a = -2.000      CL = -1.7721
      Cm =  0.4561     CD = 24.70334   =>   CDf =  0.00284    CDp = 24.70050

 MRCHDU: Convergence failed at  16  side 2    Res =  0.1459E-02
 Side 1  free  transition at x/c =  0.5617   44
 Side 2  free  transition at x/c =  0.0151   15

  27   rms: 0.2855E+03   max: -.4064E+04   T at   80  2   RLX: 0.000
       a = -2.000      CL = -1.7738
      Cm =  0.4568     CD = 26.78939   =>   CDf =  0.00284    CDp = 26.78656

 MRCHDU: Convergence failed at  16  side 2    Res =  0.1069E-02
 Side 1  free  transition at x/c =  0.5617   44
 Side 2  free  transition at x/c =  0.0151   15

  28   rms: 0.4311E+03   max: 0.9788E+04   T at   80  2   RLX: 0.000
       a = -2.000      CL = -1.7706
      Cm =  0.4554     CD = 29.25492   =>   CDf =  0.00284    CDp = 29.25208

 MRCHDU: Convergence failed at  16  side 2    Res =  0.2003E-02
 Side 1  free  transition at x/c =  0.5618   44
 Side 2  free  transition at x/c =  0.0151   15

  29   rms: 0.1777E+03   max: 0.2878E+04   T at  105  2   RLX: 0.000
       a = -2.000      CL = -1.7725
      Cm =  0.4562     CD = 29.11115   =>   CDf =  0.00284    CDp = 29.10831

 MRCHDU: Convergence failed at  16  side 2    Res =  0.1517E-02
 Side 1  free  transition at x/c =  0.5618   44
 Side 2  free  transition at x/c =  0.0151   15

  30   rms: 0.6868E+03   max: 0.1518E+05   T at   80  2   RLX: 0.000
       a = -2.000      CL = -1.7695
      Cm =  0.4548     CD = 32.20198   =>   CDf =  0.00284    CDp = 32.19914

 MRCHDU: Convergence failed at  16  side 2    Res =  0.2454E-02
 Side 1  free  transition at x/c =  0.5619   44
 Side 2  free  transition at x/c =  0.0151   15

  31   rms: 0.1285E+03   max: 0.1983E+04   T at  105  2   RLX: 0.000
       a = -2.000      CL = -1.7714
      Cm =  0.4557     CD = 28.55309   =>   CDf =  0.00284    CDp = 28.55026

 MRCHDU: Convergence failed at  16  side 2    Res =  0.1862E-02
 Side 1  free  transition at x/c =  0.5618   44
 Side 2  free  transition at x/c =  0.0151   15

  32   rms: 0.1499E+04   max: 0.2086E+05   T at   80  2   RLX: 0.000
       a = -2.000      CL = -1.7687
      Cm =  0.4544     CD = 30.56762   =>   CDf =  0.00284    CDp = 30.56479

 MRCHDU: Convergence failed at  16  side 2    Res =  0.2753E-02
 Side 1  free  transition at x/c =  0.5619   44
 Side 2  free  transition at x/c =  0.0151   15

  33   rms: 0.9676E+02   max: 0.1191E+04   T at  105  2   RLX: 0.001
       a = -2.000      CL = -1.7706
      Cm =  0.4554     CD = 24.26791   =>   CDf =  0.00284    CDp = 24.26507

 MRCHDU: Convergence failed at  16  side 2    Res =  0.2039E-02
 Side 1  free  transition at x/c =  0.5619   44
 Side 2  free  transition at x/c =  0.0151   15

  34   rms: 0.3047E+03   max: -.5664E+04   T at   80  2   RLX: 0.000
       a = -2.000      CL = -1.7717
      Cm =  0.4559     CD = 27.09708   =>   CDf =  0.00284    CDp = 27.09424

 MRCHDU: Convergence failed at  16  side 2    Res =  0.1638E-02
 Side 1  free  transition at x/c =  0.5619   44
 Side 2  free  transition at x/c =  0.0151   15

  35   rms: 0.2666E+03   max: 0.5977E+04   T at   80  2   RLX: 0.000
       a = -2.000      CL = -1.7686
      Cm =  0.4546     CD = 28.68582   =>   CDf =  0.00284    CDp = 28.68298

 MRCHDU: Convergence failed at  16  side 2    Res =  0.2466E-02
 Side 1  free  transition at x/c =  0.5619   44
 Side 2  free  transition at x/c =  0.0151   15

  36   rms: 0.1642E+03   max: -.2638E+04   T at   80  2   RLX: 0.000
       a = -2.000      CL = -1.7705
      Cm =  0.4554     CD = 26.23714   =>   CDf =  0.00284    CDp = 26.23430

 MRCHDU: Convergence failed at  16  side 2    Res =  0.1980E-02
 Side 1  free  transition at x/c =  0.5619   44
 Side 2  free  transition at x/c =  0.0151   15

  37   rms: 0.3055E+03   max: 0.6159E+04   T at   80  2   RLX: 0.000
       a = -2.000      CL = -1.7673
      Cm =  0.4540     CD = 26.58791   =>   CDf =  0.00284    CDp = 26.58507

 MRCHDU: Convergence failed at  16  side 2    Res =  0.2823E-02
 Side 1  free  transition at x/c =  0.5620   44
 Side 2  free  transition at x/c =  0.0151   15

  38   rms: 0.1181E+03   max: -.1615E+04   T at   80  2   RLX: 0.000
       a = -2.000      CL = -1.7693
      Cm =  0.4549     CD = 24.54056   =>   CDf =  0.00284    CDp = 24.53772

 MRCHDU: Convergence failed at  16  side 2    Res =  0.2240E-02
 Side 1  free  transition at x/c =  0.5620   44
 Side 2  free  transition at x/c =  0.0151   15

  39   rms: 0.1767E+04   max: 0.3778E+05   T at   80  2   RLX: 0.000
       a = -2.000      CL = -1.7669
      Cm =  0.4538     CD = 25.97267   =>   CDf =  0.00284    CDp = 25.96983

 MRCHDU: Convergence failed at  16  side 2    Res =  0.3034E-02
 Side 1  free  transition at x/c =  0.5621   44
 Side 2  free  transition at x/c =  0.0151   15

  40   rms: 0.1215E+03   max: -.1586E+04   T at   80  2   RLX: 0.000
       a = -2.000      CL = -1.7689
      Cm =  0.4547     CD = 25.46661   =>   CDf =  0.00284    CDp = 25.46377

 MRCHDU: Convergence failed at  16  side 2    Res =  0.2419E-02
 Side 1  free  transition at x/c =  0.5620   44
 Side 2  free  transition at x/c =  0.0151   15

  41   rms: 0.9311E+05   max: -.2056E+07   T at   80  2   RLX: 0.000
       a = -2.000      CL = -1.7692
      Cm =  0.4548     CD = 27.03095   =>   CDf =  0.00284    CDp = 27.02811

 MRCHDU: Convergence failed at  16  side 2    Res =  0.2353E-02
 Side 1  free  transition at x/c =  0.5620   44
 Side 2  free  transition at x/c =  0.0151   15

  42   rms: 0.1066E+04   max: 0.2406E+05   T at   80  2   RLX: 0.000
       a = -2.000      CL = -1.7660
      Cm =  0.4533     CD = 27.05166   =>   CDf =  0.00284    CDp = 27.04882

 MRCHDU: Convergence failed at  16  side 2    Res =  0.3404E-02
 Side 1  free  transition at x/c =  0.5621   44
 Side 2  free  transition at x/c =  0.0152   15

  43   rms: 0.1458E+03   max: -.2782E+04   T at  102  2   RLX: 0.000
       a = -2.000      CL = -1.7681
      Cm =  0.4541     CD = 26.98225   =>   CDf =  0.00284    CDp = 26.97941

 MRCHDU: Convergence failed at  16  side 2    Res =  0.3049E-02
 Side 1  free  transition at x/c =  0.5621   44
 Side 2  free  transition at x/c =  0.0152   15

  44   rms: 0.1916E+03   max: -.3409E+04   T at  102  2   RLX: 0.000
       a = -2.000      CL = -1.7689
      Cm =  0.4545     CD = 27.84873   =>   CDf =  0.00284    CDp = 27.84589

 MRCHDU: Convergence failed at  16  side 2    Res =  0.2648E-02
 Side 1  free  transition at x/c =  0.5621   44
 Side 2  free  transition at x/c =  0.0151   15

  45   rms: 0.1478E+04   max: -.3255E+05   T at   80  2   RLX: 0.000
       a = -2.000      CL = -1.7699
      Cm =  0.4550     CD = 28.76200   =>   CDf =  0.00284    CDp = 28.75915

 MRCHDU: Convergence failed at  16  side 2    Res =  0.2268E-02
 Side 1  free  transition at x/c =  0.5621   44
 Side 2  free  transition at x/c =  0.0151   15

  46   rms: 0.1991E+03   max: 0.4488E+04   T at   80  2   RLX: 0.000
       a = -2.000      CL = -1.7672
      Cm =  0.4539     CD = 28.93463   =>   CDf =  0.00284    CDp = 28.93179

 MRCHDU: Convergence failed at  16  side 2    Res =  0.2950E-02
 Side 1  free  transition at x/c =  0.5621   44
 Side 2  free  transition at x/c =  0.0151   15

  47   rms: 0.3850E+03   max: -.8114E+04   T at   80  2   RLX: 0.000
       a = -2.000      CL = -1.7690
      Cm =  0.4546     CD = 30.02147   =>   CDf =  0.00284    CDp = 30.01863

 MRCHDU: Convergence failed at  16  side 2    Res =  0.2540E-02
 Side 1  free  transition at x/c =  0.5621   44
 Side 2  free  transition at x/c =  0.0151   15

  48   rms: 0.1583E+03   max: 0.3587E+04   T at   80  2   RLX: 0.000
       a = -2.000      CL = -1.7653
      Cm =  0.4531     CD = 30.86954   =>   CDf =  0.00284    CDp = 30.86670

 MRCHDU: Convergence failed at  16  side 2    Res =  0.3408E-02
 Side 1  free  transition at x/c =  0.5622   44
 Side 2  free  transition at x/c =  0.0152   15

  49   rms: 0.1351E+03   max: -.2415E+04   T at   80  2   RLX: 0.000
       a = -2.000      CL = -1.7674
      Cm =  0.4540     CD = 33.66322   =>   CDf =  0.00284    CDp = 33.66038

 MRCHDU: Convergence failed at  16  side 2    Res =  0.2921E-02
 Side 1  free  transition at x/c =  0.5621   44
 Side 2  free  transition at x/c =  0.0151   15

  50   rms: 0.1529E+03   max: 0.3252E+04   T at   80  2   RLX: 0.000
       a = -2.000      CL = -1.7635
      Cm =  0.4524     CD = 36.12667   =>   CDf =  0.00284    CDp = 36.12383

 MRCHDU: Convergence failed at  16  side 2    Res =  0.3860E-02
 Side 1  free  transition at x/c =  0.5622   44
 Side 2  free  transition at x/c =  0.0152   15

  51   rms: 0.1004E+03   max: -.1511E+04   T at  105  2   RLX: 0.000
       a = -2.000      CL = -1.7655
      Cm =  0.4532     CD = 35.87590   =>   CDf =  0.00284    CDp = 35.87306

 MRCHDU: Convergence failed at  16  side 2    Res =  0.3450E-02
 Side 1  free  transition at x/c =  0.5622   44
 Side 2  free  transition at x/c =  0.0152   15

  52   rms: 0.5752E+03   max: -.1205E+05   T at   80  2   RLX: 0.000
       a = -2.000      CL = -1.7666
      Cm =  0.4537     CD = 38.72915   =>   CDf =  0.00284    CDp = 38.72631

 MRCHDU: Convergence failed at  16  side 2    Res =  0.3029E-02
 Side 1  free  transition at x/c =  0.5622   44
 Side 2  free  transition at x/c =  0.0152   15

  53   rms: 0.1539E+03   max: -.2763E+04   T at  105  2   RLX: 0.000
       a = -2.000      CL = -1.7654
      Cm =  0.4532     CD = 39.80947   =>   CDf =  0.00284    CDp = 39.80663

 MRCHDU: Convergence failed at  16  side 2    Res =  0.3274E-02
 Side 1  free  transition at x/c =  0.5622   44
 Side 2  free  transition at x/c =  0.0152   15

  54   rms: 0.2193E+03   max: -.4066E+04   T at  105  2   RLX: 0.000
       a = -2.000      CL = -1.7645
      Cm =  0.4528     CD = 41.52686   =>   CDf =  0.00284    CDp = 41.52401

 MRCHDU: Convergence failed at  16  side 2    Res =  0.3548E-02
 Side 1  free  transition at x/c =  0.5622   44
 Side 2  free  transition at x/c =  0.0152   15

  55   rms: 0.1190E+04   max: -.2523E+05   T at   80  2   RLX: 0.000
       a = -2.000      CL = -1.7660
      Cm =  0.4535     CD = 42.61511   =>   CDf =  0.00284    CDp = 42.61227

 MRCHDU: Convergence failed at  16  side 2    Res =  0.3127E-02
 Side 1  free  transition at x/c =  0.5622   44
 Side 2  free  transition at x/c =  0.0152   15

  56   rms: 0.1952E+03   max: -.3583E+04   T at  105  2   RLX: 0.000
       a = -2.000      CL = -1.7649
      Cm =  0.4530     CD = 42.76234   =>   CDf =  0.00284    CDp = 42.75950

 MRCHDU: Convergence failed at  16  side 2    Res =  0.3360E-02
 Side 1  free  transition at x/c =  0.5622   44
 Side 2  free  transition at x/c =  0.0152   15

  57   rms: 0.2091E+03   max: 0.3942E+04   T at   80  2   RLX: 0.000
       a = -2.000      CL = -1.7627
      Cm =  0.4521     CD = 43.80624   =>   CDf =  0.00284    CDp = 43.80339

 MRCHDU: Convergence failed at  16  side 2    Res =  0.3995E-02
 Side 1  free  transition at x/c =  0.5622   44
 Side 2  free  transition at x/c =  0.0152   15

  58   rms: 0.1982E+03   max: -.3679E+04   T at  104  2   RLX: 0.000
       a = -2.000      CL = -1.7643
      Cm =  0.4527     CD = 47.54767   =>   CDf =  0.00284    CDp = 47.54482

 MRCHDU: Convergence failed at  16  side 2    Res =  0.3662E-02
 Side 1  free  transition at x/c =  0.5622   44
 Side 2  free  transition at x/c =  0.0152   15

  59   rms: 0.8875E+03   max: 0.1918E+05   T at   80  2   RLX: 0.000
       a = -2.000      CL = -1.7605
      Cm =  0.4510     CD = 49.46961   =>   CDf =  0.00284    CDp = 49.46677

 MRCHDU: Convergence failed at  16  side 2    Res =  0.4839E-02
 Side 1  free  transition at x/c =  0.5623   44
 Side 2  free  transition at x/c =  0.0152   15

  60   rms: 0.2329E+03   max: -.5298E+04   T at  104  2   RLX: 0.000
       a = -2.000      CL = -1.7638
      Cm =  0.4519     CD = 50.82646   =>   CDf =  0.00284    CDp = 50.82362

 MRCHDU: Convergence failed at  16  side 2    Res =  0.4742E-02
 Side 1  free  transition at x/c =  0.5623   44
 Side 2  free  transition at x/c =  0.0152   15

  61   rms: 0.2059E+03   max: 0.3846E+04   T at  103  2   RLX: 0.000
       a = -2.000      CL = -1.7638
      Cm =  0.4520     CD = 52.63767   =>   CDf =  0.00284    CDp = 52.63483

 MRCHDU: Convergence failed at  16  side 2    Res =  0.4586E-02
 Side 1  free  transition at x/c =  0.5623   44
 Side 2  free  transition at x/c =  0.0152   15

  62   rms: 0.2178E+03   max: 0.5388E+04   T at  103  2   RLX: 0.000
       a = -2.000      CL = -1.7641
      Cm =  0.4523     CD = 56.06845   =>   CDf =  0.00284    CDp = 56.06561

 MRCHDU: Convergence failed at  16  side 2    Res =  0.4233E-02
 Side 1  free  transition at x/c =  0.5623   44
 Side 2  free  transition at x/c =  0.0152   15

  63   rms: 0.2281E+03   max: 0.5269E+04   T at  103  2   RLX: 0.000
       a = -2.000      CL = -1.7651
      Cm =  0.4529     CD = 59.88160   =>   CDf =  0.00284    CDp = 59.87876

 MRCHDU: Convergence failed at  16  side 2    Res =  0.3627E-02
 Side 1  free  transition at x/c =  0.5623   44
 Side 2  free  transition at x/c =  0.0152   15

  64   rms: 0.2716E+03   max: 0.5611E+04   T at   80  2   RLX: 0.000
       a = -2.000      CL = -1.7616
      Cm =  0.4513     CD = 62.95593   =>   CDf =  0.00284    CDp = 62.95309

 MRCHDU: Convergence failed at  16  side 2    Res =  0.4665E-02
 Side 1  free  transition at x/c =  0.5624   44
 Side 2  free  transition at x/c =  0.0152   15

  65   rms: 0.1726E+03   max: -.2892E+04   T at  101  2   RLX: 0.000
       a = -2.000      CL = -1.7649
      Cm =  0.4524     CD = 66.16009   =>   CDf =  0.00284    CDp = 66.15725

 MRCHDU: Convergence failed at  16  side 2    Res =  0.4269E-02
 Side 1  free  transition at x/c =  0.5624   44
 Side 2  free  transition at x/c =  0.0152   15

  66   rms: 0.3078E+03   max: -.4876E+04   T at  101  2   RLX: 0.000
       a = -2.000      CL = -1.7663
      Cm =  0.4530     CD = 67.97355   =>   CDf =  0.00284    CDp = 67.97070

 MRCHDU: Convergence failed at  16  side 2    Res =  0.3719E-02
 Side 1  free  transition at x/c =  0.5623   44
 Side 2  free  transition at x/c =  0.0152   15

  67   rms: 0.3449E+03   max: 0.6693E+04   T at   80  2   RLX: 0.000
       a = -2.000      CL = -1.7650
      Cm =  0.4524     CD = 69.36818   =>   CDf =  0.00284    CDp = 69.36534

 MRCHDU: Convergence failed at  16  side 2    Res =  0.4170E-02
 Side 1  free  transition at x/c =  0.5624   44
 Side 2  free  transition at x/c =  0.0152   15

  68   rms: 0.4375E+03   max: -.8072E+04   T at   80  2   RLX: 0.000
       a = -2.000      CL = -1.7669
      Cm =  0.4532     CD = 70.53620   =>   CDf =  0.00284    CDp = 70.53336

 MRCHDU: Convergence failed at  16  side 2    Res =  0.3667E-02
 Side 1  free  transition at x/c =  0.5623   44
 Side 2  free  transition at x/c =  0.0152   15

  69   rms: 0.2105E+03   max: 0.3423E+04   T at   80  2   RLX: 0.000
       a = -2.000      CL = -1.7656
      Cm =  0.4526     CD = 72.58231   =>   CDf =  0.00284    CDp = 72.57946

 MRCHDU: Convergence failed at  16  side 2    Res =  0.4031E-02
 Side 1  free  transition at x/c =  0.5624   44
 Side 2  free  transition at x/c =  0.0152   15

  70   rms: 0.3779E+03   max: 0.8116E+04   T at   80  2   RLX: 0.000
       a = -2.000      CL = -1.7620
      Cm =  0.4510     CD = 78.94878   =>   CDf =  0.00284    CDp = 78.94593

 MRCHDU: Convergence failed at  16  side 2    Res =  0.5202E-02
 Side 1  free  transition at x/c =  0.5625   44
 Side 2  free  transition at x/c =  0.0152   15

  71   rms: 0.1703E+03   max: -.3578E+04   T at  103  2   RLX: 0.000
       a = -2.000      CL = -1.7660
      Cm =  0.4521     CD = 77.08815   =>   CDf =  0.00284    CDp = 77.08530

 MRCHDU: Convergence failed at  16  side 2    Res =  0.5077E-02
 Side 1  free  transition at x/c =  0.5625   44
 Side 2  free  transition at x/c =  0.0152   15

  72   rms: 0.2584E+03   max: -.6539E+04   T at  103  2   RLX: 0.000
       a = -2.000      CL = -1.7660
      Cm =  0.4521     CD = 78.49020   =>   CDf =  0.00284    CDp = 78.48736

 MRCHDU: Convergence failed at  16  side 2    Res =  0.5002E-02
 Side 1  free  transition at x/c =  0.5625   44
 Side 2  free  transition at x/c =  0.0152   15

  73   rms: 0.3567E+03   max: -.9446E+04   T at  103  2   RLX: 0.000
       a = -2.000      CL = -1.7660
      Cm =  0.4522     CD = 80.03134   =>   CDf =  0.00284    CDp = 80.02850

 MRCHDU: Convergence failed at  16  side 2    Res =  0.4948E-02
 Side 1  free  transition at x/c =  0.5625   44
 Side 2  free  transition at x/c =  0.0152   15

  74   rms: 0.3349E+03   max: -.8764E+04   T at  103  2   RLX: 0.000
       a = -2.000      CL = -1.7660
      Cm =  0.4522     CD = 80.65603   =>   CDf =  0.00284    CDp = 80.65318

 MRCHDU: Convergence failed at  16  side 2    Res =  0.4889E-02
 Side 1  free  transition at x/c =  0.5625   44
 Side 2  free  transition at x/c =  0.0152   15

  75   rms: 0.2167E+03   max: -.5072E+04   T at  103  2   RLX: 0.000
       a = -2.000      CL = -1.7660
      Cm =  0.4523     CD = 80.90023   =>   CDf =  0.00284    CDp = 80.89738

 MRCHDU: Convergence failed at  16  side 2    Res =  0.4785E-02
 Side 1  free  transition at x/c =  0.5625   44
 Side 2  free  transition at x/c =  0.0152   15

  76   rms: 0.1274E+03   max: -.1746E+04   T at  103  2   RLX: 0.000
       a = -2.000      CL = -1.7663
      Cm =  0.4525     CD = 81.28168   =>   CDf =  0.00284    CDp = 81.27884

 MRCHDU: Convergence failed at  16  side 2    Res =  0.4412E-02
 Side 1  free  transition at x/c =  0.5624   44
 Side 2  free  transition at x/c =  0.0152   15

  77   rms: 0.1814E+03   max: 0.2686E+04   T at  104  2   RLX: 0.000
       a = -2.000      CL = -1.7674
      Cm =  0.4531     CD = 98.95689   =>   CDf =  0.00284    CDp = 98.95404

 MRCHDU: Convergence failed at  16  side 2    Res =  0.3849E-02
 Side 1  free  transition at x/c =  0.5624   44
 Side 2  free  transition at x/c =  0.0152   15

  78   rms: 0.2222E+03   max: 0.4714E+04   T at  104  2   RLX: 0.000
       a = -2.000      CL = -1.7652
      Cm =  0.4522     CD =101.75787   =>   CDf =  0.00284    CDp =101.75503

 MRCHDU: Convergence failed at  16  side 2    Res =  0.4430E-02
 Side 1  free  transition at x/c =  0.5625   44
 Side 2  free  transition at x/c =  0.0152   15

  79   rms: 0.5312E+03   max: 0.1242E+05   T at  104  2   RLX: 0.000
       a = -2.000      CL = -1.7676
      Cm =  0.4531     CD =108.84252   =>   CDf =  0.00285    CDp =108.83967

 MRCHDU: Convergence failed at  16  side 2    Res =  0.3887E-02
 Side 1  free  transition at x/c =  0.5624   44
 Side 2  free  transition at x/c =  0.0152   15

  80   rms: 0.4044E+03   max: 0.1005E+05   T at  104  2   RLX: 0.000
       a = -2.000      CL = -1.7667
      Cm =  0.4526     CD =111.37191   =>   CDf =  0.00285    CDp =111.36907

 MRCHDU: Convergence failed at  16  side 2    Res =  0.4195E-02
 Side 1  free  transition at x/c =  0.5625   44
 Side 2  free  transition at x/c =  0.0152   15

  81   rms: 0.4361E+03   max: 0.8674E+04   T at   80  2   RLX: 0.000
       a = -2.000      CL = -1.7631
      Cm =  0.4510     CD =114.65830   =>   CDf =  0.00285    CDp =114.65545

 MRCHDU: Convergence failed at  16  side 2    Res =  0.5346E-02
 Side 1  free  transition at x/c =  0.5626   44
 Side 2  free  transition at x/c =  0.0152   15

  82   rms: 0.2585E+03   max: 0.4639E+04   T at  102  2   RLX: 0.000
       a = -2.000      CL = -1.7681
      Cm =  0.4525     CD =118.36092   =>   CDf =  0.00285    CDp =118.35807

 MRCHDU: Convergence failed at  16  side 2    Res =  0.4999E-02
 Side 1  free  transition at x/c =  0.5626   44
 Side 2  free  transition at x/c =  0.0152   15

  83   rms: 0.3665E+03   max: 0.6932E+04   T at  102  2   RLX: 0.000
       a = -2.000      CL = -1.7691
      Cm =  0.4529     CD =122.71254   =>   CDf =  0.00285    CDp =122.70970

 MRCHDU: Convergence failed at  16  side 2    Res =  0.4645E-02
 Side 1  free  transition at x/c =  0.5626   44
 Side 2  free  transition at x/c =  0.0152   15

  84   rms: 0.4820E+03   max: -.8769E+04   T at  100  2   RLX: 0.000
       a = -2.000      CL = -1.7704
      Cm =  0.4534     CD =124.64055   =>   CDf =  0.00285    CDp =124.63770

 MRCHDU: Convergence failed at  16  side 2    Res =  0.4188E-02
 Side 1  free  transition at x/c =  0.5626   44
 Side 2  free  transition at x/c =  0.0152   15

  85   rms: 0.4742E+03   max: 0.5625E+04   T at   80  2   RLX: 0.000
       a = -2.000      CL = -1.7688
      Cm =  0.4527     CD =128.37765   =>   CDf =  0.00285    CDp =128.37480

 MRCHDU: Convergence failed at  16  side 2    Res =  0.4690E-02
 Side 1  free  transition at x/c =  0.5626   44
 Side 2  free  transition at x/c =  0.0152   15

  86   rms: 0.3936E+03   max: -.7349E+04   T at  100  2   RLX: 0.000
       a = -2.000      CL = -1.7705
      Cm =  0.4533     CD =102.54857   =>   CDf =  0.00285    CDp =102.54572

 MRCHDU: Convergence failed at  16  side 2    Res =  0.4417E-02
 Side 1  free  transition at x/c =  0.5626   44
 Side 2  free  transition at x/c =  0.0152   15

  87   rms: 0.5257E+03   max: -.9331E+04   T at   80  2   RLX: 0.000
       a = -2.000      CL = -1.7718
      Cm =  0.4539     CD =102.83499   =>   CDf =  0.00285    CDp =102.83215

 MRCHDU: Convergence failed at  16  side 2    Res =  0.3897E-02
 Side 1  free  transition at x/c =  0.5626   44
 Side 2  free  transition at x/c =  0.0152   15

  88   rms: 0.2053E+03   max: -.3038E+04   T at  102  2   RLX: 0.000
       a = -2.000      CL = -1.7712
      Cm =  0.4536     CD =102.87304   =>   CDf =  0.00285    CDp =102.87020

 MRCHDU: Convergence failed at  16  side 2    Res =  0.4078E-02
 Side 1  free  transition at x/c =  0.5626   44
 Side 2  free  transition at x/c =  0.0152   15

  89   rms: 0.2556E+03   max: -.6171E+04   T at  104  2   RLX: 0.000
       a = -2.000      CL = -1.7709
      Cm =  0.4534     CD =109.32919   =>   CDf =  0.00285    CDp =109.32634

 MRCHDU: Convergence failed at  16  side 2    Res =  0.4183E-02
 Side 1  free  transition at x/c =  0.5626   44
 Side 2  free  transition at x/c =  0.0152   15

  90   rms: 0.4253E+03   max: -.1103E+05   T at  104  2   RLX: 0.000
       a = -2.000      CL = -1.7706
      Cm =  0.4533     CD =110.06814   =>   CDf =  0.00285    CDp =110.06530

 MRCHDU: Convergence failed at  16  side 2    Res =  0.4262E-02
 Side 1  free  transition at x/c =  0.5626   44
 Side 2  free  transition at x/c =  0.0152   15

  91   rms: 0.5843E+03   max: -.1526E+05   T at  104  2   RLX: 0.000
       a = -2.000      CL = -1.7704
      Cm =  0.4532     CD =110.54355   =>   CDf =  0.00285    CDp =110.54070

 MRCHDU: Convergence failed at  16  side 2    Res =  0.4351E-02
 Side 1  free  transition at x/c =  0.5626   44
 Side 2  free  transition at x/c =  0.0152   15

  92   rms: 0.5949E+03   max: -.1270E+05   T at  104  2   RLX: 0.000
       a = -2.000      CL = -1.7695
      Cm =  0.4529     CD =111.36159   =>   CDf =  0.00285    CDp =111.35874

 MRCHDU: Convergence failed at  16  side 2    Res =  0.4632E-02
 Side 1  free  transition at x/c =  0.5626   44
 Side 2  free  transition at x/c =  0.0152   15

  93   rms: 0.3328E+03   max: -.8342E+04   T at  104  2   RLX: 0.000
       a = -2.000      CL = -1.7702
      Cm =  0.4531     CD =112.76530   =>   CDf =  0.00285    CDp =112.76245

 MRCHDU: Convergence failed at  16  side 2    Res =  0.4504E-02
 Side 1  free  transition at x/c =  0.5626   44
 Side 2  free  transition at x/c =  0.0152   15

  94   rms: 0.2450E+03   max: -.4009E+04   T at   80  2   RLX: 0.000
       a = -2.000      CL = -1.7713
      Cm =  0.4537     CD =117.97865   =>   CDf =  0.00285    CDp =117.97581

 MRCHDU: Convergence failed at  16  side 2    Res =  0.3963E-02
 Side 1  free  transition at x/c =  0.5626   44
 Side 2  free  transition at x/c =  0.0152   15

  95   rms: 0.1286E+03   max: 0.1386E+04   T at  105  2   RLX: 0.001
       a = -2.000      CL = -1.7689
      Cm =  0.4528     CD =144.28438   =>   CDf =  0.00285    CDp =144.28153

 MRCHDU: Convergence failed at  16  side 2    Res =  0.4381E-02
 Side 1  free  transition at x/c =  0.5626   44
 Side 2  free  transition at x/c =  0.0152   15

  96   rms: 0.3854E+03   max: 0.5857E+04   T at   80  2   RLX: 0.000
       a = -2.000      CL = -1.7653
      Cm =  0.4512     CD =234.27630   =>   CDf =  0.00285    CDp =234.27345

 MRCHDU: Convergence failed at  16  side 2    Res =  0.5562E-02
 Side 1  free  transition at x/c =  0.5627   44
 Side 2  free  transition at x/c =  0.0152   15

  97   rms: 0.7513E+03   max: 0.1390E+05   T at  105  2   RLX: 0.000
       a = -2.000      CL = -1.7718
      Cm =  0.4529     CD =263.87168   =>   CDf =  0.00285    CDp =263.86883

 MRCHDU: Convergence failed at  16  side 2    Res =  0.5418E-02
 Side 1  free  transition at x/c =  0.5627   44
 Side 2  free  transition at x/c =  0.0152   15

  98   rms: 0.6549E+03   max: 0.1324E+05   T at  101  2   RLX: 0.000
       a = -2.000      CL = -1.7718
      Cm =  0.4530     CD =274.11795   =>   CDf =  0.00285    CDp =274.11511

 MRCHDU: Convergence failed at  16  side 2    Res =  0.5296E-02
 Side 1  free  transition at x/c =  0.5627   44
 Side 2  free  transition at x/c =  0.0152   15

  99   rms: 0.6273E+03   max: 0.1474E+05   T at  101  2   RLX: 0.000
       a = -2.000      CL = -1.7721
      Cm =  0.4531     CD =276.40168   =>   CDf =  0.00285    CDp =276.39884

 MRCHDU: Convergence failed at  16  side 2    Res =  0.5124E-02
 Side 1  free  transition at x/c =  0.5627   44
 Side 2  free  transition at x/c =  0.0152   15

 100   rms: 0.7000E+03   max: -.1630E+05   T at  103  2   RLX: 0.000
       a = -2.000      CL = -1.7722
      Cm =  0.4532     CD =279.68864   =>   CDf =  0.00285    CDp =279.68579

 MRCHDU: Convergence failed at  16  side 2    Res =  0.5062E-02
 Side 1  free  transition at x/c =  0.5627   44
 Side 2  free  transition at x/c =  0.0152   15

 101   rms: 0.7010E+03   max: -.1516E+05   T at  103  2   RLX: 0.000
       a = -2.000      CL = -1.7721
      Cm =  0.4532     CD =282.49331   =>   CDf =  0.00285    CDp =282.49046

 MRCHDU: Convergence failed at  16  side 2    Res =  0.5031E-02
 Side 1  free  transition at x/c =  0.5627   44
 Side 2  free  transition at x/c =  0.0152   15

 102   rms: 0.7927E+03   max: -.1829E+05   T at  105  2   RLX: 0.000
       a = -2.000      CL = -1.7721
      Cm =  0.4531     CD =286.51326   =>   CDf =  0.00285    CDp =286.51041

 MRCHDU: Convergence failed at  16  side 2    Res =  0.5023E-02
 Side 1  free  transition at x/c =  0.5627   44
 Side 2  free  transition at x/c =  0.0152   15

 103   rms: 0.8662E+03   max: -.2146E+05   T at  105  2   RLX: 0.000
       a = -2.000      CL = -1.7720
      Cm =  0.4532     CD =288.74167   =>   CDf =  0.00285    CDp =288.73882

 MRCHDU: Convergence failed at  16  side 2    Res =  0.5001E-02
 Side 1  free  transition at x/c =  0.5627   44
 Side 2  free  transition at x/c =  0.0152   15

 104   rms: 0.6417E+03   max: -.1472E+05   T at  105  2   RLX: 0.000
       a = -2.000      CL = -1.7721
      Cm =  0.4532     CD =289.11912   =>   CDf =  0.00285    CDp =289.11627

 MRCHDU: Convergence failed at  16  side 2    Res =  0.4931E-02
 Side 1  free  transition at x/c =  0.5627   44
 Side 2  free  transition at x/c =  0.0152   15

 105   rms: 0.4302E+03   max: -.6902E+04   T at   99  2   RLX: 0.000
       a = -2.000      CL = -1.7726
      Cm =  0.4534     CD =287.74711   =>   CDf =  0.00285    CDp =287.74426

 MRCHDU: Convergence failed at  16  side 2    Res =  0.4693E-02
 Side 1  free  transition at x/c =  0.5627   44
 Side 2  free  transition at x/c =  0.0152   15

 106   rms: 0.5667E+03   max: -.1159E+05   T at   99  2   RLX: 0.000
       a = -2.000      CL = -1.7734
      Cm =  0.4538     CD =298.79061   =>   CDf =  0.00285    CDp =298.78776

 MRCHDU: Convergence failed at  16  side 2    Res =  0.4330E-02
 Side 1  free  transition at x/c =  0.5627   44
 Side 2  free  transition at x/c =  0.0152   15

 107   rms: 0.1088E+04   max: 0.2301E+05   T at   80  2   RLX: 0.000
       a = -2.000      CL = -1.7698
      Cm =  0.4522     CD =302.45763   =>   CDf =  0.00285    CDp =302.45478

 MRCHDU: Convergence failed at  16  side 2    Res =  0.5440E-02
 Side 1  free  transition at x/c =  0.5627   44
 Side 2  free  transition at x/c =  0.0152   15

 108   rms: 0.4343E+03   max: -.9471E+04   T at   99  2   RLX: 0.000
       a = -2.000      CL = -1.7762
      Cm =  0.4539     CD =305.09321   =>   CDf =  0.00285    CDp =305.09036

 MRCHDU: Convergence failed at  16  side 2    Res =  0.5254E-02
 Side 1  free  transition at x/c =  0.5627   44
 Side 2  free  transition at x/c =  0.0152   15

 109   rms: 0.3653E+03   max: -.6170E+04   T at   98  2   RLX: 0.000
       a = -2.000      CL = -1.7769
      Cm =  0.4542     CD =315.36967   =>   CDf =  0.00285    CDp =315.36683

 MRCHDU: Convergence failed at  16  side 2    Res =  0.4933E-02
 Side 1  free  transition at x/c =  0.5628   44
 Side 2  free  transition at x/c =  0.0152   15

 110   rms: 0.5224E+03   max: -.1086E+05   T at   98  2   RLX: 0.000
       a = -2.000      CL = -1.7778
      Cm =  0.4546     CD =325.00542   =>   CDf =  0.00285    CDp =325.00258

 MRCHDU: Convergence failed at  16  side 2    Res =  0.4626E-02
 Side 1  free  transition at x/c =  0.5627   44
 Side 2  free  transition at x/c =  0.0152   15

 111   rms: 0.6916E+03   max: -.1464E+05   T at   98  2   RLX: 0.000
       a = -2.000      CL = -1.7789
      Cm =  0.4550     CD =327.88330   =>   CDf =  0.00285    CDp =327.88046

 MRCHDU: Convergence failed at  16  side 2    Res =  0.4255E-02
 Side 1  free  transition at x/c =  0.5627   44
 Side 2  free  transition at x/c =  0.0152   15

 112   rms: 0.1281E+05   max: 0.1921E+06   T at   80  2   RLX: 0.000
       a = -2.000      CL = -1.7768
      Cm =  0.4540     CD =301.19623   =>   CDf =  0.00285    CDp =301.19338

 MRCHDU: Convergence failed at  16  side 2    Res =  0.4964E-02
 Side 1  free  transition at x/c =  0.5628   44
 Side 2  free  transition at x/c =  0.0152   15

 113   rms: 0.1354E+05   max: 0.1353E+06   T at   98  2   RLX: 0.000
       a = -2.000      CL = -1.7787
      Cm =  0.4544     CD =474.36482   =>   CDf =  0.00285    CDp =474.36197

 MRCHDU: Convergence failed at  16  side 2    Res =  0.5208E-02
 Side 1  free  transition at x/c =  0.5628   44
 Side 2  free  transition at x/c =  0.0152   15

 114   rms: 0.2224E+05   max: 0.1572E+06   C at  103  2   RLX: 0.000
       a = -2.000      CL = -1.7788
      Cm =  0.4544     CD =147.44862   =>   CDf =  0.00285    CDp =147.44578

 MRCHDU: Convergence failed at  16  side 2    Res =  0.5348E-02
 Side 1  free  transition at x/c =  0.5628   44
 Side 2  free  transition at x/c =  0.0152   15

 115   rms: 0.2081E+04   max: 0.2304E+05   T at  103  2   RLX: 0.000
       a = -2.000      CL = -1.7795
      Cm =  0.4547     CD =122.27721   =>   CDf =  0.00285    CDp =122.27436

 MRCHDU: Convergence failed at  16  side 2    Res =  0.5111E-02
 Side 1  free  transition at x/c =  0.5628   44
 Side 2  free  transition at x/c =  0.0152   15

 116   rms: 0.6206E+03   max: -.1591E+05   T at   98  2   RLX: 0.000
       a = -2.000      CL = -1.7799
      Cm =  0.4548     CD =101.75891   =>   CDf =  0.00285    CDp =101.75606

 MRCHDU: Convergence failed at  16  side 2    Res =  0.4955E-02
 Side 1  free  transition at x/c =  0.5628   44
 Side 2  free  transition at x/c =  0.0152   15

 117   rms: 0.6031E+03   max: 0.1183E+05   T at   99  2   RLX: 0.000
       a = -2.000      CL = -1.7801
      Cm =  0.4549     CD =102.61984   =>   CDf =  0.00285    CDp =102.61699

 MRCHDU: Convergence failed at  16  side 2    Res =  0.4832E-02
 Side 1  free  transition at x/c =  0.5628   44
 Side 2  free  transition at x/c =  0.0152   15

 118   rms: 0.6043E+03   max: 0.1285E+05   T at   99  2   RLX: 0.000
       a = -2.000      CL = -1.7801
      Cm =  0.4550     CD =104.60957   =>   CDf =  0.00285    CDp =104.60672

 MRCHDU: Convergence failed at  16  side 2    Res =  0.4723E-02
 Side 1  free  transition at x/c =  0.5628   44
 Side 2  free  transition at x/c =  0.0152   15

 119   rms: 0.6129E+03   max: 0.9227E+04   T at  103  2   RLX: 0.000
       a = -2.000      CL = -1.7799
      Cm =  0.4549     CD =111.83407   =>   CDf =  0.00285    CDp =111.83122

 MRCHDU: Convergence failed at  16  side 2    Res =  0.4738E-02
 Side 1  free  transition at x/c =  0.5628   44
 Side 2  free  transition at x/c =  0.0152   15

 120   rms: 0.5557E+03   max: -.1074E+05   T at  101  2   RLX: 0.000
       a = -2.000      CL = -1.7797
      Cm =  0.4549     CD =114.54013   =>   CDf =  0.00285    CDp =114.53728

 MRCHDU: Convergence failed at  16  side 2    Res =  0.4743E-02
 Side 1  free  transition at x/c =  0.5628   44
 Side 2  free  transition at x/c =  0.0152   15

 121   rms: 0.6271E+03   max: -.1445E+05   T at  101  2   RLX: 0.000
       a = -2.000      CL = -1.7796
      Cm =  0.4548     CD =116.59338   =>   CDf =  0.00285    CDp =116.59053

 MRCHDU: Convergence failed at  16  side 2    Res =  0.4760E-02
 Side 1  free  transition at x/c =  0.5628   44
 Side 2  free  transition at x/c =  0.0152   15

 122   rms: 0.6010E+03   max: -.1177E+05   T at  101  2   RLX: 0.000
       a = -2.000      CL = -1.7794
      Cm =  0.4547     CD =118.64201   =>   CDf =  0.00285    CDp =118.63916

 MRCHDU: Convergence failed at  16  side 2    Res =  0.4797E-02
 Side 1  free  transition at x/c =  0.5628   44
 Side 2  free  transition at x/c =  0.0152   15

 123   rms: 0.5734E+03   max: 0.1351E+05   T at  100  2   RLX: 0.000
       a = -2.000      CL = -1.7788
      Cm =  0.4545     CD =123.03574   =>   CDf =  0.00285    CDp =123.03289

 MRCHDU: Convergence failed at  16  side 2    Res =  0.4940E-02
 Side 1  free  transition at x/c =  0.5628   44
 Side 2  free  transition at x/c =  0.0152   15

 124   rms: 0.6073E+03   max: 0.1540E+05   T at  100  2   RLX: 0.000
       a = -2.000      CL = -1.7781
      Cm =  0.4543     CD =129.86479   =>   CDf =  0.00285    CDp =129.86194

 MRCHDU: Convergence failed at  16  side 2    Res =  0.5147E-02
 Side 1  free  transition at x/c =  0.5628   44
 Side 2  free  transition at x/c =  0.0152   15

 125   rms: 0.5044E+03   max: 0.8936E+04   T at  100  2   RLX: 0.000
       a = -2.000      CL = -1.7780
      Cm =  0.4542     CD =130.88447   =>   CDf =  0.00285    CDp =130.88162

 MRCHDU: Convergence failed at  16  side 2    Res =  0.5241E-02
 Side 1  free  transition at x/c =  0.5628   44
 Side 2  free  transition at x/c =  0.0152   15

 126   rms: 0.3581E+03   max: 0.5299E+04   T at  100  2   RLX: 0.000
       a = -2.000      CL = -1.7774
      Cm =  0.4540     CD =133.65286   =>   CDf =  0.00285    CDp =133.65002

 MRCHDU: Convergence failed at  16  side 2    Res =  0.5296E-02
 Side 1  free  transition at x/c =  0.5627   44
 Side 2  free  transition at x/c =  0.0152   15

 127   rms: 0.6387E+03   max: 0.1534E+05   T at  101  2   RLX: 0.000
       a = -2.000      CL = -1.7771
      Cm =  0.4540     CD =178.22202   =>   CDf =  0.00285    CDp =178.21917

 MRCHDU: Convergence failed at  16  side 2    Res =  0.5341E-02
 Side 1  free  transition at x/c =  0.5627   44
 Side 2  free  transition at x/c =  0.0152   15

 128   rms: 0.6713E+03   max: 0.1771E+05   T at  101  2   RLX: 0.000
       a = -2.000      CL = -1.7767
      Cm =  0.4538     CD =165.02338   =>   CDf =  0.00285    CDp =165.02053

 MRCHDU: Convergence failed at  16  side 2    Res =  0.5437E-02
 Side 1  free  transition at x/c =  0.5627   44
 Side 2  free  transition at x/c =  0.0152   15

 129   rms: 0.4600E+03   max: 0.1095E+05   T at  101  2   RLX: 0.000
       a = -2.000      CL = -1.7763
      Cm =  0.4537     CD =171.52440   =>   CDf =  0.00285    CDp =171.52155

 MRCHDU: Convergence failed at  16  side 2    Res =  0.5455E-02
 Side 1  free  transition at x/c =  0.5627   44
 Side 2  free  transition at x/c =  0.0152   15

 130   rms: 0.3652E+03   max: -.7313E+04   T at   97  2   RLX: 0.000
       a = -2.000      CL = -1.7766
      Cm =  0.4539     CD =182.57134   =>   CDf =  0.00285    CDp =182.56849

 MRCHDU: Convergence failed at  16  side 2    Res =  0.5303E-02
 Side 1  free  transition at x/c =  0.5627   44
 Side 2  free  transition at x/c =  0.0152   15

 131   rms: 0.5320E+03   max: -.1315E+05   T at   97  2   RLX: 0.000
       a = -2.000      CL = -1.7770
      Cm =  0.4540     CD =185.87071   =>   CDf =  0.00285    CDp =185.86786

 MRCHDU: Convergence failed at  16  side 2    Res =  0.5145E-02
 Side 1  free  transition at x/c =  0.5627   44
 Side 2  free  transition at x/c =  0.0152   15

 132   rms: 0.7206E+03   max: -.1889E+05   T at   97  2   RLX: 0.000
       a = -2.000      CL = -1.7773
      Cm =  0.4542     CD =186.79861   =>   CDf =  0.00285    CDp =186.79576

 MRCHDU: Convergence failed at  16  side 2    Res =  0.5010E-02
 Side 1  free  transition at x/c =  0.5627   44
 Side 2  free  transition at x/c =  0.0152   15

 133   rms: 0.6572E+03   max: -.1707E+05   T at   97  2   RLX: 0.000
       a = -2.000      CL = -1.7775
      Cm =  0.4543     CD =186.45039   =>   CDf =  0.00285    CDp =186.44755

 MRCHDU: Convergence failed at  16  side 2    Res =  0.4895E-02
 Side 1  free  transition at x/c =  0.5627   44
 Side 2  free  transition at x/c =  0.0152   15

 134   rms: 0.3986E+03   max: -.8624E+04   T at   97  2   RLX: 0.000
       a = -2.000      CL = -1.7777
      Cm =  0.4544     CD =184.34736   =>   CDf =  0.00285    CDp =184.34451

 MRCHDU: Convergence failed at  16  side 2    Res =  0.4764E-02
 Side 1  free  transition at x/c =  0.5627   44
 Side 2  free  transition at x/c =  0.0152   15

 135   rms: 0.2924E+03   max: -.5181E+04   T at  101  2   RLX: 0.000
       a = -2.000      CL = -1.7779
      Cm =  0.4545     CD =182.32968   =>   CDf =  0.00285    CDp =182.32683

 MRCHDU: Convergence failed at  16  side 2    Res =  0.4570E-02
 Side 1  free  transition at x/c =  0.5627   44
 Side 2  free  transition at x/c =  0.0152   15

 136   rms: 0.4516E+03   max: -.1004E+05   T at  101  2   RLX: 0.000
       a = -2.000      CL = -1.7784
      Cm =  0.4548     CD =185.35977   =>   CDf =  0.00285    CDp =185.35692

 MRCHDU: Convergence failed at  16  side 2    Res =  0.4326E-02
 Side 1  free  transition at x/c =  0.5627   44
 Side 2  free  transition at x/c =  0.0152   15

 137   rms: 0.1200E+04   max: -.2041E+05   T at  101  2   RLX: 0.000
       a = -2.000      CL = -1.7799
      Cm =  0.4554     CD =185.74809   =>   CDf =  0.00285    CDp =185.74524

 MRCHDU: Convergence failed at  16  side 2    Res =  0.3766E-02
 Side 1  free  transition at x/c =  0.5627   44
 Side 2  free  transition at x/c =  0.0152   15

 138   rms: 0.7725E+03   max: -.1915E+05   T at  101  2   RLX: 0.000
       a = -2.000      CL = -1.7800
      Cm =  0.4553     CD =186.70044   =>   CDf =  0.00285    CDp =186.69759

 MRCHDU: Convergence failed at  16  side 2    Res =  0.3894E-02
 Side 1  free  transition at x/c =  0.5627   44
 Side 2  free  transition at x/c =  0.0152   15

 139   rms: 0.6583E+03   max: -.1599E+05   T at  101  2   RLX: 0.000
       a = -2.000      CL = -1.7797
      Cm =  0.4551     CD =188.10127   =>   CDf =  0.00285    CDp =188.09843

 MRCHDU: Convergence failed at  16  side 2    Res =  0.4040E-02
 Side 1  free  transition at x/c =  0.5627   44
 Side 2  free  transition at x/c =  0.0152   15

 140   rms: 0.4239E+03   max: -.8043E+04   T at  101  2   RLX: 0.000
       a = -2.000      CL = -1.7788
      Cm =  0.4547     CD =192.23201   =>   CDf =  0.00285    CDp =192.22916

 MRCHDU: Convergence failed at  16  side 2    Res =  0.4337E-02
 Side 1  free  transition at x/c =  0.5627   44
 Side 2  free  transition at x/c =  0.0152   15

 141   rms: 0.6233E+03   max: -.4139E+04   T at   80  2   RLX: 0.000
       a = -2.000      CL = -1.7806
      Cm =  0.4555     CD =206.37484   =>   CDf =  0.00285    CDp =206.37200

 MRCHDU: Convergence failed at  16  side 2    Res =  0.3739E-02
 Side 1  free  transition at x/c =  0.5627   44
 Side 2  free  transition at x/c =  0.0152   15

 142   rms: 0.2995E+03   max: -.3943E+04   T at  103  2   RLX: 0.000
       a = -2.000      CL = -1.7803
      Cm =  0.4552     CD =171.00961   =>   CDf =  0.00285    CDp =171.00676

 MRCHDU: Convergence failed at  16  side 2    Res =  0.3977E-02
 Side 1  free  transition at x/c =  0.5627   44
 Side 2  free  transition at x/c =  0.0152   15

 143   rms: 0.4777E+03   max: -.7028E+04   T at  103  2   RLX: 0.000
       a = -2.000      CL = -1.7794
      Cm =  0.4548     CD =189.77478   =>   CDf =  0.00285    CDp =189.77193

 MRCHDU: Convergence failed at  16  side 2    Res =  0.4332E-02
 Side 1  free  transition at x/c =  0.5628   44
 Side 2  free  transition at x/c =  0.0152   15

 144   rms: 0.1838E+04   max: -.3300E+05   T at   80  2   RLX: 0.000
       a = -2.000      CL = -1.7817
      Cm =  0.4557     CD =194.18262   =>   CDf =  0.00285    CDp =194.17977

 MRCHDU: Convergence failed at  16  side 2    Res =  0.3739E-02
 Side 1  free  transition at x/c =  0.5627   44
 Side 2  free  transition at x/c =  0.0152   15

 145   rms: 0.7550E+03   max: -.1346E+05   T at  100  2   RLX: 0.000
       a = -2.000      CL = -1.7818
      Cm =  0.4556     CD =196.77012   =>   CDf =  0.00285    CDp =196.76727

 MRCHDU: Convergence failed at  16  side 2    Res =  0.3921E-02
 Side 1  free  transition at x/c =  0.5628   44
 Side 2  free  transition at x/c =  0.0152   15

 146   rms: 0.8337E+03   max: -.1805E+05   T at  100  2   RLX: 0.000
       a = -2.000      CL = -1.7813
      Cm =  0.4553     CD =197.71722   =>   CDf =  0.00285    CDp =197.71438

 MRCHDU: Convergence failed at  16  side 2    Res =  0.4144E-02
 Side 1  free  transition at x/c =  0.5628   44
 Side 2  free  transition at x/c =  0.0152   15

 147   rms: 0.1078E+04   max: 0.1916E+05   T at   80  2   RLX: 0.000
       a = -2.000      CL = -1.7797
      Cm =  0.4546     CD =198.28205   =>   CDf =  0.00285    CDp =198.27920

 MRCHDU: Convergence failed at  16  side 2    Res =  0.4724E-02
 Side 1  free  transition at x/c =  0.5628   44
 Side 2  free  transition at x/c =  0.0152   15

 148   rms: 0.1066E+04   max: 0.2430E+05   T at  103  2   RLX: 0.000
       a = -2.000      CL = -1.7823
      Cm =  0.4554     CD =197.14849   =>   CDf =  0.00285    CDp =197.14564

 MRCHDU: Convergence failed at  16  side 2    Res =  0.4438E-02
 Side 1  free  transition at x/c =  0.5628   44
 Side 2  free  transition at x/c =  0.0152   15

 149   rms: 0.1004E+04   max: 0.1831E+05   T at  103  2   RLX: 0.000
       a = -2.000      CL = -1.7841
      Cm =  0.4562     CD =198.54837   =>   CDf =  0.00285    CDp =198.54552

 MRCHDU: Convergence failed at  16  side 2    Res =  0.3777E-02
 Side 1  free  transition at x/c =  0.5628   44
 Side 2  free  transition at x/c =  0.0152   15

 150   rms: 0.6048E+03   max: -.9926E+04   T at   96  2   RLX: 0.000
       a = -2.000      CL = -1.7841
      Cm =  0.4559     CD =200.41125   =>   CDf =  0.00285    CDp =200.40840

 MRCHDU: Convergence failed at  16  side 2    Res =  0.4074E-02
 Side 1  free  transition at x/c =  0.5628   44
 Side 2  free  transition at x/c =  0.0152   15

 151   rms: 0.5244E+04   max: 0.3129E+05   C at   96  2   RLX: 0.000
       a = -2.000      CL = -1.7848
      Cm =  0.4562     CD =219.75751   =>   CDf =  0.00285    CDp =219.75466

 MRCHDU: Convergence failed at  16  side 2    Res =  0.3975E-02
 Side 1  free  transition at x/c =  0.5628   44
 Side 2  free  transition at x/c =  0.0152   15

 152   rms: 0.8397E+03   max: 0.1397E+05   T at   80  2   RLX: 0.000
       a = -2.000      CL = -1.7834
      Cm =  0.4556     CD =123.41939   =>   CDf =  0.00285    CDp =123.41654

 MRCHDU: Convergence failed at  16  side 2    Res =  0.4405E-02
 Side 1  free  transition at x/c =  0.5628   44
 Side 2  free  transition at x/c =  0.0152   15

 153   rms: 0.1429E+04   max: -.2690E+05   T at   96  2   RLX: 0.000
       a = -2.000      CL = -1.7857
      Cm =  0.4564     CD =123.19644   =>   CDf =  0.00285    CDp =123.19359

 MRCHDU: Convergence failed at  16  side 2    Res =  0.3899E-02
 Side 1  free  transition at x/c =  0.5628   44
 Side 2  free  transition at x/c =  0.0152   15

 154   rms: 0.7420E+03   max: -.1396E+05   T at   96  2   RLX: 0.000
       a = -2.000      CL = -1.7860
      Cm =  0.4564     CD =124.97928   =>   CDf =  0.00285    CDp =124.97643

 MRCHDU: Convergence failed at  16  side 2    Res =  0.3983E-02
 Side 1  free  transition at x/c =  0.5628   44
 Side 2  free  transition at x/c =  0.0152   15

 155   rms: 0.7263E+03   max: -.1257E+05   T at  103  2   RLX: 0.000
       a = -2.000      CL = -1.7860
      Cm =  0.4564     CD =129.31526   =>   CDf =  0.00285    CDp =129.31241

 MRCHDU: Convergence failed at  16  side 2    Res =  0.3977E-02
 Side 1  free  transition at x/c =  0.5628   44
 Side 2  free  transition at x/c =  0.0152   15

 156   rms: 0.9527E+03   max: -.2157E+05   T at  103  2   RLX: 0.000
       a = -2.000      CL = -1.7860
      Cm =  0.4564     CD =134.74596   =>   CDf =  0.00285    CDp =134.74311

 MRCHDU: Convergence failed at  16  side 2    Res =  0.3957E-02
 Side 1  free  transition at x/c =  0.5628   44
 Side 2  free  transition at x/c =  0.0152   15

 157   rms: 0.1004E+04   max: -.2136E+05   T at  103  2   RLX: 0.000
       a = -2.000      CL = -1.7860
      Cm =  0.4564     CD =136.45787   =>   CDf =  0.00285    CDp =136.45502

 MRCHDU: Convergence failed at  16  side 2    Res =  0.3910E-02
 Side 1  free  transition at x/c =  0.5628   44
 Side 2  free  transition at x/c =  0.0152   15

 158   rms: 0.8815E+03   max: 0.1756E+05   T at  100  2   RLX: 0.000
       a = -2.000      CL = -1.7863
      Cm =  0.4565     CD =137.53594   =>   CDf =  0.00285    CDp =137.53309

 MRCHDU: Convergence failed at  16  side 2    Res =  0.3786E-02
 Side 1  free  transition at x/c =  0.5628   44
 Side 2  free  transition at x/c =  0.0152   15

 159   rms: 0.9452E+03   max: 0.2396E+05   T at  100  2   RLX: 0.000
       a = -2.000      CL = -1.7868
      Cm =  0.4568     CD =143.51544   =>   CDf =  0.00285    CDp =143.51259

 MRCHDU: Convergence failed at  16  side 2    Res =  0.3523E-02
 Side 1  free  transition at x/c =  0.5628   44
 Side 2  free  transition at x/c =  0.0151   15

 160   rms: 0.8541E+03   max: 0.1814E+05   T at  100  2   RLX: 0.000
       a = -2.000      CL = -1.7871
      Cm =  0.4570     CD =151.00654   =>   CDf =  0.00285    CDp =151.00369

 MRCHDU: Convergence failed at  16  side 2    Res =  0.3368E-02
 Side 1  free  transition at x/c =  0.5628   44
 Side 2  free  transition at x/c =  0.0151   15

 161   rms: 0.1158E+04   max: 0.1375E+05   T at  103  2   RLX: 0.000
       a = -2.000      CL = -1.7877
      Cm =  0.4572     CD =166.21450   =>   CDf =  0.00285    CDp =166.21165

 MRCHDU: Convergence failed at  16  side 2    Res =  0.3061E-02
 Side 1  free  transition at x/c =  0.5627   44
 Side 2  free  transition at x/c =  0.0151   15

 162   rms: 0.7616E+03   max: 0.1365E+05   T at  103  2   RLX: 0.000
       a = -2.000      CL = -1.7874
      Cm =  0.4571     CD =133.87753   =>   CDf =  0.00285    CDp =133.87468

 MRCHDU: Convergence failed at  16  side 2    Res =  0.3081E-02
 Side 1  free  transition at x/c =  0.5627   44
 Side 2  free  transition at x/c =  0.0151   15

 163   rms: 0.8560E+03   max: 0.2008E+05   T at   97  2   RLX: 0.000
       a = -2.000      CL = -1.7874
      Cm =  0.4572     CD =150.31721   =>   CDf =  0.00285    CDp =150.31436

 MRCHDU: Convergence failed at  16  side 2    Res =  0.3026E-02
 Side 1  free  transition at x/c =  0.5627   44
 Side 2  free  transition at x/c =  0.0151   15

 164   rms: 0.8309E+03   max: 0.1957E+05   T at   97  2   RLX: 0.000
       a = -2.000      CL = -1.7877
      Cm =  0.4573     CD =155.62508   =>   CDf =  0.00285    CDp =155.62223

 MRCHDU: Convergence failed at  16  side 2    Res =  0.2884E-02
 Side 1  free  transition at x/c =  0.5627   44
 Side 2  free  transition at x/c =  0.0151   15

 165   rms: 0.9013E+03   max: -.2006E+05   T at  103  2   RLX: 0.000
       a = -2.000      CL = -1.7877
      Cm =  0.4573     CD =158.90420   =>   CDf =  0.00285    CDp =158.90136

 MRCHDU: Convergence failed at  16  side 2    Res =  0.2839E-02
 Side 1  free  transition at x/c =  0.5627   44
 Side 2  free  transition at x/c =  0.0151   15

 166   rms: 0.8610E+03   max: -.1640E+05   T at  103  2   RLX: 0.000
       a = -2.000      CL = -1.7877
      Cm =  0.4574     CD =159.69119   =>   CDf =  0.00285    CDp =159.68834

 MRCHDU: Convergence failed at  16  side 2    Res =  0.2792E-02
 Side 1  free  transition at x/c =  0.5627   44
 Side 2  free  transition at x/c =  0.0151   15

 167   rms: 0.9006E+03   max: -.1091E+05   T at  105  2   RLX: 0.000
       a = -2.000      CL = -1.7878
      Cm =  0.4575     CD =161.27472   =>   CDf =  0.00285    CDp =161.27187

 MRCHDU: Convergence failed at  16  side 2    Res =  0.2701E-02
 Side 1  free  transition at x/c =  0.5627   44
 Side 2  free  transition at x/c =  0.0151   15

 168   rms: 0.4715E+03   max: -.5872E+04   T at   95  2   RLX: 0.000
       a = -2.000      CL = -1.7881
      Cm =  0.4577     CD =165.19674   =>   CDf =  0.00285    CDp =165.19389

 MRCHDU: Convergence failed at  16  side 2    Res =  0.2503E-02
 Side 1  free  transition at x/c =  0.5627   44
 Side 2  free  transition at x/c =  0.0151   15

 169   rms: 0.5869E+03   max: -.1100E+05   T at   95  2   RLX: 0.000
       a = -2.000      CL = -1.7884
      Cm =  0.4578     CD =173.38682   =>   CDf =  0.00285    CDp =173.38397

 MRCHDU: Convergence failed at  16  side 2    Res =  0.2345E-02
 Side 1  free  transition at x/c =  0.5627   44
 Side 2  free  transition at x/c =  0.0151   15

 170   rms: 0.7686E+03   max: -.1842E+05   T at   95  2   RLX: 0.000
       a = -2.000      CL = -1.7886
      Cm =  0.4579     CD =174.86087   =>   CDf =  0.00285    CDp =174.85802

 MRCHDU: Convergence failed at  16  side 2    Res =  0.2236E-02
 Side 1  free  transition at x/c =  0.5627   44
 Side 2  free  transition at x/c =  0.0151   15

 171   rms: 0.8755E+03   max: -.2336E+05   T at   95  2   RLX: 0.000
       a = -2.000      CL = -1.7887
      Cm =  0.4580     CD =175.87447   =>   CDf =  0.00285    CDp =175.87162

 MRCHDU: Convergence failed at  16  side 2    Res =  0.2180E-02
 Side 1  free  transition at x/c =  0.5627   44
 Side 2  free  transition at x/c =  0.0151   15

 172   rms: 0.8471E+03   max: -.1704E+05   T at   95  2   RLX: 0.000
       a = -2.000      CL = -1.7886
      Cm =  0.4579     CD =178.16476   =>   CDf =  0.00285    CDp =178.16191

 MRCHDU: Convergence failed at  16  side 2    Res =  0.2181E-02
 Side 1  free  transition at x/c =  0.5627   44
 Side 2  free  transition at x/c =  0.0151   15

 173   rms: 0.7082E+03   max: 0.1377E+05   T at  100  2   RLX: 0.000
       a = -2.000      CL = -1.7881
      Cm =  0.4578     CD =187.34675   =>   CDf =  0.00285    CDp =187.34390

 MRCHDU: Convergence failed at  16  side 2    Res =  0.2263E-02
 Side 1  free  transition at x/c =  0.5627   44
 Side 2  free  transition at x/c =  0.0151   15

 174   rms: 0.4887E+03   max: 0.7881E+04   T at  100  2   RLX: 0.000
       a = -2.000      CL = -1.7878
      Cm =  0.4577     CD =221.92768   =>   CDf =  0.00285    CDp =221.92483

 MRCHDU: Convergence failed at  16  side 2    Res =  0.2313E-02
 Side 1  free  transition at x/c =  0.5627   44
 Side 2  free  transition at x/c =  0.0151   15

 175   rms: 0.6155E+03   max: -.1248E+05   T at   97  2   RLX: 0.000
       a = -2.000      CL = -1.7878
      Cm =  0.4577     CD =250.07024   =>   CDf =  0.00285    CDp =250.06739

 MRCHDU: Convergence failed at  16  side 2    Res =  0.2323E-02
 Side 1  free  transition at x/c =  0.5627   44
 Side 2  free  transition at x/c =  0.0151   15

 176   rms: 0.9170E+03   max: -.2236E+05   T at   97  2   RLX: 0.000
       a = -2.000      CL = -1.7877
      Cm =  0.4577     CD =260.20148   =>   CDf =  0.00285    CDp =260.19863

 MRCHDU: Convergence failed at  16  side 2    Res =  0.2324E-02
 Side 1  free  transition at x/c =  0.5627   44
 Side 2  free  transition at x/c =  0.0151   15

 177   rms: 0.1187E+04   max: -.3185E+05   T at   97  2   RLX: 0.000
       a = -2.000      CL = -1.7877
      Cm =  0.4577     CD =263.48750   =>   CDf =  0.00285    CDp =263.48465

 MRCHDU: Convergence failed at  16  side 2    Res =  0.2321E-02
 Side 1  free  transition at x/c =  0.5627   44
 Side 2  free  transition at x/c =  0.0151   15

 178   rms: 0.1107E+04   max: -.2803E+05   T at   97  2   RLX: 0.000
       a = -2.000      CL = -1.7877
      Cm =  0.4577     CD =262.98939   =>   CDf =  0.00285    CDp =262.98655

 MRCHDU: Convergence failed at  16  side 2    Res =  0.2311E-02
 Side 1  free  transition at x/c =  0.5627   44
 Side 2  free  transition at x/c =  0.0151   15

 179   rms: 0.7279E+03   max: -.1267E+05   T at   97  2   RLX: 0.000
       a = -2.000      CL = -1.7876
      Cm =  0.4577     CD =258.82911   =>   CDf =  0.00285    CDp =258.82626

 MRCHDU: Convergence failed at  16  side 2    Res =  0.2281E-02
 Side 1  free  transition at x/c =  0.5627   44
 Side 2  free  transition at x/c =  0.0151   15

 180   rms: 0.4703E+03   max: -.5377E+04   T at  100  2   RLX: 0.000
       a = -2.000      CL = -1.7877
      Cm =  0.4577     CD =245.81003   =>   CDf =  0.00285    CDp =245.80718

 MRCHDU: Convergence failed at  16  side 2    Res =  0.2188E-02
 Side 1  free  transition at x/c =  0.5627   44
 Side 2  free  transition at x/c =  0.0151   15

 181   rms: 0.5282E+03   max: -.1022E+05   T at  100  2   RLX: 0.000
       a = -2.000      CL = -1.7878
      Cm =  0.4578     CD =304.51717   =>   CDf =  0.00285    CDp =304.51432

 MRCHDU: Convergence failed at  16  side 2    Res =  0.2096E-02
 Side 1  free  transition at x/c =  0.5627   44
 Side 2  free  transition at x/c =  0.0151   15

 182   rms: 0.7983E+03   max: -.1811E+05   T at  100  2   RLX: 0.000
       a = -2.000      CL = -1.7879
      Cm =  0.4579     CD =308.01208   =>   CDf =  0.00285    CDp =308.00923

 MRCHDU: Convergence failed at  16  side 2    Res =  0.2011E-02
 Side 1  free  transition at x/c =  0.5627   44
 Side 2  free  transition at x/c =  0.0151   15

 183   rms: 0.1141E+04   max: -.2814E+05   T at  100  2   RLX: 0.000
       a = -2.000      CL = -1.7880
      Cm =  0.4580     CD =308.36648   =>   CDf =  0.00285    CDp =308.36363

 MRCHDU: Convergence failed at  16  side 2    Res =  0.1940E-02
 Side 1  free  transition at x/c =  0.5627   44
 Side 2  free  transition at x/c =  0.0151   15

 184   rms: 0.1288E+04   max: -.3187E+05   T at  100  2   RLX: 0.000
       a = -2.000      CL = -1.7881
      Cm =  0.4580     CD =309.09336   =>   CDf =  0.00285    CDp =309.09051

 MRCHDU: Convergence failed at  16  side 2    Res =  0.1882E-02
 Side 1  free  transition at x/c =  0.5627   44
 Side 2  free  transition at x/c =  0.0151   15

 185   rms: 0.1031E+04   max: -.2162E+05   T at  100  2   RLX: 0.000
       a = -2.000      CL = -1.7882
      Cm =  0.4581     CD =312.37193   =>   CDf =  0.00285    CDp =312.36908

 MRCHDU: Convergence failed at  16  side 2    Res =  0.1819E-02
 Side 1  free  transition at x/c =  0.5627   44
 Side 2  free  transition at x/c =  0.0151   15

 186   rms: 0.8553E+03   max: -.1754E+05   T at   94  2   RLX: 0.000
       a = -2.000      CL = -1.7883
      Cm =  0.4582     CD =319.27152   =>   CDf =  0.00285    CDp =319.26867

 MRCHDU: Convergence failed at  16  side 2    Res =  0.1750E-02
 Side 1  free  transition at x/c =  0.5627   44
 Side 2  free  transition at x/c =  0.0151   15

 187   rms: 0.1019E+04   max: -.2646E+05   T at   94  2   RLX: 0.000
       a = -2.000      CL = -1.7884
      Cm =  0.4582     CD =324.06852   =>   CDf =  0.00285    CDp =324.06567

 MRCHDU: Convergence failed at  16  side 2    Res =  0.1697E-02
 Side 1  free  transition at x/c =  0.5627   44
 Side 2  free  transition at x/c =  0.0151   15

 188   rms: 0.1042E+04   max: -.2611E+05   T at   94  2   RLX: 0.000
       a = -2.000      CL = -1.7884
      Cm =  0.4582     CD =323.88416   =>   CDf =  0.00285    CDp =323.88131

 MRCHDU: Convergence failed at  16  side 2    Res =  0.1656E-02
 Side 1  free  transition at x/c =  0.5627   44
 Side 2  free  transition at x/c =  0.0151   15

 189   rms: 0.8515E+03   max: -.1522E+05   T at   96  2   RLX: 0.000
       a = -2.000      CL = -1.7884
      Cm =  0.4582     CD =320.29524   =>   CDf =  0.00285    CDp =320.29239

 MRCHDU: Convergence failed at  16  side 2    Res =  0.1632E-02
 Side 1  free  transition at x/c =  0.5627   44
 Side 2  free  transition at x/c =  0.0151   15

 190   rms: 0.7120E+03   max: 0.1168E+05   T at  100  2   RLX: 0.000
       a = -2.000      CL = -1.7882
      Cm =  0.4582     CD =299.52568   =>   CDf =  0.00285    CDp =299.52283

 MRCHDU: Convergence failed at  16  side 2    Res =  0.1610E-02
 Side 1  free  transition at x/c =  0.5627   44
 Side 2  free  transition at x/c =  0.0151   15

 191   rms: 0.1691E+04   max: 0.4046E+05   T at  100  2   RLX: 0.000
       a = -2.000      CL = -1.7879
      Cm =  0.4581     CD =338.33551   =>   CDf =  0.00285    CDp =338.33266

 MRCHDU: Convergence failed at  16  side 2    Res =  0.1653E-02
 Side 1  free  transition at x/c =  0.5627   44
 Side 2  free  transition at x/c =  0.0151   15

 192   rms: 0.2029E+04   max: 0.5314E+05   T at  100  2   RLX: 0.000
       a = -2.000      CL = -1.7876
      Cm =  0.4580     CD =347.73950   =>   CDf =  0.00285    CDp =347.73665

 MRCHDU: Convergence failed at  16  side 2    Res =  0.1752E-02
 Side 1  free  transition at x/c =  0.5626   44
 Side 2  free  transition at x/c =  0.0151   15

 193   rms: 0.1609E+04   max: 0.2948E+05   T at  100  2   RLX: 0.000
       a = -2.000      CL = -1.7874
      Cm =  0.4579     CD =353.73746   =>   CDf =  0.00285    CDp =353.73461

 MRCHDU: Convergence failed at  16  side 2    Res =  0.1808E-02
 Side 1  free  transition at x/c =  0.5626   44
 Side 2  free  transition at x/c =  0.0151   15

 194   rms: 0.9837E+03   max: -.1665E+05   T at   93  2   RLX: 0.000
       a = -2.000      CL = -1.7874
      Cm =  0.4579     CD =368.01841   =>   CDf =  0.00285    CDp =368.01556

 MRCHDU: Convergence failed at  16  side 2    Res =  0.1816E-02
 Side 1  free  transition at x/c =  0.5626   44
 Side 2  free  transition at x/c =  0.0151   15

 195   rms: 0.1005E+04   max: -.2575E+05   T at   93  2   RLX: 0.000
       a = -2.000      CL = -1.7875
      Cm =  0.4580     CD =378.40097   =>   CDf =  0.00285    CDp =378.39811

 MRCHDU: Convergence failed at  16  side 2    Res =  0.1775E-02
 Side 1  free  transition at x/c =  0.5626   44
 Side 2  free  transition at x/c =  0.0151   15

 196   rms: 0.3256E+04   max: 0.1848E+05   C at   93  2   RLX: 0.000
       a = -2.000      CL = -1.7877
      Cm =  0.4581     CD =359.45725   =>   CDf =  0.00285    CDp =359.45440

 MRCHDU: Convergence failed at  16  side 2    Res =  0.1661E-02
 Side 1  free  transition at x/c =  0.5626   44
 Side 2  free  transition at x/c =  0.0151   15

 197   rms: 0.1006E+04   max: -.1926E+05   T at   93  2   RLX: 0.000
       a = -2.000      CL = -1.7879
      Cm =  0.4582     CD =273.54370   =>   CDf =  0.00285    CDp =273.54085

 MRCHDU: Convergence failed at  16  side 2    Res =  0.1565E-02
 Side 1  free  transition at x/c =  0.5626   44
 Side 2  free  transition at x/c =  0.0151   15

 198   rms: 0.1184E+04   max: -.2579E+05   T at  100  2   RLX: 0.000
       a = -2.000      CL = -1.7880
      Cm =  0.4583     CD =274.17212   =>   CDf =  0.00285    CDp =274.16927

 MRCHDU: Convergence failed at  16  side 2    Res =  0.1476E-02
 Side 1  free  transition at x/c =  0.5626   44
 Side 2  free  transition at x/c =  0.0151   15

 199   rms: 0.1718E+04   max: -.4353E+05   T at  100  2   RLX: 0.000
       a = -2.000      CL = -1.7882
      Cm =  0.4584     CD =275.52105   =>   CDf =  0.00285    CDp =275.51820

 MRCHDU: Convergence failed at  16  side 2    Res =  0.1410E-02
 Side 1  free  transition at x/c =  0.5626   44
 Side 2  free  transition at x/c =  0.0151   15

 200   rms: 0.2072E+04   max: -.5511E+05   T at  100  2   RLX: 0.000
       a = -2.000      CL = -1.7882
      Cm =  0.4584     CD =276.48676   =>   CDf =  0.00285    CDp =276.48391

 MRCHDU: Convergence failed at  16  side 2    Res =  0.1362E-02
 Side 1  free  transition at x/c =  0.5626   44
 Side 2  free  transition at x/c =  0.0151   15

 201   rms: 0.1853E+04   max: -.4304E+05   T at  100  2   RLX: 0.000
       a = -2.000      CL = -1.7883
      Cm =  0.4584     CD =278.40984   =>   CDf =  0.00285    CDp =278.40699

 MRCHDU: Convergence failed at  16  side 2    Res =  0.1327E-02
 Side 1  free  transition at x/c =  0.5626   44
 Side 2  free  transition at x/c =  0.0151   15

 202   rms: 0.1233E+04   max: -.1931E+05   T at  100  2   RLX: 0.000
       a = -2.000      CL = -1.7883
      Cm =  0.4585     CD =285.22943   =>   CDf =  0.00285    CDp =285.22657

 MRCHDU: Convergence failed at  16  side 2    Res =  0.1292E-02
 Side 1  free  transition at x/c =  0.5626   44
 Side 2  free  transition at x/c =  0.0151   15

 203   rms: 0.5717E+03   max: -.6621E+04   T at  104  2   RLX: 0.000
       a = -2.000      CL = -1.7883
      Cm =  0.4585     CD =325.90650   =>   CDf =  0.00285    CDp =325.90365

 MRCHDU: Convergence failed at  16  side 2    Res =  0.1220E-02
 Side 1  free  transition at x/c =  0.5626   44
 Side 2  free  transition at x/c =  0.0151   15

 204   rms: 0.6542E+03   max: -.8973E+04   T at   92  2   RLX: 0.000
       a = -2.000      CL = -1.7884
      Cm =  0.4586     CD =470.65734   =>   CDf =  0.00285    CDp =470.65449

 MRCHDU: Convergence failed at  16  side 2    Res =  0.1132E-02
 Side 1  free  transition at x/c =  0.5626   44
 Side 2  free  transition at x/c =  0.0151   15

 205   rms: 0.1069E+04   max: -.1678E+05   T at   92  2   RLX: 0.000
       a = -2.000      CL = -1.7886
      Cm =  0.4587     CD =524.98001   =>   CDf =  0.00285    CDp =524.97716
 VISCAL:  Convergence failed
      9.000    4.3214 524.980015   0.001263   0.001364   0.000101    0.5626     #
 Calculating wake trajectory ...
 Calculating source influence matrix ...

 Solving BL system ...

 MRCHDU: Convergence failed at  16  side 2    Res =  0.1042E-02
 Side 1  free  transition at x/c =  0.5626   44
 Side 2  free  transition at x/c =  0.0151   15

   1   rms: 0.1433E+04   max: -.2900E+05   T at   92  2   RLX: 0.000
       a = -3.000      CL = -1.7870
      Cm =  0.4588     CD =545.12941   =>   CDf =  0.00285    CDp =545.12655

 MRCHDU: Convergence failed at  16  side 2    Res =  0.9645E-03
 Side 1  free  transition at x/c =  0.5626   44
 Side 2  free  transition at x/c =  0.0151   15

   2   rms: 0.1535E+04   max: -.4028E+05   T at   92  2   RLX: 0.000
       a = -3.000      CL = -1.7871
      Cm =  0.4588     CD =548.89044   =>   CDf =  0.00285    CDp =548.88759

 MRCHDU: Convergence failed at  16  side 2    Res =  0.9056E-03
 Side 1  free  transition at x/c =  0.5626   44
 Side 2  free  transition at x/c =  0.0151   15

   3   rms: 0.2228E+04   max: -.3356E+05   T at   92  2   RLX: 0.000
       a = -3.000      CL = -1.7872
      Cm =  0.4589     CD =543.12178   =>   CDf =  0.00285    CDp =543.11892

 MRCHDU: Convergence failed at  16  side 2    Res =  0.8622E-03
 Side 1  free  transition at x/c =  0.5626   44
 Side 2  free  transition at x/c =  0.0151   15

   4   rms: 0.1706E+04   max: -.9546E+04   T at  105  2   RLX: 0.000
       a = -3.000      CL = -1.7868
      Cm =  0.4588     CD =519.08750   =>   CDf =  0.00285    CDp =519.08465

 MRCHDU: Convergence failed at  16  side 2    Res =  0.9266E-03
 Side 1  free  transition at x/c =  0.5626   44
 Side 2  free  transition at x/c =  0.0151   15

   5   rms: 0.6189E+03   max: 0.6623E+04   T at   99  2   RLX: 0.000
       a = -3.000      CL = -1.7868
      Cm =  0.4588     CD =508.64827   =>   CDf =  0.00285    CDp =508.64542

 MRCHDU: Convergence failed at  16  side 2    Res =  0.8757E-03
 Side 1  free  transition at x/c =  0.5626   44
 Side 2  free  transition at x/c =  0.0151   15

   6   rms: 0.4652E+03   max: 0.4922E+04   T at   99  2   RLX: 0.000
       a = -3.000      CL = -1.7867
      Cm =  0.4588     CD =566.28403   =>   CDf =  0.00285    CDp =566.28118

 MRCHDU: Convergence failed at  16  side 2    Res =  0.7831E-03
 Side 1  free  transition at x/c =  0.5626   44
 Side 2  free  transition at x/c =  0.0151   15

   7   rms: 0.9515E+03   max: 0.1346E+05   T at  104  2   RLX: 0.000
       a = -3.000      CL = -1.7865
      Cm =  0.4588     CD =824.04032   =>   CDf =  0.00285    CDp =824.03747

 MRCHDU: Convergence failed at  16  side 2    Res =  0.7712E-03
 MRCHDU: Convergence failed at  79  side 2    Res =  0.6254E-01
 Side 1  free  transition at x/c =  0.5626   44
 Side 2  free  transition at x/c =  0.0151   15

   8   rms: 0.1481E+04   max: 0.2528E+05   T at  104  2   RLX: 0.000
       a = -3.000      CL = -1.7864
      Cm =  0.4588     CD =813.35918   =>   CDf =  0.00285    CDp =813.35632

 MRCHDU: Convergence failed at  16  side 2    Res =  0.7541E-03
 MRCHDU: Convergence failed at  79  side 2    Res =  0.1070E+00
 Side 1  free  transition at x/c =  0.5626   44
 Side 2  free  transition at x/c =  0.0151   15

   9   rms: 0.2016E+04   max: 0.3608E+05   T at  104  2   RLX: 0.000
       a = -3.000      CL = -1.7850
      Cm =  0.4578     CD =739.67865   =>   CDf =  0.00285    CDp =739.67580

 MRCHDU: Convergence failed at  16  side 2    Res =  0.7140E-03
 Side 1  free  transition at x/c =  0.5626   44
 Side 2  free  transition at x/c =  0.0151   15

  10   rms: 0.1092E+04   max: -.2706E+05   T at   91  2   RLX: 0.000
       a = -3.000      CL = -1.7850
      Cm =  0.4578     CD =742.16845   =>   CDf =  0.00285    CDp =742.16560

 MRCHDU: Convergence failed at  16  side 2    Res =  0.6772E-03
 Side 1  free  transition at x/c =  0.5626   44
 Side 2  free  transition at x/c =  0.0151   15

  11   rms: 0.1387E+04   max: -.2269E+05   T at   91  2   RLX: 0.000
       a = -3.000      CL = -1.7851
      Cm =  0.4578     CD =742.89938   =>   CDf =  0.00285    CDp =742.89652

 MRCHDU: Convergence failed at  16  side 2    Res =  0.6376E-03
 Side 1  free  transition at x/c =  0.5626   44
 Side 2  free  transition at x/c =  0.0151   15

  12   rms: 0.3033E+04   max: -.5086E+05   T at  104  2   RLX: 0.000
       a = -3.000      CL = -1.7851
      Cm =  0.4578     CD =744.64449   =>   CDf =  0.00285    CDp =744.64164

 MRCHDU: Convergence failed at  16  side 2    Res =  0.6263E-03
 Side 1  free  transition at x/c =  0.5626   44
 Side 2  free  transition at x/c =  0.0151   15

  13   rms: 0.3367E+04   max: -.7974E+05   T at  104  2   RLX: 0.000
       a = -3.000      CL = -1.7850
      Cm =  0.4578     CD =746.95481   =>   CDf =  0.00285    CDp =746.95196

 MRCHDU: Convergence failed at  16  side 2    Res =  0.6215E-03
 Side 1  free  transition at x/c =  0.5626   44
 Side 2  free  transition at x/c =  0.0151   15

  14   rms: 0.2078E+04   max: -.4295E+05   T at  104  2   RLX: 0.000
       a = -3.000      CL = -1.7850
      Cm =  0.4578     CD =750.51547   =>   CDf =  0.00285    CDp =750.51262

 MRCHDU: Convergence failed at  16  side 2    Res =  0.6141E-03
 Side 1  free  transition at x/c =  0.5626   44
 Side 2  free  transition at x/c =  0.0151   15

  15   rms: 0.1072E+04   max: -.1454E+05   T at  102  2   RLX: 0.000
       a = -3.000      CL = -1.7850
      Cm =  0.4578     CD =764.10824   =>   CDf =  0.00285    CDp =764.10538

 MRCHDU: Convergence failed at  16  side 2    Res =  0.5980E-03
 Side 1  free  transition at x/c =  0.5626   44
 Side 2  free  transition at x/c =  0.0151   15

  16   rms: 0.4582E+03   max: -.4184E+04   T at   97  2   RLX: 0.000
       a = -3.000      CL = -1.7848
      Cm =  0.4578     CD =857.11441   =>   CDf =  0.00285    CDp =857.11155

 MRCHDU: Convergence failed at  16  side 2    Res =  0.5662E-03
 Side 1  free  transition at x/c =  0.5626   44
 Side 2  free  transition at x/c =  0.0151   15

  17   rms: 0.4062E+03   max: -.5039E+04   T at   90  2   RLX: 0.000
       a = -3.000      CL = -1.7846
      Cm =  0.4578     CD =*********   =>   CDf =  0.00285    CDp =*********

 MRCHDU: Convergence failed at  16  side 2    Res =  0.5356E-03
 Side 1  free  transition at x/c =  0.5626   44
 Side 2  free  transition at x/c =  0.0151   15

  18   rms: 0.6500E+03   max: -.9701E+04   T at   90  2   RLX: 0.000
       a = -3.000      CL = -1.7845
      Cm =  0.4578     CD =*********   =>   CDf =  0.00285    CDp =*********

 MRCHDU: Convergence failed at  16  side 2    Res =  0.4967E-03
 Side 1  free  transition at x/c =  0.5626   44
 Side 2  free  transition at x/c =  0.0151   15

  19   rms: 0.1123E+04   max: 0.1935E+05   T at  105  2   RLX: 0.000
       a = -3.000      CL = -1.7846
      Cm =  0.4579     CD =*********   =>   CDf =  0.00285    CDp =*********

 MRCHDU: Convergence failed at  16  side 2    Res =  0.4547E-03
 Side 1  free  transition at x/c =  0.5626   44
 Side 2  free  transition at x/c =  0.0151   15

  20   rms: 0.1457E+04   max: -.2823E+05   T at   90  2   RLX: 0.000
       a = -3.000      CL = -1.7846
      Cm =  0.4579     CD =*********   =>   CDf =  0.00285    CDp =*********

 MRCHDU: Convergence failed at  16  side 2    Res =  0.4172E-03
 Side 1  free  transition at x/c =  0.5626   44
 Side 2  free  transition at x/c =  0.0151   15

  21   rms: 0.1673E+04   max: -.3162E+05   T at  105  2   RLX: 0.000
       a = -3.000      CL = -1.7846
      Cm =  0.4579     CD =*********   =>   CDf =  0.00285    CDp =*********

 MRCHDU: Convergence failed at  16  side 2    Res =  0.3924E-03
 Side 1  free  transition at x/c =  0.5626   44
 Side 2  free  transition at x/c =  0.0151   15

  22   rms: 0.1613E+04   max: -.2982E+05   T at  105  2   RLX: 0.000
       a = -3.000      CL = -1.7846
      Cm =  0.4579     CD =*********   =>   CDf =  0.00285    CDp =*********

 MRCHDU: Convergence failed at  16  side 2    Res =  0.3804E-03
 Side 1  free  transition at x/c =  0.5626   44
 Side 2  free  transition at x/c =  0.0151   15

  23   rms: 0.1237E+04   max: -.1483E+05   C at  107  2   RLX: 0.000
       a = -3.000      CL = -1.7846
      Cm =  0.4579     CD =*********   =>   CDf =  0.00285    CDp =*********

 MRCHDU: Convergence failed at  16  side 2    Res =  0.3631E-03
 Side 1  free  transition at x/c =  0.5626   44
 Side 2  free  transition at x/c =  0.0151   15

  24   rms: 0.5439E+03   max: 0.6895E+04   T at   99  2   RLX: 0.000
       a = -3.000      CL = -1.7844
      Cm =  0.4579     CD =*********   =>   CDf =  0.00285    CDp =*********

 MRCHDU: Convergence failed at  16  side 2    Res =  0.3202E-03
 Side 1  free  transition at x/c =  0.5626   44
 Side 2  free  transition at x/c =  0.0151   15

  25   rms: 0.4752E+03   max: -.8474E+04   T at   89  2   RLX: 0.000
       a = -3.000      CL = -1.7843
      Cm =  0.4579     CD =*********   =>   CDf =  0.00285    CDp =*********

 MRCHDU: Convergence failed at  16  side 2    Res =  0.2845E-03
 Side 1  free  transition at x/c =  0.5626   44
 Side 2  free  transition at x/c =  0.0151   15

  26   rms: 0.6935E+03   max: -.1596E+05   T at   89  2   RLX: 0.000
       a = -3.000      CL = -1.7843
      Cm =  0.4580     CD =*********   =>   CDf =  0.00285    CDp =*********

 MRCHDU: Convergence failed at  16  side 2    Res =  0.2449E-03
 Side 1  free  transition at x/c =  0.5626   44
 Side 2  free  transition at x/c =  0.0151   15

  27   rms: 0.1059E+04   max: -.2732E+05   T at   89  2   RLX: 0.000
       a = -3.000      CL = -1.7844
      Cm =  0.4580     CD =*********   =>   CDf =  0.00285    CDp =*********

 MRCHDU: Convergence failed at  16  side 2    Res =  0.2085E-03
 Side 1  free  transition at x/c =  0.5626   44
 Side 2  free  transition at x/c =  0.0151   15

  28   rms: 0.1304E+04   max: -.3508E+05   T at   89  2   RLX: 0.000
       a = -3.000      CL = -1.7844
      Cm =  0.4580     CD =*********   =>   CDf =  0.00285    CDp =*********

 MRCHDU: Convergence failed at  16  side 2    Res =  0.1797E-03
 Side 1  free  transition at x/c =  0.5626   44
 Side 2  free  transition at x/c =  0.0151   15

  29   rms: 0.9698E+03   max: -.2284E+05   T at   89  2   RLX: 0.000
       a = -3.000      CL = -1.7844
      Cm =  0.4580     CD =*********   =>   CDf =  0.00285    CDp =*********

 MRCHDU: Convergence failed at  16  side 2    Res =  0.1590E-03
 Side 1  free  transition at x/c =  0.5626   44
 Side 2  free  transition at x/c =  0.0151   15

  30   rms: 0.5572E+03   max: -.7138E+04   T at  104  2   RLX: 0.000
       a = -3.000      CL = -1.7843
      Cm =  0.4580     CD =*********   =>   CDf =  0.00285    CDp =*********

 MRCHDU: Convergence failed at  16  side 2    Res =  0.1461E-03
 Side 1  free  transition at x/c =  0.5626   44
 Side 2  free  transition at x/c =  0.0151   15

  31   rms: 0.4418E+03   max: -.5598E+04   T at   88  2   RLX: 0.000
       a = -3.000      CL = -1.7840
      Cm =  0.4580     CD =*********   =>   CDf =  0.00285    CDp =*********

 MRCHDU: Convergence failed at  16  side 2    Res =  0.1455E-03
 Side 1  free  transition at x/c =  0.5626   44
 Side 2  free  transition at x/c =  0.0151   15

  32   rms: 0.6527E+03   max: -.1101E+05   T at   88  2   RLX: 0.000
       a = -3.000      CL = -1.7839
      Cm =  0.4579     CD =*********   =>   CDf =  0.00285    CDp =*********

 MRCHDU: Convergence failed at  16  side 2    Res =  0.1486E-03
 Side 1  free  transition at x/c =  0.5626   44
 Side 2  free  transition at x/c =  0.0151   15

  33   rms: 0.1022E+04   max: -.2105E+05   T at   88  2   RLX: 0.000
       a = -3.000      CL = -1.7838
      Cm =  0.4579     CD =*********   =>   CDf =  0.00285    CDp =*********

 MRCHDU: Convergence failed at  16  side 2    Res =  0.1518E-03
 Side 1  free  transition at x/c =  0.5626   44
 Side 2  free  transition at x/c =  0.0151   15

  34   rms: 0.1431E+04   max: -.3562E+05   T at   88  2   RLX: 0.000
       a = -3.000      CL = -1.7838
      Cm =  0.4579     CD =*********   =>   CDf =  0.00285    CDp =*********

 MRCHDU: Convergence failed at  16  side 2    Res =  0.1536E-03
 Side 1  free  transition at x/c =  0.5626   44
 Side 2  free  transition at x/c =  0.0151   15

  35   rms: 0.1505E+04   max: -.4034E+05   T at   88  2   RLX: 0.000
       a = -3.000      CL = -1.7837
      Cm =  0.4579     CD =*********   =>   CDf =  0.00285    CDp =*********

 MRCHDU: Convergence failed at  16  side 2    Res =  0.1532E-03
 Side 1  free  transition at x/c =  0.5626   44
 Side 2  free  transition at x/c =  0.0151   15

  36   rms: 0.1281E+04   max: -.2008E+05   T at   88  2   RLX: 0.000
       a = -3.000      CL = -1.7837
      Cm =  0.4579     CD =*********   =>   CDf =  0.00285    CDp =*********

 MRCHDU: Convergence failed at  16  side 2    Res =  0.1477E-03
 Side 1  free  transition at x/c =  0.5626   44
 Side 2  free  transition at x/c =  0.0151   15

  37   rms: 0.8420E+03   max: 0.1646E+05   T at   99  2   RLX: 0.000
       a = -3.000      CL = -1.7835
      Cm =  0.4578     CD =*********   =>   CDf =  0.00285    CDp =*********

 MRCHDU: Convergence failed at  16  side 2    Res =  0.1270E-03
 Side 1  free  transition at x/c =  0.5626   44
 Side 2  free  transition at x/c =  0.0151   15

  38   rms: 0.4685E+03   max: 0.7307E+04   T at   99  2   RLX: 0.000
       a = -3.000      CL = -1.7830
      Cm =  0.4577     CD =*********   =>   CDf =  0.00285    CDp =*********

 MRCHDU: Convergence failed at  16  side 2    Res =  0.1076E-03
 Side 1  free  transition at x/c =  0.5626   44
 Side 2  free  transition at x/c =  0.0151   15

  39   rms: 0.9007E+03   max: 0.1555E+05   T at  104  2   RLX: 0.000
       a = -3.000      CL = -1.7827
      Cm =  0.4577     CD =*********   =>   CDf =  0.00285    CDp =*********

 MRCHDU: Convergence failed at  16  side 2    Res =  0.1101E-03
 Side 1  free  transition at x/c =  0.5626   44
 Side 2  free  transition at x/c =  0.0151   15

  40   rms: 0.5428E+04   max: 0.1296E+06   T at  104  2   RLX: 0.000
       a = -3.000      CL = -1.7827
      Cm =  0.4577     CD =*********   =>   CDf =  0.00285    CDp =*********

 MRCHDU: Convergence failed at  16  side 2    Res =  0.1136E-03
 Side 1  free  transition at x/c =  0.5626   44
 Side 2  free  transition at x/c =  0.0151   15

  41   rms: 0.1373E+05   max: 0.3520E+06   T at  104  2   RLX: 0.000
       a = -3.000      CL = -1.7827
      Cm =  0.4577     CD =*********   =>   CDf =  0.00285    CDp =*********

 MRCHDU: Convergence failed at  16  side 2    Res =  0.1167E-03
 Side 1  free  transition at x/c =  0.5626   44
 Side 2  free  transition at x/c =  0.0151   15

  42   rms: 0.1528E+05   max: 0.3814E+06   T at  104  2   RLX: 0.000
       a = -3.000      CL = -1.7826
      Cm =  0.4576     CD =*********   =>   CDf =  0.00285    CDp =*********

 MRCHDU: Convergence failed at  16  side 2    Res =  0.1214E-03
 Side 1  free  transition at x/c =  0.5626   44
 Side 2  free  transition at x/c =  0.0151   15

  43   rms: 0.8669E+04   max: 0.1438E+06   T at  102  2   RLX: 0.000
       a = -3.000      CL = -1.7825
      Cm =  0.4576     CD =*********   =>   CDf =  0.00285    CDp =*********

 MRCHDU: Convergence failed at  16  side 2    Res =  0.1411E-03
 Side 1  free  transition at x/c =  0.5626   44
 Side 2  free  transition at x/c =  0.0151   15

  44   rms: 0.4306E+04   max: 0.7229E+05   T at  100  2   RLX: 0.000
       a = -3.000      CL = -1.7823
      Cm =  0.4575     CD =*********   =>   CDf =  0.00285    CDp =*********

 MRCHDU: Convergence failed at  16  side 2    Res =  0.1902E-03
 Side 1  free  transition at x/c =  0.5626   44
 Side 2  free  transition at x/c =  0.0151   15

  45   rms: 0.2061E+04   max: 0.4303E+05   T at   89  2   RLX: 0.000
       a = -3.000      CL = -1.7823
      Cm =  0.4575     CD =*********   =>   CDf =  0.00285    CDp =*********

 MRCHDU: Convergence failed at  16  side 2    Res =  0.1877E-03
 Side 1  free  transition at x/c =  0.5626   44
 Side 2  free  transition at x/c =  0.0151   15

  46   rms: 0.2143E+04   max: 0.4759E+05   T at   89  2   RLX: 0.000
       a = -3.000      CL = -1.7822
      Cm =  0.4575     CD =*********   =>   CDf =  0.00285    CDp =*********

 MRCHDU: Convergence failed at  16  side 2    Res =  0.1875E-03
 Side 1  free  transition at x/c =  0.5626   44
 Side 2  free  transition at x/c =  0.0151   15

  47   rms: 0.2271E+04   max: -.5174E+05   T at   91  2   RLX: 0.000
       a = -3.000      CL = -1.7822
      Cm =  0.4575     CD =*********   =>   CDf =  0.00285    CDp =*********

 MRCHDU: Convergence failed at  16  side 2    Res =  0.1876E-03
 Side 1  free  transition at x/c =  0.5625   44
 Side 2  free  transition at x/c =  0.0151   15

  48   rms: 0.2719E+04   max: -.6197E+05   T at   93  2   RLX: 0.000
       a = -3.000      CL = -1.7822
      Cm =  0.4575     CD =*********   =>   CDf =  0.00285    CDp =*********

 MRCHDU: Convergence failed at  16  side 2    Res =  0.1874E-03
 Side 1  free  transition at x/c =  0.5625   44
 Side 2  free  transition at x/c =  0.0151   15

  49   rms: 0.3220E+04   max: -.5831E+05   T at   93  2   RLX: 0.000
       a = -3.000      CL = -1.7822
      Cm =  0.4575     CD =*********   =>   CDf =  0.00285    CDp =*********

 MRCHDU: Convergence failed at  16  side 2    Res =  0.1896E-03
 Side 1  free  transition at x/c =  0.5625   44
 Side 2  free  transition at x/c =  0.0151   15

  50   rms: 0.5092E+04   max: -.1061E+06   T at   97  2   RLX: 0.000
       a = -3.000      CL = -1.7821
      Cm =  0.4575     CD =*********   =>   CDf =  0.00285    CDp =*********

 MRCHDU: Convergence failed at  16  side 2    Res =  0.1996E-03
 Side 1  free  transition at x/c =  0.5625   44
 Side 2  free  transition at x/c =  0.0151   15

  51   rms: 0.5614E+04   max: -.1235E+06   T at   97  2   RLX: 0.000
       a = -3.000      CL = -1.7822
      Cm =  0.4575     CD =*********   =>   CDf =  0.00285    CDp =*********

 MRCHDU: Convergence failed at  16  side 2    Res =  0.1867E-03
 Side 1  free  transition at x/c =  0.5625   44
 Side 2  free  transition at x/c =  0.0151   15

  52   rms: 0.6377E+04   max: -.1144E+06   T at  100  2   RLX: 0.000
       a = -3.000      CL = -1.7822
      Cm =  0.4575     CD =*********   =>   CDf =  0.00285    CDp =*********

 MRCHDU: Convergence failed at  16  side 2    Res =  0.1556E-03
 Side 1  free  transition at x/c =  0.5626   44
 Side 2  free  transition at x/c =  0.0151   15

  53   rms: 0.6689E+04   max: -.1751E+06   T at  100  2   RLX: 0.000
       a = -3.000      CL = -1.7823
      Cm =  0.4575     CD =*********   =>   CDf =  0.00285    CDp =*********

 MRCHDU: Convergence failed at  16  side 2    Res =  0.1372E-03
 Side 1  free  transition at x/c =  0.5626   44
 Side 2  free  transition at x/c =  0.0151   15

  54   rms: 0.8080E+04   max: -.1516E+06   T at  100  2   RLX: 0.000
       a = -3.000      CL = -1.7823
      Cm =  0.4576     CD =*********   =>   CDf =  0.00285    CDp =*********

 MRCHDU: Convergence failed at  16  side 2    Res =  0.1265E-03
 Side 1  free  transition at x/c =  0.5626   44
 Side 2  free  transition at x/c =  0.0151   15

  55   rms: 0.1172E+05   max: -.3049E+06   T at  102  2   RLX: 0.000
       a = -3.000      CL = -1.7823
      Cm =  0.4576     CD =*********   =>   CDf =  0.00285    CDp =*********

 MRCHDU: Convergence failed at  16  side 2    Res =  0.1253E-03
 Side 1  free  transition at x/c =  0.5626   44
 Side 2  free  transition at x/c =  0.0151   15

  56   rms: 0.1234E+05   max: -.3256E+06   T at  102  2   RLX: 0.000
       a = -3.000      CL = -1.7823
      Cm =  0.4576     CD =*********   =>   CDf =  0.00285    CDp =*********

 MRCHDU: Convergence failed at  16  side 2    Res =  0.1244E-03
 Side 1  free  transition at x/c =  0.5626   44
 Side 2  free  transition at x/c =  0.0151   15

  57   rms: 0.8892E+04   max: -.1989E+06   T at  102  2   RLX: 0.000
       a = -3.000      CL = -1.7823
      Cm =  0.4576     CD =*********   =>   CDf =  0.00285    CDp =*********

 MRCHDU: Convergence failed at  16  side 2    Res =  0.1232E-03
 Side 1  free  transition at x/c =  0.5626   44
 Side 2  free  transition at x/c =  0.0151   15

  58   rms: 0.8707E+04   max: -.2203E+06   T at  104  2   RLX: 0.000
       a = -3.000      CL = -1.7823
      Cm =  0.4576     CD =*********   =>   CDf =  0.00285    CDp =*********

 MRCHDU: Convergence failed at  16  side 2    Res =  0.1225E-03
 Side 1  free  transition at x/c =  0.5626   44
 Side 2  free  transition at x/c =  0.0151   15

  59   rms: 0.1535E+05   max: -.4123E+06   T at  104  2   RLX: 0.000
       a = -3.000      CL = -1.7823
      Cm =  0.4576     CD =*********   =>   CDf =  0.00285    CDp =*********

 MRCHDU: Convergence failed at  16  side 2    Res =  0.1223E-03
 Side 1  free  transition at x/c =  0.5626   44
 Side 2  free  transition at x/c =  0.0151   15

  60   rms: 0.2213E+05   max: -.5989E+06   T at  104  2   RLX: 0.000
       a = -3.000      CL = -1.7823
      Cm =  0.4576     CD =*********   =>   CDf =  0.00285    CDp =*********

 MRCHDU: Convergence failed at  16  side 2    Res =  0.1221E-03
 Side 1  free  transition at x/c =  0.5626   44
 Side 2  free  transition at x/c =  0.0151   15

  61   rms: 0.2026E+05   max: -.5483E+06   T at  104  2   RLX: 0.000
       a = -3.000      CL = -1.7823
      Cm =  0.4576     CD =*********   =>   CDf =  0.00285    CDp =*********

 MRCHDU: Convergence failed at  16  side 2    Res =  0.1220E-03
 Side 1  free  transition at x/c =  0.5626   44
 Side 2  free  transition at x/c =  0.0151   15

  62   rms: 0.1125E+05   max: -.3013E+06   T at  104  2   RLX: 0.000
       a = -3.000      CL = -1.7823
      Cm =  0.4576     CD =*********   =>   CDf =  0.00285    CDp =*********

 MRCHDU: Convergence failed at  16  side 2    Res =  0.1217E-03
 Side 1  free  transition at x/c =  0.5626   44
 Side 2  free  transition at x/c =  0.0151   15

  63   rms: 0.4143E+04   max: -.1017E+06   T at  104  2   RLX: 0.000
       a = -3.000      CL = -1.7822
      Cm =  0.4576     CD =*********   =>   CDf =  0.00285    CDp =*********

 MRCHDU: Convergence failed at  16  side 2    Res =  0.1211E-03
 Side 1  free  transition at x/c =  0.5626   44
 Side 2  free  transition at x/c =  0.0151   15

  64   rms: 0.1564E+04   max: -.2216E+05   T at  102  2   RLX: 0.000
       a = -3.000      CL = -1.7822
      Cm =  0.4575     CD =*********   =>   CDf =  0.00285    CDp =*********

 MRCHDU: Convergence failed at  16  side 2    Res =  0.1193E-03
 Side 1  free  transition at x/c =  0.5626   44
 Side 2  free  transition at x/c =  0.0151   15

  65   rms: 0.6159E+03   max: 0.8965E+04   T at   89  2   RLX: 0.000
       a = -3.000      CL = -1.7819
      Cm =  0.4575     CD =*********   =>   CDf =  0.00285    CDp =*********

 MRCHDU: Convergence failed at  16  side 2    Res =  0.1208E-03
 Side 1  free  transition at x/c =  0.5626   44
 Side 2  free  transition at x/c =  0.0151   15

  66   rms: 0.3472E+03   max: 0.5107E+04   T at   89  2   RLX: 0.000
       a = -3.000      CL = -1.7815
      Cm =  0.4574     CD =*********   =>   CDf =  0.00285    CDp =*********

 MRCHDU: Convergence failed at  16  side 2    Res =  0.1261E-03
 Side 1  free  transition at x/c =  0.5625   44
 Side 2  free  transition at x/c =  0.0151   15

  67   rms: 0.4734E+03   max: -.5458E+04   T at   99  2   RLX: 0.000
       a = -3.000      CL = -1.7812
      Cm =  0.4573     CD =*********   =>   CDf =  0.00285    CDp =*********

 MRCHDU: Convergence failed at  16  side 2    Res =  0.1327E-03
 Side 1  free  transition at x/c =  0.5625   44
 Side 2  free  transition at x/c =  0.0151   15

  68   rms: 0.9996E+03   max: 0.1468E+05   T at  105  2   RLX: 0.000
       a = -3.000      CL = -1.7811
      Cm =  0.4573     CD =*********   =>   CDf =  0.00285    CDp =*********

 MRCHDU: Convergence failed at  16  side 2    Res =  0.1412E-03
 Side 1  free  transition at x/c =  0.5625   44
 Side 2  free  transition at x/c =  0.0151   15

  69   rms: 0.3147E+04   max: 0.6359E+05   T at  105  2   RLX: 0.000
       a = -3.000      CL = -1.7810
      Cm =  0.4572     CD =*********   =>   CDf =  0.00285    CDp =*********

 MRCHDU: Convergence failed at  16  side 2    Res =  0.1478E-03
 Side 1  free  transition at x/c =  0.5625   44
 Side 2  free  transition at x/c =  0.0151   15

  70   rms: 0.1473E+05   max: 0.3572E+06   T at  105  2   RLX: 0.000
       a = -3.000      CL = -1.7810
      Cm =  0.4572     CD =*********   =>   CDf =  0.00285    CDp =*********

 MRCHDU: Convergence failed at  16  side 2    Res =  0.1471E-03
 Side 1  free  transition at x/c =  0.5625   44
 Side 2  free  transition at x/c =  0.0151   15

  71   rms: 0.2944E+05   max: 0.7343E+06   T at  105  2   RLX: 0.000
       a = -3.000      CL = -1.7810
      Cm =  0.4572     CD =*********   =>   CDf =  0.00285    CDp =*********

 MRCHDU: Convergence failed at  16  side 2    Res =  0.1433E-03
 Side 1  free  transition at x/c =  0.5625   44
 Side 2  free  transition at x/c =  0.0151   15

  72   rms: 0.2507E+05   max: 0.5260E+06   T at  105  2   RLX: 0.000
       a = -3.000      CL = -1.7810
      Cm =  0.4573     CD =*********   =>   CDf =  0.00285    CDp =*********

 MRCHDU: Convergence failed at  16  side 2    Res =  0.1347E-03
 Side 1  free  transition at x/c =  0.5625   44
 Side 2  free  transition at x/c =  0.0151   15

  73   rms: 0.1704E+05   max: 0.3374E+06   T at  101  2   RLX: 0.000
       a = -3.000      CL = -1.7810
      Cm =  0.4573     CD =*********   =>   CDf =  0.00285    CDp =*********

 MRCHDU: Convergence failed at  16  side 2    Res =  0.1324E-03
 Side 1  free  transition at x/c =  0.5625   44
 Side 2  free  transition at x/c =  0.0151   15

  74   rms: 0.1413E+05   max: 0.3072E+06   T at  101  2   RLX: 0.000
       a = -3.000      CL = -1.7810
      Cm =  0.4573     CD =*********   =>   CDf =  0.00285    CDp =*********

 MRCHDU: Convergence failed at  16  side 2    Res =  0.1265E-03
 Side 1  free  transition at x/c =  0.5625   44
 Side 2  free  transition at x/c =  0.0151   15

  75   rms: 0.1480E+05   max: -.3125E+06   T at  103  2   RLX: 0.000
       a = -3.000      CL = -1.7810
      Cm =  0.4573     CD =*********   =>   CDf =  0.00285    CDp =*********

 MRCHDU: Convergence failed at  16  side 2    Res =  0.1245E-03
 Side 1  free  transition at x/c =  0.5625   44
 Side 2  free  transition at x/c =  0.0151   15

  76   rms: 0.1230E+05   max: 0.2482E+06   T at   98  2   RLX: 0.000
       a = -3.000      CL = -1.7810
      Cm =  0.4573     CD =*********   =>   CDf =  0.00285    CDp =*********

 MRCHDU: Convergence failed at  16  side 2    Res =  0.1237E-03
 Side 1  free  transition at x/c =  0.5625   44
 Side 2  free  transition at x/c =  0.0151   15

  77   rms: 0.1018E+05   max: 0.2744E+06   T at   98  2   RLX: 0.000
       a = -3.000      CL = -1.7810
      Cm =  0.4573     CD =*********   =>   CDf =  0.00285    CDp =*********

 MRCHDU: Convergence failed at  16  side 2    Res =  0.1165E-03
 Side 1  free  transition at x/c =  0.5625   44
 Side 2  free  transition at x/c =  0.0151   15

  78   rms: 0.1220E+05   max: 0.2004E+06   T at  105  2   RLX: 0.000
       a = -3.000      CL = -1.7810
      Cm =  0.4573     CD =*********   =>   CDf =  0.00285    CDp =*********

 MRCHDU: Convergence failed at  16  side 2    Res =  0.1045E-03
 Side 1  free  transition at x/c =  0.5625   44
 Side 2  free  transition at x/c =  0.0151   15

  79   rms: 0.1361E+05   max: 0.2540E+06   T at  103  2   RLX: 0.000
       a = -3.000      CL = -1.7810
      Cm =  0.4573     CD =*********   =>   CDf =  0.00285    CDp =*********

 MRCHDU: Convergence failed at  16  side 2    Res =  0.1022E-03
 Side 1  free  transition at x/c =  0.5625   44
 Side 2  free  transition at x/c =  0.0151   15

  80   rms: 0.1265E+05   max: -.3207E+06   T at  101  2   RLX: 0.000
       a = -3.000      CL = -1.7810
      Cm =  0.4573     CD =*********   =>   CDf =  0.00285    CDp =*********

 MRCHDU: Convergence failed at  16  side 2    Res =  0.1021E-03
 Side 1  free  transition at x/c =  0.5625   44
 Side 2  free  transition at x/c =  0.0151   15

  81   rms: 0.1491E+05   max: -.2866E+06   T at  103  2   RLX: 0.000
       a = -3.000      CL = -1.7810
      Cm =  0.4573     CD =*********   =>   CDf =  0.00285    CDp =*********

 MRCHDU: Convergence failed at  16  side 2    Res =  0.1025E-03
 Side 1  free  transition at x/c =  0.5625   44
 Side 2  free  transition at x/c =  0.0151   15

  82   rms: 0.1395E+05   max: -.3194E+06   T at  103  2   RLX: 0.000
       a = -3.000      CL = -1.7810
      Cm =  0.4573     CD =*********   =>   CDf =  0.00285    CDp =*********

 MRCHDU: Convergence failed at  16  side 2    Res =  0.1053E-03
 Side 1  free  transition at x/c =  0.5625   44
 Side 2  free  transition at x/c =  0.0151   15

  83   rms: 0.9614E+04   max: -.1613E+06   T at  105  2   RLX: 0.000
       a = -3.000      CL = -1.7810
      Cm =  0.4573     CD =*********   =>   CDf =  0.00285    CDp =*********

 MRCHDU: Convergence failed at  16  side 2    Res =  0.1134E-03
 Side 1  free  transition at x/c =  0.5625   44
 Side 2  free  transition at x/c =  0.0151   15

  84   rms: 0.1170E+05   max: -.2756E+06   T at  105  2   RLX: 0.000
       a = -3.000      CL = -1.7809
      Cm =  0.4572     CD =*********   =>   CDf =  0.00285    CDp =*********

 MRCHDU: Convergence failed at  16  side 2    Res =  0.1189E-03
 Side 1  free  transition at x/c =  0.5625   44
 Side 2  free  transition at x/c =  0.0151   15

  85   rms: 0.1404E+05   max: -.3409E+06   T at  105  2   RLX: 0.000
       a = -3.000      CL = -1.7809
      Cm =  0.4572     CD =*********   =>   CDf =  0.00285    CDp =*********

 MRCHDU: Convergence failed at  16  side 2    Res =  0.1224E-03
 Side 1  free  transition at x/c =  0.5625   44
 Side 2  free  transition at x/c =  0.0151   15

  86   rms: 0.1091E+05   max: -.2361E+06   T at  105  2   RLX: 0.000
       a = -3.000      CL = -1.7809
      Cm =  0.4572     CD =*********   =>   CDf =  0.00285    CDp =*********

 MRCHDU: Convergence failed at  16  side 2    Res =  0.1244E-03
 Side 1  free  transition at x/c =  0.5625   44
 Side 2  free  transition at x/c =  0.0151   15

  87   rms: 0.7194E+04   max: 0.1790E+06   T at   96  2   RLX: 0.000
       a = -3.000      CL = -1.7809
      Cm =  0.4572     CD =*********   =>   CDf =  0.00285    CDp =*********

 MRCHDU: Convergence failed at  16  side 2    Res =  0.1227E-03
 Side 1  free  transition at x/c =  0.5625   44
 Side 2  free  transition at x/c =  0.0151   15

  88   rms: 0.2496E+05   max: 0.6677E+06   T at  105  2   RLX: 0.000
       a = -3.000      CL = -1.7809
      Cm =  0.4572     CD =*********   =>   CDf =  0.00285    CDp =*********

 MRCHDU: Convergence failed at  16  side 2    Res =  0.1173E-03
 Side 1  free  transition at x/c =  0.5625   44
 Side 2  free  transition at x/c =  0.0151   15

  89   rms: 0.1913E+05   max: 0.5077E+06   T at  105  2   RLX: 0.000
       a = -3.000      CL = -1.7809
      Cm =  0.4573     CD =*********   =>   CDf =  0.00285    CDp =*********

 MRCHDU: Convergence failed at  16  side 2    Res =  0.1065E-03
 Side 1  free  transition at x/c =  0.5625   44
 Side 2  free  transition at x/c =  0.0151   15

  90   rms: 0.9861E+04   max: 0.2407E+06   T at  105  2   RLX: 0.000
       a = -3.000      CL = -1.7810
      Cm =  0.4573     CD =*********   =>   CDf =  0.00285    CDp =*********

 MRCHDU: Convergence failed at  16  side 2    Res =  0.8716E-04
 Side 1  free  transition at x/c =  0.5625   44
 Side 2  free  transition at x/c =  0.0151   15

  91   rms: 0.6689E+04   max: 0.9373E+05   T at  105  2   RLX: 0.000
       a = -3.000      CL = -1.7810
      Cm =  0.4573     CD =*********   =>   CDf =  0.00285    CDp =*********

 MRCHDU: Convergence failed at  16  side 2    Res =  0.7374E-04
 Side 1  free  transition at x/c =  0.5625   44
 Side 2  free  transition at x/c =  0.0151   15

  92   rms: 0.8699E+04   max: 0.1311E+06   T at  101  2   RLX: 0.000
       a = -3.000      CL = -1.7810
      Cm =  0.4573     CD =*********   =>   CDf =  0.00285    CDp =*********

 MRCHDU: Convergence failed at  16  side 2    Res =  0.7092E-04
 Side 1  free  transition at x/c =  0.5625   44
 Side 2  free  transition at x/c =  0.0151   15

  93   rms: 0.8179E+04   max: -.1805E+06   T at   98  2   RLX: 0.000
       a = -3.000      CL = -1.7810
      Cm =  0.4573     CD =*********   =>   CDf =  0.00285    CDp =*********

 MRCHDU: Convergence failed at  16  side 2    Res =  0.7126E-04
 Side 1  free  transition at x/c =  0.5625   44
 Side 2  free  transition at x/c =  0.0151   15

  94   rms: 0.7364E+04   max: -.1664E+06   T at   98  2   RLX: 0.000
       a = -3.000      CL = -1.7810
      Cm =  0.4573     CD =*********   =>   CDf =  0.00285    CDp =*********

 MRCHDU: Convergence failed at  16  side 2    Res =  0.7265E-04
 Side 1  free  transition at x/c =  0.5625   44
 Side 2  free  transition at x/c =  0.0151   15

  95   rms: 0.7369E+04   max: -.1229E+06   T at  101  2   RLX: 0.000
       a = -3.000      CL = -1.7809
      Cm =  0.4573     CD =*********   =>   CDf =  0.00285    CDp =*********

 MRCHDU: Convergence failed at  16  side 2    Res =  0.7421E-04
 Side 1  free  transition at x/c =  0.5625   44
 Side 2  free  transition at x/c =  0.0151   15

  96   rms: 0.4799E+04   max: 0.1186E+06   T at   94  2   RLX: 0.000
       a = -3.000      CL = -1.7809
      Cm =  0.4573     CD =*********   =>   CDf =  0.00285    CDp =*********

 MRCHDU: Convergence failed at  16  side 2    Res =  0.7703E-04
 Side 1  free  transition at x/c =  0.5625   44
 Side 2  free  transition at x/c =  0.0151   15

  97   rms: 0.4782E+04   max: 0.9009E+05   T at   94  2   RLX: 0.000
       a = -3.000      CL = -1.7809
      Cm =  0.4573     CD =*********   =>   CDf =  0.00285    CDp =*********

 MRCHDU: Convergence failed at  16  side 2    Res =  0.6485E-04
 Side 1  free  transition at x/c =  0.5626   44
 Side 2  free  transition at x/c =  0.0151   15

  98   rms: 0.7348E+04   max: 0.1025E+06   T at  103  2   RLX: 0.000
       a = -3.000      CL = -1.7809
      Cm =  0.4573     CD =*********   =>   CDf =  0.00285    CDp =*********

 MRCHDU: Convergence failed at  16  side 2    Res =  0.6180E-04
 Side 1  free  transition at x/c =  0.5626   44
 Side 2  free  transition at x/c =  0.0151   15

  99   rms: 0.8076E+04   max: -.1417E+06   T at   99  2   RLX: 0.000
       a = -3.000      CL = -1.7809
      Cm =  0.4573     CD =*********   =>   CDf =  0.00285    CDp =*********

 MRCHDU: Convergence failed at  16  side 2    Res =  0.6242E-04
 Side 1  free  transition at x/c =  0.5626   44
 Side 2  free  transition at x/c =  0.0151   15

 100   rms: 0.7800E+04   max: 0.1702E+06   T at   98  2   RLX: 0.000
       a = -3.000      CL = -1.7809
      Cm =  0.4573     CD =*********   =>   CDf =  0.00285    CDp =*********

 MRCHDU: Convergence failed at  16  side 2    Res =  0.6557E-04
 Side 1  free  transition at x/c =  0.5626   44
 Side 2  free  transition at x/c =  0.0151   15

 101   rms: 0.7554E+04   max: 0.1973E+06   T at   98  2   RLX: 0.000
       a = -3.000      CL = -1.7808
      Cm =  0.4573     CD =*********   =>   CDf =  0.00285    CDp =*********

 MRCHDU: Convergence failed at  16  side 2    Res =  0.6957E-04
 Side 1  free  transition at x/c =  0.5625   44
 Side 2  free  transition at x/c =  0.0151   15

 102   rms: 0.8111E+04   max: 0.1214E+06   T at  101  2   RLX: 0.000
       a = -3.000      CL = -1.7808
      Cm =  0.4572     CD =*********   =>   CDf =  0.00285    CDp =*********

 MRCHDU: Convergence failed at  16  side 2    Res =  0.7274E-04
 Side 1  free  transition at x/c =  0.5625   44
 Side 2  free  transition at x/c =  0.0151   15

 103   rms: 0.5775E+04   max: 0.9773E+05   T at   99  2   RLX: 0.000
       a = -3.000      CL = -1.7808
      Cm =  0.4572     CD =*********   =>   CDf =  0.00285    CDp =*********

 MRCHDU: Convergence failed at  16  side 2    Res =  0.7666E-04
 Side 1  free  transition at x/c =  0.5625   44
 Side 2  free  transition at x/c =  0.0151   15

 104   rms: 0.4221E+04   max: -.9333E+05   T at   96  2   RLX: 0.000
       a = -3.000      CL = -1.7808
      Cm =  0.4572     CD =*********   =>   CDf =  0.00285    CDp =*********

 MRCHDU: Convergence failed at  16  side 2    Res =  0.7762E-04
 Side 1  free  transition at x/c =  0.5625   44
 Side 2  free  transition at x/c =  0.0151   15

 105   rms: 0.3527E+04   max: 0.7767E+05   T at   92  2   RLX: 0.000
       a = -3.000      CL = -1.7807
      Cm =  0.4572     CD =*********   =>   CDf =  0.00285    CDp =*********

 MRCHDU: Convergence failed at  16  side 2    Res =  0.7538E-04
 Side 1  free  transition at x/c =  0.5625   44
 Side 2  free  transition at x/c =  0.0151   15

 106   rms: 0.4456E+04   max: 0.7698E+05   T at   92  2   RLX: 0.000
       a = -3.000      CL = -1.7807
      Cm =  0.4572     CD =*********   =>   CDf =  0.00285    CDp =*********

 MRCHDU: Convergence failed at  16  side 2    Res =  0.8399E-04
 Side 1  free  transition at x/c =  0.5625   44
 Side 2  free  transition at x/c =  0.0151   15

 107   rms: 0.6165E+04   max: 0.1320E+06   T at   99  2   RLX: 0.000
       a = -3.000      CL = -1.7806
      Cm =  0.4572     CD =*********   =>   CDf =  0.00285    CDp =*********

 MRCHDU: Convergence failed at  16  side 2    Res =  0.9594E-04
 Side 1  free  transition at x/c =  0.5625   44
 Side 2  free  transition at x/c =  0.0151   15

 108   rms: 0.6086E+04   max: 0.1139E+06   T at   96  2   RLX: 0.000
       a = -3.000      CL = -1.7806
      Cm =  0.4572     CD =*********   =>   CDf =  0.00285    CDp =*********

 MRCHDU: Convergence failed at  16  side 2    Res =  0.9803E-04
 Side 1  free  transition at x/c =  0.5625   44
 Side 2  free  transition at x/c =  0.0151   15

 109   rms: 0.4989E+04   max: 0.1311E+06   T at   96  2   RLX: 0.000
       a = -3.000      CL = -1.7805
      Cm =  0.4572     CD =*********   =>   CDf =  0.00285    CDp =*********

 MRCHDU: Convergence failed at  16  side 2    Res =  0.1000E-03
 Side 1  free  transition at x/c =  0.5625   44
 Side 2  free  transition at x/c =  0.0151   15

 110   rms: 0.7314E+04   max: 0.1543E+06   T at  101  2   RLX: 0.000
       a = -3.000      CL = -1.7805
      Cm =  0.4572     CD =*********   =>   CDf =  0.00285    CDp =*********

 MRCHDU: Convergence failed at  16  side 2    Res =  0.9904E-04
 Side 1  free  transition at x/c =  0.5625   44
 Side 2  free  transition at x/c =  0.0151   15

 111   rms: 0.7334E+04   max: -.1094E+06   T at  103  2   RLX: 0.000
       a = -3.000      CL = -1.7805
      Cm =  0.4572     CD =*********   =>   CDf =  0.00285    CDp =*********

 MRCHDU: Convergence failed at  16  side 2    Res =  0.9683E-04
 Side 1  free  transition at x/c =  0.5625   44
 Side 2  free  transition at x/c =  0.0151   15

 112   rms: 0.5667E+04   max: -.1374E+06   T at   99  2   RLX: 0.000
       a = -3.000      CL = -1.7805
      Cm =  0.4572     CD =*********   =>   CDf =  0.00285    CDp =*********

 MRCHDU: Convergence failed at  16  side 2    Res =  0.9443E-04
 Side 1  free  transition at x/c =  0.5625   44
 Side 2  free  transition at x/c =  0.0151   15

 113   rms: 0.6835E+04   max: 0.1136E+06   T at  103  2   RLX: 0.000
       a = -3.000      CL = -1.7805
      Cm =  0.4572     CD =*********   =>   CDf =  0.00285    CDp =*********

 MRCHDU: Convergence failed at  16  side 2    Res =  0.9292E-04
 Side 1  free  transition at x/c =  0.5625   44
 Side 2  free  transition at x/c =  0.0151   15

 114   rms: 0.7979E+04   max: -.1448E+06   T at  101  2   RLX: 0.000
       a = -3.000      CL = -1.7805
      Cm =  0.4572     CD =*********   =>   CDf =  0.00285    CDp =*********

 MRCHDU: Convergence failed at  16  side 2    Res =  0.9464E-04
 Side 1  free  transition at x/c =  0.5625   44
 Side 2  free  transition at x/c =  0.0151   15

 115   rms: 0.6466E+04   max: -.1506E+06   T at  101  2   RLX: 0.000
       a = -3.000      CL = -1.7805
      Cm =  0.4572     CD =*********   =>   CDf =  0.00285    CDp =*********

 MRCHDU: Convergence failed at  16  side 2    Res =  0.9736E-04
 Side 1  free  transition at x/c =  0.5625   44
 Side 2  free  transition at x/c =  0.0151   15

 116   rms: 0.6368E+04   max: -.1270E+06   T at  103  2   RLX: 0.000
       a = -3.000      CL = -1.7804
      Cm =  0.4571     CD =*********   =>   CDf =  0.00285    CDp =*********

 MRCHDU: Convergence failed at  16  side 2    Res =  0.1016E-03
 Side 1  free  transition at x/c =  0.5625   44
 Side 2  free  transition at x/c =  0.0151   15

 117   rms: 0.3787E+04   max: -.7710E+05   T at   94  2   RLX: 0.000
       a = -3.000      CL = -1.7804
      Cm =  0.4571     CD =*********   =>   CDf =  0.00285    CDp =*********

 MRCHDU: Convergence failed at  16  side 2    Res =  0.1117E-03
 Side 1  free  transition at x/c =  0.5625   44
 Side 2  free  transition at x/c =  0.0151   15

 118   rms: 0.3788E+04   max: 0.6331E+05   T at  103  2   RLX: 0.000
       a = -3.000      CL = -1.7803
      Cm =  0.4571     CD =*********   =>   CDf =  0.00285    CDp =*********

 MRCHDU: Convergence failed at  16  side 2    Res =  0.1320E-03
 Side 1  free  transition at x/c =  0.5626   44
 Side 2  free  transition at x/c =  0.0151   15

 119   rms: 0.3426E+04   max: 0.6433E+05   T at  103  2   RLX: 0.000
       a = -3.000      CL = -1.7800
      Cm =  0.4569     CD =*********   =>   CDf =  0.00285    CDp =*********

 MRCHDU: Convergence failed at  16  side 2    Res =  0.2169E-03
 Side 1  free  transition at x/c =  0.5626   44
 Side 2  free  transition at x/c =  0.0151   15

 120   rms: 0.6919E+04   max: -.1267E+06   T at  101  2   RLX: 0.000
       a = -3.000      CL = -1.7800
      Cm =  0.4569     CD =*********   =>   CDf =  0.00285    CDp =*********

 MRCHDU: Convergence failed at  16  side 2    Res =  0.2371E-03
 Side 1  free  transition at x/c =  0.5626   44
 Side 2  free  transition at x/c =  0.0151   15

 121   rms: 0.9667E+04   max: -.2427E+06   T at  103  2   RLX: 0.000
       a = -3.000      CL = -1.7799
      Cm =  0.4569     CD =*********   =>   CDf =  0.00285    CDp =*********

 MRCHDU: Convergence failed at  16  side 2    Res =  0.2478E-03
 Side 1  free  transition at x/c =  0.5626   44
 Side 2  free  transition at x/c =  0.0151   15

 122   rms: 0.6900E+04   max: -.1619E+06   T at  103  2   RLX: 0.000
       a = -3.000      CL = -1.7799
      Cm =  0.4569     CD =*********   =>   CDf =  0.00285    CDp =*********

 MRCHDU: Convergence failed at  16  side 2    Res =  0.2644E-03
 Side 1  free  transition at x/c =  0.5626   44
 Side 2  free  transition at x/c =  0.0151   15

 123   rms: 0.4082E+04   max: -.6357E+05   T at  103  2   RLX: 0.000
       a = -3.000      CL = -1.7797
      Cm =  0.4568     CD =*********   =>   CDf =  0.00285    CDp =*********

 MRCHDU: Convergence failed at  16  side 2    Res =  0.3066E-03
 Side 1  free  transition at x/c =  0.5626   44
 Side 2  free  transition at x/c =  0.0151   15

 124   rms: 0.4135E+04   max: -.9548E+05   T at   98  2   RLX: 0.000
       a = -3.000      CL = -1.7797
      Cm =  0.4568     CD =*********   =>   CDf =  0.00285    CDp =*********

 MRCHDU: Convergence failed at  16  side 2    Res =  0.3327E-03
 Side 1  free  transition at x/c =  0.5626   44
 Side 2  free  transition at x/c =  0.0151   15

 125   rms: 0.5317E+04   max: -.1329E+06   T at   98  2   RLX: 0.000
       a = -3.000      CL = -1.7796
      Cm =  0.4568     CD =*********   =>   CDf =  0.00285    CDp =*********

 MRCHDU: Convergence failed at  16  side 2    Res =  0.3493E-03
 Side 1  free  transition at x/c =  0.5626   44
 Side 2  free  transition at x/c =  0.0151   15

 126   rms: 0.4689E+04   max: -.1094E+06   T at   98  2   RLX: 0.000
       a = -3.000      CL = -1.7796
      Cm =  0.4567     CD =*********   =>   CDf =  0.00285    CDp =*********

 MRCHDU: Convergence failed at  16  side 2    Res =  0.3665E-03
 Side 1  free  transition at x/c =  0.5626   44
 Side 2  free  transition at x/c =  0.0151   15

 127   rms: 0.3286E+04   max: 0.7095E+05   T at   94  2   RLX: 0.000
       a = -3.000      CL = -1.7794
      Cm =  0.4567     CD =*********   =>   CDf =  0.00285    CDp =*********

 MRCHDU: Convergence failed at  16  side 2    Res =  0.4088E-03
 Side 1  free  transition at x/c =  0.5626   44
 Side 2  free  transition at x/c =  0.0151   15

 128   rms: 0.3349E+04   max: 0.8805E+05   T at   94  2   RLX: 0.000
       a = -3.000      CL = -1.7792
      Cm =  0.4566     CD =*********   =>   CDf =  0.00285    CDp =*********

 MRCHDU: Convergence failed at  16  side 2    Res =  0.4694E-03
 Side 1  free  transition at x/c =  0.5626   44
 Side 2  free  transition at x/c =  0.0151   15

 129   rms: 0.2723E+04   max: 0.5453E+05   T at   94  2   RLX: 0.000
       a = -3.000      CL = -1.7789
      Cm =  0.4565     CD =*********   =>   CDf =  0.00285    CDp =*********

 MRCHDU: Convergence failed at  16  side 2    Res =  0.5434E-03
 Side 1  free  transition at x/c =  0.5626   44
 Side 2  free  transition at x/c =  0.0151   15

 130   rms: 0.2985E+04   max: -.5463E+05   T at  105  2   RLX: 0.000
       a = -3.000      CL = -1.7789
      Cm =  0.4564     CD =*********   =>   CDf =  0.00285    CDp =*********

 MRCHDU: Convergence failed at  16  side 2    Res =  0.5781E-03
 Side 1  free  transition at x/c =  0.5626   44
 Side 2  free  transition at x/c =  0.0151   15

 131   rms: 0.4526E+04   max: -.9619E+05   T at  105  2   RLX: 0.000
       a = -3.000      CL = -1.7788
      Cm =  0.4564     CD =*********   =>   CDf =  0.00285    CDp =*********

 MRCHDU: Convergence failed at  16  side 2    Res =  0.6000E-03
 Side 1  free  transition at x/c =  0.5626   44
 Side 2  free  transition at x/c =  0.0151   15

 132   rms: 0.6612E+04   max: -.1536E+06   T at  105  2   RLX: 0.000
       a = -3.000      CL = -1.7788
      Cm =  0.4564     CD =*********   =>   CDf =  0.00285    CDp =*********

 MRCHDU: Convergence failed at  16  side 2    Res =  0.6144E-03
 Side 1  free  transition at x/c =  0.5626   44
 Side 2  free  transition at x/c =  0.0151   15

 133   rms: 0.8842E+04   max: -.2169E+06   T at  105  2   RLX: 0.000
       a = -3.000      CL = -1.7787
      Cm =  0.4563     CD =*********   =>   CDf =  0.00285    CDp =*********

 MRCHDU: Convergence failed at  16  side 2    Res =  0.6241E-03
 Side 1  free  transition at x/c =  0.5626   44
 Side 2  free  transition at x/c =  0.0151   15

 134   rms: 0.9635E+04   max: -.2394E+06   T at  105  2   RLX: 0.000
       a = -3.000      CL = -1.7787
      Cm =  0.4563     CD =*********   =>   CDf =  0.00285    CDp =*********

 MRCHDU: Convergence failed at  16  side 2    Res =  0.6315E-03
 Side 1  free  transition at x/c =  0.5626   44
 Side 2  free  transition at x/c =  0.0151   15

 135   rms: 0.6841E+04   max: -.1544E+06   T at  105  2   RLX: 0.000
       a = -3.000      CL = -1.7787
      Cm =  0.4563     CD =*********   =>   CDf =  0.00285    CDp =*********

 MRCHDU: Convergence failed at  16  side 2    Res =  0.6400E-03
 Side 1  free  transition at x/c =  0.5626   44
 Side 2  free  transition at x/c =  0.0151   15

 136   rms: 0.3466E+04   max: -.6692E+05   T at   92  2   RLX: 0.000
       a = -3.000      CL = -1.7786
      Cm =  0.4563     CD =*********   =>   CDf =  0.00285    CDp =*********

 MRCHDU: Convergence failed at  16  side 2    Res =  0.6557E-03
 Side 1  free  transition at x/c =  0.5626   44
 Side 2  free  transition at x/c =  0.0151   15

 137   rms: 0.3533E+04   max: -.6471E+05   T at   92  2   RLX: 0.000
       a = -3.000      CL = -1.7786
      Cm =  0.4563     CD =*********   =>   CDf =  0.00285    CDp =*********

 MRCHDU: Convergence failed at  16  side 2    Res =  0.6706E-03
 Side 1  free  transition at x/c =  0.5626   44
 Side 2  free  transition at x/c =  0.0151   15

 138   rms: 0.6738E+04   max: -.1353E+06   T at   98  2   RLX: 0.000
       a = -3.000      CL = -1.7785
      Cm =  0.4563     CD =*********   =>   CDf =  0.00285    CDp =*********

 MRCHDU: Convergence failed at  16  side 2    Res =  0.6772E-03
 Side 1  free  transition at x/c =  0.5626   44
 Side 2  free  transition at x/c =  0.0151   15

 139   rms: 0.1320E+05   max: 0.3488E+06   T at  105  2   RLX: 0.000
       a = -3.000      CL = -1.7785
      Cm =  0.4563     CD =*********   =>   CDf =  0.00285    CDp =*********

 MRCHDU: Convergence failed at  16  side 2    Res =  0.6834E-03
 Side 1  free  transition at x/c =  0.5626   44
 Side 2  free  transition at x/c =  0.0151   15

 140   rms: 0.2615E+05   max: 0.7089E+06   T at  105  2   RLX: 0.000
       a = -3.000      CL = -1.7785
      Cm =  0.4563     CD =*********   =>   CDf =  0.00285    CDp =*********

 MRCHDU: Convergence failed at  16  side 2    Res =  0.6818E-03
 Side 1  free  transition at x/c =  0.5626   44
 Side 2  free  transition at x/c =  0.0151   15

 141   rms: 0.2057E+05   max: 0.5571E+06   T at  105  2   RLX: 0.000
       a = -3.000      CL = -1.7785
      Cm =  0.4563     CD =*********   =>   CDf =  0.00285    CDp =*********

 MRCHDU: Convergence failed at  16  side 2    Res =  0.6755E-03
 Side 1  free  transition at x/c =  0.5626   44
 Side 2  free  transition at x/c =  0.0151   15

 142   rms: 0.1009E+05   max: 0.2697E+06   T at  105  2   RLX: 0.000
       a = -3.000      CL = -1.7785
      Cm =  0.4563     CD =*********   =>   CDf =  0.00285    CDp =*********

 MRCHDU: Convergence failed at  16  side 2    Res =  0.6653E-03
 Side 1  free  transition at x/c =  0.5626   44
 Side 2  free  transition at x/c =  0.0151   15

 143   rms: 0.4609E+04   max: 0.1160E+06   T at  105  2   RLX: 0.000
       a = -3.000      CL = -1.7785
      Cm =  0.4563     CD =*********   =>   CDf =  0.00285    CDp =*********

 MRCHDU: Convergence failed at  16  side 2    Res =  0.6563E-03
 Side 1  free  transition at x/c =  0.5626   44
 Side 2  free  transition at x/c =  0.0151   15

 144   rms: 0.2632E+04   max: 0.4637E+05   T at  105  2   RLX: 0.000
       a = -3.000      CL = -1.7785
      Cm =  0.4563     CD =*********   =>   CDf =  0.00285    CDp =*********

 MRCHDU: Convergence failed at  16  side 2    Res =  0.6602E-03
 Side 1  free  transition at x/c =  0.5626   44
 Side 2  free  transition at x/c =  0.0151   15

 145   rms: 0.3195E+04   max: -.8143E+05   T at   94  2   RLX: 0.000
       a = -3.000      CL = -1.7784
      Cm =  0.4562     CD =*********   =>   CDf =  0.00285    CDp =*********

 MRCHDU: Convergence failed at  16  side 2    Res =  0.6655E-03
 Side 1  free  transition at x/c =  0.5626   44
 Side 2  free  transition at x/c =  0.0151   15

 146   rms: 0.3846E+04   max: -.1043E+06   T at   94  2   RLX: 0.000
       a = -3.000      CL = -1.7784
      Cm =  0.4562     CD =*********   =>   CDf =  0.00285    CDp =*********

 MRCHDU: Convergence failed at  16  side 2    Res =  0.6722E-03
 Side 1  free  transition at x/c =  0.5626   44
 Side 2  free  transition at x/c =  0.0151   15

 147   rms: 0.2965E+04   max: -.7221E+05   T at   94  2   RLX: 0.000
       a = -3.000      CL = -1.7783
      Cm =  0.4562     CD =*********   =>   CDf =  0.00285    CDp =*********

 MRCHDU: Convergence failed at  16  side 2    Res =  0.6856E-03
 Side 1  free  transition at x/c =  0.5626   44
 Side 2  free  transition at x/c =  0.0151   15

 148   rms: 0.2179E+04   max: -.4204E+05   T at  105  2   RLX: 0.000
       a = -3.000      CL = -1.7782
      Cm =  0.4562     CD =*********   =>   CDf =  0.00285    CDp =*********

 MRCHDU: Convergence failed at  16  side 2    Res =  0.7130E-03
 Side 1  free  transition at x/c =  0.5626   44
 Side 2  free  transition at x/c =  0.0151   15

 149   rms: 0.3530E+04   max: -.8783E+05   T at  105  2   RLX: 0.000
       a = -3.000      CL = -1.7782
      Cm =  0.4561     CD =*********   =>   CDf =  0.00285    CDp =*********

 MRCHDU: Convergence failed at  16  side 2    Res =  0.7312E-03
 Side 1  free  transition at x/c =  0.5626   44
 Side 2  free  transition at x/c =  0.0151   15

 150   rms: 0.6719E+04   max: -.1776E+06   T at  105  2   RLX: 0.000
       a = -3.000      CL = -1.7781
      Cm =  0.4561     CD =*********   =>   CDf =  0.00285    CDp =*********

 MRCHDU: Convergence failed at  16  side 2    Res =  0.7438E-03
 Side 1  free  transition at x/c =  0.5626   44
 Side 2  free  transition at x/c =  0.0151   15

 151   rms: 0.1314E+05   max: -.3544E+06   T at  105  2   RLX: 0.000
       a = -3.000      CL = -1.7781
      Cm =  0.4561     CD =*********   =>   CDf =  0.00285    CDp =*********

 MRCHDU: Convergence failed at  16  side 2    Res =  0.7522E-03
 Side 1  free  transition at x/c =  0.5626   44
 Side 2  free  transition at x/c =  0.0151   15

 152   rms: 0.2447E+05   max: -.6639E+06   T at  105  2   RLX: 0.000
       a = -3.000      CL = -1.7781
      Cm =  0.4561     CD =*********   =>   CDf =  0.00285    CDp =*********

 MRCHDU: Convergence failed at  16  side 2    Res =  0.7575E-03
 Side 1  free  transition at x/c =  0.5626   44
 Side 2  free  transition at x/c =  0.0151   15

 153   rms: 0.3689E+05   max: -.1002E+07   T at  105  2   RLX: 0.000
       a = -3.000      CL = -1.7781
      Cm =  0.4561     CD =*********   =>   CDf =  0.00285    CDp =*********

 MRCHDU: Convergence failed at  16  side 2    Res =  0.7608E-03
 Side 1  free  transition at x/c =  0.5626   44
 Side 2  free  transition at x/c =  0.0151   15

 154   rms: 0.3554E+05   max: -.9656E+06   T at  105  2   RLX: 0.000
       a = -3.000      CL = -1.7781
      Cm =  0.4561     CD =*********   =>   CDf =  0.00285    CDp =*********

 MRCHDU: Convergence failed at  16  side 2    Res =  0.7629E-03
 Side 1  free  transition at x/c =  0.5626   44
 Side 2  free  transition at x/c =  0.0151   15

 155   rms: 0.2097E+05   max: -.5685E+06   T at  105  2   RLX: 0.000
       a = -3.000      CL = -1.7781
      Cm =  0.4561     CD =*********   =>   CDf =  0.00285    CDp =*********

 MRCHDU: Convergence failed at  16  side 2    Res =  0.7643E-03
 Side 1  free  transition at x/c =  0.5626   44
 Side 2  free  transition at x/c =  0.0151   15

 156   rms: 0.8215E+04   max: -.2181E+06   T at  105  2   RLX: 0.000
       a = -3.000      CL = -1.7781
      Cm =  0.4561     CD =*********   =>   CDf =  0.00285    CDp =*********

 MRCHDU: Convergence failed at  16  side 2    Res =  0.7661E-03
 Side 1  free  transition at x/c =  0.5626   44
 Side 2  free  transition at x/c =  0.0151   15

 157   rms: 0.2693E+04   max: -.5160E+05   T at  105  2   RLX: 0.000
       a = -3.000      CL = -1.7780
      Cm =  0.4561     CD =*********   =>   CDf =  0.00285    CDp =*********

 MRCHDU: Convergence failed at  16  side 2    Res =  0.7716E-03
 Side 1  free  transition at x/c =  0.5626   44
 Side 2  free  transition at x/c =  0.0151   15

 158   rms: 0.2905E+04   max: -.7097E+05   T at   96  2   RLX: 0.000
       a = -3.000      CL = -1.7780
      Cm =  0.4561     CD =*********   =>   CDf =  0.00285    CDp =*********

 MRCHDU: Convergence failed at  16  side 2    Res =  0.7758E-03
 Side 1  free  transition at x/c =  0.5626   44
 Side 2  free  transition at x/c =  0.0151   15

 159   rms: 0.4694E+04   max: -.1235E+06   T at   96  2   RLX: 0.000
       a = -3.000      CL = -1.7780
      Cm =  0.4561     CD =*********   =>   CDf =  0.00285    CDp =*********

 MRCHDU: Convergence failed at  16  side 2    Res =  0.7787E-03
 Side 1  free  transition at x/c =  0.5626   44
 Side 2  free  transition at x/c =  0.0151   15

 160   rms: 0.5819E+04   max: -.1581E+06   T at   96  2   RLX: 0.000
       a = -3.000      CL = -1.7780
      Cm =  0.4560     CD =*********   =>   CDf =  0.00285    CDp =*********

 MRCHDU: Convergence failed at  16  side 2    Res =  0.7819E-03
 Side 1  free  transition at x/c =  0.5626   44
 Side 2  free  transition at x/c =  0.0151   15

 161   rms: 0.4527E+04   max: -.1138E+06   T at   96  2   RLX: 0.000
       a = -3.000      CL = -1.7779
      Cm =  0.4560     CD =*********   =>   CDf =  0.00285    CDp =*********

 MRCHDU: Convergence failed at  16  side 2    Res =  0.7875E-03
 Side 1  free  transition at x/c =  0.5626   44
 Side 2  free  transition at x/c =  0.0151   15

 162   rms: 0.2305E+04   max: -.4213E+05   T at   98  2   RLX: 0.000
       a = -3.000      CL = -1.7779
      Cm =  0.4560     CD =*********   =>   CDf =  0.00285    CDp =*********

 MRCHDU: Convergence failed at  16  side 2    Res =  0.8042E-03
 Side 1  free  transition at x/c =  0.5626   44
 Side 2  free  transition at x/c =  0.0151   15

 163   rms: 0.1053E+04   max: -.1801E+05   T at  106  2   RLX: 0.000
       a = -3.000      CL = -1.7777
      Cm =  0.4559     CD =*********   =>   CDf =  0.00285    CDp =*********

 MRCHDU: Convergence failed at  16  side 2    Res =  0.8463E-03
 Side 1  free  transition at x/c =  0.5626   44
 Side 2  free  transition at x/c =  0.0151   15

 164   rms: 0.1794E+04   max: -.3535E+05   T at  106  2   RLX: 0.000
       a = -3.000      CL = -1.7776
      Cm =  0.4559     CD =*********   =>   CDf =  0.00285    CDp =*********

 MRCHDU: Convergence failed at  16  side 2    Res =  0.8734E-03
 Side 1  free  transition at x/c =  0.5626   44
 Side 2  free  transition at x/c =  0.0151   15

 165   rms: 0.3520E+04   max: -.6985E+05   T at  106  2   RLX: 0.000
       a = -3.000      CL = -1.7775
      Cm =  0.4559     CD =*********   =>   CDf =  0.00285    CDp =*********

 MRCHDU: Convergence failed at  16  side 2    Res =  0.8912E-03
 Side 1  free  transition at x/c =  0.5626   44
 Side 2  free  transition at x/c =  0.0151   15

 166   rms: 0.7125E+04   max: -.1379E+06   T at  106  2   RLX: 0.000
       a = -3.000      CL = -1.7775
      Cm =  0.4559     CD =*********   =>   CDf =  0.00285    CDp =*********

 MRCHDU: Convergence failed at  16  side 2    Res =  0.9024E-03
 Side 1  free  transition at x/c =  0.5626   44
 Side 2  free  transition at x/c =  0.0151   15

 167   rms: 0.1417E+05   max: 0.2747E+06   T at  105  2   RLX: 0.000
       a = -3.000      CL = -1.7775
      Cm =  0.4558     CD =*********   =>   CDf =  0.00285    CDp =*********

 MRCHDU: Convergence failed at  16  side 2    Res =  0.9092E-03
 Side 1  free  transition at x/c =  0.5626   44
 Side 2  free  transition at x/c =  0.0151   15

 168   rms: 0.2575E+05   max: 0.5111E+06   T at  105  2   RLX: 0.000
       a = -3.000      CL = -1.7775
      Cm =  0.4558     CD =*********   =>   CDf =  0.00285    CDp =*********

 MRCHDU: Convergence failed at  16  side 2    Res =  0.9133E-03
 Side 1  free  transition at x/c =  0.5626   44
 Side 2  free  transition at x/c =  0.0151   15

 169   rms: 0.3903E+05   max: 0.8099E+06   T at  105  2   RLX: 0.000
       a = -3.000      CL = -1.7775
      Cm =  0.4558     CD =*********   =>   CDf =  0.00285    CDp =*********

 MRCHDU: Convergence failed at  16  side 2    Res =  0.9160E-03
 Side 1  free  transition at x/c =  0.5626   44
 Side 2  free  transition at x/c =  0.0151   15

 170   rms: 0.4418E+05   max: 0.1085E+07   T at  105  2   RLX: 0.000
       a = -3.000      CL = -1.7774
      Cm =  0.4558     CD =*********   =>   CDf =  0.00285    CDp =*********

 MRCHDU: Convergence failed at  16  side 2    Res =  0.9183E-03
 Side 1  free  transition at x/c =  0.5626   44
 Side 2  free  transition at x/c =  0.0151   15

 171   rms: 0.4144E+05   max: 0.1099E+07   T at  105  2   RLX: 0.000
       a = -3.000      CL = -1.7774
      Cm =  0.4558     CD =*********   =>   CDf =  0.00285    CDp =*********

 MRCHDU: Convergence failed at  16  side 2    Res =  0.9194E-03
 Side 1  free  transition at x/c =  0.5626   44
 Side 2  free  transition at x/c =  0.0151   15

 172   rms: 0.3755E+05   max: 0.8237E+06   T at  106  2   RLX: 0.000
       a = -3.000      CL = -1.7774
      Cm =  0.4558     CD =*********   =>   CDf =  0.00285    CDp =*********

 MRCHDU: Convergence failed at  16  side 2    Res =  0.9190E-03
 Side 1  free  transition at x/c =  0.5626   44
 Side 2  free  transition at x/c =  0.0151   15

 173   rms: 0.3154E+05   max: 0.8028E+06   T at  106  2   RLX: 0.000
       a = -3.000      CL = -1.7774
      Cm =  0.4558     CD =*********   =>   CDf =  0.00285    CDp =*********

 MRCHDU: Convergence failed at  16  side 2    Res =  0.9158E-03
 Side 1  free  transition at x/c =  0.5626   44
 Side 2  free  transition at x/c =  0.0151   15

 174   rms: 0.1645E+05   max: 0.3959E+06   T at  106  2   RLX: 0.000
       a = -3.000      CL = -1.7775
      Cm =  0.4558     CD =*********   =>   CDf =  0.00285    CDp =*********

 MRCHDU: Convergence failed at  16  side 2    Res =  0.9079E-03
 Side 1  free  transition at x/c =  0.5626   44
 Side 2  free  transition at x/c =  0.0151   15

 175   rms: 0.8480E+04   max: 0.1564E+06   T at  106  2   RLX: 0.000
       a = -3.000      CL = -1.7775
      Cm =  0.4559     CD =*********   =>   CDf =  0.00285    CDp =*********

 MRCHDU: Convergence failed at  16  side 2    Res =  0.8930E-03
 Side 1  free  transition at x/c =  0.5626   44
 Side 2  free  transition at x/c =  0.0151   15

 176   rms: 0.9593E+04   max: 0.2342E+06   T at   99  2   RLX: 0.000
       a = -3.000      CL = -1.7774
      Cm =  0.4558     CD =*********   =>   CDf =  0.00285    CDp =*********

 MRCHDU: Convergence failed at  16  side 2    Res =  0.8913E-03
 Side 1  free  transition at x/c =  0.5626   44
 Side 2  free  transition at x/c =  0.0151   15

 177   rms: 0.1059E+05   max: 0.2559E+06   T at   99  2   RLX: 0.000
       a = -3.000      CL = -1.7774
      Cm =  0.4558     CD =*********   =>   CDf =  0.00285    CDp =*********

 MRCHDU: Convergence failed at  16  side 2    Res =  0.8958E-03
 Side 1  free  transition at x/c =  0.5626   44
 Side 2  free  transition at x/c =  0.0151   15

 178   rms: 0.7476E+04   max: 0.1507E+06   T at   99  2   RLX: 0.000
       a = -3.000      CL = -1.7774
      Cm =  0.4558     CD =*********   =>   CDf =  0.00285    CDp =*********

 MRCHDU: Convergence failed at  16  side 2    Res =  0.9059E-03
 Side 1  free  transition at x/c =  0.5626   44
 Side 2  free  transition at x/c =  0.0151   15

 179   rms: 0.5147E+04   max: 0.8587E+05   T at   99  2   RLX: 0.000
       a = -3.000      CL = -1.7773
      Cm =  0.4558     CD =*********   =>   CDf =  0.00285    CDp =*********

 MRCHDU: Convergence failed at  16  side 2    Res =  0.9197E-03
 Side 1  free  transition at x/c =  0.5626   44
 Side 2  free  transition at x/c =  0.0151   15

 180   rms: 0.7845E+04   max: -.1706E+06   T at  106  2   RLX: 0.000
       a = -3.000      CL = -1.7773
      Cm =  0.4558     CD =*********   =>   CDf =  0.00285    CDp =*********

 MRCHDU: Convergence failed at  16  side 2    Res =  0.9281E-03
 Side 1  free  transition at x/c =  0.5626   44
 Side 2  free  transition at x/c =  0.0151   15

 181   rms: 0.1393E+05   max: -.3355E+06   T at  106  2   RLX: 0.000
       a = -3.000      CL = -1.7773
      Cm =  0.4558     CD =*********   =>   CDf =  0.00285    CDp =*********

 MRCHDU: Convergence failed at  16  side 2    Res =  0.9329E-03
 Side 1  free  transition at x/c =  0.5626   44
 Side 2  free  transition at x/c =  0.0151   15

 182   rms: 0.2399E+05   max: -.6111E+06   T at  106  2   RLX: 0.000
       a = -3.000      CL = -1.7773
      Cm =  0.4558     CD =*********   =>   CDf =  0.00285    CDp =*********

 MRCHDU: Convergence failed at  16  side 2    Res =  0.9356E-03
 Side 1  free  transition at x/c =  0.5626   44
 Side 2  free  transition at x/c =  0.0151   15

 183   rms: 0.3467E+05   max: -.9031E+06   T at  106  2   RLX: 0.000
       a = -3.000      CL = -1.7773
      Cm =  0.4558     CD =*********   =>   CDf =  0.00285    CDp =*********

 MRCHDU: Convergence failed at  16  side 2    Res =  0.9369E-03
 Side 1  free  transition at x/c =  0.5626   44
 Side 2  free  transition at x/c =  0.0151   15

 184   rms: 0.3439E+05   max: -.8826E+06   T at  106  2   RLX: 0.000
       a = -3.000      CL = -1.7773
      Cm =  0.4558     CD =*********   =>   CDf =  0.00285    CDp =*********

 MRCHDU: Convergence failed at  16  side 2    Res =  0.9375E-03
 Side 1  free  transition at x/c =  0.5626   44
 Side 2  free  transition at x/c =  0.0151   15

 185   rms: 0.2390E+05   max: -.5364E+06   T at  106  2   RLX: 0.000
       a = -3.000      CL = -1.7773
      Cm =  0.4558     CD =*********   =>   CDf =  0.00285    CDp =*********

 MRCHDU: Convergence failed at  16  side 2    Res =  0.9381E-03
 Side 1  free  transition at x/c =  0.5626   44
 Side 2  free  transition at x/c =  0.0151   15

 186   rms: 0.2096E+05   max: -.5317E+06   T at  105  2   RLX: 0.000
       a = -3.000      CL = -1.7773
      Cm =  0.4558     CD =*********   =>   CDf =  0.00285    CDp =*********

 MRCHDU: Convergence failed at  16  side 2    Res =  0.9386E-03
 Side 1  free  transition at x/c =  0.5626   44
 Side 2  free  transition at x/c =  0.0151   15

 187   rms: 0.3279E+05   max: -.8869E+06   T at  105  2   RLX: 0.000
       a = -3.000      CL = -1.7773
      Cm =  0.4558     CD =*********   =>   CDf =  0.00285    CDp =*********

 MRCHDU: Convergence failed at  16  side 2    Res =  0.9388E-03
 Side 1  free  transition at x/c =  0.5626   44
 Side 2  free  transition at x/c =  0.0151   15

 188   rms: 0.3873E+05   max: -.1053E+07   T at  105  2   RLX: 0.000
       a = -3.000      CL = -1.7773
      Cm =  0.4558     CD =*********   =>   CDf =  0.00285    CDp =*********

 MRCHDU: Convergence failed at  16  side 2    Res =  0.9390E-03
 Side 1  free  transition at x/c =  0.5626   44
 Side 2  free  transition at x/c =  0.0151   15

 189   rms: 0.2832E+05   max: -.7610E+06   T at  105  2   RLX: 0.000
       a = -3.000      CL = -1.7773
      Cm =  0.4558     CD =*********   =>   CDf =  0.00285    CDp =*********

 MRCHDU: Convergence failed at  16  side 2    Res =  0.9392E-03
 Side 1  free  transition at x/c =  0.5626   44
 Side 2  free  transition at x/c =  0.0151   15

 190   rms: 0.1444E+05   max: -.3499E+06   T at  105  2   RLX: 0.000
       a = -3.000      CL = -1.7772
      Cm =  0.4558     CD =*********   =>   CDf =  0.00285    CDp =*********

 MRCHDU: Convergence failed at  16  side 2    Res =  0.9397E-03
 Side 1  free  transition at x/c =  0.5626   44
 Side 2  free  transition at x/c =  0.0151   15

 191   rms: 0.1080E+05   max: 0.2736E+06   T at  106  2   RLX: 0.000
       a = -3.000      CL = -1.7772
      Cm =  0.4558     CD =*********   =>   CDf =  0.00285    CDp =*********

 MRCHDU: Convergence failed at  16  side 2    Res =  0.9412E-03
 Side 1  free  transition at x/c =  0.5626   44
 Side 2  free  transition at x/c =  0.0151   15

 192   rms: 0.2871E+05   max: 0.7800E+06   T at  106  2   RLX: 0.000
       a = -3.000      CL = -1.7772
      Cm =  0.4558     CD =*********   =>   CDf =  0.00285    CDp =*********

 MRCHDU: Convergence failed at  16  side 2    Res =  0.9403E-03
 Side 1  free  transition at x/c =  0.5626   44
 Side 2  free  transition at x/c =  0.0151   15

 193   rms: 0.3864E+05   max: 0.1051E+07   T at  106  2   RLX: 0.000
       a = -3.000      CL = -1.7772
      Cm =  0.4558     CD =*********   =>   CDf =  0.00285    CDp =*********

 MRCHDU: Convergence failed at  16  side 2    Res =  0.9372E-03
 Side 1  free  transition at x/c =  0.5626   44
 Side 2  free  transition at x/c =  0.0151   15

 194   rms: 0.2398E+05   max: 0.6514E+06   T at  106  2   RLX: 0.000
       a = -3.000      CL = -1.7772
      Cm =  0.4558     CD =*********   =>   CDf =  0.00285    CDp =*********

 MRCHDU: Convergence failed at  16  side 2    Res =  0.9308E-03
 Side 1  free  transition at x/c =  0.5626   44
 Side 2  free  transition at x/c =  0.0151   15

 195   rms: 0.1066E+05   max: 0.2884E+06   T at  106  2   RLX: 0.000
       a = -3.000      CL = -1.7773
      Cm =  0.4558     CD =*********   =>   CDf =  0.00285    CDp =*********

 MRCHDU: Convergence failed at  16  side 2    Res =  0.9185E-03
 Side 1  free  transition at x/c =  0.5626   44
 Side 2  free  transition at x/c =  0.0151   15

 196   rms: 0.4494E+04   max: 0.1191E+06   T at  106  2   RLX: 0.000
       a = -3.000      CL = -1.7773
      Cm =  0.4558     CD =*********   =>   CDf =  0.00285    CDp =*********

 MRCHDU: Convergence failed at  16  side 2    Res =  0.8979E-03
 Side 1  free  transition at x/c =  0.5626   44
 Side 2  free  transition at x/c =  0.0151   15

 197   rms: 0.1972E+04   max: 0.4900E+05   T at  106  2   RLX: 0.000
       a = -3.000      CL = -1.7773
      Cm =  0.4558     CD =*********   =>   CDf =  0.00285    CDp =*********

 MRCHDU: Convergence failed at  16  side 2    Res =  0.8697E-03
 Side 1  free  transition at x/c =  0.5626   44
 Side 2  free  transition at x/c =  0.0151   15

 198   rms: 0.9310E+03   max: 0.2049E+05   T at  106  2   RLX: 0.000
       a = -3.000      CL = -1.7771
      Cm =  0.4558     CD =*********   =>   CDf =  0.00285    CDp =*********

 MRCHDU: Convergence failed at  16  side 2    Res =  0.8466E-03
 Side 1  free  transition at x/c =  0.5626   44
 Side 2  free  transition at x/c =  0.0151   15

 199   rms: 0.4808E+03   max: 0.8915E+04   T at  106  2   RLX: 0.000
       a = -3.000      CL = -1.7766
      Cm =  0.4557     CD =*********   =>   CDf =  0.00285    CDp =*********

 MRCHDU: Convergence failed at  16  side 2    Res =  0.8540E-03
 Side 1  free  transition at x/c =  0.5626   44
 Side 2  free  transition at x/c =  0.0151   15

 200   rms: 0.3194E+03   max: 0.4226E+04   T at  106  2   RLX: 0.000
       a = -3.000      CL = -1.7755
      Cm =  0.4554     CD =*********   =>   CDf =  0.00285    CDp =*********

 MRCHDU: Convergence failed at  16  side 2    Res =  0.9014E-03
 Side 1  free  transition at x/c =  0.5626   44
 Side 2  free  transition at x/c =  0.0151   15

 201   rms: 0.1501E+04   max: 0.3241E+05   T at  104  2   RLX: 0.000
       a = -3.000      CL = -1.7754
      Cm =  0.4553     CD =*********   =>   CDf =  0.00285    CDp =*********

 MRCHDU: Convergence failed at  16  side 2    Res =  0.9083E-03
 Side 1  free  transition at x/c =  0.5626   44
 Side 2  free  transition at x/c =  0.0151   15

 202   rms: 0.1013E+05   max: 0.2550E+06   T at  104  2   RLX: 0.000
       a = -3.000      CL = -1.7754
      Cm =  0.4553     CD =*********   =>   CDf =  0.00285    CDp =*********

 MRCHDU: Convergence failed at  16  side 2    Res =  0.9096E-03
 Side 1  free  transition at x/c =  0.5626   44
 Side 2  free  transition at x/c =  0.0151   15

 203   rms: 0.2962E+05   max: 0.7721E+06   T at  104  2   RLX: 0.000
       a = -3.000      CL = -1.7754
      Cm =  0.4553     CD =*********   =>   CDf =  0.00285    CDp =*********

 MRCHDU: Convergence failed at  16  side 2    Res =  0.9101E-03
 Side 1  free  transition at x/c =  0.5626   44
 Side 2  free  transition at x/c =  0.0151   15

 204   rms: 0.3712E+05   max: 0.9393E+06   T at  104  2   RLX: 0.000
       a = -3.000      CL = -1.7754
      Cm =  0.4553     CD =*********   =>   CDf =  0.00285    CDp =*********

 MRCHDU: Convergence failed at  16  side 2    Res =  0.9106E-03
 Side 1  free  transition at x/c =  0.5626   44
 Side 2  free  transition at x/c =  0.0151   15

 205   rms: 0.2484E+05   max: 0.5522E+06   T at  102  2   RLX: 0.000
       a = -3.000      CL = -1.7754
      Cm =  0.4553     CD =*********   =>   CDf =  0.00285    CDp =*********
 VISCAL:  Convergence failed
      9.000    4.3205***********   0.001263   0.001364   0.000101    0.5626     #
 Calculating wake trajectory ...
 Calculating source influence matrix ...

 Solving BL system ...

 MRCHDU: Convergence failed at  16  side 2    Res =  0.9116E-03
 Side 1  free  transition at x/c =  0.5626   44
 Side 2  free  transition at x/c =  0.0151   15

   1   rms: 0.2299E+05   max: 0.6117E+06   T at  102  2   RLX: 0.000
       a = -4.000      CL = -1.7732
      Cm =  0.4553     CD =*********   =>   CDf =  0.00285    CDp =*********

 MRCHDU: Convergence failed at  16  side 2    Res =  0.9125E-03
 Side 1  free  transition at x/c =  0.5626   44
 Side 2  free  transition at x/c =  0.0151   15

   2   rms: 0.1886E+05   max: -.3882E+06   T at  104  2   RLX: 0.000
       a = -4.000      CL = -1.7732
      Cm =  0.4553     CD =*********   =>   CDf =  0.00285    CDp =*********

 MRCHDU: Convergence failed at  16  side 2    Res =  0.9133E-03
 Side 1  free  transition at x/c =  0.5626   44
 Side 2  free  transition at x/c =  0.0151   15

   3   rms: 0.2814E+05   max: -.7233E+06   T at  104  2   RLX: 0.000
       a = -4.000      CL = -1.7732
      Cm =  0.4553     CD =*********   =>   CDf =  0.00285    CDp =*********

 MRCHDU: Convergence failed at  16  side 2    Res =  0.9137E-03
 Side 1  free  transition at x/c =  0.5626   44
 Side 2  free  transition at x/c =  0.0151   15

   4   rms: 0.3623E+05   max: -.9597E+06   T at  104  2   RLX: 0.000
       a = -4.000      CL = -1.7732
      Cm =  0.4553     CD =*********   =>   CDf =  0.00285    CDp =*********

 MRCHDU: Convergence failed at  16  side 2    Res =  0.9141E-03
 Side 1  free  transition at x/c =  0.5626   44
 Side 2  free  transition at x/c =  0.0151   15

   5   rms: 0.2959E+05   max: -.7773E+06   T at  104  2   RLX: 0.000
       a = -4.000      CL = -1.7732
      Cm =  0.4553     CD =*********   =>   CDf =  0.00285    CDp =*********

 MRCHDU: Convergence failed at  16  side 2    Res =  0.9147E-03
 Side 1  free  transition at x/c =  0.5626   44
 Side 2  free  transition at x/c =  0.0151   15

   6   rms: 0.1597E+05   max: -.3870E+06   T at  104  2   RLX: 0.000
       a = -4.000      CL = -1.7731
      Cm =  0.4553     CD =*********   =>   CDf =  0.00285    CDp =*********

 MRCHDU: Convergence failed at  16  side 2    Res =  0.9159E-03
 Side 1  free  transition at x/c =  0.5626   44
 Side 2  free  transition at x/c =  0.0151   15

   7   rms: 0.8281E+04   max: 0.1324E+06   T at  102  2   RLX: 0.000
       a = -4.000      CL = -1.7731
      Cm =  0.4553     CD =*********   =>   CDf =  0.00285    CDp =*********

 MRCHDU: Convergence failed at  16  side 2    Res =  0.9206E-03
 Side 1  free  transition at x/c =  0.5626   44
 Side 2  free  transition at x/c =  0.0151   15

   8   rms: 0.1071E+05   max: 0.1369E+06   T at  100  2   RLX: 0.000
       a = -4.000      CL = -1.7730
      Cm =  0.4553     CD =*********   =>   CDf =  0.00285    CDp =*********

 MRCHDU: Convergence failed at  16  side 2    Res =  0.9357E-03
 Side 1  free  transition at x/c =  0.5626   44
 Side 2  free  transition at x/c =  0.0151   15

   9   rms: 0.1370E+05   max: 0.3472E+06   T at  100  2   RLX: 0.000
       a = -4.000      CL = -1.7729
      Cm =  0.4552     CD =*********   =>   CDf =  0.00285    CDp =*********

 MRCHDU: Convergence failed at  16  side 2    Res =  0.9744E-03
 Side 1  free  transition at x/c =  0.5626   44
 Side 2  free  transition at x/c =  0.0151   15

  10   rms: 0.1050E+05   max: 0.2252E+06   T at   97  2   RLX: 0.000
       a = -4.000      CL = -1.7727
      Cm =  0.4551     CD =*********   =>   CDf =  0.00285    CDp =*********

 MRCHDU: Convergence failed at  16  side 2    Res =  0.1036E-02
 Side 1  free  transition at x/c =  0.5626   44
 Side 2  free  transition at x/c =  0.0151   15

  11   rms: 0.8397E+04   max: 0.2253E+06   T at   97  2   RLX: 0.000
       a = -4.000      CL = -1.7728
      Cm =  0.4552     CD =*********   =>   CDf =  0.00285    CDp =*********

 MRCHDU: Convergence failed at  16  side 2    Res =  0.1016E-02
 Side 1  free  transition at x/c =  0.5626   44
 Side 2  free  transition at x/c =  0.0151   15

  12   rms: 0.5792E+04   max: 0.1127E+06   T at   97  2   RLX: 0.000
       a = -4.000      CL = -1.7729
      Cm =  0.4552     CD =*********   =>   CDf =  0.00285    CDp =*********

 MRCHDU: Convergence failed at  16  side 2    Res =  0.9767E-03
 Side 1  free  transition at x/c =  0.5626   44
 Side 2  free  transition at x/c =  0.0151   15

  13   rms: 0.7708E+04   max: -.1938E+06   T at  100  2   RLX: 0.000
       a = -4.000      CL = -1.7730
      Cm =  0.4553     CD =*********   =>   CDf =  0.00285    CDp =*********

 MRCHDU: Convergence failed at  16  side 2    Res =  0.9538E-03
 Side 1  free  transition at x/c =  0.5626   44
 Side 2  free  transition at x/c =  0.0151   15

  14   rms: 0.9899E+04   max: -.2599E+06   T at  100  2   RLX: 0.000
       a = -4.000      CL = -1.7730
      Cm =  0.4553     CD =*********   =>   CDf =  0.00285    CDp =*********

 MRCHDU: Convergence failed at  16  side 2    Res =  0.9406E-03
 Side 1  free  transition at x/c =  0.5626   44
 Side 2  free  transition at x/c =  0.0151   15

  15   rms: 0.8231E+04   max: -.2117E+06   T at  100  2   RLX: 0.000
       a = -4.000      CL = -1.7730
      Cm =  0.4553     CD =*********   =>   CDf =  0.00285    CDp =*********

 MRCHDU: Convergence failed at  16  side 2    Res =  0.9332E-03
 Side 1  free  transition at x/c =  0.5626   44
 Side 2  free  transition at x/c =  0.0151   15

  16   rms: 0.4414E+04   max: -.9281E+05   T at  100  2   RLX: 0.000
       a = -4.000      CL = -1.7730
      Cm =  0.4553     CD =*********   =>   CDf =  0.00285    CDp =*********

 MRCHDU: Convergence failed at  16  side 2    Res =  0.9294E-03
 Side 1  free  transition at x/c =  0.5626   44
 Side 2  free  transition at x/c =  0.0151   15

  17   rms: 0.3075E+04   max: -.5076E+05   T at  102  2   RLX: 0.000
       a = -4.000      CL = -1.7730
      Cm =  0.4553     CD =*********   =>   CDf =  0.00285    CDp =*********

 MRCHDU: Convergence failed at  16  side 2    Res =  0.9291E-03
 Side 1  free  transition at x/c =  0.5626   44
 Side 2  free  transition at x/c =  0.0151   15

  18   rms: 0.4550E+04   max: -.8867E+05   T at  102  2   RLX: 0.000
       a = -4.000      CL = -1.7729
      Cm =  0.4553     CD =*********   =>   CDf =  0.00285    CDp =*********

 MRCHDU: Convergence failed at  16  side 2    Res =  0.9294E-03
 Side 1  free  transition at x/c =  0.5626   44
 Side 2  free  transition at x/c =  0.0151   15

  19   rms: 0.6423E+04   max: -.1230E+06   T at  102  2   RLX: 0.000
       a = -4.000      CL = -1.7729
      Cm =  0.4553     CD =*********   =>   CDf =  0.00285    CDp =*********

 MRCHDU: Convergence failed at  16  side 2    Res =  0.9297E-03
 Side 1  free  transition at x/c =  0.5626   44
 Side 2  free  transition at x/c =  0.0151   15

  20   rms: 0.6325E+04   max: 0.1519E+06   T at   95  2   RLX: 0.000
       a = -4.000      CL = -1.7729
      Cm =  0.4553     CD =*********   =>   CDf =  0.00285    CDp =*********

 MRCHDU: Convergence failed at  16  side 2    Res =  0.9301E-03
 Side 1  free  transition at x/c =  0.5626   44
 Side 2  free  transition at x/c =  0.0151   15

  21   rms: 0.1008E+05   max: 0.2370E+06   T at  102  2   RLX: 0.000
       a = -4.000      CL = -1.7729
      Cm =  0.4553     CD =*********   =>   CDf =  0.00285    CDp =*********

 MRCHDU: Convergence failed at  16  side 2    Res =  0.9307E-03
 Side 1  free  transition at x/c =  0.5626   44
 Side 2  free  transition at x/c =  0.0151   15

  22   rms: 0.9091E+04   max: 0.2293E+06   T at  102  2   RLX: 0.000
       a = -4.000      CL = -1.7729
      Cm =  0.4552     CD =*********   =>   CDf =  0.00285    CDp =*********

 MRCHDU: Convergence failed at  16  side 2    Res =  0.9316E-03
 Side 1  free  transition at x/c =  0.5626   44
 Side 2  free  transition at x/c =  0.0151   15

  23   rms: 0.4694E+04   max: 0.1077E+06   T at  102  2   RLX: 0.000
       a = -4.000      CL = -1.7728
      Cm =  0.4552     CD =*********   =>   CDf =  0.00285    CDp =*********

 MRCHDU: Convergence failed at  16  side 2    Res =  0.9338E-03
 Side 1  free  transition at x/c =  0.5626   44
 Side 2  free  transition at x/c =  0.0151   15

  24   rms: 0.2855E+04   max: 0.4592E+05   T at   93  2   RLX: 0.000
       a = -4.000      CL = -1.7728
      Cm =  0.4552     CD =*********   =>   CDf =  0.00285    CDp =*********

 MRCHDU: Convergence failed at  16  side 2    Res =  0.9366E-03
 Side 1  free  transition at x/c =  0.5626   44
 Side 2  free  transition at x/c =  0.0151   15

  25   rms: 0.3517E+04   max: 0.8336E+05   T at   93  2   RLX: 0.000
       a = -4.000      CL = -1.7727
      Cm =  0.4552     CD =*********   =>   CDf =  0.00285    CDp =*********

 MRCHDU: Convergence failed at  16  side 2    Res =  0.9393E-03
 Side 1  free  transition at x/c =  0.5626   44
 Side 2  free  transition at x/c =  0.0151   15

  26   rms: 0.3800E+04   max: 0.9879E+05   T at   93  2   RLX: 0.000
       a = -4.000      CL = -1.7727
      Cm =  0.4552     CD =*********   =>   CDf =  0.00285    CDp =*********

 MRCHDU: Convergence failed at  16  side 2    Res =  0.9418E-03
 Side 1  free  transition at x/c =  0.5626   44
 Side 2  free  transition at x/c =  0.0151   15

  27   rms: 0.3751E+04   max: 0.7935E+05   T at   97  2   RLX: 0.000
       a = -4.000      CL = -1.7726
      Cm =  0.4552     CD =*********   =>   CDf =  0.00285    CDp =*********

 MRCHDU: Convergence failed at  16  side 2    Res =  0.9456E-03
 Side 1  free  transition at x/c =  0.5626   44
 Side 2  free  transition at x/c =  0.0151   15

  28   rms: 0.2427E+04   max: 0.3722E+05   T at   97  2   RLX: 0.000
       a = -4.000      CL = -1.7726
      Cm =  0.4552     CD =*********   =>   CDf =  0.00285    CDp =*********

 MRCHDU: Convergence failed at  16  side 2    Res =  0.9528E-03
 Side 1  free  transition at x/c =  0.5626   44
 Side 2  free  transition at x/c =  0.0151   15

  29   rms: 0.3073E+04   max: -.6160E+05   T at  102  2   RLX: 0.000
       a = -4.000      CL = -1.7725
      Cm =  0.4551     CD =*********   =>   CDf =  0.00285    CDp =*********

 MRCHDU: Convergence failed at  16  side 2    Res =  0.9601E-03
 Side 1  free  transition at x/c =  0.5626   44
 Side 2  free  transition at x/c =  0.0151   15

  30   rms: 0.4531E+04   max: -.1028E+06   T at  102  2   RLX: 0.000
       a = -4.000      CL = -1.7725
      Cm =  0.4551     CD =*********   =>   CDf =  0.00285    CDp =*********

 MRCHDU: Convergence failed at  16  side 2    Res =  0.9670E-03
 Side 1  free  transition at x/c =  0.5626   44
 Side 2  free  transition at x/c =  0.0151   15

  31   rms: 0.6257E+04   max: -.1515E+06   T at  102  2   RLX: 0.000
       a = -4.000      CL = -1.7725
      Cm =  0.4551     CD =*********   =>   CDf =  0.00285    CDp =*********

 MRCHDU: Convergence failed at  16  side 2    Res =  0.9735E-03
 Side 1  free  transition at x/c =  0.5626   44
 Side 2  free  transition at x/c =  0.0151   15

  32   rms: 0.7128E+04   max: -.1756E+06   T at  102  2   RLX: 0.000
       a = -4.000      CL = -1.7724
      Cm =  0.4551     CD =*********   =>   CDf =  0.00285    CDp =*********

 MRCHDU: Convergence failed at  16  side 2    Res =  0.9806E-03
 Side 1  free  transition at x/c =  0.5626   44
 Side 2  free  transition at x/c =  0.0151   15

  33   rms: 0.5328E+04   max: -.1194E+06   T at  102  2   RLX: 0.000
       a = -4.000      CL = -1.7724
      Cm =  0.4551     CD =*********   =>   CDf =  0.00285    CDp =*********

 MRCHDU: Convergence failed at  16  side 2    Res =  0.9936E-03
 Side 1  free  transition at x/c =  0.5626   44
 Side 2  free  transition at x/c =  0.0151   15

  34   rms: 0.2857E+04   max: 0.6080E+05   T at   91  2   RLX: 0.000
       a = -4.000      CL = -1.7722
      Cm =  0.4550     CD =*********   =>   CDf =  0.00285    CDp =*********

 MRCHDU: Convergence failed at  16  side 2    Res =  0.1042E-02
 Side 1  free  transition at x/c =  0.5626   44
 Side 2  free  transition at x/c =  0.0151   15

  35   rms: 0.2738E+04   max: 0.6357E+05   T at   91  2   RLX: 0.000
       a = -4.000      CL = -1.7718
      Cm =  0.4548     CD =*********   =>   CDf =  0.00285    CDp =*********

 MRCHDU: Convergence failed at  16  side 2    Res =  0.1170E-02
 Side 1  free  transition at x/c =  0.5626   44
 Side 2  free  transition at x/c =  0.0151   15

  36   rms: 0.3971E+04   max: 0.1001E+06   T at   95  2   RLX: 0.000
       a = -4.000      CL = -1.7715
      Cm =  0.4547     CD =*********   =>   CDf =  0.00285    CDp =*********

 MRCHDU: Convergence failed at  16  side 2    Res =  0.1273E-02
 Side 1  free  transition at x/c =  0.5626   44
 Side 2  free  transition at x/c =  0.0151   15

  37   rms: 0.3245E+04   max: 0.7487E+05   T at   95  2   RLX: 0.000
       a = -4.000      CL = -1.7712
      Cm =  0.4545     CD =*********   =>   CDf =  0.00285    CDp =*********

 MRCHDU: Convergence failed at  16  side 2    Res =  0.1396E-02
 Side 1  free  transition at x/c =  0.5626   44
 Side 2  free  transition at x/c =  0.0151   15

  38   rms: 0.4540E+04   max: 0.1134E+06   T at  102  2   RLX: 0.000
       a = -4.000      CL = -1.7710
      Cm =  0.4544     CD =*********   =>   CDf =  0.00285    CDp =*********

 MRCHDU: Convergence failed at  16  side 2    Res =  0.1466E-02
 Side 1  free  transition at x/c =  0.5626   44
 Side 2  free  transition at x/c =  0.0151   15

  39   rms: 0.1133E+05   max: 0.3043E+06   T at  102  2   RLX: 0.000
       a = -4.000      CL = -1.7710
      Cm =  0.4544     CD =*********   =>   CDf =  0.00285    CDp =*********

 MRCHDU: Convergence failed at  16  side 2    Res =  0.1491E-02
 Side 1  free  transition at x/c =  0.5626   44
 Side 2  free  transition at x/c =  0.0151   15

  40   rms: 0.1211E+05   max: 0.3252E+06   T at  102  2   RLX: 0.000
       a = -4.000      CL = -1.7709
      Cm =  0.4544     CD =*********   =>   CDf =  0.00285    CDp =*********

 MRCHDU: Convergence failed at  16  side 2    Res =  0.1513E-02
 Side 1  free  transition at x/c =  0.5626   44
 Side 2  free  transition at x/c =  0.0151   15

  41   rms: 0.6480E+04   max: 0.1664E+06   T at  102  2   RLX: 0.000
       a = -4.000      CL = -1.7708
      Cm =  0.4543     CD =*********   =>   CDf =  0.00285    CDp =*********

 MRCHDU: Convergence failed at  16  side 2    Res =  0.1555E-02
 Side 1  free  transition at x/c =  0.5626   44
 Side 2  free  transition at x/c =  0.0151   15

  42   rms: 0.3324E+04   max: -.6756E+05   T at   93  2   RLX: 0.000
       a = -4.000      CL = -1.7707
      Cm =  0.4543     CD =*********   =>   CDf =  0.00285    CDp =*********

 MRCHDU: Convergence failed at  16  side 2    Res =  0.1589E-02
 Side 1  free  transition at x/c =  0.5626   44
 Side 2  free  transition at x/c =  0.0151   15

  43   rms: 0.3177E+04   max: -.8562E+05   T at   93  2   RLX: 0.000
       a = -4.000      CL = -1.7706
      Cm =  0.4542     CD =*********   =>   CDf =  0.00285    CDp =*********

 MRCHDU: Convergence failed at  16  side 2    Res =  0.1615E-02
 Side 1  free  transition at x/c =  0.5626   44
 Side 2  free  transition at x/c =  0.0151   15

  44   rms: 0.3180E+04   max: -.5882E+05   T at   93  2   RLX: 0.000
       a = -4.000      CL = -1.7705
      Cm =  0.4542     CD =*********   =>   CDf =  0.00285    CDp =*********

 MRCHDU: Convergence failed at  16  side 2    Res =  0.1651E-02
 Side 1  free  transition at x/c =  0.5626   44
 Side 2  free  transition at x/c =  0.0151   15

  45   rms: 0.4316E+04   max: -.1045E+06   T at  102  2   RLX: 0.000
       a = -4.000      CL = -1.7704
      Cm =  0.4542     CD =*********   =>   CDf =  0.00285    CDp =*********

 MRCHDU: Convergence failed at  16  side 2    Res =  0.1670E-02
 Side 1  free  transition at x/c =  0.5626   44
 Side 2  free  transition at x/c =  0.0151   15

  46   rms: 0.7711E+04   max: -.2043E+06   T at  102  2   RLX: 0.000
       a = -4.000      CL = -1.7704
      Cm =  0.4541     CD =*********   =>   CDf =  0.00285    CDp =*********

 MRCHDU: Convergence failed at  16  side 2    Res =  0.1680E-02
 Side 1  free  transition at x/c =  0.5626   44
 Side 2  free  transition at x/c =  0.0151   15

  47   rms: 0.1291E+05   max: -.3482E+06   T at  102  2   RLX: 0.000
       a = -4.000      CL = -1.7704
      Cm =  0.4541     CD =*********   =>   CDf =  0.00285    CDp =*********

 MRCHDU: Convergence failed at  16  side 2    Res =  0.1686E-02
 Side 1  free  transition at x/c =  0.5626   44
 Side 2  free  transition at x/c =  0.0151   15

  48   rms: 0.1577E+05   max: -.4267E+06   T at  102  2   RLX: 0.000
       a = -4.000      CL = -1.7704
      Cm =  0.4541     CD =*********   =>   CDf =  0.00285    CDp =*********

 MRCHDU: Convergence failed at  16  side 2    Res =  0.1690E-02
 Side 1  free  transition at x/c =  0.5626   44
 Side 2  free  transition at x/c =  0.0151   15

  49   rms: 0.1165E+05   max: -.3137E+06   T at  102  2   RLX: 0.000
       a = -4.000      CL = -1.7704
      Cm =  0.4541     CD =*********   =>   CDf =  0.00285    CDp =*********

 MRCHDU: Convergence failed at  16  side 2    Res =  0.1697E-02
 Side 1  free  transition at x/c =  0.5626   44
 Side 2  free  transition at x/c =  0.0151   15

  50   rms: 0.5383E+04   max: -.1397E+06   T at  102  2   RLX: 0.000
       a = -4.000      CL = -1.7703
      Cm =  0.4541     CD =*********   =>   CDf =  0.00285    CDp =*********

 MRCHDU: Convergence failed at  16  side 2    Res =  0.1711E-02
 Side 1  free  transition at x/c =  0.5626   44
 Side 2  free  transition at x/c =  0.0151   15

  51   rms: 0.2105E+04   max: -.3725E+05   T at  102  2   RLX: 0.000
       a = -4.000      CL = -1.7701
      Cm =  0.4540     CD =*********   =>   CDf =  0.00285    CDp =*********

 MRCHDU: Convergence failed at  16  side 2    Res =  0.1764E-02
 Side 1  free  transition at x/c =  0.5626   44
 Side 2  free  transition at x/c =  0.0151   15

  52   rms: 0.1958E+04   max: -.4725E+05   T at   95  2   RLX: 0.000
       a = -4.000      CL = -1.7700
      Cm =  0.4540     CD =*********   =>   CDf =  0.00285    CDp =*********

 MRCHDU: Convergence failed at  16  side 2    Res =  0.1804E-02
 Side 1  free  transition at x/c =  0.5626   44
 Side 2  free  transition at x/c =  0.0151   15

  53   rms: 0.3254E+04   max: -.8665E+05   T at   95  2   RLX: 0.000
       a = -4.000      CL = -1.7700
      Cm =  0.4539     CD =*********   =>   CDf =  0.00285    CDp =*********

 MRCHDU: Convergence failed at  16  side 2    Res =  0.1826E-02
 Side 1  free  transition at x/c =  0.5626   44
 Side 2  free  transition at x/c =  0.0151   15

  54   rms: 0.4721E+04   max: -.1280E+06   T at   95  2   RLX: 0.000
       a = -4.000      CL = -1.7699
      Cm =  0.4539     CD =*********   =>   CDf =  0.00285    CDp =*********

 MRCHDU: Convergence failed at  16  side 2    Res =  0.1841E-02
 Side 1  free  transition at x/c =  0.5626   44
 Side 2  free  transition at x/c =  0.0151   15

  55   rms: 0.4301E+04   max: -.1162E+06   T at   95  2   RLX: 0.000
       a = -4.000      CL = -1.7699
      Cm =  0.4539     CD =*********   =>   CDf =  0.00285    CDp =*********

 MRCHDU: Convergence failed at  16  side 2    Res =  0.1857E-02
 Side 1  free  transition at x/c =  0.5626   44
 Side 2  free  transition at x/c =  0.0151   15

  56   rms: 0.2142E+04   max: -.5452E+05   T at   95  2   RLX: 0.000
       a = -4.000      CL = -1.7697
      Cm =  0.4538     CD =*********   =>   CDf =  0.00285    CDp =*********

 MRCHDU: Convergence failed at  16  side 2    Res =  0.1891E-02
 Side 1  free  transition at x/c =  0.5626   44
 Side 2  free  transition at x/c =  0.0151   15

  57   rms: 0.1064E+04   max: -.2137E+05   T at   97  2   RLX: 0.000
       a = -4.000      CL = -1.7694
      Cm =  0.4537     CD =*********   =>   CDf =  0.00285    CDp =*********

 MRCHDU: Convergence failed at  16  side 2    Res =  0.1978E-02
 Side 1  free  transition at x/c =  0.5626   44
 Side 2  free  transition at x/c =  0.0151   15

  58   rms: 0.1710E+04   max: -.4279E+05   T at   97  2   RLX: 0.000
       a = -4.000      CL = -1.7693
      Cm =  0.4537     CD =*********   =>   CDf =  0.00285    CDp =*********

 MRCHDU: Convergence failed at  16  side 2    Res =  0.2023E-02
 Side 1  free  transition at x/c =  0.5626   44
 Side 2  free  transition at x/c =  0.0151   15

  59   rms: 0.3154E+04   max: -.8317E+05   T at   97  2   RLX: 0.000
       a = -4.000      CL = -1.7693
      Cm =  0.4536     CD =*********   =>   CDf =  0.00285    CDp =*********

 MRCHDU: Convergence failed at  16  side 2    Res =  0.2047E-02
 Side 1  free  transition at x/c =  0.5626   44
 Side 2  free  transition at x/c =  0.0151   15

  60   rms: 0.5545E+04   max: -.1496E+06   T at   97  2   RLX: 0.000
       a = -4.000      CL = -1.7693
      Cm =  0.4536     CD =*********   =>   CDf =  0.00285    CDp =*********

 MRCHDU: Convergence failed at  16  side 2    Res =  0.2061E-02
 Side 1  free  transition at x/c =  0.5626   44
 Side 2  free  transition at x/c =  0.0151   15

  61   rms: 0.7727E+04   max: -.2099E+06   T at   97  2   RLX: 0.000
       a = -4.000      CL = -1.7692
      Cm =  0.4536     CD =*********   =>   CDf =  0.00285    CDp =*********

 MRCHDU: Convergence failed at  16  side 2    Res =  0.2071E-02
 Side 1  free  transition at x/c =  0.5626   44
 Side 2  free  transition at x/c =  0.0151   15

  62   rms: 0.6598E+04   max: -.1785E+06   T at   97  2   RLX: 0.000
       a = -4.000      CL = -1.7692
      Cm =  0.4536     CD =*********   =>   CDf =  0.00285    CDp =*********

 MRCHDU: Convergence failed at  16  side 2    Res =  0.2083E-02
 Side 1  free  transition at x/c =  0.5626   44
 Side 2  free  transition at x/c =  0.0151   15

  63   rms: 0.3190E+04   max: -.8233E+05   T at   97  2   RLX: 0.000
       a = -4.000      CL = -1.7691
      Cm =  0.4536     CD =*********   =>   CDf =  0.00285    CDp =*********

 MRCHDU: Convergence failed at  16  side 2    Res =  0.2109E-02
 Side 1  free  transition at x/c =  0.5626   44
 Side 2  free  transition at x/c =  0.0151   15

  64   rms: 0.1176E+04   max: -.2109E+05   T at   97  2   RLX: 0.000
       a = -4.000      CL = -1.7687
      Cm =  0.4534     CD =*********   =>   CDf =  0.00285    CDp =*********

 MRCHDU: Convergence failed at  16  side 2    Res =  0.2216E-02
 Side 1  free  transition at x/c =  0.5626   44
 Side 2  free  transition at x/c =  0.0151   15

  65   rms: 0.5679E+03   max: 0.8915E+04   T at   80  2   RLX: 0.000
       a = -4.000      CL = -1.7666
      Cm =  0.4525     CD =*********   =>   CDf =  0.00285    CDp =*********

 MRCHDU: Convergence failed at  16  side 2    Res =  0.2862E-02
 Side 1  free  transition at x/c =  0.5627   44
 Side 2  free  transition at x/c =  0.0151   15

  66   rms: 0.2434E+03   max: -.3123E+04   T at   80  2   RLX: 0.000
       a = -4.000      CL = -1.7681
      Cm =  0.4531     CD =*********   =>   CDf =  0.00285    CDp =*********

 MRCHDU: Convergence failed at  16  side 2    Res =  0.2559E-02
 Side 1  free  transition at x/c =  0.5626   44
 Side 2  free  transition at x/c =  0.0151   15

  67   rms: 0.2644E+03   max: 0.2975E+04   T at   80  2   RLX: 0.000
       a = -4.000      CL = -1.7662
      Cm =  0.4523     CD =*********   =>   CDf =  0.00285    CDp =*********

 MRCHDU: Convergence failed at  16  side 2    Res =  0.3006E-02
 Side 1  free  transition at x/c =  0.5626   44
 Side 2  free  transition at x/c =  0.0151   15

  68   rms: 0.3874E+03   max: 0.6326E+04   T at  105  2   RLX: 0.000
       a = -4.000      CL = -1.7671
      Cm =  0.4526     CD =*********   =>   CDf =  0.00285    CDp =*********

 MRCHDU: Convergence failed at  16  side 2    Res =  0.2821E-02
 Side 1  free  transition at x/c =  0.5626   44
 Side 2  free  transition at x/c =  0.0151   15

  69   rms: 0.1592E+04   max: 0.3963E+05   T at  105  2   RLX: 0.000
       a = -4.000      CL = -1.7667
      Cm =  0.4524     CD =*********   =>   CDf =  0.00285    CDp =*********

 MRCHDU: Convergence failed at  16  side 2    Res =  0.2938E-02
 Side 1  free  transition at x/c =  0.5626   44
 Side 2  free  transition at x/c =  0.0151   15

  70   rms: 0.1034E+05   max: 0.2789E+06   T at  105  2   RLX: 0.000
       a = -4.000      CL = -1.7669
      Cm =  0.4525     CD =*********   =>   CDf =  0.00285    CDp =*********

 MRCHDU: Convergence failed at  16  side 2    Res =  0.2892E-02
 Side 1  free  transition at x/c =  0.5626   44
 Side 2  free  transition at x/c =  0.0151   15

  71   rms: 0.3248E+05   max: 0.8822E+06   T at  105  2   RLX: 0.000
       a = -4.000      CL = -1.7669
      Cm =  0.4526     CD =*********   =>   CDf =  0.00285    CDp =*********

 MRCHDU: Convergence failed at  16  side 2    Res =  0.2869E-02
 Side 1  free  transition at x/c =  0.5626   44
 Side 2  free  transition at x/c =  0.0151   15

  72   rms: 0.4151E+05   max: 0.1127E+07   T at  105  2   RLX: 0.000
       a = -4.000      CL = -1.7670
      Cm =  0.4526     CD =*********   =>   CDf =  0.00285    CDp =*********

 MRCHDU: Convergence failed at  16  side 2    Res =  0.2829E-02
 Side 1  free  transition at x/c =  0.5626   44
 Side 2  free  transition at x/c =  0.0151   15

  73   rms: 0.3028E+05   max: 0.8213E+06   T at  105  2   RLX: 0.000
       a = -4.000      CL = -1.7671
      Cm =  0.4527     CD =*********   =>   CDf =  0.00285    CDp =*********

 MRCHDU: Convergence failed at  16  side 2    Res =  0.2781E-02
 Side 1  free  transition at x/c =  0.5626   44
 Side 2  free  transition at x/c =  0.0151   15

  74   rms: 0.1569E+05   max: 0.4206E+06   T at  105  2   RLX: 0.000
       a = -4.000      CL = -1.7673
      Cm =  0.4527     CD =*********   =>   CDf =  0.00285    CDp =*********

 MRCHDU: Convergence failed at  16  side 2    Res =  0.2719E-02
 Side 1  free  transition at x/c =  0.5626   44
 Side 2  free  transition at x/c =  0.0151   15

  75   rms: 0.8187E+04   max: 0.1894E+06   T at  105  2   RLX: 0.000
       a = -4.000      CL = -1.7675
      Cm =  0.4528     CD =*********   =>   CDf =  0.00285    CDp =*********

 MRCHDU: Convergence failed at  16  side 2    Res =  0.2641E-02
 Side 1  free  transition at x/c =  0.5626   44
 Side 2  free  transition at x/c =  0.0151   15

  76   rms: 0.1358E+05   max: 0.3614E+06   T at  103  2   RLX: 0.000
       a = -4.000      CL = -1.7675
      Cm =  0.4528     CD =*********   =>   CDf =  0.00285    CDp =*********

 MRCHDU: Convergence failed at  16  side 2    Res =  0.2624E-02
 Side 1  free  transition at x/c =  0.5626   44
 Side 2  free  transition at x/c =  0.0151   15

  77   rms: 0.3050E+05   max: 0.8293E+06   T at  103  2   RLX: 0.000
       a = -4.000      CL = -1.7674
      Cm =  0.4528     CD =*********   =>   CDf =  0.00285    CDp =*********

 MRCHDU: Convergence failed at  16  side 2    Res =  0.2622E-02
 Side 1  free  transition at x/c =  0.5626   44
 Side 2  free  transition at x/c =  0.0151   15

  78   rms: 0.2991E+05   max: 0.8130E+06   T at  103  2   RLX: 0.000
       a = -4.000      CL = -1.7674
      Cm =  0.4528     CD =*********   =>   CDf =  0.00285    CDp =*********

 MRCHDU: Convergence failed at  16  side 2    Res =  0.2626E-02
 Side 1  free  transition at x/c =  0.5626   44
 Side 2  free  transition at x/c =  0.0151   15

  79   rms: 0.1554E+05   max: 0.4182E+06   T at  103  2   RLX: 0.000
       a = -4.000      CL = -1.7674
      Cm =  0.4528     CD =*********   =>   CDf =  0.00285    CDp =*********

 MRCHDU: Convergence failed at  16  side 2    Res =  0.2641E-02
 Side 1  free  transition at x/c =  0.5626   44
 Side 2  free  transition at x/c =  0.0151   15

  80   rms: 0.7267E+04   max: 0.1772E+06   T at  103  2   RLX: 0.000
       a = -4.000      CL = -1.7673
      Cm =  0.4527     CD =*********   =>   CDf =  0.00285    CDp =*********

 MRCHDU: Convergence failed at  16  side 2    Res =  0.2674E-02
 Side 1  free  transition at x/c =  0.5626   44
 Side 2  free  transition at x/c =  0.0151   15

  81   rms: 0.7477E+04   max: -.1795E+06   T at  105  2   RLX: 0.000
       a = -4.000      CL = -1.7672
      Cm =  0.4527     CD =*********   =>   CDf =  0.00285    CDp =*********

 MRCHDU: Convergence failed at  16  side 2    Res =  0.2701E-02
 Side 1  free  transition at x/c =  0.5626   44
 Side 2  free  transition at x/c =  0.0151   15

  82   rms: 0.1423E+05   max: -.3776E+06   T at  105  2   RLX: 0.000
       a = -4.000      CL = -1.7672
      Cm =  0.4527     CD =*********   =>   CDf =  0.00285    CDp =*********

 MRCHDU: Convergence failed at  16  side 2    Res =  0.2721E-02
 Side 1  free  transition at x/c =  0.5626   44
 Side 2  free  transition at x/c =  0.0151   15

  83   rms: 0.2876E+05   max: -.7774E+06   T at  105  2   RLX: 0.000
       a = -4.000      CL = -1.7671
      Cm =  0.4527     CD =*********   =>   CDf =  0.00285    CDp =*********

 MRCHDU: Convergence failed at  16  side 2    Res =  0.2734E-02
 Side 1  free  transition at x/c =  0.5626   44
 Side 2  free  transition at x/c =  0.0151   15

  84   rms: 0.5265E+05   max: -.1429E+07   T at  105  2   RLX: 0.000
       a = -4.000      CL = -1.7671
      Cm =  0.4527     CD =*********   =>   CDf =  0.00285    CDp =*********

 MRCHDU: Convergence failed at  16  side 2    Res =  0.2742E-02
 Side 1  free  transition at x/c =  0.5626   44
 Side 2  free  transition at x/c =  0.0151   15

  85   rms: 0.6886E+05   max: -.1871E+07   T at  105  2   RLX: 0.000
       a = -4.000      CL = -1.7671
      Cm =  0.4527     CD =*********   =>   CDf =  0.00285    CDp =*********

 MRCHDU: Convergence failed at  16  side 2    Res =  0.2747E-02
 Side 1  free  transition at x/c =  0.5626   44
 Side 2  free  transition at x/c =  0.0151   15

  86   rms: 0.5345E+05   max: -.1452E+07   T at  105  2   RLX: 0.000
       a = -4.000      CL = -1.7671
      Cm =  0.4527     CD =*********   =>   CDf =  0.00285    CDp =*********

 MRCHDU: Convergence failed at  16  side 2    Res =  0.2750E-02
 Side 1  free  transition at x/c =  0.5626   44
 Side 2  free  transition at x/c =  0.0151   15

  87   rms: 0.2754E+05   max: -.7468E+06   T at  105  2   RLX: 0.000
       a = -4.000      CL = -1.7671
      Cm =  0.4527     CD =*********   =>   CDf =  0.00285    CDp =*********

 MRCHDU: Convergence failed at  16  side 2    Res =  0.2752E-02
 Side 1  free  transition at x/c =  0.5626   44
 Side 2  free  transition at x/c =  0.0151   15

  88   rms: 0.1005E+05   max: -.2671E+06   T at  105  2   RLX: 0.000
       a = -4.000      CL = -1.7671
      Cm =  0.4527     CD =*********   =>   CDf =  0.00285    CDp =*********

 MRCHDU: Convergence failed at  16  side 2    Res =  0.2752E-02
 Side 1  free  transition at x/c =  0.5626   44
 Side 2  free  transition at x/c =  0.0151   15

  89   rms: 0.3019E+04   max: -.6048E+05   T at  105  2   RLX: 0.000
       a = -4.000      CL = -1.7671
      Cm =  0.4527     CD =*********   =>   CDf =  0.00285    CDp =*********

 MRCHDU: Convergence failed at  16  side 2    Res =  0.2749E-02
 Side 1  free  transition at x/c =  0.5626   44
 Side 2  free  transition at x/c =  0.0151   15

  90   rms: 0.2224E+04   max: 0.4805E+05   T at  101  2   RLX: 0.000
       a = -4.000      CL = -1.7670
      Cm =  0.4526     CD =*********   =>   CDf =  0.00285    CDp =*********

 MRCHDU: Convergence failed at  16  side 2    Res =  0.2738E-02
 Side 1  free  transition at x/c =  0.5626   44
 Side 2  free  transition at x/c =  0.0151   15

  91   rms: 0.8879E+04   max: 0.2407E+06   T at  101  2   RLX: 0.000
       a = -4.000      CL = -1.7670
      Cm =  0.4526     CD =*********   =>   CDf =  0.00285    CDp =*********

 MRCHDU: Convergence failed at  16  side 2    Res =  0.2737E-02
 Side 1  free  transition at x/c =  0.5626   44
 Side 2  free  transition at x/c =  0.0151   15

  92   rms: 0.1779E+05   max: 0.4839E+06   T at  101  2   RLX: 0.000
       a = -4.000      CL = -1.7670
      Cm =  0.4526     CD =*********   =>   CDf =  0.00285    CDp =*********

 MRCHDU: Convergence failed at  16  side 2    Res =  0.2738E-02
 Side 1  free  transition at x/c =  0.5626   44
 Side 2  free  transition at x/c =  0.0151   15

  93   rms: 0.1465E+05   max: 0.3982E+06   T at  101  2   RLX: 0.000
       a = -4.000      CL = -1.7670
      Cm =  0.4526     CD =*********   =>   CDf =  0.00285    CDp =*********

 MRCHDU: Convergence failed at  16  side 2    Res =  0.2741E-02
 Side 1  free  transition at x/c =  0.5626   44
 Side 2  free  transition at x/c =  0.0151   15

  94   rms: 0.7018E+04   max: 0.1898E+06   T at  101  2   RLX: 0.000
       a = -4.000      CL = -1.7669
      Cm =  0.4526     CD =*********   =>   CDf =  0.00285    CDp =*********

 MRCHDU: Convergence failed at  16  side 2    Res =  0.2748E-02
 Side 1  free  transition at x/c =  0.5626   44
 Side 2  free  transition at x/c =  0.0151   15

  95   rms: 0.3003E+04   max: 0.7823E+05   T at  101  2   RLX: 0.000
       a = -4.000      CL = -1.7668
      Cm =  0.4526     CD =*********   =>   CDf =  0.00285    CDp =*********

 MRCHDU: Convergence failed at  16  side 2    Res =  0.2768E-02
 Side 1  free  transition at x/c =  0.5626   44
 Side 2  free  transition at x/c =  0.0151   15

  96   rms: 0.1681E+04   max: 0.3153E+05   T at  101  2   RLX: 0.000
       a = -4.000      CL = -1.7667
      Cm =  0.4525     CD =*********   =>   CDf =  0.00285    CDp =*********

 MRCHDU: Convergence failed at  16  side 2    Res =  0.2794E-02
 Side 1  free  transition at x/c =  0.5626   44
 Side 2  free  transition at x/c =  0.0151   15

  97   rms: 0.2428E+04   max: -.4379E+05   T at  103  2   RLX: 0.000
       a = -4.000      CL = -1.7667
      Cm =  0.4525     CD =*********   =>   CDf =  0.00285    CDp =*********

 MRCHDU: Convergence failed at  16  side 2    Res =  0.2806E-02
 Side 1  free  transition at x/c =  0.5626   44
 Side 2  free  transition at x/c =  0.0151   15

  98   rms: 0.4733E+04   max: -.8353E+05   T at  103  2   RLX: 0.000
       a = -4.000      CL = -1.7666
      Cm =  0.4525     CD =*********   =>   CDf =  0.00285    CDp =*********

 MRCHDU: Convergence failed at  16  side 2    Res =  0.2808E-02
 Side 1  free  transition at x/c =  0.5626   44
 Side 2  free  transition at x/c =  0.0151   15

  99   rms: 0.7353E+04   max: -.1413E+06   T at  103  2   RLX: 0.000
       a = -4.000      CL = -1.7667
      Cm =  0.4525     CD =*********   =>   CDf =  0.00285    CDp =*********

 MRCHDU: Convergence failed at  16  side 2    Res =  0.2800E-02
 Side 1  free  transition at x/c =  0.5626   44
 Side 2  free  transition at x/c =  0.0151   15

 100   rms: 0.1041E+05   max: 0.2056E+06   T at   98  2   RLX: 0.000
       a = -4.000      CL = -1.7667
      Cm =  0.4525     CD =*********   =>   CDf =  0.00285    CDp =*********

 MRCHDU: Convergence failed at  16  side 2    Res =  0.2785E-02
 Side 1  free  transition at x/c =  0.5626   44
 Side 2  free  transition at x/c =  0.0151   15

 101   rms: 0.1048E+05   max: 0.2507E+06   T at   98  2   RLX: 0.000
       a = -4.000      CL = -1.7668
      Cm =  0.4526     CD =*********   =>   CDf =  0.00285    CDp =*********

 MRCHDU: Convergence failed at  16  side 2    Res =  0.2751E-02
 Side 1  free  transition at x/c =  0.5626   44
 Side 2  free  transition at x/c =  0.0151   15

 102   rms: 0.1292E+05   max: 0.2589E+06   T at  103  2   RLX: 0.000
       a = -4.000      CL = -1.7669
      Cm =  0.4526     CD =*********   =>   CDf =  0.00285    CDp =*********

 MRCHDU: Convergence failed at  16  side 2    Res =  0.2692E-02
 Side 1  free  transition at x/c =  0.5626   44
 Side 2  free  transition at x/c =  0.0151   15

 103   rms: 0.1443E+05   max: 0.3660E+06   T at  103  2   RLX: 0.000
       a = -4.000      CL = -1.7669
      Cm =  0.4527     CD =*********   =>   CDf =  0.00285    CDp =*********

 MRCHDU: Convergence failed at  16  side 2    Res =  0.2667E-02
 Side 1  free  transition at x/c =  0.5626   44
 Side 2  free  transition at x/c =  0.0151   15

 104   rms: 0.7536E+04   max: 0.1796E+06   T at  103  2   RLX: 0.000
       a = -4.000      CL = -1.7670
      Cm =  0.4527     CD =*********   =>   CDf =  0.00285    CDp =*********

 MRCHDU: Convergence failed at  16  side 2    Res =  0.2635E-02
 Side 1  free  transition at x/c =  0.5626   44
 Side 2  free  transition at x/c =  0.0151   15

 105   rms: 0.3642E+04   max: 0.7779E+05   T at  103  2   RLX: 0.000
       a = -4.000      CL = -1.7670
      Cm =  0.4527     CD =*********   =>   CDf =  0.00285    CDp =*********

 MRCHDU: Convergence failed at  16  side 2    Res =  0.2599E-02
 Side 1  free  transition at x/c =  0.5626   44
 Side 2  free  transition at x/c =  0.0151   15

 106   rms: 0.1834E+04   max: 0.3231E+05   T at  103  2   RLX: 0.000
       a = -4.000      CL = -1.7670
      Cm =  0.4527     CD =*********   =>   CDf =  0.00285    CDp =*********

 MRCHDU: Convergence failed at  16  side 2    Res =  0.2583E-02
 Side 1  free  transition at x/c =  0.5626   44
 Side 2  free  transition at x/c =  0.0151   15

 107   rms: 0.1747E+04   max: -.3704E+05   T at  101  2   RLX: 0.000
       a = -4.000      CL = -1.7669
      Cm =  0.4527     CD =*********   =>   CDf =  0.00285    CDp =*********

 MRCHDU: Convergence failed at  16  side 2    Res =  0.2579E-02
 Side 1  free  transition at x/c =  0.5626   44
 Side 2  free  transition at x/c =  0.0151   15

 108   rms: 0.2893E+04   max: -.7318E+05   T at  101  2   RLX: 0.000
       a = -4.000      CL = -1.7669
      Cm =  0.4527     CD =*********   =>   CDf =  0.00285    CDp =*********

 MRCHDU: Convergence failed at  16  side 2    Res =  0.2578E-02
 Side 1  free  transition at x/c =  0.5626   44
 Side 2  free  transition at x/c =  0.0151   15

 109   rms: 0.5370E+04   max: -.1427E+06   T at  101  2   RLX: 0.000
       a = -4.000      CL = -1.7669
      Cm =  0.4527     CD =*********   =>   CDf =  0.00285    CDp =*********

 MRCHDU: Convergence failed at  16  side 2    Res =  0.2578E-02
 Side 1  free  transition at x/c =  0.5626   44
 Side 2  free  transition at x/c =  0.0151   15

 110   rms: 0.9774E+04   max: -.2637E+06   T at  101  2   RLX: 0.000
       a = -4.000      CL = -1.7669
      Cm =  0.4527     CD =*********   =>   CDf =  0.00285    CDp =*********

 MRCHDU: Convergence failed at  16  side 2    Res =  0.2577E-02
 Side 1  free  transition at x/c =  0.5626   44
 Side 2  free  transition at x/c =  0.0151   15

 111   rms: 0.1504E+05   max: -.4077E+06   T at  101  2   RLX: 0.000
       a = -4.000      CL = -1.7669
      Cm =  0.4527     CD =*********   =>   CDf =  0.00285    CDp =*********

 MRCHDU: Convergence failed at  16  side 2    Res =  0.2578E-02
 Side 1  free  transition at x/c =  0.5626   44
 Side 2  free  transition at x/c =  0.0151   15

 112   rms: 0.1545E+05   max: -.4186E+06   T at  101  2   RLX: 0.000
       a = -4.000      CL = -1.7669
      Cm =  0.4527     CD =*********   =>   CDf =  0.00285    CDp =*********

 MRCHDU: Convergence failed at  16  side 2    Res =  0.2578E-02
 Side 1  free  transition at x/c =  0.5626   44
 Side 2  free  transition at x/c =  0.0151   15

 113   rms: 0.9474E+04   max: -.2542E+06   T at  101  2   RLX: 0.000
       a = -4.000      CL = -1.7669
      Cm =  0.4527     CD =*********   =>   CDf =  0.00285    CDp =*********

 MRCHDU: Convergence failed at  16  side 2    Res =  0.2579E-02
 Side 1  free  transition at x/c =  0.5626   44
 Side 2  free  transition at x/c =  0.0151   15

 114   rms: 0.3850E+04   max: -.9302E+05   T at  101  2   RLX: 0.000
       a = -4.000      CL = -1.7669
      Cm =  0.4527     CD =*********   =>   CDf =  0.00285    CDp =*********

 MRCHDU: Convergence failed at  16  side 2    Res =  0.2582E-02
 Side 1  free  transition at x/c =  0.5626   44
 Side 2  free  transition at x/c =  0.0151   15

 115   rms: 0.2563E+04   max: 0.6386E+05   T at   96  2   RLX: 0.000
       a = -4.000      CL = -1.7668
      Cm =  0.4527     CD =*********   =>   CDf =  0.00285    CDp =*********

 MRCHDU: Convergence failed at  16  side 2    Res =  0.2593E-02
 Side 1  free  transition at x/c =  0.5626   44
 Side 2  free  transition at x/c =  0.0151   15

 116   rms: 0.6159E+04   max: 0.1672E+06   T at   96  2   RLX: 0.000
       a = -4.000      CL = -1.7667
      Cm =  0.4527     CD =*********   =>   CDf =  0.00285    CDp =*********

 MRCHDU: Convergence failed at  16  side 2    Res =  0.2596E-02
 Side 1  free  transition at x/c =  0.5626   44
 Side 2  free  transition at x/c =  0.0151   15

 117   rms: 0.5590E+04   max: 0.1514E+06   T at   96  2   RLX: 0.000
       a = -4.000      CL = -1.7667
      Cm =  0.4526     CD =*********   =>   CDf =  0.00285    CDp =*********

 MRCHDU: Convergence failed at  16  side 2    Res =  0.2595E-02
 Side 1  free  transition at x/c =  0.5626   44
 Side 2  free  transition at x/c =  0.0151   15

 118   rms: 0.2837E+04   max: 0.7414E+05   T at   96  2   RLX: 0.000
       a = -4.000      CL = -1.7667
      Cm =  0.4526     CD =*********   =>   CDf =  0.00285    CDp =*********

 MRCHDU: Convergence failed at  16  side 2    Res =  0.2591E-02
 Side 1  free  transition at x/c =  0.5626   44
 Side 2  free  transition at x/c =  0.0151   15

 119   rms: 0.1357E+04   max: 0.3087E+05   T at   96  2   RLX: 0.000
       a = -4.000      CL = -1.7665
      Cm =  0.4526     CD =*********   =>   CDf =  0.00285    CDp =*********

 MRCHDU: Convergence failed at  16  side 2    Res =  0.2584E-02
 Side 1  free  transition at x/c =  0.5626   44
 Side 2  free  transition at x/c =  0.0151   15

 120   rms: 0.9862E+03   max: -.1537E+05   T at   98  2   RLX: 0.000
       a = -4.000      CL = -1.7665
      Cm =  0.4526     CD =*********   =>   CDf =  0.00285    CDp =*********

 MRCHDU: Convergence failed at  16  side 2    Res =  0.2585E-02
 Side 1  free  transition at x/c =  0.5626   44
 Side 2  free  transition at x/c =  0.0151   15

 121   rms: 0.1499E+04   max: -.3025E+05   T at   98  2   RLX: 0.000
       a = -4.000      CL = -1.7664
      Cm =  0.4526     CD =*********   =>   CDf =  0.00285    CDp =*********

 MRCHDU: Convergence failed at  16  side 2    Res =  0.2592E-02
 Side 1  free  transition at x/c =  0.5626   44
 Side 2  free  transition at x/c =  0.0151   15

 122   rms: 0.2610E+04   max: -.5916E+05   T at   98  2   RLX: 0.000
       a = -4.000      CL = -1.7663
      Cm =  0.4525     CD =*********   =>   CDf =  0.00285    CDp =*********

 MRCHDU: Convergence failed at  16  side 2    Res =  0.2605E-02
 Side 1  free  transition at x/c =  0.5626   44
 Side 2  free  transition at x/c =  0.0151   15

 123   rms: 0.4592E+04   max: -.1129E+06   T at   98  2   RLX: 0.000
       a = -4.000      CL = -1.7663
      Cm =  0.4525     CD =*********   =>   CDf =  0.00285    CDp =*********

 MRCHDU: Convergence failed at  16  side 2    Res =  0.2621E-02
 Side 1  free  transition at x/c =  0.5626   44
 Side 2  free  transition at x/c =  0.0151   15

 124   rms: 0.7497E+04   max: -.1943E+06   T at   98  2   RLX: 0.000
       a = -4.000      CL = -1.7662
      Cm =  0.4525     CD =*********   =>   CDf =  0.00285    CDp =*********

 MRCHDU: Convergence failed at  16  side 2    Res =  0.2637E-02
 Side 1  free  transition at x/c =  0.5626   44
 Side 2  free  transition at x/c =  0.0151   15

 125   rms: 0.9215E+04   max: -.2431E+06   T at   98  2   RLX: 0.000
       a = -4.000      CL = -1.7662
      Cm =  0.4525     CD =*********   =>   CDf =  0.00285    CDp =*********

 MRCHDU: Convergence failed at  16  side 2    Res =  0.2650E-02
 Side 1  free  transition at x/c =  0.5626   44
 Side 2  free  transition at x/c =  0.0151   15

 126   rms: 0.6891E+04   max: -.1720E+06   T at   98  2   RLX: 0.000
       a = -4.000      CL = -1.7662
      Cm =  0.4525     CD =*********   =>   CDf =  0.00285    CDp =*********

 MRCHDU: Convergence failed at  16  side 2    Res =  0.2659E-02
 Side 1  free  transition at x/c =  0.5626   44
 Side 2  free  transition at x/c =  0.0151   15

 127   rms: 0.3955E+04   max: 0.7873E+05   T at   94  2   RLX: 0.000
       a = -4.000      CL = -1.7661
      Cm =  0.4525     CD =*********   =>   CDf =  0.00285    CDp =*********

 MRCHDU: Convergence failed at  16  side 2    Res =  0.2667E-02
 Side 1  free  transition at x/c =  0.5626   44
 Side 2  free  transition at x/c =  0.0151   15

 128   rms: 0.3898E+04   max: 0.1055E+06   T at   94  2   RLX: 0.000
       a = -4.000      CL = -1.7661
      Cm =  0.4525     CD =*********   =>   CDf =  0.00285    CDp =*********

 MRCHDU: Convergence failed at  16  side 2    Res =  0.2669E-02
 Side 1  free  transition at x/c =  0.5626   44
 Side 2  free  transition at x/c =  0.0151   15

 129   rms: 0.3196E+04   max: 0.8456E+05   T at   94  2   RLX: 0.000
       a = -4.000      CL = -1.7661
      Cm =  0.4525     CD =*********   =>   CDf =  0.00285    CDp =*********

 MRCHDU: Convergence failed at  16  side 2    Res =  0.2667E-02
 Side 1  free  transition at x/c =  0.5626   44
 Side 2  free  transition at x/c =  0.0151   15

 130   rms: 0.2135E+04   max: 0.3961E+05   T at   94  2   RLX: 0.000
       a = -4.000      CL = -1.7660
      Cm =  0.4524     CD =*********   =>   CDf =  0.00285    CDp =*********

 MRCHDU: Convergence failed at  16  side 2    Res =  0.2661E-02
 Side 1  free  transition at x/c =  0.5626   44
 Side 2  free  transition at x/c =  0.0151   15

 131   rms: 0.4141E+04   max: 0.7949E+05   T at  101  2   RLX: 0.000
       a = -4.000      CL = -1.7660
      Cm =  0.4524     CD =*********   =>   CDf =  0.00285    CDp =*********

 MRCHDU: Convergence failed at  16  side 2    Res =  0.2655E-02
 Side 1  free  transition at x/c =  0.5626   44
 Side 2  free  transition at x/c =  0.0151   15

 132   rms: 0.8441E+04   max: 0.1609E+06   T at  101  2   RLX: 0.000
       a = -4.000      CL = -1.7660
      Cm =  0.4524     CD =*********   =>   CDf =  0.00285    CDp =*********

 MRCHDU: Convergence failed at  16  side 2    Res =  0.2648E-02
 Side 1  free  transition at x/c =  0.5626   44
 Side 2  free  transition at x/c =  0.0151   15

 133   rms: 0.8957E+04   max: 0.2410E+06   T at   98  2   RLX: 0.000
       a = -4.000      CL = -1.7659
      Cm =  0.4524     CD =*********   =>   CDf =  0.00285    CDp =*********

 MRCHDU: Convergence failed at  16  side 2    Res =  0.2651E-02
 Side 1  free  transition at x/c =  0.5626   44
 Side 2  free  transition at x/c =  0.0151   15

 134   rms: 0.1016E+05   max: -.1884E+06   T at  101  2   RLX: 0.000
       a = -4.000      CL = -1.7659
      Cm =  0.4524     CD =*********   =>   CDf =  0.00285    CDp =*********

 MRCHDU: Convergence failed at  16  side 2    Res =  0.2653E-02
 Side 1  free  transition at x/c =  0.5626   44
 Side 2  free  transition at x/c =  0.0151   15

 135   rms: 0.9501E+04   max: -.1983E+06   T at  101  2   RLX: 0.000
       a = -4.000      CL = -1.7659
      Cm =  0.4524     CD =*********   =>   CDf =  0.00285    CDp =*********

 MRCHDU: Convergence failed at  16  side 2    Res =  0.2655E-02
 Side 1  free  transition at x/c =  0.5626   44
 Side 2  free  transition at x/c =  0.0151   15

 136   rms: 0.6340E+04   max: -.1059E+06   T at  101  2   RLX: 0.000
       a = -4.000      CL = -1.7659
      Cm =  0.4524     CD =*********   =>   CDf =  0.00285    CDp =*********

 MRCHDU: Convergence failed at  16  side 2    Res =  0.2657E-02
 Side 1  free  transition at x/c =  0.5626   44
 Side 2  free  transition at x/c =  0.0151   15

 137   rms: 0.3835E+04   max: 0.6922E+05   T at   99  2   RLX: 0.000
       a = -4.000      CL = -1.7658
      Cm =  0.4524     CD =*********   =>   CDf =  0.00285    CDp =*********

 MRCHDU: Convergence failed at  16  side 2    Res =  0.2663E-02
 Side 1  free  transition at x/c =  0.5626   44
 Side 2  free  transition at x/c =  0.0151   15

 138   rms: 0.1926E+04   max: 0.3560E+05   T at   99  2   RLX: 0.000
       a = -4.000      CL = -1.7657
      Cm =  0.4524     CD =*********   =>   CDf =  0.00285    CDp =*********

 MRCHDU: Convergence failed at  16  side 2    Res =  0.2676E-02
 Side 1  free  transition at x/c =  0.5626   44
 Side 2  free  transition at x/c =  0.0151   15

 139   rms: 0.1139E+04   max: -.2067E+05   T at   96  2   RLX: 0.000
       a = -4.000      CL = -1.7656
      Cm =  0.4523     CD =*********   =>   CDf =  0.00285    CDp =*********

 MRCHDU: Convergence failed at  16  side 2    Res =  0.2684E-02
 Side 1  free  transition at x/c =  0.5626   44
 Side 2  free  transition at x/c =  0.0151   15

 140   rms: 0.1641E+04   max: -.4073E+05   T at   96  2   RLX: 0.000
       a = -4.000      CL = -1.7656
      Cm =  0.4523     CD =*********   =>   CDf =  0.00285    CDp =*********

 MRCHDU: Convergence failed at  16  side 2    Res =  0.2690E-02
 Side 1  free  transition at x/c =  0.5626   44
 Side 2  free  transition at x/c =  0.0151   15

 141   rms: 0.2920E+04   max: -.7785E+05   T at   96  2   RLX: 0.000
       a = -4.000      CL = -1.7656
      Cm =  0.4523     CD =*********   =>   CDf =  0.00285    CDp =*********

 MRCHDU: Convergence failed at  16  side 2    Res =  0.2692E-02
 Side 1  free  transition at x/c =  0.5626   44
 Side 2  free  transition at x/c =  0.0151   15

 142   rms: 0.4876E+04   max: -.1322E+06   T at   96  2   RLX: 0.000
       a = -4.000      CL = -1.7655
      Cm =  0.4523     CD =*********   =>   CDf =  0.00285    CDp =*********

 MRCHDU: Convergence failed at  16  side 2    Res =  0.2694E-02
 Side 1  free  transition at x/c =  0.5626   44
 Side 2  free  transition at x/c =  0.0151   15

 143   rms: 0.5916E+04   max: -.1608E+06   T at   96  2   RLX: 0.000
       a = -4.000      CL = -1.7655
      Cm =  0.4523     CD =*********   =>   CDf =  0.00285    CDp =*********

 MRCHDU: Convergence failed at  16  side 2    Res =  0.2695E-02
 Side 1  free  transition at x/c =  0.5626   44
 Side 2  free  transition at x/c =  0.0151   15

 144   rms: 0.4116E+04   max: -.1111E+06   T at   96  2   RLX: 0.000
       a = -4.000      CL = -1.7655
      Cm =  0.4523     CD =*********   =>   CDf =  0.00285    CDp =*********

 MRCHDU: Convergence failed at  16  side 2    Res =  0.2695E-02
 Side 1  free  transition at x/c =  0.5626   44
 Side 2  free  transition at x/c =  0.0151   15

 145   rms: 0.1655E+04   max: -.4124E+05   T at   96  2   RLX: 0.000
       a = -4.000      CL = -1.7655
      Cm =  0.4523     CD =*********   =>   CDf =  0.00285    CDp =*********

 MRCHDU: Convergence failed at  16  side 2    Res =  0.2694E-02
 Side 1  free  transition at x/c =  0.5626   44
 Side 2  free  transition at x/c =  0.0151   15

 146   rms: 0.8088E+03   max: -.1185E+05   T at   99  2   RLX: 0.000
       a = -4.000      CL = -1.7654
      Cm =  0.4523     CD =*********   =>   CDf =  0.00285    CDp =*********

 MRCHDU: Convergence failed at  16  side 2    Res =  0.2693E-02
 Side 1  free  transition at x/c =  0.5626   44
 Side 2  free  transition at x/c =  0.0151   15

 147   rms: 0.1261E+04   max: -.2328E+05   T at   99  2   RLX: 0.000
       a = -4.000      CL = -1.7653
      Cm =  0.4523     CD =*********   =>   CDf =  0.00285    CDp =*********

 MRCHDU: Convergence failed at  16  side 2    Res =  0.2695E-02
 Side 1  free  transition at x/c =  0.5626   44
 Side 2  free  transition at x/c =  0.0151   15

 148   rms: 0.2333E+04   max: -.4534E+05   T at   99  2   RLX: 0.000
       a = -4.000      CL = -1.7653
      Cm =  0.4522     CD =*********   =>   CDf =  0.00285    CDp =*********

 MRCHDU: Convergence failed at  16  side 2    Res =  0.2697E-02
 Side 1  free  transition at x/c =  0.5626   44
 Side 2  free  transition at x/c =  0.0151   15

 149   rms: 0.4275E+04   max: -.8475E+05   T at   99  2   RLX: 0.000
       a = -4.000      CL = -1.7652
      Cm =  0.4522     CD =*********   =>   CDf =  0.00285    CDp =*********

 MRCHDU: Convergence failed at  16  side 2    Res =  0.2699E-02
 Side 1  free  transition at x/c =  0.5626   44
 Side 2  free  transition at x/c =  0.0151   15

 150   rms: 0.7138E+04   max: -.1375E+06   T at   98  2   RLX: 0.000
       a = -4.000      CL = -1.7652
      Cm =  0.4522     CD =*********   =>   CDf =  0.00285    CDp =*********

 MRCHDU: Convergence failed at  16  side 2    Res =  0.2699E-02
 Side 1  free  transition at x/c =  0.5626   44
 Side 2  free  transition at x/c =  0.0151   15

 151   rms: 0.9298E+04   max: -.2240E+06   T at   98  2   RLX: 0.000
       a = -4.000      CL = -1.7652
      Cm =  0.4522     CD =*********   =>   CDf =  0.00285    CDp =*********

 MRCHDU: Convergence failed at  16  side 2    Res =  0.2697E-02
 Side 1  free  transition at x/c =  0.5626   44
 Side 2  free  transition at x/c =  0.0151   15

 152   rms: 0.9625E+04   max: -.2572E+06   T at   98  2   RLX: 0.000
       a = -4.000      CL = -1.7652
      Cm =  0.4522     CD =*********   =>   CDf =  0.00285    CDp =*********

 MRCHDU: Convergence failed at  16  side 2    Res =  0.2696E-02
 Side 1  free  transition at x/c =  0.5626   44
 Side 2  free  transition at x/c =  0.0151   15

 153   rms: 0.9679E+04   max: 0.1987E+06   T at   99  2   RLX: 0.000
       a = -4.000      CL = -1.7652
      Cm =  0.4522     CD =*********   =>   CDf =  0.00285    CDp =*********

 MRCHDU: Convergence failed at  16  side 2    Res =  0.2695E-02
 Side 1  free  transition at x/c =  0.5626   44
 Side 2  free  transition at x/c =  0.0151   15

 154   rms: 0.8678E+04   max: 0.2263E+06   T at   99  2   RLX: 0.000
       a = -4.000      CL = -1.7652
      Cm =  0.4522     CD =*********   =>   CDf =  0.00285    CDp =*********

 MRCHDU: Convergence failed at  16  side 2    Res =  0.2700E-02
 Side 1  free  transition at x/c =  0.5626   44
 Side 2  free  transition at x/c =  0.0151   15

 155   rms: 0.4417E+04   max: 0.1165E+06   T at   99  2   RLX: 0.000
       a = -4.000      CL = -1.7651
      Cm =  0.4522     CD =*********   =>   CDf =  0.00285    CDp =*********

 MRCHDU: Convergence failed at  16  side 2    Res =  0.2719E-02
 Side 1  free  transition at x/c =  0.5626   44
 Side 2  free  transition at x/c =  0.0151   15

 156   rms: 0.2068E+04   max: 0.4533E+05   T at   99  2   RLX: 0.000
       a = -4.000      CL = -1.7647
      Cm =  0.4520     CD =*********   =>   CDf =  0.00285    CDp =*********

 MRCHDU: Convergence failed at  16  side 2    Res =  0.2820E-02
 Side 1  free  transition at x/c =  0.5626   44
 Side 2  free  transition at x/c =  0.0151   15

 157   rms: 0.2739E+04   max: 0.6945E+05   T at   92  2   RLX: 0.000
       a = -4.000      CL = -1.7637
      Cm =  0.4516     CD =*********   =>   CDf =  0.00285    CDp =*********

 MRCHDU: Convergence failed at  16  side 2    Res =  0.3172E-02
 Side 1  free  transition at x/c =  0.5626   44
 Side 2  free  transition at x/c =  0.0151   15

 158   rms: 0.2104E+04   max: 0.4062E+05   T at   92  2   RLX: 0.000
       a = -4.000      CL = -1.7651
      Cm =  0.4521     CD =*********   =>   CDf =  0.00285    CDp =*********

 MRCHDU: Convergence failed at  16  side 2    Res =  0.2848E-02
 Side 1  free  transition at x/c =  0.5626   44
 Side 2  free  transition at x/c =  0.0151   15

 159   rms: 0.1795E+04   max: 0.4262E+05   T at   92  2   RLX: 0.000
       a = -4.000      CL = -1.7638
      Cm =  0.4515     CD =*********   =>   CDf =  0.00285    CDp =*********

 MRCHDU: Convergence failed at  16  side 2    Res =  0.3253E-02
 Side 1  free  transition at x/c =  0.5626   44
 Side 2  free  transition at x/c =  0.0151   15

 160   rms: 0.2833E+04   max: 0.5151E+05   T at   80  2   RLX: 0.000
       a = -4.000      CL = -1.7633
      Cm =  0.4512     CD =*********   =>   CDf =  0.00285    CDp =*********

 MRCHDU: Convergence failed at  16  side 2    Res =  0.3671E-02
 Side 1  free  transition at x/c =  0.5626   44
 Side 2  free  transition at x/c =  0.0152   15

 161   rms: 0.2221E+04   max: -.5621E+05   T at   99  2   RLX: 0.000
       a = -4.000      CL = -1.7643
      Cm =  0.4515     CD =*********   =>   CDf =  0.00285    CDp =*********

 MRCHDU: Convergence failed at  16  side 2    Res =  0.3586E-02
 Side 1  free  transition at x/c =  0.5626   44
 Side 2  free  transition at x/c =  0.0152   15

 162   rms: 0.3860E+04   max: -.1010E+06   T at   99  2   RLX: 0.000
       a = -4.000      CL = -1.7645
      Cm =  0.4516     CD =*********   =>   CDf =  0.00285    CDp =*********

 MRCHDU: Convergence failed at  16  side 2    Res =  0.3512E-02
 Side 1  free  transition at x/c =  0.5626   44
 Side 2  free  transition at x/c =  0.0151   15

 163   rms: 0.5274E+04   max: -.1316E+06   T at   99  2   RLX: 0.000
       a = -4.000      CL = -1.7648
      Cm =  0.4517     CD =*********   =>   CDf =  0.00285    CDp =*********

 MRCHDU: Convergence failed at  16  side 2    Res =  0.3382E-02
 Side 1  free  transition at x/c =  0.5626   44
 Side 2  free  transition at x/c =  0.0151   15

 164   rms: 0.1111E+05   max: -.2986E+06   T at   99  2   RLX: 0.000
       a = -4.000      CL = -1.7646
      Cm =  0.4516     CD =*********   =>   CDf =  0.00285    CDp =*********

 MRCHDU: Convergence failed at  16  side 2    Res =  0.3429E-02
 Side 1  free  transition at x/c =  0.5626   44
 Side 2  free  transition at x/c =  0.0151   15

 165   rms: 0.9833E+04   max: -.2508E+06   T at   99  2   RLX: 0.000
       a = -4.000      CL = -1.7643
      Cm =  0.4515     CD =*********   =>   CDf =  0.00285    CDp =*********

 MRCHDU: Convergence failed at  16  side 2    Res =  0.3541E-02
 Side 1  free  transition at x/c =  0.5626   44
 Side 2  free  transition at x/c =  0.0151   15

 166   rms: 0.2684E+04   max: -.5163E+05   T at   80  2   RLX: 0.000
       a = -4.000      CL = -1.7653
      Cm =  0.4519     CD =*********   =>   CDf =  0.00285    CDp =*********

 MRCHDU: Convergence failed at  16  side 2    Res =  0.3198E-02
 Side 1  free  transition at x/c =  0.5626   44
 Side 2  free  transition at x/c =  0.0151   15

 167   rms: 0.1074E+04   max: -.2338E+05   T at   99  2   RLX: 0.000
       a = -4.000      CL = -1.7650
      Cm =  0.4517     CD =*********   =>   CDf =  0.00285    CDp =*********

 MRCHDU: Convergence failed at  16  side 2    Res =  0.3328E-02
 Side 1  free  transition at x/c =  0.5626   44
 Side 2  free  transition at x/c =  0.0151   15

 168   rms: 0.7041E+03   max: 0.1080E+05   T at   98  2   RLX: 0.000
       a = -4.000      CL = -1.7634
      Cm =  0.4510     CD =*********   =>   CDf =  0.00285    CDp =*********

 MRCHDU: Convergence failed at  16  side 2    Res =  0.3837E-02
 Side 1  free  transition at x/c =  0.5626   44
 Side 2  free  transition at x/c =  0.0152   15

 169   rms: 0.4107E+04   max: 0.7598E+05   T at   80  2   RLX: 0.000
       a = -4.000      CL = -1.7616
      Cm =  0.4500     CD =*********   =>   CDf =  0.00285    CDp =*********

 MRCHDU: Convergence failed at  16  side 2    Res =  0.4743E-02
 Side 1  free  transition at x/c =  0.5627   44
 Side 2  free  transition at x/c =  0.0152   15

 170   rms: 0.4965E+04   max: 0.1344E+06   T at   98  2   RLX: 0.000
       a = -4.000      CL = -1.7666
      Cm =  0.4514     CD =*********   =>   CDf =  0.00285    CDp =*********

 MRCHDU: Convergence failed at  16  side 2    Res =  0.4717E-02
 Side 1  free  transition at x/c =  0.5627   44
 Side 2  free  transition at x/c =  0.0152   15

 171   rms: 0.7300E+04   max: 0.1984E+06   T at   98  2   RLX: 0.000
       a = -4.000      CL = -1.7666
      Cm =  0.4514     CD =*********   =>   CDf =  0.00285    CDp =*********

 MRCHDU: Convergence failed at  16  side 2    Res =  0.4702E-02
 Side 1  free  transition at x/c =  0.5627   44
 Side 2  free  transition at x/c =  0.0152   15

 172   rms: 0.4648E+04   max: 0.1257E+06   T at   98  2   RLX: 0.000
       a = -4.000      CL = -1.7666
      Cm =  0.4514     CD =*********   =>   CDf =  0.00285    CDp =*********

 MRCHDU: Convergence failed at  16  side 2    Res =  0.4680E-02
 Side 1  free  transition at x/c =  0.5627   44
 Side 2  free  transition at x/c =  0.0152   15

 173   rms: 0.2106E+04   max: 0.5521E+05   T at   98  2   RLX: 0.000
       a = -4.000      CL = -1.7667
      Cm =  0.4514     CD =*********   =>   CDf =  0.00285    CDp =*********

 MRCHDU: Convergence failed at  16  side 2    Res =  0.4631E-02
 Side 1  free  transition at x/c =  0.5627   44
 Side 2  free  transition at x/c =  0.0152   15

 174   rms: 0.9692E+03   max: 0.2242E+05   T at   98  2   RLX: 0.000
       a = -4.000      CL = -1.7668
      Cm =  0.4515     CD =*********   =>   CDf =  0.00285    CDp =*********

 MRCHDU: Convergence failed at  16  side 2    Res =  0.4510E-02
 Side 1  free  transition at x/c =  0.5627   44
 Side 2  free  transition at x/c =  0.0152   15

 175   rms: 0.6674E+03   max: -.9362E+04   T at   94  2   RLX: 0.000
       a = -4.000      CL = -1.7669
      Cm =  0.4516     CD =*********   =>   CDf =  0.00285    CDp =*********

 MRCHDU: Convergence failed at  16  side 2    Res =  0.4403E-02
 Side 1  free  transition at x/c =  0.5626   44
 Side 2  free  transition at x/c =  0.0152   15

 176   rms: 0.1105E+04   max: 0.2168E+05   T at   96  2   RLX: 0.000
       a = -4.000      CL = -1.7670
      Cm =  0.4516     CD =*********   =>   CDf =  0.00285    CDp =*********

 MRCHDU: Convergence failed at  16  side 2    Res =  0.4329E-02
 Side 1  free  transition at x/c =  0.5626   44
 Side 2  free  transition at x/c =  0.0152   15

 177   rms: 0.2084E+04   max: 0.4376E+05   T at   96  2   RLX: 0.000
       a = -4.000      CL = -1.7671
      Cm =  0.4516     CD =*********   =>   CDf =  0.00285    CDp =*********

 MRCHDU: Convergence failed at  16  side 2    Res =  0.4269E-02
 Side 1  free  transition at x/c =  0.5626   44
 Side 2  free  transition at x/c =  0.0152   15

 178   rms: 0.2858E+04   max: -.5756E+05   T at   94  2   RLX: 0.000
       a = -4.000      CL = -1.7672
      Cm =  0.4517     CD =*********   =>   CDf =  0.00285    CDp =*********

 MRCHDU: Convergence failed at  16  side 2    Res =  0.4198E-02
 Side 1  free  transition at x/c =  0.5626   44
 Side 2  free  transition at x/c =  0.0152   15

 179   rms: 0.9270E+04   max: -.1789E+06   T at   94  2   RLX: 0.000
       a = -4.000      CL = -1.7663
      Cm =  0.4513     CD =*********   =>   CDf =  0.00285    CDp =*********

 MRCHDU: Convergence failed at  16  side 2    Res =  0.4495E-02
 Side 1  free  transition at x/c =  0.5626   44
 Side 2  free  transition at x/c =  0.0152   15

 180   rms: 0.3585E+04   max: -.7913E+05   T at   96  2   RLX: 0.000
       a = -4.000      CL = -1.7670
      Cm =  0.4515     CD =*********   =>   CDf =  0.00285    CDp =*********

 MRCHDU: Convergence failed at  16  side 2    Res =  0.4480E-02
 Side 1  free  transition at x/c =  0.5626   44
 Side 2  free  transition at x/c =  0.0152   15

 181   rms: 0.2525E+04   max: -.5962E+05   T at   96  2   RLX: 0.000
       a = -4.000      CL = -1.7670
      Cm =  0.4515     CD =*********   =>   CDf =  0.00285    CDp =*********

 MRCHDU: Convergence failed at  16  side 2    Res =  0.4460E-02
 Side 1  free  transition at x/c =  0.5626   44
 Side 2  free  transition at x/c =  0.0152   15

 182   rms: 0.1092E+04   max: -.2056E+05   T at   96  2   RLX: 0.000
       a = -4.000      CL = -1.7671
      Cm =  0.4516     CD =*********   =>   CDf =  0.00285    CDp =*********

 MRCHDU: Convergence failed at  16  side 2    Res =  0.4394E-02
 Side 1  free  transition at x/c =  0.5626   44
 Side 2  free  transition at x/c =  0.0152   15

 183   rms: 0.4995E+03   max: -.6695E+04   T at   98  2   RLX: 0.000
       a = -4.000      CL = -1.7677
      Cm =  0.4519     CD =*********   =>   CDf =  0.00285    CDp =*********

 MRCHDU: Convergence failed at  16  side 2    Res =  0.4092E-02
 Side 1  free  transition at x/c =  0.5626   44
 Side 2  free  transition at x/c =  0.0152   15

 184   rms: 0.6739E+03   max: -.1442E+05   T at   98  2   RLX: 0.000
       a = -4.000      CL = -1.7675
      Cm =  0.4518     CD =*********   =>   CDf =  0.00285    CDp =*********

 MRCHDU: Convergence failed at  16  side 2    Res =  0.4166E-02
 Side 1  free  transition at x/c =  0.5626   44
 Side 2  free  transition at x/c =  0.0152   15

 185   rms: 0.1173E+04   max: -.2848E+05   T at   98  2   RLX: 0.000
       a = -4.000      CL = -1.7674
      Cm =  0.4517     CD =*********   =>   CDf =  0.00285    CDp =*********

 MRCHDU: Convergence failed at  16  side 2    Res =  0.4212E-02
 Side 1  free  transition at x/c =  0.5626   44
 Side 2  free  transition at x/c =  0.0152   15

 186   rms: 0.2167E+04   max: -.5645E+05   T at   98  2   RLX: 0.000
       a = -4.000      CL = -1.7674
      Cm =  0.4517     CD =*********   =>   CDf =  0.00285    CDp =*********

 MRCHDU: Convergence failed at  16  side 2    Res =  0.4239E-02
 Side 1  free  transition at x/c =  0.5626   44
 Side 2  free  transition at x/c =  0.0152   15

 187   rms: 0.4057E+04   max: -.1089E+06   T at   98  2   RLX: 0.000
       a = -4.000      CL = -1.7674
      Cm =  0.4517     CD =*********   =>   CDf =  0.00285    CDp =*********

 MRCHDU: Convergence failed at  16  side 2    Res =  0.4255E-02
 Side 1  free  transition at x/c =  0.5626   44
 Side 2  free  transition at x/c =  0.0152   15

 188   rms: 0.6976E+04   max: -.1892E+06   T at   98  2   RLX: 0.000
       a = -4.000      CL = -1.7673
      Cm =  0.4517     CD =*********   =>   CDf =  0.00285    CDp =*********

 MRCHDU: Convergence failed at  16  side 2    Res =  0.4264E-02
 Side 1  free  transition at x/c =  0.5626   44
 Side 2  free  transition at x/c =  0.0152   15

 189   rms: 0.8962E+04   max: -.2437E+06   T at   98  2   RLX: 0.000
       a = -4.000      CL = -1.7673
      Cm =  0.4517     CD =*********   =>   CDf =  0.00285    CDp =*********

 MRCHDU: Convergence failed at  16  side 2    Res =  0.4271E-02
 Side 1  free  transition at x/c =  0.5626   44
 Side 2  free  transition at x/c =  0.0152   15

 190   rms: 0.6965E+04   max: -.1889E+06   T at   98  2   RLX: 0.000
       a = -4.000      CL = -1.7673
      Cm =  0.4517     CD =*********   =>   CDf =  0.00285    CDp =*********

 MRCHDU: Convergence failed at  16  side 2    Res =  0.4277E-02
 Side 1  free  transition at x/c =  0.5626   44
 Side 2  free  transition at x/c =  0.0152   15

 191   rms: 0.3262E+04   max: -.8636E+05   T at   98  2   RLX: 0.000
       a = -4.000      CL = -1.7673
      Cm =  0.4516     CD =*********   =>   CDf =  0.00285    CDp =*********

 MRCHDU: Convergence failed at  16  side 2    Res =  0.4290E-02
 Side 1  free  transition at x/c =  0.5626   44
 Side 2  free  transition at x/c =  0.0152   15

 192   rms: 0.1139E+04   max: -.2334E+05   T at   98  2   RLX: 0.000
       a = -4.000      CL = -1.7671
      Cm =  0.4516     CD =*********   =>   CDf =  0.00285    CDp =*********

 MRCHDU: Convergence failed at  16  side 2    Res =  0.4341E-02
 Side 1  free  transition at x/c =  0.5626   44
 Side 2  free  transition at x/c =  0.0152   15

 193   rms: 0.6449E+03   max: 0.1367E+05   T at  103  2   RLX: 0.000
       a = -4.000      CL = -1.7655
      Cm =  0.4510     CD =*********   =>   CDf =  0.00285    CDp =*********

 MRCHDU: Convergence failed at  16  side 2    Res =  0.4762E-02
 Side 1  free  transition at x/c =  0.5626   44
 Side 2  free  transition at x/c =  0.0152   15

 194   rms: 0.3237E+03   max: 0.5355E+04   T at  103  2   RLX: 0.000
       a = -4.000      CL = -1.7667
      Cm =  0.4514     CD =*********   =>   CDf =  0.00285    CDp =*********

 MRCHDU: Convergence failed at  16  side 2    Res =  0.4563E-02
 Side 1  free  transition at x/c =  0.5626   44
 Side 2  free  transition at x/c =  0.0152   15

 195   rms: 0.6628E+03   max: 0.1470E+05   T at   99  2   RLX: 0.000
       a = -4.000      CL = -1.7675
      Cm =  0.4517     CD =*********   =>   CDf =  0.00285    CDp =*********

 MRCHDU: Convergence failed at  16  side 2    Res =  0.4186E-02
 Side 1  free  transition at x/c =  0.5626   44
 Side 2  free  transition at x/c =  0.0152   15

 196   rms: 0.4141E+04   max: 0.1082E+06   T at   99  2   RLX: 0.000
       a = -4.000      CL = -1.7677
      Cm =  0.4517     CD =*********   =>   CDf =  0.00285    CDp =*********

 MRCHDU: Convergence failed at  16  side 2    Res =  0.4191E-02
 Side 1  free  transition at x/c =  0.5626   44
 Side 2  free  transition at x/c =  0.0152   15

 197   rms: 0.1061E+05   max: 0.2861E+06   T at   99  2   RLX: 0.000
       a = -4.000      CL = -1.7677
      Cm =  0.4517     CD =*********   =>   CDf =  0.00285    CDp =*********

 MRCHDU: Convergence failed at  16  side 2    Res =  0.4193E-02
 Side 1  free  transition at x/c =  0.5626   44
 Side 2  free  transition at x/c =  0.0152   15

 198   rms: 0.1127E+05   max: 0.3046E+06   T at   99  2   RLX: 0.000
       a = -4.000      CL = -1.7677
      Cm =  0.4517     CD =*********   =>   CDf =  0.00285    CDp =*********

 MRCHDU: Convergence failed at  16  side 2    Res =  0.4195E-02
 Side 1  free  transition at x/c =  0.5626   44
 Side 2  free  transition at x/c =  0.0152   15

 199   rms: 0.6294E+04   max: 0.1615E+06   T at   99  2   RLX: 0.000
       a = -4.000      CL = -1.7677
      Cm =  0.4517     CD =*********   =>   CDf =  0.00285    CDp =*********

 MRCHDU: Convergence failed at  16  side 2    Res =  0.4199E-02
 Side 1  free  transition at x/c =  0.5626   44
 Side 2  free  transition at x/c =  0.0152   15

 200   rms: 0.2627E+04   max: 0.7015E+05   T at   99  2   RLX: 0.000
       a = -4.000      CL = -1.7676
      Cm =  0.4517     CD =*********   =>   CDf =  0.00285    CDp =*********

 MRCHDU: Convergence failed at  16  side 2    Res =  0.4208E-02
 Side 1  free  transition at x/c =  0.5626   44
 Side 2  free  transition at x/c =  0.0152   15

 201   rms: 0.1078E+04   max: 0.2842E+05   T at   99  2   RLX: 0.000
       a = -4.000      CL = -1.7674
      Cm =  0.4516     CD =*********   =>   CDf =  0.00285    CDp =*********

 MRCHDU: Convergence failed at  16  side 2    Res =  0.4231E-02
 Side 1  free  transition at x/c =  0.5626   44
 Side 2  free  transition at x/c =  0.0152   15

 202   rms: 0.4651E+03   max: 0.1154E+05   T at   99  2   RLX: 0.000
Note: The following floating-point exceptions are signalling: IEEE_UNDERFLOW_FLAG IEEE_DENORMAL
       a = -4.000      CL = -1.7669
      Cm =  0.4515     CD =*********   =>   CDf =  0.00285    CDp =*********

 MRCHDU: Convergence failed at  16  side 2    Res =  0.4282E-02
 Side 1  free  transition at x/c =  0.5626   44
 Side 2  free  transition at x/c =  0.0152   15

 203   rms: 0.2657E+03   max: 0.4825E+04   T at   99  2   RLX: 0.000
       a = -4.000      CL = -1.7663
      Cm =  0.4513     CD =*********   =>   CDf =  0.00285    CDp =*********

 MRCHDU: Convergence failed at  16  side 2    Res =  0.4344E-02
 Side 1  free  transition at x/c =  0.5626   44
 Side 2  free  transition at x/c =  0.0152   15

 204   rms: 0.2974E+03   max: -.5216E+04   T at  103  2   RLX: 0.000
       a = -4.000      CL = -1.7660
      Cm =  0.4512     CD =*********   =>   CDf =  0.00285    CDp =*********

 MRCHDU: Convergence failed at  16  side 2    Res =  0.4380E-02
 Side 1  free  transition at x/c =  0.5626   44
 Side 2  free  transition at x/c =  0.0152   15

 205   rms: 0.4545E+03   max: -.9941E+04   T at  103  2   RLX: 0.000
       a = -4.000      CL = -1.7659
      Cm =  0.4512     CD =*********   =>   CDf =  0.00285    CDp =*********
 VISCAL:  Convergence failed
      9.000    4.3223***********   0.001262   0.001363   0.000101    0.5626     #

 Sequence halted since previous  4 points did not converge
 Last-converged  alpha =   3.000    CL =  -2.18561

.OPERva   c>  
 Polar accumulation disabled

.OPERv   c>  
 XFOIL   c>  